date,TE_8332A.AV_0#
2022-03-27 14:28:54,538.29
2022-03-27 14:28:59,538.29
2022-03-27 14:29:04,541.9450238946074
2022-03-27 14:29:09,538.25
2022-03-27 14:29:14,538.25
2022-03-27 14:29:19,538.25
2022-03-27 14:29:24,538.19
2022-03-27 14:29:29,538.26
2022-03-27 14:29:34,538.19
2022-03-27 14:29:39,538.2
2022-03-27 14:29:44,538.19
2022-03-27 14:29:49,538.19
2022-03-27 14:29:54,541.9008443194604
2022-03-27 14:29:59,538.26
2022-03-27 14:30:04,538.26
2022-03-27 14:30:09,541.8875904469162
2022-03-27 14:30:14,538.29
2022-03-27 14:30:19,538.29
2022-03-27 14:30:24,538.29
2022-03-27 14:30:29,538.36
2022-03-27 14:30:34,538.36
2022-03-27 14:30:39,538.42
2022-03-27 14:30:44,538.42
2022-03-27 14:30:49,538.49
2022-03-27 14:30:54,538.49
2022-03-27 14:30:59,538.52
2022-03-27 14:31:04,538.52
2022-03-27 14:31:09,538.59
2022-03-27 14:31:14,538.59
2022-03-27 14:31:19,538.65
2022-03-27 14:31:24,538.65
2022-03-27 14:31:29,538.71
2022-03-27 14:31:34,541.8124851691663
2022-03-27 14:31:39,538.81
2022-03-27 14:31:44,538.88
2022-03-27 14:31:49,538.88
2022-03-27 14:31:54,538.94
2022-03-27 14:31:59,541.7903953815927
2022-03-27 14:32:04,541.785977424078
2022-03-27 14:32:09,539.1
2022-03-27 14:32:14,539.17
2022-03-27 14:32:19,541.7727235515339
2022-03-27 14:32:24,539.32
2022-03-27 14:32:29,539.39
2022-03-27 14:32:34,541.7594696789897
2022-03-27 14:32:39,541.7550517214751
2022-03-27 14:32:44,541.7506337639603
2022-03-27 14:32:49,539.61
2022-03-27 14:32:54,541.7417978489309
2022-03-27 14:32:59,539.81
2022-03-27 14:33:04,541.7329619339015
2022-03-27 14:33:09,539.9
2022-03-27 14:33:14,539.97
2022-03-27 14:33:19,541.7197080613574
2022-03-27 14:33:24,541.7152901038427
2022-03-27 14:33:29,540.19
2022-03-27 14:33:34,540.19
2022-03-27 14:33:39,540.26
2022-03-27 14:33:44,540.32
2022-03-27 14:33:49,540.35
2022-03-27 14:33:54,541.6887823587545
2022-03-27 14:33:59,540.48
2022-03-27 14:34:04,541.679946443725
2022-03-27 14:34:09,540.57
2022-03-27 14:34:14,540.57
2022-03-27 14:34:19,540.7
2022-03-27 14:34:24,540.7
2022-03-27 14:34:29,541.6578566561516
2022-03-27 14:34:34,541.6534386986368
2022-03-27 14:34:39,541.6490207411221
2022-03-27 14:34:44,540.93
2022-03-27 14:34:49,540.99
2022-03-27 14:34:54,541.05
2022-03-27 14:34:59,541.09
2022-03-27 14:35:04,541.15
2022-03-27 14:35:09,541.6225129960338
2022-03-27 14:35:14,541.28
2022-03-27 14:35:19,541.34
2022-03-27 14:35:24,541.37
2022-03-27 14:35:29,541.5
2022-03-27 14:35:34,541.6004232084604
2022-03-27 14:35:39,541.57
2022-03-27 14:35:44,541.591587293431
2022-03-27 14:35:49,541.5871693359162
2022-03-27 14:35:54,541.66
2022-03-27 14:35:59,541.73
2022-03-27 14:36:04,541.5739154633721
2022-03-27 14:36:09,541.79
2022-03-27 14:36:14,541.86
2022-03-27 14:36:19,541.86
2022-03-27 14:36:24,541.5562436333133
2022-03-27 14:36:29,541.5518256757986
2022-03-27 14:36:34,541.89
2022-03-27 14:36:39,541.95
2022-03-27 14:36:44,541.95
2022-03-27 14:36:49,542.02
2022-03-27 14:36:54,542.02
2022-03-27 14:36:59,541.5253179307103
2022-03-27 14:37:04,542.02
2022-03-27 14:37:09,542.08
2022-03-27 14:37:14,541.5120640581662
2022-03-27 14:37:19,542.08
2022-03-27 14:37:24,542.08
2022-03-27 14:37:29,542.08
2022-03-27 14:37:34,542.02
2022-03-27 14:37:39,542.02
2022-03-27 14:37:44,541.485556313078
2022-03-27 14:37:49,541.96
2022-03-27 14:37:54,541.89
2022-03-27 14:37:59,541.4723024405339
2022-03-27 14:38:04,541.86
2022-03-27 14:38:09,541.8
2022-03-27 14:38:14,541.73
2022-03-27 14:38:19,541.67
2022-03-27 14:38:24,541.61
2022-03-27 14:38:29,541.57
2022-03-27 14:38:34,541.51
2022-03-27 14:38:39,541.45
2022-03-27 14:38:44,541.39
2022-03-27 14:38:49,541.4281228653869
2022-03-27 14:38:54,541.22
2022-03-27 14:38:59,541.16
2022-03-27 14:39:04,541.06
2022-03-27 14:39:09,541.06
2022-03-27 14:39:14,540.87
2022-03-27 14:39:19,541.4016151202986
2022-03-27 14:39:24,540.71
2022-03-27 14:39:29,540.65
2022-03-27 14:39:34,540.55
2022-03-27 14:39:39,541.3839432902397
2022-03-27 14:39:44,541.379525332725
2022-03-27 14:39:49,541.3751073752103
2022-03-27 14:39:54,540.2
2022-03-27 14:39:59,540.07
2022-03-27 14:40:04,541.3618535026662
2022-03-27 14:40:09,541.3574355451515
2022-03-27 14:40:14,539.85
2022-03-27 14:40:19,541.3485996301221
2022-03-27 14:40:24,539.63
2022-03-27 14:40:29,539.56
2022-03-27 14:40:34,539.53
2022-03-27 14:40:39,539.4
2022-03-27 14:40:44,539.34
2022-03-27 14:40:49,541.3220918850338
2022-03-27 14:40:54,539.18
2022-03-27 14:40:59,539.05
2022-03-27 14:41:04,541.3088380124898
2022-03-27 14:41:09,538.89
2022-03-27 14:41:14,541.3000020974604
2022-03-27 14:41:19,541.2955841399456
2022-03-27 14:41:24,538.66
2022-03-27 14:41:29,538.54
2022-03-27 14:41:34,538.44
2022-03-27 14:41:39,538.38
2022-03-27 14:41:44,538.28
2022-03-27 14:41:49,538.15
2022-03-27 14:41:54,538.09
2022-03-27 14:41:59,537.99
2022-03-27 14:42:04,537.93
2022-03-27 14:42:09,541.2514045647986
2022-03-27 14:42:14,537.77
2022-03-27 14:42:19,537.7
2022-03-27 14:42:24,537.58
2022-03-27 14:42:29,537.51
2022-03-27 14:42:34,541.229314777225
2022-03-27 14:42:39,537.42
2022-03-27 14:42:44,537.29
2022-03-27 14:42:49,541.216060904681
2022-03-27 14:42:54,537.13
2022-03-27 14:42:59,541.2072249896515
2022-03-27 14:43:04,537.07
2022-03-27 14:43:09,536.97
2022-03-27 14:43:14,536.97
2022-03-27 14:43:19,536.84
2022-03-27 14:43:24,536.78
2022-03-27 14:43:29,536.78
2022-03-27 14:43:34,541.2736406603722
2022-03-27 14:43:39,541.283246227461
2022-03-27 14:43:44,541.2928517945496
2022-03-27 14:43:49,541.3024573616384
2022-03-27 14:43:54,536.49
2022-03-27 14:43:59,541.3216684958159
2022-03-27 14:44:04,536.4
2022-03-27 14:44:09,541.3408796299933
2022-03-27 14:44:14,536.27
2022-03-27 14:44:19,536.24
2022-03-27 14:44:24,536.11
2022-03-27 14:44:29,536.11
2022-03-27 14:44:34,536.04
2022-03-27 14:44:39,536.04
2022-03-27 14:44:44,541.4081185996145
2022-03-27 14:44:49,535.95
2022-03-27 14:44:54,535.95
2022-03-27 14:44:59,535.88
2022-03-27 14:45:04,535.82
2022-03-27 14:45:09,535.76
2022-03-27 14:45:14,535.76
2022-03-27 14:45:19,535.73
2022-03-27 14:45:24,535.66
2022-03-27 14:45:29,535.66
2022-03-27 14:45:34,535.6
2022-03-27 14:45:39,541.5137798375904
2022-03-27 14:45:44,535.53
2022-03-27 14:45:49,535.54
2022-03-27 14:45:54,535.54
2022-03-27 14:45:59,535.44
2022-03-27 14:46:04,535.38
2022-03-27 14:46:09,541.5714132401229
2022-03-27 14:46:14,541.5810188072115
2022-03-27 14:46:19,541.5906243743003
2022-03-27 14:46:24,535.25
2022-03-27 14:46:29,535.22
2022-03-27 14:46:34,535.22
2022-03-27 14:46:39,535.22
2022-03-27 14:46:44,535.16
2022-03-27 14:46:49,535.16
2022-03-27 14:46:54,535.03
2022-03-27 14:46:59,535.03
2022-03-27 14:47:04,534.97
2022-03-27 14:47:09,541.6866800451876
2022-03-27 14:47:14,534.97
2022-03-27 14:47:19,534.94
2022-03-27 14:47:24,534.87
2022-03-27 14:47:29,541.7251023135425
2022-03-27 14:47:34,534.81
2022-03-27 14:47:39,541.74431344772
2022-03-27 14:47:44,534.71
2022-03-27 14:47:49,534.65
2022-03-27 14:47:54,541.7731301489862
2022-03-27 14:47:59,534.59
2022-03-27 14:48:04,534.53
2022-03-27 14:48:09,534.46
2022-03-27 14:48:14,534.46
2022-03-27 14:48:19,534.36
2022-03-27 14:48:24,534.36
2022-03-27 14:48:29,534.3
2022-03-27 14:48:34,541.849974685696
2022-03-27 14:48:39,534.24
2022-03-27 14:48:44,534.2
2022-03-27 14:48:49,534.14
2022-03-27 14:48:54,534.08
2022-03-27 14:48:59,534.08
2022-03-27 14:49:04,541.9076080882284
2022-03-27 14:49:09,533.95
2022-03-27 14:49:14,541.9268192224058
2022-03-27 14:49:19,541.9364247894945
2022-03-27 14:49:24,533.79
2022-03-27 14:49:29,533.72
2022-03-27 14:49:34,541.9652414907607
2022-03-27 14:49:39,533.63
2022-03-27 14:49:44,533.62
2022-03-27 14:49:49,541.994058192027
2022-03-27 14:49:54,533.56
2022-03-27 14:49:59,542.0132693262044
2022-03-27 14:50:04,533.43
2022-03-27 14:50:09,533.4
2022-03-27 14:50:14,533.33
2022-03-27 14:50:19,533.34
2022-03-27 14:50:24,533.21
2022-03-27 14:50:29,533.27
2022-03-27 14:50:34,533.17
2022-03-27 14:50:39,542.0901138629142
2022-03-27 14:50:44,533.11
2022-03-27 14:50:49,532.98
2022-03-27 14:50:54,542.1189305641803
2022-03-27 14:50:59,542.1285361312691
2022-03-27 14:51:04,532.82
2022-03-27 14:51:09,532.75
2022-03-27 14:51:14,532.69
2022-03-27 14:51:19,542.166958399624
2022-03-27 14:51:24,532.66
2022-03-27 14:51:29,542.1861695338015
2022-03-27 14:51:34,532.53
2022-03-27 14:51:39,532.46
2022-03-27 14:51:44,532.4
2022-03-27 14:51:49,532.4
2022-03-27 14:51:54,532.36
2022-03-27 14:51:59,532.36
2022-03-27 14:52:04,532.3
2022-03-27 14:52:09,542.2630140705113
2022-03-27 14:52:14,532.17
2022-03-27 14:52:19,542.2822252046888
2022-03-27 14:52:24,532.13
2022-03-27 14:52:29,542.3014363388662
2022-03-27 14:52:34,532.0
2022-03-27 14:52:39,542.3206474730437
2022-03-27 14:52:44,542.3302530401324
2022-03-27 14:52:49,531.87
2022-03-27 14:52:54,542.3494641743099
2022-03-27 14:52:59,542.3590697413986
2022-03-27 14:53:04,531.77
2022-03-27 14:53:09,542.3782808755761
2022-03-27 14:53:14,542.3878864426648
2022-03-27 14:53:19,531.65
2022-03-27 14:53:24,531.65
2022-03-27 14:53:29,542.416703143931
2022-03-27 14:53:34,531.61
2022-03-27 14:53:39,531.61
2022-03-27 14:53:44,531.48
2022-03-27 14:53:49,531.48
2022-03-27 14:53:54,531.42
2022-03-27 14:53:59,531.42
2022-03-27 14:54:04,531.36
2022-03-27 14:54:09,531.32
2022-03-27 14:54:14,531.32
2022-03-27 14:54:19,531.26
2022-03-27 14:54:24,542.522364381907
2022-03-27 14:54:29,542.5319699489958
2022-03-27 14:54:34,542.5415755160844
2022-03-27 14:54:39,542.5511810831732
2022-03-27 14:54:44,531.03
2022-03-27 14:54:49,542.5703922173507
2022-03-27 14:54:54,530.9
2022-03-27 14:54:59,530.9
2022-03-27 14:55:04,530.84
2022-03-27 14:55:09,530.81
2022-03-27 14:55:14,530.81
2022-03-27 14:55:19,542.628025619883
2022-03-27 14:55:24,542.6376311869718
2022-03-27 14:55:29,530.68
2022-03-27 14:55:34,530.59
2022-03-27 14:55:39,530.59
2022-03-27 14:55:44,542.6760534553267
2022-03-27 14:55:49,530.52
2022-03-27 14:55:54,530.46
2022-03-27 14:55:59,530.4
2022-03-27 14:56:04,530.33
2022-03-27 14:56:09,542.7240812907703
2022-03-27 14:56:14,530.23
2022-03-27 14:56:19,530.17
2022-03-27 14:56:24,542.7528979920365
2022-03-27 14:56:29,530.11
2022-03-27 14:56:34,542.772109126214
2022-03-27 14:56:39,542.7817146933027
2022-03-27 14:56:44,529.88
2022-03-27 14:56:49,542.8009258274802
2022-03-27 14:56:54,529.82
2022-03-27 14:56:59,529.82
2022-03-27 14:57:04,529.79
2022-03-27 14:57:09,529.79
2022-03-27 14:57:14,529.73
2022-03-27 14:57:19,529.66
2022-03-27 14:57:24,529.66
2022-03-27 14:57:29,529.6
2022-03-27 14:57:34,529.6
2022-03-27 14:57:39,529.57
2022-03-27 14:57:44,529.57
2022-03-27 14:57:49,529.5
2022-03-27 14:57:54,542.7722399667704
2022-03-27 14:57:59,529.44
2022-03-27 14:58:04,542.7603745635248
2022-03-27 14:58:09,542.754441861902
2022-03-27 14:58:14,529.38
2022-03-27 14:58:19,542.7425764586565
2022-03-27 14:58:24,542.7366437570337
2022-03-27 14:58:29,542.7307110554109
2022-03-27 14:58:34,529.32
2022-03-27 14:58:39,529.29
2022-03-27 14:58:44,529.32
2022-03-27 14:58:49,529.32
2022-03-27 14:58:54,542.7010475472969
2022-03-27 14:58:59,529.32
2022-03-27 14:59:04,529.32
2022-03-27 14:59:09,542.6832494424285
2022-03-27 14:59:14,529.32
2022-03-27 14:59:19,529.39
2022-03-27 14:59:24,529.39
2022-03-27 14:59:29,542.6595186359374
2022-03-27 14:59:34,529.45
2022-03-27 14:59:39,529.45
2022-03-27 14:59:44,529.52
2022-03-27 14:59:49,529.58
2022-03-27 14:59:54,542.6298551278235
2022-03-27 14:59:59,542.6239224262007
2022-03-27 15:00:04,529.68
2022-03-27 15:00:09,542.6120570229551
2022-03-27 15:00:14,529.68
2022-03-27 15:00:19,542.6001916197096
2022-03-27 15:00:24,529.81
2022-03-27 15:00:29,529.85
2022-03-27 15:00:34,542.5823935148412
2022-03-27 15:00:39,529.91
2022-03-27 15:00:44,529.91
2022-03-27 15:00:49,542.5645954099729
2022-03-27 15:00:54,542.5586627083501
2022-03-27 15:00:59,530.04
2022-03-27 15:01:04,530.14
2022-03-27 15:01:09,530.14
2022-03-27 15:01:14,530.2
2022-03-27 15:01:19,530.27
2022-03-27 15:01:24,530.27
2022-03-27 15:01:29,530.37
2022-03-27 15:01:34,530.37
2022-03-27 15:01:39,530.43
2022-03-27 15:01:44,542.4993356921223
2022-03-27 15:01:49,530.56
2022-03-27 15:01:54,530.63
2022-03-27 15:01:59,530.66
2022-03-27 15:02:04,530.66
2022-03-27 15:02:09,530.79
2022-03-27 15:02:14,530.85
2022-03-27 15:02:19,530.86
2022-03-27 15:02:24,530.89
2022-03-27 15:02:29,530.95
2022-03-27 15:02:34,542.4400086758944
2022-03-27 15:02:39,542.4340759742715
2022-03-27 15:02:44,531.15
2022-03-27 15:02:49,531.15
2022-03-27 15:02:54,531.18
2022-03-27 15:02:59,531.31
2022-03-27 15:03:04,531.31
2022-03-27 15:03:09,531.41
2022-03-27 15:03:14,542.3925470629121
2022-03-27 15:03:19,531.47
2022-03-27 15:03:24,531.54
2022-03-27 15:03:29,531.54
2022-03-27 15:03:34,542.3688162564209
2022-03-27 15:03:39,531.67
2022-03-27 15:03:44,531.7
2022-03-27 15:03:49,531.7
2022-03-27 15:03:54,531.77
2022-03-27 15:03:59,542.339152748307
2022-03-27 15:04:04,531.83
2022-03-27 15:04:09,531.9
2022-03-27 15:04:14,531.93
2022-03-27 15:04:19,531.9
2022-03-27 15:04:24,532.0
2022-03-27 15:04:29,542.3035565385703
2022-03-27 15:04:34,532.0
2022-03-27 15:04:39,532.07
2022-03-27 15:04:44,532.07
2022-03-27 15:04:49,532.13
2022-03-27 15:04:54,542.2738930304564
2022-03-27 15:04:59,542.2679603288336
2022-03-27 15:05:04,532.2
2022-03-27 15:05:09,542.2560949255881
2022-03-27 15:05:14,532.3
2022-03-27 15:05:19,542.2442295223425
2022-03-27 15:05:24,542.2382968207197
2022-03-27 15:05:29,532.43
2022-03-27 15:05:34,532.46
2022-03-27 15:05:39,532.46
2022-03-27 15:05:44,542.2145660142286
2022-03-27 15:05:49,542.2086333126058
2022-03-27 15:05:54,532.53
2022-03-27 15:05:59,532.59
2022-03-27 15:06:04,532.66
2022-03-27 15:06:09,532.65
2022-03-27 15:06:14,532.66
2022-03-27 15:06:19,542.1730371028691
2022-03-27 15:06:24,532.66
2022-03-27 15:06:29,532.66
2022-03-27 15:06:34,542.1552389980006
2022-03-27 15:06:39,532.75
2022-03-27 15:06:44,532.72
2022-03-27 15:06:49,532.72
2022-03-27 15:06:54,532.72
2022-03-27 15:06:59,532.72
2022-03-27 15:07:04,532.72
2022-03-27 15:07:09,532.59
2022-03-27 15:07:14,542.1077773850184
2022-03-27 15:07:19,532.66
2022-03-27 15:07:24,532.59
2022-03-27 15:07:29,532.53
2022-03-27 15:07:34,532.53
2022-03-27 15:07:39,542.0781138769045
2022-03-27 15:07:44,532.53
2022-03-27 15:07:49,532.53
2022-03-27 15:07:54,532.46
2022-03-27 15:07:59,542.0543830704133
2022-03-27 15:08:04,542.0484503687906
2022-03-27 15:08:09,542.0425176671678
2022-03-27 15:08:14,532.3
2022-03-27 15:08:19,542.0306522639222
2022-03-27 15:08:24,532.24
2022-03-27 15:08:29,532.24
2022-03-27 15:08:34,532.24
2022-03-27 15:08:39,532.14
2022-03-27 15:08:44,532.07
2022-03-27 15:08:49,532.07
2022-03-27 15:08:54,532.01
2022-03-27 15:08:59,531.94
2022-03-27 15:09:04,531.95
2022-03-27 15:09:09,531.95
2022-03-27 15:09:14,531.91
2022-03-27 15:09:19,541.9594598444488
2022-03-27 15:09:24,531.78
2022-03-27 15:09:29,531.72
2022-03-27 15:09:34,531.71
2022-03-27 15:09:39,541.9357290379577
2022-03-27 15:09:44,531.62
2022-03-27 15:09:49,531.68
2022-03-27 15:09:54,531.61
2022-03-27 15:09:59,531.55
2022-03-27 15:10:04,541.9060655298437
2022-03-27 15:10:09,531.49
2022-03-27 15:10:14,531.49
2022-03-27 15:10:19,531.42
2022-03-27 15:10:24,541.8823347233525
2022-03-27 15:10:29,531.42
2022-03-27 15:10:34,531.42
2022-03-27 15:10:39,531.39
2022-03-27 15:10:44,531.42
2022-03-27 15:10:49,531.39
2022-03-27 15:10:54,541.8467385136158
2022-03-27 15:10:59,531.42
2022-03-27 15:11:04,531.42
2022-03-27 15:11:09,531.48
2022-03-27 15:11:14,531.48
2022-03-27 15:11:19,541.7568408859262
2022-03-27 15:11:24,541.7178828247505
2022-03-27 15:11:29,531.54
2022-03-27 15:11:34,531.54
2022-03-27 15:11:39,531.61
2022-03-27 15:11:44,531.67
2022-03-27 15:11:49,531.67
2022-03-27 15:11:54,531.7
2022-03-27 15:11:59,541.4451763965212
2022-03-27 15:12:04,531.83
2022-03-27 15:12:09,541.36726027417
2022-03-27 15:12:14,531.89
2022-03-27 15:12:19,531.99
2022-03-27 15:12:24,532.06
2022-03-27 15:12:29,532.12
2022-03-27 15:12:34,532.18
2022-03-27 15:12:39,532.28
2022-03-27 15:12:44,532.28
2022-03-27 15:12:49,541.0555957847652
2022-03-27 15:12:54,532.51
2022-03-27 15:12:59,532.64
2022-03-27 15:13:04,532.7
2022-03-27 15:13:09,540.8997635400627
2022-03-27 15:13:14,532.93
2022-03-27 15:13:19,533.02
2022-03-27 15:13:24,533.15
2022-03-27 15:13:29,533.31
2022-03-27 15:13:34,533.38
2022-03-27 15:13:39,533.44
2022-03-27 15:13:44,533.54
2022-03-27 15:13:49,533.67
2022-03-27 15:13:54,533.76
2022-03-27 15:13:59,533.9
2022-03-27 15:14:04,540.471224867131
2022-03-27 15:14:09,540.4322668059554
2022-03-27 15:14:14,534.25
2022-03-27 15:14:19,534.41
2022-03-27 15:14:24,534.47
2022-03-27 15:14:29,540.2764345612529
2022-03-27 15:14:34,540.2374765000773
2022-03-27 15:14:39,540.1985184389017
2022-03-27 15:14:44,534.99
2022-03-27 15:14:49,535.09
2022-03-27 15:14:54,535.28
2022-03-27 15:14:59,540.0426861941993
2022-03-27 15:15:04,540.0037281330236
2022-03-27 15:15:09,535.67
2022-03-27 15:15:14,535.8
2022-03-27 15:15:19,535.83
2022-03-27 15:15:24,536.03
2022-03-27 15:15:29,536.12
2022-03-27 15:15:34,536.32
2022-03-27 15:15:39,536.35
2022-03-27 15:15:44,536.48
2022-03-27 15:15:49,536.58
2022-03-27 15:15:54,536.7
2022-03-27 15:15:59,539.5751894600919
2022-03-27 15:16:04,536.93
2022-03-27 15:16:09,536.99
2022-03-27 15:16:14,537.09
2022-03-27 15:16:19,537.22
2022-03-27 15:16:24,539.3803991542138
2022-03-27 15:16:29,539.3414410930383
2022-03-27 15:16:34,539.3024830318626
2022-03-27 15:16:39,539.2635249706871
2022-03-27 15:16:44,539.2245669095114
2022-03-27 15:16:49,537.74
2022-03-27 15:16:54,539.1466507871602
2022-03-27 15:16:59,537.87
2022-03-27 15:17:04,537.97
2022-03-27 15:17:09,537.97
2022-03-27 15:17:14,538.1
2022-03-27 15:17:19,538.1
2022-03-27 15:17:24,538.13
2022-03-27 15:17:29,538.19
2022-03-27 15:17:34,538.26
2022-03-27 15:17:39,538.26
2022-03-27 15:17:44,538.32
2022-03-27 15:17:49,538.39
2022-03-27 15:17:54,538.32
2022-03-27 15:17:59,538.6401959918772
2022-03-27 15:18:04,538.39
2022-03-27 15:18:09,538.562279869526
2022-03-27 15:18:14,538.5233218083504
2022-03-27 15:18:19,538.42
2022-03-27 15:18:24,538.49
2022-03-27 15:18:29,538.49
2022-03-27 15:18:34,538.49
2022-03-27 15:18:39,538.3285315024724
2022-03-27 15:18:44,538.55
2022-03-27 15:18:49,538.2506153801212
2022-03-27 15:18:54,538.56
2022-03-27 15:18:59,538.62
2022-03-27 15:19:04,538.62
2022-03-27 15:19:09,538.65
2022-03-27 15:19:14,538.0558250742431
2022-03-27 15:19:19,538.0168670130674
2022-03-27 15:19:24,538.65
2022-03-27 15:19:29,538.65
2022-03-27 15:19:34,538.65
2022-03-27 15:19:39,538.65
2022-03-27 15:19:44,537.8220767071895
2022-03-27 15:19:49,538.65
2022-03-27 15:19:54,538.65
2022-03-27 15:19:59,537.7052025236626
2022-03-27 15:20:04,538.72
2022-03-27 15:20:09,537.6272864013114
2022-03-27 15:20:14,538.72
2022-03-27 15:20:19,538.72
2022-03-27 15:20:24,538.72
2022-03-27 15:20:29,538.72
2022-03-27 15:20:34,538.72
2022-03-27 15:20:39,538.72
2022-03-27 15:20:44,538.72
2022-03-27 15:20:49,538.79
2022-03-27 15:20:54,538.79
2022-03-27 15:20:59,538.73
2022-03-27 15:21:04,538.73
2022-03-27 15:21:09,538.73
2022-03-27 15:21:14,538.73
2022-03-27 15:21:19,537.0818735448528
2022-03-27 15:21:24,537.0429154836772
2022-03-27 15:21:29,538.73
2022-03-27 15:21:34,536.964999361326
2022-03-27 15:21:39,536.9260413001504
2022-03-27 15:21:44,538.67
2022-03-27 15:21:49,538.67
2022-03-27 15:21:54,538.67
2022-03-27 15:21:59,536.7702090554479
2022-03-27 15:22:04,536.7312509942723
2022-03-27 15:22:09,538.64
2022-03-27 15:22:14,538.64
2022-03-27 15:22:19,538.58
2022-03-27 15:22:24,536.5754187495698
2022-03-27 15:22:29,538.58
2022-03-27 15:22:34,538.58
2022-03-27 15:22:39,538.58
2022-03-27 15:22:44,538.51
2022-03-27 15:22:49,538.51
2022-03-27 15:22:54,538.51
2022-03-27 15:22:59,538.52
2022-03-27 15:23:04,538.45
2022-03-27 15:23:09,538.45
2022-03-27 15:23:14,536.1858381378138
2022-03-27 15:23:19,538.42
2022-03-27 15:23:24,538.36
2022-03-27 15:23:29,538.36
2022-03-27 15:23:34,536.0300058931114
2022-03-27 15:23:39,538.29
2022-03-27 15:23:44,538.29
2022-03-27 15:23:49,538.29
2022-03-27 15:23:54,538.3
2022-03-27 15:23:59,538.23
2022-03-27 15:24:04,538.23
2022-03-27 15:24:09,538.23
2022-03-27 15:24:14,538.17
2022-03-27 15:24:19,535.6793833425309
2022-03-27 15:24:24,535.6404252813552
2022-03-27 15:24:29,538.13
2022-03-27 15:24:34,535.562509159004
2022-03-27 15:24:39,538.13
2022-03-27 15:24:44,538.07
2022-03-27 15:24:49,535.4456349754771
2022-03-27 15:24:54,538.01
2022-03-27 15:24:59,538.0
2022-03-27 15:25:04,537.94
2022-03-27 15:25:09,538.01
2022-03-27 15:25:14,538.0
2022-03-27 15:25:19,537.94
2022-03-27 15:25:24,537.91
2022-03-27 15:25:29,535.2340403916618
2022-03-27 15:25:34,537.91
2022-03-27 15:25:39,537.91
2022-03-27 15:25:44,537.91
2022-03-27 15:25:49,537.91
2022-03-27 15:25:54,537.91
2022-03-27 15:25:59,535.2174288473522
2022-03-27 15:26:04,537.91
2022-03-27 15:26:09,535.2118916659157
2022-03-27 15:26:14,537.91
2022-03-27 15:26:19,535.2063544844791
2022-03-27 15:26:24,535.2035858937609
2022-03-27 15:26:29,537.94
2022-03-27 15:26:34,537.93
2022-03-27 15:26:39,538.0
2022-03-27 15:26:44,538.0
2022-03-27 15:26:49,538.0
2022-03-27 15:26:54,535.1869743494514
2022-03-27 15:26:59,538.06
2022-03-27 15:27:04,538.12
2022-03-27 15:27:09,535.1786685772965
2022-03-27 15:27:14,538.12
2022-03-27 15:27:19,538.15
2022-03-27 15:27:24,538.22
2022-03-27 15:27:29,538.22
2022-03-27 15:27:34,535.1648256237053
2022-03-27 15:27:39,538.34
2022-03-27 15:27:44,535.1592884422687
2022-03-27 15:27:49,538.41
2022-03-27 15:27:54,538.4
2022-03-27 15:27:59,538.44
2022-03-27 15:28:04,538.5
2022-03-27 15:28:09,538.5
2022-03-27 15:28:14,538.56
2022-03-27 15:28:19,538.63
2022-03-27 15:28:24,535.1371397165226
2022-03-27 15:28:29,535.1343711258044
2022-03-27 15:28:34,535.1316025350861
2022-03-27 15:28:39,538.79
2022-03-27 15:28:44,538.85
2022-03-27 15:28:49,535.1232967629313
2022-03-27 15:28:54,538.95
2022-03-27 15:28:59,539.01
2022-03-27 15:29:04,539.07
2022-03-27 15:29:09,539.07
2022-03-27 15:29:14,539.17
2022-03-27 15:29:19,539.3
2022-03-27 15:29:24,539.29
2022-03-27 15:29:29,539.36
2022-03-27 15:29:34,539.36
2022-03-27 15:29:39,535.0956108557486
2022-03-27 15:29:44,535.0928422650304
2022-03-27 15:29:49,539.45
2022-03-27 15:29:54,539.52
2022-03-27 15:29:59,539.58
2022-03-27 15:30:04,539.65
2022-03-27 15:30:09,539.68
2022-03-27 15:30:14,539.68
2022-03-27 15:30:19,535.0734621300026
2022-03-27 15:30:24,539.74
2022-03-27 15:30:29,539.81
2022-03-27 15:30:34,539.81
2022-03-27 15:30:39,535.0623877671295
2022-03-27 15:30:44,539.87
2022-03-27 15:30:49,535.056850585693
2022-03-27 15:30:54,539.93
2022-03-27 15:30:59,539.93
2022-03-27 15:31:04,539.93
2022-03-27 15:31:09,535.04577622282
2022-03-27 15:31:14,539.97
2022-03-27 15:31:19,539.97
2022-03-27 15:31:24,539.97
2022-03-27 15:31:29,540.03
2022-03-27 15:31:34,539.97
2022-03-27 15:31:39,535.0291646785104
2022-03-27 15:31:44,535.0263960877921
2022-03-27 15:31:49,540.1
2022-03-27 15:31:54,540.03
2022-03-27 15:31:59,540.03
2022-03-27 15:32:04,540.03
2022-03-27 15:32:09,540.1
2022-03-27 15:32:14,535.0097845434826
2022-03-27 15:32:19,540.1
2022-03-27 15:32:24,535.004247362046
2022-03-27 15:32:29,535.0014787713278
2022-03-27 15:32:34,540.16
2022-03-27 15:32:39,540.19
2022-03-27 15:32:44,534.993172999173
2022-03-27 15:32:49,534.9904044084548
2022-03-27 15:32:54,540.16
2022-03-27 15:32:59,540.19
2022-03-27 15:33:04,540.19
2022-03-27 15:33:09,540.19
2022-03-27 15:33:14,534.9765614548635
2022-03-27 15:33:19,540.19
2022-03-27 15:33:24,534.9710242734269
2022-03-27 15:33:29,534.9682556827087
2022-03-27 15:33:34,534.9654870919904
2022-03-27 15:33:39,540.19
2022-03-27 15:33:44,540.19
2022-03-27 15:33:49,540.19
2022-03-27 15:33:54,534.9544127291174
2022-03-27 15:33:59,540.16
2022-03-27 15:34:04,534.9488755476808
2022-03-27 15:34:09,534.9461069569626
2022-03-27 15:34:14,540.09
2022-03-27 15:34:19,540.09
2022-03-27 15:34:24,534.9378011848078
2022-03-27 15:34:29,534.9350325940895
2022-03-27 15:34:34,534.9322640033713
2022-03-27 15:34:39,539.96
2022-03-27 15:34:44,539.93
2022-03-27 15:34:49,539.86
2022-03-27 15:34:54,539.8
2022-03-27 15:34:59,534.9184210497799
2022-03-27 15:35:04,539.73
2022-03-27 15:35:09,539.66
2022-03-27 15:35:14,539.66
2022-03-27 15:35:19,534.9073466869069
2022-03-27 15:35:24,539.57
2022-03-27 15:35:29,539.5
2022-03-27 15:35:34,539.43
2022-03-27 15:35:39,534.8962723240338
2022-03-27 15:35:44,539.4
2022-03-27 15:35:49,534.8907351425974
2022-03-27 15:35:54,539.27
2022-03-27 15:35:59,539.2
2022-03-27 15:36:04,534.8824293704425
2022-03-27 15:36:09,534.8796607797243
2022-03-27 15:36:14,539.1
2022-03-27 15:36:19,539.04
2022-03-27 15:36:24,538.97
2022-03-27 15:36:29,538.91
2022-03-27 15:36:34,534.865817826133
2022-03-27 15:36:39,538.81
2022-03-27 15:36:44,538.81
2022-03-27 15:36:49,538.74
2022-03-27 15:36:54,538.68
2022-03-27 15:36:59,534.8519748725416
2022-03-27 15:37:04,534.8492062818234
2022-03-27 15:37:09,538.51
2022-03-27 15:37:14,534.8436691003869
2022-03-27 15:37:19,534.8409005096686
2022-03-27 15:37:24,534.8381319189504
2022-03-27 15:37:29,538.35
2022-03-27 15:37:34,538.21
2022-03-27 15:37:39,534.8298261467955
2022-03-27 15:37:44,538.15
2022-03-27 15:37:49,538.08
2022-03-27 15:37:54,538.05
2022-03-27 15:37:59,537.98
2022-03-27 15:38:04,537.98
2022-03-27 15:38:09,537.92
2022-03-27 15:38:14,537.85
2022-03-27 15:38:19,537.82
2022-03-27 15:38:24,534.8049088303312
2022-03-27 15:38:29,534.802140239613
2022-03-27 15:38:34,534.7993716488947
2022-03-27 15:38:39,537.56
2022-03-27 15:38:44,537.56
2022-03-27 15:38:49,534.7910658767399
2022-03-27 15:38:54,537.46
2022-03-27 15:38:59,537.4
2022-03-27 15:39:04,537.33
2022-03-27 15:39:09,537.3
2022-03-27 15:39:14,537.3
2022-03-27 15:39:19,537.17
2022-03-27 15:39:24,537.17
2022-03-27 15:39:29,537.1
2022-03-27 15:39:34,537.0
2022-03-27 15:39:39,537.0
2022-03-27 15:39:44,536.94
2022-03-27 15:39:49,536.88
2022-03-27 15:39:54,536.81
2022-03-27 15:39:59,536.81
2022-03-27 15:40:04,536.78
2022-03-27 15:40:09,536.78
2022-03-27 15:40:14,536.71
2022-03-27 15:40:19,535.0781041158267
2022-03-27 15:40:24,535.1041121947173
2022-03-27 15:40:29,536.58
2022-03-27 15:40:34,536.49
2022-03-27 15:40:39,535.1821364313889
2022-03-27 15:40:44,536.42
2022-03-27 15:40:49,535.2341525891701
2022-03-27 15:40:54,536.36
2022-03-27 15:40:59,536.29
2022-03-27 15:41:04,535.3121768258418
2022-03-27 15:41:09,535.3381849047323
2022-03-27 15:41:14,535.3641929836228
2022-03-27 15:41:19,535.3902010625134
2022-03-27 15:41:24,536.07
2022-03-27 15:41:29,536.0
2022-03-27 15:41:34,536.07
2022-03-27 15:41:39,535.4942333780757
2022-03-27 15:41:44,535.5202414569662
2022-03-27 15:41:49,535.97
2022-03-27 15:41:54,535.5722576147473
2022-03-27 15:41:59,535.9
2022-03-27 15:42:04,535.9
2022-03-27 15:42:09,535.84
2022-03-27 15:42:14,535.84
2022-03-27 15:42:19,535.7022980092001
2022-03-27 15:42:24,535.84
2022-03-27 15:42:29,535.7543141669812
2022-03-27 15:42:34,535.7803222458717
2022-03-27 15:42:39,535.78
2022-03-27 15:42:44,535.78
2022-03-27 15:42:49,535.8583464825434
2022-03-27 15:42:54,535.884354561434
2022-03-27 15:42:59,535.78
2022-03-27 15:43:04,535.75
2022-03-27 15:43:09,535.75
2022-03-27 15:43:14,535.68
2022-03-27 15:43:19,536.0143949558868
2022-03-27 15:43:24,536.0404030347773
2022-03-27 15:43:29,536.0664111136679
2022-03-27 15:43:34,535.68
2022-03-27 15:43:39,535.68
2022-03-27 15:43:44,535.75
2022-03-27 15:43:49,535.75
2022-03-27 15:43:54,535.68
2022-03-27 15:43:59,535.68
2022-03-27 15:44:04,535.75
2022-03-27 15:44:09,535.68
2022-03-27 15:44:14,535.75
2022-03-27 15:44:19,536.3264919025735
2022-03-27 15:44:24,536.352499981464
2022-03-27 15:44:29,536.3785080603545
2022-03-27 15:44:34,535.68
2022-03-27 15:44:39,535.68
2022-03-27 15:44:44,536.4565322970262
2022-03-27 15:44:49,535.75
2022-03-27 15:44:54,535.68
2022-03-27 15:44:59,535.68
2022-03-27 15:45:04,535.68
2022-03-27 15:45:09,535.68
2022-03-27 15:45:14,535.68
2022-03-27 15:45:19,535.68
2022-03-27 15:45:24,536.6645969281507
2022-03-27 15:45:29,535.75
2022-03-27 15:45:34,535.75
2022-03-27 15:45:39,535.75
2022-03-27 15:45:44,535.68
2022-03-27 15:45:49,535.75
2022-03-27 15:45:54,535.75
2022-03-27 15:45:59,535.75
2022-03-27 15:46:04,535.78
2022-03-27 15:46:09,535.85
2022-03-27 15:46:14,535.78
2022-03-27 15:46:19,535.85
2022-03-27 15:46:24,535.78
2022-03-27 15:46:29,535.85
2022-03-27 15:46:34,535.91
2022-03-27 15:46:39,537.054718111509
2022-03-27 15:46:44,535.91
2022-03-27 15:46:49,535.91
2022-03-27 15:46:54,535.91
2022-03-27 15:46:59,535.98
2022-03-27 15:47:04,535.98
2022-03-27 15:47:09,537.2107665848523
2022-03-27 15:47:14,536.01
2022-03-27 15:47:19,536.08
2022-03-27 15:47:24,536.08
2022-03-27 15:47:29,536.14
2022-03-27 15:47:34,537.3408069793052
2022-03-27 15:47:39,536.2
2022-03-27 15:47:44,537.3928231370862
2022-03-27 15:47:49,537.4188312159768
2022-03-27 15:47:54,537.4448392948674
2022-03-27 15:47:59,536.37
2022-03-27 15:48:04,537.4968554526484
2022-03-27 15:48:09,537.522863531539
2022-03-27 15:48:14,536.5
2022-03-27 15:48:19,536.53
2022-03-27 15:48:24,536.6
2022-03-27 15:48:29,536.6
2022-03-27 15:48:34,536.66
2022-03-27 15:48:39,536.72
2022-03-27 15:48:44,536.79
2022-03-27 15:48:49,537.7309281626634
2022-03-27 15:48:54,537.7569362415541
2022-03-27 15:48:59,536.82
2022-03-27 15:49:04,536.89
2022-03-27 15:49:09,536.96
2022-03-27 15:49:14,536.96
2022-03-27 15:49:19,536.96
2022-03-27 15:49:24,537.9129847148973
2022-03-27 15:49:29,537.06
2022-03-27 15:49:34,537.06
2022-03-27 15:49:39,537.12
2022-03-27 15:49:44,537.12
2022-03-27 15:49:49,537.18
2022-03-27 15:49:54,538.0690331882407
2022-03-27 15:49:59,538.0950412671313
2022-03-27 15:50:04,538.1210493460218
2022-03-27 15:50:09,538.1470574249123
2022-03-27 15:50:14,537.32
2022-03-27 15:50:19,537.32
2022-03-27 15:50:24,537.32
2022-03-27 15:50:29,537.42
2022-03-27 15:50:34,537.41
2022-03-27 15:50:39,538.3031058982557
2022-03-27 15:50:44,537.41
2022-03-27 15:50:49,537.41
2022-03-27 15:50:54,537.48
2022-03-27 15:50:59,537.48
2022-03-27 15:51:04,537.48
2022-03-27 15:51:09,537.54
2022-03-27 15:51:14,537.58
2022-03-27 15:51:19,537.54
2022-03-27 15:51:24,537.58
2022-03-27 15:51:29,537.64
2022-03-27 15:51:34,537.58
2022-03-27 15:51:39,537.64
2022-03-27 15:51:44,537.58
2022-03-27 15:51:49,538.6672190027234
2022-03-27 15:51:54,537.64
2022-03-27 15:51:59,537.64
2022-03-27 15:52:04,537.64
2022-03-27 15:52:09,537.64
2022-03-27 15:52:14,537.64
2022-03-27 15:52:19,538.8232674760668
2022-03-27 15:52:24,537.64
2022-03-27 15:52:29,538.8752836338479
2022-03-27 15:52:34,537.58
2022-03-27 15:52:39,537.58
2022-03-27 15:52:44,537.58
2022-03-27 15:52:49,537.55
2022-03-27 15:52:54,537.48
2022-03-27 15:52:59,539.0313321071912
2022-03-27 15:53:04,537.42
2022-03-27 15:53:09,537.48
2022-03-27 15:53:14,539.1093563438629
2022-03-27 15:53:19,537.42
2022-03-27 15:53:24,537.35
2022-03-27 15:53:29,539.1900508002371
2022-03-27 15:53:34,539.2201811820522
2022-03-27 15:53:39,539.2503115638674
2022-03-27 15:53:44,537.25
2022-03-27 15:53:49,537.19
2022-03-27 15:53:54,537.12
2022-03-27 15:53:59,539.3708330911278
2022-03-27 15:54:04,537.02
2022-03-27 15:54:09,536.96
2022-03-27 15:54:14,536.89
2022-03-27 15:54:19,536.89
2022-03-27 15:54:24,536.82
2022-03-27 15:54:29,536.8
2022-03-27 15:54:34,539.5817457638334
2022-03-27 15:54:39,536.67
2022-03-27 15:54:44,536.6
2022-03-27 15:54:49,536.5
2022-03-27 15:54:54,536.5
2022-03-27 15:54:59,539.7323976729089
2022-03-27 15:55:04,539.7625280547239
2022-03-27 15:55:09,539.7926584365391
2022-03-27 15:55:14,536.21
2022-03-27 15:55:19,536.15
2022-03-27 15:55:24,539.8830495819843
2022-03-27 15:55:29,539.9131799637994
2022-03-27 15:55:34,535.91
2022-03-27 15:55:39,539.9734407274296
2022-03-27 15:55:44,535.85
2022-03-27 15:55:49,535.75
2022-03-27 15:55:54,535.75
2022-03-27 15:55:59,540.09396225469
2022-03-27 15:56:04,535.56
2022-03-27 15:56:09,535.5
2022-03-27 15:56:14,535.46
2022-03-27 15:56:19,535.4
2022-03-27 15:56:24,540.2446141637655
2022-03-27 15:56:29,535.27
2022-03-27 15:56:34,535.17
2022-03-27 15:56:39,535.11
2022-03-27 15:56:44,535.04
2022-03-27 15:56:49,540.395266072841
2022-03-27 15:56:54,534.88
2022-03-27 15:56:59,540.4555268364711
2022-03-27 15:57:04,534.75
2022-03-27 15:57:09,540.5157876001014
2022-03-27 15:57:14,534.66
2022-03-27 15:57:19,534.59
2022-03-27 15:57:24,540.6061787455466
2022-03-27 15:57:29,534.43
2022-03-27 15:57:34,540.6664395091768
2022-03-27 15:57:39,534.37
2022-03-27 15:57:44,540.726700272807
2022-03-27 15:57:49,534.2
2022-03-27 15:57:54,534.14
2022-03-27 15:57:59,540.8170914182523
2022-03-27 15:58:04,540.8472218000674
2022-03-27 15:58:09,533.95
2022-03-27 15:58:14,540.9074825636975
2022-03-27 15:58:19,533.92
2022-03-27 15:58:24,540.9677433273278
2022-03-27 15:58:29,533.79
2022-03-27 15:58:34,533.85
2022-03-27 15:58:39,533.79
2022-03-27 15:58:44,541.0882648545881
2022-03-27 15:58:49,533.72
2022-03-27 15:58:54,541.1485256182183
2022-03-27 15:58:59,533.72
2022-03-27 15:59:04,533.69
2022-03-27 15:59:09,541.2389167636636
2022-03-27 15:59:14,533.72
2022-03-27 15:59:19,533.69
2022-03-27 15:59:24,541.3293079091088
2022-03-27 15:59:29,541.3594382909239
2022-03-27 15:59:34,533.72
2022-03-27 15:59:39,533.72
2022-03-27 15:59:44,533.72
2022-03-27 15:59:49,533.69
2022-03-27 15:59:54,533.73
2022-03-27 15:59:59,533.79
2022-03-27 16:00:04,541.5703509636296
2022-03-27 16:00:09,533.79
2022-03-27 16:00:14,533.86
2022-03-27 16:00:19,533.92
2022-03-27 16:00:24,533.92
2022-03-27 16:00:29,541.7210028727051
2022-03-27 16:00:34,533.96
2022-03-27 16:00:39,534.02
2022-03-27 16:00:44,534.08
2022-03-27 16:00:49,534.08
2022-03-27 16:00:54,534.15
2022-03-27 16:00:59,541.9017851635956
2022-03-27 16:01:04,534.22
2022-03-27 16:01:09,534.25
2022-03-27 16:01:14,541.9921763090409
2022-03-27 16:01:19,542.022306690856
2022-03-27 16:01:24,534.44
2022-03-27 16:01:29,534.47
2022-03-27 16:01:34,534.6
2022-03-27 16:01:39,534.6
2022-03-27 16:01:44,534.73
2022-03-27 16:01:49,542.2030889817465
2022-03-27 16:01:54,534.83
2022-03-27 16:01:59,534.96
2022-03-27 16:02:04,534.99
2022-03-27 16:02:09,535.05
2022-03-27 16:02:14,542.353740890822
2022-03-27 16:02:19,542.3838712726372
2022-03-27 16:02:24,542.4140016544522
2022-03-27 16:02:29,535.47
2022-03-27 16:02:34,542.4742624180824
2022-03-27 16:02:39,542.5043927998976
2022-03-27 16:02:44,535.76
2022-03-27 16:02:49,535.86
2022-03-27 16:02:54,535.99
2022-03-27 16:02:59,536.09
2022-03-27 16:03:04,536.22
2022-03-27 16:03:09,536.31
2022-03-27 16:03:14,542.7153054726032
2022-03-27 16:03:19,542.7454358544182
2022-03-27 16:03:24,536.6
2022-03-27 16:03:29,536.74
2022-03-27 16:03:34,536.83
2022-03-27 16:03:39,536.9
2022-03-27 16:03:44,537.03
2022-03-27 16:03:49,537.06
2022-03-27 16:03:54,537.19
2022-03-27 16:03:59,542.986478908939
2022-03-27 16:04:04,537.35
2022-03-27 16:04:09,537.48
2022-03-27 16:04:14,537.57
2022-03-27 16:04:19,537.7
2022-03-27 16:04:24,537.77
2022-03-27 16:04:29,537.87
2022-03-27 16:04:34,538.0
2022-03-27 16:04:39,538.09
2022-03-27 16:04:44,543.2576523452749
2022-03-27 16:04:49,543.28778272709
2022-03-27 16:04:54,538.38
2022-03-27 16:04:59,538.45
2022-03-27 16:05:04,538.58
2022-03-27 16:05:09,538.61
2022-03-27 16:05:14,543.4384346361654
2022-03-27 16:05:19,538.8
2022-03-27 16:05:24,538.9
2022-03-27 16:05:29,538.97
2022-03-27 16:05:34,539.03
2022-03-27 16:05:39,539.13
2022-03-27 16:05:44,539.2
2022-03-27 16:05:49,539.32
2022-03-27 16:05:54,543.6794776906862
2022-03-27 16:05:59,539.42
2022-03-27 16:06:04,539.49
2022-03-27 16:06:09,539.62
2022-03-27 16:06:14,539.65
2022-03-27 16:06:19,539.72
2022-03-27 16:06:24,539.85
2022-03-27 16:06:29,543.8903903633918
2022-03-27 16:06:34,539.94
2022-03-27 16:06:39,543.9506511270221
2022-03-27 16:06:44,540.07
2022-03-27 16:06:49,540.14
2022-03-27 16:06:54,544.0410422724673
2022-03-27 16:06:59,540.24
2022-03-27 16:07:04,540.31
2022-03-27 16:07:09,544.1314334179126
2022-03-27 16:07:14,540.37
2022-03-27 16:07:19,540.44
2022-03-27 16:07:24,544.2218245633579
2022-03-27 16:07:29,544.251954945173
2022-03-27 16:07:34,540.54
2022-03-27 16:07:39,540.54
2022-03-27 16:07:44,544.2675523543068
2022-03-27 16:07:49,544.2687941501391
2022-03-27 16:07:54,544.2700359459715
2022-03-27 16:07:59,540.67
2022-03-27 16:08:04,540.67
2022-03-27 16:08:09,540.67
2022-03-27 16:08:14,540.71
2022-03-27 16:08:19,540.7
2022-03-27 16:08:24,540.71
2022-03-27 16:08:29,540.71
2022-03-27 16:08:34,540.71
2022-03-27 16:08:39,544.2812121084626
2022-03-27 16:08:44,540.77
2022-03-27 16:08:49,544.2836957001273
2022-03-27 16:08:54,540.71
2022-03-27 16:08:59,540.71
2022-03-27 16:09:04,540.71
2022-03-27 16:09:09,540.68
2022-03-27 16:09:14,544.289904679289
2022-03-27 16:09:19,540.68
2022-03-27 16:09:24,540.68
2022-03-27 16:09:29,540.62
2022-03-27 16:09:34,544.2948718626184
2022-03-27 16:09:39,540.55
2022-03-27 16:09:44,544.2973554542831
2022-03-27 16:09:49,540.55
2022-03-27 16:09:54,540.49
2022-03-27 16:09:59,544.3010808417802
2022-03-27 16:10:04,540.46
2022-03-27 16:10:09,540.46
2022-03-27 16:10:14,544.3048062292771
2022-03-27 16:10:19,540.33
2022-03-27 16:10:24,544.3072898209418
2022-03-27 16:10:29,540.26
2022-03-27 16:10:34,540.2
2022-03-27 16:10:39,544.3110152084389
2022-03-27 16:10:44,544.3122570042713
2022-03-27 16:10:49,540.04
2022-03-27 16:10:54,540.04
2022-03-27 16:10:59,539.97
2022-03-27 16:11:04,539.94
2022-03-27 16:11:09,539.88
2022-03-27 16:11:14,539.88
2022-03-27 16:11:19,539.81
2022-03-27 16:11:24,539.81
2022-03-27 16:11:29,544.3234331667624
2022-03-27 16:11:34,539.69
2022-03-27 16:11:39,539.68
2022-03-27 16:11:44,539.65
2022-03-27 16:11:49,544.3284003500918
2022-03-27 16:11:54,544.3296421459241
2022-03-27 16:11:59,539.59
2022-03-27 16:12:04,539.52
2022-03-27 16:12:09,539.52
2022-03-27 16:12:14,544.3346093292536
2022-03-27 16:12:19,544.3358511250858
2022-03-27 16:12:24,539.45
2022-03-27 16:12:29,539.45
2022-03-27 16:12:34,544.3395765125829
2022-03-27 16:12:39,539.29
2022-03-27 16:12:44,544.3420601042476
2022-03-27 16:12:49,539.23
2022-03-27 16:12:54,539.16
2022-03-27 16:12:59,544.3457854917447
2022-03-27 16:13:04,539.13
2022-03-27 16:13:09,539.06
2022-03-27 16:13:14,539.0
2022-03-27 16:13:19,538.94
2022-03-27 16:13:24,544.3519944709063
2022-03-27 16:13:29,538.84
2022-03-27 16:13:34,538.77
2022-03-27 16:13:39,544.3557198584034
2022-03-27 16:13:44,538.61
2022-03-27 16:13:49,538.61
2022-03-27 16:13:54,538.48
2022-03-27 16:13:59,538.42
2022-03-27 16:14:04,538.32
2022-03-27 16:14:09,538.32
2022-03-27 16:14:14,538.19
2022-03-27 16:14:19,538.13
2022-03-27 16:14:24,538.09
2022-03-27 16:14:29,537.97
2022-03-27 16:14:34,544.3693796125592
2022-03-27 16:14:39,544.3706214083916
2022-03-27 16:14:44,537.67
2022-03-27 16:14:49,537.61
2022-03-27 16:14:54,537.52
2022-03-27 16:14:59,544.375588591721
2022-03-27 16:15:04,544.3768303875534
2022-03-27 16:15:09,537.29
2022-03-27 16:15:14,544.3793139792181
2022-03-27 16:15:19,537.1
2022-03-27 16:15:24,537.0
2022-03-27 16:15:29,536.87
2022-03-27 16:15:34,536.84
2022-03-27 16:15:39,536.71
2022-03-27 16:15:44,536.58
2022-03-27 16:15:49,536.55
2022-03-27 16:15:54,544.3892483458768
2022-03-27 16:15:59,544.3904901417092
2022-03-27 16:16:04,544.3917319375415
2022-03-27 16:16:09,536.07
2022-03-27 16:16:14,536.04
2022-03-27 16:16:19,535.91
2022-03-27 16:16:24,535.84
2022-03-27 16:16:29,535.68
2022-03-27 16:16:34,544.3991827125355
2022-03-27 16:16:39,544.4004245083679
2022-03-27 16:16:44,544.4016663042003
2022-03-27 16:16:49,535.23
2022-03-27 16:16:54,535.1
2022-03-27 16:16:59,535.04
2022-03-27 16:17:04,534.94
2022-03-27 16:17:09,544.407875283362
2022-03-27 16:17:14,534.72
2022-03-27 16:17:19,534.59
2022-03-27 16:17:24,534.49
2022-03-27 16:17:29,544.4128424666914
2022-03-27 16:17:34,534.3
2022-03-27 16:17:39,534.21
2022-03-27 16:17:44,534.07
2022-03-27 16:17:49,534.01
2022-03-27 16:17:54,544.4190514458531
2022-03-27 16:17:59,533.78
2022-03-27 16:18:04,544.4215350375179
2022-03-27 16:18:09,533.62
2022-03-27 16:18:14,533.49
2022-03-27 16:18:19,544.4252604250149
2022-03-27 16:18:24,544.4265022208473
2022-03-27 16:18:29,533.24
2022-03-27 16:18:34,533.17
2022-03-27 16:18:39,533.04
2022-03-27 16:18:44,544.4314694041766
2022-03-27 16:18:49,532.82
2022-03-27 16:18:54,532.75
2022-03-27 16:18:59,532.66
2022-03-27 16:19:04,532.53
2022-03-27 16:19:09,532.46
2022-03-27 16:19:14,532.37
2022-03-27 16:19:19,532.24
2022-03-27 16:19:24,532.24
2022-03-27 16:19:29,532.14
2022-03-27 16:19:34,532.01
2022-03-27 16:19:39,531.95
2022-03-27 16:19:44,544.4463709541648
2022-03-27 16:19:49,531.79
2022-03-27 16:19:54,531.72
2022-03-27 16:19:59,544.4500963416618
2022-03-27 16:20:04,531.56
2022-03-27 16:20:09,531.49
2022-03-27 16:20:14,531.43
2022-03-27 16:20:19,544.4550635249913
2022-03-27 16:20:24,544.4563053208236
2022-03-27 16:20:29,531.2
2022-03-27 16:20:34,531.11
2022-03-27 16:20:39,531.04
2022-03-27 16:20:44,530.97
2022-03-27 16:20:49,544.4625142999853
2022-03-27 16:20:54,544.4637560958176
2022-03-27 16:20:59,530.81
2022-03-27 16:21:04,530.68
2022-03-27 16:21:09,544.4674814833147
2022-03-27 16:21:14,544.4687232791471
2022-03-27 16:21:19,530.52
2022-03-27 16:21:24,544.4712068708118
2022-03-27 16:21:29,544.4724486666441
2022-03-27 16:21:34,544.4736904624764
2022-03-27 16:21:39,530.29
2022-03-27 16:21:44,544.4860591012973
2022-03-27 16:21:49,530.16
2022-03-27 16:21:54,544.5014615141815
2022-03-27 16:21:59,544.5091627206236
2022-03-27 16:22:04,530.06
2022-03-27 16:22:09,530.0
2022-03-27 16:22:14,544.53226633995
2022-03-27 16:22:19,529.86
2022-03-27 16:22:24,529.86
2022-03-27 16:22:29,529.83
2022-03-27 16:22:34,544.5630711657184
2022-03-27 16:22:39,529.7
2022-03-27 16:22:44,544.5784735786026
2022-03-27 16:22:49,529.63
2022-03-27 16:22:54,544.5938759914868
2022-03-27 16:22:59,544.6015771979289
2022-03-27 16:23:04,529.53
2022-03-27 16:23:09,529.53
2022-03-27 16:23:14,529.4
2022-03-27 16:23:19,529.4
2022-03-27 16:23:24,529.33
2022-03-27 16:23:29,529.3
2022-03-27 16:23:34,529.33
2022-03-27 16:23:39,529.3
2022-03-27 16:23:44,529.23
2022-03-27 16:23:49,529.23
2022-03-27 16:23:54,529.1
2022-03-27 16:23:59,544.6939916752341
2022-03-27 16:24:04,529.17
2022-03-27 16:24:09,529.07
2022-03-27 16:24:14,529.07
2022-03-27 16:24:19,529.07
2022-03-27 16:24:24,529.0
2022-03-27 16:24:29,528.94
2022-03-27 16:24:34,529.0
2022-03-27 16:24:39,528.94
2022-03-27 16:24:44,528.94
2022-03-27 16:24:49,544.7710037396552
2022-03-27 16:24:54,544.7787049460973
2022-03-27 16:24:59,528.87
2022-03-27 16:25:04,528.87
2022-03-27 16:25:09,528.87
2022-03-27 16:25:14,528.87
2022-03-27 16:25:19,544.8172109783077
2022-03-27 16:25:24,544.8249121847498
2022-03-27 16:25:29,544.8326133911919
2022-03-27 16:25:34,528.81
2022-03-27 16:25:39,528.81
2022-03-27 16:25:44,528.77
2022-03-27 16:25:49,528.77
2022-03-27 16:25:54,544.8711194234024
2022-03-27 16:25:59,528.71
2022-03-27 16:26:04,528.71
2022-03-27 16:26:09,528.71
2022-03-27 16:26:14,544.9019242491709
2022-03-27 16:26:19,528.71
2022-03-27 16:26:24,528.64
2022-03-27 16:26:29,544.9250278684972
2022-03-27 16:26:34,528.64
2022-03-27 16:26:39,528.64
2022-03-27 16:26:44,544.9481314878235
2022-03-27 16:26:49,528.65
2022-03-27 16:26:54,528.65
2022-03-27 16:26:59,544.9712351071497
2022-03-27 16:27:04,528.65
2022-03-27 16:27:09,528.64
2022-03-27 16:27:14,528.65
2022-03-27 16:27:19,545.0020399329181
2022-03-27 16:27:24,545.0097411393602
2022-03-27 16:27:29,528.58
2022-03-27 16:27:34,528.58
2022-03-27 16:27:39,545.0328447586866
2022-03-27 16:27:44,545.0405459651287
2022-03-27 16:27:49,528.58
2022-03-27 16:27:54,545.0559483780129
2022-03-27 16:27:59,545.063649584455
2022-03-27 16:28:04,528.55
2022-03-27 16:28:09,528.55
2022-03-27 16:28:14,528.55
2022-03-27 16:28:19,528.55
2022-03-27 16:28:24,528.55
2022-03-27 16:28:29,528.55
2022-03-27 16:28:34,528.55
2022-03-27 16:28:39,528.49
2022-03-27 16:28:44,545.132960442434
2022-03-27 16:28:49,528.55
2022-03-27 16:28:54,528.49
2022-03-27 16:28:59,545.1560640617602
2022-03-27 16:29:04,528.49
2022-03-27 16:29:09,528.49
2022-03-27 16:29:14,528.49
2022-03-27 16:29:19,545.1868688875286
2022-03-27 16:29:24,528.49
2022-03-27 16:29:29,545.2022713004128
2022-03-27 16:29:34,528.49
2022-03-27 16:29:39,545.217673713297
2022-03-27 16:29:44,528.49
2022-03-27 16:29:49,545.2330761261812
2022-03-27 16:29:54,528.42
2022-03-27 16:29:59,545.2484785390654
2022-03-27 16:30:04,528.42
2022-03-27 16:30:09,528.36
2022-03-27 16:30:14,528.36
2022-03-27 16:30:19,545.2792833648339
2022-03-27 16:30:24,528.36
2022-03-27 16:30:29,528.29
2022-03-27 16:30:34,545.3023869841602
2022-03-27 16:30:39,545.3100881906023
2022-03-27 16:30:44,528.29
2022-03-27 16:30:49,528.26
2022-03-27 16:30:54,528.26
2022-03-27 16:30:59,528.2
2022-03-27 16:31:04,528.2
2022-03-27 16:31:09,545.3562954292548
2022-03-27 16:31:14,545.3639966356969
2022-03-27 16:31:19,528.14
2022-03-27 16:31:24,528.14
2022-03-27 16:31:29,528.14
2022-03-27 16:31:34,528.07
2022-03-27 16:31:39,528.07
2022-03-27 16:31:44,528.04
2022-03-27 16:31:49,528.04
2022-03-27 16:31:54,528.07
2022-03-27 16:31:59,528.04
2022-03-27 16:32:04,528.04
2022-03-27 16:32:09,527.98
2022-03-27 16:32:14,527.98
2022-03-27 16:32:19,545.4641123194443
2022-03-27 16:32:24,527.91
2022-03-27 16:32:29,545.4795147323285
2022-03-27 16:32:34,527.85
2022-03-27 16:32:39,527.91
2022-03-27 16:32:44,527.91
2022-03-27 16:32:49,545.5103195580969
2022-03-27 16:32:54,527.85
2022-03-27 16:32:59,527.85
2022-03-27 16:33:04,527.85
2022-03-27 16:33:09,527.85
2022-03-27 16:33:14,527.85
2022-03-27 16:33:19,545.5565267967495
2022-03-27 16:33:24,527.91
2022-03-27 16:33:29,527.91
2022-03-27 16:33:34,527.91
2022-03-27 16:33:39,527.98
2022-03-27 16:33:44,527.98
2022-03-27 16:33:49,528.05
2022-03-27 16:33:54,528.05
2022-03-27 16:33:59,528.08
2022-03-27 16:34:04,545.6258376547285
2022-03-27 16:34:09,545.6335388611706
2022-03-27 16:34:14,528.15
2022-03-27 16:34:19,545.6489412740548
2022-03-27 16:34:24,528.21
2022-03-27 16:34:29,528.27
2022-03-27 16:34:34,528.31
2022-03-27 16:34:39,545.6797460998231
2022-03-27 16:34:44,528.38
2022-03-27 16:34:49,528.44
2022-03-27 16:34:54,528.51
2022-03-27 16:34:59,528.5
2022-03-27 16:35:04,528.57
2022-03-27 16:35:09,528.57
2022-03-27 16:35:14,528.61
2022-03-27 16:35:19,528.67
2022-03-27 16:35:24,545.749056957802
2022-03-27 16:35:29,545.7567581642442
2022-03-27 16:35:34,545.7644593706863
2022-03-27 16:35:39,528.9
2022-03-27 16:35:44,545.756990501912
2022-03-27 16:35:49,545.7161969991115
2022-03-27 16:35:54,529.03
2022-03-27 16:35:59,529.09
2022-03-27 16:36:04,545.59381649071
2022-03-27 16:36:09,529.25
2022-03-27 16:36:14,529.32
2022-03-27 16:36:19,529.35
2022-03-27 16:36:24,529.35
2022-03-27 16:36:29,545.3898489767073
2022-03-27 16:36:34,545.3490554739068
2022-03-27 16:36:39,545.3082619711063
2022-03-27 16:36:44,529.64
2022-03-27 16:36:49,545.2266749655053
2022-03-27 16:36:54,529.83
2022-03-27 16:36:59,545.1450879599042
2022-03-27 16:37:04,545.1042944571037
2022-03-27 16:37:09,530.0
2022-03-27 16:37:14,530.06
2022-03-27 16:37:19,530.16
2022-03-27 16:37:24,544.9411204459016
2022-03-27 16:37:29,530.35
2022-03-27 16:37:34,544.8595334403005
2022-03-27 16:37:39,530.51
2022-03-27 16:37:44,530.64
2022-03-27 16:37:49,530.73
2022-03-27 16:37:54,530.8
2022-03-27 16:37:59,544.655565926298
2022-03-27 16:38:04,544.6147724234975
2022-03-27 16:38:09,544.573978920697
2022-03-27 16:38:14,531.18
2022-03-27 16:38:19,531.31
2022-03-27 16:38:24,531.41
2022-03-27 16:38:29,531.47
2022-03-27 16:38:34,531.66
2022-03-27 16:38:39,531.69
2022-03-27 16:38:44,531.82
2022-03-27 16:38:49,531.89
2022-03-27 16:38:54,544.2068373954922
2022-03-27 16:38:59,532.11
2022-03-27 16:39:04,532.18
2022-03-27 16:39:09,544.0844568870907
2022-03-27 16:39:14,532.43
2022-03-27 16:39:19,532.5
2022-03-27 16:39:24,532.62
2022-03-27 16:39:29,532.69
2022-03-27 16:39:34,532.78
2022-03-27 16:39:39,543.8396958702876
2022-03-27 16:39:44,543.798902367487
2022-03-27 16:39:49,533.01
2022-03-27 16:39:54,533.13
2022-03-27 16:39:59,533.2
2022-03-27 16:40:04,533.23
2022-03-27 16:40:09,533.36
2022-03-27 16:40:14,533.45
2022-03-27 16:40:19,543.5133478478834
2022-03-27 16:40:24,533.65
2022-03-27 16:40:29,543.4317608422824
2022-03-27 16:40:34,533.74
2022-03-27 16:40:39,533.87
2022-03-27 16:40:44,533.93
2022-03-27 16:40:49,533.96
2022-03-27 16:40:54,534.03
2022-03-27 16:40:59,534.15
2022-03-27 16:41:04,543.1462063226787
2022-03-27 16:41:09,534.25
2022-03-27 16:41:14,534.31
2022-03-27 16:41:19,534.44
2022-03-27 16:41:24,542.9830323114767
2022-03-27 16:41:29,542.9422388086762
2022-03-27 16:41:34,534.6
2022-03-27 16:41:39,534.66
2022-03-27 16:41:44,534.73
2022-03-27 16:41:49,534.76
2022-03-27 16:41:54,534.82
2022-03-27 16:41:59,534.82
2022-03-27 16:42:04,534.95
2022-03-27 16:42:09,534.95
2022-03-27 16:42:14,534.95
2022-03-27 16:42:19,542.5343037806709
2022-03-27 16:42:24,535.05
2022-03-27 16:42:29,535.04
2022-03-27 16:42:34,535.11
2022-03-27 16:42:39,535.17
2022-03-27 16:42:44,542.3303362666684
2022-03-27 16:42:49,535.17
2022-03-27 16:42:54,535.24
2022-03-27 16:42:59,535.27
2022-03-27 16:43:04,542.1671622554663
2022-03-27 16:43:09,535.33
2022-03-27 16:43:14,535.4
2022-03-27 16:43:19,542.0447817470647
2022-03-27 16:43:24,535.4
2022-03-27 16:43:29,535.46
2022-03-27 16:43:34,535.46
2022-03-27 16:43:39,535.5
2022-03-27 16:43:44,535.56
2022-03-27 16:43:49,535.56
2022-03-27 16:43:54,535.56
2022-03-27 16:43:59,535.56
2022-03-27 16:44:04,535.62
2022-03-27 16:44:09,541.6368467190596
2022-03-27 16:44:14,541.5960532162591
2022-03-27 16:44:19,535.69
2022-03-27 16:44:24,541.514466210658
2022-03-27 16:44:29,535.69
2022-03-27 16:44:34,535.75
2022-03-27 16:44:39,535.69
2022-03-27 16:44:44,535.75
2022-03-27 16:44:49,535.79
2022-03-27 16:44:54,535.76
2022-03-27 16:44:59,535.76
2022-03-27 16:45:04,541.1881181882538
2022-03-27 16:45:09,535.79
2022-03-27 16:45:14,535.79
2022-03-27 16:45:19,535.79
2022-03-27 16:45:24,535.85
2022-03-27 16:45:29,535.79
2022-03-27 16:45:34,535.79
2022-03-27 16:45:39,535.85
2022-03-27 16:45:44,535.85
2022-03-27 16:45:49,540.8209766630491
2022-03-27 16:45:54,540.7801831602486
2022-03-27 16:45:59,535.85
2022-03-27 16:46:04,540.6985961546476
2022-03-27 16:46:09,535.85
2022-03-27 16:46:14,535.92
2022-03-27 16:46:19,535.92
2022-03-27 16:46:24,535.92
2022-03-27 16:46:29,540.494628640645
2022-03-27 16:46:34,535.92
2022-03-27 16:46:39,535.92
2022-03-27 16:46:44,535.92
2022-03-27 16:46:49,535.92
2022-03-27 16:46:54,535.92
2022-03-27 16:46:59,535.92
2022-03-27 16:47:04,535.85
2022-03-27 16:47:09,535.92
2022-03-27 16:47:14,535.92
2022-03-27 16:47:19,535.92
2022-03-27 16:47:24,540.0459001098393
2022-03-27 16:47:29,535.92
2022-03-27 16:47:34,535.92
2022-03-27 16:47:39,539.9235196014378
2022-03-27 16:47:44,535.99
2022-03-27 16:47:49,535.99
2022-03-27 16:47:54,539.8011390930362
2022-03-27 16:47:59,536.02
2022-03-27 16:48:04,536.02
2022-03-27 16:48:09,536.02
2022-03-27 16:48:14,539.6379650818341
2022-03-27 16:48:19,539.5971715790336
2022-03-27 16:48:24,539.556378076233
2022-03-27 16:48:29,536.21
2022-03-27 16:48:34,536.21
2022-03-27 16:48:39,536.22
2022-03-27 16:48:44,536.28
2022-03-27 16:48:49,539.3524105622305
2022-03-27 16:48:54,539.31161705943
2022-03-27 16:48:59,536.37
2022-03-27 16:49:04,536.37
2022-03-27 16:49:09,536.44
2022-03-27 16:49:14,536.44
2022-03-27 16:49:19,536.53
2022-03-27 16:49:24,539.0668560426268
2022-03-27 16:49:29,539.0260625398263
2022-03-27 16:49:34,536.6
2022-03-27 16:49:39,536.67
2022-03-27 16:49:44,536.67
2022-03-27 16:49:49,536.73
2022-03-27 16:49:54,538.912490348495
2022-03-27 16:49:59,536.73
2022-03-27 16:50:04,536.8
2022-03-27 16:50:09,536.83
2022-03-27 16:50:14,536.83
2022-03-27 16:50:19,536.89
2022-03-27 16:50:24,536.89
2022-03-27 16:50:29,539.074780800076
2022-03-27 16:50:34,539.0979651503019
2022-03-27 16:50:39,539.1211495005277
2022-03-27 16:50:44,536.96
2022-03-27 16:50:49,537.02
2022-03-27 16:50:54,537.06
2022-03-27 16:50:59,537.06
2022-03-27 16:51:04,537.06
2022-03-27 16:51:09,539.2602556018828
2022-03-27 16:51:14,539.2834399521087
2022-03-27 16:51:19,539.3066243023345
2022-03-27 16:51:24,537.19
2022-03-27 16:51:29,537.19
2022-03-27 16:51:34,537.19
2022-03-27 16:51:39,539.3993617032379
2022-03-27 16:51:44,537.26
2022-03-27 16:51:49,537.26
2022-03-27 16:51:54,539.4689147539154
2022-03-27 16:51:59,537.32
2022-03-27 16:52:04,537.32
2022-03-27 16:52:09,537.35
2022-03-27 16:52:14,539.5616521548188
2022-03-27 16:52:19,537.36
2022-03-27 16:52:24,537.42
2022-03-27 16:52:29,539.6312052054964
2022-03-27 16:52:34,537.49
2022-03-27 16:52:39,537.55
2022-03-27 16:52:44,537.55
2022-03-27 16:52:49,537.59
2022-03-27 16:52:54,537.59
2022-03-27 16:52:59,537.65
2022-03-27 16:53:04,539.7934956570773
2022-03-27 16:53:09,539.8166800073033
2022-03-27 16:53:14,537.78
2022-03-27 16:53:19,537.85
2022-03-27 16:53:24,537.85
2022-03-27 16:53:29,539.9094174082067
2022-03-27 16:53:34,537.94
2022-03-27 16:53:39,538.01
2022-03-27 16:53:44,538.1
2022-03-27 16:53:49,540.00215480911
2022-03-27 16:53:54,538.24
2022-03-27 16:53:59,540.0485235095617
2022-03-27 16:54:04,540.0717078597876
2022-03-27 16:54:09,540.0948922100134
2022-03-27 16:54:14,540.1180765602393
2022-03-27 16:54:19,540.1412609104651
2022-03-27 16:54:24,538.53
2022-03-27 16:54:29,540.1876296109168
2022-03-27 16:54:34,538.69
2022-03-27 16:54:39,540.2339983113685
2022-03-27 16:54:44,538.75
2022-03-27 16:54:49,538.88
2022-03-27 16:54:54,538.88
2022-03-27 16:54:59,538.98
2022-03-27 16:55:04,540.3499200624977
2022-03-27 16:55:09,539.04
2022-03-27 16:55:14,540.3962887629494
2022-03-27 16:55:19,540.4194731131753
2022-03-27 16:55:24,540.4426574634011
2022-03-27 16:55:29,539.33
2022-03-27 16:55:34,539.43
2022-03-27 16:55:39,540.5122105140787
2022-03-27 16:55:44,540.5353948643045
2022-03-27 16:55:49,539.62
2022-03-27 16:55:54,539.72
2022-03-27 16:55:59,539.79
2022-03-27 16:56:04,539.91
2022-03-27 16:56:09,539.94
2022-03-27 16:56:14,540.01
2022-03-27 16:56:19,540.14
2022-03-27 16:56:24,540.17
2022-03-27 16:56:29,540.7440540163373
2022-03-27 16:56:34,540.7672383665631
2022-03-27 16:56:39,540.790422716789
2022-03-27 16:56:44,540.8136070670148
2022-03-27 16:56:49,540.65
2022-03-27 16:56:54,540.74
2022-03-27 16:56:59,540.74
2022-03-27 16:57:04,540.87
2022-03-27 16:57:09,540.97
2022-03-27 16:57:14,540.9527131683699
2022-03-27 16:57:19,540.9758975185957
2022-03-27 16:57:24,540.9990818688216
2022-03-27 16:57:29,541.26
2022-03-27 16:57:34,541.32
2022-03-27 16:57:39,541.0686349194991
2022-03-27 16:57:44,541.48
2022-03-27 16:57:49,541.67
2022-03-27 16:57:54,541.71
2022-03-27 16:57:59,541.77
2022-03-27 16:58:04,541.83
2022-03-27 16:58:09,541.96
2022-03-27 16:58:14,541.23092537108
2022-03-27 16:58:19,542.05
2022-03-27 16:58:24,541.2772940715317
2022-03-27 16:58:29,542.18
2022-03-27 16:58:34,541.3236627719834
2022-03-27 16:58:39,541.3468471222093
2022-03-27 16:58:44,542.47
2022-03-27 16:58:49,542.5
2022-03-27 16:58:54,542.56
2022-03-27 16:58:59,542.69
2022-03-27 16:59:04,542.72
2022-03-27 16:59:09,542.79
2022-03-27 16:59:14,541.5091375737903
2022-03-27 16:59:19,542.92
2022-03-27 16:59:24,543.01
2022-03-27 16:59:29,543.08
2022-03-27 16:59:34,541.6018749746937
2022-03-27 16:59:39,543.14
2022-03-27 16:59:44,543.2
2022-03-27 16:59:49,543.3
2022-03-27 16:59:54,541.6946123755971
2022-03-27 16:59:59,543.36
2022-03-27 17:00:04,543.43
2022-03-27 17:00:09,543.49
2022-03-27 17:00:14,541.7873497765005
2022-03-27 17:00:19,543.59
2022-03-27 17:00:24,543.65
2022-03-27 17:00:29,543.72
2022-03-27 17:00:34,543.72
2022-03-27 17:00:39,541.9032715276297
2022-03-27 17:00:44,543.81
2022-03-27 17:00:49,543.81
2022-03-27 17:00:54,543.88
2022-03-27 17:00:59,543.94
2022-03-27 17:01:04,544.01
2022-03-27 17:01:09,544.0
2022-03-27 17:01:14,544.04
2022-03-27 17:01:19,542.0887463294365
2022-03-27 17:01:24,544.1
2022-03-27 17:01:29,544.1
2022-03-27 17:01:34,544.1
2022-03-27 17:01:39,542.18148373034
2022-03-27 17:01:44,544.16
2022-03-27 17:01:49,544.1
2022-03-27 17:01:54,544.17
2022-03-27 17:01:59,542.2742211312434
2022-03-27 17:02:04,544.16
2022-03-27 17:02:09,544.1
2022-03-27 17:02:14,542.3437741819209
2022-03-27 17:02:19,544.1
2022-03-27 17:02:24,542.3901428823726
2022-03-27 17:02:29,544.1
2022-03-27 17:02:34,542.4365115828243
2022-03-27 17:02:39,544.1
2022-03-27 17:02:44,544.04
2022-03-27 17:02:49,544.01
2022-03-27 17:02:54,544.01
2022-03-27 17:02:59,542.5524333339536
2022-03-27 17:03:04,542.5756176841794
2022-03-27 17:03:09,542.5988020344053
2022-03-27 17:03:14,543.81
2022-03-27 17:03:19,543.75
2022-03-27 17:03:24,543.75
2022-03-27 17:03:29,543.72
2022-03-27 17:03:34,542.7147237855345
2022-03-27 17:03:39,543.59
2022-03-27 17:03:44,542.7610924859862
2022-03-27 17:03:49,543.5
2022-03-27 17:03:54,543.5
2022-03-27 17:03:59,543.43
2022-03-27 17:04:04,543.3
2022-03-27 17:04:09,542.6337856537776
2022-03-27 17:04:14,542.5844555313748
2022-03-27 17:04:19,543.08
2022-03-27 17:04:24,543.01
2022-03-27 17:04:29,542.4364651641663
2022-03-27 17:04:34,542.85
2022-03-27 17:04:39,542.79
2022-03-27 17:04:44,542.2884747969578
2022-03-27 17:04:49,542.2391446745548
2022-03-27 17:04:54,542.57
2022-03-27 17:04:59,542.47
2022-03-27 17:05:04,542.0911543073463
2022-03-27 17:05:09,542.34
2022-03-27 17:05:14,542.21
2022-03-27 17:05:19,541.9431639401378
2022-03-27 17:05:24,542.11
2022-03-27 17:05:29,542.05
2022-03-27 17:05:34,541.99
2022-03-27 17:05:39,541.89
2022-03-27 17:05:44,541.6965133281235
2022-03-27 17:05:49,541.76
2022-03-27 17:05:54,541.5978530833178
2022-03-27 17:05:59,541.548522960915
2022-03-27 17:06:04,541.54
2022-03-27 17:06:09,541.4498627161092
2022-03-27 17:06:14,541.4005325937063
2022-03-27 17:06:19,541.38
2022-03-27 17:06:24,541.25
2022-03-27 17:06:29,541.19
2022-03-27 17:06:34,541.15
2022-03-27 17:06:39,541.03
2022-03-27 17:06:44,541.03
2022-03-27 17:06:49,540.96
2022-03-27 17:06:54,540.86
2022-03-27 17:06:59,540.8
2022-03-27 17:07:04,540.74
2022-03-27 17:07:09,540.74
2022-03-27 17:07:14,540.64
2022-03-27 17:07:19,540.7592410024693
2022-03-27 17:07:24,540.7099108800664
2022-03-27 17:07:29,540.6605807576635
2022-03-27 17:07:34,540.42
2022-03-27 17:07:39,540.42
2022-03-27 17:07:44,540.35
2022-03-27 17:07:49,540.4632602680522
2022-03-27 17:07:54,540.4139301456493
2022-03-27 17:07:59,540.3646000232465
2022-03-27 17:08:04,540.16
2022-03-27 17:08:09,540.07
2022-03-27 17:08:14,540.07
2022-03-27 17:08:19,540.167279533635
2022-03-27 17:08:24,539.94
2022-03-27 17:08:29,539.9
2022-03-27 17:08:34,539.91
2022-03-27 17:08:39,539.9699590440235
2022-03-27 17:08:44,539.78
2022-03-27 17:08:49,539.71
2022-03-27 17:08:54,539.65
2022-03-27 17:08:59,539.65
2022-03-27 17:09:04,539.65
2022-03-27 17:09:09,539.6739783096065
2022-03-27 17:09:14,539.6246481872037
2022-03-27 17:09:19,539.49
2022-03-27 17:09:24,539.5259879423979
2022-03-27 17:09:29,539.476657819995
2022-03-27 17:09:34,539.43
2022-03-27 17:09:39,539.3779975751894
2022-03-27 17:09:44,539.33
2022-03-27 17:09:49,539.33
2022-03-27 17:09:54,539.2300072079807
2022-03-27 17:09:59,539.27
2022-03-27 17:10:04,539.27
2022-03-27 17:10:09,539.21
2022-03-27 17:10:14,539.0326867183694
2022-03-27 17:10:19,538.9833565959665
2022-03-27 17:10:24,538.9340264735637
2022-03-27 17:10:29,539.11
2022-03-27 17:10:34,538.835366228758
2022-03-27 17:10:39,538.98
2022-03-27 17:10:44,538.7367059839522
2022-03-27 17:10:49,538.99
2022-03-27 17:10:54,538.89
2022-03-27 17:10:59,538.89
2022-03-27 17:11:04,538.5393854943409
2022-03-27 17:11:09,538.490055371938
2022-03-27 17:11:14,538.77
2022-03-27 17:11:19,538.3913951271322
2022-03-27 17:11:24,538.7
2022-03-27 17:11:29,538.7
2022-03-27 17:11:34,538.64
2022-03-27 17:11:39,538.64
2022-03-27 17:11:44,538.61
2022-03-27 17:11:49,538.61
2022-03-27 17:11:54,538.54
2022-03-27 17:11:59,538.54
2022-03-27 17:12:04,538.54
2022-03-27 17:12:09,537.8980939031037
2022-03-27 17:12:14,538.48
2022-03-27 17:12:19,537.7994336582981
2022-03-27 17:12:24,538.41
2022-03-27 17:12:29,538.41
2022-03-27 17:12:34,538.41
2022-03-27 17:12:39,538.41
2022-03-27 17:12:44,538.39
2022-03-27 17:12:49,538.38
2022-03-27 17:12:54,538.38
2022-03-27 17:12:59,537.4047926790752
2022-03-27 17:13:04,538.25
2022-03-27 17:13:09,538.32
2022-03-27 17:13:14,537.2568023118666
2022-03-27 17:13:19,538.26
2022-03-27 17:13:24,538.26
2022-03-27 17:13:29,538.26
2022-03-27 17:13:34,538.25
2022-03-27 17:13:39,537.0101516998524
2022-03-27 17:13:44,536.9608215774496
2022-03-27 17:13:49,538.19
2022-03-27 17:13:54,536.8621613326438
2022-03-27 17:13:59,538.13
2022-03-27 17:14:04,538.19
2022-03-27 17:14:09,538.09
2022-03-27 17:14:14,538.09
2022-03-27 17:14:19,538.03
2022-03-27 17:14:24,536.5661805982267
2022-03-27 17:14:29,536.5168504758238
2022-03-27 17:14:34,537.96
2022-03-27 17:14:39,537.9
2022-03-27 17:14:44,537.9
2022-03-27 17:14:49,537.86
2022-03-27 17:14:54,537.86
2022-03-27 17:14:59,536.2208697414067
2022-03-27 17:15:04,537.8
2022-03-27 17:15:09,537.73
2022-03-27 17:15:14,537.73
2022-03-27 17:15:19,536.0235492517953
2022-03-27 17:15:24,537.67
2022-03-27 17:15:29,537.67
2022-03-27 17:15:34,537.6
2022-03-27 17:15:39,537.57
2022-03-27 17:15:44,537.56
2022-03-27 17:15:49,537.56
2022-03-27 17:15:54,537.56
2022-03-27 17:15:59,537.56
2022-03-27 17:16:04,537.5
2022-03-27 17:16:09,537.5
2022-03-27 17:16:14,537.43
2022-03-27 17:16:19,537.43
2022-03-27 17:16:24,537.43
2022-03-27 17:16:29,537.37
2022-03-27 17:16:34,537.36
2022-03-27 17:16:39,537.33
2022-03-27 17:16:44,537.33
2022-03-27 17:16:49,537.33
2022-03-27 17:16:54,537.33
2022-03-27 17:16:59,537.33
2022-03-27 17:17:04,537.26
2022-03-27 17:17:09,537.33
2022-03-27 17:17:14,537.33
2022-03-27 17:17:19,534.8396263141268
2022-03-27 17:17:24,537.36
2022-03-27 17:17:29,537.32
2022-03-27 17:17:34,534.6916359469183
2022-03-27 17:17:39,537.33
2022-03-27 17:17:44,534.5929757021125
2022-03-27 17:17:49,534.5436455797096
2022-03-27 17:17:54,537.35
2022-03-27 17:17:59,537.35
2022-03-27 17:18:04,537.35
2022-03-27 17:18:09,537.42
2022-03-27 17:18:14,537.42
2022-03-27 17:18:19,537.42
2022-03-27 17:18:24,537.42
2022-03-27 17:18:29,534.6392337660216
2022-03-27 17:18:34,537.48
2022-03-27 17:18:39,534.6963130944755
2022-03-27 17:18:44,534.7248527587026
2022-03-27 17:18:49,537.54
2022-03-27 17:18:54,537.54
2022-03-27 17:18:59,537.58
2022-03-27 17:19:04,534.8390114156106
2022-03-27 17:19:09,537.57
2022-03-27 17:19:14,537.64
2022-03-27 17:19:19,537.7
2022-03-27 17:19:24,537.64
2022-03-27 17:19:29,537.7
2022-03-27 17:19:34,537.7
2022-03-27 17:19:39,535.0387890651996
2022-03-27 17:19:44,535.0673287294265
2022-03-27 17:19:49,537.83
2022-03-27 17:19:54,535.1244080578805
2022-03-27 17:19:59,537.83
2022-03-27 17:20:04,535.1814873863345
2022-03-27 17:20:09,537.93
2022-03-27 17:20:14,537.93
2022-03-27 17:20:19,537.93
2022-03-27 17:20:24,537.99
2022-03-27 17:20:29,538.0
2022-03-27 17:20:34,538.0
2022-03-27 17:20:39,538.09
2022-03-27 17:20:44,538.06
2022-03-27 17:20:49,538.09
2022-03-27 17:20:54,538.09
2022-03-27 17:20:59,535.4954236928315
2022-03-27 17:21:04,538.22
2022-03-27 17:21:09,538.29
2022-03-27 17:21:14,538.29
2022-03-27 17:21:19,538.29
2022-03-27 17:21:24,535.6381220139665
2022-03-27 17:21:29,538.35
2022-03-27 17:21:34,535.6952013424204
2022-03-27 17:21:39,538.45
2022-03-27 17:21:44,535.7522806708745
2022-03-27 17:21:49,535.7808203351015
2022-03-27 17:21:54,535.8093599993285
2022-03-27 17:21:59,538.58
2022-03-27 17:22:04,535.8664393277825
2022-03-27 17:22:09,538.61
2022-03-27 17:22:14,538.67
2022-03-27 17:22:19,538.68
2022-03-27 17:22:24,538.74
2022-03-27 17:22:29,538.74
2022-03-27 17:22:34,536.0376773131445
2022-03-27 17:22:39,538.81
2022-03-27 17:22:44,538.87
2022-03-27 17:22:49,536.1232963058254
2022-03-27 17:22:54,538.91
2022-03-27 17:22:59,538.97
2022-03-27 17:23:04,536.2089152985064
2022-03-27 17:23:09,538.97
2022-03-27 17:23:14,538.97
2022-03-27 17:23:19,536.2945342911875
2022-03-27 17:23:24,539.1
2022-03-27 17:23:29,539.13
2022-03-27 17:23:34,539.13
2022-03-27 17:23:39,539.13
2022-03-27 17:23:44,539.2
2022-03-27 17:23:49,539.13
2022-03-27 17:23:54,539.2
2022-03-27 17:23:59,539.26
2022-03-27 17:24:04,539.26
2022-03-27 17:24:09,539.26
2022-03-27 17:24:14,536.6084705976845
2022-03-27 17:24:19,536.6370102619114
2022-03-27 17:24:24,539.39
2022-03-27 17:24:29,539.39
2022-03-27 17:24:34,536.7226292545924
2022-03-27 17:24:39,536.7511689188194
2022-03-27 17:24:44,539.42
2022-03-27 17:24:49,536.8082482472735
2022-03-27 17:24:54,539.42
2022-03-27 17:24:59,539.49
2022-03-27 17:25:04,539.55
2022-03-27 17:25:09,539.56
2022-03-27 17:25:14,539.55
2022-03-27 17:25:19,539.62
2022-03-27 17:25:24,539.62
2022-03-27 17:25:29,539.65
2022-03-27 17:25:34,537.0651052253164
2022-03-27 17:25:39,539.65
2022-03-27 17:25:44,539.72
2022-03-27 17:25:49,539.72
2022-03-27 17:25:54,539.72
2022-03-27 17:25:59,539.78
2022-03-27 17:26:04,539.78
2022-03-27 17:26:09,537.2648828749054
2022-03-27 17:26:14,537.2934225391324
2022-03-27 17:26:19,539.91
2022-03-27 17:26:24,537.3505018675863
2022-03-27 17:26:29,539.94
2022-03-27 17:26:34,539.95
2022-03-27 17:26:39,537.4361208602674
2022-03-27 17:26:44,539.95
2022-03-27 17:26:49,540.07
2022-03-27 17:26:54,537.5217398529484
2022-03-27 17:26:59,537.5502795171753
2022-03-27 17:27:04,540.07
2022-03-27 17:27:09,540.14
2022-03-27 17:27:14,540.14
2022-03-27 17:27:19,537.6644381740833
2022-03-27 17:27:24,540.18
2022-03-27 17:27:29,537.7215175025374
2022-03-27 17:27:34,540.17
2022-03-27 17:27:39,537.7785968309913
2022-03-27 17:27:44,537.8071364952184
2022-03-27 17:27:49,537.8356761594454
2022-03-27 17:27:54,540.24
2022-03-27 17:27:59,540.31
2022-03-27 17:28:04,537.9212951521264
2022-03-27 17:28:09,537.9498348163534
2022-03-27 17:28:14,540.38
2022-03-27 17:28:19,538.0069141448073
2022-03-27 17:28:24,540.44
2022-03-27 17:28:29,540.44
2022-03-27 17:28:34,540.44
2022-03-27 17:28:39,540.48
2022-03-27 17:28:44,538.1496124659424
2022-03-27 17:28:49,540.48
2022-03-27 17:28:54,540.48
2022-03-27 17:28:59,540.54
2022-03-27 17:29:04,540.54
2022-03-27 17:29:09,540.54
2022-03-27 17:29:14,538.3208504513043
2022-03-27 17:29:19,540.55
2022-03-27 17:29:24,540.61
2022-03-27 17:29:29,540.61
2022-03-27 17:29:34,540.61
2022-03-27 17:29:39,540.61
2022-03-27 17:29:44,540.61
2022-03-27 17:29:49,538.5206281008933
2022-03-27 17:29:54,540.68
2022-03-27 17:29:59,538.5777074293472
2022-03-27 17:30:04,540.71
2022-03-27 17:30:09,538.6347867578013
2022-03-27 17:30:14,538.6633264220283
2022-03-27 17:30:19,540.71
2022-03-27 17:30:24,538.7204057504823
2022-03-27 17:30:29,540.78
2022-03-27 17:30:34,540.84
2022-03-27 17:30:39,538.8060247431633
2022-03-27 17:30:44,540.91
2022-03-27 17:30:49,538.8631040716173
2022-03-27 17:30:54,540.91
2022-03-27 17:30:59,540.91
2022-03-27 17:31:04,540.97
2022-03-27 17:31:09,540.97
2022-03-27 17:31:14,540.97
2022-03-27 17:31:19,540.98
2022-03-27 17:31:24,540.97
2022-03-27 17:31:29,539.0914213854333
2022-03-27 17:31:34,540.97
2022-03-27 17:31:39,540.97
2022-03-27 17:31:44,540.97
2022-03-27 17:31:49,540.97
2022-03-27 17:31:54,539.2341197065682
2022-03-27 17:31:59,539.2626593707953
2022-03-27 17:32:04,540.91
2022-03-27 17:32:09,539.2525718664701
2022-03-27 17:32:14,540.97
2022-03-27 17:32:19,540.97
2022-03-27 17:32:24,539.1752687790082
2022-03-27 17:32:29,539.1495010831876
2022-03-27 17:32:34,539.123733387367
2022-03-27 17:32:39,540.84
2022-03-27 17:32:44,540.84
2022-03-27 17:32:49,539.0464302999051
2022-03-27 17:32:54,540.84
2022-03-27 17:32:59,540.77
2022-03-27 17:33:04,540.78
2022-03-27 17:33:09,538.9433595166225
2022-03-27 17:33:14,540.71
2022-03-27 17:33:19,540.68
2022-03-27 17:33:24,540.68
2022-03-27 17:33:29,540.61
2022-03-27 17:33:34,540.67
2022-03-27 17:33:39,540.6
2022-03-27 17:33:44,538.7629856458781
2022-03-27 17:33:49,540.54
2022-03-27 17:33:54,538.7114502542368
2022-03-27 17:33:59,540.48
2022-03-27 17:34:04,540.45
2022-03-27 17:34:09,540.45
2022-03-27 17:34:14,540.45
2022-03-27 17:34:19,538.5826117751336
2022-03-27 17:34:24,540.38
2022-03-27 17:34:29,540.38
2022-03-27 17:34:34,538.5053086876717
2022-03-27 17:34:39,540.31
2022-03-27 17:34:44,538.4537732960304
2022-03-27 17:34:49,538.4280056002098
2022-03-27 17:34:54,540.25
2022-03-27 17:34:59,540.25
2022-03-27 17:35:04,538.3507025127478
2022-03-27 17:35:09,540.18
2022-03-27 17:35:14,540.14
2022-03-27 17:35:19,540.08
2022-03-27 17:35:24,540.02
2022-03-27 17:35:29,538.2218640336447
2022-03-27 17:35:34,539.95
2022-03-27 17:35:39,539.95
2022-03-27 17:35:44,539.91
2022-03-27 17:35:49,539.85
2022-03-27 17:35:54,538.0930255545416
2022-03-27 17:35:59,539.66
2022-03-27 17:36:04,538.0414901629002
2022-03-27 17:36:09,538.0157224670796
2022-03-27 17:36:14,537.9899547712589
2022-03-27 17:36:19,539.56
2022-03-27 17:36:24,539.43
2022-03-27 17:36:29,539.39
2022-03-27 17:36:34,537.8868839879764
2022-03-27 17:36:39,539.27
2022-03-27 17:36:44,539.2
2022-03-27 17:36:49,537.8095809005144
2022-03-27 17:36:54,539.1
2022-03-27 17:36:59,537.7580455088732
2022-03-27 17:37:04,537.7322778130525
2022-03-27 17:37:09,538.88
2022-03-27 17:37:14,537.6807424214113
2022-03-27 17:37:19,538.82
2022-03-27 17:37:24,538.69
2022-03-27 17:37:29,538.62
2022-03-27 17:37:34,538.59
2022-03-27 17:37:39,538.52
2022-03-27 17:37:44,538.46
2022-03-27 17:37:49,538.36
2022-03-27 17:37:54,537.4746008548462
2022-03-27 17:37:59,538.23
2022-03-27 17:38:04,538.17
2022-03-27 17:38:09,538.1
2022-03-27 17:38:14,538.07
2022-03-27 17:38:19,538.07
2022-03-27 17:38:24,537.3199946799224
2022-03-27 17:38:29,537.88
2022-03-27 17:38:34,537.85
2022-03-27 17:38:39,537.85
2022-03-27 17:38:44,537.2169238966399
2022-03-27 17:38:49,537.66
2022-03-27 17:38:54,537.1653885049985
2022-03-27 17:38:59,537.59
2022-03-27 17:39:04,537.56
2022-03-27 17:39:09,537.49
2022-03-27 17:39:14,537.062317721716
2022-03-27 17:39:19,537.37
2022-03-27 17:39:24,537.27
2022-03-27 17:39:29,536.9850146342541
2022-03-27 17:39:34,536.9592469384335
2022-03-27 17:39:39,537.08
2022-03-27 17:39:44,536.98
2022-03-27 17:39:49,536.92
2022-03-27 17:39:54,536.92
2022-03-27 17:39:59,536.82
2022-03-27 17:40:04,536.82
2022-03-27 17:40:09,536.69
2022-03-27 17:40:14,536.69
2022-03-27 17:40:19,536.63
2022-03-27 17:40:24,536.53
2022-03-27 17:40:29,536.47
2022-03-27 17:40:34,536.47
2022-03-27 17:40:39,536.6242668927651
2022-03-27 17:40:44,536.31
2022-03-27 17:40:49,536.31
2022-03-27 17:40:54,536.5469638053032
2022-03-27 17:40:59,536.5211961094826
2022-03-27 17:41:04,536.495428413662
2022-03-27 17:41:09,536.05
2022-03-27 17:41:14,536.4438930220207
2022-03-27 17:41:19,536.4181253262001
2022-03-27 17:41:24,535.89
2022-03-27 17:41:29,535.82
2022-03-27 17:41:34,535.82
2022-03-27 17:41:39,535.79
2022-03-27 17:41:44,535.79
2022-03-27 17:41:49,535.73
2022-03-27 17:41:54,536.2377514554556
2022-03-27 17:41:59,535.67
2022-03-27 17:42:04,535.6
2022-03-27 17:42:09,535.54
2022-03-27 17:42:14,535.54
2022-03-27 17:42:19,535.54
2022-03-27 17:42:24,535.5
2022-03-27 17:42:29,535.51
2022-03-27 17:42:34,536.0316098888906
2022-03-27 17:42:39,535.44
2022-03-27 17:42:44,535.44
2022-03-27 17:42:49,535.9543068014286
2022-03-27 17:42:54,535.928539105608
2022-03-27 17:42:59,535.44
2022-03-27 17:43:04,535.8770037139667
2022-03-27 17:43:09,535.38
2022-03-27 17:43:14,535.38
2022-03-27 17:43:19,535.7997006265048
2022-03-27 17:43:24,535.31
2022-03-27 17:43:29,535.38
2022-03-27 17:43:34,535.32
2022-03-27 17:43:39,535.6966298432222
2022-03-27 17:43:44,535.38
2022-03-27 17:43:49,535.38
2022-03-27 17:43:54,535.38
2022-03-27 17:43:59,535.5935590599397
2022-03-27 17:44:04,535.38
2022-03-27 17:44:09,535.5420236682984
2022-03-27 17:44:14,535.5162559724778
2022-03-27 17:44:19,535.4904882766572
2022-03-27 17:44:24,535.51
2022-03-27 17:44:29,535.51
2022-03-27 17:44:34,535.51
2022-03-27 17:44:39,535.54
2022-03-27 17:44:44,535.54
2022-03-27 17:44:49,535.6
2022-03-27 17:44:54,535.67
2022-03-27 17:44:59,535.67
2022-03-27 17:45:04,535.67
2022-03-27 17:45:09,535.2328113184508
2022-03-27 17:45:14,535.8
2022-03-27 17:45:19,535.8
2022-03-27 17:45:24,535.9
2022-03-27 17:45:29,535.9
2022-03-27 17:45:34,535.1039728393475
2022-03-27 17:45:39,535.96
2022-03-27 17:45:44,536.03
2022-03-27 17:45:49,536.06
2022-03-27 17:45:54,536.13
2022-03-27 17:45:59,536.19
2022-03-27 17:46:04,536.26
2022-03-27 17:46:09,536.26
2022-03-27 17:46:14,536.32
2022-03-27 17:46:19,536.36
2022-03-27 17:46:24,535.1396710486573
2022-03-27 17:46:29,535.2062153667533
2022-03-27 17:46:34,536.55
2022-03-27 17:46:39,536.55
2022-03-27 17:46:44,536.58
2022-03-27 17:46:49,536.65
2022-03-27 17:46:54,535.5389369572335
2022-03-27 17:46:59,535.6054812753297
2022-03-27 17:47:04,536.84
2022-03-27 17:47:09,536.88
2022-03-27 17:47:14,535.8051142296177
2022-03-27 17:47:19,537.01
2022-03-27 17:47:24,537.07
2022-03-27 17:47:29,536.0047471839059
2022-03-27 17:47:34,536.071291502002
2022-03-27 17:47:39,537.17
2022-03-27 17:47:44,536.2043801381941
2022-03-27 17:47:49,537.3
2022-03-27 17:47:54,537.4
2022-03-27 17:47:59,537.4
2022-03-27 17:48:04,537.46
2022-03-27 17:48:09,537.53
2022-03-27 17:48:14,537.59
2022-03-27 17:48:19,537.69
2022-03-27 17:48:24,537.69
2022-03-27 17:48:29,537.76
2022-03-27 17:48:34,537.82
2022-03-27 17:48:39,537.82
2022-03-27 17:48:44,537.0029119553467
2022-03-27 17:48:49,537.98
2022-03-27 17:48:54,538.05
2022-03-27 17:48:59,538.11
2022-03-27 17:49:04,538.11
2022-03-27 17:49:09,537.335633545827
2022-03-27 17:49:14,538.21
2022-03-27 17:49:19,537.4687221820191
2022-03-27 17:49:24,537.5352665001152
2022-03-27 17:49:29,537.6018108182112
2022-03-27 17:49:34,537.6683551363072
2022-03-27 17:49:39,537.7348994544034
2022-03-27 17:49:44,537.8014437724994
2022-03-27 17:49:49,537.8679880905954
2022-03-27 17:49:54,538.72
2022-03-27 17:49:59,538.85
2022-03-27 17:50:04,538.92
2022-03-27 17:50:09,538.1341653629796
2022-03-27 17:50:14,539.01
2022-03-27 17:50:19,539.08
2022-03-27 17:50:24,538.3337983172678
2022-03-27 17:50:29,538.4003426353638
2022-03-27 17:50:34,539.24
2022-03-27 17:50:39,539.37
2022-03-27 17:50:44,538.599975589652
2022-03-27 17:50:49,539.53
2022-03-27 17:50:54,539.59
2022-03-27 17:50:59,539.66
2022-03-27 17:51:04,539.75
2022-03-27 17:51:09,538.9326971801323
2022-03-27 17:51:14,538.9992414982283
2022-03-27 17:51:19,539.0657858163244
2022-03-27 17:51:24,540.04
2022-03-27 17:51:29,540.17
2022-03-27 17:51:34,539.2654187706125
2022-03-27 17:51:39,540.32
2022-03-27 17:51:44,539.3985074068046
2022-03-27 17:51:49,540.48
2022-03-27 17:51:54,539.5315960429967
2022-03-27 17:51:59,539.5981403610928
2022-03-27 17:52:04,539.6646846791889
2022-03-27 17:52:09,540.9
2022-03-27 17:52:14,540.97
2022-03-27 17:52:19,541.06
2022-03-27 17:52:24,541.19
2022-03-27 17:52:29,539.9974062696691
2022-03-27 17:52:34,541.35
2022-03-27 17:52:39,540.1304949058612
2022-03-27 17:52:44,540.1970392239573
2022-03-27 17:52:49,541.57
2022-03-27 17:52:54,541.7
2022-03-27 17:52:59,541.8
2022-03-27 17:53:04,541.92
2022-03-27 17:53:09,540.5297608144375
2022-03-27 17:53:14,540.5963051325335
2022-03-27 17:53:19,542.24
2022-03-27 17:53:24,542.31
2022-03-27 17:53:29,542.44
2022-03-27 17:53:34,542.53
2022-03-27 17:53:39,540.9290267230139
2022-03-27 17:53:44,540.9955710411099
2022-03-27 17:53:49,542.82
2022-03-27 17:53:54,542.95
2022-03-27 17:53:59,543.01
2022-03-27 17:54:04,543.17
2022-03-27 17:54:09,543.24
2022-03-27 17:54:14,543.33
2022-03-27 17:54:19,541.4613812677823
2022-03-27 17:54:24,541.5279255858783
2022-03-27 17:54:29,543.55
2022-03-27 17:54:34,543.75
2022-03-27 17:54:39,541.7275585401665
2022-03-27 17:54:44,543.91
2022-03-27 17:54:49,541.8606471763586
2022-03-27 17:54:54,541.9271914944546
2022-03-27 17:54:59,541.9937358125507
2022-03-27 17:55:04,542.0602801306467
2022-03-27 17:55:09,544.36
2022-03-27 17:55:14,542.1933687668388
2022-03-27 17:55:19,544.55
2022-03-27 17:55:24,542.3264574030309
2022-03-27 17:55:29,544.71
2022-03-27 17:55:34,544.77
2022-03-27 17:55:39,544.87
2022-03-27 17:55:44,545.0
2022-03-27 17:55:49,545.06
2022-03-27 17:55:54,542.7257233116072
2022-03-27 17:55:59,545.22
2022-03-27 17:56:04,545.28
2022-03-27 17:56:09,542.9253562658954
2022-03-27 17:56:14,545.38
2022-03-27 17:56:19,545.38
2022-03-27 17:56:24,545.58
2022-03-27 17:56:29,545.51
2022-03-27 17:56:34,543.2580778563756
2022-03-27 17:56:39,545.61
2022-03-27 17:56:44,545.67
2022-03-27 17:56:49,545.67
2022-03-27 17:56:54,545.74
2022-03-27 17:56:59,545.8
2022-03-27 17:57:04,545.8
2022-03-27 17:57:09,543.723888083048
2022-03-27 17:57:14,545.9
2022-03-27 17:57:19,543.8569767192402
2022-03-27 17:57:24,545.9
2022-03-27 17:57:29,545.9
2022-03-27 17:57:34,545.9
2022-03-27 17:57:39,545.96
2022-03-27 17:57:44,545.96
2022-03-27 17:57:49,544.2562426278165
2022-03-27 17:57:54,544.3227869459125
2022-03-27 17:57:59,544.3893312640085
2022-03-27 17:58:04,545.97
2022-03-27 17:58:09,545.97
2022-03-27 17:58:14,545.96
2022-03-27 17:58:19,545.97
2022-03-27 17:58:24,545.9
2022-03-27 17:58:29,545.9
2022-03-27 17:58:34,545.9
2022-03-27 17:58:39,545.84
2022-03-27 17:58:44,545.84
2022-03-27 17:58:49,545.0547744449691
2022-03-27 17:58:54,545.74
2022-03-27 17:58:59,545.1878630811611
2022-03-27 17:59:04,545.68
2022-03-27 17:59:09,545.58
2022-03-27 17:59:14,545.3874960354493
2022-03-27 17:59:19,545.4540403535453
2022-03-27 17:59:24,545.45
2022-03-27 17:59:29,545.39
2022-03-27 17:59:34,545.29
2022-03-27 17:59:39,545.23
2022-03-27 17:59:44,545.1
2022-03-27 17:59:49,545.07
2022-03-27 17:59:54,544.94
2022-03-27 17:59:59,544.87
2022-03-27 18:00:04,546.0529392164099
2022-03-27 18:00:09,544.71
2022-03-27 18:00:14,546.1772280302289
2022-03-27 18:00:19,544.49
2022-03-27 18:00:24,544.42
2022-03-27 18:00:29,546.1557113501239
2022-03-27 18:00:34,544.26
2022-03-27 18:00:39,544.13
2022-03-27 18:00:44,546.1341946700189
2022-03-27 18:00:49,543.84
2022-03-27 18:00:54,543.78
2022-03-27 18:00:59,543.68
2022-03-27 18:01:04,543.56
2022-03-27 18:01:09,543.52
2022-03-27 18:01:14,543.4
2022-03-27 18:01:19,543.24
2022-03-27 18:01:24,546.0768168564058
2022-03-27 18:01:29,543.01
2022-03-27 18:01:34,542.88
2022-03-27 18:01:39,542.75
2022-03-27 18:01:44,542.66
2022-03-27 18:01:49,546.0409557228975
2022-03-27 18:01:54,542.3
2022-03-27 18:01:59,542.21
2022-03-27 18:02:04,542.08
2022-03-27 18:02:09,541.98
2022-03-27 18:02:14,541.79
2022-03-27 18:02:19,545.9979223626876
2022-03-27 18:02:24,541.56
2022-03-27 18:02:29,541.47
2022-03-27 18:02:34,541.34
2022-03-27 18:02:39,541.18
2022-03-27 18:02:44,541.05
2022-03-27 18:02:49,540.95
2022-03-27 18:02:54,545.9477167757761
2022-03-27 18:02:59,540.69
2022-03-27 18:03:04,540.6
2022-03-27 18:03:09,540.47
2022-03-27 18:03:14,540.37
2022-03-27 18:03:19,545.9118556422678
2022-03-27 18:03:24,540.08
2022-03-27 18:03:29,540.02
2022-03-27 18:03:34,545.8903389621629
2022-03-27 18:03:39,539.8
2022-03-27 18:03:44,539.73
2022-03-27 18:03:49,545.868822282058
2022-03-27 18:03:54,545.8616500553563
2022-03-27 18:03:59,545.8544778286547
2022-03-27 18:04:04,539.34
2022-03-27 18:04:09,539.28
2022-03-27 18:04:14,545.8329611485498
2022-03-27 18:04:19,539.12
2022-03-27 18:04:24,538.99
2022-03-27 18:04:29,545.8114444684448
2022-03-27 18:04:34,538.83
2022-03-27 18:04:39,538.77
2022-03-27 18:04:44,545.7899277883398
2022-03-27 18:04:49,538.61
2022-03-27 18:04:54,545.7755833349365
2022-03-27 18:04:59,545.7684111082349
2022-03-27 18:05:04,538.38
2022-03-27 18:05:09,538.32
2022-03-27 18:05:14,545.74689442813
2022-03-27 18:05:19,538.19
2022-03-27 18:05:24,538.19
2022-03-27 18:05:29,538.1
2022-03-27 18:05:34,538.03
2022-03-27 18:05:39,537.97
2022-03-27 18:05:44,537.9
2022-03-27 18:05:49,537.87
2022-03-27 18:05:54,537.87
2022-03-27 18:05:59,537.75
2022-03-27 18:06:04,537.75
2022-03-27 18:06:09,537.68
2022-03-27 18:06:14,545.6608277077102
2022-03-27 18:06:19,545.6536554810085
2022-03-27 18:06:24,545.6464832543069
2022-03-27 18:06:29,537.62
2022-03-27 18:06:34,537.59
2022-03-27 18:06:39,537.62
2022-03-27 18:06:44,537.59
2022-03-27 18:06:49,545.6106221207987
2022-03-27 18:06:54,545.603449894097
2022-03-27 18:06:59,537.59
2022-03-27 18:07:04,545.5891054406937
2022-03-27 18:07:09,545.5819332139921
2022-03-27 18:07:14,537.59
2022-03-27 18:07:19,537.62
2022-03-27 18:07:24,537.62
2022-03-27 18:07:29,537.62
2022-03-27 18:07:34,537.62
2022-03-27 18:07:39,537.69
2022-03-27 18:07:44,545.5317276270805
2022-03-27 18:07:49,537.69
2022-03-27 18:07:54,537.76
2022-03-27 18:07:59,545.5102109469756
2022-03-27 18:08:04,537.76
2022-03-27 18:08:09,537.82
2022-03-27 18:08:14,537.88
2022-03-27 18:08:19,537.88
2022-03-27 18:08:24,537.91
2022-03-27 18:08:29,537.98
2022-03-27 18:08:34,537.98
2022-03-27 18:08:39,545.4528331333624
2022-03-27 18:08:44,538.11
2022-03-27 18:08:49,538.11
2022-03-27 18:08:54,538.2
2022-03-27 18:08:59,538.27
2022-03-27 18:09:04,538.33
2022-03-27 18:09:09,538.4
2022-03-27 18:09:14,538.4
2022-03-27 18:09:19,538.49
2022-03-27 18:09:24,538.56
2022-03-27 18:09:29,538.62
2022-03-27 18:09:34,538.71
2022-03-27 18:09:39,538.84
2022-03-27 18:09:44,538.84
2022-03-27 18:09:49,545.3524219595394
2022-03-27 18:09:54,539.07
2022-03-27 18:09:59,539.13
2022-03-27 18:10:04,539.23
2022-03-27 18:10:09,539.36
2022-03-27 18:10:14,539.42
2022-03-27 18:10:19,539.51
2022-03-27 18:10:24,539.58
2022-03-27 18:10:29,539.67
2022-03-27 18:10:34,539.8
2022-03-27 18:10:39,539.93
2022-03-27 18:10:44,539.93
2022-03-27 18:10:49,545.2663552391195
2022-03-27 18:10:54,540.18
2022-03-27 18:10:59,540.25
2022-03-27 18:11:04,540.37
2022-03-27 18:11:09,540.47
2022-03-27 18:11:14,540.54
2022-03-27 18:11:19,545.2233218789097
2022-03-27 18:11:24,540.76
2022-03-27 18:11:29,540.89
2022-03-27 18:11:34,540.95
2022-03-27 18:11:39,541.04
2022-03-27 18:11:44,545.1874607454014
2022-03-27 18:11:49,541.27
2022-03-27 18:11:54,545.1731162919981
2022-03-27 18:11:59,541.46
2022-03-27 18:12:04,541.69
2022-03-27 18:12:09,545.1515996118932
2022-03-27 18:12:14,541.85
2022-03-27 18:12:19,545.1372551584899
2022-03-27 18:12:24,542.01
2022-03-27 18:12:29,542.13
2022-03-27 18:12:34,542.23
2022-03-27 18:12:39,542.42
2022-03-27 18:12:44,545.1013940249817
2022-03-27 18:12:49,542.58
2022-03-27 18:12:54,545.0870495715783
2022-03-27 18:12:59,545.0798773448766
2022-03-27 18:13:04,542.94
2022-03-27 18:13:09,545.0655328914734
2022-03-27 18:13:14,543.16
2022-03-27 18:13:19,545.0511884380701
2022-03-27 18:13:24,543.38
2022-03-27 18:13:29,543.51
2022-03-27 18:13:34,545.0296717579652
2022-03-27 18:13:39,543.74
2022-03-27 18:13:44,543.83
2022-03-27 18:13:49,545.0081550778602
2022-03-27 18:13:54,545.0009828511586
2022-03-27 18:13:59,544.12
2022-03-27 18:14:04,544.25
2022-03-27 18:14:09,544.9794661710537
2022-03-27 18:14:14,544.9722939443519
2022-03-27 18:14:19,544.9654967024499
2022-03-27 18:14:24,544.964505676799
2022-03-27 18:14:29,544.8
2022-03-27 18:14:34,544.9625236254974
2022-03-27 18:14:39,544.99
2022-03-27 18:14:44,545.09
2022-03-27 18:14:49,545.22
2022-03-27 18:14:54,544.958559522894
2022-03-27 18:14:59,545.31
2022-03-27 18:15:04,545.44
2022-03-27 18:15:09,545.51
2022-03-27 18:15:14,545.67
2022-03-27 18:15:19,544.9536043946398
2022-03-27 18:15:24,544.952613368989
2022-03-27 18:15:29,545.83
2022-03-27 18:15:34,545.89
2022-03-27 18:15:39,545.96
2022-03-27 18:15:44,546.02
2022-03-27 18:15:49,546.02
2022-03-27 18:15:54,546.12
2022-03-27 18:15:59,546.12
2022-03-27 18:16:04,544.9446851637823
2022-03-27 18:16:09,546.18
2022-03-27 18:16:14,546.25
2022-03-27 18:16:19,546.25
2022-03-27 18:16:24,544.9407210611789
2022-03-27 18:16:29,544.9397300355281
2022-03-27 18:16:34,546.31
2022-03-27 18:16:39,546.31
2022-03-27 18:16:44,544.9367569585756
2022-03-27 18:16:49,546.25
2022-03-27 18:16:54,544.9347749072739
2022-03-27 18:16:59,546.18
2022-03-27 18:17:04,546.18
2022-03-27 18:17:09,546.12
2022-03-27 18:17:14,544.9308108046706
2022-03-27 18:17:19,546.12
2022-03-27 18:17:24,546.02
2022-03-27 18:17:29,546.02
2022-03-27 18:17:34,546.03
2022-03-27 18:17:39,544.9258556764164
2022-03-27 18:17:44,544.9248646507656
2022-03-27 18:17:49,545.89
2022-03-27 18:17:54,545.83
2022-03-27 18:17:59,544.921891573813
2022-03-27 18:18:04,545.74
2022-03-27 18:18:09,545.67
2022-03-27 18:18:14,544.9189184968606
2022-03-27 18:18:19,545.57
2022-03-27 18:18:24,545.51
2022-03-27 18:18:29,545.44
2022-03-27 18:18:34,545.32
2022-03-27 18:18:39,545.28
2022-03-27 18:18:44,545.16
2022-03-27 18:18:49,545.09
2022-03-27 18:18:54,544.99
2022-03-27 18:18:59,544.8
2022-03-27 18:19:04,544.8
2022-03-27 18:19:09,544.71
2022-03-27 18:19:14,544.58
2022-03-27 18:19:19,544.55
2022-03-27 18:19:24,544.35
2022-03-27 18:19:29,544.29
2022-03-27 18:19:34,544.9030620864471
2022-03-27 18:19:39,544.9020710607963
2022-03-27 18:19:44,543.97
2022-03-27 18:19:49,543.74
2022-03-27 18:19:54,543.68
2022-03-27 18:19:59,543.52
2022-03-27 18:20:04,544.8971159325421
2022-03-27 18:20:09,543.26
2022-03-27 18:20:14,543.1
2022-03-27 18:20:19,544.8941428555896
2022-03-27 18:20:24,542.81
2022-03-27 18:20:29,542.65
2022-03-27 18:20:34,542.52
2022-03-27 18:20:39,542.42
2022-03-27 18:20:44,542.23
2022-03-27 18:20:49,542.13
2022-03-27 18:20:54,541.97
2022-03-27 18:20:59,541.91
2022-03-27 18:21:04,544.885223624732
2022-03-27 18:21:09,541.55
2022-03-27 18:21:14,544.8832415734304
2022-03-27 18:21:19,544.8822505477796
2022-03-27 18:21:24,541.17
2022-03-27 18:21:29,540.98
2022-03-27 18:21:34,540.81
2022-03-27 18:21:39,540.75
2022-03-27 18:21:44,540.59
2022-03-27 18:21:49,540.43
2022-03-27 18:21:54,540.3
2022-03-27 18:21:59,544.8743223425729
2022-03-27 18:22:04,544.8733313169221
2022-03-27 18:22:09,539.85
2022-03-27 18:22:14,539.72
2022-03-27 18:22:19,539.62
2022-03-27 18:22:24,539.43
2022-03-27 18:22:29,539.4
2022-03-27 18:22:34,539.21
2022-03-27 18:22:39,539.11
2022-03-27 18:22:44,544.8654031117153
2022-03-27 18:22:49,538.82
2022-03-27 18:22:54,544.8634210604137
2022-03-27 18:22:59,538.6
2022-03-27 18:23:04,538.47
2022-03-27 18:23:09,544.8604479834611
2022-03-27 18:23:14,544.8594569578103
2022-03-27 18:23:19,544.8584659321594
2022-03-27 18:23:24,544.8574749065086
2022-03-27 18:23:29,537.86
2022-03-27 18:23:34,537.8
2022-03-27 18:23:39,544.854501829556
2022-03-27 18:23:44,537.57
2022-03-27 18:23:49,544.8525197782544
2022-03-27 18:23:54,537.35
2022-03-27 18:23:59,537.29
2022-03-27 18:24:04,544.849546701302
2022-03-27 18:24:09,544.8485556756511
2022-03-27 18:24:14,537.06
2022-03-27 18:24:19,536.93
2022-03-27 18:24:24,536.84
2022-03-27 18:24:29,536.77
2022-03-27 18:24:34,536.65
2022-03-27 18:24:39,536.58
2022-03-27 18:24:44,536.55
2022-03-27 18:24:49,536.42
2022-03-27 18:24:54,536.36
2022-03-27 18:24:59,536.32
2022-03-27 18:25:04,544.8376543934919
2022-03-27 18:25:09,536.13
2022-03-27 18:25:14,544.8356723421903
2022-03-27 18:25:19,535.97
2022-03-27 18:25:24,535.91
2022-03-27 18:25:29,544.8326992652377
2022-03-27 18:25:34,535.81
2022-03-27 18:25:39,544.830717213936
2022-03-27 18:25:44,535.68
2022-03-27 18:25:49,535.62
2022-03-27 18:25:54,535.55
2022-03-27 18:25:59,544.8267531113327
2022-03-27 18:26:04,544.8257620856818
2022-03-27 18:26:09,544.824771060031
2022-03-27 18:26:14,544.8237800343802
2022-03-27 18:26:19,535.3
2022-03-27 18:26:24,535.3
2022-03-27 18:26:29,535.23
2022-03-27 18:26:34,535.17
2022-03-27 18:26:39,544.818824906126
2022-03-27 18:26:44,535.04
2022-03-27 18:26:49,544.8168428548242
2022-03-27 18:26:54,544.8158518291734
2022-03-27 18:26:59,534.94
2022-03-27 18:27:04,534.88
2022-03-27 18:27:09,534.88
2022-03-27 18:27:14,544.8118877265701
2022-03-27 18:27:19,544.8108967009193
2022-03-27 18:27:24,534.81
2022-03-27 18:27:29,544.8089146496176
2022-03-27 18:27:34,534.78
2022-03-27 18:27:39,534.78
2022-03-27 18:27:44,534.78
2022-03-27 18:27:49,534.78
2022-03-27 18:27:54,534.78
2022-03-27 18:27:59,544.8029684957125
2022-03-27 18:28:04,534.77
2022-03-27 18:28:09,534.77
2022-03-27 18:28:14,544.7999954187601
2022-03-27 18:28:19,534.77
2022-03-27 18:28:24,544.7980130001215
2022-03-27 18:28:29,534.8
2022-03-27 18:28:34,534.87
2022-03-27 18:28:39,534.86
2022-03-27 18:28:44,534.93
2022-03-27 18:28:49,544.7921193260079
2022-03-27 18:28:54,544.7909405911852
2022-03-27 18:28:59,535.02
2022-03-27 18:29:04,535.08
2022-03-27 18:29:09,535.15
2022-03-27 18:29:14,544.7862256518944
2022-03-27 18:29:19,535.28
2022-03-27 18:29:24,535.31
2022-03-27 18:29:29,535.31
2022-03-27 18:29:34,544.7815107126034
2022-03-27 18:29:39,535.5
2022-03-27 18:29:44,535.53
2022-03-27 18:29:49,544.7779745081353
2022-03-27 18:29:54,535.66
2022-03-27 18:29:59,535.79
2022-03-27 18:30:04,535.82
2022-03-27 18:30:09,535.95
2022-03-27 18:30:14,544.7720808340217
2022-03-27 18:30:19,536.04
2022-03-27 18:30:24,544.7697233643763
2022-03-27 18:30:29,544.7685446295536
2022-03-27 18:30:34,536.39
2022-03-27 18:30:39,536.46
2022-03-27 18:30:44,544.7650084250855
2022-03-27 18:30:49,544.7638296902628
2022-03-27 18:30:54,544.7626509554401
2022-03-27 18:30:59,536.97
2022-03-27 18:31:04,537.07
2022-03-27 18:31:09,537.2
2022-03-27 18:31:14,537.35
2022-03-27 18:31:19,537.48
2022-03-27 18:31:24,537.58
2022-03-27 18:31:29,537.78
2022-03-27 18:31:34,537.93
2022-03-27 18:31:39,544.7520423420357
2022-03-27 18:31:44,544.750863607213
2022-03-27 18:31:49,538.35
2022-03-27 18:31:54,544.7485061375675
2022-03-27 18:31:59,538.58
2022-03-27 18:32:04,544.7461486679221
2022-03-27 18:32:09,538.87
2022-03-27 18:32:14,539.03
2022-03-27 18:32:19,539.09
2022-03-27 18:32:24,544.7414337286313
2022-03-27 18:32:29,539.41
2022-03-27 18:32:34,539.54
2022-03-27 18:32:39,539.64
2022-03-27 18:32:44,539.77
2022-03-27 18:32:49,544.7355400545176
2022-03-27 18:32:54,540.06
2022-03-27 18:32:59,540.12
2022-03-27 18:33:04,540.28
2022-03-27 18:33:09,540.41
2022-03-27 18:33:14,544.7296463804041
2022-03-27 18:33:19,540.63
2022-03-27 18:33:24,540.79
2022-03-27 18:33:29,544.7261101759359
2022-03-27 18:33:34,541.02
2022-03-27 18:33:39,541.09
2022-03-27 18:33:44,544.7225739714678
2022-03-27 18:33:49,541.31
2022-03-27 18:33:54,541.44
2022-03-27 18:33:59,541.6
2022-03-27 18:34:04,541.7
2022-03-27 18:34:09,544.7166802973542
2022-03-27 18:34:14,541.96
2022-03-27 18:34:19,542.05
2022-03-27 18:34:24,542.12
2022-03-27 18:34:29,542.22
2022-03-27 18:34:34,542.41
2022-03-27 18:34:39,542.47
2022-03-27 18:34:44,542.57
2022-03-27 18:34:49,542.7
2022-03-27 18:34:54,542.8
2022-03-27 18:34:59,544.704892949127
2022-03-27 18:35:04,543.02
2022-03-27 18:35:09,543.02
2022-03-27 18:35:14,543.15
2022-03-27 18:35:19,543.21
2022-03-27 18:35:24,543.31
2022-03-27 18:35:29,543.38
2022-03-27 18:35:34,543.51
2022-03-27 18:35:39,543.54
2022-03-27 18:35:44,543.6
2022-03-27 18:35:49,543.67
2022-03-27 18:35:54,543.73
2022-03-27 18:35:59,543.76
2022-03-27 18:36:04,543.83
2022-03-27 18:36:09,543.89
2022-03-27 18:36:14,543.96
2022-03-27 18:36:19,543.96
2022-03-27 18:36:24,544.684854457141
2022-03-27 18:36:29,544.12
2022-03-27 18:36:34,544.19
2022-03-27 18:36:39,544.6813182526728
2022-03-27 18:36:44,544.25
2022-03-27 18:36:49,544.28
2022-03-27 18:36:54,544.28
2022-03-27 18:36:59,544.35
2022-03-27 18:37:04,544.48
2022-03-27 18:37:09,544.6742458437366
2022-03-27 18:37:14,544.48
2022-03-27 18:37:19,544.671888374091
2022-03-27 18:37:24,544.57
2022-03-27 18:37:29,544.57
2022-03-27 18:37:34,544.64
2022-03-27 18:37:39,544.64
2022-03-27 18:37:44,544.7
2022-03-27 18:37:49,544.7
2022-03-27 18:37:54,544.71
2022-03-27 18:37:59,544.77
2022-03-27 18:38:04,544.77
2022-03-27 18:38:09,544.77
2022-03-27 18:38:14,544.77
2022-03-27 18:38:19,544.8
2022-03-27 18:38:24,544.8
2022-03-27 18:38:29,544.6553860865731
2022-03-27 18:38:34,544.87
2022-03-27 18:38:39,544.8
2022-03-27 18:38:44,544.651849882105
2022-03-27 18:38:49,544.93
2022-03-27 18:38:54,544.87
2022-03-27 18:38:59,544.6483136776368
2022-03-27 18:39:04,544.6471349428141
2022-03-27 18:39:09,544.87
2022-03-27 18:39:14,544.6447774731687
2022-03-27 18:39:19,544.87
2022-03-27 18:39:24,544.87
2022-03-27 18:39:29,544.8
2022-03-27 18:39:34,544.8
2022-03-27 18:39:39,544.77
2022-03-27 18:39:44,544.77
2022-03-27 18:39:49,544.71
2022-03-27 18:39:54,544.58
2022-03-27 18:39:59,544.64
2022-03-27 18:40:04,544.58
2022-03-27 18:40:09,544.55
2022-03-27 18:40:14,544.6306326552962
2022-03-27 18:40:19,544.48
2022-03-27 18:40:24,544.36
2022-03-27 18:40:29,544.36
2022-03-27 18:40:34,544.29
2022-03-27 18:40:39,544.6247389811825
2022-03-27 18:40:44,544.19
2022-03-27 18:40:49,544.6223815115371
2022-03-27 18:40:54,544.03
2022-03-27 18:40:59,543.97
2022-03-27 18:41:04,543.91
2022-03-27 18:41:09,543.78
2022-03-27 18:41:14,543.75
2022-03-27 18:41:19,543.68
2022-03-27 18:41:24,543.56
2022-03-27 18:41:29,544.6129516329554
2022-03-27 18:41:34,543.39
2022-03-27 18:41:39,543.27
2022-03-27 18:41:44,544.6094154284873
2022-03-27 18:41:49,543.04
2022-03-27 18:41:54,542.95
2022-03-27 18:41:59,542.88
2022-03-27 18:42:04,542.82
2022-03-27 18:42:09,542.72
2022-03-27 18:42:14,542.66
2022-03-27 18:42:19,542.53
2022-03-27 18:42:24,542.5
2022-03-27 18:42:29,544.5988068150829
2022-03-27 18:42:34,542.24
2022-03-27 18:42:39,542.15
2022-03-27 18:42:44,542.08
2022-03-27 18:42:49,542.01
2022-03-27 18:42:54,541.92
2022-03-27 18:42:59,541.86
2022-03-27 18:43:04,541.73
2022-03-27 18:43:09,541.7
2022-03-27 18:43:14,544.5008945359167
2022-03-27 18:43:19,541.47
2022-03-27 18:43:24,544.4790131392673
2022-03-27 18:43:29,541.28
2022-03-27 18:43:34,541.21
2022-03-27 18:43:39,541.12
2022-03-27 18:43:44,540.99
2022-03-27 18:43:49,544.4243096476436
2022-03-27 18:43:54,540.95
2022-03-27 18:43:59,540.83
2022-03-27 18:44:04,540.69
2022-03-27 18:44:09,540.66
2022-03-27 18:44:14,540.54
2022-03-27 18:44:19,544.3586654576952
2022-03-27 18:44:24,540.44
2022-03-27 18:44:29,540.31
2022-03-27 18:44:34,540.24
2022-03-27 18:44:39,540.18
2022-03-27 18:44:44,540.15
2022-03-27 18:44:49,540.02
2022-03-27 18:44:54,539.95
2022-03-27 18:44:59,544.2711398710974
2022-03-27 18:45:04,544.2601991727726
2022-03-27 18:45:09,539.79
2022-03-27 18:45:14,539.66
2022-03-27 18:45:19,539.63
2022-03-27 18:45:24,539.56
2022-03-27 18:45:29,544.2054956811489
2022-03-27 18:45:34,539.44
2022-03-27 18:45:39,544.1836142844994
2022-03-27 18:45:44,539.33
2022-03-27 18:45:49,544.16173288785
2022-03-27 18:45:54,544.1507921895252
2022-03-27 18:45:59,539.14
2022-03-27 18:46:04,544.1289107928758
2022-03-27 18:46:09,538.98
2022-03-27 18:46:14,538.98
2022-03-27 18:46:19,538.91
2022-03-27 18:46:24,544.0851479995769
2022-03-27 18:46:29,544.0742073012522
2022-03-27 18:46:34,544.0632666029273
2022-03-27 18:46:39,538.62
2022-03-27 18:46:44,538.59
2022-03-27 18:46:49,538.52
2022-03-27 18:46:54,544.0195038096284
2022-03-27 18:46:59,538.36
2022-03-27 18:47:04,538.36
2022-03-27 18:47:09,538.23
2022-03-27 18:47:14,543.9757410163295
2022-03-27 18:47:19,538.1
2022-03-27 18:47:24,538.07
2022-03-27 18:47:29,538.0
2022-03-27 18:47:34,537.93
2022-03-27 18:47:39,537.86
2022-03-27 18:47:44,537.83
2022-03-27 18:47:49,537.7
2022-03-27 18:47:54,537.7
2022-03-27 18:47:59,537.64
2022-03-27 18:48:04,537.57
2022-03-27 18:48:09,543.8553933347574
2022-03-27 18:48:14,537.47
2022-03-27 18:48:19,537.34
2022-03-27 18:48:24,543.8225712397832
2022-03-27 18:48:29,543.8116305414585
2022-03-27 18:48:34,537.24
2022-03-27 18:48:39,537.11
2022-03-27 18:48:44,537.05
2022-03-27 18:48:49,537.05
2022-03-27 18:48:54,537.01
2022-03-27 18:48:59,536.95
2022-03-27 18:49:04,536.95
2022-03-27 18:49:09,536.88
2022-03-27 18:49:14,536.82
2022-03-27 18:49:19,543.7022235582111
2022-03-27 18:49:24,536.72
2022-03-27 18:49:29,536.72
2022-03-27 18:49:34,543.6694014632369
2022-03-27 18:49:39,543.6584607649122
2022-03-27 18:49:44,536.58
2022-03-27 18:49:49,536.58
2022-03-27 18:49:54,536.58
2022-03-27 18:49:59,536.52
2022-03-27 18:50:04,543.6037572732886
2022-03-27 18:50:09,536.52
2022-03-27 18:50:14,536.52
2022-03-27 18:50:19,543.5709351783144
2022-03-27 18:50:24,543.5599944799897
2022-03-27 18:50:29,536.51
2022-03-27 18:50:34,543.5381130833401
2022-03-27 18:50:39,543.5271723850154
2022-03-27 18:50:44,543.5162316866906
2022-03-27 18:50:49,536.51
2022-03-27 18:50:54,543.4943502900412
2022-03-27 18:50:59,543.4834095917165
2022-03-27 18:51:04,543.4724688933917
2022-03-27 18:51:09,543.461528195067
2022-03-27 18:51:14,536.71
2022-03-27 18:51:19,536.71
2022-03-27 18:51:24,536.77
2022-03-27 18:51:29,536.77
2022-03-27 18:51:34,536.8
2022-03-27 18:51:39,536.86
2022-03-27 18:51:44,536.86
2022-03-27 18:51:49,536.93
2022-03-27 18:51:54,543.3630619101444
2022-03-27 18:51:59,537.03
2022-03-27 18:52:04,537.09
2022-03-27 18:52:09,543.3302398151702
2022-03-27 18:52:14,537.15
2022-03-27 18:52:19,543.3083584185207
2022-03-27 18:52:24,537.28
2022-03-27 18:52:29,537.32
2022-03-27 18:52:34,543.2755363235465
2022-03-27 18:52:39,537.51
2022-03-27 18:52:44,537.54
2022-03-27 18:52:49,537.6
2022-03-27 18:52:54,537.73
2022-03-27 18:52:59,537.73
2022-03-27 18:53:04,543.2098921335981
2022-03-27 18:53:09,537.89
2022-03-27 18:53:14,543.1880107369486
2022-03-27 18:53:19,543.1770700386239
2022-03-27 18:53:24,543.1661293402992
2022-03-27 18:53:29,538.18
2022-03-27 18:53:34,543.1442479436497
2022-03-27 18:53:39,538.31
2022-03-27 18:53:44,543.1223665470003
2022-03-27 18:53:49,538.47
2022-03-27 18:53:54,543.1004851503508
2022-03-27 18:53:59,538.56
2022-03-27 18:54:04,543.0786037537013
2022-03-27 18:54:09,543.0676630553766
2022-03-27 18:54:14,538.75
2022-03-27 18:54:19,543.0457816587272
2022-03-27 18:54:24,538.91
2022-03-27 18:54:29,538.98
2022-03-27 18:54:34,539.04
2022-03-27 18:54:39,543.0020188654281
2022-03-27 18:54:44,542.9910781671034
2022-03-27 18:54:49,542.9801374687787
2022-03-27 18:54:54,539.33
2022-03-27 18:54:59,542.9582560721292
2022-03-27 18:55:04,539.55
2022-03-27 18:55:09,542.9363746754798
2022-03-27 18:55:14,539.64
2022-03-27 18:55:19,539.71
2022-03-27 18:55:24,539.77
2022-03-27 18:55:29,539.86
2022-03-27 18:55:34,542.881671183856
2022-03-27 18:55:39,539.99
2022-03-27 18:55:44,542.8597897872066
2022-03-27 18:55:49,542.8488490888819
2022-03-27 18:55:54,542.8379083905571
2022-03-27 18:55:59,540.21
2022-03-27 18:56:04,542.8160269939077
2022-03-27 18:56:09,540.44
2022-03-27 18:56:14,540.5
2022-03-27 18:56:19,542.7832048989335
2022-03-27 18:56:24,542.7722642006088
2022-03-27 18:56:29,540.66
2022-03-27 18:56:34,540.72
2022-03-27 18:56:39,540.79
2022-03-27 18:56:44,540.85
2022-03-27 18:56:49,542.7671295615708
2022-03-27 18:56:54,542.7733731805264
2022-03-27 18:56:59,541.1
2022-03-27 18:57:04,541.1
2022-03-27 18:57:09,541.23
2022-03-27 18:57:14,541.35
2022-03-27 18:57:19,541.35
2022-03-27 18:57:24,541.38
2022-03-27 18:57:29,541.45
2022-03-27 18:57:34,541.57
2022-03-27 18:57:39,541.67
2022-03-27 18:57:44,541.73
2022-03-27 18:57:49,541.79
2022-03-27 18:57:54,541.89
2022-03-27 18:57:59,541.96
2022-03-27 18:58:04,542.8607838459056
2022-03-27 18:58:09,542.11
2022-03-27 18:58:14,542.24
2022-03-27 18:58:19,542.8795147027726
2022-03-27 18:58:24,542.37
2022-03-27 18:58:29,542.4
2022-03-27 18:58:34,542.52
2022-03-27 18:58:39,542.59
2022-03-27 18:58:44,542.62
2022-03-27 18:58:49,542.9169764165065
2022-03-27 18:58:54,542.81
2022-03-27 18:58:59,542.87
2022-03-27 18:59:04,542.9357072733735
2022-03-27 18:59:09,543.03
2022-03-27 18:59:14,543.09
2022-03-27 18:59:19,543.12
2022-03-27 18:59:24,543.19
2022-03-27 18:59:29,543.25
2022-03-27 18:59:34,542.9731689871073
2022-03-27 18:59:39,543.38
2022-03-27 18:59:44,543.41
2022-03-27 18:59:49,543.54
2022-03-27 18:59:54,542.99814346293
2022-03-27 18:59:59,543.63
2022-03-27 19:00:04,543.69
2022-03-27 19:00:09,543.76
2022-03-27 19:00:14,543.82
2022-03-27 19:00:19,543.92
2022-03-27 19:00:24,543.0356051766639
2022-03-27 19:00:29,543.98
2022-03-27 19:00:34,544.05
2022-03-27 19:00:39,544.14
2022-03-27 19:00:44,543.0605796524866
2022-03-27 19:00:49,544.27
2022-03-27 19:00:54,544.27
2022-03-27 19:00:59,544.33
2022-03-27 19:01:04,544.39
2022-03-27 19:01:09,543.0917977472648
2022-03-27 19:01:14,544.55
2022-03-27 19:01:19,544.62
2022-03-27 19:01:24,544.62
2022-03-27 19:01:29,544.71
2022-03-27 19:01:34,544.84
2022-03-27 19:01:39,544.84
2022-03-27 19:01:44,544.91
2022-03-27 19:01:49,544.94
2022-03-27 19:01:54,543.1479903178657
2022-03-27 19:01:59,545.13
2022-03-27 19:02:04,545.16
2022-03-27 19:02:09,545.29
2022-03-27 19:02:14,545.36
2022-03-27 19:02:19,545.42
2022-03-27 19:02:24,545.45
2022-03-27 19:02:29,545.52
2022-03-27 19:02:34,543.1979392695109
2022-03-27 19:02:39,545.68
2022-03-27 19:02:44,543.2104265074222
2022-03-27 19:02:49,543.216670126378
2022-03-27 19:02:54,545.81
2022-03-27 19:02:59,545.93
2022-03-27 19:03:04,545.97
2022-03-27 19:03:09,543.2416446022005
2022-03-27 19:03:14,546.09
2022-03-27 19:03:19,543.2541318401119
2022-03-27 19:03:24,543.2603754590675
2022-03-27 19:03:29,546.19
2022-03-27 19:03:34,543.2728626969788
2022-03-27 19:03:39,546.26
2022-03-27 19:03:44,546.32
2022-03-27 19:03:49,543.2915935538458
2022-03-27 19:03:54,546.45
2022-03-27 19:03:59,546.48
2022-03-27 19:04:04,543.3103244107127
2022-03-27 19:04:09,546.61
2022-03-27 19:04:14,543.322811648624
2022-03-27 19:04:19,546.61
2022-03-27 19:04:24,543.3352988865354
2022-03-27 19:04:29,543.341542505491
2022-03-27 19:04:34,546.71
2022-03-27 19:04:39,546.71
2022-03-27 19:04:44,543.3602733623579
2022-03-27 19:04:49,546.71
2022-03-27 19:04:54,543.3727606002693
2022-03-27 19:04:59,543.379004219225
2022-03-27 19:05:04,546.71
2022-03-27 19:05:09,546.77
2022-03-27 19:05:14,543.3977350760919
2022-03-27 19:05:19,546.71
2022-03-27 19:05:24,546.77
2022-03-27 19:05:29,546.71
2022-03-27 19:05:34,543.4227095519145
2022-03-27 19:05:39,546.71
2022-03-27 19:05:44,546.68
2022-03-27 19:05:49,546.67
2022-03-27 19:05:54,546.61
2022-03-27 19:05:59,546.67
2022-03-27 19:06:04,543.4601712656485
2022-03-27 19:06:09,543.4664148846041
2022-03-27 19:06:14,546.55
2022-03-27 19:06:19,546.55
2022-03-27 19:06:24,543.485145741471
2022-03-27 19:06:29,543.4913893604268
2022-03-27 19:06:34,546.45
2022-03-27 19:06:39,546.38
2022-03-27 19:06:44,546.38
2022-03-27 19:06:49,543.5163638362493
2022-03-27 19:06:54,546.32
2022-03-27 19:06:59,543.5288510741607
2022-03-27 19:07:04,543.5350946931163
2022-03-27 19:07:09,546.19
2022-03-27 19:07:14,543.5475819310276
2022-03-27 19:07:19,546.16
2022-03-27 19:07:24,546.09
2022-03-27 19:07:29,546.03
2022-03-27 19:07:34,545.97
2022-03-27 19:07:39,545.97
2022-03-27 19:07:44,545.93
2022-03-27 19:07:49,545.87
2022-03-27 19:07:54,545.87
2022-03-27 19:07:59,545.8
2022-03-27 19:08:04,543.6100181205842
2022-03-27 19:08:09,545.74
2022-03-27 19:08:14,545.68
2022-03-27 19:08:19,545.65
2022-03-27 19:08:24,545.58
2022-03-27 19:08:29,545.58
2022-03-27 19:08:34,545.58
2022-03-27 19:08:39,545.45
2022-03-27 19:08:44,545.45
2022-03-27 19:08:49,545.45
2022-03-27 19:08:54,543.6724543101407
2022-03-27 19:08:59,543.6786979290963
2022-03-27 19:09:04,543.6849415480519
2022-03-27 19:09:09,545.29
2022-03-27 19:09:14,545.23
2022-03-27 19:09:19,545.23
2022-03-27 19:09:24,543.7099160238746
2022-03-27 19:09:29,545.13
2022-03-27 19:09:34,545.13
2022-03-27 19:09:39,545.07
2022-03-27 19:09:44,543.7348904996973
2022-03-27 19:09:49,544.94
2022-03-27 19:09:54,544.94
2022-03-27 19:09:59,543.7536213565642
2022-03-27 19:10:04,544.94
2022-03-27 19:10:09,543.7661085944756
2022-03-27 19:10:14,543.7723522134312
2022-03-27 19:10:19,544.78
2022-03-27 19:10:24,544.72
2022-03-27 19:10:29,544.72
2022-03-27 19:10:34,544.66
2022-03-27 19:10:39,544.63
2022-03-27 19:10:44,544.66
2022-03-27 19:10:49,544.5
2022-03-27 19:10:54,544.56
2022-03-27 19:10:59,544.5
2022-03-27 19:11:04,543.6239394363539
2022-03-27 19:11:09,544.44
2022-03-27 19:11:14,544.43
2022-03-27 19:11:19,544.34
2022-03-27 19:11:24,544.28
2022-03-27 19:11:29,544.28
2022-03-27 19:11:34,544.21
2022-03-27 19:11:39,543.361802614279
2022-03-27 19:11:44,543.3243544968398
2022-03-27 19:11:49,544.12
2022-03-27 19:11:54,543.2494582619612
2022-03-27 19:11:59,543.212010144522
2022-03-27 19:12:04,543.99
2022-03-27 19:12:09,543.1371139096434
2022-03-27 19:12:14,543.0996657922042
2022-03-27 19:12:19,543.89
2022-03-27 19:12:24,543.77
2022-03-27 19:12:29,543.77
2022-03-27 19:12:34,543.7
2022-03-27 19:12:39,543.64
2022-03-27 19:12:44,542.8749770875686
2022-03-27 19:12:49,543.64
2022-03-27 19:12:54,542.80008085269
2022-03-27 19:12:59,543.61
2022-03-27 19:13:04,543.54
2022-03-27 19:13:09,543.54
2022-03-27 19:13:14,542.650288382933
2022-03-27 19:13:19,543.48
2022-03-27 19:13:24,542.5753921480544
2022-03-27 19:13:29,543.38
2022-03-27 19:13:34,543.38
2022-03-27 19:13:39,543.31
2022-03-27 19:13:44,543.31
2022-03-27 19:13:49,543.19
2022-03-27 19:13:54,543.19
2022-03-27 19:13:59,543.19
2022-03-27 19:14:04,543.12
2022-03-27 19:14:09,543.12
2022-03-27 19:14:14,543.09
2022-03-27 19:14:19,542.1634628562226
2022-03-27 19:14:24,543.02
2022-03-27 19:14:29,542.96
2022-03-27 19:14:34,542.96
2022-03-27 19:14:39,542.95
2022-03-27 19:14:44,542.89
2022-03-27 19:14:49,542.89
2022-03-27 19:14:54,542.86
2022-03-27 19:14:59,542.86
2022-03-27 19:15:04,542.86
2022-03-27 19:15:09,542.79
2022-03-27 19:15:14,542.79
2022-03-27 19:15:19,542.73
2022-03-27 19:15:24,542.73
2022-03-27 19:15:29,541.6391892120729
2022-03-27 19:15:34,542.66
2022-03-27 19:15:39,541.5642929771943
2022-03-27 19:15:44,541.5268448597551
2022-03-27 19:15:49,542.59
2022-03-27 19:15:54,541.4519486248765
2022-03-27 19:15:59,542.56
2022-03-27 19:16:04,542.56
2022-03-27 19:16:09,542.56
2022-03-27 19:16:14,542.49
2022-03-27 19:16:19,542.49
2022-03-27 19:16:24,542.43
2022-03-27 19:16:29,542.49
2022-03-27 19:16:34,542.36
2022-03-27 19:16:39,542.36
2022-03-27 19:16:44,541.0774674504839
2022-03-27 19:16:49,542.36
2022-03-27 19:16:54,542.33
2022-03-27 19:16:59,542.33
2022-03-27 19:17:04,542.26
2022-03-27 19:17:09,542.26
2022-03-27 19:17:14,542.32
2022-03-27 19:17:19,542.26
2022-03-27 19:17:24,542.26
2022-03-27 19:17:29,542.26
2022-03-27 19:17:34,542.26
2022-03-27 19:17:39,542.26
2022-03-27 19:17:44,542.26
2022-03-27 19:17:49,542.26
2022-03-27 19:17:54,542.26
2022-03-27 19:17:59,542.19
2022-03-27 19:18:04,542.19
2022-03-27 19:18:09,542.19
2022-03-27 19:18:14,542.19
2022-03-27 19:18:19,542.19
2022-03-27 19:18:24,542.12
2022-03-27 19:18:29,542.12
2022-03-27 19:18:34,540.2536088668201
2022-03-27 19:18:39,540.2161607493808
2022-03-27 19:18:44,542.12
2022-03-27 19:18:49,542.06
2022-03-27 19:18:54,542.06
2022-03-27 19:18:59,542.03
2022-03-27 19:19:04,542.03
2022-03-27 19:19:09,541.96
2022-03-27 19:19:14,541.96
2022-03-27 19:19:19,541.96
2022-03-27 19:19:24,541.89
2022-03-27 19:19:29,541.83
2022-03-27 19:19:34,541.8
2022-03-27 19:19:39,541.8
2022-03-27 19:19:44,541.8
2022-03-27 19:19:49,539.6918871052311
2022-03-27 19:19:54,541.67
2022-03-27 19:19:59,541.54
2022-03-27 19:20:04,541.54
2022-03-27 19:20:09,541.51
2022-03-27 19:20:14,539.5046465180347
2022-03-27 19:20:19,541.38
2022-03-27 19:20:24,539.4297502831563
2022-03-27 19:20:29,541.32
2022-03-27 19:20:34,541.29
2022-03-27 19:20:39,541.22
2022-03-27 19:20:44,539.2799578133993
2022-03-27 19:20:49,541.09
2022-03-27 19:20:54,541.03
2022-03-27 19:20:59,541.0
2022-03-27 19:21:04,540.93
2022-03-27 19:21:09,540.87
2022-03-27 19:21:14,539.0552691087636
2022-03-27 19:21:19,540.77
2022-03-27 19:21:24,540.71
2022-03-27 19:21:29,540.64
2022-03-27 19:21:34,538.9054766390066
2022-03-27 19:21:39,540.52
2022-03-27 19:21:44,540.48
2022-03-27 19:21:49,540.42
2022-03-27 19:21:54,538.7556841692495
2022-03-27 19:21:59,540.29
2022-03-27 19:22:04,540.29
2022-03-27 19:22:09,538.6433398169318
2022-03-27 19:22:14,538.6058916994924
2022-03-27 19:22:19,538.5684435820532
2022-03-27 19:22:24,540.13
2022-03-27 19:22:29,540.0
2022-03-27 19:22:34,538.4560992297354
2022-03-27 19:22:39,538.4186511122962
2022-03-27 19:22:44,539.91
2022-03-27 19:22:49,539.84
2022-03-27 19:22:54,539.78
2022-03-27 19:22:59,539.78
2022-03-27 19:23:04,539.75
2022-03-27 19:23:09,538.1939624076606
2022-03-27 19:23:14,539.68
2022-03-27 19:23:19,539.68
2022-03-27 19:23:24,539.56
2022-03-27 19:23:29,539.56
2022-03-27 19:23:34,539.56
2022-03-27 19:23:39,537.969273703025
2022-03-27 19:23:44,539.49
2022-03-27 19:23:49,539.49
2022-03-27 19:23:54,539.49
2022-03-27 19:23:59,539.46
2022-03-27 19:24:04,539.46
2022-03-27 19:24:09,537.7445849983894
2022-03-27 19:24:14,537.7071368809501
2022-03-27 19:24:19,539.4
2022-03-27 19:24:24,539.34
2022-03-27 19:24:29,539.34
2022-03-27 19:24:34,539.34
2022-03-27 19:24:39,539.34
2022-03-27 19:24:44,539.27
2022-03-27 19:24:49,539.27
2022-03-27 19:24:54,539.27
2022-03-27 19:24:59,539.24
2022-03-27 19:25:04,537.5233696524247
2022-03-27 19:25:09,539.27
2022-03-27 19:25:14,537.5497251851701
2022-03-27 19:25:19,537.5629029515429
2022-03-27 19:25:24,537.5760807179156
2022-03-27 19:25:29,539.18
2022-03-27 19:25:34,539.24
2022-03-27 19:25:39,537.6156140170339
2022-03-27 19:25:44,539.24
2022-03-27 19:25:49,539.24
2022-03-27 19:25:54,539.24
2022-03-27 19:25:59,539.24
2022-03-27 19:26:04,537.6815028488976
2022-03-27 19:26:09,539.24
2022-03-27 19:26:14,537.7078583816432
2022-03-27 19:26:19,537.7210361480159
2022-03-27 19:26:24,539.28
2022-03-27 19:26:29,539.28
2022-03-27 19:26:34,539.28
2022-03-27 19:26:39,537.7737472135069
2022-03-27 19:26:44,539.34
2022-03-27 19:26:49,539.34
2022-03-27 19:26:54,537.8132805126252
2022-03-27 19:26:59,539.35
2022-03-27 19:27:04,539.47
2022-03-27 19:27:09,537.8528138117434
2022-03-27 19:27:14,539.48
2022-03-27 19:27:19,539.51
2022-03-27 19:27:24,539.51
2022-03-27 19:27:29,539.51
2022-03-27 19:27:34,539.57
2022-03-27 19:27:39,537.9318804099798
2022-03-27 19:27:44,539.64
2022-03-27 19:27:49,537.9582359427254
2022-03-27 19:27:54,537.9714137090981
2022-03-27 19:27:59,539.71
2022-03-27 19:28:04,539.71
2022-03-27 19:28:09,538.0109470082164
2022-03-27 19:28:14,539.77
2022-03-27 19:28:19,538.0373025409618
2022-03-27 19:28:24,539.87
2022-03-27 19:28:29,539.94
2022-03-27 19:28:34,539.87
2022-03-27 19:28:39,540.0
2022-03-27 19:28:44,540.0
2022-03-27 19:28:49,540.0
2022-03-27 19:28:54,540.04
2022-03-27 19:28:59,540.1
2022-03-27 19:29:04,540.04
2022-03-27 19:29:09,540.1
2022-03-27 19:29:14,540.1
2022-03-27 19:29:19,540.04
2022-03-27 19:29:24,540.11
2022-03-27 19:29:29,540.11
2022-03-27 19:29:34,540.04
2022-03-27 19:29:39,540.04
2022-03-27 19:29:44,538.2613245692986
2022-03-27 19:29:49,540.01
2022-03-27 19:29:54,538.2876801020441
2022-03-27 19:29:59,540.01
2022-03-27 19:30:04,540.05
2022-03-27 19:30:09,539.95
2022-03-27 19:30:14,538.3403911675351
2022-03-27 19:30:19,538.3535689339078
2022-03-27 19:30:24,539.95
2022-03-27 19:30:29,539.89
2022-03-27 19:30:34,538.3931022330261
2022-03-27 19:30:39,539.89
2022-03-27 19:30:44,538.4194577657715
2022-03-27 19:30:49,538.4326355321443
2022-03-27 19:30:54,539.8
2022-03-27 19:30:59,539.73
2022-03-27 19:31:04,539.73
2022-03-27 19:31:09,539.67
2022-03-27 19:31:14,538.4985243640081
2022-03-27 19:31:19,539.54
2022-03-27 19:31:24,538.5248798967535
2022-03-27 19:31:29,539.51
2022-03-27 19:31:34,539.51
2022-03-27 19:31:39,539.38
2022-03-27 19:31:44,538.5775909622446
2022-03-27 19:31:49,538.5907687286173
2022-03-27 19:31:54,538.60394649499
2022-03-27 19:31:59,539.15
2022-03-27 19:32:04,539.15
2022-03-27 19:32:09,539.03
2022-03-27 19:32:14,539.03
2022-03-27 19:32:19,538.6698353268538
2022-03-27 19:32:24,538.93
2022-03-27 19:32:29,538.86
2022-03-27 19:32:34,538.8
2022-03-27 19:32:39,538.77
2022-03-27 19:32:44,538.71
2022-03-27 19:32:49,538.64
2022-03-27 19:32:54,538.51
2022-03-27 19:32:59,538.51
2022-03-27 19:33:04,538.48
2022-03-27 19:33:09,538.35
2022-03-27 19:33:14,538.814790756954
2022-03-27 19:33:19,538.25
2022-03-27 19:33:24,538.25
2022-03-27 19:33:29,538.19
2022-03-27 19:33:34,538.06
2022-03-27 19:33:39,537.99
2022-03-27 19:33:44,538.8938573551906
2022-03-27 19:33:49,537.83
2022-03-27 19:33:54,537.76
2022-03-27 19:33:59,537.73
2022-03-27 19:34:04,538.9465684206815
2022-03-27 19:34:09,537.6
2022-03-27 19:34:14,537.47
2022-03-27 19:34:19,537.47
2022-03-27 19:34:24,537.44
2022-03-27 19:34:29,537.37
2022-03-27 19:34:34,537.31
2022-03-27 19:34:39,537.24
2022-03-27 19:34:44,539.0519905516635
2022-03-27 19:34:49,537.21
2022-03-27 19:34:54,537.15
2022-03-27 19:34:59,537.08
2022-03-27 19:35:04,537.08
2022-03-27 19:35:09,537.02
2022-03-27 19:35:14,539.1310571499
2022-03-27 19:35:19,539.1442349162727
2022-03-27 19:35:24,536.92
2022-03-27 19:35:29,536.85
2022-03-27 19:35:34,536.85
2022-03-27 19:35:39,536.78
2022-03-27 19:35:44,536.79
2022-03-27 19:35:49,536.72
2022-03-27 19:35:54,539.236479280882
2022-03-27 19:35:59,536.62
2022-03-27 19:36:04,536.62
2022-03-27 19:36:09,536.56
2022-03-27 19:36:14,536.55
2022-03-27 19:36:19,539.3023681127457
2022-03-27 19:36:24,536.49
2022-03-27 19:36:29,536.49
2022-03-27 19:36:34,539.341901411864
2022-03-27 19:36:39,536.43
2022-03-27 19:36:44,539.3682569446095
2022-03-27 19:36:49,536.39
2022-03-27 19:36:54,536.33
2022-03-27 19:36:59,536.33
2022-03-27 19:37:04,539.4209680101005
2022-03-27 19:37:09,536.33
2022-03-27 19:37:14,536.26
2022-03-27 19:37:19,536.26
2022-03-27 19:37:24,536.26
2022-03-27 19:37:29,539.4868568419643
2022-03-27 19:37:34,539.5000346083369
2022-03-27 19:37:39,536.26
2022-03-27 19:37:44,536.26
2022-03-27 19:37:49,536.26
2022-03-27 19:37:54,536.32
2022-03-27 19:37:59,536.33
2022-03-27 19:38:04,536.26
2022-03-27 19:38:09,536.33
2022-03-27 19:38:14,536.32
2022-03-27 19:38:19,536.39
2022-03-27 19:38:24,536.42
2022-03-27 19:38:29,536.42
2022-03-27 19:38:34,536.49
2022-03-27 19:38:39,539.6713455711827
2022-03-27 19:38:44,536.68
2022-03-27 19:38:49,539.6977011039282
2022-03-27 19:38:54,536.78
2022-03-27 19:38:59,536.84
2022-03-27 19:39:04,539.7793782334937
2022-03-27 19:39:09,537.07
2022-03-27 19:39:14,537.13
2022-03-27 19:39:19,537.2
2022-03-27 19:39:24,539.8943306208304
2022-03-27 19:39:29,537.36
2022-03-27 19:39:34,537.46
2022-03-27 19:39:39,537.59
2022-03-27 19:39:44,537.65
2022-03-27 19:39:49,537.75
2022-03-27 19:39:54,537.81
2022-03-27 19:39:59,537.88
2022-03-27 19:40:04,537.97
2022-03-27 19:40:09,538.1
2022-03-27 19:40:14,538.17
2022-03-27 19:40:19,538.27
2022-03-27 19:40:24,540.2391877828402
2022-03-27 19:40:29,540.2679258796743
2022-03-27 19:40:34,538.62
2022-03-27 19:40:39,540.3254020733426
2022-03-27 19:40:44,538.85
2022-03-27 19:40:49,540.3828782670109
2022-03-27 19:40:54,539.07
2022-03-27 19:40:59,539.2
2022-03-27 19:41:04,539.3
2022-03-27 19:41:09,539.36
2022-03-27 19:41:14,539.52
2022-03-27 19:41:19,539.65
2022-03-27 19:41:24,539.78
2022-03-27 19:41:29,540.6127830416841
2022-03-27 19:41:34,540.6415211385182
2022-03-27 19:41:39,540.04
2022-03-27 19:41:44,540.23
2022-03-27 19:41:49,540.33
2022-03-27 19:41:54,540.46
2022-03-27 19:41:59,540.785211622689
2022-03-27 19:42:04,540.8139497195232
2022-03-27 19:42:09,540.85
2022-03-27 19:42:14,540.98
2022-03-27 19:42:19,541.07
2022-03-27 19:42:24,540.9289021068597
2022-03-27 19:42:29,541.33
2022-03-27 19:42:34,541.43
2022-03-27 19:42:39,541.59
2022-03-27 19:42:44,541.0438544941964
2022-03-27 19:42:49,541.78
2022-03-27 19:42:54,541.1013306878647
2022-03-27 19:42:59,541.1300687846988
2022-03-27 19:43:04,542.11
2022-03-27 19:43:09,542.24
2022-03-27 19:43:14,542.37
2022-03-27 19:43:19,542.4
2022-03-27 19:43:24,542.53
2022-03-27 19:43:29,541.3024973657036
2022-03-27 19:43:34,542.75
2022-03-27 19:43:39,542.88
2022-03-27 19:43:44,541.3887116562062
2022-03-27 19:43:49,543.04
2022-03-27 19:43:54,543.14
2022-03-27 19:43:59,543.27
2022-03-27 19:44:04,541.5036640435427
2022-03-27 19:44:09,543.4
2022-03-27 19:44:14,543.5
2022-03-27 19:44:19,541.5898783340451
2022-03-27 19:44:24,541.6186164308793
2022-03-27 19:44:29,543.72
2022-03-27 19:44:34,541.6760926245476
2022-03-27 19:44:39,543.92
2022-03-27 19:44:44,543.95
2022-03-27 19:44:49,541.7623069150501
2022-03-27 19:44:54,544.08
2022-03-27 19:44:59,541.8197831087184
2022-03-27 19:45:04,544.18
2022-03-27 19:45:09,544.24
2022-03-27 19:45:14,544.24
2022-03-27 19:45:19,541.9347354960549
2022-03-27 19:45:24,544.37
2022-03-27 19:45:29,544.31
2022-03-27 19:45:34,542.0209497865574
2022-03-27 19:45:39,542.0496878833916
2022-03-27 19:45:44,542.0784259802257
2022-03-27 19:45:49,544.47
2022-03-27 19:45:54,542.135902173894
2022-03-27 19:45:59,542.1646402707281
2022-03-27 19:46:04,544.47
2022-03-27 19:46:09,544.54
2022-03-27 19:46:14,544.54
2022-03-27 19:46:19,544.47
2022-03-27 19:46:24,544.48
2022-03-27 19:46:29,544.48
2022-03-27 19:46:34,544.45
2022-03-27 19:46:39,544.44
2022-03-27 19:46:44,544.44
2022-03-27 19:46:49,544.38
2022-03-27 19:46:54,542.4807593359038
2022-03-27 19:46:59,542.5094974327379
2022-03-27 19:47:04,544.32
2022-03-27 19:47:09,544.26
2022-03-27 19:47:14,542.5957117232404
2022-03-27 19:47:19,544.19
2022-03-27 19:47:24,542.6531879169087
2022-03-27 19:47:29,544.1
2022-03-27 19:47:34,544.03
2022-03-27 19:47:39,543.97
2022-03-27 19:47:44,543.94
2022-03-27 19:47:49,543.94
2022-03-27 19:47:54,543.88
2022-03-27 19:47:59,543.88
2022-03-27 19:48:04,543.81
2022-03-27 19:48:09,543.75
2022-03-27 19:48:14,543.68
2022-03-27 19:48:19,543.65
2022-03-27 19:48:24,542.9980450789185
2022-03-27 19:48:29,543.66
2022-03-27 19:48:34,543.59
2022-03-27 19:48:39,543.59
2022-03-27 19:48:44,543.53
2022-03-27 19:48:49,543.53
2022-03-27 19:48:54,543.46
2022-03-27 19:48:59,543.47
2022-03-27 19:49:04,543.43
2022-03-27 19:49:09,543.2566879504258
2022-03-27 19:49:14,543.28542604726
2022-03-27 19:49:19,543.37
2022-03-27 19:49:24,543.37
2022-03-27 19:49:29,543.37
2022-03-27 19:49:34,543.4003784345965
2022-03-27 19:49:39,543.24
2022-03-27 19:49:44,543.24
2022-03-27 19:49:49,543.4865927250991
2022-03-27 19:49:54,543.18
2022-03-27 19:49:59,543.24
2022-03-27 19:50:04,543.24
2022-03-27 19:50:09,543.18
2022-03-27 19:50:14,543.6302832092698
2022-03-27 19:50:19,543.24
2022-03-27 19:50:24,543.24
2022-03-27 19:50:29,543.18
2022-03-27 19:50:34,543.7452355966063
2022-03-27 19:50:39,543.7739736934406
2022-03-27 19:50:44,543.17
2022-03-27 19:50:49,543.17
2022-03-27 19:50:54,543.860187983943
2022-03-27 19:50:59,543.8889260807771
2022-03-27 19:51:04,543.9176641776113
2022-03-27 19:51:09,543.08
2022-03-27 19:51:14,543.9751403712796
2022-03-27 19:51:19,542.95
2022-03-27 19:51:24,544.0326165649478
2022-03-27 19:51:29,544.061354661782
2022-03-27 19:51:34,544.0900927586162
2022-03-27 19:51:39,544.1188308554504
2022-03-27 19:51:44,542.79
2022-03-27 19:51:49,544.1763070491186
2022-03-27 19:51:54,544.2050451459528
2022-03-27 19:51:59,542.56
2022-03-27 19:52:04,542.43
2022-03-27 19:52:09,542.4
2022-03-27 19:52:14,542.33
2022-03-27 19:52:19,542.2
2022-03-27 19:52:24,542.14
2022-03-27 19:52:29,544.4062118237918
2022-03-27 19:52:34,541.97
2022-03-27 19:52:39,541.91
2022-03-27 19:52:44,541.81
2022-03-27 19:52:49,541.74
2022-03-27 19:52:54,541.74
2022-03-27 19:52:59,541.61
2022-03-27 19:53:04,541.52
2022-03-27 19:53:09,541.45
2022-03-27 19:53:14,541.38
2022-03-27 19:53:19,541.35
2022-03-27 19:53:24,544.5261540043796
2022-03-27 19:53:29,541.16
2022-03-27 19:53:34,541.09
2022-03-27 19:53:39,544.5081981653104
2022-03-27 19:53:44,540.93
2022-03-27 19:53:49,544.4962276059309
2022-03-27 19:53:54,540.77
2022-03-27 19:53:59,544.4842570465515
2022-03-27 19:54:04,544.4782717668618
2022-03-27 19:54:09,544.4722864871721
2022-03-27 19:54:14,540.35
2022-03-27 19:54:19,544.4603159277926
2022-03-27 19:54:24,540.25
2022-03-27 19:54:29,540.06
2022-03-27 19:54:34,544.4423600887235
2022-03-27 19:54:39,539.9
2022-03-27 19:54:44,539.8
2022-03-27 19:54:49,539.73
2022-03-27 19:54:54,539.54
2022-03-27 19:54:59,544.412433690275
2022-03-27 19:55:04,539.44
2022-03-27 19:55:09,539.28
2022-03-27 19:55:14,544.3944778512058
2022-03-27 19:55:19,539.15
2022-03-27 19:55:24,539.02
2022-03-27 19:55:29,538.92
2022-03-27 19:55:34,538.8
2022-03-27 19:55:39,544.3645514527572
2022-03-27 19:55:44,538.63
2022-03-27 19:55:49,538.51
2022-03-27 19:55:54,538.41
2022-03-27 19:55:59,538.34
2022-03-27 19:56:04,544.3346250543086
2022-03-27 19:56:09,538.18
2022-03-27 19:56:14,538.18
2022-03-27 19:56:19,538.05
2022-03-27 19:56:24,537.96
2022-03-27 19:56:29,544.30469865586
2022-03-27 19:56:34,537.83
2022-03-27 19:56:39,537.76
2022-03-27 19:56:44,537.67
2022-03-27 19:56:49,544.2807575371011
2022-03-27 19:56:54,537.6
2022-03-27 19:56:59,544.2687869777217
2022-03-27 19:57:04,537.44
2022-03-27 19:57:09,537.38
2022-03-27 19:57:14,537.31
2022-03-27 19:57:19,537.31
2022-03-27 19:57:24,537.25
2022-03-27 19:57:29,544.2328752995834
2022-03-27 19:57:34,537.15
2022-03-27 19:57:39,544.220904740204
2022-03-27 19:57:44,544.2149194605142
2022-03-27 19:57:49,537.09
2022-03-27 19:57:54,537.09
2022-03-27 19:57:59,537.09
2022-03-27 19:58:04,537.03
2022-03-27 19:58:09,544.1849930620656
2022-03-27 19:58:14,536.97
2022-03-27 19:58:19,544.1730225026862
2022-03-27 19:58:24,536.93
2022-03-27 19:58:29,536.96
2022-03-27 19:58:34,544.155066663617
2022-03-27 19:58:39,544.1490813839273
2022-03-27 19:58:44,544.1430961042377
2022-03-27 19:58:49,536.97
2022-03-27 19:58:54,536.97
2022-03-27 19:58:59,536.97
2022-03-27 19:59:04,536.97
2022-03-27 19:59:09,537.03
2022-03-27 19:59:14,544.1071844260993
2022-03-27 19:59:19,544.1011991464096
2022-03-27 19:59:24,544.0952138667199
2022-03-27 19:59:29,544.0892285870301
2022-03-27 19:59:34,544.0832433073405
2022-03-27 19:59:39,537.16
2022-03-27 19:59:44,537.22
2022-03-27 19:59:49,544.0652874682713
2022-03-27 19:59:54,537.26
2022-03-27 19:59:59,544.0533169088918
2022-03-27 20:00:04,544.0473316292021
2022-03-27 20:00:09,537.38
2022-03-27 20:00:14,544.0353610698227
2022-03-27 20:00:19,544.0293757901329
2022-03-27 20:00:24,537.55
2022-03-27 20:00:29,544.0174052307535
2022-03-27 20:00:34,537.61
2022-03-27 20:00:39,537.68
2022-03-27 20:00:44,537.68
2022-03-27 20:00:49,537.74
2022-03-27 20:00:54,543.987478832305
2022-03-27 20:00:59,543.9814935526152
2022-03-27 20:01:04,537.91
2022-03-27 20:01:09,537.97
2022-03-27 20:01:14,537.97
2022-03-27 20:01:19,543.9575524338563
2022-03-27 20:01:24,538.07
2022-03-27 20:01:29,538.13
2022-03-27 20:01:34,538.2
2022-03-27 20:01:39,543.9336113150974
2022-03-27 20:01:44,543.9276260354078
2022-03-27 20:01:49,538.29
2022-03-27 20:01:54,538.36
2022-03-27 20:01:59,538.36
2022-03-27 20:02:04,543.9036849166489
2022-03-27 20:02:09,543.8976996369591
2022-03-27 20:02:14,538.49
2022-03-27 20:02:19,538.52
2022-03-27 20:02:24,538.59
2022-03-27 20:02:29,543.8737585182002
2022-03-27 20:02:34,538.65
2022-03-27 20:02:39,538.71
2022-03-27 20:02:44,543.8558026791311
2022-03-27 20:02:49,543.8498173994415
2022-03-27 20:02:54,543.8438321197517
2022-03-27 20:02:59,543.837846840062
2022-03-27 20:03:04,538.81
2022-03-27 20:03:09,543.8258762806826
2022-03-27 20:03:14,538.94
2022-03-27 20:03:19,538.94
2022-03-27 20:03:24,539.01
2022-03-27 20:03:29,539.01
2022-03-27 20:03:34,539.01
2022-03-27 20:03:39,539.04
2022-03-27 20:03:44,539.04
2022-03-27 20:03:49,543.7779940431648
2022-03-27 20:03:54,539.11
2022-03-27 20:03:59,539.17
2022-03-27 20:04:04,543.7600382040956
2022-03-27 20:04:09,543.754052924406
2022-03-27 20:04:14,539.17
2022-03-27 20:04:19,539.3
2022-03-27 20:04:24,543.7360970853367
2022-03-27 20:04:29,539.34
2022-03-27 20:04:34,543.7241265259573
2022-03-27 20:04:39,539.34
2022-03-27 20:04:44,543.7121559665779
2022-03-27 20:04:49,539.4
2022-03-27 20:04:54,543.7001854071984
2022-03-27 20:04:59,543.6942001275088
2022-03-27 20:05:04,539.47
2022-03-27 20:05:09,543.6822295681293
2022-03-27 20:05:14,539.53
2022-03-27 20:05:19,539.47
2022-03-27 20:05:24,543.6642737290601
2022-03-27 20:05:29,539.53
2022-03-27 20:05:34,539.57
2022-03-27 20:05:39,539.57
2022-03-27 20:05:44,543.6403326103012
2022-03-27 20:05:49,543.6343473306116
2022-03-27 20:05:54,543.6283620509219
2022-03-27 20:05:59,539.64
2022-03-27 20:06:04,539.7
2022-03-27 20:06:09,543.6104062118527
2022-03-27 20:06:14,539.77
2022-03-27 20:06:19,539.77
2022-03-27 20:06:24,539.77
2022-03-27 20:06:29,543.5864650930938
2022-03-27 20:06:34,539.83
2022-03-27 20:06:39,539.83
2022-03-27 20:06:44,539.87
2022-03-27 20:06:49,539.93
2022-03-27 20:06:54,543.5565386946453
2022-03-27 20:06:59,543.5505534149555
2022-03-27 20:07:04,543.5479360734083
2022-03-27 20:07:09,539.93
2022-03-27 20:07:14,540.0
2022-03-27 20:07:19,540.0
2022-03-27 20:07:24,543.546789873733
2022-03-27 20:07:29,540.07
2022-03-27 20:07:34,540.07
2022-03-27 20:07:39,543.5459302239766
2022-03-27 20:07:44,540.07
2022-03-27 20:07:49,540.1
2022-03-27 20:07:54,543.5450705742201
2022-03-27 20:07:59,540.1
2022-03-27 20:08:04,540.16
2022-03-27 20:08:09,540.16
2022-03-27 20:08:14,540.16
2022-03-27 20:08:19,543.543637824626
2022-03-27 20:08:24,543.5433512747071
2022-03-27 20:08:29,543.5430647247883
2022-03-27 20:08:34,543.5427781748696
2022-03-27 20:08:39,540.23
2022-03-27 20:08:44,540.23
2022-03-27 20:08:49,543.541918525113
2022-03-27 20:08:54,540.29
2022-03-27 20:08:59,540.36
2022-03-27 20:09:04,540.36
2022-03-27 20:09:09,543.5407723254377
2022-03-27 20:09:14,540.39
2022-03-27 20:09:19,543.5401992256002
2022-03-27 20:09:24,543.5399126756813
2022-03-27 20:09:29,540.45
2022-03-27 20:09:34,540.45
2022-03-27 20:09:39,540.45
2022-03-27 20:09:44,543.538766476006
2022-03-27 20:09:49,540.51
2022-03-27 20:09:54,540.51
2022-03-27 20:09:59,540.58
2022-03-27 20:10:04,540.57
2022-03-27 20:10:09,540.57
2022-03-27 20:10:14,540.57
2022-03-27 20:10:19,543.5367606265743
2022-03-27 20:10:24,543.5364740766555
2022-03-27 20:10:29,543.5361875267366
2022-03-27 20:10:34,540.67
2022-03-27 20:10:39,543.535614426899
2022-03-27 20:10:44,543.5353278769802
2022-03-27 20:10:49,540.67
2022-03-27 20:10:54,540.67
2022-03-27 20:10:59,543.5344682272237
2022-03-27 20:11:04,540.73
2022-03-27 20:11:09,543.5338951273861
2022-03-27 20:11:14,540.73
2022-03-27 20:11:19,540.79
2022-03-27 20:11:24,540.79
2022-03-27 20:11:29,540.79
2022-03-27 20:11:34,540.85
2022-03-27 20:11:39,540.85
2022-03-27 20:11:44,540.85
2022-03-27 20:11:49,540.85
2022-03-27 20:11:54,540.85
2022-03-27 20:11:59,540.88
2022-03-27 20:12:04,543.5307430782791
2022-03-27 20:12:09,540.94
2022-03-27 20:12:14,543.5301699784414
2022-03-27 20:12:19,543.5298834285226
2022-03-27 20:12:24,540.94
2022-03-27 20:12:29,541.0
2022-03-27 20:12:34,541.07
2022-03-27 20:12:39,543.5287372288474
2022-03-27 20:12:44,541.1
2022-03-27 20:12:49,543.5281641290097
2022-03-27 20:12:54,543.5278775790908
2022-03-27 20:12:59,541.1
2022-03-27 20:13:04,541.1
2022-03-27 20:13:09,543.5270179293344
2022-03-27 20:13:14,541.16
2022-03-27 20:13:19,541.16
2022-03-27 20:13:24,541.22
2022-03-27 20:13:29,541.22
2022-03-27 20:13:34,543.5255851797403
2022-03-27 20:13:39,541.22
2022-03-27 20:13:44,541.29
2022-03-27 20:13:49,541.29
2022-03-27 20:13:54,541.28
2022-03-27 20:13:59,543.5241524301462
2022-03-27 20:14:04,541.28
2022-03-27 20:14:09,541.28
2022-03-27 20:14:14,541.28
2022-03-27 20:14:19,541.38
2022-03-27 20:14:24,543.5227196805521
2022-03-27 20:14:29,543.5224331306333
2022-03-27 20:14:34,541.38
2022-03-27 20:14:39,541.45
2022-03-27 20:14:44,541.38
2022-03-27 20:14:49,541.44
2022-03-27 20:14:54,541.44
2022-03-27 20:14:59,541.44
2022-03-27 20:15:04,543.5204272812015
2022-03-27 20:15:09,541.44
2022-03-27 20:15:14,541.51
2022-03-27 20:15:19,541.51
2022-03-27 20:15:24,541.51
2022-03-27 20:15:29,541.57
2022-03-27 20:15:34,541.57
2022-03-27 20:15:39,541.57
2022-03-27 20:15:44,541.57
2022-03-27 20:15:49,541.57
2022-03-27 20:15:54,541.57
2022-03-27 20:15:59,541.57
2022-03-27 20:16:04,541.57
2022-03-27 20:16:09,541.61
2022-03-27 20:16:14,543.516415582338
2022-03-27 20:16:19,541.57
2022-03-27 20:16:24,543.5158424825004
2022-03-27 20:16:29,543.5155559325816
2022-03-27 20:16:34,541.58
2022-03-27 20:16:39,541.58
2022-03-27 20:16:44,541.58
2022-03-27 20:16:49,541.58
2022-03-27 20:16:54,543.5141231829875
2022-03-27 20:16:59,541.58
2022-03-27 20:17:04,543.5135500831499
2022-03-27 20:17:09,541.51
2022-03-27 20:17:14,543.5129769833122
2022-03-27 20:17:19,543.5126904333933
2022-03-27 20:17:24,541.58
2022-03-27 20:17:29,541.45
2022-03-27 20:17:34,541.45
2022-03-27 20:17:39,541.45
2022-03-27 20:17:44,541.45
2022-03-27 20:17:49,543.5109711338805
2022-03-27 20:17:54,541.39
2022-03-27 20:17:59,543.5103980340429
2022-03-27 20:18:04,541.29
2022-03-27 20:18:09,541.36
2022-03-27 20:18:14,541.23
2022-03-27 20:18:19,541.29
2022-03-27 20:18:24,543.5089652844487
2022-03-27 20:18:29,541.16
2022-03-27 20:18:34,543.508392184611
2022-03-27 20:18:39,541.07
2022-03-27 20:18:44,541.0
2022-03-27 20:18:49,540.94
2022-03-27 20:18:54,540.87
2022-03-27 20:18:59,543.5069594350169
2022-03-27 20:19:04,543.5066728850982
2022-03-27 20:19:09,540.71
2022-03-27 20:19:14,540.59
2022-03-27 20:19:19,540.55
2022-03-27 20:19:24,540.49
2022-03-27 20:19:29,540.36
2022-03-27 20:19:34,543.5049535855852
2022-03-27 20:19:39,543.5046670356664
2022-03-27 20:19:44,543.5043804857476
2022-03-27 20:19:49,540.04
2022-03-27 20:19:54,539.98
2022-03-27 20:19:59,539.85
2022-03-27 20:20:04,539.82
2022-03-27 20:20:09,539.69
2022-03-27 20:20:14,539.56
2022-03-27 20:20:19,539.53
2022-03-27 20:20:24,539.4
2022-03-27 20:20:29,539.3
2022-03-27 20:20:34,539.24
2022-03-27 20:20:39,543.5012284366405
2022-03-27 20:20:44,543.5009418867218
2022-03-27 20:20:49,538.95
2022-03-27 20:20:54,538.82
2022-03-27 20:20:59,538.72
2022-03-27 20:21:04,538.66
2022-03-27 20:21:09,543.5004579196249
2022-03-27 20:21:14,538.44
2022-03-27 20:21:19,538.37
2022-03-27 20:21:24,538.21
2022-03-27 20:21:29,543.5064415413625
2022-03-27 20:21:34,538.08
2022-03-27 20:21:39,537.99
2022-03-27 20:21:44,543.5109292576657
2022-03-27 20:21:49,537.79
2022-03-27 20:21:54,537.76
2022-03-27 20:21:59,537.63
2022-03-27 20:22:04,543.5169128794033
2022-03-27 20:22:09,543.5184087848377
2022-03-27 20:22:14,543.519904690272
2022-03-27 20:22:19,537.28
2022-03-27 20:22:24,537.25
2022-03-27 20:22:29,543.5243924065753
2022-03-27 20:22:34,543.5258883120097
2022-03-27 20:22:39,543.5273842174441
2022-03-27 20:22:44,536.9
2022-03-27 20:22:49,536.9
2022-03-27 20:22:54,536.83
2022-03-27 20:22:59,536.77
2022-03-27 20:23:04,536.74
2022-03-27 20:23:09,543.5363596500505
2022-03-27 20:23:14,543.537855555485
2022-03-27 20:23:19,536.54
2022-03-27 20:23:24,543.5408473663537
2022-03-27 20:23:29,536.45
2022-03-27 20:23:34,543.5438391772225
2022-03-27 20:23:39,536.32
2022-03-27 20:23:44,536.32
2022-03-27 20:23:49,536.26
2022-03-27 20:23:54,536.26
2022-03-27 20:23:59,536.16
2022-03-27 20:24:04,536.1
2022-03-27 20:24:09,536.1
2022-03-27 20:24:14,536.1
2022-03-27 20:24:19,536.11
2022-03-27 20:24:24,536.04
2022-03-27 20:24:29,535.98
2022-03-27 20:24:34,535.98
2022-03-27 20:24:39,535.98
2022-03-27 20:24:44,543.5647818533041
2022-03-27 20:24:49,535.94
2022-03-27 20:24:54,535.98
2022-03-27 20:24:59,543.5692695696074
2022-03-27 20:25:04,535.88
2022-03-27 20:25:09,535.95
2022-03-27 20:25:14,535.95
2022-03-27 20:25:19,543.5752531913449
2022-03-27 20:25:24,535.89
2022-03-27 20:25:29,535.95
2022-03-27 20:25:34,535.95
2022-03-27 20:25:39,535.95
2022-03-27 20:25:44,535.95
2022-03-27 20:25:49,535.95
2022-03-27 20:25:54,535.95
2022-03-27 20:25:59,535.95
2022-03-27 20:26:04,536.04
2022-03-27 20:26:09,536.05
2022-03-27 20:26:14,536.05
2022-03-27 20:26:19,543.5932040565577
2022-03-27 20:26:24,536.11
2022-03-27 20:26:29,536.11
2022-03-27 20:26:34,536.12
2022-03-27 20:26:39,536.18
2022-03-27 20:26:44,543.6006835837298
2022-03-27 20:26:49,536.24
2022-03-27 20:26:54,536.24
2022-03-27 20:26:59,536.24
2022-03-27 20:27:04,536.34
2022-03-27 20:27:09,536.34
2022-03-27 20:27:14,536.4
2022-03-27 20:27:19,536.47
2022-03-27 20:27:24,536.5
2022-03-27 20:27:29,536.5
2022-03-27 20:27:34,536.57
2022-03-27 20:27:39,536.57
2022-03-27 20:27:44,543.6186344489427
2022-03-27 20:27:49,536.63
2022-03-27 20:27:54,536.69
2022-03-27 20:27:59,536.76
2022-03-27 20:28:04,536.76
2022-03-27 20:28:09,543.6261139761147
2022-03-27 20:28:14,536.86
2022-03-27 20:28:19,536.92
2022-03-27 20:28:24,536.92
2022-03-27 20:28:29,543.6320975978523
2022-03-27 20:28:34,537.01
2022-03-27 20:28:39,537.01
2022-03-27 20:28:44,537.08
2022-03-27 20:28:49,543.6380812195898
2022-03-27 20:28:54,543.6395771250243
2022-03-27 20:28:59,537.2
2022-03-27 20:29:04,537.2
2022-03-27 20:29:09,537.3
2022-03-27 20:29:14,537.27
2022-03-27 20:29:19,543.6470566521963
2022-03-27 20:29:24,537.36
2022-03-27 20:29:29,543.6500484630651
2022-03-27 20:29:34,543.6515443684995
2022-03-27 20:29:39,537.43
2022-03-27 20:29:44,543.6545361793683
2022-03-27 20:29:49,543.6560320848026
2022-03-27 20:29:54,537.52
2022-03-27 20:29:59,543.6590238956715
2022-03-27 20:30:04,537.58
2022-03-27 20:30:09,543.6620157065403
2022-03-27 20:30:14,537.65
2022-03-27 20:30:19,537.77
2022-03-27 20:30:24,537.77
2022-03-27 20:30:29,537.8
2022-03-27 20:30:34,537.86
2022-03-27 20:30:39,537.86
2022-03-27 20:30:44,537.99
2022-03-27 20:30:49,537.99
2022-03-27 20:30:54,543.6754788554499
2022-03-27 20:30:59,538.02
2022-03-27 20:31:04,543.6784706663187
2022-03-27 20:31:09,538.15
2022-03-27 20:31:14,538.15
2022-03-27 20:31:19,538.21
2022-03-27 20:31:24,543.6844542880563
2022-03-27 20:31:29,543.6859501934907
2022-03-27 20:31:34,538.31
2022-03-27 20:31:39,538.31
2022-03-27 20:31:44,543.6904379097939
2022-03-27 20:31:49,538.37
2022-03-27 20:31:54,538.43
2022-03-27 20:31:59,538.5
2022-03-27 20:32:04,538.5
2022-03-27 20:32:09,538.59
2022-03-27 20:32:14,538.59
2022-03-27 20:32:19,538.59
2022-03-27 20:32:24,538.66
2022-03-27 20:32:29,543.7039010587035
2022-03-27 20:32:34,538.79
2022-03-27 20:32:39,538.82
2022-03-27 20:32:44,543.7083887750067
2022-03-27 20:32:49,543.7098846804412
2022-03-27 20:32:54,538.88
2022-03-27 20:32:59,538.94
2022-03-27 20:33:04,543.7143723967444
2022-03-27 20:33:09,543.7158683021787
2022-03-27 20:33:14,539.04
2022-03-27 20:33:19,543.7188601130475
2022-03-27 20:33:24,543.720356018482
2022-03-27 20:33:29,539.17
2022-03-27 20:33:34,543.7233478293508
2022-03-27 20:33:39,539.23
2022-03-27 20:33:44,539.3
2022-03-27 20:33:49,539.33
2022-03-27 20:33:54,539.39
2022-03-27 20:33:59,543.7308273565228
2022-03-27 20:34:04,543.7323232619572
2022-03-27 20:34:09,539.46
2022-03-27 20:34:14,539.52
2022-03-27 20:34:19,543.7368109782603
2022-03-27 20:34:24,539.56
2022-03-27 20:34:29,539.62
2022-03-27 20:34:34,543.7412986945636
2022-03-27 20:34:39,543.742794599998
2022-03-27 20:34:44,543.7442905054324
2022-03-27 20:34:49,539.75
2022-03-27 20:34:54,539.75
2022-03-27 20:34:59,539.81
2022-03-27 20:35:04,539.75
2022-03-27 20:35:09,543.7517700326044
2022-03-27 20:35:14,543.7518849736942
2022-03-27 20:35:19,539.85
2022-03-27 20:35:24,539.91
2022-03-27 20:35:29,539.91
2022-03-27 20:35:34,543.7462045825383
2022-03-27 20:35:39,539.98
2022-03-27 20:35:44,543.7433643869605
2022-03-27 20:35:49,543.7419442891714
2022-03-27 20:35:54,540.04
2022-03-27 20:35:59,540.07
2022-03-27 20:36:04,540.07
2022-03-27 20:36:09,540.07
2022-03-27 20:36:14,540.07
2022-03-27 20:36:19,543.7334237024376
2022-03-27 20:36:24,543.7320036046486
2022-03-27 20:36:29,543.7305835068597
2022-03-27 20:36:34,543.7291634090707
2022-03-27 20:36:39,543.7277433112818
2022-03-27 20:36:44,540.14
2022-03-27 20:36:49,540.2
2022-03-27 20:36:54,540.14
2022-03-27 20:36:59,543.7220629201258
2022-03-27 20:37:04,540.2
2022-03-27 20:37:09,540.2
2022-03-27 20:37:14,540.14
2022-03-27 20:37:19,540.2
2022-03-27 20:37:24,540.2
2022-03-27 20:37:29,540.27
2022-03-27 20:37:34,540.21
2022-03-27 20:37:39,543.710702137814
2022-03-27 20:37:44,540.21
2022-03-27 20:37:49,540.21
2022-03-27 20:37:54,543.7064418444471
2022-03-27 20:37:59,540.14
2022-03-27 20:38:04,540.21
2022-03-27 20:38:09,543.7021815510802
2022-03-27 20:38:14,540.14
2022-03-27 20:38:19,540.14
2022-03-27 20:38:24,540.14
2022-03-27 20:38:29,540.14
2022-03-27 20:38:34,540.07
2022-03-27 20:38:39,540.08
2022-03-27 20:38:44,543.6922408665574
2022-03-27 20:38:49,540.08
2022-03-27 20:38:54,540.08
2022-03-27 20:38:59,540.04
2022-03-27 20:39:04,540.04
2022-03-27 20:39:09,543.6851403776125
2022-03-27 20:39:14,539.98
2022-03-27 20:39:19,539.98
2022-03-27 20:39:24,539.92
2022-03-27 20:39:29,539.92
2022-03-27 20:39:34,539.92
2022-03-27 20:39:39,539.85
2022-03-27 20:39:44,539.85
2022-03-27 20:39:49,543.6737795953007
2022-03-27 20:39:54,539.85
2022-03-27 20:39:59,543.6709393997228
2022-03-27 20:40:04,539.82
2022-03-27 20:40:09,543.6680992041448
2022-03-27 20:40:14,543.6666791063559
2022-03-27 20:40:19,543.6652590085669
2022-03-27 20:40:24,539.76
2022-03-27 20:40:29,539.82
2022-03-27 20:40:34,543.6609987152
2022-03-27 20:40:39,539.76
2022-03-27 20:40:44,543.658158519622
2022-03-27 20:40:49,543.6567384218331
2022-03-27 20:40:54,539.63
2022-03-27 20:40:59,539.63
2022-03-27 20:41:04,539.63
2022-03-27 20:41:09,539.63
2022-03-27 20:41:14,539.57
2022-03-27 20:41:19,539.63
2022-03-27 20:41:24,539.57
2022-03-27 20:41:29,539.54
2022-03-27 20:41:34,539.57
2022-03-27 20:41:39,539.54
2022-03-27 20:41:44,539.47
2022-03-27 20:41:49,539.54
2022-03-27 20:41:54,539.47
2022-03-27 20:41:59,539.47
2022-03-27 20:42:04,543.6354369549985
2022-03-27 20:42:09,539.48
2022-03-27 20:42:14,539.48
2022-03-27 20:42:19,539.48
2022-03-27 20:42:24,543.6297565638425
2022-03-27 20:42:29,539.48
2022-03-27 20:42:34,539.48
2022-03-27 20:42:39,539.48
2022-03-27 20:42:44,539.55
2022-03-27 20:42:49,539.55
2022-03-27 20:42:54,539.55
2022-03-27 20:42:59,539.55
2022-03-27 20:43:04,543.6183957815308
2022-03-27 20:43:09,539.55
2022-03-27 20:43:14,539.55
2022-03-27 20:43:19,539.55
2022-03-27 20:43:24,539.55
2022-03-27 20:43:29,543.6112952925859
2022-03-27 20:43:34,539.55
2022-03-27 20:43:39,539.58
2022-03-27 20:43:44,543.607034999219
2022-03-27 20:43:49,543.60561490143
2022-03-27 20:43:54,539.55
2022-03-27 20:43:59,539.58
2022-03-27 20:44:04,539.49
2022-03-27 20:44:09,543.5999345102741
2022-03-27 20:44:14,539.49
2022-03-27 20:44:19,539.49
2022-03-27 20:44:24,539.49
2022-03-27 20:44:29,543.5942541191182
2022-03-27 20:44:34,539.49
2022-03-27 20:44:39,543.5914139235402
2022-03-27 20:44:44,543.5899938257513
2022-03-27 20:44:49,543.5885737279623
2022-03-27 20:44:54,543.5871536301734
2022-03-27 20:44:59,539.36
2022-03-27 20:45:04,539.33
2022-03-27 20:45:09,539.33
2022-03-27 20:45:14,539.26
2022-03-27 20:45:19,543.5800531412285
2022-03-27 20:45:24,539.2
2022-03-27 20:45:29,539.21
2022-03-27 20:45:34,539.14
2022-03-27 20:45:39,543.5743727500726
2022-03-27 20:45:44,539.14
2022-03-27 20:45:49,539.14
2022-03-27 20:45:54,539.07
2022-03-27 20:45:59,543.5686923589167
2022-03-27 20:46:04,539.04
2022-03-27 20:46:09,538.98
2022-03-27 20:46:14,538.98
2022-03-27 20:46:19,538.97
2022-03-27 20:46:24,538.91
2022-03-27 20:46:29,538.84
2022-03-27 20:46:34,543.5587516743939
2022-03-27 20:46:39,543.5573315766048
2022-03-27 20:46:44,538.75
2022-03-27 20:46:49,538.75
2022-03-27 20:46:54,538.68
2022-03-27 20:46:59,543.551651185449
2022-03-27 20:47:04,538.61
2022-03-27 20:47:09,543.5488109898711
2022-03-27 20:47:14,543.547390892082
2022-03-27 20:47:19,543.5459707942931
2022-03-27 20:47:24,538.52
2022-03-27 20:47:29,538.52
2022-03-27 20:47:34,538.45
2022-03-27 20:47:39,538.45
2022-03-27 20:47:44,543.5388703053483
2022-03-27 20:47:49,538.32
2022-03-27 20:47:54,538.32
2022-03-27 20:47:59,538.32
2022-03-27 20:48:04,543.5331899141923
2022-03-27 20:48:09,538.22
2022-03-27 20:48:14,538.22
2022-03-27 20:48:19,538.16
2022-03-27 20:48:24,538.09
2022-03-27 20:48:29,538.09
2022-03-27 20:48:34,537.99
2022-03-27 20:48:39,537.99
2022-03-27 20:48:44,543.5218291318805
2022-03-27 20:48:49,537.99
2022-03-27 20:48:54,537.86
2022-03-27 20:48:59,543.5175688385136
2022-03-27 20:49:04,537.79
2022-03-27 20:49:09,537.79
2022-03-27 20:49:14,537.76
2022-03-27 20:49:19,537.7
2022-03-27 20:49:24,543.5149458447438
2022-03-27 20:49:29,537.63
2022-03-27 20:49:34,537.57
2022-03-27 20:49:39,537.5
2022-03-27 20:49:44,537.47
2022-03-27 20:49:49,537.4
2022-03-27 20:49:54,537.33
2022-03-27 20:49:59,537.27
2022-03-27 20:50:04,537.27
2022-03-27 20:50:09,537.17
2022-03-27 20:50:14,543.5323907871089
2022-03-27 20:50:19,537.04
2022-03-27 20:50:24,537.04
2022-03-27 20:50:29,543.5376242698185
2022-03-27 20:50:34,543.539368764055
2022-03-27 20:50:39,543.5411132582915
2022-03-27 20:50:44,543.542857752528
2022-03-27 20:50:49,536.81
2022-03-27 20:50:54,543.546346741001
2022-03-27 20:50:59,543.5480912352375
2022-03-27 20:51:04,536.59
2022-03-27 20:51:09,536.52
2022-03-27 20:51:14,536.46
2022-03-27 20:51:19,543.5550692121836
2022-03-27 20:51:24,536.43
2022-03-27 20:51:29,536.36
2022-03-27 20:51:34,543.5603026948932
2022-03-27 20:51:39,543.5620471891297
2022-03-27 20:51:44,536.23
2022-03-27 20:51:49,543.5655361776027
2022-03-27 20:51:54,536.13
2022-03-27 20:51:59,536.07
2022-03-27 20:52:04,543.5707696603122
2022-03-27 20:52:09,536.07
2022-03-27 20:52:14,536.01
2022-03-27 20:52:19,535.94
2022-03-27 20:52:24,543.5777476372583
2022-03-27 20:52:29,535.91
2022-03-27 20:52:34,543.5812366257313
2022-03-27 20:52:39,543.5829811199678
2022-03-27 20:52:44,543.5847256142043
2022-03-27 20:52:49,535.78
2022-03-27 20:52:54,535.68
2022-03-27 20:52:59,535.68
2022-03-27 20:53:04,535.68
2022-03-27 20:53:09,543.5934480853869
2022-03-27 20:53:14,535.62
2022-03-27 20:53:19,543.59693707386
2022-03-27 20:53:24,535.55
2022-03-27 20:53:29,535.49
2022-03-27 20:53:34,535.49
2022-03-27 20:53:39,535.49
2022-03-27 20:53:44,535.43
2022-03-27 20:53:49,535.43
2022-03-27 20:53:54,543.6091485335155
2022-03-27 20:53:59,535.43
2022-03-27 20:54:04,543.6126375219885
2022-03-27 20:54:09,535.4
2022-03-27 20:54:14,543.6161265104615
2022-03-27 20:54:19,535.43
2022-03-27 20:54:24,535.4
2022-03-27 20:54:29,535.43
2022-03-27 20:54:34,543.6231044874077
2022-03-27 20:54:39,543.6248489816442
2022-03-27 20:54:44,543.6265934758807
2022-03-27 20:54:49,535.56
2022-03-27 20:54:54,535.56
2022-03-27 20:54:59,535.56
2022-03-27 20:55:04,535.62
2022-03-27 20:55:09,543.6353159470632
2022-03-27 20:55:14,543.6370604412998
2022-03-27 20:55:19,535.69
2022-03-27 20:55:24,543.6405494297728
2022-03-27 20:55:29,543.6422939240093
2022-03-27 20:55:34,535.78
2022-03-27 20:55:39,535.78
2022-03-27 20:55:44,543.6475274067188
2022-03-27 20:55:49,543.6492719009553
2022-03-27 20:55:54,535.94
2022-03-27 20:55:59,535.95
2022-03-27 20:56:04,543.6545053836649
2022-03-27 20:56:09,536.07
2022-03-27 20:56:14,536.07
2022-03-27 20:56:19,536.21
2022-03-27 20:56:24,536.2
2022-03-27 20:56:29,536.24
2022-03-27 20:56:34,536.3
2022-03-27 20:56:39,536.37
2022-03-27 20:56:44,536.37
2022-03-27 20:56:49,536.46
2022-03-27 20:56:54,536.52
2022-03-27 20:56:59,536.53
2022-03-27 20:57:04,536.66
2022-03-27 20:57:09,536.66
2022-03-27 20:57:14,543.6789283029761
2022-03-27 20:57:19,536.75
2022-03-27 20:57:24,536.82
2022-03-27 20:57:29,543.6841617856857
2022-03-27 20:57:34,543.6859062799222
2022-03-27 20:57:39,543.6876507741587
2022-03-27 20:57:44,543.6893952683952
2022-03-27 20:57:49,543.6911397626317
2022-03-27 20:57:54,537.05
2022-03-27 20:57:59,543.6946287511047
2022-03-27 20:58:04,537.17
2022-03-27 20:58:09,537.24
2022-03-27 20:58:14,537.24
2022-03-27 20:58:19,537.27
2022-03-27 20:58:24,543.7033512222873
2022-03-27 20:58:29,543.7050957165238
2022-03-27 20:58:34,537.33
2022-03-27 20:58:39,537.4
2022-03-27 20:58:44,537.4
2022-03-27 20:58:49,543.7120736934698
2022-03-27 20:58:54,537.4
2022-03-27 20:58:59,537.47
2022-03-27 20:59:04,537.47
2022-03-27 20:59:09,543.7190516704159
2022-03-27 20:59:14,537.47
2022-03-27 20:59:19,543.722540658889
2022-03-27 20:59:24,537.5
2022-03-27 20:59:29,537.5
2022-03-27 20:59:34,537.5
2022-03-27 20:59:39,543.729518635835
2022-03-27 20:59:44,537.5
2022-03-27 20:59:49,537.5
2022-03-27 20:59:54,543.7347521185445
2022-03-27 20:59:59,537.5
2022-03-27 21:00:04,537.5
2022-03-27 21:00:09,543.739985601254
2022-03-27 21:00:14,543.7417300954907
2022-03-27 21:00:19,537.51
2022-03-27 21:00:24,543.7452190839637
2022-03-27 21:00:29,537.51
2022-03-27 21:00:34,537.57
2022-03-27 21:00:39,537.57
2022-03-27 21:00:44,537.51
2022-03-27 21:00:49,537.57
2022-03-27 21:00:54,543.7556860493827
2022-03-27 21:00:59,537.57
2022-03-27 21:01:04,537.57
2022-03-27 21:01:09,537.64
2022-03-27 21:01:14,537.64
2022-03-27 21:01:19,537.64
2022-03-27 21:01:24,537.64
2022-03-27 21:01:29,537.64
2022-03-27 21:01:34,537.64
2022-03-27 21:01:39,543.7713864975113
2022-03-27 21:01:44,537.71
2022-03-27 21:01:49,537.71
2022-03-27 21:01:54,543.7766199802209
2022-03-27 21:01:59,543.7783644744574
2022-03-27 21:02:04,543.7801089686939
2022-03-27 21:02:09,543.7818534629304
2022-03-27 21:02:14,537.77
2022-03-27 21:02:19,537.77
2022-03-27 21:02:24,537.78
2022-03-27 21:02:29,537.81
2022-03-27 21:02:34,543.790575934113
2022-03-27 21:02:39,543.7923204283495
2022-03-27 21:02:44,537.88
2022-03-27 21:02:49,543.7958094168225
2022-03-27 21:02:54,537.94
2022-03-27 21:02:59,537.94
2022-03-27 21:03:04,537.94
2022-03-27 21:03:09,538.01
2022-03-27 21:03:14,538.01
2022-03-27 21:03:19,538.04
2022-03-27 21:03:24,543.7926345667273
2022-03-27 21:03:29,538.1
2022-03-27 21:03:34,538.17
2022-03-27 21:03:39,543.668267978843
2022-03-27 21:03:44,538.23
2022-03-27 21:03:49,538.3
2022-03-27 21:03:54,538.33
2022-03-27 21:03:59,538.4
2022-03-27 21:04:04,538.39
2022-03-27 21:04:09,538.46
2022-03-27 21:04:14,538.52
2022-03-27 21:04:19,538.52
2022-03-27 21:04:24,538.56
2022-03-27 21:04:29,543.2537126858957
2022-03-27 21:04:34,538.69
2022-03-27 21:04:39,543.1708016273062
2022-03-27 21:04:44,538.75
2022-03-27 21:04:49,538.81
2022-03-27 21:04:54,538.84
2022-03-27 21:04:59,538.84
2022-03-27 21:05:04,542.9635239808325
2022-03-27 21:05:09,538.91
2022-03-27 21:05:14,542.880612922243
2022-03-27 21:05:19,539.04
2022-03-27 21:05:24,538.97
2022-03-27 21:05:29,538.97
2022-03-27 21:05:34,539.03
2022-03-27 21:05:39,539.04
2022-03-27 21:05:44,542.6318797464746
2022-03-27 21:05:49,542.5904242171798
2022-03-27 21:05:54,539.07
2022-03-27 21:05:59,542.5075131585904
2022-03-27 21:06:04,542.4660576292956
2022-03-27 21:06:09,542.4246021000009
2022-03-27 21:06:14,542.3831465707061
2022-03-27 21:06:19,539.13
2022-03-27 21:06:24,539.12
2022-03-27 21:06:29,539.06
2022-03-27 21:06:34,539.12
2022-03-27 21:06:39,539.12
2022-03-27 21:06:44,539.12
2022-03-27 21:06:49,542.092957865643
2022-03-27 21:06:54,539.12
2022-03-27 21:06:59,539.12
2022-03-27 21:07:04,539.12
2022-03-27 21:07:09,539.12
2022-03-27 21:07:14,539.18
2022-03-27 21:07:19,539.11
2022-03-27 21:07:24,541.8027691605798
2022-03-27 21:07:29,541.7613136312851
2022-03-27 21:07:34,539.18
2022-03-27 21:07:39,541.6784025726956
2022-03-27 21:07:44,539.18
2022-03-27 21:07:49,539.24
2022-03-27 21:07:54,541.5540359848114
2022-03-27 21:07:59,539.24
2022-03-27 21:08:04,539.24
2022-03-27 21:08:09,541.4296693969272
2022-03-27 21:08:14,541.3882138676324
2022-03-27 21:08:19,539.24
2022-03-27 21:08:24,539.3
2022-03-27 21:08:29,539.3
2022-03-27 21:08:34,541.2223917504535
2022-03-27 21:08:39,541.1809362211587
2022-03-27 21:08:44,539.3
2022-03-27 21:08:49,539.23
2022-03-27 21:08:54,539.23
2022-03-27 21:08:59,539.23
2022-03-27 21:09:04,539.29
2022-03-27 21:09:09,539.29
2022-03-27 21:09:14,539.29
2022-03-27 21:09:19,539.29
2022-03-27 21:09:24,539.29
2022-03-27 21:09:29,539.29
2022-03-27 21:09:34,539.22
2022-03-27 21:09:39,539.29
2022-03-27 21:09:44,539.29
2022-03-27 21:09:49,539.29
2022-03-27 21:09:54,540.5591032817377
2022-03-27 21:09:59,540.5176477524429
2022-03-27 21:10:04,539.29
2022-03-27 21:10:09,539.29
2022-03-27 21:10:14,539.29
2022-03-27 21:10:19,539.29
2022-03-27 21:10:24,539.29
2022-03-27 21:10:29,539.29
2022-03-27 21:10:34,540.2274590473797
2022-03-27 21:10:39,539.29
2022-03-27 21:10:44,539.29
2022-03-27 21:10:49,540.1030924594955
2022-03-27 21:10:54,540.0616369302008
2022-03-27 21:10:59,539.29
2022-03-27 21:11:04,539.28
2022-03-27 21:11:09,539.9372703423167
2022-03-27 21:11:14,539.22
2022-03-27 21:11:19,539.22
2022-03-27 21:11:24,539.16
2022-03-27 21:11:29,539.7714482251376
2022-03-27 21:11:34,539.16
2022-03-27 21:11:39,539.09
2022-03-27 21:11:44,539.03
2022-03-27 21:11:49,539.6056261079588
2022-03-27 21:11:54,538.99
2022-03-27 21:11:59,538.93
2022-03-27 21:12:04,539.4812595200746
2022-03-27 21:12:09,539.4398039907798
2022-03-27 21:12:14,539.398348461485
2022-03-27 21:12:19,539.3568929321902
2022-03-27 21:12:24,538.71
2022-03-27 21:12:29,538.64
2022-03-27 21:12:34,538.58
2022-03-27 21:12:39,538.51
2022-03-27 21:12:44,538.51
2022-03-27 21:12:49,538.42
2022-03-27 21:12:54,538.42
2022-03-27 21:12:59,538.35
2022-03-27 21:13:04,538.9837931685377
2022-03-27 21:13:09,538.29
2022-03-27 21:13:14,538.25
2022-03-27 21:13:19,538.19
2022-03-27 21:13:24,538.13
2022-03-27 21:13:29,538.13
2022-03-27 21:13:34,538.06
2022-03-27 21:13:39,538.0
2022-03-27 21:13:44,537.96
2022-03-27 21:13:49,537.96
2022-03-27 21:13:54,537.83
2022-03-27 21:13:59,537.83
2022-03-27 21:14:04,537.77
2022-03-27 21:14:09,537.74
2022-03-27 21:14:14,537.61
2022-03-27 21:14:19,538.3619602291166
2022-03-27 21:14:24,537.54
2022-03-27 21:14:29,537.48
2022-03-27 21:14:34,538.2375936412324
2022-03-27 21:14:39,537.37
2022-03-27 21:14:44,538.1546825826429
2022-03-27 21:14:49,537.25
2022-03-27 21:14:54,537.25
2022-03-27 21:14:59,538.0303159947587
2022-03-27 21:15:04,537.988860465464
2022-03-27 21:15:09,537.08
2022-03-27 21:15:14,537.02
2022-03-27 21:15:19,536.95
2022-03-27 21:15:24,537.823038348285
2022-03-27 21:15:29,537.7815828189903
2022-03-27 21:15:34,536.85
2022-03-27 21:15:39,536.79
2022-03-27 21:15:44,536.79
2022-03-27 21:15:49,536.73
2022-03-27 21:15:54,537.5743051725166
2022-03-27 21:15:59,536.63
2022-03-27 21:16:04,536.56
2022-03-27 21:16:09,536.49
2022-03-27 21:16:14,536.43
2022-03-27 21:16:19,537.3670275260429
2022-03-27 21:16:24,537.3255719967482
2022-03-27 21:16:29,537.2841164674534
2022-03-27 21:16:34,536.2
2022-03-27 21:16:39,536.16
2022-03-27 21:16:44,536.1
2022-03-27 21:16:49,537.1182943502745
2022-03-27 21:16:54,536.03
2022-03-27 21:16:59,537.035383291685
2022-03-27 21:17:04,536.9939277623902
2022-03-27 21:17:09,536.9524722330955
2022-03-27 21:17:14,536.9110167038008
2022-03-27 21:17:19,535.8
2022-03-27 21:17:24,536.8281056452113
2022-03-27 21:17:29,535.67
2022-03-27 21:17:34,535.67
2022-03-27 21:17:39,535.64
2022-03-27 21:17:44,536.7883237678711
2022-03-27 21:17:49,535.5
2022-03-27 21:17:54,535.44
2022-03-27 21:17:59,535.37
2022-03-27 21:18:04,535.37
2022-03-27 21:18:09,535.34
2022-03-27 21:18:14,535.28
2022-03-27 21:18:19,535.21
2022-03-27 21:18:24,535.21
2022-03-27 21:18:29,535.14
2022-03-27 21:18:34,535.11
2022-03-27 21:18:39,535.04
2022-03-27 21:18:44,534.98
2022-03-27 21:18:49,534.91
2022-03-27 21:18:54,536.7430750674223
2022-03-27 21:18:59,534.85
2022-03-27 21:19:04,536.7366109673583
2022-03-27 21:19:09,534.81
2022-03-27 21:19:14,534.75
2022-03-27 21:19:19,536.726914817262
2022-03-27 21:19:24,534.62
2022-03-27 21:19:29,534.58
2022-03-27 21:19:34,534.52
2022-03-27 21:19:39,536.7139866171339
2022-03-27 21:19:44,534.45
2022-03-27 21:19:49,534.39
2022-03-27 21:19:54,536.7042904670377
2022-03-27 21:19:59,536.7010584170056
2022-03-27 21:20:04,534.23
2022-03-27 21:20:09,534.1
2022-03-27 21:20:14,536.6913622669094
2022-03-27 21:20:19,534.06
2022-03-27 21:20:24,533.93
2022-03-27 21:20:29,533.87
2022-03-27 21:20:34,533.87
2022-03-27 21:20:39,533.8
2022-03-27 21:20:44,536.6719699667171
2022-03-27 21:20:49,533.71
2022-03-27 21:20:54,533.64
2022-03-27 21:20:59,533.58
2022-03-27 21:21:04,533.54
2022-03-27 21:21:09,533.48
2022-03-27 21:21:14,533.48
2022-03-27 21:21:19,533.48
2022-03-27 21:21:24,533.41
2022-03-27 21:21:29,533.35
2022-03-27 21:21:34,533.35
2022-03-27 21:21:39,536.6364174163645
2022-03-27 21:21:44,536.6331853663324
2022-03-27 21:21:49,536.6299533163004
2022-03-27 21:21:54,533.28
2022-03-27 21:21:59,533.29
2022-03-27 21:22:04,533.25
2022-03-27 21:22:09,533.25
2022-03-27 21:22:14,536.6137930661401
2022-03-27 21:22:19,533.25
2022-03-27 21:22:24,533.25
2022-03-27 21:22:29,533.19
2022-03-27 21:22:34,533.25
2022-03-27 21:22:39,536.5976328159799
2022-03-27 21:22:44,533.25
2022-03-27 21:22:49,533.25
2022-03-27 21:22:54,533.25
2022-03-27 21:22:59,533.25
2022-03-27 21:23:04,533.28
2022-03-27 21:23:09,536.5782405157875
2022-03-27 21:23:14,533.35
2022-03-27 21:23:19,536.5717764157234
2022-03-27 21:23:24,533.41
2022-03-27 21:23:29,533.41
2022-03-27 21:23:34,533.48
2022-03-27 21:23:39,533.48
2022-03-27 21:23:44,533.54
2022-03-27 21:23:49,536.552384115531
2022-03-27 21:23:54,533.57
2022-03-27 21:23:59,536.5459200154669
2022-03-27 21:24:04,533.7
2022-03-27 21:24:09,533.64
2022-03-27 21:24:14,533.77
2022-03-27 21:24:19,533.77
2022-03-27 21:24:24,533.8
2022-03-27 21:24:29,533.86
2022-03-27 21:24:34,533.93
2022-03-27 21:24:39,533.99
2022-03-27 21:24:44,536.5168315651784
2022-03-27 21:24:49,534.06
2022-03-27 21:24:54,534.09
2022-03-27 21:24:59,534.15
2022-03-27 21:25:04,534.28
2022-03-27 21:25:09,534.22
2022-03-27 21:25:14,534.32
2022-03-27 21:25:19,534.38
2022-03-27 21:25:24,534.38
2022-03-27 21:25:29,536.4877431148899
2022-03-27 21:25:34,536.4845110648579
2022-03-27 21:25:39,536.4812790148258
2022-03-27 21:25:44,534.6
2022-03-27 21:25:49,534.6
2022-03-27 21:25:54,534.67
2022-03-27 21:25:59,536.4683508146976
2022-03-27 21:26:04,536.4651187646655
2022-03-27 21:26:09,534.8
2022-03-27 21:26:14,536.4586546646015
2022-03-27 21:26:19,534.83
2022-03-27 21:26:24,534.9
2022-03-27 21:26:29,536.4489585145052
2022-03-27 21:26:34,535.02
2022-03-27 21:26:39,536.4424944144412
2022-03-27 21:26:44,536.439262364409
2022-03-27 21:26:49,535.09
2022-03-27 21:26:54,536.432798264345
2022-03-27 21:26:59,536.4295662143129
2022-03-27 21:27:04,535.25
2022-03-27 21:27:09,535.25
2022-03-27 21:27:14,536.4198700642168
2022-03-27 21:27:19,535.31
2022-03-27 21:27:24,536.4134059641526
2022-03-27 21:27:29,536.4101739141206
2022-03-27 21:27:34,535.41
2022-03-27 21:27:39,535.35
2022-03-27 21:27:44,535.41
2022-03-27 21:27:49,536.3972457139923
2022-03-27 21:27:54,535.47
2022-03-27 21:27:59,535.47
2022-03-27 21:28:04,535.54
2022-03-27 21:28:09,535.54
2022-03-27 21:28:14,535.54
2022-03-27 21:28:19,536.3778534138
2022-03-27 21:28:24,535.61
2022-03-27 21:28:29,535.61
2022-03-27 21:28:34,536.3681572637039
2022-03-27 21:28:39,536.3649252136718
2022-03-27 21:28:44,535.64
2022-03-27 21:28:49,535.64
2022-03-27 21:28:54,536.3552290635756
2022-03-27 21:28:59,535.71
2022-03-27 21:29:04,535.71
2022-03-27 21:29:09,535.71
2022-03-27 21:29:14,535.71
2022-03-27 21:29:19,535.71
2022-03-27 21:29:24,535.77
2022-03-27 21:29:29,536.3326047133512
2022-03-27 21:29:34,535.77
2022-03-27 21:29:39,535.78
2022-03-27 21:29:44,535.84
2022-03-27 21:29:49,536.319676513223
2022-03-27 21:29:54,535.84
2022-03-27 21:29:59,536.3132124131589
2022-03-27 21:30:04,535.87
2022-03-27 21:30:09,535.84
2022-03-27 21:30:14,535.88
2022-03-27 21:30:19,535.88
2022-03-27 21:30:24,535.87
2022-03-27 21:30:29,536.2938201129666
2022-03-27 21:30:34,535.88
2022-03-27 21:30:39,535.88
2022-03-27 21:30:44,535.88
2022-03-27 21:30:49,535.88
2022-03-27 21:30:54,535.88
2022-03-27 21:30:59,535.95
2022-03-27 21:31:04,535.88
2022-03-27 21:31:09,535.88
2022-03-27 21:31:14,535.88
2022-03-27 21:31:19,535.95
2022-03-27 21:31:24,535.88
2022-03-27 21:31:29,535.88
2022-03-27 21:31:34,535.88
2022-03-27 21:31:39,536.2425676484195
2022-03-27 21:31:44,535.95
2022-03-27 21:31:49,535.95
2022-03-27 21:31:54,535.88
2022-03-27 21:31:59,536.2102528861793
2022-03-27 21:32:04,536.2021741956192
2022-03-27 21:32:09,536.1940955050592
2022-03-27 21:32:14,536.1860168144991
2022-03-27 21:32:19,535.88
2022-03-27 21:32:24,536.169859433379
2022-03-27 21:32:29,535.88
2022-03-27 21:32:34,535.85
2022-03-27 21:32:39,535.85
2022-03-27 21:32:44,535.85
2022-03-27 21:32:49,535.85
2022-03-27 21:32:54,535.85
2022-03-27 21:32:59,535.85
2022-03-27 21:33:04,535.79
2022-03-27 21:33:09,536.0971512183386
2022-03-27 21:33:14,536.0890725277785
2022-03-27 21:33:19,536.0809938372184
2022-03-27 21:33:24,535.79
2022-03-27 21:33:29,535.79
2022-03-27 21:33:34,535.78
2022-03-27 21:33:39,535.78
2022-03-27 21:33:44,535.78
2022-03-27 21:33:49,535.72
2022-03-27 21:33:54,535.72
2022-03-27 21:33:59,536.016364312738
2022-03-27 21:34:04,535.78
2022-03-27 21:34:09,535.78
2022-03-27 21:34:14,535.9921282410578
2022-03-27 21:34:19,535.78
2022-03-27 21:34:24,535.72
2022-03-27 21:34:29,535.9678921693777
2022-03-27 21:34:34,535.9598134788176
2022-03-27 21:34:39,535.9517347882576
2022-03-27 21:34:44,535.78
2022-03-27 21:34:49,535.78
2022-03-27 21:34:54,535.71
2022-03-27 21:34:59,535.78
2022-03-27 21:35:04,535.9113413354573
2022-03-27 21:35:09,535.78
2022-03-27 21:35:14,535.71
2022-03-27 21:35:19,535.8871052637771
2022-03-27 21:35:24,535.8790265732171
2022-03-27 21:35:29,535.77
2022-03-27 21:35:34,535.77
2022-03-27 21:35:39,535.77
2022-03-27 21:35:44,535.77
2022-03-27 21:35:49,535.76
2022-03-27 21:35:54,535.76
2022-03-27 21:35:59,535.8224757392967
2022-03-27 21:36:04,535.76
2022-03-27 21:36:09,535.8063183581767
2022-03-27 21:36:14,535.82
2022-03-27 21:36:19,535.83
2022-03-27 21:36:24,535.82
2022-03-27 21:36:29,535.82
2022-03-27 21:36:34,535.7659249053763
2022-03-27 21:36:39,535.85
2022-03-27 21:36:44,535.7497675242563
2022-03-27 21:36:49,535.7416888336962
2022-03-27 21:36:54,535.92
2022-03-27 21:36:59,535.98
2022-03-27 21:37:04,535.98
2022-03-27 21:37:09,535.98
2022-03-27 21:37:14,535.7012953808959
2022-03-27 21:37:19,535.6932166903359
2022-03-27 21:37:24,536.1
2022-03-27 21:37:29,536.1
2022-03-27 21:37:34,535.6689806186557
2022-03-27 21:37:39,536.1
2022-03-27 21:37:44,536.13
2022-03-27 21:37:49,535.6447445469755
2022-03-27 21:37:54,536.26
2022-03-27 21:37:59,536.26
2022-03-27 21:38:04,536.26
2022-03-27 21:38:09,535.6124297847354
2022-03-27 21:38:14,536.36
2022-03-27 21:38:19,536.35
2022-03-27 21:38:24,536.42
2022-03-27 21:38:29,536.42
2022-03-27 21:38:34,535.5720363319351
2022-03-27 21:38:39,536.48
2022-03-27 21:38:44,535.555878950815
2022-03-27 21:38:49,536.61
2022-03-27 21:38:54,535.5397215696948
2022-03-27 21:38:59,536.61
2022-03-27 21:39:04,536.64
2022-03-27 21:39:09,536.64
2022-03-27 21:39:14,536.64
2022-03-27 21:39:19,536.7
2022-03-27 21:39:24,535.4912494263345
2022-03-27 21:39:29,535.4831707357745
2022-03-27 21:39:34,535.4750920452144
2022-03-27 21:39:39,535.4670133546543
2022-03-27 21:39:44,536.86
2022-03-27 21:39:49,535.4508559735343
2022-03-27 21:39:54,536.86
2022-03-27 21:39:59,535.4346985924142
2022-03-27 21:40:04,536.93
2022-03-27 21:40:09,536.99
2022-03-27 21:40:14,536.99
2022-03-27 21:40:19,537.05
2022-03-27 21:40:24,537.12
2022-03-27 21:40:29,537.12
2022-03-27 21:40:34,535.3781477584938
2022-03-27 21:40:39,537.15
2022-03-27 21:40:44,537.15
2022-03-27 21:40:49,535.3539116868136
2022-03-27 21:40:54,537.22
2022-03-27 21:40:59,537.28
2022-03-27 21:41:04,537.35
2022-03-27 21:41:09,537.28
2022-03-27 21:41:14,537.38
2022-03-27 21:41:19,537.38
2022-03-27 21:41:24,537.38
2022-03-27 21:41:29,537.38
2022-03-27 21:41:34,537.38
2022-03-27 21:41:39,537.45
2022-03-27 21:41:44,535.2650460906531
2022-03-27 21:41:49,537.44
2022-03-27 21:41:54,537.51
2022-03-27 21:41:59,535.2408100189729
2022-03-27 21:42:04,537.51
2022-03-27 21:42:09,537.51
2022-03-27 21:42:14,537.51
2022-03-27 21:42:19,537.51
2022-03-27 21:42:24,537.45
2022-03-27 21:42:29,537.44
2022-03-27 21:42:34,537.51
2022-03-27 21:42:39,537.45
2022-03-27 21:42:44,537.45
2022-03-27 21:42:49,537.45
2022-03-27 21:42:54,537.38
2022-03-27 21:42:59,535.1438657322523
2022-03-27 21:43:04,537.45
2022-03-27 21:43:09,537.45
2022-03-27 21:43:14,537.45
2022-03-27 21:43:19,535.1115509700121
2022-03-27 21:43:24,537.45
2022-03-27 21:43:29,537.38
2022-03-27 21:43:34,535.0873148983319
2022-03-27 21:43:39,537.38
2022-03-27 21:43:44,535.0711575172118
2022-03-27 21:43:49,537.38
2022-03-27 21:43:54,537.38
2022-03-27 21:43:59,535.0469214455317
2022-03-27 21:44:04,535.0388427549716
2022-03-27 21:44:09,537.35
2022-03-27 21:44:14,535.0226853738515
2022-03-27 21:44:19,537.29
2022-03-27 21:44:24,537.22
2022-03-27 21:44:29,537.22
2022-03-27 21:44:34,537.29
2022-03-27 21:44:39,537.22
2022-03-27 21:44:44,534.9742132304912
2022-03-27 21:44:49,537.22
2022-03-27 21:44:54,537.22
2022-03-27 21:44:59,537.16
2022-03-27 21:45:04,537.16
2022-03-27 21:45:09,534.9338197776909
2022-03-27 21:45:14,537.16
2022-03-27 21:45:19,537.12
2022-03-27 21:45:24,537.12
2022-03-27 21:45:29,534.9015050154507
2022-03-27 21:45:34,537.13
2022-03-27 21:45:39,537.06
2022-03-27 21:45:44,534.8874093388735
2022-03-27 21:45:49,537.06
2022-03-27 21:45:54,534.8884384980439
2022-03-27 21:45:59,537.0
2022-03-27 21:46:04,534.8894676572143
2022-03-27 21:46:09,537.0
2022-03-27 21:46:14,536.93
2022-03-27 21:46:19,534.8910113959699
2022-03-27 21:46:24,534.8915259755552
2022-03-27 21:46:29,534.8920405551403
2022-03-27 21:46:34,536.87
2022-03-27 21:46:39,536.87
2022-03-27 21:46:44,536.87
2022-03-27 21:46:49,536.84
2022-03-27 21:46:54,536.77
2022-03-27 21:46:59,536.77
2022-03-27 21:47:04,536.77
2022-03-27 21:47:09,536.77
2022-03-27 21:47:14,536.71
2022-03-27 21:47:19,536.71
2022-03-27 21:47:24,536.71
2022-03-27 21:47:29,536.64
2022-03-27 21:47:34,536.65
2022-03-27 21:47:39,536.65
2022-03-27 21:47:44,536.61
2022-03-27 21:47:49,536.65
2022-03-27 21:47:54,536.61
2022-03-27 21:47:59,536.61
2022-03-27 21:48:04,536.61
2022-03-27 21:48:09,536.55
2022-03-27 21:48:14,534.9028467264297
2022-03-27 21:48:19,536.62
2022-03-27 21:48:24,536.55
2022-03-27 21:48:29,536.62
2022-03-27 21:48:34,536.62
2022-03-27 21:48:39,534.9054196243558
2022-03-27 21:48:44,536.55
2022-03-27 21:48:49,536.55
2022-03-27 21:48:54,536.55
2022-03-27 21:48:59,536.56
2022-03-27 21:49:04,534.9079925222819
2022-03-27 21:49:09,536.56
2022-03-27 21:49:14,536.56
2022-03-27 21:49:19,536.56
2022-03-27 21:49:24,536.49
2022-03-27 21:49:29,536.49
2022-03-27 21:49:34,536.49
2022-03-27 21:49:39,536.49
2022-03-27 21:49:44,536.49
2022-03-27 21:49:49,536.49
2022-03-27 21:49:54,534.913138318134
2022-03-27 21:49:59,536.5
2022-03-27 21:50:04,536.5
2022-03-27 21:50:09,534.9146820568897
2022-03-27 21:50:14,536.49
2022-03-27 21:50:19,536.56
2022-03-27 21:50:24,534.9162257956452
2022-03-27 21:50:29,534.9167403752305
2022-03-27 21:50:34,536.56
2022-03-27 21:50:39,536.56
2022-03-27 21:50:44,534.9182841139861
2022-03-27 21:50:49,536.62
2022-03-27 21:50:54,536.66
2022-03-27 21:50:59,536.66
2022-03-27 21:51:04,534.920342432327
2022-03-27 21:51:09,534.9208570119122
2022-03-27 21:51:14,536.72
2022-03-27 21:51:19,534.9218861710825
2022-03-27 21:51:24,536.72
2022-03-27 21:51:29,534.922915330253
2022-03-27 21:51:34,536.85
2022-03-27 21:51:39,536.85
2022-03-27 21:51:44,536.88
2022-03-27 21:51:49,536.88
2022-03-27 21:51:54,534.925488228179
2022-03-27 21:51:59,536.95
2022-03-27 21:52:04,537.07
2022-03-27 21:52:09,537.01
2022-03-27 21:52:14,537.07
2022-03-27 21:52:19,537.07
2022-03-27 21:52:24,537.07
2022-03-27 21:52:29,534.9290902852755
2022-03-27 21:52:34,534.9296048648607
2022-03-27 21:52:39,537.17
2022-03-27 21:52:44,537.23
2022-03-27 21:52:49,537.23
2022-03-27 21:52:54,537.29
2022-03-27 21:52:59,537.36
2022-03-27 21:53:04,534.932692342372
2022-03-27 21:53:09,537.39
2022-03-27 21:53:14,537.46
2022-03-27 21:53:19,534.9342360811277
2022-03-27 21:53:24,537.58
2022-03-27 21:53:29,534.935265240298
2022-03-27 21:53:34,537.65
2022-03-27 21:53:39,534.9362943994685
2022-03-27 21:53:44,534.9368089790537
2022-03-27 21:53:49,537.8
2022-03-27 21:53:54,537.87
2022-03-27 21:53:59,537.9
2022-03-27 21:54:04,537.96
2022-03-27 21:54:09,534.9393818769797
2022-03-27 21:54:14,534.939896456565
2022-03-27 21:54:19,538.03
2022-03-27 21:54:24,538.15
2022-03-27 21:54:29,538.25
2022-03-27 21:54:34,538.25
2022-03-27 21:54:39,538.38
2022-03-27 21:54:44,534.9429839340762
2022-03-27 21:54:49,538.47
2022-03-27 21:54:54,538.53
2022-03-27 21:54:59,538.6
2022-03-27 21:55:04,538.6
2022-03-27 21:55:09,538.66
2022-03-27 21:55:14,538.69
2022-03-27 21:55:19,538.75
2022-03-27 21:55:24,538.82
2022-03-27 21:55:29,538.88
2022-03-27 21:55:34,534.9481297299284
2022-03-27 21:55:39,534.9486443095135
2022-03-27 21:55:44,539.04
2022-03-27 21:55:49,534.949673468684
2022-03-27 21:55:54,539.17
2022-03-27 21:55:59,539.2
2022-03-27 21:56:04,539.2
2022-03-27 21:56:09,534.9517317870248
2022-03-27 21:56:14,534.95224636661
2022-03-27 21:56:19,539.39
2022-03-27 21:56:24,539.39
2022-03-27 21:56:29,539.42
2022-03-27 21:56:34,539.39
2022-03-27 21:56:39,539.42
2022-03-27 21:56:44,539.42
2022-03-27 21:56:49,539.42
2022-03-27 21:56:54,539.48
2022-03-27 21:56:59,539.48
2022-03-27 21:57:04,539.48
2022-03-27 21:57:09,539.48
2022-03-27 21:57:14,539.48
2022-03-27 21:57:19,534.9589359012177
2022-03-27 21:57:24,534.959450480803
2022-03-27 21:57:29,539.42
2022-03-27 21:57:34,539.42
2022-03-27 21:57:39,539.42
2022-03-27 21:57:44,534.9615087991439
2022-03-27 21:57:49,539.38
2022-03-27 21:57:54,534.9625379583142
2022-03-27 21:57:59,539.25
2022-03-27 21:58:04,534.9635671174847
2022-03-27 21:58:09,534.9640816970699
2022-03-27 21:58:14,539.09
2022-03-27 21:58:19,539.09
2022-03-27 21:58:24,539.09
2022-03-27 21:58:29,534.9661400154107
2022-03-27 21:58:34,538.9
2022-03-27 21:58:39,538.8
2022-03-27 21:58:44,538.74
2022-03-27 21:58:49,538.67
2022-03-27 21:58:54,534.9687129133367
2022-03-27 21:58:59,538.45
2022-03-27 21:59:04,538.38
2022-03-27 21:59:09,534.9702566520924
2022-03-27 21:59:14,534.9707712316776
2022-03-27 21:59:19,534.9712858112629
2022-03-27 21:59:24,538.06
2022-03-27 21:59:29,534.9723149704332
2022-03-27 21:59:34,537.84
2022-03-27 21:59:39,537.77
2022-03-27 21:59:44,537.64
2022-03-27 21:59:49,535.0002552944362
2022-03-27 21:59:54,537.48
2022-03-27 21:59:59,537.35
2022-03-27 22:00:04,535.0710435614293
2022-03-27 22:00:09,535.094639650427
2022-03-27 22:00:14,537.03
2022-03-27 22:00:19,536.9
2022-03-27 22:00:24,536.81
2022-03-27 22:00:29,536.62
2022-03-27 22:00:34,535.2126200954154
2022-03-27 22:00:39,536.39
2022-03-27 22:00:44,535.2598122734108
2022-03-27 22:00:49,535.2834083624085
2022-03-27 22:00:54,535.3070044514062
2022-03-27 22:00:59,535.87
2022-03-27 22:01:04,535.72
2022-03-27 22:01:09,535.3777927183993
2022-03-27 22:01:14,535.401388807397
2022-03-27 22:01:19,535.36
2022-03-27 22:01:24,535.4485809853923
2022-03-27 22:01:29,535.04
2022-03-27 22:01:34,534.91
2022-03-27 22:01:39,535.5193692523853
2022-03-27 22:01:44,534.62
2022-03-27 22:01:49,535.5665614303807
2022-03-27 22:01:54,534.4
2022-03-27 22:01:59,534.24
2022-03-27 22:02:04,534.11
2022-03-27 22:02:09,534.01
2022-03-27 22:02:14,533.88
2022-03-27 22:02:19,533.72
2022-03-27 22:02:24,533.59
2022-03-27 22:02:29,535.7553301423623
2022-03-27 22:02:34,533.37
2022-03-27 22:02:39,533.24
2022-03-27 22:02:44,533.14
2022-03-27 22:02:49,533.01
2022-03-27 22:02:54,532.92
2022-03-27 22:02:59,532.85
2022-03-27 22:03:04,532.73
2022-03-27 22:03:09,532.63
2022-03-27 22:03:14,532.57
2022-03-27 22:03:19,532.47
2022-03-27 22:03:24,532.41
2022-03-27 22:03:29,532.34
2022-03-27 22:03:34,532.28
2022-03-27 22:03:39,536.08567538833
2022-03-27 22:03:44,532.18
2022-03-27 22:03:49,532.12
2022-03-27 22:03:54,532.05
2022-03-27 22:03:59,532.05
2022-03-27 22:04:04,536.2036558333184
2022-03-27 22:04:09,532.05
2022-03-27 22:04:14,532.05
2022-03-27 22:04:19,532.05
2022-03-27 22:04:24,532.05
2022-03-27 22:04:29,532.05
2022-03-27 22:04:34,536.3452323673044
2022-03-27 22:04:39,532.05
2022-03-27 22:04:44,532.18
2022-03-27 22:04:49,536.4160206342975
2022-03-27 22:04:54,536.4396167232952
2022-03-27 22:04:59,532.28
2022-03-27 22:05:04,536.4868089012906
2022-03-27 22:05:09,532.41
2022-03-27 22:05:14,536.534001079286
2022-03-27 22:05:19,536.5575971682837
2022-03-27 22:05:24,532.57
2022-03-27 22:05:29,536.6047893462791
2022-03-27 22:05:34,536.6283854352768
2022-03-27 22:05:39,532.86
2022-03-27 22:05:44,532.93
2022-03-27 22:05:49,536.6991737022698
2022-03-27 22:05:54,536.7227697912675
2022-03-27 22:05:59,533.22
2022-03-27 22:06:04,533.32
2022-03-27 22:06:09,533.44
2022-03-27 22:06:14,533.51
2022-03-27 22:06:19,533.61
2022-03-27 22:06:24,533.74
2022-03-27 22:06:29,533.83
2022-03-27 22:06:34,533.96
2022-03-27 22:06:39,536.9351345922466
2022-03-27 22:06:44,534.12
2022-03-27 22:06:49,534.26
2022-03-27 22:06:54,534.35
2022-03-27 22:06:59,534.41
2022-03-27 22:07:04,534.55
2022-03-27 22:07:09,534.58
2022-03-27 22:07:14,534.71
2022-03-27 22:07:19,534.77
2022-03-27 22:07:24,534.87
2022-03-27 22:07:29,535.0
2022-03-27 22:07:34,535.06
2022-03-27 22:07:39,537.218287660219
2022-03-27 22:07:44,535.23
2022-03-27 22:07:49,537.2654798382143
2022-03-27 22:07:54,535.39
2022-03-27 22:07:59,535.52
2022-03-27 22:08:04,537.3362681052074
2022-03-27 22:08:09,535.62
2022-03-27 22:08:14,537.3834602832028
2022-03-27 22:08:19,535.81
2022-03-27 22:08:24,535.85
2022-03-27 22:08:29,537.4542485501959
2022-03-27 22:08:34,535.98
2022-03-27 22:08:39,536.04
2022-03-27 22:08:44,536.14
2022-03-27 22:08:49,537.5486329061866
2022-03-27 22:08:54,537.5722289951842
2022-03-27 22:08:59,536.27
2022-03-27 22:09:04,536.34
2022-03-27 22:09:09,536.37
2022-03-27 22:09:14,537.666613351175
2022-03-27 22:09:19,536.43
2022-03-27 22:09:24,536.56
2022-03-27 22:09:29,536.63
2022-03-27 22:09:34,536.63
2022-03-27 22:09:39,537.7845937961634
2022-03-27 22:09:44,537.8081898851611
2022-03-27 22:09:49,536.72
2022-03-27 22:09:54,537.8553820631565
2022-03-27 22:09:59,537.8789781521542
2022-03-27 22:10:04,536.73
2022-03-27 22:10:09,537.9261703301496
2022-03-27 22:10:14,536.79
2022-03-27 22:10:19,537.973362508145
2022-03-27 22:10:24,536.73
2022-03-27 22:10:29,536.79
2022-03-27 22:10:34,536.79
2022-03-27 22:10:39,536.79
2022-03-27 22:10:44,538.0913429531334
2022-03-27 22:10:49,536.79
2022-03-27 22:10:54,536.79
2022-03-27 22:10:59,536.73
2022-03-27 22:11:04,538.1857273091242
2022-03-27 22:11:09,538.2093233981218
2022-03-27 22:11:14,536.73
2022-03-27 22:11:19,536.66
2022-03-27 22:11:24,536.63
2022-03-27 22:11:29,536.63
2022-03-27 22:11:34,538.3273038431103
2022-03-27 22:11:39,536.57
2022-03-27 22:11:44,536.56
2022-03-27 22:11:49,536.5
2022-03-27 22:11:54,536.5
2022-03-27 22:11:59,538.4452842880987
2022-03-27 22:12:04,536.43
2022-03-27 22:12:09,536.37
2022-03-27 22:12:14,536.34
2022-03-27 22:12:19,536.37
2022-03-27 22:12:24,538.5632647330872
2022-03-27 22:12:29,538.5868608220849
2022-03-27 22:12:34,538.6104569110826
2022-03-27 22:12:39,536.2
2022-03-27 22:12:44,536.14
2022-03-27 22:12:49,538.6812451780756
2022-03-27 22:12:54,536.11
2022-03-27 22:12:59,536.04
2022-03-27 22:13:04,535.98
2022-03-27 22:13:09,538.7756295340664
2022-03-27 22:13:14,535.91
2022-03-27 22:13:19,535.91
2022-03-27 22:13:24,538.8464178010595
2022-03-27 22:13:29,535.75
2022-03-27 22:13:34,535.75
2022-03-27 22:13:39,535.68
2022-03-27 22:13:44,538.9408021570501
2022-03-27 22:13:49,535.61
2022-03-27 22:13:54,535.58
2022-03-27 22:13:59,538.9361273124016
2022-03-27 22:14:04,535.52
2022-03-27 22:14:09,535.45
2022-03-27 22:14:14,535.38
2022-03-27 22:14:19,538.8841676454364
2022-03-27 22:14:24,535.32
2022-03-27 22:14:29,538.8581878119538
2022-03-27 22:14:34,535.28
2022-03-27 22:14:39,538.8322079784713
2022-03-27 22:14:44,538.8192180617299
2022-03-27 22:14:49,535.15
2022-03-27 22:14:54,535.09
2022-03-27 22:14:59,535.09
2022-03-27 22:15:04,535.09
2022-03-27 22:15:09,535.05
2022-03-27 22:15:14,534.99
2022-03-27 22:15:19,538.7282886445408
2022-03-27 22:15:24,534.86
2022-03-27 22:15:29,534.86
2022-03-27 22:15:34,534.8
2022-03-27 22:15:39,534.8
2022-03-27 22:15:44,534.76
2022-03-27 22:15:49,534.7
2022-03-27 22:15:54,534.7
2022-03-27 22:15:59,538.6243693106105
2022-03-27 22:16:04,534.63
2022-03-27 22:16:09,538.5983894771279
2022-03-27 22:16:14,534.63
2022-03-27 22:16:19,534.63
2022-03-27 22:16:24,534.7
2022-03-27 22:16:29,538.5464298101627
2022-03-27 22:16:34,534.69
2022-03-27 22:16:39,538.5204499766801
2022-03-27 22:16:44,534.7
2022-03-27 22:16:49,534.76
2022-03-27 22:16:54,534.76
2022-03-27 22:16:59,534.76
2022-03-27 22:17:04,534.79
2022-03-27 22:17:09,538.4425104762323
2022-03-27 22:17:14,534.86
2022-03-27 22:17:19,534.92
2022-03-27 22:17:24,534.99
2022-03-27 22:17:29,538.3905508092672
2022-03-27 22:17:34,535.05
2022-03-27 22:17:39,535.08
2022-03-27 22:17:44,538.3515810590433
2022-03-27 22:17:49,535.21
2022-03-27 22:17:54,535.21
2022-03-27 22:17:59,535.31
2022-03-27 22:18:04,535.31
2022-03-27 22:18:09,535.37
2022-03-27 22:18:14,535.44
2022-03-27 22:18:19,535.57
2022-03-27 22:18:24,535.6
2022-03-27 22:18:29,538.2346718083716
2022-03-27 22:18:34,535.73
2022-03-27 22:18:39,538.208691974889
2022-03-27 22:18:44,535.89
2022-03-27 22:18:49,535.96
2022-03-27 22:18:54,536.02
2022-03-27 22:18:59,538.1567323079238
2022-03-27 22:19:04,536.09
2022-03-27 22:19:09,538.1307524744412
2022-03-27 22:19:14,536.25
2022-03-27 22:19:19,538.1047726409587
2022-03-27 22:19:24,536.41
2022-03-27 22:19:29,536.47
2022-03-27 22:19:34,536.54
2022-03-27 22:19:39,536.63
2022-03-27 22:19:44,538.0398230572522
2022-03-27 22:19:49,536.76
2022-03-27 22:19:54,538.0138432237695
2022-03-27 22:19:59,538.0008533070283
2022-03-27 22:20:04,537.987863390287
2022-03-27 22:20:09,537.05
2022-03-27 22:20:14,537.9618835568044
2022-03-27 22:20:19,537.9488936400631
2022-03-27 22:20:24,537.9359037233218
2022-03-27 22:20:29,537.9229138065805
2022-03-27 22:20:34,537.9099238898392
2022-03-27 22:20:39,537.44
2022-03-27 22:20:44,537.8839440563567
2022-03-27 22:20:49,537.57
2022-03-27 22:20:54,537.57
2022-03-27 22:20:59,537.64
2022-03-27 22:21:04,537.8319843893914
2022-03-27 22:21:09,537.67
2022-03-27 22:21:14,537.67
2022-03-27 22:21:19,537.7930146391676
2022-03-27 22:21:24,537.7800247224262
2022-03-27 22:21:29,537.767034805685
2022-03-27 22:21:34,537.7540448889437
2022-03-27 22:21:39,537.74
2022-03-27 22:21:44,537.74
2022-03-27 22:21:49,537.74
2022-03-27 22:21:54,537.74
2022-03-27 22:21:59,537.6890953052372
2022-03-27 22:22:04,537.6761053884959
2022-03-27 22:22:09,537.74
2022-03-27 22:22:14,537.74
2022-03-27 22:22:19,537.74
2022-03-27 22:22:24,537.67
2022-03-27 22:22:29,537.67
2022-03-27 22:22:34,537.5981658880481
2022-03-27 22:22:39,537.64
2022-03-27 22:22:44,537.5721860545656
2022-03-27 22:22:49,537.64
2022-03-27 22:22:54,537.58
2022-03-27 22:22:59,537.5332163043416
2022-03-27 22:23:04,537.51
2022-03-27 22:23:09,537.5072364708591
2022-03-27 22:23:14,537.51
2022-03-27 22:23:19,537.45
2022-03-27 22:23:24,537.45
2022-03-27 22:23:29,537.45
2022-03-27 22:23:34,537.4422868871526
2022-03-27 22:23:39,537.39
2022-03-27 22:23:44,537.39
2022-03-27 22:23:49,537.39
2022-03-27 22:23:54,537.36
2022-03-27 22:23:59,537.3773373034461
2022-03-27 22:24:04,537.36
2022-03-27 22:24:09,537.29
2022-03-27 22:24:14,537.29
2022-03-27 22:24:19,537.3253776364809
2022-03-27 22:24:24,537.23
2022-03-27 22:24:29,537.2993978029983
2022-03-27 22:24:34,537.17
2022-03-27 22:24:39,537.16
2022-03-27 22:24:44,537.2604280527744
2022-03-27 22:24:49,537.13
2022-03-27 22:24:54,537.07
2022-03-27 22:24:59,537.07
2022-03-27 22:25:04,537.07
2022-03-27 22:25:09,537.1954784690679
2022-03-27 22:25:14,537.01
2022-03-27 22:25:19,537.1694986355853
2022-03-27 22:25:24,536.95
2022-03-27 22:25:29,536.95
2022-03-27 22:25:34,536.88
2022-03-27 22:25:39,537.1175389686201
2022-03-27 22:25:44,536.88
2022-03-27 22:25:49,536.85
2022-03-27 22:25:54,537.0785692183963
2022-03-27 22:25:59,536.79
2022-03-27 22:26:04,537.0525893849137
2022-03-27 22:26:09,536.66
2022-03-27 22:26:14,536.66
2022-03-27 22:26:19,536.63
2022-03-27 22:26:24,536.63
2022-03-27 22:26:29,536.9876398012073
2022-03-27 22:26:34,536.57
2022-03-27 22:26:39,536.9616599677246
2022-03-27 22:26:44,536.9486700509833
2022-03-27 22:26:49,536.935680134242
2022-03-27 22:26:54,536.34
2022-03-27 22:26:59,536.34
2022-03-27 22:27:04,536.8967103840181
2022-03-27 22:27:09,536.28
2022-03-27 22:27:14,536.22
2022-03-27 22:27:19,536.16
2022-03-27 22:27:24,536.12
2022-03-27 22:27:29,536.8317608003117
2022-03-27 22:27:34,536.06
2022-03-27 22:27:39,536.805780966829
2022-03-27 22:27:44,535.93
2022-03-27 22:27:49,536.7798011333465
2022-03-27 22:27:54,536.7670540000252
2022-03-27 22:27:59,535.84
2022-03-27 22:28:04,535.77
2022-03-27 22:28:09,535.77
2022-03-27 22:28:14,535.71
2022-03-27 22:28:19,535.71
2022-03-27 22:28:24,535.64
2022-03-27 22:28:29,537.1103427294433
2022-03-27 22:28:34,535.61
2022-03-27 22:28:39,535.55
2022-03-27 22:28:44,537.2574664706226
2022-03-27 22:28:49,535.49
2022-03-27 22:28:54,535.42
2022-03-27 22:28:59,537.4045902118019
2022-03-27 22:29:04,535.36
2022-03-27 22:29:09,535.33
2022-03-27 22:29:14,535.26
2022-03-27 22:29:19,537.6007552000408
2022-03-27 22:29:24,535.13
2022-03-27 22:29:29,535.1
2022-03-27 22:29:34,534.97
2022-03-27 22:29:39,537.7969201882797
2022-03-27 22:29:44,534.75
2022-03-27 22:29:49,537.8950026823992
2022-03-27 22:29:54,537.9440439294589
2022-03-27 22:29:59,537.9930851765187
2022-03-27 22:30:04,534.33
2022-03-27 22:30:09,534.23
2022-03-27 22:30:14,534.07
2022-03-27 22:30:19,538.1892501647576
2022-03-27 22:30:24,533.78
2022-03-27 22:30:29,538.2873326588771
2022-03-27 22:30:34,533.49
2022-03-27 22:30:39,533.29
2022-03-27 22:30:44,533.2
2022-03-27 22:30:49,533.07
2022-03-27 22:30:54,538.5325388941758
2022-03-27 22:30:59,538.5815801412356
2022-03-27 22:31:04,532.55
2022-03-27 22:31:09,532.45
2022-03-27 22:31:14,532.26
2022-03-27 22:31:19,532.16
2022-03-27 22:31:24,532.03
2022-03-27 22:31:29,538.875827623594
2022-03-27 22:31:34,531.8
2022-03-27 22:31:39,531.71
2022-03-27 22:31:44,531.58
2022-03-27 22:31:49,531.42
2022-03-27 22:31:54,531.29
2022-03-27 22:31:59,539.1700751059524
2022-03-27 22:32:04,531.06
2022-03-27 22:32:09,539.2681576000718
2022-03-27 22:32:14,530.83
2022-03-27 22:32:19,530.77
2022-03-27 22:32:24,530.67
2022-03-27 22:32:29,539.4643225883108
2022-03-27 22:32:34,530.47
2022-03-27 22:32:39,530.31
2022-03-27 22:32:44,530.25
2022-03-27 22:32:49,530.15
2022-03-27 22:32:54,530.02
2022-03-27 22:32:59,539.7585700706693
2022-03-27 22:33:04,529.73
2022-03-27 22:33:09,529.67
2022-03-27 22:33:14,539.9056938118484
2022-03-27 22:33:19,529.57
2022-03-27 22:33:24,529.4
2022-03-27 22:33:29,529.34
2022-03-27 22:33:34,529.27
2022-03-27 22:33:39,529.14
2022-03-27 22:33:44,529.11
2022-03-27 22:33:49,540.2489825412666
2022-03-27 22:33:54,528.91
2022-03-27 22:33:59,528.82
2022-03-27 22:34:04,528.75
2022-03-27 22:34:09,528.69
2022-03-27 22:34:14,528.59
2022-03-27 22:34:19,540.543230023625
2022-03-27 22:34:24,528.4
2022-03-27 22:34:29,528.36
2022-03-27 22:34:34,528.23
2022-03-27 22:34:39,528.17
2022-03-27 22:34:44,528.1
2022-03-27 22:34:49,540.8374775059834
2022-03-27 22:34:54,527.88
2022-03-27 22:34:59,527.85
2022-03-27 22:35:04,527.72
2022-03-27 22:35:09,527.65
2022-03-27 22:35:14,541.0826837412822
2022-03-27 22:35:19,527.49
2022-03-27 22:35:24,527.43
2022-03-27 22:35:29,541.2298074824614
2022-03-27 22:35:34,527.33
2022-03-27 22:35:39,527.26
2022-03-27 22:35:44,527.2
2022-03-27 22:35:49,527.14
2022-03-27 22:35:54,527.14
2022-03-27 22:35:59,541.5240549648198
2022-03-27 22:36:04,526.97
2022-03-27 22:36:09,526.91
2022-03-27 22:36:14,526.91
2022-03-27 22:36:19,526.91
2022-03-27 22:36:24,526.85
2022-03-27 22:36:29,526.81
2022-03-27 22:36:34,526.81
2022-03-27 22:36:39,526.75
2022-03-27 22:36:44,526.75
2022-03-27 22:36:49,526.75
2022-03-27 22:36:54,526.75
2022-03-27 22:36:59,526.69
2022-03-27 22:37:04,542.1615911765964
2022-03-27 22:37:09,526.69
2022-03-27 22:37:14,526.75
2022-03-27 22:37:19,526.75
2022-03-27 22:37:24,542.3577561648353
2022-03-27 22:37:29,526.75
2022-03-27 22:37:34,526.82
2022-03-27 22:37:39,542.5048799060146
2022-03-27 22:37:44,542.5539211530744
2022-03-27 22:37:49,526.91
2022-03-27 22:37:54,526.98
2022-03-27 22:37:59,542.7010448942535
2022-03-27 22:38:04,527.07
2022-03-27 22:38:09,527.14
2022-03-27 22:38:14,527.14
2022-03-27 22:38:19,527.27
2022-03-27 22:38:24,542.9462511295523
2022-03-27 22:38:29,527.43
2022-03-27 22:38:34,543.0443336236717
2022-03-27 22:38:39,527.56
2022-03-27 22:38:44,527.59
2022-03-27 22:38:49,543.191457364851
2022-03-27 22:38:54,527.72
2022-03-27 22:38:59,527.85
2022-03-27 22:39:04,543.3385811060301
2022-03-27 22:39:09,527.94
2022-03-27 22:39:14,528.07
2022-03-27 22:39:19,528.11
2022-03-27 22:39:24,528.17
2022-03-27 22:39:29,528.24
2022-03-27 22:39:34,528.3
2022-03-27 22:39:39,528.36
2022-03-27 22:39:44,528.46
2022-03-27 22:39:49,543.7799523295678
2022-03-27 22:39:54,543.8289935766276
2022-03-27 22:39:59,528.62
2022-03-27 22:40:04,543.927076070747
2022-03-27 22:40:09,528.75
2022-03-27 22:40:14,528.82
2022-03-27 22:40:19,528.88
2022-03-27 22:40:24,528.98
2022-03-27 22:40:29,529.04
2022-03-27 22:40:34,529.11
2022-03-27 22:40:39,544.2703648001652
2022-03-27 22:40:44,529.21
2022-03-27 22:40:49,529.27
2022-03-27 22:40:54,529.33
2022-03-27 22:40:59,529.4
2022-03-27 22:41:04,544.5155710354638
2022-03-27 22:41:09,544.5646122825236
2022-03-27 22:41:14,544.6136535295834
2022-03-27 22:41:19,529.63
2022-03-27 22:41:24,529.62
2022-03-27 22:41:29,529.72
2022-03-27 22:41:34,544.8098185178224
2022-03-27 22:41:39,529.79
2022-03-27 22:41:44,529.85
2022-03-27 22:41:49,529.85
2022-03-27 22:41:54,529.92
2022-03-27 22:41:59,529.92
2022-03-27 22:42:04,545.040244997966
2022-03-27 22:42:09,545.0217654745669
2022-03-27 22:42:14,530.08
2022-03-27 22:42:19,530.14
2022-03-27 22:42:24,530.14
2022-03-27 22:42:29,530.18
2022-03-27 22:42:34,530.18
2022-03-27 22:42:39,530.24
2022-03-27 22:42:44,530.3
2022-03-27 22:42:49,530.37
2022-03-27 22:42:54,544.855449763974
2022-03-27 22:42:59,544.8369702405748
2022-03-27 22:43:04,530.53
2022-03-27 22:43:09,530.53
2022-03-27 22:43:14,530.59
2022-03-27 22:43:19,530.66
2022-03-27 22:43:24,530.69
2022-03-27 22:43:29,530.76
2022-03-27 22:43:34,530.76
2022-03-27 22:43:39,544.689134053381
2022-03-27 22:43:44,544.6706545299819
2022-03-27 22:43:49,530.99
2022-03-27 22:43:54,531.11
2022-03-27 22:43:59,531.18
2022-03-27 22:44:04,531.21
2022-03-27 22:44:09,531.34
2022-03-27 22:44:14,531.4
2022-03-27 22:44:19,544.5412978661874
2022-03-27 22:44:24,531.57
2022-03-27 22:44:29,531.63
2022-03-27 22:44:34,544.4858592959897
2022-03-27 22:44:39,531.79
2022-03-27 22:44:44,531.92
2022-03-27 22:44:49,532.02
2022-03-27 22:44:54,544.4119412023929
2022-03-27 22:44:59,544.3934616789936
2022-03-27 22:45:04,532.31
2022-03-27 22:45:09,532.44
2022-03-27 22:45:14,532.51
2022-03-27 22:45:19,532.61
2022-03-27 22:45:24,532.73
2022-03-27 22:45:29,532.83
2022-03-27 22:45:34,544.2641050151992
2022-03-27 22:45:39,544.2456254918
2022-03-27 22:45:44,533.25
2022-03-27 22:45:49,533.35
2022-03-27 22:45:54,533.48
2022-03-27 22:45:59,533.58
2022-03-27 22:46:04,544.1532278748039
2022-03-27 22:46:09,544.1347483514047
2022-03-27 22:46:14,534.0
2022-03-27 22:46:19,534.1
2022-03-27 22:46:24,544.079309781207
2022-03-27 22:46:29,544.0608302578079
2022-03-27 22:46:34,534.58
2022-03-27 22:46:39,534.68
2022-03-27 22:46:44,534.81
2022-03-27 22:46:49,534.9
2022-03-27 22:46:54,535.03
2022-03-27 22:46:59,535.13
2022-03-27 22:47:04,543.9314735940134
2022-03-27 22:47:09,535.42
2022-03-27 22:47:14,543.894514547215
2022-03-27 22:47:19,543.8760350238157
2022-03-27 22:47:24,535.87
2022-03-27 22:47:29,536.0
2022-03-27 22:47:34,536.13
2022-03-27 22:47:39,543.8021169302189
2022-03-27 22:47:44,536.39
2022-03-27 22:47:49,536.52
2022-03-27 22:47:54,536.65
2022-03-27 22:47:59,543.728198836622
2022-03-27 22:48:04,536.97
2022-03-27 22:48:09,537.1
2022-03-27 22:48:14,537.26
2022-03-27 22:48:19,537.39
2022-03-27 22:48:24,537.55
2022-03-27 22:48:29,543.6173216962268
2022-03-27 22:48:34,543.5988421728275
2022-03-27 22:48:39,543.5803626494283
2022-03-27 22:48:44,538.0
2022-03-27 22:48:49,538.19
2022-03-27 22:48:54,538.36
2022-03-27 22:48:59,538.45
2022-03-27 22:49:04,543.4879650324323
2022-03-27 22:49:09,538.74
2022-03-27 22:49:14,538.87
2022-03-27 22:49:19,538.97
2022-03-27 22:49:24,543.4140469388353
2022-03-27 22:49:29,539.22
2022-03-27 22:49:34,539.38
2022-03-27 22:49:39,543.3586083686378
2022-03-27 22:49:44,539.61
2022-03-27 22:49:49,539.74
2022-03-27 22:49:54,539.9
2022-03-27 22:49:59,539.99
2022-03-27 22:50:04,543.2662107516417
2022-03-27 22:50:09,540.25
2022-03-27 22:50:14,540.35
2022-03-27 22:50:19,540.51
2022-03-27 22:50:24,540.63
2022-03-27 22:50:29,540.76
2022-03-27 22:50:34,540.86
2022-03-27 22:50:39,541.02
2022-03-27 22:50:44,543.118374564448
2022-03-27 22:50:49,541.21
2022-03-27 22:50:54,541.31
2022-03-27 22:50:59,541.37
2022-03-27 22:51:04,543.0444564708512
2022-03-27 22:51:09,543.0259769474519
2022-03-27 22:51:14,541.72
2022-03-27 22:51:19,541.79
2022-03-27 22:51:24,541.88
2022-03-27 22:51:29,542.9520588538551
2022-03-27 22:51:34,542.04
2022-03-27 22:51:39,542.04
2022-03-27 22:51:44,542.17
2022-03-27 22:51:49,542.3
2022-03-27 22:51:54,542.29
2022-03-27 22:51:59,542.8411817134597
2022-03-27 22:52:04,542.39
2022-03-27 22:52:09,542.39
2022-03-27 22:52:14,542.7857431432622
2022-03-27 22:52:19,542.45
2022-03-27 22:52:24,542.45
2022-03-27 22:52:29,542.7303045730645
2022-03-27 22:52:34,542.38
2022-03-27 22:52:39,542.38
2022-03-27 22:52:44,542.6748660028669
2022-03-27 22:52:49,542.32
2022-03-27 22:52:54,542.29
2022-03-27 22:52:59,542.22
2022-03-27 22:53:04,542.09
2022-03-27 22:53:09,542.5824683858708
2022-03-27 22:53:14,542.5639888624715
2022-03-27 22:53:19,541.93
2022-03-27 22:53:24,541.8
2022-03-27 22:53:29,542.508550292274
2022-03-27 22:53:34,541.64
2022-03-27 22:53:39,541.51
2022-03-27 22:53:44,542.4531117220763
2022-03-27 22:53:49,541.25
2022-03-27 22:53:54,542.4161526752779
2022-03-27 22:53:59,540.99
2022-03-27 22:54:04,540.77
2022-03-27 22:54:09,540.67
2022-03-27 22:54:14,540.48
2022-03-27 22:54:19,542.3237550582818
2022-03-27 22:54:24,540.22
2022-03-27 22:54:29,540.02
2022-03-27 22:54:34,542.2683164880842
2022-03-27 22:54:39,539.64
2022-03-27 22:54:44,542.2313574412858
2022-03-27 22:54:49,539.28
2022-03-27 22:54:54,538.99
2022-03-27 22:54:59,538.83
2022-03-27 22:55:04,538.67
2022-03-27 22:55:09,538.41
2022-03-27 22:55:14,542.1204803008904
2022-03-27 22:55:19,538.09
2022-03-27 22:55:24,537.86
2022-03-27 22:55:29,537.58
2022-03-27 22:55:34,542.0465622072936
2022-03-27 22:55:39,537.16
2022-03-27 22:55:44,542.0096031604952
2022-03-27 22:55:49,536.71
2022-03-27 22:55:54,541.9726441136968
2022-03-27 22:55:59,541.9541645902975
2022-03-27 22:56:04,536.09
2022-03-27 22:56:09,541.944928688092
2022-03-27 22:56:14,535.68
2022-03-27 22:56:19,535.45
2022-03-27 22:56:24,535.22
2022-03-27 22:56:29,535.07
2022-03-27 22:56:34,542.0088945025191
2022-03-27 22:56:39,534.65
2022-03-27 22:56:44,534.42
2022-03-27 22:56:49,534.26
2022-03-27 22:56:54,534.04
2022-03-27 22:56:59,533.91
2022-03-27 22:57:04,533.68
2022-03-27 22:57:09,542.098446642717
2022-03-27 22:57:14,533.26
2022-03-27 22:57:19,533.1
2022-03-27 22:57:24,532.94
2022-03-27 22:57:29,532.72
2022-03-27 22:57:34,532.59
2022-03-27 22:57:39,532.43
2022-03-27 22:57:44,532.2
2022-03-27 22:57:49,532.07
2022-03-27 22:57:54,531.98
2022-03-27 22:57:59,531.78
2022-03-27 22:58:04,531.69
2022-03-27 22:58:09,531.49
2022-03-27 22:58:14,531.46
2022-03-27 22:58:19,542.2775509231128
2022-03-27 22:58:24,531.17
2022-03-27 22:58:29,531.05
2022-03-27 22:58:34,530.95
2022-03-27 22:58:39,530.82
2022-03-27 22:58:44,530.76
2022-03-27 22:58:49,542.3543099004254
2022-03-27 22:58:54,542.3671030633108
2022-03-27 22:58:59,530.53
2022-03-27 22:59:04,530.47
2022-03-27 22:59:09,530.44
2022-03-27 22:59:14,530.37
2022-03-27 22:59:19,542.4310688777379
2022-03-27 22:59:24,530.31
2022-03-27 22:59:29,542.4566552035087
2022-03-27 22:59:34,530.25
2022-03-27 22:59:39,530.31
2022-03-27 22:59:44,542.495034692165
2022-03-27 22:59:49,542.5078278550503
2022-03-27 22:59:54,530.31
2022-03-27 22:59:59,530.37
2022-03-27 23:00:04,542.5462073437067
2022-03-27 23:00:09,542.559000506592
2022-03-27 23:00:14,530.47
2022-03-27 23:00:19,530.54
2022-03-27 23:00:24,530.54
2022-03-27 23:00:29,542.6101731581338
2022-03-27 23:00:34,530.7
2022-03-27 23:00:39,542.6357594839045
2022-03-27 23:00:44,530.89
2022-03-27 23:00:49,530.99
2022-03-27 23:00:54,531.12
2022-03-27 23:00:59,531.22
2022-03-27 23:01:04,542.6997252983316
2022-03-27 23:01:09,531.48
2022-03-27 23:01:14,531.51
2022-03-27 23:01:19,531.7
2022-03-27 23:01:24,531.79
2022-03-27 23:01:29,531.99
2022-03-27 23:01:34,532.08
2022-03-27 23:01:39,542.7892774385296
2022-03-27 23:01:44,542.8020706014149
2022-03-27 23:01:49,532.51
2022-03-27 23:01:54,532.67
2022-03-27 23:01:59,542.8404500900713
2022-03-27 23:02:04,532.96
2022-03-27 23:02:09,533.02
2022-03-27 23:02:14,533.12
2022-03-27 23:02:19,533.28
2022-03-27 23:02:24,533.41
2022-03-27 23:02:29,533.54
2022-03-27 23:02:34,542.9300022302691
2022-03-27 23:02:39,533.8
2022-03-27 23:02:44,533.93
2022-03-27 23:02:49,534.05
2022-03-27 23:02:54,534.15
2022-03-27 23:02:59,534.28
2022-03-27 23:03:04,534.38
2022-03-27 23:03:09,543.0195543704671
2022-03-27 23:03:14,534.67
2022-03-27 23:03:19,543.0451406962379
2022-03-27 23:03:24,534.83
2022-03-27 23:03:29,535.02
2022-03-27 23:03:34,535.12
2022-03-27 23:03:39,535.25
2022-03-27 23:03:44,535.35
2022-03-27 23:03:49,543.1218996735504
2022-03-27 23:03:54,535.61
2022-03-27 23:03:59,543.1474859993212
2022-03-27 23:04:04,535.77
2022-03-27 23:04:09,535.87
2022-03-27 23:04:14,543.1858654879775
2022-03-27 23:04:19,536.06
2022-03-27 23:04:24,536.16
2022-03-27 23:04:29,536.29
2022-03-27 23:04:34,536.38
2022-03-27 23:04:39,536.38
2022-03-27 23:04:44,536.52
2022-03-27 23:04:49,536.64
2022-03-27 23:04:54,536.68
2022-03-27 23:04:59,536.74
2022-03-27 23:05:04,536.81
2022-03-27 23:05:09,536.9
2022-03-27 23:05:14,536.97
2022-03-27 23:05:19,537.04
2022-03-27 23:05:24,537.1
2022-03-27 23:05:29,537.17
2022-03-27 23:05:34,543.3905560941441
2022-03-27 23:05:39,537.2
2022-03-27 23:05:44,537.27
2022-03-27 23:05:49,543.4289355828005
2022-03-27 23:05:54,537.39
2022-03-27 23:05:59,537.43
2022-03-27 23:06:04,543.4673150714567
2022-03-27 23:06:09,543.4801082343421
2022-03-27 23:06:14,537.56
2022-03-27 23:06:19,537.62
2022-03-27 23:06:24,537.69
2022-03-27 23:06:29,537.69
2022-03-27 23:06:34,537.72
2022-03-27 23:06:39,537.78
2022-03-27 23:06:44,537.78
2022-03-27 23:06:49,537.85
2022-03-27 23:06:54,537.91
2022-03-27 23:06:59,537.95
2022-03-27 23:07:04,537.95
2022-03-27 23:07:09,538.01
2022-03-27 23:07:14,538.01
2022-03-27 23:07:19,543.659212514738
2022-03-27 23:07:24,538.14
2022-03-27 23:07:29,538.14
2022-03-27 23:07:34,543.6975920033942
2022-03-27 23:07:39,538.24
2022-03-27 23:07:44,543.7231783291651
2022-03-27 23:07:49,538.3
2022-03-27 23:07:54,538.36
2022-03-27 23:07:59,538.43
2022-03-27 23:08:04,538.43
2022-03-27 23:08:09,538.46
2022-03-27 23:08:14,538.46
2022-03-27 23:08:19,543.8127304693629
2022-03-27 23:08:24,538.59
2022-03-27 23:08:29,538.65
2022-03-27 23:08:34,538.65
2022-03-27 23:08:39,538.72
2022-03-27 23:08:44,543.87669628379
2022-03-27 23:08:49,538.81
2022-03-27 23:08:54,543.9022826095609
2022-03-27 23:08:59,543.9150757724462
2022-03-27 23:09:04,543.9278689353317
2022-03-27 23:09:09,538.94
2022-03-27 23:09:14,543.9534552611026
2022-03-27 23:09:19,538.97
2022-03-27 23:09:24,539.03
2022-03-27 23:09:29,543.9918347497588
2022-03-27 23:09:34,539.16
2022-03-27 23:09:39,539.23
2022-03-27 23:09:44,539.26
2022-03-27 23:09:49,539.32
2022-03-27 23:09:54,539.39
2022-03-27 23:09:59,539.45
2022-03-27 23:10:04,544.0813868899568
2022-03-27 23:10:09,544.0941800528421
2022-03-27 23:10:14,539.67
2022-03-27 23:10:19,544.1023304201874
2022-03-27 23:10:24,539.77
2022-03-27 23:10:29,539.9
2022-03-27 23:10:34,544.112091788644
2022-03-27 23:10:39,539.99
2022-03-27 23:10:44,540.05
2022-03-27 23:10:49,540.11
2022-03-27 23:10:54,540.18
2022-03-27 23:10:59,540.24
2022-03-27 23:11:04,540.28
2022-03-27 23:11:09,540.34
2022-03-27 23:11:14,540.47
2022-03-27 23:11:19,544.1413758940139
2022-03-27 23:11:24,540.63
2022-03-27 23:11:29,540.63
2022-03-27 23:11:34,544.1511372624705
2022-03-27 23:11:39,540.78
2022-03-27 23:11:44,540.78
2022-03-27 23:11:49,540.85
2022-03-27 23:11:54,544.1641524204126
2022-03-27 23:11:59,544.1674062098982
2022-03-27 23:12:04,541.07
2022-03-27 23:12:09,541.14
2022-03-27 23:12:14,541.26
2022-03-27 23:12:19,544.1804213678404
2022-03-27 23:12:24,544.1836751573259
2022-03-27 23:12:29,541.49
2022-03-27 23:12:34,544.190182736297
2022-03-27 23:12:39,544.1934365257824
2022-03-27 23:12:44,544.196690315268
2022-03-27 23:12:49,544.1999441047535
2022-03-27 23:12:54,541.87
2022-03-27 23:12:59,541.93
2022-03-27 23:13:04,542.03
2022-03-27 23:13:09,542.03
2022-03-27 23:13:14,542.16
2022-03-27 23:13:19,542.22
2022-03-27 23:13:24,542.38
2022-03-27 23:13:29,542.38
2022-03-27 23:13:34,544.2292282101234
2022-03-27 23:13:39,542.55
2022-03-27 23:13:44,542.67
2022-03-27 23:13:49,542.8
2022-03-27 23:13:54,542.83
2022-03-27 23:13:59,542.9
2022-03-27 23:14:04,544.2487509470367
2022-03-27 23:14:09,544.2520047365222
2022-03-27 23:14:14,543.25
2022-03-27 23:14:19,544.2585123154932
2022-03-27 23:14:24,544.2617661049788
2022-03-27 23:14:29,543.54
2022-03-27 23:14:34,543.64
2022-03-27 23:14:39,543.7
2022-03-27 23:14:44,544.274781262921
2022-03-27 23:14:49,544.2780350524065
2022-03-27 23:14:54,544.2812888418921
2022-03-27 23:14:59,544.09
2022-03-27 23:15:04,544.22
2022-03-27 23:15:09,544.2910502103487
2022-03-27 23:15:14,544.38
2022-03-27 23:15:19,544.57
2022-03-27 23:15:24,544.61
2022-03-27 23:15:29,544.74
2022-03-27 23:15:34,544.87
2022-03-27 23:15:39,544.9
2022-03-27 23:15:44,545.02
2022-03-27 23:15:49,545.09
2022-03-27 23:15:54,545.19
2022-03-27 23:15:59,545.32
2022-03-27 23:16:04,544.3268418946897
2022-03-27 23:16:09,544.3300956841751
2022-03-27 23:16:14,545.48
2022-03-27 23:16:19,545.61
2022-03-27 23:16:24,545.64
2022-03-27 23:16:29,544.3431108421173
2022-03-27 23:16:34,545.77
2022-03-27 23:16:39,544.3496184210884
2022-03-27 23:16:44,544.3528722105739
2022-03-27 23:16:49,545.93
2022-03-27 23:16:54,546.0
2022-03-27 23:16:59,546.06
2022-03-27 23:17:04,544.365887368516
2022-03-27 23:17:09,546.13
2022-03-27 23:17:14,544.3723949474871
2022-03-27 23:17:19,546.22
2022-03-27 23:17:24,546.22
2022-03-27 23:17:29,546.23
2022-03-27 23:17:34,544.3854101054293
2022-03-27 23:17:39,546.29
2022-03-27 23:17:44,544.3919176844004
2022-03-27 23:17:49,544.395171473886
2022-03-27 23:17:54,546.36
2022-03-27 23:17:59,544.401679052857
2022-03-27 23:18:04,546.29
2022-03-27 23:18:09,546.29
2022-03-27 23:18:14,544.4114404213136
2022-03-27 23:18:19,546.16
2022-03-27 23:18:24,544.4179480002847
2022-03-27 23:18:29,546.13
2022-03-27 23:18:34,544.4244555792558
2022-03-27 23:18:39,544.4277093687414
2022-03-27 23:18:44,545.91
2022-03-27 23:18:49,545.84
2022-03-27 23:18:54,544.4374707371979
2022-03-27 23:18:59,544.4407245266835
2022-03-27 23:19:04,545.55
2022-03-27 23:19:09,545.42
2022-03-27 23:19:14,545.33
2022-03-27 23:19:19,545.2
2022-03-27 23:19:24,545.1
2022-03-27 23:19:29,544.97
2022-03-27 23:19:34,544.81
2022-03-27 23:19:39,544.62
2022-03-27 23:19:44,544.53
2022-03-27 23:19:49,544.36
2022-03-27 23:19:54,544.4765162110244
2022-03-27 23:19:59,544.11
2022-03-27 23:20:04,543.88
2022-03-27 23:20:09,544.4862775794811
2022-03-27 23:20:14,544.4895313689666
2022-03-27 23:20:19,544.4927851584522
2022-03-27 23:20:24,543.21
2022-03-27 23:20:29,544.4992927374233
2022-03-27 23:20:34,544.5025465269088
2022-03-27 23:20:39,544.5058003163942
2022-03-27 23:20:44,542.57
2022-03-27 23:20:49,542.47
2022-03-27 23:20:54,542.24
2022-03-27 23:20:59,542.05
2022-03-27 23:21:04,541.95
2022-03-27 23:21:09,541.73
2022-03-27 23:21:14,541.5
2022-03-27 23:21:19,544.5318306322786
2022-03-27 23:21:24,544.5350844217642
2022-03-27 23:21:29,540.92
2022-03-27 23:21:34,540.77
2022-03-27 23:21:39,540.57
2022-03-27 23:21:44,540.35
2022-03-27 23:21:49,540.12
2022-03-27 23:21:54,539.96
2022-03-27 23:21:59,539.74
2022-03-27 23:22:04,539.48
2022-03-27 23:22:09,544.564368527134
2022-03-27 23:22:14,544.5676223166196
2022-03-27 23:22:19,538.87
2022-03-27 23:22:24,538.64
2022-03-27 23:22:29,544.5773836850761
2022-03-27 23:22:34,538.23
2022-03-27 23:22:39,538.07
2022-03-27 23:22:44,537.9
2022-03-27 23:22:49,537.71
2022-03-27 23:22:54,537.49
2022-03-27 23:22:59,537.26
2022-03-27 23:23:04,537.17
2022-03-27 23:23:09,536.98
2022-03-27 23:23:14,536.81
2022-03-27 23:23:19,536.69
2022-03-27 23:23:24,536.59
2022-03-27 23:23:29,544.6164291589026
2022-03-27 23:23:34,536.3
2022-03-27 23:23:39,536.17
2022-03-27 23:23:44,544.6261905273593
2022-03-27 23:23:49,535.95
2022-03-27 23:23:54,535.86
2022-03-27 23:23:59,544.6359518958159
2022-03-27 23:24:04,535.66
2022-03-27 23:24:09,544.642459474787
2022-03-27 23:24:14,544.6457132642726
2022-03-27 23:24:19,535.5
2022-03-27 23:24:24,544.6387882262069
2022-03-27 23:24:29,535.38
2022-03-27 23:24:34,535.35
2022-03-27 23:24:39,535.35
2022-03-27 23:24:44,535.35
2022-03-27 23:24:49,535.28
2022-03-27 23:24:54,535.28
2022-03-27 23:24:59,544.6084137889546
2022-03-27 23:25:04,535.22
2022-03-27 23:25:09,544.5997353783112
2022-03-27 23:25:14,535.22
2022-03-27 23:25:19,535.22
2022-03-27 23:25:24,544.586717762346
2022-03-27 23:25:29,535.22
2022-03-27 23:25:34,535.29
2022-03-27 23:25:39,544.5737001463807
2022-03-27 23:25:44,535.35
2022-03-27 23:25:49,535.39
2022-03-27 23:25:54,535.39
2022-03-27 23:25:59,535.45
2022-03-27 23:26:04,544.552004119772
2022-03-27 23:26:09,535.52
2022-03-27 23:26:14,535.58
2022-03-27 23:26:19,544.5389865038069
2022-03-27 23:26:24,535.64
2022-03-27 23:26:29,535.68
2022-03-27 23:26:34,544.5259688878416
2022-03-27 23:26:39,535.74
2022-03-27 23:26:44,535.81
2022-03-27 23:26:49,535.81
2022-03-27 23:26:54,544.5086120665546
2022-03-27 23:26:59,535.9
2022-03-27 23:27:04,535.97
2022-03-27 23:27:09,536.1
2022-03-27 23:27:14,536.16
2022-03-27 23:27:19,544.486916039946
2022-03-27 23:27:24,536.26
2022-03-27 23:27:29,536.32
2022-03-27 23:27:34,544.4738984239808
2022-03-27 23:27:39,536.42
2022-03-27 23:27:44,536.48
2022-03-27 23:27:49,536.61
2022-03-27 23:27:54,544.4565416026938
2022-03-27 23:27:59,536.7
2022-03-27 23:28:04,536.83
2022-03-27 23:28:09,536.89
2022-03-27 23:28:14,536.93
2022-03-27 23:28:19,537.06
2022-03-27 23:28:24,544.4305063707634
2022-03-27 23:28:29,537.12
2022-03-27 23:28:34,537.18
2022-03-27 23:28:39,537.28
2022-03-27 23:28:44,537.28
2022-03-27 23:28:49,544.4088103441546
2022-03-27 23:28:54,537.44
2022-03-27 23:28:59,544.4001319335111
2022-03-27 23:29:04,537.5
2022-03-27 23:29:09,537.57
2022-03-27 23:29:14,537.69
2022-03-27 23:29:19,537.73
2022-03-27 23:29:24,544.3784359069025
2022-03-27 23:29:29,537.85
2022-03-27 23:29:34,544.369757496259
2022-03-27 23:29:39,537.92
2022-03-27 23:29:44,544.3610790856155
2022-03-27 23:29:49,538.01
2022-03-27 23:29:54,544.352400674972
2022-03-27 23:29:59,538.14
2022-03-27 23:30:04,538.2
2022-03-27 23:30:09,544.3393830590069
2022-03-27 23:30:14,544.3350438536851
2022-03-27 23:30:19,538.29
2022-03-27 23:30:24,544.3263654430416
2022-03-27 23:30:29,538.42
2022-03-27 23:30:34,538.42
2022-03-27 23:30:39,538.45
2022-03-27 23:30:44,544.3090086217547
2022-03-27 23:30:49,544.304669416433
2022-03-27 23:30:54,538.58
2022-03-27 23:30:59,544.2959910057895
2022-03-27 23:31:04,538.71
2022-03-27 23:31:09,538.74
2022-03-27 23:31:14,538.8
2022-03-27 23:31:19,544.2786341845025
2022-03-27 23:31:24,538.87
2022-03-27 23:31:29,544.269955773859
2022-03-27 23:31:34,544.2656165685373
2022-03-27 23:31:39,539.02
2022-03-27 23:31:44,539.09
2022-03-27 23:31:49,539.15
2022-03-27 23:31:54,539.22
2022-03-27 23:31:59,539.22
2022-03-27 23:32:04,539.31
2022-03-27 23:32:09,539.38
2022-03-27 23:32:14,544.2309029259634
2022-03-27 23:32:19,544.2265637206417
2022-03-27 23:32:24,539.54
2022-03-27 23:32:29,539.54
2022-03-27 23:32:34,539.6
2022-03-27 23:32:39,539.67
2022-03-27 23:32:44,539.73
2022-03-27 23:32:49,539.77
2022-03-27 23:32:54,539.83
2022-03-27 23:32:59,539.89
2022-03-27 23:33:04,539.96
2022-03-27 23:33:09,539.99
2022-03-27 23:33:14,544.1788324621025
2022-03-27 23:33:19,540.11
2022-03-27 23:33:24,540.18
2022-03-27 23:33:29,540.25
2022-03-27 23:33:34,544.1614756408155
2022-03-27 23:33:39,544.1571364354938
2022-03-27 23:33:44,540.41
2022-03-27 23:33:49,540.47
2022-03-27 23:33:54,540.51
2022-03-27 23:33:59,540.57
2022-03-27 23:34:04,540.57
2022-03-27 23:34:09,544.1311012035634
2022-03-27 23:34:14,540.7
2022-03-27 23:34:19,544.1224227929199
2022-03-27 23:34:24,540.76
2022-03-27 23:34:29,544.1137443822764
2022-03-27 23:34:34,544.1094051769547
2022-03-27 23:34:39,540.99
2022-03-27 23:34:44,541.02
2022-03-27 23:34:49,541.02
2022-03-27 23:34:54,541.09
2022-03-27 23:34:59,541.15
2022-03-27 23:35:04,541.22
2022-03-27 23:35:09,541.28
2022-03-27 23:35:14,541.31
2022-03-27 23:35:19,541.38
2022-03-27 23:35:24,541.38
2022-03-27 23:35:29,541.44
2022-03-27 23:35:34,541.51
2022-03-27 23:35:39,544.0529955077722
2022-03-27 23:35:44,541.6
2022-03-27 23:35:49,541.6
2022-03-27 23:35:54,541.67
2022-03-27 23:35:59,541.73
2022-03-27 23:36:04,544.0312994811634
2022-03-27 23:36:09,541.8
2022-03-27 23:36:14,541.83
2022-03-27 23:36:19,541.89
2022-03-27 23:36:24,541.96
2022-03-27 23:36:29,541.96
2022-03-27 23:36:34,542.02
2022-03-27 23:36:39,544.0009250439113
2022-03-27 23:36:44,542.12
2022-03-27 23:36:49,543.9922466332678
2022-03-27 23:36:54,542.25
2022-03-27 23:36:59,542.18
2022-03-27 23:37:04,543.9792290173026
2022-03-27 23:37:09,542.24
2022-03-27 23:37:14,543.9705506066591
2022-03-27 23:37:19,542.24
2022-03-27 23:37:24,542.3
2022-03-27 23:37:29,542.33
2022-03-27 23:37:34,542.34
2022-03-27 23:37:39,542.4
2022-03-27 23:37:44,543.9445153747287
2022-03-27 23:37:49,543.9401761694069
2022-03-27 23:37:54,542.4
2022-03-27 23:37:59,542.4
2022-03-27 23:38:04,542.46
2022-03-27 23:38:09,542.46
2022-03-27 23:38:14,543.9184801427982
2022-03-27 23:38:19,543.9141409374764
2022-03-27 23:38:24,542.55
2022-03-27 23:38:29,542.55
2022-03-27 23:38:34,543.8659957207635
2022-03-27 23:38:39,543.8486960793535
2022-03-27 23:38:44,543.8313964379437
2022-03-27 23:38:49,542.62
2022-03-27 23:38:54,543.7967971551238
2022-03-27 23:38:59,543.779497513714
2022-03-27 23:39:04,542.68
2022-03-27 23:39:09,542.68
2022-03-27 23:39:14,542.68
2022-03-27 23:39:19,542.74
2022-03-27 23:39:24,542.74
2022-03-27 23:39:29,543.6756996652545
2022-03-27 23:39:34,542.74
2022-03-27 23:39:39,542.74
2022-03-27 23:39:44,542.74
2022-03-27 23:39:49,542.74
2022-03-27 23:39:54,542.74
2022-03-27 23:39:59,543.571901816795
2022-03-27 23:40:04,543.5546021753852
2022-03-27 23:40:09,543.5373025339752
2022-03-27 23:40:14,542.73
2022-03-27 23:40:19,542.8
2022-03-27 23:40:24,542.73
2022-03-27 23:40:29,542.79
2022-03-27 23:40:34,543.4508043269258
2022-03-27 23:40:39,543.4335046855158
2022-03-27 23:40:44,542.72
2022-03-27 23:40:49,542.78
2022-03-27 23:40:54,543.3816057612861
2022-03-27 23:40:59,543.3643061198762
2022-03-27 23:41:04,543.3470064784663
2022-03-27 23:41:09,542.72
2022-03-27 23:41:14,542.72
2022-03-27 23:41:19,542.71
2022-03-27 23:41:24,542.71
2022-03-27 23:41:29,542.71
2022-03-27 23:41:34,542.65
2022-03-27 23:41:39,542.65
2022-03-27 23:41:44,542.65
2022-03-27 23:41:49,542.58
2022-03-27 23:41:54,543.1740100643673
2022-03-27 23:41:59,542.64
2022-03-27 23:42:04,542.64
2022-03-27 23:42:09,542.58
2022-03-27 23:42:14,542.51
2022-03-27 23:42:19,542.51
2022-03-27 23:42:24,542.51
2022-03-27 23:42:29,542.48
2022-03-27 23:42:34,542.48
2022-03-27 23:42:39,543.018313291678
2022-03-27 23:42:44,542.41
2022-03-27 23:42:49,542.41
2022-03-27 23:42:54,542.35
2022-03-27 23:42:59,542.35
2022-03-27 23:43:04,542.28
2022-03-27 23:43:09,542.9145154432186
2022-03-27 23:43:14,542.25
2022-03-27 23:43:19,542.8799161603989
2022-03-27 23:43:24,542.862616518989
2022-03-27 23:43:29,542.12
2022-03-27 23:43:34,542.8280172361691
2022-03-27 23:43:39,542.06
2022-03-27 23:43:44,542.7934179533494
2022-03-27 23:43:49,542.7761183119394
2022-03-27 23:43:54,541.96
2022-03-27 23:43:59,541.9
2022-03-27 23:44:04,542.7242193877097
2022-03-27 23:44:09,542.7069197462998
2022-03-27 23:44:14,541.77
2022-03-27 23:44:19,541.77
2022-03-27 23:44:24,542.6550208220701
2022-03-27 23:44:29,541.74
2022-03-27 23:44:34,541.67
2022-03-27 23:44:39,541.61
2022-03-27 23:44:44,541.61
2022-03-27 23:44:49,541.54
2022-03-27 23:44:54,542.5512229736106
2022-03-27 23:44:59,542.5339233322007
2022-03-27 23:45:04,542.5166236907909
2022-03-27 23:45:09,541.38
2022-03-27 23:45:14,541.45
2022-03-27 23:45:19,542.4647247665612
2022-03-27 23:45:24,542.4474251251512
2022-03-27 23:45:29,541.25
2022-03-27 23:45:34,541.22
2022-03-27 23:45:39,541.16
2022-03-27 23:45:44,541.09
2022-03-27 23:45:49,541.03
2022-03-27 23:45:54,541.03
2022-03-27 23:45:59,542.3263276352819
2022-03-27 23:46:04,540.96
2022-03-27 23:46:09,540.93
2022-03-27 23:46:14,540.87
2022-03-27 23:46:19,542.2571290696422
2022-03-27 23:46:24,542.2398294282324
2022-03-27 23:46:29,540.74
2022-03-27 23:46:34,540.71
2022-03-27 23:46:39,540.71
2022-03-27 23:46:44,542.1706308625927
2022-03-27 23:46:49,542.1533312211828
2022-03-27 23:46:54,542.136031579773
2022-03-27 23:46:59,540.45
2022-03-27 23:47:04,542.1014322969531
2022-03-27 23:47:09,540.45
2022-03-27 23:47:14,540.42
2022-03-27 23:47:19,540.36
2022-03-27 23:47:24,542.0322337313135
2022-03-27 23:47:29,540.36
2022-03-27 23:47:34,541.9976344484937
2022-03-27 23:47:39,540.23
2022-03-27 23:47:44,540.2
2022-03-27 23:47:49,540.19
2022-03-27 23:47:54,540.13
2022-03-27 23:47:59,541.9111362414442
2022-03-27 23:48:04,540.07
2022-03-27 23:48:09,540.07
2022-03-27 23:48:14,540.07
2022-03-27 23:48:19,540.0
2022-03-27 23:48:24,540.01
2022-03-27 23:48:29,541.8073383929848
2022-03-27 23:48:34,541.7900387515748
2022-03-27 23:48:39,539.91
2022-03-27 23:48:44,539.91
2022-03-27 23:48:49,541.7381398273451
2022-03-27 23:48:54,541.7208401859352
2022-03-27 23:48:59,539.84
2022-03-27 23:49:04,541.6862409031154
2022-03-27 23:49:09,539.84
2022-03-27 23:49:14,539.78
2022-03-27 23:49:19,539.78
2022-03-27 23:49:24,541.6170423374758
2022-03-27 23:49:29,539.78
2022-03-27 23:49:34,539.78
2022-03-27 23:49:39,539.72
2022-03-27 23:49:44,541.5478437718361
2022-03-27 23:49:49,541.5305441304263
2022-03-27 23:49:54,539.72
2022-03-27 23:49:59,539.69
2022-03-27 23:50:04,541.4786452061965
2022-03-27 23:50:09,541.4613455647866
2022-03-27 23:50:14,539.69
2022-03-27 23:50:19,539.69
2022-03-27 23:50:24,539.69
2022-03-27 23:50:29,541.392146999147
2022-03-27 23:50:34,541.374847357737
2022-03-27 23:50:39,539.62
2022-03-27 23:50:44,539.62
2022-03-27 23:50:49,539.62
2022-03-27 23:50:54,539.62
2022-03-27 23:50:59,541.2883491506875
2022-03-27 23:51:04,541.2710495092776
2022-03-27 23:51:09,539.63
2022-03-27 23:51:14,539.63
2022-03-27 23:51:19,539.63
2022-03-27 23:51:24,539.63
2022-03-27 23:51:29,541.1845513022281
2022-03-27 23:51:34,539.63
2022-03-27 23:51:39,539.63
2022-03-27 23:51:44,539.63
2022-03-27 23:51:49,539.56
2022-03-27 23:51:54,539.63
2022-03-27 23:51:59,539.63
2022-03-27 23:52:04,539.63
2022-03-27 23:52:09,541.0461541709489
2022-03-27 23:52:14,539.63
2022-03-27 23:52:19,539.63
2022-03-27 23:52:24,539.63
2022-03-27 23:52:29,539.63
2022-03-27 23:52:34,539.63
2022-03-27 23:52:39,539.7
2022-03-27 23:52:44,540.8678850679546
2022-03-27 23:52:49,539.7
2022-03-27 23:52:54,540.8019731438627
2022-03-27 23:52:59,539.7
2022-03-27 23:53:04,539.73
2022-03-27 23:53:09,539.74
2022-03-27 23:53:14,539.7
2022-03-27 23:53:19,540.6371933336331
2022-03-27 23:53:24,540.6042373715871
2022-03-27 23:53:29,540.5712814095413
2022-03-27 23:53:34,539.8
2022-03-27 23:53:39,539.8
2022-03-27 23:53:44,540.4724135234035
2022-03-27 23:53:49,539.87
2022-03-27 23:53:54,539.87
2022-03-27 23:53:59,539.87
2022-03-27 23:54:04,539.93
2022-03-27 23:54:09,539.97
2022-03-27 23:54:14,539.97
2022-03-27 23:54:19,540.241721789082
2022-03-27 23:54:24,540.208765827036
2022-03-27 23:54:29,540.1
2022-03-27 23:54:34,540.16
2022-03-27 23:54:39,540.1098979408982
2022-03-27 23:54:44,540.0769419788523
2022-03-27 23:54:49,540.23
2022-03-27 23:54:54,540.0110300547605
2022-03-27 23:54:59,540.33
2022-03-27 23:55:04,540.39
2022-03-27 23:55:09,539.9121621686227
2022-03-27 23:55:14,540.49
2022-03-27 23:55:19,539.8462502445308
2022-03-27 23:55:24,540.55
2022-03-27 23:55:29,540.62
2022-03-27 23:55:34,540.62
2022-03-27 23:55:39,540.62
2022-03-27 23:55:44,539.6814704343011
2022-03-27 23:55:49,540.68
2022-03-27 23:55:54,540.75
2022-03-27 23:55:59,540.74
2022-03-27 23:56:04,540.77
2022-03-27 23:56:09,540.84
2022-03-27 23:56:14,540.91
2022-03-27 23:56:19,540.97
2022-03-27 23:56:24,540.97
2022-03-27 23:56:29,541.0
2022-03-27 23:56:34,539.3519108138419
2022-03-27 23:56:39,541.07
2022-03-27 23:56:44,541.13
2022-03-27 23:56:49,541.13
2022-03-27 23:56:54,539.2200869656581
2022-03-27 23:56:59,541.26
2022-03-27 23:57:04,539.1541750415663
2022-03-27 23:57:09,541.29
2022-03-27 23:57:14,541.35
2022-03-27 23:57:19,541.29
2022-03-27 23:57:24,541.42
2022-03-27 23:57:29,538.9893952313366
2022-03-27 23:57:34,538.9564392692907
2022-03-27 23:57:39,538.9234833072447
2022-03-27 23:57:44,541.48
2022-03-27 23:57:49,541.51
2022-03-27 23:57:54,541.51
2022-03-27 23:57:59,541.58
2022-03-27 23:58:04,538.7587034970152
2022-03-27 23:58:09,541.64
2022-03-27 23:58:14,541.64
2022-03-27 23:58:19,538.6598356108773
2022-03-27 23:58:24,538.6268796488314
2022-03-27 23:58:29,538.5939236867855
2022-03-27 23:58:34,541.76
2022-03-27 23:58:39,541.79
2022-03-27 23:58:44,541.76
2022-03-27 23:58:49,541.8
2022-03-27 23:58:54,541.8
2022-03-27 23:58:59,541.86
2022-03-27 23:59:04,541.86
2022-03-27 23:59:09,541.86
2022-03-27 23:59:14,541.79
2022-03-27 23:59:19,538.2643640663262
2022-03-27 23:59:24,541.76
2022-03-27 23:59:29,541.69
2022-03-27 23:59:34,541.69
2022-03-27 23:59:39,541.69
2022-03-27 23:59:44,538.0995842560965
2022-03-27 23:59:49,541.5
2022-03-27 23:59:54,538.0336723320047
2022-03-27 23:59:59,538.0007163699587
2022-03-28 00:00:04,541.46
2022-03-28 00:00:09,541.4
2022-03-28 00:00:14,541.4
2022-03-28 00:00:19,537.868892521775
2022-03-28 00:00:24,541.27
2022-03-28 00:00:29,537.8029805976831
2022-03-28 00:00:34,541.23
2022-03-28 00:00:39,537.7370686735914
2022-03-28 00:00:44,537.7041127115453
2022-03-28 00:00:49,541.17
2022-03-28 00:00:54,541.11
2022-03-28 00:00:59,537.6052448254076
2022-03-28 00:01:04,537.5722888633617
2022-03-28 00:01:09,537.5393329013157
2022-03-28 00:01:14,540.94
2022-03-28 00:01:19,537.4734209772239
2022-03-28 00:01:24,537.4404650151779
2022-03-28 00:01:29,540.82
2022-03-28 00:01:34,540.75
2022-03-28 00:01:39,537.3415971290401
2022-03-28 00:01:44,540.72
2022-03-28 00:01:49,540.65
2022-03-28 00:01:54,540.59
2022-03-28 00:01:59,540.52
2022-03-28 00:02:04,537.1768173188104
2022-03-28 00:02:09,537.1438613567645
2022-03-28 00:02:14,540.46
2022-03-28 00:02:19,540.42
2022-03-28 00:02:24,540.42
2022-03-28 00:02:29,537.0120375085808
2022-03-28 00:02:34,540.3
2022-03-28 00:02:39,540.3
2022-03-28 00:02:44,540.23
2022-03-28 00:02:49,540.23
2022-03-28 00:02:54,540.23
2022-03-28 00:02:59,536.8143017363052
2022-03-28 00:03:04,540.2
2022-03-28 00:03:09,536.7483898122134
2022-03-28 00:03:14,536.7154338501674
2022-03-28 00:03:19,540.01
2022-03-28 00:03:24,536.6495219260756
2022-03-28 00:03:29,539.91
2022-03-28 00:03:34,539.85
2022-03-28 00:03:39,536.5506540399379
2022-03-28 00:03:44,536.5176980778919
2022-03-28 00:03:49,539.69
2022-03-28 00:03:54,539.56
2022-03-28 00:03:59,536.4188301917541
2022-03-28 00:04:04,536.3858742297082
2022-03-28 00:04:09,539.4
2022-03-28 00:04:14,539.27
2022-03-28 00:04:19,539.27
2022-03-28 00:04:24,536.2540503815244
2022-03-28 00:04:29,539.05
2022-03-28 00:04:34,539.05
2022-03-28 00:04:39,536.1551824953866
2022-03-28 00:04:44,538.89
2022-03-28 00:04:49,538.76
2022-03-28 00:04:54,536.0563146092488
2022-03-28 00:04:59,538.66
2022-03-28 00:05:04,538.6
2022-03-28 00:05:09,538.53
2022-03-28 00:05:14,535.9244907610652
2022-03-28 00:05:19,535.8915347990192
2022-03-28 00:05:24,535.8585788369733
2022-03-28 00:05:29,538.24
2022-03-28 00:05:34,538.18
2022-03-28 00:05:39,538.15
2022-03-28 00:05:44,538.08
2022-03-28 00:05:49,538.01
2022-03-28 00:05:54,537.95
2022-03-28 00:05:59,535.6278871026518
2022-03-28 00:06:04,537.85
2022-03-28 00:06:09,535.5619751785599
2022-03-28 00:06:14,535.529019216514
2022-03-28 00:06:19,537.66
2022-03-28 00:06:24,537.66
2022-03-28 00:06:29,537.56
2022-03-28 00:06:34,535.4262704283207
2022-03-28 00:06:39,537.5
2022-03-28 00:06:44,535.458426858388
2022-03-28 00:06:49,537.43
2022-03-28 00:06:54,535.4905832884551
2022-03-28 00:06:59,537.37
2022-03-28 00:07:04,537.34
2022-03-28 00:07:09,535.538817933556
2022-03-28 00:07:14,537.27
2022-03-28 00:07:19,537.2
2022-03-28 00:07:24,535.5870525786568
2022-03-28 00:07:29,537.14
2022-03-28 00:07:34,537.14
2022-03-28 00:07:39,537.11
2022-03-28 00:07:44,537.11
2022-03-28 00:07:49,535.6674436538249
2022-03-28 00:07:54,537.04
2022-03-28 00:07:59,537.04
2022-03-28 00:08:04,536.97
2022-03-28 00:08:09,536.97
2022-03-28 00:08:14,536.97
2022-03-28 00:08:19,536.97
2022-03-28 00:08:24,536.9
2022-03-28 00:08:29,536.9
2022-03-28 00:08:34,536.9
2022-03-28 00:08:39,535.828225804161
2022-03-28 00:08:44,536.84
2022-03-28 00:08:49,536.8
2022-03-28 00:08:54,536.8
2022-03-28 00:08:59,536.8
2022-03-28 00:09:04,536.74
2022-03-28 00:09:09,535.9246950943626
2022-03-28 00:09:14,535.9407733093963
2022-03-28 00:09:19,535.9568515244299
2022-03-28 00:09:24,536.6
2022-03-28 00:09:29,536.6
2022-03-28 00:09:34,536.57
2022-03-28 00:09:39,536.5
2022-03-28 00:09:44,536.0372425995979
2022-03-28 00:09:49,536.5
2022-03-28 00:09:54,536.0693990296652
2022-03-28 00:09:59,536.43
2022-03-28 00:10:04,536.43
2022-03-28 00:10:09,536.37
2022-03-28 00:10:14,536.37
2022-03-28 00:10:19,536.37
2022-03-28 00:10:24,536.1658683198668
2022-03-28 00:10:29,536.27
2022-03-28 00:10:34,536.27
2022-03-28 00:10:39,536.27
2022-03-28 00:10:44,536.2301811800013
2022-03-28 00:10:49,536.26
2022-03-28 00:10:54,536.2
2022-03-28 00:10:59,536.2784158251021
2022-03-28 00:11:04,536.2944940401356
2022-03-28 00:11:09,536.13
2022-03-28 00:11:14,536.2
2022-03-28 00:11:19,536.19
2022-03-28 00:11:24,536.3588069002701
2022-03-28 00:11:29,536.13
2022-03-28 00:11:34,536.13
2022-03-28 00:11:39,536.4070415453709
2022-03-28 00:11:44,536.19
2022-03-28 00:11:49,536.19
2022-03-28 00:11:54,536.13
2022-03-28 00:11:59,536.19
2022-03-28 00:12:04,536.12
2022-03-28 00:12:09,536.19
2022-03-28 00:12:14,536.5195890506062
2022-03-28 00:12:19,536.19
2022-03-28 00:12:24,536.19
2022-03-28 00:12:29,536.19
2022-03-28 00:12:34,536.5839019107407
2022-03-28 00:12:39,536.19
2022-03-28 00:12:44,536.19
2022-03-28 00:12:49,536.6321365558415
2022-03-28 00:12:54,536.18
2022-03-28 00:12:59,536.25
2022-03-28 00:13:04,536.18
2022-03-28 00:13:09,536.25
2022-03-28 00:13:14,536.28
2022-03-28 00:13:19,536.28
2022-03-28 00:13:24,536.28
2022-03-28 00:13:29,536.28
2022-03-28 00:13:34,536.28
2022-03-28 00:13:39,536.34
2022-03-28 00:13:44,536.8089969212112
2022-03-28 00:13:49,536.41
2022-03-28 00:13:54,536.47
2022-03-28 00:13:59,536.8572315663121
2022-03-28 00:14:04,536.8733097813457
2022-03-28 00:14:09,536.47
2022-03-28 00:14:14,536.57
2022-03-28 00:14:19,536.63
2022-03-28 00:14:24,536.63
2022-03-28 00:14:29,536.9537008565137
2022-03-28 00:14:34,536.76
2022-03-28 00:14:39,536.79
2022-03-28 00:14:44,536.79
2022-03-28 00:14:49,536.86
2022-03-28 00:14:54,537.0340919316818
2022-03-28 00:14:59,537.0501701467155
2022-03-28 00:15:04,536.99
2022-03-28 00:15:09,536.99
2022-03-28 00:15:14,537.05
2022-03-28 00:15:19,537.08
2022-03-28 00:15:24,537.1305612218835
2022-03-28 00:15:29,537.15
2022-03-28 00:15:34,537.21
2022-03-28 00:15:39,537.28
2022-03-28 00:15:44,537.28
2022-03-28 00:15:49,537.31
2022-03-28 00:15:54,537.2270305120852
2022-03-28 00:15:59,537.44
2022-03-28 00:16:04,537.44
2022-03-28 00:16:09,537.5
2022-03-28 00:16:14,537.2913433722196
2022-03-28 00:16:19,537.6
2022-03-28 00:16:24,537.66
2022-03-28 00:16:29,537.3395780173204
2022-03-28 00:16:34,537.72
2022-03-28 00:16:39,537.79
2022-03-28 00:16:44,537.88
2022-03-28 00:16:49,537.88
2022-03-28 00:16:54,537.94
2022-03-28 00:16:59,537.4360473075221
2022-03-28 00:17:04,538.01
2022-03-28 00:17:09,538.07
2022-03-28 00:17:14,538.11
2022-03-28 00:17:19,538.17
2022-03-28 00:17:24,538.23
2022-03-28 00:17:29,538.3
2022-03-28 00:17:34,538.33
2022-03-28 00:17:39,538.33
2022-03-28 00:17:44,538.39
2022-03-28 00:17:49,538.45
2022-03-28 00:17:54,537.6129076728919
2022-03-28 00:17:59,538.62
2022-03-28 00:18:04,538.61
2022-03-28 00:18:09,537.6611423179927
2022-03-28 00:18:14,538.74
2022-03-28 00:18:19,537.6932987480599
2022-03-28 00:18:24,537.7093769630935
2022-03-28 00:18:29,538.9
2022-03-28 00:18:34,539.03
2022-03-28 00:18:39,539.03
2022-03-28 00:18:44,539.09
2022-03-28 00:18:49,539.12
2022-03-28 00:18:54,539.19
2022-03-28 00:18:59,539.25
2022-03-28 00:19:04,539.31
2022-03-28 00:19:09,537.854080898396
2022-03-28 00:19:14,539.41
2022-03-28 00:19:19,537.8862373284632
2022-03-28 00:19:24,539.47
2022-03-28 00:19:29,539.53
2022-03-28 00:19:34,539.53
2022-03-28 00:19:39,539.6
2022-03-28 00:19:44,539.63
2022-03-28 00:19:49,537.9827066186649
2022-03-28 00:19:54,537.9987848336984
2022-03-28 00:19:59,538.0148630487321
2022-03-28 00:20:04,539.82
2022-03-28 00:20:09,539.81
2022-03-28 00:20:14,539.85
2022-03-28 00:20:19,538.0791759088665
2022-03-28 00:20:24,539.91
2022-03-28 00:20:29,539.91
2022-03-28 00:20:34,540.03
2022-03-28 00:20:39,540.03
2022-03-28 00:20:44,540.09
2022-03-28 00:20:49,540.09
2022-03-28 00:20:54,538.1856225014869
2022-03-28 00:20:59,538.1999744893078
2022-03-28 00:21:04,538.2143264771288
2022-03-28 00:21:09,540.25
2022-03-28 00:21:14,538.2430304527705
2022-03-28 00:21:19,540.34
2022-03-28 00:21:24,538.2717344284123
2022-03-28 00:21:29,540.47
2022-03-28 00:21:34,540.53
2022-03-28 00:21:39,540.53
2022-03-28 00:21:44,540.6
2022-03-28 00:21:49,540.63
2022-03-28 00:21:54,540.76
2022-03-28 00:21:59,540.75
2022-03-28 00:22:04,540.82
2022-03-28 00:22:09,538.4009023188003
2022-03-28 00:22:14,540.91
2022-03-28 00:22:19,538.429606294442
2022-03-28 00:22:24,541.04
2022-03-28 00:22:29,541.04
2022-03-28 00:22:34,538.4726622579046
2022-03-28 00:22:39,541.13
2022-03-28 00:22:44,541.13
2022-03-28 00:22:49,541.2
2022-03-28 00:22:54,541.26
2022-03-28 00:22:59,538.5444221970091
2022-03-28 00:23:04,541.26
2022-03-28 00:23:09,541.32
2022-03-28 00:23:14,541.36
2022-03-28 00:23:19,541.42
2022-03-28 00:23:24,541.35
2022-03-28 00:23:29,541.42
2022-03-28 00:23:34,541.48
2022-03-28 00:23:39,541.48
2022-03-28 00:23:44,538.6735900873971
2022-03-28 00:23:49,538.687942075218
2022-03-28 00:23:54,541.48
2022-03-28 00:23:59,541.54
2022-03-28 00:24:04,541.48
2022-03-28 00:24:09,541.54
2022-03-28 00:24:14,541.54
2022-03-28 00:24:19,541.61
2022-03-28 00:24:24,541.61
2022-03-28 00:24:29,541.64
2022-03-28 00:24:34,541.61
2022-03-28 00:24:39,538.8314619534268
2022-03-28 00:24:44,541.64
2022-03-28 00:24:49,541.7
2022-03-28 00:24:54,541.71
2022-03-28 00:24:59,541.7
2022-03-28 00:25:04,538.9032218925312
2022-03-28 00:25:09,541.77
2022-03-28 00:25:14,538.9319258681729
2022-03-28 00:25:19,538.9462778559938
2022-03-28 00:25:24,541.77
2022-03-28 00:25:29,538.9749818316357
2022-03-28 00:25:34,538.9893338194565
2022-03-28 00:25:39,541.77
2022-03-28 00:25:44,541.77
2022-03-28 00:25:49,541.83
2022-03-28 00:25:54,541.77
2022-03-28 00:25:59,541.77
2022-03-28 00:26:04,541.77
2022-03-28 00:26:09,541.77
2022-03-28 00:26:14,541.71
2022-03-28 00:26:19,541.7
2022-03-28 00:26:24,539.1328536976654
2022-03-28 00:26:29,539.1472056854863
2022-03-28 00:26:34,539.1615576733071
2022-03-28 00:26:39,541.77
2022-03-28 00:26:44,541.71
2022-03-28 00:26:49,541.77
2022-03-28 00:26:54,541.77
2022-03-28 00:26:59,539.2333176124115
2022-03-28 00:27:04,541.71
2022-03-28 00:27:09,541.77
2022-03-28 00:27:14,541.77
2022-03-28 00:27:19,541.83
2022-03-28 00:27:24,539.305077551516
2022-03-28 00:27:29,541.83
2022-03-28 00:27:34,539.3337815271577
2022-03-28 00:27:39,539.3481335149786
2022-03-28 00:27:44,539.3624855027995
2022-03-28 00:27:49,541.87
2022-03-28 00:27:54,541.87
2022-03-28 00:27:59,541.87
2022-03-28 00:28:04,539.419893454083
2022-03-28 00:28:09,541.87
2022-03-28 00:28:14,541.87
2022-03-28 00:28:19,541.87
2022-03-28 00:28:24,541.93
2022-03-28 00:28:29,539.4916533931874
2022-03-28 00:28:34,539.5060053810083
2022-03-28 00:28:39,541.87
2022-03-28 00:28:44,541.87
2022-03-28 00:28:49,539.5490613444709
2022-03-28 00:28:54,541.87
2022-03-28 00:28:59,539.5777653201128
2022-03-28 00:29:04,541.87
2022-03-28 00:29:09,539.6064692957546
2022-03-28 00:29:14,539.6208212835754
2022-03-28 00:29:19,541.87
2022-03-28 00:29:24,541.87
2022-03-28 00:29:29,541.87
2022-03-28 00:29:34,539.6782292348589
2022-03-28 00:29:39,541.84
2022-03-28 00:29:44,539.7069332105007
2022-03-28 00:29:49,541.84
2022-03-28 00:29:54,541.87
2022-03-28 00:29:59,541.84
2022-03-28 00:30:04,541.87
2022-03-28 00:30:09,541.84
2022-03-28 00:30:14,539.793045137426
2022-03-28 00:30:19,541.84
2022-03-28 00:30:24,541.84
2022-03-28 00:30:29,541.87
2022-03-28 00:30:34,541.84
2022-03-28 00:30:39,541.84
2022-03-28 00:30:44,541.84
2022-03-28 00:30:49,541.84
2022-03-28 00:30:54,541.84
2022-03-28 00:30:59,539.922213027814
2022-03-28 00:31:04,541.84
2022-03-28 00:31:09,539.9509170034557
2022-03-28 00:31:14,541.84
2022-03-28 00:31:19,539.9796209790975
2022-03-28 00:31:24,539.9939729669184
2022-03-28 00:31:29,541.84
2022-03-28 00:31:34,540.0226769425601
2022-03-28 00:31:39,541.84
2022-03-28 00:31:44,541.78
2022-03-28 00:31:49,541.84
2022-03-28 00:31:54,541.78
2022-03-28 00:31:59,541.78
2022-03-28 00:32:04,541.78
2022-03-28 00:32:09,541.78
2022-03-28 00:32:14,540.1374928451272
2022-03-28 00:32:19,541.78
2022-03-28 00:32:24,540.166196820769
2022-03-28 00:32:29,541.78
2022-03-28 00:32:34,541.78
2022-03-28 00:32:39,540.2092527842317
2022-03-28 00:32:44,541.78
2022-03-28 00:32:49,541.78
2022-03-28 00:32:54,540.2523087476943
2022-03-28 00:32:59,541.78
2022-03-28 00:33:04,540.2810127233361
2022-03-28 00:33:09,541.78
2022-03-28 00:33:14,541.79
2022-03-28 00:33:19,541.79
2022-03-28 00:33:24,541.72
2022-03-28 00:33:29,540.3527726624405
2022-03-28 00:33:34,540.3671246502614
2022-03-28 00:33:39,541.73
2022-03-28 00:33:44,541.66
2022-03-28 00:33:49,541.66
2022-03-28 00:33:54,541.66
2022-03-28 00:33:59,541.63
2022-03-28 00:34:04,541.63
2022-03-28 00:34:09,541.66
2022-03-28 00:34:14,541.66
2022-03-28 00:34:19,540.4962925406494
2022-03-28 00:34:24,541.63
2022-03-28 00:34:29,540.5249965162911
2022-03-28 00:34:34,540.539348504112
2022-03-28 00:34:39,541.67
2022-03-28 00:34:44,541.64
2022-03-28 00:34:49,540.5548510325375
2022-03-28 00:34:54,540.5505295385228
2022-03-28 00:34:59,541.67
2022-03-28 00:35:04,541.64
2022-03-28 00:35:09,541.64
2022-03-28 00:35:14,541.67
2022-03-28 00:35:19,541.67
2022-03-28 00:35:24,541.67
2022-03-28 00:35:29,540.5202790804206
2022-03-28 00:35:34,540.5159575864059
2022-03-28 00:35:39,541.67
2022-03-28 00:35:44,540.5073145983766
2022-03-28 00:35:49,540.5029931043621
2022-03-28 00:35:54,540.4986716103474
2022-03-28 00:35:59,541.74
2022-03-28 00:36:04,540.4900286223182
2022-03-28 00:36:09,541.64
2022-03-28 00:36:14,541.68
2022-03-28 00:36:19,541.68
2022-03-28 00:36:24,541.64
2022-03-28 00:36:29,540.468421152245
2022-03-28 00:36:34,541.64
2022-03-28 00:36:39,541.64
2022-03-28 00:36:44,541.65
2022-03-28 00:36:49,540.4511351761865
2022-03-28 00:36:54,541.58
2022-03-28 00:36:59,541.58
2022-03-28 00:37:04,541.58
2022-03-28 00:37:09,541.52
2022-03-28 00:37:14,541.52
2022-03-28 00:37:19,541.52
2022-03-28 00:37:24,541.52
2022-03-28 00:37:29,541.52
2022-03-28 00:37:34,541.52
2022-03-28 00:37:39,541.52
2022-03-28 00:37:44,540.4035987420257
2022-03-28 00:37:49,540.3992772480111
2022-03-28 00:37:54,540.3949557539964
2022-03-28 00:37:59,541.45
2022-03-28 00:38:04,541.45
2022-03-28 00:38:09,541.45
2022-03-28 00:38:14,540.377669777938
2022-03-28 00:38:19,541.38
2022-03-28 00:38:24,540.3690267899087
2022-03-28 00:38:29,541.45
2022-03-28 00:38:34,540.3603838018795
2022-03-28 00:38:39,541.38
2022-03-28 00:38:44,541.38
2022-03-28 00:38:49,540.3474193198356
2022-03-28 00:38:54,541.38
2022-03-28 00:38:59,541.35
2022-03-28 00:39:04,540.3344548377918
2022-03-28 00:39:09,541.35
2022-03-28 00:39:14,541.35
2022-03-28 00:39:19,540.3214903557479
2022-03-28 00:39:24,540.3171688617333
2022-03-28 00:39:29,541.28
2022-03-28 00:39:34,540.3085258737041
2022-03-28 00:39:39,541.28
2022-03-28 00:39:44,540.2998828856748
2022-03-28 00:39:49,541.21
2022-03-28 00:39:54,541.21
2022-03-28 00:39:59,540.2869184036309
2022-03-28 00:40:04,540.2825969096164
2022-03-28 00:40:09,541.15
2022-03-28 00:40:14,541.14
2022-03-28 00:40:19,541.11
2022-03-28 00:40:24,541.11
2022-03-28 00:40:29,541.11
2022-03-28 00:40:34,541.11
2022-03-28 00:40:39,541.04
2022-03-28 00:40:44,541.04
2022-03-28 00:40:49,541.11
2022-03-28 00:40:54,540.2393819694701
2022-03-28 00:40:59,541.04
2022-03-28 00:41:04,541.1
2022-03-28 00:41:09,541.1
2022-03-28 00:41:14,541.04
2022-03-28 00:41:19,541.04
2022-03-28 00:41:24,541.04
2022-03-28 00:41:29,541.1
2022-03-28 00:41:34,541.03
2022-03-28 00:41:39,541.1
2022-03-28 00:41:44,541.1
2022-03-28 00:41:49,541.1
2022-03-28 00:41:54,540.1875240412946
2022-03-28 00:41:59,541.1
2022-03-28 00:42:04,540.1788810532654
2022-03-28 00:42:09,541.03
2022-03-28 00:42:14,541.1
2022-03-28 00:42:19,541.03
2022-03-28 00:42:24,540.1615950772069
2022-03-28 00:42:29,540.1572735831923
2022-03-28 00:42:34,541.03
2022-03-28 00:42:39,541.03
2022-03-28 00:42:44,540.97
2022-03-28 00:42:49,540.97
2022-03-28 00:42:54,540.97
2022-03-28 00:42:59,541.03
2022-03-28 00:43:04,540.97
2022-03-28 00:43:09,541.03
2022-03-28 00:43:14,540.1183801370606
2022-03-28 00:43:19,540.9
2022-03-28 00:43:24,540.1097371490314
2022-03-28 00:43:29,540.9
2022-03-28 00:43:34,540.9
2022-03-28 00:43:39,540.9
2022-03-28 00:43:44,540.0924511729729
2022-03-28 00:43:49,540.0881296789584
2022-03-28 00:43:54,540.0838081849437
2022-03-28 00:43:59,540.0794866909291
2022-03-28 00:44:04,540.83
2022-03-28 00:44:09,540.0708437028998
2022-03-28 00:44:14,540.0665222088852
2022-03-28 00:44:19,540.83
2022-03-28 00:44:24,540.83
2022-03-28 00:44:29,540.83
2022-03-28 00:44:34,540.84
2022-03-28 00:44:39,540.83
2022-03-28 00:44:44,540.83
2022-03-28 00:44:49,540.9
2022-03-28 00:44:54,540.0319502567683
2022-03-28 00:44:59,540.0276287627536
2022-03-28 00:45:04,540.84
2022-03-28 00:45:09,540.0189857747243
2022-03-28 00:45:14,540.9
2022-03-28 00:45:19,540.9
2022-03-28 00:45:24,540.9
2022-03-28 00:45:29,540.9
2022-03-28 00:45:34,539.9973783046512
2022-03-28 00:45:39,540.97
2022-03-28 00:45:44,540.97
2022-03-28 00:45:49,540.9
2022-03-28 00:45:54,540.97
2022-03-28 00:45:59,540.9
2022-03-28 00:46:04,539.9714493405635
2022-03-28 00:46:09,540.97
2022-03-28 00:46:14,540.97
2022-03-28 00:46:19,541.03
2022-03-28 00:46:24,541.1
2022-03-28 00:46:29,541.03
2022-03-28 00:46:34,541.03
2022-03-28 00:46:39,541.1
2022-03-28 00:46:44,541.1
2022-03-28 00:46:49,539.9325558944319
2022-03-28 00:46:54,539.9282344004173
2022-03-28 00:46:59,539.9239129064026
2022-03-28 00:47:04,541.13
2022-03-28 00:47:09,541.2
2022-03-28 00:47:14,541.2
2022-03-28 00:47:19,541.2
2022-03-28 00:47:24,541.2
2022-03-28 00:47:29,541.26
2022-03-28 00:47:34,541.27
2022-03-28 00:47:39,541.26
2022-03-28 00:47:44,539.8850194602711
2022-03-28 00:47:49,539.8806979662564
2022-03-28 00:47:54,541.33
2022-03-28 00:47:59,541.33
2022-03-28 00:48:04,541.33
2022-03-28 00:48:09,541.33
2022-03-28 00:48:14,539.8590904961833
2022-03-28 00:48:19,541.27
2022-03-28 00:48:24,539.850447508154
2022-03-28 00:48:29,541.27
2022-03-28 00:48:34,541.2
2022-03-28 00:48:39,539.8374830261102
2022-03-28 00:48:44,541.2
2022-03-28 00:48:49,541.14
2022-03-28 00:48:54,541.14
2022-03-28 00:48:59,541.14
2022-03-28 00:49:04,541.14
2022-03-28 00:49:09,541.11
2022-03-28 00:49:14,541.11
2022-03-28 00:49:19,541.04
2022-03-28 00:49:24,541.04
2022-03-28 00:49:29,540.98
2022-03-28 00:49:34,539.7612445809976
2022-03-28 00:49:39,540.92
2022-03-28 00:49:44,540.92
2022-03-28 00:49:49,540.85
2022-03-28 00:49:54,540.85
2022-03-28 00:49:59,539.7243973690331
2022-03-28 00:50:04,539.7170279266402
2022-03-28 00:50:09,540.69
2022-03-28 00:50:14,540.69
2022-03-28 00:50:19,540.69
2022-03-28 00:50:24,540.6
2022-03-28 00:50:29,540.6
2022-03-28 00:50:34,540.6
2022-03-28 00:50:39,539.6654418298898
2022-03-28 00:50:44,540.47
2022-03-28 00:50:49,540.47
2022-03-28 00:50:54,540.47
2022-03-28 00:50:59,539.6359640603182
2022-03-28 00:51:04,540.41
2022-03-28 00:51:09,539.6212251755323
2022-03-28 00:51:14,540.47
2022-03-28 00:51:19,539.6064862907466
2022-03-28 00:51:24,539.5991168483537
2022-03-28 00:51:29,539.5917474059607
2022-03-28 00:51:34,540.47
2022-03-28 00:51:39,540.47
2022-03-28 00:51:44,540.47
2022-03-28 00:51:49,539.5622696363891
2022-03-28 00:51:54,540.41
2022-03-28 00:51:59,540.47
2022-03-28 00:52:04,539.5401613092104
2022-03-28 00:52:09,540.48
2022-03-28 00:52:14,540.54
2022-03-28 00:52:19,540.54
2022-03-28 00:52:24,539.5106835396388
2022-03-28 00:52:29,539.5033140972458
2022-03-28 00:52:34,539.4959446548529
2022-03-28 00:52:39,540.61
2022-03-28 00:52:44,540.64
2022-03-28 00:52:49,540.64
2022-03-28 00:52:54,540.64
2022-03-28 00:52:59,539.4590974428884
2022-03-28 00:53:04,540.71
2022-03-28 00:53:09,539.4443585581025
2022-03-28 00:53:14,540.77
2022-03-28 00:53:19,540.77
2022-03-28 00:53:24,540.84
2022-03-28 00:53:29,540.84
2022-03-28 00:53:34,540.87
2022-03-28 00:53:39,541.0
2022-03-28 00:53:44,541.0
2022-03-28 00:53:49,541.01
2022-03-28 00:53:54,541.07
2022-03-28 00:53:59,541.17
2022-03-28 00:54:04,541.17
2022-03-28 00:54:09,541.17
2022-03-28 00:54:14,541.23
2022-03-28 00:54:19,541.3
2022-03-28 00:54:24,539.3338169222088
2022-03-28 00:54:29,541.4
2022-03-28 00:54:34,539.3190780374231
2022-03-28 00:54:39,541.53
2022-03-28 00:54:44,539.3043391526372
2022-03-28 00:54:49,541.53
2022-03-28 00:54:54,541.66
2022-03-28 00:54:59,541.66
2022-03-28 00:55:04,541.76
2022-03-28 00:55:09,541.76
2022-03-28 00:55:14,539.2601224982798
2022-03-28 00:55:19,539.2527530558868
2022-03-28 00:55:24,541.89
2022-03-28 00:55:29,541.92
2022-03-28 00:55:34,539.2306447287082
2022-03-28 00:55:39,542.05
2022-03-28 00:55:44,539.2159058439223
2022-03-28 00:55:49,539.2085364015294
2022-03-28 00:55:54,539.2011669591365
2022-03-28 00:55:59,542.21
2022-03-28 00:56:04,539.1864280743507
2022-03-28 00:56:09,542.21
2022-03-28 00:56:14,539.1716891895649
2022-03-28 00:56:19,542.21
2022-03-28 00:56:24,542.21
2022-03-28 00:56:29,539.1495808623861
2022-03-28 00:56:34,542.21
2022-03-28 00:56:39,542.28
2022-03-28 00:56:44,542.21
2022-03-28 00:56:49,539.1201030928145
2022-03-28 00:56:54,542.21
2022-03-28 00:56:59,539.1053642080286
2022-03-28 00:57:04,539.0979947656357
2022-03-28 00:57:09,539.0906253232429
2022-03-28 00:57:14,539.08325588085
2022-03-28 00:57:19,539.075886438457
2022-03-28 00:57:24,542.18
2022-03-28 00:57:29,542.18
2022-03-28 00:57:34,542.11
2022-03-28 00:57:39,539.0464086688854
2022-03-28 00:57:44,542.05
2022-03-28 00:57:49,542.05
2022-03-28 00:57:54,541.98
2022-03-28 00:57:59,539.0169308993137
2022-03-28 00:58:04,539.0095614569208
2022-03-28 00:58:09,541.91
2022-03-28 00:58:14,541.88
2022-03-28 00:58:19,541.82
2022-03-28 00:58:24,538.9800836873492
2022-03-28 00:58:29,541.82
2022-03-28 00:58:34,541.75
2022-03-28 00:58:39,538.9579753601704
2022-03-28 00:58:44,541.75
2022-03-28 00:58:49,541.69
2022-03-28 00:58:54,538.9358670329917
2022-03-28 00:58:59,541.65
2022-03-28 00:59:04,541.69
2022-03-28 00:59:09,538.9137587058129
2022-03-28 00:59:14,538.90638926342
2022-03-28 00:59:19,541.59
2022-03-28 00:59:24,538.8916503786343
2022-03-28 00:59:29,541.59
2022-03-28 00:59:34,538.8769114938484
2022-03-28 00:59:39,541.45
2022-03-28 00:59:44,541.46
2022-03-28 00:59:49,541.45
2022-03-28 00:59:54,541.39
2022-03-28 00:59:59,541.39
2022-03-28 01:00:04,541.35
2022-03-28 01:00:09,541.35
2022-03-28 01:00:14,541.35
2022-03-28 01:00:19,538.8105865123123
2022-03-28 01:00:24,541.28
2022-03-28 01:00:29,541.22
2022-03-28 01:00:34,541.22
2022-03-28 01:00:39,538.7811087427406
2022-03-28 01:00:44,541.15
2022-03-28 01:00:49,541.12
2022-03-28 01:00:54,541.12
2022-03-28 01:00:59,541.11
2022-03-28 01:01:04,541.05
2022-03-28 01:01:09,540.99
2022-03-28 01:01:14,540.99
2022-03-28 01:01:19,540.92
2022-03-28 01:01:24,540.92
2022-03-28 01:01:29,540.86
2022-03-28 01:01:34,540.82
2022-03-28 01:01:39,540.82
2022-03-28 01:01:44,540.76
2022-03-28 01:01:49,540.75
2022-03-28 01:01:54,540.69
2022-03-28 01:01:59,540.69
2022-03-28 01:02:04,538.6558282220611
2022-03-28 01:02:09,538.6484587796682
2022-03-28 01:02:14,540.59
2022-03-28 01:02:19,540.59
2022-03-28 01:02:24,538.6263504524895
2022-03-28 01:02:29,540.46
2022-03-28 01:02:34,538.6116115677037
2022-03-28 01:02:39,540.46
2022-03-28 01:02:44,538.5968726829178
2022-03-28 01:02:49,540.34
2022-03-28 01:02:54,540.33
2022-03-28 01:02:59,538.5706432296549
2022-03-28 01:03:04,540.3
2022-03-28 01:03:09,540.3
2022-03-28 01:03:14,538.5394316081146
2022-03-28 01:03:19,538.5290277342679
2022-03-28 01:03:24,540.24
2022-03-28 01:03:29,540.17
2022-03-28 01:03:34,540.11
2022-03-28 01:03:39,538.4874122388807
2022-03-28 01:03:44,538.4770083650338
2022-03-28 01:03:49,540.11
2022-03-28 01:03:54,538.4562006173403
2022-03-28 01:03:59,538.4457967434935
2022-03-28 01:04:04,540.08
2022-03-28 01:04:09,540.01
2022-03-28 01:04:14,540.01
2022-03-28 01:04:19,539.95
2022-03-28 01:04:24,539.95
2022-03-28 01:04:29,538.3833735004127
2022-03-28 01:04:34,538.3729696265659
2022-03-28 01:04:39,539.82
2022-03-28 01:04:44,539.82
2022-03-28 01:04:49,539.82
2022-03-28 01:04:54,539.79
2022-03-28 01:04:59,539.79
2022-03-28 01:05:04,539.79
2022-03-28 01:05:09,539.79
2022-03-28 01:05:14,539.73
2022-03-28 01:05:19,539.66
2022-03-28 01:05:24,538.2689308880981
2022-03-28 01:05:29,539.66
2022-03-28 01:05:34,539.66
2022-03-28 01:05:39,539.6
2022-03-28 01:05:44,539.6
2022-03-28 01:05:49,538.2169115188641
2022-03-28 01:05:54,538.2065076450174
2022-03-28 01:05:59,539.57
2022-03-28 01:06:04,539.5
2022-03-28 01:06:09,539.5
2022-03-28 01:06:14,539.44
2022-03-28 01:06:19,539.5
2022-03-28 01:06:24,539.37
2022-03-28 01:06:29,538.1336805280898
2022-03-28 01:06:34,538.123276654243
2022-03-28 01:06:39,539.38
2022-03-28 01:06:44,539.38
2022-03-28 01:06:49,539.38
2022-03-28 01:06:54,539.31
2022-03-28 01:06:59,538.0712572850091
2022-03-28 01:07:04,538.0608534111623
2022-03-28 01:07:09,539.38
2022-03-28 01:07:14,539.31
2022-03-28 01:07:19,538.0296417896219
2022-03-28 01:07:24,539.31
2022-03-28 01:07:29,538.0088340419284
2022-03-28 01:07:34,539.28
2022-03-28 01:07:39,539.28
2022-03-28 01:07:44,539.28
2022-03-28 01:07:49,539.28
2022-03-28 01:07:54,537.9568146726943
2022-03-28 01:07:59,539.22
2022-03-28 01:08:04,537.9360069250008
2022-03-28 01:08:09,539.16
2022-03-28 01:08:14,537.9151991773073
2022-03-28 01:08:19,539.09
2022-03-28 01:08:24,539.09
2022-03-28 01:08:29,537.8839875557669
2022-03-28 01:08:34,537.8735836819201
2022-03-28 01:08:39,539.06
2022-03-28 01:08:44,539.1
2022-03-28 01:08:49,539.06
2022-03-28 01:08:54,539.06
2022-03-28 01:08:59,539.06
2022-03-28 01:09:04,539.0
2022-03-28 01:09:09,539.06
2022-03-28 01:09:14,538.93
2022-03-28 01:09:19,537.779948817299
2022-03-28 01:09:24,537.7695449434522
2022-03-28 01:09:29,539.0
2022-03-28 01:09:34,539.0
2022-03-28 01:09:39,538.94
2022-03-28 01:09:44,538.87
2022-03-28 01:09:49,539.0
2022-03-28 01:09:54,538.94
2022-03-28 01:09:59,538.94
2022-03-28 01:10:04,539.0
2022-03-28 01:10:09,538.94
2022-03-28 01:10:14,539.0
2022-03-28 01:10:19,537.6551023311375
2022-03-28 01:10:24,538.94
2022-03-28 01:10:29,539.0
2022-03-28 01:10:34,537.6238907095972
2022-03-28 01:10:39,539.0
2022-03-28 01:10:44,539.0
2022-03-28 01:10:49,537.5926790880568
2022-03-28 01:10:54,539.07
2022-03-28 01:10:59,539.07
2022-03-28 01:11:04,539.1
2022-03-28 01:11:09,537.5510635926696
2022-03-28 01:11:14,539.1
2022-03-28 01:11:19,539.17
2022-03-28 01:11:24,537.5198519711292
2022-03-28 01:11:29,539.23
2022-03-28 01:11:34,537.4990442234357
2022-03-28 01:11:39,539.3
2022-03-28 01:11:44,537.478236475742
2022-03-28 01:11:49,539.33
2022-03-28 01:11:54,539.33
2022-03-28 01:11:59,539.4
2022-03-28 01:12:04,539.4
2022-03-28 01:12:09,537.4262171065081
2022-03-28 01:12:14,539.46
2022-03-28 01:12:19,537.4054093588145
2022-03-28 01:12:24,537.3950054849678
2022-03-28 01:12:29,539.53
2022-03-28 01:12:34,539.53
2022-03-28 01:12:39,539.6
2022-03-28 01:12:44,539.53
2022-03-28 01:12:49,539.6
2022-03-28 01:12:54,537.332582241887
2022-03-28 01:12:59,537.3221783680402
2022-03-28 01:13:04,539.63
2022-03-28 01:13:09,539.63
2022-03-28 01:13:14,539.63
2022-03-28 01:13:19,539.6
2022-03-28 01:13:24,539.63
2022-03-28 01:13:29,537.2597551249595
2022-03-28 01:13:34,539.6
2022-03-28 01:13:39,539.63
2022-03-28 01:13:44,539.6
2022-03-28 01:13:49,539.64
2022-03-28 01:13:54,539.64
2022-03-28 01:13:59,539.61
2022-03-28 01:14:04,539.64
2022-03-28 01:14:09,537.1765241341852
2022-03-28 01:14:14,537.1661202603384
2022-03-28 01:14:19,539.61
2022-03-28 01:14:24,539.61
2022-03-28 01:14:29,539.61
2022-03-28 01:14:34,539.61
2022-03-28 01:14:39,539.61
2022-03-28 01:14:44,539.61
2022-03-28 01:14:49,537.0932931434108
2022-03-28 01:14:54,537.082889269564
2022-03-28 01:14:59,537.0724853957173
2022-03-28 01:15:04,537.0620815218705
2022-03-28 01:15:09,539.49
2022-03-28 01:15:14,537.041273774177
2022-03-28 01:15:19,539.42
2022-03-28 01:15:24,539.42
2022-03-28 01:15:29,537.0100621526366
2022-03-28 01:15:34,539.36
2022-03-28 01:15:39,539.33
2022-03-28 01:15:44,539.36
2022-03-28 01:15:49,536.9684466572494
2022-03-28 01:15:54,539.33
2022-03-28 01:15:59,539.27
2022-03-28 01:16:04,539.26
2022-03-28 01:16:09,536.9268311618622
2022-03-28 01:16:14,536.9164272880155
2022-03-28 01:16:19,536.9060234141687
2022-03-28 01:16:24,539.14
2022-03-28 01:16:29,539.14
2022-03-28 01:16:34,536.8748117926283
2022-03-28 01:16:39,539.14
2022-03-28 01:16:44,539.14
2022-03-28 01:16:49,539.11
2022-03-28 01:16:54,536.8331962972411
2022-03-28 01:16:59,539.04
2022-03-28 01:17:04,536.8678865292071
2022-03-28 01:17:09,539.04
2022-03-28 01:17:14,539.04
2022-03-28 01:17:19,536.9648050323929
2022-03-28 01:17:24,539.04
2022-03-28 01:17:29,539.04
2022-03-28 01:17:34,538.97
2022-03-28 01:17:39,538.98
2022-03-28 01:17:44,537.1263358710358
2022-03-28 01:17:49,537.1586420387644
2022-03-28 01:17:54,538.91
2022-03-28 01:17:59,538.91
2022-03-28 01:18:04,538.85
2022-03-28 01:18:09,538.84
2022-03-28 01:18:14,537.3201728774073
2022-03-28 01:18:19,537.352479045136
2022-03-28 01:18:24,538.85
2022-03-28 01:18:29,537.4170913805931
2022-03-28 01:18:34,538.81
2022-03-28 01:18:39,538.81
2022-03-28 01:18:44,538.81
2022-03-28 01:18:49,538.81
2022-03-28 01:18:54,537.5786222192361
2022-03-28 01:18:59,538.81
2022-03-28 01:19:04,538.8
2022-03-28 01:19:09,537.6755407224218
2022-03-28 01:19:14,537.7078468901504
2022-03-28 01:19:19,537.740153057879
2022-03-28 01:19:24,538.84
2022-03-28 01:19:29,538.84
2022-03-28 01:19:34,538.83
2022-03-28 01:19:39,537.8693777287933
2022-03-28 01:19:44,537.901683896522
2022-03-28 01:19:49,538.9
2022-03-28 01:19:54,538.96
2022-03-28 01:19:59,539.03
2022-03-28 01:20:04,538.96
2022-03-28 01:20:09,539.02
2022-03-28 01:20:14,539.09
2022-03-28 01:20:19,539.08
2022-03-28 01:20:24,539.11
2022-03-28 01:20:29,539.18
2022-03-28 01:20:34,538.2247455738078
2022-03-28 01:20:39,538.2570517415363
2022-03-28 01:20:44,539.31
2022-03-28 01:20:49,539.3
2022-03-28 01:20:54,539.4
2022-03-28 01:20:59,538.3862764124507
2022-03-28 01:21:04,539.46
2022-03-28 01:21:09,539.46
2022-03-28 01:21:14,538.4831949156364
2022-03-28 01:21:19,539.59
2022-03-28 01:21:24,539.62
2022-03-28 01:21:29,539.62
2022-03-28 01:21:34,539.69
2022-03-28 01:21:39,539.75
2022-03-28 01:21:44,539.75
2022-03-28 01:21:49,539.85
2022-03-28 01:21:54,538.7416442574652
2022-03-28 01:21:59,539.85
2022-03-28 01:22:04,538.8062565929223
2022-03-28 01:22:09,539.91
2022-03-28 01:22:14,539.91
2022-03-28 01:22:19,539.91
2022-03-28 01:22:24,538.9354812638367
2022-03-28 01:22:29,539.97
2022-03-28 01:22:34,539.97
2022-03-28 01:22:39,540.04
2022-03-28 01:22:44,539.064705934751
2022-03-28 01:22:49,539.0970121024795
2022-03-28 01:22:54,539.1293182702082
2022-03-28 01:22:59,540.1
2022-03-28 01:23:04,540.1
2022-03-28 01:23:09,539.2262367733939
2022-03-28 01:23:14,540.1
2022-03-28 01:23:19,540.13
2022-03-28 01:23:24,540.13
2022-03-28 01:23:29,540.2
2022-03-28 01:23:34,540.2
2022-03-28 01:23:39,540.2
2022-03-28 01:23:44,539.452379947494
2022-03-28 01:23:49,540.2
2022-03-28 01:23:54,539.5169922829512
2022-03-28 01:23:59,540.2
2022-03-28 01:24:04,540.2
2022-03-28 01:24:09,540.2
2022-03-28 01:24:14,539.6462169538655
2022-03-28 01:24:19,540.2
2022-03-28 01:24:24,540.2
2022-03-28 01:24:29,540.13
2022-03-28 01:24:34,540.13
2022-03-28 01:24:39,540.2
2022-03-28 01:24:44,539.840053960237
2022-03-28 01:24:49,540.2
2022-03-28 01:24:54,540.14
2022-03-28 01:24:59,540.14
2022-03-28 01:25:04,540.2
2022-03-28 01:25:09,540.14
2022-03-28 01:25:14,540.2
2022-03-28 01:25:19,540.2
2022-03-28 01:25:24,540.2
2022-03-28 01:25:29,540.1308094697944
2022-03-28 01:25:34,540.1631156375229
2022-03-28 01:25:39,540.1954218052515
2022-03-28 01:25:44,540.2277279729801
2022-03-28 01:25:49,540.27
2022-03-28 01:25:54,540.33
2022-03-28 01:25:59,540.3246464761659
2022-03-28 01:26:04,540.33
2022-03-28 01:26:09,540.37
2022-03-28 01:26:14,540.4215649793516
2022-03-28 01:26:19,540.43
2022-03-28 01:26:24,540.4861773148089
2022-03-28 01:26:29,540.43
2022-03-28 01:26:34,540.49
2022-03-28 01:26:39,540.5
2022-03-28 01:26:44,540.6154019857231
2022-03-28 01:26:49,540.56
2022-03-28 01:26:54,540.57
2022-03-28 01:26:59,540.63
2022-03-28 01:27:04,540.63
2022-03-28 01:27:09,540.63
2022-03-28 01:27:14,540.8092389920947
2022-03-28 01:27:19,540.66
2022-03-28 01:27:24,540.63
2022-03-28 01:27:29,540.66
2022-03-28 01:27:34,540.66
2022-03-28 01:27:39,540.66
2022-03-28 01:27:44,540.63
2022-03-28 01:27:49,540.63
2022-03-28 01:27:54,540.63
2022-03-28 01:27:59,540.66
2022-03-28 01:28:04,540.63
2022-03-28 01:28:09,540.64
2022-03-28 01:28:14,540.63
2022-03-28 01:28:19,541.2292191725663
2022-03-28 01:28:24,540.67
2022-03-28 01:28:29,540.66
2022-03-28 01:28:34,541.3261376757521
2022-03-28 01:28:39,540.67
2022-03-28 01:28:44,540.67
2022-03-28 01:28:49,540.67
2022-03-28 01:28:54,541.4553623466663
2022-03-28 01:28:59,540.73
2022-03-28 01:29:04,540.73
2022-03-28 01:29:09,540.73
2022-03-28 01:29:14,540.8
2022-03-28 01:29:19,540.73
2022-03-28 01:29:24,541.649199353038
2022-03-28 01:29:29,541.6815055207664
2022-03-28 01:29:34,540.87
2022-03-28 01:29:39,540.87
2022-03-28 01:29:44,540.9
2022-03-28 01:29:49,541.8107301916808
2022-03-28 01:29:54,540.9
2022-03-28 01:29:59,541.875342527138
2022-03-28 01:30:04,540.9
2022-03-28 01:30:09,540.96
2022-03-28 01:30:14,541.9722610303238
2022-03-28 01:30:19,540.96
2022-03-28 01:30:24,541.03
2022-03-28 01:30:29,541.03
2022-03-28 01:30:34,542.1014857012381
2022-03-28 01:30:39,541.09
2022-03-28 01:30:44,541.09
2022-03-28 01:30:49,542.1984042044238
2022-03-28 01:30:54,541.19
2022-03-28 01:30:59,541.19
2022-03-28 01:31:04,541.26
2022-03-28 01:31:09,541.26
2022-03-28 01:31:14,542.3036748889698
2022-03-28 01:31:19,541.26
2022-03-28 01:31:24,541.26
2022-03-28 01:31:29,541.26
2022-03-28 01:31:34,541.26
2022-03-28 01:31:39,541.19
2022-03-28 01:31:44,541.26
2022-03-28 01:31:49,542.354060358961
2022-03-28 01:31:54,541.2
2022-03-28 01:31:59,541.2
2022-03-28 01:32:04,542.3756541318144
2022-03-28 01:32:09,541.16
2022-03-28 01:32:14,541.16
2022-03-28 01:32:19,541.16
2022-03-28 01:32:24,542.4044458289521
2022-03-28 01:32:29,542.4116437532366
2022-03-28 01:32:34,541.04
2022-03-28 01:32:39,542.4260396018054
2022-03-28 01:32:44,542.4332375260899
2022-03-28 01:32:49,540.91
2022-03-28 01:32:54,540.91
2022-03-28 01:32:59,540.91
2022-03-28 01:33:04,540.89
2022-03-28 01:33:09,540.91
2022-03-28 01:33:14,542.4764250717966
2022-03-28 01:33:19,540.82
2022-03-28 01:33:24,542.4908209203655
2022-03-28 01:33:29,540.82
2022-03-28 01:33:34,540.82
2022-03-28 01:33:39,540.76
2022-03-28 01:33:44,540.69
2022-03-28 01:33:49,542.5268105417878
2022-03-28 01:33:54,542.5340084660722
2022-03-28 01:33:59,542.5412063903566
2022-03-28 01:34:04,542.5484043146411
2022-03-28 01:34:09,540.6
2022-03-28 01:34:14,540.54
2022-03-28 01:34:19,540.54
2022-03-28 01:34:24,542.5771960117788
2022-03-28 01:34:29,542.5843939360633
2022-03-28 01:34:34,540.38
2022-03-28 01:34:39,540.38
2022-03-28 01:34:44,542.6059877089167
2022-03-28 01:34:49,542.613185633201
2022-03-28 01:34:54,540.19
2022-03-28 01:34:59,540.16
2022-03-28 01:35:04,540.1
2022-03-28 01:35:09,540.03
2022-03-28 01:35:14,540.03
2022-03-28 01:35:19,539.97
2022-03-28 01:35:24,539.9
2022-03-28 01:35:29,539.87
2022-03-28 01:35:34,539.81
2022-03-28 01:35:39,539.68
2022-03-28 01:35:44,539.65
2022-03-28 01:35:49,539.64
2022-03-28 01:35:54,539.58
2022-03-28 01:35:59,542.7139565731834
2022-03-28 01:36:04,542.7211544974679
2022-03-28 01:36:09,539.39
2022-03-28 01:36:14,542.7355503460367
2022-03-28 01:36:19,539.29
2022-03-28 01:36:24,539.23
2022-03-28 01:36:29,539.23
2022-03-28 01:36:34,539.17
2022-03-28 01:36:39,539.13
2022-03-28 01:36:44,539.13
2022-03-28 01:36:49,539.07
2022-03-28 01:36:54,539.07
2022-03-28 01:36:59,542.8003316645968
2022-03-28 01:37:04,538.94
2022-03-28 01:37:09,542.8147275131656
2022-03-28 01:37:14,542.8219254374501
2022-03-28 01:37:19,538.87
2022-03-28 01:37:24,538.94
2022-03-28 01:37:29,538.88
2022-03-28 01:37:34,538.88
2022-03-28 01:37:39,538.84
2022-03-28 01:37:44,542.8651129831568
2022-03-28 01:37:49,538.84
2022-03-28 01:37:54,542.8795088317257
2022-03-28 01:37:59,538.77
2022-03-28 01:38:04,538.84
2022-03-28 01:38:09,538.84
2022-03-28 01:38:14,538.84
2022-03-28 01:38:19,538.84
2022-03-28 01:38:24,538.84
2022-03-28 01:38:29,538.83
2022-03-28 01:38:34,538.86
2022-03-28 01:38:39,542.9442901502857
2022-03-28 01:38:44,542.9514880745702
2022-03-28 01:38:49,538.86
2022-03-28 01:38:54,538.86
2022-03-28 01:38:59,542.9730818474235
2022-03-28 01:39:04,538.92
2022-03-28 01:39:09,538.92
2022-03-28 01:39:14,538.92
2022-03-28 01:39:19,538.92
2022-03-28 01:39:24,538.92
2022-03-28 01:39:29,538.98
2022-03-28 01:39:34,538.98
2022-03-28 01:39:39,538.98
2022-03-28 01:39:44,539.11
2022-03-28 01:39:49,543.045061090268
2022-03-28 01:39:54,539.05
2022-03-28 01:39:59,543.0594569388369
2022-03-28 01:40:04,543.0666548631214
2022-03-28 01:40:09,539.13
2022-03-28 01:40:14,543.0810507116903
2022-03-28 01:40:19,539.14
2022-03-28 01:40:24,539.2
2022-03-28 01:40:29,539.26
2022-03-28 01:40:34,543.1098424088281
2022-03-28 01:40:39,539.26
2022-03-28 01:40:44,539.32
2022-03-28 01:40:49,543.1314361816814
2022-03-28 01:40:54,539.36
2022-03-28 01:40:59,539.36
2022-03-28 01:41:04,539.36
2022-03-28 01:41:09,539.36
2022-03-28 01:41:14,539.36
2022-03-28 01:41:19,543.174623727388
2022-03-28 01:41:24,543.1818216516725
2022-03-28 01:41:29,539.48
2022-03-28 01:41:34,543.1962175002415
2022-03-28 01:41:39,539.48
2022-03-28 01:41:44,543.2106133488103
2022-03-28 01:41:49,539.55
2022-03-28 01:41:54,543.2250091973792
2022-03-28 01:41:59,539.55
2022-03-28 01:42:04,543.239405045948
2022-03-28 01:42:09,539.55
2022-03-28 01:42:14,539.61
2022-03-28 01:42:19,539.61
2022-03-28 01:42:24,539.61
2022-03-28 01:42:29,539.64
2022-03-28 01:42:34,543.2825925916547
2022-03-28 01:42:39,539.64
2022-03-28 01:42:44,539.64
2022-03-28 01:42:49,539.7
2022-03-28 01:42:54,539.77
2022-03-28 01:42:59,539.77
2022-03-28 01:43:04,539.83
2022-03-28 01:43:09,539.83
2022-03-28 01:43:14,539.93
2022-03-28 01:43:19,543.3473739102149
2022-03-28 01:43:24,543.3545718344992
2022-03-28 01:43:29,539.93
2022-03-28 01:43:34,539.99
2022-03-28 01:43:39,539.99
2022-03-28 01:43:44,539.99
2022-03-28 01:43:49,539.99
2022-03-28 01:43:54,543.3977593802059
2022-03-28 01:43:59,539.99
2022-03-28 01:44:04,543.4121552287749
2022-03-28 01:44:09,540.06
2022-03-28 01:44:14,539.99
2022-03-28 01:44:19,543.4337490016283
2022-03-28 01:44:24,543.4409469259126
2022-03-28 01:44:29,539.99
2022-03-28 01:44:34,540.0
2022-03-28 01:44:39,540.0
2022-03-28 01:44:44,539.99
2022-03-28 01:44:49,540.0
2022-03-28 01:44:54,540.0
2022-03-28 01:44:59,540.06
2022-03-28 01:45:04,543.4985303201883
2022-03-28 01:45:09,543.5033361683422
2022-03-28 01:45:14,540.0
2022-03-28 01:45:19,540.0
2022-03-28 01:45:24,540.06
2022-03-28 01:45:29,540.0
2022-03-28 01:45:34,540.06
2022-03-28 01:45:39,543.4676623654898
2022-03-28 01:45:44,543.4617167316811
2022-03-28 01:45:49,540.0
2022-03-28 01:45:54,540.0
2022-03-28 01:45:59,543.4438798302549
2022-03-28 01:46:04,540.0
2022-03-28 01:46:09,540.07
2022-03-28 01:46:14,540.06
2022-03-28 01:46:19,540.07
2022-03-28 01:46:24,540.07
2022-03-28 01:46:29,543.4082060274025
2022-03-28 01:46:34,540.0
2022-03-28 01:46:39,540.06
2022-03-28 01:46:44,540.07
2022-03-28 01:46:49,543.3844234921676
2022-03-28 01:46:54,540.07
2022-03-28 01:46:59,543.3725322245501
2022-03-28 01:47:04,543.3665865907413
2022-03-28 01:47:09,540.07
2022-03-28 01:47:14,540.07
2022-03-28 01:47:19,540.07
2022-03-28 01:47:24,540.07
2022-03-28 01:47:29,543.3368584216977
2022-03-28 01:47:34,540.01
2022-03-28 01:47:39,540.07
2022-03-28 01:47:44,540.01
2022-03-28 01:47:49,543.3130758864628
2022-03-28 01:47:54,539.94
2022-03-28 01:47:59,540.01
2022-03-28 01:48:04,543.2952389850366
2022-03-28 01:48:09,539.88
2022-03-28 01:48:14,543.2833477174191
2022-03-28 01:48:19,539.85
2022-03-28 01:48:24,539.85
2022-03-28 01:48:29,539.85
2022-03-28 01:48:34,539.78
2022-03-28 01:48:39,539.72
2022-03-28 01:48:44,543.2476739145667
2022-03-28 01:48:49,539.72
2022-03-28 01:48:54,539.62
2022-03-28 01:48:59,539.62
2022-03-28 01:49:04,543.2238913793318
2022-03-28 01:49:09,543.217945745523
2022-03-28 01:49:14,539.49
2022-03-28 01:49:19,539.43
2022-03-28 01:49:24,543.2001088440968
2022-03-28 01:49:29,543.1941632102881
2022-03-28 01:49:34,539.34
2022-03-28 01:49:39,539.21
2022-03-28 01:49:44,543.1763263088619
2022-03-28 01:49:49,539.15
2022-03-28 01:49:54,543.1644350412445
2022-03-28 01:49:59,539.11
2022-03-28 01:50:04,538.98
2022-03-28 01:50:09,538.92
2022-03-28 01:50:14,538.92
2022-03-28 01:50:19,538.92
2022-03-28 01:50:24,538.85
2022-03-28 01:50:29,543.1228156045833
2022-03-28 01:50:34,538.76
2022-03-28 01:50:39,538.76
2022-03-28 01:50:44,538.76
2022-03-28 01:50:49,538.69
2022-03-28 01:50:54,543.0930874355396
2022-03-28 01:50:59,543.0871418017309
2022-03-28 01:51:04,538.63
2022-03-28 01:51:09,538.63
2022-03-28 01:51:14,538.63
2022-03-28 01:51:19,538.63
2022-03-28 01:51:24,538.63
2022-03-28 01:51:29,543.0514679988785
2022-03-28 01:51:34,538.54
2022-03-28 01:51:39,538.54
2022-03-28 01:51:44,538.54
2022-03-28 01:51:49,538.54
2022-03-28 01:51:54,538.54
2022-03-28 01:51:59,538.54
2022-03-28 01:52:04,543.0098485622174
2022-03-28 01:52:09,538.54
2022-03-28 01:52:14,538.61
2022-03-28 01:52:19,542.9920116607911
2022-03-28 01:52:24,538.61
2022-03-28 01:52:29,542.9801203931737
2022-03-28 01:52:34,538.64
2022-03-28 01:52:39,538.64
2022-03-28 01:52:44,538.64
2022-03-28 01:52:49,542.9563378579387
2022-03-28 01:52:54,542.95039222413
2022-03-28 01:52:59,538.71
2022-03-28 01:53:04,538.71
2022-03-28 01:53:09,538.84
2022-03-28 01:53:14,538.77
2022-03-28 01:53:19,538.84
2022-03-28 01:53:24,538.87
2022-03-28 01:53:29,538.94
2022-03-28 01:53:34,542.9028271536602
2022-03-28 01:53:39,542.8968815198514
2022-03-28 01:53:44,539.07
2022-03-28 01:53:49,539.07
2022-03-28 01:53:54,539.14
2022-03-28 01:53:59,542.8730989846165
2022-03-28 01:54:04,539.17
2022-03-28 01:54:09,539.23
2022-03-28 01:54:14,542.8552620831903
2022-03-28 01:54:19,542.8493164493816
2022-03-28 01:54:24,542.8433708155728
2022-03-28 01:54:29,539.46
2022-03-28 01:54:34,539.53
2022-03-28 01:54:39,542.8255339141466
2022-03-28 01:54:44,539.59
2022-03-28 01:54:49,542.8136426465292
2022-03-28 01:54:54,542.8076970127204
2022-03-28 01:54:59,539.75
2022-03-28 01:55:04,539.89
2022-03-28 01:55:09,539.88
2022-03-28 01:55:14,539.98
2022-03-28 01:55:19,540.05
2022-03-28 01:55:24,542.772023209868
2022-03-28 01:55:29,540.18
2022-03-28 01:55:34,540.21
2022-03-28 01:55:39,540.27
2022-03-28 01:55:44,542.748240674633
2022-03-28 01:55:49,540.4
2022-03-28 01:55:54,542.7363494070156
2022-03-28 01:55:59,540.44
2022-03-28 01:56:04,542.7244581393982
2022-03-28 01:56:09,540.63
2022-03-28 01:56:14,540.63
2022-03-28 01:56:19,540.69
2022-03-28 01:56:24,542.7006756041633
2022-03-28 01:56:29,540.72
2022-03-28 01:56:34,540.72
2022-03-28 01:56:39,540.79
2022-03-28 01:56:44,540.85
2022-03-28 01:56:49,542.6709474351196
2022-03-28 01:56:54,540.95
2022-03-28 01:56:59,542.6590561675021
2022-03-28 01:57:04,542.6531105336934
2022-03-28 01:57:09,541.14
2022-03-28 01:57:14,541.14
2022-03-28 01:57:19,542.6352736322672
2022-03-28 01:57:24,541.24
2022-03-28 01:57:29,541.3
2022-03-28 01:57:34,541.37
2022-03-28 01:57:39,542.6114910970323
2022-03-28 01:57:44,542.6055454632235
2022-03-28 01:57:49,541.59
2022-03-28 01:57:54,542.5936541956061
2022-03-28 01:57:59,541.72
2022-03-28 01:58:04,541.75
2022-03-28 01:58:09,541.82
2022-03-28 01:58:14,541.88
2022-03-28 01:58:19,541.97
2022-03-28 01:58:24,542.5579803927536
2022-03-28 01:58:29,542.1
2022-03-28 01:58:34,542.16
2022-03-28 01:58:39,542.26
2022-03-28 01:58:44,542.26
2022-03-28 01:58:49,542.33
2022-03-28 01:58:54,542.5223065899013
2022-03-28 01:58:59,542.45
2022-03-28 01:59:04,542.5104153222837
2022-03-28 01:59:09,542.48
2022-03-28 01:59:14,542.4984834408548
2022-03-28 01:59:19,542.55
2022-03-28 01:59:24,542.54
2022-03-28 01:59:29,542.54
2022-03-28 01:59:34,542.4733832130675
2022-03-28 01:59:39,542.54
2022-03-28 01:59:44,542.4608330991738
2022-03-28 01:59:49,542.61
2022-03-28 01:59:54,542.4482829852801
2022-03-28 01:59:59,542.4420079283333
2022-03-28 02:00:04,542.4357328713864
2022-03-28 02:00:09,542.54
2022-03-28 02:00:14,542.6
2022-03-28 02:00:19,542.416907700546
2022-03-28 02:00:24,542.54
2022-03-28 02:00:29,542.54
2022-03-28 02:00:34,542.54
2022-03-28 02:00:39,542.3918074727586
2022-03-28 02:00:44,542.3855324158118
2022-03-28 02:00:49,542.47
2022-03-28 02:00:54,542.44
2022-03-28 02:00:59,542.44
2022-03-28 02:01:04,542.37
2022-03-28 02:01:09,542.37
2022-03-28 02:01:14,542.37
2022-03-28 02:01:19,542.3
2022-03-28 02:01:24,542.3
2022-03-28 02:01:29,542.24
2022-03-28 02:01:34,542.21
2022-03-28 02:01:39,542.3165067893966
2022-03-28 02:01:44,542.14
2022-03-28 02:01:49,542.08
2022-03-28 02:01:54,542.2976816185561
2022-03-28 02:01:59,542.2914065616094
2022-03-28 02:02:04,541.92
2022-03-28 02:02:09,541.85
2022-03-28 02:02:14,541.85
2022-03-28 02:02:19,542.2663063338221
2022-03-28 02:02:24,541.79
2022-03-28 02:02:29,541.69
2022-03-28 02:02:34,541.62
2022-03-28 02:02:39,541.56
2022-03-28 02:02:44,542.2349310490879
2022-03-28 02:02:49,541.43
2022-03-28 02:02:54,541.4
2022-03-28 02:02:59,542.2161058782474
2022-03-28 02:03:04,541.27
2022-03-28 02:03:09,541.21
2022-03-28 02:03:14,541.17
2022-03-28 02:03:19,542.19100565046
2022-03-28 02:03:24,541.04
2022-03-28 02:03:29,541.04
2022-03-28 02:03:34,540.92
2022-03-28 02:03:39,540.92
2022-03-28 02:03:44,540.82
2022-03-28 02:03:49,542.153355308779
2022-03-28 02:03:54,542.1470802518322
2022-03-28 02:03:59,540.69
2022-03-28 02:04:04,542.1345301379386
2022-03-28 02:04:09,540.59
2022-03-28 02:04:14,542.1219800240449
2022-03-28 02:04:19,542.115704967098
2022-03-28 02:04:24,540.37
2022-03-28 02:04:29,540.24
2022-03-28 02:04:34,540.24
2022-03-28 02:04:39,542.0906047393107
2022-03-28 02:04:44,540.08
2022-03-28 02:04:49,542.078054625417
2022-03-28 02:04:54,542.0717795684702
2022-03-28 02:04:59,539.89
2022-03-28 02:05:04,539.79
2022-03-28 02:05:09,539.86
2022-03-28 02:05:14,542.0466793406829
2022-03-28 02:05:19,539.63
2022-03-28 02:05:24,539.63
2022-03-28 02:05:29,539.44
2022-03-28 02:05:34,539.44
2022-03-28 02:05:39,539.37
2022-03-28 02:05:44,542.0090289990019
2022-03-28 02:05:49,539.22
2022-03-28 02:05:54,539.15
2022-03-28 02:05:59,539.12
2022-03-28 02:06:04,538.99
2022-03-28 02:06:09,541.9776537142678
2022-03-28 02:06:14,538.93
2022-03-28 02:06:19,541.9651036003742
2022-03-28 02:06:24,538.83
2022-03-28 02:06:29,538.77
2022-03-28 02:06:34,538.7
2022-03-28 02:06:39,538.6
2022-03-28 02:06:44,538.54
2022-03-28 02:06:49,538.47
2022-03-28 02:06:54,541.9211782017463
2022-03-28 02:06:59,538.41
2022-03-28 02:07:04,538.31
2022-03-28 02:07:09,541.9023530309058
2022-03-28 02:07:14,538.25
2022-03-28 02:07:19,541.8898029170122
2022-03-28 02:07:24,541.8835278600653
2022-03-28 02:07:29,538.02
2022-03-28 02:07:34,541.8709777461717
2022-03-28 02:07:39,537.89
2022-03-28 02:07:44,537.83
2022-03-28 02:07:49,541.8521525753312
2022-03-28 02:07:54,541.8458775183843
2022-03-28 02:07:59,537.67
2022-03-28 02:08:04,541.8333274044907
2022-03-28 02:08:09,541.8270523475438
2022-03-28 02:08:14,541.820777290597
2022-03-28 02:08:19,537.44
2022-03-28 02:08:24,537.37
2022-03-28 02:08:29,541.8019521197565
2022-03-28 02:08:34,537.27
2022-03-28 02:08:39,537.27
2022-03-28 02:08:44,541.783126948916
2022-03-28 02:08:49,537.14
2022-03-28 02:08:54,537.08
2022-03-28 02:08:59,537.05
2022-03-28 02:09:04,536.98
2022-03-28 02:09:09,541.7517516641818
2022-03-28 02:09:14,536.85
2022-03-28 02:09:19,536.79
2022-03-28 02:09:24,536.75
2022-03-28 02:09:29,541.7266514363945
2022-03-28 02:09:34,536.69
2022-03-28 02:09:39,541.7141013225008
2022-03-28 02:09:44,536.55
2022-03-28 02:09:49,536.53
2022-03-28 02:09:54,536.46
2022-03-28 02:09:59,541.6890010947135
2022-03-28 02:10:04,536.45
2022-03-28 02:10:09,536.45
2022-03-28 02:10:14,536.39
2022-03-28 02:10:19,536.33
2022-03-28 02:10:24,536.33
2022-03-28 02:10:29,541.6513507530326
2022-03-28 02:10:34,536.32
2022-03-28 02:10:39,536.32
2022-03-28 02:10:44,536.32
2022-03-28 02:10:49,536.32
2022-03-28 02:10:54,541.6199754682984
2022-03-28 02:10:59,541.6137004113516
2022-03-28 02:11:04,541.6074253544048
2022-03-28 02:11:09,536.25
2022-03-28 02:11:14,536.25
2022-03-28 02:11:19,541.5886001835643
2022-03-28 02:11:24,541.5823251266174
2022-03-28 02:11:29,536.24
2022-03-28 02:11:34,541.5697750127238
2022-03-28 02:11:39,536.24
2022-03-28 02:11:44,541.5572248988301
2022-03-28 02:11:49,536.24
2022-03-28 02:11:54,536.3
2022-03-28 02:11:59,536.3
2022-03-28 02:12:04,541.5321246710428
2022-03-28 02:12:09,541.5258496140959
2022-03-28 02:12:14,536.43
2022-03-28 02:12:19,536.43
2022-03-28 02:12:24,536.49
2022-03-28 02:12:29,536.52
2022-03-28 02:12:34,536.52
2022-03-28 02:12:39,536.59
2022-03-28 02:12:44,541.4819242154681
2022-03-28 02:12:49,541.4756491585213
2022-03-28 02:12:54,541.4693741015744
2022-03-28 02:12:59,541.4630990446276
2022-03-28 02:13:04,536.87
2022-03-28 02:13:09,541.4505489307339
2022-03-28 02:13:14,537.0
2022-03-28 02:13:19,537.0
2022-03-28 02:13:24,537.1
2022-03-28 02:13:29,537.16
2022-03-28 02:13:34,541.4265796592185
2022-03-28 02:13:39,541.4227212515405
2022-03-28 02:13:44,537.38
2022-03-28 02:13:49,537.45
2022-03-28 02:13:54,537.55
2022-03-28 02:13:59,541.4072876208279
2022-03-28 02:14:04,537.67
2022-03-28 02:14:09,537.74
2022-03-28 02:14:14,541.3957123977934
2022-03-28 02:14:19,541.3918539901154
2022-03-28 02:14:24,541.3879955824372
2022-03-28 02:14:29,541.3841371747591
2022-03-28 02:14:34,538.19
2022-03-28 02:14:39,541.3764203594028
2022-03-28 02:14:44,541.3725619517246
2022-03-28 02:14:49,538.41
2022-03-28 02:14:54,541.3648451363683
2022-03-28 02:14:59,538.54
2022-03-28 02:15:04,538.64
2022-03-28 02:15:09,538.77
2022-03-28 02:15:14,538.8
2022-03-28 02:15:19,538.93
2022-03-28 02:15:24,538.99
2022-03-28 02:15:29,539.05
2022-03-28 02:15:34,541.3339778749432
2022-03-28 02:15:39,539.22
2022-03-28 02:15:44,539.28
2022-03-28 02:15:49,539.38
2022-03-28 02:15:54,541.3185442442307
2022-03-28 02:15:59,539.6
2022-03-28 02:16:04,541.3108274288744
2022-03-28 02:16:09,539.8
2022-03-28 02:16:14,539.89
2022-03-28 02:16:19,540.02
2022-03-28 02:16:24,540.18
2022-03-28 02:16:29,540.25
2022-03-28 02:16:34,541.2876769828056
2022-03-28 02:16:39,541.2838185751275
2022-03-28 02:16:44,541.2799601674493
2022-03-28 02:16:49,540.63
2022-03-28 02:16:54,540.7
2022-03-28 02:16:59,540.83
2022-03-28 02:17:04,540.86
2022-03-28 02:17:09,540.99
2022-03-28 02:17:14,541.2568097213805
2022-03-28 02:17:19,541.15
2022-03-28 02:17:24,541.28
2022-03-28 02:17:29,541.35
2022-03-28 02:17:34,541.38
2022-03-28 02:17:39,541.51
2022-03-28 02:17:44,541.57
2022-03-28 02:17:49,541.64
2022-03-28 02:17:54,541.67
2022-03-28 02:17:59,541.73
2022-03-28 02:18:04,541.73
2022-03-28 02:18:09,541.214367236921
2022-03-28 02:18:14,541.86
2022-03-28 02:18:19,541.96
2022-03-28 02:18:24,541.2027920138866
2022-03-28 02:18:29,541.1989336062085
2022-03-28 02:18:34,542.15
2022-03-28 02:18:39,542.15
2022-03-28 02:18:44,542.19
2022-03-28 02:18:49,542.25
2022-03-28 02:18:54,542.31
2022-03-28 02:18:59,542.38
2022-03-28 02:19:04,542.41
2022-03-28 02:19:09,541.1680663447834
2022-03-28 02:19:14,542.54
2022-03-28 02:19:19,542.6
2022-03-28 02:19:24,542.61
2022-03-28 02:19:29,542.67
2022-03-28 02:19:34,541.1487743063927
2022-03-28 02:19:39,542.7
2022-03-28 02:19:44,542.83
2022-03-28 02:19:49,542.89
2022-03-28 02:19:54,542.89
2022-03-28 02:19:59,542.93
2022-03-28 02:20:04,541.1256238603239
2022-03-28 02:20:09,542.93
2022-03-28 02:20:14,542.99
2022-03-28 02:20:19,541.1140486372894
2022-03-28 02:20:24,543.06
2022-03-28 02:20:29,543.06
2022-03-28 02:20:34,543.19
2022-03-28 02:20:39,543.18
2022-03-28 02:20:44,541.0947565988988
2022-03-28 02:20:49,541.0908981912206
2022-03-28 02:20:54,543.22
2022-03-28 02:20:59,541.0831813758643
2022-03-28 02:21:04,543.28
2022-03-28 02:21:09,541.0754645605081
2022-03-28 02:21:14,543.28
2022-03-28 02:21:19,543.28
2022-03-28 02:21:24,543.28
2022-03-28 02:21:29,543.28
2022-03-28 02:21:34,543.28
2022-03-28 02:21:39,543.28
2022-03-28 02:21:44,541.0484557067612
2022-03-28 02:21:49,541.044597299083
2022-03-28 02:21:54,543.22
2022-03-28 02:21:59,543.22
2022-03-28 02:22:04,541.0330220760486
2022-03-28 02:22:09,541.0291636683704
2022-03-28 02:22:14,541.0253052606923
2022-03-28 02:22:19,543.19
2022-03-28 02:22:24,543.19
2022-03-28 02:22:29,543.19
2022-03-28 02:22:34,543.19
2022-03-28 02:22:39,541.0060132223016
2022-03-28 02:22:44,543.19
2022-03-28 02:22:49,543.13
2022-03-28 02:22:54,543.13
2022-03-28 02:22:59,540.990579591589
2022-03-28 02:23:04,543.06
2022-03-28 02:23:09,543.0
2022-03-28 02:23:14,543.06
2022-03-28 02:23:19,543.0
2022-03-28 02:23:24,543.06
2022-03-28 02:23:29,543.0
2022-03-28 02:23:34,540.9635707378421
2022-03-28 02:23:39,540.9597123301639
2022-03-28 02:23:44,542.94
2022-03-28 02:23:49,542.91
2022-03-28 02:23:54,540.9481371071296
2022-03-28 02:23:59,542.84
2022-03-28 02:24:04,542.84
2022-03-28 02:24:09,542.78
2022-03-28 02:24:14,542.78
2022-03-28 02:24:19,540.9288450687388
2022-03-28 02:24:24,542.68
2022-03-28 02:24:29,542.62
2022-03-28 02:24:34,542.69
2022-03-28 02:24:39,540.9134114380264
2022-03-28 02:24:44,540.9095530303482
2022-03-28 02:24:49,542.56
2022-03-28 02:24:54,540.9018362149919
2022-03-28 02:24:59,542.56
2022-03-28 02:25:04,542.56
2022-03-28 02:25:09,540.8902609919576
2022-03-28 02:25:14,542.44
2022-03-28 02:25:19,540.8825441766013
2022-03-28 02:25:24,542.44
2022-03-28 02:25:29,542.44
2022-03-28 02:25:34,540.8709689535668
2022-03-28 02:25:39,542.41
2022-03-28 02:25:44,540.8632521382106
2022-03-28 02:25:49,542.34
2022-03-28 02:25:54,542.34
2022-03-28 02:25:59,540.8516769151762
2022-03-28 02:26:04,540.847818507498
2022-03-28 02:26:09,542.35
2022-03-28 02:26:14,542.28
2022-03-28 02:26:19,542.28
2022-03-28 02:26:24,540.8323848767855
2022-03-28 02:26:29,542.22
2022-03-28 02:26:34,542.19
2022-03-28 02:26:39,540.8208096537511
2022-03-28 02:26:44,540.8169512460729
2022-03-28 02:26:49,542.19
2022-03-28 02:26:54,540.8092344307166
2022-03-28 02:26:59,540.8053760230385
2022-03-28 02:27:04,540.8015176153604
2022-03-28 02:27:09,540.7976592076823
2022-03-28 02:27:14,542.13
2022-03-28 02:27:19,540.789942392326
2022-03-28 02:27:24,542.06
2022-03-28 02:27:29,542.0
2022-03-28 02:27:34,540.7397296107966
2022-03-28 02:27:39,542.0
2022-03-28 02:27:44,540.6934883224826
2022-03-28 02:27:49,541.94
2022-03-28 02:27:54,541.91
2022-03-28 02:27:59,541.91
2022-03-28 02:28:04,541.84
2022-03-28 02:28:09,541.84
2022-03-28 02:28:14,541.78
2022-03-28 02:28:19,540.5316438133832
2022-03-28 02:28:24,541.71
2022-03-28 02:28:29,540.4854025250692
2022-03-28 02:28:34,541.68
2022-03-28 02:28:39,541.62
2022-03-28 02:28:44,540.4160405925979
2022-03-28 02:28:49,541.49
2022-03-28 02:28:54,541.42
2022-03-28 02:28:59,541.39
2022-03-28 02:29:04,540.3235580159698
2022-03-28 02:29:09,541.27
2022-03-28 02:29:14,540.2773167276557
2022-03-28 02:29:19,541.17
2022-03-28 02:29:24,541.04
2022-03-28 02:29:29,541.04
2022-03-28 02:29:34,540.97
2022-03-28 02:29:39,540.91
2022-03-28 02:29:44,540.91
2022-03-28 02:29:49,540.81
2022-03-28 02:29:54,540.81
2022-03-28 02:29:59,540.0692309302423
2022-03-28 02:30:04,540.68
2022-03-28 02:30:09,540.68
2022-03-28 02:30:14,539.999868997771
2022-03-28 02:30:19,540.59
2022-03-28 02:30:24,540.52
2022-03-28 02:30:29,540.45
2022-03-28 02:30:34,539.9073864211429
2022-03-28 02:30:39,540.35
2022-03-28 02:30:44,540.29
2022-03-28 02:30:49,540.29
2022-03-28 02:30:54,540.22
2022-03-28 02:30:59,540.22
2022-03-28 02:31:04,540.16
2022-03-28 02:31:09,539.7455419120436
2022-03-28 02:31:14,539.7224212678865
2022-03-28 02:31:19,540.06
2022-03-28 02:31:24,540.0
2022-03-28 02:31:29,539.6530593354154
2022-03-28 02:31:34,539.93
2022-03-28 02:31:39,539.87
2022-03-28 02:31:44,539.84
2022-03-28 02:31:49,539.83
2022-03-28 02:31:54,539.77
2022-03-28 02:31:59,539.7
2022-03-28 02:32:04,539.64
2022-03-28 02:32:09,539.64
2022-03-28 02:32:14,539.6
2022-03-28 02:32:19,539.6
2022-03-28 02:32:24,539.3987322496878
2022-03-28 02:32:29,539.54
2022-03-28 02:32:34,539.54
2022-03-28 02:32:39,539.3293703172167
2022-03-28 02:32:44,539.47
2022-03-28 02:32:49,539.2831290289025
2022-03-28 02:32:54,539.47
2022-03-28 02:32:59,539.41
2022-03-28 02:33:04,539.41
2022-03-28 02:33:09,539.41
2022-03-28 02:33:14,539.1675258081174
2022-03-28 02:33:19,539.41
2022-03-28 02:33:24,539.1212845198032
2022-03-28 02:33:29,539.4
2022-03-28 02:33:34,539.41
2022-03-28 02:33:39,539.41
2022-03-28 02:33:44,539.028801943175
2022-03-28 02:33:49,539.005681299018
2022-03-28 02:33:54,539.34
2022-03-28 02:33:59,539.31
2022-03-28 02:34:04,539.31
2022-03-28 02:34:09,539.31
2022-03-28 02:34:14,539.31
2022-03-28 02:34:19,539.24
2022-03-28 02:34:24,538.8438367899187
2022-03-28 02:34:29,538.8207161457616
2022-03-28 02:34:34,539.11
2022-03-28 02:34:39,539.11
2022-03-28 02:34:44,539.08
2022-03-28 02:34:49,539.08
2022-03-28 02:34:54,538.7051129249763
2022-03-28 02:34:59,539.01
2022-03-28 02:35:04,538.6588716366622
2022-03-28 02:35:09,538.6357509925052
2022-03-28 02:35:14,538.89
2022-03-28 02:35:19,538.89
2022-03-28 02:35:24,538.566389060034
2022-03-28 02:35:29,538.79
2022-03-28 02:35:34,538.79
2022-03-28 02:35:39,538.73
2022-03-28 02:35:44,538.4739064834058
2022-03-28 02:35:49,538.73
2022-03-28 02:35:54,538.4276651950918
2022-03-28 02:35:59,538.4045445509347
2022-03-28 02:36:04,538.6
2022-03-28 02:36:09,538.6
2022-03-28 02:36:14,538.57
2022-03-28 02:36:19,538.5
2022-03-28 02:36:24,538.57
2022-03-28 02:36:29,538.5
2022-03-28 02:36:34,538.5
2022-03-28 02:36:39,538.2195793976783
2022-03-28 02:36:44,538.44
2022-03-28 02:36:49,538.37
2022-03-28 02:36:54,538.37
2022-03-28 02:36:59,538.37
2022-03-28 02:37:04,538.31
2022-03-28 02:37:09,538.31
2022-03-28 02:37:14,538.0577348885789
2022-03-28 02:37:19,538.31
2022-03-28 02:37:24,538.31
2022-03-28 02:37:29,538.28
2022-03-28 02:37:34,538.31
2022-03-28 02:37:39,538.31
2022-03-28 02:37:44,538.31
2022-03-28 02:37:49,537.8958903794796
2022-03-28 02:37:54,538.31
2022-03-28 02:37:59,538.32
2022-03-28 02:38:04,537.8265284470085
2022-03-28 02:38:09,538.38
2022-03-28 02:38:14,538.38
2022-03-28 02:38:19,538.38
2022-03-28 02:38:24,537.7340458703802
2022-03-28 02:38:29,538.38
2022-03-28 02:38:34,538.45
2022-03-28 02:38:39,538.45
2022-03-28 02:38:44,538.45
2022-03-28 02:38:49,538.51
2022-03-28 02:38:54,538.51
2022-03-28 02:38:59,538.51
2022-03-28 02:39:04,537.5490807171238
2022-03-28 02:39:09,538.58
2022-03-28 02:39:14,537.5028394288098
2022-03-28 02:39:19,538.61
2022-03-28 02:39:24,538.61
2022-03-28 02:39:29,538.68
2022-03-28 02:39:34,538.74
2022-03-28 02:39:39,538.74
2022-03-28 02:39:44,538.8
2022-03-28 02:39:49,538.84
2022-03-28 02:39:54,538.83
2022-03-28 02:39:59,538.83
2022-03-28 02:40:04,538.9
2022-03-28 02:40:09,538.96
2022-03-28 02:40:14,538.96
2022-03-28 02:40:19,539.03
2022-03-28 02:40:24,539.03
2022-03-28 02:40:29,539.09
2022-03-28 02:40:34,539.09
2022-03-28 02:40:39,539.09
2022-03-28 02:40:44,537.0866678339829
2022-03-28 02:40:49,537.0635471898258
2022-03-28 02:40:54,539.19
2022-03-28 02:40:59,537.0173059015117
2022-03-28 02:41:04,539.18
2022-03-28 02:41:09,539.18
2022-03-28 02:41:14,539.19
2022-03-28 02:41:19,539.18
2022-03-28 02:41:24,539.18
2022-03-28 02:41:29,539.18
2022-03-28 02:41:34,536.8859168278425
2022-03-28 02:41:39,539.18
2022-03-28 02:41:44,539.18
2022-03-28 02:41:49,539.11
2022-03-28 02:41:54,539.11
2022-03-28 02:41:59,539.11
2022-03-28 02:42:04,536.9401193369265
2022-03-28 02:42:09,539.11
2022-03-28 02:42:14,539.11
2022-03-28 02:42:19,536.9672205914686
2022-03-28 02:42:24,539.08
2022-03-28 02:42:29,539.01
2022-03-28 02:42:34,539.07
2022-03-28 02:42:39,537.0033555975245
2022-03-28 02:42:44,537.0123893490386
2022-03-28 02:42:49,539.01
2022-03-28 02:42:54,538.94
2022-03-28 02:42:59,538.94
2022-03-28 02:43:04,538.94
2022-03-28 02:43:09,538.94
2022-03-28 02:43:14,538.94
2022-03-28 02:43:19,538.94
2022-03-28 02:43:24,538.94
2022-03-28 02:43:29,538.94
2022-03-28 02:43:34,538.94
2022-03-28 02:43:39,538.87
2022-03-28 02:43:44,538.87
2022-03-28 02:43:49,537.1298281187206
2022-03-28 02:43:54,538.87
2022-03-28 02:43:59,538.87
2022-03-28 02:44:04,538.86
2022-03-28 02:44:09,538.86
2022-03-28 02:44:14,537.1749968762907
2022-03-28 02:44:19,538.86
2022-03-28 02:44:24,538.86
2022-03-28 02:44:29,537.2020981308327
2022-03-28 02:44:34,538.86
2022-03-28 02:44:39,537.2201656338607
2022-03-28 02:44:44,538.86
2022-03-28 02:44:49,538.86
2022-03-28 02:44:54,537.2472668884027
2022-03-28 02:44:59,538.86
2022-03-28 02:45:04,538.86
2022-03-28 02:45:09,538.86
2022-03-28 02:45:14,538.86
2022-03-28 02:45:19,537.2924356459728
2022-03-28 02:45:24,538.92
2022-03-28 02:45:29,538.92
2022-03-28 02:45:34,538.92
2022-03-28 02:45:39,538.92
2022-03-28 02:45:44,538.98
2022-03-28 02:45:49,537.3466381550568
2022-03-28 02:45:54,538.98
2022-03-28 02:45:59,537.3647056580847
2022-03-28 02:46:04,538.98
2022-03-28 02:46:09,538.98
2022-03-28 02:46:14,538.98
2022-03-28 02:46:19,537.4008406641408
2022-03-28 02:46:24,538.98
2022-03-28 02:46:29,538.98
2022-03-28 02:46:34,539.05
2022-03-28 02:46:39,539.04
2022-03-28 02:46:44,537.4460094217108
2022-03-28 02:46:49,539.08
2022-03-28 02:46:54,539.14
2022-03-28 02:46:59,539.08
2022-03-28 02:47:04,539.08
2022-03-28 02:47:09,539.14
2022-03-28 02:47:14,539.14
2022-03-28 02:47:19,539.14
2022-03-28 02:47:24,537.5182794338228
2022-03-28 02:47:29,539.21
2022-03-28 02:47:34,539.27
2022-03-28 02:47:39,539.3
2022-03-28 02:47:44,539.31
2022-03-28 02:47:49,537.5634481913928
2022-03-28 02:47:54,539.31
2022-03-28 02:47:59,539.37
2022-03-28 02:48:04,539.37
2022-03-28 02:48:09,539.44
2022-03-28 02:48:14,539.5
2022-03-28 02:48:19,539.57
2022-03-28 02:48:24,539.56
2022-03-28 02:48:29,539.6
2022-03-28 02:48:34,539.6
2022-03-28 02:48:39,537.6537857065329
2022-03-28 02:48:44,539.73
2022-03-28 02:48:49,539.79
2022-03-28 02:48:54,537.680886961075
2022-03-28 02:48:59,537.6899207125889
2022-03-28 02:49:04,539.83
2022-03-28 02:49:09,539.83
2022-03-28 02:49:14,537.7170219671309
2022-03-28 02:49:19,539.83
2022-03-28 02:49:24,539.83
2022-03-28 02:49:29,539.89
2022-03-28 02:49:34,537.753156973187
2022-03-28 02:49:39,539.96
2022-03-28 02:49:44,537.771224476215
2022-03-28 02:49:49,539.96
2022-03-28 02:49:54,537.789291979243
2022-03-28 02:49:59,537.798325730757
2022-03-28 02:50:04,540.03
2022-03-28 02:50:09,537.816393233785
2022-03-28 02:50:14,537.825426985299
2022-03-28 02:50:19,537.834460736813
2022-03-28 02:50:24,537.843494488327
2022-03-28 02:50:29,537.852528239841
2022-03-28 02:50:34,540.12
2022-03-28 02:50:39,540.12
2022-03-28 02:50:44,540.12
2022-03-28 02:50:49,540.13
2022-03-28 02:50:54,540.12
2022-03-28 02:50:59,537.906730748925
2022-03-28 02:51:04,540.13
2022-03-28 02:51:09,540.13
2022-03-28 02:51:14,540.13
2022-03-28 02:51:19,537.9428657549811
2022-03-28 02:51:24,537.951899506495
2022-03-28 02:51:29,537.960933258009
2022-03-28 02:51:34,540.13
2022-03-28 02:51:39,537.9790007610371
2022-03-28 02:51:44,537.988034512551
2022-03-28 02:51:49,537.9970682640651
2022-03-28 02:51:54,540.13
2022-03-28 02:51:59,538.015135767093
2022-03-28 02:52:04,540.26
2022-03-28 02:52:09,540.2
2022-03-28 02:52:14,538.0422370216351
2022-03-28 02:52:19,540.2
2022-03-28 02:52:24,540.2
2022-03-28 02:52:29,540.2
2022-03-28 02:52:34,540.26
2022-03-28 02:52:39,540.26
2022-03-28 02:52:44,540.26
2022-03-28 02:52:49,540.27
2022-03-28 02:52:54,540.27
2022-03-28 02:52:59,540.27
2022-03-28 02:53:04,538.1325745367751
2022-03-28 02:53:09,538.1416082882891
2022-03-28 02:53:14,540.33
2022-03-28 02:53:19,540.33
2022-03-28 02:53:24,540.33
2022-03-28 02:53:29,538.1777432943452
2022-03-28 02:53:34,538.1867770458592
2022-03-28 02:53:39,540.33
2022-03-28 02:53:44,538.2048445488872
2022-03-28 02:53:49,540.27
2022-03-28 02:53:54,540.27
2022-03-28 02:53:59,540.27
2022-03-28 02:54:04,540.27
2022-03-28 02:54:09,540.2
2022-03-28 02:54:14,540.27
2022-03-28 02:54:19,540.27
2022-03-28 02:54:24,540.27
2022-03-28 02:54:29,540.2
2022-03-28 02:54:34,540.27
2022-03-28 02:54:39,538.3042158155413
2022-03-28 02:54:44,540.27
2022-03-28 02:54:49,538.3222833185692
2022-03-28 02:54:54,540.27
2022-03-28 02:54:59,540.27
2022-03-28 02:55:04,540.27
2022-03-28 02:55:09,538.3584183246253
2022-03-28 02:55:14,540.27
2022-03-28 02:55:19,540.21
2022-03-28 02:55:24,540.27
2022-03-28 02:55:29,538.3945533306813
2022-03-28 02:55:34,540.21
2022-03-28 02:55:39,540.21
2022-03-28 02:55:44,540.15
2022-03-28 02:55:49,540.11
2022-03-28 02:55:54,540.11
2022-03-28 02:55:59,538.3981266608993
2022-03-28 02:56:04,540.05
2022-03-28 02:56:09,539.99
2022-03-28 02:56:14,538.3941572464254
2022-03-28 02:56:19,539.99
2022-03-28 02:56:24,539.99
2022-03-28 02:56:29,539.99
2022-03-28 02:56:34,539.86
2022-03-28 02:56:39,539.86
2022-03-28 02:56:44,538.3862184174777
2022-03-28 02:56:49,539.83
2022-03-28 02:56:54,539.83
2022-03-28 02:56:59,539.7
2022-03-28 02:57:04,538.380925864846
2022-03-28 02:57:09,538.379602726688
2022-03-28 02:57:14,539.64
2022-03-28 02:57:19,539.64
2022-03-28 02:57:24,538.3756333122141
2022-03-28 02:57:29,539.61
2022-03-28 02:57:34,539.55
2022-03-28 02:57:39,538.3716638977403
2022-03-28 02:57:44,539.48
2022-03-28 02:57:49,539.49
2022-03-28 02:57:54,538.3676944832664
2022-03-28 02:57:59,539.55
2022-03-28 02:58:04,538.3650482069505
2022-03-28 02:58:09,538.3637250687925
2022-03-28 02:58:14,538.3624019306346
2022-03-28 02:58:19,539.43
2022-03-28 02:58:24,539.43
2022-03-28 02:58:29,539.49
2022-03-28 02:58:34,538.3571093780029
2022-03-28 02:58:39,539.37
2022-03-28 02:58:44,539.43
2022-03-28 02:58:49,539.43
2022-03-28 02:58:54,539.43
2022-03-28 02:58:59,539.43
2022-03-28 02:59:04,539.43
2022-03-28 02:59:09,539.43
2022-03-28 02:59:14,538.3465242727392
2022-03-28 02:59:19,539.44
2022-03-28 02:59:24,539.44
2022-03-28 02:59:29,539.44
2022-03-28 02:59:34,539.44
2022-03-28 02:59:39,538.3399085819494
2022-03-28 02:59:44,538.3385854437915
2022-03-28 02:59:49,538.3372623056335
2022-03-28 02:59:54,538.3359391674755
2022-03-28 02:59:59,539.44
2022-03-28 03:00:04,538.3332928911597
2022-03-28 03:00:09,539.51
2022-03-28 03:00:14,539.51
2022-03-28 03:00:19,539.57
2022-03-28 03:00:24,539.51
2022-03-28 03:00:29,539.51
2022-03-28 03:00:34,539.44
2022-03-28 03:00:39,539.45
2022-03-28 03:00:44,538.3227077858961
2022-03-28 03:00:49,539.51
2022-03-28 03:00:54,539.51
2022-03-28 03:00:59,538.3187383714222
2022-03-28 03:01:04,539.51
2022-03-28 03:01:09,539.45
2022-03-28 03:01:14,538.3147689569483
2022-03-28 03:01:19,539.51
2022-03-28 03:01:24,539.45
2022-03-28 03:01:29,539.44
2022-03-28 03:01:34,539.45
2022-03-28 03:01:39,538.3081532661587
2022-03-28 03:01:44,539.45
2022-03-28 03:01:49,539.51
2022-03-28 03:01:54,538.3041838516848
2022-03-28 03:01:59,539.45
2022-03-28 03:02:04,539.45
2022-03-28 03:02:09,538.3002144372109
2022-03-28 03:02:14,538.298891299053
2022-03-28 03:02:19,539.38
2022-03-28 03:02:24,539.38
2022-03-28 03:02:29,539.38
2022-03-28 03:02:34,539.38
2022-03-28 03:02:39,539.38
2022-03-28 03:02:44,539.35
2022-03-28 03:02:49,539.34
2022-03-28 03:02:54,539.28
2022-03-28 03:02:59,539.28
2022-03-28 03:03:04,539.28
2022-03-28 03:03:09,539.28
2022-03-28 03:03:14,538.2830136411576
2022-03-28 03:03:19,539.28
2022-03-28 03:03:24,539.21
2022-03-28 03:03:29,539.21
2022-03-28 03:03:34,538.2777210885258
2022-03-28 03:03:39,538.2763979503678
2022-03-28 03:03:44,539.21
2022-03-28 03:03:49,539.15
2022-03-28 03:03:54,539.21
2022-03-28 03:03:59,538.271105397736
2022-03-28 03:04:04,539.14
2022-03-28 03:04:09,538.2684591214202
2022-03-28 03:04:14,539.14
2022-03-28 03:04:19,538.2658128451042
2022-03-28 03:04:24,538.2644897069463
2022-03-28 03:04:29,539.14
2022-03-28 03:04:34,539.11
2022-03-28 03:04:39,538.2605202924724
2022-03-28 03:04:44,538.2591971543145
2022-03-28 03:04:49,539.14
2022-03-28 03:04:54,538.2565508779986
2022-03-28 03:04:59,539.2
2022-03-28 03:05:04,539.1
2022-03-28 03:05:09,538.2525814635247
2022-03-28 03:05:14,539.14
2022-03-28 03:05:19,539.14
2022-03-28 03:05:24,539.13
2022-03-28 03:05:29,539.2
2022-03-28 03:05:34,539.13
2022-03-28 03:05:39,538.244642634577
2022-03-28 03:05:44,539.1
2022-03-28 03:05:49,539.13
2022-03-28 03:05:54,538.2406732201032
2022-03-28 03:05:59,539.19
2022-03-28 03:06:04,539.13
2022-03-28 03:06:09,538.2367038056293
2022-03-28 03:06:14,538.2353806674713
2022-03-28 03:06:19,539.13
2022-03-28 03:06:24,538.2327343911554
2022-03-28 03:06:29,539.13
2022-03-28 03:06:34,539.19
2022-03-28 03:06:39,539.19
2022-03-28 03:06:44,539.19
2022-03-28 03:06:49,538.2261187003658
2022-03-28 03:06:54,539.25
2022-03-28 03:06:59,538.2234724240498
2022-03-28 03:07:04,538.2221492858919
2022-03-28 03:07:09,538.2208261477339
2022-03-28 03:07:14,539.32
2022-03-28 03:07:19,539.35
2022-03-28 03:07:24,538.2168567332601
2022-03-28 03:07:29,539.35
2022-03-28 03:07:34,539.41
2022-03-28 03:07:39,538.2128873187862
2022-03-28 03:07:44,539.48
2022-03-28 03:07:49,538.2102410424703
2022-03-28 03:07:54,539.54
2022-03-28 03:07:59,538.2075947661544
2022-03-28 03:08:04,539.61
2022-03-28 03:08:09,538.2049484898384
2022-03-28 03:08:14,539.6
2022-03-28 03:08:19,539.64
2022-03-28 03:08:24,539.64
2022-03-28 03:08:29,539.7
2022-03-28 03:08:34,539.64
2022-03-28 03:08:39,539.77
2022-03-28 03:08:44,538.1956865227328
2022-03-28 03:08:49,539.83
2022-03-28 03:08:54,539.83
2022-03-28 03:08:59,539.84
2022-03-28 03:09:04,539.86
2022-03-28 03:09:09,538.1890708319431
2022-03-28 03:09:14,539.93
2022-03-28 03:09:19,538.1864245556272
2022-03-28 03:09:24,540.0
2022-03-28 03:09:29,540.0
2022-03-28 03:09:34,538.1824551411534
2022-03-28 03:09:39,540.06
2022-03-28 03:09:44,540.06
2022-03-28 03:09:49,540.13
2022-03-28 03:09:54,538.136343309059
2022-03-28 03:09:59,538.1205951004963
2022-03-28 03:10:04,540.16
2022-03-28 03:10:09,540.16
2022-03-28 03:10:14,540.16
2022-03-28 03:10:19,538.0576022662453
2022-03-28 03:10:24,540.22
2022-03-28 03:10:29,538.0261058491199
2022-03-28 03:10:34,540.29
2022-03-28 03:10:39,537.9946094319944
2022-03-28 03:10:44,537.9788612234316
2022-03-28 03:10:49,540.35
2022-03-28 03:10:54,537.9473648063062
2022-03-28 03:10:59,540.35
2022-03-28 03:11:04,537.9158683891807
2022-03-28 03:11:09,540.39
2022-03-28 03:11:14,540.39
2022-03-28 03:11:19,540.35
2022-03-28 03:11:24,540.38
2022-03-28 03:11:29,537.837127346367
2022-03-28 03:11:34,540.38
2022-03-28 03:11:39,537.8056309292415
2022-03-28 03:11:44,537.7898827206787
2022-03-28 03:11:49,540.45
2022-03-28 03:11:54,540.45
2022-03-28 03:11:59,540.45
2022-03-28 03:12:04,537.7268898864278
2022-03-28 03:12:09,540.51
2022-03-28 03:12:14,537.6953934693023
2022-03-28 03:12:19,540.51
2022-03-28 03:12:24,537.6638970521768
2022-03-28 03:12:29,537.6481488436141
2022-03-28 03:12:34,540.58
2022-03-28 03:12:39,540.51
2022-03-28 03:12:44,537.6009042179259
2022-03-28 03:12:49,540.51
2022-03-28 03:12:54,540.51
2022-03-28 03:12:59,540.51
2022-03-28 03:13:04,537.5379113836749
2022-03-28 03:13:09,540.51
2022-03-28 03:13:14,540.51
2022-03-28 03:13:19,540.5
2022-03-28 03:13:24,537.474918549424
2022-03-28 03:13:29,540.5
2022-03-28 03:13:34,540.5
2022-03-28 03:13:39,540.5
2022-03-28 03:13:44,540.5
2022-03-28 03:13:49,540.5
2022-03-28 03:13:54,537.3804292980476
2022-03-28 03:13:59,537.3646810894849
2022-03-28 03:14:04,540.43
2022-03-28 03:14:09,540.43
2022-03-28 03:14:14,540.43
2022-03-28 03:14:19,540.43
2022-03-28 03:14:24,540.43
2022-03-28 03:14:29,537.2701918381084
2022-03-28 03:14:34,540.36
2022-03-28 03:14:39,540.36
2022-03-28 03:14:44,540.36
2022-03-28 03:14:49,537.2071990038575
2022-03-28 03:14:54,540.36
2022-03-28 03:14:59,540.32
2022-03-28 03:15:04,537.1599543781692
2022-03-28 03:15:09,537.1442061696065
2022-03-28 03:15:14,537.1284579610438
2022-03-28 03:15:19,540.32
2022-03-28 03:15:24,537.0969615439183
2022-03-28 03:15:29,537.0812133353555
2022-03-28 03:15:34,540.32
2022-03-28 03:15:39,540.32
2022-03-28 03:15:44,537.0339687096673
2022-03-28 03:15:49,540.25
2022-03-28 03:15:54,537.0024722925418
2022-03-28 03:15:59,540.25
2022-03-28 03:16:04,536.9709758754163
2022-03-28 03:16:09,540.24
2022-03-28 03:16:14,540.18
2022-03-28 03:16:19,540.18
2022-03-28 03:16:24,540.24
2022-03-28 03:16:29,536.8922348326026
2022-03-28 03:16:34,540.3
2022-03-28 03:16:39,540.24
2022-03-28 03:16:44,536.8449902069144
2022-03-28 03:16:49,540.3
2022-03-28 03:16:54,540.3
2022-03-28 03:16:59,536.7977455812262
2022-03-28 03:17:04,540.3
2022-03-28 03:17:09,536.7662491641007
2022-03-28 03:17:14,540.3
2022-03-28 03:17:19,540.29
2022-03-28 03:17:24,540.29
2022-03-28 03:17:29,540.23
2022-03-28 03:17:34,540.23
2022-03-28 03:17:39,540.17
2022-03-28 03:17:44,536.6560117041615
2022-03-28 03:17:49,540.1
2022-03-28 03:17:54,540.07
2022-03-28 03:17:59,540.07
2022-03-28 03:18:04,540.0
2022-03-28 03:18:09,536.5772706613478
2022-03-28 03:18:14,539.87
2022-03-28 03:18:19,539.87
2022-03-28 03:18:24,539.81
2022-03-28 03:18:29,536.5142778270969
2022-03-28 03:18:34,539.71
2022-03-28 03:18:39,539.71
2022-03-28 03:18:44,536.4670332014086
2022-03-28 03:18:49,539.55
2022-03-28 03:18:54,539.55
2022-03-28 03:18:59,539.48
2022-03-28 03:19:04,536.4040403671577
2022-03-28 03:19:09,539.35
2022-03-28 03:19:14,536.3725439500322
2022-03-28 03:19:19,539.26
2022-03-28 03:19:24,539.19
2022-03-28 03:19:29,539.06
2022-03-28 03:19:34,536.3095511157812
2022-03-28 03:19:39,538.97
2022-03-28 03:19:44,538.9
2022-03-28 03:19:49,536.262306490093
2022-03-28 03:19:54,538.77
2022-03-28 03:19:59,538.74
2022-03-28 03:20:04,538.67
2022-03-28 03:20:09,538.55
2022-03-28 03:20:14,536.1835654472793
2022-03-28 03:20:19,536.1678172387166
2022-03-28 03:20:24,538.39
2022-03-28 03:20:29,538.32
2022-03-28 03:20:34,538.22
2022-03-28 03:20:39,538.16
2022-03-28 03:20:44,538.03
2022-03-28 03:20:49,536.0733279873401
2022-03-28 03:20:54,537.94
2022-03-28 03:20:59,536.0418315702146
2022-03-28 03:21:04,537.71
2022-03-28 03:21:09,537.65
2022-03-28 03:21:14,535.9945869445264
2022-03-28 03:21:19,535.9788387359637
2022-03-28 03:21:24,537.36
2022-03-28 03:21:29,537.29
2022-03-28 03:21:34,537.2
2022-03-28 03:21:39,535.9158459017127
2022-03-28 03:21:44,537.0
2022-03-28 03:21:49,536.91
2022-03-28 03:21:54,536.84
2022-03-28 03:21:59,536.84
2022-03-28 03:22:04,536.68
2022-03-28 03:22:09,536.68
2022-03-28 03:22:14,536.55
2022-03-28 03:22:19,536.55
2022-03-28 03:22:24,536.49
2022-03-28 03:22:29,535.7583638160854
2022-03-28 03:22:34,535.7426156075226
2022-03-28 03:22:39,535.7268673989599
2022-03-28 03:22:44,536.26
2022-03-28 03:22:49,536.2
2022-03-28 03:22:54,536.17
2022-03-28 03:22:59,535.663874564709
2022-03-28 03:23:04,536.1
2022-03-28 03:23:09,536.04
2022-03-28 03:23:14,536.04
2022-03-28 03:23:19,535.97
2022-03-28 03:23:24,535.5851335218953
2022-03-28 03:23:29,535.5693853133325
2022-03-28 03:23:34,535.5536371047698
2022-03-28 03:23:39,535.94
2022-03-28 03:23:44,535.94
2022-03-28 03:23:49,535.5214751554159
2022-03-28 03:23:54,535.5252884890026
2022-03-28 03:23:59,535.88
2022-03-28 03:24:04,535.88
2022-03-28 03:24:09,535.5367284897625
2022-03-28 03:24:14,535.81
2022-03-28 03:24:19,535.75
2022-03-28 03:24:24,535.75
2022-03-28 03:24:29,535.75
2022-03-28 03:24:34,535.68
2022-03-28 03:24:39,535.69
2022-03-28 03:24:44,535.69
2022-03-28 03:24:49,535.5672351584558
2022-03-28 03:24:54,535.75
2022-03-28 03:24:59,535.574861825629
2022-03-28 03:25:04,535.75
2022-03-28 03:25:09,535.69
2022-03-28 03:25:14,535.69
2022-03-28 03:25:19,535.5901151599757
2022-03-28 03:25:24,535.75
2022-03-28 03:25:29,535.597741827149
2022-03-28 03:25:34,535.75
2022-03-28 03:25:39,535.75
2022-03-28 03:25:44,535.82
2022-03-28 03:25:49,535.6129951614956
2022-03-28 03:25:54,535.82
2022-03-28 03:25:59,535.6206218286688
2022-03-28 03:26:04,535.82
2022-03-28 03:26:09,535.6282484958422
2022-03-28 03:26:14,535.6320618294288
2022-03-28 03:26:19,535.6358751630155
2022-03-28 03:26:24,535.95
2022-03-28 03:26:29,535.95
2022-03-28 03:26:34,535.95
2022-03-28 03:26:39,535.98
2022-03-28 03:26:44,536.04
2022-03-28 03:26:49,535.98
2022-03-28 03:26:54,535.662568498122
2022-03-28 03:26:59,535.6663818317087
2022-03-28 03:27:04,536.04
2022-03-28 03:27:09,536.11
2022-03-28 03:27:14,536.04
2022-03-28 03:27:19,535.6816351660553
2022-03-28 03:27:24,536.11
2022-03-28 03:27:29,535.6892618332287
2022-03-28 03:27:34,535.6930751668153
2022-03-28 03:27:39,535.696888500402
2022-03-28 03:27:44,536.21
2022-03-28 03:27:49,536.21
2022-03-28 03:27:54,536.27
2022-03-28 03:27:59,536.27
2022-03-28 03:28:04,535.7159551683352
2022-03-28 03:28:09,536.34
2022-03-28 03:28:14,536.34
2022-03-28 03:28:19,536.4
2022-03-28 03:28:24,535.7312085026819
2022-03-28 03:28:29,535.7350218362685
2022-03-28 03:28:34,536.47
2022-03-28 03:28:39,535.7426485034418
2022-03-28 03:28:44,535.7464618370285
2022-03-28 03:28:49,536.5
2022-03-28 03:28:54,536.5
2022-03-28 03:28:59,536.51
2022-03-28 03:29:04,536.57
2022-03-28 03:29:09,536.57
2022-03-28 03:29:14,536.57
2022-03-28 03:29:19,536.64
2022-03-28 03:29:24,536.64
2022-03-28 03:29:29,536.7
2022-03-28 03:29:34,536.64
2022-03-28 03:29:39,536.7
2022-03-28 03:29:44,536.7
2022-03-28 03:29:49,536.71
2022-03-28 03:29:54,536.74
2022-03-28 03:29:59,536.74
2022-03-28 03:30:04,536.8
2022-03-28 03:30:09,536.8
2022-03-28 03:30:14,536.81
2022-03-28 03:30:19,536.81
2022-03-28 03:30:24,535.8227285087615
2022-03-28 03:30:29,536.87
2022-03-28 03:30:34,536.87
2022-03-28 03:30:39,536.87
2022-03-28 03:30:44,535.8379818431081
2022-03-28 03:30:49,536.94
2022-03-28 03:30:54,536.94
2022-03-28 03:30:59,536.94
2022-03-28 03:31:04,537.0
2022-03-28 03:31:09,536.94
2022-03-28 03:31:14,537.0
2022-03-28 03:31:19,537.01
2022-03-28 03:31:24,537.0
2022-03-28 03:31:29,537.01
2022-03-28 03:31:34,535.8761151789747
2022-03-28 03:31:39,535.8799285125614
2022-03-28 03:31:44,537.1
2022-03-28 03:31:49,537.04
2022-03-28 03:31:54,537.04
2022-03-28 03:31:59,537.1
2022-03-28 03:32:04,537.1
2022-03-28 03:32:09,537.1
2022-03-28 03:32:14,535.9066218476679
2022-03-28 03:32:19,537.1
2022-03-28 03:32:24,537.17
2022-03-28 03:32:29,537.17
2022-03-28 03:32:34,535.9218751820146
2022-03-28 03:32:39,537.17
2022-03-28 03:32:44,535.9295018491878
2022-03-28 03:32:49,535.9333151827744
2022-03-28 03:32:54,535.9371285163611
2022-03-28 03:32:59,537.24
2022-03-28 03:33:04,537.27
2022-03-28 03:33:09,537.27
2022-03-28 03:33:14,537.33
2022-03-28 03:33:19,537.33
2022-03-28 03:33:24,537.4
2022-03-28 03:33:29,537.4
2022-03-28 03:33:34,537.46
2022-03-28 03:33:39,535.971448518641
2022-03-28 03:33:44,537.53
2022-03-28 03:33:49,535.9790751858143
2022-03-28 03:33:54,537.56
2022-03-28 03:33:59,537.53
2022-03-28 03:34:04,535.9905151865743
2022-03-28 03:34:09,537.56
2022-03-28 03:34:14,535.9981418537476
2022-03-28 03:34:19,536.0019551873343
2022-03-28 03:34:24,537.62
2022-03-28 03:34:29,537.69
2022-03-28 03:34:34,537.69
2022-03-28 03:34:39,537.75
2022-03-28 03:34:44,537.75
2022-03-28 03:34:49,537.75
2022-03-28 03:34:54,536.0286485224408
2022-03-28 03:34:59,536.0324618560275
2022-03-28 03:35:04,537.85
2022-03-28 03:35:09,537.91
2022-03-28 03:35:14,537.91
2022-03-28 03:35:19,537.97
2022-03-28 03:35:24,537.97
2022-03-28 03:35:29,537.97
2022-03-28 03:35:34,538.04
2022-03-28 03:35:39,538.07
2022-03-28 03:35:44,538.07
2022-03-28 03:35:49,538.13
2022-03-28 03:35:54,536.0744085254806
2022-03-28 03:35:59,538.19
2022-03-28 03:36:04,538.2
2022-03-28 03:36:09,538.26
2022-03-28 03:36:14,538.29
2022-03-28 03:36:19,538.29
2022-03-28 03:36:24,538.35
2022-03-28 03:36:29,538.35
2022-03-28 03:36:34,536.1049151941738
2022-03-28 03:36:39,538.48
2022-03-28 03:36:44,538.48
2022-03-28 03:36:49,538.55
2022-03-28 03:36:54,538.55
2022-03-28 03:36:59,538.58
2022-03-28 03:37:04,538.64
2022-03-28 03:37:09,538.64
2022-03-28 03:37:14,538.64
2022-03-28 03:37:19,538.64
2022-03-28 03:37:24,538.71
2022-03-28 03:37:29,538.71
2022-03-28 03:37:34,538.7
2022-03-28 03:37:39,538.7
2022-03-28 03:37:44,538.77
2022-03-28 03:37:49,538.71
2022-03-28 03:37:54,536.1598002267486
2022-03-28 03:37:59,538.7
2022-03-28 03:38:04,536.150220499643
2022-03-28 03:38:09,536.1454306360902
2022-03-28 03:38:14,536.1406407725374
2022-03-28 03:38:19,538.76
2022-03-28 03:38:24,538.8
2022-03-28 03:38:29,536.1262711818789
2022-03-28 03:38:34,538.86
2022-03-28 03:38:39,536.1166914547732
2022-03-28 03:38:44,538.8
2022-03-28 03:38:49,538.86
2022-03-28 03:38:54,536.1023218641147
2022-03-28 03:38:59,538.93
2022-03-28 03:39:04,538.86
2022-03-28 03:39:09,538.86
2022-03-28 03:39:14,538.92
2022-03-28 03:39:19,538.92
2022-03-28 03:39:24,536.0735826827979
2022-03-28 03:39:29,538.86
2022-03-28 03:39:34,538.92
2022-03-28 03:39:39,536.0592130921394
2022-03-28 03:39:44,538.92
2022-03-28 03:39:49,538.86
2022-03-28 03:39:54,538.86
2022-03-28 03:39:59,538.92
2022-03-28 03:40:04,538.86
2022-03-28 03:40:09,538.86
2022-03-28 03:40:14,538.86
2022-03-28 03:40:19,538.86
2022-03-28 03:40:24,536.016104320164
2022-03-28 03:40:29,538.8
2022-03-28 03:40:34,538.86
2022-03-28 03:40:39,538.86
2022-03-28 03:40:44,538.86
2022-03-28 03:40:49,538.86
2022-03-28 03:40:54,538.92
2022-03-28 03:40:59,535.9825752752943
2022-03-28 03:41:04,538.86
2022-03-28 03:41:09,538.86
2022-03-28 03:41:14,538.86
2022-03-28 03:41:19,538.86
2022-03-28 03:41:24,538.86
2022-03-28 03:41:29,535.9538360939773
2022-03-28 03:41:34,538.86
2022-03-28 03:41:39,538.86
2022-03-28 03:41:44,538.86
2022-03-28 03:41:49,538.86
2022-03-28 03:41:54,538.86
2022-03-28 03:41:59,538.86
2022-03-28 03:42:04,538.86
2022-03-28 03:42:09,538.93
2022-03-28 03:42:14,535.910727322002
2022-03-28 03:42:19,538.93
2022-03-28 03:42:24,538.87
2022-03-28 03:42:29,538.93
2022-03-28 03:42:34,538.93
2022-03-28 03:42:39,538.93
2022-03-28 03:42:44,538.93
2022-03-28 03:42:49,538.93
2022-03-28 03:42:54,538.93
2022-03-28 03:42:59,538.93
2022-03-28 03:43:04,538.93
2022-03-28 03:43:09,535.858038822921
2022-03-28 03:43:14,535.8532489593681
2022-03-28 03:43:19,538.87
2022-03-28 03:43:24,538.87
2022-03-28 03:43:29,538.87
2022-03-28 03:43:34,538.87
2022-03-28 03:43:39,538.87
2022-03-28 03:43:44,538.87
2022-03-28 03:43:49,538.87
2022-03-28 03:43:54,538.87
2022-03-28 03:43:59,538.94
2022-03-28 03:44:04,535.8053503238399
2022-03-28 03:44:09,535.8005604602871
2022-03-28 03:44:14,538.88
2022-03-28 03:44:19,538.88
2022-03-28 03:44:24,538.87
2022-03-28 03:44:29,538.87
2022-03-28 03:44:34,538.87
2022-03-28 03:44:39,538.88
2022-03-28 03:44:44,538.81
2022-03-28 03:44:49,538.81
2022-03-28 03:44:54,535.7574516883117
2022-03-28 03:44:59,535.7526618247589
2022-03-28 03:45:04,538.81
2022-03-28 03:45:09,535.7430820976533
2022-03-28 03:45:14,535.7382922341004
2022-03-28 03:45:19,538.78
2022-03-28 03:45:24,535.7287125069948
2022-03-28 03:45:29,538.81
2022-03-28 03:45:34,538.81
2022-03-28 03:45:39,535.7143429163364
2022-03-28 03:45:44,538.78
2022-03-28 03:45:49,538.81
2022-03-28 03:45:54,538.81
2022-03-28 03:45:59,535.6951834621251
2022-03-28 03:46:04,538.81
2022-03-28 03:46:09,535.6856037350194
2022-03-28 03:46:14,538.81
2022-03-28 03:46:19,535.6760240079138
2022-03-28 03:46:24,538.87
2022-03-28 03:46:29,538.81
2022-03-28 03:46:34,538.81
2022-03-28 03:46:39,538.81
2022-03-28 03:46:44,535.6520746901497
2022-03-28 03:46:49,535.6472848265969
2022-03-28 03:46:54,535.6424949630441
2022-03-28 03:46:59,535.6377050994912
2022-03-28 03:47:04,538.87
2022-03-28 03:47:09,538.87
2022-03-28 03:47:14,535.6233355088327
2022-03-28 03:47:19,535.6185456452799
2022-03-28 03:47:24,538.87
2022-03-28 03:47:29,538.86
2022-03-28 03:47:34,538.86
2022-03-28 03:47:39,538.86
2022-03-28 03:47:44,538.92
2022-03-28 03:47:49,535.589806463963
2022-03-28 03:47:54,538.86
2022-03-28 03:47:59,535.5802267368574
2022-03-28 03:48:04,538.86
2022-03-28 03:48:09,538.85
2022-03-28 03:48:14,538.86
2022-03-28 03:48:19,535.5610672826461
2022-03-28 03:48:24,535.5562774190932
2022-03-28 03:48:29,538.85
2022-03-28 03:48:34,538.85
2022-03-28 03:48:39,538.78
2022-03-28 03:48:44,535.537117964882
2022-03-28 03:48:49,538.75
2022-03-28 03:48:54,538.79
2022-03-28 03:48:59,538.75
2022-03-28 03:49:04,535.5179585106707
2022-03-28 03:49:09,538.78
2022-03-28 03:49:14,538.78
2022-03-28 03:49:19,538.75
2022-03-28 03:49:24,538.68
2022-03-28 03:49:29,538.68
2022-03-28 03:49:34,538.68
2022-03-28 03:49:39,538.74
2022-03-28 03:49:44,538.68
2022-03-28 03:49:49,535.4748497386953
2022-03-28 03:49:54,538.61
2022-03-28 03:49:59,535.4652700115897
2022-03-28 03:50:04,538.61
2022-03-28 03:50:09,538.61
2022-03-28 03:50:14,538.55
2022-03-28 03:50:19,538.54
2022-03-28 03:50:24,538.54
2022-03-28 03:50:29,538.51
2022-03-28 03:50:34,538.51
2022-03-28 03:50:39,538.51
2022-03-28 03:50:44,538.44
2022-03-28 03:50:49,538.51
2022-03-28 03:50:54,535.4125815125087
2022-03-28 03:50:59,538.38
2022-03-28 03:51:04,538.38
2022-03-28 03:51:09,535.3982119218502
2022-03-28 03:51:14,538.38
2022-03-28 03:51:19,535.3886321947446
2022-03-28 03:51:24,538.25
2022-03-28 03:51:29,538.25
2022-03-28 03:51:34,538.21
2022-03-28 03:51:39,538.21
2022-03-28 03:51:44,538.21
2022-03-28 03:51:49,538.21
2022-03-28 03:51:54,538.15
2022-03-28 03:51:59,535.3526703157893
2022-03-28 03:52:04,538.08
2022-03-28 03:52:09,538.08
2022-03-28 03:52:14,538.02
2022-03-28 03:52:19,537.99
2022-03-28 03:52:24,537.99
2022-03-28 03:52:29,537.98
2022-03-28 03:52:34,537.92
2022-03-28 03:52:39,537.92
2022-03-28 03:52:44,537.86
2022-03-28 03:52:49,537.86
2022-03-28 03:52:54,537.79
2022-03-28 03:52:59,537.79
2022-03-28 03:53:04,537.79
2022-03-28 03:53:09,537.73
2022-03-28 03:53:14,537.79
2022-03-28 03:53:19,537.79
2022-03-28 03:53:24,535.3325465724624
2022-03-28 03:53:29,537.73
2022-03-28 03:53:34,535.3301790732476
2022-03-28 03:53:39,537.79
2022-03-28 03:53:44,537.73
2022-03-28 03:53:49,537.73
2022-03-28 03:53:54,537.73
2022-03-28 03:53:59,537.73
2022-03-28 03:54:04,537.73
2022-03-28 03:54:09,537.73
2022-03-28 03:54:14,537.79
2022-03-28 03:54:19,537.73
2022-03-28 03:54:24,537.79
2022-03-28 03:54:29,537.79
2022-03-28 03:54:34,537.79
2022-03-28 03:54:39,537.8
2022-03-28 03:54:44,537.79
2022-03-28 03:54:49,537.79
2022-03-28 03:54:54,537.8
2022-03-28 03:54:59,537.8
2022-03-28 03:55:04,537.8
2022-03-28 03:55:09,535.3076878307058
2022-03-28 03:55:14,535.3065040810984
2022-03-28 03:55:19,537.8
2022-03-28 03:55:24,535.3041365818834
2022-03-28 03:55:29,537.79
2022-03-28 03:55:34,537.8
2022-03-28 03:55:39,537.8
2022-03-28 03:55:44,535.2994015834537
2022-03-28 03:55:49,537.79
2022-03-28 03:55:54,537.79
2022-03-28 03:55:59,537.79
2022-03-28 03:56:04,537.79
2022-03-28 03:56:09,537.86
2022-03-28 03:56:14,535.292299085809
2022-03-28 03:56:19,535.2911153362014
2022-03-28 03:56:24,535.289931586594
2022-03-28 03:56:29,537.86
2022-03-28 03:56:34,535.2875640873791
2022-03-28 03:56:39,537.92
2022-03-28 03:56:44,537.92
2022-03-28 03:56:49,535.2840128385567
2022-03-28 03:56:54,535.2828290889493
2022-03-28 03:56:59,535.2816453393418
2022-03-28 03:57:04,538.01
2022-03-28 03:57:09,538.01
2022-03-28 03:57:14,538.08
2022-03-28 03:57:19,538.08
2022-03-28 03:57:24,538.08
2022-03-28 03:57:29,538.08
2022-03-28 03:57:34,538.21
2022-03-28 03:57:39,538.14
2022-03-28 03:57:44,535.2709915928747
2022-03-28 03:57:49,538.2
2022-03-28 03:57:54,538.24
2022-03-28 03:57:59,538.23
2022-03-28 03:58:04,538.23
2022-03-28 03:58:09,535.2650728448374
2022-03-28 03:58:14,538.36
2022-03-28 03:58:19,535.2627053456224
2022-03-28 03:58:24,535.261521596015
2022-03-28 03:58:29,538.36
2022-03-28 03:58:34,538.36
2022-03-28 03:58:39,535.2579703471927
2022-03-28 03:58:44,538.42
2022-03-28 03:58:49,535.2556028479777
2022-03-28 03:58:54,538.48
2022-03-28 03:58:59,538.42
2022-03-28 03:59:04,538.48
2022-03-28 03:59:09,538.48
2022-03-28 03:59:14,535.2496840999404
2022-03-28 03:59:19,538.51
2022-03-28 03:59:24,538.51
2022-03-28 03:59:29,538.58
2022-03-28 03:59:34,538.57
2022-03-28 03:59:39,538.57
2022-03-28 03:59:44,535.2425816022957
2022-03-28 03:59:49,538.63
2022-03-28 03:59:54,538.63
2022-03-28 03:59:59,538.69
2022-03-28 04:00:04,538.69
2022-03-28 04:00:09,538.72
2022-03-28 04:00:14,535.235479104651
2022-03-28 04:00:19,538.72
2022-03-28 04:00:24,535.2331116054361
2022-03-28 04:00:29,538.72
2022-03-28 04:00:34,535.2307441062211
2022-03-28 04:00:39,538.78
2022-03-28 04:00:44,538.78
2022-03-28 04:00:49,535.2271928573988
2022-03-28 04:00:54,535.2260091077912
2022-03-28 04:00:59,535.2248253581838
2022-03-28 04:01:04,538.77
2022-03-28 04:01:09,538.84
2022-03-28 04:01:14,538.84
2022-03-28 04:01:19,535.220090359754
2022-03-28 04:01:24,538.84
2022-03-28 04:01:29,538.9
2022-03-28 04:01:34,538.9
2022-03-28 04:01:39,535.2153553613242
2022-03-28 04:01:44,535.2141716117167
2022-03-28 04:01:49,538.89
2022-03-28 04:01:54,538.89
2022-03-28 04:01:59,538.89
2022-03-28 04:02:04,538.89
2022-03-28 04:02:09,538.83
2022-03-28 04:02:14,535.2070691140719
2022-03-28 04:02:19,535.2058853644645
2022-03-28 04:02:24,538.76
2022-03-28 04:02:29,538.7
2022-03-28 04:02:34,535.2023341156421
2022-03-28 04:02:39,535.2011503660347
2022-03-28 04:02:44,538.6
2022-03-28 04:02:49,538.54
2022-03-28 04:02:54,535.1975991172123
2022-03-28 04:02:59,535.1964153676048
2022-03-28 04:03:04,535.1952316179974
2022-03-28 04:03:09,535.1940478683899
2022-03-28 04:03:14,538.37
2022-03-28 04:03:19,538.31
2022-03-28 04:03:24,538.31
2022-03-28 04:03:29,538.24
2022-03-28 04:03:34,535.1881291203526
2022-03-28 04:03:39,535.1869453707452
2022-03-28 04:03:44,538.08
2022-03-28 04:03:49,538.08
2022-03-28 04:03:54,538.02
2022-03-28 04:03:59,537.95
2022-03-28 04:04:04,535.1810266227079
2022-03-28 04:04:09,537.92
2022-03-28 04:04:14,535.1786591234929
2022-03-28 04:04:19,537.79
2022-03-28 04:04:24,535.1762916242781
2022-03-28 04:04:29,535.1751078746706
2022-03-28 04:04:34,535.1739241250632
2022-03-28 04:04:39,537.56
2022-03-28 04:04:44,535.1715566258482
2022-03-28 04:04:49,537.5
2022-03-28 04:04:54,537.5
2022-03-28 04:04:59,537.44
2022-03-28 04:05:04,537.44
2022-03-28 04:05:09,535.1656378778109
2022-03-28 04:05:14,537.4
2022-03-28 04:05:19,537.4
2022-03-28 04:05:24,535.1620866289886
2022-03-28 04:05:29,537.34
2022-03-28 04:05:34,537.34
2022-03-28 04:05:39,537.34
2022-03-28 04:05:44,535.1573516305588
2022-03-28 04:05:49,537.34
2022-03-28 04:05:54,537.34
2022-03-28 04:05:59,537.34
2022-03-28 04:06:04,537.34
2022-03-28 04:06:09,535.1654319777474
2022-03-28 04:06:14,537.28
2022-03-28 04:06:19,537.28
2022-03-28 04:06:24,537.28
2022-03-28 04:06:29,537.21
2022-03-28 04:06:34,537.15
2022-03-28 04:06:39,537.15
2022-03-28 04:06:44,535.218587158254
2022-03-28 04:06:49,537.12
2022-03-28 04:06:54,537.12
2022-03-28 04:06:59,537.12
2022-03-28 04:07:04,535.2489615471147
2022-03-28 04:07:09,535.2565551443299
2022-03-28 04:07:14,536.99
2022-03-28 04:07:19,536.93
2022-03-28 04:07:24,536.92
2022-03-28 04:07:29,535.2869295331908
2022-03-28 04:07:34,536.89
2022-03-28 04:07:39,535.3021167276213
2022-03-28 04:07:44,536.83
2022-03-28 04:07:49,536.82
2022-03-28 04:07:54,536.83
2022-03-28 04:07:59,535.3324911164821
2022-03-28 04:08:04,536.76
2022-03-28 04:08:09,536.76
2022-03-28 04:08:14,535.3552719081277
2022-03-28 04:08:19,535.3628655053429
2022-03-28 04:08:24,536.63
2022-03-28 04:08:29,536.63
2022-03-28 04:08:34,536.63
2022-03-28 04:08:39,536.63
2022-03-28 04:08:44,536.6
2022-03-28 04:08:49,536.6
2022-03-28 04:08:54,535.4160206858494
2022-03-28 04:08:59,536.53
2022-03-28 04:09:04,535.4312078802798
2022-03-28 04:09:09,535.4388014774951
2022-03-28 04:09:14,535.4463950747103
2022-03-28 04:09:19,536.46
2022-03-28 04:09:24,535.4615822691406
2022-03-28 04:09:29,536.4
2022-03-28 04:09:34,536.4
2022-03-28 04:09:39,536.4
2022-03-28 04:09:44,535.4919566580015
2022-03-28 04:09:49,536.36
2022-03-28 04:09:54,536.39
2022-03-28 04:09:59,536.39
2022-03-28 04:10:04,536.39
2022-03-28 04:10:09,535.5299246440776
2022-03-28 04:10:14,536.36
2022-03-28 04:10:19,536.35
2022-03-28 04:10:24,536.35
2022-03-28 04:10:29,536.35
2022-03-28 04:10:34,536.35
2022-03-28 04:10:39,536.35
2022-03-28 04:10:44,536.35
2022-03-28 04:10:49,536.35
2022-03-28 04:10:54,535.5982670190144
2022-03-28 04:10:59,535.6058606162297
2022-03-28 04:11:04,535.6134542134449
2022-03-28 04:11:09,536.34
2022-03-28 04:11:14,535.6286414078753
2022-03-28 04:11:19,536.34
2022-03-28 04:11:24,535.6438286023057
2022-03-28 04:11:29,536.34
2022-03-28 04:11:34,536.34
2022-03-28 04:11:39,536.34
2022-03-28 04:11:44,536.34
2022-03-28 04:11:49,535.6817965883818
2022-03-28 04:11:54,536.34
2022-03-28 04:11:59,536.37
2022-03-28 04:12:04,536.36
2022-03-28 04:12:09,536.36
2022-03-28 04:12:14,535.7197645744578
2022-03-28 04:12:19,536.36
2022-03-28 04:12:24,535.7349517688883
2022-03-28 04:12:29,536.36
2022-03-28 04:12:34,536.42
2022-03-28 04:12:39,535.7577325605339
2022-03-28 04:12:44,536.42
2022-03-28 04:12:49,536.48
2022-03-28 04:12:54,536.48
2022-03-28 04:12:59,536.48
2022-03-28 04:13:04,536.48
2022-03-28 04:13:09,535.8032941438252
2022-03-28 04:13:14,535.8108877410403
2022-03-28 04:13:19,536.47
2022-03-28 04:13:24,535.8260749354708
2022-03-28 04:13:29,536.54
2022-03-28 04:13:34,535.8412621299012
2022-03-28 04:13:39,536.54
2022-03-28 04:13:44,536.57
2022-03-28 04:13:49,536.57
2022-03-28 04:13:54,536.57
2022-03-28 04:13:59,535.8792301159773
2022-03-28 04:14:04,536.63
2022-03-28 04:14:09,536.63
2022-03-28 04:14:14,536.69
2022-03-28 04:14:19,535.9096045048382
2022-03-28 04:14:24,536.76
2022-03-28 04:14:29,536.75
2022-03-28 04:14:34,536.75
2022-03-28 04:14:39,536.82
2022-03-28 04:14:44,535.9475724909141
2022-03-28 04:14:49,535.9551660881294
2022-03-28 04:14:54,536.85
2022-03-28 04:14:59,535.9703532825598
2022-03-28 04:15:04,535.977946879775
2022-03-28 04:15:09,536.98
2022-03-28 04:15:14,536.98
2022-03-28 04:15:19,536.98
2022-03-28 04:15:24,537.04
2022-03-28 04:15:29,537.04
2022-03-28 04:15:34,537.07
2022-03-28 04:15:39,537.07
2022-03-28 04:15:44,537.14
2022-03-28 04:15:49,537.14
2022-03-28 04:15:54,537.2
2022-03-28 04:15:59,536.0614764491423
2022-03-28 04:16:04,537.27
2022-03-28 04:16:09,537.26
2022-03-28 04:16:14,536.084257240788
2022-03-28 04:16:19,537.33
2022-03-28 04:16:24,536.0994444352184
2022-03-28 04:16:29,536.1070380324336
2022-03-28 04:16:34,537.36
2022-03-28 04:16:39,537.36
2022-03-28 04:16:44,537.43
2022-03-28 04:16:49,537.43
2022-03-28 04:16:54,537.43
2022-03-28 04:16:59,537.43
2022-03-28 04:17:04,537.43
2022-03-28 04:17:09,537.43
2022-03-28 04:17:14,536.1753804073705
2022-03-28 04:17:19,537.49
2022-03-28 04:17:24,537.49
2022-03-28 04:17:29,536.1981611990161
2022-03-28 04:17:34,536.2057547962313
2022-03-28 04:17:39,537.56
2022-03-28 04:17:44,537.56
2022-03-28 04:17:49,536.228535587877
2022-03-28 04:17:54,536.2361291850922
2022-03-28 04:17:59,536.2437227823074
2022-03-28 04:18:04,537.66
2022-03-28 04:18:09,537.66
2022-03-28 04:18:14,537.66
2022-03-28 04:18:19,536.2740971711683
2022-03-28 04:18:24,537.72
2022-03-28 04:18:29,537.72
2022-03-28 04:18:34,537.72
2022-03-28 04:18:39,537.72
2022-03-28 04:18:44,537.78
2022-03-28 04:18:49,537.78
2022-03-28 04:18:54,537.78
2022-03-28 04:18:59,537.78
2022-03-28 04:19:04,537.85
2022-03-28 04:19:09,536.3500331433204
2022-03-28 04:19:14,537.78
2022-03-28 04:19:19,537.85
2022-03-28 04:19:24,537.85
2022-03-28 04:19:29,536.3804075321812
2022-03-28 04:19:34,536.3880011293965
2022-03-28 04:19:39,537.85
2022-03-28 04:19:44,536.4031883238268
2022-03-28 04:19:49,537.85
2022-03-28 04:19:54,537.85
2022-03-28 04:19:59,537.85
2022-03-28 04:20:04,537.88
2022-03-28 04:20:09,537.85
2022-03-28 04:20:14,536.4676298554685
2022-03-28 04:20:19,536.4875134572787
2022-03-28 04:20:24,537.94
2022-03-28 04:20:29,537.87
2022-03-28 04:20:34,537.87
2022-03-28 04:20:39,537.88
2022-03-28 04:20:44,537.94
2022-03-28 04:20:49,536.6068150681401
2022-03-28 04:20:54,536.6266986699503
2022-03-28 04:20:59,538.0
2022-03-28 04:21:04,537.94
2022-03-28 04:21:09,536.686349475381
2022-03-28 04:21:14,537.93
2022-03-28 04:21:19,537.94
2022-03-28 04:21:24,537.94
2022-03-28 04:21:29,537.93
2022-03-28 04:21:34,536.7857674844321
2022-03-28 04:21:39,536.8056510862423
2022-03-28 04:21:44,537.93
2022-03-28 04:21:49,536.8454182898628
2022-03-28 04:21:54,536.865301891673
2022-03-28 04:21:59,537.93
2022-03-28 04:22:04,536.9050690952935
2022-03-28 04:22:09,537.86
2022-03-28 04:22:14,536.9448362989139
2022-03-28 04:22:19,536.964719900724
2022-03-28 04:22:24,537.86
2022-03-28 04:22:29,537.0044871043445
2022-03-28 04:22:34,537.0243707061547
2022-03-28 04:22:39,537.86
2022-03-28 04:22:44,537.0641379097752
2022-03-28 04:22:49,537.86
2022-03-28 04:22:54,537.85
2022-03-28 04:22:59,537.85
2022-03-28 04:23:04,537.1436723170161
2022-03-28 04:23:09,537.85
2022-03-28 04:23:14,537.85
2022-03-28 04:23:19,537.85
2022-03-28 04:23:24,537.2232067242569
2022-03-28 04:23:29,537.85
2022-03-28 04:23:34,537.85
2022-03-28 04:23:39,537.84
2022-03-28 04:23:44,537.84
2022-03-28 04:23:49,537.84
2022-03-28 04:23:54,537.84
2022-03-28 04:23:59,537.84
2022-03-28 04:24:04,537.3822755387387
2022-03-28 04:24:09,537.9
2022-03-28 04:24:14,537.9
2022-03-28 04:24:19,537.84
2022-03-28 04:24:24,537.83
2022-03-28 04:24:29,537.9
2022-03-28 04:24:34,537.5015771496
2022-03-28 04:24:39,537.9
2022-03-28 04:24:44,537.89
2022-03-28 04:24:49,537.83
2022-03-28 04:24:54,537.5811115568409
2022-03-28 04:24:59,537.83
2022-03-28 04:25:04,537.83
2022-03-28 04:25:09,537.6407623622716
2022-03-28 04:25:14,537.82
2022-03-28 04:25:19,537.89
2022-03-28 04:25:24,537.7004131677023
2022-03-28 04:25:29,537.82
2022-03-28 04:25:34,537.89
2022-03-28 04:25:39,537.89
2022-03-28 04:25:44,537.89
2022-03-28 04:25:49,537.82
2022-03-28 04:25:54,537.95
2022-03-28 04:25:59,537.8395983803738
2022-03-28 04:26:04,537.95
2022-03-28 04:26:09,537.88
2022-03-28 04:26:14,537.88
2022-03-28 04:26:19,537.88
2022-03-28 04:26:24,537.88
2022-03-28 04:26:29,537.94
2022-03-28 04:26:34,537.88
2022-03-28 04:26:39,537.88
2022-03-28 04:26:44,537.94
2022-03-28 04:26:49,538.038434398476
2022-03-28 04:26:54,537.94
2022-03-28 04:26:59,538.0782016020964
2022-03-28 04:27:04,537.94
2022-03-28 04:27:09,538.1179688057169
2022-03-28 04:27:14,538.1378524075271
2022-03-28 04:27:19,538.01
2022-03-28 04:27:24,538.1776196111475
2022-03-28 04:27:29,538.04
2022-03-28 04:27:34,538.217386814768
2022-03-28 04:27:39,538.04
2022-03-28 04:27:44,538.04
2022-03-28 04:27:49,538.2770376201987
2022-03-28 04:27:54,538.1
2022-03-28 04:27:59,538.3168048238191
2022-03-28 04:28:04,538.17
2022-03-28 04:28:09,538.1
2022-03-28 04:28:14,538.3764556292498
2022-03-28 04:28:19,538.1
2022-03-28 04:28:24,538.1
2022-03-28 04:28:29,538.1
2022-03-28 04:28:34,538.1
2022-03-28 04:28:39,538.4758736383009
2022-03-28 04:28:44,538.4957572401111
2022-03-28 04:28:49,538.1
2022-03-28 04:28:54,538.17
2022-03-28 04:28:59,538.11
2022-03-28 04:29:04,538.575291647352
2022-03-28 04:29:09,538.17
2022-03-28 04:29:14,538.17
2022-03-28 04:29:19,538.23
2022-03-28 04:29:24,538.6548260545928
2022-03-28 04:29:29,538.17
2022-03-28 04:29:34,538.17
2022-03-28 04:29:39,538.7144768600235
2022-03-28 04:29:44,538.23
2022-03-28 04:29:49,538.17
2022-03-28 04:29:54,538.7741276654542
2022-03-28 04:29:59,538.7940112672644
2022-03-28 04:30:04,538.23
2022-03-28 04:30:09,538.8337784708849
2022-03-28 04:30:14,538.23
2022-03-28 04:30:19,538.23
2022-03-28 04:30:24,538.8934292763155
2022-03-28 04:30:29,538.23
2022-03-28 04:30:34,538.23
2022-03-28 04:30:39,538.23
2022-03-28 04:30:44,538.23
2022-03-28 04:30:49,538.3
2022-03-28 04:30:54,539.0127308871769
2022-03-28 04:30:59,538.33
2022-03-28 04:31:04,538.33
2022-03-28 04:31:09,538.33
2022-03-28 04:31:14,539.0922652944178
2022-03-28 04:31:19,539.112148896228
2022-03-28 04:31:24,538.33
2022-03-28 04:31:29,539.1519160998484
2022-03-28 04:31:34,538.39
2022-03-28 04:31:39,538.39
2022-03-28 04:31:44,538.39
2022-03-28 04:31:49,538.46
2022-03-28 04:31:54,538.46
2022-03-28 04:31:59,538.46
2022-03-28 04:32:04,538.45
2022-03-28 04:32:09,538.45
2022-03-28 04:32:14,539.3308685161404
2022-03-28 04:32:19,538.45
2022-03-28 04:32:24,538.52
2022-03-28 04:32:29,538.51
2022-03-28 04:32:34,538.51
2022-03-28 04:32:39,538.51
2022-03-28 04:32:44,539.4501701270017
2022-03-28 04:32:49,539.4700537288119
2022-03-28 04:32:54,538.61
2022-03-28 04:32:59,538.54
2022-03-28 04:33:04,539.5297045342426
2022-03-28 04:33:09,538.54
2022-03-28 04:33:14,538.54
2022-03-28 04:33:19,539.5893553396733
2022-03-28 04:33:24,539.6092389414835
2022-03-28 04:33:29,538.54
2022-03-28 04:33:34,539.6490061451038
2022-03-28 04:33:39,538.6
2022-03-28 04:33:44,538.54
2022-03-28 04:33:49,538.54
2022-03-28 04:33:54,538.5
2022-03-28 04:33:59,539.748424154155
2022-03-28 04:34:04,539.7683077559652
2022-03-28 04:34:09,538.5
2022-03-28 04:34:14,539.8087298352403
2022-03-28 04:34:19,538.5
2022-03-28 04:34:24,538.5
2022-03-28 04:34:29,539.8724950848456
2022-03-28 04:34:34,539.8937501680473
2022-03-28 04:34:39,539.9150052512491
2022-03-28 04:34:44,539.9362603344508
2022-03-28 04:34:49,538.43
2022-03-28 04:34:54,538.49
2022-03-28 04:34:59,540.0000255840561
2022-03-28 04:35:04,540.0212806672578
2022-03-28 04:35:09,540.0425357504596
2022-03-28 04:35:14,538.42
2022-03-28 04:35:19,538.42
2022-03-28 04:35:24,538.29
2022-03-28 04:35:29,540.1275560832665
2022-03-28 04:35:34,538.25
2022-03-28 04:35:39,540.1700662496701
2022-03-28 04:35:44,538.12
2022-03-28 04:35:49,540.2125764160735
2022-03-28 04:35:54,540.2338314992753
2022-03-28 04:35:59,540.255086582477
2022-03-28 04:36:04,540.2763416656787
2022-03-28 04:36:09,537.89
2022-03-28 04:36:14,537.76
2022-03-28 04:36:19,537.76
2022-03-28 04:36:24,537.66
2022-03-28 04:36:29,537.6
2022-03-28 04:36:34,537.53
2022-03-28 04:36:39,537.44
2022-03-28 04:36:44,540.4463823312927
2022-03-28 04:36:49,537.31
2022-03-28 04:36:54,537.24
2022-03-28 04:36:59,540.510147580898
2022-03-28 04:37:04,537.14
2022-03-28 04:37:09,537.01
2022-03-28 04:37:14,536.95
2022-03-28 04:37:19,536.92
2022-03-28 04:37:24,540.6164229969067
2022-03-28 04:37:29,540.6376780801085
2022-03-28 04:37:34,540.6589331633103
2022-03-28 04:37:39,536.69
2022-03-28 04:37:44,536.62
2022-03-28 04:37:49,536.63
2022-03-28 04:37:54,536.56
2022-03-28 04:37:59,536.49
2022-03-28 04:38:04,540.7864636625208
2022-03-28 04:38:09,540.8077187457225
2022-03-28 04:38:14,536.33
2022-03-28 04:38:19,540.850228912126
2022-03-28 04:38:24,540.8714839953277
2022-03-28 04:38:29,540.8927390785294
2022-03-28 04:38:34,536.17
2022-03-28 04:38:39,536.11
2022-03-28 04:38:44,536.04
2022-03-28 04:38:49,535.98
2022-03-28 04:38:54,540.9990144945382
2022-03-28 04:38:59,535.88
2022-03-28 04:39:04,535.82
2022-03-28 04:39:09,535.75
2022-03-28 04:39:14,541.0840348273451
2022-03-28 04:39:19,541.105289910547
2022-03-28 04:39:24,535.59
2022-03-28 04:39:29,535.53
2022-03-28 04:39:34,535.46
2022-03-28 04:39:39,541.1903102433539
2022-03-28 04:39:44,541.2115653265556
2022-03-28 04:39:49,541.2328204097574
2022-03-28 04:39:54,541.2540754929591
2022-03-28 04:39:59,541.2753305761609
2022-03-28 04:40:04,535.14
2022-03-28 04:40:09,541.3178407425644
2022-03-28 04:40:14,541.3390958257661
2022-03-28 04:40:19,535.01
2022-03-28 04:40:24,534.95
2022-03-28 04:40:29,541.4028610753713
2022-03-28 04:40:34,534.79
2022-03-28 04:40:39,534.79
2022-03-28 04:40:44,534.73
2022-03-28 04:40:49,541.4878814081784
2022-03-28 04:40:54,534.57
2022-03-28 04:40:59,534.5
2022-03-28 04:41:04,534.44
2022-03-28 04:41:09,541.5729017409853
2022-03-28 04:41:14,541.5941568241872
2022-03-28 04:41:19,534.28
2022-03-28 04:41:24,534.15
2022-03-28 04:41:29,534.12
2022-03-28 04:41:34,534.05
2022-03-28 04:41:39,533.99
2022-03-28 04:41:44,533.86
2022-03-28 04:41:49,533.82
2022-03-28 04:41:54,533.76
2022-03-28 04:41:59,533.76
2022-03-28 04:42:04,533.63
2022-03-28 04:42:09,541.8279627394063
2022-03-28 04:42:14,541.849217822608
2022-03-28 04:42:19,541.8704729058098
2022-03-28 04:42:24,541.8917279890115
2022-03-28 04:42:29,533.31
2022-03-28 04:42:34,533.18
2022-03-28 04:42:39,541.9554932386168
2022-03-28 04:42:44,533.09
2022-03-28 04:42:49,533.02
2022-03-28 04:42:54,532.96
2022-03-28 04:42:59,542.0405135714238
2022-03-28 04:43:04,542.0617686546256
2022-03-28 04:43:09,542.0830237378273
2022-03-28 04:43:14,532.66
2022-03-28 04:43:19,532.6
2022-03-28 04:43:24,532.57
2022-03-28 04:43:29,532.5
2022-03-28 04:43:34,542.189299153836
2022-03-28 04:43:39,542.2105542370377
2022-03-28 04:43:44,532.31
2022-03-28 04:43:49,532.31
2022-03-28 04:43:54,532.28
2022-03-28 04:43:59,532.28
2022-03-28 04:44:04,542.3168296530465
2022-03-28 04:44:09,532.15
2022-03-28 04:44:14,532.08
2022-03-28 04:44:19,532.05
2022-03-28 04:44:24,542.4018499858535
2022-03-28 04:44:29,532.05
2022-03-28 04:44:34,531.98
2022-03-28 04:44:39,531.92
2022-03-28 04:44:44,531.92
2022-03-28 04:44:49,531.85
2022-03-28 04:44:54,542.5293804850639
2022-03-28 04:44:59,542.5506355682658
2022-03-28 04:45:04,531.78
2022-03-28 04:45:09,531.78
2022-03-28 04:45:14,531.78
2022-03-28 04:45:19,531.75
2022-03-28 04:45:24,531.75
2022-03-28 04:45:29,542.6781660674762
2022-03-28 04:45:34,531.68
2022-03-28 04:45:39,531.68
2022-03-28 04:45:44,542.7419313170815
2022-03-28 04:45:49,542.7631864002832
2022-03-28 04:45:54,542.7844414834849
2022-03-28 04:45:59,542.8056965666867
2022-03-28 04:46:04,531.55
2022-03-28 04:46:09,542.8482067330901
2022-03-28 04:46:14,531.55
2022-03-28 04:46:19,531.51
2022-03-28 04:46:24,531.51
2022-03-28 04:46:29,542.9332270658972
2022-03-28 04:46:34,531.45
2022-03-28 04:46:39,531.51
2022-03-28 04:46:44,531.38
2022-03-28 04:46:49,531.44
2022-03-28 04:46:54,543.039502481906
2022-03-28 04:46:59,531.44
2022-03-28 04:47:04,531.44
2022-03-28 04:47:09,543.1032677315112
2022-03-28 04:47:14,543.1245228147129
2022-03-28 04:47:19,531.37
2022-03-28 04:47:24,543.1670329811164
2022-03-28 04:47:29,531.43
2022-03-28 04:47:34,531.37
2022-03-28 04:47:39,531.37
2022-03-28 04:47:44,531.3
2022-03-28 04:47:49,543.2733083971251
2022-03-28 04:47:54,531.37
2022-03-28 04:47:59,531.3
2022-03-28 04:48:04,543.3370736467303
2022-03-28 04:48:09,531.3
2022-03-28 04:48:14,531.36
2022-03-28 04:48:19,531.3
2022-03-28 04:48:24,543.3718718111322
2022-03-28 04:48:29,543.357728924603
2022-03-28 04:48:34,531.3
2022-03-28 04:48:39,531.3
2022-03-28 04:48:44,531.36
2022-03-28 04:48:49,543.3011573784859
2022-03-28 04:48:54,531.3
2022-03-28 04:48:59,531.29
2022-03-28 04:49:04,543.258728718898
2022-03-28 04:49:09,543.2445858323688
2022-03-28 04:49:14,543.2304429458395
2022-03-28 04:49:19,531.36
2022-03-28 04:49:24,531.36
2022-03-28 04:49:29,531.36
2022-03-28 04:49:34,531.36
2022-03-28 04:49:39,531.36
2022-03-28 04:49:44,531.36
2022-03-28 04:49:49,531.36
2022-03-28 04:49:54,531.36
2022-03-28 04:49:59,531.42
2022-03-28 04:50:04,531.36
2022-03-28 04:50:09,531.42
2022-03-28 04:50:14,531.42
2022-03-28 04:50:19,531.43
2022-03-28 04:50:24,531.42
2022-03-28 04:50:29,531.42
2022-03-28 04:50:34,531.42
2022-03-28 04:50:39,531.42
2022-03-28 04:50:44,542.9758709883126
2022-03-28 04:50:49,531.49
2022-03-28 04:50:54,542.9475852152541
2022-03-28 04:50:59,531.49
2022-03-28 04:51:04,531.52
2022-03-28 04:51:09,531.52
2022-03-28 04:51:14,542.891013669137
2022-03-28 04:51:19,542.8768707826077
2022-03-28 04:51:24,542.8627278960785
2022-03-28 04:51:29,531.59
2022-03-28 04:51:34,531.59
2022-03-28 04:51:39,542.8202992364907
2022-03-28 04:51:44,531.65
2022-03-28 04:51:49,531.65
2022-03-28 04:51:54,531.72
2022-03-28 04:51:59,542.7637276903736
2022-03-28 04:52:04,531.75
2022-03-28 04:52:09,531.82
2022-03-28 04:52:14,542.7212990307858
2022-03-28 04:52:19,531.82
2022-03-28 04:52:24,542.6930132577272
2022-03-28 04:52:29,542.678870371198
2022-03-28 04:52:34,531.88
2022-03-28 04:52:39,531.88
2022-03-28 04:52:44,531.89
2022-03-28 04:52:49,531.89
2022-03-28 04:52:54,531.89
2022-03-28 04:52:59,542.5940130520223
2022-03-28 04:53:04,542.579870165493
2022-03-28 04:53:09,542.5657272789638
2022-03-28 04:53:14,542.5515843924345
2022-03-28 04:53:19,532.02
2022-03-28 04:53:24,532.02
2022-03-28 04:53:29,532.02
2022-03-28 04:53:34,532.02
2022-03-28 04:53:39,532.05
2022-03-28 04:53:44,542.4667270732589
2022-03-28 04:53:49,542.4525841867295
2022-03-28 04:53:54,532.02
2022-03-28 04:53:59,532.05
2022-03-28 04:54:04,532.05
2022-03-28 04:54:09,532.05
2022-03-28 04:54:14,532.05
2022-03-28 04:54:19,532.02
2022-03-28 04:54:24,542.3535839810246
2022-03-28 04:54:29,532.02
2022-03-28 04:54:34,542.3252982079661
2022-03-28 04:54:39,532.02
2022-03-28 04:54:44,531.96
2022-03-28 04:54:49,531.96
2022-03-28 04:54:54,542.268726661849
2022-03-28 04:54:59,531.96
2022-03-28 04:55:04,542.2404408887904
2022-03-28 04:55:09,531.96
2022-03-28 04:55:14,531.89
2022-03-28 04:55:19,531.89
2022-03-28 04:55:24,542.1838693426733
2022-03-28 04:55:29,531.89
2022-03-28 04:55:34,531.89
2022-03-28 04:55:39,531.83
2022-03-28 04:55:44,542.1272977965563
2022-03-28 04:55:49,531.82
2022-03-28 04:55:54,531.82
2022-03-28 04:55:59,531.76
2022-03-28 04:56:04,531.83
2022-03-28 04:56:09,531.76
2022-03-28 04:56:14,542.0424404773806
2022-03-28 04:56:19,542.0282975908514
2022-03-28 04:56:24,542.0141547043221
2022-03-28 04:56:29,531.76
2022-03-28 04:56:34,531.76
2022-03-28 04:56:39,531.76
2022-03-28 04:56:44,531.76
2022-03-28 04:56:49,531.76
2022-03-28 04:56:54,531.76
2022-03-28 04:56:59,531.75
2022-03-28 04:57:04,541.9010116120879
2022-03-28 04:57:09,541.8868687255587
2022-03-28 04:57:14,531.75
2022-03-28 04:57:19,541.8585829525001
2022-03-28 04:57:24,541.8444400659708
2022-03-28 04:57:29,531.81
2022-03-28 04:57:34,541.8161542929123
2022-03-28 04:57:39,541.802011406383
2022-03-28 04:57:44,531.81
2022-03-28 04:57:49,531.81
2022-03-28 04:57:54,531.81
2022-03-28 04:57:59,531.81
2022-03-28 04:58:04,541.7312969737367
2022-03-28 04:58:09,541.7171540872074
2022-03-28 04:58:14,531.81
2022-03-28 04:58:19,531.81
2022-03-28 04:58:24,531.87
2022-03-28 04:58:29,531.87
2022-03-28 04:58:34,531.87
2022-03-28 04:58:39,531.87
2022-03-28 04:58:44,541.6181538815025
2022-03-28 04:58:49,531.87
2022-03-28 04:58:54,531.86
2022-03-28 04:58:59,531.93
2022-03-28 04:59:04,541.5615823353854
2022-03-28 04:59:09,531.93
2022-03-28 04:59:14,531.93
2022-03-28 04:59:19,531.93
2022-03-28 04:59:24,531.99
2022-03-28 04:59:29,541.490867902739
2022-03-28 04:59:34,541.4767250162097
2022-03-28 04:59:39,541.4625821296804
2022-03-28 04:59:44,531.99
2022-03-28 04:59:49,541.4342963566219
2022-03-28 04:59:54,541.4201534700926
2022-03-28 04:59:59,532.02
2022-03-28 05:00:04,532.02
2022-03-28 05:00:09,541.3777248105048
2022-03-28 05:00:14,541.3635819239755
2022-03-28 05:00:19,541.3494390374462
2022-03-28 05:00:24,541.335296150917
2022-03-28 05:00:29,541.3211532643877
2022-03-28 05:00:34,532.08
2022-03-28 05:00:39,532.02
2022-03-28 05:00:44,532.02
2022-03-28 05:00:49,532.08
2022-03-28 05:00:54,541.2504388317413
2022-03-28 05:00:59,532.15
2022-03-28 05:01:04,532.08
2022-03-28 05:01:09,541.2080101721535
2022-03-28 05:01:14,532.21
2022-03-28 05:01:19,532.21
2022-03-28 05:01:24,532.21
2022-03-28 05:01:29,532.24
2022-03-28 05:01:34,532.21
2022-03-28 05:01:39,532.24
2022-03-28 05:01:44,532.24
2022-03-28 05:01:49,532.31
2022-03-28 05:01:54,532.31
2022-03-28 05:01:59,541.0665813068608
2022-03-28 05:02:04,541.0524384203316
2022-03-28 05:02:09,541.0382955338023
2022-03-28 05:02:14,532.31
2022-03-28 05:02:19,532.37
2022-03-28 05:02:24,532.31
2022-03-28 05:02:29,532.31
2022-03-28 05:02:34,532.37
2022-03-28 05:02:39,532.37
2022-03-28 05:02:44,540.9843355714145
2022-03-28 05:02:49,532.37
2022-03-28 05:02:54,532.31
2022-03-28 05:02:59,532.44
2022-03-28 05:03:04,540.9690846075864
2022-03-28 05:03:09,532.38
2022-03-28 05:03:14,540.9614591256725
2022-03-28 05:03:19,540.9576463847154
2022-03-28 05:03:24,532.44
2022-03-28 05:03:29,540.9500209028015
2022-03-28 05:03:34,532.51
2022-03-28 05:03:39,532.51
2022-03-28 05:03:44,532.45
2022-03-28 05:03:49,532.51
2022-03-28 05:03:54,540.9309571980165
2022-03-28 05:03:59,532.51
2022-03-28 05:04:04,532.51
2022-03-28 05:04:09,540.9195189751455
2022-03-28 05:04:14,532.51
2022-03-28 05:04:19,540.9118934932314
2022-03-28 05:04:24,540.9080807522745
2022-03-28 05:04:29,532.45
2022-03-28 05:04:34,532.52
2022-03-28 05:04:39,540.8966425294035
2022-03-28 05:04:44,532.45
2022-03-28 05:04:49,540.8890170474895
2022-03-28 05:04:54,532.52
2022-03-28 05:04:59,540.8813915655754
2022-03-28 05:05:04,540.8775788246185
2022-03-28 05:05:09,532.52
2022-03-28 05:05:14,532.52
2022-03-28 05:05:19,532.56
2022-03-28 05:05:24,532.56
2022-03-28 05:05:29,540.8585151198334
2022-03-28 05:05:34,532.56
2022-03-28 05:05:39,540.8508896379195
2022-03-28 05:05:44,532.56
2022-03-28 05:05:49,540.8432641560055
2022-03-28 05:05:54,532.56
2022-03-28 05:05:59,540.8356386740915
2022-03-28 05:06:04,532.62
2022-03-28 05:06:09,532.62
2022-03-28 05:06:14,540.8242004512205
2022-03-28 05:06:19,540.8203877102635
2022-03-28 05:06:24,540.8165749693064
2022-03-28 05:06:29,532.62
2022-03-28 05:06:34,540.8089494873925
2022-03-28 05:06:39,532.69
2022-03-28 05:06:44,532.69
2022-03-28 05:06:49,532.69
2022-03-28 05:06:54,532.69
2022-03-28 05:06:59,532.75
2022-03-28 05:07:04,540.7860730416505
2022-03-28 05:07:09,532.75
2022-03-28 05:07:14,532.76
2022-03-28 05:07:19,532.79
2022-03-28 05:07:24,532.79
2022-03-28 05:07:29,540.7670093368655
2022-03-28 05:07:34,532.79
2022-03-28 05:07:39,540.7593838549515
2022-03-28 05:07:44,540.7555711139945
2022-03-28 05:07:49,532.85
2022-03-28 05:07:54,532.79
2022-03-28 05:07:59,532.85
2022-03-28 05:08:04,532.85
2022-03-28 05:08:09,532.85
2022-03-28 05:08:14,540.7326946682525
2022-03-28 05:08:19,532.85
2022-03-28 05:08:24,532.92
2022-03-28 05:08:29,532.85
2022-03-28 05:08:34,540.7174437044245
2022-03-28 05:08:39,532.85
2022-03-28 05:08:44,532.85
2022-03-28 05:08:49,532.85
2022-03-28 05:08:54,532.91
2022-03-28 05:08:59,532.91
2022-03-28 05:09:04,532.91
2022-03-28 05:09:09,532.85
2022-03-28 05:09:14,532.91
2022-03-28 05:09:19,532.85
2022-03-28 05:09:24,532.91
2022-03-28 05:09:29,540.6755035538976
2022-03-28 05:09:34,532.85
2022-03-28 05:09:39,532.85
2022-03-28 05:09:44,532.85
2022-03-28 05:09:49,532.84
2022-03-28 05:09:54,532.84
2022-03-28 05:09:59,540.6526271081556
2022-03-28 05:10:04,532.84
2022-03-28 05:10:09,532.77
2022-03-28 05:10:14,532.78
2022-03-28 05:10:19,532.78
2022-03-28 05:10:24,540.6335634033705
2022-03-28 05:10:29,532.77
2022-03-28 05:10:34,532.74
2022-03-28 05:10:39,532.74
2022-03-28 05:10:44,532.74
2022-03-28 05:10:49,532.77
2022-03-28 05:10:54,540.6106869576286
2022-03-28 05:10:59,532.73
2022-03-28 05:11:04,540.6030614757145
2022-03-28 05:11:09,540.5992487347576
2022-03-28 05:11:14,532.73
2022-03-28 05:11:19,532.73
2022-03-28 05:11:24,532.67
2022-03-28 05:11:29,532.73
2022-03-28 05:11:34,532.67
2022-03-28 05:11:39,532.66
2022-03-28 05:11:44,532.66
2022-03-28 05:11:49,540.5687468071015
2022-03-28 05:11:54,540.5649340661446
2022-03-28 05:11:59,532.66
2022-03-28 05:12:04,532.66
2022-03-28 05:12:09,532.73
2022-03-28 05:12:14,540.5496831023165
2022-03-28 05:12:19,532.73
2022-03-28 05:12:24,532.73
2022-03-28 05:12:29,532.73
2022-03-28 05:12:34,532.73
2022-03-28 05:12:39,532.76
2022-03-28 05:12:44,540.5268066565745
2022-03-28 05:12:49,532.76
2022-03-28 05:12:54,532.76
2022-03-28 05:12:59,532.76
2022-03-28 05:13:04,532.76
2022-03-28 05:13:09,532.76
2022-03-28 05:13:14,532.83
2022-03-28 05:13:19,532.76
2022-03-28 05:13:24,532.76
2022-03-28 05:13:29,540.4924919879616
2022-03-28 05:13:34,532.76
2022-03-28 05:13:39,532.76
2022-03-28 05:13:44,540.4810537650906
2022-03-28 05:13:49,540.4772410241336
2022-03-28 05:13:54,532.76
2022-03-28 05:13:59,540.4696155422196
2022-03-28 05:14:04,532.76
2022-03-28 05:14:09,532.76
2022-03-28 05:14:14,532.76
2022-03-28 05:14:19,532.76
2022-03-28 05:14:24,532.76
2022-03-28 05:14:29,532.76
2022-03-28 05:14:34,532.76
2022-03-28 05:14:39,540.4391136145636
2022-03-28 05:14:44,540.4353008736066
2022-03-28 05:14:49,532.76
2022-03-28 05:14:54,532.76
2022-03-28 05:14:59,532.76
2022-03-28 05:15:04,532.76
2022-03-28 05:15:09,532.77
2022-03-28 05:15:14,540.4124244278646
2022-03-28 05:15:19,540.4086116869075
2022-03-28 05:15:24,532.83
2022-03-28 05:15:29,532.77
2022-03-28 05:15:34,532.83
2022-03-28 05:15:39,532.84
2022-03-28 05:15:44,532.84
2022-03-28 05:15:49,532.84
2022-03-28 05:15:54,540.3819225002086
2022-03-28 05:15:59,532.84
2022-03-28 05:16:04,532.77
2022-03-28 05:16:09,532.84
2022-03-28 05:16:14,532.9
2022-03-28 05:16:19,532.78
2022-03-28 05:16:24,532.78
2022-03-28 05:16:29,532.84
2022-03-28 05:16:34,540.3867969067794
2022-03-28 05:16:39,532.85
2022-03-28 05:16:44,532.78
2022-03-28 05:16:49,532.85
2022-03-28 05:16:54,532.78
2022-03-28 05:16:59,540.5036528019184
2022-03-28 05:17:04,532.78
2022-03-28 05:17:09,532.78
2022-03-28 05:17:14,532.78
2022-03-28 05:17:19,540.5971375180295
2022-03-28 05:17:24,532.85
2022-03-28 05:17:29,532.85
2022-03-28 05:17:34,532.85
2022-03-28 05:17:39,532.85
2022-03-28 05:17:44,532.85
2022-03-28 05:17:49,532.78
2022-03-28 05:17:54,532.85
2022-03-28 05:17:59,532.85
2022-03-28 05:18:04,532.92
2022-03-28 05:18:09,532.85
2022-03-28 05:18:14,532.92
2022-03-28 05:18:19,532.92
2022-03-28 05:18:24,532.92
2022-03-28 05:18:29,532.92
2022-03-28 05:18:34,540.9477052034465
2022-03-28 05:18:39,540.9710763824743
2022-03-28 05:18:44,532.92
2022-03-28 05:18:49,541.0178187405298
2022-03-28 05:18:54,532.85
2022-03-28 05:18:59,532.85
2022-03-28 05:19:04,532.85
2022-03-28 05:19:09,532.85
2022-03-28 05:19:14,532.85
2022-03-28 05:19:19,532.85
2022-03-28 05:19:24,532.85
2022-03-28 05:19:29,532.79
2022-03-28 05:19:34,532.79
2022-03-28 05:19:39,532.78
2022-03-28 05:19:44,532.78
2022-03-28 05:19:49,532.75
2022-03-28 05:19:54,532.78
2022-03-28 05:19:59,532.78
2022-03-28 05:20:04,541.3683864259468
2022-03-28 05:20:09,532.78
2022-03-28 05:20:14,532.75
2022-03-28 05:20:19,532.68
2022-03-28 05:20:24,541.4618711420579
2022-03-28 05:20:29,532.69
2022-03-28 05:20:34,532.68
2022-03-28 05:20:39,532.68
2022-03-28 05:20:44,541.5553558581692
2022-03-28 05:20:49,541.5787270371969
2022-03-28 05:20:54,532.55
2022-03-28 05:20:59,532.52
2022-03-28 05:21:04,532.55
2022-03-28 05:21:09,532.55
2022-03-28 05:21:14,532.52
2022-03-28 05:21:19,541.7189541113637
2022-03-28 05:21:24,532.52
2022-03-28 05:21:29,532.52
2022-03-28 05:21:34,532.45
2022-03-28 05:21:39,532.52
2022-03-28 05:21:44,532.51
2022-03-28 05:21:49,532.51
2022-03-28 05:21:54,532.52
2022-03-28 05:21:59,532.45
2022-03-28 05:22:04,532.45
2022-03-28 05:22:09,541.9526659016416
2022-03-28 05:22:14,541.9760370806695
2022-03-28 05:22:19,532.45
2022-03-28 05:22:24,542.022779438725
2022-03-28 05:22:29,532.44
2022-03-28 05:22:34,532.38
2022-03-28 05:22:39,542.0928929758084
2022-03-28 05:22:44,532.37
2022-03-28 05:22:49,532.31
2022-03-28 05:22:54,542.1630065128918
2022-03-28 05:22:59,532.31
2022-03-28 05:23:04,532.25
2022-03-28 05:23:09,542.2331200499751
2022-03-28 05:23:14,532.21
2022-03-28 05:23:19,542.2798624080308
2022-03-28 05:23:24,542.3032335870586
2022-03-28 05:23:29,542.3266047660863
2022-03-28 05:23:34,532.02
2022-03-28 05:23:39,542.3733471241419
2022-03-28 05:23:44,531.99
2022-03-28 05:23:49,531.99
2022-03-28 05:23:54,531.92
2022-03-28 05:23:59,531.92
2022-03-28 05:24:04,542.4902030192809
2022-03-28 05:24:09,531.79
2022-03-28 05:24:14,531.73
2022-03-28 05:24:19,531.73
2022-03-28 05:24:24,542.5836877353921
2022-03-28 05:24:29,531.69
2022-03-28 05:24:34,531.69
2022-03-28 05:24:39,531.57
2022-03-28 05:24:44,531.57
2022-03-28 05:24:49,531.5
2022-03-28 05:24:54,542.7239148095589
2022-03-28 05:24:59,531.47
2022-03-28 05:25:04,531.4
2022-03-28 05:25:09,531.34
2022-03-28 05:25:14,531.34
2022-03-28 05:25:19,531.28
2022-03-28 05:25:24,542.8641418837257
2022-03-28 05:25:29,531.18
2022-03-28 05:25:34,542.9108842417812
2022-03-28 05:25:39,531.12
2022-03-28 05:25:44,542.9576265998368
2022-03-28 05:25:49,530.99
2022-03-28 05:25:54,543.0043689578924
2022-03-28 05:25:59,530.96
2022-03-28 05:26:04,530.95
2022-03-28 05:26:09,530.89
2022-03-28 05:26:14,530.83
2022-03-28 05:26:19,530.76
2022-03-28 05:26:24,543.1445960320592
2022-03-28 05:26:29,543.167967211087
2022-03-28 05:26:34,543.1913383901148
2022-03-28 05:26:39,543.2147095691425
2022-03-28 05:26:44,530.61
2022-03-28 05:26:49,530.54
2022-03-28 05:26:54,530.47
2022-03-28 05:26:59,530.45
2022-03-28 05:27:04,530.38
2022-03-28 05:27:09,530.32
2022-03-28 05:27:14,530.32
2022-03-28 05:27:19,530.25
2022-03-28 05:27:24,543.4250501803928
2022-03-28 05:27:29,543.4484213594205
2022-03-28 05:27:34,530.1
2022-03-28 05:27:39,530.1
2022-03-28 05:27:44,530.03
2022-03-28 05:27:49,529.97
2022-03-28 05:27:54,529.94
2022-03-28 05:27:59,543.5886484335873
2022-03-28 05:28:04,543.6120196126151
2022-03-28 05:28:09,529.81
2022-03-28 05:28:14,529.75
2022-03-28 05:28:19,529.75
2022-03-28 05:28:24,529.68
2022-03-28 05:28:29,529.68
2022-03-28 05:28:34,543.7522466867819
2022-03-28 05:28:39,529.65
2022-03-28 05:28:44,543.7989890448374
2022-03-28 05:28:49,529.59
2022-03-28 05:28:54,529.59
2022-03-28 05:28:59,529.59
2022-03-28 05:29:04,529.53
2022-03-28 05:29:09,529.53
2022-03-28 05:29:14,543.9392161190042
2022-03-28 05:29:19,529.53
2022-03-28 05:29:24,543.9859584770597
2022-03-28 05:29:29,529.46
2022-03-28 05:29:34,529.46
2022-03-28 05:29:39,529.46
2022-03-28 05:29:44,544.079443193171
2022-03-28 05:29:49,529.47
2022-03-28 05:29:54,529.47
2022-03-28 05:29:59,529.46
2022-03-28 05:30:04,529.43
2022-03-28 05:30:09,529.43
2022-03-28 05:30:14,529.43
2022-03-28 05:30:19,544.2430414463655
2022-03-28 05:30:24,544.2664126253933
2022-03-28 05:30:29,529.37
2022-03-28 05:30:34,529.37
2022-03-28 05:30:39,544.3050000692348
2022-03-28 05:30:44,529.3
2022-03-28 05:30:49,529.37
2022-03-28 05:30:54,529.3
2022-03-28 05:30:59,544.2970055182808
2022-03-28 05:31:04,529.24
2022-03-28 05:31:09,529.3
2022-03-28 05:31:14,544.2910096050654
2022-03-28 05:31:19,544.2890109673268
2022-03-28 05:31:24,544.2870123295884
2022-03-28 05:31:29,529.24
2022-03-28 05:31:34,529.23
2022-03-28 05:31:39,529.17
2022-03-28 05:31:44,529.17
2022-03-28 05:31:49,529.14
2022-03-28 05:31:54,529.14
2022-03-28 05:31:59,529.14
2022-03-28 05:32:04,529.07
2022-03-28 05:32:09,529.01
2022-03-28 05:32:14,529.01
2022-03-28 05:32:19,528.94
2022-03-28 05:32:24,528.91
2022-03-28 05:32:29,528.91
2022-03-28 05:32:34,528.84
2022-03-28 05:32:39,528.78
2022-03-28 05:32:44,528.78
2022-03-28 05:32:49,528.72
2022-03-28 05:32:54,528.65
2022-03-28 05:32:59,528.65
2022-03-28 05:33:04,544.2470395748185
2022-03-28 05:33:09,528.55
2022-03-28 05:33:14,528.55
2022-03-28 05:33:19,528.48
2022-03-28 05:33:24,544.2390450238645
2022-03-28 05:33:29,544.2370463861259
2022-03-28 05:33:34,528.42
2022-03-28 05:33:39,528.39
2022-03-28 05:33:44,528.32
2022-03-28 05:33:49,528.32
2022-03-28 05:33:54,528.25
2022-03-28 05:33:59,528.25
2022-03-28 05:34:04,528.25
2022-03-28 05:34:09,544.221057284218
2022-03-28 05:34:14,544.2190586464795
2022-03-28 05:34:19,528.12
2022-03-28 05:34:24,544.2150613710025
2022-03-28 05:34:29,528.12
2022-03-28 05:34:34,528.12
2022-03-28 05:34:39,528.12
2022-03-28 05:34:44,544.2070668200486
2022-03-28 05:34:49,528.12
2022-03-28 05:34:54,528.12
2022-03-28 05:34:59,528.18
2022-03-28 05:35:04,528.12
2022-03-28 05:35:09,528.18
2022-03-28 05:35:14,528.18
2022-03-28 05:35:19,528.18
2022-03-28 05:35:24,528.18
2022-03-28 05:35:29,528.18
2022-03-28 05:35:34,528.18
2022-03-28 05:35:39,544.1850818049251
2022-03-28 05:35:44,528.31
2022-03-28 05:35:49,528.24
2022-03-28 05:35:54,528.24
2022-03-28 05:35:59,544.1770872539711
2022-03-28 05:36:04,544.1750886162326
2022-03-28 05:36:09,528.31
2022-03-28 05:36:14,528.37
2022-03-28 05:36:19,544.1690927030172
2022-03-28 05:36:24,528.4
2022-03-28 05:36:29,528.47
2022-03-28 05:36:34,528.47
2022-03-28 05:36:39,544.1610981520632
2022-03-28 05:36:44,528.53
2022-03-28 05:36:49,528.53
2022-03-28 05:36:54,528.6
2022-03-28 05:36:59,544.1531036011093
2022-03-28 05:37:04,544.1511049633707
2022-03-28 05:37:09,544.1491063256323
2022-03-28 05:37:14,528.69
2022-03-28 05:37:19,544.1451090501552
2022-03-28 05:37:24,528.76
2022-03-28 05:37:29,544.1411117746782
2022-03-28 05:37:34,544.1391131369397
2022-03-28 05:37:39,544.1371144992013
2022-03-28 05:37:44,544.1351158614627
2022-03-28 05:37:49,528.92
2022-03-28 05:37:54,528.99
2022-03-28 05:37:59,544.1291199482473
2022-03-28 05:38:04,528.99
2022-03-28 05:38:09,529.05
2022-03-28 05:38:14,544.1231240350318
2022-03-28 05:38:19,529.12
2022-03-28 05:38:24,529.15
2022-03-28 05:38:29,544.1171281218163
2022-03-28 05:38:34,544.1151294840778
2022-03-28 05:38:39,529.22
2022-03-28 05:38:44,544.1111322086008
2022-03-28 05:38:49,544.1091335708624
2022-03-28 05:38:54,529.35
2022-03-28 05:38:59,544.1051362953854
2022-03-28 05:39:04,544.1031376576468
2022-03-28 05:39:09,544.1011390199084
2022-03-28 05:39:14,529.41
2022-03-28 05:39:19,529.45
2022-03-28 05:39:24,529.51
2022-03-28 05:39:29,544.0931444689544
2022-03-28 05:39:34,529.58
2022-03-28 05:39:39,529.58
2022-03-28 05:39:44,529.64
2022-03-28 05:39:49,544.0851499180004
2022-03-28 05:39:54,529.65
2022-03-28 05:39:59,529.68
2022-03-28 05:40:04,529.68
2022-03-28 05:40:09,529.74
2022-03-28 05:40:14,529.74
2022-03-28 05:40:19,544.0731580915694
2022-03-28 05:40:24,529.74
2022-03-28 05:40:29,529.81
2022-03-28 05:40:34,544.0671621783539
2022-03-28 05:40:39,529.87
2022-03-28 05:40:44,529.94
2022-03-28 05:40:49,529.87
2022-03-28 05:40:54,529.94
2022-03-28 05:40:59,529.87
2022-03-28 05:41:04,529.94
2022-03-28 05:41:09,529.94
2022-03-28 05:41:14,544.0511730764459
2022-03-28 05:41:19,544.0491744387075
2022-03-28 05:41:24,544.047175800969
2022-03-28 05:41:29,529.94
2022-03-28 05:41:34,529.94
2022-03-28 05:41:39,529.94
2022-03-28 05:41:44,544.039181250015
2022-03-28 05:41:49,544.0371826122765
2022-03-28 05:41:54,529.97
2022-03-28 05:41:59,529.97
2022-03-28 05:42:04,544.031186699061
2022-03-28 05:42:09,544.0291880613225
2022-03-28 05:42:14,544.027189423584
2022-03-28 05:42:19,544.0251907858456
2022-03-28 05:42:24,530.04
2022-03-28 05:42:29,544.0211935103686
2022-03-28 05:42:34,544.01919487263
2022-03-28 05:42:39,544.0171962348916
2022-03-28 05:42:44,544.015197597153
2022-03-28 05:42:49,530.1
2022-03-28 05:42:54,544.011200321676
2022-03-28 05:42:59,530.04
2022-03-28 05:43:04,530.11
2022-03-28 05:43:09,530.04
2022-03-28 05:43:14,530.1
2022-03-28 05:43:19,530.04
2022-03-28 05:43:24,530.04
2022-03-28 05:43:29,543.9972098575066
2022-03-28 05:43:34,529.97
2022-03-28 05:43:39,529.97
2022-03-28 05:43:44,529.97
2022-03-28 05:43:49,543.9892153065526
2022-03-28 05:43:54,529.97
2022-03-28 05:43:59,543.9852180310756
2022-03-28 05:44:04,543.9832193933371
2022-03-28 05:44:09,543.9812207555987
2022-03-28 05:44:14,543.9792221178601
2022-03-28 05:44:19,543.9772234801217
2022-03-28 05:44:24,529.87
2022-03-28 05:44:29,529.87
2022-03-28 05:44:34,529.87
2022-03-28 05:44:39,543.9676215955991
2022-03-28 05:44:44,543.9568852189935
2022-03-28 05:44:49,529.8
2022-03-28 05:44:54,529.74
2022-03-28 05:44:59,543.924676089177
2022-03-28 05:45:04,543.9139397125714
2022-03-28 05:45:09,529.67
2022-03-28 05:45:14,529.67
2022-03-28 05:45:19,529.67
2022-03-28 05:45:24,529.64
2022-03-28 05:45:29,543.8602578295436
2022-03-28 05:45:34,529.57
2022-03-28 05:45:39,529.57
2022-03-28 05:45:44,529.5
2022-03-28 05:45:49,529.44
2022-03-28 05:45:54,529.44
2022-03-28 05:45:59,529.41
2022-03-28 05:46:04,529.34
2022-03-28 05:46:09,529.34
2022-03-28 05:46:14,529.27
2022-03-28 05:46:19,529.21
2022-03-28 05:46:24,529.15
2022-03-28 05:46:29,529.05
2022-03-28 05:46:34,528.98
2022-03-28 05:46:39,543.7099485570657
2022-03-28 05:46:44,528.89
2022-03-28 05:46:49,528.82
2022-03-28 05:46:54,528.69
2022-03-28 05:46:59,528.63
2022-03-28 05:47:04,543.6562666740379
2022-03-28 05:47:09,528.53
2022-03-28 05:47:14,528.47
2022-03-28 05:47:19,543.6240575442212
2022-03-28 05:47:24,528.37
2022-03-28 05:47:29,528.24
2022-03-28 05:47:34,543.5918484144045
2022-03-28 05:47:39,528.01
2022-03-28 05:47:44,543.5703756611933
2022-03-28 05:47:49,527.88
2022-03-28 05:47:54,527.85
2022-03-28 05:47:59,527.72
2022-03-28 05:48:04,527.66
2022-03-28 05:48:09,527.59
2022-03-28 05:48:14,527.43
2022-03-28 05:48:19,543.4952210249544
2022-03-28 05:48:24,527.37
2022-03-28 05:48:29,527.27
2022-03-28 05:48:34,527.21
2022-03-28 05:48:39,543.4522755185321
2022-03-28 05:48:44,543.4415391419266
2022-03-28 05:48:49,527.05
2022-03-28 05:48:54,526.92
2022-03-28 05:48:59,526.92
2022-03-28 05:49:04,526.86
2022-03-28 05:49:09,526.82
2022-03-28 05:49:14,526.76
2022-03-28 05:49:19,543.3663845056877
2022-03-28 05:49:24,526.69
2022-03-28 05:49:29,526.63
2022-03-28 05:49:34,526.57
2022-03-28 05:49:39,526.57
2022-03-28 05:49:44,526.57
2022-03-28 05:49:49,526.53
2022-03-28 05:49:54,526.53
2022-03-28 05:49:59,526.47
2022-03-28 05:50:04,543.2697571162377
2022-03-28 05:50:09,526.47
2022-03-28 05:50:14,526.47
2022-03-28 05:50:19,526.47
2022-03-28 05:50:24,526.47
2022-03-28 05:50:29,526.47
2022-03-28 05:50:34,526.47
2022-03-28 05:50:39,526.48
2022-03-28 05:50:44,543.1838661033931
2022-03-28 05:50:49,526.54
2022-03-28 05:50:54,526.54
2022-03-28 05:50:59,543.1516569735765
2022-03-28 05:51:04,526.57
2022-03-28 05:51:09,526.64
2022-03-28 05:51:14,526.71
2022-03-28 05:51:19,543.1087114671542
2022-03-28 05:51:24,526.77
2022-03-28 05:51:29,526.84
2022-03-28 05:51:34,543.0765023373375
2022-03-28 05:51:39,526.87
2022-03-28 05:51:44,527.0
2022-03-28 05:51:49,543.0442932075208
2022-03-28 05:51:54,527.06
2022-03-28 05:51:59,527.1
2022-03-28 05:52:04,527.16
2022-03-28 05:52:09,527.16
2022-03-28 05:52:14,542.990611324493
2022-03-28 05:52:19,527.29
2022-03-28 05:52:24,527.39
2022-03-28 05:52:29,527.39
2022-03-28 05:52:34,527.52
2022-03-28 05:52:39,542.9369294414653
2022-03-28 05:52:44,527.61
2022-03-28 05:52:49,527.61
2022-03-28 05:52:54,542.9047203116486
2022-03-28 05:52:59,527.75
2022-03-28 05:53:04,542.8832475584375
2022-03-28 05:53:09,542.8725111818319
2022-03-28 05:53:14,527.91
2022-03-28 05:53:19,527.97
2022-03-28 05:53:24,528.04
2022-03-28 05:53:29,528.1
2022-03-28 05:53:34,542.8188292988041
2022-03-28 05:53:39,542.8080929221985
2022-03-28 05:53:44,528.26
2022-03-28 05:53:49,542.7866201689874
2022-03-28 05:53:54,528.33
2022-03-28 05:53:59,528.39
2022-03-28 05:54:04,542.7544110391707
2022-03-28 05:54:09,528.49
2022-03-28 05:54:14,528.55
2022-03-28 05:54:19,528.62
2022-03-28 05:54:24,528.62
2022-03-28 05:54:29,528.71
2022-03-28 05:54:34,528.71
2022-03-28 05:54:39,542.6792564029317
2022-03-28 05:54:44,528.84
2022-03-28 05:54:49,528.91
2022-03-28 05:54:54,542.647047273115
2022-03-28 05:54:59,542.6363108965095
2022-03-28 05:55:04,529.0
2022-03-28 05:55:09,529.07
2022-03-28 05:55:14,542.6041017666928
2022-03-28 05:55:19,529.16
2022-03-28 05:55:24,529.22
2022-03-28 05:55:29,529.22
2022-03-28 05:55:34,542.5611562602705
2022-03-28 05:55:39,542.550419883665
2022-03-28 05:55:44,529.41
2022-03-28 05:55:49,529.44
2022-03-28 05:55:54,542.5182107538484
2022-03-28 05:55:59,529.58
2022-03-28 05:56:04,529.57
2022-03-28 05:56:09,529.67
2022-03-28 05:56:14,529.67
2022-03-28 05:56:19,529.73
2022-03-28 05:56:24,529.73
2022-03-28 05:56:29,529.8
2022-03-28 05:56:34,529.86
2022-03-28 05:56:39,542.4215833643983
2022-03-28 05:56:44,529.93
2022-03-28 05:56:49,529.96
2022-03-28 05:56:54,529.96
2022-03-28 05:56:59,530.02
2022-03-28 05:57:04,530.08
2022-03-28 05:57:09,530.08
2022-03-28 05:57:14,530.14
2022-03-28 05:57:19,530.18
2022-03-28 05:57:24,542.3249559749482
2022-03-28 05:57:29,530.3
2022-03-28 05:57:34,530.3
2022-03-28 05:57:39,530.37
2022-03-28 05:57:44,530.46
2022-03-28 05:57:49,530.53
2022-03-28 05:57:54,542.2605377153149
2022-03-28 05:57:59,530.59
2022-03-28 05:58:04,542.2390649621037
2022-03-28 05:58:09,530.65
2022-03-28 05:58:14,542.2175922088926
2022-03-28 05:58:19,542.206855832287
2022-03-28 05:58:24,530.81
2022-03-28 05:58:29,542.1853830790759
2022-03-28 05:58:34,542.1746467024703
2022-03-28 05:58:39,530.97
2022-03-28 05:58:44,531.04
2022-03-28 05:58:49,531.1
2022-03-28 05:58:54,531.16
2022-03-28 05:58:59,531.19
2022-03-28 05:59:04,531.19
2022-03-28 05:59:09,542.1617907999639
2022-03-28 05:59:14,531.39
2022-03-28 05:59:19,531.45
2022-03-28 05:59:24,531.48
2022-03-28 05:59:29,531.55
2022-03-28 05:59:34,542.1688852684774
2022-03-28 05:59:39,531.61
2022-03-28 05:59:44,531.71
2022-03-28 05:59:49,542.1731419495854
2022-03-28 05:59:54,531.84
2022-03-28 05:59:59,531.9
2022-03-28 06:00:04,531.97
2022-03-28 06:00:09,531.97
2022-03-28 06:00:14,542.1802364180988
2022-03-28 06:00:19,542.1816553118016
2022-03-28 06:00:24,532.22
2022-03-28 06:00:29,532.22
2022-03-28 06:00:34,542.1859119929096
2022-03-28 06:00:39,542.1873308866124
2022-03-28 06:00:44,532.35
2022-03-28 06:00:49,532.42
2022-03-28 06:00:54,532.48
2022-03-28 06:00:59,532.58
2022-03-28 06:01:04,532.58
2022-03-28 06:01:09,542.1958442488284
2022-03-28 06:01:14,542.1972631425311
2022-03-28 06:01:19,532.74
2022-03-28 06:01:24,532.8
2022-03-28 06:01:29,542.2015198236392
2022-03-28 06:01:34,532.87
2022-03-28 06:01:39,542.2043576110445
2022-03-28 06:01:44,542.2057765047473
2022-03-28 06:01:49,542.2071953984499
2022-03-28 06:01:54,533.16
2022-03-28 06:01:59,542.2100331858553
2022-03-28 06:02:04,533.26
2022-03-28 06:02:09,533.39
2022-03-28 06:02:14,533.39
2022-03-28 06:02:19,542.2157087606661
2022-03-28 06:02:24,533.55
2022-03-28 06:02:29,533.62
2022-03-28 06:02:34,542.2199654417741
2022-03-28 06:02:39,533.78
2022-03-28 06:02:44,533.91
2022-03-28 06:02:49,533.97
2022-03-28 06:02:54,534.04
2022-03-28 06:02:59,534.07
2022-03-28 06:03:04,534.2
2022-03-28 06:03:09,534.27
2022-03-28 06:03:14,534.3
2022-03-28 06:03:19,542.2327354850984
2022-03-28 06:03:24,534.49
2022-03-28 06:03:29,542.2355732725036
2022-03-28 06:03:34,534.59
2022-03-28 06:03:39,542.238411059909
2022-03-28 06:03:44,534.79
2022-03-28 06:03:49,534.82
2022-03-28 06:03:54,534.95
2022-03-28 06:03:59,535.01
2022-03-28 06:04:04,535.08
2022-03-28 06:04:09,535.11
2022-03-28 06:04:14,535.24
2022-03-28 06:04:19,535.3
2022-03-28 06:04:24,535.4
2022-03-28 06:04:29,542.2525999969359
2022-03-28 06:04:34,535.6
2022-03-28 06:04:39,535.76
2022-03-28 06:04:44,535.82
2022-03-28 06:04:49,542.2582755717467
2022-03-28 06:04:54,536.05
2022-03-28 06:04:59,542.2611133591521
2022-03-28 06:05:04,536.27
2022-03-28 06:05:09,536.37
2022-03-28 06:05:14,542.2653700402601
2022-03-28 06:05:19,542.2667889339629
2022-03-28 06:05:24,536.72
2022-03-28 06:05:29,542.2696267213682
2022-03-28 06:05:34,542.2710456150709
2022-03-28 06:05:39,537.02
2022-03-28 06:05:44,542.2738834024763
2022-03-28 06:05:49,537.31
2022-03-28 06:05:54,542.2767211898816
2022-03-28 06:05:59,537.46
2022-03-28 06:06:04,537.59
2022-03-28 06:06:09,537.69
2022-03-28 06:06:14,537.76
2022-03-28 06:06:19,537.92
2022-03-28 06:06:24,537.98
2022-03-28 06:06:29,538.05
2022-03-28 06:06:34,542.2880723395031
2022-03-28 06:06:39,542.2894912332058
2022-03-28 06:06:44,538.34
2022-03-28 06:06:49,538.43
2022-03-28 06:06:54,538.5
2022-03-28 06:06:59,538.56
2022-03-28 06:07:04,542.2965857017192
2022-03-28 06:07:09,542.298004595422
2022-03-28 06:07:14,538.91
2022-03-28 06:07:19,539.01
2022-03-28 06:07:24,542.30226127653
2022-03-28 06:07:29,539.14
2022-03-28 06:07:34,542.3050990639354
2022-03-28 06:07:39,542.3065179576381
2022-03-28 06:07:44,542.3079368513407
2022-03-28 06:07:49,539.46
2022-03-28 06:07:54,542.3107746387461
2022-03-28 06:07:59,539.65
2022-03-28 06:08:04,539.75
2022-03-28 06:08:09,539.81
2022-03-28 06:08:14,539.94
2022-03-28 06:08:19,539.94
2022-03-28 06:08:24,540.03
2022-03-28 06:08:29,542.3207068946649
2022-03-28 06:08:34,540.23
2022-03-28 06:08:39,540.26
2022-03-28 06:08:44,542.324963575773
2022-03-28 06:08:49,540.39
2022-03-28 06:08:54,540.45
2022-03-28 06:08:59,540.48
2022-03-28 06:09:04,542.3306391505837
2022-03-28 06:09:09,540.61
2022-03-28 06:09:14,542.3334769379891
2022-03-28 06:09:19,540.74
2022-03-28 06:09:24,540.77
2022-03-28 06:09:29,540.9
2022-03-28 06:09:34,542.3391525127998
2022-03-28 06:09:39,542.3405714065026
2022-03-28 06:09:44,541.06
2022-03-28 06:09:49,542.343409193908
2022-03-28 06:09:54,541.18
2022-03-28 06:09:59,542.3462469813134
2022-03-28 06:10:04,541.28
2022-03-28 06:10:09,542.3490847687186
2022-03-28 06:10:14,541.4
2022-03-28 06:10:19,541.5
2022-03-28 06:10:24,541.56
2022-03-28 06:10:29,541.63
2022-03-28 06:10:34,541.69
2022-03-28 06:10:39,542.3575981309348
2022-03-28 06:10:44,541.85
2022-03-28 06:10:49,541.92
2022-03-28 06:10:54,541.98
2022-03-28 06:10:59,542.01
2022-03-28 06:11:04,542.08
2022-03-28 06:11:09,542.2
2022-03-28 06:11:14,542.2
2022-03-28 06:11:19,542.3
2022-03-28 06:11:24,542.37
2022-03-28 06:11:29,542.49
2022-03-28 06:11:34,542.53
2022-03-28 06:11:39,542.59
2022-03-28 06:11:44,542.59
2022-03-28 06:11:49,542.66
2022-03-28 06:11:54,542.72
2022-03-28 06:11:59,542.78
2022-03-28 06:12:04,542.88
2022-03-28 06:12:09,542.3831382175832
2022-03-28 06:12:14,542.94
2022-03-28 06:12:19,543.01
2022-03-28 06:12:24,543.04
2022-03-28 06:12:29,542.3888137923939
2022-03-28 06:12:34,542.3902326860966
2022-03-28 06:12:39,543.11
2022-03-28 06:12:44,543.17
2022-03-28 06:12:49,543.17
2022-03-28 06:12:54,543.17
2022-03-28 06:12:59,543.17
2022-03-28 06:13:04,543.11
2022-03-28 06:13:09,543.11
2022-03-28 06:13:14,543.11
2022-03-28 06:13:19,543.04
2022-03-28 06:13:24,543.11
2022-03-28 06:13:29,543.04
2022-03-28 06:13:34,543.01
2022-03-28 06:13:39,543.01
2022-03-28 06:13:44,542.95
2022-03-28 06:13:49,542.95
2022-03-28 06:13:54,542.359425261422
2022-03-28 06:13:59,542.3567489823042
2022-03-28 06:14:04,542.79
2022-03-28 06:14:09,542.3513964240688
2022-03-28 06:14:14,542.73
2022-03-28 06:14:19,542.66
2022-03-28 06:14:24,542.3433675867155
2022-03-28 06:14:29,542.53
2022-03-28 06:14:34,542.5
2022-03-28 06:14:39,542.44
2022-03-28 06:14:44,542.3326624702446
2022-03-28 06:14:49,542.3299861911269
2022-03-28 06:14:54,542.3273099120091
2022-03-28 06:14:59,542.09
2022-03-28 06:15:04,542.3219573537737
2022-03-28 06:15:09,542.3192810746559
2022-03-28 06:15:14,542.3166047955382
2022-03-28 06:15:19,542.3139285164204
2022-03-28 06:15:24,541.51
2022-03-28 06:15:29,541.35
2022-03-28 06:15:34,542.3058996790674
2022-03-28 06:15:39,541.12
2022-03-28 06:15:44,540.97
2022-03-28 06:15:49,540.9
2022-03-28 06:15:54,540.74
2022-03-28 06:15:59,542.2925182834787
2022-03-28 06:16:04,540.48
2022-03-28 06:16:09,540.39
2022-03-28 06:16:14,540.26
2022-03-28 06:16:19,542.2818131670077
2022-03-28 06:16:24,540.03
2022-03-28 06:16:29,539.94
2022-03-28 06:16:34,539.81
2022-03-28 06:16:39,539.71
2022-03-28 06:16:44,539.52
2022-03-28 06:16:49,542.2657554923013
2022-03-28 06:16:54,539.36
2022-03-28 06:16:59,539.23
2022-03-28 06:17:04,539.14
2022-03-28 06:17:09,539.01
2022-03-28 06:17:14,538.91
2022-03-28 06:17:19,538.85
2022-03-28 06:17:24,538.72
2022-03-28 06:17:29,538.62
2022-03-28 06:17:34,538.62
2022-03-28 06:17:39,538.49
2022-03-28 06:17:44,538.43
2022-03-28 06:17:49,542.2336401428886
2022-03-28 06:17:54,542.2309638637709
2022-03-28 06:17:59,542.2282875846531
2022-03-28 06:18:04,542.2256113055354
2022-03-28 06:18:09,538.04
2022-03-28 06:18:14,542.2202587472999
2022-03-28 06:18:19,537.88
2022-03-28 06:18:24,542.2149061890644
2022-03-28 06:18:29,542.2122299099467
2022-03-28 06:18:34,537.69
2022-03-28 06:18:39,537.59
2022-03-28 06:18:44,542.2042010725935
2022-03-28 06:18:49,537.46
2022-03-28 06:18:54,542.198848514358
2022-03-28 06:18:59,542.1961722352403
2022-03-28 06:19:04,537.36
2022-03-28 06:19:09,542.1908196770048
2022-03-28 06:19:14,537.17
2022-03-28 06:19:19,542.1854671187693
2022-03-28 06:19:24,537.13
2022-03-28 06:19:29,537.14
2022-03-28 06:19:34,537.13
2022-03-28 06:19:39,537.0
2022-03-28 06:19:44,536.94
2022-03-28 06:19:49,542.169409444063
2022-03-28 06:19:54,542.1667331649453
2022-03-28 06:19:59,542.1640568858276
2022-03-28 06:20:04,536.78
2022-03-28 06:20:09,542.1587043275921
2022-03-28 06:20:14,542.1560280484744
2022-03-28 06:20:19,536.64
2022-03-28 06:20:24,536.64
2022-03-28 06:20:29,536.64
2022-03-28 06:20:34,536.61
2022-03-28 06:20:39,536.54
2022-03-28 06:20:44,536.54
2022-03-28 06:20:49,542.1372940946502
2022-03-28 06:20:54,542.1346178155325
2022-03-28 06:20:59,536.54
2022-03-28 06:21:04,536.48
2022-03-28 06:21:09,536.48
2022-03-28 06:21:14,542.1239126990615
2022-03-28 06:21:19,542.1212364199438
2022-03-28 06:21:24,536.48
2022-03-28 06:21:29,536.47
2022-03-28 06:21:34,536.48
2022-03-28 06:21:39,536.41
2022-03-28 06:21:44,542.1078550243552
2022-03-28 06:21:49,536.47
2022-03-28 06:21:54,536.47
2022-03-28 06:21:59,542.099826187002
2022-03-28 06:22:04,542.0971499078843
2022-03-28 06:22:09,536.4
2022-03-28 06:22:14,542.0917973496488
2022-03-28 06:22:19,542.0891210705311
2022-03-28 06:22:24,542.0864447914133
2022-03-28 06:22:29,536.53
2022-03-28 06:22:34,536.53
2022-03-28 06:22:39,542.0784159540601
2022-03-28 06:22:44,536.53
2022-03-28 06:22:49,542.0730633958246
2022-03-28 06:22:54,536.59
2022-03-28 06:22:59,542.0677108375892
2022-03-28 06:23:04,542.0650345584714
2022-03-28 06:23:09,536.69
2022-03-28 06:23:14,536.75
2022-03-28 06:23:19,542.0570057211182
2022-03-28 06:23:24,536.82
2022-03-28 06:23:29,536.85
2022-03-28 06:23:34,536.85
2022-03-28 06:23:39,536.92
2022-03-28 06:23:44,542.0436243255297
2022-03-28 06:23:49,542.0409480464119
2022-03-28 06:23:54,537.11
2022-03-28 06:23:59,542.0355954881765
2022-03-28 06:24:04,537.27
2022-03-28 06:24:09,537.37
2022-03-28 06:24:14,537.5
2022-03-28 06:24:19,537.63
2022-03-28 06:24:24,537.66
2022-03-28 06:24:29,537.79
2022-03-28 06:24:34,537.95
2022-03-28 06:24:39,538.08
2022-03-28 06:24:44,538.17
2022-03-28 06:24:49,538.37
2022-03-28 06:24:54,542.0061564178814
2022-03-28 06:24:59,538.66
2022-03-28 06:25:04,538.75
2022-03-28 06:25:09,541.9981275805281
2022-03-28 06:25:14,541.9954513014104
2022-03-28 06:25:19,539.27
2022-03-28 06:25:24,541.9900987431749
2022-03-28 06:25:29,541.9874224640572
2022-03-28 06:25:34,539.85
2022-03-28 06:25:39,539.95
2022-03-28 06:25:44,540.21
2022-03-28 06:25:49,540.37
2022-03-28 06:25:54,540.53
2022-03-28 06:25:59,541.9713647893509
2022-03-28 06:26:04,541.9686885102332
2022-03-28 06:26:09,541.11
2022-03-28 06:26:14,541.9633359519977
2022-03-28 06:26:19,541.46
2022-03-28 06:26:24,541.63
2022-03-28 06:26:29,541.9553071146445
2022-03-28 06:26:34,541.98
2022-03-28 06:26:39,542.15
2022-03-28 06:26:44,541.9472782772913
2022-03-28 06:26:49,541.9446019981735
2022-03-28 06:26:54,542.6
2022-03-28 06:26:59,542.79
2022-03-28 06:27:04,541.8850199207766
2022-03-28 06:27:09,543.11
2022-03-28 06:27:14,543.24
2022-03-28 06:27:19,543.34
2022-03-28 06:27:24,541.7716102987994
2022-03-28 06:27:29,541.7432578933051
2022-03-28 06:27:34,543.86
2022-03-28 06:27:39,543.99
2022-03-28 06:27:44,544.05
2022-03-28 06:27:49,544.15
2022-03-28 06:27:54,544.28
2022-03-28 06:27:59,544.38
2022-03-28 06:28:04,544.44
2022-03-28 06:28:09,544.57
2022-03-28 06:28:14,544.67
2022-03-28 06:28:19,541.4597338383621
2022-03-28 06:28:24,544.86
2022-03-28 06:28:29,544.9
2022-03-28 06:28:34,544.96
2022-03-28 06:28:39,545.09
2022-03-28 06:28:44,541.3179718108905
2022-03-28 06:28:49,545.18
2022-03-28 06:28:54,545.25
2022-03-28 06:28:59,541.2329145944077
2022-03-28 06:29:04,541.2045621889133
2022-03-28 06:29:09,545.41
2022-03-28 06:29:14,545.48
2022-03-28 06:29:19,541.1195049724305
2022-03-28 06:29:24,545.54
2022-03-28 06:29:29,545.54
2022-03-28 06:29:34,545.54
2022-03-28 06:29:39,545.54
2022-03-28 06:29:44,545.6
2022-03-28 06:29:49,540.9493905394646
2022-03-28 06:29:54,545.54
2022-03-28 06:29:59,545.6
2022-03-28 06:30:04,545.6
2022-03-28 06:30:09,545.54
2022-03-28 06:30:14,545.54
2022-03-28 06:30:19,540.7792761064989
2022-03-28 06:30:24,545.54
2022-03-28 06:30:29,540.7225712955103
2022-03-28 06:30:34,540.6942188900159
2022-03-28 06:30:39,545.38
2022-03-28 06:30:44,540.6375140790274
2022-03-28 06:30:49,545.25
2022-03-28 06:30:54,545.18
2022-03-28 06:30:59,545.12
2022-03-28 06:31:04,545.12
2022-03-28 06:31:09,545.08
2022-03-28 06:31:14,540.4673996460615
2022-03-28 06:31:19,544.96
2022-03-28 06:31:24,544.89
2022-03-28 06:31:29,540.3823424295786
2022-03-28 06:31:34,544.79
2022-03-28 06:31:39,544.66
2022-03-28 06:31:44,540.2972852130957
2022-03-28 06:31:49,544.6
2022-03-28 06:31:54,544.5
2022-03-28 06:31:59,544.37
2022-03-28 06:32:04,544.37
2022-03-28 06:32:09,544.27
2022-03-28 06:32:14,544.21
2022-03-28 06:32:19,544.14
2022-03-28 06:32:24,544.08
2022-03-28 06:32:29,543.98
2022-03-28 06:32:34,543.92
2022-03-28 06:32:39,543.85
2022-03-28 06:32:44,543.75
2022-03-28 06:32:49,543.69
2022-03-28 06:32:54,539.9003515361755
2022-03-28 06:32:59,543.46
2022-03-28 06:33:04,543.39
2022-03-28 06:33:09,543.3
2022-03-28 06:33:14,539.7869419141983
2022-03-28 06:33:19,543.04
2022-03-28 06:33:24,542.94
2022-03-28 06:33:29,542.81
2022-03-28 06:33:34,539.6735322922211
2022-03-28 06:33:39,539.6451798867267
2022-03-28 06:33:44,539.6168274812326
2022-03-28 06:33:49,542.36
2022-03-28 06:33:54,542.3
2022-03-28 06:33:59,542.2
2022-03-28 06:34:04,539.5034178592554
2022-03-28 06:34:09,542.0
2022-03-28 06:34:14,541.85
2022-03-28 06:34:19,539.4183606427724
2022-03-28 06:34:24,541.68
2022-03-28 06:34:29,541.55
2022-03-28 06:34:34,541.46
2022-03-28 06:34:39,539.3049510207952
2022-03-28 06:34:44,541.27
2022-03-28 06:34:49,539.2482462098067
2022-03-28 06:34:54,541.1
2022-03-28 06:34:59,540.94
2022-03-28 06:35:04,539.1631889933237
2022-03-28 06:35:09,540.75
2022-03-28 06:35:14,540.65
2022-03-28 06:35:19,540.46
2022-03-28 06:35:24,540.46
2022-03-28 06:35:29,539.0214269658522
2022-03-28 06:35:34,540.23
2022-03-28 06:35:39,540.14
2022-03-28 06:35:44,538.9363697493693
2022-03-28 06:35:49,540.01
2022-03-28 06:35:54,538.8796649383808
2022-03-28 06:35:59,538.8513125328864
2022-03-28 06:36:04,539.78
2022-03-28 06:36:09,539.69
2022-03-28 06:36:14,538.7662553164035
2022-03-28 06:36:19,538.7379029109092
2022-03-28 06:36:24,538.7095505054149
2022-03-28 06:36:29,539.5
2022-03-28 06:36:34,539.43
2022-03-28 06:36:39,539.4
2022-03-28 06:36:44,539.34
2022-03-28 06:36:49,538.5677884779434
2022-03-28 06:36:54,539.27
2022-03-28 06:36:59,539.21
2022-03-28 06:37:04,539.21
2022-03-28 06:37:09,539.18
2022-03-28 06:37:14,539.18
2022-03-28 06:37:19,539.11
2022-03-28 06:37:24,539.05
2022-03-28 06:37:29,539.05
2022-03-28 06:37:34,539.05
2022-03-28 06:37:39,538.2842644230004
2022-03-28 06:37:44,538.92
2022-03-28 06:37:49,538.92
2022-03-28 06:37:54,538.89
2022-03-28 06:37:59,538.89
2022-03-28 06:38:04,538.9
2022-03-28 06:38:09,538.9
2022-03-28 06:38:14,538.0857975845403
2022-03-28 06:38:19,538.057445179046
2022-03-28 06:38:24,538.77
2022-03-28 06:38:29,538.77
2022-03-28 06:38:34,538.77
2022-03-28 06:38:39,537.9440355570688
2022-03-28 06:38:44,538.71
2022-03-28 06:38:49,538.71
2022-03-28 06:38:54,538.71
2022-03-28 06:38:59,538.71
2022-03-28 06:39:04,537.8022735295972
2022-03-28 06:39:09,538.71
2022-03-28 06:39:14,538.78
2022-03-28 06:39:19,537.7172163131144
2022-03-28 06:39:24,537.6888639076201
2022-03-28 06:39:29,538.78
2022-03-28 06:39:34,538.84
2022-03-28 06:39:39,538.91
2022-03-28 06:39:44,538.9
2022-03-28 06:39:49,538.94
2022-03-28 06:39:54,538.94
2022-03-28 06:39:59,538.94
2022-03-28 06:40:04,537.4620446636657
2022-03-28 06:40:09,539.07
2022-03-28 06:40:14,539.07
2022-03-28 06:40:19,537.3769874471827
2022-03-28 06:40:24,537.3486350416885
2022-03-28 06:40:29,539.2
2022-03-28 06:40:34,539.23
2022-03-28 06:40:39,537.2635778252055
2022-03-28 06:40:44,539.3
2022-03-28 06:40:49,537.206873014217
2022-03-28 06:40:54,539.3
2022-03-28 06:40:59,539.36
2022-03-28 06:41:04,539.43
2022-03-28 06:41:09,537.1887725146296
2022-03-28 06:41:14,537.2093186648997
2022-03-28 06:41:19,539.52
2022-03-28 06:41:24,539.59
2022-03-28 06:41:29,539.59
2022-03-28 06:41:34,539.65
2022-03-28 06:41:39,537.3120494162495
2022-03-28 06:41:44,539.75
2022-03-28 06:41:49,539.75
2022-03-28 06:41:54,537.3736878670594
2022-03-28 06:41:59,539.88
2022-03-28 06:42:04,539.97
2022-03-28 06:42:09,540.04
2022-03-28 06:42:14,540.03
2022-03-28 06:42:19,537.4764186184093
2022-03-28 06:42:24,540.23
2022-03-28 06:42:29,540.26
2022-03-28 06:42:34,540.39
2022-03-28 06:42:39,540.45
2022-03-28 06:42:44,540.61
2022-03-28 06:42:49,540.61
2022-03-28 06:42:54,537.620241670299
2022-03-28 06:42:59,540.83
2022-03-28 06:43:04,540.96
2022-03-28 06:43:09,541.06
2022-03-28 06:43:14,541.13
2022-03-28 06:43:19,541.19
2022-03-28 06:43:24,541.35
2022-03-28 06:43:29,541.51
2022-03-28 06:43:34,537.7846108724589
2022-03-28 06:43:39,541.7
2022-03-28 06:43:44,537.8257031729987
2022-03-28 06:43:49,537.8462493232687
2022-03-28 06:43:54,537.8667954735387
2022-03-28 06:43:59,542.15
2022-03-28 06:44:04,542.21
2022-03-28 06:44:09,537.9284339243486
2022-03-28 06:44:14,542.44
2022-03-28 06:44:19,542.6
2022-03-28 06:44:24,542.72
2022-03-28 06:44:29,542.82
2022-03-28 06:44:34,542.95
2022-03-28 06:44:39,538.0517108259685
2022-03-28 06:44:44,543.11
2022-03-28 06:44:49,538.0928031265083
2022-03-28 06:44:54,543.3
2022-03-28 06:44:59,543.39
2022-03-28 06:45:04,538.1544415773183
2022-03-28 06:45:09,538.1749877275882
2022-03-28 06:45:14,538.1955338778582
2022-03-28 06:45:19,543.68
2022-03-28 06:45:24,543.75
2022-03-28 06:45:29,543.84
2022-03-28 06:45:34,543.84
2022-03-28 06:45:39,538.2982646292081
2022-03-28 06:45:44,543.97
2022-03-28 06:45:49,538.3393569297481
2022-03-28 06:45:54,544.04
2022-03-28 06:45:59,544.07
2022-03-28 06:46:04,544.13
2022-03-28 06:46:09,544.13
2022-03-28 06:46:14,544.19
2022-03-28 06:46:19,544.19
2022-03-28 06:46:24,544.19
2022-03-28 06:46:29,544.26
2022-03-28 06:46:34,544.26
2022-03-28 06:46:39,544.26
2022-03-28 06:46:44,544.26
2022-03-28 06:46:49,544.32
2022-03-28 06:46:54,538.6064568832577
2022-03-28 06:46:59,538.6270030335277
2022-03-28 06:47:04,538.6475491837977
2022-03-28 06:47:09,544.35
2022-03-28 06:47:14,538.6886414843375
2022-03-28 06:47:19,538.7091876346076
2022-03-28 06:47:24,538.7297337848776
2022-03-28 06:47:29,544.42
2022-03-28 06:47:34,544.48
2022-03-28 06:47:39,544.49
2022-03-28 06:47:44,544.48
2022-03-28 06:47:49,544.55
2022-03-28 06:47:54,544.55
2022-03-28 06:47:59,538.8735568367673
2022-03-28 06:48:04,544.64
2022-03-28 06:48:09,544.64
2022-03-28 06:48:14,544.64
2022-03-28 06:48:19,538.9557414378472
2022-03-28 06:48:24,544.71
2022-03-28 06:48:29,544.71
2022-03-28 06:48:34,544.78
2022-03-28 06:48:39,544.78
2022-03-28 06:48:44,544.84
2022-03-28 06:48:49,539.0790183394671
2022-03-28 06:48:54,544.88
2022-03-28 06:48:59,539.1201106400069
2022-03-28 06:49:04,539.1406567902769
2022-03-28 06:49:09,544.94
2022-03-28 06:49:14,539.1817490908169
2022-03-28 06:49:19,539.2022952410869
2022-03-28 06:49:24,545.01
2022-03-28 06:49:29,539.2433875416268
2022-03-28 06:49:34,539.2639336918968
2022-03-28 06:49:39,545.11
2022-03-28 06:49:44,545.1
2022-03-28 06:49:49,545.11
2022-03-28 06:49:54,545.17
2022-03-28 06:49:59,545.17
2022-03-28 06:50:04,545.17
2022-03-28 06:50:09,539.4077567437866
2022-03-28 06:50:14,545.17
2022-03-28 06:50:19,545.24
2022-03-28 06:50:24,545.24
2022-03-28 06:50:29,539.4899413448665
2022-03-28 06:50:34,545.31
2022-03-28 06:50:39,545.24
2022-03-28 06:50:44,545.31
2022-03-28 06:50:49,545.31
2022-03-28 06:50:54,539.5926720962163
2022-03-28 06:50:59,545.38
2022-03-28 06:51:04,539.6337643967563
2022-03-28 06:51:09,545.38
2022-03-28 06:51:14,539.6748566972963
2022-03-28 06:51:19,545.38
2022-03-28 06:51:24,539.7159489978361
2022-03-28 06:51:29,545.38
2022-03-28 06:51:34,545.32
2022-03-28 06:51:39,539.777587448646
2022-03-28 06:51:44,545.25
2022-03-28 06:51:49,545.25
2022-03-28 06:51:54,539.839225899456
2022-03-28 06:51:59,545.19
2022-03-28 06:52:04,545.19
2022-03-28 06:52:09,539.9008643502659
2022-03-28 06:52:14,545.09
2022-03-28 06:52:19,545.03
2022-03-28 06:52:24,545.03
2022-03-28 06:52:29,544.96
2022-03-28 06:52:34,540.0035951016158
2022-03-28 06:52:39,540.0241412518857
2022-03-28 06:52:44,540.0446874021557
2022-03-28 06:52:49,544.74
2022-03-28 06:52:54,540.0857797026956
2022-03-28 06:52:59,544.51
2022-03-28 06:53:04,540.1268720032356
2022-03-28 06:53:09,544.36
2022-03-28 06:53:14,544.22
2022-03-28 06:53:19,544.16
2022-03-28 06:53:24,544.07
2022-03-28 06:53:29,543.93
2022-03-28 06:53:34,543.84
2022-03-28 06:53:39,543.71
2022-03-28 06:53:44,540.2912412053953
2022-03-28 06:53:49,540.3117873556653
2022-03-28 06:53:54,543.32
2022-03-28 06:53:59,543.19
2022-03-28 06:54:04,540.3734258064752
2022-03-28 06:54:09,542.97
2022-03-28 06:54:14,542.84
2022-03-28 06:54:19,542.74
2022-03-28 06:54:24,542.61
2022-03-28 06:54:29,540.4761565578251
2022-03-28 06:54:34,542.38
2022-03-28 06:54:39,542.29
2022-03-28 06:54:44,542.22
2022-03-28 06:54:49,542.09
2022-03-28 06:54:54,542.0
2022-03-28 06:54:59,541.87
2022-03-28 06:55:04,541.8
2022-03-28 06:55:09,540.6017417608441
2022-03-28 06:55:14,541.64
2022-03-28 06:55:19,540.5557192325447
2022-03-28 06:55:24,541.48
2022-03-28 06:55:29,541.35
2022-03-28 06:55:34,540.4866854400956
2022-03-28 06:55:39,541.19
2022-03-28 06:55:44,540.4406629117963
2022-03-28 06:55:49,540.4176516476465
2022-03-28 06:55:54,540.9
2022-03-28 06:55:59,540.83
2022-03-28 06:56:04,540.73
2022-03-28 06:56:09,540.6
2022-03-28 06:56:14,540.3025953268981
2022-03-28 06:56:19,540.44
2022-03-28 06:56:24,540.38
2022-03-28 06:56:29,540.25
2022-03-28 06:56:34,540.2105502702993
2022-03-28 06:56:39,540.15
2022-03-28 06:56:44,540.08
2022-03-28 06:56:49,539.95
2022-03-28 06:56:54,539.86
2022-03-28 06:56:59,539.79
2022-03-28 06:57:04,539.69
2022-03-28 06:57:09,539.56
2022-03-28 06:57:14,539.56
2022-03-28 06:57:19,540.0034488929521
2022-03-28 06:57:24,539.9804376288024
2022-03-28 06:57:29,539.33
2022-03-28 06:57:34,539.27
2022-03-28 06:57:39,539.9114038363533
2022-03-28 06:57:44,539.17
2022-03-28 06:57:49,539.865381308054
2022-03-28 06:57:54,538.98
2022-03-28 06:57:59,539.8193587797546
2022-03-28 06:58:04,538.91
2022-03-28 06:58:09,538.88
2022-03-28 06:58:14,538.88
2022-03-28 06:58:19,539.7273137231558
2022-03-28 06:58:24,538.75
2022-03-28 06:58:29,538.75
2022-03-28 06:58:34,538.69
2022-03-28 06:58:39,538.65
2022-03-28 06:58:44,538.59
2022-03-28 06:58:49,538.59
2022-03-28 06:58:54,538.53
2022-03-28 06:58:59,538.46
2022-03-28 06:59:04,538.4
2022-03-28 06:59:09,538.4
2022-03-28 06:59:14,539.4741898175092
2022-03-28 06:59:19,538.37
2022-03-28 06:59:24,538.24
2022-03-28 06:59:29,539.4051560250601
2022-03-28 06:59:34,539.3821447609105
2022-03-28 06:59:39,538.18
2022-03-28 06:59:44,538.18
2022-03-28 06:59:49,539.3131109684614
2022-03-28 06:59:54,539.2900997043116
2022-03-28 06:59:59,538.08
2022-03-28 07:00:04,538.15
2022-03-28 07:00:09,538.08
2022-03-28 07:00:14,539.198054647713
2022-03-28 07:00:19,538.08
2022-03-28 07:00:24,538.08
2022-03-28 07:00:29,539.1290208552639
2022-03-28 07:00:34,538.08
2022-03-28 07:00:39,538.08
2022-03-28 07:00:44,538.15
2022-03-28 07:00:49,539.0369757986651
2022-03-28 07:00:54,539.0139645345154
2022-03-28 07:00:59,538.15
2022-03-28 07:01:04,538.967942006216
2022-03-28 07:01:09,538.15
2022-03-28 07:01:14,538.15
2022-03-28 07:01:19,538.24
2022-03-28 07:01:24,538.18
2022-03-28 07:01:29,538.8528856854675
2022-03-28 07:01:34,538.31
2022-03-28 07:01:39,538.31
2022-03-28 07:01:44,538.7838518930184
2022-03-28 07:01:49,538.38
2022-03-28 07:01:54,538.38
2022-03-28 07:01:59,538.41
2022-03-28 07:02:04,538.41
2022-03-28 07:02:09,538.66879557227
2022-03-28 07:02:14,538.6457843081204
2022-03-28 07:02:19,538.54
2022-03-28 07:02:24,538.54
2022-03-28 07:02:29,538.61
2022-03-28 07:02:34,538.5537392515216
2022-03-28 07:02:39,538.530727987372
2022-03-28 07:02:44,538.5077167232222
2022-03-28 07:02:49,538.71
2022-03-28 07:02:54,538.77
2022-03-28 07:02:59,538.84
2022-03-28 07:03:04,538.4156716666234
2022-03-28 07:03:09,538.84
2022-03-28 07:03:14,538.9
2022-03-28 07:03:19,538.3466378741743
2022-03-28 07:03:24,538.93
2022-03-28 07:03:29,538.300615345875
2022-03-28 07:03:34,539.06
2022-03-28 07:03:39,538.2545928175756
2022-03-28 07:03:44,539.13
2022-03-28 07:03:49,538.2085702892763
2022-03-28 07:03:54,539.22
2022-03-28 07:03:59,539.22
2022-03-28 07:04:04,539.29
2022-03-28 07:04:09,538.1165252326775
2022-03-28 07:04:14,539.42
2022-03-28 07:04:19,538.0705027043781
2022-03-28 07:04:24,539.42
2022-03-28 07:04:29,539.45
2022-03-28 07:04:34,539.52
2022-03-28 07:04:39,539.51
2022-03-28 07:04:44,537.9554463836296
2022-03-28 07:04:49,539.52
2022-03-28 07:04:54,537.9094238553303
2022-03-28 07:04:59,539.52
2022-03-28 07:05:04,539.52
2022-03-28 07:05:09,537.8403900628812
2022-03-28 07:05:14,539.45
2022-03-28 07:05:19,539.45
2022-03-28 07:05:24,539.42
2022-03-28 07:05:29,539.35
2022-03-28 07:05:34,539.29
2022-03-28 07:05:39,537.7023224779831
2022-03-28 07:05:44,537.6793112138333
2022-03-28 07:05:49,537.6562999496837
2022-03-28 07:05:54,537.633288685534
2022-03-28 07:05:59,537.6102774213844
2022-03-28 07:06:04,539.06
2022-03-28 07:06:09,539.06
2022-03-28 07:06:14,539.0
2022-03-28 07:06:19,538.93
2022-03-28 07:06:24,538.9
2022-03-28 07:06:29,538.83
2022-03-28 07:06:34,538.83
2022-03-28 07:06:39,538.77
2022-03-28 07:06:44,538.67
2022-03-28 07:06:49,537.3801647798874
2022-03-28 07:06:54,538.54
2022-03-28 07:06:59,537.334142251588
2022-03-28 07:07:04,538.48
2022-03-28 07:07:09,537.2881197232886
2022-03-28 07:07:14,538.38
2022-03-28 07:07:19,538.31
2022-03-28 07:07:24,538.31
2022-03-28 07:07:29,538.18
2022-03-28 07:07:34,537.1730634025402
2022-03-28 07:07:39,537.1500521383905
2022-03-28 07:07:44,537.1270408742407
2022-03-28 07:07:49,538.02
2022-03-28 07:07:54,537.0810183459414
2022-03-28 07:07:59,537.95
2022-03-28 07:08:04,537.0349958176421
2022-03-28 07:08:09,537.0119845534923
2022-03-28 07:08:14,537.85
2022-03-28 07:08:19,537.79
2022-03-28 07:08:24,537.78
2022-03-28 07:08:29,537.78
2022-03-28 07:08:34,537.72
2022-03-28 07:08:39,537.72
2022-03-28 07:08:44,536.8509057044445
2022-03-28 07:08:49,537.72
2022-03-28 07:08:54,536.8048831761452
2022-03-28 07:08:59,537.72
2022-03-28 07:09:04,537.71
2022-03-28 07:09:09,537.65
2022-03-28 07:09:14,537.65
2022-03-28 07:09:19,536.7844619057514
2022-03-28 07:09:24,536.8131157171692
2022-03-28 07:09:29,537.71
2022-03-28 07:09:34,536.870423340005
2022-03-28 07:09:39,536.899077151423
2022-03-28 07:09:44,536.9277309628408
2022-03-28 07:09:49,537.71
2022-03-28 07:09:54,537.77
2022-03-28 07:09:59,537.77
2022-03-28 07:10:04,537.0423462085123
2022-03-28 07:10:09,537.84
2022-03-28 07:10:14,537.84
2022-03-28 07:10:19,537.1283076427659
2022-03-28 07:10:24,537.84
2022-03-28 07:10:29,537.87
2022-03-28 07:10:34,537.84
2022-03-28 07:10:39,537.87
2022-03-28 07:10:44,537.87
2022-03-28 07:10:49,537.93
2022-03-28 07:10:54,538.0
2022-03-28 07:10:59,538.0
2022-03-28 07:11:04,537.3861919455268
2022-03-28 07:11:09,538.06
2022-03-28 07:11:14,538.0
2022-03-28 07:11:19,538.13
2022-03-28 07:11:24,538.13
2022-03-28 07:11:29,537.5294610026161
2022-03-28 07:11:34,538.16
2022-03-28 07:11:39,538.23
2022-03-28 07:11:44,538.29
2022-03-28 07:11:49,538.29
2022-03-28 07:11:54,537.6727300597055
2022-03-28 07:11:59,537.7013838711234
2022-03-28 07:12:04,538.39
2022-03-28 07:12:09,537.7586914939591
2022-03-28 07:12:14,538.45
2022-03-28 07:12:19,537.815999116795
2022-03-28 07:12:24,537.8446529282128
2022-03-28 07:12:29,538.52
2022-03-28 07:12:34,537.9019605510485
2022-03-28 07:12:39,538.65
2022-03-28 07:12:44,538.68
2022-03-28 07:12:49,538.74
2022-03-28 07:12:54,538.81
2022-03-28 07:12:59,538.81
2022-03-28 07:13:04,538.87
2022-03-28 07:13:09,538.97
2022-03-28 07:13:14,538.1311910423915
2022-03-28 07:13:19,539.04
2022-03-28 07:13:24,538.1884986652273
2022-03-28 07:13:29,539.1
2022-03-28 07:13:34,539.17
2022-03-28 07:13:39,538.2744600994808
2022-03-28 07:13:44,539.27
2022-03-28 07:13:49,538.3317677223166
2022-03-28 07:13:54,539.39
2022-03-28 07:13:59,539.4
2022-03-28 07:14:04,539.43
2022-03-28 07:14:09,539.49
2022-03-28 07:14:14,539.56
2022-03-28 07:14:19,538.5036905908239
2022-03-28 07:14:24,538.5323444022417
2022-03-28 07:14:29,539.62
2022-03-28 07:14:34,539.69
2022-03-28 07:14:39,538.6183058364954
2022-03-28 07:14:44,539.72
2022-03-28 07:14:49,538.6756134593312
2022-03-28 07:14:54,539.85
2022-03-28 07:14:59,539.85
2022-03-28 07:15:04,539.92
2022-03-28 07:15:09,539.95
2022-03-28 07:15:14,539.95
2022-03-28 07:15:19,540.02
2022-03-28 07:15:24,540.02
2022-03-28 07:15:29,540.02
2022-03-28 07:15:34,540.08
2022-03-28 07:15:39,540.08
2022-03-28 07:15:44,540.08
2022-03-28 07:15:49,539.0194591963457
2022-03-28 07:15:54,539.0481130077635
2022-03-28 07:15:59,540.21
2022-03-28 07:16:04,540.25
2022-03-28 07:16:09,540.25
2022-03-28 07:16:14,539.162728253435
2022-03-28 07:16:19,540.25
2022-03-28 07:16:24,540.25
2022-03-28 07:16:29,540.31
2022-03-28 07:16:34,539.2773434991066
2022-03-28 07:16:39,540.44
2022-03-28 07:16:44,540.44
2022-03-28 07:16:49,540.47
2022-03-28 07:16:54,540.53
2022-03-28 07:16:59,540.53
2022-03-28 07:17:04,540.6
2022-03-28 07:17:09,540.6
2022-03-28 07:17:14,540.66
2022-03-28 07:17:19,540.73
2022-03-28 07:17:24,539.5638816132853
2022-03-28 07:17:29,539.5925354247032
2022-03-28 07:17:34,540.76
2022-03-28 07:17:39,539.6498430475389
2022-03-28 07:17:44,539.6784968589568
2022-03-28 07:17:49,540.95
2022-03-28 07:17:54,539.7358044817925
2022-03-28 07:17:59,539.7644582932104
2022-03-28 07:18:04,539.7931121046283
2022-03-28 07:18:09,539.8217659160462
2022-03-28 07:18:14,541.05
2022-03-28 07:18:19,541.05
2022-03-28 07:18:24,541.05
2022-03-28 07:18:29,541.11
2022-03-28 07:18:34,539.9650349731355
2022-03-28 07:18:39,541.17
2022-03-28 07:18:44,541.18
2022-03-28 07:18:49,541.24
2022-03-28 07:18:54,541.24
2022-03-28 07:18:59,541.24
2022-03-28 07:19:04,540.1369578416428
2022-03-28 07:19:09,541.27
2022-03-28 07:19:14,540.1942654644785
2022-03-28 07:19:19,541.26
2022-03-28 07:19:24,541.27
2022-03-28 07:19:29,541.26
2022-03-28 07:19:34,541.33
2022-03-28 07:19:39,540.3375345215679
2022-03-28 07:19:44,541.33
2022-03-28 07:19:49,541.26
2022-03-28 07:19:54,541.26
2022-03-28 07:19:59,541.26
2022-03-28 07:20:04,540.4808035786573
2022-03-28 07:20:09,541.23
2022-03-28 07:20:14,541.16
2022-03-28 07:20:19,540.5667650129109
2022-03-28 07:20:24,541.09
2022-03-28 07:20:29,541.03
2022-03-28 07:20:34,540.6527264471645
2022-03-28 07:20:39,540.96
2022-03-28 07:20:44,540.93
2022-03-28 07:20:49,540.87
2022-03-28 07:20:54,540.8
2022-03-28 07:20:59,540.74
2022-03-28 07:21:04,540.7
2022-03-28 07:21:09,540.8533031270896
2022-03-28 07:21:14,540.51
2022-03-28 07:21:19,540.41
2022-03-28 07:21:24,540.41
2022-03-28 07:21:29,540.9679183727611
2022-03-28 07:21:34,540.22
2022-03-28 07:21:39,540.22
2022-03-28 07:21:44,541.0538798070148
2022-03-28 07:21:49,540.05
2022-03-28 07:21:54,541.1111874298505
2022-03-28 07:21:59,541.1398412412684
2022-03-28 07:22:04,539.83
2022-03-28 07:22:09,539.76
2022-03-28 07:22:14,539.67
2022-03-28 07:22:19,539.6
2022-03-28 07:22:24,539.54
2022-03-28 07:22:29,539.41
2022-03-28 07:22:34,539.38
2022-03-28 07:22:39,539.31
2022-03-28 07:22:44,541.3977255440293
2022-03-28 07:22:49,539.18
2022-03-28 07:22:54,539.09
2022-03-28 07:22:59,538.96
2022-03-28 07:23:04,538.89
2022-03-28 07:23:09,541.5409946011187
2022-03-28 07:23:14,541.5696484125365
2022-03-28 07:23:19,538.67
2022-03-28 07:23:24,538.57
2022-03-28 07:23:29,538.51
2022-03-28 07:23:34,538.38
2022-03-28 07:23:39,541.5638313106894
2022-03-28 07:23:44,538.22
2022-03-28 07:23:49,538.15
2022-03-28 07:23:54,538.06
2022-03-28 07:23:59,537.99
2022-03-28 07:24:04,537.83
2022-03-28 07:24:09,537.83
2022-03-28 07:24:14,537.7
2022-03-28 07:24:19,541.5431789739338
2022-03-28 07:24:24,537.48
2022-03-28 07:24:29,541.5380158897449
2022-03-28 07:24:34,537.35
2022-03-28 07:24:39,541.532852805556
2022-03-28 07:24:44,537.12
2022-03-28 07:24:49,537.03
2022-03-28 07:24:54,536.97
2022-03-28 07:24:59,536.9
2022-03-28 07:25:04,541.5199450950838
2022-03-28 07:25:09,536.68
2022-03-28 07:25:14,541.5147820108949
2022-03-28 07:25:19,536.52
2022-03-28 07:25:24,541.509618926706
2022-03-28 07:25:29,536.39
2022-03-28 07:25:34,541.5044558425171
2022-03-28 07:25:39,536.23
2022-03-28 07:25:44,536.23
2022-03-28 07:25:49,536.1
2022-03-28 07:25:54,536.07
2022-03-28 07:25:59,541.491548132045
2022-03-28 07:26:04,541.4889665899505
2022-03-28 07:26:09,535.88
2022-03-28 07:26:14,535.82
2022-03-28 07:26:19,535.78
2022-03-28 07:26:24,535.72
2022-03-28 07:26:29,541.4760588794783
2022-03-28 07:26:34,535.59
2022-03-28 07:26:39,541.4708957952894
2022-03-28 07:26:44,535.5
2022-03-28 07:26:49,535.43
2022-03-28 07:26:54,535.43
2022-03-28 07:26:59,535.37
2022-03-28 07:27:04,541.4579880848171
2022-03-28 07:27:09,535.27
2022-03-28 07:27:14,535.27
2022-03-28 07:27:19,535.21
2022-03-28 07:27:24,541.4476619164393
2022-03-28 07:27:29,541.4450803743449
2022-03-28 07:27:34,535.05
2022-03-28 07:27:39,535.05
2022-03-28 07:27:44,534.98
2022-03-28 07:27:49,541.4347542059671
2022-03-28 07:27:54,534.86
2022-03-28 07:27:59,541.4295911217782
2022-03-28 07:28:04,541.4270095796837
2022-03-28 07:28:09,534.79
2022-03-28 07:28:14,534.76
2022-03-28 07:28:19,534.76
2022-03-28 07:28:24,534.7
2022-03-28 07:28:29,534.63
2022-03-28 07:28:34,534.63
2022-03-28 07:28:39,534.57
2022-03-28 07:28:44,534.54
2022-03-28 07:28:49,534.57
2022-03-28 07:28:54,534.47
2022-03-28 07:28:59,534.47
2022-03-28 07:29:04,541.3960310745505
2022-03-28 07:29:09,541.393449532456
2022-03-28 07:29:14,541.3908679903616
2022-03-28 07:29:19,534.35
2022-03-28 07:29:24,534.34
2022-03-28 07:29:29,534.28
2022-03-28 07:29:34,541.3805418219838
2022-03-28 07:29:39,534.28
2022-03-28 07:29:44,534.25
2022-03-28 07:29:49,541.3727971957004
2022-03-28 07:29:54,534.24
2022-03-28 07:29:59,541.3676341115115
2022-03-28 07:30:04,534.25
2022-03-28 07:30:09,541.3624710273226
2022-03-28 07:30:14,541.3598894852282
2022-03-28 07:30:19,534.18
2022-03-28 07:30:24,534.18
2022-03-28 07:30:29,534.18
2022-03-28 07:30:34,534.18
2022-03-28 07:30:39,534.18
2022-03-28 07:30:44,534.18
2022-03-28 07:30:49,534.18
2022-03-28 07:30:54,541.3392371484726
2022-03-28 07:30:59,534.18
2022-03-28 07:31:04,541.3340740642838
2022-03-28 07:31:09,534.18
2022-03-28 07:31:14,534.24
2022-03-28 07:31:19,534.24
2022-03-28 07:31:24,534.24
2022-03-28 07:31:29,541.3211663538115
2022-03-28 07:31:34,534.27
2022-03-28 07:31:39,534.27
2022-03-28 07:31:44,534.27
2022-03-28 07:31:49,534.34
2022-03-28 07:31:54,541.3082586433393
2022-03-28 07:31:59,534.46
2022-03-28 07:32:04,534.52
2022-03-28 07:32:09,534.52
2022-03-28 07:32:14,541.2979324749615
2022-03-28 07:32:19,534.55
2022-03-28 07:32:24,541.2927693907726
2022-03-28 07:32:29,534.68
2022-03-28 07:32:34,534.75
2022-03-28 07:32:39,534.75
2022-03-28 07:32:44,534.84
2022-03-28 07:32:49,534.84
2022-03-28 07:32:54,541.2772801382059
2022-03-28 07:32:59,535.04
2022-03-28 07:33:04,535.03
2022-03-28 07:33:09,535.13
2022-03-28 07:33:14,541.2669539698281
2022-03-28 07:33:19,535.26
2022-03-28 07:33:24,535.29
2022-03-28 07:33:29,535.36
2022-03-28 07:33:34,535.48
2022-03-28 07:33:39,535.55
2022-03-28 07:33:44,535.64
2022-03-28 07:33:49,535.71
2022-03-28 07:33:54,535.8
2022-03-28 07:33:59,541.2437200909782
2022-03-28 07:34:04,535.99
2022-03-28 07:34:09,536.09
2022-03-28 07:34:14,541.2359754646948
2022-03-28 07:34:19,541.2333939226004
2022-03-28 07:34:24,536.38
2022-03-28 07:34:29,536.51
2022-03-28 07:34:34,536.57
2022-03-28 07:34:39,536.67
2022-03-28 07:34:44,536.8
2022-03-28 07:34:49,536.83
2022-03-28 07:34:54,537.02
2022-03-28 07:34:59,541.2127415858448
2022-03-28 07:35:04,541.2101600437504
2022-03-28 07:35:09,537.25
2022-03-28 07:35:14,541.2049969595615
2022-03-28 07:35:19,537.48
2022-03-28 07:35:24,537.6
2022-03-28 07:35:29,537.7
2022-03-28 07:35:34,537.83
2022-03-28 07:35:39,541.1920892490892
2022-03-28 07:35:44,538.06
2022-03-28 07:35:49,538.15
2022-03-28 07:35:54,538.22
2022-03-28 07:35:59,541.1817630807114
2022-03-28 07:36:04,541.1791815386171
2022-03-28 07:36:09,541.1765999965226
2022-03-28 07:36:14,538.67
2022-03-28 07:36:19,538.8
2022-03-28 07:36:24,538.86
2022-03-28 07:36:29,538.89
2022-03-28 07:36:34,541.1636922860504
2022-03-28 07:36:39,539.16
2022-03-28 07:36:44,539.19
2022-03-28 07:36:49,539.25
2022-03-28 07:36:54,539.38
2022-03-28 07:36:59,539.41
2022-03-28 07:37:04,539.48
2022-03-28 07:37:09,541.1456214913892
2022-03-28 07:37:14,541.1430399492948
2022-03-28 07:37:19,539.61
2022-03-28 07:37:24,539.67
2022-03-28 07:37:29,539.67
2022-03-28 07:37:34,539.71
2022-03-28 07:37:39,539.71
2022-03-28 07:37:44,541.0965797587704
2022-03-28 07:37:49,541.0874286237758
2022-03-28 07:37:54,539.77
2022-03-28 07:37:59,539.84
2022-03-28 07:38:04,539.84
2022-03-28 07:38:09,541.0508240837976
2022-03-28 07:38:14,539.84
2022-03-28 07:38:19,541.0325218138084
2022-03-28 07:38:24,539.9
2022-03-28 07:38:29,539.91
2022-03-28 07:38:34,539.94
2022-03-28 07:38:39,540.9959172738302
2022-03-28 07:38:44,539.94
2022-03-28 07:38:49,539.94
2022-03-28 07:38:54,539.94
2022-03-28 07:38:59,539.91
2022-03-28 07:39:04,539.91
2022-03-28 07:39:09,540.9410104638628
2022-03-28 07:39:14,540.9318593288682
2022-03-28 07:39:19,539.85
2022-03-28 07:39:24,539.79
2022-03-28 07:39:29,539.72
2022-03-28 07:39:34,539.72
2022-03-28 07:39:39,540.8861036538954
2022-03-28 07:39:44,539.69
2022-03-28 07:39:49,539.63
2022-03-28 07:39:54,540.8586502489117
2022-03-28 07:39:59,539.5
2022-03-28 07:40:04,539.5
2022-03-28 07:40:09,539.44
2022-03-28 07:40:14,540.8220457089334
2022-03-28 07:40:19,540.8128945739389
2022-03-28 07:40:24,540.8037434389444
2022-03-28 07:40:29,540.7945923039497
2022-03-28 07:40:34,539.21
2022-03-28 07:40:39,539.18
2022-03-28 07:40:44,539.12
2022-03-28 07:40:49,540.7579877639714
2022-03-28 07:40:54,539.05
2022-03-28 07:40:59,538.99
2022-03-28 07:41:04,538.99
2022-03-28 07:41:09,538.89
2022-03-28 07:41:14,538.83
2022-03-28 07:41:19,538.83
2022-03-28 07:41:24,538.77
2022-03-28 07:41:29,538.7
2022-03-28 07:41:34,538.67
2022-03-28 07:41:39,540.6664764140259
2022-03-28 07:41:44,540.6573252790313
2022-03-28 07:41:49,540.6481741440367
2022-03-28 07:41:54,538.48
2022-03-28 07:41:59,540.6298718740476
2022-03-28 07:42:04,538.41
2022-03-28 07:42:09,538.38
2022-03-28 07:42:14,538.38
2022-03-28 07:42:19,538.38
2022-03-28 07:42:24,540.5841161990747
2022-03-28 07:42:29,538.32
2022-03-28 07:42:34,538.25
2022-03-28 07:42:39,538.19
2022-03-28 07:42:44,538.19
2022-03-28 07:42:49,538.19
2022-03-28 07:42:54,538.15
2022-03-28 07:42:59,538.15
2022-03-28 07:43:04,538.09
2022-03-28 07:43:09,538.03
2022-03-28 07:43:14,540.4926048491291
2022-03-28 07:43:19,537.96
2022-03-28 07:43:24,537.96
2022-03-28 07:43:29,540.4651514441454
2022-03-28 07:43:34,537.87
2022-03-28 07:43:39,537.8
2022-03-28 07:43:44,537.8
2022-03-28 07:43:49,537.73
2022-03-28 07:43:54,537.73
2022-03-28 07:43:59,537.67
2022-03-28 07:44:04,540.4010934991834
2022-03-28 07:44:09,540.3919423641888
2022-03-28 07:44:14,540.3827912291943
2022-03-28 07:44:19,540.3736400941997
2022-03-28 07:44:24,537.56
2022-03-28 07:44:29,540.3553378242106
2022-03-28 07:44:34,540.346186689216
2022-03-28 07:44:39,537.63
2022-03-28 07:44:44,537.63
2022-03-28 07:44:49,540.3187332842324
2022-03-28 07:44:54,537.63
2022-03-28 07:44:59,540.3004310142433
2022-03-28 07:45:04,537.66
2022-03-28 07:45:09,537.72
2022-03-28 07:45:14,537.78
2022-03-28 07:45:19,540.263826474265
2022-03-28 07:45:24,537.85
2022-03-28 07:45:29,537.85
2022-03-28 07:45:34,537.88
2022-03-28 07:45:39,540.2272219342867
2022-03-28 07:45:44,538.01
2022-03-28 07:45:49,538.07
2022-03-28 07:45:54,540.199768529303
2022-03-28 07:45:59,538.14
2022-03-28 07:46:04,538.17
2022-03-28 07:46:09,538.23
2022-03-28 07:46:14,538.3
2022-03-28 07:46:19,538.3
2022-03-28 07:46:24,538.36
2022-03-28 07:46:29,540.135710584341
2022-03-28 07:46:34,538.46
2022-03-28 07:46:39,538.52
2022-03-28 07:46:44,538.58
2022-03-28 07:46:49,538.65
2022-03-28 07:46:54,540.0899549093682
2022-03-28 07:46:59,538.75
2022-03-28 07:47:04,538.81
2022-03-28 07:47:09,538.87
2022-03-28 07:47:14,538.91
2022-03-28 07:47:19,538.97
2022-03-28 07:47:24,539.1
2022-03-28 07:47:29,540.0258969644062
2022-03-28 07:47:34,539.17
2022-03-28 07:47:39,539.26
2022-03-28 07:47:44,539.33
2022-03-28 07:47:49,539.39
2022-03-28 07:47:54,539.9801412894334
2022-03-28 07:47:59,539.49
2022-03-28 07:48:04,539.55
2022-03-28 07:48:09,539.68
2022-03-28 07:48:14,539.9435367494551
2022-03-28 07:48:19,539.78
2022-03-28 07:48:24,539.84
2022-03-28 07:48:29,539.91
2022-03-28 07:48:34,539.94
2022-03-28 07:48:39,540.01
2022-03-28 07:48:44,540.01
2022-03-28 07:48:49,540.13
2022-03-28 07:48:54,539.8703276694987
2022-03-28 07:48:59,539.8611765345041
2022-03-28 07:49:04,540.23
2022-03-28 07:49:09,540.3
2022-03-28 07:49:14,540.36
2022-03-28 07:49:19,540.36
2022-03-28 07:49:24,539.8154208595313
2022-03-28 07:49:29,539.8062697245367
2022-03-28 07:49:34,540.46
2022-03-28 07:49:39,540.53
2022-03-28 07:49:44,540.53
2022-03-28 07:49:49,540.53
2022-03-28 07:49:54,540.59
2022-03-28 07:49:59,540.59
2022-03-28 07:50:04,540.59
2022-03-28 07:50:09,540.66
2022-03-28 07:50:14,540.66
2022-03-28 07:50:19,540.66
2022-03-28 07:50:24,539.7056072395965
2022-03-28 07:50:29,540.66
2022-03-28 07:50:34,540.73
2022-03-28 07:50:39,539.6781538346128
2022-03-28 07:50:44,540.82
2022-03-28 07:50:49,539.6598515646236
2022-03-28 07:50:54,540.76
2022-03-28 07:50:59,540.89
2022-03-28 07:51:04,540.89
2022-03-28 07:51:09,540.89
2022-03-28 07:51:14,540.89
2022-03-28 07:51:19,540.96
2022-03-28 07:51:24,540.96
2022-03-28 07:51:29,540.96
2022-03-28 07:51:34,540.99
2022-03-28 07:51:39,539.5090530958427
2022-03-28 07:51:44,540.99
2022-03-28 07:51:49,540.99
2022-03-28 07:51:54,541.06
2022-03-28 07:51:59,541.06
2022-03-28 07:52:04,539.3516698684568
2022-03-28 07:52:09,541.12
2022-03-28 07:52:14,541.12
2022-03-28 07:52:19,541.13
2022-03-28 07:52:24,541.13
2022-03-28 07:52:29,541.19
2022-03-28 07:52:34,541.19
2022-03-28 07:52:39,541.19
2022-03-28 07:52:44,539.0998567046396
2022-03-28 07:52:49,541.19
2022-03-28 07:52:54,541.19
2022-03-28 07:52:59,541.19
2022-03-28 07:53:04,541.2
2022-03-28 07:53:09,541.2
2022-03-28 07:53:14,541.2
2022-03-28 07:53:19,541.26
2022-03-28 07:53:24,541.26
2022-03-28 07:53:29,538.8165668953451
2022-03-28 07:53:34,541.2
2022-03-28 07:53:39,541.26
2022-03-28 07:53:44,541.26
2022-03-28 07:53:49,541.26
2022-03-28 07:53:54,541.26
2022-03-28 07:53:59,541.26
2022-03-28 07:54:04,541.26
2022-03-28 07:54:09,541.2
2022-03-28 07:54:14,541.2
2022-03-28 07:54:19,541.26
2022-03-28 07:54:24,538.4703237950964
2022-03-28 07:54:29,541.2
2022-03-28 07:54:34,541.2
2022-03-28 07:54:39,541.26
2022-03-28 07:54:44,541.2
2022-03-28 07:54:49,541.26
2022-03-28 07:54:54,538.2814639222335
2022-03-28 07:54:59,541.2
2022-03-28 07:55:04,541.13
2022-03-28 07:55:09,541.2
2022-03-28 07:55:14,541.13
2022-03-28 07:55:19,541.19
2022-03-28 07:55:24,538.0926040493705
2022-03-28 07:55:29,538.0611274038934
2022-03-28 07:55:34,538.0296507584162
2022-03-28 07:55:39,537.998174112939
2022-03-28 07:55:44,537.9666974674619
2022-03-28 07:55:49,541.13
2022-03-28 07:55:54,541.13
2022-03-28 07:55:59,537.8722675310304
2022-03-28 07:56:04,541.06
2022-03-28 07:56:09,541.06
2022-03-28 07:56:14,537.7778375945989
2022-03-28 07:56:19,541.0
2022-03-28 07:56:24,540.99
2022-03-28 07:56:29,540.99
2022-03-28 07:56:34,537.6519310126903
2022-03-28 07:56:39,541.0
2022-03-28 07:56:44,540.96
2022-03-28 07:56:49,540.96
2022-03-28 07:56:54,540.96
2022-03-28 07:56:59,540.97
2022-03-28 07:57:04,537.4630711398273
2022-03-28 07:57:09,537.4315944943502
2022-03-28 07:57:14,540.96
2022-03-28 07:57:19,540.9
2022-03-28 07:57:24,540.9
2022-03-28 07:57:29,540.9
2022-03-28 07:57:34,537.2742112669644
2022-03-28 07:57:39,540.9
2022-03-28 07:57:44,537.2112579760101
2022-03-28 07:57:49,540.83
2022-03-28 07:57:54,540.77
2022-03-28 07:57:59,537.1168280395785
2022-03-28 07:58:04,540.77
2022-03-28 07:58:09,540.77
2022-03-28 07:58:14,537.0223981031471
2022-03-28 07:58:19,540.74
2022-03-28 07:58:24,540.77
2022-03-28 07:58:29,540.74
2022-03-28 07:58:34,536.8964915212384
2022-03-28 07:58:39,540.73
2022-03-28 07:58:44,540.67
2022-03-28 07:58:49,540.67
2022-03-28 07:58:54,540.67
2022-03-28 07:58:59,540.67
2022-03-28 07:59:04,540.67
2022-03-28 07:59:09,536.6761550028983
2022-03-28 07:59:14,540.54
2022-03-28 07:59:19,540.54
2022-03-28 07:59:24,540.48
2022-03-28 07:59:29,536.5502484209896
2022-03-28 07:59:34,540.44
2022-03-28 07:59:39,540.45
2022-03-28 07:59:44,540.38
2022-03-28 07:59:49,540.31
2022-03-28 07:59:54,536.3928651936039
2022-03-28 07:59:59,540.25
2022-03-28 08:00:04,540.22
2022-03-28 08:00:09,540.16
2022-03-28 08:00:14,540.09
2022-03-28 08:00:19,536.2354819662182
2022-03-28 08:00:24,539.96
2022-03-28 08:00:29,539.96
2022-03-28 08:00:34,539.93
2022-03-28 08:00:39,539.87
2022-03-28 08:00:44,536.0780987388323
2022-03-28 08:00:49,536.0466220933552
2022-03-28 08:00:54,536.015145447878
2022-03-28 08:00:59,535.9836688024009
2022-03-28 08:01:04,539.65
2022-03-28 08:01:09,539.58
2022-03-28 08:01:14,539.52
2022-03-28 08:01:19,539.52
2022-03-28 08:01:24,535.8262855750152
2022-03-28 08:01:29,539.36
2022-03-28 08:01:34,535.7633322840608
2022-03-28 08:01:39,535.7318556385836
2022-03-28 08:01:44,539.2
2022-03-28 08:01:49,539.14
2022-03-28 08:01:54,535.6374257021521
2022-03-28 08:01:59,535.6059490566751
2022-03-28 08:02:04,535.5744724111978
2022-03-28 08:02:09,535.5429957657207
2022-03-28 08:02:14,538.85
2022-03-28 08:02:19,538.78
2022-03-28 08:02:24,538.72
2022-03-28 08:02:29,538.69
2022-03-28 08:02:34,538.63
2022-03-28 08:02:39,535.3541358928577
2022-03-28 08:02:44,538.5
2022-03-28 08:02:49,535.2911826019034
2022-03-28 08:02:54,538.41
2022-03-28 08:02:59,535.228229310949
2022-03-28 08:03:04,535.196752665472
2022-03-28 08:03:09,538.34
2022-03-28 08:03:14,538.28
2022-03-28 08:03:19,538.28
2022-03-28 08:03:24,538.18
2022-03-28 08:03:29,538.19
2022-03-28 08:03:34,538.12
2022-03-28 08:03:39,538.06
2022-03-28 08:03:44,534.9449395016546
2022-03-28 08:03:49,537.93
2022-03-28 08:03:54,534.8819862107003
2022-03-28 08:03:59,537.84
2022-03-28 08:04:04,537.84
2022-03-28 08:04:09,534.7875562742689
2022-03-28 08:04:14,537.78
2022-03-28 08:04:19,534.7246029833145
2022-03-28 08:04:24,537.62
2022-03-28 08:04:29,537.62
2022-03-28 08:04:34,537.56
2022-03-28 08:04:39,537.49
2022-03-28 08:04:44,537.43
2022-03-28 08:04:49,534.5357431104516
2022-03-28 08:04:54,537.33
2022-03-28 08:04:59,534.4727898194973
2022-03-28 08:05:04,537.17
2022-03-28 08:05:09,534.409836528543
2022-03-28 08:05:14,537.11
2022-03-28 08:05:19,537.04
2022-03-28 08:05:24,536.98
2022-03-28 08:05:29,536.92
2022-03-28 08:05:34,534.282793537814
2022-03-28 08:05:39,536.89
2022-03-28 08:05:44,536.82
2022-03-28 08:05:49,536.76
2022-03-28 08:05:54,536.76
2022-03-28 08:05:59,536.7
2022-03-28 08:06:04,536.7
2022-03-28 08:06:09,534.4182833359364
2022-03-28 08:06:14,536.6
2022-03-28 08:06:19,536.6
2022-03-28 08:06:24,534.4763503922745
2022-03-28 08:06:29,536.53
2022-03-28 08:06:34,536.47
2022-03-28 08:06:39,534.5344174486128
2022-03-28 08:06:44,536.47
2022-03-28 08:06:49,536.41
2022-03-28 08:06:54,536.4
2022-03-28 08:06:59,536.37
2022-03-28 08:07:04,536.3
2022-03-28 08:07:09,536.31
2022-03-28 08:07:14,534.6699072467352
2022-03-28 08:07:19,536.31
2022-03-28 08:07:24,536.24
2022-03-28 08:07:29,536.31
2022-03-28 08:07:34,534.7473299885194
2022-03-28 08:07:39,536.24
2022-03-28 08:07:44,536.24
2022-03-28 08:07:49,534.8053970448576
2022-03-28 08:07:54,534.8247527303035
2022-03-28 08:07:59,536.18
2022-03-28 08:08:04,536.24
2022-03-28 08:08:09,536.18
2022-03-28 08:08:14,536.18
2022-03-28 08:08:19,536.18
2022-03-28 08:08:24,534.94088684298
2022-03-28 08:08:29,536.18
2022-03-28 08:08:34,534.9795982138721
2022-03-28 08:08:39,536.18
2022-03-28 08:08:44,536.18
2022-03-28 08:08:49,536.18
2022-03-28 08:08:54,536.17
2022-03-28 08:08:59,536.17
2022-03-28 08:09:04,536.17
2022-03-28 08:09:09,535.1150880119945
2022-03-28 08:09:14,535.1344436974406
2022-03-28 08:09:19,535.1537993828866
2022-03-28 08:09:24,535.1731550683327
2022-03-28 08:09:29,536.24
2022-03-28 08:09:34,536.24
2022-03-28 08:09:39,536.24
2022-03-28 08:09:44,536.3
2022-03-28 08:09:49,536.3
2022-03-28 08:09:54,536.3
2022-03-28 08:09:59,536.3
2022-03-28 08:10:04,535.3280005519011
2022-03-28 08:10:09,536.36
2022-03-28 08:10:14,535.3667119227933
2022-03-28 08:10:19,535.3860676082394
2022-03-28 08:10:24,536.39
2022-03-28 08:10:29,536.39
2022-03-28 08:10:34,535.4441346645775
2022-03-28 08:10:39,535.4634903500236
2022-03-28 08:10:44,536.46
2022-03-28 08:10:49,536.46
2022-03-28 08:10:54,535.5215574063618
2022-03-28 08:10:59,536.52
2022-03-28 08:11:04,536.52
2022-03-28 08:11:09,536.52
2022-03-28 08:11:14,536.52
2022-03-28 08:11:19,536.59
2022-03-28 08:11:24,535.6376915190382
2022-03-28 08:11:29,536.52
2022-03-28 08:11:34,536.59
2022-03-28 08:11:39,536.59
2022-03-28 08:11:44,535.7151142608224
2022-03-28 08:11:49,536.53
2022-03-28 08:11:54,536.52
2022-03-28 08:11:59,536.53
2022-03-28 08:12:04,535.7925370026067
2022-03-28 08:12:09,535.8118926880527
2022-03-28 08:12:14,536.59
2022-03-28 08:12:19,536.59
2022-03-28 08:12:24,536.59
2022-03-28 08:12:29,536.59
2022-03-28 08:12:34,536.53
2022-03-28 08:12:39,536.59
2022-03-28 08:12:44,535.9473824861751
2022-03-28 08:12:49,536.59
2022-03-28 08:12:54,535.9860938570672
2022-03-28 08:12:59,536.0054495425132
2022-03-28 08:13:04,536.0248052279593
2022-03-28 08:13:09,536.6
2022-03-28 08:13:14,536.6
2022-03-28 08:13:19,536.6
2022-03-28 08:13:24,536.6
2022-03-28 08:13:29,536.53
2022-03-28 08:13:34,536.53
2022-03-28 08:13:39,536.47
2022-03-28 08:13:44,536.47
2022-03-28 08:13:49,536.1990063969739
2022-03-28 08:13:54,536.41
2022-03-28 08:13:59,536.38
2022-03-28 08:14:04,536.38
2022-03-28 08:14:09,536.2764291387581
2022-03-28 08:14:14,536.2957848242041
2022-03-28 08:14:19,536.25
2022-03-28 08:14:24,536.19
2022-03-28 08:14:29,536.16
2022-03-28 08:14:34,536.15
2022-03-28 08:14:39,536.16
2022-03-28 08:14:44,536.09
2022-03-28 08:14:49,536.03
2022-03-28 08:14:54,536.03
2022-03-28 08:14:59,535.97
2022-03-28 08:15:04,535.9
2022-03-28 08:15:09,535.91
2022-03-28 08:15:14,535.81
2022-03-28 08:15:19,535.81
2022-03-28 08:15:24,535.75
2022-03-28 08:15:29,535.75
2022-03-28 08:15:34,535.68
2022-03-28 08:15:39,535.65
2022-03-28 08:15:44,535.65
2022-03-28 08:15:49,536.6635428476793
2022-03-28 08:15:54,535.59
2022-03-28 08:15:59,536.7022542185714
2022-03-28 08:16:04,535.53
2022-03-28 08:16:09,536.7409655894636
2022-03-28 08:16:14,536.7603212749096
2022-03-28 08:16:19,535.46
2022-03-28 08:16:24,535.4
2022-03-28 08:16:29,535.37
2022-03-28 08:16:34,535.37
2022-03-28 08:16:39,535.31
2022-03-28 08:16:44,535.24
2022-03-28 08:16:49,535.24
2022-03-28 08:16:54,535.24
2022-03-28 08:16:59,536.9345224439242
2022-03-28 08:17:04,536.9538781293702
2022-03-28 08:17:09,535.08
2022-03-28 08:17:14,535.08
2022-03-28 08:17:19,535.02
2022-03-28 08:17:24,534.96
2022-03-28 08:17:29,537.0506565566005
2022-03-28 08:17:34,534.9
2022-03-28 08:17:39,534.89
2022-03-28 08:17:44,537.1087236129387
2022-03-28 08:17:49,537.1280792983847
2022-03-28 08:17:54,534.8
2022-03-28 08:17:59,534.8
2022-03-28 08:18:04,534.73
2022-03-28 08:18:09,534.73
2022-03-28 08:18:14,534.73
2022-03-28 08:18:19,534.73
2022-03-28 08:18:24,534.67
2022-03-28 08:18:29,534.67
2022-03-28 08:18:34,537.3022804673993
2022-03-28 08:18:39,534.63
2022-03-28 08:18:44,537.3409918382914
2022-03-28 08:18:49,537.3603475237375
2022-03-28 08:18:54,534.57
2022-03-28 08:18:59,534.63
2022-03-28 08:19:04,534.57
2022-03-28 08:19:09,534.63
2022-03-28 08:19:14,534.57
2022-03-28 08:19:19,534.63
2022-03-28 08:19:24,534.57
2022-03-28 08:19:29,537.5151930073059
2022-03-28 08:19:34,534.63
2022-03-28 08:19:39,537.5343967595498
2022-03-28 08:19:44,537.5175037427078
2022-03-28 08:19:49,534.63
2022-03-28 08:19:54,534.66
2022-03-28 08:19:59,537.4668246921818
2022-03-28 08:20:04,534.66
2022-03-28 08:20:09,534.66
2022-03-28 08:20:14,534.66
2022-03-28 08:20:19,537.3992526248138
2022-03-28 08:20:24,537.3823596079718
2022-03-28 08:20:29,534.72
2022-03-28 08:20:34,534.72
2022-03-28 08:20:39,537.3316805574458
2022-03-28 08:20:44,534.72
2022-03-28 08:20:49,534.66
2022-03-28 08:20:54,537.2810015069198
2022-03-28 08:20:59,537.2641084900778
2022-03-28 08:21:04,534.72
2022-03-28 08:21:09,534.72
2022-03-28 08:21:14,534.72
2022-03-28 08:21:19,534.72
2022-03-28 08:21:24,534.72
2022-03-28 08:21:29,534.78
2022-03-28 08:21:34,534.78
2022-03-28 08:21:39,537.1289643553417
2022-03-28 08:21:44,534.78
2022-03-28 08:21:49,534.84
2022-03-28 08:21:54,537.0782853048157
2022-03-28 08:21:59,534.84
2022-03-28 08:22:04,537.0444992711317
2022-03-28 08:22:09,537.0276062542897
2022-03-28 08:22:14,537.0107132374477
2022-03-28 08:22:19,536.9938202206057
2022-03-28 08:22:24,536.9769272037637
2022-03-28 08:22:29,534.87
2022-03-28 08:22:34,534.84
2022-03-28 08:22:39,534.84
2022-03-28 08:22:44,534.87
2022-03-28 08:22:49,536.8924621195537
2022-03-28 08:22:54,534.84
2022-03-28 08:22:59,534.84
2022-03-28 08:23:04,534.84
2022-03-28 08:23:09,534.84
2022-03-28 08:23:14,534.87
2022-03-28 08:23:19,534.84
2022-03-28 08:23:24,534.87
2022-03-28 08:23:29,534.84
2022-03-28 08:23:34,536.7404249679756
2022-03-28 08:23:39,534.84
2022-03-28 08:23:44,534.84
2022-03-28 08:23:49,534.84
2022-03-28 08:23:54,534.78
2022-03-28 08:23:59,536.6559598837656
2022-03-28 08:24:04,534.78
2022-03-28 08:24:09,534.84
2022-03-28 08:24:14,536.6052808332396
2022-03-28 08:24:19,534.78
2022-03-28 08:24:24,534.78
2022-03-28 08:24:29,536.5546017827136
2022-03-28 08:24:34,534.78
2022-03-28 08:24:39,534.78
2022-03-28 08:24:44,534.78
2022-03-28 08:24:49,536.4870297153456
2022-03-28 08:24:54,536.4701366985036
2022-03-28 08:24:59,534.78
2022-03-28 08:25:04,534.88
2022-03-28 08:25:09,536.4194576479775
2022-03-28 08:25:14,534.88
2022-03-28 08:25:19,534.88
2022-03-28 08:25:24,534.88
2022-03-28 08:25:29,534.95
2022-03-28 08:25:34,535.01
2022-03-28 08:25:39,535.07
2022-03-28 08:25:44,535.07
2022-03-28 08:25:49,536.2843135132415
2022-03-28 08:25:54,535.14
2022-03-28 08:25:59,536.2505274795575
2022-03-28 08:26:04,535.24
2022-03-28 08:26:09,535.24
2022-03-28 08:26:14,535.31
2022-03-28 08:26:19,536.1829554121895
2022-03-28 08:26:24,535.37
2022-03-28 08:26:29,535.4
2022-03-28 08:26:34,535.47
2022-03-28 08:26:39,535.53
2022-03-28 08:26:44,536.0984903279794
2022-03-28 08:26:49,535.67
2022-03-28 08:26:54,535.67
2022-03-28 08:26:59,536.0478112774534
2022-03-28 08:27:04,535.76
2022-03-28 08:27:09,535.76
2022-03-28 08:27:14,535.83
2022-03-28 08:27:19,535.89
2022-03-28 08:27:24,535.93
2022-03-28 08:27:29,535.9464531764014
2022-03-28 08:27:34,535.9295601595594
2022-03-28 08:27:39,535.9126671427173
2022-03-28 08:27:44,536.12
2022-03-28 08:27:49,535.8788811090334
2022-03-28 08:27:54,536.28
2022-03-28 08:27:59,536.28
2022-03-28 08:28:04,535.8282020585074
2022-03-28 08:28:09,535.8113090416653
2022-03-28 08:28:14,536.45
2022-03-28 08:28:19,535.7775230079814
2022-03-28 08:28:24,536.58
2022-03-28 08:28:29,535.7437369742973
2022-03-28 08:28:34,536.71
2022-03-28 08:28:39,536.74
2022-03-28 08:28:44,536.74
2022-03-28 08:28:49,536.8
2022-03-28 08:28:54,536.87
2022-03-28 08:28:59,536.93
2022-03-28 08:29:04,536.87
2022-03-28 08:29:09,536.97
2022-03-28 08:29:14,535.5916998227192
2022-03-28 08:29:19,535.5748068058773
2022-03-28 08:29:24,537.03
2022-03-28 08:29:29,535.5410207721932
2022-03-28 08:29:34,535.5241277553513
2022-03-28 08:29:39,535.5072347385093
2022-03-28 08:29:44,537.09
2022-03-28 08:29:49,535.4734487048252
2022-03-28 08:29:54,535.4565556879833
2022-03-28 08:29:59,537.1
2022-03-28 08:30:04,537.09
2022-03-28 08:30:09,535.4058766374573
2022-03-28 08:30:14,537.09
2022-03-28 08:30:19,537.09
2022-03-28 08:30:24,537.09
2022-03-28 08:30:29,535.3383045700891
2022-03-28 08:30:34,537.09
2022-03-28 08:30:39,537.03
2022-03-28 08:30:44,537.03
2022-03-28 08:30:49,537.03
2022-03-28 08:30:54,537.03
2022-03-28 08:30:59,537.03
2022-03-28 08:31:04,535.2200534521951
2022-03-28 08:31:09,536.96
2022-03-28 08:31:14,535.1862674185111
2022-03-28 08:31:19,536.96
2022-03-28 08:31:24,536.96
2022-03-28 08:31:29,536.96
2022-03-28 08:31:34,536.96
2022-03-28 08:31:39,535.101802334301
2022-03-28 08:31:44,536.93
2022-03-28 08:31:49,536.93
2022-03-28 08:31:54,536.93
2022-03-28 08:31:59,536.86
2022-03-28 08:32:04,535.017337250091
2022-03-28 08:32:09,536.86
2022-03-28 08:32:14,536.8
2022-03-28 08:32:19,536.86
2022-03-28 08:32:24,536.79
2022-03-28 08:32:29,534.932872165881
2022-03-28 08:32:34,536.73
2022-03-28 08:32:39,536.73
2022-03-28 08:32:44,536.73
2022-03-28 08:32:49,534.865300098513
2022-03-28 08:32:54,536.63
2022-03-28 08:32:59,536.63
2022-03-28 08:33:04,536.56
2022-03-28 08:33:09,536.56
2022-03-28 08:33:14,536.5
2022-03-28 08:33:19,534.763941997461
2022-03-28 08:33:24,536.43
2022-03-28 08:33:29,534.730155963777
2022-03-28 08:33:34,536.33
2022-03-28 08:33:39,536.27
2022-03-28 08:33:44,536.2
2022-03-28 08:33:49,536.17
2022-03-28 08:33:54,536.17
2022-03-28 08:33:59,536.1
2022-03-28 08:34:04,535.98
2022-03-28 08:34:09,535.98
2022-03-28 08:34:14,535.91
2022-03-28 08:34:19,535.88
2022-03-28 08:34:24,535.75
2022-03-28 08:34:29,535.75
2022-03-28 08:34:34,535.3186420619284
2022-03-28 08:34:39,535.59
2022-03-28 08:34:44,535.53
2022-03-28 08:34:49,535.46
2022-03-28 08:34:54,535.4
2022-03-28 08:34:59,535.6197387956797
2022-03-28 08:35:04,535.3
2022-03-28 08:35:09,535.17
2022-03-28 08:35:14,535.14
2022-03-28 08:35:19,535.08
2022-03-28 08:35:24,535.01
2022-03-28 08:35:29,535.9810548761816
2022-03-28 08:35:34,536.0412742229317
2022-03-28 08:35:39,536.101493569682
2022-03-28 08:35:44,534.85
2022-03-28 08:35:49,534.72
2022-03-28 08:35:54,536.282151609933
2022-03-28 08:35:59,534.66
2022-03-28 08:36:04,534.63
2022-03-28 08:36:09,536.4628096501838
2022-03-28 08:36:14,534.5
2022-03-28 08:36:19,534.43
2022-03-28 08:36:24,536.6434676904346
2022-03-28 08:36:29,536.703687037185
2022-03-28 08:36:34,534.28
2022-03-28 08:36:39,536.8241257306854
2022-03-28 08:36:44,534.15
2022-03-28 08:36:49,536.9445644241862
2022-03-28 08:36:54,537.0047837709363
2022-03-28 08:36:59,533.99
2022-03-28 08:37:04,533.93
2022-03-28 08:37:09,533.92
2022-03-28 08:37:14,533.86
2022-03-28 08:37:19,537.3058805046878
2022-03-28 08:37:24,537.3660998514382
2022-03-28 08:37:29,537.4263191981884
2022-03-28 08:37:34,533.7
2022-03-28 08:37:39,533.64
2022-03-28 08:37:44,533.64
2022-03-28 08:37:49,537.6671965851896
2022-03-28 08:37:54,537.7274159319398
2022-03-28 08:37:59,537.7876352786901
2022-03-28 08:38:04,533.54
2022-03-28 08:38:09,533.48
2022-03-28 08:38:14,533.48
2022-03-28 08:38:19,533.42
2022-03-28 08:38:24,533.42
2022-03-28 08:38:29,533.36
2022-03-28 08:38:34,533.32
2022-03-28 08:38:39,538.2693900526924
2022-03-28 08:38:44,533.33
2022-03-28 08:38:49,533.26
2022-03-28 08:38:54,538.4500480929432
2022-03-28 08:38:59,533.27
2022-03-28 08:39:04,538.5704867864438
2022-03-28 08:39:09,533.2
2022-03-28 08:39:14,533.11
2022-03-28 08:39:19,533.11
2022-03-28 08:39:24,533.11
2022-03-28 08:39:29,533.11
2022-03-28 08:39:34,533.04
2022-03-28 08:39:39,533.04
2022-03-28 08:39:44,539.0522415604462
2022-03-28 08:39:49,539.1124609071965
2022-03-28 08:39:54,539.1726802539467
2022-03-28 08:39:59,539.232899600697
2022-03-28 08:40:04,532.92
2022-03-28 08:40:09,532.92
2022-03-28 08:40:14,532.98
2022-03-28 08:40:19,532.92
2022-03-28 08:40:24,532.92
2022-03-28 08:40:29,532.92
2022-03-28 08:40:34,532.92
2022-03-28 08:40:39,532.92
2022-03-28 08:40:44,532.98
2022-03-28 08:40:49,532.92
2022-03-28 08:40:54,532.92
2022-03-28 08:40:59,539.9555317617004
2022-03-28 08:41:04,532.92
2022-03-28 08:41:09,532.92
2022-03-28 08:41:14,532.92
2022-03-28 08:41:19,532.98
2022-03-28 08:41:24,540.256628495452
2022-03-28 08:41:29,532.98
2022-03-28 08:41:34,532.98
2022-03-28 08:41:39,540.4372865357028
2022-03-28 08:41:44,532.98
2022-03-28 08:41:49,540.5577252292034
2022-03-28 08:41:54,533.05
2022-03-28 08:41:59,533.05
2022-03-28 08:42:04,540.7383832694542
2022-03-28 08:42:09,540.7986026162046
2022-03-28 08:42:14,540.8588219629548
2022-03-28 08:42:19,533.11
2022-03-28 08:42:24,533.11
2022-03-28 08:42:29,533.11
2022-03-28 08:42:34,541.0996993499559
2022-03-28 08:42:39,533.14
2022-03-28 08:42:44,533.14
2022-03-28 08:42:49,541.2803573902069
2022-03-28 08:42:54,533.14
2022-03-28 08:42:59,533.14
2022-03-28 08:43:04,533.14
2022-03-28 08:43:09,541.521234777208
2022-03-28 08:43:14,533.14
2022-03-28 08:43:19,541.6416734707086
2022-03-28 08:43:24,533.14
2022-03-28 08:43:29,541.7621121642092
2022-03-28 08:43:34,533.1
2022-03-28 08:43:39,533.1
2022-03-28 08:43:44,533.1
2022-03-28 08:43:49,533.1
2022-03-28 08:43:54,533.1
2022-03-28 08:43:59,542.1234282447108
2022-03-28 08:44:04,533.1
2022-03-28 08:44:09,533.1
2022-03-28 08:44:14,533.1
2022-03-28 08:44:19,533.1
2022-03-28 08:44:24,533.1
2022-03-28 08:44:29,533.1
2022-03-28 08:44:34,533.13
2022-03-28 08:44:39,533.12
2022-03-28 08:44:44,533.09
2022-03-28 08:44:49,533.09
2022-03-28 08:44:54,542.785841058964
2022-03-28 08:44:59,533.09
2022-03-28 08:45:04,542.9062797524646
2022-03-28 08:45:09,533.09
2022-03-28 08:45:14,543.0267184459652
2022-03-28 08:45:19,543.0869377927154
2022-03-28 08:45:24,533.02
2022-03-28 08:45:29,543.207376486216
2022-03-28 08:45:34,533.02
2022-03-28 08:45:39,543.3278151797166
2022-03-28 08:45:44,543.388034526467
2022-03-28 08:45:49,532.96
2022-03-28 08:45:54,532.96
2022-03-28 08:45:59,532.89
2022-03-28 08:46:04,543.6289119134682
2022-03-28 08:46:09,532.89
2022-03-28 08:46:14,543.7493506069686
2022-03-28 08:46:19,543.809569953719
2022-03-28 08:46:24,543.8697893004692
2022-03-28 08:46:29,532.79
2022-03-28 08:46:34,532.79
2022-03-28 08:46:39,532.73
2022-03-28 08:46:44,532.73
2022-03-28 08:46:49,544.1708860342206
2022-03-28 08:46:54,544.2311053809709
2022-03-28 08:46:59,544.2913247277212
2022-03-28 08:47:04,532.67
2022-03-28 08:47:09,544.4117634212217
2022-03-28 08:47:14,544.4719827679721
2022-03-28 08:47:19,532.6
2022-03-28 08:47:24,532.67
2022-03-28 08:47:29,544.6526408082229
2022-03-28 08:47:34,532.6
2022-03-28 08:47:39,532.67
2022-03-28 08:47:44,532.67
2022-03-28 08:47:49,544.8573248224951
2022-03-28 08:47:54,532.6
2022-03-28 08:47:59,544.8057187395817
2022-03-28 08:48:04,532.6
2022-03-28 08:48:09,532.6
2022-03-28 08:48:14,532.61
2022-03-28 08:48:19,532.57
2022-03-28 08:48:24,544.6767035322982
2022-03-28 08:48:29,544.6509004908414
2022-03-28 08:48:34,544.6250974493848
2022-03-28 08:48:39,532.57
2022-03-28 08:48:44,532.57
2022-03-28 08:48:49,532.58
2022-03-28 08:48:54,544.521885283558
2022-03-28 08:48:59,544.4960822421012
2022-03-28 08:49:04,532.58
2022-03-28 08:49:09,532.58
2022-03-28 08:49:14,544.4186731177313
2022-03-28 08:49:19,544.3928700762746
2022-03-28 08:49:24,532.58
2022-03-28 08:49:29,532.58
2022-03-28 08:49:34,532.58
2022-03-28 08:49:39,544.2896579104478
2022-03-28 08:49:44,532.58
2022-03-28 08:49:49,532.58
2022-03-28 08:49:54,532.58
2022-03-28 08:49:59,532.58
2022-03-28 08:50:04,544.1606427031642
2022-03-28 08:50:09,532.59
2022-03-28 08:50:14,532.59
2022-03-28 08:50:19,544.0832335787942
2022-03-28 08:50:24,532.59
2022-03-28 08:50:29,532.59
2022-03-28 08:50:34,544.0058244544241
2022-03-28 08:50:39,532.52
2022-03-28 08:50:44,532.59
2022-03-28 08:50:49,543.928415330054
2022-03-28 08:50:54,532.59
2022-03-28 08:50:59,543.8768092471406
2022-03-28 08:51:04,532.52
2022-03-28 08:51:09,532.53
2022-03-28 08:51:14,543.7994001227705
2022-03-28 08:51:19,532.53
2022-03-28 08:51:24,532.53
2022-03-28 08:51:29,532.53
2022-03-28 08:51:34,532.53
2022-03-28 08:51:39,532.53
2022-03-28 08:51:44,543.6445818740302
2022-03-28 08:51:49,543.6187788325736
2022-03-28 08:51:54,532.53
2022-03-28 08:51:59,532.53
2022-03-28 08:52:04,532.53
2022-03-28 08:52:09,532.6
2022-03-28 08:52:14,532.59
2022-03-28 08:52:19,543.4639605838335
2022-03-28 08:52:24,532.6
2022-03-28 08:52:29,543.4123545009201
2022-03-28 08:52:34,543.3865514594634
2022-03-28 08:52:39,532.69
2022-03-28 08:52:44,532.69
2022-03-28 08:52:49,543.3091423350932
2022-03-28 08:52:54,532.69
2022-03-28 08:52:59,532.75
2022-03-28 08:53:04,543.2317332107232
2022-03-28 08:53:09,543.2059301692665
2022-03-28 08:53:14,532.82
2022-03-28 08:53:19,532.82
2022-03-28 08:53:24,543.1285210448964
2022-03-28 08:53:29,543.1027180034397
2022-03-28 08:53:34,532.91
2022-03-28 08:53:39,532.91
2022-03-28 08:53:44,532.91
2022-03-28 08:53:49,532.98
2022-03-28 08:53:54,533.04
2022-03-28 08:53:59,542.9478997546995
2022-03-28 08:54:04,542.9220967132428
2022-03-28 08:54:09,542.8962936717861
2022-03-28 08:54:14,533.1
2022-03-28 08:54:19,533.14
2022-03-28 08:54:24,533.13
2022-03-28 08:54:29,542.7930815059593
2022-03-28 08:54:34,533.26
2022-03-28 08:54:39,533.26
2022-03-28 08:54:44,533.26
2022-03-28 08:54:49,533.33
2022-03-28 08:54:54,533.36
2022-03-28 08:54:59,542.6382632572191
2022-03-28 08:55:04,533.35
2022-03-28 08:55:09,533.42
2022-03-28 08:55:14,533.48
2022-03-28 08:55:19,542.5350510913923
2022-03-28 08:55:24,533.54
2022-03-28 08:55:29,533.61
2022-03-28 08:55:34,542.4576419670223
2022-03-28 08:55:39,533.7
2022-03-28 08:55:44,542.4060358841089
2022-03-28 08:55:49,542.3802328426522
2022-03-28 08:55:54,533.7
2022-03-28 08:55:59,542.3286267597388
2022-03-28 08:56:04,533.83
2022-03-28 08:56:09,542.2770206768254
2022-03-28 08:56:14,533.86
2022-03-28 08:56:19,533.86
2022-03-28 08:56:24,542.1996115524553
2022-03-28 08:56:29,542.1738085109986
2022-03-28 08:56:34,534.05
2022-03-28 08:56:39,534.11
2022-03-28 08:56:44,542.0963993866285
2022-03-28 08:56:49,534.14
2022-03-28 08:56:54,534.14
2022-03-28 08:56:59,534.27
2022-03-28 08:57:04,534.27
2022-03-28 08:57:09,534.34
2022-03-28 08:57:14,541.9415811378883
2022-03-28 08:57:19,541.9157780964316
2022-03-28 08:57:24,541.8899750549749
2022-03-28 08:57:29,534.43
2022-03-28 08:57:34,534.43
2022-03-28 08:57:39,534.49
2022-03-28 08:57:44,534.49
2022-03-28 08:57:49,534.56
2022-03-28 08:57:54,534.56
2022-03-28 08:57:59,534.62
2022-03-28 08:58:04,534.56
2022-03-28 08:58:09,534.65
2022-03-28 08:58:14,534.66
2022-03-28 08:58:19,534.65
2022-03-28 08:58:24,534.65
2022-03-28 08:58:29,534.72
2022-03-28 08:58:34,534.72
2022-03-28 08:58:39,534.72
2022-03-28 08:58:44,541.4771263916678
2022-03-28 08:58:49,534.78
2022-03-28 08:58:54,534.78
2022-03-28 08:58:59,534.78
2022-03-28 08:59:04,541.373914225841
2022-03-28 08:59:09,534.78
2022-03-28 08:59:14,534.72
2022-03-28 08:59:19,541.2965051014709
2022-03-28 08:59:24,534.78
2022-03-28 08:59:29,541.2448990185575
2022-03-28 08:59:34,541.2190959771008
2022-03-28 08:59:39,534.78
2022-03-28 08:59:44,534.78
2022-03-28 08:59:49,541.1416868527307
2022-03-28 08:59:54,541.115883811274
2022-03-28 08:59:59,534.85
2022-03-28 09:00:04,534.79
2022-03-28 09:00:09,534.85
2022-03-28 09:00:14,534.79
2022-03-28 09:00:19,540.9868686039905
2022-03-28 09:00:24,534.85
2022-03-28 09:00:29,534.88
2022-03-28 09:00:34,540.9094594796204
2022-03-28 09:00:39,534.95
2022-03-28 09:00:44,540.857853396707
2022-03-28 09:00:49,535.02
2022-03-28 09:00:54,535.02
2022-03-28 09:00:59,540.7804442723369
2022-03-28 09:01:04,535.08
2022-03-28 09:01:09,535.08
2022-03-28 09:01:14,535.15
2022-03-28 09:01:19,535.18
2022-03-28 09:01:24,535.18
2022-03-28 09:01:29,540.6256260235967
2022-03-28 09:01:34,540.59982298214
2022-03-28 09:01:39,535.31
2022-03-28 09:01:44,535.38
2022-03-28 09:01:49,540.52241385777
2022-03-28 09:01:54,540.5129211663141
2022-03-28 09:01:59,535.47
2022-03-28 09:02:04,535.54
2022-03-28 09:02:09,535.54
2022-03-28 09:02:14,540.5899163269819
2022-03-28 09:02:19,535.67
2022-03-28 09:02:24,535.7
2022-03-28 09:02:29,535.77
2022-03-28 09:02:34,535.83
2022-03-28 09:02:39,535.83
2022-03-28 09:02:44,535.9
2022-03-28 09:02:49,540.7246578581507
2022-03-28 09:02:54,535.9
2022-03-28 09:02:59,535.93
2022-03-28 09:03:04,540.7824042286517
2022-03-28 09:03:09,536.0
2022-03-28 09:03:14,540.8209018089856
2022-03-28 09:03:19,536.0
2022-03-28 09:03:24,536.06
2022-03-28 09:03:29,536.06
2022-03-28 09:03:34,536.13
2022-03-28 09:03:39,540.9171457598205
2022-03-28 09:03:44,536.13
2022-03-28 09:03:49,540.9556433401544
2022-03-28 09:03:54,540.9748921303215
2022-03-28 09:03:59,536.23
2022-03-28 09:04:04,536.23
2022-03-28 09:04:09,536.29
2022-03-28 09:04:14,536.35
2022-03-28 09:04:19,541.0711360811563
2022-03-28 09:04:24,536.35
2022-03-28 09:04:29,541.1096336614902
2022-03-28 09:04:34,536.42
2022-03-28 09:04:39,536.42
2022-03-28 09:04:44,536.45
2022-03-28 09:04:49,541.1866288221581
2022-03-28 09:04:54,536.58
2022-03-28 09:04:59,536.58
2022-03-28 09:05:04,541.2443751926589
2022-03-28 09:05:09,536.58
2022-03-28 09:05:14,541.282872772993
2022-03-28 09:05:19,536.7
2022-03-28 09:05:24,536.64
2022-03-28 09:05:29,536.7
2022-03-28 09:05:34,536.7
2022-03-28 09:05:39,541.3791167238278
2022-03-28 09:05:44,541.3983655139948
2022-03-28 09:05:49,536.74
2022-03-28 09:05:54,536.8
2022-03-28 09:05:59,536.8
2022-03-28 09:06:04,536.8
2022-03-28 09:06:09,541.4946094648296
2022-03-28 09:06:14,536.86
2022-03-28 09:06:19,541.5331070451637
2022-03-28 09:06:24,541.5523558353306
2022-03-28 09:06:29,541.5716046254976
2022-03-28 09:06:34,536.93
2022-03-28 09:06:39,536.93
2022-03-28 09:06:44,536.92
2022-03-28 09:06:49,536.96
2022-03-28 09:06:54,536.96
2022-03-28 09:06:59,541.6870973664994
2022-03-28 09:07:04,536.96
2022-03-28 09:07:09,536.92
2022-03-28 09:07:14,536.96
2022-03-28 09:07:19,536.95
2022-03-28 09:07:24,536.92
2022-03-28 09:07:29,536.92
2022-03-28 09:07:34,536.92
2022-03-28 09:07:39,536.92
2022-03-28 09:07:44,536.92
2022-03-28 09:07:49,536.92
2022-03-28 09:07:54,536.85
2022-03-28 09:07:59,541.9180828485031
2022-03-28 09:08:04,541.93733163867
2022-03-28 09:08:09,536.78
2022-03-28 09:08:14,541.975829219004
2022-03-28 09:08:19,536.72
2022-03-28 09:08:24,536.72
2022-03-28 09:08:29,536.69
2022-03-28 09:08:34,536.69
2022-03-28 09:08:39,542.0720731698389
2022-03-28 09:08:44,542.0913219600059
2022-03-28 09:08:49,536.62
2022-03-28 09:08:54,536.56
2022-03-28 09:08:59,536.56
2022-03-28 09:09:04,536.49
2022-03-28 09:09:09,536.56
2022-03-28 09:09:14,542.2068147010077
2022-03-28 09:09:19,536.42
2022-03-28 09:09:24,536.43
2022-03-28 09:09:29,536.42
2022-03-28 09:09:34,536.42
2022-03-28 09:09:39,536.39
2022-03-28 09:09:44,536.42
2022-03-28 09:09:49,536.42
2022-03-28 09:09:54,536.39
2022-03-28 09:09:59,536.39
2022-03-28 09:10:04,536.33
2022-03-28 09:10:09,536.33
2022-03-28 09:10:14,536.33
2022-03-28 09:10:19,542.4570489731783
2022-03-28 09:10:24,542.4762977633453
2022-03-28 09:10:29,536.26
2022-03-28 09:10:34,542.5147953436792
2022-03-28 09:10:39,542.5340441338462
2022-03-28 09:10:44,536.16
2022-03-28 09:10:49,536.17
2022-03-28 09:10:54,542.5917905043472
2022-03-28 09:10:59,536.04
2022-03-28 09:11:04,542.6302880846811
2022-03-28 09:11:09,542.6495368748481
2022-03-28 09:11:14,535.97
2022-03-28 09:11:19,535.91
2022-03-28 09:11:24,535.91
2022-03-28 09:11:29,535.88
2022-03-28 09:11:34,535.81
2022-03-28 09:11:39,535.75
2022-03-28 09:11:44,535.75
2022-03-28 09:11:49,542.8035271961838
2022-03-28 09:11:54,535.65
2022-03-28 09:11:59,535.65
2022-03-28 09:12:04,542.8612735666848
2022-03-28 09:12:09,535.53
2022-03-28 09:12:14,535.46
2022-03-28 09:12:19,535.4
2022-03-28 09:12:24,535.37
2022-03-28 09:12:29,535.3
2022-03-28 09:12:34,542.9767663076866
2022-03-28 09:12:39,535.3
2022-03-28 09:12:44,543.0152638880205
2022-03-28 09:12:49,535.17
2022-03-28 09:12:54,535.14
2022-03-28 09:12:59,535.08
2022-03-28 09:13:04,543.0922590486884
2022-03-28 09:13:09,543.1115078388553
2022-03-28 09:13:14,534.89
2022-03-28 09:13:19,534.89
2022-03-28 09:13:24,543.1692542093564
2022-03-28 09:13:29,543.1885029995233
2022-03-28 09:13:34,534.67
2022-03-28 09:13:39,534.63
2022-03-28 09:13:44,534.57
2022-03-28 09:13:49,534.51
2022-03-28 09:13:54,534.44
2022-03-28 09:13:59,543.3039957405251
2022-03-28 09:14:04,534.35
2022-03-28 09:14:09,543.342493320859
2022-03-28 09:14:14,534.15
2022-03-28 09:14:19,534.12
2022-03-28 09:14:24,543.40023969136
2022-03-28 09:14:29,543.419488481527
2022-03-28 09:14:34,533.93
2022-03-28 09:14:39,533.87
2022-03-28 09:14:44,533.84
2022-03-28 09:14:49,533.77
2022-03-28 09:14:54,543.5157324323618
2022-03-28 09:14:59,533.64
2022-03-28 09:15:04,533.61
2022-03-28 09:15:09,533.55
2022-03-28 09:15:14,543.5927275930297
2022-03-28 09:15:19,533.48
2022-03-28 09:15:24,533.42
2022-03-28 09:15:29,533.36
2022-03-28 09:15:34,533.35
2022-03-28 09:15:39,533.32
2022-03-28 09:15:44,543.7082203340316
2022-03-28 09:15:49,543.7274691241986
2022-03-28 09:15:54,533.2
2022-03-28 09:15:59,533.2
2022-03-28 09:16:04,533.13
2022-03-28 09:16:09,533.1
2022-03-28 09:16:14,533.03
2022-03-28 09:16:19,533.1
2022-03-28 09:16:24,532.97
2022-03-28 09:16:29,532.91
2022-03-28 09:16:34,532.84
2022-03-28 09:16:39,532.81
2022-03-28 09:16:44,543.3463890139901
2022-03-28 09:16:49,532.74
2022-03-28 09:16:54,532.68
2022-03-28 09:16:59,532.68
2022-03-28 09:17:04,543.1685003834548
2022-03-28 09:17:09,543.1240282258209
2022-03-28 09:17:14,532.52
2022-03-28 09:17:19,532.52
2022-03-28 09:17:24,532.46
2022-03-28 09:17:29,542.9461395952856
2022-03-28 09:17:34,532.39
2022-03-28 09:17:39,542.8571952800179
2022-03-28 09:17:44,532.29
2022-03-28 09:17:49,532.32
2022-03-28 09:17:54,532.29
2022-03-28 09:17:59,532.22
2022-03-28 09:18:04,532.22
2022-03-28 09:18:09,532.16
2022-03-28 09:18:14,542.545890176581
2022-03-28 09:18:19,532.06
2022-03-28 09:18:24,542.4569458613133
2022-03-28 09:18:29,532.06
2022-03-28 09:18:34,532.06
2022-03-28 09:18:39,532.0
2022-03-28 09:18:44,542.279057230778
2022-03-28 09:18:49,542.2345850731441
2022-03-28 09:18:54,531.93
2022-03-28 09:18:59,531.93
2022-03-28 09:19:04,531.8
2022-03-28 09:19:09,531.8
2022-03-28 09:19:14,531.8
2022-03-28 09:19:19,531.77
2022-03-28 09:19:24,531.77
2022-03-28 09:19:29,531.76
2022-03-28 09:19:34,531.7
2022-03-28 09:19:39,531.64
2022-03-28 09:19:44,541.745391339172
2022-03-28 09:19:49,531.57
2022-03-28 09:19:54,531.54
2022-03-28 09:19:59,531.47
2022-03-28 09:20:04,541.5675027086367
2022-03-28 09:20:09,531.47
2022-03-28 09:20:14,541.478558393369
2022-03-28 09:20:19,531.34
2022-03-28 09:20:24,531.34
2022-03-28 09:20:29,531.34
2022-03-28 09:20:34,541.3006697628336
2022-03-28 09:20:39,541.2561976051998
2022-03-28 09:20:44,541.211725447566
2022-03-28 09:20:49,531.24
2022-03-28 09:20:54,541.1227811322983
2022-03-28 09:20:59,531.18
2022-03-28 09:21:04,541.0338368170306
2022-03-28 09:21:09,531.11
2022-03-28 09:21:14,540.9448925017629
2022-03-28 09:21:19,540.9004203441291
2022-03-28 09:21:24,531.01
2022-03-28 09:21:29,540.8114760288614
2022-03-28 09:21:34,531.01
2022-03-28 09:21:39,540.7225317135938
2022-03-28 09:21:44,530.95
2022-03-28 09:21:49,530.95
2022-03-28 09:21:54,530.89
2022-03-28 09:21:59,540.5446430830584
2022-03-28 09:22:04,540.5001709254245
2022-03-28 09:22:09,530.75
2022-03-28 09:22:14,530.82
2022-03-28 09:22:19,530.76
2022-03-28 09:22:24,530.76
2022-03-28 09:22:29,530.72
2022-03-28 09:22:34,540.2333379796215
2022-03-28 09:22:39,540.1888658219877
2022-03-28 09:22:44,530.66
2022-03-28 09:22:49,540.09992150672
2022-03-28 09:22:54,530.59
2022-03-28 09:22:59,540.0109771914524
2022-03-28 09:23:04,530.53
2022-03-28 09:23:09,530.53
2022-03-28 09:23:14,530.5
2022-03-28 09:23:19,539.8330885609171
2022-03-28 09:23:24,530.5
2022-03-28 09:23:29,530.5
2022-03-28 09:23:34,539.6996720880155
2022-03-28 09:23:39,539.6551999303816
2022-03-28 09:23:44,530.44
2022-03-28 09:23:49,530.44
2022-03-28 09:23:54,530.44
2022-03-28 09:23:59,530.5
2022-03-28 09:24:04,530.5
2022-03-28 09:24:09,530.44
2022-03-28 09:24:14,530.54
2022-03-28 09:24:19,539.2994226693111
2022-03-28 09:24:24,530.6
2022-03-28 09:24:29,530.6
2022-03-28 09:24:34,539.1660061964095
2022-03-28 09:24:39,539.1215340387756
2022-03-28 09:24:44,539.0770618811417
2022-03-28 09:24:49,530.67
2022-03-28 09:24:54,530.73
2022-03-28 09:24:59,530.77
2022-03-28 09:25:04,530.77
2022-03-28 09:25:09,530.83
2022-03-28 09:25:14,530.83
2022-03-28 09:25:19,538.765756777705
2022-03-28 09:25:24,530.96
2022-03-28 09:25:29,531.03
2022-03-28 09:25:34,538.6323403048034
2022-03-28 09:25:39,531.06
2022-03-28 09:25:44,538.5433959895357
2022-03-28 09:25:49,531.19
2022-03-28 09:25:54,538.4544516742682
2022-03-28 09:25:59,531.29
2022-03-28 09:26:04,531.42
2022-03-28 09:26:09,538.3210352013666
2022-03-28 09:26:14,531.55
2022-03-28 09:26:19,531.65
2022-03-28 09:26:24,538.187618728465
2022-03-28 09:26:29,538.1431465708313
2022-03-28 09:26:34,531.87
2022-03-28 09:26:39,531.94
2022-03-28 09:26:44,538.0097300979298
2022-03-28 09:26:49,532.1
2022-03-28 09:26:54,532.23
2022-03-28 09:26:59,532.29
2022-03-28 09:27:04,532.39
2022-03-28 09:27:09,532.52
2022-03-28 09:27:14,537.7428971521268
2022-03-28 09:27:19,532.68
2022-03-28 09:27:24,532.75
2022-03-28 09:27:29,532.81
2022-03-28 09:27:34,537.5650085215914
2022-03-28 09:27:39,532.97
2022-03-28 09:27:44,533.1
2022-03-28 09:27:49,533.1
2022-03-28 09:27:54,533.26
2022-03-28 09:27:59,533.33
2022-03-28 09:28:04,537.2981755757884
2022-03-28 09:28:09,537.2537034181545
2022-03-28 09:28:14,533.55
2022-03-28 09:28:19,533.65
2022-03-28 09:28:24,533.71
2022-03-28 09:28:29,533.78
2022-03-28 09:28:34,533.87
2022-03-28 09:28:39,534.0
2022-03-28 09:28:44,534.07
2022-03-28 09:28:49,534.13
2022-03-28 09:28:54,534.16
2022-03-28 09:28:59,534.29
2022-03-28 09:29:04,534.35
2022-03-28 09:29:09,534.39
2022-03-28 09:29:14,534.45
2022-03-28 09:29:19,534.58
2022-03-28 09:29:24,536.586621053647
2022-03-28 09:29:29,534.74
2022-03-28 09:29:34,534.8
2022-03-28 09:29:39,534.9
2022-03-28 09:29:44,534.96
2022-03-28 09:29:49,535.09
2022-03-28 09:29:54,535.19
2022-03-28 09:29:59,535.25
2022-03-28 09:30:04,535.38
2022-03-28 09:30:09,535.48
2022-03-28 09:30:14,535.61
2022-03-28 09:30:19,535.7
2022-03-28 09:30:24,535.83
2022-03-28 09:30:29,535.93
2022-03-28 09:30:34,535.99
2022-03-28 09:30:39,536.05
2022-03-28 09:30:44,536.18
2022-03-28 09:30:49,536.34
2022-03-28 09:30:54,536.41
2022-03-28 09:30:59,537.0094601047452
2022-03-28 09:31:04,537.0777361081934
2022-03-28 09:31:09,536.69
2022-03-28 09:31:14,536.79
2022-03-28 09:31:19,536.92
2022-03-28 09:31:24,537.02
2022-03-28 09:31:29,537.08
2022-03-28 09:31:34,537.24
2022-03-28 09:31:39,537.3
2022-03-28 09:31:44,537.6239441357801
2022-03-28 09:31:49,537.46
2022-03-28 09:31:54,537.65
2022-03-28 09:31:59,537.72
2022-03-28 09:32:04,537.81
2022-03-28 09:32:09,537.94
2022-03-28 09:32:14,537.97
2022-03-28 09:32:19,538.1018761599183
2022-03-28 09:32:24,538.1701521633665
2022-03-28 09:32:29,538.33
2022-03-28 09:32:34,538.45
2022-03-28 09:32:39,538.55
2022-03-28 09:32:44,538.68
2022-03-28 09:32:49,538.5115321806081
2022-03-28 09:32:54,538.9
2022-03-28 09:32:59,539.0
2022-03-28 09:33:04,539.13
2022-03-28 09:33:09,539.29
2022-03-28 09:33:14,539.35
2022-03-28 09:33:19,538.921188201298
2022-03-28 09:33:24,538.9894642047464
2022-03-28 09:33:29,539.0577402081946
2022-03-28 09:33:34,539.8
2022-03-28 09:33:39,539.1942922150913
2022-03-28 09:33:44,539.93
2022-03-28 09:33:49,540.03
2022-03-28 09:33:54,539.3991202254363
2022-03-28 09:33:59,539.4673962288846
2022-03-28 09:34:04,540.29
2022-03-28 09:34:09,540.32
2022-03-28 09:34:14,540.45
2022-03-28 09:34:19,540.51
2022-03-28 09:34:24,539.8087762461262
2022-03-28 09:34:29,539.8770522495745
2022-03-28 09:34:34,539.9453282530227
2022-03-28 09:34:39,540.74
2022-03-28 09:34:44,540.0818802599194
2022-03-28 09:34:49,540.84
2022-03-28 09:34:54,540.96
2022-03-28 09:34:59,540.97
2022-03-28 09:35:04,541.03
2022-03-28 09:35:09,540.4232602771609
2022-03-28 09:35:14,541.06
2022-03-28 09:35:19,541.19
2022-03-28 09:35:24,541.19
2022-03-28 09:35:29,541.26
2022-03-28 09:35:34,541.26
2022-03-28 09:35:39,540.8329162978508
2022-03-28 09:35:44,541.26
2022-03-28 09:35:49,541.32
2022-03-28 09:35:54,541.32
2022-03-28 09:35:59,541.1060203116441
2022-03-28 09:36:04,541.32
2022-03-28 09:36:09,541.2425723185409
2022-03-28 09:36:14,541.26
2022-03-28 09:36:19,541.26
2022-03-28 09:36:24,541.4474003288858
2022-03-28 09:36:29,541.515676332334
2022-03-28 09:36:34,541.5839523357823
2022-03-28 09:36:39,541.14
2022-03-28 09:36:44,541.7205043426789
2022-03-28 09:36:49,541.04
2022-03-28 09:36:54,541.8570563495756
2022-03-28 09:36:59,540.91
2022-03-28 09:37:04,540.85
2022-03-28 09:37:09,540.82
2022-03-28 09:37:14,542.1301603633689
2022-03-28 09:37:19,542.1984363668171
2022-03-28 09:37:24,540.56
2022-03-28 09:37:29,540.47
2022-03-28 09:37:34,540.4
2022-03-28 09:37:39,542.4715403806105
2022-03-28 09:37:44,540.18
2022-03-28 09:37:49,540.05
2022-03-28 09:37:54,539.89
2022-03-28 09:37:59,539.83
2022-03-28 09:38:04,539.67
2022-03-28 09:38:09,539.54
2022-03-28 09:38:14,542.9494724047487
2022-03-28 09:38:19,543.017748408197
2022-03-28 09:38:24,539.09
2022-03-28 09:38:29,538.93
2022-03-28 09:38:34,538.8
2022-03-28 09:38:39,538.64
2022-03-28 09:38:44,538.42
2022-03-28 09:38:49,538.29
2022-03-28 09:38:54,538.06
2022-03-28 09:38:59,543.5639564357834
2022-03-28 09:39:04,537.74
2022-03-28 09:39:09,537.48
2022-03-28 09:39:14,543.7687844461284
2022-03-28 09:39:19,537.16
2022-03-28 09:39:24,543.9053364530251
2022-03-28 09:39:29,536.74
2022-03-28 09:39:34,536.52
2022-03-28 09:39:39,536.23
2022-03-28 09:39:44,536.06
2022-03-28 09:39:49,535.84
2022-03-28 09:39:54,535.62
2022-03-28 09:39:59,544.3832684771631
2022-03-28 09:40:04,535.2
2022-03-28 09:40:09,534.97
2022-03-28 09:40:14,534.74
2022-03-28 09:40:19,544.6563724909565
2022-03-28 09:40:24,534.36
2022-03-28 09:40:29,544.7929244978533
2022-03-28 09:40:34,533.88
2022-03-28 09:40:39,533.62
2022-03-28 09:40:44,544.9977525081981
2022-03-28 09:40:49,533.2
2022-03-28 09:40:54,533.04
2022-03-28 09:40:59,545.2025805185431
2022-03-28 09:41:04,532.58
2022-03-28 09:41:09,545.3391325254397
2022-03-28 09:41:14,532.23
2022-03-28 09:41:19,532.0
2022-03-28 09:41:24,545.5439605357845
2022-03-28 09:41:29,531.55
2022-03-28 09:41:34,545.6805125426813
2022-03-28 09:41:39,531.2
2022-03-28 09:41:44,531.04
2022-03-28 09:41:49,545.8853405530263
2022-03-28 09:41:54,530.68
2022-03-28 09:41:59,530.52
2022-03-28 09:42:04,530.32
2022-03-28 09:42:09,530.17
2022-03-28 09:42:14,530.04
2022-03-28 09:42:19,529.87
2022-03-28 09:42:24,529.71
2022-03-28 09:42:29,529.52
2022-03-28 09:42:34,529.42
2022-03-28 09:42:39,546.5681005875094
2022-03-28 09:42:44,529.19
2022-03-28 09:42:49,529.0
2022-03-28 09:42:54,528.9
2022-03-28 09:42:59,528.77
2022-03-28 09:43:04,528.68
2022-03-28 09:43:09,546.9777566081993
2022-03-28 09:43:14,528.45
2022-03-28 09:43:19,528.32
2022-03-28 09:43:24,528.19
2022-03-28 09:43:29,547.2508606219924
2022-03-28 09:43:34,528.09
2022-03-28 09:43:39,547.3874126288891
2022-03-28 09:43:44,547.4556886323376
2022-03-28 09:43:49,547.5239646357858
2022-03-28 09:43:54,527.8
2022-03-28 09:43:59,527.74
2022-03-28 09:44:04,527.67
2022-03-28 09:44:09,527.64
2022-03-28 09:44:14,547.7000841418844
2022-03-28 09:44:19,527.57
2022-03-28 09:44:24,527.51
2022-03-28 09:44:29,527.44
2022-03-28 09:44:34,547.4157748144637
2022-03-28 09:44:39,527.41
2022-03-28 09:44:44,527.34
2022-03-28 09:44:49,527.34
2022-03-28 09:44:54,527.34
2022-03-28 09:44:59,527.34
2022-03-28 09:45:04,546.9893108233323
2022-03-28 09:45:09,546.9182334914772
2022-03-28 09:45:14,546.8471561596219
2022-03-28 09:45:19,527.41
2022-03-28 09:45:24,527.41
2022-03-28 09:45:29,527.41
2022-03-28 09:45:34,527.44
2022-03-28 09:45:39,527.5
2022-03-28 09:45:44,546.4206921684906
2022-03-28 09:45:49,527.57
2022-03-28 09:45:54,546.2785375047802
2022-03-28 09:45:59,546.207460172925
2022-03-28 09:46:04,527.86
2022-03-28 09:46:09,527.92
2022-03-28 09:46:14,545.9942281773593
2022-03-28 09:46:19,528.08
2022-03-28 09:46:24,545.8520735136489
2022-03-28 09:46:29,528.37
2022-03-28 09:46:34,528.47
2022-03-28 09:46:39,528.6
2022-03-28 09:46:44,545.5677641862281
2022-03-28 09:46:49,528.82
2022-03-28 09:46:54,528.99
2022-03-28 09:46:59,529.11
2022-03-28 09:47:04,545.2834548588072
2022-03-28 09:47:09,545.212377526952
2022-03-28 09:47:14,529.57
2022-03-28 09:47:19,529.79
2022-03-28 09:47:24,529.92
2022-03-28 09:47:29,530.08
2022-03-28 09:47:34,544.856990867676
2022-03-28 09:47:39,530.44
2022-03-28 09:47:44,530.53
2022-03-28 09:47:49,530.76
2022-03-28 09:47:54,530.89
2022-03-28 09:47:59,531.11
2022-03-28 09:48:04,544.4305268765447
2022-03-28 09:48:09,531.47
2022-03-28 09:48:14,531.63
2022-03-28 09:48:19,544.2172948809789
2022-03-28 09:48:24,544.1462175491238
2022-03-28 09:48:29,532.15
2022-03-28 09:48:34,532.28
2022-03-28 09:48:39,532.5
2022-03-28 09:48:44,532.67
2022-03-28 09:48:49,532.83
2022-03-28 09:48:54,533.02
2022-03-28 09:48:59,543.6486762261372
2022-03-28 09:49:04,533.34
2022-03-28 09:49:09,543.5065215624269
2022-03-28 09:49:14,533.6
2022-03-28 09:49:19,533.83
2022-03-28 09:49:24,543.2932895668612
2022-03-28 09:49:29,534.12
2022-03-28 09:49:34,534.15
2022-03-28 09:49:39,534.35
2022-03-28 09:49:44,534.44
2022-03-28 09:49:49,534.57
2022-03-28 09:49:54,534.73
2022-03-28 09:49:59,534.86
2022-03-28 09:50:04,542.7246709120195
2022-03-28 09:50:09,535.09
2022-03-28 09:50:14,542.5825162483092
2022-03-28 09:50:19,535.32
2022-03-28 09:50:24,535.48
2022-03-28 09:50:29,542.3692842527433
2022-03-28 09:50:34,535.7
2022-03-28 09:50:39,535.83
2022-03-28 09:50:44,542.1560522571777
2022-03-28 09:50:49,535.99
2022-03-28 09:50:54,536.12
2022-03-28 09:50:59,541.9428202616122
2022-03-28 09:51:04,536.35
2022-03-28 09:51:09,541.8006655979017
2022-03-28 09:51:14,536.44
2022-03-28 09:51:19,536.57
2022-03-28 09:51:24,536.64
2022-03-28 09:51:29,536.7
2022-03-28 09:51:34,536.73
2022-03-28 09:51:39,536.8
2022-03-28 09:51:44,536.93
2022-03-28 09:51:49,541.2320469430599
2022-03-28 09:51:54,536.96
2022-03-28 09:51:59,541.0898922793496
2022-03-28 09:52:04,536.96
2022-03-28 09:52:09,537.02
2022-03-28 09:52:14,537.02
2022-03-28 09:52:19,537.09
2022-03-28 09:52:24,540.7345056200736
2022-03-28 09:52:29,537.09
2022-03-28 09:52:34,540.592350956363
2022-03-28 09:52:39,537.09
2022-03-28 09:52:44,537.08
2022-03-28 09:52:49,537.15
2022-03-28 09:52:54,537.08
2022-03-28 09:52:59,540.2369642970871
2022-03-28 09:53:04,537.08
2022-03-28 09:53:09,537.08
2022-03-28 09:53:14,540.0237323015215
2022-03-28 09:53:19,537.02
2022-03-28 09:53:24,537.02
2022-03-28 09:53:29,536.95
2022-03-28 09:53:34,539.7394229741005
2022-03-28 09:53:39,536.92
2022-03-28 09:53:44,539.5972683103901
2022-03-28 09:53:49,539.5261909785349
2022-03-28 09:53:54,536.79
2022-03-28 09:53:59,536.79
2022-03-28 09:54:04,536.72
2022-03-28 09:54:09,536.69
2022-03-28 09:54:14,536.69
2022-03-28 09:54:19,536.62
2022-03-28 09:54:24,536.56
2022-03-28 09:54:29,536.56
2022-03-28 09:54:34,536.49
2022-03-28 09:54:39,538.8154176599828
2022-03-28 09:54:44,536.39
2022-03-28 09:54:49,538.6732629962722
2022-03-28 09:54:54,538.6021856644171
2022-03-28 09:54:59,536.26
2022-03-28 09:55:04,536.26
2022-03-28 09:55:09,538.3889536688515
2022-03-28 09:55:14,536.2
2022-03-28 09:55:19,536.19
2022-03-28 09:55:24,536.16
2022-03-28 09:55:29,538.1046443414306
2022-03-28 09:55:34,536.1
2022-03-28 09:55:39,535.97
2022-03-28 09:55:44,536.03
2022-03-28 09:55:49,536.03
2022-03-28 09:55:54,535.96
2022-03-28 09:55:59,537.6781803502994
2022-03-28 09:56:04,535.9
2022-03-28 09:56:09,535.9
2022-03-28 09:56:14,537.4649483547337
2022-03-28 09:56:19,535.86
2022-03-28 09:56:24,535.86
2022-03-28 09:56:29,537.2517163591681
2022-03-28 09:56:34,535.86
2022-03-28 09:56:39,535.86
2022-03-28 09:56:44,535.86
2022-03-28 09:56:49,535.8
2022-03-28 09:56:54,535.8
2022-03-28 09:56:59,535.8
2022-03-28 09:57:04,536.7541750361816
2022-03-28 09:57:09,535.8
2022-03-28 09:57:14,536.6120203724711
2022-03-28 09:57:19,535.8
2022-03-28 09:57:24,536.4698657087607
2022-03-28 09:57:29,536.3987883769054
2022-03-28 09:57:34,535.8
2022-03-28 09:57:39,535.79
2022-03-28 09:57:44,536.1855563813398
2022-03-28 09:57:49,535.79
2022-03-28 09:57:54,535.79
2022-03-28 09:57:59,535.86
2022-03-28 09:58:04,535.86
2022-03-28 09:58:09,535.89
2022-03-28 09:58:14,535.89
2022-03-28 09:58:19,535.89
2022-03-28 09:58:24,535.89
2022-03-28 09:58:29,535.819180287397
2022-03-28 09:58:34,535.8355037472797
2022-03-28 09:58:39,536.02
2022-03-28 09:58:44,536.02
2022-03-28 09:58:49,536.02
2022-03-28 09:58:54,536.09
2022-03-28 09:58:59,536.15
2022-03-28 09:59:04,536.15
2022-03-28 09:59:09,536.18
2022-03-28 09:59:14,536.18
2022-03-28 09:59:19,536.25
2022-03-28 09:59:24,536.31
2022-03-28 09:59:29,536.0150618059901
2022-03-28 09:59:34,536.38
2022-03-28 09:59:39,536.41
2022-03-28 09:59:44,536.0640321856383
2022-03-28 09:59:49,536.54
2022-03-28 09:59:54,536.54
2022-03-28 09:59:59,536.1130025652865
2022-03-28 10:00:04,536.1293260251693
2022-03-28 10:00:09,536.7
2022-03-28 10:00:14,536.77
2022-03-28 10:00:19,536.83
2022-03-28 10:00:24,536.1946198647004
2022-03-28 10:00:29,536.2109433245831
2022-03-28 10:00:34,536.2272667844659
2022-03-28 10:00:39,536.99
2022-03-28 10:00:44,537.06
2022-03-28 10:00:49,537.12
2022-03-28 10:00:54,536.2925606239969
2022-03-28 10:00:59,536.3088840838797
2022-03-28 10:01:04,537.29
2022-03-28 10:01:09,537.35
2022-03-28 10:01:14,537.45
2022-03-28 10:01:19,537.45
2022-03-28 10:01:24,536.3905013832934
2022-03-28 10:01:29,536.4068248431762
2022-03-28 10:01:34,537.64
2022-03-28 10:01:39,537.8
2022-03-28 10:01:44,537.87
2022-03-28 10:01:49,536.4721186827072
2022-03-28 10:01:54,536.48844214259
2022-03-28 10:01:59,538.03
2022-03-28 10:02:04,538.09
2022-03-28 10:02:09,538.16
2022-03-28 10:02:14,538.22
2022-03-28 10:02:19,536.5700594420038
2022-03-28 10:02:24,536.5863829018865
2022-03-28 10:02:29,538.45
2022-03-28 10:02:34,538.48
2022-03-28 10:02:39,538.48
2022-03-28 10:02:44,536.6516767414175
2022-03-28 10:02:49,538.67
2022-03-28 10:02:54,538.74
2022-03-28 10:02:59,538.77
2022-03-28 10:03:04,538.83
2022-03-28 10:03:09,538.9
2022-03-28 10:03:14,538.96
2022-03-28 10:03:19,539.0
2022-03-28 10:03:24,539.06
2022-03-28 10:03:29,536.7985878803623
2022-03-28 10:03:34,539.25
2022-03-28 10:03:39,539.29
2022-03-28 10:03:44,539.29
2022-03-28 10:03:49,536.8638817198934
2022-03-28 10:03:54,539.48
2022-03-28 10:03:59,539.48
2022-03-28 10:04:04,536.9128520995416
2022-03-28 10:04:09,539.57
2022-03-28 10:04:14,539.7
2022-03-28 10:04:19,536.9618224791899
2022-03-28 10:04:24,539.76
2022-03-28 10:04:29,539.79
2022-03-28 10:04:34,539.86
2022-03-28 10:04:39,537.0271163187209
2022-03-28 10:04:44,539.92
2022-03-28 10:04:49,537.0597632384864
2022-03-28 10:04:54,540.02
2022-03-28 10:04:59,540.02
2022-03-28 10:05:04,540.08
2022-03-28 10:05:09,540.08
2022-03-28 10:05:14,540.14
2022-03-28 10:05:19,540.14
2022-03-28 10:05:24,537.1740274576657
2022-03-28 10:05:29,537.1903509175485
2022-03-28 10:05:34,540.14
2022-03-28 10:05:39,540.14
2022-03-28 10:05:44,540.14
2022-03-28 10:05:49,540.14
2022-03-28 10:05:54,537.2719682169623
2022-03-28 10:05:59,540.07
2022-03-28 10:06:04,537.3046151367278
2022-03-28 10:06:09,540.07
2022-03-28 10:06:14,540.01
2022-03-28 10:06:19,540.01
2022-03-28 10:06:24,537.3699089762588
2022-03-28 10:06:29,540.01
2022-03-28 10:06:34,539.97
2022-03-28 10:06:39,537.418879355907
2022-03-28 10:06:44,539.84
2022-03-28 10:06:49,537.4515262756726
2022-03-28 10:06:54,539.77
2022-03-28 10:06:59,539.67
2022-03-28 10:07:04,539.68
2022-03-28 10:07:09,537.5168201152036
2022-03-28 10:07:14,539.54
2022-03-28 10:07:19,537.5494670349691
2022-03-28 10:07:24,537.5657904948519
2022-03-28 10:07:29,537.5821139547346
2022-03-28 10:07:34,539.22
2022-03-28 10:07:39,539.09
2022-03-28 10:07:44,539.02
2022-03-28 10:07:49,538.93
2022-03-28 10:07:54,538.8
2022-03-28 10:07:59,538.73
2022-03-28 10:08:04,538.7
2022-03-28 10:08:09,537.7127016337967
2022-03-28 10:08:14,537.7290250936794
2022-03-28 10:08:19,538.41
2022-03-28 10:08:24,538.34
2022-03-28 10:08:29,538.22
2022-03-28 10:08:34,538.18
2022-03-28 10:08:39,537.8106423930932
2022-03-28 10:08:44,537.826965852976
2022-03-28 10:08:49,537.83
2022-03-28 10:08:54,537.76
2022-03-28 10:08:59,537.8759362326242
2022-03-28 10:09:04,537.6
2022-03-28 10:09:09,537.9085831523897
2022-03-28 10:09:14,537.41
2022-03-28 10:09:19,537.9412300721552
2022-03-28 10:09:24,537.25
2022-03-28 10:09:29,537.9738769919207
2022-03-28 10:09:34,537.02
2022-03-28 10:09:39,536.96
2022-03-28 10:09:44,536.86
2022-03-28 10:09:49,536.8
2022-03-28 10:09:54,536.73
2022-03-28 10:09:59,536.57
2022-03-28 10:10:04,538.0881412111
2022-03-28 10:10:09,536.38
2022-03-28 10:10:14,536.28
2022-03-28 10:10:19,536.15
2022-03-28 10:10:24,536.06
2022-03-28 10:10:29,535.93
2022-03-28 10:10:34,535.83
2022-03-28 10:10:39,535.7
2022-03-28 10:10:44,535.61
2022-03-28 10:10:49,535.54
2022-03-28 10:10:54,538.2513758099276
2022-03-28 10:10:59,535.35
2022-03-28 10:11:04,538.2840227296931
2022-03-28 10:11:09,535.19
2022-03-28 10:11:14,535.09
2022-03-28 10:11:19,534.96
2022-03-28 10:11:24,534.9
2022-03-28 10:11:29,534.8
2022-03-28 10:11:34,538.3819634889896
2022-03-28 10:11:39,534.61
2022-03-28 10:11:44,534.61
2022-03-28 10:11:49,534.58
2022-03-28 10:11:54,538.4472573285207
2022-03-28 10:11:59,534.39
2022-03-28 10:12:04,538.4799042482862
2022-03-28 10:12:09,534.32
2022-03-28 10:12:14,534.23
2022-03-28 10:12:19,534.23
2022-03-28 10:12:24,538.541480315155
2022-03-28 10:12:29,534.17
2022-03-28 10:12:34,534.23
2022-03-28 10:12:39,538.5800123330978
2022-03-28 10:12:44,538.5928563390787
2022-03-28 10:12:49,534.17
2022-03-28 10:12:54,534.23
2022-03-28 10:12:59,534.23
2022-03-28 10:13:04,534.23
2022-03-28 10:13:09,534.3
2022-03-28 10:13:14,534.3
2022-03-28 10:13:19,538.6827643809452
2022-03-28 10:13:24,534.33
2022-03-28 10:13:29,534.33
2022-03-28 10:13:34,534.39
2022-03-28 10:13:39,534.39
2022-03-28 10:13:44,534.46
2022-03-28 10:13:49,534.52
2022-03-28 10:13:54,538.7726724228118
2022-03-28 10:13:59,534.59
2022-03-28 10:14:04,534.62
2022-03-28 10:14:09,538.8112044407545
2022-03-28 10:14:14,534.75
2022-03-28 10:14:19,538.8368924527164
2022-03-28 10:14:24,538.8497364586973
2022-03-28 10:14:29,534.85
2022-03-28 10:14:34,534.91
2022-03-28 10:14:39,538.8882684766401
2022-03-28 10:14:44,538.901112482621
2022-03-28 10:14:49,535.13
2022-03-28 10:14:54,535.26
2022-03-28 10:14:59,535.36
2022-03-28 10:15:04,535.42
2022-03-28 10:15:09,538.9653325125256
2022-03-28 10:15:14,535.55
2022-03-28 10:15:19,535.65
2022-03-28 10:15:24,535.78
2022-03-28 10:15:29,539.0167085364494
2022-03-28 10:15:34,536.0
2022-03-28 10:15:39,536.13
2022-03-28 10:15:44,539.0552405543922
2022-03-28 10:15:49,536.29
2022-03-28 10:15:54,539.080928566354
2022-03-28 10:15:59,536.51
2022-03-28 10:16:04,539.1066165783159
2022-03-28 10:16:09,536.74
2022-03-28 10:16:14,539.1323045902777
2022-03-28 10:16:19,536.9
2022-03-28 10:16:24,539.1579926022396
2022-03-28 10:16:29,537.15
2022-03-28 10:16:34,537.25
2022-03-28 10:16:39,539.1965246201825
2022-03-28 10:16:44,537.47
2022-03-28 10:16:49,537.6
2022-03-28 10:16:54,537.7
2022-03-28 10:16:59,537.82
2022-03-28 10:17:04,537.92
2022-03-28 10:17:09,539.273588656068
2022-03-28 10:17:14,538.18
2022-03-28 10:17:19,538.21
2022-03-28 10:17:24,539.3121206740108
2022-03-28 10:17:29,538.43
2022-03-28 10:17:34,538.56
2022-03-28 10:17:39,538.62
2022-03-28 10:17:44,539.3634966979345
2022-03-28 10:17:49,539.3763407039155
2022-03-28 10:17:54,539.3891847098963
2022-03-28 10:17:59,538.91
2022-03-28 10:18:04,538.94
2022-03-28 10:18:09,539.4277167278392
2022-03-28 10:18:14,539.4405607338201
2022-03-28 10:18:19,539.453404739801
2022-03-28 10:18:24,539.466248745782
2022-03-28 10:18:29,539.23
2022-03-28 10:18:34,539.4919367577438
2022-03-28 10:18:39,539.5047807637247
2022-03-28 10:18:44,539.36
2022-03-28 10:18:49,539.36
2022-03-28 10:18:54,539.42
2022-03-28 10:18:59,539.42
2022-03-28 10:19:04,539.45
2022-03-28 10:19:09,539.45
2022-03-28 10:19:14,539.45
2022-03-28 10:19:19,539.45
2022-03-28 10:19:24,539.45
2022-03-28 10:19:29,539.45
2022-03-28 10:19:34,539.41
2022-03-28 10:19:39,539.45
2022-03-28 10:19:44,539.41
2022-03-28 10:19:49,539.6845968474578
2022-03-28 10:19:54,539.35
2022-03-28 10:19:59,539.7102848594196
2022-03-28 10:20:04,539.28
2022-03-28 10:20:09,539.28
2022-03-28 10:20:14,539.22
2022-03-28 10:20:19,539.7616608833433
2022-03-28 10:20:24,539.22
2022-03-28 10:20:29,539.7873488953052
2022-03-28 10:20:34,539.12
2022-03-28 10:20:39,539.12
2022-03-28 10:20:44,539.06
2022-03-28 10:20:49,539.838724919229
2022-03-28 10:20:54,538.9
2022-03-28 10:20:59,538.77
2022-03-28 10:21:04,539.8772569371718
2022-03-28 10:21:09,538.71
2022-03-28 10:21:14,538.68
2022-03-28 10:21:19,538.61
2022-03-28 10:21:24,538.48
2022-03-28 10:21:29,538.39
2022-03-28 10:21:34,539.9543209730573
2022-03-28 10:21:39,538.19
2022-03-28 10:21:44,539.9800089850191
2022-03-28 10:21:49,538.03
2022-03-28 10:21:54,537.9
2022-03-28 10:21:59,537.81
2022-03-28 10:22:04,540.031385008943
2022-03-28 10:22:09,537.65
2022-03-28 10:22:14,537.52
2022-03-28 10:22:19,537.39
2022-03-28 10:22:24,540.0827610328666
2022-03-28 10:22:29,540.0956050388476
2022-03-28 10:22:34,537.13
2022-03-28 10:22:39,537.01
2022-03-28 10:22:44,540.1341370567903
2022-03-28 10:22:49,536.72
2022-03-28 10:22:54,536.65
2022-03-28 10:22:59,540.1726690747331
2022-03-28 10:23:04,536.37
2022-03-28 10:23:09,536.27
2022-03-28 10:23:14,540.211201092676
2022-03-28 10:23:19,535.98
2022-03-28 10:23:24,535.85
2022-03-28 10:23:29,535.69
2022-03-28 10:23:34,540.2625771165997
2022-03-28 10:23:39,535.4
2022-03-28 10:23:44,535.34
2022-03-28 10:23:49,540.3011091345425
2022-03-28 10:23:54,540.3139531405234
2022-03-28 10:23:59,540.3267971465043
2022-03-28 10:24:04,534.89
2022-03-28 10:24:09,534.73
2022-03-28 10:24:14,534.67
2022-03-28 10:24:19,534.57
2022-03-28 10:24:24,540.3910171764089
2022-03-28 10:24:29,534.38
2022-03-28 10:24:34,534.28
2022-03-28 10:24:39,534.16
2022-03-28 10:24:44,540.4423932003327
2022-03-28 10:24:49,534.06
2022-03-28 10:24:54,540.4680812122946
2022-03-28 10:24:59,533.93
2022-03-28 10:25:04,533.87
2022-03-28 10:25:09,533.87
2022-03-28 10:25:14,540.5194572362183
2022-03-28 10:25:19,533.77
2022-03-28 10:25:24,540.5451452481801
2022-03-28 10:25:29,533.71
2022-03-28 10:25:34,533.71
2022-03-28 10:25:39,533.64
2022-03-28 10:25:44,533.58
2022-03-28 10:25:49,533.58
2022-03-28 10:25:54,533.58
2022-03-28 10:25:59,533.64
2022-03-28 10:26:04,533.58
2022-03-28 10:26:09,533.58
2022-03-28 10:26:14,533.64
2022-03-28 10:26:19,540.6864293139704
2022-03-28 10:26:24,540.699473701542
2022-03-28 10:26:29,533.71
2022-03-28 10:26:34,533.77
2022-03-28 10:26:39,540.7994427152025
2022-03-28 10:26:44,533.77
2022-03-28 10:26:49,540.8660887243095
2022-03-28 10:26:54,533.8
2022-03-28 10:26:59,533.8
2022-03-28 10:27:04,533.93
2022-03-28 10:27:09,533.93
2022-03-28 10:27:14,533.86
2022-03-28 10:27:19,533.93
2022-03-28 10:27:24,541.0993497561841
2022-03-28 10:27:29,533.99
2022-03-28 10:27:34,533.99
2022-03-28 10:27:39,534.05
2022-03-28 10:27:44,534.09
2022-03-28 10:27:49,534.09
2022-03-28 10:27:54,534.09
2022-03-28 10:27:59,534.15
2022-03-28 10:28:04,534.22
2022-03-28 10:28:09,534.21
2022-03-28 10:28:14,534.28
2022-03-28 10:28:19,534.28
2022-03-28 10:28:24,534.38
2022-03-28 10:28:29,534.31
2022-03-28 10:28:34,534.37
2022-03-28 10:28:39,534.37
2022-03-28 10:28:44,534.44
2022-03-28 10:28:49,534.44
2022-03-28 10:28:54,541.6991638381471
2022-03-28 10:28:59,534.43
2022-03-28 10:29:04,534.37
2022-03-28 10:29:09,534.37
2022-03-28 10:29:14,541.8324558563611
2022-03-28 10:29:19,534.37
2022-03-28 10:29:24,541.8991018654681
2022-03-28 10:29:29,534.3
2022-03-28 10:29:34,541.9657478745751
2022-03-28 10:29:39,541.9990708791287
2022-03-28 10:29:44,534.27
2022-03-28 10:29:49,534.2
2022-03-28 10:29:54,534.2
2022-03-28 10:29:59,534.14
2022-03-28 10:30:04,542.1656859018962
2022-03-28 10:30:09,542.1990089064496
2022-03-28 10:30:14,542.2323319110031
2022-03-28 10:30:19,533.97
2022-03-28 10:30:24,533.97
2022-03-28 10:30:29,533.84
2022-03-28 10:30:34,542.3656239292172
2022-03-28 10:30:39,533.77
2022-03-28 10:30:44,533.78
2022-03-28 10:30:49,533.74
2022-03-28 10:30:54,533.74
2022-03-28 10:30:59,542.5322389519847
2022-03-28 10:31:04,533.61
2022-03-28 10:31:09,533.55
2022-03-28 10:31:14,533.55
2022-03-28 10:31:19,533.45
2022-03-28 10:31:24,533.45
2022-03-28 10:31:29,533.38
2022-03-28 10:31:34,533.32
2022-03-28 10:31:39,542.7988229884127
2022-03-28 10:31:44,533.22
2022-03-28 10:31:49,533.16
2022-03-28 10:31:54,542.8987920020733
2022-03-28 10:31:59,533.09
2022-03-28 10:32:04,542.9654380111801
2022-03-28 10:32:09,533.0
2022-03-28 10:32:14,533.0
2022-03-28 10:32:19,532.87
2022-03-28 10:32:24,543.0987300293942
2022-03-28 10:32:29,532.74
2022-03-28 10:32:34,532.71
2022-03-28 10:32:39,532.65
2022-03-28 10:32:44,543.2320220476082
2022-03-28 10:32:49,532.51
2022-03-28 10:32:54,532.48
2022-03-28 10:32:59,532.42
2022-03-28 10:33:04,532.35
2022-03-28 10:33:09,532.29
2022-03-28 10:33:14,532.23
2022-03-28 10:33:19,543.4652830794827
2022-03-28 10:33:24,543.4986060840362
2022-03-28 10:33:29,532.07
2022-03-28 10:33:34,532.07
2022-03-28 10:33:39,532.0
2022-03-28 10:33:44,543.6318981022503
2022-03-28 10:33:49,531.91
2022-03-28 10:33:54,543.6985441113573
2022-03-28 10:33:59,531.78
2022-03-28 10:34:04,543.7651901204642
2022-03-28 10:34:09,531.69
2022-03-28 10:34:14,531.56
2022-03-28 10:34:19,531.56
2022-03-28 10:34:24,531.49
2022-03-28 10:34:29,543.9318051432317
2022-03-28 10:34:34,531.4
2022-03-28 10:34:39,543.9984511523387
2022-03-28 10:34:44,531.27
2022-03-28 10:34:49,544.0650971614458
2022-03-28 10:34:54,544.0984201659993
2022-03-28 10:34:59,544.1317431705528
2022-03-28 10:35:04,531.11
2022-03-28 10:35:09,531.05
2022-03-28 10:35:14,530.98
2022-03-28 10:35:19,530.95
2022-03-28 10:35:24,544.2983581933203
2022-03-28 10:35:29,530.88
2022-03-28 10:35:34,530.82
2022-03-28 10:35:39,530.76
2022-03-28 10:35:44,530.76
2022-03-28 10:35:49,544.4649732160877
2022-03-28 10:35:54,530.6
2022-03-28 10:35:59,530.53
2022-03-28 10:36:04,544.5649422297483
2022-03-28 10:36:09,530.37
2022-03-28 10:36:14,544.6315882388553
2022-03-28 10:36:19,530.24
2022-03-28 10:36:24,544.6982342479623
2022-03-28 10:36:29,530.15
2022-03-28 10:36:34,530.08
2022-03-28 10:36:39,530.02
2022-03-28 10:36:44,544.8315262661763
2022-03-28 10:36:49,544.8648492707298
2022-03-28 10:36:54,529.86
2022-03-28 10:36:59,529.79
2022-03-28 10:37:04,529.67
2022-03-28 10:37:09,529.63
2022-03-28 10:37:14,529.57
2022-03-28 10:37:19,545.0647872980509
2022-03-28 10:37:24,529.41
2022-03-28 10:37:29,529.34
2022-03-28 10:37:34,545.1647563117114
2022-03-28 10:37:39,529.15
2022-03-28 10:37:44,529.11
2022-03-28 10:37:49,545.2647253253718
2022-03-28 10:37:54,545.2980483299253
2022-03-28 10:37:59,528.89
2022-03-28 10:38:04,545.3646943390323
2022-03-28 10:38:09,545.3980173435859
2022-03-28 10:38:14,528.69
2022-03-28 10:38:19,545.4646633526929
2022-03-28 10:38:24,528.6
2022-03-28 10:38:29,545.5313093617998
2022-03-28 10:38:34,545.5646323663534
2022-03-28 10:38:39,528.4
2022-03-28 10:38:44,528.37
2022-03-28 10:38:49,528.31
2022-03-28 10:38:54,528.18
2022-03-28 10:38:59,528.11
2022-03-28 10:39:04,545.7645703936744
2022-03-28 10:39:09,527.95
2022-03-28 10:39:14,527.89
2022-03-28 10:39:19,527.85
2022-03-28 10:39:24,545.8978624118884
2022-03-28 10:39:29,527.72
2022-03-28 10:39:34,545.9645084209953
2022-03-28 10:39:39,527.59
2022-03-28 10:39:44,527.49
2022-03-28 10:39:49,546.0644774346558
2022-03-28 10:39:54,546.0978004392094
2022-03-28 10:39:59,546.1311234437629
2022-03-28 10:40:04,527.33
2022-03-28 10:40:09,527.26
2022-03-28 10:40:14,527.2
2022-03-28 10:40:19,527.14
2022-03-28 10:40:24,527.13
2022-03-28 10:40:29,527.07
2022-03-28 10:40:34,546.3175938935218
2022-03-28 10:40:39,546.3017193930115
2022-03-28 10:40:44,546.2858448925011
2022-03-28 10:40:49,546.2699703919907
2022-03-28 10:40:54,526.96
2022-03-28 10:40:59,526.97
2022-03-28 10:41:04,526.97
2022-03-28 10:41:09,526.97
2022-03-28 10:41:14,526.97
2022-03-28 10:41:19,526.97
2022-03-28 10:41:24,527.03
2022-03-28 10:41:29,527.03
2022-03-28 10:41:34,527.03
2022-03-28 10:41:39,527.06
2022-03-28 10:41:44,527.06
2022-03-28 10:41:49,527.12
2022-03-28 10:41:54,527.12
2022-03-28 10:41:59,527.19
2022-03-28 10:42:04,546.0318528843352
2022-03-28 10:42:09,527.25
2022-03-28 10:42:14,527.25
2022-03-28 10:42:19,527.31
2022-03-28 10:42:24,527.35
2022-03-28 10:42:29,527.35
2022-03-28 10:42:34,527.47
2022-03-28 10:42:39,545.9207313807626
2022-03-28 10:42:44,527.57
2022-03-28 10:42:49,527.57
2022-03-28 10:42:54,527.63
2022-03-28 10:42:59,527.7
2022-03-28 10:43:04,527.76
2022-03-28 10:43:09,545.8254843777004
2022-03-28 10:43:14,545.80960987719
2022-03-28 10:43:19,527.93
2022-03-28 10:43:24,527.99
2022-03-28 10:43:29,528.06
2022-03-28 10:43:34,545.7461118751486
2022-03-28 10:43:39,528.28
2022-03-28 10:43:44,545.7143628741278
2022-03-28 10:43:49,528.44
2022-03-28 10:43:54,528.57
2022-03-28 10:43:59,528.6
2022-03-28 10:44:04,528.73
2022-03-28 10:44:09,528.8
2022-03-28 10:44:14,528.9
2022-03-28 10:44:19,545.6032413705552
2022-03-28 10:44:24,545.5873668700449
2022-03-28 10:44:29,529.18
2022-03-28 10:44:34,545.5556178690242
2022-03-28 10:44:39,529.48
2022-03-28 10:44:44,545.5238688680034
2022-03-28 10:44:49,529.7
2022-03-28 10:44:54,529.83
2022-03-28 10:44:59,529.93
2022-03-28 10:45:04,529.99
2022-03-28 10:45:09,530.12
2022-03-28 10:45:14,530.22
2022-03-28 10:45:19,530.35
2022-03-28 10:45:24,530.51
2022-03-28 10:45:29,530.64
2022-03-28 10:45:34,545.3651238628997
2022-03-28 10:45:39,530.87
2022-03-28 10:45:44,545.333374861879
2022-03-28 10:45:49,545.3175003613686
2022-03-28 10:45:54,531.19
2022-03-28 10:45:59,545.285751360348
2022-03-28 10:46:04,531.48
2022-03-28 10:46:09,531.61
2022-03-28 10:46:14,531.68
2022-03-28 10:46:19,531.84
2022-03-28 10:46:24,531.97
2022-03-28 10:46:29,545.1905043572857
2022-03-28 10:46:34,532.19
2022-03-28 10:46:39,545.1587553562649
2022-03-28 10:46:44,532.42
2022-03-28 10:46:49,532.51
2022-03-28 10:46:54,532.64
2022-03-28 10:46:59,545.0952573542235
2022-03-28 10:47:04,532.87
2022-03-28 10:47:09,533.0
2022-03-28 10:47:14,533.1
2022-03-28 10:47:19,533.16
2022-03-28 10:47:24,533.32
2022-03-28 10:47:29,533.45
2022-03-28 10:47:34,544.9841358506509
2022-03-28 10:47:39,533.61
2022-03-28 10:47:44,533.68
2022-03-28 10:47:49,533.77
2022-03-28 10:47:54,533.78
2022-03-28 10:47:59,533.9
2022-03-28 10:48:04,534.04
2022-03-28 10:48:09,534.13
2022-03-28 10:48:14,534.13
2022-03-28 10:48:19,534.26
2022-03-28 10:48:24,534.29
2022-03-28 10:48:29,544.8095163450369
2022-03-28 10:48:34,534.48
2022-03-28 10:48:39,534.55
2022-03-28 10:48:44,534.58
2022-03-28 10:48:49,534.65
2022-03-28 10:48:54,534.81
2022-03-28 10:48:59,534.87
2022-03-28 10:49:04,534.93
2022-03-28 10:49:09,535.0
2022-03-28 10:49:14,544.6666458404435
2022-03-28 10:49:19,535.16
2022-03-28 10:49:24,535.16
2022-03-28 10:49:29,535.29
2022-03-28 10:49:34,544.6031478384022
2022-03-28 10:49:39,535.38
2022-03-28 10:49:44,544.5713988373814
2022-03-28 10:49:49,535.51
2022-03-28 10:49:54,544.5396498363606
2022-03-28 10:49:59,544.5237753358502
2022-03-28 10:50:04,535.58
2022-03-28 10:50:09,544.4920263348295
2022-03-28 10:50:14,544.4761518343191
2022-03-28 10:50:19,535.61
2022-03-28 10:50:24,544.4444028332985
2022-03-28 10:50:29,535.67
2022-03-28 10:50:34,535.67
2022-03-28 10:50:39,544.3967793317673
2022-03-28 10:50:44,535.73
2022-03-28 10:50:49,535.73
2022-03-28 10:50:54,535.8
2022-03-28 10:50:59,544.3332813297259
2022-03-28 10:51:04,535.8
2022-03-28 10:51:09,535.8
2022-03-28 10:51:14,544.2856578281948
2022-03-28 10:51:19,535.83
2022-03-28 10:51:24,535.8
2022-03-28 10:51:29,535.83
2022-03-28 10:51:34,544.2221598261533
2022-03-28 10:51:39,535.82
2022-03-28 10:51:44,535.79
2022-03-28 10:51:49,544.1745363246222
2022-03-28 10:51:54,535.82
2022-03-28 10:51:59,535.82
2022-03-28 10:52:04,535.82
2022-03-28 10:52:09,535.82
2022-03-28 10:52:14,544.0951638220703
2022-03-28 10:52:19,535.78
2022-03-28 10:52:24,535.79
2022-03-28 10:52:29,535.72
2022-03-28 10:52:34,535.72
2022-03-28 10:52:39,544.0157913195185
2022-03-28 10:52:44,543.999916819008
2022-03-28 10:52:49,535.65
2022-03-28 10:52:54,543.9681678179874
2022-03-28 10:52:59,543.952293317477
2022-03-28 10:53:04,535.59
2022-03-28 10:53:09,535.49
2022-03-28 10:53:14,543.9046698159459
2022-03-28 10:53:19,535.42
2022-03-28 10:53:24,535.43
2022-03-28 10:53:29,543.8570463144148
2022-03-28 10:53:34,543.8411718139045
2022-03-28 10:53:39,535.26
2022-03-28 10:53:44,535.26
2022-03-28 10:53:49,543.7935483123733
2022-03-28 10:53:54,535.13
2022-03-28 10:53:59,535.07
2022-03-28 10:54:04,535.07
2022-03-28 10:54:09,535.04
2022-03-28 10:54:14,534.97
2022-03-28 10:54:19,543.6983013093111
2022-03-28 10:54:24,543.6824268088008
2022-03-28 10:54:29,534.91
2022-03-28 10:54:34,543.65067780778
2022-03-28 10:54:39,534.84
2022-03-28 10:54:44,534.78
2022-03-28 10:54:49,534.78
2022-03-28 10:54:54,543.6460792495661
2022-03-28 10:54:59,543.6453367831411
2022-03-28 10:55:04,534.75
2022-03-28 10:55:09,534.68
2022-03-28 10:55:14,543.6431093838662
2022-03-28 10:55:19,534.68
2022-03-28 10:55:24,534.68
2022-03-28 10:55:29,534.62
2022-03-28 10:55:34,534.62
2022-03-28 10:55:39,534.68
2022-03-28 10:55:44,534.62
2022-03-28 10:55:49,534.68
2022-03-28 10:55:54,543.6371696524665
2022-03-28 10:55:59,543.6364271860416
2022-03-28 10:56:04,534.69
2022-03-28 10:56:09,534.69
2022-03-28 10:56:14,534.69
2022-03-28 10:56:19,534.69
2022-03-28 10:56:24,534.75
2022-03-28 10:56:29,534.79
2022-03-28 10:56:34,534.85
2022-03-28 10:56:39,534.79
2022-03-28 10:56:44,534.85
2022-03-28 10:56:49,534.92
2022-03-28 10:56:54,543.6282600553669
2022-03-28 10:56:59,534.98
2022-03-28 10:57:04,534.98
2022-03-28 10:57:09,535.05
2022-03-28 10:57:14,535.08
2022-03-28 10:57:19,535.14
2022-03-28 10:57:24,543.6238052568171
2022-03-28 10:57:29,535.27
2022-03-28 10:57:34,535.31
2022-03-28 10:57:39,535.37
2022-03-28 10:57:44,535.37
2022-03-28 10:57:49,535.44
2022-03-28 10:57:54,543.6193504582674
2022-03-28 10:57:59,543.6186079918424
2022-03-28 10:58:04,535.67
2022-03-28 10:58:09,535.8
2022-03-28 10:58:14,535.83
2022-03-28 10:58:19,535.96
2022-03-28 10:58:24,536.02
2022-03-28 10:58:29,543.6141531932926
2022-03-28 10:58:34,543.6134107268676
2022-03-28 10:58:39,543.6126682604428
2022-03-28 10:58:44,536.35
2022-03-28 10:58:49,536.41
2022-03-28 10:58:54,536.54
2022-03-28 10:58:59,543.6096983947428
2022-03-28 10:59:04,536.7
2022-03-28 10:59:09,543.6082134618929
2022-03-28 10:59:14,543.607470995468
2022-03-28 10:59:19,537.12
2022-03-28 10:59:24,543.6059860626181
2022-03-28 10:59:29,543.6052435961931
2022-03-28 10:59:34,537.38
2022-03-28 10:59:39,543.6037586633431
2022-03-28 10:59:44,537.64
2022-03-28 10:59:49,543.6022737304933
2022-03-28 10:59:54,537.87
2022-03-28 10:59:59,538.03
2022-03-28 11:00:04,543.6000463312183
2022-03-28 11:00:09,543.5993038647933
2022-03-28 11:00:14,538.38
2022-03-28 11:00:19,538.54
2022-03-28 11:00:24,538.67
2022-03-28 11:00:29,543.5963339990935
2022-03-28 11:00:34,538.93
2022-03-28 11:00:39,539.12
2022-03-28 11:00:44,539.22
2022-03-28 11:00:49,539.45
2022-03-28 11:00:54,539.57
2022-03-28 11:00:59,539.73
2022-03-28 11:01:04,539.93
2022-03-28 11:01:09,540.02
2022-03-28 11:01:14,540.22
2022-03-28 11:01:19,543.5889093348438
2022-03-28 11:01:24,540.54
2022-03-28 11:01:29,543.587424401994
2022-03-28 11:01:34,543.586681935569
2022-03-28 11:01:39,541.05
2022-03-28 11:01:44,543.585197002719
2022-03-28 11:01:49,541.34
2022-03-28 11:01:54,541.5
2022-03-28 11:01:59,543.5829696034442
2022-03-28 11:02:04,541.76
2022-03-28 11:02:09,541.92
2022-03-28 11:02:14,542.01
2022-03-28 11:02:19,542.21
2022-03-28 11:02:24,542.3
2022-03-28 11:02:29,542.5
2022-03-28 11:02:34,543.5777723384695
2022-03-28 11:02:39,543.5770298720445
2022-03-28 11:02:44,543.5762874056195
2022-03-28 11:02:49,542.82
2022-03-28 11:02:54,542.88
2022-03-28 11:02:59,542.95
2022-03-28 11:03:04,543.5733175399197
2022-03-28 11:03:09,543.04
2022-03-28 11:03:14,543.11
2022-03-28 11:03:19,543.5710901406447
2022-03-28 11:03:24,543.1
2022-03-28 11:03:29,543.1
2022-03-28 11:03:34,543.5688627413699
2022-03-28 11:03:39,543.1
2022-03-28 11:03:44,543.1
2022-03-28 11:03:49,543.566635342095
2022-03-28 11:03:54,543.56589287567
2022-03-28 11:03:59,543.565150409245
2022-03-28 11:04:04,543.5644079428201
2022-03-28 11:04:09,542.87
2022-03-28 11:04:14,542.81
2022-03-28 11:04:19,542.77
2022-03-28 11:04:24,542.64
2022-03-28 11:04:29,542.58
2022-03-28 11:04:34,542.48
2022-03-28 11:04:39,543.5592106778454
2022-03-28 11:04:44,542.26
2022-03-28 11:04:49,543.5577257449954
2022-03-28 11:04:54,542.0
2022-03-28 11:04:59,543.5562408121455
2022-03-28 11:05:04,541.74
2022-03-28 11:05:09,541.55
2022-03-28 11:05:14,541.45
2022-03-28 11:05:19,541.26
2022-03-28 11:05:24,541.16
2022-03-28 11:05:29,540.94
2022-03-28 11:05:34,540.8
2022-03-28 11:05:39,540.64
2022-03-28 11:05:44,543.5495586143209
2022-03-28 11:05:49,540.29
2022-03-28 11:05:54,540.06
2022-03-28 11:05:59,543.5473312150459
2022-03-28 11:06:04,539.68
2022-03-28 11:06:09,539.42
2022-03-28 11:06:14,543.5451038157711
2022-03-28 11:06:19,539.03
2022-03-28 11:06:24,543.5436188829211
2022-03-28 11:06:29,538.65
2022-03-28 11:06:34,543.5421339500712
2022-03-28 11:06:39,538.16
2022-03-28 11:06:44,537.88
2022-03-28 11:06:49,543.5399065507963
2022-03-28 11:06:54,537.36
2022-03-28 11:06:59,543.5384216179464
2022-03-28 11:07:04,543.5376791515214
2022-03-28 11:07:09,543.5369366850964
2022-03-28 11:07:14,536.4
2022-03-28 11:07:19,536.11
2022-03-28 11:07:24,535.82
2022-03-28 11:07:29,543.5339668193966
2022-03-28 11:07:34,535.27
2022-03-28 11:07:39,543.5324818865466
2022-03-28 11:07:44,543.5317394201217
2022-03-28 11:07:49,534.4
2022-03-28 11:07:54,534.18
2022-03-28 11:07:59,533.82
2022-03-28 11:08:04,533.53
2022-03-28 11:08:09,543.5280270879969
2022-03-28 11:08:14,532.99
2022-03-28 11:08:19,543.5265421551469
2022-03-28 11:08:24,532.34
2022-03-28 11:08:29,532.05
2022-03-28 11:08:34,531.7
2022-03-28 11:08:39,531.38
2022-03-28 11:08:44,543.5243841670742
2022-03-28 11:08:49,530.8
2022-03-28 11:08:54,530.45
2022-03-28 11:08:59,530.13
2022-03-28 11:09:04,529.77
2022-03-28 11:09:09,543.5299942505671
2022-03-28 11:09:14,543.5311162672658
2022-03-28 11:09:19,528.75
2022-03-28 11:09:24,528.46
2022-03-28 11:09:29,543.5344823173615
2022-03-28 11:09:34,543.53560433406
2022-03-28 11:09:39,527.5
2022-03-28 11:09:44,527.14
2022-03-28 11:09:49,526.82
2022-03-28 11:09:54,526.47
2022-03-28 11:09:59,526.11
2022-03-28 11:10:04,525.83
2022-03-28 11:10:09,525.5
2022-03-28 11:10:14,525.15
2022-03-28 11:10:19,543.5457024843473
2022-03-28 11:10:24,524.57
2022-03-28 11:10:29,524.25
2022-03-28 11:10:34,523.9
2022-03-28 11:10:39,543.5501905511417
2022-03-28 11:10:44,523.25
2022-03-28 11:10:49,543.5524345845389
2022-03-28 11:10:54,543.5535566012375
2022-03-28 11:10:59,522.35
2022-03-28 11:11:04,522.07
2022-03-28 11:11:09,521.78
2022-03-28 11:11:14,521.49
2022-03-28 11:11:19,521.33
2022-03-28 11:11:24,543.5602887014289
2022-03-28 11:11:29,520.75
2022-03-28 11:11:34,543.5625327348262
2022-03-28 11:11:39,520.23
2022-03-28 11:11:44,520.01
2022-03-28 11:11:49,519.72
2022-03-28 11:11:54,519.49
2022-03-28 11:11:59,519.27
2022-03-28 11:12:04,543.5692648350176
2022-03-28 11:12:09,518.85
2022-03-28 11:12:14,518.69
2022-03-28 11:12:19,518.53
2022-03-28 11:12:24,518.3
2022-03-28 11:12:29,518.11
2022-03-28 11:12:34,543.5759969352092
2022-03-28 11:12:39,517.82
2022-03-28 11:12:44,517.72
2022-03-28 11:12:49,517.56
2022-03-28 11:12:54,543.5804850020035
2022-03-28 11:12:59,517.37
2022-03-28 11:13:04,543.5827290354007
2022-03-28 11:13:09,517.21
2022-03-28 11:13:14,517.21
2022-03-28 11:13:19,517.08
2022-03-28 11:13:24,517.08
2022-03-28 11:13:29,517.05
2022-03-28 11:13:34,517.05
2022-03-28 11:13:39,517.05
2022-03-28 11:13:44,543.5917051689894
2022-03-28 11:13:49,543.592827185688
2022-03-28 11:13:54,517.08
2022-03-28 11:13:59,543.5950712190851
2022-03-28 11:14:04,517.27
2022-03-28 11:14:09,517.37
2022-03-28 11:14:14,517.43
2022-03-28 11:14:19,543.5995592858794
2022-03-28 11:14:24,543.6006813025781
2022-03-28 11:14:29,517.82
2022-03-28 11:14:34,543.6029253359752
2022-03-28 11:14:39,518.07
2022-03-28 11:14:44,543.6051693693723
2022-03-28 11:14:49,518.33
2022-03-28 11:14:54,543.6074134027696
2022-03-28 11:14:59,518.75
2022-03-28 11:15:04,518.91
2022-03-28 11:15:09,519.1
2022-03-28 11:15:14,543.6119014695639
2022-03-28 11:15:19,543.6130234862625
2022-03-28 11:15:24,543.614145502961
2022-03-28 11:15:29,543.6152675196596
2022-03-28 11:15:34,520.06
2022-03-28 11:15:39,520.29
2022-03-28 11:15:44,520.51
2022-03-28 11:15:49,520.74
2022-03-28 11:15:54,520.9
2022-03-28 11:15:59,521.19
2022-03-28 11:16:04,543.6231216365497
2022-03-28 11:16:09,543.6242436532483
2022-03-28 11:16:14,521.83
2022-03-28 11:16:19,522.05
2022-03-28 11:16:24,522.22
2022-03-28 11:16:29,522.44
2022-03-28 11:16:34,543.6298537367412
2022-03-28 11:16:39,522.79
2022-03-28 11:16:44,523.02
2022-03-28 11:16:49,543.633219786837
2022-03-28 11:16:54,543.6343418035356
2022-03-28 11:16:59,523.66
2022-03-28 11:17:04,523.82
2022-03-28 11:17:09,523.95
2022-03-28 11:17:14,524.11
2022-03-28 11:17:19,543.6399518870285
2022-03-28 11:17:24,543.6410739037271
2022-03-28 11:17:29,524.69
2022-03-28 11:17:34,524.79
2022-03-28 11:17:39,543.6444399538228
2022-03-28 11:17:44,525.14
2022-03-28 11:17:49,525.3
2022-03-28 11:17:54,543.6478060039186
2022-03-28 11:17:59,525.66
2022-03-28 11:18:04,543.6500500373157
2022-03-28 11:18:09,543.6511720540144
2022-03-28 11:18:14,526.04
2022-03-28 11:18:19,526.24
2022-03-28 11:18:24,543.6545381041101
2022-03-28 11:18:29,526.46
2022-03-28 11:18:34,526.62
2022-03-28 11:18:39,526.76
2022-03-28 11:18:44,526.85
2022-03-28 11:18:49,526.98
2022-03-28 11:18:54,527.04
2022-03-28 11:18:59,543.6623922210002
2022-03-28 11:19:04,527.21
2022-03-28 11:19:09,543.6646362543974
2022-03-28 11:19:14,543.665758271096
2022-03-28 11:19:19,527.44
2022-03-28 11:19:24,527.56
2022-03-28 11:19:29,543.6691243211917
2022-03-28 11:19:34,527.66
2022-03-28 11:19:39,543.6713683545889
2022-03-28 11:19:44,527.79
2022-03-28 11:19:49,527.79
2022-03-28 11:19:54,527.86
2022-03-28 11:19:59,543.6758564213833
2022-03-28 11:20:04,527.95
2022-03-28 11:20:09,543.6781004547804
2022-03-28 11:20:14,543.679222471479
2022-03-28 11:20:19,528.12
2022-03-28 11:20:24,543.6814665048762
2022-03-28 11:20:29,528.25
2022-03-28 11:20:34,543.6837105382733
2022-03-28 11:20:39,528.31
2022-03-28 11:20:44,543.6859545716705
2022-03-28 11:20:49,543.6870765883691
2022-03-28 11:20:54,543.6881986050677
2022-03-28 11:20:59,528.47
2022-03-28 11:21:04,543.6904426384649
2022-03-28 11:21:09,528.61
2022-03-28 11:21:14,528.61
2022-03-28 11:21:19,528.64
2022-03-28 11:21:24,528.7
2022-03-28 11:21:29,543.6960527219578
2022-03-28 11:21:34,543.6971747386564
2022-03-28 11:21:39,543.6982967553549
2022-03-28 11:21:44,528.84
2022-03-28 11:21:49,528.77
2022-03-28 11:21:54,528.84
2022-03-28 11:21:59,528.9
2022-03-28 11:22:04,528.9
2022-03-28 11:22:09,528.93
2022-03-28 11:22:14,543.7061508722451
2022-03-28 11:22:19,543.7072728889436
2022-03-28 11:22:24,543.7083949056422
2022-03-28 11:22:29,543.7095169223408
2022-03-28 11:22:34,543.7106389390394
2022-03-28 11:22:39,543.711760955738
2022-03-28 11:22:44,543.7128829724365
2022-03-28 11:22:49,529.16
2022-03-28 11:22:54,529.17
2022-03-28 11:22:59,529.23
2022-03-28 11:23:04,529.23
2022-03-28 11:23:09,529.29
2022-03-28 11:23:14,529.36
2022-03-28 11:23:19,529.42
2022-03-28 11:23:24,529.42
2022-03-28 11:23:29,529.42
2022-03-28 11:23:34,529.45
2022-03-28 11:23:39,529.52
2022-03-28 11:23:44,529.52
2022-03-28 11:23:49,529.59
2022-03-28 11:23:54,529.59
2022-03-28 11:23:59,543.8528298289007
2022-03-28 11:24:04,529.65
2022-03-28 11:24:09,529.68
2022-03-28 11:24:14,543.8811942574038
2022-03-28 11:24:19,529.75
2022-03-28 11:24:24,529.81
2022-03-28 11:24:29,529.87
2022-03-28 11:24:34,529.87
2022-03-28 11:24:39,529.94
2022-03-28 11:24:44,543.93792311441
2022-03-28 11:24:49,529.97
2022-03-28 11:24:54,530.04
2022-03-28 11:24:59,530.1
2022-03-28 11:25:04,530.1
2022-03-28 11:25:09,530.16
2022-03-28 11:25:14,530.16
2022-03-28 11:25:19,530.2
2022-03-28 11:25:24,530.19
2022-03-28 11:25:29,530.26
2022-03-28 11:25:34,530.26
2022-03-28 11:25:39,530.32
2022-03-28 11:25:44,530.39
2022-03-28 11:25:49,530.39
2022-03-28 11:25:54,544.0702904474246
2022-03-28 11:25:59,544.0797452569255
2022-03-28 11:26:04,530.48
2022-03-28 11:26:09,530.54
2022-03-28 11:26:14,530.61
2022-03-28 11:26:19,530.67
2022-03-28 11:26:24,530.67
2022-03-28 11:26:29,544.1364741139317
2022-03-28 11:26:34,530.7
2022-03-28 11:26:39,530.7
2022-03-28 11:26:44,530.76
2022-03-28 11:26:49,530.83
2022-03-28 11:26:54,544.1837481614369
2022-03-28 11:26:59,530.89
2022-03-28 11:27:04,530.96
2022-03-28 11:27:09,530.99
2022-03-28 11:27:14,544.221567399441
2022-03-28 11:27:19,544.2310222089421
2022-03-28 11:27:24,531.05
2022-03-28 11:27:29,544.2499318279442
2022-03-28 11:27:34,544.2593866374452
2022-03-28 11:27:39,531.27
2022-03-28 11:27:44,531.27
2022-03-28 11:27:49,544.2877510659483
2022-03-28 11:27:54,531.4
2022-03-28 11:27:59,531.5
2022-03-28 11:28:04,531.5
2022-03-28 11:28:09,531.56
2022-03-28 11:28:14,531.69
2022-03-28 11:28:19,531.69
2022-03-28 11:28:24,531.78
2022-03-28 11:28:29,531.85
2022-03-28 11:28:34,531.91
2022-03-28 11:28:39,531.91
2022-03-28 11:28:44,531.98
2022-03-28 11:28:49,544.4012087799608
2022-03-28 11:28:54,532.07
2022-03-28 11:28:59,532.14
2022-03-28 11:29:04,532.23
2022-03-28 11:29:09,532.23
2022-03-28 11:29:14,532.36
2022-03-28 11:29:19,532.36
2022-03-28 11:29:24,532.42
2022-03-28 11:29:29,532.52
2022-03-28 11:29:34,532.59
2022-03-28 11:29:39,544.4957568749711
2022-03-28 11:29:44,544.5052116844722
2022-03-28 11:29:49,544.5146664939732
2022-03-28 11:29:54,544.5241213034742
2022-03-28 11:29:59,544.5335761129753
2022-03-28 11:30:04,533.01
2022-03-28 11:30:09,533.04
2022-03-28 11:30:14,544.5619405414784
2022-03-28 11:30:19,544.5713953509794
2022-03-28 11:30:24,533.26
2022-03-28 11:30:29,544.5903049699815
2022-03-28 11:30:34,533.46
2022-03-28 11:30:39,533.52
2022-03-28 11:30:44,533.56
2022-03-28 11:30:49,533.68
2022-03-28 11:30:54,533.75
2022-03-28 11:30:59,544.6470338269877
2022-03-28 11:31:04,533.85
2022-03-28 11:31:09,533.91
2022-03-28 11:31:14,534.04
2022-03-28 11:31:19,544.6848530649919
2022-03-28 11:31:24,544.6943078744929
2022-03-28 11:31:29,544.703762683994
2022-03-28 11:31:34,534.3
2022-03-28 11:31:39,534.36
2022-03-28 11:31:44,544.7321271124971
2022-03-28 11:31:49,534.56
2022-03-28 11:31:54,534.56
2022-03-28 11:31:59,544.7604915410002
2022-03-28 11:32:04,534.72
2022-03-28 11:32:09,534.79
2022-03-28 11:32:14,534.82
2022-03-28 11:32:19,544.7983107790043
2022-03-28 11:32:24,544.8077655885054
2022-03-28 11:32:29,544.8172203980064
2022-03-28 11:32:34,535.08
2022-03-28 11:32:39,544.8361300170085
2022-03-28 11:32:44,544.8455848265095
2022-03-28 11:32:49,544.8550396360106
2022-03-28 11:32:54,544.8644944455116
2022-03-28 11:32:59,544.8739492550126
2022-03-28 11:33:04,535.47
2022-03-28 11:33:09,544.8928588740147
2022-03-28 11:33:14,535.6
2022-03-28 11:33:19,544.9117684930168
2022-03-28 11:33:24,535.69
2022-03-28 11:33:29,535.76
2022-03-28 11:33:34,535.83
2022-03-28 11:33:39,544.9495877310209
2022-03-28 11:33:44,544.9590425405219
2022-03-28 11:33:49,544.968497350023
2022-03-28 11:33:54,536.12
2022-03-28 11:33:59,536.12
2022-03-28 11:34:04,544.9968617785261
2022-03-28 11:34:09,536.28
2022-03-28 11:34:14,536.34
2022-03-28 11:34:19,536.34
2022-03-28 11:34:24,536.38
2022-03-28 11:34:29,536.5
2022-03-28 11:34:34,545.0535906355323
2022-03-28 11:34:39,545.0630454450334
2022-03-28 11:34:44,536.64
2022-03-28 11:34:49,536.67
2022-03-28 11:34:54,536.73
2022-03-28 11:34:59,536.8
2022-03-28 11:35:04,545.1103194925385
2022-03-28 11:35:09,536.96
2022-03-28 11:35:14,537.02
2022-03-28 11:35:19,537.02
2022-03-28 11:35:24,537.15
2022-03-28 11:35:29,545.1575935400436
2022-03-28 11:35:34,545.1670483495448
2022-03-28 11:35:39,537.31
2022-03-28 11:35:44,537.38
2022-03-28 11:35:49,537.41
2022-03-28 11:35:54,537.41
2022-03-28 11:35:59,545.21432239705
2022-03-28 11:36:04,545.223777206551
2022-03-28 11:36:09,537.54
2022-03-28 11:36:14,537.53
2022-03-28 11:36:19,545.252141635054
2022-03-28 11:36:24,537.6
2022-03-28 11:36:29,537.66
2022-03-28 11:36:34,537.66
2022-03-28 11:36:39,537.66
2022-03-28 11:36:44,537.7
2022-03-28 11:36:49,537.66
2022-03-28 11:36:54,545.2735965015347
2022-03-28 11:36:59,537.69
2022-03-28 11:37:04,537.76
2022-03-28 11:37:09,545.1146132512387
2022-03-28 11:37:14,537.69
2022-03-28 11:37:19,545.008624417708
2022-03-28 11:37:24,537.69
2022-03-28 11:37:29,544.9026355841772
2022-03-28 11:37:34,544.8496411674118
2022-03-28 11:37:39,537.66
2022-03-28 11:37:44,537.66
2022-03-28 11:37:49,537.59
2022-03-28 11:37:54,544.6376635003504
2022-03-28 11:37:59,544.5846690835849
2022-03-28 11:38:04,544.5316746668196
2022-03-28 11:38:09,537.46
2022-03-28 11:38:14,537.46
2022-03-28 11:38:19,544.3726914165236
2022-03-28 11:38:24,537.36
2022-03-28 11:38:29,544.2667025829928
2022-03-28 11:38:34,537.36
2022-03-28 11:38:39,537.36
2022-03-28 11:38:44,537.29
2022-03-28 11:38:49,537.23
2022-03-28 11:38:54,537.16
2022-03-28 11:38:59,537.16
2022-03-28 11:39:04,537.16
2022-03-28 11:39:09,537.16
2022-03-28 11:39:14,537.16
2022-03-28 11:39:19,537.15
2022-03-28 11:39:24,543.6837639985738
2022-03-28 11:39:29,537.12
2022-03-28 11:39:34,543.577775165043
2022-03-28 11:39:39,543.5247807482777
2022-03-28 11:39:44,537.06
2022-03-28 11:39:49,543.4187919147469
2022-03-28 11:39:54,537.05
2022-03-28 11:39:59,536.99
2022-03-28 11:40:04,543.2598086644508
2022-03-28 11:40:09,536.99
2022-03-28 11:40:14,536.93
2022-03-28 11:40:19,536.99
2022-03-28 11:40:24,536.93
2022-03-28 11:40:29,536.92
2022-03-28 11:40:34,536.92
2022-03-28 11:40:39,542.8888477470932
2022-03-28 11:40:44,542.835853330328
2022-03-28 11:40:49,536.86
2022-03-28 11:40:54,536.86
2022-03-28 11:40:59,536.86
2022-03-28 11:41:04,536.86
2022-03-28 11:41:09,536.86
2022-03-28 11:41:14,536.86
2022-03-28 11:41:19,536.83
2022-03-28 11:41:24,536.86
2022-03-28 11:41:29,536.86
2022-03-28 11:41:34,542.3059091626742
2022-03-28 11:41:39,542.2529147459088
2022-03-28 11:41:44,542.1999203291434
2022-03-28 11:41:49,536.83
2022-03-28 11:41:54,536.76
2022-03-28 11:41:59,542.0409370788473
2022-03-28 11:42:04,536.76
2022-03-28 11:42:09,541.9349482453166
2022-03-28 11:42:14,541.8819538285512
2022-03-28 11:42:19,541.8289594117858
2022-03-28 11:42:24,536.7
2022-03-28 11:42:29,536.77
2022-03-28 11:42:34,541.6699761614897
2022-03-28 11:42:39,536.7
2022-03-28 11:42:44,536.7
2022-03-28 11:42:49,541.5109929111936
2022-03-28 11:42:54,536.7
2022-03-28 11:42:59,536.64
2022-03-28 11:43:04,541.3520096608976
2022-03-28 11:43:09,541.2990152441323
2022-03-28 11:43:14,536.6
2022-03-28 11:43:19,536.61
2022-03-28 11:43:24,536.48
2022-03-28 11:43:29,536.54
2022-03-28 11:43:34,536.48
2022-03-28 11:43:39,536.48
2022-03-28 11:43:44,536.42
2022-03-28 11:43:49,540.8750599100092
2022-03-28 11:43:54,536.35
2022-03-28 11:43:59,540.7690710764786
2022-03-28 11:44:04,536.26
2022-03-28 11:44:09,536.19
2022-03-28 11:44:14,536.13
2022-03-28 11:44:19,536.13
2022-03-28 11:44:24,540.5040989926516
2022-03-28 11:44:29,540.4511045758862
2022-03-28 11:44:34,540.398110159121
2022-03-28 11:44:39,536.04
2022-03-28 11:44:44,540.2921213255902
2022-03-28 11:44:49,540.2391269088249
2022-03-28 11:44:54,540.1861324920594
2022-03-28 11:44:59,535.85
2022-03-28 11:45:04,535.81
2022-03-28 11:45:09,540.0271492417634
2022-03-28 11:45:14,539.974154824998
2022-03-28 11:45:19,535.69
2022-03-28 11:45:24,535.62
2022-03-28 11:45:29,535.59
2022-03-28 11:45:34,539.7621771579365
2022-03-28 11:45:39,539.7091827411712
2022-03-28 11:45:44,539.6561883244058
2022-03-28 11:45:49,539.6031939076404
2022-03-28 11:45:54,535.24
2022-03-28 11:45:59,535.24
2022-03-28 11:46:04,535.17
2022-03-28 11:46:09,535.11
2022-03-28 11:46:14,535.08
2022-03-28 11:46:19,539.2852274070482
2022-03-28 11:46:24,539.2322329902829
2022-03-28 11:46:29,539.1792385735175
2022-03-28 11:46:34,534.82
2022-03-28 11:46:39,534.72
2022-03-28 11:46:44,534.72
2022-03-28 11:46:49,538.967260906456
2022-03-28 11:46:54,538.9142664896906
2022-03-28 11:46:59,538.8612720729253
2022-03-28 11:47:04,538.8082776561599
2022-03-28 11:47:09,538.7552832393944
2022-03-28 11:47:14,538.7022888226292
2022-03-28 11:47:19,534.43
2022-03-28 11:47:24,534.37
2022-03-28 11:47:29,534.37
2022-03-28 11:47:34,534.3
2022-03-28 11:47:39,538.4373167388023
2022-03-28 11:47:44,534.27
2022-03-28 11:47:49,538.3313279052716
2022-03-28 11:47:54,534.27
2022-03-28 11:47:59,538.2253390717408
2022-03-28 11:48:04,534.21
2022-03-28 11:48:09,534.27
2022-03-28 11:48:14,534.2
2022-03-28 11:48:19,534.2
2022-03-28 11:48:24,534.21
2022-03-28 11:48:29,534.27
2022-03-28 11:48:34,534.2
2022-03-28 11:48:39,534.27
2022-03-28 11:48:44,534.27
2022-03-28 11:48:49,534.27
2022-03-28 11:48:54,537.6424004873219
2022-03-28 11:48:59,534.3
2022-03-28 11:49:04,537.536411653791
2022-03-28 11:49:09,537.4834172370257
2022-03-28 11:49:14,537.4304228202603
2022-03-28 11:49:19,534.36
2022-03-28 11:49:24,534.36
2022-03-28 11:49:29,537.2714395699643
2022-03-28 11:49:34,537.2184451531988
2022-03-28 11:49:39,534.36
2022-03-28 11:49:44,534.42
2022-03-28 11:49:49,534.42
2022-03-28 11:49:54,534.42
2022-03-28 11:49:59,534.55
2022-03-28 11:50:04,534.54
2022-03-28 11:50:09,534.54
2022-03-28 11:50:14,534.58
2022-03-28 11:50:19,536.7414954023105
2022-03-28 11:50:24,536.6885009855451
2022-03-28 11:50:29,536.6355065687799
2022-03-28 11:50:34,534.7
2022-03-28 11:50:39,536.529517735249
2022-03-28 11:50:44,534.76
2022-03-28 11:50:49,534.8
2022-03-28 11:50:54,536.3705344849529
2022-03-28 11:50:59,536.3560778606924
2022-03-28 11:51:04,534.93
2022-03-28 11:51:09,536.3673081460304
2022-03-28 11:51:14,534.92
2022-03-28 11:51:19,534.98
2022-03-28 11:51:24,535.05
2022-03-28 11:51:29,535.05
2022-03-28 11:51:34,535.08
2022-03-28 11:51:39,535.21
2022-03-28 11:51:44,535.21
2022-03-28 11:51:49,536.4122292873822
2022-03-28 11:51:54,535.27
2022-03-28 11:51:59,535.3
2022-03-28 11:52:04,536.4290747153891
2022-03-28 11:52:09,535.43
2022-03-28 11:52:14,535.5
2022-03-28 11:52:19,535.5
2022-03-28 11:52:24,535.56
2022-03-28 11:52:29,535.59
2022-03-28 11:52:34,535.59
2022-03-28 11:52:39,536.4683807140719
2022-03-28 11:52:44,536.473995856741
2022-03-28 11:52:49,535.78
2022-03-28 11:52:54,535.82
2022-03-28 11:52:59,535.82
2022-03-28 11:53:04,535.88
2022-03-28 11:53:09,535.88
2022-03-28 11:53:14,535.88
2022-03-28 11:53:19,535.88
2022-03-28 11:53:24,536.5189169980928
2022-03-28 11:53:29,535.95
2022-03-28 11:53:34,536.01
2022-03-28 11:53:39,536.5357624260997
2022-03-28 11:53:44,536.01
2022-03-28 11:53:49,536.5469927114376
2022-03-28 11:53:54,536.5526078541067
2022-03-28 11:53:59,536.01
2022-03-28 11:54:04,536.11
2022-03-28 11:54:09,536.08
2022-03-28 11:54:14,536.01
2022-03-28 11:54:19,536.5806835674515
2022-03-28 11:54:24,536.5862987101204
2022-03-28 11:54:29,535.95
2022-03-28 11:54:34,536.02
2022-03-28 11:54:39,535.95
2022-03-28 11:54:44,535.95
2022-03-28 11:54:49,536.6143744234654
2022-03-28 11:54:54,535.89
2022-03-28 11:54:59,535.95
2022-03-28 11:55:04,535.89
2022-03-28 11:55:09,535.82
2022-03-28 11:55:14,535.82
2022-03-28 11:55:19,535.82
2022-03-28 11:55:24,535.79
2022-03-28 11:55:29,535.8
2022-03-28 11:55:34,536.6649107074862
2022-03-28 11:55:39,535.67
2022-03-28 11:55:44,535.73
2022-03-28 11:55:49,535.67
2022-03-28 11:55:54,535.67
2022-03-28 11:55:59,535.6
2022-03-28 11:56:04,535.57
2022-03-28 11:56:09,535.51
2022-03-28 11:56:14,536.709831848838
2022-03-28 11:56:19,535.38
2022-03-28 11:56:24,535.38
2022-03-28 11:56:29,535.38
2022-03-28 11:56:34,535.29
2022-03-28 11:56:39,535.32
2022-03-28 11:56:44,535.28
2022-03-28 11:56:49,535.16
2022-03-28 11:56:54,535.16
2022-03-28 11:56:59,535.09
2022-03-28 11:57:04,535.06
2022-03-28 11:57:09,535.06
2022-03-28 11:57:14,535.06
2022-03-28 11:57:19,536.7828287035347
2022-03-28 11:57:24,534.93
2022-03-28 11:57:29,534.87
2022-03-28 11:57:34,536.7996741315417
2022-03-28 11:57:39,536.8052892742106
2022-03-28 11:57:44,534.71
2022-03-28 11:57:49,536.8165195595485
2022-03-28 11:57:54,534.64
2022-03-28 11:57:59,536.8277498448865
2022-03-28 11:58:04,534.48
2022-03-28 11:58:09,536.8389801302245
2022-03-28 11:58:14,534.42
2022-03-28 11:58:19,536.8502104155624
2022-03-28 11:58:24,534.35
2022-03-28 11:58:29,534.26
2022-03-28 11:58:34,534.29
2022-03-28 11:58:39,534.26
2022-03-28 11:58:44,534.19
2022-03-28 11:58:49,534.19
2022-03-28 11:58:54,534.19
2022-03-28 11:58:59,534.12
2022-03-28 11:59:04,534.12
2022-03-28 11:59:09,534.06
2022-03-28 11:59:14,536.9119769849211
2022-03-28 11:59:19,534.06
2022-03-28 11:59:24,536.9232072702591
2022-03-28 11:59:29,534.06
2022-03-28 11:59:34,534.06
2022-03-28 11:59:39,534.12
2022-03-28 11:59:44,534.12
2022-03-28 11:59:49,536.951282983604
2022-03-28 11:59:54,534.12
2022-03-28 11:59:59,534.12
2022-03-28 12:00:04,534.19
2022-03-28 12:00:09,534.19
2022-03-28 12:00:14,534.19
2022-03-28 12:00:19,534.25
2022-03-28 12:00:24,534.28
2022-03-28 12:00:29,536.9962041249559
2022-03-28 12:00:34,534.28
2022-03-28 12:00:39,534.34
2022-03-28 12:00:44,534.34
2022-03-28 12:00:49,534.34
2022-03-28 12:00:54,534.47
2022-03-28 12:00:59,534.53
2022-03-28 12:01:04,534.53
2022-03-28 12:01:09,534.56
2022-03-28 12:01:14,534.56
2022-03-28 12:01:19,534.63
2022-03-28 12:01:24,534.69
2022-03-28 12:01:29,537.0635858369835
2022-03-28 12:01:34,534.75
2022-03-28 12:01:39,534.85
2022-03-28 12:01:44,537.0804312649905
2022-03-28 12:01:49,534.91
2022-03-28 12:01:54,535.04
2022-03-28 12:01:59,535.04
2022-03-28 12:02:04,535.13
2022-03-28 12:02:09,537.1085069783353
2022-03-28 12:02:14,537.1141221210044
2022-03-28 12:02:19,535.26
2022-03-28 12:02:24,537.1253524063422
2022-03-28 12:02:29,535.36
2022-03-28 12:02:34,535.42
2022-03-28 12:02:39,535.48
2022-03-28 12:02:44,535.54
2022-03-28 12:02:49,535.58
2022-03-28 12:02:54,535.64
2022-03-28 12:02:59,535.77
2022-03-28 12:03:04,535.77
2022-03-28 12:03:09,535.87
2022-03-28 12:03:14,535.87
2022-03-28 12:03:19,535.99
2022-03-28 12:03:24,535.99
2022-03-28 12:03:29,537.198349261039
2022-03-28 12:03:34,536.09
2022-03-28 12:03:39,536.06
2022-03-28 12:03:44,537.2151946890459
2022-03-28 12:03:49,536.22
2022-03-28 12:03:54,536.22
2022-03-28 12:03:59,537.2320401170529
2022-03-28 12:04:04,537.2376552597218
2022-03-28 12:04:09,537.2432704023909
2022-03-28 12:04:14,536.38
2022-03-28 12:04:19,536.32
2022-03-28 12:04:24,536.38
2022-03-28 12:04:29,536.38
2022-03-28 12:04:34,537.2713461157357
2022-03-28 12:04:39,536.44
2022-03-28 12:04:44,537.2825764010737
2022-03-28 12:04:49,536.51
2022-03-28 12:04:54,536.51
2022-03-28 12:04:59,536.51
2022-03-28 12:05:04,537.306280749608
2022-03-28 12:05:09,536.51
2022-03-28 12:05:14,536.51
2022-03-28 12:05:19,536.51
2022-03-28 12:05:24,536.51
2022-03-28 12:05:29,536.51
2022-03-28 12:05:34,537.3524337720082
2022-03-28 12:05:39,536.45
2022-03-28 12:05:44,536.38
2022-03-28 12:05:49,536.32
2022-03-28 12:05:54,536.28
2022-03-28 12:05:59,536.22
2022-03-28 12:06:04,537.3985867944084
2022-03-28 12:06:09,536.16
2022-03-28 12:06:14,536.09
2022-03-28 12:06:19,536.06
2022-03-28 12:06:24,536.06
2022-03-28 12:06:29,536.06
2022-03-28 12:06:34,535.93
2022-03-28 12:06:39,537.4524319872086
2022-03-28 12:06:44,537.4601241576086
2022-03-28 12:06:49,537.4678163280087
2022-03-28 12:06:54,535.87
2022-03-28 12:06:59,535.81
2022-03-28 12:07:04,535.81
2022-03-28 12:07:09,535.78
2022-03-28 12:07:14,535.78
2022-03-28 12:07:19,537.5139693504088
2022-03-28 12:07:24,535.78
2022-03-28 12:07:29,535.71
2022-03-28 12:07:34,535.71
2022-03-28 12:07:39,535.71
2022-03-28 12:07:44,535.71
2022-03-28 12:07:49,537.5601223728089
2022-03-28 12:07:54,535.71
2022-03-28 12:07:59,537.575506713609
2022-03-28 12:08:04,535.65
2022-03-28 12:08:09,535.65
2022-03-28 12:08:14,535.65
2022-03-28 12:08:19,535.59
2022-03-28 12:08:24,535.65
2022-03-28 12:08:29,535.59
2022-03-28 12:08:34,535.59
2022-03-28 12:08:39,535.59
2022-03-28 12:08:44,535.65
2022-03-28 12:08:49,535.59
2022-03-28 12:08:54,537.6601205880092
2022-03-28 12:08:59,535.56
2022-03-28 12:09:04,537.6755049288093
2022-03-28 12:09:09,535.56
2022-03-28 12:09:14,537.6908892696094
2022-03-28 12:09:19,535.56
2022-03-28 12:09:24,535.56
2022-03-28 12:09:29,537.7139657808095
2022-03-28 12:09:34,535.56
2022-03-28 12:09:39,537.7293501216095
2022-03-28 12:09:44,535.49
2022-03-28 12:09:49,535.56
2022-03-28 12:09:54,535.49
2022-03-28 12:09:59,535.56
2022-03-28 12:10:04,535.49
2022-03-28 12:10:09,535.49
2022-03-28 12:10:14,535.49
2022-03-28 12:10:19,535.49
2022-03-28 12:10:24,535.43
2022-03-28 12:10:29,535.36
2022-03-28 12:10:34,535.36
2022-03-28 12:10:39,535.36
2022-03-28 12:10:44,535.36
2022-03-28 12:10:49,535.26
2022-03-28 12:10:54,535.26
2022-03-28 12:10:59,535.26
2022-03-28 12:11:04,537.86011701841
2022-03-28 12:11:09,537.86780918881
2022-03-28 12:11:14,535.13
2022-03-28 12:11:19,535.13
2022-03-28 12:11:24,535.07
2022-03-28 12:11:29,537.8985778704101
2022-03-28 12:11:34,535.06
2022-03-28 12:11:39,537.9139622112102
2022-03-28 12:11:44,534.97
2022-03-28 12:11:49,534.97
2022-03-28 12:11:54,537.9370387224103
2022-03-28 12:11:59,534.9
2022-03-28 12:12:04,534.9
2022-03-28 12:12:09,534.84
2022-03-28 12:12:14,537.9678074040104
2022-03-28 12:12:19,537.9754995744104
2022-03-28 12:12:24,534.77
2022-03-28 12:12:29,534.73
2022-03-28 12:12:34,534.73
2022-03-28 12:12:39,534.67
2022-03-28 12:12:44,534.67
2022-03-28 12:12:49,538.0216525968106
2022-03-28 12:12:54,538.0293447672107
2022-03-28 12:12:59,538.0370369376107
2022-03-28 12:13:04,534.6
2022-03-28 12:13:09,538.0524212784106
2022-03-28 12:13:14,534.5
2022-03-28 12:13:19,534.44
2022-03-28 12:13:24,538.0754977896107
2022-03-28 12:13:29,538.0831899600108
2022-03-28 12:13:34,534.3
2022-03-28 12:13:39,534.3
2022-03-28 12:13:44,534.3
2022-03-28 12:13:49,538.1139586416109
2022-03-28 12:13:54,538.1216508120109
2022-03-28 12:13:59,534.2
2022-03-28 12:14:04,534.14
2022-03-28 12:14:09,534.14
2022-03-28 12:14:14,534.07
2022-03-28 12:14:19,538.1601116640111
2022-03-28 12:14:24,534.01
2022-03-28 12:14:29,538.1754960048111
2022-03-28 12:14:34,534.01
2022-03-28 12:14:39,533.98
2022-03-28 12:14:44,533.97
2022-03-28 12:14:49,538.2062646864113
2022-03-28 12:14:54,538.2139568568113
2022-03-28 12:14:59,538.2216490272112
2022-03-28 12:15:04,533.91
2022-03-28 12:15:09,533.84
2022-03-28 12:15:14,533.84
2022-03-28 12:15:19,533.78
2022-03-28 12:15:24,533.78
2022-03-28 12:15:29,533.72
2022-03-28 12:15:34,538.2754942200114
2022-03-28 12:15:39,538.2831863904115
2022-03-28 12:15:44,533.68
2022-03-28 12:15:49,533.62
2022-03-28 12:15:54,538.3062629016116
2022-03-28 12:15:59,538.3139550720116
2022-03-28 12:16:04,533.55
2022-03-28 12:16:09,533.48
2022-03-28 12:16:14,533.55
2022-03-28 12:16:19,538.3447237536117
2022-03-28 12:16:24,533.48
2022-03-28 12:16:29,538.3601080944118
2022-03-28 12:16:34,538.3678002648118
2022-03-28 12:16:39,538.3754924352118
2022-03-28 12:16:44,538.3831846056119
2022-03-28 12:16:49,533.48
2022-03-28 12:16:54,538.3985689464118
2022-03-28 12:16:59,538.406261116812
2022-03-28 12:17:04,538.4139532872119
2022-03-28 12:17:09,533.49
2022-03-28 12:17:14,533.45
2022-03-28 12:17:19,533.48
2022-03-28 12:17:24,533.45
2022-03-28 12:17:29,533.48
2022-03-28 12:17:34,533.48
2022-03-28 12:17:39,533.49
2022-03-28 12:17:44,533.49
2022-03-28 12:17:49,533.49
2022-03-28 12:17:54,533.55
2022-03-28 12:17:59,538.4985671616122
2022-03-28 12:18:04,538.5062593320123
2022-03-28 12:18:09,533.55
2022-03-28 12:18:14,533.62
2022-03-28 12:18:19,538.5293358432124
2022-03-28 12:18:24,533.68
2022-03-28 12:18:29,533.69
2022-03-28 12:18:34,533.68
2022-03-28 12:18:39,538.5601045248125
2022-03-28 12:18:44,533.72
2022-03-28 12:18:49,533.78
2022-03-28 12:18:54,533.78
2022-03-28 12:18:59,538.5908732064125
2022-03-28 12:19:04,533.91
2022-03-28 12:19:09,538.6255517669288
2022-03-28 12:19:14,533.91
2022-03-28 12:19:19,533.91
2022-03-28 12:19:24,533.91
2022-03-28 12:19:29,533.98
2022-03-28 12:19:34,533.98
2022-03-28 12:19:39,538.8860384040028
2022-03-28 12:19:44,538.9294528435149
2022-03-28 12:19:49,538.9728672830273
2022-03-28 12:19:54,534.14
2022-03-28 12:19:59,539.0596961620519
2022-03-28 12:20:04,534.14
2022-03-28 12:20:09,534.2
2022-03-28 12:20:14,534.2
2022-03-28 12:20:19,534.2
2022-03-28 12:20:24,534.23
2022-03-28 12:20:29,534.23
2022-03-28 12:20:34,534.23
2022-03-28 12:20:39,539.4070116781503
2022-03-28 12:20:44,534.3
2022-03-28 12:20:49,534.3
2022-03-28 12:20:54,539.5372549966872
2022-03-28 12:20:59,539.5806694361995
2022-03-28 12:21:04,539.6240838757118
2022-03-28 12:21:09,534.49
2022-03-28 12:21:14,539.7109127547365
2022-03-28 12:21:19,534.52
2022-03-28 12:21:24,534.52
2022-03-28 12:21:29,534.59
2022-03-28 12:21:34,539.8845705127857
2022-03-28 12:21:39,534.72
2022-03-28 12:21:44,534.72
2022-03-28 12:21:49,534.75
2022-03-28 12:21:54,540.0582282708348
2022-03-28 12:21:59,534.81
2022-03-28 12:22:04,534.94
2022-03-28 12:22:09,534.94
2022-03-28 12:22:14,540.2318860288841
2022-03-28 12:22:19,535.04
2022-03-28 12:22:24,540.3187149079087
2022-03-28 12:22:29,535.1
2022-03-28 12:22:34,540.4055437869333
2022-03-28 12:22:39,535.16
2022-03-28 12:22:44,540.4923726659579
2022-03-28 12:22:49,535.23
2022-03-28 12:22:54,535.26
2022-03-28 12:22:59,535.32
2022-03-28 12:23:04,540.6660304240071
2022-03-28 12:23:09,535.32
2022-03-28 12:23:14,535.38
2022-03-28 12:23:19,540.796273742544
2022-03-28 12:23:24,540.8396881820563
2022-03-28 12:23:29,535.45
2022-03-28 12:23:34,535.51
2022-03-28 12:23:39,535.51
2022-03-28 12:23:44,535.51
2022-03-28 12:23:49,535.51
2022-03-28 12:23:54,535.51
2022-03-28 12:23:59,535.5
2022-03-28 12:24:04,535.5
2022-03-28 12:24:09,535.44
2022-03-28 12:24:14,535.44
2022-03-28 12:24:19,541.3172470166916
2022-03-28 12:24:24,541.360661456204
2022-03-28 12:24:29,535.37
2022-03-28 12:24:34,535.37
2022-03-28 12:24:39,541.4909047747408
2022-03-28 12:24:44,535.3
2022-03-28 12:24:49,535.24
2022-03-28 12:24:54,541.6211480932777
2022-03-28 12:24:59,535.21
2022-03-28 12:25:04,535.2
2022-03-28 12:25:09,535.21
2022-03-28 12:25:14,535.07
2022-03-28 12:25:19,541.8382202908393
2022-03-28 12:25:24,535.07
2022-03-28 12:25:29,541.9250491698639
2022-03-28 12:25:34,541.9684636093762
2022-03-28 12:25:39,534.97
2022-03-28 12:25:44,534.84
2022-03-28 12:25:49,542.0987069279131
2022-03-28 12:25:54,534.78
2022-03-28 12:25:59,542.1855358069377
2022-03-28 12:26:04,534.68
2022-03-28 12:26:09,534.61
2022-03-28 12:26:14,534.61
2022-03-28 12:26:19,534.48
2022-03-28 12:26:24,534.48
2022-03-28 12:26:29,534.45
2022-03-28 12:26:34,534.38
2022-03-28 12:26:39,534.32
2022-03-28 12:26:44,534.26
2022-03-28 12:26:49,534.19
2022-03-28 12:26:54,542.663094641573
2022-03-28 12:26:59,542.7065090810854
2022-03-28 12:27:04,542.7499235205976
2022-03-28 12:27:09,534.09
2022-03-28 12:27:14,534.09
2022-03-28 12:27:19,534.03
2022-03-28 12:27:24,534.03
2022-03-28 12:27:29,542.9669957181592
2022-03-28 12:27:34,533.93
2022-03-28 12:27:39,543.0538245971837
2022-03-28 12:27:44,533.87
2022-03-28 12:27:49,533.8
2022-03-28 12:27:54,533.8
2022-03-28 12:27:59,533.67
2022-03-28 12:28:04,533.68
2022-03-28 12:28:09,533.64
2022-03-28 12:28:14,533.64
2022-03-28 12:28:19,533.58
2022-03-28 12:28:24,533.51
2022-03-28 12:28:29,533.51
2022-03-28 12:28:34,533.45
2022-03-28 12:28:39,533.45
2022-03-28 12:28:44,543.6182123108437
2022-03-28 12:28:49,533.42
2022-03-28 12:28:54,533.42
2022-03-28 12:28:59,543.7484556293806
2022-03-28 12:29:04,533.35
2022-03-28 12:29:09,543.8352845084053
2022-03-28 12:29:14,533.29
2022-03-28 12:29:19,533.23
2022-03-28 12:29:24,533.23
2022-03-28 12:29:29,544.0089422664544
2022-03-28 12:29:34,533.16
2022-03-28 12:29:39,544.095771145479
2022-03-28 12:29:44,533.13
2022-03-28 12:29:49,544.1826000245036
2022-03-28 12:29:54,544.226014464016
2022-03-28 12:29:59,544.2694289035281
2022-03-28 12:30:04,533.07
2022-03-28 12:30:09,533.01
2022-03-28 12:30:14,533.01
2022-03-28 12:30:19,544.4430866615774
2022-03-28 12:30:24,532.94
2022-03-28 12:30:29,533.01
2022-03-28 12:30:34,544.5733299801143
2022-03-28 12:30:39,532.91
2022-03-28 12:30:44,532.94
2022-03-28 12:30:49,532.91
2022-03-28 12:30:54,544.7469877381635
2022-03-28 12:30:59,544.7904021776759
2022-03-28 12:31:04,532.85
2022-03-28 12:31:09,544.8772310567005
2022-03-28 12:31:14,532.78
2022-03-28 12:31:19,532.85
2022-03-28 12:31:24,545.0074743752374
2022-03-28 12:31:29,532.78
2022-03-28 12:31:34,532.72
2022-03-28 12:31:39,532.72
2022-03-28 12:31:44,532.72
2022-03-28 12:31:49,532.72
2022-03-28 12:31:54,532.72
2022-03-28 12:31:59,532.72
2022-03-28 12:32:04,532.72
2022-03-28 12:32:09,532.66
2022-03-28 12:32:14,545.4416187703604
2022-03-28 12:32:19,532.72
2022-03-28 12:32:24,532.72
2022-03-28 12:32:29,532.72
2022-03-28 12:32:34,532.72
2022-03-28 12:32:39,532.72
2022-03-28 12:32:44,532.65
2022-03-28 12:32:49,532.72
2022-03-28 12:32:54,532.72
2022-03-28 12:32:59,532.65
2022-03-28 12:33:04,532.65
2022-03-28 12:33:09,532.72
2022-03-28 12:33:14,545.9401036540404
2022-03-28 12:33:19,532.72
2022-03-28 12:33:24,532.72
2022-03-28 12:33:29,545.9302059051511
2022-03-28 12:33:34,532.78
2022-03-28 12:33:39,545.9236074058915
2022-03-28 12:33:44,532.71
2022-03-28 12:33:49,545.9170089066321
2022-03-28 12:33:54,532.71
2022-03-28 12:33:59,532.71
2022-03-28 12:34:04,545.9071111577427
2022-03-28 12:34:09,532.65
2022-03-28 12:34:14,532.65
2022-03-28 12:34:19,532.65
2022-03-28 12:34:24,532.61
2022-03-28 12:34:29,545.890614909594
2022-03-28 12:34:34,532.61
2022-03-28 12:34:39,532.61
2022-03-28 12:34:44,532.61
2022-03-28 12:34:49,532.61
2022-03-28 12:34:54,532.55
2022-03-28 12:34:59,532.54
2022-03-28 12:35:04,532.54
2022-03-28 12:35:09,532.54
2022-03-28 12:35:14,532.48
2022-03-28 12:35:19,532.47
2022-03-28 12:35:24,532.41
2022-03-28 12:35:29,532.41
2022-03-28 12:35:34,545.8477246644071
2022-03-28 12:35:39,545.8444254147773
2022-03-28 12:35:44,532.25
2022-03-28 12:35:49,532.18
2022-03-28 12:35:54,532.18
2022-03-28 12:35:59,532.11
2022-03-28 12:36:04,532.01
2022-03-28 12:36:09,531.95
2022-03-28 12:36:14,531.95
2022-03-28 12:36:19,531.85
2022-03-28 12:36:24,545.8147321681095
2022-03-28 12:36:29,545.8114329184797
2022-03-28 12:36:34,531.66
2022-03-28 12:36:39,545.8048344192201
2022-03-28 12:36:44,545.8015351695905
2022-03-28 12:36:49,545.7982359199607
2022-03-28 12:36:54,531.36
2022-03-28 12:36:59,545.7916374207011
2022-03-28 12:37:04,531.26
2022-03-28 12:37:09,531.14
2022-03-28 12:37:14,531.07
2022-03-28 12:37:19,530.97
2022-03-28 12:37:24,530.85
2022-03-28 12:37:29,530.81
2022-03-28 12:37:34,545.7685426732928
2022-03-28 12:37:39,545.765243423663
2022-03-28 12:37:44,530.52
2022-03-28 12:37:49,530.39
2022-03-28 12:37:54,530.33
2022-03-28 12:37:59,530.23
2022-03-28 12:38:04,530.17
2022-03-28 12:38:09,530.04
2022-03-28 12:38:14,529.94
2022-03-28 12:38:19,529.88
2022-03-28 12:38:24,529.78
2022-03-28 12:38:29,529.59
2022-03-28 12:38:34,545.7289516777357
2022-03-28 12:38:39,529.43
2022-03-28 12:38:44,545.7223531784762
2022-03-28 12:38:49,529.2
2022-03-28 12:38:54,545.7157546792166
2022-03-28 12:38:59,528.97
2022-03-28 12:39:04,528.84
2022-03-28 12:39:09,528.75
2022-03-28 12:39:14,545.7025576806976
2022-03-28 12:39:19,528.49
2022-03-28 12:39:24,528.39
2022-03-28 12:39:29,545.6926599318083
2022-03-28 12:39:34,528.23
2022-03-28 12:39:39,528.04
2022-03-28 12:39:44,545.6827621829191
2022-03-28 12:39:49,545.6794629332893
2022-03-28 12:39:54,545.6761636836595
2022-03-28 12:39:59,527.65
2022-03-28 12:40:04,527.52
2022-03-28 12:40:09,545.6662659347702
2022-03-28 12:40:14,545.6629666851404
2022-03-28 12:40:19,527.24
2022-03-28 12:40:24,527.2
2022-03-28 12:40:29,545.6530689362512
2022-03-28 12:40:34,527.01
2022-03-28 12:40:39,527.01
2022-03-28 12:40:44,545.6431711873619
2022-03-28 12:40:49,526.85
2022-03-28 12:40:54,526.85
2022-03-28 12:40:59,545.6332734384727
2022-03-28 12:41:04,545.6299741888429
2022-03-28 12:41:09,545.6266749392131
2022-03-28 12:41:14,526.69
2022-03-28 12:41:19,526.63
2022-03-28 12:41:24,526.63
2022-03-28 12:41:29,526.69
2022-03-28 12:41:34,545.6101786910643
2022-03-28 12:41:39,526.7
2022-03-28 12:41:44,526.7
2022-03-28 12:41:49,526.7
2022-03-28 12:41:54,526.73
2022-03-28 12:41:59,526.73
2022-03-28 12:42:04,526.8
2022-03-28 12:42:09,526.86
2022-03-28 12:42:14,526.93
2022-03-28 12:42:19,526.96
2022-03-28 12:42:24,527.02
2022-03-28 12:42:29,545.5738869451369
2022-03-28 12:42:34,527.22
2022-03-28 12:42:39,545.5672884458775
2022-03-28 12:42:44,527.31
2022-03-28 12:42:49,545.5606899466179
2022-03-28 12:42:54,527.48
2022-03-28 12:42:59,527.54
2022-03-28 12:43:04,527.61
2022-03-28 12:43:09,527.77
2022-03-28 12:43:14,527.83
2022-03-28 12:43:19,545.5408944488394
2022-03-28 12:43:24,527.99
2022-03-28 12:43:29,528.12
2022-03-28 12:43:34,528.19
2022-03-28 12:43:39,545.5276974503203
2022-03-28 12:43:44,528.47
2022-03-28 12:43:49,528.57
2022-03-28 12:43:54,528.64
2022-03-28 12:43:59,528.76
2022-03-28 12:44:04,545.5112012021715
2022-03-28 12:44:09,528.99
2022-03-28 12:44:14,529.15
2022-03-28 12:44:19,529.28
2022-03-28 12:44:24,529.38
2022-03-28 12:44:29,529.51
2022-03-28 12:44:34,529.6
2022-03-28 12:44:39,545.4881064547632
2022-03-28 12:44:44,529.89
2022-03-28 12:44:49,545.4815079555036
2022-03-28 12:44:54,530.18
2022-03-28 12:44:59,530.31
2022-03-28 12:45:04,530.53
2022-03-28 12:45:09,530.63
2022-03-28 12:45:14,530.83
2022-03-28 12:45:19,530.92
2022-03-28 12:45:24,531.05
2022-03-28 12:45:29,545.4551139584655
2022-03-28 12:45:34,545.4518147088359
2022-03-28 12:45:39,531.43
2022-03-28 12:45:44,531.56
2022-03-28 12:45:49,531.66
2022-03-28 12:45:54,545.4386177103167
2022-03-28 12:45:59,532.01
2022-03-28 12:46:04,532.11
2022-03-28 12:46:09,532.24
2022-03-28 12:46:14,532.36
2022-03-28 12:46:19,532.46
2022-03-28 12:46:24,545.4188222125382
2022-03-28 12:46:29,545.4155229629084
2022-03-28 12:46:34,532.82
2022-03-28 12:46:39,545.4089244636489
2022-03-28 12:46:44,533.04
2022-03-28 12:46:49,533.2
2022-03-28 12:46:54,533.39
2022-03-28 12:46:59,533.42
2022-03-28 12:47:04,545.3924282155001
2022-03-28 12:47:09,533.64
2022-03-28 12:47:14,533.77
2022-03-28 12:47:19,545.3837236015016
2022-03-28 12:47:24,545.3832469996921
2022-03-28 12:47:29,545.3827703978826
2022-03-28 12:47:34,534.22
2022-03-28 12:47:39,534.35
2022-03-28 12:47:44,534.45
2022-03-28 12:47:49,534.64
2022-03-28 12:47:54,534.67
2022-03-28 12:47:59,534.8
2022-03-28 12:48:04,534.93
2022-03-28 12:48:09,535.09
2022-03-28 12:48:14,535.15
2022-03-28 12:48:19,535.31
2022-03-28 12:48:24,545.3775277779779
2022-03-28 12:48:29,535.47
2022-03-28 12:48:34,535.6
2022-03-28 12:48:39,535.76
2022-03-28 12:48:44,535.82
2022-03-28 12:48:49,535.89
2022-03-28 12:48:54,545.3746681671208
2022-03-28 12:48:59,536.05
2022-03-28 12:49:04,545.3737149635018
2022-03-28 12:49:09,536.28
2022-03-28 12:49:14,536.4
2022-03-28 12:49:19,545.3722851580733
2022-03-28 12:49:24,536.5
2022-03-28 12:49:29,536.63
2022-03-28 12:49:34,545.3708553526448
2022-03-28 12:49:39,536.72
2022-03-28 12:49:44,536.79
2022-03-28 12:49:49,536.85
2022-03-28 12:49:54,545.3689489454067
2022-03-28 12:49:59,537.01
2022-03-28 12:50:04,537.08
2022-03-28 12:50:09,537.14
2022-03-28 12:50:14,545.3670425381687
2022-03-28 12:50:19,545.3665659363592
2022-03-28 12:50:24,537.3
2022-03-28 12:50:29,537.3
2022-03-28 12:50:34,537.37
2022-03-28 12:50:39,537.37
2022-03-28 12:50:44,545.3641829273116
2022-03-28 12:50:49,545.3637063255021
2022-03-28 12:50:54,545.3632297236926
2022-03-28 12:50:59,545.3627531218831
2022-03-28 12:51:04,537.43
2022-03-28 12:51:09,537.44
2022-03-28 12:51:14,537.5
2022-03-28 12:51:19,537.43
2022-03-28 12:51:24,537.37
2022-03-28 12:51:29,537.37
2022-03-28 12:51:34,537.31
2022-03-28 12:51:39,537.31
2022-03-28 12:51:44,545.3584637055975
2022-03-28 12:51:49,537.24
2022-03-28 12:51:54,537.21
2022-03-28 12:51:59,537.21
2022-03-28 12:52:04,537.15
2022-03-28 12:52:09,537.15
2022-03-28 12:52:14,537.09
2022-03-28 12:52:19,545.3551274929308
2022-03-28 12:52:24,545.3546508911213
2022-03-28 12:52:29,536.99
2022-03-28 12:52:34,536.99
2022-03-28 12:52:39,536.86
2022-03-28 12:52:44,536.86
2022-03-28 12:52:49,545.3522678820738
2022-03-28 12:52:54,536.7
2022-03-28 12:52:59,536.7
2022-03-28 12:53:04,545.3508380766452
2022-03-28 12:53:09,545.3503614748357
2022-03-28 12:53:14,536.48
2022-03-28 12:53:19,545.3494082712167
2022-03-28 12:53:24,545.3489316694072
2022-03-28 12:53:29,536.29
2022-03-28 12:53:34,536.19
2022-03-28 12:53:39,536.13
2022-03-28 12:53:44,536.07
2022-03-28 12:53:49,536.0
2022-03-28 12:53:54,535.97
2022-03-28 12:53:59,535.91
2022-03-28 12:54:04,535.78
2022-03-28 12:54:09,535.78
2022-03-28 12:54:14,535.68
2022-03-28 12:54:19,535.68
2022-03-28 12:54:24,535.56
2022-03-28 12:54:29,535.49
2022-03-28 12:54:34,535.46
2022-03-28 12:54:39,535.33
2022-03-28 12:54:44,535.27
2022-03-28 12:54:49,535.2
2022-03-28 12:54:54,535.17
2022-03-28 12:54:59,535.11
2022-03-28 12:55:04,545.339399633217
2022-03-28 12:55:09,545.3389230314075
2022-03-28 12:55:14,534.95
2022-03-28 12:55:19,534.88
2022-03-28 12:55:24,534.82
2022-03-28 12:55:29,545.3370166241695
2022-03-28 12:55:34,545.3365400223599
2022-03-28 12:55:39,534.69
2022-03-28 12:55:44,534.59
2022-03-28 12:55:49,545.3351102169314
2022-03-28 12:55:54,534.46
2022-03-28 12:55:59,534.43
2022-03-28 12:56:04,545.3336804115029
2022-03-28 12:56:09,534.36
2022-03-28 12:56:14,534.24
2022-03-28 12:56:19,534.24
2022-03-28 12:56:24,534.14
2022-03-28 12:56:29,534.17
2022-03-28 12:56:34,545.3308208006457
2022-03-28 12:56:39,534.01
2022-03-28 12:56:44,545.3298675970267
2022-03-28 12:56:49,545.3293909952172
2022-03-28 12:56:54,533.91
2022-03-28 12:56:59,545.3284377915982
2022-03-28 12:57:04,533.85
2022-03-28 12:57:09,545.3274845879791
2022-03-28 12:57:14,533.78
2022-03-28 12:57:19,533.72
2022-03-28 12:57:24,533.72
2022-03-28 12:57:29,545.3255781807411
2022-03-28 12:57:34,545.3251015789316
2022-03-28 12:57:39,533.65
2022-03-28 12:57:44,533.62
2022-03-28 12:57:49,533.55
2022-03-28 12:57:54,545.3231951716936
2022-03-28 12:57:59,545.322718569884
2022-03-28 12:58:04,533.49
2022-03-28 12:58:09,533.48
2022-03-28 12:58:14,545.3212887644555
2022-03-28 12:58:19,545.320812162646
2022-03-28 12:58:24,533.39
2022-03-28 12:58:29,533.32
2022-03-28 12:58:34,533.25
2022-03-28 12:58:39,533.19
2022-03-28 12:58:44,533.19
2022-03-28 12:58:49,533.12
2022-03-28 12:58:54,545.3174759499794
2022-03-28 12:58:59,533.13
2022-03-28 12:59:04,533.09
2022-03-28 12:59:09,533.09
2022-03-28 12:59:14,533.09
2022-03-28 12:59:19,533.09
2022-03-28 12:59:24,545.3146163391224
2022-03-28 12:59:29,533.02
2022-03-28 12:59:34,545.3136631355034
2022-03-28 12:59:39,533.09
2022-03-28 12:59:44,533.02
2022-03-28 12:59:49,533.08
2022-03-28 12:59:54,545.3117567282653
2022-03-28 12:59:59,545.3112801264558
2022-03-28 13:00:04,545.3108035246463
2022-03-28 13:00:09,533.11
2022-03-28 13:00:14,545.3098503210273
2022-03-28 13:00:19,533.11
2022-03-28 13:00:24,533.18
2022-03-28 13:00:29,545.3084205155988
2022-03-28 13:00:34,533.3
2022-03-28 13:00:39,533.37
2022-03-28 13:00:44,545.3069907101701
2022-03-28 13:00:49,545.3065141083606
2022-03-28 13:00:54,533.47
2022-03-28 13:00:59,533.53
2022-03-28 13:01:04,533.63
2022-03-28 13:01:09,533.63
2022-03-28 13:01:14,533.69
2022-03-28 13:01:19,533.76
2022-03-28 13:01:24,545.3007760217533
2022-03-28 13:01:29,533.88
2022-03-28 13:01:34,533.88
2022-03-28 13:01:39,533.88
2022-03-28 13:01:44,533.92
2022-03-28 13:01:49,533.92
2022-03-28 13:01:54,533.92
2022-03-28 13:01:59,545.2512489322794
2022-03-28 13:02:04,534.05
2022-03-28 13:02:09,534.05
2022-03-28 13:02:14,534.11
2022-03-28 13:02:19,545.2229477382942
2022-03-28 13:02:24,545.215872439798
2022-03-28 13:02:29,534.15
2022-03-28 13:02:34,534.15
2022-03-28 13:02:39,534.21
2022-03-28 13:02:44,534.27
2022-03-28 13:02:49,534.34
2022-03-28 13:02:54,534.34
2022-03-28 13:02:59,534.41
2022-03-28 13:03:04,534.41
2022-03-28 13:03:09,534.44
2022-03-28 13:03:14,534.5
2022-03-28 13:03:19,534.5
2022-03-28 13:03:24,534.5
2022-03-28 13:03:29,545.1238935593464
2022-03-28 13:03:34,545.1168182608501
2022-03-28 13:03:39,545.1097429623538
2022-03-28 13:03:44,545.1026676638575
2022-03-28 13:03:49,534.8
2022-03-28 13:03:54,534.86
2022-03-28 13:03:59,545.0814417683687
2022-03-28 13:04:04,545.0743664698724
2022-03-28 13:04:09,534.93
2022-03-28 13:04:14,545.0602158728799
2022-03-28 13:04:19,535.03
2022-03-28 13:04:24,535.09
2022-03-28 13:04:29,535.09
2022-03-28 13:04:34,535.16
2022-03-28 13:04:39,535.19
2022-03-28 13:04:44,545.0177640819022
2022-03-28 13:04:49,535.25
2022-03-28 13:04:54,535.32
2022-03-28 13:04:59,535.39
2022-03-28 13:05:04,535.39
2022-03-28 13:05:09,535.45
2022-03-28 13:05:14,535.45
2022-03-28 13:05:19,535.48
2022-03-28 13:05:24,535.49
2022-03-28 13:05:29,535.61
2022-03-28 13:05:34,535.61
2022-03-28 13:05:39,535.61
2022-03-28 13:05:44,535.71
2022-03-28 13:05:49,535.78
2022-03-28 13:05:54,544.9187099029543
2022-03-28 13:05:59,535.84
2022-03-28 13:06:04,535.91
2022-03-28 13:06:09,535.91
2022-03-28 13:06:14,544.8904087089692
2022-03-28 13:06:19,535.97
2022-03-28 13:06:24,536.0
2022-03-28 13:06:29,536.07
2022-03-28 13:06:34,536.07
2022-03-28 13:06:39,544.8550322164878
2022-03-28 13:06:44,536.13
2022-03-28 13:06:49,544.8408816194952
2022-03-28 13:06:54,536.2
2022-03-28 13:06:59,544.8267310225027
2022-03-28 13:07:04,536.23
2022-03-28 13:07:09,536.23
2022-03-28 13:07:14,544.8055051270138
2022-03-28 13:07:19,544.7984298285176
2022-03-28 13:07:24,536.23
2022-03-28 13:07:29,544.784279231525
2022-03-28 13:07:34,536.3
2022-03-28 13:07:39,544.7701286345325
2022-03-28 13:07:44,536.3
2022-03-28 13:07:49,536.23
2022-03-28 13:07:54,544.7489027390436
2022-03-28 13:07:59,536.3
2022-03-28 13:08:04,544.7347521420511
2022-03-28 13:08:09,544.7276768435548
2022-03-28 13:08:14,536.23
2022-03-28 13:08:19,536.23
2022-03-28 13:08:24,536.3
2022-03-28 13:08:29,536.23
2022-03-28 13:08:34,536.23
2022-03-28 13:08:39,536.23
2022-03-28 13:08:44,544.6781497540809
2022-03-28 13:08:49,536.2
2022-03-28 13:08:54,536.23
2022-03-28 13:08:59,536.13
2022-03-28 13:09:04,536.13
2022-03-28 13:09:09,536.06
2022-03-28 13:09:14,536.06
2022-03-28 13:09:19,536.0
2022-03-28 13:09:24,536.0
2022-03-28 13:09:29,536.0
2022-03-28 13:09:34,535.97
2022-03-28 13:09:39,535.9
2022-03-28 13:09:44,535.84
2022-03-28 13:09:49,535.9
2022-03-28 13:09:54,535.77
2022-03-28 13:09:59,535.77
2022-03-28 13:10:04,535.71
2022-03-28 13:10:09,535.71
2022-03-28 13:10:14,535.67
2022-03-28 13:10:19,535.61
2022-03-28 13:10:24,535.61
2022-03-28 13:10:29,535.61
2022-03-28 13:10:34,535.6
2022-03-28 13:10:39,544.5154178886665
2022-03-28 13:10:44,535.48
2022-03-28 13:10:49,544.5012672916739
2022-03-28 13:10:54,535.44
2022-03-28 13:10:59,544.4871166946814
2022-03-28 13:11:04,535.44
2022-03-28 13:11:09,535.38
2022-03-28 13:11:14,535.38
2022-03-28 13:11:19,535.38
2022-03-28 13:11:24,535.32
2022-03-28 13:11:29,535.25
2022-03-28 13:11:34,535.31
2022-03-28 13:11:39,544.4305143067112
2022-03-28 13:11:44,535.32
2022-03-28 13:11:49,544.4163637097187
2022-03-28 13:11:54,535.31
2022-03-28 13:11:59,535.25
2022-03-28 13:12:04,544.3951378142298
2022-03-28 13:12:09,535.32
2022-03-28 13:12:14,535.32
2022-03-28 13:12:19,535.32
2022-03-28 13:12:24,535.32
2022-03-28 13:12:29,535.32
2022-03-28 13:12:34,544.3526860232521
2022-03-28 13:12:39,535.32
2022-03-28 13:12:44,544.3385354262596
2022-03-28 13:12:49,544.3314601277633
2022-03-28 13:12:54,535.32
2022-03-28 13:12:59,535.32
2022-03-28 13:13:04,535.32
2022-03-28 13:13:09,535.32
2022-03-28 13:13:14,544.2960836352819
2022-03-28 13:13:19,544.2890083367856
2022-03-28 13:13:24,535.32
2022-03-28 13:13:29,535.38
2022-03-28 13:13:34,535.32
2022-03-28 13:13:39,535.32
2022-03-28 13:13:44,535.32
2022-03-28 13:13:49,544.246556545808
2022-03-28 13:13:54,544.2394812473117
2022-03-28 13:13:59,535.39
2022-03-28 13:14:04,535.32
2022-03-28 13:14:09,535.32
2022-03-28 13:14:14,544.2111800533265
2022-03-28 13:14:19,535.39
2022-03-28 13:14:24,535.32
2022-03-28 13:14:29,535.33
2022-03-28 13:14:34,544.1828788593415
2022-03-28 13:14:39,535.27
2022-03-28 13:14:44,535.33
2022-03-28 13:14:49,544.1616529638526
2022-03-28 13:14:54,535.27
2022-03-28 13:14:59,535.27
2022-03-28 13:15:04,535.27
2022-03-28 13:15:09,535.27
2022-03-28 13:15:14,544.1262764713713
2022-03-28 13:15:19,535.2
2022-03-28 13:15:24,535.2
2022-03-28 13:15:29,535.2
2022-03-28 13:15:34,535.21
2022-03-28 13:15:39,535.18
2022-03-28 13:15:44,535.11
2022-03-28 13:15:49,535.11
2022-03-28 13:15:54,543.9665841499326
2022-03-28 13:15:59,535.11
2022-03-28 13:16:04,535.11
2022-03-28 13:16:09,535.05
2022-03-28 13:16:14,535.06
2022-03-28 13:16:19,535.05
2022-03-28 13:16:24,534.99
2022-03-28 13:16:29,534.99
2022-03-28 13:16:34,543.7545292912804
2022-03-28 13:16:39,534.99
2022-03-28 13:16:44,535.06
2022-03-28 13:16:49,535.06
2022-03-28 13:16:54,535.06
2022-03-28 13:16:59,535.06
2022-03-28 13:17:04,535.06
2022-03-28 13:17:09,543.5689812899598
2022-03-28 13:17:14,535.06
2022-03-28 13:17:19,535.06
2022-03-28 13:17:24,535.06
2022-03-28 13:17:29,543.4629538606337
2022-03-28 13:17:34,543.4364470033021
2022-03-28 13:17:39,543.4099401459706
2022-03-28 13:17:44,535.13
2022-03-28 13:17:49,543.3569264313074
2022-03-28 13:17:54,535.19
2022-03-28 13:17:59,535.22
2022-03-28 13:18:04,543.2774058593129
2022-03-28 13:18:09,543.2508990019813
2022-03-28 13:18:14,535.23
2022-03-28 13:18:19,535.29
2022-03-28 13:18:24,535.35
2022-03-28 13:18:29,543.1448715726553
2022-03-28 13:18:34,535.42
2022-03-28 13:18:39,535.42
2022-03-28 13:18:44,535.49
2022-03-28 13:18:49,543.0388441433292
2022-03-28 13:18:54,535.52
2022-03-28 13:18:59,535.52
2022-03-28 13:19:04,535.58
2022-03-28 13:19:09,535.65
2022-03-28 13:19:14,542.9063098566716
2022-03-28 13:19:19,535.64
2022-03-28 13:19:24,542.8532961420085
2022-03-28 13:19:29,542.8267892846769
2022-03-28 13:19:34,535.71
2022-03-28 13:19:39,542.773775570014
2022-03-28 13:19:44,542.7472687126824
2022-03-28 13:19:49,535.74
2022-03-28 13:19:54,542.6942549980193
2022-03-28 13:19:59,542.6677481406879
2022-03-28 13:20:04,542.6412412833563
2022-03-28 13:20:09,535.81
2022-03-28 13:20:14,542.5882275686932
2022-03-28 13:20:19,542.5617207113617
2022-03-28 13:20:24,542.5352138540302
2022-03-28 13:20:29,535.87
2022-03-28 13:20:34,535.87
2022-03-28 13:20:39,535.87
2022-03-28 13:20:44,542.4291864247041
2022-03-28 13:20:49,535.93
2022-03-28 13:20:54,535.93
2022-03-28 13:20:59,542.3496658527096
2022-03-28 13:21:04,542.323158995378
2022-03-28 13:21:09,535.93
2022-03-28 13:21:14,542.2701452807149
2022-03-28 13:21:19,542.2436384233835
2022-03-28 13:21:24,535.99
2022-03-28 13:21:29,535.99
2022-03-28 13:21:34,535.99
2022-03-28 13:21:39,535.99
2022-03-28 13:21:44,542.1111041367259
2022-03-28 13:21:49,542.0845972793943
2022-03-28 13:21:54,536.02
2022-03-28 13:21:59,542.0315835647312
2022-03-28 13:22:04,536.02
2022-03-28 13:22:09,536.02
2022-03-28 13:22:14,536.02
2022-03-28 13:22:19,541.9255561354051
2022-03-28 13:22:24,536.02
2022-03-28 13:22:29,536.08
2022-03-28 13:22:34,541.8460355634106
2022-03-28 13:22:39,536.01
2022-03-28 13:22:44,535.99
2022-03-28 13:22:49,541.766514991416
2022-03-28 13:22:54,535.98
2022-03-28 13:22:59,536.02
2022-03-28 13:23:04,541.6869944194215
2022-03-28 13:23:09,535.98
2022-03-28 13:23:14,535.99
2022-03-28 13:23:19,535.99
2022-03-28 13:23:24,541.5809669900954
2022-03-28 13:23:29,535.92
2022-03-28 13:23:34,535.92
2022-03-28 13:23:39,541.5014464181007
2022-03-28 13:23:44,535.92
2022-03-28 13:23:49,541.4484327034377
2022-03-28 13:23:54,535.79
2022-03-28 13:23:59,535.86
2022-03-28 13:24:04,541.368912131443
2022-03-28 13:24:09,541.3424052741116
2022-03-28 13:24:14,535.7
2022-03-28 13:24:19,535.64
2022-03-28 13:24:24,535.57
2022-03-28 13:24:29,541.2363778447855
2022-03-28 13:24:34,541.209870987454
2022-03-28 13:24:39,541.1833641301224
2022-03-28 13:24:44,541.156857272791
2022-03-28 13:24:49,535.47
2022-03-28 13:24:54,535.48
2022-03-28 13:24:59,541.0773367007963
2022-03-28 13:25:04,535.41
2022-03-28 13:25:09,535.35
2022-03-28 13:25:14,535.35
2022-03-28 13:25:19,540.9713092714702
2022-03-28 13:25:24,540.9448024141386
2022-03-28 13:25:29,540.9182955568072
2022-03-28 13:25:34,535.22
2022-03-28 13:25:39,540.8652818421441
2022-03-28 13:25:44,540.8387749848125
2022-03-28 13:25:49,535.13
2022-03-28 13:25:54,540.7857612701496
2022-03-28 13:25:59,540.759254412818
2022-03-28 13:26:04,535.06
2022-03-28 13:26:09,535.06
2022-03-28 13:26:14,540.6797338408235
2022-03-28 13:26:19,540.6532269834919
2022-03-28 13:26:24,540.6267201261604
2022-03-28 13:26:29,535.0
2022-03-28 13:26:34,535.01
2022-03-28 13:26:39,535.01
2022-03-28 13:26:44,540.5206926968343
2022-03-28 13:26:49,535.01
2022-03-28 13:26:54,540.4676789821713
2022-03-28 13:26:59,535.01
2022-03-28 13:27:04,535.07
2022-03-28 13:27:09,535.01
2022-03-28 13:27:14,535.01
2022-03-28 13:27:19,535.01
2022-03-28 13:27:24,535.01
2022-03-28 13:27:29,540.2821309808505
2022-03-28 13:27:34,535.01
2022-03-28 13:27:39,540.2291172661876
2022-03-28 13:27:44,535.08
2022-03-28 13:27:49,535.08
2022-03-28 13:27:54,540.149596694193
2022-03-28 13:27:59,535.08
2022-03-28 13:28:04,535.08
2022-03-28 13:28:09,535.08
2022-03-28 13:28:14,535.15
2022-03-28 13:28:19,535.15
2022-03-28 13:28:24,535.15
2022-03-28 13:28:29,535.22
2022-03-28 13:28:34,535.25
2022-03-28 13:28:39,535.38
2022-03-28 13:28:44,539.8845281208777
2022-03-28 13:28:49,535.45
2022-03-28 13:28:54,539.8315144062146
2022-03-28 13:28:59,535.51
2022-03-28 13:29:04,535.61
2022-03-28 13:29:09,539.75199383422
2022-03-28 13:29:14,539.7254869768885
2022-03-28 13:29:19,535.73
2022-03-28 13:29:24,535.73
2022-03-28 13:29:29,535.83
2022-03-28 13:29:34,539.6285258671762
2022-03-28 13:29:39,535.9
2022-03-28 13:29:44,535.9
2022-03-28 13:29:49,535.96
2022-03-28 13:29:54,536.02
2022-03-28 13:29:59,536.05
2022-03-28 13:30:04,536.12
2022-03-28 13:30:09,536.19
2022-03-28 13:30:14,539.710622711549
2022-03-28 13:30:19,536.25
2022-03-28 13:30:24,536.35
2022-03-28 13:30:29,536.41
2022-03-28 13:30:34,536.47
2022-03-28 13:30:39,536.54
2022-03-28 13:30:44,536.57
2022-03-28 13:30:49,536.64
2022-03-28 13:30:54,536.7
2022-03-28 13:30:59,536.8
2022-03-28 13:31:04,536.86
2022-03-28 13:31:09,536.99
2022-03-28 13:31:14,537.05
2022-03-28 13:31:19,537.08
2022-03-28 13:31:24,539.8542921892014
2022-03-28 13:31:29,537.28
2022-03-28 13:31:34,537.31
2022-03-28 13:31:39,537.44
2022-03-28 13:31:44,537.5
2022-03-28 13:31:49,537.56
2022-03-28 13:31:54,537.66
2022-03-28 13:31:59,537.73
2022-03-28 13:32:04,539.9363890335741
2022-03-28 13:32:09,537.89
2022-03-28 13:32:14,539.9569132446672
2022-03-28 13:32:19,538.08
2022-03-28 13:32:24,538.11
2022-03-28 13:32:29,538.17
2022-03-28 13:32:34,538.3
2022-03-28 13:32:39,538.33
2022-03-28 13:32:44,538.46
2022-03-28 13:32:49,538.52
2022-03-28 13:32:54,538.59
2022-03-28 13:32:59,540.0492721945866
2022-03-28 13:33:04,538.68
2022-03-28 13:33:09,538.68
2022-03-28 13:33:14,538.68
2022-03-28 13:33:19,538.74
2022-03-28 13:33:24,538.81
2022-03-28 13:33:29,538.81
2022-03-28 13:33:34,538.81
2022-03-28 13:33:39,538.81
2022-03-28 13:33:44,538.84
2022-03-28 13:33:49,540.1518932500526
2022-03-28 13:33:54,538.81
2022-03-28 13:33:59,538.84
2022-03-28 13:34:04,540.1826795666924
2022-03-28 13:34:09,538.84
2022-03-28 13:34:14,538.84
2022-03-28 13:34:19,540.2134658833322
2022-03-28 13:34:24,538.8
2022-03-28 13:34:29,538.81
2022-03-28 13:34:34,540.2442521999719
2022-03-28 13:34:39,538.8
2022-03-28 13:34:44,540.2647764110651
2022-03-28 13:34:49,538.74
2022-03-28 13:34:54,538.74
2022-03-28 13:34:59,538.74
2022-03-28 13:35:04,538.68
2022-03-28 13:35:09,538.68
2022-03-28 13:35:14,540.3263490443447
2022-03-28 13:35:19,538.68
2022-03-28 13:35:24,540.3468732554379
2022-03-28 13:35:29,538.61
2022-03-28 13:35:34,538.58
2022-03-28 13:35:39,538.58
2022-03-28 13:35:44,538.52
2022-03-28 13:35:49,540.3981837831709
2022-03-28 13:35:54,538.45
2022-03-28 13:35:59,538.45
2022-03-28 13:36:04,540.4289700998106
2022-03-28 13:36:09,538.29
2022-03-28 13:36:14,538.23
2022-03-28 13:36:19,540.4597564164504
2022-03-28 13:36:24,540.4700185219971
2022-03-28 13:36:29,538.0
2022-03-28 13:36:34,537.94
2022-03-28 13:36:39,537.88
2022-03-28 13:36:44,537.81
2022-03-28 13:36:49,537.71
2022-03-28 13:36:54,537.65
2022-03-28 13:36:59,537.49
2022-03-28 13:37:04,540.5521153663698
2022-03-28 13:37:09,540.5623774719164
2022-03-28 13:37:14,537.27
2022-03-28 13:37:19,537.14
2022-03-28 13:37:24,540.5931637885561
2022-03-28 13:37:29,536.98
2022-03-28 13:37:34,540.6136879996494
2022-03-28 13:37:39,536.79
2022-03-28 13:37:44,536.76
2022-03-28 13:37:49,536.63
2022-03-28 13:37:54,540.6547364218358
2022-03-28 13:37:59,536.41
2022-03-28 13:38:04,540.6752606329289
2022-03-28 13:38:09,540.6855227384756
2022-03-28 13:38:14,540.6957848440221
2022-03-28 13:38:19,536.02
2022-03-28 13:38:24,535.89
2022-03-28 13:38:29,535.76
2022-03-28 13:38:34,540.7368332662085
2022-03-28 13:38:39,540.7470953717551
2022-03-28 13:38:44,540.7573574773018
2022-03-28 13:38:49,535.32
2022-03-28 13:38:54,535.25
2022-03-28 13:38:59,535.09
2022-03-28 13:39:04,540.7984058994881
2022-03-28 13:39:09,534.93
2022-03-28 13:39:14,540.8189301105813
2022-03-28 13:39:19,534.64
2022-03-28 13:39:24,540.8394543216745
2022-03-28 13:39:29,534.48
2022-03-28 13:39:34,534.35
2022-03-28 13:39:39,534.23
2022-03-28 13:39:44,540.8805027438608
2022-03-28 13:39:49,533.97
2022-03-28 13:39:54,533.84
2022-03-28 13:39:59,533.71
2022-03-28 13:40:04,540.9215511660473
2022-03-28 13:40:09,533.48
2022-03-28 13:40:14,540.9420753771404
2022-03-28 13:40:19,533.2
2022-03-28 13:40:24,540.9625995882336
2022-03-28 13:40:29,532.97
2022-03-28 13:40:34,540.9831237993268
2022-03-28 13:40:39,532.74
2022-03-28 13:40:44,532.68
2022-03-28 13:40:49,541.0139101159666
2022-03-28 13:40:54,532.52
2022-03-28 13:40:59,532.42
2022-03-28 13:41:04,541.0446964326063
2022-03-28 13:41:09,532.17
2022-03-28 13:41:14,532.07
2022-03-28 13:41:19,532.0
2022-03-28 13:41:24,531.91
2022-03-28 13:41:29,541.0960069603393
2022-03-28 13:41:34,531.71
2022-03-28 13:41:39,531.62
2022-03-28 13:41:44,541.1267932769791
2022-03-28 13:41:49,531.56
2022-03-28 13:41:54,531.42
2022-03-28 13:41:59,531.39
2022-03-28 13:42:04,531.32
2022-03-28 13:42:09,531.26
2022-03-28 13:42:14,531.26
2022-03-28 13:42:19,531.2
2022-03-28 13:42:24,541.2088901213519
2022-03-28 13:42:29,541.2191522268985
2022-03-28 13:42:34,531.13
2022-03-28 13:42:39,541.2396764379916
2022-03-28 13:42:44,531.1
2022-03-28 13:42:49,531.1
2022-03-28 13:42:54,531.03
2022-03-28 13:42:59,531.03
2022-03-28 13:43:04,531.03
2022-03-28 13:43:09,531.03
2022-03-28 13:43:14,531.03
2022-03-28 13:43:19,530.97
2022-03-28 13:43:24,530.96
2022-03-28 13:43:29,541.3422974934576
2022-03-28 13:43:34,530.96
2022-03-28 13:43:39,530.96
2022-03-28 13:43:44,530.96
2022-03-28 13:43:49,530.96
2022-03-28 13:43:54,531.02
2022-03-28 13:43:59,531.02
2022-03-28 13:44:04,531.02
2022-03-28 13:44:09,531.02
2022-03-28 13:44:14,541.2318015892063
2022-03-28 13:44:19,531.09
2022-03-28 13:44:24,531.08
2022-03-28 13:44:29,531.08
2022-03-28 13:44:34,531.08
2022-03-28 13:44:39,531.12
2022-03-28 13:44:44,531.11
2022-03-28 13:44:49,531.11
2022-03-28 13:44:54,531.18
2022-03-28 13:44:59,531.18
2022-03-28 13:45:04,531.24
2022-03-28 13:45:09,541.034244473798
2022-03-28 13:45:14,531.24
2022-03-28 13:45:19,531.3
2022-03-28 13:45:24,540.9803652605049
2022-03-28 13:45:29,531.37
2022-03-28 13:45:34,531.37
2022-03-28 13:45:39,531.37
2022-03-28 13:45:44,531.4
2022-03-28 13:45:49,531.4
2022-03-28 13:45:54,531.4
2022-03-28 13:45:59,531.4
2022-03-28 13:46:04,540.8366873583898
2022-03-28 13:46:09,531.46
2022-03-28 13:46:14,540.800767882861
2022-03-28 13:46:19,531.53
2022-03-28 13:46:24,540.7648484073322
2022-03-28 13:46:29,531.53
2022-03-28 13:46:34,540.7289289318035
2022-03-28 13:46:39,531.53
2022-03-28 13:46:44,531.59
2022-03-28 13:46:49,531.53
2022-03-28 13:46:54,540.6570899807459
2022-03-28 13:46:59,531.59
2022-03-28 13:47:04,531.53
2022-03-28 13:47:09,531.53
2022-03-28 13:47:14,540.5852510296884
2022-03-28 13:47:19,531.59
2022-03-28 13:47:24,531.59
2022-03-28 13:47:29,531.6
2022-03-28 13:47:34,540.5134120786308
2022-03-28 13:47:39,540.4954523408664
2022-03-28 13:47:44,531.6
2022-03-28 13:47:49,531.53
2022-03-28 13:47:54,531.6
2022-03-28 13:47:59,540.4236133898089
2022-03-28 13:48:04,531.53
2022-03-28 13:48:09,540.3876939142801
2022-03-28 13:48:14,531.53
2022-03-28 13:48:19,540.3517744387514
2022-03-28 13:48:24,531.53
2022-03-28 13:48:29,540.3158549632226
2022-03-28 13:48:34,531.53
2022-03-28 13:48:39,540.2799354876938
2022-03-28 13:48:44,531.47
2022-03-28 13:48:49,531.41
2022-03-28 13:48:54,540.2260562744007
2022-03-28 13:48:59,540.2080965366363
2022-03-28 13:49:04,540.1901367988719
2022-03-28 13:49:09,531.38
2022-03-28 13:49:14,531.41
2022-03-28 13:49:19,540.1362575855787
2022-03-28 13:49:24,531.32
2022-03-28 13:49:29,531.32
2022-03-28 13:49:34,531.32
2022-03-28 13:49:39,531.32
2022-03-28 13:49:44,540.0464588967568
2022-03-28 13:49:49,531.32
2022-03-28 13:49:54,540.010539421228
2022-03-28 13:49:59,531.26
2022-03-28 13:50:04,531.26
2022-03-28 13:50:09,539.9566602079349
2022-03-28 13:50:14,531.19
2022-03-28 13:50:19,539.9207407324061
2022-03-28 13:50:24,531.13
2022-03-28 13:50:29,539.8848212568773
2022-03-28 13:50:34,531.13
2022-03-28 13:50:39,539.8489017813486
2022-03-28 13:50:44,539.8309420435842
2022-03-28 13:50:49,539.8129823058198
2022-03-28 13:50:54,539.7950225680554
2022-03-28 13:50:59,531.2
2022-03-28 13:51:04,531.13
2022-03-28 13:51:09,531.13
2022-03-28 13:51:14,531.2
2022-03-28 13:51:19,531.2
2022-03-28 13:51:24,531.2
2022-03-28 13:51:29,531.2
2022-03-28 13:51:34,539.6513446659403
2022-03-28 13:51:39,531.26
2022-03-28 13:51:44,531.26
2022-03-28 13:51:49,539.5974654526472
2022-03-28 13:51:54,531.26
2022-03-28 13:51:59,539.5615459771184
2022-03-28 13:52:04,531.32
2022-03-28 13:52:09,531.39
2022-03-28 13:52:14,539.5076667638252
2022-03-28 13:52:19,539.4897070260608
2022-03-28 13:52:24,531.39
2022-03-28 13:52:29,531.42
2022-03-28 13:52:34,531.42
2022-03-28 13:52:39,539.4178680750033
2022-03-28 13:52:44,531.42
2022-03-28 13:52:49,531.48
2022-03-28 13:52:54,539.3639888617101
2022-03-28 13:52:59,539.3460291239458
2022-03-28 13:53:04,531.55
2022-03-28 13:53:09,531.61
2022-03-28 13:53:14,531.61
2022-03-28 13:53:19,531.64
2022-03-28 13:53:24,539.2562304351238
2022-03-28 13:53:29,531.65
2022-03-28 13:53:34,539.220310959595
2022-03-28 13:53:39,539.2023512218307
2022-03-28 13:53:44,531.71
2022-03-28 13:53:49,539.1664317463019
2022-03-28 13:53:54,539.1484720085376
2022-03-28 13:53:59,531.7
2022-03-28 13:54:04,539.1125525330087
2022-03-28 13:54:09,539.0945927952444
2022-03-28 13:54:14,531.77
2022-03-28 13:54:19,531.77
2022-03-28 13:54:24,539.0407135819512
2022-03-28 13:54:29,531.77
2022-03-28 13:54:34,531.77
2022-03-28 13:54:39,531.83
2022-03-28 13:54:44,531.83
2022-03-28 13:54:49,538.9509148931293
2022-03-28 13:54:54,531.92
2022-03-28 13:54:59,531.92
2022-03-28 13:55:04,531.99
2022-03-28 13:55:09,532.05
2022-03-28 13:55:14,532.05
2022-03-28 13:55:19,532.14
2022-03-28 13:55:24,538.8251967287786
2022-03-28 13:55:29,538.8072369910142
2022-03-28 13:55:34,532.33
2022-03-28 13:55:39,538.7713175154854
2022-03-28 13:55:44,532.43
2022-03-28 13:55:49,538.7353980399567
2022-03-28 13:55:54,532.56
2022-03-28 13:55:59,538.6994785644279
2022-03-28 13:56:04,532.62
2022-03-28 13:56:09,538.6635590888992
2022-03-28 13:56:14,532.78
2022-03-28 13:56:19,532.78
2022-03-28 13:56:24,532.91
2022-03-28 13:56:29,532.94
2022-03-28 13:56:34,533.01
2022-03-28 13:56:39,533.14
2022-03-28 13:56:44,533.17
2022-03-28 13:56:49,533.3
2022-03-28 13:56:54,538.5019214490197
2022-03-28 13:56:59,533.43
2022-03-28 13:57:04,533.52
2022-03-28 13:57:09,533.59
2022-03-28 13:57:14,538.4300824979622
2022-03-28 13:57:19,533.69
2022-03-28 13:57:24,533.75
2022-03-28 13:57:29,533.75
2022-03-28 13:57:34,533.88
2022-03-28 13:57:39,538.3402838091401
2022-03-28 13:57:44,533.94
2022-03-28 13:57:49,534.04
2022-03-28 13:57:54,534.04
2022-03-28 13:57:59,534.04
2022-03-28 13:58:04,534.04
2022-03-28 13:58:09,534.17
2022-03-28 13:58:14,534.1
2022-03-28 13:58:19,534.17
2022-03-28 13:58:24,534.17
2022-03-28 13:58:29,534.17
2022-03-28 13:58:34,534.17
2022-03-28 13:58:39,534.2
2022-03-28 13:58:44,534.2
2022-03-28 13:58:49,534.17
2022-03-28 13:58:54,538.0805137505477
2022-03-28 13:58:59,538.0632352994901
2022-03-28 13:59:04,534.17
2022-03-28 13:59:09,538.028678397375
2022-03-28 13:59:14,538.0113999463174
2022-03-28 13:59:19,534.17
2022-03-28 13:59:24,534.11
2022-03-28 13:59:29,537.9595645931447
2022-03-28 13:59:34,534.05
2022-03-28 13:59:39,534.05
2022-03-28 13:59:44,533.98
2022-03-28 13:59:49,537.8904507889144
2022-03-28 13:59:54,533.95
2022-03-28 13:59:59,533.95
2022-03-28 14:00:04,533.96
2022-03-28 14:00:09,537.8213369846842
2022-03-28 14:00:14,533.89
2022-03-28 14:00:19,537.7867800825691
2022-03-28 14:00:24,533.96
2022-03-28 14:00:29,533.89
2022-03-28 14:00:34,533.96
2022-03-28 14:00:39,537.7176662783388
2022-03-28 14:00:44,537.7003878272812
2022-03-28 14:00:49,533.96
2022-03-28 14:00:54,533.99
2022-03-28 14:00:59,537.6485524741086
2022-03-28 14:01:04,534.06
2022-03-28 14:01:09,537.6139955719934
2022-03-28 14:01:14,534.06
2022-03-28 14:01:19,534.13
2022-03-28 14:01:24,534.13
2022-03-28 14:01:29,537.5448817677632
2022-03-28 14:01:34,534.22
2022-03-28 14:01:39,534.29
2022-03-28 14:01:44,534.35
2022-03-28 14:01:49,537.4757679635329
2022-03-28 14:01:54,534.35
2022-03-28 14:01:59,534.48
2022-03-28 14:02:04,534.42
2022-03-28 14:02:09,534.48
2022-03-28 14:02:14,534.52
2022-03-28 14:02:19,534.64
2022-03-28 14:02:24,534.64
2022-03-28 14:02:29,534.74
2022-03-28 14:02:34,537.3202619040148
2022-03-28 14:02:39,537.3029834529573
2022-03-28 14:02:44,534.87
2022-03-28 14:02:49,537.2684265508422
2022-03-28 14:02:54,535.0
2022-03-28 14:02:59,535.03
2022-03-28 14:03:04,535.09
2022-03-28 14:03:09,535.16
2022-03-28 14:03:14,535.16
2022-03-28 14:03:19,535.22
2022-03-28 14:03:24,537.1474773934392
2022-03-28 14:03:29,535.32
2022-03-28 14:03:34,535.32
2022-03-28 14:03:39,535.38
2022-03-28 14:03:44,535.45
2022-03-28 14:03:49,537.0610851381514
2022-03-28 14:03:54,535.51
2022-03-28 14:03:59,535.52
2022-03-28 14:04:04,535.54
2022-03-28 14:04:09,536.991971333921
2022-03-28 14:04:14,535.61
2022-03-28 14:04:19,535.67
2022-03-28 14:04:24,535.74
2022-03-28 14:04:29,536.9228575296909
2022-03-28 14:04:34,535.83
2022-03-28 14:04:39,535.83
2022-03-28 14:04:44,536.8710221765182
2022-03-28 14:04:49,535.96
2022-03-28 14:04:54,536.8364652744029
2022-03-28 14:04:59,536.06
2022-03-28 14:05:04,536.8019083722879
2022-03-28 14:05:09,536.19
2022-03-28 14:05:14,536.28
2022-03-28 14:05:19,536.35
2022-03-28 14:05:24,536.41
2022-03-28 14:05:29,536.47
2022-03-28 14:05:34,536.53
2022-03-28 14:05:39,536.57
2022-03-28 14:05:44,536.63
2022-03-28 14:05:49,536.6464023127697
2022-03-28 14:05:54,536.79
2022-03-28 14:05:59,536.6118454106546
2022-03-28 14:06:04,536.594566959597
2022-03-28 14:06:09,536.92
2022-03-28 14:06:14,536.5600100574819
2022-03-28 14:06:19,536.5427316064244
2022-03-28 14:06:24,536.5254531553668
2022-03-28 14:06:29,537.21
2022-03-28 14:06:34,537.21
2022-03-28 14:06:39,537.3
2022-03-28 14:06:44,536.4563393511365
2022-03-28 14:06:49,537.37
2022-03-28 14:06:54,537.49
2022-03-28 14:06:59,537.56
2022-03-28 14:07:04,537.49
2022-03-28 14:07:09,536.3699470958487
2022-03-28 14:07:14,537.65
2022-03-28 14:07:19,536.3353901937336
2022-03-28 14:07:24,537.78
2022-03-28 14:07:29,536.3008332916185
2022-03-28 14:07:34,536.2835548405609
2022-03-28 14:07:39,537.94
2022-03-28 14:07:44,536.2489979384458
2022-03-28 14:07:49,538.07
2022-03-28 14:07:54,538.1
2022-03-28 14:07:59,536.1971625852731
2022-03-28 14:08:04,536.1798841342155
2022-03-28 14:08:09,536.162605683158
2022-03-28 14:08:14,538.33
2022-03-28 14:08:19,536.1280487810428
2022-03-28 14:08:24,538.33
2022-03-28 14:08:29,538.33
2022-03-28 14:08:34,538.4
2022-03-28 14:08:39,538.4
2022-03-28 14:08:44,536.041656525755
2022-03-28 14:08:49,538.46
2022-03-28 14:08:54,538.52
2022-03-28 14:08:59,538.46
2022-03-28 14:09:04,535.9725427215247
2022-03-28 14:09:09,538.53
2022-03-28 14:09:14,535.9379858194096
2022-03-28 14:09:19,538.46
2022-03-28 14:09:24,538.53
2022-03-28 14:09:29,538.53
2022-03-28 14:09:34,538.53
2022-03-28 14:09:39,535.8515935641218
2022-03-28 14:09:44,538.59
2022-03-28 14:09:49,535.8170366620067
2022-03-28 14:09:54,538.53
2022-03-28 14:09:59,538.53
2022-03-28 14:10:04,535.7652013088339
2022-03-28 14:10:09,535.7479228577764
2022-03-28 14:10:14,538.53
2022-03-28 14:10:19,535.7133659556613
2022-03-28 14:10:24,538.47
2022-03-28 14:10:29,535.6788090535462
2022-03-28 14:10:34,538.47
2022-03-28 14:10:39,535.6442521514309
2022-03-28 14:10:44,535.6269737003735
2022-03-28 14:10:49,538.47
2022-03-28 14:10:54,538.47
2022-03-28 14:10:59,538.47
2022-03-28 14:11:04,535.5578598961431
2022-03-28 14:11:09,538.34
2022-03-28 14:11:14,538.35
2022-03-28 14:11:19,538.35
2022-03-28 14:11:24,538.32
2022-03-28 14:11:29,538.31
2022-03-28 14:11:34,538.25
2022-03-28 14:11:39,538.25
2022-03-28 14:11:44,535.4196322876826
2022-03-28 14:11:49,538.19
2022-03-28 14:11:54,538.13
2022-03-28 14:11:59,538.13
2022-03-28 14:12:04,538.13
2022-03-28 14:12:09,535.4568457482412
2022-03-28 14:12:14,538.13
2022-03-28 14:12:19,538.1
2022-03-28 14:12:24,535.4961101846802
2022-03-28 14:12:29,535.50919833016
2022-03-28 14:12:34,538.1
2022-03-28 14:12:39,535.5353746211192
2022-03-28 14:12:44,538.13
2022-03-28 14:12:49,535.5615509120787
2022-03-28 14:12:54,535.5746390575583
2022-03-28 14:12:59,538.2
2022-03-28 14:13:04,538.13
2022-03-28 14:13:09,538.13
2022-03-28 14:13:14,538.2
2022-03-28 14:13:19,538.14
2022-03-28 14:13:24,538.2
2022-03-28 14:13:29,538.2
2022-03-28 14:13:34,538.2
2022-03-28 14:13:39,538.2
2022-03-28 14:13:44,535.7055205123552
2022-03-28 14:13:49,538.26
2022-03-28 14:13:54,538.2
2022-03-28 14:13:59,535.7447849487942
2022-03-28 14:14:04,535.7578730942739
2022-03-28 14:14:09,535.7709612397537
2022-03-28 14:14:14,535.7840493852333
2022-03-28 14:14:19,535.7971375307129
2022-03-28 14:14:24,538.43
2022-03-28 14:14:29,538.42
2022-03-28 14:14:34,538.43
2022-03-28 14:14:39,538.49
2022-03-28 14:14:44,535.8625782581114
2022-03-28 14:14:49,538.55
2022-03-28 14:14:54,538.62
2022-03-28 14:14:59,538.62
2022-03-28 14:15:04,538.65
2022-03-28 14:15:09,538.65
2022-03-28 14:15:14,535.9411071309895
2022-03-28 14:15:19,538.78
2022-03-28 14:15:24,538.77
2022-03-28 14:15:29,538.84
2022-03-28 14:15:34,538.87
2022-03-28 14:15:39,538.84
2022-03-28 14:15:44,536.0196360038676
2022-03-28 14:15:49,538.87
2022-03-28 14:15:54,538.93
2022-03-28 14:15:59,538.94
2022-03-28 14:16:04,536.0719885857864
2022-03-28 14:16:09,539.0
2022-03-28 14:16:14,539.06
2022-03-28 14:16:19,536.1112530222254
2022-03-28 14:16:24,536.1243411677051
2022-03-28 14:16:29,539.06
2022-03-28 14:16:34,539.06
2022-03-28 14:16:39,539.12
2022-03-28 14:16:44,539.12
2022-03-28 14:16:49,536.1897818951035
2022-03-28 14:16:54,539.12
2022-03-28 14:16:59,536.2159581860628
2022-03-28 14:17:04,539.06
2022-03-28 14:17:09,539.12
2022-03-28 14:17:14,539.05
2022-03-28 14:17:19,536.2683107679816
2022-03-28 14:17:24,539.05
2022-03-28 14:17:29,539.05
2022-03-28 14:17:34,538.99
2022-03-28 14:17:39,538.99
2022-03-28 14:17:44,538.92
2022-03-28 14:17:49,536.3468396408597
2022-03-28 14:17:54,538.86
2022-03-28 14:17:59,538.86
2022-03-28 14:18:04,538.82
2022-03-28 14:18:09,538.76
2022-03-28 14:18:14,538.69
2022-03-28 14:18:19,538.63
2022-03-28 14:18:24,538.6
2022-03-28 14:18:29,538.53
2022-03-28 14:18:34,536.4646329501769
2022-03-28 14:18:39,536.4777210956565
2022-03-28 14:18:44,538.31
2022-03-28 14:18:49,538.18
2022-03-28 14:18:54,538.08
2022-03-28 14:18:59,537.95
2022-03-28 14:19:04,537.82
2022-03-28 14:19:09,537.73
2022-03-28 14:19:14,537.6
2022-03-28 14:19:19,537.5
2022-03-28 14:19:24,536.5955144049738
2022-03-28 14:19:29,537.28
2022-03-28 14:19:34,536.6216906959331
2022-03-28 14:19:39,537.05
2022-03-28 14:19:44,536.85
2022-03-28 14:19:49,536.79
2022-03-28 14:19:54,536.7
2022-03-28 14:19:59,536.53
2022-03-28 14:20:04,536.47
2022-03-28 14:20:09,536.34
2022-03-28 14:20:14,536.24
2022-03-28 14:20:19,536.12
2022-03-28 14:20:24,536.75257215073
2022-03-28 14:20:29,536.7656602962096
2022-03-28 14:20:34,536.7787484416893
2022-03-28 14:20:39,535.76
2022-03-28 14:20:44,535.73
2022-03-28 14:20:49,535.67
2022-03-28 14:20:54,536.8311010236081
2022-03-28 14:20:59,535.54
2022-03-28 14:21:04,536.8572773145673
2022-03-28 14:21:09,535.51
2022-03-28 14:21:14,536.8834536055268
2022-03-28 14:21:19,535.32
2022-03-28 14:21:24,536.9096298964862
2022-03-28 14:21:29,535.25
2022-03-28 14:21:34,535.22
2022-03-28 14:21:39,535.16
2022-03-28 14:21:44,535.16
2022-03-28 14:21:49,535.09
2022-03-28 14:21:54,535.03
2022-03-28 14:21:59,535.03
2022-03-28 14:22:04,535.0
2022-03-28 14:22:09,535.0
2022-03-28 14:22:14,535.0
2022-03-28 14:22:19,534.94
2022-03-28 14:22:24,534.94
2022-03-28 14:22:29,534.94
2022-03-28 14:22:34,534.94
2022-03-28 14:22:39,534.94
2022-03-28 14:22:44,534.88
2022-03-28 14:22:49,534.88
2022-03-28 14:22:54,537.1452165151204
2022-03-28 14:22:59,537.1583046606002
2022-03-28 14:23:04,534.88
2022-03-28 14:23:09,534.82
2022-03-28 14:23:14,534.82
2022-03-28 14:23:19,534.88
2022-03-28 14:23:24,537.2237453879985
2022-03-28 14:23:29,534.82
2022-03-28 14:23:34,534.82
2022-03-28 14:23:39,534.76
2022-03-28 14:23:44,537.2760979699173
2022-03-28 14:23:49,537.289186115397
2022-03-28 14:23:54,534.76
2022-03-28 14:23:59,537.3153624063564
2022-03-28 14:24:04,534.76
2022-03-28 14:24:09,534.73
2022-03-28 14:24:14,537.3546268427954
2022-03-28 14:24:19,534.73
2022-03-28 14:24:24,534.73
2022-03-28 14:24:29,537.3938912792345
2022-03-28 14:24:34,534.73
2022-03-28 14:24:39,537.4200675701939
2022-03-28 14:24:44,534.66
2022-03-28 14:24:49,534.66
2022-03-28 14:24:54,534.66
2022-03-28 14:24:59,534.66
2022-03-28 14:25:04,534.66
2022-03-28 14:25:09,537.498596443072
2022-03-28 14:25:14,534.6
2022-03-28 14:25:19,534.6
2022-03-28 14:25:24,534.6
2022-03-28 14:25:29,534.53
2022-03-28 14:25:34,534.6
2022-03-28 14:25:39,537.5771253159501
2022-03-28 14:25:44,537.5902134614297
2022-03-28 14:25:49,534.53
2022-03-28 14:25:54,534.53
2022-03-28 14:25:59,537.624912084571
2022-03-28 14:26:04,537.633487404915
2022-03-28 14:26:09,534.43
2022-03-28 14:26:14,534.44
2022-03-28 14:26:19,534.44
2022-03-28 14:26:24,534.37
2022-03-28 14:26:29,537.6763640066347
2022-03-28 14:26:34,534.37
2022-03-28 14:26:39,534.37
2022-03-28 14:26:44,534.3
2022-03-28 14:26:49,534.3
2022-03-28 14:26:54,534.24
2022-03-28 14:26:59,537.7278159286984
2022-03-28 14:27:04,534.24
2022-03-28 14:27:09,534.24
2022-03-28 14:27:14,534.2
2022-03-28 14:27:19,534.24
2022-03-28 14:27:24,537.7706925304183
2022-03-28 14:27:29,537.7792678507623
2022-03-28 14:27:34,534.24
2022-03-28 14:27:39,537.7964184914501
2022-03-28 14:27:44,534.23
2022-03-28 14:27:49,534.3
2022-03-28 14:27:54,537.822144452482
2022-03-28 14:27:59,537.830719772826
2022-03-28 14:28:04,534.36
2022-03-28 14:28:09,534.36
2022-03-28 14:28:14,534.43
2022-03-28 14:28:19,534.43
2022-03-28 14:28:24,537.8735963745457
2022-03-28 14:28:29,537.8821716948897
2022-03-28 14:28:34,534.52
2022-03-28 14:28:39,537.8993223355776
2022-03-28 14:28:44,537.9078976559216
2022-03-28 14:28:49,534.71
2022-03-28 14:28:54,534.74
2022-03-28 14:28:59,534.81
2022-03-28 14:29:04,534.87
2022-03-28 14:29:09,534.94
2022-03-28 14:29:14,535.03
2022-03-28 14:29:19,537.9679248983293
2022-03-28 14:29:24,535.16
2022-03-28 14:29:29,537.9850755390172
2022-03-28 14:29:34,535.26
2022-03-28 14:29:39,538.0022261797052
2022-03-28 14:29:44,535.45
2022-03-28 14:29:49,535.51
2022-03-28 14:29:54,535.55
2022-03-28 14:29:59,538.0365274610809
2022-03-28 14:30:04,535.67
2022-03-28 14:30:09,538.0536781017689
2022-03-28 14:30:14,535.84
2022-03-28 14:30:19,538.0708287424568
2022-03-28 14:30:24,535.9
2022-03-28 14:30:29,538.0879793831448
2022-03-28 14:30:34,536.06
2022-03-28 14:30:39,538.1051300238327
2022-03-28 14:30:44,536.19
2022-03-28 14:30:49,536.29
2022-03-28 14:30:54,536.35
2022-03-28 14:30:59,538.1394313052085
2022-03-28 14:31:04,536.48
2022-03-28 14:31:09,536.55
2022-03-28 14:31:14,536.64
2022-03-28 14:31:19,536.71
2022-03-28 14:31:24,536.77
2022-03-28 14:31:29,536.81
2022-03-28 14:31:34,536.87
2022-03-28 14:31:39,536.94
2022-03-28 14:31:44,538.2166091883041
2022-03-28 14:31:49,537.07
2022-03-28 14:31:54,537.1
2022-03-28 14:31:59,537.1
2022-03-28 14:32:04,537.16
2022-03-28 14:32:09,538.2594857900239
2022-03-28 14:32:14,537.33
2022-03-28 14:32:19,537.33
2022-03-28 14:32:24,537.39
2022-03-28 14:32:29,538.2937870713997
2022-03-28 14:32:34,537.46
2022-03-28 14:32:39,537.46
2022-03-28 14:32:44,538.3195130324316
2022-03-28 14:32:49,538.3280883527756
2022-03-28 14:32:54,537.62
2022-03-28 14:32:59,537.62
2022-03-28 14:33:04,538.3538143138074
2022-03-28 14:33:09,537.62
2022-03-28 14:33:14,538.3709649544953
2022-03-28 14:33:19,537.75
2022-03-28 14:33:24,537.75
2022-03-28 14:33:29,537.75
2022-03-28 14:33:34,537.75
2022-03-28 14:33:39,537.75
2022-03-28 14:33:44,538.4224168765592
2022-03-28 14:33:49,537.76
2022-03-28 14:33:54,537.82
2022-03-28 14:33:59,537.76
2022-03-28 14:34:04,538.4567181579349
2022-03-28 14:34:09,537.76
2022-03-28 14:34:14,537.7
2022-03-28 14:34:19,537.63
2022-03-28 14:34:24,538.4910194393108
2022-03-28 14:34:29,537.6
2022-03-28 14:34:34,538.5081700799988
2022-03-28 14:34:39,537.54
2022-03-28 14:34:44,537.41
2022-03-28 14:34:49,537.41
2022-03-28 14:34:54,538.5424713613745
2022-03-28 14:34:59,537.25
2022-03-28 14:35:04,537.12
2022-03-28 14:35:09,537.09
2022-03-28 14:35:14,537.02
2022-03-28 14:35:19,536.9
2022-03-28 14:35:24,536.83
2022-03-28 14:35:29,538.6024986037822
2022-03-28 14:35:34,538.6110739241262
2022-03-28 14:35:39,536.61
2022-03-28 14:35:44,536.58
2022-03-28 14:35:49,538.6367998851581
2022-03-28 14:35:54,536.45
2022-03-28 14:35:59,536.38
2022-03-28 14:36:04,536.38
2022-03-28 14:36:09,536.28
2022-03-28 14:36:14,536.29
2022-03-28 14:36:19,538.6882518072218
2022-03-28 14:36:24,536.16
2022-03-28 14:36:29,536.16
2022-03-28 14:36:34,536.09
2022-03-28 14:36:39,536.06
2022-03-28 14:36:44,536.0
2022-03-28 14:36:49,538.7397037292856
2022-03-28 14:36:54,538.7482790496296
2022-03-28 14:36:59,535.87
2022-03-28 14:37:04,535.87
2022-03-28 14:37:09,535.8
2022-03-28 14:37:14,538.7825803310054
2022-03-28 14:37:19,535.71
2022-03-28 14:37:24,535.58
2022-03-28 14:37:29,535.58
2022-03-28 14:37:34,535.54
2022-03-28 14:37:39,535.41
2022-03-28 14:37:44,535.35
2022-03-28 14:37:49,538.8426075734131
2022-03-28 14:37:54,538.851182893757
2022-03-28 14:37:59,535.12
2022-03-28 14:38:04,538.868333534445
2022-03-28 14:38:09,535.03
2022-03-28 14:38:14,534.9
2022-03-28 14:38:19,538.8940594954769
2022-03-28 14:38:24,534.77
2022-03-28 14:38:29,534.74
2022-03-28 14:38:34,538.9197854565087
2022-03-28 14:38:39,538.9283607768527
2022-03-28 14:38:44,538.9369360971966
2022-03-28 14:38:49,534.44
2022-03-28 14:38:54,534.44
2022-03-28 14:38:59,534.38
2022-03-28 14:39:04,538.9712373785725
2022-03-28 14:39:09,534.22
2022-03-28 14:39:14,534.15
2022-03-28 14:39:19,534.09
2022-03-28 14:39:24,539.0055386599483
2022-03-28 14:39:29,539.0141139802922
2022-03-28 14:39:34,533.92
2022-03-28 14:39:39,533.86
2022-03-28 14:39:44,533.8
2022-03-28 14:39:49,533.7
2022-03-28 14:39:54,539.0569905820121
2022-03-28 14:39:59,533.5
2022-03-28 14:40:04,533.47
2022-03-28 14:40:09,533.34
2022-03-28 14:40:14,539.0737981740676
2022-03-28 14:40:19,533.18
2022-03-28 14:40:24,539.0791008687746
2022-03-28 14:40:29,532.99
2022-03-28 14:40:34,532.83
2022-03-28 14:40:39,532.76
2022-03-28 14:40:44,532.66
2022-03-28 14:40:49,532.54
2022-03-28 14:40:54,532.47
2022-03-28 14:40:59,532.37
2022-03-28 14:41:04,532.25
2022-03-28 14:41:09,532.18
2022-03-28 14:41:14,532.09
2022-03-28 14:41:19,539.1082656896629
2022-03-28 14:41:24,531.86
2022-03-28 14:41:29,531.8
2022-03-28 14:41:34,531.67
2022-03-28 14:41:39,531.63
2022-03-28 14:41:44,531.51
2022-03-28 14:41:49,539.1241737737838
2022-03-28 14:41:54,531.34
2022-03-28 14:41:59,539.1294764684908
2022-03-28 14:42:04,531.22
2022-03-28 14:42:09,539.1347791631977
2022-03-28 14:42:14,530.99
2022-03-28 14:42:19,539.1400818579046
2022-03-28 14:42:24,530.83
2022-03-28 14:42:29,539.1453845526116
2022-03-28 14:42:34,530.64
2022-03-28 14:42:39,539.1506872473186
2022-03-28 14:42:44,539.153338594672
2022-03-28 14:42:49,530.38
2022-03-28 14:42:54,530.32
2022-03-28 14:42:59,539.1612926367325
2022-03-28 14:43:04,530.09
2022-03-28 14:43:09,530.03
2022-03-28 14:43:14,529.9
2022-03-28 14:43:19,529.87
2022-03-28 14:43:24,529.74
2022-03-28 14:43:29,539.1772007208533
2022-03-28 14:43:34,529.61
2022-03-28 14:43:39,529.58
2022-03-28 14:43:44,529.52
2022-03-28 14:43:49,529.52
2022-03-28 14:43:54,529.39
2022-03-28 14:43:59,539.1931088049743
2022-03-28 14:44:04,529.39
2022-03-28 14:44:09,539.1984114996812
2022-03-28 14:44:14,529.36
2022-03-28 14:44:19,529.36
2022-03-28 14:44:24,529.36
2022-03-28 14:44:29,529.3
2022-03-28 14:44:34,529.23
2022-03-28 14:44:39,529.23
2022-03-28 14:44:44,529.23
2022-03-28 14:44:49,539.2196222785091
2022-03-28 14:44:54,529.17
2022-03-28 14:44:59,539.2249249732159
2022-03-28 14:45:04,529.11
2022-03-28 14:45:09,529.11
2022-03-28 14:45:14,529.11
2022-03-28 14:45:19,529.11
2022-03-28 14:45:24,539.2381817099833
2022-03-28 14:45:29,539.2408330573369
2022-03-28 14:45:34,529.11
2022-03-28 14:45:39,529.11
2022-03-28 14:45:44,529.11
2022-03-28 14:45:49,529.11
2022-03-28 14:45:54,539.2540897941043
2022-03-28 14:45:59,529.11
2022-03-28 14:46:04,529.11
2022-03-28 14:46:09,529.08
2022-03-28 14:46:14,529.08
2022-03-28 14:46:19,529.08
2022-03-28 14:46:24,529.11
2022-03-28 14:46:29,539.2726492255786
2022-03-28 14:46:34,539.2753005729321
2022-03-28 14:46:39,529.11
2022-03-28 14:46:44,529.18
2022-03-28 14:46:49,539.2832546149925
2022-03-28 14:46:54,529.18
2022-03-28 14:46:59,539.2885573096995
2022-03-28 14:47:04,539.291208657053
2022-03-28 14:47:09,539.2938600044065
2022-03-28 14:47:14,529.3
2022-03-28 14:47:19,539.2991626991134
2022-03-28 14:47:24,529.31
2022-03-28 14:47:29,539.3044653938204
2022-03-28 14:47:34,539.3071167411738
2022-03-28 14:47:39,529.37
2022-03-28 14:47:44,529.4
2022-03-28 14:47:49,529.47
2022-03-28 14:47:54,529.47
2022-03-28 14:47:59,529.53
2022-03-28 14:48:04,529.53
2022-03-28 14:48:09,529.59
2022-03-28 14:48:14,539.3283275200017
2022-03-28 14:48:19,539.3309788673552
2022-03-28 14:48:24,529.62
2022-03-28 14:48:29,529.75
2022-03-28 14:48:34,529.82
2022-03-28 14:48:39,539.3415842567691
2022-03-28 14:48:44,539.3442356041226
2022-03-28 14:48:49,529.91
2022-03-28 14:48:54,539.3495382988295
2022-03-28 14:48:59,539.352189646183
2022-03-28 14:49:04,539.3548409935365
2022-03-28 14:49:09,530.2
2022-03-28 14:49:14,530.27
2022-03-28 14:49:19,539.362795035597
2022-03-28 14:49:24,539.3654463829504
2022-03-28 14:49:29,539.3680977303038
2022-03-28 14:49:34,530.62
2022-03-28 14:49:39,530.71
2022-03-28 14:49:44,539.3760517723643
2022-03-28 14:49:49,530.91
2022-03-28 14:49:54,530.93
2022-03-28 14:49:59,531.0
2022-03-28 14:50:04,539.3866571617782
2022-03-28 14:50:09,531.16
2022-03-28 14:50:14,539.3919598564852
2022-03-28 14:50:19,531.35
2022-03-28 14:50:24,531.35
2022-03-28 14:50:29,539.3999138985456
2022-03-28 14:50:34,531.57
2022-03-28 14:50:39,531.64
2022-03-28 14:50:44,531.67
2022-03-28 14:50:49,531.73
2022-03-28 14:50:54,531.86
2022-03-28 14:50:59,531.93
2022-03-28 14:51:04,531.96
2022-03-28 14:51:09,539.4211246773734
2022-03-28 14:51:14,539.423776024727
2022-03-28 14:51:19,539.4264273720804
2022-03-28 14:51:24,532.18
2022-03-28 14:51:29,532.18
2022-03-28 14:51:34,539.4343814141408
2022-03-28 14:51:39,532.31
2022-03-28 14:51:44,539.4396841088478
2022-03-28 14:51:49,532.44
2022-03-28 14:51:54,532.44
2022-03-28 14:51:59,539.4476381509082
2022-03-28 14:52:04,532.47
2022-03-28 14:52:09,539.4529408456152
2022-03-28 14:52:14,532.47
2022-03-28 14:52:19,532.54
2022-03-28 14:52:24,532.47
2022-03-28 14:52:29,539.4635462350291
2022-03-28 14:52:34,532.47
2022-03-28 14:52:39,532.47
2022-03-28 14:52:44,532.44
2022-03-28 14:52:49,532.47
2022-03-28 14:52:54,532.44
2022-03-28 14:52:59,532.44
2022-03-28 14:53:04,532.44
2022-03-28 14:53:09,539.484757013857
2022-03-28 14:53:14,539.4874083612104
2022-03-28 14:53:19,532.37
2022-03-28 14:53:24,532.37
2022-03-28 14:53:29,532.31
2022-03-28 14:53:34,532.31
2022-03-28 14:53:39,532.31
2022-03-28 14:53:44,539.5033164453313
2022-03-28 14:53:49,532.25
2022-03-28 14:53:54,532.25
2022-03-28 14:53:59,532.18
2022-03-28 14:54:04,532.15
2022-03-28 14:54:09,539.5457630452045
2022-03-28 14:54:14,532.15
2022-03-28 14:54:19,539.616343726988
2022-03-28 14:54:24,539.65163406788
2022-03-28 14:54:29,539.6869244087718
2022-03-28 14:54:34,532.02
2022-03-28 14:54:39,532.02
2022-03-28 14:54:44,539.7927954314472
2022-03-28 14:54:49,531.93
2022-03-28 14:54:54,539.8633761132309
2022-03-28 14:54:59,539.8986664541227
2022-03-28 14:55:04,531.8
2022-03-28 14:55:09,539.9692471359062
2022-03-28 14:55:14,540.0045374767981
2022-03-28 14:55:19,531.74
2022-03-28 14:55:24,531.68
2022-03-28 14:55:29,531.68
2022-03-28 14:55:34,531.68
2022-03-28 14:55:39,531.68
2022-03-28 14:55:44,531.68
2022-03-28 14:55:49,540.2515698630408
2022-03-28 14:55:54,540.2868602039326
2022-03-28 14:55:59,531.68
2022-03-28 14:56:04,531.68
2022-03-28 14:56:09,531.74
2022-03-28 14:56:14,531.75
2022-03-28 14:56:19,531.75
2022-03-28 14:56:24,531.81
2022-03-28 14:56:29,531.81
2022-03-28 14:56:34,540.5691829310672
2022-03-28 14:56:39,531.88
2022-03-28 14:56:44,531.88
2022-03-28 14:56:49,531.94
2022-03-28 14:56:54,540.7103442946345
2022-03-28 14:56:59,540.7456346355262
2022-03-28 14:57:04,540.7809249764181
2022-03-28 14:57:09,532.1
2022-03-28 14:57:14,540.8515056582017
2022-03-28 14:57:19,540.8867959990936
2022-03-28 14:57:24,532.17
2022-03-28 14:57:29,532.2
2022-03-28 14:57:34,540.992667021769
2022-03-28 14:57:39,541.0279573626608
2022-03-28 14:57:44,532.2
2022-03-28 14:57:49,532.26
2022-03-28 14:57:54,532.26
2022-03-28 14:57:59,532.27
2022-03-28 14:58:04,532.33
2022-03-28 14:58:09,532.26
2022-03-28 14:58:14,532.26
2022-03-28 14:58:19,532.33
2022-03-28 14:58:24,541.3455704306872
2022-03-28 14:58:29,532.33
2022-03-28 14:58:34,541.4161511124709
2022-03-28 14:58:39,532.33
2022-03-28 14:58:44,541.4867317942545
2022-03-28 14:58:49,532.26
2022-03-28 14:58:54,541.5573124760381
2022-03-28 14:58:59,532.26
2022-03-28 14:59:04,532.2
2022-03-28 14:59:09,532.19
2022-03-28 14:59:14,532.19
2022-03-28 14:59:19,541.7337641804972
2022-03-28 14:59:24,532.16
2022-03-28 14:59:29,532.03
2022-03-28 14:59:34,532.03
2022-03-28 14:59:39,531.97
2022-03-28 14:59:44,531.97
2022-03-28 14:59:49,541.9455062258481
2022-03-28 14:59:54,541.98079656674
2022-03-28 14:59:59,531.8
2022-03-28 15:00:04,531.74
2022-03-28 15:00:09,531.68
2022-03-28 15:00:14,542.1219579303072
2022-03-28 15:00:19,531.64
2022-03-28 15:00:24,542.1925386120909
2022-03-28 15:00:29,531.45
2022-03-28 15:00:34,542.2631192938745
2022-03-28 15:00:39,531.41
2022-03-28 15:00:44,542.3336999756582
2022-03-28 15:00:49,542.3689903165499
2022-03-28 15:00:54,531.22
2022-03-28 15:00:59,531.15
2022-03-28 15:01:04,531.12
2022-03-28 15:01:09,531.05
2022-03-28 15:01:14,530.92
2022-03-28 15:01:19,530.89
2022-03-28 15:01:24,542.6160227027927
2022-03-28 15:01:29,530.76
2022-03-28 15:01:34,530.7
2022-03-28 15:01:39,530.6
2022-03-28 15:01:44,542.75718406636
2022-03-28 15:01:49,530.41
2022-03-28 15:01:54,530.37
2022-03-28 15:01:59,530.24
2022-03-28 15:02:04,542.8983454299273
2022-03-28 15:02:09,530.08
2022-03-28 15:02:14,542.9689261117109
2022-03-28 15:02:19,543.0042164526027
2022-03-28 15:02:24,543.0395067934945
2022-03-28 15:02:29,543.0747971343864
2022-03-28 15:02:34,529.73
2022-03-28 15:02:39,529.66
2022-03-28 15:02:44,529.6
2022-03-28 15:02:49,529.56
2022-03-28 15:02:54,529.44
2022-03-28 15:02:59,543.2865391797372
2022-03-28 15:03:04,529.34
2022-03-28 15:03:09,529.21
2022-03-28 15:03:14,529.21
2022-03-28 15:03:19,529.08
2022-03-28 15:03:24,529.05
2022-03-28 15:03:29,543.4982812250881
2022-03-28 15:03:34,543.53357156598
2022-03-28 15:03:39,528.86
2022-03-28 15:03:44,528.82
2022-03-28 15:03:49,528.76
2022-03-28 15:03:54,543.6747329295473
2022-03-28 15:03:59,528.69
2022-03-28 15:04:04,528.63
2022-03-28 15:04:09,528.63
2022-03-28 15:04:14,528.57
2022-03-28 15:04:19,528.57
2022-03-28 15:04:24,543.8864749748982
2022-03-28 15:04:29,543.92176531579
2022-03-28 15:04:34,528.53
2022-03-28 15:04:39,528.47
2022-03-28 15:04:44,528.47
2022-03-28 15:04:49,544.0629266793574
2022-03-28 15:04:54,528.47
2022-03-28 15:04:59,544.1335073611409
2022-03-28 15:05:04,528.41
2022-03-28 15:05:09,528.41
2022-03-28 15:05:14,544.2393783838164
2022-03-28 15:05:19,528.41
2022-03-28 15:05:24,528.41
2022-03-28 15:05:29,528.41
2022-03-28 15:05:34,528.41
2022-03-28 15:05:39,544.4158300882755
2022-03-28 15:05:44,528.41
2022-03-28 15:05:49,544.4864107700591
2022-03-28 15:05:54,528.48
2022-03-28 15:05:59,544.5569914518427
2022-03-28 15:06:04,528.54
2022-03-28 15:06:09,528.54
2022-03-28 15:06:14,528.58
2022-03-28 15:06:19,528.54
2022-03-28 15:06:24,528.58
2022-03-28 15:06:29,528.64
2022-03-28 15:06:34,544.8040238380855
2022-03-28 15:06:39,544.8393141789774
2022-03-28 15:06:44,528.78
2022-03-28 15:06:49,528.78
2022-03-28 15:06:54,544.9451852016527
2022-03-28 15:06:59,528.84
2022-03-28 15:07:04,545.0157658834364
2022-03-28 15:07:09,528.94
2022-03-28 15:07:14,529.0
2022-03-28 15:07:19,529.07
2022-03-28 15:07:24,529.1
2022-03-28 15:07:29,529.1
2022-03-28 15:07:34,529.23
2022-03-28 15:07:39,529.23
2022-03-28 15:07:44,529.36
2022-03-28 15:07:49,529.39
2022-03-28 15:07:54,529.46
2022-03-28 15:07:59,529.52
2022-03-28 15:08:04,529.62
2022-03-28 15:08:09,545.47454031503
2022-03-28 15:08:14,529.75
2022-03-28 15:08:19,545.4792048023344
2022-03-28 15:08:24,529.88
2022-03-28 15:08:29,529.91
2022-03-28 15:08:34,530.04
2022-03-28 15:08:39,545.4767278913646
2022-03-28 15:08:44,530.2
2022-03-28 15:08:49,530.26
2022-03-28 15:08:54,545.4748702081373
2022-03-28 15:08:59,530.42
2022-03-28 15:09:04,530.55
2022-03-28 15:09:09,530.56
2022-03-28 15:09:14,545.4723932971676
2022-03-28 15:09:19,545.4717740694251
2022-03-28 15:09:24,530.78
2022-03-28 15:09:29,530.91
2022-03-28 15:09:34,530.91
2022-03-28 15:09:39,545.4692971584554
2022-03-28 15:09:44,531.07
2022-03-28 15:09:49,531.13
2022-03-28 15:09:54,545.4674394752282
2022-03-28 15:09:59,531.16
2022-03-28 15:10:04,531.29
2022-03-28 15:10:09,531.3
2022-03-28 15:10:14,545.4649625642584
2022-03-28 15:10:19,531.42
2022-03-28 15:10:24,531.46
2022-03-28 15:10:29,531.52
2022-03-28 15:10:34,531.52
2022-03-28 15:10:39,531.52
2022-03-28 15:10:44,545.4612471978038
2022-03-28 15:10:49,531.65
2022-03-28 15:10:54,531.68
2022-03-28 15:10:59,531.74
2022-03-28 15:11:04,545.4587702868341
2022-03-28 15:11:09,545.4581510590916
2022-03-28 15:11:14,531.8
2022-03-28 15:11:19,531.87
2022-03-28 15:11:24,545.4562933758643
2022-03-28 15:11:29,545.455674148122
2022-03-28 15:11:34,531.87
2022-03-28 15:11:39,531.8
2022-03-28 15:11:44,531.93
2022-03-28 15:11:49,545.4531972371522
2022-03-28 15:11:54,545.4525780094098
2022-03-28 15:11:59,531.93
2022-03-28 15:12:04,531.93
2022-03-28 15:12:09,531.93
2022-03-28 15:12:14,531.93
2022-03-28 15:12:19,531.93
2022-03-28 15:12:24,545.4488626429552
2022-03-28 15:12:29,545.4482434152127
2022-03-28 15:12:34,531.92
2022-03-28 15:12:39,531.93
2022-03-28 15:12:44,545.4463857319854
2022-03-28 15:12:49,531.96
2022-03-28 15:12:54,545.4451472765006
2022-03-28 15:12:59,531.96
2022-03-28 15:13:04,531.95
2022-03-28 15:13:09,531.95
2022-03-28 15:13:14,531.95
2022-03-28 15:13:19,531.95
2022-03-28 15:13:24,531.95
2022-03-28 15:13:29,531.95
2022-03-28 15:13:34,545.4401934545612
2022-03-28 15:13:39,531.95
2022-03-28 15:13:44,531.95
2022-03-28 15:13:49,545.4383357713339
2022-03-28 15:13:54,532.02
2022-03-28 15:13:59,532.02
2022-03-28 15:14:04,532.02
2022-03-28 15:14:09,532.08
2022-03-28 15:14:14,532.02
2022-03-28 15:14:19,545.4346204048792
2022-03-28 15:14:24,532.08
2022-03-28 15:14:29,532.14
2022-03-28 15:14:34,545.4327627216519
2022-03-28 15:14:39,545.4321434939095
2022-03-28 15:14:44,545.4315242661671
2022-03-28 15:14:49,532.18
2022-03-28 15:14:54,532.24
2022-03-28 15:14:59,545.4296665829397
2022-03-28 15:15:04,532.24
2022-03-28 15:15:09,532.24
2022-03-28 15:15:14,545.4278088997124
2022-03-28 15:15:19,545.42718967197
2022-03-28 15:15:24,532.31
2022-03-28 15:15:29,532.31
2022-03-28 15:15:34,545.4253319887428
2022-03-28 15:15:39,532.31
2022-03-28 15:15:44,532.31
2022-03-28 15:15:49,532.24
2022-03-28 15:15:54,532.24
2022-03-28 15:15:59,545.4222358500306
2022-03-28 15:16:04,532.25
2022-03-28 15:16:09,545.4209973945457
2022-03-28 15:16:14,532.24
2022-03-28 15:16:19,545.4197589390609
2022-03-28 15:16:24,532.18
2022-03-28 15:16:29,532.18
2022-03-28 15:16:34,532.15
2022-03-28 15:16:39,532.15
2022-03-28 15:16:44,532.09
2022-03-28 15:16:49,532.09
2022-03-28 15:16:54,532.09
2022-03-28 15:16:59,545.4148051171214
2022-03-28 15:17:04,545.4141858893789
2022-03-28 15:17:09,531.96
2022-03-28 15:17:14,531.96
2022-03-28 15:17:19,545.4123282061516
2022-03-28 15:17:24,531.87
2022-03-28 15:17:29,545.4110897506669
2022-03-28 15:17:34,531.74
2022-03-28 15:17:39,531.74
2022-03-28 15:17:44,531.68
2022-03-28 15:17:49,545.4086128396971
2022-03-28 15:17:54,531.65
2022-03-28 15:17:59,531.52
2022-03-28 15:18:04,531.52
2022-03-28 15:18:09,531.45
2022-03-28 15:18:14,545.4055167009849
2022-03-28 15:18:19,545.4048974732425
2022-03-28 15:18:24,531.3
2022-03-28 15:18:29,545.4036590177576
2022-03-28 15:18:34,531.23
2022-03-28 15:18:39,531.17
2022-03-28 15:18:44,545.4018013345303
2022-03-28 15:18:49,531.07
2022-03-28 15:18:54,531.08
2022-03-28 15:18:59,530.95
2022-03-28 15:19:04,545.3993244235606
2022-03-28 15:19:09,530.85
2022-03-28 15:19:14,545.3980859680757
2022-03-28 15:19:19,530.79
2022-03-28 15:19:24,545.3968475125909
2022-03-28 15:19:29,530.66
2022-03-28 15:19:34,545.395609057106
2022-03-28 15:19:39,530.63
2022-03-28 15:19:44,545.3943706016212
2022-03-28 15:19:49,530.43
2022-03-28 15:19:54,545.3931321461363
2022-03-28 15:19:59,530.34
2022-03-28 15:20:04,530.27
2022-03-28 15:20:09,530.21
2022-03-28 15:20:14,530.15
2022-03-28 15:20:19,530.11
2022-03-28 15:20:24,529.98
2022-03-28 15:20:29,529.92
2022-03-28 15:20:34,529.89
2022-03-28 15:20:39,529.82
2022-03-28 15:20:44,545.3869398687119
2022-03-28 15:20:49,529.69
2022-03-28 15:20:54,545.3857014132271
2022-03-28 15:20:59,529.6
2022-03-28 15:21:04,529.53
2022-03-28 15:21:09,545.3838437299999
2022-03-28 15:21:14,545.3832245022573
2022-03-28 15:21:19,545.382605274515
2022-03-28 15:21:24,529.24
2022-03-28 15:21:29,529.18
2022-03-28 15:21:34,529.08
2022-03-28 15:21:39,545.3801283635452
2022-03-28 15:21:44,528.95
2022-03-28 15:21:49,528.85
2022-03-28 15:21:54,545.3782706803179
2022-03-28 15:21:59,528.73
2022-03-28 15:22:04,528.56
2022-03-28 15:22:09,528.5
2022-03-28 15:22:14,528.37
2022-03-28 15:22:19,528.34
2022-03-28 15:22:24,528.21
2022-03-28 15:22:29,528.08
2022-03-28 15:22:34,527.98
2022-03-28 15:22:39,527.92
2022-03-28 15:22:44,527.85
2022-03-28 15:22:49,527.75
2022-03-28 15:22:54,545.3835515106092
2022-03-28 15:22:59,545.3845668094887
2022-03-28 15:23:04,527.46
2022-03-28 15:23:09,527.33
2022-03-28 15:23:14,545.3876127061271
2022-03-28 15:23:19,527.17
2022-03-28 15:23:24,527.11
2022-03-28 15:23:29,527.01
2022-03-28 15:23:34,526.88
2022-03-28 15:23:39,526.81
2022-03-28 15:23:44,526.72
2022-03-28 15:23:49,526.65
2022-03-28 15:23:54,526.52
2022-03-28 15:23:59,545.3967503960423
2022-03-28 15:24:04,526.42
2022-03-28 15:24:09,526.26
2022-03-28 15:24:14,526.13
2022-03-28 15:24:19,526.07
2022-03-28 15:24:24,526.07
2022-03-28 15:24:29,545.4028421893191
2022-03-28 15:24:34,545.4038574881986
2022-03-28 15:24:39,545.404872787078
2022-03-28 15:24:44,545.4058880859576
2022-03-28 15:24:49,525.68
2022-03-28 15:24:54,545.4079186837165
2022-03-28 15:24:59,525.55
2022-03-28 15:25:04,545.4099492814754
2022-03-28 15:25:09,525.39
2022-03-28 15:25:14,525.39
2022-03-28 15:25:19,525.32
2022-03-28 15:25:24,525.26
2022-03-28 15:25:29,525.26
2022-03-28 15:25:34,525.23
2022-03-28 15:25:39,525.23
2022-03-28 15:25:44,525.16
2022-03-28 15:25:49,545.4190869713907
2022-03-28 15:25:54,525.1
2022-03-28 15:25:59,525.1
2022-03-28 15:26:04,525.03
2022-03-28 15:26:09,525.03
2022-03-28 15:26:14,525.03
2022-03-28 15:26:19,524.97
2022-03-28 15:26:24,524.97
2022-03-28 15:26:29,545.4272093624264
2022-03-28 15:26:34,524.97
2022-03-28 15:26:39,524.97
2022-03-28 15:26:44,524.97
2022-03-28 15:26:49,524.97
2022-03-28 15:26:54,524.97
2022-03-28 15:26:59,524.97
2022-03-28 15:27:04,524.97
2022-03-28 15:27:09,524.97
2022-03-28 15:27:14,524.97
2022-03-28 15:27:19,545.4373623512212
2022-03-28 15:27:24,524.97
2022-03-28 15:27:29,524.97
2022-03-28 15:27:34,524.98
2022-03-28 15:27:39,525.04
2022-03-28 15:27:44,545.4424388456185
2022-03-28 15:27:49,545.443454144498
2022-03-28 15:27:54,525.04
2022-03-28 15:27:59,525.04
2022-03-28 15:28:04,525.04
2022-03-28 15:28:09,525.04
2022-03-28 15:28:14,525.11
2022-03-28 15:28:19,545.4495459377748
2022-03-28 15:28:24,525.17
2022-03-28 15:28:29,525.24
2022-03-28 15:28:34,545.4525918344132
2022-03-28 15:28:39,525.34
2022-03-28 15:28:44,525.34
2022-03-28 15:28:49,525.34
2022-03-28 15:28:54,545.4566530299311
2022-03-28 15:28:59,545.4576683288105
2022-03-28 15:29:04,545.45868362769
2022-03-28 15:29:09,545.4596989265694
2022-03-28 15:29:14,545.460714225449
2022-03-28 15:29:19,525.57
2022-03-28 15:29:24,525.63
2022-03-28 15:29:29,545.4637601220874
2022-03-28 15:29:34,525.76
2022-03-28 15:29:39,525.79
2022-03-28 15:29:44,525.8
2022-03-28 15:29:49,525.92
2022-03-28 15:29:54,525.99
2022-03-28 15:29:59,525.99
2022-03-28 15:30:04,526.02
2022-03-28 15:30:09,545.4718825131231
2022-03-28 15:30:14,526.15
2022-03-28 15:30:19,545.4739131108821
2022-03-28 15:30:24,526.22
2022-03-28 15:30:29,545.475943708641
2022-03-28 15:30:34,526.28
2022-03-28 15:30:39,526.28
2022-03-28 15:30:44,526.32
2022-03-28 15:30:49,545.4800049041589
2022-03-28 15:30:54,545.4810202030384
2022-03-28 15:30:59,545.4820355019178
2022-03-28 15:31:04,545.4830508007973
2022-03-28 15:31:09,526.45
2022-03-28 15:31:14,526.45
2022-03-28 15:31:19,526.45
2022-03-28 15:31:24,545.4871119963152
2022-03-28 15:31:29,526.45
2022-03-28 15:31:34,545.4891425940741
2022-03-28 15:31:39,526.51
2022-03-28 15:31:44,526.45
2022-03-28 15:31:49,526.45
2022-03-28 15:31:54,526.45
2022-03-28 15:31:59,545.4942190884715
2022-03-28 15:32:04,526.38
2022-03-28 15:32:09,526.45
2022-03-28 15:32:14,545.49726498511
2022-03-28 15:32:19,526.38
2022-03-28 15:32:24,526.38
2022-03-28 15:32:29,526.38
2022-03-28 15:32:34,526.38
2022-03-28 15:32:39,545.5023414795072
2022-03-28 15:32:44,545.5033567783867
2022-03-28 15:32:49,526.32
2022-03-28 15:32:54,526.28
2022-03-28 15:32:59,526.32
2022-03-28 15:33:04,545.5074179739046
2022-03-28 15:33:09,545.508433272784
2022-03-28 15:33:14,526.28
2022-03-28 15:33:19,526.22
2022-03-28 15:33:24,526.22
2022-03-28 15:33:29,526.22
2022-03-28 15:33:34,526.15
2022-03-28 15:33:39,545.5145250660609
2022-03-28 15:33:44,526.15
2022-03-28 15:33:49,526.08
2022-03-28 15:33:54,526.09
2022-03-28 15:33:59,545.5185862615788
2022-03-28 15:34:04,526.08
2022-03-28 15:34:09,526.02
2022-03-28 15:34:14,526.02
2022-03-28 15:34:19,526.02
2022-03-28 15:34:24,526.02
2022-03-28 15:34:29,525.99
2022-03-28 15:34:34,545.525693353735
2022-03-28 15:34:39,525.98
2022-03-28 15:34:44,525.98
2022-03-28 15:34:49,525.98
2022-03-28 15:34:54,545.529754549253
2022-03-28 15:34:59,525.92
2022-03-28 15:35:04,525.98
2022-03-28 15:35:09,525.98
2022-03-28 15:35:14,525.98
2022-03-28 15:35:19,545.5348310436503
2022-03-28 15:35:24,525.97
2022-03-28 15:35:29,525.98
2022-03-28 15:35:34,545.5378769402887
2022-03-28 15:35:39,525.91
2022-03-28 15:35:44,525.97
2022-03-28 15:35:49,525.97
2022-03-28 15:35:54,525.97
2022-03-28 15:35:59,525.91
2022-03-28 15:36:04,525.91
2022-03-28 15:36:09,545.544984032445
2022-03-28 15:36:14,545.5459993313244
2022-03-28 15:36:19,545.547014630204
2022-03-28 15:36:24,525.91
2022-03-28 15:36:29,525.97
2022-03-28 15:36:34,525.97
2022-03-28 15:36:39,525.91
2022-03-28 15:36:44,525.91
2022-03-28 15:36:49,525.97
2022-03-28 15:36:54,545.5035413522818
2022-03-28 15:36:59,525.97
2022-03-28 15:37:04,525.97
2022-03-28 15:37:09,525.97
2022-03-28 15:37:14,545.4774871162703
2022-03-28 15:37:19,525.97
2022-03-28 15:37:24,545.4644599982645
2022-03-28 15:37:29,545.4579464392616
2022-03-28 15:37:34,525.97
2022-03-28 15:37:39,525.97
2022-03-28 15:37:44,525.97
2022-03-28 15:37:49,525.98
2022-03-28 15:37:54,525.97
2022-03-28 15:37:59,526.01
2022-03-28 15:38:04,526.01
2022-03-28 15:38:09,525.98
2022-03-28 15:38:14,526.01
2022-03-28 15:38:19,526.01
2022-03-28 15:38:24,545.3862972902299
2022-03-28 15:38:29,526.08
2022-03-28 15:38:34,526.08
2022-03-28 15:38:39,526.08
2022-03-28 15:38:44,526.08
2022-03-28 15:38:49,526.14
2022-03-28 15:38:54,545.3472159362127
2022-03-28 15:38:59,526.27
2022-03-28 15:39:04,545.3341888182069
2022-03-28 15:39:09,526.37
2022-03-28 15:39:14,526.37
2022-03-28 15:39:19,526.43
2022-03-28 15:39:24,526.5
2022-03-28 15:39:29,526.53
2022-03-28 15:39:34,545.2951074641896
2022-03-28 15:39:39,526.72
2022-03-28 15:39:44,545.2820803461839
2022-03-28 15:39:49,526.89
2022-03-28 15:39:54,526.95
2022-03-28 15:39:59,527.05
2022-03-28 15:40:04,527.18
2022-03-28 15:40:09,545.2495125511695
2022-03-28 15:40:14,545.2429989921666
2022-03-28 15:40:19,527.53
2022-03-28 15:40:24,527.7
2022-03-28 15:40:29,527.86
2022-03-28 15:40:34,527.99
2022-03-28 15:40:39,528.15
2022-03-28 15:40:44,528.28
2022-03-28 15:40:49,528.44
2022-03-28 15:40:54,528.6
2022-03-28 15:40:59,528.8
2022-03-28 15:41:04,545.1778634021379
2022-03-28 15:41:09,545.171349843135
2022-03-28 15:41:14,545.1648362841321
2022-03-28 15:41:19,545.1583227251292
2022-03-28 15:41:24,529.76
2022-03-28 15:41:29,529.93
2022-03-28 15:41:34,530.22
2022-03-28 15:41:39,530.41
2022-03-28 15:41:44,530.67
2022-03-28 15:41:49,545.1192413711119
2022-03-28 15:41:54,531.15
2022-03-28 15:41:59,545.1062142531061
2022-03-28 15:42:04,531.67
2022-03-28 15:42:09,545.0931871351004
2022-03-28 15:42:14,545.0866735760975
2022-03-28 15:42:19,532.28
2022-03-28 15:42:24,532.57
2022-03-28 15:42:29,545.0671328990888
2022-03-28 15:42:34,545.060619340086
2022-03-28 15:42:39,533.37
2022-03-28 15:42:44,533.54
2022-03-28 15:42:49,545.0410786630774
2022-03-28 15:42:54,534.12
2022-03-28 15:42:59,534.28
2022-03-28 15:43:04,534.47
2022-03-28 15:43:09,545.0150244270659
2022-03-28 15:43:14,534.92
2022-03-28 15:43:19,545.0019973090601
2022-03-28 15:43:24,535.31
2022-03-28 15:43:29,535.56
2022-03-28 15:43:34,544.9824566320515
2022-03-28 15:43:39,535.95
2022-03-28 15:43:44,544.9694295140457
2022-03-28 15:43:49,536.33
2022-03-28 15:43:54,536.59
2022-03-28 15:43:59,536.69
2022-03-28 15:44:04,536.91
2022-03-28 15:44:09,544.9368617190313
2022-03-28 15:44:14,537.26
2022-03-28 15:44:19,537.43
2022-03-28 15:44:24,544.9173210420226
2022-03-28 15:44:29,537.72
2022-03-28 15:44:34,544.9042939240169
2022-03-28 15:44:39,538.0
2022-03-28 15:44:44,538.13
2022-03-28 15:44:49,538.16
2022-03-28 15:44:54,538.36
2022-03-28 15:44:59,538.39
2022-03-28 15:45:04,538.52
2022-03-28 15:45:09,538.65
2022-03-28 15:45:14,538.68
2022-03-28 15:45:19,544.845671892991
2022-03-28 15:45:24,538.87
2022-03-28 15:45:29,544.8326447749853
2022-03-28 15:45:34,539.03
2022-03-28 15:45:39,539.09
2022-03-28 15:45:44,539.16
2022-03-28 15:45:49,544.8065905389738
2022-03-28 15:45:54,544.8000769799709
2022-03-28 15:45:59,544.793563420968
2022-03-28 15:46:04,544.7870498619651
2022-03-28 15:46:09,544.7805363029622
2022-03-28 15:46:14,539.31
2022-03-28 15:46:19,539.25
2022-03-28 15:46:24,539.31
2022-03-28 15:46:29,539.25
2022-03-28 15:46:34,539.25
2022-03-28 15:46:39,544.7414549489449
2022-03-28 15:46:44,539.25
2022-03-28 15:46:49,539.25
2022-03-28 15:46:54,539.18
2022-03-28 15:46:59,544.7154007129335
2022-03-28 15:47:04,539.15
2022-03-28 15:47:09,539.09
2022-03-28 15:47:14,539.09
2022-03-28 15:47:19,539.09
2022-03-28 15:47:24,538.96
2022-03-28 15:47:29,538.96
2022-03-28 15:47:34,544.6698057999133
2022-03-28 15:47:39,544.6632922409104
2022-03-28 15:47:44,538.86
2022-03-28 15:47:49,544.6502651229047
2022-03-28 15:47:54,544.6437515639018
2022-03-28 15:47:59,544.6372380048989
2022-03-28 15:48:04,538.67
2022-03-28 15:48:09,538.73
2022-03-28 15:48:14,544.6176973278903
2022-03-28 15:48:19,538.64
2022-03-28 15:48:24,538.64
2022-03-28 15:48:29,538.58
2022-03-28 15:48:34,538.58
2022-03-28 15:48:39,538.58
2022-03-28 15:48:44,544.5786159738731
2022-03-28 15:48:49,544.5721024148702
2022-03-28 15:48:54,544.5655888558673
2022-03-28 15:48:59,538.51
2022-03-28 15:49:04,538.51
2022-03-28 15:49:09,538.52
2022-03-28 15:49:14,538.45
2022-03-28 15:49:19,544.5330210608529
2022-03-28 15:49:24,538.45
2022-03-28 15:49:29,538.52
2022-03-28 15:49:34,538.45
2022-03-28 15:49:39,538.52
2022-03-28 15:49:44,538.52
2022-03-28 15:49:49,544.4939397068356
2022-03-28 15:49:54,538.52
2022-03-28 15:49:59,538.46
2022-03-28 15:50:04,544.4743990298269
2022-03-28 15:50:09,538.52
2022-03-28 15:50:14,544.4613719118212
2022-03-28 15:50:19,544.4548583528183
2022-03-28 15:50:24,544.4483447938154
2022-03-28 15:50:29,538.53
2022-03-28 15:50:34,544.4309208635766
2022-03-28 15:50:39,544.4217578104098
2022-03-28 15:50:44,538.59
2022-03-28 15:50:49,538.6
2022-03-28 15:50:54,544.3942686509092
2022-03-28 15:50:59,544.3851055977423
2022-03-28 15:51:04,538.66
2022-03-28 15:51:09,538.66
2022-03-28 15:51:14,544.3576164382416
2022-03-28 15:51:19,538.82
2022-03-28 15:51:24,544.3392903319079
2022-03-28 15:51:29,538.89
2022-03-28 15:51:34,544.3209642255741
2022-03-28 15:51:39,538.89
2022-03-28 15:51:44,538.92
2022-03-28 15:51:49,544.2934750660735
2022-03-28 15:51:54,539.06
2022-03-28 15:51:59,539.12
2022-03-28 15:52:04,544.265985906573
2022-03-28 15:52:09,539.22
2022-03-28 15:52:14,544.2476598002391
2022-03-28 15:52:19,539.35
2022-03-28 15:52:24,539.35
2022-03-28 15:52:29,539.42
2022-03-28 15:52:34,539.45
2022-03-28 15:52:39,539.58
2022-03-28 15:52:44,539.64
2022-03-28 15:52:49,539.71
2022-03-28 15:52:54,539.74
2022-03-28 15:52:59,539.87
2022-03-28 15:53:04,539.93
2022-03-28 15:53:09,540.03
2022-03-28 15:53:14,540.03
2022-03-28 15:53:19,544.1285401090698
2022-03-28 15:53:24,544.1193770559029
2022-03-28 15:53:29,540.32
2022-03-28 15:53:34,544.1010509495692
2022-03-28 15:53:39,544.0918878964022
2022-03-28 15:53:44,540.45
2022-03-28 15:53:49,540.55
2022-03-28 15:53:54,544.0643987369017
2022-03-28 15:53:59,540.68
2022-03-28 15:54:04,540.74
2022-03-28 15:54:09,544.036909577401
2022-03-28 15:54:14,540.84
2022-03-28 15:54:19,544.0185834710672
2022-03-28 15:54:24,544.0094204179004
2022-03-28 15:54:29,544.0002573647336
2022-03-28 15:54:34,541.06
2022-03-28 15:54:39,541.06
2022-03-28 15:54:44,541.06
2022-03-28 15:54:49,543.963605152066
2022-03-28 15:54:54,541.13
2022-03-28 15:54:59,543.9452790457323
2022-03-28 15:55:04,541.19
2022-03-28 15:55:09,541.26
2022-03-28 15:55:14,541.26
2022-03-28 15:55:19,541.26
2022-03-28 15:55:24,541.25
2022-03-28 15:55:29,541.29
2022-03-28 15:55:34,541.29
2022-03-28 15:55:39,541.29
2022-03-28 15:55:44,541.29
2022-03-28 15:55:49,541.35
2022-03-28 15:55:54,543.8444854608966
2022-03-28 15:55:59,541.41
2022-03-28 15:56:04,541.41
2022-03-28 15:56:09,541.35
2022-03-28 15:56:14,541.41
2022-03-28 15:56:19,543.7986701950623
2022-03-28 15:56:24,541.41
2022-03-28 15:56:29,541.35
2022-03-28 15:56:34,541.35
2022-03-28 15:56:39,541.41
2022-03-28 15:56:44,541.35
2022-03-28 15:56:49,541.35
2022-03-28 15:56:54,541.28
2022-03-28 15:56:59,541.28
2022-03-28 15:57:04,541.25
2022-03-28 15:57:09,541.25
2022-03-28 15:57:14,541.18
2022-03-28 15:57:19,541.12
2022-03-28 15:57:24,541.12
2022-03-28 15:57:29,541.05
2022-03-28 15:57:34,541.05
2022-03-28 15:57:39,540.99
2022-03-28 15:57:44,543.6428982912254
2022-03-28 15:57:49,543.6337352380585
2022-03-28 15:57:54,540.82
2022-03-28 15:57:59,543.6154091317247
2022-03-28 15:58:04,540.76
2022-03-28 15:58:09,540.73
2022-03-28 15:58:14,540.66
2022-03-28 15:58:19,540.6
2022-03-28 15:58:24,543.5695938658904
2022-03-28 15:58:29,540.47
2022-03-28 15:58:34,543.5512677595566
2022-03-28 15:58:39,540.37
2022-03-28 15:58:44,540.31
2022-03-28 15:58:49,540.31
2022-03-28 15:58:54,543.5146155468891
2022-03-28 15:58:59,540.14
2022-03-28 15:59:04,540.08
2022-03-28 15:59:09,540.02
2022-03-28 15:59:14,539.95
2022-03-28 15:59:19,539.92
2022-03-28 15:59:24,543.4596372278878
2022-03-28 15:59:29,543.450474174721
2022-03-28 15:59:34,539.73
2022-03-28 15:59:39,539.7
2022-03-28 15:59:44,543.4229850152203
2022-03-28 15:59:49,539.5
2022-03-28 15:59:54,539.44
2022-03-28 15:59:59,539.41
2022-03-28 16:00:04,539.34
2022-03-28 16:00:09,539.28
2022-03-28 16:00:14,539.28
2022-03-28 16:00:19,539.18
2022-03-28 16:00:24,539.12
2022-03-28 16:00:29,539.12
2022-03-28 16:00:34,543.3313544835515
2022-03-28 16:00:39,538.99
2022-03-28 16:00:44,538.93
2022-03-28 16:00:49,538.9
2022-03-28 16:00:54,538.9
2022-03-28 16:00:59,543.2855392177172
2022-03-28 16:01:04,543.2763761645504
2022-03-28 16:01:09,543.2672131113835
2022-03-28 16:01:14,543.2580500582166
2022-03-28 16:01:19,538.77
2022-03-28 16:01:24,543.2397239518829
2022-03-28 16:01:29,538.71
2022-03-28 16:01:34,538.71
2022-03-28 16:01:39,538.68
2022-03-28 16:01:44,543.2030717392154
2022-03-28 16:01:49,538.68
2022-03-28 16:01:54,538.68
2022-03-28 16:01:59,543.1755825797147
2022-03-28 16:02:04,538.68
2022-03-28 16:02:09,538.68
2022-03-28 16:02:14,538.62
2022-03-28 16:02:19,538.61
2022-03-28 16:02:24,538.68
2022-03-28 16:02:29,538.55
2022-03-28 16:02:34,538.56
2022-03-28 16:02:39,543.1022781543797
2022-03-28 16:02:44,538.49
2022-03-28 16:02:49,538.56
2022-03-28 16:02:54,538.56
2022-03-28 16:02:59,538.49
2022-03-28 16:03:04,538.56
2022-03-28 16:03:09,538.49
2022-03-28 16:03:14,538.56
2022-03-28 16:03:19,543.0289737290447
2022-03-28 16:03:24,543.0198106758778
2022-03-28 16:03:29,538.69
2022-03-28 16:03:34,543.001484569544
2022-03-28 16:03:39,538.72
2022-03-28 16:03:44,538.78
2022-03-28 16:03:49,538.85
2022-03-28 16:03:54,542.9648323568765
2022-03-28 16:03:59,539.01
2022-03-28 16:04:04,539.08
2022-03-28 16:04:09,539.21
2022-03-28 16:04:14,542.928180144209
2022-03-28 16:04:19,539.37
2022-03-28 16:04:24,539.43
2022-03-28 16:04:29,539.46
2022-03-28 16:04:34,539.59
2022-03-28 16:04:39,539.72
2022-03-28 16:04:44,539.82
2022-03-28 16:04:49,539.88
2022-03-28 16:04:54,539.98
2022-03-28 16:04:59,540.11
2022-03-28 16:05:04,542.8772268614208
2022-03-28 16:05:09,540.27
2022-03-28 16:05:14,540.4
2022-03-28 16:05:19,540.49
2022-03-28 16:05:24,540.62
2022-03-28 16:05:29,540.75
2022-03-28 16:05:34,540.85
2022-03-28 16:05:39,540.91
2022-03-28 16:05:44,541.01
2022-03-28 16:05:49,542.8502217806661
2022-03-28 16:05:54,541.3
2022-03-28 16:05:59,541.43
2022-03-28 16:06:04,542.8412200870812
2022-03-28 16:06:09,541.65
2022-03-28 16:06:14,541.72
2022-03-28 16:06:19,541.88
2022-03-28 16:06:24,542.01
2022-03-28 16:06:29,542.17
2022-03-28 16:06:34,542.29
2022-03-28 16:06:39,542.45
2022-03-28 16:06:44,542.55
2022-03-28 16:06:49,542.8142150063265
2022-03-28 16:06:54,542.81
2022-03-28 16:06:59,542.80821387727
2022-03-28 16:07:04,542.8052133127417
2022-03-28 16:07:09,542.8022127482134
2022-03-28 16:07:14,543.26
2022-03-28 16:07:19,543.42
2022-03-28 16:07:24,543.48
2022-03-28 16:07:29,542.7902104901002
2022-03-28 16:07:34,543.71
2022-03-28 16:07:39,543.87
2022-03-28 16:07:44,542.7812087965152
2022-03-28 16:07:49,544.06
2022-03-28 16:07:54,542.7752076674586
2022-03-28 16:07:59,544.22
2022-03-28 16:08:04,544.29
2022-03-28 16:08:09,544.38
2022-03-28 16:08:14,544.51
2022-03-28 16:08:19,544.61
2022-03-28 16:08:24,544.67
2022-03-28 16:08:29,544.67
2022-03-28 16:08:34,544.8
2022-03-28 16:08:39,544.86
2022-03-28 16:08:44,542.7452020221757
2022-03-28 16:08:49,544.96
2022-03-28 16:08:54,542.7392008931191
2022-03-28 16:08:59,545.03
2022-03-28 16:09:04,545.09
2022-03-28 16:09:09,545.12
2022-03-28 16:09:14,545.12
2022-03-28 16:09:19,542.7241980704777
2022-03-28 16:09:24,545.19
2022-03-28 16:09:29,542.7181969414211
2022-03-28 16:09:34,545.25
2022-03-28 16:09:39,542.7121958123645
2022-03-28 16:09:44,545.32
2022-03-28 16:09:49,545.32
2022-03-28 16:09:54,545.32
2022-03-28 16:09:59,545.32
2022-03-28 16:10:04,545.32
2022-03-28 16:10:09,545.38
2022-03-28 16:10:14,545.38
2022-03-28 16:10:19,545.32
2022-03-28 16:10:24,542.6851907316097
2022-03-28 16:10:29,545.38
2022-03-28 16:10:34,545.38
2022-03-28 16:10:39,545.32
2022-03-28 16:10:44,545.32
2022-03-28 16:10:49,545.39
2022-03-28 16:10:54,542.66718734444
2022-03-28 16:10:59,545.32
2022-03-28 16:11:04,545.32
2022-03-28 16:11:09,545.32
2022-03-28 16:11:14,545.32
2022-03-28 16:11:19,545.26
2022-03-28 16:11:24,545.26
2022-03-28 16:11:29,545.13
2022-03-28 16:11:34,545.2
2022-03-28 16:11:39,545.14
2022-03-28 16:11:44,545.1
2022-03-28 16:11:49,542.6341811346286
2022-03-28 16:11:54,545.04
2022-03-28 16:11:59,544.98
2022-03-28 16:12:04,544.98
2022-03-28 16:12:09,544.91
2022-03-28 16:12:14,542.6191783119872
2022-03-28 16:12:19,542.6161777474589
2022-03-28 16:12:24,544.82
2022-03-28 16:12:29,544.82
2022-03-28 16:12:34,544.69
2022-03-28 16:12:39,544.7
2022-03-28 16:12:44,544.63
2022-03-28 16:12:49,544.6
2022-03-28 16:12:54,542.5951737957608
2022-03-28 16:12:59,544.47
2022-03-28 16:13:04,544.48
2022-03-28 16:13:09,544.41
2022-03-28 16:13:14,544.38
2022-03-28 16:13:19,544.38
2022-03-28 16:13:24,542.5771704085911
2022-03-28 16:13:29,544.26
2022-03-28 16:13:34,544.19
2022-03-28 16:13:39,542.5681687150062
2022-03-28 16:13:44,544.19
2022-03-28 16:13:49,542.5621675859495
2022-03-28 16:13:54,544.1
2022-03-28 16:13:59,542.5561664568929
2022-03-28 16:14:04,544.04
2022-03-28 16:14:09,543.97
2022-03-28 16:14:14,542.547164763308
2022-03-28 16:14:19,542.5441641987798
2022-03-28 16:14:24,543.91
2022-03-28 16:14:29,542.5381630697232
2022-03-28 16:14:34,543.88
2022-03-28 16:14:39,543.82
2022-03-28 16:14:44,543.82
2022-03-28 16:14:49,542.52616081161
2022-03-28 16:14:54,542.5231602470817
2022-03-28 16:14:59,543.69
2022-03-28 16:15:04,542.5171591180251
2022-03-28 16:15:09,542.5141585534968
2022-03-28 16:15:14,543.6
2022-03-28 16:15:19,543.6
2022-03-28 16:15:24,543.6
2022-03-28 16:15:29,542.5021562953837
2022-03-28 16:15:34,543.6
2022-03-28 16:15:39,543.54
2022-03-28 16:15:44,543.54
2022-03-28 16:15:49,543.54
2022-03-28 16:15:54,543.54
2022-03-28 16:15:59,542.4841529082138
2022-03-28 16:16:04,543.54
2022-03-28 16:16:09,543.47
2022-03-28 16:16:14,542.4751512146289
2022-03-28 16:16:19,543.47
2022-03-28 16:16:24,543.54
2022-03-28 16:16:29,542.466149521044
2022-03-28 16:16:34,543.48
2022-03-28 16:16:39,543.48
2022-03-28 16:16:44,543.48
2022-03-28 16:16:49,542.4541472629309
2022-03-28 16:16:54,543.48
2022-03-28 16:16:59,543.48
2022-03-28 16:17:04,543.55
2022-03-28 16:17:09,543.48
2022-03-28 16:17:14,543.48
2022-03-28 16:17:19,543.42
2022-03-28 16:17:24,543.48
2022-03-28 16:17:29,543.48
2022-03-28 16:17:34,543.42
2022-03-28 16:17:39,543.42
2022-03-28 16:17:44,543.42
2022-03-28 16:17:49,542.4181404885913
2022-03-28 16:17:54,543.42
2022-03-28 16:17:59,543.39
2022-03-28 16:18:04,543.39
2022-03-28 16:18:09,543.32
2022-03-28 16:18:14,543.32
2022-03-28 16:18:19,542.4001371014215
2022-03-28 16:18:24,542.3971365368932
2022-03-28 16:18:29,543.26
2022-03-28 16:18:34,543.26
2022-03-28 16:18:39,543.26
2022-03-28 16:18:44,542.392805940171
2022-03-28 16:18:49,542.3947802728138
2022-03-28 16:18:54,543.13
2022-03-28 16:18:59,542.3987289380993
2022-03-28 16:19:04,543.09
2022-03-28 16:19:09,543.03
2022-03-28 16:19:14,543.03
2022-03-28 16:19:19,542.97
2022-03-28 16:19:24,542.4086006013132
2022-03-28 16:19:29,542.87
2022-03-28 16:19:34,542.87
2022-03-28 16:19:39,542.87
2022-03-28 16:19:44,542.4164979318842
2022-03-28 16:19:49,542.418472264527
2022-03-28 16:19:54,542.74
2022-03-28 16:19:59,542.74
2022-03-28 16:20:04,542.74
2022-03-28 16:20:09,542.68
2022-03-28 16:20:14,542.68
2022-03-28 16:20:19,542.4303182603837
2022-03-28 16:20:24,542.4322925930264
2022-03-28 16:20:29,542.4342669256692
2022-03-28 16:20:34,542.58
2022-03-28 16:20:39,542.52
2022-03-28 16:20:44,542.4401899235976
2022-03-28 16:20:49,542.52
2022-03-28 16:20:54,542.46
2022-03-28 16:20:59,542.4461129215258
2022-03-28 16:21:04,542.4480872541686
2022-03-28 16:21:09,542.4500615868114
2022-03-28 16:21:14,542.4
2022-03-28 16:21:19,542.4
2022-03-28 16:21:24,542.37
2022-03-28 16:21:29,542.37
2022-03-28 16:21:34,542.3
2022-03-28 16:21:39,542.461907582668
2022-03-28 16:21:44,542.31
2022-03-28 16:21:49,542.24
2022-03-28 16:21:54,542.24
2022-03-28 16:21:59,542.4698049132392
2022-03-28 16:22:04,542.4717792458819
2022-03-28 16:22:09,542.11
2022-03-28 16:22:14,542.12
2022-03-28 16:22:19,542.09
2022-03-28 16:22:24,542.4796765764529
2022-03-28 16:22:29,542.02
2022-03-28 16:22:34,542.02
2022-03-28 16:22:39,542.09
2022-03-28 16:22:44,542.02
2022-03-28 16:22:49,542.03
2022-03-28 16:22:54,542.03
2022-03-28 16:22:59,542.03
2022-03-28 16:23:04,542.03
2022-03-28 16:23:09,542.03
2022-03-28 16:23:14,541.97
2022-03-28 16:23:19,542.5013942355234
2022-03-28 16:23:24,541.97
2022-03-28 16:23:29,541.97
2022-03-28 16:23:34,541.98
2022-03-28 16:23:39,541.98
2022-03-28 16:23:44,541.98
2022-03-28 16:23:49,542.5132402313801
2022-03-28 16:23:54,541.92
2022-03-28 16:23:59,541.98
2022-03-28 16:24:04,542.5191632293083
2022-03-28 16:24:09,541.99
2022-03-28 16:24:14,541.92
2022-03-28 16:24:19,542.5250862272367
2022-03-28 16:24:24,541.93
2022-03-28 16:24:29,541.93
2022-03-28 16:24:34,542.531009225165
2022-03-28 16:24:39,542.5329835578077
2022-03-28 16:24:44,541.93
2022-03-28 16:24:49,542.5369322230933
2022-03-28 16:24:54,542.0
2022-03-28 16:24:59,541.94
2022-03-28 16:25:04,541.94
2022-03-28 16:25:09,541.94
2022-03-28 16:25:14,542.5468038863072
2022-03-28 16:25:19,541.95
2022-03-28 16:25:24,541.95
2022-03-28 16:25:29,541.95
2022-03-28 16:25:34,541.95
2022-03-28 16:25:39,542.5566755495211
2022-03-28 16:25:44,541.92
2022-03-28 16:25:49,541.92
2022-03-28 16:25:54,541.92
2022-03-28 16:25:59,541.93
2022-03-28 16:26:04,542.5665472127349
2022-03-28 16:26:09,541.93
2022-03-28 16:26:14,541.93
2022-03-28 16:26:19,541.93
2022-03-28 16:26:24,541.93
2022-03-28 16:26:29,541.87
2022-03-28 16:26:34,541.94
2022-03-28 16:26:39,541.94
2022-03-28 16:26:44,542.582341873877
2022-03-28 16:26:49,541.94
2022-03-28 16:26:54,542.5862905391625
2022-03-28 16:26:59,541.94
2022-03-28 16:27:04,541.94
2022-03-28 16:27:09,541.98
2022-03-28 16:27:14,542.5941878697337
2022-03-28 16:27:19,542.5961622023765
2022-03-28 16:27:24,541.98
2022-03-28 16:27:29,541.99
2022-03-28 16:27:34,541.96
2022-03-28 16:27:39,541.99
2022-03-28 16:27:44,541.99
2022-03-28 16:27:49,542.608008198233
2022-03-28 16:27:54,542.06
2022-03-28 16:27:59,542.06
2022-03-28 16:28:04,542.6139311961614
2022-03-28 16:28:09,542.06
2022-03-28 16:28:14,542.06
2022-03-28 16:28:19,542.13
2022-03-28 16:28:24,542.13
2022-03-28 16:28:29,542.6238028593752
2022-03-28 16:28:34,542.23
2022-03-28 16:28:39,542.24
2022-03-28 16:28:44,542.24
2022-03-28 16:28:49,542.24
2022-03-28 16:28:54,542.24
2022-03-28 16:28:59,542.3
2022-03-28 16:29:04,542.6376231878746
2022-03-28 16:29:09,542.31
2022-03-28 16:29:14,542.6415718531601
2022-03-28 16:29:19,542.38
2022-03-28 16:29:24,542.38
2022-03-28 16:29:29,542.6474948510885
2022-03-28 16:29:34,542.38
2022-03-28 16:29:39,542.651443516374
2022-03-28 16:29:44,542.6534178490168
2022-03-28 16:29:49,542.45
2022-03-28 16:29:54,542.45
2022-03-28 16:29:59,542.55
2022-03-28 16:30:04,542.55
2022-03-28 16:30:09,542.62
2022-03-28 16:30:14,542.68
2022-03-28 16:30:19,542.68
2022-03-28 16:30:24,542.6692125101589
2022-03-28 16:30:29,542.6711868428017
2022-03-28 16:30:34,542.76
2022-03-28 16:30:39,542.76
2022-03-28 16:30:44,542.67710984073
2022-03-28 16:30:49,542.86
2022-03-28 16:30:54,542.6810585060156
2022-03-28 16:30:59,542.6830328386584
2022-03-28 16:31:04,542.86
2022-03-28 16:31:09,542.93
2022-03-28 16:31:14,542.6889558365866
2022-03-28 16:31:19,542.93
2022-03-28 16:31:24,542.6929045018722
2022-03-28 16:31:29,543.0
2022-03-28 16:31:34,543.01
2022-03-28 16:31:39,543.01
2022-03-28 16:31:44,543.01
2022-03-28 16:31:49,542.7027761650861
2022-03-28 16:31:54,543.11
2022-03-28 16:31:59,543.11
2022-03-28 16:32:04,543.11
2022-03-28 16:32:09,543.11
2022-03-28 16:32:14,543.24
2022-03-28 16:32:19,542.7146221609427
2022-03-28 16:32:24,543.25
2022-03-28 16:32:29,543.32
2022-03-28 16:32:34,543.32
2022-03-28 16:32:39,542.7225194915138
2022-03-28 16:32:44,543.32
2022-03-28 16:32:49,542.6843109617466
2022-03-28 16:32:54,543.36
2022-03-28 16:32:59,542.6314197149691
2022-03-28 16:33:04,543.36
2022-03-28 16:33:09,543.36
2022-03-28 16:33:14,542.5520828448027
2022-03-28 16:33:19,543.43
2022-03-28 16:33:24,542.4991915980252
2022-03-28 16:33:29,543.44
2022-03-28 16:33:34,542.4463003512476
2022-03-28 16:33:39,543.51
2022-03-28 16:33:44,542.3934091044702
2022-03-28 16:33:49,543.51
2022-03-28 16:33:54,543.58
2022-03-28 16:33:59,542.3140722343038
2022-03-28 16:34:04,543.52
2022-03-28 16:34:09,543.52
2022-03-28 16:34:14,543.52
2022-03-28 16:34:19,543.52
2022-03-28 16:34:24,543.52
2022-03-28 16:34:29,543.53
2022-03-28 16:34:34,543.53
2022-03-28 16:34:39,543.46
2022-03-28 16:34:44,543.46
2022-03-28 16:34:49,543.47
2022-03-28 16:34:54,543.47
2022-03-28 16:34:59,543.41
2022-03-28 16:35:04,543.47
2022-03-28 16:35:09,541.9438335068609
2022-03-28 16:35:14,541.9173878834721
2022-03-28 16:35:19,541.8909422600834
2022-03-28 16:35:24,543.38
2022-03-28 16:35:29,543.38
2022-03-28 16:35:34,543.38
2022-03-28 16:35:39,543.32
2022-03-28 16:35:44,541.7587141431395
2022-03-28 16:35:49,541.7322685197507
2022-03-28 16:35:54,543.26
2022-03-28 16:35:59,543.26
2022-03-28 16:36:04,541.6529316495844
2022-03-28 16:36:09,541.6264860261956
2022-03-28 16:36:14,543.2
2022-03-28 16:36:19,543.2
2022-03-28 16:36:24,543.17
2022-03-28 16:36:29,541.5207035326405
2022-03-28 16:36:34,543.17
2022-03-28 16:36:39,543.1
2022-03-28 16:36:44,541.4413666624743
2022-03-28 16:36:49,543.11
2022-03-28 16:36:54,541.3884754156967
2022-03-28 16:36:59,541.3620297923079
2022-03-28 16:37:04,542.98
2022-03-28 16:37:09,541.3091385455303
2022-03-28 16:37:14,542.92
2022-03-28 16:37:19,542.92
2022-03-28 16:37:24,542.89
2022-03-28 16:37:29,542.89
2022-03-28 16:37:34,541.1769104285864
2022-03-28 16:37:39,541.1504648051977
2022-03-28 16:37:44,542.89
2022-03-28 16:37:49,542.89
2022-03-28 16:37:54,542.89
2022-03-28 16:37:59,542.83
2022-03-28 16:38:04,542.89
2022-03-28 16:38:09,542.83
2022-03-28 16:38:14,542.89
2022-03-28 16:38:19,540.9388998180875
2022-03-28 16:38:24,540.9124541946987
2022-03-28 16:38:29,542.89
2022-03-28 16:38:34,540.8595629479212
2022-03-28 16:38:39,540.8331173245324
2022-03-28 16:38:44,542.9
2022-03-28 16:38:49,542.9
2022-03-28 16:38:54,542.9
2022-03-28 16:38:59,540.7273348309773
2022-03-28 16:39:04,540.7008892075886
2022-03-28 16:39:09,542.93
2022-03-28 16:39:14,542.94
2022-03-28 16:39:19,542.94
2022-03-28 16:39:24,543.0
2022-03-28 16:39:29,543.0
2022-03-28 16:39:34,543.0
2022-03-28 16:39:39,543.07
2022-03-28 16:39:44,543.07
2022-03-28 16:39:49,543.07
2022-03-28 16:39:54,543.07
2022-03-28 16:39:59,540.409987350312
2022-03-28 16:40:04,543.2
2022-03-28 16:40:09,540.3570961035346
2022-03-28 16:40:14,540.3306504801457
2022-03-28 16:40:19,543.2
2022-03-28 16:40:24,543.24
2022-03-28 16:40:29,543.3
2022-03-28 16:40:34,540.2248679865907
2022-03-28 16:40:39,543.3
2022-03-28 16:40:44,543.3
2022-03-28 16:40:49,543.43
2022-03-28 16:40:54,543.44
2022-03-28 16:40:59,540.0926398696467
2022-03-28 16:41:04,540.066194246258
2022-03-28 16:41:09,540.0397486228692
2022-03-28 16:41:14,540.0133029994804
2022-03-28 16:41:19,543.47
2022-03-28 16:41:24,539.9604117527028
2022-03-28 16:41:29,543.54
2022-03-28 16:41:34,543.54
2022-03-28 16:41:39,543.54
2022-03-28 16:41:44,543.61
2022-03-28 16:41:49,539.828183635759
2022-03-28 16:41:54,543.54
2022-03-28 16:41:59,543.61
2022-03-28 16:42:04,543.61
2022-03-28 16:42:09,543.61
2022-03-28 16:42:14,543.61
2022-03-28 16:42:19,539.6695098954264
2022-03-28 16:42:24,539.6430642720376
2022-03-28 16:42:29,543.62
2022-03-28 16:42:34,543.62
2022-03-28 16:42:39,543.56
2022-03-28 16:42:44,539.5372817784825
2022-03-28 16:42:49,543.56
2022-03-28 16:42:54,543.62
2022-03-28 16:42:59,543.56
2022-03-28 16:43:04,543.56
2022-03-28 16:43:09,539.4050536615387
2022-03-28 16:43:14,539.3786080381499
2022-03-28 16:43:19,543.57
2022-03-28 16:43:24,543.57
2022-03-28 16:43:29,543.57
2022-03-28 16:43:34,539.2728255445948
2022-03-28 16:43:39,543.57
2022-03-28 16:43:44,539.2199342978172
2022-03-28 16:43:49,543.51
2022-03-28 16:43:54,539.1670430510396
2022-03-28 16:43:59,539.1405974276508
2022-03-28 16:44:04,543.51
2022-03-28 16:44:09,543.52
2022-03-28 16:44:14,543.48
2022-03-28 16:44:19,539.0348149340957
2022-03-28 16:44:24,543.48
2022-03-28 16:44:29,538.9819236873183
2022-03-28 16:44:34,543.36
2022-03-28 16:44:39,543.36
2022-03-28 16:44:44,543.3
2022-03-28 16:44:49,538.8761411937631
2022-03-28 16:44:54,543.27
2022-03-28 16:44:59,538.8232499469856
2022-03-28 16:45:04,538.7968043235968
2022-03-28 16:45:09,538.770358700208
2022-03-28 16:45:14,538.7439130768192
2022-03-28 16:45:19,542.92
2022-03-28 16:45:24,542.92
2022-03-28 16:45:29,542.86
2022-03-28 16:45:34,542.76
2022-03-28 16:45:39,542.7
2022-03-28 16:45:44,542.57
2022-03-28 16:45:49,538.5587937130979
2022-03-28 16:45:54,538.5323480897091
2022-03-28 16:45:59,542.35
2022-03-28 16:46:04,542.25
2022-03-28 16:46:09,538.4530112195428
2022-03-28 16:46:14,538.426565596154
2022-03-28 16:46:19,538.4001199727652
2022-03-28 16:46:24,541.74
2022-03-28 16:46:29,541.61
2022-03-28 16:46:34,538.3207831025989
2022-03-28 16:46:39,538.2943374792101
2022-03-28 16:46:44,541.16
2022-03-28 16:46:49,541.04
2022-03-28 16:46:54,540.81
2022-03-28 16:46:59,538.3664919869223
2022-03-28 16:47:04,540.53
2022-03-28 16:47:09,540.36
2022-03-28 16:47:14,540.2
2022-03-28 16:47:19,538.5542552807684
2022-03-28 16:47:24,539.85
2022-03-28 16:47:29,538.6481369276914
2022-03-28 16:47:34,538.695077751153
2022-03-28 16:47:39,539.44
2022-03-28 16:47:44,539.28
2022-03-28 16:47:49,539.12
2022-03-28 16:47:54,538.99
2022-03-28 16:47:59,538.92
2022-03-28 16:48:04,538.76
2022-03-28 16:48:09,538.67
2022-03-28 16:48:14,538.48
2022-03-28 16:48:19,538.41
2022-03-28 16:48:24,538.32
2022-03-28 16:48:29,538.19
2022-03-28 16:48:34,538.09
2022-03-28 16:48:39,539.305308456153
2022-03-28 16:48:44,539.3522492796146
2022-03-28 16:48:49,537.81
2022-03-28 16:48:54,539.4461309265376
2022-03-28 16:48:59,537.65
2022-03-28 16:49:04,537.58
2022-03-28 16:49:09,537.52
2022-03-28 16:49:14,537.39
2022-03-28 16:49:19,537.36
2022-03-28 16:49:24,537.36
2022-03-28 16:49:29,539.7747166907685
2022-03-28 16:49:34,537.17
2022-03-28 16:49:39,539.8685983376915
2022-03-28 16:49:44,537.01
2022-03-28 16:49:49,537.01
2022-03-28 16:49:54,536.95
2022-03-28 16:49:59,536.89
2022-03-28 16:50:04,540.1033024549993
2022-03-28 16:50:09,536.79
2022-03-28 16:50:14,540.1971841019223
2022-03-28 16:50:19,540.2441249253839
2022-03-28 16:50:24,536.73
2022-03-28 16:50:29,536.73
2022-03-28 16:50:34,536.67
2022-03-28 16:50:39,540.4318882192301
2022-03-28 16:50:44,536.67
2022-03-28 16:50:49,536.67
2022-03-28 16:50:54,540.5727106896147
2022-03-28 16:50:59,540.6196515130762
2022-03-28 16:51:04,536.68
2022-03-28 16:51:09,536.68
2022-03-28 16:51:14,536.68
2022-03-28 16:51:19,536.75
2022-03-28 16:51:24,536.75
2022-03-28 16:51:29,536.68
2022-03-28 16:51:34,536.81
2022-03-28 16:51:39,536.81
2022-03-28 16:51:44,536.88
2022-03-28 16:51:49,536.91
2022-03-28 16:51:54,536.98
2022-03-28 16:51:59,537.04
2022-03-28 16:52:04,537.11
2022-03-28 16:52:09,537.18
2022-03-28 16:52:14,541.3237638649994
2022-03-28 16:52:19,541.3707046884608
2022-03-28 16:52:24,537.4
2022-03-28 16:52:29,541.464586335384
2022-03-28 16:52:34,537.5
2022-03-28 16:52:39,541.558467982307
2022-03-28 16:52:44,541.6054088057685
2022-03-28 16:52:49,537.79
2022-03-28 16:52:54,537.86
2022-03-28 16:52:59,537.92
2022-03-28 16:53:04,538.02
2022-03-28 16:53:09,538.09
2022-03-28 16:53:14,541.8870537465377
2022-03-28 16:53:19,538.21
2022-03-28 16:53:24,538.38
2022-03-28 16:53:29,538.38
2022-03-28 16:53:34,538.47
2022-03-28 16:53:39,542.1217578638456
2022-03-28 16:53:44,538.67
2022-03-28 16:53:49,538.67
2022-03-28 16:53:54,538.77
2022-03-28 16:53:59,538.9
2022-03-28 16:54:04,538.96
2022-03-28 16:54:09,542.4034028046148
2022-03-28 16:54:14,542.4503436280762
2022-03-28 16:54:19,539.19
2022-03-28 16:54:24,539.25
2022-03-28 16:54:29,539.35
2022-03-28 16:54:34,539.41
2022-03-28 16:54:39,539.51
2022-03-28 16:54:44,539.57
2022-03-28 16:54:49,539.64
2022-03-28 16:54:54,539.8
2022-03-28 16:54:59,539.8
2022-03-28 16:55:04,542.9197518626917
2022-03-28 16:55:09,539.99
2022-03-28 16:55:14,543.0136335096148
2022-03-28 16:55:19,540.15
2022-03-28 16:55:24,543.1075151565378
2022-03-28 16:55:29,543.1544559799994
2022-03-28 16:55:34,540.38
2022-03-28 16:55:39,543.2483376269224
2022-03-28 16:55:44,540.54
2022-03-28 16:55:49,540.54
2022-03-28 16:55:54,540.67
2022-03-28 16:55:59,540.73
2022-03-28 16:56:04,540.8
2022-03-28 16:56:09,540.83
2022-03-28 16:56:14,540.96
2022-03-28 16:56:19,543.6238642146149
2022-03-28 16:56:24,541.02
2022-03-28 16:56:29,541.05
2022-03-28 16:56:34,541.12
2022-03-28 16:56:39,543.8116275084609
2022-03-28 16:56:44,543.8585683319225
2022-03-28 16:56:49,541.34
2022-03-28 16:56:54,541.4
2022-03-28 16:56:59,541.47
2022-03-28 16:57:04,541.46
2022-03-28 16:57:09,541.56
2022-03-28 16:57:14,544.1402132726917
2022-03-28 16:57:19,541.69
2022-03-28 16:57:24,541.75
2022-03-28 16:57:29,544.2810357430764
2022-03-28 16:57:34,541.91
2022-03-28 16:57:39,544.3749173899995
2022-03-28 16:57:44,544.421858213461
2022-03-28 16:57:49,542.04
2022-03-28 16:57:54,542.14
2022-03-28 16:57:59,542.2
2022-03-28 16:58:04,542.33
2022-03-28 16:58:09,544.6565623307687
2022-03-28 16:58:14,544.7035031542302
2022-03-28 16:58:19,542.49
2022-03-28 16:58:24,542.59
2022-03-28 16:58:29,544.8443256246148
2022-03-28 16:58:34,542.78
2022-03-28 16:58:39,542.85
2022-03-28 16:58:44,542.88
2022-03-28 16:58:49,543.01
2022-03-28 16:58:54,545.0790297419226
2022-03-28 16:58:59,543.17
2022-03-28 16:59:04,543.23
2022-03-28 16:59:09,545.2198522123072
2022-03-28 16:59:14,545.2667930357687
2022-03-28 16:59:19,545.3137338592303
2022-03-28 16:59:24,543.52
2022-03-28 16:59:29,543.68
2022-03-28 16:59:34,545.4545563296149
2022-03-28 16:59:39,543.88
2022-03-28 16:59:44,543.91
2022-03-28 16:59:49,545.5953787999995
2022-03-28 16:59:54,544.14
2022-03-28 16:59:59,544.2
2022-03-28 17:00:04,544.26
2022-03-28 17:00:09,544.43
2022-03-28 17:00:14,545.8300829173072
2022-03-28 17:00:19,545.8770237407688
2022-03-28 17:00:24,544.65
2022-03-28 17:00:29,544.78
2022-03-28 17:00:34,544.85
2022-03-28 17:00:39,545.01
2022-03-28 17:00:44,545.07
2022-03-28 17:00:49,545.17
2022-03-28 17:00:54,546.1853551490335
2022-03-28 17:00:59,546.1769485077969
2022-03-28 17:01:04,545.46
2022-03-28 17:01:09,545.52
2022-03-28 17:01:14,546.1517285840869
2022-03-28 17:01:19,546.1433219428502
2022-03-28 17:01:24,545.88
2022-03-28 17:01:29,545.94
2022-03-28 17:01:34,546.1181020191402
2022-03-28 17:01:39,546.11
2022-03-28 17:01:44,546.27
2022-03-28 17:01:49,546.0928820954302
2022-03-28 17:01:54,546.0844754541936
2022-03-28 17:01:59,546.5
2022-03-28 17:02:04,546.5
2022-03-28 17:02:09,546.62
2022-03-28 17:02:14,546.69
2022-03-28 17:02:19,546.72
2022-03-28 17:02:24,546.72
2022-03-28 17:02:29,546.025628965537
2022-03-28 17:02:34,546.0172223243003
2022-03-28 17:02:39,546.85
2022-03-28 17:02:44,546.91
2022-03-28 17:02:49,546.91
2022-03-28 17:02:54,546.98
2022-03-28 17:02:59,546.98
2022-03-28 17:03:04,545.9667824768803
2022-03-28 17:03:09,546.98
2022-03-28 17:03:14,545.949969194407
2022-03-28 17:03:19,546.98
2022-03-28 17:03:24,546.98
2022-03-28 17:03:29,547.01
2022-03-28 17:03:34,547.01
2022-03-28 17:03:39,545.9079359882237
2022-03-28 17:03:44,546.98
2022-03-28 17:03:49,545.8911227057504
2022-03-28 17:03:54,546.92
2022-03-28 17:03:59,545.874309423277
2022-03-28 17:04:04,546.85
2022-03-28 17:04:09,546.85
2022-03-28 17:04:14,546.79
2022-03-28 17:04:19,545.8406828583304
2022-03-28 17:04:24,546.72
2022-03-28 17:04:29,545.8238695758571
2022-03-28 17:04:34,546.69
2022-03-28 17:04:39,545.8070562933838
2022-03-28 17:04:44,545.7986496521471
2022-03-28 17:04:49,545.7902430109104
2022-03-28 17:04:54,546.49
2022-03-28 17:04:59,546.49
2022-03-28 17:05:04,546.46
2022-03-28 17:05:09,545.7566164459638
2022-03-28 17:05:14,546.39
2022-03-28 17:05:19,546.26
2022-03-28 17:05:24,545.7313965222538
2022-03-28 17:05:29,546.19
2022-03-28 17:05:34,546.16
2022-03-28 17:05:39,546.16
2022-03-28 17:05:44,546.1
2022-03-28 17:05:49,546.1
2022-03-28 17:05:54,546.03
2022-03-28 17:05:59,545.97
2022-03-28 17:06:04,545.94
2022-03-28 17:06:09,545.94
2022-03-28 17:06:14,545.93
2022-03-28 17:06:19,545.6389234686505
2022-03-28 17:06:24,545.87
2022-03-28 17:06:29,545.87
2022-03-28 17:06:34,545.6137035449406
2022-03-28 17:06:39,545.8
2022-03-28 17:06:44,545.8
2022-03-28 17:06:49,545.5884836212306
2022-03-28 17:06:54,545.8
2022-03-28 17:06:59,545.73
2022-03-28 17:07:04,545.5632636975206
2022-03-28 17:07:09,545.73
2022-03-28 17:07:14,545.5464504150473
2022-03-28 17:07:19,545.5380437738106
2022-03-28 17:07:24,545.529637132574
2022-03-28 17:07:29,545.72
2022-03-28 17:07:34,545.72
2022-03-28 17:07:39,545.504417208864
2022-03-28 17:07:44,545.4960105676272
2022-03-28 17:07:49,545.4876039263906
2022-03-28 17:07:54,545.479197285154
2022-03-28 17:07:59,545.4707906439172
2022-03-28 17:08:04,545.62
2022-03-28 17:08:09,545.62
2022-03-28 17:08:14,545.4455707202072
2022-03-28 17:08:19,545.62
2022-03-28 17:08:24,545.55
2022-03-28 17:08:29,545.56
2022-03-28 17:08:34,545.4119441552607
2022-03-28 17:08:39,545.49
2022-03-28 17:08:44,545.49
2022-03-28 17:08:49,545.43
2022-03-28 17:08:54,545.42
2022-03-28 17:08:59,545.42
2022-03-28 17:09:04,545.42
2022-03-28 17:09:09,545.39
2022-03-28 17:09:14,545.33
2022-03-28 17:09:19,545.33
2022-03-28 17:09:24,545.33
2022-03-28 17:09:29,545.26
2022-03-28 17:09:34,545.3110644604207
2022-03-28 17:09:39,545.2
2022-03-28 17:09:44,545.2942511779473
2022-03-28 17:09:49,545.13
2022-03-28 17:09:54,545.277437895474
2022-03-28 17:09:59,545.1
2022-03-28 17:10:04,545.2606246130007
2022-03-28 17:10:09,545.13
2022-03-28 17:10:14,545.1
2022-03-28 17:10:19,545.2354046892907
2022-03-28 17:10:24,545.226998048054
2022-03-28 17:10:29,545.04
2022-03-28 17:10:34,545.2101847655807
2022-03-28 17:10:39,544.97
2022-03-28 17:10:44,544.91
2022-03-28 17:10:49,544.91
2022-03-28 17:10:54,544.88
2022-03-28 17:10:59,544.81
2022-03-28 17:11:04,544.81
2022-03-28 17:11:09,544.81
2022-03-28 17:11:14,545.1429316356874
2022-03-28 17:11:19,545.1345249944508
2022-03-28 17:11:24,545.1261183532141
2022-03-28 17:11:29,544.62
2022-03-28 17:11:34,545.1093050707408
2022-03-28 17:11:39,545.1008984295041
2022-03-28 17:11:44,545.0924917882675
2022-03-28 17:11:49,544.59
2022-03-28 17:11:54,544.52
2022-03-28 17:11:59,545.0672718645575
2022-03-28 17:12:04,544.46
2022-03-28 17:12:09,544.39
2022-03-28 17:12:14,544.39
2022-03-28 17:12:19,544.39
2022-03-28 17:12:24,544.4
2022-03-28 17:12:29,544.39
2022-03-28 17:12:34,544.36
2022-03-28 17:12:39,544.36
2022-03-28 17:12:44,544.9916120934275
2022-03-28 17:12:49,544.3
2022-03-28 17:12:54,544.3
2022-03-28 17:12:59,544.9663921697176
2022-03-28 17:13:04,544.24
2022-03-28 17:13:09,544.9495788872442
2022-03-28 17:13:14,544.9411722460076
2022-03-28 17:13:19,544.9327656047709
2022-03-28 17:13:24,544.9243589635342
2022-03-28 17:13:29,544.1
2022-03-28 17:13:34,544.9075456810609
2022-03-28 17:13:39,544.8991390398243
2022-03-28 17:13:44,544.01
2022-03-28 17:13:49,544.01
2022-03-28 17:13:54,544.01
2022-03-28 17:13:59,543.94
2022-03-28 17:14:04,543.94
2022-03-28 17:14:09,543.88
2022-03-28 17:14:14,543.88
2022-03-28 17:14:19,544.831885909931
2022-03-28 17:14:24,543.88
2022-03-28 17:14:29,544.8150726274577
2022-03-28 17:14:34,543.84
2022-03-28 17:14:39,543.78
2022-03-28 17:14:44,544.7898527037477
2022-03-28 17:14:49,543.78
2022-03-28 17:14:54,543.78
2022-03-28 17:14:59,543.78
2022-03-28 17:15:04,543.71
2022-03-28 17:15:09,543.71
2022-03-28 17:15:14,543.64
2022-03-28 17:15:19,544.7728102073823
2022-03-28 17:15:24,543.58
2022-03-28 17:15:29,543.55
2022-03-28 17:15:34,544.7767068307795
2022-03-28 17:15:39,544.7780057052452
2022-03-28 17:15:44,543.54
2022-03-28 17:15:49,543.48
2022-03-28 17:15:54,543.48
2022-03-28 17:15:59,544.783201203108
2022-03-28 17:16:04,544.7845000775736
2022-03-28 17:16:09,544.7857989520394
2022-03-28 17:16:14,544.787097826505
2022-03-28 17:16:19,543.34
2022-03-28 17:16:24,544.7896955754364
2022-03-28 17:16:29,543.4
2022-03-28 17:16:34,544.7922933243678
2022-03-28 17:16:39,543.4
2022-03-28 17:16:44,543.34
2022-03-28 17:16:49,543.4
2022-03-28 17:16:54,543.34
2022-03-28 17:16:59,544.7987876966963
2022-03-28 17:17:04,543.4
2022-03-28 17:17:09,544.8013854456277
2022-03-28 17:17:14,543.33
2022-03-28 17:17:19,543.4
2022-03-28 17:17:24,544.8052820690248
2022-03-28 17:17:29,543.33
2022-03-28 17:17:34,543.33
2022-03-28 17:17:39,544.8091786924219
2022-03-28 17:17:44,543.39
2022-03-28 17:17:49,543.39
2022-03-28 17:17:54,543.45
2022-03-28 17:17:59,544.8143741902848
2022-03-28 17:18:04,543.45
2022-03-28 17:18:09,543.45
2022-03-28 17:18:14,543.51
2022-03-28 17:18:19,543.51
2022-03-28 17:18:24,544.8208685626132
2022-03-28 17:18:29,543.54
2022-03-28 17:18:34,543.54
2022-03-28 17:18:39,543.6
2022-03-28 17:18:44,544.826064060476
2022-03-28 17:18:49,543.67
2022-03-28 17:18:54,543.67
2022-03-28 17:18:59,544.8299606838731
2022-03-28 17:19:04,544.8312595583387
2022-03-28 17:19:09,543.72
2022-03-28 17:19:14,544.8338573072701
2022-03-28 17:19:19,543.66
2022-03-28 17:19:24,543.79
2022-03-28 17:19:29,544.8377539306673
2022-03-28 17:19:34,544.839052805133
2022-03-28 17:19:39,544.8403516795986
2022-03-28 17:19:44,543.82
2022-03-28 17:19:49,544.84294942853
2022-03-28 17:19:54,543.82
2022-03-28 17:19:59,544.8455471774614
2022-03-28 17:20:04,544.8468460519272
2022-03-28 17:20:09,544.8481449263928
2022-03-28 17:20:14,544.01
2022-03-28 17:20:19,544.8507426753242
2022-03-28 17:20:24,544.04
2022-03-28 17:20:29,544.8533404242556
2022-03-28 17:20:34,544.8546392987213
2022-03-28 17:20:39,544.1
2022-03-28 17:20:44,544.8572370476527
2022-03-28 17:20:49,544.8585359221184
2022-03-28 17:20:54,544.17
2022-03-28 17:20:59,544.17
2022-03-28 17:21:04,544.8624325455155
2022-03-28 17:21:09,544.23
2022-03-28 17:21:14,544.29
2022-03-28 17:21:19,544.8663291689126
2022-03-28 17:21:24,544.8676280433783
2022-03-28 17:21:29,544.32
2022-03-28 17:21:34,544.8702257923097
2022-03-28 17:21:39,544.39
2022-03-28 17:21:44,544.46
2022-03-28 17:21:49,544.45
2022-03-28 17:21:54,544.52
2022-03-28 17:21:59,544.52
2022-03-28 17:22:04,544.8780190391038
2022-03-28 17:22:09,544.61
2022-03-28 17:22:14,544.8806167880352
2022-03-28 17:22:19,544.881915662501
2022-03-28 17:22:24,544.8832145369666
2022-03-28 17:22:29,544.68
2022-03-28 17:22:34,544.885812285898
2022-03-28 17:22:39,544.68
2022-03-28 17:22:44,544.8884100348295
2022-03-28 17:22:49,544.74
2022-03-28 17:22:54,544.81
2022-03-28 17:22:59,544.8923066582265
2022-03-28 17:23:04,544.8936055326923
2022-03-28 17:23:09,544.84
2022-03-28 17:23:14,544.8962032816237
2022-03-28 17:23:19,544.8975021560893
2022-03-28 17:23:24,544.898801030555
2022-03-28 17:23:29,544.9
2022-03-28 17:23:34,544.9
2022-03-28 17:23:39,544.97
2022-03-28 17:23:44,544.97
2022-03-28 17:23:49,544.9052954028836
2022-03-28 17:23:54,545.03
2022-03-28 17:23:59,545.03
2022-03-28 17:24:04,545.03
2022-03-28 17:24:09,545.06
2022-03-28 17:24:14,545.03
2022-03-28 17:24:19,544.9130886496777
2022-03-28 17:24:24,544.9143875241434
2022-03-28 17:24:29,545.06
2022-03-28 17:24:34,545.06
2022-03-28 17:24:39,545.12
2022-03-28 17:24:44,545.06
2022-03-28 17:24:49,544.9208818964719
2022-03-28 17:24:54,545.05
2022-03-28 17:24:59,545.12
2022-03-28 17:25:04,545.12
2022-03-28 17:25:09,545.18
2022-03-28 17:25:14,545.18
2022-03-28 17:25:19,544.9286751432661
2022-03-28 17:25:24,545.12
2022-03-28 17:25:29,545.18
2022-03-28 17:25:34,545.18
2022-03-28 17:25:39,545.18
2022-03-28 17:25:44,545.18
2022-03-28 17:25:49,544.9364683900602
2022-03-28 17:25:54,545.18
2022-03-28 17:25:59,545.17
2022-03-28 17:26:04,544.9403650134574
2022-03-28 17:26:09,545.17
2022-03-28 17:26:14,544.9429627623887
2022-03-28 17:26:19,544.9442616368544
2022-03-28 17:26:24,545.17
2022-03-28 17:26:29,545.17
2022-03-28 17:26:34,545.1
2022-03-28 17:26:39,544.9494571347172
2022-03-28 17:26:44,545.17
2022-03-28 17:26:49,544.9520548836487
2022-03-28 17:26:54,545.1
2022-03-28 17:26:59,545.04
2022-03-28 17:27:04,544.9559515070457
2022-03-28 17:27:09,544.9572503815114
2022-03-28 17:27:14,545.03
2022-03-28 17:27:19,545.0
2022-03-28 17:27:24,544.9611470049085
2022-03-28 17:27:29,544.9624458793742
2022-03-28 17:27:34,544.86
2022-03-28 17:27:39,544.8
2022-03-28 17:27:44,544.9663425027712
2022-03-28 17:27:49,544.76
2022-03-28 17:27:54,544.63
2022-03-28 17:27:59,544.9702391261684
2022-03-28 17:28:04,544.63
2022-03-28 17:28:09,544.5
2022-03-28 17:28:14,544.5
2022-03-28 17:28:19,544.47
2022-03-28 17:28:24,544.9767334984969
2022-03-28 17:28:29,544.4
2022-03-28 17:28:34,544.4
2022-03-28 17:28:39,544.9806301218939
2022-03-28 17:28:44,544.33
2022-03-28 17:28:49,544.27
2022-03-28 17:28:54,544.9845267452911
2022-03-28 17:28:59,544.23
2022-03-28 17:29:04,544.9873349506258
2022-03-28 17:29:09,544.9894806221164
2022-03-28 17:29:14,544.16
2022-03-28 17:29:19,544.16
2022-03-28 17:29:24,544.16
2022-03-28 17:29:29,544.16
2022-03-28 17:29:34,544.1
2022-03-28 17:29:39,545.0023546510592
2022-03-28 17:29:44,544.03
2022-03-28 17:29:49,545.0066459940401
2022-03-28 17:29:54,545.0087916655307
2022-03-28 17:29:59,545.0109373370211
2022-03-28 17:30:04,544.09
2022-03-28 17:30:09,544.02
2022-03-28 17:30:14,545.0173743514925
2022-03-28 17:30:19,544.09
2022-03-28 17:30:24,544.09
2022-03-28 17:30:29,544.09
2022-03-28 17:30:34,544.09
2022-03-28 17:30:39,544.09
2022-03-28 17:30:44,544.15
2022-03-28 17:30:49,544.09
2022-03-28 17:30:54,544.15
2022-03-28 17:30:59,545.036685394907
2022-03-28 17:31:04,545.0388310663974
2022-03-28 17:31:09,544.09
2022-03-28 17:31:14,544.15
2022-03-28 17:31:19,544.09
2022-03-28 17:31:24,544.15
2022-03-28 17:31:29,544.15
2022-03-28 17:31:34,544.15
2022-03-28 17:31:39,544.15
2022-03-28 17:31:44,544.21
2022-03-28 17:31:49,544.15
2022-03-28 17:31:54,544.24
2022-03-28 17:31:59,544.21
2022-03-28 17:32:04,544.21
2022-03-28 17:32:09,544.21
2022-03-28 17:32:14,544.24
2022-03-28 17:32:19,544.24
2022-03-28 17:32:24,544.24
2022-03-28 17:32:29,544.31
2022-03-28 17:32:34,544.31
2022-03-28 17:32:39,545.0795988247165
2022-03-28 17:32:44,544.31
2022-03-28 17:32:49,544.37
2022-03-28 17:32:54,544.44
2022-03-28 17:32:59,545.0881815106784
2022-03-28 17:33:04,544.44
2022-03-28 17:33:09,545.0924728536594
2022-03-28 17:33:14,545.0946185251498
2022-03-28 17:33:19,545.0967641966404
2022-03-28 17:33:24,545.0989098681308
2022-03-28 17:33:29,544.54
2022-03-28 17:33:34,544.6
2022-03-28 17:33:39,544.66
2022-03-28 17:33:44,544.66
2022-03-28 17:33:49,544.66
2022-03-28 17:33:54,544.73
2022-03-28 17:33:59,545.1139295685642
2022-03-28 17:34:04,544.76
2022-03-28 17:34:09,545.1182209115452
2022-03-28 17:34:14,544.73
2022-03-28 17:34:19,545.1225122545261
2022-03-28 17:34:24,544.76
2022-03-28 17:34:29,544.76
2022-03-28 17:34:34,544.82
2022-03-28 17:34:39,544.82
2022-03-28 17:34:44,545.1332406119785
2022-03-28 17:34:49,544.82
2022-03-28 17:34:54,544.88
2022-03-28 17:34:59,544.88
2022-03-28 17:35:04,544.88
2022-03-28 17:35:09,544.88
2022-03-28 17:35:14,545.1461146409214
2022-03-28 17:35:19,544.88
2022-03-28 17:35:24,544.88
2022-03-28 17:35:29,544.88
2022-03-28 17:35:34,544.88
2022-03-28 17:35:39,544.95
2022-03-28 17:35:44,545.1589886698642
2022-03-28 17:35:49,544.82
2022-03-28 17:35:54,545.1632800128452
2022-03-28 17:35:59,545.1654256843358
2022-03-28 17:36:04,544.81
2022-03-28 17:36:09,545.1697170273167
2022-03-28 17:36:14,544.81
2022-03-28 17:36:19,544.81
2022-03-28 17:36:24,544.81
2022-03-28 17:36:29,545.1782997132786
2022-03-28 17:36:34,545.1804453847691
2022-03-28 17:36:39,545.1825910562595
2022-03-28 17:36:44,545.1847367277501
2022-03-28 17:36:49,545.1868823992405
2022-03-28 17:36:54,545.1890280707311
2022-03-28 17:36:59,544.71
2022-03-28 17:37:04,544.74
2022-03-28 17:37:09,544.71
2022-03-28 17:37:14,545.1976107566929
2022-03-28 17:37:19,544.64
2022-03-28 17:37:24,544.64
2022-03-28 17:37:29,545.2040477711644
2022-03-28 17:37:34,544.64
2022-03-28 17:37:39,544.64
2022-03-28 17:37:44,544.57
2022-03-28 17:37:49,544.63
2022-03-28 17:37:54,544.57
2022-03-28 17:37:59,544.57
2022-03-28 17:38:04,545.2190674715978
2022-03-28 17:38:09,544.56
2022-03-28 17:38:14,545.2233588145787
2022-03-28 17:38:19,544.5
2022-03-28 17:38:24,545.2276501575597
2022-03-28 17:38:29,544.49
2022-03-28 17:38:34,544.49
2022-03-28 17:38:39,544.49
2022-03-28 17:38:44,544.43
2022-03-28 17:38:49,544.43
2022-03-28 17:38:54,545.2405241865025
2022-03-28 17:38:59,545.2426698579931
2022-03-28 17:39:04,544.42
2022-03-28 17:39:09,544.39
2022-03-28 17:39:14,544.39
2022-03-28 17:39:19,544.39
2022-03-28 17:39:24,545.2533982154455
2022-03-28 17:39:29,545.2555438869359
2022-03-28 17:39:34,545.2576895584264
2022-03-28 17:39:39,544.38
2022-03-28 17:39:44,545.2619809014074
2022-03-28 17:39:49,544.32
2022-03-28 17:39:54,544.38
2022-03-28 17:39:59,545.2684179158788
2022-03-28 17:40:04,544.31
2022-03-28 17:40:09,545.2727092588598
2022-03-28 17:40:14,545.2748549303502
2022-03-28 17:40:19,544.38
2022-03-28 17:40:24,544.38
2022-03-28 17:40:29,544.31
2022-03-28 17:40:34,545.2834376163122
2022-03-28 17:40:39,544.31
2022-03-28 17:40:44,544.24
2022-03-28 17:40:49,545.2898746307836
2022-03-28 17:40:54,544.18
2022-03-28 17:40:59,545.2941659737646
2022-03-28 17:41:04,545.2963116452551
2022-03-28 17:41:09,545.2984573167455
2022-03-28 17:41:14,544.18
2022-03-28 17:41:19,544.18
2022-03-28 17:41:24,544.15
2022-03-28 17:41:29,544.08
2022-03-28 17:41:34,544.02
2022-03-28 17:41:39,545.3113313456884
2022-03-28 17:41:44,544.02
2022-03-28 17:41:49,544.02
2022-03-28 17:41:54,545.3177683601598
2022-03-28 17:41:59,543.95
2022-03-28 17:42:04,543.89
2022-03-28 17:42:09,543.89
2022-03-28 17:42:14,543.89
2022-03-28 17:42:19,543.86
2022-03-28 17:42:24,543.85
2022-03-28 17:42:29,545.3327880605932
2022-03-28 17:42:34,543.79
2022-03-28 17:42:39,543.79
2022-03-28 17:42:44,545.3392250750646
2022-03-28 17:42:49,543.79
2022-03-28 17:42:54,543.73
2022-03-28 17:42:59,543.73
2022-03-28 17:43:04,543.66
2022-03-28 17:43:09,545.350077116145
2022-03-28 17:43:14,543.66
2022-03-28 17:43:19,543.63
2022-03-28 17:43:24,545.3584688419741
2022-03-28 17:43:29,543.63
2022-03-28 17:43:34,543.57
2022-03-28 17:43:39,543.57
2022-03-28 17:43:44,543.57
2022-03-28 17:43:49,545.372455051689
2022-03-28 17:43:54,543.5
2022-03-28 17:43:59,543.57
2022-03-28 17:44:04,543.5
2022-03-28 17:44:09,543.57
2022-03-28 17:44:14,543.57
2022-03-28 17:44:19,543.57
2022-03-28 17:44:24,543.57
2022-03-28 17:44:29,545.3948329872329
2022-03-28 17:44:34,545.3976302291759
2022-03-28 17:44:39,543.57
2022-03-28 17:44:44,545.403224713062
2022-03-28 17:44:49,545.4060219550049
2022-03-28 17:44:54,543.5
2022-03-28 17:44:59,545.4116164388909
2022-03-28 17:45:04,543.5
2022-03-28 17:45:09,545.4172109227769
2022-03-28 17:45:14,543.57
2022-03-28 17:45:19,543.5
2022-03-28 17:45:24,543.5
2022-03-28 17:45:29,543.5
2022-03-28 17:45:34,543.5
2022-03-28 17:45:39,543.5
2022-03-28 17:45:44,543.5
2022-03-28 17:45:49,543.5
2022-03-28 17:45:54,543.5
2022-03-28 17:45:59,545.4451833422069
2022-03-28 17:46:04,543.5
2022-03-28 17:46:09,545.4507778260928
2022-03-28 17:46:14,543.5
2022-03-28 17:46:19,543.5
2022-03-28 17:46:24,543.5
2022-03-28 17:46:29,543.49
2022-03-28 17:46:34,543.5
2022-03-28 17:46:39,543.5
2022-03-28 17:46:44,543.43
2022-03-28 17:46:49,545.4731557616368
2022-03-28 17:46:54,543.43
2022-03-28 17:46:59,543.49
2022-03-28 17:47:04,543.43
2022-03-28 17:47:09,543.42
2022-03-28 17:47:14,545.4871419713518
2022-03-28 17:47:19,545.4899392132947
2022-03-28 17:47:24,543.42
2022-03-28 17:47:29,543.42
2022-03-28 17:47:34,543.49
2022-03-28 17:47:39,543.35
2022-03-28 17:47:44,543.42
2022-03-28 17:47:49,543.42
2022-03-28 17:47:54,543.48
2022-03-28 17:47:59,543.48
2022-03-28 17:48:04,543.48
2022-03-28 17:48:09,545.5179116327247
2022-03-28 17:48:14,543.48
2022-03-28 17:48:19,543.47
2022-03-28 17:48:24,543.54
2022-03-28 17:48:29,545.5291006004967
2022-03-28 17:48:34,545.5318978424397
2022-03-28 17:48:39,545.5346950843826
2022-03-28 17:48:44,545.5374923263256
2022-03-28 17:48:49,543.63
2022-03-28 17:48:54,545.5430868102117
2022-03-28 17:48:59,543.63
2022-03-28 17:49:04,545.5486812940976
2022-03-28 17:49:09,543.69
2022-03-28 17:49:14,545.5542757779835
2022-03-28 17:49:19,543.75
2022-03-28 17:49:24,543.82
2022-03-28 17:49:29,543.75
2022-03-28 17:49:34,543.84
2022-03-28 17:49:39,543.84
2022-03-28 17:49:44,543.84
2022-03-28 17:49:49,543.91
2022-03-28 17:49:54,543.97
2022-03-28 17:49:59,543.97
2022-03-28 17:50:04,544.03
2022-03-28 17:50:09,544.03
2022-03-28 17:50:14,544.09
2022-03-28 17:50:19,545.5906399232425
2022-03-28 17:50:24,544.12
2022-03-28 17:50:29,544.12
2022-03-28 17:50:34,545.5990316490714
2022-03-28 17:50:39,545.6018288910145
2022-03-28 17:50:44,544.18
2022-03-28 17:50:49,544.25
2022-03-28 17:50:54,544.25
2022-03-28 17:50:59,545.6130178587864
2022-03-28 17:51:04,544.31
2022-03-28 17:51:09,545.6186123426725
2022-03-28 17:51:14,545.6214095846154
2022-03-28 17:51:19,544.35
2022-03-28 17:51:24,545.6270040685014
2022-03-28 17:51:29,544.34
2022-03-28 17:51:34,544.41
2022-03-28 17:51:39,544.41
2022-03-28 17:51:44,545.6381930362734
2022-03-28 17:51:49,545.6409902782163
2022-03-28 17:51:54,544.54
2022-03-28 17:51:59,544.53
2022-03-28 17:52:04,544.6
2022-03-28 17:52:09,545.6521792459883
2022-03-28 17:52:14,544.6
2022-03-28 17:52:19,545.6577737298744
2022-03-28 17:52:24,544.63
2022-03-28 17:52:29,545.6633682137604
2022-03-28 17:52:34,544.69
2022-03-28 17:52:39,544.69
2022-03-28 17:52:44,544.69
2022-03-28 17:52:49,544.69
2022-03-28 17:52:54,545.6773544234753
2022-03-28 17:52:59,544.7
2022-03-28 17:53:04,544.7
2022-03-28 17:53:09,544.69
2022-03-28 17:53:14,545.6885433912473
2022-03-28 17:53:19,545.6913406331903
2022-03-28 17:53:24,545.6941378751333
2022-03-28 17:53:29,545.6969351170762
2022-03-28 17:53:34,544.7
2022-03-28 17:53:39,545.7025296009623
2022-03-28 17:53:44,545.7053268429053
2022-03-28 17:53:49,544.76
2022-03-28 17:53:54,545.7109213267912
2022-03-28 17:53:59,544.76
2022-03-28 17:54:04,545.7165158106773
2022-03-28 17:54:09,545.7193130526202
2022-03-28 17:54:14,544.76
2022-03-28 17:54:19,545.7249075365062
2022-03-28 17:54:24,545.7277047784492
2022-03-28 17:54:29,544.83
2022-03-28 17:54:34,544.76
2022-03-28 17:54:39,545.7360965042782
2022-03-28 17:54:44,545.7388937462212
2022-03-28 17:54:49,544.76
2022-03-28 17:54:54,544.7
2022-03-28 17:54:59,545.7472854720502
2022-03-28 17:55:04,544.76
2022-03-28 17:55:09,544.76
2022-03-28 17:55:14,544.7
2022-03-28 17:55:19,544.77
2022-03-28 17:55:24,544.76
2022-03-28 17:55:29,544.77
2022-03-28 17:55:34,545.7668661656511
2022-03-28 17:55:39,544.7
2022-03-28 17:55:44,544.7
2022-03-28 17:55:49,544.7
2022-03-28 17:55:54,544.7
2022-03-28 17:55:59,545.7808523753661
2022-03-28 17:56:04,544.64
2022-03-28 17:56:09,544.64
2022-03-28 17:56:14,544.64
2022-03-28 17:56:19,544.63
2022-03-28 17:56:24,544.54
2022-03-28 17:56:29,544.54
2022-03-28 17:56:34,544.53
2022-03-28 17:56:39,544.6
2022-03-28 17:56:44,544.47
2022-03-28 17:56:49,544.47
2022-03-28 17:56:54,544.47
2022-03-28 17:56:59,544.4
2022-03-28 17:57:04,544.4
2022-03-28 17:57:09,545.820013762568
2022-03-28 17:57:14,544.4
2022-03-28 17:57:19,544.4
2022-03-28 17:57:24,544.34
2022-03-28 17:57:29,545.7881831108764
2022-03-28 17:57:34,544.34
2022-03-28 17:57:39,545.7662988128301
2022-03-28 17:57:44,544.24
2022-03-28 17:57:49,544.24
2022-03-28 17:57:54,544.24
2022-03-28 17:57:59,544.24
2022-03-28 17:58:04,545.7115880677142
2022-03-28 17:58:09,545.7006459186911
2022-03-28 17:58:14,544.17
2022-03-28 17:58:19,544.17
2022-03-28 17:58:24,544.1
2022-03-28 17:58:29,544.1
2022-03-28 17:58:34,545.6459351735751
2022-03-28 17:58:39,544.1
2022-03-28 17:58:44,545.6240508755288
2022-03-28 17:58:49,545.6131087265056
2022-03-28 17:58:54,544.07
2022-03-28 17:58:59,544.0
2022-03-28 17:59:04,545.5802822794361
2022-03-28 17:59:09,544.0
2022-03-28 17:59:14,543.94
2022-03-28 17:59:19,543.94
2022-03-28 17:59:24,543.94
2022-03-28 17:59:29,543.93
2022-03-28 17:59:34,543.8
2022-03-28 17:59:39,543.86
2022-03-28 17:59:44,543.86
2022-03-28 17:59:49,545.4818029382276
2022-03-28 17:59:54,543.8
2022-03-28 17:59:59,545.4599186401813
2022-03-28 18:00:04,543.8
2022-03-28 18:00:09,543.86
2022-03-28 18:00:14,545.4270921931118
2022-03-28 18:00:19,543.79
2022-03-28 18:00:24,543.79
2022-03-28 18:00:29,545.3942657460422
2022-03-28 18:00:34,543.76
2022-03-28 18:00:39,545.3723814479958
2022-03-28 18:00:44,545.3614392989726
2022-03-28 18:00:49,545.3504971499495
2022-03-28 18:00:54,545.3395550009263
2022-03-28 18:00:59,543.69
2022-03-28 18:01:04,543.69
2022-03-28 18:01:09,543.69
2022-03-28 18:01:14,543.75
2022-03-28 18:01:19,543.69
2022-03-28 18:01:24,545.2739021067873
2022-03-28 18:01:29,543.69
2022-03-28 18:01:34,543.75
2022-03-28 18:01:39,543.75
2022-03-28 18:01:44,543.69
2022-03-28 18:01:49,545.2191913616714
2022-03-28 18:01:54,543.75
2022-03-28 18:01:59,543.75
2022-03-28 18:02:04,543.75
2022-03-28 18:02:09,543.75
2022-03-28 18:02:14,543.75
2022-03-28 18:02:19,543.75
2022-03-28 18:02:24,543.75
2022-03-28 18:02:29,543.75
2022-03-28 18:02:34,543.75
2022-03-28 18:02:39,545.1097698714398
2022-03-28 18:02:44,543.78
2022-03-28 18:02:49,543.75
2022-03-28 18:02:54,543.75
2022-03-28 18:02:59,545.066001275347
2022-03-28 18:03:04,543.85
2022-03-28 18:03:09,543.79
2022-03-28 18:03:14,543.78
2022-03-28 18:03:19,545.0222326792543
2022-03-28 18:03:24,543.79
2022-03-28 18:03:29,543.79
2022-03-28 18:03:34,543.85
2022-03-28 18:03:39,543.85
2022-03-28 18:03:44,543.85
2022-03-28 18:03:49,543.85
2022-03-28 18:03:54,543.85
2022-03-28 18:03:59,544.9346954870689
2022-03-28 18:04:04,543.92
2022-03-28 18:04:09,543.98
2022-03-28 18:04:14,543.92
2022-03-28 18:04:19,544.8909268909763
2022-03-28 18:04:24,544.8799847419531
2022-03-28 18:04:29,544.05
2022-03-28 18:04:34,544.08
2022-03-28 18:04:39,544.8471582948836
2022-03-28 18:04:44,544.15
2022-03-28 18:04:49,544.15
2022-03-28 18:04:54,544.21
2022-03-28 18:04:59,544.21
2022-03-28 18:05:04,544.28
2022-03-28 18:05:09,544.31
2022-03-28 18:05:14,544.31
2022-03-28 18:05:19,544.31
2022-03-28 18:05:24,544.38
2022-03-28 18:05:29,544.44
2022-03-28 18:05:34,544.7267946556286
2022-03-28 18:05:39,544.51
2022-03-28 18:05:44,544.51
2022-03-28 18:05:49,544.6939682085591
2022-03-28 18:05:54,544.683026059536
2022-03-28 18:05:59,544.6
2022-03-28 18:06:04,544.6611417614896
2022-03-28 18:06:09,544.6501996124665
2022-03-28 18:06:14,544.6392574634433
2022-03-28 18:06:19,544.73
2022-03-28 18:06:24,544.8
2022-03-28 18:06:29,544.6064310163738
2022-03-28 18:06:34,544.8
2022-03-28 18:06:39,544.83
2022-03-28 18:06:44,544.5736045693043
2022-03-28 18:06:49,544.96
2022-03-28 18:06:54,544.5517202712579
2022-03-28 18:06:59,545.02
2022-03-28 18:07:04,544.5298359732116
2022-03-28 18:07:09,545.09
2022-03-28 18:07:14,545.12
2022-03-28 18:07:19,545.19
2022-03-28 18:07:24,544.4860673771188
2022-03-28 18:07:29,544.4751252280957
2022-03-28 18:07:34,544.4641830790725
2022-03-28 18:07:39,545.31
2022-03-28 18:07:44,545.35
2022-03-28 18:07:49,545.41
2022-03-28 18:07:54,545.41
2022-03-28 18:07:59,545.47
2022-03-28 18:08:04,545.47
2022-03-28 18:08:09,545.54
2022-03-28 18:08:14,545.53
2022-03-28 18:08:19,545.6
2022-03-28 18:08:24,545.63
2022-03-28 18:08:29,545.63
2022-03-28 18:08:34,545.69
2022-03-28 18:08:39,545.7
2022-03-28 18:08:44,544.3109929927481
2022-03-28 18:08:49,544.3000508437249
2022-03-28 18:08:54,545.76
2022-03-28 18:08:59,545.76
2022-03-28 18:09:04,544.2672243966554
2022-03-28 18:09:09,545.76
2022-03-28 18:09:14,545.75
2022-03-28 18:09:19,544.2343979495859
2022-03-28 18:09:24,545.69
2022-03-28 18:09:29,544.2125136515396
2022-03-28 18:09:34,545.69
2022-03-28 18:09:39,545.63
2022-03-28 18:09:44,545.59
2022-03-28 18:09:49,545.59
2022-03-28 18:09:54,545.53
2022-03-28 18:09:59,544.1468607574005
2022-03-28 18:10:04,545.4
2022-03-28 18:10:09,545.4
2022-03-28 18:10:14,545.3
2022-03-28 18:10:19,545.3
2022-03-28 18:10:24,544.0921500122846
2022-03-28 18:10:29,544.0812078632615
2022-03-28 18:10:34,545.1
2022-03-28 18:10:39,545.07
2022-03-28 18:10:44,544.94
2022-03-28 18:10:49,544.94
2022-03-28 18:10:54,544.81
2022-03-28 18:10:59,544.77
2022-03-28 18:11:04,544.65
2022-03-28 18:11:09,544.55
2022-03-28 18:11:14,544.49
2022-03-28 18:11:19,544.36
2022-03-28 18:11:24,544.29
2022-03-28 18:11:29,544.2
2022-03-28 18:11:34,544.07
2022-03-28 18:11:39,543.8266253969034
2022-03-28 18:11:44,543.9
2022-03-28 18:11:49,543.77
2022-03-28 18:11:54,543.7191067256188
2022-03-28 18:11:59,543.52
2022-03-28 18:12:04,543.45
2022-03-28 18:12:09,543.39
2022-03-28 18:12:14,543.23
2022-03-28 18:12:19,543.16
2022-03-28 18:12:24,543.0
2022-03-28 18:12:29,542.87
2022-03-28 18:12:34,542.74
2022-03-28 18:12:39,542.74
2022-03-28 18:12:44,543.3607111546701
2022-03-28 18:12:49,542.49
2022-03-28 18:12:54,543.2890320404803
2022-03-28 18:12:59,542.23
2022-03-28 18:13:04,542.2
2022-03-28 18:13:09,543.1815133691957
2022-03-28 18:13:14,541.97
2022-03-28 18:13:19,541.91
2022-03-28 18:13:24,541.78
2022-03-28 18:13:29,541.68
2022-03-28 18:13:34,541.62
2022-03-28 18:13:39,542.9664760266264
2022-03-28 18:13:44,542.9306364695316
2022-03-28 18:13:49,541.33
2022-03-28 18:13:54,541.2
2022-03-28 18:13:59,542.8231177982469
2022-03-28 18:14:04,540.98
2022-03-28 18:14:09,540.95
2022-03-28 18:14:14,542.7155991269624
2022-03-28 18:14:19,540.75
2022-03-28 18:14:24,540.69
2022-03-28 18:14:29,542.6080804556777
2022-03-28 18:14:34,540.53
2022-03-28 18:14:39,540.53
2022-03-28 18:14:44,542.5005617843932
2022-03-28 18:14:49,542.4647222272982
2022-03-28 18:14:54,540.31
2022-03-28 18:14:59,540.18
2022-03-28 18:15:04,540.15
2022-03-28 18:15:09,540.15
2022-03-28 18:15:14,540.09
2022-03-28 18:15:19,542.249684884729
2022-03-28 18:15:24,539.93
2022-03-28 18:15:29,539.93
2022-03-28 18:15:34,539.8
2022-03-28 18:15:39,539.74
2022-03-28 18:15:44,542.0704870992547
2022-03-28 18:15:49,539.64
2022-03-28 18:15:54,539.57
2022-03-28 18:15:59,541.9629684279702
2022-03-28 18:16:04,539.45
2022-03-28 18:16:09,539.42
2022-03-28 18:16:14,539.35
2022-03-28 18:16:19,541.8196101995907
2022-03-28 18:16:24,539.29
2022-03-28 18:16:29,539.23
2022-03-28 18:16:34,539.16
2022-03-28 18:16:39,539.13
2022-03-28 18:16:44,541.6404124141162
2022-03-28 18:16:49,541.6045728570214
2022-03-28 18:16:54,539.0
2022-03-28 18:16:59,538.94
2022-03-28 18:17:04,538.91
2022-03-28 18:17:09,538.91
2022-03-28 18:17:14,538.84
2022-03-28 18:17:19,541.3895355144522
2022-03-28 18:17:24,541.3536959573573
2022-03-28 18:17:29,538.71
2022-03-28 18:17:34,541.2820168431675
2022-03-28 18:17:39,538.62
2022-03-28 18:17:44,538.55
2022-03-28 18:17:49,541.1744981718829
2022-03-28 18:17:54,538.49
2022-03-28 18:17:59,541.1028190576932
2022-03-28 18:18:04,538.39
2022-03-28 18:18:09,538.33
2022-03-28 18:18:14,538.26
2022-03-28 18:18:19,538.26
2022-03-28 18:18:24,538.2
2022-03-28 18:18:29,540.887781715124
2022-03-28 18:18:34,540.8519421580291
2022-03-28 18:18:39,538.04
2022-03-28 18:18:44,540.7802630438393
2022-03-28 18:18:49,537.91
2022-03-28 18:18:54,540.7085839296496
2022-03-28 18:18:59,540.6727443725548
2022-03-28 18:19:04,537.81
2022-03-28 18:19:09,537.81
2022-03-28 18:19:14,540.5652257012702
2022-03-28 18:19:19,540.5293861441753
2022-03-28 18:19:24,537.68
2022-03-28 18:19:29,537.74
2022-03-28 18:19:34,537.68
2022-03-28 18:19:39,537.68
2022-03-28 18:19:44,537.58
2022-03-28 18:19:49,537.58
2022-03-28 18:19:54,537.58
2022-03-28 18:19:59,537.51
2022-03-28 18:20:04,540.2068301303215
2022-03-28 18:20:09,537.45
2022-03-28 18:20:14,540.1351510161317
2022-03-28 18:20:19,537.38
2022-03-28 18:20:24,537.38
2022-03-28 18:20:29,537.38
2022-03-28 18:20:34,537.35
2022-03-28 18:20:39,537.38
2022-03-28 18:20:44,539.9201136735625
2022-03-28 18:20:49,539.8842741164676
2022-03-28 18:20:54,539.8484345593728
2022-03-28 18:20:59,539.8125950022778
2022-03-28 18:21:04,537.28
2022-03-28 18:21:09,537.35
2022-03-28 18:21:14,537.28
2022-03-28 18:21:19,539.6692367738983
2022-03-28 18:21:24,537.28
2022-03-28 18:21:29,537.27
2022-03-28 18:21:34,537.27
2022-03-28 18:21:39,537.27
2022-03-28 18:21:44,537.27
2022-03-28 18:21:49,539.4541994313291
2022-03-28 18:21:54,537.27
2022-03-28 18:21:59,537.34
2022-03-28 18:22:04,537.37
2022-03-28 18:22:09,537.37
2022-03-28 18:22:14,537.43
2022-03-28 18:22:19,537.37
2022-03-28 18:22:24,537.43
2022-03-28 18:22:29,537.5
2022-03-28 18:22:34,537.56
2022-03-28 18:22:39,537.56
2022-03-28 18:22:44,537.59
2022-03-28 18:22:49,537.66
2022-03-28 18:22:54,538.9882851890958
2022-03-28 18:22:59,537.79
2022-03-28 18:23:04,538.9166060749061
2022-03-28 18:23:09,537.88
2022-03-28 18:23:14,537.88
2022-03-28 18:23:19,538.02
2022-03-28 18:23:24,538.7732478465266
2022-03-28 18:23:29,538.08
2022-03-28 18:23:34,538.7015687323369
2022-03-28 18:23:39,538.6657291752421
2022-03-28 18:23:44,538.24
2022-03-28 18:23:49,538.3
2022-03-28 18:23:54,538.37
2022-03-28 18:23:59,538.47
2022-03-28 18:24:04,538.47
2022-03-28 18:24:09,538.53
2022-03-28 18:24:14,538.62
2022-03-28 18:24:19,538.63
2022-03-28 18:24:24,538.69
2022-03-28 18:24:29,538.82
2022-03-28 18:24:34,538.89
2022-03-28 18:24:39,538.92
2022-03-28 18:24:44,538.98
2022-03-28 18:24:49,538.1639753759138
2022-03-28 18:24:54,539.21
2022-03-28 18:24:59,539.34
2022-03-28 18:25:04,539.4
2022-03-28 18:25:09,539.5
2022-03-28 18:25:14,537.9847775904395
2022-03-28 18:25:19,539.66
2022-03-28 18:25:24,539.73
2022-03-28 18:25:29,539.86
2022-03-28 18:25:34,537.9517964006627
2022-03-28 18:25:39,540.08
2022-03-28 18:25:44,540.15
2022-03-28 18:25:49,538.0087169909699
2022-03-28 18:25:54,540.38
2022-03-28 18:25:59,540.47
2022-03-28 18:26:04,540.6
2022-03-28 18:26:09,538.0846111113794
2022-03-28 18:26:14,540.76
2022-03-28 18:26:19,538.1225581715842
2022-03-28 18:26:24,540.99
2022-03-28 18:26:29,541.06
2022-03-28 18:26:34,538.1794787618913
2022-03-28 18:26:39,538.1984522919937
2022-03-28 18:26:44,541.41
2022-03-28 18:26:49,541.51
2022-03-28 18:26:54,538.2553728823009
2022-03-28 18:26:59,538.2743464124032
2022-03-28 18:27:04,541.81
2022-03-28 18:27:09,541.93
2022-03-28 18:27:14,542.03
2022-03-28 18:27:19,542.16
2022-03-28 18:27:24,542.23
2022-03-28 18:27:29,542.32
2022-03-28 18:27:34,542.45
2022-03-28 18:27:39,542.55
2022-03-28 18:27:44,542.62
2022-03-28 18:27:49,542.75
2022-03-28 18:27:54,542.84
2022-03-28 18:27:59,542.91
2022-03-28 18:28:04,543.04
2022-03-28 18:28:09,543.13
2022-03-28 18:28:14,543.29
2022-03-28 18:28:19,538.5779228940414
2022-03-28 18:28:24,543.49
2022-03-28 18:28:29,543.56
2022-03-28 18:28:34,538.6348434843485
2022-03-28 18:28:39,543.72
2022-03-28 18:28:44,543.82
2022-03-28 18:28:49,543.88
2022-03-28 18:28:54,544.01
2022-03-28 18:28:59,544.11
2022-03-28 18:29:04,544.24
2022-03-28 18:29:09,544.33
2022-03-28 18:29:14,538.7866317251676
2022-03-28 18:29:19,544.6
2022-03-28 18:29:24,544.69
2022-03-28 18:29:29,538.8435523154748
2022-03-28 18:29:34,544.86
2022-03-28 18:29:39,544.98
2022-03-28 18:29:44,545.11
2022-03-28 18:29:49,545.15
2022-03-28 18:29:54,545.27
2022-03-28 18:29:59,545.37
2022-03-28 18:30:04,545.5
2022-03-28 18:30:09,538.9953405562939
2022-03-28 18:30:14,545.63
2022-03-28 18:30:19,545.73
2022-03-28 18:30:24,545.79
2022-03-28 18:30:29,545.89
2022-03-28 18:30:34,539.0902082068058
2022-03-28 18:30:39,539.1091817369081
2022-03-28 18:30:44,539.1281552670105
2022-03-28 18:30:49,539.1471287971129
2022-03-28 18:30:54,546.18
2022-03-28 18:30:59,546.31
2022-03-28 18:31:04,546.32
2022-03-28 18:31:09,546.38
2022-03-28 18:31:14,546.38
2022-03-28 18:31:19,546.41
2022-03-28 18:31:24,546.42
2022-03-28 18:31:29,546.42
2022-03-28 18:31:34,546.48
2022-03-28 18:31:39,539.3368640981367
2022-03-28 18:31:44,546.55
2022-03-28 18:31:49,546.55
2022-03-28 18:31:54,546.61
2022-03-28 18:31:59,539.4127582185463
2022-03-28 18:32:04,546.55
2022-03-28 18:32:09,546.49
2022-03-28 18:32:14,546.49
2022-03-28 18:32:19,546.42
2022-03-28 18:32:24,546.42
2022-03-28 18:32:29,546.42
2022-03-28 18:32:34,546.4
2022-03-28 18:32:39,546.4
2022-03-28 18:32:44,546.33
2022-03-28 18:32:49,546.2
2022-03-28 18:32:54,546.17
2022-03-28 18:32:59,546.11
2022-03-28 18:33:04,545.98
2022-03-28 18:33:09,545.92
2022-03-28 18:33:14,539.697361170082
2022-03-28 18:33:19,545.76
2022-03-28 18:33:24,539.7353082302867
2022-03-28 18:33:29,539.7542817603892
2022-03-28 18:33:34,545.41
2022-03-28 18:33:39,545.31
2022-03-28 18:33:44,545.25
2022-03-28 18:33:49,545.15
2022-03-28 18:33:54,539.8491494109011
2022-03-28 18:33:59,544.87
2022-03-28 18:34:04,544.74
2022-03-28 18:34:09,544.64
2022-03-28 18:34:14,539.9250435313106
2022-03-28 18:34:19,544.36
2022-03-28 18:34:24,544.23
2022-03-28 18:34:29,544.0
2022-03-28 18:34:34,543.87
2022-03-28 18:34:39,543.72
2022-03-28 18:34:44,543.62
2022-03-28 18:34:49,543.43
2022-03-28 18:34:54,540.0768317721297
2022-03-28 18:34:59,543.14
2022-03-28 18:35:04,542.92
2022-03-28 18:35:09,542.82
2022-03-28 18:35:14,542.69
2022-03-28 18:35:19,540.1716994226416
2022-03-28 18:35:24,542.34
2022-03-28 18:35:29,542.25
2022-03-28 18:35:34,542.08
2022-03-28 18:35:39,541.89
2022-03-28 18:35:44,540.2665670731535
2022-03-28 18:35:49,540.2855406032559
2022-03-28 18:35:54,540.3045141333582
2022-03-28 18:35:59,540.3234876634607
2022-03-28 18:36:04,541.06
2022-03-28 18:36:09,540.87
2022-03-28 18:36:14,540.8
2022-03-28 18:36:19,540.3993817838701
2022-03-28 18:36:24,540.55
2022-03-28 18:36:29,540.437328844075
2022-03-28 18:36:34,540.4563023741773
2022-03-28 18:36:39,540.14
2022-03-28 18:36:44,539.97
2022-03-28 18:36:49,540.5132229644845
2022-03-28 18:36:54,539.75
2022-03-28 18:36:59,539.62
2022-03-28 18:37:04,539.53
2022-03-28 18:37:09,539.4
2022-03-28 18:37:14,539.33
2022-03-28 18:37:19,539.24
2022-03-28 18:37:24,540.6460376752011
2022-03-28 18:37:29,540.6650112053036
2022-03-28 18:37:34,538.88
2022-03-28 18:37:39,538.82
2022-03-28 18:37:44,540.7219317956107
2022-03-28 18:37:49,538.66
2022-03-28 18:37:54,540.7598788558155
2022-03-28 18:37:59,538.5
2022-03-28 18:38:04,538.44
2022-03-28 18:38:09,538.37
2022-03-28 18:38:14,538.24
2022-03-28 18:38:19,540.8547465063274
2022-03-28 18:38:24,538.08
2022-03-28 18:38:29,538.02
2022-03-28 18:38:34,537.99
2022-03-28 18:38:39,537.92
2022-03-28 18:38:44,540.9496141568393
2022-03-28 18:38:49,540.9685876869416
2022-03-28 18:38:54,537.64
2022-03-28 18:38:59,537.57
2022-03-28 18:39:04,541.0255082772488
2022-03-28 18:39:09,537.41
2022-03-28 18:39:14,537.34
2022-03-28 18:39:19,537.28
2022-03-28 18:39:24,537.18
2022-03-28 18:39:29,537.12
2022-03-28 18:39:34,541.1409007112928
2022-03-28 18:39:39,541.1614986071793
2022-03-28 18:39:44,541.1820965030657
2022-03-28 18:39:49,541.2026943989522
2022-03-28 18:39:54,541.2232922948386
2022-03-28 18:39:59,536.7
2022-03-28 18:40:04,541.2644880866115
2022-03-28 18:40:09,536.44
2022-03-28 18:40:14,536.44
2022-03-28 18:40:19,536.31
2022-03-28 18:40:24,541.3468796701573
2022-03-28 18:40:29,536.08
2022-03-28 18:40:34,535.96
2022-03-28 18:40:39,535.92
2022-03-28 18:40:44,541.429271253703
2022-03-28 18:40:49,541.4498691495894
2022-03-28 18:40:54,535.63
2022-03-28 18:40:59,541.4910649413623
2022-03-28 18:41:04,535.41
2022-03-28 18:41:09,535.21
2022-03-28 18:41:14,541.5528586290216
2022-03-28 18:41:19,534.99
2022-03-28 18:41:24,534.83
2022-03-28 18:41:29,534.76
2022-03-28 18:41:34,534.63
2022-03-28 18:41:39,534.54
2022-03-28 18:41:44,534.47
2022-03-28 18:41:49,534.37
2022-03-28 18:41:54,534.18
2022-03-28 18:41:59,534.08
2022-03-28 18:42:04,533.96
2022-03-28 18:42:09,533.86
2022-03-28 18:42:14,541.8000333796588
2022-03-28 18:42:19,541.8206312755452
2022-03-28 18:42:24,533.57
2022-03-28 18:42:29,533.44
2022-03-28 18:42:34,541.8824249632046
2022-03-28 18:42:39,533.28
2022-03-28 18:42:44,541.9236207549774
2022-03-28 18:42:49,533.05
2022-03-28 18:42:54,532.99
2022-03-28 18:42:59,532.92
2022-03-28 18:43:04,542.0060123385231
2022-03-28 18:43:09,532.76
2022-03-28 18:43:14,532.64
2022-03-28 18:43:19,532.57
2022-03-28 18:43:24,532.47
2022-03-28 18:43:29,532.35
2022-03-28 18:43:34,532.25
2022-03-28 18:43:39,532.19
2022-03-28 18:43:44,542.1707955056146
2022-03-28 18:43:49,532.02
2022-03-28 18:43:54,531.9
2022-03-28 18:43:59,531.83
2022-03-28 18:44:04,542.2531870891604
2022-03-28 18:44:09,542.2737849850467
2022-03-28 18:44:14,531.67
2022-03-28 18:44:19,531.54
2022-03-28 18:44:24,531.45
2022-03-28 18:44:29,531.45
2022-03-28 18:44:34,531.32
2022-03-28 18:44:39,542.3973723603655
2022-03-28 18:44:44,531.23
2022-03-28 18:44:49,531.03
2022-03-28 18:44:54,531.03
2022-03-28 18:44:59,530.94
2022-03-28 18:45:04,530.87
2022-03-28 18:45:09,530.81
2022-03-28 18:45:14,530.78
2022-03-28 18:45:19,530.65
2022-03-28 18:45:24,542.5827534233433
2022-03-28 18:45:29,530.52
2022-03-28 18:45:34,542.6239492151162
2022-03-28 18:45:39,530.49
2022-03-28 18:45:44,530.43
2022-03-28 18:45:49,542.6857429027755
2022-03-28 18:45:54,542.7063407986619
2022-03-28 18:45:59,542.7269386945484
2022-03-28 18:46:04,542.7475365904348
2022-03-28 18:46:09,530.3
2022-03-28 18:46:14,542.7887323822076
2022-03-28 18:46:19,530.21
2022-03-28 18:46:24,530.27
2022-03-28 18:46:29,530.27
2022-03-28 18:46:34,530.27
2022-03-28 18:46:39,542.8917218616398
2022-03-28 18:46:44,530.28
2022-03-28 18:46:49,530.28
2022-03-28 18:46:54,530.28
2022-03-28 18:46:59,542.9741134451856
2022-03-28 18:47:04,530.31
2022-03-28 18:47:09,543.0153092369584
2022-03-28 18:47:14,530.44
2022-03-28 18:47:19,530.51
2022-03-28 18:47:24,530.54
2022-03-28 18:47:29,530.6
2022-03-28 18:47:34,530.67
2022-03-28 18:47:39,530.73
2022-03-28 18:47:44,530.83
2022-03-28 18:47:49,543.1800924040499
2022-03-28 18:47:54,531.02
2022-03-28 18:47:59,531.12
2022-03-28 18:48:04,531.25
2022-03-28 18:48:09,531.35
2022-03-28 18:48:14,531.54
2022-03-28 18:48:19,531.57
2022-03-28 18:48:24,543.324277675255
2022-03-28 18:48:29,531.86
2022-03-28 18:48:34,543.3654734670279
2022-03-28 18:48:39,543.3860713629143
2022-03-28 18:48:44,532.34
2022-03-28 18:48:49,543.4272671546871
2022-03-28 18:48:54,532.6
2022-03-28 18:48:59,543.46846294646
2022-03-28 18:49:04,543.4890608423465
2022-03-28 18:49:09,533.08
2022-03-28 18:49:14,533.24
2022-03-28 18:49:19,543.5508545300057
2022-03-28 18:49:24,533.6
2022-03-28 18:49:29,533.76
2022-03-28 18:49:34,533.89
2022-03-28 18:49:39,534.12
2022-03-28 18:49:44,534.28
2022-03-28 18:49:49,534.43
2022-03-28 18:49:54,534.63
2022-03-28 18:49:59,534.79
2022-03-28 18:50:04,543.7362355929837
2022-03-28 18:50:09,543.75683348887
2022-03-28 18:50:14,543.7774313847565
2022-03-28 18:50:19,543.7980292806429
2022-03-28 18:50:24,535.66
2022-03-28 18:50:29,535.75
2022-03-28 18:50:34,535.94
2022-03-28 18:50:39,536.17
2022-03-28 18:50:44,536.33
2022-03-28 18:50:49,536.46
2022-03-28 18:50:54,536.62
2022-03-28 18:50:59,536.72
2022-03-28 18:51:04,536.91
2022-03-28 18:51:09,537.07
2022-03-28 18:51:14,544.0246061353937
2022-03-28 18:51:19,537.36
2022-03-28 18:51:24,544.0658019271666
2022-03-28 18:51:29,537.65
2022-03-28 18:51:34,537.81
2022-03-28 18:51:39,544.127595614826
2022-03-28 18:51:44,538.03
2022-03-28 18:51:49,544.1687914065988
2022-03-28 18:51:54,544.1893893024852
2022-03-28 18:51:59,544.2099871983717
2022-03-28 18:52:04,538.54
2022-03-28 18:52:09,544.2511829901446
2022-03-28 18:52:14,538.83
2022-03-28 18:52:19,538.96
2022-03-28 18:52:24,544.3129766778038
2022-03-28 18:52:29,539.18
2022-03-28 18:52:34,539.28
2022-03-28 18:52:39,544.3747703654632
2022-03-28 18:52:44,539.54
2022-03-28 18:52:49,539.63
2022-03-28 18:52:54,539.76
2022-03-28 18:52:59,539.79
2022-03-28 18:53:04,539.99
2022-03-28 18:53:09,544.4983577407818
2022-03-28 18:53:14,540.15
2022-03-28 18:53:19,540.28
2022-03-28 18:53:24,540.37
2022-03-28 18:53:29,540.44
2022-03-28 18:53:34,544.6013472202139
2022-03-28 18:53:39,544.6029682564581
2022-03-28 18:53:44,540.72
2022-03-28 18:53:49,544.6018183046625
2022-03-28 18:53:54,544.6012433287647
2022-03-28 18:53:59,540.95
2022-03-28 18:54:04,541.08
2022-03-28 18:54:09,541.17
2022-03-28 18:54:14,541.24
2022-03-28 18:54:19,541.34
2022-03-28 18:54:24,541.4
2022-03-28 18:54:29,541.53
2022-03-28 18:54:34,544.5966435215821
2022-03-28 18:54:39,541.69
2022-03-28 18:54:44,544.5954935697865
2022-03-28 18:54:49,541.82
2022-03-28 18:54:54,541.92
2022-03-28 18:54:59,544.5937686420931
2022-03-28 18:55:04,542.11
2022-03-28 18:55:09,542.14
2022-03-28 18:55:14,542.27
2022-03-28 18:55:19,544.5914687385018
2022-03-28 18:55:24,542.43
2022-03-28 18:55:29,542.5
2022-03-28 18:55:34,544.5897438108084
2022-03-28 18:55:39,542.66
2022-03-28 18:55:44,544.5885938590128
2022-03-28 18:55:49,542.79
2022-03-28 18:55:54,544.5874439072172
2022-03-28 18:55:59,543.02
2022-03-28 18:56:04,544.5862939554215
2022-03-28 18:56:09,543.15
2022-03-28 18:56:14,543.18
2022-03-28 18:56:19,544.5845690277281
2022-03-28 18:56:24,544.5839940518304
2022-03-28 18:56:29,543.41
2022-03-28 18:56:34,543.41
2022-03-28 18:56:39,543.47
2022-03-28 18:56:44,543.54
2022-03-28 18:56:49,544.5811191723412
2022-03-28 18:56:54,543.7
2022-03-28 18:56:59,543.7
2022-03-28 18:57:04,543.77
2022-03-28 18:57:09,544.5788192687501
2022-03-28 18:57:14,543.92
2022-03-28 18:57:19,543.99
2022-03-28 18:57:24,544.05
2022-03-28 18:57:29,544.5765193651588
2022-03-28 18:57:34,544.22
2022-03-28 18:57:39,544.21
2022-03-28 18:57:44,544.5747944374654
2022-03-28 18:57:49,544.5742194615675
2022-03-28 18:57:54,544.44
2022-03-28 18:57:59,544.51
2022-03-28 18:58:04,544.5724945338741
2022-03-28 18:58:09,544.5719195579763
2022-03-28 18:58:14,544.5713445820785
2022-03-28 18:58:19,544.5707696061806
2022-03-28 18:58:24,544.5701946302829
2022-03-28 18:58:29,544.96
2022-03-28 18:58:34,544.5690446784872
2022-03-28 18:58:39,544.5684697025895
2022-03-28 18:58:44,545.02
2022-03-28 18:58:49,545.15
2022-03-28 18:58:54,545.15
2022-03-28 18:58:59,544.5661697989982
2022-03-28 18:59:04,545.25
2022-03-28 18:59:09,544.5650198472025
2022-03-28 18:59:14,545.38
2022-03-28 18:59:19,545.38
2022-03-28 18:59:24,544.5632949195091
2022-03-28 18:59:29,545.47
2022-03-28 18:59:34,545.6
2022-03-28 18:59:39,545.6
2022-03-28 18:59:44,545.66
2022-03-28 18:59:49,545.66
2022-03-28 18:59:54,545.76
2022-03-28 18:59:59,545.76
2022-03-28 19:00:04,544.5586951123266
2022-03-28 19:00:09,545.82
2022-03-28 19:00:14,545.82
2022-03-28 19:00:19,545.82
2022-03-28 19:00:24,544.5563952087354
2022-03-28 19:00:29,545.82
2022-03-28 19:00:34,544.5552452569398
2022-03-28 19:00:39,544.5546702810419
2022-03-28 19:00:44,545.82
2022-03-28 19:00:49,545.82
2022-03-28 19:00:54,544.5529453533485
2022-03-28 19:00:59,545.88
2022-03-28 19:01:04,545.81
2022-03-28 19:01:09,545.75
2022-03-28 19:01:14,545.74
2022-03-28 19:01:19,545.75
2022-03-28 19:01:24,544.5494954979616
2022-03-28 19:01:29,545.74
2022-03-28 19:01:34,545.65
2022-03-28 19:01:39,545.65
2022-03-28 19:01:44,544.5471955943705
2022-03-28 19:01:49,545.52
2022-03-28 19:01:54,545.58
2022-03-28 19:01:59,545.52
2022-03-28 19:02:04,544.5448956907792
2022-03-28 19:02:09,545.42
2022-03-28 19:02:14,544.5437457389836
2022-03-28 19:02:19,545.29
2022-03-28 19:02:24,545.28
2022-03-28 19:02:29,545.22
2022-03-28 19:02:34,545.19
2022-03-28 19:02:39,544.5408708594945
2022-03-28 19:02:44,544.5402958835966
2022-03-28 19:02:49,544.92
2022-03-28 19:02:54,544.539145931801
2022-03-28 19:02:59,544.5385709559032
2022-03-28 19:03:04,544.76
2022-03-28 19:03:09,544.66
2022-03-28 19:03:14,544.6
2022-03-28 19:03:19,544.536271052312
2022-03-28 19:03:24,544.47
2022-03-28 19:03:29,544.5351211005163
2022-03-28 19:03:34,544.31
2022-03-28 19:03:39,544.24
2022-03-28 19:03:44,544.18
2022-03-28 19:03:49,544.08
2022-03-28 19:03:54,544.5322462210273
2022-03-28 19:03:59,543.95
2022-03-28 19:04:04,543.89
2022-03-28 19:04:09,544.5305212933339
2022-03-28 19:04:14,543.72
2022-03-28 19:04:19,543.66
2022-03-28 19:04:24,543.56
2022-03-28 19:04:29,543.56
2022-03-28 19:04:34,543.43
2022-03-28 19:04:39,544.527071437947
2022-03-28 19:04:44,543.34
2022-03-28 19:04:49,543.21
2022-03-28 19:04:54,543.14
2022-03-28 19:04:59,543.11
2022-03-28 19:05:04,544.524196558458
2022-03-28 19:05:09,542.98
2022-03-28 19:05:14,542.92
2022-03-28 19:05:19,542.85
2022-03-28 19:05:24,542.82
2022-03-28 19:05:29,542.76
2022-03-28 19:05:34,542.63
2022-03-28 19:05:39,542.6
2022-03-28 19:05:44,542.53
2022-03-28 19:05:49,542.4
2022-03-28 19:05:54,542.34
2022-03-28 19:05:59,544.517871823582
2022-03-28 19:06:04,544.5172968476843
2022-03-28 19:06:09,542.18
2022-03-28 19:06:14,542.08
2022-03-28 19:06:19,542.02
2022-03-28 19:06:24,541.89
2022-03-28 19:06:29,541.82
2022-03-28 19:06:34,544.5138469922974
2022-03-28 19:06:39,541.67
2022-03-28 19:06:44,541.66
2022-03-28 19:06:49,541.57
2022-03-28 19:06:54,544.5115470887062
2022-03-28 19:06:59,544.5109721128083
2022-03-28 19:07:04,544.5103971369106
2022-03-28 19:07:09,541.28
2022-03-28 19:07:14,541.28
2022-03-28 19:07:19,541.15
2022-03-28 19:07:24,544.5080972333193
2022-03-28 19:07:29,541.05
2022-03-28 19:07:34,540.93
2022-03-28 19:07:39,544.5063723056259
2022-03-28 19:07:44,540.8
2022-03-28 19:07:49,544.5072947107915
2022-03-28 19:07:54,544.5078475031655
2022-03-28 19:07:59,540.71
2022-03-28 19:08:04,540.64
2022-03-28 19:08:09,540.58
2022-03-28 19:08:14,540.58
2022-03-28 19:08:19,544.5106114650356
2022-03-28 19:08:24,540.54
2022-03-28 19:08:29,540.54
2022-03-28 19:08:34,540.48
2022-03-28 19:08:39,540.42
2022-03-28 19:08:44,540.42
2022-03-28 19:08:49,540.35
2022-03-28 19:08:54,540.29
2022-03-28 19:08:59,540.35
2022-03-28 19:09:04,540.29
2022-03-28 19:09:09,540.28
2022-03-28 19:09:14,540.29
2022-03-28 19:09:19,540.25
2022-03-28 19:09:24,544.5177977658976
2022-03-28 19:09:29,540.25
2022-03-28 19:09:34,540.25
2022-03-28 19:09:39,540.25
2022-03-28 19:09:44,540.19
2022-03-28 19:09:49,540.19
2022-03-28 19:09:54,540.25
2022-03-28 19:09:59,540.25
2022-03-28 19:10:04,540.19
2022-03-28 19:10:09,544.5227728972636
2022-03-28 19:10:14,540.25
2022-03-28 19:10:19,540.19
2022-03-28 19:10:24,540.18
2022-03-28 19:10:29,540.25
2022-03-28 19:10:34,544.5255368591336
2022-03-28 19:10:39,540.18
2022-03-28 19:10:44,540.18
2022-03-28 19:10:49,540.18
2022-03-28 19:10:54,540.28
2022-03-28 19:10:59,544.5283008210037
2022-03-28 19:11:04,540.25
2022-03-28 19:11:09,544.5294064057516
2022-03-28 19:11:14,540.28
2022-03-28 19:11:19,544.5305119904997
2022-03-28 19:11:24,540.28
2022-03-28 19:11:29,540.34
2022-03-28 19:11:34,540.34
2022-03-28 19:11:39,540.33
2022-03-28 19:11:44,540.4
2022-03-28 19:11:49,540.46
2022-03-28 19:11:54,540.53
2022-03-28 19:11:59,544.5349343294916
2022-03-28 19:12:04,544.5354871218657
2022-03-28 19:12:09,540.52
2022-03-28 19:12:14,540.52
2022-03-28 19:12:19,540.55
2022-03-28 19:12:24,540.62
2022-03-28 19:12:29,540.62
2022-03-28 19:12:34,540.68
2022-03-28 19:12:39,540.74
2022-03-28 19:12:44,540.78
2022-03-28 19:12:49,540.77
2022-03-28 19:12:54,540.84
2022-03-28 19:12:59,544.5415678379796
2022-03-28 19:13:04,544.5421206303537
2022-03-28 19:13:09,541.03
2022-03-28 19:13:14,541.02
2022-03-28 19:13:19,541.06
2022-03-28 19:13:24,541.12
2022-03-28 19:13:29,544.5448845922238
2022-03-28 19:13:34,541.25
2022-03-28 19:13:39,541.24
2022-03-28 19:13:44,541.28
2022-03-28 19:13:49,541.34
2022-03-28 19:13:54,541.41
2022-03-28 19:13:59,541.41
2022-03-28 19:14:04,544.5487541388418
2022-03-28 19:14:09,544.5493069312157
2022-03-28 19:14:14,541.57
2022-03-28 19:14:19,541.63
2022-03-28 19:14:24,544.5509653083377
2022-03-28 19:14:29,541.69
2022-03-28 19:14:34,541.79
2022-03-28 19:14:39,541.79
2022-03-28 19:14:44,541.85
2022-03-28 19:14:49,541.85
2022-03-28 19:14:54,541.92
2022-03-28 19:14:59,541.98
2022-03-28 19:15:04,541.98
2022-03-28 19:15:09,542.04
2022-03-28 19:15:14,542.04
2022-03-28 19:15:19,542.08
2022-03-28 19:15:24,542.08
2022-03-28 19:15:29,542.08
2022-03-28 19:15:34,542.08
2022-03-28 19:15:39,544.5592571939478
2022-03-28 19:15:44,542.14
2022-03-28 19:15:49,542.08
2022-03-28 19:15:54,542.14
2022-03-28 19:15:59,542.14
2022-03-28 19:16:04,542.14
2022-03-28 19:16:09,542.14
2022-03-28 19:16:14,542.2
2022-03-28 19:16:19,544.5636795329398
2022-03-28 19:16:24,542.2
2022-03-28 19:16:29,544.5647851176878
2022-03-28 19:16:34,544.5653379100618
2022-03-28 19:16:39,544.5658907024358
2022-03-28 19:16:44,542.27
2022-03-28 19:16:49,542.21
2022-03-28 19:16:54,542.21
2022-03-28 19:16:59,542.21
2022-03-28 19:17:04,542.21
2022-03-28 19:17:09,542.21
2022-03-28 19:17:14,542.21
2022-03-28 19:17:19,542.21
2022-03-28 19:17:24,544.5708658338018
2022-03-28 19:17:29,542.21
2022-03-28 19:17:34,542.27
2022-03-28 19:17:39,544.5725242109238
2022-03-28 19:17:44,542.28
2022-03-28 19:17:49,542.31
2022-03-28 19:17:54,542.27
2022-03-28 19:17:59,542.31
2022-03-28 19:18:04,542.31
2022-03-28 19:18:09,544.5758409651679
2022-03-28 19:18:14,542.31
2022-03-28 19:18:19,544.5769465499159
2022-03-28 19:18:24,544.5774993422899
2022-03-28 19:18:29,542.38
2022-03-28 19:18:34,544.5786049270379
2022-03-28 19:18:39,542.32
2022-03-28 19:18:44,542.38
2022-03-28 19:18:49,542.38
2022-03-28 19:18:54,542.44
2022-03-28 19:18:59,542.38
2022-03-28 19:19:04,542.44
2022-03-28 19:19:09,544.5824744736559
2022-03-28 19:19:14,544.58302726603
2022-03-28 19:19:19,542.44
2022-03-28 19:19:24,544.5841328507779
2022-03-28 19:19:29,544.5846856431519
2022-03-28 19:19:34,542.51
2022-03-28 19:19:39,542.51
2022-03-28 19:19:44,544.5863440202739
2022-03-28 19:19:49,544.5868968126479
2022-03-28 19:19:54,542.51
2022-03-28 19:19:59,542.51
2022-03-28 19:20:04,544.58855518977
2022-03-28 19:20:09,544.5891079821439
2022-03-28 19:20:14,544.5896607745179
2022-03-28 19:20:19,542.44
2022-03-28 19:20:24,542.44
2022-03-28 19:20:29,542.44
2022-03-28 19:20:34,542.38
2022-03-28 19:20:39,542.38
2022-03-28 19:20:44,542.44
2022-03-28 19:20:49,542.31
2022-03-28 19:20:54,542.38
2022-03-28 19:20:59,542.38
2022-03-28 19:21:04,544.595188698258
2022-03-28 19:21:09,542.37
2022-03-28 19:21:14,544.5962942830059
2022-03-28 19:21:19,544.59684707538
2022-03-28 19:21:24,542.28
2022-03-28 19:21:29,542.28
2022-03-28 19:21:34,542.28
2022-03-28 19:21:39,542.28
2022-03-28 19:21:44,542.21
2022-03-28 19:21:49,544.5963726179873
2022-03-28 19:21:54,544.5920577994407
2022-03-28 19:21:59,542.14
2022-03-28 19:22:04,542.14
2022-03-28 19:22:09,542.08
2022-03-28 19:22:14,544.5747985252547
2022-03-28 19:22:19,542.08
2022-03-28 19:22:24,542.08
2022-03-28 19:22:29,542.05
2022-03-28 19:22:34,544.5575392510686
2022-03-28 19:22:39,541.98
2022-03-28 19:22:44,544.5489096139755
2022-03-28 19:22:49,541.98
2022-03-28 19:22:54,541.91
2022-03-28 19:22:59,541.85
2022-03-28 19:23:04,541.84
2022-03-28 19:23:09,541.78
2022-03-28 19:23:14,544.5230207026965
2022-03-28 19:23:19,544.51870588415
2022-03-28 19:23:24,541.68
2022-03-28 19:23:29,541.68
2022-03-28 19:23:34,541.61
2022-03-28 19:23:39,541.55
2022-03-28 19:23:44,544.4971317914174
2022-03-28 19:23:49,544.4928169728709
2022-03-28 19:23:54,541.38
2022-03-28 19:23:59,541.32
2022-03-28 19:24:04,541.25
2022-03-28 19:24:09,541.16
2022-03-28 19:24:14,541.22
2022-03-28 19:24:19,541.09
2022-03-28 19:24:24,541.09
2022-03-28 19:24:29,540.92
2022-03-28 19:24:34,540.92
2022-03-28 19:24:39,544.4496687874057
2022-03-28 19:24:44,544.4453539688592
2022-03-28 19:24:49,540.73
2022-03-28 19:24:54,540.7
2022-03-28 19:24:59,540.63
2022-03-28 19:25:04,544.4280946946732
2022-03-28 19:25:09,540.57
2022-03-28 19:25:14,540.47
2022-03-28 19:25:19,544.4151502390336
2022-03-28 19:25:24,544.410835420487
2022-03-28 19:25:29,544.4065206019405
2022-03-28 19:25:34,540.18
2022-03-28 19:25:39,544.3978909648475
2022-03-28 19:25:44,540.05
2022-03-28 19:25:49,544.3892613277545
2022-03-28 19:25:54,539.89
2022-03-28 19:25:59,544.3806316906614
2022-03-28 19:26:04,544.3763168721149
2022-03-28 19:26:09,539.66
2022-03-28 19:26:14,539.6
2022-03-28 19:26:19,539.47
2022-03-28 19:26:24,539.47
2022-03-28 19:26:29,539.44
2022-03-28 19:26:34,544.3504279608359
2022-03-28 19:26:39,539.25
2022-03-28 19:26:44,544.3417983237429
2022-03-28 19:26:49,539.09
2022-03-28 19:26:54,544.3331686866497
2022-03-28 19:26:59,538.96
2022-03-28 19:27:04,538.86
2022-03-28 19:27:09,544.3202242310102
2022-03-28 19:27:14,544.3159094124637
2022-03-28 19:27:19,538.67
2022-03-28 19:27:24,544.3072797753707
2022-03-28 19:27:29,538.63
2022-03-28 19:27:34,538.51
2022-03-28 19:27:39,538.44
2022-03-28 19:27:44,544.2900205011846
2022-03-28 19:27:49,538.41
2022-03-28 19:27:54,538.35
2022-03-28 19:27:59,538.28
2022-03-28 19:28:04,538.28
2022-03-28 19:28:09,538.16
2022-03-28 19:28:14,538.16
2022-03-28 19:28:19,544.259816771359
2022-03-28 19:28:24,538.12
2022-03-28 19:28:29,538.06
2022-03-28 19:28:34,538.0
2022-03-28 19:28:39,537.93
2022-03-28 19:28:44,537.9
2022-03-28 19:28:49,537.9
2022-03-28 19:28:54,537.84
2022-03-28 19:28:59,544.2252982229869
2022-03-28 19:29:04,544.2209834044404
2022-03-28 19:29:09,537.65
2022-03-28 19:29:14,537.61
2022-03-28 19:29:19,537.55
2022-03-28 19:29:24,537.55
2022-03-28 19:29:29,544.1994093117078
2022-03-28 19:29:34,537.49
2022-03-28 19:29:39,537.42
2022-03-28 19:29:44,537.39
2022-03-28 19:29:49,544.1821500375218
2022-03-28 19:29:54,544.1778352189752
2022-03-28 19:29:59,537.33
2022-03-28 19:30:04,537.33
2022-03-28 19:30:09,544.1648907633356
2022-03-28 19:30:14,537.33
2022-03-28 19:30:19,537.33
2022-03-28 19:30:24,544.1519463076961
2022-03-28 19:30:29,537.33
2022-03-28 19:30:34,537.33
2022-03-28 19:30:39,537.32
2022-03-28 19:30:44,537.26
2022-03-28 19:30:49,544.1303722149636
2022-03-28 19:30:54,537.26
2022-03-28 19:30:59,537.33
2022-03-28 19:31:04,537.26
2022-03-28 19:31:09,537.33
2022-03-28 19:31:14,537.33
2022-03-28 19:31:19,544.1044833036844
2022-03-28 19:31:24,544.1001684851379
2022-03-28 19:31:29,537.39
2022-03-28 19:31:34,537.42
2022-03-28 19:31:39,537.42
2022-03-28 19:31:44,544.0829092109518
2022-03-28 19:31:49,537.55
2022-03-28 19:31:54,537.49
2022-03-28 19:31:59,544.0699647553123
2022-03-28 19:32:04,537.61
2022-03-28 19:32:09,537.61
2022-03-28 19:32:14,537.61
2022-03-28 19:32:19,537.61
2022-03-28 19:32:24,537.65
2022-03-28 19:32:29,544.0440758440333
2022-03-28 19:32:34,537.64
2022-03-28 19:32:39,537.7
2022-03-28 19:32:44,537.7
2022-03-28 19:32:49,544.0268165698471
2022-03-28 19:32:54,537.7
2022-03-28 19:32:59,537.77
2022-03-28 19:33:04,537.83
2022-03-28 19:33:09,537.83
2022-03-28 19:33:14,537.9
2022-03-28 19:33:19,537.9
2022-03-28 19:33:24,537.93
2022-03-28 19:33:29,543.992298021475
2022-03-28 19:33:34,537.93
2022-03-28 19:33:39,537.99
2022-03-28 19:33:44,543.9793535658355
2022-03-28 19:33:49,538.12
2022-03-28 19:33:54,538.12
2022-03-28 19:33:59,543.966409110196
2022-03-28 19:34:04,538.12
2022-03-28 19:34:09,538.14
2022-03-28 19:34:14,538.15
2022-03-28 19:34:19,538.21
2022-03-28 19:34:24,538.21
2022-03-28 19:34:29,538.28
2022-03-28 19:34:34,538.28
2022-03-28 19:34:39,538.34
2022-03-28 19:34:44,543.9275757432773
2022-03-28 19:34:49,538.4
2022-03-28 19:34:54,543.9189461061843
2022-03-28 19:34:59,543.9146312876378
2022-03-28 19:35:04,538.43
2022-03-28 19:35:09,538.43
2022-03-28 19:35:14,543.9016868319982
2022-03-28 19:35:19,538.56
2022-03-28 19:35:24,538.62
2022-03-28 19:35:29,543.8887423763587
2022-03-28 19:35:34,538.66
2022-03-28 19:35:39,538.72
2022-03-28 19:35:44,538.79
2022-03-28 19:35:49,543.8714831021725
2022-03-28 19:35:54,543.8513895384086
2022-03-28 19:35:59,543.825164560063
2022-03-28 19:36:04,538.95
2022-03-28 19:36:09,539.01
2022-03-28 19:36:14,539.14
2022-03-28 19:36:19,539.08
2022-03-28 19:36:24,543.6940396683343
2022-03-28 19:36:29,539.24
2022-03-28 19:36:34,539.3
2022-03-28 19:36:39,539.43
2022-03-28 19:36:44,539.43
2022-03-28 19:36:49,539.46
2022-03-28 19:36:54,543.53668979826
2022-03-28 19:36:59,543.5104648199143
2022-03-28 19:37:04,539.66
2022-03-28 19:37:09,539.69
2022-03-28 19:37:14,539.76
2022-03-28 19:37:19,539.89
2022-03-28 19:37:24,539.89
2022-03-28 19:37:29,539.98
2022-03-28 19:37:34,543.3268899714942
2022-03-28 19:37:39,540.18
2022-03-28 19:37:44,540.18
2022-03-28 19:37:49,540.28
2022-03-28 19:37:54,540.34
2022-03-28 19:37:59,540.41
2022-03-28 19:38:04,540.47
2022-03-28 19:38:09,540.51
2022-03-28 19:38:14,540.57
2022-03-28 19:38:19,540.7
2022-03-28 19:38:24,540.7
2022-03-28 19:38:29,540.73
2022-03-28 19:38:34,543.0121902313457
2022-03-28 19:38:39,540.87
2022-03-28 19:38:44,540.93
2022-03-28 19:38:49,540.93
2022-03-28 19:38:54,541.03
2022-03-28 19:38:59,541.09
2022-03-28 19:39:04,541.09
2022-03-28 19:39:09,542.8286153829256
2022-03-28 19:39:14,541.16
2022-03-28 19:39:19,541.23
2022-03-28 19:39:24,542.7499404478884
2022-03-28 19:39:29,541.33
2022-03-28 19:39:34,541.4
2022-03-28 19:39:39,541.46
2022-03-28 19:39:44,541.56
2022-03-28 19:39:49,542.6188155561598
2022-03-28 19:39:54,541.62
2022-03-28 19:39:59,541.62
2022-03-28 19:40:04,542.5401406211226
2022-03-28 19:40:09,541.75
2022-03-28 19:40:14,541.79
2022-03-28 19:40:19,542.4614656860855
2022-03-28 19:40:24,541.85
2022-03-28 19:40:29,541.92
2022-03-28 19:40:34,541.92
2022-03-28 19:40:39,541.98
2022-03-28 19:40:44,541.99
2022-03-28 19:40:49,542.3041158160113
2022-03-28 19:40:54,541.99
2022-03-28 19:40:59,542.05
2022-03-28 19:41:04,541.99
2022-03-28 19:41:09,541.99
2022-03-28 19:41:14,542.05
2022-03-28 19:41:19,541.99
2022-03-28 19:41:24,542.1205409675912
2022-03-28 19:41:29,542.0943159892455
2022-03-28 19:41:34,541.99
2022-03-28 19:41:39,541.93
2022-03-28 19:41:44,541.93
2022-03-28 19:41:49,541.9894160758627
2022-03-28 19:41:54,541.86
2022-03-28 19:41:59,541.9369661191712
2022-03-28 19:42:04,541.86
2022-03-28 19:42:09,541.8845161624797
2022-03-28 19:42:14,541.8
2022-03-28 19:42:19,541.77
2022-03-28 19:42:24,541.77
2022-03-28 19:42:29,541.77
2022-03-28 19:42:34,541.71
2022-03-28 19:42:39,541.71
2022-03-28 19:42:44,541.71
2022-03-28 19:42:49,541.64
2022-03-28 19:42:54,541.6484913573682
2022-03-28 19:42:59,541.64
2022-03-28 19:43:04,541.64
2022-03-28 19:43:09,541.5698164223311
2022-03-28 19:43:14,541.58
2022-03-28 19:43:19,541.54
2022-03-28 19:43:24,541.54
2022-03-28 19:43:29,541.48
2022-03-28 19:43:34,541.48
2022-03-28 19:43:39,541.4124665522568
2022-03-28 19:43:44,541.42
2022-03-28 19:43:49,541.35
2022-03-28 19:43:54,541.3337916172196
2022-03-28 19:43:59,541.35
2022-03-28 19:44:04,541.35
2022-03-28 19:44:09,541.28
2022-03-28 19:44:14,541.35
2022-03-28 19:44:19,541.2026667254911
2022-03-28 19:44:24,541.25
2022-03-28 19:44:29,541.28
2022-03-28 19:44:34,541.28
2022-03-28 19:44:39,541.28
2022-03-28 19:44:44,541.25
2022-03-28 19:44:49,541.28
2022-03-28 19:44:54,541.019091877071
2022-03-28 19:44:59,540.9928668987253
2022-03-28 19:45:04,541.25
2022-03-28 19:45:09,541.24
2022-03-28 19:45:14,541.24
2022-03-28 19:45:19,541.28
2022-03-28 19:45:24,540.8617420069967
2022-03-28 19:45:29,541.28
2022-03-28 19:45:34,541.24
2022-03-28 19:45:39,541.28
2022-03-28 19:45:44,541.24
2022-03-28 19:45:49,541.28
2022-03-28 19:45:54,541.24
2022-03-28 19:45:59,540.6781671585767
2022-03-28 19:46:04,540.651942180231
2022-03-28 19:46:09,540.6257172018853
2022-03-28 19:46:14,540.5994922235395
2022-03-28 19:46:19,541.34
2022-03-28 19:46:24,540.5470422668482
2022-03-28 19:46:29,540.5208172885024
2022-03-28 19:46:34,541.34
2022-03-28 19:46:39,540.4683673318109
2022-03-28 19:46:44,540.4421423534652
2022-03-28 19:46:49,540.4159173751195
2022-03-28 19:46:54,540.3896923967737
2022-03-28 19:46:59,541.47
2022-03-28 19:47:04,540.3372424400824
2022-03-28 19:47:09,541.47
2022-03-28 19:47:14,540.2847924833909
2022-03-28 19:47:19,540.2585675050452
2022-03-28 19:47:24,540.2323425266994
2022-03-28 19:47:29,541.47
2022-03-28 19:47:34,541.53
2022-03-28 19:47:39,541.47
2022-03-28 19:47:44,541.47
2022-03-28 19:47:49,541.47
2022-03-28 19:47:54,541.54
2022-03-28 19:47:59,540.0487676782794
2022-03-28 19:48:04,540.0225426999338
2022-03-28 19:48:09,541.48
2022-03-28 19:48:14,541.48
2022-03-28 19:48:19,541.48
2022-03-28 19:48:24,541.41
2022-03-28 19:48:29,541.41
2022-03-28 19:48:34,539.8651928298594
2022-03-28 19:48:39,541.41
2022-03-28 19:48:44,541.42
2022-03-28 19:48:49,541.48
2022-03-28 19:48:54,541.35
2022-03-28 19:48:59,541.35
2022-03-28 19:49:04,539.7078429597851
2022-03-28 19:49:09,541.35
2022-03-28 19:49:14,541.35
2022-03-28 19:49:19,539.629168024748
2022-03-28 19:49:24,539.6029430464023
2022-03-28 19:49:29,539.5767180680565
2022-03-28 19:49:34,541.29
2022-03-28 19:49:39,541.29
2022-03-28 19:49:44,539.4980431330193
2022-03-28 19:49:49,541.29
2022-03-28 19:49:54,541.26
2022-03-28 19:49:59,539.4494760168561
2022-03-28 19:50:04,541.26
2022-03-28 19:50:09,541.27
2022-03-28 19:50:14,541.2
2022-03-28 19:50:19,539.5266482389121
2022-03-28 19:50:24,539.545941294426
2022-03-28 19:50:29,541.14
2022-03-28 19:50:34,539.584527405454
2022-03-28 19:50:39,539.603820460968
2022-03-28 19:50:44,541.14
2022-03-28 19:50:49,541.14
2022-03-28 19:50:54,541.14
2022-03-28 19:50:59,541.08
2022-03-28 19:51:04,539.7002857385378
2022-03-28 19:51:09,541.05
2022-03-28 19:51:14,541.08
2022-03-28 19:51:19,541.08
2022-03-28 19:51:24,539.7774579605938
2022-03-28 19:51:29,539.7967510161077
2022-03-28 19:51:34,541.08
2022-03-28 19:51:39,539.8353371271356
2022-03-28 19:51:44,539.8546301826497
2022-03-28 19:51:49,539.8739232381636
2022-03-28 19:51:54,541.09
2022-03-28 19:51:59,541.16
2022-03-28 19:52:04,541.16
2022-03-28 19:52:09,539.9510954602194
2022-03-28 19:52:14,541.16
2022-03-28 19:52:19,539.9896815712475
2022-03-28 19:52:24,541.16
2022-03-28 19:52:29,541.16
2022-03-28 19:52:34,540.0475607377894
2022-03-28 19:52:39,541.16
2022-03-28 19:52:44,541.16
2022-03-28 19:52:49,541.16
2022-03-28 19:52:54,541.16
2022-03-28 19:52:59,541.1
2022-03-28 19:53:04,541.23
2022-03-28 19:53:09,541.17
2022-03-28 19:53:14,541.17
2022-03-28 19:53:19,541.17
2022-03-28 19:53:24,540.240491292929
2022-03-28 19:53:29,540.2597843484431
2022-03-28 19:53:34,541.17
2022-03-28 19:53:39,541.17
2022-03-28 19:53:44,540.3176635149849
2022-03-28 19:53:49,541.17
2022-03-28 19:53:54,541.11
2022-03-28 19:53:59,541.11
2022-03-28 19:54:04,541.11
2022-03-28 19:54:09,541.08
2022-03-28 19:54:14,541.11
2022-03-28 19:54:19,541.08
2022-03-28 19:54:24,541.08
2022-03-28 19:54:29,541.11
2022-03-28 19:54:34,540.5105940701247
2022-03-28 19:54:39,541.08
2022-03-28 19:54:44,541.02
2022-03-28 19:54:49,541.08
2022-03-28 19:54:54,540.5877662921806
2022-03-28 19:54:59,540.6070593476945
2022-03-28 19:55:04,541.08
2022-03-28 19:55:09,541.12
2022-03-28 19:55:14,540.6649385142365
2022-03-28 19:55:19,541.09
2022-03-28 19:55:24,540.7035246252644
2022-03-28 19:55:29,541.09
2022-03-28 19:55:34,541.09
2022-03-28 19:55:39,541.03
2022-03-28 19:55:44,541.09
2022-03-28 19:55:49,540.7999899028343
2022-03-28 19:55:54,541.09
2022-03-28 19:55:59,541.03
2022-03-28 19:56:04,541.03
2022-03-28 19:56:09,541.03
2022-03-28 19:56:14,541.03
2022-03-28 19:56:19,540.97
2022-03-28 19:56:24,540.9350412914322
2022-03-28 19:56:29,541.03
2022-03-28 19:56:34,540.9736274024601
2022-03-28 19:56:39,540.97
2022-03-28 19:56:44,540.97
2022-03-28 19:56:49,540.97
2022-03-28 19:56:54,540.97
2022-03-28 19:56:59,540.97
2022-03-28 19:57:04,541.04
2022-03-28 19:57:09,541.04
2022-03-28 19:57:14,541.04
2022-03-28 19:57:19,541.04
2022-03-28 19:57:24,541.04
2022-03-28 19:57:29,541.05
2022-03-28 19:57:34,540.98
2022-03-28 19:57:39,541.2244371241417
2022-03-28 19:57:44,541.05
2022-03-28 19:57:49,541.05
2022-03-28 19:57:54,541.05
2022-03-28 19:57:59,541.05
2022-03-28 19:58:04,541.3209024017116
2022-03-28 19:58:09,541.05
2022-03-28 19:58:14,541.06
2022-03-28 19:58:19,541.06
2022-03-28 19:58:24,541.12
2022-03-28 19:58:29,541.12
2022-03-28 19:58:34,541.4366607347954
2022-03-28 19:58:39,541.4559537903094
2022-03-28 19:58:44,541.16
2022-03-28 19:58:49,541.16
2022-03-28 19:58:54,541.13
2022-03-28 19:58:59,541.23
2022-03-28 19:59:04,541.23
2022-03-28 19:59:09,541.23
2022-03-28 19:59:14,541.23
2022-03-28 19:59:19,541.23
2022-03-28 19:59:24,541.23
2022-03-28 19:59:29,541.23
2022-03-28 19:59:34,541.3
2022-03-28 19:59:39,541.6874704564771
2022-03-28 19:59:44,541.7067635119911
2022-03-28 19:59:49,541.37
2022-03-28 19:59:54,541.3
2022-03-28 19:59:59,541.7646426785329
2022-03-28 20:00:04,541.4
2022-03-28 20:00:09,541.4
2022-03-28 20:00:14,541.8225218450749
2022-03-28 20:00:19,541.8418149005888
2022-03-28 20:00:24,541.53
2022-03-28 20:00:29,541.6
2022-03-28 20:00:34,541.6
2022-03-28 20:00:39,541.67
2022-03-28 20:00:44,541.9382801781587
2022-03-28 20:00:49,541.69
2022-03-28 20:00:54,541.76
2022-03-28 20:00:59,541.76
2022-03-28 20:01:04,541.83
2022-03-28 20:01:09,541.83
2022-03-28 20:01:14,541.9
2022-03-28 20:01:19,541.93
2022-03-28 20:01:24,542.0926246222705
2022-03-28 20:01:29,542.1119176777845
2022-03-28 20:01:34,541.99
2022-03-28 20:01:39,542.06
2022-03-28 20:01:44,542.1697968443264
2022-03-28 20:01:49,542.19
2022-03-28 20:01:54,542.2083829553543
2022-03-28 20:01:59,542.22
2022-03-28 20:02:04,542.22
2022-03-28 20:02:09,542.28
2022-03-28 20:02:14,542.2855551774103
2022-03-28 20:02:19,542.35
2022-03-28 20:02:24,542.41
2022-03-28 20:02:29,542.44
2022-03-28 20:02:34,542.51
2022-03-28 20:02:39,542.51
2022-03-28 20:02:44,542.58
2022-03-28 20:02:49,542.64
2022-03-28 20:02:54,542.439899621522
2022-03-28 20:02:59,542.73
2022-03-28 20:03:04,542.8
2022-03-28 20:03:09,542.8
2022-03-28 20:03:14,542.86
2022-03-28 20:03:19,542.93
2022-03-28 20:03:24,542.96
2022-03-28 20:03:29,542.96
2022-03-28 20:03:34,543.02
2022-03-28 20:03:39,543.09
2022-03-28 20:03:44,543.15
2022-03-28 20:03:49,543.22
2022-03-28 20:03:54,543.25
2022-03-28 20:03:59,543.25
2022-03-28 20:04:04,542.6712727082693
2022-03-28 20:04:09,543.38
2022-03-28 20:04:14,542.5813466646277
2022-03-28 20:04:19,543.44
2022-03-28 20:04:24,543.47
2022-03-28 20:04:29,542.4464575991657
2022-03-28 20:04:34,543.54
2022-03-28 20:04:39,543.54
2022-03-28 20:04:44,543.6
2022-03-28 20:04:49,543.6
2022-03-28 20:04:54,543.66
2022-03-28 20:04:59,543.73
2022-03-28 20:05:04,543.73
2022-03-28 20:05:09,542.0867534245999
2022-03-28 20:05:14,543.73
2022-03-28 20:05:19,543.76
2022-03-28 20:05:24,543.76
2022-03-28 20:05:29,543.89
2022-03-28 20:05:34,543.89
2022-03-28 20:05:39,543.89
2022-03-28 20:05:44,543.96
2022-03-28 20:05:49,543.95
2022-03-28 20:05:54,543.99
2022-03-28 20:05:59,543.99
2022-03-28 20:06:04,544.05
2022-03-28 20:06:09,544.11
2022-03-28 20:06:14,544.12
2022-03-28 20:06:19,544.18
2022-03-28 20:06:24,544.18
2022-03-28 20:06:29,544.28
2022-03-28 20:06:34,544.28
2022-03-28 20:06:39,541.277419031827
2022-03-28 20:06:44,544.34
2022-03-28 20:06:49,544.4
2022-03-28 20:06:54,541.1425299663649
2022-03-28 20:06:59,544.47
2022-03-28 20:07:04,541.0526039227235
2022-03-28 20:07:09,544.57
2022-03-28 20:07:14,540.962677879082
2022-03-28 20:07:19,544.63
2022-03-28 20:07:24,540.8727518354406
2022-03-28 20:07:29,544.7
2022-03-28 20:07:34,544.7
2022-03-28 20:07:39,544.79
2022-03-28 20:07:44,544.8
2022-03-28 20:07:49,540.6479367263371
2022-03-28 20:07:54,544.92
2022-03-28 20:07:59,544.92
2022-03-28 20:08:04,540.5130476608749
2022-03-28 20:08:09,544.99
2022-03-28 20:08:14,545.02
2022-03-28 20:08:19,545.09
2022-03-28 20:08:24,545.02
2022-03-28 20:08:29,545.22
2022-03-28 20:08:34,540.2432695299506
2022-03-28 20:08:39,545.15
2022-03-28 20:08:44,540.1533434863092
2022-03-28 20:08:49,540.1083804644884
2022-03-28 20:08:54,540.0634174426677
2022-03-28 20:08:59,545.29
2022-03-28 20:09:04,545.28
2022-03-28 20:09:09,539.9285283772056
2022-03-28 20:09:14,545.32
2022-03-28 20:09:19,539.8386023335642
2022-03-28 20:09:24,545.32
2022-03-28 20:09:29,545.29
2022-03-28 20:09:34,545.32
2022-03-28 20:09:39,539.6587502462812
2022-03-28 20:09:44,539.6137872244606
2022-03-28 20:09:49,539.5688242026398
2022-03-28 20:09:54,545.29
2022-03-28 20:09:59,545.29
2022-03-28 20:10:04,539.4339351371777
2022-03-28 20:10:09,539.388972115357
2022-03-28 20:10:14,539.3440090935363
2022-03-28 20:10:19,539.2990460717156
2022-03-28 20:10:24,539.2540830498948
2022-03-28 20:10:29,545.1
2022-03-28 20:10:34,545.1
2022-03-28 20:10:39,539.1191939844326
2022-03-28 20:10:44,545.01
2022-03-28 20:10:49,545.01
2022-03-28 20:10:54,545.01
2022-03-28 20:10:59,544.94
2022-03-28 20:11:04,544.81
2022-03-28 20:11:09,538.8494158535084
2022-03-28 20:11:14,544.78
2022-03-28 20:11:19,544.66
2022-03-28 20:11:24,544.59
2022-03-28 20:11:29,544.53
2022-03-28 20:11:34,538.6246007444047
2022-03-28 20:11:39,544.43
2022-03-28 20:11:44,538.5346747007634
2022-03-28 20:11:49,544.27
2022-03-28 20:11:54,538.444748657122
2022-03-28 20:11:59,544.14
2022-03-28 20:12:04,544.08
2022-03-28 20:12:09,544.01
2022-03-28 20:12:14,543.91
2022-03-28 20:12:19,543.79
2022-03-28 20:12:24,538.1749705261976
2022-03-28 20:12:29,538.130007504377
2022-03-28 20:12:34,543.56
2022-03-28 20:12:39,543.46
2022-03-28 20:12:44,543.4
2022-03-28 20:12:49,543.27
2022-03-28 20:12:54,543.17
2022-03-28 20:12:59,543.17
2022-03-28 20:13:04,537.8152663516319
2022-03-28 20:13:09,542.95
2022-03-28 20:13:14,537.7253403079906
2022-03-28 20:13:19,537.6803772861698
2022-03-28 20:13:24,542.65
2022-03-28 20:13:29,542.53
2022-03-28 20:13:34,537.5454882207076
2022-03-28 20:13:39,537.5005251988869
2022-03-28 20:13:44,542.2
2022-03-28 20:13:49,542.2
2022-03-28 20:13:54,542.07
2022-03-28 20:13:59,541.94
2022-03-28 20:14:04,537.2757100897834
2022-03-28 20:14:09,541.85
2022-03-28 20:14:14,541.72
2022-03-28 20:14:19,537.1408210243212
2022-03-28 20:14:24,541.49
2022-03-28 20:14:29,541.42
2022-03-28 20:14:34,541.39
2022-03-28 20:14:39,536.9609689370383
2022-03-28 20:14:44,541.17
2022-03-28 20:14:49,541.1
2022-03-28 20:14:54,536.8260798715762
2022-03-28 20:14:59,536.7811168497554
2022-03-28 20:15:04,540.81
2022-03-28 20:15:09,540.75
2022-03-28 20:15:14,536.6462277842933
2022-03-28 20:15:19,540.58
2022-03-28 20:15:24,540.45
2022-03-28 20:15:29,540.39
2022-03-28 20:15:34,536.4663756970103
2022-03-28 20:15:39,540.23
2022-03-28 20:15:44,540.16
2022-03-28 20:15:49,536.3314866315483
2022-03-28 20:15:54,540.0
2022-03-28 20:15:59,539.87
2022-03-28 20:16:04,539.84
2022-03-28 20:16:09,536.1516345442653
2022-03-28 20:16:14,539.6
2022-03-28 20:16:19,539.61
2022-03-28 20:16:24,536.0167454788032
2022-03-28 20:16:29,535.9717824569825
2022-03-28 20:16:34,539.41
2022-03-28 20:16:39,535.8818564133411
2022-03-28 20:16:44,535.8368933915204
2022-03-28 20:16:49,539.09
2022-03-28 20:16:54,539.03
2022-03-28 20:16:59,535.7020043260582
2022-03-28 20:17:04,538.83
2022-03-28 20:17:09,538.74
2022-03-28 20:17:14,538.67
2022-03-28 20:17:19,535.5221522387754
2022-03-28 20:17:24,538.51
2022-03-28 20:17:29,538.51
2022-03-28 20:17:34,538.44
2022-03-28 20:17:39,538.31
2022-03-28 20:17:44,538.28
2022-03-28 20:17:49,538.22
2022-03-28 20:17:54,538.15
2022-03-28 20:17:59,538.05
2022-03-28 20:18:04,537.99
2022-03-28 20:18:09,537.86
2022-03-28 20:18:14,535.1398186166829
2022-03-28 20:18:19,537.76
2022-03-28 20:18:24,535.1953036370843
2022-03-28 20:18:29,537.64
2022-03-28 20:18:34,535.2507886574858
2022-03-28 20:18:39,535.2785311676865
2022-03-28 20:18:44,537.41
2022-03-28 20:18:49,537.35
2022-03-28 20:18:54,537.35
2022-03-28 20:18:59,535.3895012084895
2022-03-28 20:19:04,537.25
2022-03-28 20:19:09,537.18
2022-03-28 20:19:14,535.4727287390916
2022-03-28 20:19:19,537.06
2022-03-28 20:19:24,537.06
2022-03-28 20:19:29,535.5559562696939
2022-03-28 20:19:34,535.5836987798946
2022-03-28 20:19:39,536.96
2022-03-28 20:19:44,536.9
2022-03-28 20:19:49,535.6669263104968
2022-03-28 20:19:54,536.84
2022-03-28 20:19:59,535.7224113308982
2022-03-28 20:20:04,536.77
2022-03-28 20:20:09,535.7778963512998
2022-03-28 20:20:14,536.74
2022-03-28 20:20:19,536.68
2022-03-28 20:20:24,535.861123881902
2022-03-28 20:20:29,535.8888663921027
2022-03-28 20:20:34,536.62
2022-03-28 20:20:39,535.9443514125041
2022-03-28 20:20:44,536.55
2022-03-28 20:20:49,535.9998364329056
2022-03-28 20:20:54,536.0275789431064
2022-03-28 20:20:59,536.52
2022-03-28 20:21:04,536.52
2022-03-28 20:21:09,536.1108064737085
2022-03-28 20:21:14,536.46
2022-03-28 20:21:19,536.45
2022-03-28 20:21:24,536.39
2022-03-28 20:21:29,536.2217765145115
2022-03-28 20:21:34,536.2495190247123
2022-03-28 20:21:39,536.33
2022-03-28 20:21:44,536.33
2022-03-28 20:21:49,536.26
2022-03-28 20:21:54,536.3604890655151
2022-03-28 20:21:59,536.388231575716
2022-03-28 20:22:04,536.23
2022-03-28 20:22:09,536.23
2022-03-28 20:22:14,536.27
2022-03-28 20:22:19,536.4992016165189
2022-03-28 20:22:24,536.23
2022-03-28 20:22:29,536.26
2022-03-28 20:22:34,536.23
2022-03-28 20:22:39,536.6101716573219
2022-03-28 20:22:44,536.6379141675225
2022-03-28 20:22:49,536.23
2022-03-28 20:22:54,536.23
2022-03-28 20:22:59,536.26
2022-03-28 20:23:04,536.7488842083254
2022-03-28 20:23:09,536.23
2022-03-28 20:23:14,536.23
2022-03-28 20:23:19,536.8321117389277
2022-03-28 20:23:24,536.8598542491284
2022-03-28 20:23:29,536.23
2022-03-28 20:23:34,536.23
2022-03-28 20:23:39,536.23
2022-03-28 20:23:44,536.16
2022-03-28 20:23:49,536.998566800132
2022-03-28 20:23:54,536.16
2022-03-28 20:23:59,536.16
2022-03-28 20:24:04,536.22
2022-03-28 20:24:09,536.22
2022-03-28 20:24:14,536.22
2022-03-28 20:24:19,536.22
2022-03-28 20:24:24,536.22
2022-03-28 20:24:29,536.22
2022-03-28 20:24:34,536.16
2022-03-28 20:24:39,536.22
2022-03-28 20:24:44,536.15
2022-03-28 20:24:49,536.15
2022-03-28 20:24:54,536.22
2022-03-28 20:24:59,536.15
2022-03-28 20:25:04,536.15
2022-03-28 20:25:09,536.15
2022-03-28 20:25:14,536.15
2022-03-28 20:25:19,536.22
2022-03-28 20:25:24,536.15
2022-03-28 20:25:29,537.5534170041468
2022-03-28 20:25:34,536.14
2022-03-28 20:25:39,537.6089020245482
2022-03-28 20:25:44,536.14
2022-03-28 20:25:49,536.14
2022-03-28 20:25:54,536.14
2022-03-28 20:25:59,537.7198720653512
2022-03-28 20:26:04,537.7476145755519
2022-03-28 20:26:09,536.14
2022-03-28 20:26:14,536.14
2022-03-28 20:26:19,537.8308421061541
2022-03-28 20:26:24,536.07
2022-03-28 20:26:29,536.07
2022-03-28 20:26:34,536.14
2022-03-28 20:26:39,536.07
2022-03-28 20:26:44,537.9695546571578
2022-03-28 20:26:49,536.07
2022-03-28 20:26:54,536.07
2022-03-28 20:26:59,536.06
2022-03-28 20:27:04,536.13
2022-03-28 20:27:09,538.1082672081615
2022-03-28 20:27:14,538.1360097183622
2022-03-28 20:27:19,536.19
2022-03-28 20:27:24,538.1914947387637
2022-03-28 20:27:29,538.2192372489644
2022-03-28 20:27:34,536.19
2022-03-28 20:27:39,538.2747222693658
2022-03-28 20:27:44,538.3024647795667
2022-03-28 20:27:49,536.28
2022-03-28 20:27:54,536.28
2022-03-28 20:27:59,536.28
2022-03-28 20:28:04,538.4134348203696
2022-03-28 20:28:09,536.35
2022-03-28 20:28:14,536.41
2022-03-28 20:28:19,538.4966623509717
2022-03-28 20:28:24,536.41
2022-03-28 20:28:29,538.5521473713732
2022-03-28 20:28:34,536.51
2022-03-28 20:28:39,536.51
2022-03-28 20:28:44,536.57
2022-03-28 20:28:49,538.6631174121761
2022-03-28 20:28:54,536.7
2022-03-28 20:28:59,536.7
2022-03-28 20:29:04,536.8
2022-03-28 20:29:09,536.8
2022-03-28 20:29:14,536.93
2022-03-28 20:29:19,536.99
2022-03-28 20:29:24,538.8573149835813
2022-03-28 20:29:29,537.09
2022-03-28 20:29:34,538.9128000039829
2022-03-28 20:29:39,537.22
2022-03-28 20:29:44,537.31
2022-03-28 20:29:49,537.44
2022-03-28 20:29:54,537.44
2022-03-28 20:29:59,539.0515125549864
2022-03-28 20:30:04,537.6
2022-03-28 20:30:09,539.1069975753879
2022-03-28 20:30:14,537.77
2022-03-28 20:30:19,537.96
2022-03-28 20:30:24,538.02
2022-03-28 20:30:29,539.2179676161908
2022-03-28 20:30:34,538.25
2022-03-28 20:30:39,538.41
2022-03-28 20:30:44,539.301195146793
2022-03-28 20:30:49,538.7
2022-03-28 20:30:54,538.8
2022-03-28 20:30:59,538.93
2022-03-28 20:31:04,539.06
2022-03-28 20:31:09,539.4399076977967
2022-03-28 20:31:14,539.4676502079974
2022-03-28 20:31:19,539.51
2022-03-28 20:31:24,539.67
2022-03-28 20:31:29,539.8
2022-03-28 20:31:34,539.5786202488005
2022-03-28 20:31:39,539.6063627590011
2022-03-28 20:31:44,540.25
2022-03-28 20:31:49,540.41
2022-03-28 20:31:54,539.6895902896033
2022-03-28 20:31:59,540.7
2022-03-28 20:32:04,539.7450753100048
2022-03-28 20:32:09,539.7728178202055
2022-03-28 20:32:14,541.22
2022-03-28 20:32:19,539.7825397779272
2022-03-28 20:32:24,539.7794721102238
2022-03-28 20:32:29,541.64
2022-03-28 20:32:34,539.7733367748167
2022-03-28 20:32:39,539.7702691071131
2022-03-28 20:32:44,542.09
2022-03-28 20:32:49,542.25
2022-03-28 20:32:54,542.31
2022-03-28 20:32:59,539.757998436299
2022-03-28 20:33:04,542.6
2022-03-28 20:33:09,539.7518631008919
2022-03-28 20:33:14,542.89
2022-03-28 20:33:19,542.99
2022-03-28 20:33:24,539.7426600977814
2022-03-28 20:33:29,543.21
2022-03-28 20:33:34,539.7365247623743
2022-03-28 20:33:39,539.7334570946707
2022-03-28 20:33:44,543.56
2022-03-28 20:33:49,539.7273217592636
2022-03-28 20:33:54,539.7242540915602
2022-03-28 20:33:59,539.7211864238566
2022-03-28 20:34:04,543.92
2022-03-28 20:34:09,543.95
2022-03-28 20:34:14,539.711983420746
2022-03-28 20:34:19,539.7089157530424
2022-03-28 20:34:24,544.21
2022-03-28 20:34:29,544.24
2022-03-28 20:34:34,539.6997127499319
2022-03-28 20:34:39,544.36
2022-03-28 20:34:44,544.36
2022-03-28 20:34:49,544.46
2022-03-28 20:34:54,544.46
2022-03-28 20:34:59,544.59
2022-03-28 20:35:04,539.6813067437107
2022-03-28 20:35:09,544.58
2022-03-28 20:35:14,544.71
2022-03-28 20:35:19,544.71
2022-03-28 20:35:24,544.71
2022-03-28 20:35:29,544.74
2022-03-28 20:35:34,539.6629007374895
2022-03-28 20:35:39,544.8
2022-03-28 20:35:44,539.6567654020824
2022-03-28 20:35:49,544.87
2022-03-28 20:35:54,544.87
2022-03-28 20:35:59,539.6475623989719
2022-03-28 20:36:04,544.86
2022-03-28 20:36:09,544.86
2022-03-28 20:36:14,544.86
2022-03-28 20:36:19,544.8
2022-03-28 20:36:24,544.86
2022-03-28 20:36:29,539.6291563927507
2022-03-28 20:36:34,544.8
2022-03-28 20:36:39,539.6230210573436
2022-03-28 20:36:44,544.8
2022-03-28 20:36:49,544.73
2022-03-28 20:36:54,544.73
2022-03-28 20:36:59,544.7
2022-03-28 20:37:04,544.63
2022-03-28 20:37:09,544.56
2022-03-28 20:37:14,544.5
2022-03-28 20:37:19,539.5984797157154
2022-03-28 20:37:24,544.44
2022-03-28 20:37:29,544.4
2022-03-28 20:37:34,544.33
2022-03-28 20:37:39,539.5862090449012
2022-03-28 20:37:44,544.2
2022-03-28 20:37:49,544.1
2022-03-28 20:37:54,544.11
2022-03-28 20:37:59,539.5739383740871
2022-03-28 20:38:04,539.5708707063836
2022-03-28 20:38:09,539.56780303868
2022-03-28 20:38:14,543.88
2022-03-28 20:38:19,543.69
2022-03-28 20:38:24,543.68
2022-03-28 20:38:29,543.65
2022-03-28 20:38:34,543.59
2022-03-28 20:38:39,543.39
2022-03-28 20:38:44,543.39
2022-03-28 20:38:49,539.5432616970518
2022-03-28 20:38:54,543.17
2022-03-28 20:38:59,543.13
2022-03-28 20:39:04,543.0
2022-03-28 20:39:09,539.5309910262376
2022-03-28 20:39:14,542.85
2022-03-28 20:39:19,542.72
2022-03-28 20:39:24,542.72
2022-03-28 20:39:29,539.5187203554235
2022-03-28 20:39:34,542.49
2022-03-28 20:39:39,539.5125850200166
2022-03-28 20:39:44,539.509517352313
2022-03-28 20:39:49,542.33
2022-03-28 20:39:54,542.2
2022-03-28 20:39:59,539.5003143492024
2022-03-28 20:40:04,539.4972466814988
2022-03-28 20:40:09,539.4941790137954
2022-03-28 20:40:14,541.91
2022-03-28 20:40:19,539.4880436783883
2022-03-28 20:40:24,541.85
2022-03-28 20:40:29,541.81
2022-03-28 20:40:34,541.68
2022-03-28 20:40:39,541.69
2022-03-28 20:40:44,541.59
2022-03-28 20:40:49,539.4696376721671
2022-03-28 20:40:54,541.59
2022-03-28 20:40:59,539.46350233676
2022-03-28 20:41:04,541.53
2022-03-28 20:41:09,541.46
2022-03-28 20:41:14,539.4542993336494
2022-03-28 20:41:19,541.4
2022-03-28 20:41:24,539.4481639982423
2022-03-28 20:41:29,541.34
2022-03-28 20:41:34,541.3
2022-03-28 20:41:39,541.3
2022-03-28 20:41:44,541.24
2022-03-28 20:41:49,541.24
2022-03-28 20:41:54,541.24
2022-03-28 20:41:59,541.18
2022-03-28 20:42:04,541.18
2022-03-28 20:42:09,541.08
2022-03-28 20:42:14,541.18
2022-03-28 20:42:19,541.08
2022-03-28 20:42:24,541.11
2022-03-28 20:42:29,541.08
2022-03-28 20:42:34,539.405216650393
2022-03-28 20:42:39,541.08
2022-03-28 20:42:44,541.02
2022-03-28 20:42:49,541.02
2022-03-28 20:42:54,541.02
2022-03-28 20:42:59,539.3898783118752
2022-03-28 20:43:04,541.02
2022-03-28 20:43:09,541.02
2022-03-28 20:43:14,539.3806753087647
2022-03-28 20:43:19,540.95
2022-03-28 20:43:24,539.3745399733576
2022-03-28 20:43:29,539.371472305654
2022-03-28 20:43:34,540.96
2022-03-28 20:43:39,540.96
2022-03-28 20:43:44,540.96
2022-03-28 20:43:49,540.96
2022-03-28 20:43:54,540.89
2022-03-28 20:43:59,540.89
2022-03-28 20:44:04,540.95
2022-03-28 20:44:09,540.89
2022-03-28 20:44:14,539.3438632963223
2022-03-28 20:44:19,539.3407956286188
2022-03-28 20:44:24,540.95
2022-03-28 20:44:29,540.96
2022-03-28 20:44:34,540.96
2022-03-28 20:44:39,540.89
2022-03-28 20:44:44,540.89
2022-03-28 20:44:49,539.3223896223976
2022-03-28 20:44:54,539.319321954694
2022-03-28 20:44:59,539.3162542869906
2022-03-28 20:45:04,539.313186619287
2022-03-28 20:45:09,539.3101189515835
2022-03-28 20:45:14,540.89
2022-03-28 20:45:19,540.89
2022-03-28 20:45:24,539.3009159484728
2022-03-28 20:45:29,540.82
2022-03-28 20:45:34,540.88
2022-03-28 20:45:39,539.2917129453623
2022-03-28 20:45:44,539.2886452776587
2022-03-28 20:45:49,539.2855776099552
2022-03-28 20:45:54,540.88
2022-03-28 20:45:59,540.88
2022-03-28 20:46:04,540.82
2022-03-28 20:46:09,540.82
2022-03-28 20:46:14,539.2702392714375
2022-03-28 20:46:19,540.78
2022-03-28 20:46:24,540.65
2022-03-28 20:46:29,540.65
2022-03-28 20:46:34,540.65
2022-03-28 20:46:39,540.56
2022-03-28 20:46:44,539.2398562758914
2022-03-28 20:46:49,540.56
2022-03-28 20:46:54,540.49
2022-03-28 20:46:59,540.42
2022-03-28 20:47:04,540.36
2022-03-28 20:47:09,540.29
2022-03-28 20:47:14,539.2082077708347
2022-03-28 20:47:19,540.29
2022-03-28 20:47:24,540.19
2022-03-28 20:47:29,540.19
2022-03-28 20:47:34,540.19
2022-03-28 20:47:39,539.181834016621
2022-03-28 20:47:44,539.1765592657782
2022-03-28 20:47:49,539.1712845149355
2022-03-28 20:47:54,539.1660097640927
2022-03-28 20:47:59,539.9
2022-03-28 20:48:04,539.9
2022-03-28 20:48:09,539.83
2022-03-28 20:48:14,539.1449107607216
2022-03-28 20:48:19,539.76
2022-03-28 20:48:24,539.67
2022-03-28 20:48:29,539.66
2022-03-28 20:48:34,539.1238117573506
2022-03-28 20:48:39,539.6
2022-03-28 20:48:44,539.53
2022-03-28 20:48:49,539.1079875048223
2022-03-28 20:48:54,539.44
2022-03-28 20:48:59,539.0974380031367
2022-03-28 20:49:04,539.37
2022-03-28 20:49:09,539.3
2022-03-28 20:49:14,539.24
2022-03-28 20:49:19,539.24
2022-03-28 20:49:24,539.21
2022-03-28 20:49:29,539.21
2022-03-28 20:49:34,539.0605147472374
2022-03-28 20:49:39,539.14
2022-03-28 20:49:44,539.0499652455519
2022-03-28 20:49:49,539.01
2022-03-28 20:49:54,538.98
2022-03-28 20:49:59,538.98
2022-03-28 20:50:04,538.98
2022-03-28 20:50:09,538.85
2022-03-28 20:50:14,539.0183167404953
2022-03-28 20:50:19,538.78
2022-03-28 20:50:24,538.72
2022-03-28 20:50:29,538.69
2022-03-28 20:50:34,538.69
2022-03-28 20:50:39,538.9919429862815
2022-03-28 20:50:44,538.9866682354387
2022-03-28 20:50:49,538.5
2022-03-28 20:50:54,538.46
2022-03-28 20:50:59,538.46
2022-03-28 20:51:04,538.9655692320677
2022-03-28 20:51:09,538.9602944812249
2022-03-28 20:51:14,538.33
2022-03-28 20:51:19,538.27
2022-03-28 20:51:24,538.21
2022-03-28 20:51:29,538.17
2022-03-28 20:51:34,538.9339207270111
2022-03-28 20:51:39,538.9286459761684
2022-03-28 20:51:44,538.9233712253256
2022-03-28 20:51:49,537.98
2022-03-28 20:51:54,538.91282172364
2022-03-28 20:51:59,537.88
2022-03-28 20:52:04,537.82
2022-03-28 20:52:09,538.8969974711117
2022-03-28 20:52:14,537.69
2022-03-28 20:52:19,538.8864479694262
2022-03-28 20:52:24,537.69
2022-03-28 20:52:29,537.66
2022-03-28 20:52:34,538.870623716898
2022-03-28 20:52:39,537.53
2022-03-28 20:52:44,537.53
2022-03-28 20:52:49,538.8547994643696
2022-03-28 20:52:54,537.54
2022-03-28 20:52:59,538.8442499626841
2022-03-28 20:53:04,537.47
2022-03-28 20:53:09,537.44
2022-03-28 20:53:14,537.47
2022-03-28 20:53:19,537.44
2022-03-28 20:53:24,538.8178762084704
2022-03-28 20:53:29,537.44
2022-03-28 20:53:34,537.44
2022-03-28 20:53:39,537.44
2022-03-28 20:53:44,537.38
2022-03-28 20:53:49,537.37
2022-03-28 20:53:54,537.38
2022-03-28 20:53:59,537.38
2022-03-28 20:54:04,537.37
2022-03-28 20:54:09,537.37
2022-03-28 20:54:14,537.38
2022-03-28 20:54:19,537.37
2022-03-28 20:54:24,537.44
2022-03-28 20:54:29,537.44
2022-03-28 20:54:34,538.7440296966716
2022-03-28 20:54:39,537.44
2022-03-28 20:54:44,538.7334801949861
2022-03-28 20:54:49,537.47
2022-03-28 20:54:54,537.47
2022-03-28 20:54:59,537.47
2022-03-28 20:55:04,537.53
2022-03-28 20:55:09,538.7071064407722
2022-03-28 20:55:14,537.53
2022-03-28 20:55:19,537.59
2022-03-28 20:55:24,538.691282188244
2022-03-28 20:55:29,537.6
2022-03-28 20:55:34,537.6
2022-03-28 20:55:39,538.6754579357157
2022-03-28 20:55:44,537.69
2022-03-28 20:55:49,537.75
2022-03-28 20:55:54,537.69
2022-03-28 20:55:59,538.6543589323446
2022-03-28 20:56:04,537.82
2022-03-28 20:56:09,537.82
2022-03-28 20:56:14,537.82
2022-03-28 20:56:19,538.6332599289736
2022-03-28 20:56:24,537.95
2022-03-28 20:56:29,538.6227104272881
2022-03-28 20:56:34,537.98
2022-03-28 20:56:39,538.6121609256026
2022-03-28 20:56:44,538.1
2022-03-28 20:56:49,538.1
2022-03-28 20:56:54,538.17
2022-03-28 20:56:59,538.2
2022-03-28 20:57:04,538.2
2022-03-28 20:57:09,538.26
2022-03-28 20:57:14,538.5752376697033
2022-03-28 20:57:19,538.33
2022-03-28 20:57:24,538.33
2022-03-28 20:57:29,538.39
2022-03-28 20:57:34,538.5541386663322
2022-03-28 20:57:39,538.5488639154894
2022-03-28 20:57:44,538.45
2022-03-28 20:57:49,538.5383144138038
2022-03-28 20:57:54,538.5330396629611
2022-03-28 20:57:59,538.61
2022-03-28 20:58:04,538.5224901612755
2022-03-28 20:58:09,538.5172154104329
2022-03-28 20:58:14,538.5119406595901
2022-03-28 20:58:19,538.77
2022-03-28 20:58:24,538.5013911579045
2022-03-28 20:58:29,538.89
2022-03-28 20:58:34,538.89
2022-03-28 20:58:39,538.96
2022-03-28 20:58:44,538.99
2022-03-28 20:58:49,539.05
2022-03-28 20:58:54,539.12
2022-03-28 20:58:59,539.21
2022-03-28 20:59:04,538.4591931511625
2022-03-28 20:59:09,538.4539184003197
2022-03-28 20:59:14,539.34
2022-03-28 20:59:19,539.4
2022-03-28 20:59:24,539.46
2022-03-28 20:59:29,539.49
2022-03-28 20:59:34,538.4275446461058
2022-03-28 20:59:39,539.62
2022-03-28 20:59:44,539.69
2022-03-28 20:59:49,539.78
2022-03-28 20:59:54,539.78
2022-03-28 20:59:59,539.91
2022-03-28 21:00:04,539.91
2022-03-28 21:00:09,538.3906213902065
2022-03-28 21:00:14,538.3853466393638
2022-03-28 21:00:19,538.380071888521
2022-03-28 21:00:24,540.2
2022-03-28 21:00:29,540.23
2022-03-28 21:00:34,538.3985883636808
2022-03-28 21:00:39,538.4078161846138
2022-03-28 21:00:44,540.36
2022-03-28 21:00:49,540.43
2022-03-28 21:00:54,538.4354996474126
2022-03-28 21:00:59,538.4447274683456
2022-03-28 21:01:04,538.4539552892785
2022-03-28 21:01:09,540.65
2022-03-28 21:01:14,538.4724109311444
2022-03-28 21:01:19,540.71
2022-03-28 21:01:24,540.71
2022-03-28 21:01:29,540.75
2022-03-28 21:01:34,540.87
2022-03-28 21:01:39,540.87
2022-03-28 21:01:44,540.94
2022-03-28 21:01:49,540.94
2022-03-28 21:01:54,541.0
2022-03-28 21:01:59,538.555461319541
2022-03-28 21:02:04,541.04
2022-03-28 21:02:09,541.1
2022-03-28 21:02:14,538.5831447823398
2022-03-28 21:02:19,538.5923726032728
2022-03-28 21:02:24,541.16
2022-03-28 21:02:29,541.16
2022-03-28 21:02:34,541.1
2022-03-28 21:02:39,541.1
2022-03-28 21:02:44,541.16
2022-03-28 21:02:49,541.1
2022-03-28 21:02:54,541.1
2022-03-28 21:02:59,541.1
2022-03-28 21:03:04,541.11
2022-03-28 21:03:09,541.04
2022-03-28 21:03:14,541.04
2022-03-28 21:03:19,541.04
2022-03-28 21:03:24,541.01
2022-03-28 21:03:29,541.01
2022-03-28 21:03:34,538.7307899172671
2022-03-28 21:03:39,540.95
2022-03-28 21:03:44,540.95
2022-03-28 21:03:49,540.88
2022-03-28 21:03:54,540.88
2022-03-28 21:03:59,538.7769290219318
2022-03-28 21:04:04,538.7861568428648
2022-03-28 21:04:09,540.72
2022-03-28 21:04:14,540.72
2022-03-28 21:04:19,540.72
2022-03-28 21:04:24,538.8230681265966
2022-03-28 21:04:29,540.59
2022-03-28 21:04:34,540.53
2022-03-28 21:04:39,538.8507515893954
2022-03-28 21:04:44,540.5
2022-03-28 21:04:49,540.44
2022-03-28 21:04:54,540.37
2022-03-28 21:04:59,538.8876628731273
2022-03-28 21:05:04,538.8968906940602
2022-03-28 21:05:09,540.31
2022-03-28 21:05:14,540.21
2022-03-28 21:05:19,538.924574156859
2022-03-28 21:05:24,540.08
2022-03-28 21:05:29,540.08
2022-03-28 21:05:34,540.01
2022-03-28 21:05:39,538.9614854405908
2022-03-28 21:05:44,538.9707132615238
2022-03-28 21:05:49,539.92
2022-03-28 21:05:54,538.9891689033897
2022-03-28 21:05:59,539.85
2022-03-28 21:06:04,539.0076245452556
2022-03-28 21:06:09,539.72
2022-03-28 21:06:14,539.63
2022-03-28 21:06:19,539.0353080080545
2022-03-28 21:06:24,539.0445358289874
2022-03-28 21:06:29,539.56
2022-03-28 21:06:34,539.46
2022-03-28 21:06:39,539.46
2022-03-28 21:06:44,539.4
2022-03-28 21:06:49,539.0906749336522
2022-03-28 21:06:54,539.33
2022-03-28 21:06:59,539.27
2022-03-28 21:07:04,539.118358396451
2022-03-28 21:07:09,539.21
2022-03-28 21:07:14,539.17
2022-03-28 21:07:19,539.1460418592499
2022-03-28 21:07:24,538.98
2022-03-28 21:07:29,539.1644975011158
2022-03-28 21:07:34,538.97
2022-03-28 21:07:39,539.1829531429817
2022-03-28 21:07:44,539.1921809639146
2022-03-28 21:07:49,538.88
2022-03-28 21:07:54,538.81
2022-03-28 21:07:59,539.2198644267135
2022-03-28 21:08:04,539.2290922476463
2022-03-28 21:08:09,539.2383200685794
2022-03-28 21:08:14,538.65
2022-03-28 21:08:19,539.2567757104453
2022-03-28 21:08:24,539.2660035313783
2022-03-28 21:08:29,538.65
2022-03-28 21:08:34,539.2844591732442
2022-03-28 21:08:39,538.59
2022-03-28 21:08:44,539.3029148151101
2022-03-28 21:08:49,538.51
2022-03-28 21:08:54,538.45
2022-03-28 21:08:59,539.3305982779088
2022-03-28 21:09:04,538.45
2022-03-28 21:09:09,538.45
2022-03-28 21:09:14,539.3582817407078
2022-03-28 21:09:19,538.41
2022-03-28 21:09:24,538.41
2022-03-28 21:09:29,538.44
2022-03-28 21:09:34,538.41
2022-03-28 21:09:39,538.41
2022-03-28 21:09:44,538.45
2022-03-28 21:09:49,538.44
2022-03-28 21:09:54,538.44
2022-03-28 21:09:59,538.51
2022-03-28 21:10:04,539.4505599500372
2022-03-28 21:10:09,538.51
2022-03-28 21:10:14,538.51
2022-03-28 21:10:19,538.51
2022-03-28 21:10:24,539.487471233769
2022-03-28 21:10:29,539.4966990547019
2022-03-28 21:10:34,539.5059268756349
2022-03-28 21:10:39,538.63
2022-03-28 21:10:44,538.67
2022-03-28 21:10:49,539.5336103384338
2022-03-28 21:10:54,538.73
2022-03-28 21:10:59,539.5520659802997
2022-03-28 21:11:04,538.8
2022-03-28 21:11:09,538.86
2022-03-28 21:11:14,538.92
2022-03-28 21:11:19,538.92
2022-03-28 21:11:24,539.02
2022-03-28 21:11:29,539.09
2022-03-28 21:11:34,539.15
2022-03-28 21:11:39,539.18
2022-03-28 21:11:44,539.6351163686962
2022-03-28 21:11:49,539.6443441896292
2022-03-28 21:11:54,539.6535720105621
2022-03-28 21:11:59,539.48
2022-03-28 21:12:04,539.672027652428
2022-03-28 21:12:09,539.54
2022-03-28 21:12:14,539.6
2022-03-28 21:12:19,539.67
2022-03-28 21:12:24,539.7089389361598
2022-03-28 21:12:29,539.83
2022-03-28 21:12:34,539.9
2022-03-28 21:12:39,539.96
2022-03-28 21:12:44,539.7458502198917
2022-03-28 21:12:49,539.7550780408246
2022-03-28 21:12:54,540.12
2022-03-28 21:12:59,540.22
2022-03-28 21:13:04,540.35
2022-03-28 21:13:09,540.35
2022-03-28 21:13:14,539.8012171454894
2022-03-28 21:13:19,540.51
2022-03-28 21:13:24,539.8196727873553
2022-03-28 21:13:29,540.64
2022-03-28 21:13:34,540.71
2022-03-28 21:13:39,539.8473562501541
2022-03-28 21:13:44,539.8565840710871
2022-03-28 21:13:49,540.87
2022-03-28 21:13:54,539.875039712953
2022-03-28 21:13:59,541.0
2022-03-28 21:14:04,539.8934953548189
2022-03-28 21:14:09,541.04
2022-03-28 21:14:14,541.17
2022-03-28 21:14:19,541.17
2022-03-28 21:14:24,539.9304066385507
2022-03-28 21:14:29,541.27
2022-03-28 21:14:34,539.9373996215716
2022-03-28 21:14:39,541.33
2022-03-28 21:14:44,541.46
2022-03-28 21:14:49,539.9388166329361
2022-03-28 21:14:54,541.56
2022-03-28 21:14:59,541.63
2022-03-28 21:15:04,541.63
2022-03-28 21:15:09,541.76
2022-03-28 21:15:14,541.76
2022-03-28 21:15:19,541.79
2022-03-28 21:15:24,541.85
2022-03-28 21:15:29,541.92
2022-03-28 21:15:34,541.92
2022-03-28 21:15:39,542.05
2022-03-28 21:15:44,539.9440123412729
2022-03-28 21:15:49,542.08
2022-03-28 21:15:54,542.15
2022-03-28 21:15:59,542.21
2022-03-28 21:16:04,539.945901689759
2022-03-28 21:16:09,539.9463740268806
2022-03-28 21:16:14,542.38
2022-03-28 21:16:19,542.44
2022-03-28 21:16:24,539.9477910382451
2022-03-28 21:16:29,542.51
2022-03-28 21:16:34,542.6
2022-03-28 21:16:39,542.67
2022-03-28 21:16:44,542.67
2022-03-28 21:16:49,542.8
2022-03-28 21:16:54,539.9506250609743
2022-03-28 21:16:59,539.9510973980958
2022-03-28 21:17:04,539.9515697352174
2022-03-28 21:17:09,542.96
2022-03-28 21:17:14,543.03
2022-03-28 21:17:19,539.9529867465819
2022-03-28 21:17:24,543.12
2022-03-28 21:17:29,543.19
2022-03-28 21:17:34,543.19
2022-03-28 21:17:39,543.32
2022-03-28 21:17:44,543.32
2022-03-28 21:17:49,543.41
2022-03-28 21:17:54,543.48
2022-03-28 21:17:59,543.48
2022-03-28 21:18:04,539.9572377806757
2022-03-28 21:18:09,543.64
2022-03-28 21:18:14,543.64
2022-03-28 21:18:19,539.9586547920403
2022-03-28 21:18:24,543.77
2022-03-28 21:18:29,539.9595994662833
2022-03-28 21:18:34,543.93
2022-03-28 21:18:39,539.9605441405264
2022-03-28 21:18:44,539.961016477648
2022-03-28 21:18:49,544.06
2022-03-28 21:18:54,539.9619611518909
2022-03-28 21:18:59,539.9624334890125
2022-03-28 21:19:04,544.28
2022-03-28 21:19:09,544.28
2022-03-28 21:19:14,544.38
2022-03-28 21:19:19,544.38
2022-03-28 21:19:24,544.51
2022-03-28 21:19:29,544.51
2022-03-28 21:19:34,544.57
2022-03-28 21:19:39,539.9662121859848
2022-03-28 21:19:44,544.67
2022-03-28 21:19:49,544.66
2022-03-28 21:19:54,544.79
2022-03-28 21:19:59,544.73
2022-03-28 21:20:04,539.9685738715924
2022-03-28 21:20:09,544.89
2022-03-28 21:20:14,544.95
2022-03-28 21:20:19,539.969990882957
2022-03-28 21:20:24,545.01
2022-03-28 21:20:29,545.08
2022-03-28 21:20:34,545.18
2022-03-28 21:20:39,545.18
2022-03-28 21:20:44,545.24
2022-03-28 21:20:49,539.9728249056861
2022-03-28 21:20:54,545.37
2022-03-28 21:20:59,545.37
2022-03-28 21:21:04,539.9742419170507
2022-03-28 21:21:09,545.46
2022-03-28 21:21:14,545.53
2022-03-28 21:21:19,539.9756589284153
2022-03-28 21:21:24,545.59
2022-03-28 21:21:29,545.65
2022-03-28 21:21:34,545.66
2022-03-28 21:21:39,545.76
2022-03-28 21:21:44,545.75
2022-03-28 21:21:49,545.82
2022-03-28 21:21:54,539.978965288266
2022-03-28 21:21:59,539.9794376253875
2022-03-28 21:22:04,545.92
2022-03-28 21:22:09,545.98
2022-03-28 21:22:14,546.04
2022-03-28 21:22:19,539.9813269738736
2022-03-28 21:22:24,546.11
2022-03-28 21:22:29,539.9822716481167
2022-03-28 21:22:34,546.17
2022-03-28 21:22:39,546.21
2022-03-28 21:22:44,546.27
2022-03-28 21:22:49,546.27
2022-03-28 21:22:54,546.27
2022-03-28 21:22:59,539.9851056708459
2022-03-28 21:23:04,539.9855780079674
2022-03-28 21:23:09,546.34
2022-03-28 21:23:14,546.34
2022-03-28 21:23:19,546.4
2022-03-28 21:23:24,546.4
2022-03-28 21:23:29,539.9879396935751
2022-03-28 21:23:34,539.9884120306965
2022-03-28 21:23:39,546.41
2022-03-28 21:23:44,546.41
2022-03-28 21:23:49,539.9898290420612
2022-03-28 21:23:54,539.9903013791827
2022-03-28 21:23:59,539.9907737163041
2022-03-28 21:24:04,546.34
2022-03-28 21:24:09,546.28
2022-03-28 21:24:14,546.28
2022-03-28 21:24:19,539.9926630647903
2022-03-28 21:24:24,546.19
2022-03-28 21:24:29,546.12
2022-03-28 21:24:34,546.06
2022-03-28 21:24:39,546.0
2022-03-28 21:24:44,545.9
2022-03-28 21:24:49,545.84
2022-03-28 21:24:54,545.71
2022-03-28 21:24:59,545.68
2022-03-28 21:25:04,545.49
2022-03-28 21:25:09,545.42
2022-03-28 21:25:14,539.9978587731271
2022-03-28 21:25:19,545.17
2022-03-28 21:25:24,545.04
2022-03-28 21:25:29,539.9992757844917
2022-03-28 21:25:34,544.75
2022-03-28 21:25:39,544.59
2022-03-28 21:25:44,544.46
2022-03-28 21:25:49,544.3
2022-03-28 21:25:54,540.0016374700994
2022-03-28 21:25:59,544.02
2022-03-28 21:26:04,543.86
2022-03-28 21:26:09,543.67
2022-03-28 21:26:14,543.57
2022-03-28 21:26:19,543.38
2022-03-28 21:26:24,543.28
2022-03-28 21:26:29,543.12
2022-03-28 21:26:34,542.93
2022-03-28 21:26:39,540.0058885041931
2022-03-28 21:26:44,540.0063608413146
2022-03-28 21:26:49,540.0068331784362
2022-03-28 21:26:54,540.0073055155576
2022-03-28 21:26:59,542.26
2022-03-28 21:27:04,542.13
2022-03-28 21:27:09,542.03
2022-03-28 21:27:14,541.9
2022-03-28 21:27:19,541.81
2022-03-28 21:27:24,541.68
2022-03-28 21:27:29,541.62
2022-03-28 21:27:34,541.52
2022-03-28 21:27:39,541.39
2022-03-28 21:27:44,541.33
2022-03-28 21:27:49,541.29
2022-03-28 21:27:54,540.012973561016
2022-03-28 21:27:59,541.17
2022-03-28 21:28:04,541.07
2022-03-28 21:28:09,540.0143905723806
2022-03-28 21:28:14,540.94
2022-03-28 21:28:19,540.94
2022-03-28 21:28:24,540.88
2022-03-28 21:28:29,540.0162799208667
2022-03-28 21:28:34,540.78
2022-03-28 21:28:39,540.78
2022-03-28 21:28:44,540.0414357375888
2022-03-28 21:28:49,540.65
2022-03-28 21:28:54,540.65
2022-03-28 21:28:59,540.56
2022-03-28 21:29:04,540.085518232293
2022-03-28 21:29:09,540.56
2022-03-28 21:29:14,540.1075594796451
2022-03-28 21:29:19,540.1185801033212
2022-03-28 21:29:24,540.56
2022-03-28 21:29:29,540.56
2022-03-28 21:29:34,540.56
2022-03-28 21:29:39,540.49
2022-03-28 21:29:44,540.56
2022-03-28 21:29:49,540.56
2022-03-28 21:29:54,540.1957244690535
2022-03-28 21:29:59,540.56
2022-03-28 21:30:04,540.2177657164057
2022-03-28 21:30:09,540.49
2022-03-28 21:30:14,540.2398069637577
2022-03-28 21:30:19,540.59
2022-03-28 21:30:24,540.56
2022-03-28 21:30:29,540.2728688347859
2022-03-28 21:30:34,540.59
2022-03-28 21:30:39,540.56
2022-03-28 21:30:44,540.56
2022-03-28 21:30:49,540.56
2022-03-28 21:30:54,540.3279719531661
2022-03-28 21:30:59,540.3389925768422
2022-03-28 21:31:04,540.3500132005182
2022-03-28 21:31:09,540.58
2022-03-28 21:31:14,540.3720544478704
2022-03-28 21:31:19,540.59
2022-03-28 21:31:24,540.58
2022-03-28 21:31:29,540.4051163188984
2022-03-28 21:31:34,540.4161369425744
2022-03-28 21:31:39,540.55
2022-03-28 21:31:44,540.58
2022-03-28 21:31:49,540.55
2022-03-28 21:31:54,540.4602194372786
2022-03-28 21:31:59,540.4712400609548
2022-03-28 21:32:04,540.59
2022-03-28 21:32:09,540.58
2022-03-28 21:32:14,540.58
2022-03-28 21:32:19,540.5153225556589
2022-03-28 21:32:24,540.65
2022-03-28 21:32:29,540.537363803011
2022-03-28 21:32:34,540.5483844266871
2022-03-28 21:32:39,540.71
2022-03-28 21:32:44,540.71
2022-03-28 21:32:49,540.5814462977152
2022-03-28 21:32:54,540.78
2022-03-28 21:32:59,540.71
2022-03-28 21:33:04,540.81
2022-03-28 21:33:09,540.78
2022-03-28 21:33:14,540.81
2022-03-28 21:33:19,540.81
2022-03-28 21:33:24,540.6585906634476
2022-03-28 21:33:29,540.88
2022-03-28 21:33:34,540.88
2022-03-28 21:33:39,540.94
2022-03-28 21:33:44,540.94
2022-03-28 21:33:49,540.7136937818278
2022-03-28 21:33:54,541.01
2022-03-28 21:33:59,540.7357350291799
2022-03-28 21:34:04,540.7467556528559
2022-03-28 21:34:09,541.08
2022-03-28 21:34:14,540.768796900208
2022-03-28 21:34:19,540.779817523884
2022-03-28 21:34:24,540.7908381475602
2022-03-28 21:34:29,541.24
2022-03-28 21:34:34,541.24
2022-03-28 21:34:39,540.8239000185883
2022-03-28 21:34:44,540.8349206422644
2022-03-28 21:34:49,541.4
2022-03-28 21:34:54,541.4
2022-03-28 21:34:59,541.47
2022-03-28 21:35:04,541.47
2022-03-28 21:35:09,541.6
2022-03-28 21:35:14,541.6
2022-03-28 21:35:19,541.6
2022-03-28 21:35:24,540.9230856316727
2022-03-28 21:35:29,541.7
2022-03-28 21:35:34,541.7
2022-03-28 21:35:39,540.9561475027009
2022-03-28 21:35:44,541.77
2022-03-28 21:35:49,541.83
2022-03-28 21:35:54,541.83
2022-03-28 21:35:59,541.83
2022-03-28 21:36:04,541.84
2022-03-28 21:36:09,541.83
2022-03-28 21:36:14,541.0332918684331
2022-03-28 21:36:19,541.87
2022-03-28 21:36:24,541.87
2022-03-28 21:36:29,541.87
2022-03-28 21:36:34,541.87
2022-03-28 21:36:39,541.0883949868135
2022-03-28 21:36:44,541.87
2022-03-28 21:36:49,541.94
2022-03-28 21:36:54,541.88
2022-03-28 21:36:59,541.88
2022-03-28 21:37:04,541.88
2022-03-28 21:37:09,541.88
2022-03-28 21:37:14,541.88
2022-03-28 21:37:19,541.88
2022-03-28 21:37:24,541.88
2022-03-28 21:37:29,541.88
2022-03-28 21:37:34,541.88
2022-03-28 21:37:39,541.220642470926
2022-03-28 21:37:44,541.2316630946021
2022-03-28 21:37:49,541.2426837182782
2022-03-28 21:37:54,541.2537043419542
2022-03-28 21:37:59,541.89
2022-03-28 21:38:04,541.89
2022-03-28 21:38:09,541.86
2022-03-28 21:38:14,541.2977868366584
2022-03-28 21:38:19,541.89
2022-03-28 21:38:24,541.3198280840104
2022-03-28 21:38:29,541.3308487076865
2022-03-28 21:38:34,541.86
2022-03-28 21:38:39,541.86
2022-03-28 21:38:44,541.3639105787147
2022-03-28 21:38:49,541.86
2022-03-28 21:38:54,541.89
2022-03-28 21:38:59,541.86
2022-03-28 21:39:04,541.86
2022-03-28 21:39:09,541.86
2022-03-28 21:39:14,541.86
2022-03-28 21:39:19,541.441054944447
2022-03-28 21:39:24,541.4520755681231
2022-03-28 21:39:29,541.89
2022-03-28 21:39:34,541.4741168154751
2022-03-28 21:39:39,541.4851374391512
2022-03-28 21:39:44,541.96
2022-03-28 21:39:49,541.89
2022-03-28 21:39:54,541.96
2022-03-28 21:39:59,542.02
2022-03-28 21:40:04,542.02
2022-03-28 21:40:09,542.02
2022-03-28 21:40:14,541.96
2022-03-28 21:40:19,542.02
2022-03-28 21:40:24,542.09
2022-03-28 21:40:29,542.09
2022-03-28 21:40:34,542.08
2022-03-28 21:40:39,542.09
2022-03-28 21:40:44,541.6284055469398
2022-03-28 21:40:49,541.6394261706158
2022-03-28 21:40:54,542.15
2022-03-28 21:40:59,542.15
2022-03-28 21:41:04,542.25
2022-03-28 21:41:09,542.25
2022-03-28 21:41:14,542.18
2022-03-28 21:41:19,541.7055499126722
2022-03-28 21:41:24,542.24
2022-03-28 21:41:29,542.24
2022-03-28 21:41:34,542.31
2022-03-28 21:41:39,542.31
2022-03-28 21:41:44,541.7606530310524
2022-03-28 21:41:49,542.37
2022-03-28 21:41:54,542.31
2022-03-28 21:41:59,542.37
2022-03-28 21:42:04,542.37
2022-03-28 21:42:09,542.37
2022-03-28 21:42:14,541.8267767731087
2022-03-28 21:42:19,541.8377973967847
2022-03-28 21:42:24,542.4
2022-03-28 21:42:29,541.8598386441369
2022-03-28 21:42:34,542.4
2022-03-28 21:42:39,541.8752945628211
2022-03-28 21:42:44,542.47
2022-03-28 21:42:49,542.53
2022-03-28 21:42:54,542.53
2022-03-28 21:42:59,542.59
2022-03-28 21:43:04,541.7587087552178
2022-03-28 21:43:09,542.59
2022-03-28 21:43:14,542.6
2022-03-28 21:43:19,542.6
2022-03-28 21:43:24,541.6654401091353
2022-03-28 21:43:29,542.6
2022-03-28 21:43:34,542.6
2022-03-28 21:43:39,541.5954886245732
2022-03-28 21:43:44,542.6
2022-03-28 21:43:49,542.6
2022-03-28 21:43:54,541.5255371400114
2022-03-28 21:43:59,542.6
2022-03-28 21:44:04,542.6
2022-03-28 21:44:09,542.6
2022-03-28 21:44:14,542.6
2022-03-28 21:44:19,542.54
2022-03-28 21:44:24,542.53
2022-03-28 21:44:29,541.3623170093667
2022-03-28 21:44:34,542.54
2022-03-28 21:44:39,541.3156826863255
2022-03-28 21:44:44,542.54
2022-03-28 21:44:49,542.54
2022-03-28 21:44:54,542.48
2022-03-28 21:44:59,542.48
2022-03-28 21:45:04,541.1990968787222
2022-03-28 21:45:09,542.48
2022-03-28 21:45:14,542.54
2022-03-28 21:45:19,542.48
2022-03-28 21:45:24,541.1058282326396
2022-03-28 21:45:29,542.48
2022-03-28 21:45:34,541.0591939095983
2022-03-28 21:45:39,542.48
2022-03-28 21:45:44,542.48
2022-03-28 21:45:49,542.48
2022-03-28 21:45:54,542.48
2022-03-28 21:45:59,540.942608101995
2022-03-28 21:46:04,540.9192909404744
2022-03-28 21:46:09,542.42
2022-03-28 21:46:14,542.42
2022-03-28 21:46:19,542.39
2022-03-28 21:46:24,542.39
2022-03-28 21:46:29,542.42
2022-03-28 21:46:34,540.7793879713505
2022-03-28 21:46:39,542.39
2022-03-28 21:46:44,542.4
2022-03-28 21:46:49,542.39
2022-03-28 21:46:54,542.33
2022-03-28 21:46:59,542.27
2022-03-28 21:47:04,542.33
2022-03-28 21:47:09,542.27
2022-03-28 21:47:14,542.27
2022-03-28 21:47:19,542.27
2022-03-28 21:47:24,542.21
2022-03-28 21:47:29,542.21
2022-03-28 21:47:34,542.21
2022-03-28 21:47:39,542.21
2022-03-28 21:47:44,540.4529477100615
2022-03-28 21:47:49,542.21
2022-03-28 21:47:54,542.18
2022-03-28 21:47:59,540.3829962254995
2022-03-28 21:48:04,542.11
2022-03-28 21:48:09,542.05
2022-03-28 21:48:14,542.11
2022-03-28 21:48:19,542.05
2022-03-28 21:48:24,542.05
2022-03-28 21:48:29,542.05
2022-03-28 21:48:34,541.99
2022-03-28 21:48:39,541.92
2022-03-28 21:48:44,541.92
2022-03-28 21:48:49,540.149824610293
2022-03-28 21:48:54,541.83
2022-03-28 21:48:59,541.76
2022-03-28 21:49:04,541.76
2022-03-28 21:49:09,540.0565559642104
2022-03-28 21:49:14,541.7
2022-03-28 21:49:19,540.0099216411691
2022-03-28 21:49:24,539.9866044796485
2022-03-28 21:49:29,541.6
2022-03-28 21:49:34,541.54
2022-03-28 21:49:39,541.54
2022-03-28 21:49:44,541.47
2022-03-28 21:49:49,541.38
2022-03-28 21:49:54,539.8467015105246
2022-03-28 21:49:59,541.38
2022-03-28 21:50:04,541.31
2022-03-28 21:50:09,541.24
2022-03-28 21:50:14,541.18
2022-03-28 21:50:19,539.7301157029212
2022-03-28 21:50:24,541.15
2022-03-28 21:50:29,541.08
2022-03-28 21:50:34,540.95
2022-03-28 21:50:39,540.96
2022-03-28 21:50:44,540.89
2022-03-28 21:50:49,539.5902127337974
2022-03-28 21:50:54,540.8
2022-03-28 21:50:59,540.66
2022-03-28 21:51:04,539.5202612492354
2022-03-28 21:51:09,540.63
2022-03-28 21:51:14,540.57
2022-03-28 21:51:19,539.4503097646735
2022-03-28 21:51:24,540.37
2022-03-28 21:51:29,540.37
2022-03-28 21:51:34,540.27
2022-03-28 21:51:39,540.21
2022-03-28 21:51:44,539.3337239570702
2022-03-28 21:51:49,540.15
2022-03-28 21:51:54,539.287089634029
2022-03-28 21:51:59,539.98
2022-03-28 21:52:04,539.92
2022-03-28 21:52:09,539.217138149467
2022-03-28 21:52:14,539.82
2022-03-28 21:52:19,539.76
2022-03-28 21:52:24,539.63
2022-03-28 21:52:29,539.63
2022-03-28 21:52:34,539.6
2022-03-28 21:52:39,539.53
2022-03-28 21:52:44,539.53
2022-03-28 21:52:49,539.4
2022-03-28 21:52:54,539.0072836957811
2022-03-28 21:52:59,539.34
2022-03-28 21:53:04,539.3
2022-03-28 21:53:09,538.9373322112192
2022-03-28 21:53:14,539.17
2022-03-28 21:53:19,538.890697888178
2022-03-28 21:53:24,538.8673807266573
2022-03-28 21:53:29,539.08
2022-03-28 21:53:34,539.11
2022-03-28 21:53:39,538.7974292420953
2022-03-28 21:53:44,539.01
2022-03-28 21:53:49,539.01
2022-03-28 21:53:54,539.01
2022-03-28 21:53:59,539.01
2022-03-28 21:54:04,539.01
2022-03-28 21:54:09,538.95
2022-03-28 21:54:14,538.6342091114508
2022-03-28 21:54:19,538.95
2022-03-28 21:54:24,538.95
2022-03-28 21:54:29,538.95
2022-03-28 21:54:34,538.5409404653682
2022-03-28 21:54:39,538.95
2022-03-28 21:54:44,538.4943061423269
2022-03-28 21:54:49,538.4709889808062
2022-03-28 21:54:54,538.89
2022-03-28 21:54:59,538.424354657765
2022-03-28 21:55:04,538.89
2022-03-28 21:55:09,538.3777203347237
2022-03-28 21:55:14,538.89
2022-03-28 21:55:19,538.89
2022-03-28 21:55:24,538.3077688501617
2022-03-28 21:55:29,538.89
2022-03-28 21:55:34,538.83
2022-03-28 21:55:39,538.83
2022-03-28 21:55:44,538.83
2022-03-28 21:55:49,538.79
2022-03-28 21:55:54,538.79
2022-03-28 21:55:59,538.1445487195172
2022-03-28 21:56:04,538.83
2022-03-28 21:56:09,538.89
2022-03-28 21:56:14,538.8
2022-03-28 21:56:19,538.8
2022-03-28 21:56:24,538.027962911914
2022-03-28 21:56:29,538.8
2022-03-28 21:56:34,538.8
2022-03-28 21:56:39,538.8
2022-03-28 21:56:44,538.8
2022-03-28 21:56:49,537.9572389189957
2022-03-28 21:56:54,538.84
2022-03-28 21:56:59,538.84
2022-03-28 21:57:04,538.0087143116567
2022-03-28 21:57:09,538.84
2022-03-28 21:57:14,538.91
2022-03-28 21:57:19,538.84
2022-03-28 21:57:24,538.077348168538
2022-03-28 21:57:29,538.0945066327585
2022-03-28 21:57:34,538.1116650969788
2022-03-28 21:57:39,538.84
2022-03-28 21:57:44,538.1459820254195
2022-03-28 21:57:49,538.1631404896398
2022-03-28 21:57:54,538.91
2022-03-28 21:57:59,538.91
2022-03-28 21:58:04,538.91
2022-03-28 21:58:09,538.98
2022-03-28 21:58:14,538.98
2022-03-28 21:58:19,538.2660912749618
2022-03-28 21:58:24,538.98
2022-03-28 21:58:29,538.3004082034025
2022-03-28 21:58:34,538.3175666676228
2022-03-28 21:58:39,539.05
2022-03-28 21:58:44,538.99
2022-03-28 21:58:49,539.05
2022-03-28 21:58:54,538.3862005245041
2022-03-28 21:58:59,539.06
2022-03-28 21:59:04,539.12
2022-03-28 21:59:09,538.4376759171652
2022-03-28 21:59:14,539.12
2022-03-28 21:59:19,539.06
2022-03-28 21:59:24,538.4891513098262
2022-03-28 21:59:29,539.12
2022-03-28 21:59:34,538.5234682382668
2022-03-28 21:59:39,539.13
2022-03-28 21:59:44,538.5577851667075
2022-03-28 21:59:49,539.16
2022-03-28 21:59:54,539.16
2022-03-28 21:59:59,539.16
2022-03-28 22:00:04,539.16
2022-03-28 22:00:09,539.16
2022-03-28 22:00:14,538.6607359520295
2022-03-28 22:00:19,539.23
2022-03-28 22:00:24,538.6950528804703
2022-03-28 22:00:29,539.23
2022-03-28 22:00:34,539.3
2022-03-28 22:00:39,538.7465282731313
2022-03-28 22:00:44,539.36
2022-03-28 22:00:49,539.37
2022-03-28 22:00:54,539.37
2022-03-28 22:00:59,539.37
2022-03-28 22:01:04,539.37
2022-03-28 22:01:09,539.4
2022-03-28 22:01:14,539.4
2022-03-28 22:01:19,539.4
2022-03-28 22:01:24,539.4
2022-03-28 22:01:29,539.4
2022-03-28 22:01:34,539.4
2022-03-28 22:01:39,539.47
2022-03-28 22:01:44,539.4
2022-03-28 22:01:49,539.41
2022-03-28 22:01:54,539.47
2022-03-28 22:01:59,539.41
2022-03-28 22:02:04,539.41
2022-03-28 22:02:09,539.41
2022-03-28 22:02:14,539.0725390933176
2022-03-28 22:02:19,539.41
2022-03-28 22:02:24,539.1068560217583
2022-03-28 22:02:29,539.42
2022-03-28 22:02:34,539.48
2022-03-28 22:02:39,539.1583314144193
2022-03-28 22:02:44,539.48
2022-03-28 22:02:49,539.48
2022-03-28 22:02:54,539.2098068070803
2022-03-28 22:02:59,539.55
2022-03-28 22:03:04,539.61
2022-03-28 22:03:09,539.61
2022-03-28 22:03:14,539.2784406639618
2022-03-28 22:03:19,539.2955991281821
2022-03-28 22:03:24,539.3127575924024
2022-03-28 22:03:29,539.68
2022-03-28 22:03:34,539.72
2022-03-28 22:03:39,539.78
2022-03-28 22:03:44,539.78
2022-03-28 22:03:49,539.3985499135041
2022-03-28 22:03:54,539.85
2022-03-28 22:03:59,539.91
2022-03-28 22:04:04,539.92
2022-03-28 22:04:09,539.95
2022-03-28 22:04:14,540.01
2022-03-28 22:04:19,540.08
2022-03-28 22:04:24,540.08
2022-03-28 22:04:29,540.08
2022-03-28 22:04:34,540.08
2022-03-28 22:04:39,539.5701345557073
2022-03-28 22:04:44,539.5872930199278
2022-03-28 22:04:49,540.25
2022-03-28 22:04:54,540.25
2022-03-28 22:04:59,539.6387684125888
2022-03-28 22:05:04,540.32
2022-03-28 22:05:09,540.38
2022-03-28 22:05:14,540.38
2022-03-28 22:05:19,540.45
2022-03-28 22:05:24,540.48
2022-03-28 22:05:29,539.7417191979108
2022-03-28 22:05:34,540.49
2022-03-28 22:05:39,540.62
2022-03-28 22:05:44,540.62
2022-03-28 22:05:49,540.68
2022-03-28 22:05:54,539.8275115190125
2022-03-28 22:05:59,540.69
2022-03-28 22:06:04,540.75
2022-03-28 22:06:09,540.75
2022-03-28 22:06:14,540.85
2022-03-28 22:06:19,539.9133038401142
2022-03-28 22:06:24,540.85
2022-03-28 22:06:29,539.9476207685548
2022-03-28 22:06:34,540.92
2022-03-28 22:06:39,539.9819376969955
2022-03-28 22:06:44,540.99
2022-03-28 22:06:49,540.92
2022-03-28 22:06:54,540.99
2022-03-28 22:06:59,541.02
2022-03-28 22:07:04,540.0677300180971
2022-03-28 22:07:09,541.15
2022-03-28 22:07:14,541.22
2022-03-28 22:07:19,540.1192054107582
2022-03-28 22:07:24,540.1363638749785
2022-03-28 22:07:29,541.29
2022-03-28 22:07:34,540.1706808034193
2022-03-28 22:07:39,541.32
2022-03-28 22:07:44,541.38
2022-03-28 22:07:49,541.39
2022-03-28 22:07:54,540.2393146603006
2022-03-28 22:07:59,541.45
2022-03-28 22:08:04,541.45
2022-03-28 22:08:09,541.52
2022-03-28 22:08:14,541.52
2022-03-28 22:08:19,540.3251069814023
2022-03-28 22:08:24,541.55
2022-03-28 22:08:29,541.61
2022-03-28 22:08:34,541.55
2022-03-28 22:08:39,541.68
2022-03-28 22:08:44,541.68
2022-03-28 22:08:49,541.74
2022-03-28 22:08:54,541.75
2022-03-28 22:08:59,541.81
2022-03-28 22:09:04,541.75
2022-03-28 22:09:09,540.4966916236056
2022-03-28 22:09:14,541.84
2022-03-28 22:09:19,541.84
2022-03-28 22:09:24,541.84
2022-03-28 22:09:29,541.91
2022-03-28 22:09:34,541.91
2022-03-28 22:09:39,540.5996424089276
2022-03-28 22:09:44,541.91
2022-03-28 22:09:49,541.91
2022-03-28 22:09:54,540.6511178015886
2022-03-28 22:09:59,541.97
2022-03-28 22:10:04,541.97
2022-03-28 22:10:09,541.97
2022-03-28 22:10:14,542.03
2022-03-28 22:10:19,542.04
2022-03-28 22:10:24,540.7540685869106
2022-03-28 22:10:29,541.97
2022-03-28 22:10:34,542.03
2022-03-28 22:10:39,542.06
2022-03-28 22:10:44,540.8227024437921
2022-03-28 22:10:49,542.06
2022-03-28 22:10:54,540.8468627687312
2022-03-28 22:10:59,540.8545676366141
2022-03-28 22:11:04,542.13
2022-03-28 22:11:09,542.13
2022-03-28 22:11:14,542.19
2022-03-28 22:11:19,542.19
2022-03-28 22:11:24,542.19
2022-03-28 22:11:29,542.26
2022-03-28 22:11:34,542.25
2022-03-28 22:11:39,542.32
2022-03-28 22:11:44,540.9239114475603
2022-03-28 22:11:49,542.35
2022-03-28 22:11:54,540.9393211833261
2022-03-28 22:11:59,542.35
2022-03-28 22:12:04,542.35
2022-03-28 22:12:09,542.41
2022-03-28 22:12:14,542.35
2022-03-28 22:12:19,542.41
2022-03-28 22:12:24,540.9855503906235
2022-03-28 22:12:29,542.41
2022-03-28 22:12:34,542.41
2022-03-28 22:12:39,542.47
2022-03-28 22:12:44,542.47
2022-03-28 22:12:49,542.47
2022-03-28 22:12:54,541.0317795979208
2022-03-28 22:12:59,541.0394844658038
2022-03-28 22:13:04,542.47
2022-03-28 22:13:09,542.47
2022-03-28 22:13:14,541.0625990694525
2022-03-28 22:13:19,542.54
2022-03-28 22:13:24,541.0780088052182
2022-03-28 22:13:29,542.54
2022-03-28 22:13:34,542.57
2022-03-28 22:13:39,541.101123408867
2022-03-28 22:13:44,542.57
2022-03-28 22:13:49,542.63
2022-03-28 22:13:54,541.1242380125157
2022-03-28 22:13:59,541.1319428803986
2022-03-28 22:14:04,542.63
2022-03-28 22:14:09,542.7
2022-03-28 22:14:14,542.7
2022-03-28 22:14:19,542.76
2022-03-28 22:14:24,542.76
2022-03-28 22:14:29,541.178172087696
2022-03-28 22:14:34,542.83
2022-03-28 22:14:39,542.83
2022-03-28 22:14:44,541.2012866913448
2022-03-28 22:14:49,542.83
2022-03-28 22:14:54,541.2166964271105
2022-03-28 22:14:59,542.83
2022-03-28 22:15:04,541.2321061628763
2022-03-28 22:15:09,541.2398110307593
2022-03-28 22:15:14,542.83
2022-03-28 22:15:19,542.83
2022-03-28 22:15:24,542.83
2022-03-28 22:15:29,542.83
2022-03-28 22:15:34,541.2783353701737
2022-03-28 22:15:39,542.77
2022-03-28 22:15:44,542.77
2022-03-28 22:15:49,542.77
2022-03-28 22:15:54,541.3091548417053
2022-03-28 22:15:59,542.77
2022-03-28 22:16:04,542.77
2022-03-28 22:16:09,541.3322694453541
2022-03-28 22:16:14,542.77
2022-03-28 22:16:19,542.77
2022-03-28 22:16:24,542.71
2022-03-28 22:16:29,542.71
2022-03-28 22:16:34,542.71
2022-03-28 22:16:39,541.3784986526515
2022-03-28 22:16:44,542.65
2022-03-28 22:16:49,542.58
2022-03-28 22:16:54,542.58
2022-03-28 22:16:59,542.58
2022-03-28 22:17:04,541.417022992066
2022-03-28 22:17:09,541.4247278599489
2022-03-28 22:17:14,542.49
2022-03-28 22:17:19,542.49
2022-03-28 22:17:24,542.42
2022-03-28 22:17:29,542.36
2022-03-28 22:17:34,542.43
2022-03-28 22:17:39,541.4709570672463
2022-03-28 22:17:44,542.33
2022-03-28 22:17:49,542.26
2022-03-28 22:17:54,542.27
2022-03-28 22:17:59,541.5017765387779
2022-03-28 22:18:04,541.5094814066608
2022-03-28 22:18:09,541.5171862745437
2022-03-28 22:18:14,542.13
2022-03-28 22:18:19,542.07
2022-03-28 22:18:24,541.5403008781924
2022-03-28 22:18:29,542.04
2022-03-28 22:18:34,541.97
2022-03-28 22:18:39,541.5634154818412
2022-03-28 22:18:44,541.91
2022-03-28 22:18:49,541.84
2022-03-28 22:18:54,541.5865300854898
2022-03-28 22:18:59,541.5942349533727
2022-03-28 22:19:04,541.75
2022-03-28 22:19:09,541.68
2022-03-28 22:19:14,541.68
2022-03-28 22:19:19,541.6250544249043
2022-03-28 22:19:24,541.61
2022-03-28 22:19:29,541.52
2022-03-28 22:19:34,541.52
2022-03-28 22:19:39,541.52
2022-03-28 22:19:44,541.45
2022-03-28 22:19:49,541.45
2022-03-28 22:19:54,541.45
2022-03-28 22:19:59,541.39
2022-03-28 22:20:04,541.39
2022-03-28 22:20:09,541.7021031037334
2022-03-28 22:20:14,541.29
2022-03-28 22:20:19,541.29
2022-03-28 22:20:24,541.29
2022-03-28 22:20:29,541.29
2022-03-28 22:20:34,541.22
2022-03-28 22:20:39,541.7483323110308
2022-03-28 22:20:44,541.15
2022-03-28 22:20:49,541.7637420467966
2022-03-28 22:20:54,541.15
2022-03-28 22:20:59,541.15
2022-03-28 22:21:04,541.15
2022-03-28 22:21:09,541.15
2022-03-28 22:21:14,541.15
2022-03-28 22:21:19,541.809971254094
2022-03-28 22:21:24,541.15
2022-03-28 22:21:29,541.8253809898598
2022-03-28 22:21:34,541.8330858577427
2022-03-28 22:21:39,541.14
2022-03-28 22:21:44,541.14
2022-03-28 22:21:49,541.8562004613914
2022-03-28 22:21:54,541.8639053292743
2022-03-28 22:21:59,541.8716101971572
2022-03-28 22:22:04,541.21
2022-03-28 22:22:09,541.27
2022-03-28 22:22:14,541.8947248008059
2022-03-28 22:22:19,541.3
2022-03-28 22:22:24,541.9101345365717
2022-03-28 22:22:29,541.36
2022-03-28 22:22:34,541.9255442723376
2022-03-28 22:22:39,541.9332491402205
2022-03-28 22:22:44,541.52
2022-03-28 22:22:49,541.52
2022-03-28 22:22:54,541.9563637438691
2022-03-28 22:22:59,541.64
2022-03-28 22:23:04,541.71
2022-03-28 22:23:09,541.77
2022-03-28 22:23:14,541.8
2022-03-28 22:23:19,541.9948880832836
2022-03-28 22:23:24,541.86
2022-03-28 22:23:29,541.93
2022-03-28 22:23:34,541.93
2022-03-28 22:23:39,541.99
2022-03-28 22:23:44,542.0334124226982
2022-03-28 22:23:49,542.041117290581
2022-03-28 22:23:54,542.15
2022-03-28 22:23:59,542.22
2022-03-28 22:24:04,542.0642318942298
2022-03-28 22:24:09,542.31
2022-03-28 22:24:14,542.38
2022-03-28 22:24:19,542.44
2022-03-28 22:24:24,542.0950513657614
2022-03-28 22:24:29,542.1027562336443
2022-03-28 22:24:34,542.6
2022-03-28 22:24:39,542.66
2022-03-28 22:24:44,542.125870837293
2022-03-28 22:24:49,542.79
2022-03-28 22:24:54,542.82
2022-03-28 22:24:59,542.1355710655447
2022-03-28 22:25:04,542.96
2022-03-28 22:25:09,543.02
2022-03-28 22:25:14,543.02
2022-03-28 22:25:19,542.1135601260719
2022-03-28 22:25:24,542.1080573912036
2022-03-28 22:25:29,543.24
2022-03-28 22:25:34,543.24
2022-03-28 22:25:39,543.34
2022-03-28 22:25:44,543.34
2022-03-28 22:25:49,543.47
2022-03-28 22:25:54,543.47
2022-03-28 22:25:59,542.069538247126
2022-03-28 22:26:04,543.56
2022-03-28 22:26:09,543.63
2022-03-28 22:26:14,543.76
2022-03-28 22:26:19,542.0475273076532
2022-03-28 22:26:24,543.85
2022-03-28 22:26:29,543.92
2022-03-28 22:26:34,543.92
2022-03-28 22:26:39,544.05
2022-03-28 22:26:44,542.0200136333121
2022-03-28 22:26:49,544.08
2022-03-28 22:26:54,542.0090081635757
2022-03-28 22:26:59,544.28
2022-03-28 22:27:04,541.9980026938392
2022-03-28 22:27:09,544.37
2022-03-28 22:27:14,541.9869972241028
2022-03-28 22:27:19,541.9814944892345
2022-03-28 22:27:24,541.9759917543663
2022-03-28 22:27:29,544.57
2022-03-28 22:27:34,544.6
2022-03-28 22:27:39,541.9594835497617
2022-03-28 22:27:44,541.9539808148934
2022-03-28 22:27:49,541.9484780800252
2022-03-28 22:27:54,544.85
2022-03-28 22:27:59,544.85
2022-03-28 22:28:04,541.9319698754206
2022-03-28 22:28:09,541.9264671405523
2022-03-28 22:28:14,545.02
2022-03-28 22:28:19,545.08
2022-03-28 22:28:24,545.11
2022-03-28 22:28:29,545.17
2022-03-28 22:28:34,545.17
2022-03-28 22:28:39,541.893450731343
2022-03-28 22:28:44,545.3
2022-03-28 22:28:49,545.37
2022-03-28 22:28:54,545.37
2022-03-28 22:28:59,545.4
2022-03-28 22:29:04,541.8659370570019
2022-03-28 22:29:09,541.8604343221336
2022-03-28 22:29:14,545.46
2022-03-28 22:29:19,545.52
2022-03-28 22:29:24,545.52
2022-03-28 22:29:29,545.59
2022-03-28 22:29:34,545.59
2022-03-28 22:29:39,541.8274179129244
2022-03-28 22:29:44,545.62
2022-03-28 22:29:49,545.62
2022-03-28 22:29:54,545.62
2022-03-28 22:29:59,545.62
2022-03-28 22:30:04,545.62
2022-03-28 22:30:09,545.62
2022-03-28 22:30:14,545.62
2022-03-28 22:30:19,545.61
2022-03-28 22:30:24,541.7778932991104
2022-03-28 22:30:29,545.61
2022-03-28 22:30:34,545.61
2022-03-28 22:30:39,545.61
2022-03-28 22:30:44,541.7558823596374
2022-03-28 22:30:49,541.7503796247693
2022-03-28 22:30:54,545.61
2022-03-28 22:30:59,545.61
2022-03-28 22:31:04,545.67
2022-03-28 22:31:09,545.67
2022-03-28 22:31:14,541.7228659504281
2022-03-28 22:31:19,545.74
2022-03-28 22:31:24,541.7118604806917
2022-03-28 22:31:29,545.67
2022-03-28 22:31:34,545.66
2022-03-28 22:31:39,541.695352276087
2022-03-28 22:31:44,541.6898495412188
2022-03-28 22:31:49,545.73
2022-03-28 22:31:54,541.6788440714823
2022-03-28 22:31:59,545.72
2022-03-28 22:32:04,541.6678386017459
2022-03-28 22:32:09,541.6623358668777
2022-03-28 22:32:14,545.78
2022-03-28 22:32:19,545.78
2022-03-28 22:32:24,545.78
2022-03-28 22:32:29,541.6403249274048
2022-03-28 22:32:34,545.84
2022-03-28 22:32:39,545.84
2022-03-28 22:32:44,545.87
2022-03-28 22:32:49,541.618313987932
2022-03-28 22:32:54,541.6128112530637
2022-03-28 22:32:59,541.6073085181955
2022-03-28 22:33:04,545.93
2022-03-28 22:33:09,545.93
2022-03-28 22:33:14,541.5908003135908
2022-03-28 22:33:19,545.99
2022-03-28 22:33:24,545.93
2022-03-28 22:33:29,545.93
2022-03-28 22:33:34,541.5687893741178
2022-03-28 22:33:39,545.86
2022-03-28 22:33:44,545.92
2022-03-28 22:33:49,545.86
2022-03-28 22:33:54,541.546778434645
2022-03-28 22:33:59,541.5412756997769
2022-03-28 22:34:04,541.5357729649086
2022-03-28 22:34:09,545.82
2022-03-28 22:34:14,545.76
2022-03-28 22:34:19,545.76
2022-03-28 22:34:24,541.5137620254357
2022-03-28 22:34:29,541.5082592905675
2022-03-28 22:34:34,545.63
2022-03-28 22:34:39,545.56
2022-03-28 22:34:44,545.53
2022-03-28 22:34:49,541.4862483510946
2022-03-28 22:34:54,545.4
2022-03-28 22:34:59,545.4
2022-03-28 22:35:04,545.33
2022-03-28 22:35:09,545.3
2022-03-28 22:35:14,541.4587346767535
2022-03-28 22:35:19,545.17
2022-03-28 22:35:24,545.11
2022-03-28 22:35:29,541.4422264721488
2022-03-28 22:35:34,541.4367237372805
2022-03-28 22:35:39,541.4312210024124
2022-03-28 22:35:44,544.88
2022-03-28 22:35:49,541.4202155326759
2022-03-28 22:35:54,544.72
2022-03-28 22:35:59,544.78
2022-03-28 22:36:04,544.72
2022-03-28 22:36:09,541.398204593203
2022-03-28 22:36:14,544.59
2022-03-28 22:36:19,544.59
2022-03-28 22:36:24,544.52
2022-03-28 22:36:29,544.49
2022-03-28 22:36:34,544.43
2022-03-28 22:36:39,541.3651881839937
2022-03-28 22:36:44,544.36
2022-03-28 22:36:49,544.26
2022-03-28 22:36:54,544.27
2022-03-28 22:36:59,541.3431772445208
2022-03-28 22:37:04,544.14
2022-03-28 22:37:09,544.07
2022-03-28 22:37:14,544.01
2022-03-28 22:37:19,543.98
2022-03-28 22:37:24,543.91
2022-03-28 22:37:29,543.85
2022-03-28 22:37:34,543.78
2022-03-28 22:37:39,541.2991553655751
2022-03-28 22:37:44,543.75
2022-03-28 22:37:49,543.75
2022-03-28 22:37:54,543.69
2022-03-28 22:37:59,541.2771444261022
2022-03-28 22:38:04,543.69
2022-03-28 22:38:09,543.62
2022-03-28 22:38:14,543.56
2022-03-28 22:38:19,543.49
2022-03-28 22:38:24,543.5
2022-03-28 22:38:29,543.5
2022-03-28 22:38:34,543.46
2022-03-28 22:38:39,543.4
2022-03-28 22:38:44,543.4
2022-03-28 22:38:49,541.22211707742
2022-03-28 22:38:54,541.2166143425517
2022-03-28 22:38:59,541.2111116076835
2022-03-28 22:39:04,543.17
2022-03-28 22:39:09,543.11
2022-03-28 22:39:14,541.2389839874841
2022-03-28 22:39:19,543.04
2022-03-28 22:39:24,542.98
2022-03-28 22:39:29,542.98
2022-03-28 22:39:34,541.2770087293641
2022-03-28 22:39:39,542.88
2022-03-28 22:39:44,542.82
2022-03-28 22:39:49,542.75
2022-03-28 22:39:54,542.72
2022-03-28 22:39:59,541.3245396567141
2022-03-28 22:40:04,542.59
2022-03-28 22:40:09,541.3435520276543
2022-03-28 22:40:14,542.52
2022-03-28 22:40:19,542.52
2022-03-28 22:40:24,542.45
2022-03-28 22:40:29,541.3815767695343
2022-03-28 22:40:34,542.36
2022-03-28 22:40:39,541.4005891404743
2022-03-28 22:40:44,542.23
2022-03-28 22:40:49,542.19
2022-03-28 22:40:54,542.19
2022-03-28 22:40:59,542.19
2022-03-28 22:41:04,542.07
2022-03-28 22:41:09,542.07
2022-03-28 22:41:14,541.4671324387643
2022-03-28 22:41:19,542.0
2022-03-28 22:41:24,541.4861448097045
2022-03-28 22:41:29,541.9
2022-03-28 22:41:34,541.9
2022-03-28 22:41:39,541.9
2022-03-28 22:41:44,541.5241695515845
2022-03-28 22:41:49,541.77
2022-03-28 22:41:54,541.77
2022-03-28 22:41:59,541.76
2022-03-28 22:42:04,541.5621942934645
2022-03-28 22:42:09,541.5717004789345
2022-03-28 22:42:14,541.6
2022-03-28 22:42:19,541.5907128498745
2022-03-28 22:42:24,541.41
2022-03-28 22:42:29,541.37
2022-03-28 22:42:34,541.31
2022-03-28 22:42:39,541.6287375917545
2022-03-28 22:42:44,541.14
2022-03-28 22:42:49,541.14
2022-03-28 22:42:54,541.6572561481646
2022-03-28 22:42:59,540.88
2022-03-28 22:43:04,540.85
2022-03-28 22:43:09,541.6857747045747
2022-03-28 22:43:14,540.65
2022-03-28 22:43:19,540.56
2022-03-28 22:43:24,540.49
2022-03-28 22:43:29,541.7237994464547
2022-03-28 22:43:34,541.7333056319247
2022-03-28 22:43:39,541.7428118173947
2022-03-28 22:43:44,540.1
2022-03-28 22:43:49,540.03
2022-03-28 22:43:54,541.7713303738047
2022-03-28 22:43:59,539.81
2022-03-28 22:44:04,539.67
2022-03-28 22:44:09,539.57
2022-03-28 22:44:14,539.45
2022-03-28 22:44:19,539.31
2022-03-28 22:44:24,539.22
2022-03-28 22:44:29,539.09
2022-03-28 22:44:34,538.99
2022-03-28 22:44:39,541.8568860430349
2022-03-28 22:44:44,541.8663922285049
2022-03-28 22:44:49,538.54
2022-03-28 22:44:54,541.885404599445
2022-03-28 22:44:59,538.25
2022-03-28 22:45:04,538.12
2022-03-28 22:45:09,537.96
2022-03-28 22:45:14,537.83
2022-03-28 22:45:19,541.932935526795
2022-03-28 22:45:24,541.942441712265
2022-03-28 22:45:29,541.9519478977351
2022-03-28 22:45:34,537.25
2022-03-28 22:45:39,537.15
2022-03-28 22:45:44,536.99
2022-03-28 22:45:49,536.86
2022-03-28 22:45:54,541.9994788250851
2022-03-28 22:45:59,536.57
2022-03-28 22:46:04,542.0184911960251
2022-03-28 22:46:09,542.0279973814951
2022-03-28 22:46:14,536.18
2022-03-28 22:46:19,542.0470097524351
2022-03-28 22:46:24,542.0565159379051
2022-03-28 22:46:29,542.0660221233752
2022-03-28 22:46:34,535.53
2022-03-28 22:46:39,542.0850344943152
2022-03-28 22:46:44,535.31
2022-03-28 22:46:49,542.1040468652552
2022-03-28 22:46:54,534.95
2022-03-28 22:46:59,534.79
2022-03-28 22:47:04,534.66
2022-03-28 22:47:09,542.1420716071352
2022-03-28 22:47:14,542.1515777926053
2022-03-28 22:47:19,534.28
2022-03-28 22:47:24,534.12
2022-03-28 22:47:29,542.1800963490153
2022-03-28 22:47:34,533.83
2022-03-28 22:47:39,533.63
2022-03-28 22:47:44,533.6
2022-03-28 22:47:49,542.2181210908954
2022-03-28 22:47:54,533.38
2022-03-28 22:47:59,533.18
2022-03-28 22:48:04,533.09
2022-03-28 22:48:09,533.02
2022-03-28 22:48:14,542.2656520182454
2022-03-28 22:48:19,532.73
2022-03-28 22:48:24,542.2846643891854
2022-03-28 22:48:29,532.51
2022-03-28 22:48:34,542.3036767601255
2022-03-28 22:48:39,542.3131829455955
2022-03-28 22:48:44,542.3226891310655
2022-03-28 22:48:49,532.06
2022-03-28 22:48:54,531.93
2022-03-28 22:48:59,531.83
2022-03-28 22:49:04,542.3607138729456
2022-03-28 22:49:09,542.3702200584156
2022-03-28 22:49:14,531.48
2022-03-28 22:49:19,542.3892324293556
2022-03-28 22:49:24,531.32
2022-03-28 22:49:29,531.19
2022-03-28 22:49:34,542.4177509857657
2022-03-28 22:49:39,542.4272571712356
2022-03-28 22:49:44,542.4367633567057
2022-03-28 22:49:49,530.83
2022-03-28 22:49:54,542.4557757276457
2022-03-28 22:49:59,542.4652819131157
2022-03-28 22:50:04,530.55
2022-03-28 22:50:09,530.51
2022-03-28 22:50:14,530.51
2022-03-28 22:50:19,530.45
2022-03-28 22:50:24,542.5128128404657
2022-03-28 22:50:29,530.29
2022-03-28 22:50:34,530.29
2022-03-28 22:50:39,542.5413313968758
2022-03-28 22:50:44,530.16
2022-03-28 22:50:49,530.16
2022-03-28 22:50:54,530.09
2022-03-28 22:50:59,530.09
2022-03-28 22:51:04,530.03
2022-03-28 22:51:09,530.03
2022-03-28 22:51:14,530.03
2022-03-28 22:51:19,530.03
2022-03-28 22:51:24,530.03
2022-03-28 22:51:29,529.99
2022-03-28 22:51:34,529.99
2022-03-28 22:51:39,529.99
2022-03-28 22:51:44,529.99
2022-03-28 22:51:49,529.99
2022-03-28 22:51:54,542.683924178926
2022-03-28 22:51:59,542.693430364396
2022-03-28 22:52:04,529.92
2022-03-28 22:52:09,529.99
2022-03-28 22:52:14,529.99
2022-03-28 22:52:19,529.99
2022-03-28 22:52:24,530.02
2022-03-28 22:52:29,530.02
2022-03-28 22:52:34,530.02
2022-03-28 22:52:39,530.08
2022-03-28 22:52:44,530.02
2022-03-28 22:52:49,530.08
2022-03-28 22:52:54,530.14
2022-03-28 22:52:59,542.8075045900362
2022-03-28 22:53:04,530.21
2022-03-28 22:53:09,530.21
2022-03-28 22:53:14,530.27
2022-03-28 22:53:19,530.26
2022-03-28 22:53:24,530.3
2022-03-28 22:53:29,542.7723452265759
2022-03-28 22:53:34,530.36
2022-03-28 22:53:39,530.42
2022-03-28 22:53:44,530.49
2022-03-28 22:53:49,530.51
2022-03-28 22:53:54,542.725764289405
2022-03-28 22:53:59,530.71
2022-03-28 22:54:04,530.77
2022-03-28 22:54:09,542.6978157271024
2022-03-28 22:54:14,542.6884995396682
2022-03-28 22:54:19,542.679183352234
2022-03-28 22:54:24,531.15
2022-03-28 22:54:29,531.22
2022-03-28 22:54:34,531.32
2022-03-28 22:54:39,531.38
2022-03-28 22:54:44,531.51
2022-03-28 22:54:49,531.54
2022-03-28 22:54:54,531.66
2022-03-28 22:54:59,542.6046538527605
2022-03-28 22:55:04,531.79
2022-03-28 22:55:09,542.5860214778921
2022-03-28 22:55:14,532.01
2022-03-28 22:55:19,532.04
2022-03-28 22:55:24,542.5580729155896
2022-03-28 22:55:29,532.11
2022-03-28 22:55:34,532.24
2022-03-28 22:55:39,532.3
2022-03-28 22:55:44,532.4
2022-03-28 22:55:49,532.4
2022-03-28 22:55:54,542.5021757909844
2022-03-28 22:55:59,532.56
2022-03-28 22:56:04,532.68
2022-03-28 22:56:09,542.4742272286819
2022-03-28 22:56:14,532.74
2022-03-28 22:56:19,542.4555948538134
2022-03-28 22:56:24,532.91
2022-03-28 22:56:29,532.97
2022-03-28 22:56:34,542.4276462915109
2022-03-28 22:56:39,533.07
2022-03-28 22:56:44,533.13
2022-03-28 22:56:49,533.19
2022-03-28 22:56:54,542.3903815417741
2022-03-28 22:56:59,542.38106535434
2022-03-28 22:57:04,533.42
2022-03-28 22:57:09,533.42
2022-03-28 22:57:14,533.55
2022-03-28 22:57:19,542.3438006046032
2022-03-28 22:57:24,533.71
2022-03-28 22:57:29,533.77
2022-03-28 22:57:34,533.87
2022-03-28 22:57:39,542.3065358548664
2022-03-28 22:57:44,542.2972196674323
2022-03-28 22:57:49,542.287903479998
2022-03-28 22:57:54,534.16
2022-03-28 22:57:59,534.22
2022-03-28 22:58:04,534.29
2022-03-28 22:58:09,534.35
2022-03-28 22:58:14,534.38
2022-03-28 22:58:19,534.51
2022-03-28 22:58:24,534.57
2022-03-28 22:58:29,542.2133739805246
2022-03-28 22:58:34,534.67
2022-03-28 22:58:39,542.1947416056561
2022-03-28 22:58:44,534.8
2022-03-28 22:58:49,534.87
2022-03-28 22:58:54,534.9
2022-03-28 22:58:59,534.96
2022-03-28 22:59:04,542.1481606684852
2022-03-28 22:59:09,535.09
2022-03-28 22:59:14,535.19
2022-03-28 22:59:19,535.19
2022-03-28 22:59:24,535.25
2022-03-28 22:59:29,542.1015797313142
2022-03-28 22:59:34,535.38
2022-03-28 22:59:39,535.38
2022-03-28 22:59:44,535.42
2022-03-28 22:59:49,535.48
2022-03-28 22:59:54,542.0549987941433
2022-03-28 22:59:59,542.0456826067091
2022-03-28 23:00:04,535.55
2022-03-28 23:00:09,535.55
2022-03-28 23:00:14,535.61
2022-03-28 23:00:19,535.61
2022-03-28 23:00:24,535.61
2022-03-28 23:00:29,541.989785482104
2022-03-28 23:00:34,535.64
2022-03-28 23:00:39,541.9711531072355
2022-03-28 23:00:44,535.64
2022-03-28 23:00:49,541.9525207323671
2022-03-28 23:00:54,535.71
2022-03-28 23:00:59,541.9338883574989
2022-03-28 23:01:04,535.71
2022-03-28 23:01:09,535.71
2022-03-28 23:01:14,535.71
2022-03-28 23:01:19,541.8966236077621
2022-03-28 23:01:24,541.8873074203278
2022-03-28 23:01:29,535.62
2022-03-28 23:01:34,535.65
2022-03-28 23:01:39,541.8593588580253
2022-03-28 23:01:44,535.62
2022-03-28 23:01:49,535.61
2022-03-28 23:01:54,535.55
2022-03-28 23:01:59,541.8220941082885
2022-03-28 23:02:04,535.55
2022-03-28 23:02:09,535.55
2022-03-28 23:02:14,535.48
2022-03-28 23:02:19,535.55
2022-03-28 23:02:24,535.49
2022-03-28 23:02:29,541.7661969836834
2022-03-28 23:02:34,535.55
2022-03-28 23:02:39,535.48
2022-03-28 23:02:44,535.55
2022-03-28 23:02:49,541.7289322339467
2022-03-28 23:02:54,541.7196160465124
2022-03-28 23:02:59,535.55
2022-03-28 23:03:04,535.61
2022-03-28 23:03:09,541.6916674842099
2022-03-28 23:03:14,541.6823512967757
2022-03-28 23:03:19,541.6730351093415
2022-03-28 23:03:24,535.64
2022-03-28 23:03:29,535.64
2022-03-28 23:03:34,535.64
2022-03-28 23:03:39,535.7
2022-03-28 23:03:44,535.7
2022-03-28 23:03:49,535.76
2022-03-28 23:03:54,535.83
2022-03-28 23:03:59,541.598505609868
2022-03-28 23:04:04,541.5891894224338
2022-03-28 23:04:09,541.5798732349996
2022-03-28 23:04:14,535.99
2022-03-28 23:04:19,541.5612408601312
2022-03-28 23:04:24,541.551924672697
2022-03-28 23:04:29,541.5426084852628
2022-03-28 23:04:34,536.21
2022-03-28 23:04:39,541.5239761103944
2022-03-28 23:04:44,536.4
2022-03-28 23:04:49,541.5053437355261
2022-03-28 23:04:54,536.5
2022-03-28 23:04:59,536.62
2022-03-28 23:05:04,536.66
2022-03-28 23:05:09,536.79
2022-03-28 23:05:14,536.85
2022-03-28 23:05:19,537.01
2022-03-28 23:05:24,541.4401304234867
2022-03-28 23:05:29,537.17
2022-03-28 23:05:34,537.17
2022-03-28 23:05:39,541.4121818611842
2022-03-28 23:05:44,541.40286567375
2022-03-28 23:05:49,537.45
2022-03-28 23:05:54,541.3842332988816
2022-03-28 23:05:59,537.64
2022-03-28 23:06:04,541.3656009240132
2022-03-28 23:06:09,537.87
2022-03-28 23:06:14,541.3469685491449
2022-03-28 23:06:19,541.3376523617106
2022-03-28 23:06:24,538.15
2022-03-28 23:06:29,541.3190199868422
2022-03-28 23:06:34,538.37
2022-03-28 23:06:39,538.47
2022-03-28 23:06:44,541.2910714245397
2022-03-28 23:06:49,541.2817552371055
2022-03-28 23:06:54,538.7
2022-03-28 23:06:59,538.89
2022-03-28 23:07:04,538.95
2022-03-28 23:07:09,539.05
2022-03-28 23:07:14,539.11
2022-03-28 23:07:19,539.21
2022-03-28 23:07:24,539.27
2022-03-28 23:07:29,539.4
2022-03-28 23:07:34,541.338747477322
2022-03-28 23:07:39,539.56
2022-03-28 23:07:44,541.3783182409578
2022-03-28 23:07:49,539.72
2022-03-28 23:07:54,539.85
2022-03-28 23:07:59,539.85
2022-03-28 23:08:04,539.98
2022-03-28 23:08:09,540.01
2022-03-28 23:08:14,540.07
2022-03-28 23:08:19,540.14
2022-03-28 23:08:24,541.5366012955011
2022-03-28 23:08:29,540.23
2022-03-28 23:08:34,540.3
2022-03-28 23:08:39,540.36
2022-03-28 23:08:44,540.36
2022-03-28 23:08:49,540.49
2022-03-28 23:08:54,540.49
2022-03-28 23:08:59,541.6750989682266
2022-03-28 23:09:04,541.6948843500445
2022-03-28 23:09:09,540.58
2022-03-28 23:09:14,541.7344551136804
2022-03-28 23:09:19,541.7542404954983
2022-03-28 23:09:24,540.71
2022-03-28 23:09:29,540.65
2022-03-28 23:09:34,540.71
2022-03-28 23:09:39,541.8333820227698
2022-03-28 23:09:44,540.75
2022-03-28 23:09:49,540.75
2022-03-28 23:09:54,540.81
2022-03-28 23:09:59,540.75
2022-03-28 23:10:04,540.81
2022-03-28 23:10:09,540.81
2022-03-28 23:10:14,540.87
2022-03-28 23:10:19,540.94
2022-03-28 23:10:24,540.94
2022-03-28 23:10:29,540.94
2022-03-28 23:10:34,542.051021222767
2022-03-28 23:10:39,540.94
2022-03-28 23:10:44,542.0905919864027
2022-03-28 23:10:49,542.1103773682206
2022-03-28 23:10:54,540.94
2022-03-28 23:10:59,540.94
2022-03-28 23:11:04,540.94
2022-03-28 23:11:09,542.1895188954924
2022-03-28 23:11:14,540.94
2022-03-28 23:11:19,540.94
2022-03-28 23:11:24,540.94
2022-03-28 23:11:29,540.94
2022-03-28 23:11:34,542.2884458045819
2022-03-28 23:11:39,540.88
2022-03-28 23:11:44,540.88
2022-03-28 23:11:49,540.88
2022-03-28 23:11:54,540.88
2022-03-28 23:11:59,542.3873727136714
2022-03-28 23:12:04,540.88
2022-03-28 23:12:09,540.82
2022-03-28 23:12:14,542.4467288591252
2022-03-28 23:12:19,540.82
2022-03-28 23:12:24,542.4862996227611
2022-03-28 23:12:29,540.76
2022-03-28 23:12:34,542.5258703863968
2022-03-28 23:12:39,540.76
2022-03-28 23:12:44,540.76
2022-03-28 23:12:49,540.76
2022-03-28 23:12:54,540.76
2022-03-28 23:12:59,540.72
2022-03-28 23:13:04,540.73
2022-03-28 23:13:09,542.6643680591222
2022-03-28 23:13:14,540.73
2022-03-28 23:13:19,542.7039388227581
2022-03-28 23:13:24,540.73
2022-03-28 23:13:29,542.7435095863939
2022-03-28 23:13:34,540.73
2022-03-28 23:13:39,540.73
2022-03-28 23:13:44,540.73
2022-03-28 23:13:49,540.73
2022-03-28 23:13:54,540.73
2022-03-28 23:13:59,540.73
2022-03-28 23:14:04,540.73
2022-03-28 23:14:09,540.66
2022-03-28 23:14:14,540.73
2022-03-28 23:14:19,540.66
2022-03-28 23:14:24,540.73
2022-03-28 23:14:29,540.66
2022-03-28 23:14:34,543.0007195500268
2022-03-28 23:14:39,540.73
2022-03-28 23:14:44,540.66
2022-03-28 23:14:49,540.72
2022-03-28 23:14:54,543.0798610772985
2022-03-28 23:14:59,540.72
2022-03-28 23:15:04,540.72
2022-03-28 23:15:09,543.1392172227522
2022-03-28 23:15:14,540.76
2022-03-28 23:15:19,540.75
2022-03-28 23:15:24,543.198573368206
2022-03-28 23:15:29,543.2183587500239
2022-03-28 23:15:34,540.82
2022-03-28 23:15:39,540.82
2022-03-28 23:15:44,540.82
2022-03-28 23:15:49,543.2975002772955
2022-03-28 23:15:54,540.88
2022-03-28 23:15:59,540.88
2022-03-28 23:16:04,540.87
2022-03-28 23:16:09,543.3766418045672
2022-03-28 23:16:14,540.94
2022-03-28 23:16:19,540.94
2022-03-28 23:16:24,543.4359979500209
2022-03-28 23:16:29,541.0
2022-03-28 23:16:34,541.03
2022-03-28 23:16:39,541.0
2022-03-28 23:16:44,543.5151394772926
2022-03-28 23:16:49,541.16
2022-03-28 23:16:54,541.09
2022-03-28 23:16:59,543.5744956227463
2022-03-28 23:17:04,541.22
2022-03-28 23:17:09,543.6140663863822
2022-03-28 23:17:14,541.25
2022-03-28 23:17:19,541.25
2022-03-28 23:17:24,543.673422531836
2022-03-28 23:17:29,541.31
2022-03-28 23:17:34,541.38
2022-03-28 23:17:39,543.7327786772897
2022-03-28 23:17:44,543.7525640591076
2022-03-28 23:17:49,543.7723494409255
2022-03-28 23:17:54,541.44
2022-03-28 23:17:59,541.5
2022-03-28 23:18:04,541.5
2022-03-28 23:18:09,541.53
2022-03-28 23:18:14,543.871276350015
2022-03-28 23:18:19,543.8910617318329
2022-03-28 23:18:24,541.59
2022-03-28 23:18:29,541.59
2022-03-28 23:18:34,543.9504178772867
2022-03-28 23:18:39,541.65
2022-03-28 23:18:44,541.72
2022-03-28 23:18:49,544.0097740227404
2022-03-28 23:18:54,541.72
2022-03-28 23:18:59,544.0493447863763
2022-03-28 23:19:04,541.88
2022-03-28 23:19:09,541.81
2022-03-28 23:19:14,544.10870093183
2022-03-28 23:19:19,541.94
2022-03-28 23:19:24,541.94
2022-03-28 23:19:29,542.0
2022-03-28 23:19:34,542.04
2022-03-28 23:19:39,544.2076278409196
2022-03-28 23:19:44,542.1
2022-03-28 23:19:49,542.16
2022-03-28 23:19:54,542.16
2022-03-28 23:19:59,542.26
2022-03-28 23:20:04,542.26
2022-03-28 23:20:09,544.3263401318271
2022-03-28 23:20:14,544.346125513645
2022-03-28 23:20:19,542.52
2022-03-28 23:20:24,542.55
2022-03-28 23:20:29,542.61
2022-03-28 23:20:34,544.4252670409167
2022-03-28 23:20:39,544.4450524227345
2022-03-28 23:20:44,542.84
2022-03-28 23:20:49,542.9
2022-03-28 23:20:54,542.97
2022-03-28 23:20:59,542.97
2022-03-28 23:21:04,543.07
2022-03-28 23:21:09,543.13
2022-03-28 23:21:14,544.5835500954599
2022-03-28 23:21:19,543.26
2022-03-28 23:21:24,543.29
2022-03-28 23:21:29,543.36
2022-03-28 23:21:34,544.5766197327627
2022-03-28 23:21:39,543.42
2022-03-28 23:21:44,543.48
2022-03-28 23:21:49,543.55
2022-03-28 23:21:54,543.58
2022-03-28 23:21:59,543.65
2022-03-28 23:22:04,543.71
2022-03-28 23:22:09,543.78
2022-03-28 23:22:14,544.5527796578066
2022-03-28 23:22:19,543.87
2022-03-28 23:22:24,543.94
2022-03-28 23:22:29,544.0
2022-03-28 23:22:34,544.07
2022-03-28 23:22:39,544.1
2022-03-28 23:22:44,544.1
2022-03-28 23:22:49,544.53191959222
2022-03-28 23:22:54,544.29
2022-03-28 23:22:59,544.3
2022-03-28 23:23:04,544.33
2022-03-28 23:23:09,544.39
2022-03-28 23:23:14,544.46
2022-03-28 23:23:19,544.5140395360029
2022-03-28 23:23:24,544.5110595266333
2022-03-28 23:23:29,544.59
2022-03-28 23:23:34,544.62
2022-03-28 23:23:39,544.69
2022-03-28 23:23:44,544.75
2022-03-28 23:23:49,544.4961594797858
2022-03-28 23:23:54,544.91
2022-03-28 23:23:59,544.98
2022-03-28 23:24:04,545.04
2022-03-28 23:24:09,544.4842394423077
2022-03-28 23:24:14,544.4812594329381
2022-03-28 23:24:19,545.2
2022-03-28 23:24:24,544.4752994141992
2022-03-28 23:24:29,545.33
2022-03-28 23:24:34,545.36
2022-03-28 23:24:39,544.4663593860906
2022-03-28 23:24:44,545.5
2022-03-28 23:24:49,545.56
2022-03-28 23:24:54,545.56
2022-03-28 23:24:59,545.63
2022-03-28 23:25:04,545.66
2022-03-28 23:25:09,545.66
2022-03-28 23:25:14,545.72
2022-03-28 23:25:19,545.78
2022-03-28 23:25:24,545.85
2022-03-28 23:25:29,545.88
2022-03-28 23:25:34,545.88
2022-03-28 23:25:39,545.88
2022-03-28 23:25:44,545.94
2022-03-28 23:25:49,544.4246392549173
2022-03-28 23:25:54,546.07
2022-03-28 23:25:59,546.07
2022-03-28 23:26:04,546.14
2022-03-28 23:26:09,544.4127192174393
2022-03-28 23:26:14,544.4097392080698
2022-03-28 23:26:19,546.17
2022-03-28 23:26:24,546.23
2022-03-28 23:26:29,546.23
2022-03-28 23:26:34,546.23
2022-03-28 23:26:39,546.29
2022-03-28 23:26:44,546.29
2022-03-28 23:26:49,546.29
2022-03-28 23:26:54,544.3858991331138
2022-03-28 23:26:59,546.35
2022-03-28 23:27:04,546.29
2022-03-28 23:27:09,544.3769591050052
2022-03-28 23:27:14,546.29
2022-03-28 23:27:19,546.29
2022-03-28 23:27:24,544.3680190768966
2022-03-28 23:27:29,546.22
2022-03-28 23:27:34,546.16
2022-03-28 23:27:39,546.13
2022-03-28 23:27:44,546.13
2022-03-28 23:27:49,544.353119030049
2022-03-28 23:27:54,545.93
2022-03-28 23:27:59,545.87
2022-03-28 23:28:04,544.3441790019405
2022-03-28 23:28:09,545.77
2022-03-28 23:28:14,545.7
2022-03-28 23:28:19,545.64
2022-03-28 23:28:24,545.6
2022-03-28 23:28:29,544.329278955093
2022-03-28 23:28:34,545.41
2022-03-28 23:28:39,545.34
2022-03-28 23:28:44,545.25
2022-03-28 23:28:49,544.3173589176148
2022-03-28 23:28:54,544.3143789082453
2022-03-28 23:28:59,544.3113988988758
2022-03-28 23:29:04,544.95
2022-03-28 23:29:09,544.82
2022-03-28 23:29:14,544.3024588707673
2022-03-28 23:29:19,544.2994788613978
2022-03-28 23:29:24,544.59
2022-03-28 23:29:29,544.5
2022-03-28 23:29:34,544.43
2022-03-28 23:29:39,544.2875588239197
2022-03-28 23:29:44,544.2845788145502
2022-03-28 23:29:49,544.08
2022-03-28 23:29:54,543.98
2022-03-28 23:29:59,543.85
2022-03-28 23:30:04,544.2726587770721
2022-03-28 23:30:09,543.69
2022-03-28 23:30:14,544.2666987583331
2022-03-28 23:30:19,544.2637187489636
2022-03-28 23:30:24,544.2607387395941
2022-03-28 23:30:29,543.27
2022-03-28 23:30:34,544.254778720855
2022-03-28 23:30:39,544.2517987114855
2022-03-28 23:30:44,544.248818702116
2022-03-28 23:30:49,542.81
2022-03-28 23:30:54,542.75
2022-03-28 23:30:59,544.2398786740075
2022-03-28 23:31:04,542.52
2022-03-28 23:31:09,542.49
2022-03-28 23:31:14,544.230938645899
2022-03-28 23:31:19,542.23
2022-03-28 23:31:24,544.2249786271599
2022-03-28 23:31:29,542.07
2022-03-28 23:31:34,542.01
2022-03-28 23:31:39,544.2160385990513
2022-03-28 23:31:44,541.85
2022-03-28 23:31:49,544.2100785803123
2022-03-28 23:31:54,541.69
2022-03-28 23:31:59,541.69
2022-03-28 23:32:04,541.56
2022-03-28 23:32:09,544.1981585428342
2022-03-28 23:32:14,544.1951785334647
2022-03-28 23:32:19,541.33
2022-03-28 23:32:24,541.27
2022-03-28 23:32:29,541.2
2022-03-28 23:32:34,541.17
2022-03-28 23:32:39,544.1802784866171
2022-03-28 23:32:44,541.04
2022-03-28 23:32:49,544.1743184678782
2022-03-28 23:32:54,540.95
2022-03-28 23:32:59,540.95
2022-03-28 23:33:04,540.95
2022-03-28 23:33:09,544.1623984304001
2022-03-28 23:33:14,540.82
2022-03-28 23:33:19,540.82
2022-03-28 23:33:24,540.82
2022-03-28 23:33:29,540.76
2022-03-28 23:33:34,540.76
2022-03-28 23:33:39,544.144518374183
2022-03-28 23:33:44,540.76
2022-03-28 23:33:49,540.76
2022-03-28 23:33:54,540.76
2022-03-28 23:33:59,544.132598336705
2022-03-28 23:34:04,540.76
2022-03-28 23:34:09,540.76
2022-03-28 23:34:14,540.76
2022-03-28 23:34:19,540.76
2022-03-28 23:34:24,540.83
2022-03-28 23:34:29,540.76
2022-03-28 23:34:34,540.83
2022-03-28 23:34:39,544.1087582617488
2022-03-28 23:34:44,540.83
2022-03-28 23:34:49,540.83
2022-03-28 23:34:54,544.0998182336402
2022-03-28 23:34:59,540.89
2022-03-28 23:35:04,544.0938582149013
2022-03-28 23:35:09,540.89
2022-03-28 23:35:14,544.0878981961622
2022-03-28 23:35:19,540.96
2022-03-28 23:35:24,540.99
2022-03-28 23:35:29,540.96
2022-03-28 23:35:34,544.093281137998
2022-03-28 23:35:39,544.0966575789731
2022-03-28 23:35:44,541.0
2022-03-28 23:35:49,541.0
2022-03-28 23:35:54,541.06
2022-03-28 23:35:59,541.06
2022-03-28 23:36:04,541.06
2022-03-28 23:36:09,541.13
2022-03-28 23:36:14,541.13
2022-03-28 23:36:19,541.13
2022-03-28 23:36:24,541.13
2022-03-28 23:36:29,541.13
2022-03-28 23:36:34,544.1337984296995
2022-03-28 23:36:39,541.19
2022-03-28 23:36:44,544.1405513116498
2022-03-28 23:36:49,541.13
2022-03-28 23:36:54,541.22
2022-03-28 23:36:59,541.22
2022-03-28 23:37:04,541.22
2022-03-28 23:37:09,541.22
2022-03-28 23:37:14,541.29
2022-03-28 23:37:19,541.22
2022-03-28 23:37:24,541.29
2022-03-28 23:37:29,541.35
2022-03-28 23:37:34,544.174315721401
2022-03-28 23:37:39,541.35
2022-03-28 23:37:44,541.41
2022-03-28 23:37:49,541.41
2022-03-28 23:37:54,541.41
2022-03-28 23:37:59,544.1911979262766
2022-03-28 23:38:04,544.1945743672518
2022-03-28 23:38:09,541.48
2022-03-28 23:38:14,541.51
2022-03-28 23:38:19,541.51
2022-03-28 23:38:24,541.57
2022-03-28 23:38:29,541.63
2022-03-28 23:38:34,544.2148330131025
2022-03-28 23:38:39,544.2182094540776
2022-03-28 23:38:44,541.7
2022-03-28 23:38:49,541.7
2022-03-28 23:38:54,541.73
2022-03-28 23:38:59,544.2317152179781
2022-03-28 23:39:04,541.73
2022-03-28 23:39:09,544.2384680999284
2022-03-28 23:39:14,541.79
2022-03-28 23:39:19,541.86
2022-03-28 23:39:24,541.85
2022-03-28 23:39:29,541.92
2022-03-28 23:39:34,541.85
2022-03-28 23:39:39,541.91
2022-03-28 23:39:44,541.91
2022-03-28 23:39:49,541.91
2022-03-28 23:39:54,541.91
2022-03-28 23:39:59,544.2722325096796
2022-03-28 23:40:04,541.98
2022-03-28 23:40:09,544.2789853916298
2022-03-28 23:40:14,542.01
2022-03-28 23:40:19,544.2857382735801
2022-03-28 23:40:24,544.2891147145552
2022-03-28 23:40:29,544.2924911555303
2022-03-28 23:40:34,542.0
2022-03-28 23:40:39,542.06
2022-03-28 23:40:44,542.06
2022-03-28 23:40:49,544.3059969194309
2022-03-28 23:40:54,544.309373360406
2022-03-28 23:40:59,542.06
2022-03-28 23:41:04,542.06
2022-03-28 23:41:09,542.13
2022-03-28 23:41:14,542.13
2022-03-28 23:41:19,542.13
2022-03-28 23:41:24,544.3296320062567
2022-03-28 23:41:29,544.3330084472318
2022-03-28 23:41:34,542.19
2022-03-28 23:41:39,544.3397613291821
2022-03-28 23:41:44,544.3431377701572
2022-03-28 23:41:49,542.12
2022-03-28 23:41:54,544.3498906521074
2022-03-28 23:41:59,542.12
2022-03-28 23:42:04,542.18
2022-03-28 23:42:09,542.18
2022-03-28 23:42:14,542.12
2022-03-28 23:42:19,542.12
2022-03-28 23:42:24,544.3701492979582
2022-03-28 23:42:29,542.12
2022-03-28 23:42:34,544.3769021799085
2022-03-28 23:42:39,542.12
2022-03-28 23:42:44,544.3836550618587
2022-03-28 23:42:49,544.3870315028338
2022-03-28 23:42:54,542.05
2022-03-28 23:42:59,542.05
2022-03-28 23:43:04,542.05
2022-03-28 23:43:09,542.05
2022-03-28 23:43:14,542.05
2022-03-28 23:43:19,542.05
2022-03-28 23:43:24,544.4106665896597
2022-03-28 23:43:29,544.4140430306348
2022-03-28 23:43:34,541.99
2022-03-28 23:43:39,542.05
2022-03-28 23:43:44,542.05
2022-03-28 23:43:49,542.05
2022-03-28 23:43:54,541.99
2022-03-28 23:43:59,542.05
2022-03-28 23:44:04,544.4376781174607
2022-03-28 23:44:09,544.4410545584358
2022-03-28 23:44:14,544.4444309994109
2022-03-28 23:44:19,542.12
2022-03-28 23:44:24,542.12
2022-03-28 23:44:29,542.05
2022-03-28 23:44:34,542.12
2022-03-28 23:44:39,544.4613132042865
2022-03-28 23:44:44,542.18
2022-03-28 23:44:49,542.12
2022-03-28 23:44:54,544.4714425272119
2022-03-28 23:44:59,544.474818968187
2022-03-28 23:45:04,544.4781954091621
2022-03-28 23:45:09,544.4815718501372
2022-03-28 23:45:14,544.4849482911125
2022-03-28 23:45:19,542.18
2022-03-28 23:45:24,542.22
2022-03-28 23:45:29,542.22
2022-03-28 23:45:34,542.22
2022-03-28 23:45:39,544.5018304959881
2022-03-28 23:45:44,542.28
2022-03-28 23:45:49,544.5085833779383
2022-03-28 23:45:54,542.28
2022-03-28 23:45:59,542.29
2022-03-28 23:46:04,542.35
2022-03-28 23:46:09,542.35
2022-03-28 23:46:14,542.35
2022-03-28 23:46:19,542.42
2022-03-28 23:46:24,542.42
2022-03-28 23:46:29,542.42
2022-03-28 23:46:34,542.42
2022-03-28 23:46:39,542.48
2022-03-28 23:46:44,544.5457242286647
2022-03-28 23:46:49,542.52
2022-03-28 23:46:54,544.5524771106149
2022-03-28 23:46:59,544.55585355159
2022-03-28 23:47:04,542.52
2022-03-28 23:47:09,542.52
2022-03-28 23:47:14,544.5659828745154
2022-03-28 23:47:19,542.52
2022-03-28 23:47:24,542.52
2022-03-28 23:47:29,542.59
2022-03-28 23:47:34,542.65
2022-03-28 23:47:39,544.582865079391
2022-03-28 23:47:44,544.5862415203661
2022-03-28 23:47:49,542.65
2022-03-28 23:47:54,542.71
2022-03-28 23:47:59,542.71
2022-03-28 23:48:04,542.75
2022-03-28 23:48:09,542.75
2022-03-28 23:48:14,544.6065001662168
2022-03-28 23:48:19,542.88
2022-03-28 23:48:24,542.88
2022-03-28 23:48:29,542.88
2022-03-28 23:48:34,542.88
2022-03-28 23:48:39,542.94
2022-03-28 23:48:44,543.01
2022-03-28 23:48:49,544.6301352530428
2022-03-28 23:48:54,543.04
2022-03-28 23:48:59,543.04
2022-03-28 23:49:04,543.1
2022-03-28 23:49:09,543.16
2022-03-28 23:49:14,544.6470174579184
2022-03-28 23:49:19,543.26
2022-03-28 23:49:24,544.6537703398686
2022-03-28 23:49:29,543.33
2022-03-28 23:49:34,543.39
2022-03-28 23:49:39,543.45
2022-03-28 23:49:44,543.52
2022-03-28 23:49:49,543.52
2022-03-28 23:49:54,543.55
2022-03-28 23:49:59,544.6122789801115
2022-03-28 23:50:04,543.68
2022-03-28 23:50:09,543.74
2022-03-28 23:50:14,543.77
2022-03-28 23:50:19,543.84
2022-03-28 23:50:24,544.5802924416627
2022-03-28 23:50:29,544.5738951339729
2022-03-28 23:50:34,544.03
2022-03-28 23:50:39,544.06
2022-03-28 23:50:44,544.5547032109037
2022-03-28 23:50:49,544.19
2022-03-28 23:50:54,544.28
2022-03-28 23:50:59,544.28
2022-03-28 23:51:04,544.41
2022-03-28 23:51:09,544.5227166724549
2022-03-28 23:51:14,544.57
2022-03-28 23:51:19,544.5099220570754
2022-03-28 23:51:24,544.7
2022-03-28 23:51:29,544.8
2022-03-28 23:51:34,544.86
2022-03-28 23:51:39,544.92
2022-03-28 23:51:44,545.05
2022-03-28 23:51:49,544.4715382109368
2022-03-28 23:51:54,545.14
2022-03-28 23:51:59,544.4587435955573
2022-03-28 23:52:04,545.37
2022-03-28 23:52:09,545.5
2022-03-28 23:52:14,545.56
2022-03-28 23:52:19,545.59
2022-03-28 23:52:24,545.66
2022-03-28 23:52:29,545.78
2022-03-28 23:52:34,544.413962441729
2022-03-28 23:52:39,545.94
2022-03-28 23:52:44,546.0
2022-03-28 23:52:49,546.16
2022-03-28 23:52:54,546.23
2022-03-28 23:52:59,546.32
2022-03-28 23:53:04,544.3755785955905
2022-03-28 23:53:09,544.3691812879008
2022-03-28 23:53:14,546.58
2022-03-28 23:53:19,546.67
2022-03-28 23:53:24,546.74
2022-03-28 23:53:29,546.8
2022-03-28 23:53:34,544.337194749452
2022-03-28 23:53:39,546.96
2022-03-28 23:53:44,544.3244001340724
2022-03-28 23:53:49,544.3180028263827
2022-03-28 23:53:54,547.09
2022-03-28 23:53:59,544.3052082110032
2022-03-28 23:54:04,544.2988109033134
2022-03-28 23:54:09,544.2924135956237
2022-03-28 23:54:14,547.31
2022-03-28 23:54:19,547.31
2022-03-28 23:54:24,547.35
2022-03-28 23:54:29,547.41
2022-03-28 23:54:34,544.2604270571749
2022-03-28 23:54:39,547.47
2022-03-28 23:54:44,544.2476324417954
2022-03-28 23:54:49,544.2412351341056
2022-03-28 23:54:54,547.47
2022-03-28 23:54:59,547.47
2022-03-28 23:55:04,547.47
2022-03-28 23:55:09,544.2156459033466
2022-03-28 23:55:14,547.47
2022-03-28 23:55:19,547.41
2022-03-28 23:55:24,547.41
2022-03-28 23:55:29,547.35
2022-03-28 23:55:34,547.35
2022-03-28 23:55:39,544.177262057208
2022-03-28 23:55:44,547.31
2022-03-28 23:55:49,547.25
2022-03-28 23:55:54,547.25
2022-03-28 23:55:59,547.18
2022-03-28 23:56:04,547.12
2022-03-28 23:56:09,547.09
2022-03-28 23:56:14,547.03
2022-03-28 23:56:19,544.12608359569
2022-03-28 23:56:24,546.96
2022-03-28 23:56:29,546.83
2022-03-28 23:56:34,544.1068916726208
2022-03-28 23:56:39,546.74
2022-03-28 23:56:44,546.74
2022-03-28 23:56:49,546.61
2022-03-28 23:56:54,546.58
2022-03-28 23:56:59,546.51
2022-03-28 23:57:04,546.38
2022-03-28 23:57:09,544.0621105187925
2022-03-28 23:57:14,546.23
2022-03-28 23:57:19,546.16
2022-03-28 23:57:24,546.1
2022-03-28 23:57:29,546.0
2022-03-28 23:57:34,544.0301239803437
2022-03-28 23:57:39,545.81
2022-03-28 23:57:44,545.71
2022-03-28 23:57:49,545.58
2022-03-28 23:57:54,545.55
2022-03-28 23:57:59,545.42
2022-03-28 23:58:04,545.3
2022-03-28 23:58:09,545.26
2022-03-28 23:58:14,545.14
2022-03-28 23:58:19,545.04
2022-03-28 23:58:24,544.85
2022-03-28 23:58:29,544.75
2022-03-28 23:58:34,544.62
2022-03-28 23:58:39,544.46
2022-03-28 23:58:44,544.27
2022-03-28 23:58:49,544.11
2022-03-28 23:58:54,544.01
2022-03-28 23:58:59,543.82
2022-03-28 23:59:04,543.76
2022-03-28 23:59:09,543.59
2022-03-28 23:59:14,543.43
2022-03-28 23:59:19,543.24
2022-03-28 23:59:24,543.02
2022-03-28 23:59:29,543.8829859034794
2022-03-28 23:59:34,542.69
2022-03-28 23:59:39,542.47
2022-03-28 23:59:44,542.27
2022-03-28 23:59:49,542.05
2022-03-28 23:59:54,541.89
2022-03-28 23:59:59,543.8446020573408
2022-03-29 00:00:04,541.47
2022-03-29 00:00:09,543.8318074419612
2022-03-29 00:00:14,543.8254101342716
2022-03-29 00:00:19,540.86
2022-03-29 00:00:24,540.63
2022-03-29 00:00:29,540.41
2022-03-29 00:00:34,540.15
2022-03-29 00:00:39,543.7934235958228
2022-03-29 00:00:44,543.787026288133
2022-03-29 00:00:49,539.6
2022-03-29 00:00:54,543.7742316727534
2022-03-29 00:00:59,539.12
2022-03-29 00:01:04,538.89
2022-03-29 00:01:09,538.73
2022-03-29 00:01:14,543.7486424419944
2022-03-29 00:01:19,538.28
2022-03-29 00:01:24,543.735847826615
2022-03-29 00:01:29,537.92
2022-03-29 00:01:34,537.76
2022-03-29 00:01:39,537.57
2022-03-29 00:01:44,537.4
2022-03-29 00:01:49,537.24
2022-03-29 00:01:54,537.05
2022-03-29 00:01:59,543.6910666727866
2022-03-29 00:02:04,536.79
2022-03-29 00:02:09,536.66
2022-03-29 00:02:14,536.53
2022-03-29 00:02:19,543.6654774420276
2022-03-29 00:02:24,536.37
2022-03-29 00:02:29,543.6526828266481
2022-03-29 00:02:34,536.21
2022-03-29 00:02:39,536.08
2022-03-29 00:02:44,543.6334909035788
2022-03-29 00:02:49,543.627093595889
2022-03-29 00:02:54,535.85
2022-03-29 00:02:59,535.78
2022-03-29 00:03:04,543.6079016728198
2022-03-29 00:03:09,535.75
2022-03-29 00:03:14,535.62
2022-03-29 00:03:19,535.62
2022-03-29 00:03:24,535.62
2022-03-29 00:03:29,535.55
2022-03-29 00:03:34,535.55
2022-03-29 00:03:39,543.5668147668425
2022-03-29 00:03:44,535.49
2022-03-29 00:03:49,535.48
2022-03-29 00:03:54,535.48
2022-03-29 00:03:59,535.48
2022-03-29 00:04:04,535.48
2022-03-29 00:04:09,535.48
2022-03-29 00:04:14,535.48
2022-03-29 00:04:19,543.5340534824161
2022-03-29 00:04:24,535.45
2022-03-29 00:04:29,535.45
2022-03-29 00:04:34,535.38
2022-03-29 00:04:39,535.38
2022-03-29 00:04:44,535.45
2022-03-29 00:04:49,543.5094825190962
2022-03-29 00:04:54,535.38
2022-03-29 00:04:59,543.5012921979895
2022-03-29 00:05:04,535.38
2022-03-29 00:05:09,535.31
2022-03-29 00:05:14,543.4890067163296
2022-03-29 00:05:19,535.31
2022-03-29 00:05:24,535.25
2022-03-29 00:05:29,543.4767212346696
2022-03-29 00:05:34,535.25
2022-03-29 00:05:39,543.468530913563
2022-03-29 00:05:44,535.25
2022-03-29 00:05:49,543.4603405924564
2022-03-29 00:05:54,543.4562454319031
2022-03-29 00:05:59,535.25
2022-03-29 00:06:04,535.25
2022-03-29 00:06:09,535.21
2022-03-29 00:06:14,535.21
2022-03-29 00:06:19,535.15
2022-03-29 00:06:24,543.4316744685832
2022-03-29 00:06:29,535.22
2022-03-29 00:06:34,543.4234841474765
2022-03-29 00:06:39,535.15
2022-03-29 00:06:44,543.41529382637
2022-03-29 00:06:49,543.4111986658166
2022-03-29 00:06:54,535.09
2022-03-29 00:06:59,535.09
2022-03-29 00:07:04,543.3989131841566
2022-03-29 00:07:09,535.09
2022-03-29 00:07:14,535.09
2022-03-29 00:07:19,534.96
2022-03-29 00:07:24,543.3825325419434
2022-03-29 00:07:29,535.02
2022-03-29 00:07:34,543.3743422208368
2022-03-29 00:07:39,534.96
2022-03-29 00:07:44,543.3661518997302
2022-03-29 00:07:49,543.3620567391769
2022-03-29 00:07:54,534.96
2022-03-29 00:07:59,534.96
2022-03-29 00:08:04,534.96
2022-03-29 00:08:09,534.93
2022-03-29 00:08:14,543.3415809364103
2022-03-29 00:08:19,534.93
2022-03-29 00:08:24,534.96
2022-03-29 00:08:29,534.93
2022-03-29 00:08:34,534.93
2022-03-29 00:08:39,534.93
2022-03-29 00:08:44,534.93
2022-03-29 00:08:49,534.93
2022-03-29 00:08:54,534.87
2022-03-29 00:08:59,543.3047244914304
2022-03-29 00:09:04,534.93
2022-03-29 00:09:09,543.2965341703239
2022-03-29 00:09:14,534.94
2022-03-29 00:09:19,534.94
2022-03-29 00:09:24,534.87
2022-03-29 00:09:29,534.94
2022-03-29 00:09:34,543.2760583675572
2022-03-29 00:09:39,543.2719632070039
2022-03-29 00:09:44,534.94
2022-03-29 00:09:49,534.94
2022-03-29 00:09:54,534.97
2022-03-29 00:09:59,543.2555825647906
2022-03-29 00:10:04,543.2514874042374
2022-03-29 00:10:09,543.2473922436841
2022-03-29 00:10:14,543.2432970831308
2022-03-29 00:10:19,535.1
2022-03-29 00:10:24,535.1
2022-03-29 00:10:29,543.2310116014708
2022-03-29 00:10:34,535.17
2022-03-29 00:10:39,535.17
2022-03-29 00:10:44,535.17
2022-03-29 00:10:49,543.2146309592575
2022-03-29 00:10:54,535.17
2022-03-29 00:10:59,535.24
2022-03-29 00:11:04,535.23
2022-03-29 00:11:09,535.24
2022-03-29 00:11:14,543.194155156491
2022-03-29 00:11:19,543.1900599959376
2022-03-29 00:11:24,535.24
2022-03-29 00:11:29,535.17
2022-03-29 00:11:34,543.1777745142776
2022-03-29 00:11:39,535.24
2022-03-29 00:11:44,543.1695841931711
2022-03-29 00:11:49,543.1654890326178
2022-03-29 00:11:54,543.1613938720644
2022-03-29 00:11:59,543.1572987115111
2022-03-29 00:12:04,535.23
2022-03-29 00:12:09,535.27
2022-03-29 00:12:14,535.27
2022-03-29 00:12:19,535.27
2022-03-29 00:12:24,535.26
2022-03-29 00:12:29,535.33
2022-03-29 00:12:34,535.26
2022-03-29 00:12:39,535.33
2022-03-29 00:12:44,543.1204422665313
2022-03-29 00:12:49,535.33
2022-03-29 00:12:54,535.33
2022-03-29 00:12:59,535.33
2022-03-29 00:13:04,535.33
2022-03-29 00:13:09,535.39
2022-03-29 00:13:14,535.39
2022-03-29 00:13:19,543.0917761426581
2022-03-29 00:13:24,535.39
2022-03-29 00:13:29,535.45
2022-03-29 00:13:34,535.45
2022-03-29 00:13:39,535.39
2022-03-29 00:13:44,535.45
2022-03-29 00:13:49,535.45
2022-03-29 00:13:54,535.48
2022-03-29 00:13:59,535.48
2022-03-29 00:14:04,543.0549196976783
2022-03-29 00:14:09,535.48
2022-03-29 00:14:14,535.48
2022-03-29 00:14:19,535.54
2022-03-29 00:14:24,535.54
2022-03-29 00:14:29,535.54
2022-03-29 00:14:34,535.54
2022-03-29 00:14:39,535.54
2022-03-29 00:14:44,535.54
2022-03-29 00:14:49,535.54
2022-03-29 00:14:54,543.0139680921451
2022-03-29 00:14:59,543.0098729315918
2022-03-29 00:15:04,543.0057777710385
2022-03-29 00:15:09,535.54
2022-03-29 00:15:14,535.53
2022-03-29 00:15:19,535.6
2022-03-29 00:15:24,542.9893971288252
2022-03-29 00:15:29,542.9853019682719
2022-03-29 00:15:34,535.6
2022-03-29 00:15:39,535.59
2022-03-29 00:15:44,535.66
2022-03-29 00:15:49,542.9689213260586
2022-03-29 00:15:54,542.9648261655053
2022-03-29 00:15:59,542.960731004952
2022-03-29 00:16:04,535.72
2022-03-29 00:16:09,535.72
2022-03-29 00:16:14,535.72
2022-03-29 00:16:19,535.75
2022-03-29 00:16:24,535.75
2022-03-29 00:16:29,535.75
2022-03-29 00:16:34,535.81
2022-03-29 00:16:39,535.87
2022-03-29 00:16:44,542.9238745599722
2022-03-29 00:16:49,542.9197793994189
2022-03-29 00:16:54,535.87
2022-03-29 00:16:59,535.94
2022-03-29 00:17:04,535.94
2022-03-29 00:17:09,535.97
2022-03-29 00:17:14,542.8993035966523
2022-03-29 00:17:19,542.895208436099
2022-03-29 00:17:24,535.97
2022-03-29 00:17:29,535.97
2022-03-29 00:17:34,542.8829229544391
2022-03-29 00:17:39,536.03
2022-03-29 00:17:44,536.03
2022-03-29 00:17:49,536.03
2022-03-29 00:17:54,536.1
2022-03-29 00:17:59,536.1
2022-03-29 00:18:04,536.1
2022-03-29 00:18:09,536.1
2022-03-29 00:18:14,536.16
2022-03-29 00:18:19,536.16
2022-03-29 00:18:24,536.16
2022-03-29 00:18:29,536.16
2022-03-29 00:18:34,536.23
2022-03-29 00:18:39,542.6076336944756
2022-03-29 00:18:44,542.5858394760085
2022-03-29 00:18:49,542.5640452575411
2022-03-29 00:18:54,536.32
2022-03-29 00:18:59,536.32
2022-03-29 00:19:04,536.39
2022-03-29 00:19:09,536.45
2022-03-29 00:19:14,536.45
2022-03-29 00:19:19,542.4332799467383
2022-03-29 00:19:24,536.55
2022-03-29 00:19:29,536.55
2022-03-29 00:19:34,542.3678972913367
2022-03-29 00:19:39,536.62
2022-03-29 00:19:44,536.68
2022-03-29 00:19:49,536.68
2022-03-29 00:19:54,536.78
2022-03-29 00:19:59,536.78
2022-03-29 00:20:04,542.2371319805337
2022-03-29 00:20:09,536.78
2022-03-29 00:20:14,536.84
2022-03-29 00:20:19,542.1717493251323
2022-03-29 00:20:24,536.91
2022-03-29 00:20:29,536.91
2022-03-29 00:20:34,536.91
2022-03-29 00:20:39,536.91
2022-03-29 00:20:44,542.0627782327964
2022-03-29 00:20:49,537.01
2022-03-29 00:20:54,537.01
2022-03-29 00:20:59,537.01
2022-03-29 00:21:04,537.01
2022-03-29 00:21:09,537.01
2022-03-29 00:21:14,537.01
2022-03-29 00:21:19,541.9102187035263
2022-03-29 00:21:24,537.01
2022-03-29 00:21:29,537.01
2022-03-29 00:21:34,536.98
2022-03-29 00:21:39,536.98
2022-03-29 00:21:44,541.8012476111905
2022-03-29 00:21:49,536.98
2022-03-29 00:21:54,541.7576591742562
2022-03-29 00:21:59,537.02
2022-03-29 00:22:04,537.02
2022-03-29 00:22:09,537.02
2022-03-29 00:22:14,536.99
2022-03-29 00:22:19,537.02
2022-03-29 00:22:24,541.6268938634532
2022-03-29 00:22:29,537.02
2022-03-29 00:22:34,537.02
2022-03-29 00:22:39,537.02
2022-03-29 00:22:44,537.02
2022-03-29 00:22:49,541.5179227711175
2022-03-29 00:22:54,537.02
2022-03-29 00:22:59,537.02
2022-03-29 00:23:04,541.4525401157159
2022-03-29 00:23:09,537.02
2022-03-29 00:23:14,537.02
2022-03-29 00:23:19,537.08
2022-03-29 00:23:24,537.09
2022-03-29 00:23:29,537.02
2022-03-29 00:23:34,541.321774804913
2022-03-29 00:23:39,537.15
2022-03-29 00:23:44,537.15
2022-03-29 00:23:49,537.15
2022-03-29 00:23:54,537.15
2022-03-29 00:23:59,541.2128037125772
2022-03-29 00:24:04,537.21
2022-03-29 00:24:09,541.1692152756428
2022-03-29 00:24:14,537.21
2022-03-29 00:24:19,537.21
2022-03-29 00:24:24,541.1038326202413
2022-03-29 00:24:29,541.0820384017742
2022-03-29 00:24:34,537.28
2022-03-29 00:24:39,537.28
2022-03-29 00:24:44,541.0166557463727
2022-03-29 00:24:49,537.31
2022-03-29 00:24:54,540.9730673094384
2022-03-29 00:24:59,537.31
2022-03-29 00:25:04,537.31
2022-03-29 00:25:09,537.37
2022-03-29 00:25:14,540.8858904355698
2022-03-29 00:25:19,537.37
2022-03-29 00:25:24,540.8423019986354
2022-03-29 00:25:29,537.37
2022-03-29 00:25:34,537.37
2022-03-29 00:25:39,537.43
2022-03-29 00:25:44,537.43
2022-03-29 00:25:49,537.43
2022-03-29 00:25:54,540.7115366878324
2022-03-29 00:25:59,540.6897424693653
2022-03-29 00:26:04,537.49
2022-03-29 00:26:09,537.49
2022-03-29 00:26:14,537.49
2022-03-29 00:26:19,537.52
2022-03-29 00:26:24,537.59
2022-03-29 00:26:29,537.59
2022-03-29 00:26:34,537.59
2022-03-29 00:26:39,540.515388721628
2022-03-29 00:26:44,537.58
2022-03-29 00:26:49,540.4718002846937
2022-03-29 00:26:54,537.58
2022-03-29 00:26:59,537.65
2022-03-29 00:27:04,537.58
2022-03-29 00:27:09,540.384623410825
2022-03-29 00:27:14,537.58
2022-03-29 00:27:19,540.3410349738907
2022-03-29 00:27:24,540.3192407554236
2022-03-29 00:27:29,537.58
2022-03-29 00:27:34,537.58
2022-03-29 00:27:39,537.58
2022-03-29 00:27:44,540.2320638815548
2022-03-29 00:27:49,537.51
2022-03-29 00:27:54,540.1884754446206
2022-03-29 00:27:59,540.1666812261534
2022-03-29 00:28:04,537.51
2022-03-29 00:28:09,540.1230927892191
2022-03-29 00:28:14,537.48
2022-03-29 00:28:19,537.48
2022-03-29 00:28:24,540.0577101338176
2022-03-29 00:28:29,537.41
2022-03-29 00:28:34,540.0141216968833
2022-03-29 00:28:39,539.9923274784161
2022-03-29 00:28:44,537.28
2022-03-29 00:28:49,539.9487390414818
2022-03-29 00:28:54,537.25
2022-03-29 00:28:59,537.25
2022-03-29 00:29:04,537.18
2022-03-29 00:29:09,537.12
2022-03-29 00:29:14,536.99
2022-03-29 00:29:19,537.05
2022-03-29 00:29:24,536.99
2022-03-29 00:29:29,536.96
2022-03-29 00:29:34,536.96
2022-03-29 00:29:39,536.89
2022-03-29 00:29:44,536.76
2022-03-29 00:29:49,536.76
2022-03-29 00:29:54,536.73
2022-03-29 00:29:59,539.6436199829415
2022-03-29 00:30:04,539.6218257644744
2022-03-29 00:30:09,536.6
2022-03-29 00:30:14,536.54
2022-03-29 00:30:19,536.47
2022-03-29 00:30:24,536.44
2022-03-29 00:30:29,536.38
2022-03-29 00:30:34,539.4910604536714
2022-03-29 00:30:39,536.25
2022-03-29 00:30:44,536.16
2022-03-29 00:30:49,539.4256777982699
2022-03-29 00:30:54,539.4038835798027
2022-03-29 00:30:59,539.3820893613356
2022-03-29 00:31:04,535.96
2022-03-29 00:31:09,535.87
2022-03-29 00:31:14,535.87
2022-03-29 00:31:19,535.8
2022-03-29 00:31:24,535.74
2022-03-29 00:31:29,535.74
2022-03-29 00:31:34,539.2295298320654
2022-03-29 00:31:39,539.2077356135983
2022-03-29 00:31:44,535.51
2022-03-29 00:31:49,539.1788715912396
2022-03-29 00:31:54,535.45
2022-03-29 00:31:59,535.42
2022-03-29 00:32:04,535.36
2022-03-29 00:32:09,535.36
2022-03-29 00:32:14,535.29
2022-03-29 00:32:19,535.23
2022-03-29 00:32:24,539.0956136816236
2022-03-29 00:32:29,539.0837196945356
2022-03-29 00:32:34,535.13
2022-03-29 00:32:39,535.13
2022-03-29 00:32:44,539.0480377332716
2022-03-29 00:32:49,535.07
2022-03-29 00:32:54,539.0242497590956
2022-03-29 00:32:59,535.07
2022-03-29 00:33:04,535.01
2022-03-29 00:33:09,535.08
2022-03-29 00:33:14,535.01
2022-03-29 00:33:19,534.95
2022-03-29 00:33:24,538.9528858365676
2022-03-29 00:33:29,535.01
2022-03-29 00:33:34,538.9290978623916
2022-03-29 00:33:39,534.95
2022-03-29 00:33:44,538.9053098882156
2022-03-29 00:33:49,534.95
2022-03-29 00:33:54,534.95
2022-03-29 00:33:59,535.02
2022-03-29 00:34:04,534.96
2022-03-29 00:34:09,534.96
2022-03-29 00:34:14,534.96
2022-03-29 00:34:19,534.96
2022-03-29 00:34:24,535.02
2022-03-29 00:34:29,538.7982640044236
2022-03-29 00:34:34,538.7863700173356
2022-03-29 00:34:39,535.02
2022-03-29 00:34:44,535.02
2022-03-29 00:34:49,538.7506880560717
2022-03-29 00:34:54,535.08
2022-03-29 00:34:59,535.02
2022-03-29 00:35:04,535.02
2022-03-29 00:35:09,535.09
2022-03-29 00:35:14,535.02
2022-03-29 00:35:19,538.6793241335437
2022-03-29 00:35:24,535.02
2022-03-29 00:35:29,535.09
2022-03-29 00:35:34,535.09
2022-03-29 00:35:39,535.09
2022-03-29 00:35:44,535.08
2022-03-29 00:35:49,538.6079602110157
2022-03-29 00:35:54,535.08
2022-03-29 00:35:59,538.5841722368397
2022-03-29 00:36:04,535.15
2022-03-29 00:36:09,535.08
2022-03-29 00:36:14,535.15
2022-03-29 00:36:19,538.5365962884877
2022-03-29 00:36:24,535.15
2022-03-29 00:36:29,535.15
2022-03-29 00:36:34,538.5009143272237
2022-03-29 00:36:39,538.4890203401357
2022-03-29 00:36:44,535.14
2022-03-29 00:36:49,538.4652323659597
2022-03-29 00:36:54,538.4533383788716
2022-03-29 00:36:59,538.4414443917836
2022-03-29 00:37:04,535.08
2022-03-29 00:37:09,535.08
2022-03-29 00:37:14,535.08
2022-03-29 00:37:19,538.3938684434316
2022-03-29 00:37:24,535.08
2022-03-29 00:37:29,535.01
2022-03-29 00:37:34,535.08
2022-03-29 00:37:39,535.01
2022-03-29 00:37:44,535.08
2022-03-29 00:37:49,538.3225045209036
2022-03-29 00:37:54,538.3106105338156
2022-03-29 00:37:59,534.94
2022-03-29 00:38:04,538.2868225596396
2022-03-29 00:38:09,534.94
2022-03-29 00:38:14,538.2630345854636
2022-03-29 00:38:19,538.2511405983756
2022-03-29 00:38:24,538.2392466112876
2022-03-29 00:38:29,535.01
2022-03-29 00:38:34,538.2154586371116
2022-03-29 00:38:39,534.94
2022-03-29 00:38:44,534.94
2022-03-29 00:38:49,534.94
2022-03-29 00:38:54,538.1678826887596
2022-03-29 00:38:59,538.1559887016716
2022-03-29 00:39:04,534.94
2022-03-29 00:39:09,534.94
2022-03-29 00:39:14,534.93
2022-03-29 00:39:19,534.93
2022-03-29 00:39:24,534.93
2022-03-29 00:39:29,534.9
2022-03-29 00:39:34,538.0727307920556
2022-03-29 00:39:39,534.9
2022-03-29 00:39:44,534.9
2022-03-29 00:39:49,534.9
2022-03-29 00:39:54,534.89
2022-03-29 00:39:59,538.0132608566156
2022-03-29 00:40:04,538.0013668695276
2022-03-29 00:40:09,534.83
2022-03-29 00:40:14,534.76
2022-03-29 00:40:19,534.83
2022-03-29 00:40:24,537.9537909211757
2022-03-29 00:40:29,534.76
2022-03-29 00:40:34,534.76
2022-03-29 00:40:39,534.83
2022-03-29 00:40:44,537.9062149728236
2022-03-29 00:40:49,534.83
2022-03-29 00:40:54,537.8824269986477
2022-03-29 00:40:59,534.83
2022-03-29 00:41:04,534.83
2022-03-29 00:41:09,534.89
2022-03-29 00:41:14,534.82
2022-03-29 00:41:19,534.89
2022-03-29 00:41:24,534.89
2022-03-29 00:41:29,537.7991690890316
2022-03-29 00:41:34,537.7872751019437
2022-03-29 00:41:39,534.89
2022-03-29 00:41:44,534.89
2022-03-29 00:41:49,534.89
2022-03-29 00:41:54,534.92
2022-03-29 00:41:59,534.99
2022-03-29 00:42:04,537.7159111794157
2022-03-29 00:42:09,534.99
2022-03-29 00:42:14,537.6921232052397
2022-03-29 00:42:19,534.99
2022-03-29 00:42:24,535.05
2022-03-29 00:42:29,535.05
2022-03-29 00:42:34,535.05
2022-03-29 00:42:39,537.6326532697997
2022-03-29 00:42:44,537.6207592827117
2022-03-29 00:42:49,535.12
2022-03-29 00:42:54,537.5969713085357
2022-03-29 00:42:59,535.12
2022-03-29 00:43:04,535.12
2022-03-29 00:43:09,535.18
2022-03-29 00:43:14,535.18
2022-03-29 00:43:19,535.12
2022-03-29 00:43:24,535.18
2022-03-29 00:43:29,537.5137133989197
2022-03-29 00:43:34,535.18
2022-03-29 00:43:39,535.12
2022-03-29 00:43:44,537.4780314376557
2022-03-29 00:43:49,535.18
2022-03-29 00:43:54,535.12
2022-03-29 00:43:59,535.12
2022-03-29 00:44:04,535.12
2022-03-29 00:44:09,535.13
2022-03-29 00:44:14,535.12
2022-03-29 00:44:19,535.13
2022-03-29 00:44:24,537.3828795409516
2022-03-29 00:44:29,535.06
2022-03-29 00:44:34,535.13
2022-03-29 00:44:39,535.13
2022-03-29 00:44:44,535.06
2022-03-29 00:44:49,537.3234096055116
2022-03-29 00:44:54,535.13
2022-03-29 00:44:59,535.13
2022-03-29 00:45:04,535.13
2022-03-29 00:45:09,535.13
2022-03-29 00:45:14,535.07
2022-03-29 00:45:19,535.07
2022-03-29 00:45:24,535.07
2022-03-29 00:45:29,535.07
2022-03-29 00:45:34,537.2163637217196
2022-03-29 00:45:39,535.07
2022-03-29 00:45:44,537.1925757475436
2022-03-29 00:45:49,535.01
2022-03-29 00:45:54,537.1895997338066
2022-03-29 00:45:59,537.1922741190258
2022-03-29 00:46:04,537.1949485042451
2022-03-29 00:46:09,535.01
2022-03-29 00:46:14,537.2002972746835
2022-03-29 00:46:19,537.2029716599027
2022-03-29 00:46:24,534.94
2022-03-29 00:46:29,534.94
2022-03-29 00:46:34,534.95
2022-03-29 00:46:39,535.01
2022-03-29 00:46:44,537.2163435859989
2022-03-29 00:46:49,534.95
2022-03-29 00:46:54,534.95
2022-03-29 00:46:59,537.2243667416566
2022-03-29 00:47:04,534.95
2022-03-29 00:47:09,534.95
2022-03-29 00:47:14,537.2323898973142
2022-03-29 00:47:19,535.01
2022-03-29 00:47:24,535.01
2022-03-29 00:47:29,537.2404130529719
2022-03-29 00:47:34,535.01
2022-03-29 00:47:39,537.2457618234104
2022-03-29 00:47:44,535.01
2022-03-29 00:47:49,535.01
2022-03-29 00:47:54,535.01
2022-03-29 00:47:59,535.01
2022-03-29 00:48:04,535.07
2022-03-29 00:48:09,535.07
2022-03-29 00:48:14,535.07
2022-03-29 00:48:19,535.01
2022-03-29 00:48:24,535.07
2022-03-29 00:48:29,535.07
2022-03-29 00:48:34,535.07
2022-03-29 00:48:39,537.2778544460411
2022-03-29 00:48:44,535.07
2022-03-29 00:48:49,535.07
2022-03-29 00:48:54,535.07
2022-03-29 00:48:59,535.13
2022-03-29 00:49:04,535.13
2022-03-29 00:49:09,537.2939007573565
2022-03-29 00:49:14,535.13
2022-03-29 00:49:19,537.2992495277949
2022-03-29 00:49:24,537.3019239130142
2022-03-29 00:49:29,535.2
2022-03-29 00:49:34,535.23
2022-03-29 00:49:39,537.3099470686718
2022-03-29 00:49:44,535.29
2022-03-29 00:49:49,537.3152958391103
2022-03-29 00:49:54,535.36
2022-03-29 00:49:59,535.36
2022-03-29 00:50:04,535.29
2022-03-29 00:50:09,535.35
2022-03-29 00:50:14,537.3286677652064
2022-03-29 00:50:19,535.41
2022-03-29 00:50:24,537.3340165356449
2022-03-29 00:50:29,535.45
2022-03-29 00:50:34,535.45
2022-03-29 00:50:39,535.51
2022-03-29 00:50:44,537.3447140765218
2022-03-29 00:50:49,535.51
2022-03-29 00:50:54,535.51
2022-03-29 00:50:59,537.3527372321795
2022-03-29 00:51:04,535.51
2022-03-29 00:51:09,537.3580860026179
2022-03-29 00:51:14,535.57
2022-03-29 00:51:19,535.57
2022-03-29 00:51:24,535.5
2022-03-29 00:51:29,535.5
2022-03-29 00:51:34,535.5
2022-03-29 00:51:39,535.5
2022-03-29 00:51:44,535.5
2022-03-29 00:51:49,535.5
2022-03-29 00:51:54,537.382155469591
2022-03-29 00:51:59,535.4
2022-03-29 00:52:04,535.43
2022-03-29 00:52:09,535.4
2022-03-29 00:52:14,535.4
2022-03-29 00:52:19,535.4
2022-03-29 00:52:24,537.3982017809063
2022-03-29 00:52:29,535.34
2022-03-29 00:52:34,537.4035505513448
2022-03-29 00:52:39,537.4062249365641
2022-03-29 00:52:44,537.4088993217833
2022-03-29 00:52:49,535.27
2022-03-29 00:52:54,535.2
2022-03-29 00:52:59,535.2
2022-03-29 00:53:04,535.21
2022-03-29 00:53:09,535.2
2022-03-29 00:53:14,535.2
2022-03-29 00:53:19,535.2
2022-03-29 00:53:24,535.2
2022-03-29 00:53:29,535.17
2022-03-29 00:53:34,535.17
2022-03-29 00:53:39,535.17
2022-03-29 00:53:44,537.440991944414
2022-03-29 00:53:49,537.4436663296333
2022-03-29 00:53:54,535.18
2022-03-29 00:53:59,535.11
2022-03-29 00:54:04,537.4516894852909
2022-03-29 00:54:09,535.04
2022-03-29 00:54:14,535.04
2022-03-29 00:54:19,535.04
2022-03-29 00:54:24,537.4623870261678
2022-03-29 00:54:29,535.04
2022-03-29 00:54:34,537.4677357966063
2022-03-29 00:54:39,534.98
2022-03-29 00:54:44,537.4730845670448
2022-03-29 00:54:49,534.92
2022-03-29 00:54:54,537.4784333374832
2022-03-29 00:54:59,534.82
2022-03-29 00:55:04,534.82
2022-03-29 00:55:09,534.76
2022-03-29 00:55:14,534.76
2022-03-29 00:55:19,537.4918052635794
2022-03-29 00:55:24,534.76
2022-03-29 00:55:29,534.69
2022-03-29 00:55:34,534.69
2022-03-29 00:55:39,534.6
2022-03-29 00:55:44,534.66
2022-03-29 00:55:49,534.54
2022-03-29 00:55:54,534.54
2022-03-29 00:55:59,534.4
2022-03-29 00:56:04,534.47
2022-03-29 00:56:09,534.47
2022-03-29 00:56:14,537.5212235009909
2022-03-29 00:56:19,534.41
2022-03-29 00:56:24,534.38
2022-03-29 00:56:29,534.31
2022-03-29 00:56:34,534.31
2022-03-29 00:56:39,537.534595427087
2022-03-29 00:56:44,534.25
2022-03-29 00:56:49,534.32
2022-03-29 00:56:54,534.25
2022-03-29 00:56:59,534.25
2022-03-29 00:57:04,537.5479673531831
2022-03-29 00:57:09,534.19
2022-03-29 00:57:14,534.19
2022-03-29 00:57:19,534.26
2022-03-29 00:57:24,534.26
2022-03-29 00:57:29,534.19
2022-03-29 00:57:34,534.19
2022-03-29 00:57:39,534.2
2022-03-29 00:57:44,534.2
2022-03-29 00:57:49,534.19
2022-03-29 00:57:54,537.5747112053755
2022-03-29 00:57:59,534.19
2022-03-29 00:58:04,534.16
2022-03-29 00:58:09,534.16
2022-03-29 00:58:14,534.17
2022-03-29 00:58:19,534.17
2022-03-29 00:58:24,534.2
2022-03-29 00:58:29,534.2
2022-03-29 00:58:34,534.26
2022-03-29 00:58:39,534.2
2022-03-29 00:58:44,534.2
2022-03-29 00:58:49,534.26
2022-03-29 00:58:54,534.26
2022-03-29 00:58:59,537.6094782132254
2022-03-29 00:59:04,537.6121525984446
2022-03-29 00:59:09,534.39
2022-03-29 00:59:14,534.39
2022-03-29 00:59:19,534.39
2022-03-29 00:59:24,534.43
2022-03-29 00:59:29,534.43
2022-03-29 00:59:34,537.6281989097599
2022-03-29 00:59:39,534.43
2022-03-29 00:59:44,534.49
2022-03-29 00:59:49,534.55
2022-03-29 00:59:54,534.55
2022-03-29 00:59:59,534.62
2022-03-29 01:00:04,537.6562987916878
2022-03-29 01:00:09,534.62
2022-03-29 01:00:14,534.68
2022-03-29 01:00:19,534.72
2022-03-29 01:00:24,534.78
2022-03-29 01:00:29,537.6951016615618
2022-03-29 01:00:34,534.84
2022-03-29 01:00:39,534.84
2022-03-29 01:00:44,537.7183833834862
2022-03-29 01:00:49,534.93
2022-03-29 01:00:54,537.7339045314358
2022-03-29 01:00:59,535.0
2022-03-29 01:01:04,535.13
2022-03-29 01:01:09,535.19
2022-03-29 01:01:14,537.7649468273349
2022-03-29 01:01:19,537.7727074013097
2022-03-29 01:01:24,537.7804679752845
2022-03-29 01:01:29,535.41
2022-03-29 01:01:34,535.45
2022-03-29 01:01:39,535.57
2022-03-29 01:01:44,535.64
2022-03-29 01:01:49,535.7
2022-03-29 01:01:54,535.8
2022-03-29 01:01:59,535.8
2022-03-29 01:02:04,537.8425525670829
2022-03-29 01:02:09,537.8503131410577
2022-03-29 01:02:14,536.02
2022-03-29 01:02:19,536.09
2022-03-29 01:02:24,537.873594862982
2022-03-29 01:02:29,537.8813554369568
2022-03-29 01:02:34,536.21
2022-03-29 01:02:39,536.21
2022-03-29 01:02:44,537.9046371588812
2022-03-29 01:02:49,536.3
2022-03-29 01:02:54,536.3
2022-03-29 01:02:59,536.37
2022-03-29 01:03:04,536.37
2022-03-29 01:03:09,536.37
2022-03-29 01:03:14,536.37
2022-03-29 01:03:19,536.43
2022-03-29 01:03:24,536.46
2022-03-29 01:03:29,536.43
2022-03-29 01:03:34,537.9822428986291
2022-03-29 01:03:39,536.43
2022-03-29 01:03:44,536.43
2022-03-29 01:03:49,536.43
2022-03-29 01:03:54,536.43
2022-03-29 01:03:59,536.43
2022-03-29 01:04:04,536.43
2022-03-29 01:04:09,536.36
2022-03-29 01:04:14,536.36
2022-03-29 01:04:19,536.36
2022-03-29 01:04:24,538.059848638377
2022-03-29 01:04:29,538.0676092123518
2022-03-29 01:04:34,536.23
2022-03-29 01:04:39,536.23
2022-03-29 01:04:44,538.0908909342762
2022-03-29 01:04:49,536.13
2022-03-29 01:04:54,536.19
2022-03-29 01:04:59,538.1141726562006
2022-03-29 01:05:04,538.1219332301754
2022-03-29 01:05:09,535.94
2022-03-29 01:05:14,535.94
2022-03-29 01:05:19,535.9
2022-03-29 01:05:24,535.84
2022-03-29 01:05:29,535.9
2022-03-29 01:05:34,535.78
2022-03-29 01:05:39,535.77
2022-03-29 01:05:44,538.1840178219737
2022-03-29 01:05:49,535.68
2022-03-29 01:05:54,538.1995389699233
2022-03-29 01:05:59,538.2072995438981
2022-03-29 01:06:04,535.48
2022-03-29 01:06:09,535.49
2022-03-29 01:06:14,535.42
2022-03-29 01:06:19,538.2383418397973
2022-03-29 01:06:24,535.32
2022-03-29 01:06:29,538.2538629877469
2022-03-29 01:06:34,538.2616235617216
2022-03-29 01:06:39,535.26
2022-03-29 01:06:44,535.16
2022-03-29 01:06:49,535.1
2022-03-29 01:06:54,535.1
2022-03-29 01:06:59,538.3004264315956
2022-03-29 01:07:04,534.97
2022-03-29 01:07:09,534.97
2022-03-29 01:07:14,534.97
2022-03-29 01:07:19,538.3314687274948
2022-03-29 01:07:24,534.88
2022-03-29 01:07:29,534.88
2022-03-29 01:07:34,534.88
2022-03-29 01:07:39,538.362511023394
2022-03-29 01:07:44,534.81
2022-03-29 01:07:49,538.3780321713435
2022-03-29 01:07:54,534.75
2022-03-29 01:07:59,534.69
2022-03-29 01:08:04,538.4013138932679
2022-03-29 01:08:09,538.4090744672428
2022-03-29 01:08:14,538.4168350412175
2022-03-29 01:08:19,534.59
2022-03-29 01:08:24,534.59
2022-03-29 01:08:29,538.4401167631419
2022-03-29 01:08:34,534.47
2022-03-29 01:08:39,534.47
2022-03-29 01:08:44,534.47
2022-03-29 01:08:49,534.4
2022-03-29 01:08:54,534.37
2022-03-29 01:08:59,538.4866802069906
2022-03-29 01:09:04,534.37
2022-03-29 01:09:09,538.5022013549402
2022-03-29 01:09:14,534.38
2022-03-29 01:09:19,538.5177225028898
2022-03-29 01:09:24,534.31
2022-03-29 01:09:29,534.25
2022-03-29 01:09:34,534.25
2022-03-29 01:09:39,534.25
2022-03-29 01:09:44,538.5565253727638
2022-03-29 01:09:49,534.19
2022-03-29 01:09:54,534.25
2022-03-29 01:09:59,534.18
2022-03-29 01:10:04,534.15
2022-03-29 01:10:09,534.15
2022-03-29 01:10:14,538.6030888166125
2022-03-29 01:10:19,534.09
2022-03-29 01:10:24,538.6186099645621
2022-03-29 01:10:29,534.09
2022-03-29 01:10:34,534.03
2022-03-29 01:10:39,538.6418916864865
2022-03-29 01:10:44,534.09
2022-03-29 01:10:49,533.97
2022-03-29 01:10:54,533.96
2022-03-29 01:10:59,538.6729339823856
2022-03-29 01:11:04,538.6806945563605
2022-03-29 01:11:09,533.97
2022-03-29 01:11:14,533.97
2022-03-29 01:11:19,533.9
2022-03-29 01:11:24,533.9
2022-03-29 01:11:29,538.7194974262344
2022-03-29 01:11:34,533.9
2022-03-29 01:11:39,538.735018574184
2022-03-29 01:11:44,533.87
2022-03-29 01:11:49,533.87
2022-03-29 01:11:54,533.87
2022-03-29 01:11:59,533.87
2022-03-29 01:12:04,533.8
2022-03-29 01:12:09,533.81
2022-03-29 01:12:14,533.87
2022-03-29 01:12:19,533.87
2022-03-29 01:12:24,533.87
2022-03-29 01:12:29,533.9
2022-03-29 01:12:34,538.8203848879068
2022-03-29 01:12:39,533.9
2022-03-29 01:12:44,533.9
2022-03-29 01:12:49,538.8436666098312
2022-03-29 01:12:54,533.9
2022-03-29 01:12:59,533.9
2022-03-29 01:13:04,533.9
2022-03-29 01:13:09,533.9
2022-03-29 01:13:14,538.8824694797052
2022-03-29 01:13:19,538.8902300536798
2022-03-29 01:13:24,538.8979906276546
2022-03-29 01:13:29,533.86
2022-03-29 01:13:34,533.8
2022-03-29 01:13:39,538.921272349579
2022-03-29 01:13:44,533.8
2022-03-29 01:13:49,538.9367934975287
2022-03-29 01:13:54,533.67
2022-03-29 01:13:59,533.67
2022-03-29 01:14:04,533.67
2022-03-29 01:14:09,538.954208911301
2022-03-29 01:14:14,533.63
2022-03-29 01:14:19,533.57
2022-03-29 01:14:24,538.9598022248423
2022-03-29 01:14:29,533.5
2022-03-29 01:14:34,533.44
2022-03-29 01:14:39,538.9653955383835
2022-03-29 01:14:44,533.37
2022-03-29 01:14:49,533.37
2022-03-29 01:14:54,533.34
2022-03-29 01:14:59,533.27
2022-03-29 01:15:04,533.21
2022-03-29 01:15:09,533.21
2022-03-29 01:15:14,533.14
2022-03-29 01:15:19,538.9803110411602
2022-03-29 01:15:24,533.04
2022-03-29 01:15:29,533.04
2022-03-29 01:15:34,532.97
2022-03-29 01:15:39,532.97
2022-03-29 01:15:44,538.9896332303957
2022-03-29 01:15:49,532.84
2022-03-29 01:15:54,532.84
2022-03-29 01:15:59,532.81
2022-03-29 01:16:04,538.9970909817841
2022-03-29 01:16:09,532.74
2022-03-29 01:16:14,532.68
2022-03-29 01:16:19,532.74
2022-03-29 01:16:24,532.68
2022-03-29 01:16:29,532.61
2022-03-29 01:16:34,539.0082776088667
2022-03-29 01:16:39,532.61
2022-03-29 01:16:44,532.61
2022-03-29 01:16:49,532.58
2022-03-29 01:16:54,532.52
2022-03-29 01:16:59,532.52
2022-03-29 01:17:04,532.58
2022-03-29 01:17:09,532.52
2022-03-29 01:17:14,532.52
2022-03-29 01:17:19,532.45
2022-03-29 01:17:24,532.39
2022-03-29 01:17:29,532.45
2022-03-29 01:17:34,532.39
2022-03-29 01:17:39,532.39
2022-03-29 01:17:44,532.45
2022-03-29 01:17:49,539.0362441765731
2022-03-29 01:17:54,532.39
2022-03-29 01:17:59,532.39
2022-03-29 01:18:04,539.0418374901144
2022-03-29 01:18:09,539.0437019279615
2022-03-29 01:18:14,539.0455663658086
2022-03-29 01:18:19,532.32
2022-03-29 01:18:24,539.0492952415027
2022-03-29 01:18:29,532.29
2022-03-29 01:18:34,539.053024117197
2022-03-29 01:18:39,539.054888555044
2022-03-29 01:18:44,539.0567529928911
2022-03-29 01:18:49,532.23
2022-03-29 01:18:54,539.0604818685853
2022-03-29 01:18:59,539.0623463064323
2022-03-29 01:19:04,532.23
2022-03-29 01:19:09,539.0660751821266
2022-03-29 01:19:14,539.0679396199737
2022-03-29 01:19:19,532.23
2022-03-29 01:19:24,539.0716684956678
2022-03-29 01:19:29,539.0735329335149
2022-03-29 01:19:34,532.16
2022-03-29 01:19:39,532.17
2022-03-29 01:19:44,532.17
2022-03-29 01:19:49,532.17
2022-03-29 01:19:54,532.17
2022-03-29 01:19:59,539.0847195605975
2022-03-29 01:20:04,532.17
2022-03-29 01:20:09,532.17
2022-03-29 01:20:14,532.17
2022-03-29 01:20:19,532.17
2022-03-29 01:20:24,539.094041749833
2022-03-29 01:20:29,532.3
2022-03-29 01:20:34,532.3
2022-03-29 01:20:39,539.0996350633743
2022-03-29 01:20:44,532.33
2022-03-29 01:20:49,532.3
2022-03-29 01:20:54,539.1052283769155
2022-03-29 01:20:59,532.4
2022-03-29 01:21:04,532.4
2022-03-29 01:21:09,539.1108216904569
2022-03-29 01:21:14,532.53
2022-03-29 01:21:19,532.6
2022-03-29 01:21:24,532.6
2022-03-29 01:21:29,532.63
2022-03-29 01:21:34,532.69
2022-03-29 01:21:39,532.7
2022-03-29 01:21:44,532.76
2022-03-29 01:21:49,532.82
2022-03-29 01:21:54,539.1276016310807
2022-03-29 01:21:59,539.1294660689277
2022-03-29 01:22:04,539.1313305067748
2022-03-29 01:22:09,532.99
2022-03-29 01:22:14,533.06
2022-03-29 01:22:19,533.12
2022-03-29 01:22:24,533.12
2022-03-29 01:22:29,533.15
2022-03-29 01:22:34,539.1425171338574
2022-03-29 01:22:39,539.1443815717046
2022-03-29 01:22:44,533.35
2022-03-29 01:22:49,539.1481104473987
2022-03-29 01:22:54,533.35
2022-03-29 01:22:59,533.38
2022-03-29 01:23:04,539.15370376094
2022-03-29 01:23:09,533.51
2022-03-29 01:23:14,539.1574326366342
2022-03-29 01:23:19,539.1592970744813
2022-03-29 01:23:24,539.1611615123284
2022-03-29 01:23:29,533.64
2022-03-29 01:23:34,533.64
2022-03-29 01:23:39,539.1667548258696
2022-03-29 01:23:44,533.67
2022-03-29 01:23:49,533.67
2022-03-29 01:23:54,533.74
2022-03-29 01:23:59,533.67
2022-03-29 01:24:04,539.1760770151051
2022-03-29 01:24:09,539.1779414529522
2022-03-29 01:24:14,533.74
2022-03-29 01:24:19,533.8
2022-03-29 01:24:24,533.87
2022-03-29 01:24:29,539.1853992043406
2022-03-29 01:24:34,539.1872636421876
2022-03-29 01:24:39,539.1891280800347
2022-03-29 01:24:44,533.86
2022-03-29 01:24:49,533.86
2022-03-29 01:24:54,539.1947213935761
2022-03-29 01:24:59,533.86
2022-03-29 01:25:04,539.1984502692702
2022-03-29 01:25:09,539.2003147071173
2022-03-29 01:25:14,539.2021791449644
2022-03-29 01:25:19,539.2040435828116
2022-03-29 01:25:24,533.86
2022-03-29 01:25:29,533.86
2022-03-29 01:25:34,533.86
2022-03-29 01:25:39,539.2115013341999
2022-03-29 01:25:44,533.8
2022-03-29 01:25:49,533.79
2022-03-29 01:25:54,539.2170946477412
2022-03-29 01:25:59,539.2189590855883
2022-03-29 01:26:04,539.2208235234353
2022-03-29 01:26:09,533.79
2022-03-29 01:26:14,539.2245523991296
2022-03-29 01:26:19,533.66
2022-03-29 01:26:24,533.66
2022-03-29 01:26:29,533.63
2022-03-29 01:26:34,533.56
2022-03-29 01:26:39,539.233874588365
2022-03-29 01:26:44,539.2357390262121
2022-03-29 01:26:49,539.2376034640592
2022-03-29 01:26:54,539.2394679019063
2022-03-29 01:26:59,533.37
2022-03-29 01:27:04,533.33
2022-03-29 01:27:09,533.27
2022-03-29 01:27:14,533.27
2022-03-29 01:27:19,539.2487900911418
2022-03-29 01:27:24,539.2506545289889
2022-03-29 01:27:29,539.252518966836
2022-03-29 01:27:34,539.254383404683
2022-03-29 01:27:39,539.2562478425301
2022-03-29 01:27:44,532.91
2022-03-29 01:27:49,539.2599767182244
2022-03-29 01:27:54,532.84
2022-03-29 01:27:59,539.2637055939185
2022-03-29 01:28:04,532.74
2022-03-29 01:28:09,539.2688092294469
2022-03-29 01:28:14,532.61
2022-03-29 01:28:19,532.58
2022-03-29 01:28:24,532.51
2022-03-29 01:28:29,539.2806576200556
2022-03-29 01:28:34,539.2836197177078
2022-03-29 01:28:39,539.28658181536
2022-03-29 01:28:44,532.29
2022-03-29 01:28:49,532.22
2022-03-29 01:28:54,539.2954681083165
2022-03-29 01:28:59,532.09
2022-03-29 01:29:04,532.16
2022-03-29 01:29:09,532.06
2022-03-29 01:29:14,532.06
2022-03-29 01:29:19,532.06
2022-03-29 01:29:24,532.06
2022-03-29 01:29:29,539.3162027918818
2022-03-29 01:29:34,532.06
2022-03-29 01:29:39,532.06
2022-03-29 01:29:44,532.06
2022-03-29 01:29:49,539.3280511824905
2022-03-29 01:29:54,532.06
2022-03-29 01:29:59,539.3339753777949
2022-03-29 01:30:04,532.06
2022-03-29 01:30:09,539.3398995730993
2022-03-29 01:30:14,539.3428616707515
2022-03-29 01:30:19,532.09
2022-03-29 01:30:24,539.3487858660559
2022-03-29 01:30:29,532.15
2022-03-29 01:30:34,532.16
2022-03-29 01:30:39,532.22
2022-03-29 01:30:44,532.22
2022-03-29 01:30:49,539.3635963543168
2022-03-29 01:30:54,539.366558451969
2022-03-29 01:30:59,532.28
2022-03-29 01:31:04,532.32
2022-03-29 01:31:09,539.3754447449255
2022-03-29 01:31:14,532.45
2022-03-29 01:31:19,532.51
2022-03-29 01:31:24,532.45
2022-03-29 01:31:29,539.3872931355343
2022-03-29 01:31:34,532.61
2022-03-29 01:31:39,532.61
2022-03-29 01:31:44,532.67
2022-03-29 01:31:49,539.399141526143
2022-03-29 01:31:54,532.74
2022-03-29 01:31:59,532.8
2022-03-29 01:32:04,532.8
2022-03-29 01:32:09,532.8
2022-03-29 01:32:14,532.84
2022-03-29 01:32:19,539.4169141120561
2022-03-29 01:32:24,539.4198762097083
2022-03-29 01:32:29,532.84
2022-03-29 01:32:34,532.9
2022-03-29 01:32:39,532.9
2022-03-29 01:32:44,539.4317246003171
2022-03-29 01:32:49,532.97
2022-03-29 01:32:54,532.97
2022-03-29 01:32:59,532.97
2022-03-29 01:33:04,532.97
2022-03-29 01:33:09,533.04
2022-03-29 01:33:14,533.04
2022-03-29 01:33:19,539.4524592838824
2022-03-29 01:33:24,533.04
2022-03-29 01:33:29,539.4583834791868
2022-03-29 01:33:34,533.1
2022-03-29 01:33:39,533.1
2022-03-29 01:33:44,533.1
2022-03-29 01:33:49,533.1
2022-03-29 01:33:54,539.4731939674476
2022-03-29 01:33:59,539.4761560650999
2022-03-29 01:34:04,533.27
2022-03-29 01:34:09,539.4820802604042
2022-03-29 01:34:14,533.37
2022-03-29 01:34:19,539.4880044557086
2022-03-29 01:34:24,539.4909665533607
2022-03-29 01:34:29,539.493928651013
2022-03-29 01:34:34,539.4968907486651
2022-03-29 01:34:39,533.62
2022-03-29 01:34:44,533.66
2022-03-29 01:34:49,539.5057770416217
2022-03-29 01:34:54,539.5087391392739
2022-03-29 01:34:59,533.79
2022-03-29 01:35:04,539.5146633345782
2022-03-29 01:35:09,539.5176254322305
2022-03-29 01:35:14,533.95
2022-03-29 01:35:19,539.5235496275349
2022-03-29 01:35:24,534.01
2022-03-29 01:35:29,534.08
2022-03-29 01:35:34,534.18
2022-03-29 01:35:39,534.18
2022-03-29 01:35:44,539.5383601157957
2022-03-29 01:35:49,534.3
2022-03-29 01:35:54,539.5442843111001
2022-03-29 01:35:59,534.4
2022-03-29 01:36:04,534.53
2022-03-29 01:36:09,534.53
2022-03-29 01:36:14,539.5561327017089
2022-03-29 01:36:19,534.69
2022-03-29 01:36:24,539.5620568970132
2022-03-29 01:36:29,534.88
2022-03-29 01:36:34,539.5679810923176
2022-03-29 01:36:39,534.98
2022-03-29 01:36:44,535.11
2022-03-29 01:36:49,535.17
2022-03-29 01:36:54,535.27
2022-03-29 01:36:59,535.33
2022-03-29 01:37:04,535.43
2022-03-29 01:37:09,535.56
2022-03-29 01:37:14,535.62
2022-03-29 01:37:19,535.72
2022-03-29 01:37:24,535.78
2022-03-29 01:37:29,535.85
2022-03-29 01:37:34,535.94
2022-03-29 01:37:39,536.07
2022-03-29 01:37:44,536.2
2022-03-29 01:37:49,539.6124125571004
2022-03-29 01:37:54,536.36
2022-03-29 01:37:59,536.45
2022-03-29 01:38:04,536.58
2022-03-29 01:38:09,539.6242609477091
2022-03-29 01:38:14,536.74
2022-03-29 01:38:19,536.87
2022-03-29 01:38:24,539.6331472406657
2022-03-29 01:38:29,539.6361093383179
2022-03-29 01:38:34,539.6390714359701
2022-03-29 01:38:39,537.22
2022-03-29 01:38:44,537.25
2022-03-29 01:38:49,537.38
2022-03-29 01:38:54,537.45
2022-03-29 01:38:59,537.48
2022-03-29 01:39:04,537.54
2022-03-29 01:39:09,537.6
2022-03-29 01:39:14,537.67
2022-03-29 01:39:19,539.6657303148397
2022-03-29 01:39:24,537.83
2022-03-29 01:39:29,539.6716545101441
2022-03-29 01:39:34,537.89
2022-03-29 01:39:39,539.6775787054485
2022-03-29 01:39:44,537.99
2022-03-29 01:39:49,538.05
2022-03-29 01:39:54,538.12
2022-03-29 01:39:59,539.6894270960572
2022-03-29 01:40:04,538.17
2022-03-29 01:40:09,538.24
2022-03-29 01:40:14,538.27
2022-03-29 01:40:19,538.33
2022-03-29 01:40:24,538.33
2022-03-29 01:40:29,538.4
2022-03-29 01:40:34,538.46
2022-03-29 01:40:39,539.7131238772747
2022-03-29 01:40:44,538.56
2022-03-29 01:40:49,539.7190480725791
2022-03-29 01:40:54,538.56
2022-03-29 01:40:59,539.7249722678835
2022-03-29 01:41:04,538.68
2022-03-29 01:41:09,538.75
2022-03-29 01:41:14,539.73385856084
2022-03-29 01:41:19,538.85
2022-03-29 01:41:24,538.85
2022-03-29 01:41:29,539.7427448537966
2022-03-29 01:41:34,538.91
2022-03-29 01:41:39,539.748669049101
2022-03-29 01:41:44,539.7516311467531
2022-03-29 01:41:49,538.91
2022-03-29 01:41:54,538.97
2022-03-29 01:41:59,538.97
2022-03-29 01:42:04,538.97
2022-03-29 01:42:09,539.7661701864499
2022-03-29 01:42:14,538.97
2022-03-29 01:42:19,538.91
2022-03-29 01:42:24,538.91
2022-03-29 01:42:29,539.7724141238757
2022-03-29 01:42:34,539.7739751082321
2022-03-29 01:42:39,538.91
2022-03-29 01:42:44,538.84
2022-03-29 01:42:49,538.84
2022-03-29 01:42:54,538.78
2022-03-29 01:42:59,538.78
2022-03-29 01:43:04,539.7833410143708
2022-03-29 01:43:09,538.75
2022-03-29 01:43:14,538.75
2022-03-29 01:43:19,538.68
2022-03-29 01:43:24,538.62
2022-03-29 01:43:29,539.791145936153
2022-03-29 01:43:34,538.55
2022-03-29 01:43:39,538.56
2022-03-29 01:43:44,538.49
2022-03-29 01:43:49,538.49
2022-03-29 01:43:54,538.46
2022-03-29 01:43:59,538.46
2022-03-29 01:44:04,539.8020728266482
2022-03-29 01:44:09,538.33
2022-03-29 01:44:14,539.8051947953611
2022-03-29 01:44:19,538.27
2022-03-29 01:44:24,539.808316764074
2022-03-29 01:44:29,538.24
2022-03-29 01:44:34,539.8114387327869
2022-03-29 01:44:39,538.24
2022-03-29 01:44:44,538.17
2022-03-29 01:44:49,538.11
2022-03-29 01:44:54,538.11
2022-03-29 01:44:59,537.98
2022-03-29 01:45:04,538.05
2022-03-29 01:45:09,537.95
2022-03-29 01:45:14,537.95
2022-03-29 01:45:19,539.8254875919948
2022-03-29 01:45:24,537.89
2022-03-29 01:45:29,537.83
2022-03-29 01:45:34,537.83
2022-03-29 01:45:39,537.73
2022-03-29 01:45:44,537.67
2022-03-29 01:45:49,537.67
2022-03-29 01:45:54,537.67
2022-03-29 01:45:59,539.8379754668465
2022-03-29 01:46:04,539.8395364512029
2022-03-29 01:46:09,537.48
2022-03-29 01:46:14,539.8426584199158
2022-03-29 01:46:19,537.38
2022-03-29 01:46:24,537.32
2022-03-29 01:46:29,537.32
2022-03-29 01:46:34,537.22
2022-03-29 01:46:39,539.8504633416981
2022-03-29 01:46:44,537.1
2022-03-29 01:46:49,537.03
2022-03-29 01:46:54,536.97
2022-03-29 01:46:59,539.8567072791238
2022-03-29 01:47:04,536.81
2022-03-29 01:47:09,539.8598292478367
2022-03-29 01:47:14,536.71
2022-03-29 01:47:19,539.8629512165496
2022-03-29 01:47:24,539.864512200906
2022-03-29 01:47:29,536.52
2022-03-29 01:47:34,536.46
2022-03-29 01:47:39,536.42
2022-03-29 01:47:44,539.8707561383318
2022-03-29 01:47:49,539.8723171226883
2022-03-29 01:47:54,536.23
2022-03-29 01:47:59,539.8754390914012
2022-03-29 01:48:04,536.13
2022-03-29 01:48:09,539.8785610601141
2022-03-29 01:48:14,539.8801220444706
2022-03-29 01:48:19,535.94
2022-03-29 01:48:24,535.91
2022-03-29 01:48:29,535.85
2022-03-29 01:48:34,535.72
2022-03-29 01:48:39,539.8879269662527
2022-03-29 01:48:44,535.56
2022-03-29 01:48:49,539.8910489349656
2022-03-29 01:48:54,535.43
2022-03-29 01:48:59,535.4
2022-03-29 01:49:04,535.27
2022-03-29 01:49:09,535.27
2022-03-29 01:49:14,539.8988538567479
2022-03-29 01:49:19,535.11
2022-03-29 01:49:24,535.04
2022-03-29 01:49:29,534.98
2022-03-29 01:49:34,534.91
2022-03-29 01:49:39,534.81
2022-03-29 01:49:44,534.81
2022-03-29 01:49:49,539.909780747243
2022-03-29 01:49:54,539.9113417315995
2022-03-29 01:49:59,539.9129027159559
2022-03-29 01:50:04,534.59
2022-03-29 01:50:09,534.52
2022-03-29 01:50:14,534.46
2022-03-29 01:50:19,534.39
2022-03-29 01:50:24,534.36
2022-03-29 01:50:29,534.3
2022-03-29 01:50:34,534.3
2022-03-29 01:50:39,534.17
2022-03-29 01:50:44,539.9269515751639
2022-03-29 01:50:49,539.9285125595204
2022-03-29 01:50:54,534.07
2022-03-29 01:50:59,539.9316345282333
2022-03-29 01:51:04,534.0
2022-03-29 01:51:09,534.0
2022-03-29 01:51:14,539.9363174813026
2022-03-29 01:51:19,539.9378784656591
2022-03-29 01:51:24,533.94
2022-03-29 01:51:29,539.941000434372
2022-03-29 01:51:34,539.9425614187284
2022-03-29 01:51:39,533.84
2022-03-29 01:51:44,533.84
2022-03-29 01:51:49,533.77
2022-03-29 01:51:54,533.71
2022-03-29 01:51:59,533.71
2022-03-29 01:52:04,533.71
2022-03-29 01:52:09,539.9534883092235
2022-03-29 01:52:14,539.95504929358
2022-03-29 01:52:19,533.61
2022-03-29 01:52:24,539.9581712622929
2022-03-29 01:52:29,539.9597322466493
2022-03-29 01:52:34,539.9612932310058
2022-03-29 01:52:39,533.61
2022-03-29 01:52:44,533.54
2022-03-29 01:52:49,533.54
2022-03-29 01:52:54,539.9675371684316
2022-03-29 01:52:59,533.54
2022-03-29 01:53:04,539.9706591371445
2022-03-29 01:53:09,533.6
2022-03-29 01:53:14,533.54
2022-03-29 01:53:19,533.6
2022-03-29 01:53:24,533.6
2022-03-29 01:53:29,533.6
2022-03-29 01:53:34,539.9800250432831
2022-03-29 01:53:39,539.9815860276395
2022-03-29 01:53:44,533.6
2022-03-29 01:53:49,533.63
2022-03-29 01:53:54,533.63
2022-03-29 01:53:59,539.9878299650653
2022-03-29 01:54:04,539.9893909494218
2022-03-29 01:54:09,539.9909519337782
2022-03-29 01:54:14,539.9925129181347
2022-03-29 01:54:19,539.9940739024911
2022-03-29 01:54:24,533.85
2022-03-29 01:54:29,533.85
2022-03-29 01:54:34,539.9987568555605
2022-03-29 01:54:39,540.000317839917
2022-03-29 01:54:44,533.92
2022-03-29 01:54:49,540.0034398086299
2022-03-29 01:54:54,534.05
2022-03-29 01:54:59,540.0065617773428
2022-03-29 01:55:04,534.05
2022-03-29 01:55:09,534.11
2022-03-29 01:55:14,534.14
2022-03-29 01:55:19,540.0128057147685
2022-03-29 01:55:24,534.21
2022-03-29 01:55:29,540.0159276834814
2022-03-29 01:55:34,534.34
2022-03-29 01:55:39,540.0190496521943
2022-03-29 01:55:44,534.37
2022-03-29 01:55:49,534.37
2022-03-29 01:55:54,534.5
2022-03-29 01:55:59,534.5
2022-03-29 01:56:04,534.57
2022-03-29 01:56:09,534.63
2022-03-29 01:56:14,534.66
2022-03-29 01:56:19,534.66
2022-03-29 01:56:24,540.018235115813
2022-03-29 01:56:29,534.79
2022-03-29 01:56:34,534.79
2022-03-29 01:56:39,534.89
2022-03-29 01:56:44,534.95
2022-03-29 01:56:49,535.02
2022-03-29 01:56:54,535.09
2022-03-29 01:56:59,539.9804302317683
2022-03-29 01:57:04,535.18
2022-03-29 01:57:09,535.25
2022-03-29 01:57:14,535.25
2022-03-29 01:57:19,535.38
2022-03-29 01:57:24,539.953426743165
2022-03-29 01:57:29,535.41
2022-03-29 01:57:34,535.48
2022-03-29 01:57:39,539.9372246500029
2022-03-29 01:57:44,539.9318239522822
2022-03-29 01:57:49,535.67
2022-03-29 01:57:54,535.61
2022-03-29 01:57:59,535.7
2022-03-29 01:58:04,535.7
2022-03-29 01:58:09,539.9048204636789
2022-03-29 01:58:14,535.77
2022-03-29 01:58:19,539.8940190682375
2022-03-29 01:58:24,535.84
2022-03-29 01:58:29,535.84
2022-03-29 01:58:34,535.84
2022-03-29 01:58:39,535.9
2022-03-29 01:58:44,539.8670155796342
2022-03-29 01:58:49,535.9
2022-03-29 01:58:54,539.8562141841928
2022-03-29 01:58:59,539.8508134864721
2022-03-29 01:59:04,535.91
2022-03-29 01:59:09,535.94
2022-03-29 01:59:14,535.91
2022-03-29 01:59:19,535.94
2022-03-29 01:59:24,535.94
2022-03-29 01:59:29,539.8184093001481
2022-03-29 01:59:34,539.8130086024274
2022-03-29 01:59:39,535.95
2022-03-29 01:59:44,536.01
2022-03-29 01:59:49,536.01
2022-03-29 01:59:54,539.7914058115448
2022-03-29 01:59:59,535.95
2022-03-29 02:00:04,536.01
2022-03-29 02:00:09,536.01
2022-03-29 02:00:14,536.01
2022-03-29 02:00:19,535.95
2022-03-29 02:00:24,535.95
2022-03-29 02:00:29,535.95
2022-03-29 02:00:34,535.95
2022-03-29 02:00:39,535.95
2022-03-29 02:00:44,539.737398834338
2022-03-29 02:00:49,539.7319981366173
2022-03-29 02:00:54,535.85
2022-03-29 02:00:59,539.721196741176
2022-03-29 02:01:04,539.7157960434554
2022-03-29 02:01:09,539.7103953457347
2022-03-29 02:01:14,535.7
2022-03-29 02:01:19,535.63
2022-03-29 02:01:24,535.63
2022-03-29 02:01:29,535.56
2022-03-29 02:01:34,535.5
2022-03-29 02:01:39,539.6779911594106
2022-03-29 02:01:44,539.67259046169
2022-03-29 02:01:49,535.4
2022-03-29 02:01:54,535.4
2022-03-29 02:01:59,539.6563883685279
2022-03-29 02:02:04,535.27
2022-03-29 02:02:09,535.21
2022-03-29 02:02:14,539.6401862753659
2022-03-29 02:02:19,535.11
2022-03-29 02:02:24,535.05
2022-03-29 02:02:29,534.98
2022-03-29 02:02:34,539.6185834844832
2022-03-29 02:02:39,539.6131827867625
2022-03-29 02:02:44,534.88
2022-03-29 02:02:49,534.76
2022-03-29 02:02:54,534.69
2022-03-29 02:02:59,534.69
2022-03-29 02:03:04,534.6
2022-03-29 02:03:09,534.53
2022-03-29 02:03:14,534.53
2022-03-29 02:03:19,534.46
2022-03-29 02:03:24,534.37
2022-03-29 02:03:29,539.5591758095558
2022-03-29 02:03:34,534.3
2022-03-29 02:03:39,534.23
2022-03-29 02:03:44,534.17
2022-03-29 02:03:49,539.5375730186731
2022-03-29 02:03:54,539.5321723209524
2022-03-29 02:03:59,539.5267716232318
2022-03-29 02:04:04,534.01
2022-03-29 02:04:09,533.94
2022-03-29 02:04:14,533.88
2022-03-29 02:04:19,533.78
2022-03-29 02:04:24,533.78
2022-03-29 02:04:29,533.71
2022-03-29 02:04:34,533.65
2022-03-29 02:04:39,533.65
2022-03-29 02:04:44,533.62
2022-03-29 02:04:49,539.472764646025
2022-03-29 02:04:54,539.4673639483044
2022-03-29 02:04:59,533.42
2022-03-29 02:05:04,539.456562552863
2022-03-29 02:05:09,533.42
2022-03-29 02:05:14,539.4457611574217
2022-03-29 02:05:19,533.35
2022-03-29 02:05:24,539.4349597619803
2022-03-29 02:05:29,539.4295590642596
2022-03-29 02:05:34,533.32
2022-03-29 02:05:39,533.25
2022-03-29 02:05:44,533.19
2022-03-29 02:05:49,539.407956273377
2022-03-29 02:05:54,533.19
2022-03-29 02:05:59,539.3971548779356
2022-03-29 02:06:04,533.12
2022-03-29 02:06:09,533.19
2022-03-29 02:06:14,539.3809527847736
2022-03-29 02:06:19,539.3755520870529
2022-03-29 02:06:24,533.12
2022-03-29 02:06:29,533.12
2022-03-29 02:06:34,539.3593499938909
2022-03-29 02:06:39,533.18
2022-03-29 02:06:44,539.3485485984496
2022-03-29 02:06:49,533.18
2022-03-29 02:06:54,539.3377472030082
2022-03-29 02:06:59,533.18
2022-03-29 02:07:04,539.3269458075669
2022-03-29 02:07:09,539.3215451098462
2022-03-29 02:07:14,539.3161444121255
2022-03-29 02:07:19,539.3107437144049
2022-03-29 02:07:24,533.31
2022-03-29 02:07:29,539.2999423189635
2022-03-29 02:07:34,539.2945416212428
2022-03-29 02:07:39,539.2891409235222
2022-03-29 02:07:44,533.31
2022-03-29 02:07:49,533.34
2022-03-29 02:07:54,533.34
2022-03-29 02:07:59,533.34
2022-03-29 02:08:04,539.2621374349188
2022-03-29 02:08:09,533.41
2022-03-29 02:08:14,533.48
2022-03-29 02:08:19,533.48
2022-03-29 02:08:24,533.54
2022-03-29 02:08:29,533.6
2022-03-29 02:08:34,533.6
2022-03-29 02:08:39,533.64
2022-03-29 02:08:44,533.77
2022-03-29 02:08:49,539.2135311554327
2022-03-29 02:08:54,533.83
2022-03-29 02:08:59,533.83
2022-03-29 02:09:04,539.1973290622707
2022-03-29 02:09:09,533.93
2022-03-29 02:09:14,533.93
2022-03-29 02:09:19,539.1811269691087
2022-03-29 02:09:24,534.06
2022-03-29 02:09:29,539.1703255736674
2022-03-29 02:09:34,539.1649248759467
2022-03-29 02:09:39,534.16
2022-03-29 02:09:44,534.16
2022-03-29 02:09:49,539.1487227827846
2022-03-29 02:09:54,539.143322085064
2022-03-29 02:09:59,534.29
2022-03-29 02:10:04,539.1325206896227
2022-03-29 02:10:09,539.127119991902
2022-03-29 02:10:14,534.45
2022-03-29 02:10:19,534.45
2022-03-29 02:10:24,534.45
2022-03-29 02:10:29,534.52
2022-03-29 02:10:34,534.58
2022-03-29 02:10:39,534.58
2022-03-29 02:10:44,539.2430751876409
2022-03-29 02:10:49,534.65
2022-03-29 02:10:54,534.65
2022-03-29 02:10:59,534.65
2022-03-29 02:11:04,539.3426310718077
2022-03-29 02:11:09,534.75
2022-03-29 02:11:14,534.75
2022-03-29 02:11:19,539.4172979849326
2022-03-29 02:11:24,534.81
2022-03-29 02:11:29,539.4670759270159
2022-03-29 02:11:34,539.4919648980575
2022-03-29 02:11:39,534.88
2022-03-29 02:11:44,534.92
2022-03-29 02:11:49,539.5666318111824
2022-03-29 02:11:54,534.92
2022-03-29 02:11:59,534.92
2022-03-29 02:12:04,534.98
2022-03-29 02:12:09,539.666187695349
2022-03-29 02:12:14,534.98
2022-03-29 02:12:19,534.98
2022-03-29 02:12:24,534.92
2022-03-29 02:12:29,534.92
2022-03-29 02:12:34,534.92
2022-03-29 02:12:39,534.92
2022-03-29 02:12:44,539.8404104926407
2022-03-29 02:12:49,534.92
2022-03-29 02:12:54,534.92
2022-03-29 02:12:59,534.92
2022-03-29 02:13:04,534.89
2022-03-29 02:13:09,534.89
2022-03-29 02:13:14,539.9897443188905
2022-03-29 02:13:19,534.89
2022-03-29 02:13:24,534.82
2022-03-29 02:13:29,534.83
2022-03-29 02:13:34,534.82
2022-03-29 02:13:39,540.1141891740988
2022-03-29 02:13:44,534.76
2022-03-29 02:13:49,534.76
2022-03-29 02:13:54,540.1888560872237
2022-03-29 02:13:59,540.2137450582654
2022-03-29 02:14:04,534.69
2022-03-29 02:14:09,534.69
2022-03-29 02:14:14,540.2884119713904
2022-03-29 02:14:19,534.66
2022-03-29 02:14:24,534.66
2022-03-29 02:14:29,534.66
2022-03-29 02:14:34,540.3879678555569
2022-03-29 02:14:39,534.66
2022-03-29 02:14:44,540.4377457976402
2022-03-29 02:14:49,540.4626347686818
2022-03-29 02:14:54,534.59
2022-03-29 02:14:59,540.5124127107651
2022-03-29 02:15:04,534.53
2022-03-29 02:15:09,540.5621906528485
2022-03-29 02:15:14,534.4
2022-03-29 02:15:19,534.47
2022-03-29 02:15:24,534.37
2022-03-29 02:15:29,534.37
2022-03-29 02:15:34,534.36
2022-03-29 02:15:39,534.3
2022-03-29 02:15:44,534.23
2022-03-29 02:15:49,534.23
2022-03-29 02:15:54,534.17
2022-03-29 02:15:59,534.17
2022-03-29 02:16:04,534.14
2022-03-29 02:16:09,534.14
2022-03-29 02:16:14,540.8857472763899
2022-03-29 02:16:19,534.01
2022-03-29 02:16:24,533.94
2022-03-29 02:16:29,540.9604141895148
2022-03-29 02:16:34,540.9853031605566
2022-03-29 02:16:39,541.0101921315982
2022-03-29 02:16:44,533.84
2022-03-29 02:16:49,533.71
2022-03-29 02:16:54,533.65
2022-03-29 02:16:59,533.62
2022-03-29 02:17:04,533.55
2022-03-29 02:17:09,541.159525957848
2022-03-29 02:17:14,533.42
2022-03-29 02:17:19,541.2093038999315
2022-03-29 02:17:24,533.35
2022-03-29 02:17:29,533.32
2022-03-29 02:17:34,541.2839708130564
2022-03-29 02:17:39,541.308859784098
2022-03-29 02:17:44,533.19
2022-03-29 02:17:49,533.12
2022-03-29 02:17:54,533.12
2022-03-29 02:17:59,533.09
2022-03-29 02:18:04,533.09
2022-03-29 02:18:09,541.4581936103478
2022-03-29 02:18:14,541.4830825813896
2022-03-29 02:18:19,541.5079715524312
2022-03-29 02:18:24,532.96
2022-03-29 02:18:29,532.96
2022-03-29 02:18:34,532.96
2022-03-29 02:18:39,541.6075274365977
2022-03-29 02:18:44,541.6324164076394
2022-03-29 02:18:49,532.83
2022-03-29 02:18:54,532.83
2022-03-29 02:18:59,532.83
2022-03-29 02:19:04,541.7319722918061
2022-03-29 02:19:09,532.8
2022-03-29 02:19:14,532.79
2022-03-29 02:19:19,532.73
2022-03-29 02:19:24,532.67
2022-03-29 02:19:29,532.73
2022-03-29 02:19:34,532.66
2022-03-29 02:19:39,532.6
2022-03-29 02:19:44,532.6
2022-03-29 02:19:49,532.6
2022-03-29 02:19:54,532.6
2022-03-29 02:19:59,542.0057509732642
2022-03-29 02:20:04,532.57
2022-03-29 02:20:09,532.57
2022-03-29 02:20:14,542.0804178863891
2022-03-29 02:20:19,542.1053068574307
2022-03-29 02:20:24,532.57
2022-03-29 02:20:29,532.5
2022-03-29 02:20:34,532.5
2022-03-29 02:20:39,542.2048627415975
2022-03-29 02:20:44,532.5
2022-03-29 02:20:49,532.51
2022-03-29 02:20:54,532.44
2022-03-29 02:20:59,532.44
2022-03-29 02:21:04,532.38
2022-03-29 02:21:09,542.3541965678473
2022-03-29 02:21:14,542.379085538889
2022-03-29 02:21:19,542.4039745099305
2022-03-29 02:21:24,542.4288634809723
2022-03-29 02:21:29,532.28
2022-03-29 02:21:34,532.28
2022-03-29 02:21:39,532.22
2022-03-29 02:21:44,542.5284193651388
2022-03-29 02:21:49,532.16
2022-03-29 02:21:54,542.5781973072221
2022-03-29 02:21:59,532.16
2022-03-29 02:22:04,542.6279752493056
2022-03-29 02:22:09,532.09
2022-03-29 02:22:14,532.09
2022-03-29 02:22:19,542.7026421624305
2022-03-29 02:22:24,542.7275311334721
2022-03-29 02:22:29,532.06
2022-03-29 02:22:34,532.0
2022-03-29 02:22:39,532.0
2022-03-29 02:22:44,542.8270870176386
2022-03-29 02:22:49,532.0
2022-03-29 02:22:54,531.87
2022-03-29 02:22:59,542.9017539307636
2022-03-29 02:23:04,542.9266429018053
2022-03-29 02:23:09,531.81
2022-03-29 02:23:14,531.78
2022-03-29 02:23:19,531.72
2022-03-29 02:23:24,531.72
2022-03-29 02:23:29,531.59
2022-03-29 02:23:34,531.59
2022-03-29 02:23:39,531.59
2022-03-29 02:23:44,531.56
2022-03-29 02:23:49,531.5
2022-03-29 02:23:54,543.1755326122218
2022-03-29 02:23:59,543.2004215832634
2022-03-29 02:24:04,531.3
2022-03-29 02:24:09,531.3
2022-03-29 02:24:14,531.27
2022-03-29 02:24:19,543.29997746743
2022-03-29 02:24:24,531.21
2022-03-29 02:24:29,531.21
2022-03-29 02:24:34,531.15
2022-03-29 02:24:39,531.15
2022-03-29 02:24:44,531.08
2022-03-29 02:24:49,531.05
2022-03-29 02:24:54,531.05
2022-03-29 02:24:59,530.99
2022-03-29 02:25:04,530.92
2022-03-29 02:25:09,543.3002521157201
2022-03-29 02:25:14,543.2975711438914
2022-03-29 02:25:19,530.79
2022-03-29 02:25:24,530.76
2022-03-29 02:25:29,530.76
2022-03-29 02:25:34,530.76
2022-03-29 02:25:39,530.7
2022-03-29 02:25:44,543.2814853129192
2022-03-29 02:25:49,543.2788043410906
2022-03-29 02:25:54,530.63
2022-03-29 02:25:59,543.2734423974332
2022-03-29 02:26:04,530.57
2022-03-29 02:26:09,530.63
2022-03-29 02:26:14,543.265399481947
2022-03-29 02:26:19,530.63
2022-03-29 02:26:24,530.63
2022-03-29 02:26:29,530.57
2022-03-29 02:26:34,543.2546755946323
2022-03-29 02:26:39,530.63
2022-03-29 02:26:44,530.7
2022-03-29 02:26:49,543.2466326791463
2022-03-29 02:26:54,530.63
2022-03-29 02:26:59,530.7
2022-03-29 02:27:04,543.2385897636601
2022-03-29 02:27:09,543.2359087918314
2022-03-29 02:27:14,530.7
2022-03-29 02:27:19,530.69
2022-03-29 02:27:24,530.69
2022-03-29 02:27:29,530.69
2022-03-29 02:27:34,530.69
2022-03-29 02:27:39,530.75
2022-03-29 02:27:44,530.79
2022-03-29 02:27:49,543.2144610172019
2022-03-29 02:27:54,530.85
2022-03-29 02:27:59,530.92
2022-03-29 02:28:04,543.2064181017158
2022-03-29 02:28:09,530.98
2022-03-29 02:28:14,530.91
2022-03-29 02:28:19,530.98
2022-03-29 02:28:24,531.04
2022-03-29 02:28:29,531.04
2022-03-29 02:28:34,543.1903322707436
2022-03-29 02:28:39,531.07
2022-03-29 02:28:44,543.1849703270863
2022-03-29 02:28:49,531.2
2022-03-29 02:28:54,543.1796083834288
2022-03-29 02:28:59,531.3
2022-03-29 02:29:04,531.36
2022-03-29 02:29:09,531.42
2022-03-29 02:29:14,543.1688844961141
2022-03-29 02:29:19,531.55
2022-03-29 02:29:24,531.58
2022-03-29 02:29:29,531.64
2022-03-29 02:29:34,531.77
2022-03-29 02:29:39,531.8
2022-03-29 02:29:44,531.87
2022-03-29 02:29:49,531.99
2022-03-29 02:29:54,532.06
2022-03-29 02:29:59,532.09
2022-03-29 02:30:04,532.16
2022-03-29 02:30:09,543.1393938059985
2022-03-29 02:30:14,543.1367128341698
2022-03-29 02:30:19,532.38
2022-03-29 02:30:24,532.44
2022-03-29 02:30:29,543.1286699186836
2022-03-29 02:30:34,532.6
2022-03-29 02:30:39,532.67
2022-03-29 02:30:44,532.79
2022-03-29 02:30:49,532.89
2022-03-29 02:30:54,532.95
2022-03-29 02:30:59,532.95
2022-03-29 02:31:04,543.1099031158827
2022-03-29 02:31:09,543.107222144054
2022-03-29 02:31:14,533.18
2022-03-29 02:31:19,533.24
2022-03-29 02:31:24,543.099179228568
2022-03-29 02:31:29,543.0964982567393
2022-03-29 02:31:34,543.0938172849106
2022-03-29 02:31:39,543.0911363130818
2022-03-29 02:31:44,533.46
2022-03-29 02:31:49,533.53
2022-03-29 02:31:54,533.53
2022-03-29 02:31:59,533.59
2022-03-29 02:32:04,543.0777314539384
2022-03-29 02:32:09,533.63
2022-03-29 02:32:14,543.0723695102811
2022-03-29 02:32:19,533.69
2022-03-29 02:32:24,533.75
2022-03-29 02:32:29,533.75
2022-03-29 02:32:34,543.0616456229662
2022-03-29 02:32:39,533.82
2022-03-29 02:32:44,543.0562836793089
2022-03-29 02:32:49,533.82
2022-03-29 02:32:54,533.85
2022-03-29 02:32:59,533.91
2022-03-29 02:33:04,533.85
2022-03-29 02:33:09,533.91
2022-03-29 02:33:14,533.92
2022-03-29 02:33:19,533.92
2022-03-29 02:33:24,543.0348359046793
2022-03-29 02:33:29,533.91
2022-03-29 02:33:34,543.029473961022
2022-03-29 02:33:39,533.91
2022-03-29 02:33:44,533.92
2022-03-29 02:33:49,533.92
2022-03-29 02:33:54,543.0187500737071
2022-03-29 02:33:59,533.92
2022-03-29 02:34:04,543.0133881300497
2022-03-29 02:34:09,533.85
2022-03-29 02:34:14,543.0080261863924
2022-03-29 02:34:19,543.0053452145636
2022-03-29 02:34:24,533.82
2022-03-29 02:34:29,533.82
2022-03-29 02:34:34,533.82
2022-03-29 02:34:39,542.9946213272489
2022-03-29 02:34:44,533.76
2022-03-29 02:34:49,542.9892593835915
2022-03-29 02:34:54,533.7
2022-03-29 02:34:59,533.7
2022-03-29 02:35:04,533.63
2022-03-29 02:35:09,533.64
2022-03-29 02:35:14,533.64
2022-03-29 02:35:19,542.9731735526193
2022-03-29 02:35:24,533.6
2022-03-29 02:35:29,533.6
2022-03-29 02:35:34,533.61
2022-03-29 02:35:39,533.54
2022-03-29 02:35:44,533.48
2022-03-29 02:35:49,542.9570877216471
2022-03-29 02:35:54,542.9544067498184
2022-03-29 02:35:59,542.9517257779897
2022-03-29 02:36:04,533.35
2022-03-29 02:36:09,533.32
2022-03-29 02:36:14,542.9436828625037
2022-03-29 02:36:19,533.26
2022-03-29 02:36:24,533.19
2022-03-29 02:36:29,533.2
2022-03-29 02:36:34,542.9329589751889
2022-03-29 02:36:39,533.1
2022-03-29 02:36:44,542.9275970315315
2022-03-29 02:36:49,533.03
2022-03-29 02:36:54,532.97
2022-03-29 02:36:59,532.97
2022-03-29 02:37:04,542.9168731442167
2022-03-29 02:37:09,542.914192172388
2022-03-29 02:37:14,532.97
2022-03-29 02:37:19,542.9088302287306
2022-03-29 02:37:24,542.9061492569019
2022-03-29 02:37:29,532.84
2022-03-29 02:37:34,532.84
2022-03-29 02:37:39,542.8981063414158
2022-03-29 02:37:44,542.8954253695871
2022-03-29 02:37:49,532.84
2022-03-29 02:37:54,532.84
2022-03-29 02:37:59,542.887382454101
2022-03-29 02:38:04,532.81
2022-03-29 02:38:09,542.8820205104437
2022-03-29 02:38:14,532.84
2022-03-29 02:38:19,532.84
2022-03-29 02:38:24,532.84
2022-03-29 02:38:29,542.8712966231288
2022-03-29 02:38:34,532.84
2022-03-29 02:38:39,532.81
2022-03-29 02:38:44,542.8779735731522
2022-03-29 02:38:49,542.8802673706855
2022-03-29 02:38:54,542.8825611682188
2022-03-29 02:38:59,532.84
2022-03-29 02:39:04,532.84
2022-03-29 02:39:09,532.84
2022-03-29 02:39:14,542.8917363583519
2022-03-29 02:39:19,532.91
2022-03-29 02:39:24,532.91
2022-03-29 02:39:29,532.97
2022-03-29 02:39:34,532.97
2022-03-29 02:39:39,542.9032053460184
2022-03-29 02:39:44,542.9054991435517
2022-03-29 02:39:49,533.1
2022-03-29 02:39:54,533.13
2022-03-29 02:39:59,533.13
2022-03-29 02:40:04,542.9146743336847
2022-03-29 02:40:09,533.2
2022-03-29 02:40:14,533.26
2022-03-29 02:40:19,533.26
2022-03-29 02:40:24,542.9238495238179
2022-03-29 02:40:29,542.9261433213512
2022-03-29 02:40:34,533.42
2022-03-29 02:40:39,533.48
2022-03-29 02:40:44,533.54
2022-03-29 02:40:49,533.6
2022-03-29 02:40:54,533.64
2022-03-29 02:40:59,533.7
2022-03-29 02:41:04,533.7
2022-03-29 02:41:09,533.76
2022-03-29 02:41:14,533.83
2022-03-29 02:41:19,533.86
2022-03-29 02:41:24,542.9513750942173
2022-03-29 02:41:29,542.9536688917506
2022-03-29 02:41:34,534.05
2022-03-29 02:41:39,534.11
2022-03-29 02:41:44,542.9605502843505
2022-03-29 02:41:49,534.21
2022-03-29 02:41:54,542.965137879417
2022-03-29 02:41:59,542.9674316769502
2022-03-29 02:42:04,534.34
2022-03-29 02:42:09,534.37
2022-03-29 02:42:14,534.43
2022-03-29 02:42:19,542.9766068670834
2022-03-29 02:42:24,534.56
2022-03-29 02:42:29,542.98119446215
2022-03-29 02:42:34,534.62
2022-03-29 02:42:39,534.62
2022-03-29 02:42:44,534.65
2022-03-29 02:42:49,534.71
2022-03-29 02:42:54,542.9926634498164
2022-03-29 02:42:59,534.78
2022-03-29 02:43:04,542.997251044883
2022-03-29 02:43:09,534.84
2022-03-29 02:43:14,543.0018386399495
2022-03-29 02:43:19,534.87
2022-03-29 02:43:24,534.87
2022-03-29 02:43:29,534.87
2022-03-29 02:43:34,534.94
2022-03-29 02:43:39,534.87
2022-03-29 02:43:44,543.0156014251493
2022-03-29 02:43:49,534.94
2022-03-29 02:43:54,534.87
2022-03-29 02:43:59,534.94
2022-03-29 02:44:04,543.0247766152823
2022-03-29 02:44:09,534.94
2022-03-29 02:44:14,534.94
2022-03-29 02:44:19,543.0316580078822
2022-03-29 02:44:24,543.0339518054155
2022-03-29 02:44:29,534.93
2022-03-29 02:44:34,543.0385394004821
2022-03-29 02:44:39,543.0408331980153
2022-03-29 02:44:44,543.0431269955486
2022-03-29 02:44:49,543.0454207930819
2022-03-29 02:44:54,543.0477145906152
2022-03-29 02:44:59,534.93
2022-03-29 02:45:04,534.93
2022-03-29 02:45:09,534.93
2022-03-29 02:45:14,534.93
2022-03-29 02:45:19,534.93
2022-03-29 02:45:24,534.93
2022-03-29 02:45:29,543.0637711733482
2022-03-29 02:45:34,543.0660649708815
2022-03-29 02:45:39,534.87
2022-03-29 02:45:44,534.87
2022-03-29 02:45:49,534.87
2022-03-29 02:45:54,534.84
2022-03-29 02:45:59,534.84
2022-03-29 02:46:04,534.84
2022-03-29 02:46:09,543.0821215536145
2022-03-29 02:46:14,534.78
2022-03-29 02:46:19,534.78
2022-03-29 02:46:24,543.0890029462144
2022-03-29 02:46:29,543.0912967437476
2022-03-29 02:46:34,534.71
2022-03-29 02:46:39,534.71
2022-03-29 02:46:44,534.65
2022-03-29 02:46:49,543.1004719338807
2022-03-29 02:46:54,543.102765731414
2022-03-29 02:46:59,543.1050595289473
2022-03-29 02:47:04,534.62
2022-03-29 02:47:09,543.1096471240139
2022-03-29 02:47:14,543.1119409215472
2022-03-29 02:47:19,543.1142347190805
2022-03-29 02:47:24,534.56
2022-03-29 02:47:29,534.56
2022-03-29 02:47:34,534.56
2022-03-29 02:47:39,534.49
2022-03-29 02:47:44,534.43
2022-03-29 02:47:49,534.43
2022-03-29 02:47:54,534.43
2022-03-29 02:47:59,534.37
2022-03-29 02:48:04,534.34
2022-03-29 02:48:09,534.34
2022-03-29 02:48:14,534.27
2022-03-29 02:48:19,543.1417602894799
2022-03-29 02:48:24,543.1440540870132
2022-03-29 02:48:29,543.1463478845465
2022-03-29 02:48:34,534.11
2022-03-29 02:48:39,543.150935479613
2022-03-29 02:48:44,534.05
2022-03-29 02:48:49,534.05
2022-03-29 02:48:54,543.1578168722128
2022-03-29 02:48:59,533.92
2022-03-29 02:49:04,543.1624044672794
2022-03-29 02:49:09,533.86
2022-03-29 02:49:14,533.86
2022-03-29 02:49:19,543.1692858598793
2022-03-29 02:49:24,543.1715796574126
2022-03-29 02:49:29,533.7
2022-03-29 02:49:34,533.63
2022-03-29 02:49:39,543.1784610500124
2022-03-29 02:49:44,543.1807548475457
2022-03-29 02:49:49,533.6
2022-03-29 02:49:54,533.48
2022-03-29 02:49:59,533.48
2022-03-29 02:50:04,533.41
2022-03-29 02:50:09,533.41
2022-03-29 02:50:14,533.35
2022-03-29 02:50:19,543.1968114302787
2022-03-29 02:50:24,533.25
2022-03-29 02:50:29,533.25
2022-03-29 02:50:34,543.2036928228786
2022-03-29 02:50:39,533.12
2022-03-29 02:50:44,533.02
2022-03-29 02:50:49,543.2105742154783
2022-03-29 02:50:54,532.96
2022-03-29 02:50:59,532.9
2022-03-29 02:51:04,543.2174556080782
2022-03-29 02:51:09,532.83
2022-03-29 02:51:14,532.8
2022-03-29 02:51:19,532.67
2022-03-29 02:51:24,532.74
2022-03-29 02:51:29,543.2289245957446
2022-03-29 02:51:34,532.61
2022-03-29 02:51:39,532.57
2022-03-29 02:51:44,532.44
2022-03-29 02:51:49,543.2380997858778
2022-03-29 02:51:54,532.38
2022-03-29 02:51:59,543.2426873809444
2022-03-29 02:52:04,532.31
2022-03-29 02:52:09,532.28
2022-03-29 02:52:14,532.28
2022-03-29 02:52:19,543.2518625710775
2022-03-29 02:52:24,543.2541563686108
2022-03-29 02:52:29,532.15
2022-03-29 02:52:34,532.09
2022-03-29 02:52:39,532.05
2022-03-29 02:52:44,531.99
2022-03-29 02:52:49,531.99
2022-03-29 02:52:54,531.92
2022-03-29 02:52:59,531.92
2022-03-29 02:53:04,531.86
2022-03-29 02:53:09,531.79
2022-03-29 02:53:14,543.3146201029242
2022-03-29 02:53:19,543.321663878867
2022-03-29 02:53:24,531.76
2022-03-29 02:53:29,531.69
2022-03-29 02:53:34,531.63
2022-03-29 02:53:39,531.63
2022-03-29 02:53:44,531.63
2022-03-29 02:53:49,543.3639265345236
2022-03-29 02:53:54,531.56
2022-03-29 02:53:59,531.53
2022-03-29 02:54:04,531.53
2022-03-29 02:54:09,543.3921016382947
2022-03-29 02:54:14,543.3991454142374
2022-03-29 02:54:19,531.39
2022-03-29 02:54:24,531.33
2022-03-29 02:54:29,543.4202767420657
2022-03-29 02:54:34,543.4273205180084
2022-03-29 02:54:39,531.27
2022-03-29 02:54:44,531.26
2022-03-29 02:54:49,531.23
2022-03-29 02:54:54,531.23
2022-03-29 02:54:59,531.23
2022-03-29 02:55:04,531.16
2022-03-29 02:55:09,531.16
2022-03-29 02:55:14,531.16
2022-03-29 02:55:19,531.16
2022-03-29 02:55:24,543.4977582774361
2022-03-29 02:55:29,531.16
2022-03-29 02:55:34,531.16
2022-03-29 02:55:39,531.1
2022-03-29 02:55:44,531.1
2022-03-29 02:55:49,531.1
2022-03-29 02:55:54,543.5400209330927
2022-03-29 02:55:59,543.5470647090355
2022-03-29 02:56:04,543.5541084849782
2022-03-29 02:56:09,543.561152260921
2022-03-29 02:56:14,531.1
2022-03-29 02:56:19,531.03
2022-03-29 02:56:24,543.5822835887492
2022-03-29 02:56:29,543.5893273646919
2022-03-29 02:56:34,531.09
2022-03-29 02:56:39,531.03
2022-03-29 02:56:44,531.09
2022-03-29 02:56:49,531.09
2022-03-29 02:56:54,531.03
2022-03-29 02:56:59,531.09
2022-03-29 02:57:04,531.09
2022-03-29 02:57:09,531.16
2022-03-29 02:57:14,531.16
2022-03-29 02:57:19,531.15
2022-03-29 02:57:24,543.6668089000624
2022-03-29 02:57:29,531.09
2022-03-29 02:57:34,531.16
2022-03-29 02:57:39,531.16
2022-03-29 02:57:44,531.22
2022-03-29 02:57:49,531.22
2022-03-29 02:57:54,531.22
2022-03-29 02:57:59,531.22
2022-03-29 02:58:04,531.25
2022-03-29 02:58:09,543.7302028835472
2022-03-29 02:58:14,543.7372466594901
2022-03-29 02:58:19,531.25
2022-03-29 02:58:24,531.32
2022-03-29 02:58:29,531.38
2022-03-29 02:58:34,531.32
2022-03-29 02:58:39,531.38
2022-03-29 02:58:44,543.7795093151466
2022-03-29 02:58:49,531.45
2022-03-29 02:58:54,531.38
2022-03-29 02:58:59,531.45
2022-03-29 02:59:04,531.45
2022-03-29 02:59:09,531.45
2022-03-29 02:59:14,543.8217719708032
2022-03-29 02:59:19,531.45
2022-03-29 02:59:24,531.52
2022-03-29 02:59:29,543.8429032986315
2022-03-29 02:59:34,531.45
2022-03-29 02:59:39,531.52
2022-03-29 02:59:44,531.52
2022-03-29 02:59:49,531.52
2022-03-29 02:59:54,531.52
2022-03-29 02:59:59,543.8851659542881
2022-03-29 03:00:04,531.52
2022-03-29 03:00:09,531.55
2022-03-29 03:00:14,531.62
2022-03-29 03:00:19,531.62
2022-03-29 03:00:24,543.9203848340019
2022-03-29 03:00:29,543.9274286099446
2022-03-29 03:00:34,531.75
2022-03-29 03:00:39,531.75
2022-03-29 03:00:44,531.75
2022-03-29 03:00:49,531.85
2022-03-29 03:00:54,531.85
2022-03-29 03:00:59,543.9696912656012
2022-03-29 03:01:04,543.9767350415441
2022-03-29 03:01:09,543.9837788174868
2022-03-29 03:01:14,532.05
2022-03-29 03:01:19,532.05
2022-03-29 03:01:24,532.08
2022-03-29 03:01:29,532.15
2022-03-29 03:01:34,544.0189976972006
2022-03-29 03:01:39,532.15
2022-03-29 03:01:44,532.21
2022-03-29 03:01:49,544.0401290250289
2022-03-29 03:01:54,544.0471728009717
2022-03-29 03:01:59,532.37
2022-03-29 03:02:04,532.37
2022-03-29 03:02:09,544.0683041287999
2022-03-29 03:02:14,544.0753479047427
2022-03-29 03:02:19,544.0823916806855
2022-03-29 03:02:24,544.0894354566283
2022-03-29 03:02:29,532.67
2022-03-29 03:02:34,532.67
2022-03-29 03:02:39,544.1105667844565
2022-03-29 03:02:44,544.1176105603993
2022-03-29 03:02:49,532.83
2022-03-29 03:02:54,532.9
2022-03-29 03:02:59,532.96
2022-03-29 03:03:04,544.1457856641704
2022-03-29 03:03:09,533.02
2022-03-29 03:03:14,544.1598732160559
2022-03-29 03:03:19,544.1669169919986
2022-03-29 03:03:24,544.1739607679414
2022-03-29 03:03:29,533.12
2022-03-29 03:03:34,533.18
2022-03-29 03:03:39,533.19
2022-03-29 03:03:44,544.2021358717125
2022-03-29 03:03:49,533.25
2022-03-29 03:03:54,533.25
2022-03-29 03:03:59,533.31
2022-03-29 03:04:04,533.35
2022-03-29 03:04:09,544.2373547514263
2022-03-29 03:04:14,533.35
2022-03-29 03:04:19,533.35
2022-03-29 03:04:24,533.35
2022-03-29 03:04:29,544.2655298551973
2022-03-29 03:04:34,533.41
2022-03-29 03:04:39,533.47
2022-03-29 03:04:44,544.2866611830257
2022-03-29 03:04:49,533.47
2022-03-29 03:04:54,544.3007487349112
2022-03-29 03:04:59,533.47
2022-03-29 03:05:04,533.47
2022-03-29 03:05:09,533.47
2022-03-29 03:05:14,533.54
2022-03-29 03:05:19,533.54
2022-03-29 03:05:24,544.3430113905678
2022-03-29 03:05:29,533.53
2022-03-29 03:05:34,533.53
2022-03-29 03:05:39,533.6
2022-03-29 03:05:44,533.6
2022-03-29 03:05:49,544.3782302702815
2022-03-29 03:05:54,544.3852740462244
2022-03-29 03:05:59,533.63
2022-03-29 03:06:04,533.63
2022-03-29 03:06:09,533.63
2022-03-29 03:06:14,533.63
2022-03-29 03:06:19,533.69
2022-03-29 03:06:24,533.69
2022-03-29 03:06:29,544.4345804778237
2022-03-29 03:06:34,544.4416242537665
2022-03-29 03:06:39,544.4486680297092
2022-03-29 03:06:44,533.69
2022-03-29 03:06:49,544.3491965219353
2022-03-29 03:06:54,533.68
2022-03-29 03:06:59,533.68
2022-03-29 03:07:04,544.1853267461951
2022-03-29 03:07:09,533.69
2022-03-29 03:07:14,544.0760802290349
2022-03-29 03:07:19,533.68
2022-03-29 03:07:24,533.75
2022-03-29 03:07:29,533.75
2022-03-29 03:07:34,533.68
2022-03-29 03:07:39,533.68
2022-03-29 03:07:44,533.68
2022-03-29 03:07:49,533.68
2022-03-29 03:07:54,533.68
2022-03-29 03:07:59,533.62
2022-03-29 03:08:04,533.68
2022-03-29 03:08:09,543.4752243846541
2022-03-29 03:08:14,533.62
2022-03-29 03:08:19,533.68
2022-03-29 03:08:24,533.62
2022-03-29 03:08:29,533.62
2022-03-29 03:08:34,533.62
2022-03-29 03:08:39,533.58
2022-03-29 03:08:44,543.0928615745937
2022-03-29 03:08:49,533.58
2022-03-29 03:08:54,533.58
2022-03-29 03:08:59,533.58
2022-03-29 03:09:04,542.8743685402733
2022-03-29 03:09:09,542.8197452816934
2022-03-29 03:09:14,542.7651220231133
2022-03-29 03:09:19,533.58
2022-03-29 03:09:24,542.6558755059532
2022-03-29 03:09:29,533.61
2022-03-29 03:09:34,542.5466289887929
2022-03-29 03:09:39,533.61
2022-03-29 03:09:44,542.437382471633
2022-03-29 03:09:49,533.61
2022-03-29 03:09:54,533.61
2022-03-29 03:09:59,542.2735126958926
2022-03-29 03:10:04,533.67
2022-03-29 03:10:09,533.67
2022-03-29 03:10:14,533.67
2022-03-29 03:10:19,533.67
2022-03-29 03:10:24,533.74
2022-03-29 03:10:29,533.67
2022-03-29 03:10:34,533.74
2022-03-29 03:10:39,533.8
2022-03-29 03:10:44,541.781903368672
2022-03-29 03:10:49,533.8
2022-03-29 03:10:54,533.84
2022-03-29 03:10:59,533.84
2022-03-29 03:11:04,541.5634103343518
2022-03-29 03:11:09,533.9
2022-03-29 03:11:14,541.4541638171916
2022-03-29 03:11:19,533.9
2022-03-29 03:11:24,533.97
2022-03-29 03:11:29,534.03
2022-03-29 03:11:34,534.03
2022-03-29 03:11:39,541.1810475242914
2022-03-29 03:11:44,541.1264242657112
2022-03-29 03:11:49,541.0718010071313
2022-03-29 03:11:54,534.2
2022-03-29 03:11:59,540.962554489971
2022-03-29 03:12:04,534.26
2022-03-29 03:12:09,540.8533079728109
2022-03-29 03:12:14,540.7986847142308
2022-03-29 03:12:19,534.36
2022-03-29 03:12:24,534.42
2022-03-29 03:12:29,534.42
2022-03-29 03:12:34,540.5801916799107
2022-03-29 03:12:39,534.55
2022-03-29 03:12:44,534.62
2022-03-29 03:12:49,534.62
2022-03-29 03:12:54,540.3616986455903
2022-03-29 03:12:59,534.65
2022-03-29 03:13:04,534.66
2022-03-29 03:13:09,540.1978288698501
2022-03-29 03:13:14,534.78
2022-03-29 03:13:19,534.78
2022-03-29 03:13:24,534.85
2022-03-29 03:13:29,534.85
2022-03-29 03:13:34,539.92471257695
2022-03-29 03:13:39,539.8700893183698
2022-03-29 03:13:44,535.01
2022-03-29 03:13:49,539.7608428012097
2022-03-29 03:13:54,539.7062195426296
2022-03-29 03:13:59,535.08
2022-03-29 03:14:04,539.5969730254695
2022-03-29 03:14:09,535.24
2022-03-29 03:14:14,535.18
2022-03-29 03:14:19,539.4331032497291
2022-03-29 03:14:24,535.31
2022-03-29 03:14:29,535.37
2022-03-29 03:14:34,535.41
2022-03-29 03:14:39,539.2146102154089
2022-03-29 03:14:44,539.159986956829
2022-03-29 03:14:49,535.53
2022-03-29 03:14:54,535.6
2022-03-29 03:14:59,538.9961171810888
2022-03-29 03:15:04,535.7
2022-03-29 03:15:09,535.7
2022-03-29 03:15:14,538.8322474053487
2022-03-29 03:15:19,535.83
2022-03-29 03:15:24,538.7230008881884
2022-03-29 03:15:29,535.89
2022-03-29 03:15:34,535.93
2022-03-29 03:15:39,535.99
2022-03-29 03:15:44,535.99
2022-03-29 03:15:49,536.05
2022-03-29 03:15:54,536.12
2022-03-29 03:15:59,536.12
2022-03-29 03:16:04,536.18
2022-03-29 03:16:09,538.2313915609678
2022-03-29 03:16:14,536.22
2022-03-29 03:16:19,536.22
2022-03-29 03:16:24,536.28
2022-03-29 03:16:29,536.28
2022-03-29 03:16:34,537.9582752680675
2022-03-29 03:16:39,536.34
2022-03-29 03:16:44,536.41
2022-03-29 03:16:49,536.41
2022-03-29 03:16:54,536.44
2022-03-29 03:16:59,536.44
2022-03-29 03:17:04,537.6305357165871
2022-03-29 03:17:09,536.51
2022-03-29 03:17:14,537.5212891994269
2022-03-29 03:17:19,537.466665940847
2022-03-29 03:17:24,536.63
2022-03-29 03:17:29,537.3574194236867
2022-03-29 03:17:34,536.63
2022-03-29 03:17:39,536.7
2022-03-29 03:17:44,537.1935496479465
2022-03-29 03:17:49,536.72
2022-03-29 03:17:54,536.79
2022-03-29 03:17:59,536.85
2022-03-29 03:18:04,536.9750566136263
2022-03-29 03:18:09,536.85
2022-03-29 03:18:14,536.91
2022-03-29 03:18:19,536.94
2022-03-29 03:18:24,537.01
2022-03-29 03:18:29,537.07
2022-03-29 03:18:34,537.01
2022-03-29 03:18:39,537.07
2022-03-29 03:18:44,536.5380705449858
2022-03-29 03:18:49,537.14
2022-03-29 03:18:54,537.2
2022-03-29 03:18:59,537.23
2022-03-29 03:19:04,537.19
2022-03-29 03:19:09,537.23
2022-03-29 03:19:14,537.23
2022-03-29 03:19:19,536.1557077349254
2022-03-29 03:19:24,537.23
2022-03-29 03:19:29,537.29
2022-03-29 03:19:34,537.22
2022-03-29 03:19:39,535.937214700605
2022-03-29 03:19:44,537.22
2022-03-29 03:19:49,537.29
2022-03-29 03:19:54,537.29
2022-03-29 03:19:59,535.7187216662849
2022-03-29 03:20:04,537.35
2022-03-29 03:20:09,535.6094751491246
2022-03-29 03:20:14,537.35
2022-03-29 03:20:19,535.5002286319647
2022-03-29 03:20:24,537.34
2022-03-29 03:20:29,537.28
2022-03-29 03:20:34,535.3363588562245
2022-03-29 03:20:39,535.2817355976442
2022-03-29 03:20:44,537.28
2022-03-29 03:20:49,535.2197150284659
2022-03-29 03:20:54,535.2254229184322
2022-03-29 03:20:59,537.21
2022-03-29 03:21:04,537.21
2022-03-29 03:21:09,537.18
2022-03-29 03:21:14,535.2482544782978
2022-03-29 03:21:19,537.11
2022-03-29 03:21:24,537.12
2022-03-29 03:21:29,537.11
2022-03-29 03:21:34,537.05
2022-03-29 03:21:39,537.11
2022-03-29 03:21:44,537.05
2022-03-29 03:21:49,535.2882097080625
2022-03-29 03:21:54,537.05
2022-03-29 03:21:59,537.04
2022-03-29 03:22:04,536.98
2022-03-29 03:22:09,536.92
2022-03-29 03:22:14,535.3167491578944
2022-03-29 03:22:19,535.3224570478608
2022-03-29 03:22:24,535.3281649378272
2022-03-29 03:22:29,535.3338728277935
2022-03-29 03:22:34,536.82
2022-03-29 03:22:39,536.82
2022-03-29 03:22:44,536.82
2022-03-29 03:22:49,536.75
2022-03-29 03:22:54,536.75
2022-03-29 03:22:59,536.69
2022-03-29 03:23:04,536.66
2022-03-29 03:23:09,536.69
2022-03-29 03:23:14,536.6
2022-03-29 03:23:19,536.6
2022-03-29 03:23:24,535.3966596174238
2022-03-29 03:23:29,536.66
2022-03-29 03:23:34,536.53
2022-03-29 03:23:39,536.53
2022-03-29 03:23:44,536.47
2022-03-29 03:23:49,535.4251990672557
2022-03-29 03:23:54,536.47
2022-03-29 03:23:59,535.4366148471885
2022-03-29 03:24:04,535.4423227371549
2022-03-29 03:24:09,536.4
2022-03-29 03:24:14,536.41
2022-03-29 03:24:19,536.4
2022-03-29 03:24:24,535.4651542970204
2022-03-29 03:24:29,536.37
2022-03-29 03:24:34,535.4765700769532
2022-03-29 03:24:39,535.4822779669195
2022-03-29 03:24:44,536.31
2022-03-29 03:24:49,536.38
2022-03-29 03:24:54,535.4994016368187
2022-03-29 03:24:59,536.31
2022-03-29 03:25:04,536.38
2022-03-29 03:25:09,535.5165253067179
2022-03-29 03:25:14,535.5222331966843
2022-03-29 03:25:19,535.5279410866506
2022-03-29 03:25:24,536.38
2022-03-29 03:25:29,536.32
2022-03-29 03:25:34,535.5450647565498
2022-03-29 03:25:39,535.5507726465162
2022-03-29 03:25:44,536.32
2022-03-29 03:25:49,536.32
2022-03-29 03:25:54,536.32
2022-03-29 03:25:59,536.32
2022-03-29 03:26:04,536.32
2022-03-29 03:26:09,535.5850199863145
2022-03-29 03:26:14,536.39
2022-03-29 03:26:19,535.5964357662472
2022-03-29 03:26:24,536.39
2022-03-29 03:26:29,536.39
2022-03-29 03:26:34,536.39
2022-03-29 03:26:39,536.42
2022-03-29 03:26:44,536.39
2022-03-29 03:26:49,535.6306831060456
2022-03-29 03:26:54,536.39
2022-03-29 03:26:59,536.39
2022-03-29 03:27:04,536.42
2022-03-29 03:27:09,535.6535146659111
2022-03-29 03:27:14,535.6592225558775
2022-03-29 03:27:19,536.39
2022-03-29 03:27:24,536.43
2022-03-29 03:27:29,536.39
2022-03-29 03:27:34,536.39
2022-03-29 03:27:39,536.4
2022-03-29 03:27:44,536.33
2022-03-29 03:27:49,535.6991777856422
2022-03-29 03:27:54,536.4
2022-03-29 03:27:59,536.33
2022-03-29 03:28:04,535.7163014555414
2022-03-29 03:28:09,535.7220093455077
2022-03-29 03:28:14,536.33
2022-03-29 03:28:19,536.33
2022-03-29 03:28:24,535.7391330154069
2022-03-29 03:28:29,536.33
2022-03-29 03:28:34,535.7505487953397
2022-03-29 03:28:39,536.33
2022-03-29 03:28:44,535.7619645752724
2022-03-29 03:28:49,536.27
2022-03-29 03:28:54,535.7733803552052
2022-03-29 03:28:59,536.27
2022-03-29 03:29:04,536.27
2022-03-29 03:29:09,536.2
2022-03-29 03:29:14,535.7962119150707
2022-03-29 03:29:19,536.17
2022-03-29 03:29:24,536.11
2022-03-29 03:29:29,535.8133355849699
2022-03-29 03:29:34,536.1
2022-03-29 03:29:39,536.1
2022-03-29 03:29:44,536.04
2022-03-29 03:29:49,535.8361671448354
2022-03-29 03:29:54,535.8418750348018
2022-03-29 03:29:59,535.98
2022-03-29 03:30:04,535.97
2022-03-29 03:30:09,535.91
2022-03-29 03:30:14,535.8647065946674
2022-03-29 03:30:19,535.9
2022-03-29 03:30:24,535.87
2022-03-29 03:30:29,535.81
2022-03-29 03:30:34,535.81
2022-03-29 03:30:39,535.81
2022-03-29 03:30:44,535.74
2022-03-29 03:30:49,535.74
2022-03-29 03:30:54,535.9103697143984
2022-03-29 03:30:59,535.65
2022-03-29 03:31:04,535.64
2022-03-29 03:31:09,535.58
2022-03-29 03:31:14,535.58
2022-03-29 03:31:19,535.58
2022-03-29 03:31:24,535.9446170541967
2022-03-29 03:31:29,535.57
2022-03-29 03:31:34,535.51
2022-03-29 03:31:39,535.44
2022-03-29 03:31:44,535.51
2022-03-29 03:31:49,535.44
2022-03-29 03:31:54,535.44
2022-03-29 03:31:59,535.44
2022-03-29 03:32:04,535.38
2022-03-29 03:32:09,535.37
2022-03-29 03:32:14,535.38
2022-03-29 03:32:19,535.34
2022-03-29 03:32:24,535.34
2022-03-29 03:32:29,535.34
2022-03-29 03:32:34,535.34
2022-03-29 03:32:39,535.34
2022-03-29 03:32:44,536.0359432936589
2022-03-29 03:32:49,535.34
2022-03-29 03:32:54,536.0473590735917
2022-03-29 03:32:59,536.0530669635581
2022-03-29 03:33:04,536.0587748535244
2022-03-29 03:33:09,536.0644827434908
2022-03-29 03:33:14,535.37
2022-03-29 03:33:19,535.43
2022-03-29 03:33:24,535.36
2022-03-29 03:33:29,535.49
2022-03-29 03:33:34,535.42
2022-03-29 03:33:39,536.0987300832892
2022-03-29 03:33:44,535.56
2022-03-29 03:33:49,535.55
2022-03-29 03:33:54,536.1158537531883
2022-03-29 03:33:59,535.55
2022-03-29 03:34:04,536.1272695331211
2022-03-29 03:34:09,535.65
2022-03-29 03:34:14,536.1386853130538
2022-03-29 03:34:19,536.1443932030202
2022-03-29 03:34:24,536.1501010929866
2022-03-29 03:34:29,535.78
2022-03-29 03:34:34,536.1615168729194
2022-03-29 03:34:39,535.84
2022-03-29 03:34:44,535.84
2022-03-29 03:34:49,535.87
2022-03-29 03:34:54,535.94
2022-03-29 03:34:59,535.87
2022-03-29 03:35:04,535.94
2022-03-29 03:35:09,536.0
2022-03-29 03:35:14,536.0
2022-03-29 03:35:19,536.1299496416127
2022-03-29 03:35:24,536.07
2022-03-29 03:35:29,536.1123866583639
2022-03-29 03:35:34,536.07
2022-03-29 03:35:39,536.13
2022-03-29 03:35:44,536.07
2022-03-29 03:35:49,536.13
2022-03-29 03:35:54,536.0684792002419
2022-03-29 03:35:59,536.13
2022-03-29 03:36:04,536.050916216993
2022-03-29 03:36:09,536.0421347253686
2022-03-29 03:36:14,536.16
2022-03-29 03:36:19,536.23
2022-03-29 03:36:24,536.23
2022-03-29 03:36:29,536.0070087588709
2022-03-29 03:36:34,535.9982272672465
2022-03-29 03:36:39,535.9894457756221
2022-03-29 03:36:44,535.9806642839977
2022-03-29 03:36:49,536.39
2022-03-29 03:36:54,535.9631013007489
2022-03-29 03:36:59,536.45
2022-03-29 03:37:04,536.46
2022-03-29 03:37:09,536.52
2022-03-29 03:37:14,536.52
2022-03-29 03:37:19,536.59
2022-03-29 03:37:24,536.59
2022-03-29 03:37:29,536.65
2022-03-29 03:37:34,535.8928493677536
2022-03-29 03:37:39,536.65
2022-03-29 03:37:44,535.8752863845048
2022-03-29 03:37:49,536.69
2022-03-29 03:37:54,536.75
2022-03-29 03:37:59,536.69
2022-03-29 03:38:04,535.8401604180071
2022-03-29 03:38:09,536.75
2022-03-29 03:38:14,535.8225974347582
2022-03-29 03:38:19,536.82
2022-03-29 03:38:24,536.82
2022-03-29 03:38:29,536.88
2022-03-29 03:38:34,535.7874714682606
2022-03-29 03:38:39,536.89
2022-03-29 03:38:44,536.89
2022-03-29 03:38:49,536.98
2022-03-29 03:38:54,536.92
2022-03-29 03:38:59,535.7435640101386
2022-03-29 03:39:04,537.05
2022-03-29 03:39:09,537.05
2022-03-29 03:39:14,537.05
2022-03-29 03:39:19,537.05
2022-03-29 03:39:24,537.12
2022-03-29 03:39:29,535.690875060392
2022-03-29 03:39:34,537.12
2022-03-29 03:39:39,537.12
2022-03-29 03:39:44,537.12
2022-03-29 03:39:49,537.18
2022-03-29 03:39:54,537.12
2022-03-29 03:39:59,537.12
2022-03-29 03:40:04,537.18
2022-03-29 03:40:09,537.12
2022-03-29 03:40:14,535.6118416357724
2022-03-29 03:40:19,535.603060144148
2022-03-29 03:40:24,537.18
2022-03-29 03:40:29,537.22
2022-03-29 03:40:34,537.19
2022-03-29 03:40:39,535.5679341776503
2022-03-29 03:40:44,537.19
2022-03-29 03:40:49,535.5503711944015
2022-03-29 03:40:54,535.5415897027771
2022-03-29 03:40:59,537.18
2022-03-29 03:41:04,535.5240267195283
2022-03-29 03:41:09,537.12
2022-03-29 03:41:14,537.18
2022-03-29 03:41:19,537.12
2022-03-29 03:41:24,537.18
2022-03-29 03:41:29,535.4801192614062
2022-03-29 03:41:34,537.19
2022-03-29 03:41:39,535.4625562781574
2022-03-29 03:41:44,535.453774786533
2022-03-29 03:41:49,535.4449932949085
2022-03-29 03:41:54,537.12
2022-03-29 03:41:59,535.4274303116597
2022-03-29 03:42:04,535.4186488200353
2022-03-29 03:42:09,536.99
2022-03-29 03:42:14,535.4010858367865
2022-03-29 03:42:19,537.05
2022-03-29 03:42:24,536.99
2022-03-29 03:42:29,536.99
2022-03-29 03:42:34,536.99
2022-03-29 03:42:39,536.99
2022-03-29 03:42:44,535.3483968870399
2022-03-29 03:42:49,536.89
2022-03-29 03:42:54,536.92
2022-03-29 03:42:59,536.89
2022-03-29 03:43:04,535.3132709205423
2022-03-29 03:43:09,536.89
2022-03-29 03:43:14,535.2957079372935
2022-03-29 03:43:19,536.82
2022-03-29 03:43:24,535.2781449540447
2022-03-29 03:43:29,536.76
2022-03-29 03:43:34,536.76
2022-03-29 03:43:39,535.2518004791715
2022-03-29 03:43:44,536.75
2022-03-29 03:43:49,535.2342374959227
2022-03-29 03:43:54,536.75
2022-03-29 03:43:59,536.69
2022-03-29 03:44:04,536.75
2022-03-29 03:44:09,535.199111529425
2022-03-29 03:44:14,536.68
2022-03-29 03:44:19,536.75
2022-03-29 03:44:24,536.68
2022-03-29 03:44:29,536.75
2022-03-29 03:44:34,536.68
2022-03-29 03:44:39,536.74
2022-03-29 03:44:44,536.74
2022-03-29 03:44:49,536.68
2022-03-29 03:44:54,536.68
2022-03-29 03:44:59,536.74
2022-03-29 03:45:04,536.74
2022-03-29 03:45:09,536.74
2022-03-29 03:45:14,536.67
2022-03-29 03:45:19,536.74
2022-03-29 03:45:24,536.8
2022-03-29 03:45:29,535.0586076634344
2022-03-29 03:45:34,536.8
2022-03-29 03:45:39,536.8
2022-03-29 03:45:44,536.8
2022-03-29 03:45:49,536.8
2022-03-29 03:45:54,536.8
2022-03-29 03:45:59,536.86
2022-03-29 03:46:04,536.86
2022-03-29 03:46:09,536.86
2022-03-29 03:46:14,534.9795742388146
2022-03-29 03:46:19,536.89
2022-03-29 03:46:24,536.86
2022-03-29 03:46:29,534.9532297639414
2022-03-29 03:46:34,536.89
2022-03-29 03:46:39,534.9356667806926
2022-03-29 03:46:44,534.9268852890682
2022-03-29 03:46:49,537.02
2022-03-29 03:46:54,534.9093223058194
2022-03-29 03:46:59,534.900540814195
2022-03-29 03:47:04,537.02
2022-03-29 03:47:09,534.8829778309462
2022-03-29 03:47:14,537.09
2022-03-29 03:47:19,537.15
2022-03-29 03:47:24,537.08
2022-03-29 03:47:29,537.18
2022-03-29 03:47:34,537.18
2022-03-29 03:47:39,537.15
2022-03-29 03:47:44,534.8215073895752
2022-03-29 03:47:49,537.18
2022-03-29 03:47:54,537.24
2022-03-29 03:47:59,534.795162914702
2022-03-29 03:48:04,537.18
2022-03-29 03:48:09,537.24
2022-03-29 03:48:14,534.7688184398288
2022-03-29 03:48:19,534.7600369482044
2022-03-29 03:48:24,534.75125545658
2022-03-29 03:48:29,534.7424739649556
2022-03-29 03:48:34,537.18
2022-03-29 03:48:39,537.18
2022-03-29 03:48:44,537.18
2022-03-29 03:48:49,534.7073479984579
2022-03-29 03:48:54,537.18
2022-03-29 03:48:59,537.18
2022-03-29 03:49:04,537.18
2022-03-29 03:49:09,537.25
2022-03-29 03:49:14,537.15
2022-03-29 03:49:19,534.7456954017885
2022-03-29 03:49:24,537.18
2022-03-29 03:49:29,537.15
2022-03-29 03:49:34,537.15
2022-03-29 03:49:39,537.09
2022-03-29 03:49:44,537.09
2022-03-29 03:49:49,537.03
2022-03-29 03:49:54,537.09
2022-03-29 03:49:59,534.8315494299419
2022-03-29 03:50:04,537.03
2022-03-29 03:50:09,534.8530129369801
2022-03-29 03:50:14,536.9
2022-03-29 03:50:19,536.9
2022-03-29 03:50:24,534.8852081975377
2022-03-29 03:50:29,534.8959399510569
2022-03-29 03:50:34,534.9066717045761
2022-03-29 03:50:39,534.9174034580952
2022-03-29 03:50:44,536.87
2022-03-29 03:50:49,536.81
2022-03-29 03:50:54,536.81
2022-03-29 03:50:59,536.81
2022-03-29 03:51:04,536.75
2022-03-29 03:51:09,536.68
2022-03-29 03:51:14,534.9925257327295
2022-03-29 03:51:19,535.0032574862487
2022-03-29 03:51:24,535.0139892397679
2022-03-29 03:51:29,535.024720993287
2022-03-29 03:51:34,536.52
2022-03-29 03:51:39,536.46
2022-03-29 03:51:44,536.4
2022-03-29 03:51:49,535.0676480073638
2022-03-29 03:51:54,535.078379760883
2022-03-29 03:51:59,535.0891115144021
2022-03-29 03:52:04,536.14
2022-03-29 03:52:09,535.1105750214405
2022-03-29 03:52:14,535.1213067749596
2022-03-29 03:52:19,535.1320385284788
2022-03-29 03:52:24,535.95
2022-03-29 03:52:29,535.95
2022-03-29 03:52:34,535.1642337890364
2022-03-29 03:52:39,535.79
2022-03-29 03:52:44,535.79
2022-03-29 03:52:49,535.72
2022-03-29 03:52:54,535.66
2022-03-29 03:52:59,535.63
2022-03-29 03:53:04,535.56
2022-03-29 03:53:09,535.57
2022-03-29 03:53:14,535.5
2022-03-29 03:53:19,535.44
2022-03-29 03:53:24,535.2715513242282
2022-03-29 03:53:29,535.37
2022-03-29 03:53:34,535.34
2022-03-29 03:53:39,535.3037465847857
2022-03-29 03:53:44,535.15
2022-03-29 03:53:49,535.3252100918241
2022-03-29 03:53:54,535.3359418453432
2022-03-29 03:53:59,535.11
2022-03-29 03:54:04,535.05
2022-03-29 03:54:09,535.3681371059008
2022-03-29 03:54:14,534.92
2022-03-29 03:54:19,534.92
2022-03-29 03:54:24,534.92
2022-03-29 03:54:29,534.86
2022-03-29 03:54:34,534.85
2022-03-29 03:54:39,535.4325276270158
2022-03-29 03:54:44,534.82
2022-03-29 03:54:49,534.82
2022-03-29 03:54:54,534.76
2022-03-29 03:54:59,535.4754546410926
2022-03-29 03:55:04,535.4861863946118
2022-03-29 03:55:09,534.69
2022-03-29 03:55:14,534.63
2022-03-29 03:55:19,535.5183816551693
2022-03-29 03:55:24,534.6
2022-03-29 03:55:29,535.5398451622077
2022-03-29 03:55:34,534.46
2022-03-29 03:55:39,534.46
2022-03-29 03:55:44,534.46
2022-03-29 03:55:49,535.5827721762844
2022-03-29 03:55:54,535.5935039298035
2022-03-29 03:55:59,534.33
2022-03-29 03:56:04,534.33
2022-03-29 03:56:09,535.625699190361
2022-03-29 03:56:14,534.3
2022-03-29 03:56:19,535.6471626973994
2022-03-29 03:56:24,534.23
2022-03-29 03:56:29,535.6686262044378
2022-03-29 03:56:34,534.23
2022-03-29 03:56:39,534.17
2022-03-29 03:56:44,534.23
2022-03-29 03:56:49,535.7115532185145
2022-03-29 03:56:54,535.7222849720337
2022-03-29 03:56:59,534.1
2022-03-29 03:57:04,534.16
2022-03-29 03:57:09,535.7544802325912
2022-03-29 03:57:14,535.7652119861104
2022-03-29 03:57:19,535.7759437396296
2022-03-29 03:57:24,534.09
2022-03-29 03:57:29,534.1
2022-03-29 03:57:34,535.8081390001871
2022-03-29 03:57:39,534.06
2022-03-29 03:57:44,534.09
2022-03-29 03:57:49,534.06
2022-03-29 03:57:54,534.06
2022-03-29 03:57:59,534.06
2022-03-29 03:58:04,534.0
2022-03-29 03:58:09,533.99
2022-03-29 03:58:14,533.99
2022-03-29 03:58:19,533.99
2022-03-29 03:58:24,533.99
2022-03-29 03:58:29,535.9261882888981
2022-03-29 03:58:34,535.9369200424172
2022-03-29 03:58:39,535.9476517959365
2022-03-29 03:58:44,535.9583835494557
2022-03-29 03:58:49,535.9691153029748
2022-03-29 03:58:54,534.05
2022-03-29 03:58:59,533.99
2022-03-29 03:59:04,533.99
2022-03-29 03:59:09,534.05
2022-03-29 03:59:14,536.0227740705707
2022-03-29 03:59:19,536.0335058240898
2022-03-29 03:59:24,534.08
2022-03-29 03:59:29,536.0549693311283
2022-03-29 03:59:34,536.0657010846473
2022-03-29 03:59:39,536.0764328381666
2022-03-29 03:59:44,534.08
2022-03-29 03:59:49,534.15
2022-03-29 03:59:54,534.21
2022-03-29 03:59:59,534.27
2022-03-29 04:00:04,534.21
2022-03-29 04:00:09,534.28
2022-03-29 04:00:14,534.31
2022-03-29 04:00:19,534.31
2022-03-29 04:00:24,534.37
2022-03-29 04:00:29,534.37
2022-03-29 04:00:34,536.1944821268776
2022-03-29 04:00:39,534.5
2022-03-29 04:00:44,534.56
2022-03-29 04:00:49,534.6
2022-03-29 04:00:54,536.2374091409542
2022-03-29 04:00:59,534.66
2022-03-29 04:01:04,536.2588726479927
2022-03-29 04:01:09,534.79
2022-03-29 04:01:14,534.82
2022-03-29 04:01:19,534.82
2022-03-29 04:01:24,536.3017996620694
2022-03-29 04:01:29,535.02
2022-03-29 04:01:34,535.08
2022-03-29 04:01:39,535.08
2022-03-29 04:01:44,535.11
2022-03-29 04:01:49,535.18
2022-03-29 04:01:54,535.25
2022-03-29 04:01:59,535.25
2022-03-29 04:02:04,535.31
2022-03-29 04:02:09,535.31
2022-03-29 04:02:14,535.34
2022-03-29 04:02:19,535.41
2022-03-29 04:02:24,535.41
2022-03-29 04:02:29,536.4413124578188
2022-03-29 04:02:34,535.54
2022-03-29 04:02:39,535.54
2022-03-29 04:02:44,535.61
2022-03-29 04:02:49,535.61
2022-03-29 04:02:54,535.7
2022-03-29 04:02:59,535.7
2022-03-29 04:03:04,536.5215512280572
2022-03-29 04:03:09,536.5407169469111
2022-03-29 04:03:14,535.83
2022-03-29 04:03:19,536.579048384619
2022-03-29 04:03:24,535.87
2022-03-29 04:03:29,535.83
2022-03-29 04:03:34,536.6365455411808
2022-03-29 04:03:39,536.6557112600348
2022-03-29 04:03:44,535.93
2022-03-29 04:03:49,535.93
2022-03-29 04:03:54,536.7132084165966
2022-03-29 04:03:59,535.93
2022-03-29 04:04:04,536.7515398543044
2022-03-29 04:04:09,536.7707055731584
2022-03-29 04:04:14,535.94
2022-03-29 04:04:19,535.94
2022-03-29 04:04:24,535.94
2022-03-29 04:04:29,535.94
2022-03-29 04:04:34,536.866534167428
2022-03-29 04:04:39,535.94
2022-03-29 04:04:44,535.94
2022-03-29 04:04:49,536.9240313239898
2022-03-29 04:04:54,535.94
2022-03-29 04:04:59,535.94
2022-03-29 04:05:04,535.94
2022-03-29 04:05:09,535.87
2022-03-29 04:05:14,537.0198599182595
2022-03-29 04:05:19,535.94
2022-03-29 04:05:24,535.88
2022-03-29 04:05:29,535.88
2022-03-29 04:05:34,537.0965227936753
2022-03-29 04:05:39,537.1156885125292
2022-03-29 04:05:44,537.1348542313831
2022-03-29 04:05:49,535.84
2022-03-29 04:05:54,537.173185669091
2022-03-29 04:05:59,535.84
2022-03-29 04:06:04,535.78
2022-03-29 04:06:09,535.78
2022-03-29 04:06:14,535.71
2022-03-29 04:06:19,535.65
2022-03-29 04:06:24,537.2881799822146
2022-03-29 04:06:29,535.62
2022-03-29 04:06:34,535.62
2022-03-29 04:06:39,535.49
2022-03-29 04:06:44,537.3648428576303
2022-03-29 04:06:49,535.49
2022-03-29 04:06:54,537.4031742953382
2022-03-29 04:06:59,535.35
2022-03-29 04:07:04,535.36
2022-03-29 04:07:09,537.4606714519
2022-03-29 04:07:14,535.32
2022-03-29 04:07:19,537.4990028896079
2022-03-29 04:07:24,537.5181686084618
2022-03-29 04:07:29,535.13
2022-03-29 04:07:34,537.5565000461697
2022-03-29 04:07:39,535.09
2022-03-29 04:07:44,535.09
2022-03-29 04:07:49,537.6139972027315
2022-03-29 04:07:54,537.6331629215854
2022-03-29 04:07:59,534.9
2022-03-29 04:08:04,534.84
2022-03-29 04:08:09,534.83
2022-03-29 04:08:14,537.7098257970011
2022-03-29 04:08:19,534.67
2022-03-29 04:08:24,534.67
2022-03-29 04:08:29,534.57
2022-03-29 04:08:34,534.57
2022-03-29 04:08:39,534.45
2022-03-29 04:08:44,534.45
2022-03-29 04:08:49,537.8439858289787
2022-03-29 04:08:54,537.8631515478326
2022-03-29 04:08:59,534.28
2022-03-29 04:09:04,537.9014829855405
2022-03-29 04:09:09,534.15
2022-03-29 04:09:14,534.15
2022-03-29 04:09:19,534.08
2022-03-29 04:09:24,534.05
2022-03-29 04:09:29,537.9973115798102
2022-03-29 04:09:34,533.98
2022-03-29 04:09:39,533.99
2022-03-29 04:09:44,538.054808736372
2022-03-29 04:09:49,538.0739744552259
2022-03-29 04:09:54,533.85
2022-03-29 04:09:59,533.79
2022-03-29 04:10:04,538.1314716117877
2022-03-29 04:10:09,533.79
2022-03-29 04:10:14,533.76
2022-03-29 04:10:19,533.69
2022-03-29 04:10:24,538.2081344872034
2022-03-29 04:10:29,538.2273002060574
2022-03-29 04:10:34,533.56
2022-03-29 04:10:39,538.2656316437652
2022-03-29 04:10:44,533.53
2022-03-29 04:10:49,533.46
2022-03-29 04:10:54,533.4
2022-03-29 04:10:59,533.33
2022-03-29 04:11:04,533.27
2022-03-29 04:11:09,538.3806259568889
2022-03-29 04:11:14,533.23
2022-03-29 04:11:19,538.4189573945966
2022-03-29 04:11:24,533.17
2022-03-29 04:11:29,533.11
2022-03-29 04:11:34,533.11
2022-03-29 04:11:39,538.4956202700125
2022-03-29 04:11:44,533.01
2022-03-29 04:11:49,538.5339517077202
2022-03-29 04:11:54,538.5531174265743
2022-03-29 04:11:59,532.95
2022-03-29 04:12:04,532.95
2022-03-29 04:12:09,532.88
2022-03-29 04:12:14,538.62978030199
2022-03-29 04:12:19,532.88
2022-03-29 04:12:24,532.81
2022-03-29 04:12:29,532.81
2022-03-29 04:12:34,532.75
2022-03-29 04:12:39,532.75
2022-03-29 04:12:44,532.75
2022-03-29 04:12:49,532.75
2022-03-29 04:12:54,532.75
2022-03-29 04:12:59,538.8022717716754
2022-03-29 04:13:04,532.72
2022-03-29 04:13:09,538.8406032093833
2022-03-29 04:13:14,538.8597689282371
2022-03-29 04:13:19,532.75
2022-03-29 04:13:24,532.75
2022-03-29 04:13:29,538.9172660847989
2022-03-29 04:13:34,532.72
2022-03-29 04:13:39,532.72
2022-03-29 04:13:44,538.9747632413607
2022-03-29 04:13:49,532.72
2022-03-29 04:13:54,532.72
2022-03-29 04:13:59,532.72
2022-03-29 04:14:04,532.72
2022-03-29 04:14:09,532.66
2022-03-29 04:14:14,532.66
2022-03-29 04:14:19,532.73
2022-03-29 04:14:24,532.66
2022-03-29 04:14:29,532.66
2022-03-29 04:14:34,532.66
2022-03-29 04:14:39,532.73
2022-03-29 04:14:44,532.66
2022-03-29 04:14:49,532.66
2022-03-29 04:14:54,532.73
2022-03-29 04:14:59,539.2622490241698
2022-03-29 04:15:04,532.67
2022-03-29 04:15:09,532.67
2022-03-29 04:15:14,532.73
2022-03-29 04:15:19,532.73
2022-03-29 04:15:24,532.73
2022-03-29 04:15:29,532.74
2022-03-29 04:15:34,532.74
2022-03-29 04:15:39,532.77
2022-03-29 04:15:44,532.77
2022-03-29 04:15:49,532.77
2022-03-29 04:15:54,532.77
2022-03-29 04:15:59,532.84
2022-03-29 04:16:04,532.9
2022-03-29 04:16:09,539.5305690881248
2022-03-29 04:16:14,532.97
2022-03-29 04:16:19,539.5689005258328
2022-03-29 04:16:24,533.03
2022-03-29 04:16:29,533.03
2022-03-29 04:16:34,533.03
2022-03-29 04:16:39,533.07
2022-03-29 04:16:44,533.13
2022-03-29 04:16:49,533.2
2022-03-29 04:16:54,533.13
2022-03-29 04:16:59,533.26
2022-03-29 04:17:04,533.2
2022-03-29 04:17:09,533.26
2022-03-29 04:17:14,533.3
2022-03-29 04:17:19,533.36
2022-03-29 04:17:24,533.3
2022-03-29 04:17:29,539.7564441264303
2022-03-29 04:17:34,539.7578487554497
2022-03-29 04:17:39,539.7592533844689
2022-03-29 04:17:44,533.49
2022-03-29 04:17:49,533.49
2022-03-29 04:17:54,533.55
2022-03-29 04:17:59,533.49
2022-03-29 04:18:04,533.55
2022-03-29 04:18:09,533.55
2022-03-29 04:18:14,533.59
2022-03-29 04:18:19,533.59
2022-03-29 04:18:24,533.65
2022-03-29 04:18:29,533.72
2022-03-29 04:18:34,533.72
2022-03-29 04:18:39,533.78
2022-03-29 04:18:44,533.78
2022-03-29 04:18:49,533.81
2022-03-29 04:18:54,533.81
2022-03-29 04:18:59,533.88
2022-03-29 04:19:04,533.94
2022-03-29 04:19:09,533.88
2022-03-29 04:19:14,534.0
2022-03-29 04:19:19,534.07
2022-03-29 04:19:24,534.0
2022-03-29 04:19:29,539.7901552228936
2022-03-29 04:19:34,534.1
2022-03-29 04:19:39,534.22
2022-03-29 04:19:44,539.7943691099516
2022-03-29 04:19:49,539.7957737389709
2022-03-29 04:19:54,534.32
2022-03-29 04:19:59,534.29
2022-03-29 04:20:04,534.32
2022-03-29 04:20:09,534.32
2022-03-29 04:20:14,534.38
2022-03-29 04:20:19,534.38
2022-03-29 04:20:24,534.45
2022-03-29 04:20:29,534.45
2022-03-29 04:20:34,534.51
2022-03-29 04:20:39,534.51
2022-03-29 04:20:44,534.57
2022-03-29 04:20:49,539.8126292872025
2022-03-29 04:20:54,534.57
2022-03-29 04:20:59,539.8154385452411
2022-03-29 04:21:04,534.67
2022-03-29 04:21:09,539.8182478032797
2022-03-29 04:21:14,539.8196524322991
2022-03-29 04:21:19,534.73
2022-03-29 04:21:24,534.73
2022-03-29 04:21:29,534.73
2022-03-29 04:21:34,534.79
2022-03-29 04:21:39,534.79
2022-03-29 04:21:44,534.79
2022-03-29 04:21:49,534.82
2022-03-29 04:21:54,534.82
2022-03-29 04:21:59,539.8322940934728
2022-03-29 04:22:04,534.82
2022-03-29 04:22:09,534.88
2022-03-29 04:22:14,534.88
2022-03-29 04:22:19,534.94
2022-03-29 04:22:24,534.88
2022-03-29 04:22:29,534.94
2022-03-29 04:22:34,534.94
2022-03-29 04:22:39,534.94
2022-03-29 04:22:44,539.8449357546466
2022-03-29 04:22:49,539.8463403836658
2022-03-29 04:22:54,539.8477450126852
2022-03-29 04:22:59,535.07
2022-03-29 04:23:04,539.8505542707238
2022-03-29 04:23:09,535.1
2022-03-29 04:23:14,535.17
2022-03-29 04:23:19,539.8547681577817
2022-03-29 04:23:24,535.17
2022-03-29 04:23:29,535.17
2022-03-29 04:23:34,535.23
2022-03-29 04:23:39,535.3
2022-03-29 04:23:44,535.29
2022-03-29 04:23:49,535.29
2022-03-29 04:23:54,535.33
2022-03-29 04:23:59,535.32
2022-03-29 04:24:04,539.8674098189555
2022-03-29 04:24:09,535.39
2022-03-29 04:24:14,539.8702190769941
2022-03-29 04:24:19,535.39
2022-03-29 04:24:24,535.52
2022-03-29 04:24:29,535.52
2022-03-29 04:24:34,535.52
2022-03-29 04:24:39,535.58
2022-03-29 04:24:44,539.8786468511099
2022-03-29 04:24:49,535.58
2022-03-29 04:24:54,535.62
2022-03-29 04:24:59,535.68
2022-03-29 04:25:04,535.62
2022-03-29 04:25:09,539.8856699962064
2022-03-29 04:25:14,535.75
2022-03-29 04:25:19,535.75
2022-03-29 04:25:24,539.8898838832644
2022-03-29 04:25:29,535.81
2022-03-29 04:25:34,535.84
2022-03-29 04:25:39,535.85
2022-03-29 04:25:44,535.97
2022-03-29 04:25:49,539.8969070283608
2022-03-29 04:25:54,535.97
2022-03-29 04:25:59,536.04
2022-03-29 04:26:04,536.04
2022-03-29 04:26:09,536.11
2022-03-29 04:26:14,539.9039301734574
2022-03-29 04:26:19,536.14
2022-03-29 04:26:24,536.2
2022-03-29 04:26:29,539.9081440605153
2022-03-29 04:26:34,539.9095486895346
2022-03-29 04:26:39,536.33
2022-03-29 04:26:44,536.37
2022-03-29 04:26:49,536.43
2022-03-29 04:26:54,536.43
2022-03-29 04:26:59,536.5
2022-03-29 04:27:04,539.9179764636505
2022-03-29 04:27:09,536.62
2022-03-29 04:27:14,536.66
2022-03-29 04:27:19,536.66
2022-03-29 04:27:24,536.72
2022-03-29 04:27:29,539.9249996087469
2022-03-29 04:27:34,536.85
2022-03-29 04:27:39,536.89
2022-03-29 04:27:44,539.9292134958049
2022-03-29 04:27:49,539.9306181248242
2022-03-29 04:27:54,536.95
2022-03-29 04:27:59,537.02
2022-03-29 04:28:04,537.02
2022-03-29 04:28:09,537.09
2022-03-29 04:28:14,539.9376412699207
2022-03-29 04:28:19,537.18
2022-03-29 04:28:24,537.18
2022-03-29 04:28:29,539.9418551569786
2022-03-29 04:28:34,539.943259785998
2022-03-29 04:28:39,537.32
2022-03-29 04:28:44,537.41
2022-03-29 04:28:49,539.9474736730558
2022-03-29 04:28:54,539.9488783020752
2022-03-29 04:28:59,539.9502829310944
2022-03-29 04:29:04,537.61
2022-03-29 04:29:09,539.953092189133
2022-03-29 04:29:14,539.9544968181524
2022-03-29 04:29:19,537.7
2022-03-29 04:29:24,537.77
2022-03-29 04:29:29,537.83
2022-03-29 04:29:34,537.83
2022-03-29 04:29:39,537.84
2022-03-29 04:29:44,537.84
2022-03-29 04:29:49,539.9643292212875
2022-03-29 04:29:54,537.9
2022-03-29 04:29:59,537.9
2022-03-29 04:30:04,537.9
2022-03-29 04:30:09,537.94
2022-03-29 04:30:14,539.971352366384
2022-03-29 04:30:19,538.0
2022-03-29 04:30:24,538.0
2022-03-29 04:30:29,538.06
2022-03-29 04:30:34,538.0
2022-03-29 04:30:39,538.06
2022-03-29 04:30:44,538.06
2022-03-29 04:30:49,539.9811847695192
2022-03-29 04:30:54,538.06
2022-03-29 04:30:59,538.13
2022-03-29 04:31:04,538.13
2022-03-29 04:31:09,539.9868032855965
2022-03-29 04:31:14,539.9837694467378
2022-03-29 04:31:19,538.13
2022-03-29 04:31:24,538.19
2022-03-29 04:31:29,538.19
2022-03-29 04:31:34,538.19
2022-03-29 04:31:39,539.9454314501222
2022-03-29 04:31:44,538.22
2022-03-29 04:31:49,538.19
2022-03-29 04:31:54,539.9224286521528
2022-03-29 04:31:59,539.9147610528297
2022-03-29 04:32:04,539.9070934535066
2022-03-29 04:32:09,539.8994258541834
2022-03-29 04:32:14,538.22
2022-03-29 04:32:19,538.22
2022-03-29 04:32:24,539.876423056214
2022-03-29 04:32:29,538.28
2022-03-29 04:32:34,538.22
2022-03-29 04:32:39,539.8534202582447
2022-03-29 04:32:44,539.8457526589216
2022-03-29 04:32:49,538.41
2022-03-29 04:32:54,538.41
2022-03-29 04:32:59,538.4
2022-03-29 04:33:04,538.41
2022-03-29 04:33:09,538.5
2022-03-29 04:33:14,539.7997470629828
2022-03-29 04:33:19,538.5
2022-03-29 04:33:24,538.56
2022-03-29 04:33:29,538.5
2022-03-29 04:33:34,538.63
2022-03-29 04:33:39,538.62
2022-03-29 04:33:44,539.753741467044
2022-03-29 04:33:49,539.7460738677208
2022-03-29 04:33:54,538.69
2022-03-29 04:33:59,538.72
2022-03-29 04:34:04,538.69
2022-03-29 04:34:09,539.7154034704284
2022-03-29 04:34:14,539.7077358711053
2022-03-29 04:34:19,538.72
2022-03-29 04:34:24,538.72
2022-03-29 04:34:29,538.72
2022-03-29 04:34:34,538.71
2022-03-29 04:34:39,539.6693978744896
2022-03-29 04:34:44,538.84
2022-03-29 04:34:49,539.6540626758434
2022-03-29 04:34:54,538.85
2022-03-29 04:34:59,539.6387274771971
2022-03-29 04:35:04,538.9
2022-03-29 04:35:09,539.6233922785509
2022-03-29 04:35:14,538.94
2022-03-29 04:35:19,539.6080570799046
2022-03-29 04:35:24,539.6003894805815
2022-03-29 04:35:29,539.5927218812584
2022-03-29 04:35:34,539.07
2022-03-29 04:35:39,539.13
2022-03-29 04:35:44,539.13
2022-03-29 04:35:49,539.13
2022-03-29 04:35:54,539.19
2022-03-29 04:35:59,539.5467162853196
2022-03-29 04:36:04,539.23
2022-03-29 04:36:09,539.23
2022-03-29 04:36:14,539.22
2022-03-29 04:36:19,539.29
2022-03-29 04:36:24,539.29
2022-03-29 04:36:29,539.35
2022-03-29 04:36:34,539.4930430900578
2022-03-29 04:36:39,539.42
2022-03-29 04:36:44,539.45
2022-03-29 04:36:49,539.4700402920884
2022-03-29 04:36:54,539.4623726927653
2022-03-29 04:36:59,539.4547050934422
2022-03-29 04:37:04,539.58
2022-03-29 04:37:09,539.4393698947958
2022-03-29 04:37:14,539.58
2022-03-29 04:37:19,539.4240346961496
2022-03-29 04:37:24,539.65
2022-03-29 04:37:29,539.65
2022-03-29 04:37:34,539.71
2022-03-29 04:37:39,539.71
2022-03-29 04:37:44,539.65
2022-03-29 04:37:49,539.71
2022-03-29 04:37:54,539.3703615008877
2022-03-29 04:37:59,539.71
2022-03-29 04:38:04,539.75
2022-03-29 04:38:09,539.74
2022-03-29 04:38:14,539.74
2022-03-29 04:38:19,539.75
2022-03-29 04:38:24,539.75
2022-03-29 04:38:29,539.75
2022-03-29 04:38:34,539.75
2022-03-29 04:38:39,539.81
2022-03-29 04:38:44,539.81
2022-03-29 04:38:49,539.88
2022-03-29 04:38:54,539.2783503090102
2022-03-29 04:38:59,539.2706827096871
2022-03-29 04:39:04,539.263015110364
2022-03-29 04:39:09,539.2553475110409
2022-03-29 04:39:14,539.88
2022-03-29 04:39:19,539.88
2022-03-29 04:39:24,539.95
2022-03-29 04:39:29,539.89
2022-03-29 04:39:34,539.89
2022-03-29 04:39:39,539.2093419151021
2022-03-29 04:39:44,539.201674315779
2022-03-29 04:39:49,539.82
2022-03-29 04:39:54,539.82
2022-03-29 04:39:59,539.82
2022-03-29 04:40:04,539.1710039184865
2022-03-29 04:40:09,539.82
2022-03-29 04:40:14,539.1556687198403
2022-03-29 04:40:19,539.148001120517
2022-03-29 04:40:24,539.140333521194
2022-03-29 04:40:29,539.89
2022-03-29 04:40:34,539.83
2022-03-29 04:40:39,539.89
2022-03-29 04:40:44,539.9
2022-03-29 04:40:49,539.9
2022-03-29 04:40:54,539.9
2022-03-29 04:40:59,539.9
2022-03-29 04:41:04,539.83
2022-03-29 04:41:09,539.0713251272858
2022-03-29 04:41:14,539.9
2022-03-29 04:41:19,539.0559899286396
2022-03-29 04:41:24,539.0483223293164
2022-03-29 04:41:29,539.9
2022-03-29 04:41:34,539.0329871306702
2022-03-29 04:41:39,539.84
2022-03-29 04:41:44,539.84
2022-03-29 04:41:49,539.84
2022-03-29 04:41:54,539.77
2022-03-29 04:41:59,539.84
2022-03-29 04:42:04,539.84
2022-03-29 04:42:09,539.84
2022-03-29 04:42:14,538.9716463360852
2022-03-29 04:42:19,539.84
2022-03-29 04:42:24,539.77
2022-03-29 04:42:29,539.77
2022-03-29 04:42:34,539.78
2022-03-29 04:42:39,539.77
2022-03-29 04:42:44,539.77
2022-03-29 04:42:49,539.74
2022-03-29 04:42:54,539.77
2022-03-29 04:42:59,539.74
2022-03-29 04:43:04,539.74
2022-03-29 04:43:09,539.74
2022-03-29 04:43:14,538.8796351442077
2022-03-29 04:43:19,539.68
2022-03-29 04:43:24,538.8642999455615
2022-03-29 04:43:29,539.68
2022-03-29 04:43:34,539.68
2022-03-29 04:43:39,539.68
2022-03-29 04:43:44,539.68
2022-03-29 04:43:49,538.8259619489459
2022-03-29 04:43:54,539.67
2022-03-29 04:43:59,539.68
2022-03-29 04:44:04,538.8029591509764
2022-03-29 04:44:09,539.68
2022-03-29 04:44:14,539.67
2022-03-29 04:44:19,539.67
2022-03-29 04:44:24,539.74
2022-03-29 04:44:29,539.67
2022-03-29 04:44:34,539.73
2022-03-29 04:44:39,539.74
2022-03-29 04:44:44,539.67
2022-03-29 04:44:49,539.74
2022-03-29 04:44:54,538.7262831577452
2022-03-29 04:44:59,539.74
2022-03-29 04:45:04,538.7109479590989
2022-03-29 04:45:09,539.73
2022-03-29 04:45:14,538.6956127604527
2022-03-29 04:45:19,539.76
2022-03-29 04:45:24,539.76
2022-03-29 04:45:29,539.76
2022-03-29 04:45:34,539.76
2022-03-29 04:45:39,538.6855029987626
2022-03-29 04:45:44,538.6842067015803
2022-03-29 04:45:49,539.82
2022-03-29 04:45:54,538.6816141072158
2022-03-29 04:45:59,539.82
2022-03-29 04:46:04,539.89
2022-03-29 04:46:09,538.6777252156689
2022-03-29 04:46:14,539.88
2022-03-29 04:46:19,539.95
2022-03-29 04:46:24,538.6738363241221
2022-03-29 04:46:29,539.95
2022-03-29 04:46:34,538.6712437297576
2022-03-29 04:46:39,539.94
2022-03-29 04:46:44,538.668651135393
2022-03-29 04:46:49,539.98
2022-03-29 04:46:54,539.97
2022-03-29 04:46:59,538.6647622438462
2022-03-29 04:47:04,539.98
2022-03-29 04:47:09,539.97
2022-03-29 04:47:14,539.97
2022-03-29 04:47:19,538.6595770551172
2022-03-29 04:47:24,540.04
2022-03-29 04:47:29,540.04
2022-03-29 04:47:34,540.04
2022-03-29 04:47:39,540.1
2022-03-29 04:47:44,538.6530955692059
2022-03-29 04:47:49,540.17
2022-03-29 04:47:54,540.17
2022-03-29 04:47:59,538.6492066776591
2022-03-29 04:48:04,540.23
2022-03-29 04:48:09,540.23
2022-03-29 04:48:14,538.6453177861123
2022-03-29 04:48:19,540.26
2022-03-29 04:48:24,538.6427251917478
2022-03-29 04:48:29,538.6414288945655
2022-03-29 04:48:34,540.33
2022-03-29 04:48:39,538.638836300201
2022-03-29 04:48:44,540.33
2022-03-29 04:48:49,540.33
2022-03-29 04:48:54,540.39
2022-03-29 04:48:59,538.6336511114719
2022-03-29 04:49:04,540.39
2022-03-29 04:49:09,538.6310585171074
2022-03-29 04:49:14,540.39
2022-03-29 04:49:19,540.46
2022-03-29 04:49:24,540.46
2022-03-29 04:49:29,540.39
2022-03-29 04:49:34,538.624577031196
2022-03-29 04:49:39,540.46
2022-03-29 04:49:44,540.46
2022-03-29 04:49:49,540.49
2022-03-29 04:49:54,540.49
2022-03-29 04:49:59,540.55
2022-03-29 04:50:04,538.6167992481024
2022-03-29 04:50:09,540.56
2022-03-29 04:50:14,540.62
2022-03-29 04:50:19,540.62
2022-03-29 04:50:24,540.62
2022-03-29 04:50:29,540.62
2022-03-29 04:50:34,540.69
2022-03-29 04:50:39,540.69
2022-03-29 04:50:44,540.68
2022-03-29 04:50:49,540.75
2022-03-29 04:50:54,540.75
2022-03-29 04:50:59,540.75
2022-03-29 04:51:04,538.6012436819152
2022-03-29 04:51:09,540.76
2022-03-29 04:51:14,540.76
2022-03-29 04:51:19,540.79
2022-03-29 04:51:24,540.79
2022-03-29 04:51:29,538.5947621960039
2022-03-29 04:51:34,540.8
2022-03-29 04:51:39,540.79
2022-03-29 04:51:44,540.79
2022-03-29 04:51:49,538.5895770072749
2022-03-29 04:51:54,540.8
2022-03-29 04:51:59,540.86
2022-03-29 04:52:04,540.8
2022-03-29 04:52:09,540.8
2022-03-29 04:52:14,540.8
2022-03-29 04:52:19,540.8
2022-03-29 04:52:24,540.8
2022-03-29 04:52:29,538.5792066298167
2022-03-29 04:52:34,540.8
2022-03-29 04:52:39,540.8
2022-03-29 04:52:44,540.8
2022-03-29 04:52:49,540.77
2022-03-29 04:52:54,538.5727251439054
2022-03-29 04:52:59,540.78
2022-03-29 04:53:04,540.78
2022-03-29 04:53:09,538.5688362523586
2022-03-29 04:53:14,540.71
2022-03-29 04:53:19,538.566243657994
2022-03-29 04:53:24,538.5649473608117
2022-03-29 04:53:29,540.71
2022-03-29 04:53:34,540.65
2022-03-29 04:53:39,540.65
2022-03-29 04:53:44,540.72
2022-03-29 04:53:49,540.59
2022-03-29 04:53:54,540.65
2022-03-29 04:53:59,538.5558732805359
2022-03-29 04:54:04,538.5545769833536
2022-03-29 04:54:09,540.59
2022-03-29 04:54:14,540.52
2022-03-29 04:54:19,538.5506880918068
2022-03-29 04:54:24,540.53
2022-03-29 04:54:29,540.53
2022-03-29 04:54:34,538.5467992002601
2022-03-29 04:54:39,540.53
2022-03-29 04:54:44,540.53
2022-03-29 04:54:49,538.5429103087133
2022-03-29 04:54:54,538.541614011531
2022-03-29 04:54:59,538.5403177143487
2022-03-29 04:55:04,540.52
2022-03-29 04:55:09,538.5377251199842
2022-03-29 04:55:14,540.53
2022-03-29 04:55:19,538.5351325256197
2022-03-29 04:55:24,538.5338362284374
2022-03-29 04:55:29,540.53
2022-03-29 04:55:34,538.5312436340729
2022-03-29 04:55:39,540.5
2022-03-29 04:55:44,540.5
2022-03-29 04:55:49,540.5
2022-03-29 04:55:54,540.5
2022-03-29 04:55:59,540.5
2022-03-29 04:56:04,540.5
2022-03-29 04:56:09,540.53
2022-03-29 04:56:14,540.5
2022-03-29 04:56:19,538.5195769594325
2022-03-29 04:56:24,540.49
2022-03-29 04:56:29,538.516984365068
2022-03-29 04:56:34,538.5156880678857
2022-03-29 04:56:39,540.49
2022-03-29 04:56:44,540.5
2022-03-29 04:56:49,540.5
2022-03-29 04:56:54,540.49
2022-03-29 04:56:59,540.53
2022-03-29 04:57:04,538.507910284792
2022-03-29 04:57:09,540.49
2022-03-29 04:57:14,540.43
2022-03-29 04:57:19,538.5040213932452
2022-03-29 04:57:24,540.43
2022-03-29 04:57:29,538.5014287988807
2022-03-29 04:57:34,540.42
2022-03-29 04:57:39,540.42
2022-03-29 04:57:44,540.42
2022-03-29 04:57:49,540.42
2022-03-29 04:57:54,540.36
2022-03-29 04:57:59,540.29
2022-03-29 04:58:04,540.29
2022-03-29 04:58:09,540.29
2022-03-29 04:58:14,540.29
2022-03-29 04:58:19,540.29
2022-03-29 04:58:24,540.29
2022-03-29 04:58:29,540.29
2022-03-29 04:58:34,540.26
2022-03-29 04:58:39,538.483280638329
2022-03-29 04:58:44,540.29
2022-03-29 04:58:49,540.25
2022-03-29 04:58:54,540.29
2022-03-29 04:58:59,538.4780954496
2022-03-29 04:59:04,540.28
2022-03-29 04:59:09,538.4755028552354
2022-03-29 04:59:14,540.25
2022-03-29 04:59:19,538.4729102608709
2022-03-29 04:59:24,540.25
2022-03-29 04:59:29,540.28
2022-03-29 04:59:34,540.28
2022-03-29 04:59:39,540.28
2022-03-29 04:59:44,540.28
2022-03-29 04:59:49,540.28
2022-03-29 04:59:54,538.3576873790714
2022-03-29 04:59:59,540.28
2022-03-29 05:00:04,538.321776579806
2022-03-29 05:00:09,540.28
2022-03-29 05:00:14,540.28
2022-03-29 05:00:19,540.34
2022-03-29 05:00:24,538.2499549812753
2022-03-29 05:00:29,538.2319995816426
2022-03-29 05:00:34,538.21404418201
2022-03-29 05:00:39,540.28
2022-03-29 05:00:44,540.28
2022-03-29 05:00:49,540.25
2022-03-29 05:00:54,538.1422225834792
2022-03-29 05:00:59,540.25
2022-03-29 05:01:04,540.28
2022-03-29 05:01:09,538.0883563845812
2022-03-29 05:01:14,540.18
2022-03-29 05:01:19,538.0524455853157
2022-03-29 05:01:24,540.12
2022-03-29 05:01:29,540.12
2022-03-29 05:01:34,540.06
2022-03-29 05:01:39,537.9806239867851
2022-03-29 05:01:44,539.99
2022-03-29 05:01:49,539.99
2022-03-29 05:01:54,539.96
2022-03-29 05:01:59,539.96
2022-03-29 05:02:04,537.8908469886215
2022-03-29 05:02:09,537.872891588989
2022-03-29 05:02:14,539.83
2022-03-29 05:02:19,539.84
2022-03-29 05:02:24,539.77
2022-03-29 05:02:29,539.77
2022-03-29 05:02:34,539.77
2022-03-29 05:02:39,539.77
2022-03-29 05:02:44,539.74
2022-03-29 05:02:49,539.74
2022-03-29 05:02:54,539.68
2022-03-29 05:02:59,539.68
2022-03-29 05:03:04,539.68
2022-03-29 05:03:09,539.62
2022-03-29 05:03:14,539.62
2022-03-29 05:03:19,537.6215159941313
2022-03-29 05:03:24,539.55
2022-03-29 05:03:29,539.55
2022-03-29 05:03:34,539.49
2022-03-29 05:03:39,539.49
2022-03-29 05:03:44,537.5317389959679
2022-03-29 05:03:49,539.39
2022-03-29 05:03:54,539.39
2022-03-29 05:03:59,537.4778727970698
2022-03-29 05:04:04,539.4
2022-03-29 05:04:09,537.4419619978045
2022-03-29 05:04:14,539.34
2022-03-29 05:04:19,537.4060511985391
2022-03-29 05:04:24,539.34
2022-03-29 05:04:29,539.27
2022-03-29 05:04:34,537.352184999641
2022-03-29 05:04:39,539.27
2022-03-29 05:04:44,539.24
2022-03-29 05:04:49,537.298318800743
2022-03-29 05:04:54,539.25
2022-03-29 05:04:59,539.25
2022-03-29 05:05:04,539.18
2022-03-29 05:05:09,537.2264972022122
2022-03-29 05:05:14,537.2085418025796
2022-03-29 05:05:19,539.12
2022-03-29 05:05:24,537.1726310033141
2022-03-29 05:05:29,537.1546756036815
2022-03-29 05:05:34,538.99
2022-03-29 05:05:39,538.99
2022-03-29 05:05:44,539.0
2022-03-29 05:05:49,539.0
2022-03-29 05:05:54,537.064898605518
2022-03-29 05:05:59,538.9
2022-03-29 05:06:04,538.9
2022-03-29 05:06:09,538.83
2022-03-29 05:06:14,538.83
2022-03-29 05:06:19,536.9751216073546
2022-03-29 05:06:24,536.9571662077219
2022-03-29 05:06:29,536.9392108080892
2022-03-29 05:06:34,538.77
2022-03-29 05:06:39,538.77
2022-03-29 05:06:44,536.8853446091912
2022-03-29 05:06:49,536.8673892095585
2022-03-29 05:06:54,536.8494338099258
2022-03-29 05:06:59,538.67
2022-03-29 05:07:04,538.74
2022-03-29 05:07:09,538.68
2022-03-29 05:07:14,538.67
2022-03-29 05:07:19,538.61
2022-03-29 05:07:24,538.61
2022-03-29 05:07:29,538.61
2022-03-29 05:07:34,536.7057906128643
2022-03-29 05:07:39,538.54
2022-03-29 05:07:44,536.669879813599
2022-03-29 05:07:49,538.54
2022-03-29 05:07:54,536.6339690143336
2022-03-29 05:07:59,538.54
2022-03-29 05:08:04,538.48
2022-03-29 05:08:09,538.54
2022-03-29 05:08:14,538.48
2022-03-29 05:08:19,538.48
2022-03-29 05:08:24,538.48
2022-03-29 05:08:29,538.48
2022-03-29 05:08:34,538.45
2022-03-29 05:08:39,538.48
2022-03-29 05:08:44,538.48
2022-03-29 05:08:49,538.48
2022-03-29 05:08:54,538.44
2022-03-29 05:08:59,538.44
2022-03-29 05:09:04,538.44
2022-03-29 05:09:09,536.3646380198434
2022-03-29 05:09:14,538.38
2022-03-29 05:09:19,538.44
2022-03-29 05:09:24,538.37
2022-03-29 05:09:29,538.38
2022-03-29 05:09:34,536.27486102168
2022-03-29 05:09:39,536.2569056220472
2022-03-29 05:09:44,538.31
2022-03-29 05:09:49,536.2209948227818
2022-03-29 05:09:54,536.2030394231491
2022-03-29 05:09:59,538.24
2022-03-29 05:10:04,536.1671286238837
2022-03-29 05:10:09,536.1491732242511
2022-03-29 05:10:14,538.21
2022-03-29 05:10:19,536.1132624249857
2022-03-29 05:10:24,536.095307025353
2022-03-29 05:10:29,538.14
2022-03-29 05:10:34,538.07
2022-03-29 05:10:39,538.14
2022-03-29 05:10:44,538.14
2022-03-29 05:10:49,538.07
2022-03-29 05:10:54,538.07
2022-03-29 05:10:59,538.07
2022-03-29 05:11:04,538.01
2022-03-29 05:11:09,537.94
2022-03-29 05:11:14,537.94
2022-03-29 05:11:19,537.91
2022-03-29 05:11:24,537.91
2022-03-29 05:11:29,537.85
2022-03-29 05:11:34,537.91
2022-03-29 05:11:39,537.85
2022-03-29 05:11:44,537.78
2022-03-29 05:11:49,537.78
2022-03-29 05:11:54,535.7721098319647
2022-03-29 05:11:59,537.71
2022-03-29 05:12:04,537.71
2022-03-29 05:12:09,537.68
2022-03-29 05:12:14,537.68
2022-03-29 05:12:19,537.61
2022-03-29 05:12:24,535.6643774341686
2022-03-29 05:12:29,537.55
2022-03-29 05:12:34,537.49
2022-03-29 05:12:39,537.49
2022-03-29 05:12:44,537.42
2022-03-29 05:12:49,535.5746004360051
2022-03-29 05:12:54,537.32
2022-03-29 05:12:59,535.5386896367398
2022-03-29 05:13:04,537.26
2022-03-29 05:13:09,537.2
2022-03-29 05:13:14,537.2
2022-03-29 05:13:19,537.2
2022-03-29 05:13:24,535.4489126385763
2022-03-29 05:13:29,537.1
2022-03-29 05:13:34,537.1
2022-03-29 05:13:39,537.03
2022-03-29 05:13:44,536.97
2022-03-29 05:13:49,537.03
2022-03-29 05:13:54,536.97
2022-03-29 05:13:59,535.530109481816
2022-03-29 05:14:04,536.88
2022-03-29 05:14:09,536.87
2022-03-29 05:14:14,536.81
2022-03-29 05:14:19,536.81
2022-03-29 05:14:24,536.75
2022-03-29 05:14:29,535.6190008621629
2022-03-29 05:14:34,535.6338160922207
2022-03-29 05:14:39,535.6486313222784
2022-03-29 05:14:44,535.6634465523364
2022-03-29 05:14:49,535.6782617823941
2022-03-29 05:14:54,536.59
2022-03-29 05:14:59,536.59
2022-03-29 05:15:04,536.53
2022-03-29 05:15:09,536.53
2022-03-29 05:15:14,536.46
2022-03-29 05:15:19,536.46
2022-03-29 05:15:24,535.7819683927988
2022-03-29 05:15:29,536.4
2022-03-29 05:15:34,536.37
2022-03-29 05:15:39,536.37
2022-03-29 05:15:44,536.37
2022-03-29 05:15:49,536.31
2022-03-29 05:15:54,536.3
2022-03-29 05:15:59,535.8856750032036
2022-03-29 05:16:04,536.31
2022-03-29 05:16:09,535.9153054633192
2022-03-29 05:16:14,536.24
2022-03-29 05:16:19,535.9449359234347
2022-03-29 05:16:24,536.15
2022-03-29 05:16:29,535.9745663835504
2022-03-29 05:16:34,536.09
2022-03-29 05:16:39,536.15
2022-03-29 05:16:44,536.02
2022-03-29 05:16:49,536.09
2022-03-29 05:16:54,536.0486425338395
2022-03-29 05:16:59,535.96
2022-03-29 05:17:04,535.96
2022-03-29 05:17:09,536.093088224013
2022-03-29 05:17:14,535.9
2022-03-29 05:17:19,535.9
2022-03-29 05:17:24,536.1375339141864
2022-03-29 05:17:29,536.1523491442442
2022-03-29 05:17:34,535.8
2022-03-29 05:17:39,535.8
2022-03-29 05:17:44,535.74
2022-03-29 05:17:49,535.74
2022-03-29 05:17:54,535.74
2022-03-29 05:17:59,535.74
2022-03-29 05:18:04,536.2560557546489
2022-03-29 05:18:09,536.2708709847067
2022-03-29 05:18:14,535.64
2022-03-29 05:18:19,535.65
2022-03-29 05:18:24,535.58
2022-03-29 05:18:29,535.52
2022-03-29 05:18:34,535.52
2022-03-29 05:18:39,535.45
2022-03-29 05:18:44,535.39
2022-03-29 05:18:49,536.3893928251692
2022-03-29 05:18:54,536.4042080552271
2022-03-29 05:18:59,535.39
2022-03-29 05:19:04,536.4338385153427
2022-03-29 05:19:09,536.4486537454004
2022-03-29 05:19:14,535.29
2022-03-29 05:19:19,535.29
2022-03-29 05:19:24,536.4930994355739
2022-03-29 05:19:29,536.5079146656317
2022-03-29 05:19:34,535.13
2022-03-29 05:19:39,535.13
2022-03-29 05:19:44,535.13
2022-03-29 05:19:49,535.06
2022-03-29 05:19:54,535.06
2022-03-29 05:19:59,535.0
2022-03-29 05:20:04,535.0
2022-03-29 05:20:09,534.93
2022-03-29 05:20:14,534.93
2022-03-29 05:20:19,534.93
2022-03-29 05:20:24,534.87
2022-03-29 05:20:29,534.87
2022-03-29 05:20:34,534.87
2022-03-29 05:20:39,534.83
2022-03-29 05:20:44,534.84
2022-03-29 05:20:49,534.83
2022-03-29 05:20:54,534.77
2022-03-29 05:20:59,534.77
2022-03-29 05:21:04,536.7894040367302
2022-03-29 05:21:09,534.71
2022-03-29 05:21:14,534.71
2022-03-29 05:21:19,534.7
2022-03-29 05:21:24,536.8486649569614
2022-03-29 05:21:29,536.8634801870193
2022-03-29 05:21:34,534.64
2022-03-29 05:21:39,534.6
2022-03-29 05:21:44,534.6
2022-03-29 05:21:49,534.6
2022-03-29 05:21:54,534.6
2022-03-29 05:21:59,536.9523715673662
2022-03-29 05:22:04,534.53
2022-03-29 05:22:09,536.9820020274817
2022-03-29 05:22:14,534.53
2022-03-29 05:22:19,534.53
2022-03-29 05:22:24,534.6
2022-03-29 05:22:29,534.53
2022-03-29 05:22:34,534.53
2022-03-29 05:22:39,534.6
2022-03-29 05:22:44,537.0857086378865
2022-03-29 05:22:49,534.59
2022-03-29 05:22:54,534.59
2022-03-29 05:22:59,534.53
2022-03-29 05:23:04,534.59
2022-03-29 05:23:09,537.1597847881756
2022-03-29 05:23:14,534.53
2022-03-29 05:23:19,537.1894152482911
2022-03-29 05:23:24,534.53
2022-03-29 05:23:29,534.52
2022-03-29 05:23:34,537.2338609384645
2022-03-29 05:23:39,534.52
2022-03-29 05:23:44,534.52
2022-03-29 05:23:49,534.58
2022-03-29 05:23:54,534.58
2022-03-29 05:23:59,534.58
2022-03-29 05:24:04,534.59
2022-03-29 05:24:09,534.59
2022-03-29 05:24:14,534.58
2022-03-29 05:24:19,534.58
2022-03-29 05:24:24,534.62
2022-03-29 05:24:29,537.3968284691006
2022-03-29 05:24:34,537.4116436991583
2022-03-29 05:24:39,534.58
2022-03-29 05:24:44,534.62
2022-03-29 05:24:49,534.68
2022-03-29 05:24:54,534.68
2022-03-29 05:24:59,534.68
2022-03-29 05:25:04,534.68
2022-03-29 05:25:09,534.74
2022-03-29 05:25:14,534.74
2022-03-29 05:25:19,534.81
2022-03-29 05:25:24,534.81
2022-03-29 05:25:29,534.81
2022-03-29 05:25:34,537.5894264598521
2022-03-29 05:25:39,534.84
2022-03-29 05:25:44,534.84
2022-03-29 05:25:49,537.6338721500256
2022-03-29 05:25:54,534.91
2022-03-29 05:25:59,534.97
2022-03-29 05:26:04,534.97
2022-03-29 05:26:09,537.6931330702569
2022-03-29 05:26:14,534.97
2022-03-29 05:26:19,535.04
2022-03-29 05:26:24,535.04
2022-03-29 05:26:29,535.1
2022-03-29 05:26:34,535.1
2022-03-29 05:26:39,535.13
2022-03-29 05:26:44,535.1
2022-03-29 05:26:49,535.1
2022-03-29 05:26:54,537.8264701407771
2022-03-29 05:26:59,535.13
2022-03-29 05:27:04,535.14
2022-03-29 05:27:09,537.8709158309506
2022-03-29 05:27:14,535.14
2022-03-29 05:27:19,535.14
2022-03-29 05:27:24,535.14
2022-03-29 05:27:29,537.9301767511819
2022-03-29 05:27:34,535.14
2022-03-29 05:27:39,535.14
2022-03-29 05:27:44,535.14
2022-03-29 05:27:49,535.11
2022-03-29 05:27:54,538.0290866422253
2022-03-29 05:27:59,535.11
2022-03-29 05:28:04,538.0703914735694
2022-03-29 05:28:09,535.05
2022-03-29 05:28:14,535.05
2022-03-29 05:28:19,535.11
2022-03-29 05:28:24,535.05
2022-03-29 05:28:29,534.99
2022-03-29 05:28:34,535.05
2022-03-29 05:28:39,538.214958383274
2022-03-29 05:28:44,535.05
2022-03-29 05:28:49,535.05
2022-03-29 05:28:54,538.2769156302904
2022-03-29 05:28:59,535.05
2022-03-29 05:29:04,534.99
2022-03-29 05:29:09,534.99
2022-03-29 05:29:14,538.3595252929788
2022-03-29 05:29:19,534.99
2022-03-29 05:29:24,534.99
2022-03-29 05:29:29,534.99
2022-03-29 05:29:34,534.93
2022-03-29 05:29:39,538.4627873713393
2022-03-29 05:29:44,534.93
2022-03-29 05:29:49,534.93
2022-03-29 05:29:54,538.5247446183556
2022-03-29 05:29:59,534.87
2022-03-29 05:30:04,538.5660494496998
2022-03-29 05:30:09,534.87
2022-03-29 05:30:14,534.87
2022-03-29 05:30:19,534.87
2022-03-29 05:30:24,534.93
2022-03-29 05:30:29,534.84
2022-03-29 05:30:34,538.6899639437323
2022-03-29 05:30:39,538.7106163594045
2022-03-29 05:30:44,534.77
2022-03-29 05:30:49,538.7519211907487
2022-03-29 05:30:54,534.77
2022-03-29 05:30:59,534.71
2022-03-29 05:31:04,534.71
2022-03-29 05:31:09,538.8345308534371
2022-03-29 05:31:14,534.71
2022-03-29 05:31:19,534.64
2022-03-29 05:31:24,534.64
2022-03-29 05:31:29,538.9171405161254
2022-03-29 05:31:34,538.9377929317976
2022-03-29 05:31:39,534.61
2022-03-29 05:31:44,534.61
2022-03-29 05:31:49,538.9997501788139
2022-03-29 05:31:54,534.54
2022-03-29 05:31:59,534.48
2022-03-29 05:32:04,534.48
2022-03-29 05:32:09,534.48
2022-03-29 05:32:14,534.42
2022-03-29 05:32:19,534.35
2022-03-29 05:32:24,539.1443170885186
2022-03-29 05:32:29,534.32
2022-03-29 05:32:34,534.25
2022-03-29 05:32:39,534.25
2022-03-29 05:32:44,534.19
2022-03-29 05:32:49,534.19
2022-03-29 05:32:54,534.12
2022-03-29 05:32:59,539.2888839982232
2022-03-29 05:33:04,534.12
2022-03-29 05:33:09,534.09
2022-03-29 05:33:14,534.09
2022-03-29 05:33:19,534.03
2022-03-29 05:33:24,533.96
2022-03-29 05:33:29,539.4127984922559
2022-03-29 05:33:34,533.89
2022-03-29 05:33:39,533.89
2022-03-29 05:33:44,539.4747557392722
2022-03-29 05:33:49,533.89
2022-03-29 05:33:54,533.82
2022-03-29 05:33:59,533.82
2022-03-29 05:34:04,533.73
2022-03-29 05:34:09,533.73
2022-03-29 05:34:14,533.73
2022-03-29 05:34:19,539.6193226489769
2022-03-29 05:34:24,533.66
2022-03-29 05:34:29,539.6606274803211
2022-03-29 05:34:34,533.59
2022-03-29 05:34:39,533.56
2022-03-29 05:34:44,533.56
2022-03-29 05:34:49,539.7432371430094
2022-03-29 05:34:54,533.49
2022-03-29 05:34:59,533.49
2022-03-29 05:35:04,533.43
2022-03-29 05:35:09,533.43
2022-03-29 05:35:14,533.36
2022-03-29 05:35:19,533.29
2022-03-29 05:35:24,533.3
2022-03-29 05:35:29,533.3
2022-03-29 05:35:34,533.26
2022-03-29 05:35:39,533.26
2022-03-29 05:35:44,539.9704137154025
2022-03-29 05:35:49,539.9910661310746
2022-03-29 05:35:54,533.13
2022-03-29 05:35:59,533.13
2022-03-29 05:36:04,533.13
2022-03-29 05:36:09,533.07
2022-03-29 05:36:14,533.07
2022-03-29 05:36:19,533.07
2022-03-29 05:36:24,540.1356330407793
2022-03-29 05:36:29,540.1562854564514
2022-03-29 05:36:34,532.97
2022-03-29 05:36:39,540.1975902877956
2022-03-29 05:36:44,532.97
2022-03-29 05:36:49,532.9
2022-03-29 05:36:54,532.9
2022-03-29 05:36:59,532.9
2022-03-29 05:37:04,532.9
2022-03-29 05:37:09,532.9
2022-03-29 05:37:14,532.84
2022-03-29 05:37:19,540.3628096131723
2022-03-29 05:37:24,532.84
2022-03-29 05:37:29,532.84
2022-03-29 05:37:34,540.4247668601887
2022-03-29 05:37:39,540.4454192758608
2022-03-29 05:37:44,540.4660716915329
2022-03-29 05:37:49,532.74
2022-03-29 05:37:54,532.68
2022-03-29 05:37:59,532.68
2022-03-29 05:38:04,532.62
2022-03-29 05:38:09,540.5693337698934
2022-03-29 05:38:14,532.52
2022-03-29 05:38:19,532.52
2022-03-29 05:38:24,532.39
2022-03-29 05:38:29,532.39
2022-03-29 05:38:34,532.26
2022-03-29 05:38:39,540.693248263926
2022-03-29 05:38:44,540.713900679598
2022-03-29 05:38:49,540.7345530952703
2022-03-29 05:38:54,532.04
2022-03-29 05:38:59,532.01
2022-03-29 05:39:04,531.94
2022-03-29 05:39:09,531.88
2022-03-29 05:39:14,531.75
2022-03-29 05:39:19,540.8584675893028
2022-03-29 05:39:24,531.66
2022-03-29 05:39:29,531.59
2022-03-29 05:39:34,531.49
2022-03-29 05:39:39,531.37
2022-03-29 05:39:44,531.3
2022-03-29 05:39:49,531.21
2022-03-29 05:39:54,531.21
2022-03-29 05:39:59,531.08
2022-03-29 05:40:04,541.0443393303517
2022-03-29 05:40:09,530.92
2022-03-29 05:40:14,541.0856441616959
2022-03-29 05:40:19,530.73
2022-03-29 05:40:24,530.69
2022-03-29 05:40:29,541.1476014087121
2022-03-29 05:40:34,530.57
2022-03-29 05:40:39,541.1889062400563
2022-03-29 05:40:44,530.48
2022-03-29 05:40:49,530.48
2022-03-29 05:40:54,541.2508634870726
2022-03-29 05:40:59,530.41
2022-03-29 05:41:04,530.35
2022-03-29 05:41:09,541.3128207340889
2022-03-29 05:41:14,530.28
2022-03-29 05:41:19,530.29
2022-03-29 05:41:24,530.29
2022-03-29 05:41:29,530.22
2022-03-29 05:41:34,530.23
2022-03-29 05:41:39,541.4335793569895
2022-03-29 05:41:44,530.23
2022-03-29 05:41:49,530.19
2022-03-29 05:41:54,530.2
2022-03-29 05:41:59,530.19
2022-03-29 05:42:04,530.2
2022-03-29 05:42:09,541.4607348421152
2022-03-29 05:42:14,541.4652607563028
2022-03-29 05:42:19,530.2
2022-03-29 05:42:24,530.14
2022-03-29 05:42:29,541.4788384988657
2022-03-29 05:42:34,530.2
2022-03-29 05:42:39,530.2
2022-03-29 05:42:44,530.2
2022-03-29 05:42:49,530.2
2022-03-29 05:42:54,530.2
2022-03-29 05:42:59,530.2
2022-03-29 05:43:04,541.5105198981789
2022-03-29 05:43:09,530.24
2022-03-29 05:43:14,530.23
2022-03-29 05:43:19,530.3
2022-03-29 05:43:24,541.5286235549294
2022-03-29 05:43:29,541.533149469117
2022-03-29 05:43:34,530.3
2022-03-29 05:43:39,530.36
2022-03-29 05:43:44,530.43
2022-03-29 05:43:49,530.43
2022-03-29 05:43:54,530.43
2022-03-29 05:43:59,530.43
2022-03-29 05:44:04,541.5648308684304
2022-03-29 05:44:09,530.53
2022-03-29 05:44:14,530.59
2022-03-29 05:44:19,530.66
2022-03-29 05:44:24,530.66
2022-03-29 05:44:29,541.5874604393684
2022-03-29 05:44:34,530.75
2022-03-29 05:44:39,530.88
2022-03-29 05:44:44,541.6010381819312
2022-03-29 05:44:49,530.94
2022-03-29 05:44:54,541.6100900103065
2022-03-29 05:44:59,531.04
2022-03-29 05:45:04,531.1
2022-03-29 05:45:09,531.1
2022-03-29 05:45:14,531.26
2022-03-29 05:45:19,541.6327195812446
2022-03-29 05:45:24,531.26
2022-03-29 05:45:29,541.6417714096198
2022-03-29 05:45:34,531.39
2022-03-29 05:45:39,531.45
2022-03-29 05:45:44,531.55
2022-03-29 05:45:49,531.61
2022-03-29 05:45:54,531.67
2022-03-29 05:45:59,541.6689268947455
2022-03-29 05:46:04,541.6734528089331
2022-03-29 05:46:09,541.6779787231206
2022-03-29 05:46:14,531.77
2022-03-29 05:46:19,531.83
2022-03-29 05:46:24,541.6915564656836
2022-03-29 05:46:29,531.89
2022-03-29 05:46:34,541.7006082940587
2022-03-29 05:46:39,531.96
2022-03-29 05:46:44,532.02
2022-03-29 05:46:49,541.7141860366216
2022-03-29 05:46:54,532.05
2022-03-29 05:46:59,532.05
2022-03-29 05:47:04,541.7277637791844
2022-03-29 05:47:09,541.7322896933721
2022-03-29 05:47:14,532.11
2022-03-29 05:47:19,532.11
2022-03-29 05:47:24,532.11
2022-03-29 05:47:29,532.24
2022-03-29 05:47:34,532.24
2022-03-29 05:47:39,532.27
2022-03-29 05:47:44,532.27
2022-03-29 05:47:49,532.33
2022-03-29 05:47:54,532.27
2022-03-29 05:47:59,532.33
2022-03-29 05:48:04,532.33
2022-03-29 05:48:09,532.33
2022-03-29 05:48:14,532.39
2022-03-29 05:48:19,541.7956524919987
2022-03-29 05:48:24,541.8001784061862
2022-03-29 05:48:29,532.52
2022-03-29 05:48:34,532.56
2022-03-29 05:48:39,532.62
2022-03-29 05:48:44,532.62
2022-03-29 05:48:49,532.68
2022-03-29 05:48:54,532.75
2022-03-29 05:48:59,532.75
2022-03-29 05:49:04,532.85
2022-03-29 05:49:09,541.8409116338748
2022-03-29 05:49:14,541.8454375480624
2022-03-29 05:49:19,532.85
2022-03-29 05:49:24,532.91
2022-03-29 05:49:29,532.91
2022-03-29 05:49:34,541.8635412048129
2022-03-29 05:49:39,533.04
2022-03-29 05:49:44,541.8725930331881
2022-03-29 05:49:49,533.07
2022-03-29 05:49:54,541.8816448615634
2022-03-29 05:49:59,541.886170775751
2022-03-29 05:50:04,541.8906966899385
2022-03-29 05:50:09,533.2
2022-03-29 05:50:14,533.2
2022-03-29 05:50:19,533.26
2022-03-29 05:50:24,541.9088003466891
2022-03-29 05:50:29,533.27
2022-03-29 05:50:34,533.3
2022-03-29 05:50:39,533.3
2022-03-29 05:50:44,533.3
2022-03-29 05:50:49,533.36
2022-03-29 05:50:54,533.36
2022-03-29 05:50:59,533.36
2022-03-29 05:51:04,533.36
2022-03-29 05:51:09,541.9495335743776
2022-03-29 05:51:14,533.36
2022-03-29 05:51:19,533.36
2022-03-29 05:51:24,533.36
2022-03-29 05:51:29,541.967637231128
2022-03-29 05:51:34,541.9721631453157
2022-03-29 05:51:39,533.36
2022-03-29 05:51:44,541.9812149736908
2022-03-29 05:51:49,533.37
2022-03-29 05:51:54,533.3
2022-03-29 05:51:59,533.37
2022-03-29 05:52:04,533.37
2022-03-29 05:52:09,533.37
2022-03-29 05:52:14,542.0083704588166
2022-03-29 05:52:19,533.31
2022-03-29 05:52:24,533.37
2022-03-29 05:52:29,533.31
2022-03-29 05:52:34,533.31
2022-03-29 05:52:39,533.28
2022-03-29 05:52:44,533.28
2022-03-29 05:52:49,542.0400518581298
2022-03-29 05:52:54,533.22
2022-03-29 05:52:59,533.22
2022-03-29 05:53:04,542.0536296006927
2022-03-29 05:53:09,533.15
2022-03-29 05:53:14,533.15
2022-03-29 05:53:19,533.16
2022-03-29 05:53:24,533.09
2022-03-29 05:53:29,542.0762591716308
2022-03-29 05:53:34,533.09
2022-03-29 05:53:39,533.06
2022-03-29 05:53:44,542.0898369141936
2022-03-29 05:53:49,533.06
2022-03-29 05:53:54,533.06
2022-03-29 05:53:59,533.06
2022-03-29 05:54:04,533.0
2022-03-29 05:54:09,533.0
2022-03-29 05:54:14,532.93
2022-03-29 05:54:19,533.0
2022-03-29 05:54:24,532.94
2022-03-29 05:54:29,532.93
2022-03-29 05:54:34,532.94
2022-03-29 05:54:39,532.87
2022-03-29 05:54:44,532.94
2022-03-29 05:54:49,532.81
2022-03-29 05:54:54,532.87
2022-03-29 05:54:59,532.81
2022-03-29 05:55:04,542.1622515411955
2022-03-29 05:55:09,532.88
2022-03-29 05:55:14,542.1713033695706
2022-03-29 05:55:19,532.81
2022-03-29 05:55:24,542.1803551979459
2022-03-29 05:55:29,532.78
2022-03-29 05:55:34,542.1894070263211
2022-03-29 05:55:39,532.72
2022-03-29 05:55:44,532.72
2022-03-29 05:55:49,532.72
2022-03-29 05:55:54,532.65
2022-03-29 05:55:59,532.65
2022-03-29 05:56:04,532.59
2022-03-29 05:56:09,542.1541014116935
2022-03-29 05:56:14,542.1455871871673
2022-03-29 05:56:19,532.65
2022-03-29 05:56:24,542.1285587381149
2022-03-29 05:56:29,532.59
2022-03-29 05:56:34,542.1115302890626
2022-03-29 05:56:39,542.1030160645363
2022-03-29 05:56:44,532.59
2022-03-29 05:56:49,532.59
2022-03-29 05:56:54,532.59
2022-03-29 05:56:59,532.59
2022-03-29 05:57:04,532.59
2022-03-29 05:57:09,532.59
2022-03-29 05:57:14,532.59
2022-03-29 05:57:19,532.65
2022-03-29 05:57:24,542.0263880438005
2022-03-29 05:57:29,532.59
2022-03-29 05:57:34,532.59
2022-03-29 05:57:39,532.58
2022-03-29 05:57:44,532.58
2022-03-29 05:57:49,532.65
2022-03-29 05:57:54,532.65
2022-03-29 05:57:59,541.9667884721171
2022-03-29 05:58:04,532.71
2022-03-29 05:58:09,532.71
2022-03-29 05:58:14,541.9412457985384
2022-03-29 05:58:19,541.9327315740122
2022-03-29 05:58:24,532.77
2022-03-29 05:58:29,532.77
2022-03-29 05:58:34,541.9071889004335
2022-03-29 05:58:39,532.81
2022-03-29 05:58:44,541.8901604513812
2022-03-29 05:58:49,532.87
2022-03-29 05:58:54,541.8731320023288
2022-03-29 05:58:59,532.99
2022-03-29 05:59:04,532.99
2022-03-29 05:59:09,541.8475893287501
2022-03-29 05:59:14,533.15
2022-03-29 05:59:19,533.22
2022-03-29 05:59:24,533.21
2022-03-29 05:59:29,541.8135324306453
2022-03-29 05:59:34,533.31
2022-03-29 05:59:39,541.7965039815929
2022-03-29 05:59:44,541.7879897570667
2022-03-29 05:59:49,541.7794755325405
2022-03-29 05:59:54,541.7709613080143
2022-03-29 05:59:59,533.6
2022-03-29 06:00:04,533.6
2022-03-29 06:00:09,541.7454186344357
2022-03-29 06:00:14,541.7369044099095
2022-03-29 06:00:19,541.7283901853833
2022-03-29 06:00:24,541.719875960857
2022-03-29 06:00:29,533.95
2022-03-29 06:00:34,534.08
2022-03-29 06:00:39,534.11
2022-03-29 06:00:44,534.17
2022-03-29 06:00:49,534.24
2022-03-29 06:00:54,541.6687906136999
2022-03-29 06:00:59,534.33
2022-03-29 06:01:04,534.46
2022-03-29 06:01:09,534.53
2022-03-29 06:01:14,541.6347337155951
2022-03-29 06:01:19,534.68
2022-03-29 06:01:24,534.68
2022-03-29 06:01:29,534.75
2022-03-29 06:01:34,534.85
2022-03-29 06:01:39,541.592162592964
2022-03-29 06:01:44,541.5836483684378
2022-03-29 06:01:49,534.98
2022-03-29 06:01:54,535.04
2022-03-29 06:01:59,535.04
2022-03-29 06:02:04,535.14
2022-03-29 06:02:09,541.5410772458067
2022-03-29 06:02:14,541.5325630212806
2022-03-29 06:02:19,541.5240487967544
2022-03-29 06:02:24,541.5155345722281
2022-03-29 06:02:29,535.43
2022-03-29 06:02:34,535.49
2022-03-29 06:02:39,535.49
2022-03-29 06:02:44,535.55
2022-03-29 06:02:49,535.62
2022-03-29 06:02:54,535.62
2022-03-29 06:02:59,535.72
2022-03-29 06:03:04,535.72
2022-03-29 06:03:09,535.78
2022-03-29 06:03:14,535.78
2022-03-29 06:03:19,535.85
2022-03-29 06:03:24,541.4133638779136
2022-03-29 06:03:29,535.88
2022-03-29 06:03:34,535.88
2022-03-29 06:03:39,535.95
2022-03-29 06:03:44,536.01
2022-03-29 06:03:49,536.01
2022-03-29 06:03:54,541.3622785307565
2022-03-29 06:03:59,536.14
2022-03-29 06:04:04,536.14
2022-03-29 06:04:09,536.17
2022-03-29 06:04:14,536.17
2022-03-29 06:04:19,536.24
2022-03-29 06:04:24,536.24
2022-03-29 06:04:29,536.4
2022-03-29 06:04:34,536.41
2022-03-29 06:04:39,536.47
2022-03-29 06:04:44,536.47
2022-03-29 06:04:49,536.53
2022-03-29 06:04:54,536.6
2022-03-29 06:04:59,541.2515936119158
2022-03-29 06:05:04,536.67
2022-03-29 06:05:09,536.7
2022-03-29 06:05:14,536.7
2022-03-29 06:05:19,536.76
2022-03-29 06:05:24,536.83
2022-03-29 06:05:29,541.2005082647586
2022-03-29 06:05:34,536.83
2022-03-29 06:05:39,541.1834798157062
2022-03-29 06:05:44,536.9
2022-03-29 06:05:49,536.84
2022-03-29 06:05:54,536.83
2022-03-29 06:05:59,536.84
2022-03-29 06:06:04,541.1409086930752
2022-03-29 06:06:09,536.9
2022-03-29 06:06:14,541.1238802440228
2022-03-29 06:06:19,536.84
2022-03-29 06:06:24,536.84
2022-03-29 06:06:29,536.84
2022-03-29 06:06:34,536.78
2022-03-29 06:06:39,536.71
2022-03-29 06:06:44,536.71
2022-03-29 06:06:49,536.71
2022-03-29 06:06:54,536.71
2022-03-29 06:06:59,536.62
2022-03-29 06:07:04,536.62
2022-03-29 06:07:09,536.49
2022-03-29 06:07:14,541.0217095497082
2022-03-29 06:07:19,536.43
2022-03-29 06:07:24,536.33
2022-03-29 06:07:29,536.2
2022-03-29 06:07:34,536.2
2022-03-29 06:07:39,536.1
2022-03-29 06:07:44,535.98
2022-03-29 06:07:49,535.88
2022-03-29 06:07:54,535.75
2022-03-29 06:07:59,535.59
2022-03-29 06:08:04,535.46
2022-03-29 06:08:09,540.92805307992
2022-03-29 06:08:14,535.24
2022-03-29 06:08:19,535.14
2022-03-29 06:08:24,534.95
2022-03-29 06:08:29,540.8939961818152
2022-03-29 06:08:34,534.72
2022-03-29 06:08:39,534.63
2022-03-29 06:08:44,534.43
2022-03-29 06:08:49,540.8599392837103
2022-03-29 06:08:54,534.14
2022-03-29 06:08:59,533.98
2022-03-29 06:09:04,533.92
2022-03-29 06:09:09,540.8258823856055
2022-03-29 06:09:14,540.8173681610793
2022-03-29 06:09:19,533.47
2022-03-29 06:09:24,533.34
2022-03-29 06:09:29,533.17
2022-03-29 06:09:34,540.7833112629745
2022-03-29 06:09:39,532.95
2022-03-29 06:09:44,532.79
2022-03-29 06:09:49,532.6
2022-03-29 06:09:54,540.7607013612292
2022-03-29 06:09:59,540.7628031351414
2022-03-29 06:10:04,532.21
2022-03-29 06:10:09,532.15
2022-03-29 06:10:14,531.99
2022-03-29 06:10:19,540.7712102307909
2022-03-29 06:10:24,531.76
2022-03-29 06:10:29,540.7754137786156
2022-03-29 06:10:34,531.47
2022-03-29 06:10:39,540.7796173264403
2022-03-29 06:10:44,531.27
2022-03-29 06:10:49,531.18
2022-03-29 06:10:54,531.01
2022-03-29 06:10:59,531.01
2022-03-29 06:11:04,530.82
2022-03-29 06:11:09,530.75
2022-03-29 06:11:14,530.59
2022-03-29 06:11:19,540.7964315177392
2022-03-29 06:11:24,530.5
2022-03-29 06:11:29,530.37
2022-03-29 06:11:34,530.3
2022-03-29 06:11:39,530.21
2022-03-29 06:11:44,540.806940387301
2022-03-29 06:11:49,530.01
2022-03-29 06:11:54,530.01
2022-03-29 06:11:59,529.85
2022-03-29 06:12:04,540.8153474829504
2022-03-29 06:12:09,529.68
2022-03-29 06:12:14,540.8195510307752
2022-03-29 06:12:19,529.49
2022-03-29 06:12:24,529.39
2022-03-29 06:12:29,529.33
2022-03-29 06:12:34,540.8279581264246
2022-03-29 06:12:39,529.17
2022-03-29 06:12:44,529.1
2022-03-29 06:12:49,529.04
2022-03-29 06:12:54,528.97
2022-03-29 06:12:59,528.94
2022-03-29 06:13:04,528.87
2022-03-29 06:13:09,528.81
2022-03-29 06:13:14,528.81
2022-03-29 06:13:19,528.68
2022-03-29 06:13:24,528.75
2022-03-29 06:13:29,528.68
2022-03-29 06:13:34,528.68
2022-03-29 06:13:39,528.65
2022-03-29 06:13:44,528.65
2022-03-29 06:13:49,528.65
2022-03-29 06:13:54,528.58
2022-03-29 06:13:59,528.65
2022-03-29 06:14:04,528.65
2022-03-29 06:14:09,528.65
2022-03-29 06:14:14,528.68
2022-03-29 06:14:19,528.68
2022-03-29 06:14:24,528.75
2022-03-29 06:14:29,528.68
2022-03-29 06:14:34,528.75
2022-03-29 06:14:39,528.81
2022-03-29 06:14:44,540.882604248146
2022-03-29 06:14:49,528.81
2022-03-29 06:14:54,528.81
2022-03-29 06:14:59,528.87
2022-03-29 06:15:04,528.94
2022-03-29 06:15:09,528.94
2022-03-29 06:15:14,540.8952148916201
2022-03-29 06:15:19,528.97
2022-03-29 06:15:24,529.04
2022-03-29 06:15:29,529.11
2022-03-29 06:15:34,529.17
2022-03-29 06:15:39,529.17
2022-03-29 06:15:44,529.26
2022-03-29 06:15:49,529.26
2022-03-29 06:15:54,529.33
2022-03-29 06:15:59,529.4
2022-03-29 06:16:04,540.9162326307437
2022-03-29 06:16:09,529.49
2022-03-29 06:16:14,529.56
2022-03-29 06:16:19,529.62
2022-03-29 06:16:24,529.69
2022-03-29 06:16:29,540.9267415003054
2022-03-29 06:16:34,529.78
2022-03-29 06:16:39,540.9309450481302
2022-03-29 06:16:44,529.92
2022-03-29 06:16:49,529.98
2022-03-29 06:16:54,530.08
2022-03-29 06:16:59,530.14
2022-03-29 06:17:04,530.21
2022-03-29 06:17:09,530.24
2022-03-29 06:17:14,540.9456574655167
2022-03-29 06:17:19,540.947759239429
2022-03-29 06:17:24,530.5
2022-03-29 06:17:29,540.9519627872537
2022-03-29 06:17:34,530.67
2022-03-29 06:17:39,540.9561663350785
2022-03-29 06:17:44,530.73
2022-03-29 06:17:49,530.83
2022-03-29 06:17:54,530.89
2022-03-29 06:17:59,540.9645734307279
2022-03-29 06:18:04,530.96
2022-03-29 06:18:09,531.03
2022-03-29 06:18:14,531.06
2022-03-29 06:18:19,540.9729805263773
2022-03-29 06:18:24,531.19
2022-03-29 06:18:29,531.25
2022-03-29 06:18:34,540.9792858481144
2022-03-29 06:18:39,531.41
2022-03-29 06:18:44,531.55
2022-03-29 06:18:49,531.58
2022-03-29 06:18:54,531.64
2022-03-29 06:18:59,531.71
2022-03-29 06:19:04,531.87
2022-03-29 06:19:09,531.93
2022-03-29 06:19:14,540.9961000394132
2022-03-29 06:19:19,532.16
2022-03-29 06:19:24,532.22
2022-03-29 06:19:29,532.32
2022-03-29 06:19:34,532.45
2022-03-29 06:19:39,541.0066089089751
2022-03-29 06:19:44,541.0087106828875
2022-03-29 06:19:49,541.0108124567998
2022-03-29 06:19:54,532.81
2022-03-29 06:19:59,541.0150160046245
2022-03-29 06:20:04,541.0171177785369
2022-03-29 06:20:09,533.13
2022-03-29 06:20:14,533.2
2022-03-29 06:20:19,541.0234231002739
2022-03-29 06:20:24,533.33
2022-03-29 06:20:29,533.42
2022-03-29 06:20:34,533.49
2022-03-29 06:20:39,541.0318301959234
2022-03-29 06:20:44,541.0339319698357
2022-03-29 06:20:49,533.77
2022-03-29 06:20:54,541.0381355176605
2022-03-29 06:20:59,541.0402372915728
2022-03-29 06:21:04,541.0423390654852
2022-03-29 06:21:09,534.07
2022-03-29 06:21:14,541.04654261331
2022-03-29 06:21:19,541.0486443872222
2022-03-29 06:21:24,534.16
2022-03-29 06:21:29,541.052847935047
2022-03-29 06:21:34,534.23
2022-03-29 06:21:39,541.0570514828717
2022-03-29 06:21:44,534.29
2022-03-29 06:21:49,534.29
2022-03-29 06:21:54,541.0633568046088
2022-03-29 06:21:59,534.29
2022-03-29 06:22:04,534.23
2022-03-29 06:22:09,534.23
2022-03-29 06:22:14,534.29
2022-03-29 06:22:19,541.0738656741705
2022-03-29 06:22:24,534.22
2022-03-29 06:22:29,541.0780692219953
2022-03-29 06:22:34,534.16
2022-03-29 06:22:39,541.0822727698201
2022-03-29 06:22:44,534.16
2022-03-29 06:22:49,541.0864763176447
2022-03-29 06:22:54,534.22
2022-03-29 06:22:59,534.16
2022-03-29 06:23:04,534.22
2022-03-29 06:23:09,534.15
2022-03-29 06:23:14,541.0969851872065
2022-03-29 06:23:19,534.15
2022-03-29 06:23:24,534.22
2022-03-29 06:23:29,534.22
2022-03-29 06:23:34,534.28
2022-03-29 06:23:39,534.22
2022-03-29 06:23:44,541.1095958306806
2022-03-29 06:23:49,534.28
2022-03-29 06:23:54,541.1136457635779
2022-03-29 06:23:59,534.37
2022-03-29 06:24:04,534.37
2022-03-29 06:24:09,541.0964019169295
2022-03-29 06:24:14,534.44
2022-03-29 06:24:19,534.43
2022-03-29 06:24:24,534.43
2022-03-29 06:24:29,541.0734101213984
2022-03-29 06:24:34,534.5
2022-03-29 06:24:39,534.5
2022-03-29 06:24:44,534.56
2022-03-29 06:24:49,541.0504183258672
2022-03-29 06:24:54,534.5
2022-03-29 06:24:59,541.0389224281017
2022-03-29 06:25:04,541.0331744792189
2022-03-29 06:25:09,534.43
2022-03-29 06:25:14,534.43
2022-03-29 06:25:19,534.43
2022-03-29 06:25:24,541.0101826836878
2022-03-29 06:25:29,534.37
2022-03-29 06:25:34,534.33
2022-03-29 06:25:39,540.9929388370394
2022-03-29 06:25:44,534.27
2022-03-29 06:25:49,534.14
2022-03-29 06:25:54,540.975694990391
2022-03-29 06:25:59,540.9699470415082
2022-03-29 06:26:04,534.04
2022-03-29 06:26:09,540.9584511437428
2022-03-29 06:26:14,533.91
2022-03-29 06:26:19,540.9469552459772
2022-03-29 06:26:24,540.9412072970944
2022-03-29 06:26:29,533.75
2022-03-29 06:26:34,533.69
2022-03-29 06:26:39,533.62
2022-03-29 06:26:44,540.9182155015633
2022-03-29 06:26:49,533.46
2022-03-29 06:26:54,533.33
2022-03-29 06:26:59,533.33
2022-03-29 06:27:04,540.8952237060321
2022-03-29 06:27:09,533.23
2022-03-29 06:27:14,533.17
2022-03-29 06:27:19,533.07
2022-03-29 06:27:24,533.07
2022-03-29 06:27:29,540.8664839616182
2022-03-29 06:27:34,532.88
2022-03-29 06:27:39,532.82
2022-03-29 06:27:44,532.81
2022-03-29 06:27:49,532.78
2022-03-29 06:27:54,532.72
2022-03-29 06:27:59,532.66
2022-03-29 06:28:04,532.59
2022-03-29 06:28:09,540.8205003705559
2022-03-29 06:28:14,540.8147524216731
2022-03-29 06:28:19,532.43
2022-03-29 06:28:24,532.37
2022-03-29 06:28:29,532.37
2022-03-29 06:28:34,532.31
2022-03-29 06:28:39,532.27
2022-03-29 06:28:44,532.28
2022-03-29 06:28:49,532.27
2022-03-29 06:28:54,540.768768830611
2022-03-29 06:28:59,532.21
2022-03-29 06:29:04,532.15
2022-03-29 06:29:09,532.15
2022-03-29 06:29:14,532.15
2022-03-29 06:29:19,532.08
2022-03-29 06:29:24,540.7342811373142
2022-03-29 06:29:29,532.09
2022-03-29 06:29:34,532.15
2022-03-29 06:29:39,532.21
2022-03-29 06:29:44,540.7112893417831
2022-03-29 06:29:49,532.21
2022-03-29 06:29:54,532.28
2022-03-29 06:29:59,532.32
2022-03-29 06:30:04,532.45
2022-03-29 06:30:09,532.45
2022-03-29 06:30:14,532.51
2022-03-29 06:30:19,532.58
2022-03-29 06:30:24,532.61
2022-03-29 06:30:29,532.74
2022-03-29 06:30:34,532.74
2022-03-29 06:30:39,540.6480619040725
2022-03-29 06:30:44,532.84
2022-03-29 06:30:49,532.9
2022-03-29 06:30:54,540.6308180574241
2022-03-29 06:30:59,533.1
2022-03-29 06:31:04,533.1
2022-03-29 06:31:09,533.2
2022-03-29 06:31:14,533.26
2022-03-29 06:31:19,533.33
2022-03-29 06:31:24,533.32
2022-03-29 06:31:29,533.42
2022-03-29 06:31:34,533.42
2022-03-29 06:31:39,533.49
2022-03-29 06:31:44,533.55
2022-03-29 06:31:49,540.5675906197135
2022-03-29 06:31:54,540.5618426708307
2022-03-29 06:31:59,533.62
2022-03-29 06:32:04,540.5503467730651
2022-03-29 06:32:09,533.62
2022-03-29 06:32:14,533.66
2022-03-29 06:32:19,533.62
2022-03-29 06:32:24,533.66
2022-03-29 06:32:29,533.65
2022-03-29 06:32:34,533.72
2022-03-29 06:32:39,533.72
2022-03-29 06:32:44,533.79
2022-03-29 06:32:49,540.4986152331201
2022-03-29 06:32:54,533.85
2022-03-29 06:32:59,533.85
2022-03-29 06:33:04,533.85
2022-03-29 06:33:09,533.95
2022-03-29 06:33:14,533.94
2022-03-29 06:33:19,533.94
2022-03-29 06:33:24,533.94
2022-03-29 06:33:29,534.01
2022-03-29 06:33:34,534.01
2022-03-29 06:33:39,540.4411357442923
2022-03-29 06:33:44,534.14
2022-03-29 06:33:49,534.17
2022-03-29 06:33:54,540.4238918976439
2022-03-29 06:33:59,540.4181439487611
2022-03-29 06:34:04,534.23
2022-03-29 06:34:09,534.23
2022-03-29 06:34:14,540.4009001021128
2022-03-29 06:34:19,534.3
2022-03-29 06:34:24,534.36
2022-03-29 06:34:29,534.36
2022-03-29 06:34:34,540.3779083065817
2022-03-29 06:34:39,534.39
2022-03-29 06:34:44,540.3664124088161
2022-03-29 06:34:49,534.46
2022-03-29 06:34:54,534.46
2022-03-29 06:34:59,534.52
2022-03-29 06:35:04,534.46
2022-03-29 06:35:09,534.52
2022-03-29 06:35:14,534.52
2022-03-29 06:35:19,540.3261767666366
2022-03-29 06:35:24,534.58
2022-03-29 06:35:29,540.314680868871
2022-03-29 06:35:34,540.3089329199883
2022-03-29 06:35:39,540.3031849711055
2022-03-29 06:35:44,534.64
2022-03-29 06:35:49,534.67
2022-03-29 06:35:54,534.67
2022-03-29 06:35:59,534.67
2022-03-29 06:36:04,534.74
2022-03-29 06:36:09,534.74
2022-03-29 06:36:14,540.262949328926
2022-03-29 06:36:19,534.86
2022-03-29 06:36:24,540.2514534311605
2022-03-29 06:36:29,540.2457054822777
2022-03-29 06:36:34,540.2399575333949
2022-03-29 06:36:39,534.8
2022-03-29 06:36:44,534.86
2022-03-29 06:36:49,534.86
2022-03-29 06:36:54,534.86
2022-03-29 06:36:59,534.89
2022-03-29 06:37:04,534.89
2022-03-29 06:37:09,534.89
2022-03-29 06:37:14,534.95
2022-03-29 06:37:19,540.1882259934498
2022-03-29 06:37:24,534.95
2022-03-29 06:37:29,534.95
2022-03-29 06:37:34,535.02
2022-03-29 06:37:39,535.08
2022-03-29 06:37:44,535.08
2022-03-29 06:37:49,535.14
2022-03-29 06:37:54,535.14
2022-03-29 06:37:59,535.14
2022-03-29 06:38:04,540.1321941137356
2022-03-29 06:38:09,535.24
2022-03-29 06:38:14,535.24
2022-03-29 06:38:19,535.3
2022-03-29 06:38:24,535.3
2022-03-29 06:38:29,535.37
2022-03-29 06:38:34,540.0708533822881
2022-03-29 06:38:39,535.37
2022-03-29 06:38:44,540.0504064718056
2022-03-29 06:38:49,535.4
2022-03-29 06:38:54,540.029959561323
2022-03-29 06:38:59,535.4
2022-03-29 06:39:04,535.4
2022-03-29 06:39:09,535.4
2022-03-29 06:39:14,539.989065740358
2022-03-29 06:39:19,535.4
2022-03-29 06:39:24,535.4
2022-03-29 06:39:29,539.9583953746343
2022-03-29 06:39:34,539.948171919393
2022-03-29 06:39:39,539.9379484641518
2022-03-29 06:39:44,535.4
2022-03-29 06:39:49,535.46
2022-03-29 06:39:54,535.46
2022-03-29 06:39:59,535.53
2022-03-29 06:40:04,535.53
2022-03-29 06:40:09,539.8766077327042
2022-03-29 06:40:14,535.53
2022-03-29 06:40:19,535.6
2022-03-29 06:40:24,535.6
2022-03-29 06:40:29,535.6
2022-03-29 06:40:34,535.66
2022-03-29 06:40:39,539.8152670012566
2022-03-29 06:40:44,535.6
2022-03-29 06:40:49,539.7948200907741
2022-03-29 06:40:54,535.66
2022-03-29 06:40:59,539.7743731802915
2022-03-29 06:41:04,535.66
2022-03-29 06:41:09,535.6
2022-03-29 06:41:14,535.66
2022-03-29 06:41:19,539.7334793593266
2022-03-29 06:41:24,535.6
2022-03-29 06:41:29,539.7130324488439
2022-03-29 06:41:34,535.6
2022-03-29 06:41:39,535.6
2022-03-29 06:41:44,535.54
2022-03-29 06:41:49,535.47
2022-03-29 06:41:54,539.6619151726377
2022-03-29 06:41:59,535.47
2022-03-29 06:42:04,539.6414682621552
2022-03-29 06:42:09,535.41
2022-03-29 06:42:14,539.6210213516727
2022-03-29 06:42:19,535.38
2022-03-29 06:42:24,535.32
2022-03-29 06:42:29,535.32
2022-03-29 06:42:34,535.25
2022-03-29 06:42:39,535.19
2022-03-29 06:42:44,535.16
2022-03-29 06:42:49,535.16
2022-03-29 06:42:54,535.1
2022-03-29 06:42:59,535.1
2022-03-29 06:43:04,535.03
2022-03-29 06:43:09,534.97
2022-03-29 06:43:14,539.4983398887775
2022-03-29 06:43:19,534.91
2022-03-29 06:43:24,539.477892978295
2022-03-29 06:43:29,534.88
2022-03-29 06:43:34,534.81
2022-03-29 06:43:39,534.81
2022-03-29 06:43:44,539.43699915733
2022-03-29 06:43:49,534.75
2022-03-29 06:43:54,534.69
2022-03-29 06:43:59,534.69
2022-03-29 06:44:04,539.3961053363649
2022-03-29 06:44:09,534.59
2022-03-29 06:44:14,539.3756584258824
2022-03-29 06:44:19,534.59
2022-03-29 06:44:24,534.53
2022-03-29 06:44:29,539.3449880601586
2022-03-29 06:44:34,539.3347646049174
2022-03-29 06:44:39,534.47
2022-03-29 06:44:44,534.47
2022-03-29 06:44:49,534.4
2022-03-29 06:44:54,539.2938707839523
2022-03-29 06:44:59,534.37
2022-03-29 06:45:04,534.37
2022-03-29 06:45:09,534.37
2022-03-29 06:45:14,534.37
2022-03-29 06:45:19,534.37
2022-03-29 06:45:24,534.31
2022-03-29 06:45:29,534.31
2022-03-29 06:45:34,534.37
2022-03-29 06:45:39,539.201859686781
2022-03-29 06:45:44,534.38
2022-03-29 06:45:49,539.1814127762984
2022-03-29 06:45:54,539.1711893210572
2022-03-29 06:45:59,534.31
2022-03-29 06:46:04,534.37
2022-03-29 06:46:09,534.4
2022-03-29 06:46:14,534.37
2022-03-29 06:46:19,534.37
2022-03-29 06:46:24,534.47
2022-03-29 06:46:29,539.0996251343684
2022-03-29 06:46:34,534.47
2022-03-29 06:46:39,534.53
2022-03-29 06:46:44,539.0689547686445
2022-03-29 06:46:49,534.6
2022-03-29 06:46:54,534.66
2022-03-29 06:46:59,534.66
2022-03-29 06:47:04,539.0280609476795
2022-03-29 06:47:09,534.69
2022-03-29 06:47:14,534.76
2022-03-29 06:47:19,538.9973905819558
2022-03-29 06:47:24,534.82
2022-03-29 06:47:29,534.92
2022-03-29 06:47:34,538.9667202162319
2022-03-29 06:47:39,538.9564967609907
2022-03-29 06:47:44,535.11
2022-03-29 06:47:49,535.11
2022-03-29 06:47:54,538.9258263952669
2022-03-29 06:47:59,535.2
2022-03-29 06:48:04,535.27
2022-03-29 06:48:09,535.4
2022-03-29 06:48:14,535.43
2022-03-29 06:48:19,535.42
2022-03-29 06:48:24,538.8644856638193
2022-03-29 06:48:29,538.8542622085781
2022-03-29 06:48:34,538.8440387533368
2022-03-29 06:48:39,538.8338152980956
2022-03-29 06:48:44,535.84
2022-03-29 06:48:49,535.84
2022-03-29 06:48:54,535.94
2022-03-29 06:48:59,536.06
2022-03-29 06:49:04,536.13
2022-03-29 06:49:09,536.19
2022-03-29 06:49:14,538.7622511114067
2022-03-29 06:49:19,536.35
2022-03-29 06:49:24,538.7418042009242
2022-03-29 06:49:29,536.51
2022-03-29 06:49:34,536.64
2022-03-29 06:49:39,536.74
2022-03-29 06:49:44,536.87
2022-03-29 06:49:49,536.93
2022-03-29 06:49:54,537.02
2022-03-29 06:49:59,537.09
2022-03-29 06:50:04,537.21
2022-03-29 06:50:09,537.31
2022-03-29 06:50:14,538.6395696485116
2022-03-29 06:50:19,537.54
2022-03-29 06:50:24,537.6
2022-03-29 06:50:29,537.73
2022-03-29 06:50:34,537.83
2022-03-29 06:50:39,538.5884523723054
2022-03-29 06:50:44,537.98
2022-03-29 06:50:49,538.05
2022-03-29 06:50:54,538.5577820065815
2022-03-29 06:50:59,538.28
2022-03-29 06:51:04,538.537335096099
2022-03-29 06:51:09,538.4
2022-03-29 06:51:14,538.5
2022-03-29 06:51:19,538.63
2022-03-29 06:51:24,538.496441275134
2022-03-29 06:51:29,538.79
2022-03-29 06:51:34,538.85
2022-03-29 06:51:39,539.01
2022-03-29 06:51:44,539.08
2022-03-29 06:51:49,538.4453239989276
2022-03-29 06:51:54,539.21
2022-03-29 06:51:59,539.3
2022-03-29 06:52:04,539.43
2022-03-29 06:52:09,538.4284450267835
2022-03-29 06:52:14,538.4448410677408
2022-03-29 06:52:19,538.4612371086979
2022-03-29 06:52:24,539.72
2022-03-29 06:52:29,539.79
2022-03-29 06:52:34,539.82
2022-03-29 06:52:39,538.5268212725265
2022-03-29 06:52:44,539.95
2022-03-29 06:52:49,539.95
2022-03-29 06:52:54,540.01
2022-03-29 06:52:59,540.05
2022-03-29 06:53:04,540.17
2022-03-29 06:53:09,540.17
2022-03-29 06:53:14,540.18
2022-03-29 06:53:19,538.6579896001838
2022-03-29 06:53:24,538.6743856411409
2022-03-29 06:53:29,540.34
2022-03-29 06:53:34,540.34
2022-03-29 06:53:39,538.7235737640124
2022-03-29 06:53:44,538.7399698049696
2022-03-29 06:53:49,540.47
2022-03-29 06:53:54,540.53
2022-03-29 06:53:59,540.53
2022-03-29 06:54:04,538.8055539687982
2022-03-29 06:54:09,538.8219500097554
2022-03-29 06:54:14,540.63
2022-03-29 06:54:19,538.8547420916697
2022-03-29 06:54:24,540.7
2022-03-29 06:54:29,540.7
2022-03-29 06:54:34,538.9039302145411
2022-03-29 06:54:39,538.9203262554984
2022-03-29 06:54:44,540.83
2022-03-29 06:54:49,538.9531183374127
2022-03-29 06:54:54,540.86
2022-03-29 06:54:59,540.93
2022-03-29 06:55:04,540.93
2022-03-29 06:55:09,540.93
2022-03-29 06:55:14,540.99
2022-03-29 06:55:19,540.99
2022-03-29 06:55:24,540.99
2022-03-29 06:55:29,539.0842866650698
2022-03-29 06:55:34,539.100682706027
2022-03-29 06:55:39,539.1170787469842
2022-03-29 06:55:44,541.06
2022-03-29 06:55:49,541.1
2022-03-29 06:55:54,539.1662668698557
2022-03-29 06:55:59,541.1
2022-03-29 06:56:04,539.1990589517701
2022-03-29 06:56:09,539.2154549927271
2022-03-29 06:56:14,541.16
2022-03-29 06:56:19,541.16
2022-03-29 06:56:24,539.2646431155987
2022-03-29 06:56:29,541.1
2022-03-29 06:56:34,541.17
2022-03-29 06:56:39,539.3138312384701
2022-03-29 06:56:44,539.3302272794273
2022-03-29 06:56:49,539.3466233203844
2022-03-29 06:56:54,541.17
2022-03-29 06:56:59,541.11
2022-03-29 06:57:04,539.395811443256
2022-03-29 06:57:09,541.11
2022-03-29 06:57:14,541.17
2022-03-29 06:57:19,541.11
2022-03-29 06:57:24,541.11
2022-03-29 06:57:29,539.4777916480417
2022-03-29 06:57:34,539.4941876889989
2022-03-29 06:57:39,541.08
2022-03-29 06:57:44,541.11
2022-03-29 06:57:49,541.08
2022-03-29 06:57:54,539.5597718528275
2022-03-29 06:57:59,541.08
2022-03-29 06:58:04,541.07
2022-03-29 06:58:09,541.01
2022-03-29 06:58:14,541.01
2022-03-29 06:58:19,540.95
2022-03-29 06:58:24,540.95
2022-03-29 06:58:29,539.6745441395276
2022-03-29 06:58:34,540.88
2022-03-29 06:58:39,539.7073362214419
2022-03-29 06:58:44,540.79
2022-03-29 06:58:49,540.72
2022-03-29 06:58:54,540.72
2022-03-29 06:58:59,539.7729203852706
2022-03-29 06:59:04,539.7893164262277
2022-03-29 06:59:09,540.56
2022-03-29 06:59:14,540.49
2022-03-29 06:59:19,539.8385045490992
2022-03-29 06:59:24,540.36
2022-03-29 06:59:29,540.36
2022-03-29 06:59:34,540.27
2022-03-29 06:59:39,540.27
2022-03-29 06:59:44,540.2
2022-03-29 06:59:49,540.14
2022-03-29 06:59:54,540.07
2022-03-29 06:59:59,539.98
2022-03-29 07:00:04,539.9860689177136
2022-03-29 07:00:09,539.84
2022-03-29 07:00:14,539.81
2022-03-29 07:00:19,539.68
2022-03-29 07:00:24,540.0516530815423
2022-03-29 07:00:29,539.52
2022-03-29 07:00:34,540.0844451634565
2022-03-29 07:00:39,539.33
2022-03-29 07:00:44,540.1172372453709
2022-03-29 07:00:49,539.17
2022-03-29 07:00:54,539.04
2022-03-29 07:00:59,540.1664253682424
2022-03-29 07:01:04,538.81
2022-03-29 07:01:09,540.1992174501567
2022-03-29 07:01:14,538.65
2022-03-29 07:01:19,538.51
2022-03-29 07:01:24,538.42
2022-03-29 07:01:29,538.35
2022-03-29 07:01:34,540.2811976549424
2022-03-29 07:01:39,538.06
2022-03-29 07:01:44,540.3139897368568
2022-03-29 07:01:49,537.9
2022-03-29 07:01:54,537.77
2022-03-29 07:01:59,537.74
2022-03-29 07:02:04,537.61
2022-03-29 07:02:09,537.48
2022-03-29 07:02:14,537.38
2022-03-29 07:02:19,537.32
2022-03-29 07:02:24,537.16
2022-03-29 07:02:29,537.09
2022-03-29 07:02:34,536.96
2022-03-29 07:02:39,536.86
2022-03-29 07:02:44,536.73
2022-03-29 07:02:49,536.7
2022-03-29 07:02:54,536.57
2022-03-29 07:02:59,536.57
2022-03-29 07:03:04,540.5763263921714
2022-03-29 07:03:09,540.5927224331284
2022-03-29 07:03:14,536.18
2022-03-29 07:03:19,536.05
2022-03-29 07:03:24,535.93
2022-03-29 07:03:29,540.6583065969571
2022-03-29 07:03:34,535.76
2022-03-29 07:03:39,535.7
2022-03-29 07:03:44,540.7074947198286
2022-03-29 07:03:49,535.54
2022-03-29 07:03:54,540.7402868017429
2022-03-29 07:03:59,535.38
2022-03-29 07:04:04,535.31
2022-03-29 07:04:09,535.25
2022-03-29 07:04:14,535.15
2022-03-29 07:04:19,535.15
2022-03-29 07:04:24,540.8386630474859
2022-03-29 07:04:29,540.855059088443
2022-03-29 07:04:34,534.95
2022-03-29 07:04:39,540.8878511703573
2022-03-29 07:04:44,534.86
2022-03-29 07:04:49,534.8
2022-03-29 07:04:54,540.9370392932287
2022-03-29 07:04:59,540.953435334186
2022-03-29 07:05:04,540.9698313751431
2022-03-29 07:05:09,534.57
2022-03-29 07:05:14,541.0026234570574
2022-03-29 07:05:19,534.44
2022-03-29 07:05:24,534.51
2022-03-29 07:05:29,534.44
2022-03-29 07:05:34,534.44
2022-03-29 07:05:39,534.38
2022-03-29 07:05:44,534.35
2022-03-29 07:05:49,534.35
2022-03-29 07:05:54,534.35
2022-03-29 07:05:59,541.1501878256719
2022-03-29 07:06:04,534.28
2022-03-29 07:06:09,534.22
2022-03-29 07:06:14,541.2012258092666
2022-03-29 07:06:19,534.22
2022-03-29 07:06:24,534.22
2022-03-29 07:06:29,541.2569935991651
2022-03-29 07:06:34,534.16
2022-03-29 07:06:39,541.2941721257641
2022-03-29 07:06:44,534.16
2022-03-29 07:06:49,534.13
2022-03-29 07:06:54,534.13
2022-03-29 07:06:59,541.3685291789623
2022-03-29 07:07:04,534.13
2022-03-29 07:07:09,534.13
2022-03-29 07:07:14,534.07
2022-03-29 07:07:19,541.4428862321603
2022-03-29 07:07:24,541.4614754954599
2022-03-29 07:07:29,534.07
2022-03-29 07:07:34,541.4986540220589
2022-03-29 07:07:39,541.5172432853584
2022-03-29 07:07:44,541.5358325486579
2022-03-29 07:07:49,541.5544218119575
2022-03-29 07:07:54,534.23
2022-03-29 07:07:59,534.17
2022-03-29 07:08:04,541.610189601856
2022-03-29 07:08:09,534.23
2022-03-29 07:08:14,534.3
2022-03-29 07:08:19,534.3
2022-03-29 07:08:24,534.4
2022-03-29 07:08:29,541.7031359183536
2022-03-29 07:08:34,541.7217251816531
2022-03-29 07:08:39,534.47
2022-03-29 07:08:44,534.53
2022-03-29 07:08:49,534.53
2022-03-29 07:08:54,534.6
2022-03-29 07:08:59,534.66
2022-03-29 07:09:04,534.69
2022-03-29 07:09:09,534.76
2022-03-29 07:09:14,534.83
2022-03-29 07:09:19,534.89
2022-03-29 07:09:24,541.9076178146483
2022-03-29 07:09:29,535.05
2022-03-29 07:09:34,535.12
2022-03-29 07:09:39,541.9633856045469
2022-03-29 07:09:44,535.22
2022-03-29 07:09:49,542.000564131146
2022-03-29 07:09:54,535.41
2022-03-29 07:09:59,542.0377426577451
2022-03-29 07:10:04,535.57
2022-03-29 07:10:09,535.64
2022-03-29 07:10:14,535.7
2022-03-29 07:10:19,535.8
2022-03-29 07:10:24,535.86
2022-03-29 07:10:29,535.86
2022-03-29 07:10:34,535.96
2022-03-29 07:10:39,536.09
2022-03-29 07:10:44,542.2050460274407
2022-03-29 07:10:49,536.22
2022-03-29 07:10:54,536.22
2022-03-29 07:10:59,536.32
2022-03-29 07:11:04,536.32
2022-03-29 07:11:09,542.2979923439384
2022-03-29 07:11:14,536.45
2022-03-29 07:11:19,536.47
2022-03-29 07:11:24,536.47
2022-03-29 07:11:29,536.61
2022-03-29 07:11:34,536.67
2022-03-29 07:11:39,536.74
2022-03-29 07:11:44,542.428117187035
2022-03-29 07:11:49,536.83
2022-03-29 07:11:54,536.83
2022-03-29 07:11:59,536.96
2022-03-29 07:12:04,542.5024742402331
2022-03-29 07:12:09,542.5210635035326
2022-03-29 07:12:14,542.5396527668322
2022-03-29 07:12:19,537.12
2022-03-29 07:12:24,537.12
2022-03-29 07:12:29,542.5954205567308
2022-03-29 07:12:34,537.25
2022-03-29 07:12:39,542.6325990833298
2022-03-29 07:12:44,542.6511883466293
2022-03-29 07:12:49,542.6697776099288
2022-03-29 07:12:54,537.47
2022-03-29 07:12:59,542.7069561365279
2022-03-29 07:13:04,542.7255453998274
2022-03-29 07:13:09,542.7441346631268
2022-03-29 07:13:14,542.7627239264265
2022-03-29 07:13:19,542.7813131897259
2022-03-29 07:13:24,537.69
2022-03-29 07:13:29,542.8184917163251
2022-03-29 07:13:34,537.79
2022-03-29 07:13:39,537.78
2022-03-29 07:13:44,542.8742595062236
2022-03-29 07:13:49,542.8928487695231
2022-03-29 07:13:54,537.98
2022-03-29 07:13:59,537.98
2022-03-29 07:14:04,542.9486165594217
2022-03-29 07:14:09,538.07
2022-03-29 07:14:14,538.07
2022-03-29 07:14:19,543.0043843493202
2022-03-29 07:14:24,538.14
2022-03-29 07:14:29,543.0415628759192
2022-03-29 07:14:34,538.2
2022-03-29 07:14:39,538.13
2022-03-29 07:14:44,538.2
2022-03-29 07:14:49,538.2
2022-03-29 07:14:54,538.2
2022-03-29 07:14:59,538.19
2022-03-29 07:15:04,538.19
2022-03-29 07:15:09,538.26
2022-03-29 07:15:14,538.26
2022-03-29 07:15:19,543.2274555089144
2022-03-29 07:15:24,538.25
2022-03-29 07:15:29,543.2646340355135
2022-03-29 07:15:34,538.19
2022-03-29 07:15:39,538.26
2022-03-29 07:15:44,538.19
2022-03-29 07:15:49,538.19
2022-03-29 07:15:54,538.19
2022-03-29 07:15:59,538.19
2022-03-29 07:16:04,538.19
2022-03-29 07:16:09,538.13
2022-03-29 07:16:14,538.12
2022-03-29 07:16:19,538.12
2022-03-29 07:16:24,543.4691159318083
2022-03-29 07:16:29,538.06
2022-03-29 07:16:34,538.06
2022-03-29 07:16:39,538.0
2022-03-29 07:16:44,543.5434729850064
2022-03-29 07:16:49,543.5620622483059
2022-03-29 07:16:54,538.0
2022-03-29 07:16:59,543.599240774905
2022-03-29 07:17:04,543.6178300382045
2022-03-29 07:17:09,537.9
2022-03-29 07:17:14,537.9
2022-03-29 07:17:19,537.83
2022-03-29 07:17:24,543.6921870914025
2022-03-29 07:17:29,543.710776354702
2022-03-29 07:17:34,543.7293656180017
2022-03-29 07:17:39,543.7479548813011
2022-03-29 07:17:44,537.67
2022-03-29 07:17:49,537.61
2022-03-29 07:17:54,537.61
2022-03-29 07:17:59,537.48
2022-03-29 07:18:04,537.55
2022-03-29 07:18:09,543.8594904610983
2022-03-29 07:18:14,537.39
2022-03-29 07:18:19,537.39
2022-03-29 07:18:24,543.9152582509968
2022-03-29 07:18:29,537.22
2022-03-29 07:18:34,543.9524367775958
2022-03-29 07:18:39,537.16
2022-03-29 07:18:44,543.989615304195
2022-03-29 07:18:49,544.0082045674944
2022-03-29 07:18:54,537.03
2022-03-29 07:18:59,537.03
2022-03-29 07:19:04,537.04
2022-03-29 07:19:09,536.94
2022-03-29 07:19:14,544.1011508839921
2022-03-29 07:19:19,544.1197401472916
2022-03-29 07:19:24,544.138329410591
2022-03-29 07:19:29,544.1569186738907
2022-03-29 07:19:34,544.1755079371901
2022-03-29 07:19:39,536.75
2022-03-29 07:19:44,544.2126864637892
2022-03-29 07:19:49,536.72
2022-03-29 07:19:54,536.72
2022-03-29 07:19:59,536.72
2022-03-29 07:20:04,536.72
2022-03-29 07:20:09,544.3056327802868
2022-03-29 07:20:14,544.3242220435864
2022-03-29 07:20:19,536.66
2022-03-29 07:20:24,544.3208059898537
2022-03-29 07:20:29,544.3166498249192
2022-03-29 07:20:34,544.3124936599846
2022-03-29 07:20:39,544.3083374950501
2022-03-29 07:20:44,536.53
2022-03-29 07:20:49,544.3000251651811
2022-03-29 07:20:54,536.47
2022-03-29 07:20:59,536.47
2022-03-29 07:21:04,536.47
2022-03-29 07:21:09,536.44
2022-03-29 07:21:14,536.47
2022-03-29 07:21:19,536.44
2022-03-29 07:21:24,536.47
2022-03-29 07:21:29,544.2667758457048
2022-03-29 07:21:34,536.47
2022-03-29 07:21:39,536.47
2022-03-29 07:21:44,536.47
2022-03-29 07:21:49,544.2501511859666
2022-03-29 07:21:54,536.47
2022-03-29 07:21:59,536.54
2022-03-29 07:22:04,536.61
2022-03-29 07:22:09,536.54
2022-03-29 07:22:14,536.61
2022-03-29 07:22:19,536.61
2022-03-29 07:22:24,544.221058031425
2022-03-29 07:22:29,544.2169018664904
2022-03-29 07:22:34,536.67
2022-03-29 07:22:39,544.2085895366213
2022-03-29 07:22:44,536.67
2022-03-29 07:22:49,536.67
2022-03-29 07:22:54,544.1961210418177
2022-03-29 07:22:59,536.74
2022-03-29 07:23:04,536.77
2022-03-29 07:23:09,536.77
2022-03-29 07:23:14,536.77
2022-03-29 07:23:19,536.83
2022-03-29 07:23:24,544.1711840522105
2022-03-29 07:23:29,536.83
2022-03-29 07:23:34,544.1628717223415
2022-03-29 07:23:39,544.1587155574069
2022-03-29 07:23:44,536.9
2022-03-29 07:23:49,536.9
2022-03-29 07:23:54,536.96
2022-03-29 07:23:59,536.96
2022-03-29 07:24:04,536.96
2022-03-29 07:24:09,536.99
2022-03-29 07:24:14,536.99
2022-03-29 07:24:19,536.99
2022-03-29 07:24:24,537.05
2022-03-29 07:24:29,537.05
2022-03-29 07:24:34,544.112997743127
2022-03-29 07:24:39,537.12
2022-03-29 07:24:44,537.18
2022-03-29 07:24:49,537.18
2022-03-29 07:24:54,537.24
2022-03-29 07:24:59,544.0922169184544
2022-03-29 07:25:04,537.34
2022-03-29 07:25:09,537.4
2022-03-29 07:25:14,537.4
2022-03-29 07:25:19,544.0755922587163
2022-03-29 07:25:24,537.47
2022-03-29 07:25:29,537.5
2022-03-29 07:25:34,537.57
2022-03-29 07:25:39,544.0589675989781
2022-03-29 07:25:44,544.0548114340436
2022-03-29 07:25:49,544.050655269109
2022-03-29 07:25:54,537.63
2022-03-29 07:25:59,544.04234293924
2022-03-29 07:26:04,537.69
2022-03-29 07:26:09,537.69
2022-03-29 07:26:14,537.69
2022-03-29 07:26:19,537.69
2022-03-29 07:26:24,544.0215621145674
2022-03-29 07:26:29,544.0174059496328
2022-03-29 07:26:34,544.0132497846982
2022-03-29 07:26:39,537.75
2022-03-29 07:26:44,544.0049374548292
2022-03-29 07:26:49,537.75
2022-03-29 07:26:54,537.75
2022-03-29 07:26:59,537.74
2022-03-29 07:27:04,543.9883127950911
2022-03-29 07:27:09,537.74
2022-03-29 07:27:14,537.68
2022-03-29 07:27:19,543.9758443002875
2022-03-29 07:27:24,537.68
2022-03-29 07:27:29,537.68
2022-03-29 07:27:34,537.68
2022-03-29 07:27:39,543.9592196405493
2022-03-29 07:27:44,537.61
2022-03-29 07:27:49,537.61
2022-03-29 07:27:54,537.68
2022-03-29 07:27:59,537.61
2022-03-29 07:28:04,543.9384388158767
2022-03-29 07:28:09,537.55
2022-03-29 07:28:14,537.54
2022-03-29 07:28:19,537.55
2022-03-29 07:28:24,537.48
2022-03-29 07:28:29,537.48
2022-03-29 07:28:34,537.48
2022-03-29 07:28:39,543.909345661335
2022-03-29 07:28:44,537.45
2022-03-29 07:28:49,537.38
2022-03-29 07:28:54,537.38
2022-03-29 07:28:59,543.8927210015968
2022-03-29 07:29:04,537.32
2022-03-29 07:29:09,543.8844086717278
2022-03-29 07:29:14,537.32
2022-03-29 07:29:19,537.25
2022-03-29 07:29:24,537.22
2022-03-29 07:29:29,537.16
2022-03-29 07:29:34,537.09
2022-03-29 07:29:39,537.09
2022-03-29 07:29:44,543.855315517186
2022-03-29 07:29:49,536.96
2022-03-29 07:29:54,536.93
2022-03-29 07:29:59,543.8428470223824
2022-03-29 07:30:04,536.8
2022-03-29 07:30:09,536.74
2022-03-29 07:30:14,536.64
2022-03-29 07:30:19,536.58
2022-03-29 07:30:24,536.51
2022-03-29 07:30:29,536.45
2022-03-29 07:30:34,536.42
2022-03-29 07:30:39,536.35
2022-03-29 07:30:44,543.8054415379717
2022-03-29 07:30:49,536.22
2022-03-29 07:30:54,543.7971292081025
2022-03-29 07:30:59,536.13
2022-03-29 07:31:04,543.7888168782335
2022-03-29 07:31:09,536.07
2022-03-29 07:31:14,536.06
2022-03-29 07:31:19,543.7763483834299
2022-03-29 07:31:24,535.94
2022-03-29 07:31:29,535.91
2022-03-29 07:31:34,543.7638798886263
2022-03-29 07:31:39,543.7597237236918
2022-03-29 07:31:44,535.78
2022-03-29 07:31:49,535.72
2022-03-29 07:31:54,535.68
2022-03-29 07:31:59,535.62
2022-03-29 07:32:04,535.55
2022-03-29 07:32:09,535.56
2022-03-29 07:32:14,535.56
2022-03-29 07:32:19,535.49
2022-03-29 07:32:24,535.49
2022-03-29 07:32:29,543.7181620743464
2022-03-29 07:32:34,535.4
2022-03-29 07:32:39,535.4
2022-03-29 07:32:44,535.4
2022-03-29 07:32:49,535.34
2022-03-29 07:32:54,543.6973812496738
2022-03-29 07:32:59,535.34
2022-03-29 07:33:04,543.6890689198048
2022-03-29 07:33:09,535.27
2022-03-29 07:33:14,543.6807565899356
2022-03-29 07:33:19,543.6766004250011
2022-03-29 07:33:24,535.34
2022-03-29 07:33:29,535.28
2022-03-29 07:33:34,535.34
2022-03-29 07:33:39,543.659975765263
2022-03-29 07:33:44,543.6558196003284
2022-03-29 07:33:49,535.35
2022-03-29 07:33:54,535.44
2022-03-29 07:33:59,535.44
2022-03-29 07:34:04,543.6391949405903
2022-03-29 07:34:09,535.51
2022-03-29 07:34:14,535.51
2022-03-29 07:34:19,543.6267264457867
2022-03-29 07:34:24,543.6149301045064
2022-03-29 07:34:29,535.64
2022-03-29 07:34:34,543.5855712511186
2022-03-29 07:34:39,535.7
2022-03-29 07:34:44,543.5562123977309
2022-03-29 07:34:49,543.541532971037
2022-03-29 07:34:54,535.8
2022-03-29 07:34:59,543.5121741176492
2022-03-29 07:35:04,535.87
2022-03-29 07:35:09,535.93
2022-03-29 07:35:14,535.93
2022-03-29 07:35:19,536.03
2022-03-29 07:35:24,536.03
2022-03-29 07:35:29,536.03
2022-03-29 07:35:34,543.409418130792
2022-03-29 07:35:39,536.16
2022-03-29 07:35:44,536.16
2022-03-29 07:35:49,543.3653798507103
2022-03-29 07:35:54,536.25
2022-03-29 07:35:59,536.32
2022-03-29 07:36:04,536.32
2022-03-29 07:36:09,536.38
2022-03-29 07:36:14,536.45
2022-03-29 07:36:19,536.48
2022-03-29 07:36:24,536.48
2022-03-29 07:36:29,543.2479444371593
2022-03-29 07:36:34,536.6
2022-03-29 07:36:39,536.67
2022-03-29 07:36:44,543.2039061570777
2022-03-29 07:36:49,543.1892267303838
2022-03-29 07:36:54,536.76
2022-03-29 07:36:59,536.83
2022-03-29 07:37:04,543.145188450302
2022-03-29 07:37:09,536.96
2022-03-29 07:37:14,536.99
2022-03-29 07:37:19,537.05
2022-03-29 07:37:24,543.0864707435265
2022-03-29 07:37:29,543.0717913168327
2022-03-29 07:37:34,537.11
2022-03-29 07:37:39,543.0424324634449
2022-03-29 07:37:44,543.0277530367509
2022-03-29 07:37:49,543.0130736100572
2022-03-29 07:37:54,542.9983941833633
2022-03-29 07:37:59,542.9837147566693
2022-03-29 07:38:04,542.9690353299754
2022-03-29 07:38:09,537.46
2022-03-29 07:38:14,537.46
2022-03-29 07:38:19,537.49
2022-03-29 07:38:24,542.9103176232
2022-03-29 07:38:29,537.56
2022-03-29 07:38:34,537.56
2022-03-29 07:38:39,542.8662793431183
2022-03-29 07:38:44,537.55
2022-03-29 07:38:49,537.62
2022-03-29 07:38:54,537.62
2022-03-29 07:38:59,537.62
2022-03-29 07:39:04,537.55
2022-03-29 07:39:09,537.61
2022-03-29 07:39:14,537.55
2022-03-29 07:39:19,542.7488439295672
2022-03-29 07:39:24,537.55
2022-03-29 07:39:29,537.54
2022-03-29 07:39:34,542.7048056494856
2022-03-29 07:39:39,537.54
2022-03-29 07:39:44,537.48
2022-03-29 07:39:49,537.48
2022-03-29 07:39:54,537.48
2022-03-29 07:39:59,537.48
2022-03-29 07:40:04,537.48
2022-03-29 07:40:09,537.48
2022-03-29 07:40:14,537.47
2022-03-29 07:40:19,537.44
2022-03-29 07:40:24,537.47
2022-03-29 07:40:29,537.44
2022-03-29 07:40:34,537.44
2022-03-29 07:40:39,537.44
2022-03-29 07:40:44,542.4992936757712
2022-03-29 07:40:49,537.44
2022-03-29 07:40:54,542.4699348223835
2022-03-29 07:40:59,542.4552553956896
2022-03-29 07:41:04,537.44
2022-03-29 07:41:09,542.4258965423018
2022-03-29 07:41:14,537.44
2022-03-29 07:41:19,537.44
2022-03-29 07:41:24,542.3818582622201
2022-03-29 07:41:29,537.44
2022-03-29 07:41:34,542.3524994088324
2022-03-29 07:41:39,537.37
2022-03-29 07:41:44,542.3231405554446
2022-03-29 07:41:49,537.37
2022-03-29 07:41:54,537.31
2022-03-29 07:41:59,537.31
2022-03-29 07:42:04,537.31
2022-03-29 07:42:09,542.2497434219753
2022-03-29 07:42:14,537.25
2022-03-29 07:42:19,542.2203845685874
2022-03-29 07:42:24,537.21
2022-03-29 07:42:29,537.21
2022-03-29 07:42:34,542.1763462885058
2022-03-29 07:42:39,537.21
2022-03-29 07:42:44,537.21
2022-03-29 07:42:49,537.15
2022-03-29 07:42:54,537.15
2022-03-29 07:42:59,537.09
2022-03-29 07:43:04,537.02
2022-03-29 07:43:09,542.0735903016487
2022-03-29 07:43:14,542.0589108749548
2022-03-29 07:43:19,536.96
2022-03-29 07:43:24,536.96
2022-03-29 07:43:29,536.93
2022-03-29 07:43:34,536.87
2022-03-29 07:43:39,541.9855137414853
2022-03-29 07:43:44,536.8
2022-03-29 07:43:49,536.8
2022-03-29 07:43:54,541.9414754614037
2022-03-29 07:43:59,541.9267960347098
2022-03-29 07:44:04,536.74
2022-03-29 07:44:09,536.71
2022-03-29 07:44:14,536.71
2022-03-29 07:44:19,536.65
2022-03-29 07:44:24,536.64
2022-03-29 07:44:29,536.65
2022-03-29 07:44:34,536.58
2022-03-29 07:44:39,536.58
2022-03-29 07:44:44,541.7946811944648
2022-03-29 07:44:49,536.52
2022-03-29 07:44:54,541.7653223410771
2022-03-29 07:44:59,536.46
2022-03-29 07:45:04,536.43
2022-03-29 07:45:09,536.43
2022-03-29 07:45:14,541.7066046343015
2022-03-29 07:45:19,536.37
2022-03-29 07:45:24,541.6772457809138
2022-03-29 07:45:29,536.37
2022-03-29 07:45:34,541.647886927526
2022-03-29 07:45:39,536.31
2022-03-29 07:45:44,536.24
2022-03-29 07:45:49,536.25
2022-03-29 07:45:54,536.25
2022-03-29 07:45:59,536.21
2022-03-29 07:46:04,536.15
2022-03-29 07:46:09,536.21
2022-03-29 07:46:14,536.15
2022-03-29 07:46:19,536.09
2022-03-29 07:46:24,536.09
2022-03-29 07:46:29,536.09
2022-03-29 07:46:34,536.03
2022-03-29 07:46:39,536.03
2022-03-29 07:46:44,535.93
2022-03-29 07:46:49,535.96
2022-03-29 07:46:54,535.94
2022-03-29 07:46:59,535.94
2022-03-29 07:47:04,541.3836572470361
2022-03-29 07:47:09,541.3689778203423
2022-03-29 07:47:14,535.87
2022-03-29 07:47:19,535.81
2022-03-29 07:47:24,535.81
2022-03-29 07:47:29,541.3102601135668
2022-03-29 07:47:34,535.75
2022-03-29 07:47:39,535.71
2022-03-29 07:47:44,535.75
2022-03-29 07:47:49,541.2515424067911
2022-03-29 07:47:54,535.72
2022-03-29 07:47:59,541.2221835534034
2022-03-29 07:48:04,541.2075041267095
2022-03-29 07:48:09,535.65
2022-03-29 07:48:14,535.59
2022-03-29 07:48:19,535.59
2022-03-29 07:48:24,535.59
2022-03-29 07:48:29,541.1231283765782
2022-03-29 07:48:34,541.0919971225696
2022-03-29 07:48:39,535.52
2022-03-29 07:48:44,541.0297346145529
2022-03-29 07:48:49,535.46
2022-03-29 07:48:54,535.43
2022-03-29 07:48:59,540.9363408525278
2022-03-29 07:49:04,535.3
2022-03-29 07:49:09,540.874078344511
2022-03-29 07:49:14,535.3
2022-03-29 07:49:19,535.3
2022-03-29 07:49:24,535.24
2022-03-29 07:49:29,535.21
2022-03-29 07:49:34,535.2
2022-03-29 07:49:39,535.14
2022-03-29 07:49:44,535.14
2022-03-29 07:49:49,535.08
2022-03-29 07:49:54,535.01
2022-03-29 07:49:59,535.01
2022-03-29 07:50:04,534.95
2022-03-29 07:50:09,540.5005032964101
2022-03-29 07:50:14,534.94
2022-03-29 07:50:19,534.95
2022-03-29 07:50:24,534.94
2022-03-29 07:50:29,534.94
2022-03-29 07:50:34,534.94
2022-03-29 07:50:39,540.3137157723597
2022-03-29 07:50:44,534.94
2022-03-29 07:50:49,540.2514532643429
2022-03-29 07:50:54,534.94
2022-03-29 07:50:59,540.1891907563261
2022-03-29 07:51:04,534.94
2022-03-29 07:51:09,534.94
2022-03-29 07:51:14,534.94
2022-03-29 07:51:19,540.0646657402925
2022-03-29 07:51:24,534.91
2022-03-29 07:51:29,534.9
2022-03-29 07:51:34,539.9712719782673
2022-03-29 07:51:39,534.9
2022-03-29 07:51:44,534.9
2022-03-29 07:51:49,534.9
2022-03-29 07:51:54,534.84
2022-03-29 07:51:59,534.84
2022-03-29 07:52:04,534.78
2022-03-29 07:52:09,534.77
2022-03-29 07:52:14,534.77
2022-03-29 07:52:19,534.71
2022-03-29 07:52:24,534.71
2022-03-29 07:52:29,539.6288281841748
2022-03-29 07:52:34,534.67
2022-03-29 07:52:39,539.566565676158
2022-03-29 07:52:44,534.61
2022-03-29 07:52:49,539.5043031681413
2022-03-29 07:52:54,539.4731719141329
2022-03-29 07:52:59,539.4420406601245
2022-03-29 07:53:04,539.4109094061162
2022-03-29 07:53:09,539.3797781521076
2022-03-29 07:53:14,534.42
2022-03-29 07:53:19,539.3175156440909
2022-03-29 07:53:24,534.32
2022-03-29 07:53:29,534.25
2022-03-29 07:53:34,534.19
2022-03-29 07:53:39,534.16
2022-03-29 07:53:44,534.16
2022-03-29 07:53:49,534.09
2022-03-29 07:53:54,539.099596866032
2022-03-29 07:53:59,533.97
2022-03-29 07:54:04,533.97
2022-03-29 07:54:09,539.0062031040069
2022-03-29 07:54:14,538.9750718499985
2022-03-29 07:54:19,538.9439405959902
2022-03-29 07:54:24,533.8
2022-03-29 07:54:29,533.74
2022-03-29 07:54:34,533.74
2022-03-29 07:54:39,538.8194155799565
2022-03-29 07:54:44,533.65
2022-03-29 07:54:49,533.65
2022-03-29 07:54:54,533.58
2022-03-29 07:54:59,533.58
2022-03-29 07:55:04,533.52
2022-03-29 07:55:09,538.632628055906
2022-03-29 07:55:14,533.45
2022-03-29 07:55:19,538.5703655478892
2022-03-29 07:55:24,538.5392342938809
2022-03-29 07:55:29,533.39
2022-03-29 07:55:34,533.39
2022-03-29 07:55:39,533.39
2022-03-29 07:55:44,538.4147092778474
2022-03-29 07:55:49,533.36
2022-03-29 07:55:54,533.36
2022-03-29 07:55:59,533.36
2022-03-29 07:56:04,533.36
2022-03-29 07:56:09,533.36
2022-03-29 07:56:14,538.227921753797
2022-03-29 07:56:19,533.3
2022-03-29 07:56:24,533.3
2022-03-29 07:56:29,533.3
2022-03-29 07:56:34,533.3
2022-03-29 07:56:39,533.3
2022-03-29 07:56:44,533.24
2022-03-29 07:56:49,533.3
2022-03-29 07:56:54,537.9788717217297
2022-03-29 07:56:59,537.9477404677211
2022-03-29 07:57:04,533.24
2022-03-29 07:57:09,533.31
2022-03-29 07:57:14,533.31
2022-03-29 07:57:19,533.31
2022-03-29 07:57:24,537.7920841976793
2022-03-29 07:57:29,533.38
2022-03-29 07:57:34,533.38
2022-03-29 07:57:39,533.38
2022-03-29 07:57:44,533.38
2022-03-29 07:57:49,533.41
2022-03-29 07:57:54,533.41
2022-03-29 07:57:59,533.41
2022-03-29 07:58:04,537.5430341656121
2022-03-29 07:58:09,537.5119029116037
2022-03-29 07:58:14,533.48
2022-03-29 07:58:19,533.48
2022-03-29 07:58:24,533.54
2022-03-29 07:58:29,533.55
2022-03-29 07:58:34,533.55
2022-03-29 07:58:39,537.3251153875533
2022-03-29 07:58:44,533.67
2022-03-29 07:58:49,533.67
2022-03-29 07:58:54,533.71
2022-03-29 07:58:59,533.77
2022-03-29 07:59:04,537.1694591175112
2022-03-29 07:59:09,537.1383278635028
2022-03-29 07:59:14,533.9
2022-03-29 07:59:19,534.0
2022-03-29 07:59:24,534.0
2022-03-29 07:59:29,534.13
2022-03-29 07:59:34,534.13
2022-03-29 07:59:39,534.19
2022-03-29 07:59:44,534.23
2022-03-29 07:59:49,534.29
2022-03-29 07:59:54,534.42
2022-03-29 07:59:59,534.52
2022-03-29 08:00:04,534.58
2022-03-29 08:00:09,536.764752815402
2022-03-29 08:00:14,536.7336215613936
2022-03-29 08:00:19,534.87
2022-03-29 08:00:24,536.6713590533768
2022-03-29 08:00:29,536.6402277993684
2022-03-29 08:00:34,535.16
2022-03-29 08:00:39,536.5779652913516
2022-03-29 08:00:44,535.32
2022-03-29 08:00:49,535.45
2022-03-29 08:00:54,535.55
2022-03-29 08:00:59,535.68
2022-03-29 08:01:04,535.77
2022-03-29 08:01:09,535.9
2022-03-29 08:01:14,535.99
2022-03-29 08:01:19,536.12
2022-03-29 08:01:24,536.19
2022-03-29 08:01:29,536.35
2022-03-29 08:01:34,536.2355214972591
2022-03-29 08:01:39,536.57
2022-03-29 08:01:44,536.7
2022-03-29 08:01:49,536.142127735234
2022-03-29 08:01:54,536.93
2022-03-29 08:01:59,536.0798652272173
2022-03-29 08:02:04,537.21
2022-03-29 08:02:09,536.0176027192005
2022-03-29 08:02:14,537.5
2022-03-29 08:02:19,537.6
2022-03-29 08:02:24,537.79
2022-03-29 08:02:29,537.83
2022-03-29 08:02:34,537.95
2022-03-29 08:02:39,538.11
2022-03-29 08:02:44,538.31
2022-03-29 08:02:49,538.34
2022-03-29 08:02:54,536.1215633358665
2022-03-29 08:02:59,538.56
2022-03-29 08:03:04,538.76
2022-03-29 08:03:09,536.2782288251801
2022-03-29 08:03:14,539.04
2022-03-29 08:03:19,536.3826724847227
2022-03-29 08:03:24,539.2
2022-03-29 08:03:29,539.36
2022-03-29 08:03:34,539.49
2022-03-29 08:03:39,536.5915598038074
2022-03-29 08:03:44,536.6437816335787
2022-03-29 08:03:49,539.84
2022-03-29 08:03:54,539.88
2022-03-29 08:03:59,540.0
2022-03-29 08:04:04,540.1
2022-03-29 08:04:09,540.23
2022-03-29 08:04:14,536.957112612206
2022-03-29 08:04:19,540.45
2022-03-29 08:04:24,540.58
2022-03-29 08:04:29,540.61
2022-03-29 08:04:34,540.68
2022-03-29 08:04:39,540.81
2022-03-29 08:04:44,540.87
2022-03-29 08:04:49,540.97
2022-03-29 08:04:54,541.03
2022-03-29 08:04:59,541.13
2022-03-29 08:05:04,537.4793309099178
2022-03-29 08:05:09,537.5315527396889
2022-03-29 08:05:14,537.5837745694603
2022-03-29 08:05:19,537.6359963992314
2022-03-29 08:05:24,541.55
2022-03-29 08:05:29,541.61
2022-03-29 08:05:34,541.71
2022-03-29 08:05:39,541.84
2022-03-29 08:05:44,541.9
2022-03-29 08:05:49,542.0
2022-03-29 08:05:54,538.00154920763
2022-03-29 08:05:59,542.13
2022-03-29 08:06:04,542.16
2022-03-29 08:06:09,542.22
2022-03-29 08:06:14,538.2104365267147
2022-03-29 08:06:19,542.42
2022-03-29 08:06:24,542.45
2022-03-29 08:06:29,542.51
2022-03-29 08:06:34,542.58
2022-03-29 08:06:39,538.4715456755707
2022-03-29 08:06:44,542.68
2022-03-29 08:06:49,542.74
2022-03-29 08:06:54,538.6282111648843
2022-03-29 08:06:59,542.87
2022-03-29 08:07:04,542.93
2022-03-29 08:07:09,542.93
2022-03-29 08:07:14,542.97
2022-03-29 08:07:19,543.03
2022-03-29 08:07:24,543.1
2022-03-29 08:07:29,543.1
2022-03-29 08:07:34,543.16
2022-03-29 08:07:39,543.16
2022-03-29 08:07:44,543.16
2022-03-29 08:07:49,543.2
2022-03-29 08:07:54,543.2
2022-03-29 08:07:59,539.3070949519098
2022-03-29 08:08:04,539.3593167816812
2022-03-29 08:08:09,539.4115386114523
2022-03-29 08:08:14,539.4637604412234
2022-03-29 08:08:19,543.39
2022-03-29 08:08:24,543.39
2022-03-29 08:08:29,543.39
2022-03-29 08:08:34,543.39
2022-03-29 08:08:39,539.7248695900795
2022-03-29 08:08:44,543.46
2022-03-29 08:08:49,543.49
2022-03-29 08:08:54,543.46
2022-03-29 08:08:59,543.49
2022-03-29 08:09:04,543.49
2022-03-29 08:09:09,543.56
2022-03-29 08:09:14,543.56
2022-03-29 08:09:19,543.56
2022-03-29 08:09:24,543.56
2022-03-29 08:09:29,543.56
2022-03-29 08:09:34,543.57
2022-03-29 08:09:39,543.63
2022-03-29 08:09:44,540.403753377105
2022-03-29 08:09:49,543.63
2022-03-29 08:09:54,540.5081970366475
2022-03-29 08:09:59,543.63
2022-03-29 08:10:04,543.64
2022-03-29 08:10:09,543.64
2022-03-29 08:10:14,540.7170843557325
2022-03-29 08:10:19,540.7693061855035
2022-03-29 08:10:24,540.8215280152747
2022-03-29 08:10:29,540.8737498450461
2022-03-29 08:10:34,543.58
2022-03-29 08:10:39,543.58
2022-03-29 08:10:44,543.64
2022-03-29 08:10:49,541.0826371641307
2022-03-29 08:10:54,543.64
2022-03-29 08:10:59,543.58
2022-03-29 08:11:04,543.58
2022-03-29 08:11:09,541.2915244832154
2022-03-29 08:11:14,543.59
2022-03-29 08:11:19,543.65
2022-03-29 08:11:24,543.59
2022-03-29 08:11:29,543.59
2022-03-29 08:11:34,543.59
2022-03-29 08:11:39,543.59
2022-03-29 08:11:44,543.65
2022-03-29 08:11:49,541.7092991213851
2022-03-29 08:11:54,541.7615209511562
2022-03-29 08:11:59,543.59
2022-03-29 08:12:04,541.8659646106987
2022-03-29 08:12:09,543.59
2022-03-29 08:12:14,543.53
2022-03-29 08:12:19,543.53
2022-03-29 08:12:24,543.53
2022-03-29 08:12:29,543.53
2022-03-29 08:12:34,543.59
2022-03-29 08:12:39,543.59
2022-03-29 08:12:44,542.2837392488684
2022-03-29 08:12:49,543.59
2022-03-29 08:12:54,542.3881829084108
2022-03-29 08:12:59,543.59
2022-03-29 08:13:04,543.66
2022-03-29 08:13:09,543.66
2022-03-29 08:13:14,543.66
2022-03-29 08:13:19,542.6492920572666
2022-03-29 08:13:24,542.701513887038
2022-03-29 08:13:29,542.7537357168092
2022-03-29 08:13:34,542.8059575465803
2022-03-29 08:13:39,543.72
2022-03-29 08:13:44,543.72
2022-03-29 08:13:49,543.75
2022-03-29 08:13:54,543.75
2022-03-29 08:13:59,543.0670666954363
2022-03-29 08:14:04,543.1192885252075
2022-03-29 08:14:09,543.88
2022-03-29 08:14:14,543.2237321847499
2022-03-29 08:14:19,543.2759540145211
2022-03-29 08:14:24,543.94
2022-03-29 08:14:29,543.3803976740635
2022-03-29 08:14:34,543.94
2022-03-29 08:14:39,544.01
2022-03-29 08:14:44,544.01
2022-03-29 08:14:49,544.04
2022-03-29 08:14:54,544.04
2022-03-29 08:14:59,544.04
2022-03-29 08:15:04,544.1
2022-03-29 08:15:09,543.7981723122332
2022-03-29 08:15:14,544.1
2022-03-29 08:15:19,544.1
2022-03-29 08:15:24,543.9548378015468
2022-03-29 08:15:29,544.23
2022-03-29 08:15:34,544.22
2022-03-29 08:15:39,544.23
2022-03-29 08:15:44,544.26
2022-03-29 08:15:49,544.2159469504029
2022-03-29 08:15:54,544.32
2022-03-29 08:15:59,544.32
2022-03-29 08:16:04,544.38
2022-03-29 08:16:09,544.38
2022-03-29 08:16:14,544.45
2022-03-29 08:16:19,544.45
2022-03-29 08:16:24,544.51
2022-03-29 08:16:29,544.6337215885723
2022-03-29 08:16:34,544.54
2022-03-29 08:16:39,544.51
2022-03-29 08:16:44,544.54
2022-03-29 08:16:49,544.54
2022-03-29 08:16:54,544.54
2022-03-29 08:16:59,544.6681766765878
2022-03-29 08:17:04,544.54
2022-03-29 08:17:09,544.6500348908808
2022-03-29 08:17:14,544.6409639980271
2022-03-29 08:17:19,544.67
2022-03-29 08:17:24,544.67
2022-03-29 08:17:29,544.67
2022-03-29 08:17:34,544.6046804266128
2022-03-29 08:17:39,544.5956095337593
2022-03-29 08:17:44,544.74
2022-03-29 08:17:49,544.67
2022-03-29 08:17:54,544.67
2022-03-29 08:17:59,544.559325962345
2022-03-29 08:18:04,544.73
2022-03-29 08:18:09,544.74
2022-03-29 08:18:14,544.74
2022-03-29 08:18:19,544.5230423909309
2022-03-29 08:18:24,544.5139714980774
2022-03-29 08:18:29,544.74
2022-03-29 08:18:34,544.74
2022-03-29 08:18:39,544.4867588195167
2022-03-29 08:18:44,544.4776879266631
2022-03-29 08:18:49,544.74
2022-03-29 08:18:54,544.4595461409559
2022-03-29 08:18:59,544.74
2022-03-29 08:19:04,544.74
2022-03-29 08:19:09,544.74
2022-03-29 08:19:14,544.4232625695417
2022-03-29 08:19:19,544.67
2022-03-29 08:19:24,544.74
2022-03-29 08:19:29,544.68
2022-03-29 08:19:34,544.68
2022-03-29 08:19:39,544.68
2022-03-29 08:19:44,544.68
2022-03-29 08:19:49,544.74
2022-03-29 08:19:54,544.68
2022-03-29 08:19:59,544.68
2022-03-29 08:20:04,544.68
2022-03-29 08:20:09,544.3234827481525
2022-03-29 08:20:14,544.68
2022-03-29 08:20:19,544.68
2022-03-29 08:20:24,544.2962700695919
2022-03-29 08:20:29,544.2871991767383
2022-03-29 08:20:34,544.62
2022-03-29 08:20:39,544.2690573910312
2022-03-29 08:20:44,544.62
2022-03-29 08:20:49,544.62
2022-03-29 08:20:54,544.63
2022-03-29 08:20:59,544.63
2022-03-29 08:21:04,544.56
2022-03-29 08:21:09,544.63
2022-03-29 08:21:14,544.56
2022-03-29 08:21:19,544.56
2022-03-29 08:21:24,544.56
2022-03-29 08:21:29,544.56
2022-03-29 08:21:34,544.54
2022-03-29 08:21:39,544.1602066767884
2022-03-29 08:21:44,544.47
2022-03-29 08:21:49,544.47
2022-03-29 08:21:54,544.47
2022-03-29 08:21:59,544.48
2022-03-29 08:22:04,544.48
2022-03-29 08:22:09,544.48
2022-03-29 08:22:14,544.41
2022-03-29 08:22:19,544.42
2022-03-29 08:22:24,544.35
2022-03-29 08:22:29,544.42
2022-03-29 08:22:34,544.0604268553993
2022-03-29 08:22:39,544.35
2022-03-29 08:22:44,544.42
2022-03-29 08:22:49,544.36
2022-03-29 08:22:54,544.0241432839852
2022-03-29 08:22:59,544.36
2022-03-29 08:23:04,544.006001498278
2022-03-29 08:23:09,543.9969306054245
2022-03-29 08:23:14,543.9878597125709
2022-03-29 08:23:19,543.9787888197174
2022-03-29 08:23:24,543.9697179268637
2022-03-29 08:23:29,544.26
2022-03-29 08:23:34,544.26
2022-03-29 08:23:39,544.26
2022-03-29 08:23:44,544.26
2022-03-29 08:23:49,543.9243634625959
2022-03-29 08:23:54,544.2
2022-03-29 08:23:59,544.2
2022-03-29 08:24:04,544.2
2022-03-29 08:24:09,544.2
2022-03-29 08:24:14,543.8790089983281
2022-03-29 08:24:19,543.8699381054746
2022-03-29 08:24:24,543.8608672126211
2022-03-29 08:24:29,544.13
2022-03-29 08:24:34,544.07
2022-03-29 08:24:39,544.13
2022-03-29 08:24:44,543.8245836412068
2022-03-29 08:24:49,543.8155127483533
2022-03-29 08:24:54,543.8064418554998
2022-03-29 08:24:59,544.04
2022-03-29 08:25:04,543.7883000697926
2022-03-29 08:25:09,543.779229176939
2022-03-29 08:25:14,543.97
2022-03-29 08:25:19,544.04
2022-03-29 08:25:24,543.98
2022-03-29 08:25:29,543.97
2022-03-29 08:25:34,543.97
2022-03-29 08:25:39,543.98
2022-03-29 08:25:44,543.97
2022-03-29 08:25:49,543.97
2022-03-29 08:25:54,543.97
2022-03-29 08:25:59,543.91
2022-03-29 08:26:04,543.97
2022-03-29 08:26:09,543.91
2022-03-29 08:26:14,543.6613075698427
2022-03-29 08:26:19,543.91
2022-03-29 08:26:24,543.9
2022-03-29 08:26:29,543.9
2022-03-29 08:26:34,543.9
2022-03-29 08:26:39,543.9
2022-03-29 08:26:44,543.9
2022-03-29 08:26:49,543.9
2022-03-29 08:26:54,543.5887404270143
2022-03-29 08:26:59,543.5796695341608
2022-03-29 08:27:04,543.83
2022-03-29 08:27:09,543.9
2022-03-29 08:27:14,543.84
2022-03-29 08:27:19,543.5433859627465
2022-03-29 08:27:24,543.534315069893
2022-03-29 08:27:29,543.83
2022-03-29 08:27:34,543.83
2022-03-29 08:27:39,543.5071023913323
2022-03-29 08:27:44,543.83
2022-03-29 08:27:49,543.83
2022-03-29 08:27:54,543.76
2022-03-29 08:27:59,543.76
2022-03-29 08:28:04,543.4617479270645
2022-03-29 08:28:09,543.76
2022-03-29 08:28:14,543.73
2022-03-29 08:28:19,543.4345352485037
2022-03-29 08:28:24,543.73
2022-03-29 08:28:29,543.73
2022-03-29 08:28:34,543.73
2022-03-29 08:28:39,543.73
2022-03-29 08:28:44,543.73
2022-03-29 08:28:49,543.66
2022-03-29 08:28:54,543.66
2022-03-29 08:28:59,543.66
2022-03-29 08:29:04,543.6
2022-03-29 08:29:09,543.59
2022-03-29 08:29:14,543.53
2022-03-29 08:29:19,543.3256845342611
2022-03-29 08:29:24,543.53
2022-03-29 08:29:29,543.5
2022-03-29 08:29:34,543.43
2022-03-29 08:29:39,543.43
2022-03-29 08:29:44,543.43
2022-03-29 08:29:49,543.37
2022-03-29 08:29:54,543.2621882842861
2022-03-29 08:29:59,543.3
2022-03-29 08:30:04,543.24
2022-03-29 08:30:09,543.24
2022-03-29 08:30:14,543.24
2022-03-29 08:30:19,543.21
2022-03-29 08:30:24,543.24
2022-03-29 08:30:29,543.21
2022-03-29 08:30:34,543.21
2022-03-29 08:30:39,543.14
2022-03-29 08:30:44,543.14
2022-03-29 08:30:49,543.08
2022-03-29 08:30:54,543.08
2022-03-29 08:30:59,543.1789387697776
2022-03-29 08:31:04,543.179799176987
2022-03-29 08:31:09,543.08
2022-03-29 08:31:14,543.08
2022-03-29 08:31:19,543.1823803986152
2022-03-29 08:31:24,543.08
2022-03-29 08:31:29,543.08
2022-03-29 08:31:34,543.08
2022-03-29 08:31:39,543.08
2022-03-29 08:31:44,543.08
2022-03-29 08:31:49,543.02
2022-03-29 08:31:54,543.08
2022-03-29 08:31:59,543.08
2022-03-29 08:32:04,543.08
2022-03-29 08:32:09,543.1909844707092
2022-03-29 08:32:14,543.1918448779186
2022-03-29 08:32:19,543.15
2022-03-29 08:32:24,543.15
2022-03-29 08:32:29,543.1944260995467
2022-03-29 08:32:34,543.21
2022-03-29 08:32:39,543.1961469139655
2022-03-29 08:32:44,543.197007321175
2022-03-29 08:32:49,543.1978677283843
2022-03-29 08:32:54,543.25
2022-03-29 08:32:59,543.31
2022-03-29 08:33:04,543.25
2022-03-29 08:33:09,543.31
2022-03-29 08:33:14,543.31
2022-03-29 08:33:19,543.38
2022-03-29 08:33:24,543.38
2022-03-29 08:33:29,543.2047509860595
2022-03-29 08:33:34,543.38
2022-03-29 08:33:39,543.2064718004783
2022-03-29 08:33:44,543.45
2022-03-29 08:33:49,543.208192614897
2022-03-29 08:33:54,543.51
2022-03-29 08:33:59,543.54
2022-03-29 08:34:04,543.55
2022-03-29 08:34:09,543.61
2022-03-29 08:34:14,543.61
2022-03-29 08:34:19,543.67
2022-03-29 08:34:24,543.74
2022-03-29 08:34:29,543.68
2022-03-29 08:34:34,543.74
2022-03-29 08:34:39,543.77
2022-03-29 08:34:44,543.84
2022-03-29 08:34:49,543.84
2022-03-29 08:34:54,543.84
2022-03-29 08:34:59,543.2202383158286
2022-03-29 08:35:04,543.91
2022-03-29 08:35:09,543.97
2022-03-29 08:35:14,543.2228195374568
2022-03-29 08:35:19,543.2236799446662
2022-03-29 08:35:24,543.2245403518756
2022-03-29 08:35:29,543.225400759085
2022-03-29 08:35:34,543.2262611662944
2022-03-29 08:35:39,544.2
2022-03-29 08:35:44,544.2
2022-03-29 08:35:49,544.26
2022-03-29 08:35:54,543.229702795132
2022-03-29 08:35:59,543.2305632023414
2022-03-29 08:36:04,544.29
2022-03-29 08:36:09,544.29
2022-03-29 08:36:14,544.29
2022-03-29 08:36:19,544.36
2022-03-29 08:36:24,544.35
2022-03-29 08:36:29,544.42
2022-03-29 08:36:34,543.2365860528072
2022-03-29 08:36:39,544.49
2022-03-29 08:36:44,543.2383068672259
2022-03-29 08:36:49,544.55
2022-03-29 08:36:54,544.54
2022-03-29 08:36:59,544.54
2022-03-29 08:37:04,544.58
2022-03-29 08:37:09,544.58
2022-03-29 08:37:14,544.64
2022-03-29 08:37:19,543.2443297176917
2022-03-29 08:37:24,544.71
2022-03-29 08:37:29,544.71
2022-03-29 08:37:34,543.2469109393198
2022-03-29 08:37:39,544.8
2022-03-29 08:37:44,544.8
2022-03-29 08:37:49,544.86
2022-03-29 08:37:54,544.93
2022-03-29 08:37:59,544.93
2022-03-29 08:38:04,544.99
2022-03-29 08:38:09,545.06
2022-03-29 08:38:14,545.08
2022-03-29 08:38:19,545.09
2022-03-29 08:38:24,545.15
2022-03-29 08:38:29,545.21
2022-03-29 08:38:34,545.21
2022-03-29 08:38:39,545.28
2022-03-29 08:38:44,543.2589566402514
2022-03-29 08:38:49,545.37
2022-03-29 08:38:54,543.2606774546703
2022-03-29 08:38:59,545.43
2022-03-29 08:39:04,543.262398269089
2022-03-29 08:39:09,543.2632586762984
2022-03-29 08:39:14,543.2641190835078
2022-03-29 08:39:19,543.2649794907172
2022-03-29 08:39:24,545.58
2022-03-29 08:39:29,543.2667003051359
2022-03-29 08:39:34,545.65
2022-03-29 08:39:39,543.2684211195548
2022-03-29 08:39:44,545.71
2022-03-29 08:39:49,543.2701419339736
2022-03-29 08:39:54,545.71
2022-03-29 08:39:59,545.71
2022-03-29 08:40:04,543.2727231556017
2022-03-29 08:40:09,545.77
2022-03-29 08:40:14,543.2744439700206
2022-03-29 08:40:19,545.77
2022-03-29 08:40:24,545.71
2022-03-29 08:40:29,545.77
2022-03-29 08:40:34,545.7
2022-03-29 08:40:39,543.2787460060675
2022-03-29 08:40:44,545.7
2022-03-29 08:40:49,545.7
2022-03-29 08:40:54,545.64
2022-03-29 08:40:59,545.64
2022-03-29 08:41:04,545.57
2022-03-29 08:41:09,543.2839084493239
2022-03-29 08:41:14,545.54
2022-03-29 08:41:19,545.54
2022-03-29 08:41:24,545.41
2022-03-29 08:41:29,543.2873500781615
2022-03-29 08:41:34,545.41
2022-03-29 08:41:39,545.34
2022-03-29 08:41:44,545.34
2022-03-29 08:41:49,545.34
2022-03-29 08:41:54,543.2916521142084
2022-03-29 08:41:59,545.25
2022-03-29 08:42:04,545.18
2022-03-29 08:42:09,545.18
2022-03-29 08:42:14,545.12
2022-03-29 08:42:19,543.2959541502554
2022-03-29 08:42:24,543.2968145574648
2022-03-29 08:42:29,544.96
2022-03-29 08:42:34,544.96
2022-03-29 08:42:39,543.2993957790931
2022-03-29 08:42:44,544.83
2022-03-29 08:42:49,543.3011165935118
2022-03-29 08:42:54,544.73
2022-03-29 08:42:59,544.73
2022-03-29 08:43:04,543.30369781514
2022-03-29 08:43:09,544.6
2022-03-29 08:43:14,544.54
2022-03-29 08:43:19,543.3062790367682
2022-03-29 08:43:24,544.51
2022-03-29 08:43:29,544.38
2022-03-29 08:43:34,543.3088602583964
2022-03-29 08:43:39,544.31
2022-03-29 08:43:44,544.25
2022-03-29 08:43:49,543.3114414800245
2022-03-29 08:43:54,543.312301887234
2022-03-29 08:43:59,544.15
2022-03-29 08:44:04,544.09
2022-03-29 08:44:09,544.02
2022-03-29 08:44:14,543.99
2022-03-29 08:44:19,543.99
2022-03-29 08:44:24,543.87
2022-03-29 08:44:29,543.8
2022-03-29 08:44:34,543.3191851449092
2022-03-29 08:44:39,543.3200455521185
2022-03-29 08:44:44,543.71
2022-03-29 08:44:49,543.313140137176
2022-03-29 08:44:54,543.58
2022-03-29 08:44:59,543.58
2022-03-29 08:45:04,543.52
2022-03-29 08:45:09,543.48
2022-03-29 08:45:14,543.49
2022-03-29 08:45:19,543.42
2022-03-29 08:45:24,543.29
2022-03-29 08:45:29,543.36
2022-03-29 08:45:34,543.29
2022-03-29 08:45:39,543.23
2022-03-29 08:45:44,543.2
2022-03-29 08:45:49,543.2
2022-03-29 08:45:54,543.13
2022-03-29 08:45:59,543.01
2022-03-29 08:46:04,543.01
2022-03-29 08:46:09,542.98
2022-03-29 08:46:14,542.988689890226
2022-03-29 08:46:19,542.85
2022-03-29 08:46:24,542.78
2022-03-29 08:46:29,542.9314339642938
2022-03-29 08:46:34,542.72
2022-03-29 08:46:39,542.62
2022-03-29 08:46:44,542.8741780383614
2022-03-29 08:46:49,542.56
2022-03-29 08:46:54,542.49
2022-03-29 08:46:59,542.8169221124291
2022-03-29 08:47:04,542.4
2022-03-29 08:47:09,542.33
2022-03-29 08:47:14,542.4
2022-03-29 08:47:19,542.27
2022-03-29 08:47:24,542.27
2022-03-29 08:47:29,542.2
2022-03-29 08:47:34,542.6833249519202
2022-03-29 08:47:39,542.6642396432761
2022-03-29 08:47:44,542.05
2022-03-29 08:47:49,541.98
2022-03-29 08:47:54,541.98
2022-03-29 08:47:59,541.95
2022-03-29 08:48:04,541.95
2022-03-29 08:48:09,541.89
2022-03-29 08:48:14,541.75
2022-03-29 08:48:19,541.75
2022-03-29 08:48:24,542.4924718654792
2022-03-29 08:48:29,542.4733865568351
2022-03-29 08:48:34,541.65
2022-03-29 08:48:39,541.66
2022-03-29 08:48:44,541.65
2022-03-29 08:48:49,541.59
2022-03-29 08:48:54,541.59
2022-03-29 08:48:59,541.52
2022-03-29 08:49:04,541.52
2022-03-29 08:49:09,541.46
2022-03-29 08:49:14,541.46
2022-03-29 08:49:19,541.46
2022-03-29 08:49:24,541.43
2022-03-29 08:49:29,541.42
2022-03-29 08:49:34,541.42
2022-03-29 08:49:39,541.42
2022-03-29 08:49:44,542.1871069271733
2022-03-29 08:49:49,542.1680216185292
2022-03-29 08:49:54,541.36
2022-03-29 08:49:59,542.1298510012409
2022-03-29 08:50:04,541.36
2022-03-29 08:50:09,542.0916803839528
2022-03-29 08:50:14,541.36
2022-03-29 08:50:19,541.42
2022-03-29 08:50:24,542.0344244580205
2022-03-29 08:50:29,542.0153391493764
2022-03-29 08:50:34,541.35
2022-03-29 08:50:39,541.9771685320882
2022-03-29 08:50:44,541.35
2022-03-29 08:50:49,541.9389979147999
2022-03-29 08:50:54,541.35
2022-03-29 08:50:59,541.34
2022-03-29 08:51:04,541.34
2022-03-29 08:51:09,541.28
2022-03-29 08:51:14,541.34
2022-03-29 08:51:19,541.8244860629352
2022-03-29 08:51:24,541.28
2022-03-29 08:51:29,541.786315445647
2022-03-29 08:51:34,541.7672301370029
2022-03-29 08:51:39,541.27
2022-03-29 08:51:44,541.27
2022-03-29 08:51:49,541.27
2022-03-29 08:51:54,541.6908889024264
2022-03-29 08:51:59,541.27
2022-03-29 08:52:04,541.33
2022-03-29 08:52:09,541.2
2022-03-29 08:52:14,541.2
2022-03-29 08:52:19,541.2
2022-03-29 08:52:24,541.2
2022-03-29 08:52:29,541.14
2022-03-29 08:52:34,541.5382064332736
2022-03-29 08:52:39,541.2
2022-03-29 08:52:44,541.14
2022-03-29 08:52:49,541.4809505073413
2022-03-29 08:52:54,541.14
2022-03-29 08:52:59,541.1
2022-03-29 08:53:04,541.11
2022-03-29 08:53:09,541.04
2022-03-29 08:53:14,541.04
2022-03-29 08:53:19,541.04
2022-03-29 08:53:24,541.04
2022-03-29 08:53:29,540.97
2022-03-29 08:53:34,541.3091827295441
2022-03-29 08:53:39,540.97
2022-03-29 08:53:44,541.271012112256
2022-03-29 08:53:49,540.91
2022-03-29 08:53:54,541.2328414949677
2022-03-29 08:53:59,540.9
2022-03-29 08:54:04,540.9
2022-03-29 08:54:09,540.87
2022-03-29 08:54:14,540.81
2022-03-29 08:54:19,540.87
2022-03-29 08:54:24,541.118329643103
2022-03-29 08:54:29,541.099244334459
2022-03-29 08:54:34,540.74
2022-03-29 08:54:39,540.81
2022-03-29 08:54:44,540.75
2022-03-29 08:54:49,540.75
2022-03-29 08:54:54,540.75
2022-03-29 08:54:59,540.74
2022-03-29 08:55:04,540.62
2022-03-29 08:55:09,540.68
2022-03-29 08:55:14,540.62
2022-03-29 08:55:19,540.9083912480178
2022-03-29 08:55:24,540.62
2022-03-29 08:55:29,540.62
2022-03-29 08:55:34,540.59
2022-03-29 08:55:39,540.8320500134414
2022-03-29 08:55:44,540.52
2022-03-29 08:55:49,540.7938793961531
2022-03-29 08:55:54,540.46
2022-03-29 08:55:59,540.46
2022-03-29 08:56:04,540.4
2022-03-29 08:56:09,540.39
2022-03-29 08:56:14,540.6984528529325
2022-03-29 08:56:19,540.3
2022-03-29 08:56:24,540.3
2022-03-29 08:56:29,540.3
2022-03-29 08:56:34,540.24
2022-03-29 08:56:39,540.603026309712
2022-03-29 08:56:44,540.17
2022-03-29 08:56:49,540.5648556924237
2022-03-29 08:56:54,540.17
2022-03-29 08:56:59,540.5266850751356
2022-03-29 08:57:04,540.5075997664915
2022-03-29 08:57:09,540.4885144578474
2022-03-29 08:57:14,540.4694291492032
2022-03-29 08:57:19,540.11
2022-03-29 08:57:24,540.08
2022-03-29 08:57:29,540.4121732232709
2022-03-29 08:57:34,540.08
2022-03-29 08:57:39,540.3740026059827
2022-03-29 08:57:44,540.08
2022-03-29 08:57:49,540.02
2022-03-29 08:57:54,540.02
2022-03-29 08:57:59,540.02
2022-03-29 08:58:04,540.02
2022-03-29 08:58:09,539.96
2022-03-29 08:58:14,540.02
2022-03-29 08:58:19,540.02
2022-03-29 08:58:24,539.96
2022-03-29 08:58:29,539.96
2022-03-29 08:58:34,540.1640642108974
2022-03-29 08:58:39,539.9
2022-03-29 08:58:44,539.9
2022-03-29 08:58:49,539.9
2022-03-29 08:58:54,539.9
2022-03-29 08:58:59,539.9
2022-03-29 08:59:04,540.1350881782353
2022-03-29 08:59:09,540.1520365081835
2022-03-29 08:59:14,539.9
2022-03-29 08:59:19,539.9
2022-03-29 08:59:24,539.9
2022-03-29 08:59:29,540.2198298279762
2022-03-29 08:59:34,539.9
2022-03-29 08:59:39,540.2537264878725
2022-03-29 08:59:44,539.97
2022-03-29 08:59:49,540.03
2022-03-29 08:59:54,540.3045714777171
2022-03-29 08:59:59,540.1
2022-03-29 09:00:04,540.3384681376135
2022-03-29 09:00:09,540.3554164675617
2022-03-29 09:00:14,540.13
2022-03-29 09:00:19,540.2
2022-03-29 09:00:24,540.2
2022-03-29 09:00:29,540.4232097873544
2022-03-29 09:00:34,540.4401581173026
2022-03-29 09:00:39,540.4571064472508
2022-03-29 09:00:44,540.33
2022-03-29 09:00:49,540.4
2022-03-29 09:00:54,540.4
2022-03-29 09:00:59,540.43
2022-03-29 09:01:04,540.5418480969917
2022-03-29 09:01:09,540.49
2022-03-29 09:01:14,540.56
2022-03-29 09:01:19,540.62
2022-03-29 09:01:24,540.62
2022-03-29 09:01:29,540.6265897467325
2022-03-29 09:01:34,540.72
2022-03-29 09:01:39,540.78
2022-03-29 09:01:44,540.85
2022-03-29 09:01:49,540.91
2022-03-29 09:01:54,540.92
2022-03-29 09:01:59,541.01
2022-03-29 09:02:04,540.7452280563698
2022-03-29 09:02:09,540.762176386318
2022-03-29 09:02:14,540.7791247162661
2022-03-29 09:02:19,540.7960730462144
2022-03-29 09:02:24,541.3
2022-03-29 09:02:29,541.43
2022-03-29 09:02:34,541.46
2022-03-29 09:02:39,540.8638663660071
2022-03-29 09:02:44,541.66
2022-03-29 09:02:49,541.66
2022-03-29 09:02:54,541.69
2022-03-29 09:02:59,541.69
2022-03-29 09:03:04,541.82
2022-03-29 09:03:09,541.82
2022-03-29 09:03:14,540.9825046756443
2022-03-29 09:03:19,541.96
2022-03-29 09:03:24,541.98
2022-03-29 09:03:29,541.0333496654889
2022-03-29 09:03:34,542.11
2022-03-29 09:03:39,541.0672463253852
2022-03-29 09:03:44,542.18
2022-03-29 09:03:49,542.28
2022-03-29 09:03:54,542.28
2022-03-29 09:03:59,541.135039645178
2022-03-29 09:04:04,541.1519879751262
2022-03-29 09:04:09,542.47
2022-03-29 09:04:14,541.1858846350226
2022-03-29 09:04:19,542.5
2022-03-29 09:04:24,541.2197812949189
2022-03-29 09:04:29,542.63
2022-03-29 09:04:34,542.7
2022-03-29 09:04:39,542.7
2022-03-29 09:04:44,542.73
2022-03-29 09:04:49,542.8
2022-03-29 09:04:54,541.321471274608
2022-03-29 09:04:59,541.3384196045562
2022-03-29 09:05:04,541.3553679345043
2022-03-29 09:05:09,542.93
2022-03-29 09:05:14,542.99
2022-03-29 09:05:19,543.0
2022-03-29 09:05:24,543.03
2022-03-29 09:05:29,541.4401095842453
2022-03-29 09:05:34,543.09
2022-03-29 09:05:39,543.1
2022-03-29 09:05:44,543.1
2022-03-29 09:05:49,541.5079029040379
2022-03-29 09:05:54,541.5248512339862
2022-03-29 09:05:59,543.23
2022-03-29 09:06:04,541.5587478938825
2022-03-29 09:06:09,541.5756962238307
2022-03-29 09:06:14,543.26
2022-03-29 09:06:19,543.33
2022-03-29 09:06:24,543.33
2022-03-29 09:06:29,541.6434895436234
2022-03-29 09:06:34,543.39
2022-03-29 09:06:39,541.6773862035199
2022-03-29 09:06:44,543.4
2022-03-29 09:06:49,543.4
2022-03-29 09:06:54,543.46
2022-03-29 09:06:59,541.7451795233125
2022-03-29 09:07:04,543.46
2022-03-29 09:07:09,543.46
2022-03-29 09:07:14,543.47
2022-03-29 09:07:19,543.47
2022-03-29 09:07:24,541.8299211730534
2022-03-29 09:07:29,543.47
2022-03-29 09:07:34,543.47
2022-03-29 09:07:39,543.47
2022-03-29 09:07:44,543.47
2022-03-29 09:07:49,543.47
2022-03-29 09:07:54,541.9316111527426
2022-03-29 09:07:59,543.41
2022-03-29 09:08:04,541.9655078126389
2022-03-29 09:08:09,541.982456142587
2022-03-29 09:08:14,541.9994044725352
2022-03-29 09:08:19,542.0163528024834
2022-03-29 09:08:24,543.42
2022-03-29 09:08:29,543.35
2022-03-29 09:08:34,543.35
2022-03-29 09:08:39,543.35
2022-03-29 09:08:44,542.1010944522243
2022-03-29 09:08:49,542.1180427821726
2022-03-29 09:08:54,543.29
2022-03-29 09:08:59,543.36
2022-03-29 09:09:04,542.1688877720171
2022-03-29 09:09:09,543.29
2022-03-29 09:09:14,543.26
2022-03-29 09:09:19,543.3
2022-03-29 09:09:24,542.2366810918097
2022-03-29 09:09:29,542.253629421758
2022-03-29 09:09:34,543.2
2022-03-29 09:09:39,542.2875260816543
2022-03-29 09:09:44,543.2
2022-03-29 09:09:49,543.14
2022-03-29 09:09:54,543.14
2022-03-29 09:09:59,543.21
2022-03-29 09:10:04,543.14
2022-03-29 09:10:09,543.14
2022-03-29 09:10:14,543.08
2022-03-29 09:10:19,542.4231127212398
2022-03-29 09:10:24,543.08
2022-03-29 09:10:29,542.4570093811361
2022-03-29 09:10:34,543.05
2022-03-29 09:10:39,542.99
2022-03-29 09:10:44,543.05
2022-03-29 09:10:49,543.05
2022-03-29 09:10:54,542.92
2022-03-29 09:10:59,542.98
2022-03-29 09:11:04,542.99
2022-03-29 09:11:09,542.99
2022-03-29 09:11:14,542.6095443506698
2022-03-29 09:11:19,542.92
2022-03-29 09:11:24,542.99
2022-03-29 09:11:29,542.6603893405144
2022-03-29 09:11:34,542.6773376704625
2022-03-29 09:11:39,542.99
2022-03-29 09:11:44,542.7112343303588
2022-03-29 09:11:49,543.05
2022-03-29 09:11:54,543.05
2022-03-29 09:11:59,543.05
2022-03-29 09:12:04,543.05
2022-03-29 09:12:09,543.08
2022-03-29 09:12:14,543.08
2022-03-29 09:12:19,543.15
2022-03-29 09:12:24,542.8468209699444
2022-03-29 09:12:29,542.8637692998925
2022-03-29 09:12:34,543.21
2022-03-29 09:12:39,543.27
2022-03-29 09:12:44,543.27
2022-03-29 09:12:49,543.31
2022-03-29 09:12:54,543.37
2022-03-29 09:12:59,543.31
2022-03-29 09:13:04,543.37
2022-03-29 09:13:09,543.43
2022-03-29 09:13:14,543.43
2022-03-29 09:13:19,543.5
2022-03-29 09:13:24,543.5
2022-03-29 09:13:29,542.9501616156886
2022-03-29 09:13:34,543.59
2022-03-29 09:13:39,542.9470079589624
2022-03-29 09:13:44,543.66
2022-03-29 09:13:49,543.66
2022-03-29 09:13:54,543.79
2022-03-29 09:13:59,543.79
2022-03-29 09:14:04,543.82
2022-03-29 09:14:09,542.937546988784
2022-03-29 09:14:14,542.9359701604209
2022-03-29 09:14:19,542.9343933320578
2022-03-29 09:14:24,542.9328165036948
2022-03-29 09:14:29,543.94
2022-03-29 09:14:34,544.01
2022-03-29 09:14:39,544.01
2022-03-29 09:14:44,542.9265091902424
2022-03-29 09:14:49,542.9249323618793
2022-03-29 09:14:54,542.9233555335163
2022-03-29 09:14:59,544.07
2022-03-29 09:15:04,544.07
2022-03-29 09:15:09,544.07
2022-03-29 09:15:14,542.917048220064
2022-03-29 09:15:19,544.11
2022-03-29 09:15:24,544.1
2022-03-29 09:15:29,544.1
2022-03-29 09:15:34,544.1
2022-03-29 09:15:39,542.9091640782485
2022-03-29 09:15:44,542.9075872498855
2022-03-29 09:15:49,542.9060104215224
2022-03-29 09:15:54,544.1
2022-03-29 09:15:59,544.16
2022-03-29 09:16:04,542.9012799364332
2022-03-29 09:16:09,544.1
2022-03-29 09:16:14,542.8981262797071
2022-03-29 09:16:19,544.16
2022-03-29 09:16:24,542.8949726229808
2022-03-29 09:16:29,544.16
2022-03-29 09:16:34,544.16
2022-03-29 09:16:39,544.16
2022-03-29 09:16:44,542.8886653095285
2022-03-29 09:16:49,544.23
2022-03-29 09:16:54,544.16
2022-03-29 09:16:59,542.8839348244393
2022-03-29 09:17:04,542.8823579960763
2022-03-29 09:17:09,544.23
2022-03-29 09:17:14,544.23
2022-03-29 09:17:19,542.877627510987
2022-03-29 09:17:24,544.16
2022-03-29 09:17:29,542.8744738542608
2022-03-29 09:17:34,542.8728970258978
2022-03-29 09:17:39,544.16
2022-03-29 09:17:44,544.16
2022-03-29 09:17:49,542.8681665408086
2022-03-29 09:17:54,544.16
2022-03-29 09:17:59,544.1
2022-03-29 09:18:04,542.8634360557194
2022-03-29 09:18:09,544.1
2022-03-29 09:18:14,544.1
2022-03-29 09:18:19,544.1
2022-03-29 09:18:24,544.1
2022-03-29 09:18:29,544.07
2022-03-29 09:18:34,542.8539750855409
2022-03-29 09:18:39,542.8523982571778
2022-03-29 09:18:44,542.8508214288147
2022-03-29 09:18:49,542.8492446004516
2022-03-29 09:18:54,542.8476677720886
2022-03-29 09:18:59,544.0
2022-03-29 09:19:04,543.94
2022-03-29 09:19:09,543.94
2022-03-29 09:19:14,542.8413604586362
2022-03-29 09:19:19,543.81
2022-03-29 09:19:24,543.81
2022-03-29 09:19:29,543.78
2022-03-29 09:19:34,542.8350531451839
2022-03-29 09:19:39,543.72
2022-03-29 09:19:44,542.8318994884578
2022-03-29 09:19:49,542.8303226600947
2022-03-29 09:19:54,543.59
2022-03-29 09:19:59,542.8271690033686
2022-03-29 09:20:04,543.56
2022-03-29 09:20:09,543.5
2022-03-29 09:20:14,542.8224385182793
2022-03-29 09:20:19,542.8208616899162
2022-03-29 09:20:24,543.37
2022-03-29 09:20:29,543.31
2022-03-29 09:20:34,542.816131204827
2022-03-29 09:20:39,543.31
2022-03-29 09:20:44,543.28
2022-03-29 09:20:49,542.8114007197378
2022-03-29 09:20:54,542.8098238913747
2022-03-29 09:20:59,543.15
2022-03-29 09:21:04,543.15
2022-03-29 09:21:09,542.8050934062854
2022-03-29 09:21:14,542.8035165779224
2022-03-29 09:21:19,542.99
2022-03-29 09:21:24,542.93
2022-03-29 09:21:29,542.7987860928332
2022-03-29 09:21:34,542.7972092644701
2022-03-29 09:21:39,542.87
2022-03-29 09:21:44,542.794055607744
2022-03-29 09:21:49,542.8
2022-03-29 09:21:54,542.7909019510178
2022-03-29 09:21:59,542.77
2022-03-29 09:22:04,542.77
2022-03-29 09:22:09,542.7861714659285
2022-03-29 09:22:14,542.77
2022-03-29 09:22:19,542.7830178092024
2022-03-29 09:22:24,542.7814409808393
2022-03-29 09:22:29,542.65
2022-03-29 09:22:34,542.65
2022-03-29 09:22:39,542.58
2022-03-29 09:22:44,542.55
2022-03-29 09:22:49,542.773556839024
2022-03-29 09:22:54,542.55
2022-03-29 09:22:59,542.55
2022-03-29 09:23:04,542.49
2022-03-29 09:23:09,542.49
2022-03-29 09:23:14,542.49
2022-03-29 09:23:19,542.7640958688455
2022-03-29 09:23:24,542.49
2022-03-29 09:23:29,542.49
2022-03-29 09:23:34,542.43
2022-03-29 09:23:39,542.43
2022-03-29 09:23:44,542.36
2022-03-29 09:23:49,542.43
2022-03-29 09:23:54,542.43
2022-03-29 09:23:59,542.43
2022-03-29 09:24:04,542.7499044135777
2022-03-29 09:24:09,542.43
2022-03-29 09:24:14,542.7467507568516
2022-03-29 09:24:19,542.43
2022-03-29 09:24:24,542.43
2022-03-29 09:24:29,542.7420202717624
2022-03-29 09:24:34,542.43
2022-03-29 09:24:39,542.36
2022-03-29 09:24:44,542.43
2022-03-29 09:24:49,542.49
2022-03-29 09:24:54,542.43
2022-03-29 09:24:59,542.49
2022-03-29 09:25:04,542.7309824732208
2022-03-29 09:25:09,542.49
2022-03-29 09:25:14,542.49
2022-03-29 09:25:19,542.7262519881316
2022-03-29 09:25:24,542.59
2022-03-29 09:25:29,542.7230983314055
2022-03-29 09:25:34,542.7215215030424
2022-03-29 09:25:39,542.58
2022-03-29 09:25:44,542.58
2022-03-29 09:25:49,542.65
2022-03-29 09:25:54,542.65
2022-03-29 09:25:59,542.71
2022-03-29 09:26:04,542.71
2022-03-29 09:26:09,542.7104837045008
2022-03-29 09:26:14,542.77
2022-03-29 09:26:19,542.8
2022-03-29 09:26:24,542.8
2022-03-29 09:26:29,542.7041763910486
2022-03-29 09:26:34,542.87
2022-03-29 09:26:39,542.86
2022-03-29 09:26:44,542.93
2022-03-29 09:26:49,542.99
2022-03-29 09:26:54,542.6962922492331
2022-03-29 09:26:59,543.09
2022-03-29 09:27:04,543.09
2022-03-29 09:27:09,542.6886789769632
2022-03-29 09:27:14,542.6848075936946
2022-03-29 09:27:19,543.15
2022-03-29 09:27:24,543.22
2022-03-29 09:27:29,543.21
2022-03-29 09:27:34,543.28
2022-03-29 09:27:39,543.28
2022-03-29 09:27:44,542.6615792940827
2022-03-29 09:27:49,542.6577079108141
2022-03-29 09:27:54,543.37
2022-03-29 09:27:59,543.37
2022-03-29 09:28:04,542.6460937610082
2022-03-29 09:28:09,543.43
2022-03-29 09:28:14,543.43
2022-03-29 09:28:19,542.6344796112023
2022-03-29 09:28:24,543.5
2022-03-29 09:28:29,543.56
2022-03-29 09:28:34,542.6228654613964
2022-03-29 09:28:39,542.6189940781278
2022-03-29 09:28:44,542.6151226948591
2022-03-29 09:28:49,542.6112513115905
2022-03-29 09:28:54,542.6073799283218
2022-03-29 09:28:59,543.65
2022-03-29 09:29:04,542.5996371617846
2022-03-29 09:29:09,542.595765778516
2022-03-29 09:29:14,543.72
2022-03-29 09:29:19,543.71
2022-03-29 09:29:24,543.71
2022-03-29 09:29:29,543.78
2022-03-29 09:29:34,542.5764088621728
2022-03-29 09:29:39,542.5725374789042
2022-03-29 09:29:44,543.71
2022-03-29 09:29:49,543.78
2022-03-29 09:29:54,543.71
2022-03-29 09:29:59,543.71
2022-03-29 09:30:04,543.78
2022-03-29 09:30:09,543.78
2022-03-29 09:30:14,543.78
2022-03-29 09:30:19,543.78
2022-03-29 09:30:24,543.71
2022-03-29 09:30:29,543.71
2022-03-29 09:30:34,543.71
2022-03-29 09:30:39,543.71
2022-03-29 09:30:44,543.71
2022-03-29 09:30:49,543.71
2022-03-29 09:30:54,543.71
2022-03-29 09:30:59,543.71
2022-03-29 09:31:04,542.5067239633374
2022-03-29 09:31:09,542.5028525800687
2022-03-29 09:31:14,543.71
2022-03-29 09:31:19,543.71
2022-03-29 09:31:24,543.71
2022-03-29 09:31:29,543.71
2022-03-29 09:31:34,543.78
2022-03-29 09:31:39,543.78
2022-03-29 09:31:44,543.78
2022-03-29 09:31:49,543.78
2022-03-29 09:31:54,543.81
2022-03-29 09:31:59,543.78
2022-03-29 09:32:04,543.78
2022-03-29 09:32:09,543.82
2022-03-29 09:32:14,543.79
2022-03-29 09:32:19,543.82
2022-03-29 09:32:24,543.79
2022-03-29 09:32:29,543.82
2022-03-29 09:32:34,543.82
2022-03-29 09:32:39,542.4331676812334
2022-03-29 09:32:44,543.82
2022-03-29 09:32:49,543.82
2022-03-29 09:32:54,542.4215535314274
2022-03-29 09:32:59,543.83
2022-03-29 09:33:04,542.4138107648902
2022-03-29 09:33:09,543.83
2022-03-29 09:33:14,543.89
2022-03-29 09:33:19,543.89
2022-03-29 09:33:24,543.89
2022-03-29 09:33:29,542.3944538485471
2022-03-29 09:33:34,543.9
2022-03-29 09:33:39,543.83
2022-03-29 09:33:44,543.83
2022-03-29 09:33:49,543.9
2022-03-29 09:33:54,543.9
2022-03-29 09:33:59,542.3712255489353
2022-03-29 09:34:04,543.9
2022-03-29 09:34:09,543.84
2022-03-29 09:34:14,543.84
2022-03-29 09:34:19,542.3557400158608
2022-03-29 09:34:24,543.91
2022-03-29 09:34:29,543.84
2022-03-29 09:34:34,543.91
2022-03-29 09:34:39,542.3402544827862
2022-03-29 09:34:44,543.98
2022-03-29 09:34:49,543.92
2022-03-29 09:34:54,543.98
2022-03-29 09:34:59,542.3247689497116
2022-03-29 09:35:04,544.05
2022-03-29 09:35:09,544.05
2022-03-29 09:35:14,542.3131547999058
2022-03-29 09:35:19,542.3092834166371
2022-03-29 09:35:24,544.06
2022-03-29 09:35:29,544.12
2022-03-29 09:35:34,544.12
2022-03-29 09:35:39,544.16
2022-03-29 09:35:44,542.289926500294
2022-03-29 09:35:49,544.16
2022-03-29 09:35:54,544.23
2022-03-29 09:35:59,544.23
2022-03-29 09:36:04,544.17
2022-03-29 09:36:09,544.23
2022-03-29 09:36:14,544.23
2022-03-29 09:36:19,542.2628268174135
2022-03-29 09:36:24,544.17
2022-03-29 09:36:29,544.3
2022-03-29 09:36:34,544.24
2022-03-29 09:36:39,544.31
2022-03-29 09:36:44,542.2434699010704
2022-03-29 09:36:49,544.24
2022-03-29 09:36:54,544.31
2022-03-29 09:36:59,544.31
2022-03-29 09:37:04,544.31
2022-03-29 09:37:09,544.31
2022-03-29 09:37:14,544.31
2022-03-29 09:37:19,544.31
2022-03-29 09:37:24,542.2124988349212
2022-03-29 09:37:29,544.25
2022-03-29 09:37:34,542.2047560683841
2022-03-29 09:37:39,544.19
2022-03-29 09:37:44,544.15
2022-03-29 09:37:49,542.1931419185781
2022-03-29 09:37:54,544.09
2022-03-29 09:37:59,542.1853991520409
2022-03-29 09:38:04,542.1815277687722
2022-03-29 09:38:09,542.1776563855036
2022-03-29 09:38:14,542.1737850022349
2022-03-29 09:38:19,543.97
2022-03-29 09:38:24,542.1660422356977
2022-03-29 09:38:29,542.1621708524291
2022-03-29 09:38:34,543.9
2022-03-29 09:38:39,543.87
2022-03-29 09:38:44,542.1505567026231
2022-03-29 09:38:49,542.1466853193546
2022-03-29 09:38:54,542.1428139360859
2022-03-29 09:38:59,543.74
2022-03-29 09:39:04,543.68
2022-03-29 09:39:09,543.64
2022-03-29 09:39:14,543.64
2022-03-29 09:39:19,543.58
2022-03-29 09:39:24,543.45
2022-03-29 09:39:29,543.45
2022-03-29 09:39:34,542.1118428699368
2022-03-29 09:39:39,543.36
2022-03-29 09:39:44,543.35
2022-03-29 09:39:49,542.100228720131
2022-03-29 09:39:54,543.29
2022-03-29 09:39:59,542.0924859535937
2022-03-29 09:40:04,542.088614570325
2022-03-29 09:40:09,543.22
2022-03-29 09:40:14,543.16
2022-03-29 09:40:19,543.06
2022-03-29 09:40:24,542.0731290372505
2022-03-29 09:40:29,543.0
2022-03-29 09:40:34,542.0653862707132
2022-03-29 09:40:39,542.93
2022-03-29 09:40:44,542.057643504176
2022-03-29 09:40:49,542.0537721209073
2022-03-29 09:40:54,542.0499007376387
2022-03-29 09:40:59,542.77
2022-03-29 09:41:04,542.7
2022-03-29 09:41:09,542.63
2022-03-29 09:41:14,542.6
2022-03-29 09:41:19,542.6
2022-03-29 09:41:24,541.989298210067
2022-03-29 09:41:29,541.9737388032441
2022-03-29 09:41:34,542.4
2022-03-29 09:41:39,542.4
2022-03-29 09:41:44,541.9270605827758
2022-03-29 09:41:49,541.9115011759529
2022-03-29 09:41:54,541.8959417691302
2022-03-29 09:41:59,542.18
2022-03-29 09:42:04,542.18
2022-03-29 09:42:09,542.12
2022-03-29 09:42:14,542.08
2022-03-29 09:42:19,541.8181447350162
2022-03-29 09:42:24,541.8025853281935
2022-03-29 09:42:29,541.95
2022-03-29 09:42:34,541.89
2022-03-29 09:42:39,541.755907107725
2022-03-29 09:42:44,541.83
2022-03-29 09:42:49,541.7247882940794
2022-03-29 09:42:54,541.8
2022-03-29 09:42:59,541.73
2022-03-29 09:43:04,541.66
2022-03-29 09:43:09,541.6
2022-03-29 09:43:14,541.57
2022-03-29 09:43:19,541.57
2022-03-29 09:43:24,541.44
2022-03-29 09:43:29,541.37
2022-03-29 09:43:34,541.37
2022-03-29 09:43:39,541.31
2022-03-29 09:43:44,541.5536348190286
2022-03-29 09:43:49,541.21
2022-03-29 09:43:54,541.522516005383
2022-03-29 09:43:59,541.15
2022-03-29 09:44:04,541.09
2022-03-29 09:44:09,541.05
2022-03-29 09:44:14,541.4602783780917
2022-03-29 09:44:19,540.99
2022-03-29 09:44:24,540.93
2022-03-29 09:44:29,541.4136001576234
2022-03-29 09:44:34,540.8
2022-03-29 09:44:39,540.8
2022-03-29 09:44:44,541.366921937155
2022-03-29 09:44:49,540.77
2022-03-29 09:44:54,540.7
2022-03-29 09:44:59,540.64
2022-03-29 09:45:04,540.64
2022-03-29 09:45:09,540.58
2022-03-29 09:45:14,541.2735654962182
2022-03-29 09:45:19,541.2580060893954
2022-03-29 09:45:24,540.48
2022-03-29 09:45:29,540.42
2022-03-29 09:45:34,540.42
2022-03-29 09:45:39,540.35
2022-03-29 09:45:44,541.1802090552815
2022-03-29 09:45:49,540.29
2022-03-29 09:45:54,540.26
2022-03-29 09:45:59,540.26
2022-03-29 09:46:04,540.19
2022-03-29 09:46:09,540.13
2022-03-29 09:46:14,541.0868526143446
2022-03-29 09:46:19,540.07
2022-03-29 09:46:24,540.07
2022-03-29 09:46:29,540.04
2022-03-29 09:46:34,541.0246149870534
2022-03-29 09:46:39,541.0090555802306
2022-03-29 09:46:44,539.91
2022-03-29 09:46:49,539.91
2022-03-29 09:46:54,540.9623773597622
2022-03-29 09:46:59,539.85
2022-03-29 09:47:04,539.78
2022-03-29 09:47:09,540.9156991392938
2022-03-29 09:47:14,539.78
2022-03-29 09:47:19,539.75
2022-03-29 09:47:24,540.8690209188254
2022-03-29 09:47:29,539.78
2022-03-29 09:47:34,539.75
2022-03-29 09:47:39,539.69
2022-03-29 09:47:44,539.75
2022-03-29 09:47:49,540.7912238847114
2022-03-29 09:47:54,539.69
2022-03-29 09:47:59,539.63
2022-03-29 09:48:04,539.63
2022-03-29 09:48:09,539.62
2022-03-29 09:48:14,539.56
2022-03-29 09:48:19,540.6978674437746
2022-03-29 09:48:24,539.53
2022-03-29 09:48:29,539.53
2022-03-29 09:48:34,540.6511892233062
2022-03-29 09:48:39,539.47
2022-03-29 09:48:44,539.4
2022-03-29 09:48:49,540.6045110028379
2022-03-29 09:48:54,540.588951596015
2022-03-29 09:48:59,539.4
2022-03-29 09:49:04,540.5578327823694
2022-03-29 09:49:09,539.34
2022-03-29 09:49:14,539.34
2022-03-29 09:49:19,539.27
2022-03-29 09:49:24,539.24
2022-03-29 09:49:29,539.24
2022-03-29 09:49:34,540.4644763414326
2022-03-29 09:49:39,539.24
2022-03-29 09:49:44,539.17
2022-03-29 09:49:49,539.18
2022-03-29 09:49:54,539.18
2022-03-29 09:49:59,540.3866793073186
2022-03-29 09:50:04,539.11
2022-03-29 09:50:09,539.04
2022-03-29 09:50:14,539.04
2022-03-29 09:50:19,539.04
2022-03-29 09:50:24,539.01
2022-03-29 09:50:29,539.01
2022-03-29 09:50:34,538.95
2022-03-29 09:50:39,538.94
2022-03-29 09:50:44,540.2466446459134
2022-03-29 09:50:49,539.01
2022-03-29 09:50:54,538.94
2022-03-29 09:50:59,540.199966425445
2022-03-29 09:51:04,538.87
2022-03-29 09:51:09,538.87
2022-03-29 09:51:14,540.1532882049765
2022-03-29 09:51:19,540.1377287981538
2022-03-29 09:51:24,540.122169391331
2022-03-29 09:51:29,538.75
2022-03-29 09:51:34,538.75
2022-03-29 09:51:39,538.81
2022-03-29 09:51:44,540.0599317640398
2022-03-29 09:51:49,540.0443723572171
2022-03-29 09:51:54,538.74
2022-03-29 09:51:59,540.0132535435714
2022-03-29 09:52:04,539.9976941367487
2022-03-29 09:52:09,539.9821347299257
2022-03-29 09:52:14,538.74
2022-03-29 09:52:19,539.9510159162802
2022-03-29 09:52:24,539.9354565094574
2022-03-29 09:52:29,538.8
2022-03-29 09:52:34,538.8
2022-03-29 09:52:39,538.8
2022-03-29 09:52:44,538.86
2022-03-29 09:52:49,538.92
2022-03-29 09:52:54,538.92
2022-03-29 09:52:59,538.92
2022-03-29 09:53:04,538.98
2022-03-29 09:53:09,539.01
2022-03-29 09:53:14,539.08
2022-03-29 09:53:19,539.07
2022-03-29 09:53:24,539.7487436275838
2022-03-29 09:53:29,539.14
2022-03-29 09:53:34,539.7176248139382
2022-03-29 09:53:39,539.7020654071154
2022-03-29 09:53:44,539.6865060002926
2022-03-29 09:53:49,539.6709465934698
2022-03-29 09:53:54,539.43
2022-03-29 09:53:59,539.6398277798243
2022-03-29 09:54:04,539.58
2022-03-29 09:54:09,539.58
2022-03-29 09:54:14,539.5931495593559
2022-03-29 09:54:19,539.75
2022-03-29 09:54:24,539.87
2022-03-29 09:54:29,539.5464713388874
2022-03-29 09:54:34,540.04
2022-03-29 09:54:39,540.16
2022-03-29 09:54:44,540.26
2022-03-29 09:54:49,540.39
2022-03-29 09:54:54,540.52
2022-03-29 09:54:59,539.4531148979506
2022-03-29 09:55:04,540.68
2022-03-29 09:55:09,540.77
2022-03-29 09:55:14,540.9
2022-03-29 09:55:19,541.03
2022-03-29 09:55:24,541.06
2022-03-29 09:55:29,541.19
2022-03-29 09:55:34,541.29
2022-03-29 09:55:39,541.48
2022-03-29 09:55:44,541.55
2022-03-29 09:55:49,541.64
2022-03-29 09:55:54,541.77
2022-03-29 09:55:59,541.87
2022-03-29 09:56:04,541.93
2022-03-29 09:56:09,539.5705360441706
2022-03-29 09:56:14,539.5850740024442
2022-03-29 09:56:19,539.5996119607178
2022-03-29 09:56:24,539.6141499189913
2022-03-29 09:56:29,542.45
2022-03-29 09:56:34,542.61
2022-03-29 09:56:39,542.67
2022-03-29 09:56:44,542.8
2022-03-29 09:56:49,542.9
2022-03-29 09:56:54,542.96
2022-03-29 09:56:59,543.03
2022-03-29 09:57:04,543.12
2022-03-29 09:57:09,543.19
2022-03-29 09:57:14,543.25
2022-03-29 09:57:19,543.42
2022-03-29 09:57:24,539.7886054182745
2022-03-29 09:57:29,543.54
2022-03-29 09:57:34,543.64
2022-03-29 09:57:39,543.71
2022-03-29 09:57:44,543.77
2022-03-29 09:57:49,543.83
2022-03-29 09:57:54,544.0
2022-03-29 09:57:59,544.0
2022-03-29 09:58:04,544.12
2022-03-29 09:58:09,544.16
2022-03-29 09:58:14,544.22
2022-03-29 09:58:19,539.948522959284
2022-03-29 09:58:24,544.38
2022-03-29 09:58:29,544.45
2022-03-29 09:58:34,544.52
2022-03-29 09:58:39,540.0066747923784
2022-03-29 09:58:44,544.68
2022-03-29 09:58:49,544.74
2022-03-29 09:58:54,544.87
2022-03-29 09:58:59,540.0648266254727
2022-03-29 09:59:04,540.0793645837464
2022-03-29 09:59:09,545.03
2022-03-29 09:59:14,545.16
2022-03-29 09:59:19,545.19
2022-03-29 09:59:24,540.1375164168408
2022-03-29 09:59:29,545.32
2022-03-29 09:59:34,545.39
2022-03-29 09:59:39,545.42
2022-03-29 09:59:44,545.49
2022-03-29 09:59:49,545.55
2022-03-29 09:59:54,545.55
2022-03-29 09:59:59,545.68
2022-03-29 10:00:04,545.68
2022-03-29 10:00:09,545.71
2022-03-29 10:00:14,545.78
2022-03-29 10:00:19,545.78
2022-03-29 10:00:24,545.84
2022-03-29 10:00:29,545.84
2022-03-29 10:00:34,545.9
2022-03-29 10:00:39,540.3555857909447
2022-03-29 10:00:44,540.3701237492182
2022-03-29 10:00:49,545.94
2022-03-29 10:00:54,545.93
2022-03-29 10:00:59,545.94
2022-03-29 10:01:04,545.94
2022-03-29 10:01:09,545.94
2022-03-29 10:01:14,540.4573514988599
2022-03-29 10:01:19,545.94
2022-03-29 10:01:24,540.486427415407
2022-03-29 10:01:29,540.5009653736806
2022-03-29 10:01:34,545.93
2022-03-29 10:01:39,545.93
2022-03-29 10:01:44,540.5445792485015
2022-03-29 10:01:49,540.559117206775
2022-03-29 10:01:54,540.5736551650485
2022-03-29 10:01:59,545.9
2022-03-29 10:02:04,545.9
2022-03-29 10:02:09,540.6172690398694
2022-03-29 10:02:14,540.631806998143
2022-03-29 10:02:19,545.77
2022-03-29 10:02:24,545.77
2022-03-29 10:02:29,545.77
2022-03-29 10:02:34,545.7
2022-03-29 10:02:39,540.7044967895109
2022-03-29 10:02:44,545.67
2022-03-29 10:02:49,545.67
2022-03-29 10:02:54,540.7481106643316
2022-03-29 10:02:59,545.54
2022-03-29 10:03:04,545.54
2022-03-29 10:03:09,545.47
2022-03-29 10:03:14,545.4
2022-03-29 10:03:19,540.8208004556997
2022-03-29 10:03:24,545.4
2022-03-29 10:03:29,545.37
2022-03-29 10:03:34,545.3
2022-03-29 10:03:39,545.24
2022-03-29 10:03:44,545.24
2022-03-29 10:03:49,540.9080282053412
2022-03-29 10:03:54,545.17
2022-03-29 10:03:59,545.14
2022-03-29 10:04:04,545.07
2022-03-29 10:04:09,540.9661800384357
2022-03-29 10:04:14,540.9807179967092
2022-03-29 10:04:19,545.01
2022-03-29 10:04:24,544.88
2022-03-29 10:04:29,541.02433187153
2022-03-29 10:04:34,544.84
2022-03-29 10:04:39,544.78
2022-03-29 10:04:44,544.71
2022-03-29 10:04:49,544.71
2022-03-29 10:04:54,544.61
2022-03-29 10:04:59,544.61
2022-03-29 10:05:04,541.1260975794452
2022-03-29 10:05:09,541.1406355377188
2022-03-29 10:05:14,541.1551734959924
2022-03-29 10:05:19,544.35
2022-03-29 10:05:24,541.1842494125395
2022-03-29 10:05:29,544.25
2022-03-29 10:05:34,544.25
2022-03-29 10:05:39,541.2278632873604
2022-03-29 10:05:44,541.2424012456339
2022-03-29 10:05:49,544.02
2022-03-29 10:05:54,541.2714771621811
2022-03-29 10:05:59,541.2860151204547
2022-03-29 10:06:04,543.89
2022-03-29 10:06:09,543.83
2022-03-29 10:06:14,541.3296289952755
2022-03-29 10:06:19,543.73
2022-03-29 10:06:24,543.73
2022-03-29 10:06:29,541.3732428700963
2022-03-29 10:06:34,543.6
2022-03-29 10:06:39,541.4023187866435
2022-03-29 10:06:44,543.56
2022-03-29 10:06:49,543.5
2022-03-29 10:06:54,541.4459326614642
2022-03-29 10:06:59,541.4604706197379
2022-03-29 10:07:04,541.4750085780115
2022-03-29 10:07:09,543.37
2022-03-29 10:07:14,543.37
2022-03-29 10:07:19,543.3
2022-03-29 10:07:24,543.3
2022-03-29 10:07:29,543.27
2022-03-29 10:07:34,543.27
2022-03-29 10:07:39,541.5767742859266
2022-03-29 10:07:44,543.2
2022-03-29 10:07:49,543.27
2022-03-29 10:07:54,543.2
2022-03-29 10:07:59,543.14
2022-03-29 10:08:04,543.08
2022-03-29 10:08:09,543.07
2022-03-29 10:08:14,543.07
2022-03-29 10:08:19,542.98
2022-03-29 10:08:24,541.707615910389
2022-03-29 10:08:29,542.91
2022-03-29 10:08:34,541.7366918269362
2022-03-29 10:08:39,542.84
2022-03-29 10:08:44,542.75
2022-03-29 10:08:49,542.78
2022-03-29 10:08:54,542.69
2022-03-29 10:08:59,542.69
2022-03-29 10:09:04,542.62
2022-03-29 10:09:09,541.8384575348513
2022-03-29 10:09:14,542.55
2022-03-29 10:09:19,542.53
2022-03-29 10:09:24,542.46
2022-03-29 10:09:29,542.39
2022-03-29 10:09:34,542.33
2022-03-29 10:09:39,542.27
2022-03-29 10:09:44,542.27
2022-03-29 10:09:49,541.862960558224
2022-03-29 10:09:54,542.17
2022-03-29 10:09:59,541.8618400612024
2022-03-29 10:10:04,542.11
2022-03-29 10:10:09,542.04
2022-03-29 10:10:14,541.8601593156701
2022-03-29 10:10:19,542.01
2022-03-29 10:10:24,541.8590388186486
2022-03-29 10:10:29,541.88
2022-03-29 10:10:34,541.82
2022-03-29 10:10:39,541.76
2022-03-29 10:10:44,541.72
2022-03-29 10:10:49,541.8562375760948
2022-03-29 10:10:54,541.855677327584
2022-03-29 10:10:59,541.8551170790732
2022-03-29 10:11:04,541.53
2022-03-29 10:11:09,541.5
2022-03-29 10:11:14,541.5
2022-03-29 10:11:19,541.43
2022-03-29 10:11:24,541.37
2022-03-29 10:11:29,541.8517555880086
2022-03-29 10:11:34,541.8511953394978
2022-03-29 10:11:39,541.8506350909871
2022-03-29 10:11:44,541.3
2022-03-29 10:11:49,541.24
2022-03-29 10:11:54,541.24
2022-03-29 10:11:59,541.24
2022-03-29 10:12:04,541.8478338484333
2022-03-29 10:12:09,541.8472735999225
2022-03-29 10:12:14,541.8467133514117
2022-03-29 10:12:19,541.21
2022-03-29 10:12:24,541.8455928543902
2022-03-29 10:12:29,541.21
2022-03-29 10:12:34,541.21
2022-03-29 10:12:39,541.21
2022-03-29 10:12:44,541.8433518603472
2022-03-29 10:12:49,541.8427916118363
2022-03-29 10:12:54,541.8422313633256
2022-03-29 10:12:59,541.21
2022-03-29 10:13:04,541.24
2022-03-29 10:13:09,541.8405506177933
2022-03-29 10:13:14,541.24
2022-03-29 10:13:19,541.21
2022-03-29 10:13:24,541.8388698722611
2022-03-29 10:13:29,541.2
2022-03-29 10:13:34,541.2
2022-03-29 10:13:39,541.2
2022-03-29 10:13:44,541.2
2022-03-29 10:13:49,541.8360686297071
2022-03-29 10:13:54,541.8355083811964
2022-03-29 10:13:59,541.14
2022-03-29 10:14:04,541.2
2022-03-29 10:14:09,541.13
2022-03-29 10:14:14,541.13
2022-03-29 10:14:19,541.13
2022-03-29 10:14:24,541.13
2022-03-29 10:14:29,541.13
2022-03-29 10:14:34,541.06
2022-03-29 10:14:39,541.13
2022-03-29 10:14:44,541.8299058960887
2022-03-29 10:14:49,541.13
2022-03-29 10:14:54,541.13
2022-03-29 10:14:59,541.13
2022-03-29 10:15:04,541.19
2022-03-29 10:15:09,541.8271046535349
2022-03-29 10:15:14,541.8265444050242
2022-03-29 10:15:19,541.19
2022-03-29 10:15:24,541.18
2022-03-29 10:15:29,541.18
2022-03-29 10:15:34,541.8243034109811
2022-03-29 10:15:39,541.18
2022-03-29 10:15:44,541.18
2022-03-29 10:15:49,541.21
2022-03-29 10:15:54,541.21
2022-03-29 10:15:59,541.21
2022-03-29 10:16:04,541.21
2022-03-29 10:16:09,541.8203816714057
2022-03-29 10:16:14,541.819821422895
2022-03-29 10:16:19,541.27
2022-03-29 10:16:24,541.33
2022-03-29 10:16:29,541.8181406773626
2022-03-29 10:16:34,541.39
2022-03-29 10:16:39,541.817020180341
2022-03-29 10:16:44,541.46
2022-03-29 10:16:49,541.8158996833196
2022-03-29 10:16:54,541.49
2022-03-29 10:16:59,541.55
2022-03-29 10:17:04,541.55
2022-03-29 10:17:09,541.61
2022-03-29 10:17:14,541.61
2022-03-29 10:17:19,541.67
2022-03-29 10:17:24,541.67
2022-03-29 10:17:29,541.8114176952334
2022-03-29 10:17:34,541.67
2022-03-29 10:17:39,541.77
2022-03-29 10:17:44,541.7
2022-03-29 10:17:49,541.8091767011904
2022-03-29 10:17:54,541.8086164526796
2022-03-29 10:17:59,541.76
2022-03-29 10:18:04,541.807495955658
2022-03-29 10:18:09,541.83
2022-03-29 10:18:14,541.89
2022-03-29 10:18:19,541.89
2022-03-29 10:18:24,541.89
2022-03-29 10:18:29,541.95
2022-03-29 10:18:34,541.95
2022-03-29 10:18:39,541.98
2022-03-29 10:18:44,541.8030139675719
2022-03-29 10:18:49,542.05
2022-03-29 10:18:54,542.04
2022-03-29 10:18:59,542.11
2022-03-29 10:19:04,542.17
2022-03-29 10:19:09,542.17
2022-03-29 10:19:14,542.11
2022-03-29 10:19:19,541.7990922279965
2022-03-29 10:19:24,542.17
2022-03-29 10:19:29,542.17
2022-03-29 10:19:34,542.2
2022-03-29 10:19:39,542.2
2022-03-29 10:19:44,542.2
2022-03-29 10:19:49,542.27
2022-03-29 10:19:54,542.2
2022-03-29 10:19:59,542.27
2022-03-29 10:20:04,542.27
2022-03-29 10:20:09,542.2
2022-03-29 10:20:14,541.7929294943781
2022-03-29 10:20:19,542.26
2022-03-29 10:20:24,541.7918089973566
2022-03-29 10:20:29,542.27
2022-03-29 10:20:34,542.26
2022-03-29 10:20:39,542.26
2022-03-29 10:20:44,542.27
2022-03-29 10:20:49,542.26
2022-03-29 10:20:54,542.26
2022-03-29 10:20:59,542.33
2022-03-29 10:21:04,541.7873270092705
2022-03-29 10:21:09,542.26
2022-03-29 10:21:14,541.7862065122489
2022-03-29 10:21:19,541.7856462637382
2022-03-29 10:21:24,542.27
2022-03-29 10:21:29,542.27
2022-03-29 10:21:34,541.7839655182058
2022-03-29 10:21:39,542.33
2022-03-29 10:21:44,542.33
2022-03-29 10:21:49,542.33
2022-03-29 10:21:54,542.27
2022-03-29 10:21:59,542.33
2022-03-29 10:22:04,541.7806040271413
2022-03-29 10:22:09,541.7800437786304
2022-03-29 10:22:14,542.33
2022-03-29 10:22:19,542.39
2022-03-29 10:22:24,541.7783630330982
2022-03-29 10:22:29,542.4
2022-03-29 10:22:34,541.7772425360766
2022-03-29 10:22:39,542.4
2022-03-29 10:22:44,542.4
2022-03-29 10:22:49,541.7755617905443
2022-03-29 10:22:54,542.4
2022-03-29 10:22:59,542.46
2022-03-29 10:23:04,542.46
2022-03-29 10:23:09,542.46
2022-03-29 10:23:14,542.46
2022-03-29 10:23:19,542.49
2022-03-29 10:23:24,542.49
2022-03-29 10:23:29,542.49
2022-03-29 10:23:34,542.62
2022-03-29 10:23:39,541.7694943934491
2022-03-29 10:23:44,542.62
2022-03-29 10:23:49,542.62
2022-03-29 10:23:54,541.767352048126
2022-03-29 10:23:59,542.69
2022-03-29 10:24:04,542.69
2022-03-29 10:24:09,542.69
2022-03-29 10:24:14,542.72
2022-03-29 10:24:19,542.78
2022-03-29 10:24:24,542.79
2022-03-29 10:24:29,542.79
2022-03-29 10:24:34,542.78
2022-03-29 10:24:39,542.78
2022-03-29 10:24:44,542.85
2022-03-29 10:24:49,542.91
2022-03-29 10:24:54,541.7587826668337
2022-03-29 10:24:59,542.98
2022-03-29 10:25:04,542.98
2022-03-29 10:25:09,543.01
2022-03-29 10:25:14,543.07
2022-03-29 10:25:19,541.7552120912952
2022-03-29 10:25:24,541.7544979761875
2022-03-29 10:25:29,543.13
2022-03-29 10:25:34,541.7530697459721
2022-03-29 10:25:39,543.2
2022-03-29 10:25:44,543.23
2022-03-29 10:25:49,543.29
2022-03-29 10:25:54,543.23
2022-03-29 10:25:59,541.7494991704336
2022-03-29 10:26:04,543.35
2022-03-29 10:26:09,543.29
2022-03-29 10:26:14,541.7473568251105
2022-03-29 10:26:19,541.7466427100028
2022-03-29 10:26:24,541.7459285948952
2022-03-29 10:26:29,543.48
2022-03-29 10:26:34,543.42
2022-03-29 10:26:39,543.48
2022-03-29 10:26:44,543.51
2022-03-29 10:26:49,541.7423580193566
2022-03-29 10:26:54,543.51
2022-03-29 10:26:59,541.7409297891413
2022-03-29 10:27:04,541.7402156740336
2022-03-29 10:27:09,541.7395015589259
2022-03-29 10:27:14,543.64
2022-03-29 10:27:19,543.64
2022-03-29 10:27:24,541.7373592136028
2022-03-29 10:27:29,543.7
2022-03-29 10:27:34,543.7
2022-03-29 10:27:39,543.73
2022-03-29 10:27:44,543.73
2022-03-29 10:27:49,543.73
2022-03-29 10:27:54,543.73
2022-03-29 10:27:59,543.73
2022-03-29 10:28:04,543.79
2022-03-29 10:28:09,543.85
2022-03-29 10:28:14,541.7302180625259
2022-03-29 10:28:19,543.78
2022-03-29 10:28:24,541.7287898323104
2022-03-29 10:28:29,543.85
2022-03-29 10:28:34,541.7273616020951
2022-03-29 10:28:39,543.85
2022-03-29 10:28:44,543.84
2022-03-29 10:28:49,541.725219256772
2022-03-29 10:28:54,543.9
2022-03-29 10:28:59,543.97
2022-03-29 10:29:04,543.97
2022-03-29 10:29:09,541.7223627963413
2022-03-29 10:29:14,541.7216486812335
2022-03-29 10:29:19,544.0
2022-03-29 10:29:24,544.0
2022-03-29 10:29:29,543.99
2022-03-29 10:29:34,543.99
2022-03-29 10:29:39,541.718078105695
2022-03-29 10:29:44,543.99
2022-03-29 10:29:49,541.7166498754797
2022-03-29 10:29:54,544.05
2022-03-29 10:29:59,544.06
2022-03-29 10:30:04,544.12
2022-03-29 10:30:09,541.7137934150488
2022-03-29 10:30:14,544.12
2022-03-29 10:30:19,544.18
2022-03-29 10:30:24,541.7116510697258
2022-03-29 10:30:29,544.18
2022-03-29 10:30:34,544.21
2022-03-29 10:30:39,544.18
2022-03-29 10:30:44,544.18
2022-03-29 10:30:49,544.21
2022-03-29 10:30:54,544.21
2022-03-29 10:30:59,544.28
2022-03-29 10:31:04,541.7059381488642
2022-03-29 10:31:09,544.21
2022-03-29 10:31:14,541.7045099186488
2022-03-29 10:31:19,541.7037958035411
2022-03-29 10:31:24,541.7030816884335
2022-03-29 10:31:29,544.27
2022-03-29 10:31:34,544.21
2022-03-29 10:31:39,544.21
2022-03-29 10:31:44,544.21
2022-03-29 10:31:49,544.17
2022-03-29 10:31:54,544.17
2022-03-29 10:31:59,541.6980828826796
2022-03-29 10:32:04,544.17
2022-03-29 10:32:09,544.17
2022-03-29 10:32:14,544.17
2022-03-29 10:32:19,544.11
2022-03-29 10:32:24,541.694512307141
2022-03-29 10:32:29,544.04
2022-03-29 10:32:34,541.6930840769257
2022-03-29 10:32:39,543.98
2022-03-29 10:32:44,544.04
2022-03-29 10:32:49,543.98
2022-03-29 10:32:54,541.6902276164949
2022-03-29 10:32:59,543.95
2022-03-29 10:33:04,541.6887993862796
2022-03-29 10:33:09,541.6880852711719
2022-03-29 10:33:14,543.88
2022-03-29 10:33:19,543.88
2022-03-29 10:33:24,543.82
2022-03-29 10:33:29,543.82
2022-03-29 10:33:34,541.6845146956333
2022-03-29 10:33:39,541.6838005805257
2022-03-29 10:33:44,543.69
2022-03-29 10:33:49,543.69
2022-03-29 10:33:54,543.66
2022-03-29 10:33:59,541.6809441200949
2022-03-29 10:34:04,543.6
2022-03-29 10:34:09,543.6
2022-03-29 10:34:14,543.53
2022-03-29 10:34:19,543.47
2022-03-29 10:34:24,543.44
2022-03-29 10:34:29,543.47
2022-03-29 10:34:34,543.44
2022-03-29 10:34:39,541.6752311992333
2022-03-29 10:34:44,543.37
2022-03-29 10:34:49,543.31
2022-03-29 10:34:54,543.24
2022-03-29 10:34:59,543.24
2022-03-29 10:35:04,543.24
2022-03-29 10:35:09,543.18
2022-03-29 10:35:14,543.15
2022-03-29 10:35:19,541.6695182783718
2022-03-29 10:35:24,541.6688041632641
2022-03-29 10:35:29,541.6680900481564
2022-03-29 10:35:34,543.09
2022-03-29 10:35:39,542.96
2022-03-29 10:35:44,542.96
2022-03-29 10:35:49,542.92
2022-03-29 10:35:54,542.86
2022-03-29 10:35:59,542.86
2022-03-29 10:36:04,542.86
2022-03-29 10:36:09,542.8
2022-03-29 10:36:14,542.8
2022-03-29 10:36:19,542.8
2022-03-29 10:36:24,542.73
2022-03-29 10:36:29,542.73
2022-03-29 10:36:34,542.73
2022-03-29 10:36:39,542.67
2022-03-29 10:36:44,541.6573783215409
2022-03-29 10:36:49,541.6566642064332
2022-03-29 10:36:54,542.63
2022-03-29 10:36:59,541.6552359762179
2022-03-29 10:37:04,542.63
2022-03-29 10:37:09,542.57
2022-03-29 10:37:14,541.6530936308948
2022-03-29 10:37:19,542.57
2022-03-29 10:37:24,542.5
2022-03-29 10:37:29,542.5
2022-03-29 10:37:34,542.5
2022-03-29 10:37:39,541.6663029152753
2022-03-29 10:37:44,541.6741376620008
2022-03-29 10:37:49,541.6819724087262
2022-03-29 10:37:54,542.5
2022-03-29 10:37:59,541.6976419021771
2022-03-29 10:38:04,542.5
2022-03-29 10:38:09,541.7133113956279
2022-03-29 10:38:14,541.7211461423534
2022-03-29 10:38:19,541.7289808890788
2022-03-29 10:38:24,542.5
2022-03-29 10:38:29,542.57
2022-03-29 10:38:34,541.7524851292551
2022-03-29 10:38:39,542.63
2022-03-29 10:38:44,541.768154622706
2022-03-29 10:38:49,541.7759893694314
2022-03-29 10:38:54,541.7838241161569
2022-03-29 10:38:59,541.7916588628823
2022-03-29 10:39:04,542.72
2022-03-29 10:39:09,542.79
2022-03-29 10:39:14,542.79
2022-03-29 10:39:19,542.78
2022-03-29 10:39:24,542.85
2022-03-29 10:39:29,542.85
2022-03-29 10:39:34,542.85
2022-03-29 10:39:39,541.8543368366858
2022-03-29 10:39:44,542.85
2022-03-29 10:39:49,542.84
2022-03-29 10:39:54,542.91
2022-03-29 10:39:59,542.91
2022-03-29 10:40:04,541.8935105703129
2022-03-29 10:40:09,542.9
2022-03-29 10:40:14,541.9091800637638
2022-03-29 10:40:19,541.9170148104891
2022-03-29 10:40:24,541.9248495572147
2022-03-29 10:40:29,542.9
2022-03-29 10:40:34,542.9
2022-03-29 10:40:39,541.948353797391
2022-03-29 10:40:44,542.89
2022-03-29 10:40:49,542.89
2022-03-29 10:40:54,541.9718580375672
2022-03-29 10:40:59,542.89
2022-03-29 10:41:04,541.987527531018
2022-03-29 10:41:09,542.89
2022-03-29 10:41:14,542.83
2022-03-29 10:41:19,542.83
2022-03-29 10:41:24,542.76
2022-03-29 10:41:29,542.76
2022-03-29 10:41:34,542.69
2022-03-29 10:41:39,542.63
2022-03-29 10:41:44,542.59
2022-03-29 10:41:49,542.53
2022-03-29 10:41:54,542.0658749982724
2022-03-29 10:41:59,542.4
2022-03-29 10:42:04,542.4
2022-03-29 10:42:09,542.0893792384487
2022-03-29 10:42:14,542.24
2022-03-29 10:42:19,542.17
2022-03-29 10:42:24,542.11
2022-03-29 10:42:29,542.08
2022-03-29 10:42:34,542.01
2022-03-29 10:42:39,541.88
2022-03-29 10:42:44,541.85
2022-03-29 10:42:49,542.1520572122521
2022-03-29 10:42:54,541.72
2022-03-29 10:42:59,541.65
2022-03-29 10:43:04,542.1755614524284
2022-03-29 10:43:09,541.49
2022-03-29 10:43:14,541.49
2022-03-29 10:43:19,542.1990656926048
2022-03-29 10:43:24,542.2069004393302
2022-03-29 10:43:29,542.2147351860556
2022-03-29 10:43:34,541.2
2022-03-29 10:43:39,541.14
2022-03-29 10:43:44,541.07
2022-03-29 10:43:49,540.97
2022-03-29 10:43:54,542.2539089196828
2022-03-29 10:43:59,540.84
2022-03-29 10:44:04,540.75
2022-03-29 10:44:09,542.2774131598591
2022-03-29 10:44:14,542.2852479065845
2022-03-29 10:44:19,540.55
2022-03-29 10:44:24,542.3009174000354
2022-03-29 10:44:29,540.46
2022-03-29 10:44:34,542.3165868934863
2022-03-29 10:44:39,542.3244216402117
2022-03-29 10:44:44,542.332256386937
2022-03-29 10:44:49,542.3400911336626
2022-03-29 10:44:54,540.23
2022-03-29 10:44:59,540.17
2022-03-29 10:45:04,542.3635953738388
2022-03-29 10:45:09,540.1
2022-03-29 10:45:14,542.3792648672896
2022-03-29 10:45:19,540.1
2022-03-29 10:45:24,542.3949343607405
2022-03-29 10:45:29,540.04
2022-03-29 10:45:34,540.01
2022-03-29 10:45:39,540.04
2022-03-29 10:45:44,540.01
2022-03-29 10:45:49,542.4341080943677
2022-03-29 10:45:54,542.4419428410931
2022-03-29 10:45:59,540.01
2022-03-29 10:46:04,542.457612334544
2022-03-29 10:46:09,540.01
2022-03-29 10:46:14,540.01
2022-03-29 10:46:19,539.95
2022-03-29 10:46:24,540.01
2022-03-29 10:46:29,539.95
2022-03-29 10:46:34,542.5046208148966
2022-03-29 10:46:39,539.95
2022-03-29 10:46:44,540.01
2022-03-29 10:46:49,540.01
2022-03-29 10:46:54,540.01
2022-03-29 10:46:59,540.01
2022-03-29 10:47:04,542.5516292952492
2022-03-29 10:47:09,540.01
2022-03-29 10:47:14,542.5672987887001
2022-03-29 10:47:19,540.01
2022-03-29 10:47:24,542.5829682821509
2022-03-29 10:47:29,540.05
2022-03-29 10:47:34,540.11
2022-03-29 10:47:39,542.6064725223272
2022-03-29 10:47:44,540.11
2022-03-29 10:47:49,540.18
2022-03-29 10:47:54,540.18
2022-03-29 10:47:59,540.31
2022-03-29 10:48:04,540.31
2022-03-29 10:48:09,540.34
2022-03-29 10:48:14,542.6613157494053
2022-03-29 10:48:19,540.41
2022-03-29 10:48:24,540.47
2022-03-29 10:48:29,542.6848199895816
2022-03-29 10:48:34,540.57
2022-03-29 10:48:39,542.7004894830324
2022-03-29 10:48:44,540.69
2022-03-29 10:48:49,540.69
2022-03-29 10:48:54,542.7239937232088
2022-03-29 10:48:59,542.7318284699342
2022-03-29 10:49:04,540.82
2022-03-29 10:49:09,542.7474979633851
2022-03-29 10:49:14,540.98
2022-03-29 10:49:19,542.7631674568358
2022-03-29 10:49:24,541.08
2022-03-29 10:49:29,541.08
2022-03-29 10:49:34,541.14
2022-03-29 10:49:39,541.14
2022-03-29 10:49:44,542.802341190463
2022-03-29 10:49:49,542.8101759371884
2022-03-29 10:49:54,541.27
2022-03-29 10:49:59,541.34
2022-03-29 10:50:04,542.8336801773647
2022-03-29 10:50:09,541.37
2022-03-29 10:50:14,541.43
2022-03-29 10:50:19,542.857184417541
2022-03-29 10:50:24,541.49
2022-03-29 10:50:29,541.49
2022-03-29 10:50:34,541.59
2022-03-29 10:50:39,541.59
2022-03-29 10:50:44,541.65
2022-03-29 10:50:49,541.65
2022-03-29 10:50:54,541.65
2022-03-29 10:50:59,542.9198623913445
2022-03-29 10:51:04,541.72
2022-03-29 10:51:09,542.9355318847954
2022-03-29 10:51:14,541.84
2022-03-29 10:51:19,541.84
2022-03-29 10:51:24,541.87
2022-03-29 10:51:29,541.87
2022-03-29 10:51:34,542.9747056184226
2022-03-29 10:51:39,542.0
2022-03-29 10:51:44,541.99
2022-03-29 10:51:49,542.9613471564933
2022-03-29 10:51:54,542.06
2022-03-29 10:51:59,542.06
2022-03-29 10:52:04,542.09
2022-03-29 10:52:09,542.09
2022-03-29 10:52:14,542.15
2022-03-29 10:52:19,542.22
2022-03-29 10:52:24,542.9273373610433
2022-03-29 10:52:29,542.9224788188362
2022-03-29 10:52:34,542.21
2022-03-29 10:52:39,542.9127617344219
2022-03-29 10:52:44,542.27
2022-03-29 10:52:49,542.9030446500077
2022-03-29 10:52:54,542.27
2022-03-29 10:52:59,542.8933275655934
2022-03-29 10:53:04,542.27
2022-03-29 10:53:09,542.27
2022-03-29 10:53:14,542.878751938972
2022-03-29 10:53:19,542.8738933967649
2022-03-29 10:53:24,542.33
2022-03-29 10:53:29,542.8641763123505
2022-03-29 10:53:34,542.8593177701434
2022-03-29 10:53:39,542.33
2022-03-29 10:53:44,542.36
2022-03-29 10:53:49,542.36
2022-03-29 10:53:54,542.8398836013149
2022-03-29 10:53:59,542.36
2022-03-29 10:54:04,542.36
2022-03-29 10:54:09,542.36
2022-03-29 10:54:14,542.36
2022-03-29 10:54:19,542.8155908902792
2022-03-29 10:54:24,542.36
2022-03-29 10:54:29,542.36
2022-03-29 10:54:34,542.8010152636579
2022-03-29 10:54:39,542.42
2022-03-29 10:54:44,542.36
2022-03-29 10:54:49,542.35
2022-03-29 10:54:54,542.42
2022-03-29 10:54:59,542.35
2022-03-29 10:55:04,542.771864010415
2022-03-29 10:55:09,542.7670054682079
2022-03-29 10:55:14,542.35
2022-03-29 10:55:19,542.7572883837936
2022-03-29 10:55:24,542.35
2022-03-29 10:55:29,542.41
2022-03-29 10:55:34,542.7427127571722
2022-03-29 10:55:39,542.41
2022-03-29 10:55:44,542.41
2022-03-29 10:55:49,542.41
2022-03-29 10:55:54,542.41
2022-03-29 10:55:59,542.7184200461365
2022-03-29 10:56:04,542.41
2022-03-29 10:56:09,542.41
2022-03-29 10:56:14,542.7038444195151
2022-03-29 10:56:19,542.48
2022-03-29 10:56:24,542.6941273351008
2022-03-29 10:56:29,542.48
2022-03-29 10:56:34,542.48
2022-03-29 10:56:39,542.6795517084794
2022-03-29 10:56:44,542.54
2022-03-29 10:56:49,542.48
2022-03-29 10:56:54,542.54
2022-03-29 10:56:59,542.48
2022-03-29 10:57:04,542.6552589974438
2022-03-29 10:57:09,542.54
2022-03-29 10:57:14,542.6455419130295
2022-03-29 10:57:19,542.58
2022-03-29 10:57:24,542.57
2022-03-29 10:57:29,542.58
2022-03-29 10:57:34,542.6261077442009
2022-03-29 10:57:39,542.58
2022-03-29 10:57:44,542.58
2022-03-29 10:57:49,542.64
2022-03-29 10:57:54,542.64
2022-03-29 10:57:59,542.64
2022-03-29 10:58:04,542.64
2022-03-29 10:58:09,542.64
2022-03-29 10:58:14,542.64
2022-03-29 10:58:19,542.64
2022-03-29 10:58:24,542.64
2022-03-29 10:58:29,542.5726637799224
2022-03-29 10:58:34,542.65
2022-03-29 10:58:39,542.71
2022-03-29 10:58:44,542.71
2022-03-29 10:58:49,542.77
2022-03-29 10:58:54,542.77
2022-03-29 10:58:59,542.78
2022-03-29 10:59:04,542.5386539844725
2022-03-29 10:59:09,542.84
2022-03-29 10:59:14,542.78
2022-03-29 10:59:19,542.84
2022-03-29 10:59:24,542.84
2022-03-29 10:59:29,542.84
2022-03-29 10:59:34,542.78
2022-03-29 10:59:39,542.72
2022-03-29 10:59:44,542.4997856468154
2022-03-29 10:59:49,542.4949271046083
2022-03-29 10:59:54,542.59
2022-03-29 10:59:59,542.59
2022-03-29 11:00:04,542.56
2022-03-29 11:00:09,542.49
2022-03-29 11:00:14,542.4706343935726
2022-03-29 11:00:19,542.36
2022-03-29 11:00:24,542.36
2022-03-29 11:00:29,542.4560587669512
2022-03-29 11:00:34,542.27
2022-03-29 11:00:39,542.2
2022-03-29 11:00:44,542.14
2022-03-29 11:00:49,542.07
2022-03-29 11:00:54,542.4317660559155
2022-03-29 11:00:59,541.98
2022-03-29 11:01:04,541.85
2022-03-29 11:01:09,541.82
2022-03-29 11:01:14,541.75
2022-03-29 11:01:19,542.4074733448799
2022-03-29 11:01:24,541.62
2022-03-29 11:01:29,541.56
2022-03-29 11:01:34,541.46
2022-03-29 11:01:39,542.3880391760514
2022-03-29 11:01:44,541.24
2022-03-29 11:01:49,542.3783220916371
2022-03-29 11:01:54,541.11
2022-03-29 11:01:59,541.01
2022-03-29 11:02:04,542.3637464650157
2022-03-29 11:02:09,540.88
2022-03-29 11:02:14,540.78
2022-03-29 11:02:19,540.65
2022-03-29 11:02:24,540.59
2022-03-29 11:02:29,540.52
2022-03-29 11:02:34,540.43
2022-03-29 11:02:39,540.36
2022-03-29 11:02:44,542.3248781273586
2022-03-29 11:02:49,540.14
2022-03-29 11:02:54,540.14
2022-03-29 11:02:59,540.01
2022-03-29 11:03:04,539.97
2022-03-29 11:03:09,539.84
2022-03-29 11:03:14,539.75
2022-03-29 11:03:19,539.68
2022-03-29 11:03:24,542.2860097897014
2022-03-29 11:03:29,539.49
2022-03-29 11:03:34,539.39
2022-03-29 11:03:39,539.32
2022-03-29 11:03:44,539.26
2022-03-29 11:03:49,542.2617170786658
2022-03-29 11:03:54,542.2568585364587
2022-03-29 11:03:59,539.1
2022-03-29 11:04:04,539.03
2022-03-29 11:04:09,538.96
2022-03-29 11:04:14,538.93
2022-03-29 11:04:19,538.93
2022-03-29 11:04:24,542.2277072832159
2022-03-29 11:04:29,542.2228487410088
2022-03-29 11:04:34,542.2179901988015
2022-03-29 11:04:39,538.8
2022-03-29 11:04:44,542.2082731143873
2022-03-29 11:04:49,538.73
2022-03-29 11:04:54,538.73
2022-03-29 11:04:59,538.7
2022-03-29 11:05:04,538.73
2022-03-29 11:05:09,538.73
2022-03-29 11:05:14,538.69
2022-03-29 11:05:19,538.63
2022-03-29 11:05:24,538.63
2022-03-29 11:05:29,538.63
2022-03-29 11:05:34,538.63
2022-03-29 11:05:39,538.63
2022-03-29 11:05:44,542.1690086955382
2022-03-29 11:05:49,538.69
2022-03-29 11:05:54,538.69
2022-03-29 11:05:59,542.221991838238
2022-03-29 11:06:04,538.69
2022-03-29 11:06:09,542.257313933371
2022-03-29 11:06:14,538.69
2022-03-29 11:06:19,538.72
2022-03-29 11:06:24,538.72
2022-03-29 11:06:29,538.78
2022-03-29 11:06:34,542.3456191712039
2022-03-29 11:06:39,538.84
2022-03-29 11:06:44,538.91
2022-03-29 11:06:49,538.91
2022-03-29 11:06:54,542.4162633614702
2022-03-29 11:06:59,539.0
2022-03-29 11:07:04,542.4515854566033
2022-03-29 11:07:09,539.07
2022-03-29 11:07:14,542.4869075517365
2022-03-29 11:07:19,542.5045685993031
2022-03-29 11:07:24,539.19
2022-03-29 11:07:29,542.5398906944363
2022-03-29 11:07:34,539.23
2022-03-29 11:07:39,542.5752127895693
2022-03-29 11:07:44,539.42
2022-03-29 11:07:49,539.45
2022-03-29 11:07:54,539.51
2022-03-29 11:07:59,539.58
2022-03-29 11:08:04,539.64
2022-03-29 11:08:09,539.64
2022-03-29 11:08:14,539.74
2022-03-29 11:08:19,539.87
2022-03-29 11:08:24,539.96
2022-03-29 11:08:29,539.96
2022-03-29 11:08:34,542.7694843128016
2022-03-29 11:08:39,542.7871453603682
2022-03-29 11:08:44,540.22
2022-03-29 11:08:49,542.8224674555013
2022-03-29 11:08:54,540.38
2022-03-29 11:08:59,540.45
2022-03-29 11:09:04,540.54
2022-03-29 11:09:09,540.61
2022-03-29 11:09:14,540.77
2022-03-29 11:09:19,540.83
2022-03-29 11:09:24,540.96
2022-03-29 11:09:29,542.9637558360339
2022-03-29 11:09:34,541.19
2022-03-29 11:09:39,541.26
2022-03-29 11:09:44,543.0167389787335
2022-03-29 11:09:49,541.48
2022-03-29 11:09:54,543.0520610738668
2022-03-29 11:09:59,541.64
2022-03-29 11:10:04,541.77
2022-03-29 11:10:09,543.1050442165664
2022-03-29 11:10:14,541.93
2022-03-29 11:10:19,543.1403663116995
2022-03-29 11:10:24,542.22
2022-03-29 11:10:29,542.29
2022-03-29 11:10:34,542.38
2022-03-29 11:10:39,543.2110105019659
2022-03-29 11:10:44,543.2286715495324
2022-03-29 11:10:49,543.246332597099
2022-03-29 11:10:54,542.74
2022-03-29 11:10:59,542.84
2022-03-29 11:11:04,543.03
2022-03-29 11:11:09,543.3169767873653
2022-03-29 11:11:14,543.13
2022-03-29 11:11:19,543.25
2022-03-29 11:11:24,543.32
2022-03-29 11:11:29,543.3876209776315
2022-03-29 11:11:34,543.48
2022-03-29 11:11:39,543.58
2022-03-29 11:11:44,543.4406041203313
2022-03-29 11:11:49,543.4582651678978
2022-03-29 11:11:54,543.87
2022-03-29 11:11:59,544.0
2022-03-29 11:12:04,543.5112483105976
2022-03-29 11:12:09,543.5289093581641
2022-03-29 11:12:14,544.29
2022-03-29 11:12:19,544.35
2022-03-29 11:12:24,544.45
2022-03-29 11:12:29,543.5995535484303
2022-03-29 11:12:34,544.61
2022-03-29 11:12:39,544.74
2022-03-29 11:12:44,544.8
2022-03-29 11:12:49,544.9
2022-03-29 11:12:54,545.03
2022-03-29 11:12:59,545.12
2022-03-29 11:13:04,545.19
2022-03-29 11:13:09,545.25
2022-03-29 11:13:14,545.41
2022-03-29 11:13:19,545.48
2022-03-29 11:13:24,545.61
2022-03-29 11:13:29,543.8114861192292
2022-03-29 11:13:34,545.77
2022-03-29 11:13:39,543.8468082143623
2022-03-29 11:13:44,543.864469261929
2022-03-29 11:13:49,543.8821303094956
2022-03-29 11:13:54,546.11
2022-03-29 11:13:59,546.21
2022-03-29 11:14:04,546.34
2022-03-29 11:14:09,543.9527744997617
2022-03-29 11:14:14,546.5
2022-03-29 11:14:19,546.57
2022-03-29 11:14:24,546.66
2022-03-29 11:14:29,544.023418690028
2022-03-29 11:14:34,546.85
2022-03-29 11:14:39,544.0587407851611
2022-03-29 11:14:44,547.08
2022-03-29 11:14:49,547.14
2022-03-29 11:14:54,547.24
2022-03-29 11:14:59,544.1293849754275
2022-03-29 11:15:04,544.147046022994
2022-03-29 11:15:09,547.46
2022-03-29 11:15:14,547.59
2022-03-29 11:15:19,547.59
2022-03-29 11:15:24,547.65
2022-03-29 11:15:29,547.68
2022-03-29 11:15:34,544.2530123083934
2022-03-29 11:15:39,547.74
2022-03-29 11:15:44,547.74
2022-03-29 11:15:49,547.81
2022-03-29 11:15:54,544.3236564986597
2022-03-29 11:15:59,547.86
2022-03-29 11:16:04,547.86
2022-03-29 11:16:09,547.93
2022-03-29 11:16:14,547.93
2022-03-29 11:16:19,547.86
2022-03-29 11:16:24,544.4296227840591
2022-03-29 11:16:29,547.96
2022-03-29 11:16:34,544.4649448791922
2022-03-29 11:16:39,547.92
2022-03-29 11:16:44,547.92
2022-03-29 11:16:49,547.86
2022-03-29 11:16:54,547.86
2022-03-29 11:16:59,547.79
2022-03-29 11:17:04,544.5709111645916
2022-03-29 11:17:09,544.5885722121583
2022-03-29 11:17:14,547.72
2022-03-29 11:17:19,547.66
2022-03-29 11:17:24,544.641555354858
2022-03-29 11:17:29,544.6592164024246
2022-03-29 11:17:34,544.6768774499911
2022-03-29 11:17:39,544.6945384975577
2022-03-29 11:17:44,544.7121995451242
2022-03-29 11:17:49,547.39
2022-03-29 11:17:54,547.33
2022-03-29 11:17:59,547.26
2022-03-29 11:18:04,547.2
2022-03-29 11:18:09,544.8005047829571
2022-03-29 11:18:14,544.8181658305236
2022-03-29 11:18:19,547.04
2022-03-29 11:18:24,544.8534879256569
2022-03-29 11:18:29,546.91
2022-03-29 11:18:34,544.88881002079
2022-03-29 11:18:39,546.81
2022-03-29 11:18:44,546.68
2022-03-29 11:18:49,546.68
2022-03-29 11:18:54,546.61
2022-03-29 11:18:59,546.52
2022-03-29 11:19:04,546.45
2022-03-29 11:19:09,546.39
2022-03-29 11:19:14,545.0300984013224
2022-03-29 11:19:19,545.0477594488891
2022-03-29 11:19:24,546.22
2022-03-29 11:19:29,546.09
2022-03-29 11:19:34,546.06
2022-03-29 11:19:39,545.93
2022-03-29 11:19:44,545.136064686722
2022-03-29 11:19:49,545.1213386106641
2022-03-29 11:19:54,545.0978309513353
2022-03-29 11:19:59,545.71
2022-03-29 11:20:04,545.0508156326773
2022-03-29 11:20:09,545.55
2022-03-29 11:20:14,545.0038003140194
2022-03-29 11:20:19,544.9802926546905
2022-03-29 11:20:24,544.9567849953615
2022-03-29 11:20:29,544.9332773360326
2022-03-29 11:20:34,545.19
2022-03-29 11:20:39,544.8862620173747
2022-03-29 11:20:44,545.03
2022-03-29 11:20:49,544.8392466987168
2022-03-29 11:20:54,544.815739039388
2022-03-29 11:20:59,544.84
2022-03-29 11:21:04,544.76872372073
2022-03-29 11:21:09,544.74
2022-03-29 11:21:14,544.61
2022-03-29 11:21:19,544.61
2022-03-29 11:21:24,544.55
2022-03-29 11:21:29,544.45
2022-03-29 11:21:34,544.45
2022-03-29 11:21:39,544.39
2022-03-29 11:21:44,544.32
2022-03-29 11:21:49,544.5571547867695
2022-03-29 11:21:54,544.5336471274404
2022-03-29 11:21:59,544.16
2022-03-29 11:22:04,544.16
2022-03-29 11:22:09,544.1
2022-03-29 11:22:14,544.04
2022-03-29 11:22:19,544.04
2022-03-29 11:22:24,544.3926011714668
2022-03-29 11:22:29,544.3690935121379
2022-03-29 11:22:34,543.88
2022-03-29 11:22:39,544.3220781934799
2022-03-29 11:22:44,544.298570534151
2022-03-29 11:22:49,544.2750628748221
2022-03-29 11:22:54,543.66
2022-03-29 11:22:59,543.65
2022-03-29 11:23:04,544.2045398968353
2022-03-29 11:23:09,543.53
2022-03-29 11:23:14,544.1575245781773
2022-03-29 11:23:19,543.43
2022-03-29 11:23:24,543.36
2022-03-29 11:23:29,543.37
2022-03-29 11:23:34,544.0634939408617
2022-03-29 11:23:39,543.27
2022-03-29 11:23:44,543.21
2022-03-29 11:23:49,543.14
2022-03-29 11:23:54,543.08
2022-03-29 11:23:59,543.01
2022-03-29 11:24:04,543.9224479848879
2022-03-29 11:24:09,542.98
2022-03-29 11:24:14,542.92
2022-03-29 11:24:19,542.92
2022-03-29 11:24:24,542.85
2022-03-29 11:24:29,542.79
2022-03-29 11:24:34,542.75
2022-03-29 11:24:39,543.7578943695853
2022-03-29 11:24:44,542.56
2022-03-29 11:24:49,542.56
2022-03-29 11:24:54,542.5
2022-03-29 11:24:59,543.6638637322695
2022-03-29 11:25:04,542.4
2022-03-29 11:25:09,543.6168484136116
2022-03-29 11:25:14,542.27
2022-03-29 11:25:19,543.5698330949537
2022-03-29 11:25:24,542.17
2022-03-29 11:25:29,542.11
2022-03-29 11:25:34,543.4993101169669
2022-03-29 11:25:39,543.4758024576379
2022-03-29 11:25:44,543.452294798309
2022-03-29 11:25:49,541.88
2022-03-29 11:25:54,543.4052794796511
2022-03-29 11:25:59,541.72
2022-03-29 11:26:04,541.65
2022-03-29 11:26:09,541.59
2022-03-29 11:26:14,543.3112488423352
2022-03-29 11:26:19,543.2877411830063
2022-03-29 11:26:24,541.42
2022-03-29 11:26:29,543.2407258643484
2022-03-29 11:26:34,541.3
2022-03-29 11:26:39,543.1937105456906
2022-03-29 11:26:44,543.1702028863616
2022-03-29 11:26:49,541.07
2022-03-29 11:26:54,541.07
2022-03-29 11:26:59,543.0996799083747
2022-03-29 11:27:04,540.94
2022-03-29 11:27:09,540.84
2022-03-29 11:27:14,540.77
2022-03-29 11:27:19,540.77
2022-03-29 11:27:24,540.71
2022-03-29 11:27:29,540.67
2022-03-29 11:27:34,540.67
2022-03-29 11:27:39,540.61
2022-03-29 11:27:44,540.61
2022-03-29 11:27:49,540.54
2022-03-29 11:27:54,540.41
2022-03-29 11:27:59,542.8175879964274
2022-03-29 11:28:04,540.38
2022-03-29 11:28:09,540.38
2022-03-29 11:28:14,540.31
2022-03-29 11:28:19,540.31
2022-03-29 11:28:24,540.25
2022-03-29 11:28:29,540.18
2022-03-29 11:28:34,540.18
2022-03-29 11:28:39,540.15
2022-03-29 11:28:44,540.15
2022-03-29 11:28:49,540.14
2022-03-29 11:28:54,542.559003743809
2022-03-29 11:28:59,540.01
2022-03-29 11:29:04,542.5119884251511
2022-03-29 11:29:09,539.95
2022-03-29 11:29:14,539.95
2022-03-29 11:29:19,539.88
2022-03-29 11:29:24,539.88
2022-03-29 11:29:29,539.88
2022-03-29 11:29:34,539.85
2022-03-29 11:29:39,539.85
2022-03-29 11:29:44,539.85
2022-03-29 11:29:49,542.3004194911906
2022-03-29 11:29:54,542.2769118318616
2022-03-29 11:29:59,539.78
2022-03-29 11:30:04,539.78
2022-03-29 11:30:09,542.2063888538748
2022-03-29 11:30:14,542.1828811945459
2022-03-29 11:30:19,539.71
2022-03-29 11:30:24,539.71
2022-03-29 11:30:29,542.1123582165591
2022-03-29 11:30:34,542.08885055723
2022-03-29 11:30:39,539.64
2022-03-29 11:30:44,539.65
2022-03-29 11:30:49,539.61
2022-03-29 11:30:54,541.9948199199143
2022-03-29 11:30:59,539.55
2022-03-29 11:31:04,539.55
2022-03-29 11:31:09,539.55
2022-03-29 11:31:14,539.48
2022-03-29 11:31:19,539.48
2022-03-29 11:31:24,539.42
2022-03-29 11:31:29,539.42
2022-03-29 11:31:34,541.8067586452827
2022-03-29 11:31:39,539.35
2022-03-29 11:31:44,539.35
2022-03-29 11:31:49,539.32
2022-03-29 11:31:54,539.32
2022-03-29 11:31:59,541.6892203486381
2022-03-29 11:32:04,541.665712689309
2022-03-29 11:32:09,539.19
2022-03-29 11:32:14,541.6186973706513
2022-03-29 11:32:19,541.5951897113222
2022-03-29 11:32:24,539.13
2022-03-29 11:32:29,541.5481743926642
2022-03-29 11:32:34,539.03
2022-03-29 11:32:39,539.03
2022-03-29 11:32:44,539.03
2022-03-29 11:32:49,538.97
2022-03-29 11:32:54,538.9
2022-03-29 11:32:59,538.9
2022-03-29 11:33:04,538.84
2022-03-29 11:33:09,538.81
2022-03-29 11:33:14,541.3366054587037
2022-03-29 11:33:19,538.8
2022-03-29 11:33:24,538.74
2022-03-29 11:33:29,541.2660824807169
2022-03-29 11:33:34,538.68
2022-03-29 11:33:39,538.68
2022-03-29 11:33:44,541.1955595027301
2022-03-29 11:33:49,538.68
2022-03-29 11:33:54,541.1763406566297
2022-03-29 11:33:59,538.62
2022-03-29 11:34:04,541.2056909158042
2022-03-29 11:34:09,541.2203660453914
2022-03-29 11:34:14,541.2350411749787
2022-03-29 11:34:19,538.59
2022-03-29 11:34:24,538.52
2022-03-29 11:34:29,538.52
2022-03-29 11:34:34,538.46
2022-03-29 11:34:39,541.3084168229151
2022-03-29 11:34:44,538.52
2022-03-29 11:34:49,538.46
2022-03-29 11:34:54,538.52
2022-03-29 11:34:59,541.367117341264
2022-03-29 11:35:04,541.3817924708512
2022-03-29 11:35:09,541.3964676004385
2022-03-29 11:35:14,538.4
2022-03-29 11:35:19,538.46
2022-03-29 11:35:24,541.4404929892004
2022-03-29 11:35:29,538.4
2022-03-29 11:35:34,541.4698432483748
2022-03-29 11:35:39,538.4
2022-03-29 11:35:44,538.4
2022-03-29 11:35:49,538.33
2022-03-29 11:35:54,541.5285437667238
2022-03-29 11:35:59,538.3
2022-03-29 11:36:04,541.5578940258983
2022-03-29 11:36:09,541.5725691554857
2022-03-29 11:36:14,538.3
2022-03-29 11:36:19,538.3
2022-03-29 11:36:24,541.6165945442474
2022-03-29 11:36:29,541.6312696738346
2022-03-29 11:36:34,538.24
2022-03-29 11:36:39,538.3
2022-03-29 11:36:44,541.6752950625964
2022-03-29 11:36:49,538.24
2022-03-29 11:36:54,538.17
2022-03-29 11:36:59,541.7193204513582
2022-03-29 11:37:04,538.17
2022-03-29 11:37:09,541.7486707105327
2022-03-29 11:37:14,541.7633458401199
2022-03-29 11:37:19,538.17
2022-03-29 11:37:24,538.17
2022-03-29 11:37:29,538.11
2022-03-29 11:37:34,538.17
2022-03-29 11:37:39,541.8367214880562
2022-03-29 11:37:44,541.8513966176434
2022-03-29 11:37:49,541.8660717472308
2022-03-29 11:37:54,538.11
2022-03-29 11:37:59,541.8954220064052
2022-03-29 11:38:04,541.9100971359925
2022-03-29 11:38:09,541.9247722655797
2022-03-29 11:38:14,541.939447395167
2022-03-29 11:38:19,541.9541225247542
2022-03-29 11:38:24,541.9687976543415
2022-03-29 11:38:29,538.07
2022-03-29 11:38:34,538.1
2022-03-29 11:38:39,538.16
2022-03-29 11:38:44,538.16
2022-03-29 11:38:49,538.23
2022-03-29 11:38:54,538.29
2022-03-29 11:38:59,538.32
2022-03-29 11:39:04,538.29
2022-03-29 11:39:09,542.1008738206268
2022-03-29 11:39:14,542.1155489502141
2022-03-29 11:39:19,538.51
2022-03-29 11:39:24,542.1448992093885
2022-03-29 11:39:29,538.58
2022-03-29 11:39:34,538.61
2022-03-29 11:39:39,542.1889245981503
2022-03-29 11:39:44,538.74
2022-03-29 11:39:49,538.8
2022-03-29 11:39:54,538.83
2022-03-29 11:39:59,538.89
2022-03-29 11:40:04,538.96
2022-03-29 11:40:09,539.02
2022-03-29 11:40:14,542.2916505052611
2022-03-29 11:40:19,539.18
2022-03-29 11:40:24,539.24
2022-03-29 11:40:29,539.31
2022-03-29 11:40:34,542.3503510236102
2022-03-29 11:40:39,539.47
2022-03-29 11:40:44,539.53
2022-03-29 11:40:49,542.3943764123719
2022-03-29 11:40:54,539.69
2022-03-29 11:40:59,542.4237266715464
2022-03-29 11:41:04,542.4384018011336
2022-03-29 11:41:09,542.453076930721
2022-03-29 11:41:14,539.98
2022-03-29 11:41:19,540.14
2022-03-29 11:41:24,542.4971023194827
2022-03-29 11:41:29,540.27
2022-03-29 11:41:34,542.5264525786572
2022-03-29 11:41:39,540.43
2022-03-29 11:41:44,542.5558028378317
2022-03-29 11:41:49,542.5704779674189
2022-03-29 11:41:54,542.5851530970062
2022-03-29 11:41:59,540.78
2022-03-29 11:42:04,540.87
2022-03-29 11:42:09,542.629178485768
2022-03-29 11:42:14,542.6438536153553
2022-03-29 11:42:19,541.13
2022-03-29 11:42:24,541.23
2022-03-29 11:42:29,542.687879004117
2022-03-29 11:42:34,541.35
2022-03-29 11:42:39,541.38
2022-03-29 11:42:44,541.52
2022-03-29 11:42:49,542.746579522466
2022-03-29 11:42:54,541.64
2022-03-29 11:42:59,541.68
2022-03-29 11:43:04,541.8
2022-03-29 11:43:09,542.8052800408151
2022-03-29 11:43:14,541.9
2022-03-29 11:43:19,541.96
2022-03-29 11:43:24,541.96
2022-03-29 11:43:29,542.09
2022-03-29 11:43:34,542.09
2022-03-29 11:43:39,542.16
2022-03-29 11:43:44,542.19
2022-03-29 11:43:49,542.32
2022-03-29 11:43:54,542.9373562071004
2022-03-29 11:43:59,542.9520313366876
2022-03-29 11:44:04,542.9667064662749
2022-03-29 11:44:09,542.9813815958621
2022-03-29 11:44:14,542.41
2022-03-29 11:44:19,543.0107318550366
2022-03-29 11:44:24,542.54
2022-03-29 11:44:29,543.0400821142111
2022-03-29 11:44:34,542.67
2022-03-29 11:44:39,543.0694323733857
2022-03-29 11:44:44,543.0841075029729
2022-03-29 11:44:49,542.77
2022-03-29 11:44:54,542.84
2022-03-29 11:44:59,542.9
2022-03-29 11:45:04,542.9
2022-03-29 11:45:09,542.94
2022-03-29 11:45:14,543.0
2022-03-29 11:45:19,543.06
2022-03-29 11:45:24,543.06
2022-03-29 11:45:29,543.19
2022-03-29 11:45:34,543.22
2022-03-29 11:45:39,543.2455339284327
2022-03-29 11:45:44,543.23
2022-03-29 11:45:49,543.2748841876072
2022-03-29 11:45:54,543.35
2022-03-29 11:45:59,543.36
2022-03-29 11:46:04,543.318909576369
2022-03-29 11:46:09,543.45
2022-03-29 11:46:14,543.46
2022-03-29 11:46:19,543.52
2022-03-29 11:46:24,543.377610094718
2022-03-29 11:46:29,543.59
2022-03-29 11:46:34,543.4069603538925
2022-03-29 11:46:39,543.65
2022-03-29 11:46:44,543.65
2022-03-29 11:46:49,543.72
2022-03-29 11:46:54,543.72
2022-03-29 11:46:59,543.72
2022-03-29 11:47:04,543.72
2022-03-29 11:47:09,543.5096862610033
2022-03-29 11:47:14,543.72
2022-03-29 11:47:19,543.66
2022-03-29 11:47:24,543.5537116497651
2022-03-29 11:47:29,543.5683867793523
2022-03-29 11:47:34,543.66
2022-03-29 11:47:39,543.5977370385269
2022-03-29 11:47:44,543.59
2022-03-29 11:47:49,543.53
2022-03-29 11:47:54,543.53
2022-03-29 11:47:59,543.6376941606396
2022-03-29 11:48:04,543.624363806377
2022-03-29 11:48:09,543.43
2022-03-29 11:48:14,543.37
2022-03-29 11:48:19,543.31
2022-03-29 11:48:24,543.5710423893262
2022-03-29 11:48:29,543.5577120350636
2022-03-29 11:48:34,543.08
2022-03-29 11:48:39,543.02
2022-03-29 11:48:44,542.95
2022-03-29 11:48:49,543.5043906180128
2022-03-29 11:48:54,542.79
2022-03-29 11:48:59,543.4777299094875
2022-03-29 11:49:04,542.56
2022-03-29 11:49:09,542.5
2022-03-29 11:49:14,543.4377388466994
2022-03-29 11:49:19,542.21
2022-03-29 11:49:24,542.11
2022-03-29 11:49:29,541.98
2022-03-29 11:49:34,541.89
2022-03-29 11:49:39,541.69
2022-03-29 11:49:44,541.53
2022-03-29 11:49:49,541.4
2022-03-29 11:49:54,541.24
2022-03-29 11:49:59,541.14
2022-03-29 11:50:04,540.95
2022-03-29 11:50:09,543.2911049498099
2022-03-29 11:50:14,543.2777745955473
2022-03-29 11:50:19,543.2644442412845
2022-03-29 11:50:24,540.37
2022-03-29 11:50:29,540.21
2022-03-29 11:50:34,540.05
2022-03-29 11:50:39,539.92
2022-03-29 11:50:44,539.69
2022-03-29 11:50:49,539.63
2022-03-29 11:50:54,539.46
2022-03-29 11:50:59,539.3
2022-03-29 11:51:04,543.1444710529204
2022-03-29 11:51:09,539.08
2022-03-29 11:51:14,538.88
2022-03-29 11:51:19,538.78
2022-03-29 11:51:24,538.66
2022-03-29 11:51:29,543.0778192816069
2022-03-29 11:51:34,538.36
2022-03-29 11:51:39,538.2
2022-03-29 11:51:44,538.04
2022-03-29 11:51:49,537.91
2022-03-29 11:51:54,543.0111675102935
2022-03-29 11:51:59,537.68
2022-03-29 11:52:04,537.52
2022-03-29 11:52:09,537.39
2022-03-29 11:52:14,537.26
2022-03-29 11:52:19,537.16
2022-03-29 11:52:24,537.0
2022-03-29 11:52:29,536.94
2022-03-29 11:52:34,536.81
2022-03-29 11:52:39,542.8911943219294
2022-03-29 11:52:44,536.58
2022-03-29 11:52:49,536.48
2022-03-29 11:52:54,536.35
2022-03-29 11:52:59,542.8378729048786
2022-03-29 11:53:04,542.824542550616
2022-03-29 11:53:09,536.06
2022-03-29 11:53:14,542.7978818420905
2022-03-29 11:53:19,542.7845514878279
2022-03-29 11:53:24,535.83
2022-03-29 11:53:29,535.7
2022-03-29 11:53:34,535.67
2022-03-29 11:53:39,542.7312300707772
2022-03-29 11:53:44,535.54
2022-03-29 11:53:49,535.44
2022-03-29 11:53:54,535.38
2022-03-29 11:53:59,535.38
2022-03-29 11:54:04,542.6645782994638
2022-03-29 11:54:09,542.651247945201
2022-03-29 11:54:14,535.25
2022-03-29 11:54:19,535.15
2022-03-29 11:54:24,535.15
2022-03-29 11:54:29,535.15
2022-03-29 11:54:34,535.08
2022-03-29 11:54:39,542.571265819625
2022-03-29 11:54:44,542.5579354653623
2022-03-29 11:54:49,542.5446051110996
2022-03-29 11:54:54,535.02
2022-03-29 11:54:59,535.02
2022-03-29 11:55:04,535.02
2022-03-29 11:55:09,542.4912836940489
2022-03-29 11:55:14,535.08
2022-03-29 11:55:19,535.08
2022-03-29 11:55:24,535.08
2022-03-29 11:55:29,535.15
2022-03-29 11:55:34,535.15
2022-03-29 11:55:39,535.18
2022-03-29 11:55:44,542.3979712142101
2022-03-29 11:55:49,542.3846408599475
2022-03-29 11:55:54,542.3713105056847
2022-03-29 11:55:59,535.44
2022-03-29 11:56:04,535.54
2022-03-29 11:56:09,542.3313194428966
2022-03-29 11:56:14,535.6
2022-03-29 11:56:19,535.66
2022-03-29 11:56:24,535.69
2022-03-29 11:56:29,535.83
2022-03-29 11:56:34,535.89
2022-03-29 11:56:39,535.95
2022-03-29 11:56:44,535.99
2022-03-29 11:56:49,542.2246766087952
2022-03-29 11:56:54,536.18
2022-03-29 11:56:59,536.28
2022-03-29 11:57:04,542.1846855460071
2022-03-29 11:57:09,542.1713551917445
2022-03-29 11:57:14,536.5
2022-03-29 11:57:19,536.57
2022-03-29 11:57:24,536.7
2022-03-29 11:57:29,536.73
2022-03-29 11:57:34,536.8
2022-03-29 11:57:39,542.0913730661684
2022-03-29 11:57:44,542.0780427119057
2022-03-29 11:57:49,537.02
2022-03-29 11:57:54,542.0513820033804
2022-03-29 11:57:59,537.22
2022-03-29 11:58:04,537.25
2022-03-29 11:58:09,542.0113909405923
2022-03-29 11:58:14,537.44
2022-03-29 11:58:19,541.9847302320669
2022-03-29 11:58:24,541.9713998778043
2022-03-29 11:58:29,537.61
2022-03-29 11:58:34,537.67
2022-03-29 11:58:39,537.77
2022-03-29 11:58:44,541.9180784607535
2022-03-29 11:58:49,537.9
2022-03-29 11:58:54,537.96
2022-03-29 11:58:59,538.03
2022-03-29 11:59:04,541.8647570437028
2022-03-29 11:59:09,538.12
2022-03-29 11:59:14,538.19
2022-03-29 11:59:19,541.8247659809147
2022-03-29 11:59:24,538.25
2022-03-29 11:59:29,538.29
2022-03-29 11:59:34,538.35
2022-03-29 11:59:39,538.42
2022-03-29 11:59:44,538.42
2022-03-29 11:59:49,538.48
2022-03-29 11:59:54,541.731453501076
2022-03-29 11:59:59,538.54
2022-03-29 12:00:04,541.7047927925506
2022-03-29 12:00:09,541.6914624382879
2022-03-29 12:00:14,538.71
2022-03-29 12:00:19,538.77
2022-03-29 12:00:24,538.8
2022-03-29 12:00:29,541.6381410212372
2022-03-29 12:00:34,538.87
2022-03-29 12:00:39,538.93
2022-03-29 12:00:44,539.0
2022-03-29 12:00:49,539.0
2022-03-29 12:00:54,539.06
2022-03-29 12:00:59,539.06
2022-03-29 12:01:04,539.09
2022-03-29 12:01:09,539.16
2022-03-29 12:01:14,539.16
2022-03-29 12:01:19,539.22
2022-03-29 12:01:24,539.22
2022-03-29 12:01:29,539.28
2022-03-29 12:01:34,539.31
2022-03-29 12:01:39,539.31
2022-03-29 12:01:44,539.44
2022-03-29 12:01:49,539.44
2022-03-29 12:01:54,539.51
2022-03-29 12:01:59,539.51
2022-03-29 12:02:04,539.6
2022-03-29 12:02:09,539.67
2022-03-29 12:02:14,541.4177884912204
2022-03-29 12:02:19,539.73
2022-03-29 12:02:24,539.79
2022-03-29 12:02:29,539.79
2022-03-29 12:02:34,541.4557650914239
2022-03-29 12:02:39,539.82
2022-03-29 12:02:44,539.89
2022-03-29 12:02:49,539.95
2022-03-29 12:02:54,541.4937416916275
2022-03-29 12:02:59,540.08
2022-03-29 12:03:04,540.11
2022-03-29 12:03:09,540.11
2022-03-29 12:03:14,540.24
2022-03-29 12:03:19,540.24
2022-03-29 12:03:24,540.3
2022-03-29 12:03:29,540.33
2022-03-29 12:03:34,540.33
2022-03-29 12:03:39,540.4
2022-03-29 12:03:44,540.4
2022-03-29 12:03:49,540.52
2022-03-29 12:03:54,540.52
2022-03-29 12:03:59,540.52
2022-03-29 12:04:04,540.58
2022-03-29 12:04:09,540.62
2022-03-29 12:04:14,541.6456480924414
2022-03-29 12:04:19,541.6551422424924
2022-03-29 12:04:24,541.6646363925432
2022-03-29 12:04:29,541.6741305425941
2022-03-29 12:04:34,541.683624692645
2022-03-29 12:04:39,540.8
2022-03-29 12:04:44,540.84
2022-03-29 12:04:49,540.9
2022-03-29 12:04:54,540.96
2022-03-29 12:04:59,541.7310954428993
2022-03-29 12:05:04,541.09
2022-03-29 12:05:09,541.09
2022-03-29 12:05:14,541.09
2022-03-29 12:05:19,541.7690720431029
2022-03-29 12:05:24,541.7785661931538
2022-03-29 12:05:29,541.25
2022-03-29 12:05:34,541.7975544932555
2022-03-29 12:05:39,541.8070486433064
2022-03-29 12:05:44,541.41
2022-03-29 12:05:49,541.41
2022-03-29 12:05:54,541.47
2022-03-29 12:05:59,541.54
2022-03-29 12:06:04,541.54
2022-03-29 12:06:09,541.63
2022-03-29 12:06:14,541.8735076936625
2022-03-29 12:06:19,541.7
2022-03-29 12:06:24,541.76
2022-03-29 12:06:29,541.82
2022-03-29 12:06:34,541.86
2022-03-29 12:06:39,541.9209784439169
2022-03-29 12:06:44,541.92
2022-03-29 12:06:49,541.9399667440186
2022-03-29 12:06:54,542.05
2022-03-29 12:06:59,541.9589550441204
2022-03-29 12:07:04,542.11
2022-03-29 12:07:09,541.9779433442221
2022-03-29 12:07:14,541.9874374942731
2022-03-29 12:07:19,542.15
2022-03-29 12:07:24,542.0064257943749
2022-03-29 12:07:29,542.21
2022-03-29 12:07:34,542.21
2022-03-29 12:07:39,542.27
2022-03-29 12:07:44,542.27
2022-03-29 12:07:49,542.28
2022-03-29 12:07:54,542.34
2022-03-29 12:07:59,542.34
2022-03-29 12:08:04,542.0823789947818
2022-03-29 12:08:09,542.0918731448327
2022-03-29 12:08:14,542.28
2022-03-29 12:08:19,542.34
2022-03-29 12:08:24,542.27
2022-03-29 12:08:29,542.1298497450362
2022-03-29 12:08:34,542.1393438950871
2022-03-29 12:08:39,542.148838045138
2022-03-29 12:08:44,542.15
2022-03-29 12:08:49,542.15
2022-03-29 12:08:54,542.12
2022-03-29 12:08:59,542.1868146453414
2022-03-29 12:09:04,542.1963087953923
2022-03-29 12:09:09,542.2058029454432
2022-03-29 12:09:14,542.2152970954941
2022-03-29 12:09:19,541.86
2022-03-29 12:09:24,541.87
2022-03-29 12:09:29,541.83
2022-03-29 12:09:34,541.83
2022-03-29 12:09:39,541.77
2022-03-29 12:09:44,541.71
2022-03-29 12:09:49,541.64
2022-03-29 12:09:54,542.2912502959011
2022-03-29 12:09:59,541.55
2022-03-29 12:10:04,541.48
2022-03-29 12:10:09,542.3197327460538
2022-03-29 12:10:14,541.32
2022-03-29 12:10:19,542.3387210461555
2022-03-29 12:10:24,541.26
2022-03-29 12:10:29,541.19
2022-03-29 12:10:34,541.13
2022-03-29 12:10:39,541.1
2022-03-29 12:10:44,541.04
2022-03-29 12:10:49,540.97
2022-03-29 12:10:54,542.4051800965116
2022-03-29 12:10:59,540.84
2022-03-29 12:11:04,542.4241683966134
2022-03-29 12:11:09,540.81
2022-03-29 12:11:14,540.75
2022-03-29 12:11:19,540.69
2022-03-29 12:11:24,540.62
2022-03-29 12:11:29,540.59
2022-03-29 12:11:34,540.52
2022-03-29 12:11:39,542.4906274469695
2022-03-29 12:11:44,540.46
2022-03-29 12:11:49,542.5096157470713
2022-03-29 12:11:54,540.33
2022-03-29 12:11:59,540.33
2022-03-29 12:12:04,540.3
2022-03-29 12:12:09,540.17
2022-03-29 12:12:14,540.17
2022-03-29 12:12:19,540.11
2022-03-29 12:12:24,540.11
2022-03-29 12:12:29,540.08
2022-03-29 12:12:34,540.01
2022-03-29 12:12:39,540.01
2022-03-29 12:12:44,542.6140513976309
2022-03-29 12:12:49,542.6235455476818
2022-03-29 12:12:54,542.6330396977327
2022-03-29 12:12:59,539.82
2022-03-29 12:13:04,539.79
2022-03-29 12:13:09,539.79
2022-03-29 12:13:14,542.6710162979361
2022-03-29 12:13:19,539.66
2022-03-29 12:13:24,542.690004598038
2022-03-29 12:13:29,542.6994987480888
2022-03-29 12:13:34,542.7089928981396
2022-03-29 12:13:39,539.5
2022-03-29 12:13:44,539.43
2022-03-29 12:13:49,542.7374753482923
2022-03-29 12:13:54,539.3
2022-03-29 12:13:59,539.27
2022-03-29 12:14:04,539.14
2022-03-29 12:14:09,539.08
2022-03-29 12:14:14,538.98
2022-03-29 12:14:19,542.7944402485975
2022-03-29 12:14:24,538.78
2022-03-29 12:14:29,538.69
2022-03-29 12:14:34,538.62
2022-03-29 12:14:39,538.53
2022-03-29 12:14:44,538.39
2022-03-29 12:14:49,538.33
2022-03-29 12:14:54,542.8608992989538
2022-03-29 12:14:59,542.8703934490046
2022-03-29 12:15:04,538.04
2022-03-29 12:15:09,537.88
2022-03-29 12:15:14,537.81
2022-03-29 12:15:19,542.9083700492081
2022-03-29 12:15:24,537.65
2022-03-29 12:15:29,537.49
2022-03-29 12:15:34,537.42
2022-03-29 12:15:39,537.23
2022-03-29 12:15:44,542.9558407994625
2022-03-29 12:15:49,537.07
2022-03-29 12:15:54,536.9
2022-03-29 12:15:59,536.84
2022-03-29 12:16:04,542.993817399666
2022-03-29 12:16:09,536.61
2022-03-29 12:16:14,536.45
2022-03-29 12:16:19,536.39
2022-03-29 12:16:24,543.007335669078
2022-03-29 12:16:29,536.16
2022-03-29 12:16:34,536.03
2022-03-29 12:16:39,535.94
2022-03-29 12:16:44,535.81
2022-03-29 12:16:49,543.0203760969234
2022-03-29 12:16:54,543.0229841824926
2022-03-29 12:16:59,543.0255922680616
2022-03-29 12:17:04,535.29
2022-03-29 12:17:09,535.29
2022-03-29 12:17:14,543.0334165247689
2022-03-29 12:17:19,543.036024610338
2022-03-29 12:17:24,543.038632695907
2022-03-29 12:17:29,534.84
2022-03-29 12:17:34,534.77
2022-03-29 12:17:39,534.61
2022-03-29 12:17:44,534.55
2022-03-29 12:17:49,534.42
2022-03-29 12:17:54,534.39
2022-03-29 12:17:59,534.32
2022-03-29 12:18:04,534.19
2022-03-29 12:18:09,534.1
2022-03-29 12:18:14,534.03
2022-03-29 12:18:19,533.9
2022-03-29 12:18:24,533.81
2022-03-29 12:18:29,543.0725378083052
2022-03-29 12:18:34,543.0751458938744
2022-03-29 12:18:39,533.58
2022-03-29 12:18:44,543.0803620650125
2022-03-29 12:18:49,533.45
2022-03-29 12:18:54,533.39
2022-03-29 12:18:59,533.36
2022-03-29 12:19:04,533.29
2022-03-29 12:19:09,543.093402492858
2022-03-29 12:19:14,533.17
2022-03-29 12:19:19,533.16
2022-03-29 12:19:24,543.1012267495652
2022-03-29 12:19:29,533.07
2022-03-29 12:19:34,543.1064429207034
2022-03-29 12:19:39,543.1090510062725
2022-03-29 12:19:44,543.1116590918416
2022-03-29 12:19:49,532.94
2022-03-29 12:19:54,532.94
2022-03-29 12:19:59,532.94
2022-03-29 12:20:04,532.94
2022-03-29 12:20:09,532.95
2022-03-29 12:20:14,532.95
2022-03-29 12:20:19,543.1299156908252
2022-03-29 12:20:24,543.1325237763942
2022-03-29 12:20:29,543.1351318619634
2022-03-29 12:20:34,543.1377399475325
2022-03-29 12:20:39,532.95
2022-03-29 12:20:44,532.95
2022-03-29 12:20:49,532.95
2022-03-29 12:20:54,532.95
2022-03-29 12:20:59,532.95
2022-03-29 12:21:04,533.01
2022-03-29 12:21:09,533.01
2022-03-29 12:21:14,533.02
2022-03-29 12:21:19,533.02
2022-03-29 12:21:24,533.08
2022-03-29 12:21:29,543.1664288887924
2022-03-29 12:21:34,533.12
2022-03-29 12:21:39,543.1716450599306
2022-03-29 12:21:44,533.18
2022-03-29 12:21:49,533.25
2022-03-29 12:21:54,543.1794693166379
2022-03-29 12:21:59,543.182077402207
2022-03-29 12:22:04,543.184685487776
2022-03-29 12:22:09,533.47
2022-03-29 12:22:14,543.1899016589142
2022-03-29 12:22:19,533.61
2022-03-29 12:22:24,533.61
2022-03-29 12:22:29,533.7
2022-03-29 12:22:34,533.77
2022-03-29 12:22:39,533.9
2022-03-29 12:22:44,533.93
2022-03-29 12:22:49,534.06
2022-03-29 12:22:54,534.12
2022-03-29 12:22:59,534.22
2022-03-29 12:23:04,534.28
2022-03-29 12:23:09,534.41
2022-03-29 12:23:14,543.2211986857433
2022-03-29 12:23:19,534.58
2022-03-29 12:23:24,534.64
2022-03-29 12:23:29,534.67
2022-03-29 12:23:34,534.8
2022-03-29 12:23:39,543.2342391135887
2022-03-29 12:23:44,534.96
2022-03-29 12:23:49,535.03
2022-03-29 12:23:54,535.09
2022-03-29 12:23:59,543.2446714558652
2022-03-29 12:24:04,535.25
2022-03-29 12:24:09,535.38
2022-03-29 12:24:14,535.44
2022-03-29 12:24:19,535.54
2022-03-29 12:24:24,535.6
2022-03-29 12:24:29,535.67
2022-03-29 12:24:34,535.77
2022-03-29 12:24:39,535.83
2022-03-29 12:24:44,535.96
2022-03-29 12:24:49,535.96
2022-03-29 12:24:54,536.06
2022-03-29 12:24:59,536.12
2022-03-29 12:25:04,536.18
2022-03-29 12:25:09,536.28
2022-03-29 12:25:14,536.28
2022-03-29 12:25:19,536.41
2022-03-29 12:25:24,536.47
2022-03-29 12:25:29,536.5
2022-03-29 12:25:34,536.64
2022-03-29 12:25:39,536.7
2022-03-29 12:25:44,543.299441252816
2022-03-29 12:25:49,536.79
2022-03-29 12:25:54,536.86
2022-03-29 12:25:59,543.3072655095233
2022-03-29 12:26:04,537.02
2022-03-29 12:26:09,537.08
2022-03-29 12:26:14,537.14
2022-03-29 12:26:19,543.3176978517996
2022-03-29 12:26:24,543.3203059373687
2022-03-29 12:26:29,537.3
2022-03-29 12:26:34,543.3255221085069
2022-03-29 12:26:39,543.3281301940759
2022-03-29 12:26:44,537.5
2022-03-29 12:26:49,537.53
2022-03-29 12:26:54,543.3359544507832
2022-03-29 12:26:59,543.3385625363524
2022-03-29 12:27:04,537.72
2022-03-29 12:27:09,537.75
2022-03-29 12:27:14,543.3463867930597
2022-03-29 12:27:19,543.3489948786287
2022-03-29 12:27:24,543.3516029641978
2022-03-29 12:27:29,537.94
2022-03-29 12:27:34,538.0
2022-03-29 12:27:39,543.359427220905
2022-03-29 12:27:44,538.1
2022-03-29 12:27:49,543.3646433920433
2022-03-29 12:27:54,538.16
2022-03-29 12:27:59,538.22
2022-03-29 12:28:04,538.26
2022-03-29 12:28:09,538.26
2022-03-29 12:28:14,538.32
2022-03-29 12:28:19,538.38
2022-03-29 12:28:24,543.3828999910269
2022-03-29 12:28:29,538.38
2022-03-29 12:28:34,543.388116162165
2022-03-29 12:28:39,538.45
2022-03-29 12:28:44,538.51
2022-03-29 12:28:49,538.51
2022-03-29 12:28:54,538.54
2022-03-29 12:28:59,538.54
2022-03-29 12:29:04,538.54
2022-03-29 12:29:09,538.54
2022-03-29 12:29:14,543.4089808467178
2022-03-29 12:29:19,543.4115889322868
2022-03-29 12:29:24,538.54
2022-03-29 12:29:29,538.54
2022-03-29 12:29:34,538.54
2022-03-29 12:29:39,538.54
2022-03-29 12:29:44,538.51
2022-03-29 12:29:49,538.51
2022-03-29 12:29:54,538.51
2022-03-29 12:29:59,538.45
2022-03-29 12:30:04,538.45
2022-03-29 12:30:09,543.4376697879777
2022-03-29 12:30:14,538.38
2022-03-29 12:30:19,538.32
2022-03-29 12:30:24,538.25
2022-03-29 12:30:29,543.4189486168325
2022-03-29 12:30:34,543.4132107946377
2022-03-29 12:30:39,538.1
2022-03-29 12:30:44,538.16
2022-03-29 12:30:49,538.1
2022-03-29 12:30:54,538.0
2022-03-29 12:30:59,538.0
2022-03-29 12:31:04,543.3787838614693
2022-03-29 12:31:09,543.3730460392745
2022-03-29 12:31:14,543.3673082170798
2022-03-29 12:31:19,543.3615703948851
2022-03-29 12:31:24,537.65
2022-03-29 12:31:29,537.65
2022-03-29 12:31:34,537.58
2022-03-29 12:31:39,537.49
2022-03-29 12:31:44,537.42
2022-03-29 12:31:49,543.3271434617167
2022-03-29 12:31:54,537.23
2022-03-29 12:31:59,543.3156678173272
2022-03-29 12:32:04,537.14
2022-03-29 12:32:09,537.07
2022-03-29 12:32:14,543.298454350743
2022-03-29 12:32:19,536.91
2022-03-29 12:32:24,536.85
2022-03-29 12:32:29,536.72
2022-03-29 12:32:34,536.69
2022-03-29 12:32:39,543.2697652397693
2022-03-29 12:32:44,543.2640274175745
2022-03-29 12:32:49,543.2582895953798
2022-03-29 12:32:54,543.252551773185
2022-03-29 12:32:59,536.4
2022-03-29 12:33:04,536.34
2022-03-29 12:33:09,536.27
2022-03-29 12:33:14,536.21
2022-03-29 12:33:19,543.2238626622113
2022-03-29 12:33:24,536.11
2022-03-29 12:33:29,536.05
2022-03-29 12:33:34,535.99
2022-03-29 12:33:39,543.2009113734324
2022-03-29 12:33:44,535.95
2022-03-29 12:33:49,543.1894357290429
2022-03-29 12:33:54,535.83
2022-03-29 12:33:59,535.76
2022-03-29 12:34:04,543.1722222624587
2022-03-29 12:34:09,535.7
2022-03-29 12:34:14,543.1607466180692
2022-03-29 12:34:19,535.7
2022-03-29 12:34:24,535.67
2022-03-29 12:34:29,543.143533151485
2022-03-29 12:34:34,543.1377953292903
2022-03-29 12:34:39,535.54
2022-03-29 12:34:44,535.47
2022-03-29 12:34:49,543.1205818627061
2022-03-29 12:34:54,535.48
2022-03-29 12:34:59,535.47
2022-03-29 12:35:04,543.1033683961218
2022-03-29 12:35:09,543.0976305739271
2022-03-29 12:35:14,543.0918927517323
2022-03-29 12:35:19,543.0861549295377
2022-03-29 12:35:24,535.44
2022-03-29 12:35:29,535.38
2022-03-29 12:35:34,535.38
2022-03-29 12:35:39,535.38
2022-03-29 12:35:44,535.32
2022-03-29 12:35:49,535.32
2022-03-29 12:35:54,543.0459901741744
2022-03-29 12:35:59,543.0402523519797
2022-03-29 12:36:04,543.0345145297849
2022-03-29 12:36:09,535.31
2022-03-29 12:36:14,535.31
2022-03-29 12:36:19,543.0173010632008
2022-03-29 12:36:24,535.31
2022-03-29 12:36:29,535.31
2022-03-29 12:36:34,543.0000875966165
2022-03-29 12:36:39,535.25
2022-03-29 12:36:44,535.25
2022-03-29 12:36:49,535.25
2022-03-29 12:36:54,535.25
2022-03-29 12:36:59,542.9713984856428
2022-03-29 12:37:04,535.18
2022-03-29 12:37:09,542.9599228412534
2022-03-29 12:37:14,535.18
2022-03-29 12:37:19,542.9484471968639
2022-03-29 12:37:24,535.14
2022-03-29 12:37:29,535.14
2022-03-29 12:37:34,535.08
2022-03-29 12:37:39,535.14
2022-03-29 12:37:44,542.9197580858902
2022-03-29 12:37:49,535.08
2022-03-29 12:37:54,535.08
2022-03-29 12:37:59,535.08
2022-03-29 12:38:04,535.01
2022-03-29 12:38:09,535.08
2022-03-29 12:38:14,535.01
2022-03-29 12:38:19,542.879593330527
2022-03-29 12:38:24,535.01
2022-03-29 12:38:29,542.8681176861376
2022-03-29 12:38:34,542.8623798639428
2022-03-29 12:38:39,535.0
2022-03-29 12:38:44,534.94
2022-03-29 12:38:49,542.8451663973585
2022-03-29 12:38:54,534.94
2022-03-29 12:38:59,534.94
2022-03-29 12:39:04,534.91
2022-03-29 12:39:09,534.91
2022-03-29 12:39:14,534.84
2022-03-29 12:39:19,534.84
2022-03-29 12:39:24,542.8050016419954
2022-03-29 12:39:29,534.84
2022-03-29 12:39:34,534.84
2022-03-29 12:39:39,534.84
2022-03-29 12:39:44,542.7820503532164
2022-03-29 12:39:49,534.84
2022-03-29 12:39:54,534.84
2022-03-29 12:39:59,534.77
2022-03-29 12:40:04,542.7590990644375
2022-03-29 12:40:09,534.84
2022-03-29 12:40:14,542.7476234200481
2022-03-29 12:40:19,534.9
2022-03-29 12:40:24,534.9
2022-03-29 12:40:29,542.7304099534638
2022-03-29 12:40:34,535.0
2022-03-29 12:40:39,535.0
2022-03-29 12:40:44,535.0
2022-03-29 12:40:49,535.13
2022-03-29 12:40:54,535.12
2022-03-29 12:40:59,542.6959830202953
2022-03-29 12:41:04,535.22
2022-03-29 12:41:09,535.29
2022-03-29 12:41:14,542.6787695537112
2022-03-29 12:41:19,535.35
2022-03-29 12:41:24,542.6672939093216
2022-03-29 12:41:29,535.51
2022-03-29 12:41:34,542.6558182649322
2022-03-29 12:41:39,542.6500804427375
2022-03-29 12:41:44,535.58
2022-03-29 12:41:49,535.67
2022-03-29 12:41:54,535.74
2022-03-29 12:41:59,535.74
2022-03-29 12:42:04,535.87
2022-03-29 12:42:09,542.615653509569
2022-03-29 12:42:14,535.96
2022-03-29 12:42:19,536.03
2022-03-29 12:42:24,536.16
2022-03-29 12:42:29,536.19
2022-03-29 12:42:34,542.5869643985953
2022-03-29 12:42:39,542.5812265764006
2022-03-29 12:42:44,536.32
2022-03-29 12:42:49,536.45
2022-03-29 12:42:54,542.5640131098164
2022-03-29 12:42:59,542.5582752876217
2022-03-29 12:43:04,536.61
2022-03-29 12:43:09,536.68
2022-03-29 12:43:14,536.71
2022-03-29 12:43:19,542.5353239988426
2022-03-29 12:43:24,536.91
2022-03-29 12:43:29,536.97
2022-03-29 12:43:34,537.07
2022-03-29 12:43:39,537.2
2022-03-29 12:43:44,537.23
2022-03-29 12:43:49,542.5008970656743
2022-03-29 12:43:54,542.4951592434795
2022-03-29 12:43:59,537.49
2022-03-29 12:44:04,537.65
2022-03-29 12:44:09,537.72
2022-03-29 12:44:14,542.4722079547005
2022-03-29 12:44:19,542.4604517554936
2022-03-29 12:44:24,542.4408608222486
2022-03-29 12:44:29,538.1
2022-03-29 12:44:34,538.17
2022-03-29 12:44:39,542.3820880225134
2022-03-29 12:44:44,538.46
2022-03-29 12:44:49,538.53
2022-03-29 12:44:54,538.62
2022-03-29 12:44:59,542.3037242895329
2022-03-29 12:45:04,538.78
2022-03-29 12:45:09,538.91
2022-03-29 12:45:14,542.2449514897976
2022-03-29 12:45:19,539.14
2022-03-29 12:45:24,539.27
2022-03-29 12:45:29,539.3
2022-03-29 12:45:34,539.43
2022-03-29 12:45:39,542.1469968235722
2022-03-29 12:45:44,539.66
2022-03-29 12:45:49,542.1078149570819
2022-03-29 12:45:54,539.78
2022-03-29 12:45:59,539.88
2022-03-29 12:46:04,542.0490421573465
2022-03-29 12:46:09,540.07
2022-03-29 12:46:14,542.0098602908564
2022-03-29 12:46:19,540.23
2022-03-29 12:46:24,540.33
2022-03-29 12:46:29,541.951087491121
2022-03-29 12:46:34,540.52
2022-03-29 12:46:39,540.59
2022-03-29 12:46:44,541.8923146913858
2022-03-29 12:46:49,541.8727237581408
2022-03-29 12:46:54,540.81
2022-03-29 12:46:59,540.84
2022-03-29 12:47:04,541.8139509584054
2022-03-29 12:47:09,541.7943600251602
2022-03-29 12:47:14,541.7747690919152
2022-03-29 12:47:19,541.2
2022-03-29 12:47:24,541.735587225425
2022-03-29 12:47:29,541.33
2022-03-29 12:47:34,541.6964053589348
2022-03-29 12:47:39,541.6768144256897
2022-03-29 12:47:44,541.6572234924446
2022-03-29 12:47:49,541.65
2022-03-29 12:47:54,541.6180416259543
2022-03-29 12:47:59,541.5984506927093
2022-03-29 12:48:04,541.5788597594642
2022-03-29 12:48:09,542.06
2022-03-29 12:48:14,542.13
2022-03-29 12:48:19,541.5200869597289
2022-03-29 12:48:24,542.29
2022-03-29 12:48:29,542.35
2022-03-29 12:48:34,541.4613141599935
2022-03-29 12:48:39,542.45
2022-03-29 12:48:44,542.58
2022-03-29 12:48:49,542.58
2022-03-29 12:48:54,542.67
2022-03-29 12:48:59,542.73
2022-03-29 12:49:04,541.3437685605229
2022-03-29 12:49:09,542.86
2022-03-29 12:49:14,542.9
2022-03-29 12:49:19,542.96
2022-03-29 12:49:24,543.02
2022-03-29 12:49:29,543.09
2022-03-29 12:49:34,543.15
2022-03-29 12:49:39,543.15
2022-03-29 12:49:44,543.18
2022-03-29 12:49:49,543.18
2022-03-29 12:49:54,543.24
2022-03-29 12:49:59,543.31
2022-03-29 12:50:04,541.1086773615817
2022-03-29 12:50:09,543.37
2022-03-29 12:50:14,541.0694954950917
2022-03-29 12:50:19,543.4
2022-03-29 12:50:24,543.4
2022-03-29 12:50:29,543.46
2022-03-29 12:50:34,540.9911317621112
2022-03-29 12:50:39,543.53
2022-03-29 12:50:44,543.53
2022-03-29 12:50:49,540.9323589623759
2022-03-29 12:50:54,543.53
2022-03-29 12:50:59,543.59
2022-03-29 12:51:04,540.8735861626405
2022-03-29 12:51:09,540.8539952293955
2022-03-29 12:51:14,540.8344042961504
2022-03-29 12:51:19,543.53
2022-03-29 12:51:24,543.53
2022-03-29 12:51:29,540.775631496415
2022-03-29 12:51:34,543.4
2022-03-29 12:51:39,543.36
2022-03-29 12:51:44,540.7168586966798
2022-03-29 12:51:49,543.23
2022-03-29 12:51:54,540.6776768301896
2022-03-29 12:51:59,543.07
2022-03-29 12:52:04,542.95
2022-03-29 12:52:09,540.6189040304544
2022-03-29 12:52:14,542.85
2022-03-29 12:52:19,542.72
2022-03-29 12:52:24,540.5601312307191
2022-03-29 12:52:29,540.5405402974739
2022-03-29 12:52:34,540.5209493642288
2022-03-29 12:52:39,540.5013584309837
2022-03-29 12:52:44,542.27
2022-03-29 12:52:49,540.4621765644936
2022-03-29 12:52:54,542.11
2022-03-29 12:52:59,541.98
2022-03-29 12:53:04,541.85
2022-03-29 12:53:09,541.76
2022-03-29 12:53:14,540.364221898268
2022-03-29 12:53:19,541.6
2022-03-29 12:53:24,541.47
2022-03-29 12:53:29,541.34
2022-03-29 12:53:34,541.31
2022-03-29 12:53:39,540.2662672320425
2022-03-29 12:53:44,541.12
2022-03-29 12:53:49,540.2270853655524
2022-03-29 12:53:54,540.96
2022-03-29 12:53:59,540.1879034990621
2022-03-29 12:54:04,540.79
2022-03-29 12:54:09,540.73
2022-03-29 12:54:14,540.67
2022-03-29 12:54:19,540.1095397660818
2022-03-29 12:54:24,540.51
2022-03-29 12:54:29,540.0703578995915
2022-03-29 12:54:34,540.31
2022-03-29 12:54:39,540.28
2022-03-29 12:54:44,540.22
2022-03-29 12:54:49,540.09
2022-03-29 12:54:54,540.0
2022-03-29 12:54:59,539.87
2022-03-29 12:55:04,539.87
2022-03-29 12:55:09,539.77
2022-03-29 12:55:14,539.8940395003856
2022-03-29 12:55:19,539.58
2022-03-29 12:55:24,539.55
2022-03-29 12:55:29,539.8352667006503
2022-03-29 12:55:34,539.29
2022-03-29 12:55:39,539.7960848341601
2022-03-29 12:55:44,539.776493900915
2022-03-29 12:55:49,539.03
2022-03-29 12:55:54,538.9
2022-03-29 12:55:59,539.7177211011798
2022-03-29 12:56:04,538.68
2022-03-29 12:56:09,538.55
2022-03-29 12:56:14,538.45
2022-03-29 12:56:19,538.39
2022-03-29 12:56:24,539.6197664349543
2022-03-29 12:56:29,538.16
2022-03-29 12:56:34,538.04
2022-03-29 12:56:39,537.94
2022-03-29 12:56:44,539.5414027019739
2022-03-29 12:56:49,539.5218117687288
2022-03-29 12:56:54,537.71
2022-03-29 12:56:59,537.58
2022-03-29 12:57:04,537.49
2022-03-29 12:57:09,537.42
2022-03-29 12:57:14,537.36
2022-03-29 12:57:19,537.23
2022-03-29 12:57:24,539.3846752360131
2022-03-29 12:57:29,537.07
2022-03-29 12:57:34,537.0
2022-03-29 12:57:39,536.91
2022-03-29 12:57:44,539.3063115030326
2022-03-29 12:57:49,536.71
2022-03-29 12:57:54,536.62
2022-03-29 12:57:59,536.55
2022-03-29 12:58:04,539.2279477700522
2022-03-29 12:58:09,536.39
2022-03-29 12:58:14,536.26
2022-03-29 12:58:19,539.1691749703169
2022-03-29 12:58:24,536.17
2022-03-29 12:58:29,535.97
2022-03-29 12:58:34,539.1717658053486
2022-03-29 12:58:39,535.87
2022-03-29 12:58:44,539.1842426165616
2022-03-29 12:58:49,535.65
2022-03-29 12:58:54,535.52
2022-03-29 12:58:59,539.2029578333812
2022-03-29 12:59:04,535.36
2022-03-29 12:59:09,539.2154346445943
2022-03-29 12:59:14,539.2216730502008
2022-03-29 12:59:19,539.2279114558074
2022-03-29 12:59:24,535.0
2022-03-29 12:59:29,534.84
2022-03-29 12:59:34,534.84
2022-03-29 12:59:39,539.2528650782335
2022-03-29 12:59:44,534.61
2022-03-29 12:59:49,534.55
2022-03-29 12:59:54,534.48
2022-03-29 12:59:59,539.2778187006596
2022-03-29 13:00:04,534.25
2022-03-29 13:00:09,534.19
2022-03-29 13:00:14,534.12
2022-03-29 13:00:19,534.09
2022-03-29 13:00:24,534.03
2022-03-29 13:00:29,533.9
2022-03-29 13:00:34,533.86
2022-03-29 13:00:39,539.3277259455119
2022-03-29 13:00:44,539.3339643511185
2022-03-29 13:00:49,533.73
2022-03-29 13:00:54,533.67
2022-03-29 13:00:59,533.6
2022-03-29 13:01:04,533.57
2022-03-29 13:01:09,533.5
2022-03-29 13:01:14,533.44
2022-03-29 13:01:19,539.3776331903642
2022-03-29 13:01:24,539.3838715959707
2022-03-29 13:01:29,533.44
2022-03-29 13:01:34,533.37
2022-03-29 13:01:39,539.4025868127903
2022-03-29 13:01:44,533.34
2022-03-29 13:01:49,539.4150636240034
2022-03-29 13:01:54,539.4213020296099
2022-03-29 13:01:59,539.4275404352165
2022-03-29 13:02:04,533.33
2022-03-29 13:02:09,533.33
2022-03-29 13:02:14,533.33
2022-03-29 13:02:19,539.4524940576426
2022-03-29 13:02:24,533.33
2022-03-29 13:02:29,533.33
2022-03-29 13:02:34,533.33
2022-03-29 13:02:39,533.33
2022-03-29 13:02:44,533.33
2022-03-29 13:02:49,539.4899244912818
2022-03-29 13:02:54,539.4961628968883
2022-03-29 13:02:59,539.502401302495
2022-03-29 13:03:04,533.36
2022-03-29 13:03:09,533.43
2022-03-29 13:03:14,533.43
2022-03-29 13:03:19,533.43
2022-03-29 13:03:24,539.5335933305275
2022-03-29 13:03:29,539.5398317361341
2022-03-29 13:03:34,533.59
2022-03-29 13:03:39,533.65
2022-03-29 13:03:44,533.65
2022-03-29 13:03:49,533.65
2022-03-29 13:03:54,533.72
2022-03-29 13:03:59,533.78
2022-03-29 13:04:04,533.85
2022-03-29 13:04:09,533.88
2022-03-29 13:04:14,533.94
2022-03-29 13:04:19,534.01
2022-03-29 13:04:24,534.07
2022-03-29 13:04:29,534.1
2022-03-29 13:04:34,534.17
2022-03-29 13:04:39,534.23
2022-03-29 13:04:44,539.6334078202322
2022-03-29 13:04:49,539.6396462258386
2022-03-29 13:04:54,539.6458846314451
2022-03-29 13:04:59,539.6521230370518
2022-03-29 13:05:04,539.6583614426582
2022-03-29 13:05:09,534.62
2022-03-29 13:05:14,534.69
2022-03-29 13:05:19,534.75
2022-03-29 13:05:24,534.82
2022-03-29 13:05:29,534.88
2022-03-29 13:05:34,534.91
2022-03-29 13:05:39,539.702030281904
2022-03-29 13:05:44,539.7082686875106
2022-03-29 13:05:49,539.714507093117
2022-03-29 13:05:54,535.21
2022-03-29 13:05:59,539.7269839043302
2022-03-29 13:06:04,539.7332223099367
2022-03-29 13:06:09,535.43
2022-03-29 13:06:14,539.7456991211498
2022-03-29 13:06:19,535.57
2022-03-29 13:06:24,535.63
2022-03-29 13:06:29,535.73
2022-03-29 13:06:34,539.7706527435759
2022-03-29 13:06:39,539.7768911491825
2022-03-29 13:06:44,535.92
2022-03-29 13:06:49,539.7893679603955
2022-03-29 13:06:54,536.08
2022-03-29 13:06:59,536.18
2022-03-29 13:07:04,539.808083177215
2022-03-29 13:07:09,536.37
2022-03-29 13:07:14,536.44
2022-03-29 13:07:19,536.47
2022-03-29 13:07:24,539.8330367996413
2022-03-29 13:07:29,536.7
2022-03-29 13:07:34,536.76
2022-03-29 13:07:39,539.8517520164609
2022-03-29 13:07:44,539.8579904220674
2022-03-29 13:07:49,537.05
2022-03-29 13:07:54,539.8704672332805
2022-03-29 13:07:59,539.876705638887
2022-03-29 13:08:04,537.28
2022-03-29 13:08:09,539.8891824501001
2022-03-29 13:08:14,537.5
2022-03-29 13:08:19,539.9016592613132
2022-03-29 13:08:24,537.7
2022-03-29 13:08:29,537.79
2022-03-29 13:08:34,537.86
2022-03-29 13:08:39,537.92
2022-03-29 13:08:44,539.9328512893458
2022-03-29 13:08:49,538.08
2022-03-29 13:08:54,538.21
2022-03-29 13:08:59,539.9515665061654
2022-03-29 13:09:04,538.37
2022-03-29 13:09:09,539.9640433173785
2022-03-29 13:09:14,539.970281722985
2022-03-29 13:09:19,538.6
2022-03-29 13:09:24,538.73
2022-03-29 13:09:29,538.75
2022-03-29 13:09:34,539.9952353454112
2022-03-29 13:09:39,538.95
2022-03-29 13:09:44,539.05
2022-03-29 13:09:49,539.11
2022-03-29 13:09:54,539.17
2022-03-29 13:09:59,539.27
2022-03-29 13:10:04,540.0326657790504
2022-03-29 13:10:09,539.46
2022-03-29 13:10:14,539.56
2022-03-29 13:10:19,539.62
2022-03-29 13:10:24,539.69
2022-03-29 13:10:29,539.75
2022-03-29 13:10:34,539.85
2022-03-29 13:10:39,539.91
2022-03-29 13:10:44,540.04
2022-03-29 13:10:49,540.04
2022-03-29 13:10:54,540.13
2022-03-29 13:10:59,540.1012882407222
2022-03-29 13:11:04,540.1075266463288
2022-03-29 13:11:09,540.1137650519353
2022-03-29 13:11:14,540.1200034575418
2022-03-29 13:11:19,540.55
2022-03-29 13:11:24,540.1324802687549
2022-03-29 13:11:29,540.65
2022-03-29 13:11:34,540.77
2022-03-29 13:11:39,540.1511954855745
2022-03-29 13:11:44,540.93
2022-03-29 13:11:49,541.0
2022-03-29 13:11:54,540.1699107023941
2022-03-29 13:11:59,541.09
2022-03-29 13:12:04,541.15
2022-03-29 13:12:09,540.1886259192137
2022-03-29 13:12:14,540.1948643248202
2022-03-29 13:12:19,541.44
2022-03-29 13:12:24,541.51
2022-03-29 13:12:29,541.57
2022-03-29 13:12:34,540.1956083635832
2022-03-29 13:12:39,541.79
2022-03-29 13:12:44,540.1713211413584
2022-03-29 13:12:49,541.89
2022-03-29 13:12:54,540.1470339191335
2022-03-29 13:12:59,540.1348903080211
2022-03-29 13:13:04,540.1227466969086
2022-03-29 13:13:09,542.24
2022-03-29 13:13:14,540.0984594746838
2022-03-29 13:13:19,542.46
2022-03-29 13:13:24,540.0741722524589
2022-03-29 13:13:29,542.59
2022-03-29 13:13:34,540.0498850302341
2022-03-29 13:13:39,540.0377414191216
2022-03-29 13:13:44,542.85
2022-03-29 13:13:49,540.0134541968969
2022-03-29 13:13:54,543.04
2022-03-29 13:13:59,543.1
2022-03-29 13:14:04,539.9770233635595
2022-03-29 13:14:09,543.26
2022-03-29 13:14:14,539.9527361413346
2022-03-29 13:14:19,543.49
2022-03-29 13:14:24,543.55
2022-03-29 13:14:29,543.62
2022-03-29 13:14:34,543.72
2022-03-29 13:14:39,539.8920180857725
2022-03-29 13:14:44,539.8798744746601
2022-03-29 13:14:49,543.94
2022-03-29 13:14:54,544.01
2022-03-29 13:14:59,544.07
2022-03-29 13:15:04,539.8313000302104
2022-03-29 13:15:09,544.23
2022-03-29 13:15:14,539.8070128079855
2022-03-29 13:15:19,544.46
2022-03-29 13:15:24,544.46
2022-03-29 13:15:29,539.7705819746483
2022-03-29 13:15:34,544.65
2022-03-29 13:15:39,539.7462947524234
2022-03-29 13:15:44,544.81
2022-03-29 13:15:49,544.87
2022-03-29 13:15:54,544.91
2022-03-29 13:15:59,544.97
2022-03-29 13:16:04,539.6855766968613
2022-03-29 13:16:09,545.04
2022-03-29 13:16:14,545.17
2022-03-29 13:16:19,545.17
2022-03-29 13:16:24,545.2
2022-03-29 13:16:29,545.2
2022-03-29 13:16:34,545.27
2022-03-29 13:16:39,545.27
2022-03-29 13:16:44,545.27
2022-03-29 13:16:49,545.33
2022-03-29 13:16:54,539.564140585737
2022-03-29 13:16:59,545.33
2022-03-29 13:17:04,545.33
2022-03-29 13:17:09,545.33
2022-03-29 13:17:14,545.33
2022-03-29 13:17:19,545.27
2022-03-29 13:17:24,539.4912789190626
2022-03-29 13:17:29,545.27
2022-03-29 13:17:34,545.27
2022-03-29 13:17:39,545.17
2022-03-29 13:17:44,545.17
2022-03-29 13:17:49,545.18
2022-03-29 13:17:54,539.4184172523879
2022-03-29 13:17:59,539.4062736412754
2022-03-29 13:18:04,545.11
2022-03-29 13:18:09,539.3819864190507
2022-03-29 13:18:14,544.98
2022-03-29 13:18:19,544.98
2022-03-29 13:18:24,544.92
2022-03-29 13:18:29,544.92
2022-03-29 13:18:34,544.89
2022-03-29 13:18:39,544.82
2022-03-29 13:18:44,544.76
2022-03-29 13:18:49,539.2848375301513
2022-03-29 13:18:54,544.6
2022-03-29 13:18:59,544.53
2022-03-29 13:19:04,544.47
2022-03-29 13:19:09,539.2362630857016
2022-03-29 13:19:14,539.2241194745891
2022-03-29 13:19:19,544.31
2022-03-29 13:19:24,544.18
2022-03-29 13:19:29,539.1876886412518
2022-03-29 13:19:34,544.15
2022-03-29 13:19:39,544.02
2022-03-29 13:19:44,543.95
2022-03-29 13:19:49,543.89
2022-03-29 13:19:54,543.89
2022-03-29 13:19:59,543.79
2022-03-29 13:20:04,543.79
2022-03-29 13:20:09,543.72
2022-03-29 13:20:14,543.66
2022-03-29 13:20:19,543.63
2022-03-29 13:20:24,543.63
2022-03-29 13:20:29,543.56
2022-03-29 13:20:34,539.0298216967903
2022-03-29 13:20:39,543.5
2022-03-29 13:20:44,539.0055344745655
2022-03-29 13:20:49,543.43
2022-03-29 13:20:54,538.9812472523406
2022-03-29 13:20:59,538.9691036412282
2022-03-29 13:21:04,543.34
2022-03-29 13:21:09,543.27
2022-03-29 13:21:14,538.932672807891
2022-03-29 13:21:19,543.21
2022-03-29 13:21:24,543.21
2022-03-29 13:21:29,543.14
2022-03-29 13:21:34,543.11
2022-03-29 13:21:39,543.11
2022-03-29 13:21:44,543.04
2022-03-29 13:21:49,542.97
2022-03-29 13:21:54,542.97
2022-03-29 13:21:59,542.85
2022-03-29 13:22:04,542.85
2022-03-29 13:22:09,542.81
2022-03-29 13:22:14,542.75
2022-03-29 13:22:19,538.7748058634294
2022-03-29 13:22:24,542.62
2022-03-29 13:22:29,542.62
2022-03-29 13:22:34,542.58
2022-03-29 13:22:39,542.52
2022-03-29 13:22:44,538.7140878078673
2022-03-29 13:22:49,538.7019441967548
2022-03-29 13:22:54,538.6898005856424
2022-03-29 13:22:59,542.29
2022-03-29 13:23:04,538.6655133634175
2022-03-29 13:23:09,538.6533697523051
2022-03-29 13:23:14,542.09
2022-03-29 13:23:19,542.09
2022-03-29 13:23:24,542.06
2022-03-29 13:23:29,538.6047953078554
2022-03-29 13:23:34,541.86
2022-03-29 13:23:39,541.8
2022-03-29 13:23:44,541.77
2022-03-29 13:23:49,541.7
2022-03-29 13:23:54,538.5440772522933
2022-03-29 13:23:59,538.5319336411809
2022-03-29 13:24:04,538.5197900300684
2022-03-29 13:24:09,538.507646418956
2022-03-29 13:24:14,541.54
2022-03-29 13:24:19,538.4833591967312
2022-03-29 13:24:24,541.41
2022-03-29 13:24:29,541.41
2022-03-29 13:24:34,541.35
2022-03-29 13:24:39,538.4347847522815
2022-03-29 13:24:44,541.28
2022-03-29 13:24:49,538.4104975300567
2022-03-29 13:24:54,541.12
2022-03-29 13:24:59,541.18
2022-03-29 13:25:04,538.3740666967193
2022-03-29 13:25:09,541.05
2022-03-29 13:25:14,538.3497794744944
2022-03-29 13:25:19,541.02
2022-03-29 13:25:24,538.3254922522697
2022-03-29 13:25:29,540.96
2022-03-29 13:25:34,540.83
2022-03-29 13:25:39,540.76
2022-03-29 13:25:44,540.67
2022-03-29 13:25:49,538.2647741967075
2022-03-29 13:25:54,540.6
2022-03-29 13:25:59,540.51
2022-03-29 13:26:04,540.44
2022-03-29 13:26:09,540.38
2022-03-29 13:26:14,540.25
2022-03-29 13:26:19,540.25
2022-03-29 13:26:24,540.15
2022-03-29 13:26:29,540.09
2022-03-29 13:26:34,540.03
2022-03-29 13:26:39,539.93
2022-03-29 13:26:44,539.87
2022-03-29 13:26:49,538.0770273186463
2022-03-29 13:26:54,538.051986391409
2022-03-29 13:26:59,539.64
2022-03-29 13:27:04,539.58
2022-03-29 13:27:09,537.9768636096971
2022-03-29 13:27:14,539.42
2022-03-29 13:27:19,539.29
2022-03-29 13:27:24,539.22
2022-03-29 13:27:29,539.19
2022-03-29 13:27:34,539.13
2022-03-29 13:27:39,539.0
2022-03-29 13:27:44,537.8015771190363
2022-03-29 13:27:49,538.91
2022-03-29 13:27:54,537.7514952645618
2022-03-29 13:27:59,538.78
2022-03-29 13:28:04,538.68
2022-03-29 13:28:09,538.62
2022-03-29 13:28:14,538.49
2022-03-29 13:28:19,537.6262906283754
2022-03-29 13:28:24,538.39
2022-03-29 13:28:29,538.33
2022-03-29 13:28:34,538.27
2022-03-29 13:28:39,538.2
2022-03-29 13:28:44,538.17
2022-03-29 13:28:49,538.04
2022-03-29 13:28:54,537.98
2022-03-29 13:28:59,537.4259632104772
2022-03-29 13:29:04,537.88
2022-03-29 13:29:09,537.75
2022-03-29 13:29:14,537.3508404287654
2022-03-29 13:29:19,537.3257995015281
2022-03-29 13:29:24,537.6
2022-03-29 13:29:29,537.2757176470536
2022-03-29 13:29:34,537.2506767198163
2022-03-29 13:29:39,537.43
2022-03-29 13:29:44,537.2005948653418
2022-03-29 13:29:49,537.24
2022-03-29 13:29:54,537.1505130108673
2022-03-29 13:29:59,537.18
2022-03-29 13:30:04,537.17
2022-03-29 13:30:09,537.15
2022-03-29 13:30:14,537.08
2022-03-29 13:30:19,537.02
2022-03-29 13:30:24,537.0002674474437
2022-03-29 13:30:29,536.9752265202062
2022-03-29 13:30:34,536.950185592969
2022-03-29 13:30:39,536.79
2022-03-29 13:30:44,536.73
2022-03-29 13:30:49,536.72
2022-03-29 13:30:54,536.66
2022-03-29 13:30:59,536.63
2022-03-29 13:31:04,536.7999400295454
2022-03-29 13:31:09,536.57
2022-03-29 13:31:14,536.5
2022-03-29 13:31:19,536.5
2022-03-29 13:31:24,536.44
2022-03-29 13:31:29,536.44
2022-03-29 13:31:34,536.4
2022-03-29 13:31:39,536.34
2022-03-29 13:31:44,536.34
2022-03-29 13:31:49,536.34
2022-03-29 13:31:54,536.27
2022-03-29 13:31:59,536.27
2022-03-29 13:32:04,536.4994489026982
2022-03-29 13:32:09,536.14
2022-03-29 13:32:14,536.4493670482236
2022-03-29 13:32:19,536.4243261209864
2022-03-29 13:32:24,536.14
2022-03-29 13:32:29,536.3742442665117
2022-03-29 13:32:34,536.14
2022-03-29 13:32:39,536.3241624120371
2022-03-29 13:32:44,536.2991214847999
2022-03-29 13:32:49,536.2
2022-03-29 13:32:54,536.2
2022-03-29 13:32:59,536.2
2022-03-29 13:33:04,536.27
2022-03-29 13:33:09,536.2
2022-03-29 13:33:14,536.27
2022-03-29 13:33:19,536.33
2022-03-29 13:33:24,536.0987940669017
2022-03-29 13:33:29,536.33
2022-03-29 13:33:34,536.39
2022-03-29 13:33:39,536.39
2022-03-29 13:33:44,536.42
2022-03-29 13:33:49,535.9735894307155
2022-03-29 13:33:54,536.48
2022-03-29 13:33:59,535.9235075762409
2022-03-29 13:34:04,536.55
2022-03-29 13:34:09,536.61
2022-03-29 13:34:14,536.61
2022-03-29 13:34:19,535.8233438672917
2022-03-29 13:34:24,536.64
2022-03-29 13:34:29,536.64
2022-03-29 13:34:34,535.7482210855799
2022-03-29 13:34:39,536.77
2022-03-29 13:34:44,536.77
2022-03-29 13:34:49,535.6730983038681
2022-03-29 13:34:54,536.83
2022-03-29 13:34:59,536.83
2022-03-29 13:35:04,536.83
2022-03-29 13:35:09,536.9
2022-03-29 13:35:14,536.89
2022-03-29 13:35:19,536.83
2022-03-29 13:35:24,536.89
2022-03-29 13:35:29,536.89
2022-03-29 13:35:34,536.93
2022-03-29 13:35:39,535.4226890314955
2022-03-29 13:35:44,536.93
2022-03-29 13:35:49,536.92
2022-03-29 13:35:54,536.93
2022-03-29 13:35:59,535.3225253225464
2022-03-29 13:36:04,536.93
2022-03-29 13:36:09,536.99
2022-03-29 13:36:14,535.2474025408346
2022-03-29 13:36:19,536.99
2022-03-29 13:36:24,536.99
2022-03-29 13:36:29,536.99
2022-03-29 13:36:34,536.99
2022-03-29 13:36:39,536.99
2022-03-29 13:36:44,536.99
2022-03-29 13:36:49,537.05
2022-03-29 13:36:54,535.0470751229363
2022-03-29 13:36:59,535.022034195699
2022-03-29 13:37:04,537.05
2022-03-29 13:37:09,537.05
2022-03-29 13:37:14,536.99
2022-03-29 13:37:19,537.06
2022-03-29 13:37:24,536.99
2022-03-29 13:37:29,537.06
2022-03-29 13:37:34,536.99
2022-03-29 13:37:39,536.99
2022-03-29 13:37:44,537.06
2022-03-29 13:37:49,534.7716249233264
2022-03-29 13:37:54,534.7465839960892
2022-03-29 13:37:59,534.7215430688518
2022-03-29 13:38:04,534.6965021416146
2022-03-29 13:38:09,534.6714612143774
2022-03-29 13:38:14,537.06
2022-03-29 13:38:19,534.6213793599027
2022-03-29 13:38:24,537.06
2022-03-29 13:38:29,537.06
2022-03-29 13:38:34,534.5462565781909
2022-03-29 13:38:39,537.13
2022-03-29 13:38:44,534.4961747237163
2022-03-29 13:38:49,537.13
2022-03-29 13:38:54,534.4460928692417
2022-03-29 13:38:59,534.4210519420045
2022-03-29 13:39:04,534.3960110147673
2022-03-29 13:39:09,537.13
2022-03-29 13:39:14,537.17
2022-03-29 13:39:19,537.17
2022-03-29 13:39:24,534.2958473058181
2022-03-29 13:39:29,534.2708063785809
2022-03-29 13:39:34,537.17
2022-03-29 13:39:39,537.17
2022-03-29 13:39:44,534.1956835968691
2022-03-29 13:39:49,534.1706426696319
2022-03-29 13:39:54,534.1456017423945
2022-03-29 13:39:59,534.1205608151573
2022-03-29 13:40:04,537.14
2022-03-29 13:40:09,537.14
2022-03-29 13:40:14,537.08
2022-03-29 13:40:19,537.08
2022-03-29 13:40:24,537.08
2022-03-29 13:40:29,537.01
2022-03-29 13:40:34,537.01
2022-03-29 13:40:39,537.01
2022-03-29 13:40:44,533.9613597744939
2022-03-29 13:40:49,536.95
2022-03-29 13:40:54,536.92
2022-03-29 13:40:59,534.0517092240307
2022-03-29 13:41:04,536.86
2022-03-29 13:41:09,534.1119421903886
2022-03-29 13:41:14,536.79
2022-03-29 13:41:19,536.73
2022-03-29 13:41:24,536.66
2022-03-29 13:41:29,536.66
2022-03-29 13:41:34,536.63
2022-03-29 13:41:39,536.57
2022-03-29 13:41:44,534.3227575726413
2022-03-29 13:41:49,536.5
2022-03-29 13:41:54,536.44
2022-03-29 13:41:59,536.4
2022-03-29 13:42:04,536.34
2022-03-29 13:42:09,534.4733399885362
2022-03-29 13:42:14,536.28
2022-03-29 13:42:19,534.5335729548941
2022-03-29 13:42:24,536.15
2022-03-29 13:42:29,534.5938059212519
2022-03-29 13:42:34,536.05
2022-03-29 13:42:39,535.99
2022-03-29 13:42:44,535.92
2022-03-29 13:42:49,535.89
2022-03-29 13:42:54,535.89
2022-03-29 13:42:59,535.83
2022-03-29 13:43:04,535.76
2022-03-29 13:43:09,534.8347377866837
2022-03-29 13:43:14,535.69
2022-03-29 13:43:19,535.69
2022-03-29 13:43:24,535.7
2022-03-29 13:43:29,535.63
2022-03-29 13:43:34,534.9853202025786
2022-03-29 13:43:39,535.53
2022-03-29 13:43:44,535.59
2022-03-29 13:43:49,535.53
2022-03-29 13:43:54,535.47
2022-03-29 13:43:59,535.46
2022-03-29 13:44:04,535.4
2022-03-29 13:44:09,535.36
2022-03-29 13:44:14,535.37
2022-03-29 13:44:19,535.3
2022-03-29 13:44:24,535.36
2022-03-29 13:44:29,535.3
2022-03-29 13:44:34,535.24
2022-03-29 13:44:39,535.23
2022-03-29 13:44:44,535.23
2022-03-29 13:44:49,535.23
2022-03-29 13:44:54,535.17
2022-03-29 13:44:59,535.17
2022-03-29 13:45:04,535.17
2022-03-29 13:45:09,535.17
2022-03-29 13:45:14,535.5876498661578
2022-03-29 13:45:19,535.6177663493366
2022-03-29 13:45:24,535.6478828325157
2022-03-29 13:45:29,535.23
2022-03-29 13:45:34,535.23
2022-03-29 13:45:39,535.23
2022-03-29 13:45:44,535.7683487652315
2022-03-29 13:45:49,535.23
2022-03-29 13:45:54,535.8285817315895
2022-03-29 13:45:59,535.8586982147684
2022-03-29 13:46:04,535.8888146979473
2022-03-29 13:46:09,535.9189311811264
2022-03-29 13:46:14,535.29
2022-03-29 13:46:19,535.9791641474842
2022-03-29 13:46:24,536.0092806306633
2022-03-29 13:46:29,535.39
2022-03-29 13:46:34,535.39
2022-03-29 13:46:39,536.0996300802001
2022-03-29 13:46:44,536.1297465633791
2022-03-29 13:46:49,536.1598630465579
2022-03-29 13:46:54,535.58
2022-03-29 13:46:59,536.2200960129159
2022-03-29 13:47:04,536.2502124960948
2022-03-29 13:47:09,535.68
2022-03-29 13:47:14,535.68
2022-03-29 13:47:19,536.3405619456319
2022-03-29 13:47:24,535.8
2022-03-29 13:47:29,535.81
2022-03-29 13:47:34,536.4309113951687
2022-03-29 13:47:39,535.97
2022-03-29 13:47:44,535.97
2022-03-29 13:47:49,536.03
2022-03-29 13:47:54,536.5513773278846
2022-03-29 13:47:59,536.13
2022-03-29 13:48:04,536.19
2022-03-29 13:48:09,536.26
2022-03-29 13:48:14,536.6718432606003
2022-03-29 13:48:19,536.7019597437793
2022-03-29 13:48:24,536.42
2022-03-29 13:48:29,536.48
2022-03-29 13:48:34,536.61
2022-03-29 13:48:39,536.65
2022-03-29 13:48:44,536.71
2022-03-29 13:48:49,536.77
2022-03-29 13:48:54,536.912775126032
2022-03-29 13:48:59,536.94
2022-03-29 13:49:04,537.0
2022-03-29 13:49:09,537.13
2022-03-29 13:49:14,537.13
2022-03-29 13:49:19,537.23
2022-03-29 13:49:24,537.36
2022-03-29 13:49:29,537.46
2022-03-29 13:49:34,537.1537069914638
2022-03-29 13:49:39,537.59
2022-03-29 13:49:44,537.65
2022-03-29 13:49:49,537.75
2022-03-29 13:49:54,537.81
2022-03-29 13:49:59,537.97
2022-03-29 13:50:04,538.04
2022-03-29 13:50:09,538.1
2022-03-29 13:50:14,538.2
2022-03-29 13:50:19,538.26
2022-03-29 13:50:24,538.39
2022-03-29 13:50:29,538.46
2022-03-29 13:50:34,538.56
2022-03-29 13:50:39,538.62
2022-03-29 13:50:44,537.5753377559693
2022-03-29 13:50:49,538.85
2022-03-29 13:50:54,538.91
2022-03-29 13:50:59,538.98
2022-03-29 13:51:04,539.01
2022-03-29 13:51:09,537.7259201718639
2022-03-29 13:51:14,539.3
2022-03-29 13:51:19,537.7861531382218
2022-03-29 13:51:24,539.43
2022-03-29 13:51:29,539.59
2022-03-29 13:51:34,539.72
2022-03-29 13:51:39,537.9066190709378
2022-03-29 13:51:44,539.82
2022-03-29 13:51:49,537.9668520372957
2022-03-29 13:51:54,537.9969685204746
2022-03-29 13:51:59,540.04
2022-03-29 13:52:04,538.0572014868325
2022-03-29 13:52:09,540.24
2022-03-29 13:52:14,540.27
2022-03-29 13:52:19,540.33
2022-03-29 13:52:24,538.1776674195485
2022-03-29 13:52:29,540.46
2022-03-29 13:52:34,538.2379003859063
2022-03-29 13:52:39,540.53
2022-03-29 13:52:44,540.56
2022-03-29 13:52:49,540.62
2022-03-29 13:52:54,538.3583663186222
2022-03-29 13:52:59,540.62
2022-03-29 13:53:04,540.69
2022-03-29 13:53:09,538.4487157681591
2022-03-29 13:53:14,540.69
2022-03-29 13:53:19,540.75
2022-03-29 13:53:24,540.75
2022-03-29 13:53:29,540.78
2022-03-29 13:53:34,540.78
2022-03-29 13:53:39,540.78
2022-03-29 13:53:44,540.78
2022-03-29 13:53:49,538.6896476335908
2022-03-29 13:53:54,538.7197641167697
2022-03-29 13:53:59,540.78
2022-03-29 13:54:04,540.78
2022-03-29 13:54:09,540.78
2022-03-29 13:54:14,540.78
2022-03-29 13:54:19,540.78
2022-03-29 13:54:24,538.9004630158435
2022-03-29 13:54:29,540.68
2022-03-29 13:54:34,540.68
2022-03-29 13:54:39,540.62
2022-03-29 13:54:44,540.62
2022-03-29 13:54:49,539.0010507417435
2022-03-29 13:54:54,538.987346836265
2022-03-29 13:54:59,540.45
2022-03-29 13:55:04,540.39
2022-03-29 13:55:09,540.33
2022-03-29 13:55:14,540.26
2022-03-29 13:55:19,540.23
2022-03-29 13:55:24,540.16
2022-03-29 13:55:29,540.1
2022-03-29 13:55:34,540.03
2022-03-29 13:55:39,539.94
2022-03-29 13:55:44,539.87
2022-03-29 13:55:49,539.74
2022-03-29 13:55:54,539.74
2022-03-29 13:55:59,539.64
2022-03-29 13:56:04,539.51
2022-03-29 13:56:09,538.7817882540879
2022-03-29 13:56:14,539.41
2022-03-29 13:56:19,539.35
2022-03-29 13:56:24,539.22
2022-03-29 13:56:29,539.19
2022-03-29 13:56:34,539.06
2022-03-29 13:56:39,538.6995648212171
2022-03-29 13:56:44,538.83
2022-03-29 13:56:49,538.77
2022-03-29 13:56:54,538.67
2022-03-29 13:56:59,538.54
2022-03-29 13:57:04,538.45
2022-03-29 13:57:09,538.6173413883462
2022-03-29 13:57:14,538.6036374828677
2022-03-29 13:57:19,538.03
2022-03-29 13:57:24,538.5762296719108
2022-03-29 13:57:29,538.5625257664323
2022-03-29 13:57:34,538.5488218609538
2022-03-29 13:57:39,537.51
2022-03-29 13:57:44,537.41
2022-03-29 13:57:49,537.29
2022-03-29 13:57:54,537.16
2022-03-29 13:57:59,537.06
2022-03-29 13:58:04,536.9
2022-03-29 13:58:09,538.4528945226045
2022-03-29 13:58:14,538.4391906171261
2022-03-29 13:58:19,536.61
2022-03-29 13:58:24,536.42
2022-03-29 13:58:29,536.32
2022-03-29 13:58:34,536.19
2022-03-29 13:58:39,536.1
2022-03-29 13:58:44,535.97
2022-03-29 13:58:49,538.3432632787767
2022-03-29 13:58:54,535.68
2022-03-29 13:58:59,535.61
2022-03-29 13:59:04,538.3021515623414
2022-03-29 13:59:09,538.2884476568628
2022-03-29 13:59:14,538.2747437513843
2022-03-29 13:59:19,535.1
2022-03-29 13:59:24,535.0
2022-03-29 13:59:29,534.94
2022-03-29 13:59:34,534.78
2022-03-29 13:59:39,534.59
2022-03-29 13:59:44,538.1925203185135
2022-03-29 13:59:49,534.36
2022-03-29 13:59:54,538.1651125075565
2022-03-29 13:59:59,538.151408602078
2022-03-29 14:00:04,533.98
2022-03-29 14:00:09,533.85
2022-03-29 14:00:14,533.69
2022-03-29 14:00:19,533.56
2022-03-29 14:00:24,538.0828890746857
2022-03-29 14:00:29,533.3
2022-03-29 14:00:34,538.0554812637288
2022-03-29 14:00:39,533.02
2022-03-29 14:00:44,538.0280734527719
2022-03-29 14:00:49,532.66
2022-03-29 14:00:54,532.51
2022-03-29 14:00:59,537.9869617363364
2022-03-29 14:01:04,532.28
2022-03-29 14:01:09,532.09
2022-03-29 14:01:14,537.9458500199011
2022-03-29 14:01:19,531.86
2022-03-29 14:01:24,531.77
2022-03-29 14:01:29,537.9047383034656
2022-03-29 14:01:34,537.891034397987
2022-03-29 14:01:39,537.8773304925086
2022-03-29 14:01:44,531.19
2022-03-29 14:01:49,531.0
2022-03-29 14:01:54,537.8362187760732
2022-03-29 14:01:59,530.77
2022-03-29 14:02:04,530.68
2022-03-29 14:02:09,530.55
2022-03-29 14:02:14,530.45
2022-03-29 14:02:19,530.32
2022-03-29 14:02:24,530.23
2022-03-29 14:02:29,530.1
2022-03-29 14:02:34,530.04
2022-03-29 14:02:39,529.87
2022-03-29 14:02:44,529.75
2022-03-29 14:02:49,537.68547581581
2022-03-29 14:02:54,537.6717719103316
2022-03-29 14:02:59,537.658068004853
2022-03-29 14:03:04,537.6443640993746
2022-03-29 14:03:09,529.36
2022-03-29 14:03:14,529.3
2022-03-29 14:03:19,529.2
2022-03-29 14:03:24,529.14
2022-03-29 14:03:29,537.5758445719822
2022-03-29 14:03:34,529.07
2022-03-29 14:03:39,529.01
2022-03-29 14:03:44,529.01
2022-03-29 14:03:49,537.5210289500683
2022-03-29 14:03:54,537.5073250445898
2022-03-29 14:03:59,528.91
2022-03-29 14:04:04,537.4799172336329
2022-03-29 14:04:09,537.4662133281545
2022-03-29 14:04:14,537.4525094226759
2022-03-29 14:04:19,528.94
2022-03-29 14:04:24,528.94
2022-03-29 14:04:29,537.4113977062406
2022-03-29 14:04:34,537.3976938007621
2022-03-29 14:04:39,529.07
2022-03-29 14:04:44,529.13
2022-03-29 14:04:49,537.3565820843266
2022-03-29 14:04:54,529.23
2022-03-29 14:04:59,537.3291742733696
2022-03-29 14:05:04,529.36
2022-03-29 14:05:09,529.42
2022-03-29 14:05:14,537.2880625569343
2022-03-29 14:05:19,529.59
2022-03-29 14:05:24,537.2606547459773
2022-03-29 14:05:29,529.75
2022-03-29 14:05:34,529.87
2022-03-29 14:05:39,537.2195430295419
2022-03-29 14:05:44,537.2058391240635
2022-03-29 14:05:49,537.192135218585
2022-03-29 14:05:54,537.1784313131064
2022-03-29 14:05:59,530.39
2022-03-29 14:06:04,530.55
2022-03-29 14:06:09,537.1373195966711
2022-03-29 14:06:14,530.77
2022-03-29 14:06:19,537.1099117857141
2022-03-29 14:06:24,537.0962078802356
2022-03-29 14:06:29,531.19
2022-03-29 14:06:34,531.29
2022-03-29 14:06:39,531.41
2022-03-29 14:06:44,531.57
2022-03-29 14:06:49,537.0276883528433
2022-03-29 14:06:54,531.86
2022-03-29 14:06:59,532.02
2022-03-29 14:07:04,532.15
2022-03-29 14:07:09,536.9728727309293
2022-03-29 14:07:14,532.37
2022-03-29 14:07:19,532.54
2022-03-29 14:07:24,536.931761014494
2022-03-29 14:07:29,536.9180571090155
2022-03-29 14:07:34,536.904353203537
2022-03-29 14:07:39,536.8906492980585
2022-03-29 14:07:44,533.31
2022-03-29 14:07:49,536.8632414871015
2022-03-29 14:07:54,533.56
2022-03-29 14:07:59,536.8358336761446
2022-03-29 14:08:04,533.92
2022-03-29 14:08:09,534.05
2022-03-29 14:08:14,534.15
2022-03-29 14:08:19,534.34
2022-03-29 14:08:24,536.7673141487522
2022-03-29 14:08:29,534.59
2022-03-29 14:08:34,534.72
2022-03-29 14:08:39,534.89
2022-03-29 14:08:44,535.01
2022-03-29 14:08:49,535.17
2022-03-29 14:08:54,535.3
2022-03-29 14:08:59,535.4
2022-03-29 14:09:04,535.59
2022-03-29 14:09:09,535.69
2022-03-29 14:09:14,535.82
2022-03-29 14:09:19,535.91
2022-03-29 14:09:24,536.05
2022-03-29 14:09:29,537.0954536429098
2022-03-29 14:09:34,536.21
2022-03-29 14:09:39,536.27
2022-03-29 14:09:44,536.4
2022-03-29 14:09:49,536.43
2022-03-29 14:09:54,536.56
2022-03-29 14:09:59,536.56
2022-03-29 14:10:04,536.66
2022-03-29 14:10:09,536.79
2022-03-29 14:10:14,537.5359027382696
2022-03-29 14:10:19,536.95
2022-03-29 14:10:24,537.02
2022-03-29 14:10:29,537.6827191033894
2022-03-29 14:10:34,537.15
2022-03-29 14:10:39,537.24
2022-03-29 14:10:44,537.37
2022-03-29 14:10:49,537.44
2022-03-29 14:10:54,537.47
2022-03-29 14:10:59,537.6
2022-03-29 14:11:04,537.67
2022-03-29 14:11:09,537.76
2022-03-29 14:11:14,537.76
2022-03-29 14:11:19,537.83
2022-03-29 14:11:24,537.89
2022-03-29 14:11:29,538.2699845638691
2022-03-29 14:11:34,537.99
2022-03-29 14:11:39,538.06
2022-03-29 14:11:44,538.12
2022-03-29 14:11:49,538.19
2022-03-29 14:11:54,538.5146785057357
2022-03-29 14:11:59,538.5636172941089
2022-03-29 14:12:04,538.6125560824821
2022-03-29 14:12:09,538.6614948708557
2022-03-29 14:12:14,538.48
2022-03-29 14:12:19,538.51
2022-03-29 14:12:24,538.58
2022-03-29 14:12:29,538.8572500243488
2022-03-29 14:12:34,538.906188812722
2022-03-29 14:12:39,538.74
2022-03-29 14:12:44,539.0040663894687
2022-03-29 14:12:49,538.87
2022-03-29 14:12:54,539.1019439662153
2022-03-29 14:12:59,539.0
2022-03-29 14:13:04,539.03
2022-03-29 14:13:09,539.16
2022-03-29 14:13:14,539.16
2022-03-29 14:13:19,539.22
2022-03-29 14:13:24,539.32
2022-03-29 14:13:29,539.32
2022-03-29 14:13:34,539.39
2022-03-29 14:13:39,539.51
2022-03-29 14:13:44,539.5913318499483
2022-03-29 14:13:49,539.55
2022-03-29 14:13:54,539.68
2022-03-29 14:13:59,539.7381482150682
2022-03-29 14:14:04,539.74
2022-03-29 14:14:09,539.836025791815
2022-03-29 14:14:14,539.84
2022-03-29 14:14:19,539.97
2022-03-29 14:14:24,539.9
2022-03-29 14:14:29,540.0317809453081
2022-03-29 14:14:34,540.03
2022-03-29 14:14:39,540.06
2022-03-29 14:14:44,540.06
2022-03-29 14:14:49,540.13
2022-03-29 14:14:54,540.13
2022-03-29 14:14:59,540.3254136755479
2022-03-29 14:15:04,540.3743524639214
2022-03-29 14:15:09,540.26
2022-03-29 14:15:14,540.4722300406679
2022-03-29 14:15:19,540.26
2022-03-29 14:15:24,540.5701076174146
2022-03-29 14:15:29,540.29
2022-03-29 14:15:34,540.35
2022-03-29 14:15:39,540.35
2022-03-29 14:15:44,540.7658627709079
2022-03-29 14:15:49,540.42
2022-03-29 14:15:54,540.8637403476544
2022-03-29 14:15:59,540.54
2022-03-29 14:16:04,540.961617924401
2022-03-29 14:16:09,540.58
2022-03-29 14:16:14,540.64
2022-03-29 14:16:19,541.108434289521
2022-03-29 14:16:24,541.1573730778942
2022-03-29 14:16:29,540.77
2022-03-29 14:16:34,540.8
2022-03-29 14:16:39,540.8
2022-03-29 14:16:44,540.93
2022-03-29 14:16:49,540.99
2022-03-29 14:16:54,541.05
2022-03-29 14:16:59,541.4999445965075
2022-03-29 14:17:04,541.15
2022-03-29 14:17:09,541.5978221732539
2022-03-29 14:17:14,541.21
2022-03-29 14:17:19,541.31
2022-03-29 14:17:24,541.31
2022-03-29 14:17:29,541.37
2022-03-29 14:17:34,541.8425161151206
2022-03-29 14:17:39,541.5
2022-03-29 14:17:44,541.57
2022-03-29 14:17:49,541.6
2022-03-29 14:17:54,542.0382712686139
2022-03-29 14:17:59,541.72
2022-03-29 14:18:04,541.79
2022-03-29 14:18:09,542.1850876337339
2022-03-29 14:18:14,541.89
2022-03-29 14:18:19,542.2829652104804
2022-03-29 14:18:24,542.01
2022-03-29 14:18:29,542.380842787227
2022-03-29 14:18:34,542.4297815756003
2022-03-29 14:18:39,542.18
2022-03-29 14:18:44,542.31
2022-03-29 14:18:49,542.3
2022-03-29 14:18:54,542.6255367290936
2022-03-29 14:18:59,542.4
2022-03-29 14:19:04,542.72341430584
2022-03-29 14:19:09,542.53
2022-03-29 14:19:14,542.59
2022-03-29 14:19:19,542.63
2022-03-29 14:19:24,542.69
2022-03-29 14:19:29,542.9681082477067
2022-03-29 14:19:34,542.82
2022-03-29 14:19:39,542.85
2022-03-29 14:19:44,543.1149246128266
2022-03-29 14:19:49,543.1638634011998
2022-03-29 14:19:54,543.05
2022-03-29 14:19:59,543.11
2022-03-29 14:20:04,543.3106797663199
2022-03-29 14:20:09,543.21
2022-03-29 14:20:14,543.27
2022-03-29 14:20:19,543.4574961314399
2022-03-29 14:20:24,543.37
2022-03-29 14:20:29,543.44
2022-03-29 14:20:34,543.6043124965598
2022-03-29 14:20:39,543.63
2022-03-29 14:20:44,543.63
2022-03-29 14:20:49,543.7511288616797
2022-03-29 14:20:54,543.8000676500529
2022-03-29 14:20:59,543.8490064384262
2022-03-29 14:21:04,543.86
2022-03-29 14:21:09,543.9468840151728
2022-03-29 14:21:14,543.96
2022-03-29 14:21:19,544.0447615919196
2022-03-29 14:21:24,544.09
2022-03-29 14:21:29,544.15
2022-03-29 14:21:34,544.15
2022-03-29 14:21:39,544.19
2022-03-29 14:21:44,544.2894555337859
2022-03-29 14:21:49,544.32
2022-03-29 14:21:54,544.38
2022-03-29 14:21:59,544.38
2022-03-29 14:22:04,544.42
2022-03-29 14:22:09,544.48
2022-03-29 14:22:14,544.55
2022-03-29 14:22:19,544.61
2022-03-29 14:22:24,544.68
2022-03-29 14:22:29,544.68
2022-03-29 14:22:34,544.71
2022-03-29 14:22:39,544.77
2022-03-29 14:22:44,544.84
2022-03-29 14:22:49,544.9
2022-03-29 14:22:54,544.94
2022-03-29 14:22:59,545.0
2022-03-29 14:23:04,545.0
2022-03-29 14:23:09,545.07
2022-03-29 14:23:14,545.13
2022-03-29 14:23:19,545.13
2022-03-29 14:23:24,545.2
2022-03-29 14:23:29,544.7950835222694
2022-03-29 14:23:34,545.23
2022-03-29 14:23:39,544.7442922576013
2022-03-29 14:23:44,545.29
2022-03-29 14:23:49,544.693500992933
2022-03-29 14:23:54,545.36
2022-03-29 14:23:59,545.36
2022-03-29 14:24:04,545.43
2022-03-29 14:24:09,545.43
2022-03-29 14:24:14,544.5665228312624
2022-03-29 14:24:19,545.46
2022-03-29 14:24:24,545.43
2022-03-29 14:24:29,544.4903359342602
2022-03-29 14:24:34,544.4649403019262
2022-03-29 14:24:39,545.43
2022-03-29 14:24:44,545.46
2022-03-29 14:24:49,545.46
2022-03-29 14:24:54,545.43
2022-03-29 14:24:59,545.46
2022-03-29 14:25:04,544.3125665079216
2022-03-29 14:25:09,545.46
2022-03-29 14:25:14,544.2617752432533
2022-03-29 14:25:19,545.43
2022-03-29 14:25:24,545.43
2022-03-29 14:25:29,545.43
2022-03-29 14:25:34,544.1601927139169
2022-03-29 14:25:39,545.36
2022-03-29 14:25:44,545.36
2022-03-29 14:25:49,545.36
2022-03-29 14:25:54,545.36
2022-03-29 14:25:59,545.3
2022-03-29 14:26:04,544.0078189199123
2022-03-29 14:26:09,545.29
2022-03-29 14:26:14,545.23
2022-03-29 14:26:19,545.23
2022-03-29 14:26:24,543.9062363905758
2022-03-29 14:26:29,545.13
2022-03-29 14:26:34,545.13
2022-03-29 14:26:39,545.07
2022-03-29 14:26:44,543.8046538612396
2022-03-29 14:26:49,543.7792582289053
2022-03-29 14:26:54,544.94
2022-03-29 14:26:59,543.7284669642372
2022-03-29 14:27:04,544.9
2022-03-29 14:27:09,544.84
2022-03-29 14:27:14,544.77
2022-03-29 14:27:19,544.77
2022-03-29 14:27:24,544.71
2022-03-29 14:27:29,544.71
2022-03-29 14:27:34,544.68
2022-03-29 14:27:39,544.61
2022-03-29 14:27:44,544.54
2022-03-29 14:27:49,543.4745106408961
2022-03-29 14:27:54,543.4491150085621
2022-03-29 14:27:59,544.41
2022-03-29 14:28:04,544.32
2022-03-29 14:28:09,544.25
2022-03-29 14:28:14,544.19
2022-03-29 14:28:19,543.3221368468916
2022-03-29 14:28:24,544.09
2022-03-29 14:28:29,543.2713455822235
2022-03-29 14:28:34,543.96
2022-03-29 14:28:39,543.9
2022-03-29 14:28:44,543.195158685221
2022-03-29 14:28:49,543.169763052887
2022-03-29 14:28:54,543.67
2022-03-29 14:28:59,543.1189717882187
2022-03-29 14:29:04,543.51
2022-03-29 14:29:09,543.44
2022-03-29 14:29:14,543.38
2022-03-29 14:29:19,543.35
2022-03-29 14:29:24,543.22
2022-03-29 14:29:29,543.12
2022-03-29 14:29:34,542.9412023618801
2022-03-29 14:29:39,542.915806729546
2022-03-29 14:29:44,542.93
2022-03-29 14:29:49,542.83
2022-03-29 14:29:54,542.77
2022-03-29 14:29:59,542.64
2022-03-29 14:30:04,542.61
2022-03-29 14:30:09,542.48
2022-03-29 14:30:14,542.42
2022-03-29 14:30:19,542.35
2022-03-29 14:30:24,542.26
2022-03-29 14:30:29,542.661850406205
2022-03-29 14:30:34,542.09
2022-03-29 14:30:39,542.03
2022-03-29 14:30:44,542.5856635092026
2022-03-29 14:30:49,541.84
2022-03-29 14:30:54,542.5348722445344
2022-03-29 14:30:59,541.68
2022-03-29 14:31:04,541.61
2022-03-29 14:31:09,542.4586853475321
2022-03-29 14:31:14,541.45
2022-03-29 14:31:19,541.46
2022-03-29 14:31:24,541.39
2022-03-29 14:31:29,542.3571028181958
2022-03-29 14:31:34,542.3317071858618
2022-03-29 14:31:39,541.17
2022-03-29 14:31:44,541.1
2022-03-29 14:31:49,542.2555202888594
2022-03-29 14:31:54,541.01
2022-03-29 14:31:59,542.2047290241912
2022-03-29 14:32:04,542.1793333918571
2022-03-29 14:32:09,540.78
2022-03-29 14:32:14,540.79
2022-03-29 14:32:19,540.72
2022-03-29 14:32:24,542.0777508625207
2022-03-29 14:32:29,542.0523552301865
2022-03-29 14:32:34,540.56
2022-03-29 14:32:39,540.5
2022-03-29 14:32:44,541.9761683331843
2022-03-29 14:32:49,540.37
2022-03-29 14:32:54,540.31
2022-03-29 14:32:59,541.899981436182
2022-03-29 14:33:04,541.8745858038478
2022-03-29 14:33:09,540.15
2022-03-29 14:33:14,540.15
2022-03-29 14:33:19,540.09
2022-03-29 14:33:24,541.7730032745114
2022-03-29 14:33:29,541.7476076421774
2022-03-29 14:33:34,540.05
2022-03-29 14:33:39,539.99
2022-03-29 14:33:44,541.6714207451752
2022-03-29 14:33:49,539.99
2022-03-29 14:33:54,539.93
2022-03-29 14:33:59,539.99
2022-03-29 14:34:04,539.93
2022-03-29 14:34:09,539.86
2022-03-29 14:34:14,539.93
2022-03-29 14:34:19,541.4936513188363
2022-03-29 14:34:24,541.4682556865023
2022-03-29 14:34:29,539.86
2022-03-29 14:34:34,539.93
2022-03-29 14:34:39,541.3920687895
2022-03-29 14:34:44,539.93
2022-03-29 14:34:49,539.99
2022-03-29 14:34:54,539.99
2022-03-29 14:34:59,539.99
2022-03-29 14:35:04,541.2650906278294
2022-03-29 14:35:09,540.06
2022-03-29 14:35:14,540.05
2022-03-29 14:35:19,540.15
2022-03-29 14:35:24,540.15
2022-03-29 14:35:29,540.15
2022-03-29 14:35:34,540.22
2022-03-29 14:35:39,540.28
2022-03-29 14:35:44,541.0619255691566
2022-03-29 14:35:49,540.31
2022-03-29 14:35:54,541.0111343044886
2022-03-29 14:35:59,540.44
2022-03-29 14:36:04,540.44
2022-03-29 14:36:09,540.9349474074862
2022-03-29 14:36:14,540.57
2022-03-29 14:36:19,540.6
2022-03-29 14:36:24,540.66
2022-03-29 14:36:29,540.73
2022-03-29 14:36:34,540.8079692458157
2022-03-29 14:36:39,540.82
2022-03-29 14:36:44,540.7571779811475
2022-03-29 14:36:49,540.89
2022-03-29 14:36:54,540.7063867164793
2022-03-29 14:36:59,541.08
2022-03-29 14:37:04,541.08
2022-03-29 14:37:09,541.11
2022-03-29 14:37:14,541.17
2022-03-29 14:37:19,541.24
2022-03-29 14:37:24,541.24
2022-03-29 14:37:29,540.6541662390633
2022-03-29 14:37:34,541.33
2022-03-29 14:37:39,541.4
2022-03-29 14:37:44,541.46
2022-03-29 14:37:49,541.53
2022-03-29 14:37:54,541.53
2022-03-29 14:37:59,541.59
2022-03-29 14:38:04,541.62
2022-03-29 14:38:09,541.68
2022-03-29 14:38:14,541.68
2022-03-29 14:38:19,541.75
2022-03-29 14:38:24,541.81
2022-03-29 14:38:29,541.84
2022-03-29 14:38:34,540.5976521747873
2022-03-29 14:38:39,540.5933049390737
2022-03-29 14:38:44,541.97
2022-03-29 14:38:49,540.5846104676467
2022-03-29 14:38:54,542.03
2022-03-29 14:38:59,540.5759159962196
2022-03-29 14:39:04,542.03
2022-03-29 14:39:09,540.5672215247926
2022-03-29 14:39:14,542.1
2022-03-29 14:39:19,542.1
2022-03-29 14:39:24,542.13
2022-03-29 14:39:29,540.5498325819384
2022-03-29 14:39:34,542.1
2022-03-29 14:39:39,540.5411381105113
2022-03-29 14:39:44,542.13
2022-03-29 14:39:49,542.13
2022-03-29 14:39:54,540.5280964033707
2022-03-29 14:39:59,540.5237491676571
2022-03-29 14:40:04,542.03
2022-03-29 14:40:09,542.1
2022-03-29 14:40:14,542.03
2022-03-29 14:40:19,540.506360224803
2022-03-29 14:40:24,541.9
2022-03-29 14:40:29,541.9
2022-03-29 14:40:34,540.4933185176624
2022-03-29 14:40:39,541.81
2022-03-29 14:40:44,540.4846240462354
2022-03-29 14:40:49,541.68
2022-03-29 14:40:54,541.61
2022-03-29 14:40:59,540.4715823390948
2022-03-29 14:41:04,540.4672351033812
2022-03-29 14:41:09,541.45
2022-03-29 14:41:14,540.4585406319541
2022-03-29 14:41:19,540.4541933962405
2022-03-29 14:41:24,541.29
2022-03-29 14:41:29,541.23
2022-03-29 14:41:34,541.17
2022-03-29 14:41:39,541.1
2022-03-29 14:41:44,541.01
2022-03-29 14:41:49,540.4281099819593
2022-03-29 14:41:54,540.4237627462458
2022-03-29 14:41:59,540.81
2022-03-29 14:42:04,540.4150682748187
2022-03-29 14:42:09,540.59
2022-03-29 14:42:14,540.49
2022-03-29 14:42:19,540.4020265676781
2022-03-29 14:42:24,540.27
2022-03-29 14:42:29,540.393332096251
2022-03-29 14:42:34,540.08
2022-03-29 14:42:39,540.384637624824
2022-03-29 14:42:44,539.92
2022-03-29 14:42:49,540.3759431533969
2022-03-29 14:42:54,539.7
2022-03-29 14:42:59,539.57
2022-03-29 14:43:04,540.3629014462563
2022-03-29 14:43:09,540.3585542105427
2022-03-29 14:43:14,539.34
2022-03-29 14:43:19,540.3498597391157
2022-03-29 14:43:24,540.3455125034021
2022-03-29 14:43:29,539.12
2022-03-29 14:43:34,539.02
2022-03-29 14:43:39,540.3324707962615
2022-03-29 14:43:44,540.328123560548
2022-03-29 14:43:49,540.3237763248344
2022-03-29 14:43:54,538.83
2022-03-29 14:43:59,540.3150818534074
2022-03-29 14:44:04,538.67
2022-03-29 14:44:09,538.61
2022-03-29 14:44:14,538.51
2022-03-29 14:44:19,538.51
2022-03-29 14:44:24,538.39
2022-03-29 14:44:29,538.32
2022-03-29 14:44:34,538.26
2022-03-29 14:44:39,538.22
2022-03-29 14:44:44,540.2759567319855
2022-03-29 14:44:49,538.03
2022-03-29 14:44:54,540.2672622605584
2022-03-29 14:44:59,537.93
2022-03-29 14:45:04,537.87
2022-03-29 14:45:09,540.2542205534178
2022-03-29 14:45:14,537.74
2022-03-29 14:45:19,537.71
2022-03-29 14:45:24,537.65
2022-03-29 14:45:29,537.65
2022-03-29 14:45:34,537.58
2022-03-29 14:45:39,537.52
2022-03-29 14:45:44,537.49
2022-03-29 14:45:49,537.49
2022-03-29 14:45:54,537.36
2022-03-29 14:45:59,537.36
2022-03-29 14:46:04,540.2064009605689
2022-03-29 14:46:09,540.2020537248553
2022-03-29 14:46:14,537.2
2022-03-29 14:46:19,537.13
2022-03-29 14:46:24,537.13
2022-03-29 14:46:29,537.0
2022-03-29 14:46:34,537.0
2022-03-29 14:46:39,536.91
2022-03-29 14:46:44,536.91
2022-03-29 14:46:49,536.78
2022-03-29 14:46:54,540.1629286034336
2022-03-29 14:46:59,540.15858136772
2022-03-29 14:47:04,540.1542341320064
2022-03-29 14:47:09,536.61
2022-03-29 14:47:14,536.49
2022-03-29 14:47:19,536.46
2022-03-29 14:47:24,536.39
2022-03-29 14:47:29,536.32
2022-03-29 14:47:34,536.19
2022-03-29 14:47:39,536.16
2022-03-29 14:47:44,536.16
2022-03-29 14:47:49,540.1151090105845
2022-03-29 14:47:54,540.1107617748711
2022-03-29 14:47:59,540.1064145391575
2022-03-29 14:48:04,535.87
2022-03-29 14:48:09,535.87
2022-03-29 14:48:14,535.8
2022-03-29 14:48:19,540.0890255963034
2022-03-29 14:48:24,535.74
2022-03-29 14:48:29,535.64
2022-03-29 14:48:34,540.0759838891628
2022-03-29 14:48:39,535.58
2022-03-29 14:48:44,535.51
2022-03-29 14:48:49,540.0629421820222
2022-03-29 14:48:54,535.44
2022-03-29 14:48:59,535.41
2022-03-29 14:49:04,540.0499004748815
2022-03-29 14:49:09,540.045553239168
2022-03-29 14:49:14,540.0412060034545
2022-03-29 14:49:19,535.22
2022-03-29 14:49:24,535.15
2022-03-29 14:49:29,535.15
2022-03-29 14:49:34,540.0238170606003
2022-03-29 14:49:39,535.05
2022-03-29 14:49:44,534.99
2022-03-29 14:49:49,534.99
2022-03-29 14:49:54,534.93
2022-03-29 14:49:59,540.0020808820326
2022-03-29 14:50:04,534.89
2022-03-29 14:50:09,539.9933864106056
2022-03-29 14:50:14,539.989039174892
2022-03-29 14:50:19,534.77
2022-03-29 14:50:24,534.7
2022-03-29 14:50:29,539.9759974677514
2022-03-29 14:50:34,534.64
2022-03-29 14:50:39,539.9673029963243
2022-03-29 14:50:44,534.61
2022-03-29 14:50:49,539.9586085248973
2022-03-29 14:50:54,534.54
2022-03-29 14:50:59,539.9499140534701
2022-03-29 14:51:04,539.9455668177567
2022-03-29 14:51:09,534.41
2022-03-29 14:51:14,534.41
2022-03-29 14:51:19,534.38
2022-03-29 14:51:24,534.32
2022-03-29 14:51:29,534.38
2022-03-29 14:51:34,540.0664074226265
2022-03-29 14:51:39,534.25
2022-03-29 14:51:44,534.19
2022-03-29 14:51:49,534.19
2022-03-29 14:51:54,534.19
2022-03-29 14:51:59,534.13
2022-03-29 14:52:04,540.1895847912205
2022-03-29 14:52:09,534.09
2022-03-29 14:52:14,534.03
2022-03-29 14:52:19,534.03
2022-03-29 14:52:24,534.03
2022-03-29 14:52:29,533.97
2022-03-29 14:52:34,533.97
2022-03-29 14:52:39,533.97
2022-03-29 14:52:44,533.9
2022-03-29 14:52:49,540.3743508441115
2022-03-29 14:52:54,540.3948804055437
2022-03-29 14:52:59,540.4154099669761
2022-03-29 14:53:04,540.4359395284084
2022-03-29 14:53:09,533.91
2022-03-29 14:53:14,533.88
2022-03-29 14:53:19,533.88
2022-03-29 14:53:24,540.5180577741377
2022-03-29 14:53:29,540.53858733557
2022-03-29 14:53:34,540.5591168970024
2022-03-29 14:53:39,540.5796464584347
2022-03-29 14:53:44,533.82
2022-03-29 14:53:49,540.6207055812994
2022-03-29 14:53:54,540.6412351427316
2022-03-29 14:53:59,533.82
2022-03-29 14:54:04,533.75
2022-03-29 14:54:09,533.75
2022-03-29 14:54:14,540.723353388461
2022-03-29 14:54:19,533.75
2022-03-29 14:54:24,533.75
2022-03-29 14:54:29,540.7849420727579
2022-03-29 14:54:34,533.75
2022-03-29 14:54:39,533.69
2022-03-29 14:54:44,533.69
2022-03-29 14:54:49,533.69
2022-03-29 14:54:54,533.62
2022-03-29 14:54:59,540.9081194413519
2022-03-29 14:55:04,533.62
2022-03-29 14:55:09,540.9491785642165
2022-03-29 14:55:14,533.62
2022-03-29 14:55:19,533.69
2022-03-29 14:55:24,541.0107672485135
2022-03-29 14:55:29,541.0312968099458
2022-03-29 14:55:34,541.0518263713782
2022-03-29 14:55:39,541.0723559328104
2022-03-29 14:55:44,541.0928854942429
2022-03-29 14:55:49,533.59
2022-03-29 14:55:54,533.59
2022-03-29 14:55:59,533.53
2022-03-29 14:56:04,533.53
2022-03-29 14:56:09,533.53
2022-03-29 14:56:14,533.53
2022-03-29 14:56:19,533.53
2022-03-29 14:56:24,533.46
2022-03-29 14:56:29,533.53
2022-03-29 14:56:34,533.46
2022-03-29 14:56:39,541.3187106699984
2022-03-29 14:56:44,533.46
2022-03-29 14:56:49,541.3597697928631
2022-03-29 14:56:54,533.46
2022-03-29 14:56:59,541.4008289157277
2022-03-29 14:57:04,533.39
2022-03-29 14:57:09,533.36
2022-03-29 14:57:14,533.36
2022-03-29 14:57:19,533.3
2022-03-29 14:57:24,541.5034767228893
2022-03-29 14:57:29,541.5240062843217
2022-03-29 14:57:34,541.5445358457539
2022-03-29 14:57:39,533.23
2022-03-29 14:57:44,533.17
2022-03-29 14:57:49,533.16
2022-03-29 14:57:54,533.16
2022-03-29 14:57:59,533.1
2022-03-29 14:58:04,541.6677132143478
2022-03-29 14:58:09,533.1
2022-03-29 14:58:14,533.07
2022-03-29 14:58:19,541.7293018986448
2022-03-29 14:58:24,533.06
2022-03-29 14:58:29,541.7703610215095
2022-03-29 14:58:34,533.0
2022-03-29 14:58:39,532.93
2022-03-29 14:58:44,532.93
2022-03-29 14:58:49,541.8524792672388
2022-03-29 14:58:54,541.8730088286711
2022-03-29 14:58:59,532.86
2022-03-29 14:59:04,532.84
2022-03-29 14:59:09,532.77
2022-03-29 14:59:14,532.83
2022-03-29 14:59:19,532.7
2022-03-29 14:59:24,532.7
2022-03-29 14:59:29,532.63
2022-03-29 14:59:34,532.64
2022-03-29 14:59:39,542.0577748815621
2022-03-29 14:59:44,532.57
2022-03-29 14:59:49,532.54
2022-03-29 14:59:54,532.54
2022-03-29 14:59:59,542.1398931272913
2022-03-29 15:00:04,532.41
2022-03-29 15:00:09,532.41
2022-03-29 15:00:14,532.35
2022-03-29 15:00:19,532.31
2022-03-29 15:00:24,542.242540934453
2022-03-29 15:00:29,542.2630704958852
2022-03-29 15:00:34,532.25
2022-03-29 15:00:39,542.3041296187499
2022-03-29 15:00:44,532.18
2022-03-29 15:00:49,532.06
2022-03-29 15:00:54,532.05
2022-03-29 15:00:59,532.06
2022-03-29 15:01:04,532.02
2022-03-29 15:01:09,532.02
2022-03-29 15:01:14,532.02
2022-03-29 15:01:19,532.02
2022-03-29 15:01:24,542.4888956716409
2022-03-29 15:01:29,542.5094252330732
2022-03-29 15:01:34,542.5299547945056
2022-03-29 15:01:39,542.5504843559379
2022-03-29 15:01:44,531.83
2022-03-29 15:01:49,531.8
2022-03-29 15:01:54,542.6120730402348
2022-03-29 15:01:59,531.74
2022-03-29 15:02:04,542.6531321630995
2022-03-29 15:02:09,531.67
2022-03-29 15:02:14,531.61
2022-03-29 15:02:19,531.54
2022-03-29 15:02:24,542.7352504088287
2022-03-29 15:02:29,531.51
2022-03-29 15:02:34,531.45
2022-03-29 15:02:39,531.39
2022-03-29 15:02:44,531.32
2022-03-29 15:02:49,542.8378982159904
2022-03-29 15:02:54,531.29
2022-03-29 15:02:59,531.23
2022-03-29 15:03:04,542.8994869002873
2022-03-29 15:03:09,531.1
2022-03-29 15:03:14,542.940546023152
2022-03-29 15:03:19,542.9610755845844
2022-03-29 15:03:24,530.94
2022-03-29 15:03:29,530.94
2022-03-29 15:03:34,530.82
2022-03-29 15:03:39,530.79
2022-03-29 15:03:44,530.72
2022-03-29 15:03:49,543.0842529531783
2022-03-29 15:03:54,530.59
2022-03-29 15:03:59,530.53
2022-03-29 15:04:04,543.1458416374753
2022-03-29 15:04:09,530.5
2022-03-29 15:04:14,530.44
2022-03-29 15:04:19,543.2074303217722
2022-03-29 15:04:24,543.2279598832046
2022-03-29 15:04:29,543.2484894446369
2022-03-29 15:04:34,530.28
2022-03-29 15:04:39,530.28
2022-03-29 15:04:44,530.22
2022-03-29 15:04:49,530.15
2022-03-29 15:04:54,530.09
2022-03-29 15:04:59,543.3716668132308
2022-03-29 15:05:04,543.3921963746632
2022-03-29 15:05:09,529.99
2022-03-29 15:05:14,529.93
2022-03-29 15:05:19,529.93
2022-03-29 15:05:24,543.3271909520739
2022-03-29 15:05:29,529.77
2022-03-29 15:05:34,543.2649096013844
2022-03-29 15:05:39,543.2337689260395
2022-03-29 15:05:44,529.64
2022-03-29 15:05:49,543.1714875753498
2022-03-29 15:05:54,543.140346900005
2022-03-29 15:05:59,529.58
2022-03-29 15:06:04,529.48
2022-03-29 15:06:09,529.48
2022-03-29 15:06:14,543.0157841986259
2022-03-29 15:06:19,542.984643523281
2022-03-29 15:06:24,542.9535028479362
2022-03-29 15:06:29,529.35
2022-03-29 15:06:34,529.29
2022-03-29 15:06:39,529.26
2022-03-29 15:06:44,529.26
2022-03-29 15:06:49,529.19
2022-03-29 15:06:54,542.7666587958673
2022-03-29 15:06:59,529.13
2022-03-29 15:07:04,529.13
2022-03-29 15:07:09,529.13
2022-03-29 15:07:14,529.13
2022-03-29 15:07:19,529.06
2022-03-29 15:07:24,529.06
2022-03-29 15:07:29,529.06
2022-03-29 15:07:34,529.06
2022-03-29 15:07:39,529.0
2022-03-29 15:07:44,529.0
2022-03-29 15:07:49,529.0
2022-03-29 15:07:54,529.06
2022-03-29 15:07:59,542.3618300163847
2022-03-29 15:08:04,529.12
2022-03-29 15:08:09,529.12
2022-03-29 15:08:14,529.19
2022-03-29 15:08:19,542.2372673150056
2022-03-29 15:08:24,542.2061266396609
2022-03-29 15:08:29,529.25
2022-03-29 15:08:34,529.35
2022-03-29 15:08:39,529.35
2022-03-29 15:08:44,529.48
2022-03-29 15:08:49,529.48
2022-03-29 15:08:54,529.51
2022-03-29 15:08:59,529.57
2022-03-29 15:09:04,541.9570012369023
2022-03-29 15:09:09,541.9258605615576
2022-03-29 15:09:14,529.76
2022-03-29 15:09:19,529.86
2022-03-29 15:09:24,529.86
2022-03-29 15:09:29,529.99
2022-03-29 15:09:34,541.7701571848335
2022-03-29 15:09:39,530.15
2022-03-29 15:09:44,541.7078758341438
2022-03-29 15:09:49,530.27
2022-03-29 15:09:54,530.31
2022-03-29 15:09:59,541.6144538081094
2022-03-29 15:10:04,530.5
2022-03-29 15:10:09,530.6
2022-03-29 15:10:14,541.5210317820749
2022-03-29 15:10:19,530.72
2022-03-29 15:10:24,530.82
2022-03-29 15:10:29,530.89
2022-03-29 15:10:34,531.01
2022-03-29 15:10:39,531.11
2022-03-29 15:10:44,531.18
2022-03-29 15:10:49,531.31
2022-03-29 15:10:54,531.4
2022-03-29 15:10:59,531.47
2022-03-29 15:11:04,541.209625028627
2022-03-29 15:11:09,541.178484353282
2022-03-29 15:11:14,531.82
2022-03-29 15:11:19,531.85
2022-03-29 15:11:24,541.0850623272476
2022-03-29 15:11:29,532.08
2022-03-29 15:11:34,532.21
2022-03-29 15:11:39,540.9916403012132
2022-03-29 15:11:44,540.9604996258685
2022-03-29 15:11:49,532.59
2022-03-29 15:11:54,532.72
2022-03-29 15:11:59,540.867077599834
2022-03-29 15:12:04,532.95
2022-03-29 15:12:09,533.08
2022-03-29 15:12:14,533.18
2022-03-29 15:12:19,540.7425148984547
2022-03-29 15:12:24,540.7113742231099
2022-03-29 15:12:29,533.59
2022-03-29 15:12:34,533.69
2022-03-29 15:12:39,540.6179521970755
2022-03-29 15:12:44,533.98
2022-03-29 15:12:49,534.11
2022-03-29 15:12:54,534.27
2022-03-29 15:12:59,540.4933894956963
2022-03-29 15:13:04,540.4622488203514
2022-03-29 15:13:09,534.66
2022-03-29 15:13:14,534.79
2022-03-29 15:13:19,540.368826794317
2022-03-29 15:13:24,535.08
2022-03-29 15:13:29,535.15
2022-03-29 15:13:34,535.31
2022-03-29 15:13:39,540.2442640929378
2022-03-29 15:13:44,535.54
2022-03-29 15:13:49,535.66
2022-03-29 15:13:54,535.76
2022-03-29 15:13:59,535.96
2022-03-29 15:14:04,535.99
2022-03-29 15:14:09,540.0574200408689
2022-03-29 15:14:14,536.28
2022-03-29 15:14:19,536.41
2022-03-29 15:14:24,536.57
2022-03-29 15:14:29,539.9328573394896
2022-03-29 15:14:34,539.9017166641448
2022-03-29 15:14:39,539.8705759888002
2022-03-29 15:14:44,536.99
2022-03-29 15:14:49,539.8082946381105
2022-03-29 15:14:54,537.21
2022-03-29 15:14:59,537.25
2022-03-29 15:15:04,539.7148726120761
2022-03-29 15:15:09,539.6837319367313
2022-03-29 15:15:14,537.54
2022-03-29 15:15:19,537.61
2022-03-29 15:15:24,539.5903099106969
2022-03-29 15:15:29,537.83
2022-03-29 15:15:34,539.5280285600072
2022-03-29 15:15:39,538.02
2022-03-29 15:15:44,538.06
2022-03-29 15:15:49,539.4346065339728
2022-03-29 15:15:54,538.18
2022-03-29 15:15:59,538.28
2022-03-29 15:16:04,538.35
2022-03-29 15:16:09,539.3100438325936
2022-03-29 15:16:14,539.2789031572487
2022-03-29 15:16:19,538.57
2022-03-29 15:16:24,538.7
2022-03-29 15:16:29,538.77
2022-03-29 15:16:34,539.1543404558695
2022-03-29 15:16:39,538.86
2022-03-29 15:16:44,538.86
2022-03-29 15:16:49,538.99
2022-03-29 15:16:54,539.0297777544902
2022-03-29 15:16:59,539.09
2022-03-29 15:17:04,539.15
2022-03-29 15:17:09,539.15
2022-03-29 15:17:14,539.28
2022-03-29 15:17:19,538.8740743777662
2022-03-29 15:17:24,538.8429337024213
2022-03-29 15:17:29,539.37
2022-03-29 15:17:34,539.44
2022-03-29 15:17:39,538.7495116763869
2022-03-29 15:17:44,539.44
2022-03-29 15:17:49,539.57
2022-03-29 15:17:54,538.6560896503524
2022-03-29 15:17:59,539.6
2022-03-29 15:18:04,539.6
2022-03-29 15:18:09,538.562667624318
2022-03-29 15:18:14,539.73
2022-03-29 15:18:19,539.79
2022-03-29 15:18:24,539.79
2022-03-29 15:18:29,538.4381049229389
2022-03-29 15:18:34,539.82
2022-03-29 15:18:39,539.89
2022-03-29 15:18:44,538.3446828969045
2022-03-29 15:18:49,540.01
2022-03-29 15:18:54,540.01
2022-03-29 15:18:59,540.08
2022-03-29 15:19:04,540.08
2022-03-29 15:19:09,540.11
2022-03-29 15:19:14,540.11
2022-03-29 15:19:19,540.17
2022-03-29 15:19:24,540.17
2022-03-29 15:19:29,540.17
2022-03-29 15:19:34,540.3
2022-03-29 15:19:39,540.3
2022-03-29 15:19:44,540.33
2022-03-29 15:19:49,540.39
2022-03-29 15:19:54,540.46
2022-03-29 15:19:59,540.46
2022-03-29 15:20:04,538.1064266522204
2022-03-29 15:20:09,540.52
2022-03-29 15:20:14,540.58
2022-03-29 15:20:19,538.0926870855536
2022-03-29 15:20:24,540.58
2022-03-29 15:20:29,540.58
2022-03-29 15:20:34,540.61
2022-03-29 15:20:39,538.0743676633311
2022-03-29 15:20:44,540.61
2022-03-29 15:20:49,538.0652079522199
2022-03-29 15:20:54,540.68
2022-03-29 15:20:59,540.68
2022-03-29 15:21:04,540.74
2022-03-29 15:21:09,540.68
2022-03-29 15:21:14,540.68
2022-03-29 15:21:19,540.68
2022-03-29 15:21:24,538.0331489633306
2022-03-29 15:21:29,538.0285691077751
2022-03-29 15:21:34,538.0239892522195
2022-03-29 15:21:39,540.68
2022-03-29 15:21:44,538.0148295411083
2022-03-29 15:21:49,540.61
2022-03-29 15:21:54,540.58
2022-03-29 15:21:59,540.58
2022-03-29 15:22:04,540.52
2022-03-29 15:22:09,537.9919302633302
2022-03-29 15:22:14,537.9873504077746
2022-03-29 15:22:19,540.39
2022-03-29 15:22:24,540.33
2022-03-29 15:22:29,540.29
2022-03-29 15:22:34,540.23
2022-03-29 15:22:39,540.17
2022-03-29 15:22:44,537.959871274441
2022-03-29 15:22:49,540.1
2022-03-29 15:22:54,540.0
2022-03-29 15:22:59,539.88
2022-03-29 15:23:04,539.81
2022-03-29 15:23:09,537.9369719966629
2022-03-29 15:23:14,539.72
2022-03-29 15:23:19,539.59
2022-03-29 15:23:24,537.9232324299961
2022-03-29 15:23:29,539.43
2022-03-29 15:23:34,539.37
2022-03-29 15:23:39,539.27
2022-03-29 15:23:44,537.9049130077736
2022-03-29 15:23:49,537.9003331522181
2022-03-29 15:23:54,537.8957532966624
2022-03-29 15:23:59,538.85
2022-03-29 15:24:04,538.76
2022-03-29 15:24:09,538.63
2022-03-29 15:24:14,537.87743387444
2022-03-29 15:24:19,538.4
2022-03-29 15:24:24,538.34
2022-03-29 15:24:29,538.18
2022-03-29 15:24:34,537.8591144522176
2022-03-29 15:24:39,537.96
2022-03-29 15:24:44,537.89
2022-03-29 15:24:49,537.8453748855508
2022-03-29 15:24:54,537.6
2022-03-29 15:24:59,537.51
2022-03-29 15:25:04,537.38
2022-03-29 15:25:09,537.8270554633283
2022-03-29 15:25:14,537.15
2022-03-29 15:25:19,537.03
2022-03-29 15:25:24,536.93
2022-03-29 15:25:29,536.8
2022-03-29 15:25:34,537.8041561855503
2022-03-29 15:25:39,536.71
2022-03-29 15:25:44,537.7949964744391
2022-03-29 15:25:49,536.48
2022-03-29 15:25:54,537.7858367633279
2022-03-29 15:25:59,536.35
2022-03-29 15:26:04,536.22
2022-03-29 15:26:09,536.19
2022-03-29 15:26:14,536.13
2022-03-29 15:26:19,536.0
2022-03-29 15:26:24,535.97
2022-03-29 15:26:29,535.84
2022-03-29 15:26:34,537.749197918883
2022-03-29 15:26:39,535.71
2022-03-29 15:26:44,535.61
2022-03-29 15:26:49,537.7354583522161
2022-03-29 15:26:54,537.7308784966606
2022-03-29 15:26:59,535.45
2022-03-29 15:27:04,535.38
2022-03-29 15:27:09,535.32
2022-03-29 15:27:14,535.25
2022-03-29 15:27:19,535.19
2022-03-29 15:27:24,535.16
2022-03-29 15:27:29,535.09
2022-03-29 15:27:34,537.6942396522157
2022-03-29 15:27:39,537.6896597966601
2022-03-29 15:27:44,537.6850799411045
2022-03-29 15:27:49,537.6805000855489
2022-03-29 15:27:54,537.6759202299933
2022-03-29 15:27:59,534.87
2022-03-29 15:28:04,534.8
2022-03-29 15:28:09,537.6621806633265
2022-03-29 15:28:14,534.74
2022-03-29 15:28:19,534.68
2022-03-29 15:28:24,534.67
2022-03-29 15:28:29,534.64
2022-03-29 15:28:34,537.6392813855484
2022-03-29 15:28:39,534.57
2022-03-29 15:28:44,537.6301216744372
2022-03-29 15:28:49,534.57
2022-03-29 15:28:54,534.57
2022-03-29 15:28:59,534.64
2022-03-29 15:29:04,534.64
2022-03-29 15:29:09,537.6072223966592
2022-03-29 15:29:14,534.64
2022-03-29 15:29:19,534.64
2022-03-29 15:29:24,534.67
2022-03-29 15:29:29,534.67
2022-03-29 15:29:34,534.73
2022-03-29 15:29:39,534.73
2022-03-29 15:29:44,534.73
2022-03-29 15:29:49,534.86
2022-03-29 15:29:54,534.86
2022-03-29 15:29:59,537.5614238411031
2022-03-29 15:30:04,534.95
2022-03-29 15:30:09,537.5522641299918
2022-03-29 15:30:14,537.5476842744363
2022-03-29 15:30:19,537.5431044188807
2022-03-29 15:30:24,537.538524563325
2022-03-29 15:30:29,535.31
2022-03-29 15:30:34,535.43
2022-03-29 15:30:39,537.5247849966582
2022-03-29 15:30:44,537.5202051411027
2022-03-29 15:30:49,535.66
2022-03-29 15:30:54,535.75
2022-03-29 15:30:59,535.82
2022-03-29 15:31:04,537.5018857188802
2022-03-29 15:31:09,537.4973058633245
2022-03-29 15:31:14,537.492726007769
2022-03-29 15:31:19,537.4881461522134
2022-03-29 15:31:24,536.2
2022-03-29 15:31:29,536.33
2022-03-29 15:31:34,536.46
2022-03-29 15:31:39,536.62
2022-03-29 15:31:44,536.72
2022-03-29 15:31:49,536.85
2022-03-29 15:31:54,537.4560871633241
2022-03-29 15:31:59,537.07
2022-03-29 15:32:04,537.2
2022-03-29 15:32:09,537.36
2022-03-29 15:32:14,537.49
2022-03-29 15:32:19,537.65
2022-03-29 15:32:24,537.75
2022-03-29 15:32:29,537.4240281744349
2022-03-29 15:32:34,537.4194483188793
2022-03-29 15:32:39,538.27
2022-03-29 15:32:44,538.39
2022-03-29 15:32:49,538.53
2022-03-29 15:32:54,537.4011288966568
2022-03-29 15:32:59,538.85
2022-03-29 15:33:04,538.98
2022-03-29 15:33:09,539.14
2022-03-29 15:33:14,537.3828094744345
2022-03-29 15:33:19,539.49
2022-03-29 15:33:24,539.59
2022-03-29 15:33:29,537.3419314057113
2022-03-29 15:33:34,539.95
2022-03-29 15:33:39,537.3013966390555
2022-03-29 15:33:44,537.2811292557276
2022-03-29 15:33:49,540.4
2022-03-29 15:33:54,540.59
2022-03-29 15:33:59,537.2203271057436
2022-03-29 15:34:04,537.2000597224157
2022-03-29 15:34:09,537.1797923390878
2022-03-29 15:34:14,537.1595249557598
2022-03-29 15:34:19,537.1392575724319
2022-03-29 15:34:24,541.49
2022-03-29 15:34:29,537.0987228057761
2022-03-29 15:34:34,541.78
2022-03-29 15:34:39,541.88
2022-03-29 15:34:44,542.07
2022-03-29 15:34:49,542.17
2022-03-29 15:34:54,542.3
2022-03-29 15:34:59,542.4
2022-03-29 15:35:04,542.59
2022-03-29 15:35:09,542.69
2022-03-29 15:35:14,542.82
2022-03-29 15:35:19,542.91
2022-03-29 15:35:24,536.8757815891689
2022-03-29 15:35:29,543.05
2022-03-29 15:35:34,543.17
2022-03-29 15:35:39,543.27
2022-03-29 15:35:44,536.7947120558571
2022-03-29 15:35:49,543.4
2022-03-29 15:35:54,543.43
2022-03-29 15:35:59,536.7339099058732
2022-03-29 15:36:04,543.56
2022-03-29 15:36:09,536.6933751392174
2022-03-29 15:36:14,543.56
2022-03-29 15:36:19,543.63
2022-03-29 15:36:24,543.63
2022-03-29 15:36:29,543.63
2022-03-29 15:36:34,543.69
2022-03-29 15:36:39,543.69
2022-03-29 15:36:44,536.5515034559219
2022-03-29 15:36:49,543.72
2022-03-29 15:36:54,543.72
2022-03-29 15:36:59,543.72
2022-03-29 15:37:04,543.72
2022-03-29 15:37:09,543.69
2022-03-29 15:37:14,536.4298991559543
2022-03-29 15:37:19,536.4096317726264
2022-03-29 15:37:24,543.69
2022-03-29 15:37:29,543.63
2022-03-29 15:37:34,543.63
2022-03-29 15:37:39,536.3285622393146
2022-03-29 15:37:44,543.5
2022-03-29 15:37:49,536.2880274726588
2022-03-29 15:37:54,536.2677600893309
2022-03-29 15:37:59,536.247492706003
2022-03-29 15:38:04,536.227225322675
2022-03-29 15:38:09,536.206957939347
2022-03-29 15:38:14,543.2
2022-03-29 15:38:19,536.1664231726911
2022-03-29 15:38:24,536.1461557893632
2022-03-29 15:38:29,543.11
2022-03-29 15:38:34,536.1056210227073
2022-03-29 15:38:39,542.98
2022-03-29 15:38:44,536.0650862560516
2022-03-29 15:38:49,542.91
2022-03-29 15:38:54,542.88
2022-03-29 15:38:59,542.81
2022-03-29 15:39:04,542.75
2022-03-29 15:39:09,542.68
2022-03-29 15:39:14,542.65
2022-03-29 15:39:19,542.59
2022-03-29 15:39:24,535.902947189428
2022-03-29 15:39:29,542.45
2022-03-29 15:39:34,535.8624124227722
2022-03-29 15:39:39,535.8421450394443
2022-03-29 15:39:44,535.8218776561164
2022-03-29 15:39:49,542.16
2022-03-29 15:39:54,542.06
2022-03-29 15:39:59,535.7610755061326
2022-03-29 15:40:04,541.93
2022-03-29 15:40:09,541.87
2022-03-29 15:40:14,541.77
2022-03-29 15:40:19,541.7
2022-03-29 15:40:24,541.64
2022-03-29 15:40:29,541.61
2022-03-29 15:40:34,541.48
2022-03-29 15:40:39,541.48
2022-03-29 15:40:44,541.35
2022-03-29 15:40:49,535.5584016728532
2022-03-29 15:40:54,541.25
2022-03-29 15:40:59,541.19
2022-03-29 15:41:04,535.4975995228693
2022-03-29 15:41:09,541.03
2022-03-29 15:41:14,540.96
2022-03-29 15:41:19,535.4367973728856
2022-03-29 15:41:24,540.9
2022-03-29 15:41:29,540.8
2022-03-29 15:41:34,540.74
2022-03-29 15:41:39,540.61
2022-03-29 15:41:44,540.51
2022-03-29 15:41:49,540.51
2022-03-29 15:41:54,540.45
2022-03-29 15:41:59,540.32
2022-03-29 15:42:04,540.29
2022-03-29 15:42:09,540.22
2022-03-29 15:42:14,540.16
2022-03-29 15:42:19,540.09
2022-03-29 15:42:24,535.1733213896225
2022-03-29 15:42:29,535.1530540062945
2022-03-29 15:42:34,539.93
2022-03-29 15:42:39,539.87
2022-03-29 15:42:44,535.0922518563107
2022-03-29 15:42:49,539.71
2022-03-29 15:42:54,535.0517170896549
2022-03-29 15:42:59,539.58
2022-03-29 15:43:04,539.48
2022-03-29 15:43:09,539.48
2022-03-29 15:43:14,539.35
2022-03-29 15:43:19,539.29
2022-03-29 15:43:24,539.26
2022-03-29 15:43:29,539.13
2022-03-29 15:43:34,539.07
2022-03-29 15:43:39,538.97
2022-03-29 15:43:44,538.9
2022-03-29 15:43:49,538.84
2022-03-29 15:43:54,538.78
2022-03-29 15:43:59,538.75
2022-03-29 15:44:04,538.68
2022-03-29 15:44:09,538.55
2022-03-29 15:44:14,538.52
2022-03-29 15:44:19,534.70717157308
2022-03-29 15:44:24,534.686904189752
2022-03-29 15:44:29,534.6666368064241
2022-03-29 15:44:34,534.6463694230962
2022-03-29 15:44:39,538.23
2022-03-29 15:44:44,538.17
2022-03-29 15:44:49,538.1
2022-03-29 15:44:54,538.04
2022-03-29 15:44:59,534.5450325064566
2022-03-29 15:45:04,537.95
2022-03-29 15:45:09,534.5044977398006
2022-03-29 15:45:14,534.4842303564727
2022-03-29 15:45:19,537.82
2022-03-29 15:45:24,537.75
2022-03-29 15:45:29,534.423428206489
2022-03-29 15:45:34,537.72
2022-03-29 15:45:39,537.72
2022-03-29 15:45:44,537.66
2022-03-29 15:45:49,534.3423586731772
2022-03-29 15:45:54,537.53
2022-03-29 15:45:59,537.5
2022-03-29 15:46:04,537.43
2022-03-29 15:46:09,537.43
2022-03-29 15:46:14,537.43
2022-03-29 15:46:19,537.37
2022-03-29 15:46:24,537.3
2022-03-29 15:46:29,537.3
2022-03-29 15:46:34,537.24
2022-03-29 15:46:39,537.21
2022-03-29 15:46:44,537.21
2022-03-29 15:46:49,537.14
2022-03-29 15:46:54,537.08
2022-03-29 15:46:59,537.08
2022-03-29 15:47:04,537.08
2022-03-29 15:47:09,534.0180805399303
2022-03-29 15:47:14,537.02
2022-03-29 15:47:19,537.08
2022-03-29 15:47:24,537.01
2022-03-29 15:47:29,533.9510479024007
2022-03-29 15:47:34,536.98
2022-03-29 15:47:39,536.98
2022-03-29 15:47:44,536.98
2022-03-29 15:47:49,533.9536268092595
2022-03-29 15:47:54,536.98
2022-03-29 15:47:59,536.98
2022-03-29 15:48:04,537.01
2022-03-29 15:48:09,537.01
2022-03-29 15:48:14,533.9568504428332
2022-03-29 15:48:19,537.01
2022-03-29 15:48:24,537.14
2022-03-29 15:48:29,537.14
2022-03-29 15:48:34,537.14
2022-03-29 15:48:39,537.2
2022-03-29 15:48:44,533.9607188031216
2022-03-29 15:48:49,537.23
2022-03-29 15:48:54,537.29
2022-03-29 15:48:59,537.29
2022-03-29 15:49:04,533.9632977099805
2022-03-29 15:49:09,533.9639424366952
2022-03-29 15:49:14,533.9645871634099
2022-03-29 15:49:19,537.49
2022-03-29 15:49:24,533.9658766168394
2022-03-29 15:49:29,537.58
2022-03-29 15:49:34,537.65
2022-03-29 15:49:39,533.9678107969836
2022-03-29 15:49:44,533.9684555236983
2022-03-29 15:49:49,533.969100250413
2022-03-29 15:49:54,533.9697449771278
2022-03-29 15:49:59,533.9703897038424
2022-03-29 15:50:04,537.93
2022-03-29 15:50:09,537.99
2022-03-29 15:50:14,538.03
2022-03-29 15:50:19,533.9729686107014
2022-03-29 15:50:24,533.973613337416
2022-03-29 15:50:29,538.15
2022-03-29 15:50:34,538.22
2022-03-29 15:50:39,538.25
2022-03-29 15:50:44,538.31
2022-03-29 15:50:49,538.31
2022-03-29 15:50:54,538.37
2022-03-29 15:50:59,538.44
2022-03-29 15:51:04,538.5
2022-03-29 15:51:09,538.54
2022-03-29 15:51:14,538.6
2022-03-29 15:51:19,533.9807053312782
2022-03-29 15:51:24,533.9813500579928
2022-03-29 15:51:29,533.9819947847076
2022-03-29 15:51:34,538.77
2022-03-29 15:51:39,538.77
2022-03-29 15:51:44,538.76
2022-03-29 15:51:49,538.83
2022-03-29 15:51:54,538.83
2022-03-29 15:51:59,533.985863144996
2022-03-29 15:52:04,538.96
2022-03-29 15:52:09,538.96
2022-03-29 15:52:14,539.02
2022-03-29 15:52:19,539.02
2022-03-29 15:52:24,533.9890867785696
2022-03-29 15:52:29,539.06
2022-03-29 15:52:34,539.12
2022-03-29 15:52:39,539.18
2022-03-29 15:52:44,539.18
2022-03-29 15:52:49,539.25
2022-03-29 15:52:54,533.992955138858
2022-03-29 15:52:59,539.28
2022-03-29 15:53:04,539.35
2022-03-29 15:53:09,533.9948893190021
2022-03-29 15:53:14,533.9955340457168
2022-03-29 15:53:19,539.41
2022-03-29 15:53:24,533.9968234991463
2022-03-29 15:53:29,533.997468225861
2022-03-29 15:53:34,539.54
2022-03-29 15:53:39,539.48
2022-03-29 15:53:44,539.55
2022-03-29 15:53:49,534.0000471327199
2022-03-29 15:53:54,539.65
2022-03-29 15:53:59,539.65
2022-03-29 15:54:04,534.0019813128641
2022-03-29 15:54:09,539.65
2022-03-29 15:54:14,534.0032707662936
2022-03-29 15:54:19,534.0039154930083
2022-03-29 15:54:24,539.78
2022-03-29 15:54:29,539.78
2022-03-29 15:54:34,539.78
2022-03-29 15:54:39,539.78
2022-03-29 15:54:44,534.0071391265819
2022-03-29 15:54:49,539.81
2022-03-29 15:54:54,534.0084285800114
2022-03-29 15:54:59,539.88
2022-03-29 15:55:04,534.0097180334409
2022-03-29 15:55:09,534.0103627601555
2022-03-29 15:55:14,539.82
2022-03-29 15:55:19,534.0116522135851
2022-03-29 15:55:24,539.82
2022-03-29 15:55:29,534.0129416670145
2022-03-29 15:55:34,539.82
2022-03-29 15:55:39,539.79
2022-03-29 15:55:44,539.79
2022-03-29 15:55:49,534.0155205738733
2022-03-29 15:55:54,539.79
2022-03-29 15:55:59,534.0168100273029
2022-03-29 15:56:04,539.73
2022-03-29 15:56:09,539.73
2022-03-29 15:56:14,539.66
2022-03-29 15:56:19,534.0193889341617
2022-03-29 15:56:24,534.0200336608765
2022-03-29 15:56:29,539.66
2022-03-29 15:56:34,539.66
2022-03-29 15:56:39,534.0219678410207
2022-03-29 15:56:44,539.57
2022-03-29 15:56:49,539.6
2022-03-29 15:56:54,539.57
2022-03-29 15:56:59,539.57
2022-03-29 15:57:04,539.57
2022-03-29 15:57:09,539.6
2022-03-29 15:57:14,539.51
2022-03-29 15:57:19,539.57
2022-03-29 15:57:24,539.51
2022-03-29 15:57:29,539.51
2022-03-29 15:57:34,539.51
2022-03-29 15:57:39,534.0297045615974
2022-03-29 15:57:44,534.0303492883121
2022-03-29 15:57:49,539.38
2022-03-29 15:57:54,539.38
2022-03-29 15:57:59,534.0322834684563
2022-03-29 15:58:04,534.032928195171
2022-03-29 15:58:09,534.0335729218858
2022-03-29 15:58:14,539.28
2022-03-29 15:58:19,539.22
2022-03-29 15:58:24,539.22
2022-03-29 15:58:29,539.15
2022-03-29 15:58:34,539.15
2022-03-29 15:58:39,539.09
2022-03-29 15:58:44,539.05
2022-03-29 15:58:49,539.05
2022-03-29 15:58:54,538.99
2022-03-29 15:58:59,538.86
2022-03-29 15:59:04,538.8
2022-03-29 15:59:09,538.8
2022-03-29 15:59:14,538.76
2022-03-29 15:59:19,534.042599095892
2022-03-29 15:59:24,538.63
2022-03-29 15:59:29,538.57
2022-03-29 15:59:34,538.54
2022-03-29 15:59:39,534.0451780027508
2022-03-29 15:59:44,534.0458227294656
2022-03-29 15:59:49,534.0464674561804
2022-03-29 15:59:54,534.047112182895
2022-03-29 15:59:59,534.0477569096098
2022-03-29 16:00:04,538.18
2022-03-29 16:00:09,538.11
2022-03-29 16:00:14,538.05
2022-03-29 16:00:19,534.0503358164686
2022-03-29 16:00:24,537.95
2022-03-29 16:00:29,534.0516252698982
2022-03-29 16:00:34,534.0522699966128
2022-03-29 16:00:39,534.0529147233276
2022-03-29 16:00:44,537.72
2022-03-29 16:00:49,537.59
2022-03-29 16:00:54,537.53
2022-03-29 16:00:59,537.43
2022-03-29 16:01:04,537.43
2022-03-29 16:01:09,537.3
2022-03-29 16:01:14,534.0574278103308
2022-03-29 16:01:19,534.0580725370454
2022-03-29 16:01:24,537.14
2022-03-29 16:01:29,537.08
2022-03-29 16:01:34,537.01
2022-03-29 16:01:39,536.92
2022-03-29 16:01:44,536.92
2022-03-29 16:01:49,534.1448946333226
2022-03-29 16:01:54,536.72
2022-03-29 16:01:59,536.73
2022-03-29 16:02:04,536.63
2022-03-29 16:02:09,534.2393248058157
2022-03-29 16:02:14,534.2629323489391
2022-03-29 16:02:19,534.2865398920625
2022-03-29 16:02:24,536.34
2022-03-29 16:02:29,536.27
2022-03-29 16:02:34,536.21
2022-03-29 16:02:39,534.3809700645558
2022-03-29 16:02:44,536.11
2022-03-29 16:02:49,536.05
2022-03-29 16:02:54,535.99
2022-03-29 16:02:59,535.95
2022-03-29 16:03:04,535.83
2022-03-29 16:03:09,534.5226153232956
2022-03-29 16:03:14,535.7
2022-03-29 16:03:19,535.67
2022-03-29 16:03:24,535.6
2022-03-29 16:03:29,535.54
2022-03-29 16:03:34,535.44
2022-03-29 16:03:39,534.6642605820355
2022-03-29 16:03:44,535.32
2022-03-29 16:03:49,534.711475668282
2022-03-29 16:03:54,535.15
2022-03-29 16:03:59,535.03
2022-03-29 16:04:04,534.7822982976519
2022-03-29 16:04:09,534.87
2022-03-29 16:04:14,534.87
2022-03-29 16:04:19,534.8531209270219
2022-03-29 16:04:24,534.64
2022-03-29 16:04:29,534.64
2022-03-29 16:04:34,534.9239435563919
2022-03-29 16:04:39,534.45
2022-03-29 16:04:44,534.45
2022-03-29 16:04:49,534.36
2022-03-29 16:04:54,535.0183737288851
2022-03-29 16:04:59,535.0419812720083
2022-03-29 16:05:04,534.13
2022-03-29 16:05:09,534.07
2022-03-29 16:05:14,534.0
2022-03-29 16:05:19,533.94
2022-03-29 16:05:24,533.84
2022-03-29 16:05:29,535.1836265307483
2022-03-29 16:05:34,533.65
2022-03-29 16:05:39,533.62
2022-03-29 16:05:44,535.2544491601182
2022-03-29 16:05:49,533.43
2022-03-29 16:05:54,533.39
2022-03-29 16:05:59,535.325271789488
2022-03-29 16:06:04,533.27
2022-03-29 16:06:09,533.14
2022-03-29 16:06:14,535.396094418858
2022-03-29 16:06:19,533.11
2022-03-29 16:06:24,533.04
2022-03-29 16:06:29,532.91
2022-03-29 16:06:34,532.88
2022-03-29 16:06:39,532.82
2022-03-29 16:06:44,532.69
2022-03-29 16:06:49,535.5613472207212
2022-03-29 16:06:54,532.62
2022-03-29 16:06:59,532.53
2022-03-29 16:07:04,532.53
2022-03-29 16:07:09,535.6557773932144
2022-03-29 16:07:14,532.37
2022-03-29 16:07:19,532.3
2022-03-29 16:07:24,532.3
2022-03-29 16:07:29,532.17
2022-03-29 16:07:34,532.11
2022-03-29 16:07:39,535.7974226519543
2022-03-29 16:07:44,532.07
2022-03-29 16:07:49,532.01
2022-03-29 16:07:54,535.8682452813242
2022-03-29 16:07:59,531.88
2022-03-29 16:08:04,535.9154603675709
2022-03-29 16:08:09,531.85
2022-03-29 16:08:14,535.9626754538175
2022-03-29 16:08:19,531.78
2022-03-29 16:08:24,531.78
2022-03-29 16:08:29,536.0334980831875
2022-03-29 16:08:34,531.72
2022-03-29 16:08:39,531.72
2022-03-29 16:08:44,531.72
2022-03-29 16:08:49,536.1279282556807
2022-03-29 16:08:54,531.59
2022-03-29 16:08:59,531.59
2022-03-29 16:09:04,536.1987508850506
2022-03-29 16:09:09,531.59
2022-03-29 16:09:14,536.2459659712972
2022-03-29 16:09:19,531.55
2022-03-29 16:09:24,536.293181057544
2022-03-29 16:09:29,536.3167886006672
2022-03-29 16:09:34,531.49
2022-03-29 16:09:39,531.49
2022-03-29 16:09:44,536.3876112300371
2022-03-29 16:09:49,531.42
2022-03-29 16:09:54,531.49
2022-03-29 16:09:59,536.458433859407
2022-03-29 16:10:04,531.42
2022-03-29 16:10:09,531.49
2022-03-29 16:10:14,531.48
2022-03-29 16:10:19,531.55
2022-03-29 16:10:24,536.5764715750237
2022-03-29 16:10:29,531.55
2022-03-29 16:10:34,531.55
2022-03-29 16:10:39,536.6472942043936
2022-03-29 16:10:44,531.54
2022-03-29 16:10:49,531.57
2022-03-29 16:10:54,531.57
2022-03-29 16:10:59,531.64
2022-03-29 16:11:04,536.7653319200101
2022-03-29 16:11:09,531.64
2022-03-29 16:11:14,531.7
2022-03-29 16:11:19,531.7
2022-03-29 16:11:24,536.8597620925034
2022-03-29 16:11:29,531.77
2022-03-29 16:11:34,531.83
2022-03-29 16:11:39,531.83
2022-03-29 16:11:44,531.86
2022-03-29 16:11:49,536.9777998081199
2022-03-29 16:11:54,531.93
2022-03-29 16:11:59,531.93
2022-03-29 16:12:04,532.0
2022-03-29 16:12:09,531.99
2022-03-29 16:12:14,532.06
2022-03-29 16:12:19,537.1194450668597
2022-03-29 16:12:24,532.09
2022-03-29 16:12:29,532.22
2022-03-29 16:12:34,532.29
2022-03-29 16:12:39,532.28
2022-03-29 16:12:44,532.35
2022-03-29 16:12:49,532.35
2022-03-29 16:12:54,532.45
2022-03-29 16:12:59,537.3083054118462
2022-03-29 16:13:04,537.3319129549695
2022-03-29 16:13:09,532.58
2022-03-29 16:13:14,532.61
2022-03-29 16:13:19,532.67
2022-03-29 16:13:24,537.4263431274628
2022-03-29 16:13:29,532.81
2022-03-29 16:13:34,532.81
2022-03-29 16:13:39,537.4971657568327
2022-03-29 16:13:44,532.9
2022-03-29 16:13:49,532.97
2022-03-29 16:13:54,533.03
2022-03-29 16:13:59,533.1
2022-03-29 16:14:04,537.6152034724493
2022-03-29 16:14:09,537.6388110155725
2022-03-29 16:14:14,537.6624185586959
2022-03-29 16:14:19,533.26
2022-03-29 16:14:24,537.7096336449425
2022-03-29 16:14:29,537.7332411880659
2022-03-29 16:14:34,533.42
2022-03-29 16:14:39,537.7804562743124
2022-03-29 16:14:44,533.55
2022-03-29 16:14:49,533.62
2022-03-29 16:14:54,537.8512789036823
2022-03-29 16:14:59,533.71
2022-03-29 16:15:04,533.78
2022-03-29 16:15:09,533.85
2022-03-29 16:15:14,533.91
2022-03-29 16:15:19,533.94
2022-03-29 16:15:24,534.01
2022-03-29 16:15:29,538.0165317055456
2022-03-29 16:15:34,534.14
2022-03-29 16:15:39,534.17
2022-03-29 16:15:44,538.0493026510412
2022-03-29 16:15:49,538.0484210122254
2022-03-29 16:15:54,534.3
2022-03-29 16:15:59,534.36
2022-03-29 16:16:04,538.0457760957778
2022-03-29 16:16:09,534.46
2022-03-29 16:16:14,534.46
2022-03-29 16:16:19,538.0431311793302
2022-03-29 16:16:24,534.59
2022-03-29 16:16:29,534.65
2022-03-29 16:16:34,534.65
2022-03-29 16:16:39,538.0396046240667
2022-03-29 16:16:44,534.69
2022-03-29 16:16:49,534.75
2022-03-29 16:16:54,534.82
2022-03-29 16:16:59,534.88
2022-03-29 16:17:04,538.0351964299874
2022-03-29 16:17:09,538.0343147911715
2022-03-29 16:17:14,538.0334331523557
2022-03-29 16:17:19,535.1
2022-03-29 16:17:24,535.11
2022-03-29 16:17:29,535.17
2022-03-29 16:17:34,535.2
2022-03-29 16:17:39,538.0290249582763
2022-03-29 16:17:44,535.39
2022-03-29 16:17:49,535.39
2022-03-29 16:17:54,538.0263800418287
2022-03-29 16:17:59,535.46
2022-03-29 16:18:04,535.55
2022-03-29 16:18:09,535.62
2022-03-29 16:18:14,535.68
2022-03-29 16:18:19,535.68
2022-03-29 16:18:24,535.71
2022-03-29 16:18:29,538.0202085701177
2022-03-29 16:18:34,535.84
2022-03-29 16:18:39,535.91
2022-03-29 16:18:44,535.91
2022-03-29 16:18:49,538.0166820148542
2022-03-29 16:18:54,536.06
2022-03-29 16:18:59,538.0149187372225
2022-03-29 16:19:04,536.13
2022-03-29 16:19:09,536.13
2022-03-29 16:19:14,536.19
2022-03-29 16:19:19,536.23
2022-03-29 16:19:24,536.22
2022-03-29 16:19:29,536.22
2022-03-29 16:19:34,536.29
2022-03-29 16:19:39,536.29
2022-03-29 16:19:44,538.0069839878796
2022-03-29 16:19:49,538.0061023490638
2022-03-29 16:19:54,536.41
2022-03-29 16:19:59,538.004339071432
2022-03-29 16:20:04,536.41
2022-03-29 16:20:09,538.0025757938004
2022-03-29 16:20:14,536.48
2022-03-29 16:20:19,538.0008125161686
2022-03-29 16:20:24,537.9999308773528
2022-03-29 16:20:29,536.51
2022-03-29 16:20:34,537.998167599721
2022-03-29 16:20:39,536.51
2022-03-29 16:20:44,537.9964043220892
2022-03-29 16:20:49,536.47
2022-03-29 16:20:54,536.51
2022-03-29 16:20:59,537.9937594056416
2022-03-29 16:21:04,536.51
2022-03-29 16:21:09,536.5
2022-03-29 16:21:14,536.57
2022-03-29 16:21:19,536.57
2022-03-29 16:21:24,537.9893512115623
2022-03-29 16:21:29,537.9884695727465
2022-03-29 16:21:34,536.57
2022-03-29 16:21:39,536.63
2022-03-29 16:21:44,536.64
2022-03-29 16:21:49,536.63
2022-03-29 16:21:54,537.9840613786671
2022-03-29 16:21:59,536.73
2022-03-29 16:22:04,536.73
2022-03-29 16:22:09,536.7
2022-03-29 16:22:14,536.7
2022-03-29 16:22:19,537.9796531845877
2022-03-29 16:22:24,536.73
2022-03-29 16:22:29,537.9778899069561
2022-03-29 16:22:34,536.73
2022-03-29 16:22:39,537.9761266293243
2022-03-29 16:22:44,536.8
2022-03-29 16:22:49,537.9743633516925
2022-03-29 16:22:54,537.9734817128767
2022-03-29 16:22:59,537.9726000740609
2022-03-29 16:23:04,536.86
2022-03-29 16:23:09,536.8
2022-03-29 16:23:14,537.9699551576132
2022-03-29 16:23:19,536.73
2022-03-29 16:23:24,537.9681918799815
2022-03-29 16:23:29,536.73
2022-03-29 16:23:34,537.9664286023498
2022-03-29 16:23:39,536.8
2022-03-29 16:23:44,537.964665324718
2022-03-29 16:23:49,537.9637836859022
2022-03-29 16:23:54,536.8
2022-03-29 16:23:59,537.9620204082704
2022-03-29 16:24:04,536.81
2022-03-29 16:24:09,537.9602571306388
2022-03-29 16:24:14,536.8
2022-03-29 16:24:19,537.958493853007
2022-03-29 16:24:24,536.81
2022-03-29 16:24:29,536.74
2022-03-29 16:24:34,537.9558489365594
2022-03-29 16:24:39,537.9549672977435
2022-03-29 16:24:44,536.74
2022-03-29 16:24:49,536.74
2022-03-29 16:24:54,536.75
2022-03-29 16:24:59,536.81
2022-03-29 16:25:04,537.9505591036642
2022-03-29 16:25:09,536.88
2022-03-29 16:25:14,537.9487958260324
2022-03-29 16:25:19,536.81
2022-03-29 16:25:24,537.9470325484007
2022-03-29 16:25:29,536.81
2022-03-29 16:25:34,537.945269270769
2022-03-29 16:25:39,537.9443876319531
2022-03-29 16:25:44,536.82
2022-03-29 16:25:49,536.82
2022-03-29 16:25:54,537.9417427155055
2022-03-29 16:25:59,536.75
2022-03-29 16:26:04,537.9399794378737
2022-03-29 16:26:09,537.9390977990579
2022-03-29 16:26:14,536.72
2022-03-29 16:26:19,537.9373345214261
2022-03-29 16:26:24,536.66
2022-03-29 16:26:29,537.9355712437945
2022-03-29 16:26:34,537.9346896049785
2022-03-29 16:26:39,536.53
2022-03-29 16:26:44,536.53
2022-03-29 16:26:49,536.53
2022-03-29 16:26:54,537.9311630497151
2022-03-29 16:26:59,537.9302814108993
2022-03-29 16:27:04,536.37
2022-03-29 16:27:09,536.37
2022-03-29 16:27:14,536.37
2022-03-29 16:27:19,537.9267548556357
2022-03-29 16:27:24,536.31
2022-03-29 16:27:29,536.24
2022-03-29 16:27:34,536.21
2022-03-29 16:27:39,536.21
2022-03-29 16:27:44,537.9223466615564
2022-03-29 16:27:49,537.9214650227406
2022-03-29 16:27:54,536.02
2022-03-29 16:27:59,535.99
2022-03-29 16:28:04,535.99
2022-03-29 16:28:09,535.98
2022-03-29 16:28:14,535.86
2022-03-29 16:28:19,535.79
2022-03-29 16:28:24,535.73
2022-03-29 16:28:29,537.9144119122136
2022-03-29 16:28:34,535.63
2022-03-29 16:28:39,535.57
2022-03-29 16:28:44,535.5
2022-03-29 16:28:49,537.9108853569502
2022-03-29 16:28:54,537.9100037181342
2022-03-29 16:28:59,535.34
2022-03-29 16:29:04,535.28
2022-03-29 16:29:09,535.18
2022-03-29 16:29:14,535.18
2022-03-29 16:29:19,535.04
2022-03-29 16:29:24,537.9047138852391
2022-03-29 16:29:29,537.9038322464232
2022-03-29 16:29:34,537.9029506076074
2022-03-29 16:29:39,534.89
2022-03-29 16:29:44,534.82
2022-03-29 16:29:49,534.76
2022-03-29 16:29:54,534.69
2022-03-29 16:29:59,534.69
2022-03-29 16:30:04,534.66
2022-03-29 16:30:09,534.66
2022-03-29 16:30:14,534.6
2022-03-29 16:30:19,534.53
2022-03-29 16:30:24,534.46
2022-03-29 16:30:29,534.47
2022-03-29 16:30:34,534.47
2022-03-29 16:30:39,534.37
2022-03-29 16:30:44,538.0055711267635
2022-03-29 16:30:49,538.013890166002
2022-03-29 16:30:54,538.0222092052406
2022-03-29 16:30:59,538.0305282444792
2022-03-29 16:31:04,538.0388472837178
2022-03-29 16:31:09,534.17
2022-03-29 16:31:14,538.0554853621949
2022-03-29 16:31:19,534.14
2022-03-29 16:31:24,538.0721234406719
2022-03-29 16:31:29,538.0804424799105
2022-03-29 16:31:34,534.08
2022-03-29 16:31:39,534.01
2022-03-29 16:31:44,534.01
2022-03-29 16:31:49,534.01
2022-03-29 16:31:54,533.95
2022-03-29 16:31:59,533.95
2022-03-29 16:32:04,533.95
2022-03-29 16:32:09,533.91
2022-03-29 16:32:14,533.91
2022-03-29 16:32:19,533.92
2022-03-29 16:32:24,533.85
2022-03-29 16:32:29,533.79
2022-03-29 16:32:34,538.1885899900118
2022-03-29 16:32:39,533.79
2022-03-29 16:32:44,538.205228068489
2022-03-29 16:32:49,538.2135471077274
2022-03-29 16:32:54,533.72
2022-03-29 16:32:59,538.2301851862046
2022-03-29 16:33:04,538.2385042254431
2022-03-29 16:33:09,533.66
2022-03-29 16:33:14,533.63
2022-03-29 16:33:19,533.66
2022-03-29 16:33:24,533.63
2022-03-29 16:33:29,538.2800994216359
2022-03-29 16:33:34,538.2884184608745
2022-03-29 16:33:39,533.57
2022-03-29 16:33:44,533.5
2022-03-29 16:33:49,538.3133755785901
2022-03-29 16:33:54,533.5
2022-03-29 16:33:59,538.3300136570673
2022-03-29 16:34:04,538.3383326963058
2022-03-29 16:34:09,538.3466517355444
2022-03-29 16:34:14,538.3549707747829
2022-03-29 16:34:19,538.3632898140215
2022-03-29 16:34:24,533.41
2022-03-29 16:34:29,533.41
2022-03-29 16:34:34,538.3882469317372
2022-03-29 16:34:39,538.3965659709756
2022-03-29 16:34:44,538.4048850102142
2022-03-29 16:34:49,533.35
2022-03-29 16:34:54,538.4215230886914
2022-03-29 16:34:59,538.42984212793
2022-03-29 16:35:04,538.4381611671685
2022-03-29 16:35:09,533.29
2022-03-29 16:35:14,538.4547992456456
2022-03-29 16:35:19,538.4631182848841
2022-03-29 16:35:24,533.29
2022-03-29 16:35:29,538.4797563633613
2022-03-29 16:35:34,533.23
2022-03-29 16:35:39,533.29
2022-03-29 16:35:44,533.23
2022-03-29 16:35:49,533.23
2022-03-29 16:35:54,533.3
2022-03-29 16:35:59,533.23
2022-03-29 16:36:04,538.5379896380311
2022-03-29 16:36:09,538.5463086772697
2022-03-29 16:36:14,538.5546277165083
2022-03-29 16:36:19,533.24
2022-03-29 16:36:24,538.5712657949854
2022-03-29 16:36:29,538.579584834224
2022-03-29 16:36:34,533.17
2022-03-29 16:36:39,538.5962229127011
2022-03-29 16:36:44,533.17
2022-03-29 16:36:49,533.17
2022-03-29 16:36:54,538.6211800304168
2022-03-29 16:36:59,533.17
2022-03-29 16:37:04,533.17
2022-03-29 16:37:09,533.14
2022-03-29 16:37:14,533.17
2022-03-29 16:37:19,533.14
2022-03-29 16:37:24,533.17
2022-03-29 16:37:29,533.14
2022-03-29 16:37:34,533.14
2022-03-29 16:37:39,533.14
2022-03-29 16:37:44,538.7043704228023
2022-03-29 16:37:49,533.08
2022-03-29 16:37:54,533.08
2022-03-29 16:37:59,533.08
2022-03-29 16:38:04,538.7376465797565
2022-03-29 16:38:09,533.08
2022-03-29 16:38:14,533.08
2022-03-29 16:38:19,533.01
2022-03-29 16:38:24,538.7709227367108
2022-03-29 16:38:29,538.7792417759493
2022-03-29 16:38:34,532.95
2022-03-29 16:38:39,533.02
2022-03-29 16:38:44,533.02
2022-03-29 16:38:49,533.01
2022-03-29 16:38:54,533.01
2022-03-29 16:38:59,533.01
2022-03-29 16:39:04,532.95
2022-03-29 16:39:09,533.01
2022-03-29 16:39:14,532.91
2022-03-29 16:39:19,538.8624321683349
2022-03-29 16:39:24,538.8707512075734
2022-03-29 16:39:29,532.95
2022-03-29 16:39:34,532.91
2022-03-29 16:39:39,532.95
2022-03-29 16:39:44,532.95
2022-03-29 16:39:49,532.95
2022-03-29 16:39:54,532.95
2022-03-29 16:39:59,538.9289844822434
2022-03-29 16:40:04,532.91
2022-03-29 16:40:09,538.9456225607205
2022-03-29 16:40:14,532.95
2022-03-29 16:40:19,532.94
2022-03-29 16:40:24,533.01
2022-03-29 16:40:29,538.9788987176747
2022-03-29 16:40:34,538.9872177569133
2022-03-29 16:40:39,532.91
2022-03-29 16:40:44,532.91
2022-03-29 16:40:49,532.91
2022-03-29 16:40:54,539.0204939138675
2022-03-29 16:40:59,539.0288129531061
2022-03-29 16:41:04,532.91
2022-03-29 16:41:09,539.0454510315832
2022-03-29 16:41:14,532.85
2022-03-29 16:41:19,532.85
2022-03-29 16:41:24,539.0704081492988
2022-03-29 16:41:29,532.78
2022-03-29 16:41:34,539.087046227776
2022-03-29 16:41:39,532.78
2022-03-29 16:41:44,532.72
2022-03-29 16:41:49,539.1120033454916
2022-03-29 16:41:54,539.1203223847302
2022-03-29 16:41:59,532.72
2022-03-29 16:42:04,532.65
2022-03-29 16:42:09,539.1452795024459
2022-03-29 16:42:14,532.65
2022-03-29 16:42:19,539.1619175809229
2022-03-29 16:42:24,532.62
2022-03-29 16:42:29,532.62
2022-03-29 16:42:34,532.62
2022-03-29 16:42:39,539.1951937378772
2022-03-29 16:42:44,539.2035127771157
2022-03-29 16:42:49,532.56
2022-03-29 16:42:54,532.56
2022-03-29 16:42:59,532.56
2022-03-29 16:43:04,539.23678893407
2022-03-29 16:43:09,532.56
2022-03-29 16:43:14,532.5
2022-03-29 16:43:19,539.2617460517856
2022-03-29 16:43:24,539.2700650910242
2022-03-29 16:43:29,532.5
2022-03-29 16:43:34,532.43
2022-03-29 16:43:39,532.44
2022-03-29 16:43:44,532.44
2022-03-29 16:43:49,539.3153916592524
2022-03-29 16:43:54,532.34
2022-03-29 16:43:59,532.34
2022-03-29 16:44:04,532.34
2022-03-29 16:44:09,532.28
2022-03-29 16:44:14,539.3997386740563
2022-03-29 16:44:19,532.22
2022-03-29 16:44:24,532.16
2022-03-29 16:44:29,532.22
2022-03-29 16:44:34,532.16
2022-03-29 16:44:39,539.4840856888602
2022-03-29 16:44:44,532.16
2022-03-29 16:44:49,532.13
2022-03-29 16:44:54,532.06
2022-03-29 16:44:59,532.07
2022-03-29 16:45:04,532.07
2022-03-29 16:45:09,539.5853021066249
2022-03-29 16:45:14,539.6021715095857
2022-03-29 16:45:19,539.6190409125466
2022-03-29 16:45:24,539.6359103155073
2022-03-29 16:45:29,531.94
2022-03-29 16:45:34,539.6696491214288
2022-03-29 16:45:39,531.94
2022-03-29 16:45:44,531.95
2022-03-29 16:45:49,531.95
2022-03-29 16:45:54,531.95
2022-03-29 16:45:59,531.95
2022-03-29 16:46:04,531.92
2022-03-29 16:46:09,531.95
2022-03-29 16:46:14,531.92
2022-03-29 16:46:19,531.95
2022-03-29 16:46:24,531.95
2022-03-29 16:46:29,531.92
2022-03-29 16:46:34,539.8720819569583
2022-03-29 16:46:39,539.888951359919
2022-03-29 16:46:44,531.92
2022-03-29 16:46:49,539.9226901658405
2022-03-29 16:46:54,531.96
2022-03-29 16:46:59,531.93
2022-03-29 16:47:04,531.93
2022-03-29 16:47:09,531.93
2022-03-29 16:47:14,531.92
2022-03-29 16:47:19,531.93
2022-03-29 16:47:24,540.040775986566
2022-03-29 16:47:29,531.93
2022-03-29 16:47:34,540.0745147924877
2022-03-29 16:47:39,531.96
2022-03-29 16:47:44,531.93
2022-03-29 16:47:49,531.96
2022-03-29 16:47:54,531.96
2022-03-29 16:47:59,531.93
2022-03-29 16:48:04,531.96
2022-03-29 16:48:09,531.96
2022-03-29 16:48:14,540.209470016174
2022-03-29 16:48:19,531.96
2022-03-29 16:48:24,531.96
2022-03-29 16:48:29,540.2600782250563
2022-03-29 16:48:34,532.03
2022-03-29 16:48:39,532.03
2022-03-29 16:48:44,532.03
2022-03-29 16:48:49,540.3275558368994
2022-03-29 16:48:54,532.03
2022-03-29 16:48:59,540.361294642821
2022-03-29 16:49:04,532.09
2022-03-29 16:49:09,540.3950334487427
2022-03-29 16:49:14,532.09
2022-03-29 16:49:19,532.09
2022-03-29 16:49:24,540.445641657625
2022-03-29 16:49:29,540.4625110605857
2022-03-29 16:49:34,532.16
2022-03-29 16:49:39,532.09
2022-03-29 16:49:44,540.513119269468
2022-03-29 16:49:49,532.09
2022-03-29 16:49:54,532.09
2022-03-29 16:49:59,532.09
2022-03-29 16:50:04,540.5805968813113
2022-03-29 16:50:09,532.02
2022-03-29 16:50:14,532.09
2022-03-29 16:50:19,540.6312050901936
2022-03-29 16:50:24,540.6480744931544
2022-03-29 16:50:29,531.96
2022-03-29 16:50:34,531.96
2022-03-29 16:50:39,531.96
2022-03-29 16:50:44,540.7155521049974
2022-03-29 16:50:49,540.7324215079583
2022-03-29 16:50:54,531.92
2022-03-29 16:50:59,540.7661603138798
2022-03-29 16:51:04,531.92
2022-03-29 16:51:09,531.92
2022-03-29 16:51:14,540.8167685227621
2022-03-29 16:51:19,531.86
2022-03-29 16:51:24,540.8505073286838
2022-03-29 16:51:29,531.8
2022-03-29 16:51:34,531.86
2022-03-29 16:51:39,540.901115537566
2022-03-29 16:51:44,531.86
2022-03-29 16:51:49,531.86
2022-03-29 16:51:54,531.86
2022-03-29 16:51:59,531.86
2022-03-29 16:52:04,531.86
2022-03-29 16:52:09,531.86
2022-03-29 16:52:14,531.8
2022-03-29 16:52:19,531.86
2022-03-29 16:52:24,531.86
2022-03-29 16:52:29,541.0698095671739
2022-03-29 16:52:34,531.8
2022-03-29 16:52:39,531.8
2022-03-29 16:52:44,531.8
2022-03-29 16:52:49,541.1372871790171
2022-03-29 16:52:54,531.8
2022-03-29 16:52:59,531.8
2022-03-29 16:53:04,531.86
2022-03-29 16:53:09,531.86
2022-03-29 16:53:14,541.221634193821
2022-03-29 16:53:19,531.87
2022-03-29 16:53:24,541.2553729997426
2022-03-29 16:53:29,531.93
2022-03-29 16:53:34,541.2891118056641
2022-03-29 16:53:39,531.8
2022-03-29 16:53:44,541.3228506115857
2022-03-29 16:53:49,541.3397200145465
2022-03-29 16:53:54,541.3565894175073
2022-03-29 16:53:59,531.8
2022-03-29 16:54:04,541.3903282234288
2022-03-29 16:54:09,531.74
2022-03-29 16:54:14,531.81
2022-03-29 16:54:19,531.81
2022-03-29 16:54:24,531.74
2022-03-29 16:54:29,531.74
2022-03-29 16:54:34,541.4915446411935
2022-03-29 16:54:39,541.5084140441544
2022-03-29 16:54:44,531.75
2022-03-29 16:54:49,541.5421528500759
2022-03-29 16:54:54,531.82
2022-03-29 16:54:59,531.88
2022-03-29 16:55:04,531.82
2022-03-29 16:55:09,531.88
2022-03-29 16:55:14,531.88
2022-03-29 16:55:19,531.88
2022-03-29 16:55:24,531.88
2022-03-29 16:55:29,541.6771080737622
2022-03-29 16:55:34,541.6939774767229
2022-03-29 16:55:39,541.7108468796838
2022-03-29 16:55:44,541.7277162826446
2022-03-29 16:55:49,541.7445856856053
2022-03-29 16:55:54,531.95
2022-03-29 16:55:59,541.7783244915269
2022-03-29 16:56:04,531.95
2022-03-29 16:56:09,541.8120632974485
2022-03-29 16:56:14,541.8289327004093
2022-03-29 16:56:19,531.99
2022-03-29 16:56:24,541.8626715063308
2022-03-29 16:56:29,531.96
2022-03-29 16:56:34,541.8964103122523
2022-03-29 16:56:39,531.99
2022-03-29 16:56:44,541.930149118174
2022-03-29 16:56:49,541.9470185211347
2022-03-29 16:56:54,531.96
2022-03-29 16:56:59,541.9807573270563
2022-03-29 16:57:04,541.9976267300171
2022-03-29 16:57:09,531.99
2022-03-29 16:57:14,542.0313655359387
2022-03-29 16:57:19,531.99
2022-03-29 16:57:24,531.99
2022-03-29 16:57:29,542.081973744821
2022-03-29 16:57:34,542.0988431477818
2022-03-29 16:57:39,531.99
2022-03-29 16:57:44,542.1325819537034
2022-03-29 16:57:49,531.99
2022-03-29 16:57:54,531.96
2022-03-29 16:57:59,531.96
2022-03-29 16:58:04,531.89
2022-03-29 16:58:09,542.2174163779111
2022-03-29 16:58:14,531.96
2022-03-29 16:58:19,531.89
2022-03-29 16:58:24,531.89
2022-03-29 16:58:29,531.89
2022-03-29 16:58:34,531.83
2022-03-29 16:58:39,531.89
2022-03-29 16:58:44,531.89
2022-03-29 16:58:49,542.3535260220161
2022-03-29 16:58:54,531.83
2022-03-29 16:58:59,531.83
2022-03-29 16:59:04,531.83
2022-03-29 16:59:09,531.83
2022-03-29 16:59:14,531.83
2022-03-29 16:59:19,531.89
2022-03-29 16:59:24,531.83
2022-03-29 16:59:29,531.76
2022-03-29 16:59:34,531.82
2022-03-29 16:59:39,542.5236630771474
2022-03-29 16:59:44,531.76
2022-03-29 16:59:49,531.7
2022-03-29 16:59:54,531.76
2022-03-29 16:59:59,542.5917178991999
2022-03-29 17:00:04,531.69
2022-03-29 17:00:09,531.7
2022-03-29 17:00:14,531.69
2022-03-29 17:00:19,531.66
2022-03-29 17:00:24,531.66
2022-03-29 17:00:29,531.66
2022-03-29 17:00:34,542.7108138377919
2022-03-29 17:00:39,531.66
2022-03-29 17:00:44,542.7448412488181
2022-03-29 17:00:49,542.7618549543312
2022-03-29 17:00:54,531.66
2022-03-29 17:00:59,531.69
2022-03-29 17:01:04,542.8128960708706
2022-03-29 17:01:09,542.8299097763838
2022-03-29 17:01:14,531.59
2022-03-29 17:01:19,542.86393718741
2022-03-29 17:01:24,531.59
2022-03-29 17:01:29,531.53
2022-03-29 17:01:34,531.52
2022-03-29 17:01:39,531.59
2022-03-29 17:01:44,531.53
2022-03-29 17:01:49,542.9660194204887
2022-03-29 17:01:54,531.52
2022-03-29 17:01:59,531.46
2022-03-29 17:02:04,531.46
2022-03-29 17:02:09,531.46
2022-03-29 17:02:14,531.53
2022-03-29 17:02:19,531.52
2022-03-29 17:02:24,531.46
2022-03-29 17:02:29,531.46
2022-03-29 17:02:34,531.53
2022-03-29 17:02:39,531.46
2022-03-29 17:02:44,531.46
2022-03-29 17:02:49,531.46
2022-03-29 17:02:54,531.53
2022-03-29 17:02:59,531.53
2022-03-29 17:03:04,531.53
2022-03-29 17:03:09,531.53
2022-03-29 17:03:14,543.2552524142119
2022-03-29 17:03:19,531.46
2022-03-29 17:03:24,531.46
2022-03-29 17:03:29,531.46
2022-03-29 17:03:34,531.47
2022-03-29 17:03:39,531.53
2022-03-29 17:03:44,531.43
2022-03-29 17:03:49,543.3743483528038
2022-03-29 17:03:54,531.47
2022-03-29 17:03:59,543.4083757638301
2022-03-29 17:04:04,531.44
2022-03-29 17:04:09,531.44
2022-03-29 17:04:14,531.37
2022-03-29 17:04:19,531.37
2022-03-29 17:04:24,531.31
2022-03-29 17:04:29,543.5104579969088
2022-03-29 17:04:34,531.31
2022-03-29 17:04:39,531.25
2022-03-29 17:04:44,531.25
2022-03-29 17:04:49,543.5785128189614
2022-03-29 17:04:54,543.5955265244745
2022-03-29 17:04:59,531.15
2022-03-29 17:05:04,531.15
2022-03-29 17:05:09,543.6465676410139
2022-03-29 17:05:14,531.02
2022-03-29 17:05:19,531.02
2022-03-29 17:05:24,543.6976087575533
2022-03-29 17:05:29,543.7146224630665
2022-03-29 17:05:34,543.7316361685796
2022-03-29 17:05:39,530.93
2022-03-29 17:05:44,543.7656635796059
2022-03-29 17:05:49,530.8
2022-03-29 17:05:54,543.799690990632
2022-03-29 17:05:59,543.8167046961452
2022-03-29 17:06:04,530.68
2022-03-29 17:06:09,543.8507321071714
2022-03-29 17:06:14,530.68
2022-03-29 17:06:19,530.68
2022-03-29 17:06:24,530.65
2022-03-29 17:06:29,530.58
2022-03-29 17:06:34,530.58
2022-03-29 17:06:39,543.9528143402501
2022-03-29 17:06:44,530.58
2022-03-29 17:06:49,530.52
2022-03-29 17:06:54,530.52
2022-03-29 17:06:59,544.0208691623027
2022-03-29 17:07:04,544.0378828678158
2022-03-29 17:07:09,530.45
2022-03-29 17:07:14,530.46
2022-03-29 17:07:19,530.42
2022-03-29 17:07:24,544.1059376898684
2022-03-29 17:07:29,530.42
2022-03-29 17:07:34,530.43
2022-03-29 17:07:39,530.36
2022-03-29 17:07:44,530.3
2022-03-29 17:07:49,530.3
2022-03-29 17:07:54,530.3
2022-03-29 17:07:59,530.3
2022-03-29 17:08:04,530.23
2022-03-29 17:08:09,544.2590610394866
2022-03-29 17:08:14,530.23
2022-03-29 17:08:19,544.2930884505128
2022-03-29 17:08:24,530.23
2022-03-29 17:08:29,544.327115861539
2022-03-29 17:08:34,530.17
2022-03-29 17:08:39,530.17
2022-03-29 17:08:44,530.14
2022-03-29 17:08:49,530.23
2022-03-29 17:08:54,530.17
2022-03-29 17:08:59,530.17
2022-03-29 17:09:04,530.17
2022-03-29 17:09:09,530.17
2022-03-29 17:09:14,530.07
2022-03-29 17:09:19,530.14
2022-03-29 17:09:24,544.5142666221834
2022-03-29 17:09:29,530.13
2022-03-29 17:09:34,530.14
2022-03-29 17:09:39,530.14
2022-03-29 17:09:44,530.14
2022-03-29 17:09:49,530.07
2022-03-29 17:09:54,544.6163488552622
2022-03-29 17:09:59,544.6333625607754
2022-03-29 17:10:04,530.07
2022-03-29 17:10:09,530.07
2022-03-29 17:10:14,544.6844036773147
2022-03-29 17:10:19,530.13
2022-03-29 17:10:24,544.718431088341
2022-03-29 17:10:29,530.07
2022-03-29 17:10:34,544.7524584993673
2022-03-29 17:10:39,530.07
2022-03-29 17:10:44,544.7864859103935
2022-03-29 17:10:49,544.8034996159066
2022-03-29 17:10:54,530.07
2022-03-29 17:10:59,544.8375270269329
2022-03-29 17:11:04,530.07
2022-03-29 17:11:09,530.0
2022-03-29 17:11:14,530.0
2022-03-29 17:11:19,544.9055818489854
2022-03-29 17:11:24,544.9225955544986
2022-03-29 17:11:29,544.9396092600116
2022-03-29 17:11:34,544.9566229655248
2022-03-29 17:11:39,529.94
2022-03-29 17:11:44,529.91
2022-03-29 17:11:49,529.91
2022-03-29 17:11:54,545.0246777875773
2022-03-29 17:11:59,529.84
2022-03-29 17:12:04,529.84
2022-03-29 17:12:09,529.84
2022-03-29 17:12:14,529.78
2022-03-29 17:12:19,545.0467220425323
2022-03-29 17:12:24,529.78
2022-03-29 17:12:29,529.85
2022-03-29 17:12:34,529.78
2022-03-29 17:12:39,529.78
2022-03-29 17:12:44,529.84
2022-03-29 17:12:49,529.84
2022-03-29 17:12:54,545.063671255647
2022-03-29 17:12:59,529.78
2022-03-29 17:13:04,529.85
2022-03-29 17:13:09,545.0709352041247
2022-03-29 17:13:14,545.0733565202839
2022-03-29 17:13:19,545.0757778364432
2022-03-29 17:13:24,529.91
2022-03-29 17:13:29,529.78
2022-03-29 17:13:34,545.083041784921
2022-03-29 17:13:39,529.85
2022-03-29 17:13:44,545.0878844172395
2022-03-29 17:13:49,545.0903057333986
2022-03-29 17:13:54,529.85
2022-03-29 17:13:59,529.85
2022-03-29 17:14:04,545.0975696818764
2022-03-29 17:14:09,545.0999909980357
2022-03-29 17:14:14,529.85
2022-03-29 17:14:19,529.86
2022-03-29 17:14:24,529.86
2022-03-29 17:14:29,529.86
2022-03-29 17:14:34,529.92
2022-03-29 17:14:39,529.92
2022-03-29 17:14:44,529.92
2022-03-29 17:14:49,529.96
2022-03-29 17:14:54,545.1217828434688
2022-03-29 17:14:59,545.1242041596281
2022-03-29 17:15:04,545.1266254757874
2022-03-29 17:15:09,530.02
2022-03-29 17:15:14,530.02
2022-03-29 17:15:19,545.133889424265
2022-03-29 17:15:24,529.96
2022-03-29 17:15:29,545.1387320565835
2022-03-29 17:15:34,530.02
2022-03-29 17:15:39,530.09
2022-03-29 17:15:44,530.16
2022-03-29 17:15:49,530.19
2022-03-29 17:15:54,545.1508386373797
2022-03-29 17:15:59,545.153259953539
2022-03-29 17:16:04,530.25
2022-03-29 17:16:09,530.25
2022-03-29 17:16:14,545.1605239020167
2022-03-29 17:16:19,545.162945218176
2022-03-29 17:16:24,530.38
2022-03-29 17:16:29,545.1677878504944
2022-03-29 17:16:34,545.1702091666536
2022-03-29 17:16:39,545.1726304828129
2022-03-29 17:16:44,530.45
2022-03-29 17:16:49,545.1774731151314
2022-03-29 17:16:54,530.48
2022-03-29 17:16:59,545.1823157474499
2022-03-29 17:17:04,530.54
2022-03-29 17:17:09,530.48
2022-03-29 17:17:14,530.54
2022-03-29 17:17:19,530.54
2022-03-29 17:17:24,530.54
2022-03-29 17:17:29,545.1968436444054
2022-03-29 17:17:34,545.1992649605646
2022-03-29 17:17:39,530.61
2022-03-29 17:17:44,530.61
2022-03-29 17:17:49,530.61
2022-03-29 17:17:54,530.61
2022-03-29 17:17:59,545.2113715413608
2022-03-29 17:18:04,545.21379285752
2022-03-29 17:18:09,545.2162141736793
2022-03-29 17:18:14,530.67
2022-03-29 17:18:19,530.7
2022-03-29 17:18:24,530.67
2022-03-29 17:18:29,530.67
2022-03-29 17:18:34,530.7
2022-03-29 17:18:39,530.7
2022-03-29 17:18:44,530.7
2022-03-29 17:18:49,530.7
2022-03-29 17:18:54,530.7
2022-03-29 17:18:59,530.7
2022-03-29 17:19:04,530.7
2022-03-29 17:19:09,530.76
2022-03-29 17:19:14,545.2476912837494
2022-03-29 17:19:19,530.7
2022-03-29 17:19:24,530.7
2022-03-29 17:19:29,530.7
2022-03-29 17:19:34,530.66
2022-03-29 17:19:39,530.7
2022-03-29 17:19:44,530.7
2022-03-29 17:19:49,530.7
2022-03-29 17:19:54,545.2670618130234
2022-03-29 17:19:59,530.66
2022-03-29 17:20:04,545.2719044453419
2022-03-29 17:20:09,530.66
2022-03-29 17:20:14,545.2767470776604
2022-03-29 17:20:19,530.59
2022-03-29 17:20:24,545.2815897099789
2022-03-29 17:20:29,545.2840110261382
2022-03-29 17:20:34,530.59
2022-03-29 17:20:39,530.46
2022-03-29 17:20:44,530.46
2022-03-29 17:20:49,545.2936962907751
2022-03-29 17:20:54,530.46
2022-03-29 17:20:59,530.43
2022-03-29 17:21:04,530.43
2022-03-29 17:21:09,530.37
2022-03-29 17:21:14,530.43
2022-03-29 17:21:19,530.36
2022-03-29 17:21:24,530.36
2022-03-29 17:21:29,530.3
2022-03-29 17:21:34,530.3
2022-03-29 17:21:39,530.3
2022-03-29 17:21:44,545.3203307685268
2022-03-29 17:21:49,530.23
2022-03-29 17:21:54,530.17
2022-03-29 17:21:59,530.17
2022-03-29 17:22:04,545.3300160331637
2022-03-29 17:22:09,530.17
2022-03-29 17:22:14,530.14
2022-03-29 17:22:19,530.07
2022-03-29 17:22:24,530.01
2022-03-29 17:22:29,530.01
2022-03-29 17:22:34,545.3445439301191
2022-03-29 17:22:39,529.95
2022-03-29 17:22:44,529.91
2022-03-29 17:22:49,529.92
2022-03-29 17:22:54,545.3542291947562
2022-03-29 17:22:59,545.3566505109154
2022-03-29 17:23:04,529.79
2022-03-29 17:23:09,545.3614931432339
2022-03-29 17:23:14,545.3639144593932
2022-03-29 17:23:19,529.66
2022-03-29 17:23:24,545.3687570917116
2022-03-29 17:23:29,529.56
2022-03-29 17:23:34,529.5
2022-03-29 17:23:39,545.3760210401894
2022-03-29 17:23:44,545.3784423563486
2022-03-29 17:23:49,529.34
2022-03-29 17:23:54,529.34
2022-03-29 17:23:59,545.3857063048263
2022-03-29 17:24:04,529.28
2022-03-29 17:24:09,545.3905489371448
2022-03-29 17:24:14,529.15
2022-03-29 17:24:19,529.12
2022-03-29 17:24:24,529.06
2022-03-29 17:24:29,528.99
2022-03-29 17:24:34,545.4026555179411
2022-03-29 17:24:39,528.93
2022-03-29 17:24:44,528.93
2022-03-29 17:24:49,528.9
2022-03-29 17:24:54,528.84
2022-03-29 17:24:59,528.83
2022-03-29 17:25:04,528.84
2022-03-29 17:25:09,528.77
2022-03-29 17:25:14,528.77
2022-03-29 17:25:19,528.71
2022-03-29 17:25:24,545.4268686795334
2022-03-29 17:25:29,528.64
2022-03-29 17:25:34,528.64
2022-03-29 17:25:39,528.61
2022-03-29 17:25:44,545.4365539441704
2022-03-29 17:25:49,528.55
2022-03-29 17:25:54,528.48
2022-03-29 17:25:59,545.4438178926482
2022-03-29 17:26:04,545.4456534599015
2022-03-29 17:26:09,528.32
2022-03-29 17:26:14,545.4459950743108
2022-03-29 17:26:19,545.4461658815154
2022-03-29 17:26:24,528.26
2022-03-29 17:26:29,528.19
2022-03-29 17:26:34,528.26
2022-03-29 17:26:39,528.13
2022-03-29 17:26:44,528.13
2022-03-29 17:26:49,528.1
2022-03-29 17:26:54,528.13
2022-03-29 17:26:59,528.13
2022-03-29 17:27:04,528.1
2022-03-29 17:27:09,545.447873953562
2022-03-29 17:27:14,528.04
2022-03-29 17:27:19,545.4482155679713
2022-03-29 17:27:24,528.1
2022-03-29 17:27:29,528.04
2022-03-29 17:27:34,527.97
2022-03-29 17:27:39,528.04
2022-03-29 17:27:44,527.97
2022-03-29 17:27:49,527.91
2022-03-29 17:27:54,527.97
2022-03-29 17:27:59,527.97
2022-03-29 17:28:04,527.9
2022-03-29 17:28:09,527.9
2022-03-29 17:28:14,527.9
2022-03-29 17:28:19,527.97
2022-03-29 17:28:24,545.4504360616318
2022-03-29 17:28:29,527.9
2022-03-29 17:28:34,527.9
2022-03-29 17:28:39,527.9
2022-03-29 17:28:44,545.4511192904504
2022-03-29 17:28:49,545.451290097655
2022-03-29 17:28:54,527.87
2022-03-29 17:28:59,527.8
2022-03-29 17:29:04,527.8
2022-03-29 17:29:09,527.8
2022-03-29 17:29:14,527.74
2022-03-29 17:29:19,527.67
2022-03-29 17:29:24,527.67
2022-03-29 17:29:29,545.4526565552923
2022-03-29 17:29:34,545.4528273624969
2022-03-29 17:29:39,545.4529981697016
2022-03-29 17:29:44,527.57
2022-03-29 17:29:49,527.51
2022-03-29 17:29:54,527.51
2022-03-29 17:29:59,527.44
2022-03-29 17:30:04,527.44
2022-03-29 17:30:09,545.4540230129295
2022-03-29 17:30:14,527.37
2022-03-29 17:30:19,527.34
2022-03-29 17:30:24,527.34
2022-03-29 17:30:29,545.4547062417481
2022-03-29 17:30:34,527.37
2022-03-29 17:30:39,545.4550478561574
2022-03-29 17:30:44,527.27
2022-03-29 17:30:49,527.37
2022-03-29 17:30:54,527.34
2022-03-29 17:30:59,527.34
2022-03-29 17:31:04,527.37
2022-03-29 17:31:09,527.37
2022-03-29 17:31:14,527.43
2022-03-29 17:31:19,527.37
2022-03-29 17:31:24,545.4565851209994
2022-03-29 17:31:29,527.37
2022-03-29 17:31:34,545.4569267354087
2022-03-29 17:31:39,527.43
2022-03-29 17:31:44,527.43
2022-03-29 17:31:49,545.4574391570227
2022-03-29 17:31:54,545.4576099642273
2022-03-29 17:31:59,527.43
2022-03-29 17:32:04,527.43
2022-03-29 17:32:09,545.4581223858413
2022-03-29 17:32:14,527.37
2022-03-29 17:32:19,527.43
2022-03-29 17:32:24,545.4586348074553
2022-03-29 17:32:29,545.4588056146599
2022-03-29 17:32:34,527.43
2022-03-29 17:32:39,527.43
2022-03-29 17:32:44,527.37
2022-03-29 17:32:49,545.4594888434785
2022-03-29 17:32:54,527.37
2022-03-29 17:32:59,527.37
2022-03-29 17:33:04,527.34
2022-03-29 17:33:09,527.37
2022-03-29 17:33:14,545.4603428795018
2022-03-29 17:33:19,527.34
2022-03-29 17:33:24,527.34
2022-03-29 17:33:29,527.34
2022-03-29 17:33:34,527.27
2022-03-29 17:33:39,527.21
2022-03-29 17:33:44,527.21
2022-03-29 17:33:49,527.21
2022-03-29 17:33:54,545.461709337139
2022-03-29 17:33:59,527.08
2022-03-29 17:34:04,545.4620509515483
2022-03-29 17:34:09,527.05
2022-03-29 17:34:14,527.05
2022-03-29 17:34:19,527.05
2022-03-29 17:34:24,526.98
2022-03-29 17:34:29,545.4629049875716
2022-03-29 17:34:34,526.92
2022-03-29 17:34:39,526.92
2022-03-29 17:34:44,526.92
2022-03-29 17:34:49,526.83
2022-03-29 17:34:54,526.82
2022-03-29 17:34:59,526.82
2022-03-29 17:35:04,526.83
2022-03-29 17:35:09,545.4642714452089
2022-03-29 17:35:14,545.4644422524135
2022-03-29 17:35:19,526.76
2022-03-29 17:35:24,526.76
2022-03-29 17:35:29,526.76
2022-03-29 17:35:34,526.76
2022-03-29 17:35:39,545.4652962884368
2022-03-29 17:35:44,526.83
2022-03-29 17:35:49,526.7
2022-03-29 17:35:54,526.76
2022-03-29 17:35:59,526.76
2022-03-29 17:36:04,545.46615032446
2022-03-29 17:36:09,526.69
2022-03-29 17:36:14,545.4664919388695
2022-03-29 17:36:19,545.4666627460741
2022-03-29 17:36:24,526.76
2022-03-29 17:36:29,526.69
2022-03-29 17:36:34,526.69
2022-03-29 17:36:39,526.76
2022-03-29 17:36:44,526.69
2022-03-29 17:36:49,526.69
2022-03-29 17:36:54,526.63
2022-03-29 17:36:59,526.69
2022-03-29 17:37:04,545.468200010916
2022-03-29 17:37:09,526.69
2022-03-29 17:37:14,526.69
2022-03-29 17:37:19,526.69
2022-03-29 17:37:24,526.63
2022-03-29 17:37:29,526.69
2022-03-29 17:37:34,526.69
2022-03-29 17:37:39,545.4693956613486
2022-03-29 17:37:44,545.4695664685532
2022-03-29 17:37:49,526.75
2022-03-29 17:37:54,545.4699080829625
2022-03-29 17:37:59,526.75
2022-03-29 17:38:04,545.4702496973719
2022-03-29 17:38:09,545.4704205045765
2022-03-29 17:38:14,526.75
2022-03-29 17:38:19,526.75
2022-03-29 17:38:24,526.81
2022-03-29 17:38:29,526.81
2022-03-29 17:38:34,526.81
2022-03-29 17:38:39,526.84
2022-03-29 17:38:44,545.4716161550091
2022-03-29 17:38:49,545.4717869622137
2022-03-29 17:38:54,526.91
2022-03-29 17:38:59,526.91
2022-03-29 17:39:04,526.97
2022-03-29 17:39:09,527.03
2022-03-29 17:39:14,527.03
2022-03-29 17:39:19,545.4728118054417
2022-03-29 17:39:24,545.4729826126463
2022-03-29 17:39:29,545.473153419851
2022-03-29 17:39:34,527.12
2022-03-29 17:39:39,545.4734950342603
2022-03-29 17:39:44,527.19
2022-03-29 17:39:49,527.26
2022-03-29 17:39:54,527.26
2022-03-29 17:39:59,545.4741782630789
2022-03-29 17:40:04,527.32
2022-03-29 17:40:09,545.4741284233625
2022-03-29 17:40:14,527.35
2022-03-29 17:40:19,545.4705859007175
2022-03-29 17:40:24,527.41
2022-03-29 17:40:29,527.47
2022-03-29 17:40:34,527.53
2022-03-29 17:40:39,527.53
2022-03-29 17:40:44,545.4617295941055
2022-03-29 17:40:49,527.57
2022-03-29 17:40:54,545.4581870714607
2022-03-29 17:40:59,527.69
2022-03-29 17:41:04,527.69
2022-03-29 17:41:09,527.76
2022-03-29 17:41:14,527.82
2022-03-29 17:41:19,527.82
2022-03-29 17:41:24,545.4475595035261
2022-03-29 17:41:29,527.85
2022-03-29 17:41:34,527.91
2022-03-29 17:41:39,545.4422457195589
2022-03-29 17:41:44,527.98
2022-03-29 17:41:49,545.438703196914
2022-03-29 17:41:54,528.04
2022-03-29 17:41:59,528.14
2022-03-29 17:42:04,528.14
2022-03-29 17:42:09,545.4316181516243
2022-03-29 17:42:14,545.429846890302
2022-03-29 17:42:19,528.27
2022-03-29 17:42:24,545.426304367657
2022-03-29 17:42:29,528.27
2022-03-29 17:42:34,545.4227618450122
2022-03-29 17:42:39,528.33
2022-03-29 17:42:44,528.33
2022-03-29 17:42:49,528.43
2022-03-29 17:42:54,528.43
2022-03-29 17:42:59,528.43
2022-03-29 17:43:04,528.49
2022-03-29 17:43:09,545.4103630157554
2022-03-29 17:43:14,528.56
2022-03-29 17:43:19,528.56
2022-03-29 17:43:24,528.59
2022-03-29 17:43:29,528.66
2022-03-29 17:43:34,528.66
2022-03-29 17:43:39,528.66
2022-03-29 17:43:44,528.72
2022-03-29 17:43:49,528.72
2022-03-29 17:43:54,528.78
2022-03-29 17:43:59,545.3926504025311
2022-03-29 17:44:04,528.85
2022-03-29 17:44:09,528.85
2022-03-29 17:44:14,528.88
2022-03-29 17:44:19,528.95
2022-03-29 17:44:24,528.95
2022-03-29 17:44:29,545.3820228345966
2022-03-29 17:44:34,545.3802515732742
2022-03-29 17:44:39,529.08
2022-03-29 17:44:44,545.3767090506293
2022-03-29 17:44:49,529.08
2022-03-29 17:44:54,545.3731665279845
2022-03-29 17:44:59,529.18
2022-03-29 17:45:04,529.18
2022-03-29 17:45:09,529.24
2022-03-29 17:45:14,545.3660814826949
2022-03-29 17:45:19,545.3643102213724
2022-03-29 17:45:24,545.36253896005
2022-03-29 17:45:29,545.3607676987276
2022-03-29 17:45:34,529.47
2022-03-29 17:45:39,529.47
2022-03-29 17:45:44,545.3554539147603
2022-03-29 17:45:49,529.6
2022-03-29 17:45:54,529.63
2022-03-29 17:45:59,529.63
2022-03-29 17:46:04,545.3483688694706
2022-03-29 17:46:09,529.69
2022-03-29 17:46:14,545.3448263468258
2022-03-29 17:46:19,529.76
2022-03-29 17:46:24,529.82
2022-03-29 17:46:29,545.3395125628585
2022-03-29 17:46:34,529.92
2022-03-29 17:46:39,529.89
2022-03-29 17:46:44,545.3341987788913
2022-03-29 17:46:49,545.3324275175689
2022-03-29 17:46:54,529.92
2022-03-29 17:46:59,545.328884994924
2022-03-29 17:47:04,530.05
2022-03-29 17:47:09,529.98
2022-03-29 17:47:14,545.3235712109567
2022-03-29 17:47:19,545.3217999496344
2022-03-29 17:47:24,530.05
2022-03-29 17:47:29,530.04
2022-03-29 17:47:34,530.05
2022-03-29 17:47:39,530.11
2022-03-29 17:47:44,530.11
2022-03-29 17:47:49,530.11
2022-03-29 17:47:54,530.11
2022-03-29 17:47:59,530.1
2022-03-29 17:48:04,530.1
2022-03-29 17:48:09,545.3040873364101
2022-03-29 17:48:14,545.3023160750878
2022-03-29 17:48:19,530.13
2022-03-29 17:48:24,530.13
2022-03-29 17:48:29,530.13
2022-03-29 17:48:34,530.2
2022-03-29 17:48:39,530.2
2022-03-29 17:48:44,530.2
2022-03-29 17:48:49,530.26
2022-03-29 17:48:54,545.2881459845084
2022-03-29 17:48:59,530.26
2022-03-29 17:49:04,530.26
2022-03-29 17:49:09,530.26
2022-03-29 17:49:14,530.26
2022-03-29 17:49:19,530.25
2022-03-29 17:49:24,545.2775184165739
2022-03-29 17:49:29,545.2757471552515
2022-03-29 17:49:34,530.32
2022-03-29 17:49:39,530.32
2022-03-29 17:49:44,530.32
2022-03-29 17:49:49,545.2686621099617
2022-03-29 17:49:54,530.25
2022-03-29 17:49:59,530.25
2022-03-29 17:50:04,530.25
2022-03-29 17:50:09,530.25
2022-03-29 17:50:14,530.31
2022-03-29 17:50:19,545.2580345420273
2022-03-29 17:50:24,530.31
2022-03-29 17:50:29,545.2544920193824
2022-03-29 17:50:34,530.24
2022-03-29 17:50:39,530.24
2022-03-29 17:50:44,545.2491782354152
2022-03-29 17:50:49,530.24
2022-03-29 17:50:54,530.24
2022-03-29 17:50:59,530.18
2022-03-29 17:51:04,545.2420931901255
2022-03-29 17:51:09,530.18
2022-03-29 17:51:14,530.17
2022-03-29 17:51:19,545.2367794061582
2022-03-29 17:51:24,545.2350081448358
2022-03-29 17:51:29,530.17
2022-03-29 17:51:34,530.11
2022-03-29 17:51:39,545.2296943608685
2022-03-29 17:51:44,545.2279230995462
2022-03-29 17:51:49,545.2261518382237
2022-03-29 17:51:54,530.11
2022-03-29 17:51:59,545.2226093155789
2022-03-29 17:52:04,530.11
2022-03-29 17:52:09,530.11
2022-03-29 17:52:14,545.2172955316116
2022-03-29 17:52:19,530.07
2022-03-29 17:52:24,530.07
2022-03-29 17:52:29,530.07
2022-03-29 17:52:34,530.01
2022-03-29 17:52:39,529.95
2022-03-29 17:52:44,530.01
2022-03-29 17:52:49,545.2048967023546
2022-03-29 17:52:54,529.94
2022-03-29 17:52:59,529.94
2022-03-29 17:53:04,529.95
2022-03-29 17:53:09,545.197811657065
2022-03-29 17:53:14,529.94
2022-03-29 17:53:19,529.88
2022-03-29 17:53:24,545.1924978730978
2022-03-29 17:53:29,529.88
2022-03-29 17:53:34,529.88
2022-03-29 17:53:39,529.85
2022-03-29 17:53:44,545.185412827808
2022-03-29 17:53:49,529.85
2022-03-29 17:53:54,529.78
2022-03-29 17:53:59,529.78
2022-03-29 17:54:04,529.78
2022-03-29 17:54:09,529.72
2022-03-29 17:54:14,545.1764818144868
2022-03-29 17:54:19,529.66
2022-03-29 17:54:24,529.59
2022-03-29 17:54:29,529.59
2022-03-29 17:54:34,529.56
2022-03-29 17:54:39,545.2270049193359
2022-03-29 17:54:44,529.5
2022-03-29 17:54:49,529.43
2022-03-29 17:54:54,529.43
2022-03-29 17:54:59,529.37
2022-03-29 17:55:04,529.34
2022-03-29 17:55:09,529.27
2022-03-29 17:55:14,545.2977372661246
2022-03-29 17:55:19,529.15
2022-03-29 17:55:24,529.15
2022-03-29 17:55:29,545.3280511290341
2022-03-29 17:55:34,529.08
2022-03-29 17:55:39,529.05
2022-03-29 17:55:44,545.3583649919435
2022-03-29 17:55:49,545.3684696129134
2022-03-29 17:55:54,545.3785742338831
2022-03-29 17:55:59,528.86
2022-03-29 17:56:04,528.83
2022-03-29 17:56:09,528.76
2022-03-29 17:56:14,528.76
2022-03-29 17:56:19,545.4290973387323
2022-03-29 17:56:24,528.64
2022-03-29 17:56:29,528.57
2022-03-29 17:56:34,528.57
2022-03-29 17:56:39,528.47
2022-03-29 17:56:44,528.41
2022-03-29 17:56:49,528.35
2022-03-29 17:56:54,545.4998296855209
2022-03-29 17:56:59,528.25
2022-03-29 17:57:04,545.5200389274606
2022-03-29 17:57:09,528.12
2022-03-29 17:57:14,528.06
2022-03-29 17:57:19,545.5503527903701
2022-03-29 17:57:24,545.5604574113399
2022-03-29 17:57:29,527.96
2022-03-29 17:57:34,527.9
2022-03-29 17:57:39,527.84
2022-03-29 17:57:44,527.84
2022-03-29 17:57:49,527.74
2022-03-29 17:57:54,545.6210851371588
2022-03-29 17:57:59,527.68
2022-03-29 17:58:04,545.6412943790984
2022-03-29 17:58:09,527.61
2022-03-29 17:58:14,527.55
2022-03-29 17:58:19,527.52
2022-03-29 17:58:24,527.45
2022-03-29 17:58:29,527.33
2022-03-29 17:58:34,527.39
2022-03-29 17:58:39,527.32
2022-03-29 17:58:44,527.29
2022-03-29 17:58:49,527.23
2022-03-29 17:58:54,527.17
2022-03-29 17:58:59,527.1
2022-03-29 17:59:04,527.04
2022-03-29 17:59:09,527.04
2022-03-29 17:59:14,545.782759072676
2022-03-29 17:59:19,527.01
2022-03-29 17:59:24,526.88
2022-03-29 17:59:29,526.81
2022-03-29 17:59:34,545.8231775565552
2022-03-29 17:59:39,545.833282177525
2022-03-29 17:59:44,526.72
2022-03-29 17:59:49,526.65
2022-03-29 17:59:54,526.53
2022-03-29 17:59:59,526.53
2022-03-29 18:00:04,526.49
2022-03-29 18:00:09,526.43
2022-03-29 18:00:14,526.43
2022-03-29 18:00:19,526.37
2022-03-29 18:00:24,526.3
2022-03-29 18:00:29,545.9343283872232
2022-03-29 18:00:34,526.21
2022-03-29 18:00:39,526.14
2022-03-29 18:00:44,526.14
2022-03-29 18:00:49,526.14
2022-03-29 18:00:54,526.02
2022-03-29 18:00:59,545.9949561130421
2022-03-29 18:01:04,525.99
2022-03-29 18:01:09,525.99
2022-03-29 18:01:14,525.92
2022-03-29 18:01:19,525.86
2022-03-29 18:01:24,525.79
2022-03-29 18:01:29,546.055583838861
2022-03-29 18:01:34,525.76
2022-03-29 18:01:39,525.76
2022-03-29 18:01:44,525.7
2022-03-29 18:01:49,525.7
2022-03-29 18:01:54,525.7
2022-03-29 18:01:59,546.1162115646799
2022-03-29 18:02:04,525.57
2022-03-29 18:02:09,546.1364208066196
2022-03-29 18:02:14,525.51
2022-03-29 18:02:19,525.51
2022-03-29 18:02:24,546.1667346695291
2022-03-29 18:02:29,546.1768392904988
2022-03-29 18:02:34,525.48
2022-03-29 18:02:39,546.1970485324385
2022-03-29 18:02:44,546.2071531534083
2022-03-29 18:02:49,525.36
2022-03-29 18:02:54,525.36
2022-03-29 18:02:59,525.29
2022-03-29 18:03:04,546.2475716372876
2022-03-29 18:03:09,525.29
2022-03-29 18:03:14,546.2677808792272
2022-03-29 18:03:19,546.277885500197
2022-03-29 18:03:24,525.26
2022-03-29 18:03:29,546.2980947421366
2022-03-29 18:03:34,525.2
2022-03-29 18:03:39,525.2
2022-03-29 18:03:44,546.3284086050461
2022-03-29 18:03:49,525.2
2022-03-29 18:03:54,546.3486178469858
2022-03-29 18:03:59,546.3587224679555
2022-03-29 18:04:04,525.2
2022-03-29 18:04:09,546.3789317098953
2022-03-29 18:04:14,525.2
2022-03-29 18:04:19,546.3991409518349
2022-03-29 18:04:24,525.2
2022-03-29 18:04:29,525.2
2022-03-29 18:04:34,546.4294548147443
2022-03-29 18:04:39,525.2
2022-03-29 18:04:44,525.2
2022-03-29 18:04:49,525.27
2022-03-29 18:04:54,546.4698732986236
2022-03-29 18:04:59,525.27
2022-03-29 18:05:04,525.3
2022-03-29 18:05:09,525.27
2022-03-29 18:05:14,546.5102917825029
2022-03-29 18:05:19,525.3
2022-03-29 18:05:24,525.3
2022-03-29 18:05:29,546.5406056454124
2022-03-29 18:05:34,525.37
2022-03-29 18:05:39,525.37
2022-03-29 18:05:44,525.37
2022-03-29 18:05:49,525.37
2022-03-29 18:05:54,525.43
2022-03-29 18:05:59,525.5
2022-03-29 18:06:04,525.5
2022-03-29 18:06:09,525.5
2022-03-29 18:06:14,525.49
2022-03-29 18:06:19,546.6416518551106
2022-03-29 18:06:24,525.59
2022-03-29 18:06:29,546.6618610970502
2022-03-29 18:06:34,525.72
2022-03-29 18:06:39,546.6820703389899
2022-03-29 18:06:44,525.78
2022-03-29 18:06:49,525.78
2022-03-29 18:06:54,546.7123842018993
2022-03-29 18:06:59,546.7224888228691
2022-03-29 18:07:04,526.01
2022-03-29 18:07:09,526.04
2022-03-29 18:07:14,526.11
2022-03-29 18:07:19,546.7629073067484
2022-03-29 18:07:24,526.16
2022-03-29 18:07:29,526.3
2022-03-29 18:07:34,526.32
2022-03-29 18:07:39,526.39
2022-03-29 18:07:44,526.52
2022-03-29 18:07:49,526.55
2022-03-29 18:07:54,526.68
2022-03-29 18:07:59,526.74
2022-03-29 18:08:04,546.8538488954767
2022-03-29 18:08:09,546.8639535164466
2022-03-29 18:08:14,526.97
2022-03-29 18:08:19,527.06
2022-03-29 18:08:24,527.19
2022-03-29 18:08:29,546.8575787618034
2022-03-29 18:08:34,546.845231415745
2022-03-29 18:08:39,527.42
2022-03-29 18:08:44,527.55
2022-03-29 18:08:49,527.58
2022-03-29 18:08:54,527.64
2022-03-29 18:08:59,527.7
2022-03-29 18:09:04,527.83
2022-03-29 18:09:09,546.758799993337
2022-03-29 18:09:14,546.7464526472787
2022-03-29 18:09:19,528.09
2022-03-29 18:09:24,546.721757955162
2022-03-29 18:09:29,528.28
2022-03-29 18:09:34,528.38
2022-03-29 18:09:39,546.6847159169871
2022-03-29 18:09:44,528.57
2022-03-29 18:09:49,546.6600212248705
2022-03-29 18:09:54,528.73
2022-03-29 18:09:59,546.6353265327539
2022-03-29 18:10:04,528.89
2022-03-29 18:10:09,529.02
2022-03-29 18:10:14,529.08
2022-03-29 18:10:19,529.18
2022-03-29 18:10:24,529.24
2022-03-29 18:10:29,546.5612424564041
2022-03-29 18:10:34,529.47
2022-03-29 18:10:39,529.53
2022-03-29 18:10:44,529.6
2022-03-29 18:10:49,546.5118530721709
2022-03-29 18:10:54,529.76
2022-03-29 18:10:59,546.4871583800542
2022-03-29 18:11:04,529.89
2022-03-29 18:11:09,529.99
2022-03-29 18:11:14,546.4501163418793
2022-03-29 18:11:19,546.437768995821
2022-03-29 18:11:24,530.15
2022-03-29 18:11:29,530.28
2022-03-29 18:11:34,530.41
2022-03-29 18:11:39,546.3883796115879
2022-03-29 18:11:44,530.5
2022-03-29 18:11:49,546.3636849194712
2022-03-29 18:11:54,530.67
2022-03-29 18:11:59,546.3389902273545
2022-03-29 18:12:04,530.86
2022-03-29 18:12:09,530.93
2022-03-29 18:12:14,530.92
2022-03-29 18:12:19,530.96
2022-03-29 18:12:24,531.02
2022-03-29 18:12:29,531.15
2022-03-29 18:12:34,531.15
2022-03-29 18:12:39,531.25
2022-03-29 18:12:44,531.31
2022-03-29 18:12:49,531.38
2022-03-29 18:12:54,546.2031694207133
2022-03-29 18:12:59,546.190822074655
2022-03-29 18:13:04,531.54
2022-03-29 18:13:09,531.61
2022-03-29 18:13:14,546.15378003648
2022-03-29 18:13:19,546.1414326904218
2022-03-29 18:13:24,531.77
2022-03-29 18:13:29,546.1167379983051
2022-03-29 18:13:34,531.9
2022-03-29 18:13:39,531.96
2022-03-29 18:13:44,532.0
2022-03-29 18:13:49,532.06
2022-03-29 18:13:54,546.0550012680136
2022-03-29 18:13:59,546.0426539219553
2022-03-29 18:14:04,532.13
2022-03-29 18:14:09,532.19
2022-03-29 18:14:14,532.22
2022-03-29 18:14:19,545.9932645377221
2022-03-29 18:14:24,532.29
2022-03-29 18:14:29,545.9685698456055
2022-03-29 18:14:34,532.35
2022-03-29 18:14:39,532.42
2022-03-29 18:14:44,532.42
2022-03-29 18:14:49,532.48
2022-03-29 18:14:54,545.9068331153139
2022-03-29 18:14:59,545.8944857692557
2022-03-29 18:15:04,532.58
2022-03-29 18:15:09,532.58
2022-03-29 18:15:14,545.8574437310808
2022-03-29 18:15:19,532.58
2022-03-29 18:15:24,532.64
2022-03-29 18:15:29,545.8204016929059
2022-03-29 18:15:34,532.64
2022-03-29 18:15:39,545.7957070007892
2022-03-29 18:15:44,532.71
2022-03-29 18:15:49,532.71
2022-03-29 18:15:54,532.71
2022-03-29 18:15:59,545.746317616556
2022-03-29 18:16:04,532.74
2022-03-29 18:16:09,532.74
2022-03-29 18:16:14,532.74
2022-03-29 18:16:19,545.6969282323228
2022-03-29 18:16:24,545.6845808862645
2022-03-29 18:16:29,545.6722335402062
2022-03-29 18:16:34,532.8
2022-03-29 18:16:39,545.6475388480895
2022-03-29 18:16:44,545.6351915020313
2022-03-29 18:16:49,532.8
2022-03-29 18:16:54,532.74
2022-03-29 18:16:59,545.5981494638564
2022-03-29 18:17:04,545.585802117798
2022-03-29 18:17:09,545.5734547717398
2022-03-29 18:17:14,532.64
2022-03-29 18:17:19,532.64
2022-03-29 18:17:24,532.64
2022-03-29 18:17:29,545.5240653875065
2022-03-29 18:17:34,532.51
2022-03-29 18:17:39,545.49937069539
2022-03-29 18:17:44,532.47
2022-03-29 18:17:49,532.41
2022-03-29 18:17:54,532.34
2022-03-29 18:17:59,545.4499813111566
2022-03-29 18:18:04,532.21
2022-03-29 18:18:09,532.21
2022-03-29 18:18:14,532.21
2022-03-29 18:18:19,532.18
2022-03-29 18:18:24,545.3882445808653
2022-03-29 18:18:29,532.11
2022-03-29 18:18:34,532.05
2022-03-29 18:18:39,531.98
2022-03-29 18:18:44,531.95
2022-03-29 18:18:49,531.88
2022-03-29 18:18:54,531.82
2022-03-29 18:18:59,531.75
2022-03-29 18:19:04,531.66
2022-03-29 18:19:09,545.2771184663404
2022-03-29 18:19:14,531.66
2022-03-29 18:19:19,531.53
2022-03-29 18:19:24,545.2400764281655
2022-03-29 18:19:29,531.46
2022-03-29 18:19:34,531.37
2022-03-29 18:19:39,531.3
2022-03-29 18:19:44,531.23
2022-03-29 18:19:49,531.23
2022-03-29 18:19:54,531.17
2022-03-29 18:19:59,545.1536450057574
2022-03-29 18:20:04,545.1412976596991
2022-03-29 18:20:09,531.01
2022-03-29 18:20:14,531.01
2022-03-29 18:20:19,530.91
2022-03-29 18:20:24,530.85
2022-03-29 18:20:29,530.85
2022-03-29 18:20:34,530.72
2022-03-29 18:20:39,545.054866237291
2022-03-29 18:20:44,530.65
2022-03-29 18:20:49,530.62
2022-03-29 18:20:54,530.56
2022-03-29 18:20:59,530.49
2022-03-29 18:21:04,530.43
2022-03-29 18:21:09,530.39
2022-03-29 18:21:14,530.33
2022-03-29 18:21:19,530.27
2022-03-29 18:21:24,530.26
2022-03-29 18:21:29,544.931392776708
2022-03-29 18:21:34,530.13
2022-03-29 18:21:39,530.1
2022-03-29 18:21:44,530.1
2022-03-29 18:21:49,529.97
2022-03-29 18:21:54,529.97
2022-03-29 18:21:59,529.91
2022-03-29 18:22:04,529.91
2022-03-29 18:22:09,529.88
2022-03-29 18:22:14,529.81
2022-03-29 18:22:19,529.75
2022-03-29 18:22:24,529.75
2022-03-29 18:22:29,544.7915750588924
2022-03-29 18:22:34,529.69
2022-03-29 18:22:39,529.69
2022-03-29 18:22:44,544.7789628235366
2022-03-29 18:22:49,544.7747587450847
2022-03-29 18:22:54,544.7705546666327
2022-03-29 18:22:59,529.53
2022-03-29 18:23:04,544.7621465097288
2022-03-29 18:23:09,529.47
2022-03-29 18:23:14,529.47
2022-03-29 18:23:19,544.7495342743731
2022-03-29 18:23:24,529.4
2022-03-29 18:23:29,529.4
2022-03-29 18:23:34,529.37
2022-03-29 18:23:39,529.3
2022-03-29 18:23:44,529.3
2022-03-29 18:23:49,529.31
2022-03-29 18:23:54,544.7201057252096
2022-03-29 18:23:59,529.3
2022-03-29 18:24:04,529.24
2022-03-29 18:24:09,529.24
2022-03-29 18:24:14,529.18
2022-03-29 18:24:19,529.24
2022-03-29 18:24:24,544.694881254498
2022-03-29 18:24:29,544.6906771760462
2022-03-29 18:24:34,529.18
2022-03-29 18:24:39,544.6822690191423
2022-03-29 18:24:44,529.08
2022-03-29 18:24:49,529.11
2022-03-29 18:24:54,544.6696567837865
2022-03-29 18:24:59,544.6654527053346
2022-03-29 18:25:04,529.11
2022-03-29 18:25:09,529.11
2022-03-29 18:25:14,529.11
2022-03-29 18:25:19,529.11
2022-03-29 18:25:24,529.17
2022-03-29 18:25:29,529.11
2022-03-29 18:25:34,529.17
2022-03-29 18:25:39,529.17
2022-03-29 18:25:44,529.17
2022-03-29 18:25:49,544.6234119208153
2022-03-29 18:25:54,529.23
2022-03-29 18:25:59,529.24
2022-03-29 18:26:04,529.3
2022-03-29 18:26:09,544.6065956070076
2022-03-29 18:26:14,544.6023915285557
2022-03-29 18:26:19,529.36
2022-03-29 18:26:24,544.5939833716518
2022-03-29 18:26:29,529.36
2022-03-29 18:26:34,529.36
2022-03-29 18:26:39,529.39
2022-03-29 18:26:44,529.39
2022-03-29 18:26:49,529.46
2022-03-29 18:26:54,529.52
2022-03-29 18:26:59,544.5645548224884
2022-03-29 18:27:04,529.58
2022-03-29 18:27:09,529.58
2022-03-29 18:27:14,529.61
2022-03-29 18:27:19,529.61
2022-03-29 18:27:24,529.61
2022-03-29 18:27:29,529.68
2022-03-29 18:27:34,529.74
2022-03-29 18:27:39,529.74
2022-03-29 18:27:44,529.74
2022-03-29 18:27:49,529.8
2022-03-29 18:27:54,544.5183099595172
2022-03-29 18:27:59,529.8
2022-03-29 18:28:04,544.5099018026133
2022-03-29 18:28:09,544.5056977241613
2022-03-29 18:28:14,544.5014936457095
2022-03-29 18:28:19,529.96
2022-03-29 18:28:24,530.03
2022-03-29 18:28:29,544.4888814103537
2022-03-29 18:28:34,530.08
2022-03-29 18:28:39,544.4804732534499
2022-03-29 18:28:44,544.4762691749979
2022-03-29 18:28:49,530.12
2022-03-29 18:28:54,544.467861018094
2022-03-29 18:28:59,530.24
2022-03-29 18:29:04,530.24
2022-03-29 18:29:09,544.4552487827383
2022-03-29 18:29:14,544.4510447042863
2022-03-29 18:29:19,544.4468406258344
2022-03-29 18:29:24,544.4426365473824
2022-03-29 18:29:29,530.36
2022-03-29 18:29:34,544.4342283904787
2022-03-29 18:29:39,544.4300243120267
2022-03-29 18:29:44,530.4
2022-03-29 18:29:49,530.46
2022-03-29 18:29:54,544.4174120766709
2022-03-29 18:29:59,530.39
2022-03-29 18:30:04,544.4090039197671
2022-03-29 18:30:09,530.52
2022-03-29 18:30:14,544.4005957628632
2022-03-29 18:30:19,530.59
2022-03-29 18:30:24,544.3921876059594
2022-03-29 18:30:29,530.58
2022-03-29 18:30:34,530.62
2022-03-29 18:30:39,530.62
2022-03-29 18:30:44,544.3753712921516
2022-03-29 18:30:49,530.68
2022-03-29 18:30:54,544.3669631352478
2022-03-29 18:30:59,544.3627590567959
2022-03-29 18:31:04,544.3585549783439
2022-03-29 18:31:09,544.3543508998921
2022-03-29 18:31:14,530.75
2022-03-29 18:31:19,530.75
2022-03-29 18:31:24,530.75
2022-03-29 18:31:29,544.3375345860843
2022-03-29 18:31:34,530.81
2022-03-29 18:31:39,530.75
2022-03-29 18:31:44,544.3249223507286
2022-03-29 18:31:49,530.87
2022-03-29 18:31:54,544.3165141938247
2022-03-29 18:31:59,530.91
2022-03-29 18:32:04,530.91
2022-03-29 18:32:09,530.97
2022-03-29 18:32:14,544.299697880017
2022-03-29 18:32:19,531.04
2022-03-29 18:32:24,531.1
2022-03-29 18:32:29,531.13
2022-03-29 18:32:34,531.13
2022-03-29 18:32:39,544.2786774877574
2022-03-29 18:32:44,531.2
2022-03-29 18:32:49,531.2
2022-03-29 18:32:54,544.2660652524016
2022-03-29 18:32:59,531.33
2022-03-29 18:33:04,544.2576570954977
2022-03-29 18:33:09,531.39
2022-03-29 18:33:14,531.43
2022-03-29 18:33:19,531.39
2022-03-29 18:33:24,531.42
2022-03-29 18:33:29,544.2366367032381
2022-03-29 18:33:34,531.49
2022-03-29 18:33:39,544.2282285463342
2022-03-29 18:33:44,531.62
2022-03-29 18:33:49,544.2198203894304
2022-03-29 18:33:54,531.62
2022-03-29 18:33:59,544.2114122325265
2022-03-29 18:34:04,531.62
2022-03-29 18:34:09,531.65
2022-03-29 18:34:14,531.65
2022-03-29 18:34:19,531.72
2022-03-29 18:34:24,531.78
2022-03-29 18:34:29,531.78
2022-03-29 18:34:34,531.78
2022-03-29 18:34:39,531.78
2022-03-29 18:34:44,531.84
2022-03-29 18:34:49,531.84
2022-03-29 18:34:54,531.85
2022-03-29 18:34:59,531.94
2022-03-29 18:35:04,544.1567592126515
2022-03-29 18:35:09,531.91
2022-03-29 18:35:14,531.94
2022-03-29 18:35:19,532.0
2022-03-29 18:35:24,532.0
2022-03-29 18:35:29,532.01
2022-03-29 18:35:34,532.0
2022-03-29 18:35:39,532.07
2022-03-29 18:35:44,532.0
2022-03-29 18:35:49,532.07
2022-03-29 18:35:54,532.07
2022-03-29 18:35:59,532.07
2022-03-29 18:36:04,532.13
2022-03-29 18:36:09,532.07
2022-03-29 18:36:14,532.13
2022-03-29 18:36:19,532.13
2022-03-29 18:36:24,532.16
2022-03-29 18:36:29,544.0852898789688
2022-03-29 18:36:34,532.13
2022-03-29 18:36:39,532.16
2022-03-29 18:36:44,532.23
2022-03-29 18:36:49,532.23
2022-03-29 18:36:54,544.0270830578099
2022-03-29 18:36:59,544.015391877243
2022-03-29 18:37:04,544.0037006966763
2022-03-29 18:37:09,532.29
2022-03-29 18:37:14,532.28
2022-03-29 18:37:19,543.9686271549759
2022-03-29 18:37:24,543.9569359744091
2022-03-29 18:37:29,532.35
2022-03-29 18:37:34,532.35
2022-03-29 18:37:39,532.35
2022-03-29 18:37:44,532.28
2022-03-29 18:37:49,532.35
2022-03-29 18:37:54,543.8867888910085
2022-03-29 18:37:59,532.35
2022-03-29 18:38:04,543.8634065298749
2022-03-29 18:38:09,532.28
2022-03-29 18:38:14,532.28
2022-03-29 18:38:19,543.8283329881746
2022-03-29 18:38:24,532.28
2022-03-29 18:38:29,532.28
2022-03-29 18:38:34,532.28
2022-03-29 18:38:39,532.21
2022-03-29 18:38:44,532.21
2022-03-29 18:38:49,543.7581859047738
2022-03-29 18:38:54,532.27
2022-03-29 18:38:59,543.7348035436403
2022-03-29 18:39:04,532.2
2022-03-29 18:39:09,532.21
2022-03-29 18:39:14,532.2
2022-03-29 18:39:19,543.6880388213731
2022-03-29 18:39:24,532.2
2022-03-29 18:39:29,532.14
2022-03-29 18:39:34,532.14
2022-03-29 18:39:39,532.14
2022-03-29 18:39:44,532.1
2022-03-29 18:39:49,532.04
2022-03-29 18:39:54,532.1
2022-03-29 18:39:59,532.04
2022-03-29 18:40:04,543.582818196272
2022-03-29 18:40:09,531.97
2022-03-29 18:40:14,543.5594358351385
2022-03-29 18:40:19,543.5477446545717
2022-03-29 18:40:24,531.91
2022-03-29 18:40:29,543.5243622934381
2022-03-29 18:40:34,531.88
2022-03-29 18:40:39,531.87
2022-03-29 18:40:44,543.4892887517377
2022-03-29 18:40:49,543.477597571171
2022-03-29 18:40:54,531.75
2022-03-29 18:40:59,543.4542152100374
2022-03-29 18:41:04,543.4425240294706
2022-03-29 18:41:09,531.62
2022-03-29 18:41:14,531.58
2022-03-29 18:41:19,531.52
2022-03-29 18:41:24,531.52
2022-03-29 18:41:29,531.52
2022-03-29 18:41:34,543.3723769460698
2022-03-29 18:41:39,531.46
2022-03-29 18:41:44,531.39
2022-03-29 18:41:49,543.3373034043695
2022-03-29 18:41:54,543.3256122238028
2022-03-29 18:41:59,531.29
2022-03-29 18:42:04,531.23
2022-03-29 18:42:09,543.2905386821024
2022-03-29 18:42:14,531.17
2022-03-29 18:42:19,543.2671563209688
2022-03-29 18:42:24,531.07
2022-03-29 18:42:29,531.07
2022-03-29 18:42:34,530.94
2022-03-29 18:42:39,531.01
2022-03-29 18:42:44,530.94
2022-03-29 18:42:49,543.1970092375681
2022-03-29 18:42:54,543.1853180570014
2022-03-29 18:42:59,530.85
2022-03-29 18:43:04,530.78
2022-03-29 18:43:09,543.150244515301
2022-03-29 18:43:14,530.72
2022-03-29 18:43:19,530.72
2022-03-29 18:43:24,543.1151709736006
2022-03-29 18:43:29,543.1034797930338
2022-03-29 18:43:34,530.66
2022-03-29 18:43:39,543.0800974319003
2022-03-29 18:43:44,543.0684062513335
2022-03-29 18:43:49,530.59
2022-03-29 18:43:54,530.59
2022-03-29 18:43:59,530.59
2022-03-29 18:44:04,530.59
2022-03-29 18:44:09,530.56
2022-03-29 18:44:14,530.56
2022-03-29 18:44:19,542.986567987366
2022-03-29 18:44:24,530.49
2022-03-29 18:44:29,530.49
2022-03-29 18:44:34,530.43
2022-03-29 18:44:39,530.5
2022-03-29 18:44:44,530.5
2022-03-29 18:44:49,530.5
2022-03-29 18:44:54,542.9047297233985
2022-03-29 18:44:59,530.5
2022-03-29 18:45:04,530.43
2022-03-29 18:45:09,542.8696561816981
2022-03-29 18:45:14,542.8579650011313
2022-03-29 18:45:19,530.43
2022-03-29 18:45:24,542.8345826399977
2022-03-29 18:45:29,530.5
2022-03-29 18:45:34,542.8112002788642
2022-03-29 18:45:39,542.7995090982973
2022-03-29 18:45:44,530.43
2022-03-29 18:45:49,530.43
2022-03-29 18:45:54,530.43
2022-03-29 18:45:59,542.7527443760303
2022-03-29 18:46:04,530.43
2022-03-29 18:46:09,530.37
2022-03-29 18:46:14,530.37
2022-03-29 18:46:19,530.37
2022-03-29 18:46:24,530.43
2022-03-29 18:46:29,542.6825972926296
2022-03-29 18:46:34,530.37
2022-03-29 18:46:39,542.659214931496
2022-03-29 18:46:44,530.37
2022-03-29 18:46:49,542.6358325703625
2022-03-29 18:46:54,530.27
2022-03-29 18:46:59,542.6124502092289
2022-03-29 18:47:04,530.33
2022-03-29 18:47:09,530.26
2022-03-29 18:47:14,530.26
2022-03-29 18:47:19,530.26
2022-03-29 18:47:24,530.26
2022-03-29 18:47:29,530.33
2022-03-29 18:47:34,542.5306119452613
2022-03-29 18:47:39,530.33
2022-03-29 18:47:44,530.33
2022-03-29 18:47:49,530.32
2022-03-29 18:47:54,530.36
2022-03-29 18:47:59,530.36
2022-03-29 18:48:04,530.32
2022-03-29 18:48:09,542.4487736812938
2022-03-29 18:48:14,542.4370825007271
2022-03-29 18:48:19,530.35
2022-03-29 18:48:24,530.42
2022-03-29 18:48:29,530.42
2022-03-29 18:48:34,530.42
2022-03-29 18:48:39,530.42
2022-03-29 18:48:44,530.42
2022-03-29 18:48:49,530.48
2022-03-29 18:48:54,530.48
2022-03-29 18:48:59,530.48
2022-03-29 18:49:04,542.3201706950592
2022-03-29 18:49:09,530.54
2022-03-29 18:49:14,530.54
2022-03-29 18:49:19,542.2850971533588
2022-03-29 18:49:24,530.57
2022-03-29 18:49:29,530.54
2022-03-29 18:49:34,530.57
2022-03-29 18:49:39,530.57
2022-03-29 18:49:44,530.63
2022-03-29 18:49:49,530.63
2022-03-29 18:49:54,542.2032588893913
2022-03-29 18:49:59,530.7
2022-03-29 18:50:04,530.69
2022-03-29 18:50:09,542.1681853476911
2022-03-29 18:50:14,542.1564941671242
2022-03-29 18:50:19,530.82
2022-03-29 18:50:24,530.82
2022-03-29 18:50:29,542.1214206254239
2022-03-29 18:50:34,530.98
2022-03-29 18:50:39,530.98
2022-03-29 18:50:44,542.088909782216
2022-03-29 18:50:49,531.08
2022-03-29 18:50:54,542.0682136547844
2022-03-29 18:50:59,542.0578655910684
2022-03-29 18:51:04,542.0475175273526
2022-03-29 18:51:09,531.14
2022-03-29 18:51:14,531.27
2022-03-29 18:51:19,531.34
2022-03-29 18:51:24,531.34
2022-03-29 18:51:29,531.43
2022-03-29 18:51:34,531.43
2022-03-29 18:51:39,531.5
2022-03-29 18:51:44,531.6
2022-03-29 18:51:49,531.6
2022-03-29 18:51:54,531.66
2022-03-29 18:51:59,531.66
2022-03-29 18:52:04,531.72
2022-03-29 18:52:09,541.9129926990465
2022-03-29 18:52:14,531.79
2022-03-29 18:52:19,531.86
2022-03-29 18:52:24,531.86
2022-03-29 18:52:29,531.89
2022-03-29 18:52:34,531.89
2022-03-29 18:52:39,531.95
2022-03-29 18:52:44,541.8405562530356
2022-03-29 18:52:49,532.02
2022-03-29 18:52:54,532.08
2022-03-29 18:52:59,532.08
2022-03-29 18:53:04,541.7991639981722
2022-03-29 18:53:09,532.12
2022-03-29 18:53:14,532.18
2022-03-29 18:53:19,532.25
2022-03-29 18:53:24,532.25
2022-03-29 18:53:29,541.7474236795929
2022-03-29 18:53:34,532.31
2022-03-29 18:53:39,532.38
2022-03-29 18:53:44,532.38
2022-03-29 18:53:49,532.41
2022-03-29 18:53:54,532.47
2022-03-29 18:53:59,541.6853352972978
2022-03-29 18:54:04,541.674987233582
2022-03-29 18:54:09,532.54
2022-03-29 18:54:14,532.6
2022-03-29 18:54:19,532.64
2022-03-29 18:54:24,532.7
2022-03-29 18:54:29,532.7
2022-03-29 18:54:34,541.6128988512868
2022-03-29 18:54:39,532.77
2022-03-29 18:54:44,532.83
2022-03-29 18:54:49,532.83
2022-03-29 18:54:54,532.93
2022-03-29 18:54:59,532.9
2022-03-29 18:55:04,532.99
2022-03-29 18:55:09,541.5404624052759
2022-03-29 18:55:14,533.06
2022-03-29 18:55:19,533.06
2022-03-29 18:55:24,533.16
2022-03-29 18:55:29,533.15
2022-03-29 18:55:34,533.15
2022-03-29 18:55:39,533.22
2022-03-29 18:55:44,533.22
2022-03-29 18:55:49,533.28
2022-03-29 18:55:54,533.35
2022-03-29 18:55:59,541.4369817681174
2022-03-29 18:56:04,533.44
2022-03-29 18:56:09,541.4162856406857
2022-03-29 18:56:14,533.45
2022-03-29 18:56:19,533.57
2022-03-29 18:56:24,541.3852414495382
2022-03-29 18:56:29,533.57
2022-03-29 18:56:34,541.3645453221064
2022-03-29 18:56:39,533.73
2022-03-29 18:56:44,533.73
2022-03-29 18:56:49,533.79
2022-03-29 18:56:54,541.3231530672431
2022-03-29 18:56:59,533.86
2022-03-29 18:57:04,533.86
2022-03-29 18:57:09,541.2921088760955
2022-03-29 18:57:14,533.92
2022-03-29 18:57:19,533.92
2022-03-29 18:57:24,533.95
2022-03-29 18:57:29,533.95
2022-03-29 18:57:34,541.2403685575163
2022-03-29 18:57:39,541.2300204938005
2022-03-29 18:57:44,533.95
2022-03-29 18:57:49,534.02
2022-03-29 18:57:54,534.02
2022-03-29 18:57:59,541.188628238937
2022-03-29 18:58:04,534.01
2022-03-29 18:58:09,534.01
2022-03-29 18:58:14,534.02
2022-03-29 18:58:19,541.1472359840736
2022-03-29 18:58:24,534.08
2022-03-29 18:58:29,534.08
2022-03-29 18:58:34,534.01
2022-03-29 18:58:39,533.95
2022-03-29 18:58:44,534.01
2022-03-29 18:58:49,534.01
2022-03-29 18:58:54,541.0747995380626
2022-03-29 18:58:59,533.94
2022-03-29 18:59:04,533.94
2022-03-29 18:59:09,533.94
2022-03-29 18:59:14,533.94
2022-03-29 18:59:19,533.94
2022-03-29 18:59:24,541.0127111557675
2022-03-29 18:59:29,533.94
2022-03-29 18:59:34,533.94
2022-03-29 18:59:39,533.94
2022-03-29 18:59:44,540.9713189009041
2022-03-29 18:59:49,533.94
2022-03-29 18:59:54,540.9506227734724
2022-03-29 18:59:59,533.91
2022-03-29 19:00:04,533.94
2022-03-29 19:00:09,533.91
2022-03-29 19:00:14,540.909230518609
2022-03-29 19:00:19,533.91
2022-03-29 19:00:24,533.9
2022-03-29 19:00:29,533.84
2022-03-29 19:00:34,540.8678382637456
2022-03-29 19:00:39,533.84
2022-03-29 19:00:44,533.84
2022-03-29 19:00:49,540.8367940725981
2022-03-29 19:00:54,533.78
2022-03-29 19:00:59,540.8160979451663
2022-03-29 19:01:04,540.8057498814505
2022-03-29 19:01:09,533.71
2022-03-29 19:01:14,533.65
2022-03-29 19:01:19,540.7747056903029
2022-03-29 19:01:24,533.65
2022-03-29 19:01:29,533.65
2022-03-29 19:01:34,533.62
2022-03-29 19:01:39,540.7333134354395
2022-03-29 19:01:44,533.62
2022-03-29 19:01:49,533.56
2022-03-29 19:01:54,540.702269244292
2022-03-29 19:01:59,533.62
2022-03-29 19:02:04,533.56
2022-03-29 19:02:09,533.56
2022-03-29 19:02:14,533.49
2022-03-29 19:02:19,533.43
2022-03-29 19:02:24,540.6401808619969
2022-03-29 19:02:29,540.6298327982811
2022-03-29 19:02:34,533.43
2022-03-29 19:02:39,540.6091366708494
2022-03-29 19:02:44,533.43
2022-03-29 19:02:49,533.4
2022-03-29 19:02:54,540.5780924797018
2022-03-29 19:02:59,540.5677444159859
2022-03-29 19:03:04,533.34
2022-03-29 19:03:09,533.34
2022-03-29 19:03:14,533.27
2022-03-29 19:03:19,533.21
2022-03-29 19:03:24,540.5160040974067
2022-03-29 19:03:29,540.5056560336908
2022-03-29 19:03:34,540.495307969975
2022-03-29 19:03:39,533.15
2022-03-29 19:03:44,540.4746118425433
2022-03-29 19:03:49,533.05
2022-03-29 19:03:54,532.99
2022-03-29 19:03:59,533.05
2022-03-29 19:04:04,532.99
2022-03-29 19:04:09,532.93
2022-03-29 19:04:14,532.93
2022-03-29 19:04:19,532.9
2022-03-29 19:04:24,532.9
2022-03-29 19:04:29,532.77
2022-03-29 19:04:34,532.77
2022-03-29 19:04:39,532.77
2022-03-29 19:04:44,532.65
2022-03-29 19:04:49,532.65
2022-03-29 19:04:54,532.61
2022-03-29 19:04:59,532.55
2022-03-29 19:05:04,532.49
2022-03-29 19:05:09,540.4146875398991
2022-03-29 19:05:14,540.4241696236735
2022-03-29 19:05:19,540.4336517074479
2022-03-29 19:05:24,532.39
2022-03-29 19:05:29,532.33
2022-03-29 19:05:34,532.2
2022-03-29 19:05:39,532.27
2022-03-29 19:05:44,532.2
2022-03-29 19:05:49,532.14
2022-03-29 19:05:54,540.5000262938687
2022-03-29 19:05:59,532.11
2022-03-29 19:06:04,532.11
2022-03-29 19:06:09,540.5284725451919
2022-03-29 19:06:14,531.98
2022-03-29 19:06:19,531.92
2022-03-29 19:06:24,531.89
2022-03-29 19:06:29,531.89
2022-03-29 19:06:34,540.5758829640639
2022-03-29 19:06:39,531.83
2022-03-29 19:06:44,540.5948471316127
2022-03-29 19:06:49,540.6043292153871
2022-03-29 19:06:54,531.7
2022-03-29 19:06:59,531.64
2022-03-29 19:07:04,531.64
2022-03-29 19:07:09,531.6
2022-03-29 19:07:14,531.54
2022-03-29 19:07:19,531.54
2022-03-29 19:07:24,540.6707038018079
2022-03-29 19:07:29,540.6801858855823
2022-03-29 19:07:34,531.48
2022-03-29 19:07:39,540.6991500531311
2022-03-29 19:07:44,531.39
2022-03-29 19:07:49,531.39
2022-03-29 19:07:54,531.39
2022-03-29 19:07:59,531.42
2022-03-29 19:08:04,531.32
2022-03-29 19:08:09,531.32
2022-03-29 19:08:14,540.7655246395519
2022-03-29 19:08:19,531.32
2022-03-29 19:08:24,540.7844888071008
2022-03-29 19:08:29,540.7939708908751
2022-03-29 19:08:34,531.27
2022-03-29 19:08:39,531.27
2022-03-29 19:08:44,540.8224171421983
2022-03-29 19:08:49,531.2
2022-03-29 19:08:54,540.8413813097472
2022-03-29 19:08:59,540.8508633935215
2022-03-29 19:09:04,540.860345477296
2022-03-29 19:09:09,531.14
2022-03-29 19:09:14,531.14
2022-03-29 19:09:19,540.8887917286193
2022-03-29 19:09:24,540.8982738123937
2022-03-29 19:09:29,531.11
2022-03-29 19:09:34,531.05
2022-03-29 19:09:39,540.9267200637169
2022-03-29 19:09:44,531.05
2022-03-29 19:09:49,540.9456842312657
2022-03-29 19:09:54,530.99
2022-03-29 19:09:59,540.9646483988145
2022-03-29 19:10:04,530.93
2022-03-29 19:10:09,540.9836125663633
2022-03-29 19:10:14,530.83
2022-03-29 19:10:19,530.9
2022-03-29 19:10:24,530.77
2022-03-29 19:10:29,530.77
2022-03-29 19:10:34,530.77
2022-03-29 19:10:39,530.64
2022-03-29 19:10:44,541.0499871527841
2022-03-29 19:10:49,530.65
2022-03-29 19:10:54,541.0689513203329
2022-03-29 19:10:59,530.55
2022-03-29 19:11:04,530.62
2022-03-29 19:11:09,530.56
2022-03-29 19:11:14,530.56
2022-03-29 19:11:19,530.56
2022-03-29 19:11:24,530.49
2022-03-29 19:11:29,541.1353259067537
2022-03-29 19:11:34,530.43
2022-03-29 19:11:39,530.43
2022-03-29 19:11:44,530.4
2022-03-29 19:11:49,530.4
2022-03-29 19:11:54,541.1827363256258
2022-03-29 19:11:59,530.41
2022-03-29 19:12:04,530.41
2022-03-29 19:12:09,541.211182576949
2022-03-29 19:12:14,541.2206646607234
2022-03-29 19:12:19,530.35
2022-03-29 19:12:24,541.2396288282722
2022-03-29 19:12:29,530.41
2022-03-29 19:12:34,541.2585929958209
2022-03-29 19:12:39,530.42
2022-03-29 19:12:44,530.42
2022-03-29 19:12:49,530.35
2022-03-29 19:12:54,530.35
2022-03-29 19:12:59,541.306003414693
2022-03-29 19:13:04,530.42
2022-03-29 19:13:09,530.36
2022-03-29 19:13:14,541.3344496660162
2022-03-29 19:13:19,530.36
2022-03-29 19:13:24,541.353413833565
2022-03-29 19:13:29,530.42
2022-03-29 19:13:34,530.46
2022-03-29 19:13:39,530.43
2022-03-29 19:13:44,530.43
2022-03-29 19:13:49,541.400824252437
2022-03-29 19:13:54,541.4103063362114
2022-03-29 19:13:59,530.46
2022-03-29 19:14:04,530.46
2022-03-29 19:14:09,530.46
2022-03-29 19:14:14,530.46
2022-03-29 19:14:19,541.4577167550834
2022-03-29 19:14:24,530.53
2022-03-29 19:14:29,530.53
2022-03-29 19:14:34,541.4861630064066
2022-03-29 19:14:39,541.495645090181
2022-03-29 19:14:44,541.5051271739554
2022-03-29 19:14:49,530.6
2022-03-29 19:14:54,530.6
2022-03-29 19:14:59,530.6
2022-03-29 19:15:04,541.543055509053
2022-03-29 19:15:09,530.6
2022-03-29 19:15:14,530.66
2022-03-29 19:15:19,530.6
2022-03-29 19:15:24,541.5809838441506
2022-03-29 19:15:29,530.67
2022-03-29 19:15:34,530.67
2022-03-29 19:15:39,530.6
2022-03-29 19:15:44,530.67
2022-03-29 19:15:49,530.7
2022-03-29 19:15:54,530.7
2022-03-29 19:15:59,530.7
2022-03-29 19:16:04,530.76
2022-03-29 19:16:09,530.76
2022-03-29 19:16:14,541.6758046818948
2022-03-29 19:16:19,530.89
2022-03-29 19:16:24,530.83
2022-03-29 19:16:29,530.96
2022-03-29 19:16:34,541.7137330169924
2022-03-29 19:16:39,530.96
2022-03-29 19:16:44,530.99
2022-03-29 19:16:49,530.99
2022-03-29 19:16:54,541.75166135209
2022-03-29 19:16:59,531.12
2022-03-29 19:17:04,531.05
2022-03-29 19:17:09,531.12
2022-03-29 19:17:14,541.7895896871876
2022-03-29 19:17:19,531.19
2022-03-29 19:17:24,531.22
2022-03-29 19:17:29,531.22
2022-03-29 19:17:34,531.28
2022-03-29 19:17:39,541.8370001060596
2022-03-29 19:17:44,541.846482189834
2022-03-29 19:17:49,531.41
2022-03-29 19:17:54,541.8654463573828
2022-03-29 19:17:59,531.41
2022-03-29 19:18:04,531.51
2022-03-29 19:18:09,531.51
2022-03-29 19:18:14,531.51
2022-03-29 19:18:19,541.9128567762548
2022-03-29 19:18:24,531.64
2022-03-29 19:18:29,541.9318209438036
2022-03-29 19:18:34,531.64
2022-03-29 19:18:39,531.64
2022-03-29 19:18:44,531.7
2022-03-29 19:18:49,541.9724596305922
2022-03-29 19:18:54,541.9853699067282
2022-03-29 19:18:59,531.8
2022-03-29 19:19:04,542.0111904590003
2022-03-29 19:19:09,531.87
2022-03-29 19:19:14,531.87
2022-03-29 19:19:19,542.0499212874083
2022-03-29 19:19:24,532.0
2022-03-29 19:19:29,542.0757418396804
2022-03-29 19:19:34,532.0
2022-03-29 19:19:39,532.09
2022-03-29 19:19:44,542.1144726680885
2022-03-29 19:19:49,532.16
2022-03-29 19:19:54,532.16
2022-03-29 19:19:59,532.22
2022-03-29 19:20:04,542.1661137726327
2022-03-29 19:20:09,532.23
2022-03-29 19:20:14,542.1919343249048
2022-03-29 19:20:19,532.32
2022-03-29 19:20:24,532.39
2022-03-29 19:20:29,532.39
2022-03-29 19:20:34,532.45
2022-03-29 19:20:39,542.2564857055849
2022-03-29 19:20:44,532.52
2022-03-29 19:20:49,532.52
2022-03-29 19:20:54,532.56
2022-03-29 19:20:59,532.62
2022-03-29 19:21:04,542.321037086265
2022-03-29 19:21:09,532.69
2022-03-29 19:21:14,542.3468576385371
2022-03-29 19:21:19,532.69
2022-03-29 19:21:24,532.69
2022-03-29 19:21:29,542.3855884669451
2022-03-29 19:21:34,532.78
2022-03-29 19:21:39,542.4114090192172
2022-03-29 19:21:44,532.79
2022-03-29 19:21:49,532.85
2022-03-29 19:21:54,532.92
2022-03-29 19:21:59,532.99
2022-03-29 19:22:04,533.05
2022-03-29 19:22:09,533.08
2022-03-29 19:22:14,542.5017809521695
2022-03-29 19:22:19,533.15
2022-03-29 19:22:24,533.28
2022-03-29 19:22:29,542.5405117805776
2022-03-29 19:22:34,542.5534220567137
2022-03-29 19:22:39,533.38
2022-03-29 19:22:44,533.44
2022-03-29 19:22:49,533.51
2022-03-29 19:22:54,533.51
2022-03-29 19:22:59,533.61
2022-03-29 19:23:04,542.6308837135298
2022-03-29 19:23:09,533.74
2022-03-29 19:23:14,533.74
2022-03-29 19:23:19,533.8
2022-03-29 19:23:24,533.83
2022-03-29 19:23:29,533.9
2022-03-29 19:23:34,533.9
2022-03-29 19:23:39,534.03
2022-03-29 19:23:44,534.09
2022-03-29 19:23:49,542.747076198754
2022-03-29 19:23:54,534.19
2022-03-29 19:23:59,542.7728967510261
2022-03-29 19:24:04,534.32
2022-03-29 19:24:09,542.7987173032982
2022-03-29 19:24:14,534.42
2022-03-29 19:24:19,534.48
2022-03-29 19:24:24,542.8374481317062
2022-03-29 19:24:29,534.64
2022-03-29 19:24:34,534.71
2022-03-29 19:24:39,534.78
2022-03-29 19:24:44,542.8890892362504
2022-03-29 19:24:49,542.9019995123864
2022-03-29 19:24:54,542.9149097885224
2022-03-29 19:24:59,535.06
2022-03-29 19:25:04,535.13
2022-03-29 19:25:09,535.23
2022-03-29 19:25:14,535.29
2022-03-29 19:25:19,542.9794611692026
2022-03-29 19:25:24,535.35
2022-03-29 19:25:29,535.39
2022-03-29 19:25:34,543.0181919976106
2022-03-29 19:25:39,535.39
2022-03-29 19:25:44,535.45
2022-03-29 19:25:49,535.52
2022-03-29 19:25:54,535.51
2022-03-29 19:25:59,535.58
2022-03-29 19:26:04,535.52
2022-03-29 19:26:09,535.52
2022-03-29 19:26:14,535.51
2022-03-29 19:26:19,543.134384482835
2022-03-29 19:26:24,535.51
2022-03-29 19:26:29,535.45
2022-03-29 19:26:34,535.45
2022-03-29 19:26:39,543.1860255873792
2022-03-29 19:26:44,535.38
2022-03-29 19:26:49,543.2118461396512
2022-03-29 19:26:54,535.35
2022-03-29 19:26:59,535.28
2022-03-29 19:27:04,535.28
2022-03-29 19:27:09,535.22
2022-03-29 19:27:14,535.16
2022-03-29 19:27:19,535.12
2022-03-29 19:27:24,535.06
2022-03-29 19:27:29,543.3151283487393
2022-03-29 19:27:34,543.3280386248755
2022-03-29 19:27:39,534.83
2022-03-29 19:27:44,534.77
2022-03-29 19:27:49,534.7
2022-03-29 19:27:54,534.7
2022-03-29 19:27:59,534.64
2022-03-29 19:28:04,543.4055002816916
2022-03-29 19:28:09,543.4184105578277
2022-03-29 19:28:14,534.41
2022-03-29 19:28:19,534.32
2022-03-29 19:28:24,534.25
2022-03-29 19:28:29,543.4700516623717
2022-03-29 19:28:34,534.09
2022-03-29 19:28:39,534.09
2022-03-29 19:28:44,533.96
2022-03-29 19:28:49,533.96
2022-03-29 19:28:54,533.83
2022-03-29 19:28:59,543.5475133191879
2022-03-29 19:29:04,543.560423595324
2022-03-29 19:29:09,533.67
2022-03-29 19:29:14,533.57
2022-03-29 19:29:19,543.5991544237321
2022-03-29 19:29:24,533.45
2022-03-29 19:29:29,543.6249749760042
2022-03-29 19:29:34,543.6378852521402
2022-03-29 19:29:39,533.22
2022-03-29 19:29:44,533.16
2022-03-29 19:29:49,533.09
2022-03-29 19:29:54,533.0
2022-03-29 19:29:59,532.93
2022-03-29 19:30:04,532.87
2022-03-29 19:30:09,532.8
2022-03-29 19:30:14,543.7411674612284
2022-03-29 19:30:19,532.71
2022-03-29 19:30:24,532.71
2022-03-29 19:30:29,532.55
2022-03-29 19:30:34,543.7928085657725
2022-03-29 19:30:39,532.42
2022-03-29 19:30:44,532.35
2022-03-29 19:30:49,532.29
2022-03-29 19:30:54,532.26
2022-03-29 19:30:59,532.2
2022-03-29 19:31:04,532.13
2022-03-29 19:31:09,532.07
2022-03-29 19:31:14,543.8960907748608
2022-03-29 19:31:19,543.9090010509968
2022-03-29 19:31:24,543.9219113271329
2022-03-29 19:31:29,531.78
2022-03-29 19:31:34,531.69
2022-03-29 19:31:39,531.69
2022-03-29 19:31:44,531.56
2022-03-29 19:31:49,531.53
2022-03-29 19:31:54,543.999372983949
2022-03-29 19:31:59,531.27
2022-03-29 19:32:04,531.24
2022-03-29 19:32:09,531.18
2022-03-29 19:32:14,531.11
2022-03-29 19:32:19,544.0639243646292
2022-03-29 19:32:24,530.89
2022-03-29 19:32:29,530.82
2022-03-29 19:32:34,544.1026551930372
2022-03-29 19:32:39,530.73
2022-03-29 19:32:44,530.67
2022-03-29 19:32:49,530.54
2022-03-29 19:32:54,544.1461177511933
2022-03-29 19:32:59,530.38
2022-03-29 19:33:04,530.31
2022-03-29 19:33:09,544.1513252865187
2022-03-29 19:33:14,530.15
2022-03-29 19:33:19,530.03
2022-03-29 19:33:24,544.1565328218442
2022-03-29 19:33:29,529.86
2022-03-29 19:33:34,529.86
2022-03-29 19:33:39,529.73
2022-03-29 19:33:44,544.163476202278
2022-03-29 19:33:49,529.58
2022-03-29 19:33:54,544.1669478924949
2022-03-29 19:33:59,529.48
2022-03-29 19:34:04,544.1704195827119
2022-03-29 19:34:09,544.1721554278204
2022-03-29 19:34:14,544.1738912729289
2022-03-29 19:34:19,529.22
2022-03-29 19:34:24,529.19
2022-03-29 19:34:29,544.1790988082543
2022-03-29 19:34:34,544.1808346533628
2022-03-29 19:34:39,529.06
2022-03-29 19:34:44,529.0
2022-03-29 19:34:49,544.1860421886882
2022-03-29 19:34:54,544.1877780337967
2022-03-29 19:34:59,528.97
2022-03-29 19:35:04,528.9
2022-03-29 19:35:09,528.9
2022-03-29 19:35:14,528.9
2022-03-29 19:35:19,528.9
2022-03-29 19:35:24,544.1981931044476
2022-03-29 19:35:29,544.199928949556
2022-03-29 19:35:34,528.97
2022-03-29 19:35:39,528.99
2022-03-29 19:35:44,528.96
2022-03-29 19:35:49,544.2068723299899
2022-03-29 19:35:54,528.99
2022-03-29 19:35:59,529.06
2022-03-29 19:36:04,529.06
2022-03-29 19:36:09,544.2138157104238
2022-03-29 19:36:14,544.2155515555323
2022-03-29 19:36:19,529.12
2022-03-29 19:36:24,529.12
2022-03-29 19:36:29,529.12
2022-03-29 19:36:34,529.12
2022-03-29 19:36:39,529.22
2022-03-29 19:36:44,544.2259666261831
2022-03-29 19:36:49,529.22
2022-03-29 19:36:54,529.22
2022-03-29 19:36:59,529.28
2022-03-29 19:37:04,544.232910006617
2022-03-29 19:37:09,529.35
2022-03-29 19:37:14,529.35
2022-03-29 19:37:19,529.35
2022-03-29 19:37:24,529.35
2022-03-29 19:37:29,529.35
2022-03-29 19:37:34,529.41
2022-03-29 19:37:39,529.41
2022-03-29 19:37:44,529.47
2022-03-29 19:37:49,529.47
2022-03-29 19:37:54,529.47
2022-03-29 19:37:59,529.41
2022-03-29 19:38:04,529.47
2022-03-29 19:38:09,529.47
2022-03-29 19:38:14,544.2572118381356
2022-03-29 19:38:19,544.2589476832442
2022-03-29 19:38:24,544.2606835283526
2022-03-29 19:38:29,544.2624193734611
2022-03-29 19:38:34,529.47
2022-03-29 19:38:39,529.47
2022-03-29 19:38:44,544.2676269087865
2022-03-29 19:38:49,544.2693627538949
2022-03-29 19:38:54,529.47
2022-03-29 19:38:59,544.2728344441119
2022-03-29 19:39:04,529.4
2022-03-29 19:39:09,544.2763061343289
2022-03-29 19:39:14,529.47
2022-03-29 19:39:19,529.47
2022-03-29 19:39:24,529.47
2022-03-29 19:39:29,529.47
2022-03-29 19:39:34,529.4
2022-03-29 19:39:39,544.2867212049797
2022-03-29 19:39:44,529.47
2022-03-29 19:39:49,529.41
2022-03-29 19:39:54,529.47
2022-03-29 19:39:59,529.41
2022-03-29 19:40:04,529.41
2022-03-29 19:40:09,529.47
2022-03-29 19:40:14,529.47
2022-03-29 19:40:19,529.41
2022-03-29 19:40:24,529.47
2022-03-29 19:40:29,529.5
2022-03-29 19:40:34,529.47
2022-03-29 19:40:39,529.51
2022-03-29 19:40:44,529.64
2022-03-29 19:40:49,544.3110230364983
2022-03-29 19:40:54,529.63
2022-03-29 19:40:59,529.64
2022-03-29 19:41:04,529.73
2022-03-29 19:41:09,544.3179664169322
2022-03-29 19:41:14,529.74
2022-03-29 19:41:19,544.3214381071492
2022-03-29 19:41:24,529.8
2022-03-29 19:41:29,529.74
2022-03-29 19:41:34,529.8
2022-03-29 19:41:39,544.3283814875831
2022-03-29 19:41:44,529.8
2022-03-29 19:41:49,529.8
2022-03-29 19:41:54,529.87
2022-03-29 19:41:59,529.87
2022-03-29 19:42:04,544.3370607131254
2022-03-29 19:42:09,529.94
2022-03-29 19:42:14,544.3405324033424
2022-03-29 19:42:19,530.0
2022-03-29 19:42:24,544.3440040935594
2022-03-29 19:42:29,530.03
2022-03-29 19:42:34,530.03
2022-03-29 19:42:39,530.1
2022-03-29 19:42:44,530.17
2022-03-29 19:42:49,530.17
2022-03-29 19:42:54,530.23
2022-03-29 19:42:59,530.27
2022-03-29 19:43:04,530.26
2022-03-29 19:43:09,530.33
2022-03-29 19:43:14,530.39
2022-03-29 19:43:19,530.46
2022-03-29 19:43:24,530.46
2022-03-29 19:43:29,530.52
2022-03-29 19:43:34,530.52
2022-03-29 19:43:39,530.55
2022-03-29 19:43:44,530.62
2022-03-29 19:43:49,544.3735134604034
2022-03-29 19:43:54,530.69
2022-03-29 19:43:59,530.75
2022-03-29 19:44:04,530.78
2022-03-29 19:44:09,530.84
2022-03-29 19:44:14,530.84
2022-03-29 19:44:19,544.3839285310543
2022-03-29 19:44:24,544.3856643761628
2022-03-29 19:44:29,544.3874002212713
2022-03-29 19:44:34,531.04
2022-03-29 19:44:39,531.07
2022-03-29 19:44:44,531.14
2022-03-29 19:44:49,531.13
2022-03-29 19:44:54,531.2
2022-03-29 19:44:59,531.27
2022-03-29 19:45:04,544.3995511370306
2022-03-29 19:45:09,531.36
2022-03-29 19:45:14,531.43
2022-03-29 19:45:19,531.49
2022-03-29 19:45:24,531.55
2022-03-29 19:45:29,531.65
2022-03-29 19:45:34,531.59
2022-03-29 19:45:39,531.65
2022-03-29 19:45:44,544.4134378978983
2022-03-29 19:45:49,531.81
2022-03-29 19:45:54,544.4169095881153
2022-03-29 19:45:59,544.4186454332238
2022-03-29 19:46:04,531.87
2022-03-29 19:46:09,531.94
2022-03-29 19:46:14,544.4238529685492
2022-03-29 19:46:19,532.07
2022-03-29 19:46:24,532.1
2022-03-29 19:46:29,532.16
2022-03-29 19:46:34,544.4307963489831
2022-03-29 19:46:39,532.22
2022-03-29 19:46:44,532.29
2022-03-29 19:46:49,532.29
2022-03-29 19:46:54,544.437739729417
2022-03-29 19:46:59,532.32
2022-03-29 19:47:04,532.38
2022-03-29 19:47:09,544.4404965858947
2022-03-29 19:47:14,532.38
2022-03-29 19:47:19,532.45
2022-03-29 19:47:24,532.45
2022-03-29 19:47:29,544.443772918331
2022-03-29 19:47:34,544.4445920014401
2022-03-29 19:47:39,544.4454110845492
2022-03-29 19:47:44,532.57
2022-03-29 19:47:49,532.57
2022-03-29 19:47:54,532.57
2022-03-29 19:47:59,544.4486874169855
2022-03-29 19:48:04,532.6
2022-03-29 19:48:09,532.6
2022-03-29 19:48:14,532.6
2022-03-29 19:48:19,532.66
2022-03-29 19:48:24,544.4527828325309
2022-03-29 19:48:29,532.73
2022-03-29 19:48:34,532.66
2022-03-29 19:48:39,544.4552400818582
2022-03-29 19:48:44,532.82
2022-03-29 19:48:49,532.82
2022-03-29 19:48:54,532.82
2022-03-29 19:48:59,532.82
2022-03-29 19:49:04,532.89
2022-03-29 19:49:09,532.95
2022-03-29 19:49:14,532.95
2022-03-29 19:49:19,533.02
2022-03-29 19:49:24,532.95
2022-03-29 19:49:29,544.463430912949
2022-03-29 19:49:34,544.464249996058
2022-03-29 19:49:39,533.02
2022-03-29 19:49:44,533.08
2022-03-29 19:49:49,544.4667072453852
2022-03-29 19:49:54,533.11
2022-03-29 19:49:59,533.18
2022-03-29 19:50:04,533.18
2022-03-29 19:50:09,544.4699835778216
2022-03-29 19:50:14,533.31
2022-03-29 19:50:19,533.31
2022-03-29 19:50:24,533.31
2022-03-29 19:50:29,544.4732599102579
2022-03-29 19:50:34,533.34
2022-03-29 19:50:39,544.474898076476
2022-03-29 19:50:44,544.4757171595851
2022-03-29 19:50:49,533.41
2022-03-29 19:50:54,544.4773553258033
2022-03-29 19:50:59,533.54
2022-03-29 19:51:04,533.47
2022-03-29 19:51:09,533.6
2022-03-29 19:51:14,533.61
2022-03-29 19:51:19,544.4814507413487
2022-03-29 19:51:24,533.64
2022-03-29 19:51:29,533.7
2022-03-29 19:51:34,533.7
2022-03-29 19:51:39,544.4847270737849
2022-03-29 19:51:44,544.4855461568941
2022-03-29 19:51:49,533.83
2022-03-29 19:51:54,533.87
2022-03-29 19:51:59,544.4880034062213
2022-03-29 19:52:04,533.87
2022-03-29 19:52:09,544.4896415724395
2022-03-29 19:52:14,533.93
2022-03-29 19:52:19,534.0
2022-03-29 19:52:24,534.06
2022-03-29 19:52:29,534.06
2022-03-29 19:52:34,534.06
2022-03-29 19:52:39,544.4945560710939
2022-03-29 19:52:44,534.13
2022-03-29 19:52:49,534.13
2022-03-29 19:52:54,534.13
2022-03-29 19:52:59,534.16
2022-03-29 19:53:04,534.17
2022-03-29 19:53:09,534.23
2022-03-29 19:53:14,534.29
2022-03-29 19:53:19,534.29
2022-03-29 19:53:24,534.29
2022-03-29 19:53:29,534.36
2022-03-29 19:53:34,534.39
2022-03-29 19:53:39,544.5043850684028
2022-03-29 19:53:44,534.39
2022-03-29 19:53:49,534.45
2022-03-29 19:53:54,534.45
2022-03-29 19:53:59,534.46
2022-03-29 19:54:04,534.46
2022-03-29 19:54:09,534.45
2022-03-29 19:54:14,544.5101186501664
2022-03-29 19:54:19,544.5109377332756
2022-03-29 19:54:24,544.5117568163846
2022-03-29 19:54:29,534.52
2022-03-29 19:54:34,544.5133949826028
2022-03-29 19:54:39,534.59
2022-03-29 19:54:44,534.58
2022-03-29 19:54:49,534.65
2022-03-29 19:54:54,544.516671315039
2022-03-29 19:54:59,534.58
2022-03-29 19:55:04,534.52
2022-03-29 19:55:09,544.5191285643663
2022-03-29 19:55:14,534.52
2022-03-29 19:55:19,534.39
2022-03-29 19:55:24,534.39
2022-03-29 19:55:29,534.36
2022-03-29 19:55:34,544.5232239799117
2022-03-29 19:55:39,534.16
2022-03-29 19:55:44,534.07
2022-03-29 19:55:49,544.5256812292389
2022-03-29 19:55:54,533.87
2022-03-29 19:55:59,533.78
2022-03-29 19:56:04,544.5281384785661
2022-03-29 19:56:09,533.62
2022-03-29 19:56:14,533.42
2022-03-29 19:56:19,533.33
2022-03-29 19:56:24,533.2
2022-03-29 19:56:29,533.1
2022-03-29 19:56:34,544.5330529772207
2022-03-29 19:56:39,544.5338720603297
2022-03-29 19:56:44,532.68
2022-03-29 19:56:49,544.5355102265479
2022-03-29 19:56:54,544.5363293096569
2022-03-29 19:56:59,544.5371483927661
2022-03-29 19:57:04,544.5379674758751
2022-03-29 19:57:09,532.1
2022-03-29 19:57:14,531.94
2022-03-29 19:57:19,531.87
2022-03-29 19:57:24,531.71
2022-03-29 19:57:29,544.5420628914205
2022-03-29 19:57:34,531.55
2022-03-29 19:57:39,531.42
2022-03-29 19:57:44,531.29
2022-03-29 19:57:49,531.26
2022-03-29 19:57:54,544.5461583069659
2022-03-29 19:57:59,531.03
2022-03-29 19:58:04,530.9
2022-03-29 19:58:09,530.77
2022-03-29 19:58:14,530.74
2022-03-29 19:58:19,530.61
2022-03-29 19:58:24,530.55
2022-03-29 19:58:29,544.5518918887294
2022-03-29 19:58:34,544.5527109718386
2022-03-29 19:58:39,544.5535300549476
2022-03-29 19:58:44,544.5543491380568
2022-03-29 19:58:49,529.99
2022-03-29 19:58:54,529.93
2022-03-29 19:58:59,544.556806387384
2022-03-29 19:59:04,544.557625470493
2022-03-29 19:59:09,529.64
2022-03-29 19:59:14,544.5592636367112
2022-03-29 19:59:19,544.5600827198202
2022-03-29 19:59:24,529.42
2022-03-29 19:59:29,529.35
2022-03-29 19:59:34,529.28
2022-03-29 19:59:39,544.5633590522566
2022-03-29 19:59:44,529.13
2022-03-29 19:59:49,529.0
2022-03-29 19:59:54,544.5658163015838
2022-03-29 19:59:59,528.9
2022-03-29 20:00:04,528.83
2022-03-29 20:00:09,544.568273550911
2022-03-29 20:00:14,544.5690926340201
2022-03-29 20:00:19,528.61
2022-03-29 20:00:24,528.55
2022-03-29 20:00:29,528.48
2022-03-29 20:00:34,528.45
2022-03-29 20:00:39,544.5731880495655
2022-03-29 20:00:44,544.5740071326746
2022-03-29 20:00:49,528.16
2022-03-29 20:00:54,528.16
2022-03-29 20:00:59,544.5764643820019
2022-03-29 20:01:04,527.94
2022-03-29 20:01:09,527.88
2022-03-29 20:01:14,544.5745067236451
2022-03-29 20:01:19,527.68
2022-03-29 20:01:24,544.5727676176679
2022-03-29 20:01:29,544.5718980646793
2022-03-29 20:01:34,527.43
2022-03-29 20:01:39,527.36
2022-03-29 20:01:44,527.3
2022-03-29 20:01:49,544.5684198527249
2022-03-29 20:01:54,544.5675502997362
2022-03-29 20:01:59,527.01
2022-03-29 20:02:04,526.95
2022-03-29 20:02:09,526.85
2022-03-29 20:02:14,526.73
2022-03-29 20:02:19,526.66
2022-03-29 20:02:24,526.56
2022-03-29 20:02:29,526.5
2022-03-29 20:02:34,526.34
2022-03-29 20:02:39,526.27
2022-03-29 20:02:44,526.21
2022-03-29 20:02:49,526.15
2022-03-29 20:02:54,526.12
2022-03-29 20:02:59,525.99
2022-03-29 20:03:04,544.5553765578958
2022-03-29 20:03:09,544.5545070049072
2022-03-29 20:03:14,525.76
2022-03-29 20:03:19,525.7
2022-03-29 20:03:24,544.5518983459414
2022-03-29 20:03:29,525.54
2022-03-29 20:03:34,525.47
2022-03-29 20:03:39,544.5492896869755
2022-03-29 20:03:44,525.37
2022-03-29 20:03:49,525.25
2022-03-29 20:03:54,544.5466810280097
2022-03-29 20:03:59,525.18
2022-03-29 20:04:04,544.5449419220325
2022-03-29 20:04:09,544.5440723690439
2022-03-29 20:04:14,524.96
2022-03-29 20:04:19,525.02
2022-03-29 20:04:24,544.5414637100781
2022-03-29 20:04:29,524.96
2022-03-29 20:04:34,524.96
2022-03-29 20:04:39,524.96
2022-03-29 20:04:44,544.5379854981237
2022-03-29 20:04:49,544.537115945135
2022-03-29 20:04:54,524.86
2022-03-29 20:04:59,524.89
2022-03-29 20:05:04,524.86
2022-03-29 20:05:09,524.86
2022-03-29 20:05:14,524.86
2022-03-29 20:05:19,524.86
2022-03-29 20:05:24,524.86
2022-03-29 20:05:29,524.79
2022-03-29 20:05:34,524.86
2022-03-29 20:05:39,524.86
2022-03-29 20:05:44,524.86
2022-03-29 20:05:49,524.86
2022-03-29 20:05:54,524.86
2022-03-29 20:05:59,524.86
2022-03-29 20:06:04,524.86
2022-03-29 20:06:09,524.89
2022-03-29 20:06:14,544.5223335443288
2022-03-29 20:06:19,524.89
2022-03-29 20:06:24,524.89
2022-03-29 20:06:29,524.85
2022-03-29 20:06:34,524.89
2022-03-29 20:06:39,524.85
2022-03-29 20:06:44,524.85
2022-03-29 20:06:49,524.85
2022-03-29 20:06:54,524.85
2022-03-29 20:06:59,524.85
2022-03-29 20:07:04,544.5136380144427
2022-03-29 20:07:09,544.5127684614541
2022-03-29 20:07:14,544.5118989084655
2022-03-29 20:07:19,524.85
2022-03-29 20:07:24,524.85
2022-03-29 20:07:29,544.5092902494997
2022-03-29 20:07:34,544.508420696511
2022-03-29 20:07:39,524.94
2022-03-29 20:07:44,524.94
2022-03-29 20:07:49,524.94
2022-03-29 20:07:54,544.5049424845566
2022-03-29 20:07:59,524.94
2022-03-29 20:08:04,525.0
2022-03-29 20:08:09,525.0
2022-03-29 20:08:14,525.0
2022-03-29 20:08:19,525.06
2022-03-29 20:08:24,525.06
2022-03-29 20:08:29,525.06
2022-03-29 20:08:34,544.4979860606478
2022-03-29 20:08:39,544.4971165076593
2022-03-29 20:08:44,525.09
2022-03-29 20:08:49,525.22
2022-03-29 20:08:54,525.22
2022-03-29 20:08:59,525.29
2022-03-29 20:09:04,525.29
2022-03-29 20:09:09,525.38
2022-03-29 20:09:14,525.38
2022-03-29 20:09:19,525.45
2022-03-29 20:09:24,525.51
2022-03-29 20:09:29,525.58
2022-03-29 20:09:34,525.67
2022-03-29 20:09:39,544.486681871796
2022-03-29 20:09:44,525.87
2022-03-29 20:09:49,525.96
2022-03-29 20:09:54,526.09
2022-03-29 20:09:59,526.12
2022-03-29 20:10:04,526.25
2022-03-29 20:10:09,526.38
2022-03-29 20:10:14,526.48
2022-03-29 20:10:19,544.4797254478871
2022-03-29 20:10:24,526.77
2022-03-29 20:10:29,526.9
2022-03-29 20:10:34,527.0
2022-03-29 20:10:39,527.16
2022-03-29 20:10:44,527.35
2022-03-29 20:10:49,527.45
2022-03-29 20:10:54,544.4736385769669
2022-03-29 20:10:59,527.8
2022-03-29 20:11:04,527.96
2022-03-29 20:11:09,528.16
2022-03-29 20:11:14,544.4701603650125
2022-03-29 20:11:19,528.48
2022-03-29 20:11:24,528.67
2022-03-29 20:11:29,528.9
2022-03-29 20:11:34,529.0
2022-03-29 20:11:39,544.4658126000694
2022-03-29 20:11:44,529.42
2022-03-29 20:11:49,529.64
2022-03-29 20:11:54,544.4632039411036
2022-03-29 20:11:59,544.462334388115
2022-03-29 20:12:04,544.4614648351264
2022-03-29 20:12:09,544.4605952821378
2022-03-29 20:12:14,544.4597257291492
2022-03-29 20:12:19,530.74
2022-03-29 20:12:24,544.457986623172
2022-03-29 20:12:29,544.4571170701834
2022-03-29 20:12:34,531.35
2022-03-29 20:12:39,531.58
2022-03-29 20:12:44,544.4545084112176
2022-03-29 20:12:49,531.94
2022-03-29 20:12:54,532.1
2022-03-29 20:12:59,544.4518997522517
2022-03-29 20:13:04,532.52
2022-03-29 20:13:09,544.4501606462745
2022-03-29 20:13:14,532.84
2022-03-29 20:13:19,532.97
2022-03-29 20:13:24,544.4475519873087
2022-03-29 20:13:29,533.32
2022-03-29 20:13:34,533.49
2022-03-29 20:13:39,533.55
2022-03-29 20:13:44,533.71
2022-03-29 20:13:49,533.88
2022-03-29 20:13:54,544.442334669377
2022-03-29 20:13:59,534.17
2022-03-29 20:14:04,534.3
2022-03-29 20:14:09,534.46
2022-03-29 20:14:14,544.4388564574226
2022-03-29 20:14:19,544.4379869044341
2022-03-29 20:14:24,534.69
2022-03-29 20:14:29,534.81
2022-03-29 20:14:34,534.88
2022-03-29 20:14:39,544.4345086924797
2022-03-29 20:14:44,544.433639139491
2022-03-29 20:14:49,535.21
2022-03-29 20:14:54,544.4319000335138
2022-03-29 20:14:59,535.33
2022-03-29 20:15:04,544.4301609275366
2022-03-29 20:15:09,544.4223915256655
2022-03-29 20:15:14,535.44
2022-03-29 20:15:19,535.57
2022-03-29 20:15:24,535.63
2022-03-29 20:15:29,544.3692538379514
2022-03-29 20:15:34,535.73
2022-03-29 20:15:39,535.73
2022-03-29 20:15:44,535.79
2022-03-29 20:15:49,544.3161161502373
2022-03-29 20:15:54,535.86
2022-03-29 20:15:59,535.86
2022-03-29 20:16:04,535.86
2022-03-29 20:16:09,544.2629784625233
2022-03-29 20:16:14,535.93
2022-03-29 20:16:19,535.86
2022-03-29 20:16:24,544.2231251967377
2022-03-29 20:16:29,544.2098407748091
2022-03-29 20:16:34,535.93
2022-03-29 20:16:39,544.1832719309521
2022-03-29 20:16:44,535.87
2022-03-29 20:16:49,544.156703087095
2022-03-29 20:16:54,535.87
2022-03-29 20:16:59,535.87
2022-03-29 20:17:04,535.87
2022-03-29 20:17:09,535.87
2022-03-29 20:17:14,535.81
2022-03-29 20:17:19,535.81
2022-03-29 20:17:24,535.81
2022-03-29 20:17:29,535.81
2022-03-29 20:17:34,544.0371432897383
2022-03-29 20:17:39,535.81
2022-03-29 20:17:44,535.75
2022-03-29 20:17:49,535.75
2022-03-29 20:17:54,535.72
2022-03-29 20:17:59,535.72
2022-03-29 20:18:04,535.65
2022-03-29 20:18:09,543.9441523362386
2022-03-29 20:18:14,535.66
2022-03-29 20:18:19,535.59
2022-03-29 20:18:24,543.904299070453
2022-03-29 20:18:29,543.8910146485246
2022-03-29 20:18:34,535.47
2022-03-29 20:18:39,535.37
2022-03-29 20:18:44,543.851161382739
2022-03-29 20:18:49,543.8378769608105
2022-03-29 20:18:54,535.31
2022-03-29 20:18:59,535.22
2022-03-29 20:19:04,535.22
2022-03-29 20:19:09,535.15
2022-03-29 20:19:14,535.09
2022-03-29 20:19:19,535.03
2022-03-29 20:19:24,534.96
2022-03-29 20:19:29,543.7316015853822
2022-03-29 20:19:34,534.87
2022-03-29 20:19:39,534.81
2022-03-29 20:19:44,534.81
2022-03-29 20:19:49,543.6784638976682
2022-03-29 20:19:54,534.65
2022-03-29 20:19:59,543.6518950538111
2022-03-29 20:20:04,534.58
2022-03-29 20:20:09,534.52
2022-03-29 20:20:14,534.43
2022-03-29 20:20:19,534.36
2022-03-29 20:20:24,534.3
2022-03-29 20:20:29,543.57218852224
2022-03-29 20:20:34,543.5589041003115
2022-03-29 20:20:39,534.14
2022-03-29 20:20:44,543.5323352564544
2022-03-29 20:20:49,543.5190508345258
2022-03-29 20:20:54,533.92
2022-03-29 20:20:59,533.92
2022-03-29 20:21:04,533.8
2022-03-29 20:21:09,543.4659131468118
2022-03-29 20:21:14,533.73
2022-03-29 20:21:19,543.4393443029547
2022-03-29 20:21:24,543.4260598810263
2022-03-29 20:21:29,543.4127754590977
2022-03-29 20:21:34,533.51
2022-03-29 20:21:39,533.42
2022-03-29 20:21:44,533.35
2022-03-29 20:21:49,533.29
2022-03-29 20:21:54,543.3463533494551
2022-03-29 20:21:59,533.19
2022-03-29 20:22:04,543.319784505598
2022-03-29 20:22:09,543.3065000836696
2022-03-29 20:22:14,533.01
2022-03-29 20:22:19,532.91
2022-03-29 20:22:24,532.91
2022-03-29 20:22:29,532.78
2022-03-29 20:22:34,532.72
2022-03-29 20:22:39,532.69
2022-03-29 20:22:44,543.2135091301698
2022-03-29 20:22:49,532.56
2022-03-29 20:22:54,543.1869402863128
2022-03-29 20:22:59,543.1736558643843
2022-03-29 20:23:04,532.4
2022-03-29 20:23:09,543.1470870205272
2022-03-29 20:23:14,532.34
2022-03-29 20:23:19,543.1205181766702
2022-03-29 20:23:24,543.1072337547416
2022-03-29 20:23:29,532.18
2022-03-29 20:23:34,532.11
2022-03-29 20:23:39,532.05
2022-03-29 20:23:44,531.99
2022-03-29 20:23:49,543.040811645099
2022-03-29 20:23:54,543.0275272231704
2022-03-29 20:23:59,531.89
2022-03-29 20:24:04,531.83
2022-03-29 20:24:09,531.76
2022-03-29 20:24:14,531.83
2022-03-29 20:24:19,531.76
2022-03-29 20:24:24,531.76
2022-03-29 20:24:29,531.76
2022-03-29 20:24:34,531.7
2022-03-29 20:24:39,531.7
2022-03-29 20:24:44,531.7
2022-03-29 20:24:49,531.7
2022-03-29 20:24:54,531.67
2022-03-29 20:24:59,531.7
2022-03-29 20:25:04,531.7
2022-03-29 20:25:09,531.7
2022-03-29 20:25:14,531.7
2022-03-29 20:25:19,531.76
2022-03-29 20:25:24,531.76
2022-03-29 20:25:29,531.83
2022-03-29 20:25:34,531.83
2022-03-29 20:25:39,531.89
2022-03-29 20:25:44,542.735269940743
2022-03-29 20:25:49,531.92
2022-03-29 20:25:54,542.7087010968859
2022-03-29 20:25:59,532.05
2022-03-29 20:26:04,542.6821322530288
2022-03-29 20:26:09,532.12
2022-03-29 20:26:14,532.18
2022-03-29 20:26:19,542.6422789872432
2022-03-29 20:26:24,532.34
2022-03-29 20:26:29,542.6157101433863
2022-03-29 20:26:34,532.44
2022-03-29 20:26:39,542.5891412995292
2022-03-29 20:26:44,532.64
2022-03-29 20:26:49,532.73
2022-03-29 20:26:54,532.79
2022-03-29 20:26:59,542.5360036118151
2022-03-29 20:27:04,532.95
2022-03-29 20:27:09,533.02
2022-03-29 20:27:14,533.09
2022-03-29 20:27:19,533.21
2022-03-29 20:27:24,533.25
2022-03-29 20:27:29,542.456297080244
2022-03-29 20:27:34,533.44
2022-03-29 20:27:39,533.54
2022-03-29 20:27:44,542.4164438144584
2022-03-29 20:27:49,533.73
2022-03-29 20:27:54,533.77
2022-03-29 20:27:59,533.89
2022-03-29 20:28:04,533.96
2022-03-29 20:28:09,534.06
2022-03-29 20:28:14,534.12
2022-03-29 20:28:19,534.18
2022-03-29 20:28:24,534.28
2022-03-29 20:28:29,542.2968840171017
2022-03-29 20:28:34,542.2835995951732
2022-03-29 20:28:39,534.51
2022-03-29 20:28:44,534.64
2022-03-29 20:28:49,534.7
2022-03-29 20:28:54,534.77
2022-03-29 20:28:59,534.8
2022-03-29 20:29:04,534.86
2022-03-29 20:29:09,534.93
2022-03-29 20:29:14,535.03
2022-03-29 20:29:19,535.03
2022-03-29 20:29:24,542.1463939753841
2022-03-29 20:29:29,542.1313629424386
2022-03-29 20:29:34,542.1163319094933
2022-03-29 20:29:39,535.29
2022-03-29 20:29:44,535.38
2022-03-29 20:29:49,535.39
2022-03-29 20:29:54,542.0562077777117
2022-03-29 20:29:59,535.52
2022-03-29 20:30:04,535.55
2022-03-29 20:30:09,542.0111146788755
2022-03-29 20:30:14,541.9960836459302
2022-03-29 20:30:19,535.75
2022-03-29 20:30:24,541.9660215800394
2022-03-29 20:30:29,535.84
2022-03-29 20:30:34,535.85
2022-03-29 20:30:39,535.85
2022-03-29 20:30:44,535.98
2022-03-29 20:30:49,535.98
2022-03-29 20:30:54,541.8758353823671
2022-03-29 20:30:59,536.08
2022-03-29 20:31:04,536.14
2022-03-29 20:31:09,536.14
2022-03-29 20:31:14,536.21
2022-03-29 20:31:19,536.27
2022-03-29 20:31:24,536.27
2022-03-29 20:31:29,536.27
2022-03-29 20:31:34,541.7555871188042
2022-03-29 20:31:39,541.7405560858588
2022-03-29 20:31:44,541.7255250529134
2022-03-29 20:31:49,536.44
2022-03-29 20:31:54,541.6954629870227
2022-03-29 20:31:59,541.6804319540772
2022-03-29 20:32:04,536.57
2022-03-29 20:32:09,541.6503698881864
2022-03-29 20:32:14,536.6
2022-03-29 20:32:19,536.6
2022-03-29 20:32:24,536.67
2022-03-29 20:32:29,536.67
2022-03-29 20:32:34,541.5752147234596
2022-03-29 20:32:39,536.73
2022-03-29 20:32:44,536.8
2022-03-29 20:32:49,536.8
2022-03-29 20:32:54,541.515090591678
2022-03-29 20:32:59,536.9
2022-03-29 20:33:04,536.9
2022-03-29 20:33:09,536.9
2022-03-29 20:33:14,541.4549664598966
2022-03-29 20:33:19,541.4399354269511
2022-03-29 20:33:24,537.03
2022-03-29 20:33:29,537.03
2022-03-29 20:33:34,537.02
2022-03-29 20:33:39,537.09
2022-03-29 20:33:44,537.02
2022-03-29 20:33:49,537.03
2022-03-29 20:33:54,541.3347181963335
2022-03-29 20:33:59,541.3196871633882
2022-03-29 20:34:04,537.09
2022-03-29 20:34:09,537.09
2022-03-29 20:34:14,537.03
2022-03-29 20:34:19,537.03
2022-03-29 20:34:24,541.2445319986613
2022-03-29 20:34:29,541.2295009657158
2022-03-29 20:34:34,536.96
2022-03-29 20:34:39,536.96
2022-03-29 20:34:44,536.96
2022-03-29 20:34:49,541.1693768339344
2022-03-29 20:34:54,536.87
2022-03-29 20:34:59,536.87
2022-03-29 20:35:04,541.1242837350982
2022-03-29 20:35:09,536.67
2022-03-29 20:35:14,536.67
2022-03-29 20:35:19,536.67
2022-03-29 20:35:24,536.57
2022-03-29 20:35:29,536.51
2022-03-29 20:35:34,536.38
2022-03-29 20:35:39,536.35
2022-03-29 20:35:44,541.0040354715352
2022-03-29 20:35:49,536.22
2022-03-29 20:35:54,536.15
2022-03-29 20:35:59,536.09
2022-03-29 20:36:04,540.9439113397536
2022-03-29 20:36:09,535.99
2022-03-29 20:36:14,535.86
2022-03-29 20:36:19,540.8988182409175
2022-03-29 20:36:24,535.76
2022-03-29 20:36:29,535.7
2022-03-29 20:36:34,535.63
2022-03-29 20:36:39,535.57
2022-03-29 20:36:44,535.47
2022-03-29 20:36:49,535.34
2022-03-29 20:36:54,540.7936010102999
2022-03-29 20:36:59,540.7785699773546
2022-03-29 20:37:04,540.7635389444091
2022-03-29 20:37:09,535.05
2022-03-29 20:37:14,535.02
2022-03-29 20:37:19,534.89
2022-03-29 20:37:24,534.83
2022-03-29 20:37:29,534.79
2022-03-29 20:37:34,540.6733527467369
2022-03-29 20:37:39,534.6
2022-03-29 20:37:44,540.6432906808461
2022-03-29 20:37:49,534.44
2022-03-29 20:37:54,534.38
2022-03-29 20:37:59,540.59819758201
2022-03-29 20:38:04,534.15
2022-03-29 20:38:09,540.5681355161192
2022-03-29 20:38:14,534.09
2022-03-29 20:38:19,540.5380734502285
2022-03-29 20:38:24,533.93
2022-03-29 20:38:29,533.87
2022-03-29 20:38:34,533.8
2022-03-29 20:38:39,533.71
2022-03-29 20:38:44,540.4629182855016
2022-03-29 20:38:49,540.4478872525561
2022-03-29 20:38:54,533.48
2022-03-29 20:38:59,533.48
2022-03-29 20:39:04,533.35
2022-03-29 20:39:09,533.29
2022-03-29 20:39:14,533.26
2022-03-29 20:39:19,533.19
2022-03-29 20:39:24,540.3426700219385
2022-03-29 20:39:29,540.3276389889932
2022-03-29 20:39:34,533.0
2022-03-29 20:39:39,532.97
2022-03-29 20:39:44,532.84
2022-03-29 20:39:49,540.2675148572116
2022-03-29 20:39:54,532.78
2022-03-29 20:39:59,532.75
2022-03-29 20:40:04,540.2224217583755
2022-03-29 20:40:09,532.62
2022-03-29 20:40:14,532.62
2022-03-29 20:40:19,532.56
2022-03-29 20:40:24,532.56
2022-03-29 20:40:29,532.49
2022-03-29 20:40:34,532.49
2022-03-29 20:40:39,532.5
2022-03-29 20:40:44,532.5
2022-03-29 20:40:49,532.47
2022-03-29 20:40:54,532.46
2022-03-29 20:40:59,540.0570803959763
2022-03-29 20:41:04,540.042049363031
2022-03-29 20:41:09,532.46
2022-03-29 20:41:14,532.4
2022-03-29 20:41:19,532.4
2022-03-29 20:41:24,532.4
2022-03-29 20:41:29,532.4
2022-03-29 20:41:34,532.47
2022-03-29 20:41:39,532.47
2022-03-29 20:41:44,532.4
2022-03-29 20:41:49,532.4
2022-03-29 20:41:54,532.47
2022-03-29 20:41:59,532.47
2022-03-29 20:42:04,532.47
2022-03-29 20:42:09,539.8466459347411
2022-03-29 20:42:14,539.8316149017957
2022-03-29 20:42:19,539.8165838688503
2022-03-29 20:42:24,532.63
2022-03-29 20:42:29,539.7865218029594
2022-03-29 20:42:34,532.63
2022-03-29 20:42:39,532.7
2022-03-29 20:42:44,532.76
2022-03-29 20:42:49,532.76
2022-03-29 20:42:54,539.7113666382326
2022-03-29 20:42:59,532.85
2022-03-29 20:43:04,532.92
2022-03-29 20:43:09,532.98
2022-03-29 20:43:14,533.08
2022-03-29 20:43:19,533.08
2022-03-29 20:43:24,533.21
2022-03-29 20:43:29,533.21
2022-03-29 20:43:34,533.31
2022-03-29 20:43:39,539.6161702379526
2022-03-29 20:43:44,539.6101702279229
2022-03-29 20:43:49,539.6041702178933
2022-03-29 20:43:54,533.59
2022-03-29 20:43:59,539.5921701978338
2022-03-29 20:44:04,539.5861701878041
2022-03-29 20:44:09,539.5801701777743
2022-03-29 20:44:14,533.82
2022-03-29 20:44:19,539.5681701577149
2022-03-29 20:44:24,534.01
2022-03-29 20:44:29,534.04
2022-03-29 20:44:34,534.11
2022-03-29 20:44:39,539.5441701175961
2022-03-29 20:44:44,534.24
2022-03-29 20:44:49,534.33
2022-03-29 20:44:54,534.4
2022-03-29 20:44:59,534.46
2022-03-29 20:45:04,539.5141700674475
2022-03-29 20:45:09,534.55
2022-03-29 20:45:14,534.62
2022-03-29 20:45:19,534.62
2022-03-29 20:45:24,539.4901700273286
2022-03-29 20:45:29,534.81
2022-03-29 20:45:34,534.84
2022-03-29 20:45:39,534.9
2022-03-29 20:45:44,539.4661699872097
2022-03-29 20:45:49,535.03
2022-03-29 20:45:54,535.06
2022-03-29 20:45:59,535.19
2022-03-29 20:46:04,535.19
2022-03-29 20:46:09,539.4361699370612
2022-03-29 20:46:14,535.35
2022-03-29 20:46:19,535.35
2022-03-29 20:46:24,535.48
2022-03-29 20:46:29,535.58
2022-03-29 20:46:34,539.4061698869126
2022-03-29 20:46:39,539.4001698768828
2022-03-29 20:46:44,535.7
2022-03-29 20:46:49,535.77
2022-03-29 20:46:54,535.83
2022-03-29 20:46:59,535.86
2022-03-29 20:47:04,535.87
2022-03-29 20:47:09,535.93
2022-03-29 20:47:14,535.99
2022-03-29 20:47:19,539.3521697966452
2022-03-29 20:47:24,536.06
2022-03-29 20:47:29,536.09
2022-03-29 20:47:34,536.09
2022-03-29 20:47:39,539.3281697565262
2022-03-29 20:47:44,536.16
2022-03-29 20:47:49,536.15
2022-03-29 20:47:54,536.21
2022-03-29 20:47:59,536.22
2022-03-29 20:48:04,539.2981697063776
2022-03-29 20:48:09,539.292169696348
2022-03-29 20:48:14,536.22
2022-03-29 20:48:19,536.28
2022-03-29 20:48:24,539.2741696662588
2022-03-29 20:48:29,536.28
2022-03-29 20:48:34,536.28
2022-03-29 20:48:39,536.28
2022-03-29 20:48:44,536.28
2022-03-29 20:48:49,536.22
2022-03-29 20:48:54,536.22
2022-03-29 20:48:59,536.22
2022-03-29 20:49:04,536.22
2022-03-29 20:49:09,539.2201695759913
2022-03-29 20:49:14,536.16
2022-03-29 20:49:19,536.16
2022-03-29 20:49:24,539.2021695459022
2022-03-29 20:49:29,539.1961695358725
2022-03-29 20:49:34,536.09
2022-03-29 20:49:39,536.09
2022-03-29 20:49:44,539.1781695057833
2022-03-29 20:49:49,536.0
2022-03-29 20:49:54,535.99
2022-03-29 20:49:59,536.0
2022-03-29 20:50:04,535.87
2022-03-29 20:50:09,535.87
2022-03-29 20:50:14,535.84
2022-03-29 20:50:19,535.84
2022-03-29 20:50:24,535.78
2022-03-29 20:50:29,535.78
2022-03-29 20:50:34,535.71
2022-03-29 20:50:39,539.1121693954565
2022-03-29 20:50:44,535.58
2022-03-29 20:50:49,535.55
2022-03-29 20:50:54,539.0941693653673
2022-03-29 20:50:59,535.55
2022-03-29 20:51:04,539.0821693453079
2022-03-29 20:51:09,539.0761693352781
2022-03-29 20:51:14,539.0701693252485
2022-03-29 20:51:19,539.0641693152188
2022-03-29 20:51:24,535.33
2022-03-29 20:51:29,539.0521692951593
2022-03-29 20:51:34,535.27
2022-03-29 20:51:39,535.2
2022-03-29 20:51:44,535.2
2022-03-29 20:51:49,539.0281692550404
2022-03-29 20:51:54,535.14
2022-03-29 20:51:59,539.016169234981
2022-03-29 20:52:04,535.04
2022-03-29 20:52:09,534.98
2022-03-29 20:52:14,534.98
2022-03-29 20:52:19,538.9921691948621
2022-03-29 20:52:24,538.9861691848324
2022-03-29 20:52:29,534.85
2022-03-29 20:52:34,534.82
2022-03-29 20:52:39,534.82
2022-03-29 20:52:44,538.9621691447136
2022-03-29 20:52:49,534.75
2022-03-29 20:52:54,538.9501691246542
2022-03-29 20:52:59,534.69
2022-03-29 20:53:04,534.69
2022-03-29 20:53:09,534.62
2022-03-29 20:53:14,534.69
2022-03-29 20:53:19,534.62
2022-03-29 20:53:24,534.56
2022-03-29 20:53:29,538.9081690544461
2022-03-29 20:53:34,538.9021690444164
2022-03-29 20:53:39,534.52
2022-03-29 20:53:44,534.53
2022-03-29 20:53:49,538.8841690143272
2022-03-29 20:53:54,534.46
2022-03-29 20:53:59,534.4
2022-03-29 20:54:04,534.4
2022-03-29 20:54:09,534.39
2022-03-29 20:54:14,538.8541689641786
2022-03-29 20:54:19,538.848168954149
2022-03-29 20:54:24,538.8421689441192
2022-03-29 20:54:29,534.3
2022-03-29 20:54:34,534.3
2022-03-29 20:54:39,538.8241689140301
2022-03-29 20:54:44,534.23
2022-03-29 20:54:49,538.8121688939707
2022-03-29 20:54:54,534.23
2022-03-29 20:54:59,534.23
2022-03-29 20:55:04,534.17
2022-03-29 20:55:09,538.7881688538517
2022-03-29 20:55:14,534.16
2022-03-29 20:55:19,534.23
2022-03-29 20:55:24,538.7701688237627
2022-03-29 20:55:29,534.16
2022-03-29 20:55:34,534.1
2022-03-29 20:55:39,538.7521687936735
2022-03-29 20:55:44,534.03
2022-03-29 20:55:49,538.7401687736141
2022-03-29 20:55:54,538.7341687635843
2022-03-29 20:55:59,534.03
2022-03-29 20:56:04,538.7221687435249
2022-03-29 20:56:09,534.0
2022-03-29 20:56:14,534.03
2022-03-29 20:56:19,538.7041687134357
2022-03-29 20:56:24,533.99
2022-03-29 20:56:29,533.93
2022-03-29 20:56:34,533.99
2022-03-29 20:56:39,533.93
2022-03-29 20:56:44,538.6741686632871
2022-03-29 20:56:49,533.93
2022-03-29 20:56:54,533.99
2022-03-29 20:56:59,538.656168633198
2022-03-29 20:57:04,538.6501686231683
2022-03-29 20:57:09,533.86
2022-03-29 20:57:14,533.92
2022-03-29 20:57:19,533.86
2022-03-29 20:57:24,533.86
2022-03-29 20:57:29,533.79
2022-03-29 20:57:34,533.79
2022-03-29 20:57:39,533.79
2022-03-29 20:57:44,533.79
2022-03-29 20:57:49,533.76
2022-03-29 20:57:54,533.76
2022-03-29 20:57:59,533.76
2022-03-29 20:58:04,533.76
2022-03-29 20:58:09,538.4929585461936
2022-03-29 20:58:14,533.76
2022-03-29 20:58:19,533.69
2022-03-29 20:58:24,533.69
2022-03-29 20:58:29,538.4351790087188
2022-03-29 20:58:34,533.69
2022-03-29 20:58:39,533.63
2022-03-29 20:58:44,538.3918443556128
2022-03-29 20:58:49,533.63
2022-03-29 20:58:54,533.56
2022-03-29 20:58:59,533.57
2022-03-29 20:59:04,533.57
2022-03-29 20:59:09,533.5
2022-03-29 20:59:14,533.5
2022-03-29 20:59:19,538.290730165032
2022-03-29 20:59:24,533.5
2022-03-29 20:59:29,538.2618403962946
2022-03-29 20:59:34,533.47
2022-03-29 20:59:39,533.47
2022-03-29 20:59:44,533.47
2022-03-29 20:59:49,533.47
2022-03-29 20:59:54,533.41
2022-03-29 20:59:59,538.1751710900825
2022-03-29 21:00:04,533.35
2022-03-29 21:00:09,533.41
2022-03-29 21:00:14,538.1318364369764
2022-03-29 21:00:19,533.35
2022-03-29 21:00:24,533.35
2022-03-29 21:00:29,533.28
2022-03-29 21:00:34,533.28
2022-03-29 21:00:39,533.25
2022-03-29 21:00:44,533.25
2022-03-29 21:00:49,538.0307222463956
2022-03-29 21:00:54,533.25
2022-03-29 21:00:59,533.19
2022-03-29 21:01:04,533.13
2022-03-29 21:01:09,537.9729427089209
2022-03-29 21:01:14,533.06
2022-03-29 21:01:19,537.9440529401835
2022-03-29 21:01:24,533.06
2022-03-29 21:01:29,533.0
2022-03-29 21:01:34,537.9007182870774
2022-03-29 21:01:39,532.96
2022-03-29 21:01:44,532.97
2022-03-29 21:01:49,532.9
2022-03-29 21:01:54,532.84
2022-03-29 21:01:59,532.84
2022-03-29 21:02:04,532.84
2022-03-29 21:02:09,537.7996040964966
2022-03-29 21:02:14,532.77
2022-03-29 21:02:19,532.74
2022-03-29 21:02:24,532.74
2022-03-29 21:02:29,537.7418245590219
2022-03-29 21:02:34,537.7273796746532
2022-03-29 21:02:39,532.68
2022-03-29 21:02:44,537.6984899059158
2022-03-29 21:02:49,532.61
2022-03-29 21:02:54,532.61
2022-03-29 21:02:59,532.55
2022-03-29 21:03:04,532.55
2022-03-29 21:03:09,537.6262654840723
2022-03-29 21:03:14,532.48
2022-03-29 21:03:19,532.45
2022-03-29 21:03:24,537.5829308309662
2022-03-29 21:03:29,532.32
2022-03-29 21:03:34,537.554041062229
2022-03-29 21:03:39,532.32
2022-03-29 21:03:44,537.5251512934916
2022-03-29 21:03:49,532.26
2022-03-29 21:03:54,532.22
2022-03-29 21:03:59,532.25
2022-03-29 21:04:04,532.22
2022-03-29 21:04:09,537.4529268716482
2022-03-29 21:04:14,537.4384819872795
2022-03-29 21:04:19,537.4240371029108
2022-03-29 21:04:24,532.15
2022-03-29 21:04:29,537.3951473341734
2022-03-29 21:04:34,537.3807024498047
2022-03-29 21:04:39,532.22
2022-03-29 21:04:44,532.15
2022-03-29 21:04:49,532.22
2022-03-29 21:04:54,537.32292291233
2022-03-29 21:04:59,537.3084780279613
2022-03-29 21:05:04,532.25
2022-03-29 21:05:09,532.25
2022-03-29 21:05:14,537.2651433748553
2022-03-29 21:05:19,532.24
2022-03-29 21:05:24,532.31
2022-03-29 21:05:29,532.37
2022-03-29 21:05:34,537.2073638373804
2022-03-29 21:05:39,532.44
2022-03-29 21:05:44,532.44
2022-03-29 21:05:49,532.47
2022-03-29 21:05:54,532.53
2022-03-29 21:05:59,532.59
2022-03-29 21:06:04,532.59
2022-03-29 21:06:09,537.1062496467997
2022-03-29 21:06:14,532.72
2022-03-29 21:06:19,532.75
2022-03-29 21:06:24,532.75
2022-03-29 21:06:29,532.81
2022-03-29 21:06:34,532.88
2022-03-29 21:06:39,532.94
2022-03-29 21:06:44,537.0051354562189
2022-03-29 21:06:49,532.97
2022-03-29 21:06:54,533.1
2022-03-29 21:06:59,533.1
2022-03-29 21:07:04,533.16
2022-03-29 21:07:09,533.23
2022-03-29 21:07:14,533.26
2022-03-29 21:07:19,536.9040212656381
2022-03-29 21:07:24,533.32
2022-03-29 21:07:29,533.39
2022-03-29 21:07:34,533.48
2022-03-29 21:07:39,536.8462417281634
2022-03-29 21:07:44,536.8317968437946
2022-03-29 21:07:49,536.817351959426
2022-03-29 21:07:54,533.68
2022-03-29 21:07:59,533.77
2022-03-29 21:08:04,533.84
2022-03-29 21:08:09,533.84
2022-03-29 21:08:14,533.9
2022-03-29 21:08:19,534.0
2022-03-29 21:08:24,534.06
2022-03-29 21:08:29,534.13
2022-03-29 21:08:34,534.19
2022-03-29 21:08:39,536.6729031157391
2022-03-29 21:08:44,534.29
2022-03-29 21:08:49,534.35
2022-03-29 21:08:54,536.6295684626331
2022-03-29 21:08:59,536.6151235782644
2022-03-29 21:09:04,534.51
2022-03-29 21:09:09,534.58
2022-03-29 21:09:14,536.5717889251583
2022-03-29 21:09:19,534.71
2022-03-29 21:09:24,536.5428991564208
2022-03-29 21:09:29,534.8
2022-03-29 21:09:34,534.87
2022-03-29 21:09:39,534.93
2022-03-29 21:09:44,535.0
2022-03-29 21:09:49,536.4706747345775
2022-03-29 21:09:54,536.4562298502087
2022-03-29 21:09:59,536.4417849658402
2022-03-29 21:10:04,536.4273400814715
2022-03-29 21:10:09,535.22
2022-03-29 21:10:14,535.29
2022-03-29 21:10:19,536.3840054283654
2022-03-29 21:10:24,535.39
2022-03-29 21:10:29,535.46
2022-03-29 21:10:34,535.52
2022-03-29 21:10:39,536.3262258908906
2022-03-29 21:10:44,535.62
2022-03-29 21:10:49,536.2973361221533
2022-03-29 21:10:54,535.68
2022-03-29 21:10:59,535.75
2022-03-29 21:11:04,535.81
2022-03-29 21:11:09,535.91
2022-03-29 21:11:14,535.98
2022-03-29 21:11:19,536.04
2022-03-29 21:11:24,536.04
2022-03-29 21:11:29,536.07
2022-03-29 21:11:34,536.14
2022-03-29 21:11:39,536.14
2022-03-29 21:11:44,536.2
2022-03-29 21:11:49,536.27
2022-03-29 21:11:54,536.33
2022-03-29 21:11:59,536.36
2022-03-29 21:12:04,536.36
2022-03-29 21:12:09,536.43
2022-03-29 21:12:14,536.43
2022-03-29 21:12:19,536.56
2022-03-29 21:12:24,536.56
2022-03-29 21:12:29,536.59
2022-03-29 21:12:34,536.66
2022-03-29 21:12:39,536.72
2022-03-29 21:12:44,536.72
2022-03-29 21:12:49,536.78
2022-03-29 21:12:54,536.85
2022-03-29 21:12:59,536.88
2022-03-29 21:13:04,536.4891553524719
2022-03-29 21:13:09,536.5048244857603
2022-03-29 21:13:14,537.07
2022-03-29 21:13:19,537.11
2022-03-29 21:13:24,537.11
2022-03-29 21:13:29,537.24
2022-03-29 21:13:34,537.23
2022-03-29 21:13:39,537.3
2022-03-29 21:13:44,536.6145084187785
2022-03-29 21:13:49,536.6301775520668
2022-03-29 21:13:54,537.46
2022-03-29 21:13:59,537.46
2022-03-29 21:14:04,537.52
2022-03-29 21:14:09,537.62
2022-03-29 21:14:14,537.62
2022-03-29 21:14:19,537.75
2022-03-29 21:14:24,536.7398614850849
2022-03-29 21:14:29,537.87
2022-03-29 21:14:34,537.91
2022-03-29 21:14:39,536.78686888495
2022-03-29 21:14:44,538.03
2022-03-29 21:14:49,538.03
2022-03-29 21:14:54,538.1
2022-03-29 21:14:59,538.19
2022-03-29 21:15:04,538.26
2022-03-29 21:15:09,538.32
2022-03-29 21:15:14,536.8965528179682
2022-03-29 21:15:19,536.9122219512565
2022-03-29 21:15:24,536.9278910845447
2022-03-29 21:15:29,538.42
2022-03-29 21:15:34,538.48
2022-03-29 21:15:39,538.48
2022-03-29 21:15:44,538.54
2022-03-29 21:15:49,538.61
2022-03-29 21:15:54,538.64
2022-03-29 21:15:59,538.64
2022-03-29 21:16:04,538.7
2022-03-29 21:16:09,537.0689132841396
2022-03-29 21:16:14,538.9
2022-03-29 21:16:19,538.93
2022-03-29 21:16:24,537.1159206840047
2022-03-29 21:16:29,537.1315898172929
2022-03-29 21:16:34,539.05
2022-03-29 21:16:39,539.11
2022-03-29 21:16:44,537.1785972171579
2022-03-29 21:16:49,539.14
2022-03-29 21:16:54,539.21
2022-03-29 21:16:59,539.27
2022-03-29 21:17:04,539.27
2022-03-29 21:17:09,539.34
2022-03-29 21:17:14,539.4
2022-03-29 21:17:19,537.2882811501761
2022-03-29 21:17:24,537.3039502834644
2022-03-29 21:17:29,537.3196194167526
2022-03-29 21:17:34,539.56
2022-03-29 21:17:39,539.63
2022-03-29 21:17:44,537.3666268166177
2022-03-29 21:17:49,539.66
2022-03-29 21:17:54,539.72
2022-03-29 21:17:59,537.4136342164826
2022-03-29 21:18:04,537.429303349771
2022-03-29 21:18:09,539.85
2022-03-29 21:18:14,539.91
2022-03-29 21:18:19,537.4763107496359
2022-03-29 21:18:24,540.01
2022-03-29 21:18:29,540.01
2022-03-29 21:18:34,540.01
2022-03-29 21:18:39,537.5389872827891
2022-03-29 21:18:44,540.17
2022-03-29 21:18:49,540.17
2022-03-29 21:18:54,540.23
2022-03-29 21:18:59,537.6016638159424
2022-03-29 21:19:04,540.43
2022-03-29 21:19:09,537.633002082519
2022-03-29 21:19:14,540.52
2022-03-29 21:19:19,540.59
2022-03-29 21:19:24,540.59
2022-03-29 21:19:29,537.6956786156723
2022-03-29 21:19:34,537.7113477489606
2022-03-29 21:19:39,540.75
2022-03-29 21:19:44,540.82
2022-03-29 21:19:49,540.82
2022-03-29 21:19:54,540.82
2022-03-29 21:19:59,540.88
2022-03-29 21:20:04,540.95
2022-03-29 21:20:09,537.8210316819788
2022-03-29 21:20:14,537.8367008152671
2022-03-29 21:20:19,540.95
2022-03-29 21:20:24,537.8680390818438
2022-03-29 21:20:29,540.95
2022-03-29 21:20:34,537.8993773484203
2022-03-29 21:20:39,541.05
2022-03-29 21:20:44,541.05
2022-03-29 21:20:49,541.05
2022-03-29 21:20:54,541.05
2022-03-29 21:20:59,537.977723014862
2022-03-29 21:21:04,541.05
2022-03-29 21:21:09,541.11
2022-03-29 21:21:14,541.12
2022-03-29 21:21:19,541.11
2022-03-29 21:21:24,538.0560686813035
2022-03-29 21:21:29,541.12
2022-03-29 21:21:34,541.12
2022-03-29 21:21:39,541.12
2022-03-29 21:21:44,538.1187452144568
2022-03-29 21:21:49,541.12
2022-03-29 21:21:54,541.18
2022-03-29 21:21:59,541.12
2022-03-29 21:22:04,541.05
2022-03-29 21:22:09,538.1970908808984
2022-03-29 21:22:14,538.2127600141868
2022-03-29 21:22:19,541.05
2022-03-29 21:22:24,538.2440982807634
2022-03-29 21:22:29,540.99
2022-03-29 21:22:34,540.99
2022-03-29 21:22:39,538.2911056806283
2022-03-29 21:22:44,540.95
2022-03-29 21:22:49,538.3224439472049
2022-03-29 21:22:54,540.89
2022-03-29 21:22:59,540.89
2022-03-29 21:23:04,540.89
2022-03-29 21:23:09,540.89
2022-03-29 21:23:14,540.89
2022-03-29 21:23:19,538.4164587469347
2022-03-29 21:23:24,538.4321278802231
2022-03-29 21:23:29,540.83
2022-03-29 21:23:34,540.83
2022-03-29 21:23:39,540.83
2022-03-29 21:23:44,540.76
2022-03-29 21:23:49,540.76
2022-03-29 21:23:54,540.76
2022-03-29 21:23:59,540.76
2022-03-29 21:24:04,540.76
2022-03-29 21:24:09,538.573150079818
2022-03-29 21:24:14,538.5888192131063
2022-03-29 21:24:19,540.66
2022-03-29 21:24:24,538.6201574796829
2022-03-29 21:24:29,540.6
2022-03-29 21:24:34,540.53
2022-03-29 21:24:39,538.6671648795478
2022-03-29 21:24:44,540.53
2022-03-29 21:24:49,538.6985031461245
2022-03-29 21:24:54,538.7141722794128
2022-03-29 21:24:59,540.46
2022-03-29 21:25:04,538.7455105459894
2022-03-29 21:25:09,540.46
2022-03-29 21:25:14,540.43
2022-03-29 21:25:19,540.37
2022-03-29 21:25:24,538.8081870791427
2022-03-29 21:25:29,540.37
2022-03-29 21:25:34,540.3
2022-03-29 21:25:39,540.36
2022-03-29 21:25:44,538.8787082988406
2022-03-29 21:25:49,540.29
2022-03-29 21:25:54,540.23
2022-03-29 21:25:59,540.23
2022-03-29 21:26:04,540.23
2022-03-29 21:26:09,538.9743923512005
2022-03-29 21:26:14,540.16
2022-03-29 21:26:19,540.16
2022-03-29 21:26:24,540.13
2022-03-29 21:26:29,540.16
2022-03-29 21:26:34,539.0700764035605
2022-03-29 21:26:39,540.13
2022-03-29 21:26:44,539.1083500245045
2022-03-29 21:26:49,539.99
2022-03-29 21:26:54,539.99
2022-03-29 21:26:59,539.99
2022-03-29 21:27:04,539.1848972663925
2022-03-29 21:27:09,539.93
2022-03-29 21:27:14,539.2231708873364
2022-03-29 21:27:19,539.93
2022-03-29 21:27:24,539.89
2022-03-29 21:27:29,539.2805813187524
2022-03-29 21:27:34,539.83
2022-03-29 21:27:39,539.3188549396963
2022-03-29 21:27:44,539.83
2022-03-29 21:27:49,539.3571285606403
2022-03-29 21:27:54,539.76
2022-03-29 21:27:59,539.76
2022-03-29 21:28:04,539.7
2022-03-29 21:28:09,539.7
2022-03-29 21:28:14,539.63
2022-03-29 21:28:19,539.7
2022-03-29 21:28:24,539.63
2022-03-29 21:28:29,539.63
2022-03-29 21:28:34,539.5293598548881
2022-03-29 21:28:39,539.6
2022-03-29 21:28:44,539.6
2022-03-29 21:28:49,539.6
2022-03-29 21:28:54,539.54
2022-03-29 21:28:59,539.54
2022-03-29 21:29:04,539.54
2022-03-29 21:29:09,539.47
2022-03-29 21:29:14,539.682454338664
2022-03-29 21:29:19,539.47
2022-03-29 21:29:24,539.47
2022-03-29 21:29:29,539.47
2022-03-29 21:29:34,539.41
2022-03-29 21:29:39,539.41
2022-03-29 21:29:44,539.41
2022-03-29 21:29:49,539.38
2022-03-29 21:29:54,539.8355488224399
2022-03-29 21:29:59,539.31
2022-03-29 21:30:04,539.31
2022-03-29 21:30:09,539.25
2022-03-29 21:30:14,539.9120960643278
2022-03-29 21:30:19,539.9312328747998
2022-03-29 21:30:24,539.9503696852719
2022-03-29 21:30:29,539.9695064957438
2022-03-29 21:30:34,539.12
2022-03-29 21:30:39,539.09
2022-03-29 21:30:44,540.0269169271597
2022-03-29 21:30:49,540.0460537376318
2022-03-29 21:30:54,539.03
2022-03-29 21:30:59,538.96
2022-03-29 21:31:04,538.96
2022-03-29 21:31:09,540.1226009795197
2022-03-29 21:31:14,538.97
2022-03-29 21:31:19,540.1608746004637
2022-03-29 21:31:24,538.87
2022-03-29 21:31:29,538.87
2022-03-29 21:31:34,538.91
2022-03-29 21:31:39,538.87
2022-03-29 21:31:44,538.81
2022-03-29 21:31:49,540.2756954632956
2022-03-29 21:31:54,538.75
2022-03-29 21:31:59,538.75
2022-03-29 21:32:04,540.3331058947116
2022-03-29 21:32:09,538.68
2022-03-29 21:32:14,538.62
2022-03-29 21:32:19,538.59
2022-03-29 21:32:24,538.62
2022-03-29 21:32:29,538.59
2022-03-29 21:32:34,538.59
2022-03-29 21:32:39,538.59
2022-03-29 21:32:44,538.59
2022-03-29 21:32:49,538.59
2022-03-29 21:32:54,538.59
2022-03-29 21:32:59,538.53
2022-03-29 21:33:04,540.5627476203754
2022-03-29 21:33:09,538.53
2022-03-29 21:33:14,538.59
2022-03-29 21:33:19,538.53
2022-03-29 21:33:24,540.6392948622632
2022-03-29 21:33:29,538.59
2022-03-29 21:33:34,538.53
2022-03-29 21:33:39,540.6967052936792
2022-03-29 21:33:44,540.7158421041513
2022-03-29 21:33:49,538.59
2022-03-29 21:33:54,538.6
2022-03-29 21:33:59,540.7732525355672
2022-03-29 21:34:04,538.59
2022-03-29 21:34:09,540.8115261565111
2022-03-29 21:34:14,538.59
2022-03-29 21:34:19,538.59
2022-03-29 21:34:24,540.8689365879271
2022-03-29 21:34:29,538.59
2022-03-29 21:34:34,538.59
2022-03-29 21:34:39,538.59
2022-03-29 21:34:44,538.59
2022-03-29 21:34:49,540.9646206402871
2022-03-29 21:34:54,540.983757450759
2022-03-29 21:34:59,541.0028942612311
2022-03-29 21:35:04,538.62
2022-03-29 21:35:09,541.041167882175
2022-03-29 21:35:14,538.68
2022-03-29 21:35:19,541.0794415031189
2022-03-29 21:35:24,538.81
2022-03-29 21:35:29,538.81
2022-03-29 21:35:34,538.81
2022-03-29 21:35:39,538.87
2022-03-29 21:35:44,538.87
2022-03-29 21:35:49,538.91
2022-03-29 21:35:54,538.97
2022-03-29 21:35:59,538.97
2022-03-29 21:36:04,539.03
2022-03-29 21:36:09,541.2708096078388
2022-03-29 21:36:14,539.1
2022-03-29 21:36:19,541.3090832287827
2022-03-29 21:36:24,539.13
2022-03-29 21:36:29,541.3473568497268
2022-03-29 21:36:34,539.19
2022-03-29 21:36:39,539.25
2022-03-29 21:36:44,541.4047672811427
2022-03-29 21:36:49,539.38
2022-03-29 21:36:54,539.41
2022-03-29 21:36:59,539.48
2022-03-29 21:37:04,539.54
2022-03-29 21:37:09,539.61
2022-03-29 21:37:14,541.5195881439746
2022-03-29 21:37:19,539.7
2022-03-29 21:37:24,539.77
2022-03-29 21:37:29,541.5769985753906
2022-03-29 21:37:34,539.89
2022-03-29 21:37:39,539.92
2022-03-29 21:37:44,541.6344090068065
2022-03-29 21:37:49,540.05
2022-03-29 21:37:54,540.15
2022-03-29 21:37:59,541.6918194382224
2022-03-29 21:38:04,540.28
2022-03-29 21:38:09,540.34
2022-03-29 21:38:14,540.4
2022-03-29 21:38:19,540.43
2022-03-29 21:38:24,540.5
2022-03-29 21:38:29,540.56
2022-03-29 21:38:34,540.66
2022-03-29 21:38:39,540.72
2022-03-29 21:38:44,540.79
2022-03-29 21:38:49,541.8831875429423
2022-03-29 21:38:54,540.92
2022-03-29 21:38:59,541.02
2022-03-29 21:39:04,541.08
2022-03-29 21:39:09,541.14
2022-03-29 21:39:14,541.17
2022-03-29 21:39:19,541.24
2022-03-29 21:39:24,541.37
2022-03-29 21:39:29,541.43
2022-03-29 21:39:34,541.46
2022-03-29 21:39:39,542.0676714584524
2022-03-29 21:39:44,541.53
2022-03-29 21:39:49,541.6
2022-03-29 21:39:54,542.0236062931518
2022-03-29 21:39:59,541.69
2022-03-29 21:40:04,541.9942295162848
2022-03-29 21:40:09,541.82
2022-03-29 21:40:14,541.82
2022-03-29 21:40:19,541.89
2022-03-29 21:40:24,541.9354759625508
2022-03-29 21:40:29,541.98
2022-03-29 21:40:34,542.05
2022-03-29 21:40:39,541.8914107972503
2022-03-29 21:40:44,541.8767224088167
2022-03-29 21:40:49,542.18
2022-03-29 21:40:54,541.8473456319497
2022-03-29 21:40:59,542.28
2022-03-29 21:41:04,542.28
2022-03-29 21:41:09,542.34
2022-03-29 21:41:14,542.41
2022-03-29 21:41:19,542.47
2022-03-29 21:41:24,541.7592153013486
2022-03-29 21:41:29,542.5
2022-03-29 21:41:34,542.57
2022-03-29 21:41:39,542.64
2022-03-29 21:41:44,541.7004617476144
2022-03-29 21:41:49,542.7
2022-03-29 21:41:54,542.7
2022-03-29 21:41:59,542.73
2022-03-29 21:42:04,542.73
2022-03-29 21:42:09,542.8
2022-03-29 21:42:14,542.8
2022-03-29 21:42:19,542.87
2022-03-29 21:42:24,542.87
2022-03-29 21:42:29,541.5682662517129
2022-03-29 21:42:34,541.5535778632793
2022-03-29 21:42:39,542.93
2022-03-29 21:42:44,543.0
2022-03-29 21:42:49,541.5095126979788
2022-03-29 21:42:54,541.4948243095453
2022-03-29 21:42:59,543.0
2022-03-29 21:43:04,543.03
2022-03-29 21:43:09,543.03
2022-03-29 21:43:14,541.4360707558112
2022-03-29 21:43:19,543.1
2022-03-29 21:43:24,543.09
2022-03-29 21:43:29,543.09
2022-03-29 21:43:34,543.09
2022-03-29 21:43:39,541.3626288136436
2022-03-29 21:43:44,543.16
2022-03-29 21:43:49,543.09
2022-03-29 21:43:54,543.16
2022-03-29 21:43:59,543.09
2022-03-29 21:44:04,543.1
2022-03-29 21:44:09,541.2744984830425
2022-03-29 21:44:14,543.03
2022-03-29 21:44:19,541.2451217061755
2022-03-29 21:44:24,543.0
2022-03-29 21:44:29,543.0
2022-03-29 21:44:34,542.93
2022-03-29 21:44:39,542.87
2022-03-29 21:44:44,542.8
2022-03-29 21:44:49,542.8
2022-03-29 21:44:54,542.74
2022-03-29 21:44:59,541.1276145987074
2022-03-29 21:45:04,542.58
2022-03-29 21:45:09,542.58
2022-03-29 21:45:14,542.48
2022-03-29 21:45:19,541.0688610449733
2022-03-29 21:45:24,542.28
2022-03-29 21:45:29,542.29
2022-03-29 21:45:34,542.19
2022-03-29 21:45:39,542.0
2022-03-29 21:45:44,541.99
2022-03-29 21:45:49,541.83
2022-03-29 21:45:54,541.67
2022-03-29 21:45:59,541.67
2022-03-29 21:46:04,541.54
2022-03-29 21:46:09,540.9219771606382
2022-03-29 21:46:14,541.32
2022-03-29 21:46:19,540.8926003837712
2022-03-29 21:46:24,540.8779119953376
2022-03-29 21:46:29,540.96
2022-03-29 21:46:34,540.86
2022-03-29 21:46:39,540.8
2022-03-29 21:46:44,540.63
2022-03-29 21:46:49,540.8044700531701
2022-03-29 21:46:54,540.44
2022-03-29 21:46:59,540.28
2022-03-29 21:47:04,540.15
2022-03-29 21:47:09,540.05
2022-03-29 21:47:14,540.7310281110025
2022-03-29 21:47:19,540.7163397225689
2022-03-29 21:47:24,540.7016513341355
2022-03-29 21:47:29,539.53
2022-03-29 21:47:34,540.6722745572685
2022-03-29 21:47:39,539.24
2022-03-29 21:47:44,540.6428977804014
2022-03-29 21:47:49,539.01
2022-03-29 21:47:54,540.6135210035344
2022-03-29 21:47:59,540.5988326151008
2022-03-29 21:48:04,538.66
2022-03-29 21:48:09,540.5694558382338
2022-03-29 21:48:14,538.5
2022-03-29 21:48:19,540.5400790613668
2022-03-29 21:48:24,538.27
2022-03-29 21:48:29,538.08
2022-03-29 21:48:34,540.4960138960663
2022-03-29 21:48:39,537.85
2022-03-29 21:48:44,537.82
2022-03-29 21:48:49,537.76
2022-03-29 21:48:54,537.63
2022-03-29 21:48:59,537.56
2022-03-29 21:49:04,537.47
2022-03-29 21:49:09,537.4
2022-03-29 21:49:14,537.31
2022-03-29 21:49:19,537.24
2022-03-29 21:49:24,537.18
2022-03-29 21:49:29,537.11
2022-03-29 21:49:34,540.3197532348642
2022-03-29 21:49:39,537.05
2022-03-29 21:49:44,540.290376457997
2022-03-29 21:49:49,540.2756880695636
2022-03-29 21:49:54,536.95
2022-03-29 21:49:59,536.89
2022-03-29 21:50:04,540.231622904263
2022-03-29 21:50:09,540.2169345158295
2022-03-29 21:50:14,536.82
2022-03-29 21:50:19,536.73
2022-03-29 21:50:24,536.66
2022-03-29 21:50:29,540.1581809620955
2022-03-29 21:50:34,536.6
2022-03-29 21:50:39,540.1288041852283
2022-03-29 21:50:44,540.1141157967949
2022-03-29 21:50:49,540.0994274083613
2022-03-29 21:50:54,540.0847390199278
2022-03-29 21:50:59,536.54
2022-03-29 21:51:04,536.54
2022-03-29 21:51:09,536.54
2022-03-29 21:51:14,536.54
2022-03-29 21:51:19,536.54
2022-03-29 21:51:24,536.54
2022-03-29 21:51:29,539.9819203008933
2022-03-29 21:51:34,536.55
2022-03-29 21:51:39,536.61
2022-03-29 21:51:44,536.61
2022-03-29 21:51:49,536.61
2022-03-29 21:51:54,536.67
2022-03-29 21:51:59,536.74
2022-03-29 21:52:04,539.8791015818585
2022-03-29 21:52:09,539.8644131934251
2022-03-29 21:52:14,536.74
2022-03-29 21:52:19,536.81
2022-03-29 21:52:24,539.8203480281246
2022-03-29 21:52:29,536.9
2022-03-29 21:52:34,539.7909712512575
2022-03-29 21:52:39,536.97
2022-03-29 21:52:44,536.97
2022-03-29 21:52:49,539.746906085957
2022-03-29 21:52:54,537.04
2022-03-29 21:52:59,537.07
2022-03-29 21:53:04,537.13
2022-03-29 21:53:09,537.2
2022-03-29 21:53:14,539.6734641437894
2022-03-29 21:53:19,537.33
2022-03-29 21:53:24,537.33
2022-03-29 21:53:29,537.36
2022-03-29 21:53:34,537.36
2022-03-29 21:53:39,537.43
2022-03-29 21:53:44,537.43
2022-03-29 21:53:49,537.5
2022-03-29 21:53:54,537.56
2022-03-29 21:53:59,537.56
2022-03-29 21:54:04,537.59
2022-03-29 21:54:09,537.59
2022-03-29 21:54:14,537.66
2022-03-29 21:54:19,537.66
2022-03-29 21:54:24,539.6725750266645
2022-03-29 21:54:29,537.73
2022-03-29 21:54:34,539.6934752281745
2022-03-29 21:54:39,537.79
2022-03-29 21:54:44,539.7143754296844
2022-03-29 21:54:49,539.7248255304394
2022-03-29 21:54:54,539.7352756311944
2022-03-29 21:54:59,537.89
2022-03-29 21:55:04,539.7561758327043
2022-03-29 21:55:09,537.89
2022-03-29 21:55:14,537.86
2022-03-29 21:55:19,537.89
2022-03-29 21:55:24,539.7979762357243
2022-03-29 21:55:29,537.96
2022-03-29 21:55:34,537.96
2022-03-29 21:55:39,539.8293265379892
2022-03-29 21:55:44,538.03
2022-03-29 21:55:49,539.8502267394991
2022-03-29 21:55:54,538.03
2022-03-29 21:55:59,539.8711269410092
2022-03-29 21:56:04,539.8815770417641
2022-03-29 21:56:09,538.1
2022-03-29 21:56:14,538.13
2022-03-29 21:56:19,538.13
2022-03-29 21:56:24,539.923377444784
2022-03-29 21:56:29,539.933827545539
2022-03-29 21:56:34,538.13
2022-03-29 21:56:39,538.2
2022-03-29 21:56:44,538.19
2022-03-29 21:56:49,538.2
2022-03-29 21:56:54,538.26
2022-03-29 21:56:59,538.33
2022-03-29 21:57:04,540.0069782508239
2022-03-29 21:57:09,538.33
2022-03-29 21:57:14,540.0278784523338
2022-03-29 21:57:19,538.39
2022-03-29 21:57:24,538.39
2022-03-29 21:57:29,538.39
2022-03-29 21:57:34,540.0696788553537
2022-03-29 21:57:39,538.43
2022-03-29 21:57:44,540.0905790568637
2022-03-29 21:57:49,538.43
2022-03-29 21:57:54,538.5
2022-03-29 21:57:59,538.5
2022-03-29 21:58:04,538.56
2022-03-29 21:58:09,538.56
2022-03-29 21:58:14,538.56
2022-03-29 21:58:19,538.56
2022-03-29 21:58:24,538.63
2022-03-29 21:58:29,538.63
2022-03-29 21:58:34,538.66
2022-03-29 21:58:39,538.66
2022-03-29 21:58:44,538.73
2022-03-29 21:58:49,540.2264303666784
2022-03-29 21:58:54,538.79
2022-03-29 21:58:59,538.8
2022-03-29 21:59:04,540.2577806689434
2022-03-29 21:59:09,538.86
2022-03-29 21:59:14,538.86
2022-03-29 21:59:19,538.86
2022-03-29 21:59:24,540.2995810719632
2022-03-29 21:59:29,538.93
2022-03-29 21:59:34,538.96
2022-03-29 21:59:39,538.96
2022-03-29 21:59:44,538.97
2022-03-29 21:59:49,540.3518315757382
2022-03-29 21:59:54,539.1
2022-03-29 21:59:59,540.3727317772481
2022-03-29 22:00:04,539.16
2022-03-29 22:00:09,539.16
2022-03-29 22:00:14,539.2
2022-03-29 22:00:19,540.414532180268
2022-03-29 22:00:24,540.424982281023
2022-03-29 22:00:29,539.27
2022-03-29 22:00:34,540.445882482533
2022-03-29 22:00:39,539.33
2022-03-29 22:00:44,539.27
2022-03-29 22:00:49,539.34
2022-03-29 22:00:54,539.34
2022-03-29 22:00:59,539.34
2022-03-29 22:01:04,539.47
2022-03-29 22:01:09,539.47
2022-03-29 22:01:14,539.47
2022-03-29 22:01:19,539.5
2022-03-29 22:01:24,540.5503834900827
2022-03-29 22:01:29,539.47
2022-03-29 22:01:34,539.5
2022-03-29 22:01:39,539.57
2022-03-29 22:01:44,539.51
2022-03-29 22:01:49,540.6026339938576
2022-03-29 22:01:54,540.6130840946126
2022-03-29 22:01:59,540.6235341953676
2022-03-29 22:02:04,540.6339842961225
2022-03-29 22:02:09,539.64
2022-03-29 22:02:14,540.6548844976326
2022-03-29 22:02:19,539.7
2022-03-29 22:02:24,540.6757846991425
2022-03-29 22:02:29,540.6862347998974
2022-03-29 22:02:34,539.74
2022-03-29 22:02:39,539.74
2022-03-29 22:02:44,540.7175851021624
2022-03-29 22:02:49,539.8
2022-03-29 22:02:54,540.7384853036724
2022-03-29 22:02:59,539.8
2022-03-29 22:03:04,540.7593855051823
2022-03-29 22:03:09,539.81
2022-03-29 22:03:14,539.81
2022-03-29 22:03:19,540.7907358074472
2022-03-29 22:03:24,540.8011859082022
2022-03-29 22:03:29,540.8116360089572
2022-03-29 22:03:34,539.81
2022-03-29 22:03:39,540.8325362104672
2022-03-29 22:03:44,539.81
2022-03-29 22:03:49,539.81
2022-03-29 22:03:54,539.81
2022-03-29 22:03:59,539.74
2022-03-29 22:04:04,539.74
2022-03-29 22:04:09,539.74
2022-03-29 22:04:14,539.74
2022-03-29 22:04:19,540.916137016507
2022-03-29 22:04:24,539.74
2022-03-29 22:04:29,539.74
2022-03-29 22:04:34,539.74
2022-03-29 22:04:39,540.9579374195268
2022-03-29 22:04:44,539.71
2022-03-29 22:04:49,539.65
2022-03-29 22:04:54,540.9892877217918
2022-03-29 22:04:59,539.65
2022-03-29 22:05:04,539.65
2022-03-29 22:05:09,539.58
2022-03-29 22:05:14,539.58
2022-03-29 22:05:19,541.0415382255668
2022-03-29 22:05:24,539.58
2022-03-29 22:05:29,539.52
2022-03-29 22:05:34,541.0728885278317
2022-03-29 22:05:39,539.52
2022-03-29 22:05:44,539.51
2022-03-29 22:05:49,539.52
2022-03-29 22:05:54,539.51
2022-03-29 22:05:59,539.51
2022-03-29 22:06:04,539.51
2022-03-29 22:06:09,541.1460392331165
2022-03-29 22:06:14,541.1564893338715
2022-03-29 22:06:19,541.1669394346264
2022-03-29 22:06:24,539.48
2022-03-29 22:06:29,539.51
2022-03-29 22:06:34,541.1982897368914
2022-03-29 22:06:39,541.2087398376464
2022-03-29 22:06:44,539.48
2022-03-29 22:06:49,539.48
2022-03-29 22:06:54,539.41
2022-03-29 22:06:59,539.42
2022-03-29 22:07:04,539.48
2022-03-29 22:07:09,539.42
2022-03-29 22:07:14,539.42
2022-03-29 22:07:19,539.35
2022-03-29 22:07:24,539.29
2022-03-29 22:07:29,541.3132408451962
2022-03-29 22:07:34,539.29
2022-03-29 22:07:39,541.3341410467061
2022-03-29 22:07:44,541.3445911474611
2022-03-29 22:07:49,539.23
2022-03-29 22:07:54,541.3478433865027
2022-03-29 22:07:59,539.19
2022-03-29 22:08:04,539.13
2022-03-29 22:08:09,539.07
2022-03-29 22:08:14,539.0
2022-03-29 22:08:19,539.07
2022-03-29 22:08:24,538.97
2022-03-29 22:08:29,538.97
2022-03-29 22:08:34,538.91
2022-03-29 22:08:39,538.84
2022-03-29 22:08:44,541.289855946822
2022-03-29 22:08:49,538.78
2022-03-29 22:08:54,541.2782584588857
2022-03-29 22:08:59,541.2724597149177
2022-03-29 22:09:04,538.62
2022-03-29 22:09:09,538.55
2022-03-29 22:09:14,538.55
2022-03-29 22:09:19,538.49
2022-03-29 22:09:24,538.46
2022-03-29 22:09:29,538.4
2022-03-29 22:09:34,538.33
2022-03-29 22:09:39,541.2260697631731
2022-03-29 22:09:44,538.21
2022-03-29 22:09:49,538.17
2022-03-29 22:09:54,538.11
2022-03-29 22:09:59,541.2028747873007
2022-03-29 22:10:04,541.1970760433326
2022-03-29 22:10:09,537.88
2022-03-29 22:10:14,537.82
2022-03-29 22:10:19,537.69
2022-03-29 22:10:24,537.66
2022-03-29 22:10:29,541.1680823234923
2022-03-29 22:10:34,537.47
2022-03-29 22:10:39,537.38
2022-03-29 22:10:44,537.31
2022-03-29 22:10:49,537.18
2022-03-29 22:10:54,541.1390886036518
2022-03-29 22:10:59,536.96
2022-03-29 22:11:04,536.93
2022-03-29 22:11:09,536.8
2022-03-29 22:11:14,536.74
2022-03-29 22:11:19,541.1100948838114
2022-03-29 22:11:24,541.1042961398433
2022-03-29 22:11:29,536.41
2022-03-29 22:11:34,541.0926986519072
2022-03-29 22:11:39,536.29
2022-03-29 22:11:44,536.13
2022-03-29 22:11:49,536.13
2022-03-29 22:11:54,536.0
2022-03-29 22:11:59,535.93
2022-03-29 22:12:04,535.9
2022-03-29 22:12:09,535.84
2022-03-29 22:12:14,535.77
2022-03-29 22:12:19,535.64
2022-03-29 22:12:24,535.61
2022-03-29 22:12:29,535.55
2022-03-29 22:12:34,535.48
2022-03-29 22:12:39,535.48
2022-03-29 22:12:44,535.42
2022-03-29 22:12:49,535.32
2022-03-29 22:12:54,535.32
2022-03-29 22:12:59,535.19
2022-03-29 22:13:04,535.13
2022-03-29 22:13:09,535.1
2022-03-29 22:13:14,540.9767237725456
2022-03-29 22:13:19,535.03
2022-03-29 22:13:24,534.91
2022-03-29 22:13:29,534.9
2022-03-29 22:13:34,534.9
2022-03-29 22:13:39,534.87
2022-03-29 22:13:44,534.81
2022-03-29 22:13:49,534.81
2022-03-29 22:13:54,540.9303338208009
2022-03-29 22:13:59,534.74
2022-03-29 22:14:04,534.74
2022-03-29 22:14:09,534.74
2022-03-29 22:14:14,534.68
2022-03-29 22:14:19,534.67
2022-03-29 22:14:24,534.61
2022-03-29 22:14:29,540.8897426130244
2022-03-29 22:14:34,534.68
2022-03-29 22:14:39,540.8781451250882
2022-03-29 22:14:44,534.61
2022-03-29 22:14:49,534.61
2022-03-29 22:14:54,534.61
2022-03-29 22:14:59,534.67
2022-03-29 22:15:04,540.8491514052478
2022-03-29 22:15:09,534.67
2022-03-29 22:15:14,540.8375539173117
2022-03-29 22:15:19,534.6
2022-03-29 22:15:24,534.6
2022-03-29 22:15:29,534.66
2022-03-29 22:15:34,534.67
2022-03-29 22:15:39,534.73
2022-03-29 22:15:44,534.73
2022-03-29 22:15:49,534.79
2022-03-29 22:15:54,534.73
2022-03-29 22:15:59,540.7853652215989
2022-03-29 22:16:04,534.86
2022-03-29 22:16:09,540.7737677336627
2022-03-29 22:16:14,534.86
2022-03-29 22:16:19,540.7621702457266
2022-03-29 22:16:24,534.86
2022-03-29 22:16:29,534.86
2022-03-29 22:16:34,540.7447740138223
2022-03-29 22:16:39,534.95
2022-03-29 22:16:44,534.89
2022-03-29 22:16:49,534.95
2022-03-29 22:16:54,535.01
2022-03-29 22:16:59,535.01
2022-03-29 22:17:04,535.01
2022-03-29 22:17:09,540.7041828060458
2022-03-29 22:17:14,540.6983840620777
2022-03-29 22:17:19,540.6925853181096
2022-03-29 22:17:24,535.11
2022-03-29 22:17:29,535.11
2022-03-29 22:17:34,540.6751890862054
2022-03-29 22:17:39,535.24
2022-03-29 22:17:44,540.6635915982692
2022-03-29 22:17:49,535.3
2022-03-29 22:17:54,535.3
2022-03-29 22:17:59,540.646195366365
2022-03-29 22:18:04,540.6403966223969
2022-03-29 22:18:09,535.4
2022-03-29 22:18:14,540.6287991344607
2022-03-29 22:18:19,535.47
2022-03-29 22:18:24,535.53
2022-03-29 22:18:29,540.6114029025565
2022-03-29 22:18:34,535.6
2022-03-29 22:18:39,535.63
2022-03-29 22:18:44,535.63
2022-03-29 22:18:49,535.69
2022-03-29 22:18:54,535.69
2022-03-29 22:18:59,540.5766104387479
2022-03-29 22:19:04,535.82
2022-03-29 22:19:09,535.89
2022-03-29 22:19:14,535.92
2022-03-29 22:19:19,540.5534154628757
2022-03-29 22:19:24,535.92
2022-03-29 22:19:29,536.05
2022-03-29 22:19:34,536.11
2022-03-29 22:19:39,536.15
2022-03-29 22:19:44,540.5244217430353
2022-03-29 22:19:49,536.28
2022-03-29 22:19:54,540.5128242550991
2022-03-29 22:19:59,536.41
2022-03-29 22:20:04,536.44
2022-03-29 22:20:09,536.44
2022-03-29 22:20:14,536.51
2022-03-29 22:20:19,540.4838305352587
2022-03-29 22:20:24,536.57
2022-03-29 22:20:29,540.4722330473226
2022-03-29 22:20:34,536.57
2022-03-29 22:20:39,540.4606355593863
2022-03-29 22:20:44,540.4548368154183
2022-03-29 22:20:49,536.64
2022-03-29 22:20:54,536.67
2022-03-29 22:20:59,536.68
2022-03-29 22:21:04,536.68
2022-03-29 22:21:09,536.68
2022-03-29 22:21:14,536.74
2022-03-29 22:21:19,536.74
2022-03-29 22:21:24,536.74
2022-03-29 22:21:29,540.4026481197055
2022-03-29 22:21:34,536.75
2022-03-29 22:21:39,536.81
2022-03-29 22:21:44,536.81
2022-03-29 22:21:49,536.81
2022-03-29 22:21:54,540.3735195215975
2022-03-29 22:21:59,536.81
2022-03-29 22:22:04,540.3520759201211
2022-03-29 22:22:09,536.88
2022-03-29 22:22:14,536.81
2022-03-29 22:22:19,540.3199105179065
2022-03-29 22:22:24,536.88
2022-03-29 22:22:29,536.94
2022-03-29 22:22:34,536.94
2022-03-29 22:22:39,536.88
2022-03-29 22:22:44,536.95
2022-03-29 22:22:49,536.88
2022-03-29 22:22:54,540.244857912739
2022-03-29 22:22:59,536.88
2022-03-29 22:23:04,540.2234143112627
2022-03-29 22:23:09,536.95
2022-03-29 22:23:14,536.95
2022-03-29 22:23:19,536.95
2022-03-29 22:23:24,536.98
2022-03-29 22:23:29,536.98
2022-03-29 22:23:34,536.95
2022-03-29 22:23:39,536.99
2022-03-29 22:23:44,536.98
2022-03-29 22:23:49,540.1269181046188
2022-03-29 22:23:54,536.99
2022-03-29 22:23:59,540.1054745031424
2022-03-29 22:24:04,536.99
2022-03-29 22:24:09,536.99
2022-03-29 22:24:14,536.99
2022-03-29 22:24:19,540.0625873001896
2022-03-29 22:24:24,536.99
2022-03-29 22:24:29,540.0411436987132
2022-03-29 22:24:34,540.030421897975
2022-03-29 22:24:39,537.0
2022-03-29 22:24:44,536.96
2022-03-29 22:24:49,537.0
2022-03-29 22:24:54,537.0
2022-03-29 22:24:59,537.0
2022-03-29 22:25:04,537.0
2022-03-29 22:25:09,537.0
2022-03-29 22:25:14,536.97
2022-03-29 22:25:19,536.97
2022-03-29 22:25:24,539.923203890593
2022-03-29 22:25:29,536.97
2022-03-29 22:25:34,536.97
2022-03-29 22:25:39,539.8910384883784
2022-03-29 22:25:44,539.8803166876402
2022-03-29 22:25:49,536.97
2022-03-29 22:25:54,539.8588730861638
2022-03-29 22:25:59,539.8481512854256
2022-03-29 22:26:04,539.8374294846874
2022-03-29 22:26:09,539.8267076839492
2022-03-29 22:26:14,536.84
2022-03-29 22:26:19,536.85
2022-03-29 22:26:24,536.85
2022-03-29 22:26:29,536.85
2022-03-29 22:26:34,539.7730986802582
2022-03-29 22:26:39,539.7623768795199
2022-03-29 22:26:44,536.72
2022-03-29 22:26:49,539.7409332780436
2022-03-29 22:26:54,539.7302114773054
2022-03-29 22:26:59,536.72
2022-03-29 22:27:04,536.69
2022-03-29 22:27:09,536.69
2022-03-29 22:27:14,539.6873242743526
2022-03-29 22:27:19,539.6766024736144
2022-03-29 22:27:24,539.6658806728761
2022-03-29 22:27:29,536.63
2022-03-29 22:27:34,539.6444370713998
2022-03-29 22:27:39,536.57
2022-03-29 22:27:44,539.6229934699234
2022-03-29 22:27:49,539.6122716691851
2022-03-29 22:27:54,536.57
2022-03-29 22:27:59,536.51
2022-03-29 22:28:04,536.51
2022-03-29 22:28:09,536.51
2022-03-29 22:28:14,536.48
2022-03-29 22:28:19,536.48
2022-03-29 22:28:24,539.5372190640177
2022-03-29 22:28:29,539.5264972632796
2022-03-29 22:28:34,536.42
2022-03-29 22:28:39,536.42
2022-03-29 22:28:44,536.42
2022-03-29 22:28:49,536.42
2022-03-29 22:28:54,539.4728882595886
2022-03-29 22:28:59,536.3
2022-03-29 22:29:04,536.36
2022-03-29 22:29:09,536.36
2022-03-29 22:29:14,539.4300010566358
2022-03-29 22:29:19,536.3
2022-03-29 22:29:24,536.24
2022-03-29 22:29:29,536.24
2022-03-29 22:29:34,539.3871138536829
2022-03-29 22:29:39,536.21
2022-03-29 22:29:44,536.14
2022-03-29 22:29:49,536.14
2022-03-29 22:29:54,536.14
2022-03-29 22:29:59,536.14
2022-03-29 22:30:04,536.08
2022-03-29 22:30:09,539.3120612485155
2022-03-29 22:30:14,536.02
2022-03-29 22:30:19,539.2906176470391
2022-03-29 22:30:24,539.2798958463009
2022-03-29 22:30:29,535.99
2022-03-29 22:30:34,535.93
2022-03-29 22:30:39,535.86
2022-03-29 22:30:44,539.2370086433481
2022-03-29 22:30:49,535.86
2022-03-29 22:30:54,535.8
2022-03-29 22:30:59,535.86
2022-03-29 22:31:04,535.8
2022-03-29 22:31:09,539.1833996396571
2022-03-29 22:31:14,535.74
2022-03-29 22:31:19,539.1619560381806
2022-03-29 22:31:24,535.74
2022-03-29 22:31:29,535.7
2022-03-29 22:31:34,535.64
2022-03-29 22:31:39,539.1190688352278
2022-03-29 22:31:44,535.64
2022-03-29 22:31:49,535.57
2022-03-29 22:31:54,535.57
2022-03-29 22:31:59,535.51
2022-03-29 22:32:04,535.51
2022-03-29 22:32:09,535.51
2022-03-29 22:32:14,539.0440162300604
2022-03-29 22:32:19,535.48
2022-03-29 22:32:24,539.022572628584
2022-03-29 22:32:29,539.0118508278458
2022-03-29 22:32:34,535.35
2022-03-29 22:32:39,538.9904072263695
2022-03-29 22:32:44,535.28
2022-03-29 22:32:49,538.968963624893
2022-03-29 22:32:54,535.22
2022-03-29 22:32:59,535.22
2022-03-29 22:33:04,538.9367982226785
2022-03-29 22:33:09,535.12
2022-03-29 22:33:14,538.915354621202
2022-03-29 22:33:19,535.12
2022-03-29 22:33:24,538.8939110197257
2022-03-29 22:33:29,538.8831892189875
2022-03-29 22:33:34,538.8724674182492
2022-03-29 22:33:39,534.96
2022-03-29 22:33:44,534.9
2022-03-29 22:33:49,534.89
2022-03-29 22:33:54,534.89
2022-03-29 22:33:59,534.83
2022-03-29 22:34:04,534.83
2022-03-29 22:34:09,534.77
2022-03-29 22:34:14,534.7
2022-03-29 22:34:19,534.76
2022-03-29 22:34:24,534.66
2022-03-29 22:34:29,534.67
2022-03-29 22:34:34,534.6
2022-03-29 22:34:39,534.6
2022-03-29 22:34:44,534.6
2022-03-29 22:34:49,538.7116404071762
2022-03-29 22:34:54,534.47
2022-03-29 22:34:59,534.44
2022-03-29 22:35:04,534.37
2022-03-29 22:35:09,534.37
2022-03-29 22:35:14,538.6580314034852
2022-03-29 22:35:19,538.647309602747
2022-03-29 22:35:24,534.18
2022-03-29 22:35:29,538.6258660012705
2022-03-29 22:35:34,538.6151442005324
2022-03-29 22:35:39,534.08
2022-03-29 22:35:44,534.08
2022-03-29 22:35:49,534.08
2022-03-29 22:35:54,534.02
2022-03-29 22:35:59,533.96
2022-03-29 22:36:04,533.92
2022-03-29 22:36:09,533.92
2022-03-29 22:36:14,533.92
2022-03-29 22:36:19,533.92
2022-03-29 22:36:24,533.86
2022-03-29 22:36:29,538.4681029741381
2022-03-29 22:36:34,533.73
2022-03-29 22:36:39,533.73
2022-03-29 22:36:44,533.67
2022-03-29 22:36:49,533.64
2022-03-29 22:36:54,538.3901155692373
2022-03-29 22:36:59,533.57
2022-03-29 22:37:04,538.3589206072769
2022-03-29 22:37:09,533.57
2022-03-29 22:37:14,533.57
2022-03-29 22:37:19,538.3121281643364
2022-03-29 22:37:24,538.2965306833562
2022-03-29 22:37:29,538.2809332023761
2022-03-29 22:37:34,533.45
2022-03-29 22:37:39,533.51
2022-03-29 22:37:44,533.51
2022-03-29 22:37:49,533.45
2022-03-29 22:37:54,538.2029457974752
2022-03-29 22:37:59,533.45
2022-03-29 22:38:04,533.45
2022-03-29 22:38:09,533.51
2022-03-29 22:38:14,538.1405558735544
2022-03-29 22:38:19,533.51
2022-03-29 22:38:24,533.45
2022-03-29 22:38:29,533.45
2022-03-29 22:38:34,533.45
2022-03-29 22:38:39,538.0625684686536
2022-03-29 22:38:44,533.52
2022-03-29 22:38:49,533.58
2022-03-29 22:38:54,533.52
2022-03-29 22:38:59,533.58
2022-03-29 22:39:04,533.58
2022-03-29 22:39:09,533.59
2022-03-29 22:39:14,537.9533861017924
2022-03-29 22:39:19,533.65
2022-03-29 22:39:24,537.9221911398321
2022-03-29 22:39:29,533.65
2022-03-29 22:39:34,533.65
2022-03-29 22:39:39,533.65
2022-03-29 22:39:44,537.8598012159113
2022-03-29 22:39:49,533.65
2022-03-29 22:39:54,533.65
2022-03-29 22:39:59,537.8130087729708
2022-03-29 22:40:04,537.7974112919906
2022-03-29 22:40:09,537.7818138110105
2022-03-29 22:40:14,533.69
2022-03-29 22:40:19,533.69
2022-03-29 22:40:24,533.69
2022-03-29 22:40:29,533.69
2022-03-29 22:40:34,533.69
2022-03-29 22:40:39,533.69
2022-03-29 22:40:44,537.6726314441491
2022-03-29 22:40:49,533.69
2022-03-29 22:40:54,533.69
2022-03-29 22:40:59,533.75
2022-03-29 22:41:04,533.75
2022-03-29 22:41:09,533.75
2022-03-29 22:41:14,533.75
2022-03-29 22:41:19,533.76
2022-03-29 22:41:24,533.75
2022-03-29 22:41:29,533.82
2022-03-29 22:41:34,533.82
2022-03-29 22:41:39,537.5010591533672
2022-03-29 22:41:44,533.82
2022-03-29 22:41:49,533.82
2022-03-29 22:41:54,533.94
2022-03-29 22:41:59,537.4386692294465
2022-03-29 22:42:04,537.4230717484664
2022-03-29 22:42:09,533.94
2022-03-29 22:42:14,533.97
2022-03-29 22:42:19,534.04
2022-03-29 22:42:24,534.04
2022-03-29 22:42:29,534.04
2022-03-29 22:42:34,537.3294868625853
2022-03-29 22:42:39,534.17
2022-03-29 22:42:44,534.17
2022-03-29 22:42:49,534.17
2022-03-29 22:42:54,537.2670969386646
2022-03-29 22:42:59,534.2
2022-03-29 22:43:04,534.26
2022-03-29 22:43:09,534.33
2022-03-29 22:43:14,534.33
2022-03-29 22:43:19,534.39
2022-03-29 22:43:24,534.45
2022-03-29 22:43:29,537.1579145718034
2022-03-29 22:43:34,537.1423170908232
2022-03-29 22:43:39,534.55
2022-03-29 22:43:44,534.55
2022-03-29 22:43:49,534.61
2022-03-29 22:43:54,534.68
2022-03-29 22:43:59,534.71
2022-03-29 22:44:04,534.77
2022-03-29 22:44:09,537.033134723962
2022-03-29 22:44:14,534.9
2022-03-29 22:44:19,534.9
2022-03-29 22:44:24,534.96
2022-03-29 22:44:29,534.99
2022-03-29 22:44:34,535.12
2022-03-29 22:44:39,536.939549838081
2022-03-29 22:44:44,535.18
2022-03-29 22:44:49,535.28
2022-03-29 22:44:54,536.8927573951404
2022-03-29 22:44:59,535.41
2022-03-29 22:45:04,536.8615624331801
2022-03-29 22:45:09,536.8459649521999
2022-03-29 22:45:14,536.8303674712197
2022-03-29 22:45:19,535.69
2022-03-29 22:45:24,535.73
2022-03-29 22:45:29,535.79
2022-03-29 22:45:34,535.79
2022-03-29 22:45:39,535.92
2022-03-29 22:45:44,535.92
2022-03-29 22:45:49,535.98
2022-03-29 22:45:54,536.01
2022-03-29 22:45:59,536.08
2022-03-29 22:46:04,536.14
2022-03-29 22:46:09,536.24
2022-03-29 22:46:14,536.21
2022-03-29 22:46:19,536.6276002184775
2022-03-29 22:46:24,536.3
2022-03-29 22:46:29,536.5964052565171
2022-03-29 22:46:34,536.37
2022-03-29 22:46:39,536.5652102945568
2022-03-29 22:46:44,536.5
2022-03-29 22:46:49,536.5
2022-03-29 22:46:54,536.59
2022-03-29 22:46:59,536.59
2022-03-29 22:47:04,536.4872228896559
2022-03-29 22:47:09,536.4716254086757
2022-03-29 22:47:14,536.72
2022-03-29 22:47:19,536.72
2022-03-29 22:47:24,536.72
2022-03-29 22:47:29,536.76
2022-03-29 22:47:34,536.82
2022-03-29 22:47:39,536.82
2022-03-29 22:47:44,536.3624430418145
2022-03-29 22:47:49,536.88
2022-03-29 22:47:54,536.88
2022-03-29 22:47:59,536.88
2022-03-29 22:48:04,536.3000531178938
2022-03-29 22:48:09,536.2844556369135
2022-03-29 22:48:14,536.2688581559335
2022-03-29 22:48:19,536.88
2022-03-29 22:48:24,536.89
2022-03-29 22:48:29,536.88
2022-03-29 22:48:34,536.88
2022-03-29 22:48:39,536.95
2022-03-29 22:48:44,536.95
2022-03-29 22:48:49,536.1596757890723
2022-03-29 22:48:54,536.89
2022-03-29 22:48:59,536.89
2022-03-29 22:49:04,536.89
2022-03-29 22:49:09,536.82
2022-03-29 22:49:14,536.83
2022-03-29 22:49:19,536.76
2022-03-29 22:49:24,536.76
2022-03-29 22:49:29,536.73
2022-03-29 22:49:34,536.0192984602506
2022-03-29 22:49:39,536.0037009792704
2022-03-29 22:49:44,536.6
2022-03-29 22:49:49,536.6
2022-03-29 22:49:54,536.54
2022-03-29 22:49:59,536.51
2022-03-29 22:50:04,536.51
2022-03-29 22:50:09,536.44
2022-03-29 22:50:14,535.9546401282312
2022-03-29 22:50:19,535.9705202031784
2022-03-29 22:50:24,535.9864002781253
2022-03-29 22:50:29,536.26
2022-03-29 22:50:34,536.0181604280195
2022-03-29 22:50:39,536.16
2022-03-29 22:50:44,536.0499205779136
2022-03-29 22:50:49,536.0658006528607
2022-03-29 22:50:54,536.03
2022-03-29 22:50:59,536.0975608027549
2022-03-29 22:51:04,535.94
2022-03-29 22:51:09,536.129320952649
2022-03-29 22:51:14,536.145201027596
2022-03-29 22:51:19,535.81
2022-03-29 22:51:24,535.75
2022-03-29 22:51:29,536.1928412524373
2022-03-29 22:51:34,535.72
2022-03-29 22:51:39,535.65
2022-03-29 22:51:44,535.58
2022-03-29 22:51:49,536.2563615522256
2022-03-29 22:51:54,535.52
2022-03-29 22:51:59,536.2881217021197
2022-03-29 22:52:04,535.49
2022-03-29 22:52:09,535.37
2022-03-29 22:52:14,535.37
2022-03-29 22:52:19,535.37
2022-03-29 22:52:24,535.37
2022-03-29 22:52:29,535.3
2022-03-29 22:52:34,535.24
2022-03-29 22:52:39,535.24
2022-03-29 22:52:44,535.21
2022-03-29 22:52:49,536.4469224515905
2022-03-29 22:52:54,535.21
2022-03-29 22:52:59,536.4786826014846
2022-03-29 22:53:04,536.4945626764317
2022-03-29 22:53:09,535.15
2022-03-29 22:53:14,535.08
2022-03-29 22:53:19,536.5422029012728
2022-03-29 22:53:24,535.02
2022-03-29 22:53:29,535.09
2022-03-29 22:53:34,535.09
2022-03-29 22:53:39,535.02
2022-03-29 22:53:44,536.6216032760083
2022-03-29 22:53:49,535.02
2022-03-29 22:53:54,534.99
2022-03-29 22:53:59,534.99
2022-03-29 22:54:04,536.6851235757965
2022-03-29 22:54:09,534.93
2022-03-29 22:54:14,534.99
2022-03-29 22:54:19,534.93
2022-03-29 22:54:24,536.7486438755848
2022-03-29 22:54:29,534.87
2022-03-29 22:54:34,536.7804040254789
2022-03-29 22:54:39,534.87
2022-03-29 22:54:44,536.812164175373
2022-03-29 22:54:49,534.87
2022-03-29 22:54:54,534.8
2022-03-29 22:54:59,534.8
2022-03-29 22:55:04,534.8
2022-03-29 22:55:09,534.81
2022-03-29 22:55:14,534.81
2022-03-29 22:55:19,534.81
2022-03-29 22:55:24,534.74
2022-03-29 22:55:29,534.75
2022-03-29 22:55:34,534.74
2022-03-29 22:55:39,534.75
2022-03-29 22:55:44,534.81
2022-03-29 22:55:49,537.0186051496851
2022-03-29 22:55:54,537.0344852246321
2022-03-29 22:55:59,534.75
2022-03-29 22:56:04,534.71
2022-03-29 22:56:09,534.72
2022-03-29 22:56:14,537.0980055244204
2022-03-29 22:56:19,537.1138855993674
2022-03-29 22:56:24,534.66
2022-03-29 22:56:29,534.66
2022-03-29 22:56:34,534.66
2022-03-29 22:56:39,537.1774058991557
2022-03-29 22:56:44,534.6
2022-03-29 22:56:49,534.6
2022-03-29 22:56:54,534.53
2022-03-29 22:56:59,534.53
2022-03-29 22:57:04,534.6
2022-03-29 22:57:09,537.2726863488382
2022-03-29 22:57:14,537.2885664237851
2022-03-29 22:57:19,534.51
2022-03-29 22:57:24,534.54
2022-03-29 22:57:29,534.54
2022-03-29 22:57:34,534.54
2022-03-29 22:57:39,537.3679667985206
2022-03-29 22:57:44,534.54
2022-03-29 22:57:49,534.54
2022-03-29 22:57:54,537.4156070233618
2022-03-29 22:57:59,534.55
2022-03-29 22:58:04,537.447367173256
2022-03-29 22:58:09,534.52
2022-03-29 22:58:14,537.4791273231501
2022-03-29 22:58:19,534.52
2022-03-29 22:58:24,534.52
2022-03-29 22:58:29,537.5267675479913
2022-03-29 22:58:34,537.5426476229384
2022-03-29 22:58:39,534.52
2022-03-29 22:58:44,534.46
2022-03-29 22:58:49,534.52
2022-03-29 22:58:54,534.52
2022-03-29 22:58:59,534.46
2022-03-29 22:59:04,534.46
2022-03-29 22:59:09,537.6538081475678
2022-03-29 22:59:14,534.46
2022-03-29 22:59:19,534.52
2022-03-29 22:59:24,537.701448372409
2022-03-29 22:59:29,534.46
2022-03-29 22:59:34,534.46
2022-03-29 22:59:39,534.46
2022-03-29 22:59:44,534.52
2022-03-29 22:59:49,537.7808487471444
2022-03-29 22:59:54,534.46
2022-03-29 22:59:59,534.46
2022-03-29 23:00:04,534.53
2022-03-29 23:00:09,537.8443690469328
2022-03-29 23:00:14,534.46
2022-03-29 23:00:19,534.46
2022-03-29 23:00:24,534.46
2022-03-29 23:00:29,534.46
2022-03-29 23:00:34,534.4
2022-03-29 23:00:39,534.4
2022-03-29 23:00:44,534.4
2022-03-29 23:00:49,534.4
2022-03-29 23:00:54,534.34
2022-03-29 23:00:59,534.4
2022-03-29 23:01:04,534.34
2022-03-29 23:01:09,538.0349299462977
2022-03-29 23:01:14,534.34
2022-03-29 23:01:19,538.0666900961917
2022-03-29 23:01:24,534.27
2022-03-29 23:01:29,534.33
2022-03-29 23:01:34,534.27
2022-03-29 23:01:39,538.13021039598
2022-03-29 23:01:44,534.27
2022-03-29 23:01:49,534.27
2022-03-29 23:01:54,534.27
2022-03-29 23:01:59,534.27
2022-03-29 23:02:04,534.27
2022-03-29 23:02:09,534.27
2022-03-29 23:02:14,534.27
2022-03-29 23:02:19,534.27
2022-03-29 23:02:24,534.27
2022-03-29 23:02:29,534.26
2022-03-29 23:02:34,534.27
2022-03-29 23:02:39,534.23
2022-03-29 23:02:44,534.23
2022-03-29 23:02:49,534.23
2022-03-29 23:02:54,534.26
2022-03-29 23:02:59,538.3842915951332
2022-03-29 23:03:04,534.16
2022-03-29 23:03:09,534.17
2022-03-29 23:03:14,534.17
2022-03-29 23:03:19,534.1
2022-03-29 23:03:24,534.1
2022-03-29 23:03:29,534.04
2022-03-29 23:03:34,538.4954521197627
2022-03-29 23:03:39,534.03
2022-03-29 23:03:44,538.5272122696567
2022-03-29 23:03:49,533.94
2022-03-29 23:03:54,538.558972419551
2022-03-29 23:03:59,533.87
2022-03-29 23:04:04,533.81
2022-03-29 23:04:09,533.87
2022-03-29 23:04:14,533.87
2022-03-29 23:04:19,533.81
2022-03-29 23:04:24,533.87
2022-03-29 23:04:29,533.74
2022-03-29 23:04:34,533.74
2022-03-29 23:04:39,538.5459086135039
2022-03-29 23:04:44,533.71
2022-03-29 23:04:49,533.71
2022-03-29 23:04:54,538.5135741866011
2022-03-29 23:04:59,533.71
2022-03-29 23:05:04,533.71
2022-03-29 23:05:09,538.4812397596982
2022-03-29 23:05:14,538.4704616173972
2022-03-29 23:05:19,533.58
2022-03-29 23:05:24,533.58
2022-03-29 23:05:29,533.58
2022-03-29 23:05:34,533.58
2022-03-29 23:05:39,533.58
2022-03-29 23:05:44,538.4057927635914
2022-03-29 23:05:49,533.52
2022-03-29 23:05:54,533.52
2022-03-29 23:05:59,538.3734583366886
2022-03-29 23:06:04,533.58
2022-03-29 23:06:09,538.3519020520868
2022-03-29 23:06:14,533.58
2022-03-29 23:06:19,533.58
2022-03-29 23:06:24,533.58
2022-03-29 23:06:29,533.65
2022-03-29 23:06:34,533.58
2022-03-29 23:06:39,533.65
2022-03-29 23:06:44,538.27645505598
2022-03-29 23:06:49,533.65
2022-03-29 23:06:54,533.65
2022-03-29 23:06:59,533.65
2022-03-29 23:07:04,533.72
2022-03-29 23:07:09,533.66
2022-03-29 23:07:14,533.72
2022-03-29 23:07:19,538.2010080598734
2022-03-29 23:07:24,538.1902299175723
2022-03-29 23:07:29,538.1794517752714
2022-03-29 23:07:34,533.72
2022-03-29 23:07:39,533.72
2022-03-29 23:07:44,533.75
2022-03-29 23:07:49,533.75
2022-03-29 23:07:54,533.82
2022-03-29 23:07:59,533.82
2022-03-29 23:08:04,533.82
2022-03-29 23:08:09,533.82
2022-03-29 23:08:14,533.89
2022-03-29 23:08:19,538.0716703522619
2022-03-29 23:08:24,533.95
2022-03-29 23:08:29,534.02
2022-03-29 23:08:34,538.0393359253591
2022-03-29 23:08:39,534.05
2022-03-29 23:08:44,538.0177796407571
2022-03-29 23:08:49,534.11
2022-03-29 23:08:54,537.9962233561552
2022-03-29 23:08:59,534.12
2022-03-29 23:09:04,537.9746670715533
2022-03-29 23:09:09,534.18
2022-03-29 23:09:14,537.9531107869514
2022-03-29 23:09:19,537.9423326446504
2022-03-29 23:09:24,534.28
2022-03-29 23:09:29,534.34
2022-03-29 23:09:34,534.34
2022-03-29 23:09:39,534.41
2022-03-29 23:09:44,534.47
2022-03-29 23:09:49,534.47
2022-03-29 23:09:54,537.8668856485438
2022-03-29 23:09:59,537.8561075062428
2022-03-29 23:10:04,537.8453293639418
2022-03-29 23:10:09,534.63
2022-03-29 23:10:14,537.82377307934
2022-03-29 23:10:19,534.79
2022-03-29 23:10:24,537.802216794738
2022-03-29 23:10:29,537.7914386524371
2022-03-29 23:10:34,534.98
2022-03-29 23:10:39,537.7698823678352
2022-03-29 23:10:44,535.14
2022-03-29 23:10:49,535.21
2022-03-29 23:10:54,537.7375479409322
2022-03-29 23:10:59,535.31
2022-03-29 23:11:04,537.7159916563304
2022-03-29 23:11:09,535.5
2022-03-29 23:11:14,535.5
2022-03-29 23:11:19,537.6836572294275
2022-03-29 23:11:24,535.66
2022-03-29 23:11:29,537.6621009448256
2022-03-29 23:11:34,537.6513228025246
2022-03-29 23:11:39,535.82
2022-03-29 23:11:44,535.95
2022-03-29 23:11:49,537.6189883756218
2022-03-29 23:11:54,536.07
2022-03-29 23:11:59,536.11
2022-03-29 23:12:04,537.5866539487189
2022-03-29 23:12:09,536.23
2022-03-29 23:12:14,536.3
2022-03-29 23:12:19,536.39
2022-03-29 23:12:24,536.46
2022-03-29 23:12:29,537.5327632372141
2022-03-29 23:12:34,536.61
2022-03-29 23:12:39,536.68
2022-03-29 23:12:44,536.81
2022-03-29 23:12:49,536.81
2022-03-29 23:12:54,536.84
2022-03-29 23:12:59,536.9
2022-03-29 23:13:04,537.03
2022-03-29 23:13:09,537.4465380988065
2022-03-29 23:13:14,537.19
2022-03-29 23:13:19,537.25
2022-03-29 23:13:24,537.31
2022-03-29 23:13:29,537.4034255296027
2022-03-29 23:13:34,537.3926473873017
2022-03-29 23:13:39,537.3818692450008
2022-03-29 23:13:44,537.63
2022-03-29 23:13:49,537.7
2022-03-29 23:13:54,537.82
2022-03-29 23:13:59,537.86
2022-03-29 23:14:04,537.92
2022-03-29 23:14:09,538.05
2022-03-29 23:14:14,537.3064222488941
2022-03-29 23:14:19,537.2956441065932
2022-03-29 23:14:24,538.27
2022-03-29 23:14:29,538.34
2022-03-29 23:14:34,538.37
2022-03-29 23:14:39,537.2525315373894
2022-03-29 23:14:44,537.2417533950884
2022-03-29 23:14:49,538.65
2022-03-29 23:14:54,538.72
2022-03-29 23:14:59,537.2094189681856
2022-03-29 23:15:04,538.88
2022-03-29 23:15:09,538.94
2022-03-29 23:15:14,539.01
2022-03-29 23:15:19,537.1663063989816
2022-03-29 23:15:24,539.17
2022-03-29 23:15:29,539.23
2022-03-29 23:15:34,539.36
2022-03-29 23:15:39,539.39
2022-03-29 23:15:44,539.52
2022-03-29 23:15:49,539.52
2022-03-29 23:15:54,539.58
2022-03-29 23:15:59,539.65
2022-03-29 23:16:04,539.68
2022-03-29 23:16:09,539.75
2022-03-29 23:16:14,539.75
2022-03-29 23:16:19,537.0369686913702
2022-03-29 23:16:24,537.0261905490693
2022-03-29 23:16:29,539.81
2022-03-29 23:16:34,539.81
2022-03-29 23:16:39,539.87
2022-03-29 23:16:44,539.87
2022-03-29 23:16:49,536.9722998375645
2022-03-29 23:16:54,539.88
2022-03-29 23:16:59,536.9507435529626
2022-03-29 23:17:04,536.9399654106617
2022-03-29 23:17:09,536.9291872683607
2022-03-29 23:17:14,539.81
2022-03-29 23:17:19,536.9076309837587
2022-03-29 23:17:24,539.75
2022-03-29 23:17:29,536.8860746991568
2022-03-29 23:17:34,539.65
2022-03-29 23:17:39,539.65
2022-03-29 23:17:44,539.59
2022-03-29 23:17:49,539.46
2022-03-29 23:17:54,539.46
2022-03-29 23:17:59,536.8214058453511
2022-03-29 23:18:04,539.3
2022-03-29 23:18:09,536.7998495607492
2022-03-29 23:18:14,539.14
2022-03-29 23:18:19,539.07
2022-03-29 23:18:24,539.01
2022-03-29 23:18:29,538.95
2022-03-29 23:18:34,538.85
2022-03-29 23:18:39,538.72
2022-03-29 23:18:44,538.62
2022-03-29 23:18:49,537.2307194736723
2022-03-29 23:18:54,538.43
2022-03-29 23:18:59,538.34
2022-03-29 23:19:04,538.21
2022-03-29 23:19:09,537.4921134688359
2022-03-29 23:19:14,537.557461967627
2022-03-29 23:19:19,537.98
2022-03-29 23:19:24,537.85
2022-03-29 23:19:29,537.76
2022-03-29 23:19:34,537.62
2022-03-29 23:19:39,537.8842044615817
2022-03-29 23:19:44,537.53
2022-03-29 23:19:49,538.0149014591633
2022-03-29 23:19:54,537.3
2022-03-29 23:19:59,537.17
2022-03-29 23:20:04,538.2109469555361
2022-03-29 23:20:09,536.95
2022-03-29 23:20:14,536.82
2022-03-29 23:20:19,536.72
2022-03-29 23:20:24,536.66
2022-03-29 23:20:29,538.5376894494907
2022-03-29 23:20:34,536.43
2022-03-29 23:20:39,538.6683864470726
2022-03-29 23:20:44,536.2
2022-03-29 23:20:49,536.14
2022-03-29 23:20:54,535.98
2022-03-29 23:20:59,535.85
2022-03-29 23:21:04,535.78
2022-03-29 23:21:09,535.62
2022-03-29 23:21:14,535.46
2022-03-29 23:21:19,539.1911744373998
2022-03-29 23:21:24,535.27
2022-03-29 23:21:29,539.3218714349817
2022-03-29 23:21:34,535.04
2022-03-29 23:21:39,534.94
2022-03-29 23:21:44,539.5179169313544
2022-03-29 23:21:49,539.5832654301456
2022-03-29 23:21:54,534.59
2022-03-29 23:21:59,534.52
2022-03-29 23:22:04,534.36
2022-03-29 23:22:09,534.23
2022-03-29 23:22:14,534.13
2022-03-29 23:22:19,534.0
2022-03-29 23:22:24,533.91
2022-03-29 23:22:29,540.1060534204727
2022-03-29 23:22:34,533.68
2022-03-29 23:22:39,540.2367504180546
2022-03-29 23:22:44,533.45
2022-03-29 23:22:49,533.32
2022-03-29 23:22:54,540.4327959144274
2022-03-29 23:22:59,533.09
2022-03-29 23:23:04,532.97
2022-03-29 23:23:09,532.87
2022-03-29 23:23:14,532.74
2022-03-29 23:23:19,532.64
2022-03-29 23:23:24,532.51
2022-03-29 23:23:29,532.35
2022-03-29 23:23:34,540.9555839047548
2022-03-29 23:23:39,532.12
2022-03-29 23:23:44,531.99
2022-03-29 23:23:49,541.1516294011276
2022-03-29 23:23:54,541.2169778999184
2022-03-29 23:23:59,531.7
2022-03-29 23:24:04,531.6
2022-03-29 23:24:09,531.54
2022-03-29 23:24:14,531.41
2022-03-29 23:24:19,541.5437203938731
2022-03-29 23:24:24,531.18
2022-03-29 23:24:29,531.12
2022-03-29 23:24:34,531.08
2022-03-29 23:24:39,541.8051143890367
2022-03-29 23:24:44,530.89
2022-03-29 23:24:49,530.79
2022-03-29 23:24:54,530.72
2022-03-29 23:24:59,542.0665083842006
2022-03-29 23:25:04,542.1318568829913
2022-03-29 23:25:09,530.56
2022-03-29 23:25:14,530.43
2022-03-29 23:25:19,530.37
2022-03-29 23:25:24,530.34
2022-03-29 23:25:29,530.34
2022-03-29 23:25:34,530.21
2022-03-29 23:25:39,530.21
2022-03-29 23:25:44,530.08
2022-03-29 23:25:49,530.04
2022-03-29 23:25:54,542.7853418709004
2022-03-29 23:25:59,542.8506903696915
2022-03-29 23:26:04,542.9160388684824
2022-03-29 23:26:09,529.85
2022-03-29 23:26:14,529.82
2022-03-29 23:26:19,529.75
2022-03-29 23:26:24,529.69
2022-03-29 23:26:29,543.242781362437
2022-03-29 23:26:34,529.63
2022-03-29 23:26:39,529.56
2022-03-29 23:26:44,529.53
2022-03-29 23:26:49,529.46
2022-03-29 23:26:54,543.5695238563917
2022-03-29 23:26:59,529.34
2022-03-29 23:27:04,529.34
2022-03-29 23:27:09,529.3
2022-03-29 23:27:14,529.24
2022-03-29 23:27:19,529.24
2022-03-29 23:27:24,529.24
2022-03-29 23:27:29,529.18
2022-03-29 23:27:34,544.0923118467189
2022-03-29 23:27:39,544.15766034551
2022-03-29 23:27:44,544.2230088443008
2022-03-29 23:27:49,529.05
2022-03-29 23:27:54,544.3537058418827
2022-03-29 23:27:59,544.4190543406735
2022-03-29 23:28:04,529.02
2022-03-29 23:28:09,529.02
2022-03-29 23:28:14,528.95
2022-03-29 23:28:19,528.95
2022-03-29 23:28:24,528.89
2022-03-29 23:28:29,528.82
2022-03-29 23:28:34,528.79
2022-03-29 23:28:39,528.79
2022-03-29 23:28:44,545.0071908297917
2022-03-29 23:28:49,528.67
2022-03-29 23:28:54,528.67
2022-03-29 23:28:59,545.2032363261645
2022-03-29 23:29:04,528.6
2022-03-29 23:29:09,545.3339333237465
2022-03-29 23:29:14,528.51
2022-03-29 23:29:19,545.4646303213284
2022-03-29 23:29:24,545.5299788201191
2022-03-29 23:29:29,528.45
2022-03-29 23:29:34,528.38
2022-03-29 23:29:39,545.7260243164919
2022-03-29 23:29:44,528.38
2022-03-29 23:29:49,528.32
2022-03-29 23:29:54,528.32
2022-03-29 23:29:59,528.29
2022-03-29 23:30:04,528.29
2022-03-29 23:30:09,528.29
2022-03-29 23:30:14,528.22
2022-03-29 23:30:19,528.22
2022-03-29 23:30:24,528.1
2022-03-29 23:30:29,528.1
2022-03-29 23:30:34,546.4448578031921
2022-03-29 23:30:39,528.1
2022-03-29 23:30:44,546.5755548007741
2022-03-29 23:30:49,528.0
2022-03-29 23:30:54,546.7062517983557
2022-03-29 23:30:59,528.0
2022-03-29 23:31:04,527.94
2022-03-29 23:31:09,527.94
2022-03-29 23:31:14,546.9676457935195
2022-03-29 23:31:19,547.0329942923104
2022-03-29 23:31:24,527.81
2022-03-29 23:31:29,527.81
2022-03-29 23:31:34,547.2290397886832
2022-03-29 23:31:39,527.78
2022-03-29 23:31:44,547.3597367862651
2022-03-29 23:31:49,527.78
2022-03-29 23:31:54,527.78
2022-03-29 23:31:59,527.78
2022-03-29 23:32:04,527.72
2022-03-29 23:32:09,547.6864792802195
2022-03-29 23:32:14,527.72
2022-03-29 23:32:19,527.65
2022-03-29 23:32:24,527.66
2022-03-29 23:32:29,527.59
2022-03-29 23:32:34,527.59
2022-03-29 23:32:39,527.59
2022-03-29 23:32:44,527.53
2022-03-29 23:32:49,547.5097686714423
2022-03-29 23:32:54,527.53
2022-03-29 23:32:59,547.396476737869
2022-03-29 23:33:04,527.5
2022-03-29 23:33:09,527.5
2022-03-29 23:33:14,547.226538837509
2022-03-29 23:33:19,547.1698928707225
2022-03-29 23:33:24,527.44
2022-03-29 23:33:29,547.056600937149
2022-03-29 23:33:34,527.44
2022-03-29 23:33:39,527.37
2022-03-29 23:33:44,527.37
2022-03-29 23:33:49,527.37
2022-03-29 23:33:54,527.38
2022-03-29 23:33:59,527.38
2022-03-29 23:34:04,527.38
2022-03-29 23:34:09,527.38
2022-03-29 23:34:14,546.5467872360692
2022-03-29 23:34:19,527.37
2022-03-29 23:34:24,546.4334953024958
2022-03-29 23:34:29,546.3768493357093
2022-03-29 23:34:34,546.3202033689226
2022-03-29 23:34:39,546.2635574021359
2022-03-29 23:34:44,546.2069114353493
2022-03-29 23:34:49,546.1502654685625
2022-03-29 23:34:54,527.54
2022-03-29 23:34:59,546.0369735349893
2022-03-29 23:35:04,545.9803275682025
2022-03-29 23:35:09,527.74
2022-03-29 23:35:14,527.74
2022-03-29 23:35:19,545.8103896678426
2022-03-29 23:35:24,545.753743701056
2022-03-29 23:35:29,545.6970977342695
2022-03-29 23:35:34,545.6404517674827
2022-03-29 23:35:39,527.97
2022-03-29 23:35:44,545.5271598339095
2022-03-29 23:35:49,545.4705138671227
2022-03-29 23:35:54,545.4138679003361
2022-03-29 23:35:59,528.2
2022-03-29 23:36:04,528.26
2022-03-29 23:36:09,528.33
2022-03-29 23:36:14,545.1872840331896
2022-03-29 23:36:19,528.42
2022-03-29 23:36:24,528.55
2022-03-29 23:36:29,545.0173461328296
2022-03-29 23:36:34,528.65
2022-03-29 23:36:39,544.9040541992563
2022-03-29 23:36:44,528.85
2022-03-29 23:36:49,544.7907622656828
2022-03-29 23:36:54,529.01
2022-03-29 23:36:59,544.6774703321095
2022-03-29 23:37:04,529.11
2022-03-29 23:37:09,529.18
2022-03-29 23:37:14,544.5075324317495
2022-03-29 23:37:19,544.450886464963
2022-03-29 23:37:24,529.47
2022-03-29 23:37:29,529.6
2022-03-29 23:37:34,529.63
2022-03-29 23:37:39,529.69
2022-03-29 23:37:44,529.89
2022-03-29 23:37:49,529.92
2022-03-29 23:37:54,544.0543646974565
2022-03-29 23:37:59,530.11
2022-03-29 23:38:04,530.27
2022-03-29 23:38:09,543.8844267970966
2022-03-29 23:38:14,530.44
2022-03-29 23:38:19,530.57
2022-03-29 23:38:24,530.66
2022-03-29 23:38:29,530.79
2022-03-29 23:38:34,530.95
2022-03-29 23:38:39,543.5445509963766
2022-03-29 23:38:44,531.15
2022-03-29 23:38:49,531.31
2022-03-29 23:38:54,531.37
2022-03-29 23:38:59,543.3179671292298
2022-03-29 23:39:04,531.6
2022-03-29 23:39:09,543.2046751956565
2022-03-29 23:39:14,531.89
2022-03-29 23:39:19,531.95
2022-03-29 23:39:24,543.0347372952965
2022-03-29 23:39:29,532.17
2022-03-29 23:39:34,532.27
2022-03-29 23:39:39,532.47
2022-03-29 23:39:44,532.56
2022-03-29 23:39:49,532.69
2022-03-29 23:39:54,532.79
2022-03-29 23:39:59,542.6382155277901
2022-03-29 23:40:04,532.98
2022-03-29 23:40:09,542.5249235942167
2022-03-29 23:40:14,542.4682776274301
2022-03-29 23:40:19,542.4116316606436
2022-03-29 23:40:24,542.3549856938567
2022-03-29 23:40:29,542.2983397270701
2022-03-29 23:40:34,533.75
2022-03-29 23:40:39,533.88
2022-03-29 23:40:44,534.01
2022-03-29 23:40:49,534.17
2022-03-29 23:40:54,542.0151098931368
2022-03-29 23:40:59,534.33
2022-03-29 23:41:04,534.52
2022-03-29 23:41:09,534.62
2022-03-29 23:41:14,534.68
2022-03-29 23:41:19,534.84
2022-03-29 23:41:24,534.91
2022-03-29 23:41:29,541.6185881256304
2022-03-29 23:41:34,535.2
2022-03-29 23:41:39,535.26
2022-03-29 23:41:44,535.36
2022-03-29 23:41:49,541.3920042584836
2022-03-29 23:41:54,535.58
2022-03-29 23:41:59,535.71
2022-03-29 23:42:04,541.2220663581236
2022-03-29 23:42:09,535.93
2022-03-29 23:42:14,536.0
2022-03-29 23:42:19,536.16
2022-03-29 23:42:24,536.28
2022-03-29 23:42:29,536.31
2022-03-29 23:42:34,536.44
2022-03-29 23:42:39,536.57
2022-03-29 23:42:44,536.6
2022-03-29 23:42:49,540.7122526570438
2022-03-29 23:42:54,536.83
2022-03-29 23:42:59,536.96
2022-03-29 23:43:04,537.09
2022-03-29 23:43:09,540.4856687898972
2022-03-29 23:43:14,537.31
2022-03-29 23:43:19,537.31
2022-03-29 23:43:24,537.41
2022-03-29 23:43:29,537.54
2022-03-29 23:43:34,537.6
2022-03-29 23:43:39,540.1457929891774
2022-03-29 23:43:44,537.83
2022-03-29 23:43:49,537.86
2022-03-29 23:43:54,539.9758550888174
2022-03-29 23:43:59,539.9192091220306
2022-03-29 23:44:04,538.15
2022-03-29 23:44:09,538.27
2022-03-29 23:44:14,538.34
2022-03-29 23:44:19,539.6926252548841
2022-03-29 23:44:24,538.44
2022-03-29 23:44:29,538.57
2022-03-29 23:44:34,539.5226873545241
2022-03-29 23:44:39,538.73
2022-03-29 23:44:44,538.79
2022-03-29 23:44:49,538.86
2022-03-29 23:44:54,538.95
2022-03-29 23:44:59,538.95
2022-03-29 23:45:04,539.08
2022-03-29 23:45:09,539.15
2022-03-29 23:45:14,539.24
2022-03-29 23:45:19,539.31
2022-03-29 23:45:24,538.9562276866577
2022-03-29 23:45:29,539.4
2022-03-29 23:45:34,539.47
2022-03-29 23:45:39,539.53
2022-03-29 23:45:44,539.6
2022-03-29 23:45:49,539.66
2022-03-29 23:45:54,538.6163518859375
2022-03-29 23:45:59,539.7
2022-03-29 23:46:04,539.76
2022-03-29 23:46:09,538.4464139855776
2022-03-29 23:46:14,539.89
2022-03-29 23:46:19,538.3331220520045
2022-03-29 23:46:24,539.89
2022-03-29 23:46:29,539.92
2022-03-29 23:46:34,538.2605325103524
2022-03-29 23:46:39,538.2619998745233
2022-03-29 23:46:44,540.05
2022-03-29 23:46:49,540.12
2022-03-29 23:46:54,538.2664019670361
2022-03-29 23:46:59,540.12
2022-03-29 23:47:04,538.269336695378
2022-03-29 23:47:09,538.2708040595489
2022-03-29 23:47:14,538.2722714237199
2022-03-29 23:47:19,540.12
2022-03-29 23:47:24,540.12
2022-03-29 23:47:29,540.06
2022-03-29 23:47:34,538.2781408804036
2022-03-29 23:47:39,540.0
2022-03-29 23:47:44,538.2810756087455
2022-03-29 23:47:49,540.06
2022-03-29 23:47:54,538.2840103370874
2022-03-29 23:47:59,539.93
2022-03-29 23:48:04,538.2869450654292
2022-03-29 23:48:09,539.9
2022-03-29 23:48:14,539.9
2022-03-29 23:48:19,539.91
2022-03-29 23:48:24,539.84
2022-03-29 23:48:29,539.84
2022-03-29 23:48:34,538.2957492504548
2022-03-29 23:48:39,539.78
2022-03-29 23:48:44,539.72
2022-03-29 23:48:49,538.3001513429676
2022-03-29 23:48:54,539.69
2022-03-29 23:48:59,538.3030860713094
2022-03-29 23:49:04,539.56
2022-03-29 23:49:09,538.3060207996513
2022-03-29 23:49:14,539.49
2022-03-29 23:49:19,539.49
2022-03-29 23:49:24,539.43
2022-03-29 23:49:29,539.4
2022-03-29 23:49:34,539.4
2022-03-29 23:49:39,538.3148249846769
2022-03-29 23:49:44,538.3162923488478
2022-03-29 23:49:49,539.27
2022-03-29 23:49:54,539.18
2022-03-29 23:49:59,539.18
2022-03-29 23:50:04,538.3221618055316
2022-03-29 23:50:09,539.11
2022-03-29 23:50:14,538.99
2022-03-29 23:50:19,538.99
2022-03-29 23:50:24,538.3280312622153
2022-03-29 23:50:29,538.89
2022-03-29 23:50:34,538.83
2022-03-29 23:50:39,538.76
2022-03-29 23:50:44,538.7
2022-03-29 23:50:49,538.67
2022-03-29 23:50:54,538.3368354472409
2022-03-29 23:50:59,538.6
2022-03-29 23:51:04,538.54
2022-03-29 23:51:09,538.47
2022-03-29 23:51:14,538.3427049039246
2022-03-29 23:51:19,538.38
2022-03-29 23:51:24,538.38
2022-03-29 23:51:29,538.25
2022-03-29 23:51:34,538.3485743606084
2022-03-29 23:51:39,538.19
2022-03-29 23:51:44,538.16
2022-03-29 23:51:49,538.09
2022-03-29 23:51:54,538.03
2022-03-29 23:51:59,537.97
2022-03-29 23:52:04,537.9
2022-03-29 23:52:09,538.3588459098049
2022-03-29 23:52:14,537.81
2022-03-29 23:52:19,537.74
2022-03-29 23:52:24,537.68
2022-03-29 23:52:29,537.65
2022-03-29 23:52:34,537.58
2022-03-29 23:52:39,538.3676500948305
2022-03-29 23:52:44,537.52
2022-03-29 23:52:49,537.39
2022-03-29 23:52:54,537.36
2022-03-29 23:52:59,537.3
2022-03-29 23:53:04,537.24
2022-03-29 23:53:09,537.17
2022-03-29 23:53:14,537.17
2022-03-29 23:53:19,537.14
2022-03-29 23:53:24,537.07
2022-03-29 23:53:29,537.01
2022-03-29 23:53:34,537.01
2022-03-29 23:53:39,537.01
2022-03-29 23:53:44,536.95
2022-03-29 23:53:49,536.95
2022-03-29 23:53:54,538.3896605573944
2022-03-29 23:53:59,536.95
2022-03-29 23:54:04,536.89
2022-03-29 23:54:09,536.89
2022-03-29 23:54:14,536.89
2022-03-29 23:54:19,536.89
2022-03-29 23:54:24,538.3984647424201
2022-03-29 23:54:29,536.8
2022-03-29 23:54:34,536.86
2022-03-29 23:54:39,538.4028668349329
2022-03-29 23:54:44,538.4043341991038
2022-03-29 23:54:49,536.87
2022-03-29 23:54:54,536.87
2022-03-29 23:54:59,536.81
2022-03-29 23:55:04,536.87
2022-03-29 23:55:09,538.4116710199585
2022-03-29 23:55:14,536.87
2022-03-29 23:55:19,536.87
2022-03-29 23:55:24,536.87
2022-03-29 23:55:29,536.91
2022-03-29 23:55:34,536.91
2022-03-29 23:55:39,536.91
2022-03-29 23:55:44,536.88
2022-03-29 23:55:49,536.91
2022-03-29 23:55:54,536.91
2022-03-29 23:55:59,538.4263446616678
2022-03-29 23:56:04,536.91
2022-03-29 23:56:09,538.4292793900097
2022-03-29 23:56:14,536.82
2022-03-29 23:56:19,536.82
2022-03-29 23:56:24,536.82
2022-03-29 23:56:29,538.4351488466934
2022-03-29 23:56:34,536.76
2022-03-29 23:56:39,536.69
2022-03-29 23:56:44,538.4395509392062
2022-03-29 23:56:49,536.66
2022-03-29 23:56:54,536.69
2022-03-29 23:56:59,536.66
2022-03-29 23:57:04,538.44542039589
2022-03-29 23:57:09,536.66
2022-03-29 23:57:14,538.4483551242319
2022-03-29 23:57:19,538.4498224884028
2022-03-29 23:57:24,536.47
2022-03-29 23:57:29,536.47
2022-03-29 23:57:34,536.47
2022-03-29 23:57:39,536.41
2022-03-29 23:57:44,536.37
2022-03-29 23:57:49,536.31
2022-03-29 23:57:54,538.4600940375993
2022-03-29 23:57:59,536.24
2022-03-29 23:58:04,538.4630287659412
2022-03-29 23:58:09,536.08
2022-03-29 23:58:14,536.08
2022-03-29 23:58:19,535.95
2022-03-29 23:58:24,535.86
2022-03-29 23:58:29,535.86
2022-03-29 23:58:34,535.73
2022-03-29 23:58:39,535.73
2022-03-29 23:58:44,535.63
2022-03-29 23:58:49,535.63
2022-03-29 23:58:54,538.4777024076504
2022-03-29 23:58:59,535.37
2022-03-29 23:59:04,538.4806371359923
2022-03-29 23:59:09,538.4821045001632
2022-03-29 23:59:14,535.15
2022-03-29 23:59:19,535.11
2022-03-29 23:59:24,535.05
2022-03-29 23:59:29,534.92
2022-03-29 23:59:34,538.4894413210179
2022-03-29 23:59:39,534.7
2022-03-29 23:59:44,534.6
2022-03-29 23:59:49,534.54
2022-03-29 23:59:54,534.4
2022-03-29 23:59:59,534.31
2022-03-30 00:00:04,538.4982455060435
2022-03-30 00:00:09,538.4997128702145
2022-03-30 00:00:14,534.02
2022-03-30 00:00:19,533.89
2022-03-30 00:00:24,533.79
2022-03-30 00:00:29,533.72
2022-03-30 00:00:34,533.5
2022-03-30 00:00:39,533.5
2022-03-30 00:00:44,533.37
2022-03-30 00:00:49,533.27
2022-03-30 00:00:54,538.6203778126184
2022-03-30 00:00:59,533.08
2022-03-30 00:01:04,532.92
2022-03-30 00:01:09,532.85
2022-03-30 00:01:14,538.7193568542893
2022-03-30 00:01:19,538.7441016147071
2022-03-30 00:01:24,532.47
2022-03-30 00:01:29,532.47
2022-03-30 00:01:34,532.34
2022-03-30 00:01:39,538.8430806563781
2022-03-30 00:01:44,532.04
2022-03-30 00:01:49,538.8925701772137
2022-03-30 00:01:54,531.82
2022-03-30 00:01:59,538.942059698049
2022-03-30 00:02:04,538.9668044584669
2022-03-30 00:02:09,531.59
2022-03-30 00:02:14,531.43
2022-03-30 00:02:19,531.3
2022-03-30 00:02:24,531.21
2022-03-30 00:02:29,531.01
2022-03-30 00:02:34,531.01
2022-03-30 00:02:39,530.85
2022-03-30 00:02:44,530.72
2022-03-30 00:02:49,530.63
2022-03-30 00:02:54,530.5
2022-03-30 00:02:59,530.4
2022-03-30 00:03:04,539.2637415834797
2022-03-30 00:03:09,539.2884863438975
2022-03-30 00:03:14,530.11
2022-03-30 00:03:19,529.98
2022-03-30 00:03:24,539.3627206251507
2022-03-30 00:03:29,539.3874653855685
2022-03-30 00:03:34,529.7
2022-03-30 00:03:39,539.4369549064039
2022-03-30 00:03:44,529.47
2022-03-30 00:03:49,529.37
2022-03-30 00:03:54,529.31
2022-03-30 00:03:59,539.535933948075
2022-03-30 00:04:04,529.15
2022-03-30 00:04:09,529.08
2022-03-30 00:04:14,528.96
2022-03-30 00:04:19,539.6349129897459
2022-03-30 00:04:24,528.8
2022-03-30 00:04:29,528.73
2022-03-30 00:04:34,539.7091472709991
2022-03-30 00:04:39,539.7338920314169
2022-03-30 00:04:44,528.51
2022-03-30 00:04:49,539.7833815522524
2022-03-30 00:04:54,539.8081263126701
2022-03-30 00:04:59,528.29
2022-03-30 00:05:04,528.28
2022-03-30 00:05:09,528.22
2022-03-30 00:05:14,528.16
2022-03-30 00:05:19,528.12
2022-03-30 00:05:24,528.06
2022-03-30 00:05:29,528.0
2022-03-30 00:05:34,540.006084396012
2022-03-30 00:05:39,527.9
2022-03-30 00:05:44,527.93
2022-03-30 00:05:49,527.84
2022-03-30 00:05:54,527.77
2022-03-30 00:05:59,540.1298081981008
2022-03-30 00:06:04,527.71
2022-03-30 00:06:09,527.65
2022-03-30 00:06:14,527.65
2022-03-30 00:06:19,527.65
2022-03-30 00:06:24,527.65
2022-03-30 00:06:29,527.62
2022-03-30 00:06:34,527.62
2022-03-30 00:06:39,527.62
2022-03-30 00:06:44,527.61
2022-03-30 00:06:49,527.62
2022-03-30 00:06:54,527.65
2022-03-30 00:06:59,540.4267453231138
2022-03-30 00:07:04,527.65
2022-03-30 00:07:09,527.71
2022-03-30 00:07:14,540.500979604367
2022-03-30 00:07:19,527.71
2022-03-30 00:07:24,527.78
2022-03-30 00:07:29,527.84
2022-03-30 00:07:34,540.599958646038
2022-03-30 00:07:39,527.94
2022-03-30 00:07:44,528.06
2022-03-30 00:07:49,540.6741929272912
2022-03-30 00:07:54,528.16
2022-03-30 00:07:59,540.7236824481266
2022-03-30 00:08:04,540.7484272085445
2022-03-30 00:08:09,528.41
2022-03-30 00:08:14,528.51
2022-03-30 00:08:19,528.67
2022-03-30 00:08:24,540.8474062502154
2022-03-30 00:08:29,528.93
2022-03-30 00:08:34,540.8968957710509
2022-03-30 00:08:39,540.9216405314686
2022-03-30 00:08:44,529.19
2022-03-30 00:08:49,540.9711300523041
2022-03-30 00:08:54,540.9958748127219
2022-03-30 00:08:59,529.54
2022-03-30 00:09:04,529.76
2022-03-30 00:09:09,529.89
2022-03-30 00:09:14,541.0948538543928
2022-03-30 00:09:19,541.1195986148107
2022-03-30 00:09:24,530.28
2022-03-30 00:09:29,530.47
2022-03-30 00:09:34,530.63
2022-03-30 00:09:39,541.2185776564816
2022-03-30 00:09:44,530.92
2022-03-30 00:09:49,531.08
2022-03-30 00:09:54,531.2
2022-03-30 00:09:59,531.43
2022-03-30 00:10:04,531.52
2022-03-30 00:10:09,531.71
2022-03-30 00:10:14,531.81
2022-03-30 00:10:19,532.04
2022-03-30 00:10:24,541.4412805002413
2022-03-30 00:10:29,532.39
2022-03-30 00:10:34,532.55
2022-03-30 00:10:39,532.68
2022-03-30 00:10:44,532.9
2022-03-30 00:10:49,541.56500430233
2022-03-30 00:10:54,541.5897490627477
2022-03-30 00:10:59,533.35
2022-03-30 00:11:04,533.54
2022-03-30 00:11:09,541.6639833440009
2022-03-30 00:11:14,533.86
2022-03-30 00:11:19,534.06
2022-03-30 00:11:24,534.15
2022-03-30 00:11:29,534.31
2022-03-30 00:11:34,534.57
2022-03-30 00:11:39,541.8124519065074
2022-03-30 00:11:44,534.82
2022-03-30 00:11:49,535.02
2022-03-30 00:11:54,535.18
2022-03-30 00:11:59,535.31
2022-03-30 00:12:04,535.54
2022-03-30 00:12:09,541.960920469014
2022-03-30 00:12:14,535.76
2022-03-30 00:12:19,535.92
2022-03-30 00:12:24,536.05
2022-03-30 00:12:29,536.21
2022-03-30 00:12:34,542.0846442711027
2022-03-30 00:12:39,542.1093890315204
2022-03-30 00:12:44,542.1341337919381
2022-03-30 00:12:49,536.72
2022-03-30 00:12:54,536.88
2022-03-30 00:12:59,537.01
2022-03-30 00:13:04,537.14
2022-03-30 00:13:09,537.24
2022-03-30 00:13:14,537.36
2022-03-30 00:13:19,537.53
2022-03-30 00:13:24,537.66
2022-03-30 00:13:29,542.3568366356978
2022-03-30 00:13:34,537.88
2022-03-30 00:13:39,537.98
2022-03-30 00:13:44,538.11
2022-03-30 00:13:49,538.17
2022-03-30 00:13:54,538.27
2022-03-30 00:13:59,538.39
2022-03-30 00:14:04,538.43
2022-03-30 00:14:09,542.5547947190398
2022-03-30 00:14:14,538.68
2022-03-30 00:14:19,538.72
2022-03-30 00:14:24,538.85
2022-03-30 00:14:29,542.6537737607108
2022-03-30 00:14:34,542.6785185211286
2022-03-30 00:14:39,539.07
2022-03-30 00:14:44,539.14
2022-03-30 00:14:49,539.2
2022-03-30 00:14:54,539.24
2022-03-30 00:14:59,542.6687375353279
2022-03-30 00:15:04,539.36
2022-03-30 00:15:09,539.46
2022-03-30 00:15:14,539.53
2022-03-30 00:15:19,539.52
2022-03-30 00:15:24,539.53
2022-03-30 00:15:29,539.65
2022-03-30 00:15:34,542.6369072230952
2022-03-30 00:15:39,539.65
2022-03-30 00:15:44,539.72
2022-03-30 00:15:49,542.6232656607098
2022-03-30 00:15:54,542.618718473248
2022-03-30 00:15:59,542.6141712857863
2022-03-30 00:16:04,542.6096240983244
2022-03-30 00:16:09,539.72
2022-03-30 00:16:14,542.6005297234008
2022-03-30 00:16:19,539.72
2022-03-30 00:16:24,539.72
2022-03-30 00:16:29,539.72
2022-03-30 00:16:34,539.72
2022-03-30 00:16:39,539.72
2022-03-30 00:16:44,539.72
2022-03-30 00:16:49,542.5686994111682
2022-03-30 00:16:54,542.5641522237064
2022-03-30 00:16:59,539.65
2022-03-30 00:17:04,542.5550578487828
2022-03-30 00:17:09,539.52
2022-03-30 00:17:14,539.46
2022-03-30 00:17:19,542.5414162863974
2022-03-30 00:17:24,539.42
2022-03-30 00:17:29,542.5323219114738
2022-03-30 00:17:34,542.527774724012
2022-03-30 00:17:39,539.23
2022-03-30 00:17:44,542.5186803490884
2022-03-30 00:17:49,539.13
2022-03-30 00:17:54,542.5095859741648
2022-03-30 00:17:59,542.505038786703
2022-03-30 00:18:04,538.94
2022-03-30 00:18:09,538.84
2022-03-30 00:18:14,542.4913972243176
2022-03-30 00:18:19,542.4868500368558
2022-03-30 00:18:24,542.4823028493939
2022-03-30 00:18:29,538.61
2022-03-30 00:18:34,542.4732084744704
2022-03-30 00:18:39,542.4686612870086
2022-03-30 00:18:44,538.38
2022-03-30 00:18:49,538.38
2022-03-30 00:18:54,538.25
2022-03-30 00:18:59,542.4504725371614
2022-03-30 00:19:04,538.09
2022-03-30 00:19:09,538.03
2022-03-30 00:19:14,537.96
2022-03-30 00:19:19,537.86
2022-03-30 00:19:24,542.4277365998523
2022-03-30 00:19:29,537.73
2022-03-30 00:19:34,542.4186422249288
2022-03-30 00:19:39,537.5
2022-03-30 00:19:44,537.38
2022-03-30 00:19:49,537.34
2022-03-30 00:19:54,537.28
2022-03-30 00:19:59,542.3959062876198
2022-03-30 00:20:04,536.99
2022-03-30 00:20:09,542.3868119126962
2022-03-30 00:20:14,542.3822647252343
2022-03-30 00:20:19,536.63
2022-03-30 00:20:24,536.59
2022-03-30 00:20:29,536.4
2022-03-30 00:20:34,536.3
2022-03-30 00:20:39,542.3595287879253
2022-03-30 00:20:44,542.3549816004636
2022-03-30 00:20:49,535.95
2022-03-30 00:20:54,535.82
2022-03-30 00:20:59,542.3413400380782
2022-03-30 00:21:04,542.3367928506163
2022-03-30 00:21:09,542.3322456631546
2022-03-30 00:21:14,535.27
2022-03-30 00:21:19,535.14
2022-03-30 00:21:24,535.04
2022-03-30 00:21:29,542.3140569133074
2022-03-30 00:21:34,534.78
2022-03-30 00:21:39,534.68
2022-03-30 00:21:44,534.52
2022-03-30 00:21:49,534.39
2022-03-30 00:21:54,534.26
2022-03-30 00:21:59,534.1
2022-03-30 00:22:04,533.94
2022-03-30 00:22:09,533.81
2022-03-30 00:22:14,533.71
2022-03-30 00:22:19,533.58
2022-03-30 00:22:24,542.2640378512276
2022-03-30 00:22:29,533.36
2022-03-30 00:22:34,542.254943476304
2022-03-30 00:22:39,533.07
2022-03-30 00:22:44,542.2458491013804
2022-03-30 00:22:49,542.2413019139185
2022-03-30 00:22:54,542.2367547264568
2022-03-30 00:22:59,542.232207538995
2022-03-30 00:23:04,532.49
2022-03-30 00:23:09,532.32
2022-03-30 00:23:14,532.2
2022-03-30 00:23:19,532.16
2022-03-30 00:23:24,542.209471601686
2022-03-30 00:23:29,531.94
2022-03-30 00:23:34,531.74
2022-03-30 00:23:39,542.1958300393005
2022-03-30 00:23:44,531.58
2022-03-30 00:23:49,531.45
2022-03-30 00:23:54,531.29
2022-03-30 00:23:59,531.23
2022-03-30 00:24:04,531.17
2022-03-30 00:24:09,542.1685469145298
2022-03-30 00:24:14,530.94
2022-03-30 00:24:19,530.84
2022-03-30 00:24:24,530.78
2022-03-30 00:24:29,542.1503581646825
2022-03-30 00:24:34,530.62
2022-03-30 00:24:39,530.55
2022-03-30 00:24:44,530.49
2022-03-30 00:24:49,530.43
2022-03-30 00:24:54,530.39
2022-03-30 00:24:59,542.1230750399118
2022-03-30 00:25:04,530.2
2022-03-30 00:25:09,530.14
2022-03-30 00:25:14,530.1
2022-03-30 00:25:19,542.1048862900645
2022-03-30 00:25:24,530.04
2022-03-30 00:25:29,529.98
2022-03-30 00:25:34,529.98
2022-03-30 00:25:39,529.88
2022-03-30 00:25:44,529.91
2022-03-30 00:25:49,529.88
2022-03-30 00:25:54,542.0730559778319
2022-03-30 00:25:59,529.88
2022-03-30 00:26:04,529.88
2022-03-30 00:26:09,529.88
2022-03-30 00:26:14,529.88
2022-03-30 00:26:19,529.88
2022-03-30 00:26:24,542.0457728530612
2022-03-30 00:26:29,529.88
2022-03-30 00:26:34,529.82
2022-03-30 00:26:39,542.0321312906757
2022-03-30 00:26:44,529.89
2022-03-30 00:26:49,529.88
2022-03-30 00:26:54,542.0184897282903
2022-03-30 00:26:59,529.92
2022-03-30 00:27:04,542.0093953533667
2022-03-30 00:27:09,529.98
2022-03-30 00:27:14,542.0003009784432
2022-03-30 00:27:19,530.05
2022-03-30 00:27:24,530.05
2022-03-30 00:27:29,541.9866594160577
2022-03-30 00:27:34,530.21
2022-03-30 00:27:39,530.27
2022-03-30 00:27:44,541.9730178536723
2022-03-30 00:27:49,530.4
2022-03-30 00:27:54,530.5
2022-03-30 00:27:59,541.959376291287
2022-03-30 00:28:04,530.66
2022-03-30 00:28:09,541.9502819163633
2022-03-30 00:28:14,530.86
2022-03-30 00:28:19,530.92
2022-03-30 00:28:24,531.02
2022-03-30 00:28:29,531.02
2022-03-30 00:28:34,531.15
2022-03-30 00:28:39,531.24
2022-03-30 00:28:44,531.31
2022-03-30 00:28:49,531.37
2022-03-30 00:28:54,541.8797676635837
2022-03-30 00:28:59,541.8633800156415
2022-03-30 00:29:04,531.66
2022-03-30 00:29:09,531.76
2022-03-30 00:29:14,541.8142170718146
2022-03-30 00:29:19,531.89
2022-03-30 00:29:24,531.96
2022-03-30 00:29:29,532.05
2022-03-30 00:29:34,532.18
2022-03-30 00:29:39,532.28
2022-03-30 00:29:44,532.41
2022-03-30 00:29:49,532.47
2022-03-30 00:29:54,532.57
2022-03-30 00:29:59,532.7
2022-03-30 00:30:04,532.73
2022-03-30 00:30:09,541.6339529444498
2022-03-30 00:30:14,541.6175652965075
2022-03-30 00:30:19,532.99
2022-03-30 00:30:24,541.5847900006229
2022-03-30 00:30:29,541.5684023526807
2022-03-30 00:30:34,533.31
2022-03-30 00:30:39,541.5356270567961
2022-03-30 00:30:44,533.44
2022-03-30 00:30:49,533.54
2022-03-30 00:30:54,541.4864641129693
2022-03-30 00:30:59,533.73
2022-03-30 00:31:04,533.83
2022-03-30 00:31:09,541.4373011691425
2022-03-30 00:31:14,541.4209135212002
2022-03-30 00:31:19,541.404525873258
2022-03-30 00:31:24,534.18
2022-03-30 00:31:29,534.28
2022-03-30 00:31:34,534.35
2022-03-30 00:31:39,534.41
2022-03-30 00:31:44,534.57
2022-03-30 00:31:49,534.57
2022-03-30 00:31:54,541.289812337662
2022-03-30 00:31:59,541.2734246897198
2022-03-30 00:32:04,541.2570370417776
2022-03-30 00:32:09,534.93
2022-03-30 00:32:14,541.224261745893
2022-03-30 00:32:19,535.09
2022-03-30 00:32:24,535.16
2022-03-30 00:32:29,535.22
2022-03-30 00:32:34,535.29
2022-03-30 00:32:39,541.1423235061817
2022-03-30 00:32:44,535.45
2022-03-30 00:32:49,535.52
2022-03-30 00:32:54,541.0931605623549
2022-03-30 00:32:59,535.74
2022-03-30 00:33:04,535.81
2022-03-30 00:33:09,541.0439976185281
2022-03-30 00:33:14,536.04
2022-03-30 00:33:19,536.14
2022-03-30 00:33:24,540.9948346747013
2022-03-30 00:33:29,536.33
2022-03-30 00:33:34,536.43
2022-03-30 00:33:39,536.55
2022-03-30 00:33:44,536.65
2022-03-30 00:33:49,540.91289643499
2022-03-30 00:33:54,536.85
2022-03-30 00:33:59,536.94
2022-03-30 00:34:04,537.07
2022-03-30 00:34:09,537.17
2022-03-30 00:34:14,537.3
2022-03-30 00:34:19,540.8145705473364
2022-03-30 00:34:24,537.4
2022-03-30 00:34:29,537.53
2022-03-30 00:34:34,537.59
2022-03-30 00:34:39,537.66
2022-03-30 00:34:44,537.69
2022-03-30 00:34:49,537.75
2022-03-30 00:34:54,540.6998570117406
2022-03-30 00:34:59,537.92
2022-03-30 00:35:04,537.98
2022-03-30 00:35:09,538.04
2022-03-30 00:35:14,538.11
2022-03-30 00:35:19,538.21
2022-03-30 00:35:24,538.27
2022-03-30 00:35:29,538.4
2022-03-30 00:35:34,538.43
2022-03-30 00:35:39,538.56
2022-03-30 00:35:44,538.63
2022-03-30 00:35:49,540.5195928843757
2022-03-30 00:35:54,538.73
2022-03-30 00:35:59,538.85
2022-03-30 00:36:04,538.92
2022-03-30 00:36:09,538.95
2022-03-30 00:36:14,540.4376546446643
2022-03-30 00:36:19,539.14
2022-03-30 00:36:24,540.4048793487798
2022-03-30 00:36:29,539.3
2022-03-30 00:36:34,539.37
2022-03-30 00:36:39,540.355716404953
2022-03-30 00:36:44,539.53
2022-03-30 00:36:49,539.53
2022-03-30 00:36:54,539.59
2022-03-30 00:36:59,539.65
2022-03-30 00:37:04,539.75
2022-03-30 00:37:09,540.2573905172994
2022-03-30 00:37:14,539.82
2022-03-30 00:37:19,539.88
2022-03-30 00:37:24,539.94
2022-03-30 00:37:29,540.1918399255303
2022-03-30 00:37:34,539.97
2022-03-30 00:37:39,540.04
2022-03-30 00:37:44,540.04
2022-03-30 00:37:49,540.1262893337613
2022-03-30 00:37:54,540.04
2022-03-30 00:37:59,540.04
2022-03-30 00:38:04,540.1
2022-03-30 00:38:09,540.1
2022-03-30 00:38:14,540.04435109405
2022-03-30 00:38:19,540.1
2022-03-30 00:38:24,540.16
2022-03-30 00:38:29,539.9951881502232
2022-03-30 00:38:34,539.9788005022809
2022-03-30 00:38:39,540.22
2022-03-30 00:38:44,540.23
2022-03-30 00:38:49,540.26
2022-03-30 00:38:54,540.26
2022-03-30 00:38:59,539.8968622625696
2022-03-30 00:39:04,539.8804746146274
2022-03-30 00:39:09,540.26
2022-03-30 00:39:14,540.22
2022-03-30 00:39:19,540.25
2022-03-30 00:39:24,540.25
2022-03-30 00:39:29,540.32
2022-03-30 00:39:34,539.7821487269738
2022-03-30 00:39:39,540.22
2022-03-30 00:39:44,539.7493734310892
2022-03-30 00:39:49,540.25
2022-03-30 00:39:54,540.31
2022-03-30 00:39:59,539.7002104872624
2022-03-30 00:40:04,539.6838228393201
2022-03-30 00:40:09,540.22
2022-03-30 00:40:14,540.22
2022-03-30 00:40:19,540.25
2022-03-30 00:40:24,539.6182722475511
2022-03-30 00:40:29,540.25
2022-03-30 00:40:34,540.25
2022-03-30 00:40:39,539.5691093037243
2022-03-30 00:40:44,540.25
2022-03-30 00:40:49,540.22
2022-03-30 00:40:54,540.25
2022-03-30 00:40:59,540.25
2022-03-30 00:41:04,540.25
2022-03-30 00:41:09,540.25
2022-03-30 00:41:14,540.25
2022-03-30 00:41:19,540.31
2022-03-30 00:41:24,540.31
2022-03-30 00:41:29,539.4052328243016
2022-03-30 00:41:34,539.3888451763593
2022-03-30 00:41:39,539.372457528417
2022-03-30 00:41:44,540.31
2022-03-30 00:41:49,540.44
2022-03-30 00:41:54,539.3232945845903
2022-03-30 00:41:59,539.306906936648
2022-03-30 00:42:04,540.44
2022-03-30 00:42:09,540.44
2022-03-30 00:42:14,539.2577439928211
2022-03-30 00:42:19,540.38
2022-03-30 00:42:24,539.2249686969367
2022-03-30 00:42:29,539.2085810489943
2022-03-30 00:42:34,540.44
2022-03-30 00:42:39,540.38
2022-03-30 00:42:44,539.1594181051676
2022-03-30 00:42:49,540.38
2022-03-30 00:42:54,540.38
2022-03-30 00:42:59,539.170677105399
2022-03-30 00:43:04,540.38
2022-03-30 00:43:09,540.38
2022-03-30 00:43:14,540.44
2022-03-30 00:43:19,540.38
2022-03-30 00:43:24,540.38
2022-03-30 00:43:29,540.44
2022-03-30 00:43:34,540.38
2022-03-30 00:43:39,540.44
2022-03-30 00:43:44,540.38
2022-03-30 00:43:49,540.38
2022-03-30 00:43:54,540.45
2022-03-30 00:43:59,539.2711443044013
2022-03-30 00:44:04,539.2795165709849
2022-03-30 00:44:09,540.48
2022-03-30 00:44:14,539.296261104152
2022-03-30 00:44:19,540.45
2022-03-30 00:44:24,540.45
2022-03-30 00:44:29,539.3213779039025
2022-03-30 00:44:34,540.45
2022-03-30 00:44:39,539.3381224370696
2022-03-30 00:44:44,540.45
2022-03-30 00:44:49,539.3548669702367
2022-03-30 00:44:54,539.3632392368203
2022-03-30 00:44:59,540.45
2022-03-30 00:45:04,540.45
2022-03-30 00:45:09,540.48
2022-03-30 00:45:14,539.3967283031544
2022-03-30 00:45:19,540.45
2022-03-30 00:45:24,539.4134728363215
2022-03-30 00:45:29,539.421845102905
2022-03-30 00:45:34,539.4302173694886
2022-03-30 00:45:39,539.438589636072
2022-03-30 00:45:44,540.45
2022-03-30 00:45:49,539.4553341692391
2022-03-30 00:45:54,540.38
2022-03-30 00:45:59,540.38
2022-03-30 00:46:04,540.32
2022-03-30 00:46:09,539.4888232355732
2022-03-30 00:46:14,540.32
2022-03-30 00:46:19,540.32
2022-03-30 00:46:24,539.5139400353239
2022-03-30 00:46:29,540.25
2022-03-30 00:46:34,540.25
2022-03-30 00:46:39,539.5390568350745
2022-03-30 00:46:44,540.15
2022-03-30 00:46:49,539.5558013682415
2022-03-30 00:46:54,540.09
2022-03-30 00:46:59,539.5725459014086
2022-03-30 00:47:04,539.5809181679922
2022-03-30 00:47:09,540.02
2022-03-30 00:47:14,540.02
2022-03-30 00:47:19,539.6060349677427
2022-03-30 00:47:24,540.02
2022-03-30 00:47:29,540.02
2022-03-30 00:47:34,539.96
2022-03-30 00:47:39,539.95
2022-03-30 00:47:44,539.92
2022-03-30 00:47:49,539.92
2022-03-30 00:47:54,539.6646408338275
2022-03-30 00:47:59,539.86
2022-03-30 00:48:04,539.85
2022-03-30 00:48:09,539.6897576335781
2022-03-30 00:48:14,539.72
2022-03-30 00:48:19,539.72
2022-03-30 00:48:24,539.79
2022-03-30 00:48:29,539.72
2022-03-30 00:48:34,539.7316189664958
2022-03-30 00:48:39,539.72
2022-03-30 00:48:44,539.69
2022-03-30 00:48:49,539.62
2022-03-30 00:48:54,539.62
2022-03-30 00:48:59,539.55
2022-03-30 00:49:04,539.781852565997
2022-03-30 00:49:09,539.7902248325805
2022-03-30 00:49:14,539.49
2022-03-30 00:49:19,539.49
2022-03-30 00:49:24,539.42
2022-03-30 00:49:29,539.42
2022-03-30 00:49:34,539.39
2022-03-30 00:49:39,539.32
2022-03-30 00:49:44,539.25
2022-03-30 00:49:49,539.26
2022-03-30 00:49:54,539.8655752318323
2022-03-30 00:49:59,539.8739474984159
2022-03-30 00:50:04,539.09
2022-03-30 00:50:09,539.03
2022-03-30 00:50:14,538.96
2022-03-30 00:50:19,539.90743656475
2022-03-30 00:50:24,538.86
2022-03-30 00:50:29,538.8
2022-03-30 00:50:34,539.9325533645006
2022-03-30 00:50:39,538.64
2022-03-30 00:50:44,538.51
2022-03-30 00:50:49,538.51
2022-03-30 00:50:54,538.38
2022-03-30 00:50:59,538.34
2022-03-30 00:51:04,538.28
2022-03-30 00:51:09,538.15
2022-03-30 00:51:14,539.9995314971688
2022-03-30 00:51:19,538.05
2022-03-30 00:51:24,540.0162760303359
2022-03-30 00:51:29,537.86
2022-03-30 00:51:34,537.77
2022-03-30 00:51:39,540.0413928300866
2022-03-30 00:51:44,537.54
2022-03-30 00:51:49,537.41
2022-03-30 00:51:54,537.31
2022-03-30 00:51:59,540.0748818964207
2022-03-30 00:52:04,537.12
2022-03-30 00:52:09,537.02
2022-03-30 00:52:14,536.9
2022-03-30 00:52:19,536.8
2022-03-30 00:52:24,536.67
2022-03-30 00:52:29,536.61
2022-03-30 00:52:34,536.44
2022-03-30 00:52:39,536.38
2022-03-30 00:52:44,536.22
2022-03-30 00:52:49,536.16
2022-03-30 00:52:54,540.1669768288396
2022-03-30 00:52:59,535.93
2022-03-30 00:53:04,540.1837213620066
2022-03-30 00:53:09,535.64
2022-03-30 00:53:14,540.2004658951737
2022-03-30 00:53:19,535.35
2022-03-30 00:53:24,535.29
2022-03-30 00:53:29,535.13
2022-03-30 00:53:34,534.97
2022-03-30 00:53:39,540.2423272280914
2022-03-30 00:53:44,534.77
2022-03-30 00:53:49,534.68
2022-03-30 00:53:54,534.55
2022-03-30 00:53:59,534.52
2022-03-30 00:54:04,534.39
2022-03-30 00:54:09,540.2925608275926
2022-03-30 00:54:14,540.3009330941761
2022-03-30 00:54:19,534.1
2022-03-30 00:54:24,534.1
2022-03-30 00:54:29,534.0
2022-03-30 00:54:34,534.01
2022-03-30 00:54:39,540.3427944270938
2022-03-30 00:54:44,533.81
2022-03-30 00:54:49,533.75
2022-03-30 00:54:54,533.65
2022-03-30 00:54:59,540.3762834934279
2022-03-30 00:55:04,533.52
2022-03-30 00:55:09,533.49
2022-03-30 00:55:14,533.36
2022-03-30 00:55:19,533.3
2022-03-30 00:55:24,533.3
2022-03-30 00:55:29,533.2
2022-03-30 00:55:34,533.2
2022-03-30 00:55:39,533.14
2022-03-30 00:55:44,533.08
2022-03-30 00:55:49,540.4600061592633
2022-03-30 00:55:54,540.4683784258468
2022-03-30 00:55:59,532.98
2022-03-30 00:56:04,540.4851229590139
2022-03-30 00:56:09,532.85
2022-03-30 00:56:14,540.501867492181
2022-03-30 00:56:19,532.85
2022-03-30 00:56:24,532.79
2022-03-30 00:56:29,532.79
2022-03-30 00:56:34,532.79
2022-03-30 00:56:39,532.73
2022-03-30 00:56:44,540.5521010916822
2022-03-30 00:56:49,540.5604733582657
2022-03-30 00:56:54,532.7
2022-03-30 00:56:59,532.63
2022-03-30 00:57:04,532.63
2022-03-30 00:57:09,540.5610634249298
2022-03-30 00:57:14,540.5597068785322
2022-03-30 00:57:19,532.57
2022-03-30 00:57:24,532.57
2022-03-30 00:57:29,532.51
2022-03-30 00:57:34,540.5542806929419
2022-03-30 00:57:39,532.51
2022-03-30 00:57:44,540.5515676001468
2022-03-30 00:57:49,532.51
2022-03-30 00:57:54,540.5488545073516
2022-03-30 00:57:59,532.57
2022-03-30 00:58:04,532.57
2022-03-30 00:58:09,540.5447848681588
2022-03-30 00:58:14,532.57
2022-03-30 00:58:19,532.64
2022-03-30 00:58:24,532.64
2022-03-30 00:58:29,540.5393586825685
2022-03-30 00:58:34,540.5380021361709
2022-03-30 00:58:39,532.7
2022-03-30 00:58:44,532.74
2022-03-30 00:58:49,532.74
2022-03-30 00:58:54,540.5325759505806
2022-03-30 00:58:59,540.531219404183
2022-03-30 00:59:04,540.5298628577855
2022-03-30 00:59:09,540.5285063113878
2022-03-30 00:59:14,532.87
2022-03-30 00:59:19,540.5257932185926
2022-03-30 00:59:24,532.87
2022-03-30 00:59:29,532.93
2022-03-30 00:59:34,533.0
2022-03-30 00:59:39,533.03
2022-03-30 00:59:44,533.03
2022-03-30 00:59:49,533.09
2022-03-30 00:59:54,540.5162973938096
2022-03-30 00:59:59,533.16
2022-03-30 01:00:04,533.23
2022-03-30 01:00:09,533.26
2022-03-30 01:00:14,540.5108712082193
2022-03-30 01:00:19,533.32
2022-03-30 01:00:24,540.5081581154241
2022-03-30 01:00:29,533.39
2022-03-30 01:00:34,533.33
2022-03-30 01:00:39,533.39
2022-03-30 01:00:44,533.39
2022-03-30 01:00:49,533.46
2022-03-30 01:00:54,533.4
2022-03-30 01:00:59,533.4
2022-03-30 01:01:04,540.4973057442435
2022-03-30 01:01:09,533.4
2022-03-30 01:01:14,540.4945926514483
2022-03-30 01:01:19,540.4932361050508
2022-03-30 01:01:24,540.4918795586532
2022-03-30 01:01:29,533.27
2022-03-30 01:01:34,533.34
2022-03-30 01:01:39,540.4878099194603
2022-03-30 01:01:44,533.27
2022-03-30 01:01:49,533.24
2022-03-30 01:01:54,540.4837402802676
2022-03-30 01:01:59,540.48238373387
2022-03-30 01:02:04,533.12
2022-03-30 01:02:09,540.4796706410749
2022-03-30 01:02:14,533.05
2022-03-30 01:02:19,540.4769575482798
2022-03-30 01:02:24,540.4756010018822
2022-03-30 01:02:29,533.02
2022-03-30 01:02:34,540.4728879090869
2022-03-30 01:02:39,540.4715313626893
2022-03-30 01:02:44,540.4701748162918
2022-03-30 01:02:49,540.4688182698942
2022-03-30 01:02:54,540.4674617234966
2022-03-30 01:02:59,532.96
2022-03-30 01:03:04,540.4647486307015
2022-03-30 01:03:09,532.96
2022-03-30 01:03:14,533.03
2022-03-30 01:03:19,533.03
2022-03-30 01:03:24,540.4593224451112
2022-03-30 01:03:29,533.03
2022-03-30 01:03:34,540.456609352316
2022-03-30 01:03:39,540.4552528059185
2022-03-30 01:03:44,540.4538962595208
2022-03-30 01:03:49,533.03
2022-03-30 01:03:54,533.06
2022-03-30 01:03:59,533.07
2022-03-30 01:04:04,533.06
2022-03-30 01:04:09,540.4471135275329
2022-03-30 01:04:14,533.13
2022-03-30 01:04:19,533.13
2022-03-30 01:04:24,533.13
2022-03-30 01:04:29,540.4416873419426
2022-03-30 01:04:34,533.19
2022-03-30 01:04:39,533.19
2022-03-30 01:04:44,540.4376177027499
2022-03-30 01:04:49,533.26
2022-03-30 01:04:54,540.4349046099546
2022-03-30 01:04:59,533.35
2022-03-30 01:05:04,533.35
2022-03-30 01:05:09,540.4308349707619
2022-03-30 01:05:14,533.35
2022-03-30 01:05:19,540.4281218779668
2022-03-30 01:05:24,533.48
2022-03-30 01:05:29,540.4254087851716
2022-03-30 01:05:34,533.55
2022-03-30 01:05:39,533.58
2022-03-30 01:05:44,540.4213391459789
2022-03-30 01:05:49,540.4199825995813
2022-03-30 01:05:54,533.71
2022-03-30 01:05:59,540.417269506786
2022-03-30 01:06:04,533.87
2022-03-30 01:06:09,540.4145564139909
2022-03-30 01:06:14,533.93
2022-03-30 01:06:19,533.99
2022-03-30 01:06:24,534.06
2022-03-30 01:06:29,534.09
2022-03-30 01:06:34,534.15
2022-03-30 01:06:39,534.22
2022-03-30 01:06:44,534.28
2022-03-30 01:06:49,534.31
2022-03-30 01:06:54,540.4023474964127
2022-03-30 01:06:59,534.38
2022-03-30 01:07:04,540.3996344036175
2022-03-30 01:07:09,540.3982778572199
2022-03-30 01:07:14,540.3969213108223
2022-03-30 01:07:19,540.3955647644248
2022-03-30 01:07:24,534.6
2022-03-30 01:07:29,534.66
2022-03-30 01:07:34,534.79
2022-03-30 01:07:39,540.3901385788345
2022-03-30 01:07:44,540.3887820324369
2022-03-30 01:07:49,534.95
2022-03-30 01:07:54,534.95
2022-03-30 01:07:59,535.08
2022-03-30 01:08:04,540.3833558468466
2022-03-30 01:08:09,535.17
2022-03-30 01:08:14,535.23
2022-03-30 01:08:19,540.3792862076538
2022-03-30 01:08:24,535.33
2022-03-30 01:08:29,540.3765731148586
2022-03-30 01:08:34,535.46
2022-03-30 01:08:39,535.52
2022-03-30 01:08:44,535.62
2022-03-30 01:08:49,540.3711469292683
2022-03-30 01:08:54,540.3697903828707
2022-03-30 01:08:59,535.75
2022-03-30 01:09:04,540.3670772900756
2022-03-30 01:09:09,535.84
2022-03-30 01:09:14,540.3643641972805
2022-03-30 01:09:19,535.97
2022-03-30 01:09:24,540.3616511044852
2022-03-30 01:09:29,536.1
2022-03-30 01:09:34,536.1
2022-03-30 01:09:39,536.13
2022-03-30 01:09:44,540.3562249188949
2022-03-30 01:09:49,540.3548683724973
2022-03-30 01:09:54,536.32
2022-03-30 01:09:59,536.32
2022-03-30 01:10:04,540.3507987333046
2022-03-30 01:10:09,536.42
2022-03-30 01:10:14,536.48
2022-03-30 01:10:19,536.55
2022-03-30 01:10:24,536.55
2022-03-30 01:10:29,536.61
2022-03-30 01:10:34,536.65
2022-03-30 01:10:39,536.71
2022-03-30 01:10:44,536.71
2022-03-30 01:10:49,536.84
2022-03-30 01:10:54,536.87
2022-03-30 01:10:59,540.3364713940381
2022-03-30 01:11:04,536.94
2022-03-30 01:11:09,536.94
2022-03-30 01:11:14,540.3379267900388
2022-03-30 01:11:19,537.07
2022-03-30 01:11:24,537.07
2022-03-30 01:11:29,540.3393821860394
2022-03-30 01:11:34,537.13
2022-03-30 01:11:39,537.16
2022-03-30 01:11:44,537.16
2022-03-30 01:11:49,537.23
2022-03-30 01:11:54,537.23
2022-03-30 01:11:59,537.23
2022-03-30 01:12:04,540.342778110041
2022-03-30 01:12:09,537.29
2022-03-30 01:12:14,537.3
2022-03-30 01:12:19,540.3442335060416
2022-03-30 01:12:24,537.29
2022-03-30 01:12:29,540.3452037700421
2022-03-30 01:12:34,540.3456889020423
2022-03-30 01:12:39,537.29
2022-03-30 01:12:44,537.3
2022-03-30 01:12:49,537.3
2022-03-30 01:12:54,540.3476294300432
2022-03-30 01:12:59,540.3481145620434
2022-03-30 01:13:04,540.3485996940436
2022-03-30 01:13:09,540.3490848260438
2022-03-30 01:13:14,540.3495699580441
2022-03-30 01:13:19,537.23
2022-03-30 01:13:24,537.23
2022-03-30 01:13:29,537.23
2022-03-30 01:13:34,537.29
2022-03-30 01:13:39,537.3
2022-03-30 01:13:44,540.3524807500454
2022-03-30 01:13:49,540.3529658820456
2022-03-30 01:13:54,537.23
2022-03-30 01:13:59,540.3539361460461
2022-03-30 01:14:04,537.3
2022-03-30 01:14:09,537.3
2022-03-30 01:14:14,537.29
2022-03-30 01:14:19,537.23
2022-03-30 01:14:24,537.29
2022-03-30 01:14:29,537.29
2022-03-30 01:14:34,540.3573320700476
2022-03-30 01:14:39,537.23
2022-03-30 01:14:44,537.23
2022-03-30 01:14:49,540.3587874660483
2022-03-30 01:14:54,537.13
2022-03-30 01:14:59,537.16
2022-03-30 01:15:04,540.360242862049
2022-03-30 01:15:09,537.13
2022-03-30 01:15:14,540.3612131260494
2022-03-30 01:15:19,540.3616982580496
2022-03-30 01:15:24,540.3621833900498
2022-03-30 01:15:29,537.0
2022-03-30 01:15:34,537.0
2022-03-30 01:15:39,536.93
2022-03-30 01:15:44,537.0
2022-03-30 01:15:49,540.364609050051
2022-03-30 01:15:54,536.87
2022-03-30 01:15:59,536.87
2022-03-30 01:16:04,536.87
2022-03-30 01:16:09,536.83
2022-03-30 01:16:14,540.367034710052
2022-03-30 01:16:19,536.77
2022-03-30 01:16:24,536.76
2022-03-30 01:16:29,536.76
2022-03-30 01:16:34,536.76
2022-03-30 01:16:39,540.3694603700532
2022-03-30 01:16:44,536.76
2022-03-30 01:16:49,536.76
2022-03-30 01:16:54,536.76
2022-03-30 01:16:59,540.371400898054
2022-03-30 01:17:04,536.76
2022-03-30 01:17:09,540.3723711620545
2022-03-30 01:17:14,536.85
2022-03-30 01:17:19,536.85
2022-03-30 01:17:24,536.85
2022-03-30 01:17:29,540.3743116900554
2022-03-30 01:17:34,536.98
2022-03-30 01:17:39,536.98
2022-03-30 01:17:44,540.375767086056
2022-03-30 01:17:49,537.1
2022-03-30 01:17:54,540.3767373500565
2022-03-30 01:17:59,537.14
2022-03-30 01:18:04,537.2
2022-03-30 01:18:09,537.26
2022-03-30 01:18:14,537.32
2022-03-30 01:18:19,537.36
2022-03-30 01:18:24,540.3796481420578
2022-03-30 01:18:29,537.48
2022-03-30 01:18:34,537.48
2022-03-30 01:18:39,540.3811035380585
2022-03-30 01:18:44,537.61
2022-03-30 01:18:49,540.3820738020589
2022-03-30 01:18:54,540.3825589340591
2022-03-30 01:18:59,537.77
2022-03-30 01:19:04,537.86
2022-03-30 01:19:09,540.3840143300598
2022-03-30 01:19:14,537.99
2022-03-30 01:19:19,538.05
2022-03-30 01:19:24,538.12
2022-03-30 01:19:29,538.15
2022-03-30 01:19:34,538.21
2022-03-30 01:19:39,540.3869251220611
2022-03-30 01:19:44,538.37
2022-03-30 01:19:49,540.3878953860616
2022-03-30 01:19:54,540.3883805180618
2022-03-30 01:19:59,540.388865650062
2022-03-30 01:20:04,538.63
2022-03-30 01:20:09,538.66
2022-03-30 01:20:14,538.73
2022-03-30 01:20:19,538.79
2022-03-30 01:20:24,540.3912913100631
2022-03-30 01:20:29,538.95
2022-03-30 01:20:34,538.95
2022-03-30 01:20:39,540.3927467060638
2022-03-30 01:20:44,539.08
2022-03-30 01:20:49,539.15
2022-03-30 01:20:54,539.14
2022-03-30 01:20:59,540.3946872340647
2022-03-30 01:21:04,540.3951723660649
2022-03-30 01:21:09,540.3956574980651
2022-03-30 01:21:14,539.3
2022-03-30 01:21:19,540.3966277620656
2022-03-30 01:21:24,539.4
2022-03-30 01:21:29,539.4
2022-03-30 01:21:34,539.47
2022-03-30 01:21:39,539.53
2022-03-30 01:21:44,540.3990534220667
2022-03-30 01:21:49,540.3995385540669
2022-03-30 01:21:54,539.69
2022-03-30 01:21:59,539.76
2022-03-30 01:22:04,539.82
2022-03-30 01:22:09,539.89
2022-03-30 01:22:14,539.92
2022-03-30 01:22:19,539.98
2022-03-30 01:22:24,540.4029344780685
2022-03-30 01:22:29,540.4034196100687
2022-03-30 01:22:34,540.21
2022-03-30 01:22:39,540.21
2022-03-30 01:22:44,540.4048750060693
2022-03-30 01:22:49,540.4053601380696
2022-03-30 01:22:54,540.5
2022-03-30 01:22:59,540.40633040207
2022-03-30 01:23:04,540.63
2022-03-30 01:23:09,540.4073006660705
2022-03-30 01:23:14,540.72
2022-03-30 01:23:19,540.85
2022-03-30 01:23:24,540.92
2022-03-30 01:23:29,540.95
2022-03-30 01:23:34,540.4097263260714
2022-03-30 01:23:39,541.08
2022-03-30 01:23:44,541.14
2022-03-30 01:23:49,541.24
2022-03-30 01:23:54,541.3
2022-03-30 01:23:59,541.43
2022-03-30 01:24:04,541.47
2022-03-30 01:24:09,540.413122250073
2022-03-30 01:24:14,541.53
2022-03-30 01:24:19,540.4140925140734
2022-03-30 01:24:24,541.72
2022-03-30 01:24:29,541.76
2022-03-30 01:24:34,540.4155479100741
2022-03-30 01:24:39,540.4160330420743
2022-03-30 01:24:44,541.95
2022-03-30 01:24:49,541.98
2022-03-30 01:24:54,542.04
2022-03-30 01:24:59,542.11
2022-03-30 01:25:04,542.17
2022-03-30 01:25:09,540.4046972175036
2022-03-30 01:25:14,542.26
2022-03-30 01:25:19,542.39
2022-03-30 01:25:24,542.45
2022-03-30 01:25:29,542.49
2022-03-30 01:25:34,540.350775965211
2022-03-30 01:25:39,542.62
2022-03-30 01:25:44,542.68
2022-03-30 01:25:49,542.78
2022-03-30 01:25:54,540.307638963377
2022-03-30 01:25:59,542.9
2022-03-30 01:26:04,542.9
2022-03-30 01:26:09,543.0
2022-03-30 01:26:14,543.0
2022-03-30 01:26:19,543.12
2022-03-30 01:26:24,543.12
2022-03-30 01:26:29,543.19
2022-03-30 01:26:34,540.2213649597089
2022-03-30 01:26:39,543.28
2022-03-30 01:26:44,540.1997964587919
2022-03-30 01:26:49,543.41
2022-03-30 01:26:54,540.1782279578749
2022-03-30 01:26:59,543.47
2022-03-30 01:27:04,543.47
2022-03-30 01:27:09,543.5
2022-03-30 01:27:14,540.1350909560408
2022-03-30 01:27:19,543.57
2022-03-30 01:27:24,540.1135224551238
2022-03-30 01:27:29,543.57
2022-03-30 01:27:34,543.56
2022-03-30 01:27:39,543.63
2022-03-30 01:27:44,543.63
2022-03-30 01:27:49,543.69
2022-03-30 01:27:54,543.69
2022-03-30 01:27:59,543.62
2022-03-30 01:28:04,543.75
2022-03-30 01:28:09,540.0164642009972
2022-03-30 01:28:14,540.0056799505387
2022-03-30 01:28:19,543.69
2022-03-30 01:28:24,543.69
2022-03-30 01:28:29,539.9733271991631
2022-03-30 01:28:34,543.68
2022-03-30 01:28:39,543.62
2022-03-30 01:28:44,543.62
2022-03-30 01:28:49,543.61
2022-03-30 01:28:54,539.9194059468706
2022-03-30 01:28:59,543.55
2022-03-30 01:29:04,543.54
2022-03-30 01:29:09,543.48
2022-03-30 01:29:14,543.45
2022-03-30 01:29:19,543.48
2022-03-30 01:29:24,543.45
2022-03-30 01:29:29,539.843916193661
2022-03-30 01:29:34,539.8331319432026
2022-03-30 01:29:39,539.8223476927441
2022-03-30 01:29:44,539.8115634422855
2022-03-30 01:29:49,539.800779191827
2022-03-30 01:29:54,543.25
2022-03-30 01:29:59,539.77921069091
2022-03-30 01:30:04,543.15
2022-03-30 01:30:09,543.09
2022-03-30 01:30:14,539.7468579395345
2022-03-30 01:30:19,539.736073689076
2022-03-30 01:30:24,539.7252894386174
2022-03-30 01:30:29,542.86
2022-03-30 01:30:34,542.73
2022-03-30 01:30:39,539.6929366872419
2022-03-30 01:30:44,542.64
2022-03-30 01:30:49,542.51
2022-03-30 01:30:54,542.35
2022-03-30 01:30:59,539.6497996854079
2022-03-30 01:31:04,542.19
2022-03-30 01:31:09,542.12
2022-03-30 01:31:14,542.06
2022-03-30 01:31:19,541.9
2022-03-30 01:31:24,539.5958784331153
2022-03-30 01:31:29,539.5850941826568
2022-03-30 01:31:34,539.5743099321983
2022-03-30 01:31:39,541.41
2022-03-30 01:31:44,541.32
2022-03-30 01:31:49,541.19
2022-03-30 01:31:54,541.09
2022-03-30 01:31:59,539.5203886799057
2022-03-30 01:32:04,540.87
2022-03-30 01:32:09,540.74
2022-03-30 01:32:14,540.64
2022-03-30 01:32:19,540.51
2022-03-30 01:32:24,540.39
2022-03-30 01:32:29,540.29
2022-03-30 01:32:34,539.4448989266962
2022-03-30 01:32:39,539.4341146762376
2022-03-30 01:32:44,539.4233304257792
2022-03-30 01:32:49,539.84
2022-03-30 01:32:54,539.4017619248622
2022-03-30 01:32:59,539.61
2022-03-30 01:33:04,539.3801934239451
2022-03-30 01:33:09,539.3694091734866
2022-03-30 01:33:14,539.32
2022-03-30 01:33:19,539.13
2022-03-30 01:33:24,539.04
2022-03-30 01:33:29,538.97
2022-03-30 01:33:34,539.3154879211941
2022-03-30 01:33:39,538.74
2022-03-30 01:33:44,538.59
2022-03-30 01:33:49,538.52
2022-03-30 01:33:54,538.39
2022-03-30 01:33:59,538.3
2022-03-30 01:34:04,539.250782418443
2022-03-30 01:34:09,538.07
2022-03-30 01:34:14,537.94
2022-03-30 01:34:19,537.81
2022-03-30 01:34:24,537.72
2022-03-30 01:34:29,537.59
2022-03-30 01:34:34,537.56
2022-03-30 01:34:39,539.1752926652334
2022-03-30 01:34:44,537.3
2022-03-30 01:34:49,537.2
2022-03-30 01:34:54,539.142939913858
2022-03-30 01:34:59,536.97
2022-03-30 01:35:04,536.84
2022-03-30 01:35:09,536.75
2022-03-30 01:35:14,539.0998029120238
2022-03-30 01:35:19,536.55
2022-03-30 01:35:24,539.0782344111069
2022-03-30 01:35:29,539.0674501606483
2022-03-30 01:35:34,539.0566659101898
2022-03-30 01:35:39,536.23
2022-03-30 01:35:44,536.17
2022-03-30 01:35:49,536.1
2022-03-30 01:35:54,539.0135289083559
2022-03-30 01:35:59,539.0027446578972
2022-03-30 01:36:04,535.94
2022-03-30 01:36:09,535.81
2022-03-30 01:36:14,535.81
2022-03-30 01:36:19,538.9596076560632
2022-03-30 01:36:24,535.71
2022-03-30 01:36:29,538.9380391551462
2022-03-30 01:36:34,535.64
2022-03-30 01:36:39,535.71
2022-03-30 01:36:44,535.64
2022-03-30 01:36:49,535.58
2022-03-30 01:36:54,535.58
2022-03-30 01:36:59,538.8733336523951
2022-03-30 01:37:04,535.58
2022-03-30 01:37:09,535.58
2022-03-30 01:37:14,535.58
2022-03-30 01:37:19,538.8301966505611
2022-03-30 01:37:24,538.8194124001026
2022-03-30 01:37:29,535.57
2022-03-30 01:37:34,535.57
2022-03-30 01:37:39,535.57
2022-03-30 01:37:44,535.57
2022-03-30 01:37:49,535.63
2022-03-30 01:37:54,538.7547068973515
2022-03-30 01:37:59,535.63
2022-03-30 01:38:04,535.63
2022-03-30 01:38:09,535.69
2022-03-30 01:38:14,538.7115698955175
2022-03-30 01:38:19,535.73
2022-03-30 01:38:24,535.72
2022-03-30 01:38:29,535.72
2022-03-30 01:38:34,535.79
2022-03-30 01:38:39,535.85
2022-03-30 01:38:44,535.85
2022-03-30 01:38:49,535.85
2022-03-30 01:38:54,535.91
2022-03-30 01:38:59,536.01
2022-03-30 01:39:04,538.6037273909324
2022-03-30 01:39:09,536.0
2022-03-30 01:39:14,536.13
2022-03-30 01:39:19,536.13
2022-03-30 01:39:24,536.19
2022-03-30 01:39:29,536.29
2022-03-30 01:39:34,538.6863707175802
2022-03-30 01:39:39,536.35
2022-03-30 01:39:44,536.42
2022-03-30 01:39:49,536.51
2022-03-30 01:39:54,536.51
2022-03-30 01:39:59,536.64
2022-03-30 01:40:04,536.64
2022-03-30 01:40:09,536.74
2022-03-30 01:40:14,538.8265485990933
2022-03-30 01:40:19,536.86
2022-03-30 01:40:24,536.93
2022-03-30 01:40:29,536.99
2022-03-30 01:40:34,537.09
2022-03-30 01:40:39,538.9141597750389
2022-03-30 01:40:44,537.25
2022-03-30 01:40:49,537.25
2022-03-30 01:40:54,537.38
2022-03-30 01:40:59,538.9842487157955
2022-03-30 01:41:04,537.5
2022-03-30 01:41:09,539.0192931861737
2022-03-30 01:41:14,537.67
2022-03-30 01:41:19,537.67
2022-03-30 01:41:24,539.0718598917412
2022-03-30 01:41:29,537.76
2022-03-30 01:41:34,537.89
2022-03-30 01:41:39,537.96
2022-03-30 01:41:44,538.02
2022-03-30 01:41:49,539.1594710676869
2022-03-30 01:41:54,538.18
2022-03-30 01:41:59,539.1945155380653
2022-03-30 01:42:04,538.28
2022-03-30 01:42:09,538.28
2022-03-30 01:42:14,538.41
2022-03-30 01:42:19,538.53
2022-03-30 01:42:24,538.53
2022-03-30 01:42:29,539.2996489492001
2022-03-30 01:42:34,538.63
2022-03-30 01:42:39,538.7
2022-03-30 01:42:44,538.76
2022-03-30 01:42:49,539.3697378899566
2022-03-30 01:42:54,539.3872601251456
2022-03-30 01:42:59,539.4047823603349
2022-03-30 01:43:04,538.86
2022-03-30 01:43:09,538.92
2022-03-30 01:43:14,539.4573490659023
2022-03-30 01:43:19,539.4748713010914
2022-03-30 01:43:24,539.4923935362806
2022-03-30 01:43:29,539.05
2022-03-30 01:43:34,539.06
2022-03-30 01:43:39,539.09
2022-03-30 01:43:44,539.09
2022-03-30 01:43:49,539.15
2022-03-30 01:43:54,539.15
2022-03-30 01:43:59,539.6150491826046
2022-03-30 01:44:04,539.22
2022-03-30 01:44:09,539.22
2022-03-30 01:44:14,539.28
2022-03-30 01:44:19,539.28
2022-03-30 01:44:24,539.28
2022-03-30 01:44:29,539.32
2022-03-30 01:44:34,539.32
2022-03-30 01:44:39,539.32
2022-03-30 01:44:44,539.32
2022-03-30 01:44:49,539.38
2022-03-30 01:44:54,539.8077937696851
2022-03-30 01:44:59,539.38
2022-03-30 01:45:04,539.39
2022-03-30 01:45:09,539.39
2022-03-30 01:45:14,539.32
2022-03-30 01:45:19,539.32
2022-03-30 01:45:24,539.39
2022-03-30 01:45:29,539.39
2022-03-30 01:45:34,539.39
2022-03-30 01:45:39,539.39
2022-03-30 01:45:44,539.9830161215765
2022-03-30 01:45:49,540.0005383567657
2022-03-30 01:45:54,539.39
2022-03-30 01:45:59,539.39
2022-03-30 01:46:04,539.33
2022-03-30 01:46:09,539.33
2022-03-30 01:46:14,539.33
2022-03-30 01:46:19,539.29
2022-03-30 01:46:24,539.29
2022-03-30 01:46:29,539.3
2022-03-30 01:46:34,539.3
2022-03-30 01:46:39,540.175760708657
2022-03-30 01:46:44,539.17
2022-03-30 01:46:49,539.1
2022-03-30 01:46:54,540.2283274142244
2022-03-30 01:46:59,539.07
2022-03-30 01:47:04,540.2633718846027
2022-03-30 01:47:09,539.01
2022-03-30 01:47:14,538.94
2022-03-30 01:47:19,538.95
2022-03-30 01:47:24,540.3334608253592
2022-03-30 01:47:29,538.79
2022-03-30 01:47:34,538.79
2022-03-30 01:47:39,538.66
2022-03-30 01:47:44,538.66
2022-03-30 01:47:49,538.59
2022-03-30 01:47:54,538.56
2022-03-30 01:47:59,538.5
2022-03-30 01:48:04,538.43
2022-03-30 01:48:09,540.4911609420615
2022-03-30 01:48:14,538.31
2022-03-30 01:48:19,538.28
2022-03-30 01:48:24,538.21
2022-03-30 01:48:29,538.08
2022-03-30 01:48:34,540.5787721180072
2022-03-30 01:48:39,538.05
2022-03-30 01:48:44,537.92
2022-03-30 01:48:49,540.6313388235747
2022-03-30 01:48:54,537.86
2022-03-30 01:48:59,537.79
2022-03-30 01:49:04,537.76
2022-03-30 01:49:09,537.7
2022-03-30 01:49:14,540.7189499995204
2022-03-30 01:49:19,537.54
2022-03-30 01:49:24,540.7539944698985
2022-03-30 01:49:29,537.41
2022-03-30 01:49:34,540.7890389402769
2022-03-30 01:49:39,537.28
2022-03-30 01:49:44,537.25
2022-03-30 01:49:49,537.19
2022-03-30 01:49:54,537.12
2022-03-30 01:49:59,537.06
2022-03-30 01:50:04,540.8941723514117
2022-03-30 01:50:09,540.9116945866009
2022-03-30 01:50:14,540.9292168217901
2022-03-30 01:50:19,540.9467390569791
2022-03-30 01:50:24,536.77
2022-03-30 01:50:29,540.9817835273575
2022-03-30 01:50:34,536.68
2022-03-30 01:50:39,536.62
2022-03-30 01:50:44,541.0343502329249
2022-03-30 01:50:49,536.55
2022-03-30 01:50:54,536.46
2022-03-30 01:50:59,541.0869169384923
2022-03-30 01:51:04,536.39
2022-03-30 01:51:09,541.1219614088706
2022-03-30 01:51:14,536.27
2022-03-30 01:51:19,541.1570058792488
2022-03-30 01:51:24,536.1
2022-03-30 01:51:29,536.04
2022-03-30 01:51:34,536.04
2022-03-30 01:51:39,536.01
2022-03-30 01:51:44,535.95
2022-03-30 01:51:49,535.89
2022-03-30 01:51:54,541.2796615255728
2022-03-30 01:51:59,535.82
2022-03-30 01:52:04,535.76
2022-03-30 01:52:09,541.3322282311402
2022-03-30 01:52:14,535.73
2022-03-30 01:52:19,535.73
2022-03-30 01:52:24,535.67
2022-03-30 01:52:29,541.4023171718968
2022-03-30 01:52:34,535.61
2022-03-30 01:52:39,535.61
2022-03-30 01:52:44,535.51
2022-03-30 01:52:49,541.4724061126534
2022-03-30 01:52:54,535.51
2022-03-30 01:52:59,535.45
2022-03-30 01:53:04,535.45
2022-03-30 01:53:09,541.5424950534099
2022-03-30 01:53:14,541.5547008214817
2022-03-30 01:53:19,535.39
2022-03-30 01:53:24,535.33
2022-03-30 01:53:29,535.26
2022-03-30 01:53:34,541.4798983117341
2022-03-30 01:53:39,535.23
2022-03-30 01:53:44,541.4424970568605
2022-03-30 01:53:49,541.4237964294235
2022-03-30 01:53:54,541.4050958019867
2022-03-30 01:53:59,535.23
2022-03-30 01:54:04,535.17
2022-03-30 01:54:09,535.17
2022-03-30 01:54:14,541.3302932922392
2022-03-30 01:54:19,535.17
2022-03-30 01:54:24,541.2928920373655
2022-03-30 01:54:29,535.1
2022-03-30 01:54:34,535.11
2022-03-30 01:54:39,535.11
2022-03-30 01:54:44,535.1
2022-03-30 01:54:49,535.11
2022-03-30 01:54:54,535.04
2022-03-30 01:54:59,541.1619876453074
2022-03-30 01:55:04,535.04
2022-03-30 01:55:09,535.04
2022-03-30 01:55:14,535.01
2022-03-30 01:55:19,535.01
2022-03-30 01:55:24,535.01
2022-03-30 01:55:29,541.0497838806862
2022-03-30 01:55:34,535.01
2022-03-30 01:55:39,541.0123826258125
2022-03-30 01:55:44,540.9936819983756
2022-03-30 01:55:49,534.94
2022-03-30 01:55:54,535.01
2022-03-30 01:55:59,534.94
2022-03-30 01:56:04,540.9188794886281
2022-03-30 01:56:09,534.94
2022-03-30 01:56:14,534.94
2022-03-30 01:56:19,534.88
2022-03-30 01:56:24,534.88
2022-03-30 01:56:29,540.8253763514438
2022-03-30 01:56:34,534.88
2022-03-30 01:56:39,534.81
2022-03-30 01:56:44,534.88
2022-03-30 01:56:49,534.81
2022-03-30 01:56:54,540.7318732142594
2022-03-30 01:56:59,534.75
2022-03-30 01:57:04,534.75
2022-03-30 01:57:09,534.71
2022-03-30 01:57:14,534.75
2022-03-30 01:57:19,540.6383700770751
2022-03-30 01:57:24,534.74
2022-03-30 01:57:29,540.6009688222014
2022-03-30 01:57:34,540.5822681947645
2022-03-30 01:57:39,534.74
2022-03-30 01:57:44,534.74
2022-03-30 01:57:49,534.74
2022-03-30 01:57:54,534.71
2022-03-30 01:57:59,540.4887650575802
2022-03-30 01:58:04,540.4700644301433
2022-03-30 01:58:09,534.71
2022-03-30 01:58:14,534.7
2022-03-30 01:58:19,534.7
2022-03-30 01:58:24,540.3952619203958
2022-03-30 01:58:29,534.74
2022-03-30 01:58:34,540.357860665522
2022-03-30 01:58:39,534.74
2022-03-30 01:58:44,534.74
2022-03-30 01:58:49,540.3017587832114
2022-03-30 01:58:54,534.8
2022-03-30 01:58:59,540.2643575283378
2022-03-30 01:59:04,534.86
2022-03-30 01:59:09,534.87
2022-03-30 01:59:14,540.2082556460272
2022-03-30 01:59:19,540.1895550185902
2022-03-30 01:59:24,534.93
2022-03-30 01:59:29,534.93
2022-03-30 01:59:34,534.99
2022-03-30 01:59:39,540.1147525088428
2022-03-30 01:59:44,535.09
2022-03-30 01:59:49,535.09
2022-03-30 01:59:54,535.15
2022-03-30 01:59:59,535.22
2022-03-30 02:00:04,540.0212493716584
2022-03-30 02:00:09,535.25
2022-03-30 02:00:14,535.31
2022-03-30 02:00:19,539.9651474893478
2022-03-30 02:00:24,539.946446861911
2022-03-30 02:00:29,539.9277462344742
2022-03-30 02:00:34,535.54
2022-03-30 02:00:39,535.54
2022-03-30 02:00:44,535.67
2022-03-30 02:00:49,535.67
2022-03-30 02:00:54,535.73
2022-03-30 02:00:59,539.8155424698529
2022-03-30 02:01:04,539.796841842416
2022-03-30 02:01:09,535.83
2022-03-30 02:01:14,539.7594405875423
2022-03-30 02:01:19,539.7407399601054
2022-03-30 02:01:24,539.7220393326686
2022-03-30 02:01:29,539.7033387052317
2022-03-30 02:01:34,536.12
2022-03-30 02:01:39,539.665937450358
2022-03-30 02:01:44,539.6472368229211
2022-03-30 02:01:49,536.29
2022-03-30 02:01:54,539.6098355680474
2022-03-30 02:01:59,539.5911349406105
2022-03-30 02:02:04,536.48
2022-03-30 02:02:09,536.55
2022-03-30 02:02:14,539.5350330582999
2022-03-30 02:02:19,536.65
2022-03-30 02:02:24,539.4976318034262
2022-03-30 02:02:29,536.77
2022-03-30 02:02:34,536.81
2022-03-30 02:02:39,536.81
2022-03-30 02:02:44,539.4228292936787
2022-03-30 02:02:49,537.0
2022-03-30 02:02:54,539.3854280388049
2022-03-30 02:02:59,539.3667274113681
2022-03-30 02:03:04,537.1
2022-03-30 02:03:09,537.16
2022-03-30 02:03:14,537.23
2022-03-30 02:03:19,539.2919249016206
2022-03-30 02:03:24,537.33
2022-03-30 02:03:29,537.39
2022-03-30 02:03:34,537.39
2022-03-30 02:03:39,537.52
2022-03-30 02:03:44,537.58
2022-03-30 02:03:49,537.61
2022-03-30 02:03:54,539.1610205095625
2022-03-30 02:03:59,537.68
2022-03-30 02:04:04,537.74
2022-03-30 02:04:09,537.81
2022-03-30 02:04:14,539.0862179998151
2022-03-30 02:04:19,537.84
2022-03-30 02:04:24,537.9
2022-03-30 02:04:29,539.0301161175045
2022-03-30 02:04:34,538.03
2022-03-30 02:04:39,538.03
2022-03-30 02:04:44,538.1
2022-03-30 02:04:49,538.1
2022-03-30 02:04:54,538.13
2022-03-30 02:04:59,538.19
2022-03-30 02:05:04,538.26
2022-03-30 02:05:09,538.32
2022-03-30 02:05:14,538.32
2022-03-30 02:05:19,538.35
2022-03-30 02:05:24,538.42
2022-03-30 02:05:29,538.8057085882621
2022-03-30 02:05:34,538.54
2022-03-30 02:05:39,538.7683073333883
2022-03-30 02:05:44,538.61
2022-03-30 02:05:49,538.71
2022-03-30 02:05:54,538.77
2022-03-30 02:05:59,538.6935048236409
2022-03-30 02:06:04,538.83
2022-03-30 02:06:09,538.86
2022-03-30 02:06:14,538.93
2022-03-30 02:06:19,538.99
2022-03-30 02:06:24,539.06
2022-03-30 02:06:29,539.05
2022-03-30 02:06:34,539.12
2022-03-30 02:06:39,539.15
2022-03-30 02:06:44,539.15
2022-03-30 02:06:49,539.28
2022-03-30 02:06:54,539.28
2022-03-30 02:06:59,539.34
2022-03-30 02:07:04,539.37
2022-03-30 02:07:09,538.4316960395247
2022-03-30 02:07:14,539.43
2022-03-30 02:07:19,539.49
2022-03-30 02:07:24,538.3863692162699
2022-03-30 02:07:29,538.3775715657711
2022-03-30 02:07:34,538.3687739152722
2022-03-30 02:07:39,539.72
2022-03-30 02:07:44,538.3511786142745
2022-03-30 02:07:49,539.78
2022-03-30 02:07:54,539.84
2022-03-30 02:07:59,538.3247856627779
2022-03-30 02:08:04,540.01
2022-03-30 02:08:09,538.3071903617803
2022-03-30 02:08:14,540.06
2022-03-30 02:08:19,538.2895950607825
2022-03-30 02:08:24,540.13
2022-03-30 02:08:29,540.16
2022-03-30 02:08:34,540.16
2022-03-30 02:08:39,538.2544044587871
2022-03-30 02:08:44,540.22
2022-03-30 02:08:49,540.16
2022-03-30 02:08:54,540.22
2022-03-30 02:08:59,540.22
2022-03-30 02:09:04,538.2104162062927
2022-03-30 02:09:09,540.28
2022-03-30 02:09:14,538.192820905295
2022-03-30 02:09:19,538.1840232547962
2022-03-30 02:09:24,540.22
2022-03-30 02:09:29,538.1664279537985
2022-03-30 02:09:34,540.15
2022-03-30 02:09:39,540.15
2022-03-30 02:09:44,540.12
2022-03-30 02:09:49,540.12
2022-03-30 02:09:54,540.12
2022-03-30 02:09:59,540.12
2022-03-30 02:10:04,538.1048444003064
2022-03-30 02:10:09,539.99
2022-03-30 02:10:14,539.99
2022-03-30 02:10:19,538.0784514488099
2022-03-30 02:10:24,539.92
2022-03-30 02:10:29,538.0608561478122
2022-03-30 02:10:34,538.0520584973133
2022-03-30 02:10:39,538.0432608468144
2022-03-30 02:10:44,539.83
2022-03-30 02:10:49,539.76
2022-03-30 02:10:54,539.64
2022-03-30 02:10:59,539.6
2022-03-30 02:11:04,537.9992725943201
2022-03-30 02:11:09,539.48
2022-03-30 02:11:14,537.9816772933224
2022-03-30 02:11:19,537.9728796428236
2022-03-30 02:11:24,539.31
2022-03-30 02:11:29,539.18
2022-03-30 02:11:34,539.12
2022-03-30 02:11:39,539.09
2022-03-30 02:11:44,539.03
2022-03-30 02:11:49,538.96
2022-03-30 02:11:54,538.83
2022-03-30 02:11:59,537.9024984388327
2022-03-30 02:12:04,538.67
2022-03-30 02:12:09,538.57
2022-03-30 02:12:14,537.8761054873361
2022-03-30 02:12:19,537.8673078368372
2022-03-30 02:12:24,538.29
2022-03-30 02:12:29,538.16
2022-03-30 02:12:34,538.1
2022-03-30 02:12:39,537.93
2022-03-30 02:12:44,537.8233195843429
2022-03-30 02:12:49,537.77
2022-03-30 02:12:54,537.64
2022-03-30 02:12:59,537.7969266328464
2022-03-30 02:13:04,537.7881289823474
2022-03-30 02:13:09,537.35
2022-03-30 02:13:14,537.19
2022-03-30 02:13:19,537.7617360308509
2022-03-30 02:13:24,536.97
2022-03-30 02:13:29,537.7441407298531
2022-03-30 02:13:34,536.74
2022-03-30 02:13:39,536.55
2022-03-30 02:13:44,536.45
2022-03-30 02:13:49,536.33
2022-03-30 02:13:54,536.23
2022-03-30 02:13:59,536.1
2022-03-30 02:14:04,536.0
2022-03-30 02:14:09,537.6737595258624
2022-03-30 02:14:14,537.6649618753635
2022-03-30 02:14:19,537.6561642248646
2022-03-30 02:14:24,535.49
2022-03-30 02:14:29,535.36
2022-03-30 02:14:34,535.23
2022-03-30 02:14:39,537.6209736228692
2022-03-30 02:14:44,535.0
2022-03-30 02:14:49,534.91
2022-03-30 02:14:54,537.5945806713726
2022-03-30 02:14:59,534.71
2022-03-30 02:15:04,537.5769853703748
2022-03-30 02:15:09,534.49
2022-03-30 02:15:14,534.39
2022-03-30 02:15:19,537.5505924188783
2022-03-30 02:15:24,537.5417947683794
2022-03-30 02:15:29,534.16
2022-03-30 02:15:34,534.03
2022-03-30 02:15:39,537.5154018168828
2022-03-30 02:15:44,537.5066041663839
2022-03-30 02:15:49,537.4978065158851
2022-03-30 02:15:54,533.74
2022-03-30 02:15:59,537.4802112148874
2022-03-30 02:16:04,533.58
2022-03-30 02:16:09,533.52
2022-03-30 02:16:14,533.52
2022-03-30 02:16:19,533.35
2022-03-30 02:16:24,537.436222962393
2022-03-30 02:16:29,533.36
2022-03-30 02:16:34,537.4186276613954
2022-03-30 02:16:39,537.4098300108965
2022-03-30 02:16:44,537.4010323603976
2022-03-30 02:16:49,533.16
2022-03-30 02:16:54,537.3834370593999
2022-03-30 02:16:59,533.12
2022-03-30 02:17:04,533.06
2022-03-30 02:17:09,533.06
2022-03-30 02:17:14,533.06
2022-03-30 02:17:19,537.3394488069056
2022-03-30 02:17:24,532.99
2022-03-30 02:17:29,532.9
2022-03-30 02:17:34,532.9
2022-03-30 02:17:39,537.3042582049102
2022-03-30 02:17:44,537.2954605544113
2022-03-30 02:17:49,532.89
2022-03-30 02:17:54,537.2778652534136
2022-03-30 02:17:59,532.83
2022-03-30 02:18:04,537.2602699524159
2022-03-30 02:18:09,532.76
2022-03-30 02:18:14,532.76
2022-03-30 02:18:19,537.2338770009193
2022-03-30 02:18:24,532.75
2022-03-30 02:18:29,537.2162816999216
2022-03-30 02:18:34,532.75
2022-03-30 02:18:39,532.75
2022-03-30 02:18:44,532.75
2022-03-30 02:18:49,532.75
2022-03-30 02:18:54,537.1722934474273
2022-03-30 02:18:59,532.82
2022-03-30 02:19:04,537.1546981464295
2022-03-30 02:19:09,537.1459004959307
2022-03-30 02:19:14,532.88
2022-03-30 02:19:19,537.128305194933
2022-03-30 02:19:24,532.98
2022-03-30 02:19:29,533.04
2022-03-30 02:19:34,533.04
2022-03-30 02:19:39,537.0931145929376
2022-03-30 02:19:44,533.2
2022-03-30 02:19:49,533.26
2022-03-30 02:19:54,533.33
2022-03-30 02:19:59,533.39
2022-03-30 02:20:04,533.49
2022-03-30 02:20:09,533.55
2022-03-30 02:20:14,533.65
2022-03-30 02:20:19,533.72
2022-03-30 02:20:24,537.0139357384478
2022-03-30 02:20:29,533.94
2022-03-30 02:20:34,534.0
2022-03-30 02:20:39,534.16
2022-03-30 02:20:44,534.23
2022-03-30 02:20:49,534.42
2022-03-30 02:20:54,534.45
2022-03-30 02:20:59,536.9523521849558
2022-03-30 02:21:04,534.75
2022-03-30 02:21:09,536.934756883958
2022-03-30 02:21:14,534.94
2022-03-30 02:21:19,536.9171615829604
2022-03-30 02:21:24,535.17
2022-03-30 02:21:29,535.33
2022-03-30 02:21:34,535.49
2022-03-30 02:21:39,535.62
2022-03-30 02:21:44,535.71
2022-03-30 02:21:49,535.84
2022-03-30 02:21:54,535.97
2022-03-30 02:21:59,536.13
2022-03-30 02:22:04,536.2
2022-03-30 02:22:09,536.9713563201815
2022-03-30 02:22:14,536.9783041193508
2022-03-30 02:22:19,536.59
2022-03-30 02:22:24,536.65
2022-03-30 02:22:29,536.9991475168589
2022-03-30 02:22:34,537.0060953160282
2022-03-30 02:22:39,536.94
2022-03-30 02:22:44,537.1
2022-03-30 02:22:49,537.17
2022-03-30 02:22:54,537.0338865127056
2022-03-30 02:22:59,537.0408343118751
2022-03-30 02:23:04,537.46
2022-03-30 02:23:09,537.0547299102137
2022-03-30 02:23:14,537.62
2022-03-30 02:23:19,537.0686255085524
2022-03-30 02:23:24,537.79
2022-03-30 02:23:29,537.92
2022-03-30 02:23:34,538.04
2022-03-30 02:23:39,537.0964167052299
2022-03-30 02:23:44,538.27
2022-03-30 02:23:49,538.3
2022-03-30 02:23:54,538.43
2022-03-30 02:23:59,538.56
2022-03-30 02:24:04,538.59
2022-03-30 02:24:09,538.73
2022-03-30 02:24:14,538.82
2022-03-30 02:24:19,538.95
2022-03-30 02:24:24,539.02
2022-03-30 02:24:29,539.11
2022-03-30 02:24:34,539.18
2022-03-30 02:24:39,537.1797902952621
2022-03-30 02:24:44,539.34
2022-03-30 02:24:49,537.1936858936009
2022-03-30 02:24:54,539.6
2022-03-30 02:24:59,537.2075814919395
2022-03-30 02:25:04,539.76
2022-03-30 02:25:09,539.86
2022-03-30 02:25:14,539.99
2022-03-30 02:25:19,537.235372688617
2022-03-30 02:25:24,540.15
2022-03-30 02:25:29,540.22
2022-03-30 02:25:34,540.28
2022-03-30 02:25:39,540.35
2022-03-30 02:25:44,537.2701116844637
2022-03-30 02:25:49,540.57
2022-03-30 02:25:54,540.64
2022-03-30 02:25:59,540.73
2022-03-30 02:26:04,537.2979028811412
2022-03-30 02:26:09,540.87
2022-03-30 02:26:14,537.3117984794799
2022-03-30 02:26:19,541.03
2022-03-30 02:26:24,541.03
2022-03-30 02:26:29,541.09
2022-03-30 02:26:34,537.3395896761573
2022-03-30 02:26:39,537.3465374753266
2022-03-30 02:26:44,541.26
2022-03-30 02:26:49,537.3604330736654
2022-03-30 02:26:54,537.3673808728347
2022-03-30 02:26:59,541.42
2022-03-30 02:27:04,537.3812764711735
2022-03-30 02:27:09,541.48
2022-03-30 02:27:14,537.3951720695121
2022-03-30 02:27:19,537.4021198686816
2022-03-30 02:27:24,541.55
2022-03-30 02:27:29,541.55
2022-03-30 02:27:34,541.55
2022-03-30 02:27:39,541.55
2022-03-30 02:27:44,541.55
2022-03-30 02:27:49,541.55
2022-03-30 02:27:54,537.4507544628669
2022-03-30 02:27:59,541.55
2022-03-30 02:28:04,537.4646500612057
2022-03-30 02:28:09,537.471597860375
2022-03-30 02:28:14,541.43
2022-03-30 02:28:19,541.39
2022-03-30 02:28:24,541.33
2022-03-30 02:28:29,541.27
2022-03-30 02:28:34,537.5063368562219
2022-03-30 02:28:39,541.17
2022-03-30 02:28:44,541.11
2022-03-30 02:28:49,541.04
2022-03-30 02:28:54,540.92
2022-03-30 02:28:59,537.5410758520686
2022-03-30 02:29:04,540.76
2022-03-30 02:29:09,540.76
2022-03-30 02:29:14,540.66
2022-03-30 02:29:19,537.568867048746
2022-03-30 02:29:24,540.47
2022-03-30 02:29:29,537.5827626470847
2022-03-30 02:29:34,540.25
2022-03-30 02:29:39,537.5966582454234
2022-03-30 02:29:44,540.09
2022-03-30 02:29:49,539.89
2022-03-30 02:29:54,537.6175016429315
2022-03-30 02:29:59,539.67
2022-03-30 02:30:04,539.58
2022-03-30 02:30:09,537.6383450404396
2022-03-30 02:30:14,539.29
2022-03-30 02:30:19,537.6522406387783
2022-03-30 02:30:24,537.6591884379477
2022-03-30 02:30:29,538.94
2022-03-30 02:30:34,538.87
2022-03-30 02:30:39,537.6800318354558
2022-03-30 02:30:44,538.62
2022-03-30 02:30:49,538.49
2022-03-30 02:30:54,538.33
2022-03-30 02:30:59,538.27
2022-03-30 02:31:04,537.7147708313025
2022-03-30 02:31:09,537.98
2022-03-30 02:31:14,537.85
2022-03-30 02:31:19,537.7356142288106
2022-03-30 02:31:24,537.6
2022-03-30 02:31:29,537.53
2022-03-30 02:31:34,537.41
2022-03-30 02:31:39,537.763405425488
2022-03-30 02:31:44,537.12
2022-03-30 02:31:49,537.09
2022-03-30 02:31:54,536.9
2022-03-30 02:31:59,536.8
2022-03-30 02:32:04,536.73
2022-03-30 02:32:09,536.61
2022-03-30 02:32:14,536.51
2022-03-30 02:32:19,536.38
2022-03-30 02:32:24,536.32
2022-03-30 02:32:29,537.8328834171816
2022-03-30 02:32:34,536.16
2022-03-30 02:32:39,536.06
2022-03-30 02:32:44,536.0
2022-03-30 02:32:49,535.87
2022-03-30 02:32:54,537.8676224130284
2022-03-30 02:32:59,535.71
2022-03-30 02:33:04,535.71
2022-03-30 02:33:09,535.55
2022-03-30 02:33:14,537.8954136097058
2022-03-30 02:33:19,535.48
2022-03-30 02:33:24,535.36
2022-03-30 02:33:29,535.29
2022-03-30 02:33:34,535.19
2022-03-30 02:33:39,535.13
2022-03-30 02:33:44,537.937100404722
2022-03-30 02:33:49,534.97
2022-03-30 02:33:54,534.91
2022-03-30 02:33:59,534.91
2022-03-30 02:34:04,534.78
2022-03-30 02:34:09,537.9718394005687
2022-03-30 02:34:14,534.68
2022-03-30 02:34:19,534.62
2022-03-30 02:34:24,534.62
2022-03-30 02:34:29,537.9996305972461
2022-03-30 02:34:34,538.0065783964155
2022-03-30 02:34:39,534.46
2022-03-30 02:34:44,538.0204739947542
2022-03-30 02:34:49,534.46
2022-03-30 02:34:54,538.0343695930928
2022-03-30 02:34:59,538.0413173922623
2022-03-30 02:35:04,538.0482651914316
2022-03-30 02:35:09,534.26
2022-03-30 02:35:14,534.26
2022-03-30 02:35:19,538.0691085889397
2022-03-30 02:35:24,534.23
2022-03-30 02:35:29,534.23
2022-03-30 02:35:34,534.17
2022-03-30 02:35:39,534.16
2022-03-30 02:35:44,534.16
2022-03-30 02:35:49,538.089062379006
2022-03-30 02:35:54,534.16
2022-03-30 02:35:59,538.0920111409432
2022-03-30 02:36:04,534.1
2022-03-30 02:36:09,538.0949599028803
2022-03-30 02:36:14,534.1
2022-03-30 02:36:19,534.1
2022-03-30 02:36:24,538.0993830457861
2022-03-30 02:36:29,534.1
2022-03-30 02:36:34,534.09
2022-03-30 02:36:39,534.16
2022-03-30 02:36:44,534.09
2022-03-30 02:36:49,534.16
2022-03-30 02:36:54,538.1082293315977
2022-03-30 02:36:59,534.16
2022-03-30 02:37:04,538.1111780935349
2022-03-30 02:37:09,534.25
2022-03-30 02:37:14,534.25
2022-03-30 02:37:19,534.25
2022-03-30 02:37:24,534.32
2022-03-30 02:37:29,534.32
2022-03-30 02:37:34,534.44
2022-03-30 02:37:39,534.44
2022-03-30 02:37:44,534.51
2022-03-30 02:37:49,534.54
2022-03-30 02:37:54,534.54
2022-03-30 02:37:59,534.67
2022-03-30 02:38:04,534.73
2022-03-30 02:38:09,538.1303450461266
2022-03-30 02:38:14,534.9
2022-03-30 02:38:19,538.1332938080639
2022-03-30 02:38:24,535.02
2022-03-30 02:38:29,535.12
2022-03-30 02:38:34,535.19
2022-03-30 02:38:39,535.25
2022-03-30 02:38:44,535.35
2022-03-30 02:38:49,535.47
2022-03-30 02:38:54,538.1436144748441
2022-03-30 02:38:59,535.64
2022-03-30 02:39:04,538.1465632367812
2022-03-30 02:39:09,538.1480376177498
2022-03-30 02:39:14,538.1495119987184
2022-03-30 02:39:19,538.150986379687
2022-03-30 02:39:24,535.99
2022-03-30 02:39:29,536.09
2022-03-30 02:39:34,538.1554095225928
2022-03-30 02:39:39,538.1568839035614
2022-03-30 02:39:44,538.15835828453
2022-03-30 02:39:49,536.31
2022-03-30 02:39:54,536.44
2022-03-30 02:39:59,536.51
2022-03-30 02:40:04,538.1642558084044
2022-03-30 02:40:09,536.61
2022-03-30 02:40:14,538.1672045703415
2022-03-30 02:40:19,536.8
2022-03-30 02:40:24,536.9
2022-03-30 02:40:29,538.1716277132473
2022-03-30 02:40:34,536.96
2022-03-30 02:40:39,538.1745764751845
2022-03-30 02:40:44,537.12
2022-03-30 02:40:49,538.1775252371217
2022-03-30 02:40:54,537.19
2022-03-30 02:40:59,537.26
2022-03-30 02:41:04,537.26
2022-03-30 02:41:09,537.32
2022-03-30 02:41:14,537.32
2022-03-30 02:41:19,537.35
2022-03-30 02:41:24,537.42
2022-03-30 02:41:29,537.48
2022-03-30 02:41:34,537.48
2022-03-30 02:41:39,537.48
2022-03-30 02:41:44,537.55
2022-03-30 02:41:49,538.1952178087448
2022-03-30 02:41:54,537.65
2022-03-30 02:41:59,537.65
2022-03-30 02:42:04,537.61
2022-03-30 02:42:09,538.2011153326192
2022-03-30 02:42:14,537.77
2022-03-30 02:42:19,537.77
2022-03-30 02:42:24,538.205538475525
2022-03-30 02:42:29,537.84
2022-03-30 02:42:34,538.2084872374622
2022-03-30 02:42:39,537.87
2022-03-30 02:42:44,538.2114359993994
2022-03-30 02:42:49,537.87
2022-03-30 02:42:54,537.94
2022-03-30 02:42:59,537.94
2022-03-30 02:43:04,538.0
2022-03-30 02:43:09,537.94
2022-03-30 02:43:14,538.2202822852109
2022-03-30 02:43:19,538.2217566661795
2022-03-30 02:43:24,538.06
2022-03-30 02:43:29,538.13
2022-03-30 02:43:34,538.16
2022-03-30 02:43:39,538.16
2022-03-30 02:43:44,538.23
2022-03-30 02:43:49,538.29
2022-03-30 02:43:54,538.2320773329598
2022-03-30 02:43:59,538.39
2022-03-30 02:44:04,538.38
2022-03-30 02:44:09,538.2365004758656
2022-03-30 02:44:14,538.2379748568342
2022-03-30 02:44:19,538.2394492378027
2022-03-30 02:44:24,538.58
2022-03-30 02:44:29,538.2423979997399
2022-03-30 02:44:34,538.67
2022-03-30 02:44:39,538.2453467616771
2022-03-30 02:44:44,538.8
2022-03-30 02:44:49,538.86
2022-03-30 02:44:54,538.2497699045829
2022-03-30 02:44:59,538.89
2022-03-30 02:45:04,538.2527186665201
2022-03-30 02:45:09,539.02
2022-03-30 02:45:14,539.09
2022-03-30 02:45:19,539.15
2022-03-30 02:45:24,539.18
2022-03-30 02:45:29,538.2600905713631
2022-03-30 02:45:34,539.37
2022-03-30 02:45:39,539.4
2022-03-30 02:45:44,538.2645137142688
2022-03-30 02:45:49,539.53
2022-03-30 02:45:54,539.6
2022-03-30 02:45:59,538.2689368571746
2022-03-30 02:46:04,539.66
2022-03-30 02:46:09,539.69
2022-03-30 02:46:14,539.69
2022-03-30 02:46:19,539.75
2022-03-30 02:46:24,539.75
2022-03-30 02:46:29,539.75
2022-03-30 02:46:34,539.82
2022-03-30 02:46:39,539.81
2022-03-30 02:46:44,538.282206285892
2022-03-30 02:46:49,538.2836806668606
2022-03-30 02:46:54,539.91
2022-03-30 02:46:59,539.91
2022-03-30 02:47:04,538.2881038097663
2022-03-30 02:47:09,539.97
2022-03-30 02:47:14,539.97
2022-03-30 02:47:19,539.97
2022-03-30 02:47:24,540.03
2022-03-30 02:47:29,540.16
2022-03-30 02:47:34,538.2969500955779
2022-03-30 02:47:39,540.16
2022-03-30 02:47:44,538.2998988575151
2022-03-30 02:47:49,538.3013732384837
2022-03-30 02:47:54,540.16
2022-03-30 02:47:59,540.16
2022-03-30 02:48:04,540.16
2022-03-30 02:48:09,540.16
2022-03-30 02:48:14,540.16
2022-03-30 02:48:19,538.3102195242952
2022-03-30 02:48:24,540.09
2022-03-30 02:48:29,538.3131682862324
2022-03-30 02:48:34,538.314642667201
2022-03-30 02:48:39,540.09
2022-03-30 02:48:44,540.09
2022-03-30 02:48:49,540.09
2022-03-30 02:48:54,540.09
2022-03-30 02:48:59,540.03
2022-03-30 02:49:04,540.09
2022-03-30 02:49:09,540.09
2022-03-30 02:49:14,540.09
2022-03-30 02:49:19,540.09
2022-03-30 02:49:24,540.09
2022-03-30 02:49:29,540.09
2022-03-30 02:49:34,540.16
2022-03-30 02:49:39,538.3156000357907
2022-03-30 02:49:44,538.2971063965339
2022-03-30 02:49:49,540.16
2022-03-30 02:49:54,540.16
2022-03-30 02:49:59,540.16
2022-03-30 02:50:04,538.2231318395067
2022-03-30 02:50:09,540.26
2022-03-30 02:50:14,538.1861445609932
2022-03-30 02:50:19,540.32
2022-03-30 02:50:24,540.32
2022-03-30 02:50:29,540.38
2022-03-30 02:50:34,538.112170003966
2022-03-30 02:50:39,540.48
2022-03-30 02:50:44,538.0751827254525
2022-03-30 02:50:49,538.0566890861957
2022-03-30 02:50:54,540.68
2022-03-30 02:50:59,538.0197018076822
2022-03-30 02:51:04,540.78
2022-03-30 02:51:09,537.9827145291686
2022-03-30 02:51:14,540.84
2022-03-30 02:51:19,540.93
2022-03-30 02:51:24,537.9272336113983
2022-03-30 02:51:29,541.0
2022-03-30 02:51:34,541.13
2022-03-30 02:51:39,541.19
2022-03-30 02:51:44,541.19
2022-03-30 02:51:49,541.23
2022-03-30 02:51:54,537.8162717758573
2022-03-30 02:51:59,541.42
2022-03-30 02:52:04,537.7792844973438
2022-03-30 02:52:09,541.52
2022-03-30 02:52:14,541.52
2022-03-30 02:52:19,537.7238035795735
2022-03-30 02:52:24,537.7053099403167
2022-03-30 02:52:29,541.74
2022-03-30 02:52:34,541.87
2022-03-30 02:52:39,537.6498290225463
2022-03-30 02:52:44,541.97
2022-03-30 02:52:49,542.1
2022-03-30 02:52:54,542.16
2022-03-30 02:52:59,537.5758544655193
2022-03-30 02:53:04,537.5573608262624
2022-03-30 02:53:09,537.5388671870056
2022-03-30 02:53:14,542.39
2022-03-30 02:53:19,542.49
2022-03-30 02:53:24,537.4833862692353
2022-03-30 02:53:29,542.61
2022-03-30 02:53:34,537.4463989907217
2022-03-30 02:53:39,542.77
2022-03-30 02:53:44,542.77
2022-03-30 02:53:49,542.84
2022-03-30 02:53:54,542.9
2022-03-30 02:53:59,537.3539307944379
2022-03-30 02:54:04,543.0
2022-03-30 02:54:09,543.0
2022-03-30 02:54:14,543.0
2022-03-30 02:54:19,543.06
2022-03-30 02:54:24,543.12
2022-03-30 02:54:29,543.12
2022-03-30 02:54:34,543.12
2022-03-30 02:54:39,543.12
2022-03-30 02:54:44,543.18
2022-03-30 02:54:49,537.16899440187
2022-03-30 02:54:54,543.12
2022-03-30 02:54:59,543.12
2022-03-30 02:55:04,537.1135134840997
2022-03-30 02:55:09,543.05
2022-03-30 02:55:14,537.0765262055861
2022-03-30 02:55:19,542.99
2022-03-30 02:55:24,542.96
2022-03-30 02:55:29,542.96
2022-03-30 02:55:34,542.96
2022-03-30 02:55:39,542.89
2022-03-30 02:55:44,536.9655643700455
2022-03-30 02:55:49,542.76
2022-03-30 02:55:54,536.9285770915318
2022-03-30 02:55:59,536.9100834522751
2022-03-30 02:56:04,542.53
2022-03-30 02:56:09,542.47
2022-03-30 02:56:14,542.46
2022-03-30 02:56:19,542.3
2022-03-30 02:56:24,542.24
2022-03-30 02:56:29,542.2
2022-03-30 02:56:34,542.08
2022-03-30 02:56:39,536.7621343382207
2022-03-30 02:56:44,541.84
2022-03-30 02:56:49,536.7251470597072
2022-03-30 02:56:54,536.7066534204504
2022-03-30 02:56:59,541.62
2022-03-30 02:57:04,536.6696661419369
2022-03-30 02:57:09,536.65117250268
2022-03-30 02:57:14,541.33
2022-03-30 02:57:19,541.17
2022-03-30 02:57:24,541.1
2022-03-30 02:57:29,540.91
2022-03-30 02:57:34,540.87
2022-03-30 02:57:39,536.5402106671394
2022-03-30 02:57:44,540.65
2022-03-30 02:57:49,540.52
2022-03-30 02:57:54,540.38
2022-03-30 02:57:59,540.29
2022-03-30 02:58:04,540.22
2022-03-30 02:58:09,540.06
2022-03-30 02:58:14,539.94
2022-03-30 02:58:19,539.84
2022-03-30 02:58:24,536.3737679138283
2022-03-30 02:58:29,536.3552742745715
2022-03-30 02:58:34,539.48
2022-03-30 02:58:39,539.35
2022-03-30 02:58:44,539.26
2022-03-30 02:58:49,539.19
2022-03-30 02:58:54,539.1
2022-03-30 02:58:59,538.97
2022-03-30 02:59:04,536.2258187997741
2022-03-30 02:59:09,538.74
2022-03-30 02:59:14,538.68
2022-03-30 02:59:19,536.1703378820038
2022-03-30 02:59:24,536.1518442427468
2022-03-30 02:59:29,538.39
2022-03-30 02:59:34,536.1148569642334
2022-03-30 02:59:39,538.23
2022-03-30 02:59:44,538.1
2022-03-30 02:59:49,536.0593760464631
2022-03-30 02:59:54,536.0408824072061
2022-03-30 02:59:59,537.81
2022-03-30 03:00:04,536.0038951286926
2022-03-30 03:00:09,537.71
2022-03-30 03:00:14,535.9669078501789
2022-03-30 03:00:19,535.9484142109224
2022-03-30 03:00:24,537.55
2022-03-30 03:00:29,535.9114269324086
2022-03-30 03:00:34,537.42
2022-03-30 03:00:39,535.8744396538951
2022-03-30 03:00:44,535.8559460146382
2022-03-30 03:00:49,535.8374523753814
2022-03-30 03:00:54,537.2
2022-03-30 03:00:59,537.13
2022-03-30 03:01:04,537.13
2022-03-30 03:01:09,535.7634778183544
2022-03-30 03:01:14,537.04
2022-03-30 03:01:19,537.04
2022-03-30 03:01:24,537.04
2022-03-30 03:01:29,536.98
2022-03-30 03:01:34,535.6710096220704
2022-03-30 03:01:39,536.91
2022-03-30 03:01:44,536.85
2022-03-30 03:01:49,536.85
2022-03-30 03:01:54,535.5970350650433
2022-03-30 03:01:59,536.79
2022-03-30 03:02:04,536.79
2022-03-30 03:02:09,536.79
2022-03-30 03:02:14,536.79
2022-03-30 03:02:19,535.5045668687593
2022-03-30 03:02:24,536.79
2022-03-30 03:02:29,536.79
2022-03-30 03:02:34,535.449085950989
2022-03-30 03:02:39,536.85
2022-03-30 03:02:44,536.85
2022-03-30 03:02:49,535.3936050332186
2022-03-30 03:02:54,535.375111393962
2022-03-30 03:02:59,536.98
2022-03-30 03:03:04,536.99
2022-03-30 03:03:09,537.05
2022-03-30 03:03:14,537.08
2022-03-30 03:03:19,537.08
2022-03-30 03:03:24,535.2641495584213
2022-03-30 03:03:29,537.21
2022-03-30 03:03:34,537.22
2022-03-30 03:03:39,537.28
2022-03-30 03:03:44,535.22070495999
2022-03-30 03:03:49,537.38
2022-03-30 03:03:54,537.44
2022-03-30 03:03:59,537.51
2022-03-30 03:04:04,537.57
2022-03-30 03:04:09,537.67
2022-03-30 03:04:14,537.73
2022-03-30 03:04:19,537.8
2022-03-30 03:04:24,537.83
2022-03-30 03:04:29,535.3762972515929
2022-03-30 03:04:34,538.02
2022-03-30 03:04:39,538.09
2022-03-30 03:04:44,538.19
2022-03-30 03:04:49,538.25
2022-03-30 03:04:54,538.31
2022-03-30 03:04:59,535.4800254459948
2022-03-30 03:05:04,538.48
2022-03-30 03:05:09,538.55
2022-03-30 03:05:14,538.61
2022-03-30 03:05:19,538.71
2022-03-30 03:05:24,538.77
2022-03-30 03:05:29,535.5837536403966
2022-03-30 03:05:34,538.87
2022-03-30 03:05:39,535.6183297051973
2022-03-30 03:05:44,539.0
2022-03-30 03:05:49,535.6529057699979
2022-03-30 03:05:54,539.13
2022-03-30 03:05:59,539.16
2022-03-30 03:06:04,539.23
2022-03-30 03:06:09,539.29
2022-03-30 03:06:14,539.39
2022-03-30 03:06:19,539.39
2022-03-30 03:06:24,539.39
2022-03-30 03:06:29,539.46
2022-03-30 03:06:34,539.52
2022-03-30 03:06:39,535.8257860940012
2022-03-30 03:06:44,539.59
2022-03-30 03:06:49,535.8603621588016
2022-03-30 03:06:54,535.8776501912021
2022-03-30 03:06:59,539.65
2022-03-30 03:07:04,539.69
2022-03-30 03:07:09,539.75
2022-03-30 03:07:14,535.9468023208033
2022-03-30 03:07:19,539.69
2022-03-30 03:07:24,535.981378385604
2022-03-30 03:07:29,539.75
2022-03-30 03:07:34,539.75
2022-03-30 03:07:39,539.69
2022-03-30 03:07:44,539.69
2022-03-30 03:07:49,539.69
2022-03-30 03:07:54,539.69
2022-03-30 03:07:59,539.66
2022-03-30 03:08:04,539.66
2022-03-30 03:08:09,539.66
2022-03-30 03:08:14,536.154258709607
2022-03-30 03:08:19,539.6
2022-03-30 03:08:24,536.1888347744077
2022-03-30 03:08:29,539.54
2022-03-30 03:08:34,539.54
2022-03-30 03:08:39,539.47
2022-03-30 03:08:44,539.47
2022-03-30 03:08:49,539.41
2022-03-30 03:08:54,539.41
2022-03-30 03:08:59,536.3098510012098
2022-03-30 03:09:04,539.38
2022-03-30 03:09:09,539.32
2022-03-30 03:09:14,539.32
2022-03-30 03:09:19,536.3790031308112
2022-03-30 03:09:24,536.3962911632115
2022-03-30 03:09:29,539.19
2022-03-30 03:09:34,539.16
2022-03-30 03:09:39,536.4481552604125
2022-03-30 03:09:44,539.1
2022-03-30 03:09:49,539.04
2022-03-30 03:09:54,538.97
2022-03-30 03:09:59,538.97
2022-03-30 03:10:04,536.534595422414
2022-03-30 03:10:09,536.5518834548143
2022-03-30 03:10:14,538.82
2022-03-30 03:10:19,538.82
2022-03-30 03:10:24,536.6037475520153
2022-03-30 03:10:29,538.76
2022-03-30 03:10:34,536.6383236168158
2022-03-30 03:10:39,538.66
2022-03-30 03:10:44,538.6
2022-03-30 03:10:49,538.6
2022-03-30 03:10:54,536.7074757464171
2022-03-30 03:10:59,538.54
2022-03-30 03:11:04,538.54
2022-03-30 03:11:09,538.47
2022-03-30 03:11:14,538.48
2022-03-30 03:11:19,538.41
2022-03-30 03:11:24,536.811203940819
2022-03-30 03:11:29,538.41
2022-03-30 03:11:34,536.8457800056196
2022-03-30 03:11:39,536.86306803802
2022-03-30 03:11:44,536.8803560704204
2022-03-30 03:11:49,538.32
2022-03-30 03:11:54,538.32
2022-03-30 03:11:59,538.26
2022-03-30 03:12:04,538.26
2022-03-30 03:12:09,536.9667962324219
2022-03-30 03:12:14,538.19
2022-03-30 03:12:19,538.16
2022-03-30 03:12:24,537.0186603296228
2022-03-30 03:12:29,538.16
2022-03-30 03:12:34,538.16
2022-03-30 03:12:39,538.1
2022-03-30 03:12:44,538.1
2022-03-30 03:12:49,537.1051004916243
2022-03-30 03:12:54,537.1223885240247
2022-03-30 03:12:59,538.1
2022-03-30 03:13:04,538.1
2022-03-30 03:13:09,538.1
2022-03-30 03:13:14,538.1
2022-03-30 03:13:19,538.04
2022-03-30 03:13:24,538.1
2022-03-30 03:13:29,537.2434047508269
2022-03-30 03:13:34,537.2606927832273
2022-03-30 03:13:39,538.04
2022-03-30 03:13:44,537.2952688480278
2022-03-30 03:13:49,537.3125568804282
2022-03-30 03:13:54,538.04
2022-03-30 03:13:59,538.04
2022-03-30 03:14:04,537.3644209776292
2022-03-30 03:14:09,537.3817090100295
2022-03-30 03:14:14,537.97
2022-03-30 03:14:19,537.4162850748302
2022-03-30 03:14:24,537.4335731072304
2022-03-30 03:14:29,538.03
2022-03-30 03:14:34,538.09
2022-03-30 03:14:39,538.03
2022-03-30 03:14:44,538.1
2022-03-30 03:14:49,538.16
2022-03-30 03:14:54,538.16
2022-03-30 03:14:59,538.19
2022-03-30 03:15:04,538.26
2022-03-30 03:15:09,537.5891653988332
2022-03-30 03:15:14,538.32
2022-03-30 03:15:19,537.6237414636339
2022-03-30 03:15:24,537.6410294960341
2022-03-30 03:15:29,537.6583175284345
2022-03-30 03:15:34,537.6756055608348
2022-03-30 03:15:39,538.54
2022-03-30 03:15:44,538.61
2022-03-30 03:15:49,537.7274696580358
2022-03-30 03:15:54,538.7
2022-03-30 03:15:59,537.7620457228363
2022-03-30 03:16:04,538.83
2022-03-30 03:16:09,538.9
2022-03-30 03:16:14,538.92
2022-03-30 03:16:19,538.99
2022-03-30 03:16:24,537.8484858848378
2022-03-30 03:16:29,539.12
2022-03-30 03:16:34,539.18
2022-03-30 03:16:39,537.9003499820388
2022-03-30 03:16:44,539.34
2022-03-30 03:16:49,539.41
2022-03-30 03:16:54,539.44
2022-03-30 03:16:59,539.5
2022-03-30 03:17:04,537.9867901440405
2022-03-30 03:17:09,538.0040781764407
2022-03-30 03:17:14,539.73
2022-03-30 03:17:19,538.0386542412415
2022-03-30 03:17:24,538.0559422736417
2022-03-30 03:17:29,538.073230306042
2022-03-30 03:17:34,539.96
2022-03-30 03:17:39,540.02
2022-03-30 03:17:44,540.08
2022-03-30 03:17:49,540.21
2022-03-30 03:17:54,540.21
2022-03-30 03:17:59,538.1788715495172
2022-03-30 03:18:04,540.31
2022-03-30 03:18:09,540.44
2022-03-30 03:18:14,540.47
2022-03-30 03:18:19,540.53
2022-03-30 03:18:24,538.2687345689294
2022-03-30 03:18:29,540.66
2022-03-30 03:18:34,540.76
2022-03-30 03:18:39,540.82
2022-03-30 03:18:44,538.3406249844589
2022-03-30 03:18:49,538.3585975883415
2022-03-30 03:18:54,541.05
2022-03-30 03:18:59,538.3945427961063
2022-03-30 03:19:04,541.12
2022-03-30 03:19:09,541.25
2022-03-30 03:19:14,541.25
2022-03-30 03:19:19,541.35
2022-03-30 03:19:24,541.41
2022-03-30 03:19:29,538.5023784194008
2022-03-30 03:19:34,541.57
2022-03-30 03:19:39,538.5383236271657
2022-03-30 03:19:44,541.76
2022-03-30 03:19:49,541.8
2022-03-30 03:19:54,541.86
2022-03-30 03:19:59,541.99
2022-03-30 03:20:04,541.99
2022-03-30 03:20:09,542.09
2022-03-30 03:20:14,542.15
2022-03-30 03:20:19,538.682104458225
2022-03-30 03:20:24,538.7000770621075
2022-03-30 03:20:29,542.32
2022-03-30 03:20:34,542.38
2022-03-30 03:20:39,542.45
2022-03-30 03:20:44,538.7719674776371
2022-03-30 03:20:49,542.45
2022-03-30 03:20:54,542.51
2022-03-30 03:20:59,542.55
2022-03-30 03:21:04,542.61
2022-03-30 03:21:09,542.68
2022-03-30 03:21:14,538.8798031009317
2022-03-30 03:21:19,542.68
2022-03-30 03:21:24,542.74
2022-03-30 03:21:29,542.81
2022-03-30 03:21:34,542.84
2022-03-30 03:21:39,542.84
2022-03-30 03:21:44,538.9876387242261
2022-03-30 03:21:49,539.0056113281087
2022-03-30 03:21:54,542.97
2022-03-30 03:21:59,539.0415565358734
2022-03-30 03:22:04,539.0595291397559
2022-03-30 03:22:09,543.04
2022-03-30 03:22:14,543.04
2022-03-30 03:22:19,543.04
2022-03-30 03:22:24,543.07
2022-03-30 03:22:29,543.07
2022-03-30 03:22:34,543.07
2022-03-30 03:22:39,539.1853373669329
2022-03-30 03:22:44,539.2033099708154
2022-03-30 03:22:49,539.2212825746977
2022-03-30 03:22:54,543.14
2022-03-30 03:22:59,539.2572277824627
2022-03-30 03:23:04,543.14
2022-03-30 03:23:09,543.14
2022-03-30 03:23:14,543.14
2022-03-30 03:23:19,539.3291181979922
2022-03-30 03:23:24,543.21
2022-03-30 03:23:29,543.14
2022-03-30 03:23:34,543.21
2022-03-30 03:23:39,539.401008613522
2022-03-30 03:23:44,539.4189812174045
2022-03-30 03:23:49,543.14
2022-03-30 03:23:54,539.4549264251692
2022-03-30 03:23:59,543.15
2022-03-30 03:24:04,543.14
2022-03-30 03:24:09,543.15
2022-03-30 03:24:14,543.08
2022-03-30 03:24:19,539.5447894445813
2022-03-30 03:24:24,539.5627620484638
2022-03-30 03:24:29,539.5807346523462
2022-03-30 03:24:34,543.08
2022-03-30 03:24:39,543.08
2022-03-30 03:24:44,539.6346524639936
2022-03-30 03:24:49,543.05
2022-03-30 03:24:54,539.6705976717583
2022-03-30 03:24:59,543.05
2022-03-30 03:25:04,543.09
2022-03-30 03:25:09,543.09
2022-03-30 03:25:14,543.06
2022-03-30 03:25:19,542.99
2022-03-30 03:25:24,539.7784332950529
2022-03-30 03:25:29,539.7964058989353
2022-03-30 03:25:34,542.99
2022-03-30 03:25:39,542.93
2022-03-30 03:25:44,539.8503237105826
2022-03-30 03:25:49,542.87
2022-03-30 03:25:54,542.83
2022-03-30 03:25:59,542.77
2022-03-30 03:26:04,539.9222141261122
2022-03-30 03:26:09,542.77
2022-03-30 03:26:14,542.71
2022-03-30 03:26:19,542.64
2022-03-30 03:26:24,542.64
2022-03-30 03:26:29,542.58
2022-03-30 03:26:34,542.55
2022-03-30 03:26:39,542.48
2022-03-30 03:26:44,542.42
2022-03-30 03:26:49,542.36
2022-03-30 03:26:54,542.36
2022-03-30 03:26:59,542.32
2022-03-30 03:27:04,540.1378853727014
2022-03-30 03:27:09,542.26
2022-03-30 03:27:14,540.1738305804662
2022-03-30 03:27:19,540.1918031843487
2022-03-30 03:27:24,542.07
2022-03-30 03:27:29,540.2277483921134
2022-03-30 03:27:34,540.245720995996
2022-03-30 03:27:39,540.2636935998783
2022-03-30 03:27:44,541.85
2022-03-30 03:27:49,541.85
2022-03-30 03:27:54,540.3176114115255
2022-03-30 03:27:59,541.76
2022-03-30 03:28:04,541.69
2022-03-30 03:28:09,541.63
2022-03-30 03:28:14,541.56
2022-03-30 03:28:19,541.57
2022-03-30 03:28:24,541.53
2022-03-30 03:28:29,541.53
2022-03-30 03:28:34,540.461392242585
2022-03-30 03:28:39,540.4793648464673
2022-03-30 03:28:44,541.34
2022-03-30 03:28:49,540.5153100542323
2022-03-30 03:28:54,541.31
2022-03-30 03:28:59,541.25
2022-03-30 03:29:04,541.12
2022-03-30 03:29:09,540.5872004697618
2022-03-30 03:29:14,540.6051730736443
2022-03-30 03:29:19,540.6231456775268
2022-03-30 03:29:24,540.6411182814091
2022-03-30 03:29:29,540.96
2022-03-30 03:29:34,540.6770634891741
2022-03-30 03:29:39,540.9
2022-03-30 03:29:44,540.83
2022-03-30 03:29:49,540.8
2022-03-30 03:29:54,540.74
2022-03-30 03:29:59,540.7669265085862
2022-03-30 03:30:04,540.7848991124686
2022-03-30 03:30:09,540.8028717163509
2022-03-30 03:30:14,540.68
2022-03-30 03:30:19,540.8388169241158
2022-03-30 03:30:24,540.8567895279982
2022-03-30 03:30:29,540.55
2022-03-30 03:30:34,540.55
2022-03-30 03:30:39,540.55
2022-03-30 03:30:44,540.9286799435279
2022-03-30 03:30:49,540.45
2022-03-30 03:30:54,540.39
2022-03-30 03:30:59,540.39
2022-03-30 03:31:04,541.0005703590576
2022-03-30 03:31:09,541.0185429629402
2022-03-30 03:31:14,540.32
2022-03-30 03:31:19,540.29
2022-03-30 03:31:24,540.29
2022-03-30 03:31:29,541.0904333784697
2022-03-30 03:31:34,541.1084059823522
2022-03-30 03:31:39,541.1263785862346
2022-03-30 03:31:44,541.1443511901169
2022-03-30 03:31:49,541.1623237939995
2022-03-30 03:31:54,540.1
2022-03-30 03:31:59,540.03
2022-03-30 03:32:04,541.0964903017768
2022-03-30 03:32:09,540.0
2022-03-30 03:32:14,539.93
2022-03-30 03:32:19,539.87
2022-03-30 03:32:24,540.9932936893309
2022-03-30 03:32:29,539.81
2022-03-30 03:32:34,539.77
2022-03-30 03:32:39,540.9158962299965
2022-03-30 03:32:44,539.71
2022-03-30 03:32:49,539.64
2022-03-30 03:32:54,539.58
2022-03-30 03:32:59,539.58
2022-03-30 03:33:04,539.57
2022-03-30 03:33:09,539.51
2022-03-30 03:33:14,540.7353021582164
2022-03-30 03:33:19,540.7095030051049
2022-03-30 03:33:24,539.48
2022-03-30 03:33:29,539.41
2022-03-30 03:33:34,540.6321055457705
2022-03-30 03:33:39,539.35
2022-03-30 03:33:44,539.35
2022-03-30 03:33:49,539.28
2022-03-30 03:33:54,539.28
2022-03-30 03:33:59,540.5031097802133
2022-03-30 03:34:04,539.18
2022-03-30 03:34:09,539.18
2022-03-30 03:34:14,539.12
2022-03-30 03:34:19,540.3999131677674
2022-03-30 03:34:24,539.11
2022-03-30 03:34:29,540.3483148615446
2022-03-30 03:34:34,539.05
2022-03-30 03:34:39,538.98
2022-03-30 03:34:44,538.98
2022-03-30 03:34:49,538.95
2022-03-30 03:34:54,540.2193190959871
2022-03-30 03:34:59,538.95
2022-03-30 03:35:04,540.1677207897643
2022-03-30 03:35:09,538.95
2022-03-30 03:35:14,538.88
2022-03-30 03:35:19,540.0903233304299
2022-03-30 03:35:24,538.88
2022-03-30 03:35:29,540.0387250242069
2022-03-30 03:35:34,538.82
2022-03-30 03:35:39,538.82
2022-03-30 03:35:44,538.75
2022-03-30 03:35:49,538.82
2022-03-30 03:35:54,538.75
2022-03-30 03:35:59,539.8839301055381
2022-03-30 03:36:04,539.8581309524268
2022-03-30 03:36:09,538.72
2022-03-30 03:36:14,539.8065326462037
2022-03-30 03:36:19,539.7807334930924
2022-03-30 03:36:24,538.65
2022-03-30 03:36:29,538.59
2022-03-30 03:36:34,538.53
2022-03-30 03:36:39,538.53
2022-03-30 03:36:44,538.53
2022-03-30 03:36:49,538.53
2022-03-30 03:36:54,538.53
2022-03-30 03:36:59,539.5743402682006
2022-03-30 03:37:04,538.46
2022-03-30 03:37:09,538.46
2022-03-30 03:37:14,538.46
2022-03-30 03:37:19,539.4711436557549
2022-03-30 03:37:24,538.43
2022-03-30 03:37:29,539.4195453495319
2022-03-30 03:37:34,538.43
2022-03-30 03:37:39,538.37
2022-03-30 03:37:44,539.3421478901975
2022-03-30 03:37:49,538.37
2022-03-30 03:37:54,538.37
2022-03-30 03:37:59,538.3
2022-03-30 03:38:04,538.3
2022-03-30 03:38:09,539.2131521246403
2022-03-30 03:38:14,538.24
2022-03-30 03:38:19,538.24
2022-03-30 03:38:24,538.24
2022-03-30 03:38:29,538.24
2022-03-30 03:38:34,538.21
2022-03-30 03:38:39,538.24
2022-03-30 03:38:44,538.21
2022-03-30 03:38:49,538.24
2022-03-30 03:38:54,538.24
2022-03-30 03:38:59,538.24
2022-03-30 03:39:04,538.24
2022-03-30 03:39:09,538.24
2022-03-30 03:39:14,538.24
2022-03-30 03:39:19,538.24
2022-03-30 03:39:24,538.31
2022-03-30 03:39:29,538.31
2022-03-30 03:39:34,538.31
2022-03-30 03:39:39,538.31
2022-03-30 03:39:44,538.31
2022-03-30 03:39:49,538.31
2022-03-30 03:39:54,538.6713699092996
2022-03-30 03:39:59,538.38
2022-03-30 03:40:04,538.38
2022-03-30 03:40:09,538.5939724499652
2022-03-30 03:40:14,538.38
2022-03-30 03:40:19,538.38
2022-03-30 03:40:24,538.5165749906308
2022-03-30 03:40:29,538.4907758375193
2022-03-30 03:40:34,538.38
2022-03-30 03:40:39,538.38
2022-03-30 03:40:44,538.38
2022-03-30 03:40:49,538.3875792250734
2022-03-30 03:40:54,538.3617800719621
2022-03-30 03:40:59,538.3359809188506
2022-03-30 03:41:04,538.310181765739
2022-03-30 03:41:09,538.2843826126277
2022-03-30 03:41:14,538.32
2022-03-30 03:41:19,538.32
2022-03-30 03:41:24,538.32
2022-03-30 03:41:29,538.32
2022-03-30 03:41:34,538.26
2022-03-30 03:41:39,538.129587693959
2022-03-30 03:41:44,538.32
2022-03-30 03:41:49,538.32
2022-03-30 03:41:54,538.26
2022-03-30 03:41:59,538.26
2022-03-30 03:42:04,538.26
2022-03-30 03:42:09,538.26
2022-03-30 03:42:14,537.9489936221787
2022-03-30 03:42:19,537.9231944690672
2022-03-30 03:42:24,538.16
2022-03-30 03:42:29,538.23
2022-03-30 03:42:34,538.16
2022-03-30 03:42:39,538.16
2022-03-30 03:42:44,538.16
2022-03-30 03:42:49,538.16
2022-03-30 03:42:54,537.7426003972871
2022-03-30 03:42:59,538.04
2022-03-30 03:43:04,538.1
2022-03-30 03:43:09,538.04
2022-03-30 03:43:14,537.6394037848412
2022-03-30 03:43:19,537.6136046317297
2022-03-30 03:43:24,538.04
2022-03-30 03:43:29,537.98
2022-03-30 03:43:34,537.98
2022-03-30 03:43:39,537.98
2022-03-30 03:43:44,537.98
2022-03-30 03:43:49,537.95
2022-03-30 03:43:54,537.94
2022-03-30 03:43:59,537.95
2022-03-30 03:44:04,537.3814122537266
2022-03-30 03:44:09,537.94
2022-03-30 03:44:14,537.88
2022-03-30 03:44:19,537.3040147943922
2022-03-30 03:44:24,537.88
2022-03-30 03:44:29,537.88
2022-03-30 03:44:34,537.2266173350578
2022-03-30 03:44:39,537.82
2022-03-30 03:44:44,537.175019028835
2022-03-30 03:44:49,537.82
2022-03-30 03:44:54,537.82
2022-03-30 03:44:59,537.82
2022-03-30 03:45:04,537.76
2022-03-30 03:45:09,537.76
2022-03-30 03:45:14,537.0202241101662
2022-03-30 03:45:19,537.76
2022-03-30 03:45:24,536.9686258039432
2022-03-30 03:45:29,537.76
2022-03-30 03:45:34,537.76
2022-03-30 03:45:39,536.8912283446087
2022-03-30 03:45:44,537.73
2022-03-30 03:45:49,536.839630038386
2022-03-30 03:45:54,537.73
2022-03-30 03:45:59,536.8153632821648
2022-03-30 03:46:04,537.77
2022-03-30 03:46:09,537.77
2022-03-30 03:46:14,536.8590619677793
2022-03-30 03:46:19,536.8736281963176
2022-03-30 03:46:24,537.77
2022-03-30 03:46:29,537.77
2022-03-30 03:46:34,537.77
2022-03-30 03:46:39,537.84
2022-03-30 03:46:44,537.84
2022-03-30 03:46:49,537.84
2022-03-30 03:46:54,536.9755917960849
2022-03-30 03:46:59,537.84
2022-03-30 03:47:04,537.91
2022-03-30 03:47:09,537.91
2022-03-30 03:47:14,537.0338567102376
2022-03-30 03:47:19,537.0484229387758
2022-03-30 03:47:24,537.0629891673141
2022-03-30 03:47:29,537.0775553958522
2022-03-30 03:47:34,537.97
2022-03-30 03:47:39,538.01
2022-03-30 03:47:44,538.07
2022-03-30 03:47:49,538.07
2022-03-30 03:47:54,537.1503865385432
2022-03-30 03:47:59,537.1649527670813
2022-03-30 03:48:04,538.2
2022-03-30 03:48:09,538.2
2022-03-30 03:48:14,538.27
2022-03-30 03:48:19,538.3
2022-03-30 03:48:24,538.3
2022-03-30 03:48:29,538.37
2022-03-30 03:48:34,538.36
2022-03-30 03:48:39,538.43
2022-03-30 03:48:44,538.49
2022-03-30 03:48:49,538.43
2022-03-30 03:48:54,538.53
2022-03-30 03:48:59,538.53
2022-03-30 03:49:04,538.53
2022-03-30 03:49:09,538.59
2022-03-30 03:49:14,538.66
2022-03-30 03:49:19,537.3980124236923
2022-03-30 03:49:24,537.4125786522305
2022-03-30 03:49:29,538.72
2022-03-30 03:49:34,538.78
2022-03-30 03:49:39,537.4562773378451
2022-03-30 03:49:44,537.4708435663833
2022-03-30 03:49:49,538.88
2022-03-30 03:49:54,537.4999760234597
2022-03-30 03:49:59,538.94
2022-03-30 03:50:04,537.529108480536
2022-03-30 03:50:09,537.5436747090743
2022-03-30 03:50:14,539.04
2022-03-30 03:50:19,539.1
2022-03-30 03:50:24,539.17
2022-03-30 03:50:29,539.17
2022-03-30 03:50:34,539.17
2022-03-30 03:50:39,539.23
2022-03-30 03:50:44,539.23
2022-03-30 03:50:49,539.23
2022-03-30 03:50:54,539.33
2022-03-30 03:50:59,539.29
2022-03-30 03:51:04,539.32
2022-03-30 03:51:09,539.32
2022-03-30 03:51:14,537.7330356800708
2022-03-30 03:51:19,537.7476019086089
2022-03-30 03:51:24,539.39
2022-03-30 03:51:29,539.39
2022-03-30 03:51:34,537.7913005942233
2022-03-30 03:51:39,539.45
2022-03-30 03:51:44,539.45
2022-03-30 03:51:49,537.8349992798379
2022-03-30 03:51:54,539.45
2022-03-30 03:51:59,539.45
2022-03-30 03:52:04,539.45
2022-03-30 03:52:09,537.8932641939907
2022-03-30 03:52:14,539.51
2022-03-30 03:52:19,537.9223966510671
2022-03-30 03:52:24,539.54
2022-03-30 03:52:29,539.54
2022-03-30 03:52:34,539.6
2022-03-30 03:52:39,539.6
2022-03-30 03:52:44,537.9952277937581
2022-03-30 03:52:49,539.67
2022-03-30 03:52:54,538.0243602508344
2022-03-30 03:52:59,538.0389264793727
2022-03-30 03:53:04,539.66
2022-03-30 03:53:09,538.068058936449
2022-03-30 03:53:14,539.66
2022-03-30 03:53:19,538.0971913935255
2022-03-30 03:53:24,539.73
2022-03-30 03:53:29,539.73
2022-03-30 03:53:34,539.73
2022-03-30 03:53:39,539.79
2022-03-30 03:53:44,538.1700225362164
2022-03-30 03:53:49,538.1845887647546
2022-03-30 03:53:54,539.82
2022-03-30 03:53:59,539.82
2022-03-30 03:54:04,539.82
2022-03-30 03:54:09,539.79
2022-03-30 03:54:14,539.82
2022-03-30 03:54:19,539.88
2022-03-30 03:54:24,538.2865523645218
2022-03-30 03:54:29,539.95
2022-03-30 03:54:34,539.95
2022-03-30 03:54:39,540.01
2022-03-30 03:54:44,540.01
2022-03-30 03:54:49,540.04
2022-03-30 03:54:54,538.3739497357509
2022-03-30 03:54:59,540.11
2022-03-30 03:55:04,540.11
2022-03-30 03:55:09,540.17
2022-03-30 03:55:14,540.17
2022-03-30 03:55:19,538.4467808784419
2022-03-30 03:55:24,540.3
2022-03-30 03:55:29,540.3
2022-03-30 03:55:34,540.33
2022-03-30 03:55:39,540.33
2022-03-30 03:55:44,540.4
2022-03-30 03:55:49,540.46
2022-03-30 03:55:54,538.5487444782092
2022-03-30 03:55:59,538.5633107067474
2022-03-30 03:56:04,540.53
2022-03-30 03:56:09,540.53
2022-03-30 03:56:14,538.607009392362
2022-03-30 03:56:19,540.56
2022-03-30 03:56:24,538.6361418494383
2022-03-30 03:56:29,538.6507080779766
2022-03-30 03:56:34,540.69
2022-03-30 03:56:39,538.6798405350529
2022-03-30 03:56:44,540.75
2022-03-30 03:56:49,540.82
2022-03-30 03:56:54,538.7235392206674
2022-03-30 03:56:59,540.82
2022-03-30 03:57:04,538.7526716777439
2022-03-30 03:57:09,540.85
2022-03-30 03:57:14,538.7818041348202
2022-03-30 03:57:19,540.92
2022-03-30 03:57:24,540.92
2022-03-30 03:57:29,540.92
2022-03-30 03:57:34,538.840069048973
2022-03-30 03:57:39,540.98
2022-03-30 03:57:44,538.8692015060493
2022-03-30 03:57:49,541.04
2022-03-30 03:57:54,538.8983339631258
2022-03-30 03:57:59,538.9129001916639
2022-03-30 03:58:04,540.98
2022-03-30 03:58:09,540.98
2022-03-30 03:58:14,540.98
2022-03-30 03:58:19,541.04
2022-03-30 03:58:24,540.98
2022-03-30 03:58:29,541.04
2022-03-30 03:58:34,539.0148637914313
2022-03-30 03:58:39,540.98
2022-03-30 03:58:44,541.04
2022-03-30 03:58:49,541.04
2022-03-30 03:58:54,540.98
2022-03-30 03:58:59,540.98
2022-03-30 03:59:04,540.98
2022-03-30 03:59:09,540.91
2022-03-30 03:59:14,540.91
2022-03-30 03:59:19,540.91
2022-03-30 03:59:24,539.1605260768132
2022-03-30 03:59:29,539.1750923053513
2022-03-30 03:59:34,540.85
2022-03-30 03:59:39,540.91
2022-03-30 03:59:44,540.91
2022-03-30 03:59:49,540.91
2022-03-30 03:59:54,539.2479234480423
2022-03-30 03:59:59,540.91
2022-03-30 04:00:04,539.2494091687497
2022-03-30 04:00:09,540.9
2022-03-30 04:00:14,540.84
2022-03-30 04:00:19,539.1589861871067
2022-03-30 04:00:24,540.9
2022-03-30 04:00:29,540.84
2022-03-30 04:00:34,540.9
2022-03-30 04:00:39,539.0384222115828
2022-03-30 04:00:44,540.9
2022-03-30 04:00:49,540.9
2022-03-30 04:00:54,538.9479992299398
2022-03-30 04:00:59,540.9
2022-03-30 04:01:04,540.9
2022-03-30 04:01:09,540.83
2022-03-30 04:01:14,540.83
2022-03-30 04:01:19,540.89
2022-03-30 04:01:24,538.767153266654
2022-03-30 04:01:29,540.89
2022-03-30 04:01:34,540.89
2022-03-30 04:01:39,540.82
2022-03-30 04:01:44,540.82
2022-03-30 04:01:49,540.82
2022-03-30 04:01:54,538.5863073033681
2022-03-30 04:01:59,538.556166309487
2022-03-30 04:02:04,540.82
2022-03-30 04:02:09,540.79
2022-03-30 04:02:14,538.4657433278442
2022-03-30 04:02:19,540.78
2022-03-30 04:02:24,540.78
2022-03-30 04:02:29,540.78
2022-03-30 04:02:34,538.3451793523204
2022-03-30 04:02:39,540.78
2022-03-30 04:02:44,538.2848973645582
2022-03-30 04:02:49,540.71
2022-03-30 04:02:54,540.78
2022-03-30 04:02:59,540.71
2022-03-30 04:03:04,540.64
2022-03-30 04:03:09,538.1341923951535
2022-03-30 04:03:14,540.64
2022-03-30 04:03:19,540.58
2022-03-30 04:03:24,540.57
2022-03-30 04:03:29,540.57
2022-03-30 04:03:34,537.9834874257486
2022-03-30 04:03:39,540.51
2022-03-30 04:03:44,540.51
2022-03-30 04:03:49,540.51
2022-03-30 04:03:54,540.48
2022-03-30 04:03:59,537.8327824563436
2022-03-30 04:04:04,540.41
2022-03-30 04:04:09,540.41
2022-03-30 04:04:14,540.41
2022-03-30 04:04:19,540.41
2022-03-30 04:04:24,540.34
2022-03-30 04:04:29,540.34
2022-03-30 04:04:34,540.28
2022-03-30 04:04:39,540.28
2022-03-30 04:04:44,537.5615135114148
2022-03-30 04:04:49,540.28
2022-03-30 04:04:54,537.5012315236529
2022-03-30 04:04:59,540.18
2022-03-30 04:05:04,540.12
2022-03-30 04:05:09,537.41080854201
2022-03-30 04:05:14,540.05
2022-03-30 04:05:19,539.99
2022-03-30 04:05:24,539.99
2022-03-30 04:05:29,539.95
2022-03-30 04:05:34,539.89
2022-03-30 04:05:39,537.2299625787242
2022-03-30 04:05:44,539.82
2022-03-30 04:05:49,539.82
2022-03-30 04:05:54,539.76
2022-03-30 04:05:59,539.73
2022-03-30 04:06:04,539.73
2022-03-30 04:06:09,537.0491166154383
2022-03-30 04:06:14,539.66
2022-03-30 04:06:19,539.6
2022-03-30 04:06:24,539.6
2022-03-30 04:06:29,536.9285526399143
2022-03-30 04:06:34,536.8984116460332
2022-03-30 04:06:39,539.47
2022-03-30 04:06:44,539.47
2022-03-30 04:06:49,539.44
2022-03-30 04:06:54,539.37
2022-03-30 04:06:59,539.31
2022-03-30 04:07:04,539.31
2022-03-30 04:07:09,539.24
2022-03-30 04:07:14,539.21
2022-03-30 04:07:19,539.15
2022-03-30 04:07:24,536.5970017072236
2022-03-30 04:07:29,536.5668607133426
2022-03-30 04:07:34,538.92
2022-03-30 04:07:39,538.86
2022-03-30 04:07:44,536.4764377316997
2022-03-30 04:07:49,536.4462967378186
2022-03-30 04:07:54,538.7
2022-03-30 04:07:59,536.3860147500567
2022-03-30 04:08:04,538.57
2022-03-30 04:08:09,536.3257327622948
2022-03-30 04:08:14,538.44
2022-03-30 04:08:19,538.4
2022-03-30 04:08:24,538.34
2022-03-30 04:08:29,536.2051687867709
2022-03-30 04:08:34,536.1750277928898
2022-03-30 04:08:39,538.18
2022-03-30 04:08:44,538.18
2022-03-30 04:08:49,538.11
2022-03-30 04:08:54,536.054463817366
2022-03-30 04:08:59,537.99
2022-03-30 04:09:04,537.92
2022-03-30 04:09:09,537.92
2022-03-30 04:09:14,537.89
2022-03-30 04:09:19,537.82
2022-03-30 04:09:24,537.82
2022-03-30 04:09:29,535.8434768601992
2022-03-30 04:09:34,537.66
2022-03-30 04:09:39,537.66
2022-03-30 04:09:44,535.7530538785562
2022-03-30 04:09:49,535.7229128846751
2022-03-30 04:09:54,535.6927718907943
2022-03-30 04:09:59,535.6626308969132
2022-03-30 04:10:04,537.4
2022-03-30 04:10:09,537.36
2022-03-30 04:10:14,537.36
2022-03-30 04:10:19,537.3
2022-03-30 04:10:24,537.3
2022-03-30 04:10:29,537.3
2022-03-30 04:10:34,537.23
2022-03-30 04:10:39,535.4215029458653
2022-03-30 04:10:44,537.23
2022-03-30 04:10:49,537.22
2022-03-30 04:10:54,537.16
2022-03-30 04:10:59,537.16
2022-03-30 04:11:04,537.16
2022-03-30 04:11:09,535.2406569825794
2022-03-30 04:11:14,535.2105159886986
2022-03-30 04:11:19,537.16
2022-03-30 04:11:24,535.1502340009365
2022-03-30 04:11:29,537.16
2022-03-30 04:11:34,535.0899520131746
2022-03-30 04:11:39,537.12
2022-03-30 04:11:44,537.12
2022-03-30 04:11:49,534.9995290315317
2022-03-30 04:11:54,537.12
2022-03-30 04:11:59,537.06
2022-03-30 04:12:04,537.05
2022-03-30 04:12:09,536.99
2022-03-30 04:12:14,536.98
2022-03-30 04:12:19,536.98
2022-03-30 04:12:24,536.98
2022-03-30 04:12:29,534.758401080484
2022-03-30 04:12:34,536.92
2022-03-30 04:12:39,536.98
2022-03-30 04:12:44,536.98
2022-03-30 04:12:49,536.98
2022-03-30 04:12:54,536.98
2022-03-30 04:12:59,536.98
2022-03-30 04:13:04,536.98
2022-03-30 04:13:09,537.04
2022-03-30 04:13:14,534.4871321355552
2022-03-30 04:13:19,537.04
2022-03-30 04:13:24,534.4268501477931
2022-03-30 04:13:29,537.04
2022-03-30 04:13:34,537.04
2022-03-30 04:13:39,537.1
2022-03-30 04:13:44,537.1
2022-03-30 04:13:49,537.1
2022-03-30 04:13:54,537.13
2022-03-30 04:13:59,534.2158631906264
2022-03-30 04:14:04,537.19
2022-03-30 04:14:09,537.19
2022-03-30 04:14:14,537.19
2022-03-30 04:14:19,537.26
2022-03-30 04:14:24,537.26
2022-03-30 04:14:29,534.1913961327419
2022-03-30 04:14:34,537.32
2022-03-30 04:14:39,537.32
2022-03-30 04:14:44,537.32
2022-03-30 04:14:49,537.32
2022-03-30 04:14:54,537.35
2022-03-30 04:14:59,537.32
2022-03-30 04:15:04,537.32
2022-03-30 04:15:09,537.35
2022-03-30 04:15:14,537.32
2022-03-30 04:15:19,537.35
2022-03-30 04:15:24,537.35
2022-03-30 04:15:29,537.35
2022-03-30 04:15:34,537.35
2022-03-30 04:15:39,534.2495658618603
2022-03-30 04:15:44,537.41
2022-03-30 04:15:49,537.41
2022-03-30 04:15:54,537.41
2022-03-30 04:15:59,537.41
2022-03-30 04:16:04,537.41
2022-03-30 04:16:09,534.2744957457681
2022-03-30 04:16:14,537.41
2022-03-30 04:16:19,537.48
2022-03-30 04:16:24,537.48
2022-03-30 04:16:29,537.48
2022-03-30 04:16:34,534.2952706490247
2022-03-30 04:16:39,534.2994256296761
2022-03-30 04:16:44,537.48
2022-03-30 04:16:49,537.48
2022-03-30 04:16:54,534.31189057163
2022-03-30 04:16:59,534.3160455522813
2022-03-30 04:17:04,534.3202005329325
2022-03-30 04:17:09,537.48
2022-03-30 04:17:14,537.41
2022-03-30 04:17:19,537.48
2022-03-30 04:17:24,537.42
2022-03-30 04:17:29,537.42
2022-03-30 04:17:34,537.42
2022-03-30 04:17:39,537.35
2022-03-30 04:17:44,537.35
2022-03-30 04:17:49,537.32
2022-03-30 04:17:54,537.32
2022-03-30 04:17:59,537.26
2022-03-30 04:18:04,534.3700603007483
2022-03-30 04:18:09,537.26
2022-03-30 04:18:14,537.19
2022-03-30 04:18:19,537.19
2022-03-30 04:18:24,534.3866802233536
2022-03-30 04:18:29,537.19
2022-03-30 04:18:34,537.13
2022-03-30 04:18:39,537.13
2022-03-30 04:18:44,534.4033001459588
2022-03-30 04:18:49,537.1
2022-03-30 04:18:54,537.1
2022-03-30 04:18:59,537.03
2022-03-30 04:19:04,536.97
2022-03-30 04:19:09,534.4240750492154
2022-03-30 04:19:14,536.97
2022-03-30 04:19:19,534.432385010518
2022-03-30 04:19:24,536.84
2022-03-30 04:19:29,534.4406949718206
2022-03-30 04:19:34,534.4448499524719
2022-03-30 04:19:39,536.81
2022-03-30 04:19:44,536.68
2022-03-30 04:19:49,536.68
2022-03-30 04:19:54,536.62
2022-03-30 04:19:59,536.62
2022-03-30 04:20:04,534.4697798363798
2022-03-30 04:20:09,536.52
2022-03-30 04:20:14,536.52
2022-03-30 04:20:19,536.52
2022-03-30 04:20:24,536.46
2022-03-30 04:20:29,536.39
2022-03-30 04:20:34,536.39
2022-03-30 04:20:39,536.33
2022-03-30 04:20:44,536.33
2022-03-30 04:20:49,536.3
2022-03-30 04:20:54,536.3
2022-03-30 04:20:59,536.23
2022-03-30 04:21:04,536.17
2022-03-30 04:21:09,536.17
2022-03-30 04:21:14,536.11
2022-03-30 04:21:19,534.5321045461494
2022-03-30 04:21:24,534.5362595268007
2022-03-30 04:21:29,536.08
2022-03-30 04:21:34,534.5445694881034
2022-03-30 04:21:39,536.08
2022-03-30 04:21:44,536.01
2022-03-30 04:21:49,534.5570344300573
2022-03-30 04:21:54,536.08
2022-03-30 04:21:59,536.01
2022-03-30 04:22:04,536.01
2022-03-30 04:22:09,536.01
2022-03-30 04:22:14,536.01
2022-03-30 04:22:19,536.01
2022-03-30 04:22:24,536.08
2022-03-30 04:22:29,536.01
2022-03-30 04:22:34,536.08
2022-03-30 04:22:39,536.08
2022-03-30 04:22:44,536.08
2022-03-30 04:22:49,536.08
2022-03-30 04:22:54,536.11
2022-03-30 04:22:59,534.6152041591756
2022-03-30 04:23:04,536.11
2022-03-30 04:23:09,536.08
2022-03-30 04:23:14,536.11
2022-03-30 04:23:19,536.11
2022-03-30 04:23:24,536.11
2022-03-30 04:23:29,536.11
2022-03-30 04:23:34,536.11
2022-03-30 04:23:39,536.11
2022-03-30 04:23:44,534.6525989850375
2022-03-30 04:23:49,534.6567539656887
2022-03-30 04:23:54,536.12
2022-03-30 04:23:59,536.12
2022-03-30 04:24:04,534.6692189076427
2022-03-30 04:24:09,536.18
2022-03-30 04:24:14,536.18
2022-03-30 04:24:19,536.12
2022-03-30 04:24:24,534.6858388302479
2022-03-30 04:24:29,536.25
2022-03-30 04:24:34,536.25
2022-03-30 04:24:39,534.6983037722019
2022-03-30 04:24:44,536.25
2022-03-30 04:24:49,534.7066137335045
2022-03-30 04:24:54,534.7107687141558
2022-03-30 04:24:59,534.7149236948071
2022-03-30 04:25:04,536.32
2022-03-30 04:25:09,536.35
2022-03-30 04:25:14,536.35
2022-03-30 04:25:19,536.42
2022-03-30 04:25:24,534.7356985980637
2022-03-30 04:25:29,536.42
2022-03-30 04:25:34,534.7440085593663
2022-03-30 04:25:39,536.55
2022-03-30 04:25:44,536.55
2022-03-30 04:25:49,534.7564735013202
2022-03-30 04:25:54,536.65
2022-03-30 04:25:59,536.65
2022-03-30 04:26:04,536.71
2022-03-30 04:26:09,534.7730934239255
2022-03-30 04:26:14,536.78
2022-03-30 04:26:19,536.88
2022-03-30 04:26:24,536.88
2022-03-30 04:26:29,536.94
2022-03-30 04:26:34,537.0
2022-03-30 04:26:39,537.07
2022-03-30 04:26:44,537.13
2022-03-30 04:26:49,534.806333269136
2022-03-30 04:26:54,537.23
2022-03-30 04:26:59,534.8146432304386
2022-03-30 04:27:04,534.8187982110899
2022-03-30 04:27:09,537.39
2022-03-30 04:27:14,537.39
2022-03-30 04:27:19,537.46
2022-03-30 04:27:24,537.46
2022-03-30 04:27:29,534.8395731143464
2022-03-30 04:27:34,534.8437280949977
2022-03-30 04:27:39,537.59
2022-03-30 04:27:44,537.59
2022-03-30 04:27:49,534.8561930369517
2022-03-30 04:27:54,537.68
2022-03-30 04:27:59,534.8645029982544
2022-03-30 04:28:04,537.75
2022-03-30 04:28:09,537.81
2022-03-30 04:28:14,537.81
2022-03-30 04:28:19,537.87
2022-03-30 04:28:24,534.8921453822686
2022-03-30 04:28:29,537.91
2022-03-30 04:28:34,534.9059471787311
2022-03-30 04:28:39,538.04
2022-03-30 04:28:44,534.9197489751938
2022-03-30 04:28:49,534.9266498734249
2022-03-30 04:28:54,534.9335507716563
2022-03-30 04:28:59,538.16
2022-03-30 04:29:04,538.2
2022-03-30 04:29:09,534.9542534663501
2022-03-30 04:29:14,538.32
2022-03-30 04:29:19,538.32
2022-03-30 04:29:24,538.32
2022-03-30 04:29:29,538.38
2022-03-30 04:29:34,538.38
2022-03-30 04:29:39,538.42
2022-03-30 04:29:44,538.38
2022-03-30 04:29:49,535.0094606522003
2022-03-30 04:29:54,538.41
2022-03-30 04:29:59,538.48
2022-03-30 04:30:04,535.0301633468941
2022-03-30 04:30:09,535.0370642451254
2022-03-30 04:30:14,535.0439651433568
2022-03-30 04:30:19,535.0508660415879
2022-03-30 04:30:24,538.48
2022-03-30 04:30:29,538.48
2022-03-30 04:30:34,538.54
2022-03-30 04:30:39,538.53
2022-03-30 04:30:44,535.0853705327444
2022-03-30 04:30:49,538.53
2022-03-30 04:30:54,538.6
2022-03-30 04:30:59,535.1060732274383
2022-03-30 04:31:04,535.1129741256694
2022-03-30 04:31:09,535.1198750239008
2022-03-30 04:31:14,538.66
2022-03-30 04:31:19,535.1336768203633
2022-03-30 04:31:24,538.66
2022-03-30 04:31:29,538.66
2022-03-30 04:31:34,538.66
2022-03-30 04:31:39,538.69
2022-03-30 04:31:44,538.68
2022-03-30 04:31:49,538.66
2022-03-30 04:31:54,538.65
2022-03-30 04:31:59,535.1888840062136
2022-03-30 04:32:04,538.68
2022-03-30 04:32:09,538.75
2022-03-30 04:32:14,538.68
2022-03-30 04:32:19,538.68
2022-03-30 04:32:24,538.68
2022-03-30 04:32:29,538.68
2022-03-30 04:32:34,538.75
2022-03-30 04:32:39,538.75
2022-03-30 04:32:44,538.75
2022-03-30 04:32:49,538.75
2022-03-30 04:32:54,538.81
2022-03-30 04:32:59,538.81
2022-03-30 04:33:04,538.81
2022-03-30 04:33:09,538.87
2022-03-30 04:33:14,538.87
2022-03-30 04:33:19,538.87
2022-03-30 04:33:24,538.87
2022-03-30 04:33:29,538.9
2022-03-30 04:33:34,535.3200010726079
2022-03-30 04:33:39,535.3269019708391
2022-03-30 04:33:44,535.3338028690704
2022-03-30 04:33:49,538.97
2022-03-30 04:33:54,538.97
2022-03-30 04:33:59,538.97
2022-03-30 04:34:04,539.03
2022-03-30 04:34:09,539.03
2022-03-30 04:34:14,539.03
2022-03-30 04:34:19,538.97
2022-03-30 04:34:24,539.04
2022-03-30 04:34:29,539.04
2022-03-30 04:34:34,539.04
2022-03-30 04:34:39,535.4097127496144
2022-03-30 04:34:44,539.03
2022-03-30 04:34:49,535.4235145460771
2022-03-30 04:34:54,539.04
2022-03-30 04:34:59,539.04
2022-03-30 04:35:04,535.4442172407709
2022-03-30 04:35:09,535.4511181390021
2022-03-30 04:35:14,535.4580190372334
2022-03-30 04:35:19,538.88
2022-03-30 04:35:24,538.88
2022-03-30 04:35:29,538.81
2022-03-30 04:35:34,538.75
2022-03-30 04:35:39,535.4925235283898
2022-03-30 04:35:44,538.68
2022-03-30 04:35:49,538.65
2022-03-30 04:35:54,538.59
2022-03-30 04:35:59,538.59
2022-03-30 04:36:04,538.52
2022-03-30 04:36:09,535.5339289177775
2022-03-30 04:36:14,535.5408298160088
2022-03-30 04:36:19,538.36
2022-03-30 04:36:24,538.3
2022-03-30 04:36:29,535.5615325107026
2022-03-30 04:36:34,535.5684334089339
2022-03-30 04:36:39,535.5753343071652
2022-03-30 04:36:44,538.14
2022-03-30 04:36:49,538.07
2022-03-30 04:36:54,538.01
2022-03-30 04:36:59,537.94
2022-03-30 04:37:04,535.6098387983216
2022-03-30 04:37:09,537.88
2022-03-30 04:37:14,537.78
2022-03-30 04:37:19,537.78
2022-03-30 04:37:24,537.72
2022-03-30 04:37:29,535.644343289478
2022-03-30 04:37:34,537.62
2022-03-30 04:37:39,537.62
2022-03-30 04:37:44,537.55
2022-03-30 04:37:49,537.49
2022-03-30 04:37:54,537.42
2022-03-30 04:37:59,535.6857486788656
2022-03-30 04:38:04,537.42
2022-03-30 04:38:09,537.32
2022-03-30 04:38:14,535.7064513735595
2022-03-30 04:38:19,535.7133522717908
2022-03-30 04:38:24,537.26
2022-03-30 04:38:29,537.19
2022-03-30 04:38:34,537.19
2022-03-30 04:38:39,537.19
2022-03-30 04:38:44,537.13
2022-03-30 04:38:49,537.13
2022-03-30 04:38:54,537.09
2022-03-30 04:38:59,537.09
2022-03-30 04:39:04,537.03
2022-03-30 04:39:09,537.02
2022-03-30 04:39:14,535.7892621523348
2022-03-30 04:39:19,536.96
2022-03-30 04:39:24,535.8030639487974
2022-03-30 04:39:29,535.8099648470286
2022-03-30 04:39:34,536.89
2022-03-30 04:39:39,536.89
2022-03-30 04:39:44,536.89
2022-03-30 04:39:49,536.83
2022-03-30 04:39:54,535.844469338185
2022-03-30 04:39:59,536.82
2022-03-30 04:40:04,535.8582711346476
2022-03-30 04:40:09,536.79
2022-03-30 04:40:14,536.79
2022-03-30 04:40:19,535.8789738293415
2022-03-30 04:40:24,536.66
2022-03-30 04:40:29,535.892775625804
2022-03-30 04:40:34,536.66
2022-03-30 04:40:39,535.9065774222665
2022-03-30 04:40:44,536.56
2022-03-30 04:40:49,536.56
2022-03-30 04:40:54,536.43
2022-03-30 04:40:59,535.9341810151917
2022-03-30 04:41:04,536.43
2022-03-30 04:41:09,535.9479828116542
2022-03-30 04:41:14,536.3
2022-03-30 04:41:19,535.9617846081168
2022-03-30 04:41:24,535.968685506348
2022-03-30 04:41:29,536.19
2022-03-30 04:41:34,535.9824873028106
2022-03-30 04:41:39,536.13
2022-03-30 04:41:44,536.06
2022-03-30 04:41:49,536.03
2022-03-30 04:41:54,535.97
2022-03-30 04:41:59,536.016991793967
2022-03-30 04:42:04,535.9
2022-03-30 04:42:09,535.83
2022-03-30 04:42:14,536.0376944886609
2022-03-30 04:42:19,535.73
2022-03-30 04:42:24,536.0778920350933
2022-03-30 04:42:29,535.61
2022-03-30 04:42:34,535.61
2022-03-30 04:42:39,536.1534993223295
2022-03-30 04:42:44,535.51
2022-03-30 04:42:49,536.2039041804868
2022-03-30 04:42:54,535.38
2022-03-30 04:42:59,535.38
2022-03-30 04:43:04,535.25
2022-03-30 04:43:09,535.25
2022-03-30 04:43:14,535.22
2022-03-30 04:43:19,535.15
2022-03-30 04:43:24,535.09
2022-03-30 04:43:29,536.4055236131167
2022-03-30 04:43:34,536.4307260421953
2022-03-30 04:43:39,536.4559284712741
2022-03-30 04:43:44,534.99
2022-03-30 04:43:49,536.5063333294314
2022-03-30 04:43:54,534.86
2022-03-30 04:43:59,534.8
2022-03-30 04:44:04,534.73
2022-03-30 04:44:09,534.7
2022-03-30 04:44:14,534.7
2022-03-30 04:44:19,534.63
2022-03-30 04:44:24,534.57
2022-03-30 04:44:29,534.5
2022-03-30 04:44:34,536.7331551911399
2022-03-30 04:44:39,534.47
2022-03-30 04:44:44,534.41
2022-03-30 04:44:49,536.8087624783763
2022-03-30 04:44:54,534.34
2022-03-30 04:44:59,536.8591673365336
2022-03-30 04:45:04,536.8843697656124
2022-03-30 04:45:09,536.9095721946909
2022-03-30 04:45:14,536.9347746237697
2022-03-30 04:45:19,534.12
2022-03-30 04:45:24,534.12
2022-03-30 04:45:29,534.06
2022-03-30 04:45:34,533.99
2022-03-30 04:45:39,533.99
2022-03-30 04:45:44,533.99
2022-03-30 04:45:49,533.96
2022-03-30 04:45:54,533.89
2022-03-30 04:45:59,537.1615964854782
2022-03-30 04:46:04,533.83
2022-03-30 04:46:09,533.83
2022-03-30 04:46:14,533.7
2022-03-30 04:46:19,533.67
2022-03-30 04:46:24,537.2876086308717
2022-03-30 04:46:29,533.61
2022-03-30 04:46:34,533.61
2022-03-30 04:46:39,533.54
2022-03-30 04:46:44,537.3884183471866
2022-03-30 04:46:49,533.45
2022-03-30 04:46:54,533.38
2022-03-30 04:46:59,533.32
2022-03-30 04:47:04,533.32
2022-03-30 04:47:09,533.26
2022-03-30 04:47:14,537.539632921659
2022-03-30 04:47:19,533.16
2022-03-30 04:47:24,533.16
2022-03-30 04:47:29,537.615240208895
2022-03-30 04:47:34,533.03
2022-03-30 04:47:39,537.6656450670524
2022-03-30 04:47:44,533.03
2022-03-30 04:47:49,537.71604992521
2022-03-30 04:47:54,532.97
2022-03-30 04:47:59,537.7664547833673
2022-03-30 04:48:04,532.87
2022-03-30 04:48:09,532.94
2022-03-30 04:48:14,532.87
2022-03-30 04:48:19,532.87
2022-03-30 04:48:24,532.81
2022-03-30 04:48:29,532.81
2022-03-30 04:48:34,532.74
2022-03-30 04:48:39,537.9680742159969
2022-03-30 04:48:44,532.68
2022-03-30 04:48:49,538.0184790741546
2022-03-30 04:48:54,532.65
2022-03-30 04:48:59,538.0688839323119
2022-03-30 04:49:04,538.0940863613907
2022-03-30 04:49:09,532.58
2022-03-30 04:49:14,532.52
2022-03-30 04:49:19,532.59
2022-03-30 04:49:24,532.52
2022-03-30 04:49:29,538.2200985067842
2022-03-30 04:49:34,538.245300935863
2022-03-30 04:49:39,532.52
2022-03-30 04:49:44,532.46
2022-03-30 04:49:49,538.3209082230992
2022-03-30 04:49:54,532.42
2022-03-30 04:49:59,532.43
2022-03-30 04:50:04,538.3965155103352
2022-03-30 04:50:09,532.43
2022-03-30 04:50:14,538.4469203684927
2022-03-30 04:50:19,538.4721227975714
2022-03-30 04:50:24,532.36
2022-03-30 04:50:29,532.43
2022-03-30 04:50:34,538.5477300848075
2022-03-30 04:50:39,538.5729325138864
2022-03-30 04:50:44,532.36
2022-03-30 04:50:49,532.3
2022-03-30 04:50:54,532.3
2022-03-30 04:50:59,532.3
2022-03-30 04:51:04,532.3
2022-03-30 04:51:09,532.24
2022-03-30 04:51:14,532.24
2022-03-30 04:51:19,532.24
2022-03-30 04:51:24,532.17
2022-03-30 04:51:29,538.8249568046733
2022-03-30 04:51:34,538.8501592337522
2022-03-30 04:51:39,538.875361662831
2022-03-30 04:51:44,532.14
2022-03-30 04:51:49,538.9257665209883
2022-03-30 04:51:54,532.08
2022-03-30 04:51:59,532.08
2022-03-30 04:52:04,539.0013738082245
2022-03-30 04:52:09,539.0265762373033
2022-03-30 04:52:14,532.02
2022-03-30 04:52:19,531.95
2022-03-30 04:52:24,539.1021835245394
2022-03-30 04:52:29,531.95
2022-03-30 04:52:34,539.1525883826968
2022-03-30 04:52:39,539.1777908117756
2022-03-30 04:52:44,539.2029932408541
2022-03-30 04:52:49,531.92
2022-03-30 04:52:54,531.92
2022-03-30 04:52:59,531.86
2022-03-30 04:53:04,531.86
2022-03-30 04:53:09,531.8
2022-03-30 04:53:14,531.8
2022-03-30 04:53:19,539.3794102444052
2022-03-30 04:53:24,531.8
2022-03-30 04:53:29,539.4298151025625
2022-03-30 04:53:34,531.67
2022-03-30 04:53:39,531.73
2022-03-30 04:53:44,539.5054223897989
2022-03-30 04:53:49,539.5306248188774
2022-03-30 04:53:54,531.68
2022-03-30 04:53:59,531.64
2022-03-30 04:54:04,531.64
2022-03-30 04:54:09,539.6314345351924
2022-03-30 04:54:14,531.64
2022-03-30 04:54:19,531.65
2022-03-30 04:54:24,531.64
2022-03-30 04:54:29,531.65
2022-03-30 04:54:34,531.58
2022-03-30 04:54:39,539.7826491096647
2022-03-30 04:54:44,531.65
2022-03-30 04:54:49,539.833053967822
2022-03-30 04:54:54,531.59
2022-03-30 04:54:59,531.59
2022-03-30 04:55:04,539.9086612550582
2022-03-30 04:55:09,531.59
2022-03-30 04:55:14,531.59
2022-03-30 04:55:19,531.59
2022-03-30 04:55:24,531.59
2022-03-30 04:55:29,531.66
2022-03-30 04:55:34,531.66
2022-03-30 04:55:39,531.59
2022-03-30 04:55:44,531.59
2022-03-30 04:55:49,531.66
2022-03-30 04:55:54,531.66
2022-03-30 04:55:59,531.66
2022-03-30 04:56:04,531.69
2022-03-30 04:56:09,531.66
2022-03-30 04:56:14,531.69
2022-03-30 04:56:19,540.2866976912389
2022-03-30 04:56:24,531.69
2022-03-30 04:56:29,540.3228527756246
2022-03-30 04:56:34,531.75
2022-03-30 04:56:39,531.69
2022-03-30 04:56:44,540.3675620385436
2022-03-30 04:56:49,540.3824651261831
2022-03-30 04:56:54,531.75
2022-03-30 04:56:59,540.4122713014625
2022-03-30 04:57:04,531.75
2022-03-30 04:57:09,540.4420774767418
2022-03-30 04:57:14,531.75
2022-03-30 04:57:19,531.81
2022-03-30 04:57:24,531.81
2022-03-30 04:57:29,531.81
2022-03-30 04:57:34,531.81
2022-03-30 04:57:39,531.81
2022-03-30 04:57:44,531.88
2022-03-30 04:57:49,531.81
2022-03-30 04:57:54,531.82
2022-03-30 04:57:59,531.81
2022-03-30 04:58:04,531.75
2022-03-30 04:58:09,540.6209145284178
2022-03-30 04:58:14,531.68
2022-03-30 04:58:19,531.68
2022-03-30 04:58:24,531.65
2022-03-30 04:58:29,540.6805268789764
2022-03-30 04:58:34,540.6954299666161
2022-03-30 04:58:39,531.52
2022-03-30 04:58:44,531.52
2022-03-30 04:58:49,531.45
2022-03-30 04:58:54,540.7550423171747
2022-03-30 04:58:59,531.35
2022-03-30 04:59:04,531.29
2022-03-30 04:59:09,531.22
2022-03-30 04:59:14,531.16
2022-03-30 04:59:19,540.829557755373
2022-03-30 04:59:24,531.06
2022-03-30 04:59:29,540.8593639306523
2022-03-30 04:59:34,530.93
2022-03-30 04:59:39,530.83
2022-03-30 04:59:44,540.9040731935713
2022-03-30 04:59:49,540.9189762812109
2022-03-30 04:59:54,530.61
2022-03-30 04:59:59,530.54
2022-03-30 05:00:04,530.47
2022-03-30 05:00:09,530.38
2022-03-30 05:00:14,530.38
2022-03-30 05:00:19,541.008394807049
2022-03-30 05:00:24,530.18
2022-03-30 05:00:29,530.02
2022-03-30 05:00:34,530.02
2022-03-30 05:00:39,541.0680071576074
2022-03-30 05:00:44,529.79
2022-03-30 05:00:49,529.73
2022-03-30 05:00:54,529.66
2022-03-30 05:00:59,541.1276195081662
2022-03-30 05:01:04,529.5
2022-03-30 05:01:09,529.37
2022-03-30 05:01:14,529.34
2022-03-30 05:01:19,529.28
2022-03-30 05:01:24,529.21
2022-03-30 05:01:29,529.09
2022-03-30 05:01:34,529.05
2022-03-30 05:01:39,528.99
2022-03-30 05:01:44,528.86
2022-03-30 05:01:49,528.82
2022-03-30 05:01:54,528.76
2022-03-30 05:01:59,528.63
2022-03-30 05:02:04,541.3213596474817
2022-03-30 05:02:09,528.54
2022-03-30 05:02:14,528.47
2022-03-30 05:02:19,541.3660689104007
2022-03-30 05:02:24,541.3809719980404
2022-03-30 05:02:29,528.25
2022-03-30 05:02:34,528.12
2022-03-30 05:02:39,528.05
2022-03-30 05:02:44,541.4405843485989
2022-03-30 05:02:49,527.96
2022-03-30 05:02:54,541.4703905238783
2022-03-30 05:02:59,527.83
2022-03-30 05:03:04,527.8
2022-03-30 05:03:09,527.73
2022-03-30 05:03:14,527.67
2022-03-30 05:03:19,527.6
2022-03-30 05:03:24,527.6
2022-03-30 05:03:29,541.5747121373558
2022-03-30 05:03:34,527.45
2022-03-30 05:03:39,527.51
2022-03-30 05:03:44,527.38
2022-03-30 05:03:49,541.6343244879146
2022-03-30 05:03:54,527.32
2022-03-30 05:03:59,527.32
2022-03-30 05:04:04,527.22
2022-03-30 05:04:09,527.22
2022-03-30 05:04:14,527.16
2022-03-30 05:04:19,527.09
2022-03-30 05:04:24,541.7386461013922
2022-03-30 05:04:29,527.09
2022-03-30 05:04:34,541.7684522766715
2022-03-30 05:04:39,541.7833553643112
2022-03-30 05:04:44,527.0
2022-03-30 05:04:49,526.93
2022-03-30 05:04:54,526.87
2022-03-30 05:04:59,526.87
2022-03-30 05:05:04,526.87
2022-03-30 05:05:09,541.8727738901491
2022-03-30 05:05:14,541.8876769777887
2022-03-30 05:05:19,526.87
2022-03-30 05:05:24,541.9174831530681
2022-03-30 05:05:29,541.9323862407076
2022-03-30 05:05:34,526.81
2022-03-30 05:05:39,526.81
2022-03-30 05:05:44,541.9770955036266
2022-03-30 05:05:49,526.81
2022-03-30 05:05:54,542.006901678906
2022-03-30 05:05:59,526.77
2022-03-30 05:06:04,542.0367078541854
2022-03-30 05:06:09,526.78
2022-03-30 05:06:14,526.77
2022-03-30 05:06:19,542.0814171171043
2022-03-30 05:06:24,542.096320204744
2022-03-30 05:06:29,542.1112232923836
2022-03-30 05:06:34,542.1261263800233
2022-03-30 05:06:39,526.77
2022-03-30 05:06:44,542.1559325553027
2022-03-30 05:06:49,542.1708356429423
2022-03-30 05:06:54,526.77
2022-03-30 05:06:59,526.71
2022-03-30 05:07:04,526.77
2022-03-30 05:07:09,526.77
2022-03-30 05:07:14,542.2453510811406
2022-03-30 05:07:19,526.8
2022-03-30 05:07:24,526.8
2022-03-30 05:07:29,542.2900603440596
2022-03-30 05:07:34,526.87
2022-03-30 05:07:39,526.8
2022-03-30 05:07:44,526.86
2022-03-30 05:07:49,526.8
2022-03-30 05:07:54,526.87
2022-03-30 05:07:59,542.3794788698975
2022-03-30 05:08:04,526.93
2022-03-30 05:08:09,526.93
2022-03-30 05:08:14,526.93
2022-03-30 05:08:19,526.99
2022-03-30 05:08:24,542.4539943080957
2022-03-30 05:08:29,527.02
2022-03-30 05:08:34,542.483800483375
2022-03-30 05:08:39,527.08
2022-03-30 05:08:44,542.5136066586545
2022-03-30 05:08:49,527.21
2022-03-30 05:08:54,542.5434128339338
2022-03-30 05:08:59,527.31
2022-03-30 05:09:04,527.43
2022-03-30 05:09:09,527.43
2022-03-30 05:09:14,527.53
2022-03-30 05:09:19,527.53
2022-03-30 05:09:24,542.6328313597717
2022-03-30 05:09:29,542.6477344474114
2022-03-30 05:09:34,527.82
2022-03-30 05:09:39,527.82
2022-03-30 05:09:44,542.6924437103304
2022-03-30 05:09:49,542.7073467979699
2022-03-30 05:09:54,528.04
2022-03-30 05:09:59,528.17
2022-03-30 05:10:04,528.23
2022-03-30 05:10:09,528.32
2022-03-30 05:10:14,542.7818622361683
2022-03-30 05:10:19,528.45
2022-03-30 05:10:24,528.51
2022-03-30 05:10:29,542.8248749640012
2022-03-30 05:10:34,528.67
2022-03-30 05:10:39,542.8442362064014
2022-03-30 05:10:44,528.9
2022-03-30 05:10:49,542.8635974488016
2022-03-30 05:10:54,542.8732780700017
2022-03-30 05:10:59,542.8829586912018
2022-03-30 05:11:04,529.25
2022-03-30 05:11:09,542.902319933602
2022-03-30 05:11:14,529.35
2022-03-30 05:11:19,542.9216811760023
2022-03-30 05:11:24,529.54
2022-03-30 05:11:29,529.7
2022-03-30 05:11:34,542.9507230396025
2022-03-30 05:11:39,529.83
2022-03-30 05:11:44,529.92
2022-03-30 05:11:49,542.9797649032029
2022-03-30 05:11:54,530.09
2022-03-30 05:11:59,530.21
2022-03-30 05:12:04,530.28
2022-03-30 05:12:09,530.38
2022-03-30 05:12:14,530.38
2022-03-30 05:12:19,530.5
2022-03-30 05:12:24,530.57
2022-03-30 05:12:29,543.0572098728036
2022-03-30 05:12:34,530.73
2022-03-30 05:12:39,543.0765711152037
2022-03-30 05:12:44,530.89
2022-03-30 05:12:49,543.095932357604
2022-03-30 05:12:54,531.08
2022-03-30 05:12:59,531.12
2022-03-30 05:13:04,531.18
2022-03-30 05:13:09,531.31
2022-03-30 05:13:14,531.37
2022-03-30 05:13:19,531.47
2022-03-30 05:13:24,531.47
2022-03-30 05:13:29,531.6
2022-03-30 05:13:34,531.76
2022-03-30 05:13:39,531.83
2022-03-30 05:13:44,531.89
2022-03-30 05:13:49,531.99
2022-03-30 05:13:54,532.05
2022-03-30 05:13:59,532.15
2022-03-30 05:14:04,532.21
2022-03-30 05:14:09,532.34
2022-03-30 05:14:14,543.2605029180056
2022-03-30 05:14:19,543.2701835392058
2022-03-30 05:14:24,532.57
2022-03-30 05:14:29,532.67
2022-03-30 05:14:34,532.8
2022-03-30 05:14:39,543.3089060240061
2022-03-30 05:14:44,543.3185866452062
2022-03-30 05:14:49,532.96
2022-03-30 05:14:54,533.09
2022-03-30 05:14:59,533.15
2022-03-30 05:15:04,543.3573091300067
2022-03-30 05:15:09,533.38
2022-03-30 05:15:14,533.44
2022-03-30 05:15:19,533.54
2022-03-30 05:15:24,533.6
2022-03-30 05:15:29,533.7
2022-03-30 05:15:34,533.77
2022-03-30 05:15:39,543.4250734784074
2022-03-30 05:15:44,543.4347540996074
2022-03-30 05:15:49,534.06
2022-03-30 05:15:54,543.4541153420076
2022-03-30 05:15:59,534.19
2022-03-30 05:16:04,543.4734765844079
2022-03-30 05:16:09,534.35
2022-03-30 05:16:14,534.48
2022-03-30 05:16:19,534.58
2022-03-30 05:16:24,543.5121990692082
2022-03-30 05:16:29,534.71
2022-03-30 05:16:34,534.74
2022-03-30 05:16:39,534.8
2022-03-30 05:16:44,534.93
2022-03-30 05:16:49,543.5606021752087
2022-03-30 05:16:54,535.03
2022-03-30 05:16:59,535.16
2022-03-30 05:17:04,535.22
2022-03-30 05:17:09,535.32
2022-03-30 05:17:14,535.39
2022-03-30 05:17:19,535.45
2022-03-30 05:17:24,535.52
2022-03-30 05:17:29,535.62
2022-03-30 05:17:34,535.62
2022-03-30 05:17:39,535.68
2022-03-30 05:17:44,535.78
2022-03-30 05:17:49,543.6767696296099
2022-03-30 05:17:54,543.68645025081
2022-03-30 05:17:59,535.97
2022-03-30 05:18:04,543.7058114932103
2022-03-30 05:18:09,536.07
2022-03-30 05:18:14,536.13
2022-03-30 05:18:19,536.26
2022-03-30 05:18:24,536.29
2022-03-30 05:18:29,536.36
2022-03-30 05:18:34,536.42
2022-03-30 05:18:39,543.773575841611
2022-03-30 05:18:44,536.49
2022-03-30 05:18:49,536.58
2022-03-30 05:18:54,536.65
2022-03-30 05:18:59,543.8122983264112
2022-03-30 05:19:04,543.8219789476113
2022-03-30 05:19:09,543.8316595688116
2022-03-30 05:19:14,536.78
2022-03-30 05:19:19,536.81
2022-03-30 05:19:24,543.8607014324118
2022-03-30 05:19:29,543.8703820536118
2022-03-30 05:19:34,536.94
2022-03-30 05:19:39,543.889743296012
2022-03-30 05:19:44,543.8994239172123
2022-03-30 05:19:49,537.01
2022-03-30 05:19:54,543.9187851596124
2022-03-30 05:19:59,537.07
2022-03-30 05:20:04,543.9381464020125
2022-03-30 05:20:09,543.9478270232127
2022-03-30 05:20:14,537.17
2022-03-30 05:20:19,537.17
2022-03-30 05:20:24,537.17
2022-03-30 05:20:29,537.17
2022-03-30 05:20:34,537.24
2022-03-30 05:20:39,537.31
2022-03-30 05:20:44,537.31
2022-03-30 05:20:49,537.31
2022-03-30 05:20:54,544.0349526140136
2022-03-30 05:20:59,544.0446332352137
2022-03-30 05:21:04,537.31
2022-03-30 05:21:09,537.31
2022-03-30 05:21:14,537.31
2022-03-30 05:21:19,537.31
2022-03-30 05:21:24,544.0930363412142
2022-03-30 05:21:29,544.1027169624143
2022-03-30 05:21:34,537.31
2022-03-30 05:21:39,544.1220782048144
2022-03-30 05:21:44,537.25
2022-03-30 05:21:49,544.1414394472147
2022-03-30 05:21:54,537.19
2022-03-30 05:21:59,537.25
2022-03-30 05:22:04,544.1704813108149
2022-03-30 05:22:09,537.19
2022-03-30 05:22:14,537.13
2022-03-30 05:22:19,537.13
2022-03-30 05:22:24,537.13
2022-03-30 05:22:29,537.1
2022-03-30 05:22:34,544.2285650380155
2022-03-30 05:22:39,537.1
2022-03-30 05:22:44,537.03
2022-03-30 05:22:49,544.2576069016159
2022-03-30 05:22:54,544.267287522816
2022-03-30 05:22:59,544.2769681440161
2022-03-30 05:23:04,544.2866487652161
2022-03-30 05:23:09,536.91
2022-03-30 05:23:14,536.91
2022-03-30 05:23:19,544.3156906288164
2022-03-30 05:23:24,544.3253712500166
2022-03-30 05:23:29,536.85
2022-03-30 05:23:34,536.85
2022-03-30 05:23:39,544.3544131136168
2022-03-30 05:23:44,536.82
2022-03-30 05:23:49,544.373774356017
2022-03-30 05:23:54,544.3834549772171
2022-03-30 05:23:59,544.3931355984173
2022-03-30 05:24:04,536.75
2022-03-30 05:24:09,544.4124968408174
2022-03-30 05:24:14,536.76
2022-03-30 05:24:19,536.63
2022-03-30 05:24:24,536.69
2022-03-30 05:24:29,536.63
2022-03-30 05:24:34,536.63
2022-03-30 05:24:39,536.6
2022-03-30 05:24:44,544.4748176395569
2022-03-30 05:24:49,536.6
2022-03-30 05:24:54,536.6
2022-03-30 05:24:59,536.6
2022-03-30 05:25:04,536.6
2022-03-30 05:25:09,536.6
2022-03-30 05:25:14,536.6
2022-03-30 05:25:19,544.5257671545049
2022-03-30 05:25:24,544.5330456566403
2022-03-30 05:25:29,536.63
2022-03-30 05:25:34,536.63
2022-03-30 05:25:39,536.63
2022-03-30 05:25:44,544.562159665182
2022-03-30 05:25:49,536.69
2022-03-30 05:25:54,536.69
2022-03-30 05:25:59,536.76
2022-03-30 05:26:04,544.5912736737237
2022-03-30 05:26:09,536.76
2022-03-30 05:26:14,536.82
2022-03-30 05:26:19,536.82
2022-03-30 05:26:24,536.85
2022-03-30 05:26:29,536.85
2022-03-30 05:26:34,536.85
2022-03-30 05:26:39,536.92
2022-03-30 05:26:44,536.98
2022-03-30 05:26:49,544.6567801929425
2022-03-30 05:26:54,537.05
2022-03-30 05:26:59,544.6713371972133
2022-03-30 05:27:04,537.11
2022-03-30 05:27:09,537.11
2022-03-30 05:27:14,544.6931727036197
2022-03-30 05:27:19,537.14
2022-03-30 05:27:24,537.27
2022-03-30 05:27:29,537.33
2022-03-30 05:27:34,537.36
2022-03-30 05:27:39,537.36
2022-03-30 05:27:44,544.7368437164322
2022-03-30 05:27:49,544.7441222185677
2022-03-30 05:27:54,544.751400720703
2022-03-30 05:27:59,544.7586792228385
2022-03-30 05:28:04,537.62
2022-03-30 05:28:09,537.62
2022-03-30 05:28:14,544.7805147292447
2022-03-30 05:28:19,537.65
2022-03-30 05:28:24,544.7950717335157
2022-03-30 05:28:29,537.65
2022-03-30 05:28:34,537.65
2022-03-30 05:28:39,544.8169072399219
2022-03-30 05:28:44,537.71
2022-03-30 05:28:49,544.8314642441927
2022-03-30 05:28:54,537.64
2022-03-30 05:28:59,537.64
2022-03-30 05:29:04,537.71
2022-03-30 05:29:09,537.64
2022-03-30 05:29:14,537.64
2022-03-30 05:29:19,537.64
2022-03-30 05:29:24,537.64
2022-03-30 05:29:29,537.61
2022-03-30 05:29:34,544.8969707634116
2022-03-30 05:29:39,544.904249265547
2022-03-30 05:29:44,537.54
2022-03-30 05:29:49,544.9188062698179
2022-03-30 05:29:54,537.54
2022-03-30 05:29:59,544.9333632740887
2022-03-30 05:30:04,537.42
2022-03-30 05:30:09,537.42
2022-03-30 05:30:14,537.42
2022-03-30 05:30:19,537.35
2022-03-30 05:30:24,537.32
2022-03-30 05:30:29,544.9770342869012
2022-03-30 05:30:34,537.32
2022-03-30 05:30:39,544.9915912911721
2022-03-30 05:30:44,537.26
2022-03-30 05:30:49,545.0061482954429
2022-03-30 05:30:54,545.0134267975784
2022-03-30 05:30:59,537.19
2022-03-30 05:31:04,537.19
2022-03-30 05:31:09,545.0352623039847
2022-03-30 05:31:14,537.19
2022-03-30 05:31:19,537.19
2022-03-30 05:31:24,545.0570978103909
2022-03-30 05:31:29,537.19
2022-03-30 05:31:34,545.0716548146618
2022-03-30 05:31:39,545.0789333167972
2022-03-30 05:31:44,537.19
2022-03-30 05:31:49,537.19
2022-03-30 05:31:54,537.19
2022-03-30 05:31:59,537.26
2022-03-30 05:32:04,537.26
2022-03-30 05:32:09,537.32
2022-03-30 05:32:14,537.32
2022-03-30 05:32:19,545.1371613338806
2022-03-30 05:32:24,537.36
2022-03-30 05:32:29,537.42
2022-03-30 05:32:34,537.42
2022-03-30 05:32:39,537.49
2022-03-30 05:32:44,537.49
2022-03-30 05:32:49,537.62
2022-03-30 05:32:54,537.62
2022-03-30 05:32:59,537.71
2022-03-30 05:33:04,545.2026678530995
2022-03-30 05:33:09,537.84
2022-03-30 05:33:14,545.2172248573703
2022-03-30 05:33:19,537.94
2022-03-30 05:33:24,545.2317818616411
2022-03-30 05:33:29,545.2390603637766
2022-03-30 05:33:34,538.13
2022-03-30 05:33:39,538.23
2022-03-30 05:33:44,538.29
2022-03-30 05:33:49,545.2681743723183
2022-03-30 05:33:54,538.39
2022-03-30 05:33:59,538.46
2022-03-30 05:34:04,538.58
2022-03-30 05:34:09,545.29728838086
2022-03-30 05:34:14,538.68
2022-03-30 05:34:19,538.81
2022-03-30 05:34:24,538.87
2022-03-30 05:34:29,545.3264023894017
2022-03-30 05:34:34,539.04
2022-03-30 05:34:39,539.16
2022-03-30 05:34:44,539.2
2022-03-30 05:34:49,545.3555163979433
2022-03-30 05:34:54,539.39
2022-03-30 05:34:59,539.49
2022-03-30 05:35:04,539.55
2022-03-30 05:35:09,539.61
2022-03-30 05:35:14,539.71
2022-03-30 05:35:19,539.77
2022-03-30 05:35:24,539.9
2022-03-30 05:35:29,539.93
2022-03-30 05:35:34,545.4210229171622
2022-03-30 05:35:39,540.19
2022-03-30 05:35:44,540.22
2022-03-30 05:35:49,540.29
2022-03-30 05:35:54,540.41
2022-03-30 05:35:59,540.51
2022-03-30 05:36:04,545.4646939299747
2022-03-30 05:36:09,545.4719724321102
2022-03-30 05:36:14,540.7
2022-03-30 05:36:19,545.486529436381
2022-03-30 05:36:24,540.93
2022-03-30 05:36:29,541.02
2022-03-30 05:36:34,541.08
2022-03-30 05:36:39,545.5156434449227
2022-03-30 05:36:44,541.25
2022-03-30 05:36:49,545.5302004491936
2022-03-30 05:36:54,541.44
2022-03-30 05:36:59,545.5447574534644
2022-03-30 05:37:04,541.53
2022-03-30 05:37:09,541.66
2022-03-30 05:37:14,545.5665929598707
2022-03-30 05:37:19,541.76
2022-03-30 05:37:24,541.82
2022-03-30 05:37:29,541.88
2022-03-30 05:37:34,541.95
2022-03-30 05:37:39,541.94
2022-03-30 05:37:44,542.04
2022-03-30 05:37:49,545.6175424748187
2022-03-30 05:37:54,545.6248209769541
2022-03-30 05:37:59,542.23
2022-03-30 05:38:04,545.639377981225
2022-03-30 05:38:09,542.33
2022-03-30 05:38:14,545.6539349854959
2022-03-30 05:38:19,542.49
2022-03-30 05:38:24,542.48
2022-03-30 05:38:29,542.55
2022-03-30 05:38:34,542.55
2022-03-30 05:38:39,545.689168695619
2022-03-30 05:38:44,542.67
2022-03-30 05:38:49,542.74
2022-03-30 05:38:54,542.74
2022-03-30 05:38:59,542.76
2022-03-30 05:39:04,542.77
2022-03-30 05:39:09,545.699321949011
2022-03-30 05:39:14,542.76
2022-03-30 05:39:19,542.83
2022-03-30 05:39:24,542.83
2022-03-30 05:39:29,542.83
2022-03-30 05:39:34,545.7077829935046
2022-03-30 05:39:39,542.89
2022-03-30 05:39:44,542.83
2022-03-30 05:39:49,542.83
2022-03-30 05:39:54,545.7145518290993
2022-03-30 05:39:59,542.83
2022-03-30 05:40:04,545.7179362468967
2022-03-30 05:40:09,542.76
2022-03-30 05:40:14,542.73
2022-03-30 05:40:19,542.66
2022-03-30 05:40:24,542.67
2022-03-30 05:40:29,542.54
2022-03-30 05:40:34,542.47
2022-03-30 05:40:39,545.7297817091875
2022-03-30 05:40:44,542.37
2022-03-30 05:40:49,542.31
2022-03-30 05:40:54,542.22
2022-03-30 05:40:59,542.08
2022-03-30 05:41:04,545.738242753681
2022-03-30 05:41:09,541.92
2022-03-30 05:41:14,541.79
2022-03-30 05:41:19,541.63
2022-03-30 05:41:24,541.57
2022-03-30 05:41:29,541.44
2022-03-30 05:41:34,545.7483960070731
2022-03-30 05:41:39,545.7500882159718
2022-03-30 05:41:44,541.12
2022-03-30 05:41:49,540.99
2022-03-30 05:41:54,540.9
2022-03-30 05:41:59,540.7
2022-03-30 05:42:04,540.67
2022-03-30 05:42:09,540.54
2022-03-30 05:42:14,545.7619336782626
2022-03-30 05:42:19,540.25
2022-03-30 05:42:24,540.19
2022-03-30 05:42:29,540.09
2022-03-30 05:42:34,539.96
2022-03-30 05:42:39,545.7703947227561
2022-03-30 05:42:44,539.74
2022-03-30 05:42:49,539.68
2022-03-30 05:42:54,539.52
2022-03-30 05:42:59,545.7771635583508
2022-03-30 05:43:04,539.35
2022-03-30 05:43:09,539.23
2022-03-30 05:43:14,539.13
2022-03-30 05:43:19,538.94
2022-03-30 05:43:24,545.7856246028443
2022-03-30 05:43:29,545.787316811743
2022-03-30 05:43:34,545.7890090206417
2022-03-30 05:43:39,538.55
2022-03-30 05:43:44,538.36
2022-03-30 05:43:49,545.7940856473377
2022-03-30 05:43:54,545.7957778562364
2022-03-30 05:43:59,545.7974700651351
2022-03-30 05:44:04,545.7991622740338
2022-03-30 05:44:09,537.97
2022-03-30 05:44:14,537.85
2022-03-30 05:44:19,537.75
2022-03-30 05:44:24,537.75
2022-03-30 05:44:29,545.8076233185272
2022-03-30 05:44:34,537.59
2022-03-30 05:44:39,545.8110077363247
2022-03-30 05:44:44,545.8126999452234
2022-03-30 05:44:49,537.33
2022-03-30 05:44:54,545.8160843630208
2022-03-30 05:44:59,537.24
2022-03-30 05:45:04,545.8194687808182
2022-03-30 05:45:09,545.8211609897169
2022-03-30 05:45:14,537.01
2022-03-30 05:45:19,537.02
2022-03-30 05:45:24,536.89
2022-03-30 05:45:29,545.8279298253116
2022-03-30 05:45:34,536.79
2022-03-30 05:45:39,536.79
2022-03-30 05:45:44,536.73
2022-03-30 05:45:49,545.8346986609064
2022-03-30 05:45:54,545.8363908698051
2022-03-30 05:45:59,545.8380830787038
2022-03-30 05:46:04,545.8397752876024
2022-03-30 05:46:09,545.8414674965011
2022-03-30 05:46:14,536.57
2022-03-30 05:46:19,536.57
2022-03-30 05:46:24,536.51
2022-03-30 05:46:29,536.51
2022-03-30 05:46:34,545.8499285409946
2022-03-30 05:46:39,545.8516207498933
2022-03-30 05:46:44,536.38
2022-03-30 05:46:49,545.8550051676906
2022-03-30 05:46:54,536.38
2022-03-30 05:46:59,536.38
2022-03-30 05:47:04,536.32
2022-03-30 05:47:09,536.32
2022-03-30 05:47:14,536.32
2022-03-30 05:47:19,536.28
2022-03-30 05:47:24,536.28
2022-03-30 05:47:29,545.8685428388802
2022-03-30 05:47:34,536.22
2022-03-30 05:47:39,536.29
2022-03-30 05:47:44,536.22
2022-03-30 05:47:49,536.22
2022-03-30 05:47:54,536.22
2022-03-30 05:47:59,536.22
2022-03-30 05:48:04,536.16
2022-03-30 05:48:09,536.16
2022-03-30 05:48:14,536.16
2022-03-30 05:48:19,536.16
2022-03-30 05:48:24,536.16
2022-03-30 05:48:29,536.1
2022-03-30 05:48:34,536.1
2022-03-30 05:48:39,536.1
2022-03-30 05:48:44,536.1
2022-03-30 05:48:49,536.1
2022-03-30 05:48:54,545.8973103901579
2022-03-30 05:48:59,536.07
2022-03-30 05:49:04,536.07
2022-03-30 05:49:09,545.902387016854
2022-03-30 05:49:14,536.1
2022-03-30 05:49:19,536.07
2022-03-30 05:49:24,545.90746364355
2022-03-30 05:49:29,536.01
2022-03-30 05:49:34,545.9108480613475
2022-03-30 05:49:39,536.01
2022-03-30 05:49:44,536.01
2022-03-30 05:49:49,545.9159246880436
2022-03-30 05:49:54,545.9176168969423
2022-03-30 05:49:59,536.08
2022-03-30 05:50:04,536.01
2022-03-30 05:50:09,545.9226935236383
2022-03-30 05:50:14,545.924385732537
2022-03-30 05:50:19,545.9260779414357
2022-03-30 05:50:24,536.01
2022-03-30 05:50:29,536.02
2022-03-30 05:50:34,536.08
2022-03-30 05:50:39,536.08
2022-03-30 05:50:44,536.08
2022-03-30 05:50:49,545.9362311948279
2022-03-30 05:50:54,536.11
2022-03-30 05:50:59,536.12
2022-03-30 05:51:04,536.12
2022-03-30 05:51:09,536.12
2022-03-30 05:51:14,536.12
2022-03-30 05:51:19,545.94638444822
2022-03-30 05:51:24,536.12
2022-03-30 05:51:29,536.19
2022-03-30 05:51:34,545.9514610749161
2022-03-30 05:51:39,536.12
2022-03-30 05:51:44,536.12
2022-03-30 05:51:49,536.09
2022-03-30 05:51:54,536.13
2022-03-30 05:51:59,536.09
2022-03-30 05:52:04,545.9616143283082
2022-03-30 05:52:09,536.1
2022-03-30 05:52:14,536.03
2022-03-30 05:52:19,536.03
2022-03-30 05:52:24,535.97
2022-03-30 05:52:29,535.97
2022-03-30 05:52:34,535.9
2022-03-30 05:52:39,545.973459790599
2022-03-30 05:52:44,545.9747359928028
2022-03-30 05:52:49,535.9
2022-03-30 05:52:54,545.9725262153084
2022-03-30 05:52:59,535.84
2022-03-30 05:53:04,535.81
2022-03-30 05:53:09,545.9692115490667
2022-03-30 05:53:14,545.9681066603196
2022-03-30 05:53:19,545.9670017715723
2022-03-30 05:53:24,535.81
2022-03-30 05:53:29,535.81
2022-03-30 05:53:34,545.9636871053307
2022-03-30 05:53:39,535.84
2022-03-30 05:53:44,545.9614773278363
2022-03-30 05:53:49,535.81
2022-03-30 05:53:54,535.84
2022-03-30 05:53:59,535.9
2022-03-30 05:54:04,545.9570577728474
2022-03-30 05:54:09,535.9
2022-03-30 05:54:14,535.84
2022-03-30 05:54:19,535.81
2022-03-30 05:54:24,535.81
2022-03-30 05:54:29,535.81
2022-03-30 05:54:34,545.9504284403641
2022-03-30 05:54:39,535.81
2022-03-30 05:54:44,545.9482186628696
2022-03-30 05:54:49,535.75
2022-03-30 05:54:54,535.68
2022-03-30 05:54:59,545.944903996628
2022-03-30 05:55:04,545.9437991078807
2022-03-30 05:55:09,535.58
2022-03-30 05:55:14,535.61
2022-03-30 05:55:19,545.9404844416391
2022-03-30 05:55:24,545.939379552892
2022-03-30 05:55:29,535.58
2022-03-30 05:55:34,535.58
2022-03-30 05:55:39,535.58
2022-03-30 05:55:44,545.9349599979031
2022-03-30 05:55:49,535.58
2022-03-30 05:55:54,535.58
2022-03-30 05:55:59,535.58
2022-03-30 05:56:04,545.9305404429142
2022-03-30 05:56:09,535.51
2022-03-30 05:56:14,535.51
2022-03-30 05:56:19,545.9272257766726
2022-03-30 05:56:24,535.58
2022-03-30 05:56:29,545.9250159991782
2022-03-30 05:56:34,535.57
2022-03-30 05:56:39,535.57
2022-03-30 05:56:44,535.57
2022-03-30 05:56:49,535.57
2022-03-30 05:56:54,535.57
2022-03-30 05:56:59,545.9183866666948
2022-03-30 05:57:04,535.57
2022-03-30 05:57:09,545.9161768892004
2022-03-30 05:57:14,535.57
2022-03-30 05:57:19,545.913967111706
2022-03-30 05:57:24,535.67
2022-03-30 05:57:29,535.6
2022-03-30 05:57:34,535.66
2022-03-30 05:57:39,545.9095475567171
2022-03-30 05:57:44,545.9084426679699
2022-03-30 05:57:49,545.9073377792226
2022-03-30 05:57:54,545.9062328904755
2022-03-30 05:57:59,535.83
2022-03-30 05:58:04,535.89
2022-03-30 05:58:09,545.9029182242339
2022-03-30 05:58:14,536.02
2022-03-30 05:58:19,536.08
2022-03-30 05:58:24,545.8996035579921
2022-03-30 05:58:29,545.898498669245
2022-03-30 05:58:34,536.18
2022-03-30 05:58:39,536.31
2022-03-30 05:58:44,536.34
2022-03-30 05:58:49,536.41
2022-03-30 05:58:54,545.8929742255089
2022-03-30 05:58:59,536.6
2022-03-30 05:59:04,545.8907644480145
2022-03-30 05:59:09,545.8896595592672
2022-03-30 05:59:14,536.76
2022-03-30 05:59:19,536.83
2022-03-30 05:59:24,545.8863448930256
2022-03-30 05:59:29,536.99
2022-03-30 05:59:34,545.8841351155312
2022-03-30 05:59:39,537.15
2022-03-30 05:59:44,545.8819253380367
2022-03-30 05:59:49,537.28
2022-03-30 05:59:54,545.8797155605423
2022-03-30 05:59:59,545.8786106717951
2022-03-30 06:00:04,537.5
2022-03-30 06:00:09,537.51
2022-03-30 06:00:14,537.67
2022-03-30 06:00:19,537.67
2022-03-30 06:00:24,537.8
2022-03-30 06:00:29,537.86
2022-03-30 06:00:34,545.8708764505645
2022-03-30 06:00:39,545.8697715618174
2022-03-30 06:00:44,538.02
2022-03-30 06:00:49,538.02
2022-03-30 06:00:54,545.8664568955758
2022-03-30 06:00:59,538.19
2022-03-30 06:01:04,538.19
2022-03-30 06:01:09,538.25
2022-03-30 06:01:14,538.32
2022-03-30 06:01:19,545.8609324518396
2022-03-30 06:01:24,538.38
2022-03-30 06:01:29,545.8587226743452
2022-03-30 06:01:34,545.857617785598
2022-03-30 06:01:39,538.54
2022-03-30 06:01:44,538.61
2022-03-30 06:01:49,538.67
2022-03-30 06:01:54,538.67
2022-03-30 06:01:59,538.71
2022-03-30 06:02:04,538.83
2022-03-30 06:02:09,538.77
2022-03-30 06:02:14,538.9
2022-03-30 06:02:19,538.9
2022-03-30 06:02:24,538.93
2022-03-30 06:02:29,539.0
2022-03-30 06:02:34,545.8443591206315
2022-03-30 06:02:39,539.13
2022-03-30 06:02:44,545.842149343137
2022-03-30 06:02:49,545.8410444543898
2022-03-30 06:02:54,539.29
2022-03-30 06:02:59,539.29
2022-03-30 06:03:04,539.35
2022-03-30 06:03:09,539.41
2022-03-30 06:03:14,545.8355200106537
2022-03-30 06:03:19,539.51
2022-03-30 06:03:24,539.58
2022-03-30 06:03:29,539.64
2022-03-30 06:03:34,539.7
2022-03-30 06:03:39,545.8299955669177
2022-03-30 06:03:44,539.8
2022-03-30 06:03:49,545.8277857894232
2022-03-30 06:03:54,545.8266809006759
2022-03-30 06:03:59,539.93
2022-03-30 06:04:04,539.93
2022-03-30 06:04:09,540.03
2022-03-30 06:04:14,545.8222613456871
2022-03-30 06:04:19,540.16
2022-03-30 06:04:24,540.16
2022-03-30 06:04:29,540.25
2022-03-30 06:04:34,540.25
2022-03-30 06:04:39,540.31
2022-03-30 06:04:44,545.8156320132038
2022-03-30 06:04:49,545.8145271244566
2022-03-30 06:04:54,540.54
2022-03-30 06:04:59,545.8123173469621
2022-03-30 06:05:04,545.811212458215
2022-03-30 06:05:09,545.8101075694677
2022-03-30 06:05:14,540.89
2022-03-30 06:05:19,540.95
2022-03-30 06:05:24,545.8067929032261
2022-03-30 06:05:29,545.8056880144788
2022-03-30 06:05:34,541.18
2022-03-30 06:05:39,541.28
2022-03-30 06:05:44,541.4
2022-03-30 06:05:49,545.80126845949
2022-03-30 06:05:54,541.63
2022-03-30 06:05:59,545.7990586819956
2022-03-30 06:06:04,541.85
2022-03-30 06:06:09,541.92
2022-03-30 06:06:14,545.7957440157539
2022-03-30 06:06:19,542.14
2022-03-30 06:06:24,545.7935342382596
2022-03-30 06:06:29,542.36
2022-03-30 06:06:34,542.52
2022-03-30 06:06:39,545.7902195720178
2022-03-30 06:06:44,542.78
2022-03-30 06:06:49,545.7881418022067
2022-03-30 06:06:54,545.7885033466364
2022-03-30 06:06:59,543.16
2022-03-30 06:07:04,545.789226435496
2022-03-30 06:07:09,543.39
2022-03-30 06:07:14,545.7899495243555
2022-03-30 06:07:19,543.61
2022-03-30 06:07:24,545.7906726132151
2022-03-30 06:07:29,543.84
2022-03-30 06:07:34,543.96
2022-03-30 06:07:39,545.7917572465043
2022-03-30 06:07:44,544.13
2022-03-30 06:07:49,544.25
2022-03-30 06:07:54,544.35
2022-03-30 06:07:59,544.42
2022-03-30 06:08:04,545.7935649686531
2022-03-30 06:08:09,544.54
2022-03-30 06:08:14,544.58
2022-03-30 06:08:19,545.7946496019424
2022-03-30 06:08:24,544.64
2022-03-30 06:08:29,544.58
2022-03-30 06:08:34,545.7957342352317
2022-03-30 06:08:39,545.7960957796614
2022-03-30 06:08:44,544.57
2022-03-30 06:08:49,545.796818868521
2022-03-30 06:08:54,544.54
2022-03-30 06:08:59,544.54
2022-03-30 06:09:04,544.54
2022-03-30 06:09:09,545.7982650462401
2022-03-30 06:09:14,544.42
2022-03-30 06:09:19,544.32
2022-03-30 06:09:24,544.25
2022-03-30 06:09:29,544.13
2022-03-30 06:09:34,545.8000727683889
2022-03-30 06:09:39,545.8004343128187
2022-03-30 06:09:44,545.8007958572484
2022-03-30 06:09:49,545.8011574016782
2022-03-30 06:09:54,545.8015189461079
2022-03-30 06:09:59,545.8018804905377
2022-03-30 06:10:04,545.8022420349674
2022-03-30 06:10:09,543.03
2022-03-30 06:10:14,545.802965123827
2022-03-30 06:10:19,542.65
2022-03-30 06:10:24,545.8036882126866
2022-03-30 06:10:29,545.8040497571162
2022-03-30 06:10:34,542.0
2022-03-30 06:10:39,541.78
2022-03-30 06:10:44,545.8051343904056
2022-03-30 06:10:49,541.27
2022-03-30 06:10:54,545.8058574792651
2022-03-30 06:10:59,545.8062190236949
2022-03-30 06:11:04,540.53
2022-03-30 06:11:09,540.24
2022-03-30 06:11:14,539.95
2022-03-30 06:11:19,539.63
2022-03-30 06:11:24,545.8080267458437
2022-03-30 06:11:29,539.05
2022-03-30 06:11:34,538.82
2022-03-30 06:11:39,545.8091113791329
2022-03-30 06:11:44,545.8094729235627
2022-03-30 06:11:49,545.8098344679925
2022-03-30 06:11:54,537.63
2022-03-30 06:11:59,537.38
2022-03-30 06:12:04,545.8109191012818
2022-03-30 06:12:09,536.77
2022-03-30 06:12:14,545.8116421901414
2022-03-30 06:12:19,545.812003734571
2022-03-30 06:12:24,545.8123652790008
2022-03-30 06:12:29,535.68
2022-03-30 06:12:34,545.8130883678604
2022-03-30 06:12:39,535.16
2022-03-30 06:12:44,545.8138114567199
2022-03-30 06:12:49,545.8141730011497
2022-03-30 06:12:54,534.36
2022-03-30 06:12:59,534.13
2022-03-30 06:13:04,533.84
2022-03-30 06:13:09,533.62
2022-03-30 06:13:14,533.46
2022-03-30 06:13:19,533.23
2022-03-30 06:13:24,533.01
2022-03-30 06:13:29,532.81
2022-03-30 06:13:34,532.59
2022-03-30 06:13:39,532.43
2022-03-30 06:13:44,532.24
2022-03-30 06:13:49,545.8185115343068
2022-03-30 06:13:54,531.85
2022-03-30 06:13:59,531.69
2022-03-30 06:14:04,531.5
2022-03-30 06:14:09,531.4
2022-03-30 06:14:14,545.8203192564556
2022-03-30 06:14:19,531.05
2022-03-30 06:14:24,530.89
2022-03-30 06:14:29,545.8214038897449
2022-03-30 06:14:34,545.8217654341747
2022-03-30 06:14:39,530.54
2022-03-30 06:14:44,530.44
2022-03-30 06:14:49,530.31
2022-03-30 06:14:54,530.15
2022-03-30 06:14:59,530.15
2022-03-30 06:15:04,530.09
2022-03-30 06:15:09,545.8242962451831
2022-03-30 06:15:14,529.93
2022-03-30 06:15:19,529.8
2022-03-30 06:15:24,529.8
2022-03-30 06:15:29,529.74
2022-03-30 06:15:34,529.67
2022-03-30 06:15:39,529.58
2022-03-30 06:15:44,545.8268270561914
2022-03-30 06:15:49,545.8271886006212
2022-03-30 06:15:54,529.45
2022-03-30 06:15:59,545.8279116894806
2022-03-30 06:16:04,529.42
2022-03-30 06:16:09,529.42
2022-03-30 06:16:14,529.35
2022-03-30 06:16:19,529.35
2022-03-30 06:16:24,529.29
2022-03-30 06:16:29,529.29
2022-03-30 06:16:34,545.830442500489
2022-03-30 06:16:39,529.29
2022-03-30 06:16:44,545.8311655893485
2022-03-30 06:16:49,529.29
2022-03-30 06:16:54,529.23
2022-03-30 06:16:59,529.23
2022-03-30 06:17:04,545.8326117670675
2022-03-30 06:17:09,529.13
2022-03-30 06:17:14,529.13
2022-03-30 06:17:19,545.8336964003569
2022-03-30 06:17:24,529.01
2022-03-30 06:17:29,529.01
2022-03-30 06:17:34,529.01
2022-03-30 06:17:39,529.01
2022-03-30 06:17:44,545.8355041225057
2022-03-30 06:17:49,528.92
2022-03-30 06:17:54,528.92
2022-03-30 06:17:59,528.85
2022-03-30 06:18:04,528.85
2022-03-30 06:18:09,545.8373118446546
2022-03-30 06:18:14,545.8376733890843
2022-03-30 06:18:19,545.838034933514
2022-03-30 06:18:24,528.66
2022-03-30 06:18:29,528.67
2022-03-30 06:18:34,528.63
2022-03-30 06:18:39,545.8394811112331
2022-03-30 06:18:44,528.57
2022-03-30 06:18:49,545.8402042000927
2022-03-30 06:18:54,545.8405657445223
2022-03-30 06:18:59,545.8409272889521
2022-03-30 06:19:04,528.45
2022-03-30 06:19:09,545.8416503778117
2022-03-30 06:19:14,545.8420119222415
2022-03-30 06:19:19,528.51
2022-03-30 06:19:24,545.842735011101
2022-03-30 06:19:29,545.8430965555307
2022-03-30 06:19:34,528.51
2022-03-30 06:19:39,545.8438196443902
2022-03-30 06:19:44,528.58
2022-03-30 06:19:49,528.58
2022-03-30 06:19:54,528.65
2022-03-30 06:19:59,545.8452658221094
2022-03-30 06:20:04,528.68
2022-03-30 06:20:09,545.8459889109688
2022-03-30 06:20:14,528.81
2022-03-30 06:20:19,528.94
2022-03-30 06:20:24,528.97
2022-03-30 06:20:29,529.04
2022-03-30 06:20:34,529.1
2022-03-30 06:20:39,529.16
2022-03-30 06:20:44,529.26
2022-03-30 06:20:49,529.33
2022-03-30 06:20:54,545.8486803022702
2022-03-30 06:20:59,529.49
2022-03-30 06:21:04,529.62
2022-03-30 06:21:09,545.7958695835465
2022-03-30 06:21:14,529.78
2022-03-30 06:21:19,529.97
2022-03-30 06:21:24,530.07
2022-03-30 06:21:29,530.2
2022-03-30 06:21:34,530.29
2022-03-30 06:21:39,545.690248146099
2022-03-30 06:21:44,530.58
2022-03-30 06:21:49,530.72
2022-03-30 06:21:54,530.81
2022-03-30 06:21:59,531.0
2022-03-30 06:22:04,545.6022302815594
2022-03-30 06:22:09,545.5846267086515
2022-03-30 06:22:14,531.45
2022-03-30 06:22:19,531.55
2022-03-30 06:22:24,545.5318159899277
2022-03-30 06:22:29,531.9
2022-03-30 06:22:34,532.06
2022-03-30 06:22:39,532.19
2022-03-30 06:22:44,532.35
2022-03-30 06:22:49,545.4437981253882
2022-03-30 06:22:54,545.4261945524802
2022-03-30 06:22:59,532.93
2022-03-30 06:23:04,533.09
2022-03-30 06:23:09,533.32
2022-03-30 06:23:14,533.58
2022-03-30 06:23:19,533.74
2022-03-30 06:23:24,533.96
2022-03-30 06:23:29,545.3029695421249
2022-03-30 06:23:34,534.35
2022-03-30 06:23:39,545.267762396309
2022-03-30 06:23:44,534.83
2022-03-30 06:23:49,534.99
2022-03-30 06:23:54,545.2149516775852
2022-03-30 06:23:59,535.51
2022-03-30 06:24:04,535.66
2022-03-30 06:24:09,535.89
2022-03-30 06:24:14,536.15
2022-03-30 06:24:19,536.31
2022-03-30 06:24:24,536.6
2022-03-30 06:24:29,536.76
2022-03-30 06:24:34,536.92
2022-03-30 06:24:39,545.0565195214139
2022-03-30 06:24:44,537.4
2022-03-30 06:24:49,545.0213123755981
2022-03-30 06:24:54,537.85
2022-03-30 06:24:59,538.07
2022-03-30 06:25:04,538.23
2022-03-30 06:25:09,544.9508980839664
2022-03-30 06:25:14,538.59
2022-03-30 06:25:19,544.9156909381506
2022-03-30 06:25:24,544.8980873652426
2022-03-30 06:25:29,544.8804837923346
2022-03-30 06:25:34,544.8628802194269
2022-03-30 06:25:39,539.55
2022-03-30 06:25:44,539.75
2022-03-30 06:25:49,539.91
2022-03-30 06:25:54,544.7924659277951
2022-03-30 06:25:59,540.29
2022-03-30 06:26:04,540.42
2022-03-30 06:26:09,544.7396552090714
2022-03-30 06:26:14,540.78
2022-03-30 06:26:19,540.87
2022-03-30 06:26:24,541.0
2022-03-30 06:26:29,541.16
2022-03-30 06:26:34,541.29
2022-03-30 06:26:39,544.6340337716239
2022-03-30 06:26:44,541.45
2022-03-30 06:26:49,544.5988266258081
2022-03-30 06:26:54,544.5812230529001
2022-03-30 06:26:59,541.74
2022-03-30 06:27:04,541.74
2022-03-30 06:27:09,544.5284123341763
2022-03-30 06:27:14,541.9
2022-03-30 06:27:19,541.9
2022-03-30 06:27:24,544.4756016154527
2022-03-30 06:27:29,541.9
2022-03-30 06:27:34,544.4403944696369
2022-03-30 06:27:39,541.91
2022-03-30 06:27:44,541.97
2022-03-30 06:27:49,544.3875837509131
2022-03-30 06:27:54,541.91
2022-03-30 06:27:59,541.91
2022-03-30 06:28:04,541.91
2022-03-30 06:28:09,541.91
2022-03-30 06:28:14,541.84
2022-03-30 06:28:19,541.81
2022-03-30 06:28:24,541.81
2022-03-30 06:28:29,541.75
2022-03-30 06:28:34,541.69
2022-03-30 06:28:39,541.69
2022-03-30 06:28:44,541.62
2022-03-30 06:28:49,541.56
2022-03-30 06:28:54,541.53
2022-03-30 06:28:59,541.46
2022-03-30 06:29:04,541.4
2022-03-30 06:29:09,541.3
2022-03-30 06:29:14,544.0883230114783
2022-03-30 06:29:19,544.0707194385703
2022-03-30 06:29:24,541.04
2022-03-30 06:29:29,544.0355122927546
2022-03-30 06:29:34,544.0179087198467
2022-03-30 06:29:39,544.0003051469388
2022-03-30 06:29:44,543.9827015740309
2022-03-30 06:29:49,540.66
2022-03-30 06:29:54,540.53
2022-03-30 06:29:59,540.37
2022-03-30 06:30:04,540.27
2022-03-30 06:30:09,543.8946837094913
2022-03-30 06:30:14,543.8770801365833
2022-03-30 06:30:19,539.98
2022-03-30 06:30:24,543.8418729907676
2022-03-30 06:30:29,543.8242694178596
2022-03-30 06:30:34,539.63
2022-03-30 06:30:39,539.5
2022-03-30 06:30:44,543.7714586991358
2022-03-30 06:30:49,539.27
2022-03-30 06:30:54,539.17
2022-03-30 06:30:59,539.05
2022-03-30 06:31:04,538.95
2022-03-30 06:31:09,538.89
2022-03-30 06:31:14,543.6658372616884
2022-03-30 06:31:19,543.6482336887804
2022-03-30 06:31:24,538.47
2022-03-30 06:31:29,543.6130265429646
2022-03-30 06:31:34,543.5954229700566
2022-03-30 06:31:39,538.08
2022-03-30 06:31:44,538.02
2022-03-30 06:31:49,537.92
2022-03-30 06:31:54,543.525008678425
2022-03-30 06:31:59,537.62
2022-03-30 06:32:04,537.5
2022-03-30 06:32:09,537.4
2022-03-30 06:32:14,537.27
2022-03-30 06:32:19,543.4369908138854
2022-03-30 06:32:24,536.98
2022-03-30 06:32:29,536.92
2022-03-30 06:32:34,543.3841800951616
2022-03-30 06:32:39,536.69
2022-03-30 06:32:44,536.59
2022-03-30 06:32:49,543.3313693764378
2022-03-30 06:32:54,536.37
2022-03-30 06:32:59,543.296162230622
2022-03-30 06:33:04,536.17
2022-03-30 06:33:09,543.2609550848063
2022-03-30 06:33:14,543.2433515118983
2022-03-30 06:33:19,535.85
2022-03-30 06:33:24,535.78
2022-03-30 06:33:29,535.65
2022-03-30 06:33:34,543.1729372202666
2022-03-30 06:33:39,535.55
2022-03-30 06:33:44,535.42
2022-03-30 06:33:49,535.33
2022-03-30 06:33:54,543.1025229286348
2022-03-30 06:33:59,535.13
2022-03-30 06:34:04,535.1
2022-03-30 06:34:09,543.049712209911
2022-03-30 06:34:14,534.97
2022-03-30 06:34:19,543.0145050640953
2022-03-30 06:34:24,542.9969014911874
2022-03-30 06:34:29,534.84
2022-03-30 06:34:34,534.8
2022-03-30 06:34:39,534.8
2022-03-30 06:34:44,534.74
2022-03-30 06:34:49,534.67
2022-03-30 06:34:54,534.61
2022-03-30 06:34:59,534.61
2022-03-30 06:35:04,542.8383047339736
2022-03-30 06:35:09,534.57
2022-03-30 06:35:14,542.7665602163728
2022-03-30 06:35:19,534.57
2022-03-30 06:35:24,534.57
2022-03-30 06:35:29,534.57
2022-03-30 06:35:34,534.57
2022-03-30 06:35:39,534.57
2022-03-30 06:35:44,542.5513266635701
2022-03-30 06:35:49,534.57
2022-03-30 06:35:54,542.479582145969
2022-03-30 06:35:59,534.6
2022-03-30 06:36:04,534.67
2022-03-30 06:36:09,534.67
2022-03-30 06:36:14,542.3360931107674
2022-03-30 06:36:19,542.3002208519669
2022-03-30 06:36:24,534.79
2022-03-30 06:36:29,542.2284763343661
2022-03-30 06:36:34,534.89
2022-03-30 06:36:39,534.89
2022-03-30 06:36:44,534.96
2022-03-30 06:36:49,534.96
2022-03-30 06:36:54,542.0491150403635
2022-03-30 06:36:59,535.02
2022-03-30 06:37:04,535.08
2022-03-30 06:37:09,535.12
2022-03-30 06:37:14,535.11
2022-03-30 06:37:19,535.12
2022-03-30 06:37:24,535.18
2022-03-30 06:37:29,541.7980092287606
2022-03-30 06:37:34,535.25
2022-03-30 06:37:39,541.7262647111595
2022-03-30 06:37:44,535.31
2022-03-30 06:37:49,535.34
2022-03-30 06:37:54,535.34
2022-03-30 06:37:59,535.34
2022-03-30 06:38:04,535.41
2022-03-30 06:38:09,535.41
2022-03-30 06:38:14,541.4751588995563
2022-03-30 06:38:19,535.47
2022-03-30 06:38:24,535.47
2022-03-30 06:38:29,535.47
2022-03-30 06:38:34,541.3316698643547
2022-03-30 06:38:39,535.47
2022-03-30 06:38:44,535.54
2022-03-30 06:38:49,541.2240530879533
2022-03-30 06:38:54,535.54
2022-03-30 06:38:59,535.54
2022-03-30 06:39:04,535.54
2022-03-30 06:39:09,541.0805640527514
2022-03-30 06:39:14,535.6
2022-03-30 06:39:19,535.61
2022-03-30 06:39:24,540.97294727635
2022-03-30 06:39:29,535.64
2022-03-30 06:39:34,535.61
2022-03-30 06:39:39,535.64
2022-03-30 06:39:44,535.61
2022-03-30 06:39:49,535.61
2022-03-30 06:39:54,540.7577137235473
2022-03-30 06:39:59,535.71
2022-03-30 06:40:04,540.6859692059465
2022-03-30 06:40:09,535.65
2022-03-30 06:40:14,540.6142246883454
2022-03-30 06:40:19,535.71
2022-03-30 06:40:24,540.5424801707446
2022-03-30 06:40:29,535.71
2022-03-30 06:40:34,535.65
2022-03-30 06:40:39,535.71
2022-03-30 06:40:44,535.62
2022-03-30 06:40:49,535.62
2022-03-30 06:40:54,540.3272466179419
2022-03-30 06:40:59,535.55
2022-03-30 06:41:04,540.2555021003411
2022-03-30 06:41:09,535.49
2022-03-30 06:41:14,535.42
2022-03-30 06:41:19,535.42
2022-03-30 06:41:24,535.33
2022-03-30 06:41:29,535.33
2022-03-30 06:41:34,535.26
2022-03-30 06:41:39,540.0043962887379
2022-03-30 06:41:44,539.9685240299373
2022-03-30 06:41:49,535.14
2022-03-30 06:41:54,535.1
2022-03-30 06:41:59,539.860907253536
2022-03-30 06:42:04,534.98
2022-03-30 06:42:09,539.7891627359352
2022-03-30 06:42:14,539.7532904771346
2022-03-30 06:42:19,539.717418218334
2022-03-30 06:42:24,539.6815459595338
2022-03-30 06:42:29,534.69
2022-03-30 06:42:34,534.62
2022-03-30 06:42:39,534.59
2022-03-30 06:42:44,534.59
2022-03-30 06:42:49,534.53
2022-03-30 06:42:54,534.53
2022-03-30 06:42:59,539.4304401479305
2022-03-30 06:43:04,534.4
2022-03-30 06:43:09,534.4
2022-03-30 06:43:14,539.3228233715291
2022-03-30 06:43:19,539.2869511127286
2022-03-30 06:43:24,534.34
2022-03-30 06:43:29,534.31
2022-03-30 06:43:34,539.1793343363272
2022-03-30 06:43:39,539.143462077527
2022-03-30 06:43:44,534.24
2022-03-30 06:43:49,534.25
2022-03-30 06:43:54,534.18
2022-03-30 06:43:59,538.9999730423251
2022-03-30 06:44:04,534.11
2022-03-30 06:44:09,534.12
2022-03-30 06:44:14,534.12
2022-03-30 06:44:19,538.8564840071232
2022-03-30 06:44:24,534.08
2022-03-30 06:44:29,538.7847394895224
2022-03-30 06:44:34,534.09
2022-03-30 06:44:39,534.02
2022-03-30 06:44:44,534.09
2022-03-30 06:44:49,534.12
2022-03-30 06:44:54,538.6053781955202
2022-03-30 06:44:59,534.12
2022-03-30 06:45:04,534.19
2022-03-30 06:45:09,534.12
2022-03-30 06:45:14,534.13
2022-03-30 06:45:19,534.19
2022-03-30 06:45:24,534.19
2022-03-30 06:45:29,538.354272383917
2022-03-30 06:45:34,534.25
2022-03-30 06:45:39,534.32
2022-03-30 06:45:44,534.32
2022-03-30 06:45:49,534.36
2022-03-30 06:45:54,534.42
2022-03-30 06:45:59,534.42
2022-03-30 06:46:04,534.49
2022-03-30 06:46:09,534.42
2022-03-30 06:46:14,534.55
2022-03-30 06:46:19,537.9955497959123
2022-03-30 06:46:24,534.55
2022-03-30 06:46:29,537.9238052783115
2022-03-30 06:46:34,534.62
2022-03-30 06:46:39,534.65
2022-03-30 06:46:44,537.8161885019102
2022-03-30 06:46:49,537.7803162431096
2022-03-30 06:46:54,534.72
2022-03-30 06:46:59,534.78
2022-03-30 06:47:04,537.6726994667083
2022-03-30 06:47:09,534.79
2022-03-30 06:47:14,534.85
2022-03-30 06:47:19,537.5650826903069
2022-03-30 06:47:24,534.88
2022-03-30 06:47:29,534.88
2022-03-30 06:47:34,537.4574659139056
2022-03-30 06:47:39,534.95
2022-03-30 06:47:44,535.01
2022-03-30 06:47:49,535.02
2022-03-30 06:47:54,535.08
2022-03-30 06:47:59,535.08
2022-03-30 06:48:04,535.08
2022-03-30 06:48:09,535.08
2022-03-30 06:48:14,537.1704878435021
2022-03-30 06:48:19,537.1346155847015
2022-03-30 06:48:24,535.08
2022-03-30 06:48:29,537.0628710671007
2022-03-30 06:48:34,535.02
2022-03-30 06:48:39,535.08
2022-03-30 06:48:44,535.02
2022-03-30 06:48:49,535.02
2022-03-30 06:48:54,534.95
2022-03-30 06:48:59,536.847637514298
2022-03-30 06:49:04,534.95
2022-03-30 06:49:09,536.8224612427413
2022-03-30 06:49:14,536.8375448163358
2022-03-30 06:49:19,534.85
2022-03-30 06:49:24,534.86
2022-03-30 06:49:29,534.85
2022-03-30 06:49:34,534.79
2022-03-30 06:49:39,534.73
2022-03-30 06:49:44,534.73
2022-03-30 06:49:49,534.66
2022-03-30 06:49:54,534.66
2022-03-30 06:49:59,534.66
2022-03-30 06:50:04,534.66
2022-03-30 06:50:09,534.63
2022-03-30 06:50:14,537.0185476994717
2022-03-30 06:50:19,537.0336312730664
2022-03-30 06:50:24,534.63
2022-03-30 06:50:29,537.0637984202556
2022-03-30 06:50:34,534.66
2022-03-30 06:50:39,537.093965567445
2022-03-30 06:50:44,537.1090491410396
2022-03-30 06:50:49,534.63
2022-03-30 06:50:54,534.62
2022-03-30 06:50:59,534.62
2022-03-30 06:51:04,534.56
2022-03-30 06:51:09,537.184467009013
2022-03-30 06:51:14,534.63
2022-03-30 06:51:19,534.62
2022-03-30 06:51:24,534.56
2022-03-30 06:51:29,537.2448013033917
2022-03-30 06:51:34,534.56
2022-03-30 06:51:39,534.49
2022-03-30 06:51:44,537.2900520241756
2022-03-30 06:51:49,534.49
2022-03-30 06:51:54,537.3202191713649
2022-03-30 06:51:59,537.3353027449596
2022-03-30 06:52:04,534.49
2022-03-30 06:52:09,534.49
2022-03-30 06:52:14,537.3805534657436
2022-03-30 06:52:19,537.3956370393381
2022-03-30 06:52:24,537.4107206129328
2022-03-30 06:52:29,534.49
2022-03-30 06:52:34,537.4408877601221
2022-03-30 06:52:39,534.49
2022-03-30 06:52:44,534.55
2022-03-30 06:52:49,534.55
2022-03-30 06:52:54,534.55
2022-03-30 06:52:59,537.5163056280954
2022-03-30 06:53:04,534.55
2022-03-30 06:53:09,534.54
2022-03-30 06:53:14,537.5615563488794
2022-03-30 06:53:19,537.576639922474
2022-03-30 06:53:24,534.64
2022-03-30 06:53:29,534.64
2022-03-30 06:53:34,534.71
2022-03-30 06:53:39,534.7
2022-03-30 06:53:44,537.6520577904473
2022-03-30 06:53:49,537.6671413640419
2022-03-30 06:53:54,534.83
2022-03-30 06:53:59,537.6973085112313
2022-03-30 06:54:04,534.93
2022-03-30 06:54:09,534.93
2022-03-30 06:54:14,537.7425592320153
2022-03-30 06:54:19,535.06
2022-03-30 06:54:24,535.12
2022-03-30 06:54:29,537.7878099527992
2022-03-30 06:54:34,535.22
2022-03-30 06:54:39,537.8179770999885
2022-03-30 06:54:44,535.28
2022-03-30 06:54:49,537.8481442471777
2022-03-30 06:54:54,537.8632278207725
2022-03-30 06:54:59,535.44
2022-03-30 06:55:04,537.8933949679617
2022-03-30 06:55:09,535.51
2022-03-30 06:55:14,537.9235621151512
2022-03-30 06:55:19,535.64
2022-03-30 06:55:24,535.64
2022-03-30 06:55:29,535.67
2022-03-30 06:55:34,537.9838964095298
2022-03-30 06:55:39,535.67
2022-03-30 06:55:44,535.73
2022-03-30 06:55:49,535.8
2022-03-30 06:55:54,535.8
2022-03-30 06:55:59,535.86
2022-03-30 06:56:04,535.89
2022-03-30 06:56:09,535.96
2022-03-30 06:56:14,535.9
2022-03-30 06:56:19,538.1196485718817
2022-03-30 06:56:24,536.03
2022-03-30 06:56:29,536.03
2022-03-30 06:56:34,536.09
2022-03-30 06:56:39,536.09
2022-03-30 06:56:44,536.15
2022-03-30 06:56:49,538.2101500134496
2022-03-30 06:56:54,538.2252335870442
2022-03-30 06:56:59,538.2403171606389
2022-03-30 06:57:04,536.09
2022-03-30 06:57:09,536.15
2022-03-30 06:57:14,538.2855678814228
2022-03-30 06:57:19,538.3006514550176
2022-03-30 06:57:24,538.3157350286122
2022-03-30 06:57:29,536.02
2022-03-30 06:57:34,538.3459021758015
2022-03-30 06:57:39,536.09
2022-03-30 06:57:44,535.96
2022-03-30 06:57:49,535.96
2022-03-30 06:57:54,536.02
2022-03-30 06:57:59,535.96
2022-03-30 06:58:04,538.4364036173695
2022-03-30 06:58:09,538.451487190964
2022-03-30 06:58:14,535.86
2022-03-30 06:58:19,538.4816543381535
2022-03-30 06:58:24,538.496737911748
2022-03-30 06:58:29,535.72
2022-03-30 06:58:34,538.5269050589374
2022-03-30 06:58:39,538.5419886325319
2022-03-30 06:58:44,535.63
2022-03-30 06:58:49,535.57
2022-03-30 06:58:54,538.5872393533159
2022-03-30 06:58:59,535.5
2022-03-30 06:59:04,535.44
2022-03-30 06:59:09,538.6324900740999
2022-03-30 06:59:14,535.33
2022-03-30 06:59:19,538.6626572212894
2022-03-30 06:59:24,535.27
2022-03-30 06:59:29,538.6928243684786
2022-03-30 06:59:34,538.7079079420732
2022-03-30 06:59:39,538.7229915156678
2022-03-30 06:59:44,535.11
2022-03-30 06:59:49,538.7531586628572
2022-03-30 06:59:54,534.98
2022-03-30 06:59:59,534.91
2022-03-30 07:00:04,538.7984093836412
2022-03-30 07:00:09,538.8134929572359
2022-03-30 07:00:14,534.75
2022-03-30 07:00:19,534.68
2022-03-30 07:00:24,534.62
2022-03-30 07:00:29,534.62
2022-03-30 07:00:34,534.58
2022-03-30 07:00:39,534.52
2022-03-30 07:00:44,534.45
2022-03-30 07:00:49,538.9341615459931
2022-03-30 07:00:54,538.9492451195878
2022-03-30 07:00:59,534.39
2022-03-30 07:01:04,534.32
2022-03-30 07:01:09,538.9944958403718
2022-03-30 07:01:14,534.28
2022-03-30 07:01:19,534.28
2022-03-30 07:01:24,534.15
2022-03-30 07:01:29,534.22
2022-03-30 07:01:34,534.15
2022-03-30 07:01:39,534.15
2022-03-30 07:01:44,539.1000808555343
2022-03-30 07:01:49,534.08
2022-03-30 07:01:54,539.1302480027236
2022-03-30 07:01:59,534.08
2022-03-30 07:02:04,534.04
2022-03-30 07:02:09,533.98
2022-03-30 07:02:14,534.04
2022-03-30 07:02:19,539.2056658706969
2022-03-30 07:02:24,533.97
2022-03-30 07:02:29,539.2358330178862
2022-03-30 07:02:34,533.97
2022-03-30 07:02:39,533.97
2022-03-30 07:02:44,533.97
2022-03-30 07:02:49,533.97
2022-03-30 07:02:54,533.97
2022-03-30 07:02:59,533.97
2022-03-30 07:03:04,534.03
2022-03-30 07:03:09,534.03
2022-03-30 07:03:14,534.03
2022-03-30 07:03:19,534.06
2022-03-30 07:03:24,534.06
2022-03-30 07:03:29,534.06
2022-03-30 07:03:34,534.06
2022-03-30 07:03:39,534.06
2022-03-30 07:03:44,534.12
2022-03-30 07:03:49,534.19
2022-03-30 07:03:54,534.19
2022-03-30 07:03:59,534.25
2022-03-30 07:04:04,539.764623692453
2022-03-30 07:04:09,534.28
2022-03-30 07:04:14,534.28
2022-03-30 07:04:19,534.34
2022-03-30 07:04:24,534.41
2022-03-30 07:04:29,534.47
2022-03-30 07:04:34,534.54
2022-03-30 07:04:39,534.57
2022-03-30 07:04:44,534.69
2022-03-30 07:04:49,534.76
2022-03-30 07:04:54,534.79
2022-03-30 07:04:59,534.86
2022-03-30 07:05:04,540.2133726408633
2022-03-30 07:05:09,535.05
2022-03-30 07:05:14,535.08
2022-03-30 07:05:19,540.3255598779659
2022-03-30 07:05:24,535.21
2022-03-30 07:05:29,535.31
2022-03-30 07:05:34,540.4377471150685
2022-03-30 07:05:39,535.5
2022-03-30 07:05:44,540.5125386064705
2022-03-30 07:05:49,540.5499343521711
2022-03-30 07:05:54,535.66
2022-03-30 07:05:59,535.79
2022-03-30 07:06:04,535.82
2022-03-30 07:06:09,535.89
2022-03-30 07:06:14,540.7369130806757
2022-03-30 07:06:19,540.7743088263763
2022-03-30 07:06:24,536.11
2022-03-30 07:06:29,536.24
2022-03-30 07:06:34,540.886496063479
2022-03-30 07:06:39,536.4
2022-03-30 07:06:44,540.9612875548809
2022-03-30 07:06:49,536.53
2022-03-30 07:06:54,541.0360790462825
2022-03-30 07:06:59,541.0734747919835
2022-03-30 07:07:04,541.110870537684
2022-03-30 07:07:09,536.85
2022-03-30 07:07:14,536.91
2022-03-30 07:07:19,536.98
2022-03-30 07:07:24,537.04
2022-03-30 07:07:29,537.04
2022-03-30 07:07:34,537.14
2022-03-30 07:07:39,537.14
2022-03-30 07:07:44,537.14
2022-03-30 07:07:49,537.27
2022-03-30 07:07:54,537.27
2022-03-30 07:07:59,541.5222237403938
2022-03-30 07:08:04,541.5596194860944
2022-03-30 07:08:09,541.5970152317955
2022-03-30 07:08:14,541.6344109774964
2022-03-30 07:08:19,537.36
2022-03-30 07:08:24,537.36
2022-03-30 07:08:29,537.43
2022-03-30 07:08:34,541.7839939603
2022-03-30 07:08:39,541.8213897060006
2022-03-30 07:08:44,541.8587854517016
2022-03-30 07:08:49,537.33
2022-03-30 07:08:54,537.33
2022-03-30 07:08:59,537.32
2022-03-30 07:09:04,542.0083684345052
2022-03-30 07:09:09,537.26
2022-03-30 07:09:14,537.26
2022-03-30 07:09:19,542.1205556716077
2022-03-30 07:09:24,542.1579514173084
2022-03-30 07:09:29,542.1953471630094
2022-03-30 07:09:34,542.2327429087103
2022-03-30 07:09:39,536.96
2022-03-30 07:09:44,536.96
2022-03-30 07:09:49,536.96
2022-03-30 07:09:54,536.83
2022-03-30 07:09:59,536.8
2022-03-30 07:10:04,542.4571173829155
2022-03-30 07:10:09,536.73
2022-03-30 07:10:14,542.5319088743171
2022-03-30 07:10:19,542.5693046200181
2022-03-30 07:10:24,536.57
2022-03-30 07:10:29,542.6440961114197
2022-03-30 07:10:34,536.5
2022-03-30 07:10:39,536.5
2022-03-30 07:10:44,536.44
2022-03-30 07:10:49,536.44
2022-03-30 07:10:54,536.37
2022-03-30 07:10:59,536.36
2022-03-30 07:11:04,536.36
2022-03-30 07:11:09,536.36
2022-03-30 07:11:14,542.9806578227275
2022-03-30 07:11:19,543.0180535684285
2022-03-30 07:11:24,543.0554493141291
2022-03-30 07:11:29,543.0928450598301
2022-03-30 07:11:34,536.3
2022-03-30 07:11:39,536.36
2022-03-30 07:11:44,543.2050322969327
2022-03-30 07:11:49,536.36
2022-03-30 07:11:54,536.36
2022-03-30 07:11:59,536.36
2022-03-30 07:12:04,543.3546152797362
2022-03-30 07:12:09,536.41
2022-03-30 07:12:14,536.35
2022-03-30 07:12:19,536.41
2022-03-30 07:12:24,536.48
2022-03-30 07:12:29,536.47
2022-03-30 07:12:34,536.48
2022-03-30 07:12:39,536.41
2022-03-30 07:12:44,543.653781245343
2022-03-30 07:12:49,536.47
2022-03-30 07:12:54,543.728572736745
2022-03-30 07:12:59,536.47
2022-03-30 07:13:04,543.8033642281466
2022-03-30 07:13:09,536.47
2022-03-30 07:13:14,536.47
2022-03-30 07:13:19,543.9155514652492
2022-03-30 07:13:24,536.46
2022-03-30 07:13:29,536.46
2022-03-30 07:13:34,536.46
2022-03-30 07:13:39,536.46
2022-03-30 07:13:44,544.1025301937534
2022-03-30 07:13:49,536.4
2022-03-30 07:13:54,536.4
2022-03-30 07:13:59,536.4
2022-03-30 07:14:04,536.39
2022-03-30 07:14:09,536.39
2022-03-30 07:14:14,536.33
2022-03-30 07:14:19,536.33
2022-03-30 07:14:24,544.4016961593605
2022-03-30 07:14:29,536.27
2022-03-30 07:14:34,536.23
2022-03-30 07:14:39,544.5138833964631
2022-03-30 07:14:44,544.5512791421637
2022-03-30 07:14:49,536.17
2022-03-30 07:14:54,536.17
2022-03-30 07:14:59,544.6634663792663
2022-03-30 07:15:04,536.17
2022-03-30 07:15:09,536.1
2022-03-30 07:15:14,536.1
2022-03-30 07:15:19,544.8130493620699
2022-03-30 07:15:24,544.850445107771
2022-03-30 07:15:29,544.8878408534715
2022-03-30 07:15:34,544.9252365991725
2022-03-30 07:15:39,536.0
2022-03-30 07:15:44,545.0000280905741
2022-03-30 07:15:49,535.94
2022-03-30 07:15:54,535.94
2022-03-30 07:15:59,535.94
2022-03-30 07:16:04,535.94
2022-03-30 07:16:09,535.94
2022-03-30 07:16:14,535.81
2022-03-30 07:16:19,535.88
2022-03-30 07:16:24,545.2991940561812
2022-03-30 07:16:29,535.75
2022-03-30 07:16:34,545.3739855475828
2022-03-30 07:16:39,535.75
2022-03-30 07:16:44,535.71
2022-03-30 07:16:49,535.71
2022-03-30 07:16:54,545.5235685303865
2022-03-30 07:16:59,535.58
2022-03-30 07:17:04,535.59
2022-03-30 07:17:09,535.59
2022-03-30 07:17:14,545.6731515131901
2022-03-30 07:17:19,535.59
2022-03-30 07:17:24,535.59
2022-03-30 07:17:29,545.6705936126696
2022-03-30 07:17:34,535.49
2022-03-30 07:17:39,535.52
2022-03-30 07:17:44,535.52
2022-03-30 07:17:49,535.52
2022-03-30 07:17:54,545.6524122105749
2022-03-30 07:17:59,535.59
2022-03-30 07:18:04,535.59
2022-03-30 07:18:09,535.59
2022-03-30 07:18:14,535.59
2022-03-30 07:18:19,545.6342308084801
2022-03-30 07:18:24,545.6305945280611
2022-03-30 07:18:29,535.65
2022-03-30 07:18:34,545.6233219672232
2022-03-30 07:18:39,545.6196856868042
2022-03-30 07:18:44,535.72
2022-03-30 07:18:49,535.72
2022-03-30 07:18:54,535.72
2022-03-30 07:18:59,535.72
2022-03-30 07:19:04,535.72
2022-03-30 07:19:09,535.72
2022-03-30 07:19:14,535.72
2022-03-30 07:19:19,535.75
2022-03-30 07:19:24,545.5869591630337
2022-03-30 07:19:29,535.75
2022-03-30 07:19:34,535.75
2022-03-30 07:19:39,545.576050321777
2022-03-30 07:19:44,545.572414041358
2022-03-30 07:19:49,535.82
2022-03-30 07:19:54,545.5651414805201
2022-03-30 07:19:59,535.82
2022-03-30 07:20:04,545.5578689196822
2022-03-30 07:20:09,535.95
2022-03-30 07:20:14,535.95
2022-03-30 07:20:19,536.01
2022-03-30 07:20:24,536.01
2022-03-30 07:20:29,545.5396875175874
2022-03-30 07:20:34,536.04
2022-03-30 07:20:39,536.04
2022-03-30 07:20:44,536.11
2022-03-30 07:20:49,536.11
2022-03-30 07:20:54,536.17
2022-03-30 07:20:59,536.24
2022-03-30 07:21:04,545.5142335546548
2022-03-30 07:21:09,545.5105972742358
2022-03-30 07:21:14,536.4
2022-03-30 07:21:19,536.4
2022-03-30 07:21:24,545.499688432979
2022-03-30 07:21:29,545.4960521525601
2022-03-30 07:21:34,536.56
2022-03-30 07:21:39,536.62
2022-03-30 07:21:44,536.69
2022-03-30 07:21:49,536.75
2022-03-30 07:21:54,536.75
2022-03-30 07:21:59,545.4742344700463
2022-03-30 07:22:04,545.4705981896274
2022-03-30 07:22:09,536.98
2022-03-30 07:22:14,536.98
2022-03-30 07:22:19,545.4596893483705
2022-03-30 07:22:24,545.4560530679516
2022-03-30 07:22:29,537.14
2022-03-30 07:22:34,545.4487805071137
2022-03-30 07:22:39,537.27
2022-03-30 07:22:44,545.4415079462758
2022-03-30 07:22:49,537.37
2022-03-30 07:22:54,537.43
2022-03-30 07:22:59,545.4305991050189
2022-03-30 07:23:04,537.56
2022-03-30 07:23:09,545.4233265441811
2022-03-30 07:23:14,537.73
2022-03-30 07:23:19,545.4160539833432
2022-03-30 07:23:24,545.4124177029242
2022-03-30 07:23:29,537.79
2022-03-30 07:23:34,537.83
2022-03-30 07:23:39,537.83
2022-03-30 07:23:44,545.3978725812484
2022-03-30 07:23:49,545.3942363008294
2022-03-30 07:23:54,537.96
2022-03-30 07:23:59,537.96
2022-03-30 07:24:04,545.3833274595726
2022-03-30 07:24:09,545.3796911791537
2022-03-30 07:24:14,537.89
2022-03-30 07:24:19,545.3724186183158
2022-03-30 07:24:24,537.96
2022-03-30 07:24:29,537.9
2022-03-30 07:24:34,537.96
2022-03-30 07:24:39,545.35787349664
2022-03-30 07:24:44,545.354237216221
2022-03-30 07:24:49,537.96
2022-03-30 07:24:54,537.9
2022-03-30 07:24:59,537.97
2022-03-30 07:25:04,537.97
2022-03-30 07:25:09,545.3360558141263
2022-03-30 07:25:14,545.3324195337074
2022-03-30 07:25:19,537.97
2022-03-30 07:25:24,538.03
2022-03-30 07:25:29,545.3215106924505
2022-03-30 07:25:34,538.1
2022-03-30 07:25:39,538.1
2022-03-30 07:25:44,545.3106018511936
2022-03-30 07:25:49,538.13
2022-03-30 07:25:54,538.13
2022-03-30 07:25:59,538.19
2022-03-30 07:26:04,538.26
2022-03-30 07:26:09,545.2924204490989
2022-03-30 07:26:14,538.33
2022-03-30 07:26:19,538.36
2022-03-30 07:26:24,545.281511607842
2022-03-30 07:26:29,538.42
2022-03-30 07:26:34,538.49
2022-03-30 07:26:39,538.55
2022-03-30 07:26:44,538.55
2022-03-30 07:26:49,538.62
2022-03-30 07:26:54,538.62
2022-03-30 07:26:59,545.2560576449094
2022-03-30 07:27:04,538.72
2022-03-30 07:27:09,538.78
2022-03-30 07:27:14,538.72
2022-03-30 07:27:19,538.78
2022-03-30 07:27:24,538.84
2022-03-30 07:27:29,538.88
2022-03-30 07:27:34,538.88
2022-03-30 07:27:39,545.2269674015578
2022-03-30 07:27:44,539.01
2022-03-30 07:27:49,539.01
2022-03-30 07:27:54,539.07
2022-03-30 07:27:59,539.13
2022-03-30 07:28:04,539.13
2022-03-30 07:28:09,539.16
2022-03-30 07:28:14,539.17
2022-03-30 07:28:19,539.16
2022-03-30 07:28:24,545.1942408777873
2022-03-30 07:28:29,545.1906045973683
2022-03-30 07:28:34,539.29
2022-03-30 07:28:39,539.29
2022-03-30 07:28:44,539.29
2022-03-30 07:28:49,539.29
2022-03-30 07:28:54,539.29
2022-03-30 07:28:59,539.36
2022-03-30 07:29:04,545.1651506344357
2022-03-30 07:29:09,539.35
2022-03-30 07:29:14,539.36
2022-03-30 07:29:19,539.29
2022-03-30 07:29:24,539.35
2022-03-30 07:29:29,539.29
2022-03-30 07:29:34,539.29
2022-03-30 07:29:39,539.29
2022-03-30 07:29:44,539.22
2022-03-30 07:29:49,539.22
2022-03-30 07:29:54,545.1287878302462
2022-03-30 07:29:59,539.12
2022-03-30 07:30:04,539.12
2022-03-30 07:30:09,539.06
2022-03-30 07:30:14,545.1142427085704
2022-03-30 07:30:19,538.99
2022-03-30 07:30:24,538.93
2022-03-30 07:30:29,538.86
2022-03-30 07:30:34,545.0996975868946
2022-03-30 07:30:39,538.83
2022-03-30 07:30:44,538.77
2022-03-30 07:30:49,545.0887887456378
2022-03-30 07:30:54,538.7
2022-03-30 07:30:59,538.61
2022-03-30 07:31:04,538.6
2022-03-30 07:31:09,538.54
2022-03-30 07:31:14,545.070607343543
2022-03-30 07:31:19,545.0669710631241
2022-03-30 07:31:24,545.0660435954428
2022-03-30 07:31:29,538.25
2022-03-30 07:31:34,538.19
2022-03-30 07:31:39,545.0661496346285
2022-03-30 07:31:44,545.0661849810236
2022-03-30 07:31:49,537.96
2022-03-30 07:31:54,537.9
2022-03-30 07:31:59,537.83
2022-03-30 07:32:04,545.0663263666045
2022-03-30 07:32:09,537.67
2022-03-30 07:32:14,545.066397059395
2022-03-30 07:32:19,537.61
2022-03-30 07:32:24,537.51
2022-03-30 07:32:29,537.51
2022-03-30 07:32:34,545.0665384449758
2022-03-30 07:32:39,537.38
2022-03-30 07:32:44,537.32
2022-03-30 07:32:49,537.32
2022-03-30 07:32:54,545.0666798305566
2022-03-30 07:32:59,545.0667151769518
2022-03-30 07:33:04,537.22
2022-03-30 07:33:09,537.16
2022-03-30 07:33:14,537.16
2022-03-30 07:33:19,545.0668565625326
2022-03-30 07:33:24,545.0668919089278
2022-03-30 07:33:29,537.06
2022-03-30 07:33:34,545.0669626017183
2022-03-30 07:33:39,537.0
2022-03-30 07:33:44,537.0
2022-03-30 07:33:49,536.94
2022-03-30 07:33:54,536.87
2022-03-30 07:33:59,536.87
2022-03-30 07:34:04,536.87
2022-03-30 07:34:09,545.0672100264848
2022-03-30 07:34:14,536.78
2022-03-30 07:34:19,536.78
2022-03-30 07:34:24,536.71
2022-03-30 07:34:29,545.0673514120656
2022-03-30 07:34:34,545.0673867584608
2022-03-30 07:34:39,536.65
2022-03-30 07:34:44,545.0674574512511
2022-03-30 07:34:49,536.58
2022-03-30 07:34:54,536.56
2022-03-30 07:34:59,536.56
2022-03-30 07:35:04,536.56
2022-03-30 07:35:09,536.49
2022-03-30 07:35:14,536.43
2022-03-30 07:35:19,536.43
2022-03-30 07:35:24,536.43
2022-03-30 07:35:29,536.43
2022-03-30 07:35:34,536.36
2022-03-30 07:35:39,536.43
2022-03-30 07:35:44,536.36
2022-03-30 07:35:49,536.37
2022-03-30 07:35:54,545.0679523007841
2022-03-30 07:35:59,545.0679876471793
2022-03-30 07:36:04,536.3
2022-03-30 07:36:09,536.3
2022-03-30 07:36:14,536.3
2022-03-30 07:36:19,536.3
2022-03-30 07:36:24,536.3
2022-03-30 07:36:29,536.3
2022-03-30 07:36:34,536.27
2022-03-30 07:36:39,545.068270418341
2022-03-30 07:36:44,536.2
2022-03-30 07:36:49,536.27
2022-03-30 07:36:54,545.0683764575266
2022-03-30 07:36:59,545.0684118039219
2022-03-30 07:37:04,536.08
2022-03-30 07:37:09,536.04
2022-03-30 07:37:14,535.98
2022-03-30 07:37:19,535.85
2022-03-30 07:37:24,545.0685885358979
2022-03-30 07:37:29,545.0686238822931
2022-03-30 07:37:34,535.62
2022-03-30 07:37:39,535.56
2022-03-30 07:37:44,535.53
2022-03-30 07:37:49,535.4
2022-03-30 07:37:54,545.0688006142691
2022-03-30 07:37:59,545.0688359606644
2022-03-30 07:38:04,535.17
2022-03-30 07:38:09,535.04
2022-03-30 07:38:14,534.95
2022-03-30 07:38:19,534.81
2022-03-30 07:38:24,534.75
2022-03-30 07:38:29,534.59
2022-03-30 07:38:34,534.52
2022-03-30 07:38:39,534.36
2022-03-30 07:38:44,534.23
2022-03-30 07:38:49,534.14
2022-03-30 07:38:54,534.07
2022-03-30 07:38:59,533.97
2022-03-30 07:39:04,533.91
2022-03-30 07:39:09,533.78
2022-03-30 07:39:14,533.72
2022-03-30 07:39:19,545.0694015029877
2022-03-30 07:39:24,533.55
2022-03-30 07:39:29,533.49
2022-03-30 07:39:34,533.46
2022-03-30 07:39:39,533.33
2022-03-30 07:39:44,533.26
2022-03-30 07:39:49,545.0696135813589
2022-03-30 07:39:54,533.19
2022-03-30 07:39:59,533.16
2022-03-30 07:40:04,533.16
2022-03-30 07:40:09,533.1
2022-03-30 07:40:14,533.03
2022-03-30 07:40:19,533.03
2022-03-30 07:40:24,533.03
2022-03-30 07:40:29,532.97
2022-03-30 07:40:34,532.96
2022-03-30 07:40:39,532.93
2022-03-30 07:40:44,545.0700023917062
2022-03-30 07:40:49,532.86
2022-03-30 07:40:54,532.93
2022-03-30 07:40:59,532.93
2022-03-30 07:41:04,532.86
2022-03-30 07:41:09,532.86
2022-03-30 07:41:14,532.93
2022-03-30 07:41:19,532.86
2022-03-30 07:41:24,532.92
2022-03-30 07:41:29,532.92
2022-03-30 07:41:34,532.86
2022-03-30 07:41:39,545.0703912020535
2022-03-30 07:41:44,545.0704265484488
2022-03-30 07:41:49,532.86
2022-03-30 07:41:54,532.79
2022-03-30 07:41:59,532.79
2022-03-30 07:42:04,532.79
2022-03-30 07:42:09,545.0706032804248
2022-03-30 07:42:14,545.07063862682
2022-03-30 07:42:19,545.0706739732152
2022-03-30 07:42:24,532.73
2022-03-30 07:42:29,545.0707446660057
2022-03-30 07:42:34,532.67
2022-03-30 07:42:39,532.67
2022-03-30 07:42:44,532.67
2022-03-30 07:42:49,545.0708860515865
2022-03-30 07:42:54,545.0709213979817
2022-03-30 07:42:59,545.0709567443769
2022-03-30 07:43:04,532.57
2022-03-30 07:43:09,532.57
2022-03-30 07:43:14,545.0710627835625
2022-03-30 07:43:19,532.5
2022-03-30 07:43:24,545.071133476353
2022-03-30 07:43:29,532.44
2022-03-30 07:43:34,545.0712041691434
2022-03-30 07:43:39,532.41
2022-03-30 07:43:44,545.0712748619338
2022-03-30 07:43:49,532.35
2022-03-30 07:43:54,532.35
2022-03-30 07:43:59,545.0713809011195
2022-03-30 07:44:04,532.28
2022-03-30 07:44:09,532.22
2022-03-30 07:44:14,545.071486940305
2022-03-30 07:44:19,532.16
2022-03-30 07:44:24,532.13
2022-03-30 07:44:29,532.13
2022-03-30 07:44:34,545.071628325886
2022-03-30 07:44:39,545.0716636722811
2022-03-30 07:44:44,532.0
2022-03-30 07:44:49,531.94
2022-03-30 07:44:54,545.0717697114668
2022-03-30 07:44:59,545.071805057862
2022-03-30 07:45:04,531.84
2022-03-30 07:45:09,531.84
2022-03-30 07:45:14,531.71
2022-03-30 07:45:19,531.65
2022-03-30 07:45:24,531.61
2022-03-30 07:45:29,531.55
2022-03-30 07:45:34,545.0616860017894
2022-03-30 07:45:39,531.42
2022-03-30 07:45:44,531.39
2022-03-30 07:45:49,531.33
2022-03-30 07:45:54,531.26
2022-03-30 07:45:59,545.0309928520131
2022-03-30 07:46:04,531.1
2022-03-30 07:46:09,531.1
2022-03-30 07:46:14,530.98
2022-03-30 07:46:19,530.88
2022-03-30 07:46:24,530.81
2022-03-30 07:46:29,530.75
2022-03-30 07:46:34,530.69
2022-03-30 07:46:39,530.62
2022-03-30 07:46:44,544.9757451824157
2022-03-30 07:46:49,530.53
2022-03-30 07:46:54,530.46
2022-03-30 07:46:59,530.37
2022-03-30 07:47:04,530.3
2022-03-30 07:47:09,530.24
2022-03-30 07:47:14,544.9389134026842
2022-03-30 07:47:19,544.932774772729
2022-03-30 07:47:24,530.08
2022-03-30 07:47:29,530.01
2022-03-30 07:47:34,529.89
2022-03-30 07:47:39,529.86
2022-03-30 07:47:44,529.86
2022-03-30 07:47:49,544.8959429929973
2022-03-30 07:47:54,529.66
2022-03-30 07:47:59,544.8836657330868
2022-03-30 07:48:04,529.66
2022-03-30 07:48:09,529.6
2022-03-30 07:48:14,529.6
2022-03-30 07:48:19,529.57
2022-03-30 07:48:24,544.8529725833106
2022-03-30 07:48:29,529.57
2022-03-30 07:48:34,529.51
2022-03-30 07:48:39,544.8345566934447
2022-03-30 07:48:44,529.51
2022-03-30 07:48:49,544.8222794335342
2022-03-30 07:48:54,529.57
2022-03-30 07:48:59,544.8100021736237
2022-03-30 07:49:04,529.57
2022-03-30 07:49:09,529.57
2022-03-30 07:49:14,529.57
2022-03-30 07:49:19,529.57
2022-03-30 07:49:24,529.61
2022-03-30 07:49:29,529.61
2022-03-30 07:49:34,544.7670317639369
2022-03-30 07:49:39,544.7608931339817
2022-03-30 07:49:44,529.67
2022-03-30 07:49:49,544.748615874071
2022-03-30 07:49:54,529.87
2022-03-30 07:49:59,529.87
2022-03-30 07:50:04,529.9
2022-03-30 07:50:09,529.97
2022-03-30 07:50:14,544.7179227242948
2022-03-30 07:50:19,530.1
2022-03-30 07:50:24,530.13
2022-03-30 07:50:29,544.6995068344289
2022-03-30 07:50:34,530.26
2022-03-30 07:50:39,544.6872295745185
2022-03-30 07:50:44,530.42
2022-03-30 07:50:49,544.6749523146079
2022-03-30 07:50:54,530.55
2022-03-30 07:50:59,530.65
2022-03-30 07:51:04,530.71
2022-03-30 07:51:09,530.84
2022-03-30 07:51:14,530.91
2022-03-30 07:51:19,544.6381205348763
2022-03-30 07:51:24,531.13
2022-03-30 07:51:29,531.23
2022-03-30 07:51:34,531.43
2022-03-30 07:51:39,544.6135660150553
2022-03-30 07:51:44,531.65
2022-03-30 07:51:49,531.82
2022-03-30 07:51:54,531.94
2022-03-30 07:51:59,532.11
2022-03-30 07:52:04,544.582872865279
2022-03-30 07:52:09,544.5767342353237
2022-03-30 07:52:14,532.62
2022-03-30 07:52:19,532.79
2022-03-30 07:52:24,544.5583183454579
2022-03-30 07:52:29,533.14
2022-03-30 07:52:34,533.37
2022-03-30 07:52:39,544.5399024555921
2022-03-30 07:52:44,544.5337638256369
2022-03-30 07:52:49,544.5276251956816
2022-03-30 07:52:54,544.5214865657263
2022-03-30 07:52:59,534.18
2022-03-30 07:53:04,534.34
2022-03-30 07:53:09,534.53
2022-03-30 07:53:14,544.4969320459053
2022-03-30 07:53:19,534.86
2022-03-30 07:53:24,544.4846547859947
2022-03-30 07:53:29,544.4785161560395
2022-03-30 07:53:34,535.31
2022-03-30 07:53:39,535.51
2022-03-30 07:53:44,544.4601002661738
2022-03-30 07:53:49,544.4539616362184
2022-03-30 07:53:54,535.96
2022-03-30 07:53:59,536.12
2022-03-30 07:54:04,536.25
2022-03-30 07:54:09,536.34
2022-03-30 07:54:14,544.4232684864421
2022-03-30 07:54:19,536.63
2022-03-30 07:54:24,536.76
2022-03-30 07:54:29,536.86
2022-03-30 07:54:34,537.05
2022-03-30 07:54:39,537.21
2022-03-30 07:54:44,544.3864367067106
2022-03-30 07:54:49,537.44
2022-03-30 07:54:54,544.3741594468
2022-03-30 07:54:59,537.67
2022-03-30 07:55:04,544.3618821868895
2022-03-30 07:55:09,537.86
2022-03-30 07:55:14,544.349604926979
2022-03-30 07:55:19,538.09
2022-03-30 07:55:24,538.18
2022-03-30 07:55:29,544.3311890371132
2022-03-30 07:55:34,538.31
2022-03-30 07:55:39,538.41
2022-03-30 07:55:44,538.47
2022-03-30 07:55:49,538.54
2022-03-30 07:55:54,544.3004958873369
2022-03-30 07:55:59,538.67
2022-03-30 07:56:04,538.76
2022-03-30 07:56:09,544.2820799974711
2022-03-30 07:56:14,538.89
2022-03-30 07:56:19,544.2698027375606
2022-03-30 07:56:24,539.05
2022-03-30 07:56:29,539.12
2022-03-30 07:56:34,539.12
2022-03-30 07:56:39,544.2452482177395
2022-03-30 07:56:44,544.2391095877842
2022-03-30 07:56:49,539.28
2022-03-30 07:56:54,539.34
2022-03-30 07:56:59,544.2206936979185
2022-03-30 07:57:04,539.5
2022-03-30 07:57:09,539.5
2022-03-30 07:57:14,544.2022778080527
2022-03-30 07:57:19,544.1961391780974
2022-03-30 07:57:24,539.63
2022-03-30 07:57:29,539.7
2022-03-30 07:57:34,539.7
2022-03-30 07:57:39,539.69
2022-03-30 07:57:44,539.79
2022-03-30 07:57:49,544.1593073983659
2022-03-30 07:57:54,539.79
2022-03-30 07:57:59,544.1470301384553
2022-03-30 07:58:04,539.85
2022-03-30 07:58:09,539.85
2022-03-30 07:58:14,539.92
2022-03-30 07:58:19,539.92
2022-03-30 07:58:24,539.91
2022-03-30 07:58:29,544.1101983587237
2022-03-30 07:58:34,539.95
2022-03-30 07:58:39,539.95
2022-03-30 07:58:44,539.95
2022-03-30 07:58:49,540.01
2022-03-30 07:58:54,539.95
2022-03-30 07:58:59,540.01
2022-03-30 07:59:04,540.01
2022-03-30 07:59:09,540.07
2022-03-30 07:59:14,540.01
2022-03-30 07:59:19,544.0488120591712
2022-03-30 07:59:24,540.07
2022-03-30 07:59:29,544.0365347992606
2022-03-30 07:59:34,540.07
2022-03-30 07:59:39,540.07
2022-03-30 07:59:44,540.07
2022-03-30 07:59:49,543.9604060062171
2022-03-30 07:59:54,540.07
2022-03-30 07:59:59,543.9196374450993
2022-03-30 08:00:04,543.8992531645405
2022-03-30 08:00:09,543.8788688839816
2022-03-30 08:00:14,540.07
2022-03-30 08:00:19,540.07
2022-03-30 08:00:24,540.07
2022-03-30 08:00:29,540.07
2022-03-30 08:00:34,540.07
2022-03-30 08:00:39,540.07
2022-03-30 08:00:44,540.07
2022-03-30 08:00:49,543.7157946395104
2022-03-30 08:00:54,540.14
2022-03-30 08:00:59,540.07
2022-03-30 08:01:04,540.13
2022-03-30 08:01:09,543.6342575172749
2022-03-30 08:01:14,540.07
2022-03-30 08:01:19,543.593488956157
2022-03-30 08:01:24,540.14
2022-03-30 08:01:29,540.07
2022-03-30 08:01:34,543.5323361144804
2022-03-30 08:01:39,540.14
2022-03-30 08:01:44,540.07
2022-03-30 08:01:49,540.14
2022-03-30 08:01:54,543.4507989922449
2022-03-30 08:01:59,540.14
2022-03-30 08:02:04,540.08
2022-03-30 08:02:09,540.08
2022-03-30 08:02:14,540.08
2022-03-30 08:02:19,540.08
2022-03-30 08:02:24,543.3284933088917
2022-03-30 08:02:29,540.08
2022-03-30 08:02:34,540.15
2022-03-30 08:02:39,540.15
2022-03-30 08:02:44,540.15
2022-03-30 08:02:49,540.15
2022-03-30 08:02:54,543.2061876255383
2022-03-30 08:02:59,540.21
2022-03-30 08:03:04,543.1654190644203
2022-03-30 08:03:09,540.15
2022-03-30 08:03:14,540.22
2022-03-30 08:03:19,540.15
2022-03-30 08:03:24,543.083881942185
2022-03-30 08:03:29,543.063497661626
2022-03-30 08:03:34,540.22
2022-03-30 08:03:39,540.22
2022-03-30 08:03:44,540.15
2022-03-30 08:03:49,540.22
2022-03-30 08:03:54,540.22
2022-03-30 08:03:59,540.16
2022-03-30 08:04:04,540.16
2022-03-30 08:04:09,540.16
2022-03-30 08:04:14,540.16
2022-03-30 08:04:19,540.16
2022-03-30 08:04:24,540.16
2022-03-30 08:04:29,540.16
2022-03-30 08:04:34,540.1
2022-03-30 08:04:39,540.1
2022-03-30 08:04:44,540.03
2022-03-30 08:04:49,542.7373491726838
2022-03-30 08:04:54,542.716964892125
2022-03-30 08:04:59,539.97
2022-03-30 08:05:04,539.94
2022-03-30 08:05:09,542.6558120504482
2022-03-30 08:05:14,539.88
2022-03-30 08:05:19,542.6150434893304
2022-03-30 08:05:24,542.5946592087715
2022-03-30 08:05:29,539.72
2022-03-30 08:05:34,539.72
2022-03-30 08:05:39,539.66
2022-03-30 08:05:44,542.5131220865361
2022-03-30 08:05:49,539.59
2022-03-30 08:05:54,539.53
2022-03-30 08:05:59,539.47
2022-03-30 08:06:04,539.44
2022-03-30 08:06:09,539.37
2022-03-30 08:06:14,539.31
2022-03-30 08:06:19,539.24
2022-03-30 08:06:24,539.22
2022-03-30 08:06:29,542.3296635615061
2022-03-30 08:06:34,542.3092792809472
2022-03-30 08:06:39,539.09
2022-03-30 08:06:44,538.93
2022-03-30 08:06:49,538.93
2022-03-30 08:06:54,538.8
2022-03-30 08:06:59,538.8
2022-03-30 08:07:04,538.71
2022-03-30 08:07:09,538.64
2022-03-30 08:07:14,538.58
2022-03-30 08:07:19,538.45
2022-03-30 08:07:24,538.42
2022-03-30 08:07:29,538.35
2022-03-30 08:07:34,542.0646679142405
2022-03-30 08:07:39,538.2
2022-03-30 08:07:44,542.0238993531228
2022-03-30 08:07:49,538.01
2022-03-30 08:07:54,541.983130792005
2022-03-30 08:07:59,541.9627465114462
2022-03-30 08:08:04,541.9423622308873
2022-03-30 08:08:09,537.72
2022-03-30 08:08:14,537.62
2022-03-30 08:08:19,541.8812093892105
2022-03-30 08:08:24,541.8608251086516
2022-03-30 08:08:29,537.4
2022-03-30 08:08:34,541.8200565475339
2022-03-30 08:08:39,537.21
2022-03-30 08:08:44,537.18
2022-03-30 08:08:49,541.7589037058573
2022-03-30 08:08:54,541.7385194252984
2022-03-30 08:08:59,536.89
2022-03-30 08:09:04,541.6977508641806
2022-03-30 08:09:09,536.83
2022-03-30 08:09:14,536.71
2022-03-30 08:09:19,536.67
2022-03-30 08:09:24,536.55
2022-03-30 08:09:29,541.5958294613861
2022-03-30 08:09:34,536.42
2022-03-30 08:09:39,541.5550609002684
2022-03-30 08:09:44,536.26
2022-03-30 08:09:49,541.5142923391506
2022-03-30 08:09:54,536.1
2022-03-30 08:09:59,536.04
2022-03-30 08:10:04,541.453139497474
2022-03-30 08:10:09,535.88
2022-03-30 08:10:14,535.82
2022-03-30 08:10:19,535.82
2022-03-30 08:10:24,535.76
2022-03-30 08:10:29,535.69
2022-03-30 08:10:34,535.67
2022-03-30 08:10:39,535.67
2022-03-30 08:10:44,541.2900652530028
2022-03-30 08:10:49,535.54
2022-03-30 08:10:54,535.54
2022-03-30 08:10:59,535.48
2022-03-30 08:11:04,535.41
2022-03-30 08:11:09,535.41
2022-03-30 08:11:14,535.38
2022-03-30 08:11:19,541.1473752890907
2022-03-30 08:11:24,535.32
2022-03-30 08:11:29,535.32
2022-03-30 08:11:34,535.26
2022-03-30 08:11:39,535.2
2022-03-30 08:11:44,535.2
2022-03-30 08:11:49,541.0250696057374
2022-03-30 08:11:54,535.17
2022-03-30 08:11:59,540.9843010446195
2022-03-30 08:12:04,535.17
2022-03-30 08:12:09,535.17
2022-03-30 08:12:14,540.9231482029428
2022-03-30 08:12:19,535.11
2022-03-30 08:12:24,535.11
2022-03-30 08:12:29,535.11
2022-03-30 08:12:34,535.11
2022-03-30 08:12:39,535.11
2022-03-30 08:12:44,535.11
2022-03-30 08:12:49,535.05
2022-03-30 08:12:54,540.7600739584718
2022-03-30 08:12:59,535.11
2022-03-30 08:13:04,535.12
2022-03-30 08:13:09,535.18
2022-03-30 08:13:14,535.12
2022-03-30 08:13:19,535.05
2022-03-30 08:13:24,535.12
2022-03-30 08:13:29,540.6173839945595
2022-03-30 08:13:34,535.12
2022-03-30 08:13:39,540.5927367337413
2022-03-30 08:13:44,535.12
2022-03-30 08:13:49,540.6093757297875
2022-03-30 08:13:54,540.6176952278105
2022-03-30 08:13:59,535.19
2022-03-30 08:14:04,540.6343342238566
2022-03-30 08:14:09,535.12
2022-03-30 08:14:14,540.6509732199027
2022-03-30 08:14:19,540.6592927179257
2022-03-30 08:14:24,540.6676122159488
2022-03-30 08:14:29,535.19
2022-03-30 08:14:34,535.19
2022-03-30 08:14:39,535.19
2022-03-30 08:14:44,535.19
2022-03-30 08:14:49,540.709209706064
2022-03-30 08:14:54,540.717529204087
2022-03-30 08:14:59,535.19
2022-03-30 08:15:04,535.19
2022-03-30 08:15:09,535.19
2022-03-30 08:15:14,535.13
2022-03-30 08:15:19,535.13
2022-03-30 08:15:24,540.7674461922253
2022-03-30 08:15:29,535.13
2022-03-30 08:15:34,540.7840851882714
2022-03-30 08:15:39,540.7924046862945
2022-03-30 08:15:44,535.13
2022-03-30 08:15:49,535.13
2022-03-30 08:15:54,540.8173631803636
2022-03-30 08:15:59,540.8256826783867
2022-03-30 08:16:04,535.13
2022-03-30 08:16:09,535.13
2022-03-30 08:16:14,535.14
2022-03-30 08:16:19,540.8589606704788
2022-03-30 08:16:24,535.14
2022-03-30 08:16:29,535.07
2022-03-30 08:16:34,535.14
2022-03-30 08:16:39,540.892238662571
2022-03-30 08:16:44,535.08
2022-03-30 08:16:49,535.14
2022-03-30 08:16:54,540.9171971566402
2022-03-30 08:16:59,535.14
2022-03-30 08:17:04,540.9338361526864
2022-03-30 08:17:09,535.14
2022-03-30 08:17:14,535.08
2022-03-30 08:17:19,535.15
2022-03-30 08:17:24,540.9671141447784
2022-03-30 08:17:29,535.08
2022-03-30 08:17:34,535.08
2022-03-30 08:17:39,535.15
2022-03-30 08:17:44,541.0003921368707
2022-03-30 08:17:49,541.0087116348938
2022-03-30 08:17:54,535.09
2022-03-30 08:17:59,535.09
2022-03-30 08:18:04,535.09
2022-03-30 08:18:09,535.16
2022-03-30 08:18:14,535.16
2022-03-30 08:18:19,535.16
2022-03-30 08:18:24,541.0669481210551
2022-03-30 08:18:29,541.0752676190781
2022-03-30 08:18:34,535.23
2022-03-30 08:18:39,535.16
2022-03-30 08:18:44,535.23
2022-03-30 08:18:49,535.16
2022-03-30 08:18:54,535.23
2022-03-30 08:18:59,535.23
2022-03-30 08:19:04,541.1335041052395
2022-03-30 08:19:09,541.1418236032625
2022-03-30 08:19:14,535.27
2022-03-30 08:19:19,541.1584625993086
2022-03-30 08:19:24,535.24
2022-03-30 08:19:29,541.1751015953546
2022-03-30 08:19:34,535.27
2022-03-30 08:19:39,535.24
2022-03-30 08:19:44,535.27
2022-03-30 08:19:49,541.2083795874469
2022-03-30 08:19:54,541.2166990854699
2022-03-30 08:19:59,535.28
2022-03-30 08:20:04,535.34
2022-03-30 08:20:09,535.34
2022-03-30 08:20:14,541.2499770775621
2022-03-30 08:20:19,535.28
2022-03-30 08:20:24,535.35
2022-03-30 08:20:29,535.28
2022-03-30 08:20:34,535.35
2022-03-30 08:20:39,535.35
2022-03-30 08:20:44,535.35
2022-03-30 08:20:49,535.29
2022-03-30 08:20:54,541.3165330617464
2022-03-30 08:20:59,535.35
2022-03-30 08:21:04,535.42
2022-03-30 08:21:09,541.3414915558157
2022-03-30 08:21:14,535.36
2022-03-30 08:21:19,535.36
2022-03-30 08:21:24,541.3664500498847
2022-03-30 08:21:29,535.36
2022-03-30 08:21:34,541.3830890459309
2022-03-30 08:21:39,535.36
2022-03-30 08:21:44,535.36
2022-03-30 08:21:49,541.40804754
2022-03-30 08:21:54,535.36
2022-03-30 08:21:59,535.36
2022-03-30 08:22:04,541.4330060340691
2022-03-30 08:22:09,541.4413255320922
2022-03-30 08:22:14,535.36
2022-03-30 08:22:19,541.4579645281383
2022-03-30 08:22:24,541.4662840261614
2022-03-30 08:22:29,535.36
2022-03-30 08:22:34,535.36
2022-03-30 08:22:39,535.36
2022-03-30 08:22:44,535.3
2022-03-30 08:22:49,535.36
2022-03-30 08:22:54,535.37
2022-03-30 08:22:59,541.5245205123227
2022-03-30 08:23:04,541.5328400103457
2022-03-30 08:23:09,535.3
2022-03-30 08:23:14,535.37
2022-03-30 08:23:19,535.31
2022-03-30 08:23:24,535.31
2022-03-30 08:23:29,541.5744375004609
2022-03-30 08:23:34,535.27
2022-03-30 08:23:39,541.5910764965071
2022-03-30 08:23:44,535.27
2022-03-30 08:23:49,535.21
2022-03-30 08:23:54,535.21
2022-03-30 08:23:59,535.21
2022-03-30 08:24:04,535.15
2022-03-30 08:24:09,541.6409934846454
2022-03-30 08:24:14,535.15
2022-03-30 08:24:19,535.15
2022-03-30 08:24:24,541.6659519787145
2022-03-30 08:24:29,535.08
2022-03-30 08:24:34,535.02
2022-03-30 08:24:39,541.6909104727836
2022-03-30 08:24:44,534.99
2022-03-30 08:24:49,534.99
2022-03-30 08:24:54,534.92
2022-03-30 08:24:59,534.86
2022-03-30 08:25:04,541.7325079628988
2022-03-30 08:25:09,534.79
2022-03-30 08:25:14,534.76
2022-03-30 08:25:19,541.7574664569679
2022-03-30 08:25:24,534.7
2022-03-30 08:25:29,534.7
2022-03-30 08:25:34,534.64
2022-03-30 08:25:39,534.64
2022-03-30 08:25:44,534.64
2022-03-30 08:25:49,534.57
2022-03-30 08:25:54,534.51
2022-03-30 08:25:59,541.8240224411524
2022-03-30 08:26:04,541.8323419391754
2022-03-30 08:26:09,534.51
2022-03-30 08:26:14,534.48
2022-03-30 08:26:19,534.42
2022-03-30 08:26:24,534.42
2022-03-30 08:26:29,534.35
2022-03-30 08:26:34,534.35
2022-03-30 08:26:39,541.8905784253367
2022-03-30 08:26:44,541.8988979233598
2022-03-30 08:26:49,534.26
2022-03-30 08:26:54,534.26
2022-03-30 08:26:59,534.19
2022-03-30 08:27:04,541.932175915452
2022-03-30 08:27:09,534.2
2022-03-30 08:27:14,541.9488149114981
2022-03-30 08:27:19,534.2
2022-03-30 08:27:24,534.13
2022-03-30 08:27:29,541.9737734055673
2022-03-30 08:27:34,541.9820929035903
2022-03-30 08:27:39,534.14
2022-03-30 08:27:44,541.9944065871075
2022-03-30 08:27:49,534.01
2022-03-30 08:27:54,534.01
2022-03-30 08:27:59,533.98
2022-03-30 08:28:04,533.98
2022-03-30 08:28:09,533.98
2022-03-30 08:28:14,533.92
2022-03-30 08:28:19,533.98
2022-03-30 08:28:24,541.9921614910669
2022-03-30 08:28:29,533.85
2022-03-30 08:28:34,533.85
2022-03-30 08:28:39,533.86
2022-03-30 08:28:44,541.9910389430465
2022-03-30 08:28:49,533.86
2022-03-30 08:28:54,533.8
2022-03-30 08:28:59,533.76
2022-03-30 08:29:04,541.9899163950263
2022-03-30 08:29:09,533.76
2022-03-30 08:29:14,541.9893551210162
2022-03-30 08:29:19,533.76
2022-03-30 08:29:24,533.76
2022-03-30 08:29:29,533.7
2022-03-30 08:29:34,533.7
2022-03-30 08:29:39,541.9879519359907
2022-03-30 08:29:44,533.7
2022-03-30 08:29:49,541.9873906619806
2022-03-30 08:29:54,533.64
2022-03-30 08:29:59,541.9868293879704
2022-03-30 08:30:04,541.9865487509653
2022-03-30 08:30:09,533.58
2022-03-30 08:30:14,533.51
2022-03-30 08:30:19,541.9857068399501
2022-03-30 08:30:24,533.51
2022-03-30 08:30:29,533.51
2022-03-30 08:30:34,541.9848649289349
2022-03-30 08:30:39,533.42
2022-03-30 08:30:44,533.42
2022-03-30 08:30:49,533.42
2022-03-30 08:30:54,541.9837423809146
2022-03-30 08:30:59,541.9834617439095
2022-03-30 08:31:04,541.9831811069045
2022-03-30 08:31:09,533.35
2022-03-30 08:31:14,533.35
2022-03-30 08:31:19,533.35
2022-03-30 08:31:24,541.9820585588841
2022-03-30 08:31:29,541.981777921879
2022-03-30 08:31:34,541.981497284874
2022-03-30 08:31:39,541.9812166478689
2022-03-30 08:31:44,533.42
2022-03-30 08:31:49,533.48
2022-03-30 08:31:54,541.9803747368537
2022-03-30 08:31:59,541.9800940998487
2022-03-30 08:32:04,533.52
2022-03-30 08:32:09,533.52
2022-03-30 08:32:14,541.9792521888334
2022-03-30 08:32:19,533.58
2022-03-30 08:32:24,533.65
2022-03-30 08:32:29,533.71
2022-03-30 08:32:34,533.78
2022-03-30 08:32:39,533.78
2022-03-30 08:32:44,541.977568366803
2022-03-30 08:32:49,541.9772877297978
2022-03-30 08:32:54,534.0
2022-03-30 08:32:59,541.9767264557877
2022-03-30 08:33:04,534.1
2022-03-30 08:33:09,534.16
2022-03-30 08:33:14,534.29
2022-03-30 08:33:19,541.9756039077674
2022-03-30 08:33:24,534.45
2022-03-30 08:33:29,534.52
2022-03-30 08:33:34,534.61
2022-03-30 08:33:39,534.74
2022-03-30 08:33:44,541.974200722742
2022-03-30 08:33:49,534.96
2022-03-30 08:33:54,535.06
2022-03-30 08:33:59,535.19
2022-03-30 08:34:04,535.32
2022-03-30 08:34:09,541.9727975377166
2022-03-30 08:34:14,535.54
2022-03-30 08:34:19,535.58
2022-03-30 08:34:24,535.77
2022-03-30 08:34:29,541.9716749896963
2022-03-30 08:34:34,536.0
2022-03-30 08:34:39,536.09
2022-03-30 08:34:44,536.22
2022-03-30 08:34:49,536.35
2022-03-30 08:34:54,541.9702718046709
2022-03-30 08:34:59,536.51
2022-03-30 08:35:04,536.67
2022-03-30 08:35:09,536.8
2022-03-30 08:35:14,536.9
2022-03-30 08:35:19,537.09
2022-03-30 08:35:24,537.19
2022-03-30 08:35:29,537.38
2022-03-30 08:35:34,541.9680267086303
2022-03-30 08:35:39,537.61
2022-03-30 08:35:44,537.77
2022-03-30 08:35:49,537.83
2022-03-30 08:35:54,537.99
2022-03-30 08:35:59,541.966623523605
2022-03-30 08:36:04,538.28
2022-03-30 08:36:09,541.9660622495949
2022-03-30 08:36:14,538.51
2022-03-30 08:36:19,541.9655009755846
2022-03-30 08:36:24,541.9652203385796
2022-03-30 08:36:29,541.9649397015745
2022-03-30 08:36:34,539.09
2022-03-30 08:36:39,539.25
2022-03-30 08:36:44,539.38
2022-03-30 08:36:49,539.48
2022-03-30 08:36:54,539.7
2022-03-30 08:36:59,541.963255879544
2022-03-30 08:37:04,539.99
2022-03-30 08:37:09,540.12
2022-03-30 08:37:14,540.29
2022-03-30 08:37:19,541.9621333315238
2022-03-30 08:37:24,541.9618526945187
2022-03-30 08:37:29,540.7
2022-03-30 08:37:34,541.9612914205086
2022-03-30 08:37:39,540.99
2022-03-30 08:37:44,541.9607301464983
2022-03-30 08:37:49,541.9604495094933
2022-03-30 08:37:54,541.9601688724882
2022-03-30 08:37:59,541.51
2022-03-30 08:38:04,541.61
2022-03-30 08:38:09,541.959326961473
2022-03-30 08:38:14,541.9
2022-03-30 08:38:19,542.03
2022-03-30 08:38:24,541.9584850504577
2022-03-30 08:38:29,542.25
2022-03-30 08:38:34,541.9579237764476
2022-03-30 08:38:39,542.48
2022-03-30 08:38:44,542.64
2022-03-30 08:38:49,541.9570818654324
2022-03-30 08:38:54,542.93
2022-03-30 08:38:59,541.9565205914223
2022-03-30 08:39:04,543.16
2022-03-30 08:39:09,543.28
2022-03-30 08:39:14,543.32
2022-03-30 08:39:19,543.45
2022-03-30 08:39:24,543.57
2022-03-30 08:39:29,543.67
2022-03-30 08:39:34,543.8
2022-03-30 08:39:39,543.83
2022-03-30 08:39:44,543.96
2022-03-30 08:39:49,544.02
2022-03-30 08:39:54,544.12
2022-03-30 08:39:59,544.19
2022-03-30 08:40:04,544.31
2022-03-30 08:40:09,544.35
2022-03-30 08:40:14,541.9523110363461
2022-03-30 08:40:19,541.9520303993411
2022-03-30 08:40:24,544.6
2022-03-30 08:40:29,541.9514691253308
2022-03-30 08:40:34,541.9511884883258
2022-03-30 08:40:39,541.9509078513207
2022-03-30 08:40:44,541.9506272143157
2022-03-30 08:40:49,541.9503465773106
2022-03-30 08:40:54,544.93
2022-03-30 08:40:59,541.9497853033005
2022-03-30 08:41:04,544.92
2022-03-30 08:41:09,544.92
2022-03-30 08:41:14,541.9489433922852
2022-03-30 08:41:19,544.99
2022-03-30 08:41:24,541.948382118275
2022-03-30 08:41:29,541.94810148127
2022-03-30 08:41:34,544.98
2022-03-30 08:41:39,541.9475402072599
2022-03-30 08:41:44,541.9472595702548
2022-03-30 08:41:49,541.9411311164293
2022-03-30 08:41:54,544.98
2022-03-30 08:41:59,541.9142417860742
2022-03-30 08:42:04,544.92
2022-03-30 08:42:09,544.91
2022-03-30 08:42:14,544.85
2022-03-30 08:42:19,544.85
2022-03-30 08:42:24,541.8470184601863
2022-03-30 08:42:29,544.75
2022-03-30 08:42:34,544.69
2022-03-30 08:42:39,544.62
2022-03-30 08:42:44,541.7932397994759
2022-03-30 08:42:49,544.59
2022-03-30 08:42:54,544.46
2022-03-30 08:42:59,544.4
2022-03-30 08:43:04,544.33
2022-03-30 08:43:09,541.726016473588
2022-03-30 08:43:14,544.17
2022-03-30 08:43:19,544.1
2022-03-30 08:43:24,544.0
2022-03-30 08:43:29,543.94
2022-03-30 08:43:34,543.87
2022-03-30 08:43:39,543.78
2022-03-30 08:43:44,543.65
2022-03-30 08:43:49,543.58
2022-03-30 08:43:54,543.42
2022-03-30 08:43:59,541.5915698218121
2022-03-30 08:44:04,541.5781251566344
2022-03-30 08:44:09,541.5646804914568
2022-03-30 08:44:14,542.97
2022-03-30 08:44:19,542.9
2022-03-30 08:44:24,542.74
2022-03-30 08:44:29,542.61
2022-03-30 08:44:34,542.51
2022-03-30 08:44:39,542.38
2022-03-30 08:44:44,542.22
2022-03-30 08:44:49,542.09
2022-03-30 08:44:54,541.4436785048586
2022-03-30 08:44:59,541.8
2022-03-30 08:45:04,541.64
2022-03-30 08:45:09,541.52
2022-03-30 08:45:14,541.42
2022-03-30 08:45:19,541.22
2022-03-30 08:45:24,541.06
2022-03-30 08:45:29,540.9
2022-03-30 08:45:34,540.71
2022-03-30 08:45:39,540.55
2022-03-30 08:45:44,540.39
2022-03-30 08:45:49,540.19
2022-03-30 08:45:54,540.1
2022-03-30 08:45:59,539.87
2022-03-30 08:46:04,541.2554531923723
2022-03-30 08:46:09,541.2420085271947
2022-03-30 08:46:14,539.42
2022-03-30 08:46:19,541.2151191968396
2022-03-30 08:46:24,541.201674531662
2022-03-30 08:46:29,538.94
2022-03-30 08:46:34,538.71
2022-03-30 08:46:39,538.55
2022-03-30 08:46:44,541.1478958709517
2022-03-30 08:46:49,538.32
2022-03-30 08:46:54,538.13
2022-03-30 08:46:59,538.04
2022-03-30 08:47:04,541.0941172102413
2022-03-30 08:47:09,537.75
2022-03-30 08:47:14,537.62
2022-03-30 08:47:19,541.0537832147086
2022-03-30 08:47:24,541.0403385495309
2022-03-30 08:47:29,537.23
2022-03-30 08:47:34,537.1
2022-03-30 08:47:39,536.94
2022-03-30 08:47:44,536.85
2022-03-30 08:47:49,536.78
2022-03-30 08:47:54,536.59
2022-03-30 08:47:59,536.49
2022-03-30 08:48:04,536.37
2022-03-30 08:48:09,536.27
2022-03-30 08:48:14,536.2
2022-03-30 08:48:19,536.08
2022-03-30 08:48:24,535.98
2022-03-30 08:48:29,535.85
2022-03-30 08:48:34,535.82
2022-03-30 08:48:39,535.69
2022-03-30 08:48:44,535.63
2022-03-30 08:48:49,535.56
2022-03-30 08:48:54,535.47
2022-03-30 08:48:59,540.7848899111567
2022-03-30 08:49:04,535.31
2022-03-30 08:49:09,540.7580005808015
2022-03-30 08:49:14,540.7445559156239
2022-03-30 08:49:19,535.05
2022-03-30 08:49:24,534.95
2022-03-30 08:49:29,540.7042219200912
2022-03-30 08:49:34,534.83
2022-03-30 08:49:39,534.79
2022-03-30 08:49:44,540.6638879245584
2022-03-30 08:49:49,540.650443259381
2022-03-30 08:49:54,534.6
2022-03-30 08:49:59,534.54
2022-03-30 08:50:04,540.6101092638481
2022-03-30 08:50:09,534.44
2022-03-30 08:50:14,540.5832199334928
2022-03-30 08:50:19,534.31
2022-03-30 08:50:24,534.28
2022-03-30 08:50:29,540.5428859379601
2022-03-30 08:50:34,540.5294412727826
2022-03-30 08:50:39,534.09
2022-03-30 08:50:44,534.02
2022-03-30 08:50:49,534.02
2022-03-30 08:50:54,533.99
2022-03-30 08:50:59,540.4622179468946
2022-03-30 08:51:04,533.93
2022-03-30 08:51:09,533.86
2022-03-30 08:51:14,533.86
2022-03-30 08:51:19,533.8
2022-03-30 08:51:24,533.8
2022-03-30 08:51:29,533.77
2022-03-30 08:51:34,533.7
2022-03-30 08:51:39,540.3546606254739
2022-03-30 08:51:44,540.3412159602963
2022-03-30 08:51:49,533.7
2022-03-30 08:51:54,533.64
2022-03-30 08:51:59,533.64
2022-03-30 08:52:04,533.58
2022-03-30 08:52:09,533.57
2022-03-30 08:52:14,540.2605479692307
2022-03-30 08:52:19,533.57
2022-03-30 08:52:24,533.51
2022-03-30 08:52:29,533.51
2022-03-30 08:52:34,533.51
2022-03-30 08:52:39,533.48
2022-03-30 08:52:44,540.1798799781652
2022-03-30 08:52:49,533.48
2022-03-30 08:52:54,540.1529906478102
2022-03-30 08:52:59,540.1395459826325
2022-03-30 08:53:04,533.42
2022-03-30 08:53:09,533.42
2022-03-30 08:53:14,533.42
2022-03-30 08:53:19,540.085767321922
2022-03-30 08:53:24,533.42
2022-03-30 08:53:29,533.42
2022-03-30 08:53:34,533.35
2022-03-30 08:53:39,533.35
2022-03-30 08:53:44,533.42
2022-03-30 08:53:49,540.0050993308565
2022-03-30 08:53:54,533.42
2022-03-30 08:53:59,533.42
2022-03-30 08:54:04,533.42
2022-03-30 08:54:09,533.42
2022-03-30 08:54:14,539.9378760049686
2022-03-30 08:54:19,533.42
2022-03-30 08:54:24,539.9109866746136
2022-03-30 08:54:29,533.36
2022-03-30 08:54:34,533.42
2022-03-30 08:54:39,533.42
2022-03-30 08:54:44,539.8572080139031
2022-03-30 08:54:49,533.43
2022-03-30 08:54:54,533.49
2022-03-30 08:54:59,533.43
2022-03-30 08:55:04,539.8034293531928
2022-03-30 08:55:09,533.49
2022-03-30 08:55:14,533.49
2022-03-30 08:55:19,539.76309535766
2022-03-30 08:55:24,539.7496506924825
2022-03-30 08:55:29,539.7362060273049
2022-03-30 08:55:34,539.7227613621272
2022-03-30 08:55:39,539.7093166969497
2022-03-30 08:55:44,539.6958720317721
2022-03-30 08:55:49,533.5
2022-03-30 08:55:54,533.5
2022-03-30 08:55:59,533.5
2022-03-30 08:56:04,533.53
2022-03-30 08:56:09,539.6069227274202
2022-03-30 08:56:14,533.53
2022-03-30 08:56:19,533.59
2022-03-30 08:56:24,533.59
2022-03-30 08:56:29,533.59
2022-03-30 08:56:34,533.59
2022-03-30 08:56:39,539.487750776834
2022-03-30 08:56:44,533.66
2022-03-30 08:56:49,539.4480267933051
2022-03-30 08:56:54,533.6
2022-03-30 08:56:59,533.66
2022-03-30 08:57:04,539.388440818012
2022-03-30 08:57:09,539.3685788262477
2022-03-30 08:57:14,533.66
2022-03-30 08:57:19,533.66
2022-03-30 08:57:24,539.3089928509544
2022-03-30 08:57:29,533.66
2022-03-30 08:57:34,539.2692688674257
2022-03-30 08:57:39,533.66
2022-03-30 08:57:44,533.73
2022-03-30 08:57:49,539.2096828921326
2022-03-30 08:57:54,539.1898209003682
2022-03-30 08:57:59,533.72
2022-03-30 08:58:04,533.72
2022-03-30 08:58:09,539.1302349250751
2022-03-30 08:58:14,533.79
2022-03-30 08:58:19,533.79
2022-03-30 08:58:24,533.79
2022-03-30 08:58:29,533.79
2022-03-30 08:58:34,533.79
2022-03-30 08:58:39,539.0110629744888
2022-03-30 08:58:44,538.9912009827246
2022-03-30 08:58:49,538.9713389909601
2022-03-30 08:58:54,533.82
2022-03-30 08:58:59,538.9316150074316
2022-03-30 08:59:04,533.82
2022-03-30 08:59:09,538.8918910239026
2022-03-30 08:59:14,538.8720290321384
2022-03-30 08:59:19,533.82
2022-03-30 08:59:24,538.8323050486096
2022-03-30 08:59:29,533.88
2022-03-30 08:59:34,533.88
2022-03-30 08:59:39,533.88
2022-03-30 08:59:44,533.94
2022-03-30 08:59:49,533.94
2022-03-30 08:59:54,538.7131330980233
2022-03-30 08:59:59,538.6932711062591
2022-03-30 09:00:04,534.0
2022-03-30 09:00:09,534.0
2022-03-30 09:00:14,534.0
2022-03-30 09:00:19,534.03
2022-03-30 09:00:24,534.03
2022-03-30 09:00:29,534.03
2022-03-30 09:00:34,534.03
2022-03-30 09:00:39,534.03
2022-03-30 09:00:44,534.09
2022-03-30 09:00:49,538.4946511886153
2022-03-30 09:00:54,538.4747891968509
2022-03-30 09:00:59,534.09
2022-03-30 09:01:04,534.09
2022-03-30 09:01:09,538.4152032215577
2022-03-30 09:01:14,538.3953412297935
2022-03-30 09:01:19,534.16
2022-03-30 09:01:24,538.3556172462646
2022-03-30 09:01:29,534.16
2022-03-30 09:01:34,534.09
2022-03-30 09:01:39,538.2960312709715
2022-03-30 09:01:44,538.2761692792071
2022-03-30 09:01:49,538.2563072874428
2022-03-30 09:01:54,538.2364452956784
2022-03-30 09:01:59,534.15
2022-03-30 09:02:04,538.1967213121497
2022-03-30 09:02:09,534.15
2022-03-30 09:02:14,538.1569973286208
2022-03-30 09:02:19,534.15
2022-03-30 09:02:24,534.15
2022-03-30 09:02:29,534.15
2022-03-30 09:02:34,534.22
2022-03-30 09:02:39,534.15
2022-03-30 09:02:44,534.15
2022-03-30 09:02:49,534.15
2022-03-30 09:02:54,534.15
2022-03-30 09:02:59,537.9782394027416
2022-03-30 09:03:04,534.09
2022-03-30 09:03:09,534.09
2022-03-30 09:03:14,537.9186534274485
2022-03-30 09:03:19,534.09
2022-03-30 09:03:24,534.08
2022-03-30 09:03:29,537.8590674521553
2022-03-30 09:03:34,534.09
2022-03-30 09:03:39,537.8193434686266
2022-03-30 09:03:44,534.09
2022-03-30 09:03:49,534.02
2022-03-30 09:03:54,534.02
2022-03-30 09:03:59,537.7398955015691
2022-03-30 09:04:04,533.99
2022-03-30 09:04:09,533.99
2022-03-30 09:04:14,533.99
2022-03-30 09:04:19,537.6604475345117
2022-03-30 09:04:24,533.93
2022-03-30 09:04:29,533.93
2022-03-30 09:04:34,533.93
2022-03-30 09:04:39,533.93
2022-03-30 09:04:44,537.5611375756897
2022-03-30 09:04:49,533.93
2022-03-30 09:04:54,533.93
2022-03-30 09:04:59,533.93
2022-03-30 09:05:04,533.86
2022-03-30 09:05:09,537.4618276168679
2022-03-30 09:05:14,537.4419656251035
2022-03-30 09:05:19,537.4221036333392
2022-03-30 09:05:24,533.86
2022-03-30 09:05:29,533.86
2022-03-30 09:05:34,533.86
2022-03-30 09:05:39,537.3426556662818
2022-03-30 09:05:44,533.86
2022-03-30 09:05:49,537.3029316827531
2022-03-30 09:05:54,533.86
2022-03-30 09:05:59,533.86
2022-03-30 09:06:04,533.8
2022-03-30 09:06:09,537.2234837156955
2022-03-30 09:06:14,533.86
2022-03-30 09:06:19,537.1837597321667
2022-03-30 09:06:24,533.86
2022-03-30 09:06:29,533.86
2022-03-30 09:06:34,533.92
2022-03-30 09:06:39,533.92
2022-03-30 09:06:44,533.99
2022-03-30 09:06:49,533.99
2022-03-30 09:06:54,534.02
2022-03-30 09:06:59,534.09
2022-03-30 09:07:04,534.08
2022-03-30 09:07:09,534.15
2022-03-30 09:07:14,534.21
2022-03-30 09:07:19,536.9454158309942
2022-03-30 09:07:24,536.92555383923
2022-03-30 09:07:29,534.27
2022-03-30 09:07:34,536.8858298557011
2022-03-30 09:07:39,534.37
2022-03-30 09:07:44,534.43
2022-03-30 09:07:49,534.5
2022-03-30 09:07:54,534.5
2022-03-30 09:07:59,536.7865198968793
2022-03-30 09:08:04,534.65
2022-03-30 09:08:09,536.7467959133506
2022-03-30 09:08:14,534.72
2022-03-30 09:08:19,534.78
2022-03-30 09:08:24,536.6872099380575
2022-03-30 09:08:29,534.81
2022-03-30 09:08:34,534.88
2022-03-30 09:08:39,534.94
2022-03-30 09:08:44,535.0
2022-03-30 09:08:49,536.5878999792355
2022-03-30 09:08:54,535.03
2022-03-30 09:08:59,535.03
2022-03-30 09:09:04,536.5283140039425
2022-03-30 09:09:09,536.5084520121782
2022-03-30 09:09:14,535.16
2022-03-30 09:09:19,535.29
2022-03-30 09:09:24,535.29
2022-03-30 09:09:29,535.32
2022-03-30 09:09:34,536.4091420533562
2022-03-30 09:09:39,536.389280061592
2022-03-30 09:09:44,535.51
2022-03-30 09:09:49,535.51
2022-03-30 09:09:54,536.3296940862989
2022-03-30 09:09:59,535.6
2022-03-30 09:10:04,535.67
2022-03-30 09:10:09,535.73
2022-03-30 09:10:14,535.79
2022-03-30 09:10:19,536.381486161467
2022-03-30 09:10:24,535.89
2022-03-30 09:10:29,535.95
2022-03-30 09:10:34,536.4266669967151
2022-03-30 09:10:39,536.01
2022-03-30 09:10:44,536.11
2022-03-30 09:10:49,536.11
2022-03-30 09:10:54,536.4869081103793
2022-03-30 09:10:59,536.5019683887953
2022-03-30 09:11:04,536.33
2022-03-30 09:11:09,536.5320889456274
2022-03-30 09:11:14,536.52
2022-03-30 09:11:19,536.62
2022-03-30 09:11:24,536.68
2022-03-30 09:11:29,536.5923300592915
2022-03-30 09:11:34,536.84
2022-03-30 09:11:39,536.97
2022-03-30 09:11:44,537.04
2022-03-30 09:11:49,537.13
2022-03-30 09:11:54,537.26
2022-03-30 09:11:59,537.32
2022-03-30 09:12:04,537.42
2022-03-30 09:12:09,537.48
2022-03-30 09:12:14,537.64
2022-03-30 09:12:19,537.71
2022-03-30 09:12:24,537.77
2022-03-30 09:12:29,536.7730534002839
2022-03-30 09:12:34,537.93
2022-03-30 09:12:39,538.06
2022-03-30 09:12:44,536.818234235532
2022-03-30 09:12:49,536.8332945139481
2022-03-30 09:12:54,538.29
2022-03-30 09:12:59,538.35
2022-03-30 09:13:04,536.8784753491962
2022-03-30 09:13:09,538.58
2022-03-30 09:13:14,538.58
2022-03-30 09:13:19,536.9236561844443
2022-03-30 09:13:24,538.67
2022-03-30 09:13:29,538.73
2022-03-30 09:13:34,538.8
2022-03-30 09:13:39,536.9838972981084
2022-03-30 09:13:44,538.9
2022-03-30 09:13:49,539.03
2022-03-30 09:13:54,538.96
2022-03-30 09:13:59,539.03
2022-03-30 09:14:04,539.09
2022-03-30 09:14:09,539.13
2022-03-30 09:14:14,539.12
2022-03-30 09:14:19,539.19
2022-03-30 09:14:24,537.1194398038529
2022-03-30 09:14:29,539.25
2022-03-30 09:14:34,539.32
2022-03-30 09:14:39,537.1646206391009
2022-03-30 09:14:44,539.32
2022-03-30 09:14:49,539.38
2022-03-30 09:14:54,539.38
2022-03-30 09:14:59,539.38
2022-03-30 09:15:04,539.38
2022-03-30 09:15:09,539.42
2022-03-30 09:15:14,539.42
2022-03-30 09:15:19,539.42
2022-03-30 09:15:24,537.3001631448452
2022-03-30 09:15:29,537.3152234232613
2022-03-30 09:15:34,539.39
2022-03-30 09:15:39,537.3453439800934
2022-03-30 09:15:44,539.39
2022-03-30 09:15:49,539.42
2022-03-30 09:15:54,539.39
2022-03-30 09:15:59,539.39
2022-03-30 09:16:04,539.39
2022-03-30 09:16:09,537.4357056505895
2022-03-30 09:16:14,539.39
2022-03-30 09:16:19,539.42
2022-03-30 09:16:24,539.39
2022-03-30 09:16:29,539.39
2022-03-30 09:16:34,537.5110070426697
2022-03-30 09:16:39,539.39
2022-03-30 09:16:44,539.39
2022-03-30 09:16:49,539.39
2022-03-30 09:16:54,539.42
2022-03-30 09:16:59,539.42
2022-03-30 09:17:04,539.42
2022-03-30 09:17:09,539.42
2022-03-30 09:17:14,539.42
2022-03-30 09:17:19,539.42
2022-03-30 09:17:24,539.48
2022-03-30 09:17:29,537.6766701052461
2022-03-30 09:17:34,537.691730383662
2022-03-30 09:17:39,537.7067906620782
2022-03-30 09:17:44,537.7218509404943
2022-03-30 09:17:49,539.49
2022-03-30 09:17:54,539.49
2022-03-30 09:17:59,539.49
2022-03-30 09:18:04,537.7820920541583
2022-03-30 09:18:09,539.49
2022-03-30 09:18:14,537.8122126109905
2022-03-30 09:18:19,537.8272728894065
2022-03-30 09:18:24,539.49
2022-03-30 09:18:29,539.55
2022-03-30 09:18:34,537.8724537246545
2022-03-30 09:18:39,539.55
2022-03-30 09:18:44,539.55
2022-03-30 09:18:49,539.61
2022-03-30 09:18:54,539.61
2022-03-30 09:18:59,537.9477551167348
2022-03-30 09:19:04,539.65
2022-03-30 09:19:09,539.65
2022-03-30 09:19:14,539.65
2022-03-30 09:19:19,539.65
2022-03-30 09:19:24,538.0230565088149
2022-03-30 09:19:29,539.71
2022-03-30 09:19:34,539.71
2022-03-30 09:19:39,539.71
2022-03-30 09:19:44,539.78
2022-03-30 09:19:49,539.78
2022-03-30 09:19:54,538.1134181793111
2022-03-30 09:19:59,539.91
2022-03-30 09:20:04,538.1435387361433
2022-03-30 09:20:09,539.91
2022-03-30 09:20:14,539.94
2022-03-30 09:20:19,538.1887195713914
2022-03-30 09:20:24,540.01
2022-03-30 09:20:29,540.01
2022-03-30 09:20:34,538.2339004066395
2022-03-30 09:20:39,540.07
2022-03-30 09:20:44,540.14
2022-03-30 09:20:49,540.14
2022-03-30 09:20:54,538.2941415203036
2022-03-30 09:20:59,540.17
2022-03-30 09:21:04,538.3242620771357
2022-03-30 09:21:09,540.23
2022-03-30 09:21:14,540.24
2022-03-30 09:21:19,540.24
2022-03-30 09:21:24,540.24
2022-03-30 09:21:29,538.3995634692159
2022-03-30 09:21:34,540.3
2022-03-30 09:21:39,540.37
2022-03-30 09:21:44,540.37
2022-03-30 09:21:49,540.37
2022-03-30 09:21:54,540.37
2022-03-30 09:21:59,538.4899251397121
2022-03-30 09:22:04,540.43
2022-03-30 09:22:09,540.43
2022-03-30 09:22:14,538.5351059749602
2022-03-30 09:22:19,540.44
2022-03-30 09:22:24,540.44
2022-03-30 09:22:29,540.44
2022-03-30 09:22:34,540.47
2022-03-30 09:22:39,540.47
2022-03-30 09:22:44,540.47
2022-03-30 09:22:49,540.44
2022-03-30 09:22:54,540.47
2022-03-30 09:22:59,540.47
2022-03-30 09:23:04,540.47
2022-03-30 09:23:09,540.47
2022-03-30 09:23:14,540.47
2022-03-30 09:23:19,538.7308895943687
2022-03-30 09:23:24,540.54
2022-03-30 09:23:29,540.54
2022-03-30 09:23:34,540.54
2022-03-30 09:23:39,540.54
2022-03-30 09:23:44,540.54
2022-03-30 09:23:49,538.8212512648649
2022-03-30 09:23:54,540.54
2022-03-30 09:23:59,538.851371821697
2022-03-30 09:24:04,540.47
2022-03-30 09:24:09,540.47
2022-03-30 09:24:14,540.54
2022-03-30 09:24:19,538.9651917690562
2022-03-30 09:24:24,538.9966465289203
2022-03-30 09:24:29,540.47
2022-03-30 09:24:34,540.44
2022-03-30 09:24:39,540.44
2022-03-30 09:24:44,539.1224655683762
2022-03-30 09:24:49,539.1539203282404
2022-03-30 09:24:54,540.31
2022-03-30 09:24:59,539.2168298479683
2022-03-30 09:25:04,539.2482846078324
2022-03-30 09:25:09,540.24
2022-03-30 09:25:14,540.25
2022-03-30 09:25:19,540.18
2022-03-30 09:25:24,540.15
2022-03-30 09:25:29,540.08
2022-03-30 09:25:34,539.4370131670165
2022-03-30 09:25:39,539.4684679268806
2022-03-30 09:25:44,539.95
2022-03-30 09:25:49,539.85
2022-03-30 09:25:54,539.79
2022-03-30 09:25:59,539.72
2022-03-30 09:26:04,539.63
2022-03-30 09:26:09,539.56
2022-03-30 09:26:14,539.43
2022-03-30 09:26:19,539.7201060057927
2022-03-30 09:26:24,539.7515607656568
2022-03-30 09:26:29,539.7830155255207
2022-03-30 09:26:34,539.8144702853848
2022-03-30 09:26:39,539.8459250452489
2022-03-30 09:26:44,538.88
2022-03-30 09:26:49,539.9088345649768
2022-03-30 09:26:54,538.62
2022-03-30 09:26:59,538.59
2022-03-30 09:27:04,540.0031988445689
2022-03-30 09:27:09,540.0346536044331
2022-03-30 09:27:14,538.29
2022-03-30 09:27:19,538.17
2022-03-30 09:27:24,540.1290178840251
2022-03-30 09:27:29,537.94
2022-03-30 09:27:34,540.191927403753
2022-03-30 09:27:39,540.2233821636171
2022-03-30 09:27:44,537.65
2022-03-30 09:27:49,540.2862916833451
2022-03-30 09:27:54,537.43
2022-03-30 09:27:59,537.33
2022-03-30 09:28:04,537.2
2022-03-30 09:28:09,537.07
2022-03-30 09:28:14,536.97
2022-03-30 09:28:19,536.84
2022-03-30 09:28:24,540.5064750023934
2022-03-30 09:28:29,540.5379297622575
2022-03-30 09:28:34,536.62
2022-03-30 09:28:39,536.46
2022-03-30 09:28:44,536.39
2022-03-30 09:28:49,536.29
2022-03-30 09:28:54,540.6952035615774
2022-03-30 09:28:59,540.7266583214415
2022-03-30 09:29:04,536.0
2022-03-30 09:29:09,535.93
2022-03-30 09:29:14,535.87
2022-03-30 09:29:19,535.77
2022-03-30 09:29:24,535.71
2022-03-30 09:29:29,540.9153868806256
2022-03-30 09:29:34,535.52
2022-03-30 09:29:39,540.9782964003537
2022-03-30 09:29:44,535.36
2022-03-30 09:29:49,535.19
2022-03-30 09:29:54,535.19
2022-03-30 09:29:59,535.07
2022-03-30 09:30:04,534.97
2022-03-30 09:30:09,541.1670249595377
2022-03-30 09:30:14,541.1984797194018
2022-03-30 09:30:19,534.74
2022-03-30 09:30:24,534.61
2022-03-30 09:30:29,541.2928439989939
2022-03-30 09:30:34,534.49
2022-03-30 09:30:39,534.45
2022-03-30 09:30:44,541.387208278586
2022-03-30 09:30:49,534.26
2022-03-30 09:30:54,541.450117798314
2022-03-30 09:30:59,541.4815725581781
2022-03-30 09:31:04,534.04
2022-03-30 09:31:09,533.97
2022-03-30 09:31:14,533.94
2022-03-30 09:31:19,533.88
2022-03-30 09:31:24,533.75
2022-03-30 09:31:29,533.72
2022-03-30 09:31:34,541.701755877226
2022-03-30 09:31:39,541.7332106370901
2022-03-30 09:31:44,533.53
2022-03-30 09:31:49,541.796120156818
2022-03-30 09:31:54,533.36
2022-03-30 09:31:59,533.3
2022-03-30 09:32:04,533.3
2022-03-30 09:32:09,533.2
2022-03-30 09:32:14,541.9533939561384
2022-03-30 09:32:19,533.07
2022-03-30 09:32:24,533.07
2022-03-30 09:32:29,542.0477582357304
2022-03-30 09:32:34,532.95
2022-03-30 09:32:39,542.1106677554583
2022-03-30 09:32:44,532.85
2022-03-30 09:32:49,532.78
2022-03-30 09:32:54,532.72
2022-03-30 09:32:59,532.69
2022-03-30 09:33:04,532.56
2022-03-30 09:33:09,532.49
2022-03-30 09:33:14,542.3308510745065
2022-03-30 09:33:19,532.4
2022-03-30 09:33:24,542.3937605942345
2022-03-30 09:33:29,532.27
2022-03-30 09:33:34,532.2
2022-03-30 09:33:39,532.17
2022-03-30 09:33:44,532.1
2022-03-30 09:33:49,532.04
2022-03-30 09:33:54,531.97
2022-03-30 09:33:59,531.91
2022-03-30 09:34:04,542.6453986731468
2022-03-30 09:34:09,531.81
2022-03-30 09:34:14,542.7083081928748
2022-03-30 09:34:19,531.75
2022-03-30 09:34:24,542.7712177126027
2022-03-30 09:34:29,531.65
2022-03-30 09:34:34,542.834127232331
2022-03-30 09:34:39,542.8655819921948
2022-03-30 09:34:44,531.46
2022-03-30 09:34:49,542.9284915119231
2022-03-30 09:34:54,542.9599462717869
2022-03-30 09:34:59,531.36
2022-03-30 09:35:04,531.23
2022-03-30 09:35:09,543.0543105513789
2022-03-30 09:35:14,531.16
2022-03-30 09:35:19,543.1172200711071
2022-03-30 09:35:24,543.148674830971
2022-03-30 09:35:29,531.0
2022-03-30 09:35:34,543.2115843506992
2022-03-30 09:35:39,531.0
2022-03-30 09:35:44,530.93
2022-03-30 09:35:49,543.3059486302913
2022-03-30 09:35:54,530.87
2022-03-30 09:35:59,530.83
2022-03-30 09:36:04,530.77
2022-03-30 09:36:09,530.76
2022-03-30 09:36:14,543.4632224296113
2022-03-30 09:36:19,530.7
2022-03-30 09:36:24,530.7
2022-03-30 09:36:29,543.5575867092033
2022-03-30 09:36:34,530.6
2022-03-30 09:36:39,530.6
2022-03-30 09:36:44,530.54
2022-03-30 09:36:49,530.53
2022-03-30 09:36:54,530.53
2022-03-30 09:36:59,543.7463152683874
2022-03-30 09:37:04,530.4
2022-03-30 09:37:09,530.34
2022-03-30 09:37:14,530.3
2022-03-30 09:37:19,530.33
2022-03-30 09:37:24,530.3
2022-03-30 09:37:29,543.9350438275716
2022-03-30 09:37:34,543.9664985874357
2022-03-30 09:37:39,543.9979533472998
2022-03-30 09:37:44,530.1
2022-03-30 09:37:49,544.0608628670277
2022-03-30 09:37:54,544.0923176268918
2022-03-30 09:37:59,529.94
2022-03-30 09:38:04,529.94
2022-03-30 09:38:09,529.94
2022-03-30 09:38:14,529.81
2022-03-30 09:38:19,544.1626189459712
2022-03-30 09:38:24,544.1547088365678
2022-03-30 09:38:29,529.71
2022-03-30 09:38:34,544.1388886177612
2022-03-30 09:38:39,529.65
2022-03-30 09:38:44,544.1230683989544
2022-03-30 09:38:49,529.49
2022-03-30 09:38:54,529.42
2022-03-30 09:38:59,529.36
2022-03-30 09:39:04,544.0914279613409
2022-03-30 09:39:09,529.26
2022-03-30 09:39:14,544.0756077425341
2022-03-30 09:39:19,529.13
2022-03-30 09:39:24,544.0597875237273
2022-03-30 09:39:29,544.051877414324
2022-03-30 09:39:34,544.0439673049206
2022-03-30 09:39:39,544.0360571955172
2022-03-30 09:39:44,544.0281470861139
2022-03-30 09:39:49,544.0202369767105
2022-03-30 09:39:54,528.74
2022-03-30 09:39:59,528.68
2022-03-30 09:40:04,543.9965066485004
2022-03-30 09:40:09,543.988596539097
2022-03-30 09:40:14,528.55
2022-03-30 09:40:19,528.46
2022-03-30 09:40:24,543.9648662108868
2022-03-30 09:40:29,528.39
2022-03-30 09:40:34,528.33
2022-03-30 09:40:39,528.26
2022-03-30 09:40:44,528.23
2022-03-30 09:40:49,528.17
2022-03-30 09:40:54,543.9174055544665
2022-03-30 09:40:59,543.9094954450632
2022-03-30 09:41:04,528.04
2022-03-30 09:41:09,528.01
2022-03-30 09:41:14,528.01
2022-03-30 09:41:19,528.01
2022-03-30 09:41:24,527.88
2022-03-30 09:41:29,527.95
2022-03-30 09:41:34,543.8541246792396
2022-03-30 09:41:39,543.8462145698362
2022-03-30 09:41:44,527.82
2022-03-30 09:41:49,527.95
2022-03-30 09:41:54,543.8224842416261
2022-03-30 09:41:59,527.88
2022-03-30 09:42:04,527.88
2022-03-30 09:42:09,543.7987539134159
2022-03-30 09:42:14,528.01
2022-03-30 09:42:19,528.01
2022-03-30 09:42:24,528.01
2022-03-30 09:42:29,543.7671134758024
2022-03-30 09:42:34,543.7592033663991
2022-03-30 09:42:39,528.18
2022-03-30 09:42:44,528.24
2022-03-30 09:42:49,528.27
2022-03-30 09:42:54,543.7275629287856
2022-03-30 09:42:59,543.7196528193822
2022-03-30 09:43:04,528.47
2022-03-30 09:43:09,528.56
2022-03-30 09:43:14,528.63
2022-03-30 09:43:19,528.76
2022-03-30 09:43:24,543.6801022723653
2022-03-30 09:43:29,543.6721921629619
2022-03-30 09:43:34,528.98
2022-03-30 09:43:39,529.08
2022-03-30 09:43:44,529.21
2022-03-30 09:43:49,543.6405517253485
2022-03-30 09:43:54,529.37
2022-03-30 09:43:59,543.6247315065416
2022-03-30 09:44:04,529.6
2022-03-30 09:44:09,529.73
2022-03-30 09:44:14,543.6010011783316
2022-03-30 09:44:19,529.95
2022-03-30 09:44:24,530.11
2022-03-30 09:44:29,530.24
2022-03-30 09:44:34,530.34
2022-03-30 09:44:39,530.47
2022-03-30 09:44:44,530.63
2022-03-30 09:44:49,530.76
2022-03-30 09:44:54,530.85
2022-03-30 09:44:59,543.5298101937011
2022-03-30 09:45:04,531.14
2022-03-30 09:45:09,531.27
2022-03-30 09:45:14,543.506079865491
2022-03-30 09:45:19,531.57
2022-03-30 09:45:24,531.66
2022-03-30 09:45:29,543.4823495372809
2022-03-30 09:45:34,531.95
2022-03-30 09:45:39,532.08
2022-03-30 09:45:44,532.24
2022-03-30 09:45:49,532.4
2022-03-30 09:45:54,543.442798990264
2022-03-30 09:45:59,532.66
2022-03-30 09:46:04,532.89
2022-03-30 09:46:09,532.92
2022-03-30 09:46:14,533.12
2022-03-30 09:46:19,543.4032484432471
2022-03-30 09:46:24,533.41
2022-03-30 09:46:29,533.57
2022-03-30 09:46:34,543.379518115037
2022-03-30 09:46:39,533.79
2022-03-30 09:46:44,533.92
2022-03-30 09:46:49,534.08
2022-03-30 09:46:54,534.15
2022-03-30 09:46:59,534.31
2022-03-30 09:47:04,543.3320574586166
2022-03-30 09:47:09,534.47
2022-03-30 09:47:14,534.53
2022-03-30 09:47:19,534.67
2022-03-30 09:47:24,543.3004170210032
2022-03-30 09:47:29,534.83
2022-03-30 09:47:34,534.96
2022-03-30 09:47:39,543.2766866927931
2022-03-30 09:47:44,535.05
2022-03-30 09:47:49,543.2608664739863
2022-03-30 09:47:54,543.252956364583
2022-03-30 09:47:59,535.19
2022-03-30 09:48:04,535.25
2022-03-30 09:48:09,543.2292260363729
2022-03-30 09:48:14,543.2213159269695
2022-03-30 09:48:19,535.35
2022-03-30 09:48:24,535.35
2022-03-30 09:48:29,535.42
2022-03-30 09:48:34,543.189675489356
2022-03-30 09:48:39,535.42
2022-03-30 09:48:44,535.48
2022-03-30 09:48:49,543.1659451611458
2022-03-30 09:48:54,535.42
2022-03-30 09:48:59,535.42
2022-03-30 09:49:04,543.1422148329357
2022-03-30 09:49:09,535.42
2022-03-30 09:49:14,535.42
2022-03-30 09:49:19,543.1184845047255
2022-03-30 09:49:24,535.36
2022-03-30 09:49:29,535.36
2022-03-30 09:49:34,535.36
2022-03-30 09:49:39,535.36
2022-03-30 09:49:44,535.3
2022-03-30 09:49:49,543.0710238483053
2022-03-30 09:49:54,535.26
2022-03-30 09:49:59,535.27
2022-03-30 09:50:04,543.0472935200952
2022-03-30 09:50:09,535.2
2022-03-30 09:50:14,535.2
2022-03-30 09:50:19,535.2
2022-03-30 09:50:24,535.14
2022-03-30 09:50:29,535.14
2022-03-30 09:50:34,535.14
2022-03-30 09:50:39,535.07
2022-03-30 09:50:44,535.07
2022-03-30 09:50:49,535.07
2022-03-30 09:50:54,535.01
2022-03-30 09:50:59,535.07
2022-03-30 09:51:04,535.01
2022-03-30 09:51:09,535.01
2022-03-30 09:51:14,535.01
2022-03-30 09:51:19,542.9286418790446
2022-03-30 09:51:24,534.91
2022-03-30 09:51:29,534.98
2022-03-30 09:51:34,542.9049115508344
2022-03-30 09:51:39,542.897001441431
2022-03-30 09:51:44,534.85
2022-03-30 09:51:49,534.85
2022-03-30 09:51:54,542.8732711132209
2022-03-30 09:51:59,534.85
2022-03-30 09:52:04,542.8574508944141
2022-03-30 09:52:09,534.85
2022-03-30 09:52:14,542.8437200300755
2022-03-30 09:52:19,534.85
2022-03-30 09:52:24,534.85
2022-03-30 09:52:29,534.91
2022-03-30 09:52:34,534.85
2022-03-30 09:52:39,542.8734980631377
2022-03-30 09:52:44,534.98
2022-03-30 09:52:49,534.91
2022-03-30 09:52:54,534.98
2022-03-30 09:52:59,542.8973204895875
2022-03-30 09:53:04,534.97
2022-03-30 09:53:09,535.01
2022-03-30 09:53:14,542.9151873094249
2022-03-30 09:53:19,535.07
2022-03-30 09:53:24,535.06
2022-03-30 09:53:29,542.9330541292622
2022-03-30 09:53:34,535.19
2022-03-30 09:53:39,535.19
2022-03-30 09:53:44,535.26
2022-03-30 09:53:49,542.9568765557121
2022-03-30 09:53:54,542.9628321623246
2022-03-30 09:53:59,535.29
2022-03-30 09:54:04,535.35
2022-03-30 09:54:09,535.42
2022-03-30 09:54:14,542.9866545887744
2022-03-30 09:54:19,535.48
2022-03-30 09:54:24,542.9985658019993
2022-03-30 09:54:29,543.0045214086117
2022-03-30 09:54:34,535.47
2022-03-30 09:54:39,535.51
2022-03-30 09:54:44,535.51
2022-03-30 09:54:49,535.57
2022-03-30 09:54:54,535.57
2022-03-30 09:54:59,543.0402550482864
2022-03-30 09:55:04,535.57
2022-03-30 09:55:09,535.57
2022-03-30 09:55:14,535.63
2022-03-30 09:55:19,535.63
2022-03-30 09:55:24,543.0700330813487
2022-03-30 09:55:29,543.0759886879612
2022-03-30 09:55:34,535.63
2022-03-30 09:55:39,535.63
2022-03-30 09:55:44,535.63
2022-03-30 09:55:49,543.099811114411
2022-03-30 09:55:54,543.1057667210234
2022-03-30 09:55:59,535.76
2022-03-30 09:56:04,535.76
2022-03-30 09:56:09,535.76
2022-03-30 09:56:14,535.7
2022-03-30 09:56:19,535.69
2022-03-30 09:56:24,535.76
2022-03-30 09:56:29,535.76
2022-03-30 09:56:34,535.76
2022-03-30 09:56:39,535.69
2022-03-30 09:56:44,535.7
2022-03-30 09:56:49,543.1712783937604
2022-03-30 09:56:54,535.7
2022-03-30 09:56:59,535.69
2022-03-30 09:57:04,535.63
2022-03-30 09:57:09,535.69
2022-03-30 09:57:14,535.63
2022-03-30 09:57:19,543.2070120334351
2022-03-30 09:57:24,543.2129676400476
2022-03-30 09:57:29,543.2189232466601
2022-03-30 09:57:34,543.2248788532725
2022-03-30 09:57:39,543.2308344598849
2022-03-30 09:57:44,535.57
2022-03-30 09:57:49,535.57
2022-03-30 09:57:54,543.2487012797222
2022-03-30 09:57:59,535.57
2022-03-30 09:58:04,535.57
2022-03-30 09:58:09,543.2665680995597
2022-03-30 09:58:14,535.5
2022-03-30 09:58:19,535.5
2022-03-30 09:58:24,543.284434919397
2022-03-30 09:58:29,543.2903905260094
2022-03-30 09:58:34,543.2963461326219
2022-03-30 09:58:39,535.47
2022-03-30 09:58:44,535.47
2022-03-30 09:58:49,543.3142129524593
2022-03-30 09:58:54,535.47
2022-03-30 09:58:59,543.3261241656842
2022-03-30 09:59:04,535.41
2022-03-30 09:59:09,535.41
2022-03-30 09:59:14,535.41
2022-03-30 09:59:19,535.41
2022-03-30 09:59:24,543.3559021987464
2022-03-30 09:59:29,535.41
2022-03-30 09:59:34,535.41
2022-03-30 09:59:39,535.41
2022-03-30 09:59:44,535.41
2022-03-30 09:59:49,543.3856802318087
2022-03-30 09:59:54,535.41
2022-03-30 09:59:59,535.34
2022-03-30 10:00:04,535.34
2022-03-30 10:00:09,535.34
2022-03-30 10:00:14,543.415458264871
2022-03-30 10:00:19,543.4214138714834
2022-03-30 10:00:24,535.27
2022-03-30 10:00:29,535.28
2022-03-30 10:00:34,535.24
2022-03-30 10:00:39,535.18
2022-03-30 10:00:44,535.18
2022-03-30 10:00:49,543.4571475111582
2022-03-30 10:00:54,535.05
2022-03-30 10:00:59,534.98
2022-03-30 10:01:04,534.98
2022-03-30 10:01:09,543.4809699376079
2022-03-30 10:01:14,534.95
2022-03-30 10:01:19,543.4928811508329
2022-03-30 10:01:24,543.4988367574452
2022-03-30 10:01:29,534.75
2022-03-30 10:01:34,534.72
2022-03-30 10:01:39,543.5167035772827
2022-03-30 10:01:44,534.72
2022-03-30 10:01:49,534.59
2022-03-30 10:01:54,534.53
2022-03-30 10:01:59,534.53
2022-03-30 10:02:04,534.46
2022-03-30 10:02:09,534.43
2022-03-30 10:02:14,534.36
2022-03-30 10:02:19,534.3
2022-03-30 10:02:24,534.29
2022-03-30 10:02:29,543.5762596434072
2022-03-30 10:02:34,534.23
2022-03-30 10:02:39,534.2
2022-03-30 10:02:44,543.5941264632445
2022-03-30 10:02:49,543.600082069857
2022-03-30 10:02:54,543.6060376764694
2022-03-30 10:02:59,543.6119932830819
2022-03-30 10:03:04,533.9
2022-03-30 10:03:09,533.84
2022-03-30 10:03:14,543.6298601029192
2022-03-30 10:03:19,533.77
2022-03-30 10:03:24,533.77
2022-03-30 10:03:29,533.71
2022-03-30 10:03:34,543.6536825293691
2022-03-30 10:03:39,533.67
2022-03-30 10:03:44,533.61
2022-03-30 10:03:49,533.6
2022-03-30 10:03:54,543.6775049558189
2022-03-30 10:03:59,533.54
2022-03-30 10:04:04,533.48
2022-03-30 10:04:09,543.6953717756563
2022-03-30 10:04:14,543.7013273822687
2022-03-30 10:04:19,543.7072829888812
2022-03-30 10:04:24,533.37
2022-03-30 10:04:29,533.37
2022-03-30 10:04:34,533.31
2022-03-30 10:04:39,533.24
2022-03-30 10:04:44,533.24
2022-03-30 10:04:49,533.24
2022-03-30 10:04:54,533.18
2022-03-30 10:04:59,533.14
2022-03-30 10:05:04,533.14
2022-03-30 10:05:09,543.7668390550057
2022-03-30 10:05:14,533.01
2022-03-30 10:05:19,533.01
2022-03-30 10:05:24,532.94
2022-03-30 10:05:29,532.95
2022-03-30 10:05:34,532.88
2022-03-30 10:05:39,532.88
2022-03-30 10:05:44,532.85
2022-03-30 10:05:49,532.85
2022-03-30 10:05:54,543.8204395145178
2022-03-30 10:05:59,532.78
2022-03-30 10:06:04,532.78
2022-03-30 10:06:09,532.72
2022-03-30 10:06:14,532.65
2022-03-30 10:06:19,543.8478588106276
2022-03-30 10:06:24,543.8281694261194
2022-03-30 10:06:29,532.56
2022-03-30 10:06:34,532.56
2022-03-30 10:06:39,532.49
2022-03-30 10:06:44,532.49
2022-03-30 10:06:49,543.7297225035788
2022-03-30 10:06:54,543.7100331190707
2022-03-30 10:06:59,532.43
2022-03-30 10:07:04,532.43
2022-03-30 10:07:09,543.6509649655463
2022-03-30 10:07:14,532.36
2022-03-30 10:07:19,543.6115861965301
2022-03-30 10:07:24,532.33
2022-03-30 10:07:29,532.33
2022-03-30 10:07:34,532.33
2022-03-30 10:07:39,532.33
2022-03-30 10:07:44,532.27
2022-03-30 10:07:49,532.27
2022-03-30 10:07:54,532.27
2022-03-30 10:07:59,543.4540711204651
2022-03-30 10:08:04,532.21
2022-03-30 10:08:09,543.4146923514488
2022-03-30 10:08:14,532.21
2022-03-30 10:08:19,532.2
2022-03-30 10:08:24,543.3556241979245
2022-03-30 10:08:29,532.2
2022-03-30 10:08:34,532.14
2022-03-30 10:08:39,532.14
2022-03-30 10:08:44,532.14
2022-03-30 10:08:49,543.2571772753839
2022-03-30 10:08:54,532.14
2022-03-30 10:08:59,532.11
2022-03-30 10:09:04,532.11
2022-03-30 10:09:09,532.14
2022-03-30 10:09:14,532.11
2022-03-30 10:09:19,532.11
2022-03-30 10:09:24,532.11
2022-03-30 10:09:29,543.0996621993188
2022-03-30 10:09:34,543.0799728148108
2022-03-30 10:09:39,543.0602834303027
2022-03-30 10:09:44,532.11
2022-03-30 10:09:49,532.11
2022-03-30 10:09:54,532.11
2022-03-30 10:09:59,532.14
2022-03-30 10:10:04,532.14
2022-03-30 10:10:09,532.21
2022-03-30 10:10:14,542.9224577387457
2022-03-30 10:10:19,532.14
2022-03-30 10:10:24,542.8830789697296
2022-03-30 10:10:29,532.21
2022-03-30 10:10:34,532.27
2022-03-30 10:10:39,542.8240108162053
2022-03-30 10:10:44,542.8043214316971
2022-03-30 10:10:49,532.27
2022-03-30 10:10:54,542.7649426626808
2022-03-30 10:10:59,532.27
2022-03-30 10:11:04,532.27
2022-03-30 10:11:09,542.7058745091565
2022-03-30 10:11:14,542.6861851246483
2022-03-30 10:11:19,532.27
2022-03-30 10:11:24,532.27
2022-03-30 10:11:29,532.27
2022-03-30 10:11:34,542.6074275866157
2022-03-30 10:11:39,532.21
2022-03-30 10:11:44,542.5680488175996
2022-03-30 10:11:49,532.28
2022-03-30 10:11:54,532.27
2022-03-30 10:11:59,532.27
2022-03-30 10:12:04,532.27
2022-03-30 10:12:09,532.21
2022-03-30 10:12:14,542.4499125105508
2022-03-30 10:12:19,532.21
2022-03-30 10:12:24,542.4105337415347
2022-03-30 10:12:29,532.21
2022-03-30 10:12:34,542.3711549725183
2022-03-30 10:12:39,542.3514655880103
2022-03-30 10:12:44,532.28
2022-03-30 10:12:49,542.312086818994
2022-03-30 10:12:54,532.28
2022-03-30 10:12:59,532.28
2022-03-30 10:13:04,542.2530186654695
2022-03-30 10:13:09,532.34
2022-03-30 10:13:14,532.34
2022-03-30 10:13:19,532.34
2022-03-30 10:13:24,532.34
2022-03-30 10:13:29,532.34
2022-03-30 10:13:34,532.38
2022-03-30 10:13:39,532.37
2022-03-30 10:13:44,532.37
2022-03-30 10:13:49,542.0758142048965
2022-03-30 10:13:54,532.44
2022-03-30 10:13:59,542.0364354358803
2022-03-30 10:14:04,532.44
2022-03-30 10:14:09,532.51
2022-03-30 10:14:14,532.57
2022-03-30 10:14:19,532.51
2022-03-30 10:14:24,532.57
2022-03-30 10:14:29,532.57
2022-03-30 10:14:34,532.64
2022-03-30 10:14:39,532.64
2022-03-30 10:14:44,532.67
2022-03-30 10:14:49,532.73
2022-03-30 10:14:54,532.8
2022-03-30 10:14:59,532.8
2022-03-30 10:15:04,532.8
2022-03-30 10:15:09,532.8
2022-03-30 10:15:14,532.87
2022-03-30 10:15:19,541.7214052837503
2022-03-30 10:15:24,541.7017158992422
2022-03-30 10:15:29,541.682026514734
2022-03-30 10:15:34,532.97
2022-03-30 10:15:39,532.97
2022-03-30 10:15:44,541.6229583612097
2022-03-30 10:15:49,533.04
2022-03-30 10:15:54,533.1
2022-03-30 10:15:59,533.16
2022-03-30 10:16:04,541.5442008231772
2022-03-30 10:16:09,533.16
2022-03-30 10:16:14,533.16
2022-03-30 10:16:19,533.2
2022-03-30 10:16:24,533.19
2022-03-30 10:16:29,533.26
2022-03-30 10:16:34,541.4260645161285
2022-03-30 10:16:39,533.32
2022-03-30 10:16:44,533.26
2022-03-30 10:16:49,533.33
2022-03-30 10:16:54,533.33
2022-03-30 10:16:59,533.33
2022-03-30 10:17:04,541.3079282090797
2022-03-30 10:17:09,541.2882388245715
2022-03-30 10:17:14,541.2685494400636
2022-03-30 10:17:19,541.2488600555554
2022-03-30 10:17:24,533.33
2022-03-30 10:17:29,541.2094812865391
2022-03-30 10:17:34,533.33
2022-03-30 10:17:39,533.33
2022-03-30 10:17:44,533.26
2022-03-30 10:17:49,541.1307237485066
2022-03-30 10:17:54,533.33
2022-03-30 10:17:59,533.33
2022-03-30 10:18:04,533.33
2022-03-30 10:18:09,533.33
2022-03-30 10:18:14,533.33
2022-03-30 10:18:19,533.33
2022-03-30 10:18:24,533.33
2022-03-30 10:18:29,533.26
2022-03-30 10:18:34,540.9535192879335
2022-03-30 10:18:39,533.33
2022-03-30 10:18:44,540.9141405189174
2022-03-30 10:18:49,533.33
2022-03-30 10:18:54,533.33
2022-03-30 10:18:59,533.32
2022-03-30 10:19:04,540.8353829808848
2022-03-30 10:19:09,540.8156935963766
2022-03-30 10:19:14,540.7960042118686
2022-03-30 10:19:19,533.32
2022-03-30 10:19:24,533.32
2022-03-30 10:19:29,533.32
2022-03-30 10:19:34,533.32
2022-03-30 10:19:39,533.26
2022-03-30 10:19:44,533.26
2022-03-30 10:19:49,533.26
2022-03-30 10:19:54,533.26
2022-03-30 10:19:59,540.6187997512953
2022-03-30 10:20:04,540.5991103667874
2022-03-30 10:20:09,533.19
2022-03-30 10:20:14,533.16
2022-03-30 10:20:19,533.16
2022-03-30 10:20:24,533.09
2022-03-30 10:20:29,533.09
2022-03-30 10:20:34,533.09
2022-03-30 10:20:39,533.03
2022-03-30 10:20:44,540.478939852621
2022-03-30 10:20:49,532.96
2022-03-30 10:20:54,540.4580793476807
2022-03-30 10:20:59,532.96
2022-03-30 10:21:04,532.96
2022-03-30 10:21:09,540.4267885902701
2022-03-30 10:21:14,540.4163583377999
2022-03-30 10:21:19,540.4059280853298
2022-03-30 10:21:24,540.3954978328596
2022-03-30 10:21:29,532.89
2022-03-30 10:21:34,532.89
2022-03-30 10:21:39,532.89
2022-03-30 10:21:44,540.3537768229788
2022-03-30 10:21:49,540.3433465705087
2022-03-30 10:21:54,532.85
2022-03-30 10:21:59,532.86
2022-03-30 10:22:04,532.85
2022-03-30 10:22:09,540.301625560628
2022-03-30 10:22:14,540.2911953081577
2022-03-30 10:22:19,532.72
2022-03-30 10:22:24,540.2703348032175
2022-03-30 10:22:29,532.72
2022-03-30 10:22:34,532.66
2022-03-30 10:22:39,540.239044045807
2022-03-30 10:22:44,540.2286137933368
2022-03-30 10:22:49,540.2181835408666
2022-03-30 10:22:54,532.63
2022-03-30 10:22:59,532.63
2022-03-30 10:23:04,532.56
2022-03-30 10:23:09,540.1764625309859
2022-03-30 10:23:14,532.5
2022-03-30 10:23:19,532.5
2022-03-30 10:23:24,532.43
2022-03-30 10:23:29,540.1347415211051
2022-03-30 10:23:34,532.37
2022-03-30 10:23:39,532.37
2022-03-30 10:23:44,532.37
2022-03-30 10:23:49,532.33
2022-03-30 10:23:54,532.34
2022-03-30 10:23:59,532.27
2022-03-30 10:24:04,532.27
2022-03-30 10:24:09,532.27
2022-03-30 10:24:14,532.21
2022-03-30 10:24:19,540.0304389964033
2022-03-30 10:24:24,540.0200087439332
2022-03-30 10:24:29,532.11
2022-03-30 10:24:34,539.9991482389928
2022-03-30 10:24:39,532.05
2022-03-30 10:24:44,531.98
2022-03-30 10:24:49,539.9678574815822
2022-03-30 10:24:54,531.92
2022-03-30 10:24:59,539.9469969766419
2022-03-30 10:25:04,531.92
2022-03-30 10:25:09,531.92
2022-03-30 10:25:14,539.9157062192313
2022-03-30 10:25:19,531.86
2022-03-30 10:25:24,531.82
2022-03-30 10:25:29,531.82
2022-03-30 10:25:34,531.82
2022-03-30 10:25:39,531.76
2022-03-30 10:25:44,539.8531247044102
2022-03-30 10:25:49,531.69
2022-03-30 10:25:54,531.7
2022-03-30 10:25:59,531.7
2022-03-30 10:26:04,531.63
2022-03-30 10:26:09,531.63
2022-03-30 10:26:14,539.7905431895892
2022-03-30 10:26:19,539.7801129371189
2022-03-30 10:26:24,531.6
2022-03-30 10:26:29,531.53
2022-03-30 10:26:34,531.47
2022-03-30 10:26:39,531.4
2022-03-30 10:26:44,539.7279616747682
2022-03-30 10:26:49,539.717531422298
2022-03-30 10:26:54,531.4
2022-03-30 10:26:59,539.6966709173576
2022-03-30 10:27:04,539.6862406648874
2022-03-30 10:27:09,531.31
2022-03-30 10:27:14,539.6653801599471
2022-03-30 10:27:19,539.6549499074769
2022-03-30 10:27:24,531.24
2022-03-30 10:27:29,531.24
2022-03-30 10:27:34,531.18
2022-03-30 10:27:39,539.6132288975962
2022-03-30 10:27:44,531.18
2022-03-30 10:27:49,531.11
2022-03-30 10:27:54,531.11
2022-03-30 10:27:59,531.11
2022-03-30 10:28:04,531.11
2022-03-30 10:28:09,531.11
2022-03-30 10:28:14,531.11
2022-03-30 10:28:19,531.17
2022-03-30 10:28:24,531.17
2022-03-30 10:28:29,539.5089263728944
2022-03-30 10:28:34,531.17
2022-03-30 10:28:39,531.17
2022-03-30 10:28:44,531.17
2022-03-30 10:28:49,531.23
2022-03-30 10:28:54,531.17
2022-03-30 10:28:59,539.4463448580733
2022-03-30 10:29:04,531.3
2022-03-30 10:29:09,531.29
2022-03-30 10:29:14,531.29
2022-03-30 10:29:19,531.29
2022-03-30 10:29:24,531.32
2022-03-30 10:29:29,531.32
2022-03-30 10:29:34,539.373333090782
2022-03-30 10:29:39,531.45
2022-03-30 10:29:44,531.51
2022-03-30 10:29:49,531.58
2022-03-30 10:29:54,531.61
2022-03-30 10:29:59,531.61
2022-03-30 10:30:04,539.3107515759609
2022-03-30 10:30:09,531.79
2022-03-30 10:30:14,531.79
2022-03-30 10:30:19,531.83
2022-03-30 10:30:24,531.89
2022-03-30 10:30:29,531.95
2022-03-30 10:30:34,532.08
2022-03-30 10:30:39,532.08
2022-03-30 10:30:44,539.2273095561995
2022-03-30 10:30:49,532.24
2022-03-30 10:30:54,539.2064490512591
2022-03-30 10:30:59,539.196018798789
2022-03-30 10:31:04,532.46
2022-03-30 10:31:09,532.59
2022-03-30 10:31:14,532.62
2022-03-30 10:31:19,539.1542977889083
2022-03-30 10:31:24,532.84
2022-03-30 10:31:29,532.97
2022-03-30 10:31:34,533.04
2022-03-30 10:31:39,533.13
2022-03-30 10:31:44,539.1021465265574
2022-03-30 10:31:49,533.36
2022-03-30 10:31:54,533.48
2022-03-30 10:31:59,539.0708557691469
2022-03-30 10:32:04,533.64
2022-03-30 10:32:09,539.0499952642065
2022-03-30 10:32:14,533.87
2022-03-30 10:32:19,534.06
2022-03-30 10:32:24,534.12
2022-03-30 10:32:29,534.22
2022-03-30 10:32:34,534.35
2022-03-30 10:32:39,534.45
2022-03-30 10:32:44,534.64
2022-03-30 10:32:49,534.74
2022-03-30 10:32:54,538.9561229919748
2022-03-30 10:32:59,538.9456927395046
2022-03-30 10:33:04,535.15
2022-03-30 10:33:09,538.9248322345643
2022-03-30 10:33:14,538.9144019820941
2022-03-30 10:33:19,535.47
2022-03-30 10:33:24,538.8935414771538
2022-03-30 10:33:29,535.76
2022-03-30 10:33:34,535.92
2022-03-30 10:33:39,538.8622507197432
2022-03-30 10:33:44,536.21
2022-03-30 10:33:49,536.35
2022-03-30 10:33:54,536.44
2022-03-30 10:33:59,536.63
2022-03-30 10:34:04,536.79
2022-03-30 10:34:09,536.95
2022-03-30 10:34:14,537.09
2022-03-30 10:34:19,537.24
2022-03-30 10:34:24,537.44
2022-03-30 10:34:29,537.6
2022-03-30 10:34:34,538.783771520612
2022-03-30 10:34:39,537.98
2022-03-30 10:34:44,538.05
2022-03-30 10:34:49,538.8640806329536
2022-03-30 10:34:54,538.4
2022-03-30 10:34:59,538.56
2022-03-30 10:35:04,538.9443897452951
2022-03-30 10:35:09,538.79
2022-03-30 10:35:14,539.02
2022-03-30 10:35:19,539.0246988576366
2022-03-30 10:35:24,539.27
2022-03-30 10:35:29,539.0782382658645
2022-03-30 10:35:34,539.105007969978
2022-03-30 10:35:39,539.1317776740921
2022-03-30 10:35:44,539.1585473782059
2022-03-30 10:35:49,540.02
2022-03-30 10:35:54,540.18
2022-03-30 10:35:59,540.31
2022-03-30 10:36:04,539.2656261946611
2022-03-30 10:36:09,539.292395898775
2022-03-30 10:36:14,540.63
2022-03-30 10:36:19,539.3459353070026
2022-03-30 10:36:24,540.82
2022-03-30 10:36:29,540.92
2022-03-30 10:36:34,541.05
2022-03-30 10:36:39,539.453014123458
2022-03-30 10:36:44,539.479783827572
2022-03-30 10:36:49,541.21
2022-03-30 10:36:54,541.27
2022-03-30 10:36:59,541.34
2022-03-30 10:37:04,541.37
2022-03-30 10:37:09,539.613632348141
2022-03-30 10:37:14,541.44
2022-03-30 10:37:19,541.37
2022-03-30 10:37:24,541.37
2022-03-30 10:37:29,539.7207111645964
2022-03-30 10:37:34,541.37
2022-03-30 10:37:39,541.34
2022-03-30 10:37:44,541.34
2022-03-30 10:37:49,541.34
2022-03-30 10:37:54,541.27
2022-03-30 10:37:59,541.15
2022-03-30 10:38:04,541.15
2022-03-30 10:38:09,541.08
2022-03-30 10:38:14,541.05
2022-03-30 10:38:19,540.92
2022-03-30 10:38:24,540.0151779098485
2022-03-30 10:38:29,540.82
2022-03-30 10:38:34,540.7
2022-03-30 10:38:39,540.64
2022-03-30 10:38:44,540.54
2022-03-30 10:38:49,540.41
2022-03-30 10:38:54,540.31
2022-03-30 10:38:59,540.25
2022-03-30 10:39:04,540.05
2022-03-30 10:39:09,540.02
2022-03-30 10:39:14,539.89
2022-03-30 10:39:19,539.73
2022-03-30 10:39:24,539.61
2022-03-30 10:39:29,540.3631840633284
2022-03-30 10:39:34,539.28
2022-03-30 10:39:39,539.22
2022-03-30 10:39:44,539.02
2022-03-30 10:39:49,538.93
2022-03-30 10:39:54,538.8
2022-03-30 10:39:59,538.7
2022-03-30 10:40:04,538.57
2022-03-30 10:40:09,540.577341696239
2022-03-30 10:40:14,538.29
2022-03-30 10:40:19,538.19
2022-03-30 10:40:24,538.0
2022-03-30 10:40:29,537.9
2022-03-30 10:40:34,537.77
2022-03-30 10:40:39,537.67
2022-03-30 10:40:44,537.54
2022-03-30 10:40:49,537.38
2022-03-30 10:40:54,540.8182690332635
2022-03-30 10:40:59,537.16
2022-03-30 10:41:04,536.97
2022-03-30 10:41:09,536.81
2022-03-30 10:41:14,536.71
2022-03-30 10:41:19,540.9521175538329
2022-03-30 10:41:24,540.9788872579466
2022-03-30 10:41:29,536.29
2022-03-30 10:41:34,536.2
2022-03-30 10:41:39,536.07
2022-03-30 10:41:44,535.94
2022-03-30 10:41:49,541.1127357785159
2022-03-30 10:41:54,535.69
2022-03-30 10:41:59,541.1662751867434
2022-03-30 10:42:04,535.4
2022-03-30 10:42:09,535.27
2022-03-30 10:42:14,541.2465842990849
2022-03-30 10:42:19,534.98
2022-03-30 10:42:24,541.3001237073128
2022-03-30 10:42:29,534.76
2022-03-30 10:42:34,541.3536631155404
2022-03-30 10:42:39,541.3804328196543
2022-03-30 10:42:44,534.47
2022-03-30 10:42:49,534.31
2022-03-30 10:42:54,534.18
2022-03-30 10:42:59,541.4875116361094
2022-03-30 10:43:04,541.5142813402233
2022-03-30 10:43:09,541.5410510443372
2022-03-30 10:43:14,533.8
2022-03-30 10:43:19,541.5945904525648
2022-03-30 10:43:24,533.57
2022-03-30 10:43:29,533.44
2022-03-30 10:43:34,533.38
2022-03-30 10:43:39,533.22
2022-03-30 10:43:44,541.728438973134
2022-03-30 10:43:49,541.7552086772479
2022-03-30 10:43:54,532.99
2022-03-30 10:43:59,532.86
2022-03-30 10:44:04,532.77
2022-03-30 10:44:09,541.8622874937033
2022-03-30 10:44:14,532.61
2022-03-30 10:44:19,532.48
2022-03-30 10:44:24,532.35
2022-03-30 10:44:29,532.32
2022-03-30 10:44:34,541.9961360142723
2022-03-30 10:44:39,532.12
2022-03-30 10:44:44,542.0496754225
2022-03-30 10:44:49,532.03
2022-03-30 10:44:54,542.1032148307278
2022-03-30 10:44:59,531.9
2022-03-30 10:45:04,542.1567542389554
2022-03-30 10:45:09,531.74
2022-03-30 10:45:14,542.210293647183
2022-03-30 10:45:19,531.67
2022-03-30 10:45:24,531.61
2022-03-30 10:45:29,542.2906027595244
2022-03-30 10:45:34,542.3173724636383
2022-03-30 10:45:39,542.3441421677522
2022-03-30 10:45:44,542.3709118718659
2022-03-30 10:45:49,531.32
2022-03-30 10:45:54,531.22
2022-03-30 10:45:59,542.4512209842075
2022-03-30 10:46:04,531.09
2022-03-30 10:46:09,531.06
2022-03-30 10:46:14,530.99
2022-03-30 10:46:19,542.5582998006629
2022-03-30 10:46:24,530.93
2022-03-30 10:46:29,542.6118392088907
2022-03-30 10:46:34,542.6386089130044
2022-03-30 10:46:39,542.6653786171183
2022-03-30 10:46:44,530.77
2022-03-30 10:46:49,530.7
2022-03-30 10:46:54,542.7456877294597
2022-03-30 10:46:59,530.63
2022-03-30 10:47:04,542.7992271376874
2022-03-30 10:47:09,530.54
2022-03-30 10:47:14,542.8527665459152
2022-03-30 10:47:19,530.47
2022-03-30 10:47:24,530.41
2022-03-30 10:47:29,542.9330756582567
2022-03-30 10:47:34,542.9598453623704
2022-03-30 10:47:39,530.24
2022-03-30 10:47:44,530.18
2022-03-30 10:47:49,530.11
2022-03-30 10:47:54,543.0669241788258
2022-03-30 10:47:59,530.05
2022-03-30 10:48:04,529.95
2022-03-30 10:48:09,543.1472332911673
2022-03-30 10:48:14,543.1740029952812
2022-03-30 10:48:19,543.2007726993949
2022-03-30 10:48:24,529.76
2022-03-30 10:48:29,543.2543121076227
2022-03-30 10:48:34,529.6
2022-03-30 10:48:39,529.53
2022-03-30 10:48:44,529.5
2022-03-30 10:48:49,529.43
2022-03-30 10:48:54,529.37
2022-03-30 10:48:59,543.2913212692096
2022-03-30 10:49:04,543.2929459768097
2022-03-30 10:49:09,529.21
2022-03-30 10:49:14,529.14
2022-03-30 10:49:19,529.08
2022-03-30 10:49:24,529.01
2022-03-30 10:49:29,529.01
2022-03-30 10:49:34,528.98
2022-03-30 10:49:39,528.98
2022-03-30 10:49:44,543.3059436376118
2022-03-30 10:49:49,543.307568345212
2022-03-30 10:49:54,528.85
2022-03-30 10:49:59,528.85
2022-03-30 10:50:04,528.79
2022-03-30 10:50:09,543.314067175613
2022-03-30 10:50:14,528.79
2022-03-30 10:50:19,528.72
2022-03-30 10:50:24,528.72
2022-03-30 10:50:29,543.320566006014
2022-03-30 10:50:34,543.3221907136142
2022-03-30 10:50:39,528.69
2022-03-30 10:50:44,528.72
2022-03-30 10:50:49,528.69
2022-03-30 10:50:54,543.3286895440152
2022-03-30 10:50:59,528.69
2022-03-30 10:51:04,528.69
2022-03-30 10:51:09,528.73
2022-03-30 10:51:14,528.79
2022-03-30 10:51:19,528.79
2022-03-30 10:51:24,528.79
2022-03-30 10:51:29,528.85
2022-03-30 10:51:34,543.3416872048172
2022-03-30 10:51:39,528.92
2022-03-30 10:51:44,543.3449366200177
2022-03-30 10:51:49,528.98
2022-03-30 10:51:54,528.99
2022-03-30 10:51:59,528.99
2022-03-30 10:52:04,529.02
2022-03-30 10:52:09,529.08
2022-03-30 10:52:14,529.15
2022-03-30 10:52:19,543.3563095732194
2022-03-30 10:52:24,529.24
2022-03-30 10:52:29,529.31
2022-03-30 10:52:34,529.24
2022-03-30 10:52:39,529.37
2022-03-30 10:52:44,529.37
2022-03-30 10:52:49,529.5
2022-03-30 10:52:54,529.5
2022-03-30 10:52:59,543.3693072340213
2022-03-30 10:53:04,543.3709319416216
2022-03-30 10:53:09,529.66
2022-03-30 10:53:14,529.76
2022-03-30 10:53:19,529.82
2022-03-30 10:53:24,543.3774307720226
2022-03-30 10:53:29,529.95
2022-03-30 10:53:34,530.05
2022-03-30 10:53:39,530.11
2022-03-30 10:53:44,530.18
2022-03-30 10:53:49,530.27
2022-03-30 10:53:54,530.34
2022-03-30 10:53:59,530.47
2022-03-30 10:54:04,543.3904284328246
2022-03-30 10:54:09,530.63
2022-03-30 10:54:14,530.75
2022-03-30 10:54:19,543.3953025556253
2022-03-30 10:54:24,543.3969272632256
2022-03-30 10:54:29,543.3985519708258
2022-03-30 10:54:34,531.08
2022-03-30 10:54:39,543.4018013860264
2022-03-30 10:54:44,543.4034260936265
2022-03-30 10:54:49,531.49
2022-03-30 10:54:54,531.56
2022-03-30 10:54:59,543.4083002164273
2022-03-30 10:55:04,543.4099249240276
2022-03-30 10:55:09,531.88
2022-03-30 10:55:14,532.07
2022-03-30 10:55:19,532.16
2022-03-30 10:55:24,532.3
2022-03-30 10:55:29,532.39
2022-03-30 10:55:34,543.419673169629
2022-03-30 10:55:39,532.68
2022-03-30 10:55:44,532.81
2022-03-30 10:55:49,543.4245472924298
2022-03-30 10:55:54,533.03
2022-03-30 10:55:59,533.13
2022-03-30 10:56:04,533.32
2022-03-30 10:56:09,533.42
2022-03-30 10:56:14,543.432670830431
2022-03-30 10:56:19,533.7
2022-03-30 10:56:24,543.4359202456315
2022-03-30 10:56:29,533.93
2022-03-30 10:56:34,534.06
2022-03-30 10:56:39,543.4407943684322
2022-03-30 10:56:44,534.28
2022-03-30 10:56:49,534.35
2022-03-30 10:56:54,543.4456684912329
2022-03-30 10:56:59,534.57
2022-03-30 10:57:04,534.67
2022-03-30 10:57:09,543.4505426140337
2022-03-30 10:57:14,534.95
2022-03-30 10:57:19,535.01
2022-03-30 10:57:24,535.08
2022-03-30 10:57:29,535.18
2022-03-30 10:57:34,543.458666152035
2022-03-30 10:57:39,535.4
2022-03-30 10:57:44,535.4
2022-03-30 10:57:49,535.59
2022-03-30 10:57:54,535.66
2022-03-30 10:57:59,535.69
2022-03-30 10:58:04,543.4684143976365
2022-03-30 10:58:09,535.91
2022-03-30 10:58:14,535.97
2022-03-30 10:58:19,536.1
2022-03-30 10:58:24,536.17
2022-03-30 10:58:29,543.4765379356377
2022-03-30 10:58:34,543.478162643238
2022-03-30 10:58:39,536.43
2022-03-30 10:58:44,536.49
2022-03-30 10:58:49,536.55
2022-03-30 10:58:54,536.68
2022-03-30 10:58:59,536.72
2022-03-30 10:59:04,543.4879108888395
2022-03-30 10:59:09,536.84
2022-03-30 10:59:14,536.91
2022-03-30 10:59:19,543.4927850116401
2022-03-30 10:59:24,537.0
2022-03-30 10:59:29,543.4960344268407
2022-03-30 10:59:34,537.13
2022-03-30 10:59:39,543.4992838420411
2022-03-30 10:59:44,543.5009085496414
2022-03-30 10:59:49,537.3
2022-03-30 10:59:54,543.5041579648419
2022-03-30 10:59:59,543.5057826724421
2022-03-30 11:00:04,537.36
2022-03-30 11:00:09,543.5090320876426
2022-03-30 11:00:14,537.46
2022-03-30 11:00:19,543.512281502843
2022-03-30 11:00:24,537.59
2022-03-30 11:00:29,537.52
2022-03-30 11:00:34,537.59
2022-03-30 11:00:39,537.59
2022-03-30 11:00:44,543.5204050408444
2022-03-30 11:00:49,537.72
2022-03-30 11:00:54,537.72
2022-03-30 11:00:59,543.5252791636451
2022-03-30 11:01:04,537.72
2022-03-30 11:01:09,537.76
2022-03-30 11:01:14,543.5301532864459
2022-03-30 11:01:19,537.76
2022-03-30 11:01:24,537.88
2022-03-30 11:01:29,543.5350274092466
2022-03-30 11:01:34,537.95
2022-03-30 11:01:39,537.95
2022-03-30 11:01:44,543.5399015320473
2022-03-30 11:01:49,537.95
2022-03-30 11:01:54,537.98
2022-03-30 11:01:59,543.5447756548481
2022-03-30 11:02:04,543.5464003624483
2022-03-30 11:02:09,538.05
2022-03-30 11:02:14,538.05
2022-03-30 11:02:19,538.05
2022-03-30 11:02:24,538.05
2022-03-30 11:02:29,538.11
2022-03-30 11:02:34,543.5561486080497
2022-03-30 11:02:39,543.55777331565
2022-03-30 11:02:44,543.5614712625037
2022-03-30 11:02:49,538.11
2022-03-30 11:02:54,538.18
2022-03-30 11:02:59,538.18
2022-03-30 11:03:04,538.18
2022-03-30 11:03:09,543.5816886961496
2022-03-30 11:03:14,538.18
2022-03-30 11:03:19,538.18
2022-03-30 11:03:24,538.18
2022-03-30 11:03:29,538.18
2022-03-30 11:03:34,538.18
2022-03-30 11:03:39,538.18
2022-03-30 11:03:44,538.12
2022-03-30 11:03:49,543.6140365899831
2022-03-30 11:03:54,543.6180800767123
2022-03-30 11:03:59,538.18
2022-03-30 11:04:04,538.18
2022-03-30 11:04:09,543.6302105368999
2022-03-30 11:04:14,538.24
2022-03-30 11:04:19,538.25
2022-03-30 11:04:24,543.6423409970874
2022-03-30 11:04:29,538.24
2022-03-30 11:04:34,543.6504279705458
2022-03-30 11:04:39,538.24
2022-03-30 11:04:44,538.24
2022-03-30 11:04:49,543.6625584307334
2022-03-30 11:04:54,543.6666019174626
2022-03-30 11:04:59,538.24
2022-03-30 11:05:04,543.674688890921
2022-03-30 11:05:09,538.24
2022-03-30 11:05:14,543.6827758643793
2022-03-30 11:05:19,538.17
2022-03-30 11:05:24,543.6908628378377
2022-03-30 11:05:29,538.11
2022-03-30 11:05:34,543.6989498112961
2022-03-30 11:05:39,538.1
2022-03-30 11:05:44,543.7070367847545
2022-03-30 11:05:49,538.04
2022-03-30 11:05:54,543.7151237582128
2022-03-30 11:05:59,537.98
2022-03-30 11:06:04,537.98
2022-03-30 11:06:09,537.98
2022-03-30 11:06:14,538.04
2022-03-30 11:06:19,537.94
2022-03-30 11:06:24,537.97
2022-03-30 11:06:29,537.97
2022-03-30 11:06:34,537.97
2022-03-30 11:06:39,537.94
2022-03-30 11:06:44,537.97
2022-03-30 11:06:49,543.7596021122339
2022-03-30 11:06:54,543.7636455989631
2022-03-30 11:06:59,537.97
2022-03-30 11:07:04,537.97
2022-03-30 11:07:09,537.97
2022-03-30 11:07:14,537.97
2022-03-30 11:07:19,543.783863032609
2022-03-30 11:07:24,537.96
2022-03-30 11:07:29,537.97
2022-03-30 11:07:34,543.7959934927966
2022-03-30 11:07:39,537.97
2022-03-30 11:07:44,537.93
2022-03-30 11:07:49,537.93
2022-03-30 11:07:54,537.96
2022-03-30 11:07:59,543.8162109264425
2022-03-30 11:08:04,537.93
2022-03-30 11:08:09,537.93
2022-03-30 11:08:14,537.93
2022-03-30 11:08:19,537.93
2022-03-30 11:08:24,543.8364283600885
2022-03-30 11:08:29,537.96
2022-03-30 11:08:34,537.96
2022-03-30 11:08:39,537.96
2022-03-30 11:08:44,537.96
2022-03-30 11:08:49,537.96
2022-03-30 11:08:54,537.96
2022-03-30 11:08:59,537.96
2022-03-30 11:09:04,537.96
2022-03-30 11:09:09,537.96
2022-03-30 11:09:14,543.8768632273803
2022-03-30 11:09:19,537.96
2022-03-30 11:09:24,537.96
2022-03-30 11:09:29,537.96
2022-03-30 11:09:34,537.96
2022-03-30 11:09:39,537.93
2022-03-30 11:09:44,537.96
2022-03-30 11:09:49,543.9051676344847
2022-03-30 11:09:54,537.96
2022-03-30 11:09:59,537.93
2022-03-30 11:10:04,537.93
2022-03-30 11:10:09,537.93
2022-03-30 11:10:14,537.87
2022-03-30 11:10:19,537.87
2022-03-30 11:10:24,543.933472041589
2022-03-30 11:10:29,537.87
2022-03-30 11:10:34,537.81
2022-03-30 11:10:39,537.81
2022-03-30 11:10:44,537.81
2022-03-30 11:10:49,537.74
2022-03-30 11:10:54,537.74
2022-03-30 11:10:59,543.9617764486933
2022-03-30 11:11:04,543.9658199354225
2022-03-30 11:11:09,537.71
2022-03-30 11:11:14,537.65
2022-03-30 11:11:19,537.71
2022-03-30 11:11:24,537.65
2022-03-30 11:11:29,537.65
2022-03-30 11:11:34,537.65
2022-03-30 11:11:39,537.65
2022-03-30 11:11:44,537.65
2022-03-30 11:11:49,544.0022113159852
2022-03-30 11:11:54,537.65
2022-03-30 11:11:59,544.0102982894435
2022-03-30 11:12:04,537.65
2022-03-30 11:12:09,537.65
2022-03-30 11:12:14,537.72
2022-03-30 11:12:19,537.72
2022-03-30 11:12:24,544.0305157230895
2022-03-30 11:12:29,537.75
2022-03-30 11:12:34,544.0386026965479
2022-03-30 11:12:39,537.81
2022-03-30 11:12:44,544.0466896700063
2022-03-30 11:12:49,537.81
2022-03-30 11:12:54,537.88
2022-03-30 11:12:59,537.88
2022-03-30 11:13:04,537.88
2022-03-30 11:13:09,537.95
2022-03-30 11:13:14,537.95
2022-03-30 11:13:19,537.98
2022-03-30 11:13:24,537.98
2022-03-30 11:13:29,538.04
2022-03-30 11:13:34,538.11
2022-03-30 11:13:39,544.0911680240274
2022-03-30 11:13:44,538.17
2022-03-30 11:13:49,538.24
2022-03-30 11:13:54,538.24
2022-03-30 11:13:59,538.24
2022-03-30 11:14:04,538.27
2022-03-30 11:14:09,538.27
2022-03-30 11:14:14,538.4
2022-03-30 11:14:19,538.34
2022-03-30 11:14:24,538.4
2022-03-30 11:14:29,538.46
2022-03-30 11:14:34,538.5
2022-03-30 11:14:39,538.5
2022-03-30 11:14:44,538.56
2022-03-30 11:14:49,538.56
2022-03-30 11:14:54,538.63
2022-03-30 11:14:59,538.69
2022-03-30 11:15:04,538.76
2022-03-30 11:15:09,544.1639507851528
2022-03-30 11:15:14,544.167994271882
2022-03-30 11:15:19,538.79
2022-03-30 11:15:24,538.92
2022-03-30 11:15:29,544.1801247320695
2022-03-30 11:15:34,544.1841682187987
2022-03-30 11:15:39,544.1882117055279
2022-03-30 11:15:44,539.08
2022-03-30 11:15:49,544.1962986789863
2022-03-30 11:15:54,539.27
2022-03-30 11:15:59,539.31
2022-03-30 11:16:04,544.2084291391739
2022-03-30 11:16:09,539.5
2022-03-30 11:16:14,544.2165161126322
2022-03-30 11:16:19,539.6
2022-03-30 11:16:24,539.66
2022-03-30 11:16:29,544.2286465728198
2022-03-30 11:16:34,544.232690059549
2022-03-30 11:16:39,539.89
2022-03-30 11:16:44,544.2407770330074
2022-03-30 11:16:49,544.2433815071719
2022-03-30 11:16:54,544.2456227012037
2022-03-30 11:16:59,540.18
2022-03-30 11:17:04,540.31
2022-03-30 11:17:09,544.2523462832991
2022-03-30 11:17:14,540.41
2022-03-30 11:17:19,544.2568286713627
2022-03-30 11:17:24,540.54
2022-03-30 11:17:29,540.57
2022-03-30 11:17:34,544.2635522534581
2022-03-30 11:17:39,540.77
2022-03-30 11:17:44,544.2680346415217
2022-03-30 11:17:49,540.93
2022-03-30 11:17:54,544.2725170295853
2022-03-30 11:17:59,541.06
2022-03-30 11:18:04,541.15
2022-03-30 11:18:09,544.2792406116807
2022-03-30 11:18:14,541.29
2022-03-30 11:18:19,541.29
2022-03-30 11:18:24,544.2859641937762
2022-03-30 11:18:29,541.45
2022-03-30 11:18:34,541.58
2022-03-30 11:18:39,541.61
2022-03-30 11:18:44,541.67
2022-03-30 11:18:49,541.74
2022-03-30 11:18:54,544.299411357967
2022-03-30 11:18:59,541.87
2022-03-30 11:19:04,541.9
2022-03-30 11:19:09,541.97
2022-03-30 11:19:14,542.1
2022-03-30 11:19:19,542.13
2022-03-30 11:19:24,542.19
2022-03-30 11:19:29,542.26
2022-03-30 11:19:34,542.26
2022-03-30 11:19:39,542.39
2022-03-30 11:19:44,542.39
2022-03-30 11:19:49,542.42
2022-03-30 11:19:54,542.55
2022-03-30 11:19:59,542.61
2022-03-30 11:20:04,542.64
2022-03-30 11:20:09,544.333029268444
2022-03-30 11:20:14,542.71
2022-03-30 11:20:19,544.3375116565077
2022-03-30 11:20:24,542.91
2022-03-30 11:20:29,542.94
2022-03-30 11:20:34,543.0
2022-03-30 11:20:39,544.3464764326349
2022-03-30 11:20:44,544.3487176266666
2022-03-30 11:20:49,543.16
2022-03-30 11:20:54,544.3532000147303
2022-03-30 11:20:59,543.35
2022-03-30 11:21:04,543.42
2022-03-30 11:21:09,543.51
2022-03-30 11:21:14,543.58
2022-03-30 11:21:19,543.64
2022-03-30 11:21:24,543.74
2022-03-30 11:21:29,544.3688883729528
2022-03-30 11:21:34,543.87
2022-03-30 11:21:39,544.3733707610165
2022-03-30 11:21:44,544.03
2022-03-30 11:21:49,544.09
2022-03-30 11:21:54,544.19
2022-03-30 11:21:59,544.32
2022-03-30 11:22:04,544.45
2022-03-30 11:22:09,544.48
2022-03-30 11:22:14,544.3890591192392
2022-03-30 11:22:19,544.67
2022-03-30 11:22:24,544.77
2022-03-30 11:22:29,544.3957827013345
2022-03-30 11:22:34,544.3980238953664
2022-03-30 11:22:39,545.12
2022-03-30 11:22:44,545.18
2022-03-30 11:22:49,545.28
2022-03-30 11:22:54,545.35
2022-03-30 11:22:59,545.47
2022-03-30 11:23:04,545.57
2022-03-30 11:23:09,545.7
2022-03-30 11:23:14,544.4159534476207
2022-03-30 11:23:19,545.86
2022-03-30 11:23:24,544.4204358356844
2022-03-30 11:23:29,546.08
2022-03-30 11:23:34,546.14
2022-03-30 11:23:39,546.24
2022-03-30 11:23:44,546.37
2022-03-30 11:23:49,544.4316418058434
2022-03-30 11:23:54,546.53
2022-03-30 11:23:59,546.72
2022-03-30 11:24:04,546.75
2022-03-30 11:24:09,546.88
2022-03-30 11:24:14,547.01
2022-03-30 11:24:19,547.04
2022-03-30 11:24:24,544.447330164066
2022-03-30 11:24:29,547.27
2022-03-30 11:24:34,547.4
2022-03-30 11:24:39,547.52
2022-03-30 11:24:44,547.56
2022-03-30 11:24:49,547.75
2022-03-30 11:24:54,547.78
2022-03-30 11:24:59,547.91
2022-03-30 11:25:04,548.04
2022-03-30 11:25:09,544.4675009103522
2022-03-30 11:25:14,548.26
2022-03-30 11:25:19,548.36
2022-03-30 11:25:24,548.42
2022-03-30 11:25:29,544.4764656864795
2022-03-30 11:25:34,548.65
2022-03-30 11:25:39,544.4809480745431
2022-03-30 11:25:44,544.4831892685748
2022-03-30 11:25:49,549.0
2022-03-30 11:25:54,544.4876716566384
2022-03-30 11:25:59,549.29
2022-03-30 11:26:04,549.29
2022-03-30 11:26:09,544.4943952387339
2022-03-30 11:26:14,544.4966364327657
2022-03-30 11:26:19,549.61
2022-03-30 11:26:24,549.68
2022-03-30 11:26:29,544.5033600148611
2022-03-30 11:26:34,549.84
2022-03-30 11:26:39,549.97
2022-03-30 11:26:44,550.03
2022-03-30 11:26:49,550.1
2022-03-30 11:26:54,550.19
2022-03-30 11:26:59,550.26
2022-03-30 11:27:04,544.5190483730837
2022-03-30 11:27:09,550.32
2022-03-30 11:27:14,550.35
2022-03-30 11:27:19,550.35
2022-03-30 11:27:24,550.35
2022-03-30 11:27:29,550.42
2022-03-30 11:27:34,544.5324955372746
2022-03-30 11:27:39,550.49
2022-03-30 11:27:44,550.42
2022-03-30 11:27:49,550.42
2022-03-30 11:27:54,550.42
2022-03-30 11:27:59,550.42
2022-03-30 11:28:04,550.32
2022-03-30 11:28:09,550.32
2022-03-30 11:28:14,550.26
2022-03-30 11:28:19,550.19
2022-03-30 11:28:24,550.13
2022-03-30 11:28:29,544.5571486716244
2022-03-30 11:28:34,549.97
2022-03-30 11:28:39,549.81
2022-03-30 11:28:44,544.5638722537199
2022-03-30 11:28:49,544.5661134477516
2022-03-30 11:28:54,549.39
2022-03-30 11:28:59,549.29
2022-03-30 11:29:04,544.572837029847
2022-03-30 11:29:09,548.88
2022-03-30 11:29:14,544.5773194179106
2022-03-30 11:29:19,548.48
2022-03-30 11:29:24,548.26
2022-03-30 11:29:29,544.5840430000061
2022-03-30 11:29:34,547.78
2022-03-30 11:29:39,547.61
2022-03-30 11:29:44,547.26
2022-03-30 11:29:49,544.5930077761333
2022-03-30 11:29:54,546.81
2022-03-30 11:29:59,544.5974901641969
2022-03-30 11:30:04,544.5997313582287
2022-03-30 11:30:09,544.6019725522605
2022-03-30 11:30:14,545.71
2022-03-30 11:30:19,544.606454940324
2022-03-30 11:30:24,545.2
2022-03-30 11:30:29,544.94
2022-03-30 11:30:34,544.65
2022-03-30 11:30:39,544.36
2022-03-30 11:30:44,544.6176609104831
2022-03-30 11:30:49,543.84
2022-03-30 11:30:54,543.61
2022-03-30 11:30:59,544.5953134509153
2022-03-30 11:31:04,543.03
2022-03-30 11:31:09,542.74
2022-03-30 11:31:14,544.5519066540797
2022-03-30 11:31:19,542.29
2022-03-30 11:31:24,542.06
2022-03-30 11:31:29,541.84
2022-03-30 11:31:34,541.58
2022-03-30 11:31:39,541.35
2022-03-30 11:31:44,541.19
2022-03-30 11:31:49,541.03
2022-03-30 11:31:54,540.74
2022-03-30 11:31:59,540.55
2022-03-30 11:32:04,544.4072173312944
2022-03-30 11:32:09,540.22
2022-03-30 11:32:14,540.02
2022-03-30 11:32:19,539.8
2022-03-30 11:32:24,544.3493416021805
2022-03-30 11:32:29,539.57
2022-03-30 11:32:34,539.41
2022-03-30 11:32:39,539.28
2022-03-30 11:32:44,539.06
2022-03-30 11:32:49,544.2769969407877
2022-03-30 11:32:54,544.2625280085093
2022-03-30 11:32:59,544.2480590762308
2022-03-30 11:33:04,538.66
2022-03-30 11:33:09,538.6
2022-03-30 11:33:14,544.2046522793952
2022-03-30 11:33:19,544.1901833471167
2022-03-30 11:33:24,538.3
2022-03-30 11:33:29,538.21
2022-03-30 11:33:34,538.14
2022-03-30 11:33:39,538.01
2022-03-30 11:33:44,544.1178386857241
2022-03-30 11:33:49,537.85
2022-03-30 11:33:54,537.72
2022-03-30 11:33:59,537.69
2022-03-30 11:34:04,544.05996295661
2022-03-30 11:34:09,537.49
2022-03-30 11:34:14,537.43
2022-03-30 11:34:19,544.0165561597744
2022-03-30 11:34:24,537.2
2022-03-30 11:34:29,537.2
2022-03-30 11:34:34,537.1
2022-03-30 11:34:39,537.04
2022-03-30 11:34:44,537.04
2022-03-30 11:34:49,543.9297425661033
2022-03-30 11:34:54,543.9152736338247
2022-03-30 11:34:59,536.81
2022-03-30 11:35:04,543.8863357692677
2022-03-30 11:35:09,543.8718668369892
2022-03-30 11:35:14,536.59
2022-03-30 11:35:19,543.8429289724321
2022-03-30 11:35:24,543.8284600401536
2022-03-30 11:35:29,536.39
2022-03-30 11:35:34,536.29
2022-03-30 11:35:39,536.23
2022-03-30 11:35:44,536.17
2022-03-30 11:35:49,536.13
2022-03-30 11:35:54,543.7416464464825
2022-03-30 11:35:59,535.94
2022-03-30 11:36:04,535.94
2022-03-30 11:36:09,543.6982396496469
2022-03-30 11:36:14,535.84
2022-03-30 11:36:19,535.71
2022-03-30 11:36:24,535.65
2022-03-30 11:36:29,535.65
2022-03-30 11:36:34,535.55
2022-03-30 11:36:39,535.49
2022-03-30 11:36:44,543.5969571236973
2022-03-30 11:36:49,543.5824881914187
2022-03-30 11:36:54,535.33
2022-03-30 11:36:59,535.26
2022-03-30 11:37:04,535.2
2022-03-30 11:37:09,535.13
2022-03-30 11:37:14,535.04
2022-03-30 11:37:19,535.03
2022-03-30 11:37:24,543.481205665469
2022-03-30 11:37:29,534.84
2022-03-30 11:37:34,534.74
2022-03-30 11:37:39,543.4377988686335
2022-03-30 11:37:44,543.4233299363551
2022-03-30 11:37:49,534.58
2022-03-30 11:37:54,534.52
2022-03-30 11:37:59,534.45
2022-03-30 11:38:04,534.39
2022-03-30 11:38:09,534.29
2022-03-30 11:38:14,543.3365163426838
2022-03-30 11:38:19,543.3220474104054
2022-03-30 11:38:24,534.06
2022-03-30 11:38:29,534.0
2022-03-30 11:38:34,533.93
2022-03-30 11:38:39,543.2641716812913
2022-03-30 11:38:44,533.8
2022-03-30 11:38:49,533.77
2022-03-30 11:38:54,533.7
2022-03-30 11:38:59,533.64
2022-03-30 11:39:04,533.58
2022-03-30 11:39:09,533.54
2022-03-30 11:39:14,533.54
2022-03-30 11:39:19,533.48
2022-03-30 11:39:24,533.41
2022-03-30 11:39:29,543.119482358506
2022-03-30 11:39:34,533.28
2022-03-30 11:39:39,543.090544493949
2022-03-30 11:39:44,533.25
2022-03-30 11:39:49,533.18
2022-03-30 11:39:54,543.0471376971134
2022-03-30 11:39:59,533.18
2022-03-30 11:40:04,533.12
2022-03-30 11:40:09,533.11
2022-03-30 11:40:14,533.11
2022-03-30 11:40:19,533.11
2022-03-30 11:40:24,542.9603241034423
2022-03-30 11:40:29,542.9458551711638
2022-03-30 11:40:34,533.11
2022-03-30 11:40:39,533.17
2022-03-30 11:40:44,533.17
2022-03-30 11:40:49,533.17
2022-03-30 11:40:54,533.23
2022-03-30 11:40:59,542.8590415774926
2022-03-30 11:41:04,533.26
2022-03-30 11:41:09,533.26
2022-03-30 11:41:14,533.33
2022-03-30 11:41:19,542.8011658483787
2022-03-30 11:41:24,533.39
2022-03-30 11:41:29,542.7722279838215
2022-03-30 11:41:34,533.52
2022-03-30 11:41:39,533.51
2022-03-30 11:41:44,533.54
2022-03-30 11:41:49,542.7143522547075
2022-03-30 11:41:54,533.67
2022-03-30 11:41:59,533.66
2022-03-30 11:42:04,533.73
2022-03-30 11:42:09,533.76
2022-03-30 11:42:14,533.82
2022-03-30 11:42:19,533.89
2022-03-30 11:42:24,542.6130697287578
2022-03-30 11:42:29,542.5986007964792
2022-03-30 11:42:34,542.5841318642007
2022-03-30 11:42:39,534.11
2022-03-30 11:42:44,542.5551939996436
2022-03-30 11:42:49,534.17
2022-03-30 11:42:54,542.5262561350867
2022-03-30 11:42:59,534.26
2022-03-30 11:43:04,534.39
2022-03-30 11:43:09,542.4828493382511
2022-03-30 11:43:14,534.52
2022-03-30 11:43:19,534.52
2022-03-30 11:43:24,534.55
2022-03-30 11:43:29,534.61
2022-03-30 11:43:34,534.68
2022-03-30 11:43:39,534.74
2022-03-30 11:43:44,542.3815668123015
2022-03-30 11:43:49,542.3670978800228
2022-03-30 11:43:54,534.9
2022-03-30 11:43:59,534.96
2022-03-30 11:44:04,534.96
2022-03-30 11:44:09,535.03
2022-03-30 11:44:14,535.06
2022-03-30 11:44:19,535.12
2022-03-30 11:44:24,542.2658153540733
2022-03-30 11:44:29,542.2513464217948
2022-03-30 11:44:34,542.2368774895161
2022-03-30 11:44:39,535.34
2022-03-30 11:44:44,542.2079396249592
2022-03-30 11:44:49,535.41
2022-03-30 11:44:54,535.41
2022-03-30 11:44:59,535.47
2022-03-30 11:45:04,542.2002416918657
2022-03-30 11:45:09,535.57
2022-03-30 11:45:14,535.57
2022-03-30 11:45:19,542.2463838604546
2022-03-30 11:45:24,542.2617645833174
2022-03-30 11:45:29,535.7
2022-03-30 11:45:34,542.2925260290434
2022-03-30 11:45:39,542.3079067519062
2022-03-30 11:45:44,535.7
2022-03-30 11:45:49,535.76
2022-03-30 11:45:54,535.76
2022-03-30 11:45:59,535.76
2022-03-30 11:46:04,535.79
2022-03-30 11:46:09,535.79
2022-03-30 11:46:14,542.415571811947
2022-03-30 11:46:19,535.79
2022-03-30 11:46:24,535.85
2022-03-30 11:46:29,542.4617139805357
2022-03-30 11:46:34,542.4770947033987
2022-03-30 11:46:39,542.4924754262616
2022-03-30 11:46:44,542.5078561491246
2022-03-30 11:46:49,535.85
2022-03-30 11:46:54,535.85
2022-03-30 11:46:59,535.86
2022-03-30 11:47:04,535.92
2022-03-30 11:47:09,535.92
2022-03-30 11:47:14,542.6001404863023
2022-03-30 11:47:19,535.98
2022-03-30 11:47:24,535.98
2022-03-30 11:47:29,535.98
2022-03-30 11:47:34,542.6616633777542
2022-03-30 11:47:39,542.6770441006172
2022-03-30 11:47:44,542.69242482348
2022-03-30 11:47:49,542.707805546343
2022-03-30 11:47:54,536.05
2022-03-30 11:47:59,536.08
2022-03-30 11:48:04,542.7539477149319
2022-03-30 11:48:09,542.7693284377948
2022-03-30 11:48:14,536.14
2022-03-30 11:48:19,542.8000898835206
2022-03-30 11:48:24,536.21
2022-03-30 11:48:29,536.21
2022-03-30 11:48:34,536.27
2022-03-30 11:48:39,536.27
2022-03-30 11:48:44,542.8769934978354
2022-03-30 11:48:49,542.8923742206983
2022-03-30 11:48:54,536.43
2022-03-30 11:48:59,542.9231356664242
2022-03-30 11:49:04,536.49
2022-03-30 11:49:09,536.49
2022-03-30 11:49:14,542.969277835013
2022-03-30 11:49:19,536.59
2022-03-30 11:49:24,536.66
2022-03-30 11:49:29,536.66
2022-03-30 11:49:34,536.78
2022-03-30 11:49:39,536.82
2022-03-30 11:49:44,543.0615621721907
2022-03-30 11:49:49,543.0769428950538
2022-03-30 11:49:54,537.08
2022-03-30 11:49:59,543.1077043407796
2022-03-30 11:50:04,543.1230850636426
2022-03-30 11:50:09,543.1384657865055
2022-03-30 11:50:14,537.3
2022-03-30 11:50:19,537.4
2022-03-30 11:50:24,537.46
2022-03-30 11:50:29,537.59
2022-03-30 11:50:34,537.62
2022-03-30 11:50:39,537.75
2022-03-30 11:50:44,543.2461308465462
2022-03-30 11:50:49,543.2615115694091
2022-03-30 11:50:54,537.97
2022-03-30 11:50:59,543.292273015135
2022-03-30 11:51:04,538.13
2022-03-30 11:51:09,538.2
2022-03-30 11:51:14,538.33
2022-03-30 11:51:19,538.43
2022-03-30 11:51:24,543.3691766294498
2022-03-30 11:51:29,538.62
2022-03-30 11:51:34,538.71
2022-03-30 11:51:39,538.78
2022-03-30 11:51:44,538.88
2022-03-30 11:51:49,543.4460802437645
2022-03-30 11:51:54,543.4614609666276
2022-03-30 11:51:59,539.23
2022-03-30 11:52:04,543.4922224123534
2022-03-30 11:52:09,539.45
2022-03-30 11:52:14,543.5229838580793
2022-03-30 11:52:19,543.5383645809422
2022-03-30 11:52:24,539.81
2022-03-30 11:52:29,543.5691260266682
2022-03-30 11:52:34,539.97
2022-03-30 11:52:39,540.16
2022-03-30 11:52:44,540.26
2022-03-30 11:52:49,540.33
2022-03-30 11:52:54,540.49
2022-03-30 11:52:59,540.55
2022-03-30 11:53:04,540.71
2022-03-30 11:53:09,543.6921718095717
2022-03-30 11:53:14,540.91
2022-03-30 11:53:19,541.07
2022-03-30 11:53:24,541.13
2022-03-30 11:53:29,543.7536947010236
2022-03-30 11:53:34,541.42
2022-03-30 11:53:39,541.52
2022-03-30 11:53:44,541.65
2022-03-30 11:53:49,541.74
2022-03-30 11:53:54,541.87
2022-03-30 11:53:59,541.94
2022-03-30 11:54:04,542.1
2022-03-30 11:54:09,542.23
2022-03-30 11:54:14,542.26
2022-03-30 11:54:19,543.907501929653
2022-03-30 11:54:24,542.49
2022-03-30 11:54:29,543.9382633753789
2022-03-30 11:54:34,542.75
2022-03-30 11:54:39,542.78
2022-03-30 11:54:44,542.84
2022-03-30 11:54:49,543.0
2022-03-30 11:54:54,544.0151669896937
2022-03-30 11:54:59,543.2
2022-03-30 11:55:04,543.26
2022-03-30 11:55:09,543.36
2022-03-30 11:55:14,544.0766898811455
2022-03-30 11:55:19,543.49
2022-03-30 11:55:24,543.52
2022-03-30 11:55:29,543.59
2022-03-30 11:55:34,544.1382127725973
2022-03-30 11:55:39,543.72
2022-03-30 11:55:44,543.81
2022-03-30 11:55:49,543.81
2022-03-30 11:55:54,543.88
2022-03-30 11:55:59,544.2151163869121
2022-03-30 11:56:04,544.01
2022-03-30 11:56:09,544.01
2022-03-30 11:56:14,544.1
2022-03-30 11:56:19,544.276639278364
2022-03-30 11:56:24,544.1
2022-03-30 11:56:29,544.17
2022-03-30 11:56:34,544.17
2022-03-30 11:56:39,544.3381621698156
2022-03-30 11:56:44,544.3535428926787
2022-03-30 11:56:49,544.3689236155416
2022-03-30 11:56:54,544.23
2022-03-30 11:56:59,544.3996850612674
2022-03-30 11:57:04,544.23
2022-03-30 11:57:09,544.23
2022-03-30 11:57:14,544.23
2022-03-30 11:57:19,544.4612079527193
2022-03-30 11:57:24,544.17
2022-03-30 11:57:29,544.17
2022-03-30 11:57:34,544.1
2022-03-30 11:57:39,544.1
2022-03-30 11:57:44,544.538111567034
2022-03-30 11:57:49,544.04
2022-03-30 11:57:54,544.01
2022-03-30 11:57:59,543.94
2022-03-30 11:58:04,544.5996344584859
2022-03-30 11:58:09,544.6150151813487
2022-03-30 11:58:14,544.6303959042117
2022-03-30 11:58:19,544.6457766270747
2022-03-30 11:58:24,543.72
2022-03-30 11:58:29,543.65
2022-03-30 11:58:34,544.6919187956636
2022-03-30 11:58:39,544.7072995185264
2022-03-30 11:58:44,543.59
2022-03-30 11:58:49,544.7380609642523
2022-03-30 11:58:54,543.42
2022-03-30 11:58:59,544.7688224099783
2022-03-30 11:59:04,543.29
2022-03-30 11:59:09,543.26
2022-03-30 11:59:14,544.7602931409563
2022-03-30 11:59:19,543.13
2022-03-30 11:59:24,544.749357415609
2022-03-30 11:59:29,543.0
2022-03-30 11:59:34,543.0
2022-03-30 11:59:39,542.91
2022-03-30 11:59:44,542.91
2022-03-30 11:59:49,542.78
2022-03-30 11:59:54,542.78
2022-03-30 11:59:59,542.74
2022-03-30 12:00:04,542.62
2022-03-30 12:00:09,544.7001466515459
2022-03-30 12:00:14,542.55
2022-03-30 12:00:19,542.49
2022-03-30 12:00:24,542.45
2022-03-30 12:00:29,542.39
2022-03-30 12:00:34,542.32
2022-03-30 12:00:39,542.26
2022-03-30 12:00:44,544.6618716128303
2022-03-30 12:00:49,542.16
2022-03-30 12:00:54,544.6509358874829
2022-03-30 12:00:59,544.6454680248092
2022-03-30 12:01:04,544.6400001621356
2022-03-30 12:01:09,541.94
2022-03-30 12:01:14,541.87
2022-03-30 12:01:19,541.87
2022-03-30 12:01:24,541.74
2022-03-30 12:01:29,541.71
2022-03-30 12:01:34,544.6071929860935
2022-03-30 12:01:39,541.65
2022-03-30 12:01:44,544.5962572607463
2022-03-30 12:01:49,544.5907893980725
2022-03-30 12:01:54,541.45
2022-03-30 12:01:59,541.45
2022-03-30 12:02:04,541.42
2022-03-30 12:02:09,544.5689179473778
2022-03-30 12:02:14,541.36
2022-03-30 12:02:19,541.29
2022-03-30 12:02:24,544.5525143593568
2022-03-30 12:02:29,541.2
2022-03-30 12:02:34,544.5415786340095
2022-03-30 12:02:39,544.5361107713358
2022-03-30 12:02:44,541.07
2022-03-30 12:02:49,541.01
2022-03-30 12:02:54,541.01
2022-03-30 12:02:59,544.5142393206412
2022-03-30 12:03:04,544.5087714579674
2022-03-30 12:03:09,544.5033035952938
2022-03-30 12:03:14,544.4978357326202
2022-03-30 12:03:19,540.85
2022-03-30 12:03:24,544.4869000072728
2022-03-30 12:03:29,540.78
2022-03-30 12:03:34,544.4759642819255
2022-03-30 12:03:39,540.72
2022-03-30 12:03:44,544.4650285565781
2022-03-30 12:03:49,540.69
2022-03-30 12:03:54,540.62
2022-03-30 12:03:59,540.62
2022-03-30 12:04:04,544.4431571058834
2022-03-30 12:04:09,544.4376892432098
2022-03-30 12:04:14,544.4322213805361
2022-03-30 12:04:19,544.4267535178624
2022-03-30 12:04:24,540.4
2022-03-30 12:04:29,540.4
2022-03-30 12:04:34,544.4103499298415
2022-03-30 12:04:39,544.4048820671677
2022-03-30 12:04:44,540.34
2022-03-30 12:04:49,540.27
2022-03-30 12:04:54,540.27
2022-03-30 12:04:59,540.21
2022-03-30 12:05:04,544.3775427537994
2022-03-30 12:05:09,540.17
2022-03-30 12:05:14,540.17
2022-03-30 12:05:19,540.11
2022-03-30 12:05:24,540.11
2022-03-30 12:05:29,544.350203440431
2022-03-30 12:05:34,544.3447355777573
2022-03-30 12:05:39,540.11
2022-03-30 12:05:44,540.04
2022-03-30 12:05:49,544.3283319897364
2022-03-30 12:05:54,540.11
2022-03-30 12:05:59,544.317396264389
2022-03-30 12:06:04,540.05
2022-03-30 12:06:09,544.3064605390416
2022-03-30 12:06:14,544.300992676368
2022-03-30 12:06:19,544.2955248136943
2022-03-30 12:06:24,540.11
2022-03-30 12:06:29,540.11
2022-03-30 12:06:34,540.11
2022-03-30 12:06:39,540.11
2022-03-30 12:06:44,540.17
2022-03-30 12:06:49,540.11
2022-03-30 12:06:54,540.11
2022-03-30 12:06:59,544.251781912305
2022-03-30 12:07:04,544.2463140496313
2022-03-30 12:07:09,540.17
2022-03-30 12:07:14,540.27
2022-03-30 12:07:19,540.27
2022-03-30 12:07:24,544.2244425989365
2022-03-30 12:07:29,540.26
2022-03-30 12:07:34,540.33
2022-03-30 12:07:39,540.26
2022-03-30 12:07:44,540.33
2022-03-30 12:07:49,540.33
2022-03-30 12:07:54,544.1916354228946
2022-03-30 12:07:59,540.39
2022-03-30 12:08:04,540.43
2022-03-30 12:08:09,540.49
2022-03-30 12:08:14,540.49
2022-03-30 12:08:19,544.1642961095263
2022-03-30 12:08:24,544.1588282468525
2022-03-30 12:08:29,540.55
2022-03-30 12:08:34,540.55
2022-03-30 12:08:39,544.1424246588315
2022-03-30 12:08:44,540.61
2022-03-30 12:08:49,540.61
2022-03-30 12:08:54,544.1260210708106
2022-03-30 12:08:59,544.1205532081368
2022-03-30 12:09:04,540.67
2022-03-30 12:09:09,544.1096174827895
2022-03-30 12:09:14,544.1041496201158
2022-03-30 12:09:19,544.0986817574421
2022-03-30 12:09:24,540.7
2022-03-30 12:09:29,544.0877460320949
2022-03-30 12:09:34,544.0822781694211
2022-03-30 12:09:39,540.76
2022-03-30 12:09:44,544.0713424440738
2022-03-30 12:09:49,540.7
2022-03-30 12:09:54,540.7
2022-03-30 12:09:59,544.0549388560528
2022-03-30 12:10:04,540.7
2022-03-30 12:10:09,540.76
2022-03-30 12:10:14,540.7
2022-03-30 12:10:19,540.7
2022-03-30 12:10:24,540.76
2022-03-30 12:10:29,540.76
2022-03-30 12:10:34,540.7
2022-03-30 12:10:39,540.7
2022-03-30 12:10:44,540.76
2022-03-30 12:10:49,544.000260229316
2022-03-30 12:10:54,540.7
2022-03-30 12:10:59,540.7
2022-03-30 12:11:04,540.67
2022-03-30 12:11:09,540.67
2022-03-30 12:11:14,540.67
2022-03-30 12:11:19,543.9674530532741
2022-03-30 12:11:24,543.9619851906004
2022-03-30 12:11:29,543.9565173279267
2022-03-30 12:11:34,543.951049465253
2022-03-30 12:11:39,543.9455816025794
2022-03-30 12:11:44,540.54
2022-03-30 12:11:49,540.54
2022-03-30 12:11:54,540.47
2022-03-30 12:11:59,540.47
2022-03-30 12:12:04,543.918242289211
2022-03-30 12:12:09,540.4
2022-03-30 12:12:14,543.9073065638637
2022-03-30 12:12:19,540.37
2022-03-30 12:12:24,543.8963708385164
2022-03-30 12:12:29,540.31
2022-03-30 12:12:34,543.885435113169
2022-03-30 12:12:39,540.31
2022-03-30 12:12:44,543.8744993878216
2022-03-30 12:12:49,540.24
2022-03-30 12:12:54,540.18
2022-03-30 12:12:59,540.24
2022-03-30 12:13:04,540.18
2022-03-30 12:13:09,543.8489815913704
2022-03-30 12:13:14,540.18
2022-03-30 12:13:19,540.15
2022-03-30 12:13:24,540.18
2022-03-30 12:13:29,540.18
2022-03-30 12:13:34,540.24
2022-03-30 12:13:39,540.24
2022-03-30 12:13:44,540.24
2022-03-30 12:13:49,543.8310941106647
2022-03-30 12:13:54,543.8288581755764
2022-03-30 12:13:59,540.37
2022-03-30 12:14:04,543.8243863054
2022-03-30 12:14:09,540.37
2022-03-30 12:14:14,540.37
2022-03-30 12:14:19,543.8176785001355
2022-03-30 12:14:24,540.4
2022-03-30 12:14:29,540.47
2022-03-30 12:14:34,540.53
2022-03-30 12:14:39,540.53
2022-03-30 12:14:44,540.6
2022-03-30 12:14:49,540.66
2022-03-30 12:14:54,540.66
2022-03-30 12:14:59,543.7997910194298
2022-03-30 12:15:04,540.76
2022-03-30 12:15:09,540.75
2022-03-30 12:15:14,540.82
2022-03-30 12:15:19,543.7908472790768
2022-03-30 12:15:24,543.7886113439887
2022-03-30 12:15:29,543.7863754089005
2022-03-30 12:15:34,540.98
2022-03-30 12:15:39,543.781903538724
2022-03-30 12:15:44,541.17
2022-03-30 12:15:49,541.17
2022-03-30 12:15:54,541.2
2022-03-30 12:15:59,541.27
2022-03-30 12:16:04,541.26
2022-03-30 12:16:09,541.39
2022-03-30 12:16:14,541.39
2022-03-30 12:16:19,541.49
2022-03-30 12:16:24,541.49
2022-03-30 12:16:29,543.7595441878419
2022-03-30 12:16:34,541.61
2022-03-30 12:16:39,541.55
2022-03-30 12:16:44,541.67
2022-03-30 12:16:49,541.67
2022-03-30 12:16:54,543.7483645124008
2022-03-30 12:16:59,541.67
2022-03-30 12:17:04,541.67
2022-03-30 12:17:09,541.7
2022-03-30 12:17:14,541.7
2022-03-30 12:17:19,543.7371848369598
2022-03-30 12:17:24,541.7
2022-03-30 12:17:29,541.76
2022-03-30 12:17:34,541.7
2022-03-30 12:17:39,541.77
2022-03-30 12:17:44,543.7260051615187
2022-03-30 12:17:49,543.7237692264306
2022-03-30 12:17:54,543.7215332913423
2022-03-30 12:17:59,541.66
2022-03-30 12:18:04,541.66
2022-03-30 12:18:09,543.7148254860778
2022-03-30 12:18:14,541.66
2022-03-30 12:18:19,543.7103536159013
2022-03-30 12:18:24,541.66
2022-03-30 12:18:29,541.53
2022-03-30 12:18:34,541.53
2022-03-30 12:18:39,541.53
2022-03-30 12:18:44,541.53
2022-03-30 12:18:49,541.46
2022-03-30 12:18:54,541.46
2022-03-30 12:18:59,541.46
2022-03-30 12:19:04,541.36
2022-03-30 12:19:09,541.36
2022-03-30 12:19:14,543.685758329931
2022-03-30 12:19:19,543.6835223948427
2022-03-30 12:19:24,541.17
2022-03-30 12:19:29,541.14
2022-03-30 12:19:34,543.6768145895782
2022-03-30 12:19:39,541.07
2022-03-30 12:19:44,543.6723427194017
2022-03-30 12:19:49,543.6701067843135
2022-03-30 12:19:54,540.88
2022-03-30 12:19:59,540.85
2022-03-30 12:20:04,540.78
2022-03-30 12:20:09,543.6611630439606
2022-03-30 12:20:14,543.6589271088725
2022-03-30 12:20:19,540.65
2022-03-30 12:20:24,543.6544552386961
2022-03-30 12:20:29,540.56
2022-03-30 12:20:34,543.6499833685197
2022-03-30 12:20:39,540.49
2022-03-30 12:20:44,543.6455114983431
2022-03-30 12:20:49,540.36
2022-03-30 12:20:54,540.33
2022-03-30 12:20:59,540.27
2022-03-30 12:21:04,540.2
2022-03-30 12:21:09,540.2
2022-03-30 12:21:14,540.14
2022-03-30 12:21:19,540.1
2022-03-30 12:21:24,540.04
2022-03-30 12:21:29,539.98
2022-03-30 12:21:34,543.623152147461
2022-03-30 12:21:39,539.85
2022-03-30 12:21:44,539.85
2022-03-30 12:21:49,539.81
2022-03-30 12:21:54,539.82
2022-03-30 12:21:59,539.75
2022-03-30 12:22:04,543.6097365369318
2022-03-30 12:22:09,539.69
2022-03-30 12:22:14,543.6052646667554
2022-03-30 12:22:19,539.59
2022-03-30 12:22:24,543.600792796579
2022-03-30 12:22:29,539.53
2022-03-30 12:22:34,539.53
2022-03-30 12:22:39,543.5940849913143
2022-03-30 12:22:44,543.5918490562261
2022-03-30 12:22:49,543.5896131211379
2022-03-30 12:22:54,539.33
2022-03-30 12:22:59,539.33
2022-03-30 12:23:04,539.33
2022-03-30 12:23:09,539.3
2022-03-30 12:23:14,539.23
2022-03-30 12:23:19,539.24
2022-03-30 12:23:24,539.23
2022-03-30 12:23:29,539.17
2022-03-30 12:23:34,543.569489705344
2022-03-30 12:23:39,543.5672537702558
2022-03-30 12:23:44,539.1
2022-03-30 12:23:49,539.11
2022-03-30 12:23:54,539.1
2022-03-30 12:23:59,539.07
2022-03-30 12:24:04,539.07
2022-03-30 12:24:09,539.01
2022-03-30 12:24:14,539.07
2022-03-30 12:24:19,543.5493662895501
2022-03-30 12:24:24,543.547130354462
2022-03-30 12:24:29,538.94
2022-03-30 12:24:34,538.94
2022-03-30 12:24:39,538.94
2022-03-30 12:24:44,543.538186614109
2022-03-30 12:24:49,543.5359506790209
2022-03-30 12:24:54,538.94
2022-03-30 12:24:59,543.5314788088444
2022-03-30 12:25:04,539.0
2022-03-30 12:25:09,539.0
2022-03-30 12:25:14,539.06
2022-03-30 12:25:19,539.06
2022-03-30 12:25:24,539.0
2022-03-30 12:25:29,543.5180631983152
2022-03-30 12:25:34,543.5158272632269
2022-03-30 12:25:39,539.09
2022-03-30 12:25:44,543.5113553930505
2022-03-30 12:25:49,539.16
2022-03-30 12:25:54,543.5068835228741
2022-03-30 12:25:59,539.22
2022-03-30 12:26:04,543.5024116526977
2022-03-30 12:26:09,543.5001757176094
2022-03-30 12:26:14,539.28
2022-03-30 12:26:19,539.28
2022-03-30 12:26:24,539.28
2022-03-30 12:26:29,543.4912319772566
2022-03-30 12:26:34,543.4889960421684
2022-03-30 12:26:39,543.4867601070802
2022-03-30 12:26:44,539.31
2022-03-30 12:26:49,543.4822882369037
2022-03-30 12:26:54,539.3
2022-03-30 12:26:59,539.3
2022-03-30 12:27:04,539.3
2022-03-30 12:27:09,543.4733444965509
2022-03-30 12:27:14,539.3
2022-03-30 12:27:19,539.3
2022-03-30 12:27:24,543.542006159209
2022-03-30 12:27:29,539.36
2022-03-30 12:27:34,539.36
2022-03-30 12:27:39,543.6255650682608
2022-03-30 12:27:44,539.36
2022-03-30 12:27:49,539.36
2022-03-30 12:27:54,543.7091239773127
2022-03-30 12:27:59,543.7369769469965
2022-03-30 12:28:04,539.42
2022-03-30 12:28:09,539.49
2022-03-30 12:28:14,543.8205358560483
2022-03-30 12:28:19,539.49
2022-03-30 12:28:24,543.8762417954165
2022-03-30 12:28:29,539.55
2022-03-30 12:28:34,539.58
2022-03-30 12:28:39,543.9598007044683
2022-03-30 12:28:44,543.987653674152
2022-03-30 12:28:49,544.0155066438361
2022-03-30 12:28:54,539.58
2022-03-30 12:28:59,539.58
2022-03-30 12:29:04,539.55
2022-03-30 12:29:09,539.58
2022-03-30 12:29:14,539.58
2022-03-30 12:29:19,539.55
2022-03-30 12:29:24,539.64
2022-03-30 12:29:29,539.64
2022-03-30 12:29:34,539.58
2022-03-30 12:29:39,539.64
2022-03-30 12:29:44,544.3218893103596
2022-03-30 12:29:49,539.64
2022-03-30 12:29:54,539.64
2022-03-30 12:29:59,539.71
2022-03-30 12:30:04,544.4333011890955
2022-03-30 12:30:09,539.77
2022-03-30 12:30:14,539.77
2022-03-30 12:30:19,539.8
2022-03-30 12:30:24,539.8
2022-03-30 12:30:29,539.93
2022-03-30 12:30:34,544.6004190071992
2022-03-30 12:30:39,539.93
2022-03-30 12:30:44,539.93
2022-03-30 12:30:49,544.6839779162511
2022-03-30 12:30:54,540.06
2022-03-30 12:30:59,540.16
2022-03-30 12:31:04,540.15
2022-03-30 12:31:09,544.795389794987
2022-03-30 12:31:14,540.22
2022-03-30 12:31:19,544.8510957343549
2022-03-30 12:31:24,540.32
2022-03-30 12:31:29,540.31
2022-03-30 12:31:34,540.38
2022-03-30 12:31:39,540.45
2022-03-30 12:31:44,544.9903605827749
2022-03-30 12:31:49,540.51
2022-03-30 12:31:54,540.6
2022-03-30 12:31:59,540.6
2022-03-30 12:32:04,540.73
2022-03-30 12:32:09,540.73
2022-03-30 12:32:14,545.1574784008786
2022-03-30 12:32:19,540.82
2022-03-30 12:32:24,540.89
2022-03-30 12:32:29,540.95
2022-03-30 12:32:34,540.96
2022-03-30 12:32:39,545.2967432492983
2022-03-30 12:32:44,541.08
2022-03-30 12:32:49,545.3524491886661
2022-03-30 12:32:54,541.18
2022-03-30 12:32:59,545.4081551280342
2022-03-30 12:33:04,541.24
2022-03-30 12:33:09,541.34
2022-03-30 12:33:14,545.491714037086
2022-03-30 12:33:19,541.46
2022-03-30 12:33:24,541.53
2022-03-30 12:33:29,541.59
2022-03-30 12:33:34,541.63
2022-03-30 12:33:39,541.69
2022-03-30 12:33:44,541.82
2022-03-30 12:33:49,541.91
2022-03-30 12:33:54,541.98
2022-03-30 12:33:59,542.04
2022-03-30 12:34:04,545.7702437339254
2022-03-30 12:34:09,542.2
2022-03-30 12:34:14,542.26
2022-03-30 12:34:19,542.36
2022-03-30 12:34:24,542.36
2022-03-30 12:34:29,542.42
2022-03-30 12:34:34,542.55
2022-03-30 12:34:39,542.64
2022-03-30 12:34:44,542.71
2022-03-30 12:34:49,546.0209204610813
2022-03-30 12:34:54,546.0487734307651
2022-03-30 12:34:59,546.0766264004492
2022-03-30 12:35:04,543.06
2022-03-30 12:35:09,543.12
2022-03-30 12:35:14,546.160185309501
2022-03-30 12:35:19,543.35
2022-03-30 12:35:24,543.38
2022-03-30 12:35:29,543.44
2022-03-30 12:35:34,543.5
2022-03-30 12:35:39,543.63
2022-03-30 12:35:44,543.66
2022-03-30 12:35:49,543.73
2022-03-30 12:35:54,546.3830090669726
2022-03-30 12:35:59,546.4108620366567
2022-03-30 12:36:04,544.01
2022-03-30 12:36:09,544.14
2022-03-30 12:36:14,546.4944209457085
2022-03-30 12:36:19,544.23
2022-03-30 12:36:24,544.36
2022-03-30 12:36:29,544.39
2022-03-30 12:36:34,544.52
2022-03-30 12:36:39,544.58
2022-03-30 12:36:44,546.6615387638122
2022-03-30 12:36:49,546.6893917334963
2022-03-30 12:36:54,544.87
2022-03-30 12:36:59,544.9
2022-03-30 12:37:04,546.7729506425482
2022-03-30 12:37:09,545.1
2022-03-30 12:37:14,546.828656581916
2022-03-30 12:37:19,545.32
2022-03-30 12:37:24,546.8843625212838
2022-03-30 12:37:29,546.9122154909679
2022-03-30 12:37:34,546.9400684606519
2022-03-30 12:37:39,545.67
2022-03-30 12:37:44,545.67
2022-03-30 12:37:49,545.77
2022-03-30 12:37:54,545.83
2022-03-30 12:37:59,545.9
2022-03-30 12:38:04,545.99
2022-03-30 12:38:09,547.1350392484395
2022-03-30 12:38:14,546.22
2022-03-30 12:38:19,546.28
2022-03-30 12:38:24,546.41
2022-03-30 12:38:29,546.44
2022-03-30 12:38:34,547.2743040968594
2022-03-30 12:38:39,546.73
2022-03-30 12:38:44,547.3300100362272
2022-03-30 12:38:49,547.3578630059113
2022-03-30 12:38:54,546.92
2022-03-30 12:38:59,547.4135689452792
2022-03-30 12:39:04,547.08
2022-03-30 12:39:09,547.22
2022-03-30 12:39:14,547.21
2022-03-30 12:39:19,547.5249808240151
2022-03-30 12:39:24,547.44
2022-03-30 12:39:29,547.44
2022-03-30 12:39:34,547.47
2022-03-30 12:39:39,547.6
2022-03-30 12:39:44,547.66
2022-03-30 12:39:49,547.73
2022-03-30 12:39:54,547.83
2022-03-30 12:39:59,547.7478045814867
2022-03-30 12:40:04,547.7756575511706
2022-03-30 12:40:09,547.99
2022-03-30 12:40:14,547.99
2022-03-30 12:40:19,547.99
2022-03-30 12:40:24,548.12
2022-03-30 12:40:29,548.11
2022-03-30 12:40:34,547.9427753692744
2022-03-30 12:40:39,548.11
2022-03-30 12:40:44,547.9984813086422
2022-03-30 12:40:49,548.0263342783263
2022-03-30 12:40:54,548.18
2022-03-30 12:40:59,548.18
2022-03-30 12:41:04,548.18
2022-03-30 12:41:09,548.18
2022-03-30 12:41:14,548.18
2022-03-30 12:41:19,548.18
2022-03-30 12:41:24,548.24
2022-03-30 12:41:29,548.18
2022-03-30 12:41:34,548.11
2022-03-30 12:41:39,548.11
2022-03-30 12:41:44,548.11
2022-03-30 12:41:49,547.98
2022-03-30 12:41:54,547.98
2022-03-30 12:41:59,547.94
2022-03-30 12:42:04,547.95
2022-03-30 12:42:09,547.82
2022-03-30 12:42:14,547.6694217140622
2022-03-30 12:42:19,547.624725347452
2022-03-30 12:42:24,547.72
2022-03-30 12:42:29,547.5353326142321
2022-03-30 12:42:34,547.59
2022-03-30 12:42:39,547.59
2022-03-30 12:42:44,547.4012435144019
2022-03-30 12:42:49,547.3565471477917
2022-03-30 12:42:54,547.3118507811815
2022-03-30 12:42:59,547.36
2022-03-30 12:43:04,547.29
2022-03-30 12:43:09,547.29
2022-03-30 12:43:14,547.23
2022-03-30 12:43:19,547.13
2022-03-30 12:43:24,547.0
2022-03-30 12:43:29,546.9989762149111
2022-03-30 12:43:34,546.93
2022-03-30 12:43:39,546.83
2022-03-30 12:43:44,546.83
2022-03-30 12:43:49,546.8201907484712
2022-03-30 12:43:54,546.775494381861
2022-03-30 12:43:59,546.7307980152508
2022-03-30 12:44:04,546.6
2022-03-30 12:44:09,546.54
2022-03-30 12:44:14,546.5967089154207
2022-03-30 12:44:19,546.5520125488109
2022-03-30 12:44:24,546.5073161822007
2022-03-30 12:44:29,546.24
2022-03-30 12:44:34,546.4179234489808
2022-03-30 12:44:39,546.14
2022-03-30 12:44:44,546.3285307157604
2022-03-30 12:44:49,546.01
2022-03-30 12:44:54,545.94
2022-03-30 12:44:59,545.88
2022-03-30 12:45:04,545.78
2022-03-30 12:45:09,545.72
2022-03-30 12:45:14,546.0603525161001
2022-03-30 12:45:19,545.55
2022-03-30 12:45:24,545.9709597828802
2022-03-30 12:45:29,545.36
2022-03-30 12:45:34,545.19
2022-03-30 12:45:39,545.83687068305
2022-03-30 12:45:44,545.03
2022-03-30 12:45:49,545.7474779498301
2022-03-30 12:45:54,544.8
2022-03-30 12:45:59,544.74
2022-03-30 12:46:04,544.58
2022-03-30 12:46:09,544.45
2022-03-30 12:46:14,544.38
2022-03-30 12:46:19,544.28
2022-03-30 12:46:24,544.16
2022-03-30 12:46:29,544.09
2022-03-30 12:46:34,543.93
2022-03-30 12:46:39,543.86
2022-03-30 12:46:44,545.2558179171193
2022-03-30 12:46:49,543.63
2022-03-30 12:46:54,543.57
2022-03-30 12:46:59,543.54
2022-03-30 12:47:04,545.0770324506794
2022-03-30 12:47:09,543.41
2022-03-30 12:47:14,544.987639717459
2022-03-30 12:47:19,544.9429433508493
2022-03-30 12:47:24,543.05
2022-03-30 12:47:29,544.8535506176289
2022-03-30 12:47:34,542.96
2022-03-30 12:47:39,544.764157884409
2022-03-30 12:47:44,544.7194615177988
2022-03-30 12:47:49,542.66
2022-03-30 12:47:54,544.6300687845788
2022-03-30 12:47:59,542.5
2022-03-30 12:48:04,542.37
2022-03-30 12:48:09,544.4959796847487
2022-03-30 12:48:14,542.24
2022-03-30 12:48:19,542.21
2022-03-30 12:48:24,542.15
2022-03-30 12:48:29,544.3171942183084
2022-03-30 12:48:34,541.99
2022-03-30 12:48:39,541.99
2022-03-30 12:48:44,541.86
2022-03-30 12:48:49,541.86
2022-03-30 12:48:54,541.86
2022-03-30 12:48:59,541.73
2022-03-30 12:49:04,541.73
2022-03-30 12:49:09,541.73
2022-03-30 12:49:14,541.63
2022-03-30 12:49:19,543.8702305522078
2022-03-30 12:49:24,541.57
2022-03-30 12:49:29,541.57
2022-03-30 12:49:34,541.47
2022-03-30 12:49:39,541.47
2022-03-30 12:49:44,541.41
2022-03-30 12:49:49,541.41
2022-03-30 12:49:54,541.41
2022-03-30 12:49:59,541.34
2022-03-30 12:50:04,541.34
2022-03-30 12:50:09,543.4232668861076
2022-03-30 12:50:14,543.3785705194974
2022-03-30 12:50:19,543.3338741528872
2022-03-30 12:50:24,543.2891777862775
2022-03-30 12:50:29,543.2444814196673
2022-03-30 12:50:34,541.28
2022-03-30 12:50:39,541.27
2022-03-30 12:50:44,541.28
2022-03-30 12:50:49,541.21
2022-03-30 12:50:54,543.0209995866172
2022-03-30 12:50:59,541.21
2022-03-30 12:51:04,541.21
2022-03-30 12:51:09,542.8869104867871
2022-03-30 12:51:14,541.21
2022-03-30 12:51:19,541.21
2022-03-30 12:51:24,541.28
2022-03-30 12:51:29,542.7081250203468
2022-03-30 12:51:34,541.21
2022-03-30 12:51:39,542.6187322871268
2022-03-30 12:51:44,541.28
2022-03-30 12:51:49,541.21
2022-03-30 12:51:54,541.21
2022-03-30 12:51:59,541.21
2022-03-30 12:52:04,542.3952504540763
2022-03-30 12:52:09,541.27
2022-03-30 12:52:14,542.3058577208564
2022-03-30 12:52:19,542.2611613542462
2022-03-30 12:52:24,541.28
2022-03-30 12:52:29,542.1717686210262
2022-03-30 12:52:34,541.34
2022-03-30 12:52:39,541.41
2022-03-30 12:52:44,541.4
2022-03-30 12:52:49,541.9929831545859
2022-03-30 12:52:54,541.47
2022-03-30 12:52:59,541.903590421366
2022-03-30 12:53:04,541.47
2022-03-30 12:53:09,541.56
2022-03-30 12:53:14,541.5
2022-03-30 12:53:19,541.7248049549256
2022-03-30 12:53:24,541.57
2022-03-30 12:53:29,541.56
2022-03-30 12:53:34,541.5907158550955
2022-03-30 12:53:39,541.63
2022-03-30 12:53:44,541.63
2022-03-30 12:53:49,541.63
2022-03-30 12:53:54,541.63
2022-03-30 12:53:59,541.7
2022-03-30 12:54:04,541.7
2022-03-30 12:54:09,541.73
2022-03-30 12:54:14,541.7
2022-03-30 12:54:19,541.1884485556051
2022-03-30 12:54:24,541.73
2022-03-30 12:54:29,541.0990558223851
2022-03-30 12:54:34,541.79
2022-03-30 12:54:39,541.79
2022-03-30 12:54:44,541.86
2022-03-30 12:54:49,541.86
2022-03-30 12:54:54,540.8755739893347
2022-03-30 12:54:59,540.8308776227249
2022-03-30 12:55:04,541.92
2022-03-30 12:55:09,540.7414848895046
2022-03-30 12:55:14,541.99
2022-03-30 12:55:19,542.02
2022-03-30 12:55:24,542.08
2022-03-30 12:55:29,540.6245193861482
2022-03-30 12:55:34,542.08
2022-03-30 12:55:39,540.6242380806735
2022-03-30 12:55:44,542.15
2022-03-30 12:55:49,542.15
2022-03-30 12:55:54,542.21
2022-03-30 12:55:59,540.6236754697242
2022-03-30 12:56:04,542.25
2022-03-30 12:56:09,542.25
2022-03-30 12:56:14,542.31
2022-03-30 12:56:19,540.6231128587748
2022-03-30 12:56:24,542.31
2022-03-30 12:56:29,542.44
2022-03-30 12:56:34,542.44
2022-03-30 12:56:39,540.6225502478253
2022-03-30 12:56:44,540.622409595088
2022-03-30 12:56:49,542.6
2022-03-30 12:56:54,542.61
2022-03-30 12:56:59,540.6219876368759
2022-03-30 12:57:04,542.67
2022-03-30 12:57:09,540.6217063314012
2022-03-30 12:57:14,540.6215656786638
2022-03-30 12:57:19,542.83
2022-03-30 12:57:24,540.6212843731892
2022-03-30 12:57:29,542.9
2022-03-30 12:57:34,542.96
2022-03-30 12:57:39,543.02
2022-03-30 12:57:44,543.06
2022-03-30 12:57:49,543.06
2022-03-30 12:57:54,543.19
2022-03-30 12:57:59,543.25
2022-03-30 12:58:04,543.29
2022-03-30 12:58:09,540.620018498553
2022-03-30 12:58:14,543.41
2022-03-30 12:58:19,540.6197371930783
2022-03-30 12:58:24,540.6195965403409
2022-03-30 12:58:29,543.54
2022-03-30 12:58:34,543.57
2022-03-30 12:58:39,540.619174582129
2022-03-30 12:58:44,543.7
2022-03-30 12:58:49,543.7
2022-03-30 12:58:54,543.7
2022-03-30 12:58:59,543.8
2022-03-30 12:59:04,543.8
2022-03-30 12:59:09,543.86
2022-03-30 12:59:14,540.6181900129675
2022-03-30 12:59:19,540.6180493602301
2022-03-30 12:59:24,544.06
2022-03-30 12:59:29,544.09
2022-03-30 12:59:34,544.09
2022-03-30 12:59:39,540.6174867492807
2022-03-30 12:59:44,544.28
2022-03-30 12:59:49,544.28
2022-03-30 12:59:54,540.6170647910686
2022-03-30 12:59:59,544.38
2022-03-30 13:00:04,544.37
2022-03-30 13:00:09,544.44
2022-03-30 13:00:14,540.6165021801193
2022-03-30 13:00:19,544.5
2022-03-30 13:00:24,544.6
2022-03-30 13:00:29,544.56
2022-03-30 13:00:34,544.59
2022-03-30 13:00:39,540.6157989164325
2022-03-30 13:00:44,544.66
2022-03-30 13:00:49,544.72
2022-03-30 13:00:54,544.79
2022-03-30 13:00:59,544.79
2022-03-30 13:01:04,540.6150956527457
2022-03-30 13:01:09,544.82
2022-03-30 13:01:14,544.82
2022-03-30 13:01:19,544.82
2022-03-30 13:01:24,544.88
2022-03-30 13:01:29,544.88
2022-03-30 13:01:34,540.6142517363216
2022-03-30 13:01:39,544.94
2022-03-30 13:01:44,544.94
2022-03-30 13:01:49,540.6138297781096
2022-03-30 13:01:54,540.6136891253722
2022-03-30 13:01:59,544.94
2022-03-30 13:02:04,545.0
2022-03-30 13:02:09,540.6132671671602
2022-03-30 13:02:14,545.0
2022-03-30 13:02:19,545.0
2022-03-30 13:02:24,540.6128452089481
2022-03-30 13:02:29,545.06
2022-03-30 13:02:34,545.06
2022-03-30 13:02:39,545.06
2022-03-30 13:02:44,545.09
2022-03-30 13:02:49,545.06
2022-03-30 13:02:54,540.6120012925239
2022-03-30 13:02:59,545.09
2022-03-30 13:03:04,545.09
2022-03-30 13:03:09,545.09
2022-03-30 13:03:14,545.09
2022-03-30 13:03:19,545.09
2022-03-30 13:03:24,545.09
2022-03-30 13:03:29,540.6110167233625
2022-03-30 13:03:34,540.6108760706252
2022-03-30 13:03:39,545.09
2022-03-30 13:03:44,545.15
2022-03-30 13:03:49,540.6104541124131
2022-03-30 13:03:54,545.09
2022-03-30 13:03:59,545.15
2022-03-30 13:04:04,545.09
2022-03-30 13:04:09,545.15
2022-03-30 13:04:14,545.15
2022-03-30 13:04:19,545.15
2022-03-30 13:04:24,545.15
2022-03-30 13:04:29,545.15
2022-03-30 13:04:34,545.15
2022-03-30 13:04:39,545.15
2022-03-30 13:04:44,545.09
2022-03-30 13:04:49,540.6087662795649
2022-03-30 13:04:54,540.6086256268276
2022-03-30 13:04:59,545.09
2022-03-30 13:05:04,540.6083443213529
2022-03-30 13:05:09,545.06
2022-03-30 13:05:14,545.05
2022-03-30 13:05:19,545.06
2022-03-30 13:05:24,540.6077817104034
2022-03-30 13:05:29,540.6076410576661
2022-03-30 13:05:34,544.92
2022-03-30 13:05:39,544.86
2022-03-30 13:05:44,544.86
2022-03-30 13:05:49,544.8
2022-03-30 13:05:54,540.6069377939793
2022-03-30 13:05:59,544.76
2022-03-30 13:06:04,544.63
2022-03-30 13:06:09,540.6065158357673
2022-03-30 13:06:14,540.60637518303
2022-03-30 13:06:19,544.41
2022-03-30 13:06:24,544.35
2022-03-30 13:06:29,540.6059532248179
2022-03-30 13:06:34,540.6058125720805
2022-03-30 13:06:39,544.06
2022-03-30 13:06:44,543.96
2022-03-30 13:06:49,543.83
2022-03-30 13:06:54,543.76
2022-03-30 13:06:59,543.6
2022-03-30 13:07:04,543.45
2022-03-30 13:07:09,543.31
2022-03-30 13:07:14,543.25
2022-03-30 13:07:19,543.15
2022-03-30 13:07:24,542.99
2022-03-30 13:07:29,542.86
2022-03-30 13:07:34,542.73
2022-03-30 13:07:39,542.64
2022-03-30 13:07:44,540.6038434337576
2022-03-30 13:07:49,540.6037027810203
2022-03-30 13:07:54,542.28
2022-03-30 13:07:59,542.12
2022-03-30 13:08:04,542.12
2022-03-30 13:08:09,541.96
2022-03-30 13:08:14,541.83
2022-03-30 13:08:19,541.7
2022-03-30 13:08:24,541.67
2022-03-30 13:08:29,541.54
2022-03-30 13:08:34,541.47
2022-03-30 13:08:39,541.38
2022-03-30 13:08:44,540.6021556009093
2022-03-30 13:08:49,541.15
2022-03-30 13:08:54,541.09
2022-03-30 13:08:59,541.02
2022-03-30 13:09:04,540.93
2022-03-30 13:09:09,540.86
2022-03-30 13:09:14,540.8
2022-03-30 13:09:19,540.67
2022-03-30 13:09:24,540.73
2022-03-30 13:09:29,540.63
2022-03-30 13:09:34,540.5795103715917
2022-03-30 13:09:39,540.5633859534737
2022-03-30 13:09:44,540.5
2022-03-30 13:09:49,540.44
2022-03-30 13:09:54,540.41
2022-03-30 13:09:59,540.4988882810019
2022-03-30 13:10:04,540.34
2022-03-30 13:10:09,540.27
2022-03-30 13:10:14,540.28
2022-03-30 13:10:19,540.21
2022-03-30 13:10:24,540.11
2022-03-30 13:10:29,540.4021417722943
2022-03-30 13:10:34,540.11
2022-03-30 13:10:39,540.3698929360585
2022-03-30 13:10:44,540.11
2022-03-30 13:10:49,540.11
2022-03-30 13:10:54,540.04
2022-03-30 13:10:59,540.11
2022-03-30 13:11:04,540.04
2022-03-30 13:11:09,540.04
2022-03-30 13:11:14,540.257022009233
2022-03-30 13:11:19,540.2408975911151
2022-03-30 13:11:24,540.04
2022-03-30 13:11:29,540.2086487548792
2022-03-30 13:11:34,540.04
2022-03-30 13:11:39,540.04
2022-03-30 13:11:44,540.1602755005254
2022-03-30 13:11:49,540.03
2022-03-30 13:11:54,540.03
2022-03-30 13:11:59,540.03
2022-03-30 13:12:04,540.03
2022-03-30 13:12:09,539.97
2022-03-30 13:12:14,540.0635289918177
2022-03-30 13:12:19,540.0474045737
2022-03-30 13:12:24,540.03
2022-03-30 13:12:29,539.96
2022-03-30 13:12:34,539.9990313193462
2022-03-30 13:12:39,539.96
2022-03-30 13:12:44,539.9
2022-03-30 13:12:49,539.9
2022-03-30 13:12:54,539.96
2022-03-30 13:12:59,539.9
2022-03-30 13:13:04,539.87
2022-03-30 13:13:09,539.8861603925205
2022-03-30 13:13:14,539.86
2022-03-30 13:13:19,539.86
2022-03-30 13:13:24,539.87
2022-03-30 13:13:29,539.8216627200487
2022-03-30 13:13:34,539.86
2022-03-30 13:13:39,539.7894138838129
2022-03-30 13:13:44,539.7732894656949
2022-03-30 13:13:49,539.8
2022-03-30 13:13:54,539.73
2022-03-30 13:13:59,539.73
2022-03-30 13:14:04,539.73
2022-03-30 13:14:09,539.67
2022-03-30 13:14:14,539.6765429569874
2022-03-30 13:14:19,539.57
2022-03-30 13:14:24,539.6442941207515
2022-03-30 13:14:29,539.51
2022-03-30 13:14:34,539.6120452845156
2022-03-30 13:14:39,539.5959208663978
2022-03-30 13:14:44,539.5797964482798
2022-03-30 13:14:49,539.38
2022-03-30 13:14:54,539.547547612044
2022-03-30 13:14:59,539.35
2022-03-30 13:15:04,539.35
2022-03-30 13:15:09,539.28
2022-03-30 13:15:14,539.4830499395722
2022-03-30 13:15:19,539.28
2022-03-30 13:15:24,539.22
2022-03-30 13:15:29,539.4346766852184
2022-03-30 13:15:34,539.16
2022-03-30 13:15:39,539.09
2022-03-30 13:15:44,539.09
2022-03-30 13:15:49,539.09
2022-03-30 13:15:54,539.06
2022-03-30 13:15:59,539.3379301765108
2022-03-30 13:16:04,539.3218057583928
2022-03-30 13:16:09,539.0
2022-03-30 13:16:14,538.93
2022-03-30 13:16:19,538.93
2022-03-30 13:16:24,539.2573080859212
2022-03-30 13:16:29,538.83
2022-03-30 13:16:34,538.84
2022-03-30 13:16:39,539.2089348315674
2022-03-30 13:16:44,539.1928104134494
2022-03-30 13:16:49,538.64
2022-03-30 13:16:54,538.64
2022-03-30 13:16:59,538.57
2022-03-30 13:17:04,539.1283127409777
2022-03-30 13:17:09,538.48
2022-03-30 13:17:14,539.0960639047419
2022-03-30 13:17:19,539.0799394866239
2022-03-30 13:17:24,538.41
2022-03-30 13:17:29,539.0476906503881
2022-03-30 13:17:34,538.32
2022-03-30 13:17:39,538.32
2022-03-30 13:17:44,538.25
2022-03-30 13:17:49,538.9831929779162
2022-03-30 13:17:54,538.9670685597985
2022-03-30 13:17:59,538.06
2022-03-30 13:18:04,538.06
2022-03-30 13:18:09,538.02
2022-03-30 13:18:14,538.9025708873266
2022-03-30 13:18:19,537.96
2022-03-30 13:18:24,537.89
2022-03-30 13:18:29,537.79
2022-03-30 13:18:34,537.89
2022-03-30 13:18:39,537.79
2022-03-30 13:18:44,537.73
2022-03-30 13:18:49,537.73
2022-03-30 13:18:54,537.66
2022-03-30 13:18:59,537.6
2022-03-30 13:19:04,537.6
2022-03-30 13:19:09,537.53
2022-03-30 13:19:14,537.5
2022-03-30 13:19:19,537.49
2022-03-30 13:19:24,537.43
2022-03-30 13:19:29,537.43
2022-03-30 13:19:34,538.6445801974396
2022-03-30 13:19:39,537.37
2022-03-30 13:19:44,537.3
2022-03-30 13:19:49,537.27
2022-03-30 13:19:54,537.27
2022-03-30 13:19:59,537.27
2022-03-30 13:20:04,537.2
2022-03-30 13:20:09,537.2
2022-03-30 13:20:14,537.13
2022-03-30 13:20:19,537.13
2022-03-30 13:20:24,538.4833360162603
2022-03-30 13:20:29,538.4672115981425
2022-03-30 13:20:34,537.13
2022-03-30 13:20:39,537.07
2022-03-30 13:20:44,537.0
2022-03-30 13:20:49,538.4027139256707
2022-03-30 13:20:54,537.0
2022-03-30 13:20:59,537.0
2022-03-30 13:21:04,536.97
2022-03-30 13:21:09,536.96
2022-03-30 13:21:14,536.96
2022-03-30 13:21:19,536.96
2022-03-30 13:21:24,538.2898429988451
2022-03-30 13:21:29,536.9
2022-03-30 13:21:34,536.9
2022-03-30 13:21:39,536.83
2022-03-30 13:21:44,536.83
2022-03-30 13:21:49,536.89
2022-03-30 13:21:54,536.83
2022-03-30 13:21:59,536.89
2022-03-30 13:22:04,536.89
2022-03-30 13:22:09,538.1447232357837
2022-03-30 13:22:14,536.76
2022-03-30 13:22:19,536.76
2022-03-30 13:22:24,538.0963499814299
2022-03-30 13:22:29,538.0802255633121
2022-03-30 13:22:34,538.0641011451941
2022-03-30 13:22:39,538.0479767270762
2022-03-30 13:22:44,536.6
2022-03-30 13:22:49,536.6
2022-03-30 13:22:54,537.9996034727224
2022-03-30 13:22:59,536.54
2022-03-30 13:23:04,536.54
2022-03-30 13:23:09,536.54
2022-03-30 13:23:14,536.54
2022-03-30 13:23:19,537.9189813821328
2022-03-30 13:23:24,536.47
2022-03-30 13:23:29,536.44
2022-03-30 13:23:34,537.8857708721113
2022-03-30 13:23:39,537.9257925580067
2022-03-30 13:23:44,536.38
2022-03-30 13:23:49,536.31
2022-03-30 13:23:54,536.38
2022-03-30 13:23:59,536.25
2022-03-30 13:24:04,536.25
2022-03-30 13:24:09,536.25
2022-03-30 13:24:14,538.2059443592738
2022-03-30 13:24:19,538.2459660451689
2022-03-30 13:24:24,538.2859877310642
2022-03-30 13:24:29,536.15
2022-03-30 13:24:34,536.21
2022-03-30 13:24:39,536.21
2022-03-30 13:24:44,536.21
2022-03-30 13:24:49,536.15
2022-03-30 13:24:54,536.21
2022-03-30 13:24:59,538.5661395323312
2022-03-30 13:25:04,538.6061612182264
2022-03-30 13:25:09,536.21
2022-03-30 13:25:14,536.21
2022-03-30 13:25:19,538.7262262759122
2022-03-30 13:25:24,536.21
2022-03-30 13:25:29,536.25
2022-03-30 13:25:34,536.25
2022-03-30 13:25:39,536.25
2022-03-30 13:25:44,536.31
2022-03-30 13:25:49,536.31
2022-03-30 13:25:54,536.37
2022-03-30 13:25:59,536.37
2022-03-30 13:26:04,536.37
2022-03-30 13:26:09,536.53
2022-03-30 13:26:14,536.54
2022-03-30 13:26:19,539.2064865066554
2022-03-30 13:26:24,536.6
2022-03-30 13:26:29,539.2865298784463
2022-03-30 13:26:34,539.3265515643413
2022-03-30 13:26:39,536.72
2022-03-30 13:26:44,539.4065949361321
2022-03-30 13:26:49,536.72
2022-03-30 13:26:54,536.75
2022-03-30 13:26:59,539.5266599938179
2022-03-30 13:27:04,536.82
2022-03-30 13:27:09,536.88
2022-03-30 13:27:14,539.6467250515038
2022-03-30 13:27:19,539.6867467373992
2022-03-30 13:27:24,539.7267684232943
2022-03-30 13:27:29,537.04
2022-03-30 13:27:34,537.1
2022-03-30 13:27:39,537.1
2022-03-30 13:27:44,537.17
2022-03-30 13:27:49,537.17
2022-03-30 13:27:54,537.23
2022-03-30 13:27:59,540.0069202245613
2022-03-30 13:28:04,537.26
2022-03-30 13:28:09,537.33
2022-03-30 13:28:14,537.39
2022-03-30 13:28:19,537.39
2022-03-30 13:28:24,537.45
2022-03-30 13:28:29,537.48
2022-03-30 13:28:34,537.55
2022-03-30 13:28:39,540.3270937117234
2022-03-30 13:28:44,540.3671153976188
2022-03-30 13:28:49,537.74
2022-03-30 13:28:54,537.74
2022-03-30 13:28:59,540.4871804553046
2022-03-30 13:29:04,540.5272021412001
2022-03-30 13:29:09,537.89
2022-03-30 13:29:14,537.96
2022-03-30 13:29:19,540.6472671988859
2022-03-30 13:29:24,540.687288884781
2022-03-30 13:29:29,538.12
2022-03-30 13:29:34,538.18
2022-03-30 13:29:39,538.24
2022-03-30 13:29:44,540.8473756283622
2022-03-30 13:29:49,538.34
2022-03-30 13:29:54,540.9274190001526
2022-03-30 13:29:59,540.967440686048
2022-03-30 13:30:04,541.0074623719433
2022-03-30 13:30:09,538.49
2022-03-30 13:30:14,538.56
2022-03-30 13:30:19,538.62
2022-03-30 13:30:24,538.68
2022-03-30 13:30:29,538.68
2022-03-30 13:30:34,538.75
2022-03-30 13:30:39,541.28761417321
2022-03-30 13:30:44,541.3276358591055
2022-03-30 13:30:49,538.91
2022-03-30 13:30:54,538.97
2022-03-30 13:30:59,539.0
2022-03-30 13:31:04,539.0
2022-03-30 13:31:09,539.06
2022-03-30 13:31:14,539.13
2022-03-30 13:31:19,539.19
2022-03-30 13:31:24,541.647809346268
2022-03-30 13:31:29,541.687831032163
2022-03-30 13:31:34,541.7278527180584
2022-03-30 13:31:39,541.7678744039538
2022-03-30 13:31:44,539.42
2022-03-30 13:31:49,539.42
2022-03-30 13:31:54,541.8879394616397
2022-03-30 13:31:59,541.9279611475347
2022-03-30 13:32:04,539.58
2022-03-30 13:32:09,539.64
2022-03-30 13:32:14,539.71
2022-03-30 13:32:19,539.77
2022-03-30 13:32:24,539.8
2022-03-30 13:32:29,539.87
2022-03-30 13:32:34,542.2081129488017
2022-03-30 13:32:39,540.03
2022-03-30 13:32:44,540.09
2022-03-30 13:32:49,540.16
2022-03-30 13:32:54,542.368199692383
2022-03-30 13:32:59,542.408221378278
2022-03-30 13:33:04,540.45
2022-03-30 13:33:09,540.54
2022-03-30 13:33:14,540.61
2022-03-30 13:33:19,540.74
2022-03-30 13:33:24,540.8
2022-03-30 13:33:29,540.9
2022-03-30 13:33:34,541.02
2022-03-30 13:33:39,541.12
2022-03-30 13:33:44,541.19
2022-03-30 13:33:49,542.8084382372309
2022-03-30 13:33:54,542.8484599231264
2022-03-30 13:33:59,541.54
2022-03-30 13:34:04,541.64
2022-03-30 13:34:09,541.76
2022-03-30 13:34:14,541.86
2022-03-30 13:34:19,541.99
2022-03-30 13:34:24,543.088590038498
2022-03-30 13:34:29,542.21
2022-03-30 13:34:34,542.34
2022-03-30 13:34:39,543.2086550961839
2022-03-30 13:34:44,542.57
2022-03-30 13:34:49,542.6
2022-03-30 13:34:54,543.3287201538697
2022-03-30 13:34:59,543.3687418397647
2022-03-30 13:35:04,542.95
2022-03-30 13:35:09,543.4487852115556
2022-03-30 13:35:14,543.11
2022-03-30 13:35:19,543.24
2022-03-30 13:35:24,543.37
2022-03-30 13:35:29,543.46
2022-03-30 13:35:34,543.59
2022-03-30 13:35:39,543.62
2022-03-30 13:35:44,543.7289370128226
2022-03-30 13:35:49,543.7689586987176
2022-03-30 13:35:54,543.91
2022-03-30 13:35:59,543.98
2022-03-30 13:36:04,544.11
2022-03-30 13:36:09,544.14
2022-03-30 13:36:14,543.9690671281943
2022-03-30 13:36:19,544.0090888140893
2022-03-30 13:36:24,544.0491104999846
2022-03-30 13:36:29,544.55
2022-03-30 13:36:34,544.1291538717751
2022-03-30 13:36:39,544.65
2022-03-30 13:36:44,544.77
2022-03-30 13:36:49,544.249218929461
2022-03-30 13:36:54,544.9
2022-03-30 13:36:59,544.3292623012518
2022-03-30 13:37:04,545.06
2022-03-30 13:37:09,545.12
2022-03-30 13:37:14,545.22
2022-03-30 13:37:19,544.4893490448326
2022-03-30 13:37:24,545.22
2022-03-30 13:37:29,544.5693924166234
2022-03-30 13:37:34,545.4
2022-03-30 13:37:39,545.44
2022-03-30 13:37:44,544.6274059532889
2022-03-30 13:37:49,545.5
2022-03-30 13:37:54,544.6049991562868
2022-03-30 13:37:59,545.57
2022-03-30 13:38:04,545.63
2022-03-30 13:38:09,544.5713889607835
2022-03-30 13:38:14,545.63
2022-03-30 13:38:19,545.63
2022-03-30 13:38:24,545.62
2022-03-30 13:38:29,545.56
2022-03-30 13:38:34,545.56
2022-03-30 13:38:39,544.504168569777
2022-03-30 13:38:44,545.49
2022-03-30 13:38:49,545.4
2022-03-30 13:38:54,545.39
2022-03-30 13:38:59,544.4593549757726
2022-03-30 13:39:04,544.4481515772716
2022-03-30 13:39:09,545.1
2022-03-30 13:39:14,545.03
2022-03-30 13:39:19,544.9
2022-03-30 13:39:24,544.81
2022-03-30 13:39:29,544.67
2022-03-30 13:39:34,544.3809311862651
2022-03-30 13:39:39,544.369727787764
2022-03-30 13:39:44,544.35
2022-03-30 13:39:49,544.09
2022-03-30 13:39:54,544.06
2022-03-30 13:39:59,543.93
2022-03-30 13:40:04,543.83
2022-03-30 13:40:09,543.64
2022-03-30 13:40:14,543.54
2022-03-30 13:40:19,544.2801005997552
2022-03-30 13:40:24,544.2688972012542
2022-03-30 13:40:29,543.18
2022-03-30 13:40:34,544.246490404252
2022-03-30 13:40:39,542.89
2022-03-30 13:40:44,544.2240836072499
2022-03-30 13:40:49,542.73
2022-03-30 13:40:54,542.6
2022-03-30 13:40:59,542.54
2022-03-30 13:41:04,542.44
2022-03-30 13:41:09,544.1680666147445
2022-03-30 13:41:14,542.28
2022-03-30 13:41:19,544.1456598177422
2022-03-30 13:41:24,542.15
2022-03-30 13:41:29,542.02
2022-03-30 13:41:34,544.1120496222389
2022-03-30 13:41:39,541.99
2022-03-30 13:41:44,541.86
2022-03-30 13:41:49,541.86
2022-03-30 13:41:54,541.79
2022-03-30 13:41:59,541.8
2022-03-30 13:42:04,541.8
2022-03-30 13:42:09,544.0336258327314
2022-03-30 13:42:14,541.7
2022-03-30 13:42:19,541.7
2022-03-30 13:42:24,544.0000156372282
2022-03-30 13:42:29,541.7
2022-03-30 13:42:34,543.9776088402259
2022-03-30 13:42:39,541.57
2022-03-30 13:42:44,543.9552020432238
2022-03-30 13:42:49,543.9439986447227
2022-03-30 13:42:54,543.9327952462216
2022-03-30 13:42:59,541.63
2022-03-30 13:43:04,541.7
2022-03-30 13:43:09,543.8991850507184
2022-03-30 13:43:14,541.7
2022-03-30 13:43:19,541.7
2022-03-30 13:43:24,543.8655748552152
2022-03-30 13:43:29,541.79
2022-03-30 13:43:34,543.8431680582129
2022-03-30 13:43:39,543.831964659712
2022-03-30 13:43:44,541.92
2022-03-30 13:43:49,541.92
2022-03-30 13:43:54,541.92
2022-03-30 13:43:59,541.92
2022-03-30 13:44:04,542.02
2022-03-30 13:44:09,543.7647442687054
2022-03-30 13:44:14,542.02
2022-03-30 13:44:19,542.08
2022-03-30 13:44:24,543.7311340732022
2022-03-30 13:44:29,543.719930674701
2022-03-30 13:44:34,542.21
2022-03-30 13:44:39,543.6975238776988
2022-03-30 13:44:44,542.3
2022-03-30 13:44:49,542.37
2022-03-30 13:44:54,543.6639136821955
2022-03-30 13:44:59,542.43
2022-03-30 13:45:04,543.6415068851934
2022-03-30 13:45:09,543.6303034866922
2022-03-30 13:45:14,542.52
2022-03-30 13:45:19,542.59
2022-03-30 13:45:24,542.59
2022-03-30 13:45:29,543.585489892688
2022-03-30 13:45:34,543.5742864941868
2022-03-30 13:45:39,542.78
2022-03-30 13:45:44,543.5518796971847
2022-03-30 13:45:49,542.78
2022-03-30 13:45:54,542.81
2022-03-30 13:45:59,542.87
2022-03-30 13:46:04,543.5070661031804
2022-03-30 13:46:09,543.4958627046792
2022-03-30 13:46:14,542.94
2022-03-30 13:46:19,542.93
2022-03-30 13:46:24,543.0
2022-03-30 13:46:29,543.451049110675
2022-03-30 13:46:34,543.03
2022-03-30 13:46:39,543.09
2022-03-30 13:46:44,543.09
2022-03-30 13:46:49,543.16
2022-03-30 13:46:54,543.16
2022-03-30 13:46:59,543.22
2022-03-30 13:47:04,543.15
2022-03-30 13:47:09,543.3614219226662
2022-03-30 13:47:14,543.3502185241653
2022-03-30 13:47:19,543.21
2022-03-30 13:47:24,543.28
2022-03-30 13:47:29,543.28
2022-03-30 13:47:34,543.28
2022-03-30 13:47:39,543.28
2022-03-30 13:47:44,543.28
2022-03-30 13:47:49,543.21
2022-03-30 13:47:54,543.21
2022-03-30 13:47:59,543.15
2022-03-30 13:48:04,543.2381845391543
2022-03-30 13:48:09,543.08
2022-03-30 13:48:14,543.01
2022-03-30 13:48:19,543.01
2022-03-30 13:48:24,542.98
2022-03-30 13:48:29,542.92
2022-03-30 13:48:34,542.85
2022-03-30 13:48:39,542.78
2022-03-30 13:48:44,542.75
2022-03-30 13:48:49,543.1373539526446
2022-03-30 13:48:54,542.62
2022-03-30 13:48:59,542.56
2022-03-30 13:49:04,542.46
2022-03-30 13:49:09,542.27
2022-03-30 13:49:14,542.27
2022-03-30 13:49:19,542.23
2022-03-30 13:49:24,542.11
2022-03-30 13:49:29,541.98
2022-03-30 13:49:34,541.88
2022-03-30 13:49:39,541.81
2022-03-30 13:49:44,541.75
2022-03-30 13:49:49,541.65
2022-03-30 13:49:54,541.52
2022-03-30 13:49:59,542.9805063736293
2022-03-30 13:50:04,542.9693029751282
2022-03-30 13:50:09,542.9580995766272
2022-03-30 13:50:14,541.07
2022-03-30 13:50:19,540.94
2022-03-30 13:50:24,540.91
2022-03-30 13:50:29,540.71
2022-03-30 13:50:34,540.68
2022-03-30 13:50:39,542.8908791856206
2022-03-30 13:50:44,542.8796757871195
2022-03-30 13:50:49,542.8684723886186
2022-03-30 13:50:54,540.27
2022-03-30 13:50:59,542.8460655916163
2022-03-30 13:51:04,540.1
2022-03-30 13:51:09,540.04
2022-03-30 13:51:14,539.91
2022-03-30 13:51:19,539.88
2022-03-30 13:51:24,539.75
2022-03-30 13:51:29,539.69
2022-03-30 13:51:34,539.59
2022-03-30 13:51:39,539.46
2022-03-30 13:51:44,539.4
2022-03-30 13:51:49,539.37
2022-03-30 13:51:54,542.7804106621637
2022-03-30 13:51:59,542.7959569309576
2022-03-30 13:52:04,542.8115031997512
2022-03-30 13:52:09,539.01
2022-03-30 13:52:14,542.8425957373387
2022-03-30 13:52:19,538.85
2022-03-30 13:52:24,538.79
2022-03-30 13:52:29,542.8892345437199
2022-03-30 13:52:34,538.63
2022-03-30 13:52:39,538.56
2022-03-30 13:52:44,538.5
2022-03-30 13:52:49,542.9514196188948
2022-03-30 13:52:54,542.9669658876885
2022-03-30 13:52:59,542.9825121564822
2022-03-30 13:53:04,538.2
2022-03-30 13:53:09,543.0136046940697
2022-03-30 13:53:14,538.14
2022-03-30 13:53:19,538.04
2022-03-30 13:53:24,537.98
2022-03-30 13:53:29,537.91
2022-03-30 13:53:34,537.82
2022-03-30 13:53:39,543.1068823068321
2022-03-30 13:53:44,537.62
2022-03-30 13:53:49,537.59
2022-03-30 13:53:54,537.53
2022-03-30 13:53:59,543.169067382007
2022-03-30 13:54:04,537.46
2022-03-30 13:54:09,537.4
2022-03-30 13:54:14,543.2157061883883
2022-03-30 13:54:19,543.231252457182
2022-03-30 13:54:24,537.23
2022-03-30 13:54:29,537.23
2022-03-30 13:54:34,543.2778912635632
2022-03-30 13:54:39,543.2934375323568
2022-03-30 13:54:44,537.1
2022-03-30 13:54:49,543.3245300699444
2022-03-30 13:54:54,537.0
2022-03-30 13:54:59,537.0
2022-03-30 13:55:04,543.3711688763256
2022-03-30 13:55:09,536.87
2022-03-30 13:55:14,543.402261413913
2022-03-30 13:55:19,536.8
2022-03-30 13:55:24,536.77
2022-03-30 13:55:29,536.7
2022-03-30 13:55:34,536.64
2022-03-30 13:55:39,543.4799927578816
2022-03-30 13:55:44,536.58
2022-03-30 13:55:49,536.57
2022-03-30 13:55:54,536.48
2022-03-30 13:55:59,536.48
2022-03-30 13:56:04,536.41
2022-03-30 13:56:09,536.48
2022-03-30 13:56:14,536.41
2022-03-30 13:56:19,536.34
2022-03-30 13:56:24,536.41
2022-03-30 13:56:29,536.34
2022-03-30 13:56:34,536.28
2022-03-30 13:56:39,536.28
2022-03-30 13:56:44,536.24
2022-03-30 13:56:49,536.24
2022-03-30 13:56:54,536.27
2022-03-30 13:56:59,536.24
2022-03-30 13:57:04,536.24
2022-03-30 13:57:09,543.7598255961688
2022-03-30 13:57:14,536.24
2022-03-30 13:57:19,543.7909181337563
2022-03-30 13:57:24,536.17
2022-03-30 13:57:29,536.23
2022-03-30 13:57:34,536.23
2022-03-30 13:57:39,536.24
2022-03-30 13:57:44,543.868649477725
2022-03-30 13:57:49,536.1
2022-03-30 13:57:54,536.17
2022-03-30 13:57:59,536.16
2022-03-30 13:58:04,536.1
2022-03-30 13:58:09,543.9463808216937
2022-03-30 13:58:14,536.1
2022-03-30 13:58:19,536.03
2022-03-30 13:58:24,536.03
2022-03-30 13:58:29,536.03
2022-03-30 13:58:34,536.1
2022-03-30 13:58:39,544.0396584344561
2022-03-30 13:58:44,544.0552047032497
2022-03-30 13:58:49,544.0707509720435
2022-03-30 13:58:54,536.1
2022-03-30 13:58:59,536.09
2022-03-30 13:59:04,544.1173897784247
2022-03-30 13:59:09,536.09
2022-03-30 13:59:14,544.1484823160121
2022-03-30 13:59:19,536.16
2022-03-30 13:59:24,536.09
2022-03-30 13:59:29,536.03
2022-03-30 13:59:34,536.09
2022-03-30 13:59:39,536.16
2022-03-30 13:59:44,536.22
2022-03-30 13:59:49,536.09
2022-03-30 13:59:54,536.09
2022-03-30 13:59:59,536.09
2022-03-30 14:00:04,536.16
2022-03-30 14:00:09,544.3194912727432
2022-03-30 14:00:14,544.3350375415368
2022-03-30 14:00:19,536.09
2022-03-30 14:00:24,536.09
2022-03-30 14:00:29,544.3816763479181
2022-03-30 14:00:34,536.03
2022-03-30 14:00:39,536.09
2022-03-30 14:00:44,536.09
2022-03-30 14:00:49,536.1
2022-03-30 14:00:54,536.03
2022-03-30 14:00:59,535.99
2022-03-30 14:01:04,544.4905002294742
2022-03-30 14:01:09,536.0
2022-03-30 14:01:14,544.5215927670616
2022-03-30 14:01:19,544.5371390358554
2022-03-30 14:01:24,544.5526853046491
2022-03-30 14:01:29,544.5682315734427
2022-03-30 14:01:34,544.5837778422366
2022-03-30 14:01:39,535.8
2022-03-30 14:01:44,544.614870379824
2022-03-30 14:01:49,544.6304166486177
2022-03-30 14:01:54,535.74
2022-03-30 14:01:59,535.74
2022-03-30 14:02:04,544.6770554549989
2022-03-30 14:02:09,544.6926017237927
2022-03-30 14:02:14,535.71
2022-03-30 14:02:19,535.7
2022-03-30 14:02:24,535.7
2022-03-30 14:02:29,535.58
2022-03-30 14:02:34,535.58
2022-03-30 14:02:39,535.58
2022-03-30 14:02:44,544.8014256053489
2022-03-30 14:02:49,535.58
2022-03-30 14:02:54,544.8325181429364
2022-03-30 14:02:59,544.8480644117301
2022-03-30 14:03:04,535.51
2022-03-30 14:03:09,535.51
2022-03-30 14:03:14,535.48
2022-03-30 14:03:19,535.48
2022-03-30 14:03:24,544.9257957556987
2022-03-30 14:03:29,535.48
2022-03-30 14:03:34,535.42
2022-03-30 14:03:39,535.35
2022-03-30 14:03:44,535.35
2022-03-30 14:03:49,535.29
2022-03-30 14:03:54,545.019073368461
2022-03-30 14:03:59,545.0346196372549
2022-03-30 14:04:04,535.22
2022-03-30 14:04:09,535.22
2022-03-30 14:04:14,535.13
2022-03-30 14:04:19,545.0968047124296
2022-03-30 14:04:24,535.06
2022-03-30 14:04:29,545.1278972500172
2022-03-30 14:04:34,535.06
2022-03-30 14:04:39,535.0
2022-03-30 14:04:44,535.0
2022-03-30 14:04:49,545.1900823251921
2022-03-30 14:04:54,534.96
2022-03-30 14:04:59,534.96
2022-03-30 14:05:04,534.9
2022-03-30 14:05:09,534.9
2022-03-30 14:05:14,545.2678136691608
2022-03-30 14:05:19,534.9
2022-03-30 14:05:24,534.9
2022-03-30 14:05:29,545.314452475542
2022-03-30 14:05:34,534.9
2022-03-30 14:05:39,534.84
2022-03-30 14:05:44,534.84
2022-03-30 14:05:49,545.3751630471259
2022-03-30 14:05:54,545.3750119964419
2022-03-30 14:05:59,534.77
2022-03-30 14:06:04,534.77
2022-03-30 14:06:09,534.77
2022-03-30 14:06:14,534.71
2022-03-30 14:06:19,545.3742567430222
2022-03-30 14:06:24,545.3741056923383
2022-03-30 14:06:29,534.71
2022-03-30 14:06:34,534.68
2022-03-30 14:06:39,534.71
2022-03-30 14:06:44,534.71
2022-03-30 14:06:49,545.3733504389186
2022-03-30 14:06:54,534.68
2022-03-30 14:06:59,534.68
2022-03-30 14:07:04,534.68
2022-03-30 14:07:09,534.68
2022-03-30 14:07:14,534.68
2022-03-30 14:07:19,534.68
2022-03-30 14:07:24,545.3722930841309
2022-03-30 14:07:29,534.68
2022-03-30 14:07:34,534.68
2022-03-30 14:07:39,534.68
2022-03-30 14:07:44,545.3716888813951
2022-03-30 14:07:49,534.68
2022-03-30 14:07:54,545.3713867800273
2022-03-30 14:07:59,534.68
2022-03-30 14:08:04,545.3710846786594
2022-03-30 14:08:09,534.68
2022-03-30 14:08:14,534.62
2022-03-30 14:08:19,545.3706315266074
2022-03-30 14:08:24,534.68
2022-03-30 14:08:29,534.62
2022-03-30 14:08:34,534.62
2022-03-30 14:08:39,534.62
2022-03-30 14:08:44,534.68
2022-03-30 14:08:49,534.62
2022-03-30 14:08:54,534.62
2022-03-30 14:08:59,534.62
2022-03-30 14:09:04,534.62
2022-03-30 14:09:09,534.62
2022-03-30 14:09:14,534.62
2022-03-30 14:09:19,534.62
2022-03-30 14:09:24,545.3686678677161
2022-03-30 14:09:29,545.3685168170322
2022-03-30 14:09:34,534.55
2022-03-30 14:09:39,534.62
2022-03-30 14:09:44,534.62
2022-03-30 14:09:49,545.3679126142964
2022-03-30 14:09:54,545.3677615636125
2022-03-30 14:09:59,534.62
2022-03-30 14:10:04,534.62
2022-03-30 14:10:09,534.62
2022-03-30 14:10:14,534.62
2022-03-30 14:10:19,534.62
2022-03-30 14:10:24,534.62
2022-03-30 14:10:29,534.62
2022-03-30 14:10:34,534.62
2022-03-30 14:10:39,545.3664021074569
2022-03-30 14:10:44,534.68
2022-03-30 14:10:49,534.68
2022-03-30 14:10:54,545.3659489554051
2022-03-30 14:10:59,545.3657979047211
2022-03-30 14:11:04,534.71
2022-03-30 14:11:09,545.3654958033533
2022-03-30 14:11:14,534.84
2022-03-30 14:11:19,534.84
2022-03-30 14:11:24,534.9
2022-03-30 14:11:29,545.3648916006175
2022-03-30 14:11:34,534.97
2022-03-30 14:11:39,535.0
2022-03-30 14:11:44,535.0
2022-03-30 14:11:49,535.06
2022-03-30 14:11:54,545.3641363471977
2022-03-30 14:11:59,535.13
2022-03-30 14:12:04,535.13
2022-03-30 14:12:09,545.3636831951459
2022-03-30 14:12:14,535.19
2022-03-30 14:12:19,535.22
2022-03-30 14:12:24,545.3632300430941
2022-03-30 14:12:29,535.22
2022-03-30 14:12:34,535.28
2022-03-30 14:12:39,545.3627768910422
2022-03-30 14:12:44,545.3626258403583
2022-03-30 14:12:49,535.28
2022-03-30 14:12:54,545.3623237389903
2022-03-30 14:12:59,535.28
2022-03-30 14:13:04,545.3620216376224
2022-03-30 14:13:09,535.28
2022-03-30 14:13:14,535.28
2022-03-30 14:13:19,535.28
2022-03-30 14:13:24,535.34
2022-03-30 14:13:29,535.28
2022-03-30 14:13:34,535.34
2022-03-30 14:13:39,545.3609642828349
2022-03-30 14:13:44,535.28
2022-03-30 14:13:49,535.27
2022-03-30 14:13:54,535.27
2022-03-30 14:13:59,545.3603600800991
2022-03-30 14:14:04,535.27
2022-03-30 14:14:09,535.21
2022-03-30 14:14:14,535.21
2022-03-30 14:14:19,545.3597558773632
2022-03-30 14:14:24,535.27
2022-03-30 14:14:29,545.3594537759953
2022-03-30 14:14:34,545.3593027253114
2022-03-30 14:14:39,535.2
2022-03-30 14:14:44,545.3590006239435
2022-03-30 14:14:49,535.2
2022-03-30 14:14:54,535.2
2022-03-30 14:14:59,535.2
2022-03-30 14:15:04,535.27
2022-03-30 14:15:09,535.27
2022-03-30 14:15:14,535.27
2022-03-30 14:15:19,535.33
2022-03-30 14:15:24,535.33
2022-03-30 14:15:29,535.33
2022-03-30 14:15:34,535.39
2022-03-30 14:15:39,545.3573390664201
2022-03-30 14:15:44,545.3571880157361
2022-03-30 14:15:49,535.49
2022-03-30 14:15:54,545.3568859143683
2022-03-30 14:15:59,545.3567348636843
2022-03-30 14:16:04,535.62
2022-03-30 14:16:09,535.62
2022-03-30 14:16:14,535.68
2022-03-30 14:16:19,535.72
2022-03-30 14:16:24,535.72
2022-03-30 14:16:29,535.71
2022-03-30 14:16:34,535.78
2022-03-30 14:16:39,535.85
2022-03-30 14:16:44,535.84
2022-03-30 14:16:49,545.3552243568448
2022-03-30 14:16:54,535.91
2022-03-30 14:16:59,535.97
2022-03-30 14:17:04,545.354771204793
2022-03-30 14:17:09,536.01
2022-03-30 14:17:14,545.3544691034251
2022-03-30 14:17:19,536.07
2022-03-30 14:17:24,536.13
2022-03-30 14:17:29,536.14
2022-03-30 14:17:34,545.3538649006892
2022-03-30 14:17:39,545.3537138500053
2022-03-30 14:17:44,545.3535627993214
2022-03-30 14:17:49,536.3
2022-03-30 14:17:54,536.3
2022-03-30 14:17:59,536.36
2022-03-30 14:18:04,536.36
2022-03-30 14:18:09,536.43
2022-03-30 14:18:14,536.49
2022-03-30 14:18:19,536.49
2022-03-30 14:18:24,536.49
2022-03-30 14:18:29,536.52
2022-03-30 14:18:34,536.52
2022-03-30 14:18:39,545.351901241798
2022-03-30 14:18:44,536.59
2022-03-30 14:18:49,536.59
2022-03-30 14:18:54,536.59
2022-03-30 14:18:59,536.59
2022-03-30 14:19:04,536.65
2022-03-30 14:19:09,545.3509949376943
2022-03-30 14:19:14,536.72
2022-03-30 14:19:19,536.72
2022-03-30 14:19:24,536.72
2022-03-30 14:19:29,536.75
2022-03-30 14:19:34,545.3502396842746
2022-03-30 14:19:39,536.81
2022-03-30 14:19:44,536.88
2022-03-30 14:19:49,536.81
2022-03-30 14:19:54,545.3495080654126
2022-03-30 14:19:59,545.3457398124791
2022-03-30 14:20:04,536.94
2022-03-30 14:20:09,536.94
2022-03-30 14:20:14,537.01
2022-03-30 14:20:19,537.01
2022-03-30 14:20:24,537.0
2022-03-30 14:20:29,537.0
2022-03-30 14:20:34,537.03
2022-03-30 14:20:39,537.04
2022-03-30 14:20:44,545.3118255360781
2022-03-30 14:20:49,537.1
2022-03-30 14:20:54,545.3042890302112
2022-03-30 14:20:59,537.16
2022-03-30 14:21:04,545.2967525243442
2022-03-30 14:21:09,537.23
2022-03-30 14:21:14,537.23
2022-03-30 14:21:19,537.26
2022-03-30 14:21:24,545.2816795126105
2022-03-30 14:21:29,537.32
2022-03-30 14:21:34,537.32
2022-03-30 14:21:39,545.2703747538102
2022-03-30 14:21:44,537.32
2022-03-30 14:21:49,537.32
2022-03-30 14:21:54,537.38
2022-03-30 14:21:59,545.2553017420763
2022-03-30 14:22:04,545.2515334891428
2022-03-30 14:22:09,537.38
2022-03-30 14:22:14,537.38
2022-03-30 14:22:19,537.44
2022-03-30 14:22:24,545.2364604774091
2022-03-30 14:22:29,537.44
2022-03-30 14:22:34,537.51
2022-03-30 14:22:39,545.2251557186088
2022-03-30 14:22:44,537.5
2022-03-30 14:22:49,537.5
2022-03-30 14:22:54,545.2138509598084
2022-03-30 14:22:59,545.210082706875
2022-03-30 14:23:04,545.2063144539416
2022-03-30 14:23:09,537.53
2022-03-30 14:23:14,537.59
2022-03-30 14:23:19,537.53
2022-03-30 14:23:24,537.59
2022-03-30 14:23:29,537.59
2022-03-30 14:23:34,545.1837049363409
2022-03-30 14:23:39,537.66
2022-03-30 14:23:44,545.1761684304739
2022-03-30 14:23:49,537.65
2022-03-30 14:23:54,537.65
2022-03-30 14:23:59,537.65
2022-03-30 14:24:04,545.1610954187402
2022-03-30 14:24:09,545.1573271658067
2022-03-30 14:24:14,537.65
2022-03-30 14:24:19,545.1497906599398
2022-03-30 14:24:24,537.64
2022-03-30 14:24:29,545.1422541540729
2022-03-30 14:24:34,537.64
2022-03-30 14:24:39,537.64
2022-03-30 14:24:44,537.64
2022-03-30 14:24:49,545.1271811423392
2022-03-30 14:24:54,537.64
2022-03-30 14:24:59,545.1196446364722
2022-03-30 14:25:04,537.64
2022-03-30 14:25:09,537.64
2022-03-30 14:25:14,537.64
2022-03-30 14:25:19,537.7
2022-03-30 14:25:24,537.7
2022-03-30 14:25:29,545.0970351188715
2022-03-30 14:25:34,537.7
2022-03-30 14:25:39,537.7
2022-03-30 14:25:44,537.73
2022-03-30 14:25:49,537.73
2022-03-30 14:25:54,537.73
2022-03-30 14:25:59,545.0744256012708
2022-03-30 14:26:04,537.73
2022-03-30 14:26:09,537.73
2022-03-30 14:26:14,545.0631208424705
2022-03-30 14:26:19,537.79
2022-03-30 14:26:24,545.0555843366036
2022-03-30 14:26:29,545.0518160836701
2022-03-30 14:26:34,537.86
2022-03-30 14:26:39,537.92
2022-03-30 14:26:44,537.92
2022-03-30 14:26:49,537.92
2022-03-30 14:26:54,545.0329748190029
2022-03-30 14:26:59,537.98
2022-03-30 14:27:04,537.98
2022-03-30 14:27:09,538.02
2022-03-30 14:27:14,545.0179018072691
2022-03-30 14:27:19,545.0141335543357
2022-03-30 14:27:24,538.08
2022-03-30 14:27:29,538.08
2022-03-30 14:27:34,545.0028287955354
2022-03-30 14:27:39,538.08
2022-03-30 14:27:44,544.9952922896684
2022-03-30 14:27:49,544.991524036735
2022-03-30 14:27:54,538.14
2022-03-30 14:27:59,538.14
2022-03-30 14:28:04,538.21
2022-03-30 14:28:09,538.21
2022-03-30 14:28:14,538.24
2022-03-30 14:28:19,544.9689145191343
2022-03-30 14:28:24,538.24
2022-03-30 14:28:29,538.3
2022-03-30 14:28:34,544.957609760334
2022-03-30 14:28:39,544.9538415074005
2022-03-30 14:28:44,538.24
2022-03-30 14:28:49,538.24
2022-03-30 14:28:54,538.3
2022-03-30 14:28:59,538.24
2022-03-30 14:29:04,538.21
2022-03-30 14:29:09,544.9312319897998
2022-03-30 14:29:14,538.21
2022-03-30 14:29:19,538.14
2022-03-30 14:29:24,538.14
2022-03-30 14:29:29,538.14
2022-03-30 14:29:34,544.9123907251326
2022-03-30 14:29:39,538.07
2022-03-30 14:29:44,538.01
2022-03-30 14:29:49,538.01
2022-03-30 14:29:54,544.8973177133988
2022-03-30 14:29:59,537.98
2022-03-30 14:30:04,537.98
2022-03-30 14:30:09,544.8860129545984
2022-03-30 14:30:14,537.84
2022-03-30 14:30:19,537.84
2022-03-30 14:30:24,537.78
2022-03-30 14:30:29,537.72
2022-03-30 14:30:34,537.71
2022-03-30 14:30:39,537.68
2022-03-30 14:30:44,544.8596351840642
2022-03-30 14:30:49,544.8558669311309
2022-03-30 14:30:54,544.8520986781974
2022-03-30 14:30:59,537.55
2022-03-30 14:31:04,544.8445621723305
2022-03-30 14:31:09,544.840793919397
2022-03-30 14:31:14,544.8370256664637
2022-03-30 14:31:19,537.38
2022-03-30 14:31:24,537.39
2022-03-30 14:31:29,537.32
2022-03-30 14:31:34,544.8219526547298
2022-03-30 14:31:39,537.25
2022-03-30 14:31:44,537.19
2022-03-30 14:31:49,537.19
2022-03-30 14:31:54,544.806879642996
2022-03-30 14:31:59,537.15
2022-03-30 14:32:04,537.15
2022-03-30 14:32:09,537.15
2022-03-30 14:32:14,537.09
2022-03-30 14:32:19,537.09
2022-03-30 14:32:24,544.7842701253953
2022-03-30 14:32:29,537.08
2022-03-30 14:32:34,537.02
2022-03-30 14:32:39,544.772965366595
2022-03-30 14:32:44,544.7691971136616
2022-03-30 14:32:49,536.95
2022-03-30 14:32:54,544.7616606077946
2022-03-30 14:32:59,536.95
2022-03-30 14:33:04,536.92
2022-03-30 14:33:09,536.86
2022-03-30 14:33:14,536.85
2022-03-30 14:33:19,536.85
2022-03-30 14:33:24,544.7390510901939
2022-03-30 14:33:29,544.7352828372605
2022-03-30 14:33:34,536.72
2022-03-30 14:33:39,536.65
2022-03-30 14:33:44,544.7239780784602
2022-03-30 14:33:49,536.56
2022-03-30 14:33:54,536.56
2022-03-30 14:33:59,544.7126733196599
2022-03-30 14:34:04,536.43
2022-03-30 14:34:09,536.39
2022-03-30 14:34:14,536.33
2022-03-30 14:34:19,544.7810950724358
2022-03-30 14:34:24,536.27
2022-03-30 14:34:29,536.14
2022-03-30 14:34:34,536.1
2022-03-30 14:34:39,544.8500099045297
2022-03-30 14:34:44,544.8672386125531
2022-03-30 14:34:49,535.91
2022-03-30 14:34:54,535.88
2022-03-30 14:34:59,544.9189247366236
2022-03-30 14:35:04,544.9361534446472
2022-03-30 14:35:09,535.62
2022-03-30 14:35:14,535.62
2022-03-30 14:35:19,544.9878395687176
2022-03-30 14:35:24,535.52
2022-03-30 14:35:29,545.0222969847645
2022-03-30 14:35:34,535.4
2022-03-30 14:35:39,535.36
2022-03-30 14:35:44,535.3
2022-03-30 14:35:49,545.0912118168585
2022-03-30 14:35:54,535.24
2022-03-30 14:35:59,535.17
2022-03-30 14:36:04,535.11
2022-03-30 14:36:09,535.11
2022-03-30 14:36:14,535.07
2022-03-30 14:36:19,535.07
2022-03-30 14:36:24,535.07
2022-03-30 14:36:29,535.01
2022-03-30 14:36:34,545.2462701890698
2022-03-30 14:36:39,545.2634988970933
2022-03-30 14:36:44,535.01
2022-03-30 14:36:49,535.01
2022-03-30 14:36:54,535.01
2022-03-30 14:36:59,545.3324137291871
2022-03-30 14:37:04,545.3496424372107
2022-03-30 14:37:09,535.17
2022-03-30 14:37:14,545.3840998532576
2022-03-30 14:37:19,545.4013285612812
2022-03-30 14:37:24,535.37
2022-03-30 14:37:29,545.435785977328
2022-03-30 14:37:34,535.46
2022-03-30 14:37:39,535.52
2022-03-30 14:37:44,535.62
2022-03-30 14:37:49,535.75
2022-03-30 14:37:54,535.88
2022-03-30 14:37:59,535.98
2022-03-30 14:38:04,536.11
2022-03-30 14:38:09,536.27
2022-03-30 14:38:14,536.39
2022-03-30 14:38:19,545.6080730575628
2022-03-30 14:38:24,545.6253017655864
2022-03-30 14:38:29,536.85
2022-03-30 14:38:34,545.6597591816333
2022-03-30 14:38:39,537.17
2022-03-30 14:38:44,537.3
2022-03-30 14:38:49,537.52
2022-03-30 14:38:54,545.7286740137273
2022-03-30 14:38:59,537.81
2022-03-30 14:39:04,545.7631314297741
2022-03-30 14:39:09,545.7803601377977
2022-03-30 14:39:14,538.46
2022-03-30 14:39:19,538.55
2022-03-30 14:39:24,538.71
2022-03-30 14:39:29,545.8492749698916
2022-03-30 14:39:34,539.13
2022-03-30 14:39:39,539.36
2022-03-30 14:39:44,539.52
2022-03-30 14:39:49,545.9181898019855
2022-03-30 14:39:54,539.93
2022-03-30 14:39:59,545.9526472180324
2022-03-30 14:40:04,540.25
2022-03-30 14:40:09,540.51
2022-03-30 14:40:14,540.67
2022-03-30 14:40:19,546.0215620501264
2022-03-30 14:40:24,541.03
2022-03-30 14:40:29,541.19
2022-03-30 14:40:34,541.34
2022-03-30 14:40:39,546.0904768822204
2022-03-30 14:40:44,541.7
2022-03-30 14:40:49,541.92
2022-03-30 14:40:54,542.05
2022-03-30 14:40:59,542.28
2022-03-30 14:41:04,546.1766204223377
2022-03-30 14:41:09,542.5
2022-03-30 14:41:14,542.66
2022-03-30 14:41:19,542.79
2022-03-30 14:41:24,542.95
2022-03-30 14:41:29,543.08
2022-03-30 14:41:34,543.24
2022-03-30 14:41:39,543.4
2022-03-30 14:41:44,543.52
2022-03-30 14:41:49,543.62
2022-03-30 14:41:54,546.3489075025726
2022-03-30 14:41:59,543.84
2022-03-30 14:42:04,543.91
2022-03-30 14:42:09,546.4005936266431
2022-03-30 14:42:14,544.2
2022-03-30 14:42:19,544.33
2022-03-30 14:42:24,544.42
2022-03-30 14:42:29,546.469508458737
2022-03-30 14:42:34,544.64
2022-03-30 14:42:39,546.503965874784
2022-03-30 14:42:44,544.87
2022-03-30 14:42:49,544.99
2022-03-30 14:42:54,545.16
2022-03-30 14:42:59,546.5728807068779
2022-03-30 14:43:04,545.35
2022-03-30 14:43:09,545.51
2022-03-30 14:43:14,545.57
2022-03-30 14:43:19,545.73
2022-03-30 14:43:24,546.6590242469953
2022-03-30 14:43:29,545.96
2022-03-30 14:43:34,546.09
2022-03-30 14:43:39,546.19
2022-03-30 14:43:44,546.25
2022-03-30 14:43:49,546.7451677871126
2022-03-30 14:43:54,546.54
2022-03-30 14:43:59,546.66
2022-03-30 14:44:04,546.76
2022-03-30 14:44:09,546.8140826192066
2022-03-30 14:44:14,547.05
2022-03-30 14:44:19,547.18
2022-03-30 14:44:24,547.28
2022-03-30 14:44:29,547.4
2022-03-30 14:44:34,547.5
2022-03-30 14:44:39,547.57
2022-03-30 14:44:44,547.69
2022-03-30 14:44:49,546.9519122833943
2022-03-30 14:44:54,547.92
2022-03-30 14:44:59,547.95
2022-03-30 14:45:04,547.0035984074648
2022-03-30 14:45:09,548.15
2022-03-30 14:45:14,548.24
2022-03-30 14:45:19,547.0552845315352
2022-03-30 14:45:24,547.0725132395587
2022-03-30 14:45:29,548.44
2022-03-30 14:45:34,547.1069706556058
2022-03-30 14:45:39,548.6
2022-03-30 14:45:44,548.66
2022-03-30 14:45:49,548.73
2022-03-30 14:45:54,548.76
2022-03-30 14:45:59,548.82
2022-03-30 14:46:04,548.82
2022-03-30 14:46:09,548.89
2022-03-30 14:46:14,548.89
2022-03-30 14:46:19,547.2620290278171
2022-03-30 14:46:24,548.95
2022-03-30 14:46:29,548.98
2022-03-30 14:46:34,548.99
2022-03-30 14:46:39,547.3309438599109
2022-03-30 14:46:44,548.99
2022-03-30 14:46:49,547.365401275958
2022-03-30 14:46:54,548.95
2022-03-30 14:46:59,547.399858692005
2022-03-30 14:47:04,548.89
2022-03-30 14:47:09,548.82
2022-03-30 14:47:14,547.4515448160754
2022-03-30 14:47:19,547.4687735240989
2022-03-30 14:47:24,548.76
2022-03-30 14:47:29,548.72
2022-03-30 14:47:34,548.66
2022-03-30 14:47:39,547.5376883561927
2022-03-30 14:47:44,547.5549170642163
2022-03-30 14:47:49,548.53
2022-03-30 14:47:54,548.43
2022-03-30 14:47:59,548.37
2022-03-30 14:48:04,548.31
2022-03-30 14:48:09,547.6258386982687
2022-03-30 14:48:14,547.6264823444602
2022-03-30 14:48:19,547.6271259906517
2022-03-30 14:48:24,547.95
2022-03-30 14:48:29,547.79
2022-03-30 14:48:34,547.72
2022-03-30 14:48:39,547.62
2022-03-30 14:48:44,547.49
2022-03-30 14:48:49,547.43
2022-03-30 14:48:54,547.6316315139924
2022-03-30 14:48:59,547.2
2022-03-30 14:49:04,547.04
2022-03-30 14:49:09,547.6335624525669
2022-03-30 14:49:14,546.75
2022-03-30 14:49:19,546.65
2022-03-30 14:49:24,546.46
2022-03-30 14:49:29,546.36
2022-03-30 14:49:34,546.17
2022-03-30 14:49:39,547.637424329716
2022-03-30 14:49:44,545.94
2022-03-30 14:49:49,545.78
2022-03-30 14:49:54,545.65
2022-03-30 14:49:59,545.49
2022-03-30 14:50:04,545.42
2022-03-30 14:50:09,545.26
2022-03-30 14:50:14,545.13
2022-03-30 14:50:19,545.03
2022-03-30 14:50:24,544.9
2022-03-30 14:50:29,547.6438607916314
2022-03-30 14:50:34,544.74
2022-03-30 14:50:39,544.61
2022-03-30 14:50:44,547.6457917302059
2022-03-30 14:50:49,544.32
2022-03-30 14:50:54,544.28
2022-03-30 14:50:59,544.22
2022-03-30 14:51:04,544.15
2022-03-30 14:51:09,547.6490099611635
2022-03-30 14:51:14,547.649653607355
2022-03-30 14:51:19,543.93
2022-03-30 14:51:24,547.6509408997381
2022-03-30 14:51:29,547.6515845459296
2022-03-30 14:51:34,543.86
2022-03-30 14:51:39,543.79
2022-03-30 14:51:44,543.76
2022-03-30 14:51:49,543.76
2022-03-30 14:51:54,543.76
2022-03-30 14:51:59,547.6554464230787
2022-03-30 14:52:04,543.69
2022-03-30 14:52:09,543.69
2022-03-30 14:52:14,543.69
2022-03-30 14:52:19,543.63
2022-03-30 14:52:24,543.69
2022-03-30 14:52:29,543.63
2022-03-30 14:52:34,543.63
2022-03-30 14:52:39,543.63
2022-03-30 14:52:44,547.6612392388025
2022-03-30 14:52:49,543.69
2022-03-30 14:52:54,543.69
2022-03-30 14:52:59,547.6631701773771
2022-03-30 14:53:04,543.76
2022-03-30 14:53:09,547.6644574697601
2022-03-30 14:53:14,543.79
2022-03-30 14:53:19,547.6657447621432
2022-03-30 14:53:24,543.91
2022-03-30 14:53:29,543.91
2022-03-30 14:53:34,543.98
2022-03-30 14:53:39,543.98
2022-03-30 14:53:44,544.04
2022-03-30 14:53:49,544.04
2022-03-30 14:53:54,544.08
2022-03-30 14:53:59,544.08
2022-03-30 14:54:04,544.27
2022-03-30 14:54:09,544.27
2022-03-30 14:54:14,547.6728248702499
2022-03-30 14:54:19,544.37
2022-03-30 14:54:24,547.6741121626329
2022-03-30 14:54:29,544.56
2022-03-30 14:54:34,544.56
2022-03-30 14:54:39,547.6760431012075
2022-03-30 14:54:44,547.676686747399
2022-03-30 14:54:49,544.79
2022-03-30 14:54:54,547.677974039782
2022-03-30 14:54:59,544.95
2022-03-30 14:55:04,547.6792613321652
2022-03-30 14:55:09,547.6799049783567
2022-03-30 14:55:14,545.24
2022-03-30 14:55:19,547.6811922707398
2022-03-30 14:55:24,545.4
2022-03-30 14:55:29,547.6824795631228
2022-03-30 14:55:34,545.53
2022-03-30 14:55:39,545.62
2022-03-30 14:55:44,545.76
2022-03-30 14:55:49,547.6850541478889
2022-03-30 14:55:54,545.91
2022-03-30 14:55:59,546.05
2022-03-30 14:56:04,546.14
2022-03-30 14:56:09,546.27
2022-03-30 14:56:14,546.33
2022-03-30 14:56:19,546.43
2022-03-30 14:56:24,547.6895596712295
2022-03-30 14:56:29,546.62
2022-03-30 14:56:34,547.6908469636126
2022-03-30 14:56:39,546.85
2022-03-30 14:56:44,546.95
2022-03-30 14:56:49,547.01
2022-03-30 14:56:54,547.14
2022-03-30 14:56:59,547.17
2022-03-30 14:57:04,547.3
2022-03-30 14:57:09,547.39
2022-03-30 14:57:14,547.46
2022-03-30 14:57:19,547.6966397793362
2022-03-30 14:57:24,547.6972834255278
2022-03-30 14:57:29,547.6979270717193
2022-03-30 14:57:34,547.81
2022-03-30 14:57:39,547.81
2022-03-30 14:57:44,547.91
2022-03-30 14:57:49,547.7005016564855
2022-03-30 14:57:54,548.1
2022-03-30 14:57:59,548.1
2022-03-30 14:58:04,548.17
2022-03-30 14:58:09,548.26
2022-03-30 14:58:14,548.26
2022-03-30 14:58:19,547.7043635336346
2022-03-30 14:58:24,547.7050071798261
2022-03-30 14:58:29,548.39
2022-03-30 14:58:34,547.7062944722092
2022-03-30 14:58:39,548.48
2022-03-30 14:58:44,548.48
2022-03-30 14:58:49,548.55
2022-03-30 14:58:54,548.55
2022-03-30 14:58:59,548.61
2022-03-30 14:59:04,548.61
2022-03-30 14:59:09,548.61
2022-03-30 14:59:14,548.61
2022-03-30 14:59:19,548.6
2022-03-30 14:59:24,548.67
2022-03-30 14:59:29,548.67
2022-03-30 14:59:34,547.7140182265074
2022-03-30 14:59:39,547.7146618726989
2022-03-30 14:59:44,547.7153055188904
2022-03-30 14:59:49,548.67
2022-03-30 14:59:54,548.67
2022-03-30 14:59:59,547.717236457465
2022-03-30 15:00:04,547.7178801036566
2022-03-30 15:00:09,548.66
2022-03-30 15:00:14,547.7191673960397
2022-03-30 15:00:19,547.7198110422312
2022-03-30 15:00:24,547.7204546884227
2022-03-30 15:00:29,548.59
2022-03-30 15:00:34,548.59
2022-03-30 15:00:39,548.53
2022-03-30 15:00:44,548.53
2022-03-30 15:00:49,548.46
2022-03-30 15:00:54,547.7243165655718
2022-03-30 15:00:59,548.4
2022-03-30 15:01:04,548.39
2022-03-30 15:01:09,548.36
2022-03-30 15:01:14,548.29
2022-03-30 15:01:19,548.29
2022-03-30 15:01:24,547.728178442721
2022-03-30 15:01:29,548.16
2022-03-30 15:01:34,548.23
2022-03-30 15:01:39,547.7301093812955
2022-03-30 15:01:44,547.730753027487
2022-03-30 15:01:49,548.13
2022-03-30 15:01:54,548.06
2022-03-30 15:01:59,548.06
2022-03-30 15:02:04,548.0
2022-03-30 15:02:09,547.94
2022-03-30 15:02:14,547.87
2022-03-30 15:02:19,547.84
2022-03-30 15:02:24,547.71
2022-03-30 15:02:29,547.6551890873532
2022-03-30 15:02:34,547.6347509372753
2022-03-30 15:02:39,547.48
2022-03-30 15:02:44,547.5938746371197
2022-03-30 15:02:49,547.32
2022-03-30 15:02:54,547.552998336964
2022-03-30 15:02:59,547.5325601868863
2022-03-30 15:03:04,547.5121220368084
2022-03-30 15:03:09,546.9
2022-03-30 15:03:14,546.81
2022-03-30 15:03:19,546.68
2022-03-30 15:03:24,546.58
2022-03-30 15:03:29,547.4099312864194
2022-03-30 15:03:34,546.29
2022-03-30 15:03:39,547.3690549862637
2022-03-30 15:03:44,546.06
2022-03-30 15:03:49,545.94
2022-03-30 15:03:54,545.81
2022-03-30 15:03:59,545.71
2022-03-30 15:04:04,545.58
2022-03-30 15:04:09,545.42
2022-03-30 15:04:14,545.36
2022-03-30 15:04:19,545.26
2022-03-30 15:04:24,547.1851116355633
2022-03-30 15:04:29,547.1646734854855
2022-03-30 15:04:34,547.1442353354078
2022-03-30 15:04:39,544.68
2022-03-30 15:04:44,547.1033590352522
2022-03-30 15:04:49,544.45
2022-03-30 15:04:54,544.33
2022-03-30 15:04:59,544.23
2022-03-30 15:05:04,544.04
2022-03-30 15:05:09,543.94
2022-03-30 15:05:14,543.81
2022-03-30 15:05:19,543.65
2022-03-30 15:05:24,543.52
2022-03-30 15:05:29,546.9194156845518
2022-03-30 15:05:34,546.8989775344739
2022-03-30 15:05:39,546.878539384396
2022-03-30 15:05:44,543.07
2022-03-30 15:05:49,546.8376630842405
2022-03-30 15:05:54,542.78
2022-03-30 15:05:59,542.68
2022-03-30 15:06:04,546.776348634007
2022-03-30 15:06:09,542.39
2022-03-30 15:06:14,546.7354723338515
2022-03-30 15:06:19,542.17
2022-03-30 15:06:24,546.6945960336957
2022-03-30 15:06:29,546.674157883618
2022-03-30 15:06:34,541.75
2022-03-30 15:06:39,541.68
2022-03-30 15:06:44,541.59
2022-03-30 15:06:49,541.46
2022-03-30 15:06:54,541.36
2022-03-30 15:06:59,546.5515289831511
2022-03-30 15:07:04,541.17
2022-03-30 15:07:09,541.13
2022-03-30 15:07:14,540.94
2022-03-30 15:07:19,546.4697763828398
2022-03-30 15:07:24,546.4493382327619
2022-03-30 15:07:29,540.78
2022-03-30 15:07:34,540.71
2022-03-30 15:07:39,546.3880237825284
2022-03-30 15:07:44,546.3675856324505
2022-03-30 15:07:49,540.49
2022-03-30 15:07:54,540.42
2022-03-30 15:07:59,540.42
2022-03-30 15:08:04,540.26
2022-03-30 15:08:09,546.2653948820615
2022-03-30 15:08:14,540.26
2022-03-30 15:08:19,546.224518581906
2022-03-30 15:08:24,540.13
2022-03-30 15:08:29,540.09
2022-03-30 15:08:34,546.1632041316725
2022-03-30 15:08:39,546.1427659815946
2022-03-30 15:08:44,539.9
2022-03-30 15:08:49,539.87
2022-03-30 15:08:54,546.0814515313612
2022-03-30 15:08:59,539.8
2022-03-30 15:09:04,539.8
2022-03-30 15:09:09,539.8
2022-03-30 15:09:14,539.8
2022-03-30 15:09:19,539.73
2022-03-30 15:09:24,545.9588226308942
2022-03-30 15:09:29,539.73
2022-03-30 15:09:34,539.67
2022-03-30 15:09:39,539.66
2022-03-30 15:09:44,545.8770700305829
2022-03-30 15:09:49,539.6
2022-03-30 15:09:54,539.6
2022-03-30 15:09:59,539.66
2022-03-30 15:10:04,539.66
2022-03-30 15:10:09,545.7748792801939
2022-03-30 15:10:14,539.66
2022-03-30 15:10:19,539.59
2022-03-30 15:10:24,539.65
2022-03-30 15:10:29,539.65
2022-03-30 15:10:34,539.65
2022-03-30 15:10:39,539.65
2022-03-30 15:10:44,539.65
2022-03-30 15:10:49,545.6113740795714
2022-03-30 15:10:54,539.71
2022-03-30 15:10:59,539.65
2022-03-30 15:11:04,545.550059629338
2022-03-30 15:11:09,545.5296214792602
2022-03-30 15:11:14,539.71
2022-03-30 15:11:19,539.71
2022-03-30 15:11:24,539.71
2022-03-30 15:11:29,545.4478688789488
2022-03-30 15:11:34,539.77
2022-03-30 15:11:39,539.77
2022-03-30 15:11:44,539.71
2022-03-30 15:11:49,539.77
2022-03-30 15:11:54,539.77
2022-03-30 15:11:59,545.3252399784819
2022-03-30 15:12:04,539.77
2022-03-30 15:12:09,539.77
2022-03-30 15:12:14,539.84
2022-03-30 15:12:19,539.77
2022-03-30 15:12:24,539.84
2022-03-30 15:12:29,539.84
2022-03-30 15:12:34,545.1821729279371
2022-03-30 15:12:39,545.1617347778595
2022-03-30 15:12:44,539.84
2022-03-30 15:12:49,539.87
2022-03-30 15:12:54,545.100420327626
2022-03-30 15:12:59,539.93
2022-03-30 15:13:04,539.87
2022-03-30 15:13:09,539.93
2022-03-30 15:13:14,540.0
2022-03-30 15:13:19,539.93
2022-03-30 15:13:24,540.0
2022-03-30 15:13:29,540.0
2022-03-30 15:13:34,540.06
2022-03-30 15:13:39,544.9164769769257
2022-03-30 15:13:44,544.8960388268478
2022-03-30 15:13:49,540.09
2022-03-30 15:13:54,540.16
2022-03-30 15:13:59,540.22
2022-03-30 15:14:04,544.8142862265364
2022-03-30 15:14:09,544.7938480764587
2022-03-30 15:14:14,540.22
2022-03-30 15:14:19,544.752971776303
2022-03-30 15:14:24,540.35
2022-03-30 15:14:29,540.35
2022-03-30 15:14:34,540.39
2022-03-30 15:14:39,540.39
2022-03-30 15:14:44,544.650781025914
2022-03-30 15:14:49,540.45
2022-03-30 15:14:54,544.6099047257584
2022-03-30 15:14:59,540.51
2022-03-30 15:15:04,540.51
2022-03-30 15:15:09,544.5485902755249
2022-03-30 15:15:14,540.58
2022-03-30 15:15:19,540.61
2022-03-30 15:15:24,544.4872758252915
2022-03-30 15:15:29,540.67
2022-03-30 15:15:34,540.67
2022-03-30 15:15:39,544.425961375058
2022-03-30 15:15:44,540.74
2022-03-30 15:15:49,540.8
2022-03-30 15:15:54,544.3646469248243
2022-03-30 15:15:59,540.87
2022-03-30 15:16:04,540.9
2022-03-30 15:16:09,540.9
2022-03-30 15:16:14,544.2828943245132
2022-03-30 15:16:19,540.96
2022-03-30 15:16:24,540.96
2022-03-30 15:16:29,544.2149377766272
2022-03-30 15:16:34,541.09
2022-03-30 15:16:39,541.09
2022-03-30 15:16:44,544.1465077878183
2022-03-30 15:16:49,541.12
2022-03-30 15:16:54,544.1008877952789
2022-03-30 15:16:59,544.0780777990094
2022-03-30 15:17:04,541.18
2022-03-30 15:17:09,544.0324578064701
2022-03-30 15:17:14,541.18
2022-03-30 15:17:19,541.18
2022-03-30 15:17:24,541.18
2022-03-30 15:17:29,541.11
2022-03-30 15:17:34,541.11
2022-03-30 15:17:39,541.11
2022-03-30 15:17:44,541.17
2022-03-30 15:17:49,541.11
2022-03-30 15:17:54,543.8271678400434
2022-03-30 15:17:59,541.17
2022-03-30 15:18:04,541.11
2022-03-30 15:18:09,541.11
2022-03-30 15:18:14,541.11
2022-03-30 15:18:19,543.7131178586955
2022-03-30 15:18:24,541.11
2022-03-30 15:18:29,541.11
2022-03-30 15:18:34,541.11
2022-03-30 15:18:39,541.11
2022-03-30 15:18:44,543.5990678773474
2022-03-30 15:18:49,541.1
2022-03-30 15:18:54,541.1
2022-03-30 15:18:59,543.5306378885385
2022-03-30 15:19:04,541.1
2022-03-30 15:19:09,541.1
2022-03-30 15:19:14,541.1
2022-03-30 15:19:19,541.1
2022-03-30 15:19:24,541.1
2022-03-30 15:19:29,541.16
2022-03-30 15:19:34,541.09
2022-03-30 15:19:39,541.1
2022-03-30 15:19:44,541.09
2022-03-30 15:19:49,541.06
2022-03-30 15:19:54,541.06
2022-03-30 15:19:59,541.06
2022-03-30 15:20:04,540.99
2022-03-30 15:20:09,540.99
2022-03-30 15:20:14,543.1884879444939
2022-03-30 15:20:19,540.93
2022-03-30 15:20:24,540.93
2022-03-30 15:20:29,540.83
2022-03-30 15:20:34,540.83
2022-03-30 15:20:39,540.77
2022-03-30 15:20:44,540.83
2022-03-30 15:20:49,540.77
2022-03-30 15:20:54,543.006007974337
2022-03-30 15:20:59,540.7
2022-03-30 15:21:04,540.7
2022-03-30 15:21:09,542.9375779855282
2022-03-30 15:21:14,542.9147679892584
2022-03-30 15:21:19,542.891957992989
2022-03-30 15:21:24,542.8691479967192
2022-03-30 15:21:29,540.64
2022-03-30 15:21:34,540.64
2022-03-30 15:21:39,540.57
2022-03-30 15:21:44,540.57
2022-03-30 15:21:49,540.57
2022-03-30 15:21:54,540.57
2022-03-30 15:21:59,540.57
2022-03-30 15:22:04,540.54
2022-03-30 15:22:09,542.6638580302927
2022-03-30 15:22:14,540.54
2022-03-30 15:22:19,542.6182380377535
2022-03-30 15:22:24,540.48
2022-03-30 15:22:29,540.48
2022-03-30 15:22:34,540.48
2022-03-30 15:22:39,540.48
2022-03-30 15:22:44,540.48
2022-03-30 15:22:49,540.48
2022-03-30 15:22:54,542.4585680638661
2022-03-30 15:22:59,542.4357580675963
2022-03-30 15:23:04,540.42
2022-03-30 15:23:09,540.42
2022-03-30 15:23:14,540.42
2022-03-30 15:23:19,540.42
2022-03-30 15:23:24,540.42
2022-03-30 15:23:29,540.36
2022-03-30 15:23:34,542.2760880937092
2022-03-30 15:23:39,540.42
2022-03-30 15:23:44,540.36
2022-03-30 15:23:49,540.36
2022-03-30 15:23:54,542.1848481086306
2022-03-30 15:23:59,540.48
2022-03-30 15:24:04,540.42
2022-03-30 15:24:09,540.49
2022-03-30 15:24:14,540.42
2022-03-30 15:24:19,540.49
2022-03-30 15:24:24,540.49
2022-03-30 15:24:29,540.55
2022-03-30 15:24:34,540.58
2022-03-30 15:24:39,541.9795581422039
2022-03-30 15:24:44,540.65
2022-03-30 15:24:49,540.65
2022-03-30 15:24:54,541.9111281533951
2022-03-30 15:24:59,540.78
2022-03-30 15:25:04,541.8655081608557
2022-03-30 15:25:09,540.84
2022-03-30 15:25:14,540.94
2022-03-30 15:25:19,540.94
2022-03-30 15:25:24,541.0
2022-03-30 15:25:29,541.7514581795076
2022-03-30 15:25:34,541.07
2022-03-30 15:25:39,541.1
2022-03-30 15:25:44,541.16
2022-03-30 15:25:49,541.16
2022-03-30 15:25:54,541.23
2022-03-30 15:25:59,541.6145982018899
2022-03-30 15:26:04,541.5917882056202
2022-03-30 15:26:09,541.36
2022-03-30 15:26:14,541.36
2022-03-30 15:26:19,541.39
2022-03-30 15:26:24,541.45
2022-03-30 15:26:29,541.45
2022-03-30 15:26:34,541.4549282280025
2022-03-30 15:26:39,541.4321182317329
2022-03-30 15:26:44,541.4093082354633
2022-03-30 15:26:49,541.58
2022-03-30 15:26:54,541.58
2022-03-30 15:26:59,541.3408782466544
2022-03-30 15:27:04,541.3180682503847
2022-03-30 15:27:09,541.2952582541152
2022-03-30 15:27:14,541.61
2022-03-30 15:27:19,541.61
2022-03-30 15:27:24,541.2268282653064
2022-03-30 15:27:29,541.61
2022-03-30 15:27:34,541.181208272767
2022-03-30 15:27:39,541.68
2022-03-30 15:27:44,541.68
2022-03-30 15:27:49,541.67
2022-03-30 15:27:54,541.0899682876886
2022-03-30 15:27:59,541.74
2022-03-30 15:28:04,541.74
2022-03-30 15:28:09,541.8
2022-03-30 15:28:14,541.8
2022-03-30 15:28:19,541.8
2022-03-30 15:28:24,541.8
2022-03-30 15:28:29,541.8
2022-03-30 15:28:34,540.9074883175315
2022-03-30 15:28:39,541.86
2022-03-30 15:28:44,541.9
2022-03-30 15:28:49,541.86
2022-03-30 15:28:54,541.86
2022-03-30 15:28:59,541.89
2022-03-30 15:29:04,541.89
2022-03-30 15:29:09,540.7478183436441
2022-03-30 15:29:14,540.7250083473746
2022-03-30 15:29:19,541.96
2022-03-30 15:29:24,541.96
2022-03-30 15:29:29,542.02
2022-03-30 15:29:34,542.02
2022-03-30 15:29:39,542.09
2022-03-30 15:29:44,540.5881483697568
2022-03-30 15:29:49,540.5653383734872
2022-03-30 15:29:54,540.5425283772174
2022-03-30 15:29:59,540.519718380948
2022-03-30 15:30:04,540.4969083846782
2022-03-30 15:30:09,540.4740983884086
2022-03-30 15:30:14,542.18
2022-03-30 15:30:19,542.18
2022-03-30 15:30:24,540.4139835540958
2022-03-30 15:30:29,540.4023847555769
2022-03-30 15:30:34,540.3907859570579
2022-03-30 15:30:39,542.12
2022-03-30 15:30:44,540.36758836002
2022-03-30 15:30:49,542.09
2022-03-30 15:30:54,542.08
2022-03-30 15:30:59,542.02
2022-03-30 15:31:04,542.02
2022-03-30 15:31:09,540.309594367425
2022-03-30 15:31:14,541.96
2022-03-30 15:31:19,541.96
2022-03-30 15:31:24,540.2747979718681
2022-03-30 15:31:29,541.89
2022-03-30 15:31:34,541.86
2022-03-30 15:31:39,541.8
2022-03-30 15:31:44,540.2284027777922
2022-03-30 15:31:49,540.2168039792732
2022-03-30 15:31:54,541.67
2022-03-30 15:31:59,540.1936063822353
2022-03-30 15:32:04,540.1820075837163
2022-03-30 15:32:09,540.1704087851973
2022-03-30 15:32:14,541.57
2022-03-30 15:32:19,541.51
2022-03-30 15:32:24,541.45
2022-03-30 15:32:29,541.45
2022-03-30 15:32:34,541.45
2022-03-30 15:32:39,541.39
2022-03-30 15:32:44,540.0892171955645
2022-03-30 15:32:49,541.35
2022-03-30 15:32:54,541.29
2022-03-30 15:32:59,541.22
2022-03-30 15:33:04,541.23
2022-03-30 15:33:09,540.0312232029696
2022-03-30 15:33:14,540.0196244044506
2022-03-30 15:33:19,540.0080256059317
2022-03-30 15:33:24,539.9964268074127
2022-03-30 15:33:29,541.0
2022-03-30 15:33:34,539.9732292103747
2022-03-30 15:33:39,540.88
2022-03-30 15:33:44,540.84
2022-03-30 15:33:49,540.84
2022-03-30 15:33:54,540.84
2022-03-30 15:33:59,540.72
2022-03-30 15:34:04,539.9036364192609
2022-03-30 15:34:09,540.65
2022-03-30 15:34:14,540.56
2022-03-30 15:34:19,540.56
2022-03-30 15:34:24,540.49
2022-03-30 15:34:29,540.43
2022-03-30 15:34:34,539.834043628147
2022-03-30 15:34:39,540.43
2022-03-30 15:34:44,539.810846031109
2022-03-30 15:34:49,540.33
2022-03-30 15:34:54,539.7876484340711
2022-03-30 15:34:59,539.7760496355521
2022-03-30 15:35:04,540.08
2022-03-30 15:35:09,539.7528520385142
2022-03-30 15:35:14,539.85
2022-03-30 15:35:19,539.82
2022-03-30 15:35:24,539.69
2022-03-30 15:35:29,539.63
2022-03-30 15:35:34,539.53
2022-03-30 15:35:39,539.6832592474003
2022-03-30 15:35:44,539.24
2022-03-30 15:35:49,539.11
2022-03-30 15:35:54,539.6484628518434
2022-03-30 15:35:59,538.88
2022-03-30 15:36:04,538.72
2022-03-30 15:36:09,538.59
2022-03-30 15:36:14,538.5
2022-03-30 15:36:19,539.5904688592485
2022-03-30 15:36:24,539.5788700607295
2022-03-30 15:36:29,538.01
2022-03-30 15:36:34,539.5556724636916
2022-03-30 15:36:39,537.76
2022-03-30 15:36:44,539.5324748666536
2022-03-30 15:36:49,539.5208760681347
2022-03-30 15:36:54,537.24
2022-03-30 15:36:59,537.05
2022-03-30 15:37:04,539.4860796725777
2022-03-30 15:37:09,536.72
2022-03-30 15:37:14,539.4628820755397
2022-03-30 15:37:19,536.46
2022-03-30 15:37:24,536.3
2022-03-30 15:37:29,536.14
2022-03-30 15:37:34,536.01
2022-03-30 15:37:39,535.85
2022-03-30 15:37:44,535.72
2022-03-30 15:37:49,535.62
2022-03-30 15:37:54,539.370091687388
2022-03-30 15:37:59,535.4
2022-03-30 15:38:04,535.27
2022-03-30 15:38:09,535.17
2022-03-30 15:38:14,535.11
2022-03-30 15:38:19,534.98
2022-03-30 15:38:24,534.88
2022-03-30 15:38:29,534.75
2022-03-30 15:38:34,534.69
2022-03-30 15:38:39,539.2657025007172
2022-03-30 15:38:44,534.52
2022-03-30 15:38:49,539.2425049036792
2022-03-30 15:38:54,534.39
2022-03-30 15:38:59,539.2193073066412
2022-03-30 15:39:04,534.3
2022-03-30 15:39:09,539.1961097096033
2022-03-30 15:39:14,534.23
2022-03-30 15:39:19,534.17
2022-03-30 15:39:24,539.1613133140464
2022-03-30 15:39:29,539.1497145155274
2022-03-30 15:39:34,534.17
2022-03-30 15:39:39,534.13
2022-03-30 15:39:44,534.13
2022-03-30 15:39:49,534.13
2022-03-30 15:39:54,539.0917205229325
2022-03-30 15:39:59,534.07
2022-03-30 15:40:04,534.07
2022-03-30 15:40:09,534.07
2022-03-30 15:40:14,534.07
2022-03-30 15:40:19,534.07
2022-03-30 15:40:24,534.01
2022-03-30 15:40:29,539.0105289332997
2022-03-30 15:40:34,534.01
2022-03-30 15:40:39,538.9873313362618
2022-03-30 15:40:44,534.01
2022-03-30 15:40:49,534.01
2022-03-30 15:40:54,534.01
2022-03-30 15:40:59,534.01
2022-03-30 15:41:04,533.94
2022-03-30 15:41:09,538.9177385451479
2022-03-30 15:41:14,538.9061397466289
2022-03-30 15:41:19,533.94
2022-03-30 15:41:24,533.94
2022-03-30 15:41:29,538.871343351072
2022-03-30 15:41:34,533.94
2022-03-30 15:41:39,533.94
2022-03-30 15:41:44,533.94
2022-03-30 15:41:49,533.95
2022-03-30 15:41:54,533.88
2022-03-30 15:41:59,533.88
2022-03-30 15:42:04,538.7901517614391
2022-03-30 15:42:09,533.88
2022-03-30 15:42:14,538.7669541644012
2022-03-30 15:42:19,538.7553553658822
2022-03-30 15:42:24,538.7437565673632
2022-03-30 15:42:29,538.7321577688442
2022-03-30 15:42:34,533.85
2022-03-30 15:42:39,533.85
2022-03-30 15:42:44,533.85
2022-03-30 15:42:49,533.85
2022-03-30 15:42:54,533.88
2022-03-30 15:42:59,538.6625649777304
2022-03-30 15:43:04,533.85
2022-03-30 15:43:09,533.85
2022-03-30 15:43:14,533.88
2022-03-30 15:43:19,538.6161697836545
2022-03-30 15:43:24,533.88
2022-03-30 15:43:29,538.5929721866165
2022-03-30 15:43:34,533.88
2022-03-30 15:43:39,533.88
2022-03-30 15:43:44,533.88
2022-03-30 15:43:49,533.88
2022-03-30 15:43:54,538.5349781940216
2022-03-30 15:43:59,533.95
2022-03-30 15:44:04,533.95
2022-03-30 15:44:09,534.01
2022-03-30 15:44:14,534.08
2022-03-30 15:44:19,538.4769842014267
2022-03-30 15:44:24,534.14
2022-03-30 15:44:29,534.17
2022-03-30 15:44:34,534.24
2022-03-30 15:44:39,534.3
2022-03-30 15:44:44,534.36
2022-03-30 15:44:49,534.4
2022-03-30 15:44:54,534.46
2022-03-30 15:44:59,534.52
2022-03-30 15:45:04,534.65
2022-03-30 15:45:09,538.6686571233222
2022-03-30 15:45:14,534.75
2022-03-30 15:45:19,534.88
2022-03-30 15:45:24,534.91
2022-03-30 15:45:29,534.97
2022-03-30 15:45:34,535.1
2022-03-30 15:45:39,535.16
2022-03-30 15:45:44,535.2
2022-03-30 15:45:49,535.26
2022-03-30 15:45:54,538.8831618991674
2022-03-30 15:45:59,535.42
2022-03-30 15:46:04,535.49
2022-03-30 15:46:09,535.55
2022-03-30 15:46:14,538.9784973550985
2022-03-30 15:46:19,539.0023312190814
2022-03-30 15:46:24,539.0261650830643
2022-03-30 15:46:29,535.9
2022-03-30 15:46:34,535.93
2022-03-30 15:46:39,539.0976666750126
2022-03-30 15:46:44,536.12
2022-03-30 15:46:49,536.22
2022-03-30 15:46:54,536.28
2022-03-30 15:46:59,536.41
2022-03-30 15:47:04,536.5
2022-03-30 15:47:09,536.63
2022-03-30 15:47:14,539.2645037228924
2022-03-30 15:47:19,536.79
2022-03-30 15:47:24,536.86
2022-03-30 15:47:29,539.3360053148408
2022-03-30 15:47:34,537.14
2022-03-30 15:47:39,539.3836730428063
2022-03-30 15:47:44,537.31
2022-03-30 15:47:49,537.43
2022-03-30 15:47:54,537.53
2022-03-30 15:47:59,537.66
2022-03-30 15:48:04,537.75
2022-03-30 15:48:09,537.88
2022-03-30 15:48:14,537.95
2022-03-30 15:48:19,538.1
2022-03-30 15:48:24,538.17
2022-03-30 15:48:29,538.33
2022-03-30 15:48:34,538.46
2022-03-30 15:48:39,539.6696794106
2022-03-30 15:48:44,539.6935132745829
2022-03-30 15:48:49,538.78
2022-03-30 15:48:54,538.84
2022-03-30 15:48:59,538.97
2022-03-30 15:49:04,539.07
2022-03-30 15:49:09,539.2
2022-03-30 15:49:14,539.8365164584798
2022-03-30 15:49:19,539.8603503224624
2022-03-30 15:49:24,539.8841841864453
2022-03-30 15:49:29,539.52
2022-03-30 15:49:34,539.71
2022-03-30 15:49:39,539.9556857783937
2022-03-30 15:49:44,539.87
2022-03-30 15:49:49,540.0033535063592
2022-03-30 15:49:54,540.0271873703421
2022-03-30 15:49:59,540.16
2022-03-30 15:50:04,540.33
2022-03-30 15:50:09,540.0986889622906
2022-03-30 15:50:14,540.52
2022-03-30 15:50:19,540.1463566902561
2022-03-30 15:50:24,540.170190554239
2022-03-30 15:50:29,540.84
2022-03-30 15:50:34,540.2178582822045
2022-03-30 15:50:39,540.97
2022-03-30 15:50:44,541.07
2022-03-30 15:50:49,541.2
2022-03-30 15:50:54,540.3131937381357
2022-03-30 15:50:59,541.36
2022-03-30 15:51:04,541.42
2022-03-30 15:51:09,540.3846953300842
2022-03-30 15:51:14,541.59
2022-03-30 15:51:19,541.65
2022-03-30 15:51:24,541.78
2022-03-30 15:51:29,541.85
2022-03-30 15:51:34,541.94
2022-03-30 15:51:39,542.01
2022-03-30 15:51:44,542.07
2022-03-30 15:51:49,540.5753662419468
2022-03-30 15:51:54,540.5992001059294
2022-03-30 15:51:59,542.36
2022-03-30 15:52:04,542.4
2022-03-30 15:52:09,542.46
2022-03-30 15:52:14,542.52
2022-03-30 15:52:19,540.7183694258437
2022-03-30 15:52:24,540.7422032898263
2022-03-30 15:52:29,540.7660371538092
2022-03-30 15:52:34,542.75
2022-03-30 15:52:39,542.82
2022-03-30 15:52:44,542.88
2022-03-30 15:52:49,542.91
2022-03-30 15:52:54,540.8852064737231
2022-03-30 15:52:59,543.04
2022-03-30 15:53:04,540.9328742016888
2022-03-30 15:53:09,543.11
2022-03-30 15:53:14,543.14
2022-03-30 15:53:19,543.21
2022-03-30 15:53:24,541.02820965762
2022-03-30 15:53:29,541.0520435216029
2022-03-30 15:53:34,543.34
2022-03-30 15:53:39,541.0997112495684
2022-03-30 15:53:44,543.4
2022-03-30 15:53:49,543.43
2022-03-30 15:53:54,543.49
2022-03-30 15:53:59,543.56
2022-03-30 15:54:04,543.56
2022-03-30 15:54:09,543.56
2022-03-30 15:54:14,543.66
2022-03-30 15:54:19,543.72
2022-03-30 15:54:24,541.3142160254137
2022-03-30 15:54:29,543.79
2022-03-30 15:54:34,541.3618837533794
2022-03-30 15:54:39,543.91
2022-03-30 15:54:44,543.92
2022-03-30 15:54:49,541.4333853453278
2022-03-30 15:54:54,544.01
2022-03-30 15:54:59,544.08
2022-03-30 15:55:04,544.08
2022-03-30 15:55:09,544.08
2022-03-30 15:55:14,544.14
2022-03-30 15:55:19,544.14
2022-03-30 15:55:24,541.6002223932076
2022-03-30 15:55:29,541.6240562571902
2022-03-30 15:55:34,541.6478901211731
2022-03-30 15:55:39,541.671723985156
2022-03-30 15:55:44,544.14
2022-03-30 15:55:49,544.17
2022-03-30 15:55:54,541.7432255771043
2022-03-30 15:55:59,541.767059441087
2022-03-30 15:56:04,544.14
2022-03-30 15:56:09,544.07
2022-03-30 15:56:14,544.07
2022-03-30 15:56:19,541.8623948970184
2022-03-30 15:56:24,544.01
2022-03-30 15:56:29,543.94
2022-03-30 15:56:34,541.9338964889668
2022-03-30 15:56:39,543.91
2022-03-30 15:56:44,541.9815642169323
2022-03-30 15:56:49,543.84
2022-03-30 15:56:54,543.72
2022-03-30 15:56:59,543.65
2022-03-30 15:57:04,543.62
2022-03-30 15:57:09,543.49
2022-03-30 15:57:14,542.1245674008292
2022-03-30 15:57:19,542.148401264812
2022-03-30 15:57:24,542.1722351287949
2022-03-30 15:57:29,543.2
2022-03-30 15:57:34,543.13
2022-03-30 15:57:39,543.1
2022-03-30 15:57:44,542.97
2022-03-30 15:57:49,542.91
2022-03-30 15:57:54,542.3152383126917
2022-03-30 15:57:59,542.74
2022-03-30 15:58:04,542.62
2022-03-30 15:58:09,542.59
2022-03-30 15:58:14,542.46
2022-03-30 15:58:19,542.36
2022-03-30 15:58:24,542.4582414965886
2022-03-30 15:58:29,542.4820753605712
2022-03-30 15:58:34,542.07
2022-03-30 15:58:39,541.94
2022-03-30 15:58:44,542.3811466398594
2022-03-30 15:58:49,541.78
2022-03-30 15:58:54,542.2974021534038
2022-03-30 15:58:59,541.56
2022-03-30 15:59:04,541.5
2022-03-30 15:59:09,542.1717854237208
2022-03-30 15:59:14,541.27
2022-03-30 15:59:19,542.0880409372656
2022-03-30 15:59:24,541.08
2022-03-30 15:59:29,542.0042964508101
2022-03-30 15:59:34,541.9624242075827
2022-03-30 15:59:39,540.82
2022-03-30 15:59:44,540.69
2022-03-30 15:59:49,540.63
2022-03-30 15:59:54,541.7949352346719
2022-03-30 15:59:59,540.4
2022-03-30 16:00:04,541.7111907482167
2022-03-30 16:00:09,541.669318504989
2022-03-30 16:00:14,540.18
2022-03-30 16:00:19,540.05
2022-03-30 16:00:24,541.543701775306
2022-03-30 16:00:29,539.9
2022-03-30 16:00:34,541.4599572888508
2022-03-30 16:00:39,541.4180850456229
2022-03-30 16:00:44,539.67
2022-03-30 16:00:49,539.54
2022-03-30 16:00:54,539.51
2022-03-30 16:00:59,539.45
2022-03-30 16:01:04,539.38
2022-03-30 16:01:09,541.1668515862569
2022-03-30 16:01:14,539.32
2022-03-30 16:01:19,539.23
2022-03-30 16:01:24,539.16
2022-03-30 16:01:29,539.1
2022-03-30 16:01:34,540.9574903701188
2022-03-30 16:01:39,539.0
2022-03-30 16:01:44,538.94
2022-03-30 16:01:49,538.88
2022-03-30 16:01:54,538.88
2022-03-30 16:01:59,538.78
2022-03-30 16:02:04,538.72
2022-03-30 16:02:09,538.59
2022-03-30 16:02:14,538.59
2022-03-30 16:02:19,538.59
2022-03-30 16:02:24,538.49
2022-03-30 16:02:29,538.49
2022-03-30 16:02:34,540.4550234513869
2022-03-30 16:02:39,538.37
2022-03-30 16:02:44,538.3
2022-03-30 16:02:49,540.3294067217039
2022-03-30 16:02:54,538.27
2022-03-30 16:02:59,538.21
2022-03-30 16:03:04,538.15
2022-03-30 16:03:09,538.08
2022-03-30 16:03:14,540.1200455055654
2022-03-30 16:03:19,538.02
2022-03-30 16:03:24,537.98
2022-03-30 16:03:29,537.92
2022-03-30 16:03:34,537.92
2022-03-30 16:03:39,537.86
2022-03-30 16:03:44,537.79
2022-03-30 16:03:49,539.8269398029715
2022-03-30 16:03:54,539.7850675597442
2022-03-30 16:03:59,539.7431953165163
2022-03-30 16:04:04,537.76
2022-03-30 16:04:09,537.76
2022-03-30 16:04:14,537.76
2022-03-30 16:04:19,539.5757063436056
2022-03-30 16:04:24,537.76
2022-03-30 16:04:29,537.7
2022-03-30 16:04:34,537.7
2022-03-30 16:04:39,537.7
2022-03-30 16:04:44,537.7
2022-03-30 16:04:49,537.63
2022-03-30 16:04:54,539.2826006410122
2022-03-30 16:04:59,537.63
2022-03-30 16:05:04,537.63
2022-03-30 16:05:09,539.1569839113292
2022-03-30 16:05:14,537.57
2022-03-30 16:05:19,539.0732394248737
2022-03-30 16:05:24,539.0313671816463
2022-03-30 16:05:29,538.9894949384185
2022-03-30 16:05:34,538.9476226951907
2022-03-30 16:05:39,537.5
2022-03-30 16:05:44,537.5
2022-03-30 16:05:49,537.47
2022-03-30 16:05:54,537.47
2022-03-30 16:05:59,537.47
2022-03-30 16:06:04,537.47
2022-03-30 16:06:09,537.41
2022-03-30 16:06:14,537.41
2022-03-30 16:06:19,538.5707725061418
2022-03-30 16:06:24,538.5289002629144
2022-03-30 16:06:29,537.4
2022-03-30 16:06:34,537.4
2022-03-30 16:06:39,537.34
2022-03-30 16:06:44,537.34
2022-03-30 16:06:49,537.34
2022-03-30 16:06:54,537.27
2022-03-30 16:06:59,538.2357945603206
2022-03-30 16:07:04,538.1939223170928
2022-03-30 16:07:09,537.27
2022-03-30 16:07:14,537.27
2022-03-30 16:07:19,538.0683055874098
2022-03-30 16:07:24,537.27
2022-03-30 16:07:29,537.27
2022-03-30 16:07:34,537.27
2022-03-30 16:07:39,537.24
2022-03-30 16:07:44,537.24
2022-03-30 16:07:49,537.24
2022-03-30 16:07:54,537.7751998848165
2022-03-30 16:07:59,537.18
2022-03-30 16:08:04,537.6914553983609
2022-03-30 16:08:09,537.6495831551331
2022-03-30 16:08:14,537.24
2022-03-30 16:08:19,537.18
2022-03-30 16:08:24,537.5239664254501
2022-03-30 16:08:29,537.24
2022-03-30 16:08:34,537.18
2022-03-30 16:08:39,537.3983496957671
2022-03-30 16:08:44,537.18
2022-03-30 16:08:49,537.18
2022-03-30 16:08:54,537.2727329660842
2022-03-30 16:08:59,537.2308607228567
2022-03-30 16:09:04,537.188988479629
2022-03-30 16:09:09,537.12
2022-03-30 16:09:14,537.12
2022-03-30 16:09:19,537.063371749946
2022-03-30 16:09:24,537.12
2022-03-30 16:09:29,537.12
2022-03-30 16:09:34,537.12
2022-03-30 16:09:39,537.12
2022-03-30 16:09:44,537.19
2022-03-30 16:09:49,536.81213829058
2022-03-30 16:09:54,537.12
2022-03-30 16:09:59,537.12
2022-03-30 16:10:04,537.13
2022-03-30 16:10:09,536.6446493176693
2022-03-30 16:10:14,537.13
2022-03-30 16:10:19,537.13
2022-03-30 16:10:24,536.5190325879862
2022-03-30 16:10:29,537.19
2022-03-30 16:10:34,536.4352881015311
2022-03-30 16:10:39,537.19
2022-03-30 16:10:44,537.2
2022-03-30 16:10:49,537.13
2022-03-30 16:10:54,537.13
2022-03-30 16:10:59,536.2259268853929
2022-03-30 16:11:04,537.13
2022-03-30 16:11:09,537.2
2022-03-30 16:11:14,536.10031015571
2022-03-30 16:11:19,536.0584379124821
2022-03-30 16:11:24,537.2
2022-03-30 16:11:29,537.2
2022-03-30 16:11:34,537.2
2022-03-30 16:11:39,537.2
2022-03-30 16:11:44,537.14
2022-03-30 16:11:49,537.2
2022-03-30 16:11:54,537.2
2022-03-30 16:11:59,535.7234599666609
2022-03-30 16:12:04,537.2
2022-03-30 16:12:09,537.2
2022-03-30 16:12:14,537.2
2022-03-30 16:12:19,537.2
2022-03-30 16:12:24,537.2
2022-03-30 16:12:29,537.2
2022-03-30 16:12:34,537.2
2022-03-30 16:12:39,537.2
2022-03-30 16:12:44,535.4341449613471
2022-03-30 16:12:49,535.4481858167301
2022-03-30 16:12:54,535.4622266721133
2022-03-30 16:12:59,537.14
2022-03-30 16:13:04,537.2
2022-03-30 16:13:09,537.14
2022-03-30 16:13:14,535.5183900936456
2022-03-30 16:13:19,537.08
2022-03-30 16:13:24,535.5464718044117
2022-03-30 16:13:29,537.01
2022-03-30 16:13:34,537.01
2022-03-30 16:13:39,537.01
2022-03-30 16:13:44,535.602635225944
2022-03-30 16:13:49,536.91
2022-03-30 16:13:54,536.91
2022-03-30 16:13:59,536.85
2022-03-30 16:14:04,536.85
2022-03-30 16:14:09,536.79
2022-03-30 16:14:14,536.78
2022-03-30 16:14:19,536.75
2022-03-30 16:14:24,535.7149620690087
2022-03-30 16:14:29,535.7290029243918
2022-03-30 16:14:34,536.62
2022-03-30 16:14:39,536.62
2022-03-30 16:14:44,535.7711254905411
2022-03-30 16:14:49,536.56
2022-03-30 16:14:54,535.7992072013071
2022-03-30 16:14:59,536.49
2022-03-30 16:15:04,536.49
2022-03-30 16:15:09,535.8413297674564
2022-03-30 16:15:14,536.46
2022-03-30 16:15:19,535.8694114782226
2022-03-30 16:15:24,536.4
2022-03-30 16:15:29,535.8974931889887
2022-03-30 16:15:34,536.33
2022-03-30 16:15:39,536.33
2022-03-30 16:15:44,536.33
2022-03-30 16:15:49,535.953656610521
2022-03-30 16:15:54,536.26
2022-03-30 16:15:59,536.23
2022-03-30 16:16:04,535.9957791766702
2022-03-30 16:16:09,536.23
2022-03-30 16:16:14,536.0238608874365
2022-03-30 16:16:19,536.23
2022-03-30 16:16:24,536.23
2022-03-30 16:16:29,536.17
2022-03-30 16:16:34,536.0800243089687
2022-03-30 16:16:39,536.0940651643518
2022-03-30 16:16:44,536.108106019735
2022-03-30 16:16:49,536.17
2022-03-30 16:16:54,536.17
2022-03-30 16:16:59,536.17
2022-03-30 16:17:04,536.23
2022-03-30 16:17:09,536.1783102966504
2022-03-30 16:17:14,536.17
2022-03-30 16:17:19,536.2063920074166
2022-03-30 16:17:24,536.23
2022-03-30 16:17:29,536.17
2022-03-30 16:17:34,536.17
2022-03-30 16:17:39,536.17
2022-03-30 16:17:44,536.17
2022-03-30 16:17:49,536.290637139715
2022-03-30 16:17:54,536.304677995098
2022-03-30 16:17:59,536.17
2022-03-30 16:18:04,536.17
2022-03-30 16:18:09,536.3468005612473
2022-03-30 16:18:14,536.24
2022-03-30 16:18:19,536.17
2022-03-30 16:18:24,536.3889231273965
2022-03-30 16:18:29,536.17
2022-03-30 16:18:34,536.4170048381628
2022-03-30 16:18:39,536.4310456935458
2022-03-30 16:18:44,536.4450865489289
2022-03-30 16:18:49,536.24
2022-03-30 16:18:54,536.24
2022-03-30 16:18:59,536.4872091150781
2022-03-30 16:19:04,536.25
2022-03-30 16:19:09,536.5152908258443
2022-03-30 16:19:14,536.28
2022-03-30 16:19:19,536.5433725366105
2022-03-30 16:19:24,536.28
2022-03-30 16:19:29,536.28
2022-03-30 16:19:34,536.28
2022-03-30 16:19:39,536.28
2022-03-30 16:19:44,536.28
2022-03-30 16:19:49,536.35
2022-03-30 16:19:54,536.35
2022-03-30 16:19:59,536.35
2022-03-30 16:20:04,536.35
2022-03-30 16:20:09,536.6837810904412
2022-03-30 16:20:14,536.29
2022-03-30 16:20:19,536.35
2022-03-30 16:20:24,536.7259036565905
2022-03-30 16:20:29,536.7399445119736
2022-03-30 16:20:34,536.29
2022-03-30 16:20:39,536.29
2022-03-30 16:20:44,536.7820670781229
2022-03-30 16:20:49,536.7961079335059
2022-03-30 16:20:54,536.810148788889
2022-03-30 16:20:59,536.26
2022-03-30 16:21:04,536.8382304996552
2022-03-30 16:21:09,536.26
2022-03-30 16:21:14,536.8663122104214
2022-03-30 16:21:19,536.26
2022-03-30 16:21:24,536.8943939211875
2022-03-30 16:21:29,536.9084347765706
2022-03-30 16:21:34,536.26
2022-03-30 16:21:39,536.29
2022-03-30 16:21:44,536.29
2022-03-30 16:21:49,536.964598198103
2022-03-30 16:21:54,536.29
2022-03-30 16:21:59,536.29
2022-03-30 16:22:04,536.29
2022-03-30 16:22:09,536.29
2022-03-30 16:22:14,537.0348024750183
2022-03-30 16:22:19,536.29
2022-03-30 16:22:24,536.36
2022-03-30 16:22:29,536.36
2022-03-30 16:22:34,537.0909658965506
2022-03-30 16:22:39,536.36
2022-03-30 16:22:44,536.36
2022-03-30 16:22:49,536.36
2022-03-30 16:22:54,536.36
2022-03-30 16:22:59,536.36
2022-03-30 16:23:04,536.36
2022-03-30 16:23:09,537.1892518842322
2022-03-30 16:23:14,537.2032927396152
2022-03-30 16:23:19,536.36
2022-03-30 16:23:24,536.36
2022-03-30 16:23:29,536.35
2022-03-30 16:23:34,537.2594561611477
2022-03-30 16:23:39,536.36
2022-03-30 16:23:44,536.29
2022-03-30 16:23:49,537.3015787272969
2022-03-30 16:23:54,536.29
2022-03-30 16:23:59,536.26
2022-03-30 16:24:04,536.26
2022-03-30 16:24:09,537.3577421488293
2022-03-30 16:24:14,536.26
2022-03-30 16:24:19,536.19
2022-03-30 16:24:24,536.19
2022-03-30 16:24:29,537.4139055703615
2022-03-30 16:24:34,536.13
2022-03-30 16:24:39,536.06
2022-03-30 16:24:44,536.07
2022-03-30 16:24:49,536.07
2022-03-30 16:24:54,536.0
2022-03-30 16:24:59,535.97
2022-03-30 16:25:04,537.5121915580431
2022-03-30 16:25:09,537.5262324134262
2022-03-30 16:25:14,537.5402732688092
2022-03-30 16:25:19,535.84
2022-03-30 16:25:24,535.84
2022-03-30 16:25:29,535.77
2022-03-30 16:25:34,535.74
2022-03-30 16:25:39,535.74
2022-03-30 16:25:44,537.6245184011078
2022-03-30 16:25:49,537.6385592564908
2022-03-30 16:25:54,535.68
2022-03-30 16:25:59,535.61
2022-03-30 16:26:04,535.61
2022-03-30 16:26:09,535.55
2022-03-30 16:26:14,535.55
2022-03-30 16:26:19,535.55
2022-03-30 16:26:24,535.49
2022-03-30 16:26:29,535.49
2022-03-30 16:26:34,535.49
2022-03-30 16:26:39,535.49
2022-03-30 16:26:44,537.7924753045096
2022-03-30 16:26:49,535.45
2022-03-30 16:26:54,535.46
2022-03-30 16:26:59,535.46
2022-03-30 16:27:04,537.8444294971501
2022-03-30 16:27:09,535.46
2022-03-30 16:27:14,537.8704065934705
2022-03-30 16:27:19,535.4
2022-03-30 16:27:24,537.8963836897907
2022-03-30 16:27:29,537.909372237951
2022-03-30 16:27:34,537.922360786111
2022-03-30 16:27:39,537.9353493342712
2022-03-30 16:27:44,537.9483378824314
2022-03-30 16:27:49,537.9613264305914
2022-03-30 16:27:54,537.9743149787516
2022-03-30 16:27:59,537.9873035269118
2022-03-30 16:28:04,538.0002920750719
2022-03-30 16:28:09,535.4
2022-03-30 16:28:14,538.0262691713922
2022-03-30 16:28:19,535.4
2022-03-30 16:28:24,535.34
2022-03-30 16:28:29,535.34
2022-03-30 16:28:34,538.0782233640327
2022-03-30 16:28:39,538.0912119121929
2022-03-30 16:28:44,535.34
2022-03-30 16:28:49,535.34
2022-03-30 16:28:54,535.34
2022-03-30 16:28:59,535.34
2022-03-30 16:29:04,535.28
2022-03-30 16:29:09,535.35
2022-03-30 16:29:14,535.35
2022-03-30 16:29:19,535.35
2022-03-30 16:29:24,535.41
2022-03-30 16:29:29,535.41
2022-03-30 16:29:34,538.2340859419545
2022-03-30 16:29:39,535.41
2022-03-30 16:29:44,535.41
2022-03-30 16:29:49,535.41
2022-03-30 16:29:54,535.35
2022-03-30 16:29:59,538.2990286827553
2022-03-30 16:30:04,535.41
2022-03-30 16:30:09,535.35
2022-03-30 16:30:14,535.35
2022-03-30 16:30:19,538.3509828753959
2022-03-30 16:30:24,535.42
2022-03-30 16:30:29,535.35
2022-03-30 16:30:34,535.35
2022-03-30 16:30:39,538.4029370680364
2022-03-30 16:30:44,538.4159256161965
2022-03-30 16:30:49,538.4289141643568
2022-03-30 16:30:54,535.42
2022-03-30 16:30:59,535.42
2022-03-30 16:31:04,535.42
2022-03-30 16:31:09,538.4808683569972
2022-03-30 16:31:14,535.48
2022-03-30 16:31:19,535.48
2022-03-30 16:31:24,535.48
2022-03-30 16:31:29,535.48
2022-03-30 16:31:34,538.545811097798
2022-03-30 16:31:39,535.48
2022-03-30 16:31:44,535.52
2022-03-30 16:31:49,538.5847767422786
2022-03-30 16:31:54,535.52
2022-03-30 16:31:59,535.52
2022-03-30 16:32:04,538.623742386759
2022-03-30 16:32:09,535.58
2022-03-30 16:32:14,535.58
2022-03-30 16:32:19,535.58
2022-03-30 16:32:24,535.58
2022-03-30 16:32:29,535.64
2022-03-30 16:32:34,535.64
2022-03-30 16:32:39,535.58
2022-03-30 16:32:44,535.58
2022-03-30 16:32:49,535.58
2022-03-30 16:32:54,535.58
2022-03-30 16:32:59,535.58
2022-03-30 16:33:04,535.58
2022-03-30 16:33:09,538.7925935128408
2022-03-30 16:33:14,535.57
2022-03-30 16:33:19,535.58
2022-03-30 16:33:24,538.8315591573212
2022-03-30 16:33:29,535.51
2022-03-30 16:33:34,535.51
2022-03-30 16:33:39,535.51
2022-03-30 16:33:44,538.8835133499618
2022-03-30 16:33:49,535.41
2022-03-30 16:33:54,535.42
2022-03-30 16:33:59,535.41
2022-03-30 16:34:04,535.35
2022-03-30 16:34:09,535.41
2022-03-30 16:34:14,538.9614446389227
2022-03-30 16:34:19,538.9744331870829
2022-03-30 16:34:24,535.41
2022-03-30 16:34:29,535.35
2022-03-30 16:34:34,535.41
2022-03-30 16:34:39,535.35
2022-03-30 16:34:44,539.0393759278836
2022-03-30 16:34:49,535.35
2022-03-30 16:34:54,535.35
2022-03-30 16:34:59,535.41
2022-03-30 16:35:04,535.41
2022-03-30 16:35:09,539.1043186686844
2022-03-30 16:35:14,539.1173072168444
2022-03-30 16:35:19,535.35
2022-03-30 16:35:24,535.35
2022-03-30 16:35:29,535.42
2022-03-30 16:35:34,535.35
2022-03-30 16:35:39,539.1822499576452
2022-03-30 16:35:44,535.35
2022-03-30 16:35:49,535.35
2022-03-30 16:35:54,535.42
2022-03-30 16:35:59,535.29
2022-03-30 16:36:04,535.35
2022-03-30 16:36:09,539.2601812466062
2022-03-30 16:36:14,535.29
2022-03-30 16:36:19,535.29
2022-03-30 16:36:24,535.26
2022-03-30 16:36:29,535.26
2022-03-30 16:36:34,535.19
2022-03-30 16:36:39,535.13
2022-03-30 16:36:44,535.13
2022-03-30 16:36:49,535.14
2022-03-30 16:36:54,535.07
2022-03-30 16:36:59,535.07
2022-03-30 16:37:04,535.01
2022-03-30 16:37:09,539.4160438245278
2022-03-30 16:37:14,534.97
2022-03-30 16:37:19,534.98
2022-03-30 16:37:24,534.98
2022-03-30 16:37:29,534.91
2022-03-30 16:37:34,534.92
2022-03-30 16:37:39,534.92
2022-03-30 16:37:44,534.92
2022-03-30 16:37:49,534.85
2022-03-30 16:37:54,534.85
2022-03-30 16:37:59,539.5459293061292
2022-03-30 16:38:04,534.85
2022-03-30 16:38:09,534.79
2022-03-30 16:38:14,534.79
2022-03-30 16:38:19,539.5978834987699
2022-03-30 16:38:24,539.61087204693
2022-03-30 16:38:29,534.76
2022-03-30 16:38:34,534.69
2022-03-30 16:38:39,534.7
2022-03-30 16:38:44,539.6628262395707
2022-03-30 16:38:49,534.7
2022-03-30 16:38:54,539.688803335891
2022-03-30 16:38:59,539.7017918840511
2022-03-30 16:39:04,534.57
2022-03-30 16:39:09,539.7277689803714
2022-03-30 16:39:14,539.7407575285315
2022-03-30 16:39:19,534.51
2022-03-30 16:39:24,539.7667346248518
2022-03-30 16:39:29,534.47
2022-03-30 16:39:34,539.792711721172
2022-03-30 16:39:39,539.8057002693322
2022-03-30 16:39:44,539.8186888174924
2022-03-30 16:39:49,534.35
2022-03-30 16:39:54,539.8446659138127
2022-03-30 16:39:59,534.25
2022-03-30 16:40:04,534.25
2022-03-30 16:40:09,534.19
2022-03-30 16:40:14,534.19
2022-03-30 16:40:19,534.06
2022-03-30 16:40:24,534.06
2022-03-30 16:40:29,533.99
2022-03-30 16:40:34,533.9
2022-03-30 16:40:39,539.961562847254
2022-03-30 16:40:44,539.9745513954142
2022-03-30 16:40:49,533.73
2022-03-30 16:40:54,533.67
2022-03-30 16:40:59,533.54
2022-03-30 16:41:04,533.54
2022-03-30 16:41:09,533.48
2022-03-30 16:41:14,540.0728827100702
2022-03-30 16:41:19,533.38
2022-03-30 16:41:24,540.1063486089264
2022-03-30 16:41:29,533.25
2022-03-30 16:41:34,533.22
2022-03-30 16:41:39,533.09
2022-03-30 16:41:44,540.1732804066392
2022-03-30 16:41:49,540.1900133560672
2022-03-30 16:41:54,532.93
2022-03-30 16:41:59,532.93
2022-03-30 16:42:04,532.87
2022-03-30 16:42:09,532.74
2022-03-30 16:42:14,532.7
2022-03-30 16:42:19,532.7
2022-03-30 16:42:24,540.3071440020644
2022-03-30 16:42:29,532.45
2022-03-30 16:42:34,532.45
2022-03-30 16:42:39,540.357342850349
2022-03-30 16:42:44,532.35
2022-03-30 16:42:49,532.22
2022-03-30 16:42:54,532.22
2022-03-30 16:42:59,532.12
2022-03-30 16:43:04,532.12
2022-03-30 16:43:09,531.99
2022-03-30 16:43:14,531.93
2022-03-30 16:43:19,531.9
2022-03-30 16:43:24,531.83
2022-03-30 16:43:29,531.76
2022-03-30 16:43:34,531.7
2022-03-30 16:43:39,531.67
2022-03-30 16:43:44,531.54
2022-03-30 16:43:49,531.48
2022-03-30 16:43:54,540.6083370917715
2022-03-30 16:43:59,531.38
2022-03-30 16:44:04,531.32
2022-03-30 16:44:09,540.6585359400561
2022-03-30 16:44:14,540.6752688894843
2022-03-30 16:44:19,531.03
2022-03-30 16:44:24,540.7087347883406
2022-03-30 16:44:29,530.96
2022-03-30 16:44:34,530.87
2022-03-30 16:44:39,540.7589336366251
2022-03-30 16:44:44,530.68
2022-03-30 16:44:49,540.7923995354815
2022-03-30 16:44:54,530.58
2022-03-30 16:44:59,530.52
2022-03-30 16:45:04,540.8425983837661
2022-03-30 16:45:09,530.29
2022-03-30 16:45:14,540.8760642826223
2022-03-30 16:45:19,540.8927972320506
2022-03-30 16:45:24,540.9095301814787
2022-03-30 16:45:29,529.94
2022-03-30 16:45:34,540.9429960803351
2022-03-30 16:45:39,529.78
2022-03-30 16:45:44,529.65
2022-03-30 16:45:49,529.56
2022-03-30 16:45:54,541.0099278780477
2022-03-30 16:45:59,529.33
2022-03-30 16:46:04,529.27
2022-03-30 16:46:09,529.14
2022-03-30 16:46:14,529.05
2022-03-30 16:46:19,528.92
2022-03-30 16:46:24,528.85
2022-03-30 16:46:29,528.76
2022-03-30 16:46:34,528.63
2022-03-30 16:46:39,528.53
2022-03-30 16:46:44,541.1772573723294
2022-03-30 16:46:49,528.34
2022-03-30 16:46:54,541.2107232711858
2022-03-30 16:46:59,528.18
2022-03-30 16:47:04,528.09
2022-03-30 16:47:09,528.02
2022-03-30 16:47:14,541.2776550688985
2022-03-30 16:47:19,541.2943880183267
2022-03-30 16:47:24,541.311120967755
2022-03-30 16:47:29,527.73
2022-03-30 16:47:34,541.3445868666113
2022-03-30 16:47:39,527.61
2022-03-30 16:47:44,527.58
2022-03-30 16:47:49,527.51
2022-03-30 16:47:54,541.4115186643239
2022-03-30 16:47:59,527.45
2022-03-30 16:48:04,527.39
2022-03-30 16:48:09,541.4617175126085
2022-03-30 16:48:14,541.4784504620366
2022-03-30 16:48:19,527.32
2022-03-30 16:48:24,527.29
2022-03-30 16:48:29,527.29
2022-03-30 16:48:34,541.5453822597493
2022-03-30 16:48:39,527.29
2022-03-30 16:48:44,541.5788481586055
2022-03-30 16:48:49,541.5955811080338
2022-03-30 16:48:54,541.6123140574621
2022-03-30 16:48:59,541.6290470068901
2022-03-30 16:49:04,527.32
2022-03-30 16:49:09,527.32
2022-03-30 16:49:14,527.39
2022-03-30 16:49:19,527.39
2022-03-30 16:49:24,527.45
2022-03-30 16:49:29,541.7294447034591
2022-03-30 16:49:34,527.58
2022-03-30 16:49:39,527.58
2022-03-30 16:49:44,541.7796435517437
2022-03-30 16:49:49,527.68
2022-03-30 16:49:54,541.8131094506001
2022-03-30 16:49:59,527.81
2022-03-30 16:50:04,527.84
2022-03-30 16:50:09,527.97
2022-03-30 16:50:14,528.03
2022-03-30 16:50:19,528.1
2022-03-30 16:50:24,528.13
2022-03-30 16:50:29,528.2
2022-03-30 16:50:34,528.26
2022-03-30 16:50:39,528.36
2022-03-30 16:50:44,541.9804389448817
2022-03-30 16:50:49,528.48
2022-03-30 16:50:54,528.55
2022-03-30 16:50:59,528.64
2022-03-30 16:51:04,528.71
2022-03-30 16:51:09,528.84
2022-03-30 16:51:14,528.87
2022-03-30 16:51:19,529.0
2022-03-30 16:51:24,542.1143025403071
2022-03-30 16:51:29,542.1310354897353
2022-03-30 16:51:34,529.29
2022-03-30 16:51:39,529.38
2022-03-30 16:51:44,529.45
2022-03-30 16:51:49,529.58
2022-03-30 16:51:54,542.2147002368762
2022-03-30 16:51:59,542.2314331863045
2022-03-30 16:52:04,529.8
2022-03-30 16:52:09,542.2648990851607
2022-03-30 16:52:14,530.03
2022-03-30 16:52:19,542.298364984017
2022-03-30 16:52:24,530.19
2022-03-30 16:52:29,530.25
2022-03-30 16:52:34,530.38
2022-03-30 16:52:39,542.3652967817297
2022-03-30 16:52:44,530.54
2022-03-30 16:52:49,530.67
2022-03-30 16:52:54,530.7
2022-03-30 16:52:59,542.4322285794425
2022-03-30 16:53:04,530.89
2022-03-30 16:53:09,530.99
2022-03-30 16:53:14,531.06
2022-03-30 16:53:19,531.19
2022-03-30 16:53:24,542.5158933265833
2022-03-30 16:53:29,531.41
2022-03-30 16:53:34,542.5493592254396
2022-03-30 16:53:39,542.5660921748678
2022-03-30 16:53:44,531.7
2022-03-30 16:53:49,542.5995580737241
2022-03-30 16:53:54,531.87
2022-03-30 16:53:59,542.6330239725805
2022-03-30 16:54:04,532.09
2022-03-30 16:54:09,532.22
2022-03-30 16:54:14,532.32
2022-03-30 16:54:19,542.6999557702931
2022-03-30 16:54:24,532.48
2022-03-30 16:54:29,542.7334216691496
2022-03-30 16:54:34,542.7501546185777
2022-03-30 16:54:39,542.7668875680058
2022-03-30 16:54:44,532.9
2022-03-30 16:54:49,533.06
2022-03-30 16:54:54,542.8067997739441
2022-03-30 16:54:59,542.7971182799612
2022-03-30 16:55:04,533.42
2022-03-30 16:55:09,533.51
2022-03-30 16:55:14,533.58
2022-03-30 16:55:19,542.7583923040295
2022-03-30 16:55:24,542.7487108100465
2022-03-30 16:55:29,533.94
2022-03-30 16:55:34,542.7293478220806
2022-03-30 16:55:39,534.17
2022-03-30 16:55:44,534.29
2022-03-30 16:55:49,534.33
2022-03-30 16:55:54,534.52
2022-03-30 16:55:59,534.55
2022-03-30 16:56:04,542.6712588581829
2022-03-30 16:56:09,542.6615773642001
2022-03-30 16:56:14,542.6518958702171
2022-03-30 16:56:19,535.04
2022-03-30 16:56:24,535.07
2022-03-30 16:56:29,542.6228513882683
2022-03-30 16:56:34,542.6131698942853
2022-03-30 16:56:39,535.43
2022-03-30 16:56:44,535.56
2022-03-30 16:56:49,535.65
2022-03-30 16:56:54,535.72
2022-03-30 16:56:59,542.5647624243707
2022-03-30 16:57:04,535.94
2022-03-30 16:57:09,536.01
2022-03-30 16:57:14,542.5357179424219
2022-03-30 16:57:19,536.24
2022-03-30 16:57:24,536.36
2022-03-30 16:57:29,542.506673460473
2022-03-30 16:57:34,542.4969919664901
2022-03-30 16:57:39,536.59
2022-03-30 16:57:44,536.75
2022-03-30 16:57:49,536.82
2022-03-30 16:57:54,542.4582659905584
2022-03-30 16:57:59,542.4485844965754
2022-03-30 16:58:04,537.11
2022-03-30 16:58:09,542.4292215086095
2022-03-30 16:58:14,537.27
2022-03-30 16:58:19,537.4
2022-03-30 16:58:24,542.4001770266608
2022-03-30 16:58:29,537.62
2022-03-30 16:58:34,542.3808140386948
2022-03-30 16:58:39,537.72
2022-03-30 16:58:44,542.361451050729
2022-03-30 16:58:49,537.92
2022-03-30 16:58:54,542.3420880627632
2022-03-30 16:58:59,538.08
2022-03-30 16:59:04,538.14
2022-03-30 16:59:09,542.3130435808143
2022-03-30 16:59:14,538.3
2022-03-30 16:59:19,542.2936805928484
2022-03-30 16:59:24,538.46
2022-03-30 16:59:29,542.2743176048825
2022-03-30 16:59:34,538.65
2022-03-30 16:59:39,538.65
2022-03-30 16:59:44,538.75
2022-03-30 16:59:49,538.81
2022-03-30 16:59:54,538.88
2022-03-30 16:59:59,538.94
2022-03-30 17:00:04,539.04
2022-03-30 17:00:09,542.1968656530191
2022-03-30 17:00:14,542.1871841590361
2022-03-30 17:00:19,539.2
2022-03-30 17:00:24,539.26
2022-03-30 17:00:29,539.33
2022-03-30 17:00:34,539.33
2022-03-30 17:00:39,539.46
2022-03-30 17:00:44,539.49
2022-03-30 17:00:49,539.49
2022-03-30 17:00:54,539.55
2022-03-30 17:00:59,542.1000507131897
2022-03-30 17:01:04,539.62
2022-03-30 17:01:09,542.0806877252237
2022-03-30 17:01:14,539.68
2022-03-30 17:01:19,539.71
2022-03-30 17:01:24,539.72
2022-03-30 17:01:29,539.78
2022-03-30 17:01:34,539.78
2022-03-30 17:01:39,539.84
2022-03-30 17:01:44,539.91
2022-03-30 17:01:49,542.0032357733603
2022-03-30 17:01:54,539.91
2022-03-30 17:01:59,541.9838727853944
2022-03-30 17:02:04,541.9741912914114
2022-03-30 17:02:09,539.97
2022-03-30 17:02:14,539.97
2022-03-30 17:02:19,539.97
2022-03-30 17:02:24,541.9354653154796
2022-03-30 17:02:29,539.91
2022-03-30 17:02:34,539.91
2022-03-30 17:02:39,539.91
2022-03-30 17:02:44,539.98
2022-03-30 17:02:49,539.98
2022-03-30 17:02:54,541.877376351582
2022-03-30 17:02:59,539.91
2022-03-30 17:03:04,539.91
2022-03-30 17:03:09,539.92
2022-03-30 17:03:14,539.91
2022-03-30 17:03:19,539.85
2022-03-30 17:03:24,539.79
2022-03-30 17:03:29,539.85
2022-03-30 17:03:34,541.7999243997185
2022-03-30 17:03:39,539.79
2022-03-30 17:03:44,539.79
2022-03-30 17:03:49,539.79
2022-03-30 17:03:54,539.72
2022-03-30 17:03:59,539.72
2022-03-30 17:04:04,539.7
2022-03-30 17:04:09,539.7
2022-03-30 17:04:14,539.73
2022-03-30 17:04:19,539.7
2022-03-30 17:04:24,539.7
2022-03-30 17:04:29,541.6934279659063
2022-03-30 17:04:34,539.64
2022-03-30 17:04:39,541.6740649779404
2022-03-30 17:04:44,539.7
2022-03-30 17:04:49,539.64
2022-03-30 17:04:54,539.64
2022-03-30 17:04:59,541.6353390020085
2022-03-30 17:05:04,541.6256575080257
2022-03-30 17:05:09,539.58
2022-03-30 17:05:14,539.58
2022-03-30 17:05:19,539.58
2022-03-30 17:05:24,541.5869315320939
2022-03-30 17:05:29,539.58
2022-03-30 17:05:34,539.58
2022-03-30 17:05:39,541.5578870501452
2022-03-30 17:05:44,539.58
2022-03-30 17:05:49,539.65
2022-03-30 17:05:54,541.5288425681963
2022-03-30 17:05:59,539.65
2022-03-30 17:06:04,539.65
2022-03-30 17:06:09,539.65
2022-03-30 17:06:14,539.71
2022-03-30 17:06:19,539.71
2022-03-30 17:06:24,539.71
2022-03-30 17:06:29,539.75
2022-03-30 17:06:34,539.75
2022-03-30 17:06:39,539.81
2022-03-30 17:06:44,541.4320276283669
2022-03-30 17:06:49,541.422346134384
2022-03-30 17:06:54,539.81
2022-03-30 17:06:59,541.402983146418
2022-03-30 17:07:04,539.88
2022-03-30 17:07:09,541.3836201584522
2022-03-30 17:07:14,541.3739386644693
2022-03-30 17:07:19,539.88
2022-03-30 17:07:24,539.88
2022-03-30 17:07:29,539.88
2022-03-30 17:07:34,539.94
2022-03-30 17:07:39,541.3255311945546
2022-03-30 17:07:44,539.94
2022-03-30 17:07:49,539.94
2022-03-30 17:07:54,539.94
2022-03-30 17:07:59,539.94
2022-03-30 17:08:04,539.94
2022-03-30 17:08:09,539.88
2022-03-30 17:08:14,539.88
2022-03-30 17:08:19,539.88
2022-03-30 17:08:24,541.2383977487082
2022-03-30 17:08:29,539.81
2022-03-30 17:08:34,539.81
2022-03-30 17:08:39,541.2093532667593
2022-03-30 17:08:44,541.1996717727764
2022-03-30 17:08:49,541.1899902787935
2022-03-30 17:08:54,541.1803087848106
2022-03-30 17:08:59,539.65
2022-03-30 17:09:04,539.65
2022-03-30 17:09:09,539.59
2022-03-30 17:09:14,541.2125882118218
2022-03-30 17:09:19,541.224225026243
2022-03-30 17:09:24,539.49
2022-03-30 17:09:29,539.43
2022-03-30 17:09:34,539.43
2022-03-30 17:09:39,539.36
2022-03-30 17:09:44,539.3
2022-03-30 17:09:49,539.29
2022-03-30 17:09:54,539.2
2022-03-30 17:09:59,541.3173195416125
2022-03-30 17:10:04,539.13
2022-03-30 17:10:09,541.3405931704548
2022-03-30 17:10:14,541.3522299848761
2022-03-30 17:10:19,538.97
2022-03-30 17:10:24,541.3755036137184
2022-03-30 17:10:29,541.3871404281396
2022-03-30 17:10:34,538.78
2022-03-30 17:10:39,541.410414056982
2022-03-30 17:10:44,541.4220508714031
2022-03-30 17:10:49,538.68
2022-03-30 17:10:54,538.62
2022-03-30 17:10:59,538.55
2022-03-30 17:11:04,538.49
2022-03-30 17:11:09,538.46
2022-03-30 17:11:14,538.39
2022-03-30 17:11:19,541.5035085723515
2022-03-30 17:11:24,538.33
2022-03-30 17:11:29,541.5267822011939
2022-03-30 17:11:34,538.2
2022-03-30 17:11:39,538.17
2022-03-30 17:11:44,538.11
2022-03-30 17:11:49,538.04
2022-03-30 17:11:54,537.98
2022-03-30 17:11:59,541.5966030877211
2022-03-30 17:12:04,537.88
2022-03-30 17:12:09,541.6198767165633
2022-03-30 17:12:14,537.75
2022-03-30 17:12:19,537.75
2022-03-30 17:12:24,537.69
2022-03-30 17:12:29,537.66
2022-03-30 17:12:34,537.66
2022-03-30 17:12:39,541.6896976030905
2022-03-30 17:12:44,537.53
2022-03-30 17:12:49,541.7129712319329
2022-03-30 17:12:54,541.7246080463541
2022-03-30 17:12:59,537.44
2022-03-30 17:13:04,541.7478816751965
2022-03-30 17:13:09,537.38
2022-03-30 17:13:14,537.38
2022-03-30 17:13:19,537.38
2022-03-30 17:13:24,537.38
2022-03-30 17:13:29,541.8060657473025
2022-03-30 17:13:34,537.25
2022-03-30 17:13:39,541.8293393761448
2022-03-30 17:13:44,537.25
2022-03-30 17:13:49,537.25
2022-03-30 17:13:54,541.8642498194084
2022-03-30 17:13:59,537.26
2022-03-30 17:14:04,537.26
2022-03-30 17:14:09,537.26
2022-03-30 17:14:14,537.26
2022-03-30 17:14:19,541.9224338915143
2022-03-30 17:14:24,537.26
2022-03-30 17:14:29,537.19
2022-03-30 17:14:34,537.2
2022-03-30 17:14:39,537.2
2022-03-30 17:14:44,537.2
2022-03-30 17:14:49,537.2
2022-03-30 17:14:54,537.2
2022-03-30 17:14:59,537.2
2022-03-30 17:15:04,537.2
2022-03-30 17:15:09,537.2
2022-03-30 17:15:14,537.2
2022-03-30 17:15:19,537.2
2022-03-30 17:15:24,537.26
2022-03-30 17:15:29,542.0853492934109
2022-03-30 17:15:34,537.27
2022-03-30 17:15:39,537.33
2022-03-30 17:15:44,537.33
2022-03-30 17:15:49,537.33
2022-03-30 17:15:54,537.4
2022-03-30 17:15:59,537.4
2022-03-30 17:16:04,537.4
2022-03-30 17:16:09,537.4
2022-03-30 17:16:14,537.46
2022-03-30 17:16:19,537.49
2022-03-30 17:16:24,537.56
2022-03-30 17:16:29,537.56
2022-03-30 17:16:34,537.56
2022-03-30 17:16:39,537.62
2022-03-30 17:16:44,537.62
2022-03-30 17:16:49,542.27153832415
2022-03-30 17:16:54,542.2831751385712
2022-03-30 17:16:59,537.72
2022-03-30 17:17:04,537.79
2022-03-30 17:17:09,537.85
2022-03-30 17:17:14,542.3297223962559
2022-03-30 17:17:19,542.3413592106772
2022-03-30 17:17:24,537.98
2022-03-30 17:17:29,537.98
2022-03-30 17:17:34,542.3762696539408
2022-03-30 17:17:39,542.387906468362
2022-03-30 17:17:44,538.07
2022-03-30 17:17:49,542.4111800972042
2022-03-30 17:17:54,538.2
2022-03-30 17:17:59,538.2
2022-03-30 17:18:04,542.4460905404678
2022-03-30 17:18:09,538.23
2022-03-30 17:18:14,538.3
2022-03-30 17:18:19,538.43
2022-03-30 17:18:24,542.4926377981526
2022-03-30 17:18:29,538.43
2022-03-30 17:18:34,538.49
2022-03-30 17:18:39,538.49
2022-03-30 17:18:44,538.52
2022-03-30 17:18:49,542.5508218702586
2022-03-30 17:18:54,538.59
2022-03-30 17:18:59,538.65
2022-03-30 17:19:04,542.5857323135222
2022-03-30 17:19:09,538.71
2022-03-30 17:19:14,538.75
2022-03-30 17:19:19,538.75
2022-03-30 17:19:24,538.81
2022-03-30 17:19:29,538.81
2022-03-30 17:19:34,538.81
2022-03-30 17:19:39,538.81
2022-03-30 17:19:44,538.87
2022-03-30 17:19:49,538.87
2022-03-30 17:19:54,542.7021004577341
2022-03-30 17:19:59,538.94
2022-03-30 17:20:04,538.94
2022-03-30 17:20:09,538.94
2022-03-30 17:20:14,538.94
2022-03-30 17:20:19,539.04
2022-03-30 17:20:24,539.04
2022-03-30 17:20:29,539.0
2022-03-30 17:20:34,542.7951949731035
2022-03-30 17:20:39,539.04
2022-03-30 17:20:44,539.04
2022-03-30 17:20:49,539.04
2022-03-30 17:20:54,539.1
2022-03-30 17:20:59,539.1
2022-03-30 17:21:04,539.11
2022-03-30 17:21:09,539.1
2022-03-30 17:21:14,539.11
2022-03-30 17:21:19,542.8999263028942
2022-03-30 17:21:24,539.17
2022-03-30 17:21:29,542.9231999317367
2022-03-30 17:21:34,542.9348367461578
2022-03-30 17:21:39,539.17
2022-03-30 17:21:44,542.9581103750003
2022-03-30 17:21:49,539.11
2022-03-30 17:21:54,539.17
2022-03-30 17:21:59,539.18
2022-03-30 17:22:04,539.18
2022-03-30 17:22:09,539.18
2022-03-30 17:22:14,539.18
2022-03-30 17:22:19,539.12
2022-03-30 17:22:24,539.11
2022-03-30 17:22:29,543.0628417047909
2022-03-30 17:22:34,539.18
2022-03-30 17:22:39,539.12
2022-03-30 17:22:44,543.0977521480545
2022-03-30 17:22:49,539.12
2022-03-30 17:22:54,539.06
2022-03-30 17:22:59,539.06
2022-03-30 17:23:04,543.1291065428827
2022-03-30 17:23:09,543.0848904586015
2022-03-30 17:23:14,539.06
2022-03-30 17:23:19,539.06
2022-03-30 17:23:24,542.9522422057574
2022-03-30 17:23:29,542.9080261214759
2022-03-30 17:23:34,539.13
2022-03-30 17:23:39,539.06
2022-03-30 17:23:44,539.06
2022-03-30 17:23:49,542.7311617843502
2022-03-30 17:23:54,539.06
2022-03-30 17:23:59,539.07
2022-03-30 17:24:04,542.598513531506
2022-03-30 17:24:09,539.03
2022-03-30 17:24:14,539.03
2022-03-30 17:24:19,539.07
2022-03-30 17:24:24,539.03
2022-03-30 17:24:29,539.03
2022-03-30 17:24:34,542.3332170258177
2022-03-30 17:24:39,539.03
2022-03-30 17:24:44,542.2447848572551
2022-03-30 17:24:49,542.2005687729736
2022-03-30 17:24:54,538.97
2022-03-30 17:24:59,542.1121366044109
2022-03-30 17:25:04,538.97
2022-03-30 17:25:09,538.91
2022-03-30 17:25:14,538.97
2022-03-30 17:25:19,538.91
2022-03-30 17:25:24,538.97
2022-03-30 17:25:29,538.91
2022-03-30 17:25:34,538.91
2022-03-30 17:25:39,541.75840793016
2022-03-30 17:25:44,538.84
2022-03-30 17:25:49,538.84
2022-03-30 17:25:54,538.78
2022-03-30 17:25:59,541.5815435930343
2022-03-30 17:26:04,538.78
2022-03-30 17:26:09,541.4931114244716
2022-03-30 17:26:14,538.78
2022-03-30 17:26:19,538.78
2022-03-30 17:26:24,541.3604631716271
2022-03-30 17:26:29,538.75
2022-03-30 17:26:34,541.2720310030645
2022-03-30 17:26:39,541.227814918783
2022-03-30 17:26:44,541.1835988345018
2022-03-30 17:26:49,538.75
2022-03-30 17:26:54,538.68
2022-03-30 17:26:59,538.68
2022-03-30 17:27:04,538.68
2022-03-30 17:27:09,538.68
2022-03-30 17:27:14,538.68
2022-03-30 17:27:19,540.874086244532
2022-03-30 17:27:24,540.8298701602505
2022-03-30 17:27:29,538.75
2022-03-30 17:27:34,538.75
2022-03-30 17:27:39,538.78
2022-03-30 17:27:44,538.75
2022-03-30 17:27:49,538.75
2022-03-30 17:27:54,540.5645736545622
2022-03-30 17:27:59,540.520357570281
2022-03-30 17:28:04,538.75
2022-03-30 17:28:09,538.74
2022-03-30 17:28:14,538.75
2022-03-30 17:28:19,538.75
2022-03-30 17:28:24,540.2992771488739
2022-03-30 17:28:29,540.2550610645927
2022-03-30 17:28:34,538.78
2022-03-30 17:28:39,538.78
2022-03-30 17:28:44,540.1224128117486
2022-03-30 17:28:49,538.78
2022-03-30 17:28:54,538.78
2022-03-30 17:28:59,539.9897645589044
2022-03-30 17:29:04,538.78
2022-03-30 17:29:09,538.85
2022-03-30 17:29:14,539.8571163060602
2022-03-30 17:29:19,539.8129002217787
2022-03-30 17:29:24,538.78
2022-03-30 17:29:29,538.78
2022-03-30 17:29:34,539.6802519689346
2022-03-30 17:29:39,538.78
2022-03-30 17:29:44,538.78
2022-03-30 17:29:49,538.75
2022-03-30 17:29:54,538.78
2022-03-30 17:29:59,538.78
2022-03-30 17:30:04,538.75
2022-03-30 17:30:09,539.3707393789648
2022-03-30 17:30:14,538.75
2022-03-30 17:30:19,539.2823072104021
2022-03-30 17:30:24,538.79
2022-03-30 17:30:29,538.76
2022-03-30 17:30:34,539.1496589575579
2022-03-30 17:30:39,539.1054428732764
2022-03-30 17:30:44,538.76
2022-03-30 17:30:49,539.0170107047138
2022-03-30 17:30:54,538.7
2022-03-30 17:30:59,538.63
2022-03-30 17:31:04,538.69
2022-03-30 17:31:09,538.8401463675881
2022-03-30 17:31:14,538.63
2022-03-30 17:31:19,538.7517141990255
2022-03-30 17:31:24,538.707498114744
2022-03-30 17:31:29,538.57
2022-03-30 17:31:34,538.54
2022-03-30 17:31:39,538.54
2022-03-30 17:31:44,538.57
2022-03-30 17:31:49,538.48
2022-03-30 17:31:54,538.4422016090557
2022-03-30 17:31:59,538.48
2022-03-30 17:32:04,538.42
2022-03-30 17:32:09,538.3095533562115
2022-03-30 17:32:14,538.42
2022-03-30 17:32:19,538.42
2022-03-30 17:32:24,538.1769051033673
2022-03-30 17:32:29,538.35
2022-03-30 17:32:34,538.0884729348047
2022-03-30 17:32:39,538.36
2022-03-30 17:32:44,538.36
2022-03-30 17:32:49,538.36
2022-03-30 17:32:54,538.36
2022-03-30 17:32:59,538.36
2022-03-30 17:33:04,538.36
2022-03-30 17:33:09,538.3
2022-03-30 17:33:14,538.3
2022-03-30 17:33:19,538.3
2022-03-30 17:33:24,538.3
2022-03-30 17:33:29,538.3
2022-03-30 17:33:34,538.3
2022-03-30 17:33:39,538.27
2022-03-30 17:33:44,538.21
2022-03-30 17:33:49,537.4252316705839
2022-03-30 17:33:54,537.3810155863024
2022-03-30 17:33:59,537.3367995020209
2022-03-30 17:34:04,537.2925834177397
2022-03-30 17:34:09,537.2483673334582
2022-03-30 17:34:14,538.21
2022-03-30 17:34:19,537.1599351648956
2022-03-30 17:34:24,538.28
2022-03-30 17:34:29,537.0715029963326
2022-03-30 17:34:34,538.22
2022-03-30 17:34:39,538.22
2022-03-30 17:34:44,538.22
2022-03-30 17:34:49,536.8946386592073
2022-03-30 17:34:54,538.22
2022-03-30 17:34:59,536.8062064906442
2022-03-30 17:35:04,538.22
2022-03-30 17:35:09,538.29
2022-03-30 17:35:14,536.6735582378001
2022-03-30 17:35:19,538.16
2022-03-30 17:35:24,538.16
2022-03-30 17:35:29,538.23
2022-03-30 17:35:34,536.4966939006744
2022-03-30 17:35:39,538.1
2022-03-30 17:35:44,538.16
2022-03-30 17:35:49,536.3640456478303
2022-03-30 17:35:54,538.1
2022-03-30 17:35:59,536.2756134792676
2022-03-30 17:36:04,538.01
2022-03-30 17:36:09,536.187181310705
2022-03-30 17:36:14,537.94
2022-03-30 17:36:19,538.01
2022-03-30 17:36:24,537.95
2022-03-30 17:36:29,537.95
2022-03-30 17:36:34,537.88
2022-03-30 17:36:39,537.95
2022-03-30 17:36:44,537.95
2022-03-30 17:36:49,537.95
2022-03-30 17:36:54,535.7892365521725
2022-03-30 17:36:59,535.745020467891
2022-03-30 17:37:04,537.83
2022-03-30 17:37:09,537.89
2022-03-30 17:37:14,537.83
2022-03-30 17:37:19,535.6696285009003
2022-03-30 17:37:24,537.8
2022-03-30 17:37:29,537.8
2022-03-30 17:37:34,537.74
2022-03-30 17:37:39,537.74
2022-03-30 17:37:44,535.6777805336883
2022-03-30 17:37:49,535.6794109402458
2022-03-30 17:37:54,535.6810413468033
2022-03-30 17:37:59,537.68
2022-03-30 17:38:04,537.61
2022-03-30 17:38:09,537.62
2022-03-30 17:38:14,535.6875629730337
2022-03-30 17:38:19,535.6891933795913
2022-03-30 17:38:24,537.59
2022-03-30 17:38:29,537.59
2022-03-30 17:38:34,537.59
2022-03-30 17:38:39,537.59
2022-03-30 17:38:44,537.53
2022-03-30 17:38:49,537.53
2022-03-30 17:38:54,535.7006062254943
2022-03-30 17:38:59,537.47
2022-03-30 17:39:04,535.7038670386095
2022-03-30 17:39:09,535.705497445167
2022-03-30 17:39:14,537.4
2022-03-30 17:39:19,537.34
2022-03-30 17:39:24,537.41
2022-03-30 17:39:29,537.35
2022-03-30 17:39:34,535.7136494779548
2022-03-30 17:39:39,535.7152798845125
2022-03-30 17:39:44,537.32
2022-03-30 17:39:49,537.25
2022-03-30 17:39:54,537.26
2022-03-30 17:39:59,537.26
2022-03-30 17:40:04,537.26
2022-03-30 17:40:09,537.19
2022-03-30 17:40:14,537.19
2022-03-30 17:40:19,537.19
2022-03-30 17:40:24,537.2
2022-03-30 17:40:29,537.14
2022-03-30 17:40:34,537.14
2022-03-30 17:40:39,537.1
2022-03-30 17:40:44,535.736475169761
2022-03-30 17:40:49,537.11
2022-03-30 17:40:54,537.11
2022-03-30 17:40:59,537.04
2022-03-30 17:41:04,537.04
2022-03-30 17:41:09,537.05
2022-03-30 17:41:14,536.98
2022-03-30 17:41:19,536.92
2022-03-30 17:41:24,536.98
2022-03-30 17:41:29,535.7511488287792
2022-03-30 17:41:34,535.7527792353367
2022-03-30 17:41:39,536.86
2022-03-30 17:41:44,536.86
2022-03-30 17:41:49,535.7576704550095
2022-03-30 17:41:54,536.86
2022-03-30 17:41:59,536.86
2022-03-30 17:42:04,536.83
2022-03-30 17:42:09,535.7641920812398
2022-03-30 17:42:14,536.83
2022-03-30 17:42:19,536.77
2022-03-30 17:42:24,536.77
2022-03-30 17:42:29,536.77
2022-03-30 17:42:34,535.7723441140276
2022-03-30 17:42:39,536.64
2022-03-30 17:42:44,536.64
2022-03-30 17:42:49,535.7772353337003
2022-03-30 17:42:54,536.64
2022-03-30 17:42:59,535.7804961468155
2022-03-30 17:43:04,536.55
2022-03-30 17:43:09,536.55
2022-03-30 17:43:14,535.7853873664882
2022-03-30 17:43:19,536.49
2022-03-30 17:43:24,536.42
2022-03-30 17:43:29,536.42
2022-03-30 17:43:34,536.42
2022-03-30 17:43:39,536.32
2022-03-30 17:43:44,535.7951698058337
2022-03-30 17:43:49,536.33
2022-03-30 17:43:54,536.26
2022-03-30 17:43:59,536.26
2022-03-30 17:44:04,536.2
2022-03-30 17:44:09,536.2
2022-03-30 17:44:14,536.1
2022-03-30 17:44:19,536.13
2022-03-30 17:44:24,536.1
2022-03-30 17:44:29,536.11
2022-03-30 17:44:34,536.04
2022-03-30 17:44:39,535.813104277967
2022-03-30 17:44:44,536.04
2022-03-30 17:44:49,536.04
2022-03-30 17:44:54,535.98
2022-03-30 17:44:59,535.98
2022-03-30 17:45:04,535.98
2022-03-30 17:45:09,535.8228867173125
2022-03-30 17:45:14,535.92
2022-03-30 17:45:19,535.85
2022-03-30 17:45:24,535.82
2022-03-30 17:45:29,535.82
2022-03-30 17:45:34,535.8310387501003
2022-03-30 17:45:39,535.82
2022-03-30 17:45:44,535.82
2022-03-30 17:45:49,535.76
2022-03-30 17:45:54,535.76
2022-03-30 17:45:59,535.8391907828882
2022-03-30 17:46:04,535.8408211894458
2022-03-30 17:46:09,535.76
2022-03-30 17:46:14,535.7
2022-03-30 17:46:19,535.7
2022-03-30 17:46:24,535.847342815676
2022-03-30 17:46:29,535.7
2022-03-30 17:46:34,535.8506036287912
2022-03-30 17:46:39,535.7
2022-03-30 17:46:44,535.8538644419064
2022-03-30 17:46:49,535.855494848464
2022-03-30 17:46:54,535.8571252550215
2022-03-30 17:46:59,535.7
2022-03-30 17:47:04,535.71
2022-03-30 17:47:09,535.71
2022-03-30 17:47:14,535.71
2022-03-30 17:47:19,535.64
2022-03-30 17:47:24,535.71
2022-03-30 17:47:29,535.71
2022-03-30 17:47:34,535.71
2022-03-30 17:47:39,535.71
2022-03-30 17:47:44,535.71
2022-03-30 17:47:49,535.65
2022-03-30 17:47:54,535.71
2022-03-30 17:47:59,535.71
2022-03-30 17:48:04,535.71
2022-03-30 17:48:09,535.8815813533852
2022-03-30 17:48:14,535.65
2022-03-30 17:48:19,535.65
2022-03-30 17:48:24,535.8864725730579
2022-03-30 17:48:29,535.72
2022-03-30 17:48:34,535.72
2022-03-30 17:48:39,535.66
2022-03-30 17:48:44,535.79
2022-03-30 17:48:49,535.8946246058458
2022-03-30 17:48:54,535.72
2022-03-30 17:48:59,535.8978854189609
2022-03-30 17:49:04,535.86
2022-03-30 17:49:09,535.85
2022-03-30 17:49:14,535.86
2022-03-30 17:49:19,535.9044070451912
2022-03-30 17:49:24,535.95
2022-03-30 17:49:29,535.95
2022-03-30 17:49:34,536.02
2022-03-30 17:49:39,535.9109286714215
2022-03-30 17:49:44,535.9125590779792
2022-03-30 17:49:49,535.9141894845367
2022-03-30 17:49:54,535.9158198910942
2022-03-30 17:49:59,536.15
2022-03-30 17:50:04,536.18
2022-03-30 17:50:09,536.25
2022-03-30 17:50:14,536.25
2022-03-30 17:50:19,536.25
2022-03-30 17:50:24,536.32
2022-03-30 17:50:29,536.38
2022-03-30 17:50:34,535.9288631435548
2022-03-30 17:50:39,536.48
2022-03-30 17:50:44,536.41
2022-03-30 17:50:49,536.48
2022-03-30 17:50:54,536.48
2022-03-30 17:50:59,536.48
2022-03-30 17:51:04,536.55
2022-03-30 17:51:09,536.55
2022-03-30 17:51:14,536.54
2022-03-30 17:51:19,535.9798031810059
2022-03-30 17:51:24,536.0128439593921
2022-03-30 17:51:29,536.61
2022-03-30 17:51:34,536.67
2022-03-30 17:51:39,536.1119662945513
2022-03-30 17:51:44,536.67
2022-03-30 17:51:49,536.71
2022-03-30 17:51:54,536.2110886297105
2022-03-30 17:51:59,536.244129408097
2022-03-30 17:52:04,536.2771701864835
2022-03-30 17:52:09,536.71
2022-03-30 17:52:14,536.3432517432562
2022-03-30 17:52:19,536.78
2022-03-30 17:52:24,536.77
2022-03-30 17:52:29,536.77
2022-03-30 17:52:34,536.84
2022-03-30 17:52:39,536.84
2022-03-30 17:52:44,536.9
2022-03-30 17:52:49,536.5745371919612
2022-03-30 17:52:54,536.9
2022-03-30 17:52:59,536.6406187487339
2022-03-30 17:53:04,536.6736595271204
2022-03-30 17:53:09,536.706700305507
2022-03-30 17:53:14,536.94
2022-03-30 17:53:19,536.94
2022-03-30 17:53:24,537.0
2022-03-30 17:53:29,536.8388634190524
2022-03-30 17:53:34,537.0
2022-03-30 17:53:39,537.06
2022-03-30 17:53:44,537.06
2022-03-30 17:53:49,536.9710265325981
2022-03-30 17:53:54,537.0040673109846
2022-03-30 17:53:59,537.07
2022-03-30 17:54:04,537.07
2022-03-30 17:54:09,537.13
2022-03-30 17:54:14,537.13623042453
2022-03-30 17:54:19,537.13
2022-03-30 17:54:24,537.13
2022-03-30 17:54:29,537.2353527596892
2022-03-30 17:54:34,537.13
2022-03-30 17:54:39,537.2
2022-03-30 17:54:44,537.2
2022-03-30 17:54:49,537.13
2022-03-30 17:54:54,537.2
2022-03-30 17:54:59,537.2
2022-03-30 17:55:04,537.4666382083942
2022-03-30 17:55:09,537.2
2022-03-30 17:55:14,537.23
2022-03-30 17:55:19,537.23
2022-03-30 17:55:24,537.2
2022-03-30 17:55:29,537.6318421003263
2022-03-30 17:55:34,537.6648828787127
2022-03-30 17:55:39,537.24
2022-03-30 17:55:44,537.3
2022-03-30 17:55:49,537.3
2022-03-30 17:55:54,537.36
2022-03-30 17:55:59,537.36
2022-03-30 17:56:04,537.37
2022-03-30 17:56:09,537.43
2022-03-30 17:56:14,537.43
2022-03-30 17:56:19,537.47
2022-03-30 17:56:24,537.9952906625768
2022-03-30 17:56:29,537.47
2022-03-30 17:56:34,537.53
2022-03-30 17:56:39,537.6
2022-03-30 17:56:44,537.67
2022-03-30 17:56:49,537.66
2022-03-30 17:56:54,537.66
2022-03-30 17:56:59,537.73
2022-03-30 17:57:04,538.2596168896681
2022-03-30 17:57:09,537.76
2022-03-30 17:57:14,538.325698446441
2022-03-30 17:57:19,537.76
2022-03-30 17:57:24,537.83
2022-03-30 17:57:29,537.9
2022-03-30 17:57:34,537.96
2022-03-30 17:57:39,537.96
2022-03-30 17:57:44,538.5239431167595
2022-03-30 17:57:49,538.5569838951458
2022-03-30 17:57:54,538.0
2022-03-30 17:57:59,538.06
2022-03-30 17:58:04,538.06
2022-03-30 17:58:09,538.0
2022-03-30 17:58:14,538.7221877870779
2022-03-30 17:58:19,538.06
2022-03-30 17:58:24,538.7882693438507
2022-03-30 17:58:29,538.8213101222373
2022-03-30 17:58:34,537.97
2022-03-30 17:58:39,537.97
2022-03-30 17:58:44,538.9204324573965
2022-03-30 17:58:49,537.91
2022-03-30 17:58:54,537.91
2022-03-30 17:58:59,539.0195547925557
2022-03-30 17:59:04,539.0525955709419
2022-03-30 17:59:09,537.75
2022-03-30 17:59:14,537.68
2022-03-30 17:59:19,537.62
2022-03-30 17:59:24,537.55
2022-03-30 17:59:29,539.2177994628742
2022-03-30 17:59:34,537.46
2022-03-30 17:59:39,537.33
2022-03-30 17:59:44,537.27
2022-03-30 17:59:49,537.23
2022-03-30 17:59:54,537.17
2022-03-30 17:59:59,537.04
2022-03-30 18:00:04,539.4490849115788
2022-03-30 18:00:09,539.4821256899653
2022-03-30 18:00:14,539.5151664683518
2022-03-30 18:00:19,536.72
2022-03-30 18:00:24,539.5812480251245
2022-03-30 18:00:29,536.59
2022-03-30 18:00:34,536.47
2022-03-30 18:00:39,539.6803703602837
2022-03-30 18:00:44,536.3
2022-03-30 18:00:49,536.21
2022-03-30 18:00:54,539.779492695443
2022-03-30 18:00:59,536.01
2022-03-30 18:01:04,539.8455742522157
2022-03-30 18:01:09,535.85
2022-03-30 18:01:14,535.72
2022-03-30 18:01:19,535.63
2022-03-30 18:01:24,539.9777373657614
2022-03-30 18:01:29,535.44
2022-03-30 18:01:34,540.0438189225345
2022-03-30 18:01:39,535.27
2022-03-30 18:01:44,540.1099004793072
2022-03-30 18:01:49,535.11
2022-03-30 18:01:54,535.05
2022-03-30 18:01:59,534.98
2022-03-30 18:02:04,540.2420635928529
2022-03-30 18:02:09,540.2751043712391
2022-03-30 18:02:14,540.3081451496256
2022-03-30 18:02:19,534.66
2022-03-30 18:02:24,534.66
2022-03-30 18:02:29,540.4072674847848
2022-03-30 18:02:34,534.47
2022-03-30 18:02:39,534.4
2022-03-30 18:02:44,534.3
2022-03-30 18:02:49,534.31
2022-03-30 18:02:54,534.18
2022-03-30 18:02:59,534.14
2022-03-30 18:03:04,534.08
2022-03-30 18:03:09,540.671593711876
2022-03-30 18:03:14,540.7046344902625
2022-03-30 18:03:19,540.737675268649
2022-03-30 18:03:24,533.79
2022-03-30 18:03:29,533.66
2022-03-30 18:03:34,533.63
2022-03-30 18:03:39,533.63
2022-03-30 18:03:44,533.5
2022-03-30 18:03:49,540.9359199389675
2022-03-30 18:03:54,533.34
2022-03-30 18:03:59,533.28
2022-03-30 18:04:04,533.21
2022-03-30 18:04:09,533.15
2022-03-30 18:04:14,541.1011238308994
2022-03-30 18:04:19,541.1341646092859
2022-03-30 18:04:24,541.1672053876721
2022-03-30 18:04:29,532.83
2022-03-30 18:04:34,532.77
2022-03-30 18:04:39,532.64
2022-03-30 18:04:44,541.2993685012178
2022-03-30 18:04:49,532.48
2022-03-30 18:04:54,532.41
2022-03-30 18:04:59,532.32
2022-03-30 18:05:04,532.19
2022-03-30 18:05:09,541.4645723931498
2022-03-30 18:05:14,531.96
2022-03-30 18:05:19,531.9
2022-03-30 18:05:24,531.8
2022-03-30 18:05:29,541.4996214138499
2022-03-30 18:05:34,531.61
2022-03-30 18:05:39,531.58
2022-03-30 18:05:44,531.45
2022-03-30 18:05:49,531.29
2022-03-30 18:05:54,531.23
2022-03-30 18:05:59,531.1
2022-03-30 18:06:04,541.4065584871034
2022-03-30 18:06:09,541.3932637832825
2022-03-30 18:06:14,541.3799690794616
2022-03-30 18:06:19,541.3666743756406
2022-03-30 18:06:24,541.3533796718197
2022-03-30 18:06:29,541.3400849679989
2022-03-30 18:06:34,530.36
2022-03-30 18:06:39,530.27
2022-03-30 18:06:44,530.14
2022-03-30 18:06:49,541.2869061527151
2022-03-30 18:06:54,529.98
2022-03-30 18:06:59,529.85
2022-03-30 18:07:04,529.75
2022-03-30 18:07:09,529.69
2022-03-30 18:07:14,541.2204326336106
2022-03-30 18:07:19,529.46
2022-03-30 18:07:24,529.34
2022-03-30 18:07:29,541.1805485221478
2022-03-30 18:07:34,541.1672538183269
2022-03-30 18:07:39,529.11
2022-03-30 18:07:44,528.95
2022-03-30 18:07:49,541.1273697068641
2022-03-30 18:07:54,541.1140750030431
2022-03-30 18:07:59,528.73
2022-03-30 18:08:04,541.0874855954014
2022-03-30 18:08:09,528.54
2022-03-30 18:08:14,528.51
2022-03-30 18:08:19,528.31
2022-03-30 18:08:24,528.25
2022-03-30 18:08:29,541.0210120762968
2022-03-30 18:08:34,528.09
2022-03-30 18:08:39,528.02
2022-03-30 18:08:44,527.93
2022-03-30 18:08:49,540.9678332610131
2022-03-30 18:08:54,527.73
2022-03-30 18:08:59,527.7
2022-03-30 18:09:04,527.57
2022-03-30 18:09:09,527.51
2022-03-30 18:09:14,527.41
2022-03-30 18:09:19,540.8880650380876
2022-03-30 18:09:24,527.22
2022-03-30 18:09:29,540.8614756304457
2022-03-30 18:09:34,527.12
2022-03-30 18:09:39,527.12
2022-03-30 18:09:44,526.99
2022-03-30 18:09:49,526.96
2022-03-30 18:09:54,526.9
2022-03-30 18:09:59,526.77
2022-03-30 18:10:04,526.7
2022-03-30 18:10:09,540.7551179998783
2022-03-30 18:10:14,540.7418232960573
2022-03-30 18:10:19,526.54
2022-03-30 18:10:24,526.48
2022-03-30 18:10:29,526.45
2022-03-30 18:10:34,526.32
2022-03-30 18:10:39,540.6753497769528
2022-03-30 18:10:44,526.19
2022-03-30 18:10:49,526.16
2022-03-30 18:10:54,540.6354656654901
2022-03-30 18:10:59,526.03
2022-03-30 18:11:04,540.6088762578482
2022-03-30 18:11:09,525.93
2022-03-30 18:11:14,540.5822868502063
2022-03-30 18:11:19,525.87
2022-03-30 18:11:24,525.74
2022-03-30 18:11:29,525.73
2022-03-30 18:11:34,525.67
2022-03-30 18:11:39,540.5158133311018
2022-03-30 18:11:44,525.58
2022-03-30 18:11:49,525.57
2022-03-30 18:11:54,525.51
2022-03-30 18:11:59,525.51
2022-03-30 18:12:04,525.51
2022-03-30 18:12:09,525.44
2022-03-30 18:12:14,525.45
2022-03-30 18:12:19,540.4094557005344
2022-03-30 18:12:24,540.3961609967135
2022-03-30 18:12:29,540.3828662928926
2022-03-30 18:12:34,525.35
2022-03-30 18:12:39,525.35
2022-03-30 18:12:44,525.28
2022-03-30 18:12:49,525.28
2022-03-30 18:12:54,525.28
2022-03-30 18:12:59,525.22
2022-03-30 18:13:04,525.22
2022-03-30 18:13:09,525.22
2022-03-30 18:13:14,525.22
2022-03-30 18:13:19,525.22
2022-03-30 18:13:24,525.22
2022-03-30 18:13:29,525.29
2022-03-30 18:13:34,525.22
2022-03-30 18:13:39,525.29
2022-03-30 18:13:44,525.22
2022-03-30 18:13:49,525.29
2022-03-30 18:13:54,525.29
2022-03-30 18:13:59,525.29
2022-03-30 18:14:04,525.42
2022-03-30 18:14:09,525.35
2022-03-30 18:14:14,540.1036775126532
2022-03-30 18:14:19,525.42
2022-03-30 18:14:24,525.45
2022-03-30 18:14:29,525.52
2022-03-30 18:14:34,525.52
2022-03-30 18:14:39,525.58
2022-03-30 18:14:44,525.68
2022-03-30 18:14:49,540.0106145859068
2022-03-30 18:14:54,525.81
2022-03-30 18:14:59,539.9840251782649
2022-03-30 18:15:04,525.94
2022-03-30 18:15:09,525.97
2022-03-30 18:15:14,539.9441410668022
2022-03-30 18:15:19,526.16
2022-03-30 18:15:24,526.26
2022-03-30 18:15:29,539.9042569553394
2022-03-30 18:15:34,526.39
2022-03-30 18:15:39,539.8776675476977
2022-03-30 18:15:44,526.62
2022-03-30 18:15:49,526.72
2022-03-30 18:15:54,526.84
2022-03-30 18:15:59,526.97
2022-03-30 18:16:04,527.13
2022-03-30 18:16:09,527.2
2022-03-30 18:16:14,527.36
2022-03-30 18:16:19,527.49
2022-03-30 18:16:24,539.7580152133094
2022-03-30 18:16:29,539.7447205094884
2022-03-30 18:16:34,539.7314258056674
2022-03-30 18:16:39,528.04
2022-03-30 18:16:44,528.17
2022-03-30 18:16:49,528.33
2022-03-30 18:16:54,528.46
2022-03-30 18:16:59,528.62
2022-03-30 18:17:04,528.78
2022-03-30 18:17:09,528.97
2022-03-30 18:17:14,529.07
2022-03-30 18:17:19,539.6117734712792
2022-03-30 18:17:24,529.36
2022-03-30 18:17:29,529.59
2022-03-30 18:17:34,539.5718893598164
2022-03-30 18:17:39,529.88
2022-03-30 18:17:44,539.5452999521746
2022-03-30 18:17:49,539.5320052483537
2022-03-30 18:17:54,530.39
2022-03-30 18:17:59,539.5054158407119
2022-03-30 18:18:04,539.4921211368909
2022-03-30 18:18:09,530.91
2022-03-30 18:18:14,539.465531729249
2022-03-30 18:18:19,539.4522370254281
2022-03-30 18:18:24,531.36
2022-03-30 18:18:29,539.4256476177864
2022-03-30 18:18:34,531.72
2022-03-30 18:18:39,531.94
2022-03-30 18:18:44,532.13
2022-03-30 18:18:49,532.29
2022-03-30 18:18:54,532.46
2022-03-30 18:18:59,532.65
2022-03-30 18:19:04,532.74
2022-03-30 18:19:09,532.97
2022-03-30 18:19:14,539.305995283398
2022-03-30 18:19:19,533.33
2022-03-30 18:19:24,533.42
2022-03-30 18:19:29,533.61
2022-03-30 18:19:34,533.77
2022-03-30 18:19:39,533.93
2022-03-30 18:19:44,534.06
2022-03-30 18:19:49,534.19
2022-03-30 18:19:54,539.5927606489925
2022-03-30 18:19:59,534.51
2022-03-30 18:20:04,539.6964051804354
2022-03-30 18:20:09,534.8
2022-03-30 18:20:14,534.93
2022-03-30 18:20:19,539.8518719776001
2022-03-30 18:20:24,539.9036942433219
2022-03-30 18:20:29,535.25
2022-03-30 18:20:34,535.38
2022-03-30 18:20:39,535.45
2022-03-30 18:20:44,540.1109833062078
2022-03-30 18:20:49,535.61
2022-03-30 18:20:54,535.73
2022-03-30 18:20:59,535.83
2022-03-30 18:21:04,535.83
2022-03-30 18:21:09,535.96
2022-03-30 18:21:14,535.99
2022-03-30 18:21:19,536.06
2022-03-30 18:21:24,536.19
2022-03-30 18:21:29,536.19
2022-03-30 18:21:34,536.25
2022-03-30 18:21:39,536.25
2022-03-30 18:21:44,536.25
2022-03-30 18:21:49,536.28
2022-03-30 18:21:54,536.25
2022-03-30 18:21:59,540.8883172920313
2022-03-30 18:22:04,540.940139557753
2022-03-30 18:22:09,536.25
2022-03-30 18:22:14,541.043784089196
2022-03-30 18:22:19,536.19
2022-03-30 18:22:24,536.19
2022-03-30 18:22:29,541.1992508863607
2022-03-30 18:22:34,536.06
2022-03-30 18:22:39,541.3028954178042
2022-03-30 18:22:44,541.3547176835255
2022-03-30 18:22:49,535.96
2022-03-30 18:22:54,541.4583622149689
2022-03-30 18:22:59,535.84
2022-03-30 18:23:04,535.77
2022-03-30 18:23:09,541.6138290121336
2022-03-30 18:23:14,535.68
2022-03-30 18:23:19,535.55
2022-03-30 18:23:24,535.48
2022-03-30 18:23:29,541.8211180750201
2022-03-30 18:23:34,535.39
2022-03-30 18:23:39,535.33
2022-03-30 18:23:44,541.9765848721847
2022-03-30 18:23:49,535.16
2022-03-30 18:23:54,542.0802294036278
2022-03-30 18:23:59,534.94
2022-03-30 18:24:04,534.81
2022-03-30 18:24:09,534.75
2022-03-30 18:24:14,534.65
2022-03-30 18:24:19,534.59
2022-03-30 18:24:24,534.53
2022-03-30 18:24:29,534.43
2022-03-30 18:24:34,534.36
2022-03-30 18:24:39,534.21
2022-03-30 18:24:44,534.14
2022-03-30 18:24:49,534.01
2022-03-30 18:24:54,533.95
2022-03-30 18:24:59,542.7539188580083
2022-03-30 18:25:04,542.8057411237295
2022-03-30 18:25:09,533.72
2022-03-30 18:25:14,542.909385655173
2022-03-30 18:25:19,533.56
2022-03-30 18:25:24,533.43
2022-03-30 18:25:29,543.0648524523377
2022-03-30 18:25:34,543.1166747180589
2022-03-30 18:25:39,533.18
2022-03-30 18:25:44,543.2203192495024
2022-03-30 18:25:49,532.99
2022-03-30 18:25:54,532.89
2022-03-30 18:25:59,532.83
2022-03-30 18:26:04,532.69
2022-03-30 18:26:09,543.47943057811
2022-03-30 18:26:14,532.47
2022-03-30 18:26:19,532.41
2022-03-30 18:26:24,543.6348973752748
2022-03-30 18:26:29,543.6867196409966
2022-03-30 18:26:34,543.7385419067177
2022-03-30 18:26:39,532.02
2022-03-30 18:26:44,543.8421864381612
2022-03-30 18:26:49,543.8940087038825
2022-03-30 18:26:54,543.9458309696042
2022-03-30 18:26:59,531.63
2022-03-30 18:27:04,544.0494755010471
2022-03-30 18:27:09,531.44
2022-03-30 18:27:14,531.38
2022-03-30 18:27:19,531.28
2022-03-30 18:27:24,531.15
2022-03-30 18:27:29,531.05
2022-03-30 18:27:34,544.3604090953771
2022-03-30 18:27:39,544.4122313610983
2022-03-30 18:27:44,544.46405362682
2022-03-30 18:27:49,530.7
2022-03-30 18:27:54,544.567698158263
2022-03-30 18:27:59,530.48
2022-03-30 18:28:04,530.41
2022-03-30 18:28:09,544.7231649554277
2022-03-30 18:28:14,544.7749872211494
2022-03-30 18:28:19,530.09
2022-03-30 18:28:24,529.96
2022-03-30 18:28:29,544.9304540183142
2022-03-30 18:28:34,529.8
2022-03-30 18:28:39,529.67
2022-03-30 18:28:44,529.57
2022-03-30 18:28:49,529.44
2022-03-30 18:28:54,529.32
2022-03-30 18:28:59,529.22
2022-03-30 18:29:04,545.2932098783654
2022-03-30 18:29:09,528.99
2022-03-30 18:29:14,545.3968544098083
2022-03-30 18:29:19,528.76
2022-03-30 18:29:24,528.64
2022-03-30 18:29:29,545.552321206973
2022-03-30 18:29:34,528.48
2022-03-30 18:29:39,545.655965738416
2022-03-30 18:29:44,545.7077880041377
2022-03-30 18:29:49,528.12
2022-03-30 18:29:54,528.05
2022-03-30 18:29:59,545.8632548013024
2022-03-30 18:30:04,527.89
2022-03-30 18:30:09,527.77
2022-03-30 18:30:14,527.73
2022-03-30 18:30:19,546.0705438641888
2022-03-30 18:30:24,527.54
2022-03-30 18:30:29,546.1741883956319
2022-03-30 18:30:34,527.51
2022-03-30 18:30:39,546.2778329270748
2022-03-30 18:30:44,527.38
2022-03-30 18:30:49,527.38
2022-03-30 18:30:54,527.31
2022-03-30 18:30:59,527.32
2022-03-30 18:31:04,527.32
2022-03-30 18:31:09,546.5887665214042
2022-03-30 18:31:14,546.6405887871259
2022-03-30 18:31:19,546.6924110528477
2022-03-30 18:31:24,546.744233318569
2022-03-30 18:31:29,546.7960555842907
2022-03-30 18:31:34,527.16
2022-03-30 18:31:39,527.09
2022-03-30 18:31:44,527.09
2022-03-30 18:31:49,527.09
2022-03-30 18:31:54,527.16
2022-03-30 18:31:59,527.09
2022-03-30 18:32:04,527.09
2022-03-30 18:32:09,527.03
2022-03-30 18:32:14,527.03
2022-03-30 18:32:19,527.09
2022-03-30 18:32:24,527.1
2022-03-30 18:32:29,547.4179227729495
2022-03-30 18:32:34,547.4697450386712
2022-03-30 18:32:39,527.16
2022-03-30 18:32:44,527.16
2022-03-30 18:32:49,527.23
2022-03-30 18:32:54,527.23
2022-03-30 18:32:59,527.26
2022-03-30 18:33:04,547.7806786330007
2022-03-30 18:33:09,527.32
2022-03-30 18:33:14,527.39
2022-03-30 18:33:19,547.9361454301653
2022-03-30 18:33:24,527.45
2022-03-30 18:33:29,527.55
2022-03-30 18:33:34,527.55
2022-03-30 18:33:39,547.9007265871782
2022-03-30 18:33:44,527.68
2022-03-30 18:33:49,527.78
2022-03-30 18:33:54,527.91
2022-03-30 18:33:59,527.97
2022-03-30 18:34:04,547.5464663040107
2022-03-30 18:34:09,528.13
2022-03-30 18:34:14,528.26
2022-03-30 18:34:19,528.29
2022-03-30 18:34:24,528.43
2022-03-30 18:34:29,528.49
2022-03-30 18:34:34,528.59
2022-03-30 18:34:39,547.0505019075757
2022-03-30 18:34:44,528.81
2022-03-30 18:34:49,528.94
2022-03-30 18:34:54,529.01
2022-03-30 18:34:59,529.1
2022-03-30 18:35:04,529.3
2022-03-30 18:35:09,529.39
2022-03-30 18:35:14,529.46
2022-03-30 18:35:19,529.59
2022-03-30 18:35:24,529.68
2022-03-30 18:35:29,546.3419813412409
2022-03-30 18:35:34,529.91
2022-03-30 18:35:39,546.2002772279733
2022-03-30 18:35:44,546.1294251713402
2022-03-30 18:35:49,530.33
2022-03-30 18:35:54,530.36
2022-03-30 18:35:59,530.55
2022-03-30 18:36:04,530.62
2022-03-30 18:36:09,530.78
2022-03-30 18:36:14,530.87
2022-03-30 18:36:19,531.0
2022-03-30 18:36:24,531.17
2022-03-30 18:36:29,545.4917566616377
2022-03-30 18:36:34,531.39
2022-03-30 18:36:39,531.58
2022-03-30 18:36:44,531.74
2022-03-30 18:36:49,531.87
2022-03-30 18:36:54,532.03
2022-03-30 18:36:59,532.16
2022-03-30 18:37:04,544.9957922652035
2022-03-30 18:37:09,532.49
2022-03-30 18:37:14,544.854088151936
2022-03-30 18:37:19,532.84
2022-03-30 18:37:24,532.93
2022-03-30 18:37:29,533.13
2022-03-30 18:37:34,533.22
2022-03-30 18:37:39,533.42
2022-03-30 18:37:44,533.58
2022-03-30 18:37:49,544.3581237555018
2022-03-30 18:37:54,544.2872716988679
2022-03-30 18:37:59,544.2164196422342
2022-03-30 18:38:04,544.1455675856012
2022-03-30 18:38:09,544.0747155289673
2022-03-30 18:38:14,544.0038634723336
2022-03-30 18:38:19,534.6
2022-03-30 18:38:24,534.76
2022-03-30 18:38:29,543.791307302433
2022-03-30 18:38:34,535.05
2022-03-30 18:38:39,535.18
2022-03-30 18:38:44,543.5787511325324
2022-03-30 18:38:49,535.47
2022-03-30 18:38:54,535.63
2022-03-30 18:38:59,535.76
2022-03-30 18:39:04,535.86
2022-03-30 18:39:09,535.98
2022-03-30 18:39:14,536.08
2022-03-30 18:39:19,536.28
2022-03-30 18:39:24,536.37
2022-03-30 18:39:29,542.9410826228307
2022-03-30 18:39:34,536.5
2022-03-30 18:39:39,542.7993785095638
2022-03-30 18:39:44,536.73
2022-03-30 18:39:49,536.82
2022-03-30 18:39:54,542.5868223396632
2022-03-30 18:39:59,537.02
2022-03-30 18:40:04,537.05
2022-03-30 18:40:09,537.18
2022-03-30 18:40:14,542.3034141131288
2022-03-30 18:40:19,537.31
2022-03-30 18:40:24,537.34
2022-03-30 18:40:29,542.0908579432282
2022-03-30 18:40:34,537.53
2022-03-30 18:40:39,541.9491538299613
2022-03-30 18:40:44,537.56
2022-03-30 18:40:49,537.63
2022-03-30 18:40:54,537.63
2022-03-30 18:40:59,537.76
2022-03-30 18:41:04,537.76
2022-03-30 18:41:09,537.82
2022-03-30 18:41:14,537.86
2022-03-30 18:41:19,537.86
2022-03-30 18:41:24,541.3114853202596
2022-03-30 18:41:29,537.92
2022-03-30 18:41:34,541.1697812069921
2022-03-30 18:41:39,537.99
2022-03-30 18:41:44,538.05
2022-03-30 18:41:49,538.05
2022-03-30 18:41:54,540.8863729804584
2022-03-30 18:41:59,540.8155209238247
2022-03-30 18:42:04,538.09
2022-03-30 18:42:09,538.09
2022-03-30 18:42:14,538.09
2022-03-30 18:42:19,540.5321126972902
2022-03-30 18:42:24,538.09
2022-03-30 18:42:29,538.06
2022-03-30 18:42:34,540.3195565273898
2022-03-30 18:42:39,538.06
2022-03-30 18:42:44,538.06
2022-03-30 18:42:49,538.0
2022-03-30 18:42:54,538.0
2022-03-30 18:42:59,539.9652962442223
2022-03-30 18:43:04,539.8944441875885
2022-03-30 18:43:09,539.8235921309554
2022-03-30 18:43:14,537.93
2022-03-30 18:43:19,537.87
2022-03-30 18:43:24,537.87
2022-03-30 18:43:29,537.84
2022-03-30 18:43:34,539.4693318477873
2022-03-30 18:43:39,537.84
2022-03-30 18:43:44,537.84
2022-03-30 18:43:49,537.84
2022-03-30 18:43:54,537.77
2022-03-30 18:43:59,537.71
2022-03-30 18:44:04,539.0442195079861
2022-03-30 18:44:09,537.64
2022-03-30 18:44:14,537.58
2022-03-30 18:44:19,537.58
2022-03-30 18:44:24,537.55
2022-03-30 18:44:29,537.49
2022-03-30 18:44:34,537.49
2022-03-30 18:44:39,538.5482551115518
2022-03-30 18:44:44,538.4774030549181
2022-03-30 18:44:49,537.36
2022-03-30 18:44:54,538.3356989416505
2022-03-30 18:44:59,537.26
2022-03-30 18:45:04,537.26
2022-03-30 18:45:09,538.1231427717499
2022-03-30 18:45:14,537.13
2022-03-30 18:45:19,537.07
2022-03-30 18:45:24,537.04
2022-03-30 18:45:29,537.04
2022-03-30 18:45:34,536.97
2022-03-30 18:45:39,536.9
2022-03-30 18:45:44,536.84
2022-03-30 18:45:49,536.84
2022-03-30 18:45:54,537.4854742620482
2022-03-30 18:45:59,537.4146222054151
2022-03-30 18:46:04,536.68
2022-03-30 18:46:09,537.2729180921476
2022-03-30 18:46:14,536.55
2022-03-30 18:46:19,536.52
2022-03-30 18:46:24,537.060361922247
2022-03-30 18:46:29,536.39
2022-03-30 18:46:34,536.9186578089801
2022-03-30 18:46:39,536.29
2022-03-30 18:46:44,536.7769536957134
2022-03-30 18:46:49,536.17
2022-03-30 18:46:54,536.1
2022-03-30 18:46:59,536.5643975258128
2022-03-30 18:47:04,536.4935454691789
2022-03-30 18:47:09,535.94
2022-03-30 18:47:14,536.3518413559121
2022-03-30 18:47:19,535.81
2022-03-30 18:47:24,535.77
2022-03-30 18:47:29,535.71
2022-03-30 18:47:34,535.58
2022-03-30 18:47:39,535.48
2022-03-30 18:47:44,535.48
2022-03-30 18:47:49,536.152974670691
2022-03-30 18:47:54,535.29
2022-03-30 18:47:59,535.19
2022-03-30 18:48:04,535.13
2022-03-30 18:48:09,536.2765823434329
2022-03-30 18:48:14,534.97
2022-03-30 18:48:19,534.84
2022-03-30 18:48:24,534.77
2022-03-30 18:48:29,534.68
2022-03-30 18:48:34,536.43109193436
2022-03-30 18:48:39,536.4619938525456
2022-03-30 18:48:44,536.4928957707308
2022-03-30 18:48:49,534.32
2022-03-30 18:48:54,536.5546996071018
2022-03-30 18:48:59,536.5856015252871
2022-03-30 18:49:04,534.16
2022-03-30 18:49:09,536.6474053616581
2022-03-30 18:49:14,533.94
2022-03-30 18:49:19,533.87
2022-03-30 18:49:24,536.7401111162144
2022-03-30 18:49:29,533.65
2022-03-30 18:49:34,533.52
2022-03-30 18:49:39,533.46
2022-03-30 18:49:44,533.36
2022-03-30 18:49:49,533.3
2022-03-30 18:49:54,533.2
2022-03-30 18:49:59,533.14
2022-03-30 18:50:04,533.01
2022-03-30 18:50:09,532.95
2022-03-30 18:50:14,532.85
2022-03-30 18:50:19,532.72
2022-03-30 18:50:24,532.69
2022-03-30 18:50:29,532.49
2022-03-30 18:50:34,537.1727379708104
2022-03-30 18:50:39,537.203639888996
2022-03-30 18:50:44,532.34
2022-03-30 18:50:49,532.21
2022-03-30 18:50:54,532.21
2022-03-30 18:50:59,532.11
2022-03-30 18:51:04,531.98
2022-03-30 18:51:09,537.3890513981086
2022-03-30 18:51:14,537.4199533162941
2022-03-30 18:51:19,537.4508552344794
2022-03-30 18:51:24,537.4817571526648
2022-03-30 18:51:29,531.69
2022-03-30 18:51:34,531.66
2022-03-30 18:51:39,537.5744629072212
2022-03-30 18:51:44,531.53
2022-03-30 18:51:49,531.53
2022-03-30 18:51:54,537.6671686617775
2022-03-30 18:51:59,531.37
2022-03-30 18:52:04,531.31
2022-03-30 18:52:09,531.31
2022-03-30 18:52:14,531.25
2022-03-30 18:52:19,537.8216782527046
2022-03-30 18:52:24,531.18
2022-03-30 18:52:29,531.09
2022-03-30 18:52:34,531.09
2022-03-30 18:52:39,537.9452859254463
2022-03-30 18:52:44,530.96
2022-03-30 18:52:49,530.96
2022-03-30 18:52:54,530.89
2022-03-30 18:52:59,530.96
2022-03-30 18:53:04,530.89
2022-03-30 18:53:09,530.9
2022-03-30 18:53:14,530.86
2022-03-30 18:53:19,538.1925012709298
2022-03-30 18:53:24,530.86
2022-03-30 18:53:29,530.86
2022-03-30 18:53:34,530.86
2022-03-30 18:53:39,530.86
2022-03-30 18:53:44,530.86
2022-03-30 18:53:49,530.86
2022-03-30 18:53:54,538.408814698228
2022-03-30 18:53:59,530.86
2022-03-30 18:54:04,530.87
2022-03-30 18:54:09,530.9
2022-03-30 18:54:14,530.9
2022-03-30 18:54:19,538.5633242891553
2022-03-30 18:54:24,530.9
2022-03-30 18:54:29,530.9
2022-03-30 18:54:34,530.96
2022-03-30 18:54:39,538.6869319618968
2022-03-30 18:54:44,530.96
2022-03-30 18:54:49,530.96
2022-03-30 18:54:54,531.09
2022-03-30 18:54:59,531.02
2022-03-30 18:55:04,531.02
2022-03-30 18:55:09,531.09
2022-03-30 18:55:14,531.15
2022-03-30 18:55:19,538.9341473073805
2022-03-30 18:55:24,531.15
2022-03-30 18:55:29,538.9959511437513
2022-03-30 18:55:34,531.15
2022-03-30 18:55:39,531.18
2022-03-30 18:55:44,539.0886568983076
2022-03-30 18:55:49,531.25
2022-03-30 18:55:54,531.18
2022-03-30 18:55:59,531.25
2022-03-30 18:56:04,539.2122645710494
2022-03-30 18:56:09,531.25
2022-03-30 18:56:14,539.2740684074201
2022-03-30 18:56:19,531.18
2022-03-30 18:56:24,539.335872243791
2022-03-30 18:56:29,531.24
2022-03-30 18:56:34,539.397676080162
2022-03-30 18:56:39,539.4285779983472
2022-03-30 18:56:44,531.24
2022-03-30 18:56:49,531.24
2022-03-30 18:56:54,531.24
2022-03-30 18:56:59,539.5521856710891
2022-03-30 18:57:04,539.5830875892747
2022-03-30 18:57:09,531.24
2022-03-30 18:57:14,531.3
2022-03-30 18:57:19,539.675793343831
2022-03-30 18:57:24,539.7066952620162
2022-03-30 18:57:29,531.31
2022-03-30 18:57:34,531.31
2022-03-30 18:57:39,539.7994010165725
2022-03-30 18:57:44,531.31
2022-03-30 18:57:49,531.31
2022-03-30 18:57:54,531.37
2022-03-30 18:57:59,531.37
2022-03-30 18:58:04,531.37
2022-03-30 18:58:09,539.9848125256854
2022-03-30 18:58:14,531.37
2022-03-30 18:58:19,531.37
2022-03-30 18:58:24,531.37
2022-03-30 18:58:29,531.37
2022-03-30 18:58:34,540.1393221166124
2022-03-30 18:58:39,531.4
2022-03-30 18:58:44,531.41
2022-03-30 18:58:49,531.41
2022-03-30 18:58:54,531.37
2022-03-30 18:58:59,531.41
2022-03-30 18:59:04,540.3247336257251
2022-03-30 18:59:09,531.41
2022-03-30 18:59:14,531.41
2022-03-30 18:59:19,531.47
2022-03-30 18:59:24,540.4483412984669
2022-03-30 18:59:29,540.4792432166521
2022-03-30 18:59:34,531.54
2022-03-30 18:59:39,531.54
2022-03-30 18:59:44,540.5719489712085
2022-03-30 18:59:49,531.54
2022-03-30 18:59:54,531.61
2022-03-30 18:59:59,531.67
2022-03-30 19:00:04,540.6955566439503
2022-03-30 19:00:09,531.67
2022-03-30 19:00:14,540.757360480321
2022-03-30 19:00:19,531.7
2022-03-30 19:00:24,540.8191643166921
2022-03-30 19:00:29,531.77
2022-03-30 19:00:34,531.83
2022-03-30 19:00:39,531.83
2022-03-30 19:00:44,531.83
2022-03-30 19:00:49,531.9
2022-03-30 19:00:54,541.0045758258047
2022-03-30 19:00:59,531.93
2022-03-30 19:01:04,531.93
2022-03-30 19:01:09,541.097281580361
2022-03-30 19:01:14,541.1281834985463
2022-03-30 19:01:19,532.06
2022-03-30 19:01:24,541.1899873349173
2022-03-30 19:01:29,532.06
2022-03-30 19:01:34,532.06
2022-03-30 19:01:39,532.06
2022-03-30 19:01:44,532.13
2022-03-30 19:01:49,532.12
2022-03-30 19:01:54,532.12
2022-03-30 19:01:59,532.12
2022-03-30 19:02:04,532.19
2022-03-30 19:02:09,541.2916110500468
2022-03-30 19:02:14,532.19
2022-03-30 19:02:19,532.19
2022-03-30 19:02:24,541.2939780366863
2022-03-30 19:02:29,541.2947670322328
2022-03-30 19:02:34,532.22
2022-03-30 19:02:39,532.22
2022-03-30 19:02:44,532.22
2022-03-30 19:02:49,532.29
2022-03-30 19:02:54,532.29
2022-03-30 19:02:59,532.29
2022-03-30 19:03:04,532.29
2022-03-30 19:03:09,532.29
2022-03-30 19:03:14,532.22
2022-03-30 19:03:19,532.29
2022-03-30 19:03:24,532.28
2022-03-30 19:03:29,541.304234978791
2022-03-30 19:03:34,541.3050239743375
2022-03-30 19:03:39,532.35
2022-03-30 19:03:44,541.3066019654306
2022-03-30 19:03:49,532.29
2022-03-30 19:03:54,541.3081799565235
2022-03-30 19:03:59,532.35
2022-03-30 19:04:04,532.41
2022-03-30 19:04:09,532.41
2022-03-30 19:04:14,532.41
2022-03-30 19:04:19,541.3121249342561
2022-03-30 19:04:24,541.3129139298026
2022-03-30 19:04:29,541.3137029253492
2022-03-30 19:04:34,532.45
2022-03-30 19:04:39,532.41
2022-03-30 19:04:44,541.3160699119886
2022-03-30 19:04:49,532.45
2022-03-30 19:04:54,532.45
2022-03-30 19:04:59,532.41
2022-03-30 19:05:04,532.41
2022-03-30 19:05:09,541.3200148897212
2022-03-30 19:05:14,532.41
2022-03-30 19:05:19,532.34
2022-03-30 19:05:24,532.28
2022-03-30 19:05:29,532.28
2022-03-30 19:05:34,532.28
2022-03-30 19:05:39,532.28
2022-03-30 19:05:44,532.21
2022-03-30 19:05:49,541.3263268540933
2022-03-30 19:05:54,541.3271158496398
2022-03-30 19:05:59,532.21
2022-03-30 19:06:04,532.27
2022-03-30 19:06:09,532.28
2022-03-30 19:06:14,532.21
2022-03-30 19:06:19,532.21
2022-03-30 19:06:24,541.3318498229189
2022-03-30 19:06:29,532.18
2022-03-30 19:06:34,532.18
2022-03-30 19:06:39,532.12
2022-03-30 19:06:44,532.18
2022-03-30 19:06:49,532.18
2022-03-30 19:06:54,532.12
2022-03-30 19:06:59,541.3373727917444
2022-03-30 19:07:04,532.05
2022-03-30 19:07:09,532.05
2022-03-30 19:07:14,541.339739778384
2022-03-30 19:07:19,532.05
2022-03-30 19:07:24,531.99
2022-03-30 19:07:29,541.3421067650236
2022-03-30 19:07:34,541.3428957605701
2022-03-30 19:07:39,541.3436847561165
2022-03-30 19:07:44,531.99
2022-03-30 19:07:49,531.99
2022-03-30 19:07:54,531.99
2022-03-30 19:07:59,531.99
2022-03-30 19:08:04,541.3476297338491
2022-03-30 19:08:09,531.99
2022-03-30 19:08:14,531.99
2022-03-30 19:08:19,531.99
2022-03-30 19:08:24,541.3507857160351
2022-03-30 19:08:29,531.99
2022-03-30 19:08:34,531.93
2022-03-30 19:08:39,541.3531527026747
2022-03-30 19:08:44,532.06
2022-03-30 19:08:49,531.99
2022-03-30 19:08:54,541.3555196893142
2022-03-30 19:08:59,532.06
2022-03-30 19:09:04,541.3570976804073
2022-03-30 19:09:09,532.0
2022-03-30 19:09:14,532.0
2022-03-30 19:09:19,541.3594646670467
2022-03-30 19:09:24,532.06
2022-03-30 19:09:29,532.07
2022-03-30 19:09:34,532.13
2022-03-30 19:09:39,532.13
2022-03-30 19:09:44,532.07
2022-03-30 19:09:49,532.13
2022-03-30 19:09:54,532.13
2022-03-30 19:09:59,541.3657766314188
2022-03-30 19:10:04,532.2
2022-03-30 19:10:09,532.19
2022-03-30 19:10:14,532.23
2022-03-30 19:10:19,532.19
2022-03-30 19:10:24,532.23
2022-03-30 19:10:29,532.23
2022-03-30 19:10:34,541.3712996002445
2022-03-30 19:10:39,541.372088595791
2022-03-30 19:10:44,532.29
2022-03-30 19:10:49,532.29
2022-03-30 19:10:54,532.29
2022-03-30 19:10:59,532.29
2022-03-30 19:11:04,541.3760335735235
2022-03-30 19:11:09,532.36
2022-03-30 19:11:14,532.36
2022-03-30 19:11:19,541.3784005601631
2022-03-30 19:11:24,532.43
2022-03-30 19:11:29,532.42
2022-03-30 19:11:34,541.3807675468025
2022-03-30 19:11:39,532.46
2022-03-30 19:11:44,532.45
2022-03-30 19:11:49,532.46
2022-03-30 19:11:54,532.52
2022-03-30 19:11:59,532.52
2022-03-30 19:12:04,541.3855015200817
2022-03-30 19:12:09,541.3862905156282
2022-03-30 19:12:14,532.58
2022-03-30 19:12:19,541.3878685067211
2022-03-30 19:12:24,532.58
2022-03-30 19:12:29,532.52
2022-03-30 19:12:34,532.58
2022-03-30 19:12:39,532.58
2022-03-30 19:12:44,532.58
2022-03-30 19:12:49,532.58
2022-03-30 19:12:54,541.3933914755468
2022-03-30 19:12:59,532.58
2022-03-30 19:13:04,532.52
2022-03-30 19:13:09,532.52
2022-03-30 19:13:14,532.58
2022-03-30 19:13:19,541.3973364532793
2022-03-30 19:13:24,532.52
2022-03-30 19:13:29,541.3989144443724
2022-03-30 19:13:34,541.3997034399189
2022-03-30 19:13:39,532.52
2022-03-30 19:13:44,532.52
2022-03-30 19:13:49,532.51
2022-03-30 19:13:54,532.51
2022-03-30 19:13:59,532.51
2022-03-30 19:14:04,532.51
2022-03-30 19:14:09,541.4052264087444
2022-03-30 19:14:14,532.51
2022-03-30 19:14:19,532.45
2022-03-30 19:14:24,541.407593395384
2022-03-30 19:14:29,532.41
2022-03-30 19:14:34,532.41
2022-03-30 19:14:39,532.41
2022-03-30 19:14:44,532.35
2022-03-30 19:14:49,541.4115383731165
2022-03-30 19:14:54,532.22
2022-03-30 19:14:59,541.4131163642096
2022-03-30 19:15:04,541.4139053597561
2022-03-30 19:15:09,532.19
2022-03-30 19:15:14,541.4154833508491
2022-03-30 19:15:19,532.06
2022-03-30 19:15:24,531.93
2022-03-30 19:15:29,531.93
2022-03-30 19:15:34,531.9
2022-03-30 19:15:39,541.4194283285816
2022-03-30 19:15:44,531.77
2022-03-30 19:15:49,531.78
2022-03-30 19:15:54,541.4037073595005
2022-03-30 19:15:59,531.68
2022-03-30 19:16:04,541.3852138079807
2022-03-30 19:16:09,531.55
2022-03-30 19:16:14,531.42
2022-03-30 19:16:19,531.42
2022-03-30 19:16:24,531.39
2022-03-30 19:16:29,531.33
2022-03-30 19:16:34,531.26
2022-03-30 19:16:39,541.3204863776609
2022-03-30 19:16:44,541.3112396019009
2022-03-30 19:16:49,541.301992826141
2022-03-30 19:16:54,531.11
2022-03-30 19:16:59,531.04
2022-03-30 19:17:04,541.2742524988611
2022-03-30 19:17:09,541.2650057231011
2022-03-30 19:17:14,530.82
2022-03-30 19:17:19,530.76
2022-03-30 19:17:24,530.7
2022-03-30 19:17:29,530.66
2022-03-30 19:17:34,530.54
2022-03-30 19:17:39,530.54
2022-03-30 19:17:44,541.2002782927814
2022-03-30 19:17:49,530.41
2022-03-30 19:17:54,530.38
2022-03-30 19:17:59,530.32
2022-03-30 19:18:04,541.1632911897416
2022-03-30 19:18:09,530.25
2022-03-30 19:18:14,530.19
2022-03-30 19:18:19,530.19
2022-03-30 19:18:24,530.16
2022-03-30 19:18:29,530.1
2022-03-30 19:18:34,530.03
2022-03-30 19:18:39,530.1
2022-03-30 19:18:44,529.97
2022-03-30 19:18:49,541.080070207902
2022-03-30 19:18:54,529.91
2022-03-30 19:18:59,529.88
2022-03-30 19:19:04,529.82
2022-03-30 19:19:09,541.0430831048621
2022-03-30 19:19:14,529.75
2022-03-30 19:19:19,529.69
2022-03-30 19:19:24,541.0153427775823
2022-03-30 19:19:29,541.0060960018222
2022-03-30 19:19:34,529.59
2022-03-30 19:19:39,529.53
2022-03-30 19:19:44,540.9783556745424
2022-03-30 19:19:49,529.47
2022-03-30 19:19:54,529.47
2022-03-30 19:19:59,540.9506153472626
2022-03-30 19:20:04,529.37
2022-03-30 19:20:09,529.38
2022-03-30 19:20:14,529.31
2022-03-30 19:20:19,529.31
2022-03-30 19:20:24,529.31
2022-03-30 19:20:29,529.31
2022-03-30 19:20:34,529.31
2022-03-30 19:20:39,540.8766411411829
2022-03-30 19:20:44,540.8673943654229
2022-03-30 19:20:49,529.31
2022-03-30 19:20:54,529.25
2022-03-30 19:20:59,529.25
2022-03-30 19:21:04,529.25
2022-03-30 19:21:09,529.25
2022-03-30 19:21:14,529.26
2022-03-30 19:21:19,529.25
2022-03-30 19:21:24,529.32
2022-03-30 19:21:29,529.32
2022-03-30 19:21:34,529.32
2022-03-30 19:21:39,540.7656798320634
2022-03-30 19:21:44,540.7564330563034
2022-03-30 19:21:49,529.38
2022-03-30 19:21:54,529.42
2022-03-30 19:21:59,529.42
2022-03-30 19:22:04,529.41
2022-03-30 19:22:09,529.48
2022-03-30 19:22:14,529.48
2022-03-30 19:22:19,529.55
2022-03-30 19:22:24,540.6824588502237
2022-03-30 19:22:29,529.61
2022-03-30 19:22:34,529.67
2022-03-30 19:22:39,540.6547185229439
2022-03-30 19:22:44,540.6454717471839
2022-03-30 19:22:49,540.6362249714239
2022-03-30 19:22:54,529.77
2022-03-30 19:22:59,540.617731419904
2022-03-30 19:23:04,540.608484644144
2022-03-30 19:23:09,540.5992378683842
2022-03-30 19:23:14,540.5899910926241
2022-03-30 19:23:19,530.06
2022-03-30 19:23:24,530.13
2022-03-30 19:23:29,530.22
2022-03-30 19:23:34,530.22
2022-03-30 19:23:39,530.29
2022-03-30 19:23:44,530.41
2022-03-30 19:23:49,530.45
2022-03-30 19:23:54,530.45
2022-03-30 19:23:59,540.5067701107845
2022-03-30 19:24:04,530.71
2022-03-30 19:24:09,530.74
2022-03-30 19:24:14,530.8
2022-03-30 19:24:19,530.97
2022-03-30 19:24:24,540.4605362319846
2022-03-30 19:24:29,531.03
2022-03-30 19:24:34,531.16
2022-03-30 19:24:39,531.16
2022-03-30 19:24:44,540.423549128945
2022-03-30 19:24:49,540.4143023531849
2022-03-30 19:24:54,531.45
2022-03-30 19:24:59,531.55
2022-03-30 19:25:04,540.386562025905
2022-03-30 19:25:09,531.74
2022-03-30 19:25:14,531.74
2022-03-30 19:25:19,531.91
2022-03-30 19:25:24,540.3495749228651
2022-03-30 19:25:29,532.07
2022-03-30 19:25:34,540.3310813713452
2022-03-30 19:25:39,532.26
2022-03-30 19:25:44,532.42
2022-03-30 19:25:49,532.49
2022-03-30 19:25:54,532.59
2022-03-30 19:25:59,532.72
2022-03-30 19:26:04,532.78
2022-03-30 19:26:09,532.88
2022-03-30 19:26:14,533.01
2022-03-30 19:26:19,533.11
2022-03-30 19:26:24,533.24
2022-03-30 19:26:29,540.2293668379858
2022-03-30 19:26:34,533.33
2022-03-30 19:26:39,533.53
2022-03-30 19:26:44,540.2016265107059
2022-03-30 19:26:49,533.63
2022-03-30 19:26:54,540.183132959186
2022-03-30 19:26:59,533.82
2022-03-30 19:27:04,533.92
2022-03-30 19:27:09,540.155392631906
2022-03-30 19:27:14,534.08
2022-03-30 19:27:19,534.08
2022-03-30 19:27:24,534.21
2022-03-30 19:27:29,540.1184055288663
2022-03-30 19:27:34,534.37
2022-03-30 19:27:39,534.44
2022-03-30 19:27:44,534.57
2022-03-30 19:27:49,534.66
2022-03-30 19:27:54,534.73
2022-03-30 19:27:59,534.86
2022-03-30 19:28:04,540.0536780985466
2022-03-30 19:28:09,534.96
2022-03-30 19:28:14,535.09
2022-03-30 19:28:19,535.25
2022-03-30 19:28:24,535.31
2022-03-30 19:28:29,540.0074442197467
2022-03-30 19:28:34,535.47
2022-03-30 19:28:39,535.54
2022-03-30 19:28:44,539.9797038924668
2022-03-30 19:28:49,535.7
2022-03-30 19:28:54,539.961210340947
2022-03-30 19:28:59,539.9519635651869
2022-03-30 19:29:04,539.9427167894271
2022-03-30 19:29:09,539.933470013667
2022-03-30 19:29:14,536.12
2022-03-30 19:29:19,536.16
2022-03-30 19:29:24,539.9057296863872
2022-03-30 19:29:29,539.8964829106272
2022-03-30 19:29:34,539.8872361348673
2022-03-30 19:29:39,539.8779893591073
2022-03-30 19:29:44,539.8687425833473
2022-03-30 19:29:49,536.57
2022-03-30 19:29:54,536.67
2022-03-30 19:29:59,539.9063912903068
2022-03-30 19:30:04,536.8
2022-03-30 19:30:09,536.96
2022-03-30 19:30:14,539.9911553283339
2022-03-30 19:30:19,537.09
2022-03-30 19:30:24,540.0476646870185
2022-03-30 19:30:29,540.075919366361
2022-03-30 19:30:34,537.32
2022-03-30 19:30:39,537.45
2022-03-30 19:30:44,540.160683404388
2022-03-30 19:30:49,540.1889380837301
2022-03-30 19:30:54,537.61
2022-03-30 19:30:59,537.67
2022-03-30 19:31:04,540.2737021217572
2022-03-30 19:31:09,540.3019568010997
2022-03-30 19:31:14,537.83
2022-03-30 19:31:19,540.3584661597843
2022-03-30 19:31:24,537.96
2022-03-30 19:31:29,537.96
2022-03-30 19:31:34,538.06
2022-03-30 19:31:39,538.12
2022-03-30 19:31:44,540.4997395564963
2022-03-30 19:31:49,540.5279942358384
2022-03-30 19:31:54,538.28
2022-03-30 19:31:59,538.35
2022-03-30 19:32:04,538.35
2022-03-30 19:32:09,540.6410129532079
2022-03-30 19:32:14,538.48
2022-03-30 19:32:19,540.6975223118925
2022-03-30 19:32:24,538.57
2022-03-30 19:32:29,540.7540316705774
2022-03-30 19:32:34,538.57
2022-03-30 19:32:39,538.64
2022-03-30 19:32:44,538.64
2022-03-30 19:32:49,538.64
2022-03-30 19:32:54,540.8953050672891
2022-03-30 19:32:59,540.9235597466316
2022-03-30 19:33:04,538.7
2022-03-30 19:33:09,538.7
2022-03-30 19:33:14,538.73
2022-03-30 19:33:19,541.0365784640011
2022-03-30 19:33:24,538.74
2022-03-30 19:33:29,538.74
2022-03-30 19:33:34,538.8
2022-03-30 19:33:39,538.74
2022-03-30 19:33:44,538.8
2022-03-30 19:33:49,541.2061065400552
2022-03-30 19:33:54,538.8
2022-03-30 19:33:59,538.8
2022-03-30 19:34:04,541.2908705780823
2022-03-30 19:34:09,541.3191252574244
2022-03-30 19:34:14,538.81
2022-03-30 19:34:19,541.3756346161093
2022-03-30 19:34:24,538.81
2022-03-30 19:34:29,538.81
2022-03-30 19:34:34,541.4603986541364
2022-03-30 19:34:39,538.81
2022-03-30 19:34:44,538.81
2022-03-30 19:34:49,538.71
2022-03-30 19:34:54,538.75
2022-03-30 19:34:59,541.601672050848
2022-03-30 19:35:04,538.65
2022-03-30 19:35:09,538.65
2022-03-30 19:35:14,538.65
2022-03-30 19:35:19,538.59
2022-03-30 19:35:24,538.59
2022-03-30 19:35:29,541.7712001269022
2022-03-30 19:35:34,538.59
2022-03-30 19:35:39,538.53
2022-03-30 19:35:44,538.59
2022-03-30 19:35:49,538.53
2022-03-30 19:35:54,538.53
2022-03-30 19:35:59,541.9407282029563
2022-03-30 19:36:04,538.44
2022-03-30 19:36:09,538.44
2022-03-30 19:36:14,538.37
2022-03-30 19:36:19,542.0537469203258
2022-03-30 19:36:24,542.0820015996679
2022-03-30 19:36:29,538.31
2022-03-30 19:36:34,538.25
2022-03-30 19:36:39,538.25
2022-03-30 19:36:44,538.22
2022-03-30 19:36:49,542.2232749963799
2022-03-30 19:36:54,538.15
2022-03-30 19:36:59,542.2797843550645
2022-03-30 19:37:04,538.03
2022-03-30 19:37:09,538.03
2022-03-30 19:37:14,538.03
2022-03-30 19:37:19,538.03
2022-03-30 19:37:24,542.4210577517765
2022-03-30 19:37:29,537.93
2022-03-30 19:37:34,537.93
2022-03-30 19:37:39,542.5058217898036
2022-03-30 19:37:44,537.94
2022-03-30 19:37:49,537.87
2022-03-30 19:37:54,537.87
2022-03-30 19:37:59,537.81
2022-03-30 19:38:04,542.6470951865152
2022-03-30 19:38:09,537.81
2022-03-30 19:38:14,542.7036045451998
2022-03-30 19:38:19,537.75
2022-03-30 19:38:24,542.7601139038848
2022-03-30 19:38:29,537.65
2022-03-30 19:38:34,542.8166232625694
2022-03-30 19:38:39,542.8448779419118
2022-03-30 19:38:44,537.59
2022-03-30 19:38:49,537.59
2022-03-30 19:38:54,542.9296419799389
2022-03-30 19:38:59,542.957896659281
2022-03-30 19:39:04,537.49
2022-03-30 19:39:09,537.5
2022-03-30 19:39:14,537.43
2022-03-30 19:39:19,543.0709153766505
2022-03-30 19:39:24,543.099170055993
2022-03-30 19:39:29,537.37
2022-03-30 19:39:34,537.24
2022-03-30 19:39:39,537.24
2022-03-30 19:39:44,537.24
2022-03-30 19:39:49,543.2404434527047
2022-03-30 19:39:54,537.14
2022-03-30 19:39:59,543.2969528113892
2022-03-30 19:40:04,537.08
2022-03-30 19:40:09,537.01
2022-03-30 19:40:14,543.3817168494163
2022-03-30 19:40:19,543.4099715287588
2022-03-30 19:40:24,536.98
2022-03-30 19:40:29,536.92
2022-03-30 19:40:34,536.92
2022-03-30 19:40:39,536.86
2022-03-30 19:40:44,536.85
2022-03-30 19:40:49,536.79
2022-03-30 19:40:54,536.72
2022-03-30 19:40:59,536.69
2022-03-30 19:41:04,536.69
2022-03-30 19:41:09,536.63
2022-03-30 19:41:14,536.56
2022-03-30 19:41:19,536.56
2022-03-30 19:41:24,536.5
2022-03-30 19:41:29,536.5
2022-03-30 19:41:34,536.47
2022-03-30 19:41:39,543.8620463982365
2022-03-30 19:41:44,543.890301077579
2022-03-30 19:41:49,536.34
2022-03-30 19:41:54,536.27
2022-03-30 19:41:59,536.27
2022-03-30 19:42:04,544.0033197949482
2022-03-30 19:42:09,536.21
2022-03-30 19:42:14,544.0598291536331
2022-03-30 19:42:19,544.0880838329753
2022-03-30 19:42:24,544.1163385123177
2022-03-30 19:42:29,536.11
2022-03-30 19:42:34,536.05
2022-03-30 19:42:39,544.2011025503448
2022-03-30 19:42:44,536.05
2022-03-30 19:42:49,535.99
2022-03-30 19:42:54,535.99
2022-03-30 19:42:59,544.3141212677143
2022-03-30 19:43:04,544.3423759470564
2022-03-30 19:43:09,544.3706306263989
2022-03-30 19:43:14,544.3988853057414
2022-03-30 19:43:19,535.89
2022-03-30 19:43:24,535.89
2022-03-30 19:43:29,544.4836493437684
2022-03-30 19:43:34,544.5119040231106
2022-03-30 19:43:39,544.540158702453
2022-03-30 19:43:44,535.83
2022-03-30 19:43:49,544.5966680611376
2022-03-30 19:43:54,544.6249227404801
2022-03-30 19:43:59,535.77
2022-03-30 19:44:04,535.71
2022-03-30 19:44:09,544.6392925636383
2022-03-30 19:44:14,535.71
2022-03-30 19:44:19,535.68
2022-03-30 19:44:24,535.61
2022-03-30 19:44:29,535.61
2022-03-30 19:44:34,535.55
2022-03-30 19:44:39,535.55
2022-03-30 19:44:44,535.55
2022-03-30 19:44:49,544.655583970401
2022-03-30 19:44:54,535.49
2022-03-30 19:44:59,535.49
2022-03-30 19:45:04,535.46
2022-03-30 19:45:09,535.4
2022-03-30 19:45:14,535.4
2022-03-30 19:45:19,544.6678025254731
2022-03-30 19:45:24,544.6698389513185
2022-03-30 19:45:29,535.33
2022-03-30 19:45:34,535.27
2022-03-30 19:45:39,535.2
2022-03-30 19:45:44,544.6779846546999
2022-03-30 19:45:49,535.17
2022-03-30 19:45:54,535.11
2022-03-30 19:45:59,544.684093932236
2022-03-30 19:46:04,544.6861303580813
2022-03-30 19:46:09,534.98
2022-03-30 19:46:14,544.690203209772
2022-03-30 19:46:19,534.95
2022-03-30 19:46:24,534.89
2022-03-30 19:46:29,534.82
2022-03-30 19:46:34,534.76
2022-03-30 19:46:39,534.7
2022-03-30 19:46:44,534.7
2022-03-30 19:46:49,544.7044581906895
2022-03-30 19:46:54,534.53
2022-03-30 19:46:59,534.47
2022-03-30 19:47:04,534.47
2022-03-30 19:47:09,544.7126038940709
2022-03-30 19:47:14,534.31
2022-03-30 19:47:19,544.7166767457616
2022-03-30 19:47:24,534.18
2022-03-30 19:47:29,534.15
2022-03-30 19:47:34,544.7227860232977
2022-03-30 19:47:39,533.96
2022-03-30 19:47:44,533.96
2022-03-30 19:47:49,533.86
2022-03-30 19:47:54,544.730931726679
2022-03-30 19:47:59,533.74
2022-03-30 19:48:04,533.67
2022-03-30 19:48:09,533.64
2022-03-30 19:48:14,533.57
2022-03-30 19:48:19,533.51
2022-03-30 19:48:24,533.41
2022-03-30 19:48:29,533.35
2022-03-30 19:48:34,533.28
2022-03-30 19:48:39,533.22
2022-03-30 19:48:44,544.7512959851325
2022-03-30 19:48:49,533.06
2022-03-30 19:48:54,532.99
2022-03-30 19:48:59,532.9
2022-03-30 19:49:04,532.9
2022-03-30 19:49:09,532.77
2022-03-30 19:49:14,544.7635145402046
2022-03-30 19:49:19,532.61
2022-03-30 19:49:24,544.7675873918953
2022-03-30 19:49:29,532.54
2022-03-30 19:49:34,532.48
2022-03-30 19:49:39,532.38
2022-03-30 19:49:44,532.32
2022-03-30 19:49:49,544.7777695211221
2022-03-30 19:49:54,544.7798059469674
2022-03-30 19:49:59,544.7818423728128
2022-03-30 19:50:04,544.7838787986582
2022-03-30 19:50:09,544.7859152245035
2022-03-30 19:50:14,544.7879516503489
2022-03-30 19:50:19,531.96
2022-03-30 19:50:24,531.9
2022-03-30 19:50:29,544.7940609278849
2022-03-30 19:50:34,531.8
2022-03-30 19:50:39,544.7981337795756
2022-03-30 19:50:44,531.8
2022-03-30 19:50:49,531.74
2022-03-30 19:50:54,531.74
2022-03-30 19:50:59,531.67
2022-03-30 19:51:04,531.61
2022-03-30 19:51:09,531.61
2022-03-30 19:51:14,544.812388760493
2022-03-30 19:51:19,531.58
2022-03-30 19:51:24,544.8164616121837
2022-03-30 19:51:29,531.45
2022-03-30 19:51:34,544.8205344638744
2022-03-30 19:51:39,531.45
2022-03-30 19:51:44,531.38
2022-03-30 19:51:49,544.8266437414105
2022-03-30 19:51:54,531.35
2022-03-30 19:51:59,531.38
2022-03-30 19:52:04,531.35
2022-03-30 19:52:09,531.35
2022-03-30 19:52:14,531.35
2022-03-30 19:52:19,531.35
2022-03-30 19:52:24,544.8408987223279
2022-03-30 19:52:29,531.39
2022-03-30 19:52:34,544.8449715740187
2022-03-30 19:52:39,531.39
2022-03-30 19:52:44,544.8490444257093
2022-03-30 19:52:49,531.46
2022-03-30 19:52:54,544.8531172774001
2022-03-30 19:52:59,531.52
2022-03-30 19:53:04,544.8571901290908
2022-03-30 19:53:09,531.59
2022-03-30 19:53:14,544.8612629807815
2022-03-30 19:53:19,531.59
2022-03-30 19:53:24,531.62
2022-03-30 19:53:29,531.69
2022-03-30 19:53:34,531.75
2022-03-30 19:53:39,531.82
2022-03-30 19:53:44,544.8734815358536
2022-03-30 19:53:49,531.88
2022-03-30 19:53:54,544.8775543875443
2022-03-30 19:53:59,531.98
2022-03-30 19:54:04,532.04
2022-03-30 19:54:09,532.04
2022-03-30 19:54:14,532.11
2022-03-30 19:54:19,532.11
2022-03-30 19:54:24,532.14
2022-03-30 19:54:29,532.21
2022-03-30 19:54:34,544.893845794307
2022-03-30 19:54:39,532.34
2022-03-30 19:54:44,544.8979186459977
2022-03-30 19:54:49,532.4
2022-03-30 19:54:54,532.44
2022-03-30 19:54:59,544.9040279235338
2022-03-30 19:55:04,532.57
2022-03-30 19:55:09,544.9081007752245
2022-03-30 19:55:14,532.66
2022-03-30 19:55:19,532.73
2022-03-30 19:55:24,544.9142100527606
2022-03-30 19:55:29,532.86
2022-03-30 19:55:34,532.92
2022-03-30 19:55:39,532.95
2022-03-30 19:55:44,544.922355756142
2022-03-30 19:55:49,533.08
2022-03-30 19:55:54,533.15
2022-03-30 19:55:59,544.928465033678
2022-03-30 19:56:04,533.24
2022-03-30 19:56:09,533.37
2022-03-30 19:56:14,533.44
2022-03-30 19:56:19,544.9366107370594
2022-03-30 19:56:24,544.9386471629048
2022-03-30 19:56:29,533.66
2022-03-30 19:56:34,544.9427200145955
2022-03-30 19:56:39,533.76
2022-03-30 19:56:44,533.89
2022-03-30 19:56:49,533.99
2022-03-30 19:56:54,534.05
2022-03-30 19:56:59,534.12
2022-03-30 19:57:04,534.18
2022-03-30 19:57:09,534.21
2022-03-30 19:57:14,534.28
2022-03-30 19:57:19,534.41
2022-03-30 19:57:24,534.5
2022-03-30 19:57:29,534.47
2022-03-30 19:57:34,534.57
2022-03-30 19:57:39,544.969193550585
2022-03-30 19:57:44,534.7
2022-03-30 19:57:49,534.7
2022-03-30 19:57:54,534.73
2022-03-30 19:57:59,544.9773392539664
2022-03-30 19:58:04,544.9791145655508
2022-03-30 19:58:09,534.92
2022-03-30 19:58:14,544.9823534835707
2022-03-30 19:58:19,535.08
2022-03-30 19:58:24,544.9855924015906
2022-03-30 19:58:29,535.14
2022-03-30 19:58:34,535.24
2022-03-30 19:58:39,535.31
2022-03-30 19:58:44,535.37
2022-03-30 19:58:49,544.9936896966402
2022-03-30 19:58:54,535.5
2022-03-30 19:58:59,535.5
2022-03-30 19:59:04,544.99854807367
2022-03-30 19:59:09,535.6
2022-03-30 19:59:14,535.66
2022-03-30 19:59:19,535.72
2022-03-30 19:59:24,545.0050259097097
2022-03-30 19:59:29,535.82
2022-03-30 19:59:34,535.88
2022-03-30 19:59:39,535.95
2022-03-30 19:59:44,535.95
2022-03-30 19:59:49,536.01
2022-03-30 19:59:54,536.04
2022-03-30 19:59:59,545.0163621227791
2022-03-30 20:00:04,545.0179815817892
2022-03-30 20:00:09,536.17
2022-03-30 20:00:14,545.0212204998089
2022-03-30 20:00:19,545.0228399588188
2022-03-30 20:00:24,536.27
2022-03-30 20:00:29,536.33
2022-03-30 20:00:34,536.4
2022-03-30 20:00:39,536.4
2022-03-30 20:00:44,545.0309372538685
2022-03-30 20:00:49,545.0325567128784
2022-03-30 20:00:54,536.56
2022-03-30 20:00:59,536.63
2022-03-30 20:01:04,536.69
2022-03-30 20:01:09,536.76
2022-03-30 20:01:14,545.0406540079281
2022-03-30 20:01:19,536.76
2022-03-30 20:01:24,536.86
2022-03-30 20:01:29,536.86
2022-03-30 20:01:34,536.92
2022-03-30 20:01:39,536.92
2022-03-30 20:01:44,536.99
2022-03-30 20:01:49,536.99
2022-03-30 20:01:54,537.09
2022-03-30 20:01:59,537.09
2022-03-30 20:02:04,537.15
2022-03-30 20:02:09,537.15
2022-03-30 20:02:14,537.22
2022-03-30 20:02:19,537.28
2022-03-30 20:02:24,537.28
2022-03-30 20:02:29,545.064945893077
2022-03-30 20:02:34,537.38
2022-03-30 20:02:39,545.0681848110969
2022-03-30 20:02:44,537.45
2022-03-30 20:02:49,545.0714237291168
2022-03-30 20:02:54,537.51
2022-03-30 20:02:59,545.0746626471366
2022-03-30 20:03:04,537.58
2022-03-30 20:03:09,545.0779015651565
2022-03-30 20:03:14,537.61
2022-03-30 20:03:19,545.0811404831763
2022-03-30 20:03:24,545.0827599421863
2022-03-30 20:03:29,545.0843794011962
2022-03-30 20:03:34,545.0859988602061
2022-03-30 20:03:39,545.0876183192161
2022-03-30 20:03:44,537.68
2022-03-30 20:03:49,545.0908572372358
2022-03-30 20:03:54,545.0924766962457
2022-03-30 20:03:59,537.75
2022-03-30 20:04:04,537.75
2022-03-30 20:04:09,537.81
2022-03-30 20:04:14,537.81
2022-03-30 20:04:19,537.81
2022-03-30 20:04:24,545.1021934503053
2022-03-30 20:04:29,545.1038129093153
2022-03-30 20:04:34,537.85
2022-03-30 20:04:39,537.85
2022-03-30 20:04:44,537.81
2022-03-30 20:04:49,537.82
2022-03-30 20:04:54,537.85
2022-03-30 20:04:59,537.82
2022-03-30 20:05:04,537.82
2022-03-30 20:05:09,545.1167685813947
2022-03-30 20:05:14,537.75
2022-03-30 20:05:19,537.75
2022-03-30 20:05:24,537.75
2022-03-30 20:05:29,545.1232464174344
2022-03-30 20:05:34,537.69
2022-03-30 20:05:39,545.1264853354543
2022-03-30 20:05:44,537.62
2022-03-30 20:05:49,545.1297242534741
2022-03-30 20:05:54,545.1313437124841
2022-03-30 20:05:59,545.132963171494
2022-03-30 20:06:04,537.53
2022-03-30 20:06:09,545.1362020895139
2022-03-30 20:06:14,545.1378215485238
2022-03-30 20:06:19,537.46
2022-03-30 20:06:24,537.4
2022-03-30 20:06:29,537.4
2022-03-30 20:06:34,537.33
2022-03-30 20:06:39,537.33
2022-03-30 20:06:44,537.3
2022-03-30 20:06:49,537.3
2022-03-30 20:06:54,537.24
2022-03-30 20:06:59,537.24
2022-03-30 20:07:04,545.1540161386231
2022-03-30 20:07:09,537.11
2022-03-30 20:07:14,537.11
2022-03-30 20:07:19,537.08
2022-03-30 20:07:24,537.08
2022-03-30 20:07:29,537.01
2022-03-30 20:07:34,537.01
2022-03-30 20:07:39,545.1653523516925
2022-03-30 20:07:44,545.1669718107024
2022-03-30 20:07:49,545.1685912697124
2022-03-30 20:07:54,545.1702107287223
2022-03-30 20:07:59,545.1718301877322
2022-03-30 20:08:04,545.1734496467421
2022-03-30 20:08:09,536.88
2022-03-30 20:08:14,536.88
2022-03-30 20:08:19,545.1783080237719
2022-03-30 20:08:24,536.82
2022-03-30 20:08:29,536.82
2022-03-30 20:08:34,545.1831664008017
2022-03-30 20:08:39,536.79
2022-03-30 20:08:44,536.82
2022-03-30 20:08:49,536.82
2022-03-30 20:08:54,536.79
2022-03-30 20:08:59,545.1912636958514
2022-03-30 20:09:04,545.1928831548613
2022-03-30 20:09:09,536.72
2022-03-30 20:09:14,536.72
2022-03-30 20:09:19,536.66
2022-03-30 20:09:24,536.66
2022-03-30 20:09:29,536.66
2022-03-30 20:09:34,545.2025999089209
2022-03-30 20:09:39,536.66
2022-03-30 20:09:44,545.2058388269407
2022-03-30 20:09:49,545.2074582859507
2022-03-30 20:09:54,536.66
2022-03-30 20:09:59,545.2106972039705
2022-03-30 20:10:04,536.66
2022-03-30 20:10:09,536.66
2022-03-30 20:10:14,536.67
2022-03-30 20:10:19,536.67
2022-03-30 20:10:24,536.67
2022-03-30 20:10:29,545.2204139580301
2022-03-30 20:10:34,545.22203341704
2022-03-30 20:10:39,536.67
2022-03-30 20:10:44,536.61
2022-03-30 20:10:49,536.67
2022-03-30 20:10:54,545.2285112530798
2022-03-30 20:10:59,545.2301307120897
2022-03-30 20:11:04,545.2317501710995
2022-03-30 20:11:09,545.2333696301095
2022-03-30 20:11:14,545.2349890891194
2022-03-30 20:11:19,536.68
2022-03-30 20:11:24,545.2382280071392
2022-03-30 20:11:29,536.62
2022-03-30 20:11:34,536.68
2022-03-30 20:11:39,536.62
2022-03-30 20:11:44,536.62
2022-03-30 20:11:49,536.68
2022-03-30 20:11:54,536.68
2022-03-30 20:11:59,536.62
2022-03-30 20:12:04,545.2511836792187
2022-03-30 20:12:09,545.2508823698661
2022-03-30 20:12:14,536.69
2022-03-30 20:12:19,545.2473522352425
2022-03-30 20:12:24,545.2455871679307
2022-03-30 20:12:29,545.2438221006189
2022-03-30 20:12:34,536.69
2022-03-30 20:12:39,536.69
2022-03-30 20:12:44,536.69
2022-03-30 20:12:49,536.69
2022-03-30 20:12:54,545.23499676406
2022-03-30 20:12:59,545.2332316967484
2022-03-30 20:13:04,536.69
2022-03-30 20:13:09,536.76
2022-03-30 20:13:14,536.76
2022-03-30 20:13:19,545.2261714275012
2022-03-30 20:13:24,536.76
2022-03-30 20:13:29,536.76
2022-03-30 20:13:34,545.2208762255659
2022-03-30 20:13:39,545.2191111582541
2022-03-30 20:13:44,536.83
2022-03-30 20:13:49,536.83
2022-03-30 20:13:54,536.83
2022-03-30 20:13:59,536.83
2022-03-30 20:14:04,545.2102858216953
2022-03-30 20:14:09,536.86
2022-03-30 20:14:14,545.2067556870717
2022-03-30 20:14:19,536.86
2022-03-30 20:14:24,536.86
2022-03-30 20:14:29,536.93
2022-03-30 20:14:34,536.93
2022-03-30 20:14:39,536.93
2022-03-30 20:14:44,536.93
2022-03-30 20:14:49,536.99
2022-03-30 20:14:54,545.1926351485776
2022-03-30 20:14:59,545.1908700812658
2022-03-30 20:15:04,537.05
2022-03-30 20:15:09,545.1873399466422
2022-03-30 20:15:14,537.12
2022-03-30 20:15:19,537.12
2022-03-30 20:15:24,545.1820447447069
2022-03-30 20:15:29,537.12
2022-03-30 20:15:34,537.15
2022-03-30 20:15:39,537.15
2022-03-30 20:15:44,545.1749844754598
2022-03-30 20:15:49,537.22
2022-03-30 20:15:54,545.1714543408362
2022-03-30 20:15:59,545.1696892735245
2022-03-30 20:16:04,537.35
2022-03-30 20:16:09,537.35
2022-03-30 20:16:14,537.35
2022-03-30 20:16:19,545.1626290042774
2022-03-30 20:16:24,537.38
2022-03-30 20:16:29,537.45
2022-03-30 20:16:34,545.1573338023421
2022-03-30 20:16:39,545.1555687350303
2022-03-30 20:16:44,537.44
2022-03-30 20:16:49,545.1520386004067
2022-03-30 20:16:54,545.150273533095
2022-03-30 20:16:59,545.1485084657833
2022-03-30 20:17:04,537.57
2022-03-30 20:17:09,537.57
2022-03-30 20:17:14,537.57
2022-03-30 20:17:19,537.64
2022-03-30 20:17:24,545.1396831292243
2022-03-30 20:17:29,537.63
2022-03-30 20:17:34,537.67
2022-03-30 20:17:39,537.67
2022-03-30 20:17:44,537.67
2022-03-30 20:17:49,545.1308577926654
2022-03-30 20:17:54,545.1290927253538
2022-03-30 20:17:59,545.127327658042
2022-03-30 20:18:04,545.1255625907302
2022-03-30 20:18:09,545.1237975234184
2022-03-30 20:18:14,545.1220324561067
2022-03-30 20:18:19,545.1202673887949
2022-03-30 20:18:24,545.1185023214831
2022-03-30 20:18:29,537.9
2022-03-30 20:18:34,537.9
2022-03-30 20:18:39,537.96
2022-03-30 20:18:44,537.96
2022-03-30 20:18:49,538.03
2022-03-30 20:18:54,545.1079119176125
2022-03-30 20:18:59,538.03
2022-03-30 20:19:04,538.09
2022-03-30 20:19:09,545.1026167156772
2022-03-30 20:19:14,545.1008516483654
2022-03-30 20:19:19,538.19
2022-03-30 20:19:24,538.19
2022-03-30 20:19:29,545.09555644643
2022-03-30 20:19:34,545.0937913791183
2022-03-30 20:19:39,545.0920263118065
2022-03-30 20:19:44,545.0902612444947
2022-03-30 20:19:49,538.39
2022-03-30 20:19:54,538.42
2022-03-30 20:19:59,538.42
2022-03-30 20:20:04,538.49
2022-03-30 20:20:09,538.55
2022-03-30 20:20:14,538.62
2022-03-30 20:20:19,545.0779057733123
2022-03-30 20:20:24,538.62
2022-03-30 20:20:29,538.68
2022-03-30 20:20:34,545.072610571377
2022-03-30 20:20:39,538.78
2022-03-30 20:20:44,538.78
2022-03-30 20:20:49,545.0673153694416
2022-03-30 20:20:54,538.85
2022-03-30 20:20:59,538.91
2022-03-30 20:21:04,538.95
2022-03-30 20:21:09,538.95
2022-03-30 20:21:14,539.01
2022-03-30 20:21:19,539.07
2022-03-30 20:21:24,545.0549598982593
2022-03-30 20:21:29,539.08
2022-03-30 20:21:34,539.14
2022-03-30 20:21:39,545.0496646963239
2022-03-30 20:21:44,545.0478996290121
2022-03-30 20:21:49,545.0461345617005
2022-03-30 20:21:54,539.31
2022-03-30 20:21:59,539.31
2022-03-30 20:22:04,545.0408393597651
2022-03-30 20:22:09,545.0390742924533
2022-03-30 20:22:14,545.0373092251415
2022-03-30 20:22:19,545.0355441578298
2022-03-30 20:22:24,539.53
2022-03-30 20:22:29,545.0320140232062
2022-03-30 20:22:34,539.6
2022-03-30 20:22:39,539.6
2022-03-30 20:22:44,545.026718821271
2022-03-30 20:22:49,539.66
2022-03-30 20:22:54,545.0231886866474
2022-03-30 20:22:59,539.66
2022-03-30 20:23:04,539.66
2022-03-30 20:23:09,539.66
2022-03-30 20:23:14,539.66
2022-03-30 20:23:19,539.66
2022-03-30 20:23:24,539.6
2022-03-30 20:23:29,539.6
2022-03-30 20:23:34,545.0090681481532
2022-03-30 20:23:39,539.6
2022-03-30 20:23:44,539.54
2022-03-30 20:23:49,545.0037729462179
2022-03-30 20:23:54,539.54
2022-03-30 20:23:59,539.47
2022-03-30 20:24:04,539.47
2022-03-30 20:24:09,539.47
2022-03-30 20:24:14,539.47
2022-03-30 20:24:19,539.47
2022-03-30 20:24:24,539.47
2022-03-30 20:24:29,539.48
2022-03-30 20:24:34,539.44
2022-03-30 20:24:39,539.47
2022-03-30 20:24:44,539.44
2022-03-30 20:24:49,539.44
2022-03-30 20:24:54,539.44
2022-03-30 20:24:59,544.9790620038531
2022-03-30 20:25:04,539.44
2022-03-30 20:25:09,539.44
2022-03-30 20:25:14,539.44
2022-03-30 20:25:19,539.44
2022-03-30 20:25:24,539.44
2022-03-30 20:25:29,539.44
2022-03-30 20:25:34,539.44
2022-03-30 20:25:39,539.47
2022-03-30 20:25:44,544.9631763980472
2022-03-30 20:25:49,544.9614113307354
2022-03-30 20:25:54,539.53
2022-03-30 20:25:59,539.53
2022-03-30 20:26:04,539.53
2022-03-30 20:26:09,544.9543510614882
2022-03-30 20:26:14,539.6
2022-03-30 20:26:19,544.9518077325041
2022-03-30 20:26:24,539.6
2022-03-30 20:26:29,539.66
2022-03-30 20:26:34,539.66
2022-03-30 20:26:39,539.66
2022-03-30 20:26:44,539.73
2022-03-30 20:26:49,539.73
2022-03-30 20:26:54,539.73
2022-03-30 20:26:59,539.73
2022-03-30 20:27:04,539.76
2022-03-30 20:27:09,539.76
2022-03-30 20:27:14,539.76
2022-03-30 20:27:19,539.82
2022-03-30 20:27:24,539.82
2022-03-30 20:27:29,539.82
2022-03-30 20:27:34,544.935142183562
2022-03-30 20:27:39,539.83
2022-03-30 20:27:44,539.83
2022-03-30 20:27:49,544.9318090737735
2022-03-30 20:27:54,539.83
2022-03-30 20:27:59,539.83
2022-03-30 20:28:04,539.77
2022-03-30 20:28:09,539.77
2022-03-30 20:28:14,539.77
2022-03-30 20:28:19,539.77
2022-03-30 20:28:24,539.74
2022-03-30 20:28:29,539.73
2022-03-30 20:28:34,544.9218097444082
2022-03-30 20:28:39,539.67
2022-03-30 20:28:44,539.67
2022-03-30 20:28:49,539.61
2022-03-30 20:28:54,539.67
2022-03-30 20:28:59,539.61
2022-03-30 20:29:04,539.55
2022-03-30 20:29:09,544.9140324882352
2022-03-30 20:29:14,539.55
2022-03-30 20:29:19,539.48
2022-03-30 20:29:24,539.48
2022-03-30 20:29:29,539.39
2022-03-30 20:29:34,539.39
2022-03-30 20:29:39,539.32
2022-03-30 20:29:44,539.33
2022-03-30 20:29:49,539.26
2022-03-30 20:29:54,539.23
2022-03-30 20:29:59,544.9029221222737
2022-03-30 20:30:04,544.9018110856775
2022-03-30 20:30:09,539.1
2022-03-30 20:30:14,539.04
2022-03-30 20:30:19,544.8984779758891
2022-03-30 20:30:24,544.897366939293
2022-03-30 20:30:29,544.8962559026969
2022-03-30 20:30:34,538.97
2022-03-30 20:30:39,538.88
2022-03-30 20:30:44,544.8929227929084
2022-03-30 20:30:49,538.82
2022-03-30 20:30:54,538.81
2022-03-30 20:30:59,544.88958968312
2022-03-30 20:31:04,538.75
2022-03-30 20:31:09,544.8873676099277
2022-03-30 20:31:14,538.65
2022-03-30 20:31:19,538.59
2022-03-30 20:31:24,538.53
2022-03-30 20:31:29,538.46
2022-03-30 20:31:34,544.8818124269469
2022-03-30 20:31:39,538.37
2022-03-30 20:31:44,544.8795903537547
2022-03-30 20:31:49,544.8784793171585
2022-03-30 20:31:54,538.21
2022-03-30 20:31:59,538.08
2022-03-30 20:32:04,538.08
2022-03-30 20:32:09,537.95
2022-03-30 20:32:14,544.8729241341778
2022-03-30 20:32:19,544.8718130975817
2022-03-30 20:32:24,544.8707020609855
2022-03-30 20:32:29,537.69
2022-03-30 20:32:34,537.63
2022-03-30 20:32:39,537.56
2022-03-30 20:32:44,544.866257914601
2022-03-30 20:32:49,544.8651468780048
2022-03-30 20:32:54,544.8640358414086
2022-03-30 20:32:59,537.18
2022-03-30 20:33:04,537.11
2022-03-30 20:33:09,536.98
2022-03-30 20:33:14,536.89
2022-03-30 20:33:19,536.82
2022-03-30 20:33:24,536.76
2022-03-30 20:33:29,536.6
2022-03-30 20:33:34,536.53
2022-03-30 20:33:39,536.4
2022-03-30 20:33:44,536.37
2022-03-30 20:33:49,536.18
2022-03-30 20:33:54,536.15
2022-03-30 20:33:59,536.08
2022-03-30 20:34:04,535.95
2022-03-30 20:34:09,535.86
2022-03-30 20:34:14,535.73
2022-03-30 20:34:19,535.66
2022-03-30 20:34:24,535.5
2022-03-30 20:34:29,544.8429261460818
2022-03-30 20:34:34,535.34
2022-03-30 20:34:39,535.27
2022-03-30 20:34:44,535.14
2022-03-30 20:34:49,544.8384819996973
2022-03-30 20:34:54,534.98
2022-03-30 20:34:59,544.836259926505
2022-03-30 20:35:04,544.8351488899089
2022-03-30 20:35:09,534.63
2022-03-30 20:35:14,534.6
2022-03-30 20:35:19,534.53
2022-03-30 20:35:24,534.34
2022-03-30 20:35:29,534.31
2022-03-30 20:35:34,534.18
2022-03-30 20:35:39,534.11
2022-03-30 20:35:44,544.8262605971397
2022-03-30 20:35:49,544.8251495605435
2022-03-30 20:35:54,533.89
2022-03-30 20:35:59,533.79
2022-03-30 20:36:04,533.66
2022-03-30 20:36:09,533.6
2022-03-30 20:36:14,533.57
2022-03-30 20:36:19,533.44
2022-03-30 20:36:24,544.8173723043706
2022-03-30 20:36:29,533.31
2022-03-30 20:36:34,533.28
2022-03-30 20:36:39,533.21
2022-03-30 20:36:44,533.08
2022-03-30 20:36:49,533.09
2022-03-30 20:36:54,544.8107060847937
2022-03-30 20:36:59,532.92
2022-03-30 20:37:04,532.86
2022-03-30 20:37:09,532.8
2022-03-30 20:37:14,532.77
2022-03-30 20:37:19,532.77
2022-03-30 20:37:24,532.7
2022-03-30 20:37:29,532.7
2022-03-30 20:37:34,532.64
2022-03-30 20:37:39,532.57
2022-03-30 20:37:44,544.7995957188322
2022-03-30 20:37:49,532.54
2022-03-30 20:37:54,532.48
2022-03-30 20:37:59,532.48
2022-03-30 20:38:04,544.7951515724476
2022-03-30 20:38:09,532.42
2022-03-30 20:38:14,532.35
2022-03-30 20:38:19,544.7918184626592
2022-03-30 20:38:24,544.790707426063
2022-03-30 20:38:29,532.26
2022-03-30 20:38:34,532.19
2022-03-30 20:38:39,544.7873743162746
2022-03-30 20:38:44,532.13
2022-03-30 20:38:49,532.06
2022-03-30 20:38:54,532.04
2022-03-30 20:38:59,532.04
2022-03-30 20:39:04,531.97
2022-03-30 20:39:09,531.97
2022-03-30 20:39:14,544.7795970601015
2022-03-30 20:39:19,544.7784860235055
2022-03-30 20:39:24,531.84
2022-03-30 20:39:29,531.84
2022-03-30 20:39:34,544.775152913717
2022-03-30 20:39:39,531.75
2022-03-30 20:39:44,531.78
2022-03-30 20:39:49,531.75
2022-03-30 20:39:54,531.75
2022-03-30 20:39:59,531.75
2022-03-30 20:40:04,531.69
2022-03-30 20:40:09,531.68
2022-03-30 20:40:14,544.7662646209478
2022-03-30 20:40:19,531.69
2022-03-30 20:40:24,531.69
2022-03-30 20:40:29,544.7511046899116
2022-03-30 20:40:34,544.7451665721192
2022-03-30 20:40:39,531.62
2022-03-30 20:40:44,544.7332903365345
2022-03-30 20:40:49,544.7273522187422
2022-03-30 20:40:54,531.69
2022-03-30 20:40:59,531.69
2022-03-30 20:41:04,544.7095378653652
2022-03-30 20:41:09,531.75
2022-03-30 20:41:14,544.6976616297806
2022-03-30 20:41:19,531.85
2022-03-30 20:41:24,531.85
2022-03-30 20:41:29,531.85
2022-03-30 20:41:34,531.92
2022-03-30 20:41:39,544.6679710408189
2022-03-30 20:41:44,544.6620329230266
2022-03-30 20:41:49,544.6560948052343
2022-03-30 20:41:54,531.98
2022-03-30 20:41:59,531.98
2022-03-30 20:42:04,544.6382804518572
2022-03-30 20:42:09,532.07
2022-03-30 20:42:14,532.04
2022-03-30 20:42:19,544.6204660984803
2022-03-30 20:42:24,544.6145279806879
2022-03-30 20:42:29,544.6085898628955
2022-03-30 20:42:34,532.2
2022-03-30 20:42:39,532.2
2022-03-30 20:42:44,532.27
2022-03-30 20:42:49,532.3
2022-03-30 20:42:54,532.3
2022-03-30 20:42:59,532.36
2022-03-30 20:43:04,532.36
2022-03-30 20:43:09,544.5610849205568
2022-03-30 20:43:14,544.5551468027646
2022-03-30 20:43:19,544.5492086849722
2022-03-30 20:43:24,544.5432705671799
2022-03-30 20:43:29,544.5373324493876
2022-03-30 20:43:34,532.55
2022-03-30 20:43:39,544.5254562138028
2022-03-30 20:43:44,532.59
2022-03-30 20:43:49,532.65
2022-03-30 20:43:54,544.5076418604259
2022-03-30 20:43:59,544.5017037426336
2022-03-30 20:44:04,532.71
2022-03-30 20:44:09,544.4898275070489
2022-03-30 20:44:14,532.78
2022-03-30 20:44:19,544.4779512714642
2022-03-30 20:44:24,532.81
2022-03-30 20:44:29,532.87
2022-03-30 20:44:34,544.4601369180872
2022-03-30 20:44:39,544.4541988002949
2022-03-30 20:44:44,532.94
2022-03-30 20:44:49,533.0
2022-03-30 20:44:54,544.4363844469178
2022-03-30 20:44:59,544.4304463291256
2022-03-30 20:45:04,533.07
2022-03-30 20:45:09,533.1
2022-03-30 20:45:14,544.4126319757486
2022-03-30 20:45:19,544.4066938579563
2022-03-30 20:45:24,533.23
2022-03-30 20:45:29,533.23
2022-03-30 20:45:34,544.3888795045792
2022-03-30 20:45:39,533.29
2022-03-30 20:45:44,544.3770032689946
2022-03-30 20:45:49,544.3710651512023
2022-03-30 20:45:54,533.39
2022-03-30 20:45:59,544.3591889156176
2022-03-30 20:46:04,533.39
2022-03-30 20:46:09,533.46
2022-03-30 20:46:14,533.52
2022-03-30 20:46:19,533.58
2022-03-30 20:46:24,533.58
2022-03-30 20:46:29,544.3235602088636
2022-03-30 20:46:34,533.62
2022-03-30 20:46:39,533.62
2022-03-30 20:46:44,533.62
2022-03-30 20:46:49,544.2998077376942
2022-03-30 20:46:54,533.69
2022-03-30 20:46:59,544.2879315021096
2022-03-30 20:47:04,533.69
2022-03-30 20:47:09,533.75
2022-03-30 20:47:14,533.75
2022-03-30 20:47:19,533.75
2022-03-30 20:47:24,533.75
2022-03-30 20:47:29,533.82
2022-03-30 20:47:34,533.82
2022-03-30 20:47:39,533.85
2022-03-30 20:47:44,544.2344884419786
2022-03-30 20:47:49,544.2285503241862
2022-03-30 20:47:54,533.92
2022-03-30 20:47:59,533.98
2022-03-30 20:48:04,533.92
2022-03-30 20:48:09,533.99
2022-03-30 20:48:14,533.99
2022-03-30 20:48:19,534.05
2022-03-30 20:48:24,533.99
2022-03-30 20:48:29,544.1810453818475
2022-03-30 20:48:34,534.05
2022-03-30 20:48:39,534.12
2022-03-30 20:48:44,544.1632310284706
2022-03-30 20:48:49,534.15
2022-03-30 20:48:54,534.15
2022-03-30 20:48:59,544.1454166750935
2022-03-30 20:49:04,544.1394785573012
2022-03-30 20:49:09,544.1335404395089
2022-03-30 20:49:14,534.15
2022-03-30 20:49:19,544.1216642039243
2022-03-30 20:49:24,544.1157260861319
2022-03-30 20:49:29,544.1097879683396
2022-03-30 20:49:34,544.1038498505472
2022-03-30 20:49:39,534.28
2022-03-30 20:49:44,534.35
2022-03-30 20:49:49,544.0860354971703
2022-03-30 20:49:54,534.34
2022-03-30 20:49:59,534.38
2022-03-30 20:50:04,544.0682211437933
2022-03-30 20:50:09,534.38
2022-03-30 20:50:14,544.0563449082085
2022-03-30 20:50:19,534.51
2022-03-30 20:50:24,544.0444686726239
2022-03-30 20:50:29,534.51
2022-03-30 20:50:34,534.57
2022-03-30 20:50:39,544.0266543192469
2022-03-30 20:50:44,544.0207162014545
2022-03-30 20:50:49,534.63
2022-03-30 20:50:54,534.67
2022-03-30 20:50:59,534.63
2022-03-30 20:51:04,534.67
2022-03-30 20:51:09,534.67
2022-03-30 20:51:14,534.73
2022-03-30 20:51:19,534.73
2022-03-30 20:51:24,534.8
2022-03-30 20:51:29,534.8
2022-03-30 20:51:34,543.9613350235312
2022-03-30 20:51:39,534.86
2022-03-30 20:51:44,534.96
2022-03-30 20:51:49,535.02
2022-03-30 20:51:54,535.02
2022-03-30 20:51:59,543.9316444345695
2022-03-30 20:52:04,535.08
2022-03-30 20:52:09,535.15
2022-03-30 20:52:14,535.24
2022-03-30 20:52:19,535.18
2022-03-30 20:52:24,535.31
2022-03-30 20:52:29,535.31
2022-03-30 20:52:34,535.37
2022-03-30 20:52:39,543.8841394922309
2022-03-30 20:52:44,535.4
2022-03-30 20:52:49,535.53
2022-03-30 20:52:54,543.8663251388539
2022-03-30 20:52:59,535.59
2022-03-30 20:53:04,543.8544489032693
2022-03-30 20:53:09,535.69
2022-03-30 20:53:14,535.82
2022-03-30 20:53:19,543.8366345498922
2022-03-30 20:53:24,535.91
2022-03-30 20:53:29,543.8247583143076
2022-03-30 20:53:34,536.11
2022-03-30 20:53:39,543.812882078723
2022-03-30 20:53:44,536.2
2022-03-30 20:53:49,536.4
2022-03-30 20:53:54,543.7950677253459
2022-03-30 20:53:59,543.7891296075536
2022-03-30 20:54:04,536.56
2022-03-30 20:54:09,536.69
2022-03-30 20:54:14,543.7713152541766
2022-03-30 20:54:19,536.85
2022-03-30 20:54:24,543.7474243179436
2022-03-30 20:54:29,536.95
2022-03-30 20:54:34,537.01
2022-03-30 20:54:39,543.6375172840968
2022-03-30 20:54:44,537.24
2022-03-30 20:54:49,543.5642459281987
2022-03-30 20:54:54,543.5276102502501
2022-03-30 20:54:59,537.52
2022-03-30 20:55:04,537.59
2022-03-30 20:55:09,537.72
2022-03-30 20:55:14,543.3810675384542
2022-03-30 20:55:19,537.82
2022-03-30 20:55:24,537.95
2022-03-30 20:55:29,543.2711605046075
2022-03-30 20:55:34,538.05
2022-03-30 20:55:39,543.1978891487094
2022-03-30 20:55:44,538.27
2022-03-30 20:55:49,538.34
2022-03-30 20:55:54,538.46
2022-03-30 20:55:59,543.051346436914
2022-03-30 20:56:04,543.0147107589648
2022-03-30 20:56:09,542.9780750810158
2022-03-30 20:56:14,538.69
2022-03-30 20:56:19,542.9048037251181
2022-03-30 20:56:24,542.8681680471691
2022-03-30 20:56:29,542.8315323692203
2022-03-30 20:56:34,538.98
2022-03-30 20:56:39,542.7582610133222
2022-03-30 20:56:44,539.08
2022-03-30 20:56:49,542.6849896574246
2022-03-30 20:56:54,542.6483539794755
2022-03-30 20:56:59,542.6117183015268
2022-03-30 20:57:04,542.5750826235777
2022-03-30 20:57:09,542.5384469456287
2022-03-30 20:57:14,542.5018112676801
2022-03-30 20:57:19,539.5
2022-03-30 20:57:24,542.428539911782
2022-03-30 20:57:29,539.66
2022-03-30 20:57:34,539.73
2022-03-30 20:57:39,539.73
2022-03-30 20:57:44,539.73
2022-03-30 20:57:49,539.79
2022-03-30 20:57:54,542.2087258440885
2022-03-30 20:57:59,539.83
2022-03-30 20:58:04,539.89
2022-03-30 20:58:09,539.83
2022-03-30 20:58:14,539.89
2022-03-30 20:58:19,539.89
2022-03-30 20:58:24,541.9889117763948
2022-03-30 20:58:29,539.89
2022-03-30 20:58:34,541.9156404204971
2022-03-30 20:58:39,539.89
2022-03-30 20:58:44,539.96
2022-03-30 20:58:49,539.95
2022-03-30 20:58:54,539.89
2022-03-30 20:58:59,539.96
2022-03-30 20:59:04,539.95
2022-03-30 20:59:09,539.95
2022-03-30 20:59:14,539.89
2022-03-30 20:59:19,539.96
2022-03-30 20:59:24,541.5492836410078
2022-03-30 20:59:29,539.96
2022-03-30 20:59:34,541.4760122851101
2022-03-30 20:59:39,539.95
2022-03-30 20:59:44,539.95
2022-03-30 20:59:49,539.89
2022-03-30 20:59:54,539.89
2022-03-30 20:59:59,541.2928338953652
2022-03-30 21:00:04,541.2561982174165
2022-03-30 21:00:09,539.89
2022-03-30 21:00:14,539.89
2022-03-30 21:00:19,541.1462911835697
2022-03-30 21:00:24,539.82
2022-03-30 21:00:29,539.82
2022-03-30 21:00:34,539.79
2022-03-30 21:00:39,539.73
2022-03-30 21:00:44,539.73
2022-03-30 21:00:49,539.66
2022-03-30 21:00:54,540.8898414379271
2022-03-30 21:00:59,539.6
2022-03-30 21:01:04,540.8165700820294
2022-03-30 21:01:09,539.5
2022-03-30 21:01:14,539.53
2022-03-30 21:01:19,539.43
2022-03-30 21:01:24,539.31
2022-03-30 21:01:29,539.37
2022-03-30 21:01:34,539.3
2022-03-30 21:01:39,540.5601203363868
2022-03-30 21:01:44,539.27
2022-03-30 21:01:49,539.21
2022-03-30 21:01:54,540.4502133025401
2022-03-30 21:01:59,540.413577624591
2022-03-30 21:02:04,539.08
2022-03-30 21:02:09,539.01
2022-03-30 21:02:14,540.3036705907442
2022-03-30 21:02:19,538.98
2022-03-30 21:02:24,540.2303992348465
2022-03-30 21:02:29,538.91
2022-03-30 21:02:34,538.78
2022-03-30 21:02:39,538.78
2022-03-30 21:02:44,538.78
2022-03-30 21:02:49,538.75
2022-03-30 21:02:54,538.75
2022-03-30 21:02:59,538.69
2022-03-30 21:03:04,539.9373138112552
2022-03-30 21:03:09,538.56
2022-03-30 21:03:14,538.56
2022-03-30 21:03:19,538.49
2022-03-30 21:03:24,538.5
2022-03-30 21:03:29,539.7541354215103
2022-03-30 21:03:34,538.46
2022-03-30 21:03:39,538.4
2022-03-30 21:03:44,539.6442283876636
2022-03-30 21:03:49,539.6075927097149
2022-03-30 21:03:54,538.4
2022-03-30 21:03:59,538.4
2022-03-30 21:04:04,539.4976856758678
2022-03-30 21:04:09,538.34
2022-03-30 21:04:14,538.27
2022-03-30 21:04:19,538.34
2022-03-30 21:04:24,538.27
2022-03-30 21:04:29,538.27
2022-03-30 21:04:34,539.2778716081742
2022-03-30 21:04:39,538.27
2022-03-30 21:04:44,538.24
2022-03-30 21:04:49,539.1679645743275
2022-03-30 21:04:54,538.24
2022-03-30 21:04:59,538.24
2022-03-30 21:05:04,538.25
2022-03-30 21:05:09,538.25
2022-03-30 21:05:14,538.984786184583
2022-03-30 21:05:19,538.28
2022-03-30 21:05:24,538.25
2022-03-30 21:05:29,538.25
2022-03-30 21:05:34,538.28
2022-03-30 21:05:39,538.28
2022-03-30 21:05:44,538.28
2022-03-30 21:05:49,538.35
2022-03-30 21:05:54,538.6917007609917
2022-03-30 21:05:59,538.35
2022-03-30 21:06:04,538.35
2022-03-30 21:06:09,538.5817937271449
2022-03-30 21:06:14,538.545158049196
2022-03-30 21:06:19,538.5085223712468
2022-03-30 21:06:24,538.41
2022-03-30 21:06:29,538.4352510153491
2022-03-30 21:06:34,538.42
2022-03-30 21:06:39,538.3619796594514
2022-03-30 21:06:44,538.48
2022-03-30 21:06:49,538.2887083035533
2022-03-30 21:06:54,538.48
2022-03-30 21:06:59,538.2154369476556
2022-03-30 21:07:04,538.51
2022-03-30 21:07:09,538.51
2022-03-30 21:07:14,538.51
2022-03-30 21:07:19,538.0688942358597
2022-03-30 21:07:24,538.51
2022-03-30 21:07:29,537.9956228799621
2022-03-30 21:07:34,538.58
2022-03-30 21:07:39,538.64
2022-03-30 21:07:44,538.64
2022-03-30 21:07:49,537.8490801681662
2022-03-30 21:07:54,538.58
2022-03-30 21:07:59,538.58
2022-03-30 21:08:04,538.64
2022-03-30 21:08:09,538.58
2022-03-30 21:08:14,538.65
2022-03-30 21:08:19,538.64
2022-03-30 21:08:24,538.58
2022-03-30 21:08:29,538.51
2022-03-30 21:08:34,538.51
2022-03-30 21:08:39,538.51
2022-03-30 21:08:44,537.7788796746413
2022-03-30 21:08:49,538.48
2022-03-30 21:08:54,538.42
2022-03-30 21:08:59,537.9685440328552
2022-03-30 21:09:04,538.25
2022-03-30 21:09:09,538.25
2022-03-30 21:09:14,538.19
2022-03-30 21:09:19,538.13
2022-03-30 21:09:24,538.2846512965453
2022-03-30 21:09:29,538.0
2022-03-30 21:09:34,537.9
2022-03-30 21:09:39,537.9
2022-03-30 21:09:44,537.77
2022-03-30 21:09:49,537.74
2022-03-30 21:09:54,537.67
2022-03-30 21:09:59,537.54
2022-03-30 21:10:04,538.7904229184487
2022-03-30 21:10:09,538.8536443711869
2022-03-30 21:10:14,537.38
2022-03-30 21:10:19,538.9800872766626
2022-03-30 21:10:24,537.22
2022-03-30 21:10:29,537.09
2022-03-30 21:10:34,537.02
2022-03-30 21:10:39,536.93
2022-03-30 21:10:44,536.86
2022-03-30 21:10:49,536.8
2022-03-30 21:10:54,539.4226374458285
2022-03-30 21:10:59,536.51
2022-03-30 21:11:04,536.45
2022-03-30 21:11:09,536.35
2022-03-30 21:11:14,536.28
2022-03-30 21:11:19,539.7387447095181
2022-03-30 21:11:24,539.8019661622562
2022-03-30 21:11:29,536.06
2022-03-30 21:11:34,535.93
2022-03-30 21:11:39,535.83
2022-03-30 21:11:44,540.0548519732076
2022-03-30 21:11:49,535.67
2022-03-30 21:11:54,540.181294878684
2022-03-30 21:11:59,540.2445163314214
2022-03-30 21:12:04,535.41
2022-03-30 21:12:09,535.38
2022-03-30 21:12:14,535.25
2022-03-30 21:12:19,535.16
2022-03-30 21:12:24,540.5606235951117
2022-03-30 21:12:29,534.9
2022-03-30 21:12:34,534.87
2022-03-30 21:12:39,534.74
2022-03-30 21:12:44,534.67
2022-03-30 21:12:49,534.45
2022-03-30 21:12:54,534.45
2022-03-30 21:12:59,534.35
2022-03-30 21:13:04,534.23
2022-03-30 21:13:09,534.16
2022-03-30 21:13:14,534.13
2022-03-30 21:13:19,541.256059575229
2022-03-30 21:13:24,533.87
2022-03-30 21:13:29,533.84
2022-03-30 21:13:34,533.65
2022-03-30 21:13:39,533.62
2022-03-30 21:13:44,533.42
2022-03-30 21:13:49,533.36
2022-03-30 21:13:54,533.33
2022-03-30 21:13:59,533.13
2022-03-30 21:14:04,533.14
2022-03-30 21:14:09,532.98
2022-03-30 21:14:14,532.91
2022-03-30 21:14:19,532.85
2022-03-30 21:14:24,532.75
2022-03-30 21:14:29,532.62
2022-03-30 21:14:34,532.53
2022-03-30 21:14:39,532.47
2022-03-30 21:14:44,532.4
2022-03-30 21:14:49,532.31
2022-03-30 21:14:54,542.4572671772503
2022-03-30 21:14:59,532.08
2022-03-30 21:15:04,532.02
2022-03-30 21:15:09,531.95
2022-03-30 21:15:14,531.89
2022-03-30 21:15:19,531.79
2022-03-30 21:15:24,531.67
2022-03-30 21:15:29,531.57
2022-03-30 21:15:34,542.9630387991537
2022-03-30 21:15:39,531.37
2022-03-30 21:15:44,531.31
2022-03-30 21:15:49,531.21
2022-03-30 21:15:54,543.2159246101057
2022-03-30 21:15:59,543.2791460628439
2022-03-30 21:16:04,530.92
2022-03-30 21:16:09,530.86
2022-03-30 21:16:14,543.4688104210577
2022-03-30 21:16:19,530.7
2022-03-30 21:16:24,530.57
2022-03-30 21:16:29,530.48
2022-03-30 21:16:34,543.7216962320091
2022-03-30 21:16:39,530.28
2022-03-30 21:16:44,530.25
2022-03-30 21:16:49,543.911360590223
2022-03-30 21:16:54,530.06
2022-03-30 21:16:59,529.96
2022-03-30 21:17:04,544.1010249484374
2022-03-30 21:17:09,529.83
2022-03-30 21:17:14,529.77
2022-03-30 21:17:19,529.6
2022-03-30 21:17:24,529.67
2022-03-30 21:17:29,529.61
2022-03-30 21:17:34,529.51
2022-03-30 21:17:39,544.5435751176027
2022-03-30 21:17:44,529.38
2022-03-30 21:17:49,544.670018023079
2022-03-30 21:17:54,529.25
2022-03-30 21:17:59,529.22
2022-03-30 21:18:04,529.15
2022-03-30 21:18:09,529.09
2022-03-30 21:18:14,544.9861252867686
2022-03-30 21:18:19,529.02
2022-03-30 21:18:24,545.1125681922442
2022-03-30 21:18:29,545.1757896449824
2022-03-30 21:18:34,528.86
2022-03-30 21:18:39,545.3022325504581
2022-03-30 21:18:44,528.8
2022-03-30 21:18:49,528.8
2022-03-30 21:18:54,528.74
2022-03-30 21:18:59,545.5551183614101
2022-03-30 21:19:04,545.6183398141483
2022-03-30 21:19:09,545.6815612668859
2022-03-30 21:19:14,545.744782719624
2022-03-30 21:19:19,528.51
2022-03-30 21:19:24,528.47
2022-03-30 21:19:29,528.47
2022-03-30 21:19:34,528.41
2022-03-30 21:19:39,528.41
2022-03-30 21:19:44,528.34
2022-03-30 21:19:49,546.1873328887899
2022-03-30 21:19:54,546.2505543415274
2022-03-30 21:19:59,528.21
2022-03-30 21:20:04,546.3769972470037
2022-03-30 21:20:09,546.4402186997413
2022-03-30 21:20:14,528.12
2022-03-30 21:20:19,528.05
2022-03-30 21:20:24,528.05
2022-03-30 21:20:29,527.96
2022-03-30 21:20:34,546.7563259634314
2022-03-30 21:20:39,546.819547416169
2022-03-30 21:20:44,527.89
2022-03-30 21:20:49,527.89
2022-03-30 21:20:54,527.83
2022-03-30 21:20:59,547.072433227121
2022-03-30 21:21:04,527.76
2022-03-30 21:21:09,547.1988761325968
2022-03-30 21:21:14,527.67
2022-03-30 21:21:19,527.6
2022-03-30 21:21:24,527.53
2022-03-30 21:21:29,547.4517619435487
2022-03-30 21:21:34,547.5149833962869
2022-03-30 21:21:39,527.38
2022-03-30 21:21:44,527.38
2022-03-30 21:21:49,527.31
2022-03-30 21:21:54,527.25
2022-03-30 21:21:59,527.25
2022-03-30 21:22:04,527.15
2022-03-30 21:22:09,527.15
2022-03-30 21:22:14,527.09
2022-03-30 21:22:19,548.0839764709285
2022-03-30 21:22:24,548.1471979236667
2022-03-30 21:22:29,548.2104193764042
2022-03-30 21:22:34,526.96
2022-03-30 21:22:39,526.87
2022-03-30 21:22:44,526.87
2022-03-30 21:22:49,526.8
2022-03-30 21:22:54,526.74
2022-03-30 21:22:59,547.8623004792479
2022-03-30 21:23:04,526.64
2022-03-30 21:23:09,526.58
2022-03-30 21:23:14,526.45
2022-03-30 21:23:19,526.45
2022-03-30 21:23:24,547.4887496157733
2022-03-30 21:23:29,526.29
2022-03-30 21:23:34,526.29
2022-03-30 21:23:39,526.23
2022-03-30 21:23:44,526.16
2022-03-30 21:23:49,526.13
2022-03-30 21:23:54,547.0404885796044
2022-03-30 21:23:59,546.96577840691
2022-03-30 21:24:04,546.8910682342149
2022-03-30 21:24:09,526.01
2022-03-30 21:24:14,525.94
2022-03-30 21:24:19,525.91
2022-03-30 21:24:24,546.5922275434355
2022-03-30 21:24:29,525.78
2022-03-30 21:24:34,525.72
2022-03-30 21:24:39,525.72
2022-03-30 21:24:44,525.62
2022-03-30 21:24:49,525.62
2022-03-30 21:24:54,525.56
2022-03-30 21:24:59,525.56
2022-03-30 21:25:04,525.49
2022-03-30 21:25:09,525.43
2022-03-30 21:25:14,545.8451258164877
2022-03-30 21:25:19,525.4
2022-03-30 21:25:24,525.4
2022-03-30 21:25:29,545.6209952984032
2022-03-30 21:25:34,525.33
2022-03-30 21:25:39,525.27
2022-03-30 21:25:44,525.27
2022-03-30 21:25:49,525.2
2022-03-30 21:25:54,545.2474444349286
2022-03-30 21:25:59,525.2
2022-03-30 21:26:04,525.2
2022-03-30 21:26:09,545.0233139168441
2022-03-30 21:26:14,525.2
2022-03-30 21:26:19,525.2
2022-03-30 21:26:24,544.7991833987596
2022-03-30 21:26:29,525.14
2022-03-30 21:26:34,544.6497630533703
2022-03-30 21:26:39,544.5750528806752
2022-03-30 21:26:44,544.5003427079802
2022-03-30 21:26:49,525.14
2022-03-30 21:26:54,525.14
2022-03-30 21:26:59,525.11
2022-03-30 21:27:04,525.11
2022-03-30 21:27:09,544.1267918445062
2022-03-30 21:27:14,525.14
2022-03-30 21:27:19,525.14
2022-03-30 21:27:24,525.14
2022-03-30 21:27:29,525.14
2022-03-30 21:27:34,525.14
2022-03-30 21:27:39,543.6785308083373
2022-03-30 21:27:44,525.13
2022-03-30 21:27:49,525.2
2022-03-30 21:27:54,543.4544002902528
2022-03-30 21:27:59,525.2
2022-03-30 21:28:04,525.27
2022-03-30 21:28:09,525.33
2022-03-30 21:28:14,525.26
2022-03-30 21:28:19,525.33
2022-03-30 21:28:24,543.0061392540839
2022-03-30 21:28:29,542.9314290813888
2022-03-30 21:28:34,525.49
2022-03-30 21:28:39,525.55
2022-03-30 21:28:44,525.55
2022-03-30 21:28:49,542.63258839061
2022-03-30 21:28:54,525.71
2022-03-30 21:28:59,525.84
2022-03-30 21:29:04,525.94
2022-03-30 21:29:09,542.3337476998305
2022-03-30 21:29:14,542.2590375271354
2022-03-30 21:29:19,526.13
2022-03-30 21:29:24,542.109617181746
2022-03-30 21:29:29,526.35
2022-03-30 21:29:34,526.51
2022-03-30 21:29:39,526.51
2022-03-30 21:29:44,526.64
2022-03-30 21:29:49,526.74
2022-03-30 21:29:54,526.94
2022-03-30 21:29:59,526.97
2022-03-30 21:30:04,527.1
2022-03-30 21:30:09,527.26
2022-03-30 21:30:14,527.32
2022-03-30 21:30:19,527.45
2022-03-30 21:30:24,527.61
2022-03-30 21:30:29,541.138384936713
2022-03-30 21:30:34,527.9
2022-03-30 21:30:39,540.9889645913237
2022-03-30 21:30:44,540.9142544186286
2022-03-30 21:30:49,540.8395442459336
2022-03-30 21:30:54,528.42
2022-03-30 21:30:59,528.51
2022-03-30 21:31:04,528.74
2022-03-30 21:31:09,540.5407035551547
2022-03-30 21:31:14,529.0
2022-03-30 21:31:19,529.16
2022-03-30 21:31:24,529.26
2022-03-30 21:31:29,540.2418628643752
2022-03-30 21:31:34,540.1671526916801
2022-03-30 21:31:39,529.68
2022-03-30 21:31:44,540.0177323462907
2022-03-30 21:31:49,539.9430221735956
2022-03-30 21:31:54,530.07
2022-03-30 21:31:59,530.26
2022-03-30 21:32:04,530.36
2022-03-30 21:32:09,539.6441814828169
2022-03-30 21:32:14,530.65
2022-03-30 21:32:19,530.81
2022-03-30 21:32:24,539.4200509647324
2022-03-30 21:32:29,539.3453407920373
2022-03-30 21:32:34,539.2706306193422
2022-03-30 21:32:39,531.3
2022-03-30 21:32:44,531.46
2022-03-30 21:32:49,531.59
2022-03-30 21:32:54,531.75
2022-03-30 21:32:59,531.84
2022-03-30 21:33:04,531.97
2022-03-30 21:33:09,532.13
2022-03-30 21:33:14,532.26
2022-03-30 21:33:19,532.43
2022-03-30 21:33:24,532.49
2022-03-30 21:33:29,532.62
2022-03-30 21:33:34,532.72
2022-03-30 21:33:39,532.85
2022-03-30 21:33:44,533.01
2022-03-30 21:33:49,533.07
2022-03-30 21:33:54,538.0752678562255
2022-03-30 21:33:59,533.36
2022-03-30 21:34:04,537.9258475108354
2022-03-30 21:34:09,533.52
2022-03-30 21:34:14,537.776427165446
2022-03-30 21:34:19,537.7017169927509
2022-03-30 21:34:24,533.81
2022-03-30 21:34:29,533.97
2022-03-30 21:34:34,534.04
2022-03-30 21:34:39,537.4028763019714
2022-03-30 21:34:44,534.26
2022-03-30 21:34:49,534.4
2022-03-30 21:34:54,534.49
2022-03-30 21:34:59,537.1040356111926
2022-03-30 21:35:04,537.0293254384975
2022-03-30 21:35:09,536.9546152658024
2022-03-30 21:35:14,534.84
2022-03-30 21:35:19,534.94
2022-03-30 21:35:24,535.01
2022-03-30 21:35:29,535.07
2022-03-30 21:35:34,535.13
2022-03-30 21:35:39,535.2
2022-03-30 21:35:44,536.4316440569391
2022-03-30 21:35:49,536.3569338842441
2022-03-30 21:35:54,535.42
2022-03-30 21:35:59,535.46
2022-03-30 21:36:04,535.52
2022-03-30 21:36:09,535.58
2022-03-30 21:36:14,535.9833830207702
2022-03-30 21:36:19,535.74
2022-03-30 21:36:24,535.8339626753801
2022-03-30 21:36:29,535.87
2022-03-30 21:36:34,535.97
2022-03-30 21:36:39,536.04
2022-03-30 21:36:44,536.1
2022-03-30 21:36:49,536.23
2022-03-30 21:36:54,535.641237962985
2022-03-30 21:36:59,535.6460037863023
2022-03-30 21:37:04,536.39
2022-03-30 21:37:09,535.655535432937
2022-03-30 21:37:14,536.55
2022-03-30 21:37:19,536.61
2022-03-30 21:37:24,535.669832902889
2022-03-30 21:37:29,536.77
2022-03-30 21:37:34,536.84
2022-03-30 21:37:39,536.9
2022-03-30 21:37:44,536.9
2022-03-30 21:37:49,537.0
2022-03-30 21:37:54,535.698427842793
2022-03-30 21:37:59,537.19
2022-03-30 21:38:04,537.25
2022-03-30 21:38:09,537.35
2022-03-30 21:38:14,537.41
2022-03-30 21:38:19,535.7222569593796
2022-03-30 21:38:24,537.57
2022-03-30 21:38:29,537.57
2022-03-30 21:38:34,537.64
2022-03-30 21:38:39,537.7
2022-03-30 21:38:44,537.77
2022-03-30 21:38:49,537.8
2022-03-30 21:38:54,537.87
2022-03-30 21:38:59,537.87
2022-03-30 21:39:04,537.93
2022-03-30 21:39:09,535.769915192553
2022-03-30 21:39:14,538.03
2022-03-30 21:39:19,538.09
2022-03-30 21:39:24,535.784212662505
2022-03-30 21:39:29,535.7889784858223
2022-03-30 21:39:34,535.7937443091396
2022-03-30 21:39:39,538.22
2022-03-30 21:39:44,538.29
2022-03-30 21:39:49,538.32
2022-03-30 21:39:54,538.32
2022-03-30 21:39:59,538.38
2022-03-30 21:40:04,538.39
2022-03-30 21:40:09,538.45
2022-03-30 21:40:14,538.52
2022-03-30 21:40:19,538.45
2022-03-30 21:40:24,538.52
2022-03-30 21:40:29,538.52
2022-03-30 21:40:34,535.8509341889476
2022-03-30 21:40:39,538.55
2022-03-30 21:40:44,538.62
2022-03-30 21:40:49,535.8652316588996
2022-03-30 21:40:54,535.8699974822168
2022-03-30 21:40:59,538.74
2022-03-30 21:41:04,538.68
2022-03-30 21:41:09,535.8842949521688
2022-03-30 21:41:14,535.8890607754862
2022-03-30 21:41:19,538.75
2022-03-30 21:41:24,535.8985924221208
2022-03-30 21:41:29,538.69
2022-03-30 21:41:34,535.9081240687555
2022-03-30 21:41:39,535.9128898920728
2022-03-30 21:41:44,538.62
2022-03-30 21:41:49,535.9224215387075
2022-03-30 21:41:54,538.62
2022-03-30 21:41:59,538.56
2022-03-30 21:42:04,538.56
2022-03-30 21:42:09,538.53
2022-03-30 21:42:14,538.46
2022-03-30 21:42:19,538.4
2022-03-30 21:42:24,538.34
2022-03-30 21:42:29,535.9605481252462
2022-03-30 21:42:34,538.3
2022-03-30 21:42:39,538.24
2022-03-30 21:42:44,538.17
2022-03-30 21:42:49,538.11
2022-03-30 21:42:54,538.05
2022-03-30 21:42:59,538.01
2022-03-30 21:43:04,537.95
2022-03-30 21:43:09,537.89
2022-03-30 21:43:14,537.79
2022-03-30 21:43:19,537.72
2022-03-30 21:43:24,537.66
2022-03-30 21:43:29,537.6
2022-03-30 21:43:34,537.53
2022-03-30 21:43:39,537.5
2022-03-30 21:43:44,537.44
2022-03-30 21:43:49,536.0368012983234
2022-03-30 21:43:54,536.0415671216408
2022-03-30 21:43:59,537.31
2022-03-30 21:44:04,537.28
2022-03-30 21:44:09,536.0558645915928
2022-03-30 21:44:14,537.15
2022-03-30 21:44:19,537.08
2022-03-30 21:44:24,537.08
2022-03-30 21:44:29,536.0749278848621
2022-03-30 21:44:34,536.99
2022-03-30 21:44:39,536.92
2022-03-30 21:44:44,536.86
2022-03-30 21:44:49,536.79
2022-03-30 21:44:54,536.76
2022-03-30 21:44:59,536.76
2022-03-30 21:45:04,536.69
2022-03-30 21:45:09,536.69
2022-03-30 21:45:14,536.63
2022-03-30 21:45:19,536.1225861180354
2022-03-30 21:45:24,536.1273519413527
2022-03-30 21:45:29,536.5
2022-03-30 21:45:34,536.5
2022-03-30 21:45:39,536.47
2022-03-30 21:45:44,536.146415234622
2022-03-30 21:45:49,536.4
2022-03-30 21:45:54,536.34
2022-03-30 21:45:59,536.27
2022-03-30 21:46:04,536.1654785278914
2022-03-30 21:46:09,536.1702443512087
2022-03-30 21:46:14,536.28
2022-03-30 21:46:19,536.24
2022-03-30 21:46:24,536.1845418211607
2022-03-30 21:46:29,536.18
2022-03-30 21:46:34,536.11
2022-03-30 21:46:39,536.11
2022-03-30 21:46:44,536.20360511443
2022-03-30 21:46:49,536.2083709377473
2022-03-30 21:46:54,535.98
2022-03-30 21:46:59,536.217902584382
2022-03-30 21:47:04,536.2226684076993
2022-03-30 21:47:09,535.98
2022-03-30 21:47:14,536.232200054334
2022-03-30 21:47:19,536.2369658776513
2022-03-30 21:47:24,535.95
2022-03-30 21:47:29,535.88
2022-03-30 21:47:34,535.88
2022-03-30 21:47:39,536.2560291709207
2022-03-30 21:47:44,535.88
2022-03-30 21:47:49,535.82
2022-03-30 21:47:54,535.82
2022-03-30 21:47:59,535.82
2022-03-30 21:48:04,535.82
2022-03-30 21:48:09,536.2846241108247
2022-03-30 21:48:14,535.76
2022-03-30 21:48:19,535.75
2022-03-30 21:48:24,535.76
2022-03-30 21:48:29,536.3036874040939
2022-03-30 21:48:34,536.3084532274113
2022-03-30 21:48:39,536.3132190507287
2022-03-30 21:48:44,535.73
2022-03-30 21:48:49,536.3227506973633
2022-03-30 21:48:54,536.3275165206807
2022-03-30 21:48:59,536.3322823439979
2022-03-30 21:49:04,535.73
2022-03-30 21:49:09,535.66
2022-03-30 21:49:14,535.6
2022-03-30 21:49:19,535.6
2022-03-30 21:49:24,536.3561114605845
2022-03-30 21:49:29,535.6
2022-03-30 21:49:34,535.6
2022-03-30 21:49:39,535.6
2022-03-30 21:49:44,535.54
2022-03-30 21:49:49,535.54
2022-03-30 21:49:54,536.3847064004885
2022-03-30 21:49:59,535.47
2022-03-30 21:50:04,535.54
2022-03-30 21:50:09,536.3990038704405
2022-03-30 21:50:14,535.48
2022-03-30 21:50:19,536.4085355170752
2022-03-30 21:50:24,535.45
2022-03-30 21:50:29,536.4180671637099
2022-03-30 21:50:34,535.38
2022-03-30 21:50:39,536.4275988103445
2022-03-30 21:50:44,535.32
2022-03-30 21:50:49,535.32
2022-03-30 21:50:54,535.32
2022-03-30 21:50:59,536.4422979189493
2022-03-30 21:51:04,535.26
2022-03-30 21:51:09,536.4490644095224
2022-03-30 21:51:14,535.23
2022-03-30 21:51:19,535.26
2022-03-30 21:51:24,536.4592141453821
2022-03-30 21:51:29,536.4625973906687
2022-03-30 21:51:34,535.23
2022-03-30 21:51:39,535.23
2022-03-30 21:51:44,535.23
2022-03-30 21:51:49,535.16
2022-03-30 21:51:54,535.16
2022-03-30 21:51:59,535.16
2022-03-30 21:52:04,536.4862801076747
2022-03-30 21:52:09,535.16
2022-03-30 21:52:14,535.1
2022-03-30 21:52:19,535.16
2022-03-30 21:52:24,536.499813088821
2022-03-30 21:52:29,535.1
2022-03-30 21:52:34,536.5065795793942
2022-03-30 21:52:39,536.5099628246808
2022-03-30 21:52:44,535.04
2022-03-30 21:52:49,534.97
2022-03-30 21:52:54,535.04
2022-03-30 21:52:59,534.97
2022-03-30 21:53:04,535.04
2022-03-30 21:53:09,536.5302622964002
2022-03-30 21:53:14,535.04
2022-03-30 21:53:19,535.03
2022-03-30 21:53:24,535.03
2022-03-30 21:53:29,536.5437952775466
2022-03-30 21:53:34,534.97
2022-03-30 21:53:39,534.97
2022-03-30 21:53:44,534.97
2022-03-30 21:53:49,536.5573282586928
2022-03-30 21:53:54,535.04
2022-03-30 21:53:59,536.564094749266
2022-03-30 21:54:04,534.97
2022-03-30 21:54:09,534.97
2022-03-30 21:54:14,534.97
2022-03-30 21:54:19,536.5776277304122
2022-03-30 21:54:24,534.97
2022-03-30 21:54:29,534.97
2022-03-30 21:54:34,534.97
2022-03-30 21:54:39,535.04
2022-03-30 21:54:44,534.97
2022-03-30 21:54:49,536.5979272021317
2022-03-30 21:54:54,535.03
2022-03-30 21:54:59,534.97
2022-03-30 21:55:04,534.97
2022-03-30 21:55:09,534.97
2022-03-30 21:55:14,535.03
2022-03-30 21:55:19,535.03
2022-03-30 21:55:24,535.1
2022-03-30 21:55:29,535.03
2022-03-30 21:55:34,535.03
2022-03-30 21:55:39,535.03
2022-03-30 21:55:44,534.96
2022-03-30 21:55:49,535.09
2022-03-30 21:55:54,536.6419093908572
2022-03-30 21:55:59,535.09
2022-03-30 21:56:04,535.09
2022-03-30 21:56:09,536.652059126717
2022-03-30 21:56:14,535.09
2022-03-30 21:56:19,536.6588256172901
2022-03-30 21:56:24,536.6622088625767
2022-03-30 21:56:29,535.16
2022-03-30 21:56:34,535.16
2022-03-30 21:56:39,535.16
2022-03-30 21:56:44,536.675741843723
2022-03-30 21:56:49,536.6791250890095
2022-03-30 21:56:54,535.22
2022-03-30 21:56:59,536.6858915795827
2022-03-30 21:57:04,535.22
2022-03-30 21:57:09,536.6926580701559
2022-03-30 21:57:14,536.6960413154425
2022-03-30 21:57:19,535.32
2022-03-30 21:57:24,536.7028078060156
2022-03-30 21:57:29,536.7061910513021
2022-03-30 21:57:34,536.7095742965887
2022-03-30 21:57:39,536.7129575418753
2022-03-30 21:57:44,536.7163407871618
2022-03-30 21:57:49,535.39
2022-03-30 21:57:54,535.39
2022-03-30 21:57:59,535.45
2022-03-30 21:58:04,535.45
2022-03-30 21:58:09,536.7332570135948
2022-03-30 21:58:14,535.45
2022-03-30 21:58:19,536.7400235041679
2022-03-30 21:58:24,536.7434067494545
2022-03-30 21:58:29,536.746789994741
2022-03-30 21:58:34,536.7501732400276
2022-03-30 21:58:39,535.45
2022-03-30 21:58:44,535.49
2022-03-30 21:58:49,535.46
2022-03-30 21:58:54,535.45
2022-03-30 21:58:59,535.46
2022-03-30 21:59:04,535.46
2022-03-30 21:59:09,535.46
2022-03-30 21:59:14,535.46
2022-03-30 21:59:19,535.46
2022-03-30 21:59:24,535.39
2022-03-30 21:59:29,536.7873889381799
2022-03-30 21:59:34,535.39
2022-03-30 21:59:39,535.33
2022-03-30 21:59:44,535.27
2022-03-30 21:59:49,536.8009219193262
2022-03-30 21:59:54,536.8043051646129
2022-03-30 21:59:59,535.27
2022-03-30 22:00:04,535.33
2022-03-30 22:00:09,536.8144549004726
2022-03-30 22:00:14,535.27
2022-03-30 22:00:19,535.27
2022-03-30 22:00:24,535.24
2022-03-30 22:00:29,535.24
2022-03-30 22:00:34,535.17
2022-03-30 22:00:39,536.834754372192
2022-03-30 22:00:44,535.17
2022-03-30 22:00:49,535.11
2022-03-30 22:00:54,535.11
2022-03-30 22:00:59,535.11
2022-03-30 22:01:04,535.04
2022-03-30 22:01:09,535.05
2022-03-30 22:01:14,535.04
2022-03-30 22:01:19,534.95
2022-03-30 22:01:24,536.8652035797712
2022-03-30 22:01:29,536.8685868250577
2022-03-30 22:01:34,536.8719700703443
2022-03-30 22:01:39,534.95
2022-03-30 22:01:44,534.95
2022-03-30 22:01:49,536.8821198062041
2022-03-30 22:01:54,536.8855030514907
2022-03-30 22:01:59,536.8888862967772
2022-03-30 22:02:04,534.95
2022-03-30 22:02:09,534.89
2022-03-30 22:02:14,534.89
2022-03-30 22:02:19,534.89
2022-03-30 22:02:24,534.88
2022-03-30 22:02:29,534.88
2022-03-30 22:02:34,534.88
2022-03-30 22:02:39,534.82
2022-03-30 22:02:44,534.82
2022-03-30 22:02:49,534.89
2022-03-30 22:02:54,536.9261019949296
2022-03-30 22:02:59,536.9294852402161
2022-03-30 22:03:04,534.88
2022-03-30 22:03:09,534.82
2022-03-30 22:03:14,534.82
2022-03-30 22:03:19,534.89
2022-03-30 22:03:24,534.88
2022-03-30 22:03:29,534.88
2022-03-30 22:03:34,534.88
2022-03-30 22:03:39,536.9565512025088
2022-03-30 22:03:44,534.88
2022-03-30 22:03:49,534.88
2022-03-30 22:03:54,534.88
2022-03-30 22:03:59,534.88
2022-03-30 22:04:04,536.9734674289416
2022-03-30 22:04:09,534.95
2022-03-30 22:04:14,534.88
2022-03-30 22:04:19,534.88
2022-03-30 22:04:24,536.987000410088
2022-03-30 22:04:29,536.9903836553744
2022-03-30 22:04:34,534.95
2022-03-30 22:04:39,534.95
2022-03-30 22:04:44,534.95
2022-03-30 22:04:49,534.94
2022-03-30 22:04:54,534.98
2022-03-30 22:04:59,534.98
2022-03-30 22:05:04,534.97
2022-03-30 22:05:09,534.98
2022-03-30 22:05:14,535.04
2022-03-30 22:05:19,535.04
2022-03-30 22:05:24,537.1446674272125
2022-03-30 22:05:29,535.1
2022-03-30 22:05:34,535.04
2022-03-30 22:05:39,535.11
2022-03-30 22:05:44,537.2241742552334
2022-03-30 22:05:49,535.17
2022-03-30 22:05:54,535.17
2022-03-30 22:05:59,535.24
2022-03-30 22:06:04,537.303681083254
2022-03-30 22:06:09,537.3235577902593
2022-03-30 22:06:14,535.24
2022-03-30 22:06:19,535.24
2022-03-30 22:06:24,535.27
2022-03-30 22:06:29,537.4030646182802
2022-03-30 22:06:34,537.4229413252851
2022-03-30 22:06:39,537.4428180322905
2022-03-30 22:06:44,537.4626947392957
2022-03-30 22:06:49,535.33
2022-03-30 22:06:54,537.502448153306
2022-03-30 22:06:59,535.34
2022-03-30 22:07:04,537.5422015673163
2022-03-30 22:07:09,535.4
2022-03-30 22:07:14,535.34
2022-03-30 22:07:19,535.4
2022-03-30 22:07:24,537.6217083953371
2022-03-30 22:07:29,537.6415851023424
2022-03-30 22:07:34,535.4
2022-03-30 22:07:39,535.41
2022-03-30 22:07:44,535.41
2022-03-30 22:07:49,535.47
2022-03-30 22:07:54,535.47
2022-03-30 22:07:59,537.7608453443736
2022-03-30 22:08:04,535.5
2022-03-30 22:08:09,535.5
2022-03-30 22:08:14,535.5
2022-03-30 22:08:19,535.5
2022-03-30 22:08:24,535.57
2022-03-30 22:08:29,535.5
2022-03-30 22:08:34,535.57
2022-03-30 22:08:39,537.919859000415
2022-03-30 22:08:44,535.57
2022-03-30 22:08:49,535.57
2022-03-30 22:08:54,537.9794891214306
2022-03-30 22:08:59,535.64
2022-03-30 22:09:04,535.57
2022-03-30 22:09:09,535.64
2022-03-30 22:09:14,535.64
2022-03-30 22:09:19,535.64
2022-03-30 22:09:24,535.64
2022-03-30 22:09:29,535.64
2022-03-30 22:09:34,538.1385027774722
2022-03-30 22:09:39,535.71
2022-03-30 22:09:44,535.71
2022-03-30 22:09:49,538.1981328984878
2022-03-30 22:09:54,535.7
2022-03-30 22:09:59,535.71
2022-03-30 22:10:04,535.71
2022-03-30 22:10:09,535.71
2022-03-30 22:10:14,538.2975164335137
2022-03-30 22:10:19,538.3173931405189
2022-03-30 22:10:24,535.77
2022-03-30 22:10:29,535.77
2022-03-30 22:10:34,535.77
2022-03-30 22:10:39,535.77
2022-03-30 22:10:44,535.77
2022-03-30 22:10:49,535.8
2022-03-30 22:10:54,538.4565300895551
2022-03-30 22:10:59,535.77
2022-03-30 22:11:04,535.8
2022-03-30 22:11:09,538.5161602105708
2022-03-30 22:11:14,535.87
2022-03-30 22:11:19,535.87
2022-03-30 22:11:24,535.87
2022-03-30 22:11:29,535.87
2022-03-30 22:11:34,538.6155437455968
2022-03-30 22:11:39,535.93
2022-03-30 22:11:44,535.93
2022-03-30 22:11:49,538.6751738666123
2022-03-30 22:11:54,535.87
2022-03-30 22:11:59,538.7149272806226
2022-03-30 22:12:04,535.93
2022-03-30 22:12:09,535.93
2022-03-30 22:12:14,535.93
2022-03-30 22:12:19,538.7944341086435
2022-03-30 22:12:24,535.93
2022-03-30 22:12:29,535.87
2022-03-30 22:12:34,538.8540642296591
2022-03-30 22:12:39,538.8739409366642
2022-03-30 22:12:44,535.87
2022-03-30 22:12:49,535.8
2022-03-30 22:12:54,535.8
2022-03-30 22:12:59,535.8
2022-03-30 22:13:04,535.8
2022-03-30 22:13:09,535.77
2022-03-30 22:13:14,535.8
2022-03-30 22:13:19,539.0329545927058
2022-03-30 22:13:24,535.77
2022-03-30 22:13:29,535.77
2022-03-30 22:13:34,535.77
2022-03-30 22:13:39,535.7
2022-03-30 22:13:44,535.7
2022-03-30 22:13:49,535.64
2022-03-30 22:13:54,535.57
2022-03-30 22:13:59,539.1919682487472
2022-03-30 22:14:04,535.5
2022-03-30 22:14:09,535.5
2022-03-30 22:14:14,535.5
2022-03-30 22:14:19,535.47
2022-03-30 22:14:24,535.47
2022-03-30 22:14:29,535.41
2022-03-30 22:14:34,539.3311051977837
2022-03-30 22:14:39,539.3509819047889
2022-03-30 22:14:44,539.370858611794
2022-03-30 22:14:49,539.3907353187992
2022-03-30 22:14:54,539.4106120258045
2022-03-30 22:14:59,535.18
2022-03-30 22:15:04,539.4503654398148
2022-03-30 22:15:09,535.12
2022-03-30 22:15:14,535.05
2022-03-30 22:15:19,539.5099955608304
2022-03-30 22:15:24,534.99
2022-03-30 22:15:29,534.96
2022-03-30 22:15:34,534.96
2022-03-30 22:15:39,534.9
2022-03-30 22:15:44,534.9
2022-03-30 22:15:49,539.6292558028615
2022-03-30 22:15:54,534.73
2022-03-30 22:15:59,534.73
2022-03-30 22:16:04,539.6888859238771
2022-03-30 22:16:09,534.61
2022-03-30 22:16:14,534.55
2022-03-30 22:16:19,539.7485160448927
2022-03-30 22:16:24,534.48
2022-03-30 22:16:29,539.788269458903
2022-03-30 22:16:34,534.39
2022-03-30 22:16:39,534.26
2022-03-30 22:16:44,534.26
2022-03-30 22:16:49,534.23
2022-03-30 22:16:54,534.1
2022-03-30 22:16:59,534.1
2022-03-30 22:17:04,539.9274064079394
2022-03-30 22:17:09,533.94
2022-03-30 22:17:14,533.88
2022-03-30 22:17:19,533.82
2022-03-30 22:17:24,533.75
2022-03-30 22:17:29,533.72
2022-03-30 22:17:34,540.0466666499706
2022-03-30 22:17:39,533.59
2022-03-30 22:17:44,533.46
2022-03-30 22:17:49,533.46
2022-03-30 22:17:54,540.1261734779914
2022-03-30 22:17:59,540.1460501849966
2022-03-30 22:18:04,533.3
2022-03-30 22:18:09,533.24
2022-03-30 22:18:14,533.14
2022-03-30 22:18:19,540.2255570130172
2022-03-30 22:18:24,533.01
2022-03-30 22:18:29,532.95
2022-03-30 22:18:34,540.2851871340329
2022-03-30 22:18:39,532.86
2022-03-30 22:18:44,532.73
2022-03-30 22:18:49,540.3448172550484
2022-03-30 22:18:54,532.69
2022-03-30 22:18:59,532.57
2022-03-30 22:19:04,532.5
2022-03-30 22:19:09,532.44
2022-03-30 22:19:14,532.41
2022-03-30 22:19:19,532.41
2022-03-30 22:19:24,532.28
2022-03-30 22:19:29,532.21
2022-03-30 22:19:34,532.21
2022-03-30 22:19:39,540.5555924219059
2022-03-30 22:19:44,532.05
2022-03-30 22:19:49,531.99
2022-03-30 22:19:54,540.6192079104043
2022-03-30 22:19:59,531.89
2022-03-30 22:20:04,540.6616182360698
2022-03-30 22:20:09,540.6828233989027
2022-03-30 22:20:14,540.7040285617355
2022-03-30 22:20:19,531.6
2022-03-30 22:20:24,540.7464388874009
2022-03-30 22:20:29,540.7676440502338
2022-03-30 22:20:34,531.41
2022-03-30 22:20:39,540.8100543758993
2022-03-30 22:20:44,531.31
2022-03-30 22:20:49,531.25
2022-03-30 22:20:54,540.8736698643977
2022-03-30 22:20:59,540.8948750272305
2022-03-30 22:21:04,531.15
2022-03-30 22:21:09,531.02
2022-03-30 22:21:14,531.02
2022-03-30 22:21:19,530.96
2022-03-30 22:21:24,530.89
2022-03-30 22:21:29,541.0221060042272
2022-03-30 22:21:34,530.86
2022-03-30 22:21:39,530.86
2022-03-30 22:21:44,530.79
2022-03-30 22:21:49,541.1069266555581
2022-03-30 22:21:54,530.73
2022-03-30 22:21:59,541.1493369812239
2022-03-30 22:22:04,530.67
2022-03-30 22:22:09,530.66
2022-03-30 22:22:14,541.2129524697222
2022-03-30 22:22:19,530.57
2022-03-30 22:22:24,530.5
2022-03-30 22:22:29,530.5
2022-03-30 22:22:34,530.51
2022-03-30 22:22:39,530.44
2022-03-30 22:22:44,541.3401834467189
2022-03-30 22:22:49,530.37
2022-03-30 22:22:54,541.3825937723843
2022-03-30 22:22:59,530.34
2022-03-30 22:23:04,541.4250040980501
2022-03-30 22:23:09,530.27
2022-03-30 22:23:14,530.21
2022-03-30 22:23:19,530.21
2022-03-30 22:23:24,530.21
2022-03-30 22:23:29,530.15
2022-03-30 22:23:34,541.5522350750467
2022-03-30 22:23:39,530.14
2022-03-30 22:23:44,530.15
2022-03-30 22:23:49,530.15
2022-03-30 22:23:54,530.11
2022-03-30 22:23:59,530.11
2022-03-30 22:24:04,541.6794660520434
2022-03-30 22:24:09,530.05
2022-03-30 22:24:14,530.05
2022-03-30 22:24:19,541.7430815405418
2022-03-30 22:24:24,529.99
2022-03-30 22:24:29,529.99
2022-03-30 22:24:34,529.93
2022-03-30 22:24:39,529.86
2022-03-30 22:24:44,529.83
2022-03-30 22:24:49,529.83
2022-03-30 22:24:54,529.77
2022-03-30 22:24:59,529.77
2022-03-30 22:25:04,541.9339280060368
2022-03-30 22:25:09,529.7
2022-03-30 22:25:14,529.64
2022-03-30 22:25:19,529.64
2022-03-30 22:25:24,542.0187486573677
2022-03-30 22:25:29,529.61
2022-03-30 22:25:34,529.61
2022-03-30 22:25:39,542.0823641458661
2022-03-30 22:25:44,529.61
2022-03-30 22:25:49,529.48
2022-03-30 22:25:54,529.48
2022-03-30 22:25:59,542.1671847971974
2022-03-30 22:26:04,529.42
2022-03-30 22:26:09,529.42
2022-03-30 22:26:14,542.2308002856956
2022-03-30 22:26:19,529.33
2022-03-30 22:26:24,529.36
2022-03-30 22:26:29,542.294415774194
2022-03-30 22:26:34,529.26
2022-03-30 22:26:39,542.3368260998596
2022-03-30 22:26:44,529.26
2022-03-30 22:26:49,529.26
2022-03-30 22:26:54,529.2
2022-03-30 22:26:59,529.2
2022-03-30 22:27:04,542.4428519140235
2022-03-30 22:27:09,529.2
2022-03-30 22:27:14,529.2
2022-03-30 22:27:19,529.14
2022-03-30 22:27:24,542.5276725653547
2022-03-30 22:27:29,529.14
2022-03-30 22:27:34,529.11
2022-03-30 22:27:39,529.04
2022-03-30 22:27:44,528.98
2022-03-30 22:27:49,528.98
2022-03-30 22:27:54,528.98
2022-03-30 22:27:59,542.676108705184
2022-03-30 22:28:04,528.85
2022-03-30 22:28:09,542.7185190308497
2022-03-30 22:28:14,528.82
2022-03-30 22:28:19,542.7609293565152
2022-03-30 22:28:24,528.69
2022-03-30 22:28:29,542.8033396821808
2022-03-30 22:28:34,542.8245448450135
2022-03-30 22:28:39,528.69
2022-03-30 22:28:44,542.866955170679
2022-03-30 22:28:49,542.8881603335119
2022-03-30 22:28:54,528.69
2022-03-30 22:28:59,528.63
2022-03-30 22:29:04,542.9517758220103
2022-03-30 22:29:09,542.972980984843
2022-03-30 22:29:14,528.69
2022-03-30 22:29:19,528.69
2022-03-30 22:29:24,528.69
2022-03-30 22:29:29,528.69
2022-03-30 22:29:34,543.079006799007
2022-03-30 22:29:39,528.76
2022-03-30 22:29:44,543.1214171246725
2022-03-30 22:29:49,528.76
2022-03-30 22:29:54,528.82
2022-03-30 22:29:59,528.85
2022-03-30 22:30:04,543.2062377760036
2022-03-30 22:30:09,528.85
2022-03-30 22:30:14,528.98
2022-03-30 22:30:19,528.98
2022-03-30 22:30:24,528.98
2022-03-30 22:30:29,529.04
2022-03-30 22:30:34,543.3334687530003
2022-03-30 22:30:39,529.14
2022-03-30 22:30:44,529.2
2022-03-30 22:30:49,543.3970842414986
2022-03-30 22:30:54,529.2
2022-03-30 22:30:59,529.33
2022-03-30 22:31:04,529.33
2022-03-30 22:31:09,529.36
2022-03-30 22:31:14,543.5031100556627
2022-03-30 22:31:19,543.5243152184953
2022-03-30 22:31:24,543.5455203813282
2022-03-30 22:31:29,529.62
2022-03-30 22:31:34,529.62
2022-03-30 22:31:39,529.65
2022-03-30 22:31:44,529.72
2022-03-30 22:31:49,543.651546195492
2022-03-30 22:31:54,529.85
2022-03-30 22:31:59,529.85
2022-03-30 22:32:04,529.88
2022-03-30 22:32:09,529.88
2022-03-30 22:32:14,529.88
2022-03-30 22:32:19,529.94
2022-03-30 22:32:24,530.0
2022-03-30 22:32:29,530.07
2022-03-30 22:32:34,543.842392660987
2022-03-30 22:32:39,530.13
2022-03-30 22:32:44,530.17
2022-03-30 22:32:49,530.17
2022-03-30 22:32:54,530.23
2022-03-30 22:32:59,530.29
2022-03-30 22:33:04,530.3
2022-03-30 22:33:09,530.39
2022-03-30 22:33:14,530.46
2022-03-30 22:33:19,530.46
2022-03-30 22:33:24,543.7951934452688
2022-03-30 22:33:29,543.7643447058196
2022-03-30 22:33:34,530.65
2022-03-30 22:33:39,530.65
2022-03-30 22:33:44,530.65
2022-03-30 22:33:49,530.69
2022-03-30 22:33:54,530.75
2022-03-30 22:33:59,530.82
2022-03-30 22:34:04,530.88
2022-03-30 22:34:09,530.88
2022-03-30 22:34:14,530.92
2022-03-30 22:34:19,530.98
2022-03-30 22:34:24,530.98
2022-03-30 22:34:29,543.3941598324304
2022-03-30 22:34:34,543.3633110929816
2022-03-30 22:34:39,531.11
2022-03-30 22:34:44,531.18
2022-03-30 22:34:49,531.27
2022-03-30 22:34:54,531.27
2022-03-30 22:34:59,531.34
2022-03-30 22:35:04,531.34
2022-03-30 22:35:09,543.1473699168379
2022-03-30 22:35:14,543.1165211773887
2022-03-30 22:35:19,531.5
2022-03-30 22:35:24,531.5
2022-03-30 22:35:29,531.63
2022-03-30 22:35:34,531.63
2022-03-30 22:35:39,531.63
2022-03-30 22:35:44,531.7
2022-03-30 22:35:49,542.900580001245
2022-03-30 22:35:54,531.8
2022-03-30 22:35:59,531.8
2022-03-30 22:36:04,542.8080337828977
2022-03-30 22:36:09,531.92
2022-03-30 22:36:14,542.7463363039997
2022-03-30 22:36:19,531.96
2022-03-30 22:36:24,531.96
2022-03-30 22:36:29,531.96
2022-03-30 22:36:34,532.09
2022-03-30 22:36:39,532.02
2022-03-30 22:36:44,532.09
2022-03-30 22:36:49,532.09
2022-03-30 22:36:54,532.15
2022-03-30 22:36:59,532.22
2022-03-30 22:37:04,542.4378489095086
2022-03-30 22:37:09,532.22
2022-03-30 22:37:14,532.25
2022-03-30 22:37:19,542.3453026911614
2022-03-30 22:37:24,532.32
2022-03-30 22:37:29,542.2836052122633
2022-03-30 22:37:34,532.32
2022-03-30 22:37:39,542.2219077333652
2022-03-30 22:37:44,532.31
2022-03-30 22:37:49,532.31
2022-03-30 22:37:54,532.38
2022-03-30 22:37:59,532.38
2022-03-30 22:38:04,542.0676640361196
2022-03-30 22:38:09,532.44
2022-03-30 22:38:14,532.38
2022-03-30 22:38:19,532.38
2022-03-30 22:38:24,541.9442690783235
2022-03-30 22:38:29,532.48
2022-03-30 22:38:34,532.48
2022-03-30 22:38:39,541.8517228599761
2022-03-30 22:38:44,532.48
2022-03-30 22:38:49,541.7900253810778
2022-03-30 22:38:54,541.7591766416289
2022-03-30 22:38:59,532.61
2022-03-30 22:39:04,541.6974791627305
2022-03-30 22:39:09,541.6666304232816
2022-03-30 22:39:14,532.6
2022-03-30 22:39:19,532.67
2022-03-30 22:39:24,541.5740842049344
2022-03-30 22:39:29,532.67
2022-03-30 22:39:34,541.512386726036
2022-03-30 22:39:39,541.4815379865871
2022-03-30 22:39:44,532.73
2022-03-30 22:39:49,532.76
2022-03-30 22:39:54,532.76
2022-03-30 22:39:59,532.83
2022-03-30 22:40:04,532.76
2022-03-30 22:40:09,532.83
2022-03-30 22:40:14,541.2655968104434
2022-03-30 22:40:19,541.2347480709942
2022-03-30 22:40:24,532.89
2022-03-30 22:40:29,541.1730505920962
2022-03-30 22:40:34,541.142201852647
2022-03-30 22:40:39,532.96
2022-03-30 22:40:44,532.95
2022-03-30 22:40:49,532.96
2022-03-30 22:40:54,532.95
2022-03-30 22:40:59,532.98
2022-03-30 22:41:04,532.98
2022-03-30 22:41:09,532.98
2022-03-30 22:41:14,533.05
2022-03-30 22:41:19,533.05
2022-03-30 22:41:24,533.05
2022-03-30 22:41:29,533.05
2022-03-30 22:41:34,533.05
2022-03-30 22:41:39,533.11
2022-03-30 22:41:44,533.11
2022-03-30 22:41:49,533.05
2022-03-30 22:41:54,533.05
2022-03-30 22:41:59,540.6177732820125
2022-03-30 22:42:04,533.12
2022-03-30 22:42:09,540.5560758031141
2022-03-30 22:42:14,533.05
2022-03-30 22:42:19,533.05
2022-03-30 22:42:24,533.05
2022-03-30 22:42:29,533.12
2022-03-30 22:42:34,533.12
2022-03-30 22:42:39,533.12
2022-03-30 22:42:44,540.3401346269708
2022-03-30 22:42:49,533.12
2022-03-30 22:42:54,533.12
2022-03-30 22:42:59,533.12
2022-03-30 22:43:04,540.2167396691743
2022-03-30 22:43:09,533.18
2022-03-30 22:43:14,533.18
2022-03-30 22:43:19,540.1241934508271
2022-03-30 22:43:24,540.0933447113779
2022-03-30 22:43:29,540.0624959719289
2022-03-30 22:43:34,533.19
2022-03-30 22:43:39,533.26
2022-03-30 22:43:44,533.25
2022-03-30 22:43:49,533.19
2022-03-30 22:43:54,533.19
2022-03-30 22:43:59,539.8774035352344
2022-03-30 22:44:04,533.29
2022-03-30 22:44:09,533.26
2022-03-30 22:44:14,533.26
2022-03-30 22:44:19,533.29
2022-03-30 22:44:24,533.29
2022-03-30 22:44:29,533.26
2022-03-30 22:44:34,533.29
2022-03-30 22:44:39,539.6306136196415
2022-03-30 22:44:44,533.36
2022-03-30 22:44:49,533.29
2022-03-30 22:44:54,533.36
2022-03-30 22:44:59,533.29
2022-03-30 22:45:04,533.29
2022-03-30 22:45:09,539.445521182947
2022-03-30 22:45:14,539.4146724434978
2022-03-30 22:45:19,533.36
2022-03-30 22:45:24,539.3529749645998
2022-03-30 22:45:29,533.36
2022-03-30 22:45:34,533.42
2022-03-30 22:45:39,533.42
2022-03-30 22:45:44,533.49
2022-03-30 22:45:49,533.49
2022-03-30 22:45:54,533.49
2022-03-30 22:45:59,539.137033788456
2022-03-30 22:46:04,533.49
2022-03-30 22:46:09,533.49
2022-03-30 22:46:14,539.0444875701087
2022-03-30 22:46:19,533.52
2022-03-30 22:46:24,538.9827900912106
2022-03-30 22:46:29,533.65
2022-03-30 22:46:34,533.65
2022-03-30 22:46:39,533.66
2022-03-30 22:46:44,533.65
2022-03-30 22:46:49,533.72
2022-03-30 22:46:54,533.72
2022-03-30 22:46:59,533.72
2022-03-30 22:47:04,533.78
2022-03-30 22:47:09,533.81
2022-03-30 22:47:14,538.7273847020167
2022-03-30 22:47:19,533.88
2022-03-30 22:47:24,538.7209314282238
2022-03-30 22:47:29,533.94
2022-03-30 22:47:34,534.01
2022-03-30 22:47:39,538.7112515175345
2022-03-30 22:47:44,538.708024880638
2022-03-30 22:47:49,538.7047982437417
2022-03-30 22:47:54,534.04
2022-03-30 22:47:59,534.04
2022-03-30 22:48:04,538.6951183330524
2022-03-30 22:48:09,534.1
2022-03-30 22:48:14,534.1
2022-03-30 22:48:19,538.6854384223631
2022-03-30 22:48:24,534.1
2022-03-30 22:48:29,534.1
2022-03-30 22:48:34,538.6757585116736
2022-03-30 22:48:39,534.1
2022-03-30 22:48:44,538.6693052378808
2022-03-30 22:48:49,534.23
2022-03-30 22:48:54,534.17
2022-03-30 22:48:59,538.6596253271915
2022-03-30 22:49:04,538.6563986902951
2022-03-30 22:49:09,534.23
2022-03-30 22:49:14,538.6499454165022
2022-03-30 22:49:19,534.23
2022-03-30 22:49:24,538.6434921427093
2022-03-30 22:49:29,538.6402655058129
2022-03-30 22:49:34,534.16
2022-03-30 22:49:39,534.16
2022-03-30 22:49:44,534.22
2022-03-30 22:49:49,538.6273589582271
2022-03-30 22:49:54,534.1
2022-03-30 22:49:59,534.1
2022-03-30 22:50:04,538.6176790475378
2022-03-30 22:50:09,534.1
2022-03-30 22:50:14,534.1
2022-03-30 22:50:19,534.0
2022-03-30 22:50:24,534.03
2022-03-30 22:50:29,534.0
2022-03-30 22:50:34,534.0
2022-03-30 22:50:39,533.93
2022-03-30 22:50:44,533.94
2022-03-30 22:50:49,533.94
2022-03-30 22:50:54,538.5854126785733
2022-03-30 22:50:59,533.88
2022-03-30 22:51:04,538.5789594047804
2022-03-30 22:51:09,538.575732767884
2022-03-30 22:51:14,538.5725061309876
2022-03-30 22:51:19,533.81
2022-03-30 22:51:24,538.5660528571947
2022-03-30 22:51:29,533.78
2022-03-30 22:51:34,533.78
2022-03-30 22:51:39,533.72
2022-03-30 22:51:44,538.5531463096089
2022-03-30 22:51:49,533.72
2022-03-30 22:51:54,533.72
2022-03-30 22:51:59,533.66
2022-03-30 22:52:04,533.66
2022-03-30 22:52:09,538.5370131251268
2022-03-30 22:52:14,533.53
2022-03-30 22:52:19,533.53
2022-03-30 22:52:24,533.53
2022-03-30 22:52:29,538.524106577541
2022-03-30 22:52:34,533.5
2022-03-30 22:52:39,533.44
2022-03-30 22:52:44,533.37
2022-03-30 22:52:49,533.37
2022-03-30 22:52:54,538.5079733930588
2022-03-30 22:52:59,533.28
2022-03-30 22:53:04,533.28
2022-03-30 22:53:09,533.28
2022-03-30 22:53:14,533.28
2022-03-30 22:53:19,533.15
2022-03-30 22:53:24,533.09
2022-03-30 22:53:29,538.4853869347837
2022-03-30 22:53:34,533.02
2022-03-30 22:53:39,538.4789336609908
2022-03-30 22:53:44,538.4757070240944
2022-03-30 22:53:49,532.86
2022-03-30 22:53:54,532.87
2022-03-30 22:53:59,532.87
2022-03-30 22:54:04,538.4628004765086
2022-03-30 22:54:09,538.4595738396122
2022-03-30 22:54:14,532.77
2022-03-30 22:54:19,538.4531205658193
2022-03-30 22:54:24,538.4498939289228
2022-03-30 22:54:29,532.71
2022-03-30 22:54:34,532.71
2022-03-30 22:54:39,532.65
2022-03-30 22:54:44,532.71
2022-03-30 22:54:49,538.4337607444406
2022-03-30 22:54:54,538.4305341075442
2022-03-30 22:54:59,532.65
2022-03-30 22:55:04,532.58
2022-03-30 22:55:09,532.58
2022-03-30 22:55:14,532.52
2022-03-30 22:55:19,538.414400923062
2022-03-30 22:55:24,538.4111742861655
2022-03-30 22:55:29,532.52
2022-03-30 22:55:34,532.49
2022-03-30 22:55:39,532.52
2022-03-30 22:55:44,532.49
2022-03-30 22:55:49,532.49
2022-03-30 22:55:54,538.3918144647869
2022-03-30 22:55:59,532.42
2022-03-30 22:56:04,532.49
2022-03-30 22:56:09,532.49
2022-03-30 22:56:14,538.3789079172012
2022-03-30 22:56:19,532.49
2022-03-30 22:56:24,532.49
2022-03-30 22:56:29,532.49
2022-03-30 22:56:34,532.49
2022-03-30 22:56:39,538.362774732719
2022-03-30 22:56:44,538.3595480958226
2022-03-30 22:56:49,538.3563214589261
2022-03-30 22:56:54,532.49
2022-03-30 22:56:59,532.49
2022-03-30 22:57:04,532.49
2022-03-30 22:57:09,538.3434149113403
2022-03-30 22:57:14,532.52
2022-03-30 22:57:19,532.49
2022-03-30 22:57:24,532.52
2022-03-30 22:57:29,532.52
2022-03-30 22:57:34,532.52
2022-03-30 22:57:39,538.3240550899617
2022-03-30 22:57:44,532.52
2022-03-30 22:57:49,532.58
2022-03-30 22:57:54,532.58
2022-03-30 22:57:59,538.3111485423759
2022-03-30 22:58:04,538.3079219054795
2022-03-30 22:58:09,538.304695268583
2022-03-30 22:58:14,532.71
2022-03-30 22:58:19,538.2982419947901
2022-03-30 22:58:24,532.71
2022-03-30 22:58:29,532.78
2022-03-30 22:58:34,532.78
2022-03-30 22:58:39,538.2853354472044
2022-03-30 22:58:44,532.81
2022-03-30 22:58:49,532.87
2022-03-30 22:58:54,532.87
2022-03-30 22:58:59,538.2724288996186
2022-03-30 22:59:04,533.0
2022-03-30 22:59:09,533.0
2022-03-30 22:59:14,533.03
2022-03-30 22:59:19,533.1
2022-03-30 22:59:24,533.16
2022-03-30 22:59:29,533.23
2022-03-30 22:59:34,538.2498424413436
2022-03-30 22:59:39,533.29
2022-03-30 22:59:44,533.32
2022-03-30 22:59:49,538.2401625306543
2022-03-30 22:59:54,533.45
2022-03-30 22:59:59,533.52
2022-03-30 23:00:04,533.55
2022-03-30 23:00:09,533.55
2022-03-30 23:00:14,533.62
2022-03-30 23:00:19,533.68
2022-03-30 23:00:24,533.75
2022-03-30 23:00:29,538.2143494354827
2022-03-30 23:00:34,533.81
2022-03-30 23:00:39,538.2078961616899
2022-03-30 23:00:44,533.91
2022-03-30 23:00:49,533.98
2022-03-30 23:00:54,538.1982162510005
2022-03-30 23:00:59,538.1949896141041
2022-03-30 23:01:04,538.1917629772076
2022-03-30 23:01:09,534.14
2022-03-30 23:01:14,538.2047331873373
2022-03-30 23:01:19,538.2240131270494
2022-03-30 23:01:24,534.33
2022-03-30 23:01:29,534.37
2022-03-30 23:01:34,534.37
2022-03-30 23:01:39,538.301132885898
2022-03-30 23:01:44,534.44
2022-03-30 23:01:49,534.5
2022-03-30 23:01:54,538.3589727050346
2022-03-30 23:01:59,538.3782526447468
2022-03-30 23:02:04,534.57
2022-03-30 23:02:09,534.57
2022-03-30 23:02:14,534.57
2022-03-30 23:02:19,534.6
2022-03-30 23:02:24,534.61
2022-03-30 23:02:29,538.4939322830198
2022-03-30 23:02:34,534.57
2022-03-30 23:02:39,538.5324921624442
2022-03-30 23:02:44,534.57
2022-03-30 23:02:49,534.51
2022-03-30 23:02:54,538.5903319815807
2022-03-30 23:02:59,534.51
2022-03-30 23:03:04,534.51
2022-03-30 23:03:09,534.51
2022-03-30 23:03:14,534.45
2022-03-30 23:03:19,534.38
2022-03-30 23:03:24,534.39
2022-03-30 23:03:29,534.39
2022-03-30 23:03:34,538.7445714992782
2022-03-30 23:03:39,534.29
2022-03-30 23:03:44,534.29
2022-03-30 23:03:49,538.8024113184148
2022-03-30 23:03:54,534.23
2022-03-30 23:03:59,534.1
2022-03-30 23:04:04,534.1
2022-03-30 23:04:09,534.1
2022-03-30 23:04:14,534.1
2022-03-30 23:04:19,534.07
2022-03-30 23:04:24,534.07
2022-03-30 23:04:29,534.07
2022-03-30 23:04:34,533.94
2022-03-30 23:04:39,538.9952107155364
2022-03-30 23:04:44,539.0144906552486
2022-03-30 23:04:49,533.88
2022-03-30 23:04:54,539.0530505346729
2022-03-30 23:04:59,533.85
2022-03-30 23:05:04,533.78
2022-03-30 23:05:09,533.72
2022-03-30 23:05:14,539.1301702935217
2022-03-30 23:05:19,539.1494502332339
2022-03-30 23:05:24,533.56
2022-03-30 23:05:29,539.1880101126582
2022-03-30 23:05:34,539.2072900523704
2022-03-30 23:05:39,533.33
2022-03-30 23:05:44,533.27
2022-03-30 23:05:49,533.27
2022-03-30 23:05:54,539.2844098112191
2022-03-30 23:05:59,533.14
2022-03-30 23:06:04,533.04
2022-03-30 23:06:09,533.04
2022-03-30 23:06:14,539.3615295700678
2022-03-30 23:06:19,532.91
2022-03-30 23:06:24,532.85
2022-03-30 23:06:29,532.82
2022-03-30 23:06:34,532.75
2022-03-30 23:06:39,532.69
2022-03-30 23:06:44,532.62
2022-03-30 23:06:49,532.56
2022-03-30 23:06:54,539.5157690877653
2022-03-30 23:06:59,532.46
2022-03-30 23:07:04,532.33
2022-03-30 23:07:09,532.3
2022-03-30 23:07:14,532.24
2022-03-30 23:07:19,532.23
2022-03-30 23:07:24,532.11
2022-03-30 23:07:29,539.6507286657503
2022-03-30 23:07:34,531.94
2022-03-30 23:07:39,531.95
2022-03-30 23:07:44,539.7085684848869
2022-03-30 23:07:49,531.79
2022-03-30 23:07:54,531.79
2022-03-30 23:07:59,531.72
2022-03-30 23:08:04,531.66
2022-03-30 23:08:09,531.59
2022-03-30 23:08:14,539.8242481231599
2022-03-30 23:08:19,539.8435280628722
2022-03-30 23:08:24,531.53
2022-03-30 23:08:29,539.8820879422965
2022-03-30 23:08:34,531.43
2022-03-30 23:08:39,531.37
2022-03-30 23:08:44,531.37
2022-03-30 23:08:49,531.31
2022-03-30 23:08:54,531.27
2022-03-30 23:08:59,531.21
2022-03-30 23:09:04,531.21
2022-03-30 23:09:09,531.15
2022-03-30 23:09:14,531.15
2022-03-30 23:09:19,531.08
2022-03-30 23:09:24,531.02
2022-03-30 23:09:29,540.1134472188426
2022-03-30 23:09:34,530.99
2022-03-30 23:09:39,540.1520070982671
2022-03-30 23:09:44,530.93
2022-03-30 23:09:49,530.93
2022-03-30 23:09:54,540.2098469174035
2022-03-30 23:09:59,540.2291268571156
2022-03-30 23:10:04,540.2484067968278
2022-03-30 23:10:09,530.87
2022-03-30 23:10:14,530.87
2022-03-30 23:10:19,530.87
2022-03-30 23:10:24,530.81
2022-03-30 23:10:29,530.87
2022-03-30 23:10:34,530.87
2022-03-30 23:10:39,530.81
2022-03-30 23:10:44,530.81
2022-03-30 23:10:49,530.81
2022-03-30 23:10:54,530.87
2022-03-30 23:10:59,540.4604861336619
2022-03-30 23:11:04,540.479766073374
2022-03-30 23:11:09,530.81
2022-03-30 23:11:14,530.82
2022-03-30 23:11:19,530.82
2022-03-30 23:11:24,530.82
2022-03-30 23:11:29,530.82
2022-03-30 23:11:34,530.82
2022-03-30 23:11:39,540.6147256513592
2022-03-30 23:11:44,530.88
2022-03-30 23:11:49,530.82
2022-03-30 23:11:54,530.82
2022-03-30 23:11:59,530.82
2022-03-30 23:12:04,530.89
2022-03-30 23:12:09,530.88
2022-03-30 23:12:14,530.89
2022-03-30 23:12:19,530.95
2022-03-30 23:12:24,531.02
2022-03-30 23:12:29,531.02
2022-03-30 23:12:34,540.8268049881931
2022-03-30 23:12:39,531.05
2022-03-30 23:12:44,531.05
2022-03-30 23:12:49,531.05
2022-03-30 23:12:54,540.9039247470419
2022-03-30 23:12:59,531.12
2022-03-30 23:13:04,540.9424846264661
2022-03-30 23:13:09,531.12
2022-03-30 23:13:14,531.18
2022-03-30 23:13:19,531.18
2022-03-30 23:13:24,531.18
2022-03-30 23:13:29,531.18
2022-03-30 23:13:34,531.25
2022-03-30 23:13:39,531.25
2022-03-30 23:13:44,531.31
2022-03-30 23:13:49,531.31
2022-03-30 23:13:54,531.35
2022-03-30 23:13:59,531.35
2022-03-30 23:14:04,531.41
2022-03-30 23:14:09,531.48
2022-03-30 23:14:14,541.2124037824367
2022-03-30 23:14:19,531.47
2022-03-30 23:14:24,531.54
2022-03-30 23:14:29,531.54
2022-03-30 23:14:34,531.57
2022-03-30 23:14:39,531.57
2022-03-30 23:14:44,541.3280834207097
2022-03-30 23:14:49,531.64
2022-03-30 23:14:54,531.7
2022-03-30 23:14:59,541.3859232398463
2022-03-30 23:15:04,531.7
2022-03-30 23:15:09,531.7
2022-03-30 23:15:14,531.76
2022-03-30 23:15:19,541.4242876688211
2022-03-30 23:15:24,541.3953827580093
2022-03-30 23:15:29,531.83
2022-03-30 23:15:34,531.83
2022-03-30 23:15:39,531.86
2022-03-30 23:15:44,541.2797631147615
2022-03-30 23:15:49,531.86
2022-03-30 23:15:54,531.93
2022-03-30 23:15:59,531.93
2022-03-30 23:16:04,531.92
2022-03-30 23:16:09,531.99
2022-03-30 23:16:14,531.99
2022-03-30 23:16:19,531.99
2022-03-30 23:16:24,532.05
2022-03-30 23:16:29,532.05
2022-03-30 23:16:34,532.09
2022-03-30 23:16:39,532.09
2022-03-30 23:16:44,532.09
2022-03-30 23:16:49,532.15
2022-03-30 23:16:54,532.15
2022-03-30 23:16:59,540.8461894525827
2022-03-30 23:17:04,532.15
2022-03-30 23:17:09,532.21
2022-03-30 23:17:14,532.22
2022-03-30 23:17:19,540.730569809335
2022-03-30 23:17:24,532.28
2022-03-30 23:17:29,532.35
2022-03-30 23:17:34,532.34
2022-03-30 23:17:39,540.6149501660875
2022-03-30 23:17:44,532.38
2022-03-30 23:17:49,540.5571403444635
2022-03-30 23:17:54,540.5282354336517
2022-03-30 23:17:59,532.45
2022-03-30 23:18:04,532.44
2022-03-30 23:18:09,532.51
2022-03-30 23:18:14,532.51
2022-03-30 23:18:19,540.383710879592
2022-03-30 23:18:24,532.58
2022-03-30 23:18:29,532.58
2022-03-30 23:18:34,532.61
2022-03-30 23:18:39,540.2680912363444
2022-03-30 23:18:44,532.61
2022-03-30 23:18:49,540.2102814147204
2022-03-30 23:18:54,532.74
2022-03-30 23:18:59,532.74
2022-03-30 23:19:04,540.1235666822846
2022-03-30 23:19:09,532.87
2022-03-30 23:19:14,532.9
2022-03-30 23:19:19,532.9
2022-03-30 23:19:24,532.97
2022-03-30 23:19:29,532.97
2022-03-30 23:19:34,533.04
2022-03-30 23:19:39,533.1
2022-03-30 23:19:44,533.14
2022-03-30 23:19:49,539.8634224849774
2022-03-30 23:19:54,539.8345175741654
2022-03-30 23:19:59,533.27
2022-03-30 23:20:04,533.27
2022-03-30 23:20:09,533.33
2022-03-30 23:20:14,533.4
2022-03-30 23:20:19,533.43
2022-03-30 23:20:24,533.43
2022-03-30 23:20:29,533.5
2022-03-30 23:20:34,533.56
2022-03-30 23:20:39,539.574373376858
2022-03-30 23:20:44,533.63
2022-03-30 23:20:49,533.63
2022-03-30 23:20:54,539.4876586444224
2022-03-30 23:20:59,533.73
2022-03-30 23:21:04,533.73
2022-03-30 23:21:09,539.4009439119866
2022-03-30 23:21:14,539.3720390011748
2022-03-30 23:21:19,539.3431340903628
2022-03-30 23:21:24,533.79
2022-03-30 23:21:29,533.86
2022-03-30 23:21:34,533.86
2022-03-30 23:21:39,533.92
2022-03-30 23:21:44,533.92
2022-03-30 23:21:49,533.92
2022-03-30 23:21:54,533.86
2022-03-30 23:21:59,533.92
2022-03-30 23:22:04,533.92
2022-03-30 23:22:09,533.92
2022-03-30 23:22:14,533.92
2022-03-30 23:22:19,533.92
2022-03-30 23:22:24,533.93
2022-03-30 23:22:29,533.92
2022-03-30 23:22:34,538.909560428184
2022-03-30 23:22:39,533.93
2022-03-30 23:22:44,533.92
2022-03-30 23:22:49,533.92
2022-03-30 23:22:54,533.92
2022-03-30 23:22:59,533.86
2022-03-30 23:23:04,533.86
2022-03-30 23:23:09,533.86
2022-03-30 23:23:14,538.6783211416885
2022-03-30 23:23:19,538.6494162308768
2022-03-30 23:23:24,533.86
2022-03-30 23:23:29,533.86
2022-03-30 23:23:34,533.86
2022-03-30 23:23:39,533.86
2022-03-30 23:23:44,538.5048916768169
2022-03-30 23:23:49,533.8
2022-03-30 23:23:54,533.86
2022-03-30 23:23:59,538.4181769443812
2022-03-30 23:24:04,533.93
2022-03-30 23:24:09,533.86
2022-03-30 23:24:14,538.3314622119454
2022-03-30 23:24:19,533.86
2022-03-30 23:24:24,533.93
2022-03-30 23:24:29,538.2447474795097
2022-03-30 23:24:34,538.2158425686979
2022-03-30 23:24:39,534.02
2022-03-30 23:24:44,534.02
2022-03-30 23:24:49,534.09
2022-03-30 23:24:54,534.09
2022-03-30 23:24:59,538.0713180146381
2022-03-30 23:25:04,534.09
2022-03-30 23:25:09,534.15
2022-03-30 23:25:14,534.18
2022-03-30 23:25:19,537.9556983713907
2022-03-30 23:25:24,537.9267934605787
2022-03-30 23:25:29,534.25
2022-03-30 23:25:34,534.25
2022-03-30 23:25:39,534.31
2022-03-30 23:25:44,534.31
2022-03-30 23:25:49,534.37
2022-03-30 23:25:54,534.37
2022-03-30 23:25:59,534.44
2022-03-30 23:26:04,534.44
2022-03-30 23:26:09,534.44
2022-03-30 23:26:14,534.47
2022-03-30 23:26:19,534.53
2022-03-30 23:26:24,534.6
2022-03-30 23:26:29,534.6
2022-03-30 23:26:34,534.67
2022-03-30 23:26:39,537.4932197983999
2022-03-30 23:26:44,534.7
2022-03-30 23:26:49,537.4354099767761
2022-03-30 23:26:54,534.76
2022-03-30 23:26:59,534.83
2022-03-30 23:27:04,534.89
2022-03-30 23:27:09,534.96
2022-03-30 23:27:14,537.2908854227163
2022-03-30 23:27:19,537.2619805119045
2022-03-30 23:27:24,534.99
2022-03-30 23:27:29,535.06
2022-03-30 23:27:34,535.12
2022-03-30 23:27:39,535.12
2022-03-30 23:27:44,537.1174559578448
2022-03-30 23:27:49,537.0885510470328
2022-03-30 23:27:54,537.0596461362211
2022-03-30 23:27:59,535.29
2022-03-30 23:28:04,535.35
2022-03-30 23:28:09,536.9729314037853
2022-03-30 23:28:14,536.9440264929733
2022-03-30 23:28:19,535.52
2022-03-30 23:28:24,535.52
2022-03-30 23:28:29,535.65
2022-03-30 23:28:34,536.8284068497255
2022-03-30 23:28:39,535.71
2022-03-30 23:28:44,536.7705970281017
2022-03-30 23:28:49,536.7416921172897
2022-03-30 23:28:54,536.712787206478
2022-03-30 23:28:59,536.683882295666
2022-03-30 23:29:04,535.94
2022-03-30 23:29:09,535.94
2022-03-30 23:29:14,536.0
2022-03-30 23:29:19,536.04
2022-03-30 23:29:24,536.1
2022-03-30 23:29:29,536.1
2022-03-30 23:29:34,536.17
2022-03-30 23:29:39,536.17
2022-03-30 23:29:44,536.17
2022-03-30 23:29:49,536.24
2022-03-30 23:29:54,536.7105832798217
2022-03-30 23:29:59,536.7327716984491
2022-03-30 23:30:04,536.27
2022-03-30 23:30:09,536.7771485357038
2022-03-30 23:30:14,536.4
2022-03-30 23:30:19,536.8215253729586
2022-03-30 23:30:24,536.4
2022-03-30 23:30:29,536.53
2022-03-30 23:30:34,536.8880906288406
2022-03-30 23:30:39,536.56
2022-03-30 23:30:44,536.63
2022-03-30 23:30:49,536.63
2022-03-30 23:30:54,536.69
2022-03-30 23:30:59,536.69
2022-03-30 23:31:04,536.69
2022-03-30 23:31:09,537.0434095592319
2022-03-30 23:31:14,536.75
2022-03-30 23:31:19,536.75
2022-03-30 23:31:24,537.109974815114
2022-03-30 23:31:29,536.85
2022-03-30 23:31:34,536.85
2022-03-30 23:31:39,537.176540070996
2022-03-30 23:31:44,536.92
2022-03-30 23:31:49,536.98
2022-03-30 23:31:54,536.98
2022-03-30 23:31:59,536.98
2022-03-30 23:32:04,537.2874821641329
2022-03-30 23:32:09,537.04
2022-03-30 23:32:14,537.3318590013876
2022-03-30 23:32:19,537.3540474200149
2022-03-30 23:32:24,537.3762358386424
2022-03-30 23:32:29,537.3984242572695
2022-03-30 23:32:34,537.420612675897
2022-03-30 23:32:39,537.08
2022-03-30 23:32:44,537.08
2022-03-30 23:32:49,537.05
2022-03-30 23:32:54,537.5093663504065
2022-03-30 23:32:59,537.08
2022-03-30 23:33:04,537.08
2022-03-30 23:33:09,537.5759316062885
2022-03-30 23:33:14,537.14
2022-03-30 23:33:19,537.14
2022-03-30 23:33:24,537.14
2022-03-30 23:33:29,537.14
2022-03-30 23:33:34,537.14
2022-03-30 23:33:39,537.14
2022-03-30 23:33:44,537.14
2022-03-30 23:33:49,537.2
2022-03-30 23:33:54,537.2
2022-03-30 23:33:59,537.2
2022-03-30 23:34:04,537.14
2022-03-30 23:34:09,537.8421926298167
2022-03-30 23:34:14,537.8643810484439
2022-03-30 23:34:19,537.2
2022-03-30 23:34:24,537.14
2022-03-30 23:34:29,537.13
2022-03-30 23:34:34,537.13
2022-03-30 23:34:39,537.14
2022-03-30 23:34:44,537.13
2022-03-30 23:34:49,537.13
2022-03-30 23:34:54,537.2
2022-03-30 23:34:59,538.06407681609
2022-03-30 23:35:04,538.0862652347174
2022-03-30 23:35:09,537.13
2022-03-30 23:35:14,538.130642071972
2022-03-30 23:35:19,537.07
2022-03-30 23:35:24,537.07
2022-03-30 23:35:29,538.1972073278541
2022-03-30 23:35:34,537.07
2022-03-30 23:35:39,537.04
2022-03-30 23:35:44,537.04
2022-03-30 23:35:49,537.04
2022-03-30 23:35:54,537.04
2022-03-30 23:35:59,538.3303378396182
2022-03-30 23:36:04,537.04
2022-03-30 23:36:09,538.374714676873
2022-03-30 23:36:14,536.91
2022-03-30 23:36:19,536.85
2022-03-30 23:36:24,536.85
2022-03-30 23:36:29,538.4634683513825
2022-03-30 23:36:34,538.4856567700098
2022-03-30 23:36:39,536.69
2022-03-30 23:36:44,536.69
2022-03-30 23:36:49,536.62
2022-03-30 23:36:54,536.63
2022-03-30 23:36:59,536.63
2022-03-30 23:37:04,536.56
2022-03-30 23:37:09,538.6409757004012
2022-03-30 23:37:14,536.53
2022-03-30 23:37:19,536.47
2022-03-30 23:37:24,536.41
2022-03-30 23:37:29,538.7297293749107
2022-03-30 23:37:34,536.41
2022-03-30 23:37:39,536.34
2022-03-30 23:37:44,536.28
2022-03-30 23:37:49,536.25
2022-03-30 23:37:54,538.8406714680474
2022-03-30 23:37:59,536.12
2022-03-30 23:38:04,538.885048305302
2022-03-30 23:38:09,536.06
2022-03-30 23:38:14,538.9294251425569
2022-03-30 23:38:19,535.96
2022-03-30 23:38:24,535.96
2022-03-30 23:38:29,535.96
2022-03-30 23:38:34,535.83
2022-03-30 23:38:39,535.83
2022-03-30 23:38:44,535.77
2022-03-30 23:38:49,535.77
2022-03-30 23:38:54,535.74
2022-03-30 23:38:59,535.74
2022-03-30 23:39:04,535.67
2022-03-30 23:39:09,539.1734977474576
2022-03-30 23:39:14,535.61
2022-03-30 23:39:19,539.2178745847123
2022-03-30 23:39:24,539.2400630033396
2022-03-30 23:39:29,535.55
2022-03-30 23:39:34,535.55
2022-03-30 23:39:39,539.3066282592217
2022-03-30 23:39:44,535.51
2022-03-30 23:39:49,539.3510050964763
2022-03-30 23:39:54,535.51
2022-03-30 23:39:59,535.45
2022-03-30 23:40:04,535.51
2022-03-30 23:40:09,535.45
2022-03-30 23:40:14,535.45
2022-03-30 23:40:19,535.45
2022-03-30 23:40:24,535.45
2022-03-30 23:40:29,539.5285124454953
2022-03-30 23:40:34,535.38
2022-03-30 23:40:39,535.45
2022-03-30 23:40:44,535.45
2022-03-30 23:40:49,535.45
2022-03-30 23:40:54,535.39
2022-03-30 23:40:59,535.45
2022-03-30 23:41:04,535.45
2022-03-30 23:41:09,535.45
2022-03-30 23:41:14,535.45
2022-03-30 23:41:19,539.7503966317688
2022-03-30 23:41:24,535.51
2022-03-30 23:41:29,535.51
2022-03-30 23:41:34,535.51
2022-03-30 23:41:39,539.839150306278
2022-03-30 23:41:44,539.8613387249055
2022-03-30 23:41:49,535.61
2022-03-30 23:41:54,535.61
2022-03-30 23:41:59,539.9279039807875
2022-03-30 23:42:04,535.61
2022-03-30 23:42:09,539.9722808180421
2022-03-30 23:42:14,535.67
2022-03-30 23:42:19,540.016657655297
2022-03-30 23:42:24,535.74
2022-03-30 23:42:29,535.77
2022-03-30 23:42:34,540.0832229111791
2022-03-30 23:42:39,535.83
2022-03-30 23:42:44,540.1275997484337
2022-03-30 23:42:49,540.1497881670612
2022-03-30 23:42:54,540.1719765856883
2022-03-30 23:42:59,535.96
2022-03-30 23:43:04,535.96
2022-03-30 23:43:09,540.2385418415704
2022-03-30 23:43:14,536.06
2022-03-30 23:43:19,536.12
2022-03-30 23:43:24,540.3051070974524
2022-03-30 23:43:29,536.12
2022-03-30 23:43:34,536.18
2022-03-30 23:43:39,536.18
2022-03-30 23:43:44,536.25
2022-03-30 23:43:49,540.2571315610978
2022-03-30 23:43:54,536.28
2022-03-30 23:43:59,536.28
2022-03-30 23:44:04,540.2219762633222
2022-03-30 23:44:09,540.2102578307304
2022-03-30 23:44:14,536.41
2022-03-30 23:44:19,540.1868209655465
2022-03-30 23:44:24,536.41
2022-03-30 23:44:29,540.1633841003628
2022-03-30 23:44:34,536.47
2022-03-30 23:44:39,536.54
2022-03-30 23:44:44,536.54
2022-03-30 23:44:49,540.1165103699954
2022-03-30 23:44:54,536.54
2022-03-30 23:44:59,536.57
2022-03-30 23:45:04,540.0813550722197
2022-03-30 23:45:09,536.57
2022-03-30 23:45:14,536.57
2022-03-30 23:45:19,536.54
2022-03-30 23:45:24,536.57
2022-03-30 23:45:29,536.57
2022-03-30 23:45:34,536.54
2022-03-30 23:45:39,536.54
2022-03-30 23:45:44,539.9876076114847
2022-03-30 23:45:49,536.54
2022-03-30 23:45:54,536.48
2022-03-30 23:45:59,536.48
2022-03-30 23:46:04,536.41
2022-03-30 23:46:09,536.42
2022-03-30 23:46:14,536.42
2022-03-30 23:46:19,536.35
2022-03-30 23:46:24,536.29
2022-03-30 23:46:29,536.26
2022-03-30 23:46:34,539.870423285566
2022-03-30 23:46:39,536.13
2022-03-30 23:46:44,539.8469864203822
2022-03-30 23:46:49,536.07
2022-03-30 23:46:54,536.04
2022-03-30 23:46:59,535.97
2022-03-30 23:47:04,535.91
2022-03-30 23:47:09,539.7883942574227
2022-03-30 23:47:14,539.7766758248309
2022-03-30 23:47:19,539.764957392239
2022-03-30 23:47:24,535.69
2022-03-30 23:47:29,535.69
2022-03-30 23:47:34,535.56
2022-03-30 23:47:39,539.7180836618716
2022-03-30 23:47:44,539.7063652292798
2022-03-30 23:47:49,535.46
2022-03-30 23:47:54,539.6829283640959
2022-03-30 23:47:59,535.33
2022-03-30 23:48:04,535.33
2022-03-30 23:48:09,535.27
2022-03-30 23:48:14,539.6360546337285
2022-03-30 23:48:19,535.11
2022-03-30 23:48:24,535.05
2022-03-30 23:48:29,535.01
2022-03-30 23:48:34,534.95
2022-03-30 23:48:39,539.5774624707691
2022-03-30 23:48:44,534.82
2022-03-30 23:48:49,539.5540256055854
2022-03-30 23:48:54,539.5423071729934
2022-03-30 23:48:59,534.66
2022-03-30 23:49:04,539.5188703078097
2022-03-30 23:49:09,534.53
2022-03-30 23:49:14,534.5
2022-03-30 23:49:19,539.4837150100341
2022-03-30 23:49:24,534.37
2022-03-30 23:49:29,539.4602781448502
2022-03-30 23:49:34,534.21
2022-03-30 23:49:39,539.4368412796665
2022-03-30 23:49:44,539.4251228470746
2022-03-30 23:49:49,539.4134044144828
2022-03-30 23:49:54,534.02
2022-03-30 23:49:59,539.3899675492991
2022-03-30 23:50:04,533.92
2022-03-30 23:50:09,539.3665306841153
2022-03-30 23:50:14,539.3548122515234
2022-03-30 23:50:19,539.3430938189316
2022-03-30 23:50:24,533.73
2022-03-30 23:50:29,533.7
2022-03-30 23:50:34,533.63
2022-03-30 23:50:39,533.63
2022-03-30 23:50:44,533.57
2022-03-30 23:50:49,533.5
2022-03-30 23:50:54,539.2610647907884
2022-03-30 23:50:59,533.41
2022-03-30 23:51:04,539.2376279256047
2022-03-30 23:51:09,539.2259094930128
2022-03-30 23:51:14,533.27
2022-03-30 23:51:19,533.28
2022-03-30 23:51:24,533.21
2022-03-30 23:51:29,533.18
2022-03-30 23:51:34,533.12
2022-03-30 23:51:39,539.1555988974616
2022-03-30 23:51:44,533.05
2022-03-30 23:51:49,532.99
2022-03-30 23:51:54,532.96
2022-03-30 23:51:59,539.108725167094
2022-03-30 23:52:04,532.82
2022-03-30 23:52:09,532.82
2022-03-30 23:52:14,532.76
2022-03-30 23:52:19,532.7
2022-03-30 23:52:24,532.66
2022-03-30 23:52:29,532.66
2022-03-30 23:52:34,532.6
2022-03-30 23:52:39,532.53
2022-03-30 23:52:44,532.53
2022-03-30 23:52:49,532.53
2022-03-30 23:52:54,532.53
2022-03-30 23:52:59,532.47
2022-03-30 23:53:04,532.47
2022-03-30 23:53:09,532.47
2022-03-30 23:53:14,532.44
2022-03-30 23:53:19,532.44
2022-03-30 23:53:24,538.9095118130322
2022-03-30 23:53:29,532.44
2022-03-30 23:53:34,532.44
2022-03-30 23:53:39,532.44
2022-03-30 23:53:44,532.44
2022-03-30 23:53:49,532.44
2022-03-30 23:53:54,532.47
2022-03-30 23:53:59,532.47
2022-03-30 23:54:04,532.47
2022-03-30 23:54:09,532.48
2022-03-30 23:54:14,538.7923274871134
2022-03-30 23:54:19,532.6
2022-03-30 23:54:24,532.61
2022-03-30 23:54:29,532.67
2022-03-30 23:54:34,538.7454537567459
2022-03-30 23:54:39,532.7
2022-03-30 23:54:44,532.77
2022-03-30 23:54:49,532.83
2022-03-30 23:54:54,532.83
2022-03-30 23:54:59,538.6868615937865
2022-03-30 23:55:04,532.9
2022-03-30 23:55:09,532.96
2022-03-30 23:55:14,532.96
2022-03-30 23:55:19,533.0
2022-03-30 23:55:24,533.0
2022-03-30 23:55:29,533.13
2022-03-30 23:55:34,538.6048325656434
2022-03-30 23:55:39,533.13
2022-03-30 23:55:44,533.13
2022-03-30 23:55:49,538.5696772678677
2022-03-30 23:55:54,533.23
2022-03-30 23:55:59,533.29
2022-03-30 23:56:04,533.36
2022-03-30 23:56:09,533.36
2022-03-30 23:56:14,533.42
2022-03-30 23:56:19,533.49
2022-03-30 23:56:24,533.52
2022-03-30 23:56:29,533.59
2022-03-30 23:56:34,538.4642113745409
2022-03-30 23:56:39,533.65
2022-03-30 23:56:44,533.72
2022-03-30 23:56:49,538.4290560767653
2022-03-30 23:56:54,538.4173376441735
2022-03-30 23:56:59,533.88
2022-03-30 23:57:04,533.94
2022-03-30 23:57:09,538.3821823463978
2022-03-30 23:57:14,534.01
2022-03-30 23:57:19,534.04
2022-03-30 23:57:24,534.11
2022-03-30 23:57:29,534.11
2022-03-30 23:57:34,538.3359931923676
2022-03-30 23:57:39,534.24
2022-03-30 23:57:44,534.27
2022-03-30 23:57:49,534.33
2022-03-30 23:57:54,534.4
2022-03-30 23:57:59,534.47
2022-03-30 23:58:04,538.384148719486
2022-03-30 23:58:09,534.62
2022-03-30 23:58:14,534.69
2022-03-30 23:58:19,534.76
2022-03-30 23:58:24,534.79
2022-03-30 23:58:29,534.92
2022-03-30 23:58:34,534.98
2022-03-30 23:58:39,535.04
2022-03-30 23:58:44,535.14
2022-03-30 23:58:49,535.21
2022-03-30 23:58:54,535.3
2022-03-30 23:58:59,535.37
2022-03-30 23:59:04,535.44
2022-03-30 23:59:09,535.59
2022-03-30 23:59:14,538.4965116160955
2022-03-30 23:59:19,535.72
2022-03-30 23:59:24,538.5125634584684
2022-03-30 23:59:29,535.88
2022-03-30 23:59:34,535.95
2022-03-30 23:59:39,536.01
2022-03-30 23:59:44,538.5446671432139
2022-03-30 23:59:49,536.24
2022-03-30 23:59:54,536.3
2022-03-30 23:59:59,536.33
2022-03-31 00:00:04,536.46
2022-03-31 00:00:09,536.59
2022-03-31 00:00:14,536.69
2022-03-31 00:00:19,536.75
2022-03-31 00:00:24,538.6088745127051
2022-03-31 00:00:29,538.6169004338915
2022-03-31 00:00:34,538.624926355078
2022-03-31 00:00:39,538.6329522762644
2022-03-31 00:00:44,537.33
2022-03-31 00:00:49,538.6490041186371
2022-03-31 00:00:54,537.55
2022-03-31 00:00:59,538.6650559610099
2022-03-31 00:01:04,538.6730818821964
2022-03-31 00:01:09,537.94
2022-03-31 00:01:14,538.0
2022-03-31 00:01:19,538.13
2022-03-31 00:01:24,538.29
2022-03-31 00:01:29,538.39
2022-03-31 00:01:34,538.7212374093147
2022-03-31 00:01:39,538.68
2022-03-31 00:01:44,538.81
2022-03-31 00:01:49,538.9
2022-03-31 00:01:54,538.7533410940603
2022-03-31 00:01:59,539.16
2022-03-31 00:02:04,539.19
2022-03-31 00:02:09,538.7774188576195
2022-03-31 00:02:14,539.48
2022-03-31 00:02:19,539.61
2022-03-31 00:02:24,539.78
2022-03-31 00:02:29,538.8095225423651
2022-03-31 00:02:34,540.0
2022-03-31 00:02:39,540.13
2022-03-31 00:02:44,540.29
2022-03-31 00:02:49,540.42
2022-03-31 00:02:54,538.8496521482971
2022-03-31 00:02:59,540.71
2022-03-31 00:03:04,540.81
2022-03-31 00:03:09,540.97
2022-03-31 00:03:14,541.16
2022-03-31 00:03:19,541.26
2022-03-31 00:03:24,541.39
2022-03-31 00:03:29,541.49
2022-03-31 00:03:34,541.68
2022-03-31 00:03:39,541.78
2022-03-31 00:03:44,541.84
2022-03-31 00:03:49,542.0
2022-03-31 00:03:54,542.14
2022-03-31 00:03:59,542.26
2022-03-31 00:04:04,542.36
2022-03-31 00:04:09,542.49
2022-03-31 00:04:14,542.59
2022-03-31 00:04:19,542.78
2022-03-31 00:04:24,538.9941187296522
2022-03-31 00:04:29,539.0021446508387
2022-03-31 00:04:34,543.04
2022-03-31 00:04:39,543.17
2022-03-31 00:04:44,543.3
2022-03-31 00:04:49,539.0342483355842
2022-03-31 00:04:54,543.46
2022-03-31 00:04:59,539.0503001779571
2022-03-31 00:05:04,539.0583260991434
2022-03-31 00:05:09,543.82
2022-03-31 00:05:14,539.0743779415162
2022-03-31 00:05:19,539.0824038627026
2022-03-31 00:05:24,539.090429783889
2022-03-31 00:05:29,544.08
2022-03-31 00:05:34,539.1064816262618
2022-03-31 00:05:39,544.21
2022-03-31 00:05:44,539.1225334686346
2022-03-31 00:05:49,539.130559389821
2022-03-31 00:05:54,539.1385853110074
2022-03-31 00:05:59,539.1466112321938
2022-03-31 00:06:04,544.56
2022-03-31 00:06:09,539.1626630745666
2022-03-31 00:06:14,544.6
2022-03-31 00:06:19,544.66
2022-03-31 00:06:24,544.66
2022-03-31 00:06:29,544.73
2022-03-31 00:06:34,544.73
2022-03-31 00:06:39,544.79
2022-03-31 00:06:44,544.79
2022-03-31 00:06:49,544.79
2022-03-31 00:06:54,539.2348963652441
2022-03-31 00:06:59,544.73
2022-03-31 00:07:04,544.73
2022-03-31 00:07:09,539.2589741288034
2022-03-31 00:07:14,544.67
2022-03-31 00:07:19,544.6
2022-03-31 00:07:24,544.6
2022-03-31 00:07:29,539.291077813549
2022-03-31 00:07:34,544.5
2022-03-31 00:07:39,544.44
2022-03-31 00:07:44,539.3151555771082
2022-03-31 00:07:49,539.3231814982946
2022-03-31 00:07:54,544.21
2022-03-31 00:07:59,544.21
2022-03-31 00:08:04,539.3472592618538
2022-03-31 00:08:09,544.05
2022-03-31 00:08:14,539.3633111042266
2022-03-31 00:08:19,543.86
2022-03-31 00:08:24,539.3793629465993
2022-03-31 00:08:29,539.3873888677857
2022-03-31 00:08:34,543.64
2022-03-31 00:08:39,543.57
2022-03-31 00:08:44,539.411466631345
2022-03-31 00:08:49,543.47
2022-03-31 00:08:54,543.41
2022-03-31 00:08:59,539.4355443949041
2022-03-31 00:09:04,543.18
2022-03-31 00:09:09,543.12
2022-03-31 00:09:14,543.05
2022-03-31 00:09:19,543.02
2022-03-31 00:09:24,542.96
2022-03-31 00:09:29,542.83
2022-03-31 00:09:34,542.8
2022-03-31 00:09:39,539.4997517643952
2022-03-31 00:09:44,539.5077776855817
2022-03-31 00:09:49,542.5
2022-03-31 00:09:54,542.44
2022-03-31 00:09:59,542.38
2022-03-31 00:10:04,542.31
2022-03-31 00:10:09,542.31
2022-03-31 00:10:14,542.21
2022-03-31 00:10:19,542.09
2022-03-31 00:10:24,542.08
2022-03-31 00:10:29,542.02
2022-03-31 00:10:34,541.99
2022-03-31 00:10:39,541.92
2022-03-31 00:10:44,541.86
2022-03-31 00:10:49,541.8
2022-03-31 00:10:54,541.76
2022-03-31 00:10:59,539.6281665033777
2022-03-31 00:11:04,541.57
2022-03-31 00:11:09,541.51
2022-03-31 00:11:14,539.6522442669368
2022-03-31 00:11:19,541.41
2022-03-31 00:11:24,539.6682961093097
2022-03-31 00:11:29,539.6763220304961
2022-03-31 00:11:34,541.19
2022-03-31 00:11:39,541.12
2022-03-31 00:11:44,539.7292652346393
2022-03-31 00:11:49,540.9
2022-03-31 00:11:54,540.83
2022-03-31 00:11:59,540.77
2022-03-31 00:12:04,540.68
2022-03-31 00:12:09,540.61
2022-03-31 00:12:14,540.54
2022-03-31 00:12:19,539.914189427295
2022-03-31 00:12:24,540.45
2022-03-31 00:12:29,540.39
2022-03-31 00:12:34,540.32
2022-03-31 00:12:39,540.23
2022-03-31 00:12:44,540.23
2022-03-31 00:12:49,540.16
2022-03-31 00:12:54,540.0991136199506
2022-03-31 00:12:59,540.04
2022-03-31 00:13:04,540.04
2022-03-31 00:13:09,540.1783668453744
2022-03-31 00:13:14,539.94
2022-03-31 00:13:19,539.88
2022-03-31 00:13:24,540.2576200707982
2022-03-31 00:13:29,539.82
2022-03-31 00:13:34,539.75
2022-03-31 00:13:39,539.75
2022-03-31 00:13:44,539.72
2022-03-31 00:13:49,540.3897087798379
2022-03-31 00:13:54,540.4161265216459
2022-03-31 00:13:59,539.66
2022-03-31 00:14:04,540.4689620052616
2022-03-31 00:14:09,539.59
2022-03-31 00:14:14,540.5217974888774
2022-03-31 00:14:19,539.53
2022-03-31 00:14:24,539.53
2022-03-31 00:14:29,539.53
2022-03-31 00:14:34,540.6274684561092
2022-03-31 00:14:39,539.47
2022-03-31 00:14:44,540.680303939725
2022-03-31 00:14:49,539.53
2022-03-31 00:14:54,539.53
2022-03-31 00:14:59,539.47
2022-03-31 00:15:04,539.53
2022-03-31 00:15:09,539.54
2022-03-31 00:15:14,540.8388103905726
2022-03-31 00:15:19,539.6
2022-03-31 00:15:24,539.6
2022-03-31 00:15:29,539.6
2022-03-31 00:15:34,540.9444813578044
2022-03-31 00:15:39,539.67
2022-03-31 00:15:44,539.67
2022-03-31 00:15:49,539.73
2022-03-31 00:15:54,539.73
2022-03-31 00:15:59,539.76
2022-03-31 00:16:04,541.1029878086521
2022-03-31 00:16:09,539.83
2022-03-31 00:16:14,539.89
2022-03-31 00:16:19,541.1822410340759
2022-03-31 00:16:24,541.2086587758839
2022-03-31 00:16:29,541.2350765176919
2022-03-31 00:16:34,539.99
2022-03-31 00:16:39,540.05
2022-03-31 00:16:44,540.12
2022-03-31 00:16:49,540.25
2022-03-31 00:16:54,541.3671652267315
2022-03-31 00:16:59,541.3935829685395
2022-03-31 00:17:04,540.28
2022-03-31 00:17:09,541.4464184521553
2022-03-31 00:17:14,540.34
2022-03-31 00:17:19,541.4992539357711
2022-03-31 00:17:24,540.47
2022-03-31 00:17:29,540.51
2022-03-31 00:17:34,541.5785071611949
2022-03-31 00:17:39,540.63
2022-03-31 00:17:44,540.7
2022-03-31 00:17:49,540.7
2022-03-31 00:17:54,540.79
2022-03-31 00:17:59,540.8
2022-03-31 00:18:04,541.7370136120425
2022-03-31 00:18:09,540.92
2022-03-31 00:18:14,541.7898490956585
2022-03-31 00:18:19,541.8162668374663
2022-03-31 00:18:24,541.8426845792743
2022-03-31 00:18:29,541.15
2022-03-31 00:18:34,541.15
2022-03-31 00:18:39,541.21
2022-03-31 00:18:44,541.28
2022-03-31 00:18:49,541.31
2022-03-31 00:18:54,541.37
2022-03-31 00:18:59,541.44
2022-03-31 00:19:04,542.0540265137377
2022-03-31 00:19:09,541.5
2022-03-31 00:19:14,541.6
2022-03-31 00:19:19,541.66
2022-03-31 00:19:24,542.1596974809695
2022-03-31 00:19:29,542.1861152227775
2022-03-31 00:19:34,541.79
2022-03-31 00:19:39,541.82
2022-03-31 00:19:44,542.2653684482013
2022-03-31 00:19:49,541.95
2022-03-31 00:19:54,541.95
2022-03-31 00:19:59,542.01
2022-03-31 00:20:04,542.01
2022-03-31 00:20:09,542.397457157241
2022-03-31 00:20:14,542.423874899049
2022-03-31 00:20:19,542.11
2022-03-31 00:20:24,542.17
2022-03-31 00:20:29,542.17
2022-03-31 00:20:34,542.24
2022-03-31 00:20:39,542.5559636080885
2022-03-31 00:20:44,542.5823813498965
2022-03-31 00:20:49,542.3
2022-03-31 00:20:54,542.33
2022-03-31 00:20:59,542.6616345753204
2022-03-31 00:21:04,542.6880523171284
2022-03-31 00:21:09,542.4
2022-03-31 00:21:14,542.46
2022-03-31 00:21:19,542.46
2022-03-31 00:21:24,542.53
2022-03-31 00:21:29,542.56
2022-03-31 00:21:34,542.56
2022-03-31 00:21:39,542.56
2022-03-31 00:21:44,542.8993942515918
2022-03-31 00:21:49,542.69
2022-03-31 00:21:54,542.62
2022-03-31 00:21:59,542.9786474770156
2022-03-31 00:22:04,542.75
2022-03-31 00:22:09,542.75
2022-03-31 00:22:14,542.75
2022-03-31 00:22:19,542.82
2022-03-31 00:22:24,542.85
2022-03-31 00:22:29,543.1371539278632
2022-03-31 00:22:34,543.1635716696712
2022-03-31 00:22:39,542.91
2022-03-31 00:22:44,542.98
2022-03-31 00:22:49,542.98
2022-03-31 00:22:54,543.04
2022-03-31 00:22:59,543.2956603787109
2022-03-31 00:23:04,543.08
2022-03-31 00:23:09,543.14
2022-03-31 00:23:14,543.3749136041346
2022-03-31 00:23:19,543.4013313459426
2022-03-31 00:23:24,543.4277490877504
2022-03-31 00:23:29,543.27
2022-03-31 00:23:34,543.4805845713664
2022-03-31 00:23:39,543.36
2022-03-31 00:23:44,543.43
2022-03-31 00:23:49,543.5598377967902
2022-03-31 00:23:54,543.586255538598
2022-03-31 00:23:59,543.49
2022-03-31 00:24:04,543.6390910222141
2022-03-31 00:24:09,543.6655087640221
2022-03-31 00:24:14,543.6919265058299
2022-03-31 00:24:19,543.7183442476379
2022-03-31 00:24:24,543.59
2022-03-31 00:24:29,543.65
2022-03-31 00:24:34,543.65
2022-03-31 00:24:39,543.8240152148696
2022-03-31 00:24:44,543.72
2022-03-31 00:24:49,543.8768506984854
2022-03-31 00:24:54,543.9032684402935
2022-03-31 00:24:59,543.78
2022-03-31 00:25:04,543.85
2022-03-31 00:25:09,543.85
2022-03-31 00:25:14,543.88
2022-03-31 00:25:19,544.0353571493331
2022-03-31 00:25:24,544.0617748911411
2022-03-31 00:25:29,544.01
2022-03-31 00:25:34,544.01
2022-03-31 00:25:39,544.07
2022-03-31 00:25:44,544.1470252064296
2022-03-31 00:25:49,544.1334622848552
2022-03-31 00:25:54,544.1
2022-03-31 00:25:59,544.17
2022-03-31 00:26:04,544.0927735201323
2022-03-31 00:26:09,544.16
2022-03-31 00:26:14,544.0656476769836
2022-03-31 00:26:19,544.23
2022-03-31 00:26:24,544.23
2022-03-31 00:26:29,544.0249589122606
2022-03-31 00:26:34,544.29
2022-03-31 00:26:39,543.9978330691118
2022-03-31 00:26:44,544.29
2022-03-31 00:26:49,543.9707072259632
2022-03-31 00:26:54,543.9571443043889
2022-03-31 00:26:59,543.9435813828146
2022-03-31 00:27:04,544.36
2022-03-31 00:27:09,544.36
2022-03-31 00:27:14,544.36
2022-03-31 00:27:19,544.36
2022-03-31 00:27:24,544.36
2022-03-31 00:27:29,543.8622038533686
2022-03-31 00:27:34,544.36
2022-03-31 00:27:39,544.36
2022-03-31 00:27:44,543.8215150886456
2022-03-31 00:27:49,544.36
2022-03-31 00:27:54,544.36
2022-03-31 00:27:59,544.36
2022-03-31 00:28:04,543.7672634023482
2022-03-31 00:28:09,544.36
2022-03-31 00:28:14,543.7401375591996
2022-03-31 00:28:19,544.29
2022-03-31 00:28:24,543.7130117160508
2022-03-31 00:28:29,543.6994487944764
2022-03-31 00:28:34,544.16
2022-03-31 00:28:39,544.16
2022-03-31 00:28:44,544.16
2022-03-31 00:28:49,544.1
2022-03-31 00:28:54,544.1
2022-03-31 00:28:59,544.1
2022-03-31 00:29:04,544.1
2022-03-31 00:29:09,544.07
2022-03-31 00:29:14,544.07
2022-03-31 00:29:19,543.5638195787332
2022-03-31 00:29:24,543.5502566571588
2022-03-31 00:29:29,544.01
2022-03-31 00:29:34,544.01
2022-03-31 00:29:39,543.94
2022-03-31 00:29:44,543.94
2022-03-31 00:29:49,543.88
2022-03-31 00:29:54,543.88
2022-03-31 00:29:59,543.85
2022-03-31 00:30:04,543.85
2022-03-31 00:30:09,543.78
2022-03-31 00:30:14,543.4146274414154
2022-03-31 00:30:19,543.72
2022-03-31 00:30:24,543.3875015982668
2022-03-31 00:30:29,543.66
2022-03-31 00:30:34,543.59
2022-03-31 00:30:39,543.3468128335438
2022-03-31 00:30:44,543.3332499119695
2022-03-31 00:30:49,543.3196869903952
2022-03-31 00:30:54,543.5
2022-03-31 00:30:59,543.5
2022-03-31 00:31:04,543.43
2022-03-31 00:31:09,543.37
2022-03-31 00:31:14,543.2518723825234
2022-03-31 00:31:19,543.2383094609492
2022-03-31 00:31:24,543.2247465393748
2022-03-31 00:31:29,543.2111836178004
2022-03-31 00:31:34,543.21
2022-03-31 00:31:39,543.1840577746518
2022-03-31 00:31:44,543.15
2022-03-31 00:31:49,543.1569319315032
2022-03-31 00:31:54,543.08
2022-03-31 00:31:59,543.08
2022-03-31 00:32:04,543.05
2022-03-31 00:32:09,543.08
2022-03-31 00:32:14,543.05
2022-03-31 00:32:19,543.0755544020572
2022-03-31 00:32:24,543.0619914804828
2022-03-31 00:32:29,542.99
2022-03-31 00:32:34,542.92
2022-03-31 00:32:39,542.99
2022-03-31 00:32:44,542.86
2022-03-31 00:32:49,542.86
2022-03-31 00:32:54,542.86
2022-03-31 00:32:59,542.83
2022-03-31 00:33:04,542.83
2022-03-31 00:33:09,542.7
2022-03-31 00:33:14,542.76
2022-03-31 00:33:19,542.76
2022-03-31 00:33:24,542.8992364215908
2022-03-31 00:33:29,542.7
2022-03-31 00:33:34,542.63
2022-03-31 00:33:39,542.63
2022-03-31 00:33:44,542.8449847352935
2022-03-31 00:33:49,542.8314218137191
2022-03-31 00:33:54,542.57
2022-03-31 00:33:59,542.8042959705704
2022-03-31 00:34:04,542.57
2022-03-31 00:34:09,542.7771701274218
2022-03-31 00:34:14,542.57
2022-03-31 00:34:19,542.57
2022-03-31 00:34:24,542.7364813626988
2022-03-31 00:34:29,542.53
2022-03-31 00:34:34,542.7093555195501
2022-03-31 00:34:39,542.54
2022-03-31 00:34:44,542.6822296764014
2022-03-31 00:34:49,542.6686667548271
2022-03-31 00:34:54,542.6551038332528
2022-03-31 00:34:59,542.41
2022-03-31 00:35:04,542.34
2022-03-31 00:35:09,542.34
2022-03-31 00:35:14,542.34
2022-03-31 00:35:19,542.34
2022-03-31 00:35:24,542.31
2022-03-31 00:35:29,542.34
2022-03-31 00:35:34,542.546600460658
2022-03-31 00:35:39,542.24
2022-03-31 00:35:44,542.24
2022-03-31 00:35:49,542.31
2022-03-31 00:35:54,542.4923487743608
2022-03-31 00:35:59,542.4787858527864
2022-03-31 00:36:04,542.465222931212
2022-03-31 00:36:09,542.24
2022-03-31 00:36:14,542.24
2022-03-31 00:36:19,542.17
2022-03-31 00:36:24,542.4109712449148
2022-03-31 00:36:29,542.18
2022-03-31 00:36:34,542.383845401766
2022-03-31 00:36:39,542.11
2022-03-31 00:36:44,542.17
2022-03-31 00:36:49,542.17
2022-03-31 00:36:54,542.11
2022-03-31 00:36:59,542.11
2022-03-31 00:37:04,542.30246787232
2022-03-31 00:37:09,542.2889049507457
2022-03-31 00:37:14,542.11
2022-03-31 00:37:19,542.11
2022-03-31 00:37:24,542.2482161860227
2022-03-31 00:37:29,542.11
2022-03-31 00:37:34,542.11
2022-03-31 00:37:39,542.11
2022-03-31 00:37:44,542.18
2022-03-31 00:37:49,542.11
2022-03-31 00:37:54,542.05
2022-03-31 00:37:59,542.11
2022-03-31 00:38:04,542.17
2022-03-31 00:38:09,542.11
2022-03-31 00:38:14,542.18
2022-03-31 00:38:19,542.11
2022-03-31 00:38:24,542.11
2022-03-31 00:38:29,542.0718982055564
2022-03-31 00:38:34,542.18
2022-03-31 00:38:39,542.24
2022-03-31 00:38:44,542.18
2022-03-31 00:38:49,542.24
2022-03-31 00:38:54,542.0040835976846
2022-03-31 00:38:59,542.31
2022-03-31 00:39:04,542.31
2022-03-31 00:39:09,542.34
2022-03-31 00:39:14,542.41
2022-03-31 00:39:19,542.41
2022-03-31 00:39:24,542.47
2022-03-31 00:39:29,542.41
2022-03-31 00:39:34,541.89558022509
2022-03-31 00:39:39,541.8820173035157
2022-03-31 00:39:44,541.8684543819414
2022-03-31 00:39:49,542.54
2022-03-31 00:39:54,542.54
2022-03-31 00:39:59,541.8565354107973
2022-03-31 00:40:04,542.54
2022-03-31 00:40:09,542.58
2022-03-31 00:40:14,542.54
2022-03-31 00:40:19,542.64
2022-03-31 00:40:24,542.64
2022-03-31 00:40:29,542.64
2022-03-31 00:40:34,542.7
2022-03-31 00:40:39,542.71
2022-03-31 00:40:44,542.71
2022-03-31 00:40:49,542.71
2022-03-31 00:40:54,542.71
2022-03-31 00:40:59,541.8345755428276
2022-03-31 00:41:04,542.77
2022-03-31 00:41:09,542.77
2022-03-31 00:41:14,542.77
2022-03-31 00:41:19,541.8272555868377
2022-03-31 00:41:24,542.84
2022-03-31 00:41:29,542.87
2022-03-31 00:41:34,542.87
2022-03-31 00:41:39,541.8199356308478
2022-03-31 00:41:44,542.87
2022-03-31 00:41:49,542.94
2022-03-31 00:41:54,541.8144456638554
2022-03-31 00:41:59,542.94
2022-03-31 00:42:04,543.0
2022-03-31 00:42:09,543.0
2022-03-31 00:42:14,541.8071257078656
2022-03-31 00:42:19,543.0
2022-03-31 00:42:24,541.8034657298706
2022-03-31 00:42:29,541.801635740873
2022-03-31 00:42:34,543.07
2022-03-31 00:42:39,543.07
2022-03-31 00:42:44,541.7961457738807
2022-03-31 00:42:49,541.7943157848832
2022-03-31 00:42:54,543.1
2022-03-31 00:42:59,541.7906558068883
2022-03-31 00:43:04,543.07
2022-03-31 00:43:09,543.07
2022-03-31 00:43:14,541.7851658398959
2022-03-31 00:43:19,543.1
2022-03-31 00:43:24,543.07
2022-03-31 00:43:29,543.07
2022-03-31 00:43:34,543.1
2022-03-31 00:43:39,543.07
2022-03-31 00:43:44,543.07
2022-03-31 00:43:49,543.07
2022-03-31 00:43:54,543.07
2022-03-31 00:43:59,541.7686959389187
2022-03-31 00:44:04,543.1
2022-03-31 00:44:09,543.07
2022-03-31 00:44:14,543.07
2022-03-31 00:44:19,543.1
2022-03-31 00:44:24,543.1
2022-03-31 00:44:29,541.7577160049339
2022-03-31 00:44:34,543.07
2022-03-31 00:44:39,543.1
2022-03-31 00:44:44,541.7522260379413
2022-03-31 00:44:49,543.1
2022-03-31 00:44:54,543.1
2022-03-31 00:44:59,543.1
2022-03-31 00:45:04,543.07
2022-03-31 00:45:09,543.07
2022-03-31 00:45:14,543.0
2022-03-31 00:45:19,543.07
2022-03-31 00:45:24,543.07
2022-03-31 00:45:29,543.0
2022-03-31 00:45:34,543.0
2022-03-31 00:45:39,543.0
2022-03-31 00:45:44,542.94
2022-03-31 00:45:49,543.0
2022-03-31 00:45:54,543.0
2022-03-31 00:45:59,542.93
2022-03-31 00:46:04,542.93
2022-03-31 00:46:09,542.84
2022-03-31 00:46:14,541.7192862359869
2022-03-31 00:46:19,542.87
2022-03-31 00:46:24,542.87
2022-03-31 00:46:29,542.87
2022-03-31 00:46:34,542.87
2022-03-31 00:46:39,542.87
2022-03-31 00:46:44,541.708306302002
2022-03-31 00:46:49,542.84
2022-03-31 00:46:54,542.87
2022-03-31 00:46:59,541.7028163350096
2022-03-31 00:47:04,542.84
2022-03-31 00:47:09,542.84
2022-03-31 00:47:14,542.84
2022-03-31 00:47:19,542.84
2022-03-31 00:47:24,541.6936663900223
2022-03-31 00:47:29,542.84
2022-03-31 00:47:34,542.84
2022-03-31 00:47:39,542.78
2022-03-31 00:47:44,541.6863464340324
2022-03-31 00:47:49,541.6845164450349
2022-03-31 00:47:54,541.6826864560375
2022-03-31 00:47:59,542.78
2022-03-31 00:48:04,541.6790264780425
2022-03-31 00:48:09,542.78
2022-03-31 00:48:14,542.72
2022-03-31 00:48:19,541.6735365110501
2022-03-31 00:48:24,542.72
2022-03-31 00:48:29,542.78
2022-03-31 00:48:34,541.6680465440577
2022-03-31 00:48:39,542.66
2022-03-31 00:48:44,542.72
2022-03-31 00:48:49,542.72
2022-03-31 00:48:54,542.66
2022-03-31 00:48:59,541.6588965990703
2022-03-31 00:49:04,541.6570666100729
2022-03-31 00:49:09,541.6552366210755
2022-03-31 00:49:14,542.66
2022-03-31 00:49:19,541.6515766430805
2022-03-31 00:49:24,541.649746654083
2022-03-31 00:49:29,542.66
2022-03-31 00:49:34,541.6460866760881
2022-03-31 00:49:39,541.6442566870905
2022-03-31 00:49:44,541.6424266980931
2022-03-31 00:49:49,541.6405967090956
2022-03-31 00:49:54,542.6
2022-03-31 00:49:59,541.6369367311007
2022-03-31 00:50:04,542.6
2022-03-31 00:50:09,541.6332767531057
2022-03-31 00:50:14,542.51
2022-03-31 00:50:19,541.6296167751108
2022-03-31 00:50:24,541.6277867861133
2022-03-31 00:50:29,542.44
2022-03-31 00:50:34,542.44
2022-03-31 00:50:39,542.44
2022-03-31 00:50:44,541.6204668301234
2022-03-31 00:50:49,541.618636841126
2022-03-31 00:50:54,542.35
2022-03-31 00:50:59,541.614976863131
2022-03-31 00:51:04,542.35
2022-03-31 00:51:09,542.35
2022-03-31 00:51:14,542.38
2022-03-31 00:51:19,541.6076569071412
2022-03-31 00:51:24,542.35
2022-03-31 00:51:29,541.6039969291462
2022-03-31 00:51:34,541.6021669401488
2022-03-31 00:51:39,542.22
2022-03-31 00:51:44,542.29
2022-03-31 00:51:49,542.16
2022-03-31 00:51:54,542.22
2022-03-31 00:51:59,542.22
2022-03-31 00:52:04,542.16
2022-03-31 00:52:09,542.16
2022-03-31 00:52:14,541.587527028169
2022-03-31 00:52:19,541.5856970391715
2022-03-31 00:52:24,541.583867050174
2022-03-31 00:52:29,542.16
2022-03-31 00:52:34,542.09
2022-03-31 00:52:39,542.16
2022-03-31 00:52:44,542.16
2022-03-31 00:52:49,542.16
2022-03-31 00:52:54,541.5728871161892
2022-03-31 00:52:59,541.5710571271917
2022-03-31 00:53:04,542.16
2022-03-31 00:53:09,542.16
2022-03-31 00:53:14,541.5655671601993
2022-03-31 00:53:19,541.5637371712019
2022-03-31 00:53:24,541.5619071822043
2022-03-31 00:53:29,542.22
2022-03-31 00:53:34,541.5582472042095
2022-03-31 00:53:39,542.22
2022-03-31 00:53:44,541.5545872262145
2022-03-31 00:53:49,541.552757237217
2022-03-31 00:53:54,542.35
2022-03-31 00:53:59,542.29
2022-03-31 00:54:04,542.28
2022-03-31 00:54:09,542.35
2022-03-31 00:54:14,542.35
2022-03-31 00:54:19,542.35
2022-03-31 00:54:24,542.38
2022-03-31 00:54:29,542.38
2022-03-31 00:54:34,542.44
2022-03-31 00:54:39,542.45
2022-03-31 00:54:44,542.44
2022-03-31 00:54:49,542.44
2022-03-31 00:54:54,542.51
2022-03-31 00:54:59,542.51
2022-03-31 00:55:04,541.2894165833909
2022-03-31 00:55:09,542.57
2022-03-31 00:55:14,542.61
2022-03-31 00:55:19,541.2347599780138
2022-03-31 00:55:24,542.57
2022-03-31 00:55:29,542.57
2022-03-31 00:55:34,542.61
2022-03-31 00:55:39,541.1618845041778
2022-03-31 00:55:44,541.1436656357188
2022-03-31 00:55:49,542.67
2022-03-31 00:55:54,542.74
2022-03-31 00:55:59,541.0890090303417
2022-03-31 00:56:04,542.74
2022-03-31 00:56:09,542.8
2022-03-31 00:56:14,542.8
2022-03-31 00:56:19,542.8
2022-03-31 00:56:24,542.81
2022-03-31 00:56:29,542.8
2022-03-31 00:56:34,542.81
2022-03-31 00:56:39,542.81
2022-03-31 00:56:44,542.81
2022-03-31 00:56:49,542.81
2022-03-31 00:56:54,542.81
2022-03-31 00:56:59,542.74
2022-03-31 00:57:04,540.8521637403747
2022-03-31 00:57:09,540.8339448719157
2022-03-31 00:57:14,542.75
2022-03-31 00:57:19,542.68
2022-03-31 00:57:24,542.68
2022-03-31 00:57:29,542.68
2022-03-31 00:57:34,542.68
2022-03-31 00:57:39,542.75
2022-03-31 00:57:44,542.62
2022-03-31 00:57:49,540.6881939242438
2022-03-31 00:57:54,542.59
2022-03-31 00:57:59,540.6517561873256
2022-03-31 00:58:04,542.59
2022-03-31 00:58:09,540.6153184504077
2022-03-31 00:58:14,542.53
2022-03-31 00:58:19,540.5788807134898
2022-03-31 00:58:24,542.47
2022-03-31 00:58:29,542.47
2022-03-31 00:58:34,540.5242241081128
2022-03-31 00:58:39,540.5060052396537
2022-03-31 00:58:44,542.31
2022-03-31 00:58:49,542.3
2022-03-31 00:58:54,540.4513486342767
2022-03-31 00:58:59,542.18
2022-03-31 00:59:04,540.4149108973586
2022-03-31 00:59:09,542.12
2022-03-31 00:59:14,542.08
2022-03-31 00:59:19,542.08
2022-03-31 00:59:24,542.02
2022-03-31 00:59:29,542.02
2022-03-31 00:59:34,541.95
2022-03-31 00:59:39,541.96
2022-03-31 00:59:44,541.89
2022-03-31 00:59:49,541.86
2022-03-31 00:59:54,541.8
2022-03-31 00:59:59,541.8
2022-03-31 01:00:04,541.73
2022-03-31 01:00:09,541.73
2022-03-31 01:00:14,541.67
2022-03-31 01:00:19,541.6
2022-03-31 01:00:24,541.61
2022-03-31 01:00:29,540.1051901335557
2022-03-31 01:00:34,541.51
2022-03-31 01:00:39,541.51
2022-03-31 01:00:44,541.44
2022-03-31 01:00:49,541.38
2022-03-31 01:00:54,540.0140957912606
2022-03-31 01:00:59,541.35
2022-03-31 01:01:04,541.35
2022-03-31 01:01:09,541.29
2022-03-31 01:01:14,541.29
2022-03-31 01:01:19,541.22
2022-03-31 01:01:24,541.22
2022-03-31 01:01:29,539.8865637120475
2022-03-31 01:01:34,539.8683448435885
2022-03-31 01:01:39,539.8501259751296
2022-03-31 01:01:44,541.15
2022-03-31 01:01:49,539.8136882382115
2022-03-31 01:01:54,539.7954693697526
2022-03-31 01:01:59,540.99
2022-03-31 01:02:04,541.06
2022-03-31 01:02:09,541.06
2022-03-31 01:02:14,539.7225938959166
2022-03-31 01:02:19,541.06
2022-03-31 01:02:24,540.99
2022-03-31 01:02:29,540.93
2022-03-31 01:02:34,539.6497184220805
2022-03-31 01:02:39,540.93
2022-03-31 01:02:44,540.93
2022-03-31 01:02:49,540.83
2022-03-31 01:02:54,540.86
2022-03-31 01:02:59,540.83
2022-03-31 01:03:04,540.83
2022-03-31 01:03:09,540.83
2022-03-31 01:03:14,540.76
2022-03-31 01:03:19,539.4857486059494
2022-03-31 01:03:24,540.76
2022-03-31 01:03:29,539.4493108690315
2022-03-31 01:03:34,540.7
2022-03-31 01:03:39,540.7
2022-03-31 01:03:44,540.7
2022-03-31 01:03:49,540.63
2022-03-31 01:03:54,540.7
2022-03-31 01:03:59,539.3399976582775
2022-03-31 01:04:04,539.3217787898185
2022-03-31 01:04:09,540.57
2022-03-31 01:04:14,540.64
2022-03-31 01:04:19,539.2671221844414
2022-03-31 01:04:24,539.2489033159824
2022-03-31 01:04:29,540.54
2022-03-31 01:04:34,540.54
2022-03-31 01:04:39,539.1942467106054
2022-03-31 01:04:44,540.48
2022-03-31 01:04:49,540.48
2022-03-31 01:04:54,540.48
2022-03-31 01:04:59,540.48
2022-03-31 01:05:04,540.41
2022-03-31 01:05:09,540.48
2022-03-31 01:05:14,540.41
2022-03-31 01:05:19,539.0484957629334
2022-03-31 01:05:24,540.42
2022-03-31 01:05:29,539.0120580260154
2022-03-31 01:05:34,538.9938391575564
2022-03-31 01:05:39,538.9756202890974
2022-03-31 01:05:44,538.9574014206385
2022-03-31 01:05:49,540.35
2022-03-31 01:05:54,540.32
2022-03-31 01:05:59,540.32
2022-03-31 01:06:04,540.32
2022-03-31 01:06:09,540.26
2022-03-31 01:06:14,540.33
2022-03-31 01:06:19,540.26
2022-03-31 01:06:24,540.26
2022-03-31 01:06:29,540.33
2022-03-31 01:06:34,540.26
2022-03-31 01:06:39,540.26
2022-03-31 01:06:44,540.27
2022-03-31 01:06:49,538.7205561306714
2022-03-31 01:06:54,540.27
2022-03-31 01:06:59,538.6841183937535
2022-03-31 01:07:04,540.2
2022-03-31 01:07:09,540.2
2022-03-31 01:07:14,540.2
2022-03-31 01:07:19,540.2
2022-03-31 01:07:24,538.5930240514583
2022-03-31 01:07:29,540.21
2022-03-31 01:07:34,540.14
2022-03-31 01:07:39,540.21
2022-03-31 01:07:44,540.21
2022-03-31 01:07:49,538.5019297091634
2022-03-31 01:07:54,538.4837108407042
2022-03-31 01:07:59,540.21
2022-03-31 01:08:04,540.21
2022-03-31 01:08:09,540.21
2022-03-31 01:08:14,538.5140458772296
2022-03-31 01:08:19,540.28
2022-03-31 01:08:24,540.34
2022-03-31 01:08:29,540.28
2022-03-31 01:08:34,538.564974560188
2022-03-31 01:08:39,540.34
2022-03-31 01:08:44,540.34
2022-03-31 01:08:49,540.34
2022-03-31 01:08:54,540.34
2022-03-31 01:08:59,540.34
2022-03-31 01:09:04,540.38
2022-03-31 01:09:09,540.38
2022-03-31 01:09:14,540.37
2022-03-31 01:09:19,540.38
2022-03-31 01:09:24,540.38
2022-03-31 01:09:29,540.38
2022-03-31 01:09:34,540.44
2022-03-31 01:09:39,540.44
2022-03-31 01:09:44,540.5
2022-03-31 01:09:49,540.5
2022-03-31 01:09:54,540.5
2022-03-31 01:09:59,540.57
2022-03-31 01:10:04,540.57
2022-03-31 01:10:09,540.5
2022-03-31 01:10:14,538.819617974981
2022-03-31 01:10:19,540.57
2022-03-31 01:10:24,540.57
2022-03-31 01:10:29,540.6
2022-03-31 01:10:34,540.5
2022-03-31 01:10:39,540.5
2022-03-31 01:10:44,540.5
2022-03-31 01:10:49,540.44
2022-03-31 01:10:54,540.44
2022-03-31 01:10:59,540.44
2022-03-31 01:11:04,538.9469396823774
2022-03-31 01:11:09,540.38
2022-03-31 01:11:14,538.9724040238568
2022-03-31 01:11:19,538.9851361945964
2022-03-31 01:11:24,540.28
2022-03-31 01:11:29,540.28
2022-03-31 01:11:34,540.28
2022-03-31 01:11:39,540.21
2022-03-31 01:11:44,540.15
2022-03-31 01:11:49,540.08
2022-03-31 01:11:54,539.0742613897739
2022-03-31 01:11:59,540.05
2022-03-31 01:12:04,539.99
2022-03-31 01:12:09,539.99
2022-03-31 01:12:14,539.98
2022-03-31 01:12:19,539.86
2022-03-31 01:12:24,539.86
2022-03-31 01:12:29,539.1633865849515
2022-03-31 01:12:34,539.1761187556912
2022-03-31 01:12:39,539.1888509264307
2022-03-31 01:12:44,539.2015830971704
2022-03-31 01:12:49,539.63
2022-03-31 01:12:54,539.63
2022-03-31 01:12:59,539.57
2022-03-31 01:13:04,539.47
2022-03-31 01:13:09,539.47
2022-03-31 01:13:14,539.2779761216084
2022-03-31 01:13:19,539.290708292348
2022-03-31 01:13:24,539.31
2022-03-31 01:13:29,539.3161726338273
2022-03-31 01:13:34,539.18
2022-03-31 01:13:39,539.12
2022-03-31 01:13:44,539.3543691460462
2022-03-31 01:13:49,539.06
2022-03-31 01:13:54,539.02
2022-03-31 01:13:59,538.89
2022-03-31 01:14:04,538.83
2022-03-31 01:14:09,539.4180299997444
2022-03-31 01:14:14,538.74
2022-03-31 01:14:19,538.61
2022-03-31 01:14:24,538.54
2022-03-31 01:14:29,538.51
2022-03-31 01:14:34,538.45
2022-03-31 01:14:39,538.38
2022-03-31 01:14:44,538.29
2022-03-31 01:14:49,538.22
2022-03-31 01:14:54,538.16
2022-03-31 01:14:59,538.1
2022-03-31 01:15:04,539.5580838778806
2022-03-31 01:15:09,538.03
2022-03-31 01:15:14,537.94
2022-03-31 01:15:19,537.87
2022-03-31 01:15:24,537.78
2022-03-31 01:15:29,539.6217447315788
2022-03-31 01:15:34,539.6344769023185
2022-03-31 01:15:39,539.6472090730581
2022-03-31 01:15:44,537.59
2022-03-31 01:15:49,537.52
2022-03-31 01:15:54,539.685405585277
2022-03-31 01:15:59,537.43
2022-03-31 01:16:04,539.7108699267563
2022-03-31 01:16:09,537.3
2022-03-31 01:16:14,537.27
2022-03-31 01:16:19,539.7490664389753
2022-03-31 01:16:24,537.21
2022-03-31 01:16:29,539.7745307804546
2022-03-31 01:16:34,537.08
2022-03-31 01:16:39,537.01
2022-03-31 01:16:44,537.02
2022-03-31 01:16:49,539.8254594634132
2022-03-31 01:16:54,536.92
2022-03-31 01:16:59,539.8509238048924
2022-03-31 01:17:04,536.79
2022-03-31 01:17:09,536.76
2022-03-31 01:17:14,536.79
2022-03-31 01:17:19,536.7
2022-03-31 01:17:24,539.9145846585908
2022-03-31 01:17:29,539.9273168293303
2022-03-31 01:17:34,536.63
2022-03-31 01:17:39,536.57
2022-03-31 01:17:44,536.57
2022-03-31 01:17:49,539.9782455122889
2022-03-31 01:17:54,536.5
2022-03-31 01:17:59,536.47
2022-03-31 01:18:04,536.47
2022-03-31 01:18:09,536.41
2022-03-31 01:18:14,536.41
2022-03-31 01:18:19,540.0546385367268
2022-03-31 01:18:24,540.0673707074665
2022-03-31 01:18:29,536.47
2022-03-31 01:18:34,536.47
2022-03-31 01:18:39,540.1055672196854
2022-03-31 01:18:44,540.118299390425
2022-03-31 01:18:49,536.48
2022-03-31 01:18:54,540.1437637319044
2022-03-31 01:18:59,540.156495902644
2022-03-31 01:19:04,540.1692280733837
2022-03-31 01:19:09,540.1819602441233
2022-03-31 01:19:14,536.57
2022-03-31 01:19:19,540.2074245856026
2022-03-31 01:19:24,536.7
2022-03-31 01:19:29,536.7
2022-03-31 01:19:34,536.76
2022-03-31 01:19:39,540.2583532685612
2022-03-31 01:19:44,536.86
2022-03-31 01:19:49,540.2838176100405
2022-03-31 01:19:54,536.99
2022-03-31 01:19:59,537.02
2022-03-31 01:20:04,540.3220141222594
2022-03-31 01:20:09,540.3347462929991
2022-03-31 01:20:14,537.28
2022-03-31 01:20:19,540.3602106344783
2022-03-31 01:20:24,540.372942805218
2022-03-31 01:20:29,537.54
2022-03-31 01:20:34,537.67
2022-03-31 01:20:39,540.411139317437
2022-03-31 01:20:44,537.89
2022-03-31 01:20:49,540.4366036589162
2022-03-31 01:20:54,538.18
2022-03-31 01:20:59,538.24
2022-03-31 01:21:04,540.4748001711351
2022-03-31 01:21:09,538.47
2022-03-31 01:21:14,538.69
2022-03-31 01:21:19,538.82
2022-03-31 01:21:24,540.5257288540938
2022-03-31 01:21:29,539.08
2022-03-31 01:21:34,539.21
2022-03-31 01:21:39,539.37
2022-03-31 01:21:44,539.56
2022-03-31 01:21:49,540.589389707792
2022-03-31 01:21:54,539.85
2022-03-31 01:21:59,539.95
2022-03-31 01:22:04,540.11
2022-03-31 01:22:09,540.24
2022-03-31 01:22:14,540.4
2022-03-31 01:22:19,540.6196466054112
2022-03-31 01:22:24,540.69
2022-03-31 01:22:29,540.82
2022-03-31 01:22:34,540.6155930086618
2022-03-31 01:22:39,541.14
2022-03-31 01:22:44,541.34
2022-03-31 01:22:49,541.43
2022-03-31 01:22:54,541.66
2022-03-31 01:22:59,540.6088370140795
2022-03-31 01:23:04,541.95
2022-03-31 01:23:09,542.17
2022-03-31 01:23:14,542.3
2022-03-31 01:23:19,542.47
2022-03-31 01:23:24,542.66
2022-03-31 01:23:29,540.6007298205808
2022-03-31 01:23:34,542.95
2022-03-31 01:23:39,540.5980274227478
2022-03-31 01:23:44,543.27
2022-03-31 01:23:49,543.34
2022-03-31 01:23:54,540.5939738259984
2022-03-31 01:23:59,543.69
2022-03-31 01:24:04,543.79
2022-03-31 01:24:09,540.5899202292492
2022-03-31 01:24:14,544.02
2022-03-31 01:24:19,544.15
2022-03-31 01:24:24,544.24
2022-03-31 01:24:29,540.5845154335833
2022-03-31 01:24:34,544.5
2022-03-31 01:24:39,544.6
2022-03-31 01:24:44,540.5804618368339
2022-03-31 01:24:49,544.83
2022-03-31 01:24:54,545.02
2022-03-31 01:24:59,545.12
2022-03-31 01:25:04,545.18
2022-03-31 01:25:09,545.28
2022-03-31 01:25:14,545.41
2022-03-31 01:25:19,540.5710034444187
2022-03-31 01:25:24,545.57
2022-03-31 01:25:29,545.77
2022-03-31 01:25:34,545.8
2022-03-31 01:25:39,545.93
2022-03-31 01:25:44,540.5642474498364
2022-03-31 01:25:49,546.06
2022-03-31 01:25:54,546.16
2022-03-31 01:25:59,546.22
2022-03-31 01:26:04,540.5588426541707
2022-03-31 01:26:09,540.5574914552542
2022-03-31 01:26:14,546.44
2022-03-31 01:26:19,546.51
2022-03-31 01:26:24,540.5534378585048
2022-03-31 01:26:29,540.5520866595883
2022-03-31 01:26:34,546.67
2022-03-31 01:26:39,546.83
2022-03-31 01:26:44,546.9
2022-03-31 01:26:49,546.9
2022-03-31 01:26:54,546.96
2022-03-31 01:26:59,547.03
2022-03-31 01:27:04,547.09
2022-03-31 01:27:09,547.09
2022-03-31 01:27:14,547.12
2022-03-31 01:27:19,540.5385746704238
2022-03-31 01:27:24,547.19
2022-03-31 01:27:29,547.13
2022-03-31 01:27:34,547.19
2022-03-31 01:27:39,547.19
2022-03-31 01:27:44,547.19
2022-03-31 01:27:49,540.5304674769251
2022-03-31 01:27:54,547.19
2022-03-31 01:27:59,540.5277650790922
2022-03-31 01:28:04,547.12
2022-03-31 01:28:09,540.5250626812592
2022-03-31 01:28:14,547.09
2022-03-31 01:28:19,547.03
2022-03-31 01:28:24,540.5210090845098
2022-03-31 01:28:29,540.5196578855935
2022-03-31 01:28:34,540.518306686677
2022-03-31 01:28:39,546.8
2022-03-31 01:28:44,540.5156042888441
2022-03-31 01:28:49,546.61
2022-03-31 01:28:54,546.51
2022-03-31 01:28:59,546.38
2022-03-31 01:29:04,546.32
2022-03-31 01:29:09,546.22
2022-03-31 01:29:14,546.06
2022-03-31 01:29:19,545.99
2022-03-31 01:29:24,545.87
2022-03-31 01:29:29,545.77
2022-03-31 01:29:34,540.5020922996795
2022-03-31 01:29:39,545.48
2022-03-31 01:29:44,545.28
2022-03-31 01:29:49,540.4980387029301
2022-03-31 01:29:54,545.03
2022-03-31 01:29:59,540.4953363050972
2022-03-31 01:30:04,540.4939851061807
2022-03-31 01:30:09,540.4926339072643
2022-03-31 01:30:14,544.44
2022-03-31 01:30:19,544.25
2022-03-31 01:30:24,544.03
2022-03-31 01:30:29,543.93
2022-03-31 01:30:34,540.4858779126821
2022-03-31 01:30:39,543.57
2022-03-31 01:30:44,543.48
2022-03-31 01:30:49,540.4818243159327
2022-03-31 01:30:54,543.12
2022-03-31 01:30:59,540.4791219180997
2022-03-31 01:31:04,542.9
2022-03-31 01:31:09,542.7
2022-03-31 01:31:14,542.54
2022-03-31 01:31:19,542.45
2022-03-31 01:31:24,542.25
2022-03-31 01:31:29,540.471014724601
2022-03-31 01:31:34,541.96
2022-03-31 01:31:39,541.8
2022-03-31 01:31:44,541.67
2022-03-31 01:31:49,541.58
2022-03-31 01:31:54,541.45
2022-03-31 01:31:59,541.35
2022-03-31 01:32:04,541.22
2022-03-31 01:32:09,540.4602051332694
2022-03-31 01:32:14,540.458853934353
2022-03-31 01:32:19,540.4575027354365
2022-03-31 01:32:24,540.71
2022-03-31 01:32:29,540.65
2022-03-31 01:32:34,540.55
2022-03-31 01:32:39,540.42
2022-03-31 01:32:44,540.4507467408542
2022-03-31 01:32:49,540.2
2022-03-31 01:32:54,540.13
2022-03-31 01:32:59,540.1
2022-03-31 01:33:04,539.91
2022-03-31 01:33:09,539.88
2022-03-31 01:33:14,539.75
2022-03-31 01:33:19,539.69
2022-03-31 01:33:24,540.4399371495225
2022-03-31 01:33:29,539.53
2022-03-31 01:33:34,539.46
2022-03-31 01:33:39,539.4
2022-03-31 01:33:44,539.24
2022-03-31 01:33:49,539.24
2022-03-31 01:33:54,540.4318299560239
2022-03-31 01:33:59,539.08
2022-03-31 01:34:04,539.02
2022-03-31 01:34:09,538.89
2022-03-31 01:34:14,538.89
2022-03-31 01:34:19,540.4250739614415
2022-03-31 01:34:24,538.79
2022-03-31 01:34:29,538.79
2022-03-31 01:34:34,538.66
2022-03-31 01:34:39,540.4196691657758
2022-03-31 01:34:44,540.4183179668593
2022-03-31 01:34:49,538.6
2022-03-31 01:34:54,538.57
2022-03-31 01:34:59,540.4142643701099
2022-03-31 01:35:04,538.5
2022-03-31 01:35:09,538.44
2022-03-31 01:35:14,538.44
2022-03-31 01:35:19,538.38
2022-03-31 01:35:24,538.38
2022-03-31 01:35:29,540.4061571766111
2022-03-31 01:35:34,538.28
2022-03-31 01:35:39,540.4034547787783
2022-03-31 01:35:44,540.4021035798618
2022-03-31 01:35:49,538.28
2022-03-31 01:35:54,540.3994011820289
2022-03-31 01:35:59,538.15
2022-03-31 01:36:04,538.22
2022-03-31 01:36:09,540.4027943351737
2022-03-31 01:36:14,538.15
2022-03-31 01:36:19,540.4686557066345
2022-03-31 01:36:24,538.15
2022-03-31 01:36:29,538.15
2022-03-31 01:36:34,540.5674477638261
2022-03-31 01:36:39,538.15
2022-03-31 01:36:44,538.09
2022-03-31 01:36:49,538.09
2022-03-31 01:36:54,538.09
2022-03-31 01:36:59,540.7321011924789
2022-03-31 01:37:04,538.06
2022-03-31 01:37:09,540.7979625639398
2022-03-31 01:37:14,540.8308932496705
2022-03-31 01:37:19,538.06
2022-03-31 01:37:24,540.8967546211314
2022-03-31 01:37:29,538.05
2022-03-31 01:37:34,540.9626159925923
2022-03-31 01:37:39,538.05
2022-03-31 01:37:44,537.99
2022-03-31 01:37:49,541.0614080497838
2022-03-31 01:37:54,537.99
2022-03-31 01:37:59,541.1272694212452
2022-03-31 01:38:04,537.99
2022-03-31 01:38:09,537.99
2022-03-31 01:38:14,537.93
2022-03-31 01:38:19,537.93
2022-03-31 01:38:24,537.92
2022-03-31 01:38:29,537.86
2022-03-31 01:38:34,537.83
2022-03-31 01:38:39,537.83
2022-03-31 01:38:44,537.76
2022-03-31 01:38:49,537.76
2022-03-31 01:38:54,541.4895069642807
2022-03-31 01:38:59,541.5224376500113
2022-03-31 01:39:04,541.555368335742
2022-03-31 01:39:09,537.57
2022-03-31 01:39:14,537.54
2022-03-31 01:39:19,541.6541603929335
2022-03-31 01:39:24,541.6870910786638
2022-03-31 01:39:29,541.7200217643945
2022-03-31 01:39:34,541.7529524501251
2022-03-31 01:39:39,537.34
2022-03-31 01:39:44,537.31
2022-03-31 01:39:49,537.24
2022-03-31 01:39:54,537.24
2022-03-31 01:39:59,537.18
2022-03-31 01:40:04,541.9505365645082
2022-03-31 01:40:09,537.17
2022-03-31 01:40:14,537.11
2022-03-31 01:40:19,542.0493286216997
2022-03-31 01:40:24,537.05
2022-03-31 01:40:29,537.01
2022-03-31 01:40:34,537.01
2022-03-31 01:40:39,536.95
2022-03-31 01:40:44,536.89
2022-03-31 01:40:49,542.2469127360828
2022-03-31 01:40:54,536.95
2022-03-31 01:40:59,536.95
2022-03-31 01:41:04,536.95
2022-03-31 01:41:09,536.95
2022-03-31 01:41:14,536.95
2022-03-31 01:41:19,536.95
2022-03-31 01:41:24,536.95
2022-03-31 01:41:29,537.01
2022-03-31 01:41:34,536.94
2022-03-31 01:41:39,537.01
2022-03-31 01:41:44,542.6091502791185
2022-03-31 01:41:49,537.04
2022-03-31 01:41:54,542.6750116505793
2022-03-31 01:41:59,542.70794233631
2022-03-31 01:42:04,542.7408730220407
2022-03-31 01:42:09,537.11
2022-03-31 01:42:14,537.11
2022-03-31 01:42:19,537.17
2022-03-31 01:42:24,537.23
2022-03-31 01:42:29,537.3
2022-03-31 01:42:34,537.33
2022-03-31 01:42:39,542.9713878221544
2022-03-31 01:42:44,537.46
2022-03-31 01:42:49,537.52
2022-03-31 01:42:54,537.53
2022-03-31 01:42:59,543.1031105650762
2022-03-31 01:43:04,537.69
2022-03-31 01:43:09,537.75
2022-03-31 01:43:14,537.85
2022-03-31 01:43:19,537.85
2022-03-31 01:43:24,537.91
2022-03-31 01:43:29,543.3006946794593
2022-03-31 01:43:34,538.13
2022-03-31 01:43:39,543.3665560509205
2022-03-31 01:43:44,543.3994867366508
2022-03-31 01:43:49,543.4324174223815
2022-03-31 01:43:54,538.49
2022-03-31 01:43:59,538.55
2022-03-31 01:44:04,538.59
2022-03-31 01:44:09,538.71
2022-03-31 01:44:14,538.84
2022-03-31 01:44:19,543.6300015367646
2022-03-31 01:44:24,543.6629322224952
2022-03-31 01:44:29,543.6958629082255
2022-03-31 01:44:34,539.23
2022-03-31 01:44:39,539.39
2022-03-31 01:44:44,539.45
2022-03-31 01:44:49,543.8275856511477
2022-03-31 01:44:54,539.68
2022-03-31 01:44:59,543.8934470226086
2022-03-31 01:45:04,543.9263777083393
2022-03-31 01:45:09,540.1
2022-03-31 01:45:14,543.9922390798002
2022-03-31 01:45:19,540.32
2022-03-31 01:45:24,540.42
2022-03-31 01:45:29,540.54
2022-03-31 01:45:34,540.64
2022-03-31 01:45:39,540.77
2022-03-31 01:45:44,540.93
2022-03-31 01:45:49,544.222753879914
2022-03-31 01:45:54,541.15
2022-03-31 01:45:59,544.2886152513748
2022-03-31 01:46:04,544.3215459371055
2022-03-31 01:46:09,541.57
2022-03-31 01:46:14,541.67
2022-03-31 01:46:19,541.86
2022-03-31 01:46:24,544.4532686800277
2022-03-31 01:46:29,542.08
2022-03-31 01:46:34,542.18
2022-03-31 01:46:39,542.31
2022-03-31 01:46:44,544.5849914229495
2022-03-31 01:46:49,544.6179221086801
2022-03-31 01:46:54,544.6508527944108
2022-03-31 01:46:59,542.89
2022-03-31 01:47:04,542.98
2022-03-31 01:47:09,543.11
2022-03-31 01:47:14,543.27
2022-03-31 01:47:19,543.33
2022-03-31 01:47:24,543.46
2022-03-31 01:47:29,543.56
2022-03-31 01:47:34,543.72
2022-03-31 01:47:39,543.85
2022-03-31 01:47:44,544.980159651716
2022-03-31 01:47:49,545.0130903374463
2022-03-31 01:47:54,544.23
2022-03-31 01:47:59,545.0789517089077
2022-03-31 01:48:04,544.52
2022-03-31 01:48:09,545.1448130803685
2022-03-31 01:48:14,544.71
2022-03-31 01:48:19,544.81
2022-03-31 01:48:24,545.24360513756
2022-03-31 01:48:29,545.2765358232907
2022-03-31 01:48:34,545.1
2022-03-31 01:48:39,545.23
2022-03-31 01:48:44,545.3753278804822
2022-03-31 01:48:49,545.4082585662126
2022-03-31 01:48:54,545.52
2022-03-31 01:48:59,545.4741199376738
2022-03-31 01:49:04,545.68
2022-03-31 01:49:09,545.74
2022-03-31 01:49:14,545.5729119948654
2022-03-31 01:49:19,545.9
2022-03-31 01:49:24,545.6387733663263
2022-03-31 01:49:29,546.03
2022-03-31 01:49:34,546.07
2022-03-31 01:49:39,546.19
2022-03-31 01:49:44,546.19
2022-03-31 01:49:49,546.19
2022-03-31 01:49:54,546.26
2022-03-31 01:49:59,545.86928816644
2022-03-31 01:50:04,546.29
2022-03-31 01:50:09,545.935149537901
2022-03-31 01:50:14,546.42
2022-03-31 01:50:19,546.42
2022-03-31 01:50:24,546.48
2022-03-31 01:50:29,545.8736594792446
2022-03-31 01:50:34,546.55
2022-03-31 01:50:39,546.58
2022-03-31 01:50:44,546.55
2022-03-31 01:50:49,546.55
2022-03-31 01:50:54,545.732452493998
2022-03-31 01:50:59,546.58
2022-03-31 01:51:04,546.55
2022-03-31 01:51:09,546.55
2022-03-31 01:51:14,545.6194869058007
2022-03-31 01:51:19,546.58
2022-03-31 01:51:24,546.55
2022-03-31 01:51:29,545.5347627146529
2022-03-31 01:51:34,546.55
2022-03-31 01:51:39,546.49
2022-03-31 01:51:44,546.49
2022-03-31 01:51:49,545.4217971264555
2022-03-31 01:51:54,546.36
2022-03-31 01:51:59,546.36
2022-03-31 01:52:04,546.36
2022-03-31 01:52:09,545.3088315382585
2022-03-31 01:52:14,545.2805901412091
2022-03-31 01:52:19,545.2523487441597
2022-03-31 01:52:24,546.07
2022-03-31 01:52:29,546.07
2022-03-31 01:52:34,545.1676245530118
2022-03-31 01:52:39,545.84
2022-03-31 01:52:44,545.78
2022-03-31 01:52:49,545.75
2022-03-31 01:52:54,545.62
2022-03-31 01:52:59,545.46
2022-03-31 01:53:04,545.39
2022-03-31 01:53:09,544.9699347736669
2022-03-31 01:53:14,545.23
2022-03-31 01:53:19,545.1
2022-03-31 01:53:24,545.01
2022-03-31 01:53:29,544.8569691854696
2022-03-31 01:53:34,544.8287277884201
2022-03-31 01:53:39,544.65
2022-03-31 01:53:44,544.7722449943217
2022-03-31 01:53:49,544.42
2022-03-31 01:53:54,544.36
2022-03-31 01:53:59,544.6875208031737
2022-03-31 01:54:04,544.13
2022-03-31 01:54:09,544.0
2022-03-31 01:54:14,544.6027966120258
2022-03-31 01:54:19,543.78
2022-03-31 01:54:24,543.68
2022-03-31 01:54:29,543.55
2022-03-31 01:54:34,543.46
2022-03-31 01:54:39,544.4615896267794
2022-03-31 01:54:44,543.2
2022-03-31 01:54:49,543.17
2022-03-31 01:54:54,544.3768654356314
2022-03-31 01:54:59,544.3486240385821
2022-03-31 01:55:04,542.74
2022-03-31 01:55:09,542.68
2022-03-31 01:55:14,544.2638998474341
2022-03-31 01:55:19,542.42
2022-03-31 01:55:24,542.23
2022-03-31 01:55:29,542.16
2022-03-31 01:55:34,542.07
2022-03-31 01:55:39,541.93
2022-03-31 01:55:44,541.84
2022-03-31 01:55:49,541.77
2022-03-31 01:55:54,544.0379686710395
2022-03-31 01:55:59,544.0097272739904
2022-03-31 01:56:04,541.42
2022-03-31 01:56:09,541.38
2022-03-31 01:56:14,541.26
2022-03-31 01:56:19,543.8967616857931
2022-03-31 01:56:24,543.8685202887436
2022-03-31 01:56:29,541.09
2022-03-31 01:56:34,540.97
2022-03-31 01:56:39,543.7837960975958
2022-03-31 01:56:44,540.8
2022-03-31 01:56:49,540.74
2022-03-31 01:56:54,540.67
2022-03-31 01:56:59,543.6708305093987
2022-03-31 01:57:04,540.57
2022-03-31 01:57:09,543.6143477152999
2022-03-31 01:57:14,540.38
2022-03-31 01:57:19,540.45
2022-03-31 01:57:24,543.529623524152
2022-03-31 01:57:29,540.38
2022-03-31 01:57:34,540.35
2022-03-31 01:57:39,540.35
2022-03-31 01:57:44,543.416657935955
2022-03-31 01:57:49,543.3884165389056
2022-03-31 01:57:54,540.28
2022-03-31 01:57:59,543.3319337448071
2022-03-31 01:58:04,540.28
2022-03-31 01:58:09,543.2754509507083
2022-03-31 01:58:14,540.28
2022-03-31 01:58:19,540.28
2022-03-31 01:58:24,540.28
2022-03-31 01:58:29,540.28
2022-03-31 01:58:34,540.28
2022-03-31 01:58:39,540.28
2022-03-31 01:58:44,540.28
2022-03-31 01:58:49,540.28
2022-03-31 01:58:54,540.35
2022-03-31 01:58:59,540.28
2022-03-31 01:59:04,540.35
2022-03-31 01:59:09,540.38
2022-03-31 01:59:14,542.9083127890675
2022-03-31 01:59:19,540.38
2022-03-31 01:59:24,542.8518299949687
2022-03-31 01:59:29,542.8235885979196
2022-03-31 01:59:34,542.7953472008702
2022-03-31 01:59:39,540.45
2022-03-31 01:59:44,540.51
2022-03-31 01:59:49,542.7106230097223
2022-03-31 01:59:54,542.6823816126729
2022-03-31 01:59:59,542.6541402156234
2022-03-31 02:00:04,540.61
2022-03-31 02:00:09,540.67
2022-03-31 02:00:14,540.74
2022-03-31 02:00:19,540.74
2022-03-31 02:00:24,540.8
2022-03-31 02:00:29,540.87
2022-03-31 02:00:34,540.87
2022-03-31 02:00:39,540.87
2022-03-31 02:00:44,540.9
2022-03-31 02:00:49,542.3717262451306
2022-03-31 02:00:54,541.03
2022-03-31 02:00:59,542.3152434510318
2022-03-31 02:01:04,541.09
2022-03-31 02:01:09,541.03
2022-03-31 02:01:14,541.13
2022-03-31 02:01:19,541.13
2022-03-31 02:01:24,541.13
2022-03-31 02:01:29,541.19
2022-03-31 02:01:34,541.26
2022-03-31 02:01:39,541.26
2022-03-31 02:01:44,542.0610708775881
2022-03-31 02:01:49,541.39
2022-03-31 02:01:54,541.32
2022-03-31 02:01:59,541.38
2022-03-31 02:02:04,541.42
2022-03-31 02:02:09,541.48
2022-03-31 02:02:14,541.48
2022-03-31 02:02:19,541.8633810982432
2022-03-31 02:02:24,541.54
2022-03-31 02:02:29,541.61
2022-03-31 02:02:34,541.7786569070952
2022-03-31 02:02:39,541.61
2022-03-31 02:02:44,541.64
2022-03-31 02:02:49,541.6939327159473
2022-03-31 02:02:54,541.71
2022-03-31 02:02:59,541.71
2022-03-31 02:03:04,541.77
2022-03-31 02:03:09,541.77
2022-03-31 02:03:14,541.77
2022-03-31 02:03:19,541.83
2022-03-31 02:03:24,541.83
2022-03-31 02:03:29,541.9
2022-03-31 02:03:34,541.93
2022-03-31 02:03:39,541.4115187454541
2022-03-31 02:03:44,541.93
2022-03-31 02:03:49,541.99
2022-03-31 02:03:54,541.99
2022-03-31 02:03:59,541.99
2022-03-31 02:04:04,542.12
2022-03-31 02:04:09,542.05
2022-03-31 02:04:14,542.05
2022-03-31 02:04:19,542.12
2022-03-31 02:04:24,542.15
2022-03-31 02:04:29,542.15
2022-03-31 02:04:34,542.21
2022-03-31 02:04:39,542.21
2022-03-31 02:04:44,542.21
2022-03-31 02:04:49,541.1506392918606
2022-03-31 02:04:54,542.34
2022-03-31 02:04:59,542.4
2022-03-31 02:05:04,542.34
2022-03-31 02:05:09,542.44
2022-03-31 02:05:14,542.43
2022-03-31 02:05:19,541.1134903392172
2022-03-31 02:05:24,542.5
2022-03-31 02:05:29,541.1011073550027
2022-03-31 02:05:34,542.56
2022-03-31 02:05:39,541.0887243707882
2022-03-31 02:05:44,542.62
2022-03-31 02:05:49,542.62
2022-03-31 02:05:54,542.62
2022-03-31 02:05:59,542.66
2022-03-31 02:06:04,541.057766910252
2022-03-31 02:06:09,541.0515754181448
2022-03-31 02:06:14,541.0453839260375
2022-03-31 02:06:19,542.72
2022-03-31 02:06:24,541.033000941823
2022-03-31 02:06:29,541.0268094497158
2022-03-31 02:06:34,542.85
2022-03-31 02:06:39,541.0144264655013
2022-03-31 02:06:44,541.0082349733941
2022-03-31 02:06:49,542.91
2022-03-31 02:06:54,542.91
2022-03-31 02:06:59,542.95
2022-03-31 02:07:04,542.95
2022-03-31 02:07:09,543.01
2022-03-31 02:07:14,543.01
2022-03-31 02:07:19,543.08
2022-03-31 02:07:24,543.07
2022-03-31 02:07:29,543.14
2022-03-31 02:07:34,543.14
2022-03-31 02:07:39,543.17
2022-03-31 02:07:44,543.17
2022-03-31 02:07:49,543.17
2022-03-31 02:07:54,543.24
2022-03-31 02:07:59,543.24
2022-03-31 02:08:04,543.24
2022-03-31 02:08:09,543.3
2022-03-31 02:08:14,543.24
2022-03-31 02:08:19,543.24
2022-03-31 02:08:24,543.24
2022-03-31 02:08:29,540.878213639142
2022-03-31 02:08:34,540.8720221470347
2022-03-31 02:08:39,543.31
2022-03-31 02:08:44,540.8596391628203
2022-03-31 02:08:49,543.37
2022-03-31 02:08:54,543.37
2022-03-31 02:08:59,543.43
2022-03-31 02:09:04,543.44
2022-03-31 02:09:09,543.44
2022-03-31 02:09:14,543.47
2022-03-31 02:09:19,543.54
2022-03-31 02:09:24,540.8101072259623
2022-03-31 02:09:29,543.54
2022-03-31 02:09:34,540.7977242417478
2022-03-31 02:09:39,543.6
2022-03-31 02:09:44,543.6
2022-03-31 02:09:49,543.67
2022-03-31 02:09:54,543.66
2022-03-31 02:09:59,543.66
2022-03-31 02:10:04,543.7
2022-03-31 02:10:09,540.7543837969971
2022-03-31 02:10:14,540.7481923048899
2022-03-31 02:10:19,543.7
2022-03-31 02:10:24,540.7358093206755
2022-03-31 02:10:29,543.7
2022-03-31 02:10:34,540.723426336461
2022-03-31 02:10:39,543.7
2022-03-31 02:10:44,540.7110433522465
2022-03-31 02:10:49,543.76
2022-03-31 02:10:54,543.7
2022-03-31 02:10:59,540.6924688759248
2022-03-31 02:11:04,543.7
2022-03-31 02:11:09,543.77
2022-03-31 02:11:14,543.76
2022-03-31 02:11:19,543.76
2022-03-31 02:11:24,543.76
2022-03-31 02:11:29,543.7
2022-03-31 02:11:34,543.76
2022-03-31 02:11:39,540.6429369390668
2022-03-31 02:11:44,543.7
2022-03-31 02:11:49,540.6305539548523
2022-03-31 02:11:54,543.7
2022-03-31 02:11:59,543.76
2022-03-31 02:12:04,543.7
2022-03-31 02:12:09,543.7
2022-03-31 02:12:14,540.5995964943162
2022-03-31 02:12:19,543.67
2022-03-31 02:12:24,543.67
2022-03-31 02:12:29,540.5810220179944
2022-03-31 02:12:34,543.66
2022-03-31 02:12:39,543.6
2022-03-31 02:12:44,540.5624475416727
2022-03-31 02:12:49,543.6
2022-03-31 02:12:54,543.6
2022-03-31 02:12:59,543.6
2022-03-31 02:13:04,543.54
2022-03-31 02:13:09,543.54
2022-03-31 02:13:14,543.47
2022-03-31 02:13:19,543.47
2022-03-31 02:13:24,543.44
2022-03-31 02:13:29,543.47
2022-03-31 02:13:34,543.44
2022-03-31 02:13:39,543.37
2022-03-31 02:13:44,543.37
2022-03-31 02:13:49,543.37
2022-03-31 02:13:54,540.4757666521713
2022-03-31 02:13:59,543.37
2022-03-31 02:14:04,540.4633836679568
2022-03-31 02:14:09,543.24
2022-03-31 02:14:14,540.4510006837423
2022-03-31 02:14:19,540.4448091916352
2022-03-31 02:14:24,543.24
2022-03-31 02:14:29,543.17
2022-03-31 02:14:34,543.17
2022-03-31 02:14:39,540.4200432232061
2022-03-31 02:14:44,540.4138517310988
2022-03-31 02:14:49,543.14
2022-03-31 02:14:54,543.08
2022-03-31 02:14:59,543.08
2022-03-31 02:15:04,540.3890857626699
2022-03-31 02:15:09,543.01
2022-03-31 02:15:14,542.95
2022-03-31 02:15:19,540.3705112863482
2022-03-31 02:15:24,540.3643197942409
2022-03-31 02:15:29,542.95
2022-03-31 02:15:34,542.91
2022-03-31 02:15:39,540.3457453179192
2022-03-31 02:15:44,540.339553825812
2022-03-31 02:15:49,542.85
2022-03-31 02:15:54,542.85
2022-03-31 02:15:59,542.79
2022-03-31 02:16:04,540.3147878573831
2022-03-31 02:16:09,542.72
2022-03-31 02:16:14,542.72
2022-03-31 02:16:19,540.2962133810613
2022-03-31 02:16:24,542.56
2022-03-31 02:16:29,540.2838303968468
2022-03-31 02:16:34,540.2776389047395
2022-03-31 02:16:39,542.43
2022-03-31 02:16:44,540.2652559205251
2022-03-31 02:16:49,542.34
2022-03-31 02:16:54,540.2528729363106
2022-03-31 02:16:59,542.21
2022-03-31 02:17:04,542.15
2022-03-31 02:17:09,540.2342984599888
2022-03-31 02:17:14,542.05
2022-03-31 02:17:19,540.2219154757744
2022-03-31 02:17:24,541.92
2022-03-31 02:17:29,541.92
2022-03-31 02:17:34,541.89
2022-03-31 02:17:39,541.83
2022-03-31 02:17:44,541.76
2022-03-31 02:17:49,541.76
2022-03-31 02:17:54,540.1785750310237
2022-03-31 02:17:59,540.1723835389164
2022-03-31 02:18:04,540.1661920468092
2022-03-31 02:18:09,541.54
2022-03-31 02:18:14,540.1538090625947
2022-03-31 02:18:19,541.47
2022-03-31 02:18:24,541.41
2022-03-31 02:18:29,541.38
2022-03-31 02:18:34,540.1364021165014
2022-03-31 02:18:39,540.1338160514445
2022-03-31 02:18:44,541.25
2022-03-31 02:18:49,541.18
2022-03-31 02:18:54,540.1260578562736
2022-03-31 02:18:59,541.12
2022-03-31 02:19:04,541.02
2022-03-31 02:19:09,541.02
2022-03-31 02:19:14,540.96
2022-03-31 02:19:19,540.9
2022-03-31 02:19:24,540.9
2022-03-31 02:19:29,540.1079554008752
2022-03-31 02:19:34,540.1053693358182
2022-03-31 02:19:39,540.87
2022-03-31 02:19:44,540.8
2022-03-31 02:19:49,540.73
2022-03-31 02:19:54,540.74
2022-03-31 02:19:59,540.67
2022-03-31 02:20:04,540.61
2022-03-31 02:20:09,540.0872668804197
2022-03-31 02:20:14,540.0846808153628
2022-03-31 02:20:19,540.58
2022-03-31 02:20:24,540.57
2022-03-31 02:20:29,540.51
2022-03-31 02:20:34,540.51
2022-03-31 02:20:39,540.0717504900781
2022-03-31 02:20:44,540.38
2022-03-31 02:20:49,540.38
2022-03-31 02:20:54,540.35
2022-03-31 02:20:59,540.35
2022-03-31 02:21:04,540.28
2022-03-31 02:21:09,540.0562340997366
2022-03-31 02:21:14,540.0536480346797
2022-03-31 02:21:19,540.22
2022-03-31 02:21:24,540.0484759045657
2022-03-31 02:21:29,540.09
2022-03-31 02:21:34,540.09
2022-03-31 02:21:39,540.040717709395
2022-03-31 02:21:44,540.06
2022-03-31 02:21:49,540.0355455792811
2022-03-31 02:21:54,540.0329595142242
2022-03-31 02:21:59,539.93
2022-03-31 02:22:04,539.93
2022-03-31 02:22:09,540.0252013190534
2022-03-31 02:22:14,539.83
2022-03-31 02:22:19,539.86
2022-03-31 02:22:24,540.0174431238827
2022-03-31 02:22:29,540.0148570588257
2022-03-31 02:22:34,539.76
2022-03-31 02:22:39,539.76
2022-03-31 02:22:44,540.007098863655
2022-03-31 02:22:49,540.004512798598
2022-03-31 02:22:54,540.001926733541
2022-03-31 02:22:59,539.63
2022-03-31 02:23:04,539.9967546034272
2022-03-31 02:23:09,539.9941685383703
2022-03-31 02:23:14,539.9915824733133
2022-03-31 02:23:19,539.9889964082564
2022-03-31 02:23:24,539.9864103431995
2022-03-31 02:23:29,539.9838242781426
2022-03-31 02:23:34,539.56
2022-03-31 02:23:39,539.62
2022-03-31 02:23:44,539.62
2022-03-31 02:23:49,539.56
2022-03-31 02:23:54,539.56
2022-03-31 02:23:59,539.62
2022-03-31 02:24:04,539.56
2022-03-31 02:24:09,539.9631357576872
2022-03-31 02:24:14,539.62
2022-03-31 02:24:19,539.62
2022-03-31 02:24:24,539.62
2022-03-31 02:24:29,539.9527914974594
2022-03-31 02:24:34,539.9502054324025
2022-03-31 02:24:39,539.69
2022-03-31 02:24:44,539.9450333022886
2022-03-31 02:24:49,539.69
2022-03-31 02:24:54,539.69
2022-03-31 02:24:59,539.9372751071179
2022-03-31 02:25:04,539.9346890420609
2022-03-31 02:25:09,539.69
2022-03-31 02:25:14,539.75
2022-03-31 02:25:19,539.9269308468902
2022-03-31 02:25:24,539.9243447818332
2022-03-31 02:25:29,539.9217587167763
2022-03-31 02:25:34,539.82
2022-03-31 02:25:39,539.82
2022-03-31 02:25:44,539.9140005216055
2022-03-31 02:25:49,539.85
2022-03-31 02:25:54,539.85
2022-03-31 02:25:59,539.9062423264347
2022-03-31 02:26:04,539.9036562613778
2022-03-31 02:26:09,539.91
2022-03-31 02:26:14,539.92
2022-03-31 02:26:19,539.895898066207
2022-03-31 02:26:24,539.98
2022-03-31 02:26:29,539.98
2022-03-31 02:26:34,539.98
2022-03-31 02:26:39,540.05
2022-03-31 02:26:44,539.8829677409224
2022-03-31 02:26:49,540.08
2022-03-31 02:26:54,539.8777956108084
2022-03-31 02:26:59,540.08
2022-03-31 02:27:04,539.8726234806946
2022-03-31 02:27:09,540.15
2022-03-31 02:27:14,540.21
2022-03-31 02:27:19,539.8648652855238
2022-03-31 02:27:24,540.15
2022-03-31 02:27:29,540.21
2022-03-31 02:27:34,540.28
2022-03-31 02:27:39,540.28
2022-03-31 02:27:44,540.34
2022-03-31 02:27:49,539.8493488951823
2022-03-31 02:27:54,540.38
2022-03-31 02:27:59,540.37
2022-03-31 02:28:04,539.8415907000115
2022-03-31 02:28:09,539.8390046349546
2022-03-31 02:28:14,540.44
2022-03-31 02:28:19,540.44
2022-03-31 02:28:24,540.5
2022-03-31 02:28:29,540.57
2022-03-31 02:28:34,540.57
2022-03-31 02:28:39,540.6
2022-03-31 02:28:44,540.6
2022-03-31 02:28:49,540.67
2022-03-31 02:28:54,540.67
2022-03-31 02:28:59,540.67
2022-03-31 02:29:04,539.8105579193284
2022-03-31 02:29:09,540.8
2022-03-31 02:29:14,539.8053857892145
2022-03-31 02:29:19,539.8027997241576
2022-03-31 02:29:24,539.8002136591007
2022-03-31 02:29:29,540.86
2022-03-31 02:29:34,539.7950415289868
2022-03-31 02:29:39,540.89
2022-03-31 02:29:44,539.789869398873
2022-03-31 02:29:49,540.96
2022-03-31 02:29:54,539.784697268759
2022-03-31 02:29:59,541.02
2022-03-31 02:30:04,539.7795251386452
2022-03-31 02:30:09,539.7769390735883
2022-03-31 02:30:14,541.08
2022-03-31 02:30:19,539.7717669434744
2022-03-31 02:30:24,541.12
2022-03-31 02:30:29,541.12
2022-03-31 02:30:34,541.18
2022-03-31 02:30:39,541.11
2022-03-31 02:30:44,541.18
2022-03-31 02:30:49,541.24
2022-03-31 02:30:54,539.753664488076
2022-03-31 02:30:59,539.751078423019
2022-03-31 02:31:04,541.24
2022-03-31 02:31:09,541.24
2022-03-31 02:31:14,539.7433202278482
2022-03-31 02:31:19,539.7407341627912
2022-03-31 02:31:24,541.3
2022-03-31 02:31:29,541.3
2022-03-31 02:31:34,541.3
2022-03-31 02:31:39,539.7303899025636
2022-03-31 02:31:44,539.7278038375066
2022-03-31 02:31:49,541.3
2022-03-31 02:31:54,541.3
2022-03-31 02:31:59,539.7200456423359
2022-03-31 02:32:04,541.3
2022-03-31 02:32:09,541.3
2022-03-31 02:32:14,541.3
2022-03-31 02:32:19,541.3
2022-03-31 02:32:24,541.3
2022-03-31 02:32:29,541.3
2022-03-31 02:32:34,539.7057431348845
2022-03-31 02:32:39,541.3
2022-03-31 02:32:44,539.7083071537788
2022-03-31 02:32:49,541.3
2022-03-31 02:32:54,541.36
2022-03-31 02:32:59,541.3
2022-03-31 02:33:04,541.3
2022-03-31 02:33:09,541.3
2022-03-31 02:33:14,541.23
2022-03-31 02:33:19,541.29
2022-03-31 02:33:24,541.3
2022-03-31 02:33:29,541.3
2022-03-31 02:33:34,539.72112724825
2022-03-31 02:33:39,541.23
2022-03-31 02:33:44,541.29
2022-03-31 02:33:49,541.3
2022-03-31 02:33:54,539.7262552860384
2022-03-31 02:33:59,539.7275372954856
2022-03-31 02:34:04,541.3
2022-03-31 02:34:09,541.3
2022-03-31 02:34:14,541.23
2022-03-31 02:34:19,541.3
2022-03-31 02:34:24,541.23
2022-03-31 02:34:29,541.23
2022-03-31 02:34:34,541.3
2022-03-31 02:34:39,541.23
2022-03-31 02:34:44,539.7390753805096
2022-03-31 02:34:49,541.3
2022-03-31 02:34:54,541.23
2022-03-31 02:34:59,541.23
2022-03-31 02:35:04,541.23
2022-03-31 02:35:09,539.7454854277452
2022-03-31 02:35:14,541.17
2022-03-31 02:35:19,539.7480494466395
2022-03-31 02:35:24,539.7493314560866
2022-03-31 02:35:29,539.7506134655337
2022-03-31 02:35:34,541.11
2022-03-31 02:35:39,541.17
2022-03-31 02:35:44,541.17
2022-03-31 02:35:49,541.17
2022-03-31 02:35:54,539.7570235127693
2022-03-31 02:35:59,541.11
2022-03-31 02:36:04,541.17
2022-03-31 02:36:09,539.7608695411107
2022-03-31 02:36:14,541.11
2022-03-31 02:36:19,541.11
2022-03-31 02:36:24,539.7647155694519
2022-03-31 02:36:29,541.17
2022-03-31 02:36:34,539.7672795883461
2022-03-31 02:36:39,541.17
2022-03-31 02:36:44,541.17
2022-03-31 02:36:49,541.17
2022-03-31 02:36:54,541.11
2022-03-31 02:36:59,539.7736896355817
2022-03-31 02:37:04,541.11
2022-03-31 02:37:09,541.11
2022-03-31 02:37:14,541.11
2022-03-31 02:37:19,539.7788176733702
2022-03-31 02:37:24,541.11
2022-03-31 02:37:29,539.7813816922644
2022-03-31 02:37:34,539.7826637017116
2022-03-31 02:37:39,541.11
2022-03-31 02:37:44,539.7852277206058
2022-03-31 02:37:49,539.7865097300529
2022-03-31 02:37:54,541.11
2022-03-31 02:37:59,539.7890737489472
2022-03-31 02:38:04,541.11
2022-03-31 02:38:09,539.7916377678414
2022-03-31 02:38:14,541.11
2022-03-31 02:38:19,541.11
2022-03-31 02:38:24,541.11
2022-03-31 02:38:29,541.11
2022-03-31 02:38:34,539.798047815077
2022-03-31 02:38:39,541.08
2022-03-31 02:38:44,539.8006118339712
2022-03-31 02:38:49,541.08
2022-03-31 02:38:54,539.8031758528655
2022-03-31 02:38:59,541.07
2022-03-31 02:39:04,541.08
2022-03-31 02:39:09,541.08
2022-03-31 02:39:14,541.01
2022-03-31 02:39:19,539.8095859001011
2022-03-31 02:39:24,541.01
2022-03-31 02:39:29,539.8121499189953
2022-03-31 02:39:34,541.07
2022-03-31 02:39:39,541.07
2022-03-31 02:39:44,541.01
2022-03-31 02:39:49,541.07
2022-03-31 02:39:54,541.08
2022-03-31 02:39:59,541.08
2022-03-31 02:40:04,541.01
2022-03-31 02:40:09,541.01
2022-03-31 02:40:14,539.8236880040193
2022-03-31 02:40:19,539.8249700134664
2022-03-31 02:40:24,539.8262520229135
2022-03-31 02:40:29,541.01
2022-03-31 02:40:34,541.01
2022-03-31 02:40:39,541.01
2022-03-31 02:40:44,541.01
2022-03-31 02:40:49,540.94
2022-03-31 02:40:54,540.94
2022-03-31 02:40:59,540.87
2022-03-31 02:41:04,540.94
2022-03-31 02:41:09,539.8377901079376
2022-03-31 02:41:14,540.94
2022-03-31 02:41:19,540.94
2022-03-31 02:41:24,540.87
2022-03-31 02:41:29,540.94
2022-03-31 02:41:34,540.87
2022-03-31 02:41:39,540.87
2022-03-31 02:41:44,540.87
2022-03-31 02:41:49,540.87
2022-03-31 02:41:54,540.84
2022-03-31 02:41:59,540.84
2022-03-31 02:42:04,540.78
2022-03-31 02:42:09,540.77
2022-03-31 02:42:14,540.77
2022-03-31 02:42:19,540.71
2022-03-31 02:42:24,540.71
2022-03-31 02:42:29,539.8583022590915
2022-03-31 02:42:34,540.65
2022-03-31 02:42:39,540.65
2022-03-31 02:42:44,539.8621482874328
2022-03-31 02:42:49,540.58
2022-03-31 02:42:54,540.64
2022-03-31 02:42:59,540.58
2022-03-31 02:43:04,540.58
2022-03-31 02:43:09,540.55
2022-03-31 02:43:14,540.55
2022-03-31 02:43:19,540.49
2022-03-31 02:43:24,540.49
2022-03-31 02:43:29,540.42
2022-03-31 02:43:34,539.874968381904
2022-03-31 02:43:39,540.42
2022-03-31 02:43:44,540.42
2022-03-31 02:43:49,539.8788144102454
2022-03-31 02:43:54,539.8800964196924
2022-03-31 02:43:59,539.8813784291395
2022-03-31 02:44:04,539.8826604385866
2022-03-31 02:44:09,540.33
2022-03-31 02:44:14,540.33
2022-03-31 02:44:19,540.36
2022-03-31 02:44:24,539.8877884763751
2022-03-31 02:44:29,540.26
2022-03-31 02:44:34,540.27
2022-03-31 02:44:39,540.27
2022-03-31 02:44:44,540.27
2022-03-31 02:44:49,540.27
2022-03-31 02:44:54,540.27
2022-03-31 02:44:59,540.2
2022-03-31 02:45:04,539.8980445519521
2022-03-31 02:45:09,540.2
2022-03-31 02:45:14,540.14
2022-03-31 02:45:19,540.14
2022-03-31 02:45:24,540.08
2022-03-31 02:45:29,540.08
2022-03-31 02:45:34,539.9057366086348
2022-03-31 02:45:39,540.08
2022-03-31 02:45:44,540.04
2022-03-31 02:45:49,540.04
2022-03-31 02:45:54,540.04
2022-03-31 02:45:59,540.04
2022-03-31 02:46:04,539.98
2022-03-31 02:46:09,539.98
2022-03-31 02:46:14,539.9159926842117
2022-03-31 02:46:19,539.9172746936588
2022-03-31 02:46:24,539.98
2022-03-31 02:46:29,539.9198387125531
2022-03-31 02:46:34,539.9211207220002
2022-03-31 02:46:39,539.85
2022-03-31 02:46:44,539.85
2022-03-31 02:46:49,539.85
2022-03-31 02:46:54,540.027876602109
2022-03-31 02:46:59,539.82
2022-03-31 02:47:04,539.82
2022-03-31 02:47:09,539.76
2022-03-31 02:47:14,539.76
2022-03-31 02:47:19,539.69
2022-03-31 02:47:24,540.190975623657
2022-03-31 02:47:29,539.63
2022-03-31 02:47:34,539.69
2022-03-31 02:47:39,539.69
2022-03-31 02:47:44,540.299708304689
2022-03-31 02:47:49,540.3268914749472
2022-03-31 02:47:54,539.56
2022-03-31 02:47:59,539.56
2022-03-31 02:48:04,539.53
2022-03-31 02:48:09,540.4356241559792
2022-03-31 02:48:14,539.53
2022-03-31 02:48:19,539.53
2022-03-31 02:48:24,539.47
2022-03-31 02:48:29,539.53
2022-03-31 02:48:34,539.4
2022-03-31 02:48:39,539.4
2022-03-31 02:48:44,539.4
2022-03-31 02:48:49,540.6530895180431
2022-03-31 02:48:54,539.34
2022-03-31 02:48:59,539.3
2022-03-31 02:49:04,540.734639028817
2022-03-31 02:49:09,540.7618221990751
2022-03-31 02:49:14,539.3
2022-03-31 02:49:19,539.3
2022-03-31 02:49:24,539.3
2022-03-31 02:49:29,539.24
2022-03-31 02:49:34,539.3
2022-03-31 02:49:39,540.9249212206231
2022-03-31 02:49:44,540.9521043908809
2022-03-31 02:49:49,540.9792875611389
2022-03-31 02:49:54,541.006470731397
2022-03-31 02:49:59,539.23
2022-03-31 02:50:04,539.23
2022-03-31 02:50:09,539.23
2022-03-31 02:50:14,539.17
2022-03-31 02:50:19,539.17
2022-03-31 02:50:24,539.1
2022-03-31 02:50:29,541.1967529232028
2022-03-31 02:50:34,539.17
2022-03-31 02:50:39,541.2511192637189
2022-03-31 02:50:44,541.2783024339768
2022-03-31 02:50:49,541.3054856042348
2022-03-31 02:50:54,539.1
2022-03-31 02:50:59,541.3598519447507
2022-03-31 02:51:04,541.3870351150089
2022-03-31 02:51:09,541.4142182852669
2022-03-31 02:51:14,539.04
2022-03-31 02:51:19,539.04
2022-03-31 02:51:24,539.0
2022-03-31 02:51:29,539.01
2022-03-31 02:51:34,539.0
2022-03-31 02:51:39,539.0
2022-03-31 02:51:44,538.94
2022-03-31 02:51:49,538.94
2022-03-31 02:51:54,538.94
2022-03-31 02:51:59,538.94
2022-03-31 02:52:04,539.01
2022-03-31 02:52:09,538.94
2022-03-31 02:52:14,538.94
2022-03-31 02:52:19,538.94
2022-03-31 02:52:24,538.88
2022-03-31 02:52:29,541.8491490093949
2022-03-31 02:52:34,538.94
2022-03-31 02:52:39,541.9035153499108
2022-03-31 02:52:44,541.9306985201688
2022-03-31 02:52:49,539.04
2022-03-31 02:52:54,539.01
2022-03-31 02:52:59,539.04
2022-03-31 02:53:04,539.04
2022-03-31 02:53:09,542.0666143714587
2022-03-31 02:53:14,542.0937975417168
2022-03-31 02:53:19,539.17
2022-03-31 02:53:24,539.17
2022-03-31 02:53:29,542.1753470524908
2022-03-31 02:53:34,539.3
2022-03-31 02:53:39,539.34
2022-03-31 02:53:44,539.4
2022-03-31 02:53:49,539.4
2022-03-31 02:53:54,539.46
2022-03-31 02:53:59,542.3384460740388
2022-03-31 02:54:04,539.53
2022-03-31 02:54:09,539.63
2022-03-31 02:54:14,539.63
2022-03-31 02:54:19,539.76
2022-03-31 02:54:24,539.85
2022-03-31 02:54:29,539.85
2022-03-31 02:54:34,542.5287282658445
2022-03-31 02:54:39,539.98
2022-03-31 02:54:44,540.05
2022-03-31 02:54:49,540.08
2022-03-31 02:54:54,540.14
2022-03-31 02:54:59,540.21
2022-03-31 02:55:04,540.34
2022-03-31 02:55:09,542.7190104576505
2022-03-31 02:55:14,540.44
2022-03-31 02:55:19,542.7733767981664
2022-03-31 02:55:24,542.8005599684245
2022-03-31 02:55:29,540.66
2022-03-31 02:55:34,542.8549263089404
2022-03-31 02:55:39,540.79
2022-03-31 02:55:44,540.89
2022-03-31 02:55:49,540.95
2022-03-31 02:55:54,542.9636589899725
2022-03-31 02:55:59,542.9908421602305
2022-03-31 02:56:04,541.11
2022-03-31 02:56:09,543.0452085007464
2022-03-31 02:56:14,541.24
2022-03-31 02:56:19,543.0995748412623
2022-03-31 02:56:24,543.1267580115205
2022-03-31 02:56:29,541.4
2022-03-31 02:56:34,541.53
2022-03-31 02:56:39,541.53
2022-03-31 02:56:44,541.6
2022-03-31 02:56:49,541.69
2022-03-31 02:56:54,541.69
2022-03-31 02:56:59,541.69
2022-03-31 02:57:04,543.3442233735846
2022-03-31 02:57:09,541.82
2022-03-31 02:57:14,541.88
2022-03-31 02:57:19,541.92
2022-03-31 02:57:24,541.98
2022-03-31 02:57:29,542.04
2022-03-31 02:57:34,542.04
2022-03-31 02:57:39,543.5345055653903
2022-03-31 02:57:44,542.14
2022-03-31 02:57:49,543.5888719059064
2022-03-31 02:57:54,542.27
2022-03-31 02:57:59,542.27
2022-03-31 02:58:04,542.4
2022-03-31 02:58:09,542.4
2022-03-31 02:58:14,542.39
2022-03-31 02:58:19,542.49
2022-03-31 02:58:24,542.55
2022-03-31 02:58:29,542.55
2022-03-31 02:58:34,543.8335204382283
2022-03-31 02:58:39,542.65
2022-03-31 02:58:44,542.71
2022-03-31 02:58:49,542.71
2022-03-31 02:58:54,542.78
2022-03-31 02:58:59,542.78
2022-03-31 02:59:04,543.9966194597763
2022-03-31 02:59:09,542.84
2022-03-31 02:59:14,544.0509858002922
2022-03-31 02:59:19,542.84
2022-03-31 02:59:24,544.1053521408081
2022-03-31 02:59:29,544.1325353110661
2022-03-31 02:59:34,544.1597184813243
2022-03-31 02:59:39,544.186901651582
2022-03-31 02:59:44,542.94
2022-03-31 02:59:49,544.2412679920982
2022-03-31 02:59:54,542.9
2022-03-31 02:59:59,542.9
2022-03-31 03:00:04,544.3228175028722
2022-03-31 03:00:09,542.9
2022-03-31 03:00:14,542.84
2022-03-31 03:00:19,544.4043670136462
2022-03-31 03:00:24,542.84
2022-03-31 03:00:29,542.77
2022-03-31 03:00:34,542.77
2022-03-31 03:00:39,542.71
2022-03-31 03:00:44,542.71
2022-03-31 03:00:49,542.64
2022-03-31 03:00:54,544.523093350397
2022-03-31 03:00:59,544.5253003991158
2022-03-31 03:01:04,542.55
2022-03-31 03:01:09,542.55
2022-03-31 03:01:14,544.5319215452728
2022-03-31 03:01:19,542.42
2022-03-31 03:01:24,544.5363356427107
2022-03-31 03:01:29,542.32
2022-03-31 03:01:34,544.5407497401486
2022-03-31 03:01:39,544.5429567888675
2022-03-31 03:01:44,544.5451638375865
2022-03-31 03:01:49,542.1
2022-03-31 03:01:54,541.97
2022-03-31 03:01:59,544.5517849837433
2022-03-31 03:02:04,541.97
2022-03-31 03:02:09,541.87
2022-03-31 03:02:14,541.81
2022-03-31 03:02:19,541.75
2022-03-31 03:02:24,544.5628202273382
2022-03-31 03:02:29,541.52
2022-03-31 03:02:34,541.52
2022-03-31 03:02:39,544.569441373495
2022-03-31 03:02:44,541.39
2022-03-31 03:02:49,541.36
2022-03-31 03:02:54,541.3
2022-03-31 03:02:59,544.5782695683708
2022-03-31 03:03:04,541.17
2022-03-31 03:03:09,544.5826836658088
2022-03-31 03:03:14,541.08
2022-03-31 03:03:19,541.01
2022-03-31 03:03:24,544.5893048119657
2022-03-31 03:03:29,540.95
2022-03-31 03:03:34,540.85
2022-03-31 03:03:39,540.79
2022-03-31 03:03:44,540.72
2022-03-31 03:03:49,540.66
2022-03-31 03:03:54,540.6
2022-03-31 03:03:59,540.57
2022-03-31 03:04:04,544.6069612017174
2022-03-31 03:04:09,544.6091682504363
2022-03-31 03:04:14,540.37
2022-03-31 03:04:19,540.27
2022-03-31 03:04:24,540.15
2022-03-31 03:04:29,544.6179964453121
2022-03-31 03:04:34,544.6202034940311
2022-03-31 03:04:39,544.62241054275
2022-03-31 03:04:44,539.92
2022-03-31 03:04:49,539.86
2022-03-31 03:04:54,544.6290316889069
2022-03-31 03:04:59,539.76
2022-03-31 03:05:04,544.6334457863449
2022-03-31 03:05:09,539.57
2022-03-31 03:05:14,544.6378598837828
2022-03-31 03:05:19,544.6400669325017
2022-03-31 03:05:24,539.47
2022-03-31 03:05:29,539.31
2022-03-31 03:05:34,539.31
2022-03-31 03:05:39,539.25
2022-03-31 03:05:44,539.11
2022-03-31 03:05:49,539.12
2022-03-31 03:05:54,544.6555162735344
2022-03-31 03:05:59,544.6577233222534
2022-03-31 03:06:04,538.89
2022-03-31 03:06:09,538.83
2022-03-31 03:06:14,544.6643444684103
2022-03-31 03:06:19,538.73
2022-03-31 03:06:24,538.66
2022-03-31 03:06:29,544.6709656145672
2022-03-31 03:06:34,538.5
2022-03-31 03:06:39,538.5
2022-03-31 03:06:44,538.37
2022-03-31 03:06:49,538.31
2022-03-31 03:06:54,544.6820008581619
2022-03-31 03:06:59,544.6842079068809
2022-03-31 03:07:04,544.6864149555998
2022-03-31 03:07:09,538.08
2022-03-31 03:07:14,537.99
2022-03-31 03:07:19,537.99
2022-03-31 03:07:24,537.92
2022-03-31 03:07:29,544.6974501991947
2022-03-31 03:07:34,537.86
2022-03-31 03:07:39,544.7018642966326
2022-03-31 03:07:44,537.79
2022-03-31 03:07:49,544.7062783940705
2022-03-31 03:07:54,544.7084854427894
2022-03-31 03:07:59,537.69
2022-03-31 03:08:04,544.7128995402273
2022-03-31 03:08:09,537.5
2022-03-31 03:08:14,537.5
2022-03-31 03:08:19,544.7195206863843
2022-03-31 03:08:24,537.4
2022-03-31 03:08:29,544.7239347838222
2022-03-31 03:08:34,544.7261418325411
2022-03-31 03:08:39,544.7283488812601
2022-03-31 03:08:44,537.24
2022-03-31 03:08:49,537.27
2022-03-31 03:08:54,537.24
2022-03-31 03:08:59,537.24
2022-03-31 03:09:04,537.24
2022-03-31 03:09:09,537.17
2022-03-31 03:09:14,537.11
2022-03-31 03:09:19,544.7460052710118
2022-03-31 03:09:24,537.11
2022-03-31 03:09:29,544.7504193684497
2022-03-31 03:09:34,537.04
2022-03-31 03:09:39,536.98
2022-03-31 03:09:44,537.04
2022-03-31 03:09:49,544.7592475633255
2022-03-31 03:09:54,544.7614546120444
2022-03-31 03:09:59,536.98
2022-03-31 03:10:04,537.04
2022-03-31 03:10:09,537.04
2022-03-31 03:10:14,536.98
2022-03-31 03:10:19,544.7724898556393
2022-03-31 03:10:24,536.98
2022-03-31 03:10:29,544.7769039530772
2022-03-31 03:10:34,536.98
2022-03-31 03:10:39,536.98
2022-03-31 03:10:44,536.98
2022-03-31 03:10:49,544.785732147953
2022-03-31 03:10:54,536.95
2022-03-31 03:10:59,544.7901462453909
2022-03-31 03:11:04,536.98
2022-03-31 03:11:09,536.98
2022-03-31 03:11:14,536.89
2022-03-31 03:11:19,544.7989744402668
2022-03-31 03:11:24,536.95
2022-03-31 03:11:29,544.8033885377047
2022-03-31 03:11:34,544.8055955864236
2022-03-31 03:11:39,536.89
2022-03-31 03:11:44,536.89
2022-03-31 03:11:49,536.89
2022-03-31 03:11:54,544.8144237812994
2022-03-31 03:11:59,544.8166308300184
2022-03-31 03:12:04,536.83
2022-03-31 03:12:09,544.8210449274563
2022-03-31 03:12:14,544.8232519761752
2022-03-31 03:12:19,536.83
2022-03-31 03:12:24,536.76
2022-03-31 03:12:29,536.73
2022-03-31 03:12:34,536.77
2022-03-31 03:12:39,536.76
2022-03-31 03:12:44,536.77
2022-03-31 03:12:49,544.838701317208
2022-03-31 03:12:54,544.8409083659269
2022-03-31 03:12:59,536.73
2022-03-31 03:13:04,536.73
2022-03-31 03:13:09,536.77
2022-03-31 03:13:14,544.8497365608027
2022-03-31 03:13:19,536.67
2022-03-31 03:13:24,536.67
2022-03-31 03:13:29,544.8563577069597
2022-03-31 03:13:34,536.61
2022-03-31 03:13:39,536.54
2022-03-31 03:13:44,536.61
2022-03-31 03:13:49,536.54
2022-03-31 03:13:54,536.61
2022-03-31 03:13:59,544.8695999992734
2022-03-31 03:14:04,544.8718070479923
2022-03-31 03:14:09,536.48
2022-03-31 03:14:14,544.8762211454302
2022-03-31 03:14:19,536.48
2022-03-31 03:14:24,544.8806352428683
2022-03-31 03:14:29,536.44
2022-03-31 03:14:34,536.48
2022-03-31 03:14:39,544.8872563890251
2022-03-31 03:14:44,544.889463437744
2022-03-31 03:14:49,536.54
2022-03-31 03:14:54,536.54
2022-03-31 03:14:59,536.54
2022-03-31 03:15:04,536.54
2022-03-31 03:15:09,536.61
2022-03-31 03:15:14,536.54
2022-03-31 03:15:19,536.6
2022-03-31 03:15:24,536.66
2022-03-31 03:15:29,544.9084887527536
2022-03-31 03:15:34,536.73
2022-03-31 03:15:39,536.73
2022-03-31 03:15:44,536.76
2022-03-31 03:15:49,536.83
2022-03-31 03:15:54,536.89
2022-03-31 03:15:59,536.89
2022-03-31 03:16:04,536.95
2022-03-31 03:16:09,544.9253837539032
2022-03-31 03:16:14,537.05
2022-03-31 03:16:19,537.11
2022-03-31 03:16:24,537.18
2022-03-31 03:16:29,537.24
2022-03-31 03:16:34,544.9359431296217
2022-03-31 03:16:39,537.27
2022-03-31 03:16:44,544.9401668799092
2022-03-31 03:16:49,544.9422787550528
2022-03-31 03:16:54,537.5
2022-03-31 03:16:59,544.9465025053403
2022-03-31 03:17:04,537.69
2022-03-31 03:17:09,537.75
2022-03-31 03:17:14,537.79
2022-03-31 03:17:19,544.9549500059151
2022-03-31 03:17:24,537.97
2022-03-31 03:17:29,538.07
2022-03-31 03:17:34,538.13
2022-03-31 03:17:39,538.2
2022-03-31 03:17:44,544.9655093816336
2022-03-31 03:17:49,544.9676212567773
2022-03-31 03:17:54,538.49
2022-03-31 03:17:59,538.52
2022-03-31 03:18:04,538.65
2022-03-31 03:18:09,538.71
2022-03-31 03:18:14,538.77
2022-03-31 03:18:19,538.87
2022-03-31 03:18:24,539.0
2022-03-31 03:18:29,544.984516257927
2022-03-31 03:18:34,539.16
2022-03-31 03:18:39,539.23
2022-03-31 03:18:44,539.29
2022-03-31 03:18:49,544.9929637585018
2022-03-31 03:18:54,544.9950756336456
2022-03-31 03:18:59,539.52
2022-03-31 03:19:04,539.61
2022-03-31 03:19:09,539.74
2022-03-31 03:19:14,539.81
2022-03-31 03:19:19,539.9
2022-03-31 03:19:24,545.0077468845078
2022-03-31 03:19:29,540.06
2022-03-31 03:19:34,540.19
2022-03-31 03:19:39,545.0140825099389
2022-03-31 03:19:44,545.0161943850826
2022-03-31 03:19:49,540.42
2022-03-31 03:19:54,540.55
2022-03-31 03:19:59,540.58
2022-03-31 03:20:04,545.0246418856574
2022-03-31 03:20:09,545.0267537608012
2022-03-31 03:20:14,540.84
2022-03-31 03:20:19,540.87
2022-03-31 03:20:24,540.94
2022-03-31 03:20:29,545.035201261376
2022-03-31 03:20:34,541.06
2022-03-31 03:20:39,541.16
2022-03-31 03:20:44,545.0415368868071
2022-03-31 03:20:49,545.0436487619507
2022-03-31 03:20:54,545.0457606370945
2022-03-31 03:20:59,541.36
2022-03-31 03:21:04,541.39
2022-03-31 03:21:09,541.52
2022-03-31 03:21:14,541.58
2022-03-31 03:21:19,541.59
2022-03-31 03:21:24,541.61
2022-03-31 03:21:29,541.68
2022-03-31 03:21:34,541.68
2022-03-31 03:21:39,541.75
2022-03-31 03:21:44,541.81
2022-03-31 03:21:49,541.81
2022-03-31 03:21:54,545.071103138819
2022-03-31 03:21:59,545.0732150139627
2022-03-31 03:22:04,541.87
2022-03-31 03:22:09,541.91
2022-03-31 03:22:14,541.97
2022-03-31 03:22:19,541.97
2022-03-31 03:22:24,541.97
2022-03-31 03:22:29,541.97
2022-03-31 03:22:34,545.0879981399687
2022-03-31 03:22:39,541.97
2022-03-31 03:22:44,541.97
2022-03-31 03:22:49,545.0943337653998
2022-03-31 03:22:54,541.97
2022-03-31 03:22:59,541.97
2022-03-31 03:23:04,541.97
2022-03-31 03:23:09,541.97
2022-03-31 03:23:14,541.9
2022-03-31 03:23:19,545.1070050162621
2022-03-31 03:23:24,541.9
2022-03-31 03:23:29,541.87
2022-03-31 03:23:34,541.81
2022-03-31 03:23:39,545.1154525168369
2022-03-31 03:23:44,541.74
2022-03-31 03:23:49,541.68
2022-03-31 03:23:54,541.61
2022-03-31 03:23:59,541.61
2022-03-31 03:24:04,541.58
2022-03-31 03:24:09,541.51
2022-03-31 03:24:14,541.51
2022-03-31 03:24:19,541.38
2022-03-31 03:24:24,541.38
2022-03-31 03:24:29,545.1365712682739
2022-03-31 03:24:34,541.28
2022-03-31 03:24:39,541.22
2022-03-31 03:24:44,541.15
2022-03-31 03:24:49,545.1450187688488
2022-03-31 03:24:54,541.06
2022-03-31 03:24:59,540.99
2022-03-31 03:25:04,545.1513543942799
2022-03-31 03:25:09,540.93
2022-03-31 03:25:14,540.83
2022-03-31 03:25:19,540.83
2022-03-31 03:25:24,540.76
2022-03-31 03:25:29,545.1619137699984
2022-03-31 03:25:34,545.1640256451421
2022-03-31 03:25:39,540.53
2022-03-31 03:25:44,540.47
2022-03-31 03:25:49,540.41
2022-03-31 03:25:54,545.1724731457169
2022-03-31 03:25:59,545.1745850208606
2022-03-31 03:26:04,540.24
2022-03-31 03:26:09,540.18
2022-03-31 03:26:14,545.1809206462917
2022-03-31 03:26:19,540.02
2022-03-31 03:26:24,539.95
2022-03-31 03:26:29,539.88
2022-03-31 03:26:34,539.82
2022-03-31 03:26:39,539.79
2022-03-31 03:26:44,539.72
2022-03-31 03:26:49,545.1957037722977
2022-03-31 03:26:54,539.59
2022-03-31 03:26:59,539.5
2022-03-31 03:27:04,539.43
2022-03-31 03:27:09,539.3
2022-03-31 03:27:14,539.27
2022-03-31 03:27:19,539.27
2022-03-31 03:27:24,539.2
2022-03-31 03:27:29,539.14
2022-03-31 03:27:34,539.07
2022-03-31 03:27:39,545.2168225237348
2022-03-31 03:27:44,538.98
2022-03-31 03:27:49,545.2210462740222
2022-03-31 03:27:54,538.85
2022-03-31 03:27:59,538.75
2022-03-31 03:28:04,538.69
2022-03-31 03:28:09,538.62
2022-03-31 03:28:14,545.2316056497407
2022-03-31 03:28:19,545.2337175248845
2022-03-31 03:28:24,545.2358294000281
2022-03-31 03:28:29,538.39
2022-03-31 03:28:34,545.2400531503156
2022-03-31 03:28:39,538.24
2022-03-31 03:28:44,545.2442769006029
2022-03-31 03:28:49,545.2463887757467
2022-03-31 03:28:54,545.2452660899838
2022-03-31 03:28:59,545.2430511048574
2022-03-31 03:29:04,537.98
2022-03-31 03:29:09,537.88
2022-03-31 03:29:14,537.88
2022-03-31 03:29:19,545.2341911643514
2022-03-31 03:29:24,537.75
2022-03-31 03:29:29,545.2297611940984
2022-03-31 03:29:34,537.72
2022-03-31 03:29:39,537.66
2022-03-31 03:29:44,537.59
2022-03-31 03:29:49,537.53
2022-03-31 03:29:54,545.2186862684658
2022-03-31 03:29:59,537.47
2022-03-31 03:30:04,537.47
2022-03-31 03:30:09,537.47
2022-03-31 03:30:14,545.2098263279598
2022-03-31 03:30:19,545.2076113428334
2022-03-31 03:30:24,537.47
2022-03-31 03:30:29,537.47
2022-03-31 03:30:34,537.47
2022-03-31 03:30:39,537.53
2022-03-31 03:30:44,537.47
2022-03-31 03:30:49,537.47
2022-03-31 03:30:54,545.1921064469478
2022-03-31 03:30:59,537.53
2022-03-31 03:31:04,537.53
2022-03-31 03:31:09,537.53
2022-03-31 03:31:14,545.1832465064418
2022-03-31 03:31:19,545.1810315213153
2022-03-31 03:31:24,545.1788165361888
2022-03-31 03:31:29,537.59
2022-03-31 03:31:34,537.59
2022-03-31 03:31:39,545.1721715808093
2022-03-31 03:31:44,537.66
2022-03-31 03:31:49,537.59
2022-03-31 03:31:54,537.59
2022-03-31 03:31:59,537.72
2022-03-31 03:32:04,545.1610966551768
2022-03-31 03:32:09,545.1588816700503
2022-03-31 03:32:14,545.1566666849238
2022-03-31 03:32:19,545.1544516997973
2022-03-31 03:32:24,537.72
2022-03-31 03:32:29,537.72
2022-03-31 03:32:34,545.1478067444178
2022-03-31 03:32:39,537.81
2022-03-31 03:32:44,537.81
2022-03-31 03:32:49,537.81
2022-03-31 03:32:54,537.88
2022-03-31 03:32:59,537.88
2022-03-31 03:33:04,537.94
2022-03-31 03:33:09,537.94
2022-03-31 03:33:14,537.97
2022-03-31 03:33:19,545.1278718782793
2022-03-31 03:33:24,545.1256568931528
2022-03-31 03:33:29,538.1
2022-03-31 03:33:34,538.17
2022-03-31 03:33:39,538.23
2022-03-31 03:33:44,538.26
2022-03-31 03:33:49,538.33
2022-03-31 03:33:54,538.32
2022-03-31 03:33:59,545.1101519972673
2022-03-31 03:34:04,545.1079370121408
2022-03-31 03:34:09,538.55
2022-03-31 03:34:14,538.61
2022-03-31 03:34:19,538.74
2022-03-31 03:34:24,545.0990770716347
2022-03-31 03:34:29,545.0968620865083
2022-03-31 03:34:34,545.0946471013817
2022-03-31 03:34:39,545.0924321162553
2022-03-31 03:34:44,538.96
2022-03-31 03:34:49,538.99
2022-03-31 03:34:54,539.06
2022-03-31 03:34:59,545.0835721757493
2022-03-31 03:35:04,539.19
2022-03-31 03:35:09,545.0791422054963
2022-03-31 03:35:14,539.28
2022-03-31 03:35:19,539.35
2022-03-31 03:35:24,539.34
2022-03-31 03:35:29,539.41
2022-03-31 03:35:34,539.47
2022-03-31 03:35:39,539.5
2022-03-31 03:35:44,539.5
2022-03-31 03:35:49,539.63
2022-03-31 03:35:54,539.7
2022-03-31 03:35:59,545.0569923542313
2022-03-31 03:36:04,539.76
2022-03-31 03:36:09,539.79
2022-03-31 03:36:14,539.85
2022-03-31 03:36:19,539.92
2022-03-31 03:36:24,539.98
2022-03-31 03:36:29,540.02
2022-03-31 03:36:34,540.08
2022-03-31 03:36:39,540.14
2022-03-31 03:36:44,540.21
2022-03-31 03:36:49,545.0348425029662
2022-03-31 03:36:54,545.0326275178397
2022-03-31 03:36:59,540.31
2022-03-31 03:37:04,540.37
2022-03-31 03:37:09,540.5
2022-03-31 03:37:14,545.0237675773337
2022-03-31 03:37:19,540.53
2022-03-31 03:37:24,545.0193376070807
2022-03-31 03:37:29,540.66
2022-03-31 03:37:34,540.66
2022-03-31 03:37:39,545.0126926517012
2022-03-31 03:37:44,545.0104776665747
2022-03-31 03:37:49,540.83
2022-03-31 03:37:54,545.0060476963217
2022-03-31 03:37:59,540.95
2022-03-31 03:38:04,541.02
2022-03-31 03:38:09,541.05
2022-03-31 03:38:14,541.12
2022-03-31 03:38:19,544.9949727706892
2022-03-31 03:38:24,544.9927577855627
2022-03-31 03:38:29,544.9905428004362
2022-03-31 03:38:34,541.34
2022-03-31 03:38:39,544.9861128301832
2022-03-31 03:38:44,541.41
2022-03-31 03:38:49,541.54
2022-03-31 03:38:54,541.54
2022-03-31 03:38:59,544.9772528896772
2022-03-31 03:39:04,541.63
2022-03-31 03:39:09,541.63
2022-03-31 03:39:14,541.7
2022-03-31 03:39:19,544.9683929491712
2022-03-31 03:39:24,544.9661779640447
2022-03-31 03:39:29,541.76
2022-03-31 03:39:34,541.83
2022-03-31 03:39:39,544.9595330086652
2022-03-31 03:39:44,544.9573180235386
2022-03-31 03:39:49,541.86
2022-03-31 03:39:54,541.86
2022-03-31 03:39:59,544.9506730681592
2022-03-31 03:40:04,541.93
2022-03-31 03:40:09,541.92
2022-03-31 03:40:14,544.9440281127796
2022-03-31 03:40:19,541.93
2022-03-31 03:40:24,544.9395981425266
2022-03-31 03:40:29,541.92
2022-03-31 03:40:34,541.93
2022-03-31 03:40:39,544.9329531871472
2022-03-31 03:40:44,544.9307382020206
2022-03-31 03:40:49,544.9285232168942
2022-03-31 03:40:54,541.86
2022-03-31 03:40:59,544.9240932466412
2022-03-31 03:41:04,541.83
2022-03-31 03:41:09,544.9196632763882
2022-03-31 03:41:14,541.77
2022-03-31 03:41:19,541.76
2022-03-31 03:41:24,541.76
2022-03-31 03:41:29,541.63
2022-03-31 03:41:34,541.63
2022-03-31 03:41:39,541.54
2022-03-31 03:41:44,541.54
2022-03-31 03:41:49,541.54
2022-03-31 03:41:54,541.47
2022-03-31 03:41:59,544.8975134251232
2022-03-31 03:42:04,541.41
2022-03-31 03:42:09,541.34
2022-03-31 03:42:14,541.31
2022-03-31 03:42:19,541.31
2022-03-31 03:42:24,541.18
2022-03-31 03:42:29,541.18
2022-03-31 03:42:34,541.12
2022-03-31 03:42:39,541.02
2022-03-31 03:42:44,541.02
2022-03-31 03:42:49,540.95
2022-03-31 03:42:54,544.8731485887316
2022-03-31 03:42:59,540.83
2022-03-31 03:43:04,540.79
2022-03-31 03:43:09,544.7651529067797
2022-03-31 03:43:14,540.66
2022-03-31 03:43:19,540.6
2022-03-31 03:43:24,540.54
2022-03-31 03:43:29,544.605520851926
2022-03-31 03:43:34,540.37
2022-03-31 03:43:39,540.31
2022-03-31 03:43:44,540.21
2022-03-31 03:43:49,544.445888797072
2022-03-31 03:43:54,540.14
2022-03-31 03:43:59,540.02
2022-03-31 03:44:04,539.98
2022-03-31 03:44:09,539.92
2022-03-31 03:44:14,539.85
2022-03-31 03:44:19,544.2064407147914
2022-03-31 03:44:24,544.1665327010777
2022-03-31 03:44:29,544.1266246873641
2022-03-31 03:44:34,539.69
2022-03-31 03:44:39,539.56
2022-03-31 03:44:44,544.0069006462237
2022-03-31 03:44:49,539.5
2022-03-31 03:44:54,539.49
2022-03-31 03:44:59,543.8871766050834
2022-03-31 03:45:04,539.39
2022-03-31 03:45:09,543.8073605776566
2022-03-31 03:45:14,539.33
2022-03-31 03:45:19,543.7275445502298
2022-03-31 03:45:24,539.27
2022-03-31 03:45:29,539.24
2022-03-31 03:45:34,539.24
2022-03-31 03:45:39,539.17
2022-03-31 03:45:44,539.11
2022-03-31 03:45:49,539.11
2022-03-31 03:45:54,543.4481884542354
2022-03-31 03:45:59,539.11
2022-03-31 03:46:04,539.04
2022-03-31 03:46:09,538.95
2022-03-31 03:46:14,538.95
2022-03-31 03:46:19,543.2486483856683
2022-03-31 03:46:24,543.2087403719546
2022-03-31 03:46:29,538.88
2022-03-31 03:46:34,543.1289243445278
2022-03-31 03:46:39,543.0890163308143
2022-03-31 03:46:44,538.82
2022-03-31 03:46:49,543.0092003033875
2022-03-31 03:46:54,542.9692922896738
2022-03-31 03:46:59,538.72
2022-03-31 03:47:04,542.8894762622471
2022-03-31 03:47:09,538.72
2022-03-31 03:47:14,542.8096602348198
2022-03-31 03:47:19,538.66
2022-03-31 03:47:24,542.7298442073931
2022-03-31 03:47:29,538.53
2022-03-31 03:47:34,538.53
2022-03-31 03:47:39,542.6101201662527
2022-03-31 03:47:44,538.47
2022-03-31 03:47:49,538.44
2022-03-31 03:47:54,538.38
2022-03-31 03:47:59,538.37
2022-03-31 03:48:04,542.4105800976855
2022-03-31 03:48:09,542.370672083972
2022-03-31 03:48:14,538.25
2022-03-31 03:48:19,538.25
2022-03-31 03:48:24,542.2509480428315
2022-03-31 03:48:29,538.15
2022-03-31 03:48:34,542.1711320154047
2022-03-31 03:48:39,542.1312240016912
2022-03-31 03:48:44,542.0913159879776
2022-03-31 03:48:49,538.09
2022-03-31 03:48:54,538.02
2022-03-31 03:48:59,541.9715919468372
2022-03-31 03:49:04,541.9316839331236
2022-03-31 03:49:09,541.8917759194104
2022-03-31 03:49:14,537.86
2022-03-31 03:49:19,537.86
2022-03-31 03:49:24,541.77205187827
2022-03-31 03:49:29,541.7321438645564
2022-03-31 03:49:34,541.6922358508428
2022-03-31 03:49:39,537.7
2022-03-31 03:49:44,537.64
2022-03-31 03:49:49,537.64
2022-03-31 03:49:54,537.57
2022-03-31 03:49:59,541.4926957822756
2022-03-31 03:50:04,537.51
2022-03-31 03:50:09,537.44
2022-03-31 03:50:14,541.3729717411353
2022-03-31 03:50:19,537.41
2022-03-31 03:50:24,537.35
2022-03-31 03:50:29,537.35
2022-03-31 03:50:34,537.35
2022-03-31 03:50:39,537.28
2022-03-31 03:50:44,541.1335236588545
2022-03-31 03:50:49,537.22
2022-03-31 03:50:54,537.22
2022-03-31 03:50:59,537.28
2022-03-31 03:51:04,537.22
2022-03-31 03:51:09,540.9339835902873
2022-03-31 03:51:14,540.8940755765738
2022-03-31 03:51:19,537.18
2022-03-31 03:51:24,537.18
2022-03-31 03:51:29,537.18
2022-03-31 03:51:34,537.18
2022-03-31 03:51:39,537.18
2022-03-31 03:51:44,537.12
2022-03-31 03:51:49,537.12
2022-03-31 03:51:54,537.12
2022-03-31 03:51:59,537.12
2022-03-31 03:52:04,537.12
2022-03-31 03:52:09,540.4550874257258
2022-03-31 03:52:14,540.4151794120122
2022-03-31 03:52:19,540.3752713982985
2022-03-31 03:52:24,540.3353633845853
2022-03-31 03:52:29,536.99
2022-03-31 03:52:34,540.2555473571582
2022-03-31 03:52:39,536.98
2022-03-31 03:52:44,540.1757313297314
2022-03-31 03:52:49,536.98
2022-03-31 03:52:54,536.98
2022-03-31 03:52:59,536.98
2022-03-31 03:53:04,536.98
2022-03-31 03:53:09,539.9761912611639
2022-03-31 03:53:14,539.9362832474507
2022-03-31 03:53:19,536.98
2022-03-31 03:53:24,536.98
2022-03-31 03:53:29,539.8165592063102
2022-03-31 03:53:34,539.7766511925967
2022-03-31 03:53:39,537.04
2022-03-31 03:53:44,537.04
2022-03-31 03:53:49,539.6569271514562
2022-03-31 03:53:54,537.04
2022-03-31 03:53:59,537.11
2022-03-31 03:54:04,537.04
2022-03-31 03:54:09,539.4972950966023
2022-03-31 03:54:14,537.11
2022-03-31 03:54:19,537.11
2022-03-31 03:54:24,537.11
2022-03-31 03:54:29,537.11
2022-03-31 03:54:34,537.11
2022-03-31 03:54:39,537.11
2022-03-31 03:54:44,537.11
2022-03-31 03:54:49,537.11
2022-03-31 03:54:54,537.17
2022-03-31 03:54:59,537.17
2022-03-31 03:55:04,537.17
2022-03-31 03:55:09,539.0183989320408
2022-03-31 03:55:14,538.9784909183276
2022-03-31 03:55:19,537.21
2022-03-31 03:55:24,537.27
2022-03-31 03:55:29,537.27
2022-03-31 03:55:34,538.8188588634736
2022-03-31 03:55:39,537.27
2022-03-31 03:55:44,537.34
2022-03-31 03:55:49,537.34
2022-03-31 03:55:54,537.44
2022-03-31 03:55:59,537.44
2022-03-31 03:56:04,537.44
2022-03-31 03:56:09,538.5395027674792
2022-03-31 03:56:14,537.5
2022-03-31 03:56:19,538.4596867400523
2022-03-31 03:56:24,538.4197787263388
2022-03-31 03:56:29,537.63
2022-03-31 03:56:34,537.63
2022-03-31 03:56:39,537.73
2022-03-31 03:56:44,537.7
2022-03-31 03:56:49,537.79
2022-03-31 03:56:54,538.180330644058
2022-03-31 03:56:59,537.86
2022-03-31 03:57:04,537.93
2022-03-31 03:57:09,537.95
2022-03-31 03:57:14,538.02
2022-03-31 03:57:19,538.08
2022-03-31 03:57:24,538.0875581796029
2022-03-31 03:57:29,538.0793286277274
2022-03-31 03:57:34,538.25
2022-03-31 03:57:39,538.31
2022-03-31 03:57:44,538.0546399721011
2022-03-31 03:57:49,538.37
2022-03-31 03:57:54,538.47
2022-03-31 03:57:59,538.54
2022-03-31 03:58:04,538.0217217645994
2022-03-31 03:58:09,538.0134922127239
2022-03-31 03:58:14,538.73
2022-03-31 03:58:19,538.76
2022-03-31 03:58:24,538.83
2022-03-31 03:58:29,537.9805740052221
2022-03-31 03:58:34,538.96
2022-03-31 03:58:39,537.9641149014712
2022-03-31 03:58:44,537.9558853495959
2022-03-31 03:58:49,539.05
2022-03-31 03:58:54,539.18
2022-03-31 03:58:59,539.25
2022-03-31 03:59:04,537.9229671420942
2022-03-31 03:59:09,539.34
2022-03-31 03:59:14,539.41
2022-03-31 03:59:19,539.47
2022-03-31 03:59:24,539.5
2022-03-31 03:59:29,537.8818193827169
2022-03-31 03:59:34,539.63
2022-03-31 03:59:39,539.63
2022-03-31 03:59:44,537.8571307270906
2022-03-31 03:59:49,537.8489011752152
2022-03-31 03:59:54,539.79
2022-03-31 03:59:59,539.79
2022-03-31 04:00:04,539.86
2022-03-31 04:00:09,537.8159829677135
2022-03-31 04:00:14,539.92
2022-03-31 04:00:19,539.99
2022-03-31 04:00:24,540.02
2022-03-31 04:00:29,540.02
2022-03-31 04:00:34,539.99
2022-03-31 04:00:39,540.02
2022-03-31 04:00:44,540.08
2022-03-31 04:00:49,540.08
2022-03-31 04:00:54,540.02
2022-03-31 04:00:59,540.08
2022-03-31 04:01:04,537.7254578970837
2022-03-31 04:01:09,540.08
2022-03-31 04:01:14,540.08
2022-03-31 04:01:19,540.02
2022-03-31 04:01:24,540.08
2022-03-31 04:01:29,537.6843101377065
2022-03-31 04:01:34,540.01
2022-03-31 04:01:39,540.01
2022-03-31 04:01:44,539.98
2022-03-31 04:01:49,539.98
2022-03-31 04:01:54,537.6431623783293
2022-03-31 04:01:59,537.6349328264538
2022-03-31 04:02:04,537.6267032745784
2022-03-31 04:02:09,539.85
2022-03-31 04:02:14,539.78
2022-03-31 04:02:19,539.75
2022-03-31 04:02:24,539.75
2022-03-31 04:02:29,539.75
2022-03-31 04:02:34,537.5773259633257
2022-03-31 04:02:39,539.62
2022-03-31 04:02:44,539.56
2022-03-31 04:02:49,537.5526373076995
2022-03-31 04:02:54,539.49
2022-03-31 04:02:59,539.39
2022-03-31 04:03:04,539.39
2022-03-31 04:03:09,539.33
2022-03-31 04:03:14,539.26
2022-03-31 04:03:19,539.23
2022-03-31 04:03:24,539.17
2022-03-31 04:03:29,537.486800892696
2022-03-31 04:03:34,539.04
2022-03-31 04:03:39,538.98
2022-03-31 04:03:44,538.94
2022-03-31 04:03:49,538.88
2022-03-31 04:03:54,538.81
2022-03-31 04:03:59,538.72
2022-03-31 04:04:04,538.72
2022-03-31 04:04:09,537.4209644776926
2022-03-31 04:04:14,538.59
2022-03-31 04:04:19,538.53
2022-03-31 04:04:24,538.43
2022-03-31 04:04:29,538.36
2022-03-31 04:04:34,537.3798167183153
2022-03-31 04:04:39,537.3715871664399
2022-03-31 04:04:44,538.21
2022-03-31 04:04:49,538.14
2022-03-31 04:04:54,537.3468985108136
2022-03-31 04:04:59,538.02
2022-03-31 04:05:04,537.3304394070627
2022-03-31 04:05:09,537.3222098551873
2022-03-31 04:05:14,537.92
2022-03-31 04:05:19,537.85
2022-03-31 04:05:24,537.79
2022-03-31 04:05:29,537.73
2022-03-31 04:05:34,537.73
2022-03-31 04:05:39,537.69
2022-03-31 04:05:44,537.69
2022-03-31 04:05:49,537.7
2022-03-31 04:05:54,537.63
2022-03-31 04:05:59,537.2399143364329
2022-03-31 04:06:04,537.57
2022-03-31 04:06:09,537.223455232682
2022-03-31 04:06:14,537.2152256808066
2022-03-31 04:06:19,537.57
2022-03-31 04:06:24,537.51
2022-03-31 04:06:29,537.51
2022-03-31 04:06:34,537.1823074733048
2022-03-31 04:06:39,537.51
2022-03-31 04:06:44,537.51
2022-03-31 04:06:49,537.57
2022-03-31 04:06:54,537.149389265803
2022-03-31 04:06:59,537.57
2022-03-31 04:07:04,537.51
2022-03-31 04:07:09,537.51
2022-03-31 04:07:14,537.63
2022-03-31 04:07:19,537.63
2022-03-31 04:07:24,537.1000119545505
2022-03-31 04:07:29,537.0917824026751
2022-03-31 04:07:34,537.7
2022-03-31 04:07:39,537.0753232989242
2022-03-31 04:07:44,537.7
2022-03-31 04:07:49,537.7
2022-03-31 04:07:54,537.7
2022-03-31 04:07:59,537.73
2022-03-31 04:08:04,537.034175539547
2022-03-31 04:08:09,537.73
2022-03-31 04:08:14,537.0177164357962
2022-03-31 04:08:19,537.73
2022-03-31 04:08:24,537.86
2022-03-31 04:08:29,537.8
2022-03-31 04:08:34,537.86
2022-03-31 04:08:39,537.86
2022-03-31 04:08:44,537.92
2022-03-31 04:08:49,537.93
2022-03-31 04:08:54,536.9518800207926
2022-03-31 04:08:59,537.95
2022-03-31 04:09:04,537.96
2022-03-31 04:09:09,536.9271913651663
2022-03-31 04:09:14,538.02
2022-03-31 04:09:19,538.08
2022-03-31 04:09:24,538.08
2022-03-31 04:09:29,538.08
2022-03-31 04:09:34,538.15
2022-03-31 04:09:39,538.15
2022-03-31 04:09:44,536.8695845020384
2022-03-31 04:09:49,536.8613549501629
2022-03-31 04:09:54,538.15
2022-03-31 04:09:59,536.844895846412
2022-03-31 04:10:04,538.21
2022-03-31 04:10:09,538.21
2022-03-31 04:10:14,538.21
2022-03-31 04:10:19,536.8119776389102
2022-03-31 04:10:24,538.21
2022-03-31 04:10:29,538.21
2022-03-31 04:10:34,538.21
2022-03-31 04:10:39,536.7790594314085
2022-03-31 04:10:44,538.2
2022-03-31 04:10:49,538.14
2022-03-31 04:10:54,538.07
2022-03-31 04:10:59,538.07
2022-03-31 04:11:04,538.07
2022-03-31 04:11:09,538.08
2022-03-31 04:11:14,538.01
2022-03-31 04:11:19,537.95
2022-03-31 04:11:24,537.91
2022-03-31 04:11:29,537.85
2022-03-31 04:11:34,537.84
2022-03-31 04:11:39,536.8943862255429
2022-03-31 04:11:44,536.9187342805475
2022-03-31 04:11:49,537.68
2022-03-31 04:11:54,536.9674303905564
2022-03-31 04:11:59,536.991778445561
2022-03-31 04:12:04,537.56
2022-03-31 04:12:09,537.49
2022-03-31 04:12:14,537.43
2022-03-31 04:12:19,537.0891706655786
2022-03-31 04:12:24,537.1135187205832
2022-03-31 04:12:29,537.27
2022-03-31 04:12:34,537.2
2022-03-31 04:12:39,537.2
2022-03-31 04:12:44,537.04
2022-03-31 04:12:49,536.98
2022-03-31 04:12:54,537.25960705061
2022-03-31 04:12:59,536.82
2022-03-31 04:13:04,537.3083031606188
2022-03-31 04:13:09,536.69
2022-03-31 04:13:14,537.356999270628
2022-03-31 04:13:19,536.46
2022-03-31 04:13:24,537.4056953806369
2022-03-31 04:13:29,537.4300434356413
2022-03-31 04:13:34,537.4543914906457
2022-03-31 04:13:39,537.4787395456502
2022-03-31 04:13:44,536.01
2022-03-31 04:13:49,537.5274356556591
2022-03-31 04:13:54,537.5517837106637
2022-03-31 04:13:59,537.5761317656682
2022-03-31 04:14:04,537.6004798206725
2022-03-31 04:14:09,535.5
2022-03-31 04:14:14,535.37
2022-03-31 04:14:19,535.28
2022-03-31 04:14:24,535.21
2022-03-31 04:14:29,535.11
2022-03-31 04:14:34,534.99
2022-03-31 04:14:39,534.83
2022-03-31 04:14:44,534.76
2022-03-31 04:14:49,537.819612315713
2022-03-31 04:14:54,537.8439603707172
2022-03-31 04:14:59,534.31
2022-03-31 04:15:04,534.25
2022-03-31 04:15:09,534.12
2022-03-31 04:15:14,533.96
2022-03-31 04:15:19,537.9657006457397
2022-03-31 04:15:24,533.73
2022-03-31 04:15:29,538.0143967557486
2022-03-31 04:15:34,533.44
2022-03-31 04:15:39,538.0630928657575
2022-03-31 04:15:44,533.22
2022-03-31 04:15:49,538.1117889757666
2022-03-31 04:15:54,532.99
2022-03-31 04:15:59,532.86
2022-03-31 04:16:04,532.8
2022-03-31 04:16:09,532.71
2022-03-31 04:16:14,532.58
2022-03-31 04:16:19,532.48
2022-03-31 04:16:24,532.35
2022-03-31 04:16:29,532.29
2022-03-31 04:16:34,538.3309214708069
2022-03-31 04:16:39,532.06
2022-03-31 04:16:44,532.03
2022-03-31 04:16:49,531.9
2022-03-31 04:16:54,538.4283136908246
2022-03-31 04:16:59,531.77
2022-03-31 04:17:04,531.68
2022-03-31 04:17:09,538.5013578558379
2022-03-31 04:17:14,531.52
2022-03-31 04:17:19,538.550053965847
2022-03-31 04:17:24,538.5744020208514
2022-03-31 04:17:29,538.598750075856
2022-03-31 04:17:34,531.26
2022-03-31 04:17:39,531.22
2022-03-31 04:17:44,531.16
2022-03-31 04:17:49,538.6961422958739
2022-03-31 04:17:54,531.03
2022-03-31 04:17:59,531.0
2022-03-31 04:18:04,538.7691864608872
2022-03-31 04:18:09,538.7935345158916
2022-03-31 04:18:14,538.8178825708961
2022-03-31 04:18:19,538.8422306259007
2022-03-31 04:18:24,530.74
2022-03-31 04:18:29,530.71
2022-03-31 04:18:34,530.65
2022-03-31 04:18:39,530.64
2022-03-31 04:18:44,530.58
2022-03-31 04:18:49,530.51
2022-03-31 04:18:54,539.0126670109319
2022-03-31 04:18:59,530.48
2022-03-31 04:19:04,539.0613631209409
2022-03-31 04:19:09,530.41
2022-03-31 04:19:14,530.35
2022-03-31 04:19:19,530.35
2022-03-31 04:19:24,539.1587553409589
2022-03-31 04:19:29,530.29
2022-03-31 04:19:34,530.22
2022-03-31 04:19:39,530.28
2022-03-31 04:19:44,530.28
2022-03-31 04:19:49,530.28
2022-03-31 04:19:54,530.21
2022-03-31 04:19:59,530.18
2022-03-31 04:20:04,530.18
2022-03-31 04:20:09,530.18
2022-03-31 04:20:14,539.4022358910034
2022-03-31 04:20:19,530.12
2022-03-31 04:20:24,530.18
2022-03-31 04:20:29,539.4752800560168
2022-03-31 04:20:34,530.12
2022-03-31 04:20:39,530.12
2022-03-31 04:20:44,530.12
2022-03-31 04:20:49,530.11
2022-03-31 04:20:54,530.18
2022-03-31 04:20:59,530.18
2022-03-31 04:21:04,530.18
2022-03-31 04:21:09,530.18
2022-03-31 04:21:14,539.6944125510571
2022-03-31 04:21:19,539.7187606060616
2022-03-31 04:21:24,530.18
2022-03-31 04:21:29,539.7674567160705
2022-03-31 04:21:34,530.21
2022-03-31 04:21:39,530.28
2022-03-31 04:21:44,539.8405008810838
2022-03-31 04:21:49,539.8648489360884
2022-03-31 04:21:54,539.889196991093
2022-03-31 04:21:59,530.4
2022-03-31 04:22:04,539.9378931011018
2022-03-31 04:22:09,539.9622411561064
2022-03-31 04:22:14,539.9865892111106
2022-03-31 04:22:19,530.5
2022-03-31 04:22:24,530.5
2022-03-31 04:22:29,540.0596333761241
2022-03-31 04:22:34,530.57
2022-03-31 04:22:39,540.1083294861332
2022-03-31 04:22:44,530.63
2022-03-31 04:22:49,530.63
2022-03-31 04:22:54,530.7
2022-03-31 04:22:59,530.73
2022-03-31 04:23:04,530.73
2022-03-31 04:23:09,530.86
2022-03-31 04:23:14,530.92
2022-03-31 04:23:19,530.92
2022-03-31 04:23:24,540.3274619811734
2022-03-31 04:23:29,540.351810036178
2022-03-31 04:23:34,540.3761580911822
2022-03-31 04:23:39,531.09
2022-03-31 04:23:44,531.15
2022-03-31 04:23:49,531.22
2022-03-31 04:23:54,540.4735503112003
2022-03-31 04:23:59,531.25
2022-03-31 04:24:04,531.25
2022-03-31 04:24:09,531.31
2022-03-31 04:24:14,531.38
2022-03-31 04:24:19,540.5952905862225
2022-03-31 04:24:24,540.6196386412271
2022-03-31 04:24:29,540.6439866962317
2022-03-31 04:24:34,531.54
2022-03-31 04:24:39,540.6926828062404
2022-03-31 04:24:44,531.6
2022-03-31 04:24:49,531.67
2022-03-31 04:24:54,531.73
2022-03-31 04:24:59,531.77
2022-03-31 04:25:04,531.77
2022-03-31 04:25:09,531.76
2022-03-31 04:25:14,540.8405136572638
2022-03-31 04:25:19,540.820772292887
2022-03-31 04:25:24,540.80103092851
2022-03-31 04:25:29,532.02
2022-03-31 04:25:34,540.7615481997562
2022-03-31 04:25:39,532.05
2022-03-31 04:25:44,540.7220654710023
2022-03-31 04:25:49,532.12
2022-03-31 04:25:54,540.6825827422485
2022-03-31 04:25:59,532.25
2022-03-31 04:26:04,532.28
2022-03-31 04:26:09,540.6233586491178
2022-03-31 04:26:14,532.28
2022-03-31 04:26:19,532.34
2022-03-31 04:26:24,540.564134555987
2022-03-31 04:26:29,532.4
2022-03-31 04:26:34,532.4
2022-03-31 04:26:39,540.5049104628563
2022-03-31 04:26:44,540.4851690984793
2022-03-31 04:26:49,532.47
2022-03-31 04:26:54,540.4456863697255
2022-03-31 04:26:59,532.53
2022-03-31 04:27:04,540.4062036409719
2022-03-31 04:27:09,532.56
2022-03-31 04:27:14,532.56
2022-03-31 04:27:19,532.53
2022-03-31 04:27:24,540.327238183464
2022-03-31 04:27:29,532.56
2022-03-31 04:27:34,532.56
2022-03-31 04:27:39,532.56
2022-03-31 04:27:44,532.56
2022-03-31 04:27:49,540.2285313615794
2022-03-31 04:27:54,532.56
2022-03-31 04:27:59,532.56
2022-03-31 04:28:04,540.1693072684486
2022-03-31 04:28:09,532.62
2022-03-31 04:28:14,532.56
2022-03-31 04:28:19,532.56
2022-03-31 04:28:24,532.62
2022-03-31 04:28:29,532.62
2022-03-31 04:28:34,532.62
2022-03-31 04:28:39,532.62
2022-03-31 04:28:44,532.62
2022-03-31 04:28:49,539.9916349890564
2022-03-31 04:28:54,532.68
2022-03-31 04:28:59,532.75
2022-03-31 04:29:04,532.74
2022-03-31 04:29:09,539.9126695315489
2022-03-31 04:29:14,539.8929281671719
2022-03-31 04:29:19,532.77
2022-03-31 04:29:24,532.77
2022-03-31 04:29:29,532.77
2022-03-31 04:29:34,532.77
2022-03-31 04:29:39,532.77
2022-03-31 04:29:44,532.9
2022-03-31 04:29:49,532.9
2022-03-31 04:29:54,532.9
2022-03-31 04:29:59,532.96
2022-03-31 04:30:04,532.96
2022-03-31 04:30:09,533.03
2022-03-31 04:30:14,533.03
2022-03-31 04:30:19,533.06
2022-03-31 04:30:24,539.6165490658951
2022-03-31 04:30:29,539.5968077015182
2022-03-31 04:30:34,539.5770663371412
2022-03-31 04:30:39,539.5573249727644
2022-03-31 04:30:44,533.25
2022-03-31 04:30:49,539.5178422440105
2022-03-31 04:30:54,533.35
2022-03-31 04:30:59,539.4783595152567
2022-03-31 04:31:04,539.4586181508797
2022-03-31 04:31:09,539.4388767865029
2022-03-31 04:31:14,533.57
2022-03-31 04:31:19,533.57
2022-03-31 04:31:24,533.64
2022-03-31 04:31:29,539.3599113289952
2022-03-31 04:31:34,533.77
2022-03-31 04:31:39,533.8
2022-03-31 04:31:44,533.86
2022-03-31 04:31:49,533.93
2022-03-31 04:31:54,533.99
2022-03-31 04:31:59,534.06
2022-03-31 04:32:04,534.09
2022-03-31 04:32:09,534.16
2022-03-31 04:32:14,534.16
2022-03-31 04:32:19,534.22
2022-03-31 04:32:24,534.29
2022-03-31 04:32:29,534.32
2022-03-31 04:32:34,534.38
2022-03-31 04:32:39,534.45
2022-03-31 04:32:44,534.51
2022-03-31 04:32:49,539.0440494989645
2022-03-31 04:32:54,539.0243081345875
2022-03-31 04:32:59,534.61
2022-03-31 04:33:04,534.67
2022-03-31 04:33:09,534.74
2022-03-31 04:33:14,534.8
2022-03-31 04:33:19,534.83
2022-03-31 04:33:24,538.905859948326
2022-03-31 04:33:29,534.96
2022-03-31 04:33:34,534.96
2022-03-31 04:33:39,535.03
2022-03-31 04:33:44,538.8268944908185
2022-03-31 04:33:49,538.8071531264414
2022-03-31 04:33:54,535.12
2022-03-31 04:33:59,538.7676703976878
2022-03-31 04:34:04,538.7479290333107
2022-03-31 04:34:09,535.25
2022-03-31 04:34:14,535.25
2022-03-31 04:34:19,535.32
2022-03-31 04:34:24,535.35
2022-03-31 04:34:29,538.6492222114263
2022-03-31 04:34:34,535.41
2022-03-31 04:34:39,538.6097394826722
2022-03-31 04:34:44,535.54
2022-03-31 04:34:49,535.48
2022-03-31 04:34:54,535.61
2022-03-31 04:34:59,535.6
2022-03-31 04:35:04,535.64
2022-03-31 04:35:09,535.7
2022-03-31 04:35:14,535.77
2022-03-31 04:35:19,535.76
2022-03-31 04:35:24,538.43206720328
2022-03-31 04:35:29,535.86
2022-03-31 04:35:34,535.92
2022-03-31 04:35:39,535.99
2022-03-31 04:35:44,538.3531017457725
2022-03-31 04:35:49,536.05
2022-03-31 04:35:54,536.12
2022-03-31 04:35:59,536.15
2022-03-31 04:36:04,538.2741362882648
2022-03-31 04:36:09,536.21
2022-03-31 04:36:14,536.28
2022-03-31 04:36:19,536.34
2022-03-31 04:36:24,538.1951708307571
2022-03-31 04:36:29,536.34
2022-03-31 04:36:34,536.37
2022-03-31 04:36:39,536.43
2022-03-31 04:36:44,536.5
2022-03-31 04:36:49,536.5
2022-03-31 04:36:54,538.0767226444956
2022-03-31 04:36:59,538.0569812801186
2022-03-31 04:37:04,536.62
2022-03-31 04:37:09,538.0174985513648
2022-03-31 04:37:14,536.72
2022-03-31 04:37:19,537.978015822611
2022-03-31 04:37:24,537.9582744582341
2022-03-31 04:37:29,536.85
2022-03-31 04:37:34,536.88
2022-03-31 04:37:39,537.8990503651033
2022-03-31 04:37:44,536.94
2022-03-31 04:37:49,537.8595676363495
2022-03-31 04:37:54,537.8398262719726
2022-03-31 04:37:59,537.8200849075956
2022-03-31 04:38:04,537.8003435432188
2022-03-31 04:38:09,537.16
2022-03-31 04:38:14,537.16
2022-03-31 04:38:19,537.741119450088
2022-03-31 04:38:24,537.28
2022-03-31 04:38:29,537.29
2022-03-31 04:38:34,537.35
2022-03-31 04:38:39,537.6621539925803
2022-03-31 04:38:44,537.6424126282034
2022-03-31 04:38:49,537.6226712638265
2022-03-31 04:38:54,537.6029298994496
2022-03-31 04:38:59,537.51
2022-03-31 04:39:04,537.5634471706959
2022-03-31 04:39:09,537.51
2022-03-31 04:39:14,537.64
2022-03-31 04:39:19,537.5170472720948
2022-03-31 04:39:24,537.67
2022-03-31 04:39:29,537.67
2022-03-31 04:39:34,537.67
2022-03-31 04:39:39,537.73
2022-03-31 04:39:44,537.73
2022-03-31 04:39:49,537.8
2022-03-31 04:39:54,537.8
2022-03-31 04:39:59,537.8
2022-03-31 04:40:04,537.5935925385766
2022-03-31 04:40:09,537.86
2022-03-31 04:40:14,537.86
2022-03-31 04:40:19,537.86
2022-03-31 04:40:24,537.627612657013
2022-03-31 04:40:29,537.6361176866221
2022-03-31 04:40:34,537.89
2022-03-31 04:40:39,537.96
2022-03-31 04:40:44,537.96
2022-03-31 04:40:49,538.03
2022-03-31 04:40:54,538.02
2022-03-31 04:40:59,537.6871478642767
2022-03-31 04:41:04,537.6956528938857
2022-03-31 04:41:09,538.15
2022-03-31 04:41:14,538.19
2022-03-31 04:41:19,537.721167982713
2022-03-31 04:41:24,538.19
2022-03-31 04:41:29,538.25
2022-03-31 04:41:34,538.25
2022-03-31 04:41:39,538.32
2022-03-31 04:41:44,537.7636931307584
2022-03-31 04:41:49,538.32
2022-03-31 04:41:54,538.38
2022-03-31 04:41:59,538.38
2022-03-31 04:42:04,538.38
2022-03-31 04:42:09,537.8062182788038
2022-03-31 04:42:14,537.8147233084129
2022-03-31 04:42:19,538.48
2022-03-31 04:42:24,538.41
2022-03-31 04:42:29,538.48
2022-03-31 04:42:34,538.54
2022-03-31 04:42:39,537.8572484564584
2022-03-31 04:42:44,538.54
2022-03-31 04:42:49,538.61
2022-03-31 04:42:54,538.54
2022-03-31 04:42:59,538.6
2022-03-31 04:43:04,538.61
2022-03-31 04:43:09,538.6
2022-03-31 04:43:14,538.6
2022-03-31 04:43:19,537.9252886933311
2022-03-31 04:43:24,538.67
2022-03-31 04:43:29,537.9422987525493
2022-03-31 04:43:34,538.7
2022-03-31 04:43:39,538.66
2022-03-31 04:43:44,537.9678138413765
2022-03-31 04:43:49,537.9763188709856
2022-03-31 04:43:54,538.7
2022-03-31 04:43:59,537.9933289302038
2022-03-31 04:44:04,538.7
2022-03-31 04:44:09,538.69
2022-03-31 04:44:14,538.018844019031
2022-03-31 04:44:19,538.83
2022-03-31 04:44:24,538.82
2022-03-31 04:44:29,538.82
2022-03-31 04:44:34,538.89
2022-03-31 04:44:39,538.89
2022-03-31 04:44:44,538.89
2022-03-31 04:44:49,538.89
2022-03-31 04:44:54,538.0868842559037
2022-03-31 04:44:59,538.0953892855127
2022-03-31 04:45:04,538.92
2022-03-31 04:45:09,538.92
2022-03-31 04:45:14,538.98
2022-03-31 04:45:19,538.98
2022-03-31 04:45:24,538.98
2022-03-31 04:45:29,539.04
2022-03-31 04:45:34,538.1549244927764
2022-03-31 04:45:39,539.04
2022-03-31 04:45:44,539.04
2022-03-31 04:45:49,539.04
2022-03-31 04:45:54,538.1889446112128
2022-03-31 04:45:59,538.1974496408218
2022-03-31 04:46:04,539.1
2022-03-31 04:46:09,539.17
2022-03-31 04:46:14,538.2229647296491
2022-03-31 04:46:19,538.2314697592582
2022-03-31 04:46:24,538.2399747888674
2022-03-31 04:46:29,539.2
2022-03-31 04:46:34,539.19
2022-03-31 04:46:39,539.19
2022-03-31 04:46:44,539.19
2022-03-31 04:46:49,539.26
2022-03-31 04:46:54,539.32
2022-03-31 04:46:59,539.26
2022-03-31 04:47:04,538.30801502574
2022-03-31 04:47:09,539.32
2022-03-31 04:47:14,539.38
2022-03-31 04:47:19,539.38
2022-03-31 04:47:24,539.38
2022-03-31 04:47:29,538.3505401737854
2022-03-31 04:47:34,538.3590452033945
2022-03-31 04:47:39,539.48
2022-03-31 04:47:44,539.48
2022-03-31 04:47:49,538.3845602922217
2022-03-31 04:47:54,539.48
2022-03-31 04:47:59,539.54
2022-03-31 04:48:04,539.54
2022-03-31 04:48:09,539.54
2022-03-31 04:48:14,539.6
2022-03-31 04:48:19,538.4355904698763
2022-03-31 04:48:24,538.4440954994855
2022-03-31 04:48:29,538.4526005290944
2022-03-31 04:48:34,539.66
2022-03-31 04:48:39,539.66
2022-03-31 04:48:44,539.7
2022-03-31 04:48:49,538.4866206475308
2022-03-31 04:48:54,539.76
2022-03-31 04:48:59,538.5036307067489
2022-03-31 04:49:04,538.5121357363581
2022-03-31 04:49:09,538.5206407659672
2022-03-31 04:49:14,539.89
2022-03-31 04:49:19,539.92
2022-03-31 04:49:24,538.5461558547945
2022-03-31 04:49:29,538.5546608844035
2022-03-31 04:49:34,540.12
2022-03-31 04:49:39,540.18
2022-03-31 04:49:44,540.18
2022-03-31 04:49:49,538.5886810028398
2022-03-31 04:49:54,540.28
2022-03-31 04:49:59,538.6056910620581
2022-03-31 04:50:04,540.41
2022-03-31 04:50:09,538.6227011212762
2022-03-31 04:50:14,538.6312061508853
2022-03-31 04:50:19,540.63
2022-03-31 04:50:24,540.64
2022-03-31 04:50:29,538.6567212397126
2022-03-31 04:50:34,540.73
2022-03-31 04:50:39,540.8
2022-03-31 04:50:44,540.86
2022-03-31 04:50:49,540.92
2022-03-31 04:50:54,538.699246387758
2022-03-31 04:50:59,541.02
2022-03-31 04:51:04,541.08
2022-03-31 04:51:09,538.7247614765853
2022-03-31 04:51:14,541.15
2022-03-31 04:51:19,541.22
2022-03-31 04:51:24,541.22
2022-03-31 04:51:29,541.25
2022-03-31 04:51:34,541.31
2022-03-31 04:51:39,541.38
2022-03-31 04:51:44,541.38
2022-03-31 04:51:49,541.44
2022-03-31 04:51:54,541.44
2022-03-31 04:51:59,541.44
2022-03-31 04:52:04,541.44
2022-03-31 04:52:09,541.47
2022-03-31 04:52:14,541.47
2022-03-31 04:52:19,541.47
2022-03-31 04:52:24,541.53
2022-03-31 04:52:29,538.8608419503307
2022-03-31 04:52:34,541.6
2022-03-31 04:52:39,541.53
2022-03-31 04:52:44,538.8863570391579
2022-03-31 04:52:49,538.894862068767
2022-03-31 04:52:54,541.53
2022-03-31 04:52:59,541.53
2022-03-31 04:53:04,541.53
2022-03-31 04:53:09,538.9288821872034
2022-03-31 04:53:14,541.53
2022-03-31 04:53:19,541.53
2022-03-31 04:53:24,541.47
2022-03-31 04:53:29,541.47
2022-03-31 04:53:34,538.9122367028106
2022-03-31 04:53:39,538.8960389602171
2022-03-31 04:53:44,541.37
2022-03-31 04:53:49,538.8636434750302
2022-03-31 04:53:54,541.37
2022-03-31 04:53:59,541.24
2022-03-31 04:54:04,541.24
2022-03-31 04:54:09,541.14
2022-03-31 04:54:14,541.14
2022-03-31 04:54:19,541.07
2022-03-31 04:54:24,541.01
2022-03-31 04:54:29,540.95
2022-03-31 04:54:34,540.91
2022-03-31 04:54:39,538.7016660490957
2022-03-31 04:54:44,538.6854683065021
2022-03-31 04:54:49,538.6692705639086
2022-03-31 04:54:54,538.6530728213153
2022-03-31 04:54:59,540.56
2022-03-31 04:55:04,540.43
2022-03-31 04:55:09,540.43
2022-03-31 04:55:14,540.39
2022-03-31 04:55:19,540.33
2022-03-31 04:55:24,540.2
2022-03-31 04:55:29,538.539688623161
2022-03-31 04:55:34,540.04
2022-03-31 04:55:39,539.97
2022-03-31 04:55:44,539.87
2022-03-31 04:55:49,538.4748976527873
2022-03-31 04:55:54,539.74
2022-03-31 04:55:59,539.68
2022-03-31 04:56:04,539.65
2022-03-31 04:56:09,539.58
2022-03-31 04:56:14,539.45
2022-03-31 04:56:19,539.45
2022-03-31 04:56:24,539.35
2022-03-31 04:56:29,539.29
2022-03-31 04:56:34,538.3291179694462
2022-03-31 04:56:39,539.16
2022-03-31 04:56:44,539.12
2022-03-31 04:56:49,539.06
2022-03-31 04:56:54,538.2643269990724
2022-03-31 04:56:59,538.87
2022-03-31 04:57:04,538.2319315138855
2022-03-31 04:57:09,538.77
2022-03-31 04:57:14,538.71
2022-03-31 04:57:19,538.61
2022-03-31 04:57:24,538.55
2022-03-31 04:57:29,538.1509428009182
2022-03-31 04:57:34,538.42
2022-03-31 04:57:39,538.32
2022-03-31 04:57:44,538.26
2022-03-31 04:57:49,538.19
2022-03-31 04:57:54,538.09
2022-03-31 04:57:59,538.09
2022-03-31 04:58:04,538.03
2022-03-31 04:58:09,537.9
2022-03-31 04:58:14,538.0051631175771
2022-03-31 04:58:19,537.9889653749836
2022-03-31 04:58:24,537.9727676323902
2022-03-31 04:58:29,537.74
2022-03-31 04:58:34,537.9403721472033
2022-03-31 04:58:39,537.61
2022-03-31 04:58:44,537.9079766620165
2022-03-31 04:58:49,537.58
2022-03-31 04:58:54,537.52
2022-03-31 04:58:59,537.45
2022-03-31 04:59:04,537.8431856916426
2022-03-31 04:59:09,537.8269879490491
2022-03-31 04:59:14,537.32
2022-03-31 04:59:19,537.29
2022-03-31 04:59:24,537.23
2022-03-31 04:59:29,537.7621969786753
2022-03-31 04:59:34,537.16
2022-03-31 04:59:39,537.7298014934884
2022-03-31 04:59:44,537.16
2022-03-31 04:59:49,537.6974060083015
2022-03-31 04:59:54,537.681208265708
2022-03-31 04:59:59,537.07
2022-03-31 05:00:04,537.6488127805212
2022-03-31 05:00:09,537.0
2022-03-31 05:00:14,537.0
2022-03-31 05:00:19,537.0
2022-03-31 05:00:24,537.0
2022-03-31 05:00:29,536.94
2022-03-31 05:00:34,537.5516263249605
2022-03-31 05:00:39,536.87
2022-03-31 05:00:44,536.87
2022-03-31 05:00:49,536.87
2022-03-31 05:00:54,536.81
2022-03-31 05:00:59,536.81
2022-03-31 05:01:04,537.4544398693997
2022-03-31 05:01:09,536.71
2022-03-31 05:01:14,536.71
2022-03-31 05:01:19,536.65
2022-03-31 05:01:24,536.65
2022-03-31 05:01:29,536.58
2022-03-31 05:01:34,537.357253413839
2022-03-31 05:01:39,536.55
2022-03-31 05:01:44,536.49
2022-03-31 05:01:49,536.42
2022-03-31 05:01:54,536.36
2022-03-31 05:01:59,536.42
2022-03-31 05:02:04,536.36
2022-03-31 05:02:09,536.29
2022-03-31 05:02:14,536.26
2022-03-31 05:02:19,536.26
2022-03-31 05:02:24,536.19
2022-03-31 05:02:29,536.13
2022-03-31 05:02:34,536.13
2022-03-31 05:02:39,536.06
2022-03-31 05:02:44,536.03
2022-03-31 05:02:49,536.03
2022-03-31 05:02:54,537.0980895323437
2022-03-31 05:02:59,535.97
2022-03-31 05:03:04,535.97
2022-03-31 05:03:09,535.9
2022-03-31 05:03:14,537.0332985619699
2022-03-31 05:03:19,535.83
2022-03-31 05:03:24,535.84
2022-03-31 05:03:29,536.9847053341895
2022-03-31 05:03:34,535.77
2022-03-31 05:03:39,535.77
2022-03-31 05:03:44,535.77
2022-03-31 05:03:49,536.9199143638158
2022-03-31 05:03:54,535.73
2022-03-31 05:03:59,535.73
2022-03-31 05:04:04,535.67
2022-03-31 05:04:09,536.8551233934419
2022-03-31 05:04:14,535.66
2022-03-31 05:04:19,535.73
2022-03-31 05:04:24,536.8065301656616
2022-03-31 05:04:29,535.73
2022-03-31 05:04:34,535.73
2022-03-31 05:04:39,535.73
2022-03-31 05:04:44,536.7417391952877
2022-03-31 05:04:49,535.76
2022-03-31 05:04:54,536.7093437101008
2022-03-31 05:04:59,535.89
2022-03-31 05:05:04,535.89
2022-03-31 05:05:09,535.95
2022-03-31 05:05:14,535.95
2022-03-31 05:05:19,536.01
2022-03-31 05:05:24,536.6121572545402
2022-03-31 05:05:29,536.11
2022-03-31 05:05:34,536.24
2022-03-31 05:05:39,536.5635640267598
2022-03-31 05:05:44,536.27
2022-03-31 05:05:49,536.5311685415729
2022-03-31 05:05:54,536.46
2022-03-31 05:05:59,536.56
2022-03-31 05:06:04,536.4825753137926
2022-03-31 05:06:09,536.75
2022-03-31 05:06:14,536.4501798286055
2022-03-31 05:06:19,536.4339820860122
2022-03-31 05:06:24,536.98
2022-03-31 05:06:29,537.04
2022-03-31 05:06:34,537.07
2022-03-31 05:06:39,537.2
2022-03-31 05:06:44,537.3
2022-03-31 05:06:49,537.36
2022-03-31 05:06:54,537.43
2022-03-31 05:06:59,537.49
2022-03-31 05:07:04,537.59
2022-03-31 05:07:09,537.65
2022-03-31 05:07:14,537.72
2022-03-31 05:07:19,536.2396091748907
2022-03-31 05:07:24,537.88
2022-03-31 05:07:29,537.94
2022-03-31 05:07:34,538.07
2022-03-31 05:07:39,536.2058641146725
2022-03-31 05:07:44,538.17
2022-03-31 05:07:49,538.3
2022-03-31 05:07:54,538.33
2022-03-31 05:07:59,538.4
2022-03-31 05:08:04,536.1913094891821
2022-03-31 05:08:09,538.53
2022-03-31 05:08:14,538.59
2022-03-31 05:08:19,536.1825767138879
2022-03-31 05:08:24,538.75
2022-03-31 05:08:29,538.75
2022-03-31 05:08:34,538.82
2022-03-31 05:08:39,538.85
2022-03-31 05:08:44,538.91
2022-03-31 05:08:49,538.98
2022-03-31 05:08:54,538.98
2022-03-31 05:08:59,538.98
2022-03-31 05:09:04,539.11
2022-03-31 05:09:09,536.1534674629071
2022-03-31 05:09:14,539.11
2022-03-31 05:09:19,539.14
2022-03-31 05:09:24,539.2
2022-03-31 05:09:29,539.2
2022-03-31 05:09:34,539.2
2022-03-31 05:09:39,539.27
2022-03-31 05:09:44,536.1330909872205
2022-03-31 05:09:49,539.33
2022-03-31 05:09:54,539.33
2022-03-31 05:09:59,536.1243582119263
2022-03-31 05:10:04,539.33
2022-03-31 05:10:09,536.1185363617301
2022-03-31 05:10:14,536.1156254366321
2022-03-31 05:10:19,536.112714511534
2022-03-31 05:10:24,539.43
2022-03-31 05:10:29,539.43
2022-03-31 05:10:34,539.43
2022-03-31 05:10:39,539.43
2022-03-31 05:10:44,536.0981598860436
2022-03-31 05:10:49,536.0952489609455
2022-03-31 05:10:54,539.43
2022-03-31 05:10:59,536.0894271107493
2022-03-31 05:11:04,539.43
2022-03-31 05:11:09,536.0836052605532
2022-03-31 05:11:14,536.0806943354551
2022-03-31 05:11:19,539.43
2022-03-31 05:11:24,539.43
2022-03-31 05:11:29,539.43
2022-03-31 05:11:34,539.43
2022-03-31 05:11:39,536.0661397099647
2022-03-31 05:11:44,539.43
2022-03-31 05:11:49,539.42
2022-03-31 05:11:54,536.0574069346704
2022-03-31 05:11:59,539.36
2022-03-31 05:12:04,536.0515850844743
2022-03-31 05:12:09,539.36
2022-03-31 05:12:14,539.32
2022-03-31 05:12:19,539.33
2022-03-31 05:12:24,539.32
2022-03-31 05:12:29,536.0370304589838
2022-03-31 05:12:34,539.32
2022-03-31 05:12:39,539.32
2022-03-31 05:12:44,536.0282976836896
2022-03-31 05:12:49,539.32
2022-03-31 05:12:54,536.0224758334934
2022-03-31 05:12:59,536.0195649083954
2022-03-31 05:13:04,539.25
2022-03-31 05:13:09,539.19
2022-03-31 05:13:14,536.0108321331012
2022-03-31 05:13:19,539.13
2022-03-31 05:13:24,539.13
2022-03-31 05:13:29,539.12
2022-03-31 05:13:34,539.09
2022-03-31 05:13:39,539.12
2022-03-31 05:13:44,535.9933665825126
2022-03-31 05:13:49,539.09
2022-03-31 05:13:54,539.09
2022-03-31 05:13:59,535.9846338072184
2022-03-31 05:14:04,535.9817228821204
2022-03-31 05:14:09,539.02
2022-03-31 05:14:14,539.02
2022-03-31 05:14:19,538.95
2022-03-31 05:14:24,538.89
2022-03-31 05:14:29,538.95
2022-03-31 05:14:34,538.89
2022-03-31 05:14:39,538.89
2022-03-31 05:14:44,538.89
2022-03-31 05:14:49,538.83
2022-03-31 05:14:54,538.83
2022-03-31 05:14:59,538.83
2022-03-31 05:15:04,538.83
2022-03-31 05:15:09,538.79
2022-03-31 05:15:14,538.79
2022-03-31 05:15:19,538.79
2022-03-31 05:15:24,538.73
2022-03-31 05:15:29,538.73
2022-03-31 05:15:34,538.66
2022-03-31 05:15:39,538.66
2022-03-31 05:15:44,538.66
2022-03-31 05:15:49,535.9205934550607
2022-03-31 05:15:54,538.6
2022-03-31 05:15:59,538.57
2022-03-31 05:16:04,535.9118606797664
2022-03-31 05:16:09,538.5
2022-03-31 05:16:14,538.44
2022-03-31 05:16:19,538.44
2022-03-31 05:16:24,538.37
2022-03-31 05:16:29,538.38
2022-03-31 05:16:34,535.894395129178
2022-03-31 05:16:39,538.21
2022-03-31 05:16:44,538.15
2022-03-31 05:16:49,538.09
2022-03-31 05:16:54,535.8827514287856
2022-03-31 05:16:59,538.05
2022-03-31 05:17:04,537.99
2022-03-31 05:17:09,537.99
2022-03-31 05:17:14,537.86
2022-03-31 05:17:19,535.8681968032953
2022-03-31 05:17:24,535.8652858781971
2022-03-31 05:17:29,537.77
2022-03-31 05:17:34,537.64
2022-03-31 05:17:39,537.64
2022-03-31 05:17:44,535.8536421778048
2022-03-31 05:17:49,537.58
2022-03-31 05:17:54,537.48
2022-03-31 05:17:59,537.41
2022-03-31 05:18:04,535.8419984774125
2022-03-31 05:18:09,535.8390875523144
2022-03-31 05:18:14,537.29
2022-03-31 05:18:19,535.8332657021183
2022-03-31 05:18:24,537.19
2022-03-31 05:18:29,535.8274438519221
2022-03-31 05:18:34,537.13
2022-03-31 05:18:39,537.06
2022-03-31 05:18:44,537.03
2022-03-31 05:18:49,536.96
2022-03-31 05:18:54,536.97
2022-03-31 05:18:59,535.8099783013336
2022-03-31 05:19:04,535.8070673762355
2022-03-31 05:19:09,536.77
2022-03-31 05:19:14,535.8012455260393
2022-03-31 05:19:19,536.74
2022-03-31 05:19:24,535.7954236758433
2022-03-31 05:19:29,535.7925127507451
2022-03-31 05:19:34,536.61
2022-03-31 05:19:39,536.55
2022-03-31 05:19:44,536.55
2022-03-31 05:19:49,536.55
2022-03-31 05:19:54,536.51
2022-03-31 05:19:59,535.7750472001567
2022-03-31 05:20:04,536.45
2022-03-31 05:20:09,536.45
2022-03-31 05:20:14,535.7663144248625
2022-03-31 05:20:19,535.7634034997643
2022-03-31 05:20:24,536.32
2022-03-31 05:20:29,536.25
2022-03-31 05:20:34,535.7546707244701
2022-03-31 05:20:39,536.22
2022-03-31 05:20:44,535.7488488742739
2022-03-31 05:20:49,536.09
2022-03-31 05:20:54,536.09
2022-03-31 05:20:59,536.03
2022-03-31 05:21:04,535.7372051738816
2022-03-31 05:21:09,535.7342942487835
2022-03-31 05:21:14,535.93
2022-03-31 05:21:19,535.7284723985873
2022-03-31 05:21:24,535.86
2022-03-31 05:21:29,535.7226505483912
2022-03-31 05:21:34,535.8
2022-03-31 05:21:39,535.7109079495801
2022-03-31 05:21:44,535.7033637893484
2022-03-31 05:21:49,535.7
2022-03-31 05:21:54,535.7
2022-03-31 05:21:59,535.7
2022-03-31 05:22:04,535.57
2022-03-31 05:22:09,535.66564298819
2022-03-31 05:22:14,535.6580988279584
2022-03-31 05:22:19,535.57
2022-03-31 05:22:24,535.57
2022-03-31 05:22:29,535.6354663472633
2022-03-31 05:22:34,535.5
2022-03-31 05:22:39,535.6203780268
2022-03-31 05:22:44,535.5
2022-03-31 05:22:49,535.6052897063366
2022-03-31 05:22:54,535.46
2022-03-31 05:22:59,535.46
2022-03-31 05:23:04,535.5826572256417
2022-03-31 05:23:09,535.4
2022-03-31 05:23:14,535.4
2022-03-31 05:23:19,535.5600247449466
2022-03-31 05:23:24,535.552480584715
2022-03-31 05:23:29,535.4
2022-03-31 05:23:34,535.33
2022-03-31 05:23:39,535.4
2022-03-31 05:23:44,535.5223039437883
2022-03-31 05:23:49,535.39
2022-03-31 05:23:54,535.33
2022-03-31 05:23:59,535.4
2022-03-31 05:24:04,535.4
2022-03-31 05:24:09,535.39
2022-03-31 05:24:14,535.33
2022-03-31 05:24:19,535.33
2022-03-31 05:24:24,535.4619506619349
2022-03-31 05:24:29,535.4544065017033
2022-03-31 05:24:34,535.33
2022-03-31 05:24:39,535.4393181812399
2022-03-31 05:24:44,535.33
2022-03-31 05:24:49,535.27
2022-03-31 05:24:54,535.4166857005448
2022-03-31 05:24:59,535.4091415403133
2022-03-31 05:25:04,535.2
2022-03-31 05:25:09,535.2
2022-03-31 05:25:14,535.17
2022-03-31 05:25:19,535.3789648993865
2022-03-31 05:25:24,535.3714207391548
2022-03-31 05:25:29,535.11
2022-03-31 05:25:34,535.11
2022-03-31 05:25:39,535.17
2022-03-31 05:25:44,535.11
2022-03-31 05:25:49,535.11
2022-03-31 05:25:54,535.11
2022-03-31 05:25:59,535.11
2022-03-31 05:26:04,535.11
2022-03-31 05:26:09,535.11
2022-03-31 05:26:14,535.05
2022-03-31 05:26:19,535.05
2022-03-31 05:26:24,535.05
2022-03-31 05:26:29,535.05
2022-03-31 05:26:34,535.05
2022-03-31 05:26:39,535.2582583356798
2022-03-31 05:26:44,535.2507141754481
2022-03-31 05:26:49,534.95
2022-03-31 05:26:54,535.2356258549847
2022-03-31 05:26:59,534.99
2022-03-31 05:27:04,534.95
2022-03-31 05:27:09,534.95
2022-03-31 05:27:14,535.205449214058
2022-03-31 05:27:19,534.89
2022-03-31 05:27:24,534.89
2022-03-31 05:27:29,534.89
2022-03-31 05:27:34,534.83
2022-03-31 05:27:39,534.82
2022-03-31 05:27:44,534.76
2022-03-31 05:27:49,534.76
2022-03-31 05:27:54,534.7
2022-03-31 05:27:59,534.67
2022-03-31 05:28:04,534.66
2022-03-31 05:28:09,534.66
2022-03-31 05:28:14,534.6
2022-03-31 05:28:19,534.6
2022-03-31 05:28:24,534.6
2022-03-31 05:28:29,534.53
2022-03-31 05:28:34,534.54
2022-03-31 05:28:39,534.53
2022-03-31 05:28:44,534.47
2022-03-31 05:28:49,535.0621101696563
2022-03-31 05:28:54,534.47
2022-03-31 05:28:59,534.47
2022-03-31 05:29:04,534.47
2022-03-31 05:29:09,535.0319335287296
2022-03-31 05:29:14,534.44
2022-03-31 05:29:19,534.47
2022-03-31 05:29:24,534.47
2022-03-31 05:29:29,534.44
2022-03-31 05:29:34,534.44
2022-03-31 05:29:39,534.47
2022-03-31 05:29:44,534.9791244071079
2022-03-31 05:29:49,534.47
2022-03-31 05:29:54,534.47
2022-03-31 05:29:59,534.47
2022-03-31 05:30:04,534.47
2022-03-31 05:30:09,534.9414036059495
2022-03-31 05:30:14,534.53
2022-03-31 05:30:19,534.9263152854862
2022-03-31 05:30:24,534.9187711252546
2022-03-31 05:30:29,534.53
2022-03-31 05:30:34,534.6
2022-03-31 05:30:39,534.8961386445595
2022-03-31 05:30:44,534.6
2022-03-31 05:30:49,534.8810503240962
2022-03-31 05:30:54,534.66
2022-03-31 05:30:59,534.69
2022-03-31 05:31:04,534.69
2022-03-31 05:31:09,534.75
2022-03-31 05:31:14,534.82
2022-03-31 05:31:19,534.82
2022-03-31 05:31:24,534.82
2022-03-31 05:31:29,534.88
2022-03-31 05:31:34,534.94
2022-03-31 05:31:39,534.8056087217794
2022-03-31 05:31:44,534.7980645615478
2022-03-31 05:31:49,535.04
2022-03-31 05:31:54,535.17
2022-03-31 05:31:59,535.17
2022-03-31 05:32:04,535.2
2022-03-31 05:32:09,535.26
2022-03-31 05:32:14,535.32
2022-03-31 05:32:19,534.7452554399262
2022-03-31 05:32:24,534.7377112796944
2022-03-31 05:32:29,535.48
2022-03-31 05:32:34,534.7226229592311
2022-03-31 05:32:39,535.68
2022-03-31 05:32:44,535.68
2022-03-31 05:32:49,534.699990478536
2022-03-31 05:32:54,535.77
2022-03-31 05:32:59,535.9
2022-03-31 05:33:04,535.9
2022-03-31 05:33:09,536.0
2022-03-31 05:33:14,536.06
2022-03-31 05:33:19,534.654725517146
2022-03-31 05:33:24,534.6471813569143
2022-03-31 05:33:29,536.22
2022-03-31 05:33:34,534.632093036451
2022-03-31 05:33:39,534.6245488762194
2022-03-31 05:33:44,536.35
2022-03-31 05:33:49,534.609460555756
2022-03-31 05:33:54,534.6019163955243
2022-03-31 05:33:59,536.58
2022-03-31 05:34:04,536.64
2022-03-31 05:34:09,536.71
2022-03-31 05:34:14,536.74
2022-03-31 05:34:19,536.81
2022-03-31 05:34:24,534.5566514341343
2022-03-31 05:34:29,536.94
2022-03-31 05:34:34,537.03
2022-03-31 05:34:39,534.5340189534393
2022-03-31 05:34:44,537.1
2022-03-31 05:34:49,537.16
2022-03-31 05:34:54,537.16
2022-03-31 05:34:59,537.26
2022-03-31 05:35:04,537.26
2022-03-31 05:35:09,537.32
2022-03-31 05:35:14,537.32
2022-03-31 05:35:19,534.4736656715859
2022-03-31 05:35:24,537.46
2022-03-31 05:35:29,537.55
2022-03-31 05:35:34,537.55
2022-03-31 05:35:39,537.55
2022-03-31 05:35:44,537.68
2022-03-31 05:35:49,537.75
2022-03-31 05:35:54,537.78
2022-03-31 05:35:59,534.4466925151289
2022-03-31 05:36:04,534.4470598781244
2022-03-31 05:36:09,537.97
2022-03-31 05:36:14,538.04
2022-03-31 05:36:19,534.4481619671105
2022-03-31 05:36:24,538.13
2022-03-31 05:36:29,538.2
2022-03-31 05:36:34,538.26
2022-03-31 05:36:39,538.29
2022-03-31 05:36:44,534.4499987820876
2022-03-31 05:36:49,538.42
2022-03-31 05:36:54,534.4507335080784
2022-03-31 05:36:59,534.4511008710739
2022-03-31 05:37:04,538.58
2022-03-31 05:37:09,538.65
2022-03-31 05:37:14,538.65
2022-03-31 05:37:19,538.71
2022-03-31 05:37:24,538.81
2022-03-31 05:37:29,538.87
2022-03-31 05:37:34,538.87
2022-03-31 05:37:39,538.94
2022-03-31 05:37:44,539.0
2022-03-31 05:37:49,539.07
2022-03-31 05:37:54,534.4551418640234
2022-03-31 05:37:59,539.16
2022-03-31 05:38:04,539.22
2022-03-31 05:38:09,539.22
2022-03-31 05:38:14,534.456611316005
2022-03-31 05:38:19,539.32
2022-03-31 05:38:24,539.39
2022-03-31 05:38:29,534.4577134049913
2022-03-31 05:38:34,539.51
2022-03-31 05:38:39,539.51
2022-03-31 05:38:44,534.4588154939775
2022-03-31 05:38:49,539.51
2022-03-31 05:38:54,534.4595502199683
2022-03-31 05:38:59,539.61
2022-03-31 05:39:04,534.4602849459591
2022-03-31 05:39:09,539.67
2022-03-31 05:39:14,539.74
2022-03-31 05:39:19,539.74
2022-03-31 05:39:24,534.4617543979408
2022-03-31 05:39:29,539.8
2022-03-31 05:39:34,534.4624891239316
2022-03-31 05:39:39,534.462856486927
2022-03-31 05:39:44,534.4632238499224
2022-03-31 05:39:49,534.4635912129178
2022-03-31 05:39:54,539.89
2022-03-31 05:39:59,534.4643259389086
2022-03-31 05:40:04,534.464693301904
2022-03-31 05:40:09,540.02
2022-03-31 05:40:14,540.08
2022-03-31 05:40:19,540.08
2022-03-31 05:40:24,534.4661627538857
2022-03-31 05:40:29,540.11
2022-03-31 05:40:34,540.18
2022-03-31 05:40:39,534.4672648428719
2022-03-31 05:40:44,534.4676322058673
2022-03-31 05:40:49,540.17
2022-03-31 05:40:54,534.4683669318581
2022-03-31 05:40:59,534.4687342948536
2022-03-31 05:41:04,534.469101657849
2022-03-31 05:41:09,534.4694690208444
2022-03-31 05:41:14,534.4698363838398
2022-03-31 05:41:19,540.17
2022-03-31 05:41:24,534.4705711098306
2022-03-31 05:41:29,540.11
2022-03-31 05:41:34,534.4713058358215
2022-03-31 05:41:39,540.08
2022-03-31 05:41:44,534.4720405618123
2022-03-31 05:41:49,540.01
2022-03-31 05:41:54,540.01
2022-03-31 05:41:59,539.95
2022-03-31 05:42:04,534.4735100137939
2022-03-31 05:42:09,539.82
2022-03-31 05:42:14,534.4742447397847
2022-03-31 05:42:19,539.79
2022-03-31 05:42:24,534.4749794657755
2022-03-31 05:42:29,534.475346828771
2022-03-31 05:42:34,539.59
2022-03-31 05:42:39,534.4760815547618
2022-03-31 05:42:44,534.4764489177571
2022-03-31 05:42:49,534.4768162807526
2022-03-31 05:42:54,539.3
2022-03-31 05:42:59,534.4775510067434
2022-03-31 05:43:04,539.27
2022-03-31 05:43:09,539.08
2022-03-31 05:43:14,539.05
2022-03-31 05:43:19,538.92
2022-03-31 05:43:24,538.86
2022-03-31 05:43:29,534.4797551847158
2022-03-31 05:43:34,534.4801225477113
2022-03-31 05:43:39,538.57
2022-03-31 05:43:44,538.47
2022-03-31 05:43:49,538.34
2022-03-31 05:43:54,534.4815919996929
2022-03-31 05:43:59,538.12
2022-03-31 05:44:04,538.06
2022-03-31 05:44:09,534.4826940886792
2022-03-31 05:44:14,534.4830614516745
2022-03-31 05:44:19,537.73
2022-03-31 05:44:24,537.67
2022-03-31 05:44:29,537.54
2022-03-31 05:44:34,537.51
2022-03-31 05:44:39,534.4848982666516
2022-03-31 05:44:44,534.485265629647
2022-03-31 05:44:49,537.22
2022-03-31 05:44:54,534.4860003556379
2022-03-31 05:44:59,537.09
2022-03-31 05:45:04,537.03
2022-03-31 05:45:09,537.0
2022-03-31 05:45:14,536.87
2022-03-31 05:45:19,536.8
2022-03-31 05:45:24,536.74
2022-03-31 05:45:29,534.4885718966057
2022-03-31 05:45:34,536.64
2022-03-31 05:45:39,536.58
2022-03-31 05:45:44,534.4896739855919
2022-03-31 05:45:49,536.48
2022-03-31 05:45:54,536.48
2022-03-31 05:45:59,534.4907760745782
2022-03-31 05:46:04,536.35
2022-03-31 05:46:09,536.29
2022-03-31 05:46:14,534.4918781635644
2022-03-31 05:46:19,536.29
2022-03-31 05:46:24,534.4926128895552
2022-03-31 05:46:29,534.4929802525506
2022-03-31 05:46:34,536.23
2022-03-31 05:46:39,536.19
2022-03-31 05:46:44,536.19
2022-03-31 05:46:49,534.4944497045323
2022-03-31 05:46:54,536.19
2022-03-31 05:46:59,536.19
2022-03-31 05:47:04,536.13
2022-03-31 05:47:09,536.13
2022-03-31 05:47:14,536.13
2022-03-31 05:47:19,536.12
2022-03-31 05:47:24,536.12
2022-03-31 05:47:29,536.13
2022-03-31 05:47:34,536.13
2022-03-31 05:47:39,536.06
2022-03-31 05:47:44,534.4984906974818
2022-03-31 05:47:49,536.12
2022-03-31 05:47:54,534.4992254234726
2022-03-31 05:47:59,536.12
2022-03-31 05:48:04,536.13
2022-03-31 05:48:09,534.5003275124589
2022-03-31 05:48:14,536.19
2022-03-31 05:48:19,536.22
2022-03-31 05:48:24,536.19
2022-03-31 05:48:29,536.19
2022-03-31 05:48:34,536.22
2022-03-31 05:48:39,534.5025316904313
2022-03-31 05:48:44,536.28
2022-03-31 05:48:49,534.5032664164221
2022-03-31 05:48:54,536.35
2022-03-31 05:48:59,536.35
2022-03-31 05:49:04,536.41
2022-03-31 05:49:09,536.47
2022-03-31 05:49:14,534.5051032313992
2022-03-31 05:49:19,536.57
2022-03-31 05:49:24,536.57
2022-03-31 05:49:29,536.63
2022-03-31 05:49:34,536.7
2022-03-31 05:49:39,536.69
2022-03-31 05:49:44,536.73
2022-03-31 05:49:49,534.5505873578878
2022-03-31 05:49:54,536.79
2022-03-31 05:49:59,534.6252793560573
2022-03-31 05:50:04,534.6626253551422
2022-03-31 05:50:09,536.98
2022-03-31 05:50:14,534.7373173533116
2022-03-31 05:50:19,536.98
2022-03-31 05:50:24,537.01
2022-03-31 05:50:29,534.8493553505659
2022-03-31 05:50:34,537.08
2022-03-31 05:50:39,534.9240473487357
2022-03-31 05:50:44,534.9613933478203
2022-03-31 05:50:49,537.14
2022-03-31 05:50:54,535.03608534599
2022-03-31 05:50:59,537.24
2022-03-31 05:51:04,535.1107773441595
2022-03-31 05:51:09,535.1481233432444
2022-03-31 05:51:14,537.3
2022-03-31 05:51:19,535.2228153414137
2022-03-31 05:51:24,535.2601613404986
2022-03-31 05:51:29,537.37
2022-03-31 05:51:34,537.37
2022-03-31 05:51:39,537.43
2022-03-31 05:51:44,535.4095453368375
2022-03-31 05:51:49,537.43
2022-03-31 05:51:54,535.4842373350073
2022-03-31 05:51:59,537.5
2022-03-31 05:52:04,537.5
2022-03-31 05:52:09,535.5962753322616
2022-03-31 05:52:14,535.6336213313461
2022-03-31 05:52:19,535.670967330431
2022-03-31 05:52:24,535.7083133295159
2022-03-31 05:52:29,535.7456593286005
2022-03-31 05:52:34,537.53
2022-03-31 05:52:39,537.6
2022-03-31 05:52:44,537.67
2022-03-31 05:52:49,537.66
2022-03-31 05:52:54,537.67
2022-03-31 05:52:59,535.9697353231091
2022-03-31 05:53:04,536.007081322194
2022-03-31 05:53:09,537.73
2022-03-31 05:53:14,537.76
2022-03-31 05:53:19,537.76
2022-03-31 05:53:24,537.76
2022-03-31 05:53:29,537.83
2022-03-31 05:53:34,537.89
2022-03-31 05:53:39,537.89
2022-03-31 05:53:44,537.96
2022-03-31 05:53:49,536.343195313957
2022-03-31 05:53:54,538.02
2022-03-31 05:53:59,538.06
2022-03-31 05:54:04,538.05
2022-03-31 05:54:09,536.4925793102963
2022-03-31 05:54:14,538.18
2022-03-31 05:54:19,538.25
2022-03-31 05:54:24,538.25
2022-03-31 05:54:29,538.28
2022-03-31 05:54:34,538.35
2022-03-31 05:54:39,538.35
2022-03-31 05:54:44,538.47
2022-03-31 05:54:49,538.54
2022-03-31 05:54:54,538.57
2022-03-31 05:54:59,538.57
2022-03-31 05:55:04,538.64
2022-03-31 05:55:09,538.7
2022-03-31 05:55:14,538.8
2022-03-31 05:55:19,538.86
2022-03-31 05:55:24,537.0527692965679
2022-03-31 05:55:29,538.99
2022-03-31 05:55:34,537.1274612947373
2022-03-31 05:55:39,539.05
2022-03-31 05:55:44,537.202153292907
2022-03-31 05:55:49,539.15
2022-03-31 05:55:54,539.21
2022-03-31 05:55:59,539.21
2022-03-31 05:56:04,537.3515372892459
2022-03-31 05:56:09,539.28
2022-03-31 05:56:14,539.31
2022-03-31 05:56:19,539.37
2022-03-31 05:56:24,539.44
2022-03-31 05:56:29,539.44
2022-03-31 05:56:34,537.5756132837546
2022-03-31 05:56:39,537.6129592828395
2022-03-31 05:56:44,539.57
2022-03-31 05:56:49,539.6
2022-03-31 05:56:54,537.7249972800938
2022-03-31 05:56:59,539.66
2022-03-31 05:57:04,539.66
2022-03-31 05:57:09,537.8370352773481
2022-03-31 05:57:14,539.66
2022-03-31 05:57:19,537.9117272755176
2022-03-31 05:57:24,539.79
2022-03-31 05:57:29,537.9864192736874
2022-03-31 05:57:34,538.0237652727719
2022-03-31 05:57:39,539.82
2022-03-31 05:57:44,538.0984572709417
2022-03-31 05:57:49,538.1358032700263
2022-03-31 05:57:54,539.95
2022-03-31 05:57:59,540.01
2022-03-31 05:58:04,540.01
2022-03-31 05:58:09,540.08
2022-03-31 05:58:14,540.1
2022-03-31 05:58:19,538.3598792645349
2022-03-31 05:58:24,540.17
2022-03-31 05:58:29,538.4345712627047
2022-03-31 05:58:34,540.23
2022-03-31 05:58:39,540.23
2022-03-31 05:58:44,538.546609259959
2022-03-31 05:58:49,540.29
2022-03-31 05:58:54,540.32
2022-03-31 05:58:59,540.32
2022-03-31 05:59:04,540.32
2022-03-31 05:59:09,540.39
2022-03-31 05:59:14,540.39
2022-03-31 05:59:19,538.8080312535526
2022-03-31 05:59:24,540.51
2022-03-31 05:59:29,540.51
2022-03-31 05:59:34,540.58
2022-03-31 05:59:39,540.58
2022-03-31 05:59:44,540.58
2022-03-31 05:59:49,539.0321072480613
2022-03-31 05:59:54,539.0694532471457
2022-03-31 05:59:59,540.68
2022-03-31 06:00:04,540.74
2022-03-31 06:00:09,540.74
2022-03-31 06:00:14,540.8
2022-03-31 06:00:19,539.2561832425698
2022-03-31 06:00:24,539.2935292416544
2022-03-31 06:00:29,540.9
2022-03-31 06:00:34,540.9
2022-03-31 06:00:39,540.9
2022-03-31 06:00:44,540.96
2022-03-31 06:00:49,540.97
2022-03-31 06:00:54,541.03
2022-03-31 06:00:59,541.03
2022-03-31 06:01:04,541.03
2022-03-31 06:01:09,541.1
2022-03-31 06:01:14,539.6669892325023
2022-03-31 06:01:19,541.13
2022-03-31 06:01:24,541.13
2022-03-31 06:01:29,541.13
2022-03-31 06:01:34,541.26
2022-03-31 06:01:39,541.26
2022-03-31 06:01:44,541.32
2022-03-31 06:01:49,541.33
2022-03-31 06:01:54,541.36
2022-03-31 06:01:59,541.36
2022-03-31 06:02:04,540.0404492233502
2022-03-31 06:02:09,540.0777952224347
2022-03-31 06:02:14,541.49
2022-03-31 06:02:19,540.1524872206045
2022-03-31 06:02:24,541.55
2022-03-31 06:02:29,540.2271792187739
2022-03-31 06:02:34,540.2645252178588
2022-03-31 06:02:39,541.62
2022-03-31 06:02:44,540.3392172160283
2022-03-31 06:02:49,541.65
2022-03-31 06:02:54,540.4139092141977
2022-03-31 06:02:59,541.78
2022-03-31 06:03:04,541.78
2022-03-31 06:03:09,541.84
2022-03-31 06:03:14,540.5632932105369
2022-03-31 06:03:19,541.84
2022-03-31 06:03:24,541.84
2022-03-31 06:03:29,541.94
2022-03-31 06:03:34,541.88
2022-03-31 06:03:39,540.750023205961
2022-03-31 06:03:44,542.0
2022-03-31 06:03:49,542.0
2022-03-31 06:03:54,542.07
2022-03-31 06:03:59,542.07
2022-03-31 06:04:04,540.7954826244932
2022-03-31 06:04:09,542.13
2022-03-31 06:04:14,540.779084067721
2022-03-31 06:04:19,542.16
2022-03-31 06:04:24,542.16
2022-03-31 06:04:29,542.23
2022-03-31 06:04:34,542.23
2022-03-31 06:04:39,542.29
2022-03-31 06:04:44,542.29
2022-03-31 06:04:49,540.7216891190183
2022-03-31 06:04:54,542.39
2022-03-31 06:04:59,542.36
2022-03-31 06:05:04,542.38
2022-03-31 06:05:09,542.38
2022-03-31 06:05:14,540.6806927270878
2022-03-31 06:05:19,542.45
2022-03-31 06:05:24,540.6642941703155
2022-03-31 06:05:29,542.51
2022-03-31 06:05:34,542.52
2022-03-31 06:05:39,542.52
2022-03-31 06:05:44,542.58
2022-03-31 06:05:49,542.52
2022-03-31 06:05:54,540.6150984999989
2022-03-31 06:05:59,542.51
2022-03-31 06:06:04,540.5986999432267
2022-03-31 06:06:09,542.45
2022-03-31 06:06:14,542.45
2022-03-31 06:06:19,542.38
2022-03-31 06:06:24,540.5659028296823
2022-03-31 06:06:29,542.38
2022-03-31 06:06:34,540.5495042729101
2022-03-31 06:06:39,540.541304994524
2022-03-31 06:06:44,540.5331057161379
2022-03-31 06:06:49,542.15
2022-03-31 06:06:54,542.12
2022-03-31 06:06:59,542.06
2022-03-31 06:07:04,541.99
2022-03-31 06:07:09,541.92
2022-03-31 06:07:14,541.83
2022-03-31 06:07:19,541.76
2022-03-31 06:07:24,540.4675114890491
2022-03-31 06:07:29,541.63
2022-03-31 06:07:34,541.6
2022-03-31 06:07:39,541.47
2022-03-31 06:07:44,540.4347143755048
2022-03-31 06:07:49,541.31
2022-03-31 06:07:54,540.4183158187325
2022-03-31 06:07:59,540.4101165403464
2022-03-31 06:08:04,540.4019172619603
2022-03-31 06:08:09,540.88
2022-03-31 06:08:14,540.82
2022-03-31 06:08:19,540.72
2022-03-31 06:08:24,540.72
2022-03-31 06:08:29,540.59
2022-03-31 06:08:34,540.3527215916437
2022-03-31 06:08:39,540.37
2022-03-31 06:08:44,540.3363230348714
2022-03-31 06:08:49,540.3281237564854
2022-03-31 06:08:54,540.3199244780992
2022-03-31 06:08:59,540.05
2022-03-31 06:09:04,539.98
2022-03-31 06:09:09,539.85
2022-03-31 06:09:14,540.2871273645549
2022-03-31 06:09:19,539.69
2022-03-31 06:09:24,539.53
2022-03-31 06:09:29,539.47
2022-03-31 06:09:34,540.2543302510105
2022-03-31 06:09:39,539.27
2022-03-31 06:09:44,540.2379316942382
2022-03-31 06:09:49,539.11
2022-03-31 06:09:54,539.05
2022-03-31 06:09:59,538.95
2022-03-31 06:10:04,538.82
2022-03-31 06:10:09,540.1969353023077
2022-03-31 06:10:14,540.1887360239216
2022-03-31 06:10:19,538.54
2022-03-31 06:10:24,538.44
2022-03-31 06:10:29,538.38
2022-03-31 06:10:34,538.25
2022-03-31 06:10:39,540.147739631991
2022-03-31 06:10:44,538.02
2022-03-31 06:10:49,540.1313410752189
2022-03-31 06:10:54,537.86
2022-03-31 06:10:59,540.1149425184467
2022-03-31 06:11:04,537.7
2022-03-31 06:11:09,537.64
2022-03-31 06:11:14,537.51
2022-03-31 06:11:19,537.48
2022-03-31 06:11:24,537.41
2022-03-31 06:11:29,540.0657468481301
2022-03-31 06:11:34,537.19
2022-03-31 06:11:39,540.0493482913579
2022-03-31 06:11:44,537.0
2022-03-31 06:11:49,536.96
2022-03-31 06:11:54,536.83
2022-03-31 06:11:59,540.0165511778134
2022-03-31 06:12:04,536.67
2022-03-31 06:12:09,540.0001526210413
2022-03-31 06:12:14,539.9919533426552
2022-03-31 06:12:19,539.983754064269
2022-03-31 06:12:24,539.975554785883
2022-03-31 06:12:29,536.25
2022-03-31 06:12:34,539.9591562291107
2022-03-31 06:12:39,536.16
2022-03-31 06:12:44,539.9427576723385
2022-03-31 06:12:49,535.96
2022-03-31 06:12:54,539.9263591155664
2022-03-31 06:12:59,535.87
2022-03-31 06:13:04,535.74
2022-03-31 06:13:09,535.68
2022-03-31 06:13:14,535.64
2022-03-31 06:13:19,535.58
2022-03-31 06:13:24,539.8771634452497
2022-03-31 06:13:29,535.42
2022-03-31 06:13:34,539.8607648884774
2022-03-31 06:13:39,539.8525656100915
2022-03-31 06:13:44,539.8443663317053
2022-03-31 06:13:49,535.13
2022-03-31 06:13:54,535.06
2022-03-31 06:13:59,535.0
2022-03-31 06:14:04,534.9
2022-03-31 06:14:09,534.9
2022-03-31 06:14:14,534.77
2022-03-31 06:14:19,534.71
2022-03-31 06:14:24,534.71
2022-03-31 06:14:29,534.64
2022-03-31 06:14:34,534.61
2022-03-31 06:14:39,539.7541742694582
2022-03-31 06:14:44,539.7459749910721
2022-03-31 06:14:49,539.7377757126859
2022-03-31 06:14:54,534.32
2022-03-31 06:14:59,534.19
2022-03-31 06:15:04,534.19
2022-03-31 06:15:09,534.12
2022-03-31 06:15:14,534.03
2022-03-31 06:15:19,534.02
2022-03-31 06:15:24,539.6803807639833
2022-03-31 06:15:29,533.86
2022-03-31 06:15:34,533.8
2022-03-31 06:15:39,533.67
2022-03-31 06:15:44,533.6
2022-03-31 06:15:49,533.57
2022-03-31 06:15:54,533.51
2022-03-31 06:15:59,533.44
2022-03-31 06:16:04,533.37
2022-03-31 06:16:09,533.34
2022-03-31 06:16:14,533.28
2022-03-31 06:16:19,539.5901887017361
2022-03-31 06:16:24,533.15
2022-03-31 06:16:29,533.15
2022-03-31 06:16:34,533.08
2022-03-31 06:16:39,533.08
2022-03-31 06:16:44,533.05
2022-03-31 06:16:49,539.5409930314195
2022-03-31 06:16:54,532.92
2022-03-31 06:16:59,532.91
2022-03-31 06:17:04,532.91
2022-03-31 06:17:09,539.508195917875
2022-03-31 06:17:14,532.85
2022-03-31 06:17:19,539.4917973611028
2022-03-31 06:17:24,532.85
2022-03-31 06:17:29,539.4753988043307
2022-03-31 06:17:34,532.85
2022-03-31 06:17:39,532.82
2022-03-31 06:17:44,532.85
2022-03-31 06:17:49,532.82
2022-03-31 06:17:54,532.85
2022-03-31 06:17:59,532.82
2022-03-31 06:18:04,532.85
2022-03-31 06:18:09,532.91
2022-03-31 06:18:14,532.91
2022-03-31 06:18:19,532.98
2022-03-31 06:18:24,539.5002612969241
2022-03-31 06:18:29,532.98
2022-03-31 06:18:34,533.08
2022-03-31 06:18:39,539.5327808945931
2022-03-31 06:18:44,533.14
2022-03-31 06:18:49,539.5544606263722
2022-03-31 06:18:54,539.5653004922619
2022-03-31 06:18:59,539.5761403581515
2022-03-31 06:19:04,533.37
2022-03-31 06:19:09,533.43
2022-03-31 06:19:14,533.49
2022-03-31 06:19:19,533.56
2022-03-31 06:19:24,533.59
2022-03-31 06:19:29,539.6411795534893
2022-03-31 06:19:34,539.652019419379
2022-03-31 06:19:39,533.79
2022-03-31 06:19:44,533.86
2022-03-31 06:19:49,539.684539017048
2022-03-31 06:19:54,533.95
2022-03-31 06:19:59,539.7062187488272
2022-03-31 06:20:04,539.7170586147168
2022-03-31 06:20:09,534.18
2022-03-31 06:20:14,534.24
2022-03-31 06:20:19,534.3
2022-03-31 06:20:24,534.37
2022-03-31 06:20:29,539.771257944165
2022-03-31 06:20:34,534.53
2022-03-31 06:20:39,534.59
2022-03-31 06:20:44,534.63
2022-03-31 06:20:49,534.76
2022-03-31 06:20:54,539.8254572736133
2022-03-31 06:20:59,539.8362971395029
2022-03-31 06:21:04,534.98
2022-03-31 06:21:09,535.05
2022-03-31 06:21:14,535.11
2022-03-31 06:21:19,535.14
2022-03-31 06:21:24,535.21
2022-03-31 06:21:29,535.27
2022-03-31 06:21:34,539.9121762007303
2022-03-31 06:21:39,535.4
2022-03-31 06:21:44,539.9338559325097
2022-03-31 06:21:49,539.9446957983993
2022-03-31 06:21:54,535.5
2022-03-31 06:21:59,535.62
2022-03-31 06:22:04,535.66
2022-03-31 06:22:09,535.72
2022-03-31 06:22:14,535.85
2022-03-31 06:22:19,535.85
2022-03-31 06:22:24,535.91
2022-03-31 06:22:29,540.0314147255165
2022-03-31 06:22:34,536.01
2022-03-31 06:22:39,536.08
2022-03-31 06:22:44,536.14
2022-03-31 06:22:49,536.17
2022-03-31 06:22:54,536.23
2022-03-31 06:22:59,540.0964539208543
2022-03-31 06:23:04,536.36
2022-03-31 06:23:09,536.36
2022-03-31 06:23:14,536.42
2022-03-31 06:23:19,536.46
2022-03-31 06:23:24,536.52
2022-03-31 06:23:29,536.58
2022-03-31 06:23:34,536.65
2022-03-31 06:23:39,540.1831728479713
2022-03-31 06:23:44,540.194012713861
2022-03-31 06:23:49,536.81
2022-03-31 06:23:54,540.2156924456402
2022-03-31 06:23:59,540.2265323115299
2022-03-31 06:24:04,536.94
2022-03-31 06:24:09,536.97
2022-03-31 06:24:14,537.03
2022-03-31 06:24:19,537.09
2022-03-31 06:24:24,537.16
2022-03-31 06:24:29,537.19
2022-03-31 06:24:34,540.3024113727573
2022-03-31 06:24:39,537.31
2022-03-31 06:24:44,537.38
2022-03-31 06:24:49,537.44
2022-03-31 06:24:54,537.54
2022-03-31 06:24:59,537.47
2022-03-31 06:25:04,540.3674505680951
2022-03-31 06:25:09,537.6
2022-03-31 06:25:14,537.66
2022-03-31 06:25:19,537.7
2022-03-31 06:25:24,537.76
2022-03-31 06:25:29,540.4216498975434
2022-03-31 06:25:34,537.83
2022-03-31 06:25:39,537.95
2022-03-31 06:25:44,537.95
2022-03-31 06:25:49,537.95
2022-03-31 06:25:54,540.4758492269915
2022-03-31 06:25:59,540.4866890928812
2022-03-31 06:26:04,538.17
2022-03-31 06:26:09,538.21
2022-03-31 06:26:14,540.51920869055
2022-03-31 06:26:19,540.5300485564397
2022-03-31 06:26:24,538.33
2022-03-31 06:26:29,538.4
2022-03-31 06:26:34,538.46
2022-03-31 06:26:39,538.49
2022-03-31 06:26:44,538.56
2022-03-31 06:26:49,538.56
2022-03-31 06:26:54,538.62
2022-03-31 06:26:59,538.69
2022-03-31 06:27:04,538.78
2022-03-31 06:27:09,538.78
2022-03-31 06:27:14,538.85
2022-03-31 06:27:19,540.6601269471154
2022-03-31 06:27:24,539.0
2022-03-31 06:27:29,539.07
2022-03-31 06:27:34,540.6926465447843
2022-03-31 06:27:39,539.23
2022-03-31 06:27:44,539.29
2022-03-31 06:27:49,539.36
2022-03-31 06:27:54,540.7360060083428
2022-03-31 06:27:59,539.52
2022-03-31 06:28:04,539.58
2022-03-31 06:28:09,539.72
2022-03-31 06:28:14,539.75
2022-03-31 06:28:19,539.81
2022-03-31 06:28:24,539.88
2022-03-31 06:28:29,540.8118850695703
2022-03-31 06:28:34,540.82272493546
2022-03-31 06:28:39,540.1
2022-03-31 06:28:44,540.1
2022-03-31 06:28:49,540.23
2022-03-31 06:28:54,540.27
2022-03-31 06:28:59,540.33
2022-03-31 06:29:04,540.39
2022-03-31 06:29:09,540.46
2022-03-31 06:29:14,540.52
2022-03-31 06:29:19,540.9202837284668
2022-03-31 06:29:24,540.62
2022-03-31 06:29:29,540.9419634602459
2022-03-31 06:29:34,540.9528033261356
2022-03-31 06:29:39,540.9636431920253
2022-03-31 06:29:44,540.9744830579149
2022-03-31 06:29:49,540.9853229238046
2022-03-31 06:29:54,540.9961627896942
2022-03-31 06:29:59,540.97
2022-03-31 06:30:04,541.03
2022-03-31 06:30:09,541.07
2022-03-31 06:30:14,541.0395222532527
2022-03-31 06:30:19,541.19
2022-03-31 06:30:24,541.19
2022-03-31 06:30:29,541.26
2022-03-31 06:30:34,541.0828817168112
2022-03-31 06:30:39,541.0937215827009
2022-03-31 06:30:44,541.1045614485905
2022-03-31 06:30:49,541.42
2022-03-31 06:30:54,541.42
2022-03-31 06:30:59,541.48
2022-03-31 06:31:04,541.48
2022-03-31 06:31:09,541.58
2022-03-31 06:31:14,541.54
2022-03-31 06:31:19,541.180440509818
2022-03-31 06:31:24,541.58
2022-03-31 06:31:29,541.58
2022-03-31 06:31:34,541.57
2022-03-31 06:31:39,541.7
2022-03-31 06:31:44,541.2346398392662
2022-03-31 06:31:49,541.7
2022-03-31 06:31:54,541.7
2022-03-31 06:31:59,541.2671594369351
2022-03-31 06:32:04,541.76
2022-03-31 06:32:09,541.2798052423547
2022-03-31 06:32:14,541.77
2022-03-31 06:32:19,541.2923797741934
2022-03-31 06:32:24,541.2986670401127
2022-03-31 06:32:29,541.76
2022-03-31 06:32:34,541.86
2022-03-31 06:32:39,541.79
2022-03-31 06:32:44,541.3238161037901
2022-03-31 06:32:49,541.86
2022-03-31 06:32:54,541.336390635629
2022-03-31 06:32:59,541.85
2022-03-31 06:33:04,541.3489651674677
2022-03-31 06:33:09,541.355252433387
2022-03-31 06:33:14,541.3615396993064
2022-03-31 06:33:19,541.92
2022-03-31 06:33:24,541.92
2022-03-31 06:33:29,541.92
2022-03-31 06:33:34,541.3866887629838
2022-03-31 06:33:39,541.98
2022-03-31 06:33:44,541.91
2022-03-31 06:33:49,541.405550560742
2022-03-31 06:33:54,541.98
2022-03-31 06:33:59,541.97
2022-03-31 06:34:04,541.97
2022-03-31 06:34:09,542.04
2022-03-31 06:34:14,541.4369868903389
2022-03-31 06:34:19,541.4432741562582
2022-03-31 06:34:24,542.04
2022-03-31 06:34:29,542.04
2022-03-31 06:34:34,542.07
2022-03-31 06:34:39,542.07
2022-03-31 06:34:44,541.474710485855
2022-03-31 06:34:49,542.06
2022-03-31 06:34:54,542.06
2022-03-31 06:34:59,542.06
2022-03-31 06:35:04,542.12
2022-03-31 06:35:09,542.12
2022-03-31 06:35:14,541.5124340813712
2022-03-31 06:35:19,542.12
2022-03-31 06:35:24,541.5250086132099
2022-03-31 06:35:29,542.19
2022-03-31 06:35:34,542.19
2022-03-31 06:35:39,542.12
2022-03-31 06:35:44,541.5501576768875
2022-03-31 06:35:49,541.5564449428068
2022-03-31 06:35:54,542.25
2022-03-31 06:35:59,542.19
2022-03-31 06:36:04,541.5753067405649
2022-03-31 06:36:09,541.5815940064842
2022-03-31 06:36:14,542.25
2022-03-31 06:36:19,541.594168538323
2022-03-31 06:36:24,541.6004558042424
2022-03-31 06:36:29,541.6067430701618
2022-03-31 06:36:34,542.28
2022-03-31 06:36:39,542.35
2022-03-31 06:36:44,542.35
2022-03-31 06:36:49,542.35
2022-03-31 06:36:54,542.35
2022-03-31 06:36:59,542.35
2022-03-31 06:37:04,542.35
2022-03-31 06:37:09,542.35
2022-03-31 06:37:14,541.6633284634361
2022-03-31 06:37:19,542.41
2022-03-31 06:37:24,542.41
2022-03-31 06:37:29,542.41
2022-03-31 06:37:34,542.41
2022-03-31 06:37:39,542.41
2022-03-31 06:37:44,542.48
2022-03-31 06:37:49,541.7073393248716
2022-03-31 06:37:54,541.713626590791
2022-03-31 06:37:59,542.48
2022-03-31 06:38:04,542.48
2022-03-31 06:38:09,542.48
2022-03-31 06:38:14,541.7387756544684
2022-03-31 06:38:19,542.48
2022-03-31 06:38:24,542.48
2022-03-31 06:38:29,542.48
2022-03-31 06:38:34,541.763924718146
2022-03-31 06:38:39,542.48
2022-03-31 06:38:44,542.48
2022-03-31 06:38:49,542.54
2022-03-31 06:38:54,541.7890737818234
2022-03-31 06:38:59,542.48
2022-03-31 06:39:04,541.8016483136622
2022-03-31 06:39:09,542.54
2022-03-31 06:39:14,542.54
2022-03-31 06:39:19,542.57
2022-03-31 06:39:24,542.57
2022-03-31 06:39:29,541.833084643259
2022-03-31 06:39:34,542.63
2022-03-31 06:39:39,541.8456591750977
2022-03-31 06:39:44,541.851946441017
2022-03-31 06:39:49,541.8582337069365
2022-03-31 06:39:54,542.77
2022-03-31 06:39:59,542.76
2022-03-31 06:40:04,542.76
2022-03-31 06:40:09,541.8833827706139
2022-03-31 06:40:14,542.76
2022-03-31 06:40:19,541.8959573024526
2022-03-31 06:40:24,542.76
2022-03-31 06:40:29,542.79
2022-03-31 06:40:34,542.79
2022-03-31 06:40:39,542.79
2022-03-31 06:40:44,542.79
2022-03-31 06:40:49,542.85
2022-03-31 06:40:54,541.9399681638882
2022-03-31 06:40:59,542.85
2022-03-31 06:41:04,542.92
2022-03-31 06:41:09,542.92
2022-03-31 06:41:14,541.9651172275658
2022-03-31 06:41:19,541.9714044934851
2022-03-31 06:41:24,542.98
2022-03-31 06:41:29,541.9839790253238
2022-03-31 06:41:34,543.04
2022-03-31 06:41:39,541.9965535571625
2022-03-31 06:41:44,543.04
2022-03-31 06:41:49,542.0091280890014
2022-03-31 06:41:54,543.07
2022-03-31 06:41:59,543.07
2022-03-31 06:42:04,543.07
2022-03-31 06:42:09,542.0342771526788
2022-03-31 06:42:14,543.07
2022-03-31 06:42:19,542.0468516845175
2022-03-31 06:42:24,542.0531389504368
2022-03-31 06:42:29,543.13
2022-03-31 06:42:34,543.13
2022-03-31 06:42:39,543.2
2022-03-31 06:42:44,542.0782880141144
2022-03-31 06:42:49,543.19
2022-03-31 06:42:54,542.0908625459531
2022-03-31 06:42:59,542.0971498118724
2022-03-31 06:43:04,543.19
2022-03-31 06:43:09,543.19
2022-03-31 06:43:14,542.1160116096305
2022-03-31 06:43:19,543.13
2022-03-31 06:43:24,543.13
2022-03-31 06:43:29,542.1348734073887
2022-03-31 06:43:34,543.12
2022-03-31 06:43:39,542.1474479392274
2022-03-31 06:43:44,542.1537352051467
2022-03-31 06:43:49,543.06
2022-03-31 06:43:54,543.02
2022-03-31 06:43:59,543.03
2022-03-31 06:44:04,543.03
2022-03-31 06:44:09,543.02
2022-03-31 06:44:14,542.191458800663
2022-03-31 06:44:19,542.1977460665823
2022-03-31 06:44:24,542.96
2022-03-31 06:44:29,542.9
2022-03-31 06:44:34,542.2166078643404
2022-03-31 06:44:39,542.89
2022-03-31 06:44:44,542.83
2022-03-31 06:44:49,542.76
2022-03-31 06:44:54,542.76
2022-03-31 06:44:59,542.83
2022-03-31 06:45:04,542.76
2022-03-31 06:45:09,542.73
2022-03-31 06:45:14,542.73
2022-03-31 06:45:19,542.67
2022-03-31 06:45:24,542.2794805235342
2022-03-31 06:45:29,542.67
2022-03-31 06:45:34,542.2920550553729
2022-03-31 06:45:39,542.2983423212922
2022-03-31 06:45:44,542.54
2022-03-31 06:45:49,542.54
2022-03-31 06:45:54,542.3172041190503
2022-03-31 06:45:59,542.3234913849697
2022-03-31 06:46:04,542.38
2022-03-31 06:46:09,542.38
2022-03-31 06:46:14,542.32
2022-03-31 06:46:19,542.38
2022-03-31 06:46:24,542.32
2022-03-31 06:46:29,542.25
2022-03-31 06:46:34,542.3319470106343
2022-03-31 06:46:39,542.3322340369635
2022-03-31 06:46:44,542.22
2022-03-31 06:46:49,542.22
2022-03-31 06:46:54,542.16
2022-03-31 06:46:59,542.09
2022-03-31 06:47:04,542.09
2022-03-31 06:47:09,542.09
2022-03-31 06:47:14,542.03
2022-03-31 06:47:19,542.03
2022-03-31 06:47:24,542.3348172739265
2022-03-31 06:47:29,541.93
2022-03-31 06:47:34,541.87
2022-03-31 06:47:39,542.3356783529142
2022-03-31 06:47:44,541.87
2022-03-31 06:47:49,542.3362524055726
2022-03-31 06:47:54,541.81
2022-03-31 06:47:59,541.74
2022-03-31 06:48:04,541.74
2022-03-31 06:48:09,541.71
2022-03-31 06:48:14,541.64
2022-03-31 06:48:19,541.64
2022-03-31 06:48:24,541.58
2022-03-31 06:48:29,541.58
2022-03-31 06:48:34,542.3388356425357
2022-03-31 06:48:39,541.58
2022-03-31 06:48:44,541.51
2022-03-31 06:48:49,541.52
2022-03-31 06:48:54,541.51
2022-03-31 06:48:59,541.48
2022-03-31 06:49:04,541.48
2022-03-31 06:49:09,541.41
2022-03-31 06:49:14,541.42
2022-03-31 06:49:19,541.42
2022-03-31 06:49:24,541.35
2022-03-31 06:49:29,542.3419929321572
2022-03-31 06:49:34,541.29
2022-03-31 06:49:39,541.29
2022-03-31 06:49:44,541.29
2022-03-31 06:49:49,542.3431410374741
2022-03-31 06:49:54,542.3434280638032
2022-03-31 06:49:59,541.22
2022-03-31 06:50:04,541.22
2022-03-31 06:50:09,541.28
2022-03-31 06:50:14,541.22
2022-03-31 06:50:19,541.28
2022-03-31 06:50:24,542.3451502217786
2022-03-31 06:50:29,541.28
2022-03-31 06:50:34,542.3457242744371
2022-03-31 06:50:39,541.22
2022-03-31 06:50:44,542.3462983270955
2022-03-31 06:50:49,541.22
2022-03-31 06:50:54,542.346872379754
2022-03-31 06:50:59,542.3471594060832
2022-03-31 06:51:04,542.3474464324124
2022-03-31 06:51:09,541.22
2022-03-31 06:51:14,541.21
2022-03-31 06:51:19,541.18
2022-03-31 06:51:24,541.21
2022-03-31 06:51:29,541.21
2022-03-31 06:51:34,541.21
2022-03-31 06:51:39,541.21
2022-03-31 06:51:44,541.21
2022-03-31 06:51:49,541.21
2022-03-31 06:51:54,541.21
2022-03-31 06:51:59,541.28
2022-03-31 06:52:04,542.3508907483631
2022-03-31 06:52:09,541.27
2022-03-31 06:52:14,541.27
2022-03-31 06:52:19,541.27
2022-03-31 06:52:24,541.27
2022-03-31 06:52:29,541.27
2022-03-31 06:52:34,541.34
2022-03-31 06:52:39,541.4
2022-03-31 06:52:44,541.4
2022-03-31 06:52:49,541.46
2022-03-31 06:52:54,542.3537610116554
2022-03-31 06:52:59,542.3540480379846
2022-03-31 06:53:04,542.3543350643138
2022-03-31 06:53:09,541.56
2022-03-31 06:53:14,541.56
2022-03-31 06:53:19,542.3551961433014
2022-03-31 06:53:24,541.62
2022-03-31 06:53:29,542.35577019596
2022-03-31 06:53:34,541.62
2022-03-31 06:53:39,541.69
2022-03-31 06:53:44,541.62
2022-03-31 06:53:49,541.68
2022-03-31 06:53:54,541.72
2022-03-31 06:53:59,541.72
2022-03-31 06:54:04,542.3577793802644
2022-03-31 06:54:09,541.78
2022-03-31 06:54:14,541.78
2022-03-31 06:54:19,542.3586404592521
2022-03-31 06:54:24,541.78
2022-03-31 06:54:29,542.3592145119106
2022-03-31 06:54:34,541.85
2022-03-31 06:54:39,541.92
2022-03-31 06:54:44,541.91
2022-03-31 06:54:49,541.98
2022-03-31 06:54:54,541.98
2022-03-31 06:54:59,541.98
2022-03-31 06:55:04,542.3612236962151
2022-03-31 06:55:09,541.98
2022-03-31 06:55:14,542.01
2022-03-31 06:55:19,542.02
2022-03-31 06:55:24,542.02
2022-03-31 06:55:29,542.02
2022-03-31 06:55:34,542.3629458541906
2022-03-31 06:55:39,542.3632328805197
2022-03-31 06:55:44,542.08
2022-03-31 06:55:49,542.3638069331782
2022-03-31 06:55:54,542.3640939595074
2022-03-31 06:55:59,542.3643809858366
2022-03-31 06:56:04,542.3646680121659
2022-03-31 06:56:09,542.364955038495
2022-03-31 06:56:14,542.21
2022-03-31 06:56:19,542.24
2022-03-31 06:56:24,542.24
2022-03-31 06:56:29,542.366103143812
2022-03-31 06:56:34,542.25
2022-03-31 06:56:39,542.3666771964704
2022-03-31 06:56:44,542.25
2022-03-31 06:56:49,542.3672512491289
2022-03-31 06:56:54,542.24
2022-03-31 06:56:59,542.31
2022-03-31 06:57:04,542.31
2022-03-31 06:57:09,542.31
2022-03-31 06:57:14,542.368686380775
2022-03-31 06:57:19,542.31
2022-03-31 06:57:24,542.37
2022-03-31 06:57:29,542.38
2022-03-31 06:57:34,542.38
2022-03-31 06:57:39,542.44
2022-03-31 06:57:44,542.51
2022-03-31 06:57:49,542.3706955650796
2022-03-31 06:57:54,542.54
2022-03-31 06:57:59,542.371269617738
2022-03-31 06:58:04,542.3715566440673
2022-03-31 06:58:09,542.6
2022-03-31 06:58:14,542.67
2022-03-31 06:58:19,542.67
2022-03-31 06:58:24,542.67
2022-03-31 06:58:29,542.3729917757133
2022-03-31 06:58:34,542.73
2022-03-31 06:58:39,542.73
2022-03-31 06:58:44,542.76
2022-03-31 06:58:49,542.76
2022-03-31 06:58:54,542.76
2022-03-31 06:58:59,542.76
2022-03-31 06:59:04,542.76
2022-03-31 06:59:09,542.3752879863472
2022-03-31 06:59:14,542.82
2022-03-31 06:59:19,542.3758620390056
2022-03-31 06:59:24,542.89
2022-03-31 06:59:29,542.89
2022-03-31 06:59:34,542.95
2022-03-31 06:59:39,542.95
2022-03-31 06:59:44,542.96
2022-03-31 06:59:49,543.02
2022-03-31 06:59:54,543.02
2022-03-31 06:59:59,542.3781582496395
2022-03-31 07:00:04,543.02
2022-03-31 07:00:09,543.05
2022-03-31 07:00:14,543.05
2022-03-31 07:00:19,543.02
2022-03-31 07:00:24,543.05
2022-03-31 07:00:29,543.02
2022-03-31 07:00:34,543.05
2022-03-31 07:00:39,543.01
2022-03-31 07:00:44,542.319261371714
2022-03-31 07:00:49,543.01
2022-03-31 07:00:54,542.95
2022-03-31 07:00:59,542.94
2022-03-31 07:01:04,542.95
2022-03-31 07:01:09,542.2759311304505
2022-03-31 07:01:14,542.2672650821978
2022-03-31 07:01:19,542.88
2022-03-31 07:01:24,542.81
2022-03-31 07:01:29,542.2412669374397
2022-03-31 07:01:34,542.2326008891871
2022-03-31 07:01:39,542.72
2022-03-31 07:01:44,542.2152687926816
2022-03-31 07:01:49,542.59
2022-03-31 07:01:54,542.1979366961764
2022-03-31 07:01:59,542.1892706479236
2022-03-31 07:02:04,542.52
2022-03-31 07:02:09,542.43
2022-03-31 07:02:14,542.43
2022-03-31 07:02:19,542.36
2022-03-31 07:02:24,542.1459404066602
2022-03-31 07:02:29,542.1372743584075
2022-03-31 07:02:34,542.2
2022-03-31 07:02:39,542.2
2022-03-31 07:02:44,542.07
2022-03-31 07:02:49,542.07
2022-03-31 07:02:54,542.01
2022-03-31 07:02:59,541.98
2022-03-31 07:03:04,541.97
2022-03-31 07:03:09,541.91
2022-03-31 07:03:14,541.85
2022-03-31 07:03:19,541.78
2022-03-31 07:03:24,541.72
2022-03-31 07:03:29,541.69
2022-03-31 07:03:34,541.62
2022-03-31 07:03:39,542.0159496828699
2022-03-31 07:03:44,541.49
2022-03-31 07:03:49,541.49
2022-03-31 07:03:54,541.46
2022-03-31 07:03:59,541.4
2022-03-31 07:04:04,541.34
2022-03-31 07:04:09,541.27
2022-03-31 07:04:14,541.27
2022-03-31 07:04:19,541.21
2022-03-31 07:04:24,541.21
2022-03-31 07:04:29,541.929289200343
2022-03-31 07:04:34,541.12
2022-03-31 07:04:39,541.12
2022-03-31 07:04:44,541.9032910555849
2022-03-31 07:04:49,541.8946250073321
2022-03-31 07:04:54,540.99
2022-03-31 07:04:59,541.8772929108268
2022-03-31 07:05:04,540.89
2022-03-31 07:05:09,540.89
2022-03-31 07:05:14,540.83
2022-03-31 07:05:19,541.842628717816
2022-03-31 07:05:24,541.8339626695633
2022-03-31 07:05:29,540.67
2022-03-31 07:05:34,540.67
2022-03-31 07:05:39,541.8079645248052
2022-03-31 07:05:44,541.7992984765526
2022-03-31 07:05:49,540.54
2022-03-31 07:05:54,540.48
2022-03-31 07:05:59,541.7733003317945
2022-03-31 07:06:04,540.44
2022-03-31 07:06:09,540.38
2022-03-31 07:06:14,540.32
2022-03-31 07:06:19,540.25
2022-03-31 07:06:24,540.19
2022-03-31 07:06:29,540.19
2022-03-31 07:06:34,540.16
2022-03-31 07:06:39,540.09
2022-03-31 07:06:44,541.6953058975203
2022-03-31 07:06:49,539.96
2022-03-31 07:06:54,539.96
2022-03-31 07:06:59,539.93
2022-03-31 07:07:04,539.87
2022-03-31 07:07:09,539.8
2022-03-31 07:07:14,539.74
2022-03-31 07:07:19,539.74
2022-03-31 07:07:24,539.67
2022-03-31 07:07:29,539.64
2022-03-31 07:07:34,539.64
2022-03-31 07:07:39,539.58
2022-03-31 07:07:44,541.591313318488
2022-03-31 07:07:49,539.51
2022-03-31 07:07:54,539.45
2022-03-31 07:07:59,541.5653151737299
2022-03-31 07:08:04,539.42
2022-03-31 07:08:09,539.35
2022-03-31 07:08:14,539.29
2022-03-31 07:08:19,539.29
2022-03-31 07:08:24,539.22
2022-03-31 07:08:29,539.22
2022-03-31 07:08:34,539.16
2022-03-31 07:08:39,541.4959867877085
2022-03-31 07:08:44,539.12
2022-03-31 07:08:49,541.478654691203
2022-03-31 07:08:54,539.06
2022-03-31 07:08:59,539.06
2022-03-31 07:09:04,538.99
2022-03-31 07:09:09,538.99
2022-03-31 07:09:14,538.99
2022-03-31 07:09:19,541.4266584016868
2022-03-31 07:09:24,541.4179923534341
2022-03-31 07:09:29,538.93
2022-03-31 07:09:34,538.9
2022-03-31 07:09:39,538.9
2022-03-31 07:09:44,538.83
2022-03-31 07:09:49,541.3746621121708
2022-03-31 07:09:54,538.77
2022-03-31 07:09:59,538.83
2022-03-31 07:10:04,538.76
2022-03-31 07:10:09,538.77
2022-03-31 07:10:14,541.3313318709073
2022-03-31 07:10:19,538.76
2022-03-31 07:10:24,538.7
2022-03-31 07:10:29,541.3053337261492
2022-03-31 07:10:34,538.76
2022-03-31 07:10:39,538.69
2022-03-31 07:10:44,541.2793355813911
2022-03-31 07:10:49,538.7
2022-03-31 07:10:54,538.69
2022-03-31 07:10:59,541.253337436633
2022-03-31 07:11:04,541.2446713883804
2022-03-31 07:11:09,541.2360053401277
2022-03-31 07:11:14,538.75
2022-03-31 07:11:19,538.69
2022-03-31 07:11:24,541.2100071953696
2022-03-31 07:11:29,541.201341147117
2022-03-31 07:11:34,541.1926750988642
2022-03-31 07:11:39,541.1840090506115
2022-03-31 07:11:44,541.1753430023589
2022-03-31 07:11:49,538.82
2022-03-31 07:11:54,538.82
2022-03-31 07:11:59,541.1493448576008
2022-03-31 07:12:04,538.82
2022-03-31 07:12:09,538.89
2022-03-31 07:12:14,541.1233467128427
2022-03-31 07:12:19,541.1146806645901
2022-03-31 07:12:24,538.92
2022-03-31 07:12:29,538.92
2022-03-31 07:12:34,541.088682519832
2022-03-31 07:12:39,538.99
2022-03-31 07:12:44,539.05
2022-03-31 07:12:49,539.05
2022-03-31 07:12:54,539.05
2022-03-31 07:12:59,541.0453522785685
2022-03-31 07:13:04,539.15
2022-03-31 07:13:09,539.15
2022-03-31 07:13:14,539.22
2022-03-31 07:13:19,539.15
2022-03-31 07:13:24,539.22
2022-03-31 07:13:29,539.22
2022-03-31 07:13:34,540.9846899407996
2022-03-31 07:13:39,540.976023892547
2022-03-31 07:13:44,539.41
2022-03-31 07:13:49,539.41
2022-03-31 07:13:54,539.41
2022-03-31 07:13:59,539.45
2022-03-31 07:14:04,540.9326936512836
2022-03-31 07:14:09,539.51
2022-03-31 07:14:14,539.58
2022-03-31 07:14:19,539.58
2022-03-31 07:14:24,540.9268375686854
2022-03-31 07:14:29,539.68
2022-03-31 07:14:34,539.68
2022-03-31 07:14:39,539.74
2022-03-31 07:14:44,539.74
2022-03-31 07:14:49,539.74
2022-03-31 07:14:54,539.87
2022-03-31 07:14:59,539.93
2022-03-31 07:15:04,539.87
2022-03-31 07:15:09,539.93
2022-03-31 07:15:14,539.97
2022-03-31 07:15:19,541.0067603762486
2022-03-31 07:15:24,539.97
2022-03-31 07:15:29,541.0212917958056
2022-03-31 07:15:34,540.03
2022-03-31 07:15:39,540.1
2022-03-31 07:15:44,541.0430889251411
2022-03-31 07:15:49,541.0503546349196
2022-03-31 07:15:54,541.0576203446981
2022-03-31 07:15:59,540.26
2022-03-31 07:16:04,540.26
2022-03-31 07:16:09,541.0794174740334
2022-03-31 07:16:14,540.39
2022-03-31 07:16:19,541.0939488935904
2022-03-31 07:16:24,540.48
2022-03-31 07:16:29,541.1084803131474
2022-03-31 07:16:34,540.55
2022-03-31 07:16:39,540.61
2022-03-31 07:16:44,541.1302774424829
2022-03-31 07:16:49,540.68
2022-03-31 07:16:54,540.67
2022-03-31 07:16:59,540.71
2022-03-31 07:17:04,541.1593402815968
2022-03-31 07:17:09,540.77
2022-03-31 07:17:14,540.77
2022-03-31 07:17:19,541.1811374109323
2022-03-31 07:17:24,541.1884031207107
2022-03-31 07:17:29,540.97
2022-03-31 07:17:34,541.0
2022-03-31 07:17:39,540.99
2022-03-31 07:17:44,541.06
2022-03-31 07:17:49,541.2247316696032
2022-03-31 07:17:54,541.2319973793816
2022-03-31 07:17:59,541.19
2022-03-31 07:18:04,541.19
2022-03-31 07:18:09,541.22
2022-03-31 07:18:14,541.22
2022-03-31 07:18:19,541.28
2022-03-31 07:18:24,541.28
2022-03-31 07:18:29,541.35
2022-03-31 07:18:34,541.41
2022-03-31 07:18:39,541.47
2022-03-31 07:18:44,541.47
2022-03-31 07:18:49,541.5
2022-03-31 07:18:54,541.5
2022-03-31 07:18:59,541.57
2022-03-31 07:19:04,541.63
2022-03-31 07:19:09,541.7
2022-03-31 07:19:14,541.7
2022-03-31 07:19:19,541.3555144456159
2022-03-31 07:19:24,541.79
2022-03-31 07:19:29,541.73
2022-03-31 07:19:34,541.79
2022-03-31 07:19:39,541.86
2022-03-31 07:19:44,541.92
2022-03-31 07:19:49,541.3991087042867
2022-03-31 07:19:54,541.99
2022-03-31 07:19:59,542.01
2022-03-31 07:20:04,541.4209058336222
2022-03-31 07:20:09,541.4281715434006
2022-03-31 07:20:14,542.01
2022-03-31 07:20:19,541.4427029629576
2022-03-31 07:20:24,542.08
2022-03-31 07:20:29,541.4572343825146
2022-03-31 07:20:34,542.21
2022-03-31 07:20:39,542.21
2022-03-31 07:20:44,541.47903151185
2022-03-31 07:20:49,541.4862972216285
2022-03-31 07:20:54,542.24
2022-03-31 07:20:59,541.5008286411854
2022-03-31 07:21:04,541.5080943509639
2022-03-31 07:21:09,542.44
2022-03-31 07:21:14,542.44
2022-03-31 07:21:19,541.5298914802994
2022-03-31 07:21:24,542.5
2022-03-31 07:21:29,541.5444228998564
2022-03-31 07:21:34,542.5
2022-03-31 07:21:39,541.5589543194133
2022-03-31 07:21:44,542.53
2022-03-31 07:21:49,542.6
2022-03-31 07:21:54,542.6
2022-03-31 07:21:59,542.67
2022-03-31 07:22:04,541.5952828683057
2022-03-31 07:22:09,542.67
2022-03-31 07:22:14,542.67
2022-03-31 07:22:19,541.6170799976412
2022-03-31 07:22:24,541.6243457074197
2022-03-31 07:22:29,541.6316114171981
2022-03-31 07:22:34,542.73
2022-03-31 07:22:39,542.77
2022-03-31 07:22:44,542.73
2022-03-31 07:22:49,541.6606742563121
2022-03-31 07:22:54,542.83
2022-03-31 07:22:59,541.675205675869
2022-03-31 07:23:04,542.83
2022-03-31 07:23:09,542.83
2022-03-31 07:23:14,542.77
2022-03-31 07:23:19,541.7042685149829
2022-03-31 07:23:24,542.9
2022-03-31 07:23:29,541.7187999345399
2022-03-31 07:23:34,541.7260656443184
2022-03-31 07:23:39,542.96
2022-03-31 07:23:44,542.96
2022-03-31 07:23:49,543.03
2022-03-31 07:23:54,543.03
2022-03-31 07:23:59,541.7623941932108
2022-03-31 07:24:04,543.03
2022-03-31 07:24:09,543.03
2022-03-31 07:24:14,541.7841913225462
2022-03-31 07:24:19,543.06
2022-03-31 07:24:24,541.7987227421032
2022-03-31 07:24:29,541.8059884518817
2022-03-31 07:24:34,541.8132541616602
2022-03-31 07:24:39,543.06
2022-03-31 07:24:44,543.06
2022-03-31 07:24:49,541.8350512909957
2022-03-31 07:24:54,543.06
2022-03-31 07:24:59,541.8495827105526
2022-03-31 07:25:04,543.06
2022-03-31 07:25:09,541.8641141301096
2022-03-31 07:25:14,541.871379839888
2022-03-31 07:25:19,543.06
2022-03-31 07:25:24,541.885911259445
2022-03-31 07:25:29,543.06
2022-03-31 07:25:34,543.06
2022-03-31 07:25:39,543.03
2022-03-31 07:25:44,543.03
2022-03-31 07:25:49,543.03
2022-03-31 07:25:54,542.96
2022-03-31 07:25:59,542.9
2022-03-31 07:26:04,541.9440369376729
2022-03-31 07:26:09,542.9
2022-03-31 07:26:14,541.9585683572299
2022-03-31 07:26:19,541.9658340670084
2022-03-31 07:26:24,542.9
2022-03-31 07:26:29,542.83
2022-03-31 07:26:34,542.77
2022-03-31 07:26:39,542.73
2022-03-31 07:26:44,542.0021626159008
2022-03-31 07:26:49,542.73
2022-03-31 07:26:54,542.67
2022-03-31 07:26:59,542.61
2022-03-31 07:27:04,542.0312254550147
2022-03-31 07:27:09,542.51
2022-03-31 07:27:14,542.0457568745717
2022-03-31 07:27:19,542.45
2022-03-31 07:27:24,542.38
2022-03-31 07:27:29,542.0675540039072
2022-03-31 07:27:34,542.25
2022-03-31 07:27:39,542.25
2022-03-31 07:27:44,542.21
2022-03-31 07:27:49,542.15
2022-03-31 07:27:54,542.09
2022-03-31 07:27:59,542.09
2022-03-31 07:28:04,542.02
2022-03-31 07:28:09,541.99
2022-03-31 07:28:14,541.99
2022-03-31 07:28:19,542.1402111016919
2022-03-31 07:28:24,541.86
2022-03-31 07:28:29,542.1945976639814
2022-03-31 07:28:34,541.73
2022-03-31 07:28:39,542.2546905554315
2022-03-31 07:28:44,541.7
2022-03-31 07:28:49,541.57
2022-03-31 07:28:54,541.57
2022-03-31 07:28:59,542.3748763383319
2022-03-31 07:29:04,541.47
2022-03-31 07:29:09,542.434969229782
2022-03-31 07:29:14,542.4650156755072
2022-03-31 07:29:19,541.28
2022-03-31 07:29:24,542.5251085669573
2022-03-31 07:29:29,541.12
2022-03-31 07:29:34,541.12
2022-03-31 07:29:39,541.05
2022-03-31 07:29:44,542.6452943498577
2022-03-31 07:29:49,540.99
2022-03-31 07:29:54,540.96
2022-03-31 07:29:59,542.735433687033
2022-03-31 07:30:04,540.83
2022-03-31 07:30:09,540.76
2022-03-31 07:30:14,540.7
2022-03-31 07:30:19,542.8556194699332
2022-03-31 07:30:24,540.6
2022-03-31 07:30:29,542.9157123613836
2022-03-31 07:30:34,540.54
2022-03-31 07:30:39,542.9758052528337
2022-03-31 07:30:44,540.44
2022-03-31 07:30:49,543.035898144284
2022-03-31 07:30:54,540.25
2022-03-31 07:30:59,540.26
2022-03-31 07:31:04,540.19
2022-03-31 07:31:09,540.09
2022-03-31 07:31:14,543.1861303729094
2022-03-31 07:31:19,540.03
2022-03-31 07:31:24,539.97
2022-03-31 07:31:29,539.97
2022-03-31 07:31:34,539.93
2022-03-31 07:31:39,539.87
2022-03-31 07:31:44,539.87
2022-03-31 07:31:49,539.81
2022-03-31 07:31:54,539.81
2022-03-31 07:31:59,543.4565483844352
2022-03-31 07:32:04,539.74
2022-03-31 07:32:09,543.5166412758854
2022-03-31 07:32:14,539.75
2022-03-31 07:32:19,543.5767341673356
2022-03-31 07:32:24,539.75
2022-03-31 07:32:29,539.75
2022-03-31 07:32:34,539.75
2022-03-31 07:32:39,539.68
2022-03-31 07:32:44,543.7269663959611
2022-03-31 07:32:49,539.68
2022-03-31 07:32:54,543.7870592874111
2022-03-31 07:32:59,543.8171057331364
2022-03-31 07:33:04,539.69
2022-03-31 07:33:09,543.8771986245864
2022-03-31 07:33:14,543.9072450703117
2022-03-31 07:33:19,539.75
2022-03-31 07:33:24,539.75
2022-03-31 07:33:29,539.75
2022-03-31 07:33:34,539.75
2022-03-31 07:33:39,539.81
2022-03-31 07:33:44,539.81
2022-03-31 07:33:49,544.1175701903874
2022-03-31 07:33:54,544.1476166361123
2022-03-31 07:33:59,539.88
2022-03-31 07:34:04,539.94
2022-03-31 07:34:09,539.94
2022-03-31 07:34:14,544.2678024190127
2022-03-31 07:34:19,540.04
2022-03-31 07:34:24,540.1
2022-03-31 07:34:29,540.17
2022-03-31 07:34:34,540.2
2022-03-31 07:34:39,544.418034647638
2022-03-31 07:34:44,540.33
2022-03-31 07:34:49,540.39
2022-03-31 07:34:54,540.46
2022-03-31 07:34:59,544.5382204305386
2022-03-31 07:35:04,544.5682668762637
2022-03-31 07:35:09,540.68
2022-03-31 07:35:14,540.71
2022-03-31 07:35:19,540.77
2022-03-31 07:35:24,544.6884526591642
2022-03-31 07:35:29,540.97
2022-03-31 07:35:34,544.7485455506143
2022-03-31 07:35:39,541.13
2022-03-31 07:35:44,541.19
2022-03-31 07:35:49,541.29
2022-03-31 07:35:54,541.35
2022-03-31 07:35:59,541.41
2022-03-31 07:36:04,541.51
2022-03-31 07:36:09,544.95887067069
2022-03-31 07:36:14,544.9889171164149
2022-03-31 07:36:19,541.74
2022-03-31 07:36:24,541.87
2022-03-31 07:36:29,541.93
2022-03-31 07:36:34,545.1091028993154
2022-03-31 07:36:39,542.03
2022-03-31 07:36:44,545.1691957907655
2022-03-31 07:36:49,542.22
2022-03-31 07:36:54,542.25
2022-03-31 07:36:59,545.2593351279407
2022-03-31 07:37:04,542.45
2022-03-31 07:37:09,542.51
2022-03-31 07:37:14,542.6
2022-03-31 07:37:19,542.67
2022-03-31 07:37:24,542.73
2022-03-31 07:37:29,542.83
2022-03-31 07:37:34,542.89
2022-03-31 07:37:39,543.02
2022-03-31 07:37:44,545.5297531394666
2022-03-31 07:37:49,543.18
2022-03-31 07:37:54,543.27
2022-03-31 07:37:59,543.34
2022-03-31 07:38:04,543.47
2022-03-31 07:38:09,543.56
2022-03-31 07:38:14,543.63
2022-03-31 07:38:19,545.7400782595423
2022-03-31 07:38:24,543.79
2022-03-31 07:38:29,543.92
2022-03-31 07:38:34,544.05
2022-03-31 07:38:39,545.8602640424427
2022-03-31 07:38:44,544.15
2022-03-31 07:38:49,544.28
2022-03-31 07:38:54,544.37
2022-03-31 07:38:59,544.5
2022-03-31 07:39:04,544.5
2022-03-31 07:39:09,544.66
2022-03-31 07:39:14,544.73
2022-03-31 07:39:19,544.8
2022-03-31 07:39:24,544.89
2022-03-31 07:39:29,544.96
2022-03-31 07:39:34,545.09
2022-03-31 07:39:39,545.12
2022-03-31 07:39:44,545.18
2022-03-31 07:39:49,545.31
2022-03-31 07:39:54,545.34
2022-03-31 07:39:59,545.41
2022-03-31 07:40:04,546.3710536197692
2022-03-31 07:40:09,546.4011000654945
2022-03-31 07:40:14,546.4311465112196
2022-03-31 07:40:19,545.83
2022-03-31 07:40:24,546.4912394026696
2022-03-31 07:40:29,545.93
2022-03-31 07:40:34,546.06
2022-03-31 07:40:39,546.13
2022-03-31 07:40:44,546.22
2022-03-31 07:40:49,546.29
2022-03-31 07:40:54,546.35
2022-03-31 07:40:59,546.7015645227455
2022-03-31 07:41:04,546.51
2022-03-31 07:41:09,546.64
2022-03-31 07:41:14,546.68
2022-03-31 07:41:19,546.74
2022-03-31 07:41:24,546.87
2022-03-31 07:41:29,546.881843197096
2022-03-31 07:41:34,547.09
2022-03-31 07:41:39,547.09
2022-03-31 07:41:44,546.9719825342712
2022-03-31 07:41:49,547.0020289799961
2022-03-31 07:41:54,547.0320754257214
2022-03-31 07:41:59,547.42
2022-03-31 07:42:04,547.55
2022-03-31 07:42:09,547.1222147628966
2022-03-31 07:42:14,547.68
2022-03-31 07:42:19,547.71
2022-03-31 07:42:24,547.77
2022-03-31 07:42:29,547.84
2022-03-31 07:42:34,547.84
2022-03-31 07:42:39,547.93
2022-03-31 07:42:44,548.0
2022-03-31 07:42:49,547.0619844644197
2022-03-31 07:42:54,548.06
2022-03-31 07:42:59,548.06
2022-03-31 07:43:04,548.07
2022-03-31 07:43:09,546.9258372433219
2022-03-31 07:43:14,548.13
2022-03-31 07:43:19,546.8577636327732
2022-03-31 07:43:24,546.8237268274986
2022-03-31 07:43:29,546.7896900222241
2022-03-31 07:43:34,548.13
2022-03-31 07:43:39,548.13
2022-03-31 07:43:44,548.06
2022-03-31 07:43:49,548.0
2022-03-31 07:43:54,548.0
2022-03-31 07:43:59,547.93
2022-03-31 07:44:04,546.5514323853031
2022-03-31 07:44:09,546.5173955800288
2022-03-31 07:44:14,546.4833587747543
2022-03-31 07:44:19,546.4493219694798
2022-03-31 07:44:24,547.61
2022-03-31 07:44:29,546.3812483589311
2022-03-31 07:44:34,547.42
2022-03-31 07:44:39,547.32
2022-03-31 07:44:44,547.19
2022-03-31 07:44:49,547.16
2022-03-31 07:44:54,547.03
2022-03-31 07:44:59,546.1770275272845
2022-03-31 07:45:04,546.14299072201
2022-03-31 07:45:09,546.68
2022-03-31 07:45:14,546.64
2022-03-31 07:45:19,546.45
2022-03-31 07:45:24,546.29
2022-03-31 07:45:29,546.16
2022-03-31 07:45:34,545.9387698903635
2022-03-31 07:45:39,545.93
2022-03-31 07:45:44,545.71
2022-03-31 07:45:49,545.61
2022-03-31 07:45:54,545.48
2022-03-31 07:45:59,545.35
2022-03-31 07:46:04,545.19
2022-03-31 07:46:09,545.03
2022-03-31 07:46:14,544.9
2022-03-31 07:46:19,544.74
2022-03-31 07:46:24,544.58
2022-03-31 07:46:29,544.39
2022-03-31 07:46:34,544.29
2022-03-31 07:46:39,545.4962914217963
2022-03-31 07:46:44,545.4622546165217
2022-03-31 07:46:49,543.8
2022-03-31 07:46:54,543.65
2022-03-31 07:46:59,543.48
2022-03-31 07:47:04,545.326107395424
2022-03-31 07:47:09,543.13
2022-03-31 07:47:14,545.2580337848752
2022-03-31 07:47:19,542.78
2022-03-31 07:47:24,542.62
2022-03-31 07:47:29,545.155923369052
2022-03-31 07:47:34,545.1218865637774
2022-03-31 07:47:39,542.17
2022-03-31 07:47:44,542.01
2022-03-31 07:47:49,545.0197761479542
2022-03-31 07:47:54,541.65
2022-03-31 07:47:59,541.49
2022-03-31 07:48:04,541.3
2022-03-31 07:48:09,541.14
2022-03-31 07:48:14,541.01
2022-03-31 07:48:19,540.85
2022-03-31 07:48:24,540.69
2022-03-31 07:48:29,540.56
2022-03-31 07:48:34,544.7134449004843
2022-03-31 07:48:39,540.21
2022-03-31 07:48:44,544.6453712899356
2022-03-31 07:48:49,539.89
2022-03-31 07:48:54,544.5772976793866
2022-03-31 07:48:59,544.5432608741123
2022-03-31 07:49:04,539.44
2022-03-31 07:49:09,539.25
2022-03-31 07:49:14,539.09
2022-03-31 07:49:19,539.02
2022-03-31 07:49:24,544.3730768477401
2022-03-31 07:49:29,538.73
2022-03-31 07:49:34,538.57
2022-03-31 07:49:39,538.51
2022-03-31 07:49:44,538.35
2022-03-31 07:49:49,538.16
2022-03-31 07:49:54,538.06
2022-03-31 07:49:59,537.9
2022-03-31 07:50:04,537.84
2022-03-31 07:50:09,537.71
2022-03-31 07:50:14,537.62
2022-03-31 07:50:19,543.9986719897215
2022-03-31 07:50:24,543.964635184447
2022-03-31 07:50:29,537.26
2022-03-31 07:50:34,537.1
2022-03-31 07:50:39,536.97
2022-03-31 07:50:44,536.88
2022-03-31 07:50:49,536.75
2022-03-31 07:50:54,536.62
2022-03-31 07:50:59,536.59
2022-03-31 07:51:04,536.46
2022-03-31 07:51:09,536.37
2022-03-31 07:51:14,543.624267131703
2022-03-31 07:51:19,536.18
2022-03-31 07:51:24,536.08
2022-03-31 07:51:29,543.5221567158798
2022-03-31 07:51:34,535.89
2022-03-31 07:51:39,535.79
2022-03-31 07:51:44,535.73
2022-03-31 07:51:49,535.66
2022-03-31 07:51:54,543.3519726895074
2022-03-31 07:51:59,543.3179358842333
2022-03-31 07:52:04,543.2838990789587
2022-03-31 07:52:09,535.37
2022-03-31 07:52:14,535.28
2022-03-31 07:52:19,535.21
2022-03-31 07:52:24,535.15
2022-03-31 07:52:29,535.05
2022-03-31 07:52:34,543.0796782473122
2022-03-31 07:52:39,543.0456414420377
2022-03-31 07:52:44,543.0116046367631
2022-03-31 07:52:49,534.77
2022-03-31 07:52:54,542.9435310262144
2022-03-31 07:52:59,542.9094942209399
2022-03-31 07:53:04,542.8754574156657
2022-03-31 07:53:09,534.54
2022-03-31 07:53:14,534.48
2022-03-31 07:53:19,534.41
2022-03-31 07:53:24,534.31
2022-03-31 07:53:29,534.25
2022-03-31 07:53:34,542.6712365840192
2022-03-31 07:53:39,534.19
2022-03-31 07:53:44,542.60316297347
2022-03-31 07:53:49,534.02
2022-03-31 07:53:54,533.96
2022-03-31 07:53:59,533.9
2022-03-31 07:54:04,533.83
2022-03-31 07:54:09,533.8
2022-03-31 07:54:14,533.8
2022-03-31 07:54:19,533.67
2022-03-31 07:54:24,533.61
2022-03-31 07:54:29,542.2968317260003
2022-03-31 07:54:34,533.61
2022-03-31 07:54:39,533.54
2022-03-31 07:54:44,533.51
2022-03-31 07:54:49,542.1606845049029
2022-03-31 07:54:54,542.1266476996283
2022-03-31 07:54:59,533.38
2022-03-31 07:55:04,533.32
2022-03-31 07:55:09,533.28
2022-03-31 07:55:14,533.22
2022-03-31 07:55:19,533.22
2022-03-31 07:55:24,541.9224268679818
2022-03-31 07:55:29,533.15
2022-03-31 07:55:34,533.09
2022-03-31 07:55:39,533.09
2022-03-31 07:55:44,541.786279646884
2022-03-31 07:55:49,533.09
2022-03-31 07:55:54,533.02
2022-03-31 07:55:59,533.03
2022-03-31 07:56:04,533.03
2022-03-31 07:56:09,532.99
2022-03-31 07:56:14,532.99
2022-03-31 07:56:19,541.5480220099632
2022-03-31 07:56:24,532.99
2022-03-31 07:56:29,532.99
2022-03-31 07:56:34,533.0
2022-03-31 07:56:39,532.93
2022-03-31 07:56:44,532.93
2022-03-31 07:56:49,532.93
2022-03-31 07:56:54,532.94
2022-03-31 07:56:59,532.93
2022-03-31 07:57:04,532.94
2022-03-31 07:57:09,532.94
2022-03-31 07:57:14,532.94
2022-03-31 07:57:19,532.94
2022-03-31 07:57:24,532.94
2022-03-31 07:57:29,532.94
2022-03-31 07:57:34,541.4535129902406
2022-03-31 07:57:39,532.94
2022-03-31 07:57:44,541.4513101785609
2022-03-31 07:57:49,532.94
2022-03-31 07:57:54,541.4491073668812
2022-03-31 07:57:59,533.01
2022-03-31 07:58:04,533.01
2022-03-31 07:58:09,533.01
2022-03-31 07:58:14,533.01
2022-03-31 07:58:19,533.01
2022-03-31 07:58:24,533.01
2022-03-31 07:58:29,533.04
2022-03-31 07:58:34,533.04
2022-03-31 07:58:39,541.4391947143225
2022-03-31 07:58:44,541.4380933084826
2022-03-31 07:58:49,541.4369919026428
2022-03-31 07:58:54,533.17
2022-03-31 07:58:59,533.24
2022-03-31 07:59:04,533.24
2022-03-31 07:59:09,541.4325862792833
2022-03-31 07:59:14,533.3
2022-03-31 07:59:19,533.31
2022-03-31 07:59:24,533.34
2022-03-31 07:59:29,533.4
2022-03-31 07:59:34,541.427079250084
2022-03-31 07:59:39,533.47
2022-03-31 07:59:44,541.4248764384043
2022-03-31 07:59:49,533.53
2022-03-31 07:59:54,541.4226736267246
2022-03-31 07:59:59,541.4215722208847
2022-03-31 08:00:04,533.63
2022-03-31 08:00:09,533.63
2022-03-31 08:00:14,533.63
2022-03-31 08:00:19,533.69
2022-03-31 08:00:24,541.4160651916854
2022-03-31 08:00:29,533.76
2022-03-31 08:00:34,541.4138623800058
2022-03-31 08:00:39,533.76
2022-03-31 08:00:44,533.83
2022-03-31 08:00:49,541.4105581624862
2022-03-31 08:00:54,533.92
2022-03-31 08:00:59,533.92
2022-03-31 08:01:04,533.99
2022-03-31 08:01:09,534.05
2022-03-31 08:01:14,534.05
2022-03-31 08:01:19,541.4039497274471
2022-03-31 08:01:24,541.4028483216072
2022-03-31 08:01:29,534.15
2022-03-31 08:01:34,534.28
2022-03-31 08:01:39,534.28
2022-03-31 08:01:44,534.34
2022-03-31 08:01:49,541.3973412924079
2022-03-31 08:01:54,541.396239886568
2022-03-31 08:01:59,534.5
2022-03-31 08:02:04,534.5
2022-03-31 08:02:09,534.57
2022-03-31 08:02:14,534.66
2022-03-31 08:02:19,541.3907328573688
2022-03-31 08:02:24,534.73
2022-03-31 08:02:29,541.388530045689
2022-03-31 08:02:34,534.89
2022-03-31 08:02:39,534.95
2022-03-31 08:02:44,535.08
2022-03-31 08:02:49,535.11
2022-03-31 08:02:54,541.3830230164897
2022-03-31 08:02:59,535.3
2022-03-31 08:03:04,535.4
2022-03-31 08:03:09,535.53
2022-03-31 08:03:14,535.62
2022-03-31 08:03:19,535.76
2022-03-31 08:03:24,535.91
2022-03-31 08:03:29,536.05
2022-03-31 08:03:34,541.3742117697709
2022-03-31 08:03:39,536.27
2022-03-31 08:03:44,536.43
2022-03-31 08:03:49,541.3709075522513
2022-03-31 08:03:54,536.72
2022-03-31 08:03:59,536.85
2022-03-31 08:04:04,541.3676033347317
2022-03-31 08:04:09,541.3665019288918
2022-03-31 08:04:14,537.36
2022-03-31 08:04:19,541.3642991172121
2022-03-31 08:04:24,541.3631977113723
2022-03-31 08:04:29,537.88
2022-03-31 08:04:34,537.97
2022-03-31 08:04:39,538.19
2022-03-31 08:04:44,538.32
2022-03-31 08:04:49,538.48
2022-03-31 08:04:54,538.68
2022-03-31 08:04:59,538.84
2022-03-31 08:05:04,539.06
2022-03-31 08:05:09,539.19
2022-03-31 08:05:14,539.42
2022-03-31 08:05:19,541.3510822471338
2022-03-31 08:05:24,539.71
2022-03-31 08:05:29,541.3488794354541
2022-03-31 08:05:34,540.03
2022-03-31 08:05:39,540.16
2022-03-31 08:05:44,540.32
2022-03-31 08:05:49,540.52
2022-03-31 08:05:54,540.68
2022-03-31 08:05:59,540.77
2022-03-31 08:06:04,540.9
2022-03-31 08:06:09,541.03
2022-03-31 08:06:14,541.3389667828953
2022-03-31 08:06:19,541.3378653770556
2022-03-31 08:06:24,541.42
2022-03-31 08:06:29,541.55
2022-03-31 08:06:34,541.334561159536
2022-03-31 08:06:39,541.78
2022-03-31 08:06:44,541.87
2022-03-31 08:06:49,541.3312569420164
2022-03-31 08:06:54,542.07
2022-03-31 08:06:59,542.1
2022-03-31 08:07:04,542.17
2022-03-31 08:07:09,542.29
2022-03-31 08:07:14,542.33
2022-03-31 08:07:19,541.3246485069773
2022-03-31 08:07:24,542.46
2022-03-31 08:07:29,541.3224456952976
2022-03-31 08:07:34,541.3213442894577
2022-03-31 08:07:39,541.3202428836178
2022-03-31 08:07:44,542.59
2022-03-31 08:07:49,542.62
2022-03-31 08:07:54,542.62
2022-03-31 08:07:59,542.62
2022-03-31 08:08:04,542.59
2022-03-31 08:08:09,541.3136344485787
2022-03-31 08:08:14,541.3125330427388
2022-03-31 08:08:19,542.59
2022-03-31 08:08:24,542.53
2022-03-31 08:08:29,542.46
2022-03-31 08:08:34,541.3081274193794
2022-03-31 08:08:39,541.3070260135395
2022-03-31 08:08:44,541.3059246076997
2022-03-31 08:08:49,541.3048232018598
2022-03-31 08:08:54,542.3
2022-03-31 08:08:59,542.24
2022-03-31 08:09:04,542.17
2022-03-31 08:09:09,542.08
2022-03-31 08:09:14,542.01
2022-03-31 08:09:19,541.95
2022-03-31 08:09:24,541.2971133609808
2022-03-31 08:09:29,541.2960119551409
2022-03-31 08:09:34,541.2949105493011
2022-03-31 08:09:39,541.66
2022-03-31 08:09:44,541.59
2022-03-31 08:09:49,541.5
2022-03-31 08:09:54,541.37
2022-03-31 08:09:59,541.3
2022-03-31 08:10:04,541.2883021142619
2022-03-31 08:10:09,541.21
2022-03-31 08:10:14,541.2860993025822
2022-03-31 08:10:19,541.2849978967423
2022-03-31 08:10:24,541.2838964909025
2022-03-31 08:10:29,541.2827950850626
2022-03-31 08:10:34,541.2816936792227
2022-03-31 08:10:39,540.56
2022-03-31 08:10:44,540.47
2022-03-31 08:10:49,541.3192692058034
2022-03-31 08:10:54,541.3340533887354
2022-03-31 08:10:59,540.24
2022-03-31 08:11:04,540.11
2022-03-31 08:11:09,540.01
2022-03-31 08:11:14,539.88
2022-03-31 08:11:19,539.82
2022-03-31 08:11:24,541.422758486328
2022-03-31 08:11:29,539.59
2022-03-31 08:11:34,539.49
2022-03-31 08:11:39,539.37
2022-03-31 08:11:44,539.2
2022-03-31 08:11:49,539.14
2022-03-31 08:11:54,539.01
2022-03-31 08:11:59,538.85
2022-03-31 08:12:04,541.5410319497848
2022-03-31 08:12:09,541.5558161327168
2022-03-31 08:12:14,538.49
2022-03-31 08:12:19,538.4
2022-03-31 08:12:24,541.6001686815132
2022-03-31 08:12:29,538.17
2022-03-31 08:12:34,538.04
2022-03-31 08:12:39,541.6445212303095
2022-03-31 08:12:44,541.6593054132416
2022-03-31 08:12:49,537.68
2022-03-31 08:12:54,537.59
2022-03-31 08:12:59,537.46
2022-03-31 08:13:04,541.71844214497
2022-03-31 08:13:09,537.23
2022-03-31 08:13:14,537.07
2022-03-31 08:13:19,537.01
2022-03-31 08:13:24,536.91
2022-03-31 08:13:29,536.78
2022-03-31 08:13:34,536.65
2022-03-31 08:13:39,536.55
2022-03-31 08:13:44,536.42
2022-03-31 08:13:49,541.851499791359
2022-03-31 08:13:54,536.26
2022-03-31 08:13:59,536.14
2022-03-31 08:14:04,541.8958523401552
2022-03-31 08:14:09,535.91
2022-03-31 08:14:14,535.88
2022-03-31 08:14:19,541.9402048889516
2022-03-31 08:14:24,541.9549890718837
2022-03-31 08:14:29,535.52
2022-03-31 08:14:34,535.46
2022-03-31 08:14:39,535.36
2022-03-31 08:14:44,535.23
2022-03-31 08:14:49,535.11
2022-03-31 08:14:54,535.07
2022-03-31 08:14:59,542.0584783524083
2022-03-31 08:15:04,542.0732625353404
2022-03-31 08:15:09,534.72
2022-03-31 08:15:14,534.66
2022-03-31 08:15:19,534.56
2022-03-31 08:15:24,534.49
2022-03-31 08:15:29,542.1471834500009
2022-03-31 08:15:34,534.27
2022-03-31 08:15:39,534.21
2022-03-31 08:15:44,542.1915359987972
2022-03-31 08:15:49,534.05
2022-03-31 08:15:54,542.2211043646615
2022-03-31 08:15:59,533.86
2022-03-31 08:16:04,533.76
2022-03-31 08:16:09,533.69
2022-03-31 08:16:14,533.57
2022-03-31 08:16:19,533.54
2022-03-31 08:16:24,533.47
2022-03-31 08:16:29,533.41
2022-03-31 08:16:34,542.3393778281182
2022-03-31 08:16:39,533.18
2022-03-31 08:16:44,533.12
2022-03-31 08:16:49,542.3837303769145
2022-03-31 08:16:54,532.96
2022-03-31 08:16:59,532.9
2022-03-31 08:17:04,532.8
2022-03-31 08:17:09,542.442867108643
2022-03-31 08:17:14,532.6
2022-03-31 08:17:19,532.51
2022-03-31 08:17:24,532.45
2022-03-31 08:17:29,532.38
2022-03-31 08:17:34,532.32
2022-03-31 08:17:39,542.5315722062355
2022-03-31 08:17:44,532.22
2022-03-31 08:17:49,532.16
2022-03-31 08:17:54,532.03
2022-03-31 08:17:59,532.03
2022-03-31 08:18:04,532.0
2022-03-31 08:18:09,542.6202773038282
2022-03-31 08:18:14,542.6350614867602
2022-03-31 08:18:19,531.8
2022-03-31 08:18:24,531.77
2022-03-31 08:18:29,531.7
2022-03-31 08:18:34,542.6941982184886
2022-03-31 08:18:39,531.64
2022-03-31 08:18:44,542.7237665843529
2022-03-31 08:18:49,531.48
2022-03-31 08:18:54,542.7533349502171
2022-03-31 08:18:59,542.7681191331492
2022-03-31 08:19:04,531.41
2022-03-31 08:19:09,531.35
2022-03-31 08:19:14,531.29
2022-03-31 08:19:19,531.29
2022-03-31 08:19:24,531.19
2022-03-31 08:19:29,531.19
2022-03-31 08:19:34,542.8716084136738
2022-03-31 08:19:39,531.13
2022-03-31 08:19:44,542.9011767795381
2022-03-31 08:19:49,542.9159609624701
2022-03-31 08:19:54,542.9307451454023
2022-03-31 08:19:59,542.9455293283344
2022-03-31 08:20:04,531.0
2022-03-31 08:20:09,542.9750976941986
2022-03-31 08:20:14,542.9898818771308
2022-03-31 08:20:19,530.83
2022-03-31 08:20:24,530.83
2022-03-31 08:20:29,543.034234425927
2022-03-31 08:20:34,530.77
2022-03-31 08:20:39,543.0638027917912
2022-03-31 08:20:44,530.73
2022-03-31 08:20:49,543.0933711576553
2022-03-31 08:20:54,543.1081553405875
2022-03-31 08:20:59,543.1229395235196
2022-03-31 08:21:04,543.1377237064517
2022-03-31 08:21:09,530.47
2022-03-31 08:21:14,530.47
2022-03-31 08:21:19,543.1820762552479
2022-03-31 08:21:24,530.38
2022-03-31 08:21:29,530.38
2022-03-31 08:21:34,543.2264288040442
2022-03-31 08:21:39,530.31
2022-03-31 08:21:44,543.2559971699085
2022-03-31 08:21:49,530.21
2022-03-31 08:21:54,530.21
2022-03-31 08:21:59,530.21
2022-03-31 08:22:04,530.15
2022-03-31 08:22:09,530.08
2022-03-31 08:22:14,530.14
2022-03-31 08:22:19,530.08
2022-03-31 08:22:24,530.01
2022-03-31 08:22:29,543.3890548162974
2022-03-31 08:22:34,529.94
2022-03-31 08:22:39,543.4186231821616
2022-03-31 08:22:44,529.91
2022-03-31 08:22:49,543.4481915480259
2022-03-31 08:22:54,529.85
2022-03-31 08:22:59,543.4777599138899
2022-03-31 08:23:04,543.4925440968221
2022-03-31 08:23:09,543.5073282797541
2022-03-31 08:23:14,529.79
2022-03-31 08:23:19,529.72
2022-03-31 08:23:24,529.79
2022-03-31 08:23:29,543.5664650114826
2022-03-31 08:23:34,543.5812491944147
2022-03-31 08:23:39,529.72
2022-03-31 08:23:44,529.79
2022-03-31 08:23:49,529.72
2022-03-31 08:23:54,529.72
2022-03-31 08:23:59,543.6551701090752
2022-03-31 08:24:04,529.79
2022-03-31 08:24:09,543.6847384749393
2022-03-31 08:24:14,529.72
2022-03-31 08:24:19,529.79
2022-03-31 08:24:24,543.7290910237357
2022-03-31 08:24:29,529.79
2022-03-31 08:24:34,543.7586593895999
2022-03-31 08:24:39,529.79
2022-03-31 08:24:44,543.7794474364518
2022-03-31 08:24:49,529.79
2022-03-31 08:24:54,543.7748960835687
2022-03-31 08:24:59,529.86
2022-03-31 08:25:04,529.86
2022-03-31 08:25:09,529.8
2022-03-31 08:25:14,529.86
2022-03-31 08:25:19,529.86
2022-03-31 08:25:24,529.86
2022-03-31 08:25:29,543.7589663484778
2022-03-31 08:25:34,529.93
2022-03-31 08:25:39,529.96
2022-03-31 08:25:44,543.752139319153
2022-03-31 08:25:49,543.7498636427115
2022-03-31 08:25:54,543.74758796627
2022-03-31 08:25:59,530.03
2022-03-31 08:26:04,530.09
2022-03-31 08:26:09,543.7407609369452
2022-03-31 08:26:14,530.22
2022-03-31 08:26:19,530.22
2022-03-31 08:26:24,530.22
2022-03-31 08:26:29,530.32
2022-03-31 08:26:34,530.32
2022-03-31 08:26:39,530.38
2022-03-31 08:26:44,543.7248312018543
2022-03-31 08:26:49,530.45
2022-03-31 08:26:54,530.48
2022-03-31 08:26:59,530.48
2022-03-31 08:27:04,530.54
2022-03-31 08:27:09,530.61
2022-03-31 08:27:14,543.711177143205
2022-03-31 08:27:19,530.61
2022-03-31 08:27:24,543.7066257903218
2022-03-31 08:27:29,543.7043501138802
2022-03-31 08:27:34,530.77
2022-03-31 08:27:39,530.83
2022-03-31 08:27:44,530.83
2022-03-31 08:27:49,530.89
2022-03-31 08:27:54,530.96
2022-03-31 08:27:59,543.6906960552309
2022-03-31 08:28:04,543.6884203787893
2022-03-31 08:28:09,531.12
2022-03-31 08:28:14,531.12
2022-03-31 08:28:19,531.18
2022-03-31 08:28:24,543.6793176730231
2022-03-31 08:28:29,531.28
2022-03-31 08:28:34,543.67476632014
2022-03-31 08:28:39,531.34
2022-03-31 08:28:44,531.41
2022-03-31 08:28:49,531.47
2022-03-31 08:28:54,543.6656636143737
2022-03-31 08:28:59,543.6633879379322
2022-03-31 08:29:04,531.57
2022-03-31 08:29:09,531.57
2022-03-31 08:29:14,531.63
2022-03-31 08:29:19,543.6542852321659
2022-03-31 08:29:24,543.6520095557242
2022-03-31 08:29:29,531.76
2022-03-31 08:29:34,531.79
2022-03-31 08:29:39,543.6451825263996
2022-03-31 08:29:44,531.85
2022-03-31 08:29:49,531.92
2022-03-31 08:29:54,531.92
2022-03-31 08:29:59,543.6360798206333
2022-03-31 08:30:04,543.6338041441918
2022-03-31 08:30:09,532.01
2022-03-31 08:30:14,532.08
2022-03-31 08:30:19,532.08
2022-03-31 08:30:24,532.08
2022-03-31 08:30:29,543.622425761984
2022-03-31 08:30:34,532.14
2022-03-31 08:30:39,543.6178744091009
2022-03-31 08:30:44,532.2
2022-03-31 08:30:49,532.27
2022-03-31 08:30:54,532.27
2022-03-31 08:30:59,532.3
2022-03-31 08:31:04,532.3
2022-03-31 08:31:09,543.6042203504514
2022-03-31 08:31:14,543.6019446740099
2022-03-31 08:31:19,532.36
2022-03-31 08:31:24,532.36
2022-03-31 08:31:29,543.5951176446853
2022-03-31 08:31:34,532.36
2022-03-31 08:31:39,532.42
2022-03-31 08:31:44,532.48
2022-03-31 08:31:49,532.42
2022-03-31 08:31:54,532.48
2022-03-31 08:31:59,532.48
2022-03-31 08:32:04,543.5791879095943
2022-03-31 08:32:09,532.48
2022-03-31 08:32:14,532.52
2022-03-31 08:32:19,532.52
2022-03-31 08:32:24,543.5700852038281
2022-03-31 08:32:29,543.5678095273864
2022-03-31 08:32:34,543.5655338509449
2022-03-31 08:32:39,543.5632581745033
2022-03-31 08:32:44,532.65
2022-03-31 08:32:49,543.5587068216203
2022-03-31 08:32:54,532.71
2022-03-31 08:32:59,543.5541554687371
2022-03-31 08:33:04,532.71
2022-03-31 08:33:09,532.71
2022-03-31 08:33:14,532.78
2022-03-31 08:33:19,543.5450527629708
2022-03-31 08:33:24,532.81
2022-03-31 08:33:29,532.81
2022-03-31 08:33:34,543.5382257336462
2022-03-31 08:33:39,543.5359500572046
2022-03-31 08:33:44,543.533674380763
2022-03-31 08:33:49,543.5313987043215
2022-03-31 08:33:54,543.5291230278799
2022-03-31 08:33:59,532.94
2022-03-31 08:34:04,533.04
2022-03-31 08:34:09,543.5222959985553
2022-03-31 08:34:14,533.04
2022-03-31 08:34:19,533.04
2022-03-31 08:34:24,543.5154689692305
2022-03-31 08:34:29,533.11
2022-03-31 08:34:34,543.5109176163475
2022-03-31 08:34:39,533.11
2022-03-31 08:34:44,533.17
2022-03-31 08:34:49,533.17
2022-03-31 08:34:54,533.17
2022-03-31 08:34:59,533.17
2022-03-31 08:35:04,533.24
2022-03-31 08:35:09,533.24
2022-03-31 08:35:14,533.24
2022-03-31 08:35:19,533.24
2022-03-31 08:35:24,533.3
2022-03-31 08:35:29,533.3
2022-03-31 08:35:34,533.3
2022-03-31 08:35:39,533.3
2022-03-31 08:35:44,533.3
2022-03-31 08:35:49,543.476782469724
2022-03-31 08:35:54,533.3
2022-03-31 08:35:59,543.4722311168408
2022-03-31 08:36:04,543.4699554403993
2022-03-31 08:36:09,543.4676797639577
2022-03-31 08:36:14,543.4654040875162
2022-03-31 08:36:19,543.4631284110745
2022-03-31 08:36:24,533.34
2022-03-31 08:36:29,533.34
2022-03-31 08:36:34,543.4563013817499
2022-03-31 08:36:39,543.4540257053084
2022-03-31 08:36:44,533.34
2022-03-31 08:36:49,543.4494743524252
2022-03-31 08:36:54,533.4
2022-03-31 08:36:59,543.4449229995421
2022-03-31 08:37:04,533.4
2022-03-31 08:37:09,543.440371646659
2022-03-31 08:37:14,533.4
2022-03-31 08:37:19,533.34
2022-03-31 08:37:24,533.4
2022-03-31 08:37:29,543.4312689408927
2022-03-31 08:37:34,543.4289932644512
2022-03-31 08:37:39,533.34
2022-03-31 08:37:44,533.34
2022-03-31 08:37:49,533.33
2022-03-31 08:37:54,533.33
2022-03-31 08:37:59,543.4176148822434
2022-03-31 08:38:04,533.3
2022-03-31 08:38:09,533.3
2022-03-31 08:38:14,533.3
2022-03-31 08:38:19,533.3
2022-03-31 08:38:24,533.3
2022-03-31 08:38:29,533.3
2022-03-31 08:38:34,533.3
2022-03-31 08:38:39,533.3
2022-03-31 08:38:44,533.23
2022-03-31 08:38:49,533.23
2022-03-31 08:38:54,533.23
2022-03-31 08:38:59,533.23
2022-03-31 08:39:04,543.4190550820971
2022-03-31 08:39:09,543.4257563369843
2022-03-31 08:39:14,533.17
2022-03-31 08:39:19,533.17
2022-03-31 08:39:24,533.17
2022-03-31 08:39:29,533.17
2022-03-31 08:39:34,543.4592626114201
2022-03-31 08:39:39,543.4659638663072
2022-03-31 08:39:44,533.1
2022-03-31 08:39:49,533.16
2022-03-31 08:39:54,533.16
2022-03-31 08:39:59,533.16
2022-03-31 08:40:04,533.16
2022-03-31 08:40:09,533.16
2022-03-31 08:40:14,533.16
2022-03-31 08:40:19,533.16
2022-03-31 08:40:24,543.5262751602918
2022-03-31 08:40:29,533.16
2022-03-31 08:40:34,543.5396776700661
2022-03-31 08:40:39,543.5463789249533
2022-03-31 08:40:44,533.23
2022-03-31 08:40:49,543.5597814347276
2022-03-31 08:40:54,533.23
2022-03-31 08:40:59,543.5731839445019
2022-03-31 08:41:04,543.5798851993891
2022-03-31 08:41:09,533.23
2022-03-31 08:41:14,543.5932877091634
2022-03-31 08:41:19,533.29
2022-03-31 08:41:24,543.6066902189377
2022-03-31 08:41:29,533.29
2022-03-31 08:41:34,533.29
2022-03-31 08:41:39,533.29
2022-03-31 08:41:44,533.33
2022-03-31 08:41:49,543.6401964933735
2022-03-31 08:41:54,543.6468977482607
2022-03-31 08:41:59,533.33
2022-03-31 08:42:04,533.33
2022-03-31 08:42:09,543.6670015129222
2022-03-31 08:42:14,533.33
2022-03-31 08:42:19,533.46
2022-03-31 08:42:24,543.6871052775838
2022-03-31 08:42:29,533.46
2022-03-31 08:42:34,543.700507787358
2022-03-31 08:42:39,533.53
2022-03-31 08:42:44,533.56
2022-03-31 08:42:49,533.56
2022-03-31 08:42:54,533.62
2022-03-31 08:42:59,543.7340140617938
2022-03-31 08:43:04,543.7407153166811
2022-03-31 08:43:09,533.69
2022-03-31 08:43:14,533.69
2022-03-31 08:43:19,533.76
2022-03-31 08:43:24,533.76
2022-03-31 08:43:29,533.76
2022-03-31 08:43:34,533.83
2022-03-31 08:43:39,533.83
2022-03-31 08:43:44,543.7943253557784
2022-03-31 08:43:49,533.83
2022-03-31 08:43:54,533.93
2022-03-31 08:43:59,533.86
2022-03-31 08:44:04,543.821130375327
2022-03-31 08:44:09,543.8278316302142
2022-03-31 08:44:14,534.06
2022-03-31 08:44:19,534.06
2022-03-31 08:44:24,543.8479353948757
2022-03-31 08:44:29,534.09
2022-03-31 08:44:34,534.16
2022-03-31 08:44:39,534.16
2022-03-31 08:44:44,534.16
2022-03-31 08:44:49,534.22
2022-03-31 08:44:54,534.28
2022-03-31 08:44:59,543.8948441790859
2022-03-31 08:45:04,534.35
2022-03-31 08:45:09,543.9082466888602
2022-03-31 08:45:14,534.38
2022-03-31 08:45:19,534.51
2022-03-31 08:45:24,543.9283504535217
2022-03-31 08:45:29,534.58
2022-03-31 08:45:34,534.58
2022-03-31 08:45:39,534.61
2022-03-31 08:45:44,534.67
2022-03-31 08:45:49,534.67
2022-03-31 08:45:54,534.74
2022-03-31 08:45:59,534.8
2022-03-31 08:46:04,534.81
2022-03-31 08:46:09,534.81
2022-03-31 08:46:14,543.9953630023933
2022-03-31 08:46:19,534.9
2022-03-31 08:46:24,544.0087655121677
2022-03-31 08:46:29,544.0154667670549
2022-03-31 08:46:34,534.96
2022-03-31 08:46:39,534.96
2022-03-31 08:46:44,535.03
2022-03-31 08:46:49,535.03
2022-03-31 08:46:54,535.09
2022-03-31 08:46:59,544.0556742963779
2022-03-31 08:47:04,535.09
2022-03-31 08:47:09,535.09
2022-03-31 08:47:14,544.0757780610394
2022-03-31 08:47:19,544.0824793159265
2022-03-31 08:47:24,535.12
2022-03-31 08:47:29,535.19
2022-03-31 08:47:34,544.102583080588
2022-03-31 08:47:39,535.19
2022-03-31 08:47:44,535.19
2022-03-31 08:47:49,535.25
2022-03-31 08:47:54,535.19
2022-03-31 08:47:59,535.25
2022-03-31 08:48:04,535.25
2022-03-31 08:48:09,544.1494918647982
2022-03-31 08:48:14,535.25
2022-03-31 08:48:19,535.31
2022-03-31 08:48:24,535.32
2022-03-31 08:48:29,535.25
2022-03-31 08:48:34,544.182998139234
2022-03-31 08:48:39,535.31
2022-03-31 08:48:44,535.25
2022-03-31 08:48:49,535.31
2022-03-31 08:48:54,535.31
2022-03-31 08:48:59,535.31
2022-03-31 08:49:04,535.31
2022-03-31 08:49:09,544.2299069234442
2022-03-31 08:49:14,544.2366081783314
2022-03-31 08:49:19,544.2433094332185
2022-03-31 08:49:24,544.2500106881057
2022-03-31 08:49:29,535.38
2022-03-31 08:49:34,544.26341319788
2022-03-31 08:49:39,535.38
2022-03-31 08:49:44,535.41
2022-03-31 08:49:49,535.41
2022-03-31 08:49:54,535.38
2022-03-31 08:49:59,535.41
2022-03-31 08:50:04,535.41
2022-03-31 08:50:09,544.3103219820902
2022-03-31 08:50:14,535.41
2022-03-31 08:50:19,535.41
2022-03-31 08:50:24,535.48
2022-03-31 08:50:29,535.48
2022-03-31 08:50:34,535.48
2022-03-31 08:50:39,535.54
2022-03-31 08:50:44,535.54
2022-03-31 08:50:49,544.3639320211876
2022-03-31 08:50:54,535.61
2022-03-31 08:50:59,535.64
2022-03-31 08:51:04,535.71
2022-03-31 08:51:09,544.3907370407361
2022-03-31 08:51:14,535.71
2022-03-31 08:51:19,535.77
2022-03-31 08:51:24,535.84
2022-03-31 08:51:29,535.84
2022-03-31 08:51:34,544.424243315172
2022-03-31 08:51:39,535.94
2022-03-31 08:51:44,544.4376458249463
2022-03-31 08:51:49,544.4443470798335
2022-03-31 08:51:54,544.4510483347207
2022-03-31 08:51:59,544.4577495896078
2022-03-31 08:52:04,536.14
2022-03-31 08:52:09,536.17
2022-03-31 08:52:14,536.23
2022-03-31 08:52:19,544.4845546091565
2022-03-31 08:52:24,536.3
2022-03-31 08:52:29,536.37
2022-03-31 08:52:34,536.36
2022-03-31 08:52:39,544.5113596287051
2022-03-31 08:52:44,536.43
2022-03-31 08:52:49,536.46
2022-03-31 08:52:54,544.5293975405617
2022-03-31 08:52:59,544.530898545285
2022-03-31 08:53:04,536.66
2022-03-31 08:53:09,536.66
2022-03-31 08:53:14,536.69
2022-03-31 08:53:19,544.536902564178
2022-03-31 08:53:24,536.76
2022-03-31 08:53:29,544.5399045736245
2022-03-31 08:53:34,536.82
2022-03-31 08:53:39,536.89
2022-03-31 08:53:44,536.95
2022-03-31 08:53:49,544.5459085925175
2022-03-31 08:53:54,536.99
2022-03-31 08:53:59,536.99
2022-03-31 08:54:04,537.05
2022-03-31 08:54:09,544.5519126114106
2022-03-31 08:54:14,537.12
2022-03-31 08:54:19,537.11
2022-03-31 08:54:24,537.18
2022-03-31 08:54:29,537.18
2022-03-31 08:54:34,537.21
2022-03-31 08:54:39,537.18
2022-03-31 08:54:44,537.21
2022-03-31 08:54:49,544.5639206491965
2022-03-31 08:54:54,537.22
2022-03-31 08:54:59,537.28
2022-03-31 08:55:04,544.5684236633663
2022-03-31 08:55:09,544.5699246680895
2022-03-31 08:55:14,537.28
2022-03-31 08:55:19,537.28
2022-03-31 08:55:24,537.28
2022-03-31 08:55:29,537.28
2022-03-31 08:55:34,544.5774296917058
2022-03-31 08:55:39,537.28
2022-03-31 08:55:44,537.28
2022-03-31 08:55:49,544.5819327058755
2022-03-31 08:55:54,537.28
2022-03-31 08:55:59,537.21
2022-03-31 08:56:04,537.28
2022-03-31 08:56:09,544.5879367247685
2022-03-31 08:56:14,544.5894377294917
2022-03-31 08:56:19,537.18
2022-03-31 08:56:24,544.5924397389383
2022-03-31 08:56:29,544.5939407436615
2022-03-31 08:56:34,537.12
2022-03-31 08:56:39,537.05
2022-03-31 08:56:44,537.05
2022-03-31 08:56:49,544.5999447625545
2022-03-31 08:56:54,544.6014457672777
2022-03-31 08:56:59,537.05
2022-03-31 08:57:04,537.05
2022-03-31 08:57:09,537.05
2022-03-31 08:57:14,536.98
2022-03-31 08:57:19,536.98
2022-03-31 08:57:24,544.6104517956172
2022-03-31 08:57:29,536.98
2022-03-31 08:57:34,536.95
2022-03-31 08:57:39,536.95
2022-03-31 08:57:44,536.95
2022-03-31 08:57:49,536.95
2022-03-31 08:57:54,544.6194578239567
2022-03-31 08:57:59,544.62095882868
2022-03-31 08:58:04,536.95
2022-03-31 08:58:09,544.6239608381264
2022-03-31 08:58:14,544.6254618428497
2022-03-31 08:58:19,544.6269628475729
2022-03-31 08:58:24,536.98
2022-03-31 08:58:29,544.6299648570194
2022-03-31 08:58:34,536.95
2022-03-31 08:58:39,536.98
2022-03-31 08:58:44,536.98
2022-03-31 08:58:49,536.98
2022-03-31 08:58:54,536.98
2022-03-31 08:58:59,537.05
2022-03-31 08:59:04,544.6404718900823
2022-03-31 08:59:09,544.6419728948055
2022-03-31 08:59:14,537.05
2022-03-31 08:59:19,544.644974904252
2022-03-31 08:59:24,537.05
2022-03-31 08:59:29,537.05
2022-03-31 08:59:34,537.05
2022-03-31 08:59:39,544.650978923145
2022-03-31 08:59:44,544.6524799278683
2022-03-31 08:59:49,537.12
2022-03-31 08:59:54,544.6554819373147
2022-03-31 08:59:59,544.656982942038
2022-03-31 09:00:04,544.6584839467612
2022-03-31 09:00:09,537.18
2022-03-31 09:00:14,537.12
2022-03-31 09:00:19,537.21
2022-03-31 09:00:24,544.6644879656542
2022-03-31 09:00:29,544.6659889703775
2022-03-31 09:00:34,537.28
2022-03-31 09:00:39,544.668990979824
2022-03-31 09:00:44,537.28
2022-03-31 09:00:49,537.35
2022-03-31 09:00:54,537.41
2022-03-31 09:00:59,537.48
2022-03-31 09:01:04,544.6764960034402
2022-03-31 09:01:09,537.51
2022-03-31 09:01:14,537.58
2022-03-31 09:01:19,537.64
2022-03-31 09:01:24,537.71
2022-03-31 09:01:29,537.71
2022-03-31 09:01:34,544.6855020317797
2022-03-31 09:01:39,544.6870030365029
2022-03-31 09:01:44,537.81
2022-03-31 09:01:49,537.81
2022-03-31 09:01:54,537.87
2022-03-31 09:01:59,537.87
2022-03-31 09:02:04,537.94
2022-03-31 09:02:09,537.94
2022-03-31 09:02:14,537.94
2022-03-31 09:02:19,538.01
2022-03-31 09:02:24,538.04
2022-03-31 09:02:29,544.7020130837354
2022-03-31 09:02:34,538.04
2022-03-31 09:02:39,544.7050150931819
2022-03-31 09:02:44,544.7065160979053
2022-03-31 09:02:49,544.7080171026284
2022-03-31 09:02:54,544.7095181073518
2022-03-31 09:02:59,544.711019112075
2022-03-31 09:03:04,538.27
2022-03-31 09:03:09,538.27
2022-03-31 09:03:14,538.27
2022-03-31 09:03:19,538.33
2022-03-31 09:03:24,538.33
2022-03-31 09:03:29,544.7200251404145
2022-03-31 09:03:34,544.7215261451377
2022-03-31 09:03:39,538.4
2022-03-31 09:03:44,538.46
2022-03-31 09:03:49,538.46
2022-03-31 09:03:54,544.7275301640307
2022-03-31 09:03:59,544.729031168754
2022-03-31 09:04:04,538.53
2022-03-31 09:04:09,544.7320331782005
2022-03-31 09:04:14,544.7335341829237
2022-03-31 09:04:19,538.53
2022-03-31 09:04:24,538.56
2022-03-31 09:04:29,544.7380371970935
2022-03-31 09:04:34,538.56
2022-03-31 09:04:39,538.62
2022-03-31 09:04:44,538.62
2022-03-31 09:04:49,538.62
2022-03-31 09:04:54,544.7455422207097
2022-03-31 09:04:59,538.69
2022-03-31 09:05:04,544.7485442301562
2022-03-31 09:05:09,544.7500452348794
2022-03-31 09:05:14,544.7515462396027
2022-03-31 09:05:19,538.85
2022-03-31 09:05:24,544.7545482490492
2022-03-31 09:05:29,538.85
2022-03-31 09:05:34,544.7575502584957
2022-03-31 09:05:39,544.7590512632189
2022-03-31 09:05:44,538.98
2022-03-31 09:05:49,539.04
2022-03-31 09:05:54,539.04
2022-03-31 09:05:59,539.04
2022-03-31 09:06:04,539.07
2022-03-31 09:06:09,539.07
2022-03-31 09:06:14,539.14
2022-03-31 09:06:19,539.2
2022-03-31 09:06:24,544.7725603057282
2022-03-31 09:06:29,539.26
2022-03-31 09:06:34,539.3
2022-03-31 09:06:39,539.3
2022-03-31 09:06:44,544.7785643246211
2022-03-31 09:06:49,539.42
2022-03-31 09:06:54,539.42
2022-03-31 09:06:59,544.784559714345
2022-03-31 09:07:04,544.7904688341442
2022-03-31 09:07:09,539.55
2022-03-31 09:07:14,539.58
2022-03-31 09:07:19,539.65
2022-03-31 09:07:24,539.65
2022-03-31 09:07:29,539.65
2022-03-31 09:07:34,539.71
2022-03-31 09:07:39,539.78
2022-03-31 09:07:44,539.78
2022-03-31 09:07:49,539.81
2022-03-31 09:07:54,539.81
2022-03-31 09:07:59,539.87
2022-03-31 09:08:04,539.94
2022-03-31 09:08:09,544.8672873915333
2022-03-31 09:08:14,544.8731965113324
2022-03-31 09:08:19,540.07
2022-03-31 09:08:24,540.07
2022-03-31 09:08:29,544.8909238707298
2022-03-31 09:08:34,540.17
2022-03-31 09:08:39,540.23
2022-03-31 09:08:44,540.17
2022-03-31 09:08:49,544.9145603499265
2022-03-31 09:08:54,540.3
2022-03-31 09:08:59,544.9263785895248
2022-03-31 09:09:04,540.33
2022-03-31 09:09:09,544.9381968291232
2022-03-31 09:09:14,540.4
2022-03-31 09:09:19,540.46
2022-03-31 09:09:24,544.9559241885206
2022-03-31 09:09:29,540.53
2022-03-31 09:09:34,540.59
2022-03-31 09:09:39,540.59
2022-03-31 09:09:44,540.63
2022-03-31 09:09:49,540.63
2022-03-31 09:09:54,540.69
2022-03-31 09:09:59,540.69
2022-03-31 09:10:04,540.76
2022-03-31 09:10:09,540.76
2022-03-31 09:10:14,540.82
2022-03-31 09:10:19,540.82
2022-03-31 09:10:24,545.0268336261105
2022-03-31 09:10:29,545.0327427459097
2022-03-31 09:10:34,540.92
2022-03-31 09:10:39,545.044560985508
2022-03-31 09:10:44,540.86
2022-03-31 09:10:49,540.86
2022-03-31 09:10:54,540.92
2022-03-31 09:10:59,540.99
2022-03-31 09:11:04,540.92
2022-03-31 09:11:09,540.92
2022-03-31 09:11:14,540.92
2022-03-31 09:11:19,540.86
2022-03-31 09:11:24,545.0977430637004
2022-03-31 09:11:29,545.1036521834995
2022-03-31 09:11:34,545.1095613032987
2022-03-31 09:11:39,540.77
2022-03-31 09:11:44,540.7
2022-03-31 09:11:49,540.64
2022-03-31 09:11:54,540.6
2022-03-31 09:11:59,545.1391069022945
2022-03-31 09:12:04,540.41
2022-03-31 09:12:09,545.1509251418928
2022-03-31 09:12:14,545.156834261692
2022-03-31 09:12:19,540.19
2022-03-31 09:12:24,540.03
2022-03-31 09:12:29,545.1745616210894
2022-03-31 09:12:34,539.8
2022-03-31 09:12:39,539.61
2022-03-31 09:12:44,545.192288980487
2022-03-31 09:12:49,539.38
2022-03-31 09:12:54,539.22
2022-03-31 09:12:59,539.09
2022-03-31 09:13:04,538.93
2022-03-31 09:13:09,545.2218345794827
2022-03-31 09:13:14,538.64
2022-03-31 09:13:19,538.54
2022-03-31 09:13:24,545.2395619388802
2022-03-31 09:13:29,538.19
2022-03-31 09:13:34,538.03
2022-03-31 09:13:39,537.84
2022-03-31 09:13:44,545.2631984180769
2022-03-31 09:13:49,537.45
2022-03-31 09:13:54,537.39
2022-03-31 09:13:59,545.2809257774743
2022-03-31 09:14:04,537.0
2022-03-31 09:14:09,536.74
2022-03-31 09:14:14,536.64
2022-03-31 09:14:19,536.52
2022-03-31 09:14:24,536.35
2022-03-31 09:14:29,536.19
2022-03-31 09:14:34,545.3222896160684
2022-03-31 09:14:39,535.84
2022-03-31 09:14:44,535.68
2022-03-31 09:14:49,535.48
2022-03-31 09:14:54,535.26
2022-03-31 09:14:59,535.1
2022-03-31 09:15:04,534.97
2022-03-31 09:15:09,534.87
2022-03-31 09:15:14,545.3695625744617
2022-03-31 09:15:19,545.3754716942609
2022-03-31 09:15:24,534.36
2022-03-31 09:15:29,534.16
2022-03-31 09:15:34,534.0
2022-03-31 09:15:39,545.3991081734574
2022-03-31 09:15:44,533.71
2022-03-31 09:15:49,533.61
2022-03-31 09:15:54,533.48
2022-03-31 09:15:59,533.32
2022-03-31 09:16:04,533.19
2022-03-31 09:16:09,533.09
2022-03-31 09:16:14,532.9
2022-03-31 09:16:19,532.8
2022-03-31 09:16:24,545.4522902516499
2022-03-31 09:16:29,545.458199371449
2022-03-31 09:16:34,532.38
2022-03-31 09:16:39,532.35
2022-03-31 09:16:44,532.22
2022-03-31 09:16:49,545.4818358506457
2022-03-31 09:16:54,545.4877449704449
2022-03-31 09:16:59,531.87
2022-03-31 09:17:04,531.77
2022-03-31 09:17:09,545.5054723298423
2022-03-31 09:17:14,531.55
2022-03-31 09:17:19,531.48
2022-03-31 09:17:24,531.36
2022-03-31 09:17:29,531.19
2022-03-31 09:17:34,531.19
2022-03-31 09:17:39,531.07
2022-03-31 09:17:44,545.5468361684364
2022-03-31 09:17:49,545.5527452882355
2022-03-31 09:17:54,530.81
2022-03-31 09:17:59,530.75
2022-03-31 09:18:04,545.5704726476331
2022-03-31 09:18:09,530.55
2022-03-31 09:18:14,530.52
2022-03-31 09:18:19,530.39
2022-03-31 09:18:24,530.33
2022-03-31 09:18:29,530.23
2022-03-31 09:18:34,545.605927366428
2022-03-31 09:18:39,545.6118364862272
2022-03-31 09:18:44,530.01
2022-03-31 09:18:49,529.95
2022-03-31 09:18:54,545.6295638456246
2022-03-31 09:18:59,529.79
2022-03-31 09:19:04,529.72
2022-03-31 09:19:09,529.66
2022-03-31 09:19:14,529.6
2022-03-31 09:19:19,545.6591094446204
2022-03-31 09:19:24,529.44
2022-03-31 09:19:29,529.31
2022-03-31 09:19:34,529.31
2022-03-31 09:19:39,529.21
2022-03-31 09:19:44,529.15
2022-03-31 09:19:49,529.08
2022-03-31 09:19:54,528.98
2022-03-31 09:19:59,528.92
2022-03-31 09:20:04,528.86
2022-03-31 09:20:09,528.79
2022-03-31 09:20:14,545.7241097624111
2022-03-31 09:20:19,545.7300188822103
2022-03-31 09:20:24,545.7359280020095
2022-03-31 09:20:29,528.5
2022-03-31 09:20:34,528.5
2022-03-31 09:20:39,545.7536553614069
2022-03-31 09:20:44,545.7595644812061
2022-03-31 09:20:49,528.28
2022-03-31 09:20:54,545.7713827208045
2022-03-31 09:20:59,528.05
2022-03-31 09:21:04,528.05
2022-03-31 09:21:09,545.7512041814281
2022-03-31 09:21:14,527.89
2022-03-31 09:21:19,527.89
2022-03-31 09:21:24,527.76
2022-03-31 09:21:29,545.6563702369347
2022-03-31 09:21:34,527.67
2022-03-31 09:21:39,545.6089532646877
2022-03-31 09:21:44,527.54
2022-03-31 09:21:49,527.47
2022-03-31 09:21:54,527.44
2022-03-31 09:21:59,545.5141193201943
2022-03-31 09:22:04,527.37
2022-03-31 09:22:09,527.31
2022-03-31 09:22:14,527.31
2022-03-31 09:22:19,545.4192853757005
2022-03-31 09:22:24,527.21
2022-03-31 09:22:29,545.3718684034537
2022-03-31 09:22:34,545.3481599173302
2022-03-31 09:22:39,527.08
2022-03-31 09:22:44,527.09
2022-03-31 09:22:49,545.2770344589601
2022-03-31 09:22:54,527.02
2022-03-31 09:22:59,545.2296174867133
2022-03-31 09:23:04,545.2059090005898
2022-03-31 09:23:09,526.92
2022-03-31 09:23:14,526.92
2022-03-31 09:23:19,545.1347835422197
2022-03-31 09:23:24,545.1110750560962
2022-03-31 09:23:29,526.92
2022-03-31 09:23:34,526.92
2022-03-31 09:23:39,526.92
2022-03-31 09:23:44,545.0162411116024
2022-03-31 09:23:49,526.92
2022-03-31 09:23:54,526.86
2022-03-31 09:23:59,526.92
2022-03-31 09:24:04,526.92
2022-03-31 09:24:09,544.8976986809855
2022-03-31 09:24:14,526.95
2022-03-31 09:24:19,526.92
2022-03-31 09:24:24,526.92
2022-03-31 09:24:29,526.91
2022-03-31 09:24:34,544.7791562503685
2022-03-31 09:24:39,526.95
2022-03-31 09:24:44,544.7317392781216
2022-03-31 09:24:49,527.01
2022-03-31 09:24:54,526.94
2022-03-31 09:24:59,527.07
2022-03-31 09:25:04,544.6369053336281
2022-03-31 09:25:09,527.07
2022-03-31 09:25:14,527.14
2022-03-31 09:25:19,527.14
2022-03-31 09:25:24,544.5420713891344
2022-03-31 09:25:29,527.2
2022-03-31 09:25:34,527.23
2022-03-31 09:25:39,544.4709459307642
2022-03-31 09:25:44,544.4472374446407
2022-03-31 09:25:49,527.36
2022-03-31 09:25:54,544.3998204723939
2022-03-31 09:25:59,527.43
2022-03-31 09:26:04,527.46
2022-03-31 09:26:09,527.46
2022-03-31 09:26:14,527.52
2022-03-31 09:26:19,544.281278041777
2022-03-31 09:26:24,527.72
2022-03-31 09:26:29,527.72
2022-03-31 09:26:34,527.81
2022-03-31 09:26:39,527.81
2022-03-31 09:26:44,544.1627356111599
2022-03-31 09:26:49,544.1390271250366
2022-03-31 09:26:54,544.1153186389131
2022-03-31 09:26:59,544.0916101527896
2022-03-31 09:27:04,528.23
2022-03-31 09:27:09,528.26
2022-03-31 09:27:14,528.39
2022-03-31 09:27:19,543.9967762082962
2022-03-31 09:27:24,528.56
2022-03-31 09:27:29,528.62
2022-03-31 09:27:34,543.9256507499259
2022-03-31 09:27:39,528.78
2022-03-31 09:27:44,543.8782337776789
2022-03-31 09:27:49,543.8545252915557
2022-03-31 09:27:54,543.8308168054322
2022-03-31 09:27:59,529.14
2022-03-31 09:28:04,529.2
2022-03-31 09:28:09,529.2
2022-03-31 09:28:14,529.3
2022-03-31 09:28:19,529.43
2022-03-31 09:28:24,529.53
2022-03-31 09:28:29,529.59
2022-03-31 09:28:34,529.66
2022-03-31 09:28:39,543.6174404303215
2022-03-31 09:28:44,543.5937319441981
2022-03-31 09:28:49,529.94
2022-03-31 09:28:54,530.01
2022-03-31 09:28:59,530.04
2022-03-31 09:29:04,530.11
2022-03-31 09:29:09,530.17
2022-03-31 09:29:14,543.4514810274576
2022-03-31 09:29:19,530.3
2022-03-31 09:29:24,530.33
2022-03-31 09:29:29,530.4
2022-03-31 09:29:34,530.4
2022-03-31 09:29:39,530.46
2022-03-31 09:29:44,530.46
2022-03-31 09:29:49,530.46
2022-03-31 09:29:54,530.56
2022-03-31 09:29:59,530.53
2022-03-31 09:30:04,543.2143961662235
2022-03-31 09:30:09,530.53
2022-03-31 09:30:14,530.56
2022-03-31 09:30:19,530.62
2022-03-31 09:30:24,530.62
2022-03-31 09:30:29,530.62
2022-03-31 09:30:34,543.072145249483
2022-03-31 09:30:39,530.68
2022-03-31 09:30:44,543.0247282772364
2022-03-31 09:30:49,543.0010197911129
2022-03-31 09:30:54,530.75
2022-03-31 09:30:59,542.9536028188661
2022-03-31 09:31:04,542.9298943327426
2022-03-31 09:31:09,542.9061858466193
2022-03-31 09:31:14,530.81
2022-03-31 09:31:19,530.85
2022-03-31 09:31:24,530.81
2022-03-31 09:31:29,530.85
2022-03-31 09:31:34,530.85
2022-03-31 09:31:39,542.7639349298789
2022-03-31 09:31:44,530.91
2022-03-31 09:31:49,530.91
2022-03-31 09:31:54,530.9
2022-03-31 09:31:59,530.91
2022-03-31 09:32:04,530.9
2022-03-31 09:32:09,530.84
2022-03-31 09:32:14,530.91
2022-03-31 09:32:19,530.9
2022-03-31 09:32:24,530.97
2022-03-31 09:32:29,530.9
2022-03-31 09:32:34,530.9
2022-03-31 09:32:39,530.9
2022-03-31 09:32:44,530.97
2022-03-31 09:32:49,530.97
2022-03-31 09:32:54,531.03
2022-03-31 09:32:59,530.97
2022-03-31 09:33:04,542.3608906657809
2022-03-31 09:33:09,531.03
2022-03-31 09:33:14,531.03
2022-03-31 09:33:19,531.03
2022-03-31 09:33:24,531.06
2022-03-31 09:33:29,542.242348235164
2022-03-31 09:33:34,542.2186397490404
2022-03-31 09:33:39,531.12
2022-03-31 09:33:44,531.19
2022-03-31 09:33:49,542.1475142906702
2022-03-31 09:33:54,542.1238058045467
2022-03-31 09:33:59,542.1000973184234
2022-03-31 09:34:04,542.0763888323
2022-03-31 09:34:09,531.31
2022-03-31 09:34:14,531.31
2022-03-31 09:34:19,542.0052633739298
2022-03-31 09:34:24,531.35
2022-03-31 09:34:29,531.35
2022-03-31 09:34:34,531.41
2022-03-31 09:34:39,531.41
2022-03-31 09:34:44,531.41
2022-03-31 09:34:49,541.8630124571894
2022-03-31 09:34:54,531.47
2022-03-31 09:34:59,531.54
2022-03-31 09:35:04,531.54
2022-03-31 09:35:09,531.54
2022-03-31 09:35:14,531.57
2022-03-31 09:35:19,531.54
2022-03-31 09:35:24,531.57
2022-03-31 09:35:29,531.63
2022-03-31 09:35:34,531.57
2022-03-31 09:35:39,541.7436688277138
2022-03-31 09:35:44,531.64
2022-03-31 09:35:49,531.7
2022-03-31 09:35:54,541.7293213839035
2022-03-31 09:35:59,531.7
2022-03-31 09:36:04,541.7197564213633
2022-03-31 09:36:09,531.7
2022-03-31 09:36:14,531.76
2022-03-31 09:36:19,531.83
2022-03-31 09:36:24,541.7006264962828
2022-03-31 09:36:29,531.83
2022-03-31 09:36:34,541.6910615337425
2022-03-31 09:36:39,531.87
2022-03-31 09:36:44,531.87
2022-03-31 09:36:49,531.93
2022-03-31 09:36:54,532.0
2022-03-31 09:36:59,541.6671491273919
2022-03-31 09:37:04,541.6623666461219
2022-03-31 09:37:09,532.06
2022-03-31 09:37:14,532.1
2022-03-31 09:37:19,541.6480192023115
2022-03-31 09:37:24,532.22
2022-03-31 09:37:29,541.6384542397712
2022-03-31 09:37:34,541.6336717585011
2022-03-31 09:37:39,532.29
2022-03-31 09:37:44,541.6241067959609
2022-03-31 09:37:49,532.35
2022-03-31 09:37:54,532.35
2022-03-31 09:37:59,532.39
2022-03-31 09:38:04,532.36
2022-03-31 09:38:09,532.39
2022-03-31 09:38:14,532.35
2022-03-31 09:38:19,532.39
2022-03-31 09:38:24,541.5858469457999
2022-03-31 09:38:29,541.5810644645297
2022-03-31 09:38:34,532.39
2022-03-31 09:38:39,541.5714995019896
2022-03-31 09:38:44,532.39
2022-03-31 09:38:49,532.39
2022-03-31 09:38:54,532.45
2022-03-31 09:38:59,532.45
2022-03-31 09:39:04,532.45
2022-03-31 09:39:09,541.5428046143688
2022-03-31 09:39:14,532.45
2022-03-31 09:39:19,541.5332396518286
2022-03-31 09:39:24,541.5284571705585
2022-03-31 09:39:29,541.5236746892883
2022-03-31 09:39:34,532.51
2022-03-31 09:39:39,532.51
2022-03-31 09:39:44,532.51
2022-03-31 09:39:49,532.51
2022-03-31 09:39:54,532.51
2022-03-31 09:39:59,532.51
2022-03-31 09:40:04,532.51
2022-03-31 09:40:09,541.4854148391274
2022-03-31 09:40:14,532.51
2022-03-31 09:40:19,532.58
2022-03-31 09:40:24,532.51
2022-03-31 09:40:29,532.51
2022-03-31 09:40:34,541.4615024327768
2022-03-31 09:40:39,532.58
2022-03-31 09:40:44,541.4519374702365
2022-03-31 09:40:49,532.58
2022-03-31 09:40:54,541.4423725076963
2022-03-31 09:40:59,532.58
2022-03-31 09:41:04,532.57
2022-03-31 09:41:09,532.61
2022-03-31 09:41:14,532.57
2022-03-31 09:41:19,541.4184601013457
2022-03-31 09:41:24,541.4136776200755
2022-03-31 09:41:29,532.58
2022-03-31 09:41:34,532.6
2022-03-31 09:41:39,541.3993301762653
2022-03-31 09:41:44,532.6
2022-03-31 09:41:49,532.57
2022-03-31 09:41:54,532.6
2022-03-31 09:41:59,532.6
2022-03-31 09:42:04,532.6
2022-03-31 09:42:09,532.67
2022-03-31 09:42:14,532.67
2022-03-31 09:42:19,532.67
2022-03-31 09:42:24,541.3562878448341
2022-03-31 09:42:29,532.73
2022-03-31 09:42:34,532.73
2022-03-31 09:42:39,532.73
2022-03-31 09:42:44,532.73
2022-03-31 09:42:49,532.73
2022-03-31 09:42:54,541.3275929572135
2022-03-31 09:42:59,532.79
2022-03-31 09:43:04,532.72
2022-03-31 09:43:09,532.79
2022-03-31 09:43:14,532.72
2022-03-31 09:43:19,532.72
2022-03-31 09:43:24,532.79
2022-03-31 09:43:29,541.2941155883226
2022-03-31 09:43:34,541.2893331070525
2022-03-31 09:43:39,532.79
2022-03-31 09:43:44,532.79
2022-03-31 09:43:49,532.79
2022-03-31 09:43:54,532.79
2022-03-31 09:43:59,541.2654207007018
2022-03-31 09:44:04,532.79
2022-03-31 09:44:09,532.79
2022-03-31 09:44:14,532.79
2022-03-31 09:44:19,532.79
2022-03-31 09:44:24,532.79
2022-03-31 09:44:29,532.79
2022-03-31 09:44:34,532.85
2022-03-31 09:44:39,541.2271608505409
2022-03-31 09:44:44,532.79
2022-03-31 09:44:49,532.79
2022-03-31 09:44:54,532.79
2022-03-31 09:44:59,532.79
2022-03-31 09:45:04,541.2032484441903
2022-03-31 09:45:09,532.79
2022-03-31 09:45:14,541.19368348165
2022-03-31 09:45:19,532.72
2022-03-31 09:45:24,532.73
2022-03-31 09:45:29,532.66
2022-03-31 09:45:34,532.66
2022-03-31 09:45:39,532.66
2022-03-31 09:45:44,532.67
2022-03-31 09:45:49,532.73
2022-03-31 09:45:54,532.67
2022-03-31 09:45:59,532.73
2022-03-31 09:46:04,532.67
2022-03-31 09:46:09,532.67
2022-03-31 09:46:14,541.1362937064087
2022-03-31 09:46:19,532.67
2022-03-31 09:46:24,541.1267287438684
2022-03-31 09:46:29,532.67
2022-03-31 09:46:34,532.73
2022-03-31 09:46:39,541.112381300058
2022-03-31 09:46:44,541.1075988187879
2022-03-31 09:46:49,532.67
2022-03-31 09:46:54,532.67
2022-03-31 09:46:59,541.0932513749775
2022-03-31 09:47:04,541.0884688937074
2022-03-31 09:47:09,532.67
2022-03-31 09:47:14,532.6
2022-03-31 09:47:19,532.57
2022-03-31 09:47:24,541.0693389686269
2022-03-31 09:47:29,532.58
2022-03-31 09:47:34,532.61
2022-03-31 09:47:39,532.58
2022-03-31 09:47:44,541.0502090435465
2022-03-31 09:47:49,532.58
2022-03-31 09:47:54,532.51
2022-03-31 09:47:59,541.0358615997361
2022-03-31 09:48:04,532.44
2022-03-31 09:48:09,541.0262966371959
2022-03-31 09:48:14,532.38
2022-03-31 09:48:19,541.0167316746556
2022-03-31 09:48:24,541.0119491933855
2022-03-31 09:48:29,532.35
2022-03-31 09:48:34,532.35
2022-03-31 09:48:39,532.28
2022-03-31 09:48:44,540.9928192683051
2022-03-31 09:48:49,532.22
2022-03-31 09:48:54,532.22
2022-03-31 09:48:59,532.22
2022-03-31 09:49:04,540.9736893432246
2022-03-31 09:49:09,532.09
2022-03-31 09:49:14,532.09
2022-03-31 09:49:19,532.05
2022-03-31 09:49:24,531.99
2022-03-31 09:49:29,531.99
2022-03-31 09:49:34,531.93
2022-03-31 09:49:39,531.93
2022-03-31 09:49:44,540.7285180540734
2022-03-31 09:49:49,540.6901592802265
2022-03-31 09:49:54,531.83
2022-03-31 09:49:59,531.83
2022-03-31 09:50:04,540.5750829586862
2022-03-31 09:50:09,540.5367241848393
2022-03-31 09:50:14,531.7
2022-03-31 09:50:19,531.63
2022-03-31 09:50:24,540.421647863299
2022-03-31 09:50:29,531.7
2022-03-31 09:50:34,531.57
2022-03-31 09:50:39,531.57
2022-03-31 09:50:44,540.2682127679117
2022-03-31 09:50:49,531.57
2022-03-31 09:50:54,531.57
2022-03-31 09:50:59,531.57
2022-03-31 09:51:04,531.57
2022-03-31 09:51:09,531.63
2022-03-31 09:51:14,531.57
2022-03-31 09:51:19,539.9997013509844
2022-03-31 09:51:24,531.57
2022-03-31 09:51:29,531.57
2022-03-31 09:51:34,531.57
2022-03-31 09:51:39,531.56
2022-03-31 09:51:44,531.63
2022-03-31 09:51:49,531.56
2022-03-31 09:51:54,531.63
2022-03-31 09:51:59,531.63
2022-03-31 09:52:04,531.69
2022-03-31 09:52:09,531.62
2022-03-31 09:52:14,531.62
2022-03-31 09:52:19,539.5393960648231
2022-03-31 09:52:24,539.5010372909762
2022-03-31 09:52:29,531.76
2022-03-31 09:52:34,539.4243197432827
2022-03-31 09:52:39,531.85
2022-03-31 09:52:44,539.3476021955889
2022-03-31 09:52:49,531.91
2022-03-31 09:52:54,531.91
2022-03-31 09:52:59,531.98
2022-03-31 09:53:04,539.1941671002021
2022-03-31 09:53:09,532.05
2022-03-31 09:53:14,532.08
2022-03-31 09:53:19,532.14
2022-03-31 09:53:24,539.0407320048148
2022-03-31 09:53:29,532.14
2022-03-31 09:53:34,538.9640144571214
2022-03-31 09:53:39,532.27
2022-03-31 09:53:44,532.28
2022-03-31 09:53:49,532.37
2022-03-31 09:53:54,532.37
2022-03-31 09:53:59,532.37
2022-03-31 09:54:04,532.44
2022-03-31 09:54:09,538.6955030401938
2022-03-31 09:54:14,532.57
2022-03-31 09:54:19,538.6187854924999
2022-03-31 09:54:24,532.6
2022-03-31 09:54:29,532.67
2022-03-31 09:54:34,532.73
2022-03-31 09:54:39,532.73
2022-03-31 09:54:44,532.86
2022-03-31 09:54:49,532.86
2022-03-31 09:54:54,538.3502740755728
2022-03-31 09:54:59,532.89
2022-03-31 09:55:04,532.96
2022-03-31 09:55:09,533.09
2022-03-31 09:55:14,533.12
2022-03-31 09:55:19,533.19
2022-03-31 09:55:24,538.120121432492
2022-03-31 09:55:29,533.31
2022-03-31 09:55:34,533.32
2022-03-31 09:55:39,533.48
2022-03-31 09:55:44,537.9666863371048
2022-03-31 09:55:49,533.61
2022-03-31 09:55:54,533.61
2022-03-31 09:55:59,533.64
2022-03-31 09:56:04,533.77
2022-03-31 09:56:09,533.83
2022-03-31 09:56:14,533.9
2022-03-31 09:56:19,533.93
2022-03-31 09:56:24,534.0
2022-03-31 09:56:29,537.6214573724837
2022-03-31 09:56:34,537.5830985986369
2022-03-31 09:56:39,534.16
2022-03-31 09:56:44,534.22
2022-03-31 09:56:49,537.4680222770966
2022-03-31 09:56:54,534.35
2022-03-31 09:56:59,534.42
2022-03-31 09:57:04,537.3529459555562
2022-03-31 09:57:09,534.58
2022-03-31 09:57:14,537.2762284078627
2022-03-31 09:57:19,534.64
2022-03-31 09:57:24,534.74
2022-03-31 09:57:29,534.8
2022-03-31 09:57:34,534.87
2022-03-31 09:57:39,534.93
2022-03-31 09:57:44,534.96
2022-03-31 09:57:49,537.0077169909351
2022-03-31 09:57:54,535.16
2022-03-31 09:57:59,535.16
2022-03-31 09:58:04,536.8926406693948
2022-03-31 09:58:09,536.8542818955483
2022-03-31 09:58:14,535.38
2022-03-31 09:58:19,535.44
2022-03-31 09:58:24,535.54
2022-03-31 09:58:29,536.700846800161
2022-03-31 09:58:34,536.6624880263141
2022-03-31 09:58:39,535.77
2022-03-31 09:58:44,535.77
2022-03-31 09:58:49,535.83
2022-03-31 09:58:54,535.96
2022-03-31 09:58:59,535.96
2022-03-31 09:59:04,536.06
2022-03-31 09:59:09,536.3939766093865
2022-03-31 09:59:14,536.35561783554
2022-03-31 09:59:19,536.18
2022-03-31 09:59:24,536.2789002878462
2022-03-31 09:59:29,536.28
2022-03-31 09:59:34,536.2021827401528
2022-03-31 09:59:39,536.41
2022-03-31 09:59:44,536.41
2022-03-31 09:59:49,536.51
2022-03-31 09:59:54,536.57
2022-03-31 09:59:59,536.63
2022-03-31 10:00:04,536.7
2022-03-31 10:00:09,536.73
2022-03-31 10:00:14,536.73
2022-03-31 10:00:19,535.8569537755318
2022-03-31 10:00:24,536.86
2022-03-31 10:00:29,536.86
2022-03-31 10:00:34,536.92
2022-03-31 10:00:39,536.99
2022-03-31 10:00:44,537.02
2022-03-31 10:00:49,537.02
2022-03-31 10:00:54,535.5884423586042
2022-03-31 10:00:59,535.5500835847577
2022-03-31 10:01:04,537.15
2022-03-31 10:01:09,537.21
2022-03-31 10:01:14,535.4350072632172
2022-03-31 10:01:19,535.3966484893704
2022-03-31 10:01:24,537.24
2022-03-31 10:01:29,537.24
2022-03-31 10:01:34,537.24
2022-03-31 10:01:39,537.24
2022-03-31 10:01:44,537.25
2022-03-31 10:01:49,535.1664958462896
2022-03-31 10:01:54,535.1281370724428
2022-03-31 10:01:59,537.37
2022-03-31 10:02:04,537.38
2022-03-31 10:02:09,537.38
2022-03-31 10:02:14,537.44
2022-03-31 10:02:19,537.44
2022-03-31 10:02:24,534.897984429362
2022-03-31 10:02:29,537.44
2022-03-31 10:02:34,537.44
2022-03-31 10:02:39,537.44
2022-03-31 10:02:44,534.7445493339752
2022-03-31 10:02:49,537.44
2022-03-31 10:02:54,534.6678317862813
2022-03-31 10:02:59,537.44
2022-03-31 10:03:04,537.38
2022-03-31 10:03:09,537.45
2022-03-31 10:03:14,537.51
2022-03-31 10:03:19,537.45
2022-03-31 10:03:24,537.45
2022-03-31 10:03:29,537.51
2022-03-31 10:03:34,534.6684342549653
2022-03-31 10:03:39,534.7291413884219
2022-03-31 10:03:44,534.7898485218786
2022-03-31 10:03:49,534.8505556553347
2022-03-31 10:03:54,537.39
2022-03-31 10:03:59,534.9719699222479
2022-03-31 10:04:04,537.39
2022-03-31 10:04:09,537.39
2022-03-31 10:04:14,537.39
2022-03-31 10:04:19,537.32
2022-03-31 10:04:24,535.27550558953
2022-03-31 10:04:29,537.33
2022-03-31 10:04:34,535.3969198564428
2022-03-31 10:04:39,535.4576269898994
2022-03-31 10:04:44,535.518334123356
2022-03-31 10:04:49,537.27
2022-03-31 10:04:54,535.6397483902688
2022-03-31 10:04:59,535.7004555237254
2022-03-31 10:05:04,537.24
2022-03-31 10:05:09,535.8218697906381
2022-03-31 10:05:14,537.24
2022-03-31 10:05:19,537.17
2022-03-31 10:05:24,536.0039911910075
2022-03-31 10:05:29,537.17
2022-03-31 10:05:34,537.18
2022-03-31 10:05:39,536.1861125913769
2022-03-31 10:05:44,537.11
2022-03-31 10:05:49,537.11
2022-03-31 10:05:54,536.3682339917461
2022-03-31 10:05:59,536.4289411252028
2022-03-31 10:06:04,537.05
2022-03-31 10:06:09,537.05
2022-03-31 10:06:14,537.05
2022-03-31 10:06:19,536.95
2022-03-31 10:06:24,536.7324767924849
2022-03-31 10:06:29,536.7931839259415
2022-03-31 10:06:34,537.02
2022-03-31 10:06:39,536.9145981928542
2022-03-31 10:06:44,536.9753053263108
2022-03-31 10:06:49,536.95
2022-03-31 10:06:54,537.0967195932236
2022-03-31 10:06:59,537.1574267266802
2022-03-31 10:07:04,537.2181338601363
2022-03-31 10:07:09,537.2788409935929
2022-03-31 10:07:14,536.95
2022-03-31 10:07:19,536.95
2022-03-31 10:07:24,536.95
2022-03-31 10:07:29,536.95
2022-03-31 10:07:34,536.95
2022-03-31 10:07:39,536.89
2022-03-31 10:07:44,536.89
2022-03-31 10:07:49,537.7644980612449
2022-03-31 10:07:54,537.825205194701
2022-03-31 10:07:59,537.8859123281577
2022-03-31 10:08:04,537.9466194616143
2022-03-31 10:08:09,538.0073265950704
2022-03-31 10:08:14,538.068033728527
2022-03-31 10:08:19,536.83
2022-03-31 10:08:24,536.83
2022-03-31 10:08:29,536.83
2022-03-31 10:08:34,536.83
2022-03-31 10:08:39,538.371569395809
2022-03-31 10:08:44,536.83
2022-03-31 10:08:49,538.4929836627224
2022-03-31 10:08:54,536.83
2022-03-31 10:08:59,536.76
2022-03-31 10:09:04,536.76
2022-03-31 10:09:09,536.76
2022-03-31 10:09:14,536.73
2022-03-31 10:09:19,536.76
2022-03-31 10:09:24,536.73
2022-03-31 10:09:29,536.73
2022-03-31 10:09:34,536.73
2022-03-31 10:09:39,539.1000549972865
2022-03-31 10:09:44,539.1607621307431
2022-03-31 10:09:49,539.2214692641998
2022-03-31 10:09:54,536.73
2022-03-31 10:09:59,536.66
2022-03-31 10:10:04,536.73
2022-03-31 10:10:09,536.66
2022-03-31 10:10:14,536.67
2022-03-31 10:10:19,536.67
2022-03-31 10:10:24,536.6
2022-03-31 10:10:29,536.6
2022-03-31 10:10:34,536.6
2022-03-31 10:10:39,536.6
2022-03-31 10:10:44,539.8892477322206
2022-03-31 10:10:49,539.9499548656772
2022-03-31 10:10:54,536.54
2022-03-31 10:10:59,536.54
2022-03-31 10:11:04,536.54
2022-03-31 10:11:09,536.51
2022-03-31 10:11:14,536.51
2022-03-31 10:11:19,536.51
2022-03-31 10:11:24,536.51
2022-03-31 10:11:29,540.4356119333287
2022-03-31 10:11:34,540.4963190667853
2022-03-31 10:11:39,540.5570262002419
2022-03-31 10:11:44,540.617733333698
2022-03-31 10:11:49,536.38
2022-03-31 10:11:54,536.38
2022-03-31 10:11:59,540.7998547340674
2022-03-31 10:12:04,536.32
2022-03-31 10:12:09,540.9212690009807
2022-03-31 10:12:14,536.26
2022-03-31 10:12:19,541.0426832678934
2022-03-31 10:12:24,536.26
2022-03-31 10:12:29,536.26
2022-03-31 10:12:34,536.23
2022-03-31 10:12:39,541.2855118017194
2022-03-31 10:12:44,536.16
2022-03-31 10:12:49,536.17
2022-03-31 10:12:54,536.17
2022-03-31 10:12:59,536.17
2022-03-31 10:13:04,536.1
2022-03-31 10:13:09,536.1
2022-03-31 10:13:14,536.1
2022-03-31 10:13:19,536.11
2022-03-31 10:13:24,541.8318760028275
2022-03-31 10:13:29,536.04
2022-03-31 10:13:34,536.11
2022-03-31 10:13:39,536.11
2022-03-31 10:13:44,536.04
2022-03-31 10:13:49,536.05
2022-03-31 10:13:54,542.1961188035662
2022-03-31 10:13:59,542.2568259370222
2022-03-31 10:14:04,542.3175330704789
2022-03-31 10:14:09,536.02
2022-03-31 10:14:14,536.05
2022-03-31 10:14:19,536.05
2022-03-31 10:14:24,536.05
2022-03-31 10:14:29,536.05
2022-03-31 10:14:34,536.02
2022-03-31 10:14:39,542.7424830046742
2022-03-31 10:14:44,536.05
2022-03-31 10:14:49,536.05
2022-03-31 10:14:54,542.9246044050436
2022-03-31 10:14:59,542.9853115384997
2022-03-31 10:15:04,536.02
2022-03-31 10:15:09,536.02
2022-03-31 10:15:14,543.167432938869
2022-03-31 10:15:19,536.02
2022-03-31 10:15:24,536.02
2022-03-31 10:15:29,535.95
2022-03-31 10:15:34,536.02
2022-03-31 10:15:39,536.02
2022-03-31 10:15:44,536.02
2022-03-31 10:15:49,536.05
2022-03-31 10:15:54,536.02
2022-03-31 10:15:59,536.02
2022-03-31 10:16:04,536.02
2022-03-31 10:16:09,536.05
2022-03-31 10:16:14,543.895918540347
2022-03-31 10:16:19,536.05
2022-03-31 10:16:24,544.0173328072598
2022-03-31 10:16:29,536.05
2022-03-31 10:16:34,544.1387470741724
2022-03-31 10:16:39,544.1994542076291
2022-03-31 10:16:44,536.05
2022-03-31 10:16:49,536.05
2022-03-31 10:16:54,544.3815756079985
2022-03-31 10:16:59,544.4422827414551
2022-03-31 10:17:04,544.5029898749111
2022-03-31 10:17:09,536.05
2022-03-31 10:17:14,544.6244041418245
2022-03-31 10:17:19,544.6851112752805
2022-03-31 10:17:24,544.7429452603734
2022-03-31 10:17:29,536.11
2022-03-31 10:17:34,536.05
2022-03-31 10:17:39,544.7335650763233
2022-03-31 10:17:44,544.7304383483066
2022-03-31 10:17:49,536.05
2022-03-31 10:17:54,544.7241848922732
2022-03-31 10:17:59,536.05
2022-03-31 10:18:04,544.71793143624
2022-03-31 10:18:09,536.11
2022-03-31 10:18:14,544.7116779802066
2022-03-31 10:18:19,536.11
2022-03-31 10:18:24,536.11
2022-03-31 10:18:29,536.11
2022-03-31 10:18:34,544.6991710681398
2022-03-31 10:18:39,536.17
2022-03-31 10:18:44,536.11
2022-03-31 10:18:49,536.11
2022-03-31 10:18:54,536.17
2022-03-31 10:18:59,536.17
2022-03-31 10:19:04,536.17
2022-03-31 10:19:09,544.677283972023
2022-03-31 10:19:14,536.17
2022-03-31 10:19:19,544.6710305159896
2022-03-31 10:19:24,544.6679037879729
2022-03-31 10:19:29,536.27
2022-03-31 10:19:34,536.24
2022-03-31 10:19:39,536.24
2022-03-31 10:19:44,536.27
2022-03-31 10:19:49,536.27
2022-03-31 10:19:54,544.6491434198729
2022-03-31 10:19:59,536.27
2022-03-31 10:20:04,536.24
2022-03-31 10:20:09,536.27
2022-03-31 10:20:14,544.6366365078061
2022-03-31 10:20:19,536.24
2022-03-31 10:20:24,536.24
2022-03-31 10:20:29,536.24
2022-03-31 10:20:34,536.24
2022-03-31 10:20:39,536.24
2022-03-31 10:20:44,544.617876139706
2022-03-31 10:20:49,536.24
2022-03-31 10:20:54,544.6116226836726
2022-03-31 10:20:59,536.18
2022-03-31 10:21:04,536.18
2022-03-31 10:21:09,536.18
2022-03-31 10:21:14,544.599115771606
2022-03-31 10:21:19,536.18
2022-03-31 10:21:24,536.18
2022-03-31 10:21:29,544.5897355875559
2022-03-31 10:21:34,536.12
2022-03-31 10:21:39,536.12
2022-03-31 10:21:44,544.5803554035058
2022-03-31 10:21:49,536.12
2022-03-31 10:21:54,536.19
2022-03-31 10:21:59,536.12
2022-03-31 10:22:04,544.5678484914391
2022-03-31 10:22:09,536.06
2022-03-31 10:22:14,544.5615950354057
2022-03-31 10:22:19,536.06
2022-03-31 10:22:24,544.5553415793723
2022-03-31 10:22:29,544.5522148513556
2022-03-31 10:22:34,536.03
2022-03-31 10:22:39,535.96
2022-03-31 10:22:44,535.96
2022-03-31 10:22:49,544.539707939289
2022-03-31 10:22:54,535.9
2022-03-31 10:22:59,544.5334544832556
2022-03-31 10:23:04,535.84
2022-03-31 10:23:09,535.84
2022-03-31 10:23:14,535.77
2022-03-31 10:23:19,535.77
2022-03-31 10:23:24,535.74
2022-03-31 10:23:29,544.5146941151555
2022-03-31 10:23:34,544.5115673871388
2022-03-31 10:23:39,535.61
2022-03-31 10:23:44,535.61
2022-03-31 10:23:49,544.5021872030887
2022-03-31 10:23:54,535.55
2022-03-31 10:23:59,535.52
2022-03-31 10:24:04,535.52
2022-03-31 10:24:09,535.45
2022-03-31 10:24:14,544.4865535630054
2022-03-31 10:24:19,535.38
2022-03-31 10:24:24,535.32
2022-03-31 10:24:29,535.32
2022-03-31 10:24:34,535.26
2022-03-31 10:24:39,544.4709199229219
2022-03-31 10:24:44,544.4677931949052
2022-03-31 10:24:49,535.16
2022-03-31 10:24:54,535.1
2022-03-31 10:24:59,535.09
2022-03-31 10:25:04,544.4552862828385
2022-03-31 10:25:09,544.4521595548218
2022-03-31 10:25:14,535.0
2022-03-31 10:25:19,534.87
2022-03-31 10:25:24,544.4427793707717
2022-03-31 10:25:29,534.8
2022-03-31 10:25:34,534.74
2022-03-31 10:25:39,534.71
2022-03-31 10:25:44,534.64
2022-03-31 10:25:49,544.4271457306884
2022-03-31 10:25:54,534.52
2022-03-31 10:25:59,534.48
2022-03-31 10:26:04,534.35
2022-03-31 10:26:09,544.4146388186216
2022-03-31 10:26:14,534.29
2022-03-31 10:26:19,544.4083853625882
2022-03-31 10:26:24,544.4052586345715
2022-03-31 10:26:29,544.4021319065549
2022-03-31 10:26:34,534.12
2022-03-31 10:26:39,534.06
2022-03-31 10:26:44,533.99
2022-03-31 10:26:49,533.96
2022-03-31 10:26:54,533.96
2022-03-31 10:26:59,533.9
2022-03-31 10:27:04,544.3802448104381
2022-03-31 10:27:09,533.77
2022-03-31 10:27:14,533.77
2022-03-31 10:27:19,533.7
2022-03-31 10:27:24,533.7
2022-03-31 10:27:29,533.6
2022-03-31 10:27:34,533.6
2022-03-31 10:27:39,544.3583577143213
2022-03-31 10:27:44,544.3552309863046
2022-03-31 10:27:49,533.48
2022-03-31 10:27:54,533.47
2022-03-31 10:27:59,533.44
2022-03-31 10:28:04,533.44
2022-03-31 10:28:09,544.3395973462212
2022-03-31 10:28:14,533.44
2022-03-31 10:28:19,533.37
2022-03-31 10:28:24,544.3302171621712
2022-03-31 10:28:29,544.3270904341545
2022-03-31 10:28:34,533.31
2022-03-31 10:28:39,533.25
2022-03-31 10:28:44,533.25
2022-03-31 10:28:49,533.25
2022-03-31 10:28:54,533.25
2022-03-31 10:28:59,533.25
2022-03-31 10:29:04,544.3052033380377
2022-03-31 10:29:09,544.302076610021
2022-03-31 10:29:14,533.25
2022-03-31 10:29:19,533.25
2022-03-31 10:29:24,533.19
2022-03-31 10:29:29,544.2895696979542
2022-03-31 10:29:34,533.19
2022-03-31 10:29:39,533.19
2022-03-31 10:29:44,533.19
2022-03-31 10:29:49,544.2770627858876
2022-03-31 10:29:54,544.2739360578709
2022-03-31 10:29:59,533.19
2022-03-31 10:30:04,544.2676826018375
2022-03-31 10:30:09,544.2645558738208
2022-03-31 10:30:14,544.2614291458041
2022-03-31 10:30:19,533.32
2022-03-31 10:30:24,544.2551756897708
2022-03-31 10:30:29,533.32
2022-03-31 10:30:34,544.2489222337374
2022-03-31 10:30:39,533.32
2022-03-31 10:30:44,544.242668777704
2022-03-31 10:30:49,544.2395420496873
2022-03-31 10:30:54,544.2364153216706
2022-03-31 10:30:59,533.46
2022-03-31 10:31:04,533.49
2022-03-31 10:31:09,544.2270351376206
2022-03-31 10:31:14,533.62
2022-03-31 10:31:19,533.62
2022-03-31 10:31:24,544.2176549535706
2022-03-31 10:31:29,544.2145282255539
2022-03-31 10:31:34,533.78
2022-03-31 10:31:39,533.78
2022-03-31 10:31:44,544.213067802684
2022-03-31 10:31:49,533.91
2022-03-31 10:31:54,533.97
2022-03-31 10:31:59,533.98
2022-03-31 10:32:04,544.2111690110971
2022-03-31 10:32:09,544.2106943132003
2022-03-31 10:32:14,534.14
2022-03-31 10:32:19,534.14
2022-03-31 10:32:24,534.23
2022-03-31 10:32:29,534.23
2022-03-31 10:32:34,534.3
2022-03-31 10:32:39,534.36
2022-03-31 10:32:44,534.43
2022-03-31 10:32:49,534.49
2022-03-31 10:32:54,534.52
2022-03-31 10:32:59,534.59
2022-03-31 10:33:04,534.65
2022-03-31 10:33:09,534.72
2022-03-31 10:33:14,534.75
2022-03-31 10:33:19,534.81
2022-03-31 10:33:24,534.88
2022-03-31 10:33:29,544.2030991468528
2022-03-31 10:33:34,544.202624448956
2022-03-31 10:33:39,535.1
2022-03-31 10:33:44,535.17
2022-03-31 10:33:49,535.26
2022-03-31 10:33:54,544.200725657369
2022-03-31 10:33:59,535.46
2022-03-31 10:34:04,535.46
2022-03-31 10:34:09,535.62
2022-03-31 10:34:14,544.1988268657822
2022-03-31 10:34:19,535.78
2022-03-31 10:34:24,535.9
2022-03-31 10:34:29,536.03
2022-03-31 10:34:34,544.1969280741953
2022-03-31 10:34:39,544.1964533762986
2022-03-31 10:34:44,536.29
2022-03-31 10:34:49,536.41
2022-03-31 10:34:54,544.1950292826084
2022-03-31 10:34:59,536.58
2022-03-31 10:35:04,536.77
2022-03-31 10:35:09,544.1936051889182
2022-03-31 10:35:14,536.93
2022-03-31 10:35:19,536.99
2022-03-31 10:35:24,537.16
2022-03-31 10:35:29,544.1917063973312
2022-03-31 10:35:34,537.32
2022-03-31 10:35:39,544.1907570015378
2022-03-31 10:35:44,537.51
2022-03-31 10:35:49,537.57
2022-03-31 10:35:54,537.73
2022-03-31 10:35:59,544.1888582099509
2022-03-31 10:36:04,537.89
2022-03-31 10:36:09,538.02
2022-03-31 10:36:14,538.11
2022-03-31 10:36:19,544.186959418364
2022-03-31 10:36:24,538.34
2022-03-31 10:36:29,538.4
2022-03-31 10:36:34,544.1855353246739
2022-03-31 10:36:39,538.6
2022-03-31 10:36:44,538.69
2022-03-31 10:36:49,544.1841112309837
2022-03-31 10:36:54,538.91
2022-03-31 10:36:59,544.1831618351902
2022-03-31 10:37:04,539.14
2022-03-31 10:37:09,539.2
2022-03-31 10:37:14,539.26
2022-03-31 10:37:19,539.36
2022-03-31 10:37:24,539.43
2022-03-31 10:37:29,539.56
2022-03-31 10:37:34,544.1798389499131
2022-03-31 10:37:39,544.1793642520164
2022-03-31 10:37:44,539.72
2022-03-31 10:37:49,539.85
2022-03-31 10:37:54,539.88
2022-03-31 10:37:59,544.1774654604295
2022-03-31 10:38:04,544.1769907625328
2022-03-31 10:38:09,540.14
2022-03-31 10:38:14,540.23
2022-03-31 10:38:19,540.3
2022-03-31 10:38:24,540.36
2022-03-31 10:38:29,540.36
2022-03-31 10:38:34,540.4
2022-03-31 10:38:39,540.59
2022-03-31 10:38:44,540.65
2022-03-31 10:38:49,540.69
2022-03-31 10:38:54,540.75
2022-03-31 10:38:59,540.82
2022-03-31 10:39:04,540.91
2022-03-31 10:39:09,540.91
2022-03-31 10:39:14,541.04
2022-03-31 10:39:19,544.1698702940819
2022-03-31 10:39:24,541.17
2022-03-31 10:39:29,541.21
2022-03-31 10:39:34,544.1684462003917
2022-03-31 10:39:39,541.33
2022-03-31 10:39:44,541.34
2022-03-31 10:39:49,541.4
2022-03-31 10:39:54,541.43
2022-03-31 10:39:59,541.43
2022-03-31 10:40:04,541.56
2022-03-31 10:40:09,544.1651233151146
2022-03-31 10:40:14,544.1646486172178
2022-03-31 10:40:19,544.1641739193211
2022-03-31 10:40:24,544.1636992214244
2022-03-31 10:40:29,541.72
2022-03-31 10:40:34,541.85
2022-03-31 10:40:39,544.1622751277342
2022-03-31 10:40:44,541.92
2022-03-31 10:40:49,541.95
2022-03-31 10:40:54,542.01
2022-03-31 10:40:59,544.1603763361474
2022-03-31 10:41:04,542.14
2022-03-31 10:41:09,542.21
2022-03-31 10:41:14,542.24
2022-03-31 10:41:19,544.1584775445605
2022-03-31 10:41:24,542.37
2022-03-31 10:41:29,544.157528148767
2022-03-31 10:41:34,542.46
2022-03-31 10:41:39,542.43
2022-03-31 10:41:44,542.46
2022-03-31 10:41:49,542.46
2022-03-31 10:41:54,542.53
2022-03-31 10:41:59,542.53
2022-03-31 10:42:04,544.1542052634899
2022-03-31 10:42:09,544.1537305655932
2022-03-31 10:42:14,544.1532558676964
2022-03-31 10:42:19,542.53
2022-03-31 10:42:24,542.53
2022-03-31 10:42:29,542.59
2022-03-31 10:42:34,542.59
2022-03-31 10:42:39,542.59
2022-03-31 10:42:44,544.1504076803161
2022-03-31 10:42:49,542.59
2022-03-31 10:42:54,542.65
2022-03-31 10:42:59,542.46
2022-03-31 10:43:04,542.53
2022-03-31 10:43:09,542.53
2022-03-31 10:43:14,544.1475594929357
2022-03-31 10:43:19,542.42
2022-03-31 10:43:24,542.36
2022-03-31 10:43:29,542.36
2022-03-31 10:43:34,542.3
2022-03-31 10:43:39,544.1451860034521
2022-03-31 10:43:44,544.1447113055553
2022-03-31 10:43:49,544.1442366076586
2022-03-31 10:43:54,542.0
2022-03-31 10:43:59,541.94
2022-03-31 10:44:04,544.1428125139685
2022-03-31 10:44:09,541.71
2022-03-31 10:44:14,541.68
2022-03-31 10:44:19,541.62
2022-03-31 10:44:24,541.55
2022-03-31 10:44:29,541.42
2022-03-31 10:44:34,541.33
2022-03-31 10:44:39,541.26
2022-03-31 10:44:44,541.16
2022-03-31 10:44:49,544.1385402328979
2022-03-31 10:44:54,540.9
2022-03-31 10:44:59,540.87
2022-03-31 10:45:04,540.8
2022-03-31 10:45:09,540.74
2022-03-31 10:45:14,544.1361667434143
2022-03-31 10:45:19,544.1356920455175
2022-03-31 10:45:24,540.45
2022-03-31 10:45:29,544.1347426497241
2022-03-31 10:45:34,540.29
2022-03-31 10:45:39,540.22
2022-03-31 10:45:44,544.0927482436172
2022-03-31 10:45:49,540.06
2022-03-31 10:45:54,544.0497045744331
2022-03-31 10:45:59,539.86
2022-03-31 10:46:04,539.83
2022-03-31 10:46:09,539.7
2022-03-31 10:46:14,539.7
2022-03-31 10:46:19,543.9420954014731
2022-03-31 10:46:24,539.54
2022-03-31 10:46:29,539.48
2022-03-31 10:46:34,539.41
2022-03-31 10:46:39,543.8560080631049
2022-03-31 10:46:44,539.31
2022-03-31 10:46:49,539.25
2022-03-31 10:46:54,539.19
2022-03-31 10:46:59,539.12
2022-03-31 10:47:04,543.7483988901447
2022-03-31 10:47:09,543.7268770555528
2022-03-31 10:47:14,538.9
2022-03-31 10:47:19,538.83
2022-03-31 10:47:24,538.83
2022-03-31 10:47:29,538.74
2022-03-31 10:47:34,538.74
2022-03-31 10:47:39,543.5977460480007
2022-03-31 10:47:44,543.5762242134085
2022-03-31 10:47:49,538.58
2022-03-31 10:47:54,538.45
2022-03-31 10:47:59,538.45
2022-03-31 10:48:04,543.4901368750404
2022-03-31 10:48:09,538.32
2022-03-31 10:48:14,538.22
2022-03-31 10:48:19,538.22
2022-03-31 10:48:24,538.22
2022-03-31 10:48:29,538.09
2022-03-31 10:48:34,543.3610058674883
2022-03-31 10:48:39,538.07
2022-03-31 10:48:44,538.0
2022-03-31 10:48:49,543.2964403637122
2022-03-31 10:48:54,543.2749185291203
2022-03-31 10:48:59,537.87
2022-03-31 10:49:04,537.81
2022-03-31 10:49:09,543.2103530253443
2022-03-31 10:49:14,543.1888311907521
2022-03-31 10:49:19,543.1673093561601
2022-03-31 10:49:24,537.65
2022-03-31 10:49:29,537.55
2022-03-31 10:49:34,537.55
2022-03-31 10:49:39,537.55
2022-03-31 10:49:44,537.49
2022-03-31 10:49:49,543.038178348608
2022-03-31 10:49:54,537.42
2022-03-31 10:49:59,537.29
2022-03-31 10:50:04,542.9736128448319
2022-03-31 10:50:09,537.29
2022-03-31 10:50:14,537.29
2022-03-31 10:50:19,537.26
2022-03-31 10:50:24,537.26
2022-03-31 10:50:29,542.8660036718718
2022-03-31 10:50:34,537.2
2022-03-31 10:50:39,537.13
2022-03-31 10:50:44,542.8014381680957
2022-03-31 10:50:49,542.7799163335037
2022-03-31 10:50:54,537.13
2022-03-31 10:50:59,542.7368726643197
2022-03-31 10:51:04,537.06
2022-03-31 10:51:09,537.03
2022-03-31 10:51:14,537.03
2022-03-31 10:51:19,537.03
2022-03-31 10:51:24,536.97
2022-03-31 10:51:29,536.97
2022-03-31 10:51:34,542.5862198221755
2022-03-31 10:51:39,536.9
2022-03-31 10:51:44,536.9
2022-03-31 10:51:49,536.84
2022-03-31 10:51:54,542.5001324838073
2022-03-31 10:51:59,536.77
2022-03-31 10:52:04,536.77
2022-03-31 10:52:09,542.4355669800312
2022-03-31 10:52:14,536.74
2022-03-31 10:52:19,536.68
2022-03-31 10:52:24,536.68
2022-03-31 10:52:29,542.3494796416633
2022-03-31 10:52:34,536.67
2022-03-31 10:52:39,542.3064359724791
2022-03-31 10:52:44,536.54
2022-03-31 10:52:49,536.54
2022-03-31 10:52:54,536.51
2022-03-31 10:52:59,536.51
2022-03-31 10:53:04,536.51
2022-03-31 10:53:09,536.44
2022-03-31 10:53:14,542.1557831303351
2022-03-31 10:53:19,542.134261295743
2022-03-31 10:53:24,536.44
2022-03-31 10:53:29,536.44
2022-03-31 10:53:34,542.0696957919669
2022-03-31 10:53:39,542.0481739573748
2022-03-31 10:53:44,536.38
2022-03-31 10:53:49,536.31
2022-03-31 10:53:54,541.9836084535988
2022-03-31 10:53:59,536.31
2022-03-31 10:54:04,541.9405647844147
2022-03-31 10:54:09,541.9190429498227
2022-03-31 10:54:14,541.8975211152308
2022-03-31 10:54:19,541.8759992806387
2022-03-31 10:54:24,536.24
2022-03-31 10:54:29,541.8329556114547
2022-03-31 10:54:34,536.21
2022-03-31 10:54:39,536.14
2022-03-31 10:54:44,541.7683901076787
2022-03-31 10:54:49,536.14
2022-03-31 10:54:54,536.08
2022-03-31 10:54:59,536.14
2022-03-31 10:55:04,536.08
2022-03-31 10:55:09,536.08
2022-03-31 10:55:14,541.6392591001263
2022-03-31 10:55:19,536.01
2022-03-31 10:55:24,536.01
2022-03-31 10:55:29,541.5746935963502
2022-03-31 10:55:34,535.98
2022-03-31 10:55:39,541.5316499271663
2022-03-31 10:55:44,535.91
2022-03-31 10:55:49,535.91
2022-03-31 10:55:54,541.4670844233902
2022-03-31 10:55:59,535.85
2022-03-31 10:56:04,535.78
2022-03-31 10:56:09,535.85
2022-03-31 10:56:14,535.78
2022-03-31 10:56:19,541.3594752504301
2022-03-31 10:56:24,535.78
2022-03-31 10:56:29,535.78
2022-03-31 10:56:34,535.78
2022-03-31 10:56:39,535.78
2022-03-31 10:56:44,535.72
2022-03-31 10:56:49,541.230344242878
2022-03-31 10:56:54,535.79
2022-03-31 10:56:59,535.79
2022-03-31 10:57:04,541.1657787391019
2022-03-31 10:57:09,535.72
2022-03-31 10:57:14,535.79
2022-03-31 10:57:19,541.1012132353259
2022-03-31 10:57:24,535.69
2022-03-31 10:57:29,535.69
2022-03-31 10:57:34,535.69
2022-03-31 10:57:39,535.69
2022-03-31 10:57:44,535.69
2022-03-31 10:57:49,535.69
2022-03-31 10:57:54,535.69
2022-03-31 10:57:59,535.63
2022-03-31 10:58:04,540.9075167239977
2022-03-31 10:58:09,535.63
2022-03-31 10:58:14,535.63
2022-03-31 10:58:19,535.63
2022-03-31 10:58:24,535.56
2022-03-31 10:58:29,535.63
2022-03-31 10:58:34,540.7783857164455
2022-03-31 10:58:39,540.7568638818535
2022-03-31 10:58:44,535.57
2022-03-31 10:58:49,535.5
2022-03-31 10:58:54,535.57
2022-03-31 10:58:59,540.6707765434853
2022-03-31 10:59:04,540.6492547088934
2022-03-31 10:59:09,535.5
2022-03-31 10:59:14,535.57
2022-03-31 10:59:19,535.5
2022-03-31 10:59:24,535.57
2022-03-31 10:59:29,540.5416455359332
2022-03-31 10:59:34,540.520123701341
2022-03-31 10:59:39,540.4986018667491
2022-03-31 10:59:44,535.5
2022-03-31 10:59:49,540.4596137783068
2022-03-31 10:59:54,535.5
2022-03-31 10:59:59,535.5
2022-03-31 11:00:04,535.56
2022-03-31 11:00:09,540.3822066567307
2022-03-31 11:00:14,540.3628548763365
2022-03-31 11:00:19,535.5
2022-03-31 11:00:24,535.57
2022-03-31 11:00:29,535.56
2022-03-31 11:00:34,535.57
2022-03-31 11:00:39,535.57
2022-03-31 11:00:44,535.5
2022-03-31 11:00:49,540.227392413578
2022-03-31 11:00:54,540.208040633184
2022-03-31 11:00:59,535.5
2022-03-31 11:01:04,535.5
2022-03-31 11:01:09,535.47
2022-03-31 11:01:14,540.1306335116077
2022-03-31 11:01:19,540.1112817312135
2022-03-31 11:01:24,540.0919299508196
2022-03-31 11:01:29,540.0725781704255
2022-03-31 11:01:34,535.4
2022-03-31 11:01:39,535.4
2022-03-31 11:01:44,535.33
2022-03-31 11:01:49,535.33
2022-03-31 11:01:54,535.27
2022-03-31 11:01:59,535.27
2022-03-31 11:02:04,535.2
2022-03-31 11:02:09,535.2
2022-03-31 11:02:14,535.17
2022-03-31 11:02:19,539.8790603664846
2022-03-31 11:02:24,539.8597085860907
2022-03-31 11:02:29,534.97
2022-03-31 11:02:34,534.97
2022-03-31 11:02:39,534.94
2022-03-31 11:02:44,534.88
2022-03-31 11:02:49,534.81
2022-03-31 11:02:54,534.74
2022-03-31 11:02:59,534.74
2022-03-31 11:03:04,539.704894342938
2022-03-31 11:03:09,534.65
2022-03-31 11:03:14,534.58
2022-03-31 11:03:19,534.58
2022-03-31 11:03:24,534.52
2022-03-31 11:03:29,534.45
2022-03-31 11:03:34,534.35
2022-03-31 11:03:39,539.5694318801796
2022-03-31 11:03:44,534.29
2022-03-31 11:03:49,534.22
2022-03-31 11:03:54,539.5113765389973
2022-03-31 11:03:59,534.16
2022-03-31 11:04:04,534.12
2022-03-31 11:04:09,539.4533211978151
2022-03-31 11:04:14,533.99
2022-03-31 11:04:19,533.93
2022-03-31 11:04:24,533.9
2022-03-31 11:04:29,533.9
2022-03-31 11:04:34,539.3565622958447
2022-03-31 11:04:39,533.83
2022-03-31 11:04:44,533.77
2022-03-31 11:04:49,533.7
2022-03-31 11:04:54,533.7
2022-03-31 11:04:59,533.7
2022-03-31 11:05:04,533.64
2022-03-31 11:05:09,533.64
2022-03-31 11:05:14,533.61
2022-03-31 11:05:19,533.61
2022-03-31 11:05:24,539.163044491904
2022-03-31 11:05:29,539.1436927115101
2022-03-31 11:05:34,533.54
2022-03-31 11:05:39,539.1049891507217
2022-03-31 11:05:44,533.48
2022-03-31 11:05:49,533.48
2022-03-31 11:05:54,533.48
2022-03-31 11:05:59,533.48
2022-03-31 11:06:04,539.0082302487515
2022-03-31 11:06:09,533.48
2022-03-31 11:06:14,533.48
2022-03-31 11:06:19,533.54
2022-03-31 11:06:24,533.48
2022-03-31 11:06:29,538.9114713467811
2022-03-31 11:06:34,533.55
2022-03-31 11:06:39,533.48
2022-03-31 11:06:44,533.54
2022-03-31 11:06:49,533.61
2022-03-31 11:06:54,533.61
2022-03-31 11:06:59,533.61
2022-03-31 11:07:04,538.7760088840226
2022-03-31 11:07:09,533.64
2022-03-31 11:07:14,533.64
2022-03-31 11:07:19,533.64
2022-03-31 11:07:24,533.64
2022-03-31 11:07:29,533.64
2022-03-31 11:07:34,538.6598982016582
2022-03-31 11:07:39,533.71
2022-03-31 11:07:44,533.71
2022-03-31 11:07:49,538.6018428604759
2022-03-31 11:07:54,533.7
2022-03-31 11:07:59,533.71
2022-03-31 11:08:04,538.5437875192938
2022-03-31 11:08:09,538.5244357388997
2022-03-31 11:08:14,533.77
2022-03-31 11:08:19,538.4857321781116
2022-03-31 11:08:24,538.4663803977174
2022-03-31 11:08:29,533.83
2022-03-31 11:08:34,533.77
2022-03-31 11:08:39,533.83
2022-03-31 11:08:44,538.3889732761411
2022-03-31 11:08:49,533.9
2022-03-31 11:08:54,538.350269715353
2022-03-31 11:08:59,533.93
2022-03-31 11:09:04,533.93
2022-03-31 11:09:09,538.2922143741707
2022-03-31 11:09:14,533.99
2022-03-31 11:09:19,538.2535108133827
2022-03-31 11:09:24,533.99
2022-03-31 11:09:29,538.2148072525945
2022-03-31 11:09:34,538.1954554722005
2022-03-31 11:09:39,534.05
2022-03-31 11:09:44,534.05
2022-03-31 11:09:49,538.1374001310182
2022-03-31 11:09:54,534.12
2022-03-31 11:09:59,534.12
2022-03-31 11:10:04,534.12
2022-03-31 11:10:09,538.0599930094419
2022-03-31 11:10:14,538.0406412290478
2022-03-31 11:10:19,534.21
2022-03-31 11:10:24,534.21
2022-03-31 11:10:29,534.21
2022-03-31 11:10:34,534.21
2022-03-31 11:10:39,534.28
2022-03-31 11:10:44,537.9245305466834
2022-03-31 11:10:49,534.34
2022-03-31 11:10:54,534.34
2022-03-31 11:10:59,537.8664752055012
2022-03-31 11:11:04,537.8471234251072
2022-03-31 11:11:09,534.43
2022-03-31 11:11:14,534.43
2022-03-31 11:11:19,534.5
2022-03-31 11:11:24,534.5
2022-03-31 11:11:29,534.56
2022-03-31 11:11:34,534.56
2022-03-31 11:11:39,534.62
2022-03-31 11:11:44,534.62
2022-03-31 11:11:49,537.6729574015606
2022-03-31 11:11:54,534.65
2022-03-31 11:11:59,537.6342538407723
2022-03-31 11:12:04,534.65
2022-03-31 11:12:09,534.65
2022-03-31 11:12:14,537.5761984995901
2022-03-31 11:12:19,534.71
2022-03-31 11:12:24,534.84
2022-03-31 11:12:29,534.84
2022-03-31 11:12:34,534.84
2022-03-31 11:12:39,537.4794395976198
2022-03-31 11:12:44,534.9
2022-03-31 11:12:49,534.93
2022-03-31 11:12:54,535.0
2022-03-31 11:12:59,537.4020324760435
2022-03-31 11:13:04,535.0
2022-03-31 11:13:09,535.06
2022-03-31 11:13:14,535.06
2022-03-31 11:13:19,535.13
2022-03-31 11:13:24,535.13
2022-03-31 11:13:29,535.16
2022-03-31 11:13:34,535.16
2022-03-31 11:13:39,535.22
2022-03-31 11:13:44,535.22
2022-03-31 11:13:49,535.22
2022-03-31 11:13:54,535.29
2022-03-31 11:13:59,535.29
2022-03-31 11:14:04,535.35
2022-03-31 11:14:09,535.35
2022-03-31 11:14:14,535.42
2022-03-31 11:14:19,535.41
2022-03-31 11:14:24,535.45
2022-03-31 11:14:29,535.45
2022-03-31 11:14:34,535.58
2022-03-31 11:14:39,535.51
2022-03-31 11:14:44,535.58
2022-03-31 11:14:49,535.58
2022-03-31 11:14:54,537.1050242335862
2022-03-31 11:14:59,535.64
2022-03-31 11:15:04,535.68
2022-03-31 11:15:09,535.68
2022-03-31 11:15:14,535.74
2022-03-31 11:15:19,537.0618789514796
2022-03-31 11:15:24,535.74
2022-03-31 11:15:29,535.74
2022-03-31 11:15:34,535.81
2022-03-31 11:15:39,535.81
2022-03-31 11:15:44,535.87
2022-03-31 11:15:49,535.87
2022-03-31 11:15:54,537.0014755565305
2022-03-31 11:15:59,535.87
2022-03-31 11:16:04,535.94
2022-03-31 11:16:09,536.9755883872666
2022-03-31 11:16:14,536.9669593308453
2022-03-31 11:16:19,535.97
2022-03-31 11:16:24,535.97
2022-03-31 11:16:29,536.9410721615814
2022-03-31 11:16:34,536.93244310516
2022-03-31 11:16:39,536.03
2022-03-31 11:16:44,536.03
2022-03-31 11:16:49,536.9065559358961
2022-03-31 11:16:54,536.1
2022-03-31 11:16:59,536.03
2022-03-31 11:17:04,536.03
2022-03-31 11:17:09,536.1
2022-03-31 11:17:14,536.1
2022-03-31 11:17:19,536.1
2022-03-31 11:17:24,536.1
2022-03-31 11:17:29,536.1
2022-03-31 11:17:34,536.1
2022-03-31 11:17:39,536.1
2022-03-31 11:17:44,536.1
2022-03-31 11:17:49,536.8030072588405
2022-03-31 11:17:54,536.7943782024191
2022-03-31 11:17:59,536.16
2022-03-31 11:18:04,536.16
2022-03-31 11:18:09,536.16
2022-03-31 11:18:14,536.19
2022-03-31 11:18:19,536.19
2022-03-31 11:18:24,536.19
2022-03-31 11:18:29,536.2
2022-03-31 11:18:34,536.2
2022-03-31 11:18:39,536.7167166946275
2022-03-31 11:18:44,536.19
2022-03-31 11:18:49,536.19
2022-03-31 11:18:54,536.19
2022-03-31 11:18:59,536.19
2022-03-31 11:19:04,536.19
2022-03-31 11:19:09,536.16
2022-03-31 11:19:14,536.16
2022-03-31 11:19:19,536.16
2022-03-31 11:19:24,536.6390551868358
2022-03-31 11:19:29,536.6304261304144
2022-03-31 11:19:34,536.6217970739931
2022-03-31 11:19:39,536.09
2022-03-31 11:19:44,536.6045389611505
2022-03-31 11:19:49,536.5959099047293
2022-03-31 11:19:54,536.03
2022-03-31 11:19:59,536.03
2022-03-31 11:20:04,536.5700227354654
2022-03-31 11:20:09,536.03
2022-03-31 11:20:14,536.09
2022-03-31 11:20:19,536.09
2022-03-31 11:20:24,536.02
2022-03-31 11:20:29,536.5268774533588
2022-03-31 11:20:34,536.09
2022-03-31 11:20:39,536.5096193405162
2022-03-31 11:20:44,536.5009902840949
2022-03-31 11:20:49,536.15
2022-03-31 11:20:54,536.15
2022-03-31 11:20:59,536.15
2022-03-31 11:21:04,536.15
2022-03-31 11:21:09,536.4578450019884
2022-03-31 11:21:14,536.4492159455671
2022-03-31 11:21:19,536.18
2022-03-31 11:21:24,536.18
2022-03-31 11:21:29,536.18
2022-03-31 11:21:34,536.24
2022-03-31 11:21:39,536.24
2022-03-31 11:21:44,536.24
2022-03-31 11:21:49,536.3
2022-03-31 11:21:54,536.3
2022-03-31 11:21:59,536.3
2022-03-31 11:22:04,536.36
2022-03-31 11:22:09,536.36
2022-03-31 11:22:14,536.3456672685114
2022-03-31 11:22:19,536.3370382120902
2022-03-31 11:22:24,536.3284091556689
2022-03-31 11:22:29,536.43
2022-03-31 11:22:34,536.46
2022-03-31 11:22:39,536.46
2022-03-31 11:22:44,536.53
2022-03-31 11:22:49,536.53
2022-03-31 11:22:54,536.59
2022-03-31 11:22:59,536.2680057607197
2022-03-31 11:23:04,536.59
2022-03-31 11:23:09,536.2507476478771
2022-03-31 11:23:14,536.69
2022-03-31 11:23:19,536.69
2022-03-31 11:23:24,536.75
2022-03-31 11:23:29,536.75
2022-03-31 11:23:34,536.76
2022-03-31 11:23:39,536.76
2022-03-31 11:23:44,536.76
2022-03-31 11:23:49,536.82
2022-03-31 11:23:54,536.88
2022-03-31 11:23:59,536.164457083664
2022-03-31 11:24:04,536.88
2022-03-31 11:24:09,536.95
2022-03-31 11:24:14,536.1385699144001
2022-03-31 11:24:19,536.1299408579789
2022-03-31 11:24:24,536.98
2022-03-31 11:24:29,537.05
2022-03-31 11:24:34,536.104053688715
2022-03-31 11:24:39,536.0954246322937
2022-03-31 11:24:44,537.18
2022-03-31 11:24:49,537.18
2022-03-31 11:24:54,537.18
2022-03-31 11:24:59,536.0609084066084
2022-03-31 11:25:04,536.0522793501872
2022-03-31 11:25:09,536.0436502937658
2022-03-31 11:25:14,536.0350212373445
2022-03-31 11:25:19,537.34
2022-03-31 11:25:24,536.0177631245019
2022-03-31 11:25:29,537.4
2022-03-31 11:25:34,537.4
2022-03-31 11:25:39,537.47
2022-03-31 11:25:44,537.47
2022-03-31 11:25:49,537.57
2022-03-31 11:25:54,537.57
2022-03-31 11:25:59,537.63
2022-03-31 11:26:04,537.63
2022-03-31 11:26:09,537.63
2022-03-31 11:26:14,537.69
2022-03-31 11:26:19,537.73
2022-03-31 11:26:24,537.79
2022-03-31 11:26:29,537.73
2022-03-31 11:26:34,535.8969563346036
2022-03-31 11:26:39,537.79
2022-03-31 11:26:44,535.879698221761
2022-03-31 11:26:49,535.8710691653397
2022-03-31 11:26:54,535.8624401089185
2022-03-31 11:26:59,537.92
2022-03-31 11:27:04,535.8451819960758
2022-03-31 11:27:09,537.92
2022-03-31 11:27:14,537.92
2022-03-31 11:27:19,535.8192948268119
2022-03-31 11:27:24,538.02
2022-03-31 11:27:29,535.8020367139693
2022-03-31 11:27:34,535.793407657548
2022-03-31 11:27:39,535.7847786011267
2022-03-31 11:27:44,538.15
2022-03-31 11:27:49,538.14
2022-03-31 11:27:54,538.14
2022-03-31 11:27:59,538.08
2022-03-31 11:28:04,535.8394345359862
2022-03-31 11:28:09,535.86635058758
2022-03-31 11:28:14,538.24
2022-03-31 11:28:19,538.24
2022-03-31 11:28:24,538.24
2022-03-31 11:28:29,535.974014793956
2022-03-31 11:28:34,538.3
2022-03-31 11:28:39,538.36
2022-03-31 11:28:44,538.36
2022-03-31 11:28:49,538.36
2022-03-31 11:28:54,538.43
2022-03-31 11:28:59,538.43
2022-03-31 11:29:04,538.43
2022-03-31 11:29:09,538.43
2022-03-31 11:29:14,536.216259258302
2022-03-31 11:29:19,536.2431753098961
2022-03-31 11:29:24,538.49
2022-03-31 11:29:29,538.49
2022-03-31 11:29:34,538.49
2022-03-31 11:29:39,536.3508395162719
2022-03-31 11:29:44,536.377755567866
2022-03-31 11:29:49,536.40467161946
2022-03-31 11:29:54,538.52
2022-03-31 11:29:59,538.52
2022-03-31 11:30:04,538.52
2022-03-31 11:30:09,536.5123358258361
2022-03-31 11:30:14,538.58
2022-03-31 11:30:19,538.58
2022-03-31 11:30:24,536.5930839806181
2022-03-31 11:30:29,538.58
2022-03-31 11:30:34,538.65
2022-03-31 11:30:39,536.6738321354001
2022-03-31 11:30:44,538.64
2022-03-31 11:30:49,538.64
2022-03-31 11:30:54,536.7545802901819
2022-03-31 11:30:59,538.64
2022-03-31 11:31:04,536.8084123933698
2022-03-31 11:31:09,536.8353284449639
2022-03-31 11:31:14,538.64
2022-03-31 11:31:19,538.64
2022-03-31 11:31:24,538.64
2022-03-31 11:31:29,536.9429926513398
2022-03-31 11:31:34,538.64
2022-03-31 11:31:39,538.64
2022-03-31 11:31:44,537.0237408061217
2022-03-31 11:31:49,537.0506568577158
2022-03-31 11:31:54,538.58
2022-03-31 11:31:59,538.51
2022-03-31 11:32:04,538.51
2022-03-31 11:32:09,538.48
2022-03-31 11:32:14,537.1852371156857
2022-03-31 11:32:19,538.42
2022-03-31 11:32:24,538.42
2022-03-31 11:32:29,537.2659852704676
2022-03-31 11:32:34,538.35
2022-03-31 11:32:39,538.35
2022-03-31 11:32:44,537.3467334252496
2022-03-31 11:32:49,538.19
2022-03-31 11:32:54,537.4005655284377
2022-03-31 11:32:59,538.13
2022-03-31 11:33:04,537.4543976316256
2022-03-31 11:33:09,537.4813136832197
2022-03-31 11:33:14,537.97
2022-03-31 11:33:19,537.91
2022-03-31 11:33:24,537.5620618380017
2022-03-31 11:33:29,537.78
2022-03-31 11:33:34,537.6158939411896
2022-03-31 11:33:39,537.6428099927837
2022-03-31 11:33:44,537.62
2022-03-31 11:33:49,537.6966420959716
2022-03-31 11:33:54,537.49
2022-03-31 11:33:59,537.39
2022-03-31 11:34:04,537.7773902507536
2022-03-31 11:34:09,537.8043063023476
2022-03-31 11:34:14,537.17
2022-03-31 11:34:19,537.1
2022-03-31 11:34:24,537.04
2022-03-31 11:34:29,536.97
2022-03-31 11:34:34,536.94
2022-03-31 11:34:39,536.82
2022-03-31 11:34:44,537.9927186635057
2022-03-31 11:34:49,536.69
2022-03-31 11:34:54,536.59
2022-03-31 11:34:59,536.52
2022-03-31 11:35:04,536.43
2022-03-31 11:35:09,536.36
2022-03-31 11:35:14,536.3
2022-03-31 11:35:19,536.17
2022-03-31 11:35:24,536.14
2022-03-31 11:35:29,536.07
2022-03-31 11:35:34,536.01
2022-03-31 11:35:39,535.91
2022-03-31 11:35:44,535.85
2022-03-31 11:35:49,535.78
2022-03-31 11:35:54,538.3695433858214
2022-03-31 11:35:59,538.3964594374155
2022-03-31 11:36:04,535.56
2022-03-31 11:36:09,538.4502915406034
2022-03-31 11:36:14,535.4
2022-03-31 11:36:19,538.5041236437913
2022-03-31 11:36:24,535.27
2022-03-31 11:36:29,535.11
2022-03-31 11:36:34,535.04
2022-03-31 11:36:39,538.6117878501674
2022-03-31 11:36:44,534.88
2022-03-31 11:36:49,538.6656199533552
2022-03-31 11:36:54,534.81
2022-03-31 11:36:59,534.68
2022-03-31 11:37:04,534.62
2022-03-31 11:37:09,538.7732841597312
2022-03-31 11:37:14,534.46
2022-03-31 11:37:19,534.39
2022-03-31 11:37:24,534.36
2022-03-31 11:37:29,534.3
2022-03-31 11:37:34,534.23
2022-03-31 11:37:39,534.23
2022-03-31 11:37:44,538.9616965208893
2022-03-31 11:37:49,538.9886125724831
2022-03-31 11:37:54,534.0
2022-03-31 11:37:59,539.0424446756713
2022-03-31 11:38:04,533.94
2022-03-31 11:38:09,533.84
2022-03-31 11:38:14,539.1231928304533
2022-03-31 11:38:19,533.77
2022-03-31 11:38:24,533.71
2022-03-31 11:38:29,533.71
2022-03-31 11:38:34,533.64
2022-03-31 11:38:39,533.64
2022-03-31 11:38:44,533.58
2022-03-31 11:38:49,539.3116051916113
2022-03-31 11:38:54,539.338521243205
2022-03-31 11:38:59,533.42
2022-03-31 11:39:04,533.35
2022-03-31 11:39:09,533.35
2022-03-31 11:39:14,539.4461854495811
2022-03-31 11:39:19,539.4731015011752
2022-03-31 11:39:24,533.25
2022-03-31 11:39:29,533.25
2022-03-31 11:39:34,533.19
2022-03-31 11:39:39,533.12
2022-03-31 11:39:44,533.12
2022-03-31 11:39:49,539.6345978107391
2022-03-31 11:39:54,533.06
2022-03-31 11:39:59,533.02
2022-03-31 11:40:04,539.7153459655211
2022-03-31 11:40:09,532.89
2022-03-31 11:40:14,532.89
2022-03-31 11:40:19,539.7960941203031
2022-03-31 11:40:24,532.83
2022-03-31 11:40:29,532.83
2022-03-31 11:40:34,539.8768422750851
2022-03-31 11:40:39,532.8
2022-03-31 11:40:44,532.73
2022-03-31 11:40:49,532.67
2022-03-31 11:40:54,532.73
2022-03-31 11:40:59,532.73
2022-03-31 11:41:04,540.0383385846491
2022-03-31 11:41:09,532.61
2022-03-31 11:41:14,540.0921706878369
2022-03-31 11:41:19,532.67
2022-03-31 11:41:24,540.1460027910248
2022-03-31 11:41:29,532.67
2022-03-31 11:41:34,532.61
2022-03-31 11:41:39,532.67
2022-03-31 11:41:44,540.2536669974008
2022-03-31 11:41:49,532.67
2022-03-31 11:41:54,532.67
2022-03-31 11:41:59,532.67
2022-03-31 11:42:04,532.74
2022-03-31 11:42:09,532.74
2022-03-31 11:42:14,532.8
2022-03-31 11:42:19,540.2255276172318
2022-03-31 11:42:24,532.9
2022-03-31 11:42:29,532.9
2022-03-31 11:42:34,532.96
2022-03-31 11:42:39,533.03
2022-03-31 11:42:44,533.06
2022-03-31 11:42:49,533.13
2022-03-31 11:42:54,540.0909184693302
2022-03-31 11:42:59,533.26
2022-03-31 11:43:04,533.32
2022-03-31 11:43:09,533.35
2022-03-31 11:43:14,533.42
2022-03-31 11:43:19,533.55
2022-03-31 11:43:24,533.55
2022-03-31 11:43:29,539.9563093214284
2022-03-31 11:43:34,539.9370794431567
2022-03-31 11:43:39,533.77
2022-03-31 11:43:44,533.87
2022-03-31 11:43:49,539.8793898083417
2022-03-31 11:43:54,539.8601599300699
2022-03-31 11:43:59,534.1
2022-03-31 11:44:04,534.16
2022-03-31 11:44:09,534.29
2022-03-31 11:44:14,534.36
2022-03-31 11:44:19,539.7640105387115
2022-03-31 11:44:24,539.7447806604398
2022-03-31 11:44:29,534.61
2022-03-31 11:44:34,539.7063209038965
2022-03-31 11:44:39,534.81
2022-03-31 11:44:44,534.87
2022-03-31 11:44:49,534.97
2022-03-31 11:44:54,535.03
2022-03-31 11:44:59,535.13
2022-03-31 11:45:04,535.2
2022-03-31 11:45:09,535.33
2022-03-31 11:45:14,535.39
2022-03-31 11:45:19,535.42
2022-03-31 11:45:24,539.5140221211797
2022-03-31 11:45:29,535.62
2022-03-31 11:45:34,535.65
2022-03-31 11:45:39,535.78
2022-03-31 11:45:44,535.84
2022-03-31 11:45:49,535.94
2022-03-31 11:45:54,536.01
2022-03-31 11:45:59,536.13
2022-03-31 11:46:04,536.17
2022-03-31 11:46:09,539.3409532167346
2022-03-31 11:46:14,536.36
2022-03-31 11:46:19,539.3024934601914
2022-03-31 11:46:24,539.2832635819196
2022-03-31 11:46:29,539.264033703648
2022-03-31 11:46:34,536.68
2022-03-31 11:46:39,536.88
2022-03-31 11:46:44,536.94
2022-03-31 11:46:49,537.04
2022-03-31 11:46:54,537.17
2022-03-31 11:46:59,539.148654434018
2022-03-31 11:47:04,539.1294245557463
2022-03-31 11:47:09,539.1101946774745
2022-03-31 11:47:14,537.56
2022-03-31 11:47:19,537.69
2022-03-31 11:47:24,537.72
2022-03-31 11:47:29,539.0332751643878
2022-03-31 11:47:34,537.98
2022-03-31 11:47:39,538.07
2022-03-31 11:47:44,538.21
2022-03-31 11:47:49,538.3
2022-03-31 11:47:54,538.9371257730295
2022-03-31 11:47:59,538.5
2022-03-31 11:48:04,538.53
2022-03-31 11:48:09,538.66
2022-03-31 11:48:14,538.8602062599426
2022-03-31 11:48:19,538.8409763816711
2022-03-31 11:48:24,538.8217465033994
2022-03-31 11:48:29,539.01
2022-03-31 11:48:34,539.05
2022-03-31 11:48:39,539.18
2022-03-31 11:48:44,539.18
2022-03-31 11:48:49,539.27
2022-03-31 11:48:54,539.27
2022-03-31 11:48:59,539.34
2022-03-31 11:49:04,539.41
2022-03-31 11:49:09,539.41
2022-03-31 11:49:14,539.54
2022-03-31 11:49:19,538.610217842411
2022-03-31 11:49:24,538.5909879641392
2022-03-31 11:49:29,539.63
2022-03-31 11:49:34,538.552528207596
2022-03-31 11:49:39,538.5332983293242
2022-03-31 11:49:44,539.7
2022-03-31 11:49:49,539.77
2022-03-31 11:49:54,538.4756086945092
2022-03-31 11:49:59,539.77
2022-03-31 11:50:04,538.437148937966
2022-03-31 11:50:09,539.77
2022-03-31 11:50:14,538.3986891814225
2022-03-31 11:50:19,538.379459303151
2022-03-31 11:50:24,538.3602294248792
2022-03-31 11:50:29,539.93
2022-03-31 11:50:34,539.93
2022-03-31 11:50:39,539.93
2022-03-31 11:50:44,538.2833099117925
2022-03-31 11:50:49,539.93
2022-03-31 11:50:54,540.0
2022-03-31 11:50:59,540.0
2022-03-31 11:51:04,538.2063903987058
2022-03-31 11:51:09,538.1871605204341
2022-03-31 11:51:14,539.94
2022-03-31 11:51:19,539.94
2022-03-31 11:51:24,540.0
2022-03-31 11:51:29,539.94
2022-03-31 11:51:34,539.94
2022-03-31 11:51:39,538.0717812508041
2022-03-31 11:51:44,539.87
2022-03-31 11:51:49,539.88
2022-03-31 11:51:54,539.81
2022-03-31 11:51:59,537.9948617377173
2022-03-31 11:52:04,537.9756318594456
2022-03-31 11:52:09,537.9564019811739
2022-03-31 11:52:14,539.78
2022-03-31 11:52:19,539.71
2022-03-31 11:52:24,539.65
2022-03-31 11:52:29,539.65
2022-03-31 11:52:34,539.59
2022-03-31 11:52:39,537.8410227115439
2022-03-31 11:52:44,539.49
2022-03-31 11:52:49,539.42
2022-03-31 11:52:54,539.42
2022-03-31 11:52:59,539.3
2022-03-31 11:53:04,537.7448733201854
2022-03-31 11:53:09,539.2
2022-03-31 11:53:14,539.13
2022-03-31 11:53:19,539.13
2022-03-31 11:53:24,537.6679538070988
2022-03-31 11:53:29,537.648723928827
2022-03-31 11:53:34,537.6294940505554
2022-03-31 11:53:39,538.91
2022-03-31 11:53:44,538.85
2022-03-31 11:53:49,538.78
2022-03-31 11:53:54,538.75
2022-03-31 11:53:59,537.533344659197
2022-03-31 11:54:04,538.62
2022-03-31 11:54:09,537.4948849026538
2022-03-31 11:54:14,537.475655024382
2022-03-31 11:54:19,538.46
2022-03-31 11:54:24,538.33
2022-03-31 11:54:29,538.26
2022-03-31 11:54:34,537.3987355112953
2022-03-31 11:54:39,538.1
2022-03-31 11:54:44,537.3602757547519
2022-03-31 11:54:49,537.3410458764803
2022-03-31 11:54:54,537.3218159982086
2022-03-31 11:54:59,537.74
2022-03-31 11:55:04,537.71
2022-03-31 11:55:09,537.58
2022-03-31 11:55:14,537.48
2022-03-31 11:55:19,537.2256666068502
2022-03-31 11:55:24,537.29
2022-03-31 11:55:29,537.1872068503069
2022-03-31 11:55:34,537.1679769720351
2022-03-31 11:55:39,537.06
2022-03-31 11:55:44,537.1295172154919
2022-03-31 11:55:49,536.9
2022-03-31 11:55:54,536.77
2022-03-31 11:55:59,536.68
2022-03-31 11:56:04,537.0633881557503
2022-03-31 11:56:09,536.48
2022-03-31 11:56:14,536.39
2022-03-31 11:56:19,536.32
2022-03-31 11:56:24,536.26
2022-03-31 11:56:29,536.16
2022-03-31 11:56:34,536.1
2022-03-31 11:56:39,536.03
2022-03-31 11:56:44,535.94
2022-03-31 11:56:49,535.81
2022-03-31 11:56:54,535.8
2022-03-31 11:56:59,535.67
2022-03-31 11:57:04,535.65
2022-03-31 11:57:09,535.58
2022-03-31 11:57:14,535.58
2022-03-31 11:57:19,537.0302141325727
2022-03-31 11:57:24,537.0280025310275
2022-03-31 11:57:29,537.0257909294824
2022-03-31 11:57:34,537.0235793279371
2022-03-31 11:57:39,537.021367726392
2022-03-31 11:57:44,537.0191561248467
2022-03-31 11:57:49,535.16
2022-03-31 11:57:54,535.16
2022-03-31 11:57:59,535.13
2022-03-31 11:58:04,537.0103097186661
2022-03-31 11:58:09,537.0080981171209
2022-03-31 11:58:14,537.0058865155758
2022-03-31 11:58:19,535.0
2022-03-31 11:58:24,534.94
2022-03-31 11:58:29,536.9992517109401
2022-03-31 11:58:34,536.997040109395
2022-03-31 11:58:39,534.84
2022-03-31 11:58:44,534.78
2022-03-31 11:58:49,536.9904053047594
2022-03-31 11:58:54,534.72
2022-03-31 11:58:59,534.65
2022-03-31 11:59:04,534.62
2022-03-31 11:59:09,534.62
2022-03-31 11:59:14,534.55
2022-03-31 11:59:19,534.49
2022-03-31 11:59:24,534.49
2022-03-31 11:59:29,536.972712492398
2022-03-31 11:59:34,536.9705008908528
2022-03-31 11:59:39,534.39
2022-03-31 11:59:44,536.9660776877624
2022-03-31 11:59:49,536.9638660862173
2022-03-31 11:59:54,536.9616544846721
2022-03-31 11:59:59,534.26
2022-03-31 12:00:04,534.26
2022-03-31 12:00:09,534.27
2022-03-31 12:00:14,534.2
2022-03-31 12:00:19,534.14
2022-03-31 12:00:24,534.2
2022-03-31 12:00:29,534.2
2022-03-31 12:00:34,536.9439616723107
2022-03-31 12:00:39,534.14
2022-03-31 12:00:44,534.1
2022-03-31 12:00:49,534.11
2022-03-31 12:00:54,534.1
2022-03-31 12:00:59,536.9329036645847
2022-03-31 12:01:04,536.9306920630396
2022-03-31 12:01:09,534.04
2022-03-31 12:01:14,534.1
2022-03-31 12:01:19,536.9240572584041
2022-03-31 12:01:24,534.04
2022-03-31 12:01:29,534.1
2022-03-31 12:01:34,534.1
2022-03-31 12:01:39,536.9152108522234
2022-03-31 12:01:44,534.04
2022-03-31 12:01:49,534.04
2022-03-31 12:01:54,534.04
2022-03-31 12:01:59,534.04
2022-03-31 12:02:04,536.9041528444975
2022-03-31 12:02:09,534.1
2022-03-31 12:02:14,536.8997296414071
2022-03-31 12:02:19,534.1
2022-03-31 12:02:24,534.1
2022-03-31 12:02:29,536.8930948367715
2022-03-31 12:02:34,536.8908832352264
2022-03-31 12:02:39,536.8886716336812
2022-03-31 12:02:44,534.13
2022-03-31 12:02:49,534.13
2022-03-31 12:02:54,536.8820368290457
2022-03-31 12:02:59,534.13
2022-03-31 12:03:04,534.19
2022-03-31 12:03:09,534.19
2022-03-31 12:03:14,534.13
2022-03-31 12:03:19,534.19
2022-03-31 12:03:24,534.19
2022-03-31 12:03:29,534.12
2022-03-31 12:03:34,534.12
2022-03-31 12:03:39,534.12
2022-03-31 12:03:44,534.19
2022-03-31 12:03:49,534.19
2022-03-31 12:03:54,534.18
2022-03-31 12:03:59,534.18
2022-03-31 12:04:04,534.18
2022-03-31 12:04:09,534.18
2022-03-31 12:04:14,534.25
2022-03-31 12:04:19,534.25
2022-03-31 12:04:24,534.25
2022-03-31 12:04:29,536.8400163996872
2022-03-31 12:04:34,534.31
2022-03-31 12:04:39,534.24
2022-03-31 12:04:44,534.24
2022-03-31 12:04:49,534.24
2022-03-31 12:04:54,534.24
2022-03-31 12:04:59,534.3
2022-03-31 12:05:04,534.24
2022-03-31 12:05:09,536.8223235873259
2022-03-31 12:05:14,534.3
2022-03-31 12:05:19,534.37
2022-03-31 12:05:24,536.8156887826902
2022-03-31 12:05:29,534.36
2022-03-31 12:05:34,536.8112655795999
2022-03-31 12:05:39,534.36
2022-03-31 12:05:44,534.39
2022-03-31 12:05:49,536.8046307749644
2022-03-31 12:05:54,534.39
2022-03-31 12:05:59,536.800207571874
2022-03-31 12:06:04,536.7979959703289
2022-03-31 12:06:09,536.7957843687836
2022-03-31 12:06:14,534.46
2022-03-31 12:06:19,534.46
2022-03-31 12:06:24,534.46
2022-03-31 12:06:29,534.52
2022-03-31 12:06:34,534.52
2022-03-31 12:06:39,536.7825147595125
2022-03-31 12:06:44,534.52
2022-03-31 12:06:49,534.58
2022-03-31 12:06:54,534.58
2022-03-31 12:06:59,534.62
2022-03-31 12:07:04,534.62
2022-03-31 12:07:09,536.7692451502415
2022-03-31 12:07:14,534.68
2022-03-31 12:07:19,534.68
2022-03-31 12:07:24,536.7626103456059
2022-03-31 12:07:29,536.7603987440608
2022-03-31 12:07:34,534.74
2022-03-31 12:07:39,536.7559755409704
2022-03-31 12:07:44,536.7537639394252
2022-03-31 12:07:49,536.7515523378801
2022-03-31 12:07:54,534.81
2022-03-31 12:07:59,536.7471291347897
2022-03-31 12:08:04,534.87
2022-03-31 12:08:09,534.87
2022-03-31 12:08:14,536.7404943301542
2022-03-31 12:08:19,534.91
2022-03-31 12:08:24,534.9
2022-03-31 12:08:29,534.91
2022-03-31 12:08:34,534.97
2022-03-31 12:08:39,534.97
2022-03-31 12:08:44,535.04
2022-03-31 12:08:49,536.725013119338
2022-03-31 12:08:54,535.03
2022-03-31 12:08:59,535.1
2022-03-31 12:09:04,535.13
2022-03-31 12:09:09,535.1
2022-03-31 12:09:14,535.13
2022-03-31 12:09:19,535.13
2022-03-31 12:09:24,536.7095319085216
2022-03-31 12:09:29,535.2
2022-03-31 12:09:34,535.26
2022-03-31 12:09:39,535.26
2022-03-31 12:09:44,535.26
2022-03-31 12:09:49,535.26
2022-03-31 12:09:54,535.32
2022-03-31 12:09:59,535.32
2022-03-31 12:10:04,536.6918390961603
2022-03-31 12:10:09,535.32
2022-03-31 12:10:14,535.39
2022-03-31 12:10:19,535.38
2022-03-31 12:10:24,536.852406670393
2022-03-31 12:10:29,535.32
2022-03-31 12:10:34,535.32
2022-03-31 12:10:39,536.987923826334
2022-03-31 12:10:44,535.26
2022-03-31 12:10:49,537.0782685969614
2022-03-31 12:10:54,537.1234409822753
2022-03-31 12:10:59,535.25
2022-03-31 12:11:04,537.2137857529025
2022-03-31 12:11:09,537.2589581382164
2022-03-31 12:11:14,535.32
2022-03-31 12:11:19,535.25
2022-03-31 12:11:24,537.3944752941575
2022-03-31 12:11:29,535.25
2022-03-31 12:11:34,535.25
2022-03-31 12:11:39,537.5299924500987
2022-03-31 12:11:44,535.32
2022-03-31 12:11:49,537.6203372207259
2022-03-31 12:11:54,537.6655096060398
2022-03-31 12:11:59,537.7106819913532
2022-03-31 12:12:04,535.31
2022-03-31 12:12:09,537.8010267619809
2022-03-31 12:12:14,535.41
2022-03-31 12:12:19,535.37
2022-03-31 12:12:24,535.38
2022-03-31 12:12:29,535.41
2022-03-31 12:12:34,538.0268886885493
2022-03-31 12:12:39,535.47
2022-03-31 12:12:44,538.1172334591766
2022-03-31 12:12:49,535.53
2022-03-31 12:12:54,535.53
2022-03-31 12:12:59,535.59
2022-03-31 12:13:04,535.62
2022-03-31 12:13:09,535.62
2022-03-31 12:13:14,538.3882677710588
2022-03-31 12:13:19,535.69
2022-03-31 12:13:24,535.75
2022-03-31 12:13:29,538.5237849270004
2022-03-31 12:13:34,538.5689573123138
2022-03-31 12:13:39,538.6141296976277
2022-03-31 12:13:44,538.6593020829416
2022-03-31 12:13:49,535.97
2022-03-31 12:13:54,536.03
2022-03-31 12:13:59,536.1
2022-03-31 12:14:04,538.8399916241962
2022-03-31 12:14:09,536.13
2022-03-31 12:14:14,536.2
2022-03-31 12:14:19,538.9755087801373
2022-03-31 12:14:24,536.32
2022-03-31 12:14:29,536.32
2022-03-31 12:14:34,536.38
2022-03-31 12:14:39,539.1561983213923
2022-03-31 12:14:44,536.48
2022-03-31 12:14:49,536.54
2022-03-31 12:14:54,539.2917154773334
2022-03-31 12:14:59,536.54
2022-03-31 12:15:04,539.3820602479607
2022-03-31 12:15:09,536.7
2022-03-31 12:15:14,536.7
2022-03-31 12:15:19,536.77
2022-03-31 12:15:24,539.5627497892157
2022-03-31 12:15:29,536.83
2022-03-31 12:15:34,536.9
2022-03-31 12:15:39,539.6982669451568
2022-03-31 12:15:44,536.93
2022-03-31 12:15:49,539.7886117157841
2022-03-31 12:15:54,536.99
2022-03-31 12:15:59,537.05
2022-03-31 12:16:04,539.9241288717252
2022-03-31 12:16:09,537.12
2022-03-31 12:16:14,537.15
2022-03-31 12:16:19,540.0596460276663
2022-03-31 12:16:24,537.22
2022-03-31 12:16:29,540.1499907982941
2022-03-31 12:16:34,537.34
2022-03-31 12:16:39,537.34
2022-03-31 12:16:44,537.41
2022-03-31 12:16:49,537.44
2022-03-31 12:16:54,540.3758527248624
2022-03-31 12:16:59,540.4210251101763
2022-03-31 12:17:04,537.57
2022-03-31 12:17:09,540.5113698808036
2022-03-31 12:17:14,540.5565422661174
2022-03-31 12:17:19,540.6017146514308
2022-03-31 12:17:24,537.66
2022-03-31 12:17:29,537.86
2022-03-31 12:17:34,537.86
2022-03-31 12:17:39,540.7824041926858
2022-03-31 12:17:44,537.92
2022-03-31 12:17:49,537.96
2022-03-31 12:17:54,538.02
2022-03-31 12:17:59,540.9630937339408
2022-03-31 12:18:04,538.15
2022-03-31 12:18:09,541.0534385045681
2022-03-31 12:18:14,538.24
2022-03-31 12:18:19,538.37
2022-03-31 12:18:24,541.1889556605092
2022-03-31 12:18:29,538.44
2022-03-31 12:18:34,538.47
2022-03-31 12:18:39,538.53
2022-03-31 12:18:44,538.66
2022-03-31 12:18:49,541.4148175870781
2022-03-31 12:18:54,541.4599899723916
2022-03-31 12:18:59,541.5051623577053
2022-03-31 12:19:04,538.76
2022-03-31 12:19:09,538.82
2022-03-31 12:19:14,541.6406795136465
2022-03-31 12:19:19,538.88
2022-03-31 12:19:24,541.7310242842738
2022-03-31 12:19:29,538.95
2022-03-31 12:19:34,539.04
2022-03-31 12:19:39,539.04
2022-03-31 12:19:44,539.11
2022-03-31 12:19:49,539.11
2022-03-31 12:19:54,542.0020585961561
2022-03-31 12:19:59,539.2
2022-03-31 12:20:04,539.2
2022-03-31 12:20:09,542.1375757520972
2022-03-31 12:20:14,539.33
2022-03-31 12:20:19,539.33
2022-03-31 12:20:24,539.39
2022-03-31 12:20:29,542.3182652933522
2022-03-31 12:20:34,539.46
2022-03-31 12:20:39,542.4086100639795
2022-03-31 12:20:44,539.55
2022-03-31 12:20:49,542.4989548346072
2022-03-31 12:20:54,542.5441272199206
2022-03-31 12:20:59,539.61
2022-03-31 12:21:04,542.6344719905483
2022-03-31 12:21:09,539.68
2022-03-31 12:21:14,542.7248167611756
2022-03-31 12:21:19,542.7699891464894
2022-03-31 12:21:24,542.8151615318028
2022-03-31 12:21:29,542.8603339171167
2022-03-31 12:21:34,539.77
2022-03-31 12:21:39,539.77
2022-03-31 12:21:44,539.77
2022-03-31 12:21:49,539.77
2022-03-31 12:21:54,539.77
2022-03-31 12:21:59,539.77
2022-03-31 12:22:04,543.1765406143128
2022-03-31 12:22:09,543.2217129996267
2022-03-31 12:22:14,539.77
2022-03-31 12:22:19,543.312057770254
2022-03-31 12:22:24,543.3572301555678
2022-03-31 12:22:29,543.4024025408812
2022-03-31 12:22:34,539.83
2022-03-31 12:22:39,539.76
2022-03-31 12:22:44,539.76
2022-03-31 12:22:49,539.69
2022-03-31 12:22:54,543.6282644674501
2022-03-31 12:22:59,543.6734368527635
2022-03-31 12:23:04,539.69
2022-03-31 12:23:09,539.66
2022-03-31 12:23:14,543.8089540087046
2022-03-31 12:23:19,539.53
2022-03-31 12:23:24,539.53
2022-03-31 12:23:29,539.46
2022-03-31 12:23:34,539.43
2022-03-31 12:23:39,539.3
2022-03-31 12:23:44,539.3
2022-03-31 12:23:49,539.3
2022-03-31 12:23:54,539.24
2022-03-31 12:23:59,539.14
2022-03-31 12:24:04,539.14
2022-03-31 12:24:09,539.07
2022-03-31 12:24:14,539.01
2022-03-31 12:24:19,538.91
2022-03-31 12:24:24,544.3215948602427
2022-03-31 12:24:29,538.85
2022-03-31 12:24:34,538.72
2022-03-31 12:24:39,544.3143349491584
2022-03-31 12:24:44,544.311914978797
2022-03-31 12:24:49,544.3094950084355
2022-03-31 12:24:54,538.43
2022-03-31 12:24:59,538.39
2022-03-31 12:25:04,544.3022350973511
2022-03-31 12:25:09,538.27
2022-03-31 12:25:14,538.14
2022-03-31 12:25:19,538.11
2022-03-31 12:25:24,538.04
2022-03-31 12:25:29,537.91
2022-03-31 12:25:34,544.2877152751823
2022-03-31 12:25:39,544.2852953048209
2022-03-31 12:25:44,537.75
2022-03-31 12:25:49,537.75
2022-03-31 12:25:54,544.2780353937366
2022-03-31 12:25:59,537.59
2022-03-31 12:26:04,537.59
2022-03-31 12:26:09,544.2707754826522
2022-03-31 12:26:14,537.46
2022-03-31 12:26:19,537.4
2022-03-31 12:26:24,544.2635155715678
2022-03-31 12:26:29,537.3
2022-03-31 12:26:34,544.2586756308449
2022-03-31 12:26:39,537.24
2022-03-31 12:26:44,537.17
2022-03-31 12:26:49,537.11
2022-03-31 12:26:54,544.248995749399
2022-03-31 12:26:59,537.11
2022-03-31 12:27:04,537.07
2022-03-31 12:27:09,537.08
2022-03-31 12:27:14,537.01
2022-03-31 12:27:19,537.01
2022-03-31 12:27:24,544.2344759272303
2022-03-31 12:27:29,536.88
2022-03-31 12:27:34,536.95
2022-03-31 12:27:39,536.88
2022-03-31 12:27:44,536.88
2022-03-31 12:27:49,536.88
2022-03-31 12:27:54,536.85
2022-03-31 12:27:59,536.78
2022-03-31 12:28:04,536.78
2022-03-31 12:28:09,536.72
2022-03-31 12:28:14,536.72
2022-03-31 12:28:19,536.65
2022-03-31 12:28:24,544.2054362828928
2022-03-31 12:28:29,536.55
2022-03-31 12:28:34,536.56
2022-03-31 12:28:39,536.56
2022-03-31 12:28:44,536.49
2022-03-31 12:28:49,536.43
2022-03-31 12:28:54,544.1909164607241
2022-03-31 12:28:59,536.33
2022-03-31 12:29:04,536.33
2022-03-31 12:29:09,536.33
2022-03-31 12:29:14,536.26
2022-03-31 12:29:19,544.1788166089168
2022-03-31 12:29:24,536.13
2022-03-31 12:29:29,536.07
2022-03-31 12:29:34,544.1715566978324
2022-03-31 12:29:39,544.169136727471
2022-03-31 12:29:44,535.97
2022-03-31 12:29:49,535.91
2022-03-31 12:29:54,535.84
2022-03-31 12:29:59,535.81
2022-03-31 12:30:04,535.74
2022-03-31 12:30:09,544.1546169053023
2022-03-31 12:30:14,535.62
2022-03-31 12:30:19,544.1497769645794
2022-03-31 12:30:24,535.55
2022-03-31 12:30:29,544.1449370238564
2022-03-31 12:30:34,535.45
2022-03-31 12:30:39,544.1400970831335
2022-03-31 12:30:44,544.137677112772
2022-03-31 12:30:49,535.28
2022-03-31 12:30:54,535.16
2022-03-31 12:30:59,535.09
2022-03-31 12:31:04,535.02
2022-03-31 12:31:09,544.1255772609647
2022-03-31 12:31:14,534.99
2022-03-31 12:31:19,534.93
2022-03-31 12:31:24,534.86
2022-03-31 12:31:29,534.86
2022-03-31 12:31:34,534.86
2022-03-31 12:31:39,544.111057438796
2022-03-31 12:31:44,534.76
2022-03-31 12:31:49,544.1062174980731
2022-03-31 12:31:54,544.1037975277117
2022-03-31 12:31:59,534.63
2022-03-31 12:32:04,544.0989575869887
2022-03-31 12:32:09,534.63
2022-03-31 12:32:14,544.0941176462659
2022-03-31 12:32:19,534.56
2022-03-31 12:32:24,534.56
2022-03-31 12:32:29,534.56
2022-03-31 12:32:34,544.08443776482
2022-03-31 12:32:39,534.49
2022-03-31 12:32:44,534.46
2022-03-31 12:32:49,534.49
2022-03-31 12:32:54,534.49
2022-03-31 12:32:59,534.49
2022-03-31 12:33:04,534.49
2022-03-31 12:33:09,544.0674979722899
2022-03-31 12:33:14,544.0650780019283
2022-03-31 12:33:19,544.0626580315669
2022-03-31 12:33:24,534.55
2022-03-31 12:33:29,544.057818090844
2022-03-31 12:33:34,534.61
2022-03-31 12:33:39,534.62
2022-03-31 12:33:44,534.68
2022-03-31 12:33:49,534.68
2022-03-31 12:33:54,534.74
2022-03-31 12:33:59,534.78
2022-03-31 12:34:04,544.0408782983138
2022-03-31 12:34:09,534.84
2022-03-31 12:34:14,534.84
2022-03-31 12:34:19,534.9
2022-03-31 12:34:24,544.0311984168679
2022-03-31 12:34:29,534.97
2022-03-31 12:34:34,534.97
2022-03-31 12:34:39,544.0239385057836
2022-03-31 12:34:44,544.0215185354222
2022-03-31 12:34:49,535.07
2022-03-31 12:34:54,544.0166785946992
2022-03-31 12:34:59,544.0142586243378
2022-03-31 12:35:04,535.19
2022-03-31 12:35:09,535.26
2022-03-31 12:35:14,535.26
2022-03-31 12:35:19,535.29
2022-03-31 12:35:24,544.0021587725305
2022-03-31 12:35:29,543.9997388021691
2022-03-31 12:35:34,535.42
2022-03-31 12:35:39,543.9948988614461
2022-03-31 12:35:44,543.9924788910847
2022-03-31 12:35:49,535.48
2022-03-31 12:35:54,535.51
2022-03-31 12:35:59,535.58
2022-03-31 12:36:04,535.58
2022-03-31 12:36:09,543.9803790392774
2022-03-31 12:36:14,535.71
2022-03-31 12:36:19,535.77
2022-03-31 12:36:24,535.8
2022-03-31 12:36:29,535.86
2022-03-31 12:36:34,535.93
2022-03-31 12:36:39,535.99
2022-03-31 12:36:44,536.03
2022-03-31 12:36:49,536.09
2022-03-31 12:36:54,536.15
2022-03-31 12:36:59,536.22
2022-03-31 12:37:04,536.28
2022-03-31 12:37:09,536.31
2022-03-31 12:37:14,543.9489194245784
2022-03-31 12:37:19,543.946499454217
2022-03-31 12:37:24,536.53
2022-03-31 12:37:29,536.67
2022-03-31 12:37:34,536.73
2022-03-31 12:37:39,536.79
2022-03-31 12:37:44,536.82
2022-03-31 12:37:49,536.95
2022-03-31 12:37:54,543.9295596616868
2022-03-31 12:37:59,537.05
2022-03-31 12:38:04,543.9247197209639
2022-03-31 12:38:09,537.3
2022-03-31 12:38:14,543.919879780241
2022-03-31 12:38:19,543.9195118281409
2022-03-31 12:38:24,543.9215729745808
2022-03-31 12:38:29,543.9236341210208
2022-03-31 12:38:34,537.82
2022-03-31 12:38:39,537.85
2022-03-31 12:38:44,543.9298175603406
2022-03-31 12:38:49,538.07
2022-03-31 12:38:54,538.14
2022-03-31 12:38:59,538.26
2022-03-31 12:39:04,538.36
2022-03-31 12:39:09,538.42
2022-03-31 12:39:14,538.55
2022-03-31 12:39:19,543.94424558542
2022-03-31 12:39:24,538.64
2022-03-31 12:39:29,538.78
2022-03-31 12:39:34,538.87
2022-03-31 12:39:39,543.9524901711799
2022-03-31 12:39:44,543.9545513176198
2022-03-31 12:39:49,539.07
2022-03-31 12:39:54,539.16
2022-03-31 12:39:59,539.16
2022-03-31 12:40:04,539.29
2022-03-31 12:40:09,543.9648570498194
2022-03-31 12:40:14,543.9669181962595
2022-03-31 12:40:19,543.9689793426994
2022-03-31 12:40:24,543.9710404891393
2022-03-31 12:40:29,539.57
2022-03-31 12:40:34,539.61
2022-03-31 12:40:39,543.9772239284591
2022-03-31 12:40:44,539.73
2022-03-31 12:40:49,539.8
2022-03-31 12:40:54,539.79
2022-03-31 12:40:59,543.9854685142188
2022-03-31 12:41:04,543.9875296606588
2022-03-31 12:41:09,540.02
2022-03-31 12:41:14,543.9916519535386
2022-03-31 12:41:19,543.9937130999785
2022-03-31 12:41:24,540.11
2022-03-31 12:41:29,540.11
2022-03-31 12:41:34,540.18
2022-03-31 12:41:39,544.0019576857384
2022-03-31 12:41:44,540.24
2022-03-31 12:41:49,540.3
2022-03-31 12:41:54,544.0081411250582
2022-03-31 12:41:59,540.36
2022-03-31 12:42:04,544.012263417938
2022-03-31 12:42:09,540.3
2022-03-31 12:42:14,540.36
2022-03-31 12:42:19,544.0184468572578
2022-03-31 12:42:24,540.3
2022-03-31 12:42:29,540.3
2022-03-31 12:42:34,540.3
2022-03-31 12:42:39,540.3
2022-03-31 12:42:44,544.0287525894576
2022-03-31 12:42:49,540.3
2022-03-31 12:42:54,540.3
2022-03-31 12:42:59,540.23
2022-03-31 12:43:04,540.23
2022-03-31 12:43:09,540.23
2022-03-31 12:43:14,544.0411194680971
2022-03-31 12:43:19,544.043180614537
2022-03-31 12:43:24,540.1
2022-03-31 12:43:29,544.047302907417
2022-03-31 12:43:34,540.1
2022-03-31 12:43:39,540.1
2022-03-31 12:43:44,540.07
2022-03-31 12:43:49,540.07
2022-03-31 12:43:54,544.0576086396167
2022-03-31 12:43:59,540.01
2022-03-31 12:44:04,544.0617309324965
2022-03-31 12:44:09,539.88
2022-03-31 12:44:14,539.85
2022-03-31 12:44:19,539.79
2022-03-31 12:44:24,539.72
2022-03-31 12:44:29,539.72
2022-03-31 12:44:34,544.0740978111362
2022-03-31 12:44:39,544.0761589575761
2022-03-31 12:44:44,539.59
2022-03-31 12:44:49,539.59
2022-03-31 12:44:54,539.56
2022-03-31 12:44:59,544.0844035433358
2022-03-31 12:45:04,539.43
2022-03-31 12:45:09,539.36
2022-03-31 12:45:14,539.36
2022-03-31 12:45:19,539.33
2022-03-31 12:45:24,539.26
2022-03-31 12:45:29,539.26
2022-03-31 12:45:34,544.0988315684154
2022-03-31 12:45:39,539.14
2022-03-31 12:45:44,539.14
2022-03-31 12:45:49,539.04
2022-03-31 12:45:54,544.1070761541752
2022-03-31 12:45:59,538.91
2022-03-31 12:46:04,538.91
2022-03-31 12:46:09,538.85
2022-03-31 12:46:14,538.81
2022-03-31 12:46:19,538.81
2022-03-31 12:46:24,538.75
2022-03-31 12:46:29,544.1215041792548
2022-03-31 12:46:34,544.1235653256947
2022-03-31 12:46:39,544.1256264721346
2022-03-31 12:46:44,538.52
2022-03-31 12:46:49,544.1297487650145
2022-03-31 12:46:54,538.46
2022-03-31 12:46:59,544.1338710578943
2022-03-31 12:47:04,544.1359322043343
2022-03-31 12:47:09,538.29
2022-03-31 12:47:14,538.23
2022-03-31 12:47:19,538.17
2022-03-31 12:47:24,538.1
2022-03-31 12:47:29,544.146237936534
2022-03-31 12:47:34,538.1
2022-03-31 12:47:39,544.1503602294139
2022-03-31 12:47:44,538.04
2022-03-31 12:47:49,538.01
2022-03-31 12:47:54,538.01
2022-03-31 12:47:59,544.1586048151736
2022-03-31 12:48:04,538.0
2022-03-31 12:48:09,544.1627271080534
2022-03-31 12:48:14,538.0
2022-03-31 12:48:19,544.1668494009334
2022-03-31 12:48:24,537.94
2022-03-31 12:48:29,544.1709716938133
2022-03-31 12:48:34,544.1730328402532
2022-03-31 12:48:39,544.1750939866931
2022-03-31 12:48:44,544.177155133133
2022-03-31 12:48:49,544.179216279573
2022-03-31 12:48:54,538.03
2022-03-31 12:48:59,544.1833385724528
2022-03-31 12:49:04,538.03
2022-03-31 12:49:09,538.03
2022-03-31 12:49:14,538.16
2022-03-31 12:49:19,544.1915831582127
2022-03-31 12:49:24,538.09
2022-03-31 12:49:29,538.15
2022-03-31 12:49:34,544.1977665975324
2022-03-31 12:49:39,538.15
2022-03-31 12:49:44,544.2018888904123
2022-03-31 12:49:49,538.22
2022-03-31 12:49:54,538.22
2022-03-31 12:49:59,538.15
2022-03-31 12:50:04,544.210133476172
2022-03-31 12:50:09,544.212194622612
2022-03-31 12:50:14,544.2142557690519
2022-03-31 12:50:19,544.2163169154919
2022-03-31 12:50:24,544.2183780619318
2022-03-31 12:50:29,538.27
2022-03-31 12:50:34,538.3
2022-03-31 12:50:39,538.31
2022-03-31 12:50:44,544.2266226476916
2022-03-31 12:50:49,538.31
2022-03-31 12:50:54,538.3
2022-03-31 12:50:59,538.37
2022-03-31 12:51:04,538.37
2022-03-31 12:51:09,538.3
2022-03-31 12:51:14,538.37
2022-03-31 12:51:19,538.31
2022-03-31 12:51:24,538.27
2022-03-31 12:51:29,538.3
2022-03-31 12:51:34,538.3
2022-03-31 12:51:39,538.3
2022-03-31 12:51:44,544.2513564049708
2022-03-31 12:51:49,538.27
2022-03-31 12:51:54,538.27
2022-03-31 12:51:59,544.2575398442906
2022-03-31 12:52:04,544.2596009907305
2022-03-31 12:52:09,538.27
2022-03-31 12:52:14,544.2637232836104
2022-03-31 12:52:19,538.31
2022-03-31 12:52:24,538.31
2022-03-31 12:52:29,538.3
2022-03-31 12:52:34,538.3
2022-03-31 12:52:39,544.280894584165
2022-03-31 12:52:44,538.27
2022-03-31 12:52:49,544.2890563766756
2022-03-31 12:52:54,544.293137272931
2022-03-31 12:52:59,538.31
2022-03-31 12:53:04,538.37
2022-03-31 12:53:09,544.305379961697
2022-03-31 12:53:14,538.37
2022-03-31 12:53:19,544.3135417542076
2022-03-31 12:53:24,538.37
2022-03-31 12:53:29,538.37
2022-03-31 12:53:34,538.37
2022-03-31 12:53:39,544.329865339229
2022-03-31 12:53:44,538.37
2022-03-31 12:53:49,538.44
2022-03-31 12:53:54,544.3421080279949
2022-03-31 12:53:59,538.44
2022-03-31 12:54:04,544.3502698205054
2022-03-31 12:54:09,544.3543507167608
2022-03-31 12:54:14,538.5
2022-03-31 12:54:19,538.5
2022-03-31 12:54:24,538.53
2022-03-31 12:54:29,544.3706743017822
2022-03-31 12:54:34,538.53
2022-03-31 12:54:39,538.6
2022-03-31 12:54:44,538.6
2022-03-31 12:54:49,544.3869978868034
2022-03-31 12:54:54,538.66
2022-03-31 12:54:59,538.66
2022-03-31 12:55:04,538.6
2022-03-31 12:55:09,538.66
2022-03-31 12:55:14,538.66
2022-03-31 12:55:19,538.73
2022-03-31 12:55:24,538.66
2022-03-31 12:55:29,544.4196450568461
2022-03-31 12:55:34,538.66
2022-03-31 12:55:39,544.4278068493567
2022-03-31 12:55:44,538.66
2022-03-31 12:55:49,538.6
2022-03-31 12:55:54,538.6
2022-03-31 12:55:59,538.53
2022-03-31 12:56:04,538.53
2022-03-31 12:56:09,538.53
2022-03-31 12:56:14,538.5
2022-03-31 12:56:19,544.4604540193993
2022-03-31 12:56:24,538.43
2022-03-31 12:56:29,538.43
2022-03-31 12:56:34,538.37
2022-03-31 12:56:39,538.31
2022-03-31 12:56:44,538.3
2022-03-31 12:56:49,544.4849393969313
2022-03-31 12:56:54,544.4890202931865
2022-03-31 12:56:59,538.15
2022-03-31 12:57:04,544.4971820856972
2022-03-31 12:57:09,538.08
2022-03-31 12:57:14,538.01
2022-03-31 12:57:19,544.5094247744632
2022-03-31 12:57:24,537.91
2022-03-31 12:57:29,537.85
2022-03-31 12:57:34,537.79
2022-03-31 12:57:39,537.75
2022-03-31 12:57:44,537.69
2022-03-31 12:57:49,544.5339101519952
2022-03-31 12:57:54,537.56
2022-03-31 12:57:59,544.5420719445058
2022-03-31 12:58:04,537.49
2022-03-31 12:58:09,544.5502337370165
2022-03-31 12:58:14,537.46
2022-03-31 12:58:19,544.5583955295272
2022-03-31 12:58:24,544.5624764257824
2022-03-31 12:58:29,537.27
2022-03-31 12:58:34,537.23
2022-03-31 12:58:39,537.17
2022-03-31 12:58:44,537.1
2022-03-31 12:58:49,537.04
2022-03-31 12:58:54,536.97
2022-03-31 12:58:59,536.94
2022-03-31 12:59:04,544.595123595825
2022-03-31 12:59:09,536.81
2022-03-31 12:59:14,536.75
2022-03-31 12:59:19,544.607366284591
2022-03-31 12:59:24,536.65
2022-03-31 12:59:29,536.59
2022-03-31 12:59:34,544.619608973357
2022-03-31 12:59:39,536.58
2022-03-31 12:59:44,536.45
2022-03-31 12:59:49,544.6318516621229
2022-03-31 12:59:54,536.42
2022-03-31 12:59:59,536.42
2022-03-31 13:00:04,544.644094350889
2022-03-31 13:00:09,544.6481752471442
2022-03-31 13:00:14,536.36
2022-03-31 13:00:19,544.6563370396549
2022-03-31 13:00:24,544.6604179359102
2022-03-31 13:00:29,536.3
2022-03-31 13:00:34,544.6685797284209
2022-03-31 13:00:39,536.23
2022-03-31 13:00:44,544.6767415209315
2022-03-31 13:00:49,536.23
2022-03-31 13:00:54,536.2
2022-03-31 13:00:59,536.23
2022-03-31 13:01:04,536.2
2022-03-31 13:01:09,536.23
2022-03-31 13:01:14,536.2
2022-03-31 13:01:19,536.2
2022-03-31 13:01:24,536.2
2022-03-31 13:01:29,536.2
2022-03-31 13:01:34,536.2
2022-03-31 13:01:39,536.2
2022-03-31 13:01:44,544.7257122759954
2022-03-31 13:01:49,544.7297931722508
2022-03-31 13:01:54,536.14
2022-03-31 13:01:59,536.07
2022-03-31 13:02:04,544.7420358610168
2022-03-31 13:02:09,536.14
2022-03-31 13:02:14,536.08
2022-03-31 13:02:19,536.01
2022-03-31 13:02:24,536.01
2022-03-31 13:02:29,544.7624403422934
2022-03-31 13:02:34,535.95
2022-03-31 13:02:39,535.95
2022-03-31 13:02:44,544.7746830310593
2022-03-31 13:02:49,535.92
2022-03-31 13:02:54,544.78284482357
2022-03-31 13:02:59,535.86
2022-03-31 13:03:04,535.86
2022-03-31 13:03:09,535.86
2022-03-31 13:03:14,535.79
2022-03-31 13:03:19,535.73
2022-03-31 13:03:24,544.807330201102
2022-03-31 13:03:29,535.73
2022-03-31 13:03:34,535.7
2022-03-31 13:03:39,535.73
2022-03-31 13:03:44,535.73
2022-03-31 13:03:49,544.8277346823786
2022-03-31 13:03:54,535.63
2022-03-31 13:03:59,535.7
2022-03-31 13:04:04,535.63
2022-03-31 13:04:09,535.63
2022-03-31 13:04:14,535.63
2022-03-31 13:04:19,535.63
2022-03-31 13:04:24,544.8563009561659
2022-03-31 13:04:29,535.63
2022-03-31 13:04:34,535.57
2022-03-31 13:04:39,544.8685436449318
2022-03-31 13:04:44,535.64
2022-03-31 13:04:49,535.64
2022-03-31 13:04:54,544.8807863336979
2022-03-31 13:04:59,544.8848672299531
2022-03-31 13:05:04,535.57
2022-03-31 13:05:09,535.58
2022-03-31 13:05:14,535.57
2022-03-31 13:05:19,535.57
2022-03-31 13:05:24,535.57
2022-03-31 13:05:29,535.57
2022-03-31 13:05:34,535.57
2022-03-31 13:05:39,535.57
2022-03-31 13:05:44,535.57
2022-03-31 13:05:49,544.9256761925063
2022-03-31 13:05:54,535.51
2022-03-31 13:05:59,544.933837985017
2022-03-31 13:06:04,535.51
2022-03-31 13:06:09,544.9419997775277
2022-03-31 13:06:14,535.57
2022-03-31 13:06:19,535.57
2022-03-31 13:06:24,535.57
2022-03-31 13:06:29,544.9573096125473
2022-03-31 13:06:34,535.57
2022-03-31 13:06:39,535.63
2022-03-31 13:06:44,535.63
2022-03-31 13:06:49,535.63
2022-03-31 13:06:54,535.63
2022-03-31 13:06:59,535.63
2022-03-31 13:07:04,544.9650357498053
2022-03-31 13:07:09,535.73
2022-03-31 13:07:14,535.73
2022-03-31 13:07:19,535.79
2022-03-31 13:07:24,535.79
2022-03-31 13:07:29,535.92
2022-03-31 13:07:34,535.92
2022-03-31 13:07:39,544.9727618870633
2022-03-31 13:07:44,535.95
2022-03-31 13:07:49,536.02
2022-03-31 13:07:54,536.14
2022-03-31 13:07:59,536.08
2022-03-31 13:08:04,536.21
2022-03-31 13:08:09,536.21
2022-03-31 13:08:14,544.9804880243213
2022-03-31 13:08:19,536.3
2022-03-31 13:08:24,544.9826954921093
2022-03-31 13:08:29,536.37
2022-03-31 13:08:34,536.43
2022-03-31 13:08:39,536.43
2022-03-31 13:08:44,536.47
2022-03-31 13:08:49,536.53
2022-03-31 13:08:54,536.53
2022-03-31 13:08:59,536.59
2022-03-31 13:09:04,536.66
2022-03-31 13:09:09,536.66
2022-03-31 13:09:14,544.9937328310493
2022-03-31 13:09:19,536.72
2022-03-31 13:09:24,536.76
2022-03-31 13:09:29,536.82
2022-03-31 13:09:34,544.9981477666253
2022-03-31 13:09:39,536.89
2022-03-31 13:09:44,545.0003552344133
2022-03-31 13:09:49,545.0014589683072
2022-03-31 13:09:54,537.05
2022-03-31 13:09:59,537.05
2022-03-31 13:10:04,537.05
2022-03-31 13:10:09,545.0058739038833
2022-03-31 13:10:14,537.11
2022-03-31 13:10:19,545.0080813716712
2022-03-31 13:10:24,545.0091851055653
2022-03-31 13:10:29,537.28
2022-03-31 13:10:34,545.0113925733533
2022-03-31 13:10:39,537.41
2022-03-31 13:10:44,537.41
2022-03-31 13:10:49,537.47
2022-03-31 13:10:54,545.0158075089292
2022-03-31 13:10:59,537.57
2022-03-31 13:11:04,545.0180149767173
2022-03-31 13:11:09,537.7
2022-03-31 13:11:14,545.0202224445053
2022-03-31 13:11:19,537.77
2022-03-31 13:11:24,537.8
2022-03-31 13:11:29,545.0235336461873
2022-03-31 13:11:34,537.93
2022-03-31 13:11:39,538.03
2022-03-31 13:11:44,538.09
2022-03-31 13:11:49,538.09
2022-03-31 13:11:54,538.16
2022-03-31 13:11:59,545.0301560495512
2022-03-31 13:12:04,545.0312597834452
2022-03-31 13:12:09,538.38
2022-03-31 13:12:14,538.45
2022-03-31 13:12:19,545.0345709851273
2022-03-31 13:12:24,538.54
2022-03-31 13:12:29,538.61
2022-03-31 13:12:34,538.74
2022-03-31 13:12:39,538.74
2022-03-31 13:12:44,538.83
2022-03-31 13:12:49,545.0411933884913
2022-03-31 13:12:54,538.97
2022-03-31 13:12:59,545.0434008562793
2022-03-31 13:13:04,539.12
2022-03-31 13:13:09,539.13
2022-03-31 13:13:14,539.26
2022-03-31 13:13:19,539.32
2022-03-31 13:13:24,545.0489195257493
2022-03-31 13:13:29,539.35
2022-03-31 13:13:34,545.0511269935372
2022-03-31 13:13:39,539.48
2022-03-31 13:13:44,539.55
2022-03-31 13:13:49,539.64
2022-03-31 13:13:54,539.64
2022-03-31 13:13:59,539.77
2022-03-31 13:14:04,545.0577493969013
2022-03-31 13:14:09,545.0588531307952
2022-03-31 13:14:14,539.87
2022-03-31 13:14:19,539.87
2022-03-31 13:14:24,540.0
2022-03-31 13:14:29,540.0
2022-03-31 13:14:34,540.06
2022-03-31 13:14:39,540.09
2022-03-31 13:14:44,540.16
2022-03-31 13:14:49,545.0676830019472
2022-03-31 13:14:54,540.35
2022-03-31 13:14:59,540.38
2022-03-31 13:15:04,545.0709942036292
2022-03-31 13:15:09,540.51
2022-03-31 13:15:14,540.51
2022-03-31 13:15:19,545.0743054053112
2022-03-31 13:15:24,545.0754091392052
2022-03-31 13:15:29,540.74
2022-03-31 13:15:34,540.74
2022-03-31 13:15:39,540.87
2022-03-31 13:15:44,540.87
2022-03-31 13:15:49,545.0809278086753
2022-03-31 13:15:54,541.03
2022-03-31 13:15:59,545.0831352764632
2022-03-31 13:16:04,541.12
2022-03-31 13:16:09,541.18
2022-03-31 13:16:14,541.25
2022-03-31 13:16:19,541.31
2022-03-31 13:16:24,541.38
2022-03-31 13:16:29,541.41
2022-03-31 13:16:34,541.41
2022-03-31 13:16:39,541.54
2022-03-31 13:16:44,541.54
2022-03-31 13:16:49,541.6
2022-03-31 13:16:54,541.63
2022-03-31 13:16:59,545.0963800831912
2022-03-31 13:17:04,541.7
2022-03-31 13:17:09,541.76
2022-03-31 13:17:14,541.76
2022-03-31 13:17:19,541.83
2022-03-31 13:17:24,541.89
2022-03-31 13:17:29,541.92
2022-03-31 13:17:34,541.92
2022-03-31 13:17:39,541.99
2022-03-31 13:17:44,542.11
2022-03-31 13:17:49,542.11
2022-03-31 13:17:54,545.1085211560252
2022-03-31 13:17:59,545.1096248899192
2022-03-31 13:18:04,545.1107286238132
2022-03-31 13:18:09,545.1118323577072
2022-03-31 13:18:14,545.1129360916012
2022-03-31 13:18:19,545.1140398254952
2022-03-31 13:18:24,545.1151435593893
2022-03-31 13:18:29,542.4
2022-03-31 13:18:34,542.44
2022-03-31 13:18:39,542.44
2022-03-31 13:18:44,542.5
2022-03-31 13:18:49,542.57
2022-03-31 13:18:54,545.1217659627532
2022-03-31 13:18:59,542.66
2022-03-31 13:19:04,545.1239734305412
2022-03-31 13:19:09,542.73
2022-03-31 13:19:14,542.73
2022-03-31 13:19:19,545.1272846322232
2022-03-31 13:19:24,542.8
2022-03-31 13:19:29,542.92
2022-03-31 13:19:34,542.86
2022-03-31 13:19:39,545.1316995677992
2022-03-31 13:19:44,542.96
2022-03-31 13:19:49,545.1339070355872
2022-03-31 13:19:54,542.96
2022-03-31 13:19:59,545.1361145033752
2022-03-31 13:20:04,543.03
2022-03-31 13:20:09,543.03
2022-03-31 13:20:14,543.03
2022-03-31 13:20:19,545.1405294389511
2022-03-31 13:20:24,543.03
2022-03-31 13:20:29,543.09
2022-03-31 13:20:34,545.1426398284281
2022-03-31 13:20:39,543.09
2022-03-31 13:20:44,543.09
2022-03-31 13:20:49,545.1331673835101
2022-03-31 13:20:54,543.1
2022-03-31 13:20:59,545.1268524202314
2022-03-31 13:21:04,545.1236949385922
2022-03-31 13:21:09,543.16
2022-03-31 13:21:14,545.1173799753135
2022-03-31 13:21:19,545.1142224936742
2022-03-31 13:21:24,545.1110650120349
2022-03-31 13:21:29,543.17
2022-03-31 13:21:34,545.1047500487563
2022-03-31 13:21:39,543.17
2022-03-31 13:21:44,543.17
2022-03-31 13:21:49,543.17
2022-03-31 13:21:54,545.092120122199
2022-03-31 13:21:59,543.1
2022-03-31 13:22:04,545.0858051589204
2022-03-31 13:22:09,543.1
2022-03-31 13:22:14,543.1
2022-03-31 13:22:19,543.1
2022-03-31 13:22:24,543.04
2022-03-31 13:22:29,543.04
2022-03-31 13:22:34,545.0668602690845
2022-03-31 13:22:39,542.98
2022-03-31 13:22:44,545.0605453058058
2022-03-31 13:22:49,542.95
2022-03-31 13:22:54,545.0542303425273
2022-03-31 13:22:59,542.88
2022-03-31 13:23:04,542.88
2022-03-31 13:23:09,542.82
2022-03-31 13:23:14,542.75
2022-03-31 13:23:19,545.0384429343306
2022-03-31 13:23:24,542.66
2022-03-31 13:23:29,545.032127971052
2022-03-31 13:23:34,542.53
2022-03-31 13:23:39,542.53
2022-03-31 13:23:44,545.022655526134
2022-03-31 13:23:49,542.43
2022-03-31 13:23:54,545.0163405628554
2022-03-31 13:23:59,542.37
2022-03-31 13:24:04,542.24
2022-03-31 13:24:09,542.18
2022-03-31 13:24:14,542.08
2022-03-31 13:24:19,542.08
2022-03-31 13:24:24,542.08
2022-03-31 13:24:29,541.95
2022-03-31 13:24:34,544.9910807097408
2022-03-31 13:24:39,541.79
2022-03-31 13:24:44,544.9847657464622
2022-03-31 13:24:49,541.67
2022-03-31 13:24:54,541.63
2022-03-31 13:24:59,541.57
2022-03-31 13:25:04,541.44
2022-03-31 13:25:09,541.41
2022-03-31 13:25:14,541.28
2022-03-31 13:25:19,541.22
2022-03-31 13:25:24,541.22
2022-03-31 13:25:29,541.12
2022-03-31 13:25:34,541.12
2022-03-31 13:25:39,540.99
2022-03-31 13:25:44,540.99
2022-03-31 13:25:49,540.93
2022-03-31 13:25:54,544.9405610035118
2022-03-31 13:25:59,540.83
2022-03-31 13:26:04,544.9342460402331
2022-03-31 13:26:09,540.64
2022-03-31 13:26:14,540.6
2022-03-31 13:26:19,540.54
2022-03-31 13:26:24,540.54
2022-03-31 13:26:29,540.41
2022-03-31 13:26:34,540.31
2022-03-31 13:26:39,540.32
2022-03-31 13:26:44,540.25
2022-03-31 13:26:49,544.9058287054793
2022-03-31 13:26:54,540.12
2022-03-31 13:26:59,544.8995137422007
2022-03-31 13:27:04,539.96
2022-03-31 13:27:09,544.893198778922
2022-03-31 13:27:14,539.8
2022-03-31 13:27:19,539.74
2022-03-31 13:27:24,544.8837263340041
2022-03-31 13:27:29,539.58
2022-03-31 13:27:34,539.52
2022-03-31 13:27:39,539.39
2022-03-31 13:27:44,539.39
2022-03-31 13:27:49,544.8679389258075
2022-03-31 13:27:54,539.17
2022-03-31 13:27:59,539.1
2022-03-31 13:28:04,539.07
2022-03-31 13:28:09,538.94
2022-03-31 13:28:14,538.94
2022-03-31 13:28:19,544.8489940359716
2022-03-31 13:28:24,538.79
2022-03-31 13:28:29,544.8426790726929
2022-03-31 13:28:34,538.59
2022-03-31 13:28:39,544.8363641094144
2022-03-31 13:28:44,538.43
2022-03-31 13:28:49,538.34
2022-03-31 13:28:54,544.8268916644964
2022-03-31 13:28:59,538.21
2022-03-31 13:29:04,538.15
2022-03-31 13:29:09,544.8174192195785
2022-03-31 13:29:14,537.99
2022-03-31 13:29:19,544.8111042562998
2022-03-31 13:29:24,537.86
2022-03-31 13:29:29,544.8047892930211
2022-03-31 13:29:34,537.83
2022-03-31 13:29:39,537.77
2022-03-31 13:29:44,537.7
2022-03-31 13:29:49,537.64
2022-03-31 13:29:54,544.7890018848245
2022-03-31 13:29:59,537.54
2022-03-31 13:30:04,537.48
2022-03-31 13:30:09,544.7795294399066
2022-03-31 13:30:14,537.35
2022-03-31 13:30:19,537.32
2022-03-31 13:30:24,537.32
2022-03-31 13:30:29,544.7668995133494
2022-03-31 13:30:34,537.19
2022-03-31 13:30:39,537.13
2022-03-31 13:30:44,537.07
2022-03-31 13:30:49,537.07
2022-03-31 13:30:54,537.07
2022-03-31 13:30:59,537.04
2022-03-31 13:31:04,536.97
2022-03-31 13:31:09,536.97
2022-03-31 13:31:14,536.91
2022-03-31 13:31:19,536.91
2022-03-31 13:31:24,544.7321672153168
2022-03-31 13:31:29,544.7290097336776
2022-03-31 13:31:34,536.85
2022-03-31 13:31:39,536.84
2022-03-31 13:31:44,544.7195372887596
2022-03-31 13:31:49,536.85
2022-03-31 13:31:54,536.82
2022-03-31 13:31:59,536.81
2022-03-31 13:32:04,536.85
2022-03-31 13:32:09,544.703749880563
2022-03-31 13:32:14,536.81
2022-03-31 13:32:19,536.82
2022-03-31 13:32:24,536.82
2022-03-31 13:32:29,536.82
2022-03-31 13:32:34,536.82
2022-03-31 13:32:39,544.6848049907271
2022-03-31 13:32:44,536.85
2022-03-31 13:32:49,536.85
2022-03-31 13:32:54,536.85
2022-03-31 13:32:59,544.6721750641699
2022-03-31 13:33:04,544.6690175825306
2022-03-31 13:33:09,536.98
2022-03-31 13:33:14,536.98
2022-03-31 13:33:19,537.04
2022-03-31 13:33:24,537.07
2022-03-31 13:33:29,537.14
2022-03-31 13:33:34,537.2
2022-03-31 13:33:39,537.26
2022-03-31 13:33:44,544.643757729416
2022-03-31 13:33:49,544.6406002477767
2022-03-31 13:33:54,537.42
2022-03-31 13:33:59,544.6342852844981
2022-03-31 13:34:04,537.56
2022-03-31 13:34:09,537.59
2022-03-31 13:34:14,544.62481283958
2022-03-31 13:34:19,537.78
2022-03-31 13:34:24,537.88
2022-03-31 13:34:29,544.6153403946621
2022-03-31 13:34:34,538.0
2022-03-31 13:34:39,538.07
2022-03-31 13:34:44,538.16
2022-03-31 13:34:49,538.23
2022-03-31 13:34:54,544.6211811964207
2022-03-31 13:34:59,538.39
2022-03-31 13:35:04,538.52
2022-03-31 13:35:09,544.6318399268889
2022-03-31 13:35:14,544.635392837045
2022-03-31 13:35:19,538.81
2022-03-31 13:35:24,538.87
2022-03-31 13:35:29,538.97
2022-03-31 13:35:34,539.04
2022-03-31 13:35:39,544.6531573878253
2022-03-31 13:35:44,544.6567102979815
2022-03-31 13:35:49,544.6602632081375
2022-03-31 13:35:54,544.6638161182935
2022-03-31 13:35:59,544.6673690284497
2022-03-31 13:36:04,539.49
2022-03-31 13:36:09,544.6744748487617
2022-03-31 13:36:14,539.71
2022-03-31 13:36:19,544.681580669074
2022-03-31 13:36:24,544.6851335792301
2022-03-31 13:36:29,539.91
2022-03-31 13:36:34,544.6922393995422
2022-03-31 13:36:39,544.6957923096983
2022-03-31 13:36:44,544.6993452198543
2022-03-31 13:36:49,540.17
2022-03-31 13:36:54,544.7064510401665
2022-03-31 13:36:59,540.3
2022-03-31 13:37:04,540.36
2022-03-31 13:37:09,544.7171097706347
2022-03-31 13:37:14,544.7206626807908
2022-03-31 13:37:19,540.53
2022-03-31 13:37:24,540.53
2022-03-31 13:37:29,540.59
2022-03-31 13:37:34,540.66
2022-03-31 13:37:39,540.66
2022-03-31 13:37:44,544.7419801417273
2022-03-31 13:37:49,540.76
2022-03-31 13:37:54,544.7490859620394
2022-03-31 13:37:59,540.82
2022-03-31 13:38:04,540.82
2022-03-31 13:38:09,540.89
2022-03-31 13:38:14,540.89
2022-03-31 13:38:19,540.95
2022-03-31 13:38:24,540.99
2022-03-31 13:38:29,540.99
2022-03-31 13:38:34,541.05
2022-03-31 13:38:39,541.05
2022-03-31 13:38:44,544.7846150636002
2022-03-31 13:38:49,544.7881679737562
2022-03-31 13:38:54,544.7917208839124
2022-03-31 13:38:59,544.7952737940684
2022-03-31 13:39:04,541.18
2022-03-31 13:39:09,544.8023796143806
2022-03-31 13:39:14,541.22
2022-03-31 13:39:19,541.22
2022-03-31 13:39:24,541.19
2022-03-31 13:39:29,541.22
2022-03-31 13:39:34,541.22
2022-03-31 13:39:39,541.22
2022-03-31 13:39:44,544.8272499854731
2022-03-31 13:39:49,541.29
2022-03-31 13:39:54,541.29
2022-03-31 13:39:59,544.8379087159414
2022-03-31 13:40:04,541.35
2022-03-31 13:40:09,544.8450145362535
2022-03-31 13:40:14,541.42
2022-03-31 13:40:19,541.41
2022-03-31 13:40:24,541.41
2022-03-31 13:40:29,541.41
2022-03-31 13:40:34,544.8627790870339
2022-03-31 13:40:39,541.48
2022-03-31 13:40:44,541.48
2022-03-31 13:40:49,544.8734378175021
2022-03-31 13:40:54,541.51
2022-03-31 13:40:59,541.51
2022-03-31 13:41:04,541.51
2022-03-31 13:41:09,541.51
2022-03-31 13:41:14,541.51
2022-03-31 13:41:19,544.8947552784385
2022-03-31 13:41:24,541.58
2022-03-31 13:41:29,541.64
2022-03-31 13:41:34,544.9054140089069
2022-03-31 13:41:39,541.58
2022-03-31 13:41:44,541.58
2022-03-31 13:41:49,541.64
2022-03-31 13:41:54,541.64
2022-03-31 13:41:59,544.9231785596871
2022-03-31 13:42:04,541.71
2022-03-31 13:42:09,544.9302843799993
2022-03-31 13:42:14,541.71
2022-03-31 13:42:19,541.7
2022-03-31 13:42:24,544.9409431104676
2022-03-31 13:42:29,541.74
2022-03-31 13:42:34,541.74
2022-03-31 13:42:39,544.9516018409358
2022-03-31 13:42:44,544.9551547510919
2022-03-31 13:42:49,541.8
2022-03-31 13:42:54,541.8
2022-03-31 13:42:59,541.8
2022-03-31 13:43:04,544.9693663917162
2022-03-31 13:43:09,544.9729193018723
2022-03-31 13:43:14,541.8
2022-03-31 13:43:19,544.9800251221844
2022-03-31 13:43:24,541.87
2022-03-31 13:43:29,541.86
2022-03-31 13:43:34,541.8
2022-03-31 13:43:39,541.86
2022-03-31 13:43:44,544.9977896729648
2022-03-31 13:43:49,545.0013425831208
2022-03-31 13:43:54,541.86
2022-03-31 13:43:59,545.008448403433
2022-03-31 13:44:04,541.86
2022-03-31 13:44:09,541.79
2022-03-31 13:44:14,541.79
2022-03-31 13:44:19,541.79
2022-03-31 13:44:24,541.73
2022-03-31 13:44:29,541.73
2022-03-31 13:44:34,545.0333187745256
2022-03-31 13:44:39,541.7
2022-03-31 13:44:44,541.7
2022-03-31 13:44:49,545.0439775049938
2022-03-31 13:44:54,545.0475304151499
2022-03-31 13:44:59,545.051083325306
2022-03-31 13:45:04,541.63
2022-03-31 13:45:09,541.57
2022-03-31 13:45:14,541.57
2022-03-31 13:45:19,541.57
2022-03-31 13:45:24,545.0688478760864
2022-03-31 13:45:29,545.0724007862424
2022-03-31 13:45:34,541.51
2022-03-31 13:45:39,545.0795066065546
2022-03-31 13:45:44,541.41
2022-03-31 13:45:49,541.28
2022-03-31 13:45:54,541.29
2022-03-31 13:45:59,541.29
2022-03-31 13:46:04,545.097271157335
2022-03-31 13:46:09,541.19
2022-03-31 13:46:14,541.19
2022-03-31 13:46:19,545.1079298878032
2022-03-31 13:46:24,541.13
2022-03-31 13:46:29,541.06
2022-03-31 13:46:34,541.0
2022-03-31 13:46:39,545.1221415284275
2022-03-31 13:46:44,540.97
2022-03-31 13:46:49,540.91
2022-03-31 13:46:54,540.9
2022-03-31 13:46:59,545.1363531690519
2022-03-31 13:47:04,545.1399060792079
2022-03-31 13:47:09,540.84
2022-03-31 13:47:14,540.78
2022-03-31 13:47:19,540.72
2022-03-31 13:47:24,540.72
2022-03-31 13:47:29,540.62
2022-03-31 13:47:34,540.62
2022-03-31 13:47:39,540.56
2022-03-31 13:47:44,540.49
2022-03-31 13:47:49,540.46
2022-03-31 13:47:54,540.4
2022-03-31 13:47:59,540.4
2022-03-31 13:48:04,540.34
2022-03-31 13:48:09,540.34
2022-03-31 13:48:14,540.27
2022-03-31 13:48:19,540.2
2022-03-31 13:48:24,540.17
2022-03-31 13:48:29,540.11
2022-03-31 13:48:34,540.17
2022-03-31 13:48:39,540.05
2022-03-31 13:48:44,545.2105385536101
2022-03-31 13:48:49,539.98
2022-03-31 13:48:54,539.98
2022-03-31 13:48:59,539.98
2022-03-31 13:49:04,539.95
2022-03-31 13:49:09,545.2153538558457
2022-03-31 13:49:14,545.2163169162928
2022-03-31 13:49:19,539.88
2022-03-31 13:49:24,539.89
2022-03-31 13:49:29,539.82
2022-03-31 13:49:34,539.82
2022-03-31 13:49:39,539.82
2022-03-31 13:49:44,545.2220952789755
2022-03-31 13:49:49,539.69
2022-03-31 13:49:54,545.2240213998697
2022-03-31 13:49:59,539.69
2022-03-31 13:50:04,545.225947520764
2022-03-31 13:50:09,539.66
2022-03-31 13:50:14,539.69
2022-03-31 13:50:19,539.69
2022-03-31 13:50:24,539.69
2022-03-31 13:50:29,545.2307628229995
2022-03-31 13:50:34,545.2317258834466
2022-03-31 13:50:39,539.69
2022-03-31 13:50:44,539.69
2022-03-31 13:50:49,539.69
2022-03-31 13:50:54,539.75
2022-03-31 13:50:59,539.69
2022-03-31 13:51:04,539.75
2022-03-31 13:51:09,539.76
2022-03-31 13:51:14,545.2394303670235
2022-03-31 13:51:19,545.2403934274706
2022-03-31 13:51:24,539.82
2022-03-31 13:51:29,545.2423195483649
2022-03-31 13:51:34,539.82
2022-03-31 13:51:39,539.82
2022-03-31 13:51:44,545.2452087297062
2022-03-31 13:51:49,539.88
2022-03-31 13:51:54,545.2471348506004
2022-03-31 13:51:59,539.95
2022-03-31 13:52:04,539.98
2022-03-31 13:52:09,539.98
2022-03-31 13:52:14,539.97
2022-03-31 13:52:19,540.1
2022-03-31 13:52:24,540.1
2022-03-31 13:52:29,545.2538762737302
2022-03-31 13:52:34,545.2548393341773
2022-03-31 13:52:39,545.2558023946244
2022-03-31 13:52:44,545.2567654550716
2022-03-31 13:52:49,545.2577285155187
2022-03-31 13:52:54,540.33
2022-03-31 13:52:59,545.2596546364128
2022-03-31 13:53:04,545.26061769686
2022-03-31 13:53:09,545.2615807573071
2022-03-31 13:53:14,540.45
2022-03-31 13:53:19,540.55
2022-03-31 13:53:24,540.55
2022-03-31 13:53:29,545.2654329990955
2022-03-31 13:53:34,540.61
2022-03-31 13:53:39,540.68
2022-03-31 13:53:44,540.71
2022-03-31 13:53:49,540.77
2022-03-31 13:53:54,545.2702483013311
2022-03-31 13:53:59,540.84
2022-03-31 13:54:04,545.2721744222254
2022-03-31 13:54:09,545.2731374826725
2022-03-31 13:54:14,540.91
2022-03-31 13:54:19,545.2750636035667
2022-03-31 13:54:24,545.2760266640138
2022-03-31 13:54:29,541.0
2022-03-31 13:54:34,545.277952784908
2022-03-31 13:54:39,541.06
2022-03-31 13:54:44,541.07
2022-03-31 13:54:49,545.2808419662493
2022-03-31 13:54:54,541.13
2022-03-31 13:54:59,545.2827680871436
2022-03-31 13:55:04,541.2
2022-03-31 13:55:09,541.2
2022-03-31 13:55:14,541.23
2022-03-31 13:55:19,545.286620328932
2022-03-31 13:55:24,541.23
2022-03-31 13:55:29,545.2885464498262
2022-03-31 13:55:34,545.2895095102733
2022-03-31 13:55:39,541.3
2022-03-31 13:55:44,541.3
2022-03-31 13:55:49,541.3
2022-03-31 13:55:54,545.2933617520619
2022-03-31 13:55:59,545.2943248125089
2022-03-31 13:56:04,541.36
2022-03-31 13:56:09,545.2962509334031
2022-03-31 13:56:14,541.36
2022-03-31 13:56:19,545.2981770542974
2022-03-31 13:56:24,541.36
2022-03-31 13:56:29,541.49
2022-03-31 13:56:34,541.43
2022-03-31 13:56:39,545.3020292960858
2022-03-31 13:56:44,545.302992356533
2022-03-31 13:56:49,541.49
2022-03-31 13:56:54,541.5
2022-03-31 13:56:59,545.3058815378743
2022-03-31 13:57:04,545.3068445983214
2022-03-31 13:57:09,541.53
2022-03-31 13:57:14,541.53
2022-03-31 13:57:19,541.53
2022-03-31 13:57:24,545.3106968401098
2022-03-31 13:57:29,541.53
2022-03-31 13:57:34,541.6
2022-03-31 13:57:39,541.6
2022-03-31 13:57:44,541.6
2022-03-31 13:57:49,545.3155121423454
2022-03-31 13:57:54,545.3164752027925
2022-03-31 13:57:59,545.3174382632396
2022-03-31 13:58:04,541.73
2022-03-31 13:58:09,545.3193643841338
2022-03-31 13:58:14,541.73
2022-03-31 13:58:19,545.3212905050281
2022-03-31 13:58:24,541.73
2022-03-31 13:58:29,541.73
2022-03-31 13:58:34,541.66
2022-03-31 13:58:39,541.73
2022-03-31 13:58:44,545.3261058072636
2022-03-31 13:58:49,545.3270688677108
2022-03-31 13:58:54,541.73
2022-03-31 13:58:59,545.328994988605
2022-03-31 13:59:04,545.329958049052
2022-03-31 13:59:09,541.73
2022-03-31 13:59:14,541.73
2022-03-31 13:59:19,541.66
2022-03-31 13:59:24,541.66
2022-03-31 13:59:29,541.66
2022-03-31 13:59:34,541.6
2022-03-31 13:59:39,545.3366994721819
2022-03-31 13:59:44,545.337662532629
2022-03-31 13:59:49,541.54
2022-03-31 13:59:54,541.6
2022-03-31 13:59:59,541.6
2022-03-31 14:00:04,541.54
2022-03-31 14:00:09,541.53
2022-03-31 14:00:14,541.53
2022-03-31 14:00:19,541.5
2022-03-31 14:00:24,541.5
2022-03-31 14:00:29,541.5
2022-03-31 14:00:34,541.5
2022-03-31 14:00:39,541.44
2022-03-31 14:00:44,541.44
2022-03-31 14:00:49,545.3501823184414
2022-03-31 14:00:54,545.3511453788885
2022-03-31 14:00:59,545.3521084393357
2022-03-31 14:01:04,545.3530714997828
2022-03-31 14:01:09,541.37
2022-03-31 14:01:14,541.37
2022-03-31 14:01:19,541.31
2022-03-31 14:01:24,541.31
2022-03-31 14:01:29,545.3578868020184
2022-03-31 14:01:34,545.3588498624655
2022-03-31 14:01:39,541.24
2022-03-31 14:01:44,541.21
2022-03-31 14:01:49,541.15
2022-03-31 14:01:54,541.08
2022-03-31 14:01:59,541.08
2022-03-31 14:02:04,541.08
2022-03-31 14:02:09,541.15
2022-03-31 14:02:14,541.08
2022-03-31 14:02:19,541.01
2022-03-31 14:02:24,541.01
2022-03-31 14:02:29,541.01
2022-03-31 14:02:34,540.98
2022-03-31 14:02:39,545.3713696482779
2022-03-31 14:02:44,540.92
2022-03-31 14:02:49,545.3731157809775
2022-03-31 14:02:54,540.92
2022-03-31 14:02:59,540.92
2022-03-31 14:03:04,540.92
2022-03-31 14:03:09,545.3701551362865
2022-03-31 14:03:14,545.3694149751137
2022-03-31 14:03:19,545.368674813941
2022-03-31 14:03:24,540.73
2022-03-31 14:03:29,545.3671944915956
2022-03-31 14:03:34,540.7
2022-03-31 14:03:39,540.63
2022-03-31 14:03:44,540.63
2022-03-31 14:03:49,540.57
2022-03-31 14:03:54,540.57
2022-03-31 14:03:59,540.47
2022-03-31 14:04:04,545.3620133633864
2022-03-31 14:04:09,545.3612732022136
2022-03-31 14:04:14,545.3605330410409
2022-03-31 14:04:19,545.3597928798681
2022-03-31 14:04:24,545.3590527186954
2022-03-31 14:04:29,540.22
2022-03-31 14:04:34,540.28
2022-03-31 14:04:39,545.3568322351771
2022-03-31 14:04:44,540.22
2022-03-31 14:04:49,540.18
2022-03-31 14:04:54,540.12
2022-03-31 14:04:59,540.12
2022-03-31 14:05:04,540.06
2022-03-31 14:05:09,540.06
2022-03-31 14:05:14,540.0
2022-03-31 14:05:19,545.3509109457951
2022-03-31 14:05:24,539.97
2022-03-31 14:05:29,545.3494306234497
2022-03-31 14:05:34,539.9
2022-03-31 14:05:39,539.84
2022-03-31 14:05:44,539.77
2022-03-31 14:05:49,539.77
2022-03-31 14:05:54,539.71
2022-03-31 14:05:59,539.68
2022-03-31 14:06:04,539.68
2022-03-31 14:06:09,539.61
2022-03-31 14:06:14,539.61
2022-03-31 14:06:19,539.55
2022-03-31 14:06:24,539.48
2022-03-31 14:06:29,539.48
2022-03-31 14:06:34,539.45
2022-03-31 14:06:39,545.3390683670312
2022-03-31 14:06:44,539.39
2022-03-31 14:06:49,539.33
2022-03-31 14:06:54,539.33
2022-03-31 14:06:59,539.26
2022-03-31 14:07:04,545.3353675611676
2022-03-31 14:07:09,545.3346273999948
2022-03-31 14:07:14,545.3338872388221
2022-03-31 14:07:19,539.1
2022-03-31 14:07:24,539.1
2022-03-31 14:07:29,539.04
2022-03-31 14:07:34,545.3309265941311
2022-03-31 14:07:39,538.97
2022-03-31 14:07:44,545.3294462717856
2022-03-31 14:07:49,538.87
2022-03-31 14:07:54,545.3279659494401
2022-03-31 14:07:59,538.81
2022-03-31 14:08:04,538.75
2022-03-31 14:08:09,538.75
2022-03-31 14:08:14,538.68
2022-03-31 14:08:19,538.65
2022-03-31 14:08:24,538.65
2022-03-31 14:08:29,545.3227848212309
2022-03-31 14:08:34,538.59
2022-03-31 14:08:39,538.52
2022-03-31 14:08:44,538.52
2022-03-31 14:08:49,538.52
2022-03-31 14:08:54,545.3190840153673
2022-03-31 14:08:59,545.3183438541945
2022-03-31 14:09:04,538.45
2022-03-31 14:09:09,538.42
2022-03-31 14:09:14,545.3161233706762
2022-03-31 14:09:19,545.3153832095035
2022-03-31 14:09:24,545.3146430483307
2022-03-31 14:09:29,545.3139028871581
2022-03-31 14:09:34,538.42
2022-03-31 14:09:39,538.36
2022-03-31 14:09:44,545.3116824036398
2022-03-31 14:09:49,538.36
2022-03-31 14:09:54,538.36
2022-03-31 14:09:59,538.42
2022-03-31 14:10:04,538.42
2022-03-31 14:10:09,545.307981597776
2022-03-31 14:10:14,545.3072414366034
2022-03-31 14:10:19,545.3065012754306
2022-03-31 14:10:24,538.45
2022-03-31 14:10:29,538.41
2022-03-31 14:10:34,538.41
2022-03-31 14:10:39,538.45
2022-03-31 14:10:44,538.45
2022-03-31 14:10:49,538.51
2022-03-31 14:10:54,538.51
2022-03-31 14:10:59,545.3005799860487
2022-03-31 14:11:04,538.51
2022-03-31 14:11:09,545.2990996637031
2022-03-31 14:11:14,545.2983595025304
2022-03-31 14:11:19,538.64
2022-03-31 14:11:24,545.2968791801849
2022-03-31 14:11:29,538.67
2022-03-31 14:11:34,538.67
2022-03-31 14:11:39,538.73
2022-03-31 14:11:44,538.73
2022-03-31 14:11:49,545.2931783743212
2022-03-31 14:11:54,545.2924382131484
2022-03-31 14:11:59,538.8
2022-03-31 14:12:04,538.86
2022-03-31 14:12:09,538.93
2022-03-31 14:12:14,545.2894775684574
2022-03-31 14:12:19,538.96
2022-03-31 14:12:24,538.96
2022-03-31 14:12:29,545.2872570849393
2022-03-31 14:12:34,539.09
2022-03-31 14:12:39,545.2857767625937
2022-03-31 14:12:44,539.15
2022-03-31 14:12:49,545.2842964402482
2022-03-31 14:12:54,539.16
2022-03-31 14:12:59,539.19
2022-03-31 14:13:04,539.19
2022-03-31 14:13:09,539.25
2022-03-31 14:13:14,539.32
2022-03-31 14:13:19,539.38
2022-03-31 14:13:24,545.279115312039
2022-03-31 14:13:29,539.45
2022-03-31 14:13:34,539.48
2022-03-31 14:13:39,539.48
2022-03-31 14:13:44,539.55
2022-03-31 14:13:49,545.2754145061754
2022-03-31 14:13:54,539.61
2022-03-31 14:13:59,539.68
2022-03-31 14:14:04,539.68
2022-03-31 14:14:09,545.2724538614843
2022-03-31 14:14:14,539.77
2022-03-31 14:14:19,545.2709735391389
2022-03-31 14:14:24,545.2702333779662
2022-03-31 14:14:29,545.2694932167934
2022-03-31 14:14:34,539.97
2022-03-31 14:14:39,545.2680128944479
2022-03-31 14:14:44,540.0
2022-03-31 14:14:49,545.2665325721024
2022-03-31 14:14:54,540.07
2022-03-31 14:14:59,540.07
2022-03-31 14:15:04,540.07
2022-03-31 14:15:09,540.13
2022-03-31 14:15:14,545.2628317662387
2022-03-31 14:15:19,540.2
2022-03-31 14:15:24,540.2
2022-03-31 14:15:29,540.23
2022-03-31 14:15:34,545.2598711215477
2022-03-31 14:15:39,540.2
2022-03-31 14:15:44,540.23
2022-03-31 14:15:49,540.23
2022-03-31 14:15:54,545.2569104768568
2022-03-31 14:15:59,545.256170315684
2022-03-31 14:16:04,540.36
2022-03-31 14:16:09,540.43
2022-03-31 14:16:14,545.2539498321657
2022-03-31 14:16:19,540.49
2022-03-31 14:16:24,540.49
2022-03-31 14:16:29,540.49
2022-03-31 14:16:34,540.49
2022-03-31 14:16:39,545.2502490263021
2022-03-31 14:16:44,540.52
2022-03-31 14:16:49,540.58
2022-03-31 14:16:54,545.2478419518626
2022-03-31 14:16:59,540.58
2022-03-31 14:17:04,540.65
2022-03-31 14:17:09,540.65
2022-03-31 14:17:14,545.228989980384
2022-03-31 14:17:19,545.2242769875144
2022-03-31 14:17:24,540.65
2022-03-31 14:17:29,540.65
2022-03-31 14:17:34,545.2101380089053
2022-03-31 14:17:39,540.71
2022-03-31 14:17:44,540.64
2022-03-31 14:17:49,545.1959990302964
2022-03-31 14:17:54,545.1912860374267
2022-03-31 14:17:59,540.71
2022-03-31 14:18:04,540.71
2022-03-31 14:18:09,540.71
2022-03-31 14:18:14,545.1724340659481
2022-03-31 14:18:19,540.71
2022-03-31 14:18:24,545.1630080802088
2022-03-31 14:18:29,540.71
2022-03-31 14:18:34,540.64
2022-03-31 14:18:39,540.71
2022-03-31 14:18:44,545.1441561087302
2022-03-31 14:18:49,540.71
2022-03-31 14:18:54,540.71
2022-03-31 14:18:59,545.1300171301212
2022-03-31 14:19:04,540.64
2022-03-31 14:19:09,545.1205911443819
2022-03-31 14:19:14,545.1158781515122
2022-03-31 14:19:19,540.64
2022-03-31 14:19:24,540.64
2022-03-31 14:19:29,540.57
2022-03-31 14:19:34,540.57
2022-03-31 14:19:39,540.58
2022-03-31 14:19:44,540.64
2022-03-31 14:19:49,540.57
2022-03-31 14:19:54,540.57
2022-03-31 14:19:59,540.57
2022-03-31 14:20:04,540.57
2022-03-31 14:20:09,540.64
2022-03-31 14:20:14,540.63
2022-03-31 14:20:19,540.7
2022-03-31 14:20:24,545.049896251337
2022-03-31 14:20:29,545.0451832584673
2022-03-31 14:20:34,540.73
2022-03-31 14:20:39,540.79
2022-03-31 14:20:44,540.86
2022-03-31 14:20:49,545.0263312869887
2022-03-31 14:20:54,540.99
2022-03-31 14:20:59,545.0169053012494
2022-03-31 14:21:04,541.15
2022-03-31 14:21:09,545.0074793155101
2022-03-31 14:21:14,541.25
2022-03-31 14:21:19,541.31
2022-03-31 14:21:24,541.38
2022-03-31 14:21:29,541.51
2022-03-31 14:21:34,544.9839143511618
2022-03-31 14:21:39,541.67
2022-03-31 14:21:44,544.9744883654225
2022-03-31 14:21:49,541.77
2022-03-31 14:21:54,544.9650623796831
2022-03-31 14:21:59,541.96
2022-03-31 14:22:04,542.06
2022-03-31 14:22:09,542.19
2022-03-31 14:22:14,542.25
2022-03-31 14:22:19,542.35
2022-03-31 14:22:24,544.9367844224652
2022-03-31 14:22:29,542.54
2022-03-31 14:22:34,544.9273584367259
2022-03-31 14:22:39,542.7
2022-03-31 14:22:44,542.8
2022-03-31 14:22:49,542.87
2022-03-31 14:22:54,542.99
2022-03-31 14:22:59,543.09
2022-03-31 14:23:04,543.16
2022-03-31 14:23:09,543.22
2022-03-31 14:23:14,543.32
2022-03-31 14:23:19,543.39
2022-03-31 14:23:24,543.51
2022-03-31 14:23:29,544.8755155151597
2022-03-31 14:23:34,543.61
2022-03-31 14:23:39,543.67
2022-03-31 14:23:44,543.74
2022-03-31 14:23:49,543.8
2022-03-31 14:23:54,543.9
2022-03-31 14:23:59,543.97
2022-03-31 14:24:04,544.1
2022-03-31 14:24:09,544.1
2022-03-31 14:24:14,544.8330985793327
2022-03-31 14:24:19,544.26
2022-03-31 14:24:24,544.32
2022-03-31 14:24:29,544.36
2022-03-31 14:24:34,544.42
2022-03-31 14:24:39,544.55
2022-03-31 14:24:44,544.61
2022-03-31 14:24:49,544.8001076292452
2022-03-31 14:24:54,544.7953946363755
2022-03-31 14:24:59,544.84
2022-03-31 14:25:04,544.84
2022-03-31 14:25:09,545.0
2022-03-31 14:25:14,544.94
2022-03-31 14:25:19,545.06
2022-03-31 14:25:24,544.7671166791575
2022-03-31 14:25:29,544.7624036862878
2022-03-31 14:25:34,545.29
2022-03-31 14:25:39,545.35
2022-03-31 14:25:44,545.35
2022-03-31 14:25:49,545.51
2022-03-31 14:25:54,545.51
2022-03-31 14:25:59,545.58
2022-03-31 14:26:04,545.64
2022-03-31 14:26:09,545.67
2022-03-31 14:26:14,545.73
2022-03-31 14:26:19,545.8
2022-03-31 14:26:24,544.7105607647217
2022-03-31 14:26:29,545.9
2022-03-31 14:26:34,545.96
2022-03-31 14:26:39,544.6964217861126
2022-03-31 14:26:44,546.09
2022-03-31 14:26:49,546.09
2022-03-31 14:26:54,546.18
2022-03-31 14:26:59,546.18
2022-03-31 14:27:04,546.31
2022-03-31 14:27:09,546.31
2022-03-31 14:27:14,546.38
2022-03-31 14:27:19,544.6587178431554
2022-03-31 14:27:24,544.6540048502858
2022-03-31 14:27:29,544.6492918574161
2022-03-31 14:27:34,546.54
2022-03-31 14:27:39,546.54
2022-03-31 14:27:44,544.635152878807
2022-03-31 14:27:49,546.6
2022-03-31 14:27:54,546.6
2022-03-31 14:27:59,544.6210139001981
2022-03-31 14:28:04,546.66
2022-03-31 14:28:09,544.6115879144588
2022-03-31 14:28:14,544.6068749215891
2022-03-31 14:28:19,546.59
2022-03-31 14:28:24,546.6
2022-03-31 14:28:29,546.53
2022-03-31 14:28:34,546.53
2022-03-31 14:28:39,546.53
2022-03-31 14:28:44,546.46
2022-03-31 14:28:49,544.5738839715016
2022-03-31 14:28:54,544.5691709786319
2022-03-31 14:28:59,544.5644579857623
2022-03-31 14:29:04,544.5597449928925
2022-03-31 14:29:09,546.17
2022-03-31 14:29:14,546.14
2022-03-31 14:29:19,546.07
2022-03-31 14:29:24,545.95
2022-03-31 14:29:29,545.85
2022-03-31 14:29:34,545.72
2022-03-31 14:29:39,545.62
2022-03-31 14:29:44,545.49
2022-03-31 14:29:49,545.27
2022-03-31 14:29:54,545.14
2022-03-31 14:29:59,544.5079020713264
2022-03-31 14:30:04,544.5031890784567
2022-03-31 14:30:09,544.69
2022-03-31 14:30:14,544.46
2022-03-31 14:30:19,544.4890500998476
2022-03-31 14:30:24,544.08
2022-03-31 14:30:29,543.89
2022-03-31 14:30:34,543.73
2022-03-31 14:30:39,543.5
2022-03-31 14:30:44,543.31
2022-03-31 14:30:49,544.4607721426297
2022-03-31 14:30:54,542.86
2022-03-31 14:30:59,542.7
2022-03-31 14:31:04,544.4219730629309
2022-03-31 14:31:09,542.24
2022-03-31 14:31:14,544.3626408924122
2022-03-31 14:31:19,541.66
2022-03-31 14:31:24,541.44
2022-03-31 14:31:29,544.2736426366341
2022-03-31 14:31:34,540.87
2022-03-31 14:31:39,540.57
2022-03-31 14:31:44,540.29
2022-03-31 14:31:49,540.06
2022-03-31 14:31:54,539.77
2022-03-31 14:31:59,544.095646125078
2022-03-31 14:32:04,539.16
2022-03-31 14:32:09,538.87
2022-03-31 14:32:14,544.0066478692999
2022-03-31 14:32:19,543.9769817840404
2022-03-31 14:32:24,543.9473156987813
2022-03-31 14:32:29,537.65
2022-03-31 14:32:34,537.33
2022-03-31 14:32:39,537.13
2022-03-31 14:32:44,536.88
2022-03-31 14:32:49,536.59
2022-03-31 14:32:54,536.36
2022-03-31 14:32:59,536.07
2022-03-31 14:33:04,543.7099870167061
2022-03-31 14:33:09,535.49
2022-03-31 14:33:14,543.6506548461875
2022-03-31 14:33:19,534.98
2022-03-31 14:33:24,543.5913226756686
2022-03-31 14:33:29,534.53
2022-03-31 14:33:34,543.53199050515
2022-03-31 14:33:39,543.5023244198906
2022-03-31 14:33:44,543.4726583346313
2022-03-31 14:33:49,543.4429922493719
2022-03-31 14:33:54,543.4133261641125
2022-03-31 14:33:59,533.27
2022-03-31 14:34:04,533.01
2022-03-31 14:34:09,532.85
2022-03-31 14:34:14,543.2946618230752
2022-03-31 14:34:19,543.2649957378158
2022-03-31 14:34:24,532.34
2022-03-31 14:34:29,532.11
2022-03-31 14:34:34,543.1759974820377
2022-03-31 14:34:39,543.1463313967782
2022-03-31 14:34:44,531.72
2022-03-31 14:34:49,531.66
2022-03-31 14:34:54,531.47
2022-03-31 14:34:59,531.43
2022-03-31 14:35:04,531.3
2022-03-31 14:35:09,531.21
2022-03-31 14:35:14,531.2
2022-03-31 14:35:19,531.08
2022-03-31 14:35:24,530.95
2022-03-31 14:35:29,530.92
2022-03-31 14:35:34,542.8200044589253
2022-03-31 14:35:39,542.7903383736658
2022-03-31 14:35:44,530.79
2022-03-31 14:35:49,530.72
2022-03-31 14:35:54,530.72
2022-03-31 14:35:59,530.72
2022-03-31 14:36:04,530.72
2022-03-31 14:36:09,530.72
2022-03-31 14:36:14,530.69
2022-03-31 14:36:19,530.72
2022-03-31 14:36:24,530.71
2022-03-31 14:36:29,530.71
2022-03-31 14:36:34,530.78
2022-03-31 14:36:39,530.78
2022-03-31 14:36:44,530.77
2022-03-31 14:36:49,542.3750131800349
2022-03-31 14:36:54,530.77
2022-03-31 14:36:59,530.84
2022-03-31 14:37:04,530.9
2022-03-31 14:37:09,542.2563488389974
2022-03-31 14:37:14,530.9
2022-03-31 14:37:19,542.1970166684787
2022-03-31 14:37:24,542.1673505832192
2022-03-31 14:37:29,531.13
2022-03-31 14:37:34,531.22
2022-03-31 14:37:39,531.29
2022-03-31 14:37:44,542.0486862421817
2022-03-31 14:37:49,531.42
2022-03-31 14:37:54,541.9893540716631
2022-03-31 14:37:59,531.57
2022-03-31 14:38:04,541.9300219011444
2022-03-31 14:38:09,531.73
2022-03-31 14:38:14,531.86
2022-03-31 14:38:19,541.8410236453664
2022-03-31 14:38:24,532.02
2022-03-31 14:38:29,541.7816914748474
2022-03-31 14:38:34,541.7520253895883
2022-03-31 14:38:39,541.7223593043288
2022-03-31 14:38:44,541.6926932190694
2022-03-31 14:38:49,532.54
2022-03-31 14:38:54,541.6333610485508
2022-03-31 14:38:59,532.76
2022-03-31 14:39:04,532.83
2022-03-31 14:39:09,532.96
2022-03-31 14:39:14,532.99
2022-03-31 14:39:19,533.18
2022-03-31 14:39:24,541.4553645369946
2022-03-31 14:39:29,533.34
2022-03-31 14:39:34,533.41
2022-03-31 14:39:39,541.3663662812165
2022-03-31 14:39:44,533.57
2022-03-31 14:39:49,533.76
2022-03-31 14:39:54,533.86
2022-03-31 14:39:59,533.93
2022-03-31 14:40:04,534.02
2022-03-31 14:40:09,541.1883697696603
2022-03-31 14:40:14,534.28
2022-03-31 14:40:19,534.38
2022-03-31 14:40:24,541.0993715138823
2022-03-31 14:40:29,534.61
2022-03-31 14:40:34,534.67
2022-03-31 14:40:39,541.0103732581041
2022-03-31 14:40:44,540.9807071728447
2022-03-31 14:40:49,535.06
2022-03-31 14:40:54,535.19
2022-03-31 14:40:59,535.32
2022-03-31 14:41:04,535.41
2022-03-31 14:41:09,535.54
2022-03-31 14:41:14,540.8027106612885
2022-03-31 14:41:19,535.7
2022-03-31 14:41:24,540.7433784907699
2022-03-31 14:41:29,535.99
2022-03-31 14:41:34,540.684046320251
2022-03-31 14:41:39,536.22
2022-03-31 14:41:44,536.35
2022-03-31 14:41:49,540.5950480644728
2022-03-31 14:41:54,536.57
2022-03-31 14:41:59,536.67
2022-03-31 14:42:04,540.5060498086948
2022-03-31 14:42:09,536.9
2022-03-31 14:42:14,537.03
2022-03-31 14:42:19,540.4170515529167
2022-03-31 14:42:24,537.32
2022-03-31 14:42:29,537.38
2022-03-31 14:42:34,537.54
2022-03-31 14:42:39,537.64
2022-03-31 14:42:44,537.77
2022-03-31 14:42:49,537.9
2022-03-31 14:42:54,537.99
2022-03-31 14:42:59,538.12
2022-03-31 14:43:04,538.22
2022-03-31 14:43:09,538.41
2022-03-31 14:43:14,538.51
2022-03-31 14:43:19,538.67
2022-03-31 14:43:24,538.8
2022-03-31 14:43:29,540.0017263592857
2022-03-31 14:43:34,539.9720602740263
2022-03-31 14:43:39,539.9423941887671
2022-03-31 14:43:44,539.38
2022-03-31 14:43:49,539.8830620182482
2022-03-31 14:43:54,539.66
2022-03-31 14:43:59,539.76
2022-03-31 14:44:04,539.95
2022-03-31 14:44:09,540.11
2022-03-31 14:44:14,540.27
2022-03-31 14:44:19,540.34
2022-03-31 14:44:24,540.5
2022-03-31 14:44:29,539.6457333361734
2022-03-31 14:44:34,539.6160672509139
2022-03-31 14:44:39,539.5864011656548
2022-03-31 14:44:44,541.01
2022-03-31 14:44:49,541.21
2022-03-31 14:44:54,541.3
2022-03-31 14:44:59,541.43
2022-03-31 14:45:04,541.59
2022-03-31 14:45:09,541.72
2022-03-31 14:45:14,541.88
2022-03-31 14:45:19,541.95
2022-03-31 14:45:24,542.04
2022-03-31 14:45:29,542.23
2022-03-31 14:45:34,542.26
2022-03-31 14:45:39,542.39
2022-03-31 14:45:44,539.5649103992941
2022-03-31 14:45:49,542.62
2022-03-31 14:45:54,542.74
2022-03-31 14:45:59,542.78
2022-03-31 14:46:04,539.6299479563492
2022-03-31 14:46:09,542.91
2022-03-31 14:46:14,543.03
2022-03-31 14:46:19,539.6787261241404
2022-03-31 14:46:24,543.13
2022-03-31 14:46:29,543.19
2022-03-31 14:46:34,543.26
2022-03-31 14:46:39,543.26
2022-03-31 14:46:44,543.29
2022-03-31 14:46:49,539.7762824597229
2022-03-31 14:46:54,543.35
2022-03-31 14:46:59,543.35
2022-03-31 14:47:04,543.35
2022-03-31 14:47:09,543.35
2022-03-31 14:47:14,543.42
2022-03-31 14:47:19,543.42
2022-03-31 14:47:24,543.42
2022-03-31 14:47:29,539.9063575738327
2022-03-31 14:47:34,543.35
2022-03-31 14:47:39,543.42
2022-03-31 14:47:44,539.955135741624
2022-03-31 14:47:49,539.9713951308878
2022-03-31 14:47:54,543.35
2022-03-31 14:47:59,540.0039139094151
2022-03-31 14:48:04,543.29
2022-03-31 14:48:09,543.26
2022-03-31 14:48:14,540.0526920772064
2022-03-31 14:48:19,540.0689514664703
2022-03-31 14:48:24,540.085210855734
2022-03-31 14:48:29,543.06
2022-03-31 14:48:34,540.1177296342614
2022-03-31 14:48:39,542.97
2022-03-31 14:48:44,540.1502484127889
2022-03-31 14:48:49,542.84
2022-03-31 14:48:54,540.1827671913164
2022-03-31 14:48:59,542.68
2022-03-31 14:49:04,542.68
2022-03-31 14:49:09,542.55
2022-03-31 14:49:14,542.52
2022-03-31 14:49:19,540.2640641376352
2022-03-31 14:49:24,542.33
2022-03-31 14:49:29,542.24
2022-03-31 14:49:34,540.3128423054263
2022-03-31 14:49:39,542.11
2022-03-31 14:49:44,542.01
2022-03-31 14:49:49,540.3616204732175
2022-03-31 14:49:54,540.3778798624813
2022-03-31 14:49:59,541.66
2022-03-31 14:50:04,541.66
2022-03-31 14:50:09,541.53
2022-03-31 14:50:14,541.44
2022-03-31 14:50:19,540.4591768088
2022-03-31 14:50:24,541.21
2022-03-31 14:50:29,541.15
2022-03-31 14:50:34,541.09
2022-03-31 14:50:39,540.5242143658551
2022-03-31 14:50:44,540.86
2022-03-31 14:50:49,540.7
2022-03-31 14:50:54,540.58
2022-03-31 14:50:59,540.48
2022-03-31 14:51:04,540.6055113121737
2022-03-31 14:51:09,540.23
2022-03-31 14:51:14,540.13
2022-03-31 14:51:19,540.0
2022-03-31 14:51:24,539.9
2022-03-31 14:51:29,540.6868082584925
2022-03-31 14:51:34,540.7030676477561
2022-03-31 14:51:39,540.71932703702
2022-03-31 14:51:44,539.2
2022-03-31 14:51:49,539.1
2022-03-31 14:51:54,538.97
2022-03-31 14:51:59,540.784364594075
2022-03-31 14:52:04,538.66
2022-03-31 14:52:09,538.46
2022-03-31 14:52:14,538.37
2022-03-31 14:52:19,538.17
2022-03-31 14:52:24,538.01
2022-03-31 14:52:29,537.85
2022-03-31 14:52:34,540.898180318921
2022-03-31 14:52:39,540.9144397081849
2022-03-31 14:52:44,540.9306990974486
2022-03-31 14:52:49,537.11
2022-03-31 14:52:54,540.963217875976
2022-03-31 14:52:59,536.76
2022-03-31 14:53:04,536.6
2022-03-31 14:53:09,541.0119960437673
2022-03-31 14:53:14,541.0282554330311
2022-03-31 14:53:19,536.03
2022-03-31 14:53:24,535.87
2022-03-31 14:53:29,535.61
2022-03-31 14:53:34,535.45
2022-03-31 14:53:39,535.22
2022-03-31 14:53:44,535.06
2022-03-31 14:53:49,534.84
2022-03-31 14:53:54,534.65
2022-03-31 14:53:59,541.1745899364048
2022-03-31 14:54:04,534.26
2022-03-31 14:54:09,534.07
2022-03-31 14:54:14,533.84
2022-03-31 14:54:19,533.69
2022-03-31 14:54:24,533.46
2022-03-31 14:54:29,533.23
2022-03-31 14:54:34,541.288405661251
2022-03-31 14:54:39,532.88
2022-03-31 14:54:44,541.3209244397784
2022-03-31 14:54:49,532.53
2022-03-31 14:54:54,532.37
2022-03-31 14:54:59,541.3697026075697
2022-03-31 14:55:04,541.3859619968334
2022-03-31 14:55:09,531.86
2022-03-31 14:55:14,541.4184807753609
2022-03-31 14:55:19,531.5
2022-03-31 14:55:24,531.41
2022-03-31 14:55:29,531.25
2022-03-31 14:55:34,541.4835183324159
2022-03-31 14:55:39,541.4997777216795
2022-03-31 14:55:44,530.77
2022-03-31 14:55:49,541.5322965002072
2022-03-31 14:55:54,541.5485558894708
2022-03-31 14:55:59,541.5648152787346
2022-03-31 14:56:04,530.26
2022-03-31 14:56:09,530.16
2022-03-31 14:56:14,530.03
2022-03-31 14:56:19,529.94
2022-03-31 14:56:24,529.87
2022-03-31 14:56:29,529.75
2022-03-31 14:56:34,541.6786310035808
2022-03-31 14:56:39,541.6948903928444
2022-03-31 14:56:44,529.59
2022-03-31 14:56:49,541.7274091713721
2022-03-31 14:56:54,529.46
2022-03-31 14:56:59,541.7599279498995
2022-03-31 14:57:04,529.37
2022-03-31 14:57:09,529.37
2022-03-31 14:57:14,529.31
2022-03-31 14:57:19,529.31
2022-03-31 14:57:24,529.24
2022-03-31 14:57:29,541.857484285482
2022-03-31 14:57:34,541.8737436747457
2022-03-31 14:57:39,529.21
2022-03-31 14:57:44,529.22
2022-03-31 14:57:49,529.22
2022-03-31 14:57:54,529.22
2022-03-31 14:57:59,529.22
2022-03-31 14:58:04,529.22
2022-03-31 14:58:09,529.22
2022-03-31 14:58:14,529.25
2022-03-31 14:58:19,529.26
2022-03-31 14:58:24,529.26
2022-03-31 14:58:29,529.32
2022-03-31 14:58:34,529.32
2022-03-31 14:58:39,542.0851157351742
2022-03-31 14:58:44,542.101375124438
2022-03-31 14:58:49,529.39
2022-03-31 14:58:54,529.46
2022-03-31 14:58:59,529.46
2022-03-31 14:59:04,529.49
2022-03-31 14:59:09,542.1826720707569
2022-03-31 14:59:14,529.55
2022-03-31 14:59:19,529.62
2022-03-31 14:59:24,529.62
2022-03-31 14:59:29,529.69
2022-03-31 14:59:34,529.75
2022-03-31 14:59:39,542.045944396828
2022-03-31 14:59:44,529.79
2022-03-31 14:59:49,529.85
2022-03-31 14:59:54,529.92
2022-03-31 14:59:59,541.9513564487361
2022-03-31 15:00:04,529.98
2022-03-31 15:00:09,530.01
2022-03-31 15:00:14,530.08
2022-03-31 15:00:19,530.14
2022-03-31 15:00:24,530.21
2022-03-31 15:00:29,541.809474526598
2022-03-31 15:00:34,530.3
2022-03-31 15:00:39,530.3
2022-03-31 15:00:44,541.738533565529
2022-03-31 15:00:49,541.7148865785059
2022-03-31 15:00:54,530.44
2022-03-31 15:00:59,541.66759260446
2022-03-31 15:01:04,530.6
2022-03-31 15:01:09,541.6202986304138
2022-03-31 15:01:14,530.73
2022-03-31 15:01:19,530.79
2022-03-31 15:01:24,530.82
2022-03-31 15:01:29,530.89
2022-03-31 15:01:34,530.95
2022-03-31 15:01:39,541.4784167082757
2022-03-31 15:01:44,541.4547697212529
2022-03-31 15:01:49,541.4311227342298
2022-03-31 15:01:54,531.18
2022-03-31 15:01:59,531.18
2022-03-31 15:02:04,531.24
2022-03-31 15:02:09,541.3365347861378
2022-03-31 15:02:14,531.41
2022-03-31 15:02:19,531.47
2022-03-31 15:02:24,531.53
2022-03-31 15:02:29,531.57
2022-03-31 15:02:34,531.57
2022-03-31 15:02:39,531.63
2022-03-31 15:02:44,531.69
2022-03-31 15:02:49,541.1473588899538
2022-03-31 15:02:54,541.1237119029307
2022-03-31 15:02:59,531.85
2022-03-31 15:03:04,541.0764179288848
2022-03-31 15:03:09,531.98
2022-03-31 15:03:14,541.0291239548386
2022-03-31 15:03:19,532.08
2022-03-31 15:03:24,532.21
2022-03-31 15:03:29,532.21
2022-03-31 15:03:34,532.34
2022-03-31 15:03:39,532.37
2022-03-31 15:03:44,540.8872420327006
2022-03-31 15:03:49,540.8635950456777
2022-03-31 15:03:54,540.8399480586546
2022-03-31 15:03:59,540.8163010716316
2022-03-31 15:04:04,532.66
2022-03-31 15:04:09,540.7690070975857
2022-03-31 15:04:14,532.86
2022-03-31 15:04:19,532.85
2022-03-31 15:04:24,532.95
2022-03-31 15:04:29,532.95
2022-03-31 15:04:34,533.08
2022-03-31 15:04:39,533.08
2022-03-31 15:04:44,540.6034781884246
2022-03-31 15:04:49,533.18
2022-03-31 15:04:54,533.24
2022-03-31 15:04:59,533.24
2022-03-31 15:05:04,533.31
2022-03-31 15:05:09,533.37
2022-03-31 15:05:14,533.37
2022-03-31 15:05:19,533.41
2022-03-31 15:05:24,533.47
2022-03-31 15:05:29,533.53
2022-03-31 15:05:34,533.6
2022-03-31 15:05:39,533.6
2022-03-31 15:05:44,533.63
2022-03-31 15:05:49,533.7
2022-03-31 15:05:54,540.2724203701025
2022-03-31 15:05:59,533.76
2022-03-31 15:06:04,533.77
2022-03-31 15:06:09,533.9
2022-03-31 15:06:14,533.83
2022-03-31 15:06:19,533.9
2022-03-31 15:06:24,533.93
2022-03-31 15:06:29,533.9
2022-03-31 15:06:34,533.93
2022-03-31 15:06:39,540.0595974868955
2022-03-31 15:06:44,534.0
2022-03-31 15:06:49,534.06
2022-03-31 15:06:54,534.06
2022-03-31 15:06:59,534.07
2022-03-31 15:07:04,539.9413625517806
2022-03-31 15:07:09,534.16
2022-03-31 15:07:14,534.16
2022-03-31 15:07:19,534.16
2022-03-31 15:07:24,534.23
2022-03-31 15:07:29,534.23
2022-03-31 15:07:34,534.29
2022-03-31 15:07:39,539.7758336426194
2022-03-31 15:07:44,534.36
2022-03-31 15:07:49,539.7285396685733
2022-03-31 15:07:54,539.7048926815504
2022-03-31 15:07:59,534.42
2022-03-31 15:08:04,539.6575987075042
2022-03-31 15:08:09,534.46
2022-03-31 15:08:14,534.46
2022-03-31 15:08:19,539.5866577464352
2022-03-31 15:08:24,534.52
2022-03-31 15:08:29,534.59
2022-03-31 15:08:34,534.59
2022-03-31 15:08:39,534.59
2022-03-31 15:08:44,534.59
2022-03-31 15:08:49,539.4447758242973
2022-03-31 15:08:54,534.66
2022-03-31 15:08:59,539.3974818502513
2022-03-31 15:09:04,534.59
2022-03-31 15:09:09,534.65
2022-03-31 15:09:14,534.59
2022-03-31 15:09:19,539.3028939021592
2022-03-31 15:09:24,534.65
2022-03-31 15:09:29,539.2555999281133
2022-03-31 15:09:34,534.66
2022-03-31 15:09:39,539.2083059540673
2022-03-31 15:09:44,534.59
2022-03-31 15:09:49,534.59
2022-03-31 15:09:54,534.65
2022-03-31 15:09:59,534.59
2022-03-31 15:10:04,534.59
2022-03-31 15:10:09,534.59
2022-03-31 15:10:14,534.66
2022-03-31 15:10:19,534.59
2022-03-31 15:10:24,534.59
2022-03-31 15:10:29,538.9718360838372
2022-03-31 15:10:34,538.9481890968141
2022-03-31 15:10:39,534.53
2022-03-31 15:10:44,538.9008951227682
2022-03-31 15:10:49,534.52
2022-03-31 15:10:54,534.46
2022-03-31 15:10:59,534.46
2022-03-31 15:11:04,534.46
2022-03-31 15:11:09,534.46
2022-03-31 15:11:14,538.7590132006302
2022-03-31 15:11:19,534.46
2022-03-31 15:11:24,534.43
2022-03-31 15:11:29,534.43
2022-03-31 15:11:34,534.36
2022-03-31 15:11:39,538.6407782655152
2022-03-31 15:11:44,538.6171312784921
2022-03-31 15:11:49,534.43
2022-03-31 15:11:54,538.569837304446
2022-03-31 15:11:59,534.36
2022-03-31 15:12:04,534.43
2022-03-31 15:12:09,538.4988963433769
2022-03-31 15:12:14,534.36
2022-03-31 15:12:19,534.42
2022-03-31 15:12:24,538.4279553823079
2022-03-31 15:12:29,534.42
2022-03-31 15:12:34,534.42
2022-03-31 15:12:39,534.42
2022-03-31 15:12:44,534.42
2022-03-31 15:12:49,534.36
2022-03-31 15:12:54,534.36
2022-03-31 15:12:59,534.42
2022-03-31 15:13:04,534.36
2022-03-31 15:13:09,534.42
2022-03-31 15:13:14,534.42
2022-03-31 15:13:19,534.42
2022-03-31 15:13:24,534.42
2022-03-31 15:13:29,534.42
2022-03-31 15:13:34,538.165051779718
2022-03-31 15:13:39,538.1592830289575
2022-03-31 15:13:44,534.46
2022-03-31 15:13:49,538.1477455274362
2022-03-31 15:13:54,534.52
2022-03-31 15:13:59,538.1362080259149
2022-03-31 15:14:04,534.59
2022-03-31 15:14:09,538.1246705243935
2022-03-31 15:14:14,534.52
2022-03-31 15:14:19,538.1131330228723
2022-03-31 15:14:24,538.1073642721117
2022-03-31 15:14:29,538.1015955213511
2022-03-31 15:14:34,534.59
2022-03-31 15:14:39,538.0900580198297
2022-03-31 15:14:44,534.65
2022-03-31 15:14:49,534.65
2022-03-31 15:14:54,534.65
2022-03-31 15:14:59,534.65
2022-03-31 15:15:04,534.69
2022-03-31 15:15:09,534.69
2022-03-31 15:15:14,538.0496767645053
2022-03-31 15:15:19,534.75
2022-03-31 15:15:24,534.75
2022-03-31 15:15:29,534.75
2022-03-31 15:15:34,534.75
2022-03-31 15:15:39,538.020833010702
2022-03-31 15:15:44,538.0150642599414
2022-03-31 15:15:49,538.0092955091808
2022-03-31 15:15:54,534.88
2022-03-31 15:15:59,537.9977580076595
2022-03-31 15:16:04,537.9919892568988
2022-03-31 15:16:09,534.88
2022-03-31 15:16:14,534.95
2022-03-31 15:16:19,537.9746830046168
2022-03-31 15:16:24,537.9689142538563
2022-03-31 15:16:29,534.98
2022-03-31 15:16:34,537.957376752335
2022-03-31 15:16:39,537.9516080015743
2022-03-31 15:16:44,534.99
2022-03-31 15:16:49,535.05
2022-03-31 15:16:54,535.05
2022-03-31 15:16:59,535.05
2022-03-31 15:17:04,535.05
2022-03-31 15:17:09,537.9169954970105
2022-03-31 15:17:14,535.11
2022-03-31 15:17:19,537.9054579954892
2022-03-31 15:17:24,535.11
2022-03-31 15:17:29,535.11
2022-03-31 15:17:34,535.18
2022-03-31 15:17:39,537.8823829924465
2022-03-31 15:17:44,535.21
2022-03-31 15:17:49,535.18
2022-03-31 15:17:54,535.22
2022-03-31 15:17:59,535.21
2022-03-31 15:18:04,535.28
2022-03-31 15:18:09,535.28
2022-03-31 15:18:14,535.34
2022-03-31 15:18:19,535.34
2022-03-31 15:18:24,535.41
2022-03-31 15:18:29,537.8246954848402
2022-03-31 15:18:34,535.41
2022-03-31 15:18:39,537.8131579833189
2022-03-31 15:18:44,535.5
2022-03-31 15:18:49,535.5
2022-03-31 15:18:54,537.7958517310369
2022-03-31 15:18:59,537.7900829802762
2022-03-31 15:19:04,535.57
2022-03-31 15:19:09,535.63
2022-03-31 15:19:14,537.7727767279944
2022-03-31 15:19:19,535.63
2022-03-31 15:19:24,535.7
2022-03-31 15:19:29,535.7
2022-03-31 15:19:34,535.7
2022-03-31 15:19:39,535.73
2022-03-31 15:19:44,535.73
2022-03-31 15:19:49,535.79
2022-03-31 15:19:54,535.85
2022-03-31 15:19:59,535.85
2022-03-31 15:20:04,535.85
2022-03-31 15:20:09,535.85
2022-03-31 15:20:14,535.85
2022-03-31 15:20:19,535.92
2022-03-31 15:20:24,535.85
2022-03-31 15:20:29,535.85
2022-03-31 15:20:34,537.680476715824
2022-03-31 15:20:39,535.85
2022-03-31 15:20:44,535.85
2022-03-31 15:20:49,535.85
2022-03-31 15:20:54,535.85
2022-03-31 15:20:59,535.78
2022-03-31 15:21:04,535.79
2022-03-31 15:21:09,535.79
2022-03-31 15:21:14,535.79
2022-03-31 15:21:19,535.72
2022-03-31 15:21:24,535.72
2022-03-31 15:21:29,535.69
2022-03-31 15:21:34,535.72
2022-03-31 15:21:39,535.72
2022-03-31 15:21:44,535.72
2022-03-31 15:21:49,537.5939454544143
2022-03-31 15:21:54,535.68
2022-03-31 15:21:59,535.68
2022-03-31 15:22:04,535.62
2022-03-31 15:22:09,535.62
2022-03-31 15:22:14,535.62
2022-03-31 15:22:19,535.55
2022-03-31 15:22:24,537.5535641990899
2022-03-31 15:22:29,535.55
2022-03-31 15:22:34,537.5420266975685
2022-03-31 15:22:39,535.49
2022-03-31 15:22:44,535.49
2022-03-31 15:22:49,535.46
2022-03-31 15:22:54,535.46
2022-03-31 15:22:59,537.5131829437654
2022-03-31 15:23:04,537.5074141930047
2022-03-31 15:23:09,537.5016454422441
2022-03-31 15:23:14,535.33
2022-03-31 15:23:19,535.26
2022-03-31 15:23:24,535.26
2022-03-31 15:23:29,535.17
2022-03-31 15:23:34,535.17
2022-03-31 15:23:39,535.17
2022-03-31 15:23:44,535.1
2022-03-31 15:23:49,537.4554954361589
2022-03-31 15:23:54,535.04
2022-03-31 15:23:59,534.97
2022-03-31 15:24:04,534.94
2022-03-31 15:24:09,537.4324204331164
2022-03-31 15:24:14,534.94
2022-03-31 15:24:19,534.88
2022-03-31 15:24:24,534.88
2022-03-31 15:24:29,534.82
2022-03-31 15:24:34,537.4035766793131
2022-03-31 15:24:39,537.3978079285525
2022-03-31 15:24:44,534.82
2022-03-31 15:24:49,534.75
2022-03-31 15:24:54,534.69
2022-03-31 15:24:59,537.37473292551
2022-03-31 15:25:04,534.69
2022-03-31 15:25:09,537.3631954239886
2022-03-31 15:25:14,534.69
2022-03-31 15:25:19,534.69
2022-03-31 15:25:24,534.66
2022-03-31 15:25:29,534.69
2022-03-31 15:25:34,534.66
2022-03-31 15:25:39,534.66
2022-03-31 15:25:44,534.69
2022-03-31 15:25:49,537.3170454179035
2022-03-31 15:25:54,537.3112766671428
2022-03-31 15:25:59,534.69
2022-03-31 15:26:04,534.66
2022-03-31 15:26:09,534.69
2022-03-31 15:26:14,534.69
2022-03-31 15:26:19,534.69
2022-03-31 15:26:24,534.69
2022-03-31 15:26:29,534.7
2022-03-31 15:26:34,534.69
2022-03-31 15:26:39,537.259357910297
2022-03-31 15:26:44,534.76
2022-03-31 15:26:49,534.76
2022-03-31 15:26:54,537.242051658015
2022-03-31 15:26:59,534.82
2022-03-31 15:27:04,534.82
2022-03-31 15:27:09,537.2247454057332
2022-03-31 15:27:14,534.95
2022-03-31 15:27:19,534.95
2022-03-31 15:27:24,534.95
2022-03-31 15:27:29,537.276244505403
2022-03-31 15:27:34,537.3130062975955
2022-03-31 15:27:39,535.11
2022-03-31 15:27:44,535.18
2022-03-31 15:27:49,537.4232916741727
2022-03-31 15:27:54,535.28
2022-03-31 15:27:59,537.4968152585574
2022-03-31 15:28:04,537.5335770507498
2022-03-31 15:28:09,537.5703388429423
2022-03-31 15:28:14,535.47
2022-03-31 15:28:19,535.5
2022-03-31 15:28:24,535.56
2022-03-31 15:28:29,535.63
2022-03-31 15:28:34,535.63
2022-03-31 15:28:39,535.72
2022-03-31 15:28:44,535.79
2022-03-31 15:28:49,535.79
2022-03-31 15:28:54,537.9011949726738
2022-03-31 15:28:59,537.9379567648659
2022-03-31 15:29:04,537.9747185570585
2022-03-31 15:29:09,536.08
2022-03-31 15:29:14,536.14
2022-03-31 15:29:19,536.21
2022-03-31 15:29:24,536.23
2022-03-31 15:29:29,538.1585275180206
2022-03-31 15:29:34,538.1952893102127
2022-03-31 15:29:39,536.43
2022-03-31 15:29:44,536.49
2022-03-31 15:29:49,536.49
2022-03-31 15:29:54,536.52
2022-03-31 15:29:59,538.3790982711749
2022-03-31 15:30:04,536.65
2022-03-31 15:30:09,536.65
2022-03-31 15:30:14,538.4893836477521
2022-03-31 15:30:19,536.72
2022-03-31 15:30:24,536.75
2022-03-31 15:30:29,536.81
2022-03-31 15:30:34,536.81
2022-03-31 15:30:39,538.6731926087139
2022-03-31 15:30:44,538.7099544009063
2022-03-31 15:30:49,538.7467161930986
2022-03-31 15:30:54,537.0
2022-03-31 15:30:59,537.0
2022-03-31 15:31:04,538.8570015696756
2022-03-31 15:31:09,537.0
2022-03-31 15:31:14,537.03
2022-03-31 15:31:19,538.9672869462528
2022-03-31 15:31:24,537.03
2022-03-31 15:31:29,539.0408105306378
2022-03-31 15:31:34,536.99
2022-03-31 15:31:39,539.1143341150225
2022-03-31 15:31:44,536.87
2022-03-31 15:31:49,536.93
2022-03-31 15:31:54,536.93
2022-03-31 15:31:59,536.87
2022-03-31 15:32:04,539.2981430759843
2022-03-31 15:32:09,536.8
2022-03-31 15:32:14,539.3716666603693
2022-03-31 15:32:19,536.74
2022-03-31 15:32:24,536.64
2022-03-31 15:32:29,536.64
2022-03-31 15:32:34,536.58
2022-03-31 15:32:39,536.58
2022-03-31 15:32:44,536.51
2022-03-31 15:32:49,536.48
2022-03-31 15:32:54,536.48
2022-03-31 15:32:59,536.35
2022-03-31 15:33:04,536.35
2022-03-31 15:33:09,539.7760463744854
2022-03-31 15:33:14,539.8128081666779
2022-03-31 15:33:19,536.19
2022-03-31 15:33:24,536.13
2022-03-31 15:33:29,536.0
2022-03-31 15:33:34,535.97
2022-03-31 15:33:39,535.97
2022-03-31 15:33:44,540.0333789198322
2022-03-31 15:33:49,535.78
2022-03-31 15:33:54,535.68
2022-03-31 15:33:59,535.68
2022-03-31 15:34:04,535.55
2022-03-31 15:34:09,535.49
2022-03-31 15:34:14,535.39
2022-03-31 15:34:19,540.290711465179
2022-03-31 15:34:24,535.26
2022-03-31 15:34:29,535.17
2022-03-31 15:34:34,540.4009968417562
2022-03-31 15:34:39,540.4377586339483
2022-03-31 15:34:44,540.4745204261408
2022-03-31 15:34:49,534.88
2022-03-31 15:34:54,534.81
2022-03-31 15:34:59,540.5848058027179
2022-03-31 15:35:04,534.65
2022-03-31 15:35:09,540.6583293871026
2022-03-31 15:35:14,534.43
2022-03-31 15:35:19,540.7318529714876
2022-03-31 15:35:24,534.3
2022-03-31 15:35:29,534.17
2022-03-31 15:35:34,534.08
2022-03-31 15:35:39,540.8789001402569
2022-03-31 15:35:44,533.95
2022-03-31 15:35:49,533.85
2022-03-31 15:35:54,533.78
2022-03-31 15:35:59,533.66
2022-03-31 15:36:04,533.62
2022-03-31 15:36:09,533.5
2022-03-31 15:36:14,533.43
2022-03-31 15:36:19,533.33
2022-03-31 15:36:24,541.2097562699884
2022-03-31 15:36:29,541.2465180621808
2022-03-31 15:36:34,533.11
2022-03-31 15:36:39,532.98
2022-03-31 15:36:44,532.88
2022-03-31 15:36:49,532.75
2022-03-31 15:36:54,532.69
2022-03-31 15:36:59,532.59
2022-03-31 15:37:04,541.5038506075276
2022-03-31 15:37:09,541.5406123997197
2022-03-31 15:37:14,532.3
2022-03-31 15:37:19,541.6141359841048
2022-03-31 15:37:24,532.1
2022-03-31 15:37:29,532.07
2022-03-31 15:37:34,531.88
2022-03-31 15:37:39,531.85
2022-03-31 15:37:44,531.72
2022-03-31 15:37:49,531.66
2022-03-31 15:37:54,531.56
2022-03-31 15:37:59,541.9082303216437
2022-03-31 15:38:04,531.37
2022-03-31 15:38:09,531.33
2022-03-31 15:38:14,531.2
2022-03-31 15:38:19,531.21
2022-03-31 15:38:24,531.14
2022-03-31 15:38:29,531.04
2022-03-31 15:38:34,530.97
2022-03-31 15:38:39,542.2023246591831
2022-03-31 15:38:44,530.84
2022-03-31 15:38:49,530.74
2022-03-31 15:38:54,530.74
2022-03-31 15:38:59,530.68
2022-03-31 15:39:04,530.61
2022-03-31 15:39:09,530.55
2022-03-31 15:39:14,530.52
2022-03-31 15:39:19,530.52
2022-03-31 15:39:24,530.52
2022-03-31 15:39:29,530.39
2022-03-31 15:39:34,530.39
2022-03-31 15:39:39,530.32
2022-03-31 15:39:44,530.32
2022-03-31 15:39:49,530.29
2022-03-31 15:39:54,530.29
2022-03-31 15:39:59,530.29
2022-03-31 15:40:04,530.22
2022-03-31 15:40:09,530.22
2022-03-31 15:40:14,530.22
2022-03-31 15:40:19,530.16
2022-03-31 15:40:24,542.9743222952231
2022-03-31 15:40:29,543.0110840874153
2022-03-31 15:40:34,543.0478458796077
2022-03-31 15:40:39,543.0846076718003
2022-03-31 15:40:44,530.22
2022-03-31 15:40:49,530.15
2022-03-31 15:40:54,530.16
2022-03-31 15:40:59,530.28
2022-03-31 15:41:04,530.28
2022-03-31 15:41:09,530.32
2022-03-31 15:41:14,543.3419402171467
2022-03-31 15:41:19,530.38
2022-03-31 15:41:24,530.44
2022-03-31 15:41:29,530.44
2022-03-31 15:41:34,530.51
2022-03-31 15:41:39,543.3653319125112
2022-03-31 15:41:44,543.3425634049796
2022-03-31 15:41:49,543.3197948974477
2022-03-31 15:41:54,530.73
2022-03-31 15:41:59,530.8
2022-03-31 15:42:04,530.8
2022-03-31 15:42:09,530.83
2022-03-31 15:42:14,543.2059523597889
2022-03-31 15:42:19,530.96
2022-03-31 15:42:24,531.03
2022-03-31 15:42:29,543.1376468371932
2022-03-31 15:42:34,531.12
2022-03-31 15:42:39,531.12
2022-03-31 15:42:44,531.19
2022-03-31 15:42:49,531.32
2022-03-31 15:42:54,531.35
2022-03-31 15:42:59,543.0010357920024
2022-03-31 15:43:04,531.55
2022-03-31 15:43:09,542.955498776939
2022-03-31 15:43:14,542.9327302694071
2022-03-31 15:43:19,531.71
2022-03-31 15:43:24,542.8871932543435
2022-03-31 15:43:29,531.87
2022-03-31 15:43:34,542.84165623928
2022-03-31 15:43:39,532.06
2022-03-31 15:43:44,542.7961192242163
2022-03-31 15:43:49,542.7733507166846
2022-03-31 15:43:54,542.7505822091528
2022-03-31 15:43:59,542.7278137016209
2022-03-31 15:44:04,532.45
2022-03-31 15:44:09,532.52
2022-03-31 15:44:14,532.61
2022-03-31 15:44:19,542.6367396714938
2022-03-31 15:44:24,532.74
2022-03-31 15:44:29,542.5912026564301
2022-03-31 15:44:34,532.87
2022-03-31 15:44:39,532.97
2022-03-31 15:44:44,542.5228971338347
2022-03-31 15:44:49,533.1
2022-03-31 15:44:54,542.4773601187712
2022-03-31 15:44:59,533.2
2022-03-31 15:45:04,542.4318231037078
2022-03-31 15:45:09,533.39
2022-03-31 15:45:14,542.3862860886439
2022-03-31 15:45:19,542.3635175811123
2022-03-31 15:45:24,542.3407490735805
2022-03-31 15:45:29,533.64
2022-03-31 15:45:34,533.78
2022-03-31 15:45:39,533.9
2022-03-31 15:45:44,533.93
2022-03-31 15:45:49,542.2269065359216
2022-03-31 15:45:54,542.2041380283897
2022-03-31 15:45:59,542.1813695208579
2022-03-31 15:46:04,534.22
2022-03-31 15:46:09,534.35
2022-03-31 15:46:14,534.41
2022-03-31 15:46:19,534.45
2022-03-31 15:46:24,542.067526983199
2022-03-31 15:46:29,534.64
2022-03-31 15:46:34,534.67
2022-03-31 15:46:39,534.74
2022-03-31 15:46:44,541.9764529530717
2022-03-31 15:46:49,534.86
2022-03-31 15:46:54,534.93
2022-03-31 15:46:59,534.96
2022-03-31 15:47:04,535.09
2022-03-31 15:47:09,535.09
2022-03-31 15:47:14,535.15
2022-03-31 15:47:19,541.817073400349
2022-03-31 15:47:24,535.25
2022-03-31 15:47:29,535.31
2022-03-31 15:47:34,535.38
2022-03-31 15:47:39,535.44
2022-03-31 15:47:44,535.44
2022-03-31 15:47:49,541.6804623551583
2022-03-31 15:47:54,535.53
2022-03-31 15:47:59,541.6349253400948
2022-03-31 15:48:04,541.612156832563
2022-03-31 15:48:09,535.7
2022-03-31 15:48:14,541.5666198174994
2022-03-31 15:48:19,535.76
2022-03-31 15:48:24,535.82
2022-03-31 15:48:29,535.82
2022-03-31 15:48:34,535.89
2022-03-31 15:48:39,541.4527772798405
2022-03-31 15:48:44,535.95
2022-03-31 15:48:49,535.95
2022-03-31 15:48:54,541.3844717572451
2022-03-31 15:48:59,535.98
2022-03-31 15:49:04,535.95
2022-03-31 15:49:09,541.3161662346497
2022-03-31 15:49:14,541.2933977271178
2022-03-31 15:49:19,535.97
2022-03-31 15:49:24,536.04
2022-03-31 15:49:29,541.2250922045225
2022-03-31 15:49:34,541.2023236969907
2022-03-31 15:49:39,536.04
2022-03-31 15:49:44,541.1567866819271
2022-03-31 15:49:49,536.04
2022-03-31 15:49:54,536.04
2022-03-31 15:49:59,541.0884811593318
2022-03-31 15:50:04,536.1
2022-03-31 15:50:09,541.0429441442682
2022-03-31 15:50:14,536.1
2022-03-31 15:50:19,536.1
2022-03-31 15:50:24,536.1
2022-03-31 15:50:29,536.1
2022-03-31 15:50:34,536.1
2022-03-31 15:50:39,536.16
2022-03-31 15:50:44,536.16
2022-03-31 15:50:49,540.8607960840137
2022-03-31 15:50:54,536.1
2022-03-31 15:50:59,536.1
2022-03-31 15:51:04,536.04
2022-03-31 15:51:09,536.1
2022-03-31 15:51:14,540.7469535463548
2022-03-31 15:51:19,536.04
2022-03-31 15:51:24,536.04
2022-03-31 15:51:29,535.97
2022-03-31 15:51:34,535.94
2022-03-31 15:51:39,535.94
2022-03-31 15:51:44,535.94
2022-03-31 15:51:49,535.88
2022-03-31 15:51:54,540.5648054861003
2022-03-31 15:51:59,540.5420369785687
2022-03-31 15:52:04,535.75
2022-03-31 15:52:09,540.4964999635049
2022-03-31 15:52:14,535.59
2022-03-31 15:52:19,535.59
2022-03-31 15:52:24,540.4281944409096
2022-03-31 15:52:29,540.405425933378
2022-03-31 15:52:34,535.43
2022-03-31 15:52:39,540.3598889183141
2022-03-31 15:52:44,535.31
2022-03-31 15:52:49,535.17
2022-03-31 15:52:54,535.14
2022-03-31 15:52:59,540.2688148881872
2022-03-31 15:53:04,540.2460463806552
2022-03-31 15:53:09,534.92
2022-03-31 15:53:14,534.86
2022-03-31 15:53:19,534.79
2022-03-31 15:53:24,534.66
2022-03-31 15:53:29,540.1322038429964
2022-03-31 15:53:34,534.57
2022-03-31 15:53:39,534.5
2022-03-31 15:53:44,540.063898320401
2022-03-31 15:53:49,534.41
2022-03-31 15:53:54,534.35
2022-03-31 15:53:59,539.9955927978057
2022-03-31 15:54:04,539.9728242902737
2022-03-31 15:54:09,534.12
2022-03-31 15:54:14,534.12
2022-03-31 15:54:19,533.99
2022-03-31 15:54:24,533.93
2022-03-31 15:54:29,539.8589817526149
2022-03-31 15:54:34,533.83
2022-03-31 15:54:39,539.8134447375511
2022-03-31 15:54:44,539.7906762300195
2022-03-31 15:54:49,533.64
2022-03-31 15:54:54,533.55
2022-03-31 15:54:59,533.55
2022-03-31 15:55:04,533.48
2022-03-31 15:55:09,533.42
2022-03-31 15:55:14,533.39
2022-03-31 15:55:19,533.26
2022-03-31 15:55:24,533.26
2022-03-31 15:55:29,533.2
2022-03-31 15:55:34,539.568956681913
2022-03-31 15:55:39,533.1
2022-03-31 15:55:44,533.04
2022-03-31 15:55:49,533.04
2022-03-31 15:55:54,539.5154012290799
2022-03-31 15:55:59,539.5020123658717
2022-03-31 15:56:04,539.4886235026635
2022-03-31 15:56:09,532.88
2022-03-31 15:56:14,532.82
2022-03-31 15:56:19,539.4484569130386
2022-03-31 15:56:24,532.75
2022-03-31 15:56:29,539.421679186622
2022-03-31 15:56:34,539.4082903234138
2022-03-31 15:56:39,532.62
2022-03-31 15:56:44,539.3815125969971
2022-03-31 15:56:49,532.59
2022-03-31 15:56:54,532.59
2022-03-31 15:56:59,532.6
2022-03-31 15:57:04,532.53
2022-03-31 15:57:09,532.53
2022-03-31 15:57:14,532.47
2022-03-31 15:57:19,532.47
2022-03-31 15:57:24,532.47
2022-03-31 15:57:29,539.2610128281227
2022-03-31 15:57:34,539.2476239649145
2022-03-31 15:57:39,539.2342351017062
2022-03-31 15:57:44,532.41
2022-03-31 15:57:49,539.2074573752897
2022-03-31 15:57:54,539.1940685120813
2022-03-31 15:57:59,532.38
2022-03-31 15:58:04,532.31
2022-03-31 15:58:09,539.1539019224565
2022-03-31 15:58:14,532.25
2022-03-31 15:58:19,539.1271241960401
2022-03-31 15:58:24,539.1137353328318
2022-03-31 15:58:29,539.1003464696234
2022-03-31 15:58:34,532.19
2022-03-31 15:58:39,539.0735687432069
2022-03-31 15:58:44,532.19
2022-03-31 15:58:49,532.13
2022-03-31 15:58:54,532.13
2022-03-31 15:58:59,539.0200132903738
2022-03-31 15:59:04,532.1
2022-03-31 15:59:09,538.9932355639572
2022-03-31 15:59:14,532.04
2022-03-31 15:59:19,531.97
2022-03-31 15:59:24,531.97
2022-03-31 15:59:29,531.91
2022-03-31 15:59:34,538.926291247916
2022-03-31 15:59:39,538.9129023847076
2022-03-31 15:59:44,538.8995135214993
2022-03-31 15:59:49,531.88
2022-03-31 15:59:54,538.8727357950828
2022-03-31 15:59:59,538.8593469318745
2022-03-31 16:00:04,531.89
2022-03-31 16:00:09,538.832569205458
2022-03-31 16:00:14,538.8191803422496
2022-03-31 16:00:19,531.82
2022-03-31 16:00:24,538.7924026158331
2022-03-31 16:00:29,538.7790137526248
2022-03-31 16:00:34,531.76
2022-03-31 16:00:39,531.76
2022-03-31 16:00:44,531.77
2022-03-31 16:00:49,538.7254582997917
2022-03-31 16:00:54,531.7
2022-03-31 16:00:59,531.77
2022-03-31 16:01:04,538.6852917101669
2022-03-31 16:01:09,531.64
2022-03-31 16:01:14,531.64
2022-03-31 16:01:19,538.645125120542
2022-03-31 16:01:24,531.71
2022-03-31 16:01:29,531.71
2022-03-31 16:01:34,531.64
2022-03-31 16:01:39,538.5915696677091
2022-03-31 16:01:44,531.71
2022-03-31 16:01:49,531.71
2022-03-31 16:01:54,538.5514030780843
2022-03-31 16:01:59,531.78
2022-03-31 16:02:04,538.5246253516676
2022-03-31 16:02:09,538.5112364884594
2022-03-31 16:02:14,538.4978476252511
2022-03-31 16:02:19,538.4844587620428
2022-03-31 16:02:24,538.4710698988346
2022-03-31 16:02:29,538.4576810356263
2022-03-31 16:02:34,531.85
2022-03-31 16:02:39,531.91
2022-03-31 16:02:44,531.85
2022-03-31 16:02:49,531.91
2022-03-31 16:02:54,531.91
2022-03-31 16:02:59,538.3773478563767
2022-03-31 16:03:04,532.01
2022-03-31 16:03:09,531.95
2022-03-31 16:03:14,538.3371812667518
2022-03-31 16:03:19,532.08
2022-03-31 16:03:24,532.14
2022-03-31 16:03:29,538.297014677127
2022-03-31 16:03:34,538.2836258139187
2022-03-31 16:03:39,532.3
2022-03-31 16:03:44,532.36
2022-03-31 16:03:49,532.43
2022-03-31 16:03:54,532.53
2022-03-31 16:03:59,532.59
2022-03-31 16:04:04,532.66
2022-03-31 16:04:09,532.76
2022-03-31 16:04:14,538.1765149082526
2022-03-31 16:04:19,538.1631260450442
2022-03-31 16:04:24,532.98
2022-03-31 16:04:29,538.1363483186277
2022-03-31 16:04:34,533.18
2022-03-31 16:04:39,533.21
2022-03-31 16:04:44,533.34
2022-03-31 16:04:49,533.46
2022-03-31 16:04:54,538.0694040025862
2022-03-31 16:04:59,538.056015139378
2022-03-31 16:05:04,533.72
2022-03-31 16:05:09,533.85
2022-03-31 16:05:14,533.91
2022-03-31 16:05:19,534.01
2022-03-31 16:05:24,534.08
2022-03-31 16:05:29,534.24
2022-03-31 16:05:34,534.36
2022-03-31 16:05:39,537.9489042337118
2022-03-31 16:05:44,537.9355153705036
2022-03-31 16:05:49,534.65
2022-03-31 16:05:54,534.75
2022-03-31 16:05:59,534.88
2022-03-31 16:06:04,537.8819599176704
2022-03-31 16:06:09,535.11
2022-03-31 16:06:14,535.23
2022-03-31 16:06:19,535.33
2022-03-31 16:06:24,537.8284044648374
2022-03-31 16:06:29,535.56
2022-03-31 16:06:34,535.62
2022-03-31 16:06:39,535.75
2022-03-31 16:06:44,537.7748490120043
2022-03-31 16:06:49,535.91
2022-03-31 16:06:54,535.98
2022-03-31 16:06:59,537.7346824223795
2022-03-31 16:07:04,537.7212935591712
2022-03-31 16:07:09,537.7079046959628
2022-03-31 16:07:14,536.36
2022-03-31 16:07:19,536.49
2022-03-31 16:07:24,536.59
2022-03-31 16:07:29,536.72
2022-03-31 16:07:34,536.78
2022-03-31 16:07:39,536.88
2022-03-31 16:07:44,536.95
2022-03-31 16:07:49,537.6007937902967
2022-03-31 16:07:54,537.17
2022-03-31 16:07:59,537.5740160638802
2022-03-31 16:08:04,537.33
2022-03-31 16:08:09,537.46
2022-03-31 16:08:14,537.59
2022-03-31 16:08:19,537.520460611047
2022-03-31 16:08:24,537.75
2022-03-31 16:08:29,537.85
2022-03-31 16:08:34,537.92
2022-03-31 16:08:39,537.466905158214
2022-03-31 16:08:44,538.11
2022-03-31 16:08:49,538.14
2022-03-31 16:08:54,537.4267385685891
2022-03-31 16:08:59,538.34
2022-03-31 16:09:04,537.3999608421726
2022-03-31 16:09:09,538.44
2022-03-31 16:09:14,538.5
2022-03-31 16:09:19,538.5
2022-03-31 16:09:24,538.57
2022-03-31 16:09:29,537.3330165261311
2022-03-31 16:09:34,537.3196276629229
2022-03-31 16:09:39,537.321950736534
2022-03-31 16:09:44,537.3357781435448
2022-03-31 16:09:49,537.3496055505553
2022-03-31 16:09:54,538.67
2022-03-31 16:09:59,538.67
2022-03-31 16:10:04,538.74
2022-03-31 16:10:09,538.74
2022-03-31 16:10:14,537.4187425856089
2022-03-31 16:10:19,537.4325699926195
2022-03-31 16:10:24,538.8
2022-03-31 16:10:29,538.74
2022-03-31 16:10:34,538.8
2022-03-31 16:10:39,538.87
2022-03-31 16:10:44,538.87
2022-03-31 16:10:49,538.87
2022-03-31 16:10:54,538.9
2022-03-31 16:10:59,537.5431892487052
2022-03-31 16:11:04,538.9
2022-03-31 16:11:09,538.97
2022-03-31 16:11:14,537.5846714697373
2022-03-31 16:11:19,537.5984988767478
2022-03-31 16:11:24,539.04
2022-03-31 16:11:29,539.1
2022-03-31 16:11:34,539.16
2022-03-31 16:11:39,539.16
2022-03-31 16:11:44,537.6676359118014
2022-03-31 16:11:49,539.16
2022-03-31 16:11:54,539.2
2022-03-31 16:11:59,537.7091181328335
2022-03-31 16:12:04,539.2
2022-03-31 16:12:09,539.2
2022-03-31 16:12:14,537.7506003538656
2022-03-31 16:12:19,539.26
2022-03-31 16:12:24,539.26
2022-03-31 16:12:29,539.33
2022-03-31 16:12:34,537.8059099819083
2022-03-31 16:12:39,539.26
2022-03-31 16:12:44,537.8335647959298
2022-03-31 16:12:49,537.8473922029406
2022-03-31 16:12:54,537.8612196099511
2022-03-31 16:12:59,539.26
2022-03-31 16:13:04,537.8888744239727
2022-03-31 16:13:09,537.9027018309832
2022-03-31 16:13:14,539.26
2022-03-31 16:13:19,537.9303566450047
2022-03-31 16:13:24,539.33
2022-03-31 16:13:29,537.958011459026
2022-03-31 16:13:34,539.33
2022-03-31 16:13:39,539.33
2022-03-31 16:13:44,537.9994936800581
2022-03-31 16:13:49,538.0133210870689
2022-03-31 16:13:54,539.33
2022-03-31 16:13:59,538.0409759010902
2022-03-31 16:14:04,539.39
2022-03-31 16:14:09,538.0686307151116
2022-03-31 16:14:14,539.33
2022-03-31 16:14:19,538.0962855291331
2022-03-31 16:14:24,539.32
2022-03-31 16:14:29,539.32
2022-03-31 16:14:34,539.32
2022-03-31 16:14:39,539.32
2022-03-31 16:14:44,539.26
2022-03-31 16:14:49,538.1792499711972
2022-03-31 16:14:54,539.26
2022-03-31 16:14:59,538.2069047852186
2022-03-31 16:15:04,539.19
2022-03-31 16:15:09,538.2345595992399
2022-03-31 16:15:14,539.16
2022-03-31 16:15:19,539.1
2022-03-31 16:15:24,539.09
2022-03-31 16:15:29,539.03
2022-03-31 16:15:34,539.03
2022-03-31 16:15:39,538.3175240413041
2022-03-31 16:15:44,538.97
2022-03-31 16:15:49,538.3451788553256
2022-03-31 16:15:54,538.3590062623362
2022-03-31 16:15:59,538.372833669347
2022-03-31 16:16:04,538.9
2022-03-31 16:16:09,538.87
2022-03-31 16:16:14,538.414315890379
2022-03-31 16:16:19,538.4281432973897
2022-03-31 16:16:24,538.74
2022-03-31 16:16:29,538.4557981114111
2022-03-31 16:16:34,538.74
2022-03-31 16:16:39,538.67
2022-03-31 16:16:44,538.4972803324432
2022-03-31 16:16:49,538.64
2022-03-31 16:16:54,538.64
2022-03-31 16:16:59,538.58
2022-03-31 16:17:04,538.58
2022-03-31 16:17:09,538.58
2022-03-31 16:17:14,538.5802447745074
2022-03-31 16:17:19,538.51
2022-03-31 16:17:24,538.6078995885289
2022-03-31 16:17:29,538.6217269955395
2022-03-31 16:17:34,538.45
2022-03-31 16:17:39,538.51
2022-03-31 16:17:44,538.45
2022-03-31 16:17:49,538.51
2022-03-31 16:17:54,538.51
2022-03-31 16:17:59,538.51
2022-03-31 16:18:04,538.7185188446144
2022-03-31 16:18:09,538.58
2022-03-31 16:18:14,538.58
2022-03-31 16:18:19,538.7600010656465
2022-03-31 16:18:24,538.68
2022-03-31 16:18:29,538.7876558796678
2022-03-31 16:18:34,538.74
2022-03-31 16:18:39,538.74
2022-03-31 16:18:44,538.81
2022-03-31 16:18:49,538.81
2022-03-31 16:18:54,538.8567929147214
2022-03-31 16:18:59,538.870620321732
2022-03-31 16:19:04,538.91
2022-03-31 16:19:09,538.91
2022-03-31 16:19:14,538.91
2022-03-31 16:19:19,538.91
2022-03-31 16:19:24,538.97
2022-03-31 16:19:29,538.9535847637962
2022-03-31 16:19:34,539.04
2022-03-31 16:19:39,539.04
2022-03-31 16:19:44,539.1
2022-03-31 16:19:49,539.1
2022-03-31 16:19:54,539.17
2022-03-31 16:19:59,539.17
2022-03-31 16:20:04,539.17
2022-03-31 16:20:09,539.2
2022-03-31 16:20:14,539.0780314268925
2022-03-31 16:20:19,539.26
2022-03-31 16:20:24,539.1056862409139
2022-03-31 16:20:29,539.39
2022-03-31 16:20:34,539.39
2022-03-31 16:20:39,539.39
2022-03-31 16:20:44,539.49
2022-03-31 16:20:49,539.49
2022-03-31 16:20:54,539.1886506829782
2022-03-31 16:20:59,539.49
2022-03-31 16:21:04,539.2163054969994
2022-03-31 16:21:09,539.55
2022-03-31 16:21:14,539.62
2022-03-31 16:21:19,539.62
2022-03-31 16:21:24,539.2716151250423
2022-03-31 16:21:29,539.68
2022-03-31 16:21:34,539.68
2022-03-31 16:21:39,539.71
2022-03-31 16:21:44,539.71
2022-03-31 16:21:49,539.78
2022-03-31 16:21:54,539.78
2022-03-31 16:21:59,539.78
2022-03-31 16:22:04,539.84
2022-03-31 16:22:09,539.3960617881386
2022-03-31 16:22:14,539.4098891951493
2022-03-31 16:22:19,539.93
2022-03-31 16:22:24,539.4375440091707
2022-03-31 16:22:29,539.93
2022-03-31 16:22:34,539.93
2022-03-31 16:22:39,539.4790262302027
2022-03-31 16:22:44,540.06
2022-03-31 16:22:49,540.0
2022-03-31 16:22:54,540.06
2022-03-31 16:22:59,539.5343358582455
2022-03-31 16:23:04,539.5481632652562
2022-03-31 16:23:09,539.5619906722669
2022-03-31 16:23:14,540.12
2022-03-31 16:23:19,540.12
2022-03-31 16:23:24,540.12
2022-03-31 16:23:29,540.12
2022-03-31 16:23:34,539.6311277073204
2022-03-31 16:23:39,540.19
2022-03-31 16:23:44,539.6478141087358
2022-03-31 16:23:49,540.12
2022-03-31 16:23:54,539.633168101312
2022-03-31 16:23:59,539.6258450976
2022-03-31 16:24:04,539.618522093888
2022-03-31 16:24:09,540.18
2022-03-31 16:24:14,540.18
2022-03-31 16:24:19,539.596553082752
2022-03-31 16:24:24,540.21
2022-03-31 16:24:29,540.21
2022-03-31 16:24:34,540.21
2022-03-31 16:24:39,540.21
2022-03-31 16:24:44,540.21
2022-03-31 16:24:49,540.27
2022-03-31 16:24:54,539.5452920567682
2022-03-31 16:24:59,540.27
2022-03-31 16:25:04,540.33
2022-03-31 16:25:09,540.33
2022-03-31 16:25:14,540.4
2022-03-31 16:25:19,540.4
2022-03-31 16:25:24,540.43
2022-03-31 16:25:29,540.49
2022-03-31 16:25:34,539.4867080270724
2022-03-31 16:25:39,540.62
2022-03-31 16:25:44,540.62
2022-03-31 16:25:49,540.62
2022-03-31 16:25:54,540.72
2022-03-31 16:25:59,540.84
2022-03-31 16:26:04,539.4427700048004
2022-03-31 16:26:09,539.4354470010885
2022-03-31 16:26:14,539.4281239973765
2022-03-31 16:26:19,541.01
2022-03-31 16:26:24,541.14
2022-03-31 16:26:29,541.2
2022-03-31 16:26:34,541.3
2022-03-31 16:26:39,541.36
2022-03-31 16:26:44,541.43
2022-03-31 16:26:49,541.46
2022-03-31 16:26:54,541.52
2022-03-31 16:26:59,541.65
2022-03-31 16:27:04,541.72
2022-03-31 16:27:09,541.81
2022-03-31 16:27:14,541.88
2022-03-31 16:27:19,541.94
2022-03-31 16:27:24,542.04
2022-03-31 16:27:29,539.3182789416968
2022-03-31 16:27:34,542.17
2022-03-31 16:27:39,539.3036329342729
2022-03-31 16:27:44,542.33
2022-03-31 16:27:49,542.39
2022-03-31 16:27:54,539.281663923137
2022-03-31 16:27:59,542.55
2022-03-31 16:28:04,542.62
2022-03-31 16:28:09,542.68
2022-03-31 16:28:14,539.252371908289
2022-03-31 16:28:19,542.84
2022-03-31 16:28:24,542.97
2022-03-31 16:28:29,539.2304028971531
2022-03-31 16:28:34,543.13
2022-03-31 16:28:39,543.2
2022-03-31 16:28:44,543.29
2022-03-31 16:28:49,543.36
2022-03-31 16:28:54,543.49
2022-03-31 16:28:59,543.58
2022-03-31 16:29:04,539.1791418711692
2022-03-31 16:29:09,543.78
2022-03-31 16:29:14,543.81
2022-03-31 16:29:19,539.1571728600333
2022-03-31 16:29:24,544.03
2022-03-31 16:29:29,544.17
2022-03-31 16:29:34,539.1352038488973
2022-03-31 16:29:39,544.32
2022-03-31 16:29:44,544.38
2022-03-31 16:29:49,539.1132348377614
2022-03-31 16:29:54,544.61
2022-03-31 16:29:59,539.0985888303375
2022-03-31 16:30:04,544.8
2022-03-31 16:30:09,544.9
2022-03-31 16:30:14,544.97
2022-03-31 16:30:19,539.0692968154896
2022-03-31 16:30:24,539.0619738117775
2022-03-31 16:30:29,539.0546508080656
2022-03-31 16:30:34,545.48
2022-03-31 16:30:39,545.54
2022-03-31 16:30:44,545.64
2022-03-31 16:30:49,545.77
2022-03-31 16:30:54,539.0180357895057
2022-03-31 16:30:59,545.93
2022-03-31 16:31:04,539.0033897820817
2022-03-31 16:31:09,538.9960667783697
2022-03-31 16:31:14,546.21
2022-03-31 16:31:19,538.9814207709458
2022-03-31 16:31:24,538.9740977672337
2022-03-31 16:31:29,538.9667747635218
2022-03-31 16:31:34,546.6
2022-03-31 16:31:39,546.73
2022-03-31 16:31:44,546.85
2022-03-31 16:31:49,538.9374827486739
2022-03-31 16:31:54,538.9301597449619
2022-03-31 16:31:59,547.11
2022-03-31 16:32:04,547.17
2022-03-31 16:32:09,547.3
2022-03-31 16:32:14,547.37
2022-03-31 16:32:19,547.39
2022-03-31 16:32:24,538.88622172269
2022-03-31 16:32:29,547.59
2022-03-31 16:32:34,538.8715757152661
2022-03-31 16:32:39,547.68
2022-03-31 16:32:44,538.8569297078421
2022-03-31 16:32:49,547.75
2022-03-31 16:32:54,538.8422837004182
2022-03-31 16:32:59,547.87
2022-03-31 16:33:04,547.9
2022-03-31 16:33:09,547.9
2022-03-31 16:33:14,538.8129916855703
2022-03-31 16:33:19,547.97
2022-03-31 16:33:24,547.9
2022-03-31 16:33:29,547.96
2022-03-31 16:33:34,547.97
2022-03-31 16:33:39,538.7763766670104
2022-03-31 16:33:44,547.96
2022-03-31 16:33:49,538.7617306595864
2022-03-31 16:33:54,547.9
2022-03-31 16:33:59,547.86
2022-03-31 16:34:04,547.86
2022-03-31 16:34:09,547.8
2022-03-31 16:34:14,538.7251156410265
2022-03-31 16:34:19,547.67
2022-03-31 16:34:24,538.7104696336025
2022-03-31 16:34:29,538.7031466298906
2022-03-31 16:34:34,547.44
2022-03-31 16:34:39,547.34
2022-03-31 16:34:44,547.22
2022-03-31 16:34:49,547.09
2022-03-31 16:34:54,538.6665316113307
2022-03-31 16:34:59,546.86
2022-03-31 16:35:04,546.76
2022-03-31 16:35:09,546.64
2022-03-31 16:35:14,546.54
2022-03-31 16:35:19,546.35
2022-03-31 16:35:24,546.25
2022-03-31 16:35:29,538.6152705853468
2022-03-31 16:35:34,545.89
2022-03-31 16:35:39,545.8
2022-03-31 16:35:44,545.54
2022-03-31 16:35:49,545.38
2022-03-31 16:35:54,545.22
2022-03-31 16:35:59,545.03
2022-03-31 16:36:04,538.564009559363
2022-03-31 16:36:09,544.7
2022-03-31 16:36:14,544.48
2022-03-31 16:36:19,544.29
2022-03-31 16:36:24,544.06
2022-03-31 16:36:29,543.9
2022-03-31 16:36:34,538.5200715370911
2022-03-31 16:36:39,543.45
2022-03-31 16:36:44,538.505425529667
2022-03-31 16:36:49,538.4981025259551
2022-03-31 16:36:54,542.81
2022-03-31 16:36:59,538.4834565185312
2022-03-31 16:37:04,542.35
2022-03-31 16:37:09,538.4688105111072
2022-03-31 16:37:14,541.9
2022-03-31 16:37:19,541.62
2022-03-31 16:37:24,541.39
2022-03-31 16:37:29,538.4395184962593
2022-03-31 16:37:34,540.87
2022-03-31 16:37:39,540.68
2022-03-31 16:37:44,540.39
2022-03-31 16:37:49,540.17
2022-03-31 16:37:54,539.87
2022-03-31 16:37:59,538.4349580766542
2022-03-31 16:38:04,539.42
2022-03-31 16:38:09,538.4523279084707
2022-03-31 16:38:14,538.4610128243789
2022-03-31 16:38:19,538.81
2022-03-31 16:38:24,538.52
2022-03-31 16:38:29,538.3
2022-03-31 16:38:34,538.1
2022-03-31 16:38:39,538.5044374039203
2022-03-31 16:38:44,537.72
2022-03-31 16:38:49,537.49
2022-03-31 16:38:54,537.3
2022-03-31 16:38:59,537.07
2022-03-31 16:39:04,536.91
2022-03-31 16:39:09,536.68
2022-03-31 16:39:14,536.52
2022-03-31 16:39:19,536.39
2022-03-31 16:39:24,536.23
2022-03-31 16:39:29,538.591286563003
2022-03-31 16:39:34,535.94
2022-03-31 16:39:39,535.75
2022-03-31 16:39:44,538.6173413107277
2022-03-31 16:39:49,535.52
2022-03-31 16:39:54,535.42
2022-03-31 16:39:59,535.3
2022-03-31 16:40:04,535.23
2022-03-31 16:40:09,535.2
2022-03-31 16:40:14,538.6694508061773
2022-03-31 16:40:19,538.6781357220857
2022-03-31 16:40:24,534.97
2022-03-31 16:40:29,534.91
2022-03-31 16:40:34,534.91
2022-03-31 16:40:39,534.78
2022-03-31 16:40:44,534.84
2022-03-31 16:40:49,538.7302452175353
2022-03-31 16:40:54,534.84
2022-03-31 16:40:59,534.84
2022-03-31 16:41:04,534.84
2022-03-31 16:41:09,534.9
2022-03-31 16:41:14,534.97
2022-03-31 16:41:19,535.0
2022-03-31 16:41:24,535.06
2022-03-31 16:41:29,535.19
2022-03-31 16:41:34,535.28
2022-03-31 16:41:39,535.34
2022-03-31 16:41:44,538.8257792925262
2022-03-31 16:41:49,535.57
2022-03-31 16:41:54,535.7
2022-03-31 16:41:59,535.8
2022-03-31 16:42:04,535.99
2022-03-31 16:42:09,538.8692038720675
2022-03-31 16:42:14,538.8778887879758
2022-03-31 16:42:19,538.8865737038841
2022-03-31 16:42:24,538.8952586197923
2022-03-31 16:42:29,536.76
2022-03-31 16:42:34,536.95
2022-03-31 16:42:39,538.9213133675171
2022-03-31 16:42:44,537.24
2022-03-31 16:42:49,538.9386831993337
2022-03-31 16:42:54,537.62
2022-03-31 16:42:59,537.78
2022-03-31 16:43:04,538.9647379470586
2022-03-31 16:43:09,538.2
2022-03-31 16:43:14,538.35
2022-03-31 16:43:19,538.55
2022-03-31 16:43:24,538.77
2022-03-31 16:43:29,538.93
2022-03-31 16:43:34,539.0168474425082
2022-03-31 16:43:39,539.0255323584164
2022-03-31 16:43:44,539.45
2022-03-31 16:43:49,539.74
2022-03-31 16:43:54,539.9
2022-03-31 16:43:59,540.09
2022-03-31 16:44:04,540.25
2022-03-31 16:44:09,540.48
2022-03-31 16:44:14,539.0863267697742
2022-03-31 16:44:19,540.83
2022-03-31 16:44:24,540.93
2022-03-31 16:44:29,541.06
2022-03-31 16:44:34,541.22
2022-03-31 16:44:39,541.38
2022-03-31 16:44:44,541.51
2022-03-31 16:44:49,539.1471211811322
2022-03-31 16:44:54,539.1558060970405
2022-03-31 16:44:59,539.1644910129487
2022-03-31 16:45:04,542.02
2022-03-31 16:45:09,542.15
2022-03-31 16:45:14,539.1905457606734
2022-03-31 16:45:19,542.31
2022-03-31 16:45:24,539.20791559249
2022-03-31 16:45:29,542.54
2022-03-31 16:45:34,542.67
2022-03-31 16:45:39,539.2339703402149
2022-03-31 16:45:44,542.77
2022-03-31 16:45:49,542.89
2022-03-31 16:45:54,542.93
2022-03-31 16:45:59,542.99
2022-03-31 16:46:04,543.06
2022-03-31 16:46:09,543.12
2022-03-31 16:46:14,543.22
2022-03-31 16:46:19,539.303449667481
2022-03-31 16:46:24,543.35
2022-03-31 16:46:29,543.41
2022-03-31 16:46:34,543.44
2022-03-31 16:46:39,539.3381893311141
2022-03-31 16:46:44,543.57
2022-03-31 16:46:49,539.3555591629306
2022-03-31 16:46:54,543.7
2022-03-31 16:46:59,543.7
2022-03-31 16:47:04,543.73
2022-03-31 16:47:09,543.8
2022-03-31 16:47:14,543.87
2022-03-31 16:47:19,543.87
2022-03-31 16:47:24,543.93
2022-03-31 16:47:29,543.93
2022-03-31 16:47:34,539.433723406105
2022-03-31 16:47:39,539.4424083220133
2022-03-31 16:47:44,544.03
2022-03-31 16:47:49,544.03
2022-03-31 16:47:54,544.03
2022-03-31 16:47:59,539.4771479856464
2022-03-31 16:48:04,544.03
2022-03-31 16:48:09,544.03
2022-03-31 16:48:14,544.03
2022-03-31 16:48:19,544.03
2022-03-31 16:48:24,543.97
2022-03-31 16:48:29,539.529257481096
2022-03-31 16:48:34,543.97
2022-03-31 16:48:39,543.93
2022-03-31 16:48:44,543.87
2022-03-31 16:48:49,539.563997144729
2022-03-31 16:48:54,539.5726820606374
2022-03-31 16:48:59,539.5813669765456
2022-03-31 16:49:04,543.71
2022-03-31 16:49:09,543.65
2022-03-31 16:49:14,543.64
2022-03-31 16:49:19,543.58
2022-03-31 16:49:24,543.45
2022-03-31 16:49:29,543.45
2022-03-31 16:49:34,543.42
2022-03-31 16:49:39,539.6508463038117
2022-03-31 16:49:44,543.23
2022-03-31 16:49:49,543.23
2022-03-31 16:49:54,543.13
2022-03-31 16:49:59,543.07
2022-03-31 16:50:04,543.01
2022-03-31 16:50:09,542.94
2022-03-31 16:50:14,542.84
2022-03-31 16:50:19,539.7203256310778
2022-03-31 16:50:24,539.7290105469862
2022-03-31 16:50:29,542.62
2022-03-31 16:50:34,542.56
2022-03-31 16:50:39,539.7550652947109
2022-03-31 16:50:44,539.7637502106193
2022-03-31 16:50:49,539.7724351265274
2022-03-31 16:50:54,542.2
2022-03-31 16:50:59,542.17
2022-03-31 16:51:04,542.05
2022-03-31 16:51:09,541.92
2022-03-31 16:51:14,541.89
2022-03-31 16:51:19,541.82
2022-03-31 16:51:24,541.69
2022-03-31 16:51:29,541.66
2022-03-31 16:51:34,539.8505993697019
2022-03-31 16:51:39,541.4
2022-03-31 16:51:44,541.37
2022-03-31 16:51:49,539.8766541174266
2022-03-31 16:51:54,541.18
2022-03-31 16:51:59,541.08
2022-03-31 16:52:04,541.08
2022-03-31 16:52:09,540.96
2022-03-31 16:52:14,540.86
2022-03-31 16:52:19,540.79
2022-03-31 16:52:24,539.7566933600376
2022-03-31 16:52:29,540.64
2022-03-31 16:52:34,540.57
2022-03-31 16:52:39,539.6980346642622
2022-03-31 16:52:44,539.6784817656703
2022-03-31 16:52:49,540.35
2022-03-31 16:52:54,540.22
2022-03-31 16:52:59,539.619823069895
2022-03-31 16:53:04,540.06
2022-03-31 16:53:09,540.06
2022-03-31 16:53:14,539.5611643741196
2022-03-31 16:53:19,539.87
2022-03-31 16:53:24,539.84
2022-03-31 16:53:29,539.78
2022-03-31 16:53:34,539.65
2022-03-31 16:53:39,539.62
2022-03-31 16:53:44,539.62
2022-03-31 16:53:49,539.424294083977
2022-03-31 16:53:54,539.49
2022-03-31 16:53:59,539.43
2022-03-31 16:54:04,539.36
2022-03-31 16:54:09,539.33
2022-03-31 16:54:14,539.27
2022-03-31 16:54:19,539.2
2022-03-31 16:54:24,539.14
2022-03-31 16:54:29,539.11
2022-03-31 16:54:34,539.05
2022-03-31 16:54:39,538.98
2022-03-31 16:54:44,538.92
2022-03-31 16:54:49,538.86
2022-03-31 16:54:54,538.82
2022-03-31 16:54:59,538.76
2022-03-31 16:55:04,538.69
2022-03-31 16:55:09,539.1114477065083
2022-03-31 16:55:14,538.63
2022-03-31 16:55:19,538.6
2022-03-31 16:55:24,538.6
2022-03-31 16:55:29,538.54
2022-03-31 16:55:34,538.54
2022-03-31 16:55:39,538.48
2022-03-31 16:55:44,538.48
2022-03-31 16:55:49,538.41
2022-03-31 16:55:54,538.9354716191822
2022-03-31 16:55:59,538.9159187205903
2022-03-31 16:56:04,538.32
2022-03-31 16:56:09,538.25
2022-03-31 16:56:14,538.25
2022-03-31 16:56:19,538.837707126223
2022-03-31 16:56:24,538.8181542276311
2022-03-31 16:56:29,538.12
2022-03-31 16:56:34,538.7790484304477
2022-03-31 16:56:39,538.12
2022-03-31 16:56:44,538.09
2022-03-31 16:56:49,538.09
2022-03-31 16:56:54,538.03
2022-03-31 16:56:59,538.6812839374887
2022-03-31 16:57:04,537.96
2022-03-31 16:57:09,537.9
2022-03-31 16:57:14,537.9
2022-03-31 16:57:19,537.84
2022-03-31 16:57:24,537.84
2022-03-31 16:57:29,537.84
2022-03-31 16:57:34,538.5444136473461
2022-03-31 16:57:39,537.8
2022-03-31 16:57:44,538.5053078501626
2022-03-31 16:57:49,537.74
2022-03-31 16:57:54,537.74
2022-03-31 16:57:59,537.68
2022-03-31 16:58:04,537.68
2022-03-31 16:58:09,538.4075433572034
2022-03-31 16:58:14,538.3879904586117
2022-03-31 16:58:19,537.58
2022-03-31 16:58:24,537.58
2022-03-31 16:58:29,537.51
2022-03-31 16:58:34,537.51
2022-03-31 16:58:39,537.45
2022-03-31 16:58:44,538.270673067061
2022-03-31 16:58:49,537.38
2022-03-31 16:58:54,537.38
2022-03-31 16:58:59,537.38
2022-03-31 16:59:04,537.38
2022-03-31 16:59:09,537.32
2022-03-31 16:59:14,537.28
2022-03-31 16:59:19,538.1338027769183
2022-03-31 16:59:24,538.1142498783265
2022-03-31 16:59:29,538.0946969797347
2022-03-31 16:59:34,537.28
2022-03-31 16:59:39,537.28
2022-03-31 16:59:44,538.0360382839594
2022-03-31 16:59:49,537.21
2022-03-31 16:59:54,537.21
2022-03-31 16:59:59,537.21
2022-03-31 17:00:04,537.28
2022-03-31 17:00:09,537.21
2022-03-31 17:00:14,537.21
2022-03-31 17:00:19,537.28
2022-03-31 17:00:24,537.21
2022-03-31 17:00:29,537.21
2022-03-31 17:00:34,537.21
2022-03-31 17:00:39,537.8209563994495
2022-03-31 17:00:44,537.8014035008576
2022-03-31 17:00:49,537.781850602266
2022-03-31 17:00:54,537.28
2022-03-31 17:00:59,537.31
2022-03-31 17:01:04,537.37
2022-03-31 17:01:09,537.37
2022-03-31 17:01:14,537.6840861093069
2022-03-31 17:01:19,537.44
2022-03-31 17:01:24,537.6449803121234
2022-03-31 17:01:29,537.57
2022-03-31 17:01:34,537.57
2022-03-31 17:01:39,537.6
2022-03-31 17:01:44,537.6
2022-03-31 17:01:49,537.5472158191644
2022-03-31 17:01:54,537.5276629205725
2022-03-31 17:01:59,537.5081100219807
2022-03-31 17:02:04,537.488557123389
2022-03-31 17:02:09,537.89
2022-03-31 17:02:14,537.89
2022-03-31 17:02:19,537.4298984276137
2022-03-31 17:02:24,537.95
2022-03-31 17:02:29,538.02
2022-03-31 17:02:34,538.02
2022-03-31 17:02:39,538.08
2022-03-31 17:02:44,537.3321339346545
2022-03-31 17:02:49,537.3125810360629
2022-03-31 17:02:54,538.18
2022-03-31 17:02:59,537.2734752388791
2022-03-31 17:03:04,538.25
2022-03-31 17:03:09,538.25
2022-03-31 17:03:14,537.2148165431038
2022-03-31 17:03:19,538.31
2022-03-31 17:03:24,537.1757107459202
2022-03-31 17:03:29,537.1561578473284
2022-03-31 17:03:34,537.1366049487367
2022-03-31 17:03:39,538.41
2022-03-31 17:03:44,538.41
2022-03-31 17:03:49,538.48
2022-03-31 17:03:54,538.48
2022-03-31 17:03:59,538.48
2022-03-31 17:04:04,537.0192875571859
2022-03-31 17:04:09,538.6
2022-03-31 17:04:14,538.54
2022-03-31 17:04:19,538.61
2022-03-31 17:04:24,538.61
2022-03-31 17:04:29,536.9215230642268
2022-03-31 17:04:34,538.64
2022-03-31 17:04:39,538.64
2022-03-31 17:04:44,536.8628643684514
2022-03-31 17:04:49,536.8433114698597
2022-03-31 17:04:54,536.8237585712678
2022-03-31 17:04:59,538.7
2022-03-31 17:05:04,536.7846527740842
2022-03-31 17:05:09,538.7
2022-03-31 17:05:14,538.7
2022-03-31 17:05:19,538.7
2022-03-31 17:05:24,538.7
2022-03-31 17:05:29,538.77
2022-03-31 17:05:34,538.77
2022-03-31 17:05:39,538.76
2022-03-31 17:05:44,538.76
2022-03-31 17:05:49,536.608676686758
2022-03-31 17:05:54,538.76
2022-03-31 17:05:59,538.82
2022-03-31 17:06:04,538.83
2022-03-31 17:06:09,538.83
2022-03-31 17:06:14,538.83
2022-03-31 17:06:19,538.82
2022-03-31 17:06:24,538.83
2022-03-31 17:06:29,536.7284608620546
2022-03-31 17:06:34,538.82
2022-03-31 17:06:39,538.82
2022-03-31 17:06:44,538.82
2022-03-31 17:06:49,536.8244448406832
2022-03-31 17:06:54,538.76
2022-03-31 17:06:59,536.8724368299974
2022-03-31 17:07:04,538.76
2022-03-31 17:07:09,536.9204288193114
2022-03-31 17:07:14,536.9444248139687
2022-03-31 17:07:19,538.75
2022-03-31 17:07:24,538.69
2022-03-31 17:07:29,538.69
2022-03-31 17:07:34,538.62
2022-03-31 17:07:39,538.69
2022-03-31 17:07:44,538.62
2022-03-31 17:07:49,538.62
2022-03-31 17:07:54,537.1363927712255
2022-03-31 17:07:59,537.1603887658827
2022-03-31 17:08:04,538.62
2022-03-31 17:08:09,537.2083807551968
2022-03-31 17:08:14,537.232376749854
2022-03-31 17:08:19,537.2563727445112
2022-03-31 17:08:24,538.62
2022-03-31 17:08:29,538.62
2022-03-31 17:08:34,538.62
2022-03-31 17:08:39,538.62
2022-03-31 17:08:44,538.58
2022-03-31 17:08:49,538.58
2022-03-31 17:08:54,537.4243447071108
2022-03-31 17:08:59,538.58
2022-03-31 17:09:04,538.58
2022-03-31 17:09:09,538.58
2022-03-31 17:09:14,538.58
2022-03-31 17:09:19,538.57
2022-03-31 17:09:24,537.5683206750537
2022-03-31 17:09:29,538.57
2022-03-31 17:09:34,538.57
2022-03-31 17:09:39,537.640308659025
2022-03-31 17:09:44,538.57
2022-03-31 17:09:49,538.57
2022-03-31 17:09:54,538.57
2022-03-31 17:09:59,538.57
2022-03-31 17:10:04,538.57
2022-03-31 17:10:09,538.5
2022-03-31 17:10:14,538.57
2022-03-31 17:10:19,538.57
2022-03-31 17:10:24,537.856272610939
2022-03-31 17:10:29,538.5
2022-03-31 17:10:34,538.5
2022-03-31 17:10:39,537.9282605949103
2022-03-31 17:10:44,538.44
2022-03-31 17:10:49,537.9762525842244
2022-03-31 17:10:54,538.44
2022-03-31 17:10:59,538.0242445735386
2022-03-31 17:11:04,538.37
2022-03-31 17:11:09,538.0722365628529
2022-03-31 17:11:14,538.0962325575099
2022-03-31 17:11:19,538.28
2022-03-31 17:11:24,538.21
2022-03-31 17:11:29,538.15
2022-03-31 17:11:34,538.1922165361384
2022-03-31 17:11:39,538.2162125307956
2022-03-31 17:11:44,537.92
2022-03-31 17:11:49,537.92
2022-03-31 17:11:54,538.2882005147669
2022-03-31 17:11:59,538.3121965094239
2022-03-31 17:12:04,538.336192504081
2022-03-31 17:12:09,538.3601884987382
2022-03-31 17:12:14,538.3841844933952
2022-03-31 17:12:19,537.41
2022-03-31 17:12:24,537.28
2022-03-31 17:12:29,538.4561724773665
2022-03-31 17:12:34,537.18
2022-03-31 17:12:39,538.5041644666809
2022-03-31 17:12:44,538.5281604613378
2022-03-31 17:12:49,538.552156455995
2022-03-31 17:12:54,536.83
2022-03-31 17:12:59,536.76
2022-03-31 17:13:04,536.67
2022-03-31 17:13:09,538.6481404346235
2022-03-31 17:13:14,538.6721364292805
2022-03-31 17:13:19,536.44
2022-03-31 17:13:24,538.7201284185949
2022-03-31 17:13:29,536.25
2022-03-31 17:13:34,536.22
2022-03-31 17:13:39,536.09
2022-03-31 17:13:44,538.8161123972234
2022-03-31 17:13:49,536.0
2022-03-31 17:13:54,535.93
2022-03-31 17:13:59,535.87
2022-03-31 17:14:04,535.74
2022-03-31 17:14:09,535.74
2022-03-31 17:14:14,535.71
2022-03-31 17:14:19,535.58
2022-03-31 17:14:24,535.58
2022-03-31 17:14:29,535.49
2022-03-31 17:14:34,535.42
2022-03-31 17:14:39,535.29
2022-03-31 17:14:44,535.29
2022-03-31 17:14:49,539.1280603277656
2022-03-31 17:14:54,535.07
2022-03-31 17:14:59,539.17605231708
2022-03-31 17:15:04,539.200048311737
2022-03-31 17:15:09,539.2240443063941
2022-03-31 17:15:14,534.84
2022-03-31 17:15:19,534.78
2022-03-31 17:15:24,534.68
2022-03-31 17:15:29,539.3200282850227
2022-03-31 17:15:34,539.3440242796796
2022-03-31 17:15:39,534.46
2022-03-31 17:15:44,539.392016268994
2022-03-31 17:15:49,539.4160122636509
2022-03-31 17:15:54,534.27
2022-03-31 17:15:59,534.2
2022-03-31 17:16:04,534.17
2022-03-31 17:16:09,534.04
2022-03-31 17:16:14,539.5359922369366
2022-03-31 17:16:19,539.5599882315936
2022-03-31 17:16:24,539.5839842262508
2022-03-31 17:16:29,533.82
2022-03-31 17:16:34,533.76
2022-03-31 17:16:39,533.69
2022-03-31 17:16:44,533.66
2022-03-31 17:16:49,533.6
2022-03-31 17:16:54,539.7279601941934
2022-03-31 17:16:59,539.7519561888506
2022-03-31 17:17:04,533.44
2022-03-31 17:17:09,533.37
2022-03-31 17:17:14,533.37
2022-03-31 17:17:19,533.25
2022-03-31 17:17:24,539.8719361621361
2022-03-31 17:17:29,539.8959321567933
2022-03-31 17:17:34,539.9199281514502
2022-03-31 17:17:39,533.09
2022-03-31 17:17:44,533.02
2022-03-31 17:17:49,532.96
2022-03-31 17:17:54,540.0159121300787
2022-03-31 17:17:59,532.93
2022-03-31 17:18:04,532.93
2022-03-31 17:18:09,532.87
2022-03-31 17:18:14,540.1118961087072
2022-03-31 17:18:19,532.8
2022-03-31 17:18:24,540.1598880980214
2022-03-31 17:18:29,540.1838840926786
2022-03-31 17:18:34,532.81
2022-03-31 17:18:39,532.81
2022-03-31 17:18:44,540.2558720766499
2022-03-31 17:18:49,532.81
2022-03-31 17:18:54,532.81
2022-03-31 17:18:59,532.81
2022-03-31 17:19:04,532.87
2022-03-31 17:19:09,532.88
2022-03-31 17:19:14,532.94
2022-03-31 17:19:19,540.4238440392497
2022-03-31 17:19:24,532.97
2022-03-31 17:19:29,532.97
2022-03-31 17:19:34,533.04
2022-03-31 17:19:39,533.04
2022-03-31 17:19:44,540.5438240125352
2022-03-31 17:19:49,540.5678200071924
2022-03-31 17:19:54,540.5918160018493
2022-03-31 17:19:59,540.6158119965065
2022-03-31 17:20:04,533.34
2022-03-31 17:20:09,533.34
2022-03-31 17:20:14,533.47
2022-03-31 17:20:19,533.5
2022-03-31 17:20:24,540.6222391101775
2022-03-31 17:20:29,540.6197273335862
2022-03-31 17:20:34,533.73
2022-03-31 17:20:39,533.85
2022-03-31 17:20:44,540.6121920038121
2022-03-31 17:20:49,534.02
2022-03-31 17:20:54,540.6071684506294
2022-03-31 17:20:59,540.604656674038
2022-03-31 17:21:04,540.6021448974466
2022-03-31 17:21:09,540.5996331208553
2022-03-31 17:21:14,534.6
2022-03-31 17:21:19,534.73
2022-03-31 17:21:24,534.83
2022-03-31 17:21:29,534.9
2022-03-31 17:21:34,535.06
2022-03-31 17:21:39,535.19
2022-03-31 17:21:44,535.28
2022-03-31 17:21:49,535.41
2022-03-31 17:21:54,540.577027131533
2022-03-31 17:21:59,540.5745153549416
2022-03-31 17:22:04,535.77
2022-03-31 17:22:09,535.93
2022-03-31 17:22:14,536.0
2022-03-31 17:22:19,536.09
2022-03-31 17:22:24,536.22
2022-03-31 17:22:29,540.5594446953935
2022-03-31 17:22:34,540.5569329188021
2022-03-31 17:22:39,540.5544211422107
2022-03-31 17:22:44,536.68
2022-03-31 17:22:49,540.549397589028
2022-03-31 17:22:54,540.5468858124366
2022-03-31 17:22:59,537.03
2022-03-31 17:23:04,540.5418622592539
2022-03-31 17:23:09,540.5393504826625
2022-03-31 17:23:14,537.32
2022-03-31 17:23:19,540.5343269294798
2022-03-31 17:23:24,537.48
2022-03-31 17:23:29,540.5293033762971
2022-03-31 17:23:34,537.64
2022-03-31 17:23:39,537.71
2022-03-31 17:23:44,540.521768046523
2022-03-31 17:23:49,537.87
2022-03-31 17:23:54,537.93
2022-03-31 17:23:59,538.0
2022-03-31 17:24:04,540.5117209401576
2022-03-31 17:24:09,538.12
2022-03-31 17:24:14,538.22
2022-03-31 17:24:19,538.22
2022-03-31 17:24:24,538.29
2022-03-31 17:24:29,538.35
2022-03-31 17:24:34,538.38
2022-03-31 17:24:39,538.45
2022-03-31 17:24:44,538.58
2022-03-31 17:24:49,538.58
2022-03-31 17:24:54,538.64
2022-03-31 17:24:59,538.67
2022-03-31 17:25:04,538.74
2022-03-31 17:25:09,538.74
2022-03-31 17:25:14,538.8
2022-03-31 17:25:19,538.86
2022-03-31 17:25:24,538.9
2022-03-31 17:25:29,540.4690207381044
2022-03-31 17:25:34,539.02
2022-03-31 17:25:39,539.02
2022-03-31 17:25:44,539.02
2022-03-31 17:25:49,539.09
2022-03-31 17:25:54,539.09
2022-03-31 17:25:59,540.4539500785562
2022-03-31 17:26:04,539.15
2022-03-31 17:26:09,539.18
2022-03-31 17:26:14,540.4464147487822
2022-03-31 17:26:19,539.25
2022-03-31 17:26:24,540.4413911955994
2022-03-31 17:26:29,539.24
2022-03-31 17:26:34,539.31
2022-03-31 17:26:39,540.4338558658253
2022-03-31 17:26:44,539.37
2022-03-31 17:26:49,540.4288323126426
2022-03-31 17:26:54,539.37
2022-03-31 17:26:59,539.37
2022-03-31 17:27:04,539.37
2022-03-31 17:27:09,539.37
2022-03-31 17:27:14,539.37
2022-03-31 17:27:19,539.4
2022-03-31 17:27:24,539.4
2022-03-31 17:27:29,539.4
2022-03-31 17:27:34,539.4
2022-03-31 17:27:39,539.4
2022-03-31 17:27:44,539.4
2022-03-31 17:27:49,539.4
2022-03-31 17:27:54,539.4
2022-03-31 17:27:59,539.4
2022-03-31 17:28:04,539.4
2022-03-31 17:28:09,539.4
2022-03-31 17:28:14,539.4
2022-03-31 17:28:19,539.4
2022-03-31 17:28:24,539.37
2022-03-31 17:28:29,539.37
2022-03-31 17:28:34,539.37
2022-03-31 17:28:39,539.31
2022-03-31 17:28:44,540.3710614510413
2022-03-31 17:28:49,539.31
2022-03-31 17:28:54,539.31
2022-03-31 17:28:59,539.31
2022-03-31 17:29:04,539.3
2022-03-31 17:29:09,539.31
2022-03-31 17:29:14,539.24
2022-03-31 17:29:19,539.31
2022-03-31 17:29:24,540.3509672383104
2022-03-31 17:29:29,540.348455461719
2022-03-31 17:29:34,539.24
2022-03-31 17:29:39,540.3434319085363
2022-03-31 17:29:44,539.24
2022-03-31 17:29:49,540.3384083553536
2022-03-31 17:29:54,539.25
2022-03-31 17:29:59,539.25
2022-03-31 17:30:04,539.25
2022-03-31 17:30:09,539.25
2022-03-31 17:30:14,539.25
2022-03-31 17:30:19,539.25
2022-03-31 17:30:24,539.25
2022-03-31 17:30:29,540.3183141426227
2022-03-31 17:30:34,539.25
2022-03-31 17:30:39,539.25
2022-03-31 17:30:44,539.31
2022-03-31 17:30:49,540.3082670362572
2022-03-31 17:30:54,539.32
2022-03-31 17:30:59,539.25
2022-03-31 17:31:04,539.25
2022-03-31 17:31:09,539.32
2022-03-31 17:31:14,539.32
2022-03-31 17:31:19,539.32
2022-03-31 17:31:24,539.32
2022-03-31 17:31:29,540.2881728235263
2022-03-31 17:31:34,540.2856610469349
2022-03-31 17:31:39,539.32
2022-03-31 17:31:44,539.32
2022-03-31 17:31:49,539.38
2022-03-31 17:31:54,539.38
2022-03-31 17:31:59,540.2731021639781
2022-03-31 17:32:04,539.32
2022-03-31 17:32:09,539.32
2022-03-31 17:32:14,539.38
2022-03-31 17:32:19,539.38
2022-03-31 17:32:24,539.41
2022-03-31 17:32:29,539.38
2022-03-31 17:32:34,539.41
2022-03-31 17:32:39,539.41
2022-03-31 17:32:44,539.41
2022-03-31 17:32:49,539.48
2022-03-31 17:32:54,539.41
2022-03-31 17:32:59,539.48
2022-03-31 17:33:04,540.2404490682904
2022-03-31 17:33:09,539.47
2022-03-31 17:33:14,539.41
2022-03-31 17:33:19,539.47
2022-03-31 17:33:24,540.230401961925
2022-03-31 17:33:29,540.2278901853336
2022-03-31 17:33:34,539.47
2022-03-31 17:33:39,539.47
2022-03-31 17:33:44,539.47
2022-03-31 17:33:49,539.4
2022-03-31 17:33:54,539.41
2022-03-31 17:33:59,539.41
2022-03-31 17:34:04,539.4
2022-03-31 17:34:09,540.2055588530711
2022-03-31 17:34:14,539.47
2022-03-31 17:34:19,539.4
2022-03-31 17:34:24,540.1682017472792
2022-03-31 17:34:29,539.4
2022-03-31 17:34:34,540.1432970100846
2022-03-31 17:34:39,539.47
2022-03-31 17:34:44,539.4
2022-03-31 17:34:49,539.46
2022-03-31 17:34:54,540.0934875356955
2022-03-31 17:34:59,539.4
2022-03-31 17:35:04,539.37
2022-03-31 17:35:09,539.4
2022-03-31 17:35:14,539.4
2022-03-31 17:35:19,540.031225692709
2022-03-31 17:35:24,539.36
2022-03-31 17:35:29,539.36
2022-03-31 17:35:34,539.36
2022-03-31 17:35:39,539.36
2022-03-31 17:35:44,539.9689638497226
2022-03-31 17:35:49,539.9565114811253
2022-03-31 17:35:54,539.944059112528
2022-03-31 17:35:59,539.9316067439307
2022-03-31 17:36:04,539.36
2022-03-31 17:36:09,539.9067020067362
2022-03-31 17:36:14,539.29
2022-03-31 17:36:19,539.8817972695416
2022-03-31 17:36:24,539.29
2022-03-31 17:36:29,539.29
2022-03-31 17:36:34,539.22
2022-03-31 17:36:39,539.8319877951524
2022-03-31 17:36:44,539.8195354265553
2022-03-31 17:36:49,539.8070830579579
2022-03-31 17:36:54,539.7946306893606
2022-03-31 17:36:59,539.22
2022-03-31 17:37:04,539.22
2022-03-31 17:37:09,539.22
2022-03-31 17:37:14,539.7448212149715
2022-03-31 17:37:19,539.28
2022-03-31 17:37:24,539.28
2022-03-31 17:37:29,539.7074641091797
2022-03-31 17:37:34,539.35
2022-03-31 17:37:39,539.34
2022-03-31 17:37:44,539.38
2022-03-31 17:37:49,539.38
2022-03-31 17:37:54,539.44
2022-03-31 17:37:59,539.51
2022-03-31 17:38:04,539.57
2022-03-31 17:38:09,539.57
2022-03-31 17:38:14,539.63
2022-03-31 17:38:19,539.63
2022-03-31 17:38:24,539.5704880546094
2022-03-31 17:38:29,539.73
2022-03-31 17:38:34,539.73
2022-03-31 17:38:39,539.5331309488175
2022-03-31 17:38:44,539.86
2022-03-31 17:38:49,539.89
2022-03-31 17:38:54,539.89
2022-03-31 17:38:59,540.02
2022-03-31 17:39:04,540.02
2022-03-31 17:39:09,540.09
2022-03-31 17:39:14,540.15
2022-03-31 17:39:19,539.4335120000394
2022-03-31 17:39:24,540.18
2022-03-31 17:39:29,540.25
2022-03-31 17:39:34,540.31
2022-03-31 17:39:39,540.38
2022-03-31 17:39:44,540.41
2022-03-31 17:39:49,539.3587977884556
2022-03-31 17:39:54,539.3463454198583
2022-03-31 17:39:59,540.47
2022-03-31 17:40:04,540.54
2022-03-31 17:40:09,540.6
2022-03-31 17:40:14,540.6
2022-03-31 17:40:19,540.67
2022-03-31 17:40:24,540.7
2022-03-31 17:40:29,540.7
2022-03-31 17:40:34,539.24672647108
2022-03-31 17:40:39,540.83
2022-03-31 17:40:44,540.89
2022-03-31 17:40:49,539.2093693652882
2022-03-31 17:40:54,539.1969169966909
2022-03-31 17:40:59,541.05
2022-03-31 17:41:04,541.05
2022-03-31 17:41:09,541.12
2022-03-31 17:41:14,541.18
2022-03-31 17:41:19,541.18
2022-03-31 17:41:24,539.1222027851072
2022-03-31 17:41:29,541.21
2022-03-31 17:41:34,541.21
2022-03-31 17:41:39,541.27
2022-03-31 17:41:44,541.27
2022-03-31 17:41:49,541.27
2022-03-31 17:41:54,541.27
2022-03-31 17:41:59,539.0350362049262
2022-03-31 17:42:04,541.34
2022-03-31 17:42:09,541.27
2022-03-31 17:42:14,541.27
2022-03-31 17:42:19,538.9852267305371
2022-03-31 17:42:24,538.9727743619397
2022-03-31 17:42:29,541.21
2022-03-31 17:42:34,541.21
2022-03-31 17:42:39,541.21
2022-03-31 17:42:44,541.17
2022-03-31 17:42:49,541.17
2022-03-31 17:42:54,538.8980601503561
2022-03-31 17:42:59,541.04
2022-03-31 17:43:04,541.11
2022-03-31 17:43:09,541.04
2022-03-31 17:43:14,541.04
2022-03-31 17:43:19,540.97
2022-03-31 17:43:24,540.97
2022-03-31 17:43:29,540.91
2022-03-31 17:43:34,540.87
2022-03-31 17:43:39,540.88
2022-03-31 17:43:44,538.7735364643831
2022-03-31 17:43:49,538.7610840957859
2022-03-31 17:43:54,540.75
2022-03-31 17:43:59,538.7361793585914
2022-03-31 17:44:04,538.7237269899941
2022-03-31 17:44:09,540.65
2022-03-31 17:44:14,538.6988222527995
2022-03-31 17:44:19,540.64
2022-03-31 17:44:24,540.64
2022-03-31 17:44:29,540.58
2022-03-31 17:44:34,540.58
2022-03-31 17:44:39,540.51
2022-03-31 17:44:44,540.44
2022-03-31 17:44:49,538.6116556726184
2022-03-31 17:44:54,540.38
2022-03-31 17:44:59,540.38
2022-03-31 17:45:04,538.5742985668265
2022-03-31 17:45:09,538.5618461982293
2022-03-31 17:45:14,540.28
2022-03-31 17:45:19,538.5369414610348
2022-03-31 17:45:24,538.5244890924375
2022-03-31 17:45:29,538.5120367238402
2022-03-31 17:45:34,540.15
2022-03-31 17:45:39,538.4871319866456
2022-03-31 17:45:44,538.4746796180483
2022-03-31 17:45:49,540.05
2022-03-31 17:45:54,538.4497748808537
2022-03-31 17:45:59,538.4373225122565
2022-03-31 17:46:04,538.4248701436592
2022-03-31 17:46:09,539.91
2022-03-31 17:46:14,538.3999654064646
2022-03-31 17:46:19,539.92
2022-03-31 17:46:24,539.85
2022-03-31 17:46:29,539.82
2022-03-31 17:46:34,539.82
2022-03-31 17:46:39,539.75
2022-03-31 17:46:44,539.75
2022-03-31 17:46:49,538.3127988262836
2022-03-31 17:46:54,539.69
2022-03-31 17:46:59,539.62
2022-03-31 17:47:04,539.62
2022-03-31 17:47:09,539.59
2022-03-31 17:47:14,538.2505369832973
2022-03-31 17:47:19,539.59
2022-03-31 17:47:24,539.52
2022-03-31 17:47:29,539.53
2022-03-31 17:47:34,538.200727508908
2022-03-31 17:47:39,538.1882751403108
2022-03-31 17:47:44,538.1758227717135
2022-03-31 17:47:49,539.4
2022-03-31 17:47:54,538.150918034519
2022-03-31 17:47:59,539.4
2022-03-31 17:48:04,539.4
2022-03-31 17:48:09,539.33
2022-03-31 17:48:14,539.33
2022-03-31 17:48:19,539.33
2022-03-31 17:48:24,539.3
2022-03-31 17:48:29,538.0930973417157
2022-03-31 17:48:34,539.24
2022-03-31 17:48:39,539.3
2022-03-31 17:48:44,539.24
2022-03-31 17:48:49,539.24
2022-03-31 17:48:54,539.24
2022-03-31 17:48:59,538.0739915916279
2022-03-31 17:49:04,538.0708072999466
2022-03-31 17:49:09,539.24
2022-03-31 17:49:14,539.11
2022-03-31 17:49:19,539.17
2022-03-31 17:49:24,539.11
2022-03-31 17:49:29,539.11
2022-03-31 17:49:34,539.11
2022-03-31 17:49:39,538.0485172581775
2022-03-31 17:49:44,538.0453329664962
2022-03-31 17:49:49,539.08
2022-03-31 17:49:54,538.0389643831336
2022-03-31 17:49:59,539.01
2022-03-31 17:50:04,538.032595799771
2022-03-31 17:50:09,539.01
2022-03-31 17:50:14,538.0262272164084
2022-03-31 17:50:19,538.0230429247271
2022-03-31 17:50:24,538.0198586330458
2022-03-31 17:50:29,538.0166743413645
2022-03-31 17:50:34,538.89
2022-03-31 17:50:39,538.0103057580019
2022-03-31 17:50:44,538.89
2022-03-31 17:50:49,538.83
2022-03-31 17:50:54,538.000752882958
2022-03-31 17:50:59,538.79
2022-03-31 17:51:04,538.73
2022-03-31 17:51:09,538.73
2022-03-31 17:51:14,537.9880157162328
2022-03-31 17:51:19,538.6
2022-03-31 17:51:24,538.6
2022-03-31 17:51:29,538.57
2022-03-31 17:51:34,538.5
2022-03-31 17:51:39,538.57
2022-03-31 17:51:44,538.5
2022-03-31 17:51:49,538.51
2022-03-31 17:51:54,538.44
2022-03-31 17:51:59,537.9593570911011
2022-03-31 17:52:04,538.44
2022-03-31 17:52:09,538.44
2022-03-31 17:52:14,537.9498042160571
2022-03-31 17:52:19,538.38
2022-03-31 17:52:24,537.9434356326946
2022-03-31 17:52:29,538.38
2022-03-31 17:52:34,537.937067049332
2022-03-31 17:52:39,538.38
2022-03-31 17:52:44,538.31
2022-03-31 17:52:49,538.31
2022-03-31 17:52:54,538.32
2022-03-31 17:52:59,538.31
2022-03-31 17:53:04,538.32
2022-03-31 17:53:09,537.9147770075629
2022-03-31 17:53:14,538.38
2022-03-31 17:53:19,538.28
2022-03-31 17:53:24,538.38
2022-03-31 17:53:29,538.38
2022-03-31 17:53:34,538.32
2022-03-31 17:53:39,538.38
2022-03-31 17:53:44,538.38
2022-03-31 17:53:49,538.38
2022-03-31 17:53:54,538.45
2022-03-31 17:53:59,537.8829340907498
2022-03-31 17:54:04,537.8797497990686
2022-03-31 17:54:09,538.45
2022-03-31 17:54:14,538.45
2022-03-31 17:54:19,538.51
2022-03-31 17:54:24,537.8670126323433
2022-03-31 17:54:29,538.51
2022-03-31 17:54:34,538.51
2022-03-31 17:54:39,538.52
2022-03-31 17:54:44,538.58
2022-03-31 17:54:49,538.58
2022-03-31 17:54:54,538.61
2022-03-31 17:54:59,537.8447225905742
2022-03-31 17:55:04,538.68
2022-03-31 17:55:09,538.74
2022-03-31 17:55:14,538.68
2022-03-31 17:55:19,538.74
2022-03-31 17:55:24,538.75
2022-03-31 17:55:29,538.84
2022-03-31 17:55:34,537.8224325488052
2022-03-31 17:55:39,537.8192482571238
2022-03-31 17:55:44,538.91
2022-03-31 17:55:49,537.8128796737612
2022-03-31 17:55:54,538.91
2022-03-31 17:55:59,538.97
2022-03-31 17:56:04,539.04
2022-03-31 17:56:09,539.04
2022-03-31 17:56:14,537.7969582153547
2022-03-31 17:56:19,539.1
2022-03-31 17:56:24,537.7905896319921
2022-03-31 17:56:29,539.14
2022-03-31 17:56:34,537.7842210486295
2022-03-31 17:56:39,539.2
2022-03-31 17:56:44,539.2
2022-03-31 17:56:49,539.27
2022-03-31 17:56:54,537.7714838819043
2022-03-31 17:56:59,539.27
2022-03-31 17:57:04,537.7651152985417
2022-03-31 17:57:09,539.27
2022-03-31 17:57:14,539.34
2022-03-31 17:57:19,539.34
2022-03-31 17:57:24,537.7523781318165
2022-03-31 17:57:29,539.34
2022-03-31 17:57:34,539.37
2022-03-31 17:57:39,539.37
2022-03-31 17:57:44,539.37
2022-03-31 17:57:49,539.38
2022-03-31 17:57:54,539.37
2022-03-31 17:57:59,537.7300880900474
2022-03-31 17:58:04,539.44
2022-03-31 17:58:09,537.7237195066848
2022-03-31 17:58:14,539.44
2022-03-31 17:58:19,539.38
2022-03-31 17:58:24,537.7141666316409
2022-03-31 17:58:29,539.44
2022-03-31 17:58:34,539.44
2022-03-31 17:58:39,537.704613756597
2022-03-31 17:58:44,537.7014294649157
2022-03-31 17:58:49,539.44
2022-03-31 17:58:54,537.6950608815531
2022-03-31 17:58:59,537.6918765898718
2022-03-31 17:59:04,539.51
2022-03-31 17:59:09,539.44
2022-03-31 17:59:14,539.44
2022-03-31 17:59:19,537.6791394231466
2022-03-31 17:59:24,539.44
2022-03-31 17:59:29,539.44
2022-03-31 17:59:34,537.6695865481026
2022-03-31 17:59:39,537.6664022564214
2022-03-31 17:59:44,539.44
2022-03-31 17:59:49,539.44
2022-03-31 17:59:54,539.44
2022-03-31 17:59:59,539.38
2022-03-31 18:00:04,537.6504807980149
2022-03-31 18:00:09,539.44
2022-03-31 18:00:14,539.44
2022-03-31 18:00:19,539.44
2022-03-31 18:00:24,539.44
2022-03-31 18:00:29,539.37
2022-03-31 18:00:34,537.631375047927
2022-03-31 18:00:39,537.6281907562458
2022-03-31 18:00:44,539.44
2022-03-31 18:00:49,537.6218221728832
2022-03-31 18:00:54,539.44
2022-03-31 18:00:59,539.44
2022-03-31 18:01:04,537.6122692978392
2022-03-31 18:01:09,539.5
2022-03-31 18:01:14,539.44
2022-03-31 18:01:19,539.44
2022-03-31 18:01:24,537.5995321311141
2022-03-31 18:01:29,537.5963478394327
2022-03-31 18:01:34,537.5931635477515
2022-03-31 18:01:39,537.5899792560701
2022-03-31 18:01:44,539.37
2022-03-31 18:01:49,537.5836106727076
2022-03-31 18:01:54,539.44
2022-03-31 18:01:59,539.5
2022-03-31 18:02:04,539.43
2022-03-31 18:02:09,539.5
2022-03-31 18:02:14,537.567689214301
2022-03-31 18:02:19,539.56
2022-03-31 18:02:24,539.63
2022-03-31 18:02:29,537.5470035846901
2022-03-31 18:02:34,539.66
2022-03-31 18:02:39,537.5300707718312
2022-03-31 18:02:44,539.79
2022-03-31 18:02:49,539.79
2022-03-31 18:02:54,537.5046715525428
2022-03-31 18:02:59,539.85
2022-03-31 18:03:04,539.88
2022-03-31 18:03:09,539.95
2022-03-31 18:03:14,539.95
2022-03-31 18:03:19,540.01
2022-03-31 18:03:24,540.08
2022-03-31 18:03:29,540.08
2022-03-31 18:03:34,537.4369403011075
2022-03-31 18:03:39,540.17
2022-03-31 18:03:44,540.24
2022-03-31 18:03:49,540.3
2022-03-31 18:03:54,540.37
2022-03-31 18:03:59,540.4
2022-03-31 18:04:04,540.53
2022-03-31 18:04:09,540.53
2022-03-31 18:04:14,540.66
2022-03-31 18:04:19,540.69
2022-03-31 18:04:24,540.69
2022-03-31 18:04:29,540.82
2022-03-31 18:04:34,540.88
2022-03-31 18:04:39,540.92
2022-03-31 18:04:44,540.98
2022-03-31 18:04:49,541.04
2022-03-31 18:04:54,541.11
2022-03-31 18:04:59,541.17
2022-03-31 18:05:04,537.2845449853776
2022-03-31 18:05:09,537.2760785789482
2022-03-31 18:05:14,537.2676121725187
2022-03-31 18:05:19,541.34
2022-03-31 18:05:24,537.2506793596599
2022-03-31 18:05:29,541.44
2022-03-31 18:05:34,541.5
2022-03-31 18:05:39,537.2252801403715
2022-03-31 18:05:44,541.5
2022-03-31 18:05:49,541.63
2022-03-31 18:05:54,537.1998809210833
2022-03-31 18:05:59,537.1914145146538
2022-03-31 18:06:04,541.64
2022-03-31 18:06:09,541.64
2022-03-31 18:06:14,537.1660152953655
2022-03-31 18:06:19,541.64
2022-03-31 18:06:24,541.7
2022-03-31 18:06:29,541.7
2022-03-31 18:06:34,541.7
2022-03-31 18:06:39,541.7
2022-03-31 18:06:44,541.74
2022-03-31 18:06:49,541.74
2022-03-31 18:06:54,537.09828404393
2022-03-31 18:06:59,541.74
2022-03-31 18:07:04,541.71
2022-03-31 18:07:09,541.74
2022-03-31 18:07:14,537.0644184182123
2022-03-31 18:07:19,541.8
2022-03-31 18:07:24,537.0474856053535
2022-03-31 18:07:29,537.0390191989239
2022-03-31 18:07:34,541.74
2022-03-31 18:07:39,537.0220863860651
2022-03-31 18:07:44,541.74
2022-03-31 18:07:49,541.71
2022-03-31 18:07:54,536.9966871667768
2022-03-31 18:07:59,536.9882207603474
2022-03-31 18:08:04,541.65
2022-03-31 18:08:09,541.71
2022-03-31 18:08:14,541.65
2022-03-31 18:08:19,541.64
2022-03-31 18:08:24,541.58
2022-03-31 18:08:29,541.58
2022-03-31 18:08:34,541.58
2022-03-31 18:08:39,541.45
2022-03-31 18:08:44,541.52
2022-03-31 18:08:49,541.51
2022-03-31 18:08:54,541.45
2022-03-31 18:08:59,541.42
2022-03-31 18:09:04,541.45
2022-03-31 18:09:09,541.35
2022-03-31 18:09:14,541.36
2022-03-31 18:09:19,541.35
2022-03-31 18:09:24,541.29
2022-03-31 18:09:29,541.35
2022-03-31 18:09:34,541.35
2022-03-31 18:09:39,541.35
2022-03-31 18:09:44,541.29
2022-03-31 18:09:49,541.29
2022-03-31 18:09:54,536.7934934124704
2022-03-31 18:09:59,541.29
2022-03-31 18:10:04,541.29
2022-03-31 18:10:09,541.29
2022-03-31 18:10:14,541.35
2022-03-31 18:10:19,541.35
2022-03-31 18:10:24,536.7426949738938
2022-03-31 18:10:29,541.35
2022-03-31 18:10:34,541.35
2022-03-31 18:10:39,536.7172957546055
2022-03-31 18:10:44,541.35
2022-03-31 18:10:49,536.7003629417466
2022-03-31 18:10:54,541.28
2022-03-31 18:10:59,541.28
2022-03-31 18:11:04,541.34
2022-03-31 18:11:09,536.6664973160289
2022-03-31 18:11:14,541.34
2022-03-31 18:11:19,541.28
2022-03-31 18:11:24,541.28
2022-03-31 18:11:29,536.6326316903111
2022-03-31 18:11:34,536.6241652838817
2022-03-31 18:11:39,541.28
2022-03-31 18:11:44,541.28
2022-03-31 18:11:49,541.21
2022-03-31 18:11:54,541.21
2022-03-31 18:11:59,541.21
2022-03-31 18:12:04,541.18
2022-03-31 18:12:09,541.18
2022-03-31 18:12:14,541.18
2022-03-31 18:12:19,541.11
2022-03-31 18:12:24,541.05
2022-03-31 18:12:29,541.05
2022-03-31 18:12:34,536.5225684067284
2022-03-31 18:12:39,540.92
2022-03-31 18:12:44,536.5056355938696
2022-03-31 18:12:49,540.82
2022-03-31 18:12:54,540.82
2022-03-31 18:12:59,536.4802363745813
2022-03-31 18:13:04,540.69
2022-03-31 18:13:09,540.69
2022-03-31 18:13:14,536.454837155293
2022-03-31 18:13:19,540.6
2022-03-31 18:13:24,540.53
2022-03-31 18:13:29,540.47
2022-03-31 18:13:34,540.4
2022-03-31 18:13:39,536.4125051231458
2022-03-31 18:13:44,540.31
2022-03-31 18:13:49,540.24
2022-03-31 18:13:54,536.3871059038576
2022-03-31 18:13:59,540.14
2022-03-31 18:14:04,536.3701730909986
2022-03-31 18:14:09,539.95
2022-03-31 18:14:14,536.3532402781398
2022-03-31 18:14:19,536.3447738717103
2022-03-31 18:14:24,539.73
2022-03-31 18:14:29,536.3278410588515
2022-03-31 18:14:34,539.63
2022-03-31 18:14:39,539.5
2022-03-31 18:14:44,539.44
2022-03-31 18:14:49,539.44
2022-03-31 18:14:54,536.2855090267043
2022-03-31 18:14:59,536.2770426202749
2022-03-31 18:15:04,539.15
2022-03-31 18:15:09,539.15
2022-03-31 18:15:14,538.99
2022-03-31 18:15:19,538.93
2022-03-31 18:15:24,538.86
2022-03-31 18:15:29,536.2262441816982
2022-03-31 18:15:34,536.2177777752688
2022-03-31 18:15:39,538.7
2022-03-31 18:15:44,538.64
2022-03-31 18:15:49,538.61
2022-03-31 18:15:54,536.183912149551
2022-03-31 18:15:59,538.54
2022-03-31 18:16:04,536.1669793366922
2022-03-31 18:16:09,538.41
2022-03-31 18:16:14,538.35
2022-03-31 18:16:19,538.32
2022-03-31 18:16:24,538.25
2022-03-31 18:16:29,538.19
2022-03-31 18:16:34,536.1963685941831
2022-03-31 18:16:39,538.12
2022-03-31 18:16:44,538.09
2022-03-31 18:16:49,536.2883788668441
2022-03-31 18:16:54,537.96
2022-03-31 18:16:59,537.96
2022-03-31 18:17:04,537.9
2022-03-31 18:17:09,536.4110592303922
2022-03-31 18:17:14,537.8
2022-03-31 18:17:19,536.472399412166
2022-03-31 18:17:24,537.73
2022-03-31 18:17:29,536.5337395939399
2022-03-31 18:17:34,536.5644096848271
2022-03-31 18:17:39,536.5950797757141
2022-03-31 18:17:44,536.6257498666009
2022-03-31 18:17:49,536.6564199574881
2022-03-31 18:17:54,537.57
2022-03-31 18:17:59,537.51
2022-03-31 18:18:04,537.51
2022-03-31 18:18:09,537.44
2022-03-31 18:18:14,537.38
2022-03-31 18:18:19,537.31
2022-03-31 18:18:24,536.871110593697
2022-03-31 18:18:29,536.9017806845839
2022-03-31 18:18:34,537.28
2022-03-31 18:18:39,537.21
2022-03-31 18:18:44,536.9937909572449
2022-03-31 18:18:49,537.15
2022-03-31 18:18:54,537.15
2022-03-31 18:18:59,537.08
2022-03-31 18:19:04,537.05
2022-03-31 18:19:09,537.05
2022-03-31 18:19:14,537.1778115025671
2022-03-31 18:19:19,537.2084815934539
2022-03-31 18:19:24,536.98
2022-03-31 18:19:29,536.98
2022-03-31 18:19:34,536.92
2022-03-31 18:19:39,536.92
2022-03-31 18:19:44,536.92
2022-03-31 18:19:49,536.91
2022-03-31 18:19:54,536.85
2022-03-31 18:19:59,536.85
2022-03-31 18:20:04,537.4845124114369
2022-03-31 18:20:09,536.84
2022-03-31 18:20:14,537.5458525932111
2022-03-31 18:20:19,537.5765226840979
2022-03-31 18:20:24,536.78
2022-03-31 18:20:29,537.6378628658721
2022-03-31 18:20:34,536.78
2022-03-31 18:20:39,537.6992030476459
2022-03-31 18:20:44,536.77
2022-03-31 18:20:49,537.7605432294198
2022-03-31 18:20:54,537.791213320307
2022-03-31 18:20:59,537.821883411194
2022-03-31 18:21:04,536.77
2022-03-31 18:21:09,537.8832235929679
2022-03-31 18:21:14,536.77
2022-03-31 18:21:19,537.9445637747418
2022-03-31 18:21:24,536.77
2022-03-31 18:21:29,536.77
2022-03-31 18:21:34,536.77
2022-03-31 18:21:39,536.77
2022-03-31 18:21:44,536.76
2022-03-31 18:21:49,536.76
2022-03-31 18:21:54,536.89
2022-03-31 18:21:59,536.89
2022-03-31 18:22:04,538.2205945927248
2022-03-31 18:22:09,536.83
2022-03-31 18:22:14,538.281934774499
2022-03-31 18:22:19,538.3126048653858
2022-03-31 18:22:24,538.3432749562728
2022-03-31 18:22:29,538.37394504716
2022-03-31 18:22:34,537.05
2022-03-31 18:22:39,537.05
2022-03-31 18:22:44,537.11
2022-03-31 18:22:49,538.4966254107077
2022-03-31 18:22:54,537.18
2022-03-31 18:22:59,537.24
2022-03-31 18:23:04,537.27
2022-03-31 18:23:09,538.6193057742557
2022-03-31 18:23:14,537.34
2022-03-31 18:23:19,537.47
2022-03-31 18:23:24,537.47
2022-03-31 18:23:29,538.7419861378039
2022-03-31 18:23:34,537.63
2022-03-31 18:23:39,537.63
2022-03-31 18:23:44,537.76
2022-03-31 18:23:49,538.864666501352
2022-03-31 18:23:54,537.79
2022-03-31 18:23:59,538.9260066831258
2022-03-31 18:24:04,537.92
2022-03-31 18:24:09,537.98
2022-03-31 18:24:14,538.04
2022-03-31 18:24:19,538.08
2022-03-31 18:24:24,538.14
2022-03-31 18:24:29,539.1100272284477
2022-03-31 18:24:34,538.27
2022-03-31 18:24:39,539.1713674102217
2022-03-31 18:24:44,539.2020375011087
2022-03-31 18:24:49,539.2327075919959
2022-03-31 18:24:54,538.43
2022-03-31 18:24:59,538.56
2022-03-31 18:25:04,538.56
2022-03-31 18:25:09,538.59
2022-03-31 18:25:14,538.66
2022-03-31 18:25:19,538.73
2022-03-31 18:25:24,539.4473982282046
2022-03-31 18:25:29,538.82
2022-03-31 18:25:34,538.82
2022-03-31 18:25:39,538.95
2022-03-31 18:25:44,538.95
2022-03-31 18:25:49,539.02
2022-03-31 18:25:54,539.08
2022-03-31 18:25:59,539.6620888644137
2022-03-31 18:26:04,539.6927589553007
2022-03-31 18:26:09,539.18
2022-03-31 18:26:14,539.24
2022-03-31 18:26:19,539.7847692279618
2022-03-31 18:26:24,539.31
2022-03-31 18:26:29,539.34
2022-03-31 18:26:34,539.8767795006228
2022-03-31 18:26:39,539.4
2022-03-31 18:26:44,539.53
2022-03-31 18:26:49,539.9687897732837
2022-03-31 18:26:54,539.9994598641705
2022-03-31 18:26:59,539.6
2022-03-31 18:27:04,539.7
2022-03-31 18:27:09,540.0914701368315
2022-03-31 18:27:14,539.69
2022-03-31 18:27:19,540.1528103186057
2022-03-31 18:27:24,539.83
2022-03-31 18:27:29,540.2141505003796
2022-03-31 18:27:34,539.86
2022-03-31 18:27:39,540.2754906821535
2022-03-31 18:27:44,539.92
2022-03-31 18:27:49,539.99
2022-03-31 18:27:54,540.3675009548148
2022-03-31 18:27:59,540.15
2022-03-31 18:28:04,540.4288411365886
2022-03-31 18:28:09,540.15
2022-03-31 18:28:14,540.22
2022-03-31 18:28:19,540.28
2022-03-31 18:28:24,540.28
2022-03-31 18:28:29,540.5821915910235
2022-03-31 18:28:34,540.6128616819107
2022-03-31 18:28:39,540.38
2022-03-31 18:28:44,540.6742018636845
2022-03-31 18:28:49,540.44
2022-03-31 18:28:54,540.7355420454587
2022-03-31 18:28:59,540.7662121363455
2022-03-31 18:29:04,540.7968822272326
2022-03-31 18:29:09,540.57
2022-03-31 18:29:14,540.8582224090064
2022-03-31 18:29:19,540.57
2022-03-31 18:29:24,540.64
2022-03-31 18:29:29,540.64
2022-03-31 18:29:34,540.64
2022-03-31 18:29:39,541.0115728634416
2022-03-31 18:29:44,540.67
2022-03-31 18:29:49,540.67
2022-03-31 18:29:54,540.67
2022-03-31 18:29:59,541.1342532269895
2022-03-31 18:30:04,540.74
2022-03-31 18:30:09,540.74
2022-03-31 18:30:14,540.8
2022-03-31 18:30:19,540.74
2022-03-31 18:30:24,540.74
2022-03-31 18:30:29,540.8
2022-03-31 18:30:34,540.8
2022-03-31 18:30:39,540.81
2022-03-31 18:30:44,540.87
2022-03-31 18:30:49,540.81
2022-03-31 18:30:54,540.81
2022-03-31 18:30:59,540.81
2022-03-31 18:31:04,540.81
2022-03-31 18:31:09,540.81
2022-03-31 18:31:14,540.81
2022-03-31 18:31:19,540.88
2022-03-31 18:31:24,541.2547926750509
2022-03-31 18:31:29,541.24898922221
2022-03-31 18:31:34,540.81
2022-03-31 18:31:39,540.75
2022-03-31 18:31:44,541.2315788636872
2022-03-31 18:31:49,540.75
2022-03-31 18:31:54,540.82
2022-03-31 18:31:59,541.2141685051646
2022-03-31 18:32:04,541.2083650523236
2022-03-31 18:32:09,540.76
2022-03-31 18:32:14,541.1967581466417
2022-03-31 18:32:19,540.76
2022-03-31 18:32:24,540.69
2022-03-31 18:32:29,540.69
2022-03-31 18:32:34,541.1735443352782
2022-03-31 18:32:39,541.1677408824373
2022-03-31 18:32:44,541.1619374295964
2022-03-31 18:32:49,541.1561339767554
2022-03-31 18:32:54,540.66
2022-03-31 18:32:59,540.66
2022-03-31 18:33:04,540.67
2022-03-31 18:33:09,540.6
2022-03-31 18:33:14,540.66
2022-03-31 18:33:19,540.67
2022-03-31 18:33:24,540.67
2022-03-31 18:33:29,541.1097063540282
2022-03-31 18:33:34,540.61
2022-03-31 18:33:39,540.67
2022-03-31 18:33:44,540.61
2022-03-31 18:33:49,540.61
2022-03-31 18:33:54,540.67
2022-03-31 18:33:59,540.67
2022-03-31 18:34:04,540.61
2022-03-31 18:34:09,540.67
2022-03-31 18:34:14,540.67
2022-03-31 18:34:19,541.0516718256192
2022-03-31 18:34:24,541.0458683727783
2022-03-31 18:34:29,541.0400649199373
2022-03-31 18:34:34,540.71
2022-03-31 18:34:39,540.71
2022-03-31 18:34:44,540.77
2022-03-31 18:34:49,541.0168511085737
2022-03-31 18:34:54,541.0110476557328
2022-03-31 18:34:59,541.005244202892
2022-03-31 18:35:04,540.999440750051
2022-03-31 18:35:09,540.9
2022-03-31 18:35:14,540.9
2022-03-31 18:35:19,540.93
2022-03-31 18:35:24,541.0
2022-03-31 18:35:29,541.0
2022-03-31 18:35:34,540.9646200330056
2022-03-31 18:35:39,540.9588165801647
2022-03-31 18:35:44,540.9530131273237
2022-03-31 18:35:49,540.9472096744829
2022-03-31 18:35:54,541.28
2022-03-31 18:35:59,540.935602768801
2022-03-31 18:36:04,541.35
2022-03-31 18:36:09,540.9239958631192
2022-03-31 18:36:14,541.41
2022-03-31 18:36:19,541.44
2022-03-31 18:36:24,541.58
2022-03-31 18:36:29,540.9007820517556
2022-03-31 18:36:34,541.64
2022-03-31 18:36:39,540.8891751460739
2022-03-31 18:36:44,540.8833716932329
2022-03-31 18:36:49,541.8
2022-03-31 18:36:54,541.86
2022-03-31 18:36:59,540.8659613347102
2022-03-31 18:37:04,541.96
2022-03-31 18:37:09,542.02
2022-03-31 18:37:14,542.15
2022-03-31 18:37:19,540.8427475233466
2022-03-31 18:37:24,542.21
2022-03-31 18:37:29,542.24
2022-03-31 18:37:34,540.8253371648238
2022-03-31 18:37:39,542.37
2022-03-31 18:37:44,542.43
2022-03-31 18:37:49,542.46
2022-03-31 18:37:54,540.8021233534603
2022-03-31 18:37:59,542.65
2022-03-31 18:38:04,540.7905164477784
2022-03-31 18:38:09,540.7847129949375
2022-03-31 18:38:14,542.75
2022-03-31 18:38:19,542.88
2022-03-31 18:38:24,542.88
2022-03-31 18:38:29,542.94
2022-03-31 18:38:34,540.755695730733
2022-03-31 18:38:39,542.97
2022-03-31 18:38:44,542.97
2022-03-31 18:38:49,543.04
2022-03-31 18:38:54,543.04
2022-03-31 18:38:59,540.7266784665285
2022-03-31 18:39:04,543.16
2022-03-31 18:39:09,543.23
2022-03-31 18:39:14,543.26
2022-03-31 18:39:19,543.26
2022-03-31 18:39:24,540.697661202324
2022-03-31 18:39:29,543.32
2022-03-31 18:39:34,540.686054296642
2022-03-31 18:39:39,543.45
2022-03-31 18:39:44,543.45
2022-03-31 18:39:49,540.6686439381194
2022-03-31 18:39:54,543.55
2022-03-31 18:39:59,543.55
2022-03-31 18:40:04,543.55
2022-03-31 18:40:09,543.55
2022-03-31 18:40:14,543.61
2022-03-31 18:40:19,540.633823221074
2022-03-31 18:40:24,540.6280197682331
2022-03-31 18:40:29,543.61
2022-03-31 18:40:34,543.68
2022-03-31 18:40:39,543.68
2022-03-31 18:40:44,543.68
2022-03-31 18:40:49,540.5990025040285
2022-03-31 18:40:54,540.5931990511876
2022-03-31 18:40:59,543.68
2022-03-31 18:41:04,543.62
2022-03-31 18:41:09,540.5757886926649
2022-03-31 18:41:14,543.62
2022-03-31 18:41:19,543.55
2022-03-31 18:41:24,543.49
2022-03-31 18:41:29,540.5525748813013
2022-03-31 18:41:34,543.33
2022-03-31 18:41:39,540.5409679756194
2022-03-31 18:41:44,540.5351645227786
2022-03-31 18:41:49,540.5293610699376
2022-03-31 18:41:54,543.04
2022-03-31 18:41:59,542.97
2022-03-31 18:42:04,542.94
2022-03-31 18:42:09,542.88
2022-03-31 18:42:14,542.75
2022-03-31 18:42:19,542.65
2022-03-31 18:42:24,542.59
2022-03-31 18:42:29,542.46
2022-03-31 18:42:34,542.43
2022-03-31 18:42:39,542.3
2022-03-31 18:42:44,542.2
2022-03-31 18:42:49,542.07
2022-03-31 18:42:54,542.01
2022-03-31 18:42:59,541.94
2022-03-31 18:43:04,541.85
2022-03-31 18:43:09,541.72
2022-03-31 18:43:14,541.72
2022-03-31 18:43:19,541.62
2022-03-31 18:43:24,540.4190954659605
2022-03-31 18:43:29,541.4
2022-03-31 18:43:34,541.33
2022-03-31 18:43:39,541.27
2022-03-31 18:43:44,541.17
2022-03-31 18:43:49,541.11
2022-03-31 18:43:54,540.98
2022-03-31 18:43:59,540.91
2022-03-31 18:44:04,540.88
2022-03-31 18:44:09,540.75
2022-03-31 18:44:14,540.69
2022-03-31 18:44:19,540.68
2022-03-31 18:44:24,540.3494540318695
2022-03-31 18:44:29,540.3436505790287
2022-03-31 18:44:34,540.3378471261877
2022-03-31 18:44:39,540.39
2022-03-31 18:44:44,540.39
2022-03-31 18:44:49,540.3
2022-03-31 18:44:54,540.279486889305
2022-03-31 18:44:59,540.2647437533182
2022-03-31 18:45:04,540.2500006173312
2022-03-31 18:45:09,540.17
2022-03-31 18:45:14,540.2205143453574
2022-03-31 18:45:19,540.13
2022-03-31 18:45:24,540.01
2022-03-31 18:45:29,539.94
2022-03-31 18:45:34,539.94
2022-03-31 18:45:39,539.94
2022-03-31 18:45:44,539.87
2022-03-31 18:45:49,539.84
2022-03-31 18:45:54,539.77
2022-03-31 18:45:59,539.71
2022-03-31 18:46:04,540.0730829854887
2022-03-31 18:46:09,539.64
2022-03-31 18:46:14,539.61
2022-03-31 18:46:19,539.61
2022-03-31 18:46:24,539.48
2022-03-31 18:46:29,539.48
2022-03-31 18:46:34,539.41
2022-03-31 18:46:39,539.41
2022-03-31 18:46:44,539.35
2022-03-31 18:46:49,539.31
2022-03-31 18:46:54,539.25
2022-03-31 18:46:59,539.18
2022-03-31 18:47:04,539.12
2022-03-31 18:47:09,539.09
2022-03-31 18:47:14,539.09
2022-03-31 18:47:19,539.8519359456853
2022-03-31 18:47:24,538.96
2022-03-31 18:47:29,539.01
2022-03-31 18:47:34,538.95
2022-03-31 18:47:39,538.89
2022-03-31 18:47:44,538.89
2022-03-31 18:47:49,539.7634771297639
2022-03-31 18:47:54,538.82
2022-03-31 18:47:59,538.82
2022-03-31 18:48:04,539.7192477218033
2022-03-31 18:48:09,538.82
2022-03-31 18:48:14,538.78
2022-03-31 18:48:19,539.6750183138427
2022-03-31 18:48:24,538.78
2022-03-31 18:48:29,539.6455320418688
2022-03-31 18:48:34,539.630788905882
2022-03-31 18:48:39,538.78
2022-03-31 18:48:44,538.71
2022-03-31 18:48:49,538.65
2022-03-31 18:48:54,538.65
2022-03-31 18:48:59,538.59
2022-03-31 18:49:04,539.5423300899607
2022-03-31 18:49:09,538.59
2022-03-31 18:49:14,538.55
2022-03-31 18:49:19,538.58
2022-03-31 18:49:24,538.55
2022-03-31 18:49:29,539.4686144100261
2022-03-31 18:49:34,539.4538712740392
2022-03-31 18:49:39,539.4391281380524
2022-03-31 18:49:44,539.4243850020655
2022-03-31 18:49:49,538.55
2022-03-31 18:49:54,539.3948987300918
2022-03-31 18:49:59,538.42
2022-03-31 18:50:04,538.42
2022-03-31 18:50:09,539.3506693221311
2022-03-31 18:50:14,539.3359261861442
2022-03-31 18:50:19,539.3211830501573
2022-03-31 18:50:24,538.26
2022-03-31 18:50:29,539.2916967781836
2022-03-31 18:50:34,538.26
2022-03-31 18:50:39,538.19
2022-03-31 18:50:44,539.2474673702228
2022-03-31 18:50:49,539.2327242342359
2022-03-31 18:50:54,538.03
2022-03-31 18:50:59,539.2032379622622
2022-03-31 18:51:04,538.03
2022-03-31 18:51:09,537.97
2022-03-31 18:51:14,539.1590085543015
2022-03-31 18:51:19,539.1442654183146
2022-03-31 18:51:24,539.1295222823278
2022-03-31 18:51:29,537.77
2022-03-31 18:51:34,537.74
2022-03-31 18:51:39,537.68
2022-03-31 18:51:44,537.61
2022-03-31 18:51:49,537.61
2022-03-31 18:51:54,537.55
2022-03-31 18:51:59,537.55
2022-03-31 18:52:04,537.45
2022-03-31 18:52:09,537.39
2022-03-31 18:52:14,537.39
2022-03-31 18:52:19,537.32
2022-03-31 18:52:24,537.26
2022-03-31 18:52:29,538.9378615144982
2022-03-31 18:52:34,537.26
2022-03-31 18:52:39,537.22
2022-03-31 18:52:44,537.22
2022-03-31 18:52:49,538.8788889705506
2022-03-31 18:52:54,538.8641458345638
2022-03-31 18:52:59,538.8494026985769
2022-03-31 18:53:04,537.03
2022-03-31 18:53:09,538.8199164266032
2022-03-31 18:53:14,538.8051732906163
2022-03-31 18:53:19,538.7904301546293
2022-03-31 18:53:24,538.7756870186425
2022-03-31 18:53:29,538.7609438826556
2022-03-31 18:53:34,536.99
2022-03-31 18:53:39,538.7314576106819
2022-03-31 18:53:44,536.99
2022-03-31 18:53:49,536.99
2022-03-31 18:53:54,538.687228202721
2022-03-31 18:53:59,536.99
2022-03-31 18:54:04,536.99
2022-03-31 18:54:09,536.99
2022-03-31 18:54:14,538.6282556587736
2022-03-31 18:54:19,536.99
2022-03-31 18:54:24,536.98
2022-03-31 18:54:29,538.5840262508129
2022-03-31 18:54:34,536.98
2022-03-31 18:54:39,537.01
2022-03-31 18:54:44,538.5397968428523
2022-03-31 18:54:49,538.5250537068654
2022-03-31 18:54:54,537.01
2022-03-31 18:54:59,537.01
2022-03-31 18:55:04,538.4808242989047
2022-03-31 18:55:09,537.01
2022-03-31 18:55:14,537.01
2022-03-31 18:55:19,537.07
2022-03-31 18:55:24,538.4218517549571
2022-03-31 18:55:29,537.14
2022-03-31 18:55:34,537.13
2022-03-31 18:55:39,537.13
2022-03-31 18:55:44,537.13
2022-03-31 18:55:49,537.19
2022-03-31 18:55:54,537.19
2022-03-31 18:55:59,538.318649803049
2022-03-31 18:56:04,538.303906667062
2022-03-31 18:56:09,537.22
2022-03-31 18:56:14,538.2744203950883
2022-03-31 18:56:19,537.29
2022-03-31 18:56:24,537.22
2022-03-31 18:56:29,538.2301909871277
2022-03-31 18:56:34,537.28
2022-03-31 18:56:39,537.35
2022-03-31 18:56:44,537.28
2022-03-31 18:56:49,537.34
2022-03-31 18:56:54,537.4
2022-03-31 18:56:59,537.41
2022-03-31 18:57:04,538.1269890352194
2022-03-31 18:57:09,537.4
2022-03-31 18:57:14,537.4
2022-03-31 18:57:19,538.0827596272587
2022-03-31 18:57:24,537.47
2022-03-31 18:57:29,537.46
2022-03-31 18:57:34,538.0385302192981
2022-03-31 18:57:39,537.46
2022-03-31 18:57:44,537.49
2022-03-31 18:57:49,537.9943008113374
2022-03-31 18:57:54,537.9795576753505
2022-03-31 18:57:59,537.9648145393637
2022-03-31 18:58:04,537.9500714033768
2022-03-31 18:58:09,537.49
2022-03-31 18:58:14,537.55
2022-03-31 18:58:19,537.9058419954162
2022-03-31 18:58:24,537.56
2022-03-31 18:58:29,537.55
2022-03-31 18:58:34,537.55
2022-03-31 18:58:39,537.62
2022-03-31 18:58:44,537.8518402000244
2022-03-31 18:58:49,537.62
2022-03-31 18:58:54,537.8675278966662
2022-03-31 18:58:59,537.68
2022-03-31 18:59:04,537.68
2022-03-31 18:59:09,537.68
2022-03-31 18:59:14,537.8989032899497
2022-03-31 18:59:19,537.68
2022-03-31 18:59:24,537.9145909865914
2022-03-31 18:59:29,537.9224348349122
2022-03-31 18:59:34,537.930278683233
2022-03-31 18:59:39,537.938122531554
2022-03-31 18:59:44,537.78
2022-03-31 18:59:49,537.71
2022-03-31 18:59:54,537.78
2022-03-31 18:59:59,537.78
2022-03-31 19:00:04,537.84
2022-03-31 19:00:09,537.9851856214792
2022-03-31 19:00:14,537.84
2022-03-31 19:00:19,537.84
2022-03-31 19:00:24,537.91
2022-03-31 19:00:29,537.84
2022-03-31 19:00:34,537.9
2022-03-31 19:00:39,538.0322487114045
2022-03-31 19:00:44,537.84
2022-03-31 19:00:49,538.0479364080462
2022-03-31 19:00:54,538.0557802563671
2022-03-31 19:00:59,537.97
2022-03-31 19:01:04,537.9
2022-03-31 19:01:09,537.97
2022-03-31 19:01:14,538.0871556496506
2022-03-31 19:01:19,537.97
2022-03-31 19:01:24,537.9
2022-03-31 19:01:29,537.9
2022-03-31 19:01:34,537.97
2022-03-31 19:01:39,537.91
2022-03-31 19:01:44,538.1342187395759
2022-03-31 19:01:49,537.97
2022-03-31 19:01:54,538.1499064362176
2022-03-31 19:01:59,537.91
2022-03-31 19:02:04,537.9
2022-03-31 19:02:09,538.1734379811802
2022-03-31 19:02:14,537.84
2022-03-31 19:02:19,538.189125677822
2022-03-31 19:02:24,538.1969695261429
2022-03-31 19:02:29,538.2048133744638
2022-03-31 19:02:34,538.2126572227846
2022-03-31 19:02:39,538.2205010711054
2022-03-31 19:02:44,537.78
2022-03-31 19:02:49,538.2361887677473
2022-03-31 19:02:54,537.71
2022-03-31 19:02:59,537.71
2022-03-31 19:03:04,537.62
2022-03-31 19:03:09,538.2675641610308
2022-03-31 19:03:14,537.62
2022-03-31 19:03:19,537.55
2022-03-31 19:03:24,537.55
2022-03-31 19:03:29,538.2989395543143
2022-03-31 19:03:34,537.49
2022-03-31 19:03:39,537.4
2022-03-31 19:03:44,538.3224710992769
2022-03-31 19:03:49,537.33
2022-03-31 19:03:54,537.33
2022-03-31 19:03:59,538.3460026442395
2022-03-31 19:04:04,537.2
2022-03-31 19:04:09,537.17
2022-03-31 19:04:14,538.3695341892021
2022-03-31 19:04:19,537.11
2022-03-31 19:04:24,538.3852218858439
2022-03-31 19:04:29,538.3930657341648
2022-03-31 19:04:34,536.95
2022-03-31 19:04:39,538.4087534308065
2022-03-31 19:04:44,538.4165972791274
2022-03-31 19:04:49,536.75
2022-03-31 19:04:54,536.69
2022-03-31 19:04:59,536.66
2022-03-31 19:05:04,536.59
2022-03-31 19:05:09,536.59
2022-03-31 19:05:14,536.53
2022-03-31 19:05:19,536.46
2022-03-31 19:05:24,538.4793480656944
2022-03-31 19:05:29,538.4871919140153
2022-03-31 19:05:34,536.37
2022-03-31 19:05:39,538.502879610657
2022-03-31 19:05:44,536.3
2022-03-31 19:05:49,536.24
2022-03-31 19:05:54,538.5264111556196
2022-03-31 19:05:59,538.5342550039405
2022-03-31 19:06:04,536.17
2022-03-31 19:06:09,536.14
2022-03-31 19:06:14,536.08
2022-03-31 19:06:19,538.565630397224
2022-03-31 19:06:24,538.5734742455448
2022-03-31 19:06:29,536.02
2022-03-31 19:06:34,538.5891619421867
2022-03-31 19:06:39,538.5970057905075
2022-03-31 19:06:44,535.92
2022-03-31 19:06:49,535.92
2022-03-31 19:06:54,535.86
2022-03-31 19:06:59,538.628381183791
2022-03-31 19:07:04,535.73
2022-03-31 19:07:09,538.6440688804329
2022-03-31 19:07:14,535.67
2022-03-31 19:07:19,538.6597565770745
2022-03-31 19:07:24,535.64
2022-03-31 19:07:29,535.57
2022-03-31 19:07:34,538.6832881220372
2022-03-31 19:07:39,535.51
2022-03-31 19:07:44,535.45
2022-03-31 19:07:49,535.45
2022-03-31 19:07:54,538.7146635153207
2022-03-31 19:07:59,538.7225073636415
2022-03-31 19:08:04,535.29
2022-03-31 19:08:09,535.22
2022-03-31 19:08:14,538.7460389086042
2022-03-31 19:08:19,535.16
2022-03-31 19:08:24,535.13
2022-03-31 19:08:29,535.07
2022-03-31 19:08:34,538.7774143018877
2022-03-31 19:08:39,538.7852581502086
2022-03-31 19:08:44,534.94
2022-03-31 19:08:49,538.8009458468504
2022-03-31 19:08:54,534.84
2022-03-31 19:08:59,538.816633543492
2022-03-31 19:09:04,538.8244773918129
2022-03-31 19:09:09,534.65
2022-03-31 19:09:14,534.65
2022-03-31 19:09:19,538.8480089367756
2022-03-31 19:09:24,534.62
2022-03-31 19:09:29,534.56
2022-03-31 19:09:34,534.49
2022-03-31 19:09:39,534.43
2022-03-31 19:09:44,534.43
2022-03-31 19:09:49,534.4
2022-03-31 19:09:54,534.33
2022-03-31 19:09:59,538.9107597233425
2022-03-31 19:10:04,534.27
2022-03-31 19:10:09,534.21
2022-03-31 19:10:14,538.9342912683052
2022-03-31 19:10:19,538.9421351166261
2022-03-31 19:10:24,534.11
2022-03-31 19:10:29,538.9578228132679
2022-03-31 19:10:34,538.9656666615887
2022-03-31 19:10:39,533.98
2022-03-31 19:10:44,533.92
2022-03-31 19:10:49,533.88
2022-03-31 19:10:54,533.88
2022-03-31 19:10:59,539.0048859031931
2022-03-31 19:11:04,533.82
2022-03-31 19:11:09,539.0205735998348
2022-03-31 19:11:14,533.75
2022-03-31 19:11:19,539.0362612964766
2022-03-31 19:11:24,533.69
2022-03-31 19:11:29,533.69
2022-03-31 19:11:34,539.0597928414392
2022-03-31 19:11:39,533.62
2022-03-31 19:11:44,539.075480538081
2022-03-31 19:11:49,533.59
2022-03-31 19:11:54,533.59
2022-03-31 19:11:59,533.53
2022-03-31 19:12:04,539.1068559313644
2022-03-31 19:12:09,533.52
2022-03-31 19:12:14,533.52
2022-03-31 19:12:19,533.46
2022-03-31 19:12:24,533.46
2022-03-31 19:12:29,533.39
2022-03-31 19:12:34,539.1539190212897
2022-03-31 19:12:39,539.1617628696106
2022-03-31 19:12:44,533.36
2022-03-31 19:12:49,533.29
2022-03-31 19:12:54,533.36
2022-03-31 19:12:59,533.36
2022-03-31 19:13:04,539.1894255881678
2022-03-31 19:13:09,533.29
2022-03-31 19:13:14,533.29
2022-03-31 19:13:19,533.23
2022-03-31 19:13:24,533.29
2022-03-31 19:13:29,533.29
2022-03-31 19:13:34,533.23
2022-03-31 19:13:39,533.23
2022-03-31 19:13:44,539.2279367307035
2022-03-31 19:13:49,533.16
2022-03-31 19:13:54,533.16
2022-03-31 19:13:59,533.09
2022-03-31 19:14:04,539.2471923019713
2022-03-31 19:14:09,533.06
2022-03-31 19:14:14,532.99
2022-03-31 19:14:19,532.93
2022-03-31 19:14:24,532.86
2022-03-31 19:14:29,532.87
2022-03-31 19:14:34,539.2760756588731
2022-03-31 19:14:39,532.77
2022-03-31 19:14:44,532.7
2022-03-31 19:14:49,532.64
2022-03-31 19:14:54,539.295331230141
2022-03-31 19:14:59,532.54
2022-03-31 19:15:04,539.3049590157749
2022-03-31 19:15:09,532.47
2022-03-31 19:15:14,532.47
2022-03-31 19:15:19,539.3194006942258
2022-03-31 19:15:24,539.3242145870428
2022-03-31 19:15:29,532.35
2022-03-31 19:15:34,532.35
2022-03-31 19:15:39,539.3386562654937
2022-03-31 19:15:44,532.31
2022-03-31 19:15:49,532.31
2022-03-31 19:15:54,539.3530979439446
2022-03-31 19:15:59,532.25
2022-03-31 19:16:04,539.3627257295785
2022-03-31 19:16:09,532.25
2022-03-31 19:16:14,532.19
2022-03-31 19:16:19,532.12
2022-03-31 19:16:24,532.12
2022-03-31 19:16:29,532.06
2022-03-31 19:16:34,532.06
2022-03-31 19:16:39,532.06
2022-03-31 19:16:44,532.03
2022-03-31 19:16:49,539.4060507649313
2022-03-31 19:16:54,531.96
2022-03-31 19:16:59,531.96
2022-03-31 19:17:04,531.9
2022-03-31 19:17:09,531.9
2022-03-31 19:17:14,531.9
2022-03-31 19:17:19,531.9
2022-03-31 19:17:24,531.83
2022-03-31 19:17:29,531.84
2022-03-31 19:17:34,539.449375800284
2022-03-31 19:17:39,531.84
2022-03-31 19:17:44,531.81
2022-03-31 19:17:49,531.8
2022-03-31 19:17:54,531.74
2022-03-31 19:17:59,539.4734452643687
2022-03-31 19:18:04,531.81
2022-03-31 19:18:09,531.74
2022-03-31 19:18:14,531.74
2022-03-31 19:18:19,539.4927008356366
2022-03-31 19:18:24,531.74
2022-03-31 19:18:29,531.74
2022-03-31 19:18:34,531.74
2022-03-31 19:18:39,531.74
2022-03-31 19:18:44,539.5167702997214
2022-03-31 19:18:49,531.74
2022-03-31 19:18:54,531.74
2022-03-31 19:18:59,531.74
2022-03-31 19:19:04,531.74
2022-03-31 19:19:09,531.68
2022-03-31 19:19:14,539.5456536566232
2022-03-31 19:19:19,539.5504675494402
2022-03-31 19:19:24,539.5552814422572
2022-03-31 19:19:29,531.61
2022-03-31 19:19:34,531.61
2022-03-31 19:19:39,539.569723120708
2022-03-31 19:19:44,531.55
2022-03-31 19:19:49,531.55
2022-03-31 19:19:54,531.55
2022-03-31 19:19:59,531.52
2022-03-31 19:20:04,531.51
2022-03-31 19:20:09,531.52
2022-03-31 19:20:14,539.6034203704268
2022-03-31 19:20:19,539.6082342632437
2022-03-31 19:20:24,539.6130481560608
2022-03-31 19:20:29,531.45
2022-03-31 19:20:34,539.6226759416946
2022-03-31 19:20:39,539.6274898345116
2022-03-31 19:20:44,531.45
2022-03-31 19:20:49,531.39
2022-03-31 19:20:54,539.6419315129625
2022-03-31 19:20:59,539.6467454057795
2022-03-31 19:21:04,539.6515592985965
2022-03-31 19:21:09,539.6563731914134
2022-03-31 19:21:14,531.38
2022-03-31 19:21:19,539.6660009770474
2022-03-31 19:21:24,531.32
2022-03-31 19:21:29,531.38
2022-03-31 19:21:34,531.31
2022-03-31 19:21:39,539.6852565483152
2022-03-31 19:21:44,531.31
2022-03-31 19:21:49,531.31
2022-03-31 19:21:54,531.31
2022-03-31 19:21:59,531.38
2022-03-31 19:22:04,539.7093260124001
2022-03-31 19:22:09,531.38
2022-03-31 19:22:14,531.37
2022-03-31 19:22:19,531.44
2022-03-31 19:22:24,539.728581583668
2022-03-31 19:22:29,531.44
2022-03-31 19:22:34,539.7382093693019
2022-03-31 19:22:39,531.5
2022-03-31 19:22:44,539.7478371549357
2022-03-31 19:22:49,531.43
2022-03-31 19:22:54,531.5
2022-03-31 19:22:59,531.49
2022-03-31 19:23:04,531.5
2022-03-31 19:23:09,531.5
2022-03-31 19:23:14,539.7767205118375
2022-03-31 19:23:19,539.7815344046545
2022-03-31 19:23:24,539.7863482974715
2022-03-31 19:23:29,531.52
2022-03-31 19:23:34,539.7959760831054
2022-03-31 19:23:39,531.52
2022-03-31 19:23:44,539.8056038687394
2022-03-31 19:23:49,539.8104177615563
2022-03-31 19:23:54,539.8152316543733
2022-03-31 19:23:59,531.58
2022-03-31 19:24:04,531.65
2022-03-31 19:24:09,531.65
2022-03-31 19:24:14,531.65
2022-03-31 19:24:19,531.64
2022-03-31 19:24:24,531.71
2022-03-31 19:24:29,531.71
2022-03-31 19:24:34,539.853742796909
2022-03-31 19:24:39,539.858556689726
2022-03-31 19:24:44,531.8
2022-03-31 19:24:49,531.8
2022-03-31 19:24:54,539.8729983681769
2022-03-31 19:24:59,531.8
2022-03-31 19:25:04,531.8
2022-03-31 19:25:09,531.8
2022-03-31 19:25:14,539.8922539394448
2022-03-31 19:25:19,539.8970678322618
2022-03-31 19:25:24,531.8
2022-03-31 19:25:29,531.86
2022-03-31 19:25:34,539.9115095107126
2022-03-31 19:25:39,539.9163234035296
2022-03-31 19:25:44,531.93
2022-03-31 19:25:49,539.9259511891635
2022-03-31 19:25:54,531.93
2022-03-31 19:25:59,539.9355789747975
2022-03-31 19:26:04,531.99
2022-03-31 19:26:09,539.9452067604313
2022-03-31 19:26:14,531.93
2022-03-31 19:26:19,539.9548345460653
2022-03-31 19:26:24,531.99
2022-03-31 19:26:29,539.9644623316992
2022-03-31 19:26:34,531.93
2022-03-31 19:26:39,539.9740901173332
2022-03-31 19:26:44,531.93
2022-03-31 19:26:49,531.86
2022-03-31 19:26:54,531.86
2022-03-31 19:26:59,531.86
2022-03-31 19:27:04,531.8
2022-03-31 19:27:09,531.8
2022-03-31 19:27:14,531.77
2022-03-31 19:27:19,540.0855201551827
2022-03-31 19:27:24,540.103003737053
2022-03-31 19:27:29,531.7
2022-03-31 19:27:34,531.64
2022-03-31 19:27:39,540.1554544826633
2022-03-31 19:27:44,531.58
2022-03-31 19:27:49,531.58
2022-03-31 19:27:54,540.2079052282737
2022-03-31 19:27:59,531.58
2022-03-31 19:28:04,531.58
2022-03-31 19:28:09,531.51
2022-03-31 19:28:14,531.51
2022-03-31 19:28:19,540.2953231376243
2022-03-31 19:28:24,531.42
2022-03-31 19:28:29,540.3302903013647
2022-03-31 19:28:34,540.3477738832347
2022-03-31 19:28:39,531.42
2022-03-31 19:28:44,540.3827410469751
2022-03-31 19:28:49,531.35
2022-03-31 19:28:54,540.4177082107153
2022-03-31 19:28:59,531.29
2022-03-31 19:29:04,531.26
2022-03-31 19:29:09,540.4701589563257
2022-03-31 19:29:14,540.4876425381959
2022-03-31 19:29:19,540.505126120066
2022-03-31 19:29:24,531.13
2022-03-31 19:29:29,531.13
2022-03-31 19:29:34,531.07
2022-03-31 19:29:39,531.07
2022-03-31 19:29:44,531.0
2022-03-31 19:29:49,531.0
2022-03-31 19:29:54,530.97
2022-03-31 19:29:59,530.91
2022-03-31 19:30:04,530.78
2022-03-31 19:30:09,530.78
2022-03-31 19:30:14,530.75
2022-03-31 19:30:19,530.75
2022-03-31 19:30:24,530.68
2022-03-31 19:30:29,540.7498962662479
2022-03-31 19:30:34,530.62
2022-03-31 19:30:39,540.784863429988
2022-03-31 19:30:44,530.46
2022-03-31 19:30:49,540.8198305937285
2022-03-31 19:30:54,530.33
2022-03-31 19:30:59,540.8547977574686
2022-03-31 19:31:04,540.8722813393389
2022-03-31 19:31:09,530.24
2022-03-31 19:31:14,540.9072485030791
2022-03-31 19:31:19,530.11
2022-03-31 19:31:24,530.04
2022-03-31 19:31:29,529.98
2022-03-31 19:31:34,529.95
2022-03-31 19:31:39,540.9946664124296
2022-03-31 19:31:44,529.82
2022-03-31 19:31:49,541.0296335761701
2022-03-31 19:31:54,529.76
2022-03-31 19:31:59,529.66
2022-03-31 19:32:04,529.66
2022-03-31 19:32:09,541.0995679036505
2022-03-31 19:32:14,529.53
2022-03-31 19:32:19,529.47
2022-03-31 19:32:24,529.44
2022-03-31 19:32:29,529.44
2022-03-31 19:32:34,529.37
2022-03-31 19:32:39,529.37
2022-03-31 19:32:44,541.2219529767415
2022-03-31 19:32:49,529.31
2022-03-31 19:32:54,529.24
2022-03-31 19:32:59,541.2744037223518
2022-03-31 19:33:04,529.22
2022-03-31 19:33:09,541.3093708860922
2022-03-31 19:33:14,529.15
2022-03-31 19:33:19,541.3443380498325
2022-03-31 19:33:24,529.03
2022-03-31 19:33:29,529.02
2022-03-31 19:33:34,541.3967887954428
2022-03-31 19:33:39,529.03
2022-03-31 19:33:44,528.96
2022-03-31 19:33:49,541.4492395410532
2022-03-31 19:33:54,528.96
2022-03-31 19:33:59,541.4842067047935
2022-03-31 19:34:04,528.96
2022-03-31 19:34:09,528.93
2022-03-31 19:34:14,541.5366574504038
2022-03-31 19:34:19,528.93
2022-03-31 19:34:24,528.94
2022-03-31 19:34:29,528.94
2022-03-31 19:34:34,528.94
2022-03-31 19:34:39,528.97
2022-03-31 19:34:44,528.94
2022-03-31 19:34:49,528.97
2022-03-31 19:34:54,528.97
2022-03-31 19:34:59,541.694009687235
2022-03-31 19:35:04,528.97
2022-03-31 19:35:09,529.04
2022-03-31 19:35:14,529.04
2022-03-31 19:35:19,529.1
2022-03-31 19:35:24,541.7814275965858
2022-03-31 19:35:29,529.17
2022-03-31 19:35:34,529.17
2022-03-31 19:35:39,529.27
2022-03-31 19:35:44,529.27
2022-03-31 19:35:49,529.33
2022-03-31 19:35:54,529.4
2022-03-31 19:35:59,541.9038126696767
2022-03-31 19:36:04,541.9212962515468
2022-03-31 19:36:09,529.5
2022-03-31 19:36:14,529.56
2022-03-31 19:36:19,541.9737469971573
2022-03-31 19:36:24,529.69
2022-03-31 19:36:29,542.0087141608974
2022-03-31 19:36:34,542.0261977427676
2022-03-31 19:36:39,529.86
2022-03-31 19:36:44,529.92
2022-03-31 19:36:49,529.92
2022-03-31 19:36:54,530.02
2022-03-31 19:36:59,530.08
2022-03-31 19:37:04,542.1310992339884
2022-03-31 19:37:09,542.1485828158586
2022-03-31 19:37:14,530.27
2022-03-31 19:37:19,542.1835499795989
2022-03-31 19:37:24,530.44
2022-03-31 19:37:29,530.5
2022-03-31 19:37:34,530.53
2022-03-31 19:37:39,530.66
2022-03-31 19:37:44,530.66
2022-03-31 19:37:49,530.73
2022-03-31 19:37:54,530.82
2022-03-31 19:37:59,530.89
2022-03-31 19:38:04,542.34090221643
2022-03-31 19:38:09,531.02
2022-03-31 19:38:14,542.3758693801703
2022-03-31 19:38:19,542.3933529620404
2022-03-31 19:38:24,531.18
2022-03-31 19:38:29,531.31
2022-03-31 19:38:34,531.3
2022-03-31 19:38:39,542.463287289521
2022-03-31 19:38:44,531.4
2022-03-31 19:38:49,531.47
2022-03-31 19:38:54,542.5157380351313
2022-03-31 19:38:59,531.53
2022-03-31 19:39:04,531.56
2022-03-31 19:39:09,531.63
2022-03-31 19:39:14,542.585672362612
2022-03-31 19:39:19,542.603155944482
2022-03-31 19:39:24,542.6206395263522
2022-03-31 19:39:29,531.76
2022-03-31 19:39:34,531.75
2022-03-31 19:39:39,531.85
2022-03-31 19:39:44,542.6905738538328
2022-03-31 19:39:49,531.85
2022-03-31 19:39:54,531.85
2022-03-31 19:39:59,531.85
2022-03-31 19:40:04,531.91
2022-03-31 19:40:09,531.98
2022-03-31 19:40:14,542.7954753450535
2022-03-31 19:40:19,532.04
2022-03-31 19:40:24,532.04
2022-03-31 19:40:29,542.8479260906639
2022-03-31 19:40:34,542.8654096725339
2022-03-31 19:40:39,532.04
2022-03-31 19:40:44,532.04
2022-03-31 19:40:49,532.04
2022-03-31 19:40:54,542.9353440000145
2022-03-31 19:40:59,532.04
2022-03-31 19:41:04,542.9531950811729
2022-03-31 19:41:09,542.9605906374383
2022-03-31 19:41:14,532.07
2022-03-31 19:41:19,542.9753817499688
2022-03-31 19:41:24,532.07
2022-03-31 19:41:29,532.07
2022-03-31 19:41:34,542.9975684187648
2022-03-31 19:41:39,532.07
2022-03-31 19:41:44,532.13
2022-03-31 19:41:49,532.13
2022-03-31 19:41:54,543.0271506438261
2022-03-31 19:41:59,543.0345462000914
2022-03-31 19:42:04,543.0419417563568
2022-03-31 19:42:09,532.26
2022-03-31 19:42:14,532.26
2022-03-31 19:42:19,532.32
2022-03-31 19:42:24,532.32
2022-03-31 19:42:29,532.35
2022-03-31 19:42:34,543.0863150939488
2022-03-31 19:42:39,543.093710650214
2022-03-31 19:42:44,532.55
2022-03-31 19:42:49,543.1085017627447
2022-03-31 19:42:54,543.11589731901
2022-03-31 19:42:59,543.1232928752753
2022-03-31 19:43:04,532.77
2022-03-31 19:43:09,543.1380839878059
2022-03-31 19:43:14,532.87
2022-03-31 19:43:19,543.1528751003366
2022-03-31 19:43:24,543.1602706566019
2022-03-31 19:43:29,533.1
2022-03-31 19:43:34,533.22
2022-03-31 19:43:39,543.1824573253979
2022-03-31 19:43:44,533.39
2022-03-31 19:43:49,533.51
2022-03-31 19:43:54,533.51
2022-03-31 19:43:59,533.61
2022-03-31 19:44:04,533.68
2022-03-31 19:44:09,533.74
2022-03-31 19:44:14,533.81
2022-03-31 19:44:19,533.87
2022-03-31 19:44:24,533.91
2022-03-31 19:44:29,534.03
2022-03-31 19:44:34,543.2638084443164
2022-03-31 19:44:39,543.2712040005817
2022-03-31 19:44:44,543.2785995568471
2022-03-31 19:44:49,534.26
2022-03-31 19:44:54,543.2933906693777
2022-03-31 19:44:59,534.42
2022-03-31 19:45:04,543.3081817819084
2022-03-31 19:45:09,534.55
2022-03-31 19:45:14,543.322972894439
2022-03-31 19:45:19,543.3303684507043
2022-03-31 19:45:24,534.78
2022-03-31 19:45:29,543.3451595632349
2022-03-31 19:45:34,534.84
2022-03-31 19:45:39,543.3599506757655
2022-03-31 19:45:44,534.94
2022-03-31 19:45:49,535.0
2022-03-31 19:45:54,535.07
2022-03-31 19:45:59,535.13
2022-03-31 19:46:04,535.16
2022-03-31 19:46:09,535.23
2022-03-31 19:46:14,535.29
2022-03-31 19:46:19,543.4191151258882
2022-03-31 19:46:24,535.42
2022-03-31 19:46:29,543.4339062384188
2022-03-31 19:46:34,535.52
2022-03-31 19:46:39,543.4486973509495
2022-03-31 19:46:44,535.58
2022-03-31 19:46:49,535.65
2022-03-31 19:46:54,535.65
2022-03-31 19:46:59,535.67
2022-03-31 19:47:04,535.67
2022-03-31 19:47:09,535.74
2022-03-31 19:47:14,543.5004662448067
2022-03-31 19:47:19,535.81
2022-03-31 19:47:24,535.87
2022-03-31 19:47:29,535.87
2022-03-31 19:47:34,535.93
2022-03-31 19:47:39,535.97
2022-03-31 19:47:44,535.96
2022-03-31 19:47:49,536.03
2022-03-31 19:47:54,543.5596306949293
2022-03-31 19:47:59,543.5670262511945
2022-03-31 19:48:04,536.09
2022-03-31 19:48:09,536.09
2022-03-31 19:48:14,536.19
2022-03-31 19:48:19,536.15
2022-03-31 19:48:24,543.6040040325212
2022-03-31 19:48:29,536.15
2022-03-31 19:48:34,536.18
2022-03-31 19:48:39,536.18
2022-03-31 19:48:44,536.25
2022-03-31 19:48:49,536.25
2022-03-31 19:48:54,536.25
2022-03-31 19:48:59,536.25
2022-03-31 19:49:04,536.24
2022-03-31 19:49:09,536.24
2022-03-31 19:49:14,536.24
2022-03-31 19:49:19,536.24
2022-03-31 19:49:24,536.24
2022-03-31 19:49:29,536.3
2022-03-31 19:49:34,536.24
2022-03-31 19:49:39,536.3
2022-03-31 19:49:44,536.24
2022-03-31 19:49:49,543.7297284890317
2022-03-31 19:49:54,536.24
2022-03-31 19:49:59,536.3
2022-03-31 19:50:04,536.3
2022-03-31 19:50:09,536.3
2022-03-31 19:50:14,543.7667062703582
2022-03-31 19:50:19,543.7741018266236
2022-03-31 19:50:24,536.29
2022-03-31 19:50:29,536.29
2022-03-31 19:50:34,536.29
2022-03-31 19:50:39,536.29
2022-03-31 19:50:44,543.8110796079502
2022-03-31 19:50:49,536.35
2022-03-31 19:50:54,536.35
2022-03-31 19:50:59,536.41
2022-03-31 19:51:04,543.8406618330115
2022-03-31 19:51:09,536.41
2022-03-31 19:51:14,536.41
2022-03-31 19:51:19,536.44
2022-03-31 19:51:24,536.44
2022-03-31 19:51:29,543.8776396143381
2022-03-31 19:51:34,536.44
2022-03-31 19:51:39,543.8924307268687
2022-03-31 19:51:44,543.8998262831341
2022-03-31 19:51:49,536.44
2022-03-31 19:51:54,543.9146173956647
2022-03-31 19:51:59,543.92201295193
2022-03-31 19:52:04,536.44
2022-03-31 19:52:09,543.9368040644607
2022-03-31 19:52:14,536.44
2022-03-31 19:52:19,543.9515951769913
2022-03-31 19:52:24,536.41
2022-03-31 19:52:29,536.41
2022-03-31 19:52:34,536.34
2022-03-31 19:52:39,543.9811774020526
2022-03-31 19:52:44,536.34
2022-03-31 19:52:49,543.9959685145832
2022-03-31 19:52:54,536.22
2022-03-31 19:52:59,544.0107596271139
2022-03-31 19:53:04,544.0181551833791
2022-03-31 19:53:09,536.15
2022-03-31 19:53:14,536.12
2022-03-31 19:53:19,536.12
2022-03-31 19:53:24,544.0477374084405
2022-03-31 19:53:29,544.0551329647059
2022-03-31 19:53:34,536.05
2022-03-31 19:53:39,544.0699240772365
2022-03-31 19:53:44,535.93
2022-03-31 19:53:49,535.99
2022-03-31 19:53:54,535.93
2022-03-31 19:53:59,535.9
2022-03-31 19:54:04,535.93
2022-03-31 19:54:09,544.1142974148283
2022-03-31 19:54:14,535.9
2022-03-31 19:54:19,535.9
2022-03-31 19:54:24,535.9
2022-03-31 19:54:29,535.83
2022-03-31 19:54:34,535.83
2022-03-31 19:54:39,544.1586707524203
2022-03-31 19:54:44,535.7
2022-03-31 19:54:49,544.173461864951
2022-03-31 19:54:54,535.64
2022-03-31 19:54:59,544.1882529774816
2022-03-31 19:55:04,535.64
2022-03-31 19:55:09,535.61
2022-03-31 19:55:14,535.61
2022-03-31 19:55:19,535.54
2022-03-31 19:55:24,544.1414046276765
2022-03-31 19:55:29,535.48
2022-03-31 19:55:34,535.48
2022-03-31 19:55:39,544.1093695838038
2022-03-31 19:55:44,535.38
2022-03-31 19:55:49,535.38
2022-03-31 19:55:54,535.38
2022-03-31 19:55:59,535.32
2022-03-31 19:56:04,535.38
2022-03-31 19:56:09,544.0452994960582
2022-03-31 19:56:14,535.32
2022-03-31 19:56:19,535.32
2022-03-31 19:56:24,535.26
2022-03-31 19:56:29,535.26
2022-03-31 19:56:34,535.26
2022-03-31 19:56:39,543.9812294083127
2022-03-31 19:56:44,535.26
2022-03-31 19:56:49,535.26
2022-03-31 19:56:54,535.19
2022-03-31 19:56:59,543.9385160164824
2022-03-31 19:57:04,543.9278376685247
2022-03-31 19:57:09,543.9171593205673
2022-03-31 19:57:14,535.1
2022-03-31 19:57:19,543.895802624652
2022-03-31 19:57:24,543.8851242766946
2022-03-31 19:57:29,535.1
2022-03-31 19:57:34,535.1
2022-03-31 19:57:39,535.1
2022-03-31 19:57:44,543.8424108848642
2022-03-31 19:57:49,534.97
2022-03-31 19:57:54,534.97
2022-03-31 19:57:59,534.97
2022-03-31 19:58:04,534.91
2022-03-31 19:58:09,534.91
2022-03-31 19:58:14,534.91
2022-03-31 19:58:19,534.91
2022-03-31 19:58:24,543.7569841012036
2022-03-31 19:58:29,534.88
2022-03-31 19:58:34,534.88
2022-03-31 19:58:39,534.88
2022-03-31 19:58:44,534.81
2022-03-31 19:58:49,543.7035923614155
2022-03-31 19:58:54,534.81
2022-03-31 19:58:59,534.81
2022-03-31 19:59:04,534.75
2022-03-31 19:59:09,543.6608789695852
2022-03-31 19:59:14,543.6502006216277
2022-03-31 19:59:19,534.75
2022-03-31 19:59:24,543.6288439257124
2022-03-31 19:59:29,534.69
2022-03-31 19:59:34,534.69
2022-03-31 19:59:39,534.69
2022-03-31 19:59:44,543.5861305338822
2022-03-31 19:59:49,543.5754521859246
2022-03-31 19:59:54,543.564773837967
2022-03-31 19:59:59,543.5540954900094
2022-03-31 20:00:04,534.53
2022-03-31 20:00:09,543.5327387940943
2022-03-31 20:00:14,534.47
2022-03-31 20:00:19,543.5113820981791
2022-03-31 20:00:24,534.38
2022-03-31 20:00:29,534.37
2022-03-31 20:00:34,534.31
2022-03-31 20:00:39,534.31
2022-03-31 20:00:44,543.4579903583913
2022-03-31 20:00:49,534.18
2022-03-31 20:00:54,534.18
2022-03-31 20:00:59,534.12
2022-03-31 20:01:04,534.09
2022-03-31 20:01:09,534.03
2022-03-31 20:01:14,543.3939202706457
2022-03-31 20:01:19,543.3832419226881
2022-03-31 20:01:24,534.03
2022-03-31 20:01:29,533.97
2022-03-31 20:01:34,533.97
2022-03-31 20:01:39,543.3405285308578
2022-03-31 20:01:44,533.9
2022-03-31 20:01:49,533.9
2022-03-31 20:01:54,533.97
2022-03-31 20:01:59,533.97
2022-03-31 20:02:04,534.03
2022-03-31 20:02:09,533.97
2022-03-31 20:02:14,533.97
2022-03-31 20:02:19,533.97
2022-03-31 20:02:24,543.2444233992395
2022-03-31 20:02:29,534.04
2022-03-31 20:02:34,534.04
2022-03-31 20:02:39,543.2123883553668
2022-03-31 20:02:44,534.1
2022-03-31 20:02:49,534.1
2022-03-31 20:02:54,543.1803533114941
2022-03-31 20:02:59,534.14
2022-03-31 20:03:04,543.1589966155789
2022-03-31 20:03:09,543.1483182676213
2022-03-31 20:03:14,534.2
2022-03-31 20:03:19,534.27
2022-03-31 20:03:24,543.1162832237485
2022-03-31 20:03:29,534.33
2022-03-31 20:03:34,543.0949265278334
2022-03-31 20:03:39,543.0842481798758
2022-03-31 20:03:44,534.5
2022-03-31 20:03:49,534.5
2022-03-31 20:03:54,534.66
2022-03-31 20:03:59,543.0415347880454
2022-03-31 20:04:04,534.72
2022-03-31 20:04:09,534.79
2022-03-31 20:04:14,534.85
2022-03-31 20:04:19,542.9988213962151
2022-03-31 20:04:24,534.95
2022-03-31 20:04:29,535.01
2022-03-31 20:04:34,542.9667863523424
2022-03-31 20:04:39,542.9561080043849
2022-03-31 20:04:44,542.9454296564272
2022-03-31 20:04:49,535.3
2022-03-31 20:04:54,542.924072960512
2022-03-31 20:04:59,535.46
2022-03-31 20:05:04,535.53
2022-03-31 20:05:09,542.8920379166393
2022-03-31 20:05:14,542.8813595686818
2022-03-31 20:05:19,535.75
2022-03-31 20:05:24,535.82
2022-03-31 20:05:29,542.8493245248089
2022-03-31 20:05:34,542.8386461768515
2022-03-31 20:05:39,536.1
2022-03-31 20:05:44,536.2
2022-03-31 20:05:49,542.8066111329787
2022-03-31 20:05:54,536.33
2022-03-31 20:05:59,536.39
2022-03-31 20:06:04,542.774576089106
2022-03-31 20:06:09,542.7638977411484
2022-03-31 20:06:14,542.7532193931908
2022-03-31 20:06:19,542.7425410452332
2022-03-31 20:06:24,542.7318626972756
2022-03-31 20:06:29,536.97
2022-03-31 20:06:34,537.07
2022-03-31 20:06:39,537.19
2022-03-31 20:06:44,542.6891493054452
2022-03-31 20:06:49,537.35
2022-03-31 20:06:54,537.48
2022-03-31 20:06:59,537.51
2022-03-31 20:07:04,537.64
2022-03-31 20:07:09,537.74
2022-03-31 20:07:14,537.74
2022-03-31 20:07:19,537.93
2022-03-31 20:07:24,537.99
2022-03-31 20:07:29,538.02
2022-03-31 20:07:34,538.15
2022-03-31 20:07:39,538.22
2022-03-31 20:07:44,538.25
2022-03-31 20:07:49,538.25
2022-03-31 20:07:54,538.38
2022-03-31 20:07:59,538.44
2022-03-31 20:08:04,538.5
2022-03-31 20:08:09,538.54
2022-03-31 20:08:14,538.54
2022-03-31 20:08:19,542.4862606942512
2022-03-31 20:08:24,542.4755823462937
2022-03-31 20:08:29,538.6
2022-03-31 20:08:34,538.54
2022-03-31 20:08:39,538.66
2022-03-31 20:08:44,538.6
2022-03-31 20:08:49,538.54
2022-03-31 20:08:54,538.6
2022-03-31 20:08:59,538.53
2022-03-31 20:09:04,538.53
2022-03-31 20:09:09,538.6
2022-03-31 20:09:14,538.53
2022-03-31 20:09:19,542.4109208468999
2022-03-31 20:09:24,538.5
2022-03-31 20:09:29,538.5
2022-03-31 20:09:34,538.37
2022-03-31 20:09:39,538.31
2022-03-31 20:09:44,538.31
2022-03-31 20:09:49,538.24
2022-03-31 20:09:54,542.479470418598
2022-03-31 20:09:59,538.15
2022-03-31 20:10:04,538.08
2022-03-31 20:10:09,538.02
2022-03-31 20:10:14,537.98
2022-03-31 20:10:19,537.86
2022-03-31 20:10:24,537.79
2022-03-31 20:10:29,537.79
2022-03-31 20:10:34,537.7
2022-03-31 20:10:39,537.57
2022-03-31 20:10:44,542.5773983781669
2022-03-31 20:10:49,537.41
2022-03-31 20:10:54,537.34
2022-03-31 20:10:59,537.22
2022-03-31 20:11:04,537.18
2022-03-31 20:11:09,537.05
2022-03-31 20:11:14,536.99
2022-03-31 20:11:19,536.89
2022-03-31 20:11:24,536.83
2022-03-31 20:11:29,536.7
2022-03-31 20:11:34,542.6753263377357
2022-03-31 20:11:39,542.6851191336925
2022-03-31 20:11:44,536.48
2022-03-31 20:11:49,536.38
2022-03-31 20:11:54,536.32
2022-03-31 20:11:59,542.7242903175201
2022-03-31 20:12:04,536.15
2022-03-31 20:12:09,536.03
2022-03-31 20:12:14,535.93
2022-03-31 20:12:19,542.7634615013476
2022-03-31 20:12:24,542.7732542973046
2022-03-31 20:12:29,535.67
2022-03-31 20:12:34,535.64
2022-03-31 20:12:39,542.8026326851751
2022-03-31 20:12:44,535.41
2022-03-31 20:12:49,535.35
2022-03-31 20:12:54,542.8320110730458
2022-03-31 20:12:59,542.8418038690027
2022-03-31 20:13:04,535.12
2022-03-31 20:13:09,535.0
2022-03-31 20:13:14,542.8711822568732
2022-03-31 20:13:19,534.77
2022-03-31 20:13:24,534.71
2022-03-31 20:13:29,542.9005606447439
2022-03-31 20:13:34,534.48
2022-03-31 20:13:39,534.38
2022-03-31 20:13:44,534.25
2022-03-31 20:13:49,534.12
2022-03-31 20:13:54,534.09
2022-03-31 20:13:59,542.9593174204851
2022-03-31 20:14:04,533.87
2022-03-31 20:14:09,533.67
2022-03-31 20:14:14,542.9886958083558
2022-03-31 20:14:19,542.9984886043127
2022-03-31 20:14:24,533.34
2022-03-31 20:14:29,543.0180741962265
2022-03-31 20:14:34,543.0278669921834
2022-03-31 20:14:39,533.05
2022-03-31 20:14:44,543.0474525840971
2022-03-31 20:14:49,532.77
2022-03-31 20:14:54,532.64
2022-03-31 20:14:59,532.54
2022-03-31 20:15:04,532.41
2022-03-31 20:15:09,543.0964165638816
2022-03-31 20:15:14,532.18
2022-03-31 20:15:19,532.12
2022-03-31 20:15:24,543.1257949517521
2022-03-31 20:15:29,543.135587747709
2022-03-31 20:15:34,531.82
2022-03-31 20:15:39,543.1551733396228
2022-03-31 20:15:44,531.6
2022-03-31 20:15:49,543.1747589315365
2022-03-31 20:15:54,543.1845517274935
2022-03-31 20:15:59,531.3
2022-03-31 20:16:04,531.21
2022-03-31 20:16:09,531.08
2022-03-31 20:16:14,530.98
2022-03-31 20:16:19,530.92
2022-03-31 20:16:24,530.79
2022-03-31 20:16:29,543.2531012991917
2022-03-31 20:16:34,543.2628940951485
2022-03-31 20:16:39,543.2726868911054
2022-03-31 20:16:44,530.49
2022-03-31 20:16:49,530.46
2022-03-31 20:16:54,530.33
2022-03-31 20:16:59,543.311858074933
2022-03-31 20:17:04,530.17
2022-03-31 20:17:09,543.3314436668467
2022-03-31 20:17:14,543.3412364628036
2022-03-31 20:17:19,529.97
2022-03-31 20:17:24,529.94
2022-03-31 20:17:29,529.87
2022-03-31 20:17:34,543.380407646631
2022-03-31 20:17:39,529.74
2022-03-31 20:17:44,529.64
2022-03-31 20:17:49,529.58
2022-03-31 20:17:54,529.51
2022-03-31 20:17:59,529.45
2022-03-31 20:18:04,529.41
2022-03-31 20:18:09,543.4489572183293
2022-03-31 20:18:14,543.4587500142861
2022-03-31 20:18:19,543.468542810243
2022-03-31 20:18:24,543.4783356061998
2022-03-31 20:18:29,543.4881284021568
2022-03-31 20:18:34,543.4979211981135
2022-03-31 20:18:39,543.5077139940705
2022-03-31 20:18:44,528.9
2022-03-31 20:18:49,528.9
2022-03-31 20:18:54,528.77
2022-03-31 20:18:59,528.7
2022-03-31 20:19:04,528.7
2022-03-31 20:19:09,543.5664707698118
2022-03-31 20:19:14,543.5762635657687
2022-03-31 20:19:19,543.5860563617255
2022-03-31 20:19:24,543.5958491576824
2022-03-31 20:19:29,528.47
2022-03-31 20:19:34,528.48
2022-03-31 20:19:39,528.41
2022-03-31 20:19:44,528.41
2022-03-31 20:19:49,543.6448131374668
2022-03-31 20:19:54,543.6546059334237
2022-03-31 20:19:59,543.6643987293807
2022-03-31 20:20:04,528.38
2022-03-31 20:20:09,528.38
2022-03-31 20:20:14,528.41
2022-03-31 20:20:19,528.41
2022-03-31 20:20:24,528.41
2022-03-31 20:20:29,528.48
2022-03-31 20:20:34,528.41
2022-03-31 20:20:39,528.48
2022-03-31 20:20:44,528.54
2022-03-31 20:20:49,528.6
2022-03-31 20:20:54,528.67
2022-03-31 20:20:59,528.67
2022-03-31 20:21:04,528.7
2022-03-31 20:21:09,543.801497872777
2022-03-31 20:21:14,528.83
2022-03-31 20:21:19,528.89
2022-03-31 20:21:24,543.8308762606475
2022-03-31 20:21:29,543.8406690566045
2022-03-31 20:21:34,543.8504618525614
2022-03-31 20:21:39,529.28
2022-03-31 20:21:44,529.35
2022-03-31 20:21:49,529.41
2022-03-31 20:21:54,529.57
2022-03-31 20:21:59,529.64
2022-03-31 20:22:04,529.73
2022-03-31 20:22:09,529.86
2022-03-31 20:22:14,543.9288042202164
2022-03-31 20:22:19,543.9385970161733
2022-03-31 20:22:24,530.22
2022-03-31 20:22:29,530.31
2022-03-31 20:22:34,543.967975404044
2022-03-31 20:22:39,530.54
2022-03-31 20:22:44,543.9875609959577
2022-03-31 20:22:49,543.9973537919145
2022-03-31 20:22:54,530.96
2022-03-31 20:22:59,544.0169393838283
2022-03-31 20:23:04,544.0267321797852
2022-03-31 20:23:09,531.28
2022-03-31 20:23:14,544.0433368293076
2022-03-31 20:23:19,531.57
2022-03-31 20:23:24,544.0514693267705
2022-03-31 20:23:29,531.86
2022-03-31 20:23:34,531.99
2022-03-31 20:23:39,532.15
2022-03-31 20:23:44,532.22
2022-03-31 20:23:49,532.38
2022-03-31 20:23:54,532.51
2022-03-31 20:23:59,532.67
2022-03-31 20:24:04,532.8
2022-03-31 20:24:09,532.96
2022-03-31 20:24:14,533.06
2022-03-31 20:24:19,533.19
2022-03-31 20:24:24,533.31
2022-03-31 20:24:29,533.48
2022-03-31 20:24:34,533.57
2022-03-31 20:24:39,533.7
2022-03-31 20:24:44,533.83
2022-03-31 20:24:49,533.99
2022-03-31 20:24:54,534.06
2022-03-31 20:24:59,544.1287280526681
2022-03-31 20:25:04,534.28
2022-03-31 20:25:09,534.38
2022-03-31 20:25:14,544.1409267988624
2022-03-31 20:25:19,534.57
2022-03-31 20:25:24,534.74
2022-03-31 20:25:29,534.86
2022-03-31 20:25:34,544.1571917937882
2022-03-31 20:25:39,534.96
2022-03-31 20:25:44,535.09
2022-03-31 20:25:49,535.19
2022-03-31 20:25:54,535.25
2022-03-31 20:25:59,544.1775230374456
2022-03-31 20:26:04,535.41
2022-03-31 20:26:09,535.54
2022-03-31 20:26:14,535.64
2022-03-31 20:26:19,544.1937880323713
2022-03-31 20:26:24,544.1978542811028
2022-03-31 20:26:29,535.9
2022-03-31 20:26:34,535.99
2022-03-31 20:26:39,536.12
2022-03-31 20:26:44,544.2141192760286
2022-03-31 20:26:49,536.29
2022-03-31 20:26:54,544.2222517734915
2022-03-31 20:26:59,544.2263180222229
2022-03-31 20:27:04,544.2303842709545
2022-03-31 20:27:09,544.2344505196859
2022-03-31 20:27:14,536.74
2022-03-31 20:27:19,536.87
2022-03-31 20:27:24,544.2466492658803
2022-03-31 20:27:29,544.2507155146117
2022-03-31 20:27:34,537.16
2022-03-31 20:27:39,544.2588480120746
2022-03-31 20:27:44,544.262914260806
2022-03-31 20:27:49,537.45
2022-03-31 20:27:54,537.49
2022-03-31 20:27:59,544.2751130070004
2022-03-31 20:28:04,544.2791792557318
2022-03-31 20:28:09,537.78
2022-03-31 20:28:14,537.91
2022-03-31 20:28:19,537.97
2022-03-31 20:28:24,544.2954442506576
2022-03-31 20:28:29,538.2
2022-03-31 20:28:34,538.29
2022-03-31 20:28:39,538.36
2022-03-31 20:28:44,544.3117092455834
2022-03-31 20:28:49,544.315775494315
2022-03-31 20:28:54,544.3198417430464
2022-03-31 20:28:59,544.3239079917778
2022-03-31 20:29:04,538.66
2022-03-31 20:29:09,538.72
2022-03-31 20:29:14,538.75
2022-03-31 20:29:19,538.82
2022-03-31 20:29:24,538.88
2022-03-31 20:29:29,544.3483054841665
2022-03-31 20:29:34,539.01
2022-03-31 20:29:39,539.01
2022-03-31 20:29:44,539.04
2022-03-31 20:29:49,539.11
2022-03-31 20:29:54,539.18
2022-03-31 20:29:59,544.3727029765553
2022-03-31 20:30:04,539.24
2022-03-31 20:30:09,539.24
2022-03-31 20:30:14,544.3849017227496
2022-03-31 20:30:19,539.34
2022-03-31 20:30:24,539.4
2022-03-31 20:30:29,539.47
2022-03-31 20:30:34,544.4011667176754
2022-03-31 20:30:39,539.53
2022-03-31 20:30:44,539.56
2022-03-31 20:30:49,539.63
2022-03-31 20:30:54,539.63
2022-03-31 20:30:59,544.4214979613328
2022-03-31 20:31:04,539.76
2022-03-31 20:31:09,539.76
2022-03-31 20:31:14,539.79
2022-03-31 20:31:19,539.79
2022-03-31 20:31:24,539.85
2022-03-31 20:31:29,539.92
2022-03-31 20:31:34,544.4499617024528
2022-03-31 20:31:39,544.4540279511843
2022-03-31 20:31:44,539.98
2022-03-31 20:31:49,540.04
2022-03-31 20:31:54,544.4662266973787
2022-03-31 20:31:59,540.04
2022-03-31 20:32:04,544.4743591948416
2022-03-31 20:32:09,540.04
2022-03-31 20:32:14,540.08
2022-03-31 20:32:19,540.07
2022-03-31 20:32:24,540.08
2022-03-31 20:32:29,540.14
2022-03-31 20:32:34,540.07
2022-03-31 20:32:39,544.5028229359617
2022-03-31 20:32:44,540.04
2022-03-31 20:32:49,540.04
2022-03-31 20:32:54,540.04
2022-03-31 20:32:59,540.04
2022-03-31 20:33:04,544.523154179619
2022-03-31 20:33:09,539.98
2022-03-31 20:33:14,539.98
2022-03-31 20:33:19,544.5353529258133
2022-03-31 20:33:24,544.5394191745448
2022-03-31 20:33:29,539.85
2022-03-31 20:33:34,539.85
2022-03-31 20:33:39,539.84
2022-03-31 20:33:44,544.5556841694706
2022-03-31 20:33:49,539.78
2022-03-31 20:33:54,539.75
2022-03-31 20:33:59,539.75
2022-03-31 20:34:04,539.68
2022-03-31 20:34:09,539.68
2022-03-31 20:34:14,544.5800816618594
2022-03-31 20:34:19,539.61
2022-03-31 20:34:24,544.5882141593222
2022-03-31 20:34:29,539.52
2022-03-31 20:34:34,539.52
2022-03-31 20:34:39,539.45
2022-03-31 20:34:44,539.45
2022-03-31 20:34:49,544.6085454029795
2022-03-31 20:34:54,544.612611651711
2022-03-31 20:34:59,539.32
2022-03-31 20:35:04,544.6207441491739
2022-03-31 20:35:09,539.26
2022-03-31 20:35:14,539.26
2022-03-31 20:35:19,539.25
2022-03-31 20:35:24,544.6370091440997
2022-03-31 20:35:29,539.22
2022-03-31 20:35:34,539.22
2022-03-31 20:35:39,539.15
2022-03-31 20:35:44,539.15
2022-03-31 20:35:49,544.6573403877569
2022-03-31 20:35:54,539.09
2022-03-31 20:35:59,539.09
2022-03-31 20:36:04,539.03
2022-03-31 20:36:09,539.03
2022-03-31 20:36:14,544.6776716314142
2022-03-31 20:36:19,544.6817378801456
2022-03-31 20:36:24,538.86
2022-03-31 20:36:29,538.86
2022-03-31 20:36:34,538.8
2022-03-31 20:36:39,544.6980028750714
2022-03-31 20:36:44,544.702069123803
2022-03-31 20:36:49,538.7
2022-03-31 20:36:54,538.7
2022-03-31 20:36:59,538.64
2022-03-31 20:37:04,538.64
2022-03-31 20:37:09,538.57
2022-03-31 20:37:14,538.57
2022-03-31 20:37:19,544.7297789144501
2022-03-31 20:37:24,544.7322126687252
2022-03-31 20:37:29,538.41
2022-03-31 20:37:34,538.41
2022-03-31 20:37:39,538.41
2022-03-31 20:37:44,538.35
2022-03-31 20:37:49,538.35
2022-03-31 20:37:54,544.7468151943757
2022-03-31 20:37:59,544.7492489486508
2022-03-31 20:38:04,538.22
2022-03-31 20:38:09,544.754116457201
2022-03-31 20:38:14,538.19
2022-03-31 20:38:19,544.7589839657512
2022-03-31 20:38:24,538.13
2022-03-31 20:38:29,538.12
2022-03-31 20:38:34,538.06
2022-03-31 20:38:39,544.7687189828515
2022-03-31 20:38:44,538.0
2022-03-31 20:38:49,538.0
2022-03-31 20:38:54,544.7760202456768
2022-03-31 20:38:59,544.7784539999519
2022-03-31 20:39:04,538.0
2022-03-31 20:39:09,538.0
2022-03-31 20:39:14,537.97
2022-03-31 20:39:19,544.7881890170523
2022-03-31 20:39:24,537.97
2022-03-31 20:39:29,537.97
2022-03-31 20:39:34,537.96
2022-03-31 20:39:39,537.97
2022-03-31 20:39:44,538.0
2022-03-31 20:39:49,544.8027915427028
2022-03-31 20:39:54,544.8052252969779
2022-03-31 20:39:59,544.807659051253
2022-03-31 20:40:04,538.0
2022-03-31 20:40:09,537.96
2022-03-31 20:40:14,537.96
2022-03-31 20:40:19,544.8173940683533
2022-03-31 20:40:24,544.8198278226284
2022-03-31 20:40:29,544.8222615769035
2022-03-31 20:40:34,538.06
2022-03-31 20:40:39,538.06
2022-03-31 20:40:44,538.06
2022-03-31 20:40:49,544.831996594004
2022-03-31 20:40:54,538.12
2022-03-31 20:40:59,538.06
2022-03-31 20:41:04,544.8392978568291
2022-03-31 20:41:09,544.8417316111043
2022-03-31 20:41:14,538.12
2022-03-31 20:41:19,538.12
2022-03-31 20:41:24,538.12
2022-03-31 20:41:29,538.12
2022-03-31 20:41:34,538.12
2022-03-31 20:41:39,544.8563341367549
2022-03-31 20:41:44,538.12
2022-03-31 20:41:49,538.12
2022-03-31 20:41:54,544.8636353995801
2022-03-31 20:41:59,544.8660691538552
2022-03-31 20:42:04,544.8685029081303
2022-03-31 20:42:09,538.18
2022-03-31 20:42:14,538.17
2022-03-31 20:42:19,544.8758041709556
2022-03-31 20:42:24,538.18
2022-03-31 20:42:29,538.21
2022-03-31 20:42:34,544.8831054337808
2022-03-31 20:42:39,538.17
2022-03-31 20:42:44,538.2
2022-03-31 20:42:49,538.17
2022-03-31 20:42:54,538.17
2022-03-31 20:42:59,544.8952742051563
2022-03-31 20:43:04,538.2
2022-03-31 20:43:09,538.2
2022-03-31 20:43:14,544.9025754679816
2022-03-31 20:43:19,544.9050092222566
2022-03-31 20:43:24,544.9074429765317
2022-03-31 20:43:29,538.2
2022-03-31 20:43:34,538.16
2022-03-31 20:43:39,544.914744239357
2022-03-31 20:43:44,538.16
2022-03-31 20:43:49,538.16
2022-03-31 20:43:54,538.19
2022-03-31 20:43:59,544.9244792564574
2022-03-31 20:44:04,544.9269130107325
2022-03-31 20:44:09,538.15
2022-03-31 20:44:14,538.18
2022-03-31 20:44:19,538.18
2022-03-31 20:44:24,544.9366480278328
2022-03-31 20:44:29,544.9390817821079
2022-03-31 20:44:34,538.24
2022-03-31 20:44:39,538.24
2022-03-31 20:44:44,538.24
2022-03-31 20:44:49,544.9488167992083
2022-03-31 20:44:54,538.31
2022-03-31 20:44:59,544.9536843077584
2022-03-31 20:45:04,544.9561180620335
2022-03-31 20:45:09,538.31
2022-03-31 20:45:14,538.37
2022-03-31 20:45:19,538.37
2022-03-31 20:45:24,538.37
2022-03-31 20:45:29,538.43
2022-03-31 20:45:34,544.9707205876841
2022-03-31 20:45:39,544.9731543419592
2022-03-31 20:45:44,538.43
2022-03-31 20:45:49,538.46
2022-03-31 20:45:54,538.46
2022-03-31 20:45:59,538.53
2022-03-31 20:46:04,538.53
2022-03-31 20:46:09,538.59
2022-03-31 20:46:14,538.59
2022-03-31 20:46:19,538.59
2022-03-31 20:46:24,544.995058130435
2022-03-31 20:46:29,544.9974918847101
2022-03-31 20:46:34,544.9999256389851
2022-03-31 20:46:39,538.75
2022-03-31 20:46:44,538.81
2022-03-31 20:46:49,545.0072269018104
2022-03-31 20:46:54,538.82
2022-03-31 20:46:59,538.88
2022-03-31 20:47:04,538.88
2022-03-31 20:47:09,545.0169619189109
2022-03-31 20:47:14,545.019395673186
2022-03-31 20:47:19,545.0218294274611
2022-03-31 20:47:24,545.024263181736
2022-03-31 20:47:29,538.98
2022-03-31 20:47:34,539.04
2022-03-31 20:47:39,539.11
2022-03-31 20:47:44,539.11
2022-03-31 20:47:49,539.11
2022-03-31 20:47:54,539.17
2022-03-31 20:47:59,545.0412994616618
2022-03-31 20:48:04,545.0437332159369
2022-03-31 20:48:09,539.2
2022-03-31 20:48:14,539.2
2022-03-31 20:48:19,539.27
2022-03-31 20:48:24,539.27
2022-03-31 20:48:29,539.27
2022-03-31 20:48:34,545.0583357415874
2022-03-31 20:48:39,539.33
2022-03-31 20:48:44,545.0632032501376
2022-03-31 20:48:49,539.4
2022-03-31 20:48:54,545.0680707586877
2022-03-31 20:48:59,545.0705045129628
2022-03-31 20:49:04,545.0729382672379
2022-03-31 20:49:09,545.075372021513
2022-03-31 20:49:14,539.5
2022-03-31 20:49:19,539.56
2022-03-31 20:49:24,539.49
2022-03-31 20:49:29,539.56
2022-03-31 20:49:34,539.56
2022-03-31 20:49:39,539.56
2022-03-31 20:49:44,545.0924083014386
2022-03-31 20:49:49,539.63
2022-03-31 20:49:54,539.63
2022-03-31 20:49:59,539.69
2022-03-31 20:50:04,539.69
2022-03-31 20:50:09,539.69
2022-03-31 20:50:14,545.1070108270892
2022-03-31 20:50:19,539.69
2022-03-31 20:50:24,545.1118783356394
2022-03-31 20:50:29,539.72
2022-03-31 20:50:34,539.72
2022-03-31 20:50:39,539.72
2022-03-31 20:50:44,539.79
2022-03-31 20:50:49,539.79
2022-03-31 20:50:54,539.79
2022-03-31 20:50:59,545.128914615565
2022-03-31 20:51:04,539.79
2022-03-31 20:51:09,539.79
2022-03-31 20:51:14,539.79
2022-03-31 20:51:19,539.79
2022-03-31 20:51:24,545.1396850433542
2022-03-31 20:51:29,545.1386500909665
2022-03-31 20:51:34,545.1376151385788
2022-03-31 20:51:39,539.86
2022-03-31 20:51:44,539.92
2022-03-31 20:51:49,539.92
2022-03-31 20:51:54,539.99
2022-03-31 20:51:59,545.1324403766401
2022-03-31 20:52:04,539.99
2022-03-31 20:52:09,545.1303704718647
2022-03-31 20:52:14,540.02
2022-03-31 20:52:19,540.02
2022-03-31 20:52:24,545.1272656147015
2022-03-31 20:52:29,540.02
2022-03-31 20:52:34,540.02
2022-03-31 20:52:39,540.08
2022-03-31 20:52:44,540.09
2022-03-31 20:52:49,545.1220908527629
2022-03-31 20:52:54,540.21
2022-03-31 20:52:59,540.22
2022-03-31 20:53:04,540.25
2022-03-31 20:53:09,545.1179510432119
2022-03-31 20:53:14,545.1169160908241
2022-03-31 20:53:19,540.31
2022-03-31 20:53:24,545.1148461860487
2022-03-31 20:53:29,545.113811233661
2022-03-31 20:53:34,540.44
2022-03-31 20:53:39,540.44
2022-03-31 20:53:44,540.44
2022-03-31 20:53:49,540.51
2022-03-31 20:53:54,540.51
2022-03-31 20:53:59,540.51
2022-03-31 20:54:04,545.1065665669469
2022-03-31 20:54:09,545.1055316145591
2022-03-31 20:54:14,540.51
2022-03-31 20:54:19,545.1034617097837
2022-03-31 20:54:24,540.55
2022-03-31 20:54:29,540.55
2022-03-31 20:54:34,540.55
2022-03-31 20:54:39,540.61
2022-03-31 20:54:44,545.098286947845
2022-03-31 20:54:49,540.61
2022-03-31 20:54:54,540.61
2022-03-31 20:54:59,545.0951820906819
2022-03-31 20:55:04,540.68
2022-03-31 20:55:09,540.68
2022-03-31 20:55:14,545.0920772335187
2022-03-31 20:55:19,540.68
2022-03-31 20:55:24,540.68
2022-03-31 20:55:29,545.0889723763555
2022-03-31 20:55:34,540.75
2022-03-31 20:55:39,540.68
2022-03-31 20:55:44,540.75
2022-03-31 20:55:49,540.69
2022-03-31 20:55:54,540.75
2022-03-31 20:55:59,545.082762662029
2022-03-31 20:56:04,545.0817277096414
2022-03-31 20:56:09,545.0806927572536
2022-03-31 20:56:14,540.69
2022-03-31 20:56:19,540.69
2022-03-31 20:56:24,545.0775879000904
2022-03-31 20:56:29,545.0765529477027
2022-03-31 20:56:34,545.075517995315
2022-03-31 20:56:39,540.69
2022-03-31 20:56:44,545.0734480905395
2022-03-31 20:56:49,545.0724131381518
2022-03-31 20:56:54,540.63
2022-03-31 20:56:59,545.0703432333763
2022-03-31 20:57:04,540.63
2022-03-31 20:57:09,540.63
2022-03-31 20:57:14,540.57
2022-03-31 20:57:19,545.0662034238254
2022-03-31 20:57:24,540.57
2022-03-31 20:57:29,540.57
2022-03-31 20:57:34,545.0630985666622
2022-03-31 20:57:39,540.57
2022-03-31 20:57:44,540.57
2022-03-31 20:57:49,540.54
2022-03-31 20:57:54,545.0589587571113
2022-03-31 20:57:59,545.0579238047236
2022-03-31 20:58:04,540.57
2022-03-31 20:58:09,540.57
2022-03-31 20:58:14,540.53
2022-03-31 20:58:19,545.0537839951727
2022-03-31 20:58:24,540.57
2022-03-31 20:58:29,540.57
2022-03-31 20:58:34,540.57
2022-03-31 20:58:39,540.57
2022-03-31 20:58:44,540.63
2022-03-31 20:58:49,540.57
2022-03-31 20:58:54,540.63
2022-03-31 20:58:59,540.63
2022-03-31 20:59:04,540.63
2022-03-31 20:59:09,540.63
2022-03-31 20:59:14,540.63
2022-03-31 20:59:19,540.63
2022-03-31 20:59:24,540.69
2022-03-31 20:59:29,540.69
2022-03-31 20:59:34,545.0382597093567
2022-03-31 20:59:39,540.69
2022-03-31 20:59:44,545.0361898045812
2022-03-31 20:59:49,540.76
2022-03-31 20:59:54,545.0341198998058
2022-03-31 20:59:59,540.76
2022-03-31 21:00:04,540.76
2022-03-31 21:00:09,545.0310150426426
2022-03-31 21:00:14,540.79
2022-03-31 21:00:19,540.78
2022-03-31 21:00:24,545.0279101854794
2022-03-31 21:00:29,545.0268752330917
2022-03-31 21:00:34,540.78
2022-03-31 21:00:39,540.85
2022-03-31 21:00:44,540.85
2022-03-31 21:00:49,545.0227354235408
2022-03-31 21:00:54,545.021700471153
2022-03-31 21:00:59,540.84
2022-03-31 21:01:04,540.91
2022-03-31 21:01:09,540.91
2022-03-31 21:01:14,545.0175606616021
2022-03-31 21:01:19,540.91
2022-03-31 21:01:24,540.97
2022-03-31 21:01:29,540.97
2022-03-31 21:01:34,540.97
2022-03-31 21:01:39,541.04
2022-03-31 21:01:44,545.0113509472757
2022-03-31 21:01:49,545.010315994888
2022-03-31 21:01:54,541.07
2022-03-31 21:01:59,541.07
2022-03-31 21:02:04,541.13
2022-03-31 21:02:09,541.13
2022-03-31 21:02:14,541.19
2022-03-31 21:02:19,545.0041062805616
2022-03-31 21:02:24,545.0030713281739
2022-03-31 21:02:29,541.29
2022-03-31 21:02:34,541.29
2022-03-31 21:02:39,541.29
2022-03-31 21:02:44,541.35
2022-03-31 21:02:49,541.35
2022-03-31 21:02:54,541.35
2022-03-31 21:02:59,541.41
2022-03-31 21:03:04,544.994791709072
2022-03-31 21:03:09,544.9937567566843
2022-03-31 21:03:14,541.41
2022-03-31 21:03:19,541.41
2022-03-31 21:03:24,541.48
2022-03-31 21:03:29,544.9896169471334
2022-03-31 21:03:34,541.48
2022-03-31 21:03:39,544.987547042358
2022-03-31 21:03:44,541.54
2022-03-31 21:03:49,544.9854771375825
2022-03-31 21:03:54,541.48
2022-03-31 21:03:59,544.983407232807
2022-03-31 21:04:04,544.9823722804193
2022-03-31 21:04:09,541.41
2022-03-31 21:04:14,541.41
2022-03-31 21:04:19,541.41
2022-03-31 21:04:24,541.41
2022-03-31 21:04:29,541.35
2022-03-31 21:04:34,541.35
2022-03-31 21:04:39,541.29
2022-03-31 21:04:44,541.26
2022-03-31 21:04:49,541.19
2022-03-31 21:04:54,544.972022756542
2022-03-31 21:04:59,544.9709878041542
2022-03-31 21:05:04,544.9699528517665
2022-03-31 21:05:09,544.9689178993788
2022-03-31 21:05:14,541.03
2022-03-31 21:05:19,540.9
2022-03-31 21:05:24,544.9658130422156
2022-03-31 21:05:29,544.9645806353715
2022-03-31 21:05:34,540.74
2022-03-31 21:05:39,540.74
2022-03-31 21:05:44,540.68
2022-03-31 21:05:49,540.68
2022-03-31 21:05:54,540.62
2022-03-31 21:05:59,540.55
2022-03-31 21:06:04,540.52
2022-03-31 21:06:09,540.46
2022-03-31 21:06:14,544.9501064443068
2022-03-31 21:06:19,540.39
2022-03-31 21:06:24,540.27
2022-03-31 21:06:29,540.27
2022-03-31 21:06:34,540.27
2022-03-31 21:06:39,544.9420652270487
2022-03-31 21:06:44,540.23
2022-03-31 21:06:49,540.17
2022-03-31 21:06:54,544.9372404966939
2022-03-31 21:06:59,540.11
2022-03-31 21:07:04,544.9340240097906
2022-03-31 21:07:09,540.11
2022-03-31 21:07:14,544.9308075228874
2022-03-31 21:07:19,540.04
2022-03-31 21:07:24,540.05
2022-03-31 21:07:29,540.05
2022-03-31 21:07:34,544.924374549081
2022-03-31 21:07:39,544.9227663056294
2022-03-31 21:07:44,540.05
2022-03-31 21:07:49,540.01
2022-03-31 21:07:54,544.9179415752745
2022-03-31 21:07:59,544.9163333318229
2022-03-31 21:08:04,540.02
2022-03-31 21:08:09,540.02
2022-03-31 21:08:14,540.02
2022-03-31 21:08:19,540.02
2022-03-31 21:08:24,540.02
2022-03-31 21:08:29,544.9066838711132
2022-03-31 21:08:34,544.9050756276615
2022-03-31 21:08:39,540.02
2022-03-31 21:08:44,544.9018591407583
2022-03-31 21:08:49,540.05
2022-03-31 21:08:54,544.8986426538551
2022-03-31 21:08:59,544.8970344104034
2022-03-31 21:09:04,544.8954261669519
2022-03-31 21:09:09,544.8938179235003
2022-03-31 21:09:14,544.8922096800486
2022-03-31 21:09:19,540.12
2022-03-31 21:09:24,540.19
2022-03-31 21:09:29,544.8873849496938
2022-03-31 21:09:34,540.19
2022-03-31 21:09:39,544.8841684627905
2022-03-31 21:09:44,540.25
2022-03-31 21:09:49,540.25
2022-03-31 21:09:54,544.8793437324357
2022-03-31 21:09:59,544.8777354889841
2022-03-31 21:10:04,540.35
2022-03-31 21:10:09,540.35
2022-03-31 21:10:14,540.42
2022-03-31 21:10:19,540.42
2022-03-31 21:10:24,544.869694271726
2022-03-31 21:10:29,540.48
2022-03-31 21:10:34,540.48
2022-03-31 21:10:39,540.55
2022-03-31 21:10:44,544.8632612979195
2022-03-31 21:10:49,544.8616530544679
2022-03-31 21:10:54,540.65
2022-03-31 21:10:59,544.8584365675646
2022-03-31 21:11:04,544.856828324113
2022-03-31 21:11:09,540.71
2022-03-31 21:11:14,540.71
2022-03-31 21:11:19,544.8520035937581
2022-03-31 21:11:24,544.8503953503066
2022-03-31 21:11:29,540.78
2022-03-31 21:11:34,540.78
2022-03-31 21:11:39,540.78
2022-03-31 21:11:44,540.78
2022-03-31 21:11:49,544.8423541330485
2022-03-31 21:11:54,540.79
2022-03-31 21:11:59,540.82
2022-03-31 21:12:04,540.79
2022-03-31 21:12:09,544.835921159242
2022-03-31 21:12:14,540.79
2022-03-31 21:12:19,540.79
2022-03-31 21:12:24,540.79
2022-03-31 21:12:29,544.8294881854355
2022-03-31 21:12:34,544.827879941984
2022-03-31 21:12:39,544.8262716985323
2022-03-31 21:12:44,540.79
2022-03-31 21:12:49,544.823055211629
2022-03-31 21:12:54,540.73
2022-03-31 21:12:59,540.73
2022-03-31 21:13:04,544.8182304812742
2022-03-31 21:13:09,544.8166222378226
2022-03-31 21:13:14,540.8
2022-03-31 21:13:19,540.74
2022-03-31 21:13:24,544.8117975074678
2022-03-31 21:13:29,540.74
2022-03-31 21:13:34,544.8085810205645
2022-03-31 21:13:39,544.8069727771128
2022-03-31 21:13:44,544.8053645336613
2022-03-31 21:13:49,540.68
2022-03-31 21:13:54,540.68
2022-03-31 21:13:59,540.68
2022-03-31 21:14:04,544.7989315598547
2022-03-31 21:14:09,544.7973233164032
2022-03-31 21:14:14,540.62
2022-03-31 21:14:19,540.58
2022-03-31 21:14:24,540.59
2022-03-31 21:14:29,540.52
2022-03-31 21:14:34,540.52
2022-03-31 21:14:39,540.52
2022-03-31 21:14:44,540.46
2022-03-31 21:14:49,540.4
2022-03-31 21:14:54,540.4
2022-03-31 21:14:59,540.33
2022-03-31 21:15:04,540.33
2022-03-31 21:15:09,540.34
2022-03-31 21:15:14,540.3
2022-03-31 21:15:19,544.7748079080806
2022-03-31 21:15:24,544.7731996646289
2022-03-31 21:15:29,540.31
2022-03-31 21:15:34,540.3
2022-03-31 21:15:39,540.24
2022-03-31 21:15:44,540.24
2022-03-31 21:15:49,540.24
2022-03-31 21:15:54,540.18
2022-03-31 21:15:59,540.24
2022-03-31 21:16:04,540.24
2022-03-31 21:16:09,540.24
2022-03-31 21:16:14,540.24
2022-03-31 21:16:19,544.7555089866611
2022-03-31 21:16:24,540.24
2022-03-31 21:16:29,540.24
2022-03-31 21:16:34,540.18
2022-03-31 21:16:39,544.7490760128546
2022-03-31 21:16:44,540.24
2022-03-31 21:16:49,544.7458595259513
2022-03-31 21:16:54,540.24
2022-03-31 21:16:59,540.24
2022-03-31 21:17:04,540.24
2022-03-31 21:17:09,540.24
2022-03-31 21:17:14,540.24
2022-03-31 21:17:19,540.24
2022-03-31 21:17:24,540.24
2022-03-31 21:17:29,540.31
2022-03-31 21:17:34,540.24
2022-03-31 21:17:39,540.31
2022-03-31 21:17:44,544.7281688479836
2022-03-31 21:17:49,540.31
2022-03-31 21:17:54,540.24
2022-03-31 21:17:59,544.7233441176288
2022-03-31 21:18:04,540.31
2022-03-31 21:18:09,544.7201276307255
2022-03-31 21:18:14,544.7185193872739
2022-03-31 21:18:19,544.7169111438222
2022-03-31 21:18:24,540.3
2022-03-31 21:18:29,540.3
2022-03-31 21:18:34,544.7120864134674
2022-03-31 21:18:39,544.7104781700158
2022-03-31 21:18:44,544.7088699265641
2022-03-31 21:18:49,540.3
2022-03-31 21:18:54,544.705653439661
2022-03-31 21:18:59,544.7040451962093
2022-03-31 21:19:04,540.24
2022-03-31 21:19:09,540.3
2022-03-31 21:19:14,540.24
2022-03-31 21:19:19,540.24
2022-03-31 21:19:24,540.24
2022-03-31 21:19:29,544.6943957354996
2022-03-31 21:19:34,544.6887748045152
2022-03-31 21:19:39,540.24
2022-03-31 21:19:44,544.6574695048834
2022-03-31 21:19:49,540.17
2022-03-31 21:19:54,544.6261642052514
2022-03-31 21:19:59,540.17
2022-03-31 21:20:04,544.5948589056194
2022-03-31 21:20:09,544.5792062558035
2022-03-31 21:20:14,540.08
2022-03-31 21:20:19,540.07
2022-03-31 21:20:24,540.07
2022-03-31 21:20:29,540.01
2022-03-31 21:20:34,540.07
2022-03-31 21:20:39,540.07
2022-03-31 21:20:44,540.01
2022-03-31 21:20:49,540.01
2022-03-31 21:20:54,539.94
2022-03-31 21:20:59,539.88
2022-03-31 21:21:04,539.88
2022-03-31 21:21:09,539.88
2022-03-31 21:21:14,544.3757218081959
2022-03-31 21:21:19,539.82
2022-03-31 21:21:24,539.82
2022-03-31 21:21:29,539.82
2022-03-31 21:21:34,544.3131112089319
2022-03-31 21:21:39,544.2974585591159
2022-03-31 21:21:44,544.2818059092998
2022-03-31 21:21:49,544.266153259484
2022-03-31 21:21:54,539.72
2022-03-31 21:21:59,539.66
2022-03-31 21:22:04,539.66
2022-03-31 21:22:09,539.59
2022-03-31 21:22:14,539.59
2022-03-31 21:22:19,539.6
2022-03-31 21:22:24,539.57
2022-03-31 21:22:29,539.5
2022-03-31 21:22:34,539.5
2022-03-31 21:22:39,544.1096267613242
2022-03-31 21:22:44,539.44
2022-03-31 21:22:49,544.0783214616923
2022-03-31 21:22:54,539.38
2022-03-31 21:22:59,539.31
2022-03-31 21:23:04,544.0313635122444
2022-03-31 21:23:09,539.31
2022-03-31 21:23:14,544.0000582126123
2022-03-31 21:23:19,539.28
2022-03-31 21:23:24,543.9687529129804
2022-03-31 21:23:29,543.9531002631644
2022-03-31 21:23:34,543.9374476133486
2022-03-31 21:23:39,539.28
2022-03-31 21:23:44,539.22
2022-03-31 21:23:49,539.22
2022-03-31 21:23:54,539.22
2022-03-31 21:23:59,543.8591843642686
2022-03-31 21:24:04,539.22
2022-03-31 21:24:09,539.22
2022-03-31 21:24:14,539.22
2022-03-31 21:24:19,539.22
2022-03-31 21:24:24,539.22
2022-03-31 21:24:29,539.16
2022-03-31 21:24:34,539.16
2022-03-31 21:24:39,539.16
2022-03-31 21:24:44,539.16
2022-03-31 21:24:49,543.7026578661089
2022-03-31 21:24:54,539.09
2022-03-31 21:24:59,539.09
2022-03-31 21:25:04,539.09
2022-03-31 21:25:09,539.16
2022-03-31 21:25:14,539.09
2022-03-31 21:25:19,539.09
2022-03-31 21:25:24,539.09
2022-03-31 21:25:29,539.15
2022-03-31 21:25:34,539.16
2022-03-31 21:25:39,543.5461313679491
2022-03-31 21:25:44,539.15
2022-03-31 21:25:49,539.15
2022-03-31 21:25:54,539.15
2022-03-31 21:25:59,539.22
2022-03-31 21:26:04,539.15
2022-03-31 21:26:09,539.22
2022-03-31 21:26:14,543.4365628192373
2022-03-31 21:26:19,543.4209101694213
2022-03-31 21:26:24,539.28
2022-03-31 21:26:29,539.22
2022-03-31 21:26:34,543.3739522199734
2022-03-31 21:26:39,539.28
2022-03-31 21:26:44,539.28
2022-03-31 21:26:49,543.3269942705255
2022-03-31 21:26:54,539.28
2022-03-31 21:26:59,539.31
2022-03-31 21:27:04,539.31
2022-03-31 21:27:09,539.31
2022-03-31 21:27:14,543.2487310214456
2022-03-31 21:27:19,539.37
2022-03-31 21:27:24,539.37
2022-03-31 21:27:29,539.37
2022-03-31 21:27:34,539.37
2022-03-31 21:27:39,539.37
2022-03-31 21:27:44,539.37
2022-03-31 21:27:49,539.37
2022-03-31 21:27:54,539.37
2022-03-31 21:27:59,539.37
2022-03-31 21:28:04,539.36
2022-03-31 21:28:09,543.07655187347
2022-03-31 21:28:14,539.36
2022-03-31 21:28:19,539.43
2022-03-31 21:28:24,539.36
2022-03-31 21:28:29,543.013941274206
2022-03-31 21:28:34,539.36
2022-03-31 21:28:39,542.9826359745741
2022-03-31 21:28:44,539.36
2022-03-31 21:28:49,539.29
2022-03-31 21:28:54,539.35
2022-03-31 21:28:59,539.35
2022-03-31 21:29:04,542.9043727254941
2022-03-31 21:29:09,539.29
2022-03-31 21:29:14,539.28
2022-03-31 21:29:19,539.25
2022-03-31 21:29:24,542.8417621262304
2022-03-31 21:29:29,539.25
2022-03-31 21:29:34,542.8104568265983
2022-03-31 21:29:39,539.19
2022-03-31 21:29:44,539.19
2022-03-31 21:29:49,539.12
2022-03-31 21:29:54,539.12
2022-03-31 21:29:59,539.03
2022-03-31 21:30:04,542.7165409277025
2022-03-31 21:30:09,539.02
2022-03-31 21:30:14,539.03
2022-03-31 21:30:19,538.96
2022-03-31 21:30:24,538.96
2022-03-31 21:30:29,538.96
2022-03-31 21:30:34,542.6226250288066
2022-03-31 21:30:39,538.83
2022-03-31 21:30:44,542.5913197291748
2022-03-31 21:30:49,542.5756670793587
2022-03-31 21:30:54,538.83
2022-03-31 21:30:59,538.83
2022-03-31 21:31:04,538.83
2022-03-31 21:31:09,538.76
2022-03-31 21:31:14,538.77
2022-03-31 21:31:19,538.76
2022-03-31 21:31:24,538.73
2022-03-31 21:31:29,538.73
2022-03-31 21:31:34,538.73
2022-03-31 21:31:39,542.4191405811989
2022-03-31 21:31:44,538.76
2022-03-31 21:31:49,538.73
2022-03-31 21:31:54,542.372182631751
2022-03-31 21:31:59,538.76
2022-03-31 21:32:04,538.89
2022-03-31 21:32:09,538.83
2022-03-31 21:32:14,542.3095720324872
2022-03-31 21:32:19,538.96
2022-03-31 21:32:24,539.02
2022-03-31 21:32:29,539.02
2022-03-31 21:32:34,542.2469614332233
2022-03-31 21:32:39,539.12
2022-03-31 21:32:44,539.18
2022-03-31 21:32:49,539.25
2022-03-31 21:32:54,542.1843508339593
2022-03-31 21:32:59,539.35
2022-03-31 21:33:04,542.1530455343275
2022-03-31 21:33:09,542.1373928845114
2022-03-31 21:33:14,539.47
2022-03-31 21:33:19,539.57
2022-03-31 21:33:24,539.64
2022-03-31 21:33:29,539.7
2022-03-31 21:33:34,542.0591296354315
2022-03-31 21:33:39,539.8
2022-03-31 21:33:44,542.0360947189782
2022-03-31 21:33:49,539.93
2022-03-31 21:33:54,542.0182700120232
2022-03-31 21:33:59,542.0093576585458
2022-03-31 21:34:04,542.0004453050683
2022-03-31 21:34:09,540.09
2022-03-31 21:34:14,540.16
2022-03-31 21:34:19,540.22
2022-03-31 21:34:24,541.9647958911585
2022-03-31 21:34:29,541.9558835376811
2022-03-31 21:34:34,540.32
2022-03-31 21:34:39,540.32
2022-03-31 21:34:44,540.32
2022-03-31 21:34:49,541.9202341237711
2022-03-31 21:34:54,540.38
2022-03-31 21:34:59,541.9024094168161
2022-03-31 21:35:04,540.45
2022-03-31 21:35:09,540.45
2022-03-31 21:35:14,540.51
2022-03-31 21:35:19,540.51
2022-03-31 21:35:24,541.8578476494289
2022-03-31 21:35:29,540.58
2022-03-31 21:35:34,540.61
2022-03-31 21:35:39,540.58
2022-03-31 21:35:44,540.61
2022-03-31 21:35:49,540.61
2022-03-31 21:35:54,540.68
2022-03-31 21:35:59,541.7954611750865
2022-03-31 21:36:04,541.7865488216091
2022-03-31 21:36:09,540.74
2022-03-31 21:36:14,541.7687241146541
2022-03-31 21:36:19,540.74
2022-03-31 21:36:24,540.8
2022-03-31 21:36:29,540.81
2022-03-31 21:36:34,541.7330747007444
2022-03-31 21:36:39,540.81
2022-03-31 21:36:44,540.84
2022-03-31 21:36:49,540.84
2022-03-31 21:36:54,540.9
2022-03-31 21:36:59,541.688512933357
2022-03-31 21:37:04,541.6796005798795
2022-03-31 21:37:09,540.91
2022-03-31 21:37:14,540.97
2022-03-31 21:37:19,541.6528635194471
2022-03-31 21:37:24,541.1
2022-03-31 21:37:29,541.1
2022-03-31 21:37:34,541.6261264590148
2022-03-31 21:37:39,541.13
2022-03-31 21:37:44,541.2
2022-03-31 21:37:49,541.2
2022-03-31 21:37:54,541.5904770451049
2022-03-31 21:37:59,541.33
2022-03-31 21:38:04,541.36
2022-03-31 21:38:09,541.36
2022-03-31 21:38:14,541.5548276311949
2022-03-31 21:38:19,541.5459152777175
2022-03-31 21:38:24,541.53700292424
2022-03-31 21:38:29,541.62
2022-03-31 21:38:34,541.5191782172852
2022-03-31 21:38:39,541.5102658638077
2022-03-31 21:38:44,541.5013535103302
2022-03-31 21:38:49,541.78
2022-03-31 21:38:54,541.78
2022-03-31 21:38:59,541.4746164498978
2022-03-31 21:39:04,541.88
2022-03-31 21:39:09,541.4567917429429
2022-03-31 21:39:14,542.01
2022-03-31 21:39:19,541.4389670359878
2022-03-31 21:39:24,541.4300546825104
2022-03-31 21:39:29,541.421142329033
2022-03-31 21:39:34,542.17
2022-03-31 21:39:39,542.3
2022-03-31 21:39:44,541.3944052686006
2022-03-31 21:39:49,542.4
2022-03-31 21:39:54,542.46
2022-03-31 21:39:59,542.47
2022-03-31 21:40:04,541.3587558546907
2022-03-31 21:40:09,541.3498435012133
2022-03-31 21:40:14,542.66
2022-03-31 21:40:19,542.7
2022-03-31 21:40:24,542.7
2022-03-31 21:40:29,542.83
2022-03-31 21:40:34,542.83
2022-03-31 21:40:39,542.89
2022-03-31 21:40:44,542.99
2022-03-31 21:40:49,541.2785446733935
2022-03-31 21:40:54,543.05
2022-03-31 21:40:59,543.12
2022-03-31 21:41:04,541.2518076129611
2022-03-31 21:41:09,541.2428952594837
2022-03-31 21:41:14,543.22
2022-03-31 21:41:19,543.28
2022-03-31 21:41:24,543.28
2022-03-31 21:41:29,543.35
2022-03-31 21:41:34,543.35
2022-03-31 21:41:39,543.41
2022-03-31 21:41:44,543.41
2022-03-31 21:41:49,543.44
2022-03-31 21:41:54,543.44
2022-03-31 21:41:59,543.51
2022-03-31 21:42:04,543.51
2022-03-31 21:42:09,543.51
2022-03-31 21:42:14,541.1270346642766
2022-03-31 21:42:19,541.1181223107991
2022-03-31 21:42:24,543.58
2022-03-31 21:42:29,543.58
2022-03-31 21:42:34,543.58
2022-03-31 21:42:39,543.58
2022-03-31 21:42:44,543.58
2022-03-31 21:42:49,543.51
2022-03-31 21:42:54,543.51
2022-03-31 21:42:59,543.45
2022-03-31 21:43:04,541.0379111295019
2022-03-31 21:43:09,541.0289987760245
2022-03-31 21:43:14,543.45
2022-03-31 21:43:19,543.45
2022-03-31 21:43:24,541.0022617155921
2022-03-31 21:43:29,543.42
2022-03-31 21:43:34,543.42
2022-03-31 21:43:39,540.9755246551597
2022-03-31 21:43:44,543.35
2022-03-31 21:43:49,543.42
2022-03-31 21:43:54,543.42
2022-03-31 21:43:59,543.42
2022-03-31 21:44:04,543.35
2022-03-31 21:44:09,543.41
2022-03-31 21:44:14,543.35
2022-03-31 21:44:19,540.9042258273399
2022-03-31 21:44:24,543.35
2022-03-31 21:44:29,543.35
2022-03-31 21:44:34,543.35
2022-03-31 21:44:39,543.35
2022-03-31 21:44:44,543.35
2022-03-31 21:44:49,543.28
2022-03-31 21:44:54,543.28
2022-03-31 21:44:59,543.28
2022-03-31 21:45:04,543.28
2022-03-31 21:45:09,543.28
2022-03-31 21:45:14,543.22
2022-03-31 21:45:19,540.7972775856103
2022-03-31 21:45:24,543.28
2022-03-31 21:45:29,543.21
2022-03-31 21:45:34,540.7705405251779
2022-03-31 21:45:39,543.18
2022-03-31 21:45:44,540.7527158182231
2022-03-31 21:45:49,540.7438034647456
2022-03-31 21:45:54,540.7348911112681
2022-03-31 21:45:59,543.05
2022-03-31 21:46:04,543.11
2022-03-31 21:46:09,542.98
2022-03-31 21:46:14,542.98
2022-03-31 21:46:19,542.89
2022-03-31 21:46:24,542.88
2022-03-31 21:46:29,542.82
2022-03-31 21:46:34,542.75
2022-03-31 21:46:39,542.66
2022-03-31 21:46:44,542.59
2022-03-31 21:46:49,542.59
2022-03-31 21:46:54,542.46
2022-03-31 21:46:59,540.6190305160611
2022-03-31 21:47:04,542.36
2022-03-31 21:47:09,542.3
2022-03-31 21:47:14,540.5922934556287
2022-03-31 21:47:19,542.14
2022-03-31 21:47:24,540.5744687486737
2022-03-31 21:47:29,542.01
2022-03-31 21:47:34,540.5566440417188
2022-03-31 21:47:39,541.85
2022-03-31 21:47:44,541.78
2022-03-31 21:47:49,541.72
2022-03-31 21:47:54,541.56
2022-03-31 21:47:59,540.5248090344365
2022-03-31 21:48:04,541.42
2022-03-31 21:48:09,541.33
2022-03-31 21:48:14,541.2
2022-03-31 21:48:19,541.1
2022-03-31 21:48:24,540.97
2022-03-31 21:48:29,540.4954363629121
2022-03-31 21:48:34,540.75
2022-03-31 21:48:39,540.62
2022-03-31 21:48:44,540.53
2022-03-31 21:48:49,540.4758545818959
2022-03-31 21:48:54,540.4709591366418
2022-03-31 21:48:59,540.17
2022-03-31 21:49:04,540.4611682461338
2022-03-31 21:49:09,539.88
2022-03-31 21:49:14,540.4513773556256
2022-03-31 21:49:19,539.65
2022-03-31 21:49:24,539.5
2022-03-31 21:49:29,539.3
2022-03-31 21:49:34,539.21
2022-03-31 21:49:39,539.04
2022-03-31 21:49:44,540.4220046841011
2022-03-31 21:49:49,540.4171092388472
2022-03-31 21:49:54,538.75
2022-03-31 21:49:59,540.407318348339
2022-03-31 21:50:04,538.53
2022-03-31 21:50:09,540.3975274578308
2022-03-31 21:50:14,538.34
2022-03-31 21:50:19,538.24
2022-03-31 21:50:24,538.18
2022-03-31 21:50:29,540.3779456768145
2022-03-31 21:50:34,540.3730502315606
2022-03-31 21:50:39,537.95
2022-03-31 21:50:44,540.3632593410524
2022-03-31 21:50:49,540.3583638957983
2022-03-31 21:50:54,540.3534684505443
2022-03-31 21:50:59,540.3485730052902
2022-03-31 21:51:04,540.3436775600361
2022-03-31 21:51:09,537.37
2022-03-31 21:51:14,540.3338866695279
2022-03-31 21:51:19,537.21
2022-03-31 21:51:24,537.21
2022-03-31 21:51:29,537.15
2022-03-31 21:51:34,537.02
2022-03-31 21:51:39,536.99
2022-03-31 21:51:44,536.92
2022-03-31 21:51:49,540.2996185527495
2022-03-31 21:51:54,540.2947231074954
2022-03-31 21:51:59,536.7
2022-03-31 21:52:04,536.69
2022-03-31 21:52:09,540.2800367717333
2022-03-31 21:52:14,540.2751413264792
2022-03-31 21:52:19,540.2702458812252
2022-03-31 21:52:24,536.34
2022-03-31 21:52:29,536.27
2022-03-31 21:52:34,536.21
2022-03-31 21:52:39,536.17
2022-03-31 21:52:44,536.05
2022-03-31 21:52:49,535.98
2022-03-31 21:52:54,540.2359777644467
2022-03-31 21:52:59,540.2310823191926
2022-03-31 21:53:04,535.82
2022-03-31 21:53:09,535.69
2022-03-31 21:53:14,540.2163959834304
2022-03-31 21:53:19,540.2115005381763
2022-03-31 21:53:24,535.59
2022-03-31 21:53:29,535.46
2022-03-31 21:53:34,535.43
2022-03-31 21:53:39,535.43
2022-03-31 21:53:44,535.3
2022-03-31 21:53:49,535.3
2022-03-31 21:53:54,535.17
2022-03-31 21:53:59,535.17
2022-03-31 21:54:04,540.1674415308897
2022-03-31 21:54:09,535.07
2022-03-31 21:54:14,535.0
2022-03-31 21:54:19,540.1527551951276
2022-03-31 21:54:24,534.94
2022-03-31 21:54:29,534.9
2022-03-31 21:54:34,534.84
2022-03-31 21:54:39,540.1331734141113
2022-03-31 21:54:44,534.84
2022-03-31 21:54:49,534.77
2022-03-31 21:54:54,534.71
2022-03-31 21:54:59,534.71
2022-03-31 21:55:04,540.108696187841
2022-03-31 21:55:09,534.61
2022-03-31 21:55:14,534.61
2022-03-31 21:55:19,534.54
2022-03-31 21:55:24,534.54
2022-03-31 21:55:29,540.0842189615706
2022-03-31 21:55:34,534.48
2022-03-31 21:55:39,534.41
2022-03-31 21:55:44,534.41
2022-03-31 21:55:49,540.0646371805544
2022-03-31 21:55:54,540.0597417353003
2022-03-31 21:55:59,534.37
2022-03-31 21:56:04,534.37
2022-03-31 21:56:09,534.3
2022-03-31 21:56:14,540.040159954284
2022-03-31 21:56:19,534.24
2022-03-31 21:56:24,534.17
2022-03-31 21:56:29,534.18
2022-03-31 21:56:34,540.0205781732678
2022-03-31 21:56:39,534.08
2022-03-31 21:56:44,534.08
2022-03-31 21:56:49,534.01
2022-03-31 21:56:54,533.95
2022-03-31 21:56:59,539.9961009469974
2022-03-31 21:57:04,539.9912055017434
2022-03-31 21:57:09,533.88
2022-03-31 21:57:14,539.9814146112353
2022-03-31 21:57:19,533.78
2022-03-31 21:57:24,533.78
2022-03-31 21:57:29,533.72
2022-03-31 21:57:34,533.65
2022-03-31 21:57:39,533.65
2022-03-31 21:57:44,533.65
2022-03-31 21:57:49,533.59
2022-03-31 21:57:54,533.59
2022-03-31 21:57:59,533.56
2022-03-31 21:58:04,533.49
2022-03-31 21:58:09,533.49
2022-03-31 21:58:14,539.9226692681865
2022-03-31 21:58:19,539.9177738229324
2022-03-31 21:58:24,539.9128783776783
2022-03-31 21:58:29,533.36
2022-03-31 21:58:34,533.36
2022-03-31 21:58:39,533.33
2022-03-31 21:58:44,533.26
2022-03-31 21:58:49,539.8884011514081
2022-03-31 21:58:54,533.26
2022-03-31 21:58:59,533.26
2022-03-31 21:59:04,533.26
2022-03-31 21:59:09,533.26
2022-03-31 21:59:14,533.2
2022-03-31 21:59:19,533.2
2022-03-31 21:59:24,539.8541330346296
2022-03-31 21:59:29,533.2
2022-03-31 21:59:34,533.2
2022-03-31 21:59:39,539.8394466988674
2022-03-31 21:59:44,533.2
2022-03-31 21:59:49,533.2
2022-03-31 21:59:54,533.2
2022-03-31 21:59:59,533.2
2022-03-31 22:00:04,533.2
2022-03-31 22:00:09,533.14
2022-03-31 22:00:14,539.805178582089
2022-03-31 22:00:19,533.14
2022-03-31 22:00:24,533.14
2022-03-31 22:00:29,533.2
2022-03-31 22:00:34,539.7855968010726
2022-03-31 22:00:39,539.7807013558186
2022-03-31 22:00:44,533.13
2022-03-31 22:00:49,533.13
2022-03-31 22:00:54,533.2
2022-03-31 22:00:59,539.7611195748024
2022-03-31 22:01:04,533.13
2022-03-31 22:01:09,533.13
2022-03-31 22:01:14,539.7464332390401
2022-03-31 22:01:19,533.13
2022-03-31 22:01:24,533.2
2022-03-31 22:01:29,533.13
2022-03-31 22:01:34,539.7268514580239
2022-03-31 22:01:39,533.13
2022-03-31 22:01:44,533.13
2022-03-31 22:01:49,533.13
2022-03-31 22:01:54,533.12
2022-03-31 22:01:59,533.19
2022-03-31 22:02:04,533.12
2022-03-31 22:02:09,533.12
2022-03-31 22:02:14,533.19
2022-03-31 22:02:19,539.6347659478356
2022-03-31 22:02:24,533.19
2022-03-31 22:02:29,539.6092533770054
2022-03-31 22:02:34,539.5964970915903
2022-03-31 22:02:39,533.25
2022-03-31 22:02:44,539.5709845207601
2022-03-31 22:02:49,533.31
2022-03-31 22:02:54,533.31
2022-03-31 22:02:59,533.31
2022-03-31 22:03:04,539.5199593790998
2022-03-31 22:03:09,533.31
2022-03-31 22:03:14,539.4944468082696
2022-03-31 22:03:19,533.34
2022-03-31 22:03:24,533.4
2022-03-31 22:03:29,533.34
2022-03-31 22:03:34,539.4434216666092
2022-03-31 22:03:39,533.34
2022-03-31 22:03:44,533.4
2022-03-31 22:03:49,533.4
2022-03-31 22:03:54,533.4
2022-03-31 22:03:59,533.46
2022-03-31 22:04:04,533.46
2022-03-31 22:04:09,533.46
2022-03-31 22:04:14,533.46
2022-03-31 22:04:19,533.52
2022-03-31 22:04:24,533.52
2022-03-31 22:04:29,539.3031025270432
2022-03-31 22:04:34,533.55
2022-03-31 22:04:39,533.62
2022-03-31 22:04:44,539.2648336707979
2022-03-31 22:04:49,533.61
2022-03-31 22:04:54,533.68
2022-03-31 22:04:59,533.74
2022-03-31 22:05:04,533.74
2022-03-31 22:05:09,539.2010522437224
2022-03-31 22:05:14,539.1882959583073
2022-03-31 22:05:19,533.83
2022-03-31 22:05:24,533.83
2022-03-31 22:05:29,533.89
2022-03-31 22:05:34,533.89
2022-03-31 22:05:39,533.95
2022-03-31 22:05:44,533.95
2022-03-31 22:05:49,534.01
2022-03-31 22:05:54,539.0862456749866
2022-03-31 22:05:59,534.02
2022-03-31 22:06:04,534.01
2022-03-31 22:06:09,539.0479768187413
2022-03-31 22:06:14,534.01
2022-03-31 22:06:19,534.01
2022-03-31 22:06:24,534.04
2022-03-31 22:06:29,538.9969516770809
2022-03-31 22:06:34,534.01
2022-03-31 22:06:39,533.95
2022-03-31 22:06:44,538.9586828208356
2022-03-31 22:06:49,533.88
2022-03-31 22:06:54,538.9331702500054
2022-03-31 22:06:59,533.82
2022-03-31 22:07:04,533.78
2022-03-31 22:07:09,538.8949013937602
2022-03-31 22:07:14,538.8821451083451
2022-03-31 22:07:19,538.8693888229299
2022-03-31 22:07:24,533.52
2022-03-31 22:07:29,538.8438762520998
2022-03-31 22:07:34,533.42
2022-03-31 22:07:39,538.8183636812696
2022-03-31 22:07:44,533.27
2022-03-31 22:07:49,533.2
2022-03-31 22:07:54,533.13
2022-03-31 22:07:59,533.07
2022-03-31 22:08:04,532.97
2022-03-31 22:08:09,532.91
2022-03-31 22:08:14,532.91
2022-03-31 22:08:19,532.78
2022-03-31 22:08:24,532.75
2022-03-31 22:08:29,532.75
2022-03-31 22:08:34,532.62
2022-03-31 22:08:39,532.56
2022-03-31 22:08:44,538.6525319708734
2022-03-31 22:08:49,532.46
2022-03-31 22:08:54,538.6270194000432
2022-03-31 22:08:59,532.33
2022-03-31 22:09:04,532.27
2022-03-31 22:09:09,532.33
2022-03-31 22:09:14,532.27
2022-03-31 22:09:19,532.27
2022-03-31 22:09:24,532.24
2022-03-31 22:09:29,532.27
2022-03-31 22:09:34,538.5249691167223
2022-03-31 22:09:39,532.17
2022-03-31 22:09:44,538.4994565458923
2022-03-31 22:09:49,532.17
2022-03-31 22:09:54,538.473943975062
2022-03-31 22:09:59,532.17
2022-03-31 22:10:04,532.17
2022-03-31 22:10:09,538.4356751188167
2022-03-31 22:10:14,532.17
2022-03-31 22:10:19,532.24
2022-03-31 22:10:24,538.3974062625714
2022-03-31 22:10:29,532.24
2022-03-31 22:10:34,532.27
2022-03-31 22:10:39,532.27
2022-03-31 22:10:44,538.3463811209111
2022-03-31 22:10:49,532.34
2022-03-31 22:10:54,532.34
2022-03-31 22:10:59,532.4
2022-03-31 22:11:04,538.2953559792506
2022-03-31 22:11:09,532.46
2022-03-31 22:11:14,532.46
2022-03-31 22:11:19,538.2570871230054
2022-03-31 22:11:24,538.2443308375903
2022-03-31 22:11:29,538.2315745521753
2022-03-31 22:11:34,532.79
2022-03-31 22:11:39,532.92
2022-03-31 22:11:44,533.01
2022-03-31 22:11:49,533.08
2022-03-31 22:11:54,533.2
2022-03-31 22:11:59,533.3
2022-03-31 22:12:04,533.37
2022-03-31 22:12:09,533.53
2022-03-31 22:12:14,533.66
2022-03-31 22:12:19,533.78
2022-03-31 22:12:24,533.88
2022-03-31 22:12:29,534.04
2022-03-31 22:12:34,534.11
2022-03-31 22:12:39,534.3
2022-03-31 22:12:44,534.4
2022-03-31 22:12:49,538.0274739855337
2022-03-31 22:12:54,534.69
2022-03-31 22:12:59,538.0019614147036
2022-03-31 22:13:04,534.98
2022-03-31 22:13:09,535.07
2022-03-31 22:13:14,535.27
2022-03-31 22:13:19,537.9509362730431
2022-03-31 22:13:24,537.938179987628
2022-03-31 22:13:29,535.66
2022-03-31 22:13:34,535.85
2022-03-31 22:13:39,536.01
2022-03-31 22:13:44,536.11
2022-03-31 22:13:49,536.36
2022-03-31 22:13:54,536.53
2022-03-31 22:13:59,536.69
2022-03-31 22:14:04,537.8361297043073
2022-03-31 22:14:09,536.98
2022-03-31 22:14:14,537.8106171334771
2022-03-31 22:14:19,537.27
2022-03-31 22:14:24,537.43
2022-03-31 22:14:29,537.7723482772318
2022-03-31 22:14:34,537.72
2022-03-31 22:14:39,537.7468357064016
2022-03-31 22:14:44,537.7340794209865
2022-03-31 22:14:49,537.7213231355714
2022-03-31 22:14:54,537.7085668501563
2022-03-31 22:14:59,537.6958105647412
2022-03-31 22:15:04,537.6830542793261
2022-03-31 22:15:09,537.670297993911
2022-03-31 22:15:14,538.82
2022-03-31 22:15:19,538.88
2022-03-31 22:15:24,537.6320291376658
2022-03-31 22:15:29,539.17
2022-03-31 22:15:34,539.27
2022-03-31 22:15:39,539.4
2022-03-31 22:15:44,537.5810039960054
2022-03-31 22:15:49,539.56
2022-03-31 22:15:54,539.73
2022-03-31 22:15:59,539.79
2022-03-31 22:16:04,539.92
2022-03-31 22:16:09,540.02
2022-03-31 22:16:14,540.08
2022-03-31 22:16:19,540.15
2022-03-31 22:16:24,540.21
2022-03-31 22:16:29,540.37
2022-03-31 22:16:34,540.44
2022-03-31 22:16:39,537.8431084815903
2022-03-31 22:16:44,540.54
2022-03-31 22:16:49,540.73
2022-03-31 22:16:54,540.73
2022-03-31 22:16:59,540.83
2022-03-31 22:17:04,538.001638916625
2022-03-31 22:17:09,540.96
2022-03-31 22:17:14,541.06
2022-03-31 22:17:19,541.06
2022-03-31 22:17:24,541.12
2022-03-31 22:17:29,538.16016935166
2022-03-31 22:17:34,538.1918754386668
2022-03-31 22:17:39,541.35
2022-03-31 22:17:44,541.29
2022-03-31 22:17:49,541.41
2022-03-31 22:17:54,538.3186997866948
2022-03-31 22:17:59,538.3504058737018
2022-03-31 22:18:04,538.3821119607086
2022-03-31 22:18:09,541.54
2022-03-31 22:18:14,541.58
2022-03-31 22:18:19,538.4772302217298
2022-03-31 22:18:24,541.58
2022-03-31 22:18:29,541.58
2022-03-31 22:18:34,541.64
2022-03-31 22:18:39,541.71
2022-03-31 22:18:44,541.64
2022-03-31 22:18:49,541.65
2022-03-31 22:18:54,541.65
2022-03-31 22:18:59,541.65
2022-03-31 22:19:04,541.65
2022-03-31 22:19:09,538.7942910917992
2022-03-31 22:19:14,541.64
2022-03-31 22:19:19,538.8577032658133
2022-03-31 22:19:24,538.88940935282
2022-03-31 22:19:29,541.58
2022-03-31 22:19:34,541.64
2022-03-31 22:19:39,541.58
2022-03-31 22:19:44,539.016233700848
2022-03-31 22:19:49,541.48
2022-03-31 22:19:54,539.0796458748619
2022-03-31 22:19:59,541.42
2022-03-31 22:20:04,541.42
2022-03-31 22:20:09,541.42
2022-03-31 22:20:14,541.36
2022-03-31 22:20:19,541.29
2022-03-31 22:20:24,541.26
2022-03-31 22:20:29,539.3015884839107
2022-03-31 22:20:34,539.3332945709178
2022-03-31 22:20:39,539.3650006579245
2022-03-31 22:20:44,541.06
2022-03-31 22:20:49,541.06
2022-03-31 22:20:54,540.96
2022-03-31 22:20:59,539.4918250059525
2022-03-31 22:21:04,539.5235310929595
2022-03-31 22:21:09,539.5552371799663
2022-03-31 22:21:14,540.77
2022-03-31 22:21:19,540.74
2022-03-31 22:21:24,540.61
2022-03-31 22:21:29,540.54
2022-03-31 22:21:34,540.51
2022-03-31 22:21:39,540.44
2022-03-31 22:21:44,539.7771797890151
2022-03-31 22:21:49,539.8088858760223
2022-03-31 22:21:54,539.8405919630289
2022-03-31 22:21:59,540.09
2022-03-31 22:22:04,539.99
2022-03-31 22:22:09,539.87
2022-03-31 22:22:14,539.73
2022-03-31 22:22:19,539.64
2022-03-31 22:22:24,539.51
2022-03-31 22:22:29,539.41
2022-03-31 22:22:34,539.28
2022-03-31 22:22:39,539.18
2022-03-31 22:22:44,539.05
2022-03-31 22:22:49,538.96
2022-03-31 22:22:54,538.83
2022-03-31 22:22:59,538.7
2022-03-31 22:23:04,538.54
2022-03-31 22:23:09,538.37
2022-03-31 22:23:14,538.31
2022-03-31 22:23:19,540.3795954421475
2022-03-31 22:23:24,538.02
2022-03-31 22:23:29,540.4430076161614
2022-03-31 22:23:34,540.4747137031684
2022-03-31 22:23:39,537.57
2022-03-31 22:23:44,537.44
2022-03-31 22:23:49,537.34
2022-03-31 22:23:54,540.6015380511964
2022-03-31 22:23:59,537.05
2022-03-31 22:24:04,536.89
2022-03-31 22:24:09,536.82
2022-03-31 22:24:14,540.728362399224
2022-03-31 22:24:19,536.53
2022-03-31 22:24:24,536.47
2022-03-31 22:24:29,536.37
2022-03-31 22:24:34,536.31
2022-03-31 22:24:39,536.18
2022-03-31 22:24:44,536.11
2022-03-31 22:24:49,540.9503050082728
2022-03-31 22:24:54,536.02
2022-03-31 22:24:59,535.89
2022-03-31 22:25:04,535.86
2022-03-31 22:25:09,535.73
2022-03-31 22:25:14,535.66
2022-03-31 22:25:19,541.1405415303146
2022-03-31 22:25:24,535.57
2022-03-31 22:25:29,535.57
2022-03-31 22:25:34,541.2356597913356
2022-03-31 22:25:39,541.2673658783426
2022-03-31 22:25:44,535.37
2022-03-31 22:25:49,535.34
2022-03-31 22:25:54,541.3624841393635
2022-03-31 22:25:59,541.3941902263703
2022-03-31 22:26:04,541.4258963133773
2022-03-31 22:26:09,535.15
2022-03-31 22:26:14,541.4893084873911
2022-03-31 22:26:19,541.5210145743982
2022-03-31 22:26:24,541.5527206614053
2022-03-31 22:26:29,541.584426748412
2022-03-31 22:26:34,534.83
2022-03-31 22:26:39,534.77
2022-03-31 22:26:44,541.6795450094329
2022-03-31 22:26:49,541.71125109644
2022-03-31 22:26:54,541.7429571834471
2022-03-31 22:26:59,534.41
2022-03-31 22:27:04,534.32
2022-03-31 22:27:09,541.8380754444679
2022-03-31 22:27:14,534.13
2022-03-31 22:27:19,534.03
2022-03-31 22:27:24,533.97
2022-03-31 22:27:29,533.84
2022-03-31 22:27:34,533.68
2022-03-31 22:27:39,533.55
2022-03-31 22:27:44,542.0600180535168
2022-03-31 22:27:49,533.32
2022-03-31 22:27:54,533.29
2022-03-31 22:27:59,533.16
2022-03-31 22:28:04,533.04
2022-03-31 22:28:09,533.01
2022-03-31 22:28:14,542.2502545755585
2022-03-31 22:28:19,532.78
2022-03-31 22:28:24,542.3136667495723
2022-03-31 22:28:29,542.3453728365795
2022-03-31 22:28:34,532.52
2022-03-31 22:28:39,532.43
2022-03-31 22:28:44,542.4404910976003
2022-03-31 22:28:49,532.27
2022-03-31 22:28:54,532.14
2022-03-31 22:28:59,532.08
2022-03-31 22:29:04,531.98
2022-03-31 22:29:09,542.5990215326351
2022-03-31 22:29:14,531.79
2022-03-31 22:29:19,531.75
2022-03-31 22:29:24,531.63
2022-03-31 22:29:29,531.56
2022-03-31 22:29:34,531.5
2022-03-31 22:29:39,542.7892580546768
2022-03-31 22:29:44,542.8209641416839
2022-03-31 22:29:49,531.34
2022-03-31 22:29:54,531.24
2022-03-31 22:29:59,531.18
2022-03-31 22:30:04,531.05
2022-03-31 22:30:09,530.98
2022-03-31 22:30:14,530.98
2022-03-31 22:30:19,530.95
2022-03-31 22:30:24,530.83
2022-03-31 22:30:29,530.76
2022-03-31 22:30:34,530.76
2022-03-31 22:30:39,530.73
2022-03-31 22:30:44,530.73
2022-03-31 22:30:49,530.67
2022-03-31 22:30:54,542.9150689913439
2022-03-31 22:30:59,530.61
2022-03-31 22:31:04,530.61
2022-03-31 22:31:09,542.914724673619
2022-03-31 22:31:14,530.54
2022-03-31 22:31:19,530.48
2022-03-31 22:31:24,542.9143803558943
2022-03-31 22:31:29,542.9142655833193
2022-03-31 22:31:34,530.48
2022-03-31 22:31:39,530.48
2022-03-31 22:31:44,530.48
2022-03-31 22:31:49,542.9138064930196
2022-03-31 22:31:54,542.9136917204446
2022-03-31 22:31:59,530.48
2022-03-31 22:32:04,530.61
2022-03-31 22:32:09,542.9133474027199
2022-03-31 22:32:14,530.55
2022-03-31 22:32:19,530.61
2022-03-31 22:32:24,530.68
2022-03-31 22:32:29,542.9128883124201
2022-03-31 22:32:34,530.74
2022-03-31 22:32:39,530.78
2022-03-31 22:32:44,542.9125439946953
2022-03-31 22:32:49,530.97
2022-03-31 22:32:54,531.0
2022-03-31 22:32:59,531.2
2022-03-31 22:33:04,531.2
2022-03-31 22:33:09,542.9119701318206
2022-03-31 22:33:14,531.42
2022-03-31 22:33:19,531.52
2022-03-31 22:33:24,531.65
2022-03-31 22:33:29,531.81
2022-03-31 22:33:34,542.911396268946
2022-03-31 22:33:39,532.04
2022-03-31 22:33:44,532.17
2022-03-31 22:33:49,542.9110519512211
2022-03-31 22:33:54,532.46
2022-03-31 22:33:59,532.62
2022-03-31 22:34:04,542.9107076334964
2022-03-31 22:34:09,542.9105928609214
2022-03-31 22:34:14,533.08
2022-03-31 22:34:19,533.2
2022-03-31 22:34:24,533.49
2022-03-31 22:34:29,533.59
2022-03-31 22:34:34,533.79
2022-03-31 22:34:39,534.01
2022-03-31 22:34:44,534.11
2022-03-31 22:34:49,534.3
2022-03-31 22:34:54,534.47
2022-03-31 22:34:59,542.9094451351721
2022-03-31 22:35:04,542.9093303625971
2022-03-31 22:35:09,542.9092155900222
2022-03-31 22:35:14,535.21
2022-03-31 22:35:19,542.9089860448723
2022-03-31 22:35:24,535.63
2022-03-31 22:35:29,542.9087564997225
2022-03-31 22:35:34,536.02
2022-03-31 22:35:39,536.18
2022-03-31 22:35:44,536.44
2022-03-31 22:35:49,536.6
2022-03-31 22:35:54,542.9081826368478
2022-03-31 22:35:59,536.99
2022-03-31 22:36:04,537.28
2022-03-31 22:36:09,537.5
2022-03-31 22:36:14,537.73
2022-03-31 22:36:19,537.92
2022-03-31 22:36:24,538.15
2022-03-31 22:36:29,542.9073792288232
2022-03-31 22:36:34,542.9072644562483
2022-03-31 22:36:39,538.73
2022-03-31 22:36:44,538.96
2022-03-31 22:36:49,539.12
2022-03-31 22:36:54,539.28
2022-03-31 22:36:59,539.54
2022-03-31 22:37:04,539.7
2022-03-31 22:37:09,539.86
2022-03-31 22:37:14,540.05
2022-03-31 22:37:19,542.9062315030739
2022-03-31 22:37:24,540.31
2022-03-31 22:37:29,542.906001957924
2022-03-31 22:37:34,542.905887185349
2022-03-31 22:37:39,540.79
2022-03-31 22:37:44,540.95
2022-03-31 22:37:49,541.11
2022-03-31 22:37:54,541.24
2022-03-31 22:37:59,541.34
2022-03-31 22:38:04,541.47
2022-03-31 22:38:09,541.6
2022-03-31 22:38:14,542.9049690047495
2022-03-31 22:38:19,541.82
2022-03-31 22:38:24,541.92
2022-03-31 22:38:29,542.11
2022-03-31 22:38:34,542.14
2022-03-31 22:38:39,542.21
2022-03-31 22:38:44,542.9042803693
2022-03-31 22:38:49,542.37
2022-03-31 22:38:54,542.5
2022-03-31 22:38:59,542.63
2022-03-31 22:39:04,542.66
2022-03-31 22:39:09,542.9037065064252
2022-03-31 22:39:14,542.72
2022-03-31 22:39:19,542.78
2022-03-31 22:39:24,542.9033621887005
2022-03-31 22:39:29,542.94
2022-03-31 22:39:34,542.9031326435506
2022-03-31 22:39:39,543.0
2022-03-31 22:39:44,543.07
2022-03-31 22:39:49,543.07
2022-03-31 22:39:54,543.13
2022-03-31 22:39:59,542.9025587806759
2022-03-31 22:40:04,542.9024440081009
2022-03-31 22:40:09,542.902329235526
2022-03-31 22:40:14,542.9022144629511
2022-03-31 22:40:19,543.29
2022-03-31 22:40:24,543.29
2022-03-31 22:40:29,543.29
2022-03-31 22:40:34,543.35
2022-03-31 22:40:39,542.9016406000765
2022-03-31 22:40:44,543.38
2022-03-31 22:40:49,543.38
2022-03-31 22:40:54,542.9012962823516
2022-03-31 22:40:59,543.45
2022-03-31 22:41:04,542.9010667372017
2022-03-31 22:41:09,543.45
2022-03-31 22:41:14,543.45
2022-03-31 22:41:19,542.9007224194769
2022-03-31 22:41:24,543.51
2022-03-31 22:41:29,542.900492874327
2022-03-31 22:41:34,543.51
2022-03-31 22:41:39,542.9002633291772
2022-03-31 22:41:44,543.44
2022-03-31 22:41:49,542.9000337840273
2022-03-31 22:41:54,542.8999190114524
2022-03-31 22:41:59,542.8998042388774
2022-03-31 22:42:04,543.38
2022-03-31 22:42:09,542.8995746937276
2022-03-31 22:42:14,542.8994599211527
2022-03-31 22:42:19,543.28
2022-03-31 22:42:24,542.8992303760028
2022-03-31 22:42:29,542.8991156034278
2022-03-31 22:42:34,543.15
2022-03-31 22:42:39,543.15
2022-03-31 22:42:44,542.898771285703
2022-03-31 22:42:49,543.05
2022-03-31 22:42:54,542.99
2022-03-31 22:42:59,542.99
2022-03-31 22:43:04,542.83
2022-03-31 22:43:09,542.83
2022-03-31 22:43:14,542.77
2022-03-31 22:43:19,542.7
2022-03-31 22:43:24,542.63
2022-03-31 22:43:29,542.8977383325287
2022-03-31 22:43:34,542.48
2022-03-31 22:43:39,542.48
2022-03-31 22:43:44,542.41
2022-03-31 22:43:49,542.25
2022-03-31 22:43:54,542.25
2022-03-31 22:43:59,542.12
2022-03-31 22:44:04,542.8969349245041
2022-03-31 22:44:09,541.96
2022-03-31 22:44:14,541.9
2022-03-31 22:44:19,541.84
2022-03-31 22:44:24,541.74
2022-03-31 22:44:29,541.61
2022-03-31 22:44:34,541.51
2022-03-31 22:44:39,541.51
2022-03-31 22:44:44,541.32
2022-03-31 22:44:49,541.29
2022-03-31 22:44:54,542.8120924587992
2022-03-31 22:44:59,542.8035521519221
2022-03-31 22:45:04,541.1
2022-03-31 22:45:09,541.0
2022-03-31 22:45:14,541.0
2022-03-31 22:45:19,540.88
2022-03-31 22:45:24,540.81
2022-03-31 22:45:29,540.78
2022-03-31 22:45:34,540.65
2022-03-31 22:45:39,540.59
2022-03-31 22:45:44,540.56
2022-03-31 22:45:49,540.43
2022-03-31 22:45:54,540.43
2022-03-31 22:45:59,542.701068469398
2022-03-31 22:46:04,542.6925281625211
2022-03-31 22:46:09,540.14
2022-03-31 22:46:14,542.675447548767
2022-03-31 22:46:19,539.98
2022-03-31 22:46:24,539.92
2022-03-31 22:46:29,539.85
2022-03-31 22:46:34,542.641286321259
2022-03-31 22:46:39,542.6327460143821
2022-03-31 22:46:44,542.624205707505
2022-03-31 22:46:49,539.53
2022-03-31 22:46:54,539.47
2022-03-31 22:46:59,542.598584786874
2022-03-31 22:47:04,542.590044479997
2022-03-31 22:47:09,542.58150417312
2022-03-31 22:47:14,539.18
2022-03-31 22:47:19,539.05
2022-03-31 22:47:24,539.02
2022-03-31 22:47:29,542.547342945612
2022-03-31 22:47:34,538.89
2022-03-31 22:47:39,538.76
2022-03-31 22:47:44,538.67
2022-03-31 22:47:49,538.54
2022-03-31 22:47:54,542.504641411227
2022-03-31 22:47:59,538.38
2022-03-31 22:48:04,538.32
2022-03-31 22:48:09,538.22
2022-03-31 22:48:14,538.15
2022-03-31 22:48:19,538.09
2022-03-31 22:48:24,542.453399569965
2022-03-31 22:48:29,542.444859263088
2022-03-31 22:48:34,542.4363189562109
2022-03-31 22:48:39,537.74
2022-03-31 22:48:44,537.71
2022-03-31 22:48:49,537.58
2022-03-31 22:48:54,537.52
2022-03-31 22:48:59,542.393617421826
2022-03-31 22:49:04,537.42
2022-03-31 22:49:09,542.3765368080719
2022-03-31 22:49:14,542.367996501195
2022-03-31 22:49:19,537.19
2022-03-31 22:49:24,537.13
2022-03-31 22:49:29,537.0
2022-03-31 22:49:34,542.3338352736869
2022-03-31 22:49:39,542.3252949668099
2022-03-31 22:49:44,542.3167546599329
2022-03-31 22:49:49,536.78
2022-03-31 22:49:54,536.78
2022-03-31 22:49:59,536.72
2022-03-31 22:50:04,536.68
2022-03-31 22:50:09,536.62
2022-03-31 22:50:14,536.56
2022-03-31 22:50:19,536.49
2022-03-31 22:50:24,536.49
2022-03-31 22:50:29,536.46
2022-03-31 22:50:34,536.5
2022-03-31 22:50:39,536.46
2022-03-31 22:50:44,536.47
2022-03-31 22:50:49,536.4
2022-03-31 22:50:54,542.1971903636548
2022-03-31 22:50:59,536.34
2022-03-31 22:51:04,542.1801097499008
2022-03-31 22:51:09,542.1715694430238
2022-03-31 22:51:14,536.4
2022-03-31 22:51:19,536.41
2022-03-31 22:51:24,536.41
2022-03-31 22:51:29,536.34
2022-03-31 22:51:34,536.41
2022-03-31 22:51:39,542.1203276017618
2022-03-31 22:51:44,542.1117872948848
2022-03-31 22:51:49,536.48
2022-03-31 22:51:54,542.0947066811308
2022-03-31 22:51:59,536.57
2022-03-31 22:52:04,536.58
2022-03-31 22:52:09,536.58
2022-03-31 22:52:14,536.71
2022-03-31 22:52:19,536.71
2022-03-31 22:52:24,542.0434648398688
2022-03-31 22:52:29,536.87
2022-03-31 22:52:34,536.94
2022-03-31 22:52:39,536.94
2022-03-31 22:52:44,537.0
2022-03-31 22:52:49,537.1
2022-03-31 22:52:54,541.9922229986067
2022-03-31 22:52:59,541.9836826917298
2022-03-31 22:53:04,537.27
2022-03-31 22:53:09,537.33
2022-03-31 22:53:14,537.4
2022-03-31 22:53:19,537.53
2022-03-31 22:53:24,537.56
2022-03-31 22:53:29,537.62
2022-03-31 22:53:34,537.69
2022-03-31 22:53:39,537.79
2022-03-31 22:53:44,537.85
2022-03-31 22:53:49,537.85
2022-03-31 22:53:54,537.98
2022-03-31 22:53:59,537.98
2022-03-31 22:54:04,538.08
2022-03-31 22:54:09,538.08
2022-03-31 22:54:14,538.21
2022-03-31 22:54:19,538.21
2022-03-31 22:54:24,541.8384974748207
2022-03-31 22:54:29,538.3
2022-03-31 22:54:34,541.8214168610667
2022-03-31 22:54:39,538.37
2022-03-31 22:54:44,538.44
2022-03-31 22:54:49,541.7957959404357
2022-03-31 22:54:54,538.57
2022-03-31 22:54:59,538.57
2022-03-31 22:55:04,541.7701750198047
2022-03-31 22:55:09,541.7616347129276
2022-03-31 22:55:14,538.6
2022-03-31 22:55:19,538.6
2022-03-31 22:55:24,538.66
2022-03-31 22:55:29,538.73
2022-03-31 22:55:34,541.7189331785427
2022-03-31 22:55:39,541.7103928716656
2022-03-31 22:55:44,538.79
2022-03-31 22:55:49,538.8
2022-03-31 22:55:54,541.6847719510346
2022-03-31 22:55:59,538.89
2022-03-31 22:56:04,538.89
2022-03-31 22:56:09,538.95
2022-03-31 22:56:14,538.95
2022-03-31 22:56:19,538.95
2022-03-31 22:56:24,541.6335301097726
2022-03-31 22:56:29,539.02
2022-03-31 22:56:34,541.6164494960186
2022-03-31 22:56:39,539.02
2022-03-31 22:56:44,539.08
2022-03-31 22:56:49,539.08
2022-03-31 22:56:54,539.12
2022-03-31 22:56:59,539.08
2022-03-31 22:57:04,541.5652076547566
2022-03-31 22:57:09,541.5566673478796
2022-03-31 22:57:14,539.11
2022-03-31 22:57:19,541.5395867341256
2022-03-31 22:57:24,541.5310464272486
2022-03-31 22:57:29,539.12
2022-03-31 22:57:34,539.18
2022-03-31 22:57:39,539.18
2022-03-31 22:57:44,541.4968851997405
2022-03-31 22:57:49,541.4883448928634
2022-03-31 22:57:54,539.24
2022-03-31 22:57:59,541.4712642791095
2022-03-31 22:58:04,541.4627239722324
2022-03-31 22:58:09,539.24
2022-03-31 22:58:14,539.31
2022-03-31 22:58:19,539.24
2022-03-31 22:58:24,541.4874769843003
2022-03-31 22:58:29,541.4994303305365
2022-03-31 22:58:34,539.3
2022-03-31 22:58:39,539.3
2022-03-31 22:58:44,539.24
2022-03-31 22:58:49,539.3
2022-03-31 22:58:54,541.5591970617169
2022-03-31 22:58:59,539.23
2022-03-31 22:59:04,539.3
2022-03-31 22:59:09,539.23
2022-03-31 22:59:14,539.23
2022-03-31 22:59:19,541.6189637928974
2022-03-31 22:59:24,539.3
2022-03-31 22:59:29,539.3
2022-03-31 22:59:34,539.23
2022-03-31 22:59:39,539.23
2022-03-31 22:59:44,539.23
2022-03-31 22:59:49,539.23
2022-03-31 22:59:54,539.23
2022-03-31 22:59:59,539.23
2022-03-31 23:00:04,541.7265439090223
2022-03-31 23:00:09,539.17
2022-03-31 23:00:14,539.23
2022-03-31 23:00:19,539.17
2022-03-31 23:00:24,539.17
2022-03-31 23:00:29,541.7863106402027
2022-03-31 23:00:34,539.17
2022-03-31 23:00:39,539.17
2022-03-31 23:00:44,541.822170678911
2022-03-31 23:00:49,541.8341240251472
2022-03-31 23:00:54,539.1
2022-03-31 23:00:59,541.8580307176193
2022-03-31 23:01:04,539.1
2022-03-31 23:01:09,539.1
2022-03-31 23:01:14,541.8938907563276
2022-03-31 23:01:19,541.9058441025637
2022-03-31 23:01:24,539.07
2022-03-31 23:01:29,541.9297507950358
2022-03-31 23:01:34,539.07
2022-03-31 23:01:39,539.07
2022-03-31 23:01:44,541.9656108337441
2022-03-31 23:01:49,539.07
2022-03-31 23:01:54,539.1
2022-03-31 23:01:59,539.1
2022-03-31 23:02:04,542.0134242186886
2022-03-31 23:02:09,539.1
2022-03-31 23:02:14,539.11
2022-03-31 23:02:19,539.17
2022-03-31 23:02:24,539.17
2022-03-31 23:02:29,542.073190949869
2022-03-31 23:02:34,539.24
2022-03-31 23:02:39,539.3
2022-03-31 23:02:44,539.24
2022-03-31 23:02:49,539.3
2022-03-31 23:02:54,542.1329576810496
2022-03-31 23:02:59,539.3
2022-03-31 23:03:04,539.34
2022-03-31 23:03:09,539.3
2022-03-31 23:03:14,539.34
2022-03-31 23:03:19,542.19272441223
2022-03-31 23:03:24,539.34
2022-03-31 23:03:29,542.2166311047022
2022-03-31 23:03:34,539.34
2022-03-31 23:03:39,539.4
2022-03-31 23:03:44,542.2524911434105
2022-03-31 23:03:49,539.34
2022-03-31 23:03:54,542.2763978358827
2022-03-31 23:03:59,542.2883511821187
2022-03-31 23:04:04,539.46
2022-03-31 23:04:09,539.46
2022-03-31 23:04:14,539.46
2022-03-31 23:04:19,539.46
2022-03-31 23:04:24,539.4
2022-03-31 23:04:29,539.46
2022-03-31 23:04:34,539.53
2022-03-31 23:04:39,539.53
2022-03-31 23:04:44,542.3959312982436
2022-03-31 23:04:49,542.4078846444797
2022-03-31 23:04:54,542.4198379907158
2022-03-31 23:04:59,539.53
2022-03-31 23:05:04,542.443744683188
2022-03-31 23:05:09,542.4556980294241
2022-03-31 23:05:14,539.52
2022-03-31 23:05:19,539.59
2022-03-31 23:05:24,539.52
2022-03-31 23:05:29,539.52
2022-03-31 23:05:34,539.59
2022-03-31 23:05:39,539.52
2022-03-31 23:05:44,539.59
2022-03-31 23:05:49,542.5513247993129
2022-03-31 23:05:54,542.5632781455489
2022-03-31 23:05:59,539.52
2022-03-31 23:06:04,539.52
2022-03-31 23:06:09,539.52
2022-03-31 23:06:14,542.6110915304934
2022-03-31 23:06:19,539.52
2022-03-31 23:06:24,542.6349982229655
2022-03-31 23:06:29,542.6469515692016
2022-03-31 23:06:34,539.58
2022-03-31 23:06:39,542.6708582616739
2022-03-31 23:06:44,539.61
2022-03-31 23:06:49,539.58
2022-03-31 23:06:54,539.61
2022-03-31 23:06:59,539.58
2022-03-31 23:07:04,539.58
2022-03-31 23:07:09,539.61
2022-03-31 23:07:14,539.61
2022-03-31 23:07:19,539.6
2022-03-31 23:07:24,539.6
2022-03-31 23:07:29,542.7903917240347
2022-03-31 23:07:34,542.8023450702708
2022-03-31 23:07:39,542.814298416507
2022-03-31 23:07:44,542.826251762743
2022-03-31 23:07:49,539.73
2022-03-31 23:07:54,542.8501584552153
2022-03-31 23:07:59,542.8621118014513
2022-03-31 23:08:04,542.8740651476874
2022-03-31 23:08:09,542.8860184939235
2022-03-31 23:08:14,539.73
2022-03-31 23:08:19,539.79
2022-03-31 23:08:24,542.9218785326318
2022-03-31 23:08:29,542.933831878868
2022-03-31 23:08:34,539.79
2022-03-31 23:08:39,539.78
2022-03-31 23:08:44,539.78
2022-03-31 23:08:49,539.81
2022-03-31 23:08:54,542.9935986100484
2022-03-31 23:08:59,539.78
2022-03-31 23:09:04,539.81
2022-03-31 23:09:09,539.78
2022-03-31 23:09:14,539.81
2022-03-31 23:09:19,539.81
2022-03-31 23:09:24,543.0653186874649
2022-03-31 23:09:29,539.81
2022-03-31 23:09:34,539.78
2022-03-31 23:09:39,539.81
2022-03-31 23:09:44,539.81
2022-03-31 23:09:49,543.1250854186453
2022-03-31 23:09:54,539.81
2022-03-31 23:09:59,543.1489921111176
2022-03-31 23:10:04,539.81
2022-03-31 23:10:09,539.87
2022-03-31 23:10:14,539.94
2022-03-31 23:10:19,543.196805496062
2022-03-31 23:10:24,539.94
2022-03-31 23:10:29,539.93
2022-03-31 23:10:34,539.93
2022-03-31 23:10:39,539.93
2022-03-31 23:10:44,543.2565722272425
2022-03-31 23:10:49,540.0
2022-03-31 23:10:54,539.93
2022-03-31 23:10:59,540.0
2022-03-31 23:11:04,539.93
2022-03-31 23:11:09,540.0
2022-03-31 23:11:14,543.328292304659
2022-03-31 23:11:19,540.06
2022-03-31 23:11:24,540.0
2022-03-31 23:11:29,543.3641523433673
2022-03-31 23:11:34,540.06
2022-03-31 23:11:39,543.3880590358395
2022-03-31 23:11:44,540.0
2022-03-31 23:11:49,540.0
2022-03-31 23:11:54,540.07
2022-03-31 23:11:59,540.0
2022-03-31 23:12:04,540.06
2022-03-31 23:12:09,543.4597791132561
2022-03-31 23:12:14,543.4717324594922
2022-03-31 23:12:19,540.06
2022-03-31 23:12:24,540.1
2022-03-31 23:12:29,540.06
2022-03-31 23:12:34,543.3315962984718
2022-03-31 23:12:39,540.1
2022-03-31 23:12:44,540.06
2022-03-31 23:12:49,540.06
2022-03-31 23:12:54,540.07
2022-03-31 23:12:59,540.07
2022-03-31 23:13:04,543.1078018590028
2022-03-31 23:13:09,540.0
2022-03-31 23:13:14,540.0
2022-03-31 23:13:19,540.0
2022-03-31 23:13:24,539.93
2022-03-31 23:13:29,539.87
2022-03-31 23:13:34,539.81
2022-03-31 23:13:39,542.8467083462893
2022-03-31 23:13:44,539.81
2022-03-31 23:13:49,539.81
2022-03-31 23:13:54,539.81
2022-03-31 23:13:59,542.69751205331
2022-03-31 23:14:04,542.660212980065
2022-03-31 23:14:09,542.6229139068204
2022-03-31 23:14:14,539.58
2022-03-31 23:14:19,542.5483157603305
2022-03-31 23:14:24,539.49
2022-03-31 23:14:29,539.42
2022-03-31 23:14:34,539.3
2022-03-31 23:14:39,539.26
2022-03-31 23:14:44,542.3618203941065
2022-03-31 23:14:49,542.3245213208615
2022-03-31 23:14:54,542.2872222476167
2022-03-31 23:14:59,538.97
2022-03-31 23:15:04,542.2126241011272
2022-03-31 23:15:09,542.1753250278822
2022-03-31 23:15:14,538.62
2022-03-31 23:15:19,542.1007268813927
2022-03-31 23:15:24,538.46
2022-03-31 23:15:29,538.33
2022-03-31 23:15:34,538.27
2022-03-31 23:15:39,541.9515305884132
2022-03-31 23:15:44,538.04
2022-03-31 23:15:49,537.95
2022-03-31 23:15:54,541.8396333686787
2022-03-31 23:15:59,537.75
2022-03-31 23:16:04,537.72
2022-03-31 23:16:09,537.53
2022-03-31 23:16:14,537.49
2022-03-31 23:16:19,541.6531380024547
2022-03-31 23:16:24,541.6158389292099
2022-03-31 23:16:29,541.5785398559652
2022-03-31 23:16:34,541.5412407827204
2022-03-31 23:16:39,537.14
2022-03-31 23:16:44,541.4666426362307
2022-03-31 23:16:49,536.92
2022-03-31 23:16:54,536.85
2022-03-31 23:16:59,541.3547454164964
2022-03-31 23:17:04,536.69
2022-03-31 23:17:09,536.63
2022-03-31 23:17:14,541.2428481967619
2022-03-31 23:17:19,541.2055491235169
2022-03-31 23:17:24,536.4
2022-03-31 23:17:29,536.28
2022-03-31 23:17:34,541.0936519037824
2022-03-31 23:17:39,536.12
2022-03-31 23:17:44,536.11
2022-03-31 23:17:49,540.9817546840479
2022-03-31 23:17:54,535.89
2022-03-31 23:17:59,535.89
2022-03-31 23:18:04,535.83
2022-03-31 23:18:09,540.8325583910686
2022-03-31 23:18:14,535.7
2022-03-31 23:18:19,535.6
2022-03-31 23:18:24,535.54
2022-03-31 23:18:29,540.6833620980894
2022-03-31 23:18:34,535.48
2022-03-31 23:18:39,535.38
2022-03-31 23:18:44,540.5714648783551
2022-03-31 23:18:49,535.25
2022-03-31 23:18:54,535.19
2022-03-31 23:18:59,535.16
2022-03-31 23:19:04,540.4222685853756
2022-03-31 23:19:09,535.03
2022-03-31 23:19:14,535.03
2022-03-31 23:19:19,534.93
2022-03-31 23:19:24,534.87
2022-03-31 23:19:29,534.74
2022-03-31 23:19:34,540.1984741459066
2022-03-31 23:19:39,534.68
2022-03-31 23:19:44,534.65
2022-03-31 23:19:49,534.59
2022-03-31 23:19:54,534.52
2022-03-31 23:19:59,534.45
2022-03-31 23:20:04,534.42
2022-03-31 23:20:09,534.3
2022-03-31 23:20:14,534.23
2022-03-31 23:20:19,534.23
2022-03-31 23:20:24,534.17
2022-03-31 23:20:29,534.14
2022-03-31 23:20:34,534.07
2022-03-31 23:20:39,534.01
2022-03-31 23:20:44,534.01
2022-03-31 23:20:49,539.6389880472343
2022-03-31 23:20:54,533.91
2022-03-31 23:20:59,533.85
2022-03-31 23:21:04,533.79
2022-03-31 23:21:09,539.489791754255
2022-03-31 23:21:14,539.45249268101
2022-03-31 23:21:19,533.72
2022-03-31 23:21:24,539.3778945345205
2022-03-31 23:21:29,539.3405954612755
2022-03-31 23:21:34,539.303296388031
2022-03-31 23:21:39,533.66
2022-03-31 23:21:44,533.63
2022-03-31 23:21:49,533.63
2022-03-31 23:21:54,533.63
2022-03-31 23:21:59,533.63
2022-03-31 23:22:04,533.63
2022-03-31 23:22:09,533.63
2022-03-31 23:22:14,533.63
2022-03-31 23:22:19,538.9676047288275
2022-03-31 23:22:24,538.9303056555825
2022-03-31 23:22:29,533.66
2022-03-31 23:22:34,538.855707509093
2022-03-31 23:22:39,533.66
2022-03-31 23:22:44,533.66
2022-03-31 23:22:49,538.7438102893586
2022-03-31 23:22:54,533.73
2022-03-31 23:22:59,533.79
2022-03-31 23:23:04,533.79
2022-03-31 23:23:09,533.79
2022-03-31 23:23:14,533.86
2022-03-31 23:23:19,538.5200158498897
2022-03-31 23:23:24,533.95
2022-03-31 23:23:29,538.4454177033997
2022-03-31 23:23:34,538.4081186301552
2022-03-31 23:23:39,534.15
2022-03-31 23:23:44,534.18
2022-03-31 23:23:49,534.31
2022-03-31 23:23:54,534.44
2022-03-31 23:23:59,538.2216232639308
2022-03-31 23:24:04,538.1843241906859
2022-03-31 23:24:09,538.1470251174413
2022-03-31 23:24:14,534.82
2022-03-31 23:24:19,534.98
2022-03-31 23:24:24,538.0351278977068
2022-03-31 23:24:29,535.21
2022-03-31 23:24:34,535.34
2022-03-31 23:24:39,535.46
2022-03-31 23:24:44,535.63
2022-03-31 23:24:49,535.72
2022-03-31 23:24:54,535.92
2022-03-31 23:24:59,535.98
2022-03-31 23:25:04,537.736735311748
2022-03-31 23:25:09,536.3
2022-03-31 23:25:14,536.43
2022-03-31 23:25:19,536.59
2022-03-31 23:25:24,536.72
2022-03-31 23:25:29,536.81
2022-03-31 23:25:34,537.0
2022-03-31 23:25:39,537.4756417990345
2022-03-31 23:25:44,537.4383427257895
2022-03-31 23:25:49,537.39
2022-03-31 23:25:54,537.52
2022-03-31 23:25:59,537.68
2022-03-31 23:26:04,537.77
2022-03-31 23:26:09,537.9
2022-03-31 23:26:14,537.2145482863206
2022-03-31 23:26:19,538.19
2022-03-31 23:26:24,538.35
2022-03-31 23:26:29,538.48
2022-03-31 23:26:34,538.54
2022-03-31 23:26:39,538.64
2022-03-31 23:26:44,538.77
2022-03-31 23:26:49,538.86
2022-03-31 23:26:54,538.99
2022-03-31 23:26:59,539.05
2022-03-31 23:27:04,537.3353398112399
2022-03-31 23:27:09,539.28
2022-03-31 23:27:14,537.3735116015166
2022-03-31 23:27:19,537.3925974966551
2022-03-31 23:27:24,539.5
2022-03-31 23:27:29,539.6
2022-03-31 23:27:34,539.67
2022-03-31 23:27:39,537.4689410772085
2022-03-31 23:27:44,537.4880269723469
2022-03-31 23:27:49,539.89
2022-03-31 23:27:54,540.02
2022-03-31 23:27:59,540.08
2022-03-31 23:28:04,537.5643705529005
2022-03-31 23:28:09,540.25
2022-03-31 23:28:14,540.34
2022-03-31 23:28:19,540.34
2022-03-31 23:28:24,537.640714133454
2022-03-31 23:28:29,540.54
2022-03-31 23:28:34,540.54
2022-03-31 23:28:39,540.63
2022-03-31 23:28:44,540.7
2022-03-31 23:28:49,540.7
2022-03-31 23:28:54,540.76
2022-03-31 23:28:59,540.76
2022-03-31 23:29:04,540.82
2022-03-31 23:29:09,537.8124871896995
2022-03-31 23:29:14,540.86
2022-03-31 23:29:19,540.92
2022-03-31 23:29:24,540.92
2022-03-31 23:29:29,540.92
2022-03-31 23:29:34,537.9079166653913
2022-03-31 23:29:39,540.99
2022-03-31 23:29:44,537.946088455668
2022-03-31 23:29:49,541.06
2022-03-31 23:29:54,541.05
2022-03-31 23:29:59,538.0033461410831
2022-03-31 23:30:04,541.05
2022-03-31 23:30:09,541.06
2022-03-31 23:30:14,541.06
2022-03-31 23:30:19,538.0796897216367
2022-03-31 23:30:24,541.05
2022-03-31 23:30:29,541.06
2022-03-31 23:30:34,541.06
2022-03-31 23:30:39,538.1560333021903
2022-03-31 23:30:44,540.99
2022-03-31 23:30:49,540.93
2022-03-31 23:30:54,540.92
2022-03-31 23:30:59,540.86
2022-03-31 23:31:04,540.76
2022-03-31 23:31:09,538.2705486730205
2022-03-31 23:31:14,540.63
2022-03-31 23:31:19,538.3087204632972
2022-03-31 23:31:24,540.54
2022-03-31 23:31:29,540.47
2022-03-31 23:31:34,540.41
2022-03-31 23:31:39,540.31
2022-03-31 23:31:44,538.404149938989
2022-03-31 23:31:49,538.4232358341275
2022-03-31 23:31:54,540.12
2022-03-31 23:31:59,540.02
2022-03-31 23:32:04,538.4804935195426
2022-03-31 23:32:09,539.89
2022-03-31 23:32:14,539.83
2022-03-31 23:32:19,538.5377512049577
2022-03-31 23:32:24,539.73
2022-03-31 23:32:29,539.57
2022-03-31 23:32:34,539.5
2022-03-31 23:32:39,539.44
2022-03-31 23:32:44,538.6331806806497
2022-03-31 23:32:49,539.28
2022-03-31 23:32:54,539.21
2022-03-31 23:32:59,539.08
2022-03-31 23:33:04,538.7095242612031
2022-03-31 23:33:09,538.7286101563416
2022-03-31 23:33:14,538.76
2022-03-31 23:33:19,538.7667819466183
2022-03-31 23:33:24,538.53
2022-03-31 23:33:29,538.47
2022-03-31 23:33:34,538.34
2022-03-31 23:33:39,538.24
2022-03-31 23:33:44,538.8622114223102
2022-03-31 23:33:49,538.01
2022-03-31 23:33:54,537.88
2022-03-31 23:33:59,537.75
2022-03-31 23:34:04,537.66
2022-03-31 23:34:09,538.9576408980021
2022-03-31 23:34:14,538.9767267931405
2022-03-31 23:34:19,538.9958126882788
2022-03-31 23:34:24,537.2
2022-03-31 23:34:29,537.07
2022-03-31 23:34:34,539.0530703736939
2022-03-31 23:34:39,539.0721562688324
2022-03-31 23:34:44,536.71
2022-03-31 23:34:49,539.1103280591091
2022-03-31 23:34:54,536.49
2022-03-31 23:34:59,536.39
2022-03-31 23:35:04,539.1675857445241
2022-03-31 23:35:09,536.2
2022-03-31 23:35:14,539.205757534801
2022-03-31 23:35:19,535.97
2022-03-31 23:35:24,535.87
2022-03-31 23:35:29,535.74
2022-03-31 23:35:34,535.67
2022-03-31 23:35:39,539.3011870104929
2022-03-31 23:35:44,535.45
2022-03-31 23:35:49,539.3393588007696
2022-03-31 23:35:54,535.22
2022-03-31 23:35:59,535.16
2022-03-31 23:36:04,535.12
2022-03-31 23:36:09,535.05
2022-03-31 23:36:14,534.99
2022-03-31 23:36:19,534.89
2022-03-31 23:36:24,539.4729600667382
2022-03-31 23:36:29,534.69
2022-03-31 23:36:34,539.5111318570149
2022-03-31 23:36:39,534.6
2022-03-31 23:36:44,534.47
2022-03-31 23:36:49,539.5683895424303
2022-03-31 23:36:54,534.37
2022-03-31 23:36:59,534.3
2022-03-31 23:37:04,534.24
2022-03-31 23:37:09,534.18
2022-03-31 23:37:14,534.11
2022-03-31 23:37:19,534.08
2022-03-31 23:37:24,534.01
2022-03-31 23:37:29,539.7210767035372
2022-03-31 23:37:34,533.85
2022-03-31 23:37:39,533.79
2022-03-31 23:37:44,533.72
2022-03-31 23:37:49,533.65
2022-03-31 23:37:54,539.816506179229
2022-03-31 23:37:59,533.56
2022-03-31 23:38:04,533.56
2022-03-31 23:38:09,533.5
2022-03-31 23:38:14,539.8928497597826
2022-03-31 23:38:19,533.43
2022-03-31 23:38:24,533.37
2022-03-31 23:38:29,533.33
2022-03-31 23:38:34,533.33
2022-03-31 23:38:39,533.27
2022-03-31 23:38:44,533.27
2022-03-31 23:38:49,533.2
2022-03-31 23:38:54,533.14
2022-03-31 23:38:59,533.14
2022-03-31 23:39:04,533.04
2022-03-31 23:39:09,533.04
2022-03-31 23:39:14,532.98
2022-03-31 23:39:19,532.98
2022-03-31 23:39:24,532.91
2022-03-31 23:39:29,540.1791381868583
2022-03-31 23:39:34,540.1982240819966
2022-03-31 23:39:39,532.82
2022-03-31 23:39:44,532.75
2022-03-31 23:39:49,532.69
2022-03-31 23:39:54,532.69
2022-03-31 23:39:59,532.62
2022-03-31 23:40:04,532.62
2022-03-31 23:40:09,532.56
2022-03-31 23:40:14,532.53
2022-03-31 23:40:19,532.53
2022-03-31 23:40:24,532.53
2022-03-31 23:40:29,532.46
2022-03-31 23:40:34,532.46
2022-03-31 23:40:39,532.46
2022-03-31 23:40:44,532.46
2022-03-31 23:40:49,540.3936401892724
2022-03-31 23:40:54,540.3933859113922
2022-03-31 23:40:59,532.4
2022-03-31 23:41:04,532.4
2022-03-31 23:41:09,532.4
2022-03-31 23:41:14,532.4
2022-03-31 23:41:19,532.4
2022-03-31 23:41:24,532.46
2022-03-31 23:41:29,532.47
2022-03-31 23:41:34,532.47
2022-03-31 23:41:39,540.39109741047
2022-03-31 23:41:44,532.56
2022-03-31 23:41:49,532.53
2022-03-31 23:41:54,532.56
2022-03-31 23:41:59,532.62
2022-03-31 23:42:04,532.63
2022-03-31 23:42:09,540.3895717431886
2022-03-31 23:42:14,532.69
2022-03-31 23:42:19,540.3890631874282
2022-03-31 23:42:24,540.388808909548
2022-03-31 23:42:29,532.76
2022-03-31 23:42:34,540.3883003537875
2022-03-31 23:42:39,540.3880460759073
2022-03-31 23:42:44,532.86
2022-03-31 23:42:49,532.86
2022-03-31 23:42:54,540.3872832422666
2022-03-31 23:42:59,532.98
2022-03-31 23:43:04,532.98
2022-03-31 23:43:09,533.05
2022-03-31 23:43:14,540.3862661307456
2022-03-31 23:43:19,540.3860118528654
2022-03-31 23:43:24,533.08
2022-03-31 23:43:29,533.08
2022-03-31 23:43:34,540.3852490192247
2022-03-31 23:43:39,533.21
2022-03-31 23:43:44,533.21
2022-03-31 23:43:49,533.28
2022-03-31 23:43:54,540.3842319077038
2022-03-31 23:43:59,533.34
2022-03-31 23:44:04,533.34
2022-03-31 23:44:09,533.34
2022-03-31 23:44:14,533.37
2022-03-31 23:44:19,533.37
2022-03-31 23:44:24,533.44
2022-03-31 23:44:29,533.44
2022-03-31 23:44:34,533.44
2022-03-31 23:44:39,540.3819434067817
2022-03-31 23:44:44,533.57
2022-03-31 23:44:49,533.5
2022-03-31 23:44:54,533.57
2022-03-31 23:44:59,540.3809262952607
2022-03-31 23:45:04,533.57
2022-03-31 23:45:09,533.6
2022-03-31 23:45:14,533.66
2022-03-31 23:45:19,533.6
2022-03-31 23:45:24,533.66
2022-03-31 23:45:29,533.73
2022-03-31 23:45:34,533.73
2022-03-31 23:45:39,533.73
2022-03-31 23:45:44,533.8
2022-03-31 23:45:49,533.8
2022-03-31 23:45:54,533.8
2022-03-31 23:45:59,533.86
2022-03-31 23:46:04,533.89
2022-03-31 23:46:09,533.89
2022-03-31 23:46:14,540.3771121270572
2022-03-31 23:46:19,540.376857849177
2022-03-31 23:46:24,540.3766035712968
2022-03-31 23:46:29,534.03
2022-03-31 23:46:34,540.3760950155363
2022-03-31 23:46:39,534.19
2022-03-31 23:46:44,534.25
2022-03-31 23:46:49,540.3753321818956
2022-03-31 23:46:54,534.32
2022-03-31 23:46:59,534.38
2022-03-31 23:47:04,534.38
2022-03-31 23:47:09,534.42
2022-03-31 23:47:14,534.55
2022-03-31 23:47:19,534.55
2022-03-31 23:47:24,540.373552236734
2022-03-31 23:47:29,534.71
2022-03-31 23:47:34,534.71
2022-03-31 23:47:39,534.77
2022-03-31 23:47:44,540.3725351252131
2022-03-31 23:47:49,534.9
2022-03-31 23:47:54,540.3720265694526
2022-03-31 23:47:59,535.0
2022-03-31 23:48:04,535.07
2022-03-31 23:48:09,535.13
2022-03-31 23:48:14,540.3710094579317
2022-03-31 23:48:19,540.3707551800514
2022-03-31 23:48:24,535.36
2022-03-31 23:48:29,535.42
2022-03-31 23:48:34,540.3699923464108
2022-03-31 23:48:39,535.65
2022-03-31 23:48:44,535.68
2022-03-31 23:48:49,540.36922951277
2022-03-31 23:48:54,540.3689752348897
2022-03-31 23:48:59,535.97
2022-03-31 23:49:04,536.1
2022-03-31 23:49:09,536.17
2022-03-31 23:49:14,536.27
2022-03-31 23:49:19,536.4
2022-03-31 23:49:24,540.3674495676083
2022-03-31 23:49:29,536.56
2022-03-31 23:49:34,536.62
2022-03-31 23:49:39,536.72
2022-03-31 23:49:44,540.3664324560874
2022-03-31 23:49:49,540.3661781782072
2022-03-31 23:49:54,537.01
2022-03-31 23:49:59,540.3656696224467
2022-03-31 23:50:04,537.23
2022-03-31 23:50:09,540.3651610666863
2022-03-31 23:50:14,537.49
2022-03-31 23:50:19,537.58
2022-03-31 23:50:24,540.3643982330456
2022-03-31 23:50:29,537.81
2022-03-31 23:50:34,537.94
2022-03-31 23:50:39,538.03
2022-03-31 23:50:44,540.3633811215246
2022-03-31 23:50:49,540.3631268436444
2022-03-31 23:50:54,538.32
2022-03-31 23:50:59,540.362618287884
2022-03-31 23:51:04,538.55
2022-03-31 23:51:09,538.62
2022-03-31 23:51:14,538.74
2022-03-31 23:51:19,540.361601176363
2022-03-31 23:51:24,538.97
2022-03-31 23:51:29,539.03
2022-03-31 23:51:34,539.13
2022-03-31 23:51:39,539.26
2022-03-31 23:51:44,539.35
2022-03-31 23:51:49,540.3600755090816
2022-03-31 23:51:54,540.3598212312013
2022-03-31 23:51:59,540.3595669533211
2022-03-31 23:52:04,539.64
2022-03-31 23:52:09,540.3590583975606
2022-03-31 23:52:14,539.86
2022-03-31 23:52:19,539.93
2022-03-31 23:52:24,540.05
2022-03-31 23:52:29,540.3580412860397
2022-03-31 23:52:34,540.3577870081594
2022-03-31 23:52:39,540.3575327302792
2022-03-31 23:52:44,540.37
2022-03-31 23:52:49,540.44
2022-03-31 23:52:54,540.5
2022-03-31 23:52:59,540.57
2022-03-31 23:53:04,540.66
2022-03-31 23:53:09,540.73
2022-03-31 23:53:14,540.3557527851176
2022-03-31 23:53:19,540.82
2022-03-31 23:53:24,540.88
2022-03-31 23:53:29,540.94
2022-03-31 23:53:34,541.08
2022-03-31 23:53:39,541.11
2022-03-31 23:53:44,541.1
2022-03-31 23:53:49,540.353972839956
2022-03-31 23:53:54,541.3
2022-03-31 23:53:59,541.33
2022-03-31 23:54:04,541.39
2022-03-31 23:54:09,541.45
2022-03-31 23:54:14,541.58
2022-03-31 23:54:19,541.61
2022-03-31 23:54:24,540.3521928947944
2022-03-31 23:54:29,541.74
2022-03-31 23:54:34,541.84
2022-03-31 23:54:39,541.9
2022-03-31 23:54:44,540.3987837532762
2022-03-31 23:54:49,540.4165633320835
2022-03-31 23:54:54,542.09
2022-03-31 23:54:59,542.19
2022-03-31 23:55:04,542.19
2022-03-31 23:55:09,540.4876816473123
2022-03-31 23:55:14,542.35
2022-03-31 23:55:19,540.5232408049267
2022-03-31 23:55:24,542.48
2022-03-31 23:55:29,542.61
2022-03-31 23:55:34,540.5765795413483
2022-03-31 23:55:39,542.7
2022-03-31 23:55:44,540.6121386989627
2022-03-31 23:55:49,542.86
2022-03-31 23:55:54,542.93
2022-03-31 23:55:59,543.06
2022-03-31 23:56:04,543.15
2022-03-31 23:56:09,543.22
2022-03-31 23:56:14,543.28
2022-03-31 23:56:19,543.35
2022-03-31 23:56:24,540.7543753294204
2022-03-31 23:56:29,540.7721549082275
2022-03-31 23:56:34,543.57
2022-03-31 23:56:39,543.67
2022-03-31 23:56:44,543.67
2022-03-31 23:56:49,543.8
2022-03-31 23:56:54,543.8
2022-03-31 23:56:59,543.86
2022-03-31 23:57:04,543.96
2022-03-31 23:57:09,543.96
2022-03-31 23:57:14,544.02
2022-03-31 23:57:19,544.09
2022-03-31 23:57:24,544.15
2022-03-31 23:57:29,540.985509853914
2022-03-31 23:57:34,544.18
2022-03-31 23:57:39,544.25
2022-03-31 23:57:44,544.31
2022-03-31 23:57:49,544.38
2022-03-31 23:57:54,544.41
2022-03-31 23:57:59,544.47
2022-03-31 23:58:04,544.6
2022-03-31 23:58:09,544.61
2022-03-31 23:58:14,544.67
2022-03-31 23:58:19,544.7
2022-03-31 23:58:24,544.76
2022-03-31 23:58:29,541.1988647996006
2022-03-31 23:58:34,544.83
2022-03-31 23:58:39,544.9
2022-03-31 23:58:44,544.93
2022-03-31 23:58:49,541.2699831148294
2022-03-31 23:58:54,544.99
2022-03-31 23:58:59,541.3055422724439
2022-03-31 23:59:04,541.323321851251
2022-03-31 23:59:09,545.12
2022-03-31 23:59:14,545.19
2022-03-31 23:59:19,541.3766605876726
2022-03-31 23:59:24,545.19
2022-03-31 23:59:29,541.4122197452872
2022-03-31 23:59:34,545.22
2022-03-31 23:59:39,545.22
2022-03-31 23:59:44,545.22
2022-03-31 23:59:49,541.4833380605158
2022-03-31 23:59:54,541.5011176393232
2022-03-31 23:59:59,541.5188972181304
2022-04-01 00:00:04,541.5366767969375
2022-04-01 00:00:09,541.5544563757447
2022-04-01 00:00:14,545.19
2022-04-01 00:00:19,545.19
2022-04-01 00:00:24,545.13
2022-04-01 00:00:29,545.13
2022-04-01 00:00:34,545.13
2022-04-01 00:00:39,545.13
2022-04-01 00:00:44,545.13
2022-04-01 00:00:49,545.06
2022-04-01 00:00:54,541.7144725850096
2022-04-01 00:00:59,545.0
2022-04-01 00:01:04,541.750031742624
2022-04-01 00:01:09,544.93
2022-04-01 00:01:14,541.7855909002385
2022-04-01 00:01:19,544.9
2022-04-01 00:01:24,544.84
2022-04-01 00:01:29,541.83892963666
2022-04-01 00:01:34,541.8567092154672
2022-04-01 00:01:39,544.68
2022-04-01 00:01:44,541.8922683730817
2022-04-01 00:01:49,544.42
2022-04-01 00:01:54,544.39
2022-04-01 00:01:59,541.9456071095034
2022-04-01 00:02:04,544.1
2022-04-01 00:02:09,544.04
2022-04-01 00:02:14,543.87
2022-04-01 00:02:19,543.75
2022-04-01 00:02:24,543.65
2022-04-01 00:02:29,543.46
2022-04-01 00:02:34,543.36
2022-04-01 00:02:39,542.0878437399609
2022-04-01 00:02:44,543.07
2022-04-01 00:02:49,542.88
2022-04-01 00:02:54,542.72
2022-04-01 00:02:59,542.62
2022-04-01 00:03:04,542.176741633997
2022-04-01 00:03:09,542.27
2022-04-01 00:03:14,542.2123007916115
2022-04-01 00:03:19,541.98
2022-04-01 00:03:24,541.82
2022-04-01 00:03:29,541.63
2022-04-01 00:03:34,541.53
2022-04-01 00:03:39,542.3011986856474
2022-04-01 00:03:44,541.18
2022-04-01 00:03:49,541.01
2022-04-01 00:03:54,542.354537422069
2022-04-01 00:03:59,542.3723170008763
2022-04-01 00:04:04,540.57
2022-04-01 00:04:09,540.37
2022-04-01 00:04:14,542.4256557372979
2022-04-01 00:04:19,542.4434353161051
2022-04-01 00:04:24,539.92
2022-04-01 00:04:29,542.4789944737196
2022-04-01 00:04:34,539.57
2022-04-01 00:04:39,539.41
2022-04-01 00:04:44,539.28
2022-04-01 00:04:49,542.5501127889485
2022-04-01 00:04:54,538.96
2022-04-01 00:04:59,542.5856719465628
2022-04-01 00:05:04,538.67
2022-04-01 00:05:09,538.51
2022-04-01 00:05:14,542.6390106829843
2022-04-01 00:05:19,542.6567902617917
2022-04-01 00:05:24,542.6745698405988
2022-04-01 00:05:29,537.87
2022-04-01 00:05:34,537.74
2022-04-01 00:05:39,542.7279085770203
2022-04-01 00:05:44,537.42
2022-04-01 00:05:49,537.23
2022-04-01 00:05:54,537.13
2022-04-01 00:05:59,536.97
2022-04-01 00:06:04,536.78
2022-04-01 00:06:09,536.62
2022-04-01 00:06:14,542.8523656286709
2022-04-01 00:06:19,536.33
2022-04-01 00:06:24,536.17
2022-04-01 00:06:29,536.11
2022-04-01 00:06:34,535.95
2022-04-01 00:06:39,535.82
2022-04-01 00:06:44,542.9590431015141
2022-04-01 00:06:49,535.53
2022-04-01 00:06:54,535.47
2022-04-01 00:06:59,535.37
2022-04-01 00:07:04,535.24
2022-04-01 00:07:09,535.15
2022-04-01 00:07:14,543.0657205743573
2022-04-01 00:07:19,543.0835001531647
2022-04-01 00:07:24,534.86
2022-04-01 00:07:29,534.73
2022-04-01 00:07:34,534.63
2022-04-01 00:07:39,543.1546184683936
2022-04-01 00:07:44,543.1723980472005
2022-04-01 00:07:49,534.41
2022-04-01 00:07:54,534.28
2022-04-01 00:07:59,543.2257367836222
2022-04-01 00:08:04,534.15
2022-04-01 00:08:09,534.05
2022-04-01 00:08:14,533.99
2022-04-01 00:08:19,533.92
2022-04-01 00:08:24,533.83
2022-04-01 00:08:29,533.76
2022-04-01 00:08:34,533.7
2022-04-01 00:08:39,533.6
2022-04-01 00:08:44,543.3585953718365
2022-04-01 00:08:49,533.47
2022-04-01 00:08:54,533.38
2022-04-01 00:08:59,533.31
2022-04-01 00:09:04,533.25
2022-04-01 00:09:09,533.12
2022-04-01 00:09:14,533.09
2022-04-01 00:09:19,532.96
2022-04-01 00:09:24,532.89
2022-04-01 00:09:29,532.86
2022-04-01 00:09:34,532.8
2022-04-01 00:09:39,543.3652437734619
2022-04-01 00:09:44,543.3658481736096
2022-04-01 00:09:49,543.3664525737573
2022-04-01 00:09:54,532.6
2022-04-01 00:09:59,543.3676613740529
2022-04-01 00:10:04,543.3682657742006
2022-04-01 00:10:09,532.38
2022-04-01 00:10:14,532.38
2022-04-01 00:10:19,532.34
2022-04-01 00:10:24,532.28
2022-04-01 00:10:29,532.21
2022-04-01 00:10:34,543.3718921750872
2022-04-01 00:10:39,532.15
2022-04-01 00:10:44,532.08
2022-04-01 00:10:49,532.05
2022-04-01 00:10:54,532.05
2022-04-01 00:10:59,532.05
2022-04-01 00:11:04,531.92
2022-04-01 00:11:09,543.3761229761216
2022-04-01 00:11:14,543.3767273762693
2022-04-01 00:11:19,531.92
2022-04-01 00:11:24,531.86
2022-04-01 00:11:29,531.86
2022-04-01 00:11:34,543.3791449768604
2022-04-01 00:11:39,531.86
2022-04-01 00:11:44,543.3803537771558
2022-04-01 00:11:49,531.91
2022-04-01 00:11:54,543.3815625774514
2022-04-01 00:11:59,531.98
2022-04-01 00:12:04,543.382771377747
2022-04-01 00:12:09,543.3833757778947
2022-04-01 00:12:14,532.04
2022-04-01 00:12:19,532.07
2022-04-01 00:12:24,543.385188978338
2022-04-01 00:12:29,532.14
2022-04-01 00:12:34,532.2
2022-04-01 00:12:39,543.3870021787812
2022-04-01 00:12:44,532.26
2022-04-01 00:12:49,543.3882109790768
2022-04-01 00:12:54,532.36
2022-04-01 00:12:59,532.43
2022-04-01 00:13:04,532.49
2022-04-01 00:13:09,532.55
2022-04-01 00:13:14,532.59
2022-04-01 00:13:19,532.72
2022-04-01 00:13:24,543.3924417801111
2022-04-01 00:13:29,532.84
2022-04-01 00:13:34,532.94
2022-04-01 00:13:39,533.01
2022-04-01 00:13:44,543.3948593807021
2022-04-01 00:13:49,543.3954637808499
2022-04-01 00:13:54,533.36
2022-04-01 00:13:59,533.46
2022-04-01 00:14:04,543.3972769812932
2022-04-01 00:14:09,543.3978813814409
2022-04-01 00:14:14,533.75
2022-04-01 00:14:19,533.81
2022-04-01 00:14:24,533.91
2022-04-01 00:14:29,534.04
2022-04-01 00:14:34,543.4009033821798
2022-04-01 00:14:39,543.4015077823275
2022-04-01 00:14:44,534.33
2022-04-01 00:14:49,543.402716582623
2022-04-01 00:14:54,534.55
2022-04-01 00:14:59,543.4039253829186
2022-04-01 00:15:04,543.4045297830663
2022-04-01 00:15:09,534.84
2022-04-01 00:15:14,534.94
2022-04-01 00:15:19,535.07
2022-04-01 00:15:24,535.17
2022-04-01 00:15:29,543.4075517838052
2022-04-01 00:15:34,535.36
2022-04-01 00:15:39,535.43
2022-04-01 00:15:44,535.52
2022-04-01 00:15:49,535.65
2022-04-01 00:15:54,535.68
2022-04-01 00:15:59,535.81
2022-04-01 00:16:04,543.4117825848394
2022-04-01 00:16:09,535.98
2022-04-01 00:16:14,536.04
2022-04-01 00:16:19,536.11
2022-04-01 00:16:24,536.2
2022-04-01 00:16:29,536.27
2022-04-01 00:16:34,536.33
2022-04-01 00:16:39,536.4
2022-04-01 00:16:44,536.46
2022-04-01 00:16:49,543.4172221861693
2022-04-01 00:16:54,536.63
2022-04-01 00:16:59,536.72
2022-04-01 00:17:04,536.79
2022-04-01 00:17:09,536.85
2022-04-01 00:17:14,536.92
2022-04-01 00:17:19,536.98
2022-04-01 00:17:24,537.08
2022-04-01 00:17:29,543.4220573873514
2022-04-01 00:17:34,543.4226617874991
2022-04-01 00:17:39,537.24
2022-04-01 00:17:44,543.4238705877947
2022-04-01 00:17:49,537.37
2022-04-01 00:17:54,537.43
2022-04-01 00:17:59,537.53
2022-04-01 00:18:04,537.6
2022-04-01 00:18:09,537.66
2022-04-01 00:18:14,543.4274969886812
2022-04-01 00:18:19,537.76
2022-04-01 00:18:24,537.82
2022-04-01 00:18:29,537.89
2022-04-01 00:18:34,537.95
2022-04-01 00:18:39,543.4305189894201
2022-04-01 00:18:44,538.05
2022-04-01 00:18:49,538.12
2022-04-01 00:18:54,543.4323321898634
2022-04-01 00:18:59,543.4329365900111
2022-04-01 00:19:04,538.28
2022-04-01 00:19:09,538.28
2022-04-01 00:19:14,538.34
2022-04-01 00:19:19,538.41
2022-04-01 00:19:24,543.4359585907499
2022-04-01 00:19:29,543.4365629908976
2022-04-01 00:19:34,538.54
2022-04-01 00:19:39,538.57
2022-04-01 00:19:44,538.64
2022-04-01 00:19:49,538.7
2022-04-01 00:19:54,538.7
2022-04-01 00:19:59,538.76
2022-04-01 00:20:04,543.4407937919319
2022-04-01 00:20:09,538.8
2022-04-01 00:20:14,538.86
2022-04-01 00:20:19,543.4426069923752
2022-04-01 00:20:24,538.86
2022-04-01 00:20:29,538.99
2022-04-01 00:20:34,538.93
2022-04-01 00:20:39,543.4450245929663
2022-04-01 00:20:44,543.445628993114
2022-04-01 00:20:49,543.4462333932619
2022-04-01 00:20:54,539.06
2022-04-01 00:20:59,539.09
2022-04-01 00:21:04,539.09
2022-04-01 00:21:09,539.09
2022-04-01 00:21:14,539.16
2022-04-01 00:21:19,539.09
2022-04-01 00:21:24,543.4504641942962
2022-04-01 00:21:29,539.22
2022-04-01 00:21:34,539.29
2022-04-01 00:21:39,539.29
2022-04-01 00:21:44,539.29
2022-04-01 00:21:49,543.453486195035
2022-04-01 00:21:54,543.4540905951827
2022-04-01 00:21:59,543.4546949953304
2022-04-01 00:22:04,539.39
2022-04-01 00:22:09,539.45
2022-04-01 00:22:14,543.4565081957737
2022-04-01 00:22:19,543.4571125959216
2022-04-01 00:22:24,543.4577169960693
2022-04-01 00:22:29,543.458321396217
2022-04-01 00:22:34,543.4589257963648
2022-04-01 00:22:39,543.4595301965126
2022-04-01 00:22:44,539.75
2022-04-01 00:22:49,539.81
2022-04-01 00:22:54,539.81
2022-04-01 00:22:59,539.81
2022-04-01 00:23:04,539.84
2022-04-01 00:23:09,539.91
2022-04-01 00:23:14,543.4771390448163
2022-04-01 00:23:19,539.98
2022-04-01 00:23:24,539.98
2022-04-01 00:23:29,539.98
2022-04-01 00:23:34,543.487760884417
2022-04-01 00:23:39,540.11
2022-04-01 00:23:44,540.11
2022-04-01 00:23:49,540.14
2022-04-01 00:23:54,540.14
2022-04-01 00:23:59,540.21
2022-04-01 00:24:04,543.5036936438179
2022-04-01 00:24:09,543.506349103718
2022-04-01 00:24:14,540.27
2022-04-01 00:24:19,540.34
2022-04-01 00:24:24,540.34
2022-04-01 00:24:29,540.37
2022-04-01 00:24:34,540.44
2022-04-01 00:24:39,540.44
2022-04-01 00:24:44,540.5
2022-04-01 00:24:49,540.5
2022-04-01 00:24:54,540.57
2022-04-01 00:24:59,540.57
2022-04-01 00:25:04,540.63
2022-04-01 00:25:09,540.67
2022-04-01 00:25:14,543.5408700824199
2022-04-01 00:25:19,543.5435255423201
2022-04-01 00:25:24,540.8
2022-04-01 00:25:29,540.86
2022-04-01 00:25:34,543.5514919220205
2022-04-01 00:25:39,543.5541473819208
2022-04-01 00:25:44,543.5568028418209
2022-04-01 00:25:49,543.559458301721
2022-04-01 00:25:54,541.15
2022-04-01 00:25:59,541.15
2022-04-01 00:26:04,541.18
2022-04-01 00:26:09,541.24
2022-04-01 00:26:14,541.25
2022-04-01 00:26:19,543.5753910611219
2022-04-01 00:26:24,541.41
2022-04-01 00:26:29,543.5807019809222
2022-04-01 00:26:34,541.54
2022-04-01 00:26:39,541.6
2022-04-01 00:26:44,541.67
2022-04-01 00:26:49,541.7
2022-04-01 00:26:54,541.76
2022-04-01 00:26:59,541.83
2022-04-01 00:27:04,541.92
2022-04-01 00:27:09,541.92
2022-04-01 00:27:14,542.05
2022-04-01 00:27:19,543.6072565799237
2022-04-01 00:27:24,542.11
2022-04-01 00:27:29,542.18
2022-04-01 00:27:34,542.21
2022-04-01 00:27:39,542.27
2022-04-01 00:27:44,542.34
2022-04-01 00:27:49,543.6231893393245
2022-04-01 00:27:54,542.4
2022-04-01 00:27:59,543.6285002591248
2022-04-01 00:28:04,542.43
2022-04-01 00:28:09,542.5
2022-04-01 00:28:14,543.6364666388254
2022-04-01 00:28:19,542.63
2022-04-01 00:28:24,542.69
2022-04-01 00:28:29,543.6444330185258
2022-04-01 00:28:34,543.647088478426
2022-04-01 00:28:39,543.6497439383261
2022-04-01 00:28:44,542.84
2022-04-01 00:28:49,542.91
2022-04-01 00:28:54,542.94
2022-04-01 00:28:59,543.6603657779267
2022-04-01 00:29:04,543.0
2022-04-01 00:29:09,543.06
2022-04-01 00:29:14,543.13
2022-04-01 00:29:19,543.13
2022-04-01 00:29:24,543.6736430774274
2022-04-01 00:29:29,543.6762985373276
2022-04-01 00:29:34,543.19
2022-04-01 00:29:39,543.22
2022-04-01 00:29:44,543.684264917028
2022-04-01 00:29:49,543.6869203769282
2022-04-01 00:29:54,543.29
2022-04-01 00:29:59,543.35
2022-04-01 00:30:04,543.35
2022-04-01 00:30:09,543.6975422165287
2022-04-01 00:30:14,543.41
2022-04-01 00:30:19,543.44
2022-04-01 00:30:24,543.44
2022-04-01 00:30:29,543.51
2022-04-01 00:30:34,543.7108195160296
2022-04-01 00:30:39,543.64
2022-04-01 00:30:44,543.64
2022-04-01 00:30:49,543.7
2022-04-01 00:30:54,543.7214413556301
2022-04-01 00:30:59,543.73
2022-04-01 00:31:04,543.8
2022-04-01 00:31:09,543.7294077353306
2022-04-01 00:31:14,543.7320631952307
2022-04-01 00:31:19,543.86
2022-04-01 00:31:24,543.92
2022-04-01 00:31:29,543.92
2022-04-01 00:31:34,543.92
2022-04-01 00:31:39,543.95
2022-04-01 00:31:44,543.95
2022-04-01 00:31:49,544.02
2022-04-01 00:31:54,544.02
2022-04-01 00:31:59,544.02
2022-04-01 00:32:04,543.7586177942322
2022-04-01 00:32:09,544.15
2022-04-01 00:32:14,543.7639287140325
2022-04-01 00:32:19,544.15
2022-04-01 00:32:24,544.15
2022-04-01 00:32:29,543.771895093733
2022-04-01 00:32:34,544.21
2022-04-01 00:32:39,544.25
2022-04-01 00:32:44,543.7798614734334
2022-04-01 00:32:49,544.21
2022-04-01 00:32:54,543.7851723932337
2022-04-01 00:32:59,543.7878278531339
2022-04-01 00:33:04,544.25
2022-04-01 00:33:09,544.24
2022-04-01 00:33:14,544.25
2022-04-01 00:33:19,543.7984496927345
2022-04-01 00:33:24,544.31
2022-04-01 00:33:29,544.31
2022-04-01 00:33:34,543.8064160724349
2022-04-01 00:33:39,544.37
2022-04-01 00:33:44,544.31
2022-04-01 00:33:49,543.8143824521353
2022-04-01 00:33:54,544.44
2022-04-01 00:33:59,544.44
2022-04-01 00:34:04,543.8223488318358
2022-04-01 00:34:09,544.44
2022-04-01 00:34:14,543.8276597516361
2022-04-01 00:34:19,543.8303152115362
2022-04-01 00:34:24,543.8329706714364
2022-04-01 00:34:29,543.8356261313365
2022-04-01 00:34:34,543.8382815912368
2022-04-01 00:34:39,544.6
2022-04-01 00:34:44,543.843592511037
2022-04-01 00:34:49,543.8462479709372
2022-04-01 00:34:54,544.67
2022-04-01 00:34:59,544.67
2022-04-01 00:35:04,544.73
2022-04-01 00:35:09,543.8568698105378
2022-04-01 00:35:14,543.8595252704379
2022-04-01 00:35:19,544.83
2022-04-01 00:35:24,544.83
2022-04-01 00:35:29,544.83
2022-04-01 00:35:34,544.9
2022-04-01 00:35:39,544.9
2022-04-01 00:35:44,544.9
2022-04-01 00:35:49,544.9
2022-04-01 00:35:54,544.96
2022-04-01 00:35:59,544.9
2022-04-01 00:36:04,544.96
2022-04-01 00:36:09,544.96
2022-04-01 00:36:14,544.96
2022-04-01 00:36:19,544.96
2022-04-01 00:36:24,544.96
2022-04-01 00:36:29,543.8993571689401
2022-04-01 00:36:34,544.9
2022-04-01 00:36:39,544.96
2022-04-01 00:36:44,543.9073235486405
2022-04-01 00:36:49,543.9097319754032
2022-04-01 00:36:54,543.9118548026737
2022-04-01 00:36:59,543.9139776299442
2022-04-01 00:37:04,543.9161004572146
2022-04-01 00:37:09,543.9182232844851
2022-04-01 00:37:14,543.9203461117555
2022-04-01 00:37:19,544.84
2022-04-01 00:37:24,544.84
2022-04-01 00:37:29,544.84
2022-04-01 00:37:34,544.77
2022-04-01 00:37:39,544.84
2022-04-01 00:37:44,544.78
2022-04-01 00:37:49,543.9352059026487
2022-04-01 00:37:54,544.74
2022-04-01 00:37:59,543.9394515571897
2022-04-01 00:38:04,544.74
2022-04-01 00:38:09,544.74
2022-04-01 00:38:14,543.9458200390011
2022-04-01 00:38:19,544.68
2022-04-01 00:38:24,544.62
2022-04-01 00:38:29,544.55
2022-04-01 00:38:34,544.49
2022-04-01 00:38:39,543.9564341753534
2022-04-01 00:38:44,544.39
2022-04-01 00:38:49,544.33
2022-04-01 00:38:54,544.26
2022-04-01 00:38:59,544.23
2022-04-01 00:39:04,544.17
2022-04-01 00:39:09,544.11
2022-04-01 00:39:14,543.9712939662465
2022-04-01 00:39:19,543.973416793517
2022-04-01 00:39:24,543.88
2022-04-01 00:39:29,543.82
2022-04-01 00:39:34,543.75
2022-04-01 00:39:39,543.66
2022-04-01 00:39:44,543.66
2022-04-01 00:39:49,543.9861537571397
2022-04-01 00:39:54,543.47
2022-04-01 00:39:59,543.43
2022-04-01 00:40:04,543.37
2022-04-01 00:40:09,543.3
2022-04-01 00:40:14,543.21
2022-04-01 00:40:19,543.15
2022-04-01 00:40:24,543.02
2022-04-01 00:40:29,544.0031363753034
2022-04-01 00:40:34,542.92
2022-04-01 00:40:39,544.0073820298443
2022-04-01 00:40:44,542.73
2022-04-01 00:40:49,542.73
2022-04-01 00:40:54,542.63
2022-04-01 00:40:59,542.57
2022-04-01 00:41:04,542.44
2022-04-01 00:41:09,542.41
2022-04-01 00:41:14,544.0222418207375
2022-04-01 00:41:19,544.0243646480079
2022-04-01 00:41:24,542.22
2022-04-01 00:41:29,542.12
2022-04-01 00:41:34,544.0307331298193
2022-04-01 00:41:39,541.99
2022-04-01 00:41:44,541.93
2022-04-01 00:41:49,544.0371016116306
2022-04-01 00:41:54,544.0392244389012
2022-04-01 00:41:59,541.77
2022-04-01 00:42:04,541.68
2022-04-01 00:42:09,541.55
2022-04-01 00:42:14,541.49
2022-04-01 00:42:19,541.42
2022-04-01 00:42:24,544.051961402524
2022-04-01 00:42:29,541.33
2022-04-01 00:42:34,541.2
2022-04-01 00:42:39,541.17
2022-04-01 00:42:44,541.04
2022-04-01 00:42:49,544.0625755388762
2022-04-01 00:42:54,540.97
2022-04-01 00:42:59,540.91
2022-04-01 00:43:04,544.0689440206876
2022-04-01 00:43:09,540.81
2022-04-01 00:43:14,540.75
2022-04-01 00:43:19,540.68
2022-04-01 00:43:24,544.0774353297694
2022-04-01 00:43:29,540.68
2022-04-01 00:43:34,540.65
2022-04-01 00:43:39,540.65
2022-04-01 00:43:44,540.59
2022-04-01 00:43:49,540.52
2022-04-01 00:43:54,540.52
2022-04-01 00:43:59,540.52
2022-04-01 00:44:04,540.46
2022-04-01 00:44:09,540.46
2022-04-01 00:44:14,544.098663602474
2022-04-01 00:44:19,540.36
2022-04-01 00:44:24,540.36
2022-04-01 00:44:29,540.3
2022-04-01 00:44:34,540.3
2022-04-01 00:44:39,544.1092777388262
2022-04-01 00:44:44,540.23
2022-04-01 00:44:49,540.17
2022-04-01 00:44:54,540.17
2022-04-01 00:44:59,540.17
2022-04-01 00:45:04,540.17
2022-04-01 00:45:09,540.14
2022-04-01 00:45:14,540.14
2022-04-01 00:45:19,540.13
2022-04-01 00:45:24,544.1283831842603
2022-04-01 00:45:29,544.1305060115308
2022-04-01 00:45:34,540.14
2022-04-01 00:45:39,544.1347516660717
2022-04-01 00:45:44,544.1368744933422
2022-04-01 00:45:49,544.1389973206127
2022-04-01 00:45:54,544.1411201478832
2022-04-01 00:45:59,540.13
2022-04-01 00:46:04,540.13
2022-04-01 00:46:09,544.1474886296945
2022-04-01 00:46:14,540.06
2022-04-01 00:46:19,544.1517342842354
2022-04-01 00:46:24,540.13
2022-04-01 00:46:29,544.1559799387763
2022-04-01 00:46:34,540.13
2022-04-01 00:46:39,540.13
2022-04-01 00:46:44,540.06
2022-04-01 00:46:49,540.12
2022-04-01 00:46:54,540.06
2022-04-01 00:46:59,544.1687169023991
2022-04-01 00:47:04,540.12
2022-04-01 00:47:09,540.12
2022-04-01 00:47:14,540.12
2022-04-01 00:47:19,544.1772082114809
2022-04-01 00:47:24,544.1793310387513
2022-04-01 00:47:29,540.11
2022-04-01 00:47:34,540.11
2022-04-01 00:47:39,540.15
2022-04-01 00:47:44,540.15
2022-04-01 00:47:49,540.15
2022-04-01 00:47:54,544.1920680023741
2022-04-01 00:47:59,544.1941908296445
2022-04-01 00:48:04,540.15
2022-04-01 00:48:09,540.15
2022-04-01 00:48:14,540.21
2022-04-01 00:48:19,544.2026821387263
2022-04-01 00:48:24,540.21
2022-04-01 00:48:29,540.21
2022-04-01 00:48:34,540.27
2022-04-01 00:48:39,540.27
2022-04-01 00:48:44,540.27
2022-04-01 00:48:49,540.27
2022-04-01 00:48:54,544.2175419296195
2022-04-01 00:48:59,540.33
2022-04-01 00:49:04,544.2217875841604
2022-04-01 00:49:09,540.33
2022-04-01 00:49:14,540.33
2022-04-01 00:49:19,544.2281560659719
2022-04-01 00:49:24,540.36
2022-04-01 00:49:29,540.36
2022-04-01 00:49:34,544.2345245477833
2022-04-01 00:49:39,540.36
2022-04-01 00:49:44,540.36
2022-04-01 00:49:49,544.2408930295946
2022-04-01 00:49:54,540.36
2022-04-01 00:49:59,544.2451386841356
2022-04-01 00:50:04,540.36
2022-04-01 00:50:09,544.2493843386765
2022-04-01 00:50:14,544.2515071659469
2022-04-01 00:50:19,540.36
2022-04-01 00:50:24,540.36
2022-04-01 00:50:29,544.2578756477583
2022-04-01 00:50:34,544.2599984750287
2022-04-01 00:50:39,540.33
2022-04-01 00:50:44,544.2642441295696
2022-04-01 00:50:49,544.2663669568401
2022-04-01 00:50:54,544.2624139119823
2022-04-01 00:50:59,544.2495378471879
2022-04-01 00:51:04,540.33
2022-04-01 00:51:09,540.36
2022-04-01 00:51:14,540.36
2022-04-01 00:51:19,540.36
2022-04-01 00:51:24,544.1851575232157
2022-04-01 00:51:29,540.36
2022-04-01 00:51:34,544.1594053936269
2022-04-01 00:51:39,544.1465293288325
2022-04-01 00:51:44,540.43
2022-04-01 00:51:49,540.49
2022-04-01 00:51:54,544.1079011344491
2022-04-01 00:51:59,540.56
2022-04-01 00:52:04,540.55
2022-04-01 00:52:09,544.0692729400658
2022-04-01 00:52:14,540.62
2022-04-01 00:52:19,540.62
2022-04-01 00:52:24,540.66
2022-04-01 00:52:29,540.72
2022-04-01 00:52:34,544.0048926160937
2022-04-01 00:52:39,540.78
2022-04-01 00:52:44,540.85
2022-04-01 00:52:49,543.9662644217104
2022-04-01 00:52:54,540.88
2022-04-01 00:52:59,543.9405122921214
2022-04-01 00:53:04,543.9276362273271
2022-04-01 00:53:09,541.07
2022-04-01 00:53:14,541.14
2022-04-01 00:53:19,541.14
2022-04-01 00:53:24,543.8761319681494
2022-04-01 00:53:29,541.23
2022-04-01 00:53:34,541.3
2022-04-01 00:53:39,543.837503773766
2022-04-01 00:53:44,541.4
2022-04-01 00:53:49,541.46
2022-04-01 00:53:54,541.59
2022-04-01 00:53:59,543.7859995145883
2022-04-01 00:54:04,543.773123449794
2022-04-01 00:54:09,541.69
2022-04-01 00:54:14,541.76
2022-04-01 00:54:19,541.82
2022-04-01 00:54:24,543.7216191906161
2022-04-01 00:54:29,541.88
2022-04-01 00:54:34,541.98
2022-04-01 00:54:39,542.05
2022-04-01 00:54:44,542.11
2022-04-01 00:54:49,543.657238866644
2022-04-01 00:54:54,542.17
2022-04-01 00:54:59,542.27
2022-04-01 00:55:04,543.6186106722606
2022-04-01 00:55:09,543.6057346074663
2022-04-01 00:55:14,542.4
2022-04-01 00:55:19,542.43
2022-04-01 00:55:24,542.5
2022-04-01 00:55:29,542.56
2022-04-01 00:55:34,543.541354283494
2022-04-01 00:55:39,542.69
2022-04-01 00:55:44,542.73
2022-04-01 00:55:49,542.72
2022-04-01 00:55:54,543.4898500243164
2022-04-01 00:55:59,543.4769739595218
2022-04-01 00:56:04,542.92
2022-04-01 00:56:09,542.95
2022-04-01 00:56:14,543.02
2022-04-01 00:56:19,543.4254697003441
2022-04-01 00:56:24,543.08
2022-04-01 00:56:29,543.3997175707552
2022-04-01 00:56:34,543.21
2022-04-01 00:56:39,543.24
2022-04-01 00:56:44,543.24
2022-04-01 00:56:49,543.3482133115775
2022-04-01 00:56:54,543.3
2022-04-01 00:56:59,543.31
2022-04-01 00:57:04,543.24
2022-04-01 00:57:09,543.31
2022-04-01 00:57:14,543.2838329876054
2022-04-01 00:57:19,543.2709569228109
2022-04-01 00:57:24,543.25
2022-04-01 00:57:29,543.24
2022-04-01 00:57:34,543.2323287284277
2022-04-01 00:57:39,543.2194526636333
2022-04-01 00:57:44,543.2065765988388
2022-04-01 00:57:49,543.15
2022-04-01 00:57:54,543.08
2022-04-01 00:57:59,543.1679484044555
2022-04-01 00:58:04,543.02
2022-04-01 00:58:09,543.1421962748667
2022-04-01 00:58:14,542.92
2022-04-01 00:58:19,543.1164441452777
2022-04-01 00:58:24,542.86
2022-04-01 00:58:29,542.8
2022-04-01 00:58:34,542.73
2022-04-01 00:58:39,542.73
2022-04-01 00:58:44,543.0520638213056
2022-04-01 00:58:49,543.0391877565111
2022-04-01 00:58:54,542.57
2022-04-01 00:58:59,542.58
2022-04-01 00:59:04,543.0005595621278
2022-04-01 00:59:09,542.51
2022-04-01 00:59:14,542.51
2022-04-01 00:59:19,542.45
2022-04-01 00:59:24,542.45
2022-04-01 00:59:29,542.42
2022-04-01 00:59:34,542.42
2022-04-01 00:59:39,542.42
2022-04-01 00:59:44,542.36
2022-04-01 00:59:49,542.36
2022-04-01 00:59:54,542.8717989141835
2022-04-01 00:59:59,542.858922849389
2022-04-01 01:00:04,542.23
2022-04-01 01:00:09,542.8331707198001
2022-04-01 01:00:14,542.8202946550058
2022-04-01 01:00:19,542.13
2022-04-01 01:00:24,542.07
2022-04-01 01:00:29,542.7816664606225
2022-04-01 01:00:34,542.07
2022-04-01 01:00:39,542.7559143310335
2022-04-01 01:00:44,542.7430382662392
2022-04-01 01:00:49,542.01
2022-04-01 01:00:54,542.01
2022-04-01 01:00:59,541.94
2022-04-01 01:01:04,541.94
2022-04-01 01:01:09,541.91
2022-04-01 01:01:14,541.91
2022-04-01 01:01:19,541.85
2022-04-01 01:01:24,541.78
2022-04-01 01:01:29,541.72
2022-04-01 01:01:34,541.72
2022-04-01 01:01:39,541.69
2022-04-01 01:01:44,541.62
2022-04-01 01:01:49,542.5756494239115
2022-04-01 01:01:54,541.56
2022-04-01 01:01:59,541.43
2022-04-01 01:02:04,541.43
2022-04-01 01:02:09,541.33
2022-04-01 01:02:14,541.33
2022-04-01 01:02:19,542.4983930351449
2022-04-01 01:02:24,541.2
2022-04-01 01:02:29,541.17
2022-04-01 01:02:34,541.11
2022-04-01 01:02:39,541.11
2022-04-01 01:02:44,542.4340127111728
2022-04-01 01:02:49,540.98
2022-04-01 01:02:54,540.91
2022-04-01 01:02:59,540.82
2022-04-01 01:03:04,542.382508451995
2022-04-01 01:03:09,540.69
2022-04-01 01:03:14,540.65
2022-04-01 01:03:19,542.3438802576118
2022-04-01 01:03:24,542.3310041928173
2022-04-01 01:03:29,540.46
2022-04-01 01:03:34,542.3052520632284
2022-04-01 01:03:39,540.36
2022-04-01 01:03:44,540.3
2022-04-01 01:03:49,542.2666238688452
2022-04-01 01:03:54,542.2537478040507
2022-04-01 01:03:59,540.14
2022-04-01 01:04:04,540.07
2022-04-01 01:04:09,540.01
2022-04-01 01:04:14,539.94
2022-04-01 01:04:19,539.94
2022-04-01 01:04:24,542.1764914152841
2022-04-01 01:04:29,539.78
2022-04-01 01:04:34,539.71
2022-04-01 01:04:39,539.61
2022-04-01 01:04:44,542.1249871561063
2022-04-01 01:04:49,542.1121110913119
2022-04-01 01:04:54,539.42
2022-04-01 01:04:59,539.35
2022-04-01 01:05:04,539.25
2022-04-01 01:05:09,539.19
2022-04-01 01:05:14,542.1224842981004
2022-04-01 01:05:19,539.09
2022-04-01 01:05:24,539.03
2022-04-01 01:05:29,538.9
2022-04-01 01:05:34,542.1603345517146
2022-04-01 01:05:39,538.83
2022-04-01 01:05:44,538.73
2022-04-01 01:05:49,538.67
2022-04-01 01:05:54,542.1981848053291
2022-04-01 01:05:59,538.6
2022-04-01 01:06:04,538.57
2022-04-01 01:06:09,538.5
2022-04-01 01:06:14,538.44
2022-04-01 01:06:19,542.245497622347
2022-04-01 01:06:24,542.2549601857505
2022-04-01 01:06:29,538.31
2022-04-01 01:06:34,542.2738853125577
2022-04-01 01:06:39,542.2833478759613
2022-04-01 01:06:44,538.21
2022-04-01 01:06:49,542.3022730027685
2022-04-01 01:06:54,538.21
2022-04-01 01:06:59,538.21
2022-04-01 01:07:04,538.21
2022-04-01 01:07:09,542.3401232563829
2022-04-01 01:07:14,538.14
2022-04-01 01:07:19,538.07
2022-04-01 01:07:24,542.3685109465936
2022-04-01 01:07:29,538.08
2022-04-01 01:07:34,542.3874360734007
2022-04-01 01:07:39,538.07
2022-04-01 01:07:44,542.406361200208
2022-04-01 01:07:49,538.07
2022-04-01 01:07:54,542.4252863270151
2022-04-01 01:07:59,538.14
2022-04-01 01:08:04,538.14
2022-04-01 01:08:09,538.14
2022-04-01 01:08:14,538.14
2022-04-01 01:08:19,538.14
2022-04-01 01:08:24,538.2
2022-04-01 01:08:29,542.4915242708403
2022-04-01 01:08:34,538.14
2022-04-01 01:08:39,538.2
2022-04-01 01:08:44,538.27
2022-04-01 01:08:49,538.27
2022-04-01 01:08:54,538.27
2022-04-01 01:08:59,542.5482996512618
2022-04-01 01:09:04,542.5577622146654
2022-04-01 01:09:09,538.3
2022-04-01 01:09:14,542.5766873414725
2022-04-01 01:09:19,538.43
2022-04-01 01:09:24,542.5956124682797
2022-04-01 01:09:29,538.43
2022-04-01 01:09:34,538.43
2022-04-01 01:09:39,538.49
2022-04-01 01:09:44,542.633462721894
2022-04-01 01:09:49,542.6429252852977
2022-04-01 01:09:54,538.49
2022-04-01 01:09:59,542.6618504121049
2022-04-01 01:10:04,542.6713129755084
2022-04-01 01:10:09,542.6807755389119
2022-04-01 01:10:14,542.6902381023156
2022-04-01 01:10:19,538.65
2022-04-01 01:10:24,542.7091632291227
2022-04-01 01:10:29,538.78
2022-04-01 01:10:34,538.81
2022-04-01 01:10:39,538.81
2022-04-01 01:10:44,538.81
2022-04-01 01:10:49,542.7564760461407
2022-04-01 01:10:54,538.94
2022-04-01 01:10:59,539.0
2022-04-01 01:11:04,539.07
2022-04-01 01:11:09,539.07
2022-04-01 01:11:14,539.16
2022-04-01 01:11:19,539.23
2022-04-01 01:11:24,539.29
2022-04-01 01:11:29,539.32
2022-04-01 01:11:34,539.39
2022-04-01 01:11:39,542.8511016801765
2022-04-01 01:11:44,539.58
2022-04-01 01:11:49,539.62
2022-04-01 01:11:54,539.68
2022-04-01 01:11:59,542.8889519337908
2022-04-01 01:12:04,539.8
2022-04-01 01:12:09,539.84
2022-04-01 01:12:14,542.9173396240017
2022-04-01 01:12:19,542.9268021874052
2022-04-01 01:12:24,540.09
2022-04-01 01:12:29,540.12
2022-04-01 01:12:34,540.25
2022-04-01 01:12:39,540.32
2022-04-01 01:12:44,542.9741150044232
2022-04-01 01:12:49,540.41
2022-04-01 01:12:54,540.48
2022-04-01 01:12:59,540.54
2022-04-01 01:13:04,540.54
2022-04-01 01:13:09,540.6
2022-04-01 01:13:14,540.63
2022-04-01 01:13:19,543.0403529482483
2022-04-01 01:13:24,540.76
2022-04-01 01:13:29,543.0592780750554
2022-04-01 01:13:34,540.85
2022-04-01 01:13:39,540.85
2022-04-01 01:13:44,540.98
2022-04-01 01:13:49,540.98
2022-04-01 01:13:54,541.11
2022-04-01 01:13:59,541.11
2022-04-01 01:14:04,543.1255160188806
2022-04-01 01:14:09,543.1349785822841
2022-04-01 01:14:14,541.26
2022-04-01 01:14:19,541.33
2022-04-01 01:14:24,541.36
2022-04-01 01:14:29,541.42
2022-04-01 01:14:34,543.1822913993021
2022-04-01 01:14:39,541.55
2022-04-01 01:14:44,543.2012165261092
2022-04-01 01:14:49,541.65
2022-04-01 01:14:54,541.71
2022-04-01 01:14:59,543.22960421632
2022-04-01 01:15:04,543.2390667797235
2022-04-01 01:15:09,541.86
2022-04-01 01:15:14,541.99
2022-04-01 01:15:19,541.99
2022-04-01 01:15:24,543.276917033338
2022-04-01 01:15:29,542.11
2022-04-01 01:15:34,542.15
2022-04-01 01:15:39,543.3053047235487
2022-04-01 01:15:44,542.27
2022-04-01 01:15:49,542.34
2022-04-01 01:15:54,542.33
2022-04-01 01:15:59,542.37
2022-04-01 01:16:04,542.43
2022-04-01 01:16:09,542.49
2022-04-01 01:16:14,542.49
2022-04-01 01:16:19,543.3810052307774
2022-04-01 01:16:24,542.62
2022-04-01 01:16:29,542.62
2022-04-01 01:16:34,542.65
2022-04-01 01:16:39,542.71
2022-04-01 01:16:44,542.78
2022-04-01 01:16:49,542.84
2022-04-01 01:16:54,542.84
2022-04-01 01:16:59,543.4567057380061
2022-04-01 01:17:04,542.94
2022-04-01 01:17:09,543.0
2022-04-01 01:17:14,543.4850934282169
2022-04-01 01:17:19,543.16
2022-04-01 01:17:24,543.16
2022-04-01 01:17:29,543.23
2022-04-01 01:17:34,543.29
2022-04-01 01:17:39,543.35
2022-04-01 01:17:44,543.5418688086385
2022-04-01 01:17:49,543.5513313720419
2022-04-01 01:17:54,543.51
2022-04-01 01:17:59,543.5702564988492
2022-04-01 01:18:04,543.5797190622527
2022-04-01 01:18:09,543.64
2022-04-01 01:18:14,543.67
2022-04-01 01:18:19,543.73
2022-04-01 01:18:24,543.8
2022-04-01 01:18:29,543.8
2022-04-01 01:18:34,543.86
2022-04-01 01:18:39,543.6459570060779
2022-04-01 01:18:44,543.96
2022-04-01 01:18:49,544.02
2022-04-01 01:18:54,544.02
2022-04-01 01:18:59,543.6838072596922
2022-04-01 01:19:04,544.15
2022-04-01 01:19:09,543.6396610583002
2022-04-01 01:19:14,544.18
2022-04-01 01:19:19,544.18
2022-04-01 01:19:24,544.18
2022-04-01 01:19:29,543.4815876115515
2022-04-01 01:19:34,544.31
2022-04-01 01:19:39,544.31
2022-04-01 01:19:44,544.38
2022-04-01 01:19:49,543.3235141648032
2022-04-01 01:19:54,544.41
2022-04-01 01:19:59,544.47
2022-04-01 01:20:04,544.53
2022-04-01 01:20:09,544.6
2022-04-01 01:20:14,544.67
2022-04-01 01:20:19,544.7
2022-04-01 01:20:24,543.0468856329929
2022-04-01 01:20:29,543.0073672713057
2022-04-01 01:20:34,544.82
2022-04-01 01:20:39,544.83
2022-04-01 01:20:44,544.89
2022-04-01 01:20:49,544.92
2022-04-01 01:20:54,544.92
2022-04-01 01:20:59,542.7702571011828
2022-04-01 01:21:04,545.05
2022-04-01 01:21:09,545.05
2022-04-01 01:21:14,545.11
2022-04-01 01:21:19,545.11
2022-04-01 01:21:24,545.18
2022-04-01 01:21:29,545.18
2022-04-01 01:21:34,545.21
2022-04-01 01:21:39,542.4541102076856
2022-04-01 01:21:44,545.21
2022-04-01 01:21:49,545.27
2022-04-01 01:21:54,545.27
2022-04-01 01:21:59,542.2960367609369
2022-04-01 01:22:04,545.27
2022-04-01 01:22:09,545.33
2022-04-01 01:22:14,542.1774816758755
2022-04-01 01:22:19,545.33
2022-04-01 01:22:24,545.4
2022-04-01 01:22:29,545.39
2022-04-01 01:22:34,542.0194082291267
2022-04-01 01:22:39,545.39
2022-04-01 01:22:44,545.33
2022-04-01 01:22:49,545.33
2022-04-01 01:22:54,545.33
2022-04-01 01:22:59,545.33
2022-04-01 01:23:04,545.26
2022-04-01 01:23:09,541.7427796973169
2022-04-01 01:23:14,545.26
2022-04-01 01:23:19,545.19
2022-04-01 01:23:24,545.19
2022-04-01 01:23:29,545.19
2022-04-01 01:23:34,541.545187888881
2022-04-01 01:23:39,545.15
2022-04-01 01:23:44,545.09
2022-04-01 01:23:49,541.4266328038194
2022-04-01 01:23:54,545.09
2022-04-01 01:23:59,545.09
2022-04-01 01:24:04,541.308077718758
2022-04-01 01:24:09,541.2685593570711
2022-04-01 01:24:14,544.96
2022-04-01 01:24:19,544.89
2022-04-01 01:24:24,544.89
2022-04-01 01:24:29,541.1104859103223
2022-04-01 01:24:34,544.79
2022-04-01 01:24:39,541.0314491869482
2022-04-01 01:24:44,544.72
2022-04-01 01:24:49,544.66
2022-04-01 01:24:54,540.9128941018866
2022-04-01 01:24:59,544.56
2022-04-01 01:25:04,544.5
2022-04-01 01:25:09,544.49
2022-04-01 01:25:14,544.43
2022-04-01 01:25:19,544.36
2022-04-01 01:25:24,540.6757839317638
2022-04-01 01:25:29,544.26
2022-04-01 01:25:34,540.5967472083892
2022-04-01 01:25:39,540.557228846702
2022-04-01 01:25:44,544.13
2022-04-01 01:25:49,544.1
2022-04-01 01:25:54,544.03
2022-04-01 01:25:59,544.03
2022-04-01 01:26:04,540.3596370382663
2022-04-01 01:26:09,543.9
2022-04-01 01:26:14,543.8
2022-04-01 01:26:19,543.8
2022-04-01 01:26:24,543.73
2022-04-01 01:26:29,543.67
2022-04-01 01:26:34,543.61
2022-04-01 01:26:39,543.57
2022-04-01 01:26:44,540.0434901447692
2022-04-01 01:26:49,540.0039717830819
2022-04-01 01:26:54,539.9644534213946
2022-04-01 01:26:59,543.28
2022-04-01 01:27:04,539.8854166980204
2022-04-01 01:27:09,539.8458983363331
2022-04-01 01:27:14,543.09
2022-04-01 01:27:19,543.05
2022-04-01 01:27:24,542.99
2022-04-01 01:27:29,542.92
2022-04-01 01:27:34,539.6483065278975
2022-04-01 01:27:39,542.79
2022-04-01 01:27:44,539.5692698045233
2022-04-01 01:27:49,542.69
2022-04-01 01:27:54,542.63
2022-04-01 01:27:59,542.57
2022-04-01 01:28:04,539.4111963577745
2022-04-01 01:28:09,539.3716779960873
2022-04-01 01:28:14,539.3321596344003
2022-04-01 01:28:19,542.34
2022-04-01 01:28:24,539.2531229110258
2022-04-01 01:28:29,542.27
2022-04-01 01:28:34,542.18
2022-04-01 01:28:39,542.11
2022-04-01 01:28:44,542.02
2022-04-01 01:28:49,542.02
2022-04-01 01:28:54,539.016012740903
2022-04-01 01:28:59,541.95
2022-04-01 01:29:04,541.82
2022-04-01 01:29:09,541.76
2022-04-01 01:29:14,541.73
2022-04-01 01:29:19,541.73
2022-04-01 01:29:24,541.6
2022-04-01 01:29:29,541.53
2022-04-01 01:29:34,541.5
2022-04-01 01:29:39,538.6603474857185
2022-04-01 01:29:44,538.6208291240316
2022-04-01 01:29:49,541.37
2022-04-01 01:29:54,541.37
2022-04-01 01:29:59,541.31
2022-04-01 01:30:04,541.21
2022-04-01 01:30:09,541.15
2022-04-01 01:30:14,538.3837189539083
2022-04-01 01:30:19,541.08
2022-04-01 01:30:24,538.3046822305341
2022-04-01 01:30:29,540.99
2022-04-01 01:30:34,540.99
2022-04-01 01:30:39,540.92
2022-04-01 01:30:44,538.1466087837854
2022-04-01 01:30:49,540.86
2022-04-01 01:30:54,540.79
2022-04-01 01:30:59,540.73
2022-04-01 01:31:04,540.73
2022-04-01 01:31:09,540.7
2022-04-01 01:31:14,540.63
2022-04-01 01:31:19,537.8699802519756
2022-04-01 01:31:24,540.57
2022-04-01 01:31:29,540.57
2022-04-01 01:31:34,537.7514251669141
2022-04-01 01:31:39,540.5
2022-04-01 01:31:44,540.47
2022-04-01 01:31:49,540.41
2022-04-01 01:31:54,540.34
2022-04-01 01:31:59,537.5538333584781
2022-04-01 01:32:04,540.21
2022-04-01 01:32:09,540.18
2022-04-01 01:32:14,540.12
2022-04-01 01:32:19,539.99
2022-04-01 01:32:24,539.99
2022-04-01 01:32:29,539.89
2022-04-01 01:32:34,539.83
2022-04-01 01:32:39,537.237686464981
2022-04-01 01:32:44,537.1981681032937
2022-04-01 01:32:49,539.6
2022-04-01 01:32:54,539.48
2022-04-01 01:32:59,539.44
2022-04-01 01:33:04,539.31
2022-04-01 01:33:09,539.25
2022-04-01 01:33:14,539.15
2022-04-01 01:33:19,539.09
2022-04-01 01:33:24,539.02
2022-04-01 01:33:29,538.93
2022-04-01 01:33:34,538.87
2022-04-01 01:33:39,538.74
2022-04-01 01:33:44,538.67
2022-04-01 01:33:49,538.64
2022-04-01 01:33:54,536.9339238064459
2022-04-01 01:33:59,538.45
2022-04-01 01:34:04,536.917518772563
2022-04-01 01:34:09,538.28
2022-04-01 01:34:14,538.22
2022-04-01 01:34:19,536.8929112217384
2022-04-01 01:34:24,536.8847087047969
2022-04-01 01:34:29,536.8765061878554
2022-04-01 01:34:34,538.0
2022-04-01 01:34:39,536.8601011539724
2022-04-01 01:34:44,536.8518986370309
2022-04-01 01:34:49,536.8436961200894
2022-04-01 01:34:54,537.84
2022-04-01 01:34:59,537.77
2022-04-01 01:35:04,537.71
2022-04-01 01:35:09,537.71
2022-04-01 01:35:14,537.71
2022-04-01 01:35:19,537.61
2022-04-01 01:35:24,537.61
2022-04-01 01:35:29,537.55
2022-04-01 01:35:34,536.7698734676159
2022-04-01 01:35:39,537.55
2022-04-01 01:35:44,537.55
2022-04-01 01:35:49,536.7452659167914
2022-04-01 01:35:54,537.42
2022-04-01 01:35:59,537.42
2022-04-01 01:36:04,536.720658365967
2022-04-01 01:36:09,537.39
2022-04-01 01:36:14,536.704253332084
2022-04-01 01:36:19,536.6960508151425
2022-04-01 01:36:24,537.42
2022-04-01 01:36:29,537.42
2022-04-01 01:36:34,536.671443264318
2022-04-01 01:36:39,536.6632407473766
2022-04-01 01:36:44,537.43
2022-04-01 01:36:49,537.39
2022-04-01 01:36:54,537.43
2022-04-01 01:36:59,537.4
2022-04-01 01:37:04,536.622228162669
2022-04-01 01:37:09,536.6140256457276
2022-04-01 01:37:14,537.4
2022-04-01 01:37:19,537.4
2022-04-01 01:37:24,537.4
2022-04-01 01:37:29,537.34
2022-04-01 01:37:34,537.34
2022-04-01 01:37:39,536.5648105440786
2022-04-01 01:37:44,537.34
2022-04-01 01:37:49,537.34
2022-04-01 01:37:54,536.5402029932541
2022-04-01 01:37:59,537.21
2022-04-01 01:38:04,537.27
2022-04-01 01:38:09,537.21
2022-04-01 01:38:14,537.15
2022-04-01 01:38:19,537.21
2022-04-01 01:38:24,537.15
2022-04-01 01:38:29,536.4827853746635
2022-04-01 01:38:34,537.15
2022-04-01 01:38:39,536.4663803407806
2022-04-01 01:38:44,536.4581778238392
2022-04-01 01:38:49,536.4499753068976
2022-04-01 01:38:54,536.4417727899561
2022-04-01 01:38:59,537.12
2022-04-01 01:39:04,536.4253677560731
2022-04-01 01:39:09,537.05
2022-04-01 01:39:14,536.99
2022-04-01 01:39:19,536.4007602052486
2022-04-01 01:39:24,536.99
2022-04-01 01:39:29,536.3843551713657
2022-04-01 01:39:34,536.93
2022-04-01 01:39:39,536.93
2022-04-01 01:39:44,536.3597476205412
2022-04-01 01:39:49,536.89
2022-04-01 01:39:54,536.89
2022-04-01 01:39:59,536.89
2022-04-01 01:40:04,536.89
2022-04-01 01:40:09,536.83
2022-04-01 01:40:14,536.3105325188922
2022-04-01 01:40:19,536.83
2022-04-01 01:40:24,536.76
2022-04-01 01:40:29,536.76
2022-04-01 01:40:34,536.76
2022-04-01 01:40:39,536.2695199341846
2022-04-01 01:40:44,536.2613174172432
2022-04-01 01:40:49,536.76
2022-04-01 01:40:54,536.2449123833602
2022-04-01 01:40:59,536.7
2022-04-01 01:41:04,536.7
2022-04-01 01:41:09,536.2203048325357
2022-04-01 01:41:14,536.7
2022-04-01 01:41:19,536.2038997986527
2022-04-01 01:41:24,536.7
2022-04-01 01:41:29,536.1874947647698
2022-04-01 01:41:34,536.1792922478282
2022-04-01 01:41:39,536.76
2022-04-01 01:41:44,536.1628872139453
2022-04-01 01:41:49,536.76
2022-04-01 01:41:54,536.76
2022-04-01 01:41:59,536.76
2022-04-01 01:42:04,536.82
2022-04-01 01:42:09,536.1218746292377
2022-04-01 01:42:14,536.82
2022-04-01 01:42:19,536.88
2022-04-01 01:42:24,536.88
2022-04-01 01:42:29,536.0890645614718
2022-04-01 01:42:34,536.88
2022-04-01 01:42:39,536.0726595275887
2022-04-01 01:42:44,536.88
2022-04-01 01:42:49,536.91
2022-04-01 01:42:54,536.91
2022-04-01 01:42:59,536.0398494598227
2022-04-01 01:43:04,536.9
2022-04-01 01:43:09,536.9
2022-04-01 01:43:14,536.0152419089983
2022-04-01 01:43:19,536.9
2022-04-01 01:43:24,535.9988368751153
2022-04-01 01:43:29,535.9906343581738
2022-04-01 01:43:34,536.9
2022-04-01 01:43:39,536.9
2022-04-01 01:43:44,536.9
2022-04-01 01:43:49,536.86
2022-04-01 01:43:54,535.9496217734663
2022-04-01 01:43:59,536.86
2022-04-01 01:44:04,536.8
2022-04-01 01:44:09,536.73
2022-04-01 01:44:14,536.73
2022-04-01 01:44:19,536.67
2022-04-01 01:44:24,535.9004066718173
2022-04-01 01:44:29,536.6
2022-04-01 01:44:34,535.8840016379344
2022-04-01 01:44:39,536.57
2022-04-01 01:44:44,535.8675966040513
2022-04-01 01:44:49,536.5
2022-04-01 01:44:54,536.5
2022-04-01 01:44:59,535.8429890532268
2022-04-01 01:45:04,535.8347865362854
2022-04-01 01:45:09,536.37
2022-04-01 01:45:14,535.8183815024023
2022-04-01 01:45:19,536.28
2022-04-01 01:45:24,535.8019764685193
2022-04-01 01:45:29,536.28
2022-04-01 01:45:34,535.7855714346364
2022-04-01 01:45:39,536.15
2022-04-01 01:45:44,536.15
2022-04-01 01:45:49,536.08
2022-04-01 01:45:54,536.08
2022-04-01 01:45:59,535.7445588499289
2022-04-01 01:46:04,536.05
2022-04-01 01:46:09,536.05
2022-04-01 01:46:14,535.99
2022-04-01 01:46:19,535.99
2022-04-01 01:46:24,535.99
2022-04-01 01:46:29,535.99
2022-04-01 01:46:34,535.86
2022-04-01 01:46:39,535.92
2022-04-01 01:46:44,535.86
2022-04-01 01:46:49,535.86
2022-04-01 01:46:54,535.86
2022-04-01 01:46:59,535.86
2022-04-01 01:47:04,535.6379261296895
2022-04-01 01:47:09,535.86
2022-04-01 01:47:14,535.92
2022-04-01 01:47:19,535.6392082343707
2022-04-01 01:47:24,535.92
2022-04-01 01:47:29,535.92
2022-04-01 01:47:34,535.99
2022-04-01 01:47:39,536.05
2022-04-01 01:47:44,535.7088111510285
2022-04-01 01:47:49,536.09
2022-04-01 01:47:54,535.7366523176917
2022-04-01 01:47:59,535.7505729010232
2022-04-01 01:48:04,536.09
2022-04-01 01:48:09,535.7784140676863
2022-04-01 01:48:14,536.15
2022-04-01 01:48:19,535.8062552343496
2022-04-01 01:48:24,535.820175817681
2022-04-01 01:48:29,536.21
2022-04-01 01:48:34,536.28
2022-04-01 01:48:39,536.28
2022-04-01 01:48:44,536.28
2022-04-01 01:48:49,536.34
2022-04-01 01:48:54,536.35
2022-04-01 01:48:59,536.34
2022-04-01 01:49:04,536.38
2022-04-01 01:49:09,536.38
2022-04-01 01:49:14,535.9593816509968
2022-04-01 01:49:19,536.38
2022-04-01 01:49:24,536.37
2022-04-01 01:49:29,536.44
2022-04-01 01:49:34,536.44
2022-04-01 01:49:39,536.0289845676546
2022-04-01 01:49:44,536.0429051509861
2022-04-01 01:49:49,536.44
2022-04-01 01:49:54,536.44
2022-04-01 01:49:59,536.0846669009809
2022-04-01 01:50:04,536.0985874843125
2022-04-01 01:50:09,536.37
2022-04-01 01:50:14,536.1264286509756
2022-04-01 01:50:19,536.1403492343072
2022-04-01 01:50:24,536.34
2022-04-01 01:50:29,536.27
2022-04-01 01:50:34,536.27
2022-04-01 01:50:39,536.21
2022-04-01 01:50:44,536.209952150965
2022-04-01 01:50:49,536.14
2022-04-01 01:50:54,536.2377933176281
2022-04-01 01:50:59,536.2517139009598
2022-04-01 01:51:04,536.05
2022-04-01 01:51:09,535.98
2022-04-01 01:51:14,535.92
2022-04-01 01:51:19,535.85
2022-04-01 01:51:24,536.3213168176176
2022-04-01 01:51:29,535.82
2022-04-01 01:51:34,535.68
2022-04-01 01:51:39,535.68
2022-04-01 01:51:44,535.62
2022-04-01 01:51:49,535.56
2022-04-01 01:51:54,535.56
2022-04-01 01:51:59,535.52
2022-04-01 01:52:04,535.46
2022-04-01 01:52:09,535.39
2022-04-01 01:52:14,535.32
2022-04-01 01:52:19,535.32
2022-04-01 01:52:24,535.32
2022-04-01 01:52:29,535.29
2022-04-01 01:52:34,535.29
2022-04-01 01:52:39,535.23
2022-04-01 01:52:44,535.22
2022-04-01 01:52:49,535.22
2022-04-01 01:52:54,535.22
2022-04-01 01:52:59,535.22
2022-04-01 01:53:04,535.22
2022-04-01 01:53:09,536.6136490675807
2022-04-01 01:53:14,535.28
2022-04-01 01:53:19,535.21
2022-04-01 01:53:24,535.28
2022-04-01 01:53:29,535.28
2022-04-01 01:53:34,536.6832519842385
2022-04-01 01:53:39,535.31
2022-04-01 01:53:44,535.37
2022-04-01 01:53:49,535.43
2022-04-01 01:53:54,535.43
2022-04-01 01:53:59,536.7528549008963
2022-04-01 01:54:04,536.7667754842279
2022-04-01 01:54:09,535.59
2022-04-01 01:54:14,535.59
2022-04-01 01:54:19,536.8085372342226
2022-04-01 01:54:24,536.8224578175542
2022-04-01 01:54:29,536.8363784008857
2022-04-01 01:54:34,536.8502989842173
2022-04-01 01:54:39,535.81
2022-04-01 01:54:44,535.88
2022-04-01 01:54:49,535.88
2022-04-01 01:54:54,535.94
2022-04-01 01:54:59,536.9199019008751
2022-04-01 01:55:04,536.9338224842068
2022-04-01 01:55:09,536.03
2022-04-01 01:55:14,536.1
2022-04-01 01:55:19,536.9755842342014
2022-04-01 01:55:24,536.22
2022-04-01 01:55:29,536.29
2022-04-01 01:55:34,537.0173459841961
2022-04-01 01:55:39,536.45
2022-04-01 01:55:44,536.51
2022-04-01 01:55:49,537.0591077341909
2022-04-01 01:55:54,536.61
2022-04-01 01:55:59,537.086948900854
2022-04-01 01:56:04,537.1008694841855
2022-04-01 01:56:09,537.1147900675171
2022-04-01 01:56:14,536.83
2022-04-01 01:56:19,537.1426312341803
2022-04-01 01:56:24,537.03
2022-04-01 01:56:29,537.06
2022-04-01 01:56:34,537.184392984175
2022-04-01 01:56:39,537.1983135675066
2022-04-01 01:56:44,537.25
2022-04-01 01:56:49,537.35
2022-04-01 01:56:54,537.41
2022-04-01 01:56:59,537.48
2022-04-01 01:57:04,537.54
2022-04-01 01:57:09,537.57
2022-04-01 01:57:14,537.57
2022-04-01 01:57:19,537.7
2022-04-01 01:57:24,537.76
2022-04-01 01:57:29,537.77
2022-04-01 01:57:34,537.86
2022-04-01 01:57:39,537.3653605674854
2022-04-01 01:57:44,537.3792811508171
2022-04-01 01:57:49,537.99
2022-04-01 01:57:54,538.09
2022-04-01 01:57:59,538.09
2022-04-01 01:58:04,538.21
2022-04-01 01:58:09,538.28
2022-04-01 01:58:14,538.28
2022-04-01 01:58:19,538.34
2022-04-01 01:58:24,538.38
2022-04-01 01:58:29,538.44
2022-04-01 01:58:34,538.5
2022-04-01 01:58:39,537.5324075674642
2022-04-01 01:58:44,537.5463281507958
2022-04-01 01:58:49,538.67
2022-04-01 01:58:54,538.73
2022-04-01 01:58:59,537.5880899007906
2022-04-01 01:59:04,538.8
2022-04-01 01:59:09,537.6159310674536
2022-04-01 01:59:14,538.96
2022-04-01 01:59:19,537.6437722341168
2022-04-01 01:59:24,537.6576928174484
2022-04-01 01:59:29,539.09
2022-04-01 01:59:34,539.12
2022-04-01 01:59:39,539.18
2022-04-01 01:59:44,539.25
2022-04-01 01:59:49,537.7272957341062
2022-04-01 01:59:54,539.31
2022-04-01 01:59:59,539.31
2022-04-01 02:00:04,539.41
2022-04-01 02:00:09,539.41
2022-04-01 02:00:14,539.47
2022-04-01 02:00:19,539.54
2022-04-01 02:00:24,539.6
2022-04-01 02:00:29,539.53
2022-04-01 02:00:34,539.6
2022-04-01 02:00:39,539.63
2022-04-01 02:00:44,539.7
2022-04-01 02:00:49,537.8943427340852
2022-04-01 02:00:54,539.76
2022-04-01 02:00:59,539.83
2022-04-01 02:01:04,537.9361044840799
2022-04-01 02:01:09,539.83
2022-04-01 02:01:14,537.963945650743
2022-04-01 02:01:19,539.93
2022-04-01 02:01:24,539.93
2022-04-01 02:01:29,538.0022199038784
2022-04-01 02:01:34,539.99
2022-04-01 02:01:39,540.05
2022-04-01 02:01:44,538.0390267579646
2022-04-01 02:01:49,540.05
2022-04-01 02:01:54,540.12
2022-04-01 02:01:59,540.12
2022-04-01 02:02:04,540.12
2022-04-01 02:02:09,540.15
2022-04-01 02:02:14,538.112640466137
2022-04-01 02:02:19,540.21
2022-04-01 02:02:24,538.1371783688611
2022-04-01 02:02:29,540.28
2022-04-01 02:02:34,540.34
2022-04-01 02:02:39,540.35
2022-04-01 02:02:44,540.35
2022-04-01 02:02:49,540.41
2022-04-01 02:02:54,540.41
2022-04-01 02:02:59,538.2230610283956
2022-04-01 02:03:04,540.44
2022-04-01 02:03:09,540.5
2022-04-01 02:03:14,538.2598678824818
2022-04-01 02:03:19,540.51
2022-04-01 02:03:24,538.2844057852059
2022-04-01 02:03:29,540.64
2022-04-01 02:03:34,538.3089436879301
2022-04-01 02:03:39,540.67
2022-04-01 02:03:44,540.74
2022-04-01 02:03:49,538.3457505420163
2022-04-01 02:03:54,540.74
2022-04-01 02:03:59,540.74
2022-04-01 02:04:04,540.8
2022-04-01 02:04:09,540.8
2022-04-01 02:04:14,538.4070952988266
2022-04-01 02:04:19,540.87
2022-04-01 02:04:24,540.93
2022-04-01 02:04:29,540.93
2022-04-01 02:04:34,538.4561711042749
2022-04-01 02:04:39,541.03
2022-04-01 02:04:44,538.480709006999
2022-04-01 02:04:49,541.03
2022-04-01 02:04:54,538.5052469097232
2022-04-01 02:04:59,538.5175158610851
2022-04-01 02:05:04,541.16
2022-04-01 02:05:09,538.5420537638093
2022-04-01 02:05:14,541.26
2022-04-01 02:05:19,538.5665916665334
2022-04-01 02:05:24,541.32
2022-04-01 02:05:29,538.5911295692575
2022-04-01 02:05:34,541.33
2022-04-01 02:05:39,541.46
2022-04-01 02:05:44,541.46
2022-04-01 02:05:49,541.49
2022-04-01 02:05:54,538.6524743260679
2022-04-01 02:05:59,541.55
2022-04-01 02:06:04,541.62
2022-04-01 02:06:09,541.62
2022-04-01 02:06:14,541.68
2022-04-01 02:06:19,541.72
2022-04-01 02:06:24,541.72
2022-04-01 02:06:29,541.78
2022-04-01 02:06:34,541.85
2022-04-01 02:06:39,541.85
2022-04-01 02:06:44,541.91
2022-04-01 02:06:49,541.98
2022-04-01 02:06:54,538.7997017424127
2022-04-01 02:06:59,542.01
2022-04-01 02:07:04,538.8242396451368
2022-04-01 02:07:09,542.01
2022-04-01 02:07:14,542.08
2022-04-01 02:07:19,542.07
2022-04-01 02:07:24,538.8733154505851
2022-04-01 02:07:29,542.2
2022-04-01 02:07:34,542.21
2022-04-01 02:07:39,542.21
2022-04-01 02:07:44,538.9223912560333
2022-04-01 02:07:49,542.24
2022-04-01 02:07:54,538.9469291587575
2022-04-01 02:07:59,542.21
2022-04-01 02:08:04,542.3
2022-04-01 02:08:09,538.9837360128437
2022-04-01 02:08:14,542.3
2022-04-01 02:08:19,542.3
2022-04-01 02:08:24,542.3
2022-04-01 02:08:29,542.3
2022-04-01 02:08:34,542.3
2022-04-01 02:08:39,542.3
2022-04-01 02:08:44,542.3
2022-04-01 02:08:49,539.0818876237402
2022-04-01 02:08:54,539.0941565751023
2022-04-01 02:08:59,539.1064255264644
2022-04-01 02:09:04,542.3
2022-04-01 02:09:09,539.1309634291885
2022-04-01 02:09:14,542.3
2022-04-01 02:09:19,539.1555013319125
2022-04-01 02:09:24,542.36
2022-04-01 02:09:29,539.1800392346368
2022-04-01 02:09:34,542.36
2022-04-01 02:09:39,542.36
2022-04-01 02:09:44,539.216846088723
2022-04-01 02:09:49,542.36
2022-04-01 02:09:54,542.36
2022-04-01 02:09:59,542.36
2022-04-01 02:10:04,539.2659218941711
2022-04-01 02:10:09,542.36
2022-04-01 02:10:14,539.2904597968953
2022-04-01 02:10:19,542.35
2022-04-01 02:10:24,542.35
2022-04-01 02:10:29,542.35
2022-04-01 02:10:34,539.3395356023435
2022-04-01 02:10:39,539.3518045537056
2022-04-01 02:10:44,542.29
2022-04-01 02:10:49,539.3763424564297
2022-04-01 02:10:54,542.29
2022-04-01 02:10:59,542.22
2022-04-01 02:11:04,539.4131493105159
2022-04-01 02:11:09,539.425418261878
2022-04-01 02:11:14,542.22
2022-04-01 02:11:19,542.19
2022-04-01 02:11:24,539.4622251159642
2022-04-01 02:11:29,542.12
2022-04-01 02:11:34,542.12
2022-04-01 02:11:39,539.4990319700504
2022-04-01 02:11:44,539.5113009214125
2022-04-01 02:11:49,542.12
2022-04-01 02:11:54,542.05
2022-04-01 02:11:59,542.05
2022-04-01 02:12:04,541.99
2022-04-01 02:12:09,539.5726456782228
2022-04-01 02:12:14,541.98
2022-04-01 02:12:19,539.5971835809469
2022-04-01 02:12:24,541.98
2022-04-01 02:12:29,541.98
2022-04-01 02:12:34,539.6339904350331
2022-04-01 02:12:39,541.95
2022-04-01 02:12:44,541.95
2022-04-01 02:12:49,541.98
2022-04-01 02:12:54,541.98
2022-04-01 02:12:59,541.95
2022-04-01 02:13:04,541.95
2022-04-01 02:13:09,541.98
2022-04-01 02:13:14,541.94
2022-04-01 02:13:19,541.95
2022-04-01 02:13:24,541.98
2022-04-01 02:13:29,541.98
2022-04-01 02:13:34,541.94
2022-04-01 02:13:39,541.95
2022-04-01 02:13:44,539.805755754102
2022-04-01 02:13:49,541.94
2022-04-01 02:13:54,541.94
2022-04-01 02:13:59,541.98
2022-04-01 02:14:04,541.98
2022-04-01 02:14:09,539.8671005109123
2022-04-01 02:14:14,542.04
2022-04-01 02:14:19,539.8916384136365
2022-04-01 02:14:24,542.04
2022-04-01 02:14:29,539.9161763163606
2022-04-01 02:14:34,542.11
2022-04-01 02:14:39,539.9407142190847
2022-04-01 02:14:44,542.17
2022-04-01 02:14:49,539.9652521218089
2022-04-01 02:14:54,542.17
2022-04-01 02:14:59,542.17
2022-04-01 02:15:04,540.0020589758951
2022-04-01 02:15:09,542.2
2022-04-01 02:15:14,540.0265968786192
2022-04-01 02:15:19,542.27
2022-04-01 02:15:24,542.27
2022-04-01 02:15:29,542.27
2022-04-01 02:15:34,542.33
2022-04-01 02:15:39,542.34
2022-04-01 02:15:44,542.4
2022-04-01 02:15:49,542.4
2022-04-01 02:15:54,542.4
2022-04-01 02:15:59,540.1951294321054
2022-04-01 02:16:04,542.4
2022-04-01 02:16:09,542.4
2022-04-01 02:16:14,542.4
2022-04-01 02:16:19,542.4
2022-04-01 02:16:24,542.34
2022-04-01 02:16:29,540.3181802560115
2022-04-01 02:16:34,540.3386887266626
2022-04-01 02:16:39,542.21
2022-04-01 02:16:44,542.18
2022-04-01 02:16:49,542.05
2022-04-01 02:16:54,541.98
2022-04-01 02:16:59,541.95
2022-04-01 02:17:04,541.82
2022-04-01 02:17:09,540.4822480212194
2022-04-01 02:17:14,540.5027564918705
2022-04-01 02:17:19,540.5232649625216
2022-04-01 02:17:24,541.54
2022-04-01 02:17:29,540.5642819038236
2022-04-01 02:17:34,541.38
2022-04-01 02:17:39,540.6052988451257
2022-04-01 02:17:44,541.19
2022-04-01 02:17:49,541.09
2022-04-01 02:17:54,541.03
2022-04-01 02:17:59,540.6873327277297
2022-04-01 02:18:04,540.7078411983807
2022-04-01 02:18:09,540.67
2022-04-01 02:18:14,540.64
2022-04-01 02:18:19,540.51
2022-04-01 02:18:24,540.42
2022-04-01 02:18:29,540.35
2022-04-01 02:18:34,540.22
2022-04-01 02:18:39,540.12
2022-04-01 02:18:44,540.8719089635887
2022-04-01 02:18:49,540.8924174342397
2022-04-01 02:18:54,540.9129259048908
2022-04-01 02:18:59,539.71
2022-04-01 02:19:04,539.61
2022-04-01 02:19:09,539.48
2022-04-01 02:19:14,539.42
2022-04-01 02:19:19,539.32
2022-04-01 02:19:24,541.0359767287969
2022-04-01 02:19:29,539.13
2022-04-01 02:19:34,539.03
2022-04-01 02:19:39,538.91
2022-04-01 02:19:44,538.74
2022-04-01 02:19:49,538.68
2022-04-01 02:19:54,538.58
2022-04-01 02:19:59,538.52
2022-04-01 02:20:04,541.2000444940048
2022-04-01 02:20:09,538.29
2022-04-01 02:20:14,538.23
2022-04-01 02:20:19,538.1
2022-04-01 02:20:24,538.07
2022-04-01 02:20:29,538.01
2022-04-01 02:20:34,537.88
2022-04-01 02:20:39,537.85
2022-04-01 02:20:44,537.78
2022-04-01 02:20:49,541.3846207298639
2022-04-01 02:20:54,537.72
2022-04-01 02:20:59,541.4256376711659
2022-04-01 02:21:04,537.59
2022-04-01 02:21:09,541.466654612468
2022-04-01 02:21:14,537.43
2022-04-01 02:21:19,541.5076715537699
2022-04-01 02:21:24,541.528180024421
2022-04-01 02:21:29,537.37
2022-04-01 02:21:34,537.34
2022-04-01 02:21:39,537.27
2022-04-01 02:21:44,537.27
2022-04-01 02:21:49,537.21
2022-04-01 02:21:54,537.14
2022-04-01 02:21:59,537.14
2022-04-01 02:22:04,541.6922477896289
2022-04-01 02:22:09,537.14
2022-04-01 02:22:14,537.08
2022-04-01 02:22:19,541.753773201582
2022-04-01 02:22:24,541.7742816722331
2022-04-01 02:22:29,537.05
2022-04-01 02:22:34,541.815298613535
2022-04-01 02:22:39,537.05
2022-04-01 02:22:44,541.8563155548371
2022-04-01 02:22:49,537.05
2022-04-01 02:22:54,541.8973324961391
2022-04-01 02:22:59,537.06
2022-04-01 02:23:04,541.938349437441
2022-04-01 02:23:09,541.9588579080921
2022-04-01 02:23:14,541.9793663787432
2022-04-01 02:23:19,537.06
2022-04-01 02:23:24,537.06
2022-04-01 02:23:29,537.09
2022-04-01 02:23:34,537.09
2022-04-01 02:23:39,542.0819087319982
2022-04-01 02:23:44,542.1024172026492
2022-04-01 02:23:49,537.16
2022-04-01 02:23:54,542.1434341439511
2022-04-01 02:23:59,537.23
2022-04-01 02:24:04,537.22
2022-04-01 02:24:09,537.29
2022-04-01 02:24:14,537.36
2022-04-01 02:24:19,537.39
2022-04-01 02:24:24,537.39
2022-04-01 02:24:29,537.45
2022-04-01 02:24:34,537.52
2022-04-01 02:24:39,537.58
2022-04-01 02:24:44,542.3485188504613
2022-04-01 02:24:49,537.62
2022-04-01 02:24:54,542.3895357917633
2022-04-01 02:24:59,542.4100442624143
2022-04-01 02:25:04,537.75
2022-04-01 02:25:09,537.81
2022-04-01 02:25:14,537.88
2022-04-01 02:25:19,537.88
2022-04-01 02:25:24,537.91
2022-04-01 02:25:29,537.91
2022-04-01 02:25:34,537.97
2022-04-01 02:25:39,538.04
2022-04-01 02:25:44,538.1
2022-04-01 02:25:49,538.14
2022-04-01 02:25:54,538.1
2022-04-01 02:25:59,538.2
2022-04-01 02:26:04,538.27
2022-04-01 02:26:09,542.6971628515283
2022-04-01 02:26:14,538.33
2022-04-01 02:26:19,542.7381797928304
2022-04-01 02:26:24,538.43
2022-04-01 02:26:29,542.7791967341325
2022-04-01 02:26:34,538.56
2022-04-01 02:26:39,538.49
2022-04-01 02:26:44,542.8407221460855
2022-04-01 02:26:49,538.62
2022-04-01 02:26:54,538.65
2022-04-01 02:26:59,542.9022475580385
2022-04-01 02:27:04,538.72
2022-04-01 02:27:09,538.78
2022-04-01 02:27:14,538.84
2022-04-01 02:27:19,542.9842814406426
2022-04-01 02:27:24,538.94
2022-04-01 02:27:29,539.0
2022-04-01 02:27:34,543.0458068525955
2022-04-01 02:27:39,543.0663153232465
2022-04-01 02:27:44,539.16
2022-04-01 02:27:49,539.23
2022-04-01 02:27:54,539.29
2022-04-01 02:27:59,539.42
2022-04-01 02:28:04,539.45
2022-04-01 02:28:09,539.58
2022-04-01 02:28:14,539.64
2022-04-01 02:28:19,543.2303830884547
2022-04-01 02:28:24,539.87
2022-04-01 02:28:29,539.93
2022-04-01 02:28:34,540.02
2022-04-01 02:28:39,540.09
2022-04-01 02:28:44,540.15
2022-04-01 02:28:49,543.3534339123607
2022-04-01 02:28:54,540.31
2022-04-01 02:28:59,540.48
2022-04-01 02:29:04,543.4149593243137
2022-04-01 02:29:09,543.4354677949646
2022-04-01 02:29:14,540.66
2022-04-01 02:29:19,543.4764847362667
2022-04-01 02:29:24,540.83
2022-04-01 02:29:29,543.5175016775687
2022-04-01 02:29:34,540.95
2022-04-01 02:29:39,540.98
2022-04-01 02:29:44,541.11
2022-04-01 02:29:49,541.18
2022-04-01 02:29:54,543.581855865265
2022-04-01 02:29:59,541.34
2022-04-01 02:30:04,541.4
2022-04-01 02:30:09,541.4
2022-04-01 02:30:14,543.6333033017868
2022-04-01 02:30:19,541.5
2022-04-01 02:30:24,541.56
2022-04-01 02:30:29,541.63
2022-04-01 02:30:34,541.69
2022-04-01 02:30:39,543.697612597439
2022-04-01 02:30:44,541.72
2022-04-01 02:30:49,541.78
2022-04-01 02:30:54,541.85
2022-04-01 02:30:59,541.91
2022-04-01 02:31:04,543.7619218930913
2022-04-01 02:31:09,542.01
2022-04-01 02:31:14,542.07
2022-04-01 02:31:19,542.14
2022-04-01 02:31:24,543.8133693296132
2022-04-01 02:31:29,542.2
2022-04-01 02:31:34,542.2
2022-04-01 02:31:39,542.23
2022-04-01 02:31:44,543.8648167661349
2022-04-01 02:31:49,542.3
2022-04-01 02:31:54,542.29
2022-04-01 02:31:59,542.3
2022-04-01 02:32:04,542.42
2022-04-01 02:32:09,542.42
2022-04-01 02:32:14,543.9419879209175
2022-04-01 02:32:19,542.49
2022-04-01 02:32:24,542.52
2022-04-01 02:32:29,542.59
2022-04-01 02:32:34,542.65
2022-04-01 02:32:39,542.65
2022-04-01 02:32:44,542.71
2022-04-01 02:32:49,542.75
2022-04-01 02:32:54,542.81
2022-04-01 02:32:59,544.0577446530916
2022-04-01 02:33:04,542.87
2022-04-01 02:33:09,542.94
2022-04-01 02:33:14,544.096330230483
2022-04-01 02:33:19,543.04
2022-04-01 02:33:24,543.1
2022-04-01 02:33:29,544.1349158078743
2022-04-01 02:33:34,544.1477776670048
2022-04-01 02:33:39,544.1606395261352
2022-04-01 02:33:44,543.33
2022-04-01 02:33:49,543.46
2022-04-01 02:33:54,543.52
2022-04-01 02:33:59,543.55
2022-04-01 02:34:04,543.62
2022-04-01 02:34:09,544.237810680918
2022-04-01 02:34:14,544.2506725400483
2022-04-01 02:34:19,543.84
2022-04-01 02:34:24,543.91
2022-04-01 02:34:29,543.91
2022-04-01 02:34:34,544.3021199765702
2022-04-01 02:34:39,544.3149818357007
2022-04-01 02:34:44,544.2
2022-04-01 02:34:49,544.2
2022-04-01 02:34:54,544.26
2022-04-01 02:34:59,544.26
2022-04-01 02:35:04,544.42
2022-04-01 02:35:09,544.49
2022-04-01 02:35:14,544.4050148496138
2022-04-01 02:35:19,544.59
2022-04-01 02:35:24,544.4307385678748
2022-04-01 02:35:29,544.65
2022-04-01 02:35:34,544.72
2022-04-01 02:35:39,544.78
2022-04-01 02:35:44,544.81
2022-04-01 02:35:49,544.87
2022-04-01 02:35:54,544.94
2022-04-01 02:35:59,544.94
2022-04-01 02:36:04,544.5336334409183
2022-04-01 02:36:09,544.5464953000487
2022-04-01 02:36:14,545.0
2022-04-01 02:36:19,544.5722190183096
2022-04-01 02:36:24,545.1
2022-04-01 02:36:29,544.5979427365705
2022-04-01 02:36:34,545.16
2022-04-01 02:36:39,545.16
2022-04-01 02:36:44,545.22
2022-04-01 02:36:49,545.22
2022-04-01 02:36:54,545.22
2022-04-01 02:36:59,545.22
2022-04-01 02:37:04,544.6879757504836
2022-04-01 02:37:09,545.28
2022-04-01 02:37:14,545.28
2022-04-01 02:37:19,544.726561327875
2022-04-01 02:37:24,544.7394231870055
2022-04-01 02:37:29,544.752285046136
2022-04-01 02:37:34,545.31
2022-04-01 02:37:39,545.28
2022-04-01 02:37:44,545.31
2022-04-01 02:37:49,545.31
2022-04-01 02:37:54,545.31
2022-04-01 02:37:59,544.8294562009187
2022-04-01 02:38:04,544.842318060049
2022-04-01 02:38:09,545.31
2022-04-01 02:38:14,545.31
2022-04-01 02:38:19,545.31
2022-04-01 02:38:24,544.8937654965708
2022-04-01 02:38:29,545.37
2022-04-01 02:38:34,544.9194892148317
2022-04-01 02:38:39,545.3
2022-04-01 02:38:44,545.3
2022-04-01 02:38:49,545.37
2022-04-01 02:38:54,544.9709366513536
2022-04-01 02:38:59,545.43
2022-04-01 02:39:04,545.42
2022-04-01 02:39:09,545.42
2022-04-01 02:39:14,545.42
2022-04-01 02:39:19,545.0352459470057
2022-04-01 02:39:24,545.42
2022-04-01 02:39:29,545.42
2022-04-01 02:39:34,545.0738315243972
2022-04-01 02:39:39,545.0866933835276
2022-04-01 02:39:44,545.0995552426581
2022-04-01 02:39:49,545.55
2022-04-01 02:39:54,545.55
2022-04-01 02:39:59,545.54
2022-04-01 02:40:04,545.58
2022-04-01 02:40:09,545.57
2022-04-01 02:40:14,545.57
2022-04-01 02:40:19,545.63
2022-04-01 02:40:24,545.57
2022-04-01 02:40:29,545.63
2022-04-01 02:40:34,545.63
2022-04-01 02:40:39,545.7
2022-04-01 02:40:44,545.63
2022-04-01 02:40:49,545.266759411354
2022-04-01 02:40:54,545.7
2022-04-01 02:40:59,545.2924831296148
2022-04-01 02:41:04,545.3053449887453
2022-04-01 02:41:09,545.76
2022-04-01 02:41:14,545.76
2022-04-01 02:41:19,545.79
2022-04-01 02:41:24,545.356792425267
2022-04-01 02:41:29,545.3696542843975
2022-04-01 02:41:34,545.3825161435279
2022-04-01 02:41:39,545.85
2022-04-01 02:41:44,545.92
2022-04-01 02:41:49,545.92
2022-04-01 02:41:54,545.98
2022-04-01 02:41:59,545.92
2022-04-01 02:42:04,545.4596872983107
2022-04-01 02:42:09,545.98
2022-04-01 02:42:14,545.4854110165716
2022-04-01 02:42:19,545.98
2022-04-01 02:42:24,546.05
2022-04-01 02:42:29,545.5239965939629
2022-04-01 02:42:34,546.05
2022-04-01 02:42:39,546.08
2022-04-01 02:42:44,546.05
2022-04-01 02:42:49,545.5754440304847
2022-04-01 02:42:54,545.5883058896151
2022-04-01 02:42:59,546.14
2022-04-01 02:43:04,546.14
2022-04-01 02:43:09,546.14
2022-04-01 02:43:14,546.21
2022-04-01 02:43:19,546.14
2022-04-01 02:43:24,546.14
2022-04-01 02:43:29,546.21
2022-04-01 02:43:34,546.21
2022-04-01 02:43:39,546.21
2022-04-01 02:43:44,545.6865295601
2022-04-01 02:43:49,545.6836868645906
2022-04-01 02:43:54,546.21
2022-04-01 02:43:59,546.27
2022-04-01 02:44:04,545.6751587780627
2022-04-01 02:44:09,545.6723160825534
2022-04-01 02:44:14,546.27
2022-04-01 02:44:19,546.27
2022-04-01 02:44:24,546.27
2022-04-01 02:44:29,546.27
2022-04-01 02:44:34,546.27
2022-04-01 02:44:39,546.27
2022-04-01 02:44:44,546.31
2022-04-01 02:44:49,546.31
2022-04-01 02:44:54,546.31
2022-04-01 02:44:59,546.27
2022-04-01 02:45:04,545.6410464319508
2022-04-01 02:45:09,546.31
2022-04-01 02:45:14,545.6353610409321
2022-04-01 02:45:19,546.37
2022-04-01 02:45:24,546.37
2022-04-01 02:45:29,546.37
2022-04-01 02:45:34,546.37
2022-04-01 02:45:39,545.6211475633855
2022-04-01 02:45:44,545.6183048678762
2022-04-01 02:45:49,546.37
2022-04-01 02:45:54,546.44
2022-04-01 02:45:59,546.44
2022-04-01 02:46:04,546.44
2022-04-01 02:46:09,546.44
2022-04-01 02:46:14,545.6012486948202
2022-04-01 02:46:19,545.5984059993109
2022-04-01 02:46:24,545.5955633038016
2022-04-01 02:46:29,545.5927206082923
2022-04-01 02:46:34,546.57
2022-04-01 02:46:39,545.5870352172736
2022-04-01 02:46:44,546.57
2022-04-01 02:46:49,546.57
2022-04-01 02:46:54,546.57
2022-04-01 02:46:59,546.6
2022-04-01 02:47:04,546.6
2022-04-01 02:47:09,545.5699790442177
2022-04-01 02:47:14,545.5671363487083
2022-04-01 02:47:19,546.67
2022-04-01 02:47:24,546.73
2022-04-01 02:47:29,546.73
2022-04-01 02:47:34,545.5557655666711
2022-04-01 02:47:39,546.8
2022-04-01 02:47:44,546.79
2022-04-01 02:47:49,546.8
2022-04-01 02:47:54,546.83
2022-04-01 02:47:59,546.89
2022-04-01 02:48:04,546.9
2022-04-01 02:48:09,546.9
2022-04-01 02:48:14,546.96
2022-04-01 02:48:19,546.96
2022-04-01 02:48:24,547.02
2022-04-01 02:48:29,547.09
2022-04-01 02:48:34,547.09
2022-04-01 02:48:39,545.5188105250498
2022-04-01 02:48:44,547.12
2022-04-01 02:48:49,545.5131251340312
2022-04-01 02:48:54,547.19
2022-04-01 02:48:59,545.5074397430125
2022-04-01 02:49:04,547.32
2022-04-01 02:49:09,547.32
2022-04-01 02:49:14,547.32
2022-04-01 02:49:19,547.42
2022-04-01 02:49:24,547.41
2022-04-01 02:49:29,545.4903835699565
2022-04-01 02:49:34,547.48
2022-04-01 02:49:39,547.48
2022-04-01 02:49:44,547.48
2022-04-01 02:49:49,547.55
2022-04-01 02:49:54,547.55
2022-04-01 02:49:59,547.64
2022-04-01 02:50:04,547.64
2022-04-01 02:50:09,547.64
2022-04-01 02:50:14,547.71
2022-04-01 02:50:19,547.71
2022-04-01 02:50:24,547.77
2022-04-01 02:50:29,545.4562712238446
2022-04-01 02:50:34,547.84
2022-04-01 02:50:39,547.87
2022-04-01 02:50:44,545.4477431373167
2022-04-01 02:50:49,547.87
2022-04-01 02:50:54,547.94
2022-04-01 02:50:59,548.0
2022-04-01 02:51:04,548.0
2022-04-01 02:51:09,548.07
2022-04-01 02:51:14,548.13
2022-04-01 02:51:19,545.4278442687514
2022-04-01 02:51:24,548.17
2022-04-01 02:51:29,548.17
2022-04-01 02:51:34,548.3
2022-04-01 02:51:39,548.3
2022-04-01 02:51:44,548.3
2022-04-01 02:51:49,548.3
2022-04-01 02:51:54,548.36
2022-04-01 02:51:59,548.39
2022-04-01 02:52:04,545.4022600091675
2022-04-01 02:52:09,545.3994173136582
2022-04-01 02:52:14,548.4
2022-04-01 02:52:19,548.46
2022-04-01 02:52:24,548.47
2022-04-01 02:52:29,548.47
2022-04-01 02:52:34,545.3852038361115
2022-04-01 02:52:39,548.53
2022-04-01 02:52:44,545.3795184450929
2022-04-01 02:52:49,548.53
2022-04-01 02:52:54,548.53
2022-04-01 02:52:59,548.53
2022-04-01 02:53:04,548.47
2022-04-01 02:53:09,548.41
2022-04-01 02:53:14,548.47
2022-04-01 02:53:19,548.41
2022-04-01 02:53:24,548.38
2022-04-01 02:53:29,548.41
2022-04-01 02:53:34,548.31
2022-04-01 02:53:39,548.31
2022-04-01 02:53:44,545.345406098981
2022-04-01 02:53:49,548.25
2022-04-01 02:53:54,548.19
2022-04-01 02:53:59,545.336878012453
2022-04-01 02:54:04,545.3340353169436
2022-04-01 02:54:09,548.15
2022-04-01 02:54:14,545.3283499259251
2022-04-01 02:54:19,547.96
2022-04-01 02:54:24,547.96
2022-04-01 02:54:29,545.319821839397
2022-04-01 02:54:34,547.86
2022-04-01 02:54:39,545.3141364483785
2022-04-01 02:54:44,547.67
2022-04-01 02:54:49,547.64
2022-04-01 02:54:54,545.3056083618504
2022-04-01 02:54:59,547.38
2022-04-01 02:55:04,545.2999229708317
2022-04-01 02:55:09,547.22
2022-04-01 02:55:14,547.15
2022-04-01 02:55:19,547.06
2022-04-01 02:55:24,545.2885521887945
2022-04-01 02:55:29,546.87
2022-04-01 02:55:34,546.83
2022-04-01 02:55:39,546.7
2022-04-01 02:55:44,546.61
2022-04-01 02:55:49,546.48
2022-04-01 02:55:54,546.41
2022-04-01 02:55:59,546.32
2022-04-01 02:56:04,546.19
2022-04-01 02:56:09,546.09
2022-04-01 02:56:14,545.9
2022-04-01 02:56:19,545.8
2022-04-01 02:56:24,545.67
2022-04-01 02:56:29,545.57
2022-04-01 02:56:34,545.37
2022-04-01 02:56:39,545.28
2022-04-01 02:56:44,545.09
2022-04-01 02:56:49,544.92
2022-04-01 02:56:54,544.7
2022-04-01 02:56:59,544.57
2022-04-01 02:57:04,544.47
2022-04-01 02:57:09,544.25
2022-04-01 02:57:14,544.12
2022-04-01 02:57:19,543.96
2022-04-01 02:57:24,543.76
2022-04-01 02:57:29,543.6
2022-04-01 02:57:34,545.214642105552
2022-04-01 02:57:39,545.2117994100427
2022-04-01 02:57:44,545.2131274776598
2022-04-01 02:57:49,545.2150420588414
2022-04-01 02:57:54,542.69
2022-04-01 02:57:59,545.2188712212046
2022-04-01 02:58:04,545.2207858023862
2022-04-01 02:58:09,542.27
2022-04-01 02:58:14,542.11
2022-04-01 02:58:19,541.98
2022-04-01 02:58:24,541.82
2022-04-01 02:58:29,541.65
2022-04-01 02:58:34,541.46
2022-04-01 02:58:39,545.2341878706575
2022-04-01 02:58:44,541.17
2022-04-01 02:58:49,545.2380170330207
2022-04-01 02:58:54,540.85
2022-04-01 02:58:59,540.72
2022-04-01 02:59:04,540.62
2022-04-01 02:59:09,545.2456753577472
2022-04-01 02:59:14,545.2475899389289
2022-04-01 02:59:19,540.2
2022-04-01 02:59:24,540.11
2022-04-01 02:59:29,539.98
2022-04-01 02:59:34,539.82
2022-04-01 02:59:39,539.75
2022-04-01 02:59:44,539.62
2022-04-01 02:59:49,539.52
2022-04-01 02:59:54,545.2629065883817
2022-04-01 02:59:59,539.3
2022-04-01 03:00:04,539.23
2022-04-01 03:00:09,539.1
2022-04-01 03:00:14,545.2705649131082
2022-04-01 03:00:19,545.2724794942898
2022-04-01 03:00:24,538.78
2022-04-01 03:00:29,538.72
2022-04-01 03:00:34,538.59
2022-04-01 03:00:39,538.55
2022-04-01 03:00:44,545.2820524001979
2022-04-01 03:00:49,538.36
2022-04-01 03:00:54,538.33
2022-04-01 03:00:59,538.2
2022-04-01 03:01:04,538.2
2022-04-01 03:01:09,538.07
2022-04-01 03:01:14,538.07
2022-04-01 03:01:19,538.04
2022-04-01 03:01:24,545.2973690496508
2022-04-01 03:01:29,545.2992836308324
2022-04-01 03:01:34,537.91
2022-04-01 03:01:39,545.3031127931956
2022-04-01 03:01:44,545.3050273743773
2022-04-01 03:01:49,537.82
2022-04-01 03:01:54,545.3088565367406
2022-04-01 03:01:59,537.69
2022-04-01 03:02:04,537.69
2022-04-01 03:02:09,537.69
2022-04-01 03:02:14,537.62
2022-04-01 03:02:19,537.63
2022-04-01 03:02:24,537.63
2022-04-01 03:02:29,537.63
2022-04-01 03:02:34,537.56
2022-04-01 03:02:39,537.63
2022-04-01 03:02:44,537.56
2022-04-01 03:02:49,537.62
2022-04-01 03:02:54,537.63
2022-04-01 03:02:59,545.3337460921015
2022-04-01 03:03:04,537.56
2022-04-01 03:03:09,545.3375752544647
2022-04-01 03:03:14,537.56
2022-04-01 03:03:19,545.341404416828
2022-04-01 03:03:24,537.63
2022-04-01 03:03:29,545.3452335791912
2022-04-01 03:03:34,545.3471481603729
2022-04-01 03:03:39,545.3490627415545
2022-04-01 03:03:44,537.63
2022-04-01 03:03:49,545.3528919039177
2022-04-01 03:03:54,537.63
2022-04-01 03:03:59,545.3567210662809
2022-04-01 03:04:04,537.75
2022-04-01 03:04:09,537.75
2022-04-01 03:04:14,537.75
2022-04-01 03:04:19,545.3643793910073
2022-04-01 03:04:24,537.85
2022-04-01 03:04:29,545.3682085533706
2022-04-01 03:04:34,537.91
2022-04-01 03:04:39,537.98
2022-04-01 03:04:44,538.04
2022-04-01 03:04:49,538.04
2022-04-01 03:04:54,538.07
2022-04-01 03:04:59,538.14
2022-04-01 03:05:04,538.2
2022-04-01 03:05:09,545.3835252028235
2022-04-01 03:05:14,538.36
2022-04-01 03:05:19,545.3873543651868
2022-04-01 03:05:24,538.42
2022-04-01 03:05:29,538.49
2022-04-01 03:05:34,545.3930981087316
2022-04-01 03:05:39,538.58
2022-04-01 03:05:44,538.65
2022-04-01 03:05:49,545.3988418522764
2022-04-01 03:05:54,538.77
2022-04-01 03:05:59,538.84
2022-04-01 03:06:04,545.4045855958213
2022-04-01 03:06:09,538.93
2022-04-01 03:06:14,539.0
2022-04-01 03:06:19,539.06
2022-04-01 03:06:24,539.09
2022-04-01 03:06:29,539.22
2022-04-01 03:06:34,545.416073082911
2022-04-01 03:06:39,545.4179876640926
2022-04-01 03:06:44,539.38
2022-04-01 03:06:49,545.4218168264558
2022-04-01 03:06:54,539.57
2022-04-01 03:06:59,539.6
2022-04-01 03:07:04,539.73
2022-04-01 03:07:09,539.79
2022-04-01 03:07:14,539.86
2022-04-01 03:07:19,539.95
2022-04-01 03:07:24,539.95
2022-04-01 03:07:29,545.4371334759088
2022-04-01 03:07:34,540.11
2022-04-01 03:07:39,540.24
2022-04-01 03:07:44,540.3
2022-04-01 03:07:49,540.36
2022-04-01 03:07:54,545.4467063818169
2022-04-01 03:07:59,540.52
2022-04-01 03:08:04,540.59
2022-04-01 03:08:09,540.62
2022-04-01 03:08:14,540.75
2022-04-01 03:08:19,540.81
2022-04-01 03:08:24,540.87
2022-04-01 03:08:29,545.4601084500881
2022-04-01 03:08:34,545.4620230312697
2022-04-01 03:08:39,545.4639376124513
2022-04-01 03:08:44,541.19
2022-04-01 03:08:49,541.25
2022-04-01 03:08:54,545.4696813559963
2022-04-01 03:08:59,541.41
2022-04-01 03:09:04,541.47
2022-04-01 03:09:09,541.6
2022-04-01 03:09:14,541.63
2022-04-01 03:09:19,541.7
2022-04-01 03:09:24,545.4811688430859
2022-04-01 03:09:29,545.4830834242675
2022-04-01 03:09:34,541.99
2022-04-01 03:09:39,545.4869125866308
2022-04-01 03:09:44,542.15
2022-04-01 03:09:49,542.21
2022-04-01 03:09:54,542.27
2022-04-01 03:09:59,542.34
2022-04-01 03:10:04,542.43
2022-04-01 03:10:09,545.4984000737205
2022-04-01 03:10:14,545.500314654902
2022-04-01 03:10:19,545.5022292360837
2022-04-01 03:10:24,542.66
2022-04-01 03:10:29,542.79
2022-04-01 03:10:34,545.5079729796286
2022-04-01 03:10:39,542.91
2022-04-01 03:10:44,542.94
2022-04-01 03:10:49,543.07
2022-04-01 03:10:54,543.14
2022-04-01 03:10:59,543.17
2022-04-01 03:11:04,543.3
2022-04-01 03:11:09,543.3
2022-04-01 03:11:14,543.43
2022-04-01 03:11:19,545.525204210263
2022-04-01 03:11:24,543.52
2022-04-01 03:11:29,543.65
2022-04-01 03:11:34,543.68
2022-04-01 03:11:39,545.5328625349896
2022-04-01 03:11:44,545.5347771161712
2022-04-01 03:11:49,543.88
2022-04-01 03:11:54,545.5346535000392
2022-04-01 03:11:59,544.1
2022-04-01 03:12:04,544.1
2022-04-01 03:12:09,545.533874520836
2022-04-01 03:12:14,545.5336148611015
2022-04-01 03:12:19,545.533355201367
2022-04-01 03:12:24,544.39
2022-04-01 03:12:29,545.5328358818981
2022-04-01 03:12:34,544.49
2022-04-01 03:12:39,545.5323165624293
2022-04-01 03:12:44,545.5320569026949
2022-04-01 03:12:49,545.5317972429604
2022-04-01 03:12:54,544.72
2022-04-01 03:12:59,544.78
2022-04-01 03:13:04,544.85
2022-04-01 03:13:09,544.91
2022-04-01 03:13:14,544.97
2022-04-01 03:13:19,545.5302392845538
2022-04-01 03:13:24,544.97
2022-04-01 03:13:29,545.01
2022-04-01 03:13:34,545.5294603053504
2022-04-01 03:13:39,545.07
2022-04-01 03:13:44,545.07
2022-04-01 03:13:49,545.07
2022-04-01 03:13:54,545.13
2022-04-01 03:13:59,545.5281620066783
2022-04-01 03:14:04,545.2
2022-04-01 03:14:09,545.2
2022-04-01 03:14:14,545.5273830274749
2022-04-01 03:14:19,545.5271233677405
2022-04-01 03:14:24,545.5268637080061
2022-04-01 03:14:29,545.23
2022-04-01 03:14:34,545.23
2022-04-01 03:14:39,545.2
2022-04-01 03:14:44,545.2
2022-04-01 03:14:49,545.23
2022-04-01 03:14:54,545.5253057495994
2022-04-01 03:14:59,545.22
2022-04-01 03:15:04,545.5247864301305
2022-04-01 03:15:09,545.19
2022-04-01 03:15:14,545.19
2022-04-01 03:15:19,545.13
2022-04-01 03:15:24,545.13
2022-04-01 03:15:29,545.13
2022-04-01 03:15:34,545.06
2022-04-01 03:15:39,545.5229688119895
2022-04-01 03:15:44,545.522709152255
2022-04-01 03:15:49,545.5224494925205
2022-04-01 03:15:54,544.9
2022-04-01 03:15:59,545.5219301730517
2022-04-01 03:16:04,545.5216705133172
2022-04-01 03:16:09,544.77
2022-04-01 03:16:14,544.7
2022-04-01 03:16:19,544.67
2022-04-01 03:16:24,545.5206318743794
2022-04-01 03:16:29,544.54
2022-04-01 03:16:34,544.47
2022-04-01 03:16:39,544.37
2022-04-01 03:16:44,544.31
2022-04-01 03:16:49,545.5193335757073
2022-04-01 03:16:54,545.5190739159729
2022-04-01 03:16:59,545.5188142562383
2022-04-01 03:17:04,544.08
2022-04-01 03:17:09,543.95
2022-04-01 03:17:14,543.86
2022-04-01 03:17:19,545.5177756173006
2022-04-01 03:17:24,543.73
2022-04-01 03:17:29,545.5172562978318
2022-04-01 03:17:34,545.5169966380973
2022-04-01 03:17:39,543.5
2022-04-01 03:17:44,543.4
2022-04-01 03:17:49,543.33
2022-04-01 03:17:54,543.27
2022-04-01 03:17:59,543.2
2022-04-01 03:18:04,545.5154386796906
2022-04-01 03:18:09,545.5151790199562
2022-04-01 03:18:14,542.97
2022-04-01 03:18:19,542.91
2022-04-01 03:18:24,542.74
2022-04-01 03:18:29,542.68
2022-04-01 03:18:34,545.5138807212841
2022-04-01 03:18:39,542.52
2022-04-01 03:18:44,542.45
2022-04-01 03:18:49,542.35
2022-04-01 03:18:54,545.5128420823463
2022-04-01 03:18:59,542.16
2022-04-01 03:19:04,545.5123227628774
2022-04-01 03:19:09,541.99
2022-04-01 03:19:14,545.5118034434086
2022-04-01 03:19:19,545.511543783674
2022-04-01 03:19:24,545.5112841239396
2022-04-01 03:19:29,541.7
2022-04-01 03:19:34,541.57
2022-04-01 03:19:39,545.5105051447363
2022-04-01 03:19:44,541.41
2022-04-01 03:19:49,545.5099858252674
2022-04-01 03:19:54,541.31
2022-04-01 03:19:59,541.25
2022-04-01 03:20:04,541.25
2022-04-01 03:20:09,541.12
2022-04-01 03:20:14,545.5086875265952
2022-04-01 03:20:19,545.5084278668608
2022-04-01 03:20:24,545.5081682071263
2022-04-01 03:20:29,545.5079085473919
2022-04-01 03:20:34,540.95
2022-04-01 03:20:39,540.95
2022-04-01 03:20:44,545.5071295681886
2022-04-01 03:20:49,540.79
2022-04-01 03:20:54,545.5066102487197
2022-04-01 03:20:59,540.79
2022-04-01 03:21:04,540.79
2022-04-01 03:21:09,540.72
2022-04-01 03:21:14,540.79
2022-04-01 03:21:19,540.72
2022-04-01 03:21:24,540.72
2022-04-01 03:21:29,540.72
2022-04-01 03:21:34,540.72
2022-04-01 03:21:39,540.72
2022-04-01 03:21:44,540.79
2022-04-01 03:21:49,540.79
2022-04-01 03:21:54,545.5034943319064
2022-04-01 03:21:59,540.82
2022-04-01 03:22:04,540.82
2022-04-01 03:22:09,540.82
2022-04-01 03:22:14,540.88
2022-04-01 03:22:19,545.5021960332342
2022-04-01 03:22:24,540.88
2022-04-01 03:22:29,540.95
2022-04-01 03:22:34,545.5014170540309
2022-04-01 03:22:39,541.01
2022-04-01 03:22:44,541.01
2022-04-01 03:22:49,541.05
2022-04-01 03:22:54,545.5003784150931
2022-04-01 03:22:59,545.5001187553587
2022-04-01 03:23:04,541.17
2022-04-01 03:23:09,541.17
2022-04-01 03:23:14,541.17
2022-04-01 03:23:19,541.24
2022-04-01 03:23:24,541.24
2022-04-01 03:23:29,545.498560796952
2022-04-01 03:23:34,541.33
2022-04-01 03:23:39,545.4980414774832
2022-04-01 03:23:44,545.4977818177488
2022-04-01 03:23:49,541.4
2022-04-01 03:23:54,541.46
2022-04-01 03:23:59,541.52
2022-04-01 03:24:04,541.56
2022-04-01 03:24:09,541.62
2022-04-01 03:24:14,545.4962238593421
2022-04-01 03:24:19,545.4959641996077
2022-04-01 03:24:24,541.75
2022-04-01 03:24:29,541.81
2022-04-01 03:24:34,545.4951852204043
2022-04-01 03:24:39,545.4949255606699
2022-04-01 03:24:44,545.4946659009354
2022-04-01 03:24:49,542.03
2022-04-01 03:24:54,542.13
2022-04-01 03:24:59,542.19
2022-04-01 03:25:04,545.4936272619976
2022-04-01 03:25:09,545.4933676022632
2022-04-01 03:25:14,545.4931079425288
2022-04-01 03:25:19,542.42
2022-04-01 03:25:24,542.55
2022-04-01 03:25:29,542.55
2022-04-01 03:25:34,545.492069303591
2022-04-01 03:25:39,542.7
2022-04-01 03:25:44,542.71
2022-04-01 03:25:49,545.4912903243877
2022-04-01 03:25:54,542.83
2022-04-01 03:25:59,542.92
2022-04-01 03:26:04,542.99
2022-04-01 03:26:09,545.4680620117364
2022-04-01 03:26:14,543.08
2022-04-01 03:26:19,543.15
2022-04-01 03:26:24,543.34
2022-04-01 03:26:29,543.37
2022-04-01 03:26:34,543.43
2022-04-01 03:26:39,543.56
2022-04-01 03:26:44,545.4249260891322
2022-04-01 03:26:49,543.72
2022-04-01 03:26:54,543.85
2022-04-01 03:26:59,543.88
2022-04-01 03:27:04,544.01
2022-04-01 03:27:09,544.07
2022-04-01 03:27:14,545.3879524411859
2022-04-01 03:27:19,544.29
2022-04-01 03:27:24,544.38
2022-04-01 03:27:29,544.51
2022-04-01 03:27:34,544.58
2022-04-01 03:27:39,544.74
2022-04-01 03:27:44,545.3509787932394
2022-04-01 03:27:49,544.87
2022-04-01 03:27:54,545.338654243924
2022-04-01 03:27:59,545.12
2022-04-01 03:28:04,545.3263296946086
2022-04-01 03:28:09,545.31
2022-04-01 03:28:14,545.3140051452931
2022-04-01 03:28:19,545.47
2022-04-01 03:28:24,545.53
2022-04-01 03:28:29,545.63
2022-04-01 03:28:34,545.75
2022-04-01 03:28:39,545.82
2022-04-01 03:28:44,545.2770314973467
2022-04-01 03:28:49,545.98
2022-04-01 03:28:54,546.11
2022-04-01 03:28:59,546.2
2022-04-01 03:29:04,546.26
2022-04-01 03:29:09,546.39
2022-04-01 03:29:14,546.48
2022-04-01 03:29:19,546.55
2022-04-01 03:29:24,546.64
2022-04-01 03:29:29,546.7
2022-04-01 03:29:34,546.77
2022-04-01 03:29:39,545.2092464761117
2022-04-01 03:29:44,546.89
2022-04-01 03:29:49,546.99
2022-04-01 03:29:54,547.05
2022-04-01 03:29:59,547.05
2022-04-01 03:30:04,545.1784351028231
2022-04-01 03:30:09,547.14
2022-04-01 03:30:14,547.21
2022-04-01 03:30:19,547.21
2022-04-01 03:30:24,547.27
2022-04-01 03:30:29,547.34
2022-04-01 03:30:34,547.27
2022-04-01 03:30:39,545.1352991802189
2022-04-01 03:30:44,547.34
2022-04-01 03:30:49,547.33
2022-04-01 03:30:54,545.1168123562458
2022-04-01 03:30:59,547.33
2022-04-01 03:31:04,547.27
2022-04-01 03:31:09,547.27
2022-04-01 03:31:14,547.27
2022-04-01 03:31:19,547.2
2022-04-01 03:31:24,547.14
2022-04-01 03:31:29,545.0736764336416
2022-04-01 03:31:34,547.04
2022-04-01 03:31:39,547.04
2022-04-01 03:31:44,545.0551896096684
2022-04-01 03:31:49,546.87
2022-04-01 03:31:54,546.81
2022-04-01 03:31:59,546.75
2022-04-01 03:32:04,545.0305405110375
2022-04-01 03:32:09,546.59
2022-04-01 03:32:14,546.52
2022-04-01 03:32:19,546.36
2022-04-01 03:32:24,545.0058914124066
2022-04-01 03:32:29,546.23
2022-04-01 03:32:34,546.1
2022-04-01 03:32:39,546.01
2022-04-01 03:32:44,545.94
2022-04-01 03:32:49,545.78
2022-04-01 03:32:54,545.72
2022-04-01 03:32:59,545.59
2022-04-01 03:33:04,545.49
2022-04-01 03:33:09,545.33
2022-04-01 03:33:14,544.9442686658293
2022-04-01 03:33:19,544.9381063911716
2022-04-01 03:33:24,545.04
2022-04-01 03:33:29,544.91
2022-04-01 03:33:34,544.9196195671983
2022-04-01 03:33:39,544.9134572925407
2022-04-01 03:33:44,544.56
2022-04-01 03:33:49,544.9011327432252
2022-04-01 03:33:54,544.8949704685675
2022-04-01 03:33:59,544.17
2022-04-01 03:34:04,544.882645919252
2022-04-01 03:34:09,544.8764836445943
2022-04-01 03:34:14,543.78
2022-04-01 03:34:19,543.58
2022-04-01 03:34:24,544.8579968206211
2022-04-01 03:34:29,543.36
2022-04-01 03:34:34,543.26
2022-04-01 03:34:39,544.839509996648
2022-04-01 03:34:44,543.0
2022-04-01 03:34:49,544.8271854473325
2022-04-01 03:34:54,544.8210231726747
2022-04-01 03:34:59,542.74
2022-04-01 03:35:04,542.62
2022-04-01 03:35:09,542.49
2022-04-01 03:35:14,542.39
2022-04-01 03:35:19,544.790211799386
2022-04-01 03:35:24,542.23
2022-04-01 03:35:29,542.1
2022-04-01 03:35:34,542.03
2022-04-01 03:35:39,541.97
2022-04-01 03:35:44,544.7594004260974
2022-04-01 03:35:49,541.74
2022-04-01 03:35:54,541.7
2022-04-01 03:35:59,544.7409136021242
2022-04-01 03:36:04,541.51
2022-04-01 03:36:09,544.7285890528087
2022-04-01 03:36:14,541.35
2022-04-01 03:36:19,541.28
2022-04-01 03:36:24,541.18
2022-04-01 03:36:29,544.7039399541778
2022-04-01 03:36:34,541.05
2022-04-01 03:36:39,540.99
2022-04-01 03:36:44,540.89
2022-04-01 03:36:49,544.6792908555469
2022-04-01 03:36:54,540.76
2022-04-01 03:36:59,540.76
2022-04-01 03:37:04,544.6608040315737
2022-04-01 03:37:09,540.66
2022-04-01 03:37:14,540.6
2022-04-01 03:37:19,540.53
2022-04-01 03:37:24,540.47
2022-04-01 03:37:29,540.4
2022-04-01 03:37:34,540.37
2022-04-01 03:37:39,540.37
2022-04-01 03:37:44,540.3
2022-04-01 03:37:49,544.6053435596541
2022-04-01 03:37:54,540.24
2022-04-01 03:37:59,540.23
2022-04-01 03:38:04,540.17
2022-04-01 03:38:09,540.17
2022-04-01 03:38:14,540.17
2022-04-01 03:38:19,540.13
2022-04-01 03:38:24,540.16
2022-04-01 03:38:29,544.5560453623923
2022-04-01 03:38:34,540.16
2022-04-01 03:38:39,544.5437208130768
2022-04-01 03:38:44,540.22
2022-04-01 03:38:49,540.28
2022-04-01 03:38:54,540.28
2022-04-01 03:38:59,540.35
2022-04-01 03:39:04,540.35
2022-04-01 03:39:09,544.5067471651305
2022-04-01 03:39:14,544.5005848904727
2022-04-01 03:39:19,540.57
2022-04-01 03:39:24,540.63
2022-04-01 03:39:29,540.66
2022-04-01 03:39:34,544.4759357918418
2022-04-01 03:39:39,540.79
2022-04-01 03:39:44,544.4636112425264
2022-04-01 03:39:49,540.94
2022-04-01 03:39:54,541.07
2022-04-01 03:39:59,544.4483396478912
2022-04-01 03:40:04,544.4467667089644
2022-04-01 03:40:09,541.36
2022-04-01 03:40:14,544.443620831111
2022-04-01 03:40:19,544.4420478921843
2022-04-01 03:40:24,544.4404749532575
2022-04-01 03:40:29,541.74
2022-04-01 03:40:34,541.9
2022-04-01 03:40:39,541.96
2022-04-01 03:40:44,542.09
2022-04-01 03:40:49,544.4326102586239
2022-04-01 03:40:54,542.25
2022-04-01 03:40:59,544.4294643807704
2022-04-01 03:41:04,544.4278914418437
2022-04-01 03:41:09,542.6
2022-04-01 03:41:14,544.4247455639902
2022-04-01 03:41:19,542.83
2022-04-01 03:41:24,542.89
2022-04-01 03:41:29,544.42002674721
2022-04-01 03:41:34,543.05
2022-04-01 03:41:39,543.18
2022-04-01 03:41:44,544.4153079304299
2022-04-01 03:41:49,544.4137349915031
2022-04-01 03:41:54,543.44
2022-04-01 03:41:59,544.4105891136496
2022-04-01 03:42:04,544.4090161747229
2022-04-01 03:42:09,544.4074432357962
2022-04-01 03:42:14,544.4058702968695
2022-04-01 03:42:19,543.85
2022-04-01 03:42:24,543.95
2022-04-01 03:42:29,544.08
2022-04-01 03:42:34,544.3995785411626
2022-04-01 03:42:39,544.3980056022358
2022-04-01 03:42:44,544.3
2022-04-01 03:42:49,544.3948597243824
2022-04-01 03:42:54,544.46
2022-04-01 03:42:59,544.3917138465289
2022-04-01 03:43:04,544.72
2022-04-01 03:43:09,544.75
2022-04-01 03:43:14,544.82
2022-04-01 03:43:19,544.88
2022-04-01 03:43:24,544.98
2022-04-01 03:43:29,545.04
2022-04-01 03:43:34,545.17
2022-04-01 03:43:39,545.24
2022-04-01 03:43:44,545.27
2022-04-01 03:43:49,544.3759844572616
2022-04-01 03:43:54,545.46
2022-04-01 03:43:59,544.3728385794082
2022-04-01 03:44:04,545.55
2022-04-01 03:44:09,545.69
2022-04-01 03:44:14,545.75
2022-04-01 03:44:19,545.78
2022-04-01 03:44:24,544.3649738847745
2022-04-01 03:44:29,545.97
2022-04-01 03:44:34,546.01
2022-04-01 03:44:39,546.07
2022-04-01 03:44:44,546.13
2022-04-01 03:44:49,546.26
2022-04-01 03:44:54,546.3
2022-04-01 03:44:59,544.3539633122873
2022-04-01 03:45:04,544.3523903733605
2022-04-01 03:45:09,544.3508174344339
2022-04-01 03:45:14,546.49
2022-04-01 03:45:19,544.3476715565804
2022-04-01 03:45:24,546.52
2022-04-01 03:45:29,546.58
2022-04-01 03:45:34,544.3429527398002
2022-04-01 03:45:39,546.58
2022-04-01 03:45:44,546.58
2022-04-01 03:45:49,544.3382339230201
2022-04-01 03:45:54,546.52
2022-04-01 03:45:59,544.3350880451666
2022-04-01 03:46:04,544.3335151062398
2022-04-01 03:46:09,546.48
2022-04-01 03:46:14,546.35
2022-04-01 03:46:19,546.28
2022-04-01 03:46:24,546.25
2022-04-01 03:46:29,544.3256504116061
2022-04-01 03:46:34,546.06
2022-04-01 03:46:39,545.89
2022-04-01 03:46:44,544.320931594826
2022-04-01 03:46:49,545.67
2022-04-01 03:46:54,545.47
2022-04-01 03:46:59,544.3162127780458
2022-04-01 03:47:04,545.22
2022-04-01 03:47:09,545.09
2022-04-01 03:47:14,544.86
2022-04-01 03:47:19,544.3099210223389
2022-04-01 03:47:24,544.5
2022-04-01 03:47:29,544.3067751444854
2022-04-01 03:47:34,544.05
2022-04-01 03:47:39,543.82
2022-04-01 03:47:44,543.66
2022-04-01 03:47:49,544.3004833887785
2022-04-01 03:47:54,544.2989104498517
2022-04-01 03:47:59,542.89
2022-04-01 03:48:04,542.63
2022-04-01 03:48:09,544.2941916330716
2022-04-01 03:48:14,542.21
2022-04-01 03:48:19,541.92
2022-04-01 03:48:24,541.75
2022-04-01 03:48:29,541.46
2022-04-01 03:48:34,541.3
2022-04-01 03:48:39,541.01
2022-04-01 03:48:44,544.2831810605845
2022-04-01 03:48:49,540.55
2022-04-01 03:48:54,540.3
2022-04-01 03:48:59,544.2784622438043
2022-04-01 03:49:04,544.2768893048775
2022-04-01 03:49:09,544.2753163659509
2022-04-01 03:49:14,544.2737434270241
2022-04-01 03:49:19,539.16
2022-04-01 03:49:24,538.94
2022-04-01 03:49:29,544.269024610244
2022-04-01 03:49:34,538.48
2022-04-01 03:49:39,538.19
2022-04-01 03:49:44,537.96
2022-04-01 03:49:49,537.7
2022-04-01 03:49:54,537.48
2022-04-01 03:49:59,544.2595869766835
2022-04-01 03:50:04,537.09
2022-04-01 03:50:09,536.86
2022-04-01 03:50:14,544.2548681599034
2022-04-01 03:50:19,544.2532952209766
2022-04-01 03:50:24,536.28
2022-04-01 03:50:29,536.05
2022-04-01 03:50:34,544.2485764041965
2022-04-01 03:50:39,535.63
2022-04-01 03:50:44,535.47
2022-04-01 03:50:49,544.2438575874162
2022-04-01 03:50:54,535.11
2022-04-01 03:50:59,534.95
2022-04-01 03:51:04,534.79
2022-04-01 03:51:09,534.66
2022-04-01 03:51:14,544.2359928927825
2022-04-01 03:51:19,544.2344199538559
2022-04-01 03:51:24,534.2
2022-04-01 03:51:29,534.04
2022-04-01 03:51:34,533.91
2022-04-01 03:51:39,533.82
2022-04-01 03:51:44,533.75
2022-04-01 03:51:49,533.56
2022-04-01 03:51:54,533.52
2022-04-01 03:51:59,533.39
2022-04-01 03:52:04,533.33
2022-04-01 03:52:09,533.23
2022-04-01 03:52:14,544.2171176256618
2022-04-01 03:52:19,544.215544686735
2022-04-01 03:52:24,533.04
2022-04-01 03:52:29,533.04
2022-04-01 03:52:34,544.2108258699549
2022-04-01 03:52:39,544.2092529310281
2022-04-01 03:52:44,532.94
2022-04-01 03:52:49,544.2061070531747
2022-04-01 03:52:54,532.94
2022-04-01 03:52:59,544.2029611753212
2022-04-01 03:53:04,532.88
2022-04-01 03:53:09,532.94
2022-04-01 03:53:14,532.94
2022-04-01 03:53:19,533.0
2022-04-01 03:53:24,532.94
2022-04-01 03:53:29,544.1935235417608
2022-04-01 03:53:34,544.1919506028341
2022-04-01 03:53:39,533.03
2022-04-01 03:53:44,533.03
2022-04-01 03:53:49,533.1
2022-04-01 03:53:54,533.23
2022-04-01 03:53:59,544.1840859082005
2022-04-01 03:54:04,533.29
2022-04-01 03:54:09,533.39
2022-04-01 03:54:14,544.1589868999461
2022-04-01 03:54:19,533.52
2022-04-01 03:54:24,533.55
2022-04-01 03:54:29,533.68
2022-04-01 03:54:34,533.81
2022-04-01 03:54:39,533.84
2022-04-01 03:54:44,544.1032635870821
2022-04-01 03:54:49,534.03
2022-04-01 03:54:54,534.13
2022-04-01 03:54:59,534.26
2022-04-01 03:55:04,534.32
2022-04-01 03:55:09,534.42
2022-04-01 03:55:14,534.55
2022-04-01 03:55:19,534.64
2022-04-01 03:55:24,534.77
2022-04-01 03:55:29,534.87
2022-04-01 03:55:34,544.0103913989756
2022-04-01 03:55:39,535.09
2022-04-01 03:55:44,535.22
2022-04-01 03:55:49,543.9825297425436
2022-04-01 03:55:54,535.45
2022-04-01 03:55:59,535.61
2022-04-01 03:56:04,535.74
2022-04-01 03:56:09,543.9453808673011
2022-04-01 03:56:14,543.9360936484903
2022-04-01 03:56:19,536.12
2022-04-01 03:56:24,536.32
2022-04-01 03:56:29,543.9082319920584
2022-04-01 03:56:34,536.6
2022-04-01 03:56:39,536.7
2022-04-01 03:56:44,536.89
2022-04-01 03:56:49,537.05
2022-04-01 03:56:54,537.21
2022-04-01 03:56:59,537.34
2022-04-01 03:57:04,537.5
2022-04-01 03:57:09,543.8339342415732
2022-04-01 03:57:14,543.8246470227625
2022-04-01 03:57:19,538.02
2022-04-01 03:57:24,538.24
2022-04-01 03:57:29,543.7967853663306
2022-04-01 03:57:34,538.53
2022-04-01 03:57:39,538.69
2022-04-01 03:57:44,538.88
2022-04-01 03:57:49,539.04
2022-04-01 03:57:54,543.7503492722773
2022-04-01 03:57:59,539.46
2022-04-01 03:58:04,539.62
2022-04-01 03:58:09,543.7224876158454
2022-04-01 03:58:14,539.97
2022-04-01 03:58:19,543.703913178224
2022-04-01 03:58:24,540.36
2022-04-01 03:58:29,540.48
2022-04-01 03:58:34,540.64
2022-04-01 03:58:39,543.6667643029814
2022-04-01 03:58:44,543.6574770841708
2022-04-01 03:58:49,541.21
2022-04-01 03:58:54,541.44
2022-04-01 03:58:59,543.6296154277388
2022-04-01 03:59:04,543.6203282089281
2022-04-01 03:59:09,541.96
2022-04-01 03:59:14,542.12
2022-04-01 03:59:19,543.5924665524961
2022-04-01 03:59:24,542.4
2022-04-01 03:59:29,543.5738921148749
2022-04-01 03:59:34,542.76
2022-04-01 03:59:39,542.92
2022-04-01 03:59:44,543.08
2022-04-01 03:59:49,543.27
2022-04-01 03:59:54,543.36
2022-04-01 03:59:59,543.56
2022-04-01 04:00:04,543.72
2022-04-01 04:00:09,543.4995943643897
2022-04-01 04:00:14,543.94
2022-04-01 04:00:19,543.4810199267683
2022-04-01 04:00:24,544.23
2022-04-01 04:00:29,544.32
2022-04-01 04:00:34,544.45
2022-04-01 04:00:39,544.61
2022-04-01 04:00:44,544.74
2022-04-01 04:00:49,544.83
2022-04-01 04:00:54,545.02
2022-04-01 04:00:59,543.4067221762831
2022-04-01 04:01:04,545.24
2022-04-01 04:01:09,545.34
2022-04-01 04:01:14,543.3788605198512
2022-04-01 04:01:19,545.53
2022-04-01 04:01:24,545.63
2022-04-01 04:01:29,543.3509988634192
2022-04-01 04:01:34,545.85
2022-04-01 04:01:39,545.98
2022-04-01 04:01:44,546.1
2022-04-01 04:01:49,546.13
2022-04-01 04:01:54,546.26
2022-04-01 04:01:59,543.2952755505553
2022-04-01 04:02:04,546.49
2022-04-01 04:02:09,543.2767011129339
2022-04-01 04:02:14,543.2674138941234
2022-04-01 04:02:19,543.2581266753126
2022-04-01 04:02:24,543.248839456502
2022-04-01 04:02:29,546.77
2022-04-01 04:02:34,543.2302650188807
2022-04-01 04:02:39,546.87
2022-04-01 04:02:44,543.2116905812594
2022-04-01 04:02:49,546.99
2022-04-01 04:02:54,543.193116143638
2022-04-01 04:02:59,543.1838289248275
2022-04-01 04:03:04,547.15
2022-04-01 04:03:09,547.15
2022-04-01 04:03:14,547.15
2022-04-01 04:03:19,547.21
2022-04-01 04:03:24,543.1373928307742
2022-04-01 04:03:29,547.21
2022-04-01 04:03:34,547.28
2022-04-01 04:03:39,547.28
2022-04-01 04:03:44,547.34
2022-04-01 04:03:49,547.34
2022-04-01 04:03:54,543.0816695179102
2022-04-01 04:03:59,547.34
2022-04-01 04:04:04,547.34
2022-04-01 04:04:09,547.34
2022-04-01 04:04:14,543.0445206426676
2022-04-01 04:04:19,547.27
2022-04-01 04:04:24,547.27
2022-04-01 04:04:29,543.0166589862357
2022-04-01 04:04:34,543.0073717674251
2022-04-01 04:04:39,547.15
2022-04-01 04:04:44,547.14
2022-04-01 04:04:49,547.11
2022-04-01 04:04:54,547.05
2022-04-01 04:04:59,542.9609356733718
2022-04-01 04:05:04,546.98
2022-04-01 04:05:09,546.85
2022-04-01 04:05:14,542.9330740169398
2022-04-01 04:05:19,546.69
2022-04-01 04:05:24,542.9144995793184
2022-04-01 04:05:29,542.9052123605079
2022-04-01 04:05:34,542.8959251416971
2022-04-01 04:05:39,542.8866379228865
2022-04-01 04:05:44,542.8773507040759
2022-04-01 04:05:49,546.18
2022-04-01 04:05:54,546.08
2022-04-01 04:05:59,546.02
2022-04-01 04:06:04,542.8402018288333
2022-04-01 04:06:09,545.79
2022-04-01 04:06:14,545.73
2022-04-01 04:06:19,542.8123401724013
2022-04-01 04:06:24,545.57
2022-04-01 04:06:29,545.44
2022-04-01 04:06:34,545.31
2022-04-01 04:06:39,545.15
2022-04-01 04:06:44,545.08
2022-04-01 04:06:49,544.99
2022-04-01 04:06:54,544.86
2022-04-01 04:06:59,542.738042421916
2022-04-01 04:07:04,544.63
2022-04-01 04:07:09,544.54
2022-04-01 04:07:14,542.7101807654841
2022-04-01 04:07:19,544.28
2022-04-01 04:07:24,542.6916063278628
2022-04-01 04:07:29,544.05
2022-04-01 04:07:34,542.6730318902415
2022-04-01 04:07:39,543.89
2022-04-01 04:07:44,543.76
2022-04-01 04:07:49,542.6451702338096
2022-04-01 04:07:54,542.6358830149989
2022-04-01 04:07:59,543.5
2022-04-01 04:08:04,543.44
2022-04-01 04:08:09,543.31
2022-04-01 04:08:14,542.6355888327531
2022-04-01 04:08:19,542.6495806598277
2022-04-01 04:08:24,543.02
2022-04-01 04:08:29,542.85
2022-04-01 04:08:34,542.85
2022-04-01 04:08:39,542.69
2022-04-01 04:08:44,542.63
2022-04-01 04:08:49,542.5
2022-04-01 04:08:54,542.7475234493514
2022-04-01 04:08:59,542.7615152764263
2022-04-01 04:09:04,542.18
2022-04-01 04:09:09,542.7894989305759
2022-04-01 04:09:14,542.8034907576507
2022-04-01 04:09:19,541.88
2022-04-01 04:09:24,541.75
2022-04-01 04:09:29,541.69
2022-04-01 04:09:34,541.65
2022-04-01 04:09:39,541.52
2022-04-01 04:09:44,541.43
2022-04-01 04:09:49,542.9014335471742
2022-04-01 04:09:54,541.23
2022-04-01 04:09:59,542.9294172013239
2022-04-01 04:10:04,541.13
2022-04-01 04:10:09,541.07
2022-04-01 04:10:14,540.94
2022-04-01 04:10:19,540.94
2022-04-01 04:10:24,542.9993763366979
2022-04-01 04:10:29,540.78
2022-04-01 04:10:34,543.0273599908475
2022-04-01 04:10:39,540.71
2022-04-01 04:10:44,543.0553436449972
2022-04-01 04:10:49,540.64
2022-04-01 04:10:54,540.64
2022-04-01 04:10:59,540.61
2022-04-01 04:11:04,540.6
2022-04-01 04:11:09,540.54
2022-04-01 04:11:14,540.54
2022-04-01 04:11:19,540.47
2022-04-01 04:11:24,543.1672782615955
2022-04-01 04:11:29,540.47
2022-04-01 04:11:34,540.47
2022-04-01 04:11:39,540.4
2022-04-01 04:11:44,540.4
2022-04-01 04:11:49,540.4
2022-04-01 04:11:54,543.2512292240443
2022-04-01 04:11:59,543.2652210511192
2022-04-01 04:12:04,540.37
2022-04-01 04:12:09,540.37
2022-04-01 04:12:14,543.3071965323436
2022-04-01 04:12:19,540.36
2022-04-01 04:12:24,540.36
2022-04-01 04:12:29,540.36
2022-04-01 04:12:34,540.36
2022-04-01 04:12:39,543.3771556677176
2022-04-01 04:12:44,543.3911474947924
2022-04-01 04:12:49,540.36
2022-04-01 04:12:54,540.39
2022-04-01 04:12:59,540.36
2022-04-01 04:13:04,540.39
2022-04-01 04:13:09,540.39
2022-04-01 04:13:14,543.4750984572412
2022-04-01 04:13:19,540.38
2022-04-01 04:13:24,543.5030821113908
2022-04-01 04:13:29,540.44
2022-04-01 04:13:34,540.44
2022-04-01 04:13:39,540.44
2022-04-01 04:13:44,543.55904941969
2022-04-01 04:13:49,540.57
2022-04-01 04:13:54,540.61
2022-04-01 04:13:59,540.6
2022-04-01 04:14:04,540.6
2022-04-01 04:14:09,540.67
2022-04-01 04:14:14,540.73
2022-04-01 04:14:19,543.6569922092137
2022-04-01 04:14:24,540.79
2022-04-01 04:14:29,543.6849758633632
2022-04-01 04:14:34,540.86
2022-04-01 04:14:39,543.7129595175128
2022-04-01 04:14:44,540.89
2022-04-01 04:14:49,540.89
2022-04-01 04:14:54,540.95
2022-04-01 04:14:59,543.7689268258121
2022-04-01 04:15:04,543.7829186528869
2022-04-01 04:15:09,541.08
2022-04-01 04:15:14,541.08
2022-04-01 04:15:19,541.08
2022-04-01 04:15:24,541.11
2022-04-01 04:15:29,541.11
2022-04-01 04:15:34,541.18
2022-04-01 04:15:39,541.24
2022-04-01 04:15:44,541.24
2022-04-01 04:15:49,543.9088450965602
2022-04-01 04:15:54,541.31
2022-04-01 04:15:59,541.31
2022-04-01 04:16:04,543.9508205777845
2022-04-01 04:16:09,541.37
2022-04-01 04:16:14,541.4
2022-04-01 04:16:19,543.9927960590089
2022-04-01 04:16:24,541.47
2022-04-01 04:16:29,541.47
2022-04-01 04:16:34,541.54
2022-04-01 04:16:39,544.0487633673082
2022-04-01 04:16:44,544.0627551943829
2022-04-01 04:16:49,541.7
2022-04-01 04:16:54,544.0907388485326
2022-04-01 04:16:59,541.76
2022-04-01 04:17:04,541.83
2022-04-01 04:17:09,541.89
2022-04-01 04:17:14,541.89
2022-04-01 04:17:19,541.92
2022-04-01 04:17:24,541.99
2022-04-01 04:17:29,541.99
2022-04-01 04:17:34,542.12
2022-04-01 04:17:39,542.12
2022-04-01 04:17:44,542.21
2022-04-01 04:17:49,544.2446489463554
2022-04-01 04:17:54,542.28
2022-04-01 04:17:59,542.34
2022-04-01 04:18:04,544.2866244275798
2022-04-01 04:18:09,542.44
2022-04-01 04:18:14,542.51
2022-04-01 04:18:19,542.57
2022-04-01 04:18:24,544.3425917358791
2022-04-01 04:18:29,542.73
2022-04-01 04:18:34,542.8
2022-04-01 04:18:39,544.3845672171035
2022-04-01 04:18:44,544.3985590441782
2022-04-01 04:18:49,543.02
2022-04-01 04:18:54,543.02
2022-04-01 04:18:59,544.4405345254025
2022-04-01 04:19:04,543.15
2022-04-01 04:19:09,544.4685181795523
2022-04-01 04:19:14,543.31
2022-04-01 04:19:19,543.37
2022-04-01 04:19:24,543.44
2022-04-01 04:19:29,544.5244854878514
2022-04-01 04:19:34,543.54
2022-04-01 04:19:39,543.66
2022-04-01 04:19:44,543.7
2022-04-01 04:19:49,543.76
2022-04-01 04:19:54,543.82
2022-04-01 04:19:59,543.89
2022-04-01 04:20:04,543.99
2022-04-01 04:20:09,544.05
2022-04-01 04:20:14,544.6504119315248
2022-04-01 04:20:19,544.18
2022-04-01 04:20:24,544.6783955856744
2022-04-01 04:20:29,544.21
2022-04-01 04:20:34,544.27
2022-04-01 04:20:39,544.4
2022-04-01 04:20:44,544.47
2022-04-01 04:20:49,544.5
2022-04-01 04:20:54,544.7623465481231
2022-04-01 04:20:59,544.56
2022-04-01 04:21:04,544.69
2022-04-01 04:21:09,544.69
2022-04-01 04:21:14,544.8183138564224
2022-04-01 04:21:19,544.8323056834971
2022-04-01 04:21:24,544.84
2022-04-01 04:21:29,544.84
2022-04-01 04:21:34,544.91
2022-04-01 04:21:39,544.97
2022-04-01 04:21:44,545.0
2022-04-01 04:21:49,544.916256645946
2022-04-01 04:21:54,545.06
2022-04-01 04:21:59,545.13
2022-04-01 04:22:04,545.19
2022-04-01 04:22:09,545.22
2022-04-01 04:22:14,545.22
2022-04-01 04:22:19,545.29
2022-04-01 04:22:24,545.29
2022-04-01 04:22:29,545.35
2022-04-01 04:22:34,545.35
2022-04-01 04:22:39,545.41
2022-04-01 04:22:44,545.41
2022-04-01 04:22:49,545.48
2022-04-01 04:22:54,545.51
2022-04-01 04:22:59,545.48
2022-04-01 04:23:04,545.51
2022-04-01 04:23:09,545.5
2022-04-01 04:23:14,544.643298152612
2022-04-01 04:23:19,545.5
2022-04-01 04:23:24,545.47
2022-04-01 04:23:29,545.47
2022-04-01 04:23:34,545.47
2022-04-01 04:23:39,544.5093285443203
2022-04-01 04:23:44,545.47
2022-04-01 04:23:49,545.4
2022-04-01 04:23:54,545.34
2022-04-01 04:23:59,545.33
2022-04-01 04:24:04,545.27
2022-04-01 04:24:09,545.27
2022-04-01 04:24:14,545.17
2022-04-01 04:24:19,545.17
2022-04-01 04:24:24,545.11
2022-04-01 04:24:29,545.04
2022-04-01 04:24:34,544.88
2022-04-01 04:24:39,544.81
2022-04-01 04:24:44,544.68
2022-04-01 04:24:49,544.65
2022-04-01 04:24:54,544.52
2022-04-01 04:24:59,544.43
2022-04-01 04:25:04,544.3
2022-04-01 04:25:09,544.0270379544697
2022-04-01 04:25:14,543.94
2022-04-01 04:25:19,543.9734501111527
2022-04-01 04:25:24,543.65
2022-04-01 04:25:29,543.49
2022-04-01 04:25:34,543.33
2022-04-01 04:25:39,543.8662744245195
2022-04-01 04:25:44,542.97
2022-04-01 04:25:49,542.88
2022-04-01 04:25:54,542.59
2022-04-01 04:25:59,542.4
2022-04-01 04:26:04,543.7323048162275
2022-04-01 04:26:09,542.01
2022-04-01 04:26:14,541.85
2022-04-01 04:26:19,543.6519230512523
2022-04-01 04:26:24,541.43
2022-04-01 04:26:29,543.5983352079357
2022-04-01 04:26:34,543.5715412862772
2022-04-01 04:26:39,540.85
2022-04-01 04:26:44,543.5179534429606
2022-04-01 04:26:49,540.56
2022-04-01 04:26:54,540.4
2022-04-01 04:26:59,540.17
2022-04-01 04:27:04,543.410777756327
2022-04-01 04:27:09,543.3839838346688
2022-04-01 04:27:14,543.3571899130104
2022-04-01 04:27:19,539.5
2022-04-01 04:27:24,539.37
2022-04-01 04:27:29,539.21
2022-04-01 04:27:34,543.2500142263768
2022-04-01 04:27:39,538.98
2022-04-01 04:27:44,543.1964263830602
2022-04-01 04:27:49,538.69
2022-04-01 04:27:54,538.56
2022-04-01 04:27:59,538.4
2022-04-01 04:28:04,538.34
2022-04-01 04:28:09,538.24
2022-04-01 04:28:14,543.03566285311
2022-04-01 04:28:19,538.05
2022-04-01 04:28:24,542.9820750097931
2022-04-01 04:28:29,537.83
2022-04-01 04:28:34,537.83
2022-04-01 04:28:39,542.9016932448179
2022-04-01 04:28:44,542.8748993231598
2022-04-01 04:28:49,542.8481054015012
2022-04-01 04:28:54,537.6
2022-04-01 04:28:59,537.54
2022-04-01 04:29:04,542.7677236365262
2022-04-01 04:29:09,537.48
2022-04-01 04:29:14,537.48
2022-04-01 04:29:19,537.48
2022-04-01 04:29:24,537.48
2022-04-01 04:29:29,537.48
2022-04-01 04:29:34,537.45
2022-04-01 04:29:39,542.5801661849175
2022-04-01 04:29:44,537.48
2022-04-01 04:29:49,537.48
2022-04-01 04:29:54,537.48
2022-04-01 04:29:59,537.55
2022-04-01 04:30:04,542.4461965766258
2022-04-01 04:30:09,537.54
2022-04-01 04:30:14,542.3926087333091
2022-04-01 04:30:19,537.67
2022-04-01 04:30:24,542.3390208899922
2022-04-01 04:30:29,537.77
2022-04-01 04:30:34,537.9
2022-04-01 04:30:39,537.96
2022-04-01 04:30:44,542.231845203359
2022-04-01 04:30:49,538.06
2022-04-01 04:30:54,538.19
2022-04-01 04:30:59,542.1514634383839
2022-04-01 04:31:04,538.41
2022-04-01 04:31:09,538.51
2022-04-01 04:31:14,538.58
2022-04-01 04:31:19,538.71
2022-04-01 04:31:24,538.77
2022-04-01 04:31:29,538.93
2022-04-01 04:31:34,541.9639059867751
2022-04-01 04:31:39,539.15
2022-04-01 04:31:44,539.29
2022-04-01 04:31:49,539.38
2022-04-01 04:31:54,541.8567303001416
2022-04-01 04:31:59,541.8299363784834
2022-04-01 04:32:04,541.803142456825
2022-04-01 04:32:09,539.73
2022-04-01 04:32:14,539.83
2022-04-01 04:32:19,539.9
2022-04-01 04:32:24,540.02
2022-04-01 04:32:29,540.06
2022-04-01 04:32:34,541.6423789268747
2022-04-01 04:32:39,540.12
2022-04-01 04:32:44,540.18
2022-04-01 04:32:49,541.5619971618996
2022-04-01 04:32:54,540.31
2022-04-01 04:32:59,541.5084093185827
2022-04-01 04:33:04,540.31
2022-04-01 04:33:09,541.454821475266
2022-04-01 04:33:14,540.31
2022-04-01 04:33:19,541.4012336319494
2022-04-01 04:33:24,540.34
2022-04-01 04:33:29,540.34
2022-04-01 04:33:34,540.34
2022-04-01 04:33:39,540.34
2022-04-01 04:33:44,540.3
2022-04-01 04:33:49,541.2404701019992
2022-04-01 04:33:54,540.24
2022-04-01 04:33:59,540.24
2022-04-01 04:34:04,540.1
2022-04-01 04:34:09,540.11
2022-04-01 04:34:14,541.1065004937072
2022-04-01 04:34:19,541.079706572049
2022-04-01 04:34:24,540.01
2022-04-01 04:34:29,539.88
2022-04-01 04:34:34,539.81
2022-04-01 04:34:39,539.72
2022-04-01 04:34:44,539.71
2022-04-01 04:34:49,539.59
2022-04-01 04:34:54,539.49
2022-04-01 04:34:59,539.42
2022-04-01 04:35:04,539.3
2022-04-01 04:35:09,539.26
2022-04-01 04:35:14,539.13
2022-04-01 04:35:19,540.7581795121486
2022-04-01 04:35:24,540.7313855904902
2022-04-01 04:35:29,538.84
2022-04-01 04:35:34,540.6777977471735
2022-04-01 04:35:39,538.68
2022-04-01 04:35:44,538.55
2022-04-01 04:35:49,540.5974159821984
2022-04-01 04:35:54,538.38
2022-04-01 04:35:59,538.22
2022-04-01 04:36:04,540.5170342172232
2022-04-01 04:36:09,538.03
2022-04-01 04:36:14,537.96
2022-04-01 04:36:19,537.93
2022-04-01 04:36:24,537.8
2022-04-01 04:36:29,537.74
2022-04-01 04:36:34,540.5201596254107
2022-04-01 04:36:39,540.5406538163373
2022-04-01 04:36:44,540.5611480072641
2022-04-01 04:36:49,537.42
2022-04-01 04:36:54,540.6021363891175
2022-04-01 04:36:59,537.22
2022-04-01 04:37:04,537.19
2022-04-01 04:37:09,540.6636189618976
2022-04-01 04:37:14,540.6841131528242
2022-04-01 04:37:19,540.704607343751
2022-04-01 04:37:24,536.84
2022-04-01 04:37:29,536.77
2022-04-01 04:37:34,536.7
2022-04-01 04:37:39,536.61
2022-04-01 04:37:44,536.61
2022-04-01 04:37:49,536.48
2022-04-01 04:37:54,536.48
2022-04-01 04:37:59,540.8685608711645
2022-04-01 04:38:04,536.32
2022-04-01 04:38:09,536.32
2022-04-01 04:38:14,536.19
2022-04-01 04:38:19,540.9505376348714
2022-04-01 04:38:24,536.03
2022-04-01 04:38:29,536.1
2022-04-01 04:38:34,535.96
2022-04-01 04:38:39,541.0325143985781
2022-04-01 04:38:44,535.9
2022-04-01 04:38:49,535.87
2022-04-01 04:38:54,541.0939969713581
2022-04-01 04:38:59,535.81
2022-04-01 04:39:04,535.68
2022-04-01 04:39:09,541.1554795441382
2022-04-01 04:39:14,535.68
2022-04-01 04:39:19,541.1964679259917
2022-04-01 04:39:24,535.65
2022-04-01 04:39:29,535.58
2022-04-01 04:39:34,535.58
2022-04-01 04:39:39,535.58
2022-04-01 04:39:44,535.58
2022-04-01 04:39:49,535.52
2022-04-01 04:39:54,535.58
2022-04-01 04:39:59,535.52
2022-04-01 04:40:04,535.52
2022-04-01 04:40:09,535.52
2022-04-01 04:40:14,535.52
2022-04-01 04:40:19,535.59
2022-04-01 04:40:24,535.65
2022-04-01 04:40:29,541.4833865989654
2022-04-01 04:40:34,535.65
2022-04-01 04:40:39,541.5243749808187
2022-04-01 04:40:44,535.69
2022-04-01 04:40:49,535.75
2022-04-01 04:40:54,535.88
2022-04-01 04:40:59,541.6063517445256
2022-04-01 04:41:04,541.6268459354523
2022-04-01 04:41:09,541.6473401263788
2022-04-01 04:41:14,541.6678343173056
2022-04-01 04:41:19,541.6883285082324
2022-04-01 04:41:24,541.7088226991591
2022-04-01 04:41:29,541.7293168900857
2022-04-01 04:41:34,536.5
2022-04-01 04:41:39,541.7703052719393
2022-04-01 04:41:44,541.7907994628658
2022-04-01 04:41:49,541.8112936537925
2022-04-01 04:41:54,536.95
2022-04-01 04:41:59,541.8522820356459
2022-04-01 04:42:04,541.8727762265727
2022-04-01 04:42:09,537.3
2022-04-01 04:42:14,537.43
2022-04-01 04:42:19,537.59
2022-04-01 04:42:24,537.72
2022-04-01 04:42:29,541.975247181206
2022-04-01 04:42:34,537.98
2022-04-01 04:42:39,538.11
2022-04-01 04:42:44,542.0367297539862
2022-04-01 04:42:49,542.0572239449128
2022-04-01 04:42:54,538.5
2022-04-01 04:42:59,542.0982123267662
2022-04-01 04:43:04,538.85
2022-04-01 04:43:09,538.98
2022-04-01 04:43:14,539.14
2022-04-01 04:43:19,542.180189090473
2022-04-01 04:43:24,542.2006832813998
2022-04-01 04:43:29,539.49
2022-04-01 04:43:34,539.66
2022-04-01 04:43:39,542.2621658541799
2022-04-01 04:43:44,539.88
2022-04-01 04:43:49,540.04
2022-04-01 04:43:54,540.17
2022-04-01 04:43:59,542.3441426178865
2022-04-01 04:44:04,542.3646368088133
2022-04-01 04:44:09,540.52
2022-04-01 04:44:14,540.68
2022-04-01 04:44:19,542.4261193815934
2022-04-01 04:44:24,540.84
2022-04-01 04:44:29,540.97
2022-04-01 04:44:34,542.4876019543734
2022-04-01 04:44:39,542.5080961453002
2022-04-01 04:44:44,541.26
2022-04-01 04:44:49,541.36
2022-04-01 04:44:54,541.48
2022-04-01 04:44:59,542.5900729090068
2022-04-01 04:45:04,541.65
2022-04-01 04:45:09,542.6310612908604
2022-04-01 04:45:14,541.77
2022-04-01 04:45:19,541.77
2022-04-01 04:45:24,541.93
2022-04-01 04:45:29,541.93
2022-04-01 04:45:34,541.99
2022-04-01 04:45:39,542.06
2022-04-01 04:45:44,542.06
2022-04-01 04:45:49,542.7950148182739
2022-04-01 04:45:54,542.8155090092007
2022-04-01 04:45:59,542.22
2022-04-01 04:46:04,542.856497391054
2022-04-01 04:46:09,542.21
2022-04-01 04:46:14,542.28
2022-04-01 04:46:19,542.28
2022-04-01 04:46:24,542.28
2022-04-01 04:46:29,542.21
2022-04-01 04:46:34,542.27
2022-04-01 04:46:39,542.27
2022-04-01 04:46:44,542.21
2022-04-01 04:46:49,543.0409451093942
2022-04-01 04:46:54,543.061439300321
2022-04-01 04:46:59,543.0819334912477
2022-04-01 04:47:04,542.04
2022-04-01 04:47:09,543.1229218731011
2022-04-01 04:47:14,541.91
2022-04-01 04:47:19,541.82
2022-04-01 04:47:24,541.75
2022-04-01 04:47:29,541.69
2022-04-01 04:47:34,541.62
2022-04-01 04:47:39,543.2458870186613
2022-04-01 04:47:44,541.46
2022-04-01 04:47:49,543.2868754005145
2022-04-01 04:47:54,541.3
2022-04-01 04:47:59,541.24
2022-04-01 04:48:04,541.11
2022-04-01 04:48:09,541.01
2022-04-01 04:48:14,540.88
2022-04-01 04:48:19,540.78
2022-04-01 04:48:24,540.72
2022-04-01 04:48:29,540.59
2022-04-01 04:48:34,540.49
2022-04-01 04:48:39,540.43
2022-04-01 04:48:44,540.3
2022-04-01 04:48:49,540.27
2022-04-01 04:48:54,540.14
2022-04-01 04:48:59,543.5737940734884
2022-04-01 04:49:04,539.92
2022-04-01 04:49:09,543.6147824553417
2022-04-01 04:49:14,539.75
2022-04-01 04:49:19,543.6557708371951
2022-04-01 04:49:24,539.56
2022-04-01 04:49:29,543.6967592190485
2022-04-01 04:49:34,539.34
2022-04-01 04:49:39,543.7377476009019
2022-04-01 04:49:44,539.24
2022-04-01 04:49:49,539.18
2022-04-01 04:49:54,539.05
2022-04-01 04:49:59,538.99
2022-04-01 04:50:04,538.95
2022-04-01 04:50:09,538.82
2022-04-01 04:50:14,538.76
2022-04-01 04:50:19,543.9017011283156
2022-04-01 04:50:24,543.9118638462338
2022-04-01 04:50:29,538.6
2022-04-01 04:50:34,538.47
2022-04-01 04:50:39,543.897201476122
2022-04-01 04:50:44,538.38
2022-04-01 04:50:49,538.38
2022-04-01 04:50:54,543.88253910601
2022-04-01 04:50:59,538.25
2022-04-01 04:51:04,543.872764192602
2022-04-01 04:51:09,543.867876735898
2022-04-01 04:51:14,543.8629892791939
2022-04-01 04:51:19,538.03
2022-04-01 04:51:24,537.93
2022-04-01 04:51:29,537.87
2022-04-01 04:51:34,537.8
2022-04-01 04:51:39,537.71
2022-04-01 04:51:44,543.83366453897
2022-04-01 04:51:49,537.64
2022-04-01 04:51:54,543.8238896255621
2022-04-01 04:51:59,537.52
2022-04-01 04:52:04,537.45
2022-04-01 04:52:09,537.42
2022-04-01 04:52:14,543.8043397987461
2022-04-01 04:52:19,537.29
2022-04-01 04:52:24,537.3
2022-04-01 04:52:29,543.7896774286341
2022-04-01 04:52:34,537.23
2022-04-01 04:52:39,537.23
2022-04-01 04:52:44,543.7750150585222
2022-04-01 04:52:49,537.2
2022-04-01 04:52:54,537.2
2022-04-01 04:52:59,543.7603526884102
2022-04-01 04:53:04,543.7554652317062
2022-04-01 04:53:09,543.7505777750023
2022-04-01 04:53:14,543.7456903182982
2022-04-01 04:53:19,537.01
2022-04-01 04:53:24,537.01
2022-04-01 04:53:29,537.01
2022-04-01 04:53:34,543.7261404914823
2022-04-01 04:53:39,536.95
2022-04-01 04:53:44,536.94
2022-04-01 04:53:49,536.85
2022-04-01 04:53:54,536.91
2022-04-01 04:53:59,536.85
2022-04-01 04:54:04,536.85
2022-04-01 04:54:09,536.85
2022-04-01 04:54:14,536.78
2022-04-01 04:54:19,543.6821533811463
2022-04-01 04:54:24,536.78
2022-04-01 04:54:29,536.78
2022-04-01 04:54:34,536.72
2022-04-01 04:54:39,536.72
2022-04-01 04:54:44,536.72
2022-04-01 04:54:49,543.6528286409224
2022-04-01 04:54:54,543.6479411842184
2022-04-01 04:54:59,543.6430537275145
2022-04-01 04:55:04,543.6381662708104
2022-04-01 04:55:09,536.62
2022-04-01 04:55:14,536.56
2022-04-01 04:55:19,536.56
2022-04-01 04:55:24,543.6186164439945
2022-04-01 04:55:29,536.56
2022-04-01 04:55:34,536.49
2022-04-01 04:55:39,536.49
2022-04-01 04:55:44,543.5990666171786
2022-04-01 04:55:49,536.42
2022-04-01 04:55:54,543.5892917037705
2022-04-01 04:55:59,543.5844042470666
2022-04-01 04:56:04,536.32
2022-04-01 04:56:09,536.32
2022-04-01 04:56:14,536.26
2022-04-01 04:56:19,536.26
2022-04-01 04:56:24,536.26
2022-04-01 04:56:29,543.5550795068427
2022-04-01 04:56:34,543.5501920501387
2022-04-01 04:56:39,543.5453045934347
2022-04-01 04:56:44,536.1
2022-04-01 04:56:49,536.1
2022-04-01 04:56:54,543.5306422233227
2022-04-01 04:56:59,543.5257547666188
2022-04-01 04:57:04,536.03
2022-04-01 04:57:09,536.03
2022-04-01 04:57:14,543.5110923965068
2022-04-01 04:57:19,543.5062049398027
2022-04-01 04:57:24,535.96
2022-04-01 04:57:29,535.96
2022-04-01 04:57:34,535.9
2022-04-01 04:57:39,535.96
2022-04-01 04:57:44,535.9
2022-04-01 04:57:49,535.9
2022-04-01 04:57:54,535.89
2022-04-01 04:57:59,535.89
2022-04-01 04:58:04,535.89
2022-04-01 04:58:09,535.89
2022-04-01 04:58:14,535.89
2022-04-01 04:58:19,535.89
2022-04-01 04:58:24,543.4426680026509
2022-04-01 04:58:29,535.96
2022-04-01 04:58:34,535.96
2022-04-01 04:58:39,536.02
2022-04-01 04:58:44,536.08
2022-04-01 04:58:49,536.02
2022-04-01 04:58:54,536.15
2022-04-01 04:58:59,536.15
2022-04-01 04:59:04,536.15
2022-04-01 04:59:09,536.18
2022-04-01 04:59:14,536.18
2022-04-01 04:59:19,543.388905978907
2022-04-01 04:59:24,536.31
2022-04-01 04:59:29,536.37
2022-04-01 04:59:34,536.37
2022-04-01 04:59:39,543.3693561520911
2022-04-01 04:59:44,536.4
2022-04-01 04:59:49,536.47
2022-04-01 04:59:54,543.3546937819791
2022-04-01 04:59:59,536.66
2022-04-01 05:00:04,536.66
2022-04-01 05:00:09,536.7
2022-04-01 05:00:14,536.69
2022-04-01 05:00:19,543.3302564984592
2022-04-01 05:00:24,536.89
2022-04-01 05:00:29,536.89
2022-04-01 05:00:34,536.92
2022-04-01 05:00:39,536.98
2022-04-01 05:00:44,543.3058192149392
2022-04-01 05:00:49,537.18
2022-04-01 05:00:54,537.21
2022-04-01 05:00:59,543.2911568448272
2022-04-01 05:01:04,537.34
2022-04-01 05:01:09,537.5
2022-04-01 05:01:14,537.63
2022-04-01 05:01:19,537.7
2022-04-01 05:01:24,543.2667195613074
2022-04-01 05:01:29,537.79
2022-04-01 05:01:34,543.2569446478993
2022-04-01 05:01:39,538.02
2022-04-01 05:01:44,543.2471697344913
2022-04-01 05:01:49,538.22
2022-04-01 05:01:54,538.24
2022-04-01 05:01:59,538.37
2022-04-01 05:02:04,538.47
2022-04-01 05:02:09,538.6
2022-04-01 05:02:14,538.67
2022-04-01 05:02:19,538.76
2022-04-01 05:02:24,538.83
2022-04-01 05:02:29,543.2031826241555
2022-04-01 05:02:34,543.1982951674515
2022-04-01 05:02:39,539.12
2022-04-01 05:02:44,539.19
2022-04-01 05:02:49,543.1836327973396
2022-04-01 05:02:54,539.29
2022-04-01 05:02:59,543.1738578839315
2022-04-01 05:03:04,539.41
2022-04-01 05:03:09,539.51
2022-04-01 05:03:14,539.58
2022-04-01 05:03:19,539.64
2022-04-01 05:03:24,539.64
2022-04-01 05:03:29,539.77
2022-04-01 05:03:34,543.1396456870036
2022-04-01 05:03:39,543.1347582302997
2022-04-01 05:03:44,539.8
2022-04-01 05:03:49,539.8
2022-04-01 05:03:54,543.1200958601877
2022-04-01 05:03:59,543.1152084034836
2022-04-01 05:04:04,543.1103209467797
2022-04-01 05:04:09,539.87
2022-04-01 05:04:14,543.1005460333716
2022-04-01 05:04:19,539.87
2022-04-01 05:04:24,543.0907711199637
2022-04-01 05:04:29,543.0808741679481
2022-04-01 05:04:34,543.061605519647
2022-04-01 05:04:39,539.78
2022-04-01 05:04:44,543.0230682230451
2022-04-01 05:04:49,539.78
2022-04-01 05:04:54,542.9845309264432
2022-04-01 05:04:59,539.65
2022-04-01 05:05:04,542.9459936298412
2022-04-01 05:05:09,539.59
2022-04-01 05:05:14,542.9074563332392
2022-04-01 05:05:19,542.8881876849382
2022-04-01 05:05:24,539.42
2022-04-01 05:05:29,539.36
2022-04-01 05:05:34,539.3
2022-04-01 05:05:39,542.8111130917345
2022-04-01 05:05:44,539.2
2022-04-01 05:05:49,539.2
2022-04-01 05:05:54,539.13
2022-04-01 05:05:59,539.13
2022-04-01 05:06:04,542.7147698502295
2022-04-01 05:06:09,542.6955012019286
2022-04-01 05:06:14,542.6762325536275
2022-04-01 05:06:19,539.01
2022-04-01 05:06:24,542.6376952570257
2022-04-01 05:06:29,538.97
2022-04-01 05:06:34,538.91
2022-04-01 05:06:39,538.91
2022-04-01 05:06:44,538.84
2022-04-01 05:06:49,542.5413520155207
2022-04-01 05:06:54,538.84
2022-04-01 05:06:59,538.84
2022-04-01 05:07:04,538.84
2022-04-01 05:07:09,542.4642774223169
2022-04-01 05:07:14,538.84
2022-04-01 05:07:19,538.84
2022-04-01 05:07:24,538.84
2022-04-01 05:07:29,538.77
2022-04-01 05:07:34,542.3679341808119
2022-04-01 05:07:39,538.83
2022-04-01 05:07:44,538.83
2022-04-01 05:07:49,538.84
2022-04-01 05:07:54,538.83
2022-04-01 05:07:59,538.83
2022-04-01 05:08:04,538.9
2022-04-01 05:08:09,538.9
2022-04-01 05:08:14,538.9
2022-04-01 05:08:19,542.1945163461031
2022-04-01 05:08:24,542.1752476978021
2022-04-01 05:08:29,538.96
2022-04-01 05:08:34,538.99
2022-04-01 05:08:39,538.99
2022-04-01 05:08:44,539.05
2022-04-01 05:08:49,539.05
2022-04-01 05:08:54,542.0596358079963
2022-04-01 05:08:59,542.0403671596954
2022-04-01 05:09:04,539.12
2022-04-01 05:09:09,539.12
2022-04-01 05:09:14,539.18
2022-04-01 05:09:19,539.18
2022-04-01 05:09:24,541.9440239181904
2022-04-01 05:09:29,539.24
2022-04-01 05:09:34,539.24
2022-04-01 05:09:39,539.27
2022-04-01 05:09:44,539.34
2022-04-01 05:09:49,539.27
2022-04-01 05:09:54,539.27
2022-04-01 05:09:59,539.27
2022-04-01 05:10:04,541.7898747317827
2022-04-01 05:10:09,539.34
2022-04-01 05:10:14,539.34
2022-04-01 05:10:19,539.27
2022-04-01 05:10:24,541.7128001385787
2022-04-01 05:10:29,541.6935314902779
2022-04-01 05:10:34,541.6742628419768
2022-04-01 05:10:39,541.6549941936757
2022-04-01 05:10:44,539.27
2022-04-01 05:10:49,539.34
2022-04-01 05:10:54,539.27
2022-04-01 05:10:59,539.27
2022-04-01 05:11:04,539.24
2022-04-01 05:11:09,541.53938230387
2022-04-01 05:11:14,539.24
2022-04-01 05:11:19,539.24
2022-04-01 05:11:24,539.24
2022-04-01 05:11:29,539.24
2022-04-01 05:11:34,539.24
2022-04-01 05:11:39,539.24
2022-04-01 05:11:44,539.24
2022-04-01 05:11:49,539.18
2022-04-01 05:11:54,539.18
2022-04-01 05:11:59,539.18
2022-04-01 05:12:04,539.18
2022-04-01 05:12:09,539.11
2022-04-01 05:12:14,541.2888898759572
2022-04-01 05:12:19,539.05
2022-04-01 05:12:24,539.05
2022-04-01 05:12:29,539.12
2022-04-01 05:12:34,539.05
2022-04-01 05:12:39,539.05
2022-04-01 05:12:44,539.05
2022-04-01 05:12:49,539.12
2022-04-01 05:12:54,538.99
2022-04-01 05:12:59,539.05
2022-04-01 05:13:04,538.99
2022-04-01 05:13:09,541.0769347446466
2022-04-01 05:13:14,538.96
2022-04-01 05:13:19,538.96
2022-04-01 05:13:24,538.96
2022-04-01 05:13:29,540.9998601514426
2022-04-01 05:13:34,540.9805915031417
2022-04-01 05:13:39,540.9613228548407
2022-04-01 05:13:44,538.83
2022-04-01 05:13:49,538.77
2022-04-01 05:13:54,540.9035169099378
2022-04-01 05:13:59,540.8842482616367
2022-04-01 05:14:04,538.68
2022-04-01 05:14:09,538.62
2022-04-01 05:14:14,538.62
2022-04-01 05:14:19,540.8071736684329
2022-04-01 05:14:24,540.7879050201319
2022-04-01 05:14:29,538.49
2022-04-01 05:14:34,538.39
2022-04-01 05:14:39,538.33
2022-04-01 05:14:44,538.39
2022-04-01 05:14:49,538.33
2022-04-01 05:14:54,538.33
2022-04-01 05:14:59,540.653024482025
2022-04-01 05:15:04,538.24
2022-04-01 05:15:09,538.24
2022-04-01 05:15:14,538.17
2022-04-01 05:15:19,540.5759498888212
2022-04-01 05:15:24,538.11
2022-04-01 05:15:29,538.05
2022-04-01 05:15:34,538.12
2022-04-01 05:15:39,538.12
2022-04-01 05:15:44,538.12
2022-04-01 05:15:49,538.05
2022-04-01 05:15:54,538.12
2022-04-01 05:15:59,538.12
2022-04-01 05:16:04,538.12
2022-04-01 05:16:09,540.3832634058115
2022-04-01 05:16:14,538.12
2022-04-01 05:16:19,538.19
2022-04-01 05:16:24,540.3254574609085
2022-04-01 05:16:29,538.19
2022-04-01 05:16:34,538.25
2022-04-01 05:16:39,538.29
2022-04-01 05:16:44,538.29
2022-04-01 05:16:49,538.35
2022-04-01 05:16:54,538.35
2022-04-01 05:16:59,540.1905769228016
2022-04-01 05:17:04,538.49
2022-04-01 05:17:09,540.1520396261998
2022-04-01 05:17:14,540.1327709778988
2022-04-01 05:17:19,538.58
2022-04-01 05:17:24,538.65
2022-04-01 05:17:29,538.71
2022-04-01 05:17:34,540.0556963846948
2022-04-01 05:17:39,540.0364277363939
2022-04-01 05:17:44,540.0171590880929
2022-04-01 05:17:49,538.94
2022-04-01 05:17:54,539.04
2022-04-01 05:17:59,539.11
2022-04-01 05:18:04,539.9400844948889
2022-04-01 05:18:09,539.17
2022-04-01 05:18:14,539.3
2022-04-01 05:18:19,539.34
2022-04-01 05:18:24,539.4
2022-04-01 05:18:29,539.8437412533841
2022-04-01 05:18:34,539.53
2022-04-01 05:18:39,539.56
2022-04-01 05:18:44,539.69
2022-04-01 05:18:49,539.8273391291254
2022-04-01 05:18:54,539.76
2022-04-01 05:18:59,539.83
2022-04-01 05:19:04,539.86
2022-04-01 05:19:09,539.824038793223
2022-04-01 05:19:14,540.05
2022-04-01 05:19:19,539.8223886252719
2022-04-01 05:19:24,540.09
2022-04-01 05:19:29,540.15
2022-04-01 05:19:34,539.8199133733451
2022-04-01 05:19:39,540.28
2022-04-01 05:19:44,539.8182632053939
2022-04-01 05:19:49,540.38
2022-04-01 05:19:54,540.44
2022-04-01 05:19:59,540.51
2022-04-01 05:20:04,539.8149628694915
2022-04-01 05:20:09,540.61
2022-04-01 05:20:14,540.67
2022-04-01 05:20:19,540.68
2022-04-01 05:20:24,539.8116625335891
2022-04-01 05:20:29,540.81
2022-04-01 05:20:34,539.8100123656379
2022-04-01 05:20:39,539.8091872816624
2022-04-01 05:20:44,539.8083621976867
2022-04-01 05:20:49,541.04
2022-04-01 05:20:54,541.1
2022-04-01 05:20:59,539.80588694576
2022-04-01 05:21:04,541.2
2022-04-01 05:21:09,541.26
2022-04-01 05:21:14,541.33
2022-04-01 05:21:19,539.8025866098576
2022-04-01 05:21:24,541.49
2022-04-01 05:21:29,541.56
2022-04-01 05:21:34,539.8001113579309
2022-04-01 05:21:39,541.66
2022-04-01 05:21:44,541.79
2022-04-01 05:21:49,541.85
2022-04-01 05:21:54,541.92
2022-04-01 05:21:59,541.95
2022-04-01 05:22:04,542.08
2022-04-01 05:22:09,542.15
2022-04-01 05:22:14,542.18
2022-04-01 05:22:19,542.31
2022-04-01 05:22:24,539.7918605181749
2022-04-01 05:22:29,542.44
2022-04-01 05:22:34,542.54
2022-04-01 05:22:39,542.61
2022-04-01 05:22:44,542.67
2022-04-01 05:22:49,542.67
2022-04-01 05:22:54,542.77
2022-04-01 05:22:59,542.84
2022-04-01 05:23:04,542.97
2022-04-01 05:23:09,543.0
2022-04-01 05:23:14,543.07
2022-04-01 05:23:19,543.13
2022-04-01 05:23:24,543.23
2022-04-01 05:23:29,539.7811344264921
2022-04-01 05:23:34,543.36
2022-04-01 05:23:39,539.779484258541
2022-04-01 05:23:44,543.53
2022-04-01 05:23:49,539.7778340905897
2022-04-01 05:23:54,543.66
2022-04-01 05:23:59,539.7761839226386
2022-04-01 05:24:04,543.76
2022-04-01 05:24:09,543.82
2022-04-01 05:24:14,543.95
2022-04-01 05:24:19,544.02
2022-04-01 05:24:24,539.7720585027606
2022-04-01 05:24:29,544.18
2022-04-01 05:24:34,544.18
2022-04-01 05:24:39,544.25
2022-04-01 05:24:44,539.7687581668582
2022-04-01 05:24:49,544.28
2022-04-01 05:24:54,544.35
2022-04-01 05:24:59,544.35
2022-04-01 05:25:04,544.42
2022-04-01 05:25:09,544.42
2022-04-01 05:25:14,539.7638076630047
2022-04-01 05:25:19,544.42
2022-04-01 05:25:24,544.42
2022-04-01 05:25:29,544.42
2022-04-01 05:25:34,544.42
2022-04-01 05:25:39,544.49
2022-04-01 05:25:44,539.7588571591511
2022-04-01 05:25:49,544.42
2022-04-01 05:25:54,544.42
2022-04-01 05:25:59,544.36
2022-04-01 05:26:04,539.7555568232488
2022-04-01 05:26:09,544.26
2022-04-01 05:26:14,544.27
2022-04-01 05:26:19,544.2
2022-04-01 05:26:24,539.7522564873464
2022-04-01 05:26:29,539.7514314033708
2022-04-01 05:26:34,544.08
2022-04-01 05:26:39,543.98
2022-04-01 05:26:44,543.91
2022-04-01 05:26:49,543.85
2022-04-01 05:26:54,543.75
2022-04-01 05:26:59,539.7464808995172
2022-04-01 05:27:04,543.56
2022-04-01 05:27:09,539.744830731566
2022-04-01 05:27:14,543.4
2022-04-01 05:27:19,539.7431805636148
2022-04-01 05:27:24,543.18
2022-04-01 05:27:29,543.05
2022-04-01 05:27:34,542.95
2022-04-01 05:27:39,542.82
2022-04-01 05:27:44,542.66
2022-04-01 05:27:49,542.6
2022-04-01 05:27:54,539.7374049757857
2022-04-01 05:27:59,542.31
2022-04-01 05:28:04,539.7357548078345
2022-04-01 05:28:09,542.02
2022-04-01 05:28:14,539.7341046398833
2022-04-01 05:28:19,541.73
2022-04-01 05:28:24,541.57
2022-04-01 05:28:29,539.7316293879566
2022-04-01 05:28:34,539.7308043039809
2022-04-01 05:28:39,539.7299792200054
2022-04-01 05:28:44,540.89
2022-04-01 05:28:49,540.76
2022-04-01 05:28:54,540.6
2022-04-01 05:28:59,539.726678884103
2022-04-01 05:29:04,540.25
2022-04-01 05:29:09,540.09
2022-04-01 05:29:14,539.92
2022-04-01 05:29:19,539.8
2022-04-01 05:29:24,539.63
2022-04-01 05:29:29,539.7217283802494
2022-04-01 05:29:34,539.34
2022-04-01 05:29:39,539.7200782122982
2022-04-01 05:29:44,539.7192531283226
2022-04-01 05:29:49,538.82
2022-04-01 05:29:54,538.63
2022-04-01 05:29:59,538.47
2022-04-01 05:30:04,538.31
2022-04-01 05:30:09,539.7151277084447
2022-04-01 05:30:14,537.96
2022-04-01 05:30:19,537.86
2022-04-01 05:30:24,537.6
2022-04-01 05:30:29,537.44
2022-04-01 05:30:34,537.34
2022-04-01 05:30:39,537.08
2022-04-01 05:30:44,536.99
2022-04-01 05:30:49,536.83
2022-04-01 05:30:54,539.7077019526643
2022-04-01 05:30:59,536.47
2022-04-01 05:31:04,536.31
2022-04-01 05:31:09,539.7052267007375
2022-04-01 05:31:14,536.02
2022-04-01 05:31:19,535.89
2022-04-01 05:31:24,535.79
2022-04-01 05:31:29,535.6
2022-04-01 05:31:34,535.44
2022-04-01 05:31:39,539.7002761968839
2022-04-01 05:31:44,535.22
2022-04-01 05:31:49,535.09
2022-04-01 05:31:54,539.6978009449572
2022-04-01 05:31:59,534.86
2022-04-01 05:32:04,534.77
2022-04-01 05:32:09,539.6953256930304
2022-04-01 05:32:14,534.51
2022-04-01 05:32:19,539.6936755250792
2022-04-01 05:32:24,534.35
2022-04-01 05:32:29,539.692025357128
2022-04-01 05:32:34,534.12
2022-04-01 05:32:39,533.96
2022-04-01 05:32:44,533.9
2022-04-01 05:32:49,533.77
2022-04-01 05:32:54,533.74
2022-04-01 05:32:59,539.7538843893178
2022-04-01 05:33:04,533.48
2022-04-01 05:33:09,533.39
2022-04-01 05:33:14,533.32
2022-04-01 05:33:19,533.23
2022-04-01 05:33:24,539.8287128846066
2022-04-01 05:33:29,532.97
2022-04-01 05:33:34,532.94
2022-04-01 05:33:39,532.81
2022-04-01 05:33:44,532.74
2022-04-01 05:33:49,532.71
2022-04-01 05:33:54,532.65
2022-04-01 05:33:59,532.52
2022-04-01 05:34:04,532.46
2022-04-01 05:34:09,532.36
2022-04-01 05:34:14,539.9783698751842
2022-04-01 05:34:19,532.24
2022-04-01 05:34:24,532.2
2022-04-01 05:34:29,532.14
2022-04-01 05:34:34,532.14
2022-04-01 05:34:39,540.053198370473
2022-04-01 05:34:44,540.0681640695307
2022-04-01 05:34:49,531.92
2022-04-01 05:34:54,531.92
2022-04-01 05:34:59,531.85
2022-04-01 05:35:04,540.1280268657617
2022-04-01 05:35:09,531.79
2022-04-01 05:35:14,531.79
2022-04-01 05:35:19,531.73
2022-04-01 05:35:24,540.1878896619928
2022-04-01 05:35:29,540.2028553610504
2022-04-01 05:35:34,531.73
2022-04-01 05:35:39,540.2327867591661
2022-04-01 05:35:44,531.79
2022-04-01 05:35:49,540.2627181572815
2022-04-01 05:35:54,531.73
2022-04-01 05:35:59,531.8
2022-04-01 05:36:04,531.86
2022-04-01 05:36:09,540.3225809535126
2022-04-01 05:36:14,540.3375466525702
2022-04-01 05:36:19,531.96
2022-04-01 05:36:24,532.02
2022-04-01 05:36:29,540.3824437497435
2022-04-01 05:36:34,532.22
2022-04-01 05:36:39,540.412375147859
2022-04-01 05:36:44,532.38
2022-04-01 05:36:49,532.44
2022-04-01 05:36:54,532.54
2022-04-01 05:36:59,532.67
2022-04-01 05:37:04,532.76
2022-04-01 05:37:09,532.83
2022-04-01 05:37:14,532.99
2022-04-01 05:37:19,533.12
2022-04-01 05:37:24,533.28
2022-04-01 05:37:29,533.47
2022-04-01 05:37:34,540.5769978374943
2022-04-01 05:37:39,533.76
2022-04-01 05:37:44,533.86
2022-04-01 05:37:49,534.02
2022-04-01 05:37:54,534.21
2022-04-01 05:37:59,534.37
2022-04-01 05:38:04,540.6667920318408
2022-04-01 05:38:09,534.73
2022-04-01 05:38:14,534.89
2022-04-01 05:38:19,535.05
2022-04-01 05:38:24,540.7266548280719
2022-04-01 05:38:29,535.47
2022-04-01 05:38:34,535.63
2022-04-01 05:38:39,540.7715519252451
2022-04-01 05:38:44,535.92
2022-04-01 05:38:49,536.08
2022-04-01 05:38:54,540.8164490224184
2022-04-01 05:38:59,536.49
2022-04-01 05:39:04,536.72
2022-04-01 05:39:09,540.8613461195916
2022-04-01 05:39:14,537.1
2022-04-01 05:39:19,537.3
2022-04-01 05:39:24,537.52
2022-04-01 05:39:29,537.62
2022-04-01 05:39:34,540.9361746148804
2022-04-01 05:39:39,540.9511403139381
2022-04-01 05:39:44,538.2
2022-04-01 05:39:49,538.39
2022-04-01 05:39:54,538.62
2022-04-01 05:39:59,541.0110031101692
2022-04-01 05:40:04,539.0
2022-04-01 05:40:09,541.0409345082847
2022-04-01 05:40:14,541.0559002073425
2022-04-01 05:40:19,539.57
2022-04-01 05:40:24,539.74
2022-04-01 05:40:29,539.93
2022-04-01 05:40:34,540.09
2022-04-01 05:40:39,540.31
2022-04-01 05:40:44,540.47
2022-04-01 05:40:49,540.7
2022-04-01 05:40:54,541.1756257998045
2022-04-01 05:40:59,541.05
2022-04-01 05:41:04,541.27
2022-04-01 05:41:09,541.46
2022-04-01 05:41:14,541.69
2022-04-01 05:41:19,541.2504542950932
2022-04-01 05:41:24,541.98
2022-04-01 05:41:29,542.14
2022-04-01 05:41:34,542.36
2022-04-01 05:41:39,542.52
2022-04-01 05:41:44,542.75
2022-04-01 05:41:49,541.3402484894397
2022-04-01 05:41:54,543.04
2022-04-01 05:41:59,543.23
2022-04-01 05:42:04,543.39
2022-04-01 05:42:09,543.52
2022-04-01 05:42:14,543.62
2022-04-01 05:42:19,543.75
2022-04-01 05:42:24,543.84
2022-04-01 05:42:29,541.4599740819018
2022-04-01 05:42:34,541.4749397809596
2022-04-01 05:42:39,544.2
2022-04-01 05:42:44,544.29
2022-04-01 05:42:49,544.36
2022-04-01 05:42:54,544.42
2022-04-01 05:42:59,541.5497682762483
2022-04-01 05:43:04,541.5647339753061
2022-04-01 05:43:09,541.5796996743638
2022-04-01 05:43:14,541.5946653734217
2022-04-01 05:43:19,541.6096310724794
2022-04-01 05:43:24,544.71
2022-04-01 05:43:29,541.6395624705949
2022-04-01 05:43:34,544.77
2022-04-01 05:43:39,541.6694938687103
2022-04-01 05:43:44,544.77
2022-04-01 05:43:49,544.81
2022-04-01 05:43:54,544.77
2022-04-01 05:43:59,544.77
2022-04-01 05:44:04,544.77
2022-04-01 05:44:09,544.77
2022-04-01 05:44:14,541.7742537621147
2022-04-01 05:44:19,541.7892194611725
2022-04-01 05:44:24,544.65
2022-04-01 05:44:29,544.58
2022-04-01 05:44:34,541.8341165583457
2022-04-01 05:44:39,541.8490822574033
2022-04-01 05:44:44,544.49
2022-04-01 05:44:49,544.42
2022-04-01 05:44:54,544.29
2022-04-01 05:44:59,544.29
2022-04-01 05:45:04,544.2
2022-04-01 05:45:09,541.9388764517499
2022-04-01 05:45:14,544.04
2022-04-01 05:45:19,543.91
2022-04-01 05:45:24,543.84
2022-04-01 05:45:29,543.78
2022-04-01 05:45:34,543.75
2022-04-01 05:45:39,543.62
2022-04-01 05:45:44,543.46
2022-04-01 05:45:49,542.058602044212
2022-04-01 05:45:54,543.27
2022-04-01 05:45:59,543.24
2022-04-01 05:46:04,543.17
2022-04-01 05:46:09,542.1184648404429
2022-04-01 05:46:14,542.1334305395008
2022-04-01 05:46:19,542.88
2022-04-01 05:46:24,542.1633619376162
2022-04-01 05:46:29,542.76
2022-04-01 05:46:34,542.1932933357318
2022-04-01 05:46:39,542.66
2022-04-01 05:46:44,542.59
2022-04-01 05:46:49,542.5
2022-04-01 05:46:54,542.1916333658145
2022-04-01 05:46:59,542.43
2022-04-01 05:47:04,542.37
2022-04-01 05:47:09,542.1515625346049
2022-04-01 05:47:14,542.21
2022-04-01 05:47:19,542.15
2022-04-01 05:47:24,542.08
2022-04-01 05:47:29,542.02
2022-04-01 05:47:34,541.98
2022-04-01 05:47:39,542.0714208721856
2022-04-01 05:47:44,541.86
2022-04-01 05:47:49,541.79
2022-04-01 05:47:54,542.031350040976
2022-04-01 05:47:59,541.69
2022-04-01 05:48:04,541.63
2022-04-01 05:48:09,541.56
2022-04-01 05:48:14,541.56
2022-04-01 05:48:19,541.57
2022-04-01 05:48:24,541.9512083785568
2022-04-01 05:48:29,541.4
2022-04-01 05:48:34,541.9244944910838
2022-04-01 05:48:39,541.9111375473472
2022-04-01 05:48:44,541.21
2022-04-01 05:48:49,541.8844236598742
2022-04-01 05:48:54,541.11
2022-04-01 05:48:59,541.05
2022-04-01 05:49:04,541.05
2022-04-01 05:49:09,540.95
2022-04-01 05:49:14,540.95
2022-04-01 05:49:19,540.82
2022-04-01 05:49:24,540.82
2022-04-01 05:49:29,540.75
2022-04-01 05:49:34,540.69
2022-04-01 05:49:39,541.7508542225088
2022-04-01 05:49:44,540.59
2022-04-01 05:49:49,540.46
2022-04-01 05:49:54,541.7107833912992
2022-04-01 05:49:59,541.6974264475626
2022-04-01 05:50:04,540.36
2022-04-01 05:50:09,540.3
2022-04-01 05:50:14,540.23
2022-04-01 05:50:19,540.17
2022-04-01 05:50:24,540.14
2022-04-01 05:50:29,541.6172847851435
2022-04-01 05:50:34,541.6039278414069
2022-04-01 05:50:39,540.0
2022-04-01 05:50:44,539.94
2022-04-01 05:50:49,541.5638570101972
2022-04-01 05:50:54,541.5505000664607
2022-04-01 05:50:59,539.84
2022-04-01 05:51:04,539.78
2022-04-01 05:51:09,539.77
2022-04-01 05:51:14,539.71
2022-04-01 05:51:19,539.71
2022-04-01 05:51:24,539.71
2022-04-01 05:51:29,539.61
2022-04-01 05:51:34,541.4436445165684
2022-04-01 05:51:39,539.54
2022-04-01 05:51:44,539.48
2022-04-01 05:51:49,541.4035736853588
2022-04-01 05:51:54,539.41
2022-04-01 05:51:59,539.38
2022-04-01 05:52:04,539.38
2022-04-01 05:52:09,539.31
2022-04-01 05:52:14,541.3367889666761
2022-04-01 05:52:19,541.3234320229396
2022-04-01 05:52:24,541.310075079203
2022-04-01 05:52:29,539.18
2022-04-01 05:52:34,541.28336119173
2022-04-01 05:52:39,539.17
2022-04-01 05:52:44,541.2566473042568
2022-04-01 05:52:49,541.2432903605204
2022-04-01 05:52:54,539.08
2022-04-01 05:52:59,539.01
2022-04-01 05:53:04,541.2032195293108
2022-04-01 05:53:09,541.1898625855741
2022-04-01 05:53:14,539.01
2022-04-01 05:53:19,538.95
2022-04-01 05:53:24,538.88
2022-04-01 05:53:29,538.88
2022-04-01 05:53:34,541.1230778668915
2022-04-01 05:53:39,541.1097209231549
2022-04-01 05:53:44,538.85
2022-04-01 05:53:49,541.0830070356819
2022-04-01 05:53:54,538.72
2022-04-01 05:53:59,541.0562931482087
2022-04-01 05:54:04,541.0429362044723
2022-04-01 05:54:09,538.66
2022-04-01 05:54:14,538.66
2022-04-01 05:54:19,538.65
2022-04-01 05:54:24,538.56
2022-04-01 05:54:29,540.9761514857895
2022-04-01 05:54:34,538.56
2022-04-01 05:54:39,540.9494375983165
2022-04-01 05:54:44,540.9360806545799
2022-04-01 05:54:49,540.9227237108435
2022-04-01 05:54:54,538.43
2022-04-01 05:54:59,538.43
2022-04-01 05:55:04,538.43
2022-04-01 05:55:09,538.36
2022-04-01 05:55:14,540.8559389921606
2022-04-01 05:55:19,538.33
2022-04-01 05:55:24,538.27
2022-04-01 05:55:29,538.33
2022-04-01 05:55:34,538.33
2022-04-01 05:55:39,538.2
2022-04-01 05:55:44,538.27
2022-04-01 05:55:49,538.2
2022-04-01 05:55:54,538.2
2022-04-01 05:55:59,540.7357264985319
2022-04-01 05:56:04,538.14
2022-04-01 05:56:09,538.14
2022-04-01 05:56:14,540.6956556673223
2022-04-01 05:56:19,538.08
2022-04-01 05:56:24,540.6689417798492
2022-04-01 05:56:29,538.04
2022-04-01 05:56:34,540.642227892376
2022-04-01 05:56:39,540.6288709486396
2022-04-01 05:56:44,537.98
2022-04-01 05:56:49,537.92
2022-04-01 05:56:54,540.58880011743
2022-04-01 05:56:59,537.92
2022-04-01 05:57:04,537.86
2022-04-01 05:57:09,537.86
2022-04-01 05:57:14,540.5353723424838
2022-04-01 05:57:19,540.5220153987472
2022-04-01 05:57:24,540.5086584550107
2022-04-01 05:57:29,537.82
2022-04-01 05:57:34,537.83
2022-04-01 05:57:39,537.83
2022-04-01 05:57:44,537.76
2022-04-01 05:57:49,537.76
2022-04-01 05:57:54,540.4285167925915
2022-04-01 05:57:59,537.76
2022-04-01 05:58:04,537.76
2022-04-01 05:58:09,537.76
2022-04-01 05:58:14,537.76
2022-04-01 05:58:19,537.7
2022-04-01 05:58:24,537.7
2022-04-01 05:58:29,540.3350181864357
2022-04-01 05:58:34,540.3216612426992
2022-04-01 05:58:39,537.76
2022-04-01 05:58:44,537.7
2022-04-01 05:58:49,537.7
2022-04-01 05:58:54,540.268233467753
2022-04-01 05:58:59,540.2548765240165
2022-04-01 05:59:04,540.2415195802799
2022-04-01 05:59:09,537.69
2022-04-01 05:59:14,537.76
2022-04-01 05:59:19,537.7
2022-04-01 05:59:24,537.76
2022-04-01 05:59:29,540.1747348615972
2022-04-01 05:59:34,537.69
2022-04-01 05:59:39,537.76
2022-04-01 05:59:44,537.76
2022-04-01 05:59:49,540.1213070866511
2022-04-01 05:59:54,540.1079501429144
2022-04-01 05:59:59,540.094593199178
2022-04-01 06:00:04,537.76
2022-04-01 06:00:09,537.76
2022-04-01 06:00:14,540.0545223679684
2022-04-01 06:00:19,537.75
2022-04-01 06:00:24,537.75
2022-04-01 06:00:29,537.76
2022-04-01 06:00:34,537.76
2022-04-01 06:00:39,539.9877376492857
2022-04-01 06:00:44,537.69
2022-04-01 06:00:49,539.9666488809885
2022-04-01 06:00:54,540.0028511768876
2022-04-01 06:00:59,537.75
2022-04-01 06:01:04,540.0752557686852
2022-04-01 06:01:09,537.82
2022-04-01 06:01:14,537.82
2022-04-01 06:01:19,540.1838626563818
2022-04-01 06:01:24,537.81
2022-04-01 06:01:29,537.75
2022-04-01 06:01:34,540.2924695440786
2022-04-01 06:01:39,537.81
2022-04-01 06:01:44,537.81
2022-04-01 06:01:49,537.84
2022-04-01 06:01:54,537.84
2022-04-01 06:01:59,540.4734810235728
2022-04-01 06:02:04,537.91
2022-04-01 06:02:09,540.5458856153709
2022-04-01 06:02:14,537.9
2022-04-01 06:02:19,540.6182902071686
2022-04-01 06:02:24,540.6544925030676
2022-04-01 06:02:29,538.06
2022-04-01 06:02:34,538.12
2022-04-01 06:02:39,538.12
2022-04-01 06:02:44,540.7993016866628
2022-04-01 06:02:49,538.18
2022-04-01 06:02:54,540.8717062784609
2022-04-01 06:02:59,538.31
2022-04-01 06:03:04,538.34
2022-04-01 06:03:09,538.4
2022-04-01 06:03:14,538.47
2022-04-01 06:03:19,541.0527177579552
2022-04-01 06:03:24,538.53
2022-04-01 06:03:29,538.56
2022-04-01 06:03:34,538.62
2022-04-01 06:03:39,538.62
2022-04-01 06:03:44,538.69
2022-04-01 06:03:49,538.75
2022-04-01 06:03:54,541.3061338292475
2022-04-01 06:03:59,541.3423361251465
2022-04-01 06:04:04,538.91
2022-04-01 06:04:09,538.98
2022-04-01 06:04:14,538.98
2022-04-01 06:04:19,539.04
2022-04-01 06:04:24,541.5233476046409
2022-04-01 06:04:29,539.14
2022-04-01 06:04:34,541.5957521964385
2022-04-01 06:04:39,539.2
2022-04-01 06:04:44,539.26
2022-04-01 06:04:49,539.33
2022-04-01 06:04:54,541.7405613800343
2022-04-01 06:04:59,539.42
2022-04-01 06:05:04,539.42
2022-04-01 06:05:09,541.8491682677309
2022-04-01 06:05:14,539.55
2022-04-01 06:05:19,539.58
2022-04-01 06:05:24,539.65
2022-04-01 06:05:29,541.9939774513266
2022-04-01 06:05:34,539.77
2022-04-01 06:05:39,539.84
2022-04-01 06:05:44,539.93
2022-04-01 06:05:49,540.0
2022-04-01 06:05:54,540.06
2022-04-01 06:05:59,542.21119122672
2022-04-01 06:06:04,540.16
2022-04-01 06:06:09,540.29
2022-04-01 06:06:14,540.35
2022-04-01 06:06:19,540.45
2022-04-01 06:06:24,540.51
2022-04-01 06:06:29,540.58
2022-04-01 06:06:34,542.464607298012
2022-04-01 06:06:39,540.8
2022-04-01 06:06:44,540.9
2022-04-01 06:06:49,542.5732141857086
2022-04-01 06:06:54,541.03
2022-04-01 06:06:59,541.13
2022-04-01 06:07:04,541.19
2022-04-01 06:07:09,541.32
2022-04-01 06:07:14,542.7542256652033
2022-04-01 06:07:19,542.790427961102
2022-04-01 06:07:24,541.61
2022-04-01 06:07:29,541.61
2022-04-01 06:07:34,542.8990348487986
2022-04-01 06:07:39,541.84
2022-04-01 06:07:44,541.93
2022-04-01 06:07:49,542.0
2022-04-01 06:07:54,542.13
2022-04-01 06:07:59,542.16
2022-04-01 06:08:04,543.1162486241919
2022-04-01 06:08:09,543.1524509200909
2022-04-01 06:08:14,542.52
2022-04-01 06:08:19,542.58
2022-04-01 06:08:24,542.68
2022-04-01 06:08:29,542.75
2022-04-01 06:08:34,542.81
2022-04-01 06:08:39,543.3696646954843
2022-04-01 06:08:44,543.03
2022-04-01 06:08:49,543.16
2022-04-01 06:08:54,543.2
2022-04-01 06:08:59,543.26
2022-04-01 06:09:04,543.39
2022-04-01 06:09:09,543.5868784708777
2022-04-01 06:09:14,543.55
2022-04-01 06:09:19,543.68
2022-04-01 06:09:24,543.78
2022-04-01 06:09:29,543.7316876544733
2022-04-01 06:09:34,543.9
2022-04-01 06:09:39,543.97
2022-04-01 06:09:44,544.07
2022-04-01 06:09:49,544.19
2022-04-01 06:09:54,544.23
2022-04-01 06:09:59,544.36
2022-04-01 06:10:04,544.48
2022-04-01 06:10:09,544.48
2022-04-01 06:10:14,544.52
2022-04-01 06:10:19,544.65
2022-04-01 06:10:24,544.71
2022-04-01 06:10:29,544.87
2022-04-01 06:10:34,544.93
2022-04-01 06:10:39,545.0
2022-04-01 06:10:44,544.2747220929566
2022-04-01 06:10:49,545.16
2022-04-01 06:10:54,544.3471266847544
2022-04-01 06:10:59,545.39
2022-04-01 06:11:04,545.38
2022-04-01 06:11:09,545.44
2022-04-01 06:11:14,545.54
2022-04-01 06:11:19,545.61
2022-04-01 06:11:24,545.67
2022-04-01 06:11:29,545.77
2022-04-01 06:11:34,545.83
2022-04-01 06:11:39,545.96
2022-04-01 06:11:44,545.96
2022-04-01 06:11:49,546.12
2022-04-01 06:11:54,544.781554235541
2022-04-01 06:11:59,546.18
2022-04-01 06:12:04,546.28
2022-04-01 06:12:09,546.34
2022-04-01 06:12:14,546.47
2022-04-01 06:12:19,544.9625657150357
2022-04-01 06:12:24,546.56
2022-04-01 06:12:29,546.63
2022-04-01 06:12:34,545.0711726027323
2022-04-01 06:12:39,546.79
2022-04-01 06:12:44,545.14357719453
2022-04-01 06:12:49,546.92
2022-04-01 06:12:54,546.98
2022-04-01 06:12:59,547.05
2022-04-01 06:13:04,547.14
2022-04-01 06:13:09,547.2
2022-04-01 06:13:14,547.26
2022-04-01 06:13:19,545.3969932658224
2022-04-01 06:13:24,547.36
2022-04-01 06:13:29,547.42
2022-04-01 06:13:34,547.42
2022-04-01 06:13:39,545.541802449418
2022-04-01 06:13:44,547.48
2022-04-01 06:13:49,547.55
2022-04-01 06:13:54,547.55
2022-04-01 06:13:59,545.6866116330134
2022-04-01 06:14:04,547.58
2022-04-01 06:14:09,545.7590162248114
2022-04-01 06:14:14,545.79521852071
2022-04-01 06:14:19,545.831420816609
2022-04-01 06:14:24,547.64
2022-04-01 06:14:29,547.57
2022-04-01 06:14:34,547.64
2022-04-01 06:14:39,547.57
2022-04-01 06:14:44,547.57
2022-04-01 06:14:49,547.57
2022-04-01 06:14:54,547.57
2022-04-01 06:14:59,547.53
2022-04-01 06:15:04,546.0486479387708
2022-04-01 06:15:09,547.47
2022-04-01 06:15:14,547.4
2022-04-01 06:15:19,547.4
2022-04-01 06:15:24,547.34
2022-04-01 06:15:29,547.27
2022-04-01 06:15:34,547.24
2022-04-01 06:15:39,547.18
2022-04-01 06:15:44,547.05
2022-04-01 06:15:49,547.02
2022-04-01 06:15:54,545.8821823319104
2022-04-01 06:15:59,546.82
2022-04-01 06:16:04,545.8488892105383
2022-04-01 06:16:09,545.8322426498523
2022-04-01 06:16:14,546.66
2022-04-01 06:16:19,546.53
2022-04-01 06:16:24,545.7823029677942
2022-04-01 06:16:29,546.37
2022-04-01 06:16:34,546.24
2022-04-01 06:16:39,546.14
2022-04-01 06:16:44,546.01
2022-04-01 06:16:49,545.92
2022-04-01 06:16:54,545.682423603678
2022-04-01 06:16:59,545.72
2022-04-01 06:17:04,545.56
2022-04-01 06:17:09,545.47
2022-04-01 06:17:14,545.34
2022-04-01 06:17:19,545.18
2022-04-01 06:17:24,545.5825442395618
2022-04-01 06:17:29,544.95
2022-04-01 06:17:34,544.76
2022-04-01 06:17:39,544.66
2022-04-01 06:17:44,544.47
2022-04-01 06:17:49,544.37
2022-04-01 06:17:54,544.18
2022-04-01 06:17:59,544.08
2022-04-01 06:18:04,545.4493717540736
2022-04-01 06:18:09,543.73
2022-04-01 06:18:14,543.63
2022-04-01 06:18:19,545.3994320720154
2022-04-01 06:18:24,543.34
2022-04-01 06:18:29,545.3661389506433
2022-04-01 06:18:34,543.05
2022-04-01 06:18:39,542.93
2022-04-01 06:18:44,545.3161992685851
2022-04-01 06:18:49,545.2995527078992
2022-04-01 06:18:54,542.6
2022-04-01 06:18:59,542.41
2022-04-01 06:19:04,542.32
2022-04-01 06:19:09,542.19
2022-04-01 06:19:14,542.09
2022-04-01 06:19:19,545.199673343783
2022-04-01 06:19:24,545.1830267830969
2022-04-01 06:19:29,541.74
2022-04-01 06:19:34,545.1497336617249
2022-04-01 06:19:39,541.58
2022-04-01 06:19:44,541.45
2022-04-01 06:19:49,541.36
2022-04-01 06:19:54,541.29
2022-04-01 06:19:59,541.16
2022-04-01 06:20:04,541.1
2022-04-01 06:20:09,541.01
2022-04-01 06:20:14,540.94
2022-04-01 06:20:19,544.9999146155506
2022-04-01 06:20:24,544.9832680548645
2022-04-01 06:20:29,540.71
2022-04-01 06:20:34,540.58
2022-04-01 06:20:39,544.9333283728064
2022-04-01 06:20:44,540.49
2022-04-01 06:20:49,540.43
2022-04-01 06:20:54,544.8833886907483
2022-04-01 06:20:59,540.36
2022-04-01 06:21:04,544.8500955693763
2022-04-01 06:21:09,540.33
2022-04-01 06:21:14,540.33
2022-04-01 06:21:19,540.33
2022-04-01 06:21:24,540.33
2022-04-01 06:21:29,540.33
2022-04-01 06:21:34,540.26
2022-04-01 06:21:39,540.27
2022-04-01 06:21:44,540.33
2022-04-01 06:21:49,544.7002765232018
2022-04-01 06:21:54,544.6836299625159
2022-04-01 06:21:59,540.26
2022-04-01 06:22:04,544.6503368411437
2022-04-01 06:22:09,540.26
2022-04-01 06:22:14,540.26
2022-04-01 06:22:19,544.6003971590856
2022-04-01 06:22:24,540.26
2022-04-01 06:22:29,540.26
2022-04-01 06:22:34,540.26
2022-04-01 06:22:39,540.33
2022-04-01 06:22:44,544.5171643556555
2022-04-01 06:22:49,540.33
2022-04-01 06:22:54,540.33
2022-04-01 06:22:59,540.42
2022-04-01 06:23:04,544.4505781129113
2022-04-01 06:23:09,540.49
2022-04-01 06:23:14,544.4172849915393
2022-04-01 06:23:19,544.4006384308532
2022-04-01 06:23:24,540.64
2022-04-01 06:23:29,540.71
2022-04-01 06:23:34,544.350698748795
2022-04-01 06:23:39,540.84
2022-04-01 06:23:44,540.87
2022-04-01 06:23:49,544.300759066737
2022-04-01 06:23:54,540.99
2022-04-01 06:23:59,541.06
2022-04-01 06:24:04,544.2508193846788
2022-04-01 06:24:09,541.22
2022-04-01 06:24:14,541.28
2022-04-01 06:24:19,544.2008797026208
2022-04-01 06:24:24,541.38
2022-04-01 06:24:29,541.44
2022-04-01 06:24:34,541.44
2022-04-01 06:24:39,544.1342934598767
2022-04-01 06:24:44,541.57
2022-04-01 06:24:49,541.6
2022-04-01 06:24:54,541.6
2022-04-01 06:24:59,541.66
2022-04-01 06:25:04,541.73
2022-04-01 06:25:09,541.79
2022-04-01 06:25:14,541.79
2022-04-01 06:25:19,541.85
2022-04-01 06:25:24,541.88
2022-04-01 06:25:29,543.9678278530163
2022-04-01 06:25:34,541.94
2022-04-01 06:25:39,543.9345347316442
2022-04-01 06:25:44,543.9178881709582
2022-04-01 06:25:49,542.07
2022-04-01 06:25:54,543.884595049586
2022-04-01 06:25:59,542.1
2022-04-01 06:26:04,542.17
2022-04-01 06:26:09,542.23
2022-04-01 06:26:14,542.23
2022-04-01 06:26:19,543.8013622461559
2022-04-01 06:26:24,542.29
2022-04-01 06:26:29,543.7680691247839
2022-04-01 06:26:34,543.7514225640978
2022-04-01 06:26:39,543.7347760034118
2022-04-01 06:26:44,542.45
2022-04-01 06:26:49,542.51
2022-04-01 06:26:54,543.6848363213536
2022-04-01 06:26:59,542.61
2022-04-01 06:27:04,542.61
2022-04-01 06:27:09,542.68
2022-04-01 06:27:14,543.6182500786095
2022-04-01 06:27:19,542.8
2022-04-01 06:27:24,543.5849569572374
2022-04-01 06:27:29,543.5683103965515
2022-04-01 06:27:34,542.87
2022-04-01 06:27:39,542.9
2022-04-01 06:27:44,543.5183707144934
2022-04-01 06:27:49,543.09
2022-04-01 06:27:54,543.12
2022-04-01 06:27:59,543.13
2022-04-01 06:28:04,543.4517844717492
2022-04-01 06:28:09,543.4351379110631
2022-04-01 06:28:14,543.26
2022-04-01 06:28:19,543.32
2022-04-01 06:28:24,543.32
2022-04-01 06:28:29,543.32
2022-04-01 06:28:34,543.38
2022-04-01 06:28:39,543.41
2022-04-01 06:28:44,543.318611986261
2022-04-01 06:28:49,543.3019654255748
2022-04-01 06:28:54,543.55
2022-04-01 06:28:59,543.55
2022-04-01 06:29:04,543.61
2022-04-01 06:29:09,543.2861049728988
2022-04-01 06:29:14,543.64
2022-04-01 06:29:19,543.71
2022-04-01 06:29:24,543.3124031694425
2022-04-01 06:29:29,543.77
2022-04-01 06:29:34,543.84
2022-04-01 06:29:39,543.84
2022-04-01 06:29:44,543.347467431501
2022-04-01 06:29:49,543.3562334970155
2022-04-01 06:29:54,544.0
2022-04-01 06:29:59,544.07
2022-04-01 06:30:04,544.07
2022-04-01 06:30:09,543.391297759074
2022-04-01 06:30:14,544.16
2022-04-01 06:30:19,544.17
2022-04-01 06:30:24,544.29
2022-04-01 06:30:29,544.23
2022-04-01 06:30:34,544.3
2022-04-01 06:30:39,544.43
2022-04-01 06:30:44,544.43
2022-04-01 06:30:49,544.46
2022-04-01 06:30:54,544.46
2022-04-01 06:30:59,544.52
2022-04-01 06:31:04,544.59
2022-04-01 06:31:09,544.59
2022-04-01 06:31:14,544.65
2022-04-01 06:31:19,544.69
2022-04-01 06:31:24,544.69
2022-04-01 06:31:29,543.5315548073075
2022-04-01 06:31:34,544.82
2022-04-01 06:31:39,544.88
2022-04-01 06:31:44,544.95
2022-04-01 06:31:49,544.98
2022-04-01 06:31:54,545.04
2022-04-01 06:31:59,545.11
2022-04-01 06:32:04,545.11
2022-04-01 06:32:09,543.6016833314243
2022-04-01 06:32:14,545.21
2022-04-01 06:32:19,543.6192154624536
2022-04-01 06:32:24,545.33
2022-04-01 06:32:29,545.4
2022-04-01 06:32:34,545.46
2022-04-01 06:32:39,545.5
2022-04-01 06:32:44,545.5
2022-04-01 06:32:49,543.6718118555411
2022-04-01 06:32:54,543.6805779210557
2022-04-01 06:32:59,543.6893439865704
2022-04-01 06:33:04,545.78
2022-04-01 06:33:09,543.7068761175996
2022-04-01 06:33:14,545.85
2022-04-01 06:33:19,545.91
2022-04-01 06:33:24,543.7331743141433
2022-04-01 06:33:29,543.741940379658
2022-04-01 06:33:34,546.07
2022-04-01 06:33:39,546.14
2022-04-01 06:33:44,543.7682385762017
2022-04-01 06:33:49,546.23
2022-04-01 06:33:54,543.7857707072309
2022-04-01 06:33:59,546.36
2022-04-01 06:34:04,546.42
2022-04-01 06:34:09,543.8120689037747
2022-04-01 06:34:14,546.52
2022-04-01 06:34:19,546.58
2022-04-01 06:34:24,543.8383671003185
2022-04-01 06:34:29,543.8471331658332
2022-04-01 06:34:34,546.71
2022-04-01 06:34:39,543.8646652968623
2022-04-01 06:34:44,546.74
2022-04-01 06:34:49,546.81
2022-04-01 06:34:54,543.8909634934062
2022-04-01 06:34:59,543.8997295589207
2022-04-01 06:35:04,546.93
2022-04-01 06:35:09,543.9172616899499
2022-04-01 06:35:14,546.93
2022-04-01 06:35:19,547.0
2022-04-01 06:35:24,547.03
2022-04-01 06:35:29,546.99
2022-04-01 06:35:34,547.09
2022-04-01 06:35:39,547.09
2022-04-01 06:35:44,547.09
2022-04-01 06:35:49,547.15
2022-04-01 06:35:54,547.15
2022-04-01 06:35:59,544.0049223450959
2022-04-01 06:36:04,547.21
2022-04-01 06:36:09,547.15
2022-04-01 06:36:14,544.0312205416398
2022-04-01 06:36:19,547.21
2022-04-01 06:36:24,547.21
2022-04-01 06:36:29,544.0575187381835
2022-04-01 06:36:34,547.21
2022-04-01 06:36:39,547.2
2022-04-01 06:36:44,544.0838169347273
2022-04-01 06:36:49,547.21
2022-04-01 06:36:54,547.14
2022-04-01 06:36:59,547.14
2022-04-01 06:37:04,547.14
2022-04-01 06:37:09,547.08
2022-04-01 06:37:14,547.08
2022-04-01 06:37:19,547.07
2022-04-01 06:37:24,547.07
2022-04-01 06:37:29,547.01
2022-04-01 06:37:34,547.01
2022-04-01 06:37:39,547.01
2022-04-01 06:37:44,547.01
2022-04-01 06:37:49,544.1977757864171
2022-04-01 06:37:54,546.91
2022-04-01 06:37:59,544.2153079174462
2022-04-01 06:38:04,546.91
2022-04-01 06:38:09,544.2328400484755
2022-04-01 06:38:14,544.2416061139901
2022-04-01 06:38:19,546.84
2022-04-01 06:38:24,544.2591382450192
2022-04-01 06:38:29,546.84
2022-04-01 06:38:34,546.78
2022-04-01 06:38:39,546.78
2022-04-01 06:38:44,546.78
2022-04-01 06:38:49,546.78
2022-04-01 06:38:54,546.78
2022-04-01 06:38:59,544.3205007036215
2022-04-01 06:39:04,546.71
2022-04-01 06:39:09,546.71
2022-04-01 06:39:14,544.3467989001653
2022-04-01 06:39:19,546.71
2022-04-01 06:39:24,546.71
2022-04-01 06:39:29,546.68
2022-04-01 06:39:34,544.3818631622237
2022-04-01 06:39:39,546.68
2022-04-01 06:39:44,546.68
2022-04-01 06:39:49,546.68
2022-04-01 06:39:54,544.4169274242821
2022-04-01 06:39:59,544.4256934897967
2022-04-01 06:40:04,546.55
2022-04-01 06:40:09,546.55
2022-04-01 06:40:14,546.49
2022-04-01 06:40:19,544.4607577518551
2022-04-01 06:40:24,544.4695238173697
2022-04-01 06:40:29,546.39
2022-04-01 06:40:34,544.4870559483988
2022-04-01 06:40:39,546.27
2022-04-01 06:40:44,546.2
2022-04-01 06:40:49,546.17
2022-04-01 06:40:54,546.11
2022-04-01 06:40:59,544.5308862759719
2022-04-01 06:41:04,545.98
2022-04-01 06:41:09,544.5484184070011
2022-04-01 06:41:14,545.82
2022-04-01 06:41:19,544.5659505380303
2022-04-01 06:41:24,544.5747166035449
2022-04-01 06:41:29,545.66
2022-04-01 06:41:34,545.6
2022-04-01 06:41:39,545.53
2022-04-01 06:41:44,545.47
2022-04-01 06:41:49,545.44
2022-04-01 06:41:54,545.37
2022-04-01 06:41:59,545.31
2022-04-01 06:42:04,545.25
2022-04-01 06:42:09,545.18
2022-04-01 06:42:14,544.6623772586909
2022-04-01 06:42:19,545.15
2022-04-01 06:42:24,545.09
2022-04-01 06:42:29,544.6886754552346
2022-04-01 06:42:34,544.96
2022-04-01 06:42:39,544.93
2022-04-01 06:42:44,544.7149736517785
2022-04-01 06:42:49,544.86
2022-04-01 06:42:54,544.73
2022-04-01 06:42:59,544.7412718483222
2022-04-01 06:43:04,544.64
2022-04-01 06:43:09,544.7031880625375
2022-04-01 06:43:14,544.6526227428917
2022-04-01 06:43:19,544.57
2022-04-01 06:43:24,544.5514921036007
2022-04-01 06:43:29,544.41
2022-04-01 06:43:34,544.4503614643097
2022-04-01 06:43:39,544.35
2022-04-01 06:43:44,544.29
2022-04-01 06:43:49,544.22
2022-04-01 06:43:54,544.16
2022-04-01 06:43:59,544.1975348660814
2022-04-01 06:44:04,544.06
2022-04-01 06:44:09,544.0964042267902
2022-04-01 06:44:14,543.99
2022-04-01 06:44:19,543.93
2022-04-01 06:44:24,543.9447082678535
2022-04-01 06:44:29,543.83
2022-04-01 06:44:34,543.8435776285625
2022-04-01 06:44:39,543.7
2022-04-01 06:44:44,543.64
2022-04-01 06:44:49,543.61
2022-04-01 06:44:54,543.54
2022-04-01 06:44:59,543.54
2022-04-01 06:45:04,543.54
2022-04-01 06:45:09,543.41
2022-04-01 06:45:14,543.4390550713973
2022-04-01 06:45:19,543.38
2022-04-01 06:45:24,543.31
2022-04-01 06:45:29,543.2873591124605
2022-04-01 06:45:34,543.2367937928152
2022-04-01 06:45:39,543.25
2022-04-01 06:45:44,543.12
2022-04-01 06:45:49,543.12
2022-04-01 06:45:54,543.09
2022-04-01 06:45:59,542.983967194587
2022-04-01 06:46:04,542.9334018749416
2022-04-01 06:46:09,542.95
2022-04-01 06:46:14,542.95
2022-04-01 06:46:19,542.89
2022-04-01 06:46:24,542.85
2022-04-01 06:46:29,542.6805752767133
2022-04-01 06:46:34,542.79
2022-04-01 06:46:39,542.72
2022-04-01 06:46:44,542.5288793177765
2022-04-01 06:46:49,542.66
2022-04-01 06:46:54,542.66
2022-04-01 06:46:59,542.3771833588397
2022-04-01 06:47:04,542.59
2022-04-01 06:47:09,542.56
2022-04-01 06:47:14,542.49
2022-04-01 06:47:19,542.49
2022-04-01 06:47:24,542.49
2022-04-01 06:47:29,542.43
2022-04-01 06:47:34,542.42
2022-04-01 06:47:39,542.42
2022-04-01 06:47:44,542.36
2022-04-01 06:47:49,542.36
2022-04-01 06:47:54,541.8209648427382
2022-04-01 06:47:59,541.7703995230925
2022-04-01 06:48:04,542.26
2022-04-01 06:48:09,542.2
2022-04-01 06:48:14,542.13
2022-04-01 06:48:19,542.13
2022-04-01 06:48:24,542.07
2022-04-01 06:48:29,542.07
2022-04-01 06:48:34,542.03
2022-04-01 06:48:39,541.3658769659279
2022-04-01 06:48:44,541.9
2022-04-01 06:48:49,541.2647463266363
2022-04-01 06:48:54,541.84
2022-04-01 06:48:59,541.84
2022-04-01 06:49:04,541.84
2022-04-01 06:49:09,541.0624850480542
2022-04-01 06:49:14,541.0119197284084
2022-04-01 06:49:19,541.67
2022-04-01 06:49:24,541.67
2022-04-01 06:49:29,541.61
2022-04-01 06:49:34,540.8096584498259
2022-04-01 06:49:39,540.7590931301806
2022-04-01 06:49:44,540.7085278105349
2022-04-01 06:49:49,540.6579624908891
2022-04-01 06:49:54,541.45
2022-04-01 06:49:59,541.45
2022-04-01 06:50:04,541.38
2022-04-01 06:50:09,540.4557012123071
2022-04-01 06:50:14,541.29
2022-04-01 06:50:19,541.22
2022-04-01 06:50:24,540.3040052533702
2022-04-01 06:50:29,540.2534399337245
2022-04-01 06:50:34,541.03
2022-04-01 06:50:39,541.0
2022-04-01 06:50:44,540.1017439747876
2022-04-01 06:50:49,540.87
2022-04-01 06:50:54,540.87
2022-04-01 06:50:59,539.9500480158508
2022-04-01 06:51:04,540.78
2022-04-01 06:51:09,540.71
2022-04-01 06:51:14,540.65
2022-04-01 06:51:19,540.65
2022-04-01 06:51:24,540.58
2022-04-01 06:51:29,540.49
2022-04-01 06:51:34,539.5960907783315
2022-04-01 06:51:39,540.49
2022-04-01 06:51:44,539.4949601390405
2022-04-01 06:51:49,539.4443948193947
2022-04-01 06:51:54,540.29
2022-04-01 06:51:59,540.36
2022-04-01 06:52:04,540.26
2022-04-01 06:52:09,540.26
2022-04-01 06:52:14,540.2
2022-04-01 06:52:19,539.1410029015211
2022-04-01 06:52:24,540.2
2022-04-01 06:52:29,539.03987226223
2022-04-01 06:52:34,538.9893069425843
2022-04-01 06:52:39,540.07
2022-04-01 06:52:44,538.8881763032932
2022-04-01 06:52:49,539.98
2022-04-01 06:52:54,539.98
2022-04-01 06:52:59,539.92
2022-04-01 06:53:04,538.6859150247107
2022-04-01 06:53:09,539.85
2022-04-01 06:53:14,538.5847843854197
2022-04-01 06:53:19,538.5342190657739
2022-04-01 06:53:24,538.4836537461281
2022-04-01 06:53:29,539.79
2022-04-01 06:53:34,539.79
2022-04-01 06:53:39,539.79
2022-04-01 06:53:44,539.76
2022-04-01 06:53:49,539.76
2022-04-01 06:53:54,539.76
2022-04-01 06:53:59,539.76
2022-04-01 06:54:04,538.0791311889635
2022-04-01 06:54:09,538.0285658693177
2022-04-01 06:54:14,539.7
2022-04-01 06:54:19,537.9274352300266
2022-04-01 06:54:24,539.7
2022-04-01 06:54:29,537.8263045907356
2022-04-01 06:54:34,539.7
2022-04-01 06:54:39,537.725173951444
2022-04-01 06:54:44,539.7
2022-04-01 06:54:49,539.7
2022-04-01 06:54:54,539.7
2022-04-01 06:54:59,539.64
2022-04-01 06:55:04,537.4723473532163
2022-04-01 06:55:09,539.64
2022-04-01 06:55:14,539.64
2022-04-01 06:55:19,537.3206513942795
2022-04-01 06:55:24,537.2700860746337
2022-04-01 06:55:29,539.57
2022-04-01 06:55:34,539.57
2022-04-01 06:55:39,539.57
2022-04-01 06:55:44,537.0678247960516
2022-04-01 06:55:49,539.57
2022-04-01 06:55:54,539.51
2022-04-01 06:55:59,539.57
2022-04-01 06:56:04,539.51
2022-04-01 06:56:09,539.51
2022-04-01 06:56:14,536.7644328781776
2022-04-01 06:56:19,539.47
2022-04-01 06:56:24,536.6633022388864
2022-04-01 06:56:29,539.47
2022-04-01 06:56:34,539.41
2022-04-01 06:56:39,536.5116062799497
2022-04-01 06:56:44,539.41
2022-04-01 06:56:49,536.4104756406587
2022-04-01 06:56:54,539.34
2022-04-01 06:56:59,536.3093450013671
2022-04-01 06:57:04,536.2587796817219
2022-04-01 06:57:09,539.27
2022-04-01 06:57:14,536.2420000858231
2022-04-01 06:57:19,539.24
2022-04-01 06:57:24,536.332866698975
2022-04-01 06:57:29,539.24
2022-04-01 06:57:34,539.24
2022-04-01 06:57:39,536.4691666187028
2022-04-01 06:57:44,539.17
2022-04-01 06:57:49,539.11
2022-04-01 06:57:54,539.04
2022-04-01 06:57:59,539.04
2022-04-01 06:58:04,538.98
2022-04-01 06:58:09,536.7417664581586
2022-04-01 06:58:14,538.94
2022-04-01 06:58:19,538.88
2022-04-01 06:58:24,536.8780663778866
2022-04-01 06:58:29,538.81
2022-04-01 06:58:34,536.9689329910384
2022-04-01 06:58:39,538.75
2022-04-01 06:58:44,537.0597996041906
2022-04-01 06:58:49,538.71
2022-04-01 06:58:54,538.64
2022-04-01 06:58:59,537.1960995239185
2022-04-01 06:59:04,538.58
2022-04-01 06:59:09,538.58
2022-04-01 06:59:14,538.45
2022-04-01 06:59:19,537.3778327502221
2022-04-01 06:59:24,538.45
2022-04-01 06:59:29,538.42
2022-04-01 06:59:34,538.35
2022-04-01 06:59:39,538.29
2022-04-01 06:59:44,538.22
2022-04-01 06:59:49,538.22
2022-04-01 06:59:54,538.22
2022-04-01 06:59:59,538.19
2022-04-01 07:00:04,538.18
2022-04-01 07:00:09,538.12
2022-04-01 07:00:14,538.12
2022-04-01 07:00:19,538.05
2022-04-01 07:00:24,538.06
2022-04-01 07:00:29,538.05
2022-04-01 07:00:34,538.0593323488621
2022-04-01 07:00:39,538.1047656554379
2022-04-01 07:00:44,538.05
2022-04-01 07:00:49,537.99
2022-04-01 07:00:54,538.2410655751657
2022-04-01 07:00:59,538.05
2022-04-01 07:01:04,538.05
2022-04-01 07:01:09,538.3773654948936
2022-04-01 07:01:14,538.12
2022-04-01 07:01:19,538.12
2022-04-01 07:01:24,538.12
2022-04-01 07:01:29,538.12
2022-04-01 07:01:34,538.12
2022-04-01 07:01:39,538.12
2022-04-01 07:01:44,538.18
2022-04-01 07:01:49,538.7408319475018
2022-04-01 07:01:54,538.18
2022-04-01 07:01:59,538.18
2022-04-01 07:02:04,538.21
2022-04-01 07:02:09,538.9225651738053
2022-04-01 07:02:14,538.28
2022-04-01 07:02:19,539.0134317869575
2022-04-01 07:02:24,538.34
2022-04-01 07:02:29,538.41
2022-04-01 07:02:34,538.44
2022-04-01 07:02:39,538.5
2022-04-01 07:02:44,538.57
2022-04-01 07:02:49,538.57
2022-04-01 07:02:54,538.64
2022-04-01 07:02:59,539.3768982395652
2022-04-01 07:03:04,538.73
2022-04-01 07:03:09,538.8
2022-04-01 07:03:14,538.93
2022-04-01 07:03:19,539.5586314658692
2022-04-01 07:03:24,538.96
2022-04-01 07:03:29,539.02
2022-04-01 07:03:34,539.6949313855971
2022-04-01 07:03:39,539.15
2022-04-01 07:03:44,539.7857979987489
2022-04-01 07:03:49,539.831231305325
2022-04-01 07:03:54,539.32
2022-04-01 07:03:59,539.38
2022-04-01 07:04:04,539.45
2022-04-01 07:04:09,539.48
2022-04-01 07:04:14,539.54
2022-04-01 07:04:19,539.61
2022-04-01 07:04:24,540.1492644513565
2022-04-01 07:04:29,539.68
2022-04-01 07:04:34,540.2401310645088
2022-04-01 07:04:39,539.77
2022-04-01 07:04:44,539.84
2022-04-01 07:04:49,539.9
2022-04-01 07:04:54,539.97
2022-04-01 07:04:59,540.0
2022-04-01 07:05:04,540.13
2022-04-01 07:05:09,540.13
2022-04-01 07:05:14,540.26
2022-04-01 07:05:19,540.6490308236926
2022-04-01 07:05:24,540.6944641302687
2022-04-01 07:05:29,540.35
2022-04-01 07:05:34,540.42
2022-04-01 07:05:39,540.48
2022-04-01 07:05:44,540.8761973565722
2022-04-01 07:05:49,540.9216306631483
2022-04-01 07:05:54,540.9670639697244
2022-04-01 07:05:59,541.0124972763001
2022-04-01 07:06:04,540.81
2022-04-01 07:06:09,540.8
2022-04-01 07:06:14,541.1487971960281
2022-04-01 07:06:19,541.1942305026042
2022-04-01 07:06:24,541.2396638091803
2022-04-01 07:06:29,541.03
2022-04-01 07:06:34,541.09
2022-04-01 07:06:39,541.16
2022-04-01 07:06:44,541.16
2022-04-01 07:06:49,541.46683034206
2022-04-01 07:06:54,541.5122636486361
2022-04-01 07:06:59,541.31
2022-04-01 07:07:04,541.31
2022-04-01 07:07:09,541.38
2022-04-01 07:07:14,541.6939968749398
2022-04-01 07:07:19,541.51
2022-04-01 07:07:24,541.784863488092
2022-04-01 07:07:29,541.54
2022-04-01 07:07:34,541.54
2022-04-01 07:07:39,541.9211634078199
2022-04-01 07:07:44,541.67
2022-04-01 07:07:49,541.73
2022-04-01 07:07:54,541.67
2022-04-01 07:07:59,541.73
2022-04-01 07:08:04,541.73
2022-04-01 07:08:09,541.79
2022-04-01 07:08:14,541.8
2022-04-01 07:08:19,542.2846298604276
2022-04-01 07:08:24,541.82
2022-04-01 07:08:29,541.82
2022-04-01 07:08:34,542.4209297801555
2022-04-01 07:08:39,541.89
2022-04-01 07:08:44,541.89
2022-04-01 07:08:49,541.95
2022-04-01 07:08:54,541.95
2022-04-01 07:08:59,542.6480963130351
2022-04-01 07:09:04,542.01
2022-04-01 07:09:09,542.7389629261874
2022-04-01 07:09:14,542.7843962327635
2022-04-01 07:09:19,542.04
2022-04-01 07:09:24,542.8752628459154
2022-04-01 07:09:29,542.9206961524915
2022-04-01 07:09:34,542.9661294590671
2022-04-01 07:09:39,543.0115627656432
2022-04-01 07:09:44,542.16
2022-04-01 07:09:49,543.102429378795
2022-04-01 07:09:54,542.23
2022-04-01 07:09:59,542.22
2022-04-01 07:10:04,542.28
2022-04-01 07:10:09,542.22
2022-04-01 07:10:14,542.28
2022-04-01 07:10:19,543.3750292182508
2022-04-01 07:10:24,542.32
2022-04-01 07:10:29,542.32
2022-04-01 07:10:34,543.5113291379788
2022-04-01 07:10:39,543.5567624445549
2022-04-01 07:10:44,542.31
2022-04-01 07:10:49,543.6476290577067
2022-04-01 07:10:54,542.38
2022-04-01 07:10:59,542.38
2022-04-01 07:11:04,543.7839289774346
2022-04-01 07:11:09,543.8293622840107
2022-04-01 07:11:14,543.8747955905868
2022-04-01 07:11:19,543.8892743914557
2022-04-01 07:11:24,542.37
2022-04-01 07:11:29,542.31
2022-04-01 07:11:34,543.9123207139322
2022-04-01 07:11:39,543.9200028214244
2022-04-01 07:11:44,542.31
2022-04-01 07:11:49,542.31
2022-04-01 07:11:54,542.27
2022-04-01 07:11:59,542.27
2022-04-01 07:12:04,542.27
2022-04-01 07:12:09,542.27
2022-04-01 07:12:14,542.21
2022-04-01 07:12:19,543.9814596813617
2022-04-01 07:12:24,543.9891417888539
2022-04-01 07:12:29,543.9968238963461
2022-04-01 07:12:34,542.21
2022-04-01 07:12:39,542.14
2022-04-01 07:12:44,542.08
2022-04-01 07:12:49,542.08
2022-04-01 07:12:54,542.08
2022-04-01 07:12:59,542.01
2022-04-01 07:13:04,542.01
2022-04-01 07:13:09,542.01
2022-04-01 07:13:14,541.98
2022-04-01 07:13:19,541.92
2022-04-01 07:13:24,541.98
2022-04-01 07:13:29,541.85
2022-04-01 07:13:34,544.0966912937444
2022-04-01 07:13:39,544.1043734012364
2022-04-01 07:13:44,541.79
2022-04-01 07:13:49,541.79
2022-04-01 07:13:54,541.79
2022-04-01 07:13:59,541.76
2022-04-01 07:14:04,541.76
2022-04-01 07:14:09,544.1504660461894
2022-04-01 07:14:14,541.76
2022-04-01 07:14:19,544.1658302611738
2022-04-01 07:14:24,544.1735123686659
2022-04-01 07:14:29,541.69
2022-04-01 07:14:34,544.1888765836503
2022-04-01 07:14:39,544.1965586911424
2022-04-01 07:14:44,541.63
2022-04-01 07:14:49,541.63
2022-04-01 07:14:54,544.2196050136189
2022-04-01 07:14:59,541.63
2022-04-01 07:15:04,544.2349692286033
2022-04-01 07:15:09,541.57
2022-04-01 07:15:14,541.57
2022-04-01 07:15:19,544.2580155510798
2022-04-01 07:15:24,541.57
2022-04-01 07:15:29,541.51
2022-04-01 07:15:34,541.57
2022-04-01 07:15:39,541.57
2022-04-01 07:15:44,541.51
2022-04-01 07:15:49,541.57
2022-04-01 07:15:54,544.311790303525
2022-04-01 07:15:59,541.64
2022-04-01 07:16:04,541.64
2022-04-01 07:16:09,541.7
2022-04-01 07:16:14,544.3425187334936
2022-04-01 07:16:19,544.3502008409858
2022-04-01 07:16:24,544.3578829484779
2022-04-01 07:16:29,541.8
2022-04-01 07:16:34,541.93
2022-04-01 07:16:39,541.93
2022-04-01 07:16:44,544.3886113784466
2022-04-01 07:16:49,542.03
2022-04-01 07:16:54,544.4039755934309
2022-04-01 07:16:59,544.4116577009231
2022-04-01 07:17:04,542.16
2022-04-01 07:17:09,542.22
2022-04-01 07:17:14,544.4347040233996
2022-04-01 07:17:19,542.29
2022-04-01 07:17:24,542.32
2022-04-01 07:17:29,542.38
2022-04-01 07:17:34,542.38
2022-04-01 07:17:39,544.4731145608605
2022-04-01 07:17:44,542.51
2022-04-01 07:17:49,542.51
2022-04-01 07:17:54,542.54
2022-04-01 07:17:59,544.5038429908292
2022-04-01 07:18:04,542.61
2022-04-01 07:18:09,544.5192072058135
2022-04-01 07:18:14,542.67
2022-04-01 07:18:19,542.73
2022-04-01 07:18:24,542.8
2022-04-01 07:18:29,542.8
2022-04-01 07:18:34,544.5576177432744
2022-04-01 07:18:39,544.5652998507666
2022-04-01 07:18:44,542.89
2022-04-01 07:18:49,543.02
2022-04-01 07:18:54,543.02
2022-04-01 07:18:59,543.05
2022-04-01 07:19:04,543.05
2022-04-01 07:19:09,543.12
2022-04-01 07:19:14,543.18
2022-04-01 07:19:19,543.18
2022-04-01 07:19:24,543.24
2022-04-01 07:19:29,543.31
2022-04-01 07:19:34,543.34
2022-04-01 07:19:39,543.4
2022-04-01 07:19:44,543.4
2022-04-01 07:19:49,543.47
2022-04-01 07:19:54,543.53
2022-04-01 07:19:59,543.56
2022-04-01 07:20:04,543.62
2022-04-01 07:20:09,543.69
2022-04-01 07:20:14,543.69
2022-04-01 07:20:19,543.82
2022-04-01 07:20:24,543.81
2022-04-01 07:20:29,543.81
2022-04-01 07:20:34,543.91
2022-04-01 07:20:39,543.91
2022-04-01 07:20:44,543.97
2022-04-01 07:20:49,544.7650346455629
2022-04-01 07:20:54,544.772716753055
2022-04-01 07:20:59,544.7803988605472
2022-04-01 07:21:04,544.7880809680394
2022-04-01 07:21:09,544.19
2022-04-01 07:21:14,544.19
2022-04-01 07:21:19,544.19
2022-04-01 07:21:24,544.818809398008
2022-04-01 07:21:29,544.32
2022-04-01 07:21:34,544.8341736129923
2022-04-01 07:21:39,544.35
2022-04-01 07:21:44,544.41
2022-04-01 07:21:49,544.8572199354688
2022-04-01 07:21:54,544.47
2022-04-01 07:21:59,544.41
2022-04-01 07:22:04,544.54
2022-04-01 07:22:09,544.54
2022-04-01 07:22:14,544.57
2022-04-01 07:22:19,544.63
2022-04-01 07:22:24,544.63
2022-04-01 07:22:29,544.9186767954062
2022-04-01 07:22:34,544.9263589028983
2022-04-01 07:22:39,544.76
2022-04-01 07:22:44,544.82
2022-04-01 07:22:49,544.85
2022-04-01 07:22:54,544.957087332867
2022-04-01 07:22:59,544.91
2022-04-01 07:23:04,544.98
2022-04-01 07:23:09,544.98
2022-04-01 07:23:14,544.98
2022-04-01 07:23:19,544.9954978703279
2022-04-01 07:23:24,545.07
2022-04-01 07:23:29,545.0108620853122
2022-04-01 07:23:34,545.0185441928044
2022-04-01 07:23:39,545.2
2022-04-01 07:23:44,545.2
2022-04-01 07:23:49,545.2
2022-04-01 07:23:54,545.27
2022-04-01 07:23:59,545.27
2022-04-01 07:24:04,545.33
2022-04-01 07:24:09,545.0723189452495
2022-04-01 07:24:14,545.36
2022-04-01 07:24:19,545.43
2022-04-01 07:24:24,545.49
2022-04-01 07:24:29,545.1030473752182
2022-04-01 07:24:34,545.55
2022-04-01 07:24:39,545.56
2022-04-01 07:24:44,545.59
2022-04-01 07:24:49,545.65
2022-04-01 07:24:54,545.141457912679
2022-04-01 07:24:59,545.65
2022-04-01 07:25:04,545.71
2022-04-01 07:25:09,545.72
2022-04-01 07:25:14,545.72
2022-04-01 07:25:19,545.72
2022-04-01 07:25:24,545.1772577679486
2022-04-01 07:25:29,545.78
2022-04-01 07:25:34,545.1655802578526
2022-04-01 07:25:39,545.85
2022-04-01 07:25:44,545.85
2022-04-01 07:25:49,545.1480639927084
2022-04-01 07:25:54,545.1422252376605
2022-04-01 07:25:59,545.1363864826124
2022-04-01 07:26:04,545.85
2022-04-01 07:26:09,545.1247089725163
2022-04-01 07:26:14,545.85
2022-04-01 07:26:19,545.78
2022-04-01 07:26:24,545.79
2022-04-01 07:26:29,545.79
2022-04-01 07:26:34,545.0955151972761
2022-04-01 07:26:39,545.72
2022-04-01 07:26:44,545.66
2022-04-01 07:26:49,545.077998932132
2022-04-01 07:26:54,545.0721601770839
2022-04-01 07:26:59,545.57
2022-04-01 07:27:04,545.0604826669878
2022-04-01 07:27:09,545.0546439119398
2022-04-01 07:27:14,545.44
2022-04-01 07:27:19,545.0429664018437
2022-04-01 07:27:24,545.37
2022-04-01 07:27:29,545.0312888917476
2022-04-01 07:27:34,545.28
2022-04-01 07:27:39,545.21
2022-04-01 07:27:44,545.15
2022-04-01 07:27:49,545.15
2022-04-01 07:27:54,545.0020951165075
2022-04-01 07:27:59,544.9962563614595
2022-04-01 07:28:04,544.99
2022-04-01 07:28:09,544.9845788513634
2022-04-01 07:28:14,544.86
2022-04-01 07:28:19,544.82
2022-04-01 07:28:24,544.9670625862193
2022-04-01 07:28:29,544.63
2022-04-01 07:28:34,544.54
2022-04-01 07:28:39,544.9495463210751
2022-04-01 07:28:44,544.41
2022-04-01 07:28:49,544.34
2022-04-01 07:28:54,544.31
2022-04-01 07:28:59,544.9261913008829
2022-04-01 07:29:04,544.12
2022-04-01 07:29:09,544.05
2022-04-01 07:29:14,543.96
2022-04-01 07:29:19,544.9028362806907
2022-04-01 07:29:24,543.83
2022-04-01 07:29:29,543.73
2022-04-01 07:29:34,544.8853200155467
2022-04-01 07:29:39,544.8794812604987
2022-04-01 07:29:44,543.5
2022-04-01 07:29:49,543.44
2022-04-01 07:29:54,543.38
2022-04-01 07:29:59,543.31
2022-04-01 07:30:04,543.28
2022-04-01 07:30:09,543.21
2022-04-01 07:30:14,543.08
2022-04-01 07:30:19,543.08
2022-04-01 07:30:24,542.98
2022-04-01 07:30:29,544.8210937100182
2022-04-01 07:30:34,544.8152549549702
2022-04-01 07:30:39,544.8094161999222
2022-04-01 07:30:44,544.8035774448741
2022-04-01 07:30:49,544.797738689826
2022-04-01 07:30:54,542.63
2022-04-01 07:30:59,542.63
2022-04-01 07:31:04,542.5
2022-04-01 07:31:09,544.774383669634
2022-04-01 07:31:14,542.46
2022-04-01 07:31:19,544.7627061595379
2022-04-01 07:31:24,542.33
2022-04-01 07:31:29,542.27
2022-04-01 07:31:34,544.7451898943937
2022-04-01 07:31:39,542.23
2022-04-01 07:31:44,544.7335123842977
2022-04-01 07:31:49,542.17
2022-04-01 07:31:54,542.1
2022-04-01 07:31:59,542.1
2022-04-01 07:32:04,542.04
2022-04-01 07:32:09,541.97
2022-04-01 07:32:14,544.6984798540094
2022-04-01 07:32:19,541.94
2022-04-01 07:32:24,541.87
2022-04-01 07:32:29,541.8
2022-04-01 07:32:34,541.8
2022-04-01 07:32:39,544.6692860787692
2022-04-01 07:32:44,544.6634473237212
2022-04-01 07:32:49,544.6576085686731
2022-04-01 07:32:54,544.651769813625
2022-04-01 07:32:59,544.645931058577
2022-04-01 07:33:04,544.6400923035291
2022-04-01 07:33:09,541.57
2022-04-01 07:33:14,544.628414793433
2022-04-01 07:33:19,541.51
2022-04-01 07:33:24,541.51
2022-04-01 07:33:29,541.44
2022-04-01 07:33:34,541.44
2022-04-01 07:33:39,541.41
2022-04-01 07:33:44,541.41
2022-04-01 07:33:49,541.34
2022-04-01 07:33:54,541.28
2022-04-01 07:33:59,541.28
2022-04-01 07:34:04,541.21
2022-04-01 07:34:09,544.5641884879045
2022-04-01 07:34:14,544.5583497328565
2022-04-01 07:34:19,541.18
2022-04-01 07:34:24,544.5466722227603
2022-04-01 07:34:29,541.05
2022-04-01 07:34:34,541.05
2022-04-01 07:34:39,540.98
2022-04-01 07:34:44,540.98
2022-04-01 07:34:49,544.5174784475201
2022-04-01 07:34:54,544.5116396924722
2022-04-01 07:34:59,540.92
2022-04-01 07:35:04,544.4999621823761
2022-04-01 07:35:09,540.92
2022-04-01 07:35:14,540.89
2022-04-01 07:35:19,540.89
2022-04-01 07:35:24,544.4766071621839
2022-04-01 07:35:29,540.89
2022-04-01 07:35:34,540.89
2022-04-01 07:35:39,540.89
2022-04-01 07:35:44,540.89
2022-04-01 07:35:49,540.89
2022-04-01 07:35:54,540.82
2022-04-01 07:35:59,544.4357358768476
2022-04-01 07:36:04,540.82
2022-04-01 07:36:09,540.82
2022-04-01 07:36:14,544.4182196117035
2022-04-01 07:36:19,544.4123808566555
2022-04-01 07:36:24,544.4065421016074
2022-04-01 07:36:29,540.82
2022-04-01 07:36:34,544.3948645915114
2022-04-01 07:36:39,540.82
2022-04-01 07:36:44,540.82
2022-04-01 07:36:49,540.76
2022-04-01 07:36:54,540.76
2022-04-01 07:36:59,540.76
2022-04-01 07:37:04,540.76
2022-04-01 07:37:09,540.69
2022-04-01 07:37:14,540.76
2022-04-01 07:37:19,540.7
2022-04-01 07:37:24,544.336477041031
2022-04-01 07:37:29,540.76
2022-04-01 07:37:34,544.3247995309349
2022-04-01 07:37:39,540.76
2022-04-01 07:37:44,540.7
2022-04-01 07:37:49,540.7
2022-04-01 07:37:54,544.3014445107427
2022-04-01 07:37:59,540.7
2022-04-01 07:38:04,540.7
2022-04-01 07:38:09,540.67
2022-04-01 07:38:14,544.2780894905505
2022-04-01 07:38:19,540.7
2022-04-01 07:38:24,544.2664119804544
2022-04-01 07:38:29,540.67
2022-04-01 07:38:34,540.61
2022-04-01 07:38:39,540.67
2022-04-01 07:38:44,540.61
2022-04-01 07:38:49,540.61
2022-04-01 07:38:54,540.55
2022-04-01 07:38:59,544.2255406951182
2022-04-01 07:39:04,544.2197019400702
2022-04-01 07:39:09,544.2138631850221
2022-04-01 07:39:14,544.2080244299741
2022-04-01 07:39:19,544.2021856749261
2022-04-01 07:39:24,544.196346919878
2022-04-01 07:39:29,540.48
2022-04-01 07:39:34,544.1955004081628
2022-04-01 07:39:39,540.48
2022-04-01 07:39:44,544.1965462088084
2022-04-01 07:39:49,544.1970691091312
2022-04-01 07:39:54,540.42
2022-04-01 07:39:59,544.1981149097768
2022-04-01 07:40:04,544.1986378100995
2022-04-01 07:40:09,540.39
2022-04-01 07:40:14,544.1996836107452
2022-04-01 07:40:19,540.42
2022-04-01 07:40:24,540.38
2022-04-01 07:40:29,540.38
2022-04-01 07:40:34,544.2017752120363
2022-04-01 07:40:39,540.32
2022-04-01 07:40:44,540.32
2022-04-01 07:40:49,544.2033439130047
2022-04-01 07:40:54,540.26
2022-04-01 07:40:59,544.2043897136502
2022-04-01 07:41:04,540.26
2022-04-01 07:41:09,540.26
2022-04-01 07:41:14,544.2059584146186
2022-04-01 07:41:19,540.19
2022-04-01 07:41:24,544.2070042152642
2022-04-01 07:41:29,544.2075271155869
2022-04-01 07:41:34,544.2080500159097
2022-04-01 07:41:39,544.2085729162325
2022-04-01 07:41:44,540.19
2022-04-01 07:41:49,540.19
2022-04-01 07:41:54,544.2101416172009
2022-04-01 07:41:59,540.19
2022-04-01 07:42:04,544.2111874178464
2022-04-01 07:42:09,544.2117103181693
2022-04-01 07:42:14,544.2122332184921
2022-04-01 07:42:19,540.15
2022-04-01 07:42:24,544.2132790191376
2022-04-01 07:42:29,544.2138019194604
2022-04-01 07:42:34,540.09
2022-04-01 07:42:39,540.09
2022-04-01 07:42:44,540.09
2022-04-01 07:42:49,540.08
2022-04-01 07:42:54,540.09
2022-04-01 07:42:59,540.02
2022-04-01 07:43:04,540.09
2022-04-01 07:43:09,540.02
2022-04-01 07:43:14,544.2185080223655
2022-04-01 07:43:19,539.95
2022-04-01 07:43:24,540.01
2022-04-01 07:43:29,540.01
2022-04-01 07:43:34,540.01
2022-04-01 07:43:39,540.01
2022-04-01 07:43:44,540.01
2022-04-01 07:43:49,540.08
2022-04-01 07:43:54,540.01
2022-04-01 07:43:59,540.01
2022-04-01 07:44:04,544.2237370255933
2022-04-01 07:44:09,544.2242599259162
2022-04-01 07:44:14,540.01
2022-04-01 07:44:19,540.07
2022-04-01 07:44:24,540.07
2022-04-01 07:44:29,540.07
2022-04-01 07:44:34,540.06
2022-04-01 07:44:39,540.06
2022-04-01 07:44:44,540.06
2022-04-01 07:44:49,540.06
2022-04-01 07:44:54,540.06
2022-04-01 07:44:59,544.229488929144
2022-04-01 07:45:04,544.2300118294668
2022-04-01 07:45:09,540.13
2022-04-01 07:45:14,544.2310576301124
2022-04-01 07:45:19,540.16
2022-04-01 07:45:24,544.232103430758
2022-04-01 07:45:29,540.16
2022-04-01 07:45:34,544.2331492314036
2022-04-01 07:45:39,540.22
2022-04-01 07:45:44,540.29
2022-04-01 07:45:49,544.234717932372
2022-04-01 07:45:54,544.2352408326947
2022-04-01 07:45:59,540.35
2022-04-01 07:46:04,540.35
2022-04-01 07:46:09,540.35
2022-04-01 07:46:14,544.2373324339859
2022-04-01 07:46:19,540.38
2022-04-01 07:46:24,540.38
2022-04-01 07:46:29,540.44
2022-04-01 07:46:34,540.51
2022-04-01 07:46:39,540.51
2022-04-01 07:46:44,544.2404698359226
2022-04-01 07:46:49,540.57
2022-04-01 07:46:54,540.64
2022-04-01 07:46:59,544.242038536891
2022-04-01 07:47:04,544.2425614372137
2022-04-01 07:47:09,540.64
2022-04-01 07:47:14,540.67
2022-04-01 07:47:19,540.67
2022-04-01 07:47:24,540.74
2022-04-01 07:47:29,540.74
2022-04-01 07:47:34,540.8
2022-04-01 07:47:39,540.8
2022-04-01 07:47:44,540.8
2022-04-01 07:47:49,540.8
2022-04-01 07:47:54,540.8
2022-04-01 07:47:59,540.87
2022-04-01 07:48:04,544.2488362410871
2022-04-01 07:48:09,540.87
2022-04-01 07:48:14,540.87
2022-04-01 07:48:19,540.87
2022-04-01 07:48:24,540.87
2022-04-01 07:48:29,544.2514507427011
2022-04-01 07:48:34,540.9
2022-04-01 07:48:39,540.9
2022-04-01 07:48:44,544.2530194436695
2022-04-01 07:48:49,540.97
2022-04-01 07:48:54,544.254065244315
2022-04-01 07:48:59,541.03
2022-04-01 07:49:04,540.97
2022-04-01 07:49:09,541.03
2022-04-01 07:49:14,540.97
2022-04-01 07:49:19,544.256679745929
2022-04-01 07:49:24,541.04
2022-04-01 07:49:29,541.04
2022-04-01 07:49:34,541.1
2022-04-01 07:49:39,544.2587713472201
2022-04-01 07:49:44,541.1
2022-04-01 07:49:49,541.04
2022-04-01 07:49:54,544.2603400481885
2022-04-01 07:49:59,544.2608629485113
2022-04-01 07:50:04,541.1
2022-04-01 07:50:09,541.04
2022-04-01 07:50:14,541.04
2022-04-01 07:50:19,541.04
2022-04-01 07:50:24,541.1
2022-04-01 07:50:29,544.264000350448
2022-04-01 07:50:34,544.2645232507708
2022-04-01 07:50:39,541.04
2022-04-01 07:50:44,541.04
2022-04-01 07:50:49,540.98
2022-04-01 07:50:54,541.04
2022-04-01 07:50:59,544.2671377523848
2022-04-01 07:51:04,541.04
2022-04-01 07:51:09,544.2681835530303
2022-04-01 07:51:14,541.05
2022-04-01 07:51:19,544.2692293536759
2022-04-01 07:51:24,541.05
2022-04-01 07:51:29,541.05
2022-04-01 07:51:34,540.98
2022-04-01 07:51:39,540.92
2022-04-01 07:51:44,540.98
2022-04-01 07:51:49,540.92
2022-04-01 07:51:54,540.92
2022-04-01 07:51:59,540.92
2022-04-01 07:52:04,540.88
2022-04-01 07:52:09,540.88
2022-04-01 07:52:14,540.82
2022-04-01 07:52:19,540.82
2022-04-01 07:52:24,540.82
2022-04-01 07:52:29,540.82
2022-04-01 07:52:34,540.82
2022-04-01 07:52:39,540.75
2022-04-01 07:52:44,540.75
2022-04-01 07:52:49,540.75
2022-04-01 07:52:54,544.2791644598088
2022-04-01 07:52:59,544.2796873601317
2022-04-01 07:53:04,540.66
2022-04-01 07:53:09,544.2807331607772
2022-04-01 07:53:14,540.65
2022-04-01 07:53:19,544.2817789614228
2022-04-01 07:53:24,540.65
2022-04-01 07:53:29,544.2828247620683
2022-04-01 07:53:34,544.2814353184724
2022-04-01 07:53:39,540.59
2022-04-01 07:53:44,540.59
2022-04-01 07:53:49,544.2740933105428
2022-04-01 07:53:54,540.59
2022-04-01 07:53:59,540.52
2022-04-01 07:54:04,540.59
2022-04-01 07:54:09,540.52
2022-04-01 07:54:14,540.52
2022-04-01 07:54:19,540.45
2022-04-01 07:54:24,540.45
2022-04-01 07:54:29,540.52
2022-04-01 07:54:34,540.45
2022-04-01 07:54:39,544.2496199507774
2022-04-01 07:54:44,540.52
2022-04-01 07:54:49,540.45
2022-04-01 07:54:54,540.45
2022-04-01 07:54:59,544.2398306068712
2022-04-01 07:55:04,544.2373832708947
2022-04-01 07:55:09,540.38
2022-04-01 07:55:14,544.2324885989416
2022-04-01 07:55:19,544.2300412629651
2022-04-01 07:55:24,540.44
2022-04-01 07:55:29,540.37
2022-04-01 07:55:34,540.37
2022-04-01 07:55:39,540.37
2022-04-01 07:55:44,540.37
2022-04-01 07:55:49,540.37
2022-04-01 07:55:54,540.37
2022-04-01 07:55:59,540.37
2022-04-01 07:56:04,544.2080152391762
2022-04-01 07:56:09,540.37
2022-04-01 07:56:14,540.37
2022-04-01 07:56:19,540.37
2022-04-01 07:56:24,540.37
2022-04-01 07:56:29,540.37
2022-04-01 07:56:34,540.37
2022-04-01 07:56:39,540.37
2022-04-01 07:56:44,540.37
2022-04-01 07:56:49,544.1859892153873
2022-04-01 07:56:54,540.37
2022-04-01 07:56:59,540.33
2022-04-01 07:57:04,544.1786472074577
2022-04-01 07:57:09,544.1761998714811
2022-04-01 07:57:14,540.33
2022-04-01 07:57:19,540.33
2022-04-01 07:57:24,540.33
2022-04-01 07:57:29,540.33
2022-04-01 07:57:34,544.1639631915984
2022-04-01 07:57:39,540.27
2022-04-01 07:57:44,540.27
2022-04-01 07:57:49,540.2
2022-04-01 07:57:54,540.2
2022-04-01 07:57:59,544.1517265117158
2022-04-01 07:58:04,544.1492791757393
2022-04-01 07:58:09,540.27
2022-04-01 07:58:14,544.1443845037861
2022-04-01 07:58:19,540.27
2022-04-01 07:58:24,544.1394898318331
2022-04-01 07:58:29,540.27
2022-04-01 07:58:34,540.27
2022-04-01 07:58:39,540.27
2022-04-01 07:58:44,540.33
2022-04-01 07:58:49,540.33
2022-04-01 07:58:54,540.27
2022-04-01 07:58:59,540.33
2022-04-01 07:59:04,540.33
2022-04-01 07:59:09,540.33
2022-04-01 07:59:14,540.33
2022-04-01 07:59:19,540.33
2022-04-01 07:59:24,540.33
2022-04-01 07:59:29,544.1076744641381
2022-04-01 07:59:34,540.27
2022-04-01 07:59:39,544.102779792185
2022-04-01 07:59:44,540.33
2022-04-01 07:59:49,544.0978851202319
2022-04-01 07:59:54,544.0954377842553
2022-04-01 07:59:59,544.0929904482788
2022-04-01 08:00:04,544.0905431123023
2022-04-01 08:00:09,544.0880957763258
2022-04-01 08:00:14,544.0856484403491
2022-04-01 08:00:19,544.0832011043726
2022-04-01 08:00:24,540.27
2022-04-01 08:00:29,540.27
2022-04-01 08:00:34,540.21
2022-04-01 08:00:39,540.27
2022-04-01 08:00:44,540.28
2022-04-01 08:00:49,544.0685170885134
2022-04-01 08:00:54,544.0660697525368
2022-04-01 08:00:59,544.0636224165603
2022-04-01 08:01:04,544.0611750805838
2022-04-01 08:01:09,540.21
2022-04-01 08:01:14,544.0562804086308
2022-04-01 08:01:19,544.0538330726541
2022-04-01 08:01:24,544.0513857366776
2022-04-01 08:01:29,540.15
2022-04-01 08:01:34,540.15
2022-04-01 08:01:39,544.044043728748
2022-04-01 08:01:44,540.12
2022-04-01 08:01:49,540.15
2022-04-01 08:01:54,540.12
2022-04-01 08:01:59,544.0342543848418
2022-04-01 08:02:04,540.12
2022-04-01 08:02:09,540.12
2022-04-01 08:02:14,540.12
2022-04-01 08:02:19,540.12
2022-04-01 08:02:24,540.12
2022-04-01 08:02:29,544.0195703689826
2022-04-01 08:02:34,540.12
2022-04-01 08:02:39,540.13
2022-04-01 08:02:44,540.15
2022-04-01 08:02:49,540.12
2022-04-01 08:02:54,540.12
2022-04-01 08:02:59,544.0048863531233
2022-04-01 08:03:04,540.15
2022-04-01 08:03:09,543.9999916811703
2022-04-01 08:03:14,540.15
2022-04-01 08:03:19,540.12
2022-04-01 08:03:24,540.15
2022-04-01 08:03:29,543.9902023372641
2022-04-01 08:03:34,540.15
2022-04-01 08:03:39,543.985307665311
2022-04-01 08:03:44,540.22
2022-04-01 08:03:49,540.22
2022-04-01 08:03:54,540.28
2022-04-01 08:03:59,540.22
2022-04-01 08:04:04,540.22
2022-04-01 08:04:09,540.28
2022-04-01 08:04:14,543.9681763134752
2022-04-01 08:04:19,543.9657289774987
2022-04-01 08:04:24,540.35
2022-04-01 08:04:29,540.28
2022-04-01 08:04:34,540.28
2022-04-01 08:04:39,540.28
2022-04-01 08:04:44,543.953492297616
2022-04-01 08:04:49,543.9510449616395
2022-04-01 08:04:54,543.948597625663
2022-04-01 08:04:59,540.34
2022-04-01 08:05:04,540.28
2022-04-01 08:05:09,540.34
2022-04-01 08:05:14,540.34
2022-04-01 08:05:19,543.9363609457802
2022-04-01 08:05:24,540.34
2022-04-01 08:05:29,543.9314662738271
2022-04-01 08:05:34,540.37
2022-04-01 08:05:39,543.926571601874
2022-04-01 08:05:44,540.43
2022-04-01 08:05:49,540.43
2022-04-01 08:05:54,543.9192295939445
2022-04-01 08:05:59,543.9167822579678
2022-04-01 08:06:04,540.43
2022-04-01 08:06:09,543.9118875860148
2022-04-01 08:06:14,540.43
2022-04-01 08:06:19,543.9069929140617
2022-04-01 08:06:24,540.55
2022-04-01 08:06:29,543.9020982421087
2022-04-01 08:06:34,540.55
2022-04-01 08:06:39,540.55
2022-04-01 08:06:44,540.55
2022-04-01 08:06:49,543.8923088982025
2022-04-01 08:06:54,540.55
2022-04-01 08:06:59,540.61
2022-04-01 08:07:04,540.61
2022-04-01 08:07:09,540.61
2022-04-01 08:07:14,540.64
2022-04-01 08:07:19,540.64
2022-04-01 08:07:24,543.8751775463667
2022-04-01 08:07:29,540.64
2022-04-01 08:07:34,540.64
2022-04-01 08:07:39,543.8583615896825
2022-04-01 08:07:44,540.7
2022-04-01 08:07:49,543.8210843905485
2022-04-01 08:07:54,540.63
2022-04-01 08:07:59,540.7
2022-04-01 08:08:04,543.7651685918478
2022-04-01 08:08:09,540.63
2022-04-01 08:08:14,540.63
2022-04-01 08:08:19,543.7092527931469
2022-04-01 08:08:24,543.6906141935801
2022-04-01 08:08:29,540.6
2022-04-01 08:08:34,540.63
2022-04-01 08:08:39,540.6
2022-04-01 08:08:44,540.6
2022-04-01 08:08:49,540.47
2022-04-01 08:08:54,540.47
2022-04-01 08:08:59,540.47
2022-04-01 08:09:04,540.4
2022-04-01 08:09:09,540.34
2022-04-01 08:09:14,540.34
2022-04-01 08:09:19,540.31
2022-04-01 08:09:24,543.4669509987768
2022-04-01 08:09:29,540.24
2022-04-01 08:09:34,540.11
2022-04-01 08:09:39,540.11
2022-04-01 08:09:44,543.392396600509
2022-04-01 08:09:49,540.01
2022-04-01 08:09:54,539.95
2022-04-01 08:09:59,543.3364808018082
2022-04-01 08:10:04,539.88
2022-04-01 08:10:09,539.82
2022-04-01 08:10:14,539.79
2022-04-01 08:10:19,539.72
2022-04-01 08:10:24,539.66
2022-04-01 08:10:29,539.6
2022-04-01 08:10:34,539.57
2022-04-01 08:10:39,543.1873720052724
2022-04-01 08:10:44,543.1687334057057
2022-04-01 08:10:49,543.1500948061387
2022-04-01 08:10:54,543.1314562065717
2022-04-01 08:10:59,539.31
2022-04-01 08:11:04,543.0941790074378
2022-04-01 08:11:09,543.0755404078708
2022-04-01 08:11:14,539.21
2022-04-01 08:11:19,539.09
2022-04-01 08:11:24,539.09
2022-04-01 08:11:29,539.05
2022-04-01 08:11:34,542.9823474100361
2022-04-01 08:11:39,538.92
2022-04-01 08:11:44,542.9450702109024
2022-04-01 08:11:49,538.86
2022-04-01 08:11:54,538.86
2022-04-01 08:11:59,538.8
2022-04-01 08:12:04,538.7
2022-04-01 08:12:09,542.8518772130675
2022-04-01 08:12:14,538.64
2022-04-01 08:12:19,542.8146000139337
2022-04-01 08:12:24,538.64
2022-04-01 08:12:29,538.54
2022-04-01 08:12:34,538.54
2022-04-01 08:12:39,538.54
2022-04-01 08:12:44,538.54
2022-04-01 08:12:49,538.48
2022-04-01 08:12:54,538.48
2022-04-01 08:12:59,538.48
2022-04-01 08:13:04,542.6468526178312
2022-04-01 08:13:09,538.42
2022-04-01 08:13:14,538.42
2022-04-01 08:13:19,538.35
2022-04-01 08:13:24,538.36
2022-04-01 08:13:29,542.5536596199966
2022-04-01 08:13:34,538.35
2022-04-01 08:13:39,538.42
2022-04-01 08:13:44,542.4977438212958
2022-04-01 08:13:49,542.4791052217288
2022-04-01 08:13:54,538.42
2022-04-01 08:13:59,538.42
2022-04-01 08:14:04,542.4231894230279
2022-04-01 08:14:09,538.49
2022-04-01 08:14:14,538.42
2022-04-01 08:14:19,542.3672736243271
2022-04-01 08:14:24,538.49
2022-04-01 08:14:29,538.49
2022-04-01 08:14:34,538.55
2022-04-01 08:14:39,542.2927192260593
2022-04-01 08:14:44,538.58
2022-04-01 08:14:49,542.2554420269255
2022-04-01 08:14:54,538.65
2022-04-01 08:14:59,538.65
2022-04-01 08:15:04,538.65
2022-04-01 08:15:09,542.1808876286576
2022-04-01 08:15:14,538.71
2022-04-01 08:15:19,538.71
2022-04-01 08:15:24,542.1249718299568
2022-04-01 08:15:29,542.1063332303899
2022-04-01 08:15:34,538.77
2022-04-01 08:15:39,538.8
2022-04-01 08:15:44,538.8
2022-04-01 08:15:49,538.8
2022-04-01 08:15:54,542.0131402325551
2022-04-01 08:15:59,538.93
2022-04-01 08:16:04,538.93
2022-04-01 08:16:09,541.9572244338543
2022-04-01 08:16:14,538.93
2022-04-01 08:16:19,538.99
2022-04-01 08:16:24,541.9013086351536
2022-04-01 08:16:29,539.05
2022-04-01 08:16:34,539.05
2022-04-01 08:16:39,541.8453928364527
2022-04-01 08:16:44,541.8267542368857
2022-04-01 08:16:49,541.8081156373188
2022-04-01 08:16:54,539.15
2022-04-01 08:16:59,539.15
2022-04-01 08:17:04,539.15
2022-04-01 08:17:09,539.14
2022-04-01 08:17:14,539.21
2022-04-01 08:17:19,539.21
2022-04-01 08:17:24,539.21
2022-04-01 08:17:29,539.27
2022-04-01 08:17:34,541.6403682412164
2022-04-01 08:17:39,539.27
2022-04-01 08:17:44,539.27
2022-04-01 08:17:49,541.5844524425155
2022-04-01 08:17:54,541.5658138429485
2022-04-01 08:17:59,539.2
2022-04-01 08:18:04,539.27
2022-04-01 08:18:09,539.26
2022-04-01 08:18:14,541.4912594446807
2022-04-01 08:18:19,539.2
2022-04-01 08:18:24,539.2
2022-04-01 08:18:29,539.2
2022-04-01 08:18:34,539.19
2022-04-01 08:18:39,539.19
2022-04-01 08:18:44,539.13
2022-04-01 08:18:49,539.13
2022-04-01 08:18:54,539.12
2022-04-01 08:18:59,539.06
2022-04-01 08:19:04,539.06
2022-04-01 08:19:09,541.2862348494444
2022-04-01 08:19:14,539.03
2022-04-01 08:19:19,541.2489576503104
2022-04-01 08:19:24,538.96
2022-04-01 08:19:29,538.9
2022-04-01 08:19:34,538.9
2022-04-01 08:19:39,538.83
2022-04-01 08:19:44,538.83
2022-04-01 08:19:49,538.77
2022-04-01 08:19:54,538.77
2022-04-01 08:19:59,541.0998488537749
2022-04-01 08:20:04,538.67
2022-04-01 08:20:09,538.67
2022-04-01 08:20:14,538.67
2022-04-01 08:20:19,541.0252944555072
2022-04-01 08:20:24,541.0066558559403
2022-04-01 08:20:29,538.6
2022-04-01 08:20:34,540.9693786568063
2022-04-01 08:20:39,538.54
2022-04-01 08:20:44,538.51
2022-04-01 08:20:49,538.51
2022-04-01 08:20:54,538.5
2022-04-01 08:20:59,538.44
2022-04-01 08:21:04,540.8575470594046
2022-04-01 08:21:09,538.44
2022-04-01 08:21:14,538.38
2022-04-01 08:21:19,540.8016312607039
2022-04-01 08:21:24,540.782992661137
2022-04-01 08:21:29,538.31
2022-04-01 08:21:34,538.25
2022-04-01 08:21:39,540.7270768624362
2022-04-01 08:21:44,540.7121901739406
2022-04-01 08:21:49,538.22
2022-04-01 08:21:54,538.22
2022-04-01 08:21:59,540.6776560840593
2022-04-01 08:22:04,538.09
2022-04-01 08:22:09,538.09
2022-04-01 08:22:14,538.09
2022-04-01 08:22:19,538.02
2022-04-01 08:22:24,537.99
2022-04-01 08:22:29,537.99
2022-04-01 08:22:34,537.99
2022-04-01 08:22:39,537.93
2022-04-01 08:22:44,540.5740538144156
2022-04-01 08:22:49,537.87
2022-04-01 08:22:54,540.551031087828
2022-04-01 08:22:59,537.8
2022-04-01 08:23:04,537.74
2022-04-01 08:23:09,540.5164969979468
2022-04-01 08:23:14,537.71
2022-04-01 08:23:19,540.4934742713592
2022-04-01 08:23:24,537.65
2022-04-01 08:23:29,537.64
2022-04-01 08:23:34,540.4589401814779
2022-04-01 08:23:39,537.58
2022-04-01 08:23:44,537.52
2022-04-01 08:23:49,540.4244060915967
2022-04-01 08:23:54,537.49
2022-04-01 08:23:59,537.49
2022-04-01 08:24:04,537.49
2022-04-01 08:24:09,537.42
2022-04-01 08:24:14,537.42
2022-04-01 08:24:19,537.43
2022-04-01 08:24:24,540.3438265485404
2022-04-01 08:24:29,537.36
2022-04-01 08:24:34,537.36
2022-04-01 08:24:39,537.3
2022-04-01 08:24:44,540.2977810953654
2022-04-01 08:24:49,537.24
2022-04-01 08:24:54,540.2747583687778
2022-04-01 08:24:59,537.24
2022-04-01 08:25:04,537.24
2022-04-01 08:25:09,540.2402242788966
2022-04-01 08:25:14,540.2287129156028
2022-04-01 08:25:19,537.21
2022-04-01 08:25:24,540.2056901890153
2022-04-01 08:25:29,540.1941788257216
2022-04-01 08:25:34,540.1826674624278
2022-04-01 08:25:39,537.14
2022-04-01 08:25:44,537.08
2022-04-01 08:25:49,537.08
2022-04-01 08:25:54,537.08
2022-04-01 08:25:59,537.02
2022-04-01 08:26:04,540.1135992826653
2022-04-01 08:26:09,540.1020879193715
2022-04-01 08:26:14,540.0905765560778
2022-04-01 08:26:19,540.079065192784
2022-04-01 08:26:24,540.0675538294902
2022-04-01 08:26:29,536.98
2022-04-01 08:26:34,536.98
2022-04-01 08:26:39,540.0330197396089
2022-04-01 08:26:44,540.0215083763153
2022-04-01 08:26:49,536.92
2022-04-01 08:26:54,536.98
2022-04-01 08:26:59,539.986974286434
2022-04-01 08:27:04,536.92
2022-04-01 08:27:09,536.92
2022-04-01 08:27:14,536.92
2022-04-01 08:27:19,536.91
2022-04-01 08:27:24,536.98
2022-04-01 08:27:29,536.91
2022-04-01 08:27:34,536.98
2022-04-01 08:27:39,537.0
2022-04-01 08:27:44,539.8833720167901
2022-04-01 08:27:49,539.8718606534964
2022-04-01 08:27:54,539.8603492902026
2022-04-01 08:27:59,539.8488379269088
2022-04-01 08:28:04,537.01
2022-04-01 08:28:09,539.8258152003214
2022-04-01 08:28:14,539.8143038370275
2022-04-01 08:28:19,537.0
2022-04-01 08:28:24,539.7912811104401
2022-04-01 08:28:29,539.7797697471462
2022-04-01 08:28:34,537.07
2022-04-01 08:28:39,537.07
2022-04-01 08:28:44,537.13
2022-04-01 08:28:49,537.13
2022-04-01 08:28:54,537.13
2022-04-01 08:28:59,537.19
2022-04-01 08:29:04,539.6991902040901
2022-04-01 08:29:09,537.22
2022-04-01 08:29:14,537.22
2022-04-01 08:29:19,537.28
2022-04-01 08:29:24,537.28
2022-04-01 08:29:29,537.41
2022-04-01 08:29:34,537.41
2022-04-01 08:29:39,537.47
2022-04-01 08:29:44,539.60709929774
2022-04-01 08:29:49,539.5955879344463
2022-04-01 08:29:54,537.57
2022-04-01 08:29:59,539.5725652078587
2022-04-01 08:30:04,537.63
2022-04-01 08:30:09,539.5495424812711
2022-04-01 08:30:14,537.72
2022-04-01 08:30:19,537.79
2022-04-01 08:30:24,537.79
2022-04-01 08:30:29,539.5034970280961
2022-04-01 08:30:34,537.92
2022-04-01 08:30:39,539.4804743015087
2022-04-01 08:30:44,538.01
2022-04-01 08:30:49,538.01
2022-04-01 08:30:54,538.08
2022-04-01 08:30:59,538.08
2022-04-01 08:31:04,539.4229174850399
2022-04-01 08:31:09,538.24
2022-04-01 08:31:14,539.3998947584523
2022-04-01 08:31:19,538.3
2022-04-01 08:31:24,538.3
2022-04-01 08:31:29,538.37
2022-04-01 08:31:34,539.3538493052774
2022-04-01 08:31:39,539.3423379419836
2022-04-01 08:31:44,539.3308265786898
2022-04-01 08:31:49,538.65
2022-04-01 08:31:54,538.65
2022-04-01 08:31:59,539.2962924888085
2022-04-01 08:32:04,539.2847811255148
2022-04-01 08:32:09,538.75
2022-04-01 08:32:14,538.82
2022-04-01 08:32:19,539.2502470356335
2022-04-01 08:32:24,539.2387356723398
2022-04-01 08:32:29,539.227224309046
2022-04-01 08:32:34,539.01
2022-04-01 08:32:39,539.04
2022-04-01 08:32:44,539.11
2022-04-01 08:32:49,539.1811788558709
2022-04-01 08:32:54,539.24
2022-04-01 08:32:59,539.24
2022-04-01 08:33:04,539.1466447659897
2022-04-01 08:33:09,539.33
2022-04-01 08:33:14,539.34
2022-04-01 08:33:19,539.1121106761084
2022-04-01 08:33:24,539.47
2022-04-01 08:33:29,539.089087949521
2022-04-01 08:33:34,539.53
2022-04-01 08:33:39,539.0660652229335
2022-04-01 08:33:44,539.0545538596397
2022-04-01 08:33:49,539.63
2022-04-01 08:33:54,539.69
2022-04-01 08:33:59,539.76
2022-04-01 08:34:04,539.76
2022-04-01 08:34:09,539.79
2022-04-01 08:34:14,538.9854856798771
2022-04-01 08:34:19,539.86
2022-04-01 08:34:24,539.92
2022-04-01 08:34:29,539.99
2022-04-01 08:34:34,538.9394402267021
2022-04-01 08:34:39,540.06
2022-04-01 08:34:44,540.09
2022-04-01 08:34:49,540.09
2022-04-01 08:34:54,540.16
2022-04-01 08:34:59,540.22
2022-04-01 08:35:04,540.29
2022-04-01 08:35:09,540.32
2022-04-01 08:35:14,538.847349320352
2022-04-01 08:35:19,538.8358379570583
2022-04-01 08:35:24,540.39
2022-04-01 08:35:29,540.39
2022-04-01 08:35:34,538.801303867177
2022-04-01 08:35:39,540.46
2022-04-01 08:35:44,540.52
2022-04-01 08:35:49,540.52
2022-04-01 08:35:54,538.7607867831337
2022-04-01 08:35:59,538.7530420820082
2022-04-01 08:36:04,540.69
2022-04-01 08:36:09,538.7375526797574
2022-04-01 08:36:14,540.69
2022-04-01 08:36:19,540.69
2022-04-01 08:36:24,540.75
2022-04-01 08:36:29,538.7065738752557
2022-04-01 08:36:34,540.82
2022-04-01 08:36:39,540.85
2022-04-01 08:36:44,540.85
2022-04-01 08:36:49,540.85
2022-04-01 08:36:54,540.92
2022-04-01 08:36:59,540.92
2022-04-01 08:37:04,538.6523609673777
2022-04-01 08:37:09,538.6446162662523
2022-04-01 08:37:14,538.636871565127
2022-04-01 08:37:19,540.98
2022-04-01 08:37:24,541.05
2022-04-01 08:37:29,541.05
2022-04-01 08:37:34,541.05
2022-04-01 08:37:39,541.11
2022-04-01 08:37:44,541.05
2022-04-01 08:37:49,541.11
2022-04-01 08:37:54,538.5749139561236
2022-04-01 08:37:59,541.12
2022-04-01 08:38:04,541.12
2022-04-01 08:38:09,541.12
2022-04-01 08:38:14,538.543935151622
2022-04-01 08:38:19,541.15
2022-04-01 08:38:24,541.15
2022-04-01 08:38:29,541.15
2022-04-01 08:38:34,538.5129563471203
2022-04-01 08:38:39,541.15
2022-04-01 08:38:44,541.15
2022-04-01 08:38:49,541.21
2022-04-01 08:38:54,538.4819775426186
2022-04-01 08:38:59,538.4742328414932
2022-04-01 08:39:04,541.22
2022-04-01 08:39:09,541.21
2022-04-01 08:39:14,538.4509987381169
2022-04-01 08:39:19,541.28
2022-04-01 08:39:24,541.28
2022-04-01 08:39:29,541.21
2022-04-01 08:39:34,541.28
2022-04-01 08:39:39,541.28
2022-04-01 08:39:44,541.28
2022-04-01 08:39:49,541.28
2022-04-01 08:39:54,538.3890411291136
2022-04-01 08:39:59,541.21
2022-04-01 08:40:04,541.21
2022-04-01 08:40:09,538.3658070257374
2022-04-01 08:40:14,541.21
2022-04-01 08:40:19,538.3503176234865
2022-04-01 08:40:24,541.15
2022-04-01 08:40:29,541.11
2022-04-01 08:40:34,541.11
2022-04-01 08:40:39,541.11
2022-04-01 08:40:44,541.05
2022-04-01 08:40:49,538.303849416734
2022-04-01 08:40:54,540.98
2022-04-01 08:40:59,538.2883600144831
2022-04-01 08:41:04,540.98
2022-04-01 08:41:09,540.98
2022-04-01 08:41:14,540.92
2022-04-01 08:41:19,540.92
2022-04-01 08:41:24,538.249636508856
2022-04-01 08:41:29,540.82
2022-04-01 08:41:34,540.75
2022-04-01 08:41:39,538.2264024054798
2022-04-01 08:41:44,538.2186577043544
2022-04-01 08:41:49,540.63
2022-04-01 08:41:54,538.2031683021036
2022-04-01 08:41:59,538.1954236009782
2022-04-01 08:42:04,538.1876788998528
2022-04-01 08:42:09,538.1799341987273
2022-04-01 08:42:14,538.1721894976018
2022-04-01 08:42:19,540.4
2022-04-01 08:42:24,540.34
2022-04-01 08:42:29,540.3
2022-04-01 08:42:34,540.24
2022-04-01 08:42:39,540.17
2022-04-01 08:42:44,538.1257212908494
2022-04-01 08:42:49,540.11
2022-04-01 08:42:54,538.1102318885986
2022-04-01 08:42:59,540.08
2022-04-01 08:43:04,540.02
2022-04-01 08:43:09,540.01
2022-04-01 08:43:14,539.95
2022-04-01 08:43:19,539.89
2022-04-01 08:43:24,539.89
2022-04-01 08:43:29,539.82
2022-04-01 08:43:34,538.0482742795953
2022-04-01 08:43:39,538.0405295784698
2022-04-01 08:43:44,539.73
2022-04-01 08:43:49,539.73
2022-04-01 08:43:54,538.0172954750935
2022-04-01 08:43:59,538.0095507739682
2022-04-01 08:44:04,539.6
2022-04-01 08:44:09,539.6
2022-04-01 08:44:14,537.9863166705919
2022-04-01 08:44:19,539.57
2022-04-01 08:44:24,539.57
2022-04-01 08:44:29,537.9630825672157
2022-04-01 08:44:34,539.51
2022-04-01 08:44:39,539.51
2022-04-01 08:44:44,539.45
2022-04-01 08:44:49,537.9321037627141
2022-04-01 08:44:54,537.9243590615886
2022-04-01 08:44:59,539.32
2022-04-01 08:45:04,539.38
2022-04-01 08:45:09,539.39
2022-04-01 08:45:14,539.32
2022-04-01 08:45:19,537.8856355559615
2022-04-01 08:45:24,539.32
2022-04-01 08:45:29,539.29
2022-04-01 08:45:34,537.8624014525852
2022-04-01 08:45:39,537.8546567514599
2022-04-01 08:45:44,537.8469120503344
2022-04-01 08:45:49,539.3
2022-04-01 08:45:54,539.17
2022-04-01 08:45:59,539.24
2022-04-01 08:46:04,539.24
2022-04-01 08:46:09,539.17
2022-04-01 08:46:14,539.17
2022-04-01 08:46:19,539.11
2022-04-01 08:46:24,539.18
2022-04-01 08:46:29,539.12
2022-04-01 08:46:34,537.7694650390802
2022-04-01 08:46:39,539.08
2022-04-01 08:46:44,539.09
2022-04-01 08:46:49,539.09
2022-04-01 08:46:54,539.02
2022-04-01 08:46:59,539.02
2022-04-01 08:47:04,539.03
2022-04-01 08:47:09,539.03
2022-04-01 08:47:14,537.7075074300769
2022-04-01 08:47:19,537.6997627289514
2022-04-01 08:47:24,539.03
2022-04-01 08:47:29,538.96
2022-04-01 08:47:34,538.97
2022-04-01 08:47:39,539.03
2022-04-01 08:47:44,538.97
2022-04-01 08:47:49,537.653294522199
2022-04-01 08:47:54,539.03
2022-04-01 08:47:59,538.97
2022-04-01 08:48:04,538.97
2022-04-01 08:48:09,537.6223157176973
2022-04-01 08:48:14,539.03
2022-04-01 08:48:19,537.6068263154465
2022-04-01 08:48:24,538.9
2022-04-01 08:48:29,538.97
2022-04-01 08:48:34,538.97
2022-04-01 08:48:39,538.97
2022-04-01 08:48:44,538.97
2022-04-01 08:48:49,538.97
2022-04-01 08:48:54,537.5526134075685
2022-04-01 08:48:59,538.97
2022-04-01 08:49:04,538.91
2022-04-01 08:49:09,537.5293793041923
2022-04-01 08:49:14,538.98
2022-04-01 08:49:19,538.98
2022-04-01 08:49:24,538.98
2022-04-01 08:49:29,538.97
2022-04-01 08:49:34,537.4906557985652
2022-04-01 08:49:39,539.04
2022-04-01 08:49:44,537.4751663963144
2022-04-01 08:49:49,538.97
2022-04-01 08:49:54,538.97
2022-04-01 08:49:59,539.04
2022-04-01 08:50:04,539.04
2022-04-01 08:50:09,539.04
2022-04-01 08:50:14,539.1
2022-04-01 08:50:19,537.5767089023032
2022-04-01 08:50:24,539.1
2022-04-01 08:50:29,539.1
2022-04-01 08:50:34,539.1
2022-04-01 08:50:39,539.1
2022-04-01 08:50:44,539.1
2022-04-01 08:50:49,539.13
2022-04-01 08:50:54,539.13
2022-04-01 08:50:59,537.7451160298725
2022-04-01 08:51:04,539.19
2022-04-01 08:51:09,539.19
2022-04-01 08:51:14,537.8082687027111
2022-04-01 08:51:19,539.19
2022-04-01 08:51:24,539.26
2022-04-01 08:51:29,539.26
2022-04-01 08:51:34,539.25
2022-04-01 08:51:39,539.25
2022-04-01 08:51:44,539.32
2022-04-01 08:51:49,539.31
2022-04-01 08:51:54,539.32
2022-04-01 08:51:59,539.32
2022-04-01 08:52:04,539.31
2022-04-01 08:52:09,539.31
2022-04-01 08:52:14,539.31
2022-04-01 08:52:19,539.34
2022-04-01 08:52:24,538.1029811759578
2022-04-01 08:52:29,539.34
2022-04-01 08:52:34,538.14508295785
2022-04-01 08:52:39,539.34
2022-04-01 08:52:44,539.34
2022-04-01 08:52:49,539.41
2022-04-01 08:52:54,538.2292865216348
2022-04-01 08:52:59,539.41
2022-04-01 08:53:04,539.41
2022-04-01 08:53:09,538.2924391944733
2022-04-01 08:53:14,539.41
2022-04-01 08:53:19,538.3345409763656
2022-04-01 08:53:24,539.47
2022-04-01 08:53:29,539.4
2022-04-01 08:53:34,538.3976936492041
2022-04-01 08:53:39,539.4
2022-04-01 08:53:44,539.4
2022-04-01 08:53:49,539.4
2022-04-01 08:53:54,539.4
2022-04-01 08:53:59,538.5029481039352
2022-04-01 08:54:04,538.5239989948813
2022-04-01 08:54:09,539.41
2022-04-01 08:54:14,539.47
2022-04-01 08:54:19,538.5871516677198
2022-04-01 08:54:24,539.41
2022-04-01 08:54:29,539.47
2022-04-01 08:54:34,538.6503043405583
2022-04-01 08:54:39,539.41
2022-04-01 08:54:44,539.41
2022-04-01 08:54:49,538.7134570133968
2022-04-01 08:54:54,539.47
2022-04-01 08:54:59,539.47
2022-04-01 08:55:04,539.47
2022-04-01 08:55:09,539.41
2022-04-01 08:55:14,539.41
2022-04-01 08:55:19,538.8397623590739
2022-04-01 08:55:24,539.41
2022-04-01 08:55:29,539.41
2022-04-01 08:55:34,539.41
2022-04-01 08:55:39,539.41
2022-04-01 08:55:44,539.41
2022-04-01 08:55:49,539.41
2022-04-01 08:55:54,539.41
2022-04-01 08:55:59,539.34
2022-04-01 08:56:04,539.34
2022-04-01 08:56:09,539.41
2022-04-01 08:56:14,539.41
2022-04-01 08:56:19,539.41
2022-04-01 08:56:24,539.1134239413743
2022-04-01 08:56:29,539.1344748323205
2022-04-01 08:56:34,539.1555257232666
2022-04-01 08:56:39,539.41
2022-04-01 08:56:44,539.48
2022-04-01 08:56:49,539.2186783961051
2022-04-01 08:56:54,539.2397292870513
2022-04-01 08:56:59,539.41
2022-04-01 08:57:04,539.2818310689437
2022-04-01 08:57:09,539.3028819598899
2022-04-01 08:57:14,539.48
2022-04-01 08:57:19,539.48
2022-04-01 08:57:24,539.48
2022-04-01 08:57:29,539.3870855236747
2022-04-01 08:57:34,539.49
2022-04-01 08:57:39,539.55
2022-04-01 08:57:44,539.55
2022-04-01 08:57:49,539.4712890874592
2022-04-01 08:57:54,539.4923399784055
2022-04-01 08:57:59,539.62
2022-04-01 08:58:04,539.62
2022-04-01 08:58:09,539.62
2022-04-01 08:58:14,539.5765435421903
2022-04-01 08:58:19,539.66
2022-04-01 08:58:24,539.72
2022-04-01 08:58:29,539.78
2022-04-01 08:58:34,539.72
2022-04-01 08:58:39,539.6817979969211
2022-04-01 08:58:44,539.85
2022-04-01 08:58:49,539.89
2022-04-01 08:58:54,539.89
2022-04-01 08:58:59,539.766001560706
2022-04-01 08:59:04,539.95
2022-04-01 08:59:09,539.8081033425982
2022-04-01 08:59:14,540.02
2022-04-01 08:59:19,540.02
2022-04-01 08:59:24,540.02
2022-04-01 08:59:29,540.09
2022-04-01 08:59:34,539.9133577973292
2022-04-01 08:59:39,540.15
2022-04-01 08:59:44,540.15
2022-04-01 08:59:49,540.15
2022-04-01 08:59:54,539.9975613611138
2022-04-01 08:59:59,540.19
2022-04-01 09:00:04,540.19
2022-04-01 09:00:09,540.19
2022-04-01 09:00:14,540.0817649248986
2022-04-01 09:00:19,540.32
2022-04-01 09:00:24,540.32
2022-04-01 09:00:29,540.39
2022-04-01 09:00:34,540.1659684886833
2022-04-01 09:00:39,540.42
2022-04-01 09:00:44,540.42
2022-04-01 09:00:49,540.48
2022-04-01 09:00:54,540.55
2022-04-01 09:00:59,540.55
2022-04-01 09:01:04,540.55
2022-04-01 09:01:09,540.3133247253065
2022-04-01 09:01:14,540.62
2022-04-01 09:01:19,540.68
2022-04-01 09:01:24,540.72
2022-04-01 09:01:29,540.72
2022-04-01 09:01:34,540.85
2022-04-01 09:01:39,540.85
2022-04-01 09:01:44,540.4606809619298
2022-04-01 09:01:49,540.91
2022-04-01 09:01:54,540.92
2022-04-01 09:01:59,541.01
2022-04-01 09:02:04,541.01
2022-04-01 09:02:09,541.08
2022-04-01 09:02:14,541.14
2022-04-01 09:02:19,541.21
2022-04-01 09:02:24,541.21
2022-04-01 09:02:29,541.24
2022-04-01 09:02:34,541.24
2022-04-01 09:02:39,541.31
2022-04-01 09:02:44,541.31
2022-04-01 09:02:49,540.7343425442302
2022-04-01 09:02:54,541.44
2022-04-01 09:02:59,540.7764443261225
2022-04-01 09:03:04,541.54
2022-04-01 09:03:09,541.54
2022-04-01 09:03:14,541.6
2022-04-01 09:03:19,541.67
2022-04-01 09:03:24,541.67
2022-04-01 09:03:29,541.73
2022-04-01 09:03:34,541.77
2022-04-01 09:03:39,540.9448514536921
2022-04-01 09:03:44,541.83
2022-04-01 09:03:49,541.9
2022-04-01 09:03:54,541.0080041265305
2022-04-01 09:03:59,541.97
2022-04-01 09:04:04,541.0062797898579
2022-04-01 09:04:09,540.9948739466205
2022-04-01 09:04:14,542.0
2022-04-01 09:04:19,542.0
2022-04-01 09:04:24,542.07
2022-04-01 09:04:29,542.07
2022-04-01 09:04:34,542.13
2022-04-01 09:04:39,542.14
2022-04-01 09:04:44,542.14
2022-04-01 09:04:49,540.9036272007221
2022-04-01 09:04:54,540.8922213574847
2022-04-01 09:04:59,540.8808155142475
2022-04-01 09:05:04,540.8694096710101
2022-04-01 09:05:09,542.21
2022-04-01 09:05:14,542.27
2022-04-01 09:05:19,540.8351921412982
2022-04-01 09:05:24,542.27
2022-04-01 09:05:29,542.28
2022-04-01 09:05:34,542.31
2022-04-01 09:05:39,542.38
2022-04-01 09:05:44,540.7781629251117
2022-04-01 09:05:49,540.7667570818743
2022-04-01 09:05:54,542.44
2022-04-01 09:05:59,542.51
2022-04-01 09:06:04,542.51
2022-04-01 09:06:09,542.51
2022-04-01 09:06:14,542.51
2022-04-01 09:06:19,540.6983220224504
2022-04-01 09:06:24,542.55
2022-04-01 09:06:29,542.61
2022-04-01 09:06:34,540.6641044927385
2022-04-01 09:06:39,542.55
2022-04-01 09:06:44,542.62
2022-04-01 09:06:49,540.6298869630266
2022-04-01 09:06:54,542.62
2022-04-01 09:06:59,542.62
2022-04-01 09:07:04,540.5956694333146
2022-04-01 09:07:09,540.5842635900773
2022-04-01 09:07:14,542.62
2022-04-01 09:07:19,542.63
2022-04-01 09:07:24,542.63
2022-04-01 09:07:29,542.63
2022-04-01 09:07:34,542.56
2022-04-01 09:07:39,542.56
2022-04-01 09:07:44,542.57
2022-04-01 09:07:49,542.57
2022-04-01 09:07:54,540.4816110009415
2022-04-01 09:07:59,540.4702051577041
2022-04-01 09:08:04,542.54
2022-04-01 09:08:09,542.54
2022-04-01 09:08:14,542.54
2022-04-01 09:08:19,542.54
2022-04-01 09:08:24,540.4131759415176
2022-04-01 09:08:29,540.4017700982802
2022-04-01 09:08:34,542.48
2022-04-01 09:08:39,540.3789584118056
2022-04-01 09:08:44,542.48
2022-04-01 09:08:49,542.42
2022-04-01 09:08:54,542.35
2022-04-01 09:08:59,542.36
2022-04-01 09:09:04,540.3219291956191
2022-04-01 09:09:09,542.36
2022-04-01 09:09:14,542.36
2022-04-01 09:09:19,542.32
2022-04-01 09:09:24,542.32
2022-04-01 09:09:29,540.2648999794325
2022-04-01 09:09:34,542.32
2022-04-01 09:09:39,542.26
2022-04-01 09:09:44,542.26
2022-04-01 09:09:49,540.2192766064833
2022-04-01 09:09:54,542.2
2022-04-01 09:09:59,540.1964649200086
2022-04-01 09:10:04,540.1850590767714
2022-04-01 09:10:09,542.13
2022-04-01 09:10:14,540.1622473902967
2022-04-01 09:10:19,542.07
2022-04-01 09:10:24,540.1394357038221
2022-04-01 09:10:29,542.07
2022-04-01 09:10:34,540.1166240173475
2022-04-01 09:10:39,542.04
2022-04-01 09:10:44,541.97
2022-04-01 09:10:49,541.97
2022-04-01 09:10:54,540.0710006443982
2022-04-01 09:10:59,540.0595948011609
2022-04-01 09:11:04,540.0481889579235
2022-04-01 09:11:09,540.0367831146863
2022-04-01 09:11:14,540.0253772714489
2022-04-01 09:11:19,541.75
2022-04-01 09:11:24,541.75
2022-04-01 09:11:29,541.68
2022-04-01 09:11:34,539.9797538984997
2022-04-01 09:11:39,541.68
2022-04-01 09:11:44,541.61
2022-04-01 09:11:49,541.61
2022-04-01 09:11:54,541.55
2022-04-01 09:11:59,541.52
2022-04-01 09:12:04,541.51
2022-04-01 09:12:09,539.8999129958385
2022-04-01 09:12:14,541.45
2022-04-01 09:12:19,539.8771013093638
2022-04-01 09:12:24,541.38
2022-04-01 09:12:29,541.38
2022-04-01 09:12:34,541.38
2022-04-01 09:12:39,541.32
2022-04-01 09:12:44,539.8200720931773
2022-04-01 09:12:49,541.29
2022-04-01 09:12:54,541.22
2022-04-01 09:12:59,539.7858545634654
2022-04-01 09:13:04,541.22
2022-04-01 09:13:09,539.7630428769908
2022-04-01 09:13:14,541.15
2022-04-01 09:13:19,541.15
2022-04-01 09:13:24,541.09
2022-04-01 09:13:29,541.09
2022-04-01 09:13:34,539.706013660804
2022-04-01 09:13:39,539.6946078175669
2022-04-01 09:13:44,541.09
2022-04-01 09:13:49,541.09
2022-04-01 09:13:54,539.660390287855
2022-04-01 09:13:59,541.09
2022-04-01 09:14:04,539.6375786013803
2022-04-01 09:14:09,541.02
2022-04-01 09:14:14,541.02
2022-04-01 09:14:19,540.99
2022-04-01 09:14:24,539.5919552284311
2022-04-01 09:14:29,540.99
2022-04-01 09:14:34,539.5691435419564
2022-04-01 09:14:39,540.92
2022-04-01 09:14:44,540.92
2022-04-01 09:14:49,539.5349260122445
2022-04-01 09:14:54,540.92
2022-04-01 09:14:59,540.92
2022-04-01 09:15:04,540.92
2022-04-01 09:15:09,540.92
2022-04-01 09:15:14,540.99
2022-04-01 09:15:19,539.4664909528205
2022-04-01 09:15:24,540.99
2022-04-01 09:15:29,539.443679266346
2022-04-01 09:15:34,539.4322734231085
2022-04-01 09:15:39,540.92
2022-04-01 09:15:44,540.99
2022-04-01 09:15:49,540.99
2022-04-01 09:15:54,540.99
2022-04-01 09:15:59,540.99
2022-04-01 09:16:04,540.99
2022-04-01 09:16:09,539.3524325204473
2022-04-01 09:16:14,540.99
2022-04-01 09:16:19,541.02
2022-04-01 09:16:24,540.99
2022-04-01 09:16:29,540.99
2022-04-01 09:16:34,540.99
2022-04-01 09:16:39,541.02
2022-04-01 09:16:44,539.2725916177862
2022-04-01 09:16:49,540.99
2022-04-01 09:16:54,541.03
2022-04-01 09:16:59,539.2383740880744
2022-04-01 09:17:04,541.03
2022-04-01 09:17:09,541.03
2022-04-01 09:17:14,539.2041565583623
2022-04-01 09:17:19,539.192750715125
2022-04-01 09:17:24,541.09
2022-04-01 09:17:29,541.09
2022-04-01 09:17:34,541.03
2022-04-01 09:17:39,541.09
2022-04-01 09:17:44,539.1357214989386
2022-04-01 09:17:49,541.03
2022-04-01 09:17:54,539.1129098124638
2022-04-01 09:17:59,539.1015039692265
2022-04-01 09:18:04,541.1
2022-04-01 09:18:09,541.1
2022-04-01 09:18:14,539.1517290037323
2022-04-01 09:18:19,541.1
2022-04-01 09:18:24,541.1
2022-04-01 09:18:29,541.1
2022-04-01 09:18:34,541.1
2022-04-01 09:18:39,541.1
2022-04-01 09:18:44,541.1
2022-04-01 09:18:49,541.1
2022-04-01 09:18:54,541.11
2022-04-01 09:18:59,541.11
2022-04-01 09:19:04,541.17
2022-04-01 09:19:09,541.11
2022-04-01 09:19:14,539.4570465909313
2022-04-01 09:19:19,541.17
2022-04-01 09:19:24,541.17
2022-04-01 09:19:29,541.18
2022-04-01 09:19:34,539.5588191199978
2022-04-01 09:19:39,541.18
2022-04-01 09:19:44,541.12
2022-04-01 09:19:49,541.12
2022-04-01 09:19:54,541.12
2022-04-01 09:19:59,541.19
2022-04-01 09:20:04,539.7114779135974
2022-04-01 09:20:09,541.12
2022-04-01 09:20:14,539.7623641781307
2022-04-01 09:20:19,541.19
2022-04-01 09:20:24,541.19
2022-04-01 09:20:29,541.13
2022-04-01 09:20:34,541.13
2022-04-01 09:20:39,539.8895798394636
2022-04-01 09:20:44,541.13
2022-04-01 09:20:49,541.13
2022-04-01 09:20:54,539.9659092362633
2022-04-01 09:20:59,541.07
2022-04-01 09:21:04,541.07
2022-04-01 09:21:09,541.07
2022-04-01 09:21:14,541.04
2022-04-01 09:21:19,541.04
2022-04-01 09:21:24,541.07
2022-04-01 09:21:29,540.1440111621296
2022-04-01 09:21:34,541.04
2022-04-01 09:21:39,540.1948974266627
2022-04-01 09:21:44,540.2203405589294
2022-04-01 09:21:49,540.92
2022-04-01 09:21:54,540.92
2022-04-01 09:21:59,540.2966699557292
2022-04-01 09:22:04,540.85
2022-04-01 09:22:09,540.86
2022-04-01 09:22:14,540.86
2022-04-01 09:22:19,540.3984424847954
2022-04-01 09:22:24,540.4238856170621
2022-04-01 09:22:29,540.4493287493287
2022-04-01 09:22:34,540.4747718815952
2022-04-01 09:22:39,540.7
2022-04-01 09:22:44,540.5256581461285
2022-04-01 09:22:49,540.5511012783949
2022-04-01 09:22:54,540.64
2022-04-01 09:22:59,540.57
2022-04-01 09:23:04,540.57
2022-04-01 09:23:09,540.57
2022-04-01 09:23:14,540.54
2022-04-01 09:23:19,540.48
2022-04-01 09:23:24,540.48
2022-04-01 09:23:29,540.7546463365278
2022-04-01 09:23:34,540.42
2022-04-01 09:23:39,540.8055326010609
2022-04-01 09:23:44,540.8309757333276
2022-04-01 09:23:49,540.32
2022-04-01 09:23:54,540.32
2022-04-01 09:23:59,540.2
2022-04-01 09:24:04,540.2
2022-04-01 09:24:09,540.13
2022-04-01 09:24:14,540.9836345269272
2022-04-01 09:24:19,540.07
2022-04-01 09:24:24,540.07
2022-04-01 09:24:29,540.04
2022-04-01 09:24:34,541.0854070559936
2022-04-01 09:24:39,539.98
2022-04-01 09:24:44,539.91
2022-04-01 09:24:49,539.85
2022-04-01 09:24:54,539.85
2022-04-01 09:24:59,541.2126227173264
2022-04-01 09:25:04,539.69
2022-04-01 09:25:09,539.75
2022-04-01 09:25:14,539.69
2022-04-01 09:25:19,539.63
2022-04-01 09:25:24,539.63
2022-04-01 09:25:29,539.57
2022-04-01 09:25:34,541.3907246431927
2022-04-01 09:25:39,539.47
2022-04-01 09:25:44,541.4416109077258
2022-04-01 09:25:49,539.41
2022-04-01 09:25:54,539.41
2022-04-01 09:25:59,539.35
2022-04-01 09:26:04,539.32
2022-04-01 09:26:09,541.5688265690587
2022-04-01 09:26:14,541.5942697013254
2022-04-01 09:26:19,539.19
2022-04-01 09:26:24,539.12
2022-04-01 09:26:29,539.13
2022-04-01 09:26:34,539.03
2022-04-01 09:26:39,541.7214853626583
2022-04-01 09:26:44,539.04
2022-04-01 09:26:49,541.7723716271917
2022-04-01 09:26:54,541.797814759458
2022-04-01 09:26:59,538.91
2022-04-01 09:27:04,538.81
2022-04-01 09:27:09,541.8741441562578
2022-04-01 09:27:14,538.76
2022-04-01 09:27:19,538.76
2022-04-01 09:27:24,538.76
2022-04-01 09:27:29,538.69
2022-04-01 09:27:34,542.0013598175909
2022-04-01 09:27:39,538.63
2022-04-01 09:27:44,538.57
2022-04-01 09:27:49,538.57
2022-04-01 09:27:54,538.54
2022-04-01 09:27:59,538.54
2022-04-01 09:28:04,538.48
2022-04-01 09:28:09,538.48
2022-04-01 09:28:14,538.48
2022-04-01 09:28:19,538.42
2022-04-01 09:28:24,542.2557911402567
2022-04-01 09:28:29,538.48
2022-04-01 09:28:34,538.42
2022-04-01 09:28:39,538.42
2022-04-01 09:28:44,538.43
2022-04-01 09:28:49,542.3830068015898
2022-04-01 09:28:54,538.36
2022-04-01 09:28:59,538.36
2022-04-01 09:29:04,538.36
2022-04-01 09:29:09,538.33
2022-04-01 09:29:14,538.37
2022-04-01 09:29:19,542.5356655951894
2022-04-01 09:29:24,542.561108727456
2022-04-01 09:29:29,538.34
2022-04-01 09:29:34,538.34
2022-04-01 09:29:39,538.34
2022-04-01 09:29:44,538.35
2022-04-01 09:29:49,538.35
2022-04-01 09:29:54,538.35
2022-04-01 09:29:59,542.7392106533221
2022-04-01 09:30:04,538.35
2022-04-01 09:30:09,538.35
2022-04-01 09:30:14,542.8155400501219
2022-04-01 09:30:19,542.8409831823885
2022-04-01 09:30:24,538.38
2022-04-01 09:30:29,538.39
2022-04-01 09:30:34,538.45
2022-04-01 09:30:39,542.942755711455
2022-04-01 09:30:44,538.45
2022-04-01 09:30:49,538.52
2022-04-01 09:30:54,538.52
2022-04-01 09:30:59,543.0445282405211
2022-04-01 09:31:04,543.0699713727878
2022-04-01 09:31:09,538.59
2022-04-01 09:31:14,538.58
2022-04-01 09:31:19,538.62
2022-04-01 09:31:24,543.1717439018543
2022-04-01 09:31:29,543.1971870341207
2022-04-01 09:31:34,538.68
2022-04-01 09:31:39,538.68
2022-04-01 09:31:44,538.68
2022-04-01 09:31:49,543.2989595631872
2022-04-01 09:31:54,543.3244026954538
2022-04-01 09:31:59,543.3498458277203
2022-04-01 09:32:04,538.91
2022-04-01 09:32:09,543.3953586291937
2022-04-01 09:32:14,538.97
2022-04-01 09:32:19,538.97
2022-04-01 09:32:24,543.4024651783404
2022-04-01 09:32:29,539.03
2022-04-01 09:32:34,539.03
2022-04-01 09:32:39,543.4095717274872
2022-04-01 09:32:44,539.13
2022-04-01 09:32:49,539.13
2022-04-01 09:32:54,539.19
2022-04-01 09:32:59,539.19
2022-04-01 09:33:04,539.25
2022-04-01 09:33:09,539.25
2022-04-01 09:33:14,543.4261536754964
2022-04-01 09:33:19,539.38
2022-04-01 09:33:24,539.41
2022-04-01 09:33:29,543.4332602246432
2022-04-01 09:33:34,539.48
2022-04-01 09:33:39,539.6
2022-04-01 09:33:44,539.6
2022-04-01 09:33:49,539.63
2022-04-01 09:33:54,539.7
2022-04-01 09:33:59,543.4474733229367
2022-04-01 09:34:04,539.76
2022-04-01 09:34:09,543.4522110223679
2022-04-01 09:34:14,539.89
2022-04-01 09:34:19,539.91
2022-04-01 09:34:24,539.92
2022-04-01 09:34:29,543.4616864212304
2022-04-01 09:34:34,543.4640552709459
2022-04-01 09:34:39,540.04
2022-04-01 09:34:44,543.4687929703772
2022-04-01 09:34:49,540.14
2022-04-01 09:34:54,540.2
2022-04-01 09:34:59,540.2
2022-04-01 09:35:04,540.2
2022-04-01 09:35:09,540.33
2022-04-01 09:35:14,540.39
2022-04-01 09:35:19,540.39
2022-04-01 09:35:24,540.4
2022-04-01 09:35:29,540.43
2022-04-01 09:35:34,540.49
2022-04-01 09:35:39,543.4948503172487
2022-04-01 09:35:44,540.55
2022-04-01 09:35:49,540.62
2022-04-01 09:35:54,540.62
2022-04-01 09:35:59,540.65
2022-04-01 09:36:04,540.65
2022-04-01 09:36:09,540.72
2022-04-01 09:36:14,540.71
2022-04-01 09:36:19,543.5138011149735
2022-04-01 09:36:24,540.78
2022-04-01 09:36:29,543.5185388144047
2022-04-01 09:36:34,543.5209076641203
2022-04-01 09:36:39,540.78
2022-04-01 09:36:44,540.85
2022-04-01 09:36:49,540.85
2022-04-01 09:36:54,540.91
2022-04-01 09:36:59,540.91
2022-04-01 09:37:04,540.94
2022-04-01 09:37:09,540.94
2022-04-01 09:37:14,541.0
2022-04-01 09:37:19,540.94
2022-04-01 09:37:24,543.5445961612763
2022-04-01 09:37:29,543.5469650109919
2022-04-01 09:37:34,541.14
2022-04-01 09:37:39,541.07
2022-04-01 09:37:44,541.07
2022-04-01 09:37:49,541.14
2022-04-01 09:37:54,541.14
2022-04-01 09:37:59,541.14
2022-04-01 09:38:04,541.17
2022-04-01 09:38:09,543.5659158087167
2022-04-01 09:38:14,543.5682846584323
2022-04-01 09:38:19,543.5706535081479
2022-04-01 09:38:24,541.3
2022-04-01 09:38:29,541.3
2022-04-01 09:38:34,541.3
2022-04-01 09:38:39,541.3
2022-04-01 09:38:44,541.3
2022-04-01 09:38:49,543.5848666064414
2022-04-01 09:38:54,541.37
2022-04-01 09:38:59,543.5896043058726
2022-04-01 09:39:04,541.43
2022-04-01 09:39:09,543.5943420053038
2022-04-01 09:39:14,541.46
2022-04-01 09:39:19,541.47
2022-04-01 09:39:24,541.53
2022-04-01 09:39:29,541.53
2022-04-01 09:39:34,541.53
2022-04-01 09:39:39,541.53
2022-04-01 09:39:44,543.610923953313
2022-04-01 09:39:49,543.6132928030286
2022-04-01 09:39:54,543.6156616527442
2022-04-01 09:39:59,543.6180305024598
2022-04-01 09:40:04,543.6203993521754
2022-04-01 09:40:09,541.76
2022-04-01 09:40:14,541.83
2022-04-01 09:40:19,543.6275059013223
2022-04-01 09:40:24,541.96
2022-04-01 09:40:29,541.99
2022-04-01 09:40:34,541.99
2022-04-01 09:40:39,541.99
2022-04-01 09:40:44,542.12
2022-04-01 09:40:49,542.12
2022-04-01 09:40:54,542.19
2022-04-01 09:40:59,542.19
2022-04-01 09:41:04,542.29
2022-04-01 09:41:09,542.29
2022-04-01 09:41:14,542.35
2022-04-01 09:41:19,543.6559320979094
2022-04-01 09:41:24,542.42
2022-04-01 09:41:29,543.6606697973406
2022-04-01 09:41:34,542.42
2022-04-01 09:41:39,542.49
2022-04-01 09:41:44,542.49
2022-04-01 09:41:49,543.670145196203
2022-04-01 09:41:54,542.52
2022-04-01 09:41:59,543.6748828956341
2022-04-01 09:42:04,543.6772517453497
2022-04-01 09:42:09,543.6796205950653
2022-04-01 09:42:14,543.6819894447809
2022-04-01 09:42:19,543.6843582944965
2022-04-01 09:42:24,542.59
2022-04-01 09:42:29,542.59
2022-04-01 09:42:34,543.6914648436433
2022-04-01 09:42:39,542.59
2022-04-01 09:42:44,543.6962025430745
2022-04-01 09:42:49,542.73
2022-04-01 09:42:54,542.73
2022-04-01 09:42:59,542.67
2022-04-01 09:43:04,542.73
2022-04-01 09:43:09,542.67
2022-04-01 09:43:14,542.73
2022-04-01 09:43:19,543.7127844910838
2022-04-01 09:43:24,542.74
2022-04-01 09:43:29,543.717522190515
2022-04-01 09:43:34,542.74
2022-04-01 09:43:39,543.7222598899461
2022-04-01 09:43:44,542.74
2022-04-01 09:43:49,543.7269975893773
2022-04-01 09:43:54,542.74
2022-04-01 09:43:59,543.7317352888085
2022-04-01 09:44:04,542.74
2022-04-01 09:44:09,542.74
2022-04-01 09:44:14,542.67
2022-04-01 09:44:19,542.68
2022-04-01 09:44:24,542.61
2022-04-01 09:44:29,543.7459483871021
2022-04-01 09:44:34,543.7483172368177
2022-04-01 09:44:39,543.7506860865333
2022-04-01 09:44:44,543.7530549362489
2022-04-01 09:44:49,542.55
2022-04-01 09:44:54,542.52
2022-04-01 09:44:59,543.7601614853957
2022-04-01 09:45:04,542.46
2022-04-01 09:45:09,542.39
2022-04-01 09:45:14,542.39
2022-04-01 09:45:19,542.33
2022-04-01 09:45:24,542.27
2022-04-01 09:45:29,542.27
2022-04-01 09:45:34,543.7767434334048
2022-04-01 09:45:39,542.18
2022-04-01 09:45:44,542.11
2022-04-01 09:45:49,543.7838499825516
2022-04-01 09:45:54,543.7862188322673
2022-04-01 09:45:59,542.02
2022-04-01 09:46:04,543.7909565316985
2022-04-01 09:46:09,541.89
2022-04-01 09:46:14,541.89
2022-04-01 09:46:19,541.83
2022-04-01 09:46:24,541.83
2022-04-01 09:46:29,543.7958948354805
2022-04-01 09:46:34,543.7960880145483
2022-04-01 09:46:39,541.67
2022-04-01 09:46:44,541.61
2022-04-01 09:46:49,543.7966675517517
2022-04-01 09:46:54,541.61
2022-04-01 09:46:59,541.54
2022-04-01 09:47:04,541.51
2022-04-01 09:47:09,541.51
2022-04-01 09:47:14,541.51
2022-04-01 09:47:19,541.51
2022-04-01 09:47:24,541.45
2022-04-01 09:47:29,543.7982129842941
2022-04-01 09:47:34,541.45
2022-04-01 09:47:39,543.7985993424297
2022-04-01 09:47:44,541.39
2022-04-01 09:47:49,541.39
2022-04-01 09:47:54,543.7991788796331
2022-04-01 09:47:59,541.39
2022-04-01 09:48:04,543.7995652377688
2022-04-01 09:48:09,541.4
2022-04-01 09:48:14,541.33
2022-04-01 09:48:19,543.8001447749722
2022-04-01 09:48:24,543.80033795404
2022-04-01 09:48:29,543.8005311331077
2022-04-01 09:48:34,541.33
2022-04-01 09:48:39,543.8009174912434
2022-04-01 09:48:44,541.4
2022-04-01 09:48:49,543.801303849379
2022-04-01 09:48:54,541.34
2022-04-01 09:48:59,543.8016902075145
2022-04-01 09:49:04,541.34
2022-04-01 09:49:09,543.8020765656502
2022-04-01 09:49:14,541.34
2022-04-01 09:49:19,541.34
2022-04-01 09:49:24,541.35
2022-04-01 09:49:29,541.35
2022-04-01 09:49:34,541.35
2022-04-01 09:49:39,543.803235640057
2022-04-01 09:49:44,541.35
2022-04-01 09:49:49,541.35
2022-04-01 09:49:54,543.8038151772604
2022-04-01 09:49:59,541.29
2022-04-01 09:50:04,543.804201535396
2022-04-01 09:50:09,541.3
2022-04-01 09:50:14,543.8045878935316
2022-04-01 09:50:19,543.8047810725994
2022-04-01 09:50:24,541.3
2022-04-01 09:50:29,543.805167430735
2022-04-01 09:50:34,541.3
2022-04-01 09:50:39,541.31
2022-04-01 09:50:44,541.27
2022-04-01 09:50:49,541.31
2022-04-01 09:50:54,541.31
2022-04-01 09:50:59,541.31
2022-04-01 09:51:04,541.38
2022-04-01 09:51:09,543.8067128632774
2022-04-01 09:51:14,541.38
2022-04-01 09:51:19,543.8070992214131
2022-04-01 09:51:24,541.45
2022-04-01 09:51:29,541.45
2022-04-01 09:51:34,543.8076787586165
2022-04-01 09:51:39,541.51
2022-04-01 09:51:44,541.51
2022-04-01 09:51:49,543.8082582958199
2022-04-01 09:51:54,541.51
2022-04-01 09:51:59,541.51
2022-04-01 09:52:04,541.58
2022-04-01 09:52:09,541.58
2022-04-01 09:52:14,541.52
2022-04-01 09:52:19,541.58
2022-04-01 09:52:24,541.58
2022-04-01 09:52:29,541.59
2022-04-01 09:52:34,541.62
2022-04-01 09:52:39,543.8101900864979
2022-04-01 09:52:44,541.62
2022-04-01 09:52:49,543.8105764446335
2022-04-01 09:52:54,541.62
2022-04-01 09:52:59,543.810962802769
2022-04-01 09:53:04,541.62
2022-04-01 09:53:09,541.68
2022-04-01 09:53:14,541.68
2022-04-01 09:53:19,543.8117355190403
2022-04-01 09:53:24,541.75
2022-04-01 09:53:29,543.8121218771759
2022-04-01 09:53:34,541.75
2022-04-01 09:53:39,543.8125082353115
2022-04-01 09:53:44,541.81
2022-04-01 09:53:49,541.81
2022-04-01 09:53:54,543.8130877725149
2022-04-01 09:53:59,541.8
2022-04-01 09:54:04,541.8
2022-04-01 09:54:09,541.8
2022-04-01 09:54:14,543.8138604887861
2022-04-01 09:54:19,543.814053667854
2022-04-01 09:54:24,541.74
2022-04-01 09:54:29,541.74
2022-04-01 09:54:34,541.8
2022-04-01 09:54:39,541.74
2022-04-01 09:54:44,543.8150195631929
2022-04-01 09:54:49,541.8
2022-04-01 09:54:54,541.74
2022-04-01 09:54:59,541.8
2022-04-01 09:55:04,541.74
2022-04-01 09:55:09,541.74
2022-04-01 09:55:14,543.8161786375997
2022-04-01 09:55:19,541.67
2022-04-01 09:55:24,541.6
2022-04-01 09:55:29,541.6
2022-04-01 09:55:34,543.816951353871
2022-04-01 09:55:39,541.61
2022-04-01 09:55:44,541.57
2022-04-01 09:55:49,541.6
2022-04-01 09:55:54,541.51
2022-04-01 09:55:59,541.5
2022-04-01 09:56:04,543.8181104282778
2022-04-01 09:56:09,541.5
2022-04-01 09:56:14,541.5
2022-04-01 09:56:19,543.8186899654812
2022-04-01 09:56:24,543.818883144549
2022-04-01 09:56:29,541.43
2022-04-01 09:56:34,541.36
2022-04-01 09:56:39,541.36
2022-04-01 09:56:44,541.36
2022-04-01 09:56:49,543.819849039888
2022-04-01 09:56:54,543.8200422189558
2022-04-01 09:56:59,541.27
2022-04-01 09:57:04,541.2
2022-04-01 09:57:09,541.27
2022-04-01 09:57:14,541.14
2022-04-01 09:57:19,543.8210081142948
2022-04-01 09:57:24,541.07
2022-04-01 09:57:29,541.07
2022-04-01 09:57:34,541.04
2022-04-01 09:57:39,543.821780830566
2022-04-01 09:57:44,540.97
2022-04-01 09:57:49,543.8221671887017
2022-04-01 09:57:54,540.91
2022-04-01 09:57:59,543.8225535468372
2022-04-01 09:58:04,543.8227467259051
2022-04-01 09:58:09,543.8229399049728
2022-04-01 09:58:14,540.78
2022-04-01 09:58:19,540.75
2022-04-01 09:58:24,540.75
2022-04-01 09:58:29,540.68
2022-04-01 09:58:34,540.68
2022-04-01 09:58:39,540.62
2022-04-01 09:58:44,540.62
2022-04-01 09:58:49,540.56
2022-04-01 09:58:54,543.824678516583
2022-04-01 09:58:59,540.56
2022-04-01 09:59:04,540.52
2022-04-01 09:59:09,543.8252580537865
2022-04-01 09:59:14,543.8254512328542
2022-04-01 09:59:19,540.46
2022-04-01 09:59:24,543.8258375909899
2022-04-01 09:59:29,540.33
2022-04-01 09:59:34,540.33
2022-04-01 09:59:39,543.8264171281933
2022-04-01 09:59:44,540.27
2022-04-01 09:59:49,543.8268034863288
2022-04-01 09:59:54,543.8269966653967
2022-04-01 09:59:59,543.8271898444644
2022-04-01 10:00:04,543.8273830235323
2022-04-01 10:00:09,540.24
2022-04-01 10:00:14,540.17
2022-04-01 10:00:19,543.8279663651551
2022-04-01 10:00:24,540.11
2022-04-01 10:00:29,540.04
2022-04-01 10:00:34,540.05
2022-04-01 10:00:39,540.05
2022-04-01 10:00:44,540.01
2022-04-01 10:00:49,540.01
2022-04-01 10:00:54,540.02
2022-04-01 10:00:59,540.02
2022-04-01 10:01:04,539.95
2022-04-01 10:01:09,543.830227657246
2022-04-01 10:01:14,543.8304537864551
2022-04-01 10:01:19,539.89
2022-04-01 10:01:24,543.8309060448734
2022-04-01 10:01:29,539.89
2022-04-01 10:01:34,543.8313583032915
2022-04-01 10:01:39,539.83
2022-04-01 10:01:44,539.9
2022-04-01 10:01:49,539.83
2022-04-01 10:01:54,539.77
2022-04-01 10:01:59,539.83
2022-04-01 10:02:04,539.77
2022-04-01 10:02:09,539.77
2022-04-01 10:02:14,539.74
2022-04-01 10:02:19,539.74
2022-04-01 10:02:24,539.68
2022-04-01 10:02:29,539.6
2022-04-01 10:02:34,543.8340718538007
2022-04-01 10:02:39,539.67
2022-04-01 10:02:44,539.6
2022-04-01 10:02:49,543.8347502414279
2022-04-01 10:02:54,543.8349763706369
2022-04-01 10:02:59,539.53
2022-04-01 10:03:04,539.53
2022-04-01 10:03:09,539.5
2022-04-01 10:03:14,539.43
2022-04-01 10:03:19,539.5
2022-04-01 10:03:24,543.8363331458916
2022-04-01 10:03:29,543.8365592751006
2022-04-01 10:03:34,543.8367854043097
2022-04-01 10:03:39,539.37
2022-04-01 10:03:44,539.37
2022-04-01 10:03:49,539.31
2022-04-01 10:03:54,543.8376899211461
2022-04-01 10:03:59,543.8379160503551
2022-04-01 10:04:04,539.3
2022-04-01 10:04:09,539.23
2022-04-01 10:04:14,543.8385944379825
2022-04-01 10:04:19,539.24
2022-04-01 10:04:24,543.8390466964006
2022-04-01 10:04:29,539.21
2022-04-01 10:04:34,539.2
2022-04-01 10:04:39,543.8397250840279
2022-04-01 10:04:44,539.14
2022-04-01 10:04:49,543.840177342446
2022-04-01 10:04:54,539.08
2022-04-01 10:04:59,539.07
2022-04-01 10:05:04,543.8408557300734
2022-04-01 10:05:09,539.0
2022-04-01 10:05:14,543.8413079884915
2022-04-01 10:05:19,543.8415341177007
2022-04-01 10:05:24,543.8417602469098
2022-04-01 10:05:29,543.8419863761188
2022-04-01 10:05:34,538.98
2022-04-01 10:05:39,543.842438634537
2022-04-01 10:05:44,543.8426647637461
2022-04-01 10:05:49,538.9
2022-04-01 10:05:54,543.8431170221643
2022-04-01 10:05:59,538.91
2022-04-01 10:06:04,543.8435692805825
2022-04-01 10:06:09,543.8437954097916
2022-04-01 10:06:14,543.8440215390007
2022-04-01 10:06:19,543.8442476682097
2022-04-01 10:06:24,538.76
2022-04-01 10:06:29,538.83
2022-04-01 10:06:34,538.76
2022-04-01 10:06:39,543.8451521850461
2022-04-01 10:06:44,543.8453783142552
2022-04-01 10:06:49,543.8456044434643
2022-04-01 10:06:54,538.67
2022-04-01 10:06:59,538.66
2022-04-01 10:07:04,538.6
2022-04-01 10:07:09,538.59
2022-04-01 10:07:14,538.53
2022-04-01 10:07:19,543.8469612187189
2022-04-01 10:07:24,538.46
2022-04-01 10:07:29,543.847413477137
2022-04-01 10:07:34,538.42
2022-04-01 10:07:39,538.42
2022-04-01 10:07:44,538.35
2022-04-01 10:07:49,538.34
2022-04-01 10:07:54,538.4
2022-04-01 10:07:59,543.8487702523915
2022-04-01 10:08:04,543.8489963816007
2022-04-01 10:08:09,538.28
2022-04-01 10:08:14,538.28
2022-04-01 10:08:19,538.28
2022-04-01 10:08:24,538.28
2022-04-01 10:08:29,538.22
2022-04-01 10:08:34,543.8503531568552
2022-04-01 10:08:39,543.8505792860643
2022-04-01 10:08:44,538.12
2022-04-01 10:08:49,538.12
2022-04-01 10:08:54,538.12
2022-04-01 10:08:59,543.8514838029007
2022-04-01 10:09:04,543.8517099321098
2022-04-01 10:09:09,538.05
2022-04-01 10:09:14,537.98
2022-04-01 10:09:19,537.97
2022-04-01 10:09:24,543.8526144489462
2022-04-01 10:09:29,543.8528405781552
2022-04-01 10:09:34,537.88
2022-04-01 10:09:39,537.82
2022-04-01 10:09:44,537.88
2022-04-01 10:09:49,537.81
2022-04-01 10:09:54,543.8539712242007
2022-04-01 10:09:59,543.8541973534099
2022-04-01 10:10:04,537.69
2022-04-01 10:10:09,537.69
2022-04-01 10:10:14,537.62
2022-04-01 10:10:19,537.62
2022-04-01 10:10:24,537.62
2022-04-01 10:10:29,537.62
2022-04-01 10:10:34,537.62
2022-04-01 10:10:39,537.62
2022-04-01 10:10:44,543.8562325162916
2022-04-01 10:10:49,537.58
2022-04-01 10:10:54,537.58
2022-04-01 10:10:59,537.58
2022-04-01 10:11:04,543.857137033128
2022-04-01 10:11:09,537.57
2022-04-01 10:11:14,537.57
2022-04-01 10:11:19,537.51
2022-04-01 10:11:24,543.8580415499644
2022-04-01 10:11:29,537.6
2022-04-01 10:11:34,537.56
2022-04-01 10:11:39,537.57
2022-04-01 10:11:44,537.57
2022-04-01 10:11:49,537.57
2022-04-01 10:11:54,543.8593983252189
2022-04-01 10:11:59,537.6
2022-04-01 10:12:04,537.6
2022-04-01 10:12:09,537.59
2022-04-01 10:12:14,537.65
2022-04-01 10:12:19,537.65
2022-04-01 10:12:24,537.72
2022-04-01 10:12:29,537.72
2022-04-01 10:12:34,537.78
2022-04-01 10:12:39,543.8614334881007
2022-04-01 10:12:44,537.85
2022-04-01 10:12:49,537.85
2022-04-01 10:12:54,537.94
2022-04-01 10:12:59,537.94
2022-04-01 10:13:04,543.8625641341462
2022-04-01 10:13:09,537.94
2022-04-01 10:13:14,538.0
2022-04-01 10:13:19,538.0
2022-04-01 10:13:24,538.0
2022-04-01 10:13:29,538.07
2022-04-01 10:13:34,543.8639209094008
2022-04-01 10:13:39,538.16
2022-04-01 10:13:44,538.16
2022-04-01 10:13:49,543.864599297028
2022-04-01 10:13:54,538.28
2022-04-01 10:13:59,538.22
2022-04-01 10:14:04,543.8652776846553
2022-04-01 10:14:09,538.28
2022-04-01 10:14:14,538.38
2022-04-01 10:14:19,543.8659560722826
2022-04-01 10:14:24,538.43
2022-04-01 10:14:29,538.5
2022-04-01 10:14:34,538.55
2022-04-01 10:14:39,538.55
2022-04-01 10:14:44,538.55
2022-04-01 10:14:49,538.59
2022-04-01 10:14:54,538.65
2022-04-01 10:14:59,538.72
2022-04-01 10:15:04,538.78
2022-04-01 10:15:09,538.77
2022-04-01 10:15:14,538.84
2022-04-01 10:15:19,538.86
2022-04-01 10:15:24,538.85
2022-04-01 10:15:29,538.84
2022-04-01 10:15:34,543.932204530749
2022-04-01 10:15:39,538.97
2022-04-01 10:15:44,543.9416000390318
2022-04-01 10:15:49,539.07
2022-04-01 10:15:54,539.04
2022-04-01 10:15:59,539.03
2022-04-01 10:16:04,543.9603910555973
2022-04-01 10:16:09,539.17
2022-04-01 10:16:14,539.17
2022-04-01 10:16:19,539.24
2022-04-01 10:16:24,539.24
2022-04-01 10:16:29,539.24
2022-04-01 10:16:34,543.9885775804456
2022-04-01 10:16:39,539.34
2022-04-01 10:16:44,543.9979730887284
2022-04-01 10:16:49,539.32
2022-04-01 10:16:54,539.35
2022-04-01 10:16:59,539.36
2022-04-01 10:17:04,539.41
2022-04-01 10:17:09,539.41
2022-04-01 10:17:14,544.0261596135766
2022-04-01 10:17:19,539.48
2022-04-01 10:17:24,539.47
2022-04-01 10:17:29,539.49
2022-04-01 10:17:34,539.55
2022-04-01 10:17:39,539.56
2022-04-01 10:17:44,544.0543461384249
2022-04-01 10:17:49,539.55
2022-04-01 10:17:54,544.0637416467076
2022-04-01 10:17:59,544.068439400849
2022-04-01 10:18:04,539.61
2022-04-01 10:18:09,539.68
2022-04-01 10:18:14,539.61
2022-04-01 10:18:19,539.62
2022-04-01 10:18:24,544.0919281715559
2022-04-01 10:18:29,539.67
2022-04-01 10:18:34,544.1013236798386
2022-04-01 10:18:39,539.66
2022-04-01 10:18:44,539.66
2022-04-01 10:18:49,539.6
2022-04-01 10:18:54,539.66
2022-04-01 10:18:59,544.1248124505455
2022-04-01 10:19:04,539.6
2022-04-01 10:19:09,544.1342079588283
2022-04-01 10:19:14,539.6
2022-04-01 10:19:19,539.66
2022-04-01 10:19:24,539.52
2022-04-01 10:19:29,539.5
2022-04-01 10:19:34,539.51
2022-04-01 10:19:39,539.51
2022-04-01 10:19:44,539.44
2022-04-01 10:19:49,539.5
2022-04-01 10:19:54,539.44
2022-04-01 10:19:59,539.43
2022-04-01 10:20:04,539.43
2022-04-01 10:20:09,539.42
2022-04-01 10:20:14,539.38
2022-04-01 10:20:19,539.32
2022-04-01 10:20:24,544.204674270949
2022-04-01 10:20:29,539.39
2022-04-01 10:20:34,539.39
2022-04-01 10:20:39,539.39
2022-04-01 10:20:44,539.39
2022-04-01 10:20:49,539.39
2022-04-01 10:20:54,539.38
2022-04-01 10:20:59,539.38
2022-04-01 10:21:04,539.31
2022-04-01 10:21:09,544.2469540582215
2022-04-01 10:21:14,539.4
2022-04-01 10:21:19,539.37
2022-04-01 10:21:24,539.37
2022-04-01 10:21:29,544.265745074787
2022-04-01 10:21:34,539.4
2022-04-01 10:21:39,544.2751405830697
2022-04-01 10:21:44,539.36
2022-04-01 10:21:49,539.39
2022-04-01 10:21:54,544.2892338454939
2022-04-01 10:21:59,539.36
2022-04-01 10:22:04,539.36
2022-04-01 10:22:09,544.303327107918
2022-04-01 10:22:14,544.3080248620594
2022-04-01 10:22:19,544.3127226162007
2022-04-01 10:22:24,539.29
2022-04-01 10:22:29,544.3221181244835
2022-04-01 10:22:34,544.3268158786249
2022-04-01 10:22:39,539.29
2022-04-01 10:22:44,539.29
2022-04-01 10:22:49,539.22
2022-04-01 10:22:54,539.22
2022-04-01 10:22:59,539.22
2022-04-01 10:23:04,539.12
2022-04-01 10:23:09,544.3597001576145
2022-04-01 10:23:14,539.12
2022-04-01 10:23:19,544.3690956658972
2022-04-01 10:23:24,544.3737934200387
2022-04-01 10:23:29,538.98
2022-04-01 10:23:34,538.98
2022-04-01 10:23:39,538.85
2022-04-01 10:23:44,538.82
2022-04-01 10:23:49,544.3972821907456
2022-04-01 10:23:54,544.401979944887
2022-04-01 10:23:59,544.4066776990284
2022-04-01 10:24:04,538.59
2022-04-01 10:24:09,538.52
2022-04-01 10:24:14,544.4207709614525
2022-04-01 10:24:19,538.32
2022-04-01 10:24:24,544.4301664697352
2022-04-01 10:24:29,538.23
2022-04-01 10:24:34,538.16
2022-04-01 10:24:39,538.06
2022-04-01 10:24:44,537.99
2022-04-01 10:24:49,537.86
2022-04-01 10:24:54,537.76
2022-04-01 10:24:59,544.4630507487249
2022-04-01 10:25:04,537.64
2022-04-01 10:25:09,544.4724462570076
2022-04-01 10:25:14,544.477144011149
2022-04-01 10:25:19,544.4818417652904
2022-04-01 10:25:24,544.4865395194317
2022-04-01 10:25:29,544.4912372735732
2022-04-01 10:25:34,544.4959350277145
2022-04-01 10:25:39,544.5006327818559
2022-04-01 10:25:44,536.94
2022-04-01 10:25:49,536.8
2022-04-01 10:25:54,536.73
2022-04-01 10:25:59,536.63
2022-04-01 10:26:04,536.57
2022-04-01 10:26:09,536.48
2022-04-01 10:26:14,544.5335170608456
2022-04-01 10:26:19,536.27
2022-04-01 10:26:24,544.5429125691284
2022-04-01 10:26:29,536.16
2022-04-01 10:26:34,544.5523080774111
2022-04-01 10:26:39,535.97
2022-04-01 10:26:44,544.5617035856939
2022-04-01 10:26:49,544.5664013398352
2022-04-01 10:26:54,535.74
2022-04-01 10:26:59,535.67
2022-04-01 10:27:04,544.5804946022594
2022-04-01 10:27:09,535.51
2022-04-01 10:27:14,544.5898901105421
2022-04-01 10:27:19,535.41
2022-04-01 10:27:24,535.35
2022-04-01 10:27:29,535.22
2022-04-01 10:27:34,535.21
2022-04-01 10:27:39,535.15
2022-04-01 10:27:44,544.6180766353904
2022-04-01 10:27:49,535.05
2022-04-01 10:27:54,534.98
2022-04-01 10:27:59,534.92
2022-04-01 10:28:04,534.88
2022-04-01 10:28:09,534.82
2022-04-01 10:28:14,534.75
2022-04-01 10:28:19,534.75
2022-04-01 10:28:24,534.68
2022-04-01 10:28:29,544.6603564226629
2022-04-01 10:28:34,534.59
2022-04-01 10:28:39,534.56
2022-04-01 10:28:44,534.59
2022-04-01 10:28:49,544.661008328877
2022-04-01 10:28:54,544.6611690857645
2022-04-01 10:28:59,534.49
2022-04-01 10:29:04,534.47
2022-04-01 10:29:09,534.47
2022-04-01 10:29:14,534.48
2022-04-01 10:29:19,534.48
2022-04-01 10:29:24,544.6621336270899
2022-04-01 10:29:29,534.48
2022-04-01 10:29:34,534.48
2022-04-01 10:29:39,544.6626158977526
2022-04-01 10:29:44,534.54
2022-04-01 10:29:49,544.6629374115278
2022-04-01 10:29:54,534.47
2022-04-01 10:29:59,534.52
2022-04-01 10:30:04,534.52
2022-04-01 10:30:09,534.51
2022-04-01 10:30:14,534.51
2022-04-01 10:30:19,534.55
2022-04-01 10:30:24,534.55
2022-04-01 10:30:29,544.6642234666283
2022-04-01 10:30:34,534.58
2022-04-01 10:30:39,534.57
2022-04-01 10:30:44,534.69
2022-04-01 10:30:49,534.69
2022-04-01 10:30:54,534.69
2022-04-01 10:30:59,544.6651880079537
2022-04-01 10:31:04,534.75
2022-04-01 10:31:09,534.78
2022-04-01 10:31:14,534.85
2022-04-01 10:31:19,544.665831035504
2022-04-01 10:31:24,534.91
2022-04-01 10:31:29,534.9
2022-04-01 10:31:34,544.6663133061666
2022-04-01 10:31:39,534.97
2022-04-01 10:31:44,535.0
2022-04-01 10:31:49,535.06
2022-04-01 10:31:54,544.6669563337168
2022-04-01 10:31:59,544.6671170906044
2022-04-01 10:32:04,544.667277847492
2022-04-01 10:32:09,535.12
2022-04-01 10:32:14,544.6675993612671
2022-04-01 10:32:19,544.6677601181547
2022-04-01 10:32:24,535.16
2022-04-01 10:32:29,544.6680816319298
2022-04-01 10:32:34,535.23
2022-04-01 10:32:39,544.6684031457049
2022-04-01 10:32:44,544.6685639025925
2022-04-01 10:32:49,535.26
2022-04-01 10:32:54,535.26
2022-04-01 10:32:59,544.6690461732552
2022-04-01 10:33:04,535.32
2022-04-01 10:33:09,544.6693676870303
2022-04-01 10:33:14,535.45
2022-04-01 10:33:19,535.47
2022-04-01 10:33:24,535.47
2022-04-01 10:33:29,535.53
2022-04-01 10:33:34,535.53
2022-04-01 10:33:39,535.67
2022-04-01 10:33:44,535.66
2022-04-01 10:33:49,535.72
2022-04-01 10:33:54,544.6708144990184
2022-04-01 10:33:59,535.81
2022-04-01 10:34:04,535.87
2022-04-01 10:34:09,535.94
2022-04-01 10:34:14,535.97
2022-04-01 10:34:19,536.03
2022-04-01 10:34:24,544.6717790403438
2022-04-01 10:34:29,536.15
2022-04-01 10:34:34,536.25
2022-04-01 10:34:39,536.25
2022-04-01 10:34:44,536.37
2022-04-01 10:34:49,536.44
2022-04-01 10:34:54,544.6727435816692
2022-04-01 10:34:59,536.59
2022-04-01 10:35:04,536.65
2022-04-01 10:35:09,544.6732258523319
2022-04-01 10:35:14,544.6733866092195
2022-04-01 10:35:19,536.87
2022-04-01 10:35:24,536.93
2022-04-01 10:35:29,537.03
2022-04-01 10:35:34,537.09
2022-04-01 10:35:39,537.16
2022-04-01 10:35:44,537.25
2022-04-01 10:35:49,537.32
2022-04-01 10:35:54,537.38
2022-04-01 10:35:59,537.45
2022-04-01 10:36:04,537.48
2022-04-01 10:36:09,544.6751549349827
2022-04-01 10:36:14,537.6
2022-04-01 10:36:19,537.66
2022-04-01 10:36:24,537.73
2022-04-01 10:36:29,537.76
2022-04-01 10:36:34,537.82
2022-04-01 10:36:39,537.88
2022-04-01 10:36:44,537.94
2022-04-01 10:36:49,537.98
2022-04-01 10:36:54,538.04
2022-04-01 10:36:59,538.11
2022-04-01 10:37:04,544.6769232607459
2022-04-01 10:37:09,544.6770840176334
2022-04-01 10:37:14,538.26
2022-04-01 10:37:19,538.38
2022-04-01 10:37:24,538.37
2022-04-01 10:37:29,544.6777270451837
2022-04-01 10:37:34,544.6778878020713
2022-04-01 10:37:39,544.6780485589588
2022-04-01 10:37:44,538.52
2022-04-01 10:37:49,538.58
2022-04-01 10:37:54,538.64
2022-04-01 10:37:59,538.7
2022-04-01 10:38:04,544.6788523433967
2022-04-01 10:38:09,538.73
2022-04-01 10:38:14,538.79
2022-04-01 10:38:19,538.86
2022-04-01 10:38:24,538.92
2022-04-01 10:38:29,538.95
2022-04-01 10:38:34,539.01
2022-04-01 10:38:39,544.6799776416096
2022-04-01 10:38:44,539.14
2022-04-01 10:38:49,539.14
2022-04-01 10:38:54,539.2
2022-04-01 10:38:59,539.24
2022-04-01 10:39:04,539.23
2022-04-01 10:39:09,539.3
2022-04-01 10:39:14,539.35
2022-04-01 10:39:19,539.41
2022-04-01 10:39:24,539.42
2022-04-01 10:39:29,539.42
2022-04-01 10:39:34,544.6817459673729
2022-04-01 10:39:39,539.54
2022-04-01 10:39:44,544.682067481148
2022-04-01 10:39:49,544.6822282380356
2022-04-01 10:39:54,544.6823889949231
2022-04-01 10:39:59,539.69
2022-04-01 10:40:04,544.6827105086983
2022-04-01 10:40:09,539.82
2022-04-01 10:40:14,544.6830320224734
2022-04-01 10:40:19,539.9
2022-04-01 10:40:24,539.97
2022-04-01 10:40:29,540.04
2022-04-01 10:40:34,544.6836750500237
2022-04-01 10:40:39,544.6838358069112
2022-04-01 10:40:44,540.21
2022-04-01 10:40:49,544.6841573206864
2022-04-01 10:40:54,540.33
2022-04-01 10:40:59,544.6844788344615
2022-04-01 10:41:04,540.39
2022-04-01 10:41:09,540.47
2022-04-01 10:41:14,540.47
2022-04-01 10:41:19,544.6851218620118
2022-04-01 10:41:24,540.58
2022-04-01 10:41:29,540.57
2022-04-01 10:41:34,540.65
2022-04-01 10:41:39,544.685764889562
2022-04-01 10:41:44,540.73
2022-04-01 10:41:49,544.6860864033372
2022-04-01 10:41:54,540.85
2022-04-01 10:41:59,544.6864079171122
2022-04-01 10:42:04,544.6865686739998
2022-04-01 10:42:09,541.01
2022-04-01 10:42:14,541.01
2022-04-01 10:42:19,541.14
2022-04-01 10:42:24,541.17
2022-04-01 10:42:29,544.6873724584376
2022-04-01 10:42:34,544.6875332153252
2022-04-01 10:42:39,541.29
2022-04-01 10:42:44,541.33
2022-04-01 10:42:49,541.37
2022-04-01 10:42:54,541.41
2022-04-01 10:42:59,541.47
2022-04-01 10:43:04,541.48
2022-04-01 10:43:09,541.61
2022-04-01 10:43:14,544.5770036288524
2022-04-01 10:43:19,541.7
2022-04-01 10:43:24,544.5491576332147
2022-04-01 10:43:29,544.5352346353958
2022-04-01 10:43:34,541.82
2022-04-01 10:43:39,541.85
2022-04-01 10:43:44,544.4934656419392
2022-04-01 10:43:49,541.91
2022-04-01 10:43:54,544.4656196463015
2022-04-01 10:43:59,541.98
2022-04-01 10:44:04,544.4377736506636
2022-04-01 10:44:09,544.423850652845
2022-04-01 10:44:14,542.04
2022-04-01 10:44:19,544.3960046572071
2022-04-01 10:44:24,542.1
2022-04-01 10:44:29,542.1
2022-04-01 10:44:34,544.3542356637505
2022-04-01 10:44:39,544.3403126659317
2022-04-01 10:44:44,542.09
2022-04-01 10:44:49,544.3124666702939
2022-04-01 10:44:54,542.08
2022-04-01 10:44:59,544.2846206746563
2022-04-01 10:45:04,544.2706976768374
2022-04-01 10:45:09,544.2567746790186
2022-04-01 10:45:14,544.2428516811997
2022-04-01 10:45:19,542.07
2022-04-01 10:45:24,544.215005685562
2022-04-01 10:45:29,542.07
2022-04-01 10:45:34,544.1871596899242
2022-04-01 10:45:39,541.99
2022-04-01 10:45:44,542.0
2022-04-01 10:45:49,541.92
2022-04-01 10:45:54,544.1314676986487
2022-04-01 10:45:59,541.92
2022-04-01 10:46:04,541.86
2022-04-01 10:46:09,541.8
2022-04-01 10:46:14,541.8
2022-04-01 10:46:19,544.0618527095544
2022-04-01 10:46:24,544.0479297117356
2022-04-01 10:46:29,541.69
2022-04-01 10:46:34,541.62
2022-04-01 10:46:39,541.62
2022-04-01 10:46:44,541.62
2022-04-01 10:46:49,541.56
2022-04-01 10:46:54,543.9643917248223
2022-04-01 10:46:59,541.46
2022-04-01 10:47:04,541.46
2022-04-01 10:47:09,541.46
2022-04-01 10:47:14,541.39
2022-04-01 10:47:19,541.33
2022-04-01 10:47:24,541.33
2022-04-01 10:47:29,543.8669307400903
2022-04-01 10:47:34,543.8530077422714
2022-04-01 10:47:39,541.16
2022-04-01 10:47:44,543.8251617466337
2022-04-01 10:47:49,541.09
2022-04-01 10:47:54,541.03
2022-04-01 10:47:59,540.99
2022-04-01 10:48:04,540.99
2022-04-01 10:48:09,540.93
2022-04-01 10:48:14,543.7416237597206
2022-04-01 10:48:19,540.86
2022-04-01 10:48:24,540.8
2022-04-01 10:48:29,540.8
2022-04-01 10:48:34,540.8
2022-04-01 10:48:39,540.7
2022-04-01 10:48:44,540.7
2022-04-01 10:48:49,540.64
2022-04-01 10:48:54,540.64
2022-04-01 10:48:59,540.57
2022-04-01 10:49:04,540.56
2022-04-01 10:49:09,540.5
2022-04-01 10:49:14,540.47
2022-04-01 10:49:19,540.46
2022-04-01 10:49:24,543.5467017902564
2022-04-01 10:49:29,540.39
2022-04-01 10:49:34,540.33
2022-04-01 10:49:39,540.27
2022-04-01 10:49:44,540.2
2022-04-01 10:49:49,543.4770868011622
2022-04-01 10:49:54,540.2
2022-04-01 10:49:59,543.4492408055245
2022-04-01 10:50:04,540.1
2022-04-01 10:50:09,543.4213948098867
2022-04-01 10:50:14,543.4074718120679
2022-04-01 10:50:19,539.92
2022-04-01 10:50:24,543.3796258164301
2022-04-01 10:50:29,539.91
2022-04-01 10:50:34,539.85
2022-04-01 10:50:39,539.85
2022-04-01 10:50:44,539.84
2022-04-01 10:50:49,543.3100108273358
2022-04-01 10:50:54,539.72
2022-04-01 10:50:59,543.2821648316981
2022-04-01 10:51:04,539.64
2022-04-01 10:51:09,543.2543188360603
2022-04-01 10:51:14,539.55
2022-04-01 10:51:19,539.54
2022-04-01 10:51:24,543.2125498426037
2022-04-01 10:51:29,539.47
2022-04-01 10:51:34,539.4
2022-04-01 10:51:39,543.1707808491471
2022-04-01 10:51:44,539.36
2022-04-01 10:51:49,539.29
2022-04-01 10:51:54,539.23
2022-04-01 10:51:59,543.1150888578717
2022-04-01 10:52:04,543.1011658600529
2022-04-01 10:52:09,539.2
2022-04-01 10:52:14,539.06
2022-04-01 10:52:19,539.12
2022-04-01 10:52:24,539.04
2022-04-01 10:52:29,539.03
2022-04-01 10:52:34,539.02
2022-04-01 10:52:39,538.99
2022-04-01 10:52:44,538.94
2022-04-01 10:52:49,542.9758588796831
2022-04-01 10:52:54,538.94
2022-04-01 10:52:59,542.9480128840453
2022-04-01 10:53:04,538.82
2022-04-01 10:53:09,542.9201668884076
2022-04-01 10:53:14,538.71
2022-04-01 10:53:19,542.8923208927699
2022-04-01 10:53:24,538.66
2022-04-01 10:53:29,542.8644748971321
2022-04-01 10:53:34,538.58
2022-04-01 10:53:39,542.8366289014945
2022-04-01 10:53:44,542.8227059036756
2022-04-01 10:53:49,538.46
2022-04-01 10:53:54,538.34
2022-04-01 10:53:59,542.780936910219
2022-04-01 10:54:04,538.28
2022-04-01 10:54:09,538.25
2022-04-01 10:54:14,538.18
2022-04-01 10:54:19,538.11
2022-04-01 10:54:24,538.12
2022-04-01 10:54:29,542.6973989233057
2022-04-01 10:54:34,542.683475925487
2022-04-01 10:54:39,537.94
2022-04-01 10:54:44,537.94
2022-04-01 10:54:49,537.87
2022-04-01 10:54:54,537.81
2022-04-01 10:54:59,542.6138609363926
2022-04-01 10:55:04,537.73
2022-04-01 10:55:09,537.7
2022-04-01 10:55:14,537.56
2022-04-01 10:55:19,537.5
2022-04-01 10:55:24,537.44
2022-04-01 10:55:29,537.44
2022-04-01 10:55:34,537.4
2022-04-01 10:55:39,537.33
2022-04-01 10:55:44,542.4885539560228
2022-04-01 10:55:49,537.19
2022-04-01 10:55:54,537.19
2022-04-01 10:55:59,537.15
2022-04-01 10:56:04,542.4328619647473
2022-04-01 10:56:09,542.4189389669285
2022-04-01 10:56:14,537.02
2022-04-01 10:56:19,536.96
2022-04-01 10:56:24,536.9
2022-04-01 10:56:29,536.86
2022-04-01 10:56:34,536.86
2022-04-01 10:56:39,536.79
2022-04-01 10:56:44,536.73
2022-04-01 10:56:49,542.3396690352284
2022-04-01 10:56:54,536.62
2022-04-01 10:56:59,536.61
2022-04-01 10:57:04,542.3491288034306
2022-04-01 10:57:09,536.48
2022-04-01 10:57:14,542.3554353155654
2022-04-01 10:57:19,542.3585885716328
2022-04-01 10:57:24,542.3617418277001
2022-04-01 10:57:29,542.3648950837676
2022-04-01 10:57:34,542.368048339835
2022-04-01 10:57:39,536.25
2022-04-01 10:57:44,536.17
2022-04-01 10:57:49,536.16
2022-04-01 10:57:54,536.11
2022-04-01 10:57:59,536.08
2022-04-01 10:58:04,542.3869678762394
2022-04-01 10:58:09,542.3901211323067
2022-04-01 10:58:14,542.3932743883742
2022-04-01 10:58:19,535.95
2022-04-01 10:58:24,542.3995809005089
2022-04-01 10:58:29,535.88
2022-04-01 10:58:34,535.88
2022-04-01 10:58:39,542.4090406687111
2022-04-01 10:58:44,542.4121939247785
2022-04-01 10:58:49,535.77
2022-04-01 10:58:54,542.4185004369133
2022-04-01 10:58:59,535.71
2022-04-01 10:59:04,542.424806949048
2022-04-01 10:59:09,535.64
2022-04-01 10:59:14,535.58
2022-04-01 10:59:19,535.55
2022-04-01 10:59:24,542.4374199733177
2022-04-01 10:59:29,535.48
2022-04-01 10:59:34,542.4437264854524
2022-04-01 10:59:39,535.41
2022-04-01 10:59:44,535.34
2022-04-01 10:59:49,535.34
2022-04-01 10:59:54,535.28
2022-04-01 10:59:59,542.4594927657894
2022-04-01 11:00:04,535.24
2022-04-01 11:00:09,535.24
2022-04-01 11:00:14,535.18
2022-04-01 11:00:19,542.472105790059
2022-04-01 11:00:24,542.4752590461264
2022-04-01 11:00:29,535.1
2022-04-01 11:00:34,535.17
2022-04-01 11:00:39,535.11
2022-04-01 11:00:44,535.11
2022-04-01 11:00:49,542.4910253264634
2022-04-01 11:00:54,535.01
2022-04-01 11:00:59,535.04
2022-04-01 11:01:04,542.5004850946656
2022-04-01 11:01:09,535.01
2022-04-01 11:01:14,535.01
2022-04-01 11:01:19,535.01
2022-04-01 11:01:24,542.5130981189352
2022-04-01 11:01:29,534.95
2022-04-01 11:01:34,534.94
2022-04-01 11:01:39,534.94
2022-04-01 11:01:44,534.94
2022-04-01 11:01:49,534.94
2022-04-01 11:01:54,542.5320176553396
2022-04-01 11:01:59,534.94
2022-04-01 11:02:04,534.93
2022-04-01 11:02:09,534.93
2022-04-01 11:02:14,534.94
2022-04-01 11:02:19,542.5477839356765
2022-04-01 11:02:24,534.87
2022-04-01 11:02:29,534.87
2022-04-01 11:02:34,542.5572437038787
2022-04-01 11:02:39,542.5603969599462
2022-04-01 11:02:44,534.87
2022-04-01 11:02:49,534.87
2022-04-01 11:02:54,542.5698567281484
2022-04-01 11:02:59,542.5730099842157
2022-04-01 11:03:04,534.87
2022-04-01 11:03:09,534.8
2022-04-01 11:03:14,542.5824697524179
2022-04-01 11:03:19,534.87
2022-04-01 11:03:24,542.5887762645527
2022-04-01 11:03:29,542.59192952062
2022-04-01 11:03:34,534.87
2022-04-01 11:03:39,534.87
2022-04-01 11:03:44,534.93
2022-04-01 11:03:49,534.92
2022-04-01 11:03:54,534.92
2022-04-01 11:03:59,542.6108490570244
2022-04-01 11:04:04,542.6140023130919
2022-04-01 11:04:09,542.6171555691592
2022-04-01 11:04:14,542.6203088252266
2022-04-01 11:04:19,542.6234620812941
2022-04-01 11:04:24,535.07
2022-04-01 11:04:29,535.14
2022-04-01 11:04:34,535.14
2022-04-01 11:04:39,535.2
2022-04-01 11:04:44,542.639228361631
2022-04-01 11:04:49,542.6423816176984
2022-04-01 11:04:54,535.29
2022-04-01 11:04:59,535.35
2022-04-01 11:05:04,535.42
2022-04-01 11:05:09,542.654994641968
2022-04-01 11:05:14,542.6581478980354
2022-04-01 11:05:19,535.57
2022-04-01 11:05:24,535.63
2022-04-01 11:05:29,535.63
2022-04-01 11:05:34,542.6707609223049
2022-04-01 11:05:39,535.85
2022-04-01 11:05:44,535.91
2022-04-01 11:05:49,535.96
2022-04-01 11:05:54,536.05
2022-04-01 11:05:59,536.12
2022-04-01 11:06:04,536.18
2022-04-01 11:06:09,542.6928337147767
2022-04-01 11:06:14,536.41
2022-04-01 11:06:19,536.47
2022-04-01 11:06:24,542.7022934829789
2022-04-01 11:06:29,542.7054467390464
2022-04-01 11:06:34,536.72
2022-04-01 11:06:39,536.78
2022-04-01 11:06:44,542.7149065072485
2022-04-01 11:06:49,537.0
2022-04-01 11:06:54,537.06
2022-04-01 11:06:59,537.22
2022-04-01 11:07:04,537.28
2022-04-01 11:07:09,537.47
2022-04-01 11:07:14,542.7338260436529
2022-04-01 11:07:19,537.64
2022-04-01 11:07:24,537.8
2022-04-01 11:07:29,537.86
2022-04-01 11:07:34,538.02
2022-04-01 11:07:39,538.14
2022-04-01 11:07:44,542.7527455800573
2022-04-01 11:07:49,542.7558988361246
2022-04-01 11:07:54,538.48
2022-04-01 11:07:59,538.71
2022-04-01 11:08:04,538.73
2022-04-01 11:08:09,538.92
2022-04-01 11:08:14,542.7716651164617
2022-04-01 11:08:19,539.25
2022-04-01 11:08:24,539.38
2022-04-01 11:08:29,542.7811248846639
2022-04-01 11:08:34,542.7842781407312
2022-04-01 11:08:39,542.7874313967986
2022-04-01 11:08:44,540.02
2022-04-01 11:08:49,542.7937379089334
2022-04-01 11:08:54,542.7968911650008
2022-04-01 11:08:59,540.47
2022-04-01 11:09:04,540.55
2022-04-01 11:09:09,542.806350933203
2022-04-01 11:09:14,540.9
2022-04-01 11:09:19,541.06
2022-04-01 11:09:24,541.12
2022-04-01 11:09:29,542.8189639574725
2022-04-01 11:09:34,541.47
2022-04-01 11:09:39,541.57
2022-04-01 11:09:44,541.76
2022-04-01 11:09:49,541.92
2022-04-01 11:09:54,542.8347302378096
2022-04-01 11:09:59,542.21
2022-04-01 11:10:04,542.8410367499444
2022-04-01 11:10:09,542.5
2022-04-01 11:10:14,542.8473432620791
2022-04-01 11:10:19,542.78
2022-04-01 11:10:24,542.94
2022-04-01 11:10:29,543.1
2022-04-01 11:10:34,542.8599562863487
2022-04-01 11:10:39,543.39
2022-04-01 11:10:44,543.52
2022-04-01 11:10:49,543.68
2022-04-01 11:10:54,542.8121387047453
2022-04-01 11:10:59,543.9
2022-04-01 11:11:04,544.03
2022-04-01 11:11:09,542.7220924377133
2022-04-01 11:11:14,542.6920770153693
2022-04-01 11:11:19,544.4
2022-04-01 11:11:24,544.6
2022-04-01 11:11:29,544.63
2022-04-01 11:11:34,544.76
2022-04-01 11:11:39,544.91
2022-04-01 11:11:44,544.98
2022-04-01 11:11:49,542.4819690589612
2022-04-01 11:11:54,542.4519536366175
2022-04-01 11:11:59,545.27
2022-04-01 11:12:04,545.43
2022-04-01 11:12:09,545.49
2022-04-01 11:12:14,542.3318919472415
2022-04-01 11:12:19,545.65
2022-04-01 11:12:24,545.71
2022-04-01 11:12:29,542.2418456802095
2022-04-01 11:12:34,545.87
2022-04-01 11:12:39,542.1818148355217
2022-04-01 11:12:44,546.0
2022-04-01 11:12:49,542.1217839908335
2022-04-01 11:12:54,542.0917685684894
2022-04-01 11:12:59,545.99
2022-04-01 11:13:04,546.06
2022-04-01 11:13:09,546.06
2022-04-01 11:13:14,541.9717068791136
2022-04-01 11:13:19,545.99
2022-04-01 11:13:24,545.99
2022-04-01 11:13:29,545.93
2022-04-01 11:13:34,541.8516451897376
2022-04-01 11:13:39,545.83
2022-04-01 11:13:44,545.76
2022-04-01 11:13:49,541.7615989227057
2022-04-01 11:13:54,541.7315835003616
2022-04-01 11:13:59,545.47
2022-04-01 11:14:04,545.34
2022-04-01 11:14:09,545.25
2022-04-01 11:14:14,541.6115218109859
2022-04-01 11:14:19,545.02
2022-04-01 11:14:24,544.83
2022-04-01 11:14:29,544.73
2022-04-01 11:14:34,544.57
2022-04-01 11:14:39,541.4614446992658
2022-04-01 11:14:44,544.28
2022-04-01 11:14:49,544.05
2022-04-01 11:14:54,541.3713984322338
2022-04-01 11:14:59,543.57
2022-04-01 11:15:04,543.41
2022-04-01 11:15:09,543.18
2022-04-01 11:15:14,541.2513367428581
2022-04-01 11:15:19,542.77
2022-04-01 11:15:24,542.54
2022-04-01 11:15:29,542.25
2022-04-01 11:15:34,542.02
2022-04-01 11:15:39,541.101259631138
2022-04-01 11:15:44,541.57
2022-04-01 11:15:49,541.28
2022-04-01 11:15:54,541.0112133641061
2022-04-01 11:15:59,540.83
2022-04-01 11:16:04,540.67
2022-04-01 11:16:09,540.9211670970741
2022-04-01 11:16:14,540.19
2022-04-01 11:16:19,539.96
2022-04-01 11:16:24,539.74
2022-04-01 11:16:29,539.51
2022-04-01 11:16:34,539.35
2022-04-01 11:16:39,540.7410745630102
2022-04-01 11:16:44,540.7110591406664
2022-04-01 11:16:49,538.77
2022-04-01 11:16:54,538.63
2022-04-01 11:16:59,540.6210128736345
2022-04-01 11:17:04,538.31
2022-04-01 11:17:09,538.12
2022-04-01 11:17:14,540.5309666066025
2022-04-01 11:17:19,537.85
2022-04-01 11:17:24,537.72
2022-04-01 11:17:29,537.65
2022-04-01 11:17:34,537.56
2022-04-01 11:17:39,537.43
2022-04-01 11:17:44,537.36
2022-04-01 11:17:49,537.32
2022-04-01 11:17:54,540.2908432278505
2022-04-01 11:17:59,540.2608278055064
2022-04-01 11:18:04,540.2308123831626
2022-04-01 11:18:09,537.07
2022-04-01 11:18:14,537.13
2022-04-01 11:18:19,537.07
2022-04-01 11:18:24,537.07
2022-04-01 11:18:29,537.06
2022-04-01 11:18:34,540.0507198490988
2022-04-01 11:18:39,537.06
2022-04-01 11:18:44,537.06
2022-04-01 11:18:49,537.1
2022-04-01 11:18:54,539.9306581597227
2022-04-01 11:18:59,537.17
2022-04-01 11:19:04,539.8706273150349
2022-04-01 11:19:09,537.23
2022-04-01 11:19:14,537.23
2022-04-01 11:19:19,539.7805810480029
2022-04-01 11:19:24,537.39
2022-04-01 11:19:29,537.37
2022-04-01 11:19:34,537.5
2022-04-01 11:19:39,537.5
2022-04-01 11:19:44,537.54
2022-04-01 11:19:49,537.67
2022-04-01 11:19:54,537.74
2022-04-01 11:19:59,537.74
2022-04-01 11:20:04,537.82
2022-04-01 11:20:09,537.89
2022-04-01 11:20:14,537.93
2022-04-01 11:20:19,538.0
2022-04-01 11:20:24,539.390380557531
2022-04-01 11:20:29,538.09
2022-04-01 11:20:34,538.23
2022-04-01 11:20:39,538.23
2022-04-01 11:20:44,538.33
2022-04-01 11:20:49,538.39
2022-04-01 11:20:54,538.51
2022-04-01 11:20:59,538.54
2022-04-01 11:21:04,538.6
2022-04-01 11:21:09,538.67
2022-04-01 11:21:14,538.73
2022-04-01 11:21:19,538.78
2022-04-01 11:21:24,539.0301954894032
2022-04-01 11:21:29,538.87
2022-04-01 11:21:34,538.94
2022-04-01 11:21:39,539.0
2022-04-01 11:21:44,539.02
2022-04-01 11:21:49,539.09
2022-04-01 11:21:54,539.22
2022-04-01 11:21:59,538.8200875329952
2022-04-01 11:22:04,539.29
2022-04-01 11:22:09,539.28
2022-04-01 11:22:14,539.31
2022-04-01 11:22:19,539.38
2022-04-01 11:22:24,539.44
2022-04-01 11:22:29,539.5
2022-04-01 11:22:34,539.54
2022-04-01 11:22:39,539.54
2022-04-01 11:22:44,539.6
2022-04-01 11:22:49,538.5199333095553
2022-04-01 11:22:54,539.6
2022-04-01 11:22:59,539.66
2022-04-01 11:23:04,539.73
2022-04-01 11:23:09,539.72
2022-04-01 11:23:14,538.3698561978355
2022-04-01 11:23:19,539.78
2022-04-01 11:23:24,539.78
2022-04-01 11:23:29,538.2798099308036
2022-04-01 11:23:34,538.2497945084594
2022-04-01 11:23:39,538.2197790861158
2022-04-01 11:23:44,539.81
2022-04-01 11:23:49,539.81
2022-04-01 11:23:54,539.81
2022-04-01 11:23:59,539.8
2022-04-01 11:24:04,539.8
2022-04-01 11:24:09,538.0396865520518
2022-04-01 11:24:14,539.76
2022-04-01 11:24:19,537.9796557073637
2022-04-01 11:24:24,539.79
2022-04-01 11:24:29,539.76
2022-04-01 11:24:34,539.76
2022-04-01 11:24:39,537.8595940179879
2022-04-01 11:24:44,539.8
2022-04-01 11:24:49,539.76
2022-04-01 11:24:54,539.7
2022-04-01 11:24:59,539.7
2022-04-01 11:25:04,539.7
2022-04-01 11:25:09,539.7
2022-04-01 11:25:14,537.762861504466
2022-04-01 11:25:19,539.63
2022-04-01 11:25:24,537.750435303422
2022-04-01 11:25:29,539.56
2022-04-01 11:25:34,539.56
2022-04-01 11:25:39,539.5
2022-04-01 11:25:44,539.5
2022-04-01 11:25:49,539.47
2022-04-01 11:25:54,537.71315670029
2022-04-01 11:25:59,539.5
2022-04-01 11:26:04,539.4
2022-04-01 11:26:09,539.4
2022-04-01 11:26:14,537.688304298202
2022-04-01 11:26:19,539.4
2022-04-01 11:26:24,539.33
2022-04-01 11:26:29,537.669664996636
2022-04-01 11:26:34,537.663451896114
2022-04-01 11:26:39,539.33
2022-04-01 11:26:44,539.33
2022-04-01 11:26:49,539.39
2022-04-01 11:26:54,537.6385994940259
2022-04-01 11:26:59,539.33
2022-04-01 11:27:04,539.32
2022-04-01 11:27:09,537.61996019246
2022-04-01 11:27:14,539.33
2022-04-01 11:27:19,539.39
2022-04-01 11:27:24,539.39
2022-04-01 11:27:29,539.39
2022-04-01 11:27:34,539.46
2022-04-01 11:27:39,539.46
2022-04-01 11:27:44,539.49
2022-04-01 11:27:49,537.570255388284
2022-04-01 11:27:54,539.49
2022-04-01 11:27:59,539.62
2022-04-01 11:28:04,539.62
2022-04-01 11:28:09,539.68
2022-04-01 11:28:14,539.75
2022-04-01 11:28:19,539.78
2022-04-01 11:28:24,539.84
2022-04-01 11:28:29,539.84
2022-04-01 11:28:34,537.5143374835859
2022-04-01 11:28:39,539.98
2022-04-01 11:28:44,539.98
2022-04-01 11:28:49,537.49569818202
2022-04-01 11:28:54,540.07
2022-04-01 11:28:59,537.4832719809759
2022-04-01 11:29:04,540.2
2022-04-01 11:29:09,537.4708457799319
2022-04-01 11:29:14,537.46463267941
2022-04-01 11:29:19,537.458419578888
2022-04-01 11:29:24,540.3
2022-04-01 11:29:29,540.36
2022-04-01 11:29:34,537.4397802773219
2022-04-01 11:29:39,537.4335671767999
2022-04-01 11:29:44,537.427354076278
2022-04-01 11:29:49,540.52
2022-04-01 11:29:54,540.59
2022-04-01 11:29:59,540.65
2022-04-01 11:30:04,537.4025016741899
2022-04-01 11:30:09,540.71
2022-04-01 11:30:14,540.78
2022-04-01 11:30:19,537.383862372624
2022-04-01 11:30:24,537.377649272102
2022-04-01 11:30:29,540.87
2022-04-01 11:30:34,537.3652230710579
2022-04-01 11:30:39,537.3590099705359
2022-04-01 11:30:44,541.02
2022-04-01 11:30:49,541.09
2022-04-01 11:30:54,541.21
2022-04-01 11:30:59,537.3341575684478
2022-04-01 11:31:04,541.31
2022-04-01 11:31:09,541.37
2022-04-01 11:31:14,541.44
2022-04-01 11:31:19,541.53
2022-04-01 11:31:24,541.59
2022-04-01 11:31:29,541.66
2022-04-01 11:31:34,541.72
2022-04-01 11:31:39,537.2844527642719
2022-04-01 11:31:44,541.88
2022-04-01 11:31:49,541.93
2022-04-01 11:31:54,537.2658134627059
2022-04-01 11:31:59,542.1
2022-04-01 11:32:04,542.1
2022-04-01 11:32:09,542.22
2022-04-01 11:32:14,542.31
2022-04-01 11:32:19,542.38
2022-04-01 11:32:24,542.45
2022-04-01 11:32:29,537.2223217590519
2022-04-01 11:32:34,542.6
2022-04-01 11:32:39,542.67
2022-04-01 11:32:44,542.8
2022-04-01 11:32:49,542.83
2022-04-01 11:32:54,542.9
2022-04-01 11:32:59,537.1850431559199
2022-04-01 11:33:04,543.04
2022-04-01 11:33:09,543.04
2022-04-01 11:33:14,543.17
2022-04-01 11:33:19,543.24
2022-04-01 11:33:24,543.3
2022-04-01 11:33:29,543.3
2022-04-01 11:33:34,537.141551452266
2022-04-01 11:33:39,537.1353383517439
2022-04-01 11:33:44,537.1291252512218
2022-04-01 11:33:49,543.52
2022-04-01 11:33:54,537.1166990501779
2022-04-01 11:33:59,543.55
2022-04-01 11:34:04,537.1042728491338
2022-04-01 11:34:09,537.0980597486118
2022-04-01 11:34:14,543.66
2022-04-01 11:34:19,543.66
2022-04-01 11:34:24,543.66
2022-04-01 11:34:29,543.66
2022-04-01 11:34:34,543.66
2022-04-01 11:34:39,537.0607811454798
2022-04-01 11:34:44,543.66
2022-04-01 11:34:49,537.0483549444358
2022-04-01 11:34:54,543.6
2022-04-01 11:34:59,543.64
2022-04-01 11:35:04,537.0297156428699
2022-04-01 11:35:09,543.58
2022-04-01 11:35:14,537.0172894418258
2022-04-01 11:35:19,543.51
2022-04-01 11:35:24,537.0048632407819
2022-04-01 11:35:29,543.41
2022-04-01 11:35:34,543.35
2022-04-01 11:35:39,543.28
2022-04-01 11:35:44,543.24
2022-04-01 11:35:49,543.18
2022-04-01 11:35:54,543.06
2022-04-01 11:35:59,536.9613715371279
2022-04-01 11:36:04,536.9551584366059
2022-04-01 11:36:09,542.82
2022-04-01 11:36:14,542.76
2022-04-01 11:36:19,536.9365191350398
2022-04-01 11:36:24,542.53
2022-04-01 11:36:29,542.46
2022-04-01 11:36:34,542.3
2022-04-01 11:36:39,542.24
2022-04-01 11:36:44,536.9054536324298
2022-04-01 11:36:49,536.8992405319078
2022-04-01 11:36:54,536.8930274313859
2022-04-01 11:36:59,541.72
2022-04-01 11:37:04,541.62
2022-04-01 11:37:09,536.8743881298199
2022-04-01 11:37:14,541.27
2022-04-01 11:37:19,536.8619619287758
2022-04-01 11:37:24,541.04
2022-04-01 11:37:29,536.8495357277318
2022-04-01 11:37:34,540.75
2022-04-01 11:37:39,540.59
2022-04-01 11:37:44,536.8308964261659
2022-04-01 11:37:49,540.23
2022-04-01 11:37:54,540.13
2022-04-01 11:37:59,539.94
2022-04-01 11:38:04,539.72
2022-04-01 11:38:09,536.7998309235559
2022-04-01 11:38:14,539.36
2022-04-01 11:38:19,539.2
2022-04-01 11:38:24,536.7811916219898
2022-04-01 11:38:29,538.75
2022-04-01 11:38:34,536.7687654209458
2022-04-01 11:38:39,538.33
2022-04-01 11:38:44,538.1
2022-04-01 11:38:49,537.88
2022-04-01 11:38:54,537.65
2022-04-01 11:38:59,536.742281985783
2022-04-01 11:39:04,537.13
2022-04-01 11:39:09,536.97
2022-04-01 11:39:14,536.74
2022-04-01 11:39:19,536.55
2022-04-01 11:39:24,536.7437364340831
2022-04-01 11:39:29,536.744027323743
2022-04-01 11:39:34,535.81
2022-04-01 11:39:39,536.744609103063
2022-04-01 11:39:44,536.744899992723
2022-04-01 11:39:49,535.2
2022-04-01 11:39:54,535.0
2022-04-01 11:39:59,534.84
2022-04-01 11:40:04,536.746063551363
2022-04-01 11:40:09,534.39
2022-04-01 11:40:14,536.746645330683
2022-04-01 11:40:19,533.97
2022-04-01 11:40:24,533.81
2022-04-01 11:40:29,533.58
2022-04-01 11:40:34,533.43
2022-04-01 11:40:39,533.3
2022-04-01 11:40:44,536.748390668643
2022-04-01 11:40:49,532.94
2022-04-01 11:40:54,532.78
2022-04-01 11:40:59,532.66
2022-04-01 11:41:04,532.56
2022-04-01 11:41:09,532.34
2022-04-01 11:41:14,536.750136006603
2022-04-01 11:41:19,532.14
2022-04-01 11:41:24,531.98
2022-04-01 11:41:29,531.92
2022-04-01 11:41:34,531.76
2022-04-01 11:41:39,531.63
2022-04-01 11:41:44,536.751881344563
2022-04-01 11:41:49,531.47
2022-04-01 11:41:54,531.37
2022-04-01 11:41:59,536.752754013543
2022-04-01 11:42:04,536.753044903203
2022-04-01 11:42:09,531.12
2022-04-01 11:42:14,531.09
2022-04-01 11:42:19,531.02
2022-04-01 11:42:24,536.7542084618431
2022-04-01 11:42:29,536.754499351503
2022-04-01 11:42:34,530.73
2022-04-01 11:42:39,536.755081130823
2022-04-01 11:42:44,530.67
2022-04-01 11:42:49,530.6
2022-04-01 11:42:54,530.57
2022-04-01 11:42:59,536.756244689463
2022-04-01 11:43:04,536.756535579123
2022-04-01 11:43:09,536.7568264687831
2022-04-01 11:43:14,530.38
2022-04-01 11:43:19,530.28
2022-04-01 11:43:24,530.34
2022-04-01 11:43:29,536.757990027423
2022-04-01 11:43:34,536.758280917083
2022-04-01 11:43:39,530.21
2022-04-01 11:43:44,536.758862696403
2022-04-01 11:43:49,530.14
2022-04-01 11:43:54,536.7594444757231
2022-04-01 11:43:59,530.14
2022-04-01 11:44:04,536.760026255043
2022-04-01 11:44:09,536.760317144703
2022-04-01 11:44:14,536.760608034363
2022-04-01 11:44:19,530.08
2022-04-01 11:44:24,536.761189813683
2022-04-01 11:44:29,536.7614807033431
2022-04-01 11:44:34,530.13
2022-04-01 11:44:39,530.14
2022-04-01 11:44:44,530.14
2022-04-01 11:44:49,530.14
2022-04-01 11:44:54,536.762935151643
2022-04-01 11:44:59,530.26
2022-04-01 11:45:04,530.26
2022-04-01 11:45:09,536.763807820623
2022-04-01 11:45:14,536.7640987102831
2022-04-01 11:45:19,530.33
2022-04-01 11:45:24,530.35
2022-04-01 11:45:29,536.764971379263
2022-04-01 11:45:34,530.42
2022-04-01 11:45:39,530.47
2022-04-01 11:45:44,530.47
2022-04-01 11:45:49,536.766134937903
2022-04-01 11:45:54,530.57
2022-04-01 11:45:59,536.7667167172231
2022-04-01 11:46:04,536.767007606883
2022-04-01 11:46:09,530.7
2022-04-01 11:46:14,530.76
2022-04-01 11:46:19,530.82
2022-04-01 11:46:24,536.768171165523
2022-04-01 11:46:29,530.98
2022-04-01 11:46:34,530.98
2022-04-01 11:46:39,536.769043834503
2022-04-01 11:46:44,531.08
2022-04-01 11:46:49,536.769625613823
2022-04-01 11:46:54,536.769916503483
2022-04-01 11:46:59,536.770207393143
2022-04-01 11:47:04,536.770498282803
2022-04-01 11:47:09,531.42
2022-04-01 11:47:14,536.771080062123
2022-04-01 11:47:19,536.771370951783
2022-04-01 11:47:24,531.63
2022-04-01 11:47:29,536.771952731103
2022-04-01 11:47:34,531.75
2022-04-01 11:47:39,536.772534510423
2022-04-01 11:47:44,531.8
2022-04-01 11:47:49,531.9
2022-04-01 11:47:54,536.773407179403
2022-04-01 11:47:59,532.03
2022-04-01 11:48:04,536.773988958723
2022-04-01 11:48:09,536.774279848383
2022-04-01 11:48:14,532.26
2022-04-01 11:48:19,536.774861627703
2022-04-01 11:48:24,536.775152517363
2022-04-01 11:48:29,536.775443407023
2022-04-01 11:48:34,532.47
2022-04-01 11:48:39,536.776025186343
2022-04-01 11:48:44,532.63
2022-04-01 11:48:49,536.776606965663
2022-04-01 11:48:54,532.75
2022-04-01 11:48:59,536.777188744983
2022-04-01 11:49:04,536.777479634643
2022-04-01 11:49:09,532.98
2022-04-01 11:49:14,533.08
2022-04-01 11:49:19,533.07
2022-04-01 11:49:24,533.2
2022-04-01 11:49:29,536.778934082943
2022-04-01 11:49:34,533.33
2022-04-01 11:49:39,533.43
2022-04-01 11:49:44,533.56
2022-04-01 11:49:49,536.780097641583
2022-04-01 11:49:54,533.59
2022-04-01 11:49:59,533.72
2022-04-01 11:50:04,536.780970310563
2022-04-01 11:50:09,536.781261200223
2022-04-01 11:50:14,536.781552089883
2022-04-01 11:50:19,534.01
2022-04-01 11:50:24,536.782133869203
2022-04-01 11:50:29,536.782424758863
2022-04-01 11:50:34,536.782715648523
2022-04-01 11:50:39,534.3
2022-04-01 11:50:44,534.36
2022-04-01 11:50:49,536.783588317503
2022-04-01 11:50:54,534.45
2022-04-01 11:50:59,534.58
2022-04-01 11:51:04,536.784460986483
2022-04-01 11:51:09,534.74
2022-04-01 11:51:14,534.87
2022-04-01 11:51:19,534.97
2022-04-01 11:51:24,535.03
2022-04-01 11:51:29,535.13
2022-04-01 11:51:34,536.786206324443
2022-04-01 11:51:39,535.32
2022-04-01 11:51:44,535.41
2022-04-01 11:51:49,535.54
2022-04-01 11:51:54,535.64
2022-04-01 11:51:59,535.64
2022-04-01 11:52:04,535.83
2022-04-01 11:52:09,535.9
2022-04-01 11:52:14,535.99
2022-04-01 11:52:19,536.788824331383
2022-04-01 11:52:24,536.789115221043
2022-04-01 11:52:29,536.28
2022-04-01 11:52:34,536.789697000363
2022-04-01 11:52:39,536.51
2022-04-01 11:52:44,536.790278779683
2022-04-01 11:52:49,536.790569669343
2022-04-01 11:52:54,536.8
2022-04-01 11:52:59,536.791151448663
2022-04-01 11:53:04,536.7910713024067
2022-04-01 11:53:09,537.09
2022-04-01 11:53:14,537.18
2022-04-01 11:53:19,537.25
2022-04-01 11:53:24,536.7899366870687
2022-04-01 11:53:29,537.44
2022-04-01 11:53:34,536.7893693793997
2022-04-01 11:53:39,537.6
2022-04-01 11:53:44,537.7
2022-04-01 11:53:49,536.7885184178962
2022-04-01 11:53:54,537.89
2022-04-01 11:53:59,537.96
2022-04-01 11:54:04,538.06
2022-04-01 11:54:09,538.18
2022-04-01 11:54:14,538.18
2022-04-01 11:54:19,536.7868164948891
2022-04-01 11:54:24,536.7865328410546
2022-04-01 11:54:29,536.78624918722
2022-04-01 11:54:34,536.7859655333856
2022-04-01 11:54:39,538.64
2022-04-01 11:54:44,538.7
2022-04-01 11:54:49,538.73
2022-04-01 11:54:54,538.87
2022-04-01 11:54:59,536.784547264213
2022-04-01 11:55:04,536.7842636103785
2022-04-01 11:55:09,539.09
2022-04-01 11:55:14,539.16
2022-04-01 11:55:19,539.22
2022-04-01 11:55:24,536.7831289950404
2022-04-01 11:55:29,536.782845341206
2022-04-01 11:55:34,536.7825616873714
2022-04-01 11:55:39,539.38
2022-04-01 11:55:44,539.45
2022-04-01 11:55:49,536.7817107258679
2022-04-01 11:55:54,539.51
2022-04-01 11:55:59,536.7811434181989
2022-04-01 11:56:04,536.7808597643643
2022-04-01 11:56:09,539.62
2022-04-01 11:56:14,536.7802924566954
2022-04-01 11:56:19,539.61
2022-04-01 11:56:24,539.74
2022-04-01 11:56:29,536.7794414951918
2022-04-01 11:56:34,539.68
2022-04-01 11:56:39,536.7788741875228
2022-04-01 11:56:44,536.7785905336883
2022-04-01 11:56:49,539.67
2022-04-01 11:56:54,539.61
2022-04-01 11:56:59,536.7777395721847
2022-04-01 11:57:04,539.55
2022-04-01 11:57:09,536.7771722645157
2022-04-01 11:57:14,539.52
2022-04-01 11:57:19,539.45
2022-04-01 11:57:24,539.33
2022-04-01 11:57:29,539.26
2022-04-01 11:57:34,539.23
2022-04-01 11:57:39,539.1
2022-04-01 11:57:44,539.03
2022-04-01 11:57:49,536.7749030338397
2022-04-01 11:57:54,538.87
2022-04-01 11:57:59,538.81
2022-04-01 11:58:04,538.71
2022-04-01 11:58:09,538.58
2022-04-01 11:58:14,536.773484764667
2022-04-01 11:58:19,536.7732011108326
2022-04-01 11:58:24,538.29
2022-04-01 11:58:29,538.23
2022-04-01 11:58:34,538.07
2022-04-01 11:58:39,536.7720664954945
2022-04-01 11:58:44,536.7717828416601
2022-04-01 11:58:49,536.7714991878255
2022-04-01 11:58:54,536.771215533991
2022-04-01 11:58:59,537.67
2022-04-01 11:59:04,537.61
2022-04-01 11:59:09,536.7703645724874
2022-04-01 11:59:14,537.38
2022-04-01 11:59:19,537.31
2022-04-01 11:59:24,537.24
2022-04-01 11:59:29,536.7692299571494
2022-04-01 11:59:34,537.14
2022-04-01 11:59:39,536.7686626494803
2022-04-01 11:59:44,537.02
2022-04-01 11:59:49,536.7680953418114
2022-04-01 11:59:54,536.8
2022-04-01 11:59:59,536.8
2022-04-01 12:00:04,536.7672443803078
2022-04-01 12:00:09,536.63
2022-04-01 12:00:14,536.7666770726388
2022-04-01 12:00:19,536.5
2022-04-01 12:00:24,536.7661097649698
2022-04-01 12:00:29,536.7658261111353
2022-04-01 12:00:34,536.21
2022-04-01 12:00:39,536.7652588034663
2022-04-01 12:00:44,536.7649751496317
2022-04-01 12:00:49,536.7646914957973
2022-04-01 12:00:54,535.98
2022-04-01 12:00:59,535.87
2022-04-01 12:01:04,536.7638405342938
2022-04-01 12:01:09,535.8
2022-04-01 12:01:14,536.7632732266247
2022-04-01 12:01:19,536.7629895727902
2022-04-01 12:01:24,536.7627059189557
2022-04-01 12:01:29,536.7624222651211
2022-04-01 12:01:34,536.7621386112867
2022-04-01 12:01:39,535.51
2022-04-01 12:01:44,535.44
2022-04-01 12:01:49,535.38
2022-04-01 12:01:54,536.7610039959486
2022-04-01 12:01:59,535.28
2022-04-01 12:02:04,535.28
2022-04-01 12:02:09,535.21
2022-04-01 12:02:14,536.7598693806106
2022-04-01 12:02:19,535.14
2022-04-01 12:02:24,535.08
2022-04-01 12:02:29,535.08
2022-04-01 12:02:34,535.04
2022-04-01 12:02:39,534.98
2022-04-01 12:02:44,534.91
2022-04-01 12:02:49,534.84
2022-04-01 12:02:54,534.84
2022-04-01 12:02:59,536.7573164961
2022-04-01 12:03:04,534.81
2022-04-01 12:03:09,536.756749188431
2022-04-01 12:03:14,536.7564655345964
2022-04-01 12:03:19,534.75
2022-04-01 12:03:24,536.7558982269275
2022-04-01 12:03:29,534.75
2022-04-01 12:03:34,534.62
2022-04-01 12:03:39,536.7550472654239
2022-04-01 12:03:44,534.62
2022-04-01 12:03:49,534.62
2022-04-01 12:03:54,534.55
2022-04-01 12:03:59,534.62
2022-04-01 12:04:04,534.55
2022-04-01 12:04:09,534.55
2022-04-01 12:04:14,534.61
2022-04-01 12:04:19,534.61
2022-04-01 12:04:24,534.62
2022-04-01 12:04:29,534.61
2022-04-01 12:04:34,534.61
2022-04-01 12:04:39,534.61
2022-04-01 12:04:44,534.67
2022-04-01 12:04:49,534.61
2022-04-01 12:04:54,534.67
2022-04-01 12:04:59,534.74
2022-04-01 12:05:04,534.74
2022-04-01 12:05:09,534.74
2022-04-01 12:05:14,534.74
2022-04-01 12:05:19,536.7493741887337
2022-04-01 12:05:24,534.84
2022-04-01 12:05:29,536.7488068810646
2022-04-01 12:05:34,536.7485232272301
2022-04-01 12:05:39,534.9
2022-04-01 12:05:44,534.9
2022-04-01 12:05:49,536.7476722657266
2022-04-01 12:05:54,535.03
2022-04-01 12:05:59,535.06
2022-04-01 12:06:04,535.06
2022-04-01 12:06:09,535.06
2022-04-01 12:06:14,536.7462539965541
2022-04-01 12:06:19,535.19
2022-04-01 12:06:24,536.745686688885
2022-04-01 12:06:29,536.7454030350505
2022-04-01 12:06:34,535.35
2022-04-01 12:06:39,535.35
2022-04-01 12:06:44,535.41
2022-04-01 12:06:49,535.41
2022-04-01 12:06:54,536.7439847658779
2022-04-01 12:06:59,535.54
2022-04-01 12:07:04,535.54
2022-04-01 12:07:09,536.7434723541901
2022-04-01 12:07:14,536.7437653635416
2022-04-01 12:07:19,535.64
2022-04-01 12:07:24,535.71
2022-04-01 12:07:29,536.7446443915959
2022-04-01 12:07:34,536.7449374009474
2022-04-01 12:07:39,535.77
2022-04-01 12:07:44,535.77
2022-04-01 12:07:49,535.87
2022-04-01 12:07:54,535.87
2022-04-01 12:07:59,535.87
2022-04-01 12:08:04,535.87
2022-04-01 12:08:09,536.7469884664076
2022-04-01 12:08:14,535.94
2022-04-01 12:08:19,536.7475744851106
2022-04-01 12:08:24,536.7478674944621
2022-04-01 12:08:29,536.07
2022-04-01 12:08:34,536.07
2022-04-01 12:08:39,536.7487465225164
2022-04-01 12:08:44,536.7490395318679
2022-04-01 12:08:49,536.7493325412194
2022-04-01 12:08:54,536.7496255505708
2022-04-01 12:08:59,536.07
2022-04-01 12:09:04,536.11
2022-04-01 12:09:09,536.11
2022-04-01 12:09:14,536.7507975879766
2022-04-01 12:09:19,536.07
2022-04-01 12:09:24,536.07
2022-04-01 12:09:29,536.7516766160311
2022-04-01 12:09:34,536.08
2022-04-01 12:09:39,536.11
2022-04-01 12:09:44,536.08
2022-04-01 12:09:49,536.752848653437
2022-04-01 12:09:54,536.01
2022-04-01 12:09:59,536.02
2022-04-01 12:10:04,536.02
2022-04-01 12:10:09,536.7540206908428
2022-04-01 12:10:14,536.7543137001943
2022-04-01 12:10:19,535.89
2022-04-01 12:10:24,536.7548997188973
2022-04-01 12:10:29,535.85
2022-04-01 12:10:34,536.7554857376001
2022-04-01 12:10:39,535.73
2022-04-01 12:10:44,536.7560717563031
2022-04-01 12:10:49,535.6
2022-04-01 12:10:54,536.756657775006
2022-04-01 12:10:59,536.7569507843575
2022-04-01 12:11:04,535.5
2022-04-01 12:11:09,535.5
2022-04-01 12:11:14,535.37
2022-04-01 12:11:19,535.37
2022-04-01 12:11:24,536.7584158311148
2022-04-01 12:11:29,535.28
2022-04-01 12:11:34,535.27
2022-04-01 12:11:39,535.14
2022-04-01 12:11:44,535.07
2022-04-01 12:11:49,535.07
2022-04-01 12:11:54,536.7601738872236
2022-04-01 12:11:59,534.97
2022-04-01 12:12:04,536.7607599059265
2022-04-01 12:12:09,534.85
2022-04-01 12:12:14,534.81
2022-04-01 12:12:19,534.75
2022-04-01 12:12:24,534.68
2022-04-01 12:12:29,534.61
2022-04-01 12:12:34,534.55
2022-04-01 12:12:39,534.55
2022-04-01 12:12:44,534.45
2022-04-01 12:12:49,534.45
2022-04-01 12:12:54,534.38
2022-04-01 12:12:59,534.31
2022-04-01 12:13:04,536.7642760181442
2022-04-01 12:13:09,536.7645690274956
2022-04-01 12:13:14,536.764862036847
2022-04-01 12:13:19,534.21
2022-04-01 12:13:24,536.76544805555
2022-04-01 12:13:29,534.07
2022-04-01 12:13:34,534.0
2022-04-01 12:13:39,533.97
2022-04-01 12:13:44,536.7666200929559
2022-04-01 12:13:49,533.9
2022-04-01 12:13:54,536.7672061116588
2022-04-01 12:13:59,536.7674991210102
2022-04-01 12:14:04,533.75
2022-04-01 12:14:09,533.75
2022-04-01 12:14:14,533.69
2022-04-01 12:14:19,533.63
2022-04-01 12:14:24,536.7689641677675
2022-04-01 12:14:29,536.769257177119
2022-04-01 12:14:34,536.7695501864705
2022-04-01 12:14:39,533.48
2022-04-01 12:14:44,536.7701362051735
2022-04-01 12:14:49,533.45
2022-04-01 12:14:54,533.37
2022-04-01 12:14:59,533.38
2022-04-01 12:15:04,533.31
2022-04-01 12:15:09,536.7716012519307
2022-04-01 12:15:14,533.31
2022-04-01 12:15:19,533.24
2022-04-01 12:15:24,533.25
2022-04-01 12:15:29,536.7727732893367
2022-04-01 12:15:34,533.21
2022-04-01 12:15:39,533.21
2022-04-01 12:15:44,533.15
2022-04-01 12:15:49,533.21
2022-04-01 12:15:54,533.14
2022-04-01 12:15:59,533.14
2022-04-01 12:16:04,533.08
2022-04-01 12:16:09,533.08
2022-04-01 12:16:14,533.08
2022-04-01 12:16:19,536.7757033828514
2022-04-01 12:16:24,536.7759963922027
2022-04-01 12:16:29,533.14
2022-04-01 12:16:34,533.14
2022-04-01 12:16:39,533.14
2022-04-01 12:16:44,533.14
2022-04-01 12:16:49,533.21
2022-04-01 12:16:54,536.7777544483116
2022-04-01 12:16:59,533.2
2022-04-01 12:17:04,533.23
2022-04-01 12:17:09,533.2
2022-04-01 12:17:14,533.23
2022-04-01 12:17:19,533.23
2022-04-01 12:17:24,536.7795125044204
2022-04-01 12:17:29,536.7798055137719
2022-04-01 12:17:34,533.3
2022-04-01 12:17:39,533.42
2022-04-01 12:17:44,533.42
2022-04-01 12:17:49,536.7809775511777
2022-04-01 12:17:54,536.7812705605292
2022-04-01 12:17:59,533.52
2022-04-01 12:18:04,533.58
2022-04-01 12:18:09,533.59
2022-04-01 12:18:14,533.65
2022-04-01 12:18:19,533.65
2022-04-01 12:18:24,533.71
2022-04-01 12:18:29,533.71
2022-04-01 12:18:34,536.7836146353409
2022-04-01 12:18:39,536.7839076446924
2022-04-01 12:18:44,533.97
2022-04-01 12:18:49,536.7844936633953
2022-04-01 12:18:54,534.03
2022-04-01 12:18:59,534.09
2022-04-01 12:19:04,534.16
2022-04-01 12:19:09,534.23
2022-04-01 12:19:14,534.26
2022-04-01 12:19:19,536.7862517195041
2022-04-01 12:19:24,534.39
2022-04-01 12:19:29,534.48
2022-04-01 12:19:34,534.48
2022-04-01 12:19:39,536.7874237569099
2022-04-01 12:19:44,534.61
2022-04-01 12:19:49,534.68
2022-04-01 12:19:54,536.7883027849643
2022-04-01 12:19:59,534.74
2022-04-01 12:20:04,534.77
2022-04-01 12:20:09,536.7891818130188
2022-04-01 12:20:14,534.91
2022-04-01 12:20:19,534.91
2022-04-01 12:20:24,534.97
2022-04-01 12:20:29,535.01
2022-04-01 12:20:34,536.7906468597761
2022-04-01 12:20:39,536.7909398691276
2022-04-01 12:20:44,536.791232878479
2022-04-01 12:20:49,535.2
2022-04-01 12:20:54,535.26
2022-04-01 12:20:59,535.29
2022-04-01 12:21:04,535.36
2022-04-01 12:21:09,535.42
2022-04-01 12:21:14,535.42
2022-04-01 12:21:19,535.49
2022-04-01 12:21:24,535.59
2022-04-01 12:21:29,535.65
2022-04-01 12:21:34,535.65
2022-04-01 12:21:39,535.72
2022-04-01 12:21:44,536.7164485243298
2022-04-01 12:21:49,535.78
2022-04-01 12:21:54,535.82
2022-04-01 12:21:59,535.82
2022-04-01 12:22:04,535.88
2022-04-01 12:22:09,535.95
2022-04-01 12:22:14,536.6462433820333
2022-04-01 12:22:19,536.01
2022-04-01 12:22:24,536.05
2022-04-01 12:22:29,536.05
2022-04-01 12:22:34,536.11
2022-04-01 12:22:39,536.12
2022-04-01 12:22:44,536.11
2022-04-01 12:22:49,536.18
2022-04-01 12:22:54,536.5526365256378
2022-04-01 12:22:59,536.25
2022-04-01 12:23:04,536.31
2022-04-01 12:23:09,536.31
2022-04-01 12:23:14,536.32
2022-04-01 12:23:19,536.32
2022-04-01 12:23:24,536.4824313833411
2022-04-01 12:23:29,536.41
2022-04-01 12:23:34,536.35
2022-04-01 12:23:39,536.41
2022-04-01 12:23:44,536.4356279551434
2022-04-01 12:23:49,536.48
2022-04-01 12:23:54,536.55
2022-04-01 12:23:59,536.54
2022-04-01 12:24:04,536.58
2022-04-01 12:24:09,536.58
2022-04-01 12:24:14,536.3654228128469
2022-04-01 12:24:19,536.64
2022-04-01 12:24:24,536.64
2022-04-01 12:24:29,536.3303202416985
2022-04-01 12:24:34,536.78
2022-04-01 12:24:39,536.78
2022-04-01 12:24:44,536.84
2022-04-01 12:24:49,536.2835168135009
2022-04-01 12:24:54,536.2718159564514
2022-04-01 12:24:59,536.84
2022-04-01 12:25:04,536.84
2022-04-01 12:25:09,536.2367133853031
2022-04-01 12:25:14,536.2250125282536
2022-04-01 12:25:19,536.2133116712043
2022-04-01 12:25:24,536.87
2022-04-01 12:25:29,536.87
2022-04-01 12:25:34,536.87
2022-04-01 12:25:39,536.87
2022-04-01 12:25:44,536.87
2022-04-01 12:25:49,536.93
2022-04-01 12:25:54,536.1314056718583
2022-04-01 12:25:59,536.93
2022-04-01 12:26:04,536.1080039577594
2022-04-01 12:26:09,536.09630310071
2022-04-01 12:26:14,536.93
2022-04-01 12:26:19,536.93
2022-04-01 12:26:24,536.92
2022-04-01 12:26:29,536.0494996725122
2022-04-01 12:26:34,536.91
2022-04-01 12:26:39,536.92
2022-04-01 12:26:44,536.86
2022-04-01 12:26:49,536.92
2022-04-01 12:26:54,536.92
2022-04-01 12:26:59,536.99
2022-04-01 12:27:04,535.9675936731661
2022-04-01 12:27:09,536.92
2022-04-01 12:27:14,536.98
2022-04-01 12:27:19,536.98
2022-04-01 12:27:24,536.98
2022-04-01 12:27:29,537.04
2022-04-01 12:27:34,537.04
2022-04-01 12:27:39,537.04
2022-04-01 12:27:44,537.08
2022-04-01 12:27:49,535.8622859597212
2022-04-01 12:27:54,537.08
2022-04-01 12:27:59,535.8388842456225
2022-04-01 12:28:04,535.827183388573
2022-04-01 12:28:09,537.14
2022-04-01 12:28:14,537.14
2022-04-01 12:28:19,537.14
2022-04-01 12:28:24,537.19
2022-04-01 12:28:29,535.7686791033259
2022-04-01 12:28:34,535.7569782462764
2022-04-01 12:28:39,535.745277389227
2022-04-01 12:28:44,535.7335765321775
2022-04-01 12:28:49,537.26
2022-04-01 12:28:54,537.33
2022-04-01 12:28:59,537.26
2022-04-01 12:29:04,537.32
2022-04-01 12:29:09,535.6750722469304
2022-04-01 12:29:14,537.35
2022-04-01 12:29:19,537.35
2022-04-01 12:29:24,537.35
2022-04-01 12:29:29,537.35
2022-04-01 12:29:34,537.35
2022-04-01 12:29:39,535.6048671046339
2022-04-01 12:29:44,537.41
2022-04-01 12:29:49,535.581465390535
2022-04-01 12:29:54,535.5697645334856
2022-04-01 12:29:59,537.41
2022-04-01 12:30:04,537.41
2022-04-01 12:30:09,537.41
2022-04-01 12:30:14,535.5229611052878
2022-04-01 12:30:19,535.5112602482383
2022-04-01 12:30:24,535.499559391189
2022-04-01 12:30:29,537.4
2022-04-01 12:30:34,537.4
2022-04-01 12:30:39,537.4
2022-04-01 12:30:44,537.4
2022-04-01 12:30:49,535.4410551059417
2022-04-01 12:30:54,537.46
2022-04-01 12:30:59,537.46
2022-04-01 12:31:04,537.46
2022-04-01 12:31:09,537.39
2022-04-01 12:31:14,537.46
2022-04-01 12:31:19,537.46
2022-04-01 12:31:24,537.39
2022-04-01 12:31:29,537.46
2022-04-01 12:31:34,537.46
2022-04-01 12:31:39,537.4
2022-04-01 12:31:44,537.39
2022-04-01 12:31:49,537.4
2022-04-01 12:31:54,537.4
2022-04-01 12:31:59,535.2772431072498
2022-04-01 12:32:04,535.2655422502003
2022-04-01 12:32:09,537.39
2022-04-01 12:32:14,535.2421405361015
2022-04-01 12:32:19,537.39
2022-04-01 12:32:24,537.33
2022-04-01 12:32:29,535.2070379649532
2022-04-01 12:32:34,537.4
2022-04-01 12:32:39,537.4
2022-04-01 12:32:44,535.1719353938048
2022-04-01 12:32:49,535.1602345367554
2022-04-01 12:32:54,537.46
2022-04-01 12:32:59,537.39
2022-04-01 12:33:04,537.46
2022-04-01 12:33:09,535.1134311085576
2022-04-01 12:33:14,537.46
2022-04-01 12:33:19,537.4
2022-04-01 12:33:24,537.4
2022-04-01 12:33:29,537.4
2022-04-01 12:33:34,537.46
2022-04-01 12:33:39,535.043225966261
2022-04-01 12:33:44,537.46
2022-04-01 12:33:49,537.53
2022-04-01 12:33:54,537.46
2022-04-01 12:33:59,534.9964225380634
2022-04-01 12:34:04,537.53
2022-04-01 12:34:09,537.53
2022-04-01 12:34:14,534.9613199669151
2022-04-01 12:34:19,537.53
2022-04-01 12:34:24,537.56
2022-04-01 12:34:29,537.56
2022-04-01 12:34:34,537.56
2022-04-01 12:34:39,537.56
2022-04-01 12:34:44,537.63
2022-04-01 12:34:49,537.63
2022-04-01 12:34:54,534.8677131105196
2022-04-01 12:34:59,537.63
2022-04-01 12:35:04,537.7
2022-04-01 12:35:09,537.7
2022-04-01 12:35:14,537.7
2022-04-01 12:35:19,537.63
2022-04-01 12:35:24,537.63
2022-04-01 12:35:29,537.7
2022-04-01 12:35:34,537.76
2022-04-01 12:35:39,534.8424174225764
2022-04-01 12:35:44,537.7
2022-04-01 12:35:49,537.76
2022-04-01 12:35:54,534.8610181942889
2022-04-01 12:35:59,534.8672184515265
2022-04-01 12:36:04,534.8734187087639
2022-04-01 12:36:09,537.77
2022-04-01 12:36:14,537.77
2022-04-01 12:36:19,537.77
2022-04-01 12:36:24,537.77
2022-04-01 12:36:29,534.9044199949515
2022-04-01 12:36:34,534.9106202521889
2022-04-01 12:36:39,537.84
2022-04-01 12:36:44,537.87
2022-04-01 12:36:49,537.88
2022-04-01 12:36:54,537.88
2022-04-01 12:36:59,537.94
2022-04-01 12:37:04,534.9478217956139
2022-04-01 12:37:09,534.9540220528514
2022-04-01 12:37:14,538.01
2022-04-01 12:37:19,538.08
2022-04-01 12:37:24,534.9726228245639
2022-04-01 12:37:29,538.08
2022-04-01 12:37:34,534.985023339039
2022-04-01 12:37:39,538.07
2022-04-01 12:37:44,538.08
2022-04-01 12:37:49,535.0036241107515
2022-04-01 12:37:54,538.11
2022-04-01 12:37:59,538.11
2022-04-01 12:38:04,538.11
2022-04-01 12:38:09,538.1
2022-04-01 12:38:14,538.1
2022-04-01 12:38:19,535.0408256541765
2022-04-01 12:38:24,535.047025911414
2022-04-01 12:38:29,538.1
2022-04-01 12:38:34,538.07
2022-04-01 12:38:39,535.0656266831265
2022-04-01 12:38:44,538.1
2022-04-01 12:38:49,535.0780271976015
2022-04-01 12:38:54,535.084227454839
2022-04-01 12:38:59,538.07
2022-04-01 12:39:04,538.07
2022-04-01 12:39:09,535.1028282265515
2022-04-01 12:39:14,538.07
2022-04-01 12:39:19,535.1152287410265
2022-04-01 12:39:24,538.0
2022-04-01 12:39:29,538.0
2022-04-01 12:39:34,538.0
2022-04-01 12:39:39,538.0
2022-04-01 12:39:44,538.0
2022-04-01 12:39:49,535.1524302844515
2022-04-01 12:39:54,537.93
2022-04-01 12:39:59,537.86
2022-04-01 12:40:04,537.87
2022-04-01 12:40:09,537.86
2022-04-01 12:40:14,537.83
2022-04-01 12:40:19,537.83
2022-04-01 12:40:24,537.82
2022-04-01 12:40:29,537.82
2022-04-01 12:40:34,537.82
2022-04-01 12:40:39,537.82
2022-04-01 12:40:44,535.2206331140641
2022-04-01 12:40:49,537.76
2022-04-01 12:40:54,537.7
2022-04-01 12:40:59,537.7
2022-04-01 12:41:04,537.69
2022-04-01 12:41:09,535.2516344002516
2022-04-01 12:41:14,537.69
2022-04-01 12:41:19,537.62
2022-04-01 12:41:24,537.55
2022-04-01 12:41:29,537.55
2022-04-01 12:41:34,537.52
2022-04-01 12:41:39,537.52
2022-04-01 12:41:44,535.2950362009142
2022-04-01 12:41:49,535.3012364581516
2022-04-01 12:41:54,537.39
2022-04-01 12:41:59,537.39
2022-04-01 12:42:04,537.38
2022-04-01 12:42:09,537.32
2022-04-01 12:42:14,537.32
2022-04-01 12:42:19,537.32
2022-04-01 12:42:24,537.29
2022-04-01 12:42:29,535.3508385160517
2022-04-01 12:42:34,535.3570387732892
2022-04-01 12:42:39,537.21
2022-04-01 12:42:44,537.2
2022-04-01 12:42:49,537.14
2022-04-01 12:42:54,537.14
2022-04-01 12:42:59,537.15
2022-04-01 12:43:04,537.08
2022-04-01 12:43:09,537.15
2022-04-01 12:43:14,537.15
2022-04-01 12:43:19,537.15
2022-04-01 12:43:24,537.15
2022-04-01 12:43:29,535.4252416029017
2022-04-01 12:43:34,537.08
2022-04-01 12:43:39,537.15
2022-04-01 12:43:44,535.4438423746142
2022-04-01 12:43:49,537.28
2022-04-01 12:43:54,535.4562428890891
2022-04-01 12:43:59,537.27
2022-04-01 12:44:04,535.4686434035642
2022-04-01 12:44:09,537.27
2022-04-01 12:44:14,537.3
2022-04-01 12:44:19,537.3
2022-04-01 12:44:24,537.36
2022-04-01 12:44:29,537.37
2022-04-01 12:44:34,537.43
2022-04-01 12:44:39,537.49
2022-04-01 12:44:44,535.5182454614643
2022-04-01 12:44:49,537.53
2022-04-01 12:44:54,537.53
2022-04-01 12:44:59,537.59
2022-04-01 12:45:04,537.59
2022-04-01 12:45:09,537.72
2022-04-01 12:45:14,537.72
2022-04-01 12:45:19,537.72
2022-04-01 12:45:24,535.5678475193642
2022-04-01 12:45:29,537.82
2022-04-01 12:45:34,535.5802480338393
2022-04-01 12:45:39,537.88
2022-04-01 12:45:44,535.5926485483143
2022-04-01 12:45:49,535.5988488055518
2022-04-01 12:45:54,535.6050490627894
2022-04-01 12:45:59,535.6112493200268
2022-04-01 12:46:04,538.04
2022-04-01 12:46:09,538.04
2022-04-01 12:46:14,538.1
2022-04-01 12:46:19,538.17
2022-04-01 12:46:24,538.17
2022-04-01 12:46:29,538.24
2022-04-01 12:46:34,538.24
2022-04-01 12:46:39,535.6608513779269
2022-04-01 12:46:44,535.6670516351643
2022-04-01 12:46:49,538.33
2022-04-01 12:46:54,538.33
2022-04-01 12:46:59,538.4
2022-04-01 12:47:04,538.46
2022-04-01 12:47:09,538.39
2022-04-01 12:47:14,538.46
2022-04-01 12:47:19,538.46
2022-04-01 12:47:24,538.46
2022-04-01 12:47:29,535.7228539503018
2022-04-01 12:47:34,538.53
2022-04-01 12:47:39,535.7352544647769
2022-04-01 12:47:44,538.53
2022-04-01 12:47:49,538.53
2022-04-01 12:47:54,535.7538552364894
2022-04-01 12:47:59,535.7600554937269
2022-04-01 12:48:04,535.7662557509643
2022-04-01 12:48:09,538.46
2022-04-01 12:48:14,538.4
2022-04-01 12:48:19,538.4
2022-04-01 12:48:24,538.47
2022-04-01 12:48:29,538.4
2022-04-01 12:48:34,538.4
2022-04-01 12:48:39,535.8096575516269
2022-04-01 12:48:44,538.4
2022-04-01 12:48:49,538.34
2022-04-01 12:48:54,538.34
2022-04-01 12:48:59,538.31
2022-04-01 12:49:04,535.8406588378144
2022-04-01 12:49:09,535.846859095052
2022-04-01 12:49:14,535.8530593522894
2022-04-01 12:49:19,538.25
2022-04-01 12:49:24,538.25
2022-04-01 12:49:29,538.25
2022-04-01 12:49:34,538.19
2022-04-01 12:49:39,538.13
2022-04-01 12:49:44,538.13
2022-04-01 12:49:49,538.13
2022-04-01 12:49:54,538.13
2022-04-01 12:49:59,535.9290607582327
2022-04-01 12:50:04,538.13
2022-04-01 12:50:09,535.9469124136644
2022-04-01 12:50:14,535.9558382413803
2022-04-01 12:50:19,535.9647640690962
2022-04-01 12:50:24,538.07
2022-04-01 12:50:29,538.04
2022-04-01 12:50:34,538.04
2022-04-01 12:50:39,537.98
2022-04-01 12:50:44,538.04
2022-04-01 12:50:49,537.98
2022-04-01 12:50:54,536.0272448631075
2022-04-01 12:50:59,537.92
2022-04-01 12:51:04,537.92
2022-04-01 12:51:09,536.0540223462552
2022-04-01 12:51:14,536.0629481739711
2022-04-01 12:51:19,536.071874001687
2022-04-01 12:51:24,537.85
2022-04-01 12:51:29,537.85
2022-04-01 12:51:34,536.0986514848347
2022-04-01 12:51:39,537.76
2022-04-01 12:51:44,537.82
2022-04-01 12:51:49,537.76
2022-04-01 12:51:54,537.76
2022-04-01 12:51:59,536.1432806234143
2022-04-01 12:52:04,536.1522064511302
2022-04-01 12:52:09,537.69
2022-04-01 12:52:14,537.7
2022-04-01 12:52:19,536.1789839342778
2022-04-01 12:52:24,536.1879097619938
2022-04-01 12:52:29,536.1968355897096
2022-04-01 12:52:34,537.7
2022-04-01 12:52:39,537.69
2022-04-01 12:52:44,536.2236130728573
2022-04-01 12:52:49,537.57
2022-04-01 12:52:54,537.57
2022-04-01 12:52:59,537.63
2022-04-01 12:53:04,537.56
2022-04-01 12:53:09,537.56
2022-04-01 12:53:14,536.2771680391528
2022-04-01 12:53:19,537.56
2022-04-01 12:53:24,536.2950196945845
2022-04-01 12:53:29,536.3039455223005
2022-04-01 12:53:34,537.53
2022-04-01 12:53:39,536.3217971777323
2022-04-01 12:53:44,536.3307230054481
2022-04-01 12:53:49,537.39
2022-04-01 12:53:54,537.33
2022-04-01 12:53:59,537.33
2022-04-01 12:54:04,536.3664263163118
2022-04-01 12:54:09,537.32
2022-04-01 12:54:14,537.31
2022-04-01 12:54:19,536.3932037994596
2022-04-01 12:54:24,537.21
2022-04-01 12:54:29,537.15
2022-04-01 12:54:34,537.22
2022-04-01 12:54:39,537.09
2022-04-01 12:54:44,537.09
2022-04-01 12:54:49,537.1
2022-04-01 12:54:54,537.03
2022-04-01 12:54:59,536.4646104211866
2022-04-01 12:55:04,537.03
2022-04-01 12:55:09,537.03
2022-04-01 12:55:14,536.4913879043344
2022-04-01 12:55:19,536.99
2022-04-01 12:55:24,536.99
2022-04-01 12:55:29,536.92
2022-04-01 12:55:34,536.98
2022-04-01 12:55:39,536.5360170429138
2022-04-01 12:55:44,536.5449428706298
2022-04-01 12:55:49,536.5538686983457
2022-04-01 12:55:54,536.85
2022-04-01 12:55:59,536.5717203537776
2022-04-01 12:56:04,536.85
2022-04-01 12:56:09,536.85
2022-04-01 12:56:14,536.85
2022-04-01 12:56:19,536.6074236646411
2022-04-01 12:56:24,536.77
2022-04-01 12:56:29,536.78
2022-04-01 12:56:34,536.84
2022-04-01 12:56:39,536.78
2022-04-01 12:56:44,536.75
2022-04-01 12:56:49,536.6609786309366
2022-04-01 12:56:54,536.75
2022-04-01 12:56:59,536.78
2022-04-01 12:57:04,536.6877561140842
2022-04-01 12:57:09,536.74
2022-04-01 12:57:14,536.7056077695161
2022-04-01 12:57:19,536.78
2022-04-01 12:57:24,536.74
2022-04-01 12:57:29,536.74
2022-04-01 12:57:34,536.74
2022-04-01 12:57:39,536.68
2022-04-01 12:57:44,536.7591627358114
2022-04-01 12:57:49,536.68
2022-04-01 12:57:54,536.68
2022-04-01 12:57:59,536.7859402189591
2022-04-01 12:58:04,536.68
2022-04-01 12:58:09,536.61
2022-04-01 12:58:14,536.68
2022-04-01 12:58:19,536.61
2022-04-01 12:58:24,536.68
2022-04-01 12:58:29,536.61
2022-04-01 12:58:34,536.8484210129704
2022-04-01 12:58:39,536.68
2022-04-01 12:58:44,536.74
2022-04-01 12:58:49,536.74
2022-04-01 12:58:54,536.74
2022-04-01 12:58:59,536.74
2022-04-01 12:59:04,536.74
2022-04-01 12:59:09,536.77
2022-04-01 12:59:14,536.77
2022-04-01 12:59:19,536.9287534624135
2022-04-01 12:59:24,536.77
2022-04-01 12:59:29,536.9466051178454
2022-04-01 12:59:34,536.77
2022-04-01 12:59:39,536.9644567732772
2022-04-01 12:59:44,536.9733826009931
2022-04-01 12:59:49,536.77
2022-04-01 12:59:54,536.77
2022-04-01 12:59:59,536.83
2022-04-01 13:00:04,536.83
2022-04-01 13:00:09,536.77
2022-04-01 13:00:14,537.0269375672884
2022-04-01 13:00:19,536.77
2022-04-01 13:00:24,536.83
2022-04-01 13:00:29,537.0537150504362
2022-04-01 13:00:34,536.77
2022-04-01 13:00:39,537.071566705868
2022-04-01 13:00:44,537.0804925335839
2022-04-01 13:00:49,537.0894183612997
2022-04-01 13:00:54,536.74
2022-04-01 13:00:59,537.1072700167315
2022-04-01 13:01:04,536.68
2022-04-01 13:01:09,536.61
2022-04-01 13:01:14,536.61
2022-04-01 13:01:19,537.1429733275952
2022-04-01 13:01:24,537.1518991553111
2022-04-01 13:01:29,536.55
2022-04-01 13:01:34,537.1697508107429
2022-04-01 13:01:39,536.48
2022-04-01 13:01:44,536.45
2022-04-01 13:01:49,537.1965282938905
2022-04-01 13:01:54,536.45
2022-04-01 13:01:59,536.39
2022-04-01 13:02:04,536.39
2022-04-01 13:02:09,536.39
2022-04-01 13:02:14,537.2411574324701
2022-04-01 13:02:19,536.33
2022-04-01 13:02:24,536.33
2022-04-01 13:02:29,536.33
2022-04-01 13:02:34,536.24
2022-04-01 13:02:39,537.2857865710496
2022-04-01 13:02:44,536.24
2022-04-01 13:02:49,537.3036382264814
2022-04-01 13:02:54,536.17
2022-04-01 13:02:59,536.17
2022-04-01 13:03:04,537.330415709629
2022-04-01 13:03:09,537.339341537345
2022-04-01 13:03:14,536.05
2022-04-01 13:03:19,536.05
2022-04-01 13:03:24,535.98
2022-04-01 13:03:29,535.98
2022-04-01 13:03:34,537.4015047888561
2022-04-01 13:03:39,535.96
2022-04-01 13:03:44,537.4452896764385
2022-04-01 13:03:49,535.96
2022-04-01 13:03:54,535.96
2022-04-01 13:03:59,535.96
2022-04-01 13:04:04,535.9
2022-04-01 13:04:09,535.84
2022-04-01 13:04:14,537.5766443391853
2022-04-01 13:04:19,535.9
2022-04-01 13:04:24,537.6204292267676
2022-04-01 13:04:29,537.6423216705588
2022-04-01 13:04:34,537.6642141143498
2022-04-01 13:04:39,535.74
2022-04-01 13:04:44,537.7079990019321
2022-04-01 13:04:49,535.74
2022-04-01 13:04:54,537.7517838895143
2022-04-01 13:04:59,535.68
2022-04-01 13:05:04,537.7955687770965
2022-04-01 13:05:09,537.8174612208877
2022-04-01 13:05:14,537.8393536646789
2022-04-01 13:05:19,535.55
2022-04-01 13:05:24,535.55
2022-04-01 13:05:29,537.9050309960523
2022-04-01 13:05:34,535.45
2022-04-01 13:05:39,535.45
2022-04-01 13:05:44,535.45
2022-04-01 13:05:49,535.45
2022-04-01 13:05:54,538.014493215008
2022-04-01 13:05:59,535.38
2022-04-01 13:06:04,535.38
2022-04-01 13:06:09,535.32
2022-04-01 13:06:14,538.1020629901726
2022-04-01 13:06:19,535.32
2022-04-01 13:06:24,538.1458478777548
2022-04-01 13:06:29,535.32
2022-04-01 13:06:34,535.26
2022-04-01 13:06:39,538.2115252091282
2022-04-01 13:06:44,535.23
2022-04-01 13:06:49,538.2553100967107
2022-04-01 13:06:54,535.15
2022-04-01 13:06:59,538.2990949842929
2022-04-01 13:07:04,538.320987428084
2022-04-01 13:07:09,535.09
2022-04-01 13:07:14,535.09
2022-04-01 13:07:19,535.03
2022-04-01 13:07:24,538.4085572032484
2022-04-01 13:07:29,538.4304496470396
2022-04-01 13:07:34,534.96
2022-04-01 13:07:39,534.96
2022-04-01 13:07:44,538.496126978413
2022-04-01 13:07:49,538.5180194222042
2022-04-01 13:07:54,534.85
2022-04-01 13:07:59,538.5618043097865
2022-04-01 13:08:04,534.78
2022-04-01 13:08:09,534.79
2022-04-01 13:08:14,534.72
2022-04-01 13:08:19,538.6493740849511
2022-04-01 13:08:24,534.68
2022-04-01 13:08:29,534.61
2022-04-01 13:08:34,538.7150514163245
2022-04-01 13:08:39,534.48
2022-04-01 13:08:44,534.48
2022-04-01 13:08:49,534.41
2022-04-01 13:08:54,534.37
2022-04-01 13:08:59,534.37
2022-04-01 13:09:04,538.8464060790714
2022-04-01 13:09:09,534.24
2022-04-01 13:09:14,534.18
2022-04-01 13:09:19,534.18
2022-04-01 13:09:24,534.18
2022-04-01 13:09:29,534.15
2022-04-01 13:09:34,538.9777607418181
2022-04-01 13:09:39,534.02
2022-04-01 13:09:44,534.02
2022-04-01 13:09:49,533.95
2022-04-01 13:09:54,539.0653305169825
2022-04-01 13:09:59,533.86
2022-04-01 13:10:04,539.1091154045649
2022-04-01 13:10:09,533.86
2022-04-01 13:10:14,533.8
2022-04-01 13:10:19,533.86
2022-04-01 13:10:24,539.1966851797296
2022-04-01 13:10:29,533.8
2022-04-01 13:10:34,539.2404700673118
2022-04-01 13:10:39,533.73
2022-04-01 13:10:44,533.73
2022-04-01 13:10:49,533.73
2022-04-01 13:10:54,533.73
2022-04-01 13:10:59,533.73
2022-04-01 13:11:04,533.73
2022-04-01 13:11:09,533.79
2022-04-01 13:11:14,533.79
2022-04-01 13:11:19,539.437502061432
2022-04-01 13:11:24,539.4593945052233
2022-04-01 13:11:29,533.86
2022-04-01 13:11:34,533.85
2022-04-01 13:11:39,533.89
2022-04-01 13:11:44,533.89
2022-04-01 13:11:49,533.95
2022-04-01 13:11:54,534.02
2022-04-01 13:11:59,534.01
2022-04-01 13:12:04,534.08
2022-04-01 13:12:09,534.08
2022-04-01 13:12:14,539.6783189431344
2022-04-01 13:12:19,534.18
2022-04-01 13:12:24,534.24
2022-04-01 13:12:29,539.7439962745078
2022-04-01 13:12:34,539.765888718299
2022-04-01 13:12:39,534.37
2022-04-01 13:12:44,534.46
2022-04-01 13:12:49,534.46
2022-04-01 13:12:54,539.8534584934637
2022-04-01 13:12:59,534.59
2022-04-01 13:13:04,534.59
2022-04-01 13:13:09,534.66
2022-04-01 13:13:14,539.9410282686281
2022-04-01 13:13:19,539.9629207124193
2022-04-01 13:13:24,534.82
2022-04-01 13:13:29,534.88
2022-04-01 13:13:34,540.0285980437927
2022-04-01 13:13:39,534.98
2022-04-01 13:13:44,540.0723829313749
2022-04-01 13:13:49,535.11
2022-04-01 13:13:54,535.18
2022-04-01 13:13:59,535.27
2022-04-01 13:14:04,540.1599527065396
2022-04-01 13:14:09,535.4
2022-04-01 13:14:14,540.2037375941218
2022-04-01 13:14:19,535.57
2022-04-01 13:14:24,535.57
2022-04-01 13:14:29,540.2694149254951
2022-04-01 13:14:34,535.7
2022-04-01 13:14:39,540.3131998130775
2022-04-01 13:14:44,535.79
2022-04-01 13:14:49,540.3569847006597
2022-04-01 13:14:54,535.92
2022-04-01 13:14:59,536.02
2022-04-01 13:15:04,540.4226620320331
2022-04-01 13:15:09,540.4445544758244
2022-04-01 13:15:14,536.25
2022-04-01 13:15:19,536.38
2022-04-01 13:15:24,536.38
2022-04-01 13:15:29,540.532124250989
2022-04-01 13:15:34,536.61
2022-04-01 13:15:39,536.74
2022-04-01 13:15:44,536.77
2022-04-01 13:15:49,540.6196940261534
2022-04-01 13:15:54,536.9
2022-04-01 13:15:59,537.06
2022-04-01 13:16:04,540.6853713575268
2022-04-01 13:16:09,537.12
2022-04-01 13:16:14,537.26
2022-04-01 13:16:19,537.29
2022-04-01 13:16:24,537.48
2022-04-01 13:16:29,537.51
2022-04-01 13:16:34,540.8167260202737
2022-04-01 13:16:39,540.8386184640649
2022-04-01 13:16:44,540.860510907856
2022-04-01 13:16:49,540.882403351647
2022-04-01 13:16:54,538.01
2022-04-01 13:16:59,540.9261882392294
2022-04-01 13:17:04,538.23
2022-04-01 13:17:09,538.3
2022-04-01 13:17:14,538.4
2022-04-01 13:17:19,538.46
2022-04-01 13:17:24,538.56
2022-04-01 13:17:29,541.0575429019763
2022-04-01 13:17:34,541.0648803290386
2022-04-01 13:17:39,538.92
2022-04-01 13:17:44,541.0094970359768
2022-04-01 13:17:49,539.08
2022-04-01 13:17:54,539.21
2022-04-01 13:17:59,539.34
2022-04-01 13:18:04,540.8987304498538
2022-04-01 13:18:09,539.56
2022-04-01 13:18:14,539.66
2022-04-01 13:18:19,539.79
2022-04-01 13:18:24,539.89
2022-04-01 13:18:29,539.95
2022-04-01 13:18:34,540.732580570669
2022-04-01 13:18:39,540.7048889241381
2022-04-01 13:18:44,540.31
2022-04-01 13:18:49,540.47
2022-04-01 13:18:54,540.53
2022-04-01 13:18:59,540.63
2022-04-01 13:19:04,540.5664306914841
2022-04-01 13:19:09,540.83
2022-04-01 13:19:14,540.89
2022-04-01 13:19:19,540.98
2022-04-01 13:19:24,541.11
2022-04-01 13:19:29,541.12
2022-04-01 13:19:34,541.15
2022-04-01 13:19:39,541.27
2022-04-01 13:19:44,541.34
2022-04-01 13:19:49,540.3172058727067
2022-04-01 13:19:54,540.289514226176
2022-04-01 13:19:59,540.2618225796451
2022-04-01 13:20:04,541.62
2022-04-01 13:20:09,541.66
2022-04-01 13:20:14,541.72
2022-04-01 13:20:19,540.1510559935218
2022-04-01 13:20:24,541.85
2022-04-01 13:20:29,541.92
2022-04-01 13:20:34,541.94
2022-04-01 13:20:39,542.01
2022-04-01 13:20:44,542.07
2022-04-01 13:20:49,542.13
2022-04-01 13:20:54,539.9572144678065
2022-04-01 13:20:59,542.16
2022-04-01 13:21:04,542.22
2022-04-01 13:21:09,542.28
2022-04-01 13:21:14,542.28
2022-04-01 13:21:19,542.35
2022-04-01 13:21:24,542.42
2022-04-01 13:21:29,539.7633729420908
2022-04-01 13:21:34,539.7356812955599
2022-04-01 13:21:39,539.7079896490292
2022-04-01 13:21:44,542.5
2022-04-01 13:21:49,539.6526063559675
2022-04-01 13:21:54,542.57
2022-04-01 13:21:59,542.57
2022-04-01 13:22:04,542.57
2022-04-01 13:22:09,542.56
2022-04-01 13:22:14,542.62
2022-04-01 13:22:19,542.62
2022-04-01 13:22:24,542.62
2022-04-01 13:22:29,539.4310731837211
2022-04-01 13:22:34,542.62
2022-04-01 13:22:39,539.3756898906596
2022-04-01 13:22:44,539.3479982441287
2022-04-01 13:22:49,542.65
2022-04-01 13:22:54,539.2926149510672
2022-04-01 13:22:59,539.2649233045363
2022-04-01 13:23:04,542.66
2022-04-01 13:23:09,542.65
2022-04-01 13:23:14,542.65
2022-04-01 13:23:19,542.62
2022-04-01 13:23:24,542.62
2022-04-01 13:23:29,542.62
2022-04-01 13:23:34,542.55
2022-04-01 13:23:39,542.49
2022-04-01 13:23:44,542.49
2022-04-01 13:23:49,542.42
2022-04-01 13:23:54,538.9603151926973
2022-04-01 13:23:59,538.9326235461667
2022-04-01 13:24:04,542.26
2022-04-01 13:24:09,542.26
2022-04-01 13:24:14,542.26
2022-04-01 13:24:19,538.8218569600434
2022-04-01 13:24:24,542.1
2022-04-01 13:24:29,538.7664736669818
2022-04-01 13:24:34,542.03
2022-04-01 13:24:39,538.7110903739201
2022-04-01 13:24:44,538.6833987273894
2022-04-01 13:24:49,541.87
2022-04-01 13:24:54,538.6280154343277
2022-04-01 13:24:59,538.600323787797
2022-04-01 13:25:04,541.68
2022-04-01 13:25:09,538.5449404947353
2022-04-01 13:25:14,541.52
2022-04-01 13:25:19,541.45
2022-04-01 13:25:24,541.46
2022-04-01 13:25:29,541.39
2022-04-01 13:25:34,541.36
2022-04-01 13:25:39,541.23
2022-04-01 13:25:44,541.1
2022-04-01 13:25:49,541.1
2022-04-01 13:25:54,538.295715675958
2022-04-01 13:25:59,538.2680240294275
2022-04-01 13:26:04,540.87
2022-04-01 13:26:09,540.84
2022-04-01 13:26:14,540.78
2022-04-01 13:26:19,540.71
2022-04-01 13:26:24,540.71
2022-04-01 13:26:29,540.58
2022-04-01 13:26:34,540.55
2022-04-01 13:26:39,540.42
2022-04-01 13:26:44,540.42
2022-04-01 13:26:49,540.36
2022-04-01 13:26:54,540.33
2022-04-01 13:26:59,537.9357242710578
2022-04-01 13:27:04,537.9080326245269
2022-04-01 13:27:09,537.8803409779961
2022-04-01 13:27:14,540.04
2022-04-01 13:27:19,537.8249576849345
2022-04-01 13:27:24,539.98
2022-04-01 13:27:29,539.91
2022-04-01 13:27:34,537.7418827453421
2022-04-01 13:27:39,539.81
2022-04-01 13:27:44,539.69
2022-04-01 13:27:49,539.69
2022-04-01 13:27:54,537.6311161592188
2022-04-01 13:27:59,539.63
2022-04-01 13:28:04,537.5757328661573
2022-04-01 13:28:09,539.53
2022-04-01 13:28:14,539.47
2022-04-01 13:28:19,539.4
2022-04-01 13:28:24,537.464966280034
2022-04-01 13:28:29,539.34
2022-04-01 13:28:34,539.24
2022-04-01 13:28:39,539.18
2022-04-01 13:28:44,539.11
2022-04-01 13:28:49,537.3265080473801
2022-04-01 13:28:54,537.2988164008492
2022-04-01 13:28:59,539.02
2022-04-01 13:29:04,538.96
2022-04-01 13:29:09,537.2157414612568
2022-04-01 13:29:14,538.83
2022-04-01 13:29:19,537.1603581681952
2022-04-01 13:29:24,537.1326665216644
2022-04-01 13:29:29,538.67
2022-04-01 13:29:34,538.61
2022-04-01 13:29:39,538.55
2022-04-01 13:29:44,537.0218999355411
2022-04-01 13:29:49,536.9942082890104
2022-04-01 13:29:54,538.52
2022-04-01 13:29:59,538.46
2022-04-01 13:30:04,538.39
2022-04-01 13:30:09,536.8834417028871
2022-04-01 13:30:14,536.8557500563562
2022-04-01 13:30:19,538.3
2022-04-01 13:30:24,538.24
2022-04-01 13:30:29,536.7726751167638
2022-04-01 13:30:34,538.24
2022-04-01 13:30:39,538.24
2022-04-01 13:30:44,538.18
2022-04-01 13:30:49,538.18
2022-04-01 13:30:54,538.11
2022-04-01 13:30:59,538.05
2022-04-01 13:31:04,536.5788335910485
2022-04-01 13:31:09,538.05
2022-04-01 13:31:14,538.05
2022-04-01 13:31:19,538.05
2022-04-01 13:31:24,536.4680670049252
2022-04-01 13:31:29,538.05
2022-04-01 13:31:34,538.02
2022-04-01 13:31:39,537.96
2022-04-01 13:31:44,538.02
2022-04-01 13:31:49,538.02
2022-04-01 13:31:54,536.3816226405543
2022-04-01 13:31:59,536.3785707508716
2022-04-01 13:32:04,538.02
2022-04-01 13:32:09,537.96
2022-04-01 13:32:14,537.95
2022-04-01 13:32:19,536.366363192141
2022-04-01 13:32:24,537.96
2022-04-01 13:32:29,536.3602594127756
2022-04-01 13:32:34,537.96
2022-04-01 13:32:39,536.3541556334103
2022-04-01 13:32:44,537.95
2022-04-01 13:32:49,536.3480518540449
2022-04-01 13:32:54,537.96
2022-04-01 13:32:59,537.96
2022-04-01 13:33:04,536.3388961849969
2022-04-01 13:33:09,536.3358442953142
2022-04-01 13:33:14,537.89
2022-04-01 13:33:19,536.329740515949
2022-04-01 13:33:24,537.89
2022-04-01 13:33:29,537.83
2022-04-01 13:33:34,536.3205848469009
2022-04-01 13:33:39,537.79
2022-04-01 13:33:44,537.73
2022-04-01 13:33:49,537.72
2022-04-01 13:33:54,537.72
2022-04-01 13:33:59,537.66
2022-04-01 13:34:04,536.3022735088049
2022-04-01 13:34:09,537.65
2022-04-01 13:34:14,537.58
2022-04-01 13:34:19,537.58
2022-04-01 13:34:24,537.58
2022-04-01 13:34:29,537.51
2022-04-01 13:34:34,537.48
2022-04-01 13:34:39,537.5
2022-04-01 13:34:44,537.47
2022-04-01 13:34:49,536.2748065016609
2022-04-01 13:34:54,537.47
2022-04-01 13:34:59,537.41
2022-04-01 13:35:04,537.35
2022-04-01 13:35:09,537.35
2022-04-01 13:35:14,537.34
2022-04-01 13:35:19,537.28
2022-04-01 13:35:24,537.29
2022-04-01 13:35:29,536.2503913841995
2022-04-01 13:35:34,537.24
2022-04-01 13:35:39,537.25
2022-04-01 13:35:44,537.25
2022-04-01 13:35:49,537.25
2022-04-01 13:35:54,537.24
2022-04-01 13:35:59,537.18
2022-04-01 13:36:04,537.18
2022-04-01 13:36:09,536.2259762667381
2022-04-01 13:36:14,537.12
2022-04-01 13:36:19,537.11
2022-04-01 13:36:24,537.1
2022-04-01 13:36:29,537.11
2022-04-01 13:36:34,537.11
2022-04-01 13:36:39,537.11
2022-04-01 13:36:44,537.04
2022-04-01 13:36:49,536.97
2022-04-01 13:36:54,536.97
2022-04-01 13:36:59,537.04
2022-04-01 13:37:04,536.98
2022-04-01 13:37:09,536.1893535905461
2022-04-01 13:37:14,536.1863017008634
2022-04-01 13:37:19,536.97
2022-04-01 13:37:24,536.94
2022-04-01 13:37:29,536.94
2022-04-01 13:37:34,536.94
2022-04-01 13:37:39,536.1710422524501
2022-04-01 13:37:44,536.1679903627675
2022-04-01 13:37:49,536.87
2022-04-01 13:37:54,536.87
2022-04-01 13:37:59,536.81
2022-04-01 13:38:04,536.81
2022-04-01 13:38:09,536.81
2022-04-01 13:38:14,536.81
2022-04-01 13:38:19,536.75
2022-04-01 13:38:24,536.74
2022-04-01 13:38:29,536.1405233556234
2022-04-01 13:38:34,536.71
2022-04-01 13:38:39,536.71
2022-04-01 13:38:44,536.71
2022-04-01 13:38:49,536.1283157968927
2022-04-01 13:38:54,536.65
2022-04-01 13:38:59,536.65
2022-04-01 13:39:04,536.65
2022-04-01 13:39:09,536.65
2022-04-01 13:39:14,536.58
2022-04-01 13:39:19,536.1100044587967
2022-04-01 13:39:24,536.52
2022-04-01 13:39:29,536.52
2022-04-01 13:39:34,536.52
2022-04-01 13:39:39,536.45
2022-04-01 13:39:44,536.45
2022-04-01 13:39:49,536.42
2022-04-01 13:39:54,536.088641231018
2022-04-01 13:39:59,536.0855893413353
2022-04-01 13:40:04,536.42
2022-04-01 13:40:09,536.07948556197
2022-04-01 13:40:14,536.3
2022-04-01 13:40:19,536.3
2022-04-01 13:40:24,536.070329892922
2022-04-01 13:40:29,536.0672780032394
2022-04-01 13:40:34,536.2
2022-04-01 13:40:39,536.14
2022-04-01 13:40:44,536.07
2022-04-01 13:40:49,536.07
2022-04-01 13:40:54,536.052018554826
2022-04-01 13:40:59,535.94
2022-04-01 13:41:04,535.94
2022-04-01 13:41:09,535.91
2022-04-01 13:41:14,535.91
2022-04-01 13:41:19,536.0367591064127
2022-04-01 13:41:24,535.85
2022-04-01 13:41:29,535.85
2022-04-01 13:41:34,535.79
2022-04-01 13:41:39,535.79
2022-04-01 13:41:44,536.0214996579992
2022-04-01 13:41:49,535.73
2022-04-01 13:41:54,536.015395878634
2022-04-01 13:41:59,535.69
2022-04-01 13:42:04,536.0092920992686
2022-04-01 13:42:09,536.0062402095859
2022-04-01 13:42:14,535.63
2022-04-01 13:42:19,535.57
2022-04-01 13:42:24,535.57
2022-04-01 13:42:29,535.57
2022-04-01 13:42:34,535.5
2022-04-01 13:42:39,535.9879288714899
2022-04-01 13:42:44,535.51
2022-04-01 13:42:49,535.51
2022-04-01 13:42:54,535.44
2022-04-01 13:42:59,535.9757213127592
2022-04-01 13:43:04,535.9726694230766
2022-04-01 13:43:09,535.41
2022-04-01 13:43:14,535.45
2022-04-01 13:43:19,535.42
2022-04-01 13:43:24,535.9604618643459
2022-04-01 13:43:29,535.9574099746632
2022-04-01 13:43:34,535.45
2022-04-01 13:43:39,535.46
2022-04-01 13:43:44,535.46
2022-04-01 13:43:49,535.46
2022-04-01 13:43:54,535.46
2022-04-01 13:43:59,535.46
2022-04-01 13:44:04,535.46
2022-04-01 13:44:09,535.46
2022-04-01 13:44:14,535.53
2022-04-01 13:44:19,535.46
2022-04-01 13:44:24,535.53
2022-04-01 13:44:29,535.53
2022-04-01 13:44:34,535.53
2022-04-01 13:44:39,535.53
2022-04-01 13:44:44,535.53
2022-04-01 13:44:49,535.59
2022-04-01 13:44:54,535.59
2022-04-01 13:44:59,535.6
2022-04-01 13:45:04,535.8994240706925
2022-04-01 13:45:09,535.66
2022-04-01 13:45:14,535.66
2022-04-01 13:45:19,535.66
2022-04-01 13:45:24,535.8872165119618
2022-04-01 13:45:29,535.8841646222792
2022-04-01 13:45:34,535.76
2022-04-01 13:45:39,535.82
2022-04-01 13:45:44,535.89
2022-04-01 13:45:49,535.9099420408899
2022-04-01 13:45:54,535.95
2022-04-01 13:45:59,535.9684316838916
2022-04-01 13:46:04,535.9976765053926
2022-04-01 13:46:09,535.98
2022-04-01 13:46:14,536.0561661483943
2022-04-01 13:46:19,536.04
2022-04-01 13:46:24,536.1
2022-04-01 13:46:29,536.1439006128969
2022-04-01 13:46:34,536.173145434398
2022-04-01 13:46:39,536.2023902558986
2022-04-01 13:46:44,536.27
2022-04-01 13:46:49,536.27
2022-04-01 13:46:54,536.2901247204013
2022-04-01 13:46:59,536.39
2022-04-01 13:47:04,536.3486143634033
2022-04-01 13:47:09,536.49
2022-04-01 13:47:14,536.55
2022-04-01 13:47:19,536.55
2022-04-01 13:47:24,536.4655936494067
2022-04-01 13:47:29,536.68
2022-04-01 13:47:34,536.74
2022-04-01 13:47:39,536.5533281139094
2022-04-01 13:47:44,536.77
2022-04-01 13:47:49,536.84
2022-04-01 13:47:54,536.6410625784121
2022-04-01 13:47:59,536.97
2022-04-01 13:48:04,536.99
2022-04-01 13:48:09,537.0
2022-04-01 13:48:14,536.7580418644158
2022-04-01 13:48:19,537.12
2022-04-01 13:48:24,537.19
2022-04-01 13:48:29,536.8457763289184
2022-04-01 13:48:34,537.28
2022-04-01 13:48:39,537.28
2022-04-01 13:48:44,537.35
2022-04-01 13:48:49,537.41
2022-04-01 13:48:54,537.41
2022-04-01 13:48:59,537.0212452579237
2022-04-01 13:49:04,537.48
2022-04-01 13:49:09,537.57
2022-04-01 13:49:14,537.57
2022-04-01 13:49:19,537.57
2022-04-01 13:49:24,537.63
2022-04-01 13:49:29,537.69
2022-04-01 13:49:34,537.76
2022-04-01 13:49:39,537.76
2022-04-01 13:49:44,537.2844486514318
2022-04-01 13:49:49,537.79
2022-04-01 13:49:54,537.79
2022-04-01 13:49:59,537.85
2022-04-01 13:50:04,537.85
2022-04-01 13:50:09,537.85
2022-04-01 13:50:14,537.91
2022-04-01 13:50:19,537.91
2022-04-01 13:50:24,537.5184072234391
2022-04-01 13:50:29,537.5476520449398
2022-04-01 13:50:34,537.84
2022-04-01 13:50:39,537.84
2022-04-01 13:50:44,537.91
2022-04-01 13:50:49,537.6646313309435
2022-04-01 13:50:54,537.78
2022-04-01 13:50:59,537.78
2022-04-01 13:51:04,537.7523657954462
2022-04-01 13:51:09,537.74
2022-04-01 13:51:14,537.74
2022-04-01 13:51:19,537.74
2022-04-01 13:51:24,537.8693450814499
2022-04-01 13:51:29,537.8985899029506
2022-04-01 13:51:34,537.9278347244515
2022-04-01 13:51:39,537.62
2022-04-01 13:51:44,537.61
2022-04-01 13:51:49,537.55
2022-04-01 13:51:54,537.55
2022-04-01 13:51:59,537.48
2022-04-01 13:52:04,537.48
2022-04-01 13:52:09,538.1325484749578
2022-04-01 13:52:14,537.39
2022-04-01 13:52:19,537.39
2022-04-01 13:52:24,538.2202829394605
2022-04-01 13:52:29,537.26
2022-04-01 13:52:34,537.23
2022-04-01 13:52:39,538.3080174039633
2022-04-01 13:52:44,537.09
2022-04-01 13:52:49,538.3665070469649
2022-04-01 13:52:54,538.3957518684659
2022-04-01 13:52:59,538.4249966899666
2022-04-01 13:53:04,536.81
2022-04-01 13:53:09,536.8
2022-04-01 13:53:14,536.7
2022-04-01 13:53:19,538.5419759759702
2022-04-01 13:53:24,536.58
2022-04-01 13:53:29,538.600465618972
2022-04-01 13:53:34,536.42
2022-04-01 13:53:39,536.36
2022-04-01 13:53:44,536.23
2022-04-01 13:53:49,536.2
2022-04-01 13:53:54,538.7466897264766
2022-04-01 13:53:59,538.7759345479776
2022-04-01 13:54:04,535.9
2022-04-01 13:54:09,535.84
2022-04-01 13:54:14,535.71
2022-04-01 13:54:19,538.892913833981
2022-04-01 13:54:24,535.55
2022-04-01 13:54:29,535.49
2022-04-01 13:54:34,535.42
2022-04-01 13:54:39,535.33
2022-04-01 13:54:44,535.27
2022-04-01 13:54:49,539.0683827629864
2022-04-01 13:54:54,535.1
2022-04-01 13:54:59,535.04
2022-04-01 13:55:04,539.1561172274891
2022-04-01 13:55:09,534.88
2022-04-01 13:55:14,534.81
2022-04-01 13:55:19,534.75
2022-04-01 13:55:24,539.2730965134926
2022-04-01 13:55:29,539.3023413349937
2022-04-01 13:55:34,534.59
2022-04-01 13:55:39,539.3608309779954
2022-04-01 13:55:44,539.3900757994963
2022-04-01 13:55:49,539.419320620997
2022-04-01 13:55:54,534.31
2022-04-01 13:55:59,539.477810263999
2022-04-01 13:56:04,534.18
2022-04-01 13:56:09,534.15
2022-04-01 13:56:14,534.02
2022-04-01 13:56:19,533.96
2022-04-01 13:56:24,533.89
2022-04-01 13:56:29,533.86
2022-04-01 13:56:34,539.6825240145051
2022-04-01 13:56:39,533.74
2022-04-01 13:56:44,539.7410136575071
2022-04-01 13:56:49,539.7702584790078
2022-04-01 13:56:54,533.64
2022-04-01 13:56:59,533.64
2022-04-01 13:57:04,533.51
2022-04-01 13:57:09,533.51
2022-04-01 13:57:14,533.45
2022-04-01 13:57:19,533.39
2022-04-01 13:57:24,539.9749722295142
2022-04-01 13:57:29,533.29
2022-04-01 13:57:34,533.23
2022-04-01 13:57:39,533.17
2022-04-01 13:57:44,533.14
2022-04-01 13:57:49,533.14
2022-04-01 13:57:54,533.08
2022-04-01 13:57:59,532.95
2022-04-01 13:58:04,532.95
2022-04-01 13:58:09,532.88
2022-04-01 13:58:14,532.89
2022-04-01 13:58:19,532.86
2022-04-01 13:58:24,540.3259100875248
2022-04-01 13:58:29,532.79
2022-04-01 13:58:34,532.73
2022-04-01 13:58:39,532.66
2022-04-01 13:58:44,532.66
2022-04-01 13:58:49,532.63
2022-04-01 13:58:54,532.57
2022-04-01 13:58:59,540.5306238380311
2022-04-01 13:59:04,532.57
2022-04-01 13:59:09,532.57
2022-04-01 13:59:14,540.6183583025338
2022-04-01 13:59:19,532.5
2022-04-01 13:59:24,532.43
2022-04-01 13:59:29,540.7060927670366
2022-04-01 13:59:34,532.37
2022-04-01 13:59:39,532.37
2022-04-01 13:59:44,532.37
2022-04-01 13:59:49,532.37
2022-04-01 13:59:54,532.37
2022-04-01 13:59:59,540.8438924670248
2022-04-01 14:00:04,532.36
2022-04-01 14:00:09,532.33
2022-04-01 14:00:14,540.8782563880128
2022-04-01 14:00:19,532.34
2022-04-01 14:00:24,532.27
2022-04-01 14:00:29,532.27
2022-04-01 14:00:34,532.33
2022-04-01 14:00:39,532.27
2022-04-01 14:00:44,532.27
2022-04-01 14:00:49,532.27
2022-04-01 14:00:54,540.9698935106475
2022-04-01 14:00:59,540.9813481509768
2022-04-01 14:01:04,532.14
2022-04-01 14:01:09,541.0042574316356
2022-04-01 14:01:14,532.03
2022-04-01 14:01:19,541.0271667122943
2022-04-01 14:01:24,541.0386213526235
2022-04-01 14:01:29,532.03
2022-04-01 14:01:34,541.0615306332822
2022-04-01 14:01:39,531.91
2022-04-01 14:01:44,531.9
2022-04-01 14:01:49,541.0958945542702
2022-04-01 14:01:54,541.1073491945995
2022-04-01 14:01:59,541.1188038349289
2022-04-01 14:02:04,541.1302584752583
2022-04-01 14:02:09,541.1417131155875
2022-04-01 14:02:14,531.61
2022-04-01 14:02:19,541.1646223962463
2022-04-01 14:02:24,531.52
2022-04-01 14:02:29,531.45
2022-04-01 14:02:34,541.1989863172342
2022-04-01 14:02:39,541.2104409575636
2022-04-01 14:02:44,531.32
2022-04-01 14:02:49,541.2333502382223
2022-04-01 14:02:54,531.22
2022-04-01 14:02:59,531.15
2022-04-01 14:03:04,531.09
2022-04-01 14:03:09,531.06
2022-04-01 14:03:14,541.2906234398689
2022-04-01 14:03:19,530.93
2022-04-01 14:03:24,541.3135327205276
2022-04-01 14:03:29,530.76
2022-04-01 14:03:34,530.7
2022-04-01 14:03:39,530.63
2022-04-01 14:03:44,530.63
2022-04-01 14:03:49,530.56
2022-04-01 14:03:54,541.3822605625037
2022-04-01 14:03:59,541.3937152028329
2022-04-01 14:04:04,530.4
2022-04-01 14:04:09,530.34
2022-04-01 14:04:14,530.27
2022-04-01 14:04:19,530.27
2022-04-01 14:04:24,530.24
2022-04-01 14:04:29,530.17
2022-04-01 14:04:34,530.17
2022-04-01 14:04:39,530.11
2022-04-01 14:04:44,530.11
2022-04-01 14:04:49,530.11
2022-04-01 14:04:54,530.04
2022-04-01 14:04:59,530.04
2022-04-01 14:05:04,530.04
2022-04-01 14:05:09,530.04
2022-04-01 14:05:14,530.01
2022-04-01 14:05:19,541.5769894481024
2022-04-01 14:05:24,530.01
2022-04-01 14:05:29,530.01
2022-04-01 14:05:34,530.01
2022-04-01 14:05:39,530.01
2022-04-01 14:05:44,530.01
2022-04-01 14:05:49,530.01
2022-04-01 14:05:54,530.01
2022-04-01 14:05:59,530.0
2022-04-01 14:06:04,530.0
2022-04-01 14:06:09,530.0
2022-04-01 14:06:14,541.702990491725
2022-04-01 14:06:19,530.04
2022-04-01 14:06:24,530.04
2022-04-01 14:06:29,541.7373544127131
2022-04-01 14:06:34,530.04
2022-04-01 14:06:39,530.04
2022-04-01 14:06:44,530.1
2022-04-01 14:06:49,541.7831729740304
2022-04-01 14:06:54,530.1
2022-04-01 14:06:59,541.8060822546892
2022-04-01 14:07:04,541.8175368950184
2022-04-01 14:07:09,541.8289915353478
2022-04-01 14:07:14,530.17
2022-04-01 14:07:19,541.8519008160065
2022-04-01 14:07:24,530.24
2022-04-01 14:07:29,541.8748100966652
2022-04-01 14:07:34,530.27
2022-04-01 14:07:39,530.27
2022-04-01 14:07:44,530.27
2022-04-01 14:07:49,541.9206286579824
2022-04-01 14:07:54,530.33
2022-04-01 14:07:59,530.33
2022-04-01 14:08:04,530.34
2022-04-01 14:08:09,530.4
2022-04-01 14:08:14,541.9779018596292
2022-04-01 14:08:19,530.46
2022-04-01 14:08:24,542.0008111402879
2022-04-01 14:08:29,530.47
2022-04-01 14:08:34,542.0237204209465
2022-04-01 14:08:39,530.53
2022-04-01 14:08:44,542.0466297016052
2022-04-01 14:08:49,530.53
2022-04-01 14:08:54,530.57
2022-04-01 14:08:59,530.57
2022-04-01 14:09:04,530.57
2022-04-01 14:09:09,542.1039029032519
2022-04-01 14:09:14,530.63
2022-04-01 14:09:19,530.7
2022-04-01 14:09:24,530.7
2022-04-01 14:09:29,530.7
2022-04-01 14:09:34,542.1611761048986
2022-04-01 14:09:39,530.77
2022-04-01 14:09:44,542.1840853855573
2022-04-01 14:09:49,530.77
2022-04-01 14:09:54,542.2069946662159
2022-04-01 14:09:59,530.77
2022-04-01 14:10:04,542.2299039468745
2022-04-01 14:10:09,530.77
2022-04-01 14:10:14,530.78
2022-04-01 14:10:19,542.2642678678626
2022-04-01 14:10:24,530.71
2022-04-01 14:10:29,530.71
2022-04-01 14:10:34,530.72
2022-04-01 14:10:39,530.72
2022-04-01 14:10:44,530.72
2022-04-01 14:10:49,530.72
2022-04-01 14:10:54,530.72
2022-04-01 14:10:59,530.72
2022-04-01 14:11:04,530.66
2022-04-01 14:11:09,542.378814271156
2022-04-01 14:11:14,530.72
2022-04-01 14:11:19,530.66
2022-04-01 14:11:24,530.66
2022-04-01 14:11:29,530.67
2022-04-01 14:11:34,530.67
2022-04-01 14:11:39,542.4475421131319
2022-04-01 14:11:44,530.67
2022-04-01 14:11:49,530.6
2022-04-01 14:11:54,530.6
2022-04-01 14:11:59,530.6
2022-04-01 14:12:04,530.61
2022-04-01 14:12:09,530.61
2022-04-01 14:12:14,542.5277245954373
2022-04-01 14:12:19,530.61
2022-04-01 14:12:24,530.61
2022-04-01 14:12:29,530.67
2022-04-01 14:12:34,542.5735431567547
2022-04-01 14:12:39,530.67
2022-04-01 14:12:44,530.74
2022-04-01 14:12:49,530.67
2022-04-01 14:12:54,542.619361718072
2022-04-01 14:12:59,530.74
2022-04-01 14:13:04,530.74
2022-04-01 14:13:09,542.65372563906
2022-04-01 14:13:14,530.8
2022-04-01 14:13:19,530.8
2022-04-01 14:13:24,530.84
2022-04-01 14:13:29,530.9
2022-04-01 14:13:34,530.9
2022-04-01 14:13:39,531.03
2022-04-01 14:13:44,531.03
2022-04-01 14:13:49,542.7453627616948
2022-04-01 14:13:54,531.09
2022-04-01 14:13:59,542.7101228579115
2022-04-01 14:14:04,531.18
2022-04-01 14:14:09,542.6231828474441
2022-04-01 14:14:14,542.5797128422103
2022-04-01 14:14:19,542.5362428369763
2022-04-01 14:14:24,531.33
2022-04-01 14:14:29,531.45
2022-04-01 14:14:34,531.52
2022-04-01 14:14:39,531.59
2022-04-01 14:14:44,531.69
2022-04-01 14:14:49,531.75
2022-04-01 14:14:54,531.81
2022-04-01 14:14:59,531.82
2022-04-01 14:15:04,542.1450127898725
2022-04-01 14:15:09,542.1015427846389
2022-04-01 14:15:14,532.1
2022-04-01 14:15:19,532.14
2022-04-01 14:15:24,532.26
2022-04-01 14:15:29,532.33
2022-04-01 14:15:34,532.36
2022-04-01 14:15:39,541.8407227532363
2022-04-01 14:15:44,541.7972527480024
2022-04-01 14:15:49,532.62
2022-04-01 14:15:54,532.65
2022-04-01 14:15:59,541.6668427323011
2022-04-01 14:16:04,532.84
2022-04-01 14:16:09,532.93
2022-04-01 14:16:14,533.0
2022-04-01 14:16:19,541.4929627113659
2022-04-01 14:16:24,533.16
2022-04-01 14:16:29,533.28
2022-04-01 14:16:34,541.3625526956646
2022-04-01 14:16:39,533.44
2022-04-01 14:16:44,533.5
2022-04-01 14:16:49,533.63
2022-04-01 14:16:54,533.72
2022-04-01 14:16:59,533.79
2022-04-01 14:17:04,533.89
2022-04-01 14:17:09,533.89
2022-04-01 14:17:14,534.08
2022-04-01 14:17:19,534.17
2022-04-01 14:17:24,540.9278526433268
2022-04-01 14:17:29,534.37
2022-04-01 14:17:34,534.46
2022-04-01 14:17:39,540.7974426276254
2022-04-01 14:17:44,540.753972622392
2022-04-01 14:17:49,540.710502617158
2022-04-01 14:17:54,534.81
2022-04-01 14:17:59,540.6235626066907
2022-04-01 14:18:04,535.04
2022-04-01 14:18:09,540.5366225962229
2022-04-01 14:18:14,535.19
2022-04-01 14:18:19,535.26
2022-04-01 14:18:24,535.38
2022-04-01 14:18:29,535.48
2022-04-01 14:18:34,535.61
2022-04-01 14:18:39,535.7
2022-04-01 14:18:44,535.77
2022-04-01 14:18:49,540.1888625543528
2022-04-01 14:18:54,535.99
2022-04-01 14:18:59,536.06
2022-04-01 14:19:04,536.22
2022-04-01 14:19:09,540.0149825334177
2022-04-01 14:19:14,539.9715125281841
2022-04-01 14:19:19,536.44
2022-04-01 14:19:24,536.57
2022-04-01 14:19:29,536.7
2022-04-01 14:19:34,539.7976325072489
2022-04-01 14:19:39,536.86
2022-04-01 14:19:44,536.92
2022-04-01 14:19:49,537.02
2022-04-01 14:19:54,539.6237524863137
2022-04-01 14:19:59,537.15
2022-04-01 14:20:04,539.5368124758463
2022-04-01 14:20:09,537.31
2022-04-01 14:20:14,537.38
2022-04-01 14:20:19,537.47
2022-04-01 14:20:24,537.54
2022-04-01 14:20:29,537.6
2022-04-01 14:20:34,537.67
2022-04-01 14:20:39,537.73
2022-04-01 14:20:44,539.1890524339759
2022-04-01 14:20:49,537.73
2022-04-01 14:20:54,537.76
2022-04-01 14:20:59,539.0586424182745
2022-04-01 14:21:04,537.83
2022-04-01 14:21:09,538.9717024078071
2022-04-01 14:21:14,537.84
2022-04-01 14:21:19,538.8847623973397
2022-04-01 14:21:24,538.8412923921059
2022-04-01 14:21:29,538.797822386872
2022-04-01 14:21:34,538.7543523816385
2022-04-01 14:21:39,537.77
2022-04-01 14:21:44,538.6674123711707
2022-04-01 14:21:49,537.68
2022-04-01 14:21:54,537.74
2022-04-01 14:21:59,537.68
2022-04-01 14:22:04,537.68
2022-04-01 14:22:09,537.61
2022-04-01 14:22:14,538.406592339768
2022-04-01 14:22:19,537.49
2022-04-01 14:22:24,538.3196523293007
2022-04-01 14:22:29,537.45
2022-04-01 14:22:34,538.2327123188333
2022-04-01 14:22:39,537.33
2022-04-01 14:22:44,537.26
2022-04-01 14:22:49,537.27
2022-04-01 14:22:54,537.24
2022-04-01 14:22:59,537.17
2022-04-01 14:23:04,537.17
2022-04-01 14:23:09,537.11
2022-04-01 14:23:14,537.04
2022-04-01 14:23:19,537.8414822717293
2022-04-01 14:23:24,536.98
2022-04-01 14:23:29,537.05
2022-04-01 14:23:34,537.711072256028
2022-04-01 14:23:39,537.6676022507941
2022-04-01 14:23:44,536.89
2022-04-01 14:23:49,536.89
2022-04-01 14:23:54,536.82
2022-04-01 14:23:59,536.83
2022-04-01 14:24:04,536.83
2022-04-01 14:24:09,536.89
2022-04-01 14:24:14,537.3633122141576
2022-04-01 14:24:19,536.76
2022-04-01 14:24:24,536.76
2022-04-01 14:24:29,536.76
2022-04-01 14:24:34,536.76
2022-04-01 14:24:39,537.1459621879889
2022-04-01 14:24:44,536.73
2022-04-01 14:24:49,536.73
2022-04-01 14:24:54,536.73
2022-04-01 14:24:59,536.73
2022-04-01 14:25:04,536.73
2022-04-01 14:25:09,536.77
2022-04-01 14:25:14,536.67
2022-04-01 14:25:19,536.66
2022-04-01 14:25:24,536.66
2022-04-01 14:25:29,536.66
2022-04-01 14:25:34,536.67
2022-04-01 14:25:39,536.67
2022-04-01 14:25:44,536.67
2022-04-01 14:25:49,536.66
2022-04-01 14:25:54,536.4939121094824
2022-04-01 14:25:59,536.4504421042485
2022-04-01 14:26:04,536.59
2022-04-01 14:26:09,536.52
2022-04-01 14:26:14,536.3200320885471
2022-04-01 14:26:19,536.46
2022-04-01 14:26:24,536.43
2022-04-01 14:26:29,536.43
2022-04-01 14:26:34,536.146152067612
2022-04-01 14:26:39,536.1026820623784
2022-04-01 14:26:44,536.36
2022-04-01 14:26:49,536.36
2022-04-01 14:26:54,536.23
2022-04-01 14:26:59,536.3
2022-04-01 14:27:04,535.8853320362093
2022-04-01 14:27:09,535.8418620309758
2022-04-01 14:27:14,535.7983920257419
2022-04-01 14:27:19,535.754922020508
2022-04-01 14:27:24,535.7114520152745
2022-04-01 14:27:29,536.08
2022-04-01 14:27:34,536.07
2022-04-01 14:27:39,536.01
2022-04-01 14:27:44,536.08
2022-04-01 14:27:49,536.01
2022-04-01 14:27:54,535.95
2022-04-01 14:27:59,536.01
