date,TE_8332A.AV_0#
2022-03-27 14:28:54,517.5542699005485
2022-03-27 14:28:59,538.29
2022-03-27 14:29:04,517.620181859049
2022-03-27 14:29:09,538.25
2022-03-27 14:29:14,538.25
2022-03-27 14:29:19,538.25
2022-03-27 14:29:24,538.19
2022-03-27 14:29:29,538.26
2022-03-27 14:29:34,538.19
2022-03-27 14:29:39,517.8420425739624
2022-03-27 14:29:44,538.19
2022-03-27 14:29:49,538.19
2022-03-27 14:29:54,517.9329840461508
2022-03-27 14:29:59,517.9627534196643
2022-03-27 14:30:04,538.26
2022-03-27 14:30:09,518.0214818522016
2022-03-27 14:30:14,518.0504430316699
2022-03-27 14:30:19,538.29
2022-03-27 14:30:24,538.29
2022-03-27 14:30:29,538.36
2022-03-27 14:30:34,538.36
2022-03-27 14:30:39,538.42
2022-03-27 14:30:44,538.42
2022-03-27 14:30:49,538.49
2022-03-27 14:30:54,538.49
2022-03-27 14:30:59,538.52
2022-03-27 14:31:04,538.52
2022-03-27 14:31:09,538.59
2022-03-27 14:31:14,538.59
2022-03-27 14:31:19,538.65
2022-03-27 14:31:24,538.65
2022-03-27 14:31:29,538.71
2022-03-27 14:31:34,538.78
2022-03-27 14:31:39,538.81
2022-03-27 14:31:44,538.88
2022-03-27 14:31:49,538.88
2022-03-27 14:31:54,538.94
2022-03-27 14:31:59,539.0
2022-03-27 14:32:04,539.03
2022-03-27 14:32:09,539.1
2022-03-27 14:32:14,539.17
2022-03-27 14:32:19,539.23
2022-03-27 14:32:24,539.32
2022-03-27 14:32:29,539.39
2022-03-27 14:32:34,539.52
2022-03-27 14:32:39,539.52
2022-03-27 14:32:44,539.61
2022-03-27 14:32:49,539.61
2022-03-27 14:32:54,539.74
2022-03-27 14:32:59,539.81
2022-03-27 14:33:04,539.84
2022-03-27 14:33:09,518.9032694310232
2022-03-27 14:33:14,539.97
2022-03-27 14:33:19,540.03
2022-03-27 14:33:24,540.06
2022-03-27 14:33:29,540.19
2022-03-27 14:33:34,540.19
2022-03-27 14:33:39,540.26
2022-03-27 14:33:44,540.32
2022-03-27 14:33:49,540.35
2022-03-27 14:33:54,519.0751746882088
2022-03-27 14:33:59,540.48
2022-03-27 14:34:04,540.54
2022-03-27 14:34:09,540.57
2022-03-27 14:34:14,540.57
2022-03-27 14:34:19,519.1629061592274
2022-03-27 14:34:24,540.7
2022-03-27 14:34:29,540.83
2022-03-27 14:34:34,540.83
2022-03-27 14:34:39,540.86
2022-03-27 14:34:44,540.93
2022-03-27 14:34:49,540.99
2022-03-27 14:34:54,519.2767161844463
2022-03-27 14:34:59,519.292134657216
2022-03-27 14:35:04,541.15
2022-03-27 14:35:09,541.21
2022-03-27 14:35:14,541.28
2022-03-27 14:35:19,541.34
2022-03-27 14:35:24,541.37
2022-03-27 14:35:29,541.5
2022-03-27 14:35:34,519.3943316818984
2022-03-27 14:35:39,541.57
2022-03-27 14:35:44,541.57
2022-03-27 14:35:49,541.66
2022-03-27 14:35:54,541.66
2022-03-27 14:35:59,541.73
2022-03-27 14:36:04,541.79
2022-03-27 14:36:09,541.79
2022-03-27 14:36:14,519.499184085449
2022-03-27 14:36:19,541.86
2022-03-27 14:36:24,541.86
2022-03-27 14:36:29,541.89
2022-03-27 14:36:34,541.89
2022-03-27 14:36:39,541.95
2022-03-27 14:36:44,541.95
2022-03-27 14:36:49,542.02
2022-03-27 14:36:54,542.02
2022-03-27 14:36:59,542.02
2022-03-27 14:37:04,542.02
2022-03-27 14:37:09,519.6235135401582
2022-03-27 14:37:14,542.08
2022-03-27 14:37:19,542.08
2022-03-27 14:37:24,542.08
2022-03-27 14:37:29,542.08
2022-03-27 14:37:34,542.02
2022-03-27 14:37:39,542.02
2022-03-27 14:37:44,541.96
2022-03-27 14:37:49,541.96
2022-03-27 14:37:54,541.89
2022-03-27 14:37:59,541.89
2022-03-27 14:38:04,541.86
2022-03-27 14:38:09,541.8
2022-03-27 14:38:14,541.73
2022-03-27 14:38:19,541.67
2022-03-27 14:38:24,519.7583699354228
2022-03-27 14:38:29,541.57
2022-03-27 14:38:34,541.51
2022-03-27 14:38:39,541.45
2022-03-27 14:38:44,541.39
2022-03-27 14:38:49,541.35
2022-03-27 14:38:54,541.22
2022-03-27 14:38:59,541.16
2022-03-27 14:39:04,541.06
2022-03-27 14:39:09,541.06
2022-03-27 14:39:14,540.87
2022-03-27 14:39:19,540.84
2022-03-27 14:39:24,540.71
2022-03-27 14:39:29,540.65
2022-03-27 14:39:34,540.55
2022-03-27 14:39:39,519.8564667794076
2022-03-27 14:39:44,540.43
2022-03-27 14:39:49,540.33
2022-03-27 14:39:54,540.2
2022-03-27 14:39:59,519.8768742604427
2022-03-27 14:40:04,540.04
2022-03-27 14:40:09,539.91
2022-03-27 14:40:14,539.85
2022-03-27 14:40:19,539.75
2022-03-27 14:40:24,539.63
2022-03-27 14:40:29,539.56
2022-03-27 14:40:34,539.53
2022-03-27 14:40:39,539.4
2022-03-27 14:40:44,519.9145154182189
2022-03-27 14:40:49,539.24
2022-03-27 14:40:54,539.18
2022-03-27 14:40:59,539.05
2022-03-27 14:41:04,539.02
2022-03-27 14:41:09,519.930698560946
2022-03-27 14:41:14,538.79
2022-03-27 14:41:19,538.66
2022-03-27 14:41:24,538.66
2022-03-27 14:41:29,538.54
2022-03-27 14:41:34,538.44
2022-03-27 14:41:39,538.38
2022-03-27 14:41:44,519.9479923322134
2022-03-27 14:41:49,538.15
2022-03-27 14:41:54,538.09
2022-03-27 14:41:59,537.99
2022-03-27 14:42:04,537.93
2022-03-27 14:42:09,537.8
2022-03-27 14:42:14,537.77
2022-03-27 14:42:19,537.7
2022-03-27 14:42:24,537.58
2022-03-27 14:42:29,537.51
2022-03-27 14:42:34,537.48
2022-03-27 14:42:39,537.42
2022-03-27 14:42:44,537.29
2022-03-27 14:42:49,537.26
2022-03-27 14:42:54,537.13
2022-03-27 14:42:59,537.13
2022-03-27 14:43:04,537.07
2022-03-27 14:43:09,536.97
2022-03-27 14:43:14,536.97
2022-03-27 14:43:19,519.9661012461254
2022-03-27 14:43:24,536.78
2022-03-27 14:43:29,536.78
2022-03-27 14:43:34,536.68
2022-03-27 14:43:39,536.68
2022-03-27 14:43:44,536.62
2022-03-27 14:43:49,536.49
2022-03-27 14:43:54,536.49
2022-03-27 14:43:59,536.46
2022-03-27 14:44:04,536.4
2022-03-27 14:44:09,536.33
2022-03-27 14:44:14,536.27
2022-03-27 14:44:19,536.24
2022-03-27 14:44:24,519.9570793884624
2022-03-27 14:44:29,536.11
2022-03-27 14:44:34,536.04
2022-03-27 14:44:39,536.04
2022-03-27 14:44:44,535.98
2022-03-27 14:44:49,535.95
2022-03-27 14:44:54,535.95
2022-03-27 14:44:59,535.88
2022-03-27 14:45:04,535.82
2022-03-27 14:45:09,535.76
2022-03-27 14:45:14,535.76
2022-03-27 14:45:19,535.73
2022-03-27 14:45:24,535.66
2022-03-27 14:45:29,535.66
2022-03-27 14:45:34,535.6
2022-03-27 14:45:39,535.6
2022-03-27 14:45:44,535.53
2022-03-27 14:45:49,535.54
2022-03-27 14:45:54,535.54
2022-03-27 14:45:59,535.44
2022-03-27 14:46:04,519.9152928523116
2022-03-27 14:46:09,535.38
2022-03-27 14:46:14,535.38
2022-03-27 14:46:19,535.32
2022-03-27 14:46:24,519.9035040323099
2022-03-27 14:46:29,535.22
2022-03-27 14:46:34,535.22
2022-03-27 14:46:39,535.22
2022-03-27 14:46:44,535.16
2022-03-27 14:46:49,535.16
2022-03-27 14:46:54,535.03
2022-03-27 14:46:59,535.03
2022-03-27 14:47:04,534.97
2022-03-27 14:47:09,534.97
2022-03-27 14:47:14,534.97
2022-03-27 14:47:19,534.94
2022-03-27 14:47:24,534.87
2022-03-27 14:47:29,534.81
2022-03-27 14:47:34,534.81
2022-03-27 14:47:39,534.75
2022-03-27 14:47:44,534.71
2022-03-27 14:47:49,534.65
2022-03-27 14:47:54,534.65
2022-03-27 14:47:59,534.59
2022-03-27 14:48:04,534.53
2022-03-27 14:48:09,534.46
2022-03-27 14:48:14,534.46
2022-03-27 14:48:19,534.36
2022-03-27 14:48:24,534.36
2022-03-27 14:48:29,534.3
2022-03-27 14:48:34,534.3
2022-03-27 14:48:39,534.24
2022-03-27 14:48:44,534.2
2022-03-27 14:48:49,534.14
2022-03-27 14:48:54,519.7883608999605
2022-03-27 14:48:59,519.7839022284447
2022-03-27 14:49:04,534.01
2022-03-27 14:49:09,533.95
2022-03-27 14:49:14,533.92
2022-03-27 14:49:19,533.85
2022-03-27 14:49:24,533.79
2022-03-27 14:49:29,519.7565840285952
2022-03-27 14:49:34,533.72
2022-03-27 14:49:39,533.63
2022-03-27 14:49:44,533.62
2022-03-27 14:49:49,533.56
2022-03-27 14:49:54,533.56
2022-03-27 14:49:59,533.5
2022-03-27 14:50:04,533.43
2022-03-27 14:50:09,533.4
2022-03-27 14:50:14,533.33
2022-03-27 14:50:19,519.7093774886584
2022-03-27 14:50:24,533.21
2022-03-27 14:50:29,533.27
2022-03-27 14:50:34,533.17
2022-03-27 14:50:39,533.11
2022-03-27 14:50:44,519.6852668050852
2022-03-27 14:50:49,532.98
2022-03-27 14:50:54,532.92
2022-03-27 14:50:59,532.88
2022-03-27 14:51:04,532.82
2022-03-27 14:51:09,532.75
2022-03-27 14:51:14,532.69
2022-03-27 14:51:19,532.66
2022-03-27 14:51:24,532.66
2022-03-27 14:51:29,532.59
2022-03-27 14:51:34,532.53
2022-03-27 14:51:39,532.46
2022-03-27 14:51:44,532.4
2022-03-27 14:51:49,519.6221536601167
2022-03-27 14:51:54,532.36
2022-03-27 14:51:59,532.36
2022-03-27 14:52:04,532.3
2022-03-27 14:52:09,532.23
2022-03-27 14:52:14,532.17
2022-03-27 14:52:19,532.13
2022-03-27 14:52:24,532.13
2022-03-27 14:52:29,532.07
2022-03-27 14:52:34,532.0
2022-03-27 14:52:39,531.94
2022-03-27 14:52:44,531.94
2022-03-27 14:52:49,531.87
2022-03-27 14:52:54,531.84
2022-03-27 14:52:59,531.84
2022-03-27 14:53:04,531.77
2022-03-27 14:53:09,531.77
2022-03-27 14:53:14,531.71
2022-03-27 14:53:19,519.5373015146267
2022-03-27 14:53:24,531.65
2022-03-27 14:53:29,531.65
2022-03-27 14:53:34,531.61
2022-03-27 14:53:39,531.61
2022-03-27 14:53:44,531.48
2022-03-27 14:53:49,531.48
2022-03-27 14:53:54,531.42
2022-03-27 14:53:59,519.5019679233835
2022-03-27 14:54:04,531.36
2022-03-27 14:54:09,531.32
2022-03-27 14:54:14,531.32
2022-03-27 14:54:19,531.26
2022-03-27 14:54:24,531.19
2022-03-27 14:54:29,531.13
2022-03-27 14:54:34,519.4728639811111
2022-03-27 14:54:39,531.1
2022-03-27 14:54:44,531.03
2022-03-27 14:54:49,530.97
2022-03-27 14:54:54,519.4571405936732
2022-03-27 14:54:59,530.9
2022-03-27 14:55:04,530.84
2022-03-27 14:55:09,530.81
2022-03-27 14:55:14,530.81
2022-03-27 14:55:19,530.75
2022-03-27 14:55:24,530.68
2022-03-27 14:55:29,530.68
2022-03-27 14:55:34,530.59
2022-03-27 14:55:39,530.59
2022-03-27 14:55:44,519.4212389326605
2022-03-27 14:55:49,530.52
2022-03-27 14:55:54,530.46
2022-03-27 14:55:59,530.4
2022-03-27 14:56:04,530.33
2022-03-27 14:56:09,530.3
2022-03-27 14:56:14,530.23
2022-03-27 14:56:19,530.17
2022-03-27 14:56:24,530.11
2022-03-27 14:56:29,530.11
2022-03-27 14:56:34,530.01
2022-03-27 14:56:39,530.01
2022-03-27 14:56:44,529.88
2022-03-27 14:56:49,529.95
2022-03-27 14:56:54,529.82
2022-03-27 14:56:59,529.82
2022-03-27 14:57:04,529.79
2022-03-27 14:57:09,519.3738899592313
2022-03-27 14:57:14,529.73
2022-03-27 14:57:19,529.66
2022-03-27 14:57:24,529.66
2022-03-27 14:57:29,529.6
2022-03-27 14:57:34,529.6
2022-03-27 14:57:39,529.57
2022-03-27 14:57:44,529.57
2022-03-27 14:57:49,529.5
2022-03-27 14:57:54,529.44
2022-03-27 14:57:59,519.3559852923413
2022-03-27 14:58:04,529.44
2022-03-27 14:58:09,529.38
2022-03-27 14:58:14,529.38
2022-03-27 14:58:19,519.351320055931
2022-03-27 14:58:24,529.31
2022-03-27 14:58:29,529.32
2022-03-27 14:58:34,529.32
2022-03-27 14:58:39,529.29
2022-03-27 14:58:44,519.3477341974312
2022-03-27 14:58:49,529.32
2022-03-27 14:58:54,529.32
2022-03-27 14:58:59,529.32
2022-03-27 14:59:04,529.32
2022-03-27 14:59:09,529.32
2022-03-27 14:59:14,529.32
2022-03-27 14:59:19,529.39
2022-03-27 14:59:24,519.3476820329304
2022-03-27 14:59:29,529.39
2022-03-27 14:59:34,529.45
2022-03-27 14:59:39,529.45
2022-03-27 14:59:44,529.52
2022-03-27 14:59:49,529.58
2022-03-27 14:59:54,529.58
2022-03-27 14:59:59,529.59
2022-03-27 15:00:04,529.68
2022-03-27 15:00:09,529.62
2022-03-27 15:00:14,529.68
2022-03-27 15:00:19,519.3604402587825
2022-03-27 15:00:24,529.81
2022-03-27 15:00:29,529.85
2022-03-27 15:00:34,529.85
2022-03-27 15:00:39,519.369149360307
2022-03-27 15:00:44,529.91
2022-03-27 15:00:49,530.04
2022-03-27 15:00:54,530.04
2022-03-27 15:00:59,530.04
2022-03-27 15:01:04,530.14
2022-03-27 15:01:09,530.14
2022-03-27 15:01:14,530.2
2022-03-27 15:01:19,530.27
2022-03-27 15:01:24,530.27
2022-03-27 15:01:29,530.37
2022-03-27 15:01:34,530.37
2022-03-27 15:01:39,530.43
2022-03-27 15:01:44,530.5
2022-03-27 15:01:49,530.56
2022-03-27 15:01:54,530.63
2022-03-27 15:01:59,530.66
2022-03-27 15:02:04,530.66
2022-03-27 15:02:09,530.79
2022-03-27 15:02:14,530.85
2022-03-27 15:02:19,530.86
2022-03-27 15:02:24,530.89
2022-03-27 15:02:29,530.95
2022-03-27 15:02:34,531.02
2022-03-27 15:02:39,531.08
2022-03-27 15:02:44,531.15
2022-03-27 15:02:49,519.4876221030167
2022-03-27 15:02:54,531.18
2022-03-27 15:02:59,531.31
2022-03-27 15:03:04,531.31
2022-03-27 15:03:09,531.41
2022-03-27 15:03:14,519.5242181470824
2022-03-27 15:03:19,519.5321258207349
2022-03-27 15:03:24,531.54
2022-03-27 15:03:29,531.54
2022-03-27 15:03:34,531.67
2022-03-27 15:03:39,519.5657740802945
2022-03-27 15:03:44,531.7
2022-03-27 15:03:49,531.7
2022-03-27 15:03:54,531.77
2022-03-27 15:03:59,531.83
2022-03-27 15:04:04,531.83
2022-03-27 15:04:09,519.622484015585
2022-03-27 15:04:14,531.93
2022-03-27 15:04:19,531.9
2022-03-27 15:04:24,532.0
2022-03-27 15:04:29,532.0
2022-03-27 15:04:34,532.0
2022-03-27 15:04:39,532.07
2022-03-27 15:04:44,532.07
2022-03-27 15:04:49,532.13
2022-03-27 15:04:54,519.7223017955095
2022-03-27 15:04:59,532.2
2022-03-27 15:05:04,532.2
2022-03-27 15:05:09,532.29
2022-03-27 15:05:14,532.3
2022-03-27 15:05:19,519.7857978660071
2022-03-27 15:05:24,532.36
2022-03-27 15:05:29,532.43
2022-03-27 15:05:34,532.46
2022-03-27 15:05:39,532.46
2022-03-27 15:05:44,532.52
2022-03-27 15:05:49,532.53
2022-03-27 15:05:54,519.8848365192651
2022-03-27 15:05:59,519.8999801363126
2022-03-27 15:06:04,519.9153776042564
2022-03-27 15:06:09,532.65
2022-03-27 15:06:14,532.66
2022-03-27 15:06:19,532.72
2022-03-27 15:06:24,532.66
2022-03-27 15:06:29,532.66
2022-03-27 15:06:34,532.72
2022-03-27 15:06:39,532.75
2022-03-27 15:06:44,532.72
2022-03-27 15:06:49,532.72
2022-03-27 15:06:54,532.72
2022-03-27 15:06:59,532.72
2022-03-27 15:07:04,532.72
2022-03-27 15:07:09,532.59
2022-03-27 15:07:14,532.66
2022-03-27 15:07:19,532.66
2022-03-27 15:07:24,532.59
2022-03-27 15:07:29,532.53
2022-03-27 15:07:34,532.53
2022-03-27 15:07:39,532.53
2022-03-27 15:07:44,532.53
2022-03-27 15:07:49,532.53
2022-03-27 15:07:54,532.46
2022-03-27 15:07:59,532.43
2022-03-27 15:08:04,532.43
2022-03-27 15:08:09,532.37
2022-03-27 15:08:14,532.3
2022-03-27 15:08:19,520.4332052950501
2022-03-27 15:08:24,532.24
2022-03-27 15:08:29,520.4798830027228
2022-03-27 15:08:34,532.24
2022-03-27 15:08:39,532.14
2022-03-27 15:08:44,532.07
2022-03-27 15:08:49,532.07
2022-03-27 15:08:54,532.01
2022-03-27 15:08:59,531.94
2022-03-27 15:09:04,520.6529275462098
2022-03-27 15:09:09,531.95
2022-03-27 15:09:14,531.91
2022-03-27 15:09:19,531.85
2022-03-27 15:09:24,531.78
2022-03-27 15:09:29,531.72
2022-03-27 15:09:34,531.71
2022-03-27 15:09:39,531.68
2022-03-27 15:09:44,531.62
2022-03-27 15:09:49,531.68
2022-03-27 15:09:54,531.61
2022-03-27 15:09:59,531.55
2022-03-27 15:10:04,531.49
2022-03-27 15:10:09,531.49
2022-03-27 15:10:14,521.046049161027
2022-03-27 15:10:19,531.42
2022-03-27 15:10:24,531.42
2022-03-27 15:10:29,531.42
2022-03-27 15:10:34,531.42
2022-03-27 15:10:39,531.39
2022-03-27 15:10:44,531.42
2022-03-27 15:10:49,531.39
2022-03-27 15:10:54,531.42
2022-03-27 15:10:59,531.42
2022-03-27 15:11:04,531.42
2022-03-27 15:11:09,521.4013881219037
2022-03-27 15:11:14,531.48
2022-03-27 15:11:19,531.48
2022-03-27 15:11:24,531.48
2022-03-27 15:11:29,531.54
2022-03-27 15:11:34,531.54
2022-03-27 15:11:39,531.61
2022-03-27 15:11:44,531.67
2022-03-27 15:11:49,531.67
2022-03-27 15:11:54,531.7
2022-03-27 15:11:59,531.77
2022-03-27 15:12:04,531.83
2022-03-27 15:12:09,531.89
2022-03-27 15:12:14,531.89
2022-03-27 15:12:19,531.99
2022-03-27 15:12:24,532.06
2022-03-27 15:12:29,532.12
2022-03-27 15:12:34,532.18
2022-03-27 15:12:39,532.28
2022-03-27 15:12:44,532.28
2022-03-27 15:12:49,532.44
2022-03-27 15:12:54,532.51
2022-03-27 15:12:59,532.64
2022-03-27 15:13:04,532.7
2022-03-27 15:13:09,532.8
2022-03-27 15:13:14,532.93
2022-03-27 15:13:19,533.02
2022-03-27 15:13:24,533.15
2022-03-27 15:13:29,533.31
2022-03-27 15:13:34,533.38
2022-03-27 15:13:39,533.44
2022-03-27 15:13:44,533.54
2022-03-27 15:13:49,533.67
2022-03-27 15:13:54,522.7067891525035
2022-03-27 15:13:59,533.9
2022-03-27 15:14:04,533.99
2022-03-27 15:14:09,534.12
2022-03-27 15:14:14,534.25
2022-03-27 15:14:19,534.41
2022-03-27 15:14:24,534.47
2022-03-27 15:14:29,534.57
2022-03-27 15:14:34,534.77
2022-03-27 15:14:39,534.86
2022-03-27 15:14:44,534.99
2022-03-27 15:14:49,535.09
2022-03-27 15:14:54,535.28
2022-03-27 15:14:59,535.38
2022-03-27 15:15:04,535.54
2022-03-27 15:15:09,535.67
2022-03-27 15:15:14,535.8
2022-03-27 15:15:19,535.83
2022-03-27 15:15:24,536.03
2022-03-27 15:15:29,536.12
2022-03-27 15:15:34,536.32
2022-03-27 15:15:39,536.35
2022-03-27 15:15:44,536.48
2022-03-27 15:15:49,536.58
2022-03-27 15:15:54,536.7
2022-03-27 15:15:59,536.83
2022-03-27 15:16:04,536.93
2022-03-27 15:16:09,536.99
2022-03-27 15:16:14,537.09
2022-03-27 15:16:19,537.22
2022-03-27 15:16:24,537.29
2022-03-27 15:16:29,537.38
2022-03-27 15:16:34,524.2329682703014
2022-03-27 15:16:39,537.58
2022-03-27 15:16:44,537.68
2022-03-27 15:16:49,537.74
2022-03-27 15:16:54,537.8
2022-03-27 15:16:59,537.87
2022-03-27 15:17:04,537.97
2022-03-27 15:17:09,537.97
2022-03-27 15:17:14,538.1
2022-03-27 15:17:19,538.1
2022-03-27 15:17:24,538.13
2022-03-27 15:17:29,538.19
2022-03-27 15:17:34,538.26
2022-03-27 15:17:39,538.26
2022-03-27 15:17:44,538.32
2022-03-27 15:17:49,538.39
2022-03-27 15:17:54,538.32
2022-03-27 15:17:59,538.39
2022-03-27 15:18:04,538.39
2022-03-27 15:18:09,538.42
2022-03-27 15:18:14,538.42
2022-03-27 15:18:19,538.42
2022-03-27 15:18:24,525.3736413307312
2022-03-27 15:18:29,525.4265592142713
2022-03-27 15:18:34,525.479543468203
2022-03-27 15:18:39,538.49
2022-03-27 15:18:44,538.55
2022-03-27 15:18:49,538.55
2022-03-27 15:18:54,538.56
2022-03-27 15:18:59,538.62
2022-03-27 15:19:04,538.62
2022-03-27 15:19:09,538.65
2022-03-27 15:19:14,538.65
2022-03-27 15:19:19,538.65
2022-03-27 15:19:24,538.65
2022-03-27 15:19:29,538.65
2022-03-27 15:19:34,538.65
2022-03-27 15:19:39,538.65
2022-03-27 15:19:44,538.65
2022-03-27 15:19:49,538.65
2022-03-27 15:19:54,538.65
2022-03-27 15:19:59,538.66
2022-03-27 15:20:04,538.72
2022-03-27 15:20:09,538.66
2022-03-27 15:20:14,538.72
2022-03-27 15:20:19,538.72
2022-03-27 15:20:24,538.72
2022-03-27 15:20:29,538.72
2022-03-27 15:20:34,538.72
2022-03-27 15:20:39,538.72
2022-03-27 15:20:44,538.72
2022-03-27 15:20:49,538.79
2022-03-27 15:20:54,538.79
2022-03-27 15:20:59,538.73
2022-03-27 15:21:04,538.73
2022-03-27 15:21:09,538.73
2022-03-27 15:21:14,538.73
2022-03-27 15:21:19,527.2434991721552
2022-03-27 15:21:24,538.73
2022-03-27 15:21:29,538.73
2022-03-27 15:21:34,538.67
2022-03-27 15:21:39,538.67
2022-03-27 15:21:44,538.67
2022-03-27 15:21:49,538.67
2022-03-27 15:21:54,538.67
2022-03-27 15:21:59,538.64
2022-03-27 15:22:04,538.64
2022-03-27 15:22:09,538.64
2022-03-27 15:22:14,538.64
2022-03-27 15:22:19,538.58
2022-03-27 15:22:24,538.58
2022-03-27 15:22:29,538.58
2022-03-27 15:22:34,538.58
2022-03-27 15:22:39,538.58
2022-03-27 15:22:44,528.139908270802
2022-03-27 15:22:49,538.51
2022-03-27 15:22:54,538.51
2022-03-27 15:22:59,538.52
2022-03-27 15:23:04,538.45
2022-03-27 15:23:09,538.45
2022-03-27 15:23:14,538.42
2022-03-27 15:23:19,538.42
2022-03-27 15:23:24,538.36
2022-03-27 15:23:29,538.36
2022-03-27 15:23:34,538.29
2022-03-27 15:23:39,538.29
2022-03-27 15:23:44,538.29
2022-03-27 15:23:49,538.29
2022-03-27 15:23:54,538.3
2022-03-27 15:23:59,538.23
2022-03-27 15:24:04,538.23
2022-03-27 15:24:09,538.23
2022-03-27 15:24:14,538.17
2022-03-27 15:24:19,538.17
2022-03-27 15:24:24,538.14
2022-03-27 15:24:29,538.13
2022-03-27 15:24:34,538.07
2022-03-27 15:24:39,538.13
2022-03-27 15:24:44,538.07
2022-03-27 15:24:49,538.0
2022-03-27 15:24:54,529.4476363688274
2022-03-27 15:24:59,538.0
2022-03-27 15:25:04,537.94
2022-03-27 15:25:09,538.01
2022-03-27 15:25:14,538.0
2022-03-27 15:25:19,537.94
2022-03-27 15:25:24,537.91
2022-03-27 15:25:29,537.91
2022-03-27 15:25:34,537.91
2022-03-27 15:25:39,537.91
2022-03-27 15:25:44,537.91
2022-03-27 15:25:49,537.91
2022-03-27 15:25:54,537.91
2022-03-27 15:25:59,537.91
2022-03-27 15:26:04,537.91
2022-03-27 15:26:09,537.91
2022-03-27 15:26:14,537.91
2022-03-27 15:26:19,537.91
2022-03-27 15:26:24,537.9
2022-03-27 15:26:29,530.3269499485838
2022-03-27 15:26:34,537.93
2022-03-27 15:26:39,538.0
2022-03-27 15:26:44,538.0
2022-03-27 15:26:49,530.5023922040245
2022-03-27 15:26:54,538.0
2022-03-27 15:26:59,538.06
2022-03-27 15:27:04,538.12
2022-03-27 15:27:09,538.12
2022-03-27 15:27:14,538.12
2022-03-27 15:27:19,538.15
2022-03-27 15:27:24,538.22
2022-03-27 15:27:29,538.22
2022-03-27 15:27:34,538.27
2022-03-27 15:27:39,538.34
2022-03-27 15:27:44,538.34
2022-03-27 15:27:49,538.41
2022-03-27 15:27:54,538.4
2022-03-27 15:27:59,531.0888309512792
2022-03-27 15:28:04,538.5
2022-03-27 15:28:09,538.5
2022-03-27 15:28:14,538.56
2022-03-27 15:28:19,538.63
2022-03-27 15:28:24,531.2876108727751
2022-03-27 15:28:29,531.3266794718323
2022-03-27 15:28:34,538.72
2022-03-27 15:28:39,538.79
2022-03-27 15:28:44,538.85
2022-03-27 15:28:49,531.4806393090349
2022-03-27 15:28:54,538.95
2022-03-27 15:28:59,539.01
2022-03-27 15:29:04,539.07
2022-03-27 15:29:09,539.07
2022-03-27 15:29:14,539.17
2022-03-27 15:29:19,539.3
2022-03-27 15:29:24,539.29
2022-03-27 15:29:29,539.36
2022-03-27 15:29:34,539.36
2022-03-27 15:29:39,539.42
2022-03-27 15:29:44,531.8846265208658
2022-03-27 15:29:49,539.45
2022-03-27 15:29:54,539.52
2022-03-27 15:29:59,539.58
2022-03-27 15:30:04,532.0243428981396
2022-03-27 15:30:09,539.68
2022-03-27 15:30:14,539.68
2022-03-27 15:30:19,539.74
2022-03-27 15:30:24,539.74
2022-03-27 15:30:29,532.1934925851969
2022-03-27 15:30:34,539.81
2022-03-27 15:30:39,532.2594247387237
2022-03-27 15:30:44,539.87
2022-03-27 15:30:49,539.93
2022-03-27 15:30:54,539.93
2022-03-27 15:30:59,532.3882965149907
2022-03-27 15:31:04,539.93
2022-03-27 15:31:09,539.97
2022-03-27 15:31:14,539.97
2022-03-27 15:31:19,539.97
2022-03-27 15:31:24,539.97
2022-03-27 15:31:29,540.03
2022-03-27 15:31:34,539.97
2022-03-27 15:31:39,539.97
2022-03-27 15:31:44,539.97
2022-03-27 15:31:49,540.1
2022-03-27 15:31:54,540.03
2022-03-27 15:31:59,540.03
2022-03-27 15:32:04,540.03
2022-03-27 15:32:09,540.1
2022-03-27 15:32:14,540.1
2022-03-27 15:32:19,532.8630639335504
2022-03-27 15:32:24,540.16
2022-03-27 15:32:29,540.16
2022-03-27 15:32:34,540.16
2022-03-27 15:32:39,540.19
2022-03-27 15:32:44,532.9977621218243
2022-03-27 15:32:49,540.16
2022-03-27 15:32:54,540.16
2022-03-27 15:32:59,540.19
2022-03-27 15:33:04,540.19
2022-03-27 15:33:09,540.19
2022-03-27 15:33:14,540.19
2022-03-27 15:33:19,533.1751325687171
2022-03-27 15:33:24,540.19
2022-03-27 15:33:29,533.2233790093239
2022-03-27 15:33:34,540.19
2022-03-27 15:33:39,540.19
2022-03-27 15:33:44,533.2937020312241
2022-03-27 15:33:49,540.19
2022-03-27 15:33:54,540.16
2022-03-27 15:33:59,540.16
2022-03-27 15:34:04,540.16
2022-03-27 15:34:09,540.16
2022-03-27 15:34:14,540.09
2022-03-27 15:34:19,540.09
2022-03-27 15:34:24,540.09
2022-03-27 15:34:29,540.02
2022-03-27 15:34:34,539.96
2022-03-27 15:34:39,539.96
2022-03-27 15:34:44,533.550078344937
2022-03-27 15:34:49,539.86
2022-03-27 15:34:54,539.8
2022-03-27 15:34:59,539.8
2022-03-27 15:35:04,539.73
2022-03-27 15:35:09,533.6449381903315
2022-03-27 15:35:14,539.66
2022-03-27 15:35:19,539.63
2022-03-27 15:35:24,539.57
2022-03-27 15:35:29,539.5
2022-03-27 15:35:34,539.43
2022-03-27 15:35:39,539.43
2022-03-27 15:35:44,539.4
2022-03-27 15:35:49,539.33
2022-03-27 15:35:54,539.27
2022-03-27 15:35:59,539.2
2022-03-27 15:36:04,539.14
2022-03-27 15:36:09,533.8432006633581
2022-03-27 15:36:14,539.1
2022-03-27 15:36:19,533.8721470448901
2022-03-27 15:36:24,538.97
2022-03-27 15:36:29,538.91
2022-03-27 15:36:34,538.87
2022-03-27 15:36:39,538.81
2022-03-27 15:36:44,538.81
2022-03-27 15:36:49,538.74
2022-03-27 15:36:54,533.964086347937
2022-03-27 15:36:59,538.61
2022-03-27 15:37:04,538.58
2022-03-27 15:37:09,538.51
2022-03-27 15:37:14,538.45
2022-03-27 15:37:19,538.38
2022-03-27 15:37:24,538.35
2022-03-27 15:37:29,538.35
2022-03-27 15:37:34,538.21
2022-03-27 15:37:39,538.22
2022-03-27 15:37:44,538.15
2022-03-27 15:37:49,538.08
2022-03-27 15:37:54,538.05
2022-03-27 15:37:59,534.0954827505312
2022-03-27 15:38:04,537.98
2022-03-27 15:38:09,537.92
2022-03-27 15:38:14,537.85
2022-03-27 15:38:19,537.82
2022-03-27 15:38:24,537.75
2022-03-27 15:38:29,537.75
2022-03-27 15:38:34,537.69
2022-03-27 15:38:39,537.56
2022-03-27 15:38:44,537.56
2022-03-27 15:38:49,537.56
2022-03-27 15:38:54,537.46
2022-03-27 15:38:59,537.4
2022-03-27 15:39:04,537.33
2022-03-27 15:39:09,537.3
2022-03-27 15:39:14,537.3
2022-03-27 15:39:19,537.17
2022-03-27 15:39:24,537.17
2022-03-27 15:39:29,537.1
2022-03-27 15:39:34,537.0
2022-03-27 15:39:39,537.0
2022-03-27 15:39:44,534.1963033647139
2022-03-27 15:39:49,536.88
2022-03-27 15:39:54,536.81
2022-03-27 15:39:59,536.81
2022-03-27 15:40:04,536.78
2022-03-27 15:40:09,536.78
2022-03-27 15:40:14,536.71
2022-03-27 15:40:19,536.65
2022-03-27 15:40:24,536.58
2022-03-27 15:40:29,536.58
2022-03-27 15:40:34,534.1951255918558
2022-03-27 15:40:39,536.48
2022-03-27 15:40:44,536.42
2022-03-27 15:40:49,536.36
2022-03-27 15:40:54,536.36
2022-03-27 15:40:59,536.29
2022-03-27 15:41:04,536.26
2022-03-27 15:41:09,536.26
2022-03-27 15:41:14,536.13
2022-03-27 15:41:19,536.13
2022-03-27 15:41:24,534.1630616508011
2022-03-27 15:41:29,536.0
2022-03-27 15:41:34,536.07
2022-03-27 15:41:39,536.0
2022-03-27 15:41:44,535.97
2022-03-27 15:41:49,534.1357209076954
2022-03-27 15:41:54,535.97
2022-03-27 15:41:59,535.9
2022-03-27 15:42:04,535.9
2022-03-27 15:42:09,535.84
2022-03-27 15:42:14,535.84
2022-03-27 15:42:19,535.84
2022-03-27 15:42:24,535.84
2022-03-27 15:42:29,535.84
2022-03-27 15:42:34,534.0679499982842
2022-03-27 15:42:39,534.0589689573178
2022-03-27 15:42:44,535.78
2022-03-27 15:42:49,535.78
2022-03-27 15:42:54,534.0303074650828
2022-03-27 15:42:59,535.78
2022-03-27 15:43:04,535.75
2022-03-27 15:43:09,535.75
2022-03-27 15:43:14,535.68
2022-03-27 15:43:19,535.68
2022-03-27 15:43:24,535.68
2022-03-27 15:43:29,533.9535191627062
2022-03-27 15:43:34,535.68
2022-03-27 15:43:39,535.68
2022-03-27 15:43:44,535.75
2022-03-27 15:43:49,535.75
2022-03-27 15:43:54,535.68
2022-03-27 15:43:59,535.68
2022-03-27 15:44:04,535.75
2022-03-27 15:44:09,535.68
2022-03-27 15:44:14,535.75
2022-03-27 15:44:19,535.68
2022-03-27 15:44:24,533.8054230844031
2022-03-27 15:44:29,535.68
2022-03-27 15:44:34,533.7749706320841
2022-03-27 15:44:39,533.759343699467
2022-03-27 15:44:44,535.68
2022-03-27 15:44:49,533.7272927979654
2022-03-27 15:44:54,535.68
2022-03-27 15:44:59,535.68
2022-03-27 15:45:04,535.68
2022-03-27 15:45:09,535.68
2022-03-27 15:45:14,533.6425570146995
2022-03-27 15:45:19,535.68
2022-03-27 15:45:24,535.69
2022-03-27 15:45:29,535.75
2022-03-27 15:45:34,535.75
2022-03-27 15:45:39,535.75
2022-03-27 15:45:44,535.68
2022-03-27 15:45:49,535.75
2022-03-27 15:45:54,535.75
2022-03-27 15:45:59,535.75
2022-03-27 15:46:04,535.78
2022-03-27 15:46:09,533.4334261457035
2022-03-27 15:46:14,535.78
2022-03-27 15:46:19,535.85
2022-03-27 15:46:24,535.78
2022-03-27 15:46:29,535.85
2022-03-27 15:46:34,535.91
2022-03-27 15:46:39,535.85
2022-03-27 15:46:44,535.91
2022-03-27 15:46:49,535.91
2022-03-27 15:46:54,535.91
2022-03-27 15:46:59,535.98
2022-03-27 15:47:04,535.98
2022-03-27 15:47:09,533.170794029919
2022-03-27 15:47:14,533.1473290390577
2022-03-27 15:47:19,533.1236252128812
2022-03-27 15:47:24,536.08
2022-03-27 15:47:29,536.14
2022-03-27 15:47:34,536.14
2022-03-27 15:47:39,536.2
2022-03-27 15:47:44,536.27
2022-03-27 15:47:49,536.27
2022-03-27 15:47:54,536.3
2022-03-27 15:47:59,536.37
2022-03-27 15:48:04,536.43
2022-03-27 15:48:09,536.5
2022-03-27 15:48:14,536.5
2022-03-27 15:48:19,536.53
2022-03-27 15:48:24,532.7941397338678
2022-03-27 15:48:29,532.7671841228855
2022-03-27 15:48:34,536.66
2022-03-27 15:48:39,536.72
2022-03-27 15:48:44,536.79
2022-03-27 15:48:49,536.79
2022-03-27 15:48:54,536.82
2022-03-27 15:48:59,536.82
2022-03-27 15:49:04,536.89
2022-03-27 15:49:09,536.96
2022-03-27 15:49:14,536.96
2022-03-27 15:49:19,536.96
2022-03-27 15:49:24,537.02
2022-03-27 15:49:29,537.06
2022-03-27 15:49:34,537.06
2022-03-27 15:49:39,537.12
2022-03-27 15:49:44,537.12
2022-03-27 15:49:49,537.18
2022-03-27 15:49:54,537.19
2022-03-27 15:49:59,537.25
2022-03-27 15:50:04,537.32
2022-03-27 15:50:09,537.32
2022-03-27 15:50:14,537.32
2022-03-27 15:50:19,537.32
2022-03-27 15:50:24,537.32
2022-03-27 15:50:29,537.42
2022-03-27 15:50:34,537.41
2022-03-27 15:50:39,537.41
2022-03-27 15:50:44,537.41
2022-03-27 15:50:49,537.41
2022-03-27 15:50:54,531.8908434059588
2022-03-27 15:50:59,537.48
2022-03-27 15:51:04,537.48
2022-03-27 15:51:09,537.54
2022-03-27 15:51:14,537.58
2022-03-27 15:51:19,537.54
2022-03-27 15:51:24,537.58
2022-03-27 15:51:29,537.64
2022-03-27 15:51:34,537.58
2022-03-27 15:51:39,537.64
2022-03-27 15:51:44,537.58
2022-03-27 15:51:49,537.64
2022-03-27 15:51:54,537.64
2022-03-27 15:51:59,531.4420389536725
2022-03-27 15:52:04,537.64
2022-03-27 15:52:09,537.64
2022-03-27 15:52:14,537.64
2022-03-27 15:52:19,537.64
2022-03-27 15:52:24,537.64
2022-03-27 15:52:29,537.64
2022-03-27 15:52:34,537.58
2022-03-27 15:52:39,537.58
2022-03-27 15:52:44,537.58
2022-03-27 15:52:49,537.55
2022-03-27 15:52:54,537.48
2022-03-27 15:52:59,530.9993729249912
2022-03-27 15:53:04,537.42
2022-03-27 15:53:09,537.48
2022-03-27 15:53:14,537.42
2022-03-27 15:53:19,537.42
2022-03-27 15:53:24,537.35
2022-03-27 15:53:29,537.32
2022-03-27 15:53:34,537.32
2022-03-27 15:53:39,537.25
2022-03-27 15:53:44,537.25
2022-03-27 15:53:49,537.19
2022-03-27 15:53:54,537.12
2022-03-27 15:53:59,537.06
2022-03-27 15:54:04,537.02
2022-03-27 15:54:09,536.96
2022-03-27 15:54:14,536.89
2022-03-27 15:54:19,536.89
2022-03-27 15:54:24,536.82
2022-03-27 15:54:29,536.8
2022-03-27 15:54:34,536.73
2022-03-27 15:54:39,536.67
2022-03-27 15:54:44,536.6
2022-03-27 15:54:49,536.5
2022-03-27 15:54:54,536.5
2022-03-27 15:54:59,536.44
2022-03-27 15:55:04,536.31
2022-03-27 15:55:09,529.9580173007338
2022-03-27 15:55:14,536.21
2022-03-27 15:55:19,536.15
2022-03-27 15:55:24,536.08
2022-03-27 15:55:29,536.02
2022-03-27 15:55:34,535.91
2022-03-27 15:55:39,535.91
2022-03-27 15:55:44,535.85
2022-03-27 15:55:49,535.75
2022-03-27 15:55:54,535.75
2022-03-27 15:55:59,535.62
2022-03-27 15:56:04,529.4933318228174
2022-03-27 15:56:09,535.5
2022-03-27 15:56:14,535.46
2022-03-27 15:56:19,535.4
2022-03-27 15:56:24,535.33
2022-03-27 15:56:29,535.27
2022-03-27 15:56:34,535.17
2022-03-27 15:56:39,535.11
2022-03-27 15:56:44,535.04
2022-03-27 15:56:49,534.98
2022-03-27 15:56:54,534.88
2022-03-27 15:56:59,534.82
2022-03-27 15:57:04,534.75
2022-03-27 15:57:09,534.72
2022-03-27 15:57:14,534.66
2022-03-27 15:57:19,534.59
2022-03-27 15:57:24,534.53
2022-03-27 15:57:29,534.43
2022-03-27 15:57:34,534.36
2022-03-27 15:57:39,534.37
2022-03-27 15:57:44,534.3
2022-03-27 15:57:49,534.2
2022-03-27 15:57:54,534.14
2022-03-27 15:57:59,534.14
2022-03-27 15:58:04,534.01
2022-03-27 15:58:09,528.4166094974047
2022-03-27 15:58:14,533.95
2022-03-27 15:58:19,533.92
2022-03-27 15:58:24,533.85
2022-03-27 15:58:29,533.79
2022-03-27 15:58:34,533.85
2022-03-27 15:58:39,533.79
2022-03-27 15:58:44,533.79
2022-03-27 15:58:49,533.72
2022-03-27 15:58:54,533.72
2022-03-27 15:58:59,533.72
2022-03-27 15:59:04,533.69
2022-03-27 15:59:09,533.69
2022-03-27 15:59:14,533.72
2022-03-27 15:59:19,533.69
2022-03-27 15:59:24,533.69
2022-03-27 15:59:29,533.69
2022-03-27 15:59:34,533.72
2022-03-27 15:59:39,533.72
2022-03-27 15:59:44,533.72
2022-03-27 15:59:49,533.69
2022-03-27 15:59:54,533.73
2022-03-27 15:59:59,533.79
2022-03-27 16:00:04,533.79
2022-03-27 16:00:09,533.79
2022-03-27 16:00:14,533.86
2022-03-27 16:00:19,527.3147106736225
2022-03-27 16:00:24,533.92
2022-03-27 16:00:29,533.92
2022-03-27 16:00:34,527.191500880858
2022-03-27 16:00:39,527.1506822073158
2022-03-27 16:00:44,534.08
2022-03-27 16:00:49,534.08
2022-03-27 16:00:54,534.15
2022-03-27 16:00:59,526.9887577444891
2022-03-27 16:01:04,534.22
2022-03-27 16:01:09,534.25
2022-03-27 16:01:14,534.31
2022-03-27 16:01:19,534.38
2022-03-27 16:01:24,534.44
2022-03-27 16:01:29,534.47
2022-03-27 16:01:34,534.6
2022-03-27 16:01:39,534.6
2022-03-27 16:01:44,534.73
2022-03-27 16:01:49,534.83
2022-03-27 16:01:54,534.83
2022-03-27 16:01:59,534.96
2022-03-27 16:02:04,534.99
2022-03-27 16:02:09,535.05
2022-03-27 16:02:14,535.18
2022-03-27 16:02:19,535.28
2022-03-27 16:02:24,535.34
2022-03-27 16:02:29,535.47
2022-03-27 16:02:34,535.57
2022-03-27 16:02:39,535.7
2022-03-27 16:02:44,535.76
2022-03-27 16:02:49,535.86
2022-03-27 16:02:54,535.99
2022-03-27 16:02:59,536.09
2022-03-27 16:03:04,536.22
2022-03-27 16:03:09,536.31
2022-03-27 16:03:14,536.38
2022-03-27 16:03:19,536.54
2022-03-27 16:03:24,536.6
2022-03-27 16:03:29,536.74
2022-03-27 16:03:34,536.83
2022-03-27 16:03:39,536.9
2022-03-27 16:03:44,537.03
2022-03-27 16:03:49,537.06
2022-03-27 16:03:54,537.19
2022-03-27 16:03:59,537.32
2022-03-27 16:04:04,537.35
2022-03-27 16:04:09,537.48
2022-03-27 16:04:14,537.57
2022-03-27 16:04:19,537.7
2022-03-27 16:04:24,537.77
2022-03-27 16:04:29,537.87
2022-03-27 16:04:34,538.0
2022-03-27 16:04:39,538.09
2022-03-27 16:04:44,538.22
2022-03-27 16:04:49,538.22
2022-03-27 16:04:54,538.38
2022-03-27 16:04:59,538.45
2022-03-27 16:05:04,525.2628517478779
2022-03-27 16:05:09,538.61
2022-03-27 16:05:14,538.74
2022-03-27 16:05:19,538.8
2022-03-27 16:05:24,538.9
2022-03-27 16:05:29,538.97
2022-03-27 16:05:34,539.03
2022-03-27 16:05:39,539.13
2022-03-27 16:05:44,525.0426467440051
2022-03-27 16:05:49,539.32
2022-03-27 16:05:54,539.39
2022-03-27 16:05:59,539.42
2022-03-27 16:06:04,539.49
2022-03-27 16:06:09,539.62
2022-03-27 16:06:14,539.65
2022-03-27 16:06:19,539.72
2022-03-27 16:06:24,539.85
2022-03-27 16:06:29,539.85
2022-03-27 16:06:34,539.94
2022-03-27 16:06:39,524.776431614031
2022-03-27 16:06:44,524.7544706815847
2022-03-27 16:06:49,540.14
2022-03-27 16:06:54,540.24
2022-03-27 16:06:59,540.24
2022-03-27 16:07:04,524.6705489123697
2022-03-27 16:07:09,524.6505665747922
2022-03-27 16:07:14,540.37
2022-03-27 16:07:19,540.44
2022-03-27 16:07:24,524.5930713800705
2022-03-27 16:07:29,540.47
2022-03-27 16:07:34,540.54
2022-03-27 16:07:39,540.54
2022-03-27 16:07:44,540.6
2022-03-27 16:07:49,524.5055822259187
2022-03-27 16:07:54,524.4893310382794
2022-03-27 16:07:59,540.67
2022-03-27 16:08:04,540.67
2022-03-27 16:08:09,540.67
2022-03-27 16:08:14,540.71
2022-03-27 16:08:19,540.7
2022-03-27 16:08:24,524.4003278827892
2022-03-27 16:08:29,540.71
2022-03-27 16:08:34,524.3738350265785
2022-03-27 16:08:39,540.77
2022-03-27 16:08:44,540.77
2022-03-27 16:08:49,540.71
2022-03-27 16:08:54,540.71
2022-03-27 16:08:59,540.71
2022-03-27 16:09:04,540.71
2022-03-27 16:09:09,540.68
2022-03-27 16:09:14,540.68
2022-03-27 16:09:19,524.273504921405
2022-03-27 16:09:24,540.68
2022-03-27 16:09:29,524.2552780280736
2022-03-27 16:09:34,540.62
2022-03-27 16:09:39,540.55
2022-03-27 16:09:44,540.55
2022-03-27 16:09:49,540.55
2022-03-27 16:09:54,540.49
2022-03-27 16:09:59,540.46
2022-03-27 16:10:04,540.46
2022-03-27 16:10:09,540.46
2022-03-27 16:10:14,540.33
2022-03-27 16:10:19,540.33
2022-03-27 16:10:24,540.26
2022-03-27 16:10:29,540.26
2022-03-27 16:10:34,540.2
2022-03-27 16:10:39,540.17
2022-03-27 16:10:44,540.11
2022-03-27 16:10:49,540.04
2022-03-27 16:10:54,540.04
2022-03-27 16:10:59,539.97
2022-03-27 16:11:04,539.94
2022-03-27 16:11:09,524.1482499723703
2022-03-27 16:11:14,524.146272444391
2022-03-27 16:11:19,539.81
2022-03-27 16:11:24,539.81
2022-03-27 16:11:29,539.75
2022-03-27 16:11:34,539.69
2022-03-27 16:11:39,539.68
2022-03-27 16:11:44,539.65
2022-03-27 16:11:49,539.65
2022-03-27 16:11:54,539.65
2022-03-27 16:11:59,539.59
2022-03-27 16:12:04,539.52
2022-03-27 16:12:09,539.52
2022-03-27 16:12:14,539.45
2022-03-27 16:12:19,539.46
2022-03-27 16:12:24,539.45
2022-03-27 16:12:29,539.45
2022-03-27 16:12:34,539.36
2022-03-27 16:12:39,539.29
2022-03-27 16:12:44,539.36
2022-03-27 16:12:49,539.23
2022-03-27 16:12:54,539.16
2022-03-27 16:12:59,539.13
2022-03-27 16:13:04,539.13
2022-03-27 16:13:09,539.06
2022-03-27 16:13:14,539.0
2022-03-27 16:13:19,538.94
2022-03-27 16:13:24,538.9
2022-03-27 16:13:29,538.84
2022-03-27 16:13:34,538.77
2022-03-27 16:13:39,538.64
2022-03-27 16:13:44,538.61
2022-03-27 16:13:49,538.61
2022-03-27 16:13:54,538.48
2022-03-27 16:13:59,538.42
2022-03-27 16:14:04,538.32
2022-03-27 16:14:09,538.32
2022-03-27 16:14:14,538.19
2022-03-27 16:14:19,524.2623271440004
2022-03-27 16:14:24,538.09
2022-03-27 16:14:29,524.2776950009066
2022-03-27 16:14:34,537.87
2022-03-27 16:14:39,537.81
2022-03-27 16:14:44,537.67
2022-03-27 16:14:49,537.61
2022-03-27 16:14:54,537.52
2022-03-27 16:14:59,537.45
2022-03-27 16:15:04,537.35
2022-03-27 16:15:09,537.29
2022-03-27 16:15:14,537.16
2022-03-27 16:15:19,537.1
2022-03-27 16:15:24,537.0
2022-03-27 16:15:29,536.87
2022-03-27 16:15:34,536.84
2022-03-27 16:15:39,536.71
2022-03-27 16:15:44,536.58
2022-03-27 16:15:49,536.55
2022-03-27 16:15:54,536.42
2022-03-27 16:15:59,536.32
2022-03-27 16:16:04,536.2
2022-03-27 16:16:09,536.07
2022-03-27 16:16:14,536.04
2022-03-27 16:16:19,535.91
2022-03-27 16:16:24,535.84
2022-03-27 16:16:29,535.68
2022-03-27 16:16:34,535.55
2022-03-27 16:16:39,535.46
2022-03-27 16:16:44,535.39
2022-03-27 16:16:49,535.23
2022-03-27 16:16:54,535.1
2022-03-27 16:16:59,524.590363847128
2022-03-27 16:17:04,534.94
2022-03-27 16:17:09,534.88
2022-03-27 16:17:14,534.72
2022-03-27 16:17:19,534.59
2022-03-27 16:17:24,534.49
2022-03-27 16:17:29,534.36
2022-03-27 16:17:34,534.3
2022-03-27 16:17:39,534.21
2022-03-27 16:17:44,534.07
2022-03-27 16:17:49,534.01
2022-03-27 16:17:54,524.7348834369316
2022-03-27 16:17:59,533.78
2022-03-27 16:18:04,533.69
2022-03-27 16:18:09,533.62
2022-03-27 16:18:14,533.49
2022-03-27 16:18:19,533.4
2022-03-27 16:18:24,533.33
2022-03-27 16:18:29,533.24
2022-03-27 16:18:34,524.8467083296199
2022-03-27 16:18:39,533.04
2022-03-27 16:18:44,532.95
2022-03-27 16:18:49,532.82
2022-03-27 16:18:54,532.75
2022-03-27 16:18:59,532.66
2022-03-27 16:19:04,532.53
2022-03-27 16:19:09,532.46
2022-03-27 16:19:14,532.37
2022-03-27 16:19:19,532.24
2022-03-27 16:19:24,532.24
2022-03-27 16:19:29,532.14
2022-03-27 16:19:34,532.01
2022-03-27 16:19:39,531.95
2022-03-27 16:19:44,531.92
2022-03-27 16:19:49,531.79
2022-03-27 16:19:54,525.0812913812812
2022-03-27 16:19:59,531.62
2022-03-27 16:20:04,531.56
2022-03-27 16:20:09,531.49
2022-03-27 16:20:14,531.43
2022-03-27 16:20:19,531.33
2022-03-27 16:20:24,531.27
2022-03-27 16:20:29,531.2
2022-03-27 16:20:34,531.11
2022-03-27 16:20:39,531.04
2022-03-27 16:20:44,530.97
2022-03-27 16:20:49,530.91
2022-03-27 16:20:54,530.81
2022-03-27 16:20:59,530.81
2022-03-27 16:21:04,530.68
2022-03-27 16:21:09,530.65
2022-03-27 16:21:14,530.58
2022-03-27 16:21:19,530.52
2022-03-27 16:21:24,530.45
2022-03-27 16:21:29,530.39
2022-03-27 16:21:34,530.35
2022-03-27 16:21:39,530.29
2022-03-27 16:21:44,530.22
2022-03-27 16:21:49,530.16
2022-03-27 16:21:54,530.16
2022-03-27 16:21:59,530.06
2022-03-27 16:22:04,530.06
2022-03-27 16:22:09,530.0
2022-03-27 16:22:14,529.93
2022-03-27 16:22:19,529.86
2022-03-27 16:22:24,529.86
2022-03-27 16:22:29,525.5416726979998
2022-03-27 16:22:34,529.76
2022-03-27 16:22:39,529.7
2022-03-27 16:22:44,529.63
2022-03-27 16:22:49,529.63
2022-03-27 16:22:54,529.63
2022-03-27 16:22:59,529.6
2022-03-27 16:23:04,529.53
2022-03-27 16:23:09,529.53
2022-03-27 16:23:14,529.4
2022-03-27 16:23:19,525.6837867413468
2022-03-27 16:23:24,529.33
2022-03-27 16:23:29,529.3
2022-03-27 16:23:34,529.33
2022-03-27 16:23:39,529.3
2022-03-27 16:23:44,529.23
2022-03-27 16:23:49,529.23
2022-03-27 16:23:54,529.1
2022-03-27 16:23:59,529.1
2022-03-27 16:24:04,529.17
2022-03-27 16:24:09,529.07
2022-03-27 16:24:14,529.07
2022-03-27 16:24:19,529.07
2022-03-27 16:24:24,529.0
2022-03-27 16:24:29,528.94
2022-03-27 16:24:34,529.0
2022-03-27 16:24:39,528.94
2022-03-27 16:24:44,528.94
2022-03-27 16:24:49,528.94
2022-03-27 16:24:54,528.94
2022-03-27 16:24:59,528.87
2022-03-27 16:25:04,528.87
2022-03-27 16:25:09,528.87
2022-03-27 16:25:14,528.87
2022-03-27 16:25:19,528.87
2022-03-27 16:25:24,528.81
2022-03-27 16:25:29,526.0309281159372
2022-03-27 16:25:34,528.81
2022-03-27 16:25:39,528.81
2022-03-27 16:25:44,528.77
2022-03-27 16:25:49,528.77
2022-03-27 16:25:54,528.77
2022-03-27 16:25:59,528.71
2022-03-27 16:26:04,528.71
2022-03-27 16:26:09,528.71
2022-03-27 16:26:14,528.64
2022-03-27 16:26:19,528.71
2022-03-27 16:26:24,528.64
2022-03-27 16:26:29,528.71
2022-03-27 16:26:34,528.64
2022-03-27 16:26:39,528.64
2022-03-27 16:26:44,528.64
2022-03-27 16:26:49,528.65
2022-03-27 16:26:54,528.65
2022-03-27 16:26:59,528.64
2022-03-27 16:27:04,528.65
2022-03-27 16:27:09,528.64
2022-03-27 16:27:14,528.65
2022-03-27 16:27:19,528.64
2022-03-27 16:27:24,528.58
2022-03-27 16:27:29,528.58
2022-03-27 16:27:34,528.58
2022-03-27 16:27:39,526.3384755901861
2022-03-27 16:27:44,526.3493889570847
2022-03-27 16:27:49,528.58
2022-03-27 16:27:54,528.55
2022-03-27 16:27:59,526.3816908563751
2022-03-27 16:28:04,528.55
2022-03-27 16:28:09,528.55
2022-03-27 16:28:14,528.55
2022-03-27 16:28:19,528.55
2022-03-27 16:28:24,528.55
2022-03-27 16:28:29,528.55
2022-03-27 16:28:34,528.55
2022-03-27 16:28:39,528.49
2022-03-27 16:28:44,528.55
2022-03-27 16:28:49,528.55
2022-03-27 16:28:54,528.49
2022-03-27 16:28:59,526.504074513175
2022-03-27 16:29:04,526.5137621891558
2022-03-27 16:29:09,528.49
2022-03-27 16:29:14,528.49
2022-03-27 16:29:19,528.49
2022-03-27 16:29:24,528.49
2022-03-27 16:29:29,528.55
2022-03-27 16:29:34,528.49
2022-03-27 16:29:39,528.49
2022-03-27 16:29:44,528.49
2022-03-27 16:29:49,528.42
2022-03-27 16:29:54,528.42
2022-03-27 16:29:59,528.42
2022-03-27 16:30:04,528.42
2022-03-27 16:30:09,528.36
2022-03-27 16:30:14,528.36
2022-03-27 16:30:19,528.36
2022-03-27 16:30:24,528.36
2022-03-27 16:30:29,528.29
2022-03-27 16:30:34,526.6737744268436
2022-03-27 16:30:39,526.6818327809775
2022-03-27 16:30:44,528.29
2022-03-27 16:30:49,528.26
2022-03-27 16:30:54,528.26
2022-03-27 16:30:59,528.2
2022-03-27 16:31:04,528.2
2022-03-27 16:31:09,528.2
2022-03-27 16:31:14,528.2
2022-03-27 16:31:19,528.14
2022-03-27 16:31:24,528.14
2022-03-27 16:31:29,528.14
2022-03-27 16:31:34,528.07
2022-03-27 16:31:39,528.07
2022-03-27 16:31:44,528.04
2022-03-27 16:31:49,528.04
2022-03-27 16:31:54,528.07
2022-03-27 16:31:59,528.04
2022-03-27 16:32:04,528.04
2022-03-27 16:32:09,527.98
2022-03-27 16:32:14,527.98
2022-03-27 16:32:19,527.91
2022-03-27 16:32:24,527.91
2022-03-27 16:32:29,526.8351725238523
2022-03-27 16:32:34,527.85
2022-03-27 16:32:39,527.91
2022-03-27 16:32:44,527.91
2022-03-27 16:32:49,526.8578865244729
2022-03-27 16:32:54,527.85
2022-03-27 16:32:59,527.85
2022-03-27 16:33:04,527.85
2022-03-27 16:33:09,527.85
2022-03-27 16:33:14,527.85
2022-03-27 16:33:19,527.91
2022-03-27 16:33:24,527.91
2022-03-27 16:33:29,527.91
2022-03-27 16:33:34,527.91
2022-03-27 16:33:39,527.98
2022-03-27 16:33:44,527.98
2022-03-27 16:33:49,528.05
2022-03-27 16:33:54,528.05
2022-03-27 16:33:59,528.08
2022-03-27 16:34:04,528.15
2022-03-27 16:34:09,528.15
2022-03-27 16:34:14,528.15
2022-03-27 16:34:19,528.21
2022-03-27 16:34:24,526.9423577835859
2022-03-27 16:34:29,528.27
2022-03-27 16:34:34,528.31
2022-03-27 16:34:39,528.31
2022-03-27 16:34:44,528.38
2022-03-27 16:34:49,528.44
2022-03-27 16:34:54,528.51
2022-03-27 16:34:59,528.5
2022-03-27 16:35:04,528.57
2022-03-27 16:35:09,528.57
2022-03-27 16:35:14,528.61
2022-03-27 16:35:19,528.67
2022-03-27 16:35:24,528.67
2022-03-27 16:35:29,528.73
2022-03-27 16:35:34,528.8
2022-03-27 16:35:39,528.9
2022-03-27 16:35:44,528.9
2022-03-27 16:35:49,528.96
2022-03-27 16:35:54,529.03
2022-03-27 16:35:59,529.09
2022-03-27 16:36:04,529.19
2022-03-27 16:36:09,529.25
2022-03-27 16:36:14,529.32
2022-03-27 16:36:19,529.35
2022-03-27 16:36:24,529.35
2022-03-27 16:36:29,529.48
2022-03-27 16:36:34,529.54
2022-03-27 16:36:39,529.64
2022-03-27 16:36:44,529.64
2022-03-27 16:36:49,529.77
2022-03-27 16:36:54,529.83
2022-03-27 16:36:59,529.93
2022-03-27 16:37:04,529.86
2022-03-27 16:37:09,530.0
2022-03-27 16:37:14,530.06
2022-03-27 16:37:19,530.16
2022-03-27 16:37:24,530.28
2022-03-27 16:37:29,530.35
2022-03-27 16:37:34,530.44
2022-03-27 16:37:39,530.51
2022-03-27 16:37:44,530.64
2022-03-27 16:37:49,530.73
2022-03-27 16:37:54,530.8
2022-03-27 16:37:59,530.86
2022-03-27 16:38:04,530.96
2022-03-27 16:38:09,531.09
2022-03-27 16:38:14,531.18
2022-03-27 16:38:19,531.31
2022-03-27 16:38:24,531.41
2022-03-27 16:38:29,531.47
2022-03-27 16:38:34,531.66
2022-03-27 16:38:39,531.69
2022-03-27 16:38:44,531.82
2022-03-27 16:38:49,531.89
2022-03-27 16:38:54,531.98
2022-03-27 16:38:59,532.11
2022-03-27 16:39:04,532.18
2022-03-27 16:39:09,532.27
2022-03-27 16:39:14,526.9411375761572
2022-03-27 16:39:19,532.5
2022-03-27 16:39:24,532.62
2022-03-27 16:39:29,532.69
2022-03-27 16:39:34,532.78
2022-03-27 16:39:39,532.85
2022-03-27 16:39:44,532.94
2022-03-27 16:39:49,533.01
2022-03-27 16:39:54,533.13
2022-03-27 16:39:59,533.2
2022-03-27 16:40:04,533.23
2022-03-27 16:40:09,533.36
2022-03-27 16:40:14,533.45
2022-03-27 16:40:19,533.52
2022-03-27 16:40:24,533.65
2022-03-27 16:40:29,533.64
2022-03-27 16:40:34,533.74
2022-03-27 16:40:39,533.87
2022-03-27 16:40:44,526.8650397788506
2022-03-27 16:40:49,533.96
2022-03-27 16:40:54,534.03
2022-03-27 16:40:59,534.15
2022-03-27 16:41:04,534.22
2022-03-27 16:41:09,534.25
2022-03-27 16:41:14,534.31
2022-03-27 16:41:19,526.826705807435
2022-03-27 16:41:24,534.47
2022-03-27 16:41:29,534.54
2022-03-27 16:41:34,534.6
2022-03-27 16:41:39,534.66
2022-03-27 16:41:44,534.73
2022-03-27 16:41:49,534.76
2022-03-27 16:41:54,534.82
2022-03-27 16:41:59,534.82
2022-03-27 16:42:04,534.95
2022-03-27 16:42:09,534.95
2022-03-27 16:42:14,534.95
2022-03-27 16:42:19,534.98
2022-03-27 16:42:24,535.05
2022-03-27 16:42:29,535.04
2022-03-27 16:42:34,535.11
2022-03-27 16:42:39,535.17
2022-03-27 16:42:44,535.17
2022-03-27 16:42:49,535.17
2022-03-27 16:42:54,535.24
2022-03-27 16:42:59,535.27
2022-03-27 16:43:04,535.33
2022-03-27 16:43:09,535.33
2022-03-27 16:43:14,535.4
2022-03-27 16:43:19,535.4
2022-03-27 16:43:24,535.4
2022-03-27 16:43:29,535.46
2022-03-27 16:43:34,535.46
2022-03-27 16:43:39,535.5
2022-03-27 16:43:44,526.6195111133972
2022-03-27 16:43:49,535.56
2022-03-27 16:43:54,535.56
2022-03-27 16:43:59,526.5938779247465
2022-03-27 16:44:04,535.62
2022-03-27 16:44:09,535.62
2022-03-27 16:44:14,535.69
2022-03-27 16:44:19,535.69
2022-03-27 16:44:24,535.69
2022-03-27 16:44:29,535.69
2022-03-27 16:44:34,535.75
2022-03-27 16:44:39,526.5219082112116
2022-03-27 16:44:44,535.75
2022-03-27 16:44:49,535.79
2022-03-27 16:44:54,535.76
2022-03-27 16:44:59,535.76
2022-03-27 16:45:04,535.79
2022-03-27 16:45:09,535.79
2022-03-27 16:45:14,535.79
2022-03-27 16:45:19,535.79
2022-03-27 16:45:24,535.85
2022-03-27 16:45:29,526.424804798528
2022-03-27 16:45:34,535.79
2022-03-27 16:45:39,535.85
2022-03-27 16:45:44,535.85
2022-03-27 16:45:49,535.85
2022-03-27 16:45:54,535.85
2022-03-27 16:45:59,535.85
2022-03-27 16:46:04,535.85
2022-03-27 16:46:09,535.85
2022-03-27 16:46:14,535.92
2022-03-27 16:46:19,535.92
2022-03-27 16:46:24,535.92
2022-03-27 16:46:29,535.92
2022-03-27 16:46:34,535.92
2022-03-27 16:46:39,535.92
2022-03-27 16:46:44,535.92
2022-03-27 16:46:49,535.92
2022-03-27 16:46:54,535.92
2022-03-27 16:46:59,535.92
2022-03-27 16:47:04,535.85
2022-03-27 16:47:09,535.92
2022-03-27 16:47:14,535.92
2022-03-27 16:47:19,535.92
2022-03-27 16:47:24,535.92
2022-03-27 16:47:29,535.92
2022-03-27 16:47:34,535.92
2022-03-27 16:47:39,535.92
2022-03-27 16:47:44,535.99
2022-03-27 16:47:49,526.1139668110991
2022-03-27 16:47:54,535.99
2022-03-27 16:47:59,526.0897278301245
2022-03-27 16:48:04,536.02
2022-03-27 16:48:09,536.02
2022-03-27 16:48:14,536.08
2022-03-27 16:48:19,526.0404897858107
2022-03-27 16:48:24,536.15
2022-03-27 16:48:29,536.21
2022-03-27 16:48:34,536.21
2022-03-27 16:48:39,536.22
2022-03-27 16:48:44,536.28
2022-03-27 16:48:49,536.28
2022-03-27 16:48:54,536.31
2022-03-27 16:48:59,536.37
2022-03-27 16:49:04,536.37
2022-03-27 16:49:09,536.44
2022-03-27 16:49:14,536.44
2022-03-27 16:49:19,536.53
2022-03-27 16:49:24,536.53
2022-03-27 16:49:29,536.54
2022-03-27 16:49:34,536.6
2022-03-27 16:49:39,536.67
2022-03-27 16:49:44,536.67
2022-03-27 16:49:49,536.73
2022-03-27 16:49:54,536.73
2022-03-27 16:49:59,536.73
2022-03-27 16:50:04,536.8
2022-03-27 16:50:09,536.83
2022-03-27 16:50:14,536.83
2022-03-27 16:50:19,536.89
2022-03-27 16:50:24,536.89
2022-03-27 16:50:29,536.96
2022-03-27 16:50:34,536.96
2022-03-27 16:50:39,536.96
2022-03-27 16:50:44,536.96
2022-03-27 16:50:49,537.02
2022-03-27 16:50:54,537.06
2022-03-27 16:50:59,537.06
2022-03-27 16:51:04,537.06
2022-03-27 16:51:09,537.12
2022-03-27 16:51:14,537.19
2022-03-27 16:51:19,537.12
2022-03-27 16:51:24,537.19
2022-03-27 16:51:29,537.19
2022-03-27 16:51:34,537.19
2022-03-27 16:51:39,537.25
2022-03-27 16:51:44,525.4854268029993
2022-03-27 16:51:49,537.26
2022-03-27 16:51:54,537.32
2022-03-27 16:51:59,537.32
2022-03-27 16:52:04,537.32
2022-03-27 16:52:09,537.35
2022-03-27 16:52:14,537.42
2022-03-27 16:52:19,537.36
2022-03-27 16:52:24,537.42
2022-03-27 16:52:29,537.42
2022-03-27 16:52:34,537.49
2022-03-27 16:52:39,537.55
2022-03-27 16:52:44,537.55
2022-03-27 16:52:49,537.59
2022-03-27 16:52:54,537.59
2022-03-27 16:52:59,537.65
2022-03-27 16:53:04,537.72
2022-03-27 16:53:09,525.2397004419457
2022-03-27 16:53:14,537.78
2022-03-27 16:53:19,537.85
2022-03-27 16:53:24,537.85
2022-03-27 16:53:29,525.1817916680379
2022-03-27 16:53:34,537.94
2022-03-27 16:53:39,538.01
2022-03-27 16:53:44,525.138460328581
2022-03-27 16:53:49,525.1240434481617
2022-03-27 16:53:54,538.24
2022-03-27 16:53:59,538.24
2022-03-27 16:54:04,525.0808939955404
2022-03-27 16:54:09,538.4
2022-03-27 16:54:14,538.4
2022-03-27 16:54:19,525.0379270615299
2022-03-27 16:54:24,538.53
2022-03-27 16:54:29,538.62
2022-03-27 16:54:34,538.69
2022-03-27 16:54:39,538.75
2022-03-27 16:54:44,538.75
2022-03-27 16:54:49,538.88
2022-03-27 16:54:54,538.88
2022-03-27 16:54:59,524.9245414104582
2022-03-27 16:55:04,539.04
2022-03-27 16:55:09,539.04
2022-03-27 16:55:14,539.14
2022-03-27 16:55:19,539.21
2022-03-27 16:55:24,539.33
2022-03-27 16:55:29,524.8409891292296
2022-03-27 16:55:34,539.43
2022-03-27 16:55:39,539.5
2022-03-27 16:55:44,539.56
2022-03-27 16:55:49,539.62
2022-03-27 16:55:54,539.72
2022-03-27 16:55:59,539.79
2022-03-27 16:56:04,539.91
2022-03-27 16:56:09,539.94
2022-03-27 16:56:14,540.01
2022-03-27 16:56:19,540.14
2022-03-27 16:56:24,540.17
2022-03-27 16:56:29,524.6790781027767
2022-03-27 16:56:34,540.36
2022-03-27 16:56:39,524.6529027707656
2022-03-27 16:56:44,540.52
2022-03-27 16:56:49,540.65
2022-03-27 16:56:54,540.74
2022-03-27 16:56:59,540.74
2022-03-27 16:57:04,540.87
2022-03-27 16:57:09,540.97
2022-03-27 16:57:14,541.03
2022-03-27 16:57:19,541.16
2022-03-27 16:57:24,541.2
2022-03-27 16:57:29,541.26
2022-03-27 16:57:34,541.32
2022-03-27 16:57:39,541.45
2022-03-27 16:57:44,541.48
2022-03-27 16:57:49,541.67
2022-03-27 16:57:54,541.71
2022-03-27 16:57:59,541.77
2022-03-27 16:58:04,541.83
2022-03-27 16:58:09,541.96
2022-03-27 16:58:14,541.99
2022-03-27 16:58:19,542.05
2022-03-27 16:58:24,524.3961552090278
2022-03-27 16:58:29,542.18
2022-03-27 16:58:34,542.27
2022-03-27 16:58:39,542.4
2022-03-27 16:58:44,542.47
2022-03-27 16:58:49,524.3407826219121
2022-03-27 16:58:54,542.56
2022-03-27 16:58:59,542.69
2022-03-27 16:59:04,542.72
2022-03-27 16:59:09,542.79
2022-03-27 16:59:14,542.85
2022-03-27 16:59:19,542.92
2022-03-27 16:59:24,543.01
2022-03-27 16:59:29,543.08
2022-03-27 16:59:34,543.14
2022-03-27 16:59:39,543.14
2022-03-27 16:59:44,543.2
2022-03-27 16:59:49,543.3
2022-03-27 16:59:54,543.3
2022-03-27 16:59:59,543.36
2022-03-27 17:00:04,543.43
2022-03-27 17:00:09,543.49
2022-03-27 17:00:14,543.52
2022-03-27 17:00:19,524.1642211358173
2022-03-27 17:00:24,543.65
2022-03-27 17:00:29,543.72
2022-03-27 17:00:34,543.72
2022-03-27 17:00:39,543.81
2022-03-27 17:00:44,543.81
2022-03-27 17:00:49,524.1143093928445
2022-03-27 17:00:54,543.88
2022-03-27 17:00:59,543.94
2022-03-27 17:01:04,544.01
2022-03-27 17:01:09,544.0
2022-03-27 17:01:14,544.04
2022-03-27 17:01:19,544.04
2022-03-27 17:01:24,544.1
2022-03-27 17:01:29,524.0555896164384
2022-03-27 17:01:34,544.1
2022-03-27 17:01:39,544.1
2022-03-27 17:01:44,544.16
2022-03-27 17:01:49,544.1
2022-03-27 17:01:54,524.0237347547987
2022-03-27 17:01:59,544.1
2022-03-27 17:02:04,544.16
2022-03-27 17:02:09,544.1
2022-03-27 17:02:14,544.1
2022-03-27 17:02:19,544.1
2022-03-27 17:02:24,544.1
2022-03-27 17:02:29,544.1
2022-03-27 17:02:34,544.1
2022-03-27 17:02:39,544.1
2022-03-27 17:02:44,544.04
2022-03-27 17:02:49,544.01
2022-03-27 17:02:54,544.01
2022-03-27 17:02:59,523.9598382026512
2022-03-27 17:03:04,523.9561202996985
2022-03-27 17:03:09,543.88
2022-03-27 17:03:14,543.81
2022-03-27 17:03:19,543.75
2022-03-27 17:03:24,543.75
2022-03-27 17:03:29,543.72
2022-03-27 17:03:34,543.65
2022-03-27 17:03:39,543.59
2022-03-27 17:03:44,543.53
2022-03-27 17:03:49,543.5
2022-03-27 17:03:54,543.5
2022-03-27 17:03:59,543.43
2022-03-27 17:04:04,543.3
2022-03-27 17:04:09,543.24
2022-03-27 17:04:14,543.21
2022-03-27 17:04:19,543.08
2022-03-27 17:04:24,543.01
2022-03-27 17:04:29,523.9211419764298
2022-03-27 17:04:34,542.85
2022-03-27 17:04:39,542.79
2022-03-27 17:04:44,542.69
2022-03-27 17:04:49,542.63
2022-03-27 17:04:54,542.57
2022-03-27 17:04:59,542.47
2022-03-27 17:05:04,542.47
2022-03-27 17:05:09,542.34
2022-03-27 17:05:14,523.9235248034936
2022-03-27 17:05:19,542.21
2022-03-27 17:05:24,542.11
2022-03-27 17:05:29,523.9271651814305
2022-03-27 17:05:34,541.99
2022-03-27 17:05:39,541.89
2022-03-27 17:05:44,541.82
2022-03-27 17:05:49,541.76
2022-03-27 17:05:54,541.67
2022-03-27 17:05:59,541.6
2022-03-27 17:06:04,541.54
2022-03-27 17:06:09,541.44
2022-03-27 17:06:14,541.38
2022-03-27 17:06:19,541.38
2022-03-27 17:06:24,541.25
2022-03-27 17:06:29,523.9542342378269
2022-03-27 17:06:34,541.15
2022-03-27 17:06:39,523.9605015198892
2022-03-27 17:06:44,523.9638053318513
2022-03-27 17:06:49,540.96
2022-03-27 17:06:54,540.86
2022-03-27 17:06:59,540.8
2022-03-27 17:07:04,540.74
2022-03-27 17:07:09,540.74
2022-03-27 17:07:14,540.64
2022-03-27 17:07:19,540.64
2022-03-27 17:07:24,523.9940040526795
2022-03-27 17:07:29,540.45
2022-03-27 17:07:34,540.42
2022-03-27 17:07:39,540.42
2022-03-27 17:07:44,540.35
2022-03-27 17:07:49,540.29
2022-03-27 17:07:54,540.23
2022-03-27 17:07:59,540.16
2022-03-27 17:08:04,540.16
2022-03-27 17:08:09,540.07
2022-03-27 17:08:14,540.07
2022-03-27 17:08:19,540.0
2022-03-27 17:08:24,539.94
2022-03-27 17:08:29,539.9
2022-03-27 17:08:34,539.91
2022-03-27 17:08:39,539.84
2022-03-27 17:08:44,539.78
2022-03-27 17:08:49,539.71
2022-03-27 17:08:54,539.65
2022-03-27 17:08:59,539.65
2022-03-27 17:09:04,539.65
2022-03-27 17:09:09,539.62
2022-03-27 17:09:14,539.62
2022-03-27 17:09:19,539.49
2022-03-27 17:09:24,539.49
2022-03-27 17:09:29,539.43
2022-03-27 17:09:34,539.43
2022-03-27 17:09:39,539.33
2022-03-27 17:09:44,539.33
2022-03-27 17:09:49,539.33
2022-03-27 17:09:54,539.33
2022-03-27 17:09:59,539.27
2022-03-27 17:10:04,539.27
2022-03-27 17:10:09,539.21
2022-03-27 17:10:14,539.14
2022-03-27 17:10:19,539.14
2022-03-27 17:10:24,539.11
2022-03-27 17:10:29,539.11
2022-03-27 17:10:34,539.05
2022-03-27 17:10:39,538.98
2022-03-27 17:10:44,538.92
2022-03-27 17:10:49,538.99
2022-03-27 17:10:54,538.89
2022-03-27 17:10:59,538.89
2022-03-27 17:11:04,538.83
2022-03-27 17:11:09,538.83
2022-03-27 17:11:14,538.77
2022-03-27 17:11:19,538.7
2022-03-27 17:11:24,538.7
2022-03-27 17:11:29,538.7
2022-03-27 17:11:34,538.64
2022-03-27 17:11:39,538.64
2022-03-27 17:11:44,538.61
2022-03-27 17:11:49,538.61
2022-03-27 17:11:54,538.54
2022-03-27 17:11:59,538.54
2022-03-27 17:12:04,538.54
2022-03-27 17:12:09,524.3055494350923
2022-03-27 17:12:14,538.48
2022-03-27 17:12:19,538.48
2022-03-27 17:12:24,538.41
2022-03-27 17:12:29,538.41
2022-03-27 17:12:34,538.41
2022-03-27 17:12:39,538.41
2022-03-27 17:12:44,538.39
2022-03-27 17:12:49,538.38
2022-03-27 17:12:54,538.38
2022-03-27 17:12:59,524.3575940187806
2022-03-27 17:13:04,524.3624572568673
2022-03-27 17:13:09,538.32
2022-03-27 17:13:14,538.26
2022-03-27 17:13:19,538.26
2022-03-27 17:13:24,538.26
2022-03-27 17:13:29,524.3856514057986
2022-03-27 17:13:34,538.25
2022-03-27 17:13:39,538.19
2022-03-27 17:13:44,538.19
2022-03-27 17:13:49,538.19
2022-03-27 17:13:54,538.13
2022-03-27 17:13:59,538.13
2022-03-27 17:14:04,538.19
2022-03-27 17:14:09,538.09
2022-03-27 17:14:14,538.09
2022-03-27 17:14:19,538.03
2022-03-27 17:14:24,538.03
2022-03-27 17:14:29,537.96
2022-03-27 17:14:34,537.96
2022-03-27 17:14:39,524.438524453362
2022-03-27 17:14:44,537.9
2022-03-27 17:14:49,537.86
2022-03-27 17:14:54,537.86
2022-03-27 17:14:59,537.86
2022-03-27 17:15:04,537.8
2022-03-27 17:15:09,537.73
2022-03-27 17:15:14,537.73
2022-03-27 17:15:19,537.67
2022-03-27 17:15:24,537.67
2022-03-27 17:15:29,537.67
2022-03-27 17:15:34,537.6
2022-03-27 17:15:39,537.57
2022-03-27 17:15:44,537.56
2022-03-27 17:15:49,537.56
2022-03-27 17:15:54,537.56
2022-03-27 17:15:59,537.56
2022-03-27 17:16:04,537.5
2022-03-27 17:16:09,537.5
2022-03-27 17:16:14,537.43
2022-03-27 17:16:19,537.43
2022-03-27 17:16:24,537.43
2022-03-27 17:16:29,537.37
2022-03-27 17:16:34,537.36
2022-03-27 17:16:39,537.33
2022-03-27 17:16:44,537.33
2022-03-27 17:16:49,537.33
2022-03-27 17:16:54,537.33
2022-03-27 17:16:59,537.33
2022-03-27 17:17:04,537.26
2022-03-27 17:17:09,537.33
2022-03-27 17:17:14,537.33
2022-03-27 17:17:19,537.33
2022-03-27 17:17:24,537.36
2022-03-27 17:17:29,537.32
2022-03-27 17:17:34,537.32
2022-03-27 17:17:39,537.33
2022-03-27 17:17:44,537.32
2022-03-27 17:17:49,537.36
2022-03-27 17:17:54,537.35
2022-03-27 17:17:59,537.35
2022-03-27 17:18:04,537.35
2022-03-27 17:18:09,537.42
2022-03-27 17:18:14,537.42
2022-03-27 17:18:19,524.4248412056861
2022-03-27 17:18:24,537.42
2022-03-27 17:18:29,537.42
2022-03-27 17:18:34,537.48
2022-03-27 17:18:39,537.48
2022-03-27 17:18:44,537.54
2022-03-27 17:18:49,537.54
2022-03-27 17:18:54,537.54
2022-03-27 17:18:59,537.58
2022-03-27 17:19:04,537.57
2022-03-27 17:19:09,524.3715881947214
2022-03-27 17:19:14,537.64
2022-03-27 17:19:19,537.7
2022-03-27 17:19:24,537.64
2022-03-27 17:19:29,537.7
2022-03-27 17:19:34,537.7
2022-03-27 17:19:39,537.77
2022-03-27 17:19:44,537.77
2022-03-27 17:19:49,537.83
2022-03-27 17:19:54,537.83
2022-03-27 17:19:59,537.83
2022-03-27 17:20:04,537.86
2022-03-27 17:20:09,537.93
2022-03-27 17:20:14,537.93
2022-03-27 17:20:19,537.93
2022-03-27 17:20:24,537.99
2022-03-27 17:20:29,538.0
2022-03-27 17:20:34,538.0
2022-03-27 17:20:39,538.09
2022-03-27 17:20:44,538.06
2022-03-27 17:20:49,538.09
2022-03-27 17:20:54,538.09
2022-03-27 17:20:59,524.1995888630228
2022-03-27 17:21:04,538.22
2022-03-27 17:21:09,538.29
2022-03-27 17:21:14,538.29
2022-03-27 17:21:19,538.29
2022-03-27 17:21:24,538.35
2022-03-27 17:21:29,538.35
2022-03-27 17:21:34,538.38
2022-03-27 17:21:39,538.45
2022-03-27 17:21:44,538.51
2022-03-27 17:21:49,538.51
2022-03-27 17:21:54,538.58
2022-03-27 17:21:59,524.0831926229082
2022-03-27 17:22:04,538.58
2022-03-27 17:22:09,538.61
2022-03-27 17:22:14,538.67
2022-03-27 17:22:19,538.68
2022-03-27 17:22:24,538.74
2022-03-27 17:22:29,538.74
2022-03-27 17:22:34,538.8
2022-03-27 17:22:39,538.81
2022-03-27 17:22:44,538.87
2022-03-27 17:22:49,538.87
2022-03-27 17:22:54,538.91
2022-03-27 17:22:59,538.97
2022-03-27 17:23:04,538.9
2022-03-27 17:23:09,538.97
2022-03-27 17:23:14,538.97
2022-03-27 17:23:19,539.03
2022-03-27 17:23:24,539.1
2022-03-27 17:23:29,539.13
2022-03-27 17:23:34,539.13
2022-03-27 17:23:39,539.13
2022-03-27 17:23:44,539.2
2022-03-27 17:23:49,539.13
2022-03-27 17:23:54,539.2
2022-03-27 17:23:59,539.26
2022-03-27 17:24:04,539.26
2022-03-27 17:24:09,539.26
2022-03-27 17:24:14,539.33
2022-03-27 17:24:19,539.33
2022-03-27 17:24:24,539.39
2022-03-27 17:24:29,539.39
2022-03-27 17:24:34,539.39
2022-03-27 17:24:39,539.42
2022-03-27 17:24:44,539.42
2022-03-27 17:24:49,539.42
2022-03-27 17:24:54,539.42
2022-03-27 17:24:59,539.49
2022-03-27 17:25:04,539.55
2022-03-27 17:25:09,539.56
2022-03-27 17:25:14,523.6692890883172
2022-03-27 17:25:19,539.62
2022-03-27 17:25:24,523.648823484404
2022-03-27 17:25:29,539.65
2022-03-27 17:25:34,539.72
2022-03-27 17:25:39,539.65
2022-03-27 17:25:44,539.72
2022-03-27 17:25:49,539.72
2022-03-27 17:25:54,539.72
2022-03-27 17:25:59,539.78
2022-03-27 17:26:04,539.78
2022-03-27 17:26:09,539.85
2022-03-27 17:26:14,539.85
2022-03-27 17:26:19,539.91
2022-03-27 17:26:24,539.91
2022-03-27 17:26:29,539.94
2022-03-27 17:26:34,539.95
2022-03-27 17:26:39,539.94
2022-03-27 17:26:44,539.95
2022-03-27 17:26:49,540.07
2022-03-27 17:26:54,540.07
2022-03-27 17:26:59,540.07
2022-03-27 17:27:04,540.07
2022-03-27 17:27:09,540.14
2022-03-27 17:27:14,540.14
2022-03-27 17:27:19,540.14
2022-03-27 17:27:24,523.42981965372
2022-03-27 17:27:29,540.18
2022-03-27 17:27:34,540.17
2022-03-27 17:27:39,540.24
2022-03-27 17:27:44,540.24
2022-03-27 17:27:49,540.24
2022-03-27 17:27:54,540.24
2022-03-27 17:27:59,540.31
2022-03-27 17:28:04,540.31
2022-03-27 17:28:09,540.31
2022-03-27 17:28:14,540.38
2022-03-27 17:28:19,540.31
2022-03-27 17:28:24,540.44
2022-03-27 17:28:29,540.44
2022-03-27 17:28:34,540.44
2022-03-27 17:28:39,540.48
2022-03-27 17:28:44,540.44
2022-03-27 17:28:49,540.48
2022-03-27 17:28:54,540.48
2022-03-27 17:28:59,540.54
2022-03-27 17:29:04,540.54
2022-03-27 17:29:09,540.54
2022-03-27 17:29:14,540.54
2022-03-27 17:29:19,540.55
2022-03-27 17:29:24,540.61
2022-03-27 17:29:29,540.61
2022-03-27 17:29:34,540.61
2022-03-27 17:29:39,540.61
2022-03-27 17:29:44,540.61
2022-03-27 17:29:49,523.2740165502138
2022-03-27 17:29:54,540.68
2022-03-27 17:29:59,540.68
2022-03-27 17:30:04,540.71
2022-03-27 17:30:09,523.2657308153011
2022-03-27 17:30:14,540.71
2022-03-27 17:30:19,540.71
2022-03-27 17:30:24,540.77
2022-03-27 17:30:29,540.78
2022-03-27 17:30:34,540.84
2022-03-27 17:30:39,523.2605040936689
2022-03-27 17:30:44,540.91
2022-03-27 17:30:49,540.91
2022-03-27 17:30:54,540.91
2022-03-27 17:30:59,540.91
2022-03-27 17:31:04,540.97
2022-03-27 17:31:09,523.2645103509999
2022-03-27 17:31:14,523.2661223742297
2022-03-27 17:31:19,540.98
2022-03-27 17:31:24,523.2701835225075
2022-03-27 17:31:29,540.98
2022-03-27 17:31:34,523.2753813177268
2022-03-27 17:31:39,540.97
2022-03-27 17:31:44,540.97
2022-03-27 17:31:49,523.2853630654267
2022-03-27 17:31:54,540.91
2022-03-27 17:31:59,540.97
2022-03-27 17:32:04,540.91
2022-03-27 17:32:09,540.97
2022-03-27 17:32:14,540.97
2022-03-27 17:32:19,540.97
2022-03-27 17:32:24,540.91
2022-03-27 17:32:29,540.91
2022-03-27 17:32:34,540.91
2022-03-27 17:32:39,540.84
2022-03-27 17:32:44,540.84
2022-03-27 17:32:49,540.84
2022-03-27 17:32:54,540.84
2022-03-27 17:32:59,540.77
2022-03-27 17:33:04,540.78
2022-03-27 17:33:09,523.38404549618
2022-03-27 17:33:14,523.3926634088267
2022-03-27 17:33:19,540.68
2022-03-27 17:33:24,540.68
2022-03-27 17:33:29,540.61
2022-03-27 17:33:34,540.67
2022-03-27 17:33:39,540.6
2022-03-27 17:33:44,540.54
2022-03-27 17:33:49,540.54
2022-03-27 17:33:54,540.54
2022-03-27 17:33:59,540.48
2022-03-27 17:34:04,540.45
2022-03-27 17:34:09,540.45
2022-03-27 17:34:14,540.45
2022-03-27 17:34:19,540.38
2022-03-27 17:34:24,523.5410099091648
2022-03-27 17:34:29,540.38
2022-03-27 17:34:34,540.38
2022-03-27 17:34:39,540.31
2022-03-27 17:34:44,540.31
2022-03-27 17:34:49,540.31
2022-03-27 17:34:54,540.25
2022-03-27 17:34:59,540.25
2022-03-27 17:35:04,540.18
2022-03-27 17:35:09,540.18
2022-03-27 17:35:14,523.6762395917543
2022-03-27 17:35:19,540.08
2022-03-27 17:35:24,540.02
2022-03-27 17:35:29,539.95
2022-03-27 17:35:34,539.95
2022-03-27 17:35:39,539.95
2022-03-27 17:35:44,539.91
2022-03-27 17:35:49,539.85
2022-03-27 17:35:54,539.72
2022-03-27 17:35:59,539.66
2022-03-27 17:36:04,539.65
2022-03-27 17:36:09,539.62
2022-03-27 17:36:14,539.62
2022-03-27 17:36:19,539.56
2022-03-27 17:36:24,539.43
2022-03-27 17:36:29,539.39
2022-03-27 17:36:34,539.39
2022-03-27 17:36:39,539.27
2022-03-27 17:36:44,539.2
2022-03-27 17:36:49,539.14
2022-03-27 17:36:54,524.0093775209031
2022-03-27 17:36:59,538.98
2022-03-27 17:37:04,538.98
2022-03-27 17:37:09,538.88
2022-03-27 17:37:14,538.88
2022-03-27 17:37:19,538.82
2022-03-27 17:37:24,524.1233835666781
2022-03-27 17:37:29,538.62
2022-03-27 17:37:34,538.59
2022-03-27 17:37:39,538.52
2022-03-27 17:37:44,524.2025170503646
2022-03-27 17:37:49,538.36
2022-03-27 17:37:54,538.36
2022-03-27 17:37:59,538.23
2022-03-27 17:38:04,538.17
2022-03-27 17:38:09,538.1
2022-03-27 17:38:14,538.07
2022-03-27 17:38:19,538.07
2022-03-27 17:38:24,538.01
2022-03-27 17:38:29,537.88
2022-03-27 17:38:34,537.85
2022-03-27 17:38:39,537.85
2022-03-27 17:38:44,537.72
2022-03-27 17:38:49,537.66
2022-03-27 17:38:54,537.59
2022-03-27 17:38:59,537.59
2022-03-27 17:39:04,537.56
2022-03-27 17:39:09,537.49
2022-03-27 17:39:14,537.37
2022-03-27 17:39:19,537.37
2022-03-27 17:39:24,537.27
2022-03-27 17:39:29,537.2
2022-03-27 17:39:34,537.14
2022-03-27 17:39:39,537.08
2022-03-27 17:39:44,536.98
2022-03-27 17:39:49,536.92
2022-03-27 17:39:54,536.92
2022-03-27 17:39:59,536.82
2022-03-27 17:40:04,536.82
2022-03-27 17:40:09,536.69
2022-03-27 17:40:14,524.8596055957117
2022-03-27 17:40:19,536.63
2022-03-27 17:40:24,536.53
2022-03-27 17:40:29,536.47
2022-03-27 17:40:34,536.47
2022-03-27 17:40:39,524.9773177513979
2022-03-27 17:40:44,536.31
2022-03-27 17:40:49,536.31
2022-03-27 17:40:54,536.24
2022-03-27 17:40:59,536.18
2022-03-27 17:41:04,536.11
2022-03-27 17:41:09,536.05
2022-03-27 17:41:14,536.02
2022-03-27 17:41:19,535.95
2022-03-27 17:41:24,535.89
2022-03-27 17:41:29,535.82
2022-03-27 17:41:34,535.82
2022-03-27 17:41:39,535.79
2022-03-27 17:41:44,525.2898669293332
2022-03-27 17:41:49,525.3141922109203
2022-03-27 17:41:54,535.66
2022-03-27 17:41:59,535.67
2022-03-27 17:42:04,535.6
2022-03-27 17:42:09,535.54
2022-03-27 17:42:14,535.54
2022-03-27 17:42:19,535.54
2022-03-27 17:42:24,535.5
2022-03-27 17:42:29,535.51
2022-03-27 17:42:34,525.5341166659143
2022-03-27 17:42:39,525.5586197721971
2022-03-27 17:42:44,535.44
2022-03-27 17:42:49,535.44
2022-03-27 17:42:54,535.44
2022-03-27 17:42:59,535.44
2022-03-27 17:43:04,535.38
2022-03-27 17:43:09,525.7056529957927
2022-03-27 17:43:14,525.7301387100287
2022-03-27 17:43:19,535.38
2022-03-27 17:43:24,535.31
2022-03-27 17:43:29,535.38
2022-03-27 17:43:34,535.32
2022-03-27 17:43:39,525.8523392638534
2022-03-27 17:43:44,535.38
2022-03-27 17:43:49,535.38
2022-03-27 17:43:54,535.38
2022-03-27 17:43:59,535.38
2022-03-27 17:44:04,535.38
2022-03-27 17:44:09,535.45
2022-03-27 17:44:14,535.44
2022-03-27 17:44:19,535.45
2022-03-27 17:44:24,535.51
2022-03-27 17:44:29,535.51
2022-03-27 17:44:34,535.51
2022-03-27 17:44:39,535.54
2022-03-27 17:44:44,535.54
2022-03-27 17:44:49,535.6
2022-03-27 17:44:54,535.67
2022-03-27 17:44:59,535.67
2022-03-27 17:45:04,535.67
2022-03-27 17:45:09,535.74
2022-03-27 17:45:14,535.8
2022-03-27 17:45:19,535.8
2022-03-27 17:45:24,535.9
2022-03-27 17:45:29,526.3788975151487
2022-03-27 17:45:34,526.4021453255091
2022-03-27 17:45:39,535.96
2022-03-27 17:45:44,536.03
2022-03-27 17:45:49,526.471406514846
2022-03-27 17:45:54,536.13
2022-03-27 17:45:59,536.19
2022-03-27 17:46:04,536.26
2022-03-27 17:46:09,536.26
2022-03-27 17:46:14,536.32
2022-03-27 17:46:19,536.36
2022-03-27 17:46:24,536.36
2022-03-27 17:46:29,536.48
2022-03-27 17:46:34,526.674340784891
2022-03-27 17:46:39,536.55
2022-03-27 17:46:44,536.58
2022-03-27 17:46:49,536.65
2022-03-27 17:46:54,536.71
2022-03-27 17:46:59,536.78
2022-03-27 17:47:04,536.84
2022-03-27 17:47:09,536.88
2022-03-27 17:47:14,536.94
2022-03-27 17:47:19,537.01
2022-03-27 17:47:24,537.07
2022-03-27 17:47:29,537.1
2022-03-27 17:47:34,537.11
2022-03-27 17:47:39,537.17
2022-03-27 17:47:44,537.23
2022-03-27 17:47:49,537.3
2022-03-27 17:47:54,537.4
2022-03-27 17:47:59,537.4
2022-03-27 17:48:04,537.46
2022-03-27 17:48:09,537.53
2022-03-27 17:48:14,537.59
2022-03-27 17:48:19,527.1171650921056
2022-03-27 17:48:24,537.69
2022-03-27 17:48:29,537.76
2022-03-27 17:48:34,537.82
2022-03-27 17:48:39,537.82
2022-03-27 17:48:44,537.88
2022-03-27 17:48:49,537.98
2022-03-27 17:48:54,538.05
2022-03-27 17:48:59,538.11
2022-03-27 17:49:04,538.11
2022-03-27 17:49:09,538.14
2022-03-27 17:49:14,538.21
2022-03-27 17:49:19,538.34
2022-03-27 17:49:24,538.4
2022-03-27 17:49:29,527.3874895264385
2022-03-27 17:49:34,538.43
2022-03-27 17:49:39,538.5
2022-03-27 17:49:44,538.63
2022-03-27 17:49:49,538.66
2022-03-27 17:49:54,538.72
2022-03-27 17:49:59,538.85
2022-03-27 17:50:04,538.92
2022-03-27 17:50:09,538.91
2022-03-27 17:50:14,539.01
2022-03-27 17:50:19,539.08
2022-03-27 17:50:24,539.17
2022-03-27 17:50:29,539.24
2022-03-27 17:50:34,539.24
2022-03-27 17:50:39,539.37
2022-03-27 17:50:44,539.46
2022-03-27 17:50:49,539.53
2022-03-27 17:50:54,539.59
2022-03-27 17:50:59,539.66
2022-03-27 17:51:04,539.75
2022-03-27 17:51:09,539.81
2022-03-27 17:51:14,539.94
2022-03-27 17:51:19,539.97
2022-03-27 17:51:24,540.04
2022-03-27 17:51:29,540.17
2022-03-27 17:51:34,540.2
2022-03-27 17:51:39,540.32
2022-03-27 17:51:44,540.39
2022-03-27 17:51:49,540.48
2022-03-27 17:51:54,540.55
2022-03-27 17:51:59,540.68
2022-03-27 17:52:04,540.71
2022-03-27 17:52:09,540.9
2022-03-27 17:52:14,540.97
2022-03-27 17:52:19,541.06
2022-03-27 17:52:24,541.19
2022-03-27 17:52:29,541.22
2022-03-27 17:52:34,541.35
2022-03-27 17:52:39,528.0142442957035
2022-03-27 17:52:44,541.48
2022-03-27 17:52:49,541.57
2022-03-27 17:52:54,541.7
2022-03-27 17:52:59,541.8
2022-03-27 17:53:04,541.92
2022-03-27 17:53:09,542.02
2022-03-27 17:53:14,542.15
2022-03-27 17:53:19,542.24
2022-03-27 17:53:24,542.31
2022-03-27 17:53:29,542.44
2022-03-27 17:53:34,542.53
2022-03-27 17:53:39,542.6
2022-03-27 17:53:44,542.72
2022-03-27 17:53:49,542.82
2022-03-27 17:53:54,542.95
2022-03-27 17:53:59,543.01
2022-03-27 17:54:04,543.17
2022-03-27 17:54:09,528.2533238599954
2022-03-27 17:54:14,543.33
2022-03-27 17:54:19,543.46
2022-03-27 17:54:24,543.52
2022-03-27 17:54:29,528.3011645495527
2022-03-27 17:54:34,543.75
2022-03-27 17:54:39,543.84
2022-03-27 17:54:44,543.91
2022-03-27 17:54:49,543.97
2022-03-27 17:54:54,544.07
2022-03-27 17:54:59,544.2
2022-03-27 17:55:04,544.29
2022-03-27 17:55:09,528.3909452544846
2022-03-27 17:55:14,544.42
2022-03-27 17:55:19,528.4121483062963
2022-03-27 17:55:24,544.58
2022-03-27 17:55:29,544.71
2022-03-27 17:55:34,544.77
2022-03-27 17:55:39,544.87
2022-03-27 17:55:44,545.0
2022-03-27 17:55:49,528.4727412070981
2022-03-27 17:55:54,545.09
2022-03-27 17:55:59,528.4919260983164
2022-03-27 17:56:04,545.28
2022-03-27 17:56:09,545.32
2022-03-27 17:56:14,545.38
2022-03-27 17:56:19,545.38
2022-03-27 17:56:24,545.58
2022-03-27 17:56:29,545.51
2022-03-27 17:56:34,545.57
2022-03-27 17:56:39,545.61
2022-03-27 17:56:44,528.5719147241799
2022-03-27 17:56:49,545.67
2022-03-27 17:56:54,545.74
2022-03-27 17:56:59,545.8
2022-03-27 17:57:04,528.6040976404391
2022-03-27 17:57:09,545.8
2022-03-27 17:57:14,528.619403724078
2022-03-27 17:57:19,545.83
2022-03-27 17:57:24,545.9
2022-03-27 17:57:29,545.9
2022-03-27 17:57:34,545.9
2022-03-27 17:57:39,545.96
2022-03-27 17:57:44,545.96
2022-03-27 17:57:49,545.97
2022-03-27 17:57:54,528.675340959496
2022-03-27 17:57:59,545.96
2022-03-27 17:58:04,545.97
2022-03-27 17:58:09,545.97
2022-03-27 17:58:14,545.96
2022-03-27 17:58:19,545.97
2022-03-27 17:58:24,545.9
2022-03-27 17:58:29,545.9
2022-03-27 17:58:34,545.9
2022-03-27 17:58:39,545.84
2022-03-27 17:58:44,545.84
2022-03-27 17:58:49,545.81
2022-03-27 17:58:54,545.74
2022-03-27 17:58:59,545.68
2022-03-27 17:59:04,545.68
2022-03-27 17:59:09,545.58
2022-03-27 17:59:14,545.52
2022-03-27 17:59:19,545.52
2022-03-27 17:59:24,545.45
2022-03-27 17:59:29,545.39
2022-03-27 17:59:34,545.29
2022-03-27 17:59:39,545.23
2022-03-27 17:59:44,545.1
2022-03-27 17:59:49,545.07
2022-03-27 17:59:54,544.94
2022-03-27 17:59:59,544.87
2022-03-27 18:00:04,544.78
2022-03-27 18:00:09,544.71
2022-03-27 18:00:14,544.65
2022-03-27 18:00:19,544.49
2022-03-27 18:00:24,544.42
2022-03-27 18:00:29,544.36
2022-03-27 18:00:34,544.26
2022-03-27 18:00:39,544.13
2022-03-27 18:00:44,544.04
2022-03-27 18:00:49,543.84
2022-03-27 18:00:54,543.78
2022-03-27 18:00:59,543.68
2022-03-27 18:01:04,543.56
2022-03-27 18:01:09,543.52
2022-03-27 18:01:14,543.4
2022-03-27 18:01:19,543.24
2022-03-27 18:01:24,543.11
2022-03-27 18:01:29,543.01
2022-03-27 18:01:34,542.88
2022-03-27 18:01:39,542.75
2022-03-27 18:01:44,542.66
2022-03-27 18:01:49,528.8268051453935
2022-03-27 18:01:54,528.8266673072393
2022-03-27 18:01:59,542.21
2022-03-27 18:02:04,542.08
2022-03-27 18:02:09,541.98
2022-03-27 18:02:14,541.79
2022-03-27 18:02:19,541.72
2022-03-27 18:02:24,541.56
2022-03-27 18:02:29,528.8217926286246
2022-03-27 18:02:34,528.8205387034147
2022-03-27 18:02:39,541.18
2022-03-27 18:02:44,541.05
2022-03-27 18:02:49,540.95
2022-03-27 18:02:54,540.82
2022-03-27 18:02:59,540.69
2022-03-27 18:03:04,540.6
2022-03-27 18:03:09,540.47
2022-03-27 18:03:14,540.37
2022-03-27 18:03:19,540.18
2022-03-27 18:03:24,540.08
2022-03-27 18:03:29,528.7975809754355
2022-03-27 18:03:34,539.92
2022-03-27 18:03:39,539.8
2022-03-27 18:03:44,539.73
2022-03-27 18:03:49,539.63
2022-03-27 18:03:54,539.51
2022-03-27 18:03:59,539.44
2022-03-27 18:04:04,539.34
2022-03-27 18:04:09,539.28
2022-03-27 18:04:14,528.7663528678759
2022-03-27 18:04:19,539.12
2022-03-27 18:04:24,538.99
2022-03-27 18:04:29,538.93
2022-03-27 18:04:34,538.83
2022-03-27 18:04:39,538.77
2022-03-27 18:04:44,538.7
2022-03-27 18:04:49,538.61
2022-03-27 18:04:54,538.54
2022-03-27 18:04:59,538.48
2022-03-27 18:05:04,538.38
2022-03-27 18:05:09,538.32
2022-03-27 18:05:14,538.32
2022-03-27 18:05:19,538.19
2022-03-27 18:05:24,538.19
2022-03-27 18:05:29,538.1
2022-03-27 18:05:34,538.03
2022-03-27 18:05:39,537.97
2022-03-27 18:05:44,537.9
2022-03-27 18:05:49,537.87
2022-03-27 18:05:54,537.87
2022-03-27 18:05:59,537.75
2022-03-27 18:06:04,537.75
2022-03-27 18:06:09,537.68
2022-03-27 18:06:14,537.68
2022-03-27 18:06:19,528.6213746621465
2022-03-27 18:06:24,528.6138069386557
2022-03-27 18:06:29,537.62
2022-03-27 18:06:34,537.59
2022-03-27 18:06:39,528.5902923362266
2022-03-27 18:06:44,528.582183936419
2022-03-27 18:06:49,537.59
2022-03-27 18:06:54,537.59
2022-03-27 18:06:59,537.59
2022-03-27 18:07:04,537.59
2022-03-27 18:07:09,537.59
2022-03-27 18:07:14,537.59
2022-03-27 18:07:19,537.62
2022-03-27 18:07:24,537.62
2022-03-27 18:07:29,537.62
2022-03-27 18:07:34,528.4936908965894
2022-03-27 18:07:39,537.69
2022-03-27 18:07:44,537.69
2022-03-27 18:07:49,537.69
2022-03-27 18:07:54,537.76
2022-03-27 18:07:59,537.82
2022-03-27 18:08:04,537.76
2022-03-27 18:08:09,537.82
2022-03-27 18:08:14,537.88
2022-03-27 18:08:19,537.88
2022-03-27 18:08:24,537.91
2022-03-27 18:08:29,537.98
2022-03-27 18:08:34,528.3698020467493
2022-03-27 18:08:39,538.05
2022-03-27 18:08:44,538.11
2022-03-27 18:08:49,538.11
2022-03-27 18:08:54,538.2
2022-03-27 18:08:59,538.27
2022-03-27 18:09:04,538.33
2022-03-27 18:09:09,538.4
2022-03-27 18:09:14,538.4
2022-03-27 18:09:19,538.49
2022-03-27 18:09:24,538.56
2022-03-27 18:09:29,538.62
2022-03-27 18:09:34,538.71
2022-03-27 18:09:39,528.2139610927072
2022-03-27 18:09:44,538.84
2022-03-27 18:09:49,528.1880003994535
2022-03-27 18:09:54,539.07
2022-03-27 18:09:59,539.13
2022-03-27 18:10:04,539.23
2022-03-27 18:10:09,539.36
2022-03-27 18:10:14,539.42
2022-03-27 18:10:19,528.1069560880748
2022-03-27 18:10:24,528.0929884207776
2022-03-27 18:10:29,539.67
2022-03-27 18:10:34,539.8
2022-03-27 18:10:39,539.93
2022-03-27 18:10:44,539.93
2022-03-27 18:10:49,540.09
2022-03-27 18:10:54,540.18
2022-03-27 18:10:59,540.25
2022-03-27 18:11:04,540.37
2022-03-27 18:11:09,540.47
2022-03-27 18:11:14,540.54
2022-03-27 18:11:19,540.66
2022-03-27 18:11:24,540.76
2022-03-27 18:11:29,540.89
2022-03-27 18:11:34,540.95
2022-03-27 18:11:39,541.04
2022-03-27 18:11:44,541.17
2022-03-27 18:11:49,541.27
2022-03-27 18:11:54,541.4
2022-03-27 18:11:59,527.8027534917533
2022-03-27 18:12:04,541.69
2022-03-27 18:12:09,541.68
2022-03-27 18:12:14,541.85
2022-03-27 18:12:19,541.91
2022-03-27 18:12:24,542.01
2022-03-27 18:12:29,542.13
2022-03-27 18:12:34,542.23
2022-03-27 18:12:39,542.42
2022-03-27 18:12:44,542.49
2022-03-27 18:12:49,542.58
2022-03-27 18:12:54,542.71
2022-03-27 18:12:59,542.81
2022-03-27 18:13:04,542.94
2022-03-27 18:13:09,543.03
2022-03-27 18:13:14,543.16
2022-03-27 18:13:19,543.26
2022-03-27 18:13:24,543.38
2022-03-27 18:13:29,543.51
2022-03-27 18:13:34,543.61
2022-03-27 18:13:39,543.74
2022-03-27 18:13:44,543.83
2022-03-27 18:13:49,527.4082349167737
2022-03-27 18:13:54,544.03
2022-03-27 18:13:59,544.12
2022-03-27 18:14:04,544.25
2022-03-27 18:14:09,544.35
2022-03-27 18:14:14,544.48
2022-03-27 18:14:19,544.57
2022-03-27 18:14:24,544.7
2022-03-27 18:14:29,544.8
2022-03-27 18:14:34,544.86
2022-03-27 18:14:39,527.2084097030356
2022-03-27 18:14:44,545.09
2022-03-27 18:14:49,545.22
2022-03-27 18:14:54,545.28
2022-03-27 18:14:59,545.31
2022-03-27 18:15:04,545.44
2022-03-27 18:15:09,545.51
2022-03-27 18:15:14,545.67
2022-03-27 18:15:19,545.67
2022-03-27 18:15:24,545.79
2022-03-27 18:15:29,545.83
2022-03-27 18:15:34,545.89
2022-03-27 18:15:39,545.96
2022-03-27 18:15:44,546.02
2022-03-27 18:15:49,546.02
2022-03-27 18:15:54,546.12
2022-03-27 18:15:59,546.12
2022-03-27 18:16:04,546.18
2022-03-27 18:16:09,546.18
2022-03-27 18:16:14,546.25
2022-03-27 18:16:19,546.25
2022-03-27 18:16:24,546.31
2022-03-27 18:16:29,546.31
2022-03-27 18:16:34,546.31
2022-03-27 18:16:39,546.31
2022-03-27 18:16:44,546.25
2022-03-27 18:16:49,546.25
2022-03-27 18:16:54,546.25
2022-03-27 18:16:59,546.18
2022-03-27 18:17:04,526.5643221007922
2022-03-27 18:17:09,546.12
2022-03-27 18:17:14,546.12
2022-03-27 18:17:19,526.4930357636914
2022-03-27 18:17:24,546.02
2022-03-27 18:17:29,546.02
2022-03-27 18:17:34,546.03
2022-03-27 18:17:39,545.96
2022-03-27 18:17:44,545.96
2022-03-27 18:17:49,545.89
2022-03-27 18:17:54,545.83
2022-03-27 18:17:59,526.2994003563315
2022-03-27 18:18:04,545.74
2022-03-27 18:18:09,545.67
2022-03-27 18:18:14,545.67
2022-03-27 18:18:19,545.57
2022-03-27 18:18:24,545.51
2022-03-27 18:18:29,545.44
2022-03-27 18:18:34,545.32
2022-03-27 18:18:39,545.28
2022-03-27 18:18:44,545.16
2022-03-27 18:18:49,526.0509021894688
2022-03-27 18:18:54,544.99
2022-03-27 18:18:59,544.8
2022-03-27 18:19:04,544.8
2022-03-27 18:19:09,544.71
2022-03-27 18:19:14,544.58
2022-03-27 18:19:19,544.55
2022-03-27 18:19:24,544.35
2022-03-27 18:19:29,544.29
2022-03-27 18:19:34,544.19
2022-03-27 18:19:39,544.03
2022-03-27 18:19:44,543.97
2022-03-27 18:19:49,543.74
2022-03-27 18:19:54,543.68
2022-03-27 18:19:59,543.52
2022-03-27 18:20:04,543.39
2022-03-27 18:20:09,543.26
2022-03-27 18:20:14,543.1
2022-03-27 18:20:19,543.0
2022-03-27 18:20:24,542.81
2022-03-27 18:20:29,542.65
2022-03-27 18:20:34,542.52
2022-03-27 18:20:39,542.42
2022-03-27 18:20:44,542.23
2022-03-27 18:20:49,542.13
2022-03-27 18:20:54,541.97
2022-03-27 18:20:59,541.91
2022-03-27 18:21:04,541.72
2022-03-27 18:21:09,541.55
2022-03-27 18:21:14,541.46
2022-03-27 18:21:19,541.26
2022-03-27 18:21:24,541.17
2022-03-27 18:21:29,540.98
2022-03-27 18:21:34,525.194988851967
2022-03-27 18:21:39,540.75
2022-03-27 18:21:44,540.59
2022-03-27 18:21:49,540.43
2022-03-27 18:21:54,540.3
2022-03-27 18:21:59,540.14
2022-03-27 18:22:04,540.01
2022-03-27 18:22:09,539.85
2022-03-27 18:22:14,539.72
2022-03-27 18:22:19,539.62
2022-03-27 18:22:24,539.43
2022-03-27 18:22:29,539.4
2022-03-27 18:22:34,539.21
2022-03-27 18:22:39,539.11
2022-03-27 18:22:44,538.98
2022-03-27 18:22:49,538.82
2022-03-27 18:22:54,538.76
2022-03-27 18:22:59,538.6
2022-03-27 18:23:04,538.47
2022-03-27 18:23:09,524.6899198115818
2022-03-27 18:23:14,538.25
2022-03-27 18:23:19,538.12
2022-03-27 18:23:24,538.02
2022-03-27 18:23:29,537.86
2022-03-27 18:23:34,537.8
2022-03-27 18:23:39,524.5303657327157
2022-03-27 18:23:44,524.5038083976884
2022-03-27 18:23:49,537.45
2022-03-27 18:23:54,524.450734936741
2022-03-27 18:23:59,537.29
2022-03-27 18:24:04,537.16
2022-03-27 18:24:09,524.3712464335754
2022-03-27 18:24:14,537.06
2022-03-27 18:24:19,536.93
2022-03-27 18:24:24,536.84
2022-03-27 18:24:29,536.77
2022-03-27 18:24:34,536.65
2022-03-27 18:24:39,536.58
2022-03-27 18:24:44,536.55
2022-03-27 18:24:49,536.42
2022-03-27 18:24:54,536.36
2022-03-27 18:24:59,536.32
2022-03-27 18:25:04,536.26
2022-03-27 18:25:09,536.13
2022-03-27 18:25:14,536.07
2022-03-27 18:25:19,535.97
2022-03-27 18:25:24,535.91
2022-03-27 18:25:29,535.91
2022-03-27 18:25:34,535.81
2022-03-27 18:25:39,535.75
2022-03-27 18:25:44,535.68
2022-03-27 18:25:49,535.62
2022-03-27 18:25:54,535.55
2022-03-27 18:25:59,535.52
2022-03-27 18:26:04,535.39
2022-03-27 18:26:09,535.39
2022-03-27 18:26:14,535.39
2022-03-27 18:26:19,535.3
2022-03-27 18:26:24,535.3
2022-03-27 18:26:29,535.23
2022-03-27 18:26:34,535.17
2022-03-27 18:26:39,535.04
2022-03-27 18:26:44,535.04
2022-03-27 18:26:49,535.04
2022-03-27 18:26:54,535.01
2022-03-27 18:26:59,534.94
2022-03-27 18:27:04,534.88
2022-03-27 18:27:09,534.88
2022-03-27 18:27:14,534.88
2022-03-27 18:27:19,534.81
2022-03-27 18:27:24,534.81
2022-03-27 18:27:29,534.78
2022-03-27 18:27:34,523.3167490069561
2022-03-27 18:27:39,534.78
2022-03-27 18:27:44,534.78
2022-03-27 18:27:49,534.78
2022-03-27 18:27:54,523.218840579966
2022-03-27 18:27:59,534.71
2022-03-27 18:28:04,534.77
2022-03-27 18:28:09,534.77
2022-03-27 18:28:14,534.77
2022-03-27 18:28:19,534.77
2022-03-27 18:28:24,534.8
2022-03-27 18:28:29,534.8
2022-03-27 18:28:34,534.87
2022-03-27 18:28:39,523.0030832749246
2022-03-27 18:28:44,522.9795226242701
2022-03-27 18:28:49,534.93
2022-03-27 18:28:54,534.99
2022-03-27 18:28:59,535.02
2022-03-27 18:29:04,522.886130671209
2022-03-27 18:29:09,535.15
2022-03-27 18:29:14,535.22
2022-03-27 18:29:19,535.28
2022-03-27 18:29:24,535.31
2022-03-27 18:29:29,535.31
2022-03-27 18:29:34,535.37
2022-03-27 18:29:39,522.7260332180714
2022-03-27 18:29:44,535.53
2022-03-27 18:29:49,535.6
2022-03-27 18:29:54,535.66
2022-03-27 18:29:59,535.79
2022-03-27 18:30:04,535.82
2022-03-27 18:30:09,535.95
2022-03-27 18:30:14,536.01
2022-03-27 18:30:19,522.548424101654
2022-03-27 18:30:24,536.17
2022-03-27 18:30:29,536.23
2022-03-27 18:30:34,536.39
2022-03-27 18:30:39,536.46
2022-03-27 18:30:44,536.62
2022-03-27 18:30:49,536.75
2022-03-27 18:30:54,536.84
2022-03-27 18:30:59,536.97
2022-03-27 18:31:04,537.07
2022-03-27 18:31:09,537.2
2022-03-27 18:31:14,537.35
2022-03-27 18:31:19,537.48
2022-03-27 18:31:24,537.58
2022-03-27 18:31:29,537.78
2022-03-27 18:31:34,537.93
2022-03-27 18:31:39,538.06
2022-03-27 18:31:44,538.16
2022-03-27 18:31:49,538.35
2022-03-27 18:31:54,538.45
2022-03-27 18:31:59,538.58
2022-03-27 18:32:04,522.1109049592845
2022-03-27 18:32:09,538.87
2022-03-27 18:32:14,539.03
2022-03-27 18:32:19,539.09
2022-03-27 18:32:24,539.25
2022-03-27 18:32:29,539.41
2022-03-27 18:32:34,539.54
2022-03-27 18:32:39,539.64
2022-03-27 18:32:44,539.77
2022-03-27 18:32:49,539.9
2022-03-27 18:32:54,540.06
2022-03-27 18:32:59,540.12
2022-03-27 18:33:04,540.28
2022-03-27 18:33:09,521.8621681841083
2022-03-27 18:33:14,540.57
2022-03-27 18:33:19,540.63
2022-03-27 18:33:24,540.79
2022-03-27 18:33:29,540.86
2022-03-27 18:33:34,541.02
2022-03-27 18:33:39,541.09
2022-03-27 18:33:44,521.7356299062963
2022-03-27 18:33:49,541.31
2022-03-27 18:33:54,541.44
2022-03-27 18:33:59,541.6
2022-03-27 18:34:04,541.7
2022-03-27 18:34:09,541.83
2022-03-27 18:34:14,521.6314289511805
2022-03-27 18:34:19,542.05
2022-03-27 18:34:24,542.12
2022-03-27 18:34:29,542.22
2022-03-27 18:34:34,542.41
2022-03-27 18:34:39,542.47
2022-03-27 18:34:44,542.57
2022-03-27 18:34:49,542.7
2022-03-27 18:34:54,542.8
2022-03-27 18:34:59,542.86
2022-03-27 18:35:04,521.4667527845198
2022-03-27 18:35:09,543.02
2022-03-27 18:35:14,543.15
2022-03-27 18:35:19,543.21
2022-03-27 18:35:24,543.31
2022-03-27 18:35:29,543.38
2022-03-27 18:35:34,543.51
2022-03-27 18:35:39,543.54
2022-03-27 18:35:44,543.6
2022-03-27 18:35:49,543.67
2022-03-27 18:35:54,543.73
2022-03-27 18:35:59,543.76
2022-03-27 18:36:04,543.83
2022-03-27 18:36:09,543.89
2022-03-27 18:36:14,543.96
2022-03-27 18:36:19,543.96
2022-03-27 18:36:24,544.02
2022-03-27 18:36:29,544.12
2022-03-27 18:36:34,544.19
2022-03-27 18:36:39,544.19
2022-03-27 18:36:44,544.25
2022-03-27 18:36:49,544.28
2022-03-27 18:36:54,544.28
2022-03-27 18:36:59,544.35
2022-03-27 18:37:04,544.48
2022-03-27 18:37:09,521.1067019052084
2022-03-27 18:37:14,544.48
2022-03-27 18:37:19,544.54
2022-03-27 18:37:24,544.57
2022-03-27 18:37:29,544.57
2022-03-27 18:37:34,544.64
2022-03-27 18:37:39,521.0317905678262
2022-03-27 18:37:44,544.7
2022-03-27 18:37:49,544.7
2022-03-27 18:37:54,544.71
2022-03-27 18:37:59,544.77
2022-03-27 18:38:04,544.77
2022-03-27 18:38:09,544.77
2022-03-27 18:38:14,544.77
2022-03-27 18:38:19,544.8
2022-03-27 18:38:24,544.8
2022-03-27 18:38:29,544.8
2022-03-27 18:38:34,544.87
2022-03-27 18:38:39,544.8
2022-03-27 18:38:44,544.87
2022-03-27 18:38:49,544.93
2022-03-27 18:38:54,520.8649847401214
2022-03-27 18:38:59,544.87
2022-03-27 18:39:04,544.87
2022-03-27 18:39:09,544.87
2022-03-27 18:39:14,544.87
2022-03-27 18:39:19,544.87
2022-03-27 18:39:24,544.87
2022-03-27 18:39:29,544.8
2022-03-27 18:39:34,520.788346678191
2022-03-27 18:39:39,544.77
2022-03-27 18:39:44,544.77
2022-03-27 18:39:49,544.71
2022-03-27 18:39:54,544.58
2022-03-27 18:39:59,544.64
2022-03-27 18:40:04,544.58
2022-03-27 18:40:09,544.55
2022-03-27 18:40:14,544.48
2022-03-27 18:40:19,544.48
2022-03-27 18:40:24,544.36
2022-03-27 18:40:29,544.36
2022-03-27 18:40:34,520.690042677254
2022-03-27 18:40:39,520.682771470362
2022-03-27 18:40:44,544.19
2022-03-27 18:40:49,544.13
2022-03-27 18:40:54,544.03
2022-03-27 18:40:59,543.97
2022-03-27 18:41:04,543.91
2022-03-27 18:41:09,543.78
2022-03-27 18:41:14,543.75
2022-03-27 18:41:19,543.68
2022-03-27 18:41:24,543.56
2022-03-27 18:41:29,543.52
2022-03-27 18:41:34,520.6123553774995
2022-03-27 18:41:39,543.27
2022-03-27 18:41:44,543.11
2022-03-27 18:41:49,543.04
2022-03-27 18:41:54,520.5911641816169
2022-03-27 18:41:59,542.88
2022-03-27 18:42:04,542.82
2022-03-27 18:42:09,542.72
2022-03-27 18:42:14,542.66
2022-03-27 18:42:19,542.53
2022-03-27 18:42:24,542.5
2022-03-27 18:42:29,542.43
2022-03-27 18:42:34,542.24
2022-03-27 18:42:39,542.15
2022-03-27 18:42:44,542.08
2022-03-27 18:42:49,542.01
2022-03-27 18:42:54,541.92
2022-03-27 18:42:59,541.86
2022-03-27 18:43:04,541.73
2022-03-27 18:43:09,541.7
2022-03-27 18:43:14,541.57
2022-03-27 18:43:19,541.47
2022-03-27 18:43:24,541.41
2022-03-27 18:43:29,541.28
2022-03-27 18:43:34,541.21
2022-03-27 18:43:39,541.12
2022-03-27 18:43:44,520.5171459986911
2022-03-27 18:43:49,540.96
2022-03-27 18:43:54,540.95
2022-03-27 18:43:59,540.83
2022-03-27 18:44:04,540.69
2022-03-27 18:44:09,540.66
2022-03-27 18:44:14,540.54
2022-03-27 18:44:19,540.47
2022-03-27 18:44:24,540.44
2022-03-27 18:44:29,540.31
2022-03-27 18:44:34,540.24
2022-03-27 18:44:39,520.5049330071467
2022-03-27 18:44:44,540.15
2022-03-27 18:44:49,540.02
2022-03-27 18:44:54,520.5041250212452
2022-03-27 18:44:59,539.92
2022-03-27 18:45:04,539.86
2022-03-27 18:45:09,539.79
2022-03-27 18:45:14,539.66
2022-03-27 18:45:19,539.63
2022-03-27 18:45:24,539.56
2022-03-27 18:45:29,539.5
2022-03-27 18:45:34,539.44
2022-03-27 18:45:39,539.33
2022-03-27 18:45:44,520.5085135817187
2022-03-27 18:45:49,539.21
2022-03-27 18:45:54,539.21
2022-03-27 18:45:59,539.14
2022-03-27 18:46:04,539.04
2022-03-27 18:46:09,538.98
2022-03-27 18:46:14,538.98
2022-03-27 18:46:19,538.91
2022-03-27 18:46:24,538.81
2022-03-27 18:46:29,538.81
2022-03-27 18:46:34,538.75
2022-03-27 18:46:39,538.62
2022-03-27 18:46:44,538.59
2022-03-27 18:46:49,538.52
2022-03-27 18:46:54,538.45
2022-03-27 18:46:59,538.36
2022-03-27 18:47:04,538.36
2022-03-27 18:47:09,538.23
2022-03-27 18:47:14,538.23
2022-03-27 18:47:19,538.1
2022-03-27 18:47:24,538.07
2022-03-27 18:47:29,520.5480363825571
2022-03-27 18:47:34,520.5507785931202
2022-03-27 18:47:39,537.86
2022-03-27 18:47:44,537.83
2022-03-27 18:47:49,537.7
2022-03-27 18:47:54,537.7
2022-03-27 18:47:59,537.64
2022-03-27 18:48:04,537.57
2022-03-27 18:48:09,537.54
2022-03-27 18:48:14,537.47
2022-03-27 18:48:19,537.34
2022-03-27 18:48:24,537.34
2022-03-27 18:48:29,537.31
2022-03-27 18:48:34,537.24
2022-03-27 18:48:39,537.11
2022-03-27 18:48:44,537.05
2022-03-27 18:48:49,537.05
2022-03-27 18:48:54,537.01
2022-03-27 18:48:59,536.95
2022-03-27 18:49:04,536.95
2022-03-27 18:49:09,536.88
2022-03-27 18:49:14,536.82
2022-03-27 18:49:19,536.78
2022-03-27 18:49:24,536.72
2022-03-27 18:49:29,536.72
2022-03-27 18:49:34,536.65
2022-03-27 18:49:39,520.6376303563787
2022-03-27 18:49:44,536.58
2022-03-27 18:49:49,536.58
2022-03-27 18:49:54,536.58
2022-03-27 18:49:59,536.52
2022-03-27 18:50:04,536.52
2022-03-27 18:50:09,536.52
2022-03-27 18:50:14,536.52
2022-03-27 18:50:19,536.48
2022-03-27 18:50:24,536.51
2022-03-27 18:50:29,536.51
2022-03-27 18:50:34,536.51
2022-03-27 18:50:39,536.48
2022-03-27 18:50:44,536.51
2022-03-27 18:50:49,536.51
2022-03-27 18:50:54,536.58
2022-03-27 18:50:59,536.58
2022-03-27 18:51:04,536.64
2022-03-27 18:51:09,536.71
2022-03-27 18:51:14,536.71
2022-03-27 18:51:19,536.71
2022-03-27 18:51:24,536.77
2022-03-27 18:51:29,536.77
2022-03-27 18:51:34,536.8
2022-03-27 18:51:39,536.86
2022-03-27 18:51:44,536.86
2022-03-27 18:51:49,536.93
2022-03-27 18:51:54,536.99
2022-03-27 18:51:59,537.03
2022-03-27 18:52:04,537.09
2022-03-27 18:52:09,537.15
2022-03-27 18:52:14,537.15
2022-03-27 18:52:19,537.28
2022-03-27 18:52:24,520.7798407933038
2022-03-27 18:52:29,537.32
2022-03-27 18:52:34,537.44
2022-03-27 18:52:39,537.51
2022-03-27 18:52:44,537.54
2022-03-27 18:52:49,537.6
2022-03-27 18:52:54,537.73
2022-03-27 18:52:59,537.73
2022-03-27 18:53:04,537.83
2022-03-27 18:53:09,520.8181689749964
2022-03-27 18:53:14,537.95
2022-03-27 18:53:19,538.02
2022-03-27 18:53:24,538.11
2022-03-27 18:53:29,538.18
2022-03-27 18:53:34,538.24
2022-03-27 18:53:39,538.31
2022-03-27 18:53:44,538.4
2022-03-27 18:53:49,538.47
2022-03-27 18:53:54,538.53
2022-03-27 18:53:59,538.56
2022-03-27 18:54:04,538.63
2022-03-27 18:54:09,538.69
2022-03-27 18:54:14,538.75
2022-03-27 18:54:19,538.85
2022-03-27 18:54:24,538.91
2022-03-27 18:54:29,538.98
2022-03-27 18:54:34,539.04
2022-03-27 18:54:39,539.07
2022-03-27 18:54:44,520.8908807444766
2022-03-27 18:54:49,539.33
2022-03-27 18:54:54,539.33
2022-03-27 18:54:59,539.42
2022-03-27 18:55:04,520.9040839656536
2022-03-27 18:55:09,539.55
2022-03-27 18:55:14,539.64
2022-03-27 18:55:19,520.9133787923139
2022-03-27 18:55:24,520.9163538810726
2022-03-27 18:55:29,539.86
2022-03-27 18:55:34,539.86
2022-03-27 18:55:39,539.99
2022-03-27 18:55:44,520.9276010245637
2022-03-27 18:55:49,540.08
2022-03-27 18:55:54,540.15
2022-03-27 18:55:59,540.21
2022-03-27 18:56:04,540.28
2022-03-27 18:56:09,540.44
2022-03-27 18:56:14,540.5
2022-03-27 18:56:19,520.9445533832566
2022-03-27 18:56:24,520.9466691310814
2022-03-27 18:56:29,540.66
2022-03-27 18:56:34,540.72
2022-03-27 18:56:39,520.9525269336308
2022-03-27 18:56:44,540.85
2022-03-27 18:56:49,540.88
2022-03-27 18:56:54,541.01
2022-03-27 18:56:59,541.1
2022-03-27 18:57:04,541.1
2022-03-27 18:57:09,541.23
2022-03-27 18:57:14,541.35
2022-03-27 18:57:19,520.9646528921096
2022-03-27 18:57:24,541.38
2022-03-27 18:57:29,541.45
2022-03-27 18:57:34,541.57
2022-03-27 18:57:39,541.67
2022-03-27 18:57:44,541.73
2022-03-27 18:57:49,541.79
2022-03-27 18:57:54,541.89
2022-03-27 18:57:59,541.96
2022-03-27 18:58:04,542.02
2022-03-27 18:58:09,542.11
2022-03-27 18:58:14,542.24
2022-03-27 18:58:19,542.24
2022-03-27 18:58:24,542.37
2022-03-27 18:58:29,542.4
2022-03-27 18:58:34,542.52
2022-03-27 18:58:39,542.59
2022-03-27 18:58:44,542.62
2022-03-27 18:58:49,542.74
2022-03-27 18:58:54,542.81
2022-03-27 18:58:59,520.9771235424987
2022-03-27 18:59:04,542.9
2022-03-27 18:59:09,543.03
2022-03-27 18:59:14,543.09
2022-03-27 18:59:19,543.12
2022-03-27 18:59:24,543.19
2022-03-27 18:59:29,543.25
2022-03-27 18:59:34,543.31
2022-03-27 18:59:39,543.38
2022-03-27 18:59:44,543.41
2022-03-27 18:59:49,543.54
2022-03-27 18:59:54,543.53
2022-03-27 18:59:59,543.63
2022-03-27 19:00:04,543.69
2022-03-27 19:00:09,543.76
2022-03-27 19:00:14,543.82
2022-03-27 19:00:19,520.9752783915059
2022-03-27 19:00:24,543.98
2022-03-27 19:00:29,543.98
2022-03-27 19:00:34,544.05
2022-03-27 19:00:39,544.14
2022-03-27 19:00:44,544.2
2022-03-27 19:00:49,544.27
2022-03-27 19:00:54,544.27
2022-03-27 19:00:59,544.33
2022-03-27 19:01:04,544.39
2022-03-27 19:01:09,544.49
2022-03-27 19:01:14,544.55
2022-03-27 19:01:19,544.62
2022-03-27 19:01:24,544.62
2022-03-27 19:01:29,544.71
2022-03-27 19:01:34,544.84
2022-03-27 19:01:39,520.9697874180434
2022-03-27 19:01:44,520.9694677771223
2022-03-27 19:01:49,544.94
2022-03-27 19:01:54,545.07
2022-03-27 19:01:59,545.13
2022-03-27 19:02:04,545.16
2022-03-27 19:02:09,545.29
2022-03-27 19:02:14,545.36
2022-03-27 19:02:19,545.42
2022-03-27 19:02:24,545.45
2022-03-27 19:02:29,545.52
2022-03-27 19:02:34,545.58
2022-03-27 19:02:39,545.68
2022-03-27 19:02:44,545.68
2022-03-27 19:02:49,545.74
2022-03-27 19:02:54,520.9669616042236
2022-03-27 19:02:59,545.93
2022-03-27 19:03:04,545.97
2022-03-27 19:03:09,545.97
2022-03-27 19:03:14,520.9672731736476
2022-03-27 19:03:19,546.1
2022-03-27 19:03:24,546.16
2022-03-27 19:03:29,546.19
2022-03-27 19:03:34,546.26
2022-03-27 19:03:39,546.26
2022-03-27 19:03:44,546.32
2022-03-27 19:03:49,546.38
2022-03-27 19:03:54,546.45
2022-03-27 19:03:59,546.48
2022-03-27 19:04:04,546.48
2022-03-27 19:04:09,546.61
2022-03-27 19:04:14,546.61
2022-03-27 19:04:19,546.61
2022-03-27 19:04:24,546.67
2022-03-27 19:04:29,546.67
2022-03-27 19:04:34,546.71
2022-03-27 19:04:39,546.71
2022-03-27 19:04:44,546.71
2022-03-27 19:04:49,520.9791577597579
2022-03-27 19:04:54,546.71
2022-03-27 19:04:59,546.77
2022-03-27 19:05:04,546.71
2022-03-27 19:05:09,546.77
2022-03-27 19:05:14,546.71
2022-03-27 19:05:19,520.9876033821948
2022-03-27 19:05:24,546.77
2022-03-27 19:05:29,546.71
2022-03-27 19:05:34,546.67
2022-03-27 19:05:39,546.71
2022-03-27 19:05:44,520.9967873062643
2022-03-27 19:05:49,546.67
2022-03-27 19:05:54,546.61
2022-03-27 19:05:59,546.67
2022-03-27 19:06:04,546.61
2022-03-27 19:06:09,546.55
2022-03-27 19:06:14,546.55
2022-03-27 19:06:19,546.55
2022-03-27 19:06:24,546.48
2022-03-27 19:06:29,546.48
2022-03-27 19:06:34,546.45
2022-03-27 19:06:39,546.38
2022-03-27 19:06:44,546.38
2022-03-27 19:06:49,546.32
2022-03-27 19:06:54,546.32
2022-03-27 19:06:59,546.32
2022-03-27 19:07:04,546.19
2022-03-27 19:07:09,546.19
2022-03-27 19:07:14,546.19
2022-03-27 19:07:19,546.16
2022-03-27 19:07:24,546.09
2022-03-27 19:07:29,546.03
2022-03-27 19:07:34,545.97
2022-03-27 19:07:39,545.97
2022-03-27 19:07:44,521.0743043831972
2022-03-27 19:07:49,545.87
2022-03-27 19:07:54,545.87
2022-03-27 19:07:59,545.8
2022-03-27 19:08:04,545.74
2022-03-27 19:08:09,545.74
2022-03-27 19:08:14,545.68
2022-03-27 19:08:19,545.65
2022-03-27 19:08:24,521.1148824666449
2022-03-27 19:08:29,545.58
2022-03-27 19:08:34,545.58
2022-03-27 19:08:39,545.45
2022-03-27 19:08:44,545.45
2022-03-27 19:08:49,545.45
2022-03-27 19:08:54,545.42
2022-03-27 19:08:59,545.36
2022-03-27 19:09:04,545.29
2022-03-27 19:09:09,545.29
2022-03-27 19:09:14,545.23
2022-03-27 19:09:19,545.23
2022-03-27 19:09:24,545.17
2022-03-27 19:09:29,545.13
2022-03-27 19:09:34,545.13
2022-03-27 19:09:39,545.07
2022-03-27 19:09:44,545.01
2022-03-27 19:09:49,544.94
2022-03-27 19:09:54,544.94
2022-03-27 19:09:59,544.91
2022-03-27 19:10:04,544.94
2022-03-27 19:10:09,544.91
2022-03-27 19:10:14,544.78
2022-03-27 19:10:19,544.78
2022-03-27 19:10:24,544.72
2022-03-27 19:10:29,544.72
2022-03-27 19:10:34,544.66
2022-03-27 19:10:39,521.3206121866431
2022-03-27 19:10:44,544.66
2022-03-27 19:10:49,544.5
2022-03-27 19:10:54,544.56
2022-03-27 19:10:59,544.5
2022-03-27 19:11:04,544.43
2022-03-27 19:11:09,544.44
2022-03-27 19:11:14,544.43
2022-03-27 19:11:19,544.34
2022-03-27 19:11:24,544.28
2022-03-27 19:11:29,544.28
2022-03-27 19:11:34,544.21
2022-03-27 19:11:39,544.15
2022-03-27 19:11:44,544.15
2022-03-27 19:11:49,544.12
2022-03-27 19:11:54,544.12
2022-03-27 19:11:59,544.05
2022-03-27 19:12:04,543.99
2022-03-27 19:12:09,543.93
2022-03-27 19:12:14,543.89
2022-03-27 19:12:19,543.89
2022-03-27 19:12:24,543.77
2022-03-27 19:12:29,543.77
2022-03-27 19:12:34,543.7
2022-03-27 19:12:39,543.64
2022-03-27 19:12:44,543.7
2022-03-27 19:12:49,543.64
2022-03-27 19:12:54,521.6423997158653
2022-03-27 19:12:59,543.61
2022-03-27 19:13:04,521.6699947804243
2022-03-27 19:13:09,543.54
2022-03-27 19:13:14,543.48
2022-03-27 19:13:19,543.48
2022-03-27 19:13:24,521.7263964655913
2022-03-27 19:13:29,543.38
2022-03-27 19:13:34,543.38
2022-03-27 19:13:39,543.31
2022-03-27 19:13:44,543.31
2022-03-27 19:13:49,543.19
2022-03-27 19:13:54,543.19
2022-03-27 19:13:59,543.19
2022-03-27 19:14:04,543.12
2022-03-27 19:14:09,543.12
2022-03-27 19:14:14,543.09
2022-03-27 19:14:19,543.09
2022-03-27 19:14:24,543.02
2022-03-27 19:14:29,521.9190352239232
2022-03-27 19:14:34,542.96
2022-03-27 19:14:39,542.95
2022-03-27 19:14:44,542.89
2022-03-27 19:14:49,542.89
2022-03-27 19:14:54,542.86
2022-03-27 19:14:59,542.86
2022-03-27 19:15:04,542.86
2022-03-27 19:15:09,542.79
2022-03-27 19:15:14,542.79
2022-03-27 19:15:19,542.73
2022-03-27 19:15:24,522.0899770359156
2022-03-27 19:15:29,542.66
2022-03-27 19:15:34,542.66
2022-03-27 19:15:39,542.59
2022-03-27 19:15:44,542.59
2022-03-27 19:15:49,522.1690765528721
2022-03-27 19:15:54,522.1849570716939
2022-03-27 19:15:59,542.56
2022-03-27 19:16:04,522.21675788403
2022-03-27 19:16:09,542.56
2022-03-27 19:16:14,542.49
2022-03-27 19:16:19,542.49
2022-03-27 19:16:24,542.43
2022-03-27 19:16:29,542.49
2022-03-27 19:16:34,542.36
2022-03-27 19:16:39,542.36
2022-03-27 19:16:44,542.36
2022-03-27 19:16:49,542.36
2022-03-27 19:16:54,542.33
2022-03-27 19:16:59,542.33
2022-03-27 19:17:04,542.26
2022-03-27 19:17:09,542.26
2022-03-27 19:17:14,542.32
2022-03-27 19:17:19,542.26
2022-03-27 19:17:24,522.4706977237971
2022-03-27 19:17:29,542.26
2022-03-27 19:17:34,542.26
2022-03-27 19:17:39,542.26
2022-03-27 19:17:44,542.26
2022-03-27 19:17:49,542.26
2022-03-27 19:17:54,542.26
2022-03-27 19:17:59,542.19
2022-03-27 19:18:04,542.19
2022-03-27 19:18:09,542.19
2022-03-27 19:18:14,522.6258279890527
2022-03-27 19:18:19,542.19
2022-03-27 19:18:24,542.12
2022-03-27 19:18:29,542.12
2022-03-27 19:18:34,542.06
2022-03-27 19:18:39,542.12
2022-03-27 19:18:44,542.12
2022-03-27 19:18:49,542.06
2022-03-27 19:18:54,542.06
2022-03-27 19:18:59,542.03
2022-03-27 19:19:04,542.03
2022-03-27 19:19:09,541.96
2022-03-27 19:19:14,541.96
2022-03-27 19:19:19,541.96
2022-03-27 19:19:24,541.89
2022-03-27 19:19:29,541.83
2022-03-27 19:19:34,541.8
2022-03-27 19:19:39,541.8
2022-03-27 19:19:44,541.8
2022-03-27 19:19:49,541.67
2022-03-27 19:19:54,541.67
2022-03-27 19:19:59,541.54
2022-03-27 19:20:04,541.54
2022-03-27 19:20:09,541.51
2022-03-27 19:20:14,541.45
2022-03-27 19:20:19,541.38
2022-03-27 19:20:24,541.38
2022-03-27 19:20:29,541.32
2022-03-27 19:20:34,541.29
2022-03-27 19:20:39,541.22
2022-03-27 19:20:44,541.16
2022-03-27 19:20:49,541.09
2022-03-27 19:20:54,541.03
2022-03-27 19:20:59,541.0
2022-03-27 19:21:04,540.93
2022-03-27 19:21:09,540.87
2022-03-27 19:21:14,540.8
2022-03-27 19:21:19,540.77
2022-03-27 19:21:24,540.71
2022-03-27 19:21:29,540.64
2022-03-27 19:21:34,540.58
2022-03-27 19:21:39,540.52
2022-03-27 19:21:44,540.48
2022-03-27 19:21:49,540.42
2022-03-27 19:21:54,540.36
2022-03-27 19:21:59,540.29
2022-03-27 19:22:04,540.29
2022-03-27 19:22:09,540.2
2022-03-27 19:22:14,540.2
2022-03-27 19:22:19,540.2
2022-03-27 19:22:24,523.2611534865563
2022-03-27 19:22:29,540.0
2022-03-27 19:22:34,539.97
2022-03-27 19:22:39,539.91
2022-03-27 19:22:44,523.2958739340814
2022-03-27 19:22:49,539.84
2022-03-27 19:22:54,539.78
2022-03-27 19:22:59,539.78
2022-03-27 19:23:04,539.75
2022-03-27 19:23:09,523.334766408432
2022-03-27 19:23:14,539.68
2022-03-27 19:23:19,539.68
2022-03-27 19:23:24,539.56
2022-03-27 19:23:29,523.3620707226701
2022-03-27 19:23:34,539.56
2022-03-27 19:23:39,539.56
2022-03-27 19:23:44,539.49
2022-03-27 19:23:49,539.49
2022-03-27 19:23:54,539.49
2022-03-27 19:23:59,539.46
2022-03-27 19:24:04,539.46
2022-03-27 19:24:09,539.46
2022-03-27 19:24:14,539.4
2022-03-27 19:24:19,539.4
2022-03-27 19:24:24,539.34
2022-03-27 19:24:29,539.34
2022-03-27 19:24:34,539.34
2022-03-27 19:24:39,539.34
2022-03-27 19:24:44,539.27
2022-03-27 19:24:49,539.27
2022-03-27 19:24:54,539.27
2022-03-27 19:24:59,539.24
2022-03-27 19:25:04,539.24
2022-03-27 19:25:09,539.27
2022-03-27 19:25:14,539.24
2022-03-27 19:25:19,539.24
2022-03-27 19:25:24,539.24
2022-03-27 19:25:29,539.18
2022-03-27 19:25:34,539.24
2022-03-27 19:25:39,539.18
2022-03-27 19:25:44,539.24
2022-03-27 19:25:49,539.24
2022-03-27 19:25:54,539.24
2022-03-27 19:25:59,539.24
2022-03-27 19:26:04,539.18
2022-03-27 19:26:09,539.24
2022-03-27 19:26:14,539.25
2022-03-27 19:26:19,539.25
2022-03-27 19:26:24,539.28
2022-03-27 19:26:29,523.4350290596977
2022-03-27 19:26:34,539.28
2022-03-27 19:26:39,523.4301976572921
2022-03-27 19:26:44,539.34
2022-03-27 19:26:49,539.34
2022-03-27 19:26:54,539.35
2022-03-27 19:26:59,539.35
2022-03-27 19:27:04,539.47
2022-03-27 19:27:09,523.410893352273
2022-03-27 19:27:14,539.48
2022-03-27 19:27:19,539.51
2022-03-27 19:27:24,539.51
2022-03-27 19:27:29,539.51
2022-03-27 19:27:34,539.57
2022-03-27 19:27:39,539.57
2022-03-27 19:27:44,539.64
2022-03-27 19:27:49,539.64
2022-03-27 19:27:54,539.64
2022-03-27 19:27:59,539.71
2022-03-27 19:28:04,539.71
2022-03-27 19:28:09,539.77
2022-03-27 19:28:14,539.77
2022-03-27 19:28:19,539.8
2022-03-27 19:28:24,523.3341826715388
2022-03-27 19:28:29,523.3277749594662
2022-03-27 19:28:34,539.87
2022-03-27 19:28:39,540.0
2022-03-27 19:28:44,540.0
2022-03-27 19:28:49,540.0
2022-03-27 19:28:54,523.2935817608974
2022-03-27 19:28:59,540.1
2022-03-27 19:29:04,540.04
2022-03-27 19:29:09,540.1
2022-03-27 19:29:14,540.1
2022-03-27 19:29:19,540.04
2022-03-27 19:29:24,540.11
2022-03-27 19:29:29,540.11
2022-03-27 19:29:34,540.04
2022-03-27 19:29:39,540.04
2022-03-27 19:29:44,540.04
2022-03-27 19:29:49,540.01
2022-03-27 19:29:54,540.04
2022-03-27 19:29:59,540.01
2022-03-27 19:30:04,540.05
2022-03-27 19:30:09,539.95
2022-03-27 19:30:14,540.02
2022-03-27 19:30:19,539.95
2022-03-27 19:30:24,539.95
2022-03-27 19:30:29,539.89
2022-03-27 19:30:34,539.89
2022-03-27 19:30:39,539.89
2022-03-27 19:30:44,539.83
2022-03-27 19:30:49,539.83
2022-03-27 19:30:54,539.8
2022-03-27 19:30:59,539.73
2022-03-27 19:31:04,539.73
2022-03-27 19:31:09,539.67
2022-03-27 19:31:14,539.6
2022-03-27 19:31:19,539.54
2022-03-27 19:31:24,539.54
2022-03-27 19:31:29,539.51
2022-03-27 19:31:34,539.51
2022-03-27 19:31:39,539.38
2022-03-27 19:31:44,522.9886475128804
2022-03-27 19:31:49,539.32
2022-03-27 19:31:54,539.22
2022-03-27 19:31:59,539.15
2022-03-27 19:32:04,522.9472826808609
2022-03-27 19:32:09,539.03
2022-03-27 19:32:14,539.03
2022-03-27 19:32:19,538.99
2022-03-27 19:32:24,538.93
2022-03-27 19:32:29,538.86
2022-03-27 19:32:34,538.8
2022-03-27 19:32:39,522.8736034253014
2022-03-27 19:32:44,538.71
2022-03-27 19:32:49,538.64
2022-03-27 19:32:54,538.51
2022-03-27 19:32:59,538.51
2022-03-27 19:33:04,538.48
2022-03-27 19:33:09,538.35
2022-03-27 19:33:14,538.35
2022-03-27 19:33:19,538.25
2022-03-27 19:33:24,538.25
2022-03-27 19:33:29,538.19
2022-03-27 19:33:34,538.06
2022-03-27 19:33:39,537.99
2022-03-27 19:33:44,537.99
2022-03-27 19:33:49,537.83
2022-03-27 19:33:54,537.76
2022-03-27 19:33:59,537.73
2022-03-27 19:34:04,537.73
2022-03-27 19:34:09,537.6
2022-03-27 19:34:14,537.47
2022-03-27 19:34:19,537.47
2022-03-27 19:34:24,537.44
2022-03-27 19:34:29,537.37
2022-03-27 19:34:34,537.31
2022-03-27 19:34:39,522.6197174832606
2022-03-27 19:34:44,522.609440292467
2022-03-27 19:34:49,537.21
2022-03-27 19:34:54,537.15
2022-03-27 19:34:59,537.08
2022-03-27 19:35:04,537.08
2022-03-27 19:35:09,537.02
2022-03-27 19:35:14,536.95
2022-03-27 19:35:19,536.95
2022-03-27 19:35:24,522.5291127771806
2022-03-27 19:35:29,536.85
2022-03-27 19:35:34,536.85
2022-03-27 19:35:39,536.78
2022-03-27 19:35:44,536.79
2022-03-27 19:35:49,536.72
2022-03-27 19:35:54,536.72
2022-03-27 19:35:59,536.62
2022-03-27 19:36:04,536.62
2022-03-27 19:36:09,536.56
2022-03-27 19:36:14,536.55
2022-03-27 19:36:19,522.4259467019415
2022-03-27 19:36:24,536.49
2022-03-27 19:36:29,536.49
2022-03-27 19:36:34,536.43
2022-03-27 19:36:39,536.43
2022-03-27 19:36:44,536.43
2022-03-27 19:36:49,522.3743261456178
2022-03-27 19:36:54,536.33
2022-03-27 19:36:59,536.33
2022-03-27 19:37:04,536.33
2022-03-27 19:37:09,536.33
2022-03-27 19:37:14,536.26
2022-03-27 19:37:19,536.26
2022-03-27 19:37:24,536.26
2022-03-27 19:37:29,536.26
2022-03-27 19:37:34,536.26
2022-03-27 19:37:39,536.26
2022-03-27 19:37:44,536.26
2022-03-27 19:37:49,536.26
2022-03-27 19:37:54,522.2769336983295
2022-03-27 19:37:59,522.2703815570915
2022-03-27 19:38:04,536.26
2022-03-27 19:38:09,536.33
2022-03-27 19:38:14,536.32
2022-03-27 19:38:19,536.39
2022-03-27 19:38:24,536.42
2022-03-27 19:38:29,536.42
2022-03-27 19:38:34,536.49
2022-03-27 19:38:39,536.55
2022-03-27 19:38:44,536.68
2022-03-27 19:38:49,536.72
2022-03-27 19:38:54,536.78
2022-03-27 19:38:59,536.84
2022-03-27 19:39:04,536.94
2022-03-27 19:39:09,522.1952620765147
2022-03-27 19:39:14,537.13
2022-03-27 19:39:19,537.2
2022-03-27 19:39:24,537.3
2022-03-27 19:39:29,537.36
2022-03-27 19:39:34,537.46
2022-03-27 19:39:39,537.59
2022-03-27 19:39:44,537.65
2022-03-27 19:39:49,537.75
2022-03-27 19:39:54,537.81
2022-03-27 19:39:59,537.88
2022-03-27 19:40:04,537.97
2022-03-27 19:40:09,538.1
2022-03-27 19:40:14,538.17
2022-03-27 19:40:19,538.27
2022-03-27 19:40:24,538.39
2022-03-27 19:40:29,538.49
2022-03-27 19:40:34,538.62
2022-03-27 19:40:39,538.75
2022-03-27 19:40:44,522.1492756387336
2022-03-27 19:40:49,538.97
2022-03-27 19:40:54,539.07
2022-03-27 19:40:59,539.2
2022-03-27 19:41:04,539.3
2022-03-27 19:41:09,522.1487977746036
2022-03-27 19:41:14,539.52
2022-03-27 19:41:19,539.65
2022-03-27 19:41:24,539.78
2022-03-27 19:41:29,522.152089230817
2022-03-27 19:41:34,540.01
2022-03-27 19:41:39,540.04
2022-03-27 19:41:44,540.23
2022-03-27 19:41:49,540.33
2022-03-27 19:41:54,540.46
2022-03-27 19:41:59,540.56
2022-03-27 19:42:04,540.69
2022-03-27 19:42:09,540.85
2022-03-27 19:42:14,540.98
2022-03-27 19:42:19,541.07
2022-03-27 19:42:24,541.2
2022-03-27 19:42:29,541.33
2022-03-27 19:42:34,522.1862392329481
2022-03-27 19:42:39,541.59
2022-03-27 19:42:44,541.66
2022-03-27 19:42:49,541.78
2022-03-27 19:42:54,541.95
2022-03-27 19:42:59,542.07
2022-03-27 19:43:04,542.11
2022-03-27 19:43:09,542.24
2022-03-27 19:43:14,542.37
2022-03-27 19:43:19,542.4
2022-03-27 19:43:24,542.53
2022-03-27 19:43:29,542.62
2022-03-27 19:43:34,542.75
2022-03-27 19:43:39,542.88
2022-03-27 19:43:44,522.2652991526431
2022-03-27 19:43:49,543.04
2022-03-27 19:43:54,543.14
2022-03-27 19:43:59,543.27
2022-03-27 19:44:04,543.34
2022-03-27 19:44:09,543.4
2022-03-27 19:44:14,543.5
2022-03-27 19:44:19,543.63
2022-03-27 19:44:24,543.66
2022-03-27 19:44:29,543.72
2022-03-27 19:44:34,543.79
2022-03-27 19:44:39,543.92
2022-03-27 19:44:44,543.95
2022-03-27 19:44:49,544.01
2022-03-27 19:44:54,544.08
2022-03-27 19:44:59,544.15
2022-03-27 19:45:04,544.18
2022-03-27 19:45:09,544.24
2022-03-27 19:45:14,544.24
2022-03-27 19:45:19,544.31
2022-03-27 19:45:24,544.37
2022-03-27 19:45:29,544.31
2022-03-27 19:45:34,544.44
2022-03-27 19:45:39,544.44
2022-03-27 19:45:44,522.5114567452401
2022-03-27 19:45:49,544.47
2022-03-27 19:45:54,544.47
2022-03-27 19:45:59,544.54
2022-03-27 19:46:04,544.47
2022-03-27 19:46:09,522.5814823966414
2022-03-27 19:46:14,544.54
2022-03-27 19:46:19,544.47
2022-03-27 19:46:24,544.48
2022-03-27 19:46:29,544.48
2022-03-27 19:46:34,544.45
2022-03-27 19:46:39,544.44
2022-03-27 19:46:44,544.44
2022-03-27 19:46:49,544.38
2022-03-27 19:46:54,544.32
2022-03-27 19:46:59,544.32
2022-03-27 19:47:04,544.32
2022-03-27 19:47:09,544.26
2022-03-27 19:47:14,544.19
2022-03-27 19:47:19,522.8140549747502
2022-03-27 19:47:24,544.16
2022-03-27 19:47:29,544.1
2022-03-27 19:47:34,522.871097922587
2022-03-27 19:47:39,543.97
2022-03-27 19:47:44,543.94
2022-03-27 19:47:49,543.94
2022-03-27 19:47:54,543.88
2022-03-27 19:47:59,543.88
2022-03-27 19:48:04,543.81
2022-03-27 19:48:09,543.75
2022-03-27 19:48:14,543.68
2022-03-27 19:48:19,543.65
2022-03-27 19:48:24,543.66
2022-03-27 19:48:29,543.66
2022-03-27 19:48:34,543.59
2022-03-27 19:48:39,543.59
2022-03-27 19:48:44,543.53
2022-03-27 19:48:49,523.1960613136449
2022-03-27 19:48:54,523.2201372911233
2022-03-27 19:48:59,543.47
2022-03-27 19:49:04,543.43
2022-03-27 19:49:09,543.43
2022-03-27 19:49:14,543.37
2022-03-27 19:49:19,543.37
2022-03-27 19:49:24,543.37
2022-03-27 19:49:29,543.37
2022-03-27 19:49:34,543.31
2022-03-27 19:49:39,543.24
2022-03-27 19:49:44,523.4780072930848
2022-03-27 19:49:49,543.24
2022-03-27 19:49:54,543.18
2022-03-27 19:49:59,543.24
2022-03-27 19:50:04,543.24
2022-03-27 19:50:09,523.6188304991344
2022-03-27 19:50:14,523.6479639680366
2022-03-27 19:50:19,543.24
2022-03-27 19:50:24,543.24
2022-03-27 19:50:29,543.18
2022-03-27 19:50:34,543.18
2022-03-27 19:50:39,543.18
2022-03-27 19:50:44,543.17
2022-03-27 19:50:49,523.8610754077362
2022-03-27 19:50:54,543.17
2022-03-27 19:50:59,543.14
2022-03-27 19:51:04,543.15
2022-03-27 19:51:09,543.08
2022-03-27 19:51:14,543.08
2022-03-27 19:51:19,542.95
2022-03-27 19:51:24,542.95
2022-03-27 19:51:29,542.91
2022-03-27 19:51:34,524.1591274027211
2022-03-27 19:51:39,542.85
2022-03-27 19:51:44,524.2291090317427
2022-03-27 19:51:49,542.66
2022-03-27 19:51:54,542.62
2022-03-27 19:51:59,542.56
2022-03-27 19:52:04,542.43
2022-03-27 19:52:09,542.4
2022-03-27 19:52:14,542.33
2022-03-27 19:52:19,542.2
2022-03-27 19:52:24,542.14
2022-03-27 19:52:29,524.5612582307413
2022-03-27 19:52:34,541.97
2022-03-27 19:52:39,541.91
2022-03-27 19:52:44,541.81
2022-03-27 19:52:49,541.74
2022-03-27 19:52:54,541.74
2022-03-27 19:52:59,541.61
2022-03-27 19:53:04,541.52
2022-03-27 19:53:09,541.45
2022-03-27 19:53:14,541.38
2022-03-27 19:53:19,541.35
2022-03-27 19:53:24,541.22
2022-03-27 19:53:29,541.16
2022-03-27 19:53:34,541.09
2022-03-27 19:53:39,541.0
2022-03-27 19:53:44,540.93
2022-03-27 19:53:49,540.87
2022-03-27 19:53:54,540.77
2022-03-27 19:53:59,540.64
2022-03-27 19:54:04,540.57
2022-03-27 19:54:09,540.48
2022-03-27 19:54:14,540.35
2022-03-27 19:54:19,540.32
2022-03-27 19:54:24,540.25
2022-03-27 19:54:29,540.06
2022-03-27 19:54:34,540.02
2022-03-27 19:54:39,539.9
2022-03-27 19:54:44,539.8
2022-03-27 19:54:49,539.73
2022-03-27 19:54:54,539.54
2022-03-27 19:54:59,539.51
2022-03-27 19:55:04,539.44
2022-03-27 19:55:09,539.28
2022-03-27 19:55:14,539.21
2022-03-27 19:55:19,539.15
2022-03-27 19:55:24,539.02
2022-03-27 19:55:29,538.92
2022-03-27 19:55:34,538.8
2022-03-27 19:55:39,538.7
2022-03-27 19:55:44,538.63
2022-03-27 19:55:49,538.51
2022-03-27 19:55:54,538.41
2022-03-27 19:55:59,538.34
2022-03-27 19:56:04,538.28
2022-03-27 19:56:09,538.18
2022-03-27 19:56:14,538.18
2022-03-27 19:56:19,538.05
2022-03-27 19:56:24,537.96
2022-03-27 19:56:29,537.89
2022-03-27 19:56:34,537.83
2022-03-27 19:56:39,537.76
2022-03-27 19:56:44,526.9411791642499
2022-03-27 19:56:49,526.9947501784467
2022-03-27 19:56:54,527.0485285126656
2022-03-27 19:56:59,537.54
2022-03-27 19:57:04,537.44
2022-03-27 19:57:09,537.38
2022-03-27 19:57:14,527.2656489632435
2022-03-27 19:57:19,537.31
2022-03-27 19:57:24,527.375367196191
2022-03-27 19:57:29,537.25
2022-03-27 19:57:34,527.4858221881009
2022-03-27 19:57:39,537.15
2022-03-27 19:57:44,527.5969875043659
2022-03-27 19:57:49,537.09
2022-03-27 19:57:54,537.09
2022-03-27 19:57:59,537.09
2022-03-27 19:58:04,537.03
2022-03-27 19:58:09,537.03
2022-03-27 19:58:14,536.97
2022-03-27 19:58:19,537.03
2022-03-27 19:58:24,536.93
2022-03-27 19:58:29,536.96
2022-03-27 19:58:34,536.97
2022-03-27 19:58:39,536.97
2022-03-27 19:58:44,536.97
2022-03-27 19:58:49,536.97
2022-03-27 19:58:54,536.97
2022-03-27 19:58:59,536.97
2022-03-27 19:59:04,528.508709558384
2022-03-27 19:59:09,537.03
2022-03-27 19:59:14,528.625078236513
2022-03-27 19:59:19,537.1
2022-03-27 19:59:24,537.16
2022-03-27 19:59:29,537.1
2022-03-27 19:59:34,537.22
2022-03-27 19:59:39,537.16
2022-03-27 19:59:44,537.22
2022-03-27 19:59:49,537.23
2022-03-27 19:59:54,537.26
2022-03-27 19:59:59,537.26
2022-03-27 20:00:04,537.32
2022-03-27 20:00:09,537.38
2022-03-27 20:00:14,537.45
2022-03-27 20:00:19,537.45
2022-03-27 20:00:24,537.55
2022-03-27 20:00:29,537.55
2022-03-27 20:00:34,537.61
2022-03-27 20:00:39,537.68
2022-03-27 20:00:44,537.68
2022-03-27 20:00:49,537.74
2022-03-27 20:00:54,537.78
2022-03-27 20:00:59,537.91
2022-03-27 20:01:04,529.928752648877
2022-03-27 20:01:09,537.97
2022-03-27 20:01:14,537.97
2022-03-27 20:01:19,538.0
2022-03-27 20:01:24,538.07
2022-03-27 20:01:29,530.2289251522193
2022-03-27 20:01:34,538.2
2022-03-27 20:01:39,538.2
2022-03-27 20:01:44,538.26
2022-03-27 20:01:49,538.29
2022-03-27 20:01:54,538.36
2022-03-27 20:01:59,538.36
2022-03-27 20:02:04,538.36
2022-03-27 20:02:09,538.42
2022-03-27 20:02:14,538.49
2022-03-27 20:02:19,538.52
2022-03-27 20:02:24,530.890683542009
2022-03-27 20:02:29,530.9508250632566
2022-03-27 20:02:34,538.65
2022-03-27 20:02:39,538.71
2022-03-27 20:02:44,531.1311321648517
2022-03-27 20:02:49,538.78
2022-03-27 20:02:54,538.81
2022-03-27 20:02:59,538.81
2022-03-27 20:03:04,538.81
2022-03-27 20:03:09,538.94
2022-03-27 20:03:14,538.94
2022-03-27 20:03:19,538.94
2022-03-27 20:03:24,539.01
2022-03-27 20:03:29,539.01
2022-03-27 20:03:34,539.01
2022-03-27 20:03:39,539.04
2022-03-27 20:03:44,539.04
2022-03-27 20:03:49,539.04
2022-03-27 20:03:54,539.11
2022-03-27 20:03:59,539.17
2022-03-27 20:04:04,539.17
2022-03-27 20:04:09,539.17
2022-03-27 20:04:14,539.17
2022-03-27 20:04:19,539.3
2022-03-27 20:04:24,539.3
2022-03-27 20:04:29,539.34
2022-03-27 20:04:34,539.3
2022-03-27 20:04:39,539.34
2022-03-27 20:04:44,539.34
2022-03-27 20:04:49,539.4
2022-03-27 20:04:54,539.4
2022-03-27 20:04:59,539.47
2022-03-27 20:05:04,539.47
2022-03-27 20:05:09,539.47
2022-03-27 20:05:14,539.53
2022-03-27 20:05:19,539.47
2022-03-27 20:05:24,539.53
2022-03-27 20:05:29,539.53
2022-03-27 20:05:34,539.57
2022-03-27 20:05:39,539.57
2022-03-27 20:05:44,539.57
2022-03-27 20:05:49,539.64
2022-03-27 20:05:54,539.64
2022-03-27 20:05:59,539.64
2022-03-27 20:06:04,539.7
2022-03-27 20:06:09,539.7
2022-03-27 20:06:14,539.77
2022-03-27 20:06:19,539.77
2022-03-27 20:06:24,539.77
2022-03-27 20:06:29,539.83
2022-03-27 20:06:34,539.83
2022-03-27 20:06:39,539.83
2022-03-27 20:06:44,539.87
2022-03-27 20:06:49,539.93
2022-03-27 20:06:54,539.87
2022-03-27 20:06:59,539.93
2022-03-27 20:07:04,539.93
2022-03-27 20:07:09,539.93
2022-03-27 20:07:14,540.0
2022-03-27 20:07:19,540.0
2022-03-27 20:07:24,540.06
2022-03-27 20:07:29,534.4086575910572
2022-03-27 20:07:34,540.07
2022-03-27 20:07:39,540.1
2022-03-27 20:07:44,540.07
2022-03-27 20:07:49,540.1
2022-03-27 20:07:54,540.1
2022-03-27 20:07:59,534.7239798336897
2022-03-27 20:08:04,540.16
2022-03-27 20:08:09,534.8274039632402
2022-03-27 20:08:14,540.16
2022-03-27 20:08:19,540.23
2022-03-27 20:08:24,540.23
2022-03-27 20:08:29,540.16
2022-03-27 20:08:34,540.23
2022-03-27 20:08:39,540.23
2022-03-27 20:08:44,540.23
2022-03-27 20:08:49,540.29
2022-03-27 20:08:54,540.29
2022-03-27 20:08:59,540.36
2022-03-27 20:09:04,540.36
2022-03-27 20:09:09,540.36
2022-03-27 20:09:14,540.39
2022-03-27 20:09:19,540.35
2022-03-27 20:09:24,540.45
2022-03-27 20:09:29,540.45
2022-03-27 20:09:34,540.45
2022-03-27 20:09:39,540.45
2022-03-27 20:09:44,540.51
2022-03-27 20:09:49,540.51
2022-03-27 20:09:54,540.51
2022-03-27 20:09:59,535.9061105099416
2022-03-27 20:10:04,540.57
2022-03-27 20:10:09,540.57
2022-03-27 20:10:14,540.57
2022-03-27 20:10:19,540.57
2022-03-27 20:10:24,540.57
2022-03-27 20:10:29,540.6
2022-03-27 20:10:34,540.67
2022-03-27 20:10:39,540.6
2022-03-27 20:10:44,540.6
2022-03-27 20:10:49,540.67
2022-03-27 20:10:54,540.67
2022-03-27 20:10:59,540.73
2022-03-27 20:11:04,540.73
2022-03-27 20:11:09,540.73
2022-03-27 20:11:14,540.73
2022-03-27 20:11:19,540.79
2022-03-27 20:11:24,540.79
2022-03-27 20:11:29,540.79
2022-03-27 20:11:34,540.85
2022-03-27 20:11:39,540.85
2022-03-27 20:11:44,540.85
2022-03-27 20:11:49,540.85
2022-03-27 20:11:54,536.9078026954667
2022-03-27 20:11:59,540.88
2022-03-27 20:12:04,540.84
2022-03-27 20:12:09,537.028152928609
2022-03-27 20:12:14,540.94
2022-03-27 20:12:19,540.94
2022-03-27 20:12:24,537.1460126317094
2022-03-27 20:12:29,541.0
2022-03-27 20:12:34,541.07
2022-03-27 20:12:39,541.07
2022-03-27 20:12:44,541.1
2022-03-27 20:12:49,541.1
2022-03-27 20:12:54,541.1
2022-03-27 20:12:59,541.1
2022-03-27 20:13:04,541.1
2022-03-27 20:13:09,541.1
2022-03-27 20:13:14,541.16
2022-03-27 20:13:19,541.16
2022-03-27 20:13:24,541.22
2022-03-27 20:13:29,541.22
2022-03-27 20:13:34,541.22
2022-03-27 20:13:39,541.22
2022-03-27 20:13:44,537.7310954473858
2022-03-27 20:13:49,541.29
2022-03-27 20:13:54,541.28
2022-03-27 20:13:59,541.29
2022-03-27 20:14:04,541.28
2022-03-27 20:14:09,541.28
2022-03-27 20:14:14,541.28
2022-03-27 20:14:19,541.38
2022-03-27 20:14:24,541.38
2022-03-27 20:14:29,541.38
2022-03-27 20:14:34,541.38
2022-03-27 20:14:39,541.45
2022-03-27 20:14:44,541.38
2022-03-27 20:14:49,538.1499292192437
2022-03-27 20:14:54,541.44
2022-03-27 20:14:59,541.44
2022-03-27 20:15:04,541.44
2022-03-27 20:15:09,541.44
2022-03-27 20:15:14,538.2968612390038
2022-03-27 20:15:19,541.51
2022-03-27 20:15:24,541.51
2022-03-27 20:15:29,541.57
2022-03-27 20:15:34,541.57
2022-03-27 20:15:39,541.57
2022-03-27 20:15:44,541.57
2022-03-27 20:15:49,541.57
2022-03-27 20:15:54,541.57
2022-03-27 20:15:59,541.57
2022-03-27 20:16:04,541.57
2022-03-27 20:16:09,541.61
2022-03-27 20:16:14,541.58
2022-03-27 20:16:19,541.57
2022-03-27 20:16:24,541.57
2022-03-27 20:16:29,541.57
2022-03-27 20:16:34,541.58
2022-03-27 20:16:39,541.58
2022-03-27 20:16:44,541.58
2022-03-27 20:16:49,541.58
2022-03-27 20:16:54,541.51
2022-03-27 20:16:59,541.58
2022-03-27 20:17:04,541.58
2022-03-27 20:17:09,541.51
2022-03-27 20:17:14,541.51
2022-03-27 20:17:19,541.45
2022-03-27 20:17:24,541.58
2022-03-27 20:17:29,541.45
2022-03-27 20:17:34,541.45
2022-03-27 20:17:39,541.45
2022-03-27 20:17:44,541.45
2022-03-27 20:17:49,541.39
2022-03-27 20:17:54,541.39
2022-03-27 20:17:59,541.35
2022-03-27 20:18:04,541.29
2022-03-27 20:18:09,541.36
2022-03-27 20:18:14,541.23
2022-03-27 20:18:19,541.29
2022-03-27 20:18:24,541.16
2022-03-27 20:18:29,539.1519274340649
2022-03-27 20:18:34,541.1
2022-03-27 20:18:39,541.07
2022-03-27 20:18:44,541.0
2022-03-27 20:18:49,540.94
2022-03-27 20:18:54,540.87
2022-03-27 20:18:59,540.84
2022-03-27 20:19:04,540.78
2022-03-27 20:19:09,540.71
2022-03-27 20:19:14,540.59
2022-03-27 20:19:19,540.55
2022-03-27 20:19:24,540.49
2022-03-27 20:19:29,540.36
2022-03-27 20:19:34,540.27
2022-03-27 20:19:39,540.2
2022-03-27 20:19:44,540.13
2022-03-27 20:19:49,540.04
2022-03-27 20:19:54,539.98
2022-03-27 20:19:59,539.85
2022-03-27 20:20:04,539.82
2022-03-27 20:20:09,539.69
2022-03-27 20:20:14,539.56
2022-03-27 20:20:19,539.53
2022-03-27 20:20:24,539.4
2022-03-27 20:20:29,539.3
2022-03-27 20:20:34,539.24
2022-03-27 20:20:39,539.04
2022-03-27 20:20:44,539.05
2022-03-27 20:20:49,538.95
2022-03-27 20:20:54,538.82
2022-03-27 20:20:59,538.72
2022-03-27 20:21:04,538.66
2022-03-27 20:21:09,538.53
2022-03-27 20:21:14,538.44
2022-03-27 20:21:19,538.37
2022-03-27 20:21:24,538.21
2022-03-27 20:21:29,538.15
2022-03-27 20:21:34,538.08
2022-03-27 20:21:39,537.99
2022-03-27 20:21:44,537.99
2022-03-27 20:21:49,537.79
2022-03-27 20:21:54,537.76
2022-03-27 20:21:59,537.63
2022-03-27 20:22:04,537.51
2022-03-27 20:22:09,537.47
2022-03-27 20:22:14,537.41
2022-03-27 20:22:19,537.28
2022-03-27 20:22:24,537.25
2022-03-27 20:22:29,537.12
2022-03-27 20:22:34,537.12
2022-03-27 20:22:39,537.06
2022-03-27 20:22:44,536.9
2022-03-27 20:22:49,536.9
2022-03-27 20:22:54,536.83
2022-03-27 20:22:59,536.77
2022-03-27 20:23:04,536.74
2022-03-27 20:23:09,536.67
2022-03-27 20:23:14,539.36694025992
2022-03-27 20:23:19,536.54
2022-03-27 20:23:24,536.48
2022-03-27 20:23:29,536.45
2022-03-27 20:23:34,536.38
2022-03-27 20:23:39,536.32
2022-03-27 20:23:44,536.32
2022-03-27 20:23:49,536.26
2022-03-27 20:23:54,536.26
2022-03-27 20:23:59,536.16
2022-03-27 20:24:04,536.1
2022-03-27 20:24:09,536.1
2022-03-27 20:24:14,536.1
2022-03-27 20:24:19,536.11
2022-03-27 20:24:24,536.04
2022-03-27 20:24:29,535.98
2022-03-27 20:24:34,535.98
2022-03-27 20:24:39,535.98
2022-03-27 20:24:44,539.1880104160037
2022-03-27 20:24:49,535.94
2022-03-27 20:24:54,535.98
2022-03-27 20:24:59,535.95
2022-03-27 20:25:04,535.88
2022-03-27 20:25:09,535.95
2022-03-27 20:25:14,535.95
2022-03-27 20:25:19,535.88
2022-03-27 20:25:24,535.89
2022-03-27 20:25:29,535.95
2022-03-27 20:25:34,535.95
2022-03-27 20:25:39,535.95
2022-03-27 20:25:44,535.95
2022-03-27 20:25:49,535.95
2022-03-27 20:25:54,535.95
2022-03-27 20:25:59,535.95
2022-03-27 20:26:04,536.04
2022-03-27 20:26:09,536.05
2022-03-27 20:26:14,536.05
2022-03-27 20:26:19,536.05
2022-03-27 20:26:24,536.11
2022-03-27 20:26:29,538.8660645207096
2022-03-27 20:26:34,536.12
2022-03-27 20:26:39,536.18
2022-03-27 20:26:44,536.18
2022-03-27 20:26:49,536.24
2022-03-27 20:26:54,536.24
2022-03-27 20:26:59,536.24
2022-03-27 20:27:04,536.34
2022-03-27 20:27:09,538.7170317037442
2022-03-27 20:27:14,536.4
2022-03-27 20:27:19,536.47
2022-03-27 20:27:24,536.5
2022-03-27 20:27:29,536.5
2022-03-27 20:27:34,538.6176441713765
2022-03-27 20:27:39,536.57
2022-03-27 20:27:44,536.63
2022-03-27 20:27:49,536.63
2022-03-27 20:27:54,536.69
2022-03-27 20:27:59,536.76
2022-03-27 20:28:04,536.76
2022-03-27 20:28:09,536.76
2022-03-27 20:28:14,536.86
2022-03-27 20:28:19,536.92
2022-03-27 20:28:24,536.92
2022-03-27 20:28:29,536.98
2022-03-27 20:28:34,537.01
2022-03-27 20:28:39,537.01
2022-03-27 20:28:44,537.08
2022-03-27 20:28:49,537.08
2022-03-27 20:28:54,537.14
2022-03-27 20:28:59,537.2
2022-03-27 20:29:04,537.2
2022-03-27 20:29:09,537.3
2022-03-27 20:29:14,537.27
2022-03-27 20:29:19,537.3
2022-03-27 20:29:24,537.36
2022-03-27 20:29:29,537.43
2022-03-27 20:29:34,537.36
2022-03-27 20:29:39,537.43
2022-03-27 20:29:44,538.0397966685298
2022-03-27 20:29:49,537.49
2022-03-27 20:29:54,537.52
2022-03-27 20:29:59,537.58
2022-03-27 20:30:04,537.58
2022-03-27 20:30:09,537.65
2022-03-27 20:30:14,537.65
2022-03-27 20:30:19,537.77
2022-03-27 20:30:24,537.77
2022-03-27 20:30:29,537.8
2022-03-27 20:30:34,537.86
2022-03-27 20:30:39,537.86
2022-03-27 20:30:44,537.99
2022-03-27 20:30:49,537.99
2022-03-27 20:30:54,538.02
2022-03-27 20:30:59,538.02
2022-03-27 20:31:04,538.09
2022-03-27 20:31:09,538.15
2022-03-27 20:31:14,538.15
2022-03-27 20:31:19,538.21
2022-03-27 20:31:24,538.28
2022-03-27 20:31:29,538.28
2022-03-27 20:31:34,538.31
2022-03-27 20:31:39,538.31
2022-03-27 20:31:44,538.3
2022-03-27 20:31:49,537.4248082513724
2022-03-27 20:31:54,538.43
2022-03-27 20:31:59,538.5
2022-03-27 20:32:04,538.5
2022-03-27 20:32:09,538.59
2022-03-27 20:32:14,538.59
2022-03-27 20:32:19,538.59
2022-03-27 20:32:24,538.66
2022-03-27 20:32:29,538.66
2022-03-27 20:32:34,538.79
2022-03-27 20:32:39,538.82
2022-03-27 20:32:44,538.82
2022-03-27 20:32:49,538.88
2022-03-27 20:32:54,538.88
2022-03-27 20:32:59,538.94
2022-03-27 20:33:04,539.01
2022-03-27 20:33:09,539.04
2022-03-27 20:33:14,539.04
2022-03-27 20:33:19,536.9737883379811
2022-03-27 20:33:24,539.17
2022-03-27 20:33:29,539.17
2022-03-27 20:33:34,539.17
2022-03-27 20:33:39,539.23
2022-03-27 20:33:44,539.3
2022-03-27 20:33:49,539.33
2022-03-27 20:33:54,539.39
2022-03-27 20:33:59,539.33
2022-03-27 20:34:04,539.4
2022-03-27 20:34:09,536.7279727748572
2022-03-27 20:34:14,539.52
2022-03-27 20:34:19,539.52
2022-03-27 20:34:24,539.56
2022-03-27 20:34:29,539.62
2022-03-27 20:34:34,539.62
2022-03-27 20:34:39,539.68
2022-03-27 20:34:44,536.5600899340561
2022-03-27 20:34:49,539.75
2022-03-27 20:34:54,539.75
2022-03-27 20:34:59,539.81
2022-03-27 20:35:04,539.75
2022-03-27 20:35:09,536.442972610911
2022-03-27 20:35:14,539.81
2022-03-27 20:35:19,539.85
2022-03-27 20:35:24,539.91
2022-03-27 20:35:29,539.91
2022-03-27 20:35:34,539.91
2022-03-27 20:35:39,539.98
2022-03-27 20:35:44,539.98
2022-03-27 20:35:49,539.98
2022-03-27 20:35:54,540.04
2022-03-27 20:35:59,540.07
2022-03-27 20:36:04,540.07
2022-03-27 20:36:09,540.07
2022-03-27 20:36:14,540.07
2022-03-27 20:36:19,536.1296950229927
2022-03-27 20:36:24,540.14
2022-03-27 20:36:29,540.14
2022-03-27 20:36:34,540.14
2022-03-27 20:36:39,540.14
2022-03-27 20:36:44,540.14
2022-03-27 20:36:49,540.2
2022-03-27 20:36:54,540.14
2022-03-27 20:36:59,540.2
2022-03-27 20:37:04,540.2
2022-03-27 20:37:09,540.2
2022-03-27 20:37:14,540.14
2022-03-27 20:37:19,540.2
2022-03-27 20:37:24,540.2
2022-03-27 20:37:29,540.27
2022-03-27 20:37:34,540.21
2022-03-27 20:37:39,540.21
2022-03-27 20:37:44,535.7781682936122
2022-03-27 20:37:49,540.21
2022-03-27 20:37:54,540.2
2022-03-27 20:37:59,540.14
2022-03-27 20:38:04,540.21
2022-03-27 20:38:09,540.14
2022-03-27 20:38:14,540.14
2022-03-27 20:38:19,540.14
2022-03-27 20:38:24,540.14
2022-03-27 20:38:29,540.14
2022-03-27 20:38:34,540.07
2022-03-27 20:38:39,540.08
2022-03-27 20:38:44,540.08
2022-03-27 20:38:49,540.08
2022-03-27 20:38:54,540.08
2022-03-27 20:38:59,540.04
2022-03-27 20:39:04,540.04
2022-03-27 20:39:09,540.05
2022-03-27 20:39:14,539.98
2022-03-27 20:39:19,539.98
2022-03-27 20:39:24,539.92
2022-03-27 20:39:29,539.92
2022-03-27 20:39:34,539.92
2022-03-27 20:39:39,539.85
2022-03-27 20:39:44,539.85
2022-03-27 20:39:49,539.82
2022-03-27 20:39:54,539.85
2022-03-27 20:39:59,539.82
2022-03-27 20:40:04,539.82
2022-03-27 20:40:09,539.82
2022-03-27 20:40:14,539.82
2022-03-27 20:40:19,539.76
2022-03-27 20:40:24,539.76
2022-03-27 20:40:29,539.82
2022-03-27 20:40:34,539.76
2022-03-27 20:40:39,539.76
2022-03-27 20:40:44,539.63
2022-03-27 20:40:49,539.69
2022-03-27 20:40:54,539.63
2022-03-27 20:40:59,539.63
2022-03-27 20:41:04,539.63
2022-03-27 20:41:09,539.63
2022-03-27 20:41:14,539.57
2022-03-27 20:41:19,539.63
2022-03-27 20:41:24,539.57
2022-03-27 20:41:29,539.54
2022-03-27 20:41:34,539.57
2022-03-27 20:41:39,539.54
2022-03-27 20:41:44,539.47
2022-03-27 20:41:49,534.9331221136185
2022-03-27 20:41:54,539.47
2022-03-27 20:41:59,539.47
2022-03-27 20:42:04,539.47
2022-03-27 20:42:09,539.48
2022-03-27 20:42:14,539.48
2022-03-27 20:42:19,539.48
2022-03-27 20:42:24,539.48
2022-03-27 20:42:29,539.48
2022-03-27 20:42:34,539.48
2022-03-27 20:42:39,534.7897754265301
2022-03-27 20:42:44,539.55
2022-03-27 20:42:49,539.55
2022-03-27 20:42:54,539.55
2022-03-27 20:42:59,539.55
2022-03-27 20:43:04,539.55
2022-03-27 20:43:09,539.55
2022-03-27 20:43:14,539.55
2022-03-27 20:43:19,539.55
2022-03-27 20:43:24,539.55
2022-03-27 20:43:29,539.58
2022-03-27 20:43:34,539.55
2022-03-27 20:43:39,539.58
2022-03-27 20:43:44,539.58
2022-03-27 20:43:49,539.58
2022-03-27 20:43:54,539.55
2022-03-27 20:43:59,539.58
2022-03-27 20:44:04,539.49
2022-03-27 20:44:09,539.55
2022-03-27 20:44:14,539.49
2022-03-27 20:44:19,539.49
2022-03-27 20:44:24,534.5190453509892
2022-03-27 20:44:29,539.49
2022-03-27 20:44:34,539.49
2022-03-27 20:44:39,534.4836348353309
2022-03-27 20:44:44,539.43
2022-03-27 20:44:49,539.43
2022-03-27 20:44:54,539.36
2022-03-27 20:44:59,534.4376631659959
2022-03-27 20:45:04,539.33
2022-03-27 20:45:09,539.33
2022-03-27 20:45:14,539.26
2022-03-27 20:45:19,539.26
2022-03-27 20:45:24,539.2
2022-03-27 20:45:29,539.21
2022-03-27 20:45:34,534.3605914647364
2022-03-27 20:45:39,534.3499288960674
2022-03-27 20:45:44,534.3393526157121
2022-03-27 20:45:49,539.14
2022-03-27 20:45:54,539.07
2022-03-27 20:45:59,539.07
2022-03-27 20:46:04,539.04
2022-03-27 20:46:09,538.98
2022-03-27 20:46:14,538.98
2022-03-27 20:46:19,538.97
2022-03-27 20:46:24,534.2578235410333
2022-03-27 20:46:29,538.84
2022-03-27 20:46:34,538.84
2022-03-27 20:46:39,538.84
2022-03-27 20:46:44,538.75
2022-03-27 20:46:49,538.75
2022-03-27 20:46:54,538.68
2022-03-27 20:46:59,538.68
2022-03-27 20:47:04,538.61
2022-03-27 20:47:09,538.62
2022-03-27 20:47:14,534.1634953652223
2022-03-27 20:47:19,538.55
2022-03-27 20:47:24,538.52
2022-03-27 20:47:29,538.52
2022-03-27 20:47:34,538.45
2022-03-27 20:47:39,538.45
2022-03-27 20:47:44,538.45
2022-03-27 20:47:49,538.32
2022-03-27 20:47:54,538.32
2022-03-27 20:47:59,538.32
2022-03-27 20:48:04,538.22
2022-03-27 20:48:09,538.22
2022-03-27 20:48:14,538.22
2022-03-27 20:48:19,538.16
2022-03-27 20:48:24,538.09
2022-03-27 20:48:29,538.09
2022-03-27 20:48:34,537.99
2022-03-27 20:48:39,537.99
2022-03-27 20:48:44,537.99
2022-03-27 20:48:49,534.0067708894139
2022-03-27 20:48:54,537.86
2022-03-27 20:48:59,537.8
2022-03-27 20:49:04,537.79
2022-03-27 20:49:09,537.79
2022-03-27 20:49:14,537.76
2022-03-27 20:49:19,533.9632200851684
2022-03-27 20:49:24,537.63
2022-03-27 20:49:29,537.63
2022-03-27 20:49:34,533.9424854837001
2022-03-27 20:49:39,537.5
2022-03-27 20:49:44,537.47
2022-03-27 20:49:49,537.4
2022-03-27 20:49:54,537.33
2022-03-27 20:49:59,537.27
2022-03-27 20:50:04,537.27
2022-03-27 20:50:09,537.17
2022-03-27 20:50:14,537.17
2022-03-27 20:50:19,533.8842911285974
2022-03-27 20:50:24,537.04
2022-03-27 20:50:29,536.98
2022-03-27 20:50:34,536.94
2022-03-27 20:50:39,536.88
2022-03-27 20:50:44,536.81
2022-03-27 20:50:49,536.81
2022-03-27 20:50:54,536.72
2022-03-27 20:50:59,536.65
2022-03-27 20:51:04,536.59
2022-03-27 20:51:09,536.52
2022-03-27 20:51:14,533.8208831855619
2022-03-27 20:51:19,536.43
2022-03-27 20:51:24,536.43
2022-03-27 20:51:29,536.36
2022-03-27 20:51:34,536.36
2022-03-27 20:51:39,536.3
2022-03-27 20:51:44,536.23
2022-03-27 20:51:49,536.2
2022-03-27 20:51:54,536.13
2022-03-27 20:51:59,536.07
2022-03-27 20:52:04,536.07
2022-03-27 20:52:09,536.07
2022-03-27 20:52:14,536.01
2022-03-27 20:52:19,535.94
2022-03-27 20:52:24,535.91
2022-03-27 20:52:29,535.91
2022-03-27 20:52:34,535.91
2022-03-27 20:52:39,535.84
2022-03-27 20:52:44,533.7336788258657
2022-03-27 20:52:49,533.7293861143802
2022-03-27 20:52:54,535.68
2022-03-27 20:52:59,535.68
2022-03-27 20:53:04,535.68
2022-03-27 20:53:09,535.68
2022-03-27 20:53:14,535.62
2022-03-27 20:53:19,535.55
2022-03-27 20:53:24,535.55
2022-03-27 20:53:29,535.49
2022-03-27 20:53:34,535.49
2022-03-27 20:53:39,535.49
2022-03-27 20:53:44,535.43
2022-03-27 20:53:49,535.43
2022-03-27 20:53:54,535.43
2022-03-27 20:53:59,535.43
2022-03-27 20:54:04,535.39
2022-03-27 20:54:09,535.4
2022-03-27 20:54:14,535.43
2022-03-27 20:54:19,535.43
2022-03-27 20:54:24,535.4
2022-03-27 20:54:29,535.43
2022-03-27 20:54:34,535.43
2022-03-27 20:54:39,535.49
2022-03-27 20:54:44,535.49
2022-03-27 20:54:49,535.56
2022-03-27 20:54:54,535.56
2022-03-27 20:54:59,535.56
2022-03-27 20:55:04,535.62
2022-03-27 20:55:09,535.62
2022-03-27 20:55:14,535.69
2022-03-27 20:55:19,535.69
2022-03-27 20:55:24,535.69
2022-03-27 20:55:29,535.78
2022-03-27 20:55:34,535.78
2022-03-27 20:55:39,535.78
2022-03-27 20:55:44,533.6097096070436
2022-03-27 20:55:49,535.91
2022-03-27 20:55:54,535.94
2022-03-27 20:55:59,535.95
2022-03-27 20:56:04,536.07
2022-03-27 20:56:09,536.07
2022-03-27 20:56:14,536.07
2022-03-27 20:56:19,536.21
2022-03-27 20:56:24,536.2
2022-03-27 20:56:29,536.24
2022-03-27 20:56:34,533.5845971704331
2022-03-27 20:56:39,536.37
2022-03-27 20:56:44,536.37
2022-03-27 20:56:49,536.46
2022-03-27 20:56:54,536.52
2022-03-27 20:56:59,536.53
2022-03-27 20:57:04,533.571032600489
2022-03-27 20:57:09,536.66
2022-03-27 20:57:14,536.72
2022-03-27 20:57:19,536.75
2022-03-27 20:57:24,536.82
2022-03-27 20:57:29,533.5604873564737
2022-03-27 20:57:34,536.95
2022-03-27 20:57:39,536.88
2022-03-27 20:57:44,533.5544614111672
2022-03-27 20:57:49,537.05
2022-03-27 20:57:54,537.05
2022-03-27 20:57:59,537.11
2022-03-27 20:58:04,533.5467484099504
2022-03-27 20:58:09,537.24
2022-03-27 20:58:14,537.24
2022-03-27 20:58:19,537.27
2022-03-27 20:58:24,537.27
2022-03-27 20:58:29,537.33
2022-03-27 20:58:34,537.33
2022-03-27 20:58:39,537.4
2022-03-27 20:58:44,533.5322972586276
2022-03-27 20:58:49,537.4
2022-03-27 20:58:54,537.4
2022-03-27 20:58:59,537.47
2022-03-27 20:59:04,537.47
2022-03-27 20:59:09,537.47
2022-03-27 20:59:14,537.47
2022-03-27 20:59:19,537.47
2022-03-27 20:59:24,537.5
2022-03-27 20:59:29,537.5
2022-03-27 20:59:34,537.5
2022-03-27 20:59:39,537.5
2022-03-27 20:59:44,537.5
2022-03-27 20:59:49,537.5
2022-03-27 20:59:54,537.5
2022-03-27 20:59:59,537.5
2022-03-27 21:00:04,537.5
2022-03-27 21:00:09,533.5048108776796
2022-03-27 21:00:14,537.57
2022-03-27 21:00:19,537.51
2022-03-27 21:00:24,537.51
2022-03-27 21:00:29,537.51
2022-03-27 21:00:34,537.57
2022-03-27 21:00:39,537.57
2022-03-27 21:00:44,537.51
2022-03-27 21:00:49,537.57
2022-03-27 21:00:54,537.57
2022-03-27 21:00:59,537.57
2022-03-27 21:01:04,537.57
2022-03-27 21:01:09,537.64
2022-03-27 21:01:14,537.64
2022-03-27 21:01:19,537.64
2022-03-27 21:01:24,537.64
2022-03-27 21:01:29,537.64
2022-03-27 21:01:34,537.64
2022-03-27 21:01:39,537.64
2022-03-27 21:01:44,537.71
2022-03-27 21:01:49,537.71
2022-03-27 21:01:54,537.71
2022-03-27 21:01:59,537.77
2022-03-27 21:02:04,537.71
2022-03-27 21:02:09,537.77
2022-03-27 21:02:14,537.77
2022-03-27 21:02:19,537.77
2022-03-27 21:02:24,537.78
2022-03-27 21:02:29,537.81
2022-03-27 21:02:34,537.81
2022-03-27 21:02:39,537.81
2022-03-27 21:02:44,537.88
2022-03-27 21:02:49,537.88
2022-03-27 21:02:54,537.94
2022-03-27 21:02:59,537.94
2022-03-27 21:03:04,537.94
2022-03-27 21:03:09,538.01
2022-03-27 21:03:14,538.01
2022-03-27 21:03:19,538.04
2022-03-27 21:03:24,538.04
2022-03-27 21:03:29,538.1
2022-03-27 21:03:34,538.17
2022-03-27 21:03:39,538.23
2022-03-27 21:03:44,533.4393045871949
2022-03-27 21:03:49,533.437628920414
2022-03-27 21:03:54,538.33
2022-03-27 21:03:59,538.4
2022-03-27 21:04:04,538.39
2022-03-27 21:04:09,538.46
2022-03-27 21:04:14,538.52
2022-03-27 21:04:19,538.52
2022-03-27 21:04:24,533.4257460039353
2022-03-27 21:04:29,538.62
2022-03-27 21:04:34,538.69
2022-03-27 21:04:39,538.75
2022-03-27 21:04:44,538.75
2022-03-27 21:04:49,538.81
2022-03-27 21:04:54,538.84
2022-03-27 21:04:59,538.84
2022-03-27 21:05:04,538.91
2022-03-27 21:05:09,538.91
2022-03-27 21:05:14,539.04
2022-03-27 21:05:19,539.04
2022-03-27 21:05:24,538.97
2022-03-27 21:05:29,533.4038798164929
2022-03-27 21:05:34,539.03
2022-03-27 21:05:39,533.4006495403523
2022-03-27 21:05:44,539.07
2022-03-27 21:05:49,539.07
2022-03-27 21:05:54,539.07
2022-03-27 21:05:59,539.06
2022-03-27 21:06:04,539.06
2022-03-27 21:06:09,539.06
2022-03-27 21:06:14,539.19
2022-03-27 21:06:19,539.13
2022-03-27 21:06:24,539.12
2022-03-27 21:06:29,539.06
2022-03-27 21:06:34,539.12
2022-03-27 21:06:39,539.12
2022-03-27 21:06:44,539.12
2022-03-27 21:06:49,539.12
2022-03-27 21:06:54,539.12
2022-03-27 21:06:59,539.12
2022-03-27 21:07:04,539.12
2022-03-27 21:07:09,539.12
2022-03-27 21:07:14,539.18
2022-03-27 21:07:19,539.11
2022-03-27 21:07:24,539.18
2022-03-27 21:07:29,539.11
2022-03-27 21:07:34,539.18
2022-03-27 21:07:39,539.18
2022-03-27 21:07:44,539.18
2022-03-27 21:07:49,539.24
2022-03-27 21:07:54,533.3660344366452
2022-03-27 21:07:59,539.24
2022-03-27 21:08:04,533.3644374012015
2022-03-27 21:08:09,539.3
2022-03-27 21:08:14,539.24
2022-03-27 21:08:19,539.24
2022-03-27 21:08:24,539.3
2022-03-27 21:08:29,539.3
2022-03-27 21:08:34,539.3
2022-03-27 21:08:39,539.23
2022-03-27 21:08:44,539.3
2022-03-27 21:08:49,539.23
2022-03-27 21:08:54,539.23
2022-03-27 21:08:59,539.23
2022-03-27 21:09:04,539.29
2022-03-27 21:09:09,539.29
2022-03-27 21:09:14,539.29
2022-03-27 21:09:19,539.29
2022-03-27 21:09:24,533.358631546162
2022-03-27 21:09:29,539.29
2022-03-27 21:09:34,539.22
2022-03-27 21:09:39,539.29
2022-03-27 21:09:44,533.3594108060884
2022-03-27 21:09:49,539.29
2022-03-27 21:09:54,539.29
2022-03-27 21:09:59,539.29
2022-03-27 21:10:04,539.29
2022-03-27 21:10:09,539.29
2022-03-27 21:10:14,539.29
2022-03-27 21:10:19,539.29
2022-03-27 21:10:24,539.29
2022-03-27 21:10:29,539.29
2022-03-27 21:10:34,539.29
2022-03-27 21:10:39,539.29
2022-03-27 21:10:44,539.29
2022-03-27 21:10:49,539.28
2022-03-27 21:10:54,539.32
2022-03-27 21:10:59,539.29
2022-03-27 21:11:04,539.28
2022-03-27 21:11:09,539.28
2022-03-27 21:11:14,539.22
2022-03-27 21:11:19,539.22
2022-03-27 21:11:24,539.16
2022-03-27 21:11:29,539.09
2022-03-27 21:11:34,539.16
2022-03-27 21:11:39,539.09
2022-03-27 21:11:44,533.3877719361575
2022-03-27 21:11:49,539.03
2022-03-27 21:11:54,538.99
2022-03-27 21:11:59,538.93
2022-03-27 21:12:04,538.87
2022-03-27 21:12:09,538.8
2022-03-27 21:12:14,538.77
2022-03-27 21:12:19,538.71
2022-03-27 21:12:24,538.71
2022-03-27 21:12:29,538.64
2022-03-27 21:12:34,538.58
2022-03-27 21:12:39,538.51
2022-03-27 21:12:44,538.51
2022-03-27 21:12:49,538.42
2022-03-27 21:12:54,538.42
2022-03-27 21:12:59,538.35
2022-03-27 21:13:04,538.29
2022-03-27 21:13:09,538.29
2022-03-27 21:13:14,538.25
2022-03-27 21:13:19,538.19
2022-03-27 21:13:24,538.13
2022-03-27 21:13:29,538.13
2022-03-27 21:13:34,538.06
2022-03-27 21:13:39,538.0
2022-03-27 21:13:44,537.96
2022-03-27 21:13:49,533.4713552338231
2022-03-27 21:13:54,537.83
2022-03-27 21:13:59,537.83
2022-03-27 21:14:04,537.77
2022-03-27 21:14:09,537.74
2022-03-27 21:14:14,537.61
2022-03-27 21:14:19,537.61
2022-03-27 21:14:24,537.54
2022-03-27 21:14:29,537.48
2022-03-27 21:14:34,537.44
2022-03-27 21:14:39,537.37
2022-03-27 21:14:44,537.31
2022-03-27 21:14:49,537.25
2022-03-27 21:14:54,537.25
2022-03-27 21:14:59,537.15
2022-03-27 21:15:04,537.15
2022-03-27 21:15:09,537.08
2022-03-27 21:15:14,537.02
2022-03-27 21:15:19,536.95
2022-03-27 21:15:24,536.92
2022-03-27 21:15:29,536.86
2022-03-27 21:15:34,536.85
2022-03-27 21:15:39,536.79
2022-03-27 21:15:44,536.79
2022-03-27 21:15:49,536.73
2022-03-27 21:15:54,536.63
2022-03-27 21:15:59,533.6334184560367
2022-03-27 21:16:04,536.56
2022-03-27 21:16:09,536.49
2022-03-27 21:16:14,536.43
2022-03-27 21:16:19,536.39
2022-03-27 21:16:24,536.33
2022-03-27 21:16:29,536.26
2022-03-27 21:16:34,536.2
2022-03-27 21:16:39,536.16
2022-03-27 21:16:44,536.1
2022-03-27 21:16:49,533.7198240157763
2022-03-27 21:16:54,536.03
2022-03-27 21:16:59,535.97
2022-03-27 21:17:04,535.97
2022-03-27 21:17:09,535.9
2022-03-27 21:17:14,535.86
2022-03-27 21:17:19,535.8
2022-03-27 21:17:24,535.74
2022-03-27 21:17:29,533.7996380529861
2022-03-27 21:17:34,535.67
2022-03-27 21:17:39,535.64
2022-03-27 21:17:44,533.8321233302042
2022-03-27 21:17:49,535.5
2022-03-27 21:17:54,535.44
2022-03-27 21:17:59,535.37
2022-03-27 21:18:04,535.37
2022-03-27 21:18:09,535.34
2022-03-27 21:18:14,535.28
2022-03-27 21:18:19,535.21
2022-03-27 21:18:24,535.21
2022-03-27 21:18:29,533.9378272726791
2022-03-27 21:18:34,535.11
2022-03-27 21:18:39,535.04
2022-03-27 21:18:44,534.98
2022-03-27 21:18:49,534.91
2022-03-27 21:18:54,534.91
2022-03-27 21:18:59,534.85
2022-03-27 21:19:04,534.85
2022-03-27 21:19:09,534.81
2022-03-27 21:19:14,534.75
2022-03-27 21:19:19,534.68
2022-03-27 21:19:24,534.62
2022-03-27 21:19:29,534.58
2022-03-27 21:19:34,534.1114247843631
2022-03-27 21:19:39,534.52
2022-03-27 21:19:44,534.45
2022-03-27 21:19:49,534.39
2022-03-27 21:19:54,534.32
2022-03-27 21:19:59,534.29
2022-03-27 21:20:04,534.23
2022-03-27 21:20:09,534.1
2022-03-27 21:20:14,534.09
2022-03-27 21:20:19,534.06
2022-03-27 21:20:24,533.93
2022-03-27 21:20:29,533.87
2022-03-27 21:20:34,533.87
2022-03-27 21:20:39,533.8
2022-03-27 21:20:44,533.77
2022-03-27 21:20:49,533.71
2022-03-27 21:20:54,533.64
2022-03-27 21:20:59,534.373149152282
2022-03-27 21:21:04,533.54
2022-03-27 21:21:09,533.48
2022-03-27 21:21:14,533.48
2022-03-27 21:21:19,533.48
2022-03-27 21:21:24,533.41
2022-03-27 21:21:29,533.35
2022-03-27 21:21:34,533.35
2022-03-27 21:21:39,533.28
2022-03-27 21:21:44,533.28
2022-03-27 21:21:49,533.28
2022-03-27 21:21:54,533.28
2022-03-27 21:21:59,533.29
2022-03-27 21:22:04,533.25
2022-03-27 21:22:09,533.25
2022-03-27 21:22:14,534.633948746202
2022-03-27 21:22:19,533.25
2022-03-27 21:22:24,533.25
2022-03-27 21:22:29,533.19
2022-03-27 21:22:34,533.25
2022-03-27 21:22:39,533.25
2022-03-27 21:22:44,533.25
2022-03-27 21:22:49,533.25
2022-03-27 21:22:54,534.7835351806566
2022-03-27 21:22:59,533.25
2022-03-27 21:23:04,533.28
2022-03-27 21:23:09,534.8414006656736
2022-03-27 21:23:14,533.35
2022-03-27 21:23:19,533.41
2022-03-27 21:23:24,533.41
2022-03-27 21:23:29,534.9200024268214
2022-03-27 21:23:34,533.48
2022-03-27 21:23:39,533.48
2022-03-27 21:23:44,533.54
2022-03-27 21:23:49,535.0002130999453
2022-03-27 21:23:54,533.57
2022-03-27 21:23:59,533.64
2022-03-27 21:24:04,533.7
2022-03-27 21:24:09,533.64
2022-03-27 21:24:14,533.77
2022-03-27 21:24:19,533.77
2022-03-27 21:24:24,533.8
2022-03-27 21:24:29,533.86
2022-03-27 21:24:34,533.93
2022-03-27 21:24:39,533.99
2022-03-27 21:24:44,533.99
2022-03-27 21:24:49,534.06
2022-03-27 21:24:54,534.09
2022-03-27 21:24:59,534.15
2022-03-27 21:25:04,534.28
2022-03-27 21:25:09,534.22
2022-03-27 21:25:14,534.32
2022-03-27 21:25:19,534.38
2022-03-27 21:25:24,534.38
2022-03-27 21:25:29,534.44
2022-03-27 21:25:34,534.51
2022-03-27 21:25:39,534.57
2022-03-27 21:25:44,535.4901483420043
2022-03-27 21:25:49,534.6
2022-03-27 21:25:54,534.67
2022-03-27 21:25:59,534.73
2022-03-27 21:26:04,534.8
2022-03-27 21:26:09,534.8
2022-03-27 21:26:14,535.6252603700594
2022-03-27 21:26:19,534.83
2022-03-27 21:26:24,534.9
2022-03-27 21:26:29,534.96
2022-03-27 21:26:34,535.02
2022-03-27 21:26:39,535.02
2022-03-27 21:26:44,535.09
2022-03-27 21:26:49,535.09
2022-03-27 21:26:54,535.12
2022-03-27 21:26:59,535.19
2022-03-27 21:27:04,535.25
2022-03-27 21:27:09,535.25
2022-03-27 21:27:14,535.31
2022-03-27 21:27:19,535.31
2022-03-27 21:27:24,535.31
2022-03-27 21:27:29,535.35
2022-03-27 21:27:34,535.41
2022-03-27 21:27:39,535.35
2022-03-27 21:27:44,535.41
2022-03-27 21:27:49,535.41
2022-03-27 21:27:54,536.0941506630828
2022-03-27 21:27:59,535.47
2022-03-27 21:28:04,535.54
2022-03-27 21:28:09,535.54
2022-03-27 21:28:14,535.54
2022-03-27 21:28:19,535.6
2022-03-27 21:28:24,535.61
2022-03-27 21:28:29,535.61
2022-03-27 21:28:34,535.64
2022-03-27 21:28:39,535.64
2022-03-27 21:28:44,536.3378766105834
2022-03-27 21:28:49,535.64
2022-03-27 21:28:54,535.71
2022-03-27 21:28:59,535.71
2022-03-27 21:29:04,535.71
2022-03-27 21:29:09,535.71
2022-03-27 21:29:14,535.71
2022-03-27 21:29:19,535.71
2022-03-27 21:29:24,535.77
2022-03-27 21:29:29,535.71
2022-03-27 21:29:34,535.77
2022-03-27 21:29:39,535.78
2022-03-27 21:29:44,535.84
2022-03-27 21:29:49,535.78
2022-03-27 21:29:54,535.84
2022-03-27 21:29:59,535.84
2022-03-27 21:30:04,535.87
2022-03-27 21:30:09,535.84
2022-03-27 21:30:14,535.88
2022-03-27 21:30:19,535.88
2022-03-27 21:30:24,535.87
2022-03-27 21:30:29,535.94
2022-03-27 21:30:34,535.88
2022-03-27 21:30:39,535.88
2022-03-27 21:30:44,536.9423424770879
2022-03-27 21:30:49,535.88
2022-03-27 21:30:54,536.9937157686867
2022-03-27 21:30:59,535.95
2022-03-27 21:31:04,535.88
2022-03-27 21:31:09,535.88
2022-03-27 21:31:14,535.88
2022-03-27 21:31:19,535.95
2022-03-27 21:31:24,535.88
2022-03-27 21:31:29,535.88
2022-03-27 21:31:34,535.88
2022-03-27 21:31:39,535.95
2022-03-27 21:31:44,535.95
2022-03-27 21:31:49,535.95
2022-03-27 21:31:54,535.88
2022-03-27 21:31:59,535.88
2022-03-27 21:32:04,535.95
2022-03-27 21:32:09,535.88
2022-03-27 21:32:14,537.408483328131
2022-03-27 21:32:19,535.88
2022-03-27 21:32:24,535.88
2022-03-27 21:32:29,535.88
2022-03-27 21:32:34,535.85
2022-03-27 21:32:39,537.5386854618828
2022-03-27 21:32:44,535.85
2022-03-27 21:32:49,535.85
2022-03-27 21:32:54,535.85
2022-03-27 21:32:59,535.85
2022-03-27 21:33:04,535.79
2022-03-27 21:33:09,535.79
2022-03-27 21:33:14,535.79
2022-03-27 21:33:19,535.79
2022-03-27 21:33:24,537.7720174650456
2022-03-27 21:33:29,535.79
2022-03-27 21:33:34,535.78
2022-03-27 21:33:39,535.78
2022-03-27 21:33:44,535.78
2022-03-27 21:33:49,535.72
2022-03-27 21:33:54,535.72
2022-03-27 21:33:59,535.72
2022-03-27 21:34:04,535.78
2022-03-27 21:34:09,535.78
2022-03-27 21:34:14,535.78
2022-03-27 21:34:19,535.78
2022-03-27 21:34:24,535.72
2022-03-27 21:34:29,535.72
2022-03-27 21:34:34,535.71
2022-03-27 21:34:39,535.65
2022-03-27 21:34:44,535.78
2022-03-27 21:34:49,535.78
2022-03-27 21:34:54,538.2273075079213
2022-03-27 21:34:59,535.78
2022-03-27 21:35:04,535.78
2022-03-27 21:35:09,535.78
2022-03-27 21:35:14,535.71
2022-03-27 21:35:19,535.77
2022-03-27 21:35:24,535.77
2022-03-27 21:35:29,535.77
2022-03-27 21:35:34,535.77
2022-03-27 21:35:39,535.77
2022-03-27 21:35:44,535.77
2022-03-27 21:35:49,535.76
2022-03-27 21:35:54,538.5157338895082
2022-03-27 21:35:59,538.5390325305154
2022-03-27 21:36:04,535.76
2022-03-27 21:36:09,535.76
2022-03-27 21:36:14,535.82
2022-03-27 21:36:19,535.83
2022-03-27 21:36:24,535.82
2022-03-27 21:36:29,535.82
2022-03-27 21:36:34,535.85
2022-03-27 21:36:39,535.85
2022-03-27 21:36:44,535.85
2022-03-27 21:36:49,535.92
2022-03-27 21:36:54,535.92
2022-03-27 21:36:59,535.98
2022-03-27 21:37:04,535.98
2022-03-27 21:37:09,535.98
2022-03-27 21:37:14,535.98
2022-03-27 21:37:19,538.8926425055798
2022-03-27 21:37:24,536.1
2022-03-27 21:37:29,536.1
2022-03-27 21:37:34,536.1
2022-03-27 21:37:39,536.1
2022-03-27 21:37:44,536.13
2022-03-27 21:37:49,539.0145005611168
2022-03-27 21:37:54,536.26
2022-03-27 21:37:59,536.26
2022-03-27 21:38:04,536.26
2022-03-27 21:38:09,536.32
2022-03-27 21:38:14,536.36
2022-03-27 21:38:19,536.35
2022-03-27 21:38:24,536.42
2022-03-27 21:38:29,536.42
2022-03-27 21:38:34,536.48
2022-03-27 21:38:39,536.48
2022-03-27 21:38:44,536.54
2022-03-27 21:38:49,536.61
2022-03-27 21:38:54,536.61
2022-03-27 21:38:59,536.61
2022-03-27 21:39:04,536.64
2022-03-27 21:39:09,536.64
2022-03-27 21:39:14,536.64
2022-03-27 21:39:19,536.7
2022-03-27 21:39:24,536.77
2022-03-27 21:39:29,539.3679790174646
2022-03-27 21:39:34,536.77
2022-03-27 21:39:39,536.83
2022-03-27 21:39:44,536.86
2022-03-27 21:39:49,536.86
2022-03-27 21:39:54,536.86
2022-03-27 21:39:59,536.93
2022-03-27 21:40:04,536.93
2022-03-27 21:40:09,536.99
2022-03-27 21:40:14,536.99
2022-03-27 21:40:19,537.05
2022-03-27 21:40:24,537.12
2022-03-27 21:40:29,537.12
2022-03-27 21:40:34,537.12
2022-03-27 21:40:39,537.15
2022-03-27 21:40:44,537.15
2022-03-27 21:40:49,539.5808679072544
2022-03-27 21:40:54,537.22
2022-03-27 21:40:59,537.28
2022-03-27 21:41:04,537.35
2022-03-27 21:41:09,537.28
2022-03-27 21:41:14,537.38
2022-03-27 21:41:19,537.38
2022-03-27 21:41:24,537.38
2022-03-27 21:41:29,537.38
2022-03-27 21:41:34,537.38
2022-03-27 21:41:39,537.45
2022-03-27 21:41:44,537.51
2022-03-27 21:41:49,537.44
2022-03-27 21:41:54,537.51
2022-03-27 21:41:59,537.51
2022-03-27 21:42:04,537.51
2022-03-27 21:42:09,537.51
2022-03-27 21:42:14,537.51
2022-03-27 21:42:19,539.7303933765504
2022-03-27 21:42:24,537.45
2022-03-27 21:42:29,537.44
2022-03-27 21:42:34,537.51
2022-03-27 21:42:39,539.7490938781427
2022-03-27 21:42:44,537.45
2022-03-27 21:42:49,539.756326196243
2022-03-27 21:42:54,537.38
2022-03-27 21:42:59,537.44
2022-03-27 21:43:04,539.7644630733355
2022-03-27 21:43:09,537.45
2022-03-27 21:43:14,537.45
2022-03-27 21:43:19,539.7692775672244
2022-03-27 21:43:24,537.45
2022-03-27 21:43:29,537.38
2022-03-27 21:43:34,537.38
2022-03-27 21:43:39,537.38
2022-03-27 21:43:44,537.45
2022-03-27 21:43:49,537.38
2022-03-27 21:43:54,539.7671583582037
2022-03-27 21:43:59,537.38
2022-03-27 21:44:04,537.35
2022-03-27 21:44:09,537.35
2022-03-27 21:44:14,537.35
2022-03-27 21:44:19,537.29
2022-03-27 21:44:24,537.22
2022-03-27 21:44:29,537.22
2022-03-27 21:44:34,537.29
2022-03-27 21:44:39,537.22
2022-03-27 21:44:44,537.22
2022-03-27 21:44:49,537.22
2022-03-27 21:44:54,537.22
2022-03-27 21:44:59,537.16
2022-03-27 21:45:04,537.16
2022-03-27 21:45:09,537.16
2022-03-27 21:45:14,537.16
2022-03-27 21:45:19,537.12
2022-03-27 21:45:24,537.12
2022-03-27 21:45:29,537.12
2022-03-27 21:45:34,537.13
2022-03-27 21:45:39,537.06
2022-03-27 21:45:44,537.12
2022-03-27 21:45:49,537.06
2022-03-27 21:45:54,539.6059796702775
2022-03-27 21:45:59,537.0
2022-03-27 21:46:04,537.0
2022-03-27 21:46:09,537.0
2022-03-27 21:46:14,536.93
2022-03-27 21:46:19,536.93
2022-03-27 21:46:24,536.93
2022-03-27 21:46:29,536.87
2022-03-27 21:46:34,536.87
2022-03-27 21:46:39,536.87
2022-03-27 21:46:44,536.87
2022-03-27 21:46:49,536.84
2022-03-27 21:46:54,536.77
2022-03-27 21:46:59,536.77
2022-03-27 21:47:04,536.77
2022-03-27 21:47:09,536.77
2022-03-27 21:47:14,536.71
2022-03-27 21:47:19,536.71
2022-03-27 21:47:24,536.71
2022-03-27 21:47:29,536.64
2022-03-27 21:47:34,536.65
2022-03-27 21:47:39,536.65
2022-03-27 21:47:44,536.61
2022-03-27 21:47:49,536.65
2022-03-27 21:47:54,536.61
2022-03-27 21:47:59,536.61
2022-03-27 21:48:04,536.61
2022-03-27 21:48:09,536.55
2022-03-27 21:48:14,536.62
2022-03-27 21:48:19,536.62
2022-03-27 21:48:24,539.064791967948
2022-03-27 21:48:29,536.62
2022-03-27 21:48:34,536.62
2022-03-27 21:48:39,536.55
2022-03-27 21:48:44,536.55
2022-03-27 21:48:49,536.55
2022-03-27 21:48:54,536.55
2022-03-27 21:48:59,536.56
2022-03-27 21:49:04,536.55
2022-03-27 21:49:09,538.8412378685622
2022-03-27 21:49:14,536.56
2022-03-27 21:49:19,536.56
2022-03-27 21:49:24,536.49
2022-03-27 21:49:29,536.49
2022-03-27 21:49:34,538.7069612857802
2022-03-27 21:49:39,536.49
2022-03-27 21:49:44,536.49
2022-03-27 21:49:49,536.49
2022-03-27 21:49:54,536.56
2022-03-27 21:49:59,536.5
2022-03-27 21:50:04,536.5
2022-03-27 21:50:09,536.49
2022-03-27 21:50:14,536.49
2022-03-27 21:50:19,536.56
2022-03-27 21:50:24,536.5
2022-03-27 21:50:29,536.56
2022-03-27 21:50:34,536.56
2022-03-27 21:50:39,538.328505288968
2022-03-27 21:50:44,536.63
2022-03-27 21:50:49,536.62
2022-03-27 21:50:54,536.66
2022-03-27 21:50:59,536.66
2022-03-27 21:51:04,536.66
2022-03-27 21:51:09,538.1414284715555
2022-03-27 21:51:14,538.1095838855953
2022-03-27 21:51:19,536.72
2022-03-27 21:51:24,536.72
2022-03-27 21:51:29,538.0129927136269
2022-03-27 21:51:34,536.85
2022-03-27 21:51:39,536.85
2022-03-27 21:51:44,536.88
2022-03-27 21:51:49,536.88
2022-03-27 21:51:54,536.95
2022-03-27 21:51:59,536.95
2022-03-27 21:52:04,537.7819762700967
2022-03-27 21:52:09,537.01
2022-03-27 21:52:14,537.07
2022-03-27 21:52:19,537.07
2022-03-27 21:52:24,537.07
2022-03-27 21:52:29,537.14
2022-03-27 21:52:34,537.14
2022-03-27 21:52:39,537.17
2022-03-27 21:52:44,537.23
2022-03-27 21:52:49,537.23
2022-03-27 21:52:54,537.29
2022-03-27 21:52:59,537.36
2022-03-27 21:53:04,537.36
2022-03-27 21:53:09,537.39
2022-03-27 21:53:14,537.46
2022-03-27 21:53:19,537.52
2022-03-27 21:53:24,537.58
2022-03-27 21:53:29,537.58
2022-03-27 21:53:34,537.65
2022-03-27 21:53:39,537.74
2022-03-27 21:53:44,537.74
2022-03-27 21:53:49,537.0541508928193
2022-03-27 21:53:54,537.87
2022-03-27 21:53:59,537.9
2022-03-27 21:54:04,537.96
2022-03-27 21:54:09,538.03
2022-03-27 21:54:14,538.09
2022-03-27 21:54:19,538.03
2022-03-27 21:54:24,538.15
2022-03-27 21:54:29,538.25
2022-03-27 21:54:34,538.25
2022-03-27 21:54:39,538.38
2022-03-27 21:54:44,538.41
2022-03-27 21:54:49,538.47
2022-03-27 21:54:54,538.53
2022-03-27 21:54:59,538.6
2022-03-27 21:55:04,536.5183574203044
2022-03-27 21:55:09,536.4825746131821
2022-03-27 21:55:14,538.69
2022-03-27 21:55:19,538.75
2022-03-27 21:55:24,538.82
2022-03-27 21:55:29,538.88
2022-03-27 21:55:34,538.91
2022-03-27 21:55:39,538.98
2022-03-27 21:55:44,539.04
2022-03-27 21:55:49,536.197219676249
2022-03-27 21:55:54,536.1617258382181
2022-03-27 21:55:59,539.2
2022-03-27 21:56:04,539.2
2022-03-27 21:56:09,539.26
2022-03-27 21:56:14,539.33
2022-03-27 21:56:19,539.39
2022-03-27 21:56:24,539.39
2022-03-27 21:56:29,535.9149792842691
2022-03-27 21:56:34,539.39
2022-03-27 21:56:39,539.42
2022-03-27 21:56:44,539.42
2022-03-27 21:56:49,539.42
2022-03-27 21:56:54,539.48
2022-03-27 21:56:59,539.48
2022-03-27 21:57:04,539.48
2022-03-27 21:57:09,539.48
2022-03-27 21:57:14,539.48
2022-03-27 21:57:19,539.48
2022-03-27 21:57:24,539.48
2022-03-27 21:57:29,535.5020944527444
2022-03-27 21:57:34,539.42
2022-03-27 21:57:39,539.42
2022-03-27 21:57:44,539.38
2022-03-27 21:57:49,539.38
2022-03-27 21:57:54,535.3352352621891
2022-03-27 21:57:59,539.25
2022-03-27 21:58:04,539.25
2022-03-27 21:58:09,539.16
2022-03-27 21:58:14,539.09
2022-03-27 21:58:19,539.09
2022-03-27 21:58:24,539.09
2022-03-27 21:58:29,538.9
2022-03-27 21:58:34,535.076387420841
2022-03-27 21:58:39,538.8
2022-03-27 21:58:44,538.74
2022-03-27 21:58:49,538.67
2022-03-27 21:58:54,538.58
2022-03-27 21:58:59,534.920493967754
2022-03-27 21:59:04,538.38
2022-03-27 21:59:09,538.29
2022-03-27 21:59:14,538.22
2022-03-27 21:59:19,538.16
2022-03-27 21:59:24,538.06
2022-03-27 21:59:29,537.93
2022-03-27 21:59:34,537.84
2022-03-27 21:59:39,537.77
2022-03-27 21:59:44,537.64
2022-03-27 21:59:49,537.55
2022-03-27 21:59:54,537.48
2022-03-27 21:59:59,537.35
2022-03-27 22:00:04,537.26
2022-03-27 22:00:09,537.13
2022-03-27 22:00:14,537.03
2022-03-27 22:00:19,536.9
2022-03-27 22:00:24,536.81
2022-03-27 22:00:29,536.62
2022-03-27 22:00:34,536.52
2022-03-27 22:00:39,534.3522677512672
2022-03-27 22:00:44,536.29
2022-03-27 22:00:49,534.3005374856504
2022-03-27 22:00:54,536.0
2022-03-27 22:00:59,535.87
2022-03-27 22:01:04,535.72
2022-03-27 22:01:09,534.199724716065
2022-03-27 22:01:14,535.49
2022-03-27 22:01:19,535.36
2022-03-27 22:01:24,534.1263815286529
2022-03-27 22:01:29,535.04
2022-03-27 22:01:34,534.91
2022-03-27 22:01:39,534.78
2022-03-27 22:01:44,534.62
2022-03-27 22:01:49,534.008331811645
2022-03-27 22:01:54,534.4
2022-03-27 22:01:59,534.24
2022-03-27 22:02:04,534.11
2022-03-27 22:02:09,534.01
2022-03-27 22:02:14,533.8953449164251
2022-03-27 22:02:19,533.72
2022-03-27 22:02:24,533.59
2022-03-27 22:02:29,533.5
2022-03-27 22:02:34,533.37
2022-03-27 22:02:39,533.24
2022-03-27 22:02:44,533.14
2022-03-27 22:02:49,533.01
2022-03-27 22:02:54,532.92
2022-03-27 22:02:59,532.85
2022-03-27 22:03:04,532.73
2022-03-27 22:03:09,532.63
2022-03-27 22:03:14,532.57
2022-03-27 22:03:19,532.47
2022-03-27 22:03:24,532.41
2022-03-27 22:03:29,532.34
2022-03-27 22:03:34,532.28
2022-03-27 22:03:39,532.21
2022-03-27 22:03:44,532.18
2022-03-27 22:03:49,533.5086411327767
2022-03-27 22:03:54,532.05
2022-03-27 22:03:59,532.05
2022-03-27 22:04:04,532.05
2022-03-27 22:04:09,532.05
2022-03-27 22:04:14,532.05
2022-03-27 22:04:19,532.05
2022-03-27 22:04:24,532.05
2022-03-27 22:04:29,532.05
2022-03-27 22:04:34,532.05
2022-03-27 22:04:39,532.05
2022-03-27 22:04:44,533.3125424325829
2022-03-27 22:04:49,532.18
2022-03-27 22:04:54,532.22
2022-03-27 22:04:59,532.28
2022-03-27 22:05:04,532.34
2022-03-27 22:05:09,532.41
2022-03-27 22:05:14,532.41
2022-03-27 22:05:19,533.1971169494157
2022-03-27 22:05:24,532.57
2022-03-27 22:05:29,533.1653800365922
2022-03-27 22:05:34,532.74
2022-03-27 22:05:39,533.1341715659502
2022-03-27 22:05:44,532.93
2022-03-27 22:05:49,533.1034787370666
2022-03-27 22:05:54,533.09
2022-03-27 22:05:59,533.0732887495186
2022-03-27 22:06:04,533.32
2022-03-27 22:06:09,533.44
2022-03-27 22:06:14,533.51
2022-03-27 22:06:19,533.61
2022-03-27 22:06:24,533.74
2022-03-27 22:06:29,533.83
2022-03-27 22:06:34,533.96
2022-03-27 22:06:39,534.06
2022-03-27 22:06:44,534.12
2022-03-27 22:06:49,534.26
2022-03-27 22:06:54,534.35
2022-03-27 22:06:59,534.41
2022-03-27 22:07:04,534.55
2022-03-27 22:07:09,534.58
2022-03-27 22:07:14,534.71
2022-03-27 22:07:19,534.77
2022-03-27 22:07:24,532.8351672145172
2022-03-27 22:07:29,535.0
2022-03-27 22:07:34,535.06
2022-03-27 22:07:39,535.16
2022-03-27 22:07:44,535.23
2022-03-27 22:07:49,535.29
2022-03-27 22:07:54,535.39
2022-03-27 22:07:59,535.52
2022-03-27 22:08:04,535.59
2022-03-27 22:08:09,535.62
2022-03-27 22:08:14,535.68
2022-03-27 22:08:19,532.6962590272348
2022-03-27 22:08:24,535.85
2022-03-27 22:08:29,535.91
2022-03-27 22:08:34,535.98
2022-03-27 22:08:39,536.04
2022-03-27 22:08:44,536.14
2022-03-27 22:08:49,532.6245900757158
2022-03-27 22:08:54,536.21
2022-03-27 22:08:59,536.27
2022-03-27 22:09:04,536.34
2022-03-27 22:09:09,536.37
2022-03-27 22:09:14,536.43
2022-03-27 22:09:19,532.5553730277009
2022-03-27 22:09:24,536.56
2022-03-27 22:09:29,536.63
2022-03-27 22:09:34,532.5215759639387
2022-03-27 22:09:39,536.66
2022-03-27 22:09:44,536.66
2022-03-27 22:09:49,536.72
2022-03-27 22:09:54,536.73
2022-03-27 22:09:59,536.73
2022-03-27 22:10:04,536.73
2022-03-27 22:10:09,536.72
2022-03-27 22:10:14,536.79
2022-03-27 22:10:19,536.79
2022-03-27 22:10:24,536.73
2022-03-27 22:10:29,536.79
2022-03-27 22:10:34,536.79
2022-03-27 22:10:39,536.79
2022-03-27 22:10:44,536.79
2022-03-27 22:10:49,536.79
2022-03-27 22:10:54,536.79
2022-03-27 22:10:59,536.73
2022-03-27 22:11:04,536.73
2022-03-27 22:11:09,536.73
2022-03-27 22:11:14,532.3065296329062
2022-03-27 22:11:19,536.66
2022-03-27 22:11:24,536.63
2022-03-27 22:11:29,536.63
2022-03-27 22:11:34,536.63
2022-03-27 22:11:39,536.57
2022-03-27 22:11:44,536.56
2022-03-27 22:11:49,532.2339699405092
2022-03-27 22:11:54,536.5
2022-03-27 22:11:59,536.43
2022-03-27 22:12:04,536.43
2022-03-27 22:12:09,536.37
2022-03-27 22:12:14,536.34
2022-03-27 22:12:19,536.37
2022-03-27 22:12:24,532.1619250679568
2022-03-27 22:12:29,532.1516429683588
2022-03-27 22:12:34,536.27
2022-03-27 22:12:39,536.2
2022-03-27 22:12:44,532.1207765059806
2022-03-27 22:12:49,536.14
2022-03-27 22:12:54,536.11
2022-03-27 22:12:59,536.04
2022-03-27 22:13:04,535.98
2022-03-27 22:13:09,535.98
2022-03-27 22:13:14,535.91
2022-03-27 22:13:19,535.91
2022-03-27 22:13:24,535.84
2022-03-27 22:13:29,535.75
2022-03-27 22:13:34,535.75
2022-03-27 22:13:39,535.68
2022-03-27 22:13:44,535.61
2022-03-27 22:13:49,531.9857293690916
2022-03-27 22:13:54,535.58
2022-03-27 22:13:59,535.52
2022-03-27 22:14:04,535.52
2022-03-27 22:14:09,535.45
2022-03-27 22:14:14,535.38
2022-03-27 22:14:19,535.32
2022-03-27 22:14:24,535.32
2022-03-27 22:14:29,535.29
2022-03-27 22:14:34,535.28
2022-03-27 22:14:39,535.28
2022-03-27 22:14:44,535.22
2022-03-27 22:14:49,531.8572261743963
2022-03-27 22:14:54,535.09
2022-03-27 22:14:59,535.09
2022-03-27 22:15:04,535.09
2022-03-27 22:15:09,535.05
2022-03-27 22:15:14,534.99
2022-03-27 22:15:19,534.93
2022-03-27 22:15:24,534.86
2022-03-27 22:15:29,534.86
2022-03-27 22:15:34,534.8
2022-03-27 22:15:39,534.8
2022-03-27 22:15:44,534.76
2022-03-27 22:15:49,534.7
2022-03-27 22:15:54,534.7
2022-03-27 22:15:59,534.7
2022-03-27 22:16:04,534.63
2022-03-27 22:16:09,534.63
2022-03-27 22:16:14,534.63
2022-03-27 22:16:19,534.63
2022-03-27 22:16:24,531.6425605046154
2022-03-27 22:16:29,534.7
2022-03-27 22:16:34,534.69
2022-03-27 22:16:39,534.69
2022-03-27 22:16:44,534.7
2022-03-27 22:16:49,534.76
2022-03-27 22:16:54,534.76
2022-03-27 22:16:59,534.76
2022-03-27 22:17:04,534.79
2022-03-27 22:17:09,534.86
2022-03-27 22:17:14,534.86
2022-03-27 22:17:19,534.92
2022-03-27 22:17:24,534.99
2022-03-27 22:17:29,534.99
2022-03-27 22:17:34,535.05
2022-03-27 22:17:39,535.08
2022-03-27 22:17:44,531.448017263824
2022-03-27 22:17:49,535.21
2022-03-27 22:17:54,535.21
2022-03-27 22:17:59,535.31
2022-03-27 22:18:04,535.31
2022-03-27 22:18:09,531.3841421227244
2022-03-27 22:18:14,531.3711754183084
2022-03-27 22:18:19,535.57
2022-03-27 22:18:24,535.6
2022-03-27 22:18:29,535.6
2022-03-27 22:18:34,535.73
2022-03-27 22:18:39,535.79
2022-03-27 22:18:44,535.89
2022-03-27 22:18:49,535.96
2022-03-27 22:18:54,536.02
2022-03-27 22:18:59,536.08
2022-03-27 22:19:04,536.09
2022-03-27 22:19:09,536.18
2022-03-27 22:19:14,536.25
2022-03-27 22:19:19,536.34
2022-03-27 22:19:24,536.41
2022-03-27 22:19:29,536.47
2022-03-27 22:19:34,536.54
2022-03-27 22:19:39,536.63
2022-03-27 22:19:44,536.7
2022-03-27 22:19:49,536.76
2022-03-27 22:19:54,536.86
2022-03-27 22:19:59,536.93
2022-03-27 22:20:04,537.05
2022-03-27 22:20:09,537.05
2022-03-27 22:20:14,537.15
2022-03-27 22:20:19,537.22
2022-03-27 22:20:24,531.0089508643634
2022-03-27 22:20:29,537.34
2022-03-27 22:20:34,530.9788933378576
2022-03-27 22:20:39,537.44
2022-03-27 22:20:44,537.51
2022-03-27 22:20:49,537.57
2022-03-27 22:20:54,537.57
2022-03-27 22:20:59,537.64
2022-03-27 22:21:04,537.64
2022-03-27 22:21:09,537.67
2022-03-27 22:21:14,537.67
2022-03-27 22:21:19,537.67
2022-03-27 22:21:24,537.74
2022-03-27 22:21:29,537.73
2022-03-27 22:21:34,537.74
2022-03-27 22:21:39,537.74
2022-03-27 22:21:44,537.74
2022-03-27 22:21:49,530.7421705041153
2022-03-27 22:21:54,537.74
2022-03-27 22:21:59,537.74
2022-03-27 22:22:04,537.74
2022-03-27 22:22:09,537.74
2022-03-27 22:22:14,537.74
2022-03-27 22:22:19,537.74
2022-03-27 22:22:24,537.67
2022-03-27 22:22:29,537.67
2022-03-27 22:22:34,537.64
2022-03-27 22:22:39,530.5724847782901
2022-03-27 22:22:44,537.64
2022-03-27 22:22:49,537.64
2022-03-27 22:22:54,537.58
2022-03-27 22:22:59,530.5017588964921
2022-03-27 22:23:04,537.51
2022-03-27 22:23:09,537.51
2022-03-27 22:23:14,537.51
2022-03-27 22:23:19,537.45
2022-03-27 22:23:24,537.45
2022-03-27 22:23:29,537.45
2022-03-27 22:23:34,537.39
2022-03-27 22:23:39,537.39
2022-03-27 22:23:44,537.39
2022-03-27 22:23:49,537.39
2022-03-27 22:23:54,537.36
2022-03-27 22:23:59,537.35
2022-03-27 22:24:04,537.36
2022-03-27 22:24:09,537.29
2022-03-27 22:24:14,537.29
2022-03-27 22:24:19,537.29
2022-03-27 22:24:24,537.23
2022-03-27 22:24:29,537.16
2022-03-27 22:24:34,537.17
2022-03-27 22:24:39,537.16
2022-03-27 22:24:44,537.13
2022-03-27 22:24:49,537.13
2022-03-27 22:24:54,537.07
2022-03-27 22:24:59,537.07
2022-03-27 22:25:04,537.07
2022-03-27 22:25:09,537.01
2022-03-27 22:25:14,537.01
2022-03-27 22:25:19,537.01
2022-03-27 22:25:24,536.95
2022-03-27 22:25:29,536.95
2022-03-27 22:25:34,536.88
2022-03-27 22:25:39,536.88
2022-03-27 22:25:44,536.88
2022-03-27 22:25:49,536.85
2022-03-27 22:25:54,536.85
2022-03-27 22:25:59,536.79
2022-03-27 22:26:04,536.72
2022-03-27 22:26:09,536.66
2022-03-27 22:26:14,536.66
2022-03-27 22:26:19,536.63
2022-03-27 22:26:24,536.63
2022-03-27 22:26:29,536.57
2022-03-27 22:26:34,536.57
2022-03-27 22:26:39,536.5
2022-03-27 22:26:44,536.5
2022-03-27 22:26:49,529.5549261729735
2022-03-27 22:26:54,536.34
2022-03-27 22:26:59,536.34
2022-03-27 22:27:04,536.28
2022-03-27 22:27:09,536.28
2022-03-27 22:27:14,536.22
2022-03-27 22:27:19,529.4112466142477
2022-03-27 22:27:24,536.12
2022-03-27 22:27:29,536.12
2022-03-27 22:27:34,536.06
2022-03-27 22:27:39,536.0
2022-03-27 22:27:44,535.93
2022-03-27 22:27:49,535.93
2022-03-27 22:27:54,535.87
2022-03-27 22:27:59,535.84
2022-03-27 22:28:04,535.77
2022-03-27 22:28:09,535.77
2022-03-27 22:28:14,535.71
2022-03-27 22:28:19,535.71
2022-03-27 22:28:24,535.64
2022-03-27 22:28:29,535.62
2022-03-27 22:28:34,535.61
2022-03-27 22:28:39,529.0029350963442
2022-03-27 22:28:44,535.49
2022-03-27 22:28:49,535.49
2022-03-27 22:28:54,535.42
2022-03-27 22:28:59,535.36
2022-03-27 22:29:04,535.36
2022-03-27 22:29:09,535.33
2022-03-27 22:29:14,535.26
2022-03-27 22:29:19,535.2
2022-03-27 22:29:24,535.13
2022-03-27 22:29:29,535.1
2022-03-27 22:29:34,534.97
2022-03-27 22:29:39,534.84
2022-03-27 22:29:44,534.75
2022-03-27 22:29:49,528.61982185405
2022-03-27 22:29:54,534.58
2022-03-27 22:29:59,534.45
2022-03-27 22:30:04,534.33
2022-03-27 22:30:09,534.23
2022-03-27 22:30:14,534.07
2022-03-27 22:30:19,533.94
2022-03-27 22:30:24,533.78
2022-03-27 22:30:29,533.59
2022-03-27 22:30:34,533.49
2022-03-27 22:30:39,533.29
2022-03-27 22:30:44,533.2
2022-03-27 22:30:49,533.07
2022-03-27 22:30:54,532.84
2022-03-27 22:30:59,532.74
2022-03-27 22:31:04,528.1918559072377
2022-03-27 22:31:09,532.45
2022-03-27 22:31:14,532.26
2022-03-27 22:31:19,532.16
2022-03-27 22:31:24,532.03
2022-03-27 22:31:29,528.0468241011257
2022-03-27 22:31:34,531.8
2022-03-27 22:31:39,531.71
2022-03-27 22:31:44,527.9595015059872
2022-03-27 22:31:49,531.42
2022-03-27 22:31:54,531.29
2022-03-27 22:31:59,531.22
2022-03-27 22:32:04,531.06
2022-03-27 22:32:09,527.8137093718736
2022-03-27 22:32:14,530.83
2022-03-27 22:32:19,530.77
2022-03-27 22:32:24,530.67
2022-03-27 22:32:29,530.54
2022-03-27 22:32:34,527.6679133644519
2022-03-27 22:32:39,530.31
2022-03-27 22:32:44,530.25
2022-03-27 22:32:49,530.15
2022-03-27 22:32:54,530.02
2022-03-27 22:32:59,529.86
2022-03-27 22:33:04,529.73
2022-03-27 22:33:09,529.67
2022-03-27 22:33:14,529.63
2022-03-27 22:33:19,529.57
2022-03-27 22:33:24,529.4
2022-03-27 22:33:29,529.34
2022-03-27 22:33:34,529.27
2022-03-27 22:33:39,529.14
2022-03-27 22:33:44,529.11
2022-03-27 22:33:49,528.98
2022-03-27 22:33:54,528.91
2022-03-27 22:33:59,528.82
2022-03-27 22:34:04,528.75
2022-03-27 22:34:09,528.69
2022-03-27 22:34:14,528.59
2022-03-27 22:34:19,528.52
2022-03-27 22:34:24,527.0355537095262
2022-03-27 22:34:29,528.36
2022-03-27 22:34:34,528.23
2022-03-27 22:34:39,528.17
2022-03-27 22:34:44,528.1
2022-03-27 22:34:49,527.94
2022-03-27 22:34:54,527.88
2022-03-27 22:34:59,527.85
2022-03-27 22:35:04,527.72
2022-03-27 22:35:09,527.65
2022-03-27 22:35:14,527.59
2022-03-27 22:35:19,527.49
2022-03-27 22:35:24,527.43
2022-03-27 22:35:29,527.36
2022-03-27 22:35:34,527.33
2022-03-27 22:35:39,527.26
2022-03-27 22:35:44,527.2
2022-03-27 22:35:49,526.5712192198059
2022-03-27 22:35:54,527.14
2022-03-27 22:35:59,527.07
2022-03-27 22:36:04,526.97
2022-03-27 22:36:09,526.91
2022-03-27 22:36:14,526.91
2022-03-27 22:36:19,526.91
2022-03-27 22:36:24,526.85
2022-03-27 22:36:29,526.81
2022-03-27 22:36:34,526.81
2022-03-27 22:36:39,526.75
2022-03-27 22:36:44,526.75
2022-03-27 22:36:49,526.75
2022-03-27 22:36:54,526.75
2022-03-27 22:36:59,526.69
2022-03-27 22:37:04,526.69
2022-03-27 22:37:09,526.1675946168714
2022-03-27 22:37:14,526.75
2022-03-27 22:37:19,526.75
2022-03-27 22:37:24,526.75
2022-03-27 22:37:29,526.75
2022-03-27 22:37:34,526.82
2022-03-27 22:37:39,526.85
2022-03-27 22:37:44,526.85
2022-03-27 22:37:49,525.9817318088959
2022-03-27 22:37:54,525.9593553592587
2022-03-27 22:37:59,527.04
2022-03-27 22:38:04,527.07
2022-03-27 22:38:09,527.14
2022-03-27 22:38:14,527.14
2022-03-27 22:38:19,527.27
2022-03-27 22:38:24,527.33
2022-03-27 22:38:29,527.43
2022-03-27 22:38:34,527.49
2022-03-27 22:38:39,527.56
2022-03-27 22:38:44,527.59
2022-03-27 22:38:49,525.7270511877208
2022-03-27 22:38:54,527.72
2022-03-27 22:38:59,527.85
2022-03-27 22:39:04,527.88
2022-03-27 22:39:09,527.94
2022-03-27 22:39:14,528.07
2022-03-27 22:39:19,528.11
2022-03-27 22:39:24,528.17
2022-03-27 22:39:29,528.24
2022-03-27 22:39:34,528.3
2022-03-27 22:39:39,525.5401120146274
2022-03-27 22:39:44,528.46
2022-03-27 22:39:49,528.53
2022-03-27 22:39:54,528.59
2022-03-27 22:39:59,528.62
2022-03-27 22:40:04,528.69
2022-03-27 22:40:09,528.75
2022-03-27 22:40:14,528.82
2022-03-27 22:40:19,528.88
2022-03-27 22:40:24,528.98
2022-03-27 22:40:29,529.04
2022-03-27 22:40:34,529.11
2022-03-27 22:40:39,529.14
2022-03-27 22:40:44,529.21
2022-03-27 22:40:49,529.27
2022-03-27 22:40:54,529.33
2022-03-27 22:40:59,529.4
2022-03-27 22:41:04,529.43
2022-03-27 22:41:09,529.5
2022-03-27 22:41:14,525.2592001324477
2022-03-27 22:41:19,529.63
2022-03-27 22:41:24,529.62
2022-03-27 22:41:29,529.72
2022-03-27 22:41:34,525.2139296669776
2022-03-27 22:41:39,529.79
2022-03-27 22:41:44,529.85
2022-03-27 22:41:49,529.85
2022-03-27 22:41:54,525.173900831516
2022-03-27 22:41:59,529.92
2022-03-27 22:42:04,529.95
2022-03-27 22:42:09,530.01
2022-03-27 22:42:14,530.08
2022-03-27 22:42:19,530.14
2022-03-27 22:42:24,525.123967305834
2022-03-27 22:42:29,530.18
2022-03-27 22:42:34,530.18
2022-03-27 22:42:39,530.24
2022-03-27 22:42:44,530.3
2022-03-27 22:42:49,530.37
2022-03-27 22:42:54,530.44
2022-03-27 22:42:59,530.43
2022-03-27 22:43:04,530.53
2022-03-27 22:43:09,525.0708551832588
2022-03-27 22:43:14,530.59
2022-03-27 22:43:19,525.0623995343354
2022-03-27 22:43:24,530.69
2022-03-27 22:43:29,530.76
2022-03-27 22:43:34,530.76
2022-03-27 22:43:39,530.89
2022-03-27 22:43:44,530.95
2022-03-27 22:43:49,530.99
2022-03-27 22:43:54,531.11
2022-03-27 22:43:59,531.18
2022-03-27 22:44:04,531.21
2022-03-27 22:44:09,531.34
2022-03-27 22:44:14,531.4
2022-03-27 22:44:19,531.47
2022-03-27 22:44:24,531.57
2022-03-27 22:44:29,531.63
2022-03-27 22:44:34,525.034162619172
2022-03-27 22:44:39,531.79
2022-03-27 22:44:44,531.92
2022-03-27 22:44:49,532.02
2022-03-27 22:44:54,532.08
2022-03-27 22:44:59,525.0373470745114
2022-03-27 22:45:04,532.31
2022-03-27 22:45:09,532.44
2022-03-27 22:45:14,532.51
2022-03-27 22:45:19,532.61
2022-03-27 22:45:24,532.73
2022-03-27 22:45:29,532.83
2022-03-27 22:45:34,533.03
2022-03-27 22:45:39,533.06
2022-03-27 22:45:44,533.25
2022-03-27 22:45:49,533.35
2022-03-27 22:45:54,533.48
2022-03-27 22:45:59,533.58
2022-03-27 22:46:04,533.71
2022-03-27 22:46:09,533.87
2022-03-27 22:46:14,534.0
2022-03-27 22:46:19,534.1
2022-03-27 22:46:24,534.29
2022-03-27 22:46:29,534.39
2022-03-27 22:46:34,534.58
2022-03-27 22:46:39,534.68
2022-03-27 22:46:44,534.81
2022-03-27 22:46:49,534.9
2022-03-27 22:46:54,535.03
2022-03-27 22:46:59,535.13
2022-03-27 22:47:04,535.26
2022-03-27 22:47:09,535.42
2022-03-27 22:47:14,535.55
2022-03-27 22:47:19,535.71
2022-03-27 22:47:24,535.87
2022-03-27 22:47:29,536.0
2022-03-27 22:47:34,536.13
2022-03-27 22:47:39,536.23
2022-03-27 22:47:44,536.39
2022-03-27 22:47:49,536.52
2022-03-27 22:47:54,536.65
2022-03-27 22:47:59,536.81
2022-03-27 22:48:04,536.97
2022-03-27 22:48:09,537.1
2022-03-27 22:48:14,537.26
2022-03-27 22:48:19,525.2306800945481
2022-03-27 22:48:24,537.55
2022-03-27 22:48:29,537.61
2022-03-27 22:48:34,537.77
2022-03-27 22:48:39,537.9
2022-03-27 22:48:44,538.0
2022-03-27 22:48:49,538.19
2022-03-27 22:48:54,538.36
2022-03-27 22:48:59,538.45
2022-03-27 22:49:04,538.58
2022-03-27 22:49:09,538.74
2022-03-27 22:49:14,538.87
2022-03-27 22:49:19,538.97
2022-03-27 22:49:24,539.1
2022-03-27 22:49:29,525.3445275301005
2022-03-27 22:49:34,539.38
2022-03-27 22:49:39,539.48
2022-03-27 22:49:44,539.61
2022-03-27 22:49:49,539.74
2022-03-27 22:49:54,539.9
2022-03-27 22:49:59,539.99
2022-03-27 22:50:04,540.12
2022-03-27 22:50:09,540.25
2022-03-27 22:50:14,540.35
2022-03-27 22:50:19,540.51
2022-03-27 22:50:24,540.63
2022-03-27 22:50:29,540.76
2022-03-27 22:50:34,540.86
2022-03-27 22:50:39,541.02
2022-03-27 22:50:44,541.08
2022-03-27 22:50:49,541.21
2022-03-27 22:50:54,541.31
2022-03-27 22:50:59,541.37
2022-03-27 22:51:04,541.5
2022-03-27 22:51:09,541.59
2022-03-27 22:51:14,541.72
2022-03-27 22:51:19,541.79
2022-03-27 22:51:24,541.88
2022-03-27 22:51:29,541.95
2022-03-27 22:51:34,542.04
2022-03-27 22:51:39,542.04
2022-03-27 22:51:44,542.17
2022-03-27 22:51:49,542.3
2022-03-27 22:51:54,542.29
2022-03-27 22:51:59,525.6086650425291
2022-03-27 22:52:04,542.39
2022-03-27 22:52:09,542.39
2022-03-27 22:52:14,542.45
2022-03-27 22:52:19,542.45
2022-03-27 22:52:24,542.45
2022-03-27 22:52:29,542.45
2022-03-27 22:52:34,542.38
2022-03-27 22:52:39,542.38
2022-03-27 22:52:44,542.38
2022-03-27 22:52:49,542.32
2022-03-27 22:52:54,542.29
2022-03-27 22:52:59,542.22
2022-03-27 22:53:04,542.09
2022-03-27 22:53:09,542.09
2022-03-27 22:53:14,542.02
2022-03-27 22:53:19,541.93
2022-03-27 22:53:24,541.8
2022-03-27 22:53:29,541.7
2022-03-27 22:53:34,541.64
2022-03-27 22:53:39,525.7651492222667
2022-03-27 22:53:44,541.41
2022-03-27 22:53:49,541.25
2022-03-27 22:53:54,541.12
2022-03-27 22:53:59,540.99
2022-03-27 22:54:04,540.77
2022-03-27 22:54:09,540.67
2022-03-27 22:54:14,540.48
2022-03-27 22:54:19,540.31
2022-03-27 22:54:24,540.22
2022-03-27 22:54:29,540.02
2022-03-27 22:54:34,539.86
2022-03-27 22:54:39,539.64
2022-03-27 22:54:44,539.44
2022-03-27 22:54:49,539.28
2022-03-27 22:54:54,538.99
2022-03-27 22:54:59,538.83
2022-03-27 22:55:04,538.67
2022-03-27 22:55:09,538.41
2022-03-27 22:55:14,538.19
2022-03-27 22:55:19,538.09
2022-03-27 22:55:24,537.86
2022-03-27 22:55:29,537.58
2022-03-27 22:55:34,537.38
2022-03-27 22:55:39,537.16
2022-03-27 22:55:44,536.93
2022-03-27 22:55:49,536.71
2022-03-27 22:55:54,536.48
2022-03-27 22:55:59,536.25
2022-03-27 22:56:04,536.09
2022-03-27 22:56:09,525.9050378205392
2022-03-27 22:56:14,535.68
2022-03-27 22:56:19,535.45
2022-03-27 22:56:24,535.22
2022-03-27 22:56:29,535.07
2022-03-27 22:56:34,534.87
2022-03-27 22:56:39,525.9130360777871
2022-03-27 22:56:44,534.42
2022-03-27 22:56:49,525.9140933443476
2022-03-27 22:56:54,534.04
2022-03-27 22:56:59,533.91
2022-03-27 22:57:04,533.68
2022-03-27 22:57:09,525.9138783594805
2022-03-27 22:57:14,533.26
2022-03-27 22:57:19,533.1
2022-03-27 22:57:24,532.94
2022-03-27 22:57:29,532.72
2022-03-27 22:57:34,532.59
2022-03-27 22:57:39,532.43
2022-03-27 22:57:44,532.2
2022-03-27 22:57:49,532.07
2022-03-27 22:57:54,531.98
2022-03-27 22:57:59,531.78
2022-03-27 22:58:04,531.69
2022-03-27 22:58:09,531.49
2022-03-27 22:58:14,531.46
2022-03-27 22:58:19,531.27
2022-03-27 22:58:24,531.17
2022-03-27 22:58:29,531.05
2022-03-27 22:58:34,530.95
2022-03-27 22:58:39,530.82
2022-03-27 22:58:44,530.76
2022-03-27 22:58:49,530.66
2022-03-27 22:58:54,530.6
2022-03-27 22:58:59,530.53
2022-03-27 22:59:04,530.47
2022-03-27 22:59:09,530.44
2022-03-27 22:59:14,530.37
2022-03-27 22:59:19,530.31
2022-03-27 22:59:24,530.31
2022-03-27 22:59:29,530.31
2022-03-27 22:59:34,530.25
2022-03-27 22:59:39,530.31
2022-03-27 22:59:44,530.31
2022-03-27 22:59:49,530.31
2022-03-27 22:59:54,530.31
2022-03-27 22:59:59,530.37
2022-03-27 23:00:04,530.38
2022-03-27 23:00:09,525.7897516833159
2022-03-27 23:00:14,525.7836050043405
2022-03-27 23:00:19,530.54
2022-03-27 23:00:24,530.54
2022-03-27 23:00:29,530.6
2022-03-27 23:00:34,530.7
2022-03-27 23:00:39,530.83
2022-03-27 23:00:44,525.7441864598659
2022-03-27 23:00:49,530.99
2022-03-27 23:00:54,531.12
2022-03-27 23:00:59,525.722923792527
2022-03-27 23:01:04,531.34
2022-03-27 23:01:09,531.48
2022-03-27 23:01:14,531.51
2022-03-27 23:01:19,531.7
2022-03-27 23:01:24,531.79
2022-03-27 23:01:29,531.99
2022-03-27 23:01:34,525.6696091234162
2022-03-27 23:01:39,532.25
2022-03-27 23:01:44,532.37
2022-03-27 23:01:49,532.51
2022-03-27 23:01:54,532.67
2022-03-27 23:01:59,525.6286158600111
2022-03-27 23:02:04,525.6201487433141
2022-03-27 23:02:09,533.02
2022-03-27 23:02:14,533.12
2022-03-27 23:02:19,533.28
2022-03-27 23:02:24,533.41
2022-03-27 23:02:29,525.5765667583671
2022-03-27 23:02:34,533.63
2022-03-27 23:02:39,533.8
2022-03-27 23:02:44,533.93
2022-03-27 23:02:49,534.05
2022-03-27 23:02:54,534.15
2022-03-27 23:02:59,534.28
2022-03-27 23:03:04,534.38
2022-03-27 23:03:09,534.57
2022-03-27 23:03:14,534.67
2022-03-27 23:03:19,534.8
2022-03-27 23:03:24,534.83
2022-03-27 23:03:29,535.02
2022-03-27 23:03:34,535.12
2022-03-27 23:03:39,525.4450320986308
2022-03-27 23:03:44,535.35
2022-03-27 23:03:49,535.41
2022-03-27 23:03:54,525.4153498166687
2022-03-27 23:03:59,535.7
2022-03-27 23:04:04,535.77
2022-03-27 23:04:09,535.87
2022-03-27 23:04:14,536.0
2022-03-27 23:04:19,536.06
2022-03-27 23:04:24,536.16
2022-03-27 23:04:29,536.29
2022-03-27 23:04:34,525.3342546998125
2022-03-27 23:04:39,536.38
2022-03-27 23:04:44,536.52
2022-03-27 23:04:49,536.64
2022-03-27 23:04:54,536.68
2022-03-27 23:04:59,536.74
2022-03-27 23:05:04,536.81
2022-03-27 23:05:09,536.9
2022-03-27 23:05:14,536.97
2022-03-27 23:05:19,537.04
2022-03-27 23:05:24,537.1
2022-03-27 23:05:29,537.17
2022-03-27 23:05:34,537.2
2022-03-27 23:05:39,537.2
2022-03-27 23:05:44,537.27
2022-03-27 23:05:49,537.33
2022-03-27 23:05:54,525.1666022803574
2022-03-27 23:05:59,537.43
2022-03-27 23:06:04,537.43
2022-03-27 23:06:09,537.49
2022-03-27 23:06:14,537.56
2022-03-27 23:06:19,537.62
2022-03-27 23:06:24,537.69
2022-03-27 23:06:29,537.69
2022-03-27 23:06:34,537.72
2022-03-27 23:06:39,525.071255463887
2022-03-27 23:06:44,525.0606906196123
2022-03-27 23:06:49,537.85
2022-03-27 23:06:54,537.91
2022-03-27 23:06:59,537.95
2022-03-27 23:07:04,537.95
2022-03-27 23:07:09,538.01
2022-03-27 23:07:14,538.01
2022-03-27 23:07:19,538.08
2022-03-27 23:07:24,538.14
2022-03-27 23:07:29,538.14
2022-03-27 23:07:34,538.2
2022-03-27 23:07:39,538.24
2022-03-27 23:07:44,538.3
2022-03-27 23:07:49,538.3
2022-03-27 23:07:54,538.36
2022-03-27 23:07:59,538.43
2022-03-27 23:08:04,538.43
2022-03-27 23:08:09,538.46
2022-03-27 23:08:14,538.46
2022-03-27 23:08:19,538.53
2022-03-27 23:08:24,538.59
2022-03-27 23:08:29,538.65
2022-03-27 23:08:34,524.8344503225595
2022-03-27 23:08:39,538.72
2022-03-27 23:08:44,524.8148186583114
2022-03-27 23:08:49,538.81
2022-03-27 23:08:54,538.81
2022-03-27 23:08:59,538.88
2022-03-27 23:09:04,538.88
2022-03-27 23:09:09,538.94
2022-03-27 23:09:14,538.94
2022-03-27 23:09:19,538.97
2022-03-27 23:09:24,539.03
2022-03-27 23:09:29,539.1
2022-03-27 23:09:34,539.16
2022-03-27 23:09:39,539.23
2022-03-27 23:09:44,539.26
2022-03-27 23:09:49,539.32
2022-03-27 23:09:54,524.6842374265493
2022-03-27 23:09:59,539.45
2022-03-27 23:10:04,539.48
2022-03-27 23:10:09,539.61
2022-03-27 23:10:14,539.67
2022-03-27 23:10:19,539.74
2022-03-27 23:10:24,539.77
2022-03-27 23:10:29,539.9
2022-03-27 23:10:34,539.96
2022-03-27 23:10:39,539.99
2022-03-27 23:10:44,540.05
2022-03-27 23:10:49,540.11
2022-03-27 23:10:54,540.18
2022-03-27 23:10:59,524.5762676656716
2022-03-27 23:11:04,540.28
2022-03-27 23:11:09,540.34
2022-03-27 23:11:14,540.47
2022-03-27 23:11:19,540.47
2022-03-27 23:11:24,540.63
2022-03-27 23:11:29,540.63
2022-03-27 23:11:34,540.69
2022-03-27 23:11:39,540.78
2022-03-27 23:11:44,540.78
2022-03-27 23:11:49,540.85
2022-03-27 23:11:54,540.91
2022-03-27 23:11:59,541.01
2022-03-27 23:12:04,541.07
2022-03-27 23:12:09,541.14
2022-03-27 23:12:14,541.26
2022-03-27 23:12:19,541.26
2022-03-27 23:12:24,541.36
2022-03-27 23:12:29,541.49
2022-03-27 23:12:34,541.52
2022-03-27 23:12:39,524.4349025133314
2022-03-27 23:12:44,541.71
2022-03-27 23:12:49,524.4222266871793
2022-03-27 23:12:54,541.87
2022-03-27 23:12:59,541.93
2022-03-27 23:13:04,542.03
2022-03-27 23:13:09,542.03
2022-03-27 23:13:14,542.16
2022-03-27 23:13:19,542.22
2022-03-27 23:13:24,542.38
2022-03-27 23:13:29,542.38
2022-03-27 23:13:34,542.51
2022-03-27 23:13:39,542.55
2022-03-27 23:13:44,542.67
2022-03-27 23:13:49,542.8
2022-03-27 23:13:54,542.83
2022-03-27 23:13:59,542.9
2022-03-27 23:14:04,543.06
2022-03-27 23:14:09,543.13
2022-03-27 23:14:14,543.25
2022-03-27 23:14:19,543.32
2022-03-27 23:14:24,543.42
2022-03-27 23:14:29,543.54
2022-03-27 23:14:34,524.3026005312179
2022-03-27 23:14:39,543.7
2022-03-27 23:14:44,543.86
2022-03-27 23:14:49,543.93
2022-03-27 23:14:54,544.06
2022-03-27 23:14:59,544.09
2022-03-27 23:15:04,544.22
2022-03-27 23:15:09,544.35
2022-03-27 23:15:14,544.38
2022-03-27 23:15:19,544.57
2022-03-27 23:15:24,544.61
2022-03-27 23:15:29,544.74
2022-03-27 23:15:34,544.87
2022-03-27 23:15:39,544.9
2022-03-27 23:15:44,545.02
2022-03-27 23:15:49,545.09
2022-03-27 23:15:54,545.19
2022-03-27 23:15:59,524.2205856271372
2022-03-27 23:16:04,545.32
2022-03-27 23:16:09,545.41
2022-03-27 23:16:14,524.2071856352164
2022-03-27 23:16:19,545.61
2022-03-27 23:16:24,545.64
2022-03-27 23:16:29,545.71
2022-03-27 23:16:34,545.77
2022-03-27 23:16:39,545.83
2022-03-27 23:16:44,545.9
2022-03-27 23:16:49,545.93
2022-03-27 23:16:54,546.0
2022-03-27 23:16:59,546.06
2022-03-27 23:17:04,546.06
2022-03-27 23:17:09,546.13
2022-03-27 23:17:14,546.13
2022-03-27 23:17:19,546.22
2022-03-27 23:17:24,546.22
2022-03-27 23:17:29,546.23
2022-03-27 23:17:34,546.29
2022-03-27 23:17:39,546.29
2022-03-27 23:17:44,546.29
2022-03-27 23:17:49,546.29
2022-03-27 23:17:54,546.36
2022-03-27 23:17:59,546.29
2022-03-27 23:18:04,546.29
2022-03-27 23:18:09,546.29
2022-03-27 23:18:14,546.16
2022-03-27 23:18:19,546.16
2022-03-27 23:18:24,546.16
2022-03-27 23:18:29,546.13
2022-03-27 23:18:34,546.0
2022-03-27 23:18:39,545.94
2022-03-27 23:18:44,545.91
2022-03-27 23:18:49,545.84
2022-03-27 23:18:54,545.78
2022-03-27 23:18:59,545.65
2022-03-27 23:19:04,545.55
2022-03-27 23:19:09,545.42
2022-03-27 23:19:14,545.33
2022-03-27 23:19:19,545.2
2022-03-27 23:19:24,545.1
2022-03-27 23:19:29,544.97
2022-03-27 23:19:34,544.81
2022-03-27 23:19:39,544.62
2022-03-27 23:19:44,544.53
2022-03-27 23:19:49,544.36
2022-03-27 23:19:54,524.0313013592478
2022-03-27 23:19:59,544.11
2022-03-27 23:20:04,543.88
2022-03-27 23:20:09,543.78
2022-03-27 23:20:14,543.56
2022-03-27 23:20:19,543.43
2022-03-27 23:20:24,543.21
2022-03-27 23:20:29,543.05
2022-03-27 23:20:34,542.92
2022-03-27 23:20:39,542.76
2022-03-27 23:20:44,542.57
2022-03-27 23:20:49,542.47
2022-03-27 23:20:54,542.24
2022-03-27 23:20:59,542.05
2022-03-27 23:21:04,541.95
2022-03-27 23:21:09,541.73
2022-03-27 23:21:14,541.5
2022-03-27 23:21:19,541.31
2022-03-27 23:21:24,541.15
2022-03-27 23:21:29,523.95754891682
2022-03-27 23:21:34,540.77
2022-03-27 23:21:39,540.57
2022-03-27 23:21:44,540.35
2022-03-27 23:21:49,540.12
2022-03-27 23:21:54,539.96
2022-03-27 23:21:59,539.74
2022-03-27 23:22:04,539.48
2022-03-27 23:22:09,539.25
2022-03-27 23:22:14,539.09
2022-03-27 23:22:19,538.87
2022-03-27 23:22:24,538.64
2022-03-27 23:22:29,538.45
2022-03-27 23:22:34,538.23
2022-03-27 23:22:39,538.07
2022-03-27 23:22:44,537.9
2022-03-27 23:22:49,537.71
2022-03-27 23:22:54,537.49
2022-03-27 23:22:59,537.26
2022-03-27 23:23:04,537.17
2022-03-27 23:23:09,536.98
2022-03-27 23:23:14,536.81
2022-03-27 23:23:19,536.69
2022-03-27 23:23:24,536.59
2022-03-27 23:23:29,536.4
2022-03-27 23:23:34,536.3
2022-03-27 23:23:39,536.17
2022-03-27 23:23:44,536.08
2022-03-27 23:23:49,535.95
2022-03-27 23:23:54,535.86
2022-03-27 23:23:59,535.79
2022-03-27 23:24:04,535.66
2022-03-27 23:24:09,523.8171875807385
2022-03-27 23:24:14,535.57
2022-03-27 23:24:19,535.5
2022-03-27 23:24:24,535.44
2022-03-27 23:24:29,535.38
2022-03-27 23:24:34,535.35
2022-03-27 23:24:39,523.78703987409
2022-03-27 23:24:44,535.35
2022-03-27 23:24:49,535.28
2022-03-27 23:24:54,535.28
2022-03-27 23:24:59,535.22
2022-03-27 23:25:04,535.22
2022-03-27 23:25:09,535.22
2022-03-27 23:25:14,535.22
2022-03-27 23:25:19,535.22
2022-03-27 23:25:24,535.22
2022-03-27 23:25:29,535.22
2022-03-27 23:25:34,535.29
2022-03-27 23:25:39,535.35
2022-03-27 23:25:44,535.35
2022-03-27 23:25:49,535.39
2022-03-27 23:25:54,535.39
2022-03-27 23:25:59,523.7007430884374
2022-03-27 23:26:04,535.45
2022-03-27 23:26:09,535.52
2022-03-27 23:26:14,535.58
2022-03-27 23:26:19,535.58
2022-03-27 23:26:24,535.64
2022-03-27 23:26:29,535.68
2022-03-27 23:26:34,535.67
2022-03-27 23:26:39,535.74
2022-03-27 23:26:44,535.81
2022-03-27 23:26:49,535.81
2022-03-27 23:26:54,535.9
2022-03-27 23:26:59,535.9
2022-03-27 23:27:04,523.6263792804382
2022-03-27 23:27:09,536.1
2022-03-27 23:27:14,536.16
2022-03-27 23:27:19,523.6089192429748
2022-03-27 23:27:24,536.26
2022-03-27 23:27:29,523.5972452126458
2022-03-27 23:27:34,536.38
2022-03-27 23:27:39,536.42
2022-03-27 23:27:44,523.579702038705
2022-03-27 23:27:49,536.61
2022-03-27 23:27:54,536.67
2022-03-27 23:27:59,536.7
2022-03-27 23:28:04,523.5562908141401
2022-03-27 23:28:09,536.89
2022-03-27 23:28:14,536.93
2022-03-27 23:28:19,537.06
2022-03-27 23:28:24,537.05
2022-03-27 23:28:29,537.12
2022-03-27 23:28:34,537.18
2022-03-27 23:28:39,537.28
2022-03-27 23:28:44,537.28
2022-03-27 23:28:49,537.41
2022-03-27 23:28:54,537.44
2022-03-27 23:28:59,537.44
2022-03-27 23:29:04,537.5
2022-03-27 23:29:09,537.57
2022-03-27 23:29:14,537.69
2022-03-27 23:29:19,537.73
2022-03-27 23:29:24,537.73
2022-03-27 23:29:29,537.85
2022-03-27 23:29:34,523.4522104018052
2022-03-27 23:29:39,537.92
2022-03-27 23:29:44,537.95
2022-03-27 23:29:49,538.01
2022-03-27 23:29:54,538.07
2022-03-27 23:29:59,538.14
2022-03-27 23:30:04,538.2
2022-03-27 23:30:09,538.2
2022-03-27 23:30:14,538.23
2022-03-27 23:30:19,538.29
2022-03-27 23:30:24,538.29
2022-03-27 23:30:29,538.42
2022-03-27 23:30:34,538.42
2022-03-27 23:30:39,538.45
2022-03-27 23:30:44,538.45
2022-03-27 23:30:49,523.3699458439744
2022-03-27 23:30:54,538.58
2022-03-27 23:30:59,538.64
2022-03-27 23:31:04,538.71
2022-03-27 23:31:09,538.74
2022-03-27 23:31:14,538.8
2022-03-27 23:31:19,538.87
2022-03-27 23:31:24,538.87
2022-03-27 23:31:29,538.93
2022-03-27 23:31:34,538.96
2022-03-27 23:31:39,539.02
2022-03-27 23:31:44,539.09
2022-03-27 23:31:49,539.15
2022-03-27 23:31:54,539.22
2022-03-27 23:31:59,539.22
2022-03-27 23:32:04,539.31
2022-03-27 23:32:09,539.38
2022-03-27 23:32:14,539.38
2022-03-27 23:32:19,539.48
2022-03-27 23:32:24,539.54
2022-03-27 23:32:29,539.54
2022-03-27 23:32:34,539.6
2022-03-27 23:32:39,539.67
2022-03-27 23:32:44,523.2593981373966
2022-03-27 23:32:49,539.77
2022-03-27 23:32:54,539.83
2022-03-27 23:32:59,539.89
2022-03-27 23:33:04,539.96
2022-03-27 23:33:09,539.99
2022-03-27 23:33:14,523.2348681078645
2022-03-27 23:33:19,540.11
2022-03-27 23:33:24,540.18
2022-03-27 23:33:29,540.25
2022-03-27 23:33:34,540.25
2022-03-27 23:33:39,540.28
2022-03-27 23:33:44,540.41
2022-03-27 23:33:49,540.47
2022-03-27 23:33:54,540.51
2022-03-27 23:33:59,540.57
2022-03-27 23:34:04,540.57
2022-03-27 23:34:09,540.63
2022-03-27 23:34:14,540.7
2022-03-27 23:34:19,540.76
2022-03-27 23:34:24,540.76
2022-03-27 23:34:29,540.86
2022-03-27 23:34:34,523.18066285201
2022-03-27 23:34:39,523.1778778424934
2022-03-27 23:34:44,541.02
2022-03-27 23:34:49,541.02
2022-03-27 23:34:54,541.09
2022-03-27 23:34:59,541.15
2022-03-27 23:35:04,541.22
2022-03-27 23:35:09,541.28
2022-03-27 23:35:14,523.1605799838293
2022-03-27 23:35:19,541.38
2022-03-27 23:35:24,523.1563723032841
2022-03-27 23:35:29,541.44
2022-03-27 23:35:34,541.51
2022-03-27 23:35:39,541.54
2022-03-27 23:35:44,541.6
2022-03-27 23:35:49,541.6
2022-03-27 23:35:54,541.67
2022-03-27 23:35:59,541.73
2022-03-27 23:36:04,541.73
2022-03-27 23:36:09,541.8
2022-03-27 23:36:14,541.83
2022-03-27 23:36:19,523.1395157328251
2022-03-27 23:36:24,541.96
2022-03-27 23:36:29,523.1376551100299
2022-03-27 23:36:34,542.02
2022-03-27 23:36:39,542.05
2022-03-27 23:36:44,542.12
2022-03-27 23:36:49,542.12
2022-03-27 23:36:54,542.25
2022-03-27 23:36:59,542.18
2022-03-27 23:37:04,542.25
2022-03-27 23:37:09,542.24
2022-03-27 23:37:14,542.24
2022-03-27 23:37:19,542.24
2022-03-27 23:37:24,542.3
2022-03-27 23:37:29,542.33
2022-03-27 23:37:34,542.34
2022-03-27 23:37:39,542.4
2022-03-27 23:37:44,542.4
2022-03-27 23:37:49,542.4
2022-03-27 23:37:54,542.4
2022-03-27 23:37:59,542.4
2022-03-27 23:38:04,542.46
2022-03-27 23:38:09,523.141712219578
2022-03-27 23:38:14,542.53
2022-03-27 23:38:19,542.56
2022-03-27 23:38:24,542.55
2022-03-27 23:38:29,542.55
2022-03-27 23:38:34,542.55
2022-03-27 23:38:39,523.1516317713089
2022-03-27 23:38:44,542.62
2022-03-27 23:38:49,542.62
2022-03-27 23:38:54,542.62
2022-03-27 23:38:59,542.61
2022-03-27 23:39:04,542.68
2022-03-27 23:39:09,542.68
2022-03-27 23:39:14,542.68
2022-03-27 23:39:19,542.74
2022-03-27 23:39:24,542.74
2022-03-27 23:39:29,542.74
2022-03-27 23:39:34,542.74
2022-03-27 23:39:39,542.74
2022-03-27 23:39:44,523.1866881560652
2022-03-27 23:39:49,542.74
2022-03-27 23:39:54,542.74
2022-03-27 23:39:59,542.73
2022-03-27 23:40:04,542.8
2022-03-27 23:40:09,542.73
2022-03-27 23:40:14,542.73
2022-03-27 23:40:19,542.8
2022-03-27 23:40:24,523.2164332487762
2022-03-27 23:40:29,542.79
2022-03-27 23:40:34,542.79
2022-03-27 23:40:39,523.2290076548092
2022-03-27 23:40:44,542.72
2022-03-27 23:40:49,542.78
2022-03-27 23:40:54,542.78
2022-03-27 23:40:59,542.72
2022-03-27 23:41:04,523.2515365453233
2022-03-27 23:41:09,542.72
2022-03-27 23:41:14,542.72
2022-03-27 23:41:19,542.71
2022-03-27 23:41:24,542.71
2022-03-27 23:41:29,542.71
2022-03-27 23:41:34,542.65
2022-03-27 23:41:39,542.65
2022-03-27 23:41:44,542.65
2022-03-27 23:41:49,542.58
2022-03-27 23:41:54,542.65
2022-03-27 23:41:59,542.64
2022-03-27 23:42:04,542.64
2022-03-27 23:42:09,542.58
2022-03-27 23:42:14,542.51
2022-03-27 23:42:19,542.51
2022-03-27 23:42:24,542.51
2022-03-27 23:42:29,542.48
2022-03-27 23:42:34,542.48
2022-03-27 23:42:39,542.48
2022-03-27 23:42:44,542.41
2022-03-27 23:42:49,542.41
2022-03-27 23:42:54,542.35
2022-03-27 23:42:59,542.35
2022-03-27 23:43:04,542.28
2022-03-27 23:43:09,523.3878598555268
2022-03-27 23:43:14,542.25
2022-03-27 23:43:19,542.25
2022-03-27 23:43:24,542.19
2022-03-27 23:43:29,542.12
2022-03-27 23:43:34,542.12
2022-03-27 23:43:39,542.06
2022-03-27 23:43:44,542.06
2022-03-27 23:43:49,541.99
2022-03-27 23:43:54,541.96
2022-03-27 23:43:59,541.9
2022-03-27 23:44:04,541.9
2022-03-27 23:44:09,541.9
2022-03-27 23:44:14,541.77
2022-03-27 23:44:19,541.77
2022-03-27 23:44:24,541.73
2022-03-27 23:44:29,541.74
2022-03-27 23:44:34,541.67
2022-03-27 23:44:39,541.61
2022-03-27 23:44:44,523.5082803991484
2022-03-27 23:44:49,541.54
2022-03-27 23:44:54,541.48
2022-03-27 23:44:59,541.48
2022-03-27 23:45:04,523.5344498709039
2022-03-27 23:45:09,541.38
2022-03-27 23:45:14,541.45
2022-03-27 23:45:19,541.32
2022-03-27 23:45:24,523.5607017456726
2022-03-27 23:45:29,541.25
2022-03-27 23:45:34,541.22
2022-03-27 23:45:39,541.16
2022-03-27 23:45:44,541.09
2022-03-27 23:45:49,541.03
2022-03-27 23:45:54,523.6000376341093
2022-03-27 23:45:59,541.03
2022-03-27 23:46:04,523.6130935191229
2022-03-27 23:46:09,540.93
2022-03-27 23:46:14,540.87
2022-03-27 23:46:19,540.87
2022-03-27 23:46:24,540.8
2022-03-27 23:46:29,540.74
2022-03-27 23:46:34,540.71
2022-03-27 23:46:39,540.71
2022-03-27 23:46:44,523.6647373492443
2022-03-27 23:46:49,540.58
2022-03-27 23:46:54,540.52
2022-03-27 23:46:59,540.45
2022-03-27 23:47:04,540.45
2022-03-27 23:47:09,540.45
2022-03-27 23:47:14,540.42
2022-03-27 23:47:19,540.36
2022-03-27 23:47:24,540.29
2022-03-27 23:47:29,540.36
2022-03-27 23:47:34,540.29
2022-03-27 23:47:39,540.23
2022-03-27 23:47:44,540.2
2022-03-27 23:47:49,540.19
2022-03-27 23:47:54,540.13
2022-03-27 23:47:59,540.13
2022-03-27 23:48:04,540.07
2022-03-27 23:48:09,540.07
2022-03-27 23:48:14,540.07
2022-03-27 23:48:19,540.0
2022-03-27 23:48:24,540.01
2022-03-27 23:48:29,539.94
2022-03-27 23:48:34,539.94
2022-03-27 23:48:39,539.91
2022-03-27 23:48:44,539.91
2022-03-27 23:48:49,539.91
2022-03-27 23:48:54,539.84
2022-03-27 23:48:59,539.84
2022-03-27 23:49:04,539.84
2022-03-27 23:49:09,539.84
2022-03-27 23:49:14,539.78
2022-03-27 23:49:19,539.78
2022-03-27 23:49:24,539.78
2022-03-27 23:49:29,539.78
2022-03-27 23:49:34,539.78
2022-03-27 23:49:39,539.72
2022-03-27 23:49:44,539.72
2022-03-27 23:49:49,539.78
2022-03-27 23:49:54,539.72
2022-03-27 23:49:59,539.69
2022-03-27 23:50:04,539.69
2022-03-27 23:50:09,539.69
2022-03-27 23:50:14,539.69
2022-03-27 23:50:19,539.69
2022-03-27 23:50:24,539.69
2022-03-27 23:50:29,539.62
2022-03-27 23:50:34,539.69
2022-03-27 23:50:39,539.62
2022-03-27 23:50:44,539.62
2022-03-27 23:50:49,539.62
2022-03-27 23:50:54,539.62
2022-03-27 23:50:59,539.62
2022-03-27 23:51:04,539.63
2022-03-27 23:51:09,539.63
2022-03-27 23:51:14,539.63
2022-03-27 23:51:19,539.63
2022-03-27 23:51:24,539.63
2022-03-27 23:51:29,539.63
2022-03-27 23:51:34,539.63
2022-03-27 23:51:39,539.63
2022-03-27 23:51:44,539.63
2022-03-27 23:51:49,539.56
2022-03-27 23:51:54,539.63
2022-03-27 23:51:59,539.63
2022-03-27 23:52:04,539.63
2022-03-27 23:52:09,539.63
2022-03-27 23:52:14,539.63
2022-03-27 23:52:19,539.63
2022-03-27 23:52:24,539.63
2022-03-27 23:52:29,539.63
2022-03-27 23:52:34,539.63
2022-03-27 23:52:39,539.7
2022-03-27 23:52:44,523.9773735487857
2022-03-27 23:52:49,539.7
2022-03-27 23:52:54,539.7
2022-03-27 23:52:59,539.7
2022-03-27 23:53:04,539.73
2022-03-27 23:53:09,539.74
2022-03-27 23:53:14,539.7
2022-03-27 23:53:19,539.74
2022-03-27 23:53:24,539.74
2022-03-27 23:53:29,539.74
2022-03-27 23:53:34,523.9834189308945
2022-03-27 23:53:39,539.8
2022-03-27 23:53:44,539.87
2022-03-27 23:53:49,539.87
2022-03-27 23:53:54,539.87
2022-03-27 23:53:59,539.87
2022-03-27 23:54:04,539.93
2022-03-27 23:54:09,539.97
2022-03-27 23:54:14,539.97
2022-03-27 23:54:19,540.03
2022-03-27 23:54:24,540.1
2022-03-27 23:54:29,540.1
2022-03-27 23:54:34,540.16
2022-03-27 23:54:39,540.16
2022-03-27 23:54:44,540.16
2022-03-27 23:54:49,540.23
2022-03-27 23:54:54,540.26
2022-03-27 23:54:59,540.33
2022-03-27 23:55:04,540.39
2022-03-27 23:55:09,540.46
2022-03-27 23:55:14,540.49
2022-03-27 23:55:19,540.49
2022-03-27 23:55:24,540.55
2022-03-27 23:55:29,540.62
2022-03-27 23:55:34,540.62
2022-03-27 23:55:39,540.62
2022-03-27 23:55:44,540.68
2022-03-27 23:55:49,540.68
2022-03-27 23:55:54,540.75
2022-03-27 23:55:59,540.74
2022-03-27 23:56:04,540.77
2022-03-27 23:56:09,540.84
2022-03-27 23:56:14,523.955737465384
2022-03-27 23:56:19,540.97
2022-03-27 23:56:24,540.97
2022-03-27 23:56:29,541.0
2022-03-27 23:56:34,541.0
2022-03-27 23:56:39,541.07
2022-03-27 23:56:44,541.13
2022-03-27 23:56:49,541.13
2022-03-27 23:56:54,541.2
2022-03-27 23:56:59,541.26
2022-03-27 23:57:04,541.26
2022-03-27 23:57:09,541.29
2022-03-27 23:57:14,541.35
2022-03-27 23:57:19,541.29
2022-03-27 23:57:24,541.42
2022-03-27 23:57:29,541.42
2022-03-27 23:57:34,541.48
2022-03-27 23:57:39,541.52
2022-03-27 23:57:44,541.48
2022-03-27 23:57:49,523.9283188307816
2022-03-27 23:57:54,541.51
2022-03-27 23:57:59,541.58
2022-03-27 23:58:04,541.64
2022-03-27 23:58:09,541.64
2022-03-27 23:58:14,541.64
2022-03-27 23:58:19,523.9212759105287
2022-03-27 23:58:24,523.9202480650804
2022-03-27 23:58:29,541.76
2022-03-27 23:58:34,541.76
2022-03-27 23:58:39,541.79
2022-03-27 23:58:44,541.76
2022-03-27 23:58:49,541.8
2022-03-27 23:58:54,541.8
2022-03-27 23:58:59,541.86
2022-03-27 23:59:04,523.9139455815248
2022-03-27 23:59:09,541.86
2022-03-27 23:59:14,541.79
2022-03-27 23:59:19,523.9126158484632
2022-03-27 23:59:24,541.76
2022-03-27 23:59:29,541.69
2022-03-27 23:59:34,541.69
2022-03-27 23:59:39,541.69
2022-03-27 23:59:44,541.56
2022-03-27 23:59:49,541.5
2022-03-27 23:59:54,541.5
2022-03-27 23:59:59,541.47
2022-03-28 00:00:04,541.46
2022-03-28 00:00:09,541.4
2022-03-28 00:00:14,541.4
2022-03-28 00:00:19,541.34
2022-03-28 00:00:24,541.27
2022-03-28 00:00:29,541.27
2022-03-28 00:00:34,541.23
2022-03-28 00:00:39,541.24
2022-03-28 00:00:44,541.17
2022-03-28 00:00:49,541.17
2022-03-28 00:00:54,541.11
2022-03-28 00:00:59,541.04
2022-03-28 00:01:04,540.98
2022-03-28 00:01:09,540.94
2022-03-28 00:01:14,540.94
2022-03-28 00:01:19,540.88
2022-03-28 00:01:24,540.82
2022-03-28 00:01:29,540.82
2022-03-28 00:01:34,540.75
2022-03-28 00:01:39,540.72
2022-03-28 00:01:44,540.72
2022-03-28 00:01:49,540.65
2022-03-28 00:01:54,540.59
2022-03-28 00:01:59,540.52
2022-03-28 00:02:04,540.52
2022-03-28 00:02:09,540.52
2022-03-28 00:02:14,540.46
2022-03-28 00:02:19,540.42
2022-03-28 00:02:24,540.42
2022-03-28 00:02:29,523.9741812954663
2022-03-28 00:02:34,523.9783993944967
2022-03-28 00:02:39,540.3
2022-03-28 00:02:44,540.23
2022-03-28 00:02:49,540.23
2022-03-28 00:02:54,540.23
2022-03-28 00:02:59,540.2
2022-03-28 00:03:04,540.2
2022-03-28 00:03:09,540.13
2022-03-28 00:03:14,540.07
2022-03-28 00:03:19,524.0240328763917
2022-03-28 00:03:24,539.94
2022-03-28 00:03:29,539.91
2022-03-28 00:03:34,539.85
2022-03-28 00:03:39,539.78
2022-03-28 00:03:44,539.69
2022-03-28 00:03:49,539.69
2022-03-28 00:03:54,539.56
2022-03-28 00:03:59,539.5
2022-03-28 00:04:04,539.4
2022-03-28 00:04:09,539.4
2022-03-28 00:04:14,539.27
2022-03-28 00:04:19,539.27
2022-03-28 00:04:24,539.11
2022-03-28 00:04:29,539.05
2022-03-28 00:04:34,524.1342612675904
2022-03-28 00:04:39,538.92
2022-03-28 00:04:44,538.89
2022-03-28 00:04:49,538.76
2022-03-28 00:04:54,538.69
2022-03-28 00:04:59,538.66
2022-03-28 00:05:04,538.6
2022-03-28 00:05:09,538.53
2022-03-28 00:05:14,538.47
2022-03-28 00:05:19,538.4
2022-03-28 00:05:24,538.31
2022-03-28 00:05:29,538.24
2022-03-28 00:05:34,538.18
2022-03-28 00:05:39,538.15
2022-03-28 00:05:44,538.08
2022-03-28 00:05:49,538.01
2022-03-28 00:05:54,537.95
2022-03-28 00:05:59,524.3194749096222
2022-03-28 00:06:04,537.85
2022-03-28 00:06:09,537.79
2022-03-28 00:06:14,537.72
2022-03-28 00:06:19,537.66
2022-03-28 00:06:24,537.66
2022-03-28 00:06:29,537.56
2022-03-28 00:06:34,537.56
2022-03-28 00:06:39,537.5
2022-03-28 00:06:44,537.5
2022-03-28 00:06:49,537.43
2022-03-28 00:06:54,537.37
2022-03-28 00:06:59,537.37
2022-03-28 00:07:04,537.34
2022-03-28 00:07:09,537.27
2022-03-28 00:07:14,537.27
2022-03-28 00:07:19,537.2
2022-03-28 00:07:24,537.2
2022-03-28 00:07:29,537.14
2022-03-28 00:07:34,537.14
2022-03-28 00:07:39,537.11
2022-03-28 00:07:44,537.11
2022-03-28 00:07:49,537.04
2022-03-28 00:07:54,537.04
2022-03-28 00:07:59,524.7082044307676
2022-03-28 00:08:04,536.97
2022-03-28 00:08:09,536.97
2022-03-28 00:08:14,524.7673965278125
2022-03-28 00:08:19,536.97
2022-03-28 00:08:24,536.9
2022-03-28 00:08:29,536.9
2022-03-28 00:08:34,536.9
2022-03-28 00:08:39,536.84
2022-03-28 00:08:44,536.84
2022-03-28 00:08:49,536.8
2022-03-28 00:08:54,536.8
2022-03-28 00:08:59,536.8
2022-03-28 00:09:04,536.74
2022-03-28 00:09:09,525.003489478543
2022-03-28 00:09:14,536.67
2022-03-28 00:09:19,536.67
2022-03-28 00:09:24,536.6
2022-03-28 00:09:29,536.6
2022-03-28 00:09:34,536.57
2022-03-28 00:09:39,536.5
2022-03-28 00:09:44,536.57
2022-03-28 00:09:49,536.5
2022-03-28 00:09:54,536.44
2022-03-28 00:09:59,536.43
2022-03-28 00:10:04,536.43
2022-03-28 00:10:09,536.37
2022-03-28 00:10:14,536.37
2022-03-28 00:10:19,536.37
2022-03-28 00:10:24,536.3
2022-03-28 00:10:29,536.27
2022-03-28 00:10:34,536.27
2022-03-28 00:10:39,536.27
2022-03-28 00:10:44,536.26
2022-03-28 00:10:49,536.26
2022-03-28 00:10:54,536.2
2022-03-28 00:10:59,536.2
2022-03-28 00:11:04,536.2
2022-03-28 00:11:09,536.13
2022-03-28 00:11:14,536.2
2022-03-28 00:11:19,536.19
2022-03-28 00:11:24,536.19
2022-03-28 00:11:29,536.13
2022-03-28 00:11:34,536.13
2022-03-28 00:11:39,525.7890688243003
2022-03-28 00:11:44,536.19
2022-03-28 00:11:49,536.19
2022-03-28 00:11:54,536.13
2022-03-28 00:11:59,536.19
2022-03-28 00:12:04,536.12
2022-03-28 00:12:09,536.19
2022-03-28 00:12:14,536.19
2022-03-28 00:12:19,536.19
2022-03-28 00:12:24,536.19
2022-03-28 00:12:29,536.19
2022-03-28 00:12:34,536.19
2022-03-28 00:12:39,536.19
2022-03-28 00:12:44,536.19
2022-03-28 00:12:49,536.25
2022-03-28 00:12:54,536.18
2022-03-28 00:12:59,536.25
2022-03-28 00:13:04,536.18
2022-03-28 00:13:09,536.25
2022-03-28 00:13:14,536.28
2022-03-28 00:13:19,536.28
2022-03-28 00:13:24,536.28
2022-03-28 00:13:29,536.28
2022-03-28 00:13:34,536.28
2022-03-28 00:13:39,526.550472947571
2022-03-28 00:13:44,536.41
2022-03-28 00:13:49,536.41
2022-03-28 00:13:54,536.47
2022-03-28 00:13:59,536.47
2022-03-28 00:14:04,536.53
2022-03-28 00:14:09,536.47
2022-03-28 00:14:14,536.57
2022-03-28 00:14:19,536.63
2022-03-28 00:14:24,536.63
2022-03-28 00:14:29,536.7
2022-03-28 00:14:34,536.76
2022-03-28 00:14:39,536.79
2022-03-28 00:14:44,536.79
2022-03-28 00:14:49,536.86
2022-03-28 00:14:54,536.92
2022-03-28 00:14:59,536.92
2022-03-28 00:15:04,536.99
2022-03-28 00:15:09,536.99
2022-03-28 00:15:14,537.05
2022-03-28 00:15:19,537.08
2022-03-28 00:15:24,537.08
2022-03-28 00:15:29,537.15
2022-03-28 00:15:34,537.21
2022-03-28 00:15:39,537.28
2022-03-28 00:15:44,537.28
2022-03-28 00:15:49,537.31
2022-03-28 00:15:54,537.37
2022-03-28 00:15:59,537.44
2022-03-28 00:16:04,537.44
2022-03-28 00:16:09,537.5
2022-03-28 00:16:14,537.56
2022-03-28 00:16:19,537.6
2022-03-28 00:16:24,537.66
2022-03-28 00:16:29,527.797727154508
2022-03-28 00:16:34,537.72
2022-03-28 00:16:39,537.79
2022-03-28 00:16:44,537.88
2022-03-28 00:16:49,537.88
2022-03-28 00:16:54,537.94
2022-03-28 00:16:59,538.01
2022-03-28 00:17:04,538.01
2022-03-28 00:17:09,538.07
2022-03-28 00:17:14,538.11
2022-03-28 00:17:19,538.17
2022-03-28 00:17:24,528.2369413889069
2022-03-28 00:17:29,538.3
2022-03-28 00:17:34,538.33
2022-03-28 00:17:39,538.33
2022-03-28 00:17:44,538.39
2022-03-28 00:17:49,538.45
2022-03-28 00:17:54,538.52
2022-03-28 00:17:59,528.5242544932387
2022-03-28 00:18:04,538.61
2022-03-28 00:18:09,538.74
2022-03-28 00:18:14,538.74
2022-03-28 00:18:19,538.84
2022-03-28 00:18:24,538.9
2022-03-28 00:18:29,528.7749962014826
2022-03-28 00:18:34,539.03
2022-03-28 00:18:39,539.03
2022-03-28 00:18:44,528.9018316622752
2022-03-28 00:18:49,539.12
2022-03-28 00:18:54,539.19
2022-03-28 00:18:59,539.25
2022-03-28 00:19:04,539.31
2022-03-28 00:19:09,539.31
2022-03-28 00:19:14,539.41
2022-03-28 00:19:19,539.4
2022-03-28 00:19:24,539.47
2022-03-28 00:19:29,539.53
2022-03-28 00:19:34,539.53
2022-03-28 00:19:39,539.6
2022-03-28 00:19:44,539.63
2022-03-28 00:19:49,539.63
2022-03-28 00:19:54,529.5055781670237
2022-03-28 00:19:59,539.75
2022-03-28 00:20:04,529.5933026162683
2022-03-28 00:20:09,539.81
2022-03-28 00:20:14,539.85
2022-03-28 00:20:19,539.91
2022-03-28 00:20:24,539.91
2022-03-28 00:20:29,539.91
2022-03-28 00:20:34,529.8584834084811
2022-03-28 00:20:39,540.03
2022-03-28 00:20:44,540.09
2022-03-28 00:20:49,540.09
2022-03-28 00:20:54,540.12
2022-03-28 00:20:59,540.19
2022-03-28 00:21:04,540.19
2022-03-28 00:21:09,540.25
2022-03-28 00:21:14,530.2164499008786
2022-03-28 00:21:19,540.34
2022-03-28 00:21:24,540.41
2022-03-28 00:21:29,540.47
2022-03-28 00:21:34,540.53
2022-03-28 00:21:39,540.53
2022-03-28 00:21:44,530.4880770578205
2022-03-28 00:21:49,540.63
2022-03-28 00:21:54,540.76
2022-03-28 00:21:59,540.75
2022-03-28 00:22:04,540.82
2022-03-28 00:22:09,530.7164307758225
2022-03-28 00:22:14,530.7623148924786
2022-03-28 00:22:19,540.98
2022-03-28 00:22:24,541.04
2022-03-28 00:22:29,530.9003871429612
2022-03-28 00:22:34,541.1
2022-03-28 00:22:39,530.9927814239353
2022-03-28 00:22:44,541.13
2022-03-28 00:22:49,541.2
2022-03-28 00:22:54,541.26
2022-03-28 00:22:59,541.26
2022-03-28 00:23:04,541.26
2022-03-28 00:23:09,531.2715921466236
2022-03-28 00:23:14,541.36
2022-03-28 00:23:19,541.42
2022-03-28 00:23:24,541.35
2022-03-28 00:23:29,541.42
2022-03-28 00:23:34,531.5057543740396
2022-03-28 00:23:39,541.48
2022-03-28 00:23:44,541.48
2022-03-28 00:23:49,541.48
2022-03-28 00:23:54,541.48
2022-03-28 00:23:59,541.54
2022-03-28 00:24:04,541.48
2022-03-28 00:24:09,541.54
2022-03-28 00:24:14,541.54
2022-03-28 00:24:19,541.61
2022-03-28 00:24:24,541.61
2022-03-28 00:24:29,541.64
2022-03-28 00:24:34,532.0741967082278
2022-03-28 00:24:39,541.61
2022-03-28 00:24:44,541.64
2022-03-28 00:24:49,541.7
2022-03-28 00:24:54,541.71
2022-03-28 00:24:59,541.7
2022-03-28 00:25:04,532.3616767145546
2022-03-28 00:25:09,541.77
2022-03-28 00:25:14,541.77
2022-03-28 00:25:19,541.77
2022-03-28 00:25:24,541.77
2022-03-28 00:25:29,541.77
2022-03-28 00:25:34,541.77
2022-03-28 00:25:39,541.77
2022-03-28 00:25:44,532.7481783490528
2022-03-28 00:25:49,541.83
2022-03-28 00:25:54,541.77
2022-03-28 00:25:59,541.77
2022-03-28 00:26:04,541.77
2022-03-28 00:26:09,541.77
2022-03-28 00:26:14,541.71
2022-03-28 00:26:19,541.7
2022-03-28 00:26:24,541.71
2022-03-28 00:26:29,541.7
2022-03-28 00:26:34,541.77
2022-03-28 00:26:39,541.77
2022-03-28 00:26:44,541.71
2022-03-28 00:26:49,541.77
2022-03-28 00:26:54,541.77
2022-03-28 00:26:59,533.4820763612037
2022-03-28 00:27:04,533.531405567502
2022-03-28 00:27:09,541.77
2022-03-28 00:27:14,541.77
2022-03-28 00:27:19,541.83
2022-03-28 00:27:24,541.77
2022-03-28 00:27:29,541.83
2022-03-28 00:27:34,541.83
2022-03-28 00:27:39,541.77
2022-03-28 00:27:44,541.84
2022-03-28 00:27:49,541.87
2022-03-28 00:27:54,541.87
2022-03-28 00:27:59,541.87
2022-03-28 00:28:04,541.93
2022-03-28 00:28:09,541.87
2022-03-28 00:28:14,541.87
2022-03-28 00:28:19,541.87
2022-03-28 00:28:24,541.93
2022-03-28 00:28:29,541.87
2022-03-28 00:28:34,541.93
2022-03-28 00:28:39,541.87
2022-03-28 00:28:44,541.87
2022-03-28 00:28:49,541.87
2022-03-28 00:28:54,541.87
2022-03-28 00:28:59,534.6785049459777
2022-03-28 00:29:04,541.87
2022-03-28 00:29:09,541.94
2022-03-28 00:29:14,541.84
2022-03-28 00:29:19,541.87
2022-03-28 00:29:24,541.87
2022-03-28 00:29:29,541.87
2022-03-28 00:29:34,541.87
2022-03-28 00:29:39,541.84
2022-03-28 00:29:44,541.84
2022-03-28 00:29:49,535.1840219708693
2022-03-28 00:29:54,541.87
2022-03-28 00:29:59,541.84
2022-03-28 00:30:04,541.87
2022-03-28 00:30:09,541.84
2022-03-28 00:30:14,541.84
2022-03-28 00:30:19,541.84
2022-03-28 00:30:24,541.84
2022-03-28 00:30:29,541.87
2022-03-28 00:30:34,541.84
2022-03-28 00:30:39,541.84
2022-03-28 00:30:44,541.84
2022-03-28 00:30:49,541.84
2022-03-28 00:30:54,541.84
2022-03-28 00:30:59,541.84
2022-03-28 00:31:04,541.84
2022-03-28 00:31:09,541.84
2022-03-28 00:31:14,541.84
2022-03-28 00:31:19,541.78
2022-03-28 00:31:24,541.84
2022-03-28 00:31:29,541.84
2022-03-28 00:31:34,536.2567509515507
2022-03-28 00:31:39,541.84
2022-03-28 00:31:44,541.78
2022-03-28 00:31:49,541.84
2022-03-28 00:31:54,541.78
2022-03-28 00:31:59,541.78
2022-03-28 00:32:04,541.78
2022-03-28 00:32:09,541.78
2022-03-28 00:32:14,541.78
2022-03-28 00:32:19,536.7204289990099
2022-03-28 00:32:24,541.78
2022-03-28 00:32:29,541.78
2022-03-28 00:32:34,541.78
2022-03-28 00:32:39,541.78
2022-03-28 00:32:44,541.78
2022-03-28 00:32:49,541.78
2022-03-28 00:32:54,541.78
2022-03-28 00:32:59,537.1342427984673
2022-03-28 00:33:04,541.78
2022-03-28 00:33:09,541.78
2022-03-28 00:33:14,541.79
2022-03-28 00:33:19,541.79
2022-03-28 00:33:24,541.72
2022-03-28 00:33:29,541.72
2022-03-28 00:33:34,541.72
2022-03-28 00:33:39,541.73
2022-03-28 00:33:44,541.66
2022-03-28 00:33:49,541.66
2022-03-28 00:33:54,541.66
2022-03-28 00:33:59,541.63
2022-03-28 00:34:04,541.63
2022-03-28 00:34:09,541.66
2022-03-28 00:34:14,541.66
2022-03-28 00:34:19,541.66
2022-03-28 00:34:24,541.63
2022-03-28 00:34:29,538.0699825865787
2022-03-28 00:34:34,541.64
2022-03-28 00:34:39,541.67
2022-03-28 00:34:44,541.64
2022-03-28 00:34:49,541.64
2022-03-28 00:34:54,541.64
2022-03-28 00:34:59,541.67
2022-03-28 00:35:04,541.64
2022-03-28 00:35:09,541.64
2022-03-28 00:35:14,541.67
2022-03-28 00:35:19,541.67
2022-03-28 00:35:24,541.67
2022-03-28 00:35:29,541.67
2022-03-28 00:35:34,541.64
2022-03-28 00:35:39,541.67
2022-03-28 00:35:44,538.8530473875486
2022-03-28 00:35:49,541.64
2022-03-28 00:35:54,541.68
2022-03-28 00:35:59,539.0096795506811
2022-03-28 00:36:04,541.64
2022-03-28 00:36:09,541.64
2022-03-28 00:36:14,539.1662243739771
2022-03-28 00:36:19,541.68
2022-03-28 00:36:24,541.64
2022-03-28 00:36:29,541.64
2022-03-28 00:36:34,541.64
2022-03-28 00:36:39,541.64
2022-03-28 00:36:44,541.65
2022-03-28 00:36:49,541.65
2022-03-28 00:36:54,539.5829440685551
2022-03-28 00:36:59,541.58
2022-03-28 00:37:04,541.58
2022-03-28 00:37:09,541.52
2022-03-28 00:37:14,541.52
2022-03-28 00:37:19,541.52
2022-03-28 00:37:24,541.52
2022-03-28 00:37:29,541.52
2022-03-28 00:37:34,539.9979929445785
2022-03-28 00:37:39,541.52
2022-03-28 00:37:44,541.45
2022-03-28 00:37:49,541.45
2022-03-28 00:37:54,541.45
2022-03-28 00:37:59,541.45
2022-03-28 00:38:04,541.45
2022-03-28 00:38:09,541.45
2022-03-28 00:38:14,541.38
2022-03-28 00:38:19,541.38
2022-03-28 00:38:24,540.5132913920487
2022-03-28 00:38:29,541.45
2022-03-28 00:38:34,541.38
2022-03-28 00:38:39,541.38
2022-03-28 00:38:44,541.38
2022-03-28 00:38:49,541.35
2022-03-28 00:38:54,541.38
2022-03-28 00:38:59,541.35
2022-03-28 00:39:04,541.38
2022-03-28 00:39:09,541.35
2022-03-28 00:39:14,541.35
2022-03-28 00:39:19,541.35
2022-03-28 00:39:24,541.35
2022-03-28 00:39:29,541.28
2022-03-28 00:39:34,541.2254802229769
2022-03-28 00:39:39,541.28
2022-03-28 00:39:44,541.28
2022-03-28 00:39:49,541.21
2022-03-28 00:39:54,541.4264840941836
2022-03-28 00:39:59,541.15
2022-03-28 00:40:04,541.21
2022-03-28 00:40:09,541.15
2022-03-28 00:40:14,541.14
2022-03-28 00:40:19,541.11
2022-03-28 00:40:24,541.11
2022-03-28 00:40:29,541.11
2022-03-28 00:40:34,541.8245666692609
2022-03-28 00:40:39,541.8739299302337
2022-03-28 00:40:44,541.04
2022-03-28 00:40:49,541.11
2022-03-28 00:40:54,541.04
2022-03-28 00:40:59,542.0704360021555
2022-03-28 00:41:04,541.1
2022-03-28 00:41:09,541.1
2022-03-28 00:41:14,541.04
2022-03-28 00:41:19,541.04
2022-03-28 00:41:24,541.04
2022-03-28 00:41:29,541.1
2022-03-28 00:41:34,541.03
2022-03-28 00:41:39,541.1
2022-03-28 00:41:44,541.1
2022-03-28 00:41:49,541.1
2022-03-28 00:41:54,541.1
2022-03-28 00:41:59,541.1
2022-03-28 00:42:04,541.1
2022-03-28 00:42:09,541.03
2022-03-28 00:42:14,541.1
2022-03-28 00:42:19,541.03
2022-03-28 00:42:24,541.03
2022-03-28 00:42:29,541.03
2022-03-28 00:42:34,541.03
2022-03-28 00:42:39,541.03
2022-03-28 00:42:44,540.97
2022-03-28 00:42:49,540.97
2022-03-28 00:42:54,540.97
2022-03-28 00:42:59,541.03
2022-03-28 00:43:04,540.97
2022-03-28 00:43:09,541.03
2022-03-28 00:43:14,543.3505649347914
2022-03-28 00:43:19,543.3962060144881
2022-03-28 00:43:24,540.9
2022-03-28 00:43:29,540.9
2022-03-28 00:43:34,540.9
2022-03-28 00:43:39,540.9
2022-03-28 00:43:44,540.83
2022-03-28 00:43:49,543.667040956084
2022-03-28 00:43:54,540.9
2022-03-28 00:43:59,540.83
2022-03-28 00:44:04,540.83
2022-03-28 00:44:09,540.83
2022-03-28 00:44:14,540.83
2022-03-28 00:44:19,540.83
2022-03-28 00:44:24,540.83
2022-03-28 00:44:29,540.83
2022-03-28 00:44:34,544.0630766330086
2022-03-28 00:44:39,540.83
2022-03-28 00:44:44,540.83
2022-03-28 00:44:49,540.9
2022-03-28 00:44:54,540.84
2022-03-28 00:44:59,540.84
2022-03-28 00:45:04,540.84
2022-03-28 00:45:09,540.84
2022-03-28 00:45:14,540.9
2022-03-28 00:45:19,544.4458859937673
2022-03-28 00:45:24,540.9
2022-03-28 00:45:29,540.9
2022-03-28 00:45:34,540.9
2022-03-28 00:45:39,540.97
2022-03-28 00:45:44,540.97
2022-03-28 00:45:49,540.9
2022-03-28 00:45:54,540.97
2022-03-28 00:45:59,540.9
2022-03-28 00:46:04,540.97
2022-03-28 00:46:09,540.97
2022-03-28 00:46:14,540.97
2022-03-28 00:46:19,541.03
2022-03-28 00:46:24,541.1
2022-03-28 00:46:29,545.0125171592756
2022-03-28 00:46:34,545.0515574008771
2022-03-28 00:46:39,541.1
2022-03-28 00:46:44,541.1
2022-03-28 00:46:49,541.1
2022-03-28 00:46:54,541.13
2022-03-28 00:46:59,541.14
2022-03-28 00:47:04,541.13
2022-03-28 00:47:09,541.2
2022-03-28 00:47:14,541.2
2022-03-28 00:47:19,541.2
2022-03-28 00:47:24,541.2
2022-03-28 00:47:29,541.26
2022-03-28 00:47:34,541.27
2022-03-28 00:47:39,541.26
2022-03-28 00:47:44,541.26
2022-03-28 00:47:49,541.27
2022-03-28 00:47:54,541.33
2022-03-28 00:47:59,541.33
2022-03-28 00:48:04,541.33
2022-03-28 00:48:09,541.33
2022-03-28 00:48:14,541.26
2022-03-28 00:48:19,541.27
2022-03-28 00:48:24,541.27
2022-03-28 00:48:29,541.27
2022-03-28 00:48:34,545.9253713813728
2022-03-28 00:48:39,541.2
2022-03-28 00:48:44,545.992367137836
2022-03-28 00:48:49,541.14
2022-03-28 00:48:54,541.14
2022-03-28 00:48:59,541.14
2022-03-28 00:49:04,541.14
2022-03-28 00:49:09,541.11
2022-03-28 00:49:14,541.11
2022-03-28 00:49:19,541.04
2022-03-28 00:49:24,541.04
2022-03-28 00:49:29,546.2819642982938
2022-03-28 00:49:34,540.98
2022-03-28 00:49:39,540.92
2022-03-28 00:49:44,540.92
2022-03-28 00:49:49,546.4043149053512
2022-03-28 00:49:54,540.85
2022-03-28 00:49:59,540.82
2022-03-28 00:50:04,540.76
2022-03-28 00:50:09,540.69
2022-03-28 00:50:14,540.69
2022-03-28 00:50:19,540.69
2022-03-28 00:50:24,546.6087885287697
2022-03-28 00:50:29,546.636983570845
2022-03-28 00:50:34,540.6
2022-03-28 00:50:39,540.54
2022-03-28 00:50:44,540.47
2022-03-28 00:50:49,540.47
2022-03-28 00:50:54,540.47
2022-03-28 00:50:59,540.47
2022-03-28 00:51:04,540.41
2022-03-28 00:51:09,540.47
2022-03-28 00:51:14,540.47
2022-03-28 00:51:19,546.9046840313619
2022-03-28 00:51:24,540.41
2022-03-28 00:51:29,540.41
2022-03-28 00:51:34,540.47
2022-03-28 00:51:39,540.47
2022-03-28 00:51:44,540.47
2022-03-28 00:51:49,540.48
2022-03-28 00:51:54,540.41
2022-03-28 00:51:59,547.0997930877921
2022-03-28 00:52:04,540.48
2022-03-28 00:52:09,540.48
2022-03-28 00:52:14,540.54
2022-03-28 00:52:19,540.54
2022-03-28 00:52:24,540.54
2022-03-28 00:52:29,540.54
2022-03-28 00:52:34,547.2562412109305
2022-03-28 00:52:39,540.61
2022-03-28 00:52:44,540.64
2022-03-28 00:52:49,547.3191342867505
2022-03-28 00:52:54,547.3395381144635
2022-03-28 00:52:59,547.3596602263696
2022-03-28 00:53:04,540.71
2022-03-28 00:53:09,540.71
2022-03-28 00:53:14,540.77
2022-03-28 00:53:19,540.77
2022-03-28 00:53:24,540.84
2022-03-28 00:53:29,540.84
2022-03-28 00:53:34,540.87
2022-03-28 00:53:39,541.0
2022-03-28 00:53:44,541.0
2022-03-28 00:53:49,541.01
2022-03-28 00:53:54,541.07
2022-03-28 00:53:59,541.17
2022-03-28 00:54:04,541.17
2022-03-28 00:54:09,541.17
2022-03-28 00:54:14,541.23
2022-03-28 00:54:19,547.6425905706922
2022-03-28 00:54:24,541.3
2022-03-28 00:54:29,541.4
2022-03-28 00:54:34,547.6872969617061
2022-03-28 00:54:39,541.53
2022-03-28 00:54:44,541.53
2022-03-28 00:54:49,541.53
2022-03-28 00:54:54,541.66
2022-03-28 00:54:59,541.66
2022-03-28 00:55:04,547.7686100043628
2022-03-28 00:55:09,541.76
2022-03-28 00:55:14,541.82
2022-03-28 00:55:19,541.89
2022-03-28 00:55:24,541.89
2022-03-28 00:55:29,541.92
2022-03-28 00:55:34,541.98
2022-03-28 00:55:39,547.8496144875411
2022-03-28 00:55:44,547.8599517865306
2022-03-28 00:55:49,547.8699777823625
2022-03-28 00:55:54,542.18
2022-03-28 00:55:59,542.21
2022-03-28 00:56:04,547.8981792487511
2022-03-28 00:56:09,542.21
2022-03-28 00:56:14,542.21
2022-03-28 00:56:19,547.9235476589388
2022-03-28 00:56:24,542.21
2022-03-28 00:56:29,542.27
2022-03-28 00:56:34,542.21
2022-03-28 00:56:39,547.9529246194542
2022-03-28 00:56:44,542.21
2022-03-28 00:56:49,547.9656913273626
2022-03-28 00:56:54,542.21
2022-03-28 00:56:59,542.21
2022-03-28 00:57:04,542.21
2022-03-28 00:57:09,542.18
2022-03-28 00:57:14,542.18
2022-03-28 00:57:19,547.996220820937
2022-03-28 00:57:24,542.18
2022-03-28 00:57:29,542.18
2022-03-28 00:57:34,542.11
2022-03-28 00:57:39,542.05
2022-03-28 00:57:44,542.05
2022-03-28 00:57:49,542.05
2022-03-28 00:57:54,541.98
2022-03-28 00:57:59,541.98
2022-03-28 00:58:04,541.92
2022-03-28 00:58:09,548.0207835059523
2022-03-28 00:58:14,541.88
2022-03-28 00:58:19,541.82
2022-03-28 00:58:24,541.75
2022-03-28 00:58:29,541.82
2022-03-28 00:58:34,548.0204990084558
2022-03-28 00:58:39,541.75
2022-03-28 00:58:44,541.75
2022-03-28 00:58:49,541.69
2022-03-28 00:58:54,541.69
2022-03-28 00:58:59,541.65
2022-03-28 00:59:04,541.69
2022-03-28 00:59:09,541.65
2022-03-28 00:59:14,541.65
2022-03-28 00:59:19,541.59
2022-03-28 00:59:24,541.59
2022-03-28 00:59:29,541.59
2022-03-28 00:59:34,541.52
2022-03-28 00:59:39,541.45
2022-03-28 00:59:44,541.46
2022-03-28 00:59:49,541.45
2022-03-28 00:59:54,541.39
2022-03-28 00:59:59,541.39
2022-03-28 01:00:04,541.35
2022-03-28 01:00:09,541.35
2022-03-28 01:00:14,541.35
2022-03-28 01:00:19,541.22
2022-03-28 01:00:24,541.28
2022-03-28 01:00:29,541.22
2022-03-28 01:00:34,541.22
2022-03-28 01:00:39,541.15
2022-03-28 01:00:44,541.15
2022-03-28 01:00:49,541.12
2022-03-28 01:00:54,541.12
2022-03-28 01:00:59,541.11
2022-03-28 01:01:04,541.05
2022-03-28 01:01:09,540.99
2022-03-28 01:01:14,540.99
2022-03-28 01:01:19,547.7997904712843
2022-03-28 01:01:24,540.92
2022-03-28 01:01:29,540.86
2022-03-28 01:01:34,547.7602371628706
2022-03-28 01:01:39,540.82
2022-03-28 01:01:44,540.76
2022-03-28 01:01:49,547.7173338898386
2022-03-28 01:01:54,540.69
2022-03-28 01:01:59,547.6868590134802
2022-03-28 01:02:04,540.63
2022-03-28 01:02:09,540.6
2022-03-28 01:02:14,540.59
2022-03-28 01:02:19,540.59
2022-03-28 01:02:24,540.53
2022-03-28 01:02:29,540.46
2022-03-28 01:02:34,540.4
2022-03-28 01:02:39,540.46
2022-03-28 01:02:44,540.34
2022-03-28 01:02:49,540.34
2022-03-28 01:02:54,540.33
2022-03-28 01:02:59,540.3
2022-03-28 01:03:04,540.3
2022-03-28 01:03:09,540.3
2022-03-28 01:03:14,540.24
2022-03-28 01:03:19,540.17
2022-03-28 01:03:24,540.24
2022-03-28 01:03:29,540.17
2022-03-28 01:03:34,540.11
2022-03-28 01:03:39,540.11
2022-03-28 01:03:44,540.11
2022-03-28 01:03:49,540.11
2022-03-28 01:03:54,540.08
2022-03-28 01:03:59,540.08
2022-03-28 01:04:04,540.08
2022-03-28 01:04:09,540.01
2022-03-28 01:04:14,540.01
2022-03-28 01:04:19,547.1037106397685
2022-03-28 01:04:24,539.95
2022-03-28 01:04:29,539.88
2022-03-28 01:04:34,539.88
2022-03-28 01:04:39,539.82
2022-03-28 01:04:44,539.82
2022-03-28 01:04:49,539.82
2022-03-28 01:04:54,539.79
2022-03-28 01:04:59,539.79
2022-03-28 01:05:04,539.79
2022-03-28 01:05:09,539.79
2022-03-28 01:05:14,539.73
2022-03-28 01:05:19,539.66
2022-03-28 01:05:24,539.66
2022-03-28 01:05:29,539.66
2022-03-28 01:05:34,539.66
2022-03-28 01:05:39,539.6
2022-03-28 01:05:44,546.6271921591774
2022-03-28 01:05:49,539.57
2022-03-28 01:05:54,539.6
2022-03-28 01:05:59,539.57
2022-03-28 01:06:04,539.5
2022-03-28 01:06:09,539.5
2022-03-28 01:06:14,539.44
2022-03-28 01:06:19,539.5
2022-03-28 01:06:24,539.37
2022-03-28 01:06:29,539.44
2022-03-28 01:06:34,539.38
2022-03-28 01:06:39,539.38
2022-03-28 01:06:44,539.38
2022-03-28 01:06:49,546.2176130616391
2022-03-28 01:06:54,539.31
2022-03-28 01:06:59,539.31
2022-03-28 01:07:04,539.38
2022-03-28 01:07:09,539.38
2022-03-28 01:07:14,539.31
2022-03-28 01:07:19,539.32
2022-03-28 01:07:24,539.31
2022-03-28 01:07:29,539.31
2022-03-28 01:07:34,539.28
2022-03-28 01:07:39,539.28
2022-03-28 01:07:44,539.28
2022-03-28 01:07:49,539.28
2022-03-28 01:07:54,539.22
2022-03-28 01:07:59,539.22
2022-03-28 01:08:04,539.22
2022-03-28 01:08:09,539.16
2022-03-28 01:08:14,539.16
2022-03-28 01:08:19,539.09
2022-03-28 01:08:24,539.09
2022-03-28 01:08:29,539.09
2022-03-28 01:08:34,539.09
2022-03-28 01:08:39,545.4664164933455
2022-03-28 01:08:44,539.1
2022-03-28 01:08:49,539.06
2022-03-28 01:08:54,539.06
2022-03-28 01:08:59,539.06
2022-03-28 01:09:04,545.289710412391
2022-03-28 01:09:09,539.06
2022-03-28 01:09:14,538.93
2022-03-28 01:09:19,539.0
2022-03-28 01:09:24,539.0
2022-03-28 01:09:29,539.0
2022-03-28 01:09:34,539.0
2022-03-28 01:09:39,538.94
2022-03-28 01:09:44,538.87
2022-03-28 01:09:49,544.969586717458
2022-03-28 01:09:54,538.94
2022-03-28 01:09:59,538.94
2022-03-28 01:10:04,539.0
2022-03-28 01:10:09,538.94
2022-03-28 01:10:14,544.7916343070515
2022-03-28 01:10:19,538.94
2022-03-28 01:10:24,538.94
2022-03-28 01:10:29,539.0
2022-03-28 01:10:34,539.0
2022-03-28 01:10:39,539.0
2022-03-28 01:10:44,539.0
2022-03-28 01:10:49,539.01
2022-03-28 01:10:54,539.07
2022-03-28 01:10:59,539.07
2022-03-28 01:11:04,539.1
2022-03-28 01:11:09,539.1
2022-03-28 01:11:14,539.1
2022-03-28 01:11:19,539.17
2022-03-28 01:11:24,539.23
2022-03-28 01:11:29,539.23
2022-03-28 01:11:34,539.23
2022-03-28 01:11:39,544.1950482985353
2022-03-28 01:11:44,539.3
2022-03-28 01:11:49,539.33
2022-03-28 01:11:54,539.33
2022-03-28 01:11:59,539.4
2022-03-28 01:12:04,539.4
2022-03-28 01:12:09,539.46
2022-03-28 01:12:14,539.46
2022-03-28 01:12:19,539.53
2022-03-28 01:12:24,539.53
2022-03-28 01:12:29,543.8569375789305
2022-03-28 01:12:34,539.53
2022-03-28 01:12:39,539.6
2022-03-28 01:12:44,539.53
2022-03-28 01:12:49,539.6
2022-03-28 01:12:54,539.6
2022-03-28 01:12:59,543.6610943005608
2022-03-28 01:13:04,539.63
2022-03-28 01:13:09,539.63
2022-03-28 01:13:14,539.63
2022-03-28 01:13:19,539.6
2022-03-28 01:13:24,539.63
2022-03-28 01:13:29,539.63
2022-03-28 01:13:34,539.6
2022-03-28 01:13:39,539.63
2022-03-28 01:13:44,539.6
2022-03-28 01:13:49,539.64
2022-03-28 01:13:54,539.64
2022-03-28 01:13:59,539.61
2022-03-28 01:14:04,543.2604087234776
2022-03-28 01:14:09,539.64
2022-03-28 01:14:14,539.64
2022-03-28 01:14:19,539.61
2022-03-28 01:14:24,539.61
2022-03-28 01:14:29,539.61
2022-03-28 01:14:34,539.61
2022-03-28 01:14:39,539.61
2022-03-28 01:14:44,539.61
2022-03-28 01:14:49,539.55
2022-03-28 01:14:54,539.55
2022-03-28 01:14:59,539.48
2022-03-28 01:15:04,539.55
2022-03-28 01:15:09,539.49
2022-03-28 01:15:14,539.42
2022-03-28 01:15:19,539.42
2022-03-28 01:15:24,539.42
2022-03-28 01:15:29,539.43
2022-03-28 01:15:34,539.36
2022-03-28 01:15:39,539.33
2022-03-28 01:15:44,539.36
2022-03-28 01:15:49,539.33
2022-03-28 01:15:54,539.33
2022-03-28 01:15:59,539.27
2022-03-28 01:16:04,539.26
2022-03-28 01:16:09,539.2
2022-03-28 01:16:14,542.5915842644463
2022-03-28 01:16:19,539.2
2022-03-28 01:16:24,539.14
2022-03-28 01:16:29,539.14
2022-03-28 01:16:34,539.14
2022-03-28 01:16:39,539.14
2022-03-28 01:16:44,539.14
2022-03-28 01:16:49,539.11
2022-03-28 01:16:54,539.11
2022-03-28 01:16:59,539.04
2022-03-28 01:17:04,539.04
2022-03-28 01:17:09,539.04
2022-03-28 01:17:14,539.04
2022-03-28 01:17:19,539.04
2022-03-28 01:17:24,539.04
2022-03-28 01:17:29,539.04
2022-03-28 01:17:34,538.97
2022-03-28 01:17:39,542.2809018507272
2022-03-28 01:17:44,538.98
2022-03-28 01:17:49,538.91
2022-03-28 01:17:54,538.91
2022-03-28 01:17:59,538.91
2022-03-28 01:18:04,538.85
2022-03-28 01:18:09,538.84
2022-03-28 01:18:14,542.185054392495
2022-03-28 01:18:19,538.85
2022-03-28 01:18:24,538.85
2022-03-28 01:18:29,538.81
2022-03-28 01:18:34,538.81
2022-03-28 01:18:39,538.81
2022-03-28 01:18:44,538.81
2022-03-28 01:18:49,538.81
2022-03-28 01:18:54,538.81
2022-03-28 01:18:59,538.81
2022-03-28 01:19:04,538.8
2022-03-28 01:19:09,538.81
2022-03-28 01:19:14,538.84
2022-03-28 01:19:19,538.81
2022-03-28 01:19:24,538.84
2022-03-28 01:19:29,538.84
2022-03-28 01:19:34,538.83
2022-03-28 01:19:39,538.9
2022-03-28 01:19:44,538.96
2022-03-28 01:19:49,538.9
2022-03-28 01:19:54,542.0020163540328
2022-03-28 01:19:59,541.9960625057619
2022-03-28 01:20:04,538.96
2022-03-28 01:20:09,539.02
2022-03-28 01:20:14,539.09
2022-03-28 01:20:19,539.08
2022-03-28 01:20:24,539.11
2022-03-28 01:20:29,539.18
2022-03-28 01:20:34,539.24
2022-03-28 01:20:39,539.24
2022-03-28 01:20:44,539.31
2022-03-28 01:20:49,539.3
2022-03-28 01:20:54,539.4
2022-03-28 01:20:59,539.4
2022-03-28 01:21:04,539.46
2022-03-28 01:21:09,539.46
2022-03-28 01:21:14,539.53
2022-03-28 01:21:19,539.59
2022-03-28 01:21:24,539.62
2022-03-28 01:21:29,539.62
2022-03-28 01:21:34,539.69
2022-03-28 01:21:39,539.75
2022-03-28 01:21:44,539.75
2022-03-28 01:21:49,539.85
2022-03-28 01:21:54,539.85
2022-03-28 01:21:59,539.85
2022-03-28 01:22:04,539.85
2022-03-28 01:22:09,539.91
2022-03-28 01:22:14,539.91
2022-03-28 01:22:19,539.91
2022-03-28 01:22:24,539.97
2022-03-28 01:22:29,539.97
2022-03-28 01:22:34,539.97
2022-03-28 01:22:39,540.04
2022-03-28 01:22:44,540.04
2022-03-28 01:22:49,540.03
2022-03-28 01:22:54,540.03
2022-03-28 01:22:59,540.1
2022-03-28 01:23:04,541.9436327918613
2022-03-28 01:23:09,540.1
2022-03-28 01:23:14,540.1
2022-03-28 01:23:19,540.13
2022-03-28 01:23:24,540.13
2022-03-28 01:23:29,540.2
2022-03-28 01:23:34,540.2
2022-03-28 01:23:39,540.2
2022-03-28 01:23:44,540.2
2022-03-28 01:23:49,540.2
2022-03-28 01:23:54,540.2
2022-03-28 01:23:59,540.2
2022-03-28 01:24:04,540.2
2022-03-28 01:24:09,540.2
2022-03-28 01:24:14,540.2
2022-03-28 01:24:19,540.2
2022-03-28 01:24:24,540.2
2022-03-28 01:24:29,540.13
2022-03-28 01:24:34,540.13
2022-03-28 01:24:39,540.2
2022-03-28 01:24:44,540.13
2022-03-28 01:24:49,540.2
2022-03-28 01:24:54,540.14
2022-03-28 01:24:59,540.14
2022-03-28 01:25:04,540.2
2022-03-28 01:25:09,542.0378743667465
2022-03-28 01:25:14,540.2
2022-03-28 01:25:19,540.2
2022-03-28 01:25:24,540.2
2022-03-28 01:25:29,542.0583145936336
2022-03-28 01:25:34,540.27
2022-03-28 01:25:39,540.27
2022-03-28 01:25:44,540.27
2022-03-28 01:25:49,542.0796349045847
2022-03-28 01:25:54,540.33
2022-03-28 01:25:59,540.33
2022-03-28 01:26:04,540.33
2022-03-28 01:26:09,540.37
2022-03-28 01:26:14,542.1071910951222
2022-03-28 01:26:19,540.43
2022-03-28 01:26:24,540.5
2022-03-28 01:26:29,540.43
2022-03-28 01:26:34,540.49
2022-03-28 01:26:39,540.5
2022-03-28 01:26:44,540.56
2022-03-28 01:26:49,542.1466982651594
2022-03-28 01:26:54,540.57
2022-03-28 01:26:59,542.1580420567359
2022-03-28 01:27:04,540.63
2022-03-28 01:27:09,540.63
2022-03-28 01:27:14,540.66
2022-03-28 01:27:19,540.66
2022-03-28 01:27:24,540.63
2022-03-28 01:27:29,540.66
2022-03-28 01:27:34,540.66
2022-03-28 01:27:39,540.66
2022-03-28 01:27:44,540.63
2022-03-28 01:27:49,540.63
2022-03-28 01:27:54,540.63
2022-03-28 01:27:59,540.66
2022-03-28 01:28:04,540.63
2022-03-28 01:28:09,540.64
2022-03-28 01:28:14,540.63
2022-03-28 01:28:19,540.66
2022-03-28 01:28:24,540.67
2022-03-28 01:28:29,540.66
2022-03-28 01:28:34,540.64
2022-03-28 01:28:39,542.2656119959114
2022-03-28 01:28:44,540.67
2022-03-28 01:28:49,540.67
2022-03-28 01:28:54,540.73
2022-03-28 01:28:59,540.73
2022-03-28 01:29:04,540.73
2022-03-28 01:29:09,540.73
2022-03-28 01:29:14,540.8
2022-03-28 01:29:19,540.73
2022-03-28 01:29:24,540.8
2022-03-28 01:29:29,540.86
2022-03-28 01:29:34,540.87
2022-03-28 01:29:39,540.87
2022-03-28 01:29:44,540.9
2022-03-28 01:29:49,540.9
2022-03-28 01:29:54,542.3282698823232
2022-03-28 01:29:59,540.9
2022-03-28 01:30:04,540.9
2022-03-28 01:30:09,540.96
2022-03-28 01:30:14,540.96
2022-03-28 01:30:19,540.96
2022-03-28 01:30:24,541.03
2022-03-28 01:30:29,541.03
2022-03-28 01:30:34,541.09
2022-03-28 01:30:39,541.09
2022-03-28 01:30:44,541.09
2022-03-28 01:30:49,541.09
2022-03-28 01:30:54,541.19
2022-03-28 01:30:59,541.19
2022-03-28 01:31:04,541.26
2022-03-28 01:31:09,541.26
2022-03-28 01:31:14,541.26
2022-03-28 01:31:19,541.26
2022-03-28 01:31:24,541.26
2022-03-28 01:31:29,541.26
2022-03-28 01:31:34,541.26
2022-03-28 01:31:39,541.19
2022-03-28 01:31:44,541.26
2022-03-28 01:31:49,541.26
2022-03-28 01:31:54,541.2
2022-03-28 01:31:59,541.2
2022-03-28 01:32:04,541.17
2022-03-28 01:32:09,541.16
2022-03-28 01:32:14,541.16
2022-03-28 01:32:19,541.16
2022-03-28 01:32:24,541.04
2022-03-28 01:32:29,541.04
2022-03-28 01:32:34,541.04
2022-03-28 01:32:39,540.98
2022-03-28 01:32:44,541.04
2022-03-28 01:32:49,542.3494238026138
2022-03-28 01:32:54,540.91
2022-03-28 01:32:59,540.91
2022-03-28 01:33:04,542.3411739049461
2022-03-28 01:33:09,540.91
2022-03-28 01:33:14,542.3347430092849
2022-03-28 01:33:19,540.82
2022-03-28 01:33:24,540.82
2022-03-28 01:33:29,540.82
2022-03-28 01:33:34,540.82
2022-03-28 01:33:39,542.3153732373977
2022-03-28 01:33:44,542.3109301641545
2022-03-28 01:33:49,542.3062960182567
2022-03-28 01:33:54,540.7
2022-03-28 01:33:59,540.67
2022-03-28 01:34:04,540.67
2022-03-28 01:34:09,540.6
2022-03-28 01:34:14,540.54
2022-03-28 01:34:19,542.2744458243487
2022-03-28 01:34:24,540.48
2022-03-28 01:34:29,540.41
2022-03-28 01:34:34,540.38
2022-03-28 01:34:39,540.38
2022-03-28 01:34:44,540.32
2022-03-28 01:34:49,540.25
2022-03-28 01:34:54,540.19
2022-03-28 01:34:59,542.2210274191825
2022-03-28 01:35:04,540.1
2022-03-28 01:35:09,540.03
2022-03-28 01:35:14,540.03
2022-03-28 01:35:19,539.97
2022-03-28 01:35:24,539.9
2022-03-28 01:35:29,539.87
2022-03-28 01:35:34,539.81
2022-03-28 01:35:39,539.68
2022-03-28 01:35:44,539.65
2022-03-28 01:35:49,542.1362321984902
2022-03-28 01:35:54,539.58
2022-03-28 01:35:59,539.46
2022-03-28 01:36:04,539.46
2022-03-28 01:36:09,539.39
2022-03-28 01:36:14,539.36
2022-03-28 01:36:19,542.0755183537102
2022-03-28 01:36:24,539.23
2022-03-28 01:36:29,539.23
2022-03-28 01:36:34,539.17
2022-03-28 01:36:39,539.13
2022-03-28 01:36:44,539.13
2022-03-28 01:36:49,539.07
2022-03-28 01:36:54,539.07
2022-03-28 01:36:59,541.9828280540098
2022-03-28 01:37:04,538.94
2022-03-28 01:37:09,538.94
2022-03-28 01:37:14,538.94
2022-03-28 01:37:19,538.87
2022-03-28 01:37:24,538.94
2022-03-28 01:37:29,538.88
2022-03-28 01:37:34,538.88
2022-03-28 01:37:39,538.84
2022-03-28 01:37:44,538.84
2022-03-28 01:37:49,541.8476781008028
2022-03-28 01:37:54,538.84
2022-03-28 01:37:59,541.8180296528561
2022-03-28 01:38:04,538.84
2022-03-28 01:38:09,538.84
2022-03-28 01:38:14,538.84
2022-03-28 01:38:19,538.84
2022-03-28 01:38:24,538.84
2022-03-28 01:38:29,538.83
2022-03-28 01:38:34,541.7072698103401
2022-03-28 01:38:39,541.6905515139599
2022-03-28 01:38:44,538.86
2022-03-28 01:38:49,538.86
2022-03-28 01:38:54,538.86
2022-03-28 01:38:59,538.93
2022-03-28 01:39:04,538.92
2022-03-28 01:39:09,541.585483174205
2022-03-28 01:39:14,538.92
2022-03-28 01:39:19,538.92
2022-03-28 01:39:24,538.92
2022-03-28 01:39:29,538.98
2022-03-28 01:39:34,538.98
2022-03-28 01:39:39,538.98
2022-03-28 01:39:44,539.11
2022-03-28 01:39:49,539.05
2022-03-28 01:39:54,539.05
2022-03-28 01:39:59,539.14
2022-03-28 01:40:04,539.14
2022-03-28 01:40:09,539.13
2022-03-28 01:40:14,539.2
2022-03-28 01:40:19,539.14
2022-03-28 01:40:24,541.2864467626943
2022-03-28 01:40:29,539.26
2022-03-28 01:40:34,539.26
2022-03-28 01:40:39,539.26
2022-03-28 01:40:44,541.1977443708638
2022-03-28 01:40:49,539.32
2022-03-28 01:40:54,541.1519539463492
2022-03-28 01:40:59,539.36
2022-03-28 01:41:04,539.36
2022-03-28 01:41:09,539.36
2022-03-28 01:41:14,539.36
2022-03-28 01:41:19,539.42
2022-03-28 01:41:24,539.42
2022-03-28 01:41:29,539.48
2022-03-28 01:41:34,539.48
2022-03-28 01:41:39,539.48
2022-03-28 01:41:44,539.42
2022-03-28 01:41:49,540.8827185443802
2022-03-28 01:41:54,539.48
2022-03-28 01:41:59,539.55
2022-03-28 01:42:04,540.8041181371667
2022-03-28 01:42:09,539.55
2022-03-28 01:42:14,539.61
2022-03-28 01:42:19,539.61
2022-03-28 01:42:24,539.61
2022-03-28 01:42:29,539.64
2022-03-28 01:42:34,539.64
2022-03-28 01:42:39,539.64
2022-03-28 01:42:44,539.64
2022-03-28 01:42:49,539.7
2022-03-28 01:42:54,539.77
2022-03-28 01:42:59,539.77
2022-03-28 01:43:04,539.83
2022-03-28 01:43:09,539.83
2022-03-28 01:43:14,539.93
2022-03-28 01:43:19,539.93
2022-03-28 01:43:24,539.93
2022-03-28 01:43:29,539.93
2022-03-28 01:43:34,539.99
2022-03-28 01:43:39,539.99
2022-03-28 01:43:44,540.2219370360403
2022-03-28 01:43:49,539.99
2022-03-28 01:43:54,539.99
2022-03-28 01:43:59,539.99
2022-03-28 01:44:04,539.99
2022-03-28 01:44:09,540.06
2022-03-28 01:44:14,539.99
2022-03-28 01:44:19,539.99
2022-03-28 01:44:24,539.99
2022-03-28 01:44:29,539.99
2022-03-28 01:44:34,540.0
2022-03-28 01:44:39,540.0
2022-03-28 01:44:44,539.99
2022-03-28 01:44:49,540.0
2022-03-28 01:44:54,540.0
2022-03-28 01:44:59,540.06
2022-03-28 01:45:04,540.0
2022-03-28 01:45:09,540.0
2022-03-28 01:45:14,540.0
2022-03-28 01:45:19,540.0
2022-03-28 01:45:24,539.5352353971724
2022-03-28 01:45:29,540.0
2022-03-28 01:45:34,540.06
2022-03-28 01:45:39,540.06
2022-03-28 01:45:44,540.0
2022-03-28 01:45:49,539.3469388645228
2022-03-28 01:45:54,539.3085175482908
2022-03-28 01:45:59,540.0
2022-03-28 01:46:04,540.0
2022-03-28 01:46:09,540.07
2022-03-28 01:46:14,540.06
2022-03-28 01:46:19,540.07
2022-03-28 01:46:24,540.07
2022-03-28 01:46:29,540.0
2022-03-28 01:46:34,540.0
2022-03-28 01:46:39,540.06
2022-03-28 01:46:44,540.07
2022-03-28 01:46:49,540.07
2022-03-28 01:46:54,538.8288240374121
2022-03-28 01:46:59,540.07
2022-03-28 01:47:04,540.07
2022-03-28 01:47:09,540.07
2022-03-28 01:47:14,540.07
2022-03-28 01:47:19,540.07
2022-03-28 01:47:24,540.07
2022-03-28 01:47:29,540.07
2022-03-28 01:47:34,538.4913181851231
2022-03-28 01:47:39,540.07
2022-03-28 01:47:44,540.01
2022-03-28 01:47:49,540.01
2022-03-28 01:47:54,539.94
2022-03-28 01:47:59,540.01
2022-03-28 01:48:04,539.94
2022-03-28 01:48:09,539.88
2022-03-28 01:48:14,539.88
2022-03-28 01:48:19,539.85
2022-03-28 01:48:24,539.85
2022-03-28 01:48:29,539.85
2022-03-28 01:48:34,539.78
2022-03-28 01:48:39,539.72
2022-03-28 01:48:44,539.72
2022-03-28 01:48:49,539.72
2022-03-28 01:48:54,539.62
2022-03-28 01:48:59,539.62
2022-03-28 01:49:04,539.56
2022-03-28 01:49:09,539.56
2022-03-28 01:49:14,539.49
2022-03-28 01:49:19,539.43
2022-03-28 01:49:24,539.37
2022-03-28 01:49:29,539.33
2022-03-28 01:49:34,539.34
2022-03-28 01:49:39,539.21
2022-03-28 01:49:44,537.3135844533116
2022-03-28 01:49:49,539.15
2022-03-28 01:49:54,539.11
2022-03-28 01:49:59,539.11
2022-03-28 01:50:04,538.98
2022-03-28 01:50:09,538.92
2022-03-28 01:50:14,537.0274542060865
2022-03-28 01:50:19,538.92
2022-03-28 01:50:24,538.85
2022-03-28 01:50:29,538.85
2022-03-28 01:50:34,538.76
2022-03-28 01:50:39,538.76
2022-03-28 01:50:44,538.76
2022-03-28 01:50:49,538.69
2022-03-28 01:50:54,538.7
2022-03-28 01:50:59,538.69
2022-03-28 01:51:04,538.63
2022-03-28 01:51:09,538.63
2022-03-28 01:51:14,538.63
2022-03-28 01:51:19,538.63
2022-03-28 01:51:24,538.63
2022-03-28 01:51:29,538.6
2022-03-28 01:51:34,538.54
2022-03-28 01:51:39,538.54
2022-03-28 01:51:44,538.54
2022-03-28 01:51:49,538.54
2022-03-28 01:51:54,538.54
2022-03-28 01:51:59,538.54
2022-03-28 01:52:04,535.9461984284922
2022-03-28 01:52:09,538.54
2022-03-28 01:52:14,538.61
2022-03-28 01:52:19,538.61
2022-03-28 01:52:24,538.61
2022-03-28 01:52:29,538.61
2022-03-28 01:52:34,538.64
2022-03-28 01:52:39,538.64
2022-03-28 01:52:44,538.64
2022-03-28 01:52:49,538.64
2022-03-28 01:52:54,538.64
2022-03-28 01:52:59,538.71
2022-03-28 01:53:04,538.71
2022-03-28 01:53:09,538.84
2022-03-28 01:53:14,538.77
2022-03-28 01:53:19,535.190029221165
2022-03-28 01:53:24,538.87
2022-03-28 01:53:29,538.94
2022-03-28 01:53:34,538.94
2022-03-28 01:53:39,538.94
2022-03-28 01:53:44,539.07
2022-03-28 01:53:49,539.07
2022-03-28 01:53:54,539.14
2022-03-28 01:53:59,539.17
2022-03-28 01:54:04,539.17
2022-03-28 01:54:09,539.23
2022-03-28 01:54:14,534.631482417673
2022-03-28 01:54:19,539.36
2022-03-28 01:54:24,539.36
2022-03-28 01:54:29,539.46
2022-03-28 01:54:34,539.53
2022-03-28 01:54:39,539.53
2022-03-28 01:54:44,539.59
2022-03-28 01:54:49,539.66
2022-03-28 01:54:54,539.69
2022-03-28 01:54:59,539.75
2022-03-28 01:55:04,539.89
2022-03-28 01:55:09,539.88
2022-03-28 01:55:14,539.98
2022-03-28 01:55:19,540.05
2022-03-28 01:55:24,540.11
2022-03-28 01:55:29,540.18
2022-03-28 01:55:34,533.8205637405401
2022-03-28 01:55:39,540.27
2022-03-28 01:55:44,533.7197616788385
2022-03-28 01:55:49,540.4
2022-03-28 01:55:54,540.44
2022-03-28 01:55:59,540.44
2022-03-28 01:56:04,533.5187535903482
2022-03-28 01:56:09,540.63
2022-03-28 01:56:14,540.63
2022-03-28 01:56:19,540.69
2022-03-28 01:56:24,540.72
2022-03-28 01:56:29,533.2688180948401
2022-03-28 01:56:34,540.72
2022-03-28 01:56:39,540.79
2022-03-28 01:56:44,540.85
2022-03-28 01:56:49,540.92
2022-03-28 01:56:54,540.95
2022-03-28 01:56:59,540.95
2022-03-28 01:57:04,541.01
2022-03-28 01:57:09,541.14
2022-03-28 01:57:14,541.14
2022-03-28 01:57:19,541.21
2022-03-28 01:57:24,541.24
2022-03-28 01:57:29,541.3
2022-03-28 01:57:34,541.37
2022-03-28 01:57:39,541.46
2022-03-28 01:57:44,541.53
2022-03-28 01:57:49,541.59
2022-03-28 01:57:54,541.65
2022-03-28 01:57:59,541.72
2022-03-28 01:58:04,541.75
2022-03-28 01:58:09,541.82
2022-03-28 01:58:14,541.88
2022-03-28 01:58:19,541.97
2022-03-28 01:58:24,541.97
2022-03-28 01:58:29,532.0992222001347
2022-03-28 01:58:34,542.16
2022-03-28 01:58:39,542.26
2022-03-28 01:58:44,542.26
2022-03-28 01:58:49,542.33
2022-03-28 01:58:54,542.39
2022-03-28 01:58:59,542.45
2022-03-28 01:59:04,542.48
2022-03-28 01:59:09,542.48
2022-03-28 01:59:14,542.55
2022-03-28 01:59:19,542.55
2022-03-28 01:59:24,542.54
2022-03-28 01:59:29,542.54
2022-03-28 01:59:34,542.61
2022-03-28 01:59:39,542.54
2022-03-28 01:59:44,542.61
2022-03-28 01:59:49,542.61
2022-03-28 01:59:54,542.54
2022-03-28 01:59:59,542.54
2022-03-28 02:00:04,542.54
2022-03-28 02:00:09,542.54
2022-03-28 02:00:14,542.6
2022-03-28 02:00:19,542.54
2022-03-28 02:00:24,542.54
2022-03-28 02:00:29,542.54
2022-03-28 02:00:34,542.54
2022-03-28 02:00:39,542.47
2022-03-28 02:00:44,542.47
2022-03-28 02:00:49,542.47
2022-03-28 02:00:54,542.44
2022-03-28 02:00:59,542.44
2022-03-28 02:01:04,542.37
2022-03-28 02:01:09,542.37
2022-03-28 02:01:14,542.37
2022-03-28 02:01:19,530.5748235292775
2022-03-28 02:01:24,542.3
2022-03-28 02:01:29,542.24
2022-03-28 02:01:34,542.21
2022-03-28 02:01:39,542.14
2022-03-28 02:01:44,542.14
2022-03-28 02:01:49,542.08
2022-03-28 02:01:54,542.01
2022-03-28 02:01:59,541.95
2022-03-28 02:02:04,541.92
2022-03-28 02:02:09,541.85
2022-03-28 02:02:14,541.85
2022-03-28 02:02:19,541.79
2022-03-28 02:02:24,541.79
2022-03-28 02:02:29,541.69
2022-03-28 02:02:34,541.62
2022-03-28 02:02:39,541.56
2022-03-28 02:02:44,541.49
2022-03-28 02:02:49,541.43
2022-03-28 02:02:54,541.4
2022-03-28 02:02:59,541.33
2022-03-28 02:03:04,541.27
2022-03-28 02:03:09,541.21
2022-03-28 02:03:14,541.17
2022-03-28 02:03:19,541.17
2022-03-28 02:03:24,541.04
2022-03-28 02:03:29,541.04
2022-03-28 02:03:34,540.92
2022-03-28 02:03:39,540.92
2022-03-28 02:03:44,529.4299094234958
2022-03-28 02:03:49,540.82
2022-03-28 02:03:54,540.76
2022-03-28 02:03:59,540.69
2022-03-28 02:04:04,529.2842994294232
2022-03-28 02:04:09,529.2483838604903
2022-03-28 02:04:14,540.53
2022-03-28 02:04:19,540.47
2022-03-28 02:04:24,529.1418174584524
2022-03-28 02:04:29,540.24
2022-03-28 02:04:34,540.24
2022-03-28 02:04:39,540.18
2022-03-28 02:04:44,540.08
2022-03-28 02:04:49,540.08
2022-03-28 02:04:54,540.02
2022-03-28 02:04:59,539.89
2022-03-28 02:05:04,539.79
2022-03-28 02:05:09,539.86
2022-03-28 02:05:14,539.73
2022-03-28 02:05:19,539.63
2022-03-28 02:05:24,539.63
2022-03-28 02:05:29,528.7009183155105
2022-03-28 02:05:34,539.44
2022-03-28 02:05:39,539.37
2022-03-28 02:05:44,539.28
2022-03-28 02:05:49,539.22
2022-03-28 02:05:54,539.15
2022-03-28 02:05:59,528.5091799394619
2022-03-28 02:06:04,538.99
2022-03-28 02:06:09,538.99
2022-03-28 02:06:14,538.93
2022-03-28 02:06:19,538.86
2022-03-28 02:06:24,528.3552290392253
2022-03-28 02:06:29,528.3250837322921
2022-03-28 02:06:34,538.7
2022-03-28 02:06:39,538.6
2022-03-28 02:06:44,538.54
2022-03-28 02:06:49,538.47
2022-03-28 02:06:54,528.1776216917355
2022-03-28 02:06:59,538.41
2022-03-28 02:07:04,538.31
2022-03-28 02:07:09,538.31
2022-03-28 02:07:14,538.25
2022-03-28 02:07:19,538.12
2022-03-28 02:07:24,538.09
2022-03-28 02:07:29,538.02
2022-03-28 02:07:34,527.9531763917298
2022-03-28 02:07:39,537.89
2022-03-28 02:07:44,537.83
2022-03-28 02:07:49,527.8727207333617
2022-03-28 02:07:54,537.67
2022-03-28 02:07:59,527.820224081187
2022-03-28 02:08:04,537.6
2022-03-28 02:08:09,537.6
2022-03-28 02:08:14,537.5
2022-03-28 02:08:19,537.44
2022-03-28 02:08:24,537.37
2022-03-28 02:08:29,537.37
2022-03-28 02:08:34,537.27
2022-03-28 02:08:39,537.27
2022-03-28 02:08:44,537.21
2022-03-28 02:08:49,537.14
2022-03-28 02:08:54,537.08
2022-03-28 02:08:59,537.05
2022-03-28 02:09:04,536.98
2022-03-28 02:09:09,536.92
2022-03-28 02:09:14,536.85
2022-03-28 02:09:19,536.79
2022-03-28 02:09:24,536.75
2022-03-28 02:09:29,536.68
2022-03-28 02:09:34,536.69
2022-03-28 02:09:39,527.3467751271548
2022-03-28 02:09:44,536.55
2022-03-28 02:09:49,527.3047103998448
2022-03-28 02:09:54,536.46
2022-03-28 02:09:59,536.46
2022-03-28 02:10:04,536.45
2022-03-28 02:10:09,536.45
2022-03-28 02:10:14,536.39
2022-03-28 02:10:19,536.33
2022-03-28 02:10:24,536.33
2022-03-28 02:10:29,536.32
2022-03-28 02:10:34,536.32
2022-03-28 02:10:39,536.32
2022-03-28 02:10:44,536.32
2022-03-28 02:10:49,536.32
2022-03-28 02:10:54,536.25
2022-03-28 02:10:59,527.0381187599693
2022-03-28 02:11:04,536.32
2022-03-28 02:11:09,536.25
2022-03-28 02:11:14,536.25
2022-03-28 02:11:19,536.24
2022-03-28 02:11:24,536.24
2022-03-28 02:11:29,536.24
2022-03-28 02:11:34,536.24
2022-03-28 02:11:39,536.24
2022-03-28 02:11:44,526.8931146746387
2022-03-28 02:11:49,536.24
2022-03-28 02:11:54,536.3
2022-03-28 02:11:59,536.3
2022-03-28 02:12:04,536.37
2022-03-28 02:12:09,536.36
2022-03-28 02:12:14,536.43
2022-03-28 02:12:19,536.43
2022-03-28 02:12:24,526.7820641535054
2022-03-28 02:12:29,536.52
2022-03-28 02:12:34,536.52
2022-03-28 02:12:39,536.59
2022-03-28 02:12:44,536.59
2022-03-28 02:12:49,536.65
2022-03-28 02:12:54,536.74
2022-03-28 02:12:59,536.74
2022-03-28 02:13:04,536.87
2022-03-28 02:13:09,536.87
2022-03-28 02:13:14,537.0
2022-03-28 02:13:19,526.6575002542014
2022-03-28 02:13:24,526.6478202428096
2022-03-28 02:13:29,537.16
2022-03-28 02:13:34,526.6292851529789
2022-03-28 02:13:39,537.32
2022-03-28 02:13:44,537.38
2022-03-28 02:13:49,537.45
2022-03-28 02:13:54,537.55
2022-03-28 02:13:59,537.61
2022-03-28 02:14:04,537.67
2022-03-28 02:14:09,537.74
2022-03-28 02:14:14,537.84
2022-03-28 02:14:19,537.9
2022-03-28 02:14:24,538.03
2022-03-28 02:14:29,526.5466537724329
2022-03-28 02:14:34,538.19
2022-03-28 02:14:39,538.25
2022-03-28 02:14:44,538.35
2022-03-28 02:14:49,538.41
2022-03-28 02:14:54,538.54
2022-03-28 02:14:59,538.54
2022-03-28 02:15:04,538.64
2022-03-28 02:15:09,538.77
2022-03-28 02:15:14,538.8
2022-03-28 02:15:19,538.93
2022-03-28 02:15:24,538.99
2022-03-28 02:15:29,539.05
2022-03-28 02:15:34,539.15
2022-03-28 02:15:39,539.22
2022-03-28 02:15:44,539.28
2022-03-28 02:15:49,539.38
2022-03-28 02:15:54,539.5
2022-03-28 02:15:59,539.6
2022-03-28 02:16:04,539.73
2022-03-28 02:16:09,526.4765739208035
2022-03-28 02:16:14,539.89
2022-03-28 02:16:19,540.02
2022-03-28 02:16:24,540.18
2022-03-28 02:16:29,540.25
2022-03-28 02:16:34,540.31
2022-03-28 02:16:39,540.41
2022-03-28 02:16:44,540.54
2022-03-28 02:16:49,540.63
2022-03-28 02:16:54,540.7
2022-03-28 02:16:59,540.83
2022-03-28 02:17:04,540.86
2022-03-28 02:17:09,540.99
2022-03-28 02:17:14,541.05
2022-03-28 02:17:19,541.15
2022-03-28 02:17:24,541.28
2022-03-28 02:17:29,526.4902571106157
2022-03-28 02:17:34,541.38
2022-03-28 02:17:39,541.51
2022-03-28 02:17:44,541.57
2022-03-28 02:17:49,541.64
2022-03-28 02:17:54,541.67
2022-03-28 02:17:59,541.73
2022-03-28 02:18:04,541.73
2022-03-28 02:18:09,541.86
2022-03-28 02:18:14,541.86
2022-03-28 02:18:19,541.96
2022-03-28 02:18:24,541.96
2022-03-28 02:18:29,542.02
2022-03-28 02:18:34,542.15
2022-03-28 02:18:39,542.15
2022-03-28 02:18:44,542.19
2022-03-28 02:18:49,542.25
2022-03-28 02:18:54,542.31
2022-03-28 02:18:59,542.38
2022-03-28 02:19:04,542.41
2022-03-28 02:19:09,542.48
2022-03-28 02:19:14,542.54
2022-03-28 02:19:19,542.6
2022-03-28 02:19:24,542.61
2022-03-28 02:19:29,542.67
2022-03-28 02:19:34,542.7
2022-03-28 02:19:39,526.6329088136556
2022-03-28 02:19:44,542.83
2022-03-28 02:19:49,542.89
2022-03-28 02:19:54,542.89
2022-03-28 02:19:59,542.93
2022-03-28 02:20:04,542.93
2022-03-28 02:20:09,542.93
2022-03-28 02:20:14,542.99
2022-03-28 02:20:19,543.06
2022-03-28 02:20:24,543.06
2022-03-28 02:20:29,543.06
2022-03-28 02:20:34,543.19
2022-03-28 02:20:39,543.18
2022-03-28 02:20:44,526.7552772448661
2022-03-28 02:20:49,543.22
2022-03-28 02:20:54,543.22
2022-03-28 02:20:59,543.28
2022-03-28 02:21:04,543.28
2022-03-28 02:21:09,543.28
2022-03-28 02:21:14,543.28
2022-03-28 02:21:19,543.28
2022-03-28 02:21:24,543.28
2022-03-28 02:21:29,543.28
2022-03-28 02:21:34,543.28
2022-03-28 02:21:39,543.28
2022-03-28 02:21:44,543.28
2022-03-28 02:21:49,543.22
2022-03-28 02:21:54,543.22
2022-03-28 02:21:59,543.22
2022-03-28 02:22:04,543.22
2022-03-28 02:22:09,543.22
2022-03-28 02:22:14,543.22
2022-03-28 02:22:19,543.19
2022-03-28 02:22:24,543.19
2022-03-28 02:22:29,543.19
2022-03-28 02:22:34,543.19
2022-03-28 02:22:39,527.0461781366143
2022-03-28 02:22:44,543.19
2022-03-28 02:22:49,543.13
2022-03-28 02:22:54,543.13
2022-03-28 02:22:59,543.06
2022-03-28 02:23:04,527.1209962044637
2022-03-28 02:23:09,543.0
2022-03-28 02:23:14,543.06
2022-03-28 02:23:19,543.0
2022-03-28 02:23:24,543.06
2022-03-28 02:23:29,543.0
2022-03-28 02:23:34,543.0
2022-03-28 02:23:39,542.94
2022-03-28 02:23:44,527.2486532504814
2022-03-28 02:23:49,542.91
2022-03-28 02:23:54,542.91
2022-03-28 02:23:59,542.84
2022-03-28 02:24:04,542.84
2022-03-28 02:24:09,542.78
2022-03-28 02:24:14,542.78
2022-03-28 02:24:19,542.72
2022-03-28 02:24:24,542.68
2022-03-28 02:24:29,542.62
2022-03-28 02:24:34,542.69
2022-03-28 02:24:39,542.62
2022-03-28 02:24:44,542.56
2022-03-28 02:24:49,542.56
2022-03-28 02:24:54,542.56
2022-03-28 02:24:59,542.56
2022-03-28 02:25:04,542.56
2022-03-28 02:25:09,542.5
2022-03-28 02:25:14,542.44
2022-03-28 02:25:19,542.4
2022-03-28 02:25:24,542.44
2022-03-28 02:25:29,527.6266828835579
2022-03-28 02:25:34,527.6461199779612
2022-03-28 02:25:39,542.41
2022-03-28 02:25:44,542.41
2022-03-28 02:25:49,542.34
2022-03-28 02:25:54,542.34
2022-03-28 02:25:59,542.34
2022-03-28 02:26:04,542.35
2022-03-28 02:26:09,542.35
2022-03-28 02:26:14,542.28
2022-03-28 02:26:19,542.28
2022-03-28 02:26:24,542.28
2022-03-28 02:26:29,527.8677821258142
2022-03-28 02:26:34,542.19
2022-03-28 02:26:39,542.22
2022-03-28 02:26:44,542.22
2022-03-28 02:26:49,527.9517891019509
2022-03-28 02:26:54,542.19
2022-03-28 02:26:59,542.13
2022-03-28 02:27:04,542.13
2022-03-28 02:27:09,528.037504698447
2022-03-28 02:27:14,542.13
2022-03-28 02:27:19,528.080982292955
2022-03-28 02:27:24,542.06
2022-03-28 02:27:29,542.0
2022-03-28 02:27:34,542.0
2022-03-28 02:27:39,542.0
2022-03-28 02:27:44,542.0
2022-03-28 02:27:49,541.94
2022-03-28 02:27:54,541.91
2022-03-28 02:27:59,541.91
2022-03-28 02:28:04,541.84
2022-03-28 02:28:09,541.84
2022-03-28 02:28:14,541.78
2022-03-28 02:28:19,541.78
2022-03-28 02:28:24,541.71
2022-03-28 02:28:29,541.68
2022-03-28 02:28:34,541.68
2022-03-28 02:28:39,541.62
2022-03-28 02:28:44,541.55
2022-03-28 02:28:49,541.49
2022-03-28 02:28:54,541.42
2022-03-28 02:28:59,541.39
2022-03-28 02:29:04,541.33
2022-03-28 02:29:09,541.27
2022-03-28 02:29:14,541.17
2022-03-28 02:29:19,541.17
2022-03-28 02:29:24,541.04
2022-03-28 02:29:29,541.04
2022-03-28 02:29:34,540.97
2022-03-28 02:29:39,540.91
2022-03-28 02:29:44,540.91
2022-03-28 02:29:49,540.81
2022-03-28 02:29:54,540.81
2022-03-28 02:29:59,540.68
2022-03-28 02:30:04,540.68
2022-03-28 02:30:09,528.8728447052415
2022-03-28 02:30:14,528.8973480431567
2022-03-28 02:30:19,540.59
2022-03-28 02:30:24,540.52
2022-03-28 02:30:29,540.45
2022-03-28 02:30:34,540.39
2022-03-28 02:30:39,540.35
2022-03-28 02:30:44,540.29
2022-03-28 02:30:49,529.0702757849831
2022-03-28 02:30:54,540.22
2022-03-28 02:30:59,540.22
2022-03-28 02:31:04,529.1450646950553
2022-03-28 02:31:09,540.13
2022-03-28 02:31:14,540.06
2022-03-28 02:31:19,540.06
2022-03-28 02:31:24,540.0
2022-03-28 02:31:29,539.93
2022-03-28 02:31:34,539.93
2022-03-28 02:31:39,539.87
2022-03-28 02:31:44,539.84
2022-03-28 02:31:49,539.83
2022-03-28 02:31:54,529.3967013582251
2022-03-28 02:31:59,529.4220278985072
2022-03-28 02:32:04,539.64
2022-03-28 02:32:09,539.64
2022-03-28 02:32:14,529.4981468533849
2022-03-28 02:32:19,539.6
2022-03-28 02:32:24,539.6
2022-03-28 02:32:29,539.54
2022-03-28 02:32:34,539.54
2022-03-28 02:32:39,529.6253940535422
2022-03-28 02:32:44,539.47
2022-03-28 02:32:49,539.47
2022-03-28 02:32:54,529.7019114798192
2022-03-28 02:32:59,539.41
2022-03-28 02:33:04,539.41
2022-03-28 02:33:09,539.41
2022-03-28 02:33:14,539.41
2022-03-28 02:33:19,539.41
2022-03-28 02:33:24,539.41
2022-03-28 02:33:29,539.4
2022-03-28 02:33:34,539.41
2022-03-28 02:33:39,539.41
2022-03-28 02:33:44,539.34
2022-03-28 02:33:49,539.34
2022-03-28 02:33:54,539.34
2022-03-28 02:33:59,539.31
2022-03-28 02:34:04,539.31
2022-03-28 02:34:09,539.31
2022-03-28 02:34:14,539.31
2022-03-28 02:34:19,539.24
2022-03-28 02:34:24,539.24
2022-03-28 02:34:29,539.18
2022-03-28 02:34:34,539.11
2022-03-28 02:34:39,539.11
2022-03-28 02:34:44,530.2631484329116
2022-03-28 02:34:49,539.08
2022-03-28 02:34:54,539.01
2022-03-28 02:34:59,530.3392162969806
2022-03-28 02:35:04,530.3645237427179
2022-03-28 02:35:09,538.89
2022-03-28 02:35:14,538.89
2022-03-28 02:35:19,538.89
2022-03-28 02:35:24,538.79
2022-03-28 02:35:29,538.79
2022-03-28 02:35:34,538.79
2022-03-28 02:35:39,538.73
2022-03-28 02:35:44,538.73
2022-03-28 02:35:49,530.5909322458475
2022-03-28 02:35:54,538.66
2022-03-28 02:35:59,538.6
2022-03-28 02:36:04,538.6
2022-03-28 02:36:09,538.6
2022-03-28 02:36:14,538.57
2022-03-28 02:36:19,538.5
2022-03-28 02:36:24,538.57
2022-03-28 02:36:29,538.5
2022-03-28 02:36:34,538.5
2022-03-28 02:36:39,538.44
2022-03-28 02:36:44,538.44
2022-03-28 02:36:49,530.887740986487
2022-03-28 02:36:54,538.37
2022-03-28 02:36:59,538.37
2022-03-28 02:37:04,530.9607914317859
2022-03-28 02:37:09,538.31
2022-03-28 02:37:14,538.31
2022-03-28 02:37:19,538.31
2022-03-28 02:37:24,531.0573539562986
2022-03-28 02:37:29,538.28
2022-03-28 02:37:34,538.31
2022-03-28 02:37:39,538.31
2022-03-28 02:37:44,538.31
2022-03-28 02:37:49,538.28
2022-03-28 02:37:54,538.31
2022-03-28 02:37:59,538.32
2022-03-28 02:38:04,538.32
2022-03-28 02:38:09,538.38
2022-03-28 02:38:14,538.38
2022-03-28 02:38:19,531.3172843623909
2022-03-28 02:38:24,538.38
2022-03-28 02:38:29,531.3635585180295
2022-03-28 02:38:34,538.45
2022-03-28 02:38:39,538.45
2022-03-28 02:38:44,538.45
2022-03-28 02:38:49,531.4551036233738
2022-03-28 02:38:54,538.51
2022-03-28 02:38:59,538.51
2022-03-28 02:39:04,538.51
2022-03-28 02:39:09,538.58
2022-03-28 02:39:14,538.61
2022-03-28 02:39:19,538.61
2022-03-28 02:39:24,538.61
2022-03-28 02:39:29,538.68
2022-03-28 02:39:34,538.74
2022-03-28 02:39:39,538.74
2022-03-28 02:39:44,531.699315370045
2022-03-28 02:39:49,538.84
2022-03-28 02:39:54,538.83
2022-03-28 02:39:59,538.83
2022-03-28 02:40:04,538.9
2022-03-28 02:40:09,538.96
2022-03-28 02:40:14,538.96
2022-03-28 02:40:19,531.848334374305
2022-03-28 02:40:24,539.03
2022-03-28 02:40:29,539.09
2022-03-28 02:40:34,539.09
2022-03-28 02:40:39,539.09
2022-03-28 02:40:44,539.09
2022-03-28 02:40:49,539.12
2022-03-28 02:40:54,539.19
2022-03-28 02:40:59,539.18
2022-03-28 02:41:04,539.18
2022-03-28 02:41:09,539.18
2022-03-28 02:41:14,539.19
2022-03-28 02:41:19,539.18
2022-03-28 02:41:24,539.18
2022-03-28 02:41:29,539.18
2022-03-28 02:41:34,539.18
2022-03-28 02:41:39,539.18
2022-03-28 02:41:44,539.18
2022-03-28 02:41:49,539.11
2022-03-28 02:41:54,539.11
2022-03-28 02:41:59,539.11
2022-03-28 02:42:04,532.2604056006519
2022-03-28 02:42:09,539.11
2022-03-28 02:42:14,539.11
2022-03-28 02:42:19,532.3145820234371
2022-03-28 02:42:24,539.08
2022-03-28 02:42:29,539.01
2022-03-28 02:42:34,539.07
2022-03-28 02:42:39,532.3849293951394
2022-03-28 02:42:44,532.402177314849
2022-03-28 02:42:49,539.01
2022-03-28 02:42:54,538.94
2022-03-28 02:42:59,538.94
2022-03-28 02:43:04,538.94
2022-03-28 02:43:09,538.94
2022-03-28 02:43:14,538.94
2022-03-28 02:43:19,538.94
2022-03-28 02:43:24,538.94
2022-03-28 02:43:29,538.94
2022-03-28 02:43:34,538.94
2022-03-28 02:43:39,538.87
2022-03-28 02:43:44,538.87
2022-03-28 02:43:49,538.87
2022-03-28 02:43:54,538.87
2022-03-28 02:43:59,538.87
2022-03-28 02:44:04,538.86
2022-03-28 02:44:09,538.86
2022-03-28 02:44:14,538.93
2022-03-28 02:44:19,532.703717949324
2022-03-28 02:44:24,532.7181921902876
2022-03-28 02:44:29,538.86
2022-03-28 02:44:34,532.7467158181286
2022-03-28 02:44:39,538.86
2022-03-28 02:44:44,538.86
2022-03-28 02:44:49,538.86
2022-03-28 02:44:54,538.86
2022-03-28 02:44:59,532.8155339330638
2022-03-28 02:45:04,538.86
2022-03-28 02:45:09,532.8420591095474
2022-03-28 02:45:14,538.86
2022-03-28 02:45:19,538.86
2022-03-28 02:45:24,538.92
2022-03-28 02:45:29,538.92
2022-03-28 02:45:34,538.92
2022-03-28 02:45:39,538.92
2022-03-28 02:45:44,538.98
2022-03-28 02:45:49,538.98
2022-03-28 02:45:54,538.98
2022-03-28 02:45:59,538.98
2022-03-28 02:46:04,538.98
2022-03-28 02:46:09,532.989041248103
2022-03-28 02:46:14,538.98
2022-03-28 02:46:19,538.98
2022-03-28 02:46:24,538.98
2022-03-28 02:46:29,538.98
2022-03-28 02:46:34,539.05
2022-03-28 02:46:39,539.04
2022-03-28 02:46:44,539.08
2022-03-28 02:46:49,539.08
2022-03-28 02:46:54,539.14
2022-03-28 02:46:59,539.08
2022-03-28 02:47:04,539.08
2022-03-28 02:47:09,533.1148243730104
2022-03-28 02:47:14,539.14
2022-03-28 02:47:19,539.14
2022-03-28 02:47:24,539.21
2022-03-28 02:47:29,539.21
2022-03-28 02:47:34,539.27
2022-03-28 02:47:39,539.3
2022-03-28 02:47:44,539.31
2022-03-28 02:47:49,539.27
2022-03-28 02:47:54,539.31
2022-03-28 02:47:59,539.37
2022-03-28 02:48:04,539.37
2022-03-28 02:48:09,539.44
2022-03-28 02:48:14,539.5
2022-03-28 02:48:19,539.57
2022-03-28 02:48:24,539.56
2022-03-28 02:48:29,539.6
2022-03-28 02:48:34,539.6
2022-03-28 02:48:39,539.66
2022-03-28 02:48:44,533.2694828027652
2022-03-28 02:48:49,539.79
2022-03-28 02:48:54,539.73
2022-03-28 02:48:59,539.79
2022-03-28 02:49:04,539.83
2022-03-28 02:49:09,539.83
2022-03-28 02:49:14,539.89
2022-03-28 02:49:19,539.83
2022-03-28 02:49:24,539.83
2022-03-28 02:49:29,539.89
2022-03-28 02:49:34,539.89
2022-03-28 02:49:39,539.96
2022-03-28 02:49:44,539.96
2022-03-28 02:49:49,539.96
2022-03-28 02:49:54,540.02
2022-03-28 02:49:59,539.96
2022-03-28 02:50:04,540.03
2022-03-28 02:50:09,540.03
2022-03-28 02:50:14,540.03
2022-03-28 02:50:19,540.09
2022-03-28 02:50:24,540.09
2022-03-28 02:50:29,540.09
2022-03-28 02:50:34,540.12
2022-03-28 02:50:39,540.12
2022-03-28 02:50:44,533.3843124212602
2022-03-28 02:50:49,540.13
2022-03-28 02:50:54,540.12
2022-03-28 02:50:59,540.13
2022-03-28 02:51:04,540.13
2022-03-28 02:51:09,540.13
2022-03-28 02:51:14,540.13
2022-03-28 02:51:19,540.19
2022-03-28 02:51:24,540.19
2022-03-28 02:51:29,540.13
2022-03-28 02:51:34,540.13
2022-03-28 02:51:39,540.19
2022-03-28 02:51:44,540.13
2022-03-28 02:51:49,540.2
2022-03-28 02:51:54,540.13
2022-03-28 02:51:59,540.19
2022-03-28 02:52:04,540.26
2022-03-28 02:52:09,540.2
2022-03-28 02:52:14,540.2
2022-03-28 02:52:19,540.2
2022-03-28 02:52:24,540.2
2022-03-28 02:52:29,540.2
2022-03-28 02:52:34,540.26
2022-03-28 02:52:39,533.4067849869031
2022-03-28 02:52:44,540.26
2022-03-28 02:52:49,540.27
2022-03-28 02:52:54,540.27
2022-03-28 02:52:59,540.27
2022-03-28 02:53:04,540.26
2022-03-28 02:53:09,540.33
2022-03-28 02:53:14,533.3961003460786
2022-03-28 02:53:19,540.33
2022-03-28 02:53:24,533.3915195237935
2022-03-28 02:53:29,540.33
2022-03-28 02:53:34,533.3862555879716
2022-03-28 02:53:39,540.33
2022-03-28 02:53:44,540.27
2022-03-28 02:53:49,533.3770741066709
2022-03-28 02:53:54,540.27
2022-03-28 02:53:59,540.27
2022-03-28 02:54:04,540.27
2022-03-28 02:54:09,540.2
2022-03-28 02:54:14,540.27
2022-03-28 02:54:19,540.27
2022-03-28 02:54:24,540.27
2022-03-28 02:54:29,540.2
2022-03-28 02:54:34,540.27
2022-03-28 02:54:39,540.27
2022-03-28 02:54:44,540.27
2022-03-28 02:54:49,540.27
2022-03-28 02:54:54,540.27
2022-03-28 02:54:59,540.27
2022-03-28 02:55:04,540.27
2022-03-28 02:55:09,540.34
2022-03-28 02:55:14,540.27
2022-03-28 02:55:19,540.21
2022-03-28 02:55:24,540.27
2022-03-28 02:55:29,540.21
2022-03-28 02:55:34,540.21
2022-03-28 02:55:39,540.21
2022-03-28 02:55:44,540.15
2022-03-28 02:55:49,540.11
2022-03-28 02:55:54,540.11
2022-03-28 02:55:59,540.05
2022-03-28 02:56:04,540.05
2022-03-28 02:56:09,539.99
2022-03-28 02:56:14,540.05
2022-03-28 02:56:19,539.99
2022-03-28 02:56:24,539.99
2022-03-28 02:56:29,539.99
2022-03-28 02:56:34,539.86
2022-03-28 02:56:39,539.86
2022-03-28 02:56:44,539.86
2022-03-28 02:56:49,533.1449027244054
2022-03-28 02:56:54,539.83
2022-03-28 02:56:59,539.7
2022-03-28 02:57:04,533.1156979994354
2022-03-28 02:57:09,539.7
2022-03-28 02:57:14,539.64
2022-03-28 02:57:19,539.64
2022-03-28 02:57:24,539.61
2022-03-28 02:57:29,533.0639966863755
2022-03-28 02:57:34,539.55
2022-03-28 02:57:39,539.55
2022-03-28 02:57:44,539.48
2022-03-28 02:57:49,539.49
2022-03-28 02:57:54,539.49
2022-03-28 02:57:59,539.55
2022-03-28 02:58:04,539.49
2022-03-28 02:58:09,539.49
2022-03-28 02:58:14,539.49
2022-03-28 02:58:19,539.43
2022-03-28 02:58:24,539.43
2022-03-28 02:58:29,539.49
2022-03-28 02:58:34,539.43
2022-03-28 02:58:39,539.37
2022-03-28 02:58:44,539.43
2022-03-28 02:58:49,539.43
2022-03-28 02:58:54,539.43
2022-03-28 02:58:59,532.8491081697995
2022-03-28 02:59:04,532.8359584315523
2022-03-28 02:59:09,539.43
2022-03-28 02:59:14,539.44
2022-03-28 02:59:19,539.44
2022-03-28 02:59:24,539.44
2022-03-28 02:59:29,532.7684683234419
2022-03-28 02:59:34,539.44
2022-03-28 02:59:39,539.44
2022-03-28 02:59:44,539.44
2022-03-28 02:59:49,539.51
2022-03-28 02:59:54,539.44
2022-03-28 02:59:59,532.6838376802217
2022-03-28 03:00:04,539.51
2022-03-28 03:00:09,539.51
2022-03-28 03:00:14,539.51
2022-03-28 03:00:19,532.6253525490188
2022-03-28 03:00:24,539.51
2022-03-28 03:00:29,539.51
2022-03-28 03:00:34,539.44
2022-03-28 03:00:39,532.5653223407896
2022-03-28 03:00:44,539.51
2022-03-28 03:00:49,539.51
2022-03-28 03:00:54,539.51
2022-03-28 03:00:59,539.45
2022-03-28 03:01:04,539.51
2022-03-28 03:01:09,539.45
2022-03-28 03:01:14,539.44
2022-03-28 03:01:19,539.51
2022-03-28 03:01:24,539.45
2022-03-28 03:01:29,539.44
2022-03-28 03:01:34,539.45
2022-03-28 03:01:39,539.45
2022-03-28 03:01:44,539.45
2022-03-28 03:01:49,539.51
2022-03-28 03:01:54,539.38
2022-03-28 03:01:59,539.45
2022-03-28 03:02:04,539.45
2022-03-28 03:02:09,539.45
2022-03-28 03:02:14,539.45
2022-03-28 03:02:19,539.38
2022-03-28 03:02:24,539.38
2022-03-28 03:02:29,539.38
2022-03-28 03:02:34,539.38
2022-03-28 03:02:39,539.38
2022-03-28 03:02:44,539.35
2022-03-28 03:02:49,532.1437800989677
2022-03-28 03:02:54,539.28
2022-03-28 03:02:59,539.28
2022-03-28 03:03:04,539.28
2022-03-28 03:03:09,532.0750765965107
2022-03-28 03:03:14,539.21
2022-03-28 03:03:19,539.28
2022-03-28 03:03:24,539.21
2022-03-28 03:03:29,539.21
2022-03-28 03:03:34,539.21
2022-03-28 03:03:39,539.21
2022-03-28 03:03:44,539.21
2022-03-28 03:03:49,539.15
2022-03-28 03:03:54,539.21
2022-03-28 03:03:59,539.15
2022-03-28 03:04:04,539.14
2022-03-28 03:04:09,539.14
2022-03-28 03:04:14,539.14
2022-03-28 03:04:19,539.14
2022-03-28 03:04:24,531.811346786832
2022-03-28 03:04:29,539.14
2022-03-28 03:04:34,539.11
2022-03-28 03:04:39,539.14
2022-03-28 03:04:44,539.14
2022-03-28 03:04:49,539.14
2022-03-28 03:04:54,531.7039118292747
2022-03-28 03:04:59,539.2
2022-03-28 03:05:04,539.1
2022-03-28 03:05:09,539.14
2022-03-28 03:05:14,539.14
2022-03-28 03:05:19,539.14
2022-03-28 03:05:24,539.13
2022-03-28 03:05:29,539.2
2022-03-28 03:05:34,539.13
2022-03-28 03:05:39,539.13
2022-03-28 03:05:44,531.5235673764021
2022-03-28 03:05:49,539.13
2022-03-28 03:05:54,539.13
2022-03-28 03:05:59,531.4693269903654
2022-03-28 03:06:04,539.13
2022-03-28 03:06:09,539.13
2022-03-28 03:06:14,531.4150919335423
2022-03-28 03:06:19,539.13
2022-03-28 03:06:24,539.19
2022-03-28 03:06:29,531.3609007839492
2022-03-28 03:06:34,539.19
2022-03-28 03:06:39,531.324816794665
2022-03-28 03:06:44,539.19
2022-03-28 03:06:49,539.19
2022-03-28 03:06:54,531.2707845527144
2022-03-28 03:06:59,539.26
2022-03-28 03:07:04,531.2348422222442
2022-03-28 03:07:09,539.32
2022-03-28 03:07:14,531.1989765587156
2022-03-28 03:07:19,539.35
2022-03-28 03:07:24,539.35
2022-03-28 03:07:29,539.35
2022-03-28 03:07:34,539.41
2022-03-28 03:07:39,539.41
2022-03-28 03:07:44,539.48
2022-03-28 03:07:49,539.54
2022-03-28 03:07:54,539.54
2022-03-28 03:07:59,539.54
2022-03-28 03:08:04,531.0211983135147
2022-03-28 03:08:09,539.61
2022-03-28 03:08:14,539.6
2022-03-28 03:08:19,539.64
2022-03-28 03:08:24,539.64
2022-03-28 03:08:29,539.7
2022-03-28 03:08:34,530.9161829231907
2022-03-28 03:08:39,539.77
2022-03-28 03:08:44,539.77
2022-03-28 03:08:49,539.83
2022-03-28 03:08:54,539.83
2022-03-28 03:08:59,539.84
2022-03-28 03:09:04,539.86
2022-03-28 03:09:09,539.86
2022-03-28 03:09:14,539.93
2022-03-28 03:09:19,539.93
2022-03-28 03:09:24,540.0
2022-03-28 03:09:29,540.0
2022-03-28 03:09:34,540.06
2022-03-28 03:09:39,530.6946046629799
2022-03-28 03:09:44,540.06
2022-03-28 03:09:49,530.6613904699709
2022-03-28 03:09:54,540.13
2022-03-28 03:09:59,540.13
2022-03-28 03:10:04,540.16
2022-03-28 03:10:09,540.16
2022-03-28 03:10:14,540.16
2022-03-28 03:10:19,540.22
2022-03-28 03:10:24,540.22
2022-03-28 03:10:29,540.29
2022-03-28 03:10:34,530.5156679783812
2022-03-28 03:10:39,540.29
2022-03-28 03:10:44,540.29
2022-03-28 03:10:49,540.35
2022-03-28 03:10:54,540.35
2022-03-28 03:10:59,540.35
2022-03-28 03:11:04,540.35
2022-03-28 03:11:09,540.39
2022-03-28 03:11:14,540.39
2022-03-28 03:11:19,540.35
2022-03-28 03:11:24,540.38
2022-03-28 03:11:29,540.38
2022-03-28 03:11:34,540.38
2022-03-28 03:11:39,540.39
2022-03-28 03:11:44,540.45
2022-03-28 03:11:49,540.45
2022-03-28 03:11:54,540.45
2022-03-28 03:11:59,540.45
2022-03-28 03:12:04,540.45
2022-03-28 03:12:09,540.51
2022-03-28 03:12:14,540.51
2022-03-28 03:12:19,530.2090458405763
2022-03-28 03:12:24,540.51
2022-03-28 03:12:29,540.51
2022-03-28 03:12:34,540.58
2022-03-28 03:12:39,540.51
2022-03-28 03:12:44,540.51
2022-03-28 03:12:49,540.51
2022-03-28 03:12:54,540.51
2022-03-28 03:12:59,540.51
2022-03-28 03:13:04,540.51
2022-03-28 03:13:09,540.51
2022-03-28 03:13:14,540.51
2022-03-28 03:13:19,540.5
2022-03-28 03:13:24,540.5
2022-03-28 03:13:29,540.5
2022-03-28 03:13:34,540.5
2022-03-28 03:13:39,530.0197633484004
2022-03-28 03:13:44,540.5
2022-03-28 03:13:49,540.5
2022-03-28 03:13:54,540.5
2022-03-28 03:13:59,540.44
2022-03-28 03:14:04,540.43
2022-03-28 03:14:09,540.43
2022-03-28 03:14:14,529.9523786258491
2022-03-28 03:14:19,540.43
2022-03-28 03:14:24,529.9350645591735
2022-03-28 03:14:29,540.36
2022-03-28 03:14:34,540.36
2022-03-28 03:14:39,540.36
2022-03-28 03:14:44,529.9031697641374
2022-03-28 03:14:49,540.36
2022-03-28 03:14:54,540.36
2022-03-28 03:14:59,540.32
2022-03-28 03:15:04,540.36
2022-03-28 03:15:09,540.36
2022-03-28 03:15:14,540.32
2022-03-28 03:15:19,529.8565994180072
2022-03-28 03:15:24,529.8509527460182
2022-03-28 03:15:29,540.32
2022-03-28 03:15:34,540.32
2022-03-28 03:15:39,540.32
2022-03-28 03:15:44,540.25
2022-03-28 03:15:49,540.25
2022-03-28 03:15:54,540.25
2022-03-28 03:15:59,540.25
2022-03-28 03:16:04,540.24
2022-03-28 03:16:09,540.24
2022-03-28 03:16:14,529.8092634579992
2022-03-28 03:16:19,540.18
2022-03-28 03:16:24,540.24
2022-03-28 03:16:29,540.24
2022-03-28 03:16:34,540.3
2022-03-28 03:16:39,540.24
2022-03-28 03:16:44,540.3
2022-03-28 03:16:49,540.3
2022-03-28 03:16:54,540.3
2022-03-28 03:16:59,529.7963418716079
2022-03-28 03:17:04,540.3
2022-03-28 03:17:09,540.3
2022-03-28 03:17:14,540.3
2022-03-28 03:17:19,540.29
2022-03-28 03:17:24,540.29
2022-03-28 03:17:29,540.23
2022-03-28 03:17:34,540.23
2022-03-28 03:17:39,540.17
2022-03-28 03:17:44,540.17
2022-03-28 03:17:49,540.1
2022-03-28 03:17:54,540.07
2022-03-28 03:17:59,540.07
2022-03-28 03:18:04,540.0
2022-03-28 03:18:09,540.0
2022-03-28 03:18:14,539.87
2022-03-28 03:18:19,529.8375696795778
2022-03-28 03:18:24,539.81
2022-03-28 03:18:29,539.81
2022-03-28 03:18:34,539.71
2022-03-28 03:18:39,539.71
2022-03-28 03:18:44,539.64
2022-03-28 03:18:49,539.55
2022-03-28 03:18:54,529.8838974895218
2022-03-28 03:18:59,539.48
2022-03-28 03:19:04,539.42
2022-03-28 03:19:09,539.35
2022-03-28 03:19:14,539.29
2022-03-28 03:19:19,539.26
2022-03-28 03:19:24,539.19
2022-03-28 03:19:29,539.06
2022-03-28 03:19:34,539.06
2022-03-28 03:19:39,538.97
2022-03-28 03:19:44,538.9
2022-03-28 03:19:49,529.9946923550094
2022-03-28 03:19:54,538.77
2022-03-28 03:19:59,538.74
2022-03-28 03:20:04,538.67
2022-03-28 03:20:09,538.55
2022-03-28 03:20:14,538.51
2022-03-28 03:20:19,538.45
2022-03-28 03:20:24,538.39
2022-03-28 03:20:29,538.32
2022-03-28 03:20:34,538.22
2022-03-28 03:20:39,538.16
2022-03-28 03:20:44,538.03
2022-03-28 03:20:49,538.0
2022-03-28 03:20:54,537.94
2022-03-28 03:20:59,537.81
2022-03-28 03:21:04,537.71
2022-03-28 03:21:09,537.65
2022-03-28 03:21:14,537.52
2022-03-28 03:21:19,530.2850967471888
2022-03-28 03:21:24,530.305472629333
2022-03-28 03:21:29,537.29
2022-03-28 03:21:34,537.2
2022-03-28 03:21:39,537.07
2022-03-28 03:21:44,537.0
2022-03-28 03:21:49,536.91
2022-03-28 03:21:54,536.84
2022-03-28 03:21:59,536.84
2022-03-28 03:22:04,536.68
2022-03-28 03:22:09,530.5101492316838
2022-03-28 03:22:14,536.55
2022-03-28 03:22:19,536.55
2022-03-28 03:22:24,536.49
2022-03-28 03:22:29,536.46
2022-03-28 03:22:34,536.39
2022-03-28 03:22:39,536.33
2022-03-28 03:22:44,536.26
2022-03-28 03:22:49,536.2
2022-03-28 03:22:54,536.17
2022-03-28 03:22:59,536.17
2022-03-28 03:23:04,536.1
2022-03-28 03:23:09,536.04
2022-03-28 03:23:14,536.04
2022-03-28 03:23:19,530.9083945595202
2022-03-28 03:23:24,535.94
2022-03-28 03:23:29,535.97
2022-03-28 03:23:34,535.94
2022-03-28 03:23:39,535.94
2022-03-28 03:23:44,535.94
2022-03-28 03:23:49,535.88
2022-03-28 03:23:54,535.88
2022-03-28 03:23:59,535.88
2022-03-28 03:24:04,535.88
2022-03-28 03:24:09,535.88
2022-03-28 03:24:14,535.81
2022-03-28 03:24:19,535.75
2022-03-28 03:24:24,535.75
2022-03-28 03:24:29,535.75
2022-03-28 03:24:34,535.68
2022-03-28 03:24:39,535.69
2022-03-28 03:24:44,535.69
2022-03-28 03:24:49,535.75
2022-03-28 03:24:54,535.75
2022-03-28 03:24:59,535.68
2022-03-28 03:25:04,535.75
2022-03-28 03:25:09,535.69
2022-03-28 03:25:14,531.7849961123673
2022-03-28 03:25:19,535.69
2022-03-28 03:25:24,535.75
2022-03-28 03:25:29,535.75
2022-03-28 03:25:34,535.75
2022-03-28 03:25:39,535.75
2022-03-28 03:25:44,535.82
2022-03-28 03:25:49,535.82
2022-03-28 03:25:54,535.82
2022-03-28 03:25:59,535.88
2022-03-28 03:26:04,535.82
2022-03-28 03:26:09,535.88
2022-03-28 03:26:14,535.88
2022-03-28 03:26:19,535.95
2022-03-28 03:26:24,535.95
2022-03-28 03:26:29,535.95
2022-03-28 03:26:34,535.95
2022-03-28 03:26:39,535.98
2022-03-28 03:26:44,536.04
2022-03-28 03:26:49,535.98
2022-03-28 03:26:54,536.04
2022-03-28 03:26:59,536.04
2022-03-28 03:27:04,536.04
2022-03-28 03:27:09,536.11
2022-03-28 03:27:14,536.04
2022-03-28 03:27:19,536.11
2022-03-28 03:27:24,536.11
2022-03-28 03:27:29,536.11
2022-03-28 03:27:34,536.18
2022-03-28 03:27:39,536.18
2022-03-28 03:27:44,536.21
2022-03-28 03:27:49,536.21
2022-03-28 03:27:54,536.27
2022-03-28 03:27:59,536.27
2022-03-28 03:28:04,536.27
2022-03-28 03:28:09,536.34
2022-03-28 03:28:14,536.34
2022-03-28 03:28:19,536.4
2022-03-28 03:28:24,536.4
2022-03-28 03:28:29,536.47
2022-03-28 03:28:34,536.47
2022-03-28 03:28:39,536.5
2022-03-28 03:28:44,536.47
2022-03-28 03:28:49,536.5
2022-03-28 03:28:54,536.5
2022-03-28 03:28:59,536.51
2022-03-28 03:29:04,536.57
2022-03-28 03:29:09,536.57
2022-03-28 03:29:14,536.57
2022-03-28 03:29:19,536.64
2022-03-28 03:29:24,536.64
2022-03-28 03:29:29,536.7
2022-03-28 03:29:34,536.64
2022-03-28 03:29:39,536.7
2022-03-28 03:29:44,536.7
2022-03-28 03:29:49,536.71
2022-03-28 03:29:54,536.74
2022-03-28 03:29:59,536.74
2022-03-28 03:30:04,536.8
2022-03-28 03:30:09,536.8
2022-03-28 03:30:14,536.81
2022-03-28 03:30:19,536.81
2022-03-28 03:30:24,536.87
2022-03-28 03:30:29,536.87
2022-03-28 03:30:34,536.87
2022-03-28 03:30:39,536.87
2022-03-28 03:30:44,536.87
2022-03-28 03:30:49,536.94
2022-03-28 03:30:54,536.94
2022-03-28 03:30:59,536.94
2022-03-28 03:31:04,537.0
2022-03-28 03:31:09,536.94
2022-03-28 03:31:14,535.8146673506454
2022-03-28 03:31:19,537.01
2022-03-28 03:31:24,537.0
2022-03-28 03:31:29,537.01
2022-03-28 03:31:34,537.01
2022-03-28 03:31:39,537.0
2022-03-28 03:31:44,537.1
2022-03-28 03:31:49,537.04
2022-03-28 03:31:54,537.04
2022-03-28 03:31:59,537.1
2022-03-28 03:32:04,537.1
2022-03-28 03:32:09,537.1
2022-03-28 03:32:14,537.1
2022-03-28 03:32:19,537.1
2022-03-28 03:32:24,537.17
2022-03-28 03:32:29,537.17
2022-03-28 03:32:34,537.17
2022-03-28 03:32:39,536.9097546632895
2022-03-28 03:32:44,536.9745338798413
2022-03-28 03:32:49,537.0393217686634
2022-03-28 03:32:54,537.1041133426443
2022-03-28 03:32:59,537.24
2022-03-28 03:33:04,537.27
2022-03-28 03:33:09,537.27
2022-03-28 03:33:14,537.33
2022-03-28 03:33:19,537.33
2022-03-28 03:33:24,537.4
2022-03-28 03:33:29,537.4
2022-03-28 03:33:34,537.46
2022-03-28 03:33:39,537.46
2022-03-28 03:33:44,537.53
2022-03-28 03:33:49,537.53
2022-03-28 03:33:54,537.56
2022-03-28 03:33:59,537.53
2022-03-28 03:34:04,537.56
2022-03-28 03:34:09,537.56
2022-03-28 03:34:14,537.62
2022-03-28 03:34:19,537.62
2022-03-28 03:34:24,537.62
2022-03-28 03:34:29,537.69
2022-03-28 03:34:34,537.69
2022-03-28 03:34:39,537.75
2022-03-28 03:34:44,537.75
2022-03-28 03:34:49,537.75
2022-03-28 03:34:54,537.78
2022-03-28 03:34:59,537.85
2022-03-28 03:35:04,537.85
2022-03-28 03:35:09,537.91
2022-03-28 03:35:14,537.91
2022-03-28 03:35:19,537.97
2022-03-28 03:35:24,537.97
2022-03-28 03:35:29,537.97
2022-03-28 03:35:34,538.04
2022-03-28 03:35:39,538.07
2022-03-28 03:35:44,538.07
2022-03-28 03:35:49,538.13
2022-03-28 03:35:54,538.13
2022-03-28 03:35:59,538.19
2022-03-28 03:36:04,538.2
2022-03-28 03:36:09,539.5806965397234
2022-03-28 03:36:14,538.29
2022-03-28 03:36:19,538.29
2022-03-28 03:36:24,538.35
2022-03-28 03:36:29,538.35
2022-03-28 03:36:34,538.42
2022-03-28 03:36:39,538.48
2022-03-28 03:36:44,538.48
2022-03-28 03:36:49,538.55
2022-03-28 03:36:54,540.1206952487639
2022-03-28 03:36:59,538.58
2022-03-28 03:37:04,538.64
2022-03-28 03:37:09,538.64
2022-03-28 03:37:14,538.64
2022-03-28 03:37:19,538.64
2022-03-28 03:37:24,538.71
2022-03-28 03:37:29,538.71
2022-03-28 03:37:34,538.7
2022-03-28 03:37:39,538.7
2022-03-28 03:37:44,538.77
2022-03-28 03:37:49,538.71
2022-03-28 03:37:54,538.7
2022-03-28 03:37:59,538.7
2022-03-28 03:38:04,538.77
2022-03-28 03:38:09,538.77
2022-03-28 03:38:14,538.77
2022-03-28 03:38:19,538.76
2022-03-28 03:38:24,538.8
2022-03-28 03:38:29,538.8
2022-03-28 03:38:34,538.86
2022-03-28 03:38:39,538.8
2022-03-28 03:38:44,538.8
2022-03-28 03:38:49,538.86
2022-03-28 03:38:54,538.86
2022-03-28 03:38:59,538.93
2022-03-28 03:39:04,538.86
2022-03-28 03:39:09,538.86
2022-03-28 03:39:14,538.92
2022-03-28 03:39:19,538.92
2022-03-28 03:39:24,538.92
2022-03-28 03:39:29,538.86
2022-03-28 03:39:34,538.92
2022-03-28 03:39:39,538.92
2022-03-28 03:39:44,538.92
2022-03-28 03:39:49,538.86
2022-03-28 03:39:54,538.86
2022-03-28 03:39:59,538.92
2022-03-28 03:40:04,538.86
2022-03-28 03:40:09,538.86
2022-03-28 03:40:14,538.86
2022-03-28 03:40:19,538.86
2022-03-28 03:40:24,542.3533605289307
2022-03-28 03:40:29,538.8
2022-03-28 03:40:34,538.86
2022-03-28 03:40:39,538.86
2022-03-28 03:40:44,538.86
2022-03-28 03:40:49,538.86
2022-03-28 03:40:54,542.6326111866014
2022-03-28 03:40:59,538.86
2022-03-28 03:41:04,538.86
2022-03-28 03:41:09,538.86
2022-03-28 03:41:14,538.86
2022-03-28 03:41:19,538.86
2022-03-28 03:41:24,538.86
2022-03-28 03:41:29,538.86
2022-03-28 03:41:34,538.86
2022-03-28 03:41:39,538.86
2022-03-28 03:41:44,538.86
2022-03-28 03:41:49,543.1206068384435
2022-03-28 03:41:54,538.86
2022-03-28 03:41:59,538.86
2022-03-28 03:42:04,538.86
2022-03-28 03:42:09,538.93
2022-03-28 03:42:14,538.93
2022-03-28 03:42:19,538.93
2022-03-28 03:42:24,543.4155369258175
2022-03-28 03:42:29,543.4567053700698
2022-03-28 03:42:34,538.93
2022-03-28 03:42:39,543.5383295385557
2022-03-28 03:42:44,538.93
2022-03-28 03:42:49,538.93
2022-03-28 03:42:54,538.93
2022-03-28 03:42:59,538.93
2022-03-28 03:43:04,538.93
2022-03-28 03:43:09,538.87
2022-03-28 03:43:14,538.87
2022-03-28 03:43:19,543.8554787310828
2022-03-28 03:43:24,538.87
2022-03-28 03:43:29,538.87
2022-03-28 03:43:34,538.87
2022-03-28 03:43:39,538.87
2022-03-28 03:43:44,538.87
2022-03-28 03:43:49,538.87
2022-03-28 03:43:54,538.87
2022-03-28 03:43:59,538.94
2022-03-28 03:44:04,538.88
2022-03-28 03:44:09,538.88
2022-03-28 03:44:14,538.88
2022-03-28 03:44:19,538.88
2022-03-28 03:44:24,538.87
2022-03-28 03:44:29,538.87
2022-03-28 03:44:34,538.87
2022-03-28 03:44:39,538.88
2022-03-28 03:44:44,538.81
2022-03-28 03:44:49,538.81
2022-03-28 03:44:54,538.81
2022-03-28 03:44:59,538.81
2022-03-28 03:45:04,538.81
2022-03-28 03:45:09,544.6542531407439
2022-03-28 03:45:14,538.81
2022-03-28 03:45:19,538.78
2022-03-28 03:45:24,538.81
2022-03-28 03:45:29,538.81
2022-03-28 03:45:34,538.81
2022-03-28 03:45:39,538.81
2022-03-28 03:45:44,538.78
2022-03-28 03:45:49,538.81
2022-03-28 03:45:54,538.81
2022-03-28 03:45:59,538.81
2022-03-28 03:46:04,538.81
2022-03-28 03:46:09,538.81
2022-03-28 03:46:14,545.0791205879906
2022-03-28 03:46:19,538.81
2022-03-28 03:46:24,538.87
2022-03-28 03:46:29,538.81
2022-03-28 03:46:34,538.81
2022-03-28 03:46:39,538.81
2022-03-28 03:46:44,538.87
2022-03-28 03:46:49,538.81
2022-03-28 03:46:54,538.8
2022-03-28 03:46:59,545.3542868050741
2022-03-28 03:47:04,538.87
2022-03-28 03:47:09,538.87
2022-03-28 03:47:14,538.87
2022-03-28 03:47:19,538.87
2022-03-28 03:47:24,538.87
2022-03-28 03:47:29,538.86
2022-03-28 03:47:34,538.86
2022-03-28 03:47:39,538.86
2022-03-28 03:47:44,538.92
2022-03-28 03:47:49,538.86
2022-03-28 03:47:54,538.86
2022-03-28 03:47:59,538.86
2022-03-28 03:48:04,545.7261122533056
2022-03-28 03:48:09,538.85
2022-03-28 03:48:14,538.86
2022-03-28 03:48:19,538.86
2022-03-28 03:48:24,538.85
2022-03-28 03:48:29,538.85
2022-03-28 03:48:34,538.85
2022-03-28 03:48:39,538.78
2022-03-28 03:48:44,538.79
2022-03-28 03:48:49,538.75
2022-03-28 03:48:54,538.79
2022-03-28 03:48:59,538.75
2022-03-28 03:49:04,538.78
2022-03-28 03:49:09,538.78
2022-03-28 03:49:14,538.78
2022-03-28 03:49:19,538.75
2022-03-28 03:49:24,538.68
2022-03-28 03:49:29,538.68
2022-03-28 03:49:34,538.68
2022-03-28 03:49:39,538.74
2022-03-28 03:49:44,546.2438861506247
2022-03-28 03:49:49,538.68
2022-03-28 03:49:54,546.2923178980537
2022-03-28 03:49:59,538.61
2022-03-28 03:50:04,546.3401752637178
2022-03-28 03:50:09,538.61
2022-03-28 03:50:14,538.55
2022-03-28 03:50:19,538.54
2022-03-28 03:50:24,538.54
2022-03-28 03:50:29,538.51
2022-03-28 03:50:34,538.51
2022-03-28 03:50:39,546.50327520572
2022-03-28 03:50:44,538.44
2022-03-28 03:50:49,538.51
2022-03-28 03:50:54,538.44
2022-03-28 03:50:59,538.38
2022-03-28 03:51:04,546.615732276332
2022-03-28 03:51:09,538.38
2022-03-28 03:51:14,538.38
2022-03-28 03:51:19,538.31
2022-03-28 03:51:24,538.25
2022-03-28 03:51:29,538.25
2022-03-28 03:51:34,546.7464434447286
2022-03-28 03:51:39,538.21
2022-03-28 03:51:44,538.21
2022-03-28 03:51:49,538.21
2022-03-28 03:51:54,538.15
2022-03-28 03:51:59,538.08
2022-03-28 03:52:04,538.08
2022-03-28 03:52:09,538.08
2022-03-28 03:52:14,538.02
2022-03-28 03:52:19,537.99
2022-03-28 03:52:24,537.99
2022-03-28 03:52:29,537.98
2022-03-28 03:52:34,537.92
2022-03-28 03:52:39,537.92
2022-03-28 03:52:44,537.86
2022-03-28 03:52:49,537.86
2022-03-28 03:52:54,537.79
2022-03-28 03:52:59,537.79
2022-03-28 03:53:04,537.79
2022-03-28 03:53:09,537.73
2022-03-28 03:53:14,537.79
2022-03-28 03:53:19,537.79
2022-03-28 03:53:24,537.79
2022-03-28 03:53:29,537.73
2022-03-28 03:53:34,537.73
2022-03-28 03:53:39,537.79
2022-03-28 03:53:44,537.73
2022-03-28 03:53:49,547.2805017942641
2022-03-28 03:53:54,537.73
2022-03-28 03:53:59,537.73
2022-03-28 03:54:04,537.73
2022-03-28 03:54:09,537.73
2022-03-28 03:54:14,537.79
2022-03-28 03:54:19,537.73
2022-03-28 03:54:24,537.79
2022-03-28 03:54:29,537.79
2022-03-28 03:54:34,537.79
2022-03-28 03:54:39,537.8
2022-03-28 03:54:44,537.79
2022-03-28 03:54:49,547.4884436120577
2022-03-28 03:54:54,537.8
2022-03-28 03:54:59,537.8
2022-03-28 03:55:04,537.8
2022-03-28 03:55:09,537.79
2022-03-28 03:55:14,537.79
2022-03-28 03:55:19,537.8
2022-03-28 03:55:24,537.8
2022-03-28 03:55:29,547.6164575207557
2022-03-28 03:55:34,537.8
2022-03-28 03:55:39,537.8
2022-03-28 03:55:44,537.8
2022-03-28 03:55:49,547.6771945191143
2022-03-28 03:55:54,537.79
2022-03-28 03:55:59,537.79
2022-03-28 03:56:04,537.79
2022-03-28 03:56:09,537.86
2022-03-28 03:56:14,537.86
2022-03-28 03:56:19,537.86
2022-03-28 03:56:24,537.93
2022-03-28 03:56:29,537.86
2022-03-28 03:56:34,547.805699326943
2022-03-28 03:56:39,537.92
2022-03-28 03:56:44,537.92
2022-03-28 03:56:49,537.98
2022-03-28 03:56:54,537.98
2022-03-28 03:56:59,538.02
2022-03-28 03:57:04,538.01
2022-03-28 03:57:09,538.01
2022-03-28 03:57:14,538.08
2022-03-28 03:57:19,538.08
2022-03-28 03:57:24,538.08
2022-03-28 03:57:29,538.08
2022-03-28 03:57:34,538.21
2022-03-28 03:57:39,538.14
2022-03-28 03:57:44,538.21
2022-03-28 03:57:49,538.2
2022-03-28 03:57:54,538.24
2022-03-28 03:57:59,538.23
2022-03-28 03:58:04,538.23
2022-03-28 03:58:09,538.3
2022-03-28 03:58:14,538.36
2022-03-28 03:58:19,538.36
2022-03-28 03:58:24,538.36
2022-03-28 03:58:29,538.36
2022-03-28 03:58:34,538.36
2022-03-28 03:58:39,538.42
2022-03-28 03:58:44,538.42
2022-03-28 03:58:49,538.42
2022-03-28 03:58:54,538.48
2022-03-28 03:58:59,538.42
2022-03-28 03:59:04,538.48
2022-03-28 03:59:09,538.48
2022-03-28 03:59:14,538.51
2022-03-28 03:59:19,538.51
2022-03-28 03:59:24,548.1841631208287
2022-03-28 03:59:29,538.58
2022-03-28 03:59:34,538.57
2022-03-28 03:59:39,538.57
2022-03-28 03:59:44,548.2170320470341
2022-03-28 03:59:49,538.63
2022-03-28 03:59:54,538.63
2022-03-28 03:59:59,538.69
2022-03-28 04:00:04,538.69
2022-03-28 04:00:09,538.72
2022-03-28 04:00:14,548.261537749608
2022-03-28 04:00:19,538.72
2022-03-28 04:00:24,538.72
2022-03-28 04:00:29,548.2816055103284
2022-03-28 04:00:34,538.72
2022-03-28 04:00:39,538.78
2022-03-28 04:00:44,538.78
2022-03-28 04:00:49,538.78
2022-03-28 04:00:54,548.311772915647
2022-03-28 04:00:59,538.84
2022-03-28 04:01:04,538.77
2022-03-28 04:01:09,548.3278863868202
2022-03-28 04:01:14,538.84
2022-03-28 04:01:19,538.83
2022-03-28 04:01:24,538.84
2022-03-28 04:01:29,548.3470278662265
2022-03-28 04:01:34,538.9
2022-03-28 04:01:39,538.9
2022-03-28 04:01:44,538.9
2022-03-28 04:01:49,538.89
2022-03-28 04:01:54,538.89
2022-03-28 04:01:59,538.89
2022-03-28 04:02:04,538.89
2022-03-28 04:02:09,538.83
2022-03-28 04:02:14,548.3801658119679
2022-03-28 04:02:19,538.76
2022-03-28 04:02:24,548.38563798031
2022-03-28 04:02:29,538.7
2022-03-28 04:02:34,548.3904144715744
2022-03-28 04:02:39,538.66
2022-03-28 04:02:44,538.6
2022-03-28 04:02:49,548.3962669968248
2022-03-28 04:02:54,538.47
2022-03-28 04:02:59,538.47
2022-03-28 04:03:04,538.44
2022-03-28 04:03:09,538.44
2022-03-28 04:03:14,538.37
2022-03-28 04:03:19,538.31
2022-03-28 04:03:24,538.31
2022-03-28 04:03:29,548.4040902530492
2022-03-28 04:03:34,538.18
2022-03-28 04:03:39,538.18
2022-03-28 04:03:44,538.08
2022-03-28 04:03:49,538.08
2022-03-28 04:03:54,538.02
2022-03-28 04:03:59,537.95
2022-03-28 04:04:04,537.92
2022-03-28 04:04:09,537.92
2022-03-28 04:04:14,548.3991309654136
2022-03-28 04:04:19,537.79
2022-03-28 04:04:24,537.73
2022-03-28 04:04:29,537.66
2022-03-28 04:04:34,537.63
2022-03-28 04:04:39,537.56
2022-03-28 04:04:44,537.56
2022-03-28 04:04:49,537.5
2022-03-28 04:04:54,537.5
2022-03-28 04:04:59,537.44
2022-03-28 04:05:04,537.44
2022-03-28 04:05:09,537.4
2022-03-28 04:05:14,537.4
2022-03-28 04:05:19,537.4
2022-03-28 04:05:24,537.4
2022-03-28 04:05:29,537.34
2022-03-28 04:05:34,537.34
2022-03-28 04:05:39,537.34
2022-03-28 04:05:44,537.34
2022-03-28 04:05:49,537.34
2022-03-28 04:05:54,537.34
2022-03-28 04:05:59,537.34
2022-03-28 04:06:04,537.34
2022-03-28 04:06:09,537.28
2022-03-28 04:06:14,537.28
2022-03-28 04:06:19,537.28
2022-03-28 04:06:24,537.28
2022-03-28 04:06:29,537.21
2022-03-28 04:06:34,537.15
2022-03-28 04:06:39,537.15
2022-03-28 04:06:44,537.15
2022-03-28 04:06:49,537.12
2022-03-28 04:06:54,537.12
2022-03-28 04:06:59,537.12
2022-03-28 04:07:04,536.99
2022-03-28 04:07:09,536.99
2022-03-28 04:07:14,536.99
2022-03-28 04:07:19,536.93
2022-03-28 04:07:24,536.92
2022-03-28 04:07:29,536.92
2022-03-28 04:07:34,536.89
2022-03-28 04:07:39,536.89
2022-03-28 04:07:44,536.83
2022-03-28 04:07:49,536.82
2022-03-28 04:07:54,536.83
2022-03-28 04:07:59,536.82
2022-03-28 04:08:04,536.76
2022-03-28 04:08:09,536.76
2022-03-28 04:08:14,536.7
2022-03-28 04:08:19,536.7
2022-03-28 04:08:24,536.63
2022-03-28 04:08:29,536.63
2022-03-28 04:08:34,536.63
2022-03-28 04:08:39,536.63
2022-03-28 04:08:44,536.6
2022-03-28 04:08:49,536.6
2022-03-28 04:08:54,536.6
2022-03-28 04:08:59,536.53
2022-03-28 04:09:04,536.53
2022-03-28 04:09:09,536.46
2022-03-28 04:09:14,536.46
2022-03-28 04:09:19,536.46
2022-03-28 04:09:24,536.4
2022-03-28 04:09:29,536.4
2022-03-28 04:09:34,536.4
2022-03-28 04:09:39,536.4
2022-03-28 04:09:44,536.4
2022-03-28 04:09:49,536.36
2022-03-28 04:09:54,536.39
2022-03-28 04:09:59,536.39
2022-03-28 04:10:04,536.39
2022-03-28 04:10:09,536.36
2022-03-28 04:10:14,536.36
2022-03-28 04:10:19,536.35
2022-03-28 04:10:24,536.35
2022-03-28 04:10:29,536.35
2022-03-28 04:10:34,536.35
2022-03-28 04:10:39,536.35
2022-03-28 04:10:44,536.35
2022-03-28 04:10:49,536.35
2022-03-28 04:10:54,536.35
2022-03-28 04:10:59,536.35
2022-03-28 04:11:04,536.35
2022-03-28 04:11:09,536.34
2022-03-28 04:11:14,536.35
2022-03-28 04:11:19,536.34
2022-03-28 04:11:24,547.5978462824283
2022-03-28 04:11:29,536.34
2022-03-28 04:11:34,536.34
2022-03-28 04:11:39,536.34
2022-03-28 04:11:44,536.34
2022-03-28 04:11:49,536.34
2022-03-28 04:11:54,536.34
2022-03-28 04:11:59,536.37
2022-03-28 04:12:04,536.36
2022-03-28 04:12:09,536.36
2022-03-28 04:12:14,536.36
2022-03-28 04:12:19,536.36
2022-03-28 04:12:24,536.36
2022-03-28 04:12:29,536.36
2022-03-28 04:12:34,536.42
2022-03-28 04:12:39,547.3281368672332
2022-03-28 04:12:44,536.42
2022-03-28 04:12:49,536.48
2022-03-28 04:12:54,536.48
2022-03-28 04:12:59,536.48
2022-03-28 04:13:04,536.48
2022-03-28 04:13:09,536.48
2022-03-28 04:13:14,536.54
2022-03-28 04:13:19,536.47
2022-03-28 04:13:24,536.47
2022-03-28 04:13:29,536.54
2022-03-28 04:13:34,536.54
2022-03-28 04:13:39,536.54
2022-03-28 04:13:44,536.57
2022-03-28 04:13:49,536.57
2022-03-28 04:13:54,547.0242933329517
2022-03-28 04:13:59,536.63
2022-03-28 04:14:04,536.63
2022-03-28 04:14:09,536.63
2022-03-28 04:14:14,536.69
2022-03-28 04:14:19,536.69
2022-03-28 04:14:24,536.76
2022-03-28 04:14:29,536.75
2022-03-28 04:14:34,546.8488954553237
2022-03-28 04:14:39,546.8263366453175
2022-03-28 04:14:44,536.82
2022-03-28 04:14:49,536.85
2022-03-28 04:14:54,536.85
2022-03-28 04:14:59,536.85
2022-03-28 04:15:04,536.92
2022-03-28 04:15:09,536.98
2022-03-28 04:15:14,536.98
2022-03-28 04:15:19,536.98
2022-03-28 04:15:24,546.6171077195605
2022-03-28 04:15:29,537.04
2022-03-28 04:15:34,537.07
2022-03-28 04:15:39,537.07
2022-03-28 04:15:44,537.14
2022-03-28 04:15:49,537.14
2022-03-28 04:15:54,546.471547570978
2022-03-28 04:15:59,537.2
2022-03-28 04:16:04,537.27
2022-03-28 04:16:09,537.26
2022-03-28 04:16:14,537.27
2022-03-28 04:16:19,537.33
2022-03-28 04:16:24,537.36
2022-03-28 04:16:29,537.36
2022-03-28 04:16:34,546.2701327647862
2022-03-28 04:16:39,537.36
2022-03-28 04:16:44,537.43
2022-03-28 04:16:49,537.43
2022-03-28 04:16:54,546.1663572208006
2022-03-28 04:16:59,537.43
2022-03-28 04:17:04,537.43
2022-03-28 04:17:09,537.43
2022-03-28 04:17:14,546.060580849599
2022-03-28 04:17:19,546.0338280474717
2022-03-28 04:17:24,537.49
2022-03-28 04:17:29,537.49
2022-03-28 04:17:34,537.56
2022-03-28 04:17:39,537.56
2022-03-28 04:17:44,537.56
2022-03-28 04:17:49,537.56
2022-03-28 04:17:54,537.56
2022-03-28 04:17:59,545.8154417506039
2022-03-28 04:18:04,537.66
2022-03-28 04:18:09,537.66
2022-03-28 04:18:14,537.66
2022-03-28 04:18:19,537.66
2022-03-28 04:18:24,537.72
2022-03-28 04:18:29,537.72
2022-03-28 04:18:34,537.72
2022-03-28 04:18:39,537.72
2022-03-28 04:18:44,537.78
2022-03-28 04:18:49,537.78
2022-03-28 04:18:54,537.78
2022-03-28 04:18:59,537.78
2022-03-28 04:19:04,537.85
2022-03-28 04:19:09,537.78
2022-03-28 04:19:14,537.78
2022-03-28 04:19:19,537.85
2022-03-28 04:19:24,537.85
2022-03-28 04:19:29,537.78
2022-03-28 04:19:34,537.85
2022-03-28 04:19:39,537.85
2022-03-28 04:19:44,537.85
2022-03-28 04:19:49,537.85
2022-03-28 04:19:54,545.1463541041537
2022-03-28 04:19:59,537.85
2022-03-28 04:20:04,537.88
2022-03-28 04:20:09,537.85
2022-03-28 04:20:14,545.0240760843196
2022-03-28 04:20:19,537.88
2022-03-28 04:20:24,537.94
2022-03-28 04:20:29,537.87
2022-03-28 04:20:34,537.87
2022-03-28 04:20:39,537.88
2022-03-28 04:20:44,537.94
2022-03-28 04:20:49,537.94
2022-03-28 04:20:54,537.94
2022-03-28 04:20:59,538.0
2022-03-28 04:21:04,537.94
2022-03-28 04:21:09,538.0
2022-03-28 04:21:14,537.93
2022-03-28 04:21:19,537.94
2022-03-28 04:21:24,537.94
2022-03-28 04:21:29,544.5516428406623
2022-03-28 04:21:34,537.93
2022-03-28 04:21:39,537.93
2022-03-28 04:21:44,537.93
2022-03-28 04:21:49,537.93
2022-03-28 04:21:54,537.93
2022-03-28 04:21:59,537.93
2022-03-28 04:22:04,537.86
2022-03-28 04:22:09,544.2918843689289
2022-03-28 04:22:14,537.86
2022-03-28 04:22:19,537.86
2022-03-28 04:22:24,537.86
2022-03-28 04:22:29,537.92
2022-03-28 04:22:34,537.82
2022-03-28 04:22:39,537.86
2022-03-28 04:22:44,537.86
2022-03-28 04:22:49,537.86
2022-03-28 04:22:54,537.85
2022-03-28 04:22:59,537.85
2022-03-28 04:23:04,537.85
2022-03-28 04:23:09,543.8940745931748
2022-03-28 04:23:14,537.85
2022-03-28 04:23:19,537.85
2022-03-28 04:23:24,537.85
2022-03-28 04:23:29,537.85
2022-03-28 04:23:34,537.85
2022-03-28 04:23:39,537.84
2022-03-28 04:23:44,537.84
2022-03-28 04:23:49,537.84
2022-03-28 04:23:54,537.84
2022-03-28 04:23:59,537.84
2022-03-28 04:24:04,537.84
2022-03-28 04:24:09,537.9
2022-03-28 04:24:14,537.9
2022-03-28 04:24:19,543.4205068834838
2022-03-28 04:24:24,537.83
2022-03-28 04:24:29,537.9
2022-03-28 04:24:34,537.83
2022-03-28 04:24:39,537.9
2022-03-28 04:24:44,543.2496066948448
2022-03-28 04:24:49,537.83
2022-03-28 04:24:54,537.83
2022-03-28 04:24:59,537.83
2022-03-28 04:25:04,537.83
2022-03-28 04:25:09,537.83
2022-03-28 04:25:14,537.82
2022-03-28 04:25:19,537.89
2022-03-28 04:25:24,537.89
2022-03-28 04:25:29,537.82
2022-03-28 04:25:34,537.89
2022-03-28 04:25:39,537.89
2022-03-28 04:25:44,537.89
2022-03-28 04:25:49,542.8026868263469
2022-03-28 04:25:54,537.95
2022-03-28 04:25:59,537.89
2022-03-28 04:26:04,537.95
2022-03-28 04:26:09,537.88
2022-03-28 04:26:14,537.88
2022-03-28 04:26:19,537.88
2022-03-28 04:26:24,537.88
2022-03-28 04:26:29,537.94
2022-03-28 04:26:34,537.88
2022-03-28 04:26:39,537.88
2022-03-28 04:26:44,542.4234312881745
2022-03-28 04:26:49,537.94
2022-03-28 04:26:54,537.94
2022-03-28 04:26:59,537.94
2022-03-28 04:27:04,537.94
2022-03-28 04:27:09,542.2512620806681
2022-03-28 04:27:14,538.01
2022-03-28 04:27:19,538.01
2022-03-28 04:27:24,542.1481347102625
2022-03-28 04:27:29,542.1137964920251
2022-03-28 04:27:34,538.04
2022-03-28 04:27:39,538.04
2022-03-28 04:27:44,538.04
2022-03-28 04:27:49,538.1
2022-03-28 04:27:54,538.1
2022-03-28 04:27:59,538.1
2022-03-28 04:28:04,538.17
2022-03-28 04:28:09,538.1
2022-03-28 04:28:14,538.11
2022-03-28 04:28:19,538.1
2022-03-28 04:28:24,538.1
2022-03-28 04:28:29,538.1
2022-03-28 04:28:34,538.1
2022-03-28 04:28:39,538.17
2022-03-28 04:28:44,541.6020600528692
2022-03-28 04:28:49,541.5682313172864
2022-03-28 04:28:54,538.17
2022-03-28 04:28:59,538.11
2022-03-28 04:29:04,538.17
2022-03-28 04:29:09,538.17
2022-03-28 04:29:14,538.17
2022-03-28 04:29:19,538.23
2022-03-28 04:29:24,538.17
2022-03-28 04:29:29,538.17
2022-03-28 04:29:34,538.17
2022-03-28 04:29:39,538.23
2022-03-28 04:29:44,538.23
2022-03-28 04:29:49,538.17
2022-03-28 04:29:54,538.24
2022-03-28 04:29:59,538.23
2022-03-28 04:30:04,541.0668719066758
2022-03-28 04:30:09,538.17
2022-03-28 04:30:14,538.23
2022-03-28 04:30:19,538.23
2022-03-28 04:30:24,538.17
2022-03-28 04:30:29,538.23
2022-03-28 04:30:34,538.23
2022-03-28 04:30:39,538.23
2022-03-28 04:30:44,538.23
2022-03-28 04:30:49,538.3
2022-03-28 04:30:54,538.3
2022-03-28 04:30:59,538.33
2022-03-28 04:31:04,538.33
2022-03-28 04:31:09,538.33
2022-03-28 04:31:14,538.33
2022-03-28 04:31:19,538.33
2022-03-28 04:31:24,538.33
2022-03-28 04:31:29,538.39
2022-03-28 04:31:34,538.39
2022-03-28 04:31:39,538.39
2022-03-28 04:31:44,538.39
2022-03-28 04:31:49,540.3907347535659
2022-03-28 04:31:54,538.46
2022-03-28 04:31:59,538.46
2022-03-28 04:32:04,538.45
2022-03-28 04:32:09,538.45
2022-03-28 04:32:14,538.52
2022-03-28 04:32:19,538.45
2022-03-28 04:32:24,538.52
2022-03-28 04:32:29,538.51
2022-03-28 04:32:34,538.51
2022-03-28 04:32:39,540.0827153634824
2022-03-28 04:32:44,538.54
2022-03-28 04:32:49,538.54
2022-03-28 04:32:54,538.61
2022-03-28 04:32:59,538.54
2022-03-28 04:33:04,538.54
2022-03-28 04:33:09,538.54
2022-03-28 04:33:14,538.54
2022-03-28 04:33:19,538.61
2022-03-28 04:33:24,538.6
2022-03-28 04:33:29,538.54
2022-03-28 04:33:34,538.54
2022-03-28 04:33:39,539.7276675832771
2022-03-28 04:33:44,538.54
2022-03-28 04:33:49,538.54
2022-03-28 04:33:54,538.5
2022-03-28 04:33:59,538.53
2022-03-28 04:34:04,539.584968694804
2022-03-28 04:34:09,538.5
2022-03-28 04:34:14,538.5
2022-03-28 04:34:19,538.5
2022-03-28 04:34:24,538.5
2022-03-28 04:34:29,538.49
2022-03-28 04:34:34,538.49
2022-03-28 04:34:39,538.49
2022-03-28 04:34:44,538.49
2022-03-28 04:34:49,538.43
2022-03-28 04:34:54,538.49
2022-03-28 04:34:59,538.42
2022-03-28 04:35:04,538.49
2022-03-28 04:35:09,538.42
2022-03-28 04:35:14,538.42
2022-03-28 04:35:19,538.42
2022-03-28 04:35:24,538.29
2022-03-28 04:35:29,538.29
2022-03-28 04:35:34,538.25
2022-03-28 04:35:39,538.19
2022-03-28 04:35:44,538.12
2022-03-28 04:35:49,538.06
2022-03-28 04:35:54,538.06
2022-03-28 04:35:59,537.96
2022-03-28 04:36:04,537.96
2022-03-28 04:36:09,537.89
2022-03-28 04:36:14,537.76
2022-03-28 04:36:19,537.76
2022-03-28 04:36:24,537.66
2022-03-28 04:36:29,537.6
2022-03-28 04:36:34,537.53
2022-03-28 04:36:39,537.44
2022-03-28 04:36:44,537.37
2022-03-28 04:36:49,537.31
2022-03-28 04:36:54,537.24
2022-03-28 04:36:59,537.21
2022-03-28 04:37:04,537.14
2022-03-28 04:37:09,537.01
2022-03-28 04:37:14,536.95
2022-03-28 04:37:19,536.92
2022-03-28 04:37:24,536.85
2022-03-28 04:37:29,538.5421496588365
2022-03-28 04:37:34,536.72
2022-03-28 04:37:39,536.69
2022-03-28 04:37:44,538.4747662557337
2022-03-28 04:37:49,536.63
2022-03-28 04:37:54,538.4305177952364
2022-03-28 04:37:59,536.49
2022-03-28 04:38:04,536.43
2022-03-28 04:38:09,536.4
2022-03-28 04:38:14,536.33
2022-03-28 04:38:19,536.27
2022-03-28 04:38:24,538.3010044130715
2022-03-28 04:38:29,536.17
2022-03-28 04:38:34,536.17
2022-03-28 04:38:39,536.11
2022-03-28 04:38:44,536.04
2022-03-28 04:38:49,535.98
2022-03-28 04:38:54,535.91
2022-03-28 04:38:59,535.88
2022-03-28 04:39:04,535.82
2022-03-28 04:39:09,535.75
2022-03-28 04:39:14,535.69
2022-03-28 04:39:19,535.66
2022-03-28 04:39:24,535.59
2022-03-28 04:39:29,535.53
2022-03-28 04:39:34,535.46
2022-03-28 04:39:39,535.4
2022-03-28 04:39:44,535.37
2022-03-28 04:39:49,535.3
2022-03-28 04:39:54,535.24
2022-03-28 04:39:59,535.17
2022-03-28 04:40:04,535.14
2022-03-28 04:40:09,535.08
2022-03-28 04:40:14,535.01
2022-03-28 04:40:19,535.01
2022-03-28 04:40:24,534.95
2022-03-28 04:40:29,534.88
2022-03-28 04:40:34,534.79
2022-03-28 04:40:39,534.79
2022-03-28 04:40:44,534.73
2022-03-28 04:40:49,534.63
2022-03-28 04:40:54,534.57
2022-03-28 04:40:59,534.5
2022-03-28 04:41:04,534.44
2022-03-28 04:41:09,534.37
2022-03-28 04:41:14,534.34
2022-03-28 04:41:19,534.28
2022-03-28 04:41:24,534.15
2022-03-28 04:41:29,534.12
2022-03-28 04:41:34,534.05
2022-03-28 04:41:39,537.5769811855452
2022-03-28 04:41:44,533.86
2022-03-28 04:41:49,533.82
2022-03-28 04:41:54,533.76
2022-03-28 04:41:59,533.76
2022-03-28 04:42:04,533.63
2022-03-28 04:42:09,533.6
2022-03-28 04:42:14,533.53
2022-03-28 04:42:19,533.41
2022-03-28 04:42:24,533.34
2022-03-28 04:42:29,533.31
2022-03-28 04:42:34,533.18
2022-03-28 04:42:39,537.395137929685
2022-03-28 04:42:44,533.09
2022-03-28 04:42:49,533.02
2022-03-28 04:42:54,532.96
2022-03-28 04:42:59,532.83
2022-03-28 04:43:04,537.3250345057354
2022-03-28 04:43:09,532.73
2022-03-28 04:43:14,532.66
2022-03-28 04:43:19,532.6
2022-03-28 04:43:24,532.57
2022-03-28 04:43:29,532.5
2022-03-28 04:43:34,532.44
2022-03-28 04:43:39,532.44
2022-03-28 04:43:44,532.31
2022-03-28 04:43:49,537.2072311303982
2022-03-28 04:43:54,537.1948065193002
2022-03-28 04:43:59,532.28
2022-03-28 04:44:04,532.21
2022-03-28 04:44:09,532.15
2022-03-28 04:44:14,532.08
2022-03-28 04:44:19,532.05
2022-03-28 04:44:24,532.05
2022-03-28 04:44:29,532.05
2022-03-28 04:44:34,537.1001895339892
2022-03-28 04:44:39,531.92
2022-03-28 04:44:44,531.92
2022-03-28 04:44:49,531.85
2022-03-28 04:44:54,531.85
2022-03-28 04:44:59,531.78
2022-03-28 04:45:04,537.0347979076348
2022-03-28 04:45:09,531.78
2022-03-28 04:45:14,531.78
2022-03-28 04:45:19,531.75
2022-03-28 04:45:24,531.75
2022-03-28 04:45:29,536.9839481250633
2022-03-28 04:45:34,531.68
2022-03-28 04:45:39,531.68
2022-03-28 04:45:44,531.68
2022-03-28 04:45:49,531.62
2022-03-28 04:45:54,536.9364069234299
2022-03-28 04:45:59,531.55
2022-03-28 04:46:04,531.55
2022-03-28 04:46:09,531.55
2022-03-28 04:46:14,531.55
2022-03-28 04:46:19,531.51
2022-03-28 04:46:24,531.51
2022-03-28 04:46:29,531.45
2022-03-28 04:46:34,531.45
2022-03-28 04:46:39,531.51
2022-03-28 04:46:44,531.38
2022-03-28 04:46:49,531.44
2022-03-28 04:46:54,531.44
2022-03-28 04:46:59,536.8282607153249
2022-03-28 04:47:04,531.44
2022-03-28 04:47:09,531.44
2022-03-28 04:47:14,531.37
2022-03-28 04:47:19,531.37
2022-03-28 04:47:24,531.37
2022-03-28 04:47:29,531.43
2022-03-28 04:47:34,531.37
2022-03-28 04:47:39,531.37
2022-03-28 04:47:44,531.3
2022-03-28 04:47:49,536.7602401397361
2022-03-28 04:47:54,531.37
2022-03-28 04:47:59,536.7482162663615
2022-03-28 04:48:04,531.37
2022-03-28 04:48:09,531.3
2022-03-28 04:48:14,531.36
2022-03-28 04:48:19,531.3
2022-03-28 04:48:24,531.3
2022-03-28 04:48:29,531.3
2022-03-28 04:48:34,531.3
2022-03-28 04:48:39,531.3
2022-03-28 04:48:44,531.36
2022-03-28 04:48:49,531.3
2022-03-28 04:48:54,531.3
2022-03-28 04:48:59,531.29
2022-03-28 04:49:04,531.29
2022-03-28 04:49:09,531.3
2022-03-28 04:49:14,531.36
2022-03-28 04:49:19,531.36
2022-03-28 04:49:24,531.36
2022-03-28 04:49:29,531.36
2022-03-28 04:49:34,531.36
2022-03-28 04:49:39,536.6555293400704
2022-03-28 04:49:44,531.36
2022-03-28 04:49:49,531.36
2022-03-28 04:49:54,531.36
2022-03-28 04:49:59,531.42
2022-03-28 04:50:04,531.36
2022-03-28 04:50:09,531.42
2022-03-28 04:50:14,536.6333754100649
2022-03-28 04:50:19,536.6305764604344
2022-03-28 04:50:24,531.42
2022-03-28 04:50:29,536.6252343097124
2022-03-28 04:50:34,531.42
2022-03-28 04:50:39,531.42
2022-03-28 04:50:44,531.43
2022-03-28 04:50:49,531.49
2022-03-28 04:50:54,531.49
2022-03-28 04:50:59,536.6111193887685
2022-03-28 04:51:04,531.52
2022-03-28 04:51:09,531.52
2022-03-28 04:51:14,531.52
2022-03-28 04:51:19,531.59
2022-03-28 04:51:24,531.59
2022-03-28 04:51:29,531.59
2022-03-28 04:51:34,531.59
2022-03-28 04:51:39,531.65
2022-03-28 04:51:44,536.5946088856264
2022-03-28 04:51:49,531.65
2022-03-28 04:51:54,531.72
2022-03-28 04:51:59,531.75
2022-03-28 04:52:04,531.75
2022-03-28 04:52:09,531.82
2022-03-28 04:52:14,536.5861215526127
2022-03-28 04:52:19,531.82
2022-03-28 04:52:24,536.5836557246104
2022-03-28 04:52:29,536.5824825226041
2022-03-28 04:52:34,531.88
2022-03-28 04:52:39,531.88
2022-03-28 04:52:44,531.89
2022-03-28 04:52:49,531.89
2022-03-28 04:52:54,531.89
2022-03-28 04:52:59,536.5761616285401
2022-03-28 04:53:04,531.95
2022-03-28 04:53:09,531.95
2022-03-28 04:53:14,531.95
2022-03-28 04:53:19,532.02
2022-03-28 04:53:24,532.02
2022-03-28 04:53:29,532.02
2022-03-28 04:53:34,532.02
2022-03-28 04:53:39,532.05
2022-03-28 04:53:44,532.05
2022-03-28 04:53:49,536.5675166728483
2022-03-28 04:53:54,532.02
2022-03-28 04:53:59,532.05
2022-03-28 04:54:04,532.05
2022-03-28 04:54:09,532.05
2022-03-28 04:54:14,532.05
2022-03-28 04:54:19,532.02
2022-03-28 04:54:24,536.5620189201898
2022-03-28 04:54:29,532.02
2022-03-28 04:54:34,532.02
2022-03-28 04:54:39,532.02
2022-03-28 04:54:44,531.96
2022-03-28 04:54:49,531.96
2022-03-28 04:54:54,531.96
2022-03-28 04:54:59,531.96
2022-03-28 04:55:04,531.96
2022-03-28 04:55:09,531.96
2022-03-28 04:55:14,531.89
2022-03-28 04:55:19,531.89
2022-03-28 04:55:24,531.89
2022-03-28 04:55:29,531.89
2022-03-28 04:55:34,531.89
2022-03-28 04:55:39,531.83
2022-03-28 04:55:44,531.89
2022-03-28 04:55:49,531.82
2022-03-28 04:55:54,531.82
2022-03-28 04:55:59,531.76
2022-03-28 04:56:04,531.83
2022-03-28 04:56:09,536.5413072528154
2022-03-28 04:56:14,531.76
2022-03-28 04:56:19,531.76
2022-03-28 04:56:24,531.76
2022-03-28 04:56:29,531.76
2022-03-28 04:56:34,531.76
2022-03-28 04:56:39,531.76
2022-03-28 04:56:44,531.76
2022-03-28 04:56:49,531.76
2022-03-28 04:56:54,536.5273844790154
2022-03-28 04:56:59,531.75
2022-03-28 04:57:04,531.76
2022-03-28 04:57:09,531.82
2022-03-28 04:57:14,531.75
2022-03-28 04:57:19,531.82
2022-03-28 04:57:24,531.75
2022-03-28 04:57:29,531.81
2022-03-28 04:57:34,531.82
2022-03-28 04:57:39,531.82
2022-03-28 04:57:44,531.81
2022-03-28 04:57:49,531.81
2022-03-28 04:57:54,531.81
2022-03-28 04:57:59,531.81
2022-03-28 04:58:04,531.81
2022-03-28 04:58:09,531.88
2022-03-28 04:58:14,531.81
2022-03-28 04:58:19,531.81
2022-03-28 04:58:24,531.87
2022-03-28 04:58:29,531.87
2022-03-28 04:58:34,531.87
2022-03-28 04:58:39,531.87
2022-03-28 04:58:44,531.93
2022-03-28 04:58:49,531.87
2022-03-28 04:58:54,531.86
2022-03-28 04:58:59,531.93
2022-03-28 04:59:04,531.93
2022-03-28 04:59:09,531.93
2022-03-28 04:59:14,531.93
2022-03-28 04:59:19,536.4416892300187
2022-03-28 04:59:24,531.99
2022-03-28 04:59:29,531.99
2022-03-28 04:59:34,531.93
2022-03-28 04:59:39,531.99
2022-03-28 04:59:44,531.99
2022-03-28 04:59:49,531.99
2022-03-28 04:59:54,531.99
2022-03-28 04:59:59,532.02
2022-03-28 05:00:04,532.02
2022-03-28 05:00:09,532.02
2022-03-28 05:00:14,532.02
2022-03-28 05:00:19,532.02
2022-03-28 05:00:24,532.02
2022-03-28 05:00:29,532.02
2022-03-28 05:00:34,532.08
2022-03-28 05:00:39,532.02
2022-03-28 05:00:44,532.02
2022-03-28 05:00:49,532.08
2022-03-28 05:00:54,532.08
2022-03-28 05:00:59,532.15
2022-03-28 05:01:04,532.08
2022-03-28 05:01:09,532.15
2022-03-28 05:01:14,532.21
2022-03-28 05:01:19,532.21
2022-03-28 05:01:24,532.21
2022-03-28 05:01:29,536.2833874912391
2022-03-28 05:01:34,532.21
2022-03-28 05:01:39,532.24
2022-03-28 05:01:44,532.24
2022-03-28 05:01:49,532.31
2022-03-28 05:01:54,532.31
2022-03-28 05:01:59,532.31
2022-03-28 05:02:04,532.31
2022-03-28 05:02:09,532.31
2022-03-28 05:02:14,532.31
2022-03-28 05:02:19,532.37
2022-03-28 05:02:24,532.31
2022-03-28 05:02:29,536.1748377071915
2022-03-28 05:02:34,532.37
2022-03-28 05:02:39,532.37
2022-03-28 05:02:44,532.38
2022-03-28 05:02:49,532.37
2022-03-28 05:02:54,532.31
2022-03-28 05:02:59,532.44
2022-03-28 05:03:04,532.38
2022-03-28 05:03:09,532.38
2022-03-28 05:03:14,532.44
2022-03-28 05:03:19,532.38
2022-03-28 05:03:24,532.44
2022-03-28 05:03:29,532.44
2022-03-28 05:03:34,532.51
2022-03-28 05:03:39,532.51
2022-03-28 05:03:44,532.45
2022-03-28 05:03:49,532.51
2022-03-28 05:03:54,532.51
2022-03-28 05:03:59,532.51
2022-03-28 05:04:04,532.51
2022-03-28 05:04:09,532.52
2022-03-28 05:04:14,532.51
2022-03-28 05:04:19,532.45
2022-03-28 05:04:24,532.45
2022-03-28 05:04:29,532.45
2022-03-28 05:04:34,532.52
2022-03-28 05:04:39,535.8543776758227
2022-03-28 05:04:44,532.45
2022-03-28 05:04:49,535.8253518041375
2022-03-28 05:04:54,532.52
2022-03-28 05:04:59,532.52
2022-03-28 05:05:04,532.46
2022-03-28 05:05:09,532.52
2022-03-28 05:05:14,532.52
2022-03-28 05:05:19,535.7349172602527
2022-03-28 05:05:24,532.56
2022-03-28 05:05:29,532.56
2022-03-28 05:05:34,535.6878832646214
2022-03-28 05:05:39,532.56
2022-03-28 05:05:44,532.56
2022-03-28 05:05:49,532.56
2022-03-28 05:05:54,532.56
2022-03-28 05:05:59,532.56
2022-03-28 05:06:04,532.62
2022-03-28 05:06:09,532.62
2022-03-28 05:06:14,532.56
2022-03-28 05:06:19,535.5399827022445
2022-03-28 05:06:24,532.62
2022-03-28 05:06:29,532.62
2022-03-28 05:06:34,535.4885464116447
2022-03-28 05:06:39,532.69
2022-03-28 05:06:44,532.69
2022-03-28 05:06:49,532.69
2022-03-28 05:06:54,532.69
2022-03-28 05:06:59,532.75
2022-03-28 05:07:04,532.69
2022-03-28 05:07:09,532.75
2022-03-28 05:07:14,532.76
2022-03-28 05:07:19,532.79
2022-03-28 05:07:24,532.79
2022-03-28 05:07:29,532.76
2022-03-28 05:07:34,535.2731614430356
2022-03-28 05:07:39,532.79
2022-03-28 05:07:44,532.85
2022-03-28 05:07:49,532.85
2022-03-28 05:07:54,532.79
2022-03-28 05:07:59,532.85
2022-03-28 05:08:04,532.85
2022-03-28 05:08:09,532.85
2022-03-28 05:08:14,532.85
2022-03-28 05:08:19,532.85
2022-03-28 05:08:24,535.0832169611929
2022-03-28 05:08:29,532.85
2022-03-28 05:08:34,532.85
2022-03-28 05:08:39,535.0246147566636
2022-03-28 05:08:44,532.85
2022-03-28 05:08:49,532.85
2022-03-28 05:08:54,532.91
2022-03-28 05:08:59,532.91
2022-03-28 05:09:04,532.91
2022-03-28 05:09:09,534.9054160176812
2022-03-28 05:09:14,532.91
2022-03-28 05:09:19,532.85
2022-03-28 05:09:24,532.91
2022-03-28 05:09:29,534.824598180855
2022-03-28 05:09:34,532.85
2022-03-28 05:09:39,532.85
2022-03-28 05:09:44,532.85
2022-03-28 05:09:49,532.84
2022-03-28 05:09:54,532.84
2022-03-28 05:09:59,532.84
2022-03-28 05:10:04,532.84
2022-03-28 05:10:09,532.77
2022-03-28 05:10:14,532.78
2022-03-28 05:10:19,532.78
2022-03-28 05:10:24,532.74
2022-03-28 05:10:29,532.77
2022-03-28 05:10:34,532.74
2022-03-28 05:10:39,532.74
2022-03-28 05:10:44,532.74
2022-03-28 05:10:49,532.77
2022-03-28 05:10:54,532.77
2022-03-28 05:10:59,532.73
2022-03-28 05:11:04,532.73
2022-03-28 05:11:09,532.73
2022-03-28 05:11:14,532.73
2022-03-28 05:11:19,532.73
2022-03-28 05:11:24,534.3438425165117
2022-03-28 05:11:29,532.73
2022-03-28 05:11:34,532.67
2022-03-28 05:11:39,532.66
2022-03-28 05:11:44,532.66
2022-03-28 05:11:49,532.66
2022-03-28 05:11:54,534.2153133009735
2022-03-28 05:11:59,532.66
2022-03-28 05:12:04,532.66
2022-03-28 05:12:09,532.73
2022-03-28 05:12:14,532.73
2022-03-28 05:12:19,532.73
2022-03-28 05:12:24,532.73
2022-03-28 05:12:29,532.73
2022-03-28 05:12:34,532.73
2022-03-28 05:12:39,532.76
2022-03-28 05:12:44,532.76
2022-03-28 05:12:49,532.76
2022-03-28 05:12:54,532.76
2022-03-28 05:12:59,532.76
2022-03-28 05:13:04,532.76
2022-03-28 05:13:09,533.891690534184
2022-03-28 05:13:14,532.83
2022-03-28 05:13:19,532.76
2022-03-28 05:13:24,532.76
2022-03-28 05:13:29,532.76
2022-03-28 05:13:34,532.76
2022-03-28 05:13:39,532.76
2022-03-28 05:13:44,532.76
2022-03-28 05:13:49,532.76
2022-03-28 05:13:54,532.76
2022-03-28 05:13:59,532.76
2022-03-28 05:14:04,532.76
2022-03-28 05:14:09,532.76
2022-03-28 05:14:14,532.76
2022-03-28 05:14:19,532.76
2022-03-28 05:14:24,532.76
2022-03-28 05:14:29,532.76
2022-03-28 05:14:34,532.76
2022-03-28 05:14:39,532.76
2022-03-28 05:14:44,532.76
2022-03-28 05:14:49,532.76
2022-03-28 05:14:54,532.76
2022-03-28 05:14:59,532.76
2022-03-28 05:15:04,532.76
2022-03-28 05:15:09,532.77
2022-03-28 05:15:14,532.77
2022-03-28 05:15:19,532.77
2022-03-28 05:15:24,532.83
2022-03-28 05:15:29,532.77
2022-03-28 05:15:34,532.83
2022-03-28 05:15:39,532.84
2022-03-28 05:15:44,532.84
2022-03-28 05:15:49,532.84
2022-03-28 05:15:54,532.84
2022-03-28 05:15:59,533.1680567134679
2022-03-28 05:16:04,532.77
2022-03-28 05:16:09,533.1268029528036
2022-03-28 05:16:14,532.9
2022-03-28 05:16:19,532.78
2022-03-28 05:16:24,532.78
2022-03-28 05:16:29,532.84
2022-03-28 05:16:34,532.91
2022-03-28 05:16:39,532.85
2022-03-28 05:16:44,532.78
2022-03-28 05:16:49,532.85
2022-03-28 05:16:54,532.78
2022-03-28 05:16:59,532.78
2022-03-28 05:17:04,532.9041221225242
2022-03-28 05:17:09,532.78
2022-03-28 05:17:14,532.78
2022-03-28 05:17:19,532.8447760198445
2022-03-28 05:17:24,532.85
2022-03-28 05:17:29,532.85
2022-03-28 05:17:34,532.85
2022-03-28 05:17:39,532.85
2022-03-28 05:17:44,532.85
2022-03-28 05:17:49,532.78
2022-03-28 05:17:54,532.85
2022-03-28 05:17:59,532.85
2022-03-28 05:18:04,532.92
2022-03-28 05:18:09,532.85
2022-03-28 05:18:14,532.92
2022-03-28 05:18:19,532.92
2022-03-28 05:18:24,532.92
2022-03-28 05:18:29,532.92
2022-03-28 05:18:34,532.91
2022-03-28 05:18:39,532.91
2022-03-28 05:18:44,532.92
2022-03-28 05:18:49,532.5037125798347
2022-03-28 05:18:54,532.85
2022-03-28 05:18:59,532.85
2022-03-28 05:19:04,532.449688879494
2022-03-28 05:19:09,532.85
2022-03-28 05:19:14,532.85
2022-03-28 05:19:19,532.3965618124803
2022-03-28 05:19:24,532.85
2022-03-28 05:19:29,532.79
2022-03-28 05:19:34,532.79
2022-03-28 05:19:39,532.78
2022-03-28 05:19:44,532.78
2022-03-28 05:19:49,532.75
2022-03-28 05:19:54,532.78
2022-03-28 05:19:59,532.78
2022-03-28 05:20:04,532.75
2022-03-28 05:20:09,532.78
2022-03-28 05:20:14,532.75
2022-03-28 05:20:19,532.1937013283712
2022-03-28 05:20:24,532.68
2022-03-28 05:20:29,532.69
2022-03-28 05:20:34,532.1455685159999
2022-03-28 05:20:39,532.68
2022-03-28 05:20:44,532.62
2022-03-28 05:20:49,532.55
2022-03-28 05:20:54,532.55
2022-03-28 05:20:59,532.52
2022-03-28 05:21:04,532.55
2022-03-28 05:21:09,532.55
2022-03-28 05:21:14,532.52
2022-03-28 05:21:19,532.52
2022-03-28 05:21:24,532.52
2022-03-28 05:21:29,532.52
2022-03-28 05:21:34,532.45
2022-03-28 05:21:39,532.52
2022-03-28 05:21:44,531.9360579266951
2022-03-28 05:21:49,532.51
2022-03-28 05:21:54,532.52
2022-03-28 05:21:59,532.45
2022-03-28 05:22:04,532.45
2022-03-28 05:22:09,532.51
2022-03-28 05:22:14,532.51
2022-03-28 05:22:19,532.45
2022-03-28 05:22:24,532.45
2022-03-28 05:22:29,532.44
2022-03-28 05:22:34,532.38
2022-03-28 05:22:39,532.38
2022-03-28 05:22:44,532.37
2022-03-28 05:22:49,531.7660099925816
2022-03-28 05:22:54,532.31
2022-03-28 05:22:59,532.31
2022-03-28 05:23:04,532.25
2022-03-28 05:23:09,531.7188768912318
2022-03-28 05:23:14,532.21
2022-03-28 05:23:19,532.15
2022-03-28 05:23:24,532.15
2022-03-28 05:23:29,532.15
2022-03-28 05:23:34,532.02
2022-03-28 05:23:39,532.02
2022-03-28 05:23:44,531.99
2022-03-28 05:23:49,531.99
2022-03-28 05:23:54,531.92
2022-03-28 05:23:59,531.92
2022-03-28 05:24:04,531.86
2022-03-28 05:24:09,531.79
2022-03-28 05:24:14,531.73
2022-03-28 05:24:19,531.5747851730256
2022-03-28 05:24:24,531.73
2022-03-28 05:24:29,531.69
2022-03-28 05:24:34,531.69
2022-03-28 05:24:39,531.57
2022-03-28 05:24:44,531.57
2022-03-28 05:24:49,531.5
2022-03-28 05:24:54,531.5
2022-03-28 05:24:59,531.47
2022-03-28 05:25:04,531.4
2022-03-28 05:25:09,531.34
2022-03-28 05:25:14,531.34
2022-03-28 05:25:19,531.28
2022-03-28 05:25:24,531.21
2022-03-28 05:25:29,531.18
2022-03-28 05:25:34,531.4594531299756
2022-03-28 05:25:39,531.12
2022-03-28 05:25:44,531.05
2022-03-28 05:25:49,530.99
2022-03-28 05:25:54,530.99
2022-03-28 05:25:59,530.96
2022-03-28 05:26:04,530.95
2022-03-28 05:26:09,531.4206228324805
2022-03-28 05:26:14,530.83
2022-03-28 05:26:19,530.76
2022-03-28 05:26:24,530.7
2022-03-28 05:26:29,530.7
2022-03-28 05:26:34,530.67
2022-03-28 05:26:39,530.6
2022-03-28 05:26:44,531.3919302091588
2022-03-28 05:26:49,530.54
2022-03-28 05:26:54,530.47
2022-03-28 05:26:59,530.45
2022-03-28 05:27:04,530.38
2022-03-28 05:27:09,530.32
2022-03-28 05:27:14,531.3757333989845
2022-03-28 05:27:19,530.25
2022-03-28 05:27:24,530.25
2022-03-28 05:27:29,531.370632461781
2022-03-28 05:27:34,530.1
2022-03-28 05:27:39,531.3683651459402
2022-03-28 05:27:44,531.3675752665454
2022-03-28 05:27:49,529.97
2022-03-28 05:27:54,529.94
2022-03-28 05:27:59,529.94
2022-03-28 05:28:04,529.87
2022-03-28 05:28:09,529.81
2022-03-28 05:28:14,531.3677283921124
2022-03-28 05:28:19,529.75
2022-03-28 05:28:24,529.68
2022-03-28 05:28:29,529.68
2022-03-28 05:28:34,529.65
2022-03-28 05:28:39,529.65
2022-03-28 05:28:44,529.65
2022-03-28 05:28:49,529.59
2022-03-28 05:28:54,529.59
2022-03-28 05:28:59,529.59
2022-03-28 05:29:04,529.53
2022-03-28 05:29:09,529.53
2022-03-28 05:29:14,529.53
2022-03-28 05:29:19,529.53
2022-03-28 05:29:24,529.46
2022-03-28 05:29:29,529.46
2022-03-28 05:29:34,529.46
2022-03-28 05:29:39,529.46
2022-03-28 05:29:44,529.46
2022-03-28 05:29:49,529.47
2022-03-28 05:29:54,531.4317643590099
2022-03-28 05:29:59,531.4376508660603
2022-03-28 05:30:04,531.4438023139223
2022-03-28 05:30:09,529.43
2022-03-28 05:30:14,529.43
2022-03-28 05:30:19,529.37
2022-03-28 05:30:24,529.37
2022-03-28 05:30:29,529.37
2022-03-28 05:30:34,529.37
2022-03-28 05:30:39,529.37
2022-03-28 05:30:44,529.3
2022-03-28 05:30:49,529.37
2022-03-28 05:30:54,529.3
2022-03-28 05:30:59,529.3
2022-03-28 05:31:04,529.24
2022-03-28 05:31:09,529.3
2022-03-28 05:31:14,529.23
2022-03-28 05:31:19,529.3
2022-03-28 05:31:24,529.24
2022-03-28 05:31:29,529.24
2022-03-28 05:31:34,529.23
2022-03-28 05:31:39,529.17
2022-03-28 05:31:44,529.17
2022-03-28 05:31:49,531.633646636234
2022-03-28 05:31:54,529.14
2022-03-28 05:31:59,529.14
2022-03-28 05:32:04,529.07
2022-03-28 05:32:09,529.01
2022-03-28 05:32:14,531.6943750516061
2022-03-28 05:32:19,528.94
2022-03-28 05:32:24,528.91
2022-03-28 05:32:29,528.91
2022-03-28 05:32:34,528.84
2022-03-28 05:32:39,528.78
2022-03-28 05:32:44,528.78
2022-03-28 05:32:49,528.72
2022-03-28 05:32:54,528.65
2022-03-28 05:32:59,528.65
2022-03-28 05:33:04,528.62
2022-03-28 05:33:09,528.55
2022-03-28 05:33:14,528.55
2022-03-28 05:33:19,528.48
2022-03-28 05:33:24,528.42
2022-03-28 05:33:29,528.42
2022-03-28 05:33:34,528.42
2022-03-28 05:33:39,528.39
2022-03-28 05:33:44,528.32
2022-03-28 05:33:49,528.32
2022-03-28 05:33:54,531.9839788982556
2022-03-28 05:33:59,528.25
2022-03-28 05:34:04,528.25
2022-03-28 05:34:09,528.19
2022-03-28 05:34:14,528.19
2022-03-28 05:34:19,528.12
2022-03-28 05:34:24,532.0826588143949
2022-03-28 05:34:29,528.12
2022-03-28 05:34:34,532.1165057724099
2022-03-28 05:34:39,528.12
2022-03-28 05:34:44,528.12
2022-03-28 05:34:49,528.12
2022-03-28 05:34:54,528.12
2022-03-28 05:34:59,528.18
2022-03-28 05:35:04,528.12
2022-03-28 05:35:09,528.18
2022-03-28 05:35:14,528.18
2022-03-28 05:35:19,528.18
2022-03-28 05:35:24,528.18
2022-03-28 05:35:29,532.3096318487309
2022-03-28 05:35:34,528.18
2022-03-28 05:35:39,528.24
2022-03-28 05:35:44,528.31
2022-03-28 05:35:49,528.24
2022-03-28 05:35:54,528.24
2022-03-28 05:35:59,528.31
2022-03-28 05:36:04,528.31
2022-03-28 05:36:09,528.31
2022-03-28 05:36:14,528.37
2022-03-28 05:36:19,528.4
2022-03-28 05:36:24,532.5112245601244
2022-03-28 05:36:29,528.47
2022-03-28 05:36:34,528.47
2022-03-28 05:36:39,528.53
2022-03-28 05:36:44,528.53
2022-03-28 05:36:49,528.53
2022-03-28 05:36:54,528.6
2022-03-28 05:36:59,528.63
2022-03-28 05:37:04,528.63
2022-03-28 05:37:09,528.69
2022-03-28 05:37:14,528.69
2022-03-28 05:37:19,528.69
2022-03-28 05:37:24,528.76
2022-03-28 05:37:29,528.82
2022-03-28 05:37:34,528.89
2022-03-28 05:37:39,528.89
2022-03-28 05:37:44,528.92
2022-03-28 05:37:49,528.92
2022-03-28 05:37:54,528.99
2022-03-28 05:37:59,528.98
2022-03-28 05:38:04,532.8845404268626
2022-03-28 05:38:09,529.05
2022-03-28 05:38:14,529.12
2022-03-28 05:38:19,529.12
2022-03-28 05:38:24,529.15
2022-03-28 05:38:29,529.22
2022-03-28 05:38:34,529.22
2022-03-28 05:38:39,529.22
2022-03-28 05:38:44,529.28
2022-03-28 05:38:49,529.28
2022-03-28 05:38:54,529.35
2022-03-28 05:38:59,529.35
2022-03-28 05:39:04,529.41
2022-03-28 05:39:09,529.41
2022-03-28 05:39:14,529.41
2022-03-28 05:39:19,529.45
2022-03-28 05:39:24,529.51
2022-03-28 05:39:29,529.51
2022-03-28 05:39:34,529.58
2022-03-28 05:39:39,529.58
2022-03-28 05:39:44,529.64
2022-03-28 05:39:49,529.64
2022-03-28 05:39:54,529.65
2022-03-28 05:39:59,529.68
2022-03-28 05:40:04,529.68
2022-03-28 05:40:09,529.74
2022-03-28 05:40:14,529.74
2022-03-28 05:40:19,529.74
2022-03-28 05:40:24,529.74
2022-03-28 05:40:29,529.81
2022-03-28 05:40:34,529.87
2022-03-28 05:40:39,533.4243614657719
2022-03-28 05:40:44,529.94
2022-03-28 05:40:49,533.4555655405185
2022-03-28 05:40:54,529.94
2022-03-28 05:40:59,529.87
2022-03-28 05:41:04,529.94
2022-03-28 05:41:09,529.94
2022-03-28 05:41:14,529.94
2022-03-28 05:41:19,529.94
2022-03-28 05:41:24,529.98
2022-03-28 05:41:29,529.94
2022-03-28 05:41:34,529.94
2022-03-28 05:41:39,529.94
2022-03-28 05:41:44,529.97
2022-03-28 05:41:49,529.98
2022-03-28 05:41:54,529.97
2022-03-28 05:41:59,529.97
2022-03-28 05:42:04,530.04
2022-03-28 05:42:09,529.98
2022-03-28 05:42:14,530.04
2022-03-28 05:42:19,530.04
2022-03-28 05:42:24,530.04
2022-03-28 05:42:29,530.04
2022-03-28 05:42:34,530.04
2022-03-28 05:42:39,530.1
2022-03-28 05:42:44,530.04
2022-03-28 05:42:49,530.1
2022-03-28 05:42:54,530.04
2022-03-28 05:42:59,530.04
2022-03-28 05:43:04,530.11
2022-03-28 05:43:09,530.04
2022-03-28 05:43:14,530.1
2022-03-28 05:43:19,530.04
2022-03-28 05:43:24,530.04
2022-03-28 05:43:29,529.97
2022-03-28 05:43:34,529.97
2022-03-28 05:43:39,529.97
2022-03-28 05:43:44,529.97
2022-03-28 05:43:49,529.97
2022-03-28 05:43:54,529.97
2022-03-28 05:43:59,529.97
2022-03-28 05:44:04,529.97
2022-03-28 05:44:09,529.94
2022-03-28 05:44:14,529.94
2022-03-28 05:44:19,529.94
2022-03-28 05:44:24,529.87
2022-03-28 05:44:29,529.87
2022-03-28 05:44:34,529.87
2022-03-28 05:44:39,529.8
2022-03-28 05:44:44,529.87
2022-03-28 05:44:49,529.8
2022-03-28 05:44:54,529.74
2022-03-28 05:44:59,529.8
2022-03-28 05:45:04,529.74
2022-03-28 05:45:09,529.67
2022-03-28 05:45:14,529.67
2022-03-28 05:45:19,529.67
2022-03-28 05:45:24,529.64
2022-03-28 05:45:29,529.64
2022-03-28 05:45:34,533.9882821710934
2022-03-28 05:45:39,529.57
2022-03-28 05:45:44,529.5
2022-03-28 05:45:49,529.44
2022-03-28 05:45:54,529.44
2022-03-28 05:45:59,529.41
2022-03-28 05:46:04,529.34
2022-03-28 05:46:09,529.34
2022-03-28 05:46:14,529.27
2022-03-28 05:46:19,529.21
2022-03-28 05:46:24,529.15
2022-03-28 05:46:29,533.9900365804892
2022-03-28 05:46:34,528.98
2022-03-28 05:46:39,528.92
2022-03-28 05:46:44,528.89
2022-03-28 05:46:49,528.82
2022-03-28 05:46:54,528.69
2022-03-28 05:46:59,528.63
2022-03-28 05:47:04,528.63
2022-03-28 05:47:09,528.53
2022-03-28 05:47:14,528.47
2022-03-28 05:47:19,528.37
2022-03-28 05:47:24,528.37
2022-03-28 05:47:29,528.24
2022-03-28 05:47:34,528.17
2022-03-28 05:47:39,528.01
2022-03-28 05:47:44,528.01
2022-03-28 05:47:49,527.88
2022-03-28 05:47:54,527.85
2022-03-28 05:47:59,527.72
2022-03-28 05:48:04,527.66
2022-03-28 05:48:09,527.59
2022-03-28 05:48:14,527.43
2022-03-28 05:48:19,533.901694840982
2022-03-28 05:48:24,527.37
2022-03-28 05:48:29,527.27
2022-03-28 05:48:34,527.21
2022-03-28 05:48:39,527.14
2022-03-28 05:48:44,527.08
2022-03-28 05:48:49,527.05
2022-03-28 05:48:54,526.92
2022-03-28 05:48:59,526.92
2022-03-28 05:49:04,533.8343525872393
2022-03-28 05:49:09,526.82
2022-03-28 05:49:14,526.76
2022-03-28 05:49:19,526.69
2022-03-28 05:49:24,533.7992432837709
2022-03-28 05:49:29,526.63
2022-03-28 05:49:34,526.57
2022-03-28 05:49:39,526.57
2022-03-28 05:49:44,526.57
2022-03-28 05:49:49,526.53
2022-03-28 05:49:54,526.53
2022-03-28 05:49:59,533.7306707239412
2022-03-28 05:50:04,526.47
2022-03-28 05:50:09,526.47
2022-03-28 05:50:14,526.47
2022-03-28 05:50:19,526.47
2022-03-28 05:50:24,526.47
2022-03-28 05:50:29,526.47
2022-03-28 05:50:34,526.47
2022-03-28 05:50:39,526.48
2022-03-28 05:50:44,526.48
2022-03-28 05:50:49,526.54
2022-03-28 05:50:54,526.54
2022-03-28 05:50:59,526.57
2022-03-28 05:51:04,526.57
2022-03-28 05:51:09,526.64
2022-03-28 05:51:14,526.71
2022-03-28 05:51:19,526.7
2022-03-28 05:51:24,526.77
2022-03-28 05:51:29,526.84
2022-03-28 05:51:34,526.87
2022-03-28 05:51:39,526.87
2022-03-28 05:51:44,527.0
2022-03-28 05:51:49,527.06
2022-03-28 05:51:54,527.06
2022-03-28 05:51:59,527.1
2022-03-28 05:52:04,527.16
2022-03-28 05:52:09,527.16
2022-03-28 05:52:14,527.29
2022-03-28 05:52:19,527.29
2022-03-28 05:52:24,527.39
2022-03-28 05:52:29,527.39
2022-03-28 05:52:34,527.52
2022-03-28 05:52:39,527.58
2022-03-28 05:52:44,527.61
2022-03-28 05:52:49,527.61
2022-03-28 05:52:54,527.68
2022-03-28 05:52:59,527.75
2022-03-28 05:53:04,527.81
2022-03-28 05:53:09,527.88
2022-03-28 05:53:14,527.91
2022-03-28 05:53:19,527.97
2022-03-28 05:53:24,528.04
2022-03-28 05:53:29,528.1
2022-03-28 05:53:34,528.13
2022-03-28 05:53:39,528.13
2022-03-28 05:53:44,528.26
2022-03-28 05:53:49,528.26
2022-03-28 05:53:54,533.0866490292298
2022-03-28 05:53:59,528.39
2022-03-28 05:54:04,528.42
2022-03-28 05:54:09,528.49
2022-03-28 05:54:14,528.55
2022-03-28 05:54:19,528.62
2022-03-28 05:54:24,528.62
2022-03-28 05:54:29,528.71
2022-03-28 05:54:34,528.71
2022-03-28 05:54:39,532.9379624311907
2022-03-28 05:54:44,528.84
2022-03-28 05:54:49,528.91
2022-03-28 05:54:54,528.91
2022-03-28 05:54:59,528.94
2022-03-28 05:55:04,529.0
2022-03-28 05:55:09,529.07
2022-03-28 05:55:14,529.13
2022-03-28 05:55:19,529.16
2022-03-28 05:55:24,529.22
2022-03-28 05:55:29,529.22
2022-03-28 05:55:34,532.7503147798486
2022-03-28 05:55:39,529.41
2022-03-28 05:55:44,529.41
2022-03-28 05:55:49,529.44
2022-03-28 05:55:54,529.51
2022-03-28 05:55:59,529.58
2022-03-28 05:56:04,529.57
2022-03-28 05:56:09,529.67
2022-03-28 05:56:14,529.67
2022-03-28 05:56:19,532.5937659968813
2022-03-28 05:56:24,529.73
2022-03-28 05:56:29,529.8
2022-03-28 05:56:34,529.86
2022-03-28 05:56:39,529.86
2022-03-28 05:56:44,529.93
2022-03-28 05:56:49,529.96
2022-03-28 05:56:54,529.96
2022-03-28 05:56:59,532.4536614988517
2022-03-28 05:57:04,530.08
2022-03-28 05:57:09,530.08
2022-03-28 05:57:14,530.14
2022-03-28 05:57:19,530.18
2022-03-28 05:57:24,530.24
2022-03-28 05:57:29,530.3
2022-03-28 05:57:34,530.3
2022-03-28 05:57:39,530.37
2022-03-28 05:57:44,532.2963654890933
2022-03-28 05:57:49,530.53
2022-03-28 05:57:54,530.59
2022-03-28 05:57:59,532.2442607878357
2022-03-28 05:58:04,530.65
2022-03-28 05:58:09,532.2096641681443
2022-03-28 05:58:14,530.75
2022-03-28 05:58:19,530.81
2022-03-28 05:58:24,530.81
2022-03-28 05:58:29,532.1408820564284
2022-03-28 05:58:34,530.97
2022-03-28 05:58:39,530.97
2022-03-28 05:58:44,531.04
2022-03-28 05:58:49,531.1
2022-03-28 05:58:54,531.16
2022-03-28 05:58:59,531.19
2022-03-28 05:59:04,532.0221558484928
2022-03-28 05:59:09,531.26
2022-03-28 05:59:14,531.39
2022-03-28 05:59:19,531.45
2022-03-28 05:59:24,531.48
2022-03-28 05:59:29,531.55
2022-03-28 05:59:34,531.61
2022-03-28 05:59:39,531.61
2022-03-28 05:59:44,531.71
2022-03-28 05:59:49,531.77
2022-03-28 05:59:54,531.84
2022-03-28 05:59:59,531.9
2022-03-28 06:00:04,531.97
2022-03-28 06:00:09,531.97
2022-03-28 06:00:14,532.06
2022-03-28 06:00:19,532.13
2022-03-28 06:00:24,532.22
2022-03-28 06:00:29,532.22
2022-03-28 06:00:34,531.7271952853221
2022-03-28 06:00:39,532.35
2022-03-28 06:00:44,532.35
2022-03-28 06:00:49,531.6794385037664
2022-03-28 06:00:54,532.48
2022-03-28 06:00:59,532.58
2022-03-28 06:01:04,532.58
2022-03-28 06:01:09,532.64
2022-03-28 06:01:14,532.71
2022-03-28 06:01:19,532.74
2022-03-28 06:01:24,532.8
2022-03-28 06:01:29,532.87
2022-03-28 06:01:34,531.5384877677197
2022-03-28 06:01:39,533.0
2022-03-28 06:01:44,533.03
2022-03-28 06:01:49,533.16
2022-03-28 06:01:54,533.16
2022-03-28 06:01:59,533.26
2022-03-28 06:02:04,533.26
2022-03-28 06:02:09,533.39
2022-03-28 06:02:14,533.39
2022-03-28 06:02:19,533.55
2022-03-28 06:02:24,533.55
2022-03-28 06:02:29,531.3708053571878
2022-03-28 06:02:34,533.75
2022-03-28 06:02:39,533.78
2022-03-28 06:02:44,533.91
2022-03-28 06:02:49,533.97
2022-03-28 06:02:54,534.04
2022-03-28 06:02:59,534.07
2022-03-28 06:03:04,534.2
2022-03-28 06:03:09,534.27
2022-03-28 06:03:14,534.3
2022-03-28 06:03:19,534.36
2022-03-28 06:03:24,531.2079734407306
2022-03-28 06:03:29,534.59
2022-03-28 06:03:34,534.59
2022-03-28 06:03:39,534.72
2022-03-28 06:03:44,534.79
2022-03-28 06:03:49,534.82
2022-03-28 06:03:54,534.95
2022-03-28 06:03:59,531.1067815267113
2022-03-28 06:04:04,535.08
2022-03-28 06:04:09,535.11
2022-03-28 06:04:14,535.24
2022-03-28 06:04:19,535.3
2022-03-28 06:04:24,535.4
2022-03-28 06:04:29,535.6
2022-03-28 06:04:34,535.6
2022-03-28 06:04:39,535.76
2022-03-28 06:04:44,530.9793496639478
2022-03-28 06:04:49,535.92
2022-03-28 06:04:54,536.05
2022-03-28 06:04:59,536.14
2022-03-28 06:05:04,536.27
2022-03-28 06:05:09,536.37
2022-03-28 06:05:14,536.5
2022-03-28 06:05:19,536.63
2022-03-28 06:05:24,536.72
2022-03-28 06:05:29,536.86
2022-03-28 06:05:34,536.95
2022-03-28 06:05:39,537.02
2022-03-28 06:05:44,537.18
2022-03-28 06:05:49,537.31
2022-03-28 06:05:54,537.37
2022-03-28 06:05:59,537.46
2022-03-28 06:06:04,537.59
2022-03-28 06:06:09,537.69
2022-03-28 06:06:14,537.76
2022-03-28 06:06:19,537.92
2022-03-28 06:06:24,537.98
2022-03-28 06:06:29,538.05
2022-03-28 06:06:34,538.18
2022-03-28 06:06:39,530.6665849713427
2022-03-28 06:06:44,538.34
2022-03-28 06:06:49,538.43
2022-03-28 06:06:54,538.5
2022-03-28 06:06:59,538.56
2022-03-28 06:07:04,538.69
2022-03-28 06:07:09,538.78
2022-03-28 06:07:14,538.91
2022-03-28 06:07:19,539.01
2022-03-28 06:07:24,539.07
2022-03-28 06:07:29,539.14
2022-03-28 06:07:34,539.23
2022-03-28 06:07:39,539.36
2022-03-28 06:07:44,539.43
2022-03-28 06:07:49,530.4846486929695
2022-03-28 06:07:54,530.4718825687614
2022-03-28 06:07:59,539.65
2022-03-28 06:08:04,539.75
2022-03-28 06:08:09,539.81
2022-03-28 06:08:14,539.94
2022-03-28 06:08:19,539.94
2022-03-28 06:08:24,530.3959045013422
2022-03-28 06:08:29,540.1
2022-03-28 06:08:34,540.23
2022-03-28 06:08:39,540.26
2022-03-28 06:08:44,540.32
2022-03-28 06:08:49,540.39
2022-03-28 06:08:54,540.45
2022-03-28 06:08:59,530.3085700478922
2022-03-28 06:09:04,540.61
2022-03-28 06:09:09,540.61
2022-03-28 06:09:14,540.74
2022-03-28 06:09:19,540.74
2022-03-28 06:09:24,540.77
2022-03-28 06:09:29,540.9
2022-03-28 06:09:34,540.96
2022-03-28 06:09:39,540.99
2022-03-28 06:09:44,541.06
2022-03-28 06:09:49,530.1861436231839
2022-03-28 06:09:54,541.18
2022-03-28 06:09:59,541.18
2022-03-28 06:10:04,541.28
2022-03-28 06:10:09,541.34
2022-03-28 06:10:14,541.4
2022-03-28 06:10:19,541.5
2022-03-28 06:10:24,541.56
2022-03-28 06:10:29,541.63
2022-03-28 06:10:34,530.0781925620535
2022-03-28 06:10:39,541.79
2022-03-28 06:10:44,541.85
2022-03-28 06:10:49,541.92
2022-03-28 06:10:54,541.98
2022-03-28 06:10:59,542.01
2022-03-28 06:11:04,542.08
2022-03-28 06:11:09,542.2
2022-03-28 06:11:14,529.9839142491096
2022-03-28 06:11:19,542.3
2022-03-28 06:11:24,542.37
2022-03-28 06:11:29,542.49
2022-03-28 06:11:34,542.53
2022-03-28 06:11:39,542.59
2022-03-28 06:11:44,542.59
2022-03-28 06:11:49,542.66
2022-03-28 06:11:54,542.72
2022-03-28 06:11:59,542.78
2022-03-28 06:12:04,542.88
2022-03-28 06:12:09,542.88
2022-03-28 06:12:14,529.8452733938226
2022-03-28 06:12:19,543.01
2022-03-28 06:12:24,543.04
2022-03-28 06:12:29,543.04
2022-03-28 06:12:34,543.04
2022-03-28 06:12:39,543.11
2022-03-28 06:12:44,543.17
2022-03-28 06:12:49,543.17
2022-03-28 06:12:54,529.7545780983926
2022-03-28 06:12:59,543.17
2022-03-28 06:13:04,543.11
2022-03-28 06:13:09,543.11
2022-03-28 06:13:14,543.11
2022-03-28 06:13:19,543.04
2022-03-28 06:13:24,543.11
2022-03-28 06:13:29,543.04
2022-03-28 06:13:34,543.01
2022-03-28 06:13:39,543.01
2022-03-28 06:13:44,542.95
2022-03-28 06:13:49,529.6317820094778
2022-03-28 06:13:54,542.82
2022-03-28 06:13:59,542.82
2022-03-28 06:14:04,542.79
2022-03-28 06:14:09,542.72
2022-03-28 06:14:14,542.73
2022-03-28 06:14:19,542.66
2022-03-28 06:14:24,542.6
2022-03-28 06:14:29,542.53
2022-03-28 06:14:34,542.5
2022-03-28 06:14:39,542.44
2022-03-28 06:14:44,542.31
2022-03-28 06:14:49,529.4992995842778
2022-03-28 06:14:54,542.15
2022-03-28 06:14:59,542.09
2022-03-28 06:15:04,541.93
2022-03-28 06:15:09,541.8
2022-03-28 06:15:14,541.77
2022-03-28 06:15:19,541.64
2022-03-28 06:15:24,541.51
2022-03-28 06:15:29,541.35
2022-03-28 06:15:34,541.26
2022-03-28 06:15:39,541.12
2022-03-28 06:15:44,540.97
2022-03-28 06:15:49,540.9
2022-03-28 06:15:54,540.74
2022-03-28 06:15:59,540.61
2022-03-28 06:16:04,540.48
2022-03-28 06:16:09,540.39
2022-03-28 06:16:14,540.26
2022-03-28 06:16:19,540.17
2022-03-28 06:16:24,540.03
2022-03-28 06:16:29,539.94
2022-03-28 06:16:34,539.81
2022-03-28 06:16:39,529.2560607101004
2022-03-28 06:16:44,539.52
2022-03-28 06:16:49,539.46
2022-03-28 06:16:54,539.36
2022-03-28 06:16:59,539.23
2022-03-28 06:17:04,539.14
2022-03-28 06:17:09,539.01
2022-03-28 06:17:14,538.91
2022-03-28 06:17:19,538.85
2022-03-28 06:17:24,538.72
2022-03-28 06:17:29,538.62
2022-03-28 06:17:34,538.62
2022-03-28 06:17:39,538.49
2022-03-28 06:17:44,538.43
2022-03-28 06:17:49,538.33
2022-03-28 06:17:54,538.27
2022-03-28 06:17:59,538.2
2022-03-28 06:18:04,538.1
2022-03-28 06:18:09,529.0518594565358
2022-03-28 06:18:14,537.91
2022-03-28 06:18:19,537.88
2022-03-28 06:18:24,537.82
2022-03-28 06:18:29,537.69
2022-03-28 06:18:34,537.69
2022-03-28 06:18:39,537.59
2022-03-28 06:18:44,537.53
2022-03-28 06:18:49,537.46
2022-03-28 06:18:54,537.46
2022-03-28 06:18:59,537.39
2022-03-28 06:19:04,537.36
2022-03-28 06:19:09,537.3
2022-03-28 06:19:14,537.17
2022-03-28 06:19:19,537.17
2022-03-28 06:19:24,537.13
2022-03-28 06:19:29,537.14
2022-03-28 06:19:34,537.13
2022-03-28 06:19:39,537.0
2022-03-28 06:19:44,536.94
2022-03-28 06:19:49,536.88
2022-03-28 06:19:54,528.8012567258908
2022-03-28 06:19:59,536.84
2022-03-28 06:20:04,536.78
2022-03-28 06:20:09,536.78
2022-03-28 06:20:14,536.71
2022-03-28 06:20:19,536.64
2022-03-28 06:20:24,536.64
2022-03-28 06:20:29,536.64
2022-03-28 06:20:34,536.61
2022-03-28 06:20:39,536.54
2022-03-28 06:20:44,536.54
2022-03-28 06:20:49,536.54
2022-03-28 06:20:54,536.54
2022-03-28 06:20:59,536.54
2022-03-28 06:21:04,536.48
2022-03-28 06:21:09,536.48
2022-03-28 06:21:14,536.48
2022-03-28 06:21:19,536.48
2022-03-28 06:21:24,536.48
2022-03-28 06:21:29,528.557337969803
2022-03-28 06:21:34,536.48
2022-03-28 06:21:39,536.41
2022-03-28 06:21:44,536.41
2022-03-28 06:21:49,536.47
2022-03-28 06:21:54,536.47
2022-03-28 06:21:59,536.47
2022-03-28 06:22:04,536.47
2022-03-28 06:22:09,536.4
2022-03-28 06:22:14,536.47
2022-03-28 06:22:19,536.47
2022-03-28 06:22:24,536.47
2022-03-28 06:22:29,528.3923694068992
2022-03-28 06:22:34,536.53
2022-03-28 06:22:39,536.53
2022-03-28 06:22:44,536.53
2022-03-28 06:22:49,536.59
2022-03-28 06:22:54,536.59
2022-03-28 06:22:59,536.59
2022-03-28 06:23:04,536.63
2022-03-28 06:23:09,536.69
2022-03-28 06:23:14,528.2621190439587
2022-03-28 06:23:19,536.75
2022-03-28 06:23:24,536.82
2022-03-28 06:23:29,536.85
2022-03-28 06:23:34,536.85
2022-03-28 06:23:39,536.92
2022-03-28 06:23:44,537.04
2022-03-28 06:23:49,537.11
2022-03-28 06:23:54,537.11
2022-03-28 06:23:59,528.1256476228857
2022-03-28 06:24:04,537.27
2022-03-28 06:24:09,537.37
2022-03-28 06:24:14,528.0786768304464
2022-03-28 06:24:19,537.63
2022-03-28 06:24:24,537.66
2022-03-28 06:24:29,537.79
2022-03-28 06:24:34,528.0148397562353
2022-03-28 06:24:39,538.08
2022-03-28 06:24:44,538.17
2022-03-28 06:24:49,538.37
2022-03-28 06:24:54,527.9495750015534
2022-03-28 06:24:59,527.9330299127269
2022-03-28 06:25:04,538.75
2022-03-28 06:25:09,538.98
2022-03-28 06:25:14,539.11
2022-03-28 06:25:19,527.8659106564667
2022-03-28 06:25:24,539.43
2022-03-28 06:25:29,539.63
2022-03-28 06:25:34,539.85
2022-03-28 06:25:39,539.95
2022-03-28 06:25:44,540.21
2022-03-28 06:25:49,527.7623296346712
2022-03-28 06:25:54,540.53
2022-03-28 06:25:59,527.7270038704128
2022-03-28 06:26:04,540.95
2022-03-28 06:26:09,541.11
2022-03-28 06:26:14,541.27
2022-03-28 06:26:19,541.46
2022-03-28 06:26:24,541.63
2022-03-28 06:26:29,541.79
2022-03-28 06:26:34,541.98
2022-03-28 06:26:39,542.15
2022-03-28 06:26:44,527.5628777642696
2022-03-28 06:26:49,542.53
2022-03-28 06:26:54,542.6
2022-03-28 06:26:59,542.79
2022-03-28 06:27:04,542.89
2022-03-28 06:27:09,527.4679167962656
2022-03-28 06:27:14,543.24
2022-03-28 06:27:19,543.34
2022-03-28 06:27:24,543.57
2022-03-28 06:27:29,543.63
2022-03-28 06:27:34,543.86
2022-03-28 06:27:39,543.99
2022-03-28 06:27:44,544.05
2022-03-28 06:27:49,544.15
2022-03-28 06:27:54,544.28
2022-03-28 06:27:59,544.38
2022-03-28 06:28:04,544.44
2022-03-28 06:28:09,544.57
2022-03-28 06:28:14,544.67
2022-03-28 06:28:19,544.73
2022-03-28 06:28:24,544.86
2022-03-28 06:28:29,544.9
2022-03-28 06:28:34,544.96
2022-03-28 06:28:39,545.09
2022-03-28 06:28:44,545.12
2022-03-28 06:28:49,545.18
2022-03-28 06:28:54,545.25
2022-03-28 06:28:59,545.31
2022-03-28 06:29:04,527.0019453167127
2022-03-28 06:29:09,545.41
2022-03-28 06:29:14,545.48
2022-03-28 06:29:19,545.48
2022-03-28 06:29:24,545.54
2022-03-28 06:29:29,545.54
2022-03-28 06:29:34,545.54
2022-03-28 06:29:39,545.54
2022-03-28 06:29:44,545.6
2022-03-28 06:29:49,526.8105825924715
2022-03-28 06:29:54,545.54
2022-03-28 06:29:59,545.6
2022-03-28 06:30:04,545.6
2022-03-28 06:30:09,545.54
2022-03-28 06:30:14,545.54
2022-03-28 06:30:19,526.6814765739636
2022-03-28 06:30:24,545.54
2022-03-28 06:30:29,526.6382716585036
2022-03-28 06:30:34,545.41
2022-03-28 06:30:39,526.595012125222
2022-03-28 06:30:44,526.5733675338025
2022-03-28 06:30:49,545.25
2022-03-28 06:30:54,545.18
2022-03-28 06:30:59,545.12
2022-03-28 06:31:04,545.12
2022-03-28 06:31:09,545.08
2022-03-28 06:31:14,545.02
2022-03-28 06:31:19,544.96
2022-03-28 06:31:24,544.89
2022-03-28 06:31:29,544.79
2022-03-28 06:31:34,544.79
2022-03-28 06:31:39,544.66
2022-03-28 06:31:44,544.66
2022-03-28 06:31:49,544.6
2022-03-28 06:31:54,544.5
2022-03-28 06:31:59,544.37
2022-03-28 06:32:04,544.37
2022-03-28 06:32:09,544.27
2022-03-28 06:32:14,544.21
2022-03-28 06:32:19,544.14
2022-03-28 06:32:24,544.08
2022-03-28 06:32:29,543.98
2022-03-28 06:32:34,543.92
2022-03-28 06:32:39,543.85
2022-03-28 06:32:44,543.75
2022-03-28 06:32:49,543.69
2022-03-28 06:32:54,543.56
2022-03-28 06:32:59,543.46
2022-03-28 06:33:04,543.39
2022-03-28 06:33:09,543.3
2022-03-28 06:33:14,543.17
2022-03-28 06:33:19,543.04
2022-03-28 06:33:24,542.94
2022-03-28 06:33:29,542.81
2022-03-28 06:33:34,542.78
2022-03-28 06:33:39,542.52
2022-03-28 06:33:44,542.52
2022-03-28 06:33:49,542.36
2022-03-28 06:33:54,542.3
2022-03-28 06:33:59,542.2
2022-03-28 06:34:04,542.07
2022-03-28 06:34:09,542.0
2022-03-28 06:34:14,541.85
2022-03-28 06:34:19,541.75
2022-03-28 06:34:24,541.68
2022-03-28 06:34:29,541.55
2022-03-28 06:34:34,541.46
2022-03-28 06:34:39,525.5874634249807
2022-03-28 06:34:44,541.27
2022-03-28 06:34:49,541.23
2022-03-28 06:34:54,541.1
2022-03-28 06:34:59,540.94
2022-03-28 06:35:04,540.94
2022-03-28 06:35:09,540.75
2022-03-28 06:35:14,525.4537268898731
2022-03-28 06:35:19,540.46
2022-03-28 06:35:24,540.46
2022-03-28 06:35:29,525.3980958212243
2022-03-28 06:35:34,540.23
2022-03-28 06:35:39,540.14
2022-03-28 06:35:44,540.01
2022-03-28 06:35:49,540.01
2022-03-28 06:35:54,539.91
2022-03-28 06:35:59,539.85
2022-03-28 06:36:04,539.78
2022-03-28 06:36:09,539.69
2022-03-28 06:36:14,539.62
2022-03-28 06:36:19,539.56
2022-03-28 06:36:24,539.56
2022-03-28 06:36:29,525.18717250493
2022-03-28 06:36:34,539.43
2022-03-28 06:36:39,539.4
2022-03-28 06:36:44,539.34
2022-03-28 06:36:49,539.34
2022-03-28 06:36:54,539.27
2022-03-28 06:36:59,539.21
2022-03-28 06:37:04,525.0738091964416
2022-03-28 06:37:09,539.18
2022-03-28 06:37:14,539.18
2022-03-28 06:37:19,539.11
2022-03-28 06:37:24,539.05
2022-03-28 06:37:29,539.05
2022-03-28 06:37:34,524.9830502756862
2022-03-28 06:37:39,538.99
2022-03-28 06:37:44,538.92
2022-03-28 06:37:49,538.92
2022-03-28 06:37:54,538.89
2022-03-28 06:37:59,538.89
2022-03-28 06:38:04,538.9
2022-03-28 06:38:09,538.9
2022-03-28 06:38:14,538.83
2022-03-28 06:38:19,538.77
2022-03-28 06:38:24,538.77
2022-03-28 06:38:29,538.77
2022-03-28 06:38:34,538.77
2022-03-28 06:38:39,538.77
2022-03-28 06:38:44,538.71
2022-03-28 06:38:49,538.71
2022-03-28 06:38:54,538.71
2022-03-28 06:38:59,538.71
2022-03-28 06:39:04,538.78
2022-03-28 06:39:09,538.71
2022-03-28 06:39:14,538.78
2022-03-28 06:39:19,538.84
2022-03-28 06:39:24,524.7090180607103
2022-03-28 06:39:29,538.78
2022-03-28 06:39:34,538.84
2022-03-28 06:39:39,538.91
2022-03-28 06:39:44,524.6703680148064
2022-03-28 06:39:49,538.94
2022-03-28 06:39:54,538.94
2022-03-28 06:39:59,538.94
2022-03-28 06:40:04,539.0
2022-03-28 06:40:09,524.6274164504366
2022-03-28 06:40:14,539.07
2022-03-28 06:40:19,539.14
2022-03-28 06:40:24,539.2
2022-03-28 06:40:29,539.2
2022-03-28 06:40:34,524.590685533841
2022-03-28 06:40:39,539.3
2022-03-28 06:40:44,539.3
2022-03-28 06:40:49,539.3
2022-03-28 06:40:54,539.3
2022-03-28 06:40:59,524.560458110242
2022-03-28 06:41:04,539.43
2022-03-28 06:41:09,539.46
2022-03-28 06:41:14,539.46
2022-03-28 06:41:19,539.52
2022-03-28 06:41:24,524.5369487245104
2022-03-28 06:41:29,539.59
2022-03-28 06:41:34,539.65
2022-03-28 06:41:39,539.72
2022-03-28 06:41:44,539.75
2022-03-28 06:41:49,539.75
2022-03-28 06:41:54,539.81
2022-03-28 06:41:59,539.88
2022-03-28 06:42:04,539.97
2022-03-28 06:42:09,540.04
2022-03-28 06:42:14,540.03
2022-03-28 06:42:19,540.1
2022-03-28 06:42:24,540.23
2022-03-28 06:42:29,540.26
2022-03-28 06:42:34,540.39
2022-03-28 06:42:39,540.45
2022-03-28 06:42:44,540.61
2022-03-28 06:42:49,540.61
2022-03-28 06:42:54,524.5063818086915
2022-03-28 06:42:59,540.83
2022-03-28 06:43:04,540.96
2022-03-28 06:43:09,541.06
2022-03-28 06:43:14,541.13
2022-03-28 06:43:19,541.19
2022-03-28 06:43:24,541.35
2022-03-28 06:43:29,541.51
2022-03-28 06:43:34,541.57
2022-03-28 06:43:39,541.7
2022-03-28 06:43:44,541.8
2022-03-28 06:43:49,541.92
2022-03-28 06:43:54,542.02
2022-03-28 06:43:59,524.5342331473499
2022-03-28 06:44:04,542.21
2022-03-28 06:44:09,542.31
2022-03-28 06:44:14,542.44
2022-03-28 06:44:19,542.6
2022-03-28 06:44:24,542.72
2022-03-28 06:44:29,542.82
2022-03-28 06:44:34,542.95
2022-03-28 06:44:39,543.04
2022-03-28 06:44:44,543.11
2022-03-28 06:44:49,543.24
2022-03-28 06:44:54,543.3
2022-03-28 06:44:59,543.39
2022-03-28 06:45:04,543.52
2022-03-28 06:45:09,543.56
2022-03-28 06:45:14,543.68
2022-03-28 06:45:19,543.68
2022-03-28 06:45:24,543.75
2022-03-28 06:45:29,543.84
2022-03-28 06:45:34,543.84
2022-03-28 06:45:39,543.91
2022-03-28 06:45:44,543.97
2022-03-28 06:45:49,544.04
2022-03-28 06:45:54,544.04
2022-03-28 06:45:59,544.07
2022-03-28 06:46:04,544.13
2022-03-28 06:46:09,544.13
2022-03-28 06:46:14,544.19
2022-03-28 06:46:19,544.19
2022-03-28 06:46:24,544.19
2022-03-28 06:46:29,524.7436627427932
2022-03-28 06:46:34,544.26
2022-03-28 06:46:39,544.26
2022-03-28 06:46:44,544.26
2022-03-28 06:46:49,544.32
2022-03-28 06:46:54,544.32
2022-03-28 06:46:59,524.8078822459895
2022-03-28 06:47:04,544.35
2022-03-28 06:47:09,544.35
2022-03-28 06:47:14,544.35
2022-03-28 06:47:19,544.35
2022-03-28 06:47:24,544.35
2022-03-28 06:47:29,544.42
2022-03-28 06:47:34,544.48
2022-03-28 06:47:39,544.49
2022-03-28 06:47:44,544.48
2022-03-28 06:47:49,544.55
2022-03-28 06:47:54,544.55
2022-03-28 06:47:59,544.58
2022-03-28 06:48:04,544.64
2022-03-28 06:48:09,544.64
2022-03-28 06:48:14,544.64
2022-03-28 06:48:19,544.65
2022-03-28 06:48:24,544.71
2022-03-28 06:48:29,544.71
2022-03-28 06:48:34,544.78
2022-03-28 06:48:39,544.78
2022-03-28 06:48:44,544.84
2022-03-28 06:48:49,544.84
2022-03-28 06:48:54,544.88
2022-03-28 06:48:59,544.94
2022-03-28 06:49:04,544.94
2022-03-28 06:49:09,544.94
2022-03-28 06:49:14,545.01
2022-03-28 06:49:19,545.01
2022-03-28 06:49:24,545.01
2022-03-28 06:49:29,545.07
2022-03-28 06:49:34,525.2439613591065
2022-03-28 06:49:39,545.11
2022-03-28 06:49:44,545.1
2022-03-28 06:49:49,545.11
2022-03-28 06:49:54,545.17
2022-03-28 06:49:59,545.17
2022-03-28 06:50:04,545.17
2022-03-28 06:50:09,525.3644334792455
2022-03-28 06:50:14,545.17
2022-03-28 06:50:19,545.24
2022-03-28 06:50:24,525.4183167375295
2022-03-28 06:50:29,545.31
2022-03-28 06:50:34,545.31
2022-03-28 06:50:39,545.24
2022-03-28 06:50:44,545.31
2022-03-28 06:50:49,545.31
2022-03-28 06:50:54,545.31
2022-03-28 06:50:59,545.38
2022-03-28 06:51:04,545.38
2022-03-28 06:51:09,545.38
2022-03-28 06:51:14,525.6072033951581
2022-03-28 06:51:19,545.38
2022-03-28 06:51:24,545.31
2022-03-28 06:51:29,525.6665358790158
2022-03-28 06:51:34,545.32
2022-03-28 06:51:39,545.31
2022-03-28 06:51:44,545.25
2022-03-28 06:51:49,545.25
2022-03-28 06:51:54,545.19
2022-03-28 06:51:59,545.19
2022-03-28 06:52:04,525.8095035201127
2022-03-28 06:52:09,545.09
2022-03-28 06:52:14,545.09
2022-03-28 06:52:19,545.03
2022-03-28 06:52:24,545.03
2022-03-28 06:52:29,544.96
2022-03-28 06:52:34,544.87
2022-03-28 06:52:39,544.87
2022-03-28 06:52:44,544.8
2022-03-28 06:52:49,544.74
2022-03-28 06:52:54,544.61
2022-03-28 06:52:59,526.0461921038456
2022-03-28 06:53:04,544.45
2022-03-28 06:53:09,544.36
2022-03-28 06:53:14,544.22
2022-03-28 06:53:19,544.16
2022-03-28 06:53:24,544.07
2022-03-28 06:53:29,543.93
2022-03-28 06:53:34,543.84
2022-03-28 06:53:39,543.71
2022-03-28 06:53:44,526.2498729244805
2022-03-28 06:53:49,543.42
2022-03-28 06:53:54,543.32
2022-03-28 06:53:59,543.19
2022-03-28 06:54:04,526.3430617804049
2022-03-28 06:54:09,542.97
2022-03-28 06:54:14,542.84
2022-03-28 06:54:19,542.74
2022-03-28 06:54:24,542.61
2022-03-28 06:54:29,542.55
2022-03-28 06:54:34,542.38
2022-03-28 06:54:39,542.29
2022-03-28 06:54:44,542.22
2022-03-28 06:54:49,542.09
2022-03-28 06:54:54,542.0
2022-03-28 06:54:59,541.87
2022-03-28 06:55:04,541.8
2022-03-28 06:55:09,541.77
2022-03-28 06:55:14,541.64
2022-03-28 06:55:19,541.57
2022-03-28 06:55:24,541.48
2022-03-28 06:55:29,541.35
2022-03-28 06:55:34,541.28
2022-03-28 06:55:39,541.19
2022-03-28 06:55:44,541.06
2022-03-28 06:55:49,540.96
2022-03-28 06:55:54,540.9
2022-03-28 06:55:59,540.83
2022-03-28 06:56:04,540.73
2022-03-28 06:56:09,540.6
2022-03-28 06:56:14,540.54
2022-03-28 06:56:19,540.44
2022-03-28 06:56:24,527.0350364330855
2022-03-28 06:56:29,540.25
2022-03-28 06:56:34,540.21
2022-03-28 06:56:39,540.15
2022-03-28 06:56:44,540.08
2022-03-28 06:56:49,539.95
2022-03-28 06:56:54,539.86
2022-03-28 06:56:59,539.79
2022-03-28 06:57:04,539.69
2022-03-28 06:57:09,539.56
2022-03-28 06:57:14,539.56
2022-03-28 06:57:19,527.324196424806
2022-03-28 06:57:24,539.4
2022-03-28 06:57:29,539.33
2022-03-28 06:57:34,539.27
2022-03-28 06:57:39,539.21
2022-03-28 06:57:44,539.17
2022-03-28 06:57:49,527.4858351946461
2022-03-28 06:57:54,538.98
2022-03-28 06:57:59,539.04
2022-03-28 06:58:04,538.91
2022-03-28 06:58:09,538.88
2022-03-28 06:58:14,538.88
2022-03-28 06:58:19,538.82
2022-03-28 06:58:24,538.75
2022-03-28 06:58:29,538.75
2022-03-28 06:58:34,538.69
2022-03-28 06:58:39,538.65
2022-03-28 06:58:44,538.59
2022-03-28 06:58:49,538.59
2022-03-28 06:58:54,538.53
2022-03-28 06:58:59,538.46
2022-03-28 06:59:04,538.4
2022-03-28 06:59:09,538.4
2022-03-28 06:59:14,538.37
2022-03-28 06:59:19,538.37
2022-03-28 06:59:24,528.015265352859
2022-03-28 06:59:29,538.24
2022-03-28 06:59:34,538.24
2022-03-28 06:59:39,538.18
2022-03-28 06:59:44,538.18
2022-03-28 06:59:49,538.14
2022-03-28 06:59:54,538.14
2022-03-28 06:59:59,538.08
2022-03-28 07:00:04,538.15
2022-03-28 07:00:09,538.08
2022-03-28 07:00:14,538.08
2022-03-28 07:00:19,538.08
2022-03-28 07:00:24,538.08
2022-03-28 07:00:29,538.08
2022-03-28 07:00:34,538.08
2022-03-28 07:00:39,538.08
2022-03-28 07:00:44,528.4809363925724
2022-03-28 07:00:49,538.08
2022-03-28 07:00:54,538.08
2022-03-28 07:00:59,538.15
2022-03-28 07:01:04,538.08
2022-03-28 07:01:09,538.15
2022-03-28 07:01:14,538.15
2022-03-28 07:01:19,538.24
2022-03-28 07:01:24,528.7202547372383
2022-03-28 07:01:29,538.25
2022-03-28 07:01:34,538.31
2022-03-28 07:01:39,528.8110790559771
2022-03-28 07:01:44,538.31
2022-03-28 07:01:49,538.38
2022-03-28 07:01:54,538.38
2022-03-28 07:01:59,528.9330782934463
2022-03-28 07:02:04,538.41
2022-03-28 07:02:09,538.48
2022-03-28 07:02:14,538.54
2022-03-28 07:02:19,538.54
2022-03-28 07:02:24,538.54
2022-03-28 07:02:29,538.61
2022-03-28 07:02:34,538.68
2022-03-28 07:02:39,538.71
2022-03-28 07:02:44,538.71
2022-03-28 07:02:49,538.71
2022-03-28 07:02:54,538.77
2022-03-28 07:02:59,538.84
2022-03-28 07:03:04,538.77
2022-03-28 07:03:09,538.84
2022-03-28 07:03:14,538.9
2022-03-28 07:03:19,538.93
2022-03-28 07:03:24,538.93
2022-03-28 07:03:29,529.494424428817
2022-03-28 07:03:34,539.06
2022-03-28 07:03:39,529.5580067006757
2022-03-28 07:03:44,539.13
2022-03-28 07:03:49,539.23
2022-03-28 07:03:54,539.22
2022-03-28 07:03:59,539.22
2022-03-28 07:04:04,539.29
2022-03-28 07:04:09,539.35
2022-03-28 07:04:14,539.42
2022-03-28 07:04:19,539.45
2022-03-28 07:04:24,539.42
2022-03-28 07:04:29,539.45
2022-03-28 07:04:34,539.52
2022-03-28 07:04:39,539.51
2022-03-28 07:04:44,539.52
2022-03-28 07:04:49,539.52
2022-03-28 07:04:54,539.58
2022-03-28 07:04:59,539.52
2022-03-28 07:05:04,539.52
2022-03-28 07:05:09,539.45
2022-03-28 07:05:14,539.45
2022-03-28 07:05:19,530.2064672363543
2022-03-28 07:05:24,539.42
2022-03-28 07:05:29,539.35
2022-03-28 07:05:34,539.29
2022-03-28 07:05:39,539.29
2022-03-28 07:05:44,539.22
2022-03-28 07:05:49,539.19
2022-03-28 07:05:54,530.4386459682119
2022-03-28 07:05:59,539.13
2022-03-28 07:06:04,539.06
2022-03-28 07:06:09,539.06
2022-03-28 07:06:14,539.0
2022-03-28 07:06:19,538.93
2022-03-28 07:06:24,538.9
2022-03-28 07:06:29,538.83
2022-03-28 07:06:34,538.83
2022-03-28 07:06:39,538.77
2022-03-28 07:06:44,538.67
2022-03-28 07:06:49,538.67
2022-03-28 07:06:54,538.54
2022-03-28 07:06:59,538.48
2022-03-28 07:07:04,538.48
2022-03-28 07:07:09,538.41
2022-03-28 07:07:14,538.38
2022-03-28 07:07:19,531.0130808717176
2022-03-28 07:07:24,538.31
2022-03-28 07:07:29,538.18
2022-03-28 07:07:34,538.18
2022-03-28 07:07:39,538.15
2022-03-28 07:07:44,538.08
2022-03-28 07:07:49,538.02
2022-03-28 07:07:54,537.95
2022-03-28 07:07:59,537.95
2022-03-28 07:08:04,531.3229597426924
2022-03-28 07:08:09,537.89
2022-03-28 07:08:14,531.3923401316072
2022-03-28 07:08:19,537.79
2022-03-28 07:08:24,537.78
2022-03-28 07:08:29,537.78
2022-03-28 07:08:34,537.72
2022-03-28 07:08:39,531.5665943038434
2022-03-28 07:08:44,537.72
2022-03-28 07:08:49,537.72
2022-03-28 07:08:54,537.72
2022-03-28 07:08:59,537.72
2022-03-28 07:09:04,537.71
2022-03-28 07:09:09,537.65
2022-03-28 07:09:14,537.65
2022-03-28 07:09:19,537.65
2022-03-28 07:09:24,537.72
2022-03-28 07:09:29,537.71
2022-03-28 07:09:34,537.71
2022-03-28 07:09:39,537.71
2022-03-28 07:09:44,537.71
2022-03-28 07:09:49,537.71
2022-03-28 07:09:54,537.77
2022-03-28 07:09:59,537.77
2022-03-28 07:10:04,537.77
2022-03-28 07:10:09,537.84
2022-03-28 07:10:14,537.84
2022-03-28 07:10:19,537.84
2022-03-28 07:10:24,537.84
2022-03-28 07:10:29,537.87
2022-03-28 07:10:34,537.84
2022-03-28 07:10:39,537.87
2022-03-28 07:10:44,537.87
2022-03-28 07:10:49,537.93
2022-03-28 07:10:54,532.5239075578751
2022-03-28 07:10:59,538.0
2022-03-28 07:11:04,538.0
2022-03-28 07:11:09,538.06
2022-03-28 07:11:14,538.0
2022-03-28 07:11:19,532.7027223025017
2022-03-28 07:11:24,538.13
2022-03-28 07:11:29,538.16
2022-03-28 07:11:34,538.16
2022-03-28 07:11:39,538.23
2022-03-28 07:11:44,538.29
2022-03-28 07:11:49,538.29
2022-03-28 07:11:54,538.35
2022-03-28 07:11:59,538.39
2022-03-28 07:12:04,538.39
2022-03-28 07:12:09,538.39
2022-03-28 07:12:14,538.45
2022-03-28 07:12:19,538.52
2022-03-28 07:12:24,538.52
2022-03-28 07:12:29,533.202313515537
2022-03-28 07:12:34,538.64
2022-03-28 07:12:39,538.65
2022-03-28 07:12:44,538.68
2022-03-28 07:12:49,538.74
2022-03-28 07:12:54,538.81
2022-03-28 07:12:59,538.81
2022-03-28 07:13:04,538.87
2022-03-28 07:13:09,538.97
2022-03-28 07:13:14,538.97
2022-03-28 07:13:19,539.04
2022-03-28 07:13:24,539.1
2022-03-28 07:13:29,539.1
2022-03-28 07:13:34,539.17
2022-03-28 07:13:39,539.2
2022-03-28 07:13:44,539.27
2022-03-28 07:13:49,539.27
2022-03-28 07:13:54,539.39
2022-03-28 07:13:59,539.4
2022-03-28 07:14:04,539.43
2022-03-28 07:14:09,539.49
2022-03-28 07:14:14,539.56
2022-03-28 07:14:19,539.56
2022-03-28 07:14:24,539.63
2022-03-28 07:14:29,534.0432879221504
2022-03-28 07:14:34,539.69
2022-03-28 07:14:39,539.72
2022-03-28 07:14:44,539.72
2022-03-28 07:14:49,539.79
2022-03-28 07:14:54,539.85
2022-03-28 07:14:59,539.85
2022-03-28 07:15:04,534.2819708625184
2022-03-28 07:15:09,539.95
2022-03-28 07:15:14,539.95
2022-03-28 07:15:19,540.02
2022-03-28 07:15:24,540.02
2022-03-28 07:15:29,540.02
2022-03-28 07:15:34,540.08
2022-03-28 07:15:39,540.08
2022-03-28 07:15:44,540.08
2022-03-28 07:15:49,540.15
2022-03-28 07:15:54,540.21
2022-03-28 07:15:59,540.21
2022-03-28 07:16:04,540.25
2022-03-28 07:16:09,540.25
2022-03-28 07:16:14,540.25
2022-03-28 07:16:19,540.25
2022-03-28 07:16:24,540.25
2022-03-28 07:16:29,540.31
2022-03-28 07:16:34,534.8754421504536
2022-03-28 07:16:39,540.44
2022-03-28 07:16:44,540.44
2022-03-28 07:16:49,540.47
2022-03-28 07:16:54,540.53
2022-03-28 07:16:59,540.53
2022-03-28 07:17:04,540.6
2022-03-28 07:17:09,540.6
2022-03-28 07:17:14,540.66
2022-03-28 07:17:19,540.73
2022-03-28 07:17:24,535.1895953661639
2022-03-28 07:17:29,540.76
2022-03-28 07:17:34,535.2508775239937
2022-03-28 07:17:39,540.82
2022-03-28 07:17:44,540.82
2022-03-28 07:17:49,540.95
2022-03-28 07:17:54,540.95
2022-03-28 07:17:59,540.98
2022-03-28 07:18:04,540.98
2022-03-28 07:18:09,540.98
2022-03-28 07:18:14,535.4903659458699
2022-03-28 07:18:19,541.05
2022-03-28 07:18:24,541.05
2022-03-28 07:18:29,541.11
2022-03-28 07:18:34,541.11
2022-03-28 07:18:39,541.17
2022-03-28 07:18:44,541.18
2022-03-28 07:18:49,541.24
2022-03-28 07:18:54,541.24
2022-03-28 07:18:59,541.24
2022-03-28 07:19:04,541.27
2022-03-28 07:19:09,541.27
2022-03-28 07:19:14,541.27
2022-03-28 07:19:19,541.26
2022-03-28 07:19:24,541.27
2022-03-28 07:19:29,535.9125034250904
2022-03-28 07:19:34,541.33
2022-03-28 07:19:39,535.9658828295876
2022-03-28 07:19:44,541.33
2022-03-28 07:19:49,541.26
2022-03-28 07:19:54,541.26
2022-03-28 07:19:59,541.26
2022-03-28 07:20:04,541.23
2022-03-28 07:20:09,541.23
2022-03-28 07:20:14,541.16
2022-03-28 07:20:19,536.1719655191249
2022-03-28 07:20:24,541.09
2022-03-28 07:20:29,536.2215556706361
2022-03-28 07:20:34,540.96
2022-03-28 07:20:39,540.96
2022-03-28 07:20:44,540.93
2022-03-28 07:20:49,540.87
2022-03-28 07:20:54,540.8
2022-03-28 07:20:59,536.3654631510411
2022-03-28 07:21:04,540.7
2022-03-28 07:21:09,540.57
2022-03-28 07:21:14,540.51
2022-03-28 07:21:19,536.45720541535
2022-03-28 07:21:24,540.41
2022-03-28 07:21:29,540.35
2022-03-28 07:21:34,540.22
2022-03-28 07:21:39,540.22
2022-03-28 07:21:44,540.12
2022-03-28 07:21:49,540.05
2022-03-28 07:21:54,539.99
2022-03-28 07:21:59,539.89
2022-03-28 07:22:04,539.83
2022-03-28 07:22:09,539.76
2022-03-28 07:22:14,539.67
2022-03-28 07:22:19,539.6
2022-03-28 07:22:24,536.7306641390489
2022-03-28 07:22:29,536.7500591111158
2022-03-28 07:22:34,539.38
2022-03-28 07:22:39,539.31
2022-03-28 07:22:44,539.25
2022-03-28 07:22:49,539.18
2022-03-28 07:22:54,539.09
2022-03-28 07:22:59,538.96
2022-03-28 07:23:04,538.89
2022-03-28 07:23:09,538.86
2022-03-28 07:23:14,538.73
2022-03-28 07:23:19,538.67
2022-03-28 07:23:24,538.57
2022-03-28 07:23:29,538.51
2022-03-28 07:23:34,538.38
2022-03-28 07:23:39,538.34
2022-03-28 07:23:44,538.22
2022-03-28 07:23:49,538.15
2022-03-28 07:23:54,538.06
2022-03-28 07:23:59,537.99
2022-03-28 07:24:04,537.83
2022-03-28 07:24:09,537.0849134382249
2022-03-28 07:24:14,537.7
2022-03-28 07:24:19,537.61
2022-03-28 07:24:24,537.48
2022-03-28 07:24:29,537.42
2022-03-28 07:24:34,537.1525609023148
2022-03-28 07:24:39,537.25
2022-03-28 07:24:44,537.12
2022-03-28 07:24:49,537.03
2022-03-28 07:24:54,536.97
2022-03-28 07:24:59,536.9
2022-03-28 07:25:04,536.8
2022-03-28 07:25:09,536.68
2022-03-28 07:25:14,536.61
2022-03-28 07:25:19,537.2582743228205
2022-03-28 07:25:24,537.2687536988535
2022-03-28 07:25:29,536.39
2022-03-28 07:25:34,536.32
2022-03-28 07:25:39,536.23
2022-03-28 07:25:44,536.23
2022-03-28 07:25:49,536.1
2022-03-28 07:25:54,536.07
2022-03-28 07:25:59,536.01
2022-03-28 07:26:04,537.3435334992923
2022-03-28 07:26:09,537.3517535192815
2022-03-28 07:26:14,535.82
2022-03-28 07:26:19,535.78
2022-03-28 07:26:24,535.72
2022-03-28 07:26:29,535.65
2022-03-28 07:26:34,535.59
2022-03-28 07:26:39,535.56
2022-03-28 07:26:44,535.5
2022-03-28 07:26:49,537.4085545030816
2022-03-28 07:26:54,535.43
2022-03-28 07:26:59,535.37
2022-03-28 07:27:04,535.3
2022-03-28 07:27:09,535.27
2022-03-28 07:27:14,535.27
2022-03-28 07:27:19,535.21
2022-03-28 07:27:24,537.445272889109
2022-03-28 07:27:29,535.15
2022-03-28 07:27:34,535.05
2022-03-28 07:27:39,535.05
2022-03-28 07:27:44,534.98
2022-03-28 07:27:49,534.92
2022-03-28 07:27:54,537.4671825828916
2022-03-28 07:27:59,534.86
2022-03-28 07:28:04,534.79
2022-03-28 07:28:09,537.4748484287504
2022-03-28 07:28:14,534.76
2022-03-28 07:28:19,534.76
2022-03-28 07:28:24,534.7
2022-03-28 07:28:29,534.63
2022-03-28 07:28:34,537.4827799078486
2022-03-28 07:28:39,537.4836421316157
2022-03-28 07:28:44,534.54
2022-03-28 07:28:49,534.57
2022-03-28 07:28:54,537.4847859939077
2022-03-28 07:28:59,534.47
2022-03-28 07:29:04,534.47
2022-03-28 07:29:09,534.41
2022-03-28 07:29:14,537.4829556546568
2022-03-28 07:29:19,534.35
2022-03-28 07:29:24,534.34
2022-03-28 07:29:29,537.4790766572845
2022-03-28 07:29:34,534.25
2022-03-28 07:29:39,534.28
2022-03-28 07:29:44,534.25
2022-03-28 07:29:49,534.25
2022-03-28 07:29:54,534.24
2022-03-28 07:29:59,537.4649087159701
2022-03-28 07:30:04,534.25
2022-03-28 07:30:09,537.4582955196663
2022-03-28 07:30:14,534.18
2022-03-28 07:30:19,534.18
2022-03-28 07:30:24,537.4466114861763
2022-03-28 07:30:29,534.18
2022-03-28 07:30:34,534.18
2022-03-28 07:30:39,534.18
2022-03-28 07:30:44,534.18
2022-03-28 07:30:49,537.4224532192128
2022-03-28 07:30:54,537.4169215016956
2022-03-28 07:30:59,534.18
2022-03-28 07:31:04,534.18
2022-03-28 07:31:09,534.18
2022-03-28 07:31:14,534.24
2022-03-28 07:31:19,534.24
2022-03-28 07:31:24,534.24
2022-03-28 07:31:29,534.24
2022-03-28 07:31:34,534.27
2022-03-28 07:31:39,534.27
2022-03-28 07:31:44,534.27
2022-03-28 07:31:49,534.34
2022-03-28 07:31:54,534.4
2022-03-28 07:31:59,534.46
2022-03-28 07:32:04,534.52
2022-03-28 07:32:09,534.52
2022-03-28 07:32:14,534.56
2022-03-28 07:32:19,534.55
2022-03-28 07:32:24,534.62
2022-03-28 07:32:29,534.68
2022-03-28 07:32:34,534.75
2022-03-28 07:32:39,534.75
2022-03-28 07:32:44,534.84
2022-03-28 07:32:49,534.84
2022-03-28 07:32:54,534.97
2022-03-28 07:32:59,535.04
2022-03-28 07:33:04,535.03
2022-03-28 07:33:09,535.13
2022-03-28 07:33:14,535.19
2022-03-28 07:33:19,535.26
2022-03-28 07:33:24,535.29
2022-03-28 07:33:29,535.36
2022-03-28 07:33:34,535.48
2022-03-28 07:33:39,537.1056244350513
2022-03-28 07:33:44,535.64
2022-03-28 07:33:49,535.71
2022-03-28 07:33:54,535.8
2022-03-28 07:33:59,535.93
2022-03-28 07:34:04,535.99
2022-03-28 07:34:09,536.09
2022-03-28 07:34:14,536.22
2022-03-28 07:34:19,536.28
2022-03-28 07:34:24,536.38
2022-03-28 07:34:29,536.51
2022-03-28 07:34:34,536.57
2022-03-28 07:34:39,536.67
2022-03-28 07:34:44,536.8
2022-03-28 07:34:49,536.83
2022-03-28 07:34:54,537.02
2022-03-28 07:34:59,537.09
2022-03-28 07:35:04,537.19
2022-03-28 07:35:09,537.25
2022-03-28 07:35:14,537.41
2022-03-28 07:35:19,537.48
2022-03-28 07:35:24,537.6
2022-03-28 07:35:29,537.7
2022-03-28 07:35:34,536.7444874718908
2022-03-28 07:35:39,536.7261670015323
2022-03-28 07:35:44,538.06
2022-03-28 07:35:49,538.15
2022-03-28 07:35:54,538.22
2022-03-28 07:35:59,538.34
2022-03-28 07:36:04,536.6313340478141
2022-03-28 07:36:09,538.57
2022-03-28 07:36:14,538.67
2022-03-28 07:36:19,538.8
2022-03-28 07:36:24,538.86
2022-03-28 07:36:29,538.89
2022-03-28 07:36:34,539.02
2022-03-28 07:36:39,539.16
2022-03-28 07:36:44,539.19
2022-03-28 07:36:49,539.25
2022-03-28 07:36:54,539.38
2022-03-28 07:36:59,539.41
2022-03-28 07:37:04,539.48
2022-03-28 07:37:09,536.3597893012077
2022-03-28 07:37:14,539.54
2022-03-28 07:37:19,539.61
2022-03-28 07:37:24,539.67
2022-03-28 07:37:29,539.67
2022-03-28 07:37:34,536.2458493407674
2022-03-28 07:37:39,539.71
2022-03-28 07:37:44,539.77
2022-03-28 07:37:49,539.84
2022-03-28 07:37:54,539.77
2022-03-28 07:37:59,539.84
2022-03-28 07:38:04,539.84
2022-03-28 07:38:09,539.9
2022-03-28 07:38:14,539.84
2022-03-28 07:38:19,539.9
2022-03-28 07:38:24,539.9
2022-03-28 07:38:29,539.91
2022-03-28 07:38:34,539.94
2022-03-28 07:38:39,539.94
2022-03-28 07:38:44,539.94
2022-03-28 07:38:49,539.94
2022-03-28 07:38:54,539.94
2022-03-28 07:38:59,539.91
2022-03-28 07:39:04,539.91
2022-03-28 07:39:09,539.91
2022-03-28 07:39:14,535.741362154831
2022-03-28 07:39:19,539.85
2022-03-28 07:39:24,539.79
2022-03-28 07:39:29,539.72
2022-03-28 07:39:34,539.72
2022-03-28 07:39:39,535.6042539700929
2022-03-28 07:39:44,539.69
2022-03-28 07:39:49,539.63
2022-03-28 07:39:54,539.63
2022-03-28 07:39:59,539.5
2022-03-28 07:40:04,539.5
2022-03-28 07:40:09,539.44
2022-03-28 07:40:14,539.44
2022-03-28 07:40:19,539.34
2022-03-28 07:40:24,539.34
2022-03-28 07:40:29,539.28
2022-03-28 07:40:34,539.21
2022-03-28 07:40:39,539.18
2022-03-28 07:40:44,539.12
2022-03-28 07:40:49,539.05
2022-03-28 07:40:54,535.1703978440811
2022-03-28 07:40:59,538.99
2022-03-28 07:41:04,538.99
2022-03-28 07:41:09,538.89
2022-03-28 07:41:14,538.83
2022-03-28 07:41:19,538.83
2022-03-28 07:41:24,538.77
2022-03-28 07:41:29,538.7
2022-03-28 07:41:34,538.67
2022-03-28 07:41:39,538.61
2022-03-28 07:41:44,538.54
2022-03-28 07:41:49,538.48
2022-03-28 07:41:54,538.48
2022-03-28 07:41:59,538.41
2022-03-28 07:42:04,538.41
2022-03-28 07:42:09,538.38
2022-03-28 07:42:14,538.38
2022-03-28 07:42:19,538.38
2022-03-28 07:42:24,538.25
2022-03-28 07:42:29,538.32
2022-03-28 07:42:34,538.25
2022-03-28 07:42:39,538.19
2022-03-28 07:42:44,538.19
2022-03-28 07:42:49,538.19
2022-03-28 07:42:54,538.15
2022-03-28 07:42:59,538.15
2022-03-28 07:43:04,538.09
2022-03-28 07:43:09,538.03
2022-03-28 07:43:14,538.03
2022-03-28 07:43:19,537.96
2022-03-28 07:43:24,537.96
2022-03-28 07:43:29,537.89
2022-03-28 07:43:34,537.87
2022-03-28 07:43:39,537.8
2022-03-28 07:43:44,537.8
2022-03-28 07:43:49,534.0573987063295
2022-03-28 07:43:54,537.73
2022-03-28 07:43:59,537.67
2022-03-28 07:44:04,537.67
2022-03-28 07:44:09,537.67
2022-03-28 07:44:14,537.63
2022-03-28 07:44:19,537.63
2022-03-28 07:44:24,533.8232432638903
2022-03-28 07:44:29,537.63
2022-03-28 07:44:34,537.63
2022-03-28 07:44:39,537.63
2022-03-28 07:44:44,537.63
2022-03-28 07:44:49,537.66
2022-03-28 07:44:54,537.63
2022-03-28 07:44:59,533.5867708931194
2022-03-28 07:45:04,537.66
2022-03-28 07:45:09,537.72
2022-03-28 07:45:14,537.78
2022-03-28 07:45:19,537.78
2022-03-28 07:45:24,537.85
2022-03-28 07:45:29,537.85
2022-03-28 07:45:34,537.88
2022-03-28 07:45:39,537.94
2022-03-28 07:45:44,538.01
2022-03-28 07:45:49,538.07
2022-03-28 07:45:54,533.2120725634268
2022-03-28 07:45:59,538.14
2022-03-28 07:46:04,538.17
2022-03-28 07:46:09,538.23
2022-03-28 07:46:14,538.3
2022-03-28 07:46:19,538.3
2022-03-28 07:46:24,538.36
2022-03-28 07:46:29,538.39
2022-03-28 07:46:34,538.46
2022-03-28 07:46:39,538.52
2022-03-28 07:46:44,538.58
2022-03-28 07:46:49,538.65
2022-03-28 07:46:54,538.68
2022-03-28 07:46:59,532.7674557880167
2022-03-28 07:47:04,538.81
2022-03-28 07:47:09,538.87
2022-03-28 07:47:14,538.91
2022-03-28 07:47:19,538.97
2022-03-28 07:47:24,539.1
2022-03-28 07:47:29,532.5626866591047
2022-03-28 07:47:34,539.17
2022-03-28 07:47:39,539.26
2022-03-28 07:47:44,539.33
2022-03-28 07:47:49,539.39
2022-03-28 07:47:54,539.42
2022-03-28 07:47:59,532.3587699133006
2022-03-28 07:48:04,539.55
2022-03-28 07:48:09,539.68
2022-03-28 07:48:14,539.68
2022-03-28 07:48:19,539.78
2022-03-28 07:48:24,539.84
2022-03-28 07:48:29,539.91
2022-03-28 07:48:34,539.94
2022-03-28 07:48:39,540.01
2022-03-28 07:48:44,540.01
2022-03-28 07:48:49,540.13
2022-03-28 07:48:54,540.14
2022-03-28 07:48:59,540.2
2022-03-28 07:49:04,540.23
2022-03-28 07:49:09,540.3
2022-03-28 07:49:14,540.36
2022-03-28 07:49:19,540.36
2022-03-28 07:49:24,540.43
2022-03-28 07:49:29,540.43
2022-03-28 07:49:34,540.46
2022-03-28 07:49:39,540.53
2022-03-28 07:49:44,540.53
2022-03-28 07:49:49,540.53
2022-03-28 07:49:54,540.59
2022-03-28 07:49:59,540.59
2022-03-28 07:50:04,540.59
2022-03-28 07:50:09,540.66
2022-03-28 07:50:14,540.66
2022-03-28 07:50:19,540.66
2022-03-28 07:50:24,540.66
2022-03-28 07:50:29,540.66
2022-03-28 07:50:34,540.73
2022-03-28 07:50:39,540.73
2022-03-28 07:50:44,540.82
2022-03-28 07:50:49,540.76
2022-03-28 07:50:54,540.76
2022-03-28 07:50:59,540.89
2022-03-28 07:51:04,531.1450379476955
2022-03-28 07:51:09,540.89
2022-03-28 07:51:14,540.89
2022-03-28 07:51:19,540.96
2022-03-28 07:51:24,540.96
2022-03-28 07:51:29,540.96
2022-03-28 07:51:34,540.99
2022-03-28 07:51:39,540.99
2022-03-28 07:51:44,540.99
2022-03-28 07:51:49,540.99
2022-03-28 07:51:54,541.06
2022-03-28 07:51:59,541.06
2022-03-28 07:52:04,541.12
2022-03-28 07:52:09,541.12
2022-03-28 07:52:14,541.12
2022-03-28 07:52:19,541.13
2022-03-28 07:52:24,541.13
2022-03-28 07:52:29,541.19
2022-03-28 07:52:34,541.19
2022-03-28 07:52:39,541.19
2022-03-28 07:52:44,530.5419124222406
2022-03-28 07:52:49,541.19
2022-03-28 07:52:54,541.19
2022-03-28 07:52:59,530.4553153213686
2022-03-28 07:53:04,541.2
2022-03-28 07:53:09,541.2
2022-03-28 07:53:14,541.2
2022-03-28 07:53:19,541.26
2022-03-28 07:53:24,541.26
2022-03-28 07:53:29,541.26
2022-03-28 07:53:34,530.2571131413541
2022-03-28 07:53:39,530.2292363027528
2022-03-28 07:53:44,541.26
2022-03-28 07:53:49,541.26
2022-03-28 07:53:54,541.26
2022-03-28 07:53:59,541.26
2022-03-28 07:54:04,530.0914798594046
2022-03-28 07:54:09,541.2
2022-03-28 07:54:14,541.2
2022-03-28 07:54:19,541.26
2022-03-28 07:54:24,541.2
2022-03-28 07:54:29,541.2
2022-03-28 07:54:34,541.2
2022-03-28 07:54:39,541.26
2022-03-28 07:54:44,541.2
2022-03-28 07:54:49,541.26
2022-03-28 07:54:54,541.2
2022-03-28 07:54:59,541.2
2022-03-28 07:55:04,541.13
2022-03-28 07:55:09,541.2
2022-03-28 07:55:14,541.13
2022-03-28 07:55:19,529.6942643778808
2022-03-28 07:55:24,541.13
2022-03-28 07:55:29,541.2
2022-03-28 07:55:34,541.13
2022-03-28 07:55:39,541.13
2022-03-28 07:55:44,541.13
2022-03-28 07:55:49,541.13
2022-03-28 07:55:54,541.13
2022-03-28 07:55:59,541.06
2022-03-28 07:56:04,541.06
2022-03-28 07:56:09,529.4425660162705
2022-03-28 07:56:14,529.4179629534111
2022-03-28 07:56:19,541.0
2022-03-28 07:56:24,540.99
2022-03-28 07:56:29,540.99
2022-03-28 07:56:34,540.97
2022-03-28 07:56:39,541.0
2022-03-28 07:56:44,540.96
2022-03-28 07:56:49,540.96
2022-03-28 07:56:54,540.96
2022-03-28 07:56:59,540.97
2022-03-28 07:57:04,540.96
2022-03-28 07:57:09,540.96
2022-03-28 07:57:14,529.1306367021182
2022-03-28 07:57:19,540.9
2022-03-28 07:57:24,540.9
2022-03-28 07:57:29,540.9
2022-03-28 07:57:34,529.0380679959266
2022-03-28 07:57:39,540.9
2022-03-28 07:57:44,540.83
2022-03-28 07:57:49,540.83
2022-03-28 07:57:54,540.77
2022-03-28 07:57:59,540.83
2022-03-28 07:58:04,540.77
2022-03-28 07:58:09,540.77
2022-03-28 07:58:14,540.77
2022-03-28 07:58:19,540.74
2022-03-28 07:58:24,540.77
2022-03-28 07:58:29,528.7916132043237
2022-03-28 07:58:34,540.74
2022-03-28 07:58:39,540.73
2022-03-28 07:58:44,528.7264355707721
2022-03-28 07:58:49,540.67
2022-03-28 07:58:54,540.67
2022-03-28 07:58:59,528.662120207006
2022-03-28 07:59:04,540.67
2022-03-28 07:59:09,528.6197194966228
2022-03-28 07:59:14,540.54
2022-03-28 07:59:19,540.54
2022-03-28 07:59:24,540.48
2022-03-28 07:59:29,540.48
2022-03-28 07:59:34,540.44
2022-03-28 07:59:39,540.45
2022-03-28 07:59:44,528.4742902249174
2022-03-28 07:59:49,540.31
2022-03-28 07:59:54,540.25
2022-03-28 07:59:59,540.25
2022-03-28 08:00:04,540.22
2022-03-28 08:00:09,540.16
2022-03-28 08:00:14,528.3532761516979
2022-03-28 08:00:19,540.03
2022-03-28 08:00:24,539.96
2022-03-28 08:00:29,539.96
2022-03-28 08:00:34,539.93
2022-03-28 08:00:39,539.87
2022-03-28 08:00:44,539.87
2022-03-28 08:00:49,539.8
2022-03-28 08:00:54,539.74
2022-03-28 08:00:59,539.71
2022-03-28 08:01:04,539.65
2022-03-28 08:01:09,539.58
2022-03-28 08:01:14,539.52
2022-03-28 08:01:19,539.52
2022-03-28 08:01:24,528.0837067917372
2022-03-28 08:01:29,539.36
2022-03-28 08:01:34,539.36
2022-03-28 08:01:39,539.23
2022-03-28 08:01:44,539.2
2022-03-28 08:01:49,539.14
2022-03-28 08:01:54,539.14
2022-03-28 08:01:59,539.01
2022-03-28 08:02:04,538.94
2022-03-28 08:02:09,538.91
2022-03-28 08:02:14,538.85
2022-03-28 08:02:19,538.78
2022-03-28 08:02:24,538.72
2022-03-28 08:02:29,538.69
2022-03-28 08:02:34,538.63
2022-03-28 08:02:39,538.56
2022-03-28 08:02:44,538.5
2022-03-28 08:02:49,538.5
2022-03-28 08:02:54,538.41
2022-03-28 08:02:59,538.41
2022-03-28 08:03:04,538.34
2022-03-28 08:03:09,538.34
2022-03-28 08:03:14,538.28
2022-03-28 08:03:19,538.28
2022-03-28 08:03:24,527.6618443984491
2022-03-28 08:03:29,538.19
2022-03-28 08:03:34,538.12
2022-03-28 08:03:39,538.06
2022-03-28 08:03:44,538.0
2022-03-28 08:03:49,537.93
2022-03-28 08:03:54,537.9
2022-03-28 08:03:59,537.84
2022-03-28 08:04:04,537.84
2022-03-28 08:04:09,537.78
2022-03-28 08:04:14,537.78
2022-03-28 08:04:19,537.71
2022-03-28 08:04:24,537.62
2022-03-28 08:04:29,537.62
2022-03-28 08:04:34,537.56
2022-03-28 08:04:39,537.49
2022-03-28 08:04:44,537.43
2022-03-28 08:04:49,537.4
2022-03-28 08:04:54,537.33
2022-03-28 08:04:59,537.21
2022-03-28 08:05:04,537.17
2022-03-28 08:05:09,537.11
2022-03-28 08:05:14,537.11
2022-03-28 08:05:19,537.04
2022-03-28 08:05:24,536.98
2022-03-28 08:05:29,536.92
2022-03-28 08:05:34,536.89
2022-03-28 08:05:39,536.89
2022-03-28 08:05:44,536.82
2022-03-28 08:05:49,536.76
2022-03-28 08:05:54,536.76
2022-03-28 08:05:59,536.7
2022-03-28 08:06:04,536.7
2022-03-28 08:06:09,536.66
2022-03-28 08:06:14,536.6
2022-03-28 08:06:19,536.6
2022-03-28 08:06:24,527.1188408659436
2022-03-28 08:06:29,536.53
2022-03-28 08:06:34,536.47
2022-03-28 08:06:39,536.47
2022-03-28 08:06:44,536.47
2022-03-28 08:06:49,536.41
2022-03-28 08:06:54,536.4
2022-03-28 08:06:59,536.37
2022-03-28 08:07:04,536.3
2022-03-28 08:07:09,536.31
2022-03-28 08:07:14,536.31
2022-03-28 08:07:19,536.31
2022-03-28 08:07:24,536.24
2022-03-28 08:07:29,536.31
2022-03-28 08:07:34,536.18
2022-03-28 08:07:39,536.24
2022-03-28 08:07:44,536.24
2022-03-28 08:07:49,536.24
2022-03-28 08:07:54,536.24
2022-03-28 08:07:59,536.18
2022-03-28 08:08:04,536.24
2022-03-28 08:08:09,536.18
2022-03-28 08:08:14,536.18
2022-03-28 08:08:19,536.18
2022-03-28 08:08:24,536.18
2022-03-28 08:08:29,536.18
2022-03-28 08:08:34,536.18
2022-03-28 08:08:39,536.18
2022-03-28 08:08:44,536.18
2022-03-28 08:08:49,536.18
2022-03-28 08:08:54,536.17
2022-03-28 08:08:59,536.17
2022-03-28 08:09:04,536.17
2022-03-28 08:09:09,536.17
2022-03-28 08:09:14,536.17
2022-03-28 08:09:19,526.6950227151441
2022-03-28 08:09:24,536.24
2022-03-28 08:09:29,536.24
2022-03-28 08:09:34,536.24
2022-03-28 08:09:39,536.24
2022-03-28 08:09:44,536.3
2022-03-28 08:09:49,526.6337517498703
2022-03-28 08:09:54,536.3
2022-03-28 08:09:59,536.3
2022-03-28 08:10:04,536.3
2022-03-28 08:10:09,536.36
2022-03-28 08:10:14,536.36
2022-03-28 08:10:19,536.39
2022-03-28 08:10:24,526.5667652433901
2022-03-28 08:10:29,536.39
2022-03-28 08:10:34,536.46
2022-03-28 08:10:39,536.46
2022-03-28 08:10:44,536.46
2022-03-28 08:10:49,526.5219528616833
2022-03-28 08:10:54,536.46
2022-03-28 08:10:59,536.52
2022-03-28 08:11:04,536.52
2022-03-28 08:11:09,536.52
2022-03-28 08:11:14,536.52
2022-03-28 08:11:19,536.59
2022-03-28 08:11:24,536.52
2022-03-28 08:11:29,526.4556497826517
2022-03-28 08:11:34,536.59
2022-03-28 08:11:39,536.59
2022-03-28 08:11:44,536.53
2022-03-28 08:11:49,526.4250423381541
2022-03-28 08:11:54,536.52
2022-03-28 08:11:59,536.53
2022-03-28 08:12:04,536.53
2022-03-28 08:12:09,526.3961643974865
2022-03-28 08:12:14,526.389218086398
2022-03-28 08:12:19,536.59
2022-03-28 08:12:24,536.59
2022-03-28 08:12:29,536.59
2022-03-28 08:12:34,536.53
2022-03-28 08:12:39,536.59
2022-03-28 08:12:44,536.66
2022-03-28 08:12:49,536.59
2022-03-28 08:12:54,536.53
2022-03-28 08:12:59,536.53
2022-03-28 08:13:04,536.59
2022-03-28 08:13:09,536.6
2022-03-28 08:13:14,536.6
2022-03-28 08:13:19,536.6
2022-03-28 08:13:24,536.6
2022-03-28 08:13:29,536.53
2022-03-28 08:13:34,536.53
2022-03-28 08:13:39,536.47
2022-03-28 08:13:44,536.47
2022-03-28 08:13:49,536.41
2022-03-28 08:13:54,536.41
2022-03-28 08:13:59,536.38
2022-03-28 08:14:04,536.38
2022-03-28 08:14:09,536.31
2022-03-28 08:14:14,536.31
2022-03-28 08:14:19,536.25
2022-03-28 08:14:24,536.19
2022-03-28 08:14:29,536.16
2022-03-28 08:14:34,536.15
2022-03-28 08:14:39,536.16
2022-03-28 08:14:44,536.09
2022-03-28 08:14:49,536.03
2022-03-28 08:14:54,536.03
2022-03-28 08:14:59,535.97
2022-03-28 08:15:04,535.9
2022-03-28 08:15:09,535.91
2022-03-28 08:15:14,526.2154913596712
2022-03-28 08:15:19,535.81
2022-03-28 08:15:24,535.75
2022-03-28 08:15:29,535.75
2022-03-28 08:15:34,535.68
2022-03-28 08:15:39,535.65
2022-03-28 08:15:44,535.65
2022-03-28 08:15:49,535.59
2022-03-28 08:15:54,535.59
2022-03-28 08:15:59,535.53
2022-03-28 08:16:04,535.53
2022-03-28 08:16:09,535.46
2022-03-28 08:16:14,535.46
2022-03-28 08:16:19,535.46
2022-03-28 08:16:24,535.4
2022-03-28 08:16:29,535.37
2022-03-28 08:16:34,535.37
2022-03-28 08:16:39,535.31
2022-03-28 08:16:44,535.24
2022-03-28 08:16:49,535.24
2022-03-28 08:16:54,535.24
2022-03-28 08:16:59,535.18
2022-03-28 08:17:04,535.15
2022-03-28 08:17:09,535.08
2022-03-28 08:17:14,535.08
2022-03-28 08:17:19,535.02
2022-03-28 08:17:24,534.96
2022-03-28 08:17:29,534.96
2022-03-28 08:17:34,534.9
2022-03-28 08:17:39,534.89
2022-03-28 08:17:44,534.89
2022-03-28 08:17:49,534.86
2022-03-28 08:17:54,534.8
2022-03-28 08:17:59,534.8
2022-03-28 08:18:04,534.73
2022-03-28 08:18:09,534.73
2022-03-28 08:18:14,526.2026774149034
2022-03-28 08:18:19,534.73
2022-03-28 08:18:24,534.67
2022-03-28 08:18:29,534.67
2022-03-28 08:18:34,534.67
2022-03-28 08:18:39,534.63
2022-03-28 08:18:44,534.63
2022-03-28 08:18:49,534.63
2022-03-28 08:18:54,534.57
2022-03-28 08:18:59,534.63
2022-03-28 08:19:04,534.57
2022-03-28 08:19:09,526.2336603518133
2022-03-28 08:19:14,534.57
2022-03-28 08:19:19,534.63
2022-03-28 08:19:24,534.57
2022-03-28 08:19:29,534.63
2022-03-28 08:19:34,534.63
2022-03-28 08:19:39,534.63
2022-03-28 08:19:44,534.63
2022-03-28 08:19:49,534.63
2022-03-28 08:19:54,526.2718036565401
2022-03-28 08:19:59,534.63
2022-03-28 08:20:04,534.66
2022-03-28 08:20:09,534.66
2022-03-28 08:20:14,534.66
2022-03-28 08:20:19,534.66
2022-03-28 08:20:24,534.66
2022-03-28 08:20:29,534.72
2022-03-28 08:20:34,534.72
2022-03-28 08:20:39,534.72
2022-03-28 08:20:44,534.72
2022-03-28 08:20:49,534.66
2022-03-28 08:20:54,534.72
2022-03-28 08:20:59,534.72
2022-03-28 08:21:04,534.72
2022-03-28 08:21:09,534.72
2022-03-28 08:21:14,534.72
2022-03-28 08:21:19,534.72
2022-03-28 08:21:24,526.3805384692887
2022-03-28 08:21:29,534.78
2022-03-28 08:21:34,534.78
2022-03-28 08:21:39,534.84
2022-03-28 08:21:44,534.78
2022-03-28 08:21:49,534.84
2022-03-28 08:21:54,534.84
2022-03-28 08:21:59,526.4329200102029
2022-03-28 08:22:04,534.84
2022-03-28 08:22:09,534.84
2022-03-28 08:22:14,534.84
2022-03-28 08:22:19,534.84
2022-03-28 08:22:24,534.84
2022-03-28 08:22:29,534.87
2022-03-28 08:22:34,534.84
2022-03-28 08:22:39,534.84
2022-03-28 08:22:44,534.87
2022-03-28 08:22:49,534.84
2022-03-28 08:22:54,534.84
2022-03-28 08:22:59,534.84
2022-03-28 08:23:04,534.84
2022-03-28 08:23:09,534.84
2022-03-28 08:23:14,534.87
2022-03-28 08:23:19,534.84
2022-03-28 08:23:24,526.5789812355678
2022-03-28 08:23:29,534.84
2022-03-28 08:23:34,534.84
2022-03-28 08:23:39,534.84
2022-03-28 08:23:44,534.84
2022-03-28 08:23:49,534.84
2022-03-28 08:23:54,534.78
2022-03-28 08:23:59,534.84
2022-03-28 08:24:04,534.78
2022-03-28 08:24:09,534.84
2022-03-28 08:24:14,534.78
2022-03-28 08:24:19,526.6847709430513
2022-03-28 08:24:24,534.78
2022-03-28 08:24:29,534.78
2022-03-28 08:24:34,534.78
2022-03-28 08:24:39,534.78
2022-03-28 08:24:44,534.78
2022-03-28 08:24:49,534.84
2022-03-28 08:24:54,526.7554993626918
2022-03-28 08:24:59,534.78
2022-03-28 08:25:04,534.88
2022-03-28 08:25:09,534.85
2022-03-28 08:25:14,534.88
2022-03-28 08:25:19,534.88
2022-03-28 08:25:24,534.88
2022-03-28 08:25:29,534.95
2022-03-28 08:25:34,535.01
2022-03-28 08:25:39,535.07
2022-03-28 08:25:44,535.07
2022-03-28 08:25:49,535.14
2022-03-28 08:25:54,535.14
2022-03-28 08:25:59,535.17
2022-03-28 08:26:04,526.9023333174704
2022-03-28 08:26:09,535.24
2022-03-28 08:26:14,535.31
2022-03-28 08:26:19,535.3
2022-03-28 08:26:24,535.37
2022-03-28 08:26:29,535.4
2022-03-28 08:26:34,535.47
2022-03-28 08:26:39,535.53
2022-03-28 08:26:44,535.6
2022-03-28 08:26:49,535.67
2022-03-28 08:26:54,535.67
2022-03-28 08:26:59,535.7
2022-03-28 08:27:04,535.76
2022-03-28 08:27:09,535.76
2022-03-28 08:27:14,535.83
2022-03-28 08:27:19,535.89
2022-03-28 08:27:24,535.93
2022-03-28 08:27:29,535.93
2022-03-28 08:27:34,535.99
2022-03-28 08:27:39,536.12
2022-03-28 08:27:44,536.12
2022-03-28 08:27:49,536.19
2022-03-28 08:27:54,536.28
2022-03-28 08:27:59,536.28
2022-03-28 08:28:04,536.42
2022-03-28 08:28:09,527.170097413405
2022-03-28 08:28:14,536.45
2022-03-28 08:28:19,536.51
2022-03-28 08:28:24,536.58
2022-03-28 08:28:29,527.2122364429358
2022-03-28 08:28:34,536.71
2022-03-28 08:28:39,536.74
2022-03-28 08:28:44,536.74
2022-03-28 08:28:49,527.2538925409257
2022-03-28 08:28:54,536.87
2022-03-28 08:28:59,536.93
2022-03-28 08:29:04,536.87
2022-03-28 08:29:09,536.97
2022-03-28 08:29:14,536.97
2022-03-28 08:29:19,536.97
2022-03-28 08:29:24,537.03
2022-03-28 08:29:29,537.03
2022-03-28 08:29:34,537.03
2022-03-28 08:29:39,536.97
2022-03-28 08:29:44,537.09
2022-03-28 08:29:49,537.03
2022-03-28 08:29:54,527.3846697628314
2022-03-28 08:29:59,537.1
2022-03-28 08:30:04,537.09
2022-03-28 08:30:09,537.09
2022-03-28 08:30:14,527.4231012319817
2022-03-28 08:30:19,537.09
2022-03-28 08:30:24,537.09
2022-03-28 08:30:29,527.4512516623394
2022-03-28 08:30:34,537.09
2022-03-28 08:30:39,537.03
2022-03-28 08:30:44,537.03
2022-03-28 08:30:49,537.03
2022-03-28 08:30:54,537.03
2022-03-28 08:30:59,537.03
2022-03-28 08:31:04,537.03
2022-03-28 08:31:09,536.96
2022-03-28 08:31:14,537.03
2022-03-28 08:31:19,536.96
2022-03-28 08:31:24,536.96
2022-03-28 08:31:29,536.96
2022-03-28 08:31:34,536.96
2022-03-28 08:31:39,536.93
2022-03-28 08:31:44,536.93
2022-03-28 08:31:49,536.93
2022-03-28 08:31:54,536.93
2022-03-28 08:31:59,536.86
2022-03-28 08:32:04,536.86
2022-03-28 08:32:09,536.86
2022-03-28 08:32:14,536.8
2022-03-28 08:32:19,536.86
2022-03-28 08:32:24,536.79
2022-03-28 08:32:29,536.79
2022-03-28 08:32:34,527.6572705394448
2022-03-28 08:32:39,536.73
2022-03-28 08:32:44,536.73
2022-03-28 08:32:49,536.69
2022-03-28 08:32:54,536.63
2022-03-28 08:32:59,536.63
2022-03-28 08:33:04,536.56
2022-03-28 08:33:09,536.56
2022-03-28 08:33:14,536.5
2022-03-28 08:33:19,536.43
2022-03-28 08:33:24,536.43
2022-03-28 08:33:29,536.4
2022-03-28 08:33:34,536.33
2022-03-28 08:33:39,536.27
2022-03-28 08:33:44,536.2
2022-03-28 08:33:49,536.17
2022-03-28 08:33:54,536.17
2022-03-28 08:33:59,527.7594588951223
2022-03-28 08:34:04,527.7643301194034
2022-03-28 08:34:09,535.98
2022-03-28 08:34:14,535.91
2022-03-28 08:34:19,535.88
2022-03-28 08:34:24,535.75
2022-03-28 08:34:29,527.7868760903816
2022-03-28 08:34:34,535.66
2022-03-28 08:34:39,535.59
2022-03-28 08:34:44,535.53
2022-03-28 08:34:49,535.46
2022-03-28 08:34:54,535.4
2022-03-28 08:34:59,535.3
2022-03-28 08:35:04,527.8137523283102
2022-03-28 08:35:09,535.17
2022-03-28 08:35:14,535.14
2022-03-28 08:35:19,535.08
2022-03-28 08:35:24,527.8268996708302
2022-03-28 08:35:29,534.95
2022-03-28 08:35:34,534.88
2022-03-28 08:35:39,534.85
2022-03-28 08:35:44,534.85
2022-03-28 08:35:49,534.72
2022-03-28 08:35:54,534.66
2022-03-28 08:35:59,534.66
2022-03-28 08:36:04,534.63
2022-03-28 08:36:09,527.851418178554
2022-03-28 08:36:14,534.5
2022-03-28 08:36:19,534.43
2022-03-28 08:36:24,534.37
2022-03-28 08:36:29,534.34
2022-03-28 08:36:34,534.28
2022-03-28 08:36:39,534.28
2022-03-28 08:36:44,534.15
2022-03-28 08:36:49,534.12
2022-03-28 08:36:54,534.05
2022-03-28 08:36:59,533.99
2022-03-28 08:37:04,533.93
2022-03-28 08:37:09,533.92
2022-03-28 08:37:14,533.86
2022-03-28 08:37:19,533.83
2022-03-28 08:37:24,533.83
2022-03-28 08:37:29,533.77
2022-03-28 08:37:34,533.7
2022-03-28 08:37:39,533.64
2022-03-28 08:37:44,533.64
2022-03-28 08:37:49,533.61
2022-03-28 08:37:54,533.61
2022-03-28 08:37:59,527.8901526657905
2022-03-28 08:38:04,533.54
2022-03-28 08:38:09,533.48
2022-03-28 08:38:14,533.48
2022-03-28 08:38:19,533.42
2022-03-28 08:38:24,533.42
2022-03-28 08:38:29,533.36
2022-03-28 08:38:34,533.32
2022-03-28 08:38:39,533.33
2022-03-28 08:38:44,533.33
2022-03-28 08:38:49,533.26
2022-03-28 08:38:54,533.26
2022-03-28 08:38:59,533.27
2022-03-28 08:39:04,533.2
2022-03-28 08:39:09,533.2
2022-03-28 08:39:14,527.9082017087338
2022-03-28 08:39:19,533.11
2022-03-28 08:39:24,533.11
2022-03-28 08:39:29,527.9117502719777
2022-03-28 08:39:34,533.04
2022-03-28 08:39:39,533.04
2022-03-28 08:39:44,533.05
2022-03-28 08:39:49,533.05
2022-03-28 08:39:54,527.9179395761909
2022-03-28 08:39:59,532.98
2022-03-28 08:40:04,532.92
2022-03-28 08:40:09,532.92
2022-03-28 08:40:14,527.9232889967427
2022-03-28 08:40:19,532.92
2022-03-28 08:40:24,527.9261423363794
2022-03-28 08:40:29,532.92
2022-03-28 08:40:34,532.92
2022-03-28 08:40:39,532.92
2022-03-28 08:40:44,532.98
2022-03-28 08:40:49,532.92
2022-03-28 08:40:54,532.92
2022-03-28 08:40:59,532.92
2022-03-28 08:41:04,532.92
2022-03-28 08:41:09,532.92
2022-03-28 08:41:14,532.92
2022-03-28 08:41:19,532.98
2022-03-28 08:41:24,532.92
2022-03-28 08:41:29,532.98
2022-03-28 08:41:34,532.98
2022-03-28 08:41:39,532.99
2022-03-28 08:41:44,527.95546273254
2022-03-28 08:41:49,533.05
2022-03-28 08:41:54,533.05
2022-03-28 08:41:59,533.05
2022-03-28 08:42:04,527.9652095686574
2022-03-28 08:42:09,533.11
2022-03-28 08:42:14,533.05
2022-03-28 08:42:19,533.11
2022-03-28 08:42:24,527.9761905631707
2022-03-28 08:42:29,533.11
2022-03-28 08:42:34,533.11
2022-03-28 08:42:39,533.14
2022-03-28 08:42:44,527.9885394478623
2022-03-28 08:42:49,533.11
2022-03-28 08:42:54,533.14
2022-03-28 08:42:59,533.14
2022-03-28 08:43:04,533.14
2022-03-28 08:43:09,533.14
2022-03-28 08:43:14,533.14
2022-03-28 08:43:19,533.14
2022-03-28 08:43:24,528.0178758149103
2022-03-28 08:43:29,533.1
2022-03-28 08:43:34,533.1
2022-03-28 08:43:39,533.1
2022-03-28 08:43:44,533.1
2022-03-28 08:43:49,533.1
2022-03-28 08:43:54,533.1
2022-03-28 08:43:59,533.1
2022-03-28 08:44:04,528.0542885240616
2022-03-28 08:44:09,528.0593909517667
2022-03-28 08:44:14,533.1
2022-03-28 08:44:19,533.1
2022-03-28 08:44:24,533.1
2022-03-28 08:44:29,533.1
2022-03-28 08:44:34,533.13
2022-03-28 08:44:39,533.12
2022-03-28 08:44:44,533.09
2022-03-28 08:44:49,528.1050433559536
2022-03-28 08:44:54,533.12
2022-03-28 08:44:59,533.09
2022-03-28 08:45:04,533.12
2022-03-28 08:45:09,533.09
2022-03-28 08:45:14,533.12
2022-03-28 08:45:19,533.09
2022-03-28 08:45:24,533.02
2022-03-28 08:45:29,533.09
2022-03-28 08:45:34,533.02
2022-03-28 08:45:39,533.02
2022-03-28 08:45:44,532.96
2022-03-28 08:45:49,532.96
2022-03-28 08:45:54,532.96
2022-03-28 08:45:59,532.89
2022-03-28 08:46:04,532.89
2022-03-28 08:46:09,532.89
2022-03-28 08:46:14,532.83
2022-03-28 08:46:19,532.83
2022-03-28 08:46:24,532.83
2022-03-28 08:46:29,528.2624199706369
2022-03-28 08:46:34,532.79
2022-03-28 08:46:39,532.73
2022-03-28 08:46:44,532.73
2022-03-28 08:46:49,532.67
2022-03-28 08:46:54,532.67
2022-03-28 08:46:59,528.323527115033
2022-03-28 08:47:04,532.67
2022-03-28 08:47:09,532.67
2022-03-28 08:47:14,532.67
2022-03-28 08:47:19,532.6
2022-03-28 08:47:24,532.67
2022-03-28 08:47:29,528.3918493393508
2022-03-28 08:47:34,532.6
2022-03-28 08:47:39,532.67
2022-03-28 08:47:44,532.67
2022-03-28 08:47:49,532.6
2022-03-28 08:47:54,532.6
2022-03-28 08:47:59,532.6
2022-03-28 08:48:04,532.6
2022-03-28 08:48:09,532.6
2022-03-28 08:48:14,532.61
2022-03-28 08:48:19,532.57
2022-03-28 08:48:24,532.61
2022-03-28 08:48:29,532.57
2022-03-28 08:48:34,532.57
2022-03-28 08:48:39,532.57
2022-03-28 08:48:44,532.57
2022-03-28 08:48:49,532.58
2022-03-28 08:48:54,532.51
2022-03-28 08:48:59,528.6422139592147
2022-03-28 08:49:04,532.58
2022-03-28 08:49:09,528.673941758535
2022-03-28 08:49:14,532.51
2022-03-28 08:49:19,532.58
2022-03-28 08:49:24,532.58
2022-03-28 08:49:29,532.58
2022-03-28 08:49:34,532.58
2022-03-28 08:49:39,532.58
2022-03-28 08:49:44,532.58
2022-03-28 08:49:49,532.58
2022-03-28 08:49:54,532.58
2022-03-28 08:49:59,532.58
2022-03-28 08:50:04,532.58
2022-03-28 08:50:09,532.59
2022-03-28 08:50:14,532.59
2022-03-28 08:50:19,532.52
2022-03-28 08:50:24,532.59
2022-03-28 08:50:29,528.9512347019797
2022-03-28 08:50:34,532.59
2022-03-28 08:50:39,532.52
2022-03-28 08:50:44,532.59
2022-03-28 08:50:49,529.0262784491189
2022-03-28 08:50:54,529.0453492451362
2022-03-28 08:50:59,532.59
2022-03-28 08:51:04,532.52
2022-03-28 08:51:09,532.53
2022-03-28 08:51:14,532.53
2022-03-28 08:51:19,532.53
2022-03-28 08:51:24,532.53
2022-03-28 08:51:29,532.53
2022-03-28 08:51:34,532.53
2022-03-28 08:51:39,532.53
2022-03-28 08:51:44,532.53
2022-03-28 08:51:49,532.53
2022-03-28 08:51:54,532.53
2022-03-28 08:51:59,532.53
2022-03-28 08:52:04,532.53
2022-03-28 08:52:09,532.6
2022-03-28 08:52:14,532.59
2022-03-28 08:52:19,532.6
2022-03-28 08:52:24,532.6
2022-03-28 08:52:29,532.63
2022-03-28 08:52:34,532.62
2022-03-28 08:52:39,532.69
2022-03-28 08:52:44,532.69
2022-03-28 08:52:49,532.69
2022-03-28 08:52:54,529.5323314062874
2022-03-28 08:52:59,529.5535473401795
2022-03-28 08:53:04,529.5748136655642
2022-03-28 08:53:09,532.82
2022-03-28 08:53:14,532.82
2022-03-28 08:53:19,532.82
2022-03-28 08:53:24,532.85
2022-03-28 08:53:29,532.85
2022-03-28 08:53:34,532.91
2022-03-28 08:53:39,532.91
2022-03-28 08:53:44,532.91
2022-03-28 08:53:49,532.98
2022-03-28 08:53:54,533.04
2022-03-28 08:53:59,533.04
2022-03-28 08:54:04,533.11
2022-03-28 08:54:09,533.1
2022-03-28 08:54:14,533.1
2022-03-28 08:54:19,533.14
2022-03-28 08:54:24,533.13
2022-03-28 08:54:29,533.2
2022-03-28 08:54:34,533.26
2022-03-28 08:54:39,529.9848251045582
2022-03-28 08:54:44,533.26
2022-03-28 08:54:49,533.33
2022-03-28 08:54:54,533.36
2022-03-28 08:54:59,533.36
2022-03-28 08:55:04,533.35
2022-03-28 08:55:09,533.42
2022-03-28 08:55:14,533.48
2022-03-28 08:55:19,533.54
2022-03-28 08:55:24,533.54
2022-03-28 08:55:29,533.61
2022-03-28 08:55:34,533.61
2022-03-28 08:55:39,533.7
2022-03-28 08:55:44,533.7
2022-03-28 08:55:49,533.71
2022-03-28 08:55:54,533.7
2022-03-28 08:55:59,533.77
2022-03-28 08:56:04,533.83
2022-03-28 08:56:09,533.83
2022-03-28 08:56:14,533.86
2022-03-28 08:56:19,530.4144662214197
2022-03-28 08:56:24,533.92
2022-03-28 08:56:29,533.99
2022-03-28 08:56:34,534.05
2022-03-28 08:56:39,534.11
2022-03-28 08:56:44,534.11
2022-03-28 08:56:49,534.14
2022-03-28 08:56:54,534.14
2022-03-28 08:56:59,534.27
2022-03-28 08:57:04,534.27
2022-03-28 08:57:09,534.34
2022-03-28 08:57:14,530.6421752497718
2022-03-28 08:57:19,534.37
2022-03-28 08:57:24,534.43
2022-03-28 08:57:29,530.7025709154912
2022-03-28 08:57:34,534.43
2022-03-28 08:57:39,530.742355668356
2022-03-28 08:57:44,534.49
2022-03-28 08:57:49,534.56
2022-03-28 08:57:54,534.56
2022-03-28 08:57:59,534.62
2022-03-28 08:58:04,534.56
2022-03-28 08:58:09,534.65
2022-03-28 08:58:14,534.66
2022-03-28 08:58:19,534.65
2022-03-28 08:58:24,534.65
2022-03-28 08:58:29,534.72
2022-03-28 08:58:34,534.72
2022-03-28 08:58:39,534.72
2022-03-28 08:58:44,534.78
2022-03-28 08:58:49,531.0081864601545
2022-03-28 08:58:54,534.78
2022-03-28 08:58:59,534.78
2022-03-28 08:59:04,531.0618272751699
2022-03-28 08:59:09,534.78
2022-03-28 08:59:14,531.096849999453
2022-03-28 08:59:19,534.78
2022-03-28 08:59:24,534.78
2022-03-28 08:59:29,534.78
2022-03-28 08:59:34,534.78
2022-03-28 08:59:39,534.78
2022-03-28 08:59:44,534.78
2022-03-28 08:59:49,534.78
2022-03-28 08:59:54,534.79
2022-03-28 08:59:59,531.2465185700905
2022-03-28 09:00:04,531.2622925454706
2022-03-28 09:00:09,534.85
2022-03-28 09:00:14,534.79
2022-03-28 09:00:19,534.85
2022-03-28 09:00:24,531.3235495881272
2022-03-28 09:00:29,534.88
2022-03-28 09:00:34,534.88
2022-03-28 09:00:39,534.95
2022-03-28 09:00:44,534.95
2022-03-28 09:00:49,535.02
2022-03-28 09:00:54,535.02
2022-03-28 09:00:59,535.08
2022-03-28 09:01:04,535.08
2022-03-28 09:01:09,535.08
2022-03-28 09:01:14,535.15
2022-03-28 09:01:19,535.18
2022-03-28 09:01:24,535.18
2022-03-28 09:01:29,535.24
2022-03-28 09:01:34,535.24
2022-03-28 09:01:39,531.5244718114914
2022-03-28 09:01:44,535.38
2022-03-28 09:01:49,535.41
2022-03-28 09:01:54,535.41
2022-03-28 09:01:59,535.47
2022-03-28 09:02:04,535.54
2022-03-28 09:02:09,535.54
2022-03-28 09:02:14,535.67
2022-03-28 09:02:19,535.67
2022-03-28 09:02:24,531.6206412198209
2022-03-28 09:02:29,535.77
2022-03-28 09:02:34,531.6394422557113
2022-03-28 09:02:39,535.83
2022-03-28 09:02:44,535.9
2022-03-28 09:02:49,535.9
2022-03-28 09:02:54,535.9
2022-03-28 09:02:59,535.93
2022-03-28 09:03:04,535.93
2022-03-28 09:03:09,536.0
2022-03-28 09:03:14,536.0
2022-03-28 09:03:19,536.0
2022-03-28 09:03:24,536.06
2022-03-28 09:03:29,536.06
2022-03-28 09:03:34,536.13
2022-03-28 09:03:39,536.06
2022-03-28 09:03:44,536.13
2022-03-28 09:03:49,536.19
2022-03-28 09:03:54,536.19
2022-03-28 09:03:59,536.23
2022-03-28 09:04:04,536.23
2022-03-28 09:04:09,536.29
2022-03-28 09:04:14,536.35
2022-03-28 09:04:19,536.35
2022-03-28 09:04:24,536.35
2022-03-28 09:04:29,536.42
2022-03-28 09:04:34,536.42
2022-03-28 09:04:39,536.42
2022-03-28 09:04:44,536.45
2022-03-28 09:04:49,536.52
2022-03-28 09:04:54,536.58
2022-03-28 09:04:59,536.58
2022-03-28 09:05:04,536.58
2022-03-28 09:05:09,536.58
2022-03-28 09:05:14,536.64
2022-03-28 09:05:19,536.7
2022-03-28 09:05:24,536.64
2022-03-28 09:05:29,536.7
2022-03-28 09:05:34,536.7
2022-03-28 09:05:39,536.73
2022-03-28 09:05:44,531.8380422996223
2022-03-28 09:05:49,536.74
2022-03-28 09:05:54,536.8
2022-03-28 09:05:59,536.8
2022-03-28 09:06:04,536.8
2022-03-28 09:06:09,536.8
2022-03-28 09:06:14,536.86
2022-03-28 09:06:19,536.86
2022-03-28 09:06:24,536.86
2022-03-28 09:06:29,536.86
2022-03-28 09:06:34,536.93
2022-03-28 09:06:39,536.93
2022-03-28 09:06:44,536.92
2022-03-28 09:06:49,536.96
2022-03-28 09:06:54,536.96
2022-03-28 09:06:59,536.96
2022-03-28 09:07:04,536.96
2022-03-28 09:07:09,536.92
2022-03-28 09:07:14,536.96
2022-03-28 09:07:19,536.95
2022-03-28 09:07:24,536.92
2022-03-28 09:07:29,536.92
2022-03-28 09:07:34,536.92
2022-03-28 09:07:39,536.92
2022-03-28 09:07:44,536.92
2022-03-28 09:07:49,536.92
2022-03-28 09:07:54,536.85
2022-03-28 09:07:59,536.85
2022-03-28 09:08:04,536.85
2022-03-28 09:08:09,536.78
2022-03-28 09:08:14,536.78
2022-03-28 09:08:19,536.72
2022-03-28 09:08:24,536.72
2022-03-28 09:08:29,536.69
2022-03-28 09:08:34,536.69
2022-03-28 09:08:39,536.68
2022-03-28 09:08:44,536.68
2022-03-28 09:08:49,536.62
2022-03-28 09:08:54,536.56
2022-03-28 09:08:59,536.56
2022-03-28 09:09:04,536.49
2022-03-28 09:09:09,536.56
2022-03-28 09:09:14,536.49
2022-03-28 09:09:19,536.42
2022-03-28 09:09:24,536.43
2022-03-28 09:09:29,536.42
2022-03-28 09:09:34,531.7606233953678
2022-03-28 09:09:39,536.39
2022-03-28 09:09:44,536.42
2022-03-28 09:09:49,536.42
2022-03-28 09:09:54,536.39
2022-03-28 09:09:59,536.39
2022-03-28 09:10:04,536.33
2022-03-28 09:10:09,536.33
2022-03-28 09:10:14,536.33
2022-03-28 09:10:19,536.33
2022-03-28 09:10:24,536.26
2022-03-28 09:10:29,536.26
2022-03-28 09:10:34,536.2
2022-03-28 09:10:39,531.6947750096338
2022-03-28 09:10:44,536.16
2022-03-28 09:10:49,536.17
2022-03-28 09:10:54,536.04
2022-03-28 09:10:59,536.04
2022-03-28 09:11:04,536.04
2022-03-28 09:11:09,536.04
2022-03-28 09:11:14,535.97
2022-03-28 09:11:19,535.91
2022-03-28 09:11:24,535.91
2022-03-28 09:11:29,535.88
2022-03-28 09:11:34,535.81
2022-03-28 09:11:39,535.75
2022-03-28 09:11:44,535.75
2022-03-28 09:11:49,531.6092834348592
2022-03-28 09:11:54,535.65
2022-03-28 09:11:59,535.65
2022-03-28 09:12:04,531.5893901408372
2022-03-28 09:12:09,531.5826541208424
2022-03-28 09:12:14,535.46
2022-03-28 09:12:19,535.4
2022-03-28 09:12:24,535.37
2022-03-28 09:12:29,535.3
2022-03-28 09:12:34,535.37
2022-03-28 09:12:39,535.3
2022-03-28 09:12:44,531.5341913780196
2022-03-28 09:12:49,535.17
2022-03-28 09:12:54,535.14
2022-03-28 09:12:59,531.512804328652
2022-03-28 09:13:04,535.08
2022-03-28 09:13:09,535.02
2022-03-28 09:13:14,534.89
2022-03-28 09:13:19,531.4838128534044
2022-03-28 09:13:24,534.79
2022-03-28 09:13:29,534.73
2022-03-28 09:13:34,534.67
2022-03-28 09:13:39,534.63
2022-03-28 09:13:44,534.57
2022-03-28 09:13:49,534.51
2022-03-28 09:13:54,534.44
2022-03-28 09:13:59,534.38
2022-03-28 09:14:04,534.35
2022-03-28 09:14:09,534.28
2022-03-28 09:14:14,534.15
2022-03-28 09:14:19,534.12
2022-03-28 09:14:24,534.06
2022-03-28 09:14:29,533.93
2022-03-28 09:14:34,533.93
2022-03-28 09:14:39,533.87
2022-03-28 09:14:44,533.84
2022-03-28 09:14:49,531.3491717541565
2022-03-28 09:14:54,533.71
2022-03-28 09:14:59,533.64
2022-03-28 09:15:04,533.61
2022-03-28 09:15:09,533.55
2022-03-28 09:15:14,533.48
2022-03-28 09:15:19,533.48
2022-03-28 09:15:24,531.2962685598458
2022-03-28 09:15:29,533.36
2022-03-28 09:15:34,533.35
2022-03-28 09:15:39,533.32
2022-03-28 09:15:44,533.32
2022-03-28 09:15:49,533.26
2022-03-28 09:15:54,531.2513024441793
2022-03-28 09:15:59,533.2
2022-03-28 09:16:04,533.13
2022-03-28 09:16:09,533.1
2022-03-28 09:16:14,533.03
2022-03-28 09:16:19,531.2143185507149
2022-03-28 09:16:24,532.97
2022-03-28 09:16:29,532.91
2022-03-28 09:16:34,532.84
2022-03-28 09:16:39,531.1850281356063
2022-03-28 09:16:44,532.81
2022-03-28 09:16:49,532.74
2022-03-28 09:16:54,532.68
2022-03-28 09:16:59,532.68
2022-03-28 09:17:04,532.62
2022-03-28 09:17:09,532.58
2022-03-28 09:17:14,532.52
2022-03-28 09:17:19,532.52
2022-03-28 09:17:24,532.46
2022-03-28 09:17:29,532.45
2022-03-28 09:17:34,532.39
2022-03-28 09:17:39,532.39
2022-03-28 09:17:44,531.0908235595901
2022-03-28 09:17:49,532.32
2022-03-28 09:17:54,532.29
2022-03-28 09:17:59,532.22
2022-03-28 09:18:04,532.22
2022-03-28 09:18:09,531.0546547343463
2022-03-28 09:18:14,532.16
2022-03-28 09:18:19,532.06
2022-03-28 09:18:24,532.06
2022-03-28 09:18:29,532.06
2022-03-28 09:18:34,532.06
2022-03-28 09:18:39,532.0
2022-03-28 09:18:44,532.0
2022-03-28 09:18:49,531.93
2022-03-28 09:18:54,531.93
2022-03-28 09:18:59,531.93
2022-03-28 09:19:04,531.8
2022-03-28 09:19:09,531.8
2022-03-28 09:19:14,530.9595388330762
2022-03-28 09:19:19,531.77
2022-03-28 09:19:24,531.77
2022-03-28 09:19:29,531.76
2022-03-28 09:19:34,531.7
2022-03-28 09:19:39,531.64
2022-03-28 09:19:44,531.63
2022-03-28 09:19:49,531.57
2022-03-28 09:19:54,531.54
2022-03-28 09:19:59,531.47
2022-03-28 09:20:04,531.47
2022-03-28 09:20:09,531.47
2022-03-28 09:20:14,531.41
2022-03-28 09:20:19,531.34
2022-03-28 09:20:24,531.34
2022-03-28 09:20:29,531.34
2022-03-28 09:20:34,531.27
2022-03-28 09:20:39,531.24
2022-03-28 09:20:44,530.8218307604427
2022-03-28 09:20:49,531.24
2022-03-28 09:20:54,531.18
2022-03-28 09:20:59,531.18
2022-03-28 09:21:04,531.11
2022-03-28 09:21:09,531.11
2022-03-28 09:21:14,531.05
2022-03-28 09:21:19,531.05
2022-03-28 09:21:24,531.01
2022-03-28 09:21:29,531.01
2022-03-28 09:21:34,531.01
2022-03-28 09:21:39,531.01
2022-03-28 09:21:44,530.95
2022-03-28 09:21:49,530.95
2022-03-28 09:21:54,530.89
2022-03-28 09:21:59,530.82
2022-03-28 09:22:04,530.82
2022-03-28 09:22:09,530.75
2022-03-28 09:22:14,530.82
2022-03-28 09:22:19,530.76
2022-03-28 09:22:24,530.76
2022-03-28 09:22:29,530.72
2022-03-28 09:22:34,530.72
2022-03-28 09:22:39,530.72
2022-03-28 09:22:44,530.66
2022-03-28 09:22:49,530.6086807555407
2022-03-28 09:22:54,530.59
2022-03-28 09:22:59,530.6
2022-03-28 09:23:04,530.53
2022-03-28 09:23:09,530.53
2022-03-28 09:23:14,530.5
2022-03-28 09:23:19,530.5
2022-03-28 09:23:24,530.5
2022-03-28 09:23:29,530.5
2022-03-28 09:23:34,530.5
2022-03-28 09:23:39,530.5
2022-03-28 09:23:44,530.44
2022-03-28 09:23:49,530.44
2022-03-28 09:23:54,530.44
2022-03-28 09:23:59,530.5
2022-03-28 09:24:04,530.5
2022-03-28 09:24:09,530.44
2022-03-28 09:24:14,530.54
2022-03-28 09:24:19,530.54
2022-03-28 09:24:24,530.6
2022-03-28 09:24:29,530.6
2022-03-28 09:24:34,530.6
2022-03-28 09:24:39,530.67
2022-03-28 09:24:44,530.67
2022-03-28 09:24:49,530.67
2022-03-28 09:24:54,530.73
2022-03-28 09:24:59,530.77
2022-03-28 09:25:04,530.77
2022-03-28 09:25:09,530.83
2022-03-28 09:25:14,530.83
2022-03-28 09:25:19,530.9
2022-03-28 09:25:24,530.287021439164
2022-03-28 09:25:29,531.03
2022-03-28 09:25:34,531.03
2022-03-28 09:25:39,531.06
2022-03-28 09:25:44,531.13
2022-03-28 09:25:49,531.19
2022-03-28 09:25:54,531.26
2022-03-28 09:25:59,531.29
2022-03-28 09:26:04,531.42
2022-03-28 09:26:09,531.48
2022-03-28 09:26:14,530.1650796569044
2022-03-28 09:26:19,531.65
2022-03-28 09:26:24,531.71
2022-03-28 09:26:29,531.78
2022-03-28 09:26:34,531.87
2022-03-28 09:26:39,531.94
2022-03-28 09:26:44,532.07
2022-03-28 09:26:49,532.1
2022-03-28 09:26:54,532.23
2022-03-28 09:26:59,532.29
2022-03-28 09:27:04,532.39
2022-03-28 09:27:09,532.52
2022-03-28 09:27:14,530.0046461301396
2022-03-28 09:27:19,532.68
2022-03-28 09:27:24,532.75
2022-03-28 09:27:29,532.81
2022-03-28 09:27:34,529.9474642470673
2022-03-28 09:27:39,529.9328648378937
2022-03-28 09:27:44,533.1
2022-03-28 09:27:49,533.1
2022-03-28 09:27:54,529.8883207137198
2022-03-28 09:27:59,533.33
2022-03-28 09:28:04,533.36
2022-03-28 09:28:09,533.49
2022-03-28 09:28:14,533.55
2022-03-28 09:28:19,533.65
2022-03-28 09:28:24,533.71
2022-03-28 09:28:29,533.78
2022-03-28 09:28:34,529.7638855845197
2022-03-28 09:28:39,534.0
2022-03-28 09:28:44,534.07
2022-03-28 09:28:49,534.13
2022-03-28 09:28:54,534.16
2022-03-28 09:28:59,534.29
2022-03-28 09:29:04,534.35
2022-03-28 09:29:09,534.39
2022-03-28 09:29:14,534.45
2022-03-28 09:29:19,534.58
2022-03-28 09:29:24,534.64
2022-03-28 09:29:29,534.74
2022-03-28 09:29:34,534.8
2022-03-28 09:29:39,534.9
2022-03-28 09:29:44,534.96
2022-03-28 09:29:49,535.09
2022-03-28 09:29:54,535.19
2022-03-28 09:29:59,535.25
2022-03-28 09:30:04,535.38
2022-03-28 09:30:09,535.48
2022-03-28 09:30:14,529.4138708664549
2022-03-28 09:30:19,535.7
2022-03-28 09:30:24,529.3756206951265
2022-03-28 09:30:29,535.93
2022-03-28 09:30:34,535.99
2022-03-28 09:30:39,536.05
2022-03-28 09:30:44,536.18
2022-03-28 09:30:49,536.34
2022-03-28 09:30:54,536.41
2022-03-28 09:30:59,536.5
2022-03-28 09:31:04,536.63
2022-03-28 09:31:09,536.69
2022-03-28 09:31:14,536.79
2022-03-28 09:31:19,536.92
2022-03-28 09:31:24,537.02
2022-03-28 09:31:29,537.08
2022-03-28 09:31:34,537.24
2022-03-28 09:31:39,537.3
2022-03-28 09:31:44,537.37
2022-03-28 09:31:49,537.46
2022-03-28 09:31:54,537.65
2022-03-28 09:31:59,528.986406394476
2022-03-28 09:32:04,537.81
2022-03-28 09:32:09,537.94
2022-03-28 09:32:14,537.97
2022-03-28 09:32:19,538.17
2022-03-28 09:32:24,538.26
2022-03-28 09:32:29,538.33
2022-03-28 09:32:34,538.45
2022-03-28 09:32:39,538.55
2022-03-28 09:32:44,538.68
2022-03-28 09:32:49,538.77
2022-03-28 09:32:54,538.9
2022-03-28 09:32:59,539.0
2022-03-28 09:33:04,539.13
2022-03-28 09:33:09,539.29
2022-03-28 09:33:14,539.35
2022-03-28 09:33:19,539.48
2022-03-28 09:33:24,539.58
2022-03-28 09:33:29,539.71
2022-03-28 09:33:34,539.8
2022-03-28 09:33:39,539.8
2022-03-28 09:33:44,539.93
2022-03-28 09:33:49,540.03
2022-03-28 09:33:54,528.4696179218372
2022-03-28 09:33:59,528.4464259057926
2022-03-28 09:34:04,540.29
2022-03-28 09:34:09,540.32
2022-03-28 09:34:14,540.45
2022-03-28 09:34:19,540.51
2022-03-28 09:34:24,540.55
2022-03-28 09:34:29,540.61
2022-03-28 09:34:34,528.2830859745571
2022-03-28 09:34:39,540.74
2022-03-28 09:34:44,540.8
2022-03-28 09:34:49,540.84
2022-03-28 09:34:54,540.96
2022-03-28 09:34:59,540.97
2022-03-28 09:35:04,541.03
2022-03-28 09:35:09,541.06
2022-03-28 09:35:14,541.06
2022-03-28 09:35:19,541.19
2022-03-28 09:35:24,541.19
2022-03-28 09:35:29,541.26
2022-03-28 09:35:34,541.26
2022-03-28 09:35:39,541.26
2022-03-28 09:35:44,541.26
2022-03-28 09:35:49,527.9302250545167
2022-03-28 09:35:54,541.32
2022-03-28 09:35:59,527.8832084613966
2022-03-28 09:36:04,541.32
2022-03-28 09:36:09,541.32
2022-03-28 09:36:14,541.26
2022-03-28 09:36:19,541.26
2022-03-28 09:36:24,541.26
2022-03-28 09:36:29,527.7426426760873
2022-03-28 09:36:34,541.13
2022-03-28 09:36:39,541.14
2022-03-28 09:36:44,541.07
2022-03-28 09:36:49,541.04
2022-03-28 09:36:54,527.6263437263001
2022-03-28 09:36:59,540.91
2022-03-28 09:37:04,540.85
2022-03-28 09:37:09,527.5570643101279
2022-03-28 09:37:14,540.69
2022-03-28 09:37:19,540.63
2022-03-28 09:37:24,540.56
2022-03-28 09:37:29,540.47
2022-03-28 09:37:34,540.4
2022-03-28 09:37:39,540.31
2022-03-28 09:37:44,540.18
2022-03-28 09:37:49,540.05
2022-03-28 09:37:54,539.89
2022-03-28 09:37:59,539.83
2022-03-28 09:38:04,539.67
2022-03-28 09:38:09,527.2851293908259
2022-03-28 09:38:14,539.38
2022-03-28 09:38:19,539.28
2022-03-28 09:38:24,539.09
2022-03-28 09:38:29,538.93
2022-03-28 09:38:34,538.8
2022-03-28 09:38:39,538.64
2022-03-28 09:38:44,538.42
2022-03-28 09:38:49,538.29
2022-03-28 09:38:54,538.06
2022-03-28 09:38:59,537.9
2022-03-28 09:39:04,537.74
2022-03-28 09:39:09,537.48
2022-03-28 09:39:14,537.32
2022-03-28 09:39:19,537.16
2022-03-28 09:39:24,536.93
2022-03-28 09:39:29,536.74
2022-03-28 09:39:34,536.52
2022-03-28 09:39:39,536.23
2022-03-28 09:39:44,536.06
2022-03-28 09:39:49,535.84
2022-03-28 09:39:54,535.62
2022-03-28 09:39:59,535.32
2022-03-28 09:40:04,535.2
2022-03-28 09:40:09,534.97
2022-03-28 09:40:14,526.7599608692872
2022-03-28 09:40:19,534.52
2022-03-28 09:40:24,534.36
2022-03-28 09:40:29,534.13
2022-03-28 09:40:34,533.88
2022-03-28 09:40:39,533.62
2022-03-28 09:40:44,533.42
2022-03-28 09:40:49,533.2
2022-03-28 09:40:54,533.04
2022-03-28 09:40:59,532.81
2022-03-28 09:41:04,532.58
2022-03-28 09:41:09,532.39
2022-03-28 09:41:14,532.23
2022-03-28 09:41:19,532.0
2022-03-28 09:41:24,531.78
2022-03-28 09:41:29,531.55
2022-03-28 09:41:34,531.36
2022-03-28 09:41:39,531.2
2022-03-28 09:41:44,531.04
2022-03-28 09:41:49,530.84
2022-03-28 09:41:54,530.68
2022-03-28 09:41:59,530.52
2022-03-28 09:42:04,526.3683345524094
2022-03-28 09:42:09,530.17
2022-03-28 09:42:14,530.04
2022-03-28 09:42:19,529.87
2022-03-28 09:42:24,529.71
2022-03-28 09:42:29,529.52
2022-03-28 09:42:34,526.2765300078781
2022-03-28 09:42:39,529.29
2022-03-28 09:42:44,529.19
2022-03-28 09:42:49,529.0
2022-03-28 09:42:54,528.9
2022-03-28 09:42:59,528.77
2022-03-28 09:43:04,526.1921296661111
2022-03-28 09:43:09,528.55
2022-03-28 09:43:14,528.45
2022-03-28 09:43:19,528.32
2022-03-28 09:43:24,528.19
2022-03-28 09:43:29,528.16
2022-03-28 09:43:34,528.09
2022-03-28 09:43:39,527.96
2022-03-28 09:43:44,527.93
2022-03-28 09:43:49,526.0805405940949
2022-03-28 09:43:54,527.8
2022-03-28 09:43:59,527.74
2022-03-28 09:44:04,527.67
2022-03-28 09:44:09,527.64
2022-03-28 09:44:14,527.57
2022-03-28 09:44:19,527.57
2022-03-28 09:44:24,527.51
2022-03-28 09:44:29,527.44
2022-03-28 09:44:34,527.41
2022-03-28 09:44:39,527.41
2022-03-28 09:44:44,527.34
2022-03-28 09:44:49,527.34
2022-03-28 09:44:54,527.34
2022-03-28 09:44:59,527.34
2022-03-28 09:45:04,527.28
2022-03-28 09:45:09,527.34
2022-03-28 09:45:14,527.34
2022-03-28 09:45:19,525.9162313320246
2022-03-28 09:45:24,525.9094106561766
2022-03-28 09:45:29,527.41
2022-03-28 09:45:34,527.44
2022-03-28 09:45:39,527.5
2022-03-28 09:45:44,525.8844910676322
2022-03-28 09:45:49,527.57
2022-03-28 09:45:54,527.66
2022-03-28 09:45:59,527.73
2022-03-28 09:46:04,527.86
2022-03-28 09:46:09,527.92
2022-03-28 09:46:14,528.02
2022-03-28 09:46:19,528.08
2022-03-28 09:46:24,528.18
2022-03-28 09:46:29,528.37
2022-03-28 09:46:34,528.47
2022-03-28 09:46:39,528.6
2022-03-28 09:46:44,528.7
2022-03-28 09:46:49,528.82
2022-03-28 09:46:54,528.99
2022-03-28 09:46:59,529.11
2022-03-28 09:47:04,529.28
2022-03-28 09:47:09,529.47
2022-03-28 09:47:14,529.57
2022-03-28 09:47:19,529.79
2022-03-28 09:47:24,529.92
2022-03-28 09:47:29,530.08
2022-03-28 09:47:34,530.24
2022-03-28 09:47:39,530.44
2022-03-28 09:47:44,530.53
2022-03-28 09:47:49,530.76
2022-03-28 09:47:54,530.89
2022-03-28 09:47:59,531.11
2022-03-28 09:48:04,531.28
2022-03-28 09:48:09,531.47
2022-03-28 09:48:14,531.63
2022-03-28 09:48:19,531.79
2022-03-28 09:48:24,532.05
2022-03-28 09:48:29,532.15
2022-03-28 09:48:34,532.28
2022-03-28 09:48:39,532.5
2022-03-28 09:48:44,525.8216667457282
2022-03-28 09:48:49,525.823846700812
2022-03-28 09:48:54,533.02
2022-03-28 09:48:59,533.12
2022-03-28 09:49:04,533.34
2022-03-28 09:49:09,533.47
2022-03-28 09:49:14,533.6
2022-03-28 09:49:19,533.83
2022-03-28 09:49:24,533.86
2022-03-28 09:49:29,534.12
2022-03-28 09:49:34,534.15
2022-03-28 09:49:39,534.35
2022-03-28 09:49:44,534.44
2022-03-28 09:49:49,534.57
2022-03-28 09:49:54,534.73
2022-03-28 09:49:59,534.86
2022-03-28 09:50:04,534.96
2022-03-28 09:50:09,535.09
2022-03-28 09:50:14,535.19
2022-03-28 09:50:19,535.32
2022-03-28 09:50:24,535.48
2022-03-28 09:50:29,525.9084760902333
2022-03-28 09:50:34,535.7
2022-03-28 09:50:39,535.83
2022-03-28 09:50:44,535.9
2022-03-28 09:50:49,535.99
2022-03-28 09:50:54,536.12
2022-03-28 09:50:59,525.9484846072477
2022-03-28 09:51:04,536.35
2022-03-28 09:51:09,536.41
2022-03-28 09:51:14,536.44
2022-03-28 09:51:19,536.57
2022-03-28 09:51:24,536.64
2022-03-28 09:51:29,536.7
2022-03-28 09:51:34,536.73
2022-03-28 09:51:39,536.8
2022-03-28 09:51:44,536.93
2022-03-28 09:51:49,536.93
2022-03-28 09:51:54,536.96
2022-03-28 09:51:59,536.96
2022-03-28 09:52:04,536.96
2022-03-28 09:52:09,537.02
2022-03-28 09:52:14,537.02
2022-03-28 09:52:19,537.09
2022-03-28 09:52:24,526.0960097076729
2022-03-28 09:52:29,537.09
2022-03-28 09:52:34,526.1165463757711
2022-03-28 09:52:39,526.1270569899194
2022-03-28 09:52:44,537.08
2022-03-28 09:52:49,537.15
2022-03-28 09:52:54,537.08
2022-03-28 09:52:59,526.1706940353661
2022-03-28 09:53:04,537.08
2022-03-28 09:53:09,537.08
2022-03-28 09:53:14,537.08
2022-03-28 09:53:19,537.02
2022-03-28 09:53:24,537.02
2022-03-28 09:53:29,536.95
2022-03-28 09:53:34,536.95
2022-03-28 09:53:39,536.92
2022-03-28 09:53:44,536.92
2022-03-28 09:53:49,536.85
2022-03-28 09:53:54,536.79
2022-03-28 09:53:59,536.79
2022-03-28 09:54:04,536.72
2022-03-28 09:54:09,536.69
2022-03-28 09:54:14,536.69
2022-03-28 09:54:19,536.62
2022-03-28 09:54:24,536.56
2022-03-28 09:54:29,536.56
2022-03-28 09:54:34,536.49
2022-03-28 09:54:39,536.43
2022-03-28 09:54:44,536.39
2022-03-28 09:54:49,536.39
2022-03-28 09:54:54,536.33
2022-03-28 09:54:59,536.26
2022-03-28 09:55:04,536.26
2022-03-28 09:55:09,536.2
2022-03-28 09:55:14,536.2
2022-03-28 09:55:19,536.19
2022-03-28 09:55:24,536.16
2022-03-28 09:55:29,526.574039896629
2022-03-28 09:55:34,536.1
2022-03-28 09:55:39,535.97
2022-03-28 09:55:44,536.03
2022-03-28 09:55:49,536.03
2022-03-28 09:55:54,535.96
2022-03-28 09:55:59,535.9
2022-03-28 09:56:04,535.9
2022-03-28 09:56:09,535.9
2022-03-28 09:56:14,535.86
2022-03-28 09:56:19,535.86
2022-03-28 09:56:24,535.86
2022-03-28 09:56:29,535.86
2022-03-28 09:56:34,535.86
2022-03-28 09:56:39,526.8038538695234
2022-03-28 09:56:44,535.86
2022-03-28 09:56:49,535.8
2022-03-28 09:56:54,535.8
2022-03-28 09:56:59,535.8
2022-03-28 09:57:04,526.8916583563561
2022-03-28 09:57:09,535.8
2022-03-28 09:57:14,535.8
2022-03-28 09:57:19,535.8
2022-03-28 09:57:24,535.8
2022-03-28 09:57:29,535.79
2022-03-28 09:57:34,535.8
2022-03-28 09:57:39,535.79
2022-03-28 09:57:44,535.79
2022-03-28 09:57:49,527.056784242041
2022-03-28 09:57:54,535.79
2022-03-28 09:57:59,535.86
2022-03-28 09:58:04,535.86
2022-03-28 09:58:09,535.89
2022-03-28 09:58:14,527.1522571489503
2022-03-28 09:58:19,535.89
2022-03-28 09:58:24,535.89
2022-03-28 09:58:29,535.95
2022-03-28 09:58:34,536.02
2022-03-28 09:58:39,536.02
2022-03-28 09:58:44,536.02
2022-03-28 09:58:49,536.02
2022-03-28 09:58:54,536.09
2022-03-28 09:58:59,536.15
2022-03-28 09:59:04,536.15
2022-03-28 09:59:09,536.18
2022-03-28 09:59:14,536.18
2022-03-28 09:59:19,536.25
2022-03-28 09:59:24,536.31
2022-03-28 09:59:29,536.31
2022-03-28 09:59:34,536.38
2022-03-28 09:59:39,536.41
2022-03-28 09:59:44,536.47
2022-03-28 09:59:49,536.54
2022-03-28 09:59:54,536.54
2022-03-28 09:59:59,536.61
2022-03-28 10:00:04,536.67
2022-03-28 10:00:09,536.7
2022-03-28 10:00:14,536.77
2022-03-28 10:00:19,527.6622938253672
2022-03-28 10:00:24,536.89
2022-03-28 10:00:29,536.93
2022-03-28 10:00:34,527.7262283683302
2022-03-28 10:00:39,536.99
2022-03-28 10:00:44,537.06
2022-03-28 10:00:49,537.12
2022-03-28 10:00:54,537.19
2022-03-28 10:00:59,537.22
2022-03-28 10:01:04,537.29
2022-03-28 10:01:09,527.8768518575295
2022-03-28 10:01:14,537.45
2022-03-28 10:01:19,537.45
2022-03-28 10:01:24,537.58
2022-03-28 10:01:29,537.64
2022-03-28 10:01:34,537.64
2022-03-28 10:01:39,537.8
2022-03-28 10:01:44,537.87
2022-03-28 10:01:49,537.93
2022-03-28 10:01:54,537.97
2022-03-28 10:01:59,538.03
2022-03-28 10:02:04,538.09
2022-03-28 10:02:09,538.16
2022-03-28 10:02:14,538.22
2022-03-28 10:02:19,538.32
2022-03-28 10:02:24,538.38
2022-03-28 10:02:29,538.45
2022-03-28 10:02:34,538.48
2022-03-28 10:02:39,538.48
2022-03-28 10:02:44,538.54
2022-03-28 10:02:49,538.67
2022-03-28 10:02:54,538.74
2022-03-28 10:02:59,538.77
2022-03-28 10:03:04,538.83
2022-03-28 10:03:09,538.9
2022-03-28 10:03:14,528.4217718588845
2022-03-28 10:03:19,528.4435040253494
2022-03-28 10:03:24,539.06
2022-03-28 10:03:29,539.13
2022-03-28 10:03:34,528.5085524833403
2022-03-28 10:03:39,539.29
2022-03-28 10:03:44,539.29
2022-03-28 10:03:49,539.35
2022-03-28 10:03:54,539.48
2022-03-28 10:03:59,539.48
2022-03-28 10:04:04,539.51
2022-03-28 10:04:09,539.57
2022-03-28 10:04:14,539.7
2022-03-28 10:04:19,539.76
2022-03-28 10:04:24,539.76
2022-03-28 10:04:29,539.79
2022-03-28 10:04:34,539.86
2022-03-28 10:04:39,539.86
2022-03-28 10:04:44,539.92
2022-03-28 10:04:49,540.02
2022-03-28 10:04:54,540.02
2022-03-28 10:04:59,540.02
2022-03-28 10:05:04,540.08
2022-03-28 10:05:09,540.08
2022-03-28 10:05:14,540.14
2022-03-28 10:05:19,540.14
2022-03-28 10:05:24,540.14
2022-03-28 10:05:29,540.14
2022-03-28 10:05:34,540.14
2022-03-28 10:05:39,540.14
2022-03-28 10:05:44,540.14
2022-03-28 10:05:49,540.14
2022-03-28 10:05:54,540.14
2022-03-28 10:05:59,540.07
2022-03-28 10:06:04,540.07
2022-03-28 10:06:09,540.07
2022-03-28 10:06:14,540.01
2022-03-28 10:06:19,540.01
2022-03-28 10:06:24,540.01
2022-03-28 10:06:29,540.01
2022-03-28 10:06:34,539.97
2022-03-28 10:06:39,539.9
2022-03-28 10:06:44,539.84
2022-03-28 10:06:49,539.84
2022-03-28 10:06:54,539.77
2022-03-28 10:06:59,539.67
2022-03-28 10:07:04,539.68
2022-03-28 10:07:09,539.61
2022-03-28 10:07:14,539.54
2022-03-28 10:07:19,539.45
2022-03-28 10:07:24,539.32
2022-03-28 10:07:29,539.25
2022-03-28 10:07:34,539.22
2022-03-28 10:07:39,539.09
2022-03-28 10:07:44,539.02
2022-03-28 10:07:49,538.93
2022-03-28 10:07:54,538.8
2022-03-28 10:07:59,538.73
2022-03-28 10:08:04,538.7
2022-03-28 10:08:09,538.57
2022-03-28 10:08:14,538.51
2022-03-28 10:08:19,538.41
2022-03-28 10:08:24,538.34
2022-03-28 10:08:29,538.22
2022-03-28 10:08:34,529.6807119111952
2022-03-28 10:08:39,538.05
2022-03-28 10:08:44,537.92
2022-03-28 10:08:49,537.83
2022-03-28 10:08:54,537.76
2022-03-28 10:08:59,537.67
2022-03-28 10:09:04,537.6
2022-03-28 10:09:09,537.47
2022-03-28 10:09:14,529.8053421294837
2022-03-28 10:09:19,537.31
2022-03-28 10:09:24,537.25
2022-03-28 10:09:29,537.15
2022-03-28 10:09:34,529.8636899589666
2022-03-28 10:09:39,536.96
2022-03-28 10:09:44,536.86
2022-03-28 10:09:49,536.8
2022-03-28 10:09:54,536.73
2022-03-28 10:09:59,536.57
2022-03-28 10:10:04,536.44
2022-03-28 10:10:09,536.38
2022-03-28 10:10:14,536.28
2022-03-28 10:10:19,536.15
2022-03-28 10:10:24,529.9969420693233
2022-03-28 10:10:29,535.93
2022-03-28 10:10:34,530.0212990584871
2022-03-28 10:10:39,535.7
2022-03-28 10:10:44,535.61
2022-03-28 10:10:49,535.54
2022-03-28 10:10:54,535.41
2022-03-28 10:10:59,535.35
2022-03-28 10:11:04,535.25
2022-03-28 10:11:09,535.19
2022-03-28 10:11:14,530.1105387421584
2022-03-28 10:11:19,534.96
2022-03-28 10:11:24,534.9
2022-03-28 10:11:29,534.8
2022-03-28 10:11:34,534.74
2022-03-28 10:11:39,534.61
2022-03-28 10:11:44,534.61
2022-03-28 10:11:49,534.58
2022-03-28 10:11:54,534.45
2022-03-28 10:11:59,534.39
2022-03-28 10:12:04,530.2024418651247
2022-03-28 10:12:09,534.32
2022-03-28 10:12:14,534.23
2022-03-28 10:12:19,534.23
2022-03-28 10:12:24,534.23
2022-03-28 10:12:29,534.17
2022-03-28 10:12:34,534.23
2022-03-28 10:12:39,534.23
2022-03-28 10:12:44,534.23
2022-03-28 10:12:49,534.17
2022-03-28 10:12:54,534.23
2022-03-28 10:12:59,534.23
2022-03-28 10:13:04,534.23
2022-03-28 10:13:09,534.3
2022-03-28 10:13:14,534.3
2022-03-28 10:13:19,534.3
2022-03-28 10:13:24,534.33
2022-03-28 10:13:29,534.33
2022-03-28 10:13:34,534.39
2022-03-28 10:13:39,534.39
2022-03-28 10:13:44,534.46
2022-03-28 10:13:49,534.52
2022-03-28 10:13:54,534.52
2022-03-28 10:13:59,530.3244577140775
2022-03-28 10:14:04,534.62
2022-03-28 10:14:09,534.68
2022-03-28 10:14:14,534.75
2022-03-28 10:14:19,534.81
2022-03-28 10:14:24,534.81
2022-03-28 10:14:29,534.85
2022-03-28 10:14:34,534.91
2022-03-28 10:14:39,535.04
2022-03-28 10:14:44,535.1
2022-03-28 10:14:49,535.13
2022-03-28 10:14:54,535.26
2022-03-28 10:14:59,535.36
2022-03-28 10:15:04,535.42
2022-03-28 10:15:09,535.49
2022-03-28 10:15:14,530.3395135946041
2022-03-28 10:15:19,530.3388068774977
2022-03-28 10:15:24,535.78
2022-03-28 10:15:29,535.87
2022-03-28 10:15:34,536.0
2022-03-28 10:15:39,536.13
2022-03-28 10:15:44,536.16
2022-03-28 10:15:49,536.29
2022-03-28 10:15:54,536.38
2022-03-28 10:15:59,536.51
2022-03-28 10:16:04,530.3231888887519
2022-03-28 10:16:09,536.74
2022-03-28 10:16:14,536.8
2022-03-28 10:16:19,536.9
2022-03-28 10:16:24,537.09
2022-03-28 10:16:29,537.15
2022-03-28 10:16:34,537.25
2022-03-28 10:16:39,537.38
2022-03-28 10:16:44,537.47
2022-03-28 10:16:49,537.6
2022-03-28 10:16:54,537.7
2022-03-28 10:16:59,537.82
2022-03-28 10:17:04,537.92
2022-03-28 10:17:09,537.99
2022-03-28 10:17:14,538.18
2022-03-28 10:17:19,538.21
2022-03-28 10:17:24,538.34
2022-03-28 10:17:29,530.2501525480986
2022-03-28 10:17:34,538.56
2022-03-28 10:17:39,538.62
2022-03-28 10:17:44,538.69
2022-03-28 10:17:49,538.72
2022-03-28 10:17:54,538.85
2022-03-28 10:17:59,538.91
2022-03-28 10:18:04,538.94
2022-03-28 10:18:09,539.0
2022-03-28 10:18:14,539.13
2022-03-28 10:18:19,539.13
2022-03-28 10:18:24,530.1743987696548
2022-03-28 10:18:29,539.23
2022-03-28 10:18:34,539.23
2022-03-28 10:18:39,539.29
2022-03-28 10:18:44,539.36
2022-03-28 10:18:49,539.36
2022-03-28 10:18:54,539.42
2022-03-28 10:18:59,539.42
2022-03-28 10:19:04,539.45
2022-03-28 10:19:09,530.0968420652845
2022-03-28 10:19:14,539.45
2022-03-28 10:19:19,539.45
2022-03-28 10:19:24,539.45
2022-03-28 10:19:29,539.45
2022-03-28 10:19:34,539.41
2022-03-28 10:19:39,539.45
2022-03-28 10:19:44,539.41
2022-03-28 10:19:49,539.42
2022-03-28 10:19:54,530.0060260689721
2022-03-28 10:19:59,539.35
2022-03-28 10:20:04,539.28
2022-03-28 10:20:09,539.28
2022-03-28 10:20:14,539.22
2022-03-28 10:20:19,539.22
2022-03-28 10:20:24,539.22
2022-03-28 10:20:29,539.19
2022-03-28 10:20:34,539.12
2022-03-28 10:20:39,539.12
2022-03-28 10:20:44,539.06
2022-03-28 10:20:49,538.99
2022-03-28 10:20:54,538.9
2022-03-28 10:20:59,538.77
2022-03-28 10:21:04,538.77
2022-03-28 10:21:09,538.71
2022-03-28 10:21:14,538.68
2022-03-28 10:21:19,538.61
2022-03-28 10:21:24,538.48
2022-03-28 10:21:29,538.39
2022-03-28 10:21:34,538.32
2022-03-28 10:21:39,538.19
2022-03-28 10:21:44,538.1
2022-03-28 10:21:49,538.03
2022-03-28 10:21:54,537.9
2022-03-28 10:21:59,537.81
2022-03-28 10:22:04,537.74
2022-03-28 10:22:09,537.65
2022-03-28 10:22:14,537.52
2022-03-28 10:22:19,537.39
2022-03-28 10:22:24,537.36
2022-03-28 10:22:29,537.23
2022-03-28 10:22:34,537.13
2022-03-28 10:22:39,537.01
2022-03-28 10:22:44,536.84
2022-03-28 10:22:49,529.5400011985025
2022-03-28 10:22:54,536.65
2022-03-28 10:22:59,529.5084987129555
2022-03-28 10:23:04,536.37
2022-03-28 10:23:09,536.27
2022-03-28 10:23:14,536.11
2022-03-28 10:23:19,535.98
2022-03-28 10:23:24,535.85
2022-03-28 10:23:29,535.69
2022-03-28 10:23:34,535.59
2022-03-28 10:23:39,535.4
2022-03-28 10:23:44,535.34
2022-03-28 10:23:49,535.25
2022-03-28 10:23:54,535.12
2022-03-28 10:23:59,534.96
2022-03-28 10:24:04,534.89
2022-03-28 10:24:09,534.73
2022-03-28 10:24:14,534.67
2022-03-28 10:24:19,529.2399829816122
2022-03-28 10:24:24,534.44
2022-03-28 10:24:29,534.38
2022-03-28 10:24:34,534.28
2022-03-28 10:24:39,534.16
2022-03-28 10:24:44,534.16
2022-03-28 10:24:49,534.06
2022-03-28 10:24:54,534.06
2022-03-28 10:24:59,533.93
2022-03-28 10:25:04,533.87
2022-03-28 10:25:09,533.87
2022-03-28 10:25:14,533.77
2022-03-28 10:25:19,533.77
2022-03-28 10:25:24,533.71
2022-03-28 10:25:29,533.71
2022-03-28 10:25:34,528.9640960260765
2022-03-28 10:25:39,533.64
2022-03-28 10:25:44,533.58
2022-03-28 10:25:49,533.58
2022-03-28 10:25:54,533.58
2022-03-28 10:25:59,533.64
2022-03-28 10:26:04,533.58
2022-03-28 10:26:09,533.58
2022-03-28 10:26:14,528.8085587930474
2022-03-28 10:26:19,533.64
2022-03-28 10:26:24,533.64
2022-03-28 10:26:29,533.71
2022-03-28 10:26:34,533.77
2022-03-28 10:26:39,533.77
2022-03-28 10:26:44,533.77
2022-03-28 10:26:49,533.8
2022-03-28 10:26:54,533.8
2022-03-28 10:26:59,528.6274183054192
2022-03-28 10:27:04,533.93
2022-03-28 10:27:09,533.93
2022-03-28 10:27:14,533.86
2022-03-28 10:27:19,533.93
2022-03-28 10:27:24,528.5243059247053
2022-03-28 10:27:29,533.99
2022-03-28 10:27:34,533.99
2022-03-28 10:27:39,534.05
2022-03-28 10:27:44,534.09
2022-03-28 10:27:49,534.09
2022-03-28 10:27:54,534.09
2022-03-28 10:27:59,534.15
2022-03-28 10:28:04,534.22
2022-03-28 10:28:09,534.21
2022-03-28 10:28:14,534.28
2022-03-28 10:28:19,534.28
2022-03-28 10:28:24,534.38
2022-03-28 10:28:29,534.31
2022-03-28 10:28:34,534.37
2022-03-28 10:28:39,534.37
2022-03-28 10:28:44,534.44
2022-03-28 10:28:49,534.44
2022-03-28 10:28:54,534.43
2022-03-28 10:28:59,534.43
2022-03-28 10:29:04,534.37
2022-03-28 10:29:09,534.37
2022-03-28 10:29:14,534.36
2022-03-28 10:29:19,534.37
2022-03-28 10:29:24,528.0113108995275
2022-03-28 10:29:29,534.3
2022-03-28 10:29:34,534.27
2022-03-28 10:29:39,534.27
2022-03-28 10:29:44,527.9238277623932
2022-03-28 10:29:49,527.9019045613717
2022-03-28 10:29:54,534.2
2022-03-28 10:29:59,534.14
2022-03-28 10:30:04,534.07
2022-03-28 10:30:09,534.04
2022-03-28 10:30:14,534.04
2022-03-28 10:30:19,533.97
2022-03-28 10:30:24,533.97
2022-03-28 10:30:29,533.84
2022-03-28 10:30:34,533.9
2022-03-28 10:30:39,533.77
2022-03-28 10:30:44,533.78
2022-03-28 10:30:49,533.74
2022-03-28 10:30:54,533.74
2022-03-28 10:30:59,533.68
2022-03-28 10:31:04,533.61
2022-03-28 10:31:09,533.55
2022-03-28 10:31:14,533.55
2022-03-28 10:31:19,527.5056628860618
2022-03-28 10:31:24,533.45
2022-03-28 10:31:29,527.4616555242118
2022-03-28 10:31:34,533.32
2022-03-28 10:31:39,533.26
2022-03-28 10:31:44,533.22
2022-03-28 10:31:49,533.16
2022-03-28 10:31:54,533.16
2022-03-28 10:31:59,533.09
2022-03-28 10:32:04,533.03
2022-03-28 10:32:09,533.0
2022-03-28 10:32:14,527.2643864690796
2022-03-28 10:32:19,532.87
2022-03-28 10:32:24,532.8
2022-03-28 10:32:29,532.74
2022-03-28 10:32:34,532.71
2022-03-28 10:32:39,532.65
2022-03-28 10:32:44,532.58
2022-03-28 10:32:49,527.1123220417277
2022-03-28 10:32:54,532.48
2022-03-28 10:32:59,532.42
2022-03-28 10:33:04,532.35
2022-03-28 10:33:09,532.29
2022-03-28 10:33:14,532.23
2022-03-28 10:33:19,532.2
2022-03-28 10:33:24,532.13
2022-03-28 10:33:29,532.07
2022-03-28 10:33:34,532.07
2022-03-28 10:33:39,532.0
2022-03-28 10:33:44,531.97
2022-03-28 10:33:49,531.91
2022-03-28 10:33:54,531.84
2022-03-28 10:33:59,531.78
2022-03-28 10:34:04,531.72
2022-03-28 10:34:09,531.69
2022-03-28 10:34:14,531.56
2022-03-28 10:34:19,531.56
2022-03-28 10:34:24,531.49
2022-03-28 10:34:29,531.46
2022-03-28 10:34:34,526.6687302982649
2022-03-28 10:34:39,531.33
2022-03-28 10:34:44,531.27
2022-03-28 10:34:49,531.21
2022-03-28 10:34:54,531.21
2022-03-28 10:34:59,531.17
2022-03-28 10:35:04,531.11
2022-03-28 10:35:09,531.05
2022-03-28 10:35:14,530.98
2022-03-28 10:35:19,526.4868968016244
2022-03-28 10:35:24,530.95
2022-03-28 10:35:29,526.4473393305109
2022-03-28 10:35:34,530.82
2022-03-28 10:35:39,530.76
2022-03-28 10:35:44,530.76
2022-03-28 10:35:49,530.66
2022-03-28 10:35:54,530.6
2022-03-28 10:35:59,530.53
2022-03-28 10:36:04,530.44
2022-03-28 10:36:09,530.37
2022-03-28 10:36:14,530.31
2022-03-28 10:36:19,530.24
2022-03-28 10:36:24,530.18
2022-03-28 10:36:29,526.2174486236081
2022-03-28 10:36:34,530.08
2022-03-28 10:36:39,530.02
2022-03-28 10:36:44,529.92
2022-03-28 10:36:49,529.92
2022-03-28 10:36:54,529.86
2022-03-28 10:36:59,529.79
2022-03-28 10:37:04,529.67
2022-03-28 10:37:09,529.63
2022-03-28 10:37:14,529.57
2022-03-28 10:37:19,529.44
2022-03-28 10:37:24,529.41
2022-03-28 10:37:29,526.0022034080918
2022-03-28 10:37:34,529.27
2022-03-28 10:37:39,529.15
2022-03-28 10:37:44,529.11
2022-03-28 10:37:49,529.05
2022-03-28 10:37:54,528.98
2022-03-28 10:37:59,528.89
2022-03-28 10:38:04,528.82
2022-03-28 10:38:09,528.76
2022-03-28 10:38:14,528.69
2022-03-28 10:38:19,528.63
2022-03-28 10:38:24,528.6
2022-03-28 10:38:29,528.47
2022-03-28 10:38:34,528.47
2022-03-28 10:38:39,528.4
2022-03-28 10:38:44,528.37
2022-03-28 10:38:49,528.31
2022-03-28 10:38:54,528.18
2022-03-28 10:38:59,528.11
2022-03-28 10:39:04,528.01
2022-03-28 10:39:09,527.95
2022-03-28 10:39:14,527.89
2022-03-28 10:39:19,527.85
2022-03-28 10:39:24,527.78
2022-03-28 10:39:29,527.72
2022-03-28 10:39:34,527.66
2022-03-28 10:39:39,527.59
2022-03-28 10:39:44,527.49
2022-03-28 10:39:49,527.43
2022-03-28 10:39:54,527.43
2022-03-28 10:39:59,527.33
2022-03-28 10:40:04,527.33
2022-03-28 10:40:09,527.26
2022-03-28 10:40:14,527.2
2022-03-28 10:40:19,527.14
2022-03-28 10:40:24,527.13
2022-03-28 10:40:29,525.4701914837482
2022-03-28 10:40:34,527.07
2022-03-28 10:40:39,527.03
2022-03-28 10:40:44,526.97
2022-03-28 10:40:49,526.97
2022-03-28 10:40:54,526.96
2022-03-28 10:40:59,526.97
2022-03-28 10:41:04,526.97
2022-03-28 10:41:09,526.97
2022-03-28 10:41:14,525.3691677101795
2022-03-28 10:41:19,526.97
2022-03-28 10:41:24,525.3484740686102
2022-03-28 10:41:29,527.03
2022-03-28 10:41:34,527.03
2022-03-28 10:41:39,527.06
2022-03-28 10:41:44,527.06
2022-03-28 10:41:49,527.12
2022-03-28 10:41:54,527.12
2022-03-28 10:41:59,527.19
2022-03-28 10:42:04,525.2715515748557
2022-03-28 10:42:09,527.25
2022-03-28 10:42:14,527.25
2022-03-28 10:42:19,527.31
2022-03-28 10:42:24,527.35
2022-03-28 10:42:29,527.35
2022-03-28 10:42:34,527.47
2022-03-28 10:42:39,527.48
2022-03-28 10:42:44,527.57
2022-03-28 10:42:49,527.57
2022-03-28 10:42:54,527.63
2022-03-28 10:42:59,527.7
2022-03-28 10:43:04,527.76
2022-03-28 10:43:09,527.83
2022-03-28 10:43:14,527.86
2022-03-28 10:43:19,527.93
2022-03-28 10:43:24,527.99
2022-03-28 10:43:29,525.1351513692249
2022-03-28 10:43:34,528.15
2022-03-28 10:43:39,528.28
2022-03-28 10:43:44,528.35
2022-03-28 10:43:49,528.44
2022-03-28 10:43:54,528.57
2022-03-28 10:43:59,525.0942946228762
2022-03-28 10:44:04,528.73
2022-03-28 10:44:09,528.8
2022-03-28 10:44:14,528.9
2022-03-28 10:44:19,529.02
2022-03-28 10:44:24,529.12
2022-03-28 10:44:29,529.18
2022-03-28 10:44:34,529.31
2022-03-28 10:44:39,525.0445119508504
2022-03-28 10:44:44,529.54
2022-03-28 10:44:49,529.7
2022-03-28 10:44:54,525.027029229385
2022-03-28 10:44:59,529.93
2022-03-28 10:45:04,529.99
2022-03-28 10:45:09,530.12
2022-03-28 10:45:14,530.22
2022-03-28 10:45:19,530.35
2022-03-28 10:45:24,530.51
2022-03-28 10:45:29,530.64
2022-03-28 10:45:34,530.74
2022-03-28 10:45:39,524.9777033934705
2022-03-28 10:45:44,530.96
2022-03-28 10:45:49,531.09
2022-03-28 10:45:54,531.19
2022-03-28 10:45:59,531.32
2022-03-28 10:46:04,524.951906056175
2022-03-28 10:46:09,531.61
2022-03-28 10:46:14,531.68
2022-03-28 10:46:19,531.84
2022-03-28 10:46:24,531.97
2022-03-28 10:46:29,532.06
2022-03-28 10:46:34,532.19
2022-03-28 10:46:39,532.29
2022-03-28 10:46:44,532.42
2022-03-28 10:46:49,532.51
2022-03-28 10:46:54,532.64
2022-03-28 10:46:59,532.74
2022-03-28 10:47:04,532.87
2022-03-28 10:47:09,533.0
2022-03-28 10:47:14,533.1
2022-03-28 10:47:19,533.16
2022-03-28 10:47:24,533.32
2022-03-28 10:47:29,533.45
2022-03-28 10:47:34,524.8638818540805
2022-03-28 10:47:39,533.61
2022-03-28 10:47:44,533.68
2022-03-28 10:47:49,533.77
2022-03-28 10:47:54,533.78
2022-03-28 10:47:59,533.9
2022-03-28 10:48:04,534.04
2022-03-28 10:48:09,534.13
2022-03-28 10:48:14,534.13
2022-03-28 10:48:19,534.26
2022-03-28 10:48:24,534.29
2022-03-28 10:48:29,524.8100152542835
2022-03-28 10:48:34,524.8049891044609
2022-03-28 10:48:39,524.7999322946209
2022-03-28 10:48:44,534.58
2022-03-28 10:48:49,534.65
2022-03-28 10:48:54,534.81
2022-03-28 10:48:59,534.87
2022-03-28 10:49:04,534.93
2022-03-28 10:49:09,535.0
2022-03-28 10:49:14,535.07
2022-03-28 10:49:19,535.16
2022-03-28 10:49:24,535.16
2022-03-28 10:49:29,535.29
2022-03-28 10:49:34,535.32
2022-03-28 10:49:39,535.38
2022-03-28 10:49:44,535.39
2022-03-28 10:49:49,535.51
2022-03-28 10:49:54,535.51
2022-03-28 10:49:59,535.58
2022-03-28 10:50:04,535.58
2022-03-28 10:50:09,535.61
2022-03-28 10:50:14,535.61
2022-03-28 10:50:19,524.6891131939337
2022-03-28 10:50:24,535.67
2022-03-28 10:50:29,535.67
2022-03-28 10:50:34,535.67
2022-03-28 10:50:39,524.6638934632389
2022-03-28 10:50:44,535.73
2022-03-28 10:50:49,535.73
2022-03-28 10:50:54,535.8
2022-03-28 10:50:59,535.8
2022-03-28 10:51:04,535.8
2022-03-28 10:51:09,535.8
2022-03-28 10:51:14,535.8
2022-03-28 10:51:19,535.83
2022-03-28 10:51:24,535.8
2022-03-28 10:51:29,535.83
2022-03-28 10:51:34,535.82
2022-03-28 10:51:39,535.82
2022-03-28 10:51:44,535.79
2022-03-28 10:51:49,535.82
2022-03-28 10:51:54,535.82
2022-03-28 10:51:59,535.82
2022-03-28 10:52:04,535.82
2022-03-28 10:52:09,535.82
2022-03-28 10:52:14,524.5235911857862
2022-03-28 10:52:19,535.78
2022-03-28 10:52:24,535.79
2022-03-28 10:52:29,535.72
2022-03-28 10:52:34,535.72
2022-03-28 10:52:39,535.72
2022-03-28 10:52:44,524.4707183039621
2022-03-28 10:52:49,535.65
2022-03-28 10:52:54,535.65
2022-03-28 10:52:59,524.4424743783998
2022-03-28 10:53:04,535.59
2022-03-28 10:53:09,535.49
2022-03-28 10:53:14,535.49
2022-03-28 10:53:19,535.42
2022-03-28 10:53:24,535.43
2022-03-28 10:53:29,535.36
2022-03-28 10:53:34,535.3
2022-03-28 10:53:39,535.26
2022-03-28 10:53:44,535.26
2022-03-28 10:53:49,535.2
2022-03-28 10:53:54,524.3275225277005
2022-03-28 10:53:59,535.07
2022-03-28 10:54:04,535.07
2022-03-28 10:54:09,535.04
2022-03-28 10:54:14,534.97
2022-03-28 10:54:19,534.97
2022-03-28 10:54:24,524.2565606947305
2022-03-28 10:54:29,524.2441225628517
2022-03-28 10:54:34,534.84
2022-03-28 10:54:39,534.84
2022-03-28 10:54:44,534.78
2022-03-28 10:54:49,534.78
2022-03-28 10:54:54,534.75
2022-03-28 10:54:59,534.75
2022-03-28 10:55:04,534.75
2022-03-28 10:55:09,534.68
2022-03-28 10:55:14,534.68
2022-03-28 10:55:19,534.68
2022-03-28 10:55:24,534.68
2022-03-28 10:55:29,534.62
2022-03-28 10:55:34,534.62
2022-03-28 10:55:39,534.68
2022-03-28 10:55:44,534.62
2022-03-28 10:55:49,534.68
2022-03-28 10:55:54,524.0060563226942
2022-03-28 10:55:59,534.69
2022-03-28 10:56:04,534.69
2022-03-28 10:56:09,534.69
2022-03-28 10:56:14,534.69
2022-03-28 10:56:19,534.69
2022-03-28 10:56:24,534.75
2022-03-28 10:56:29,523.8946927337668
2022-03-28 10:56:34,534.85
2022-03-28 10:56:39,534.79
2022-03-28 10:56:44,534.85
2022-03-28 10:56:49,534.92
2022-03-28 10:56:54,534.92
2022-03-28 10:56:59,534.98
2022-03-28 10:57:04,534.98
2022-03-28 10:57:09,535.05
2022-03-28 10:57:14,535.08
2022-03-28 10:57:19,535.14
2022-03-28 10:57:24,535.21
2022-03-28 10:57:29,535.27
2022-03-28 10:57:34,535.31
2022-03-28 10:57:39,535.37
2022-03-28 10:57:44,535.37
2022-03-28 10:57:49,535.44
2022-03-28 10:57:54,535.5
2022-03-28 10:57:59,535.6
2022-03-28 10:58:04,535.67
2022-03-28 10:58:09,535.8
2022-03-28 10:58:14,535.83
2022-03-28 10:58:19,535.96
2022-03-28 10:58:24,523.4842501152236
2022-03-28 10:58:29,536.09
2022-03-28 10:58:34,536.19
2022-03-28 10:58:39,536.31
2022-03-28 10:58:44,536.35
2022-03-28 10:58:49,536.41
2022-03-28 10:58:54,536.54
2022-03-28 10:58:59,536.64
2022-03-28 10:59:04,536.7
2022-03-28 10:59:09,536.86
2022-03-28 10:59:14,536.93
2022-03-28 10:59:19,537.12
2022-03-28 10:59:24,537.15
2022-03-28 10:59:29,537.28
2022-03-28 10:59:34,537.38
2022-03-28 10:59:39,523.187882196281
2022-03-28 10:59:44,537.64
2022-03-28 10:59:49,537.74
2022-03-28 10:59:54,523.1265900288489
2022-03-28 10:59:59,538.03
2022-03-28 11:00:04,538.15
2022-03-28 11:00:09,538.25
2022-03-28 11:00:14,538.38
2022-03-28 11:00:19,538.54
2022-03-28 11:00:24,538.67
2022-03-28 11:00:29,538.83
2022-03-28 11:00:34,538.93
2022-03-28 11:00:39,539.12
2022-03-28 11:00:44,539.22
2022-03-28 11:00:49,539.45
2022-03-28 11:00:54,539.57
2022-03-28 11:00:59,539.73
2022-03-28 11:01:04,539.93
2022-03-28 11:01:09,540.02
2022-03-28 11:01:14,540.22
2022-03-28 11:01:19,540.38
2022-03-28 11:01:24,540.54
2022-03-28 11:01:29,540.73
2022-03-28 11:01:34,540.89
2022-03-28 11:01:39,541.05
2022-03-28 11:01:44,541.18
2022-03-28 11:01:49,541.34
2022-03-28 11:01:54,541.5
2022-03-28 11:01:59,541.63
2022-03-28 11:02:04,541.76
2022-03-28 11:02:09,522.5561933519317
2022-03-28 11:02:14,542.01
2022-03-28 11:02:19,542.21
2022-03-28 11:02:24,542.3
2022-03-28 11:02:29,542.5
2022-03-28 11:02:34,542.53
2022-03-28 11:02:39,542.66
2022-03-28 11:02:44,542.79
2022-03-28 11:02:49,542.82
2022-03-28 11:02:54,542.88
2022-03-28 11:02:59,542.95
2022-03-28 11:03:04,543.01
2022-03-28 11:03:09,543.04
2022-03-28 11:03:14,543.11
2022-03-28 11:03:19,543.17
2022-03-28 11:03:24,543.1
2022-03-28 11:03:29,543.1
2022-03-28 11:03:34,543.1
2022-03-28 11:03:39,543.1
2022-03-28 11:03:44,543.1
2022-03-28 11:03:49,543.03
2022-03-28 11:03:54,543.03
2022-03-28 11:03:59,543.0
2022-03-28 11:04:04,542.94
2022-03-28 11:04:09,542.87
2022-03-28 11:04:14,522.020509154616
2022-03-28 11:04:19,542.77
2022-03-28 11:04:24,542.64
2022-03-28 11:04:29,521.9571989889134
2022-03-28 11:04:34,542.48
2022-03-28 11:04:39,542.42
2022-03-28 11:04:44,542.26
2022-03-28 11:04:49,542.13
2022-03-28 11:04:54,521.8525617541139
2022-03-28 11:04:59,541.9
2022-03-28 11:05:04,541.74
2022-03-28 11:05:09,541.55
2022-03-28 11:05:14,541.45
2022-03-28 11:05:19,541.26
2022-03-28 11:05:24,541.16
2022-03-28 11:05:29,540.94
2022-03-28 11:05:34,540.8
2022-03-28 11:05:39,540.64
2022-03-28 11:05:44,540.45
2022-03-28 11:05:49,540.29
2022-03-28 11:05:54,540.06
2022-03-28 11:05:59,539.9
2022-03-28 11:06:04,539.68
2022-03-28 11:06:09,539.42
2022-03-28 11:06:14,521.5276589107253
2022-03-28 11:06:19,539.03
2022-03-28 11:06:24,538.81
2022-03-28 11:06:29,538.65
2022-03-28 11:06:34,538.39
2022-03-28 11:06:39,538.16
2022-03-28 11:06:44,537.88
2022-03-28 11:06:49,537.62
2022-03-28 11:06:54,537.36
2022-03-28 11:06:59,537.1
2022-03-28 11:07:04,536.91
2022-03-28 11:07:09,536.62
2022-03-28 11:07:14,536.4
2022-03-28 11:07:19,536.11
2022-03-28 11:07:24,521.2604318397923
2022-03-28 11:07:29,521.2421004373688
2022-03-28 11:07:34,535.27
2022-03-28 11:07:39,534.98
2022-03-28 11:07:44,534.69
2022-03-28 11:07:49,534.4
2022-03-28 11:07:54,534.18
2022-03-28 11:07:59,533.82
2022-03-28 11:08:04,533.53
2022-03-28 11:08:09,533.25
2022-03-28 11:08:14,532.99
2022-03-28 11:08:19,532.63
2022-03-28 11:08:24,532.34
2022-03-28 11:08:29,532.05
2022-03-28 11:08:34,531.7
2022-03-28 11:08:39,531.38
2022-03-28 11:08:44,531.09
2022-03-28 11:08:49,520.9651725437977
2022-03-28 11:08:54,530.45
2022-03-28 11:08:59,530.13
2022-03-28 11:09:04,529.77
2022-03-28 11:09:09,529.42
2022-03-28 11:09:14,529.13
2022-03-28 11:09:19,528.75
2022-03-28 11:09:24,528.46
2022-03-28 11:09:29,528.1
2022-03-28 11:09:34,527.78
2022-03-28 11:09:39,520.8095123947206
2022-03-28 11:09:44,527.14
2022-03-28 11:09:49,526.82
2022-03-28 11:09:54,526.47
2022-03-28 11:09:59,526.11
2022-03-28 11:10:04,525.83
2022-03-28 11:10:09,525.5
2022-03-28 11:10:14,520.7089108027131
2022-03-28 11:10:19,524.8
2022-03-28 11:10:24,524.57
2022-03-28 11:10:29,520.6679287255096
2022-03-28 11:10:34,523.9
2022-03-28 11:10:39,523.61
2022-03-28 11:10:44,523.25
2022-03-28 11:10:49,522.93
2022-03-28 11:10:54,522.64
2022-03-28 11:10:59,522.35
2022-03-28 11:11:04,520.5773306011465
2022-03-28 11:11:09,521.78
2022-03-28 11:11:14,521.49
2022-03-28 11:11:19,521.33
2022-03-28 11:11:24,520.97
2022-03-28 11:11:29,520.75
2022-03-28 11:11:34,520.46
2022-03-28 11:11:39,520.23
2022-03-28 11:11:44,520.01
2022-03-28 11:11:49,519.72
2022-03-28 11:11:54,519.49
2022-03-28 11:11:59,519.27
2022-03-28 11:12:04,520.4386029443084
2022-03-28 11:12:09,518.85
2022-03-28 11:12:14,520.4175429223604
2022-03-28 11:12:19,518.53
2022-03-28 11:12:24,518.3
2022-03-28 11:12:29,518.11
2022-03-28 11:12:34,517.95
2022-03-28 11:12:39,517.82
2022-03-28 11:12:44,520.357936752909
2022-03-28 11:12:49,517.56
2022-03-28 11:12:54,517.5
2022-03-28 11:12:59,517.37
2022-03-28 11:13:04,517.27
2022-03-28 11:13:09,517.21
2022-03-28 11:13:14,517.21
2022-03-28 11:13:19,517.08
2022-03-28 11:13:24,517.08
2022-03-28 11:13:29,517.05
2022-03-28 11:13:34,517.05
2022-03-28 11:13:39,517.05
2022-03-28 11:13:44,517.05
2022-03-28 11:13:49,520.247398569614
2022-03-28 11:13:54,517.08
2022-03-28 11:13:59,517.14
2022-03-28 11:14:04,520.2255503377003
2022-03-28 11:14:09,517.37
2022-03-28 11:14:14,517.43
2022-03-28 11:14:19,517.56
2022-03-28 11:14:24,517.66
2022-03-28 11:14:29,517.82
2022-03-28 11:14:34,517.95
2022-03-28 11:14:39,518.07
2022-03-28 11:14:44,518.24
2022-03-28 11:14:49,518.33
2022-03-28 11:14:54,518.52
2022-03-28 11:14:59,518.75
2022-03-28 11:15:04,518.91
2022-03-28 11:15:09,519.1
2022-03-28 11:15:14,519.33
2022-03-28 11:15:19,519.49
2022-03-28 11:15:24,519.71
2022-03-28 11:15:29,519.87
2022-03-28 11:15:34,520.06
2022-03-28 11:15:39,520.29
2022-03-28 11:15:44,520.51
2022-03-28 11:15:49,520.74
2022-03-28 11:15:54,520.9
2022-03-28 11:15:59,521.19
2022-03-28 11:16:04,521.38
2022-03-28 11:16:09,520.0980705247323
2022-03-28 11:16:14,521.83
2022-03-28 11:16:19,522.05
2022-03-28 11:16:24,522.22
2022-03-28 11:16:29,522.44
2022-03-28 11:16:34,522.63
2022-03-28 11:16:39,522.79
2022-03-28 11:16:44,523.02
2022-03-28 11:16:49,523.21
2022-03-28 11:16:54,523.44
2022-03-28 11:16:59,523.66
2022-03-28 11:17:04,520.0735096755417
2022-03-28 11:17:09,523.95
2022-03-28 11:17:14,524.11
2022-03-28 11:17:19,524.27
2022-03-28 11:17:24,524.47
2022-03-28 11:17:29,524.69
2022-03-28 11:17:34,524.79
2022-03-28 11:17:39,524.98
2022-03-28 11:17:44,520.0680306475978
2022-03-28 11:17:49,520.0680865567834
2022-03-28 11:17:54,525.5
2022-03-28 11:17:59,525.66
2022-03-28 11:18:04,525.79
2022-03-28 11:18:09,525.95
2022-03-28 11:18:14,526.04
2022-03-28 11:18:19,526.24
2022-03-28 11:18:24,526.33
2022-03-28 11:18:29,526.46
2022-03-28 11:18:34,526.62
2022-03-28 11:18:39,520.077787495432
2022-03-28 11:18:44,526.85
2022-03-28 11:18:49,526.98
2022-03-28 11:18:54,527.04
2022-03-28 11:18:59,527.08
2022-03-28 11:19:04,527.21
2022-03-28 11:19:09,520.0916549378622
2022-03-28 11:19:14,527.37
2022-03-28 11:19:19,527.44
2022-03-28 11:19:24,527.56
2022-03-28 11:19:29,527.6
2022-03-28 11:19:34,527.66
2022-03-28 11:19:39,527.72
2022-03-28 11:19:44,520.1155492928013
2022-03-28 11:19:49,527.79
2022-03-28 11:19:54,527.86
2022-03-28 11:19:59,527.95
2022-03-28 11:20:04,527.95
2022-03-28 11:20:09,528.02
2022-03-28 11:20:14,528.08
2022-03-28 11:20:19,528.12
2022-03-28 11:20:24,520.1531374738495
2022-03-28 11:20:29,520.1586130701596
2022-03-28 11:20:34,528.25
2022-03-28 11:20:39,528.31
2022-03-28 11:20:44,528.38
2022-03-28 11:20:49,528.41
2022-03-28 11:20:54,528.41
2022-03-28 11:20:59,528.47
2022-03-28 11:21:04,528.54
2022-03-28 11:21:09,528.61
2022-03-28 11:21:14,528.61
2022-03-28 11:21:19,528.64
2022-03-28 11:21:24,528.7
2022-03-28 11:21:29,528.7
2022-03-28 11:21:34,528.7
2022-03-28 11:21:39,528.77
2022-03-28 11:21:44,528.84
2022-03-28 11:21:49,528.77
2022-03-28 11:21:54,520.2784528461116
2022-03-28 11:21:59,528.9
2022-03-28 11:22:04,528.9
2022-03-28 11:22:09,528.93
2022-03-28 11:22:14,528.93
2022-03-28 11:22:19,520.3234237737543
2022-03-28 11:22:24,529.0
2022-03-28 11:22:29,529.07
2022-03-28 11:22:34,529.07
2022-03-28 11:22:39,529.13
2022-03-28 11:22:44,529.13
2022-03-28 11:22:49,529.16
2022-03-28 11:22:54,520.39390927203
2022-03-28 11:22:59,529.23
2022-03-28 11:23:04,529.23
2022-03-28 11:23:09,529.29
2022-03-28 11:23:14,520.4381049649222
2022-03-28 11:23:19,529.42
2022-03-28 11:23:24,529.42
2022-03-28 11:23:29,529.42
2022-03-28 11:23:34,529.45
2022-03-28 11:23:39,529.52
2022-03-28 11:23:44,529.52
2022-03-28 11:23:49,529.59
2022-03-28 11:23:54,529.59
2022-03-28 11:23:59,529.59
2022-03-28 11:24:04,529.65
2022-03-28 11:24:09,529.68
2022-03-28 11:24:14,520.5867722836526
2022-03-28 11:24:19,529.75
2022-03-28 11:24:24,529.81
2022-03-28 11:24:29,529.87
2022-03-28 11:24:34,529.87
2022-03-28 11:24:39,529.94
2022-03-28 11:24:44,529.97
2022-03-28 11:24:49,520.6838558621787
2022-03-28 11:24:54,520.6983074715056
2022-03-28 11:24:59,530.1
2022-03-28 11:25:04,530.1
2022-03-28 11:25:09,530.16
2022-03-28 11:25:14,530.16
2022-03-28 11:25:19,530.2
2022-03-28 11:25:24,530.19
2022-03-28 11:25:29,530.26
2022-03-28 11:25:34,530.26
2022-03-28 11:25:39,530.32
2022-03-28 11:25:44,530.39
2022-03-28 11:25:49,530.39
2022-03-28 11:25:54,530.45
2022-03-28 11:25:59,530.48
2022-03-28 11:26:04,530.48
2022-03-28 11:26:09,530.54
2022-03-28 11:26:14,530.61
2022-03-28 11:26:19,530.67
2022-03-28 11:26:24,530.67
2022-03-28 11:26:29,520.9979488250918
2022-03-28 11:26:34,521.0149315998467
2022-03-28 11:26:39,530.7
2022-03-28 11:26:44,530.76
2022-03-28 11:26:49,530.83
2022-03-28 11:26:54,530.83
2022-03-28 11:26:59,521.1014730054306
2022-03-28 11:27:04,530.96
2022-03-28 11:27:09,530.99
2022-03-28 11:27:14,530.99
2022-03-28 11:27:19,521.1725676157558
2022-03-28 11:27:24,531.05
2022-03-28 11:27:29,531.11
2022-03-28 11:27:34,531.21
2022-03-28 11:27:39,531.27
2022-03-28 11:27:44,531.27
2022-03-28 11:27:49,531.34
2022-03-28 11:27:54,531.4
2022-03-28 11:27:59,531.5
2022-03-28 11:28:04,531.5
2022-03-28 11:28:09,531.56
2022-03-28 11:28:14,531.69
2022-03-28 11:28:19,531.69
2022-03-28 11:28:24,521.4138160893052
2022-03-28 11:28:29,521.4329551606505
2022-03-28 11:28:34,531.91
2022-03-28 11:28:39,521.471458102158
2022-03-28 11:28:44,531.98
2022-03-28 11:28:49,532.01
2022-03-28 11:28:54,532.07
2022-03-28 11:28:59,521.5493204560277
2022-03-28 11:29:04,532.23
2022-03-28 11:29:09,532.23
2022-03-28 11:29:14,532.36
2022-03-28 11:29:19,532.36
2022-03-28 11:29:24,532.42
2022-03-28 11:29:29,521.6680720593414
2022-03-28 11:29:34,532.59
2022-03-28 11:29:39,532.65
2022-03-28 11:29:44,532.72
2022-03-28 11:29:49,532.81
2022-03-28 11:29:54,532.88
2022-03-28 11:29:59,532.94
2022-03-28 11:30:04,533.01
2022-03-28 11:30:09,533.04
2022-03-28 11:30:14,533.17
2022-03-28 11:30:19,533.17
2022-03-28 11:30:24,533.26
2022-03-28 11:30:29,533.33
2022-03-28 11:30:34,533.46
2022-03-28 11:30:39,533.52
2022-03-28 11:30:44,533.56
2022-03-28 11:30:49,533.68
2022-03-28 11:30:54,533.75
2022-03-28 11:30:59,533.78
2022-03-28 11:31:04,533.85
2022-03-28 11:31:09,533.91
2022-03-28 11:31:14,534.04
2022-03-28 11:31:19,534.07
2022-03-28 11:31:24,534.2
2022-03-28 11:31:29,534.2
2022-03-28 11:31:34,534.3
2022-03-28 11:31:39,534.36
2022-03-28 11:31:44,534.43
2022-03-28 11:31:49,534.56
2022-03-28 11:31:54,534.56
2022-03-28 11:31:59,534.59
2022-03-28 11:32:04,522.3070942996707
2022-03-28 11:32:09,534.79
2022-03-28 11:32:14,534.82
2022-03-28 11:32:19,522.3701627593055
2022-03-28 11:32:24,534.95
2022-03-28 11:32:29,535.01
2022-03-28 11:32:34,535.08
2022-03-28 11:32:39,535.11
2022-03-28 11:32:44,522.4753615428542
2022-03-28 11:32:49,535.3
2022-03-28 11:32:54,535.34
2022-03-28 11:32:59,522.5384644851147
2022-03-28 11:33:04,535.47
2022-03-28 11:33:09,535.53
2022-03-28 11:33:14,535.6
2022-03-28 11:33:19,535.63
2022-03-28 11:33:24,535.69
2022-03-28 11:33:29,535.76
2022-03-28 11:33:34,535.83
2022-03-28 11:33:39,535.86
2022-03-28 11:33:44,535.99
2022-03-28 11:33:49,535.99
2022-03-28 11:33:54,536.12
2022-03-28 11:33:59,536.12
2022-03-28 11:34:04,522.810658225307
2022-03-28 11:34:09,522.831451386757
2022-03-28 11:34:14,536.34
2022-03-28 11:34:19,536.34
2022-03-28 11:34:24,536.38
2022-03-28 11:34:29,536.5
2022-03-28 11:34:34,536.57
2022-03-28 11:34:39,536.57
2022-03-28 11:34:44,536.64
2022-03-28 11:34:49,536.67
2022-03-28 11:34:54,536.73
2022-03-28 11:34:59,536.8
2022-03-28 11:35:04,536.86
2022-03-28 11:35:09,536.96
2022-03-28 11:35:14,537.02
2022-03-28 11:35:19,537.02
2022-03-28 11:35:24,537.15
2022-03-28 11:35:29,537.18
2022-03-28 11:35:34,523.1793574078828
2022-03-28 11:35:39,537.31
2022-03-28 11:35:44,537.38
2022-03-28 11:35:49,537.41
2022-03-28 11:35:54,537.41
2022-03-28 11:35:59,537.47
2022-03-28 11:36:04,537.47
2022-03-28 11:36:09,523.3184824384384
2022-03-28 11:36:14,537.53
2022-03-28 11:36:19,537.6
2022-03-28 11:36:24,537.6
2022-03-28 11:36:29,537.66
2022-03-28 11:36:34,537.66
2022-03-28 11:36:39,537.66
2022-03-28 11:36:44,537.7
2022-03-28 11:36:49,537.66
2022-03-28 11:36:54,537.69
2022-03-28 11:36:59,523.5115846181245
2022-03-28 11:37:04,537.76
2022-03-28 11:37:09,537.69
2022-03-28 11:37:14,537.69
2022-03-28 11:37:19,537.69
2022-03-28 11:37:24,537.69
2022-03-28 11:37:29,537.66
2022-03-28 11:37:34,537.66
2022-03-28 11:37:39,537.66
2022-03-28 11:37:44,537.66
2022-03-28 11:37:49,537.59
2022-03-28 11:37:54,537.59
2022-03-28 11:37:59,537.59
2022-03-28 11:38:04,537.53
2022-03-28 11:38:09,537.46
2022-03-28 11:38:14,537.46
2022-03-28 11:38:19,537.39
2022-03-28 11:38:24,537.36
2022-03-28 11:38:29,537.39
2022-03-28 11:38:34,537.36
2022-03-28 11:38:39,537.36
2022-03-28 11:38:44,537.29
2022-03-28 11:38:49,537.23
2022-03-28 11:38:54,537.16
2022-03-28 11:38:59,537.16
2022-03-28 11:39:04,537.16
2022-03-28 11:39:09,537.16
2022-03-28 11:39:14,523.9961679296296
2022-03-28 11:39:19,537.15
2022-03-28 11:39:24,537.12
2022-03-28 11:39:29,537.12
2022-03-28 11:39:34,537.06
2022-03-28 11:39:39,537.06
2022-03-28 11:39:44,537.06
2022-03-28 11:39:49,536.99
2022-03-28 11:39:54,537.05
2022-03-28 11:39:59,536.99
2022-03-28 11:40:04,536.99
2022-03-28 11:40:09,536.99
2022-03-28 11:40:14,536.93
2022-03-28 11:40:19,536.99
2022-03-28 11:40:24,536.93
2022-03-28 11:40:29,536.92
2022-03-28 11:40:34,536.92
2022-03-28 11:40:39,524.2760352404532
2022-03-28 11:40:44,536.92
2022-03-28 11:40:49,536.86
2022-03-28 11:40:54,524.3235857666343
2022-03-28 11:40:59,536.86
2022-03-28 11:41:04,536.86
2022-03-28 11:41:09,536.86
2022-03-28 11:41:14,536.86
2022-03-28 11:41:19,536.83
2022-03-28 11:41:24,524.4171257971232
2022-03-28 11:41:29,536.86
2022-03-28 11:41:34,536.83
2022-03-28 11:41:39,536.83
2022-03-28 11:41:44,536.83
2022-03-28 11:41:49,536.83
2022-03-28 11:41:54,536.76
2022-03-28 11:41:59,536.76
2022-03-28 11:42:04,536.76
2022-03-28 11:42:09,536.76
2022-03-28 11:42:14,536.76
2022-03-28 11:42:19,536.76
2022-03-28 11:42:24,536.7
2022-03-28 11:42:29,536.77
2022-03-28 11:42:34,536.7
2022-03-28 11:42:39,524.6423707819938
2022-03-28 11:42:44,536.7
2022-03-28 11:42:49,536.63
2022-03-28 11:42:54,536.7
2022-03-28 11:42:59,536.64
2022-03-28 11:43:04,536.61
2022-03-28 11:43:09,536.6
2022-03-28 11:43:14,536.6
2022-03-28 11:43:19,536.61
2022-03-28 11:43:24,536.48
2022-03-28 11:43:29,536.54
2022-03-28 11:43:34,536.48
2022-03-28 11:43:39,536.48
2022-03-28 11:43:44,536.42
2022-03-28 11:43:49,536.35
2022-03-28 11:43:54,536.35
2022-03-28 11:43:59,536.32
2022-03-28 11:44:04,536.26
2022-03-28 11:44:09,536.19
2022-03-28 11:44:14,536.13
2022-03-28 11:44:19,536.13
2022-03-28 11:44:24,536.13
2022-03-28 11:44:29,536.03
2022-03-28 11:44:34,536.03
2022-03-28 11:44:39,536.04
2022-03-28 11:44:44,535.97
2022-03-28 11:44:49,535.91
2022-03-28 11:44:54,535.85
2022-03-28 11:44:59,535.85
2022-03-28 11:45:04,535.81
2022-03-28 11:45:09,535.75
2022-03-28 11:45:14,535.69
2022-03-28 11:45:19,535.69
2022-03-28 11:45:24,535.62
2022-03-28 11:45:29,535.59
2022-03-28 11:45:34,535.53
2022-03-28 11:45:39,535.46
2022-03-28 11:45:44,535.4
2022-03-28 11:45:49,535.34
2022-03-28 11:45:54,535.24
2022-03-28 11:45:59,535.24
2022-03-28 11:46:04,535.17
2022-03-28 11:46:09,535.11
2022-03-28 11:46:14,535.08
2022-03-28 11:46:19,535.01
2022-03-28 11:46:24,534.95
2022-03-28 11:46:29,534.88
2022-03-28 11:46:34,534.82
2022-03-28 11:46:39,534.72
2022-03-28 11:46:44,534.72
2022-03-28 11:46:49,534.66
2022-03-28 11:46:54,525.3323086305405
2022-03-28 11:46:59,534.56
2022-03-28 11:47:04,534.5
2022-03-28 11:47:09,534.5
2022-03-28 11:47:14,534.44
2022-03-28 11:47:19,534.43
2022-03-28 11:47:24,534.37
2022-03-28 11:47:29,534.37
2022-03-28 11:47:34,534.3
2022-03-28 11:47:39,534.3
2022-03-28 11:47:44,534.27
2022-03-28 11:47:49,534.27
2022-03-28 11:47:54,534.27
2022-03-28 11:47:59,525.49377021801
2022-03-28 11:48:04,534.21
2022-03-28 11:48:09,525.5182222340841
2022-03-28 11:48:14,534.2
2022-03-28 11:48:19,525.5425797330031
2022-03-28 11:48:24,534.21
2022-03-28 11:48:29,534.27
2022-03-28 11:48:34,525.5789457182378
2022-03-28 11:48:39,525.5910238998732
2022-03-28 11:48:44,534.27
2022-03-28 11:48:49,534.27
2022-03-28 11:48:54,534.3
2022-03-28 11:48:59,534.3
2022-03-28 11:49:04,534.3
2022-03-28 11:49:09,525.6630607746229
2022-03-28 11:49:14,534.3
2022-03-28 11:49:19,534.36
2022-03-28 11:49:24,534.36
2022-03-28 11:49:29,534.42
2022-03-28 11:49:34,534.36
2022-03-28 11:49:39,534.36
2022-03-28 11:49:44,534.42
2022-03-28 11:49:49,534.42
2022-03-28 11:49:54,534.42
2022-03-28 11:49:59,534.55
2022-03-28 11:50:04,534.54
2022-03-28 11:50:09,534.54
2022-03-28 11:50:14,534.58
2022-03-28 11:50:19,534.57
2022-03-28 11:50:24,534.64
2022-03-28 11:50:29,534.64
2022-03-28 11:50:34,534.7
2022-03-28 11:50:39,534.7
2022-03-28 11:50:44,534.76
2022-03-28 11:50:49,534.8
2022-03-28 11:50:54,534.79
2022-03-28 11:50:59,534.86
2022-03-28 11:51:04,534.93
2022-03-28 11:51:09,525.9452833489654
2022-03-28 11:51:14,534.92
2022-03-28 11:51:19,534.98
2022-03-28 11:51:24,535.05
2022-03-28 11:51:29,535.05
2022-03-28 11:51:34,535.08
2022-03-28 11:51:39,535.21
2022-03-28 11:51:44,535.21
2022-03-28 11:51:49,535.27
2022-03-28 11:51:54,535.27
2022-03-28 11:51:59,535.3
2022-03-28 11:52:04,535.3
2022-03-28 11:52:09,535.43
2022-03-28 11:52:14,535.5
2022-03-28 11:52:19,535.5
2022-03-28 11:52:24,535.56
2022-03-28 11:52:29,535.59
2022-03-28 11:52:34,535.59
2022-03-28 11:52:39,535.72
2022-03-28 11:52:44,535.72
2022-03-28 11:52:49,535.78
2022-03-28 11:52:54,535.82
2022-03-28 11:52:59,535.82
2022-03-28 11:53:04,535.88
2022-03-28 11:53:09,535.88
2022-03-28 11:53:14,535.88
2022-03-28 11:53:19,535.88
2022-03-28 11:53:24,535.95
2022-03-28 11:53:29,535.95
2022-03-28 11:53:34,536.01
2022-03-28 11:53:39,536.01
2022-03-28 11:53:44,536.01
2022-03-28 11:53:49,536.08
2022-03-28 11:53:54,536.08
2022-03-28 11:53:59,536.01
2022-03-28 11:54:04,536.11
2022-03-28 11:54:09,536.08
2022-03-28 11:54:14,536.01
2022-03-28 11:54:19,536.01
2022-03-28 11:54:24,536.02
2022-03-28 11:54:29,535.95
2022-03-28 11:54:34,536.02
2022-03-28 11:54:39,535.95
2022-03-28 11:54:44,535.95
2022-03-28 11:54:49,526.4836460240908
2022-03-28 11:54:54,535.89
2022-03-28 11:54:59,535.95
2022-03-28 11:55:04,535.89
2022-03-28 11:55:09,535.82
2022-03-28 11:55:14,526.5527290655826
2022-03-28 11:55:19,535.82
2022-03-28 11:55:24,535.79
2022-03-28 11:55:29,535.8
2022-03-28 11:55:34,535.73
2022-03-28 11:55:39,526.6244270051303
2022-03-28 11:55:44,535.73
2022-03-28 11:55:49,526.6539006703186
2022-03-28 11:55:54,535.67
2022-03-28 11:55:59,535.6
2022-03-28 11:56:04,535.57
2022-03-28 11:56:09,526.7143079106213
2022-03-28 11:56:14,535.51
2022-03-28 11:56:19,535.38
2022-03-28 11:56:24,535.38
2022-03-28 11:56:29,535.38
2022-03-28 11:56:34,535.29
2022-03-28 11:56:39,535.32
2022-03-28 11:56:44,535.28
2022-03-28 11:56:49,526.8414605742395
2022-03-28 11:56:54,535.16
2022-03-28 11:56:59,535.09
2022-03-28 11:57:04,535.06
2022-03-28 11:57:09,535.06
2022-03-28 11:57:14,535.06
2022-03-28 11:57:19,535.0
2022-03-28 11:57:24,534.93
2022-03-28 11:57:29,534.87
2022-03-28 11:57:34,534.81
2022-03-28 11:57:39,534.77
2022-03-28 11:57:44,534.71
2022-03-28 11:57:49,534.64
2022-03-28 11:57:54,534.64
2022-03-28 11:57:59,534.55
2022-03-28 11:58:04,534.48
2022-03-28 11:58:09,534.48
2022-03-28 11:58:14,534.42
2022-03-28 11:58:19,534.42
2022-03-28 11:58:24,534.35
2022-03-28 11:58:29,534.26
2022-03-28 11:58:34,534.29
2022-03-28 11:58:39,534.26
2022-03-28 11:58:44,534.19
2022-03-28 11:58:49,534.19
2022-03-28 11:58:54,534.19
2022-03-28 11:58:59,534.12
2022-03-28 11:59:04,534.12
2022-03-28 11:59:09,534.06
2022-03-28 11:59:14,534.13
2022-03-28 11:59:19,534.06
2022-03-28 11:59:24,534.06
2022-03-28 11:59:29,534.06
2022-03-28 11:59:34,534.06
2022-03-28 11:59:39,534.12
2022-03-28 11:59:44,534.12
2022-03-28 11:59:49,534.12
2022-03-28 11:59:54,534.12
2022-03-28 11:59:59,527.5932636281523
2022-03-28 12:00:04,534.19
2022-03-28 12:00:09,534.19
2022-03-28 12:00:14,534.19
2022-03-28 12:00:19,534.25
2022-03-28 12:00:24,534.28
2022-03-28 12:00:29,527.7393880480955
2022-03-28 12:00:34,534.28
2022-03-28 12:00:39,534.34
2022-03-28 12:00:44,527.8157251635075
2022-03-28 12:00:49,534.34
2022-03-28 12:00:54,534.47
2022-03-28 12:00:59,534.53
2022-03-28 12:01:04,534.53
2022-03-28 12:01:09,534.56
2022-03-28 12:01:14,534.56
2022-03-28 12:01:19,534.63
2022-03-28 12:01:24,534.69
2022-03-28 12:01:29,534.75
2022-03-28 12:01:34,534.75
2022-03-28 12:01:39,534.85
2022-03-28 12:01:44,534.85
2022-03-28 12:01:49,528.1734456527311
2022-03-28 12:01:54,535.04
2022-03-28 12:01:59,535.04
2022-03-28 12:02:04,535.13
2022-03-28 12:02:09,535.2
2022-03-28 12:02:14,535.26
2022-03-28 12:02:19,535.26
2022-03-28 12:02:24,535.29
2022-03-28 12:02:29,528.4168251518424
2022-03-28 12:02:34,535.42
2022-03-28 12:02:39,535.48
2022-03-28 12:02:44,535.54
2022-03-28 12:02:49,535.58
2022-03-28 12:02:54,535.64
2022-03-28 12:02:59,528.6118229747278
2022-03-28 12:03:04,535.77
2022-03-28 12:03:09,535.87
2022-03-28 12:03:14,528.7134981757192
2022-03-28 12:03:19,535.99
2022-03-28 12:03:24,535.99
2022-03-28 12:03:29,535.99
2022-03-28 12:03:34,536.09
2022-03-28 12:03:39,536.06
2022-03-28 12:03:44,536.15
2022-03-28 12:03:49,536.22
2022-03-28 12:03:54,536.22
2022-03-28 12:03:59,536.28
2022-03-28 12:04:04,536.28
2022-03-28 12:04:09,536.31
2022-03-28 12:04:14,536.38
2022-03-28 12:04:19,536.32
2022-03-28 12:04:24,536.38
2022-03-28 12:04:29,536.38
2022-03-28 12:04:34,536.44
2022-03-28 12:04:39,536.44
2022-03-28 12:04:44,536.44
2022-03-28 12:04:49,536.51
2022-03-28 12:04:54,536.51
2022-03-28 12:04:59,536.51
2022-03-28 12:05:04,536.51
2022-03-28 12:05:09,536.51
2022-03-28 12:05:14,536.51
2022-03-28 12:05:19,536.51
2022-03-28 12:05:24,536.51
2022-03-28 12:05:29,536.51
2022-03-28 12:05:34,536.38
2022-03-28 12:05:39,529.8525338632444
2022-03-28 12:05:44,536.38
2022-03-28 12:05:49,536.32
2022-03-28 12:05:54,529.9870955689681
2022-03-28 12:05:59,536.22
2022-03-28 12:06:04,536.28
2022-03-28 12:06:09,536.16
2022-03-28 12:06:14,536.09
2022-03-28 12:06:19,536.06
2022-03-28 12:06:24,536.06
2022-03-28 12:06:29,536.06
2022-03-28 12:06:34,535.93
2022-03-28 12:06:39,535.93
2022-03-28 12:06:44,535.87
2022-03-28 12:06:49,535.87
2022-03-28 12:06:54,535.87
2022-03-28 12:06:59,535.81
2022-03-28 12:07:04,535.81
2022-03-28 12:07:09,535.78
2022-03-28 12:07:14,535.78
2022-03-28 12:07:19,535.78
2022-03-28 12:07:24,535.78
2022-03-28 12:07:29,535.71
2022-03-28 12:07:34,535.71
2022-03-28 12:07:39,535.71
2022-03-28 12:07:44,535.71
2022-03-28 12:07:49,535.65
2022-03-28 12:07:54,535.71
2022-03-28 12:07:59,535.71
2022-03-28 12:08:04,535.65
2022-03-28 12:08:09,535.65
2022-03-28 12:08:14,535.65
2022-03-28 12:08:19,535.59
2022-03-28 12:08:24,535.65
2022-03-28 12:08:29,535.59
2022-03-28 12:08:34,535.59
2022-03-28 12:08:39,535.59
2022-03-28 12:08:44,535.65
2022-03-28 12:08:49,535.59
2022-03-28 12:08:54,531.7999560041978
2022-03-28 12:08:59,535.56
2022-03-28 12:09:04,535.56
2022-03-28 12:09:09,535.56
2022-03-28 12:09:14,535.56
2022-03-28 12:09:19,535.56
2022-03-28 12:09:24,535.56
2022-03-28 12:09:29,535.56
2022-03-28 12:09:34,535.56
2022-03-28 12:09:39,535.56
2022-03-28 12:09:44,535.49
2022-03-28 12:09:49,535.56
2022-03-28 12:09:54,535.49
2022-03-28 12:09:59,535.56
2022-03-28 12:10:04,535.49
2022-03-28 12:10:09,535.49
2022-03-28 12:10:14,535.49
2022-03-28 12:10:19,535.49
2022-03-28 12:10:24,535.43
2022-03-28 12:10:29,535.36
2022-03-28 12:10:34,535.36
2022-03-28 12:10:39,535.36
2022-03-28 12:10:44,535.36
2022-03-28 12:10:49,535.26
2022-03-28 12:10:54,535.26
2022-03-28 12:10:59,535.26
2022-03-28 12:11:04,535.2
2022-03-28 12:11:09,533.3271512701687
2022-03-28 12:11:14,535.13
2022-03-28 12:11:19,535.13
2022-03-28 12:11:24,535.07
2022-03-28 12:11:29,535.07
2022-03-28 12:11:34,535.06
2022-03-28 12:11:39,535.03
2022-03-28 12:11:44,534.97
2022-03-28 12:11:49,534.97
2022-03-28 12:11:54,534.97
2022-03-28 12:11:59,534.9
2022-03-28 12:12:04,534.9
2022-03-28 12:12:09,534.84
2022-03-28 12:12:14,534.0881734535983
2022-03-28 12:12:19,534.77
2022-03-28 12:12:24,534.77
2022-03-28 12:12:29,534.73
2022-03-28 12:12:34,534.73
2022-03-28 12:12:39,534.67
2022-03-28 12:12:44,534.67
2022-03-28 12:12:49,534.67
2022-03-28 12:12:54,534.6
2022-03-28 12:12:59,534.6
2022-03-28 12:13:04,534.6
2022-03-28 12:13:09,534.53
2022-03-28 12:13:14,534.5
2022-03-28 12:13:19,534.44
2022-03-28 12:13:24,534.44
2022-03-28 12:13:29,534.37
2022-03-28 12:13:34,534.3
2022-03-28 12:13:39,534.3
2022-03-28 12:13:44,535.148586419662
2022-03-28 12:13:49,535.2073335141582
2022-03-28 12:13:54,534.21
2022-03-28 12:13:59,534.2
2022-03-28 12:14:04,535.3833003122922
2022-03-28 12:14:09,534.14
2022-03-28 12:14:14,534.07
2022-03-28 12:14:19,534.07
2022-03-28 12:14:24,534.01
2022-03-28 12:14:29,534.01
2022-03-28 12:14:34,534.01
2022-03-28 12:14:39,533.98
2022-03-28 12:14:44,533.97
2022-03-28 12:14:49,533.91
2022-03-28 12:14:54,533.91
2022-03-28 12:14:59,533.91
2022-03-28 12:15:04,533.91
2022-03-28 12:15:09,533.84
2022-03-28 12:15:14,533.84
2022-03-28 12:15:19,533.78
2022-03-28 12:15:24,533.78
2022-03-28 12:15:29,533.72
2022-03-28 12:15:34,533.71
2022-03-28 12:15:39,533.68
2022-03-28 12:15:44,533.68
2022-03-28 12:15:49,533.62
2022-03-28 12:15:54,533.61
2022-03-28 12:15:59,536.7082765634103
2022-03-28 12:16:04,533.55
2022-03-28 12:16:09,533.48
2022-03-28 12:16:14,533.55
2022-03-28 12:16:19,533.48
2022-03-28 12:16:24,533.48
2022-03-28 12:16:29,537.0433146750194
2022-03-28 12:16:34,533.46
2022-03-28 12:16:39,533.45
2022-03-28 12:16:44,533.48
2022-03-28 12:16:49,533.48
2022-03-28 12:16:54,533.48
2022-03-28 12:16:59,533.45
2022-03-28 12:17:04,533.45
2022-03-28 12:17:09,533.49
2022-03-28 12:17:14,533.45
2022-03-28 12:17:19,533.48
2022-03-28 12:17:24,533.45
2022-03-28 12:17:29,533.48
2022-03-28 12:17:34,533.48
2022-03-28 12:17:39,533.49
2022-03-28 12:17:44,533.49
2022-03-28 12:17:49,533.49
2022-03-28 12:17:54,533.55
2022-03-28 12:17:59,533.49
2022-03-28 12:18:04,533.62
2022-03-28 12:18:09,533.55
2022-03-28 12:18:14,533.62
2022-03-28 12:18:19,533.62
2022-03-28 12:18:24,533.68
2022-03-28 12:18:29,533.69
2022-03-28 12:18:34,533.68
2022-03-28 12:18:39,533.72
2022-03-28 12:18:44,533.72
2022-03-28 12:18:49,538.5137540526952
2022-03-28 12:18:54,533.78
2022-03-28 12:18:59,533.85
2022-03-28 12:19:04,533.91
2022-03-28 12:19:09,538.7081628649846
2022-03-28 12:19:14,533.91
2022-03-28 12:19:19,533.91
2022-03-28 12:19:24,533.91
2022-03-28 12:19:29,533.98
2022-03-28 12:19:34,533.98
2022-03-28 12:19:39,534.01
2022-03-28 12:19:44,534.08
2022-03-28 12:19:49,534.07
2022-03-28 12:19:54,534.14
2022-03-28 12:19:59,534.07
2022-03-28 12:20:04,534.14
2022-03-28 12:20:09,534.2
2022-03-28 12:20:14,539.3088501104693
2022-03-28 12:20:19,534.2
2022-03-28 12:20:24,534.23
2022-03-28 12:20:29,534.23
2022-03-28 12:20:34,534.23
2022-03-28 12:20:39,534.3
2022-03-28 12:20:44,534.3
2022-03-28 12:20:49,539.613444431323
2022-03-28 12:20:54,534.3
2022-03-28 12:20:59,534.37
2022-03-28 12:21:04,534.37
2022-03-28 12:21:09,534.49
2022-03-28 12:21:14,534.49
2022-03-28 12:21:19,534.52
2022-03-28 12:21:24,539.9055933169936
2022-03-28 12:21:29,534.59
2022-03-28 12:21:34,534.65
2022-03-28 12:21:39,534.72
2022-03-28 12:21:44,534.72
2022-03-28 12:21:49,534.75
2022-03-28 12:21:54,540.1465441141559
2022-03-28 12:21:59,534.81
2022-03-28 12:22:04,540.2249881705161
2022-03-28 12:22:09,534.94
2022-03-28 12:22:14,535.01
2022-03-28 12:22:19,535.04
2022-03-28 12:22:24,540.3791487569566
2022-03-28 12:22:29,535.1
2022-03-28 12:22:34,535.1
2022-03-28 12:22:39,535.16
2022-03-28 12:22:44,535.23
2022-03-28 12:22:49,535.23
2022-03-28 12:22:54,535.26
2022-03-28 12:22:59,540.6404632390139
2022-03-28 12:23:04,535.32
2022-03-28 12:23:09,535.32
2022-03-28 12:23:14,535.38
2022-03-28 12:23:19,535.38
2022-03-28 12:23:24,535.38
2022-03-28 12:23:29,535.45
2022-03-28 12:23:34,535.51
2022-03-28 12:23:39,535.51
2022-03-28 12:23:44,535.51
2022-03-28 12:23:49,535.51
2022-03-28 12:23:54,535.51
2022-03-28 12:23:59,535.5
2022-03-28 12:24:04,541.0989452998814
2022-03-28 12:24:09,535.44
2022-03-28 12:24:14,535.44
2022-03-28 12:24:19,535.44
2022-03-28 12:24:24,541.233466683048
2022-03-28 12:24:29,535.37
2022-03-28 12:24:34,535.37
2022-03-28 12:24:39,541.3324541938925
2022-03-28 12:24:44,535.3
2022-03-28 12:24:49,535.24
2022-03-28 12:24:54,535.24
2022-03-28 12:24:59,535.21
2022-03-28 12:25:04,535.2
2022-03-28 12:25:09,535.21
2022-03-28 12:25:14,535.07
2022-03-28 12:25:19,535.07
2022-03-28 12:25:24,535.07
2022-03-28 12:25:29,535.0
2022-03-28 12:25:34,534.97
2022-03-28 12:25:39,534.97
2022-03-28 12:25:44,534.84
2022-03-28 12:25:49,534.78
2022-03-28 12:25:54,534.78
2022-03-28 12:25:59,534.71
2022-03-28 12:26:04,534.68
2022-03-28 12:26:09,534.61
2022-03-28 12:26:14,541.9245722055807
2022-03-28 12:26:19,534.48
2022-03-28 12:26:24,534.48
2022-03-28 12:26:29,534.45
2022-03-28 12:26:34,534.38
2022-03-28 12:26:39,542.0713215869043
2022-03-28 12:26:44,534.26
2022-03-28 12:26:49,534.19
2022-03-28 12:26:54,534.19
2022-03-28 12:26:59,534.19
2022-03-28 12:27:04,534.16
2022-03-28 12:27:09,534.09
2022-03-28 12:27:14,534.09
2022-03-28 12:27:19,534.03
2022-03-28 12:27:24,534.03
2022-03-28 12:27:29,533.96
2022-03-28 12:27:34,533.93
2022-03-28 12:27:39,533.87
2022-03-28 12:27:44,533.87
2022-03-28 12:27:49,533.8
2022-03-28 12:27:54,533.8
2022-03-28 12:27:59,533.67
2022-03-28 12:28:04,533.68
2022-03-28 12:28:09,533.64
2022-03-28 12:28:14,533.64
2022-03-28 12:28:19,533.58
2022-03-28 12:28:24,533.51
2022-03-28 12:28:29,533.51
2022-03-28 12:28:34,533.45
2022-03-28 12:28:39,533.45
2022-03-28 12:28:44,533.42
2022-03-28 12:28:49,533.42
2022-03-28 12:28:54,533.42
2022-03-28 12:28:59,533.35
2022-03-28 12:29:04,533.35
2022-03-28 12:29:09,542.8885472947256
2022-03-28 12:29:14,533.29
2022-03-28 12:29:19,533.23
2022-03-28 12:29:24,533.23
2022-03-28 12:29:29,533.23
2022-03-28 12:29:34,533.16
2022-03-28 12:29:39,533.23
2022-03-28 12:29:44,533.13
2022-03-28 12:29:49,533.13
2022-03-28 12:29:54,533.13
2022-03-28 12:29:59,533.13
2022-03-28 12:30:04,533.07
2022-03-28 12:30:09,533.01
2022-03-28 12:30:14,533.01
2022-03-28 12:30:19,543.2413723631162
2022-03-28 12:30:24,532.94
2022-03-28 12:30:29,533.01
2022-03-28 12:30:34,532.91
2022-03-28 12:30:39,532.91
2022-03-28 12:30:44,532.94
2022-03-28 12:30:49,532.91
2022-03-28 12:30:54,532.85
2022-03-28 12:30:59,532.85
2022-03-28 12:31:04,532.85
2022-03-28 12:31:09,532.78
2022-03-28 12:31:14,532.78
2022-03-28 12:31:19,532.85
2022-03-28 12:31:24,532.78
2022-03-28 12:31:29,532.78
2022-03-28 12:31:34,532.72
2022-03-28 12:31:39,543.6305354288775
2022-03-28 12:31:44,532.72
2022-03-28 12:31:49,532.72
2022-03-28 12:31:54,532.72
2022-03-28 12:31:59,532.72
2022-03-28 12:32:04,532.72
2022-03-28 12:32:09,532.66
2022-03-28 12:32:14,532.72
2022-03-28 12:32:19,532.72
2022-03-28 12:32:24,532.72
2022-03-28 12:32:29,532.72
2022-03-28 12:32:34,532.72
2022-03-28 12:32:39,532.72
2022-03-28 12:32:44,532.65
2022-03-28 12:32:49,532.72
2022-03-28 12:32:54,543.9876921607162
2022-03-28 12:32:59,532.65
2022-03-28 12:33:04,532.65
2022-03-28 12:33:09,532.72
2022-03-28 12:33:14,532.72
2022-03-28 12:33:19,532.72
2022-03-28 12:33:24,532.72
2022-03-28 12:33:29,532.78
2022-03-28 12:33:34,532.78
2022-03-28 12:33:39,532.71
2022-03-28 12:33:44,532.71
2022-03-28 12:33:49,532.71
2022-03-28 12:33:54,532.71
2022-03-28 12:33:59,532.71
2022-03-28 12:34:04,532.71
2022-03-28 12:34:09,532.65
2022-03-28 12:34:14,544.3662817561724
2022-03-28 12:34:19,532.65
2022-03-28 12:34:24,532.61
2022-03-28 12:34:29,532.61
2022-03-28 12:34:34,544.460626145213
2022-03-28 12:34:39,532.61
2022-03-28 12:34:44,532.61
2022-03-28 12:34:49,532.61
2022-03-28 12:34:54,532.55
2022-03-28 12:34:59,532.54
2022-03-28 12:35:04,532.54
2022-03-28 12:35:09,532.54
2022-03-28 12:35:14,532.48
2022-03-28 12:35:19,544.672028578851
2022-03-28 12:35:24,532.41
2022-03-28 12:35:29,532.41
2022-03-28 12:35:34,532.38
2022-03-28 12:35:39,544.7654839070339
2022-03-28 12:35:44,532.25
2022-03-28 12:35:49,532.18
2022-03-28 12:35:54,532.18
2022-03-28 12:35:59,532.11
2022-03-28 12:36:04,532.01
2022-03-28 12:36:09,531.95
2022-03-28 12:36:14,531.95
2022-03-28 12:36:19,531.85
2022-03-28 12:36:24,531.79
2022-03-28 12:36:29,531.66
2022-03-28 12:36:34,531.66
2022-03-28 12:36:39,531.56
2022-03-28 12:36:44,531.5
2022-03-28 12:36:49,531.43
2022-03-28 12:36:54,531.36
2022-03-28 12:36:59,531.27
2022-03-28 12:37:04,531.26
2022-03-28 12:37:09,531.14
2022-03-28 12:37:14,531.07
2022-03-28 12:37:19,530.97
2022-03-28 12:37:24,530.85
2022-03-28 12:37:29,530.81
2022-03-28 12:37:34,530.68
2022-03-28 12:37:39,530.62
2022-03-28 12:37:44,530.52
2022-03-28 12:37:49,530.39
2022-03-28 12:37:54,530.33
2022-03-28 12:37:59,530.23
2022-03-28 12:38:04,530.17
2022-03-28 12:38:09,545.4509313195172
2022-03-28 12:38:14,529.94
2022-03-28 12:38:19,545.4953613329297
2022-03-28 12:38:24,529.78
2022-03-28 12:38:29,529.59
2022-03-28 12:38:34,529.52
2022-03-28 12:38:39,529.43
2022-03-28 12:38:44,529.3
2022-03-28 12:38:49,545.6274672046961
2022-03-28 12:38:54,529.07
2022-03-28 12:38:59,528.97
2022-03-28 12:39:04,528.84
2022-03-28 12:39:09,528.75
2022-03-28 12:39:14,528.62
2022-03-28 12:39:19,528.49
2022-03-28 12:39:24,528.39
2022-03-28 12:39:29,528.27
2022-03-28 12:39:34,528.23
2022-03-28 12:39:39,528.04
2022-03-28 12:39:44,527.94
2022-03-28 12:39:49,527.88
2022-03-28 12:39:54,527.75
2022-03-28 12:39:59,527.65
2022-03-28 12:40:04,545.9490300982678
2022-03-28 12:40:09,527.46
2022-03-28 12:40:14,527.37
2022-03-28 12:40:19,527.24
2022-03-28 12:40:24,527.2
2022-03-28 12:40:29,546.0531212662287
2022-03-28 12:40:34,527.01
2022-03-28 12:40:39,527.01
2022-03-28 12:40:44,526.91
2022-03-28 12:40:49,526.85
2022-03-28 12:40:54,546.1555036297223
2022-03-28 12:40:59,546.1757665676382
2022-03-28 12:41:04,526.72
2022-03-28 12:41:09,526.69
2022-03-28 12:41:14,526.69
2022-03-28 12:41:19,526.63
2022-03-28 12:41:24,526.63
2022-03-28 12:41:29,526.69
2022-03-28 12:41:34,526.69
2022-03-28 12:41:39,526.7
2022-03-28 12:41:44,526.7
2022-03-28 12:41:49,526.7
2022-03-28 12:41:54,526.73
2022-03-28 12:41:59,526.73
2022-03-28 12:42:04,526.8
2022-03-28 12:42:09,526.86
2022-03-28 12:42:14,526.93
2022-03-28 12:42:19,526.96
2022-03-28 12:42:24,527.02
2022-03-28 12:42:29,527.09
2022-03-28 12:42:34,527.22
2022-03-28 12:42:39,527.22
2022-03-28 12:42:44,546.5832436969986
2022-03-28 12:42:49,527.44
2022-03-28 12:42:54,527.48
2022-03-28 12:42:59,527.54
2022-03-28 12:43:04,527.61
2022-03-28 12:43:09,527.77
2022-03-28 12:43:14,527.83
2022-03-28 12:43:19,546.7106839791148
2022-03-28 12:43:24,527.99
2022-03-28 12:43:29,528.12
2022-03-28 12:43:34,528.19
2022-03-28 12:43:39,528.35
2022-03-28 12:43:44,528.47
2022-03-28 12:43:49,528.57
2022-03-28 12:43:54,528.64
2022-03-28 12:43:59,528.76
2022-03-28 12:44:04,528.93
2022-03-28 12:44:09,528.99
2022-03-28 12:44:14,529.15
2022-03-28 12:44:19,529.28
2022-03-28 12:44:24,529.38
2022-03-28 12:44:29,529.51
2022-03-28 12:44:34,529.6
2022-03-28 12:44:39,529.8
2022-03-28 12:44:44,529.89
2022-03-28 12:44:49,530.05
2022-03-28 12:44:54,530.18
2022-03-28 12:44:59,530.31
2022-03-28 12:45:04,547.0641474024318
2022-03-28 12:45:09,530.63
2022-03-28 12:45:14,530.83
2022-03-28 12:45:19,530.92
2022-03-28 12:45:24,531.05
2022-03-28 12:45:29,531.21
2022-03-28 12:45:34,531.34
2022-03-28 12:45:39,531.43
2022-03-28 12:45:44,531.56
2022-03-28 12:45:49,531.66
2022-03-28 12:45:54,531.85
2022-03-28 12:45:59,547.2302562425697
2022-03-28 12:46:04,532.11
2022-03-28 12:46:09,532.24
2022-03-28 12:46:14,532.36
2022-03-28 12:46:19,532.46
2022-03-28 12:46:24,532.59
2022-03-28 12:46:29,532.75
2022-03-28 12:46:34,547.3285156466102
2022-03-28 12:46:39,532.97
2022-03-28 12:46:44,533.04
2022-03-28 12:46:49,533.2
2022-03-28 12:46:54,533.39
2022-03-28 12:46:59,533.42
2022-03-28 12:47:04,533.62
2022-03-28 12:47:09,533.64
2022-03-28 12:47:14,533.77
2022-03-28 12:47:19,533.9
2022-03-28 12:47:24,533.93
2022-03-28 12:47:29,534.13
2022-03-28 12:47:34,534.22
2022-03-28 12:47:39,534.35
2022-03-28 12:47:44,534.45
2022-03-28 12:47:49,534.64
2022-03-28 12:47:54,547.5298042178576
2022-03-28 12:47:59,534.8
2022-03-28 12:48:04,534.93
2022-03-28 12:48:09,535.09
2022-03-28 12:48:14,535.15
2022-03-28 12:48:19,535.31
2022-03-28 12:48:24,535.38
2022-03-28 12:48:29,535.47
2022-03-28 12:48:34,535.6
2022-03-28 12:48:39,535.76
2022-03-28 12:48:44,535.82
2022-03-28 12:48:49,535.89
2022-03-28 12:48:54,536.05
2022-03-28 12:48:59,547.668644033376
2022-03-28 12:49:04,536.18
2022-03-28 12:49:09,536.28
2022-03-28 12:49:14,536.4
2022-03-28 12:49:19,536.47
2022-03-28 12:49:24,547.7161161708964
2022-03-28 12:49:29,536.63
2022-03-28 12:49:34,536.69
2022-03-28 12:49:39,536.72
2022-03-28 12:49:44,547.7517190409857
2022-03-28 12:49:49,536.85
2022-03-28 12:49:54,536.92
2022-03-28 12:49:59,547.7770346855702
2022-03-28 12:50:04,537.08
2022-03-28 12:50:09,537.14
2022-03-28 12:50:14,537.21
2022-03-28 12:50:19,537.3
2022-03-28 12:50:24,537.3
2022-03-28 12:50:29,537.3
2022-03-28 12:50:34,547.831478222525
2022-03-28 12:50:39,537.37
2022-03-28 12:50:44,537.37
2022-03-28 12:50:49,537.37
2022-03-28 12:50:54,537.43
2022-03-28 12:50:59,537.43
2022-03-28 12:51:04,537.43
2022-03-28 12:51:09,537.44
2022-03-28 12:51:14,537.5
2022-03-28 12:51:19,537.43
2022-03-28 12:51:24,537.37
2022-03-28 12:51:29,537.37
2022-03-28 12:51:34,537.31
2022-03-28 12:51:39,537.31
2022-03-28 12:51:44,547.920901663347
2022-03-28 12:51:49,537.24
2022-03-28 12:51:54,537.21
2022-03-28 12:51:59,547.9366817305053
2022-03-28 12:52:04,537.15
2022-03-28 12:52:09,537.15
2022-03-28 12:52:14,537.09
2022-03-28 12:52:19,537.09
2022-03-28 12:52:24,547.9603250789604
2022-03-28 12:52:29,547.9646549802677
2022-03-28 12:52:34,536.99
2022-03-28 12:52:39,536.86
2022-03-28 12:52:44,536.86
2022-03-28 12:52:49,536.8
2022-03-28 12:52:54,536.7
2022-03-28 12:52:59,536.7
2022-03-28 12:53:04,536.58
2022-03-28 12:53:09,536.51
2022-03-28 12:53:14,536.48
2022-03-28 12:53:19,536.42
2022-03-28 12:53:24,536.35
2022-03-28 12:53:29,536.29
2022-03-28 12:53:34,536.19
2022-03-28 12:53:39,536.13
2022-03-28 12:53:44,536.07
2022-03-28 12:53:49,536.0
2022-03-28 12:53:54,535.97
2022-03-28 12:53:59,535.91
2022-03-28 12:54:04,535.78
2022-03-28 12:54:09,535.78
2022-03-28 12:54:14,535.68
2022-03-28 12:54:19,535.68
2022-03-28 12:54:24,535.56
2022-03-28 12:54:29,548.0286111524224
2022-03-28 12:54:34,535.46
2022-03-28 12:54:39,548.0304709065443
2022-03-28 12:54:44,535.27
2022-03-28 12:54:49,535.2
2022-03-28 12:54:54,535.17
2022-03-28 12:54:59,535.11
2022-03-28 12:55:04,535.11
2022-03-28 12:55:09,534.98
2022-03-28 12:55:14,534.95
2022-03-28 12:55:19,534.88
2022-03-28 12:55:24,534.82
2022-03-28 12:55:29,534.75
2022-03-28 12:55:34,534.69
2022-03-28 12:55:39,534.69
2022-03-28 12:55:44,534.59
2022-03-28 12:55:49,534.59
2022-03-28 12:55:54,534.46
2022-03-28 12:55:59,534.43
2022-03-28 12:56:04,548.02465993786
2022-03-28 12:56:09,548.0231116565207
2022-03-28 12:56:14,534.24
2022-03-28 12:56:19,534.24
2022-03-28 12:56:24,534.14
2022-03-28 12:56:29,534.17
2022-03-28 12:56:34,534.14
2022-03-28 12:56:39,534.01
2022-03-28 12:56:44,534.01
2022-03-28 12:56:49,533.94
2022-03-28 12:56:54,548.0031334023944
2022-03-28 12:56:59,533.85
2022-03-28 12:57:04,533.85
2022-03-28 12:57:09,533.78
2022-03-28 12:57:14,533.78
2022-03-28 12:57:19,533.72
2022-03-28 12:57:24,533.72
2022-03-28 12:57:29,533.72
2022-03-28 12:57:34,533.66
2022-03-28 12:57:39,533.65
2022-03-28 12:57:44,533.62
2022-03-28 12:57:49,533.55
2022-03-28 12:57:54,533.55
2022-03-28 12:57:59,533.55
2022-03-28 12:58:04,533.49
2022-03-28 12:58:09,533.48
2022-03-28 12:58:14,547.9407066271394
2022-03-28 12:58:19,533.39
2022-03-28 12:58:24,533.39
2022-03-28 12:58:29,533.32
2022-03-28 12:58:34,533.25
2022-03-28 12:58:39,533.19
2022-03-28 12:58:44,533.19
2022-03-28 12:58:49,547.9025394662915
2022-03-28 12:58:54,533.12
2022-03-28 12:58:59,547.8904187952479
2022-03-28 12:59:04,533.09
2022-03-28 12:59:09,533.09
2022-03-28 12:59:14,533.09
2022-03-28 12:59:19,533.09
2022-03-28 12:59:24,547.8577508208472
2022-03-28 12:59:29,533.02
2022-03-28 12:59:34,533.08
2022-03-28 12:59:39,533.09
2022-03-28 12:59:44,533.02
2022-03-28 12:59:49,533.08
2022-03-28 12:59:54,533.08
2022-03-28 12:59:59,533.08
2022-03-28 13:00:04,533.11
2022-03-28 13:00:09,533.11
2022-03-28 13:00:14,533.11
2022-03-28 13:00:19,533.11
2022-03-28 13:00:24,533.18
2022-03-28 13:00:29,533.24
2022-03-28 13:00:34,533.3
2022-03-28 13:00:39,533.37
2022-03-28 13:00:44,547.7304605230161
2022-03-28 13:00:49,533.4
2022-03-28 13:00:54,533.47
2022-03-28 13:00:59,533.53
2022-03-28 13:01:04,533.63
2022-03-28 13:01:09,533.63
2022-03-28 13:01:14,533.69
2022-03-28 13:01:19,533.76
2022-03-28 13:01:24,533.76
2022-03-28 13:01:29,533.88
2022-03-28 13:01:34,533.88
2022-03-28 13:01:39,533.88
2022-03-28 13:01:44,533.92
2022-03-28 13:01:49,533.92
2022-03-28 13:01:54,533.92
2022-03-28 13:01:59,533.98
2022-03-28 13:02:04,534.05
2022-03-28 13:02:09,534.05
2022-03-28 13:02:14,534.11
2022-03-28 13:02:19,534.11
2022-03-28 13:02:24,547.522015000469
2022-03-28 13:02:29,534.15
2022-03-28 13:02:34,534.15
2022-03-28 13:02:39,534.21
2022-03-28 13:02:44,534.27
2022-03-28 13:02:49,534.34
2022-03-28 13:02:54,534.34
2022-03-28 13:02:59,534.41
2022-03-28 13:03:04,534.41
2022-03-28 13:03:09,534.44
2022-03-28 13:03:14,534.5
2022-03-28 13:03:19,534.5
2022-03-28 13:03:24,547.3681336233709
2022-03-28 13:03:29,547.3542353812428
2022-03-28 13:03:34,534.63
2022-03-28 13:03:39,534.67
2022-03-28 13:03:44,534.67
2022-03-28 13:03:49,547.2969085092082
2022-03-28 13:03:54,534.86
2022-03-28 13:03:59,534.86
2022-03-28 13:04:04,534.86
2022-03-28 13:04:09,547.2367393098333
2022-03-28 13:04:14,534.96
2022-03-28 13:04:19,535.03
2022-03-28 13:04:24,535.09
2022-03-28 13:04:29,535.09
2022-03-28 13:04:34,535.16
2022-03-28 13:04:39,535.19
2022-03-28 13:04:44,535.25
2022-03-28 13:04:49,535.25
2022-03-28 13:04:54,535.32
2022-03-28 13:04:59,535.39
2022-03-28 13:05:04,535.39
2022-03-28 13:05:09,535.45
2022-03-28 13:05:14,535.45
2022-03-28 13:05:19,535.48
2022-03-28 13:05:24,535.49
2022-03-28 13:05:29,535.61
2022-03-28 13:05:34,535.61
2022-03-28 13:05:39,535.61
2022-03-28 13:05:44,535.71
2022-03-28 13:05:49,535.78
2022-03-28 13:05:54,535.71
2022-03-28 13:05:59,535.84
2022-03-28 13:06:04,546.8310566620244
2022-03-28 13:06:09,535.91
2022-03-28 13:06:14,535.97
2022-03-28 13:06:19,535.97
2022-03-28 13:06:24,536.0
2022-03-28 13:06:29,536.07
2022-03-28 13:06:34,536.07
2022-03-28 13:06:39,536.13
2022-03-28 13:06:44,536.13
2022-03-28 13:06:49,536.13
2022-03-28 13:06:54,536.2
2022-03-28 13:06:59,536.23
2022-03-28 13:07:04,536.23
2022-03-28 13:07:09,536.23
2022-03-28 13:07:14,536.23
2022-03-28 13:07:19,536.23
2022-03-28 13:07:24,536.23
2022-03-28 13:07:29,536.3
2022-03-28 13:07:34,536.3
2022-03-28 13:07:39,546.4105214647326
2022-03-28 13:07:44,546.3860442311681
2022-03-28 13:07:49,536.23
2022-03-28 13:07:54,536.3
2022-03-28 13:07:59,536.3
2022-03-28 13:08:04,546.285678025274
2022-03-28 13:08:09,536.23
2022-03-28 13:08:14,536.23
2022-03-28 13:08:19,536.23
2022-03-28 13:08:24,536.3
2022-03-28 13:08:29,536.23
2022-03-28 13:08:34,536.23
2022-03-28 13:08:39,536.23
2022-03-28 13:08:44,536.2
2022-03-28 13:08:49,536.2
2022-03-28 13:08:54,536.23
2022-03-28 13:08:59,536.13
2022-03-28 13:09:04,536.13
2022-03-28 13:09:09,536.06
2022-03-28 13:09:14,536.06
2022-03-28 13:09:19,536.0
2022-03-28 13:09:24,545.8433082824063
2022-03-28 13:09:29,536.0
2022-03-28 13:09:34,535.97
2022-03-28 13:09:39,535.9
2022-03-28 13:09:44,535.84
2022-03-28 13:09:49,535.9
2022-03-28 13:09:54,535.77
2022-03-28 13:09:59,535.77
2022-03-28 13:10:04,535.71
2022-03-28 13:10:09,535.71
2022-03-28 13:10:14,545.5317480666829
2022-03-28 13:10:19,545.499037718965
2022-03-28 13:10:24,535.61
2022-03-28 13:10:29,535.61
2022-03-28 13:10:34,535.6
2022-03-28 13:10:39,535.54
2022-03-28 13:10:44,535.48
2022-03-28 13:10:49,535.48
2022-03-28 13:10:54,535.44
2022-03-28 13:10:59,535.45
2022-03-28 13:11:04,535.44
2022-03-28 13:11:09,545.155844908322
2022-03-28 13:11:14,535.38
2022-03-28 13:11:19,535.38
2022-03-28 13:11:24,535.32
2022-03-28 13:11:29,535.25
2022-03-28 13:11:34,535.31
2022-03-28 13:11:39,535.31
2022-03-28 13:11:44,544.8976978497176
2022-03-28 13:11:49,535.32
2022-03-28 13:11:54,535.31
2022-03-28 13:11:59,535.25
2022-03-28 13:12:04,535.31
2022-03-28 13:12:09,535.32
2022-03-28 13:12:14,535.32
2022-03-28 13:12:19,535.32
2022-03-28 13:12:24,535.32
2022-03-28 13:12:29,535.32
2022-03-28 13:12:34,535.32
2022-03-28 13:12:39,535.32
2022-03-28 13:12:44,544.419278027929
2022-03-28 13:12:49,535.32
2022-03-28 13:12:54,535.32
2022-03-28 13:12:59,535.32
2022-03-28 13:13:04,535.32
2022-03-28 13:13:09,535.32
2022-03-28 13:13:14,535.32
2022-03-28 13:13:19,535.32
2022-03-28 13:13:24,535.32
2022-03-28 13:13:29,535.38
2022-03-28 13:13:34,535.32
2022-03-28 13:13:39,535.32
2022-03-28 13:13:44,535.32
2022-03-28 13:13:49,535.32
2022-03-28 13:13:54,535.39
2022-03-28 13:13:59,535.39
2022-03-28 13:14:04,535.32
2022-03-28 13:14:09,535.32
2022-03-28 13:14:14,535.32
2022-03-28 13:14:19,535.39
2022-03-28 13:14:24,535.32
2022-03-28 13:14:29,535.33
2022-03-28 13:14:34,535.33
2022-03-28 13:14:39,535.27
2022-03-28 13:14:44,535.33
2022-03-28 13:14:49,535.27
2022-03-28 13:14:54,535.27
2022-03-28 13:14:59,535.27
2022-03-28 13:15:04,535.27
2022-03-28 13:15:09,535.27
2022-03-28 13:15:14,535.2
2022-03-28 13:15:19,535.2
2022-03-28 13:15:24,535.2
2022-03-28 13:15:29,535.2
2022-03-28 13:15:34,535.21
2022-03-28 13:15:39,542.744012551311
2022-03-28 13:15:44,535.11
2022-03-28 13:15:49,535.11
2022-03-28 13:15:54,535.18
2022-03-28 13:15:59,535.11
2022-03-28 13:16:04,535.11
2022-03-28 13:16:09,535.05
2022-03-28 13:16:14,535.06
2022-03-28 13:16:19,535.05
2022-03-28 13:16:24,534.99
2022-03-28 13:16:29,534.99
2022-03-28 13:16:34,535.06
2022-03-28 13:16:39,534.99
2022-03-28 13:16:44,535.06
2022-03-28 13:16:49,535.06
2022-03-28 13:16:54,535.06
2022-03-28 13:16:59,535.06
2022-03-28 13:17:04,535.06
2022-03-28 13:17:09,535.06
2022-03-28 13:17:14,535.06
2022-03-28 13:17:19,535.06
2022-03-28 13:17:24,535.06
2022-03-28 13:17:29,535.13
2022-03-28 13:17:34,535.13
2022-03-28 13:17:39,535.13
2022-03-28 13:17:44,535.13
2022-03-28 13:17:49,535.19
2022-03-28 13:17:54,535.19
2022-03-28 13:17:59,535.22
2022-03-28 13:18:04,535.2
2022-03-28 13:18:09,535.29
2022-03-28 13:18:14,535.23
2022-03-28 13:18:19,535.29
2022-03-28 13:18:24,540.7766945506272
2022-03-28 13:18:29,535.35
2022-03-28 13:18:34,535.42
2022-03-28 13:18:39,535.42
2022-03-28 13:18:44,535.49
2022-03-28 13:18:49,535.49
2022-03-28 13:18:54,535.52
2022-03-28 13:18:59,535.52
2022-03-28 13:19:04,535.58
2022-03-28 13:19:09,535.65
2022-03-28 13:19:14,535.58
2022-03-28 13:19:19,535.64
2022-03-28 13:19:24,535.71
2022-03-28 13:19:29,535.71
2022-03-28 13:19:34,535.71
2022-03-28 13:19:39,535.74
2022-03-28 13:19:44,535.74
2022-03-28 13:19:49,535.74
2022-03-28 13:19:54,535.81
2022-03-28 13:19:59,535.74
2022-03-28 13:20:04,535.87
2022-03-28 13:20:09,539.3747927142219
2022-03-28 13:20:14,535.81
2022-03-28 13:20:19,535.81
2022-03-28 13:20:24,539.1674304366629
2022-03-28 13:20:29,535.87
2022-03-28 13:20:34,535.87
2022-03-28 13:20:39,535.87
2022-03-28 13:20:44,535.93
2022-03-28 13:20:49,535.93
2022-03-28 13:20:54,535.93
2022-03-28 13:20:59,535.93
2022-03-28 13:21:04,535.93
2022-03-28 13:21:09,538.5368192531411
2022-03-28 13:21:14,535.93
2022-03-28 13:21:19,535.99
2022-03-28 13:21:24,538.3240940036733
2022-03-28 13:21:29,535.99
2022-03-28 13:21:34,538.1816596924868
2022-03-28 13:21:39,535.99
2022-03-28 13:21:44,535.99
2022-03-28 13:21:49,535.99
2022-03-28 13:21:54,536.02
2022-03-28 13:21:59,536.02
2022-03-28 13:22:04,536.02
2022-03-28 13:22:09,536.02
2022-03-28 13:22:14,536.02
2022-03-28 13:22:19,536.02
2022-03-28 13:22:24,536.02
2022-03-28 13:22:29,536.08
2022-03-28 13:22:34,536.02
2022-03-28 13:22:39,536.01
2022-03-28 13:22:44,535.99
2022-03-28 13:22:49,536.02
2022-03-28 13:22:54,535.98
2022-03-28 13:22:59,536.02
2022-03-28 13:23:04,535.98
2022-03-28 13:23:09,535.98
2022-03-28 13:23:14,535.99
2022-03-28 13:23:19,535.99
2022-03-28 13:23:24,535.98
2022-03-28 13:23:29,535.92
2022-03-28 13:23:34,535.92
2022-03-28 13:23:39,535.86
2022-03-28 13:23:44,535.92
2022-03-28 13:23:49,535.86
2022-03-28 13:23:54,535.79
2022-03-28 13:23:59,535.86
2022-03-28 13:24:04,536.0057737885539
2022-03-28 13:24:09,535.9325789826519
2022-03-28 13:24:14,535.7
2022-03-28 13:24:19,535.64
2022-03-28 13:24:24,535.57
2022-03-28 13:24:29,535.57
2022-03-28 13:24:34,535.57
2022-03-28 13:24:39,535.4934294894447
2022-03-28 13:24:44,535.51
2022-03-28 13:24:49,535.47
2022-03-28 13:24:54,535.2740271414435
2022-03-28 13:24:59,535.41
2022-03-28 13:25:04,535.41
2022-03-28 13:25:09,535.35
2022-03-28 13:25:14,535.35
2022-03-28 13:25:19,535.29
2022-03-28 13:25:24,535.28
2022-03-28 13:25:29,535.22
2022-03-28 13:25:34,535.22
2022-03-28 13:25:39,535.19
2022-03-28 13:25:44,535.19
2022-03-28 13:25:49,534.4723599542394
2022-03-28 13:25:54,534.399806574038
2022-03-28 13:25:59,535.06
2022-03-28 13:26:04,535.06
2022-03-28 13:26:09,534.1825785313185
2022-03-28 13:26:14,534.1103250655826
2022-03-28 13:26:19,535.07
2022-03-28 13:26:24,535.0
2022-03-28 13:26:29,535.0
2022-03-28 13:26:34,535.01
2022-03-28 13:26:39,535.01
2022-03-28 13:26:44,535.01
2022-03-28 13:26:49,535.01
2022-03-28 13:26:54,535.01
2022-03-28 13:26:59,533.4642443940553
2022-03-28 13:27:04,535.07
2022-03-28 13:27:09,535.01
2022-03-28 13:27:14,535.01
2022-03-28 13:27:19,535.01
2022-03-28 13:27:24,535.01
2022-03-28 13:27:29,535.08
2022-03-28 13:27:34,535.01
2022-03-28 13:27:39,532.8977482596306
2022-03-28 13:27:44,532.8275482520296
2022-03-28 13:27:49,535.08
2022-03-28 13:27:54,535.08
2022-03-28 13:27:59,535.08
2022-03-28 13:28:04,535.08
2022-03-28 13:28:09,535.08
2022-03-28 13:28:14,535.15
2022-03-28 13:28:19,532.3404871006646
2022-03-28 13:28:24,535.15
2022-03-28 13:28:29,535.22
2022-03-28 13:28:34,535.25
2022-03-28 13:28:39,535.38
2022-03-28 13:28:44,535.38
2022-03-28 13:28:49,531.9296965510368
2022-03-28 13:28:54,535.51
2022-03-28 13:28:59,535.51
2022-03-28 13:29:04,531.7268731397354
2022-03-28 13:29:09,535.6
2022-03-28 13:29:14,535.67
2022-03-28 13:29:19,535.73
2022-03-28 13:29:24,535.73
2022-03-28 13:29:29,535.83
2022-03-28 13:29:34,535.83
2022-03-28 13:29:39,535.9
2022-03-28 13:29:44,535.9
2022-03-28 13:29:49,535.96
2022-03-28 13:29:54,536.02
2022-03-28 13:29:59,536.05
2022-03-28 13:30:04,536.12
2022-03-28 13:30:09,536.19
2022-03-28 13:30:14,536.25
2022-03-28 13:30:19,536.25
2022-03-28 13:30:24,530.6782103216641
2022-03-28 13:30:29,536.41
2022-03-28 13:30:34,536.47
2022-03-28 13:30:39,536.54
2022-03-28 13:30:44,536.57
2022-03-28 13:30:49,530.3627644101239
2022-03-28 13:30:54,536.7
2022-03-28 13:30:59,536.8
2022-03-28 13:31:04,536.86
2022-03-28 13:31:09,536.99
2022-03-28 13:31:14,537.05
2022-03-28 13:31:19,537.08
2022-03-28 13:31:24,537.21
2022-03-28 13:31:29,537.28
2022-03-28 13:31:34,537.31
2022-03-28 13:31:39,537.44
2022-03-28 13:31:44,537.5
2022-03-28 13:31:49,537.56
2022-03-28 13:31:54,537.66
2022-03-28 13:31:59,537.73
2022-03-28 13:32:04,537.79
2022-03-28 13:32:09,537.89
2022-03-28 13:32:14,538.01
2022-03-28 13:32:19,529.279183733566
2022-03-28 13:32:24,538.11
2022-03-28 13:32:29,538.17
2022-03-28 13:32:34,538.3
2022-03-28 13:32:39,538.33
2022-03-28 13:32:44,538.46
2022-03-28 13:32:49,538.52
2022-03-28 13:32:54,538.59
2022-03-28 13:32:59,538.62
2022-03-28 13:33:04,538.68
2022-03-28 13:33:09,538.68
2022-03-28 13:33:14,538.68
2022-03-28 13:33:19,538.74
2022-03-28 13:33:24,538.81
2022-03-28 13:33:29,538.81
2022-03-28 13:33:34,538.81
2022-03-28 13:33:39,538.81
2022-03-28 13:33:44,538.84
2022-03-28 13:33:49,538.84
2022-03-28 13:33:54,538.81
2022-03-28 13:33:59,538.84
2022-03-28 13:34:04,538.8
2022-03-28 13:34:09,538.84
2022-03-28 13:34:14,538.84
2022-03-28 13:34:19,538.84
2022-03-28 13:34:24,538.8
2022-03-28 13:34:29,538.81
2022-03-28 13:34:34,538.81
2022-03-28 13:34:39,538.8
2022-03-28 13:34:44,538.74
2022-03-28 13:34:49,527.6711574168681
2022-03-28 13:34:54,538.74
2022-03-28 13:34:59,538.74
2022-03-28 13:35:04,538.68
2022-03-28 13:35:09,538.68
2022-03-28 13:35:14,538.68
2022-03-28 13:35:19,538.68
2022-03-28 13:35:24,538.68
2022-03-28 13:35:29,538.61
2022-03-28 13:35:34,538.58
2022-03-28 13:35:39,538.58
2022-03-28 13:35:44,538.52
2022-03-28 13:35:49,538.52
2022-03-28 13:35:54,538.45
2022-03-28 13:35:59,538.45
2022-03-28 13:36:04,538.32
2022-03-28 13:36:09,538.29
2022-03-28 13:36:14,538.23
2022-03-28 13:36:19,538.16
2022-03-28 13:36:24,538.1
2022-03-28 13:36:29,538.0
2022-03-28 13:36:34,526.7092054636798
2022-03-28 13:36:39,537.88
2022-03-28 13:36:44,537.81
2022-03-28 13:36:49,537.71
2022-03-28 13:36:54,537.65
2022-03-28 13:36:59,537.49
2022-03-28 13:37:04,537.43
2022-03-28 13:37:09,537.36
2022-03-28 13:37:14,537.27
2022-03-28 13:37:19,537.14
2022-03-28 13:37:24,537.08
2022-03-28 13:37:29,536.98
2022-03-28 13:37:34,526.2255865730369
2022-03-28 13:37:39,536.79
2022-03-28 13:37:44,536.76
2022-03-28 13:37:49,536.63
2022-03-28 13:37:54,536.53
2022-03-28 13:37:59,536.41
2022-03-28 13:38:04,536.27
2022-03-28 13:38:09,536.24
2022-03-28 13:38:14,536.12
2022-03-28 13:38:19,525.8961715693908
2022-03-28 13:38:24,535.89
2022-03-28 13:38:29,535.76
2022-03-28 13:38:34,535.67
2022-03-28 13:38:39,535.54
2022-03-28 13:38:44,525.7259013301899
2022-03-28 13:38:49,535.32
2022-03-28 13:38:54,535.25
2022-03-28 13:38:59,535.09
2022-03-28 13:39:04,525.5963803832653
2022-03-28 13:39:09,534.93
2022-03-28 13:39:14,534.8
2022-03-28 13:39:19,534.64
2022-03-28 13:39:24,534.58
2022-03-28 13:39:29,525.4429884724993
2022-03-28 13:39:34,534.35
2022-03-28 13:39:39,534.23
2022-03-28 13:39:44,525.3555557042722
2022-03-28 13:39:49,533.97
2022-03-28 13:39:54,533.84
2022-03-28 13:39:59,533.71
2022-03-28 13:40:04,533.61
2022-03-28 13:40:09,525.2176207892323
2022-03-28 13:40:14,533.39
2022-03-28 13:40:19,533.2
2022-03-28 13:40:24,533.16
2022-03-28 13:40:29,532.97
2022-03-28 13:40:34,532.94
2022-03-28 13:40:39,525.065152046099
2022-03-28 13:40:44,532.68
2022-03-28 13:40:49,532.59
2022-03-28 13:40:54,532.52
2022-03-28 13:40:59,532.42
2022-03-28 13:41:04,532.23
2022-03-28 13:41:09,532.17
2022-03-28 13:41:14,532.07
2022-03-28 13:41:19,532.0
2022-03-28 13:41:24,531.91
2022-03-28 13:41:29,531.85
2022-03-28 13:41:34,531.71
2022-03-28 13:41:39,531.62
2022-03-28 13:41:44,531.62
2022-03-28 13:41:49,531.56
2022-03-28 13:41:54,531.42
2022-03-28 13:41:59,531.39
2022-03-28 13:42:04,531.32
2022-03-28 13:42:09,531.26
2022-03-28 13:42:14,531.26
2022-03-28 13:42:19,531.2
2022-03-28 13:42:24,531.13
2022-03-28 13:42:29,531.13
2022-03-28 13:42:34,531.13
2022-03-28 13:42:39,531.1
2022-03-28 13:42:44,531.1
2022-03-28 13:42:49,531.1
2022-03-28 13:42:54,531.03
2022-03-28 13:42:59,531.03
2022-03-28 13:43:04,531.03
2022-03-28 13:43:09,531.03
2022-03-28 13:43:14,531.03
2022-03-28 13:43:19,530.97
2022-03-28 13:43:24,530.96
2022-03-28 13:43:29,530.96
2022-03-28 13:43:34,530.96
2022-03-28 13:43:39,530.96
2022-03-28 13:43:44,530.96
2022-03-28 13:43:49,530.96
2022-03-28 13:43:54,531.02
2022-03-28 13:43:59,531.02
2022-03-28 13:44:04,531.02
2022-03-28 13:44:09,531.02
2022-03-28 13:44:14,531.02
2022-03-28 13:44:19,531.09
2022-03-28 13:44:24,531.08
2022-03-28 13:44:29,531.08
2022-03-28 13:44:34,531.08
2022-03-28 13:44:39,531.12
2022-03-28 13:44:44,531.11
2022-03-28 13:44:49,531.11
2022-03-28 13:44:54,531.18
2022-03-28 13:44:59,531.18
2022-03-28 13:45:04,531.24
2022-03-28 13:45:09,531.24
2022-03-28 13:45:14,531.24
2022-03-28 13:45:19,531.3
2022-03-28 13:45:24,531.37
2022-03-28 13:45:29,531.37
2022-03-28 13:45:34,531.37
2022-03-28 13:45:39,531.37
2022-03-28 13:45:44,531.4
2022-03-28 13:45:49,531.4
2022-03-28 13:45:54,524.3760222654539
2022-03-28 13:45:59,531.4
2022-03-28 13:46:04,531.46
2022-03-28 13:46:09,531.46
2022-03-28 13:46:14,531.46
2022-03-28 13:46:19,531.53
2022-03-28 13:46:24,531.46
2022-03-28 13:46:29,531.53
2022-03-28 13:46:34,531.53
2022-03-28 13:46:39,531.53
2022-03-28 13:46:44,531.59
2022-03-28 13:46:49,531.53
2022-03-28 13:46:54,531.59
2022-03-28 13:46:59,531.59
2022-03-28 13:47:04,531.53
2022-03-28 13:47:09,531.53
2022-03-28 13:47:14,531.53
2022-03-28 13:47:19,531.59
2022-03-28 13:47:24,531.59
2022-03-28 13:47:29,531.6
2022-03-28 13:47:34,531.6
2022-03-28 13:47:39,531.63
2022-03-28 13:47:44,531.6
2022-03-28 13:47:49,531.53
2022-03-28 13:47:54,531.6
2022-03-28 13:47:59,524.5090680529444
2022-03-28 13:48:04,531.53
2022-03-28 13:48:09,531.53
2022-03-28 13:48:14,524.5355035627813
2022-03-28 13:48:19,531.53
2022-03-28 13:48:24,531.53
2022-03-28 13:48:29,531.47
2022-03-28 13:48:34,531.53
2022-03-28 13:48:39,531.47
2022-03-28 13:48:44,531.47
2022-03-28 13:48:49,531.41
2022-03-28 13:48:54,531.41
2022-03-28 13:48:59,531.41
2022-03-28 13:49:04,531.41
2022-03-28 13:49:09,531.38
2022-03-28 13:49:14,531.41
2022-03-28 13:49:19,531.38
2022-03-28 13:49:24,531.32
2022-03-28 13:49:29,524.6926354467186
2022-03-28 13:49:34,531.32
2022-03-28 13:49:39,531.32
2022-03-28 13:49:44,531.32
2022-03-28 13:49:49,531.32
2022-03-28 13:49:54,531.32
2022-03-28 13:49:59,531.26
2022-03-28 13:50:04,531.26
2022-03-28 13:50:09,531.19
2022-03-28 13:50:14,524.8025081709969
2022-03-28 13:50:19,531.13
2022-03-28 13:50:24,524.8280839730525
2022-03-28 13:50:29,531.13
2022-03-28 13:50:34,531.13
2022-03-28 13:50:39,531.13
2022-03-28 13:50:44,531.1
2022-03-28 13:50:49,531.13
2022-03-28 13:50:54,531.13
2022-03-28 13:50:59,531.2
2022-03-28 13:51:04,531.13
2022-03-28 13:51:09,531.13
2022-03-28 13:51:14,531.2
2022-03-28 13:51:19,531.2
2022-03-28 13:51:24,531.2
2022-03-28 13:51:29,531.2
2022-03-28 13:51:34,531.2
2022-03-28 13:51:39,531.26
2022-03-28 13:51:44,531.26
2022-03-28 13:51:49,531.26
2022-03-28 13:51:54,531.26
2022-03-28 13:51:59,531.33
2022-03-28 13:52:04,531.32
2022-03-28 13:52:09,531.39
2022-03-28 13:52:14,531.32
2022-03-28 13:52:19,525.1378658298315
2022-03-28 13:52:24,531.39
2022-03-28 13:52:29,531.42
2022-03-28 13:52:34,531.42
2022-03-28 13:52:39,531.48
2022-03-28 13:52:44,531.42
2022-03-28 13:52:49,531.48
2022-03-28 13:52:54,531.55
2022-03-28 13:52:59,531.55
2022-03-28 13:53:04,531.55
2022-03-28 13:53:09,531.61
2022-03-28 13:53:14,531.61
2022-03-28 13:53:19,531.64
2022-03-28 13:53:24,531.64
2022-03-28 13:53:29,531.65
2022-03-28 13:53:34,531.64
2022-03-28 13:53:39,531.64
2022-03-28 13:53:44,531.71
2022-03-28 13:53:49,531.7
2022-03-28 13:53:54,531.7
2022-03-28 13:53:59,531.7
2022-03-28 13:54:04,531.7
2022-03-28 13:54:09,531.7
2022-03-28 13:54:14,531.77
2022-03-28 13:54:19,531.77
2022-03-28 13:54:24,531.7
2022-03-28 13:54:29,531.77
2022-03-28 13:54:34,531.77
2022-03-28 13:54:39,531.83
2022-03-28 13:54:44,531.83
2022-03-28 13:54:49,531.89
2022-03-28 13:54:54,531.92
2022-03-28 13:54:59,531.92
2022-03-28 13:55:04,531.99
2022-03-28 13:55:09,532.05
2022-03-28 13:55:14,532.05
2022-03-28 13:55:19,532.14
2022-03-28 13:55:24,532.21
2022-03-28 13:55:29,532.27
2022-03-28 13:55:34,532.33
2022-03-28 13:55:39,532.33
2022-03-28 13:55:44,532.43
2022-03-28 13:55:49,532.43
2022-03-28 13:55:54,525.6497147197384
2022-03-28 13:55:59,532.62
2022-03-28 13:56:04,532.62
2022-03-28 13:56:09,532.65
2022-03-28 13:56:14,525.6830091078878
2022-03-28 13:56:19,532.78
2022-03-28 13:56:24,532.91
2022-03-28 13:56:29,532.94
2022-03-28 13:56:34,533.01
2022-03-28 13:56:39,533.14
2022-03-28 13:56:44,533.17
2022-03-28 13:56:49,525.7322938428529
2022-03-28 13:56:54,533.36
2022-03-28 13:56:59,533.43
2022-03-28 13:57:04,533.52
2022-03-28 13:57:09,533.59
2022-03-28 13:57:14,533.65
2022-03-28 13:57:19,533.69
2022-03-28 13:57:24,525.7688271694632
2022-03-28 13:57:29,533.75
2022-03-28 13:57:34,525.776707371127
2022-03-28 13:57:39,533.94
2022-03-28 13:57:44,533.94
2022-03-28 13:57:49,534.04
2022-03-28 13:57:54,525.7888380820474
2022-03-28 13:57:59,534.04
2022-03-28 13:58:04,534.04
2022-03-28 13:58:09,534.17
2022-03-28 13:58:14,534.1
2022-03-28 13:58:19,534.17
2022-03-28 13:58:24,534.17
2022-03-28 13:58:29,534.17
2022-03-28 13:58:34,534.17
2022-03-28 13:58:39,534.2
2022-03-28 13:58:44,534.2
2022-03-28 13:58:49,534.17
2022-03-28 13:58:54,534.2
2022-03-28 13:58:59,534.2
2022-03-28 13:59:04,534.17
2022-03-28 13:59:09,525.7941051352756
2022-03-28 13:59:14,534.11
2022-03-28 13:59:19,534.17
2022-03-28 13:59:24,534.11
2022-03-28 13:59:29,534.11
2022-03-28 13:59:34,534.05
2022-03-28 13:59:39,534.05
2022-03-28 13:59:44,525.7778685243101
2022-03-28 13:59:49,533.95
2022-03-28 13:59:54,533.95
2022-03-28 13:59:59,533.95
2022-03-28 14:00:04,533.96
2022-03-28 14:00:09,533.89
2022-03-28 14:00:14,525.756151900888
2022-03-28 14:00:19,533.89
2022-03-28 14:00:24,525.7474965462004
2022-03-28 14:00:29,533.89
2022-03-28 14:00:34,533.96
2022-03-28 14:00:39,533.96
2022-03-28 14:00:44,525.7282812241401
2022-03-28 14:00:49,533.96
2022-03-28 14:00:54,533.99
2022-03-28 14:00:59,534.0
2022-03-28 14:01:04,534.06
2022-03-28 14:01:09,534.06
2022-03-28 14:01:14,534.06
2022-03-28 14:01:19,534.13
2022-03-28 14:01:24,534.13
2022-03-28 14:01:29,534.22
2022-03-28 14:01:34,534.22
2022-03-28 14:01:39,534.29
2022-03-28 14:01:44,534.35
2022-03-28 14:01:49,534.35
2022-03-28 14:01:54,534.35
2022-03-28 14:01:59,534.48
2022-03-28 14:02:04,525.6314055089563
2022-03-28 14:02:09,534.48
2022-03-28 14:02:14,534.52
2022-03-28 14:02:19,525.6106781908577
2022-03-28 14:02:24,534.64
2022-03-28 14:02:29,534.74
2022-03-28 14:02:34,534.74
2022-03-28 14:02:39,534.8
2022-03-28 14:02:44,534.87
2022-03-28 14:02:49,535.0
2022-03-28 14:02:54,535.0
2022-03-28 14:02:59,535.03
2022-03-28 14:03:04,535.09
2022-03-28 14:03:09,535.16
2022-03-28 14:03:14,535.16
2022-03-28 14:03:19,535.22
2022-03-28 14:03:24,535.25
2022-03-28 14:03:29,535.32
2022-03-28 14:03:34,535.32
2022-03-28 14:03:39,535.38
2022-03-28 14:03:44,535.45
2022-03-28 14:03:49,535.51
2022-03-28 14:03:54,535.51
2022-03-28 14:03:59,535.52
2022-03-28 14:04:04,535.54
2022-03-28 14:04:09,535.61
2022-03-28 14:04:14,535.61
2022-03-28 14:04:19,525.4370164153304
2022-03-28 14:04:24,535.74
2022-03-28 14:04:29,535.77
2022-03-28 14:04:34,535.83
2022-03-28 14:04:39,535.83
2022-03-28 14:04:44,535.9
2022-03-28 14:04:49,525.3959620162185
2022-03-28 14:04:54,536.03
2022-03-28 14:04:59,536.06
2022-03-28 14:05:04,536.12
2022-03-28 14:05:09,536.19
2022-03-28 14:05:14,536.28
2022-03-28 14:05:19,536.35
2022-03-28 14:05:24,536.41
2022-03-28 14:05:29,536.47
2022-03-28 14:05:34,536.53
2022-03-28 14:05:39,525.3345280049421
2022-03-28 14:05:44,536.63
2022-03-28 14:05:49,536.7
2022-03-28 14:05:54,536.79
2022-03-28 14:05:59,536.86
2022-03-28 14:06:04,536.92
2022-03-28 14:06:09,525.3034757131801
2022-03-28 14:06:14,537.05
2022-03-28 14:06:19,537.05
2022-03-28 14:06:24,537.08
2022-03-28 14:06:29,537.21
2022-03-28 14:06:34,537.21
2022-03-28 14:06:39,537.3
2022-03-28 14:06:44,537.3
2022-03-28 14:06:49,537.37
2022-03-28 14:06:54,537.49
2022-03-28 14:06:59,537.56
2022-03-28 14:07:04,537.49
2022-03-28 14:07:09,537.59
2022-03-28 14:07:14,525.2566139567529
2022-03-28 14:07:19,537.72
2022-03-28 14:07:24,525.2523658856358
2022-03-28 14:07:29,537.82
2022-03-28 14:07:34,525.2490114688678
2022-03-28 14:07:39,537.94
2022-03-28 14:07:44,538.07
2022-03-28 14:07:49,538.07
2022-03-28 14:07:54,538.1
2022-03-28 14:07:59,538.17
2022-03-28 14:08:04,538.24
2022-03-28 14:08:09,538.23
2022-03-28 14:08:14,538.33
2022-03-28 14:08:19,538.33
2022-03-28 14:08:24,538.33
2022-03-28 14:08:29,538.33
2022-03-28 14:08:34,538.4
2022-03-28 14:08:39,538.4
2022-03-28 14:08:44,538.46
2022-03-28 14:08:49,538.46
2022-03-28 14:08:54,538.52
2022-03-28 14:08:59,538.46
2022-03-28 14:09:04,525.2650891236318
2022-03-28 14:09:09,538.53
2022-03-28 14:09:14,538.53
2022-03-28 14:09:19,538.46
2022-03-28 14:09:24,538.53
2022-03-28 14:09:29,538.53
2022-03-28 14:09:34,538.53
2022-03-28 14:09:39,538.53
2022-03-28 14:09:44,538.59
2022-03-28 14:09:49,538.53
2022-03-28 14:09:54,525.3164267200514
2022-03-28 14:09:59,538.53
2022-03-28 14:10:04,538.53
2022-03-28 14:10:09,538.53
2022-03-28 14:10:14,538.53
2022-03-28 14:10:19,538.53
2022-03-28 14:10:24,538.47
2022-03-28 14:10:29,538.47
2022-03-28 14:10:34,538.47
2022-03-28 14:10:39,538.47
2022-03-28 14:10:44,538.47
2022-03-28 14:10:49,538.47
2022-03-28 14:10:54,538.47
2022-03-28 14:10:59,538.47
2022-03-28 14:11:04,525.4499713083553
2022-03-28 14:11:09,525.4625500182048
2022-03-28 14:11:14,538.35
2022-03-28 14:11:19,538.35
2022-03-28 14:11:24,538.32
2022-03-28 14:11:29,538.31
2022-03-28 14:11:34,525.5319817463952
2022-03-28 14:11:39,538.25
2022-03-28 14:11:44,525.5628911852585
2022-03-28 14:11:49,538.19
2022-03-28 14:11:54,538.13
2022-03-28 14:11:59,538.13
2022-03-28 14:12:04,525.6302486353477
2022-03-28 14:12:09,538.1
2022-03-28 14:12:14,538.13
2022-03-28 14:12:19,538.1
2022-03-28 14:12:24,538.1
2022-03-28 14:12:29,538.1
2022-03-28 14:12:34,538.1
2022-03-28 14:12:39,538.13
2022-03-28 14:12:44,525.7865312966566
2022-03-28 14:12:49,538.13
2022-03-28 14:12:54,538.13
2022-03-28 14:12:59,538.2
2022-03-28 14:13:04,538.13
2022-03-28 14:13:09,538.13
2022-03-28 14:13:14,538.2
2022-03-28 14:13:19,538.14
2022-03-28 14:13:24,538.2
2022-03-28 14:13:29,538.2
2022-03-28 14:13:34,538.2
2022-03-28 14:13:39,538.2
2022-03-28 14:13:44,538.2
2022-03-28 14:13:49,538.26
2022-03-28 14:13:54,526.1241529870549
2022-03-28 14:13:59,538.26
2022-03-28 14:14:04,538.33
2022-03-28 14:14:09,526.2063106322995
2022-03-28 14:14:14,538.33
2022-03-28 14:14:19,538.36
2022-03-28 14:14:24,538.43
2022-03-28 14:14:29,538.42
2022-03-28 14:14:34,538.43
2022-03-28 14:14:39,538.49
2022-03-28 14:14:44,538.55
2022-03-28 14:14:49,538.55
2022-03-28 14:14:54,538.62
2022-03-28 14:14:59,526.5029504949199
2022-03-28 14:15:04,538.65
2022-03-28 14:15:09,538.65
2022-03-28 14:15:14,526.5983811771173
2022-03-28 14:15:19,538.78
2022-03-28 14:15:24,538.77
2022-03-28 14:15:29,538.84
2022-03-28 14:15:34,526.7299429956662
2022-03-28 14:15:39,538.84
2022-03-28 14:15:44,538.87
2022-03-28 14:15:49,538.87
2022-03-28 14:15:54,538.93
2022-03-28 14:15:59,526.9009972491988
2022-03-28 14:16:04,539.0
2022-03-28 14:16:09,539.0
2022-03-28 14:16:14,539.06
2022-03-28 14:16:19,539.06
2022-03-28 14:16:24,539.06
2022-03-28 14:16:29,527.1153176389892
2022-03-28 14:16:34,539.06
2022-03-28 14:16:39,539.12
2022-03-28 14:16:44,539.12
2022-03-28 14:16:49,539.06
2022-03-28 14:16:54,539.12
2022-03-28 14:16:59,539.05
2022-03-28 14:17:04,527.3768049876098
2022-03-28 14:17:09,539.12
2022-03-28 14:17:14,527.4536087106025
2022-03-28 14:17:19,539.05
2022-03-28 14:17:24,539.05
2022-03-28 14:17:29,539.05
2022-03-28 14:17:34,538.99
2022-03-28 14:17:39,538.99
2022-03-28 14:17:44,538.92
2022-03-28 14:17:49,538.86
2022-03-28 14:17:54,538.86
2022-03-28 14:17:59,538.86
2022-03-28 14:18:04,538.82
2022-03-28 14:18:09,538.76
2022-03-28 14:18:14,538.69
2022-03-28 14:18:19,538.63
2022-03-28 14:18:24,538.6
2022-03-28 14:18:29,538.53
2022-03-28 14:18:34,538.4
2022-03-28 14:18:39,538.34
2022-03-28 14:18:44,538.31
2022-03-28 14:18:49,538.18
2022-03-28 14:18:54,538.08
2022-03-28 14:18:59,537.95
2022-03-28 14:19:04,537.82
2022-03-28 14:19:09,537.73
2022-03-28 14:19:14,537.6
2022-03-28 14:19:19,537.5
2022-03-28 14:19:24,537.37
2022-03-28 14:19:29,537.28
2022-03-28 14:19:34,537.15
2022-03-28 14:19:39,537.05
2022-03-28 14:19:44,536.85
2022-03-28 14:19:49,536.79
2022-03-28 14:19:54,536.7
2022-03-28 14:19:59,536.53
2022-03-28 14:20:04,528.8682330286457
2022-03-28 14:20:09,536.34
2022-03-28 14:20:14,528.9561211854399
2022-03-28 14:20:19,536.12
2022-03-28 14:20:24,536.05
2022-03-28 14:20:29,535.96
2022-03-28 14:20:34,535.83
2022-03-28 14:20:39,535.76
2022-03-28 14:20:44,535.73
2022-03-28 14:20:49,535.67
2022-03-28 14:20:54,535.61
2022-03-28 14:20:59,535.54
2022-03-28 14:21:04,535.45
2022-03-28 14:21:09,535.51
2022-03-28 14:21:14,535.38
2022-03-28 14:21:19,535.32
2022-03-28 14:21:24,535.25
2022-03-28 14:21:29,535.25
2022-03-28 14:21:34,535.22
2022-03-28 14:21:39,535.16
2022-03-28 14:21:44,529.7581652506051
2022-03-28 14:21:49,535.09
2022-03-28 14:21:54,535.03
2022-03-28 14:21:59,535.03
2022-03-28 14:22:04,529.9377596156272
2022-03-28 14:22:09,535.0
2022-03-28 14:22:14,530.0275599931521
2022-03-28 14:22:19,534.94
2022-03-28 14:22:24,534.94
2022-03-28 14:22:29,534.94
2022-03-28 14:22:34,534.94
2022-03-28 14:22:39,534.94
2022-03-28 14:22:44,534.88
2022-03-28 14:22:49,534.88
2022-03-28 14:22:54,534.94
2022-03-28 14:22:59,534.88
2022-03-28 14:23:04,534.88
2022-03-28 14:23:09,534.82
2022-03-28 14:23:14,530.5644898978608
2022-03-28 14:23:19,534.88
2022-03-28 14:23:24,534.88
2022-03-28 14:23:29,534.82
2022-03-28 14:23:34,530.7420229323556
2022-03-28 14:23:39,534.76
2022-03-28 14:23:44,534.76
2022-03-28 14:23:49,534.76
2022-03-28 14:23:54,534.76
2022-03-28 14:23:59,534.72
2022-03-28 14:24:04,534.76
2022-03-28 14:24:09,534.73
2022-03-28 14:24:14,534.73
2022-03-28 14:24:19,534.73
2022-03-28 14:24:24,534.73
2022-03-28 14:24:29,534.73
2022-03-28 14:24:34,534.73
2022-03-28 14:24:39,534.73
2022-03-28 14:24:44,534.66
2022-03-28 14:24:49,534.66
2022-03-28 14:24:54,534.66
2022-03-28 14:24:59,531.4810170798473
2022-03-28 14:25:04,534.66
2022-03-28 14:25:09,534.6
2022-03-28 14:25:14,534.6
2022-03-28 14:25:19,534.6
2022-03-28 14:25:24,534.6
2022-03-28 14:25:29,534.53
2022-03-28 14:25:34,534.6
2022-03-28 14:25:39,534.53
2022-03-28 14:25:44,534.53
2022-03-28 14:25:49,534.53
2022-03-28 14:25:54,534.53
2022-03-28 14:25:59,534.5
2022-03-28 14:26:04,534.5
2022-03-28 14:26:09,534.43
2022-03-28 14:26:14,534.44
2022-03-28 14:26:19,532.1412489649383
2022-03-28 14:26:24,534.37
2022-03-28 14:26:29,534.37
2022-03-28 14:26:34,534.37
2022-03-28 14:26:39,534.37
2022-03-28 14:26:44,534.3
2022-03-28 14:26:49,534.3
2022-03-28 14:26:54,534.24
2022-03-28 14:26:59,534.24
2022-03-28 14:27:04,534.24
2022-03-28 14:27:09,534.24
2022-03-28 14:27:14,534.2
2022-03-28 14:27:19,534.24
2022-03-28 14:27:24,532.6436358851286
2022-03-28 14:27:29,534.24
2022-03-28 14:27:34,534.24
2022-03-28 14:27:39,534.23
2022-03-28 14:27:44,534.23
2022-03-28 14:27:49,534.3
2022-03-28 14:27:54,534.3
2022-03-28 14:27:59,534.36
2022-03-28 14:28:04,534.36
2022-03-28 14:28:09,534.36
2022-03-28 14:28:14,533.0068485379026
2022-03-28 14:28:19,534.43
2022-03-28 14:28:24,534.49
2022-03-28 14:28:29,534.49
2022-03-28 14:28:34,534.52
2022-03-28 14:28:39,534.58
2022-03-28 14:28:44,534.65
2022-03-28 14:28:49,534.71
2022-03-28 14:28:54,534.74
2022-03-28 14:28:59,534.81
2022-03-28 14:29:04,534.87
2022-03-28 14:29:09,534.94
2022-03-28 14:29:14,535.03
2022-03-28 14:29:19,535.1
2022-03-28 14:29:24,535.16
2022-03-28 14:29:29,535.26
2022-03-28 14:29:34,535.26
2022-03-28 14:29:39,533.5734103703506
2022-03-28 14:29:44,535.45
2022-03-28 14:29:49,535.51
2022-03-28 14:29:54,535.55
2022-03-28 14:29:59,535.61
2022-03-28 14:30:04,535.67
2022-03-28 14:30:09,535.74
2022-03-28 14:30:14,533.7866634130041
2022-03-28 14:30:19,535.9
2022-03-28 14:30:24,535.9
2022-03-28 14:30:29,536.03
2022-03-28 14:30:34,533.9029709677836
2022-03-28 14:30:39,536.13
2022-03-28 14:30:44,536.19
2022-03-28 14:30:49,536.29
2022-03-28 14:30:54,534.0151229439086
2022-03-28 14:30:59,536.41
2022-03-28 14:31:04,536.48
2022-03-28 14:31:09,536.55
2022-03-28 14:31:14,536.64
2022-03-28 14:31:19,536.71
2022-03-28 14:31:24,536.77
2022-03-28 14:31:29,536.81
2022-03-28 14:31:34,536.87
2022-03-28 14:31:39,536.94
2022-03-28 14:31:44,537.0
2022-03-28 14:31:49,534.3013413547267
2022-03-28 14:31:54,537.1
2022-03-28 14:31:59,537.1
2022-03-28 14:32:04,537.16
2022-03-28 14:32:09,537.29
2022-03-28 14:32:14,537.33
2022-03-28 14:32:19,537.33
2022-03-28 14:32:24,537.39
2022-03-28 14:32:29,537.45
2022-03-28 14:32:34,537.46
2022-03-28 14:32:39,537.46
2022-03-28 14:32:44,537.59
2022-03-28 14:32:49,537.59
2022-03-28 14:32:54,537.62
2022-03-28 14:32:59,534.6160289364399
2022-03-28 14:33:04,537.69
2022-03-28 14:33:09,537.62
2022-03-28 14:33:14,537.69
2022-03-28 14:33:19,537.75
2022-03-28 14:33:24,537.75
2022-03-28 14:33:29,537.75
2022-03-28 14:33:34,537.75
2022-03-28 14:33:39,537.75
2022-03-28 14:33:44,537.76
2022-03-28 14:33:49,537.76
2022-03-28 14:33:54,537.82
2022-03-28 14:33:59,537.76
2022-03-28 14:34:04,534.855220876033
2022-03-28 14:34:09,534.8714090086953
2022-03-28 14:34:14,537.7
2022-03-28 14:34:19,537.63
2022-03-28 14:34:24,537.63
2022-03-28 14:34:29,534.9329139270325
2022-03-28 14:34:34,537.54
2022-03-28 14:34:39,537.54
2022-03-28 14:34:44,537.41
2022-03-28 14:34:49,537.41
2022-03-28 14:34:54,537.31
2022-03-28 14:34:59,537.25
2022-03-28 14:35:04,537.12
2022-03-28 14:35:09,537.09
2022-03-28 14:35:14,537.02
2022-03-28 14:35:19,536.9
2022-03-28 14:35:24,535.0746092752291
2022-03-28 14:35:29,536.74
2022-03-28 14:35:34,536.74
2022-03-28 14:35:39,536.61
2022-03-28 14:35:44,536.58
2022-03-28 14:35:49,536.51
2022-03-28 14:35:54,535.1344050826206
2022-03-28 14:35:59,535.1431395397605
2022-03-28 14:36:04,536.38
2022-03-28 14:36:09,536.28
2022-03-28 14:36:14,535.1672021873494
2022-03-28 14:36:19,536.22
2022-03-28 14:36:24,536.16
2022-03-28 14:36:29,535.1880227085364
2022-03-28 14:36:34,535.1942355118082
2022-03-28 14:36:39,536.06
2022-03-28 14:36:44,536.0
2022-03-28 14:36:49,536.0
2022-03-28 14:36:54,536.0
2022-03-28 14:36:59,535.87
2022-03-28 14:37:04,535.87
2022-03-28 14:37:09,535.8
2022-03-28 14:37:14,535.77
2022-03-28 14:37:19,535.71
2022-03-28 14:37:24,535.58
2022-03-28 14:37:29,535.58
2022-03-28 14:37:34,535.54
2022-03-28 14:37:39,535.41
2022-03-28 14:37:44,535.35
2022-03-28 14:37:49,535.29
2022-03-28 14:37:54,535.19
2022-03-28 14:37:59,535.12
2022-03-28 14:38:04,535.06
2022-03-28 14:38:09,535.03
2022-03-28 14:38:14,534.9
2022-03-28 14:38:19,534.84
2022-03-28 14:38:24,534.77
2022-03-28 14:38:29,534.74
2022-03-28 14:38:34,534.67
2022-03-28 14:38:39,534.61
2022-03-28 14:38:44,534.54
2022-03-28 14:38:49,534.44
2022-03-28 14:38:54,534.44
2022-03-28 14:38:59,534.38
2022-03-28 14:39:04,534.25
2022-03-28 14:39:09,534.22
2022-03-28 14:39:14,534.15
2022-03-28 14:39:19,534.09
2022-03-28 14:39:24,534.02
2022-03-28 14:39:29,533.99
2022-03-28 14:39:34,533.92
2022-03-28 14:39:39,533.86
2022-03-28 14:39:44,533.8
2022-03-28 14:39:49,533.7
2022-03-28 14:39:54,533.57
2022-03-28 14:39:59,533.5
2022-03-28 14:40:04,535.1063000975714
2022-03-28 14:40:09,533.34
2022-03-28 14:40:14,533.21
2022-03-28 14:40:19,533.18
2022-03-28 14:40:24,533.05
2022-03-28 14:40:29,535.0478383570288
2022-03-28 14:40:34,532.83
2022-03-28 14:40:39,532.76
2022-03-28 14:40:44,532.66
2022-03-28 14:40:49,534.9937619296784
2022-03-28 14:40:54,532.47
2022-03-28 14:40:59,532.37
2022-03-28 14:41:04,534.9490981857783
2022-03-28 14:41:09,532.18
2022-03-28 14:41:14,532.09
2022-03-28 14:41:19,531.96
2022-03-28 14:41:24,531.86
2022-03-28 14:41:29,534.8671340226307
2022-03-28 14:41:34,531.67
2022-03-28 14:41:39,531.63
2022-03-28 14:41:44,531.51
2022-03-28 14:41:49,531.41
2022-03-28 14:41:54,534.7761665381606
2022-03-28 14:41:59,531.28
2022-03-28 14:42:04,531.22
2022-03-28 14:42:09,531.12
2022-03-28 14:42:14,530.99
2022-03-28 14:42:19,530.93
2022-03-28 14:42:24,534.6557749441249
2022-03-28 14:42:29,530.77
2022-03-28 14:42:34,530.64
2022-03-28 14:42:39,534.5912188260305
2022-03-28 14:42:44,530.48
2022-03-28 14:42:49,530.38
2022-03-28 14:42:54,530.32
2022-03-28 14:42:59,530.19
2022-03-28 14:43:04,530.09
2022-03-28 14:43:09,530.03
2022-03-28 14:43:14,529.9
2022-03-28 14:43:19,529.87
2022-03-28 14:43:24,529.74
2022-03-28 14:43:29,529.61
2022-03-28 14:43:34,529.61
2022-03-28 14:43:39,529.58
2022-03-28 14:43:44,529.52
2022-03-28 14:43:49,529.52
2022-03-28 14:43:54,529.39
2022-03-28 14:43:59,534.2025307175614
2022-03-28 14:44:04,529.39
2022-03-28 14:44:09,534.1491561751064
2022-03-28 14:44:14,529.36
2022-03-28 14:44:19,529.36
2022-03-28 14:44:24,529.36
2022-03-28 14:44:29,529.3
2022-03-28 14:44:34,529.23
2022-03-28 14:44:39,529.23
2022-03-28 14:44:44,529.23
2022-03-28 14:44:49,529.24
2022-03-28 14:44:54,529.17
2022-03-28 14:44:59,529.17
2022-03-28 14:45:04,529.11
2022-03-28 14:45:09,529.11
2022-03-28 14:45:14,529.11
2022-03-28 14:45:19,529.11
2022-03-28 14:45:24,529.11
2022-03-28 14:45:29,529.11
2022-03-28 14:45:34,529.11
2022-03-28 14:45:39,529.11
2022-03-28 14:45:44,529.11
2022-03-28 14:45:49,529.11
2022-03-28 14:45:54,529.08
2022-03-28 14:45:59,529.11
2022-03-28 14:46:04,529.11
2022-03-28 14:46:09,529.08
2022-03-28 14:46:14,529.08
2022-03-28 14:46:19,529.08
2022-03-28 14:46:24,529.11
2022-03-28 14:46:29,529.11
2022-03-28 14:46:34,529.18
2022-03-28 14:46:39,529.11
2022-03-28 14:46:44,529.18
2022-03-28 14:46:49,533.1841226479564
2022-03-28 14:46:54,533.1513124458897
2022-03-28 14:46:59,529.24
2022-03-28 14:47:04,529.24
2022-03-28 14:47:09,529.24
2022-03-28 14:47:14,529.3
2022-03-28 14:47:19,529.3
2022-03-28 14:47:24,529.31
2022-03-28 14:47:29,529.37
2022-03-28 14:47:34,529.37
2022-03-28 14:47:39,529.37
2022-03-28 14:47:44,529.4
2022-03-28 14:47:49,532.7833843488918
2022-03-28 14:47:54,529.47
2022-03-28 14:47:59,529.53
2022-03-28 14:48:04,529.53
2022-03-28 14:48:09,529.59
2022-03-28 14:48:14,529.59
2022-03-28 14:48:19,529.62
2022-03-28 14:48:24,529.62
2022-03-28 14:48:29,529.75
2022-03-28 14:48:34,529.82
2022-03-28 14:48:39,529.88
2022-03-28 14:48:44,529.88
2022-03-28 14:48:49,529.91
2022-03-28 14:48:54,529.98
2022-03-28 14:48:59,530.1
2022-03-28 14:49:04,530.14
2022-03-28 14:49:09,530.2
2022-03-28 14:49:14,530.27
2022-03-28 14:49:19,530.39
2022-03-28 14:49:24,530.42
2022-03-28 14:49:29,530.55
2022-03-28 14:49:34,530.62
2022-03-28 14:49:39,530.71
2022-03-28 14:49:44,530.78
2022-03-28 14:49:49,530.91
2022-03-28 14:49:54,530.93
2022-03-28 14:49:59,531.0
2022-03-28 14:50:04,531.13
2022-03-28 14:50:09,531.16
2022-03-28 14:50:14,531.29
2022-03-28 14:50:19,531.35
2022-03-28 14:50:24,531.7119550749785
2022-03-28 14:50:29,531.6773957904169
2022-03-28 14:50:34,531.6428775509524
2022-03-28 14:50:39,531.64
2022-03-28 14:50:44,531.67
2022-03-28 14:50:49,531.73
2022-03-28 14:50:54,531.86
2022-03-28 14:50:59,531.93
2022-03-28 14:51:04,531.96
2022-03-28 14:51:09,532.02
2022-03-28 14:51:14,532.09
2022-03-28 14:51:19,532.15
2022-03-28 14:51:24,532.18
2022-03-28 14:51:29,532.18
2022-03-28 14:51:34,532.24
2022-03-28 14:51:39,532.31
2022-03-28 14:51:44,532.37
2022-03-28 14:51:49,532.44
2022-03-28 14:51:54,532.44
2022-03-28 14:51:59,532.47
2022-03-28 14:52:04,532.47
2022-03-28 14:52:09,532.47
2022-03-28 14:52:14,532.47
2022-03-28 14:52:19,532.54
2022-03-28 14:52:24,532.47
2022-03-28 14:52:29,532.53
2022-03-28 14:52:34,532.47
2022-03-28 14:52:39,532.47
2022-03-28 14:52:44,532.44
2022-03-28 14:52:49,532.47
2022-03-28 14:52:54,530.7081124746396
2022-03-28 14:52:59,532.44
2022-03-28 14:53:04,532.44
2022-03-28 14:53:09,532.44
2022-03-28 14:53:14,532.37
2022-03-28 14:53:19,532.37
2022-03-28 14:53:24,530.5202015620196
2022-03-28 14:53:29,532.31
2022-03-28 14:53:34,532.31
2022-03-28 14:53:39,532.31
2022-03-28 14:53:44,532.25
2022-03-28 14:53:49,532.25
2022-03-28 14:53:54,532.25
2022-03-28 14:53:59,532.18
2022-03-28 14:54:04,532.15
2022-03-28 14:54:09,532.18
2022-03-28 14:54:14,532.15
2022-03-28 14:54:19,532.15
2022-03-28 14:54:24,532.09
2022-03-28 14:54:29,532.02
2022-03-28 14:54:34,532.02
2022-03-28 14:54:39,532.02
2022-03-28 14:54:44,531.93
2022-03-28 14:54:49,531.93
2022-03-28 14:54:54,531.93
2022-03-28 14:54:59,531.87
2022-03-28 14:55:04,531.8
2022-03-28 14:55:09,531.8
2022-03-28 14:55:14,531.74
2022-03-28 14:55:19,531.74
2022-03-28 14:55:24,531.68
2022-03-28 14:55:29,531.68
2022-03-28 14:55:34,531.68
2022-03-28 14:55:39,531.68
2022-03-28 14:55:44,529.7314234559955
2022-03-28 14:55:49,531.68
2022-03-28 14:55:54,531.68
2022-03-28 14:55:59,531.68
2022-03-28 14:56:04,531.68
2022-03-28 14:56:09,531.74
2022-03-28 14:56:14,531.75
2022-03-28 14:56:19,531.75
2022-03-28 14:56:24,531.81
2022-03-28 14:56:29,531.81
2022-03-28 14:56:34,529.4850212223167
2022-03-28 14:56:39,531.88
2022-03-28 14:56:44,529.4378123910263
2022-03-28 14:56:49,531.94
2022-03-28 14:56:54,529.3912745378198
2022-03-28 14:56:59,531.97
2022-03-28 14:57:04,532.04
2022-03-28 14:57:09,529.3227075040437
2022-03-28 14:57:14,532.1
2022-03-28 14:57:19,532.17
2022-03-28 14:57:24,532.17
2022-03-28 14:57:29,529.2335549740434
2022-03-28 14:57:34,532.2
2022-03-28 14:57:39,532.26
2022-03-28 14:57:44,532.2
2022-03-28 14:57:49,532.26
2022-03-28 14:57:54,532.26
2022-03-28 14:57:59,532.27
2022-03-28 14:58:04,532.33
2022-03-28 14:58:09,532.26
2022-03-28 14:58:14,529.0421209598557
2022-03-28 14:58:19,532.33
2022-03-28 14:58:24,532.26
2022-03-28 14:58:29,532.33
2022-03-28 14:58:34,532.26
2022-03-28 14:58:39,532.33
2022-03-28 14:58:44,532.26
2022-03-28 14:58:49,532.26
2022-03-28 14:58:54,532.26
2022-03-28 14:58:59,532.26
2022-03-28 14:59:04,528.843527174143
2022-03-28 14:59:09,532.19
2022-03-28 14:59:14,532.19
2022-03-28 14:59:19,532.16
2022-03-28 14:59:24,532.16
2022-03-28 14:59:29,532.03
2022-03-28 14:59:34,528.7310813552853
2022-03-28 14:59:39,531.97
2022-03-28 14:59:44,531.97
2022-03-28 14:59:49,531.94
2022-03-28 14:59:54,531.87
2022-03-28 14:59:59,531.8
2022-03-28 15:00:04,528.62339173594
2022-03-28 15:00:09,531.68
2022-03-28 15:00:14,531.64
2022-03-28 15:00:19,531.64
2022-03-28 15:00:24,531.58
2022-03-28 15:00:29,531.45
2022-03-28 15:00:34,531.45
2022-03-28 15:00:39,531.41
2022-03-28 15:00:44,531.35
2022-03-28 15:00:49,531.35
2022-03-28 15:00:54,531.22
2022-03-28 15:00:59,531.15
2022-03-28 15:01:04,531.12
2022-03-28 15:01:09,531.05
2022-03-28 15:01:14,530.92
2022-03-28 15:01:19,530.89
2022-03-28 15:01:24,530.83
2022-03-28 15:01:29,530.76
2022-03-28 15:01:34,530.7
2022-03-28 15:01:39,530.6
2022-03-28 15:01:44,528.2958705516593
2022-03-28 15:01:49,530.41
2022-03-28 15:01:54,530.37
2022-03-28 15:01:59,530.24
2022-03-28 15:02:04,530.18
2022-03-28 15:02:09,530.08
2022-03-28 15:02:14,530.02
2022-03-28 15:02:19,530.02
2022-03-28 15:02:24,529.89
2022-03-28 15:02:29,529.85
2022-03-28 15:02:34,529.73
2022-03-28 15:02:39,529.66
2022-03-28 15:02:44,529.6
2022-03-28 15:02:49,529.56
2022-03-28 15:02:54,529.44
2022-03-28 15:02:59,529.37
2022-03-28 15:03:04,529.34
2022-03-28 15:03:09,529.21
2022-03-28 15:03:14,529.21
2022-03-28 15:03:19,529.08
2022-03-28 15:03:24,529.05
2022-03-28 15:03:29,528.98
2022-03-28 15:03:34,528.92
2022-03-28 15:03:39,527.9705621253809
2022-03-28 15:03:44,527.957479741365
2022-03-28 15:03:49,528.76
2022-03-28 15:03:54,528.76
2022-03-28 15:03:59,528.69
2022-03-28 15:04:04,528.63
2022-03-28 15:04:09,528.63
2022-03-28 15:04:14,528.57
2022-03-28 15:04:19,528.57
2022-03-28 15:04:24,528.53
2022-03-28 15:04:29,528.53
2022-03-28 15:04:34,527.8308677514029
2022-03-28 15:04:39,528.47
2022-03-28 15:04:44,528.47
2022-03-28 15:04:49,528.47
2022-03-28 15:04:54,528.47
2022-03-28 15:04:59,528.41
2022-03-28 15:05:04,528.41
2022-03-28 15:05:09,528.41
2022-03-28 15:05:14,528.41
2022-03-28 15:05:19,528.41
2022-03-28 15:05:24,528.41
2022-03-28 15:05:29,527.6995518947966
2022-03-28 15:05:34,528.41
2022-03-28 15:05:39,528.41
2022-03-28 15:05:44,528.41
2022-03-28 15:05:49,528.48
2022-03-28 15:05:54,528.48
2022-03-28 15:05:59,528.48
2022-03-28 15:06:04,528.54
2022-03-28 15:06:09,528.54
2022-03-28 15:06:14,528.58
2022-03-28 15:06:19,528.54
2022-03-28 15:06:24,527.575219829325
2022-03-28 15:06:29,528.64
2022-03-28 15:06:34,527.5532553445462
2022-03-28 15:06:39,528.71
2022-03-28 15:06:44,528.78
2022-03-28 15:06:49,528.78
2022-03-28 15:06:54,528.84
2022-03-28 15:06:59,528.84
2022-03-28 15:07:04,528.87
2022-03-28 15:07:09,527.477713622356
2022-03-28 15:07:14,529.0
2022-03-28 15:07:19,527.456476828751
2022-03-28 15:07:24,529.1
2022-03-28 15:07:29,529.1
2022-03-28 15:07:34,529.23
2022-03-28 15:07:39,529.23
2022-03-28 15:07:44,529.36
2022-03-28 15:07:49,529.39
2022-03-28 15:07:54,529.46
2022-03-28 15:07:59,529.52
2022-03-28 15:08:04,529.62
2022-03-28 15:08:09,529.68
2022-03-28 15:08:14,529.75
2022-03-28 15:08:19,529.81
2022-03-28 15:08:24,527.32144365749
2022-03-28 15:08:29,529.91
2022-03-28 15:08:34,527.3010458829615
2022-03-28 15:08:39,530.1
2022-03-28 15:08:44,530.2
2022-03-28 15:08:49,530.26
2022-03-28 15:08:54,530.39
2022-03-28 15:08:59,530.42
2022-03-28 15:09:04,530.55
2022-03-28 15:09:09,530.56
2022-03-28 15:09:14,530.65
2022-03-28 15:09:19,530.72
2022-03-28 15:09:24,530.78
2022-03-28 15:09:29,530.91
2022-03-28 15:09:34,530.91
2022-03-28 15:09:39,530.94
2022-03-28 15:09:44,531.07
2022-03-28 15:09:49,531.13
2022-03-28 15:09:54,531.13
2022-03-28 15:09:59,531.16
2022-03-28 15:10:04,531.29
2022-03-28 15:10:09,531.3
2022-03-28 15:10:14,527.1003975341719
2022-03-28 15:10:19,531.42
2022-03-28 15:10:24,531.46
2022-03-28 15:10:29,531.52
2022-03-28 15:10:34,531.52
2022-03-28 15:10:39,531.52
2022-03-28 15:10:44,527.0407868889087
2022-03-28 15:10:49,531.65
2022-03-28 15:10:54,527.0209153708829
2022-03-28 15:10:59,531.74
2022-03-28 15:11:04,531.74
2022-03-28 15:11:09,531.81
2022-03-28 15:11:14,531.8
2022-03-28 15:11:19,531.87
2022-03-28 15:11:24,531.87
2022-03-28 15:11:29,531.87
2022-03-28 15:11:34,531.87
2022-03-28 15:11:39,526.9312556207947
2022-03-28 15:11:44,531.93
2022-03-28 15:11:49,531.93
2022-03-28 15:11:54,531.93
2022-03-28 15:11:59,531.93
2022-03-28 15:12:04,531.93
2022-03-28 15:12:09,531.93
2022-03-28 15:12:14,531.93
2022-03-28 15:12:19,531.93
2022-03-28 15:12:24,531.93
2022-03-28 15:12:29,531.93
2022-03-28 15:12:34,526.8204817461816
2022-03-28 15:12:39,531.93
2022-03-28 15:12:44,531.92
2022-03-28 15:12:49,531.96
2022-03-28 15:12:54,526.779679194754
2022-03-28 15:12:59,526.7694242022947
2022-03-28 15:13:04,531.95
2022-03-28 15:13:09,526.7488432556702
2022-03-28 15:13:14,526.7385156625957
2022-03-28 15:13:19,526.7281622304067
2022-03-28 15:13:24,531.95
2022-03-28 15:13:29,531.95
2022-03-28 15:13:34,526.696938704606
2022-03-28 15:13:39,531.95
2022-03-28 15:13:44,531.95
2022-03-28 15:13:49,531.95
2022-03-28 15:13:54,532.02
2022-03-28 15:13:59,532.02
2022-03-28 15:14:04,532.02
2022-03-28 15:14:09,532.08
2022-03-28 15:14:14,532.02
2022-03-28 15:14:19,532.14
2022-03-28 15:14:24,526.5908434006469
2022-03-28 15:14:29,526.5800421781123
2022-03-28 15:14:34,532.14
2022-03-28 15:14:39,532.18
2022-03-28 15:14:44,532.18
2022-03-28 15:14:49,532.18
2022-03-28 15:14:54,532.24
2022-03-28 15:14:59,532.24
2022-03-28 15:15:04,532.24
2022-03-28 15:15:09,532.24
2022-03-28 15:15:14,532.24
2022-03-28 15:15:19,532.31
2022-03-28 15:15:24,532.31
2022-03-28 15:15:29,532.31
2022-03-28 15:15:34,526.4358580885738
2022-03-28 15:15:39,532.31
2022-03-28 15:15:44,532.31
2022-03-28 15:15:49,526.4014795812137
2022-03-28 15:15:54,526.3899186869465
2022-03-28 15:15:59,526.3783057310145
2022-03-28 15:16:04,532.25
2022-03-28 15:16:09,526.3549203563372
2022-03-28 15:16:14,532.24
2022-03-28 15:16:19,532.18
2022-03-28 15:16:24,532.18
2022-03-28 15:16:29,532.18
2022-03-28 15:16:34,526.2954884786815
2022-03-28 15:16:39,532.15
2022-03-28 15:16:44,532.09
2022-03-28 15:16:49,532.09
2022-03-28 15:16:54,532.09
2022-03-28 15:16:59,532.02
2022-03-28 15:17:04,531.96
2022-03-28 15:17:09,531.96
2022-03-28 15:17:14,531.96
2022-03-28 15:17:19,531.93
2022-03-28 15:17:24,531.87
2022-03-28 15:17:29,531.87
2022-03-28 15:17:34,531.74
2022-03-28 15:17:39,531.74
2022-03-28 15:17:44,531.68
2022-03-28 15:17:49,531.65
2022-03-28 15:17:54,531.65
2022-03-28 15:17:59,531.52
2022-03-28 15:18:04,526.0686648866664
2022-03-28 15:18:09,531.45
2022-03-28 15:18:14,531.42
2022-03-28 15:18:19,531.36
2022-03-28 15:18:24,531.3
2022-03-28 15:18:29,531.23
2022-03-28 15:18:34,531.23
2022-03-28 15:18:39,531.17
2022-03-28 15:18:44,531.13
2022-03-28 15:18:49,531.07
2022-03-28 15:18:54,531.08
2022-03-28 15:18:59,530.95
2022-03-28 15:19:04,530.95
2022-03-28 15:19:09,530.85
2022-03-28 15:19:14,525.876056964052
2022-03-28 15:19:19,530.79
2022-03-28 15:19:24,530.72
2022-03-28 15:19:29,525.832697040548
2022-03-28 15:19:34,530.63
2022-03-28 15:19:39,530.63
2022-03-28 15:19:44,530.5
2022-03-28 15:19:49,530.43
2022-03-28 15:19:54,530.4
2022-03-28 15:19:59,530.34
2022-03-28 15:20:04,530.27
2022-03-28 15:20:09,530.21
2022-03-28 15:20:14,530.15
2022-03-28 15:20:19,525.6823652941471
2022-03-28 15:20:24,529.98
2022-03-28 15:20:29,529.92
2022-03-28 15:20:34,525.6354409465221
2022-03-28 15:20:39,525.6196046876643
2022-03-28 15:20:44,529.76
2022-03-28 15:20:49,529.69
2022-03-28 15:20:54,529.6
2022-03-28 15:20:59,529.6
2022-03-28 15:21:04,525.5389254455428
2022-03-28 15:21:09,529.4
2022-03-28 15:21:14,529.37
2022-03-28 15:21:19,529.3
2022-03-28 15:21:24,529.24
2022-03-28 15:21:29,525.45567450702
2022-03-28 15:21:34,529.08
2022-03-28 15:21:39,529.01
2022-03-28 15:21:44,528.95
2022-03-28 15:21:49,528.85
2022-03-28 15:21:54,528.79
2022-03-28 15:21:59,528.73
2022-03-28 15:22:04,528.56
2022-03-28 15:22:09,528.5
2022-03-28 15:22:14,528.37
2022-03-28 15:22:19,528.34
2022-03-28 15:22:24,528.21
2022-03-28 15:22:29,528.08
2022-03-28 15:22:34,527.98
2022-03-28 15:22:39,525.2080765950873
2022-03-28 15:22:44,525.1895698490547
2022-03-28 15:22:49,527.75
2022-03-28 15:22:54,527.63
2022-03-28 15:22:59,527.56
2022-03-28 15:23:04,527.46
2022-03-28 15:23:09,527.33
2022-03-28 15:23:14,525.0764956898927
2022-03-28 15:23:19,527.17
2022-03-28 15:23:24,527.11
2022-03-28 15:23:29,527.01
2022-03-28 15:23:34,526.88
2022-03-28 15:23:39,526.81
2022-03-28 15:23:44,526.72
2022-03-28 15:23:49,526.65
2022-03-28 15:23:54,526.52
2022-03-28 15:23:59,526.49
2022-03-28 15:24:04,526.42
2022-03-28 15:24:09,526.26
2022-03-28 15:24:14,526.13
2022-03-28 15:24:19,526.07
2022-03-28 15:24:24,526.07
2022-03-28 15:24:29,524.781301182614
2022-03-28 15:24:34,525.9
2022-03-28 15:24:39,525.77
2022-03-28 15:24:44,525.74
2022-03-28 15:24:49,525.68
2022-03-28 15:24:54,525.61
2022-03-28 15:24:59,525.55
2022-03-28 15:25:04,525.49
2022-03-28 15:25:09,525.39
2022-03-28 15:25:14,525.39
2022-03-28 15:25:19,525.32
2022-03-28 15:25:24,525.26
2022-03-28 15:25:29,525.26
2022-03-28 15:25:34,525.23
2022-03-28 15:25:39,525.23
2022-03-28 15:25:44,525.16
2022-03-28 15:25:49,525.1
2022-03-28 15:25:54,525.1
2022-03-28 15:25:59,525.1
2022-03-28 15:26:04,525.03
2022-03-28 15:26:09,525.03
2022-03-28 15:26:14,525.03
2022-03-28 15:26:19,524.97
2022-03-28 15:26:24,524.97
2022-03-28 15:26:29,524.97
2022-03-28 15:26:34,524.97
2022-03-28 15:26:39,524.247133134623
2022-03-28 15:26:44,524.97
2022-03-28 15:26:49,524.97
2022-03-28 15:26:54,524.97
2022-03-28 15:26:59,524.97
2022-03-28 15:27:04,524.97
2022-03-28 15:27:09,524.97
2022-03-28 15:27:14,524.97
2022-03-28 15:27:19,524.082309680062
2022-03-28 15:27:24,524.97
2022-03-28 15:27:29,524.97
2022-03-28 15:27:34,524.98
2022-03-28 15:27:39,525.04
2022-03-28 15:27:44,524.98
2022-03-28 15:27:49,525.04
2022-03-28 15:27:54,525.04
2022-03-28 15:27:59,525.04
2022-03-28 15:28:04,525.04
2022-03-28 15:28:09,525.04
2022-03-28 15:28:14,525.11
2022-03-28 15:28:19,525.17
2022-03-28 15:28:24,525.17
2022-03-28 15:28:29,525.24
2022-03-28 15:28:34,525.24
2022-03-28 15:28:39,525.34
2022-03-28 15:28:44,525.34
2022-03-28 15:28:49,525.34
2022-03-28 15:28:54,525.4
2022-03-28 15:28:59,525.47
2022-03-28 15:29:04,525.47
2022-03-28 15:29:09,525.5
2022-03-28 15:29:14,525.5
2022-03-28 15:29:19,525.57
2022-03-28 15:29:24,523.58509877609
2022-03-28 15:29:29,525.7
2022-03-28 15:29:34,525.76
2022-03-28 15:29:39,525.79
2022-03-28 15:29:44,525.8
2022-03-28 15:29:49,525.92
2022-03-28 15:29:54,525.99
2022-03-28 15:29:59,525.99
2022-03-28 15:30:04,526.02
2022-03-28 15:30:09,526.09
2022-03-28 15:30:14,526.15
2022-03-28 15:30:19,526.15
2022-03-28 15:30:24,526.22
2022-03-28 15:30:29,526.22
2022-03-28 15:30:34,526.28
2022-03-28 15:30:39,526.28
2022-03-28 15:30:44,526.32
2022-03-28 15:30:49,526.32
2022-03-28 15:30:54,526.38
2022-03-28 15:30:59,526.38
2022-03-28 15:31:04,526.38
2022-03-28 15:31:09,523.2090080229972
2022-03-28 15:31:14,523.1924549359892
2022-03-28 15:31:19,526.45
2022-03-28 15:31:24,523.1597755872527
2022-03-28 15:31:29,526.45
2022-03-28 15:31:34,526.45
2022-03-28 15:31:39,526.51
2022-03-28 15:31:44,526.45
2022-03-28 15:31:49,526.45
2022-03-28 15:31:54,526.45
2022-03-28 15:31:59,526.45
2022-03-28 15:32:04,526.38
2022-03-28 15:32:09,526.45
2022-03-28 15:32:14,526.38
2022-03-28 15:32:19,526.38
2022-03-28 15:32:24,526.38
2022-03-28 15:32:29,522.962466816675
2022-03-28 15:32:34,526.38
2022-03-28 15:32:39,526.38
2022-03-28 15:32:44,526.32
2022-03-28 15:32:49,526.32
2022-03-28 15:32:54,526.28
2022-03-28 15:32:59,522.8811807716456
2022-03-28 15:33:04,526.28
2022-03-28 15:33:09,522.8555910093213
2022-03-28 15:33:14,526.28
2022-03-28 15:33:19,526.22
2022-03-28 15:33:24,526.22
2022-03-28 15:33:29,526.22
2022-03-28 15:33:34,526.15
2022-03-28 15:33:39,526.15
2022-03-28 15:33:44,526.15
2022-03-28 15:33:49,526.08
2022-03-28 15:33:54,526.09
2022-03-28 15:33:59,526.09
2022-03-28 15:34:04,526.08
2022-03-28 15:34:09,526.02
2022-03-28 15:34:14,526.02
2022-03-28 15:34:19,526.02
2022-03-28 15:34:24,526.02
2022-03-28 15:34:29,525.99
2022-03-28 15:34:34,526.02
2022-03-28 15:34:39,525.98
2022-03-28 15:34:44,525.98
2022-03-28 15:34:49,525.98
2022-03-28 15:34:54,525.98
2022-03-28 15:34:59,522.6300588489331
2022-03-28 15:35:04,525.98
2022-03-28 15:35:09,525.98
2022-03-28 15:35:14,525.98
2022-03-28 15:35:19,525.97
2022-03-28 15:35:24,525.97
2022-03-28 15:35:29,525.98
2022-03-28 15:35:34,525.97
2022-03-28 15:35:39,525.91
2022-03-28 15:35:44,525.97
2022-03-28 15:35:49,525.97
2022-03-28 15:35:54,525.97
2022-03-28 15:35:59,525.91
2022-03-28 15:36:04,525.91
2022-03-28 15:36:09,525.97
2022-03-28 15:36:14,525.97
2022-03-28 15:36:19,525.97
2022-03-28 15:36:24,525.91
2022-03-28 15:36:29,525.97
2022-03-28 15:36:34,525.97
2022-03-28 15:36:39,525.91
2022-03-28 15:36:44,525.91
2022-03-28 15:36:49,525.97
2022-03-28 15:36:54,525.97
2022-03-28 15:36:59,525.97
2022-03-28 15:37:04,525.97
2022-03-28 15:37:09,525.97
2022-03-28 15:37:14,525.91
2022-03-28 15:37:19,525.97
2022-03-28 15:37:24,525.97
2022-03-28 15:37:29,525.97
2022-03-28 15:37:34,525.97
2022-03-28 15:37:39,525.97
2022-03-28 15:37:44,525.97
2022-03-28 15:37:49,525.98
2022-03-28 15:37:54,525.97
2022-03-28 15:37:59,526.01
2022-03-28 15:38:04,526.01
2022-03-28 15:38:09,522.5307654420271
2022-03-28 15:38:14,526.01
2022-03-28 15:38:19,526.01
2022-03-28 15:38:24,526.01
2022-03-28 15:38:29,522.5424298608673
2022-03-28 15:38:34,522.5459452280843
2022-03-28 15:38:39,526.08
2022-03-28 15:38:44,526.08
2022-03-28 15:38:49,526.14
2022-03-28 15:38:54,526.21
2022-03-28 15:38:59,526.27
2022-03-28 15:39:04,526.27
2022-03-28 15:39:09,526.37
2022-03-28 15:39:14,526.37
2022-03-28 15:39:19,526.43
2022-03-28 15:39:24,526.5
2022-03-28 15:39:29,522.5997606063663
2022-03-28 15:39:34,526.66
2022-03-28 15:39:39,526.72
2022-03-28 15:39:44,526.73
2022-03-28 15:39:49,526.89
2022-03-28 15:39:54,526.95
2022-03-28 15:39:59,527.05
2022-03-28 15:40:04,522.6477004139767
2022-03-28 15:40:09,527.25
2022-03-28 15:40:14,527.41
2022-03-28 15:40:19,527.53
2022-03-28 15:40:24,527.7
2022-03-28 15:40:29,527.86
2022-03-28 15:40:34,527.99
2022-03-28 15:40:39,528.15
2022-03-28 15:40:44,528.28
2022-03-28 15:40:49,522.7237460792228
2022-03-28 15:40:54,528.6
2022-03-28 15:40:59,522.7427200448996
2022-03-28 15:41:04,529.02
2022-03-28 15:41:09,529.18
2022-03-28 15:41:14,529.38
2022-03-28 15:41:19,529.6
2022-03-28 15:41:24,529.76
2022-03-28 15:41:29,529.93
2022-03-28 15:41:34,530.22
2022-03-28 15:41:39,530.41
2022-03-28 15:41:44,530.67
2022-03-28 15:41:49,530.86
2022-03-28 15:41:54,531.15
2022-03-28 15:41:59,522.8711752873735
2022-03-28 15:42:04,531.67
2022-03-28 15:42:09,522.894876725581
2022-03-28 15:42:14,532.05
2022-03-28 15:42:19,532.28
2022-03-28 15:42:24,522.9315754629167
2022-03-28 15:42:29,532.86
2022-03-28 15:42:34,533.09
2022-03-28 15:42:39,533.37
2022-03-28 15:42:44,533.54
2022-03-28 15:42:49,533.76
2022-03-28 15:42:54,534.12
2022-03-28 15:42:59,534.28
2022-03-28 15:43:04,534.47
2022-03-28 15:43:09,534.63
2022-03-28 15:43:14,534.92
2022-03-28 15:43:19,535.14
2022-03-28 15:43:24,535.31
2022-03-28 15:43:29,535.56
2022-03-28 15:43:34,535.79
2022-03-28 15:43:39,535.95
2022-03-28 15:43:44,536.11
2022-03-28 15:43:49,536.33
2022-03-28 15:43:54,536.59
2022-03-28 15:43:59,523.1927497540996
2022-03-28 15:44:04,536.91
2022-03-28 15:44:09,537.1
2022-03-28 15:44:14,523.2380003967706
2022-03-28 15:44:19,523.253297763825
2022-03-28 15:44:24,537.55
2022-03-28 15:44:29,537.72
2022-03-28 15:44:34,537.88
2022-03-28 15:44:39,538.0
2022-03-28 15:44:44,538.13
2022-03-28 15:44:49,538.16
2022-03-28 15:44:54,538.36
2022-03-28 15:44:59,523.3792496456823
2022-03-28 15:45:04,538.52
2022-03-28 15:45:09,538.65
2022-03-28 15:45:14,523.4279927904973
2022-03-28 15:45:19,523.444408357345
2022-03-28 15:45:24,538.87
2022-03-28 15:45:29,538.96
2022-03-28 15:45:34,539.03
2022-03-28 15:45:39,539.09
2022-03-28 15:45:44,539.16
2022-03-28 15:45:49,539.15
2022-03-28 15:45:54,539.18
2022-03-28 15:45:59,539.18
2022-03-28 15:46:04,539.25
2022-03-28 15:46:09,539.31
2022-03-28 15:46:14,539.31
2022-03-28 15:46:19,539.25
2022-03-28 15:46:24,523.6644603235335
2022-03-28 15:46:29,539.25
2022-03-28 15:46:34,539.25
2022-03-28 15:46:39,539.25
2022-03-28 15:46:44,539.25
2022-03-28 15:46:49,539.25
2022-03-28 15:46:54,539.18
2022-03-28 15:46:59,539.15
2022-03-28 15:47:04,539.15
2022-03-28 15:47:09,539.09
2022-03-28 15:47:14,539.09
2022-03-28 15:47:19,539.09
2022-03-28 15:47:24,538.96
2022-03-28 15:47:29,538.96
2022-03-28 15:47:34,538.96
2022-03-28 15:47:39,538.89
2022-03-28 15:47:44,523.9478027983413
2022-03-28 15:47:49,538.86
2022-03-28 15:47:54,538.8
2022-03-28 15:47:59,538.73
2022-03-28 15:48:04,538.67
2022-03-28 15:48:09,538.73
2022-03-28 15:48:14,538.67
2022-03-28 15:48:19,538.64
2022-03-28 15:48:24,538.64
2022-03-28 15:48:29,538.58
2022-03-28 15:48:34,538.58
2022-03-28 15:48:39,538.58
2022-03-28 15:48:44,538.51
2022-03-28 15:48:49,524.1831278343534
2022-03-28 15:48:54,538.51
2022-03-28 15:48:59,524.2194413856677
2022-03-28 15:49:04,538.51
2022-03-28 15:49:09,538.52
2022-03-28 15:49:14,538.45
2022-03-28 15:49:19,538.52
2022-03-28 15:49:24,538.45
2022-03-28 15:49:29,538.52
2022-03-28 15:49:34,538.45
2022-03-28 15:49:39,538.52
2022-03-28 15:49:44,538.52
2022-03-28 15:49:49,538.52
2022-03-28 15:49:54,538.52
2022-03-28 15:49:59,524.4364890324042
2022-03-28 15:50:04,538.52
2022-03-28 15:50:09,538.52
2022-03-28 15:50:14,538.53
2022-03-28 15:50:19,538.53
2022-03-28 15:50:24,538.53
2022-03-28 15:50:29,538.53
2022-03-28 15:50:34,524.5615495489432
2022-03-28 15:50:39,538.59
2022-03-28 15:50:44,538.59
2022-03-28 15:50:49,538.6
2022-03-28 15:50:54,538.66
2022-03-28 15:50:59,538.66
2022-03-28 15:51:04,538.66
2022-03-28 15:51:09,538.66
2022-03-28 15:51:14,538.7
2022-03-28 15:51:19,538.82
2022-03-28 15:51:24,538.83
2022-03-28 15:51:29,538.89
2022-03-28 15:51:34,524.7715505387457
2022-03-28 15:51:39,524.7887683940304
2022-03-28 15:51:44,538.92
2022-03-28 15:51:49,538.99
2022-03-28 15:51:54,539.06
2022-03-28 15:51:59,539.12
2022-03-28 15:52:04,539.19
2022-03-28 15:52:09,539.22
2022-03-28 15:52:14,539.28
2022-03-28 15:52:19,539.35
2022-03-28 15:52:24,539.35
2022-03-28 15:52:29,539.42
2022-03-28 15:52:34,539.45
2022-03-28 15:52:39,539.58
2022-03-28 15:52:44,539.64
2022-03-28 15:52:49,539.71
2022-03-28 15:52:54,539.74
2022-03-28 15:52:59,539.87
2022-03-28 15:53:04,539.93
2022-03-28 15:53:09,540.03
2022-03-28 15:53:14,540.03
2022-03-28 15:53:19,540.16
2022-03-28 15:53:24,540.22
2022-03-28 15:53:29,540.32
2022-03-28 15:53:34,540.39
2022-03-28 15:53:39,540.45
2022-03-28 15:53:44,540.45
2022-03-28 15:53:49,540.55
2022-03-28 15:53:54,540.61
2022-03-28 15:53:59,540.68
2022-03-28 15:54:04,540.74
2022-03-28 15:54:09,525.2806672988016
2022-03-28 15:54:14,540.84
2022-03-28 15:54:19,540.9
2022-03-28 15:54:24,525.3268602875853
2022-03-28 15:54:29,541.0
2022-03-28 15:54:34,525.3573139781449
2022-03-28 15:54:39,541.06
2022-03-28 15:54:44,541.06
2022-03-28 15:54:49,525.4024687177416
2022-03-28 15:54:54,541.13
2022-03-28 15:54:59,525.4322135630537
2022-03-28 15:55:04,541.19
2022-03-28 15:55:09,541.26
2022-03-28 15:55:14,541.26
2022-03-28 15:55:19,541.26
2022-03-28 15:55:24,541.25
2022-03-28 15:55:29,541.29
2022-03-28 15:55:34,541.29
2022-03-28 15:55:39,541.29
2022-03-28 15:55:44,541.29
2022-03-28 15:55:49,541.35
2022-03-28 15:55:54,541.35
2022-03-28 15:55:59,541.41
2022-03-28 15:56:04,541.41
2022-03-28 15:56:09,541.35
2022-03-28 15:56:14,525.6455957950283
2022-03-28 15:56:19,541.41
2022-03-28 15:56:24,541.41
2022-03-28 15:56:29,541.35
2022-03-28 15:56:34,541.35
2022-03-28 15:56:39,541.41
2022-03-28 15:56:44,541.35
2022-03-28 15:56:49,541.35
2022-03-28 15:56:54,541.28
2022-03-28 15:56:59,541.28
2022-03-28 15:57:04,541.25
2022-03-28 15:57:09,541.25
2022-03-28 15:57:14,541.18
2022-03-28 15:57:19,541.12
2022-03-28 15:57:24,541.12
2022-03-28 15:57:29,541.05
2022-03-28 15:57:34,541.05
2022-03-28 15:57:39,540.99
2022-03-28 15:57:44,525.8767378839356
2022-03-28 15:57:49,540.95
2022-03-28 15:57:54,540.82
2022-03-28 15:57:59,540.82
2022-03-28 15:58:04,540.76
2022-03-28 15:58:09,540.73
2022-03-28 15:58:14,540.66
2022-03-28 15:58:19,540.6
2022-03-28 15:58:24,540.6
2022-03-28 15:58:29,540.47
2022-03-28 15:58:34,540.43
2022-03-28 15:58:39,526.0030495302078
2022-03-28 15:58:44,540.31
2022-03-28 15:58:49,540.31
2022-03-28 15:58:54,540.21
2022-03-28 15:58:59,540.14
2022-03-28 15:59:04,540.08
2022-03-28 15:59:09,540.02
2022-03-28 15:59:14,526.0770234945273
2022-03-28 15:59:19,539.92
2022-03-28 15:59:24,539.86
2022-03-28 15:59:29,539.79
2022-03-28 15:59:34,539.73
2022-03-28 15:59:39,539.7
2022-03-28 15:59:44,539.57
2022-03-28 15:59:49,539.5
2022-03-28 15:59:54,539.44
2022-03-28 15:59:59,539.41
2022-03-28 16:00:04,539.34
2022-03-28 16:00:09,539.28
2022-03-28 16:00:14,539.28
2022-03-28 16:00:19,539.18
2022-03-28 16:00:24,539.12
2022-03-28 16:00:29,539.12
2022-03-28 16:00:34,539.05
2022-03-28 16:00:39,538.99
2022-03-28 16:00:44,538.93
2022-03-28 16:00:49,538.9
2022-03-28 16:00:54,538.9
2022-03-28 16:00:59,538.77
2022-03-28 16:01:04,538.83
2022-03-28 16:01:09,538.77
2022-03-28 16:01:14,538.77
2022-03-28 16:01:19,526.2967170233727
2022-03-28 16:01:24,538.7
2022-03-28 16:01:29,538.71
2022-03-28 16:01:34,538.71
2022-03-28 16:01:39,526.3249512570808
2022-03-28 16:01:44,538.68
2022-03-28 16:01:49,538.68
2022-03-28 16:01:54,538.68
2022-03-28 16:01:59,538.68
2022-03-28 16:02:04,526.3573907075862
2022-03-28 16:02:09,538.68
2022-03-28 16:02:14,538.62
2022-03-28 16:02:19,538.61
2022-03-28 16:02:24,538.68
2022-03-28 16:02:29,538.55
2022-03-28 16:02:34,538.56
2022-03-28 16:02:39,538.55
2022-03-28 16:02:44,538.49
2022-03-28 16:02:49,538.56
2022-03-28 16:02:54,538.56
2022-03-28 16:02:59,538.49
2022-03-28 16:03:04,538.56
2022-03-28 16:03:09,538.49
2022-03-28 16:03:14,526.430674463765
2022-03-28 16:03:19,538.56
2022-03-28 16:03:24,538.62
2022-03-28 16:03:29,538.69
2022-03-28 16:03:34,538.69
2022-03-28 16:03:39,538.72
2022-03-28 16:03:44,538.78
2022-03-28 16:03:49,538.85
2022-03-28 16:03:54,538.95
2022-03-28 16:03:59,539.01
2022-03-28 16:04:04,539.08
2022-03-28 16:04:09,539.21
2022-03-28 16:04:14,539.24
2022-03-28 16:04:19,539.37
2022-03-28 16:04:24,539.43
2022-03-28 16:04:29,539.46
2022-03-28 16:04:34,539.59
2022-03-28 16:04:39,539.72
2022-03-28 16:04:44,539.82
2022-03-28 16:04:49,539.88
2022-03-28 16:04:54,539.98
2022-03-28 16:04:59,540.11
2022-03-28 16:05:04,540.24
2022-03-28 16:05:09,526.4910753955909
2022-03-28 16:05:14,540.4
2022-03-28 16:05:19,526.4926874526496
2022-03-28 16:05:24,540.62
2022-03-28 16:05:29,526.4937369831783
2022-03-28 16:05:34,540.85
2022-03-28 16:05:39,540.91
2022-03-28 16:05:44,541.01
2022-03-28 16:05:49,526.4941781659354
2022-03-28 16:05:54,541.3
2022-03-28 16:05:59,541.43
2022-03-28 16:06:04,541.49
2022-03-28 16:06:09,541.65
2022-03-28 16:06:14,541.72
2022-03-28 16:06:19,541.88
2022-03-28 16:06:24,542.01
2022-03-28 16:06:29,542.17
2022-03-28 16:06:34,542.29
2022-03-28 16:06:39,542.45
2022-03-28 16:06:44,542.55
2022-03-28 16:06:49,542.68
2022-03-28 16:06:54,526.4809952749071
2022-03-28 16:06:59,542.91
2022-03-28 16:07:04,543.03
2022-03-28 16:07:09,543.13
2022-03-28 16:07:14,543.26
2022-03-28 16:07:19,543.42
2022-03-28 16:07:24,526.4677766176583
2022-03-28 16:07:29,543.58
2022-03-28 16:07:34,526.462421078148
2022-03-28 16:07:39,543.87
2022-03-28 16:07:44,543.87
2022-03-28 16:07:49,526.4535233055284
2022-03-28 16:07:54,544.09
2022-03-28 16:07:59,544.22
2022-03-28 16:08:04,526.4436104528509
2022-03-28 16:08:09,544.38
2022-03-28 16:08:14,544.51
2022-03-28 16:08:19,544.61
2022-03-28 16:08:24,544.67
2022-03-28 16:08:29,544.67
2022-03-28 16:08:34,544.8
2022-03-28 16:08:39,544.86
2022-03-28 16:08:44,544.9
2022-03-28 16:08:49,544.96
2022-03-28 16:08:54,545.03
2022-03-28 16:08:59,545.03
2022-03-28 16:09:04,545.09
2022-03-28 16:09:09,545.12
2022-03-28 16:09:14,545.12
2022-03-28 16:09:19,545.19
2022-03-28 16:09:24,545.19
2022-03-28 16:09:29,545.25
2022-03-28 16:09:34,545.25
2022-03-28 16:09:39,526.3588731924763
2022-03-28 16:09:44,545.32
2022-03-28 16:09:49,545.32
2022-03-28 16:09:54,545.32
2022-03-28 16:09:59,545.32
2022-03-28 16:10:04,545.32
2022-03-28 16:10:09,545.38
2022-03-28 16:10:14,545.38
2022-03-28 16:10:19,545.32
2022-03-28 16:10:24,526.306706414206
2022-03-28 16:10:29,545.38
2022-03-28 16:10:34,545.38
2022-03-28 16:10:39,545.32
2022-03-28 16:10:44,545.32
2022-03-28 16:10:49,545.39
2022-03-28 16:10:54,545.38
2022-03-28 16:10:59,545.32
2022-03-28 16:11:04,545.32
2022-03-28 16:11:09,545.32
2022-03-28 16:11:14,545.32
2022-03-28 16:11:19,526.2337735936834
2022-03-28 16:11:24,526.2266819515869
2022-03-28 16:11:29,545.13
2022-03-28 16:11:34,545.2
2022-03-28 16:11:39,545.14
2022-03-28 16:11:44,545.1
2022-03-28 16:11:49,526.1901491709422
2022-03-28 16:11:54,545.04
2022-03-28 16:11:59,544.98
2022-03-28 16:12:04,544.98
2022-03-28 16:12:09,544.91
2022-03-28 16:12:14,544.89
2022-03-28 16:12:19,544.88
2022-03-28 16:12:24,544.82
2022-03-28 16:12:29,544.82
2022-03-28 16:12:34,544.69
2022-03-28 16:12:39,544.7
2022-03-28 16:12:44,544.63
2022-03-28 16:12:49,544.6
2022-03-28 16:12:54,544.54
2022-03-28 16:12:59,544.47
2022-03-28 16:13:04,544.48
2022-03-28 16:13:09,526.0623525867347
2022-03-28 16:13:14,544.38
2022-03-28 16:13:19,544.38
2022-03-28 16:13:24,544.32
2022-03-28 16:13:29,544.26
2022-03-28 16:13:34,544.19
2022-03-28 16:13:39,526.0107013211544
2022-03-28 16:13:44,544.19
2022-03-28 16:13:49,544.13
2022-03-28 16:13:54,544.1
2022-03-28 16:13:59,544.1
2022-03-28 16:14:04,544.04
2022-03-28 16:14:09,543.97
2022-03-28 16:14:14,525.9482800013874
2022-03-28 16:14:19,543.97
2022-03-28 16:14:24,543.91
2022-03-28 16:14:29,543.91
2022-03-28 16:14:34,525.911681261405
2022-03-28 16:14:39,525.9024352427896
2022-03-28 16:14:44,543.82
2022-03-28 16:14:49,543.76
2022-03-28 16:14:54,543.69
2022-03-28 16:14:59,543.69
2022-03-28 16:15:04,543.69
2022-03-28 16:15:09,543.63
2022-03-28 16:15:14,543.6
2022-03-28 16:15:19,543.6
2022-03-28 16:15:24,543.6
2022-03-28 16:15:29,543.6
2022-03-28 16:15:34,543.6
2022-03-28 16:15:39,543.54
2022-03-28 16:15:44,543.54
2022-03-28 16:15:49,543.54
2022-03-28 16:15:54,543.54
2022-03-28 16:15:59,543.54
2022-03-28 16:16:04,543.54
2022-03-28 16:16:09,525.7306345128522
2022-03-28 16:16:14,543.48
2022-03-28 16:16:19,525.7110471357271
2022-03-28 16:16:24,525.7012258123654
2022-03-28 16:16:29,543.54
2022-03-28 16:16:34,543.48
2022-03-28 16:16:39,543.48
2022-03-28 16:16:44,525.6617779441153
2022-03-28 16:16:49,543.48
2022-03-28 16:16:54,543.48
2022-03-28 16:16:59,543.48
2022-03-28 16:17:04,543.55
2022-03-28 16:17:09,543.48
2022-03-28 16:17:14,543.48
2022-03-28 16:17:19,543.42
2022-03-28 16:17:24,543.48
2022-03-28 16:17:29,543.48
2022-03-28 16:17:34,543.42
2022-03-28 16:17:39,543.42
2022-03-28 16:17:44,543.42
2022-03-28 16:17:49,525.5323912943298
2022-03-28 16:17:54,543.42
2022-03-28 16:17:59,543.39
2022-03-28 16:18:04,543.39
2022-03-28 16:18:09,525.4924375122107
2022-03-28 16:18:14,543.32
2022-03-28 16:18:19,543.32
2022-03-28 16:18:24,543.32
2022-03-28 16:18:29,543.26
2022-03-28 16:18:34,525.4425541268859
2022-03-28 16:18:39,543.26
2022-03-28 16:18:44,525.4226424337662
2022-03-28 16:18:49,543.13
2022-03-28 16:18:54,543.13
2022-03-28 16:18:59,543.09
2022-03-28 16:19:04,543.09
2022-03-28 16:19:09,525.3729993713447
2022-03-28 16:19:14,543.03
2022-03-28 16:19:19,542.97
2022-03-28 16:19:24,542.9
2022-03-28 16:19:29,542.87
2022-03-28 16:19:34,542.87
2022-03-28 16:19:39,542.87
2022-03-28 16:19:44,542.87
2022-03-28 16:19:49,542.8
2022-03-28 16:19:54,542.74
2022-03-28 16:19:59,525.2743657178422
2022-03-28 16:20:04,542.74
2022-03-28 16:20:09,542.68
2022-03-28 16:20:14,542.68
2022-03-28 16:20:19,542.62
2022-03-28 16:20:24,542.58
2022-03-28 16:20:29,542.62
2022-03-28 16:20:34,542.58
2022-03-28 16:20:39,542.52
2022-03-28 16:20:44,542.59
2022-03-28 16:20:49,542.52
2022-03-28 16:20:54,542.46
2022-03-28 16:20:59,542.46
2022-03-28 16:21:04,542.4
2022-03-28 16:21:09,542.46
2022-03-28 16:21:14,542.4
2022-03-28 16:21:19,542.4
2022-03-28 16:21:24,542.37
2022-03-28 16:21:29,542.37
2022-03-28 16:21:34,542.3
2022-03-28 16:21:39,542.3
2022-03-28 16:21:44,525.0706986478671
2022-03-28 16:21:49,542.24
2022-03-28 16:21:54,542.24
2022-03-28 16:21:59,542.18
2022-03-28 16:22:04,542.11
2022-03-28 16:22:09,542.11
2022-03-28 16:22:14,542.12
2022-03-28 16:22:19,542.09
2022-03-28 16:22:24,542.09
2022-03-28 16:22:29,542.02
2022-03-28 16:22:34,542.02
2022-03-28 16:22:39,542.09
2022-03-28 16:22:44,542.02
2022-03-28 16:22:49,542.03
2022-03-28 16:22:54,542.03
2022-03-28 16:22:59,542.03
2022-03-28 16:23:04,542.03
2022-03-28 16:23:09,542.03
2022-03-28 16:23:14,524.9007892501269
2022-03-28 16:23:19,542.04
2022-03-28 16:23:24,541.97
2022-03-28 16:23:29,541.97
2022-03-28 16:23:34,541.98
2022-03-28 16:23:39,541.98
2022-03-28 16:23:44,541.98
2022-03-28 16:23:49,541.98
2022-03-28 16:23:54,541.92
2022-03-28 16:23:59,541.98
2022-03-28 16:24:04,541.98
2022-03-28 16:24:09,541.99
2022-03-28 16:24:14,541.92
2022-03-28 16:24:19,541.99
2022-03-28 16:24:24,541.93
2022-03-28 16:24:29,541.93
2022-03-28 16:24:34,541.93
2022-03-28 16:24:39,541.93
2022-03-28 16:24:44,541.93
2022-03-28 16:24:49,541.93
2022-03-28 16:24:54,542.0
2022-03-28 16:24:59,541.94
2022-03-28 16:25:04,541.94
2022-03-28 16:25:09,541.94
2022-03-28 16:25:14,541.95
2022-03-28 16:25:19,541.95
2022-03-28 16:25:24,541.95
2022-03-28 16:25:29,541.95
2022-03-28 16:25:34,541.95
2022-03-28 16:25:39,541.92
2022-03-28 16:25:44,541.92
2022-03-28 16:25:49,541.92
2022-03-28 16:25:54,524.6124174583551
2022-03-28 16:25:59,541.93
2022-03-28 16:26:04,541.93
2022-03-28 16:26:09,541.93
2022-03-28 16:26:14,541.93
2022-03-28 16:26:19,541.93
2022-03-28 16:26:24,541.93
2022-03-28 16:26:29,541.87
2022-03-28 16:26:34,541.94
2022-03-28 16:26:39,524.5350569858796
2022-03-28 16:26:44,541.94
2022-03-28 16:26:49,541.94
2022-03-28 16:26:54,541.94
2022-03-28 16:26:59,541.94
2022-03-28 16:27:04,541.94
2022-03-28 16:27:09,541.98
2022-03-28 16:27:14,541.98
2022-03-28 16:27:19,541.95
2022-03-28 16:27:24,541.98
2022-03-28 16:27:29,524.4512900184592
2022-03-28 16:27:34,541.96
2022-03-28 16:27:39,524.4348267332731
2022-03-28 16:27:44,541.99
2022-03-28 16:27:49,541.99
2022-03-28 16:27:54,542.06
2022-03-28 16:27:59,542.06
2022-03-28 16:28:04,542.06
2022-03-28 16:28:09,542.06
2022-03-28 16:28:14,542.06
2022-03-28 16:28:19,542.13
2022-03-28 16:28:24,542.13
2022-03-28 16:28:29,542.2
2022-03-28 16:28:34,542.23
2022-03-28 16:28:39,524.3381864902241
2022-03-28 16:28:44,542.24
2022-03-28 16:28:49,524.3224484399472
2022-03-28 16:28:54,542.24
2022-03-28 16:28:59,542.3
2022-03-28 16:29:04,542.31
2022-03-28 16:29:09,542.31
2022-03-28 16:29:14,542.37
2022-03-28 16:29:19,542.38
2022-03-28 16:29:24,542.38
2022-03-28 16:29:29,542.38
2022-03-28 16:29:34,542.38
2022-03-28 16:29:39,542.38
2022-03-28 16:29:44,542.51
2022-03-28 16:29:49,542.45
2022-03-28 16:29:54,542.45
2022-03-28 16:29:59,542.55
2022-03-28 16:30:04,542.55
2022-03-28 16:30:09,542.62
2022-03-28 16:30:14,542.68
2022-03-28 16:30:19,542.68
2022-03-28 16:30:24,542.75
2022-03-28 16:30:29,524.1712644655414
2022-03-28 16:30:34,542.76
2022-03-28 16:30:39,542.76
2022-03-28 16:30:44,542.79
2022-03-28 16:30:49,542.86
2022-03-28 16:30:54,524.1353198453936
2022-03-28 16:30:59,542.86
2022-03-28 16:31:04,542.86
2022-03-28 16:31:09,542.93
2022-03-28 16:31:14,542.87
2022-03-28 16:31:19,542.93
2022-03-28 16:31:24,524.0932189902439
2022-03-28 16:31:29,543.0
2022-03-28 16:31:34,543.01
2022-03-28 16:31:39,543.01
2022-03-28 16:31:44,543.01
2022-03-28 16:31:49,524.0590192448605
2022-03-28 16:31:54,543.11
2022-03-28 16:31:59,543.11
2022-03-28 16:32:04,543.11
2022-03-28 16:32:09,543.11
2022-03-28 16:32:14,524.0256449785307
2022-03-28 16:32:19,543.18
2022-03-28 16:32:24,524.0125309357165
2022-03-28 16:32:29,543.32
2022-03-28 16:32:34,543.32
2022-03-28 16:32:39,543.32
2022-03-28 16:32:44,543.32
2022-03-28 16:32:49,543.36
2022-03-28 16:32:54,523.9740168840816
2022-03-28 16:32:59,543.36
2022-03-28 16:33:04,543.36
2022-03-28 16:33:09,543.36
2022-03-28 16:33:14,543.37
2022-03-28 16:33:19,523.9429695162737
2022-03-28 16:33:24,543.43
2022-03-28 16:33:29,523.9308589652537
2022-03-28 16:33:34,523.92487553468
2022-03-28 16:33:39,543.51
2022-03-28 16:33:44,543.44
2022-03-28 16:33:49,543.51
2022-03-28 16:33:54,543.58
2022-03-28 16:33:59,543.51
2022-03-28 16:34:04,543.52
2022-03-28 16:34:09,543.52
2022-03-28 16:34:14,543.52
2022-03-28 16:34:19,543.52
2022-03-28 16:34:24,543.52
2022-03-28 16:34:29,543.53
2022-03-28 16:34:34,543.53
2022-03-28 16:34:39,543.46
2022-03-28 16:34:44,543.46
2022-03-28 16:34:49,543.47
2022-03-28 16:34:54,543.47
2022-03-28 16:34:59,543.41
2022-03-28 16:35:04,523.8270878042159
2022-03-28 16:35:09,543.41
2022-03-28 16:35:14,543.41
2022-03-28 16:35:19,543.41
2022-03-28 16:35:24,543.38
2022-03-28 16:35:29,543.38
2022-03-28 16:35:34,543.38
2022-03-28 16:35:39,543.32
2022-03-28 16:35:44,543.32
2022-03-28 16:35:49,543.32
2022-03-28 16:35:54,543.26
2022-03-28 16:35:59,543.26
2022-03-28 16:36:04,543.2
2022-03-28 16:36:09,543.2
2022-03-28 16:36:14,543.2
2022-03-28 16:36:19,543.2
2022-03-28 16:36:24,523.7605046915183
2022-03-28 16:36:29,543.17
2022-03-28 16:36:34,543.17
2022-03-28 16:36:39,543.1
2022-03-28 16:36:44,543.17
2022-03-28 16:36:49,543.11
2022-03-28 16:36:54,543.05
2022-03-28 16:36:59,542.98
2022-03-28 16:37:04,542.98
2022-03-28 16:37:09,542.98
2022-03-28 16:37:14,523.7313568691825
2022-03-28 16:37:19,542.92
2022-03-28 16:37:24,542.89
2022-03-28 16:37:29,542.89
2022-03-28 16:37:34,523.7227860630722
2022-03-28 16:37:39,542.89
2022-03-28 16:37:44,542.89
2022-03-28 16:37:49,542.89
2022-03-28 16:37:54,542.89
2022-03-28 16:37:59,542.83
2022-03-28 16:38:04,542.89
2022-03-28 16:38:09,542.83
2022-03-28 16:38:14,523.7114456035822
2022-03-28 16:38:19,542.89
2022-03-28 16:38:24,542.89
2022-03-28 16:38:29,542.89
2022-03-28 16:38:34,542.83
2022-03-28 16:38:39,542.89
2022-03-28 16:38:44,542.9
2022-03-28 16:38:49,542.9
2022-03-28 16:38:54,542.9
2022-03-28 16:38:59,523.7087043014749
2022-03-28 16:39:04,542.93
2022-03-28 16:39:09,542.93
2022-03-28 16:39:14,542.94
2022-03-28 16:39:19,542.94
2022-03-28 16:39:24,543.0
2022-03-28 16:39:29,543.0
2022-03-28 16:39:34,543.0
2022-03-28 16:39:39,543.07
2022-03-28 16:39:44,543.07
2022-03-28 16:39:49,523.7193286800851
2022-03-28 16:39:54,543.07
2022-03-28 16:39:59,543.13
2022-03-28 16:40:04,543.2
2022-03-28 16:40:09,543.2
2022-03-28 16:40:14,543.2
2022-03-28 16:40:19,543.2
2022-03-28 16:40:24,543.24
2022-03-28 16:40:29,543.3
2022-03-28 16:40:34,543.3
2022-03-28 16:40:39,543.3
2022-03-28 16:40:44,543.3
2022-03-28 16:40:49,543.43
2022-03-28 16:40:54,543.44
2022-03-28 16:40:59,543.44
2022-03-28 16:41:04,543.47
2022-03-28 16:41:09,543.47
2022-03-28 16:41:14,543.47
2022-03-28 16:41:19,543.47
2022-03-28 16:41:24,543.54
2022-03-28 16:41:29,543.54
2022-03-28 16:41:34,543.54
2022-03-28 16:41:39,543.54
2022-03-28 16:41:44,523.8060246774116
2022-03-28 16:41:49,543.61
2022-03-28 16:41:54,523.8180849083922
2022-03-28 16:41:59,543.61
2022-03-28 16:42:04,543.61
2022-03-28 16:42:09,523.837632490445
2022-03-28 16:42:14,543.61
2022-03-28 16:42:19,543.62
2022-03-28 16:42:24,543.62
2022-03-28 16:42:29,543.62
2022-03-28 16:42:34,543.62
2022-03-28 16:42:39,543.56
2022-03-28 16:42:44,543.56
2022-03-28 16:42:49,543.56
2022-03-28 16:42:54,543.62
2022-03-28 16:42:59,543.56
2022-03-28 16:43:04,523.9248592758172
2022-03-28 16:43:09,523.9340440529301
2022-03-28 16:43:14,523.9434442483304
2022-03-28 16:43:19,543.57
2022-03-28 16:43:24,543.57
2022-03-28 16:43:29,543.57
2022-03-28 16:43:34,543.57
2022-03-28 16:43:39,543.57
2022-03-28 16:43:44,543.57
2022-03-28 16:43:49,543.51
2022-03-28 16:43:54,543.51
2022-03-28 16:43:59,543.51
2022-03-28 16:44:04,543.51
2022-03-28 16:44:09,543.52
2022-03-28 16:44:14,543.48
2022-03-28 16:44:19,543.48
2022-03-28 16:44:24,543.48
2022-03-28 16:44:29,543.42
2022-03-28 16:44:34,543.36
2022-03-28 16:44:39,543.36
2022-03-28 16:44:44,543.3
2022-03-28 16:44:49,543.3
2022-03-28 16:44:54,543.27
2022-03-28 16:44:59,543.2
2022-03-28 16:45:04,543.14
2022-03-28 16:45:09,543.01
2022-03-28 16:45:14,543.01
2022-03-28 16:45:19,542.92
2022-03-28 16:45:24,524.2681786343925
2022-03-28 16:45:29,542.86
2022-03-28 16:45:34,542.76
2022-03-28 16:45:39,542.7
2022-03-28 16:45:44,542.57
2022-03-28 16:45:49,542.51
2022-03-28 16:45:54,542.48
2022-03-28 16:45:59,542.35
2022-03-28 16:46:04,542.25
2022-03-28 16:46:09,542.12
2022-03-28 16:46:14,542.0
2022-03-28 16:46:19,524.4558508247197
2022-03-28 16:46:24,541.74
2022-03-28 16:46:29,541.61
2022-03-28 16:46:34,541.45
2022-03-28 16:46:39,524.5320986214792
2022-03-28 16:46:44,541.16
2022-03-28 16:46:49,541.04
2022-03-28 16:46:54,540.81
2022-03-28 16:46:59,540.65
2022-03-28 16:47:04,540.53
2022-03-28 16:47:09,540.36
2022-03-28 16:47:14,540.2
2022-03-28 16:47:19,524.6978081922914
2022-03-28 16:47:24,539.85
2022-03-28 16:47:29,539.69
2022-03-28 16:47:34,539.63
2022-03-28 16:47:39,539.44
2022-03-28 16:47:44,539.28
2022-03-28 16:47:49,539.12
2022-03-28 16:47:54,524.8569889064745
2022-03-28 16:47:59,538.92
2022-03-28 16:48:04,524.904834502358
2022-03-28 16:48:09,538.67
2022-03-28 16:48:14,538.48
2022-03-28 16:48:19,538.41
2022-03-28 16:48:24,538.32
2022-03-28 16:48:29,538.19
2022-03-28 16:48:34,538.09
2022-03-28 16:48:39,538.03
2022-03-28 16:48:44,537.9
2022-03-28 16:48:49,525.1327617056427
2022-03-28 16:48:54,537.74
2022-03-28 16:48:59,537.65
2022-03-28 16:49:04,537.58
2022-03-28 16:49:09,537.52
2022-03-28 16:49:14,537.39
2022-03-28 16:49:19,537.36
2022-03-28 16:49:24,537.36
2022-03-28 16:49:29,537.3
2022-03-28 16:49:34,537.17
2022-03-28 16:49:39,537.14
2022-03-28 16:49:44,537.01
2022-03-28 16:49:49,537.01
2022-03-28 16:49:54,536.95
2022-03-28 16:49:59,536.89
2022-03-28 16:50:04,536.86
2022-03-28 16:50:09,536.79
2022-03-28 16:50:14,536.8
2022-03-28 16:50:19,536.8
2022-03-28 16:50:24,536.73
2022-03-28 16:50:29,536.73
2022-03-28 16:50:34,536.67
2022-03-28 16:50:39,536.67
2022-03-28 16:50:44,536.67
2022-03-28 16:50:49,536.67
2022-03-28 16:50:54,536.68
2022-03-28 16:50:59,536.64
2022-03-28 16:51:04,536.68
2022-03-28 16:51:09,536.68
2022-03-28 16:51:14,536.68
2022-03-28 16:51:19,536.75
2022-03-28 16:51:24,526.0646094947825
2022-03-28 16:51:29,536.68
2022-03-28 16:51:34,536.81
2022-03-28 16:51:39,536.81
2022-03-28 16:51:44,536.88
2022-03-28 16:51:49,536.91
2022-03-28 16:51:54,536.98
2022-03-28 16:51:59,537.04
2022-03-28 16:52:04,537.11
2022-03-28 16:52:09,537.18
2022-03-28 16:52:14,537.27
2022-03-28 16:52:19,537.34
2022-03-28 16:52:24,537.4
2022-03-28 16:52:29,537.44
2022-03-28 16:52:34,537.5
2022-03-28 16:52:39,537.63
2022-03-28 16:52:44,537.7
2022-03-28 16:52:49,537.79
2022-03-28 16:52:54,537.86
2022-03-28 16:52:59,537.92
2022-03-28 16:53:04,538.02
2022-03-28 16:53:09,538.09
2022-03-28 16:53:14,526.8482019927743
2022-03-28 16:53:19,538.21
2022-03-28 16:53:24,538.38
2022-03-28 16:53:29,538.38
2022-03-28 16:53:34,538.47
2022-03-28 16:53:39,538.54
2022-03-28 16:53:44,538.67
2022-03-28 16:53:49,538.67
2022-03-28 16:53:54,538.77
2022-03-28 16:53:59,538.9
2022-03-28 16:54:04,527.2335542079617
2022-03-28 16:54:09,538.99
2022-03-28 16:54:14,527.312635184425
2022-03-28 16:54:19,539.19
2022-03-28 16:54:24,539.25
2022-03-28 16:54:29,539.35
2022-03-28 16:54:34,539.41
2022-03-28 16:54:39,527.5131402248815
2022-03-28 16:54:44,539.57
2022-03-28 16:54:49,539.64
2022-03-28 16:54:54,539.8
2022-03-28 16:54:59,539.8
2022-03-28 16:55:04,539.86
2022-03-28 16:55:09,539.99
2022-03-28 16:55:14,540.03
2022-03-28 16:55:19,540.15
2022-03-28 16:55:24,540.22
2022-03-28 16:55:29,540.28
2022-03-28 16:55:34,540.38
2022-03-28 16:55:39,540.44
2022-03-28 16:55:44,540.54
2022-03-28 16:55:49,540.54
2022-03-28 16:55:54,540.67
2022-03-28 16:55:59,540.73
2022-03-28 16:56:04,528.2228526146932
2022-03-28 16:56:09,540.83
2022-03-28 16:56:14,528.3089942426608
2022-03-28 16:56:19,540.95
2022-03-28 16:56:24,541.02
2022-03-28 16:56:29,541.05
2022-03-28 16:56:34,528.4828286148221
2022-03-28 16:56:39,541.24
2022-03-28 16:56:44,528.5705004764158
2022-03-28 16:56:49,541.34
2022-03-28 16:56:54,541.4
2022-03-28 16:56:59,541.47
2022-03-28 16:57:04,541.46
2022-03-28 16:57:09,541.56
2022-03-28 16:57:14,541.62
2022-03-28 16:57:19,541.69
2022-03-28 16:57:24,541.75
2022-03-28 16:57:29,528.9709268988527
2022-03-28 16:57:34,541.91
2022-03-28 16:57:39,541.91
2022-03-28 16:57:44,541.98
2022-03-28 16:57:49,542.04
2022-03-28 16:57:54,542.14
2022-03-28 16:57:59,542.2
2022-03-28 16:58:04,542.33
2022-03-28 16:58:09,542.33
2022-03-28 16:58:14,542.43
2022-03-28 16:58:19,542.49
2022-03-28 16:58:24,529.4724020180041
2022-03-28 16:58:29,542.65
2022-03-28 16:58:34,542.78
2022-03-28 16:58:39,542.85
2022-03-28 16:58:44,542.88
2022-03-28 16:58:49,543.01
2022-03-28 16:58:54,543.07
2022-03-28 16:58:59,543.17
2022-03-28 16:59:04,543.23
2022-03-28 16:59:09,543.29
2022-03-28 16:59:14,543.39
2022-03-28 16:59:19,543.52
2022-03-28 16:59:24,543.52
2022-03-28 16:59:29,543.68
2022-03-28 16:59:34,543.74
2022-03-28 16:59:39,543.88
2022-03-28 16:59:44,543.91
2022-03-28 16:59:49,544.04
2022-03-28 16:59:54,544.14
2022-03-28 16:59:59,544.2
2022-03-28 17:00:04,544.26
2022-03-28 17:00:09,544.43
2022-03-28 17:00:14,544.55
2022-03-28 17:00:19,544.62
2022-03-28 17:00:24,544.65
2022-03-28 17:00:29,544.78
2022-03-28 17:00:34,544.85
2022-03-28 17:00:39,545.01
2022-03-28 17:00:44,545.07
2022-03-28 17:00:49,545.17
2022-03-28 17:00:54,530.8941381052324
2022-03-28 17:00:59,545.36
2022-03-28 17:01:04,545.46
2022-03-28 17:01:09,545.52
2022-03-28 17:01:14,545.65
2022-03-28 17:01:19,545.75
2022-03-28 17:01:24,545.88
2022-03-28 17:01:29,545.94
2022-03-28 17:01:34,545.98
2022-03-28 17:01:39,546.11
2022-03-28 17:01:44,546.27
2022-03-28 17:01:49,546.33
2022-03-28 17:01:54,546.4
2022-03-28 17:01:59,546.5
2022-03-28 17:02:04,546.5
2022-03-28 17:02:09,546.62
2022-03-28 17:02:14,546.69
2022-03-28 17:02:19,546.72
2022-03-28 17:02:24,546.72
2022-03-28 17:02:29,546.78
2022-03-28 17:02:34,546.85
2022-03-28 17:02:39,546.85
2022-03-28 17:02:44,546.91
2022-03-28 17:02:49,546.91
2022-03-28 17:02:54,546.98
2022-03-28 17:02:59,546.98
2022-03-28 17:03:04,546.98
2022-03-28 17:03:09,546.98
2022-03-28 17:03:14,546.98
2022-03-28 17:03:19,546.98
2022-03-28 17:03:24,532.3697427587938
2022-03-28 17:03:29,547.01
2022-03-28 17:03:34,532.4694437221312
2022-03-28 17:03:39,532.5193438389344
2022-03-28 17:03:44,546.98
2022-03-28 17:03:49,532.6192395297857
2022-03-28 17:03:54,546.92
2022-03-28 17:03:59,546.85
2022-03-28 17:04:04,546.85
2022-03-28 17:04:09,546.85
2022-03-28 17:04:14,546.79
2022-03-28 17:04:19,546.72
2022-03-28 17:04:24,546.72
2022-03-28 17:04:29,546.72
2022-03-28 17:04:34,546.69
2022-03-28 17:04:39,546.62
2022-03-28 17:04:44,546.56
2022-03-28 17:04:49,546.56
2022-03-28 17:04:54,533.2712673262658
2022-03-28 17:04:59,546.49
2022-03-28 17:05:04,546.46
2022-03-28 17:05:09,546.39
2022-03-28 17:05:14,533.4726706125051
2022-03-28 17:05:19,546.26
2022-03-28 17:05:24,546.26
2022-03-28 17:05:29,546.19
2022-03-28 17:05:34,546.16
2022-03-28 17:05:39,546.16
2022-03-28 17:05:44,546.1
2022-03-28 17:05:49,546.1
2022-03-28 17:05:54,546.03
2022-03-28 17:05:59,545.97
2022-03-28 17:06:04,545.94
2022-03-28 17:06:09,545.94
2022-03-28 17:06:14,545.93
2022-03-28 17:06:19,545.93
2022-03-28 17:06:24,545.87
2022-03-28 17:06:29,545.87
2022-03-28 17:06:34,545.8
2022-03-28 17:06:39,545.8
2022-03-28 17:06:44,534.3817623444486
2022-03-28 17:06:49,545.8
2022-03-28 17:06:54,545.8
2022-03-28 17:06:59,545.73
2022-03-28 17:07:04,545.8
2022-03-28 17:07:09,545.73
2022-03-28 17:07:14,534.6852902490909
2022-03-28 17:07:19,545.73
2022-03-28 17:07:24,545.72
2022-03-28 17:07:29,545.72
2022-03-28 17:07:34,545.72
2022-03-28 17:07:39,545.72
2022-03-28 17:07:44,545.66
2022-03-28 17:07:49,545.66
2022-03-28 17:07:54,535.0899254028095
2022-03-28 17:07:59,545.63
2022-03-28 17:08:04,535.1910312477071
2022-03-28 17:08:09,545.62
2022-03-28 17:08:14,545.62
2022-03-28 17:08:19,545.62
2022-03-28 17:08:24,545.55
2022-03-28 17:08:29,545.56
2022-03-28 17:08:34,545.49
2022-03-28 17:08:39,545.49
2022-03-28 17:08:44,545.49
2022-03-28 17:08:49,545.43
2022-03-28 17:08:54,545.42
2022-03-28 17:08:59,545.42
2022-03-28 17:09:04,545.42
2022-03-28 17:09:09,545.39
2022-03-28 17:09:14,545.33
2022-03-28 17:09:19,545.33
2022-03-28 17:09:24,545.33
2022-03-28 17:09:29,545.26
2022-03-28 17:09:34,545.26
2022-03-28 17:09:39,545.2
2022-03-28 17:09:44,545.2
2022-03-28 17:09:49,536.2494609524962
2022-03-28 17:09:54,545.13
2022-03-28 17:09:59,545.1
2022-03-28 17:10:04,536.3999529776224
2022-03-28 17:10:09,545.13
2022-03-28 17:10:14,545.1
2022-03-28 17:10:19,545.04
2022-03-28 17:10:24,545.04
2022-03-28 17:10:29,545.04
2022-03-28 17:10:34,544.97
2022-03-28 17:10:39,544.97
2022-03-28 17:10:44,544.91
2022-03-28 17:10:49,544.91
2022-03-28 17:10:54,544.88
2022-03-28 17:10:59,544.81
2022-03-28 17:11:04,544.81
2022-03-28 17:11:09,544.81
2022-03-28 17:11:14,544.75
2022-03-28 17:11:19,544.68
2022-03-28 17:11:24,544.68
2022-03-28 17:11:29,544.62
2022-03-28 17:11:34,544.62
2022-03-28 17:11:39,544.62
2022-03-28 17:11:44,544.52
2022-03-28 17:11:49,544.59
2022-03-28 17:11:54,544.52
2022-03-28 17:11:59,544.46
2022-03-28 17:12:04,544.46
2022-03-28 17:12:09,544.39
2022-03-28 17:12:14,537.6919669855558
2022-03-28 17:12:19,537.7411182123724
2022-03-28 17:12:24,544.4
2022-03-28 17:12:29,544.39
2022-03-28 17:12:34,544.36
2022-03-28 17:12:39,537.9372431174045
2022-03-28 17:12:44,544.36
2022-03-28 17:12:49,544.3
2022-03-28 17:12:54,544.3
2022-03-28 17:12:59,544.3
2022-03-28 17:13:04,544.24
2022-03-28 17:13:09,544.23
2022-03-28 17:13:14,544.17
2022-03-28 17:13:19,544.1
2022-03-28 17:13:24,544.17
2022-03-28 17:13:29,544.1
2022-03-28 17:13:34,544.07
2022-03-28 17:13:39,544.07
2022-03-28 17:13:44,544.01
2022-03-28 17:13:49,544.01
2022-03-28 17:13:54,544.01
2022-03-28 17:13:59,543.94
2022-03-28 17:14:04,543.94
2022-03-28 17:14:09,543.88
2022-03-28 17:14:14,538.8570153342679
2022-03-28 17:14:19,543.88
2022-03-28 17:14:24,543.88
2022-03-28 17:14:29,543.85
2022-03-28 17:14:34,539.0478472232018
2022-03-28 17:14:39,543.78
2022-03-28 17:14:44,543.84
2022-03-28 17:14:49,543.78
2022-03-28 17:14:54,543.78
2022-03-28 17:14:59,543.78
2022-03-28 17:15:04,543.71
2022-03-28 17:15:09,543.71
2022-03-28 17:15:14,543.64
2022-03-28 17:15:19,543.58
2022-03-28 17:15:24,543.58
2022-03-28 17:15:29,543.55
2022-03-28 17:15:34,543.55
2022-03-28 17:15:39,543.55
2022-03-28 17:15:44,543.54
2022-03-28 17:15:49,543.48
2022-03-28 17:15:54,543.48
2022-03-28 17:15:59,543.48
2022-03-28 17:16:04,543.48
2022-03-28 17:16:09,543.41
2022-03-28 17:16:14,543.41
2022-03-28 17:16:19,543.34
2022-03-28 17:16:24,543.34
2022-03-28 17:16:29,543.4
2022-03-28 17:16:34,543.4
2022-03-28 17:16:39,543.4
2022-03-28 17:16:44,543.34
2022-03-28 17:16:49,543.4
2022-03-28 17:16:54,540.3509472758284
2022-03-28 17:16:59,543.4
2022-03-28 17:17:04,543.4
2022-03-28 17:17:09,543.33
2022-03-28 17:17:14,543.33
2022-03-28 17:17:19,543.4
2022-03-28 17:17:24,543.33
2022-03-28 17:17:29,543.33
2022-03-28 17:17:34,543.33
2022-03-28 17:17:39,543.39
2022-03-28 17:17:44,543.39
2022-03-28 17:17:49,540.845390111466
2022-03-28 17:17:54,540.8898042522147
2022-03-28 17:17:59,543.45
2022-03-28 17:18:04,543.45
2022-03-28 17:18:09,541.022494231375
2022-03-28 17:18:14,543.51
2022-03-28 17:18:19,543.51
2022-03-28 17:18:24,543.51
2022-03-28 17:18:29,543.54
2022-03-28 17:18:34,543.54
2022-03-28 17:18:39,543.6
2022-03-28 17:18:44,543.54
2022-03-28 17:18:49,543.67
2022-03-28 17:18:54,543.67
2022-03-28 17:18:59,543.67
2022-03-28 17:19:04,541.5017132843942
2022-03-28 17:19:09,543.72
2022-03-28 17:19:14,543.66
2022-03-28 17:19:19,543.66
2022-03-28 17:19:24,543.79
2022-03-28 17:19:29,543.79
2022-03-28 17:19:34,543.82
2022-03-28 17:19:39,541.8004358856525
2022-03-28 17:19:44,543.82
2022-03-28 17:19:49,543.88
2022-03-28 17:19:54,541.9269150160733
2022-03-28 17:19:59,543.88
2022-03-28 17:20:04,543.94
2022-03-28 17:20:09,543.94
2022-03-28 17:20:14,544.01
2022-03-28 17:20:19,544.04
2022-03-28 17:20:24,544.04
2022-03-28 17:20:29,544.1
2022-03-28 17:20:34,544.1
2022-03-28 17:20:39,544.1
2022-03-28 17:20:44,544.1
2022-03-28 17:20:49,544.16
2022-03-28 17:20:54,544.17
2022-03-28 17:20:59,544.17
2022-03-28 17:21:04,544.23
2022-03-28 17:21:09,542.5447607764955
2022-03-28 17:21:14,544.29
2022-03-28 17:21:19,544.29
2022-03-28 17:21:24,544.33
2022-03-28 17:21:29,544.32
2022-03-28 17:21:34,544.32
2022-03-28 17:21:39,544.39
2022-03-28 17:21:44,542.8244213304188
2022-03-28 17:21:49,542.8639049619212
2022-03-28 17:21:54,544.52
2022-03-28 17:21:59,544.52
2022-03-28 17:22:04,544.55
2022-03-28 17:22:09,544.61
2022-03-28 17:22:14,544.61
2022-03-28 17:22:19,544.61
2022-03-28 17:22:24,544.68
2022-03-28 17:22:29,544.68
2022-03-28 17:22:34,544.68
2022-03-28 17:22:39,544.68
2022-03-28 17:22:44,544.74
2022-03-28 17:22:49,543.3282862116024
2022-03-28 17:22:54,544.81
2022-03-28 17:22:59,544.8
2022-03-28 17:23:04,544.81
2022-03-28 17:23:09,544.84
2022-03-28 17:23:14,544.84
2022-03-28 17:23:19,544.9
2022-03-28 17:23:24,544.84
2022-03-28 17:23:29,544.9
2022-03-28 17:23:34,544.9
2022-03-28 17:23:39,544.97
2022-03-28 17:23:44,544.97
2022-03-28 17:23:49,545.03
2022-03-28 17:23:54,545.03
2022-03-28 17:23:59,545.03
2022-03-28 17:24:04,545.03
2022-03-28 17:24:09,545.06
2022-03-28 17:24:14,545.03
2022-03-28 17:24:19,545.06
2022-03-28 17:24:24,545.06
2022-03-28 17:24:29,545.06
2022-03-28 17:24:34,545.06
2022-03-28 17:24:39,545.12
2022-03-28 17:24:44,545.06
2022-03-28 17:24:49,545.12
2022-03-28 17:24:54,545.05
2022-03-28 17:24:59,545.12
2022-03-28 17:25:04,545.12
2022-03-28 17:25:09,545.18
2022-03-28 17:25:14,545.18
2022-03-28 17:25:19,545.12
2022-03-28 17:25:24,544.4418092108388
2022-03-28 17:25:29,545.18
2022-03-28 17:25:34,545.18
2022-03-28 17:25:39,545.18
2022-03-28 17:25:44,545.18
2022-03-28 17:25:49,545.18
2022-03-28 17:25:54,545.18
2022-03-28 17:25:59,545.17
2022-03-28 17:26:04,545.17
2022-03-28 17:26:09,545.17
2022-03-28 17:26:14,545.17
2022-03-28 17:26:19,545.17
2022-03-28 17:26:24,545.17
2022-03-28 17:26:29,545.17
2022-03-28 17:26:34,545.1
2022-03-28 17:26:39,545.04
2022-03-28 17:26:44,545.17
2022-03-28 17:26:49,545.04
2022-03-28 17:26:54,545.0262310777848
2022-03-28 17:26:59,545.04
2022-03-28 17:27:04,545.09
2022-03-28 17:27:09,545.0
2022-03-28 17:27:14,545.1494561253589
2022-03-28 17:27:19,545.0
2022-03-28 17:27:24,544.93
2022-03-28 17:27:29,544.87
2022-03-28 17:27:34,544.86
2022-03-28 17:27:39,544.8
2022-03-28 17:27:44,544.77
2022-03-28 17:27:49,544.76
2022-03-28 17:27:54,544.63
2022-03-28 17:27:59,544.63
2022-03-28 17:28:04,544.63
2022-03-28 17:28:09,544.5
2022-03-28 17:28:14,544.5
2022-03-28 17:28:19,544.47
2022-03-28 17:28:24,544.4
2022-03-28 17:28:29,545.589014835114
2022-03-28 17:28:34,544.4
2022-03-28 17:28:39,544.33
2022-03-28 17:28:44,545.6725429942378
2022-03-28 17:28:49,545.7000537270475
2022-03-28 17:28:54,544.27
2022-03-28 17:28:59,544.23
2022-03-28 17:29:04,544.23
2022-03-28 17:29:09,544.17
2022-03-28 17:29:14,544.16
2022-03-28 17:29:19,544.16
2022-03-28 17:29:24,544.16
2022-03-28 17:29:29,544.16
2022-03-28 17:29:34,544.1
2022-03-28 17:29:39,544.1
2022-03-28 17:29:44,545.9915715740362
2022-03-28 17:29:49,546.0170593844978
2022-03-28 17:29:54,544.02
2022-03-28 17:29:59,544.02
2022-03-28 17:30:04,544.09
2022-03-28 17:30:09,544.02
2022-03-28 17:30:14,546.1419555338997
2022-03-28 17:30:19,544.09
2022-03-28 17:30:24,544.09
2022-03-28 17:30:29,544.09
2022-03-28 17:30:34,544.09
2022-03-28 17:30:39,544.09
2022-03-28 17:30:44,544.15
2022-03-28 17:30:49,544.09
2022-03-28 17:30:54,544.15
2022-03-28 17:30:59,544.15
2022-03-28 17:31:04,546.3789957001483
2022-03-28 17:31:09,544.09
2022-03-28 17:31:14,544.15
2022-03-28 17:31:19,544.09
2022-03-28 17:31:24,546.4690342931669
2022-03-28 17:31:29,544.15
2022-03-28 17:31:34,544.15
2022-03-28 17:31:39,546.5347660896936
2022-03-28 17:31:44,546.5563338730121
2022-03-28 17:31:49,544.15
2022-03-28 17:31:54,544.24
2022-03-28 17:31:59,544.21
2022-03-28 17:32:04,544.21
2022-03-28 17:32:09,544.21
2022-03-28 17:32:14,544.24
2022-03-28 17:32:19,544.24
2022-03-28 17:32:24,544.24
2022-03-28 17:32:29,544.31
2022-03-28 17:32:34,544.31
2022-03-28 17:32:39,544.31
2022-03-28 17:32:44,544.31
2022-03-28 17:32:49,544.37
2022-03-28 17:32:54,544.44
2022-03-28 17:32:59,544.44
2022-03-28 17:33:04,544.44
2022-03-28 17:33:09,544.47
2022-03-28 17:33:14,544.47
2022-03-28 17:33:19,544.47
2022-03-28 17:33:24,544.53
2022-03-28 17:33:29,544.54
2022-03-28 17:33:34,544.6
2022-03-28 17:33:39,544.66
2022-03-28 17:33:44,544.66
2022-03-28 17:33:49,544.66
2022-03-28 17:33:54,544.73
2022-03-28 17:33:59,544.73
2022-03-28 17:34:04,544.76
2022-03-28 17:34:09,544.73
2022-03-28 17:34:14,544.73
2022-03-28 17:34:19,547.1393726985085
2022-03-28 17:34:24,544.76
2022-03-28 17:34:29,544.76
2022-03-28 17:34:34,544.82
2022-03-28 17:34:39,547.2024491700308
2022-03-28 17:34:44,547.2177813828209
2022-03-28 17:34:49,547.2329386454846
2022-03-28 17:34:54,544.88
2022-03-28 17:34:59,547.2627279442527
2022-03-28 17:35:04,544.88
2022-03-28 17:35:09,544.88
2022-03-28 17:35:14,544.95
2022-03-28 17:35:19,544.88
2022-03-28 17:35:24,544.88
2022-03-28 17:35:29,544.88
2022-03-28 17:35:34,544.88
2022-03-28 17:35:39,544.95
2022-03-28 17:35:44,544.88
2022-03-28 17:35:49,544.82
2022-03-28 17:35:54,544.88
2022-03-28 17:35:59,544.82
2022-03-28 17:36:04,544.81
2022-03-28 17:36:09,544.81
2022-03-28 17:36:14,544.81
2022-03-28 17:36:19,544.81
2022-03-28 17:36:24,544.81
2022-03-28 17:36:29,544.81
2022-03-28 17:36:34,544.81
2022-03-28 17:36:39,544.81
2022-03-28 17:36:44,544.81
2022-03-28 17:36:49,544.74
2022-03-28 17:36:54,547.5547363391679
2022-03-28 17:36:59,544.71
2022-03-28 17:37:04,544.74
2022-03-28 17:37:09,544.71
2022-03-28 17:37:14,544.71
2022-03-28 17:37:19,544.64
2022-03-28 17:37:24,544.64
2022-03-28 17:37:29,544.64
2022-03-28 17:37:34,544.64
2022-03-28 17:37:39,544.64
2022-03-28 17:37:44,544.57
2022-03-28 17:37:49,544.63
2022-03-28 17:37:54,547.6699079472731
2022-03-28 17:37:59,544.57
2022-03-28 17:38:04,544.57
2022-03-28 17:38:09,544.56
2022-03-28 17:38:14,544.5
2022-03-28 17:38:19,544.5
2022-03-28 17:38:24,544.56
2022-03-28 17:38:29,544.49
2022-03-28 17:38:34,544.49
2022-03-28 17:38:39,544.49
2022-03-28 17:38:44,544.43
2022-03-28 17:38:49,544.43
2022-03-28 17:38:54,547.7593721225312
2022-03-28 17:38:59,544.39
2022-03-28 17:39:04,544.42
2022-03-28 17:39:09,544.39
2022-03-28 17:39:14,544.39
2022-03-28 17:39:19,544.39
2022-03-28 17:39:24,544.38
2022-03-28 17:39:29,544.41
2022-03-28 17:39:34,544.38
2022-03-28 17:39:39,544.38
2022-03-28 17:39:44,544.38
2022-03-28 17:39:49,544.32
2022-03-28 17:39:54,544.38
2022-03-28 17:39:59,544.38
2022-03-28 17:40:04,544.31
2022-03-28 17:40:09,544.38
2022-03-28 17:40:14,544.38
2022-03-28 17:40:19,544.38
2022-03-28 17:40:24,544.38
2022-03-28 17:40:29,544.31
2022-03-28 17:40:34,544.31
2022-03-28 17:40:39,544.31
2022-03-28 17:40:44,544.24
2022-03-28 17:40:49,544.31
2022-03-28 17:40:54,544.18
2022-03-28 17:40:59,544.24
2022-03-28 17:41:04,544.18
2022-03-28 17:41:09,544.18
2022-03-28 17:41:14,544.18
2022-03-28 17:41:19,544.18
2022-03-28 17:41:24,544.15
2022-03-28 17:41:29,544.08
2022-03-28 17:41:34,544.02
2022-03-28 17:41:39,544.01
2022-03-28 17:41:44,544.02
2022-03-28 17:41:49,547.871952185147
2022-03-28 17:41:54,543.95
2022-03-28 17:41:59,543.95
2022-03-28 17:42:04,543.89
2022-03-28 17:42:09,543.89
2022-03-28 17:42:14,543.89
2022-03-28 17:42:19,543.86
2022-03-28 17:42:24,547.867704465723
2022-03-28 17:42:29,543.86
2022-03-28 17:42:34,543.79
2022-03-28 17:42:39,543.79
2022-03-28 17:42:44,543.73
2022-03-28 17:42:49,547.8591641931231
2022-03-28 17:42:54,543.73
2022-03-28 17:42:59,543.73
2022-03-28 17:43:04,543.66
2022-03-28 17:43:09,543.66
2022-03-28 17:43:14,543.66
2022-03-28 17:43:19,543.63
2022-03-28 17:43:24,543.57
2022-03-28 17:43:29,543.63
2022-03-28 17:43:34,543.57
2022-03-28 17:43:39,543.57
2022-03-28 17:43:44,543.57
2022-03-28 17:43:49,543.57
2022-03-28 17:43:54,547.8154195960209
2022-03-28 17:43:59,543.57
2022-03-28 17:44:04,543.5
2022-03-28 17:44:09,547.8009137398379
2022-03-28 17:44:14,543.57
2022-03-28 17:44:19,543.57
2022-03-28 17:44:24,543.57
2022-03-28 17:44:29,547.7790092323771
2022-03-28 17:44:34,547.7730760713633
2022-03-28 17:44:39,543.57
2022-03-28 17:44:44,543.57
2022-03-28 17:44:49,543.57
2022-03-28 17:44:54,543.5
2022-03-28 17:44:59,543.57
2022-03-28 17:45:04,543.5
2022-03-28 17:45:09,543.57
2022-03-28 17:45:14,543.57
2022-03-28 17:45:19,543.5
2022-03-28 17:45:24,543.5
2022-03-28 17:45:29,543.5
2022-03-28 17:45:34,543.5
2022-03-28 17:45:39,543.5
2022-03-28 17:45:44,543.5
2022-03-28 17:45:49,543.5
2022-03-28 17:45:54,543.5
2022-03-28 17:45:59,543.5
2022-03-28 17:46:04,547.6351576114967
2022-03-28 17:46:09,547.625773241904
2022-03-28 17:46:14,543.5
2022-03-28 17:46:19,543.5
2022-03-28 17:46:24,543.5
2022-03-28 17:46:29,543.49
2022-03-28 17:46:34,543.5
2022-03-28 17:46:39,543.5
2022-03-28 17:46:44,543.43
2022-03-28 17:46:49,543.43
2022-03-28 17:46:54,543.43
2022-03-28 17:46:59,543.49
2022-03-28 17:47:04,543.43
2022-03-28 17:47:09,547.499106177857
2022-03-28 17:47:14,543.42
2022-03-28 17:47:19,547.4754798272808
2022-03-28 17:47:24,543.42
2022-03-28 17:47:29,543.42
2022-03-28 17:47:34,543.49
2022-03-28 17:47:39,543.35
2022-03-28 17:47:44,547.4132817840425
2022-03-28 17:47:49,547.4003060842264
2022-03-28 17:47:54,543.48
2022-03-28 17:47:59,543.48
2022-03-28 17:48:04,543.48
2022-03-28 17:48:09,547.3466198631957
2022-03-28 17:48:14,547.3327529848158
2022-03-28 17:48:19,543.47
2022-03-28 17:48:24,543.54
2022-03-28 17:48:29,543.54
2022-03-28 17:48:34,543.54
2022-03-28 17:48:39,543.6
2022-03-28 17:48:44,543.63
2022-03-28 17:48:49,543.63
2022-03-28 17:48:54,543.63
2022-03-28 17:48:59,543.63
2022-03-28 17:49:04,543.69
2022-03-28 17:49:09,543.69
2022-03-28 17:49:14,543.69
2022-03-28 17:49:19,543.75
2022-03-28 17:49:24,543.82
2022-03-28 17:49:29,543.75
2022-03-28 17:49:34,543.84
2022-03-28 17:49:39,543.84
2022-03-28 17:49:44,547.0528286465698
2022-03-28 17:49:49,547.0355995634122
2022-03-28 17:49:54,543.97
2022-03-28 17:49:59,543.97
2022-03-28 17:50:04,544.03
2022-03-28 17:50:09,544.03
2022-03-28 17:50:14,544.09
2022-03-28 17:50:19,544.12
2022-03-28 17:50:24,544.12
2022-03-28 17:50:29,544.12
2022-03-28 17:50:34,544.12
2022-03-28 17:50:39,544.19
2022-03-28 17:50:44,544.18
2022-03-28 17:50:49,544.25
2022-03-28 17:50:54,544.25
2022-03-28 17:50:59,544.31
2022-03-28 17:51:04,546.7561157149283
2022-03-28 17:51:09,544.31
2022-03-28 17:51:14,544.35
2022-03-28 17:51:19,544.35
2022-03-28 17:51:24,544.35
2022-03-28 17:51:29,544.34
2022-03-28 17:51:34,546.6333213712577
2022-03-28 17:51:39,544.41
2022-03-28 17:51:44,544.47
2022-03-28 17:51:49,544.54
2022-03-28 17:51:54,544.54
2022-03-28 17:51:59,544.53
2022-03-28 17:52:04,544.6
2022-03-28 17:52:09,544.6
2022-03-28 17:52:14,544.6
2022-03-28 17:52:19,544.63
2022-03-28 17:52:24,544.63
2022-03-28 17:52:29,544.63
2022-03-28 17:52:34,544.69
2022-03-28 17:52:39,544.69
2022-03-28 17:52:44,544.69
2022-03-28 17:52:49,544.69
2022-03-28 17:52:54,544.69
2022-03-28 17:52:59,544.7
2022-03-28 17:53:04,544.7
2022-03-28 17:53:09,544.69
2022-03-28 17:53:14,544.7
2022-03-28 17:53:19,544.69
2022-03-28 17:53:24,544.7
2022-03-28 17:53:29,544.76
2022-03-28 17:53:34,544.7
2022-03-28 17:53:39,544.7
2022-03-28 17:53:44,546.0292661778411
2022-03-28 17:53:49,546.00371429758
2022-03-28 17:53:54,544.76
2022-03-28 17:53:59,544.76
2022-03-28 17:54:04,545.9260343832044
2022-03-28 17:54:09,544.76
2022-03-28 17:54:14,544.76
2022-03-28 17:54:19,544.83
2022-03-28 17:54:24,545.8200751669723
2022-03-28 17:54:29,544.83
2022-03-28 17:54:34,544.76
2022-03-28 17:54:39,544.76
2022-03-28 17:54:44,544.76
2022-03-28 17:54:49,544.76
2022-03-28 17:54:54,544.7
2022-03-28 17:54:59,544.76
2022-03-28 17:55:04,545.6000017244745
2022-03-28 17:55:09,544.76
2022-03-28 17:55:14,544.7
2022-03-28 17:55:19,544.77
2022-03-28 17:55:24,545.4859011255852
2022-03-28 17:55:29,544.77
2022-03-28 17:55:34,544.7
2022-03-28 17:55:39,544.7
2022-03-28 17:55:44,544.7
2022-03-28 17:55:49,544.7
2022-03-28 17:55:54,544.7
2022-03-28 17:55:59,544.7
2022-03-28 17:56:04,544.64
2022-03-28 17:56:09,544.64
2022-03-28 17:56:14,544.64
2022-03-28 17:56:19,544.63
2022-03-28 17:56:24,544.54
2022-03-28 17:56:29,545.0964614447113
2022-03-28 17:56:34,544.53
2022-03-28 17:56:39,545.0340311461813
2022-03-28 17:56:44,544.47
2022-03-28 17:56:49,544.47
2022-03-28 17:56:54,544.47
2022-03-28 17:56:59,544.4
2022-03-28 17:57:04,544.4
2022-03-28 17:57:09,544.4
2022-03-28 17:57:14,544.4
2022-03-28 17:57:19,544.4
2022-03-28 17:57:24,544.34
2022-03-28 17:57:29,544.7118685299997
2022-03-28 17:57:34,544.34
2022-03-28 17:57:39,544.645444696721
2022-03-28 17:57:44,544.24
2022-03-28 17:57:49,544.24
2022-03-28 17:57:54,544.24
2022-03-28 17:57:59,544.24
2022-03-28 17:58:04,544.24
2022-03-28 17:58:09,544.17
2022-03-28 17:58:14,544.17
2022-03-28 17:58:19,544.3732144611105
2022-03-28 17:58:24,544.1
2022-03-28 17:58:29,544.1
2022-03-28 17:58:34,544.1
2022-03-28 17:58:39,544.1
2022-03-28 17:58:44,544.07
2022-03-28 17:58:49,544.07
2022-03-28 17:58:54,544.07
2022-03-28 17:58:59,544.0
2022-03-28 17:59:04,544.0
2022-03-28 17:59:09,544.0
2022-03-28 17:59:14,543.9821393058835
2022-03-28 17:59:19,543.94
2022-03-28 17:59:24,543.94
2022-03-28 17:59:29,543.93
2022-03-28 17:59:34,543.8
2022-03-28 17:59:39,543.86
2022-03-28 17:59:44,543.86
2022-03-28 17:59:49,543.86
2022-03-28 17:59:54,543.8
2022-03-28 17:59:59,543.8
2022-03-28 18:00:04,543.8
2022-03-28 18:00:09,543.5721786304854
2022-03-28 18:00:14,543.79
2022-03-28 18:00:19,543.495655924443
2022-03-28 18:00:24,543.79
2022-03-28 18:00:29,543.76
2022-03-28 18:00:34,543.76
2022-03-28 18:00:39,543.76
2022-03-28 18:00:44,543.76
2022-03-28 18:00:49,543.69
2022-03-28 18:00:54,543.69
2022-03-28 18:00:59,543.69
2022-03-28 18:01:04,543.143903503073
2022-03-28 18:01:09,543.69
2022-03-28 18:01:14,543.75
2022-03-28 18:01:19,543.69
2022-03-28 18:01:24,543.75
2022-03-28 18:01:29,543.69
2022-03-28 18:01:34,543.75
2022-03-28 18:01:39,543.75
2022-03-28 18:01:44,543.69
2022-03-28 18:01:49,543.75
2022-03-28 18:01:54,543.75
2022-03-28 18:01:59,543.75
2022-03-28 18:02:04,543.75
2022-03-28 18:02:09,542.6149290244625
2022-03-28 18:02:14,543.75
2022-03-28 18:02:19,543.75
2022-03-28 18:02:24,543.75
2022-03-28 18:02:29,543.75
2022-03-28 18:02:34,543.75
2022-03-28 18:02:39,543.75
2022-03-28 18:02:44,543.78
2022-03-28 18:02:49,542.2774970048341
2022-03-28 18:02:54,543.75
2022-03-28 18:02:59,543.79
2022-03-28 18:03:04,543.85
2022-03-28 18:03:09,543.79
2022-03-28 18:03:14,543.78
2022-03-28 18:03:19,543.79
2022-03-28 18:03:24,543.79
2022-03-28 18:03:29,543.79
2022-03-28 18:03:34,543.85
2022-03-28 18:03:39,543.85
2022-03-28 18:03:44,543.85
2022-03-28 18:03:49,543.85
2022-03-28 18:03:54,543.85
2022-03-28 18:03:59,543.92
2022-03-28 18:04:04,543.92
2022-03-28 18:04:09,543.98
2022-03-28 18:04:14,543.92
2022-03-28 18:04:19,541.4864043310947
2022-03-28 18:04:24,544.05
2022-03-28 18:04:29,544.05
2022-03-28 18:04:34,544.08
2022-03-28 18:04:39,544.08
2022-03-28 18:04:44,544.15
2022-03-28 18:04:49,541.2132299375241
2022-03-28 18:04:54,544.21
2022-03-28 18:04:59,544.21
2022-03-28 18:05:04,544.28
2022-03-28 18:05:09,544.31
2022-03-28 18:05:14,544.31
2022-03-28 18:05:19,544.31
2022-03-28 18:05:24,540.888739370643
2022-03-28 18:05:29,544.44
2022-03-28 18:05:34,544.44
2022-03-28 18:05:39,544.51
2022-03-28 18:05:44,544.51
2022-03-28 18:05:49,544.57
2022-03-28 18:05:54,544.61
2022-03-28 18:05:59,544.6
2022-03-28 18:06:04,544.67
2022-03-28 18:06:09,544.67
2022-03-28 18:06:14,544.67
2022-03-28 18:06:19,544.73
2022-03-28 18:06:24,544.8
2022-03-28 18:06:29,544.8
2022-03-28 18:06:34,544.8
2022-03-28 18:06:39,544.83
2022-03-28 18:06:44,544.9
2022-03-28 18:06:49,544.96
2022-03-28 18:06:54,544.96
2022-03-28 18:06:59,545.02
2022-03-28 18:07:04,545.09
2022-03-28 18:07:09,545.09
2022-03-28 18:07:14,545.12
2022-03-28 18:07:19,545.19
2022-03-28 18:07:24,545.18
2022-03-28 18:07:29,545.18
2022-03-28 18:07:34,545.31
2022-03-28 18:07:39,545.31
2022-03-28 18:07:44,545.35
2022-03-28 18:07:49,539.4811640673101
2022-03-28 18:07:54,545.41
2022-03-28 18:07:59,545.47
2022-03-28 18:08:04,545.47
2022-03-28 18:08:09,545.54
2022-03-28 18:08:14,545.53
2022-03-28 18:08:19,545.6
2022-03-28 18:08:24,545.63
2022-03-28 18:08:29,545.63
2022-03-28 18:08:34,545.69
2022-03-28 18:08:39,545.7
2022-03-28 18:08:44,545.69
2022-03-28 18:08:49,545.69
2022-03-28 18:08:54,545.76
2022-03-28 18:08:59,545.76
2022-03-28 18:09:04,545.69
2022-03-28 18:09:09,545.76
2022-03-28 18:09:14,545.75
2022-03-28 18:09:19,545.69
2022-03-28 18:09:24,545.69
2022-03-28 18:09:29,545.69
2022-03-28 18:09:34,545.69
2022-03-28 18:09:39,545.63
2022-03-28 18:09:44,545.59
2022-03-28 18:09:49,538.2446596618183
2022-03-28 18:09:54,545.53
2022-03-28 18:09:59,545.46
2022-03-28 18:10:04,545.4
2022-03-28 18:10:09,545.4
2022-03-28 18:10:14,545.3
2022-03-28 18:10:19,545.3
2022-03-28 18:10:24,545.23
2022-03-28 18:10:29,545.17
2022-03-28 18:10:34,545.1
2022-03-28 18:10:39,545.07
2022-03-28 18:10:44,544.94
2022-03-28 18:10:49,544.94
2022-03-28 18:10:54,544.81
2022-03-28 18:10:59,544.77
2022-03-28 18:11:04,544.65
2022-03-28 18:11:09,544.55
2022-03-28 18:11:14,544.49
2022-03-28 18:11:19,544.36
2022-03-28 18:11:24,544.29
2022-03-28 18:11:29,537.169290474949
2022-03-28 18:11:34,544.07
2022-03-28 18:11:39,543.97
2022-03-28 18:11:44,543.9
2022-03-28 18:11:49,543.77
2022-03-28 18:11:54,543.68
2022-03-28 18:11:59,543.52
2022-03-28 18:12:04,543.45
2022-03-28 18:12:09,543.39
2022-03-28 18:12:14,543.23
2022-03-28 18:12:19,543.16
2022-03-28 18:12:24,543.0
2022-03-28 18:12:29,536.5066324595425
2022-03-28 18:12:34,542.74
2022-03-28 18:12:39,542.74
2022-03-28 18:12:44,542.65
2022-03-28 18:12:49,542.49
2022-03-28 18:12:54,536.2274401457565
2022-03-28 18:12:59,536.1714166127624
2022-03-28 18:13:04,542.2
2022-03-28 18:13:09,542.07
2022-03-28 18:13:14,541.97
2022-03-28 18:13:19,541.91
2022-03-28 18:13:24,541.78
2022-03-28 18:13:29,541.68
2022-03-28 18:13:34,541.62
2022-03-28 18:13:39,541.49
2022-03-28 18:13:44,541.46
2022-03-28 18:13:49,535.6083209056414
2022-03-28 18:13:54,541.2
2022-03-28 18:13:59,541.11
2022-03-28 18:14:04,540.98
2022-03-28 18:14:09,540.95
2022-03-28 18:14:14,535.3251859157051
2022-03-28 18:14:19,540.75
2022-03-28 18:14:24,540.69
2022-03-28 18:14:29,540.6
2022-03-28 18:14:34,540.53
2022-03-28 18:14:39,540.53
2022-03-28 18:14:44,540.43
2022-03-28 18:14:49,540.37
2022-03-28 18:14:54,540.31
2022-03-28 18:14:59,540.18
2022-03-28 18:15:04,540.15
2022-03-28 18:15:09,540.15
2022-03-28 18:15:14,534.6430116533546
2022-03-28 18:15:19,539.96
2022-03-28 18:15:24,539.93
2022-03-28 18:15:29,539.93
2022-03-28 18:15:34,539.8
2022-03-28 18:15:39,539.74
2022-03-28 18:15:44,539.67
2022-03-28 18:15:49,539.64
2022-03-28 18:15:54,539.57
2022-03-28 18:15:59,539.51
2022-03-28 18:16:04,539.45
2022-03-28 18:16:09,539.42
2022-03-28 18:16:14,539.35
2022-03-28 18:16:19,539.29
2022-03-28 18:16:24,539.29
2022-03-28 18:16:29,539.23
2022-03-28 18:16:34,539.16
2022-03-28 18:16:39,539.13
2022-03-28 18:16:44,539.07
2022-03-28 18:16:49,539.0
2022-03-28 18:16:54,539.0
2022-03-28 18:16:59,538.94
2022-03-28 18:17:04,538.91
2022-03-28 18:17:09,538.91
2022-03-28 18:17:14,538.84
2022-03-28 18:17:19,538.78
2022-03-28 18:17:24,538.71
2022-03-28 18:17:29,533.1084595015371
2022-03-28 18:17:34,538.65
2022-03-28 18:17:39,538.62
2022-03-28 18:17:44,538.55
2022-03-28 18:17:49,532.8827719394719
2022-03-28 18:17:54,538.49
2022-03-28 18:17:59,538.42
2022-03-28 18:18:04,538.39
2022-03-28 18:18:09,532.6578499991695
2022-03-28 18:18:14,538.26
2022-03-28 18:18:19,538.26
2022-03-28 18:18:24,538.2
2022-03-28 18:18:29,538.13
2022-03-28 18:18:34,532.3779512507814
2022-03-28 18:18:39,538.04
2022-03-28 18:18:44,538.03
2022-03-28 18:18:49,537.91
2022-03-28 18:18:54,537.91
2022-03-28 18:18:59,532.0996572972892
2022-03-28 18:19:04,537.81
2022-03-28 18:19:09,537.81
2022-03-28 18:19:14,537.81
2022-03-28 18:19:19,537.74
2022-03-28 18:19:24,537.68
2022-03-28 18:19:29,537.74
2022-03-28 18:19:34,537.68
2022-03-28 18:19:39,537.68
2022-03-28 18:19:44,531.6034966901223
2022-03-28 18:19:49,537.58
2022-03-28 18:19:54,537.58
2022-03-28 18:19:59,537.51
2022-03-28 18:20:04,537.45
2022-03-28 18:20:09,537.45
2022-03-28 18:20:14,537.38
2022-03-28 18:20:19,537.38
2022-03-28 18:20:24,537.38
2022-03-28 18:20:29,537.38
2022-03-28 18:20:34,537.35
2022-03-28 18:20:39,537.38
2022-03-28 18:20:44,537.35
2022-03-28 18:20:49,537.35
2022-03-28 18:20:54,537.35
2022-03-28 18:20:59,537.28
2022-03-28 18:21:04,537.28
2022-03-28 18:21:09,530.6871782936186
2022-03-28 18:21:14,537.28
2022-03-28 18:21:19,537.28
2022-03-28 18:21:24,537.28
2022-03-28 18:21:29,537.27
2022-03-28 18:21:34,537.27
2022-03-28 18:21:39,537.27
2022-03-28 18:21:44,537.27
2022-03-28 18:21:49,537.27
2022-03-28 18:21:54,537.27
2022-03-28 18:21:59,537.34
2022-03-28 18:22:04,530.1122604138577
2022-03-28 18:22:09,537.37
2022-03-28 18:22:14,537.43
2022-03-28 18:22:19,537.37
2022-03-28 18:22:24,537.43
2022-03-28 18:22:29,537.5
2022-03-28 18:22:34,537.56
2022-03-28 18:22:39,537.56
2022-03-28 18:22:44,529.7046743179197
2022-03-28 18:22:49,537.66
2022-03-28 18:22:54,537.72
2022-03-28 18:22:59,537.79
2022-03-28 18:23:04,537.79
2022-03-28 18:23:09,537.88
2022-03-28 18:23:14,537.88
2022-03-28 18:23:19,538.02
2022-03-28 18:23:24,529.3070064295982
2022-03-28 18:23:29,538.08
2022-03-28 18:23:34,538.17
2022-03-28 18:23:39,538.17
2022-03-28 18:23:44,538.24
2022-03-28 18:23:49,538.3
2022-03-28 18:23:54,538.37
2022-03-28 18:23:59,538.47
2022-03-28 18:24:04,538.47
2022-03-28 18:24:09,538.53
2022-03-28 18:24:14,538.62
2022-03-28 18:24:19,538.63
2022-03-28 18:24:24,538.69
2022-03-28 18:24:29,538.82
2022-03-28 18:24:34,538.89
2022-03-28 18:24:39,538.92
2022-03-28 18:24:44,538.98
2022-03-28 18:24:49,539.14
2022-03-28 18:24:54,539.21
2022-03-28 18:24:59,539.34
2022-03-28 18:25:04,539.4
2022-03-28 18:25:09,539.5
2022-03-28 18:25:14,539.63
2022-03-28 18:25:19,539.66
2022-03-28 18:25:24,539.73
2022-03-28 18:25:29,539.86
2022-03-28 18:25:34,540.02
2022-03-28 18:25:39,540.08
2022-03-28 18:25:44,540.15
2022-03-28 18:25:49,540.25
2022-03-28 18:25:54,540.38
2022-03-28 18:25:59,540.47
2022-03-28 18:26:04,540.6
2022-03-28 18:26:09,540.67
2022-03-28 18:26:14,540.76
2022-03-28 18:26:19,540.89
2022-03-28 18:26:24,540.99
2022-03-28 18:26:29,541.06
2022-03-28 18:26:34,541.19
2022-03-28 18:26:39,541.35
2022-03-28 18:26:44,541.41
2022-03-28 18:26:49,527.4588388443608
2022-03-28 18:26:54,541.64
2022-03-28 18:26:59,527.378005762775
2022-03-28 18:27:04,541.81
2022-03-28 18:27:09,541.93
2022-03-28 18:27:14,542.03
2022-03-28 18:27:19,542.16
2022-03-28 18:27:24,542.23
2022-03-28 18:27:29,542.32
2022-03-28 18:27:34,527.1026338968708
2022-03-28 18:27:39,542.55
2022-03-28 18:27:44,542.62
2022-03-28 18:27:49,542.75
2022-03-28 18:27:54,542.84
2022-03-28 18:27:59,542.91
2022-03-28 18:28:04,543.04
2022-03-28 18:28:09,543.13
2022-03-28 18:28:14,543.29
2022-03-28 18:28:19,543.36
2022-03-28 18:28:24,543.49
2022-03-28 18:28:29,543.56
2022-03-28 18:28:34,543.65
2022-03-28 18:28:39,543.72
2022-03-28 18:28:44,543.82
2022-03-28 18:28:49,543.88
2022-03-28 18:28:54,544.01
2022-03-28 18:28:59,544.11
2022-03-28 18:29:04,544.24
2022-03-28 18:29:09,544.33
2022-03-28 18:29:14,544.47
2022-03-28 18:29:19,544.6
2022-03-28 18:29:24,544.69
2022-03-28 18:29:29,526.2851699572941
2022-03-28 18:29:34,544.86
2022-03-28 18:29:39,544.98
2022-03-28 18:29:44,545.11
2022-03-28 18:29:49,545.15
2022-03-28 18:29:54,545.27
2022-03-28 18:29:59,545.37
2022-03-28 18:30:04,545.5
2022-03-28 18:30:09,545.57
2022-03-28 18:30:14,545.63
2022-03-28 18:30:19,545.73
2022-03-28 18:30:24,545.79
2022-03-28 18:30:29,545.89
2022-03-28 18:30:34,525.8866458025499
2022-03-28 18:30:39,546.02
2022-03-28 18:30:44,546.09
2022-03-28 18:30:49,546.15
2022-03-28 18:30:54,546.18
2022-03-28 18:30:59,546.31
2022-03-28 18:31:04,525.7192049306963
2022-03-28 18:31:09,546.38
2022-03-28 18:31:14,546.38
2022-03-28 18:31:19,546.41
2022-03-28 18:31:24,546.42
2022-03-28 18:31:29,525.5879094946594
2022-03-28 18:31:34,546.48
2022-03-28 18:31:39,546.48
2022-03-28 18:31:44,525.5127988736036
2022-03-28 18:31:49,546.55
2022-03-28 18:31:54,546.61
2022-03-28 18:31:59,546.55
2022-03-28 18:32:04,546.55
2022-03-28 18:32:09,546.49
2022-03-28 18:32:14,546.49
2022-03-28 18:32:19,546.42
2022-03-28 18:32:24,546.42
2022-03-28 18:32:29,546.42
2022-03-28 18:32:34,546.4
2022-03-28 18:32:39,546.4
2022-03-28 18:32:44,546.33
2022-03-28 18:32:49,546.2
2022-03-28 18:32:54,546.17
2022-03-28 18:32:59,546.11
2022-03-28 18:33:04,545.98
2022-03-28 18:33:09,525.1409275242834
2022-03-28 18:33:14,545.89
2022-03-28 18:33:19,545.76
2022-03-28 18:33:24,545.66
2022-03-28 18:33:29,545.53
2022-03-28 18:33:34,545.41
2022-03-28 18:33:39,545.31
2022-03-28 18:33:44,545.25
2022-03-28 18:33:49,545.15
2022-03-28 18:33:54,545.02
2022-03-28 18:33:59,544.87
2022-03-28 18:34:04,544.74
2022-03-28 18:34:09,544.64
2022-03-28 18:34:14,544.45
2022-03-28 18:34:19,544.36
2022-03-28 18:34:24,544.23
2022-03-28 18:34:29,544.0
2022-03-28 18:34:34,524.8649980850754
2022-03-28 18:34:39,543.72
2022-03-28 18:34:44,543.62
2022-03-28 18:34:49,524.8267371249971
2022-03-28 18:34:54,543.33
2022-03-28 18:34:59,543.14
2022-03-28 18:35:04,542.92
2022-03-28 18:35:09,542.82
2022-03-28 18:35:14,542.69
2022-03-28 18:35:19,542.53
2022-03-28 18:35:24,542.34
2022-03-28 18:35:29,542.25
2022-03-28 18:35:34,542.08
2022-03-28 18:35:39,541.89
2022-03-28 18:35:44,524.7142409955595
2022-03-28 18:35:49,541.57
2022-03-28 18:35:54,524.6985683105094
2022-03-28 18:35:59,541.22
2022-03-28 18:36:04,541.06
2022-03-28 18:36:09,540.87
2022-03-28 18:36:14,524.6717232643674
2022-03-28 18:36:19,540.65
2022-03-28 18:36:24,540.55
2022-03-28 18:36:29,540.36
2022-03-28 18:36:34,540.2
2022-03-28 18:36:39,540.14
2022-03-28 18:36:44,539.97
2022-03-28 18:36:49,539.85
2022-03-28 18:36:54,524.6363208867508
2022-03-28 18:36:59,524.6336349965812
2022-03-28 18:37:04,539.53
2022-03-28 18:37:09,539.4
2022-03-28 18:37:14,539.33
2022-03-28 18:37:19,539.24
2022-03-28 18:37:24,539.17
2022-03-28 18:37:29,539.01
2022-03-28 18:37:34,524.6258476883748
2022-03-28 18:37:39,538.82
2022-03-28 18:37:44,538.76
2022-03-28 18:37:49,538.66
2022-03-28 18:37:54,538.53
2022-03-28 18:37:59,524.6322521823512
2022-03-28 18:38:04,538.44
2022-03-28 18:38:09,538.37
2022-03-28 18:38:14,538.24
2022-03-28 18:38:19,538.21
2022-03-28 18:38:24,538.08
2022-03-28 18:38:29,538.02
2022-03-28 18:38:34,537.99
2022-03-28 18:38:39,537.92
2022-03-28 18:38:44,537.79
2022-03-28 18:38:49,537.7
2022-03-28 18:38:54,537.64
2022-03-28 18:38:59,537.57
2022-03-28 18:39:04,537.5
2022-03-28 18:39:09,524.7047116950176
2022-03-28 18:39:14,537.34
2022-03-28 18:39:19,524.7217658940075
2022-03-28 18:39:24,537.18
2022-03-28 18:39:29,537.12
2022-03-28 18:39:34,537.05
2022-03-28 18:39:39,524.7609976070296
2022-03-28 18:39:44,536.89
2022-03-28 18:39:49,524.783157228156
2022-03-28 18:39:54,536.7
2022-03-28 18:39:59,536.7
2022-03-28 18:40:04,536.54
2022-03-28 18:40:09,536.44
2022-03-28 18:40:14,536.44
2022-03-28 18:40:19,536.31
2022-03-28 18:40:24,536.18
2022-03-28 18:40:29,536.08
2022-03-28 18:40:34,535.96
2022-03-28 18:40:39,535.92
2022-03-28 18:40:44,535.79
2022-03-28 18:40:49,535.66
2022-03-28 18:40:54,524.9663489121921
2022-03-28 18:40:59,535.5
2022-03-28 18:41:04,535.41
2022-03-28 18:41:09,535.21
2022-03-28 18:41:14,535.12
2022-03-28 18:41:19,534.99
2022-03-28 18:41:24,534.83
2022-03-28 18:41:29,534.76
2022-03-28 18:41:34,534.63
2022-03-28 18:41:39,534.54
2022-03-28 18:41:44,534.47
2022-03-28 18:41:49,534.37
2022-03-28 18:41:54,534.18
2022-03-28 18:41:59,534.08
2022-03-28 18:42:04,533.96
2022-03-28 18:42:09,533.86
2022-03-28 18:42:14,533.67
2022-03-28 18:42:19,533.67
2022-03-28 18:42:24,533.57
2022-03-28 18:42:29,533.44
2022-03-28 18:42:34,533.38
2022-03-28 18:42:39,533.28
2022-03-28 18:42:44,533.15
2022-03-28 18:42:49,533.05
2022-03-28 18:42:54,532.99
2022-03-28 18:42:59,532.92
2022-03-28 18:43:04,532.76
2022-03-28 18:43:09,532.76
2022-03-28 18:43:14,532.64
2022-03-28 18:43:19,532.57
2022-03-28 18:43:24,532.47
2022-03-28 18:43:29,532.35
2022-03-28 18:43:34,532.25
2022-03-28 18:43:39,532.19
2022-03-28 18:43:44,525.7190131591138
2022-03-28 18:43:49,532.02
2022-03-28 18:43:54,531.9
2022-03-28 18:43:59,531.83
2022-03-28 18:44:04,531.8
2022-03-28 18:44:09,531.67
2022-03-28 18:44:14,531.67
2022-03-28 18:44:19,531.54
2022-03-28 18:44:24,531.45
2022-03-28 18:44:29,531.45
2022-03-28 18:44:34,531.32
2022-03-28 18:44:39,531.29
2022-03-28 18:44:44,531.23
2022-03-28 18:44:49,531.03
2022-03-28 18:44:54,531.03
2022-03-28 18:44:59,530.94
2022-03-28 18:45:04,530.87
2022-03-28 18:45:09,530.81
2022-03-28 18:45:14,530.78
2022-03-28 18:45:19,530.65
2022-03-28 18:45:24,530.59
2022-03-28 18:45:29,530.52
2022-03-28 18:45:34,530.49
2022-03-28 18:45:39,530.49
2022-03-28 18:45:44,530.43
2022-03-28 18:45:49,530.36
2022-03-28 18:45:54,530.36
2022-03-28 18:45:59,530.36
2022-03-28 18:46:04,530.3
2022-03-28 18:46:09,530.3
2022-03-28 18:46:14,530.27
2022-03-28 18:46:19,530.21
2022-03-28 18:46:24,530.27
2022-03-28 18:46:29,530.27
2022-03-28 18:46:34,530.27
2022-03-28 18:46:39,530.21
2022-03-28 18:46:44,530.28
2022-03-28 18:46:49,526.8544385185812
2022-03-28 18:46:54,530.28
2022-03-28 18:46:59,530.28
2022-03-28 18:47:04,526.9555847862641
2022-03-28 18:47:09,530.37
2022-03-28 18:47:14,530.44
2022-03-28 18:47:19,530.51
2022-03-28 18:47:24,530.54
2022-03-28 18:47:29,527.1261024608056
2022-03-28 18:47:34,530.67
2022-03-28 18:47:39,530.73
2022-03-28 18:47:44,530.83
2022-03-28 18:47:49,530.89
2022-03-28 18:47:54,531.02
2022-03-28 18:47:59,531.12
2022-03-28 18:48:04,531.25
2022-03-28 18:48:09,531.35
2022-03-28 18:48:14,531.54
2022-03-28 18:48:19,531.57
2022-03-28 18:48:24,527.5077591320836
2022-03-28 18:48:29,531.86
2022-03-28 18:48:34,532.05
2022-03-28 18:48:39,532.21
2022-03-28 18:48:44,532.34
2022-03-28 18:48:49,532.44
2022-03-28 18:48:54,532.6
2022-03-28 18:48:59,532.8
2022-03-28 18:49:04,532.89
2022-03-28 18:49:09,527.8239703777602
2022-03-28 18:49:14,533.24
2022-03-28 18:49:19,533.41
2022-03-28 18:49:24,533.6
2022-03-28 18:49:29,533.76
2022-03-28 18:49:34,533.89
2022-03-28 18:49:39,534.12
2022-03-28 18:49:44,534.28
2022-03-28 18:49:49,534.43
2022-03-28 18:49:54,528.14089478209
2022-03-28 18:49:59,534.79
2022-03-28 18:50:04,534.95
2022-03-28 18:50:09,535.14
2022-03-28 18:50:14,528.2812877012735
2022-03-28 18:50:19,535.47
2022-03-28 18:50:24,535.66
2022-03-28 18:50:29,528.3861926283869
2022-03-28 18:50:34,535.94
2022-03-28 18:50:39,536.17
2022-03-28 18:50:44,528.4906547046561
2022-03-28 18:50:49,536.46
2022-03-28 18:50:54,536.62
2022-03-28 18:50:59,528.594576038076
2022-03-28 18:51:04,536.91
2022-03-28 18:51:09,537.07
2022-03-28 18:51:14,537.23
2022-03-28 18:51:19,537.36
2022-03-28 18:51:24,537.52
2022-03-28 18:51:29,528.8004049083469
2022-03-28 18:51:34,537.81
2022-03-28 18:51:39,537.87
2022-03-28 18:51:44,528.9021166611875
2022-03-28 18:51:49,538.16
2022-03-28 18:51:54,538.32
2022-03-28 18:51:59,529.002896103158
2022-03-28 18:52:04,538.54
2022-03-28 18:52:09,538.74
2022-03-28 18:52:14,538.83
2022-03-28 18:52:19,538.96
2022-03-28 18:52:24,539.05
2022-03-28 18:52:29,539.18
2022-03-28 18:52:34,539.28
2022-03-28 18:52:39,539.41
2022-03-28 18:52:44,539.54
2022-03-28 18:52:49,539.63
2022-03-28 18:52:54,539.76
2022-03-28 18:52:59,529.394732922234
2022-03-28 18:53:04,539.99
2022-03-28 18:53:09,540.08
2022-03-28 18:53:14,529.4893824297753
2022-03-28 18:53:19,529.5205993969287
2022-03-28 18:53:24,540.37
2022-03-28 18:53:29,529.5825122744153
2022-03-28 18:53:34,540.56
2022-03-28 18:53:39,540.66
2022-03-28 18:53:44,540.72
2022-03-28 18:53:49,540.82
2022-03-28 18:53:54,540.95
2022-03-28 18:53:59,540.95
2022-03-28 18:54:04,541.08
2022-03-28 18:54:09,541.17
2022-03-28 18:54:14,541.24
2022-03-28 18:54:19,529.8810988605155
2022-03-28 18:54:24,541.4
2022-03-28 18:54:29,541.53
2022-03-28 18:54:34,541.59
2022-03-28 18:54:39,541.69
2022-03-28 18:54:44,530.0234114814045
2022-03-28 18:54:49,541.82
2022-03-28 18:54:54,541.92
2022-03-28 18:54:59,542.05
2022-03-28 18:55:04,542.11
2022-03-28 18:55:09,542.14
2022-03-28 18:55:14,530.1879656326987
2022-03-28 18:55:19,542.34
2022-03-28 18:55:24,530.2412972394654
2022-03-28 18:55:29,530.267676571455
2022-03-28 18:55:34,542.56
2022-03-28 18:55:39,542.66
2022-03-28 18:55:44,542.79
2022-03-28 18:55:49,542.79
2022-03-28 18:55:54,542.85
2022-03-28 18:55:59,543.02
2022-03-28 18:56:04,543.08
2022-03-28 18:56:09,543.15
2022-03-28 18:56:14,543.18
2022-03-28 18:56:19,543.24
2022-03-28 18:56:24,543.37
2022-03-28 18:56:29,530.5692008982796
2022-03-28 18:56:34,543.41
2022-03-28 18:56:39,543.47
2022-03-28 18:56:44,543.54
2022-03-28 18:56:49,543.6
2022-03-28 18:56:54,543.7
2022-03-28 18:56:59,543.7
2022-03-28 18:57:04,543.77
2022-03-28 18:57:09,543.89
2022-03-28 18:57:14,543.92
2022-03-28 18:57:19,543.99
2022-03-28 18:57:24,544.05
2022-03-28 18:57:29,544.12
2022-03-28 18:57:34,544.22
2022-03-28 18:57:39,544.21
2022-03-28 18:57:44,544.28
2022-03-28 18:57:49,544.41
2022-03-28 18:57:54,544.44
2022-03-28 18:57:59,544.51
2022-03-28 18:58:04,544.57
2022-03-28 18:58:09,544.7
2022-03-28 18:58:14,544.73
2022-03-28 18:58:19,544.73
2022-03-28 18:58:24,544.8
2022-03-28 18:58:29,531.0872278146867
2022-03-28 18:58:34,544.96
2022-03-28 18:58:39,545.02
2022-03-28 18:58:44,545.02
2022-03-28 18:58:49,545.15
2022-03-28 18:58:54,545.15
2022-03-28 18:58:59,545.21
2022-03-28 18:59:04,545.25
2022-03-28 18:59:09,545.31
2022-03-28 18:59:14,545.38
2022-03-28 18:59:19,545.38
2022-03-28 18:59:24,545.47
2022-03-28 18:59:29,545.47
2022-03-28 18:59:34,545.6
2022-03-28 18:59:39,545.6
2022-03-28 18:59:44,531.3517557428529
2022-03-28 18:59:49,545.66
2022-03-28 18:59:54,545.76
2022-03-28 18:59:59,545.76
2022-03-28 19:00:04,545.76
2022-03-28 19:00:09,545.82
2022-03-28 19:00:14,545.82
2022-03-28 19:00:19,545.82
2022-03-28 19:00:24,545.82
2022-03-28 19:00:29,545.82
2022-03-28 19:00:34,545.88
2022-03-28 19:00:39,545.82
2022-03-28 19:00:44,545.82
2022-03-28 19:00:49,545.82
2022-03-28 19:00:54,545.81
2022-03-28 19:00:59,545.88
2022-03-28 19:01:04,545.81
2022-03-28 19:01:09,545.75
2022-03-28 19:01:14,545.74
2022-03-28 19:01:19,545.75
2022-03-28 19:01:24,531.6312608540011
2022-03-28 19:01:29,545.74
2022-03-28 19:01:34,545.65
2022-03-28 19:01:39,545.65
2022-03-28 19:01:44,545.65
2022-03-28 19:01:49,545.52
2022-03-28 19:01:54,545.58
2022-03-28 19:01:59,545.52
2022-03-28 19:02:04,545.45
2022-03-28 19:02:09,545.42
2022-03-28 19:02:14,545.35
2022-03-28 19:02:19,531.7484512789257
2022-03-28 19:02:24,545.28
2022-03-28 19:02:29,545.22
2022-03-28 19:02:34,545.19
2022-03-28 19:02:39,545.05
2022-03-28 19:02:44,545.12
2022-03-28 19:02:49,544.92
2022-03-28 19:02:54,531.8092580441241
2022-03-28 19:02:59,544.82
2022-03-28 19:03:04,544.76
2022-03-28 19:03:09,544.66
2022-03-28 19:03:14,544.6
2022-03-28 19:03:19,544.53
2022-03-28 19:03:24,544.47
2022-03-28 19:03:29,544.37
2022-03-28 19:03:34,544.31
2022-03-28 19:03:39,544.24
2022-03-28 19:03:44,544.18
2022-03-28 19:03:49,544.08
2022-03-28 19:03:54,544.01
2022-03-28 19:03:59,543.95
2022-03-28 19:04:04,543.89
2022-03-28 19:04:09,543.79
2022-03-28 19:04:14,543.72
2022-03-28 19:04:19,543.66
2022-03-28 19:04:24,543.56
2022-03-28 19:04:29,543.56
2022-03-28 19:04:34,543.43
2022-03-28 19:04:39,543.43
2022-03-28 19:04:44,543.34
2022-03-28 19:04:49,543.21
2022-03-28 19:04:54,543.14
2022-03-28 19:04:59,543.11
2022-03-28 19:05:04,543.04
2022-03-28 19:05:09,542.98
2022-03-28 19:05:14,542.92
2022-03-28 19:05:19,542.85
2022-03-28 19:05:24,542.82
2022-03-28 19:05:29,542.76
2022-03-28 19:05:34,542.63
2022-03-28 19:05:39,542.6
2022-03-28 19:05:44,542.53
2022-03-28 19:05:49,542.4
2022-03-28 19:05:54,542.34
2022-03-28 19:05:59,542.24
2022-03-28 19:06:04,542.24
2022-03-28 19:06:09,542.18
2022-03-28 19:06:14,542.08
2022-03-28 19:06:19,542.02
2022-03-28 19:06:24,541.89
2022-03-28 19:06:29,541.82
2022-03-28 19:06:34,541.79
2022-03-28 19:06:39,541.67
2022-03-28 19:06:44,541.66
2022-03-28 19:06:49,541.57
2022-03-28 19:06:54,541.51
2022-03-28 19:06:59,541.44
2022-03-28 19:07:04,541.31
2022-03-28 19:07:09,531.9175972068128
2022-03-28 19:07:14,541.28
2022-03-28 19:07:19,541.15
2022-03-28 19:07:24,541.05
2022-03-28 19:07:29,541.05
2022-03-28 19:07:34,540.93
2022-03-28 19:07:39,540.93
2022-03-28 19:07:44,540.8
2022-03-28 19:07:49,540.77
2022-03-28 19:07:54,540.71
2022-03-28 19:07:59,540.71
2022-03-28 19:08:04,540.64
2022-03-28 19:08:09,540.58
2022-03-28 19:08:14,540.58
2022-03-28 19:08:19,540.54
2022-03-28 19:08:24,540.54
2022-03-28 19:08:29,540.54
2022-03-28 19:08:34,540.48
2022-03-28 19:08:39,540.42
2022-03-28 19:08:44,540.42
2022-03-28 19:08:49,540.35
2022-03-28 19:08:54,540.29
2022-03-28 19:08:59,540.35
2022-03-28 19:09:04,540.29
2022-03-28 19:09:09,540.28
2022-03-28 19:09:14,531.7489728694012
2022-03-28 19:09:19,540.25
2022-03-28 19:09:24,540.29
2022-03-28 19:09:29,540.25
2022-03-28 19:09:34,540.25
2022-03-28 19:09:39,531.6986173131588
2022-03-28 19:09:44,540.19
2022-03-28 19:09:49,540.19
2022-03-28 19:09:54,540.25
2022-03-28 19:09:59,540.25
2022-03-28 19:10:04,540.19
2022-03-28 19:10:09,540.19
2022-03-28 19:10:14,540.25
2022-03-28 19:10:19,540.19
2022-03-28 19:10:24,540.18
2022-03-28 19:10:29,540.25
2022-03-28 19:10:34,540.25
2022-03-28 19:10:39,540.18
2022-03-28 19:10:44,540.18
2022-03-28 19:10:49,540.18
2022-03-28 19:10:54,540.28
2022-03-28 19:10:59,540.24
2022-03-28 19:11:04,540.25
2022-03-28 19:11:09,540.28
2022-03-28 19:11:14,531.4623686811956
2022-03-28 19:11:19,531.4480929954383
2022-03-28 19:11:24,540.28
2022-03-28 19:11:29,540.34
2022-03-28 19:11:34,540.34
2022-03-28 19:11:39,540.33
2022-03-28 19:11:44,540.4
2022-03-28 19:11:49,540.46
2022-03-28 19:11:54,540.53
2022-03-28 19:11:59,540.46
2022-03-28 19:12:04,540.52
2022-03-28 19:12:09,540.52
2022-03-28 19:12:14,540.52
2022-03-28 19:12:19,540.55
2022-03-28 19:12:24,540.62
2022-03-28 19:12:29,540.62
2022-03-28 19:12:34,531.2140035306352
2022-03-28 19:12:39,540.74
2022-03-28 19:12:44,540.78
2022-03-28 19:12:49,540.77
2022-03-28 19:12:54,531.1456488823579
2022-03-28 19:12:59,540.9
2022-03-28 19:13:04,540.96
2022-03-28 19:13:09,541.03
2022-03-28 19:13:14,541.02
2022-03-28 19:13:19,541.06
2022-03-28 19:13:24,541.12
2022-03-28 19:13:29,541.12
2022-03-28 19:13:34,541.25
2022-03-28 19:13:39,541.24
2022-03-28 19:13:44,530.9648735747251
2022-03-28 19:13:49,541.34
2022-03-28 19:13:54,541.41
2022-03-28 19:13:59,541.41
2022-03-28 19:14:04,541.47
2022-03-28 19:14:09,541.53
2022-03-28 19:14:14,541.57
2022-03-28 19:14:19,541.63
2022-03-28 19:14:24,541.69
2022-03-28 19:14:29,541.69
2022-03-28 19:14:34,541.79
2022-03-28 19:14:39,541.79
2022-03-28 19:14:44,530.7310482389595
2022-03-28 19:14:49,541.85
2022-03-28 19:14:54,541.92
2022-03-28 19:14:59,541.98
2022-03-28 19:15:04,541.98
2022-03-28 19:15:09,542.04
2022-03-28 19:15:14,542.04
2022-03-28 19:15:19,542.08
2022-03-28 19:15:24,542.08
2022-03-28 19:15:29,542.08
2022-03-28 19:15:34,542.08
2022-03-28 19:15:39,530.5026487070265
2022-03-28 19:15:44,542.14
2022-03-28 19:15:49,542.08
2022-03-28 19:15:54,542.14
2022-03-28 19:15:59,542.14
2022-03-28 19:16:04,530.3949568386334
2022-03-28 19:16:09,542.14
2022-03-28 19:16:14,542.2
2022-03-28 19:16:19,542.21
2022-03-28 19:16:24,542.2
2022-03-28 19:16:29,542.21
2022-03-28 19:16:34,542.14
2022-03-28 19:16:39,542.2
2022-03-28 19:16:44,542.27
2022-03-28 19:16:49,542.21
2022-03-28 19:16:54,530.1733051494757
2022-03-28 19:16:59,542.21
2022-03-28 19:17:04,542.21
2022-03-28 19:17:09,542.21
2022-03-28 19:17:14,542.21
2022-03-28 19:17:19,542.21
2022-03-28 19:17:24,542.21
2022-03-28 19:17:29,542.21
2022-03-28 19:17:34,542.27
2022-03-28 19:17:39,542.27
2022-03-28 19:17:44,542.28
2022-03-28 19:17:49,542.31
2022-03-28 19:17:54,542.27
2022-03-28 19:17:59,542.31
2022-03-28 19:18:04,529.8514400618285
2022-03-28 19:18:09,529.8280296834931
2022-03-28 19:18:14,542.31
2022-03-28 19:18:19,542.37
2022-03-28 19:18:24,542.38
2022-03-28 19:18:29,542.38
2022-03-28 19:18:34,542.38
2022-03-28 19:18:39,542.32
2022-03-28 19:18:44,542.38
2022-03-28 19:18:49,542.38
2022-03-28 19:18:54,542.44
2022-03-28 19:18:59,542.38
2022-03-28 19:19:04,542.44
2022-03-28 19:19:09,542.44
2022-03-28 19:19:14,542.44
2022-03-28 19:19:19,529.4959588593047
2022-03-28 19:19:24,542.44
2022-03-28 19:19:29,529.44799991681
2022-03-28 19:19:34,542.51
2022-03-28 19:19:39,542.51
2022-03-28 19:19:44,529.3758903903552
2022-03-28 19:19:49,542.51
2022-03-28 19:19:54,542.51
2022-03-28 19:19:59,542.51
2022-03-28 19:20:04,529.2794892763354
2022-03-28 19:20:09,542.44
2022-03-28 19:20:14,542.44
2022-03-28 19:20:19,542.44
2022-03-28 19:20:24,529.1828865038315
2022-03-28 19:20:29,542.44
2022-03-28 19:20:34,542.38
2022-03-28 19:20:39,542.38
2022-03-28 19:20:44,542.44
2022-03-28 19:20:49,529.0619987972893
2022-03-28 19:20:54,542.38
2022-03-28 19:20:59,542.38
2022-03-28 19:21:04,528.9894681000974
2022-03-28 19:21:09,528.9653007123914
2022-03-28 19:21:14,542.37
2022-03-28 19:21:19,542.28
2022-03-28 19:21:24,542.28
2022-03-28 19:21:29,542.28
2022-03-28 19:21:34,528.8446040358145
2022-03-28 19:21:39,542.28
2022-03-28 19:21:44,528.7964194126066
2022-03-28 19:21:49,542.21
2022-03-28 19:21:54,542.21
2022-03-28 19:21:59,542.14
2022-03-28 19:22:04,542.14
2022-03-28 19:22:09,542.08
2022-03-28 19:22:14,542.08
2022-03-28 19:22:19,528.6284270212003
2022-03-28 19:22:24,542.08
2022-03-28 19:22:29,528.5806697905278
2022-03-28 19:22:34,542.04
2022-03-28 19:22:39,541.98
2022-03-28 19:22:44,541.98
2022-03-28 19:22:49,528.4855611959196
2022-03-28 19:22:54,541.91
2022-03-28 19:22:59,541.85
2022-03-28 19:23:04,541.84
2022-03-28 19:23:09,541.78
2022-03-28 19:23:14,541.84
2022-03-28 19:23:19,541.74
2022-03-28 19:23:24,541.68
2022-03-28 19:23:29,541.68
2022-03-28 19:23:34,541.61
2022-03-28 19:23:39,541.55
2022-03-28 19:23:44,528.2275677325007
2022-03-28 19:23:49,541.38
2022-03-28 19:23:54,541.38
2022-03-28 19:23:59,541.32
2022-03-28 19:24:04,541.25
2022-03-28 19:24:09,541.16
2022-03-28 19:24:14,541.22
2022-03-28 19:24:19,541.09
2022-03-28 19:24:24,541.09
2022-03-28 19:24:29,528.0215384729358
2022-03-28 19:24:34,540.92
2022-03-28 19:24:39,540.86
2022-03-28 19:24:44,540.73
2022-03-28 19:24:49,527.9317709139596
2022-03-28 19:24:54,540.7
2022-03-28 19:24:59,540.63
2022-03-28 19:25:04,540.57
2022-03-28 19:25:09,540.57
2022-03-28 19:25:14,540.47
2022-03-28 19:25:19,540.41
2022-03-28 19:25:24,540.34
2022-03-28 19:25:29,540.28
2022-03-28 19:25:34,540.18
2022-03-28 19:25:39,540.18
2022-03-28 19:25:44,540.05
2022-03-28 19:25:49,539.99
2022-03-28 19:25:54,539.89
2022-03-28 19:25:59,539.83
2022-03-28 19:26:04,539.76
2022-03-28 19:26:09,539.66
2022-03-28 19:26:14,527.5655436420183
2022-03-28 19:26:19,539.47
2022-03-28 19:26:24,539.47
2022-03-28 19:26:29,539.44
2022-03-28 19:26:34,539.31
2022-03-28 19:26:39,539.25
2022-03-28 19:26:44,539.18
2022-03-28 19:26:49,539.09
2022-03-28 19:26:54,539.02
2022-03-28 19:26:59,538.96
2022-03-28 19:27:04,538.86
2022-03-28 19:27:09,538.8
2022-03-28 19:27:14,538.73
2022-03-28 19:27:19,538.67
2022-03-28 19:27:24,538.67
2022-03-28 19:27:29,527.2676647242057
2022-03-28 19:27:34,538.51
2022-03-28 19:27:39,538.44
2022-03-28 19:27:44,538.41
2022-03-28 19:27:49,538.41
2022-03-28 19:27:54,538.35
2022-03-28 19:27:59,538.28
2022-03-28 19:28:04,538.28
2022-03-28 19:28:09,538.16
2022-03-28 19:28:14,538.16
2022-03-28 19:28:19,538.13
2022-03-28 19:28:24,538.12
2022-03-28 19:28:29,538.06
2022-03-28 19:28:34,538.0
2022-03-28 19:28:39,537.93
2022-03-28 19:28:44,537.9
2022-03-28 19:28:49,537.9
2022-03-28 19:28:54,537.84
2022-03-28 19:28:59,537.77
2022-03-28 19:29:04,537.71
2022-03-28 19:29:09,537.65
2022-03-28 19:29:14,537.61
2022-03-28 19:29:19,537.55
2022-03-28 19:29:24,537.55
2022-03-28 19:29:29,526.8546131458896
2022-03-28 19:29:34,537.49
2022-03-28 19:29:39,537.42
2022-03-28 19:29:44,537.39
2022-03-28 19:29:49,537.42
2022-03-28 19:29:54,537.42
2022-03-28 19:29:59,537.33
2022-03-28 19:30:04,537.33
2022-03-28 19:30:09,537.33
2022-03-28 19:30:14,537.33
2022-03-28 19:30:19,537.33
2022-03-28 19:30:24,537.26
2022-03-28 19:30:29,537.33
2022-03-28 19:30:34,526.6703569328918
2022-03-28 19:30:39,537.32
2022-03-28 19:30:44,537.26
2022-03-28 19:30:49,537.26
2022-03-28 19:30:54,537.26
2022-03-28 19:30:59,537.33
2022-03-28 19:31:04,537.26
2022-03-28 19:31:09,537.33
2022-03-28 19:31:14,537.33
2022-03-28 19:31:19,526.5615300795894
2022-03-28 19:31:24,537.39
2022-03-28 19:31:29,537.39
2022-03-28 19:31:34,537.42
2022-03-28 19:31:39,537.42
2022-03-28 19:31:44,537.42
2022-03-28 19:31:49,537.55
2022-03-28 19:31:54,537.49
2022-03-28 19:31:59,537.55
2022-03-28 19:32:04,537.61
2022-03-28 19:32:09,537.61
2022-03-28 19:32:14,537.61
2022-03-28 19:32:19,526.4426085648057
2022-03-28 19:32:24,537.65
2022-03-28 19:32:29,537.61
2022-03-28 19:32:34,537.64
2022-03-28 19:32:39,537.7
2022-03-28 19:32:44,537.7
2022-03-28 19:32:49,537.77
2022-03-28 19:32:54,537.7
2022-03-28 19:32:59,537.77
2022-03-28 19:33:04,537.83
2022-03-28 19:33:09,537.83
2022-03-28 19:33:14,537.9
2022-03-28 19:33:19,526.3561995938234
2022-03-28 19:33:24,537.93
2022-03-28 19:33:29,537.93
2022-03-28 19:33:34,537.93
2022-03-28 19:33:39,537.99
2022-03-28 19:33:44,538.05
2022-03-28 19:33:49,538.12
2022-03-28 19:33:54,538.12
2022-03-28 19:33:59,538.12
2022-03-28 19:34:04,538.12
2022-03-28 19:34:09,538.14
2022-03-28 19:34:14,538.15
2022-03-28 19:34:19,538.21
2022-03-28 19:34:24,526.3025582285183
2022-03-28 19:34:29,538.28
2022-03-28 19:34:34,526.2982159595265
2022-03-28 19:34:39,538.34
2022-03-28 19:34:44,538.34
2022-03-28 19:34:49,538.4
2022-03-28 19:34:54,538.4
2022-03-28 19:34:59,538.43
2022-03-28 19:35:04,526.2917204014007
2022-03-28 19:35:09,538.43
2022-03-28 19:35:14,538.56
2022-03-28 19:35:19,538.56
2022-03-28 19:35:24,538.62
2022-03-28 19:35:29,538.66
2022-03-28 19:35:34,538.66
2022-03-28 19:35:39,538.72
2022-03-28 19:35:44,538.79
2022-03-28 19:35:49,538.79
2022-03-28 19:35:54,538.85
2022-03-28 19:35:59,538.95
2022-03-28 19:36:04,538.95
2022-03-28 19:36:09,539.01
2022-03-28 19:36:14,539.14
2022-03-28 19:36:19,539.08
2022-03-28 19:36:24,539.17
2022-03-28 19:36:29,526.3287950009714
2022-03-28 19:36:34,539.3
2022-03-28 19:36:39,539.43
2022-03-28 19:36:44,539.43
2022-03-28 19:36:49,539.46
2022-03-28 19:36:54,539.53
2022-03-28 19:36:59,539.6
2022-03-28 19:37:04,539.66
2022-03-28 19:37:09,539.69
2022-03-28 19:37:14,539.76
2022-03-28 19:37:19,526.3875242752588
2022-03-28 19:37:24,539.89
2022-03-28 19:37:29,539.98
2022-03-28 19:37:34,540.05
2022-03-28 19:37:39,540.18
2022-03-28 19:37:44,540.18
2022-03-28 19:37:49,540.28
2022-03-28 19:37:54,540.34
2022-03-28 19:37:59,540.41
2022-03-28 19:38:04,540.47
2022-03-28 19:38:09,540.51
2022-03-28 19:38:14,540.57
2022-03-28 19:38:19,540.7
2022-03-28 19:38:24,540.7
2022-03-28 19:38:29,540.73
2022-03-28 19:38:34,540.8
2022-03-28 19:38:39,540.87
2022-03-28 19:38:44,540.93
2022-03-28 19:38:49,540.93
2022-03-28 19:38:54,541.03
2022-03-28 19:38:59,541.09
2022-03-28 19:39:04,541.09
2022-03-28 19:39:09,541.1
2022-03-28 19:39:14,541.16
2022-03-28 19:39:19,541.23
2022-03-28 19:39:24,541.26
2022-03-28 19:39:29,541.33
2022-03-28 19:39:34,526.6532582997988
2022-03-28 19:39:39,541.46
2022-03-28 19:39:44,541.56
2022-03-28 19:39:49,526.6903759110332
2022-03-28 19:39:54,541.62
2022-03-28 19:39:59,541.62
2022-03-28 19:40:04,541.75
2022-03-28 19:40:09,541.75
2022-03-28 19:40:14,541.79
2022-03-28 19:40:19,541.79
2022-03-28 19:40:24,541.85
2022-03-28 19:40:29,541.92
2022-03-28 19:40:34,541.92
2022-03-28 19:40:39,541.98
2022-03-28 19:40:44,541.99
2022-03-28 19:40:49,542.05
2022-03-28 19:40:54,526.863638796913
2022-03-28 19:40:59,542.05
2022-03-28 19:41:04,541.99
2022-03-28 19:41:09,541.99
2022-03-28 19:41:14,542.05
2022-03-28 19:41:19,541.99
2022-03-28 19:41:24,541.99
2022-03-28 19:41:29,541.99
2022-03-28 19:41:34,541.99
2022-03-28 19:41:39,541.93
2022-03-28 19:41:44,541.93
2022-03-28 19:41:49,541.93
2022-03-28 19:41:54,541.86
2022-03-28 19:41:59,541.87
2022-03-28 19:42:04,541.86
2022-03-28 19:42:09,541.86
2022-03-28 19:42:14,541.8
2022-03-28 19:42:19,541.77
2022-03-28 19:42:24,541.77
2022-03-28 19:42:29,541.77
2022-03-28 19:42:34,541.71
2022-03-28 19:42:39,541.71
2022-03-28 19:42:44,541.71
2022-03-28 19:42:49,541.64
2022-03-28 19:42:54,541.64
2022-03-28 19:42:59,541.64
2022-03-28 19:43:04,541.64
2022-03-28 19:43:09,541.57
2022-03-28 19:43:14,541.58
2022-03-28 19:43:19,541.54
2022-03-28 19:43:24,541.54
2022-03-28 19:43:29,541.48
2022-03-28 19:43:34,541.48
2022-03-28 19:43:39,541.42
2022-03-28 19:43:44,541.42
2022-03-28 19:43:49,541.35
2022-03-28 19:43:54,541.35
2022-03-28 19:43:59,541.35
2022-03-28 19:44:04,541.35
2022-03-28 19:44:09,541.28
2022-03-28 19:44:14,541.35
2022-03-28 19:44:19,541.28
2022-03-28 19:44:24,541.25
2022-03-28 19:44:29,527.4991123959586
2022-03-28 19:44:34,541.28
2022-03-28 19:44:39,541.28
2022-03-28 19:44:44,541.25
2022-03-28 19:44:49,541.28
2022-03-28 19:44:54,541.25
2022-03-28 19:44:59,541.28
2022-03-28 19:45:04,541.25
2022-03-28 19:45:09,541.24
2022-03-28 19:45:14,541.24
2022-03-28 19:45:19,541.28
2022-03-28 19:45:24,541.25
2022-03-28 19:45:29,527.6678321143099
2022-03-28 19:45:34,541.24
2022-03-28 19:45:39,541.28
2022-03-28 19:45:44,541.24
2022-03-28 19:45:49,541.28
2022-03-28 19:45:54,541.24
2022-03-28 19:45:59,541.28
2022-03-28 19:46:04,541.28
2022-03-28 19:46:09,541.28
2022-03-28 19:46:14,541.28
2022-03-28 19:46:19,541.34
2022-03-28 19:46:24,541.34
2022-03-28 19:46:29,541.34
2022-03-28 19:46:34,541.34
2022-03-28 19:46:39,541.41
2022-03-28 19:46:44,541.47
2022-03-28 19:46:49,541.47
2022-03-28 19:46:54,541.47
2022-03-28 19:46:59,541.47
2022-03-28 19:47:04,541.47
2022-03-28 19:47:09,541.47
2022-03-28 19:47:14,541.47
2022-03-28 19:47:19,541.53
2022-03-28 19:47:24,541.53
2022-03-28 19:47:29,541.47
2022-03-28 19:47:34,541.53
2022-03-28 19:47:39,527.9746268579729
2022-03-28 19:47:44,541.47
2022-03-28 19:47:49,541.47
2022-03-28 19:47:54,541.54
2022-03-28 19:47:59,541.47
2022-03-28 19:48:04,541.41
2022-03-28 19:48:09,541.48
2022-03-28 19:48:14,541.48
2022-03-28 19:48:19,541.48
2022-03-28 19:48:24,541.41
2022-03-28 19:48:29,541.41
2022-03-28 19:48:34,528.0687890679428
2022-03-28 19:48:39,541.41
2022-03-28 19:48:44,541.42
2022-03-28 19:48:49,541.48
2022-03-28 19:48:54,541.35
2022-03-28 19:48:59,541.35
2022-03-28 19:49:04,541.42
2022-03-28 19:49:09,528.1145014757911
2022-03-28 19:49:14,541.35
2022-03-28 19:49:19,541.35
2022-03-28 19:49:24,528.1303484062995
2022-03-28 19:49:29,541.29
2022-03-28 19:49:34,528.1395962296777
2022-03-28 19:49:39,541.29
2022-03-28 19:49:44,541.26
2022-03-28 19:49:49,528.1514240061525
2022-03-28 19:49:54,541.26
2022-03-28 19:49:59,541.27
2022-03-28 19:50:04,541.26
2022-03-28 19:50:09,528.1632527976382
2022-03-28 19:50:14,541.2
2022-03-28 19:50:19,541.2
2022-03-28 19:50:24,541.14
2022-03-28 19:50:29,541.14
2022-03-28 19:50:34,541.14
2022-03-28 19:50:39,541.14
2022-03-28 19:50:44,541.14
2022-03-28 19:50:49,541.14
2022-03-28 19:50:54,541.14
2022-03-28 19:50:59,541.08
2022-03-28 19:51:04,541.08
2022-03-28 19:51:09,541.05
2022-03-28 19:51:14,541.08
2022-03-28 19:51:19,541.08
2022-03-28 19:51:24,541.08
2022-03-28 19:51:29,541.09
2022-03-28 19:51:34,541.08
2022-03-28 19:51:39,541.09
2022-03-28 19:51:44,541.05
2022-03-28 19:51:49,528.1582232487648
2022-03-28 19:51:54,528.1553700948738
2022-03-28 19:51:59,541.16
2022-03-28 19:52:04,541.16
2022-03-28 19:52:09,541.16
2022-03-28 19:52:14,541.16
2022-03-28 19:52:19,541.16
2022-03-28 19:52:24,541.16
2022-03-28 19:52:29,541.16
2022-03-28 19:52:34,541.16
2022-03-28 19:52:39,541.16
2022-03-28 19:52:44,541.16
2022-03-28 19:52:49,541.16
2022-03-28 19:52:54,541.16
2022-03-28 19:52:59,541.1
2022-03-28 19:53:04,541.23
2022-03-28 19:53:09,528.0862364471528
2022-03-28 19:53:14,541.17
2022-03-28 19:53:19,541.17
2022-03-28 19:53:24,541.17
2022-03-28 19:53:29,541.17
2022-03-28 19:53:34,541.17
2022-03-28 19:53:39,541.17
2022-03-28 19:53:44,541.17
2022-03-28 19:53:49,541.17
2022-03-28 19:53:54,541.11
2022-03-28 19:53:59,541.11
2022-03-28 19:54:04,541.11
2022-03-28 19:54:09,541.08
2022-03-28 19:54:14,541.11
2022-03-28 19:54:19,541.08
2022-03-28 19:54:24,541.08
2022-03-28 19:54:29,541.11
2022-03-28 19:54:34,541.11
2022-03-28 19:54:39,541.08
2022-03-28 19:54:44,541.02
2022-03-28 19:54:49,541.08
2022-03-28 19:54:54,541.08
2022-03-28 19:54:59,527.9076782993307
2022-03-28 19:55:04,541.08
2022-03-28 19:55:09,541.12
2022-03-28 19:55:14,541.09
2022-03-28 19:55:19,541.09
2022-03-28 19:55:24,527.856529093405
2022-03-28 19:55:29,541.09
2022-03-28 19:55:34,541.09
2022-03-28 19:55:39,541.03
2022-03-28 19:55:44,541.09
2022-03-28 19:55:49,541.09
2022-03-28 19:55:54,541.09
2022-03-28 19:55:59,541.03
2022-03-28 19:56:04,541.03
2022-03-28 19:56:09,541.03
2022-03-28 19:56:14,541.03
2022-03-28 19:56:19,540.97
2022-03-28 19:56:24,540.97
2022-03-28 19:56:29,541.03
2022-03-28 19:56:34,540.97
2022-03-28 19:56:39,540.97
2022-03-28 19:56:44,540.97
2022-03-28 19:56:49,527.6598152774512
2022-03-28 19:56:54,540.97
2022-03-28 19:56:59,540.97
2022-03-28 19:57:04,541.04
2022-03-28 19:57:09,541.04
2022-03-28 19:57:14,541.04
2022-03-28 19:57:19,541.04
2022-03-28 19:57:24,541.04
2022-03-28 19:57:29,541.05
2022-03-28 19:57:34,540.98
2022-03-28 19:57:39,541.05
2022-03-28 19:57:44,541.05
2022-03-28 19:57:49,527.5043895776959
2022-03-28 19:57:54,541.05
2022-03-28 19:57:59,541.05
2022-03-28 19:58:04,541.12
2022-03-28 19:58:09,541.05
2022-03-28 19:58:14,541.06
2022-03-28 19:58:19,527.4230208927435
2022-03-28 19:58:24,541.12
2022-03-28 19:58:29,541.12
2022-03-28 19:58:34,541.12
2022-03-28 19:58:39,541.13
2022-03-28 19:58:44,541.16
2022-03-28 19:58:49,541.16
2022-03-28 19:58:54,541.13
2022-03-28 19:58:59,541.23
2022-03-28 19:59:04,541.23
2022-03-28 19:59:09,541.23
2022-03-28 19:59:14,541.23
2022-03-28 19:59:19,541.23
2022-03-28 19:59:24,541.23
2022-03-28 19:59:29,541.23
2022-03-28 19:59:34,541.3
2022-03-28 19:59:39,541.3
2022-03-28 19:59:44,541.3
2022-03-28 19:59:49,541.37
2022-03-28 19:59:54,541.3
2022-03-28 19:59:59,541.3
2022-03-28 20:00:04,541.4
2022-03-28 20:00:09,541.4
2022-03-28 20:00:14,541.41
2022-03-28 20:00:19,541.47
2022-03-28 20:00:24,541.53
2022-03-28 20:00:29,541.6
2022-03-28 20:00:34,541.6
2022-03-28 20:00:39,541.67
2022-03-28 20:00:44,541.66
2022-03-28 20:00:49,541.69
2022-03-28 20:00:54,541.76
2022-03-28 20:00:59,541.76
2022-03-28 20:01:04,541.83
2022-03-28 20:01:09,526.943701176034
2022-03-28 20:01:14,541.9
2022-03-28 20:01:19,541.93
2022-03-28 20:01:24,541.93
2022-03-28 20:01:29,541.99
2022-03-28 20:01:34,541.99
2022-03-28 20:01:39,526.8602389425089
2022-03-28 20:01:44,542.12
2022-03-28 20:01:49,542.19
2022-03-28 20:01:54,542.19
2022-03-28 20:01:59,542.22
2022-03-28 20:02:04,542.22
2022-03-28 20:02:09,542.28
2022-03-28 20:02:14,542.35
2022-03-28 20:02:19,542.35
2022-03-28 20:02:24,542.41
2022-03-28 20:02:29,542.44
2022-03-28 20:02:34,542.51
2022-03-28 20:02:39,542.51
2022-03-28 20:02:44,526.6857076393492
2022-03-28 20:02:49,542.64
2022-03-28 20:02:54,542.7
2022-03-28 20:02:59,542.73
2022-03-28 20:03:04,542.8
2022-03-28 20:03:09,542.8
2022-03-28 20:03:14,542.86
2022-03-28 20:03:19,542.93
2022-03-28 20:03:24,542.96
2022-03-28 20:03:29,542.96
2022-03-28 20:03:34,526.5599450144811
2022-03-28 20:03:39,543.09
2022-03-28 20:03:44,543.15
2022-03-28 20:03:49,526.5240549008872
2022-03-28 20:03:54,543.25
2022-03-28 20:03:59,543.25
2022-03-28 20:04:04,543.31
2022-03-28 20:04:09,543.38
2022-03-28 20:04:14,526.466402147007
2022-03-28 20:04:19,543.44
2022-03-28 20:04:24,543.47
2022-03-28 20:04:29,543.47
2022-03-28 20:04:34,543.54
2022-03-28 20:04:39,543.54
2022-03-28 20:04:44,543.6
2022-03-28 20:04:49,543.6
2022-03-28 20:04:54,543.66
2022-03-28 20:04:59,543.73
2022-03-28 20:05:04,543.73
2022-03-28 20:05:09,543.73
2022-03-28 20:05:14,543.73
2022-03-28 20:05:19,543.76
2022-03-28 20:05:24,543.76
2022-03-28 20:05:29,543.89
2022-03-28 20:05:34,543.89
2022-03-28 20:05:39,543.89
2022-03-28 20:05:44,543.96
2022-03-28 20:05:49,543.95
2022-03-28 20:05:54,543.99
2022-03-28 20:05:59,543.99
2022-03-28 20:06:04,544.05
2022-03-28 20:06:09,544.11
2022-03-28 20:06:14,544.12
2022-03-28 20:06:19,544.18
2022-03-28 20:06:24,526.2147330783034
2022-03-28 20:06:29,544.28
2022-03-28 20:06:34,544.28
2022-03-28 20:06:39,544.34
2022-03-28 20:06:44,544.34
2022-03-28 20:06:49,544.4
2022-03-28 20:06:54,544.47
2022-03-28 20:06:59,544.47
2022-03-28 20:07:04,544.5
2022-03-28 20:07:09,544.57
2022-03-28 20:07:14,544.63
2022-03-28 20:07:19,544.63
2022-03-28 20:07:24,544.63
2022-03-28 20:07:29,544.7
2022-03-28 20:07:34,544.7
2022-03-28 20:07:39,544.79
2022-03-28 20:07:44,544.8
2022-03-28 20:07:49,544.86
2022-03-28 20:07:54,544.92
2022-03-28 20:07:59,544.92
2022-03-28 20:08:04,545.02
2022-03-28 20:08:09,544.99
2022-03-28 20:08:14,545.02
2022-03-28 20:08:19,545.09
2022-03-28 20:08:24,545.02
2022-03-28 20:08:29,545.22
2022-03-28 20:08:34,545.15
2022-03-28 20:08:39,545.15
2022-03-28 20:08:44,545.22
2022-03-28 20:08:49,545.22
2022-03-28 20:08:54,545.28
2022-03-28 20:08:59,545.29
2022-03-28 20:09:04,545.28
2022-03-28 20:09:09,545.29
2022-03-28 20:09:14,545.32
2022-03-28 20:09:19,545.29
2022-03-28 20:09:24,545.32
2022-03-28 20:09:29,545.29
2022-03-28 20:09:34,545.32
2022-03-28 20:09:39,545.32
2022-03-28 20:09:44,545.32
2022-03-28 20:09:49,545.29
2022-03-28 20:09:54,545.29
2022-03-28 20:09:59,545.29
2022-03-28 20:10:04,545.29
2022-03-28 20:10:09,545.29
2022-03-28 20:10:14,545.23
2022-03-28 20:10:19,545.23
2022-03-28 20:10:24,545.23
2022-03-28 20:10:29,545.1
2022-03-28 20:10:34,525.9948025831744
2022-03-28 20:10:39,545.04
2022-03-28 20:10:44,545.01
2022-03-28 20:10:49,545.01
2022-03-28 20:10:54,545.01
2022-03-28 20:10:59,544.94
2022-03-28 20:11:04,544.81
2022-03-28 20:11:09,544.81
2022-03-28 20:11:14,544.78
2022-03-28 20:11:19,544.66
2022-03-28 20:11:24,544.59
2022-03-28 20:11:29,526.0000726248564
2022-03-28 20:11:34,544.53
2022-03-28 20:11:39,544.43
2022-03-28 20:11:44,544.37
2022-03-28 20:11:49,526.0072563564268
2022-03-28 20:11:54,544.2
2022-03-28 20:11:59,544.14
2022-03-28 20:12:04,544.08
2022-03-28 20:12:09,544.01
2022-03-28 20:12:14,543.91
2022-03-28 20:12:19,543.79
2022-03-28 20:12:24,526.0267916356271
2022-03-28 20:12:29,543.69
2022-03-28 20:12:34,543.56
2022-03-28 20:12:39,543.46
2022-03-28 20:12:44,543.4
2022-03-28 20:12:49,526.0462873008115
2022-03-28 20:12:54,543.17
2022-03-28 20:12:59,543.17
2022-03-28 20:13:04,543.05
2022-03-28 20:13:09,542.95
2022-03-28 20:13:14,542.88
2022-03-28 20:13:19,526.0759212333897
2022-03-28 20:13:24,542.65
2022-03-28 20:13:29,542.53
2022-03-28 20:13:34,526.093336088924
2022-03-28 20:13:39,542.36
2022-03-28 20:13:44,542.2
2022-03-28 20:13:49,542.2
2022-03-28 20:13:54,526.1192938339861
2022-03-28 20:13:59,541.94
2022-03-28 20:14:04,541.85
2022-03-28 20:14:09,541.85
2022-03-28 20:14:14,541.72
2022-03-28 20:14:19,541.62
2022-03-28 20:14:24,541.49
2022-03-28 20:14:29,541.42
2022-03-28 20:14:34,526.1807699336867
2022-03-28 20:14:39,541.26
2022-03-28 20:14:44,541.17
2022-03-28 20:14:49,541.1
2022-03-28 20:14:54,541.04
2022-03-28 20:14:59,540.91
2022-03-28 20:15:04,540.81
2022-03-28 20:15:09,540.75
2022-03-28 20:15:14,526.2553017700019
2022-03-28 20:15:19,540.58
2022-03-28 20:15:24,540.45
2022-03-28 20:15:29,540.39
2022-03-28 20:15:34,540.35
2022-03-28 20:15:39,526.3086783976396
2022-03-28 20:15:44,540.16
2022-03-28 20:15:49,540.13
2022-03-28 20:15:54,540.0
2022-03-28 20:15:59,539.87
2022-03-28 20:16:04,539.84
2022-03-28 20:16:09,539.77
2022-03-28 20:16:14,539.6
2022-03-28 20:16:19,539.61
2022-03-28 20:16:24,539.48
2022-03-28 20:16:29,539.48
2022-03-28 20:16:34,539.41
2022-03-28 20:16:39,539.25
2022-03-28 20:16:44,539.19
2022-03-28 20:16:49,539.09
2022-03-28 20:16:54,539.03
2022-03-28 20:16:59,538.96
2022-03-28 20:17:04,538.83
2022-03-28 20:17:09,538.74
2022-03-28 20:17:14,538.67
2022-03-28 20:17:19,538.6
2022-03-28 20:17:24,538.51
2022-03-28 20:17:29,526.6081277536944
2022-03-28 20:17:34,538.44
2022-03-28 20:17:39,538.31
2022-03-28 20:17:44,538.28
2022-03-28 20:17:49,538.22
2022-03-28 20:17:54,538.15
2022-03-28 20:17:59,538.05
2022-03-28 20:18:04,526.7263126213347
2022-03-28 20:18:09,537.86
2022-03-28 20:18:14,526.7621761848844
2022-03-28 20:18:19,537.76
2022-03-28 20:18:24,537.7
2022-03-28 20:18:29,537.64
2022-03-28 20:18:34,537.57
2022-03-28 20:18:39,537.54
2022-03-28 20:18:44,537.41
2022-03-28 20:18:49,537.35
2022-03-28 20:18:54,537.35
2022-03-28 20:18:59,526.9347650000786
2022-03-28 20:19:04,537.25
2022-03-28 20:19:09,537.18
2022-03-28 20:19:14,537.18
2022-03-28 20:19:19,537.06
2022-03-28 20:19:24,537.06
2022-03-28 20:19:29,537.03
2022-03-28 20:19:34,536.96
2022-03-28 20:19:39,536.96
2022-03-28 20:19:44,536.9
2022-03-28 20:19:49,536.84
2022-03-28 20:19:54,536.84
2022-03-28 20:19:59,536.77
2022-03-28 20:20:04,536.77
2022-03-28 20:20:09,536.74
2022-03-28 20:20:14,536.74
2022-03-28 20:20:19,536.68
2022-03-28 20:20:24,536.61
2022-03-28 20:20:29,536.61
2022-03-28 20:20:34,536.62
2022-03-28 20:20:39,536.55
2022-03-28 20:20:44,536.55
2022-03-28 20:20:49,536.55
2022-03-28 20:20:54,536.52
2022-03-28 20:20:59,536.52
2022-03-28 20:21:04,536.52
2022-03-28 20:21:09,536.46
2022-03-28 20:21:14,536.46
2022-03-28 20:21:19,536.45
2022-03-28 20:21:24,536.39
2022-03-28 20:21:29,536.39
2022-03-28 20:21:34,527.6508730802746
2022-03-28 20:21:39,536.33
2022-03-28 20:21:44,536.33
2022-03-28 20:21:49,536.26
2022-03-28 20:21:54,536.26
2022-03-28 20:21:59,536.26
2022-03-28 20:22:04,536.23
2022-03-28 20:22:09,536.23
2022-03-28 20:22:14,536.27
2022-03-28 20:22:19,536.23
2022-03-28 20:22:24,536.23
2022-03-28 20:22:29,536.26
2022-03-28 20:22:34,536.23
2022-03-28 20:22:39,536.23
2022-03-28 20:22:44,528.0238700768529
2022-03-28 20:22:49,536.23
2022-03-28 20:22:54,536.23
2022-03-28 20:22:59,536.26
2022-03-28 20:23:04,536.23
2022-03-28 20:23:09,536.23
2022-03-28 20:23:14,536.23
2022-03-28 20:23:19,536.16
2022-03-28 20:23:24,536.23
2022-03-28 20:23:29,536.23
2022-03-28 20:23:34,536.23
2022-03-28 20:23:39,536.23
2022-03-28 20:23:44,536.16
2022-03-28 20:23:49,536.16
2022-03-28 20:23:54,536.16
2022-03-28 20:23:59,536.16
2022-03-28 20:24:04,536.22
2022-03-28 20:24:09,536.22
2022-03-28 20:24:14,536.22
2022-03-28 20:24:19,536.22
2022-03-28 20:24:24,528.5943946539464
2022-03-28 20:24:29,528.6238205788761
2022-03-28 20:24:34,536.16
2022-03-28 20:24:39,528.6828799745948
2022-03-28 20:24:44,536.15
2022-03-28 20:24:49,536.15
2022-03-28 20:24:54,536.22
2022-03-28 20:24:59,536.15
2022-03-28 20:25:04,536.15
2022-03-28 20:25:09,536.15
2022-03-28 20:25:14,536.15
2022-03-28 20:25:19,536.22
2022-03-28 20:25:24,536.15
2022-03-28 20:25:29,536.08
2022-03-28 20:25:34,536.14
2022-03-28 20:25:39,536.14
2022-03-28 20:25:44,536.14
2022-03-28 20:25:49,536.14
2022-03-28 20:25:54,536.14
2022-03-28 20:25:59,536.14
2022-03-28 20:26:04,536.14
2022-03-28 20:26:09,536.14
2022-03-28 20:26:14,536.14
2022-03-28 20:26:19,536.14
2022-03-28 20:26:24,536.07
2022-03-28 20:26:29,536.07
2022-03-28 20:26:34,536.14
2022-03-28 20:26:39,536.07
2022-03-28 20:26:44,536.07
2022-03-28 20:26:49,536.07
2022-03-28 20:26:54,536.07
2022-03-28 20:26:59,536.06
2022-03-28 20:27:04,536.13
2022-03-28 20:27:09,536.06
2022-03-28 20:27:14,536.12
2022-03-28 20:27:19,536.19
2022-03-28 20:27:24,536.19
2022-03-28 20:27:29,536.19
2022-03-28 20:27:34,536.19
2022-03-28 20:27:39,536.22
2022-03-28 20:27:44,536.22
2022-03-28 20:27:49,536.28
2022-03-28 20:27:54,536.28
2022-03-28 20:27:59,536.28
2022-03-28 20:28:04,536.35
2022-03-28 20:28:09,536.35
2022-03-28 20:28:14,536.41
2022-03-28 20:28:19,536.48
2022-03-28 20:28:24,536.41
2022-03-28 20:28:29,536.48
2022-03-28 20:28:34,536.51
2022-03-28 20:28:39,536.51
2022-03-28 20:28:44,536.57
2022-03-28 20:28:49,536.57
2022-03-28 20:28:54,536.7
2022-03-28 20:28:59,536.7
2022-03-28 20:29:04,536.8
2022-03-28 20:29:09,536.8
2022-03-28 20:29:14,536.93
2022-03-28 20:29:19,536.99
2022-03-28 20:29:24,537.02
2022-03-28 20:29:29,537.09
2022-03-28 20:29:34,537.15
2022-03-28 20:29:39,537.22
2022-03-28 20:29:44,537.31
2022-03-28 20:29:49,537.44
2022-03-28 20:29:54,537.44
2022-03-28 20:29:59,537.54
2022-03-28 20:30:04,530.6467081012314
2022-03-28 20:30:09,537.77
2022-03-28 20:30:14,537.77
2022-03-28 20:30:19,537.96
2022-03-28 20:30:24,538.02
2022-03-28 20:30:29,538.12
2022-03-28 20:30:34,538.25
2022-03-28 20:30:39,538.41
2022-03-28 20:30:44,538.54
2022-03-28 20:30:49,538.7
2022-03-28 20:30:54,538.8
2022-03-28 20:30:59,530.9641763578219
2022-03-28 20:31:04,539.06
2022-03-28 20:31:09,539.22
2022-03-28 20:31:14,539.32
2022-03-28 20:31:19,539.51
2022-03-28 20:31:24,539.67
2022-03-28 20:31:29,539.8
2022-03-28 20:31:34,539.96
2022-03-28 20:31:39,540.19
2022-03-28 20:31:44,540.25
2022-03-28 20:31:49,531.2425687291344
2022-03-28 20:31:54,540.6
2022-03-28 20:31:59,540.7
2022-03-28 20:32:04,540.86
2022-03-28 20:32:09,541.06
2022-03-28 20:32:14,541.22
2022-03-28 20:32:19,531.4040056413597
2022-03-28 20:32:24,541.51
2022-03-28 20:32:29,541.64
2022-03-28 20:32:34,541.8
2022-03-28 20:32:39,541.96
2022-03-28 20:32:44,542.09
2022-03-28 20:32:49,542.25
2022-03-28 20:32:54,542.31
2022-03-28 20:32:59,542.47
2022-03-28 20:33:04,542.6
2022-03-28 20:33:09,542.76
2022-03-28 20:33:14,542.89
2022-03-28 20:33:19,542.99
2022-03-28 20:33:24,531.7379130422204
2022-03-28 20:33:29,543.21
2022-03-28 20:33:34,543.34
2022-03-28 20:33:39,543.41
2022-03-28 20:33:44,543.56
2022-03-28 20:33:49,543.63
2022-03-28 20:33:54,543.73
2022-03-28 20:33:59,543.79
2022-03-28 20:34:04,543.92
2022-03-28 20:34:09,543.95
2022-03-28 20:34:14,531.9799570125529
2022-03-28 20:34:19,544.14
2022-03-28 20:34:24,544.21
2022-03-28 20:34:29,544.24
2022-03-28 20:34:34,544.3
2022-03-28 20:34:39,544.36
2022-03-28 20:34:44,544.36
2022-03-28 20:34:49,544.46
2022-03-28 20:34:54,544.46
2022-03-28 20:34:59,544.59
2022-03-28 20:35:04,544.59
2022-03-28 20:35:09,544.58
2022-03-28 20:35:14,544.71
2022-03-28 20:35:19,544.71
2022-03-28 20:35:24,544.71
2022-03-28 20:35:29,532.3189650930567
2022-03-28 20:35:34,544.81
2022-03-28 20:35:39,532.3619904248034
2022-03-28 20:35:44,544.8
2022-03-28 20:35:49,544.87
2022-03-28 20:35:54,544.87
2022-03-28 20:35:59,544.86
2022-03-28 20:36:04,544.86
2022-03-28 20:36:09,544.86
2022-03-28 20:36:14,544.86
2022-03-28 20:36:19,532.5289843364804
2022-03-28 20:36:24,544.86
2022-03-28 20:36:29,544.8
2022-03-28 20:36:34,544.8
2022-03-28 20:36:39,544.8
2022-03-28 20:36:44,544.8
2022-03-28 20:36:49,544.73
2022-03-28 20:36:54,544.73
2022-03-28 20:36:59,544.7
2022-03-28 20:37:04,544.63
2022-03-28 20:37:09,544.56
2022-03-28 20:37:14,544.5
2022-03-28 20:37:19,544.44
2022-03-28 20:37:24,544.44
2022-03-28 20:37:29,544.4
2022-03-28 20:37:34,544.33
2022-03-28 20:37:39,544.27
2022-03-28 20:37:44,544.2
2022-03-28 20:37:49,544.1
2022-03-28 20:37:54,544.11
2022-03-28 20:37:59,544.04
2022-03-28 20:38:04,543.98
2022-03-28 20:38:09,543.91
2022-03-28 20:38:14,543.88
2022-03-28 20:38:19,543.69
2022-03-28 20:38:24,543.68
2022-03-28 20:38:29,543.65
2022-03-28 20:38:34,533.0324669942905
2022-03-28 20:38:39,533.0493391547028
2022-03-28 20:38:44,533.0660848523278
2022-03-28 20:38:49,533.082704123124
2022-03-28 20:38:54,533.0991970030501
2022-03-28 20:38:59,533.115563528065
2022-03-28 20:39:04,543.0
2022-03-28 20:39:09,542.88
2022-03-28 20:39:14,542.85
2022-03-28 20:39:19,533.1797667981846
2022-03-28 20:39:24,542.72
2022-03-28 20:39:29,542.62
2022-03-28 20:39:34,533.2265942861808
2022-03-28 20:39:39,533.2419512664176
2022-03-28 20:39:44,542.36
2022-03-28 20:39:49,542.33
2022-03-28 20:39:54,542.2
2022-03-28 20:39:59,542.14
2022-03-28 20:40:04,542.1
2022-03-28 20:40:09,542.04
2022-03-28 20:40:14,541.91
2022-03-28 20:40:19,541.91
2022-03-28 20:40:24,541.85
2022-03-28 20:40:29,541.81
2022-03-28 20:40:34,541.68
2022-03-28 20:40:39,533.4164148733568
2022-03-28 20:40:44,541.59
2022-03-28 20:40:49,541.59
2022-03-28 20:40:54,541.59
2022-03-28 20:40:59,533.4705471476028
2022-03-28 20:41:04,533.4837664864071
2022-03-28 20:41:09,541.46
2022-03-28 20:41:14,541.4
2022-03-28 20:41:19,541.4
2022-03-28 20:41:24,541.33
2022-03-28 20:41:29,541.34
2022-03-28 20:41:34,541.3
2022-03-28 20:41:39,541.3
2022-03-28 20:41:44,541.24
2022-03-28 20:41:49,541.24
2022-03-28 20:41:54,541.24
2022-03-28 20:41:59,541.18
2022-03-28 20:42:04,541.18
2022-03-28 20:42:09,541.08
2022-03-28 20:42:14,541.18
2022-03-28 20:42:19,541.08
2022-03-28 20:42:24,541.11
2022-03-28 20:42:29,541.08
2022-03-28 20:42:34,541.08
2022-03-28 20:42:39,541.08
2022-03-28 20:42:44,541.02
2022-03-28 20:42:49,541.02
2022-03-28 20:42:54,541.02
2022-03-28 20:42:59,541.02
2022-03-28 20:43:04,541.02
2022-03-28 20:43:09,541.02
2022-03-28 20:43:14,541.02
2022-03-28 20:43:19,540.95
2022-03-28 20:43:24,533.8031188518595
2022-03-28 20:43:29,540.96
2022-03-28 20:43:34,540.96
2022-03-28 20:43:39,540.96
2022-03-28 20:43:44,540.96
2022-03-28 20:43:49,540.96
2022-03-28 20:43:54,540.89
2022-03-28 20:43:59,540.89
2022-03-28 20:44:04,540.95
2022-03-28 20:44:09,540.89
2022-03-28 20:44:14,540.96
2022-03-28 20:44:19,540.89
2022-03-28 20:44:24,540.95
2022-03-28 20:44:29,540.96
2022-03-28 20:44:34,540.96
2022-03-28 20:44:39,540.89
2022-03-28 20:44:44,533.9417618619216
2022-03-28 20:44:49,540.95
2022-03-28 20:44:54,540.89
2022-03-28 20:44:59,540.89
2022-03-28 20:45:04,540.89
2022-03-28 20:45:09,540.88
2022-03-28 20:45:14,540.89
2022-03-28 20:45:19,540.89
2022-03-28 20:45:24,540.89
2022-03-28 20:45:29,540.82
2022-03-28 20:45:34,534.0123054795242
2022-03-28 20:45:39,540.88
2022-03-28 20:45:44,534.0249313137697
2022-03-28 20:45:49,540.82
2022-03-28 20:45:54,540.88
2022-03-28 20:45:59,540.88
2022-03-28 20:46:04,540.82
2022-03-28 20:46:09,540.82
2022-03-28 20:46:14,540.79
2022-03-28 20:46:19,540.78
2022-03-28 20:46:24,534.0705016709824
2022-03-28 20:46:29,540.65
2022-03-28 20:46:34,540.65
2022-03-28 20:46:39,540.56
2022-03-28 20:46:44,534.0903520261971
2022-03-28 20:46:49,540.56
2022-03-28 20:46:54,540.49
2022-03-28 20:46:59,540.42
2022-03-28 20:47:04,540.36
2022-03-28 20:47:09,540.29
2022-03-28 20:47:14,540.29
2022-03-28 20:47:19,540.29
2022-03-28 20:47:24,540.19
2022-03-28 20:47:29,540.19
2022-03-28 20:47:34,540.19
2022-03-28 20:47:39,540.06
2022-03-28 20:47:44,540.13
2022-03-28 20:47:49,540.03
2022-03-28 20:47:54,534.1452506336752
2022-03-28 20:47:59,539.9
2022-03-28 20:48:04,539.9
2022-03-28 20:48:09,539.83
2022-03-28 20:48:14,539.73
2022-03-28 20:48:19,539.76
2022-03-28 20:48:24,539.67
2022-03-28 20:48:29,539.66
2022-03-28 20:48:34,539.6
2022-03-28 20:48:39,539.6
2022-03-28 20:48:44,539.53
2022-03-28 20:48:49,539.5
2022-03-28 20:48:54,539.44
2022-03-28 20:48:59,539.37
2022-03-28 20:49:04,539.37
2022-03-28 20:49:09,539.3
2022-03-28 20:49:14,539.24
2022-03-28 20:49:19,539.24
2022-03-28 20:49:24,534.1854630718423
2022-03-28 20:49:29,539.21
2022-03-28 20:49:34,539.2
2022-03-28 20:49:39,539.14
2022-03-28 20:49:44,539.08
2022-03-28 20:49:49,539.01
2022-03-28 20:49:54,538.98
2022-03-28 20:49:59,538.98
2022-03-28 20:50:04,538.98
2022-03-28 20:50:09,538.85
2022-03-28 20:50:14,538.85
2022-03-28 20:50:19,538.78
2022-03-28 20:50:24,538.72
2022-03-28 20:50:29,538.69
2022-03-28 20:50:34,538.69
2022-03-28 20:50:39,538.56
2022-03-28 20:50:44,538.49
2022-03-28 20:50:49,538.5
2022-03-28 20:50:54,538.46
2022-03-28 20:50:59,538.46
2022-03-28 20:51:04,538.4
2022-03-28 20:51:09,538.33
2022-03-28 20:51:14,534.1949684494535
2022-03-28 20:51:19,538.27
2022-03-28 20:51:24,538.21
2022-03-28 20:51:29,538.17
2022-03-28 20:51:34,538.17
2022-03-28 20:51:39,538.11
2022-03-28 20:51:44,538.05
2022-03-28 20:51:49,537.98
2022-03-28 20:51:54,537.98
2022-03-28 20:51:59,537.88
2022-03-28 20:52:04,537.82
2022-03-28 20:52:09,537.82
2022-03-28 20:52:14,537.69
2022-03-28 20:52:19,537.69
2022-03-28 20:52:24,537.69
2022-03-28 20:52:29,537.66
2022-03-28 20:52:34,537.6
2022-03-28 20:52:39,537.53
2022-03-28 20:52:44,537.53
2022-03-28 20:52:49,537.54
2022-03-28 20:52:54,537.54
2022-03-28 20:52:59,537.54
2022-03-28 20:53:04,537.47
2022-03-28 20:53:09,537.44
2022-03-28 20:53:14,537.47
2022-03-28 20:53:19,537.44
2022-03-28 20:53:24,534.1616942583827
2022-03-28 20:53:29,537.44
2022-03-28 20:53:34,537.44
2022-03-28 20:53:39,537.44
2022-03-28 20:53:44,537.38
2022-03-28 20:53:49,537.37
2022-03-28 20:53:54,537.38
2022-03-28 20:53:59,537.38
2022-03-28 20:54:04,537.37
2022-03-28 20:54:09,537.37
2022-03-28 20:54:14,537.38
2022-03-28 20:54:19,534.1365165862832
2022-03-28 20:54:24,537.44
2022-03-28 20:54:29,537.44
2022-03-28 20:54:34,537.47
2022-03-28 20:54:39,537.44
2022-03-28 20:54:44,537.44
2022-03-28 20:54:49,537.47
2022-03-28 20:54:54,537.47
2022-03-28 20:54:59,537.47
2022-03-28 20:55:04,537.53
2022-03-28 20:55:09,537.53
2022-03-28 20:55:14,537.53
2022-03-28 20:55:19,537.59
2022-03-28 20:55:24,537.59
2022-03-28 20:55:29,537.6
2022-03-28 20:55:34,537.6
2022-03-28 20:55:39,537.69
2022-03-28 20:55:44,537.69
2022-03-28 20:55:49,537.75
2022-03-28 20:55:54,537.69
2022-03-28 20:55:59,537.82
2022-03-28 20:56:04,537.82
2022-03-28 20:56:09,537.82
2022-03-28 20:56:14,537.82
2022-03-28 20:56:19,537.95
2022-03-28 20:56:24,537.95
2022-03-28 20:56:29,534.059387711341
2022-03-28 20:56:34,537.98
2022-03-28 20:56:39,537.98
2022-03-28 20:56:44,538.1
2022-03-28 20:56:49,538.1
2022-03-28 20:56:54,534.0426423480816
2022-03-28 20:56:59,538.2
2022-03-28 20:57:04,538.2
2022-03-28 20:57:09,538.26
2022-03-28 20:57:14,538.26
2022-03-28 20:57:19,538.33
2022-03-28 20:57:24,538.33
2022-03-28 20:57:29,534.0186161058712
2022-03-28 20:57:34,538.39
2022-03-28 20:57:39,538.45
2022-03-28 20:57:44,534.0081750193535
2022-03-28 20:57:49,538.55
2022-03-28 20:57:54,538.61
2022-03-28 20:57:59,538.61
2022-03-28 20:58:04,533.9941747989914
2022-03-28 20:58:09,533.9906663658498
2022-03-28 20:58:14,538.7
2022-03-28 20:58:19,538.77
2022-03-28 20:58:24,538.83
2022-03-28 20:58:29,538.89
2022-03-28 20:58:34,538.89
2022-03-28 20:58:39,538.96
2022-03-28 20:58:44,538.99
2022-03-28 20:58:49,539.05
2022-03-28 20:58:54,539.12
2022-03-28 20:58:59,539.21
2022-03-28 20:59:04,539.21
2022-03-28 20:59:09,533.9486809085171
2022-03-28 20:59:14,533.9452176472882
2022-03-28 20:59:19,539.4
2022-03-28 20:59:24,539.46
2022-03-28 20:59:29,539.49
2022-03-28 20:59:34,539.56
2022-03-28 20:59:39,539.62
2022-03-28 20:59:44,539.69
2022-03-28 20:59:49,539.78
2022-03-28 20:59:54,539.78
2022-03-28 20:59:59,539.91
2022-03-28 21:00:04,539.91
2022-03-28 21:00:09,540.01
2022-03-28 21:00:14,540.07
2022-03-28 21:00:19,540.13
2022-03-28 21:00:24,533.8981121960493
2022-03-28 21:00:29,540.23
2022-03-28 21:00:34,540.3
2022-03-28 21:00:39,540.36
2022-03-28 21:00:44,540.36
2022-03-28 21:00:49,540.43
2022-03-28 21:00:54,540.42
2022-03-28 21:00:59,540.49
2022-03-28 21:01:04,540.58
2022-03-28 21:01:09,533.8697476794871
2022-03-28 21:01:14,540.65
2022-03-28 21:01:19,540.71
2022-03-28 21:01:24,533.8606407746068
2022-03-28 21:01:29,533.8576417412207
2022-03-28 21:01:34,533.8546606128991
2022-03-28 21:01:39,540.87
2022-03-28 21:01:44,540.94
2022-03-28 21:01:49,540.94
2022-03-28 21:01:54,541.0
2022-03-28 21:01:59,541.0
2022-03-28 21:02:04,541.04
2022-03-28 21:02:09,541.1
2022-03-28 21:02:14,541.1
2022-03-28 21:02:19,541.16
2022-03-28 21:02:24,541.16
2022-03-28 21:02:29,541.16
2022-03-28 21:02:34,541.1
2022-03-28 21:02:39,541.1
2022-03-28 21:02:44,541.16
2022-03-28 21:02:49,541.1
2022-03-28 21:02:54,533.8092039028452
2022-03-28 21:02:59,533.8064908333045
2022-03-28 21:03:04,541.11
2022-03-28 21:03:09,541.04
2022-03-28 21:03:14,541.04
2022-03-28 21:03:19,541.04
2022-03-28 21:03:24,541.01
2022-03-28 21:03:29,541.01
2022-03-28 21:03:34,541.01
2022-03-28 21:03:39,540.95
2022-03-28 21:03:44,540.95
2022-03-28 21:03:49,540.88
2022-03-28 21:03:54,533.7774944963303
2022-03-28 21:03:59,540.82
2022-03-28 21:04:04,533.772374948398
2022-03-28 21:04:09,540.72
2022-03-28 21:04:14,540.72
2022-03-28 21:04:19,540.72
2022-03-28 21:04:24,540.6
2022-03-28 21:04:29,540.59
2022-03-28 21:04:34,533.7572617777994
2022-03-28 21:04:39,540.53
2022-03-28 21:04:44,540.5
2022-03-28 21:04:49,540.44
2022-03-28 21:04:54,540.37
2022-03-28 21:04:59,540.31
2022-03-28 21:05:04,540.24
2022-03-28 21:05:09,533.7400411055975
2022-03-28 21:05:14,540.21
2022-03-28 21:05:19,540.15
2022-03-28 21:05:24,540.08
2022-03-28 21:05:29,540.08
2022-03-28 21:05:34,540.01
2022-03-28 21:05:39,539.98
2022-03-28 21:05:44,539.92
2022-03-28 21:05:49,533.7208030682835
2022-03-28 21:05:54,539.85
2022-03-28 21:05:59,539.85
2022-03-28 21:06:04,539.85
2022-03-28 21:06:09,539.72
2022-03-28 21:06:14,539.63
2022-03-28 21:06:19,533.7066146465077
2022-03-28 21:06:24,539.56
2022-03-28 21:06:29,539.56
2022-03-28 21:06:34,539.46
2022-03-28 21:06:39,539.46
2022-03-28 21:06:44,539.4
2022-03-28 21:06:49,539.4
2022-03-28 21:06:54,539.33
2022-03-28 21:06:59,533.687919386419
2022-03-28 21:07:04,539.21
2022-03-28 21:07:09,539.21
2022-03-28 21:07:14,539.17
2022-03-28 21:07:19,539.17
2022-03-28 21:07:24,538.98
2022-03-28 21:07:29,539.04
2022-03-28 21:07:34,538.97
2022-03-28 21:07:39,538.97
2022-03-28 21:07:44,538.88
2022-03-28 21:07:49,538.88
2022-03-28 21:07:54,538.81
2022-03-28 21:07:59,538.75
2022-03-28 21:08:04,533.6577905760963
2022-03-28 21:08:09,538.68
2022-03-28 21:08:14,538.65
2022-03-28 21:08:19,538.65
2022-03-28 21:08:24,538.65
2022-03-28 21:08:29,538.65
2022-03-28 21:08:34,538.58
2022-03-28 21:08:39,538.59
2022-03-28 21:08:44,538.51
2022-03-28 21:08:49,533.6368791446023
2022-03-28 21:08:54,538.45
2022-03-28 21:08:59,538.45
2022-03-28 21:09:04,538.45
2022-03-28 21:09:09,538.45
2022-03-28 21:09:14,538.42
2022-03-28 21:09:19,533.6228143662511
2022-03-28 21:09:24,538.41
2022-03-28 21:09:29,533.6180933299918
2022-03-28 21:09:34,538.41
2022-03-28 21:09:39,538.41
2022-03-28 21:09:44,538.45
2022-03-28 21:09:49,533.6085906954547
2022-03-28 21:09:54,538.44
2022-03-28 21:09:59,538.51
2022-03-28 21:10:04,538.44
2022-03-28 21:10:09,538.51
2022-03-28 21:10:14,538.51
2022-03-28 21:10:19,538.51
2022-03-28 21:10:24,538.57
2022-03-28 21:10:29,538.57
2022-03-28 21:10:34,538.63
2022-03-28 21:10:39,538.63
2022-03-28 21:10:44,538.67
2022-03-28 21:10:49,538.67
2022-03-28 21:10:54,538.73
2022-03-28 21:10:59,538.73
2022-03-28 21:11:04,538.8
2022-03-28 21:11:09,538.86
2022-03-28 21:11:14,538.92
2022-03-28 21:11:19,538.92
2022-03-28 21:11:24,539.02
2022-03-28 21:11:29,539.09
2022-03-28 21:11:34,539.15
2022-03-28 21:11:39,539.18
2022-03-28 21:11:44,539.31
2022-03-28 21:11:49,533.5490813753474
2022-03-28 21:11:54,539.38
2022-03-28 21:11:59,533.5438675822417
2022-03-28 21:12:04,539.48
2022-03-28 21:12:09,539.54
2022-03-28 21:12:14,539.6
2022-03-28 21:12:19,539.67
2022-03-28 21:12:24,539.77
2022-03-28 21:12:29,533.5279303278736
2022-03-28 21:12:34,539.9
2022-03-28 21:12:39,539.96
2022-03-28 21:12:44,539.99
2022-03-28 21:12:49,540.06
2022-03-28 21:12:54,540.12
2022-03-28 21:12:59,540.22
2022-03-28 21:13:04,540.35
2022-03-28 21:13:09,540.35
2022-03-28 21:13:14,540.48
2022-03-28 21:13:19,540.51
2022-03-28 21:13:24,540.58
2022-03-28 21:13:29,540.64
2022-03-28 21:13:34,540.71
2022-03-28 21:13:39,540.74
2022-03-28 21:13:44,540.81
2022-03-28 21:13:49,533.4829269262336
2022-03-28 21:13:54,540.94
2022-03-28 21:13:59,541.0
2022-03-28 21:14:04,533.474026911536
2022-03-28 21:14:09,541.04
2022-03-28 21:14:14,541.17
2022-03-28 21:14:19,541.17
2022-03-28 21:14:24,541.23
2022-03-28 21:14:29,533.4588314415082
2022-03-28 21:14:34,541.33
2022-03-28 21:14:39,533.4526215074743
2022-03-28 21:14:44,541.46
2022-03-28 21:14:49,541.53
2022-03-28 21:14:54,541.56
2022-03-28 21:14:59,541.63
2022-03-28 21:15:04,541.63
2022-03-28 21:15:09,533.4335362970133
2022-03-28 21:15:14,541.76
2022-03-28 21:15:19,541.79
2022-03-28 21:15:24,541.85
2022-03-28 21:15:29,541.92
2022-03-28 21:15:34,541.92
2022-03-28 21:15:39,542.05
2022-03-28 21:15:44,542.05
2022-03-28 21:15:49,542.08
2022-03-28 21:15:54,542.15
2022-03-28 21:15:59,542.21
2022-03-28 21:16:04,542.28
2022-03-28 21:16:09,542.31
2022-03-28 21:16:14,542.38
2022-03-28 21:16:19,542.44
2022-03-28 21:16:24,542.51
2022-03-28 21:16:29,533.3793359029148
2022-03-28 21:16:34,542.6
2022-03-28 21:16:39,542.67
2022-03-28 21:16:44,542.67
2022-03-28 21:16:49,542.8
2022-03-28 21:16:54,542.83
2022-03-28 21:16:59,542.83
2022-03-28 21:17:04,542.9
2022-03-28 21:17:09,533.3504547709573
2022-03-28 21:17:14,543.03
2022-03-28 21:17:19,543.09
2022-03-28 21:17:24,543.12
2022-03-28 21:17:29,543.19
2022-03-28 21:17:34,533.3318085421873
2022-03-28 21:17:39,543.32
2022-03-28 21:17:44,533.3242226088875
2022-03-28 21:17:49,543.41
2022-03-28 21:17:54,543.48
2022-03-28 21:17:59,543.48
2022-03-28 21:18:04,543.54
2022-03-28 21:18:09,543.64
2022-03-28 21:18:14,543.64
2022-03-28 21:18:19,543.7
2022-03-28 21:18:24,543.77
2022-03-28 21:18:29,543.86
2022-03-28 21:18:34,543.93
2022-03-28 21:18:39,543.93
2022-03-28 21:18:44,543.99
2022-03-28 21:18:49,544.06
2022-03-28 21:18:54,544.15
2022-03-28 21:18:59,544.15
2022-03-28 21:19:04,544.28
2022-03-28 21:19:09,544.28
2022-03-28 21:19:14,544.38
2022-03-28 21:19:19,544.38
2022-03-28 21:19:24,544.51
2022-03-28 21:19:29,544.51
2022-03-28 21:19:34,544.57
2022-03-28 21:19:39,544.64
2022-03-28 21:19:44,544.67
2022-03-28 21:19:49,544.66
2022-03-28 21:19:54,544.79
2022-03-28 21:19:59,544.73
2022-03-28 21:20:04,544.86
2022-03-28 21:20:09,544.89
2022-03-28 21:20:14,544.95
2022-03-28 21:20:19,544.95
2022-03-28 21:20:24,533.1931101907634
2022-03-28 21:20:29,545.08
2022-03-28 21:20:34,545.18
2022-03-28 21:20:39,545.18
2022-03-28 21:20:44,545.24
2022-03-28 21:20:49,545.3
2022-03-28 21:20:54,545.37
2022-03-28 21:20:59,545.37
2022-03-28 21:21:04,545.4
2022-03-28 21:21:09,545.46
2022-03-28 21:21:14,545.53
2022-03-28 21:21:19,545.53
2022-03-28 21:21:24,545.59
2022-03-28 21:21:29,545.65
2022-03-28 21:21:34,545.66
2022-03-28 21:21:39,545.76
2022-03-28 21:21:44,545.75
2022-03-28 21:21:49,545.82
2022-03-28 21:21:54,545.88
2022-03-28 21:21:59,545.88
2022-03-28 21:22:04,545.92
2022-03-28 21:22:09,533.097346726924
2022-03-28 21:22:14,546.04
2022-03-28 21:22:19,546.04
2022-03-28 21:22:24,546.11
2022-03-28 21:22:29,546.17
2022-03-28 21:22:34,546.17
2022-03-28 21:22:39,546.21
2022-03-28 21:22:44,546.27
2022-03-28 21:22:49,546.27
2022-03-28 21:22:54,546.27
2022-03-28 21:22:59,546.34
2022-03-28 21:23:04,546.34
2022-03-28 21:23:09,546.34
2022-03-28 21:23:14,546.34
2022-03-28 21:23:19,546.4
2022-03-28 21:23:24,546.4
2022-03-28 21:23:29,546.4
2022-03-28 21:23:34,546.41
2022-03-28 21:23:39,546.41
2022-03-28 21:23:44,546.41
2022-03-28 21:23:49,546.34
2022-03-28 21:23:54,546.34
2022-03-28 21:23:59,546.28
2022-03-28 21:24:04,546.34
2022-03-28 21:24:09,546.28
2022-03-28 21:24:14,546.28
2022-03-28 21:24:19,546.22
2022-03-28 21:24:24,546.19
2022-03-28 21:24:29,546.12
2022-03-28 21:24:34,546.06
2022-03-28 21:24:39,546.0
2022-03-28 21:24:44,545.9
2022-03-28 21:24:49,532.9371744739803
2022-03-28 21:24:54,545.71
2022-03-28 21:24:59,545.68
2022-03-28 21:25:04,532.9212993710272
2022-03-28 21:25:09,545.42
2022-03-28 21:25:14,532.91063561629
2022-03-28 21:25:19,545.17
2022-03-28 21:25:24,532.8999077991606
2022-03-28 21:25:29,544.88
2022-03-28 21:25:34,544.75
2022-03-28 21:25:39,544.59
2022-03-28 21:25:44,544.46
2022-03-28 21:25:49,544.3
2022-03-28 21:25:54,544.14
2022-03-28 21:25:59,544.02
2022-03-28 21:26:04,543.86
2022-03-28 21:26:09,543.67
2022-03-28 21:26:14,543.57
2022-03-28 21:26:19,543.38
2022-03-28 21:26:24,543.28
2022-03-28 21:26:29,543.12
2022-03-28 21:26:34,542.93
2022-03-28 21:26:39,542.83
2022-03-28 21:26:44,542.64
2022-03-28 21:26:49,542.54
2022-03-28 21:26:54,542.35
2022-03-28 21:26:59,542.26
2022-03-28 21:27:04,542.13
2022-03-28 21:27:09,542.03
2022-03-28 21:27:14,541.9
2022-03-28 21:27:19,541.81
2022-03-28 21:27:24,541.68
2022-03-28 21:27:29,541.62
2022-03-28 21:27:34,541.52
2022-03-28 21:27:39,541.39
2022-03-28 21:27:44,541.33
2022-03-28 21:27:49,541.29
2022-03-28 21:27:54,532.7314311801248
2022-03-28 21:27:59,541.17
2022-03-28 21:28:04,541.07
2022-03-28 21:28:09,541.01
2022-03-28 21:28:14,540.94
2022-03-28 21:28:19,540.94
2022-03-28 21:28:24,540.88
2022-03-28 21:28:29,540.78
2022-03-28 21:28:34,540.78
2022-03-28 21:28:39,540.78
2022-03-28 21:28:44,540.72
2022-03-28 21:28:49,532.6661778700847
2022-03-28 21:28:54,540.65
2022-03-28 21:28:59,540.56
2022-03-28 21:29:04,540.59
2022-03-28 21:29:09,540.56
2022-03-28 21:29:14,540.56
2022-03-28 21:29:19,540.56
2022-03-28 21:29:24,540.56
2022-03-28 21:29:29,540.56
2022-03-28 21:29:34,540.56
2022-03-28 21:29:39,540.49
2022-03-28 21:29:44,540.56
2022-03-28 21:29:49,540.56
2022-03-28 21:29:54,540.5
2022-03-28 21:29:59,540.56
2022-03-28 21:30:04,540.49
2022-03-28 21:30:09,540.49
2022-03-28 21:30:14,540.49
2022-03-28 21:30:19,540.59
2022-03-28 21:30:24,540.56
2022-03-28 21:30:29,540.56
2022-03-28 21:30:34,540.59
2022-03-28 21:30:39,540.56
2022-03-28 21:30:44,540.56
2022-03-28 21:30:49,540.56
2022-03-28 21:30:54,540.55
2022-03-28 21:30:59,532.5023533960236
2022-03-28 21:31:04,540.59
2022-03-28 21:31:09,540.58
2022-03-28 21:31:14,540.55
2022-03-28 21:31:19,540.59
2022-03-28 21:31:24,540.58
2022-03-28 21:31:29,540.55
2022-03-28 21:31:34,540.55
2022-03-28 21:31:39,540.55
2022-03-28 21:31:44,540.58
2022-03-28 21:31:49,540.55
2022-03-28 21:31:54,540.55
2022-03-28 21:31:59,540.55
2022-03-28 21:32:04,532.413070875567
2022-03-28 21:32:09,532.4059470501359
2022-03-28 21:32:14,540.58
2022-03-28 21:32:19,540.58
2022-03-28 21:32:24,540.65
2022-03-28 21:32:29,540.65
2022-03-28 21:32:34,540.65
2022-03-28 21:32:39,540.71
2022-03-28 21:32:44,540.71
2022-03-28 21:32:49,540.71
2022-03-28 21:32:54,540.78
2022-03-28 21:32:59,540.71
2022-03-28 21:33:04,540.81
2022-03-28 21:33:09,540.78
2022-03-28 21:33:14,540.81
2022-03-28 21:33:19,540.81
2022-03-28 21:33:24,540.81
2022-03-28 21:33:29,540.88
2022-03-28 21:33:34,532.278359950254
2022-03-28 21:33:39,540.94
2022-03-28 21:33:44,540.94
2022-03-28 21:33:49,532.2544556397717
2022-03-28 21:33:54,541.01
2022-03-28 21:33:59,541.01
2022-03-28 21:34:04,541.07
2022-03-28 21:34:09,541.08
2022-03-28 21:34:14,541.11
2022-03-28 21:34:19,541.17
2022-03-28 21:34:24,541.17
2022-03-28 21:34:29,532.1884430494456
2022-03-28 21:34:34,541.24
2022-03-28 21:34:39,541.3
2022-03-28 21:34:44,541.34
2022-03-28 21:34:49,541.4
2022-03-28 21:34:54,541.4
2022-03-28 21:34:59,541.47
2022-03-28 21:35:04,541.47
2022-03-28 21:35:09,541.6
2022-03-28 21:35:14,541.6
2022-03-28 21:35:19,541.6
2022-03-28 21:35:24,532.0918593918071
2022-03-28 21:35:29,541.7
2022-03-28 21:35:34,541.7
2022-03-28 21:35:39,541.7
2022-03-28 21:35:44,541.77
2022-03-28 21:35:49,541.83
2022-03-28 21:35:54,541.83
2022-03-28 21:35:59,541.83
2022-03-28 21:36:04,541.84
2022-03-28 21:36:09,541.83
2022-03-28 21:36:14,541.84
2022-03-28 21:36:19,531.9878614226003
2022-03-28 21:36:24,541.87
2022-03-28 21:36:29,541.87
2022-03-28 21:36:34,541.87
2022-03-28 21:36:39,541.88
2022-03-28 21:36:44,541.87
2022-03-28 21:36:49,541.94
2022-03-28 21:36:54,541.88
2022-03-28 21:36:59,541.88
2022-03-28 21:37:04,541.88
2022-03-28 21:37:09,541.88
2022-03-28 21:37:14,541.88
2022-03-28 21:37:19,541.88
2022-03-28 21:37:24,541.88
2022-03-28 21:37:29,541.88
2022-03-28 21:37:34,531.8327465604136
2022-03-28 21:37:39,541.88
2022-03-28 21:37:44,541.89
2022-03-28 21:37:49,541.85
2022-03-28 21:37:54,541.85
2022-03-28 21:37:59,541.89
2022-03-28 21:38:04,541.89
2022-03-28 21:38:09,541.86
2022-03-28 21:38:14,541.86
2022-03-28 21:38:19,541.89
2022-03-28 21:38:24,541.89
2022-03-28 21:38:29,541.86
2022-03-28 21:38:34,541.86
2022-03-28 21:38:39,531.6845719988046
2022-03-28 21:38:44,531.6726074244982
2022-03-28 21:38:49,541.86
2022-03-28 21:38:54,541.89
2022-03-28 21:38:59,541.86
2022-03-28 21:39:04,541.86
2022-03-28 21:39:09,541.86
2022-03-28 21:39:14,541.86
2022-03-28 21:39:19,541.86
2022-03-28 21:39:24,541.89
2022-03-28 21:39:29,541.89
2022-03-28 21:39:34,531.5482632400705
2022-03-28 21:39:39,541.89
2022-03-28 21:39:44,531.5223400829607
2022-03-28 21:39:49,541.89
2022-03-28 21:39:54,541.96
2022-03-28 21:39:59,542.02
2022-03-28 21:40:04,542.02
2022-03-28 21:40:09,542.02
2022-03-28 21:40:14,541.96
2022-03-28 21:40:19,542.02
2022-03-28 21:40:24,542.09
2022-03-28 21:40:29,542.09
2022-03-28 21:40:34,542.08
2022-03-28 21:40:39,542.09
2022-03-28 21:40:44,542.09
2022-03-28 21:40:49,542.15
2022-03-28 21:40:54,542.15
2022-03-28 21:40:59,542.15
2022-03-28 21:41:04,542.25
2022-03-28 21:41:09,542.25
2022-03-28 21:41:14,542.18
2022-03-28 21:41:19,542.24
2022-03-28 21:41:24,542.24
2022-03-28 21:41:29,542.24
2022-03-28 21:41:34,542.31
2022-03-28 21:41:39,542.31
2022-03-28 21:41:44,542.31
2022-03-28 21:41:49,542.37
2022-03-28 21:41:54,542.31
2022-03-28 21:41:59,542.37
2022-03-28 21:42:04,542.37
2022-03-28 21:42:09,542.37
2022-03-28 21:42:14,542.4
2022-03-28 21:42:19,531.0714730190015
2022-03-28 21:42:24,542.4
2022-03-28 21:42:29,542.47
2022-03-28 21:42:34,531.0226055670106
2022-03-28 21:42:39,542.47
2022-03-28 21:42:44,542.47
2022-03-28 21:42:49,542.53
2022-03-28 21:42:54,530.955936531545
2022-03-28 21:42:59,542.59
2022-03-28 21:43:04,542.6
2022-03-28 21:43:09,542.59
2022-03-28 21:43:14,542.6
2022-03-28 21:43:19,542.6
2022-03-28 21:43:24,542.6
2022-03-28 21:43:29,542.6
2022-03-28 21:43:34,542.6
2022-03-28 21:43:39,542.6
2022-03-28 21:43:44,542.6
2022-03-28 21:43:49,542.6
2022-03-28 21:43:54,542.66
2022-03-28 21:43:59,542.6
2022-03-28 21:44:04,542.6
2022-03-28 21:44:09,542.6
2022-03-28 21:44:14,542.6
2022-03-28 21:44:19,542.54
2022-03-28 21:44:24,542.53
2022-03-28 21:44:29,530.6222285546869
2022-03-28 21:44:34,542.54
2022-03-28 21:44:39,542.48
2022-03-28 21:44:44,542.54
2022-03-28 21:44:49,542.54
2022-03-28 21:44:54,542.48
2022-03-28 21:44:59,542.48
2022-03-28 21:45:04,542.54
2022-03-28 21:45:09,542.48
2022-03-28 21:45:14,542.54
2022-03-28 21:45:19,542.48
2022-03-28 21:45:24,542.48
2022-03-28 21:45:29,530.4054654796528
2022-03-28 21:45:34,542.48
2022-03-28 21:45:39,542.48
2022-03-28 21:45:44,542.48
2022-03-28 21:45:49,542.48
2022-03-28 21:45:54,542.48
2022-03-28 21:45:59,542.42
2022-03-28 21:46:04,542.42
2022-03-28 21:46:09,542.42
2022-03-28 21:46:14,542.42
2022-03-28 21:46:19,542.39
2022-03-28 21:46:24,542.39
2022-03-28 21:46:29,542.42
2022-03-28 21:46:34,530.1747306730762
2022-03-28 21:46:39,542.39
2022-03-28 21:46:44,542.4
2022-03-28 21:46:49,542.39
2022-03-28 21:46:54,542.33
2022-03-28 21:46:59,542.27
2022-03-28 21:47:04,542.33
2022-03-28 21:47:09,542.27
2022-03-28 21:47:14,542.27
2022-03-28 21:47:19,542.27
2022-03-28 21:47:24,530.0053925450771
2022-03-28 21:47:29,542.21
2022-03-28 21:47:34,542.21
2022-03-28 21:47:39,542.21
2022-03-28 21:47:44,542.18
2022-03-28 21:47:49,542.21
2022-03-28 21:47:54,542.18
2022-03-28 21:47:59,542.11
2022-03-28 21:48:04,542.11
2022-03-28 21:48:09,542.05
2022-03-28 21:48:14,542.11
2022-03-28 21:48:19,542.05
2022-03-28 21:48:24,542.05
2022-03-28 21:48:29,542.05
2022-03-28 21:48:34,541.99
2022-03-28 21:48:39,541.92
2022-03-28 21:48:44,541.92
2022-03-28 21:48:49,541.89
2022-03-28 21:48:54,541.83
2022-03-28 21:48:59,541.76
2022-03-28 21:49:04,541.76
2022-03-28 21:49:09,541.7
2022-03-28 21:49:14,541.7
2022-03-28 21:49:19,541.7
2022-03-28 21:49:24,541.6
2022-03-28 21:49:29,541.6
2022-03-28 21:49:34,541.54
2022-03-28 21:49:39,541.54
2022-03-28 21:49:44,541.47
2022-03-28 21:49:49,541.38
2022-03-28 21:49:54,541.41
2022-03-28 21:49:59,541.38
2022-03-28 21:50:04,541.31
2022-03-28 21:50:09,541.24
2022-03-28 21:50:14,541.18
2022-03-28 21:50:19,541.15
2022-03-28 21:50:24,541.15
2022-03-28 21:50:29,541.08
2022-03-28 21:50:34,540.95
2022-03-28 21:50:39,540.96
2022-03-28 21:50:44,540.89
2022-03-28 21:50:49,529.4725518359543
2022-03-28 21:50:54,540.8
2022-03-28 21:50:59,540.66
2022-03-28 21:51:04,540.66
2022-03-28 21:51:09,540.63
2022-03-28 21:51:14,540.57
2022-03-28 21:51:19,540.5
2022-03-28 21:51:24,540.37
2022-03-28 21:51:29,540.37
2022-03-28 21:51:34,540.27
2022-03-28 21:51:39,529.402273833518
2022-03-28 21:51:44,540.15
2022-03-28 21:51:49,540.15
2022-03-28 21:51:54,529.3871290696148
2022-03-28 21:51:59,539.98
2022-03-28 21:52:04,529.3786531959668
2022-03-28 21:52:09,539.86
2022-03-28 21:52:14,539.82
2022-03-28 21:52:19,539.76
2022-03-28 21:52:24,539.63
2022-03-28 21:52:29,529.3633641890536
2022-03-28 21:52:34,539.6
2022-03-28 21:52:39,539.53
2022-03-28 21:52:44,539.53
2022-03-28 21:52:49,539.4
2022-03-28 21:52:54,539.4
2022-03-28 21:52:59,529.3567044071324
2022-03-28 21:53:04,539.3
2022-03-28 21:53:09,539.24
2022-03-28 21:53:14,539.17
2022-03-28 21:53:19,539.17
2022-03-28 21:53:24,539.17
2022-03-28 21:53:29,539.08
2022-03-28 21:53:34,539.11
2022-03-28 21:53:39,539.07
2022-03-28 21:53:44,529.3723823635933
2022-03-28 21:53:49,539.01
2022-03-28 21:53:54,539.01
2022-03-28 21:53:59,539.01
2022-03-28 21:54:04,529.3898820236727
2022-03-28 21:54:09,538.95
2022-03-28 21:54:14,529.4011797311481
2022-03-28 21:54:19,538.95
2022-03-28 21:54:24,529.4142177977582
2022-03-28 21:54:29,538.95
2022-03-28 21:54:34,538.88
2022-03-28 21:54:39,538.95
2022-03-28 21:54:44,538.95
2022-03-28 21:54:49,538.88
2022-03-28 21:54:54,538.89
2022-03-28 21:54:59,538.89
2022-03-28 21:55:04,538.89
2022-03-28 21:55:09,529.4952660944018
2022-03-28 21:55:14,538.89
2022-03-28 21:55:19,538.89
2022-03-28 21:55:24,538.82
2022-03-28 21:55:29,538.89
2022-03-28 21:55:34,538.83
2022-03-28 21:55:39,538.83
2022-03-28 21:55:44,538.83
2022-03-28 21:55:49,538.79
2022-03-28 21:55:54,538.79
2022-03-28 21:55:59,538.83
2022-03-28 21:56:04,538.83
2022-03-28 21:56:09,538.89
2022-03-28 21:56:14,538.8
2022-03-28 21:56:19,538.8
2022-03-28 21:56:24,538.8
2022-03-28 21:56:29,538.8
2022-03-28 21:56:34,538.8
2022-03-28 21:56:39,538.8
2022-03-28 21:56:44,538.8
2022-03-28 21:56:49,538.8
2022-03-28 21:56:54,529.839922422482
2022-03-28 21:56:59,529.8621816311161
2022-03-28 21:57:04,538.9
2022-03-28 21:57:09,538.84
2022-03-28 21:57:14,538.91
2022-03-28 21:57:19,538.84
2022-03-28 21:57:24,538.84
2022-03-28 21:57:29,538.85
2022-03-28 21:57:34,538.84
2022-03-28 21:57:39,530.059160250557
2022-03-28 21:57:44,538.91
2022-03-28 21:57:49,538.98
2022-03-28 21:57:54,538.91
2022-03-28 21:57:59,538.91
2022-03-28 21:58:04,538.91
2022-03-28 21:58:09,538.98
2022-03-28 21:58:14,538.98
2022-03-28 21:58:19,538.98
2022-03-28 21:58:24,538.98
2022-03-28 21:58:29,538.98
2022-03-28 21:58:34,538.92
2022-03-28 21:58:39,539.05
2022-03-28 21:58:44,530.4460020455473
2022-03-28 21:58:49,539.05
2022-03-28 21:58:54,538.99
2022-03-28 21:58:59,539.06
2022-03-28 21:59:04,539.12
2022-03-28 21:59:09,539.06
2022-03-28 21:59:14,539.12
2022-03-28 21:59:19,539.06
2022-03-28 21:59:24,539.06
2022-03-28 21:59:29,539.12
2022-03-28 21:59:34,539.16
2022-03-28 21:59:39,539.13
2022-03-28 21:59:44,539.16
2022-03-28 21:59:49,539.16
2022-03-28 21:59:54,539.16
2022-03-28 21:59:59,539.16
2022-03-28 22:00:04,539.16
2022-03-28 22:00:09,539.16
2022-03-28 22:00:14,539.17
2022-03-28 22:00:19,539.23
2022-03-28 22:00:24,539.23
2022-03-28 22:00:29,539.23
2022-03-28 22:00:34,539.3
2022-03-28 22:00:39,531.3029662396815
2022-03-28 22:00:44,539.36
2022-03-28 22:00:49,539.37
2022-03-28 22:00:54,539.37
2022-03-28 22:00:59,539.37
2022-03-28 22:01:04,531.5137268280093
2022-03-28 22:01:09,539.4
2022-03-28 22:01:14,539.4
2022-03-28 22:01:19,539.4
2022-03-28 22:01:24,539.4
2022-03-28 22:01:29,539.4
2022-03-28 22:01:34,539.4
2022-03-28 22:01:39,539.47
2022-03-28 22:01:44,539.4
2022-03-28 22:01:49,539.41
2022-03-28 22:01:54,539.47
2022-03-28 22:01:59,539.41
2022-03-28 22:02:04,539.41
2022-03-28 22:02:09,539.41
2022-03-28 22:02:14,532.1411681311346
2022-03-28 22:02:19,539.41
2022-03-28 22:02:24,539.42
2022-03-28 22:02:29,539.42
2022-03-28 22:02:34,539.48
2022-03-28 22:02:39,532.3767084755442
2022-03-28 22:02:44,539.48
2022-03-28 22:02:49,539.48
2022-03-28 22:02:54,539.55
2022-03-28 22:02:59,532.568801653293
2022-03-28 22:03:04,539.61
2022-03-28 22:03:09,539.61
2022-03-28 22:03:14,539.68
2022-03-28 22:03:19,539.68
2022-03-28 22:03:24,539.68
2022-03-28 22:03:29,539.68
2022-03-28 22:03:34,539.72
2022-03-28 22:03:39,539.78
2022-03-28 22:03:44,539.78
2022-03-28 22:03:49,539.85
2022-03-28 22:03:54,539.85
2022-03-28 22:03:59,539.91
2022-03-28 22:04:04,533.2115876177184
2022-03-28 22:04:09,539.95
2022-03-28 22:04:14,540.01
2022-03-28 22:04:19,540.08
2022-03-28 22:04:24,540.08
2022-03-28 22:04:29,540.08
2022-03-28 22:04:34,533.5156402099358
2022-03-28 22:04:39,540.15
2022-03-28 22:04:44,540.21
2022-03-28 22:04:49,540.25
2022-03-28 22:04:54,540.25
2022-03-28 22:04:59,540.32
2022-03-28 22:05:04,540.32
2022-03-28 22:05:09,540.38
2022-03-28 22:05:14,540.38
2022-03-28 22:05:19,533.9773584861887
2022-03-28 22:05:24,540.48
2022-03-28 22:05:29,540.48
2022-03-28 22:05:34,540.49
2022-03-28 22:05:39,540.62
2022-03-28 22:05:44,540.62
2022-03-28 22:05:49,534.2873789481221
2022-03-28 22:05:54,540.68
2022-03-28 22:05:59,540.69
2022-03-28 22:06:04,540.75
2022-03-28 22:06:09,540.75
2022-03-28 22:06:14,540.85
2022-03-28 22:06:19,540.85
2022-03-28 22:06:24,540.85
2022-03-28 22:06:29,540.86
2022-03-28 22:06:34,540.92
2022-03-28 22:06:39,540.92
2022-03-28 22:06:44,540.99
2022-03-28 22:06:49,540.92
2022-03-28 22:06:54,540.99
2022-03-28 22:06:59,541.02
2022-03-28 22:07:04,541.09
2022-03-28 22:07:09,541.15
2022-03-28 22:07:14,535.1650941329247
2022-03-28 22:07:19,541.22
2022-03-28 22:07:24,541.22
2022-03-28 22:07:29,541.29
2022-03-28 22:07:34,541.32
2022-03-28 22:07:39,541.32
2022-03-28 22:07:44,535.4713524846218
2022-03-28 22:07:49,541.39
2022-03-28 22:07:54,535.572701762176
2022-03-28 22:07:59,541.45
2022-03-28 22:08:04,535.6736169557987
2022-03-28 22:08:09,535.7238994591181
2022-03-28 22:08:14,541.52
2022-03-28 22:08:19,541.55
2022-03-28 22:08:24,541.55
2022-03-28 22:08:29,541.61
2022-03-28 22:08:34,535.973364048521
2022-03-28 22:08:39,541.68
2022-03-28 22:08:44,541.68
2022-03-28 22:08:49,541.74
2022-03-28 22:08:54,541.75
2022-03-28 22:08:59,541.81
2022-03-28 22:09:04,541.75
2022-03-28 22:09:09,541.84
2022-03-28 22:09:14,541.84
2022-03-28 22:09:19,541.84
2022-03-28 22:09:24,541.84
2022-03-28 22:09:29,541.91
2022-03-28 22:09:34,541.91
2022-03-28 22:09:39,541.91
2022-03-28 22:09:44,541.91
2022-03-28 22:09:49,541.91
2022-03-28 22:09:54,536.7437665878747
2022-03-28 22:09:59,541.97
2022-03-28 22:10:04,541.97
2022-03-28 22:10:09,541.97
2022-03-28 22:10:14,542.03
2022-03-28 22:10:19,542.04
2022-03-28 22:10:24,542.03
2022-03-28 22:10:29,541.97
2022-03-28 22:10:34,542.03
2022-03-28 22:10:39,542.06
2022-03-28 22:10:44,542.03
2022-03-28 22:10:49,542.06
2022-03-28 22:10:54,537.2845842372891
2022-03-28 22:10:59,542.19
2022-03-28 22:11:04,542.13
2022-03-28 22:11:09,542.13
2022-03-28 22:11:14,542.19
2022-03-28 22:11:19,542.19
2022-03-28 22:11:24,542.19
2022-03-28 22:11:29,542.26
2022-03-28 22:11:34,542.25
2022-03-28 22:11:39,542.32
2022-03-28 22:11:44,537.7052093879998
2022-03-28 22:11:49,542.35
2022-03-28 22:11:54,542.35
2022-03-28 22:11:59,542.35
2022-03-28 22:12:04,542.35
2022-03-28 22:12:09,542.41
2022-03-28 22:12:14,542.35
2022-03-28 22:12:19,537.9827151336227
2022-03-28 22:12:24,542.41
2022-03-28 22:12:29,542.41
2022-03-28 22:12:34,542.41
2022-03-28 22:12:39,542.47
2022-03-28 22:12:44,542.47
2022-03-28 22:12:49,542.47
2022-03-28 22:12:54,542.47
2022-03-28 22:12:59,542.47
2022-03-28 22:13:04,542.47
2022-03-28 22:13:09,542.47
2022-03-28 22:13:14,542.54
2022-03-28 22:13:19,542.54
2022-03-28 22:13:24,542.54
2022-03-28 22:13:29,542.54
2022-03-28 22:13:34,542.57
2022-03-28 22:13:39,542.57
2022-03-28 22:13:44,542.57
2022-03-28 22:13:49,542.63
2022-03-28 22:13:54,542.63
2022-03-28 22:13:59,542.63
2022-03-28 22:14:04,542.63
2022-03-28 22:14:09,542.7
2022-03-28 22:14:14,542.7
2022-03-28 22:14:19,542.76
2022-03-28 22:14:24,542.76
2022-03-28 22:14:29,542.76
2022-03-28 22:14:34,542.83
2022-03-28 22:14:39,542.83
2022-03-28 22:14:44,542.83
2022-03-28 22:14:49,542.83
2022-03-28 22:14:54,542.83
2022-03-28 22:14:59,542.83
2022-03-28 22:15:04,542.83
2022-03-28 22:15:09,539.1274967325335
2022-03-28 22:15:14,542.83
2022-03-28 22:15:19,542.83
2022-03-28 22:15:24,542.83
2022-03-28 22:15:29,542.83
2022-03-28 22:15:34,542.83
2022-03-28 22:15:39,542.77
2022-03-28 22:15:44,542.77
2022-03-28 22:15:49,542.77
2022-03-28 22:15:54,542.77
2022-03-28 22:15:59,542.77
2022-03-28 22:16:04,542.77
2022-03-28 22:16:09,542.77
2022-03-28 22:16:14,542.77
2022-03-28 22:16:19,542.77
2022-03-28 22:16:24,542.71
2022-03-28 22:16:29,542.71
2022-03-28 22:16:34,542.71
2022-03-28 22:16:39,542.64
2022-03-28 22:16:44,542.65
2022-03-28 22:16:49,542.58
2022-03-28 22:16:54,542.58
2022-03-28 22:16:59,542.58
2022-03-28 22:17:04,542.55
2022-03-28 22:17:09,542.55
2022-03-28 22:17:14,542.49
2022-03-28 22:17:19,542.49
2022-03-28 22:17:24,542.42
2022-03-28 22:17:29,542.36
2022-03-28 22:17:34,542.43
2022-03-28 22:17:39,542.33
2022-03-28 22:17:44,542.33
2022-03-28 22:17:49,542.26
2022-03-28 22:17:54,542.27
2022-03-28 22:17:59,542.2
2022-03-28 22:18:04,542.2
2022-03-28 22:18:09,542.2
2022-03-28 22:18:14,542.13
2022-03-28 22:18:19,539.9938599351735
2022-03-28 22:18:24,542.07
2022-03-28 22:18:29,542.04
2022-03-28 22:18:34,541.97
2022-03-28 22:18:39,541.97
2022-03-28 22:18:44,541.91
2022-03-28 22:18:49,540.089415372134
2022-03-28 22:18:54,541.84
2022-03-28 22:18:59,541.81
2022-03-28 22:19:04,541.75
2022-03-28 22:19:09,541.68
2022-03-28 22:19:14,541.68
2022-03-28 22:19:19,541.62
2022-03-28 22:19:24,541.61
2022-03-28 22:19:29,541.52
2022-03-28 22:19:34,541.52
2022-03-28 22:19:39,541.52
2022-03-28 22:19:44,541.45
2022-03-28 22:19:49,541.45
2022-03-28 22:19:54,541.45
2022-03-28 22:19:59,541.39
2022-03-28 22:20:04,541.39
2022-03-28 22:20:09,541.32
2022-03-28 22:20:14,541.29
2022-03-28 22:20:19,541.29
2022-03-28 22:20:24,540.3158059907338
2022-03-28 22:20:29,541.29
2022-03-28 22:20:34,541.22
2022-03-28 22:20:39,541.22
2022-03-28 22:20:44,541.15
2022-03-28 22:20:49,541.15
2022-03-28 22:20:54,541.15
2022-03-28 22:20:59,541.15
2022-03-28 22:21:04,541.15
2022-03-28 22:21:09,541.15
2022-03-28 22:21:14,540.3877564579103
2022-03-28 22:21:19,541.15
2022-03-28 22:21:24,541.15
2022-03-28 22:21:29,541.15
2022-03-28 22:21:34,541.14
2022-03-28 22:21:39,541.14
2022-03-28 22:21:44,541.14
2022-03-28 22:21:49,541.21
2022-03-28 22:21:54,541.21
2022-03-28 22:21:59,541.21
2022-03-28 22:22:04,541.21
2022-03-28 22:22:09,541.27
2022-03-28 22:22:14,541.3
2022-03-28 22:22:19,541.3
2022-03-28 22:22:24,541.36
2022-03-28 22:22:29,541.36
2022-03-28 22:22:34,541.42
2022-03-28 22:22:39,541.49
2022-03-28 22:22:44,541.52
2022-03-28 22:22:49,541.52
2022-03-28 22:22:54,541.58
2022-03-28 22:22:59,541.64
2022-03-28 22:23:04,541.71
2022-03-28 22:23:09,541.77
2022-03-28 22:23:14,541.8
2022-03-28 22:23:19,541.8
2022-03-28 22:23:24,541.86
2022-03-28 22:23:29,540.4156735656278
2022-03-28 22:23:34,540.4119738730517
2022-03-28 22:23:39,541.99
2022-03-28 22:23:44,542.02
2022-03-28 22:23:49,542.09
2022-03-28 22:23:54,542.15
2022-03-28 22:23:59,540.3883373646426
2022-03-28 22:24:04,542.28
2022-03-28 22:24:09,542.31
2022-03-28 22:24:14,542.38
2022-03-28 22:24:19,542.44
2022-03-28 22:24:24,542.5
2022-03-28 22:24:29,540.3486168404197
2022-03-28 22:24:34,542.6
2022-03-28 22:24:39,542.66
2022-03-28 22:24:44,542.73
2022-03-28 22:24:49,542.79
2022-03-28 22:24:54,542.82
2022-03-28 22:24:59,542.89
2022-03-28 22:25:04,542.96
2022-03-28 22:25:09,543.02
2022-03-28 22:25:14,543.02
2022-03-28 22:25:19,543.05
2022-03-28 22:25:24,543.11
2022-03-28 22:25:29,543.24
2022-03-28 22:25:34,543.24
2022-03-28 22:25:39,540.2073945768421
2022-03-28 22:25:44,543.34
2022-03-28 22:25:49,543.47
2022-03-28 22:25:54,540.1683171258372
2022-03-28 22:25:59,543.53
2022-03-28 22:26:04,543.56
2022-03-28 22:26:09,543.63
2022-03-28 22:26:14,543.76
2022-03-28 22:26:19,543.76
2022-03-28 22:26:24,543.85
2022-03-28 22:26:29,543.92
2022-03-28 22:26:34,543.92
2022-03-28 22:26:39,544.05
2022-03-28 22:26:44,544.08
2022-03-28 22:26:49,544.08
2022-03-28 22:26:54,544.21
2022-03-28 22:26:59,544.28
2022-03-28 22:27:04,544.34
2022-03-28 22:27:09,544.37
2022-03-28 22:27:14,544.37
2022-03-28 22:27:19,544.44
2022-03-28 22:27:24,544.5
2022-03-28 22:27:29,544.57
2022-03-28 22:27:34,544.6
2022-03-28 22:27:39,544.66
2022-03-28 22:27:44,539.7883489584382
2022-03-28 22:27:49,544.79
2022-03-28 22:27:54,544.85
2022-03-28 22:27:59,544.85
2022-03-28 22:28:04,544.95
2022-03-28 22:28:09,544.95
2022-03-28 22:28:14,545.02
2022-03-28 22:28:19,545.08
2022-03-28 22:28:24,539.6100541369336
2022-03-28 22:28:29,545.17
2022-03-28 22:28:34,545.17
2022-03-28 22:28:39,545.24
2022-03-28 22:28:44,545.3
2022-03-28 22:28:49,539.4879343028962
2022-03-28 22:28:54,545.37
2022-03-28 22:28:59,545.4
2022-03-28 22:29:04,545.46
2022-03-28 22:29:09,545.46
2022-03-28 22:29:14,545.46
2022-03-28 22:29:19,545.52
2022-03-28 22:29:24,545.52
2022-03-28 22:29:29,545.59
2022-03-28 22:29:34,545.59
2022-03-28 22:29:39,545.59
2022-03-28 22:29:44,545.62
2022-03-28 22:29:49,539.1617173343401
2022-03-28 22:29:54,545.62
2022-03-28 22:29:59,545.62
2022-03-28 22:30:04,545.62
2022-03-28 22:30:09,545.62
2022-03-28 22:30:14,545.62
2022-03-28 22:30:19,545.61
2022-03-28 22:30:24,538.9500797171111
2022-03-28 22:30:29,545.61
2022-03-28 22:30:34,545.61
2022-03-28 22:30:39,545.61
2022-03-28 22:30:44,545.67
2022-03-28 22:30:49,545.67
2022-03-28 22:30:54,545.61
2022-03-28 22:30:59,545.61
2022-03-28 22:31:04,545.67
2022-03-28 22:31:09,545.67
2022-03-28 22:31:14,545.67
2022-03-28 22:31:19,545.74
2022-03-28 22:31:24,545.67
2022-03-28 22:31:29,545.67
2022-03-28 22:31:34,545.66
2022-03-28 22:31:39,545.67
2022-03-28 22:31:44,538.4083060277278
2022-03-28 22:31:49,545.73
2022-03-28 22:31:54,545.73
2022-03-28 22:31:59,545.72
2022-03-28 22:32:04,545.66
2022-03-28 22:32:09,545.79
2022-03-28 22:32:14,538.1846309865518
2022-03-28 22:32:19,545.78
2022-03-28 22:32:24,538.1076172261626
2022-03-28 22:32:29,545.84
2022-03-28 22:32:34,538.0293821416252
2022-03-28 22:32:39,545.84
2022-03-28 22:32:44,545.87
2022-03-28 22:32:49,537.909747909095
2022-03-28 22:32:54,537.869263318147
2022-03-28 22:32:59,545.87
2022-03-28 22:33:04,545.93
2022-03-28 22:33:09,545.93
2022-03-28 22:33:14,545.93
2022-03-28 22:33:19,537.6623130536182
2022-03-28 22:33:24,545.93
2022-03-28 22:33:29,545.93
2022-03-28 22:33:34,545.92
2022-03-28 22:33:39,545.86
2022-03-28 22:33:44,545.92
2022-03-28 22:33:49,545.86
2022-03-28 22:33:54,545.86
2022-03-28 22:33:59,545.82
2022-03-28 22:34:04,545.82
2022-03-28 22:34:09,545.82
2022-03-28 22:34:14,545.76
2022-03-28 22:34:19,545.76
2022-03-28 22:34:24,545.69
2022-03-28 22:34:29,545.69
2022-03-28 22:34:34,545.63
2022-03-28 22:34:39,536.949956082074
2022-03-28 22:34:44,545.53
2022-03-28 22:34:49,545.46
2022-03-28 22:34:54,545.4
2022-03-28 22:34:59,545.4
2022-03-28 22:35:04,545.33
2022-03-28 22:35:09,536.6634180811857
2022-03-28 22:35:14,545.17
2022-03-28 22:35:19,536.5655840337525
2022-03-28 22:35:24,545.11
2022-03-28 22:35:29,545.01
2022-03-28 22:35:34,545.01
2022-03-28 22:35:39,545.01
2022-03-28 22:35:44,544.88
2022-03-28 22:35:49,536.2651713631867
2022-03-28 22:35:54,544.72
2022-03-28 22:35:59,544.78
2022-03-28 22:36:04,544.72
2022-03-28 22:36:09,536.0591757710237
2022-03-28 22:36:14,544.59
2022-03-28 22:36:19,535.9544733199372
2022-03-28 22:36:24,544.52
2022-03-28 22:36:29,535.8486395381943
2022-03-28 22:36:34,544.43
2022-03-28 22:36:39,544.36
2022-03-28 22:36:44,544.36
2022-03-28 22:36:49,544.26
2022-03-28 22:36:54,544.27
2022-03-28 22:36:59,544.2
2022-03-28 22:37:04,544.14
2022-03-28 22:37:09,544.07
2022-03-28 22:37:14,544.01
2022-03-28 22:37:19,543.98
2022-03-28 22:37:24,543.91
2022-03-28 22:37:29,543.85
2022-03-28 22:37:34,543.78
2022-03-28 22:37:39,543.78
2022-03-28 22:37:44,543.75
2022-03-28 22:37:49,543.75
2022-03-28 22:37:54,543.69
2022-03-28 22:37:59,543.69
2022-03-28 22:38:04,543.69
2022-03-28 22:38:09,543.62
2022-03-28 22:38:14,543.56
2022-03-28 22:38:19,543.49
2022-03-28 22:38:24,543.5
2022-03-28 22:38:29,543.5
2022-03-28 22:38:34,543.46
2022-03-28 22:38:39,543.4
2022-03-28 22:38:44,543.4
2022-03-28 22:38:49,543.34
2022-03-28 22:38:54,543.27
2022-03-28 22:38:59,543.24
2022-03-28 22:39:04,543.17
2022-03-28 22:39:09,534.0045676058959
2022-03-28 22:39:14,543.11
2022-03-28 22:39:19,543.04
2022-03-28 22:39:24,533.8175193766353
2022-03-28 22:39:29,542.98
2022-03-28 22:39:34,542.88
2022-03-28 22:39:39,542.88
2022-03-28 22:39:44,542.82
2022-03-28 22:39:49,542.75
2022-03-28 22:39:54,542.72
2022-03-28 22:39:59,533.372638754439
2022-03-28 22:40:04,542.59
2022-03-28 22:40:09,542.52
2022-03-28 22:40:14,542.52
2022-03-28 22:40:19,542.52
2022-03-28 22:40:24,542.45
2022-03-28 22:40:29,532.9827900881197
2022-03-28 22:40:34,532.9171192905252
2022-03-28 22:40:39,542.29
2022-03-28 22:40:44,542.23
2022-03-28 22:40:49,542.19
2022-03-28 22:40:54,542.19
2022-03-28 22:40:59,542.19
2022-03-28 22:41:04,542.07
2022-03-28 22:41:09,532.4524060489674
2022-03-28 22:41:14,542.06
2022-03-28 22:41:19,542.0
2022-03-28 22:41:24,541.93
2022-03-28 22:41:29,532.1832839246383
2022-03-28 22:41:34,541.9
2022-03-28 22:41:39,541.9
2022-03-28 22:41:44,541.83
2022-03-28 22:41:49,541.77
2022-03-28 22:41:54,541.77
2022-03-28 22:41:59,541.76
2022-03-28 22:42:04,541.67
2022-03-28 22:42:09,541.6
2022-03-28 22:42:14,531.569904744118
2022-03-28 22:42:19,541.47
2022-03-28 22:42:24,541.41
2022-03-28 22:42:29,541.37
2022-03-28 22:42:34,541.31
2022-03-28 22:42:39,541.18
2022-03-28 22:42:44,541.14
2022-03-28 22:42:49,541.14
2022-03-28 22:42:54,541.01
2022-03-28 22:42:59,540.88
2022-03-28 22:43:04,540.85
2022-03-28 22:43:09,540.72
2022-03-28 22:43:14,530.7395723313789
2022-03-28 22:43:19,540.56
2022-03-28 22:43:24,540.49
2022-03-28 22:43:29,540.36
2022-03-28 22:43:34,540.33
2022-03-28 22:43:39,540.2
2022-03-28 22:43:44,540.1
2022-03-28 22:43:49,540.03
2022-03-28 22:43:54,539.9
2022-03-28 22:43:59,539.81
2022-03-28 22:44:04,539.67
2022-03-28 22:44:09,539.57
2022-03-28 22:44:14,539.45
2022-03-28 22:44:19,539.31
2022-03-28 22:44:24,539.22
2022-03-28 22:44:29,529.6918155934634
2022-03-28 22:44:34,529.6218909270232
2022-03-28 22:44:39,538.8
2022-03-28 22:44:44,538.7
2022-03-28 22:44:49,538.54
2022-03-28 22:44:54,538.41
2022-03-28 22:44:59,538.25
2022-03-28 22:45:04,538.12
2022-03-28 22:45:09,537.96
2022-03-28 22:45:14,537.83
2022-03-28 22:45:19,537.67
2022-03-28 22:45:24,537.54
2022-03-28 22:45:29,537.44
2022-03-28 22:45:34,537.25
2022-03-28 22:45:39,537.15
2022-03-28 22:45:44,536.99
2022-03-28 22:45:49,536.86
2022-03-28 22:45:54,528.5079462509184
2022-03-28 22:45:59,536.57
2022-03-28 22:46:04,536.47
2022-03-28 22:46:09,536.34
2022-03-28 22:46:14,536.18
2022-03-28 22:46:19,528.1633327879359
2022-03-28 22:46:24,535.82
2022-03-28 22:46:29,535.7
2022-03-28 22:46:34,535.53
2022-03-28 22:46:39,527.8894719977566
2022-03-28 22:46:44,535.31
2022-03-28 22:46:49,535.15
2022-03-28 22:46:54,534.95
2022-03-28 22:46:59,534.79
2022-03-28 22:47:04,534.66
2022-03-28 22:47:09,534.57
2022-03-28 22:47:14,534.41
2022-03-28 22:47:19,527.3477763046398
2022-03-28 22:47:24,534.12
2022-03-28 22:47:29,533.92
2022-03-28 22:47:34,533.83
2022-03-28 22:47:39,527.0804806675956
2022-03-28 22:47:44,533.6
2022-03-28 22:47:49,533.38
2022-03-28 22:47:54,533.38
2022-03-28 22:47:59,533.18
2022-03-28 22:48:04,533.09
2022-03-28 22:48:09,533.02
2022-03-28 22:48:14,532.86
2022-03-28 22:48:19,532.73
2022-03-28 22:48:24,526.4894492244924
2022-03-28 22:48:29,532.51
2022-03-28 22:48:34,532.38
2022-03-28 22:48:39,532.28
2022-03-28 22:48:44,532.15
2022-03-28 22:48:49,532.06
2022-03-28 22:48:54,531.93
2022-03-28 22:48:59,531.83
2022-03-28 22:49:04,531.7
2022-03-28 22:49:09,531.58
2022-03-28 22:49:14,531.48
2022-03-28 22:49:19,525.7903098953755
2022-03-28 22:49:24,531.32
2022-03-28 22:49:29,531.19
2022-03-28 22:49:34,531.06
2022-03-28 22:49:39,530.97
2022-03-28 22:49:44,530.9
2022-03-28 22:49:49,530.83
2022-03-28 22:49:54,530.74
2022-03-28 22:49:59,525.3008848608907
2022-03-28 22:50:04,530.55
2022-03-28 22:50:09,530.51
2022-03-28 22:50:14,530.51
2022-03-28 22:50:19,530.45
2022-03-28 22:50:24,530.39
2022-03-28 22:50:29,530.29
2022-03-28 22:50:34,530.29
2022-03-28 22:50:39,530.22
2022-03-28 22:50:44,530.16
2022-03-28 22:50:49,530.16
2022-03-28 22:50:54,530.09
2022-03-28 22:50:59,524.60203449826
2022-03-28 22:51:04,530.03
2022-03-28 22:51:09,530.03
2022-03-28 22:51:14,530.03
2022-03-28 22:51:19,530.03
2022-03-28 22:51:24,530.03
2022-03-28 22:51:29,529.99
2022-03-28 22:51:34,529.99
2022-03-28 22:51:39,529.99
2022-03-28 22:51:44,529.99
2022-03-28 22:51:49,529.99
2022-03-28 22:51:54,529.93
2022-03-28 22:51:59,529.92
2022-03-28 22:52:04,523.9002621045814
2022-03-28 22:52:09,529.99
2022-03-28 22:52:14,529.99
2022-03-28 22:52:19,523.7474280181539
2022-03-28 22:52:24,523.6972905192652
2022-03-28 22:52:29,530.02
2022-03-28 22:52:34,530.02
2022-03-28 22:52:39,530.08
2022-03-28 22:52:44,530.02
2022-03-28 22:52:49,530.08
2022-03-28 22:52:54,530.14
2022-03-28 22:52:59,530.14
2022-03-28 22:53:04,530.21
2022-03-28 22:53:09,530.21
2022-03-28 22:53:14,530.27
2022-03-28 22:53:19,530.26
2022-03-28 22:53:24,530.3
2022-03-28 22:53:29,530.36
2022-03-28 22:53:34,530.36
2022-03-28 22:53:39,522.9965672738701
2022-03-28 22:53:44,522.9533577424579
2022-03-28 22:53:49,530.51
2022-03-28 22:53:54,530.58
2022-03-28 22:53:59,530.71
2022-03-28 22:54:04,530.77
2022-03-28 22:54:09,530.8
2022-03-28 22:54:14,530.93
2022-03-28 22:54:19,531.03
2022-03-28 22:54:24,531.15
2022-03-28 22:54:29,531.22
2022-03-28 22:54:34,531.32
2022-03-28 22:54:39,531.38
2022-03-28 22:54:44,531.51
2022-03-28 22:54:49,531.54
2022-03-28 22:54:54,522.3936219671976
2022-03-28 22:54:59,531.73
2022-03-28 22:55:04,531.79
2022-03-28 22:55:09,531.88
2022-03-28 22:55:14,532.01
2022-03-28 22:55:19,532.04
2022-03-28 22:55:24,532.11
2022-03-28 22:55:29,532.11
2022-03-28 22:55:34,532.24
2022-03-28 22:55:39,522.0773758660765
2022-03-28 22:55:44,532.4
2022-03-28 22:55:49,532.4
2022-03-28 22:55:54,532.52
2022-03-28 22:55:59,532.56
2022-03-28 22:56:04,532.68
2022-03-28 22:56:09,521.8849861936283
2022-03-28 22:56:14,532.74
2022-03-28 22:56:19,532.81
2022-03-28 22:56:24,532.91
2022-03-28 22:56:29,532.97
2022-03-28 22:56:34,533.03
2022-03-28 22:56:39,533.07
2022-03-28 22:56:44,533.13
2022-03-28 22:56:49,533.19
2022-03-28 22:56:54,533.26
2022-03-28 22:56:59,533.32
2022-03-28 22:57:04,533.42
2022-03-28 22:57:09,533.42
2022-03-28 22:57:14,521.5174048891663
2022-03-28 22:57:19,533.58
2022-03-28 22:57:24,533.71
2022-03-28 22:57:29,533.77
2022-03-28 22:57:34,533.87
2022-03-28 22:57:39,533.93
2022-03-28 22:57:44,534.0
2022-03-28 22:57:49,534.09
2022-03-28 22:57:54,534.16
2022-03-28 22:57:59,534.22
2022-03-28 22:58:04,534.29
2022-03-28 22:58:09,534.35
2022-03-28 22:58:14,534.38
2022-03-28 22:58:19,534.51
2022-03-28 22:58:24,534.57
2022-03-28 22:58:29,534.61
2022-03-28 22:58:34,534.67
2022-03-28 22:58:39,521.1348615587456
2022-03-28 22:58:44,534.8
2022-03-28 22:58:49,534.87
2022-03-28 22:58:54,534.9
2022-03-28 22:58:59,534.96
2022-03-28 22:59:04,521.0427661296847
2022-03-28 22:59:09,535.09
2022-03-28 22:59:14,535.19
2022-03-28 22:59:19,535.19
2022-03-28 22:59:24,535.25
2022-03-28 22:59:29,535.32
2022-03-28 22:59:34,535.38
2022-03-28 22:59:39,535.38
2022-03-28 22:59:44,520.9141091994252
2022-03-28 22:59:49,535.48
2022-03-28 22:59:54,535.48
2022-03-28 22:59:59,535.48
2022-03-28 23:00:04,535.55
2022-03-28 23:00:09,535.55
2022-03-28 23:00:14,535.61
2022-03-28 23:00:19,535.61
2022-03-28 23:00:24,535.61
2022-03-28 23:00:29,535.64
2022-03-28 23:00:34,535.64
2022-03-28 23:00:39,535.64
2022-03-28 23:00:44,535.64
2022-03-28 23:00:49,535.71
2022-03-28 23:00:54,535.71
2022-03-28 23:00:59,535.71
2022-03-28 23:01:04,535.71
2022-03-28 23:01:09,535.71
2022-03-28 23:01:14,535.71
2022-03-28 23:01:19,535.64
2022-03-28 23:01:24,535.65
2022-03-28 23:01:29,535.62
2022-03-28 23:01:34,520.6744480832249
2022-03-28 23:01:39,535.62
2022-03-28 23:01:44,535.62
2022-03-28 23:01:49,535.61
2022-03-28 23:01:54,520.6481709504916
2022-03-28 23:01:59,535.55
2022-03-28 23:02:04,535.55
2022-03-28 23:02:09,535.55
2022-03-28 23:02:14,535.48
2022-03-28 23:02:19,535.55
2022-03-28 23:02:24,535.49
2022-03-28 23:02:29,535.49
2022-03-28 23:02:34,535.55
2022-03-28 23:02:39,535.48
2022-03-28 23:02:44,520.6047813988783
2022-03-28 23:02:49,535.55
2022-03-28 23:02:54,535.55
2022-03-28 23:02:59,535.55
2022-03-28 23:03:04,535.61
2022-03-28 23:03:09,535.54
2022-03-28 23:03:14,520.5936672613417
2022-03-28 23:03:19,535.64
2022-03-28 23:03:24,535.64
2022-03-28 23:03:29,535.64
2022-03-28 23:03:34,535.64
2022-03-28 23:03:39,520.5927281286307
2022-03-28 23:03:44,535.7
2022-03-28 23:03:49,535.76
2022-03-28 23:03:54,535.83
2022-03-28 23:03:59,535.83
2022-03-28 23:04:04,535.89
2022-03-28 23:04:09,535.93
2022-03-28 23:04:14,535.99
2022-03-28 23:04:19,536.05
2022-03-28 23:04:24,536.12
2022-03-28 23:04:29,536.15
2022-03-28 23:04:34,536.21
2022-03-28 23:04:39,536.27
2022-03-28 23:04:44,536.4
2022-03-28 23:04:49,536.43
2022-03-28 23:04:54,536.5
2022-03-28 23:04:59,536.62
2022-03-28 23:05:04,536.66
2022-03-28 23:05:09,536.79
2022-03-28 23:05:14,536.85
2022-03-28 23:05:19,520.6616120868664
2022-03-28 23:05:24,537.01
2022-03-28 23:05:29,537.17
2022-03-28 23:05:34,520.6815926456333
2022-03-28 23:05:39,537.29
2022-03-28 23:05:44,537.42
2022-03-28 23:05:49,520.7039988817622
2022-03-28 23:05:54,537.58
2022-03-28 23:05:59,520.7202683841981
2022-03-28 23:06:04,537.74
2022-03-28 23:06:09,537.87
2022-03-28 23:06:14,538.03
2022-03-28 23:06:19,538.09
2022-03-28 23:06:24,538.15
2022-03-28 23:06:29,520.7753676743656
2022-03-28 23:06:34,538.37
2022-03-28 23:06:39,538.47
2022-03-28 23:06:44,538.6
2022-03-28 23:06:49,538.66
2022-03-28 23:06:54,538.7
2022-03-28 23:06:59,538.89
2022-03-28 23:07:04,538.95
2022-03-28 23:07:09,539.05
2022-03-28 23:07:14,539.11
2022-03-28 23:07:19,539.21
2022-03-28 23:07:24,539.27
2022-03-28 23:07:29,539.4
2022-03-28 23:07:34,539.5
2022-03-28 23:07:39,539.56
2022-03-28 23:07:44,520.9528608632787
2022-03-28 23:07:49,539.72
2022-03-28 23:07:54,539.85
2022-03-28 23:07:59,539.85
2022-03-28 23:08:04,539.98
2022-03-28 23:08:09,540.01
2022-03-28 23:08:14,540.07
2022-03-28 23:08:19,540.14
2022-03-28 23:08:24,540.2
2022-03-28 23:08:29,540.23
2022-03-28 23:08:34,540.3
2022-03-28 23:08:39,540.36
2022-03-28 23:08:44,521.1313629392051
2022-03-28 23:08:49,540.49
2022-03-28 23:08:54,540.49
2022-03-28 23:08:59,540.49
2022-03-28 23:09:04,540.58
2022-03-28 23:09:09,540.58
2022-03-28 23:09:14,540.58
2022-03-28 23:09:19,540.65
2022-03-28 23:09:24,540.71
2022-03-28 23:09:29,540.65
2022-03-28 23:09:34,540.71
2022-03-28 23:09:39,540.71
2022-03-28 23:09:44,540.75
2022-03-28 23:09:49,540.75
2022-03-28 23:09:54,540.81
2022-03-28 23:09:59,540.75
2022-03-28 23:10:04,540.81
2022-03-28 23:10:09,540.81
2022-03-28 23:10:14,540.87
2022-03-28 23:10:19,540.94
2022-03-28 23:10:24,540.94
2022-03-28 23:10:29,540.94
2022-03-28 23:10:34,540.94
2022-03-28 23:10:39,540.94
2022-03-28 23:10:44,540.94
2022-03-28 23:10:49,540.94
2022-03-28 23:10:54,540.94
2022-03-28 23:10:59,540.94
2022-03-28 23:11:04,540.94
2022-03-28 23:11:09,540.94
2022-03-28 23:11:14,540.94
2022-03-28 23:11:19,540.94
2022-03-28 23:11:24,540.94
2022-03-28 23:11:29,540.94
2022-03-28 23:11:34,540.88
2022-03-28 23:11:39,540.88
2022-03-28 23:11:44,540.88
2022-03-28 23:11:49,540.88
2022-03-28 23:11:54,540.88
2022-03-28 23:11:59,540.88
2022-03-28 23:12:04,540.88
2022-03-28 23:12:09,540.82
2022-03-28 23:12:14,521.9204094858752
2022-03-28 23:12:19,540.82
2022-03-28 23:12:24,540.82
2022-03-28 23:12:29,540.76
2022-03-28 23:12:34,540.82
2022-03-28 23:12:39,540.76
2022-03-28 23:12:44,540.76
2022-03-28 23:12:49,540.76
2022-03-28 23:12:54,522.0850253189336
2022-03-28 23:12:59,540.72
2022-03-28 23:13:04,540.73
2022-03-28 23:13:09,540.73
2022-03-28 23:13:14,540.73
2022-03-28 23:13:19,540.73
2022-03-28 23:13:24,522.2087151373513
2022-03-28 23:13:29,540.73
2022-03-28 23:13:34,522.2498372282923
2022-03-28 23:13:39,540.73
2022-03-28 23:13:44,540.73
2022-03-28 23:13:49,522.3113217608063
2022-03-28 23:13:54,540.73
2022-03-28 23:13:59,540.73
2022-03-28 23:14:04,540.73
2022-03-28 23:14:09,540.66
2022-03-28 23:14:14,540.73
2022-03-28 23:14:19,522.4332248665664
2022-03-28 23:14:24,540.73
2022-03-28 23:14:29,540.66
2022-03-28 23:14:34,540.72
2022-03-28 23:14:39,540.73
2022-03-28 23:14:44,540.66
2022-03-28 23:14:49,522.5530685383267
2022-03-28 23:14:54,540.72
2022-03-28 23:14:59,540.72
2022-03-28 23:15:04,540.72
2022-03-28 23:15:09,540.72
2022-03-28 23:15:14,522.650812609282
2022-03-28 23:15:19,540.75
2022-03-28 23:15:24,540.75
2022-03-28 23:15:29,540.75
2022-03-28 23:15:34,522.727297450405
2022-03-28 23:15:39,540.82
2022-03-28 23:15:44,540.82
2022-03-28 23:15:49,540.82
2022-03-28 23:15:54,540.88
2022-03-28 23:15:59,522.820393225188
2022-03-28 23:16:04,540.87
2022-03-28 23:16:09,540.94
2022-03-28 23:16:14,540.94
2022-03-28 23:16:19,540.94
2022-03-28 23:16:24,541.0
2022-03-28 23:16:29,522.9278414404889
2022-03-28 23:16:34,541.03
2022-03-28 23:16:39,541.0
2022-03-28 23:16:44,541.09
2022-03-28 23:16:49,541.16
2022-03-28 23:16:54,541.09
2022-03-28 23:16:59,541.16
2022-03-28 23:17:04,541.22
2022-03-28 23:17:09,541.22
2022-03-28 23:17:14,541.25
2022-03-28 23:17:19,541.25
2022-03-28 23:17:24,541.25
2022-03-28 23:17:29,541.31
2022-03-28 23:17:34,541.38
2022-03-28 23:17:39,541.38
2022-03-28 23:17:44,541.37
2022-03-28 23:17:49,541.44
2022-03-28 23:17:54,541.44
2022-03-28 23:17:59,541.5
2022-03-28 23:18:04,541.5
2022-03-28 23:18:09,541.53
2022-03-28 23:18:14,541.53
2022-03-28 23:18:19,541.53
2022-03-28 23:18:24,541.59
2022-03-28 23:18:29,541.59
2022-03-28 23:18:34,541.59
2022-03-28 23:18:39,541.65
2022-03-28 23:18:44,541.72
2022-03-28 23:18:49,541.72
2022-03-28 23:18:54,541.72
2022-03-28 23:18:59,523.3690991994308
2022-03-28 23:19:04,541.88
2022-03-28 23:19:09,541.81
2022-03-28 23:19:14,541.94
2022-03-28 23:19:19,541.94
2022-03-28 23:19:24,541.94
2022-03-28 23:19:29,542.0
2022-03-28 23:19:34,542.04
2022-03-28 23:19:39,542.04
2022-03-28 23:19:44,542.1
2022-03-28 23:19:49,542.16
2022-03-28 23:19:54,542.16
2022-03-28 23:19:59,542.26
2022-03-28 23:20:04,542.26
2022-03-28 23:20:09,542.39
2022-03-28 23:20:14,542.39
2022-03-28 23:20:19,542.52
2022-03-28 23:20:24,542.55
2022-03-28 23:20:29,542.61
2022-03-28 23:20:34,542.68
2022-03-28 23:20:39,542.74
2022-03-28 23:20:44,542.84
2022-03-28 23:20:49,542.9
2022-03-28 23:20:54,542.97
2022-03-28 23:20:59,542.97
2022-03-28 23:21:04,543.07
2022-03-28 23:21:09,543.13
2022-03-28 23:21:14,543.2
2022-03-28 23:21:19,543.26
2022-03-28 23:21:24,543.29
2022-03-28 23:21:29,543.36
2022-03-28 23:21:34,543.42
2022-03-28 23:21:39,543.42
2022-03-28 23:21:44,543.48
2022-03-28 23:21:49,543.55
2022-03-28 23:21:54,543.58
2022-03-28 23:21:59,543.65
2022-03-28 23:22:04,543.71
2022-03-28 23:22:09,543.78
2022-03-28 23:22:14,543.81
2022-03-28 23:22:19,543.87
2022-03-28 23:22:24,543.94
2022-03-28 23:22:29,544.0
2022-03-28 23:22:34,523.5809093473782
2022-03-28 23:22:39,544.1
2022-03-28 23:22:44,544.1
2022-03-28 23:22:49,544.23
2022-03-28 23:22:54,523.5708190289117
2022-03-28 23:22:59,544.3
2022-03-28 23:23:04,544.33
2022-03-28 23:23:09,544.39
2022-03-28 23:23:14,544.46
2022-03-28 23:23:19,544.52
2022-03-28 23:23:24,544.59
2022-03-28 23:23:29,544.59
2022-03-28 23:23:34,544.62
2022-03-28 23:23:39,544.69
2022-03-28 23:23:44,544.75
2022-03-28 23:23:49,523.5210306641952
2022-03-28 23:23:54,544.91
2022-03-28 23:23:59,544.98
2022-03-28 23:24:04,523.5023266726192
2022-03-28 23:24:09,545.11
2022-03-28 23:24:14,545.14
2022-03-28 23:24:19,523.4816223455707
2022-03-28 23:24:24,545.27
2022-03-28 23:24:29,545.33
2022-03-28 23:24:34,545.36
2022-03-28 23:24:39,545.43
2022-03-28 23:24:44,545.5
2022-03-28 23:24:49,545.56
2022-03-28 23:24:54,545.56
2022-03-28 23:24:59,545.63
2022-03-28 23:25:04,545.66
2022-03-28 23:25:09,545.66
2022-03-28 23:25:14,545.72
2022-03-28 23:25:19,545.78
2022-03-28 23:25:24,545.85
2022-03-28 23:25:29,545.88
2022-03-28 23:25:34,523.3517319208502
2022-03-28 23:25:39,545.88
2022-03-28 23:25:44,545.94
2022-03-28 23:25:49,546.01
2022-03-28 23:25:54,546.07
2022-03-28 23:25:59,546.07
2022-03-28 23:26:04,546.14
2022-03-28 23:26:09,546.17
2022-03-28 23:26:14,546.13
2022-03-28 23:26:19,523.256442769691
2022-03-28 23:26:24,546.23
2022-03-28 23:26:29,546.23
2022-03-28 23:26:34,523.2224105924594
2022-03-28 23:26:39,546.29
2022-03-28 23:26:44,546.29
2022-03-28 23:26:49,546.29
2022-03-28 23:26:54,546.29
2022-03-28 23:26:59,546.35
2022-03-28 23:27:04,546.29
2022-03-28 23:27:09,546.35
2022-03-28 23:27:14,546.29
2022-03-28 23:27:19,546.29
2022-03-28 23:27:24,546.22
2022-03-28 23:27:29,546.22
2022-03-28 23:27:34,523.0777067198667
2022-03-28 23:27:39,523.0651621394684
2022-03-28 23:27:44,546.13
2022-03-28 23:27:49,546.06
2022-03-28 23:27:54,545.93
2022-03-28 23:27:59,545.87
2022-03-28 23:28:04,545.84
2022-03-28 23:28:09,545.77
2022-03-28 23:28:14,545.7
2022-03-28 23:28:19,545.64
2022-03-28 23:28:24,545.6
2022-03-28 23:28:29,545.54
2022-03-28 23:28:34,545.41
2022-03-28 23:28:39,522.9112972017559
2022-03-28 23:28:44,545.25
2022-03-28 23:28:49,545.18
2022-03-28 23:28:54,545.12
2022-03-28 23:28:59,545.08
2022-03-28 23:29:04,544.95
2022-03-28 23:29:09,544.82
2022-03-28 23:29:14,544.79
2022-03-28 23:29:19,522.807460030196
2022-03-28 23:29:24,544.59
2022-03-28 23:29:29,544.5
2022-03-28 23:29:34,544.43
2022-03-28 23:29:39,544.3
2022-03-28 23:29:44,522.7430918340116
2022-03-28 23:29:49,544.08
2022-03-28 23:29:54,543.98
2022-03-28 23:29:59,543.85
2022-03-28 23:30:04,543.79
2022-03-28 23:30:09,543.69
2022-03-28 23:30:14,543.56
2022-03-28 23:30:19,543.46
2022-03-28 23:30:24,543.39
2022-03-28 23:30:29,543.27
2022-03-28 23:30:34,543.17
2022-03-28 23:30:39,522.6056258814632
2022-03-28 23:30:44,542.94
2022-03-28 23:30:49,522.5815443997167
2022-03-28 23:30:54,522.569635862567
2022-03-28 23:30:59,542.65
2022-03-28 23:31:04,542.52
2022-03-28 23:31:09,542.49
2022-03-28 23:31:14,522.5229728558943
2022-03-28 23:31:19,542.23
2022-03-28 23:31:24,542.14
2022-03-28 23:31:29,542.07
2022-03-28 23:31:34,542.01
2022-03-28 23:31:39,541.91
2022-03-28 23:31:44,522.4563150379977
2022-03-28 23:31:49,541.78
2022-03-28 23:31:54,541.69
2022-03-28 23:31:59,541.69
2022-03-28 23:32:04,541.56
2022-03-28 23:32:09,541.46
2022-03-28 23:32:14,541.4
2022-03-28 23:32:19,522.3846003441273
2022-03-28 23:32:24,541.27
2022-03-28 23:32:29,541.2
2022-03-28 23:32:34,541.17
2022-03-28 23:32:39,541.04
2022-03-28 23:32:44,541.04
2022-03-28 23:32:49,540.98
2022-03-28 23:32:54,540.95
2022-03-28 23:32:59,540.95
2022-03-28 23:33:04,540.95
2022-03-28 23:33:09,540.88
2022-03-28 23:33:14,540.82
2022-03-28 23:33:19,540.82
2022-03-28 23:33:24,540.82
2022-03-28 23:33:29,540.76
2022-03-28 23:33:34,540.76
2022-03-28 23:33:39,540.76
2022-03-28 23:33:44,540.76
2022-03-28 23:33:49,522.2390686749611
2022-03-28 23:33:54,540.76
2022-03-28 23:33:59,540.76
2022-03-28 23:34:04,540.76
2022-03-28 23:34:09,540.76
2022-03-28 23:34:14,540.76
2022-03-28 23:34:19,540.76
2022-03-28 23:34:24,540.83
2022-03-28 23:34:29,540.76
2022-03-28 23:34:34,522.1925952388909
2022-03-28 23:34:39,540.83
2022-03-28 23:34:44,522.1850573478691
2022-03-28 23:34:49,540.83
2022-03-28 23:34:54,540.83
2022-03-28 23:34:59,540.89
2022-03-28 23:35:04,540.89
2022-03-28 23:35:09,522.1710096586854
2022-03-28 23:35:14,540.96
2022-03-28 23:35:19,540.96
2022-03-28 23:35:24,522.1660241038828
2022-03-28 23:35:29,540.96
2022-03-28 23:35:34,540.96
2022-03-28 23:35:39,540.99
2022-03-28 23:35:44,541.0
2022-03-28 23:35:49,541.0
2022-03-28 23:35:54,541.06
2022-03-28 23:35:59,541.06
2022-03-28 23:36:04,541.06
2022-03-28 23:36:09,541.13
2022-03-28 23:36:14,541.13
2022-03-28 23:36:19,541.13
2022-03-28 23:36:24,541.13
2022-03-28 23:36:29,541.13
2022-03-28 23:36:34,541.13
2022-03-28 23:36:39,522.1811955179844
2022-03-28 23:36:44,541.19
2022-03-28 23:36:49,541.13
2022-03-28 23:36:54,541.22
2022-03-28 23:36:59,541.22
2022-03-28 23:37:04,522.2010421305067
2022-03-28 23:37:09,541.22
2022-03-28 23:37:14,541.29
2022-03-28 23:37:19,541.22
2022-03-28 23:37:24,541.29
2022-03-28 23:37:29,541.35
2022-03-28 23:37:34,541.35
2022-03-28 23:37:39,541.35
2022-03-28 23:37:44,522.2480804716979
2022-03-28 23:37:49,541.41
2022-03-28 23:37:54,541.41
2022-03-28 23:37:59,541.48
2022-03-28 23:38:04,541.48
2022-03-28 23:38:09,541.48
2022-03-28 23:38:14,541.51
2022-03-28 23:38:19,522.3045995779121
2022-03-28 23:38:24,541.57
2022-03-28 23:38:29,541.63
2022-03-28 23:38:34,541.57
2022-03-28 23:38:39,541.64
2022-03-28 23:38:44,541.7
2022-03-28 23:38:49,541.7
2022-03-28 23:38:54,522.3753831708888
2022-03-28 23:38:59,541.73
2022-03-28 23:39:04,541.73
2022-03-28 23:39:09,541.79
2022-03-28 23:39:14,541.79
2022-03-28 23:39:19,541.86
2022-03-28 23:39:24,541.85
2022-03-28 23:39:29,541.92
2022-03-28 23:39:34,541.85
2022-03-28 23:39:39,541.91
2022-03-28 23:39:44,541.91
2022-03-28 23:39:49,541.91
2022-03-28 23:39:54,541.91
2022-03-28 23:39:59,541.98
2022-03-28 23:40:04,541.98
2022-03-28 23:40:09,541.98
2022-03-28 23:40:14,542.01
2022-03-28 23:40:19,542.01
2022-03-28 23:40:24,541.97
2022-03-28 23:40:29,542.0
2022-03-28 23:40:34,542.0
2022-03-28 23:40:39,542.06
2022-03-28 23:40:44,542.06
2022-03-28 23:40:49,542.06
2022-03-28 23:40:54,542.06
2022-03-28 23:40:59,542.06
2022-03-28 23:41:04,522.762034036855
2022-03-28 23:41:09,542.13
2022-03-28 23:41:14,542.13
2022-03-28 23:41:19,542.13
2022-03-28 23:41:24,542.12
2022-03-28 23:41:29,542.12
2022-03-28 23:41:34,542.19
2022-03-28 23:41:39,542.19
2022-03-28 23:41:44,542.19
2022-03-28 23:41:49,522.9408618557277
2022-03-28 23:41:54,542.12
2022-03-28 23:41:59,542.12
2022-03-28 23:42:04,542.18
2022-03-28 23:42:09,542.18
2022-03-28 23:42:14,542.12
2022-03-28 23:42:19,542.12
2022-03-28 23:42:24,542.12
2022-03-28 23:42:29,542.12
2022-03-28 23:42:34,542.12
2022-03-28 23:42:39,542.12
2022-03-28 23:42:44,542.05
2022-03-28 23:42:49,542.05
2022-03-28 23:42:54,542.05
2022-03-28 23:42:59,542.05
2022-03-28 23:43:04,542.05
2022-03-28 23:43:09,542.05
2022-03-28 23:43:14,542.05
2022-03-28 23:43:19,542.05
2022-03-28 23:43:24,523.3934056966424
2022-03-28 23:43:29,542.05
2022-03-28 23:43:34,541.99
2022-03-28 23:43:39,523.4740984284039
2022-03-28 23:43:44,542.05
2022-03-28 23:43:49,542.05
2022-03-28 23:43:54,541.99
2022-03-28 23:43:59,542.05
2022-03-28 23:44:04,542.05
2022-03-28 23:44:09,541.99
2022-03-28 23:44:14,542.05
2022-03-28 23:44:19,542.12
2022-03-28 23:44:24,542.12
2022-03-28 23:44:29,523.7611321413452
2022-03-28 23:44:34,542.12
2022-03-28 23:44:39,523.8218606296507
2022-03-28 23:44:44,542.18
2022-03-28 23:44:49,542.12
2022-03-28 23:44:54,542.18
2022-03-28 23:44:59,523.9466265222231
2022-03-28 23:45:04,523.9785061834795
2022-03-28 23:45:09,542.18
2022-03-28 23:45:14,542.22
2022-03-28 23:45:19,542.18
2022-03-28 23:45:24,542.22
2022-03-28 23:45:29,524.1420235951942
2022-03-28 23:45:34,524.1755494953694
2022-03-28 23:45:39,542.22
2022-03-28 23:45:44,542.28
2022-03-28 23:45:49,542.28
2022-03-28 23:45:54,542.28
2022-03-28 23:45:59,542.29
2022-03-28 23:46:04,542.35
2022-03-28 23:46:09,542.35
2022-03-28 23:46:14,542.35
2022-03-28 23:46:19,542.42
2022-03-28 23:46:24,542.42
2022-03-28 23:46:29,542.42
2022-03-28 23:46:34,542.42
2022-03-28 23:46:39,542.48
2022-03-28 23:46:44,542.48
2022-03-28 23:46:49,542.52
2022-03-28 23:46:54,542.48
2022-03-28 23:46:59,542.52
2022-03-28 23:47:04,542.52
2022-03-28 23:47:09,542.52
2022-03-28 23:47:14,542.52
2022-03-28 23:47:19,542.52
2022-03-28 23:47:24,542.52
2022-03-28 23:47:29,542.59
2022-03-28 23:47:34,542.65
2022-03-28 23:47:39,542.65
2022-03-28 23:47:44,542.65
2022-03-28 23:47:49,542.65
2022-03-28 23:47:54,542.71
2022-03-28 23:47:59,542.71
2022-03-28 23:48:04,542.75
2022-03-28 23:48:09,542.75
2022-03-28 23:48:14,525.3917831299705
2022-03-28 23:48:19,542.88
2022-03-28 23:48:24,542.88
2022-03-28 23:48:29,542.88
2022-03-28 23:48:34,525.5631895253923
2022-03-28 23:48:39,542.94
2022-03-28 23:48:44,543.01
2022-03-28 23:48:49,525.6945427988642
2022-03-28 23:48:54,543.04
2022-03-28 23:48:59,543.04
2022-03-28 23:49:04,543.1
2022-03-28 23:49:09,543.16
2022-03-28 23:49:14,543.23
2022-03-28 23:49:19,543.26
2022-03-28 23:49:24,543.26
2022-03-28 23:49:29,543.33
2022-03-28 23:49:34,543.39
2022-03-28 23:49:39,543.45
2022-03-28 23:49:44,526.1965821442285
2022-03-28 23:49:49,543.52
2022-03-28 23:49:54,543.55
2022-03-28 23:49:59,543.61
2022-03-28 23:50:04,543.68
2022-03-28 23:50:09,543.74
2022-03-28 23:50:14,543.77
2022-03-28 23:50:19,543.84
2022-03-28 23:50:24,543.9
2022-03-28 23:50:29,543.9
2022-03-28 23:50:34,544.03
2022-03-28 23:50:39,544.06
2022-03-28 23:50:44,544.12
2022-03-28 23:50:49,544.19
2022-03-28 23:50:54,544.28
2022-03-28 23:50:59,544.28
2022-03-28 23:51:04,544.41
2022-03-28 23:51:09,544.48
2022-03-28 23:51:14,544.57
2022-03-28 23:51:19,544.63
2022-03-28 23:51:24,544.7
2022-03-28 23:51:29,544.8
2022-03-28 23:51:34,544.86
2022-03-28 23:51:39,544.92
2022-03-28 23:51:44,545.05
2022-03-28 23:51:49,527.4468230517335
2022-03-28 23:51:54,545.14
2022-03-28 23:51:59,545.27
2022-03-28 23:52:04,545.37
2022-03-28 23:52:09,545.5
2022-03-28 23:52:14,545.56
2022-03-28 23:52:19,545.59
2022-03-28 23:52:24,545.66
2022-03-28 23:52:29,545.78
2022-03-28 23:52:34,545.88
2022-03-28 23:52:39,545.94
2022-03-28 23:52:44,546.0
2022-03-28 23:52:49,546.16
2022-03-28 23:52:54,546.23
2022-03-28 23:52:59,528.202048763474
2022-03-28 23:53:04,546.39
2022-03-28 23:53:09,546.52
2022-03-28 23:53:14,546.58
2022-03-28 23:53:19,546.67
2022-03-28 23:53:24,546.74
2022-03-28 23:53:29,546.8
2022-03-28 23:53:34,546.83
2022-03-28 23:53:39,528.6479127246652
2022-03-28 23:53:44,547.03
2022-03-28 23:53:49,547.09
2022-03-28 23:53:54,547.09
2022-03-28 23:53:59,547.18
2022-03-28 23:54:04,528.9311289800692
2022-03-28 23:54:09,547.25
2022-03-28 23:54:14,529.0453081276294
2022-03-28 23:54:19,547.31
2022-03-28 23:54:24,547.35
2022-03-28 23:54:29,547.41
2022-03-28 23:54:34,547.47
2022-03-28 23:54:39,547.47
2022-03-28 23:54:44,547.48
2022-03-28 23:54:49,529.4485840014581
2022-03-28 23:54:54,547.47
2022-03-28 23:54:59,547.47
2022-03-28 23:55:04,547.47
2022-03-28 23:55:09,547.47
2022-03-28 23:55:14,547.47
2022-03-28 23:55:19,547.41
2022-03-28 23:55:24,547.41
2022-03-28 23:55:29,547.35
2022-03-28 23:55:34,547.35
2022-03-28 23:55:39,547.35
2022-03-28 23:55:44,547.31
2022-03-28 23:55:49,547.25
2022-03-28 23:55:54,547.25
2022-03-28 23:55:59,547.18
2022-03-28 23:56:04,547.12
2022-03-28 23:56:09,547.09
2022-03-28 23:56:14,547.03
2022-03-28 23:56:19,530.5065723383266
2022-03-28 23:56:24,546.96
2022-03-28 23:56:29,530.6255419934062
2022-03-28 23:56:34,546.83
2022-03-28 23:56:39,546.74
2022-03-28 23:56:44,546.74
2022-03-28 23:56:49,546.61
2022-03-28 23:56:54,546.58
2022-03-28 23:56:59,530.9836286592766
2022-03-28 23:57:04,546.38
2022-03-28 23:57:09,546.32
2022-03-28 23:57:14,546.23
2022-03-28 23:57:19,546.16
2022-03-28 23:57:24,546.1
2022-03-28 23:57:29,546.0
2022-03-28 23:57:34,545.87
2022-03-28 23:57:39,545.81
2022-03-28 23:57:44,531.5231132679872
2022-03-28 23:57:49,545.58
2022-03-28 23:57:54,545.55
2022-03-28 23:57:59,545.42
2022-03-28 23:58:04,531.7633788867215
2022-03-28 23:58:09,545.26
2022-03-28 23:58:14,545.14
2022-03-28 23:58:19,545.04
2022-03-28 23:58:24,544.85
2022-03-28 23:58:29,544.75
2022-03-28 23:58:34,544.62
2022-03-28 23:58:39,544.46
2022-03-28 23:58:44,544.27
2022-03-28 23:58:49,544.11
2022-03-28 23:58:54,544.01
2022-03-28 23:58:59,543.82
2022-03-28 23:59:04,543.76
2022-03-28 23:59:09,543.59
2022-03-28 23:59:14,543.43
2022-03-28 23:59:19,543.24
2022-03-28 23:59:24,543.02
2022-03-28 23:59:29,542.85
2022-03-28 23:59:34,542.69
2022-03-28 23:59:39,542.47
2022-03-28 23:59:44,542.27
2022-03-28 23:59:49,542.05
2022-03-28 23:59:54,541.89
2022-03-28 23:59:59,541.69
2022-03-29 00:00:04,533.2009899884981
2022-03-29 00:00:09,541.24
2022-03-29 00:00:14,541.02
2022-03-29 00:00:19,540.86
2022-03-29 00:00:24,540.63
2022-03-29 00:00:29,540.41
2022-03-29 00:00:34,540.15
2022-03-29 00:00:39,539.92
2022-03-29 00:00:44,533.6748307892747
2022-03-29 00:00:49,539.6
2022-03-29 00:00:54,539.37
2022-03-29 00:00:59,539.12
2022-03-29 00:01:04,538.89
2022-03-29 00:01:09,538.73
2022-03-29 00:01:14,538.5
2022-03-29 00:01:19,538.28
2022-03-29 00:01:24,538.08
2022-03-29 00:01:29,537.92
2022-03-29 00:01:34,537.76
2022-03-29 00:01:39,534.3182334292696
2022-03-29 00:01:44,537.4
2022-03-29 00:01:49,534.4339766927634
2022-03-29 00:01:54,537.05
2022-03-29 00:01:59,536.95
2022-03-29 00:02:04,536.79
2022-03-29 00:02:09,536.66
2022-03-29 00:02:14,536.53
2022-03-29 00:02:19,536.5
2022-03-29 00:02:24,536.37
2022-03-29 00:02:29,534.8924362905532
2022-03-29 00:02:34,536.21
2022-03-29 00:02:39,535.005822677131
2022-03-29 00:02:44,536.01
2022-03-29 00:02:49,535.98
2022-03-29 00:02:54,535.85
2022-03-29 00:02:59,535.78
2022-03-29 00:03:04,535.75
2022-03-29 00:03:09,535.3427129297431
2022-03-29 00:03:14,535.62
2022-03-29 00:03:19,535.62
2022-03-29 00:03:24,535.62
2022-03-29 00:03:29,535.55
2022-03-29 00:03:34,535.55
2022-03-29 00:03:39,535.55
2022-03-29 00:03:44,535.49
2022-03-29 00:03:49,535.7835422920542
2022-03-29 00:03:54,535.48
2022-03-29 00:03:59,535.48
2022-03-29 00:04:04,535.48
2022-03-29 00:04:09,536.0001458029124
2022-03-29 00:04:14,535.48
2022-03-29 00:04:19,535.45
2022-03-29 00:04:24,535.45
2022-03-29 00:04:29,535.45
2022-03-29 00:04:34,535.38
2022-03-29 00:04:39,535.38
2022-03-29 00:04:44,535.45
2022-03-29 00:04:49,535.38
2022-03-29 00:04:54,535.38
2022-03-29 00:04:59,535.38
2022-03-29 00:05:04,535.38
2022-03-29 00:05:09,535.31
2022-03-29 00:05:14,536.686255526804
2022-03-29 00:05:19,535.31
2022-03-29 00:05:24,535.25
2022-03-29 00:05:29,536.8406711081582
2022-03-29 00:05:34,535.25
2022-03-29 00:05:39,535.25
2022-03-29 00:05:44,536.993603351803
2022-03-29 00:05:49,535.25
2022-03-29 00:05:54,537.0947307591863
2022-03-29 00:05:59,535.25
2022-03-29 00:06:04,535.25
2022-03-29 00:06:09,535.21
2022-03-29 00:06:14,535.21
2022-03-29 00:06:19,535.15
2022-03-29 00:06:24,535.22
2022-03-29 00:06:29,535.22
2022-03-29 00:06:34,535.15
2022-03-29 00:06:39,535.15
2022-03-29 00:06:44,535.15
2022-03-29 00:06:49,535.08
2022-03-29 00:06:54,535.09
2022-03-29 00:06:59,535.09
2022-03-29 00:07:04,535.09
2022-03-29 00:07:09,535.09
2022-03-29 00:07:14,537.8796673751651
2022-03-29 00:07:19,537.9272908624812
2022-03-29 00:07:24,535.02
2022-03-29 00:07:29,535.02
2022-03-29 00:07:34,535.02
2022-03-29 00:07:39,534.96
2022-03-29 00:07:44,538.1628482578312
2022-03-29 00:07:49,538.2094459724207
2022-03-29 00:07:54,534.96
2022-03-29 00:07:59,534.96
2022-03-29 00:08:04,534.96
2022-03-29 00:08:09,534.93
2022-03-29 00:08:14,534.93
2022-03-29 00:08:19,534.93
2022-03-29 00:08:24,534.96
2022-03-29 00:08:29,538.5760203657475
2022-03-29 00:08:34,534.93
2022-03-29 00:08:39,534.93
2022-03-29 00:08:44,534.93
2022-03-29 00:08:49,534.93
2022-03-29 00:08:54,534.87
2022-03-29 00:08:59,534.94
2022-03-29 00:09:04,534.93
2022-03-29 00:09:09,534.94
2022-03-29 00:09:14,534.94
2022-03-29 00:09:19,534.94
2022-03-29 00:09:24,534.87
2022-03-29 00:09:29,534.94
2022-03-29 00:09:34,534.87
2022-03-29 00:09:39,534.94
2022-03-29 00:09:44,534.94
2022-03-29 00:09:49,534.94
2022-03-29 00:09:54,534.97
2022-03-29 00:09:59,539.3599367730682
2022-03-29 00:10:04,534.97
2022-03-29 00:10:09,535.04
2022-03-29 00:10:14,539.4850105759745
2022-03-29 00:10:19,535.1
2022-03-29 00:10:24,535.1
2022-03-29 00:10:29,535.17
2022-03-29 00:10:34,535.17
2022-03-29 00:10:39,539.6898812476215
2022-03-29 00:10:44,535.17
2022-03-29 00:10:49,535.17
2022-03-29 00:10:54,535.17
2022-03-29 00:10:59,535.24
2022-03-29 00:11:04,535.23
2022-03-29 00:11:09,535.24
2022-03-29 00:11:14,535.24
2022-03-29 00:11:19,535.23
2022-03-29 00:11:24,535.24
2022-03-29 00:11:29,535.17
2022-03-29 00:11:34,535.23
2022-03-29 00:11:39,535.24
2022-03-29 00:11:44,540.2013633652886
2022-03-29 00:11:49,535.23
2022-03-29 00:11:54,535.23
2022-03-29 00:11:59,535.23
2022-03-29 00:12:04,535.23
2022-03-29 00:12:09,535.27
2022-03-29 00:12:14,535.27
2022-03-29 00:12:19,535.27
2022-03-29 00:12:24,535.26
2022-03-29 00:12:29,535.33
2022-03-29 00:12:34,535.26
2022-03-29 00:12:39,535.33
2022-03-29 00:12:44,535.33
2022-03-29 00:12:49,535.33
2022-03-29 00:12:54,535.33
2022-03-29 00:12:59,535.33
2022-03-29 00:13:04,535.33
2022-03-29 00:13:09,540.8233131084968
2022-03-29 00:13:14,535.39
2022-03-29 00:13:19,535.32
2022-03-29 00:13:24,535.39
2022-03-29 00:13:29,535.45
2022-03-29 00:13:34,535.45
2022-03-29 00:13:39,535.39
2022-03-29 00:13:44,535.45
2022-03-29 00:13:49,535.45
2022-03-29 00:13:54,535.48
2022-03-29 00:13:59,535.48
2022-03-29 00:14:04,535.48
2022-03-29 00:14:09,535.48
2022-03-29 00:14:14,535.48
2022-03-29 00:14:19,535.54
2022-03-29 00:14:24,535.54
2022-03-29 00:14:29,535.54
2022-03-29 00:14:34,535.54
2022-03-29 00:14:39,535.54
2022-03-29 00:14:44,535.54
2022-03-29 00:14:49,535.54
2022-03-29 00:14:54,535.54
2022-03-29 00:14:59,535.54
2022-03-29 00:15:04,535.54
2022-03-29 00:15:09,535.54
2022-03-29 00:15:14,541.6389477871895
2022-03-29 00:15:19,535.6
2022-03-29 00:15:24,535.6
2022-03-29 00:15:29,535.6
2022-03-29 00:15:34,535.6
2022-03-29 00:15:39,535.59
2022-03-29 00:15:44,535.66
2022-03-29 00:15:49,535.66
2022-03-29 00:15:54,535.72
2022-03-29 00:15:59,535.72
2022-03-29 00:16:04,535.72
2022-03-29 00:16:09,535.72
2022-03-29 00:16:14,535.72
2022-03-29 00:16:19,535.75
2022-03-29 00:16:24,535.75
2022-03-29 00:16:29,535.75
2022-03-29 00:16:34,535.81
2022-03-29 00:16:39,535.87
2022-03-29 00:16:44,535.87
2022-03-29 00:16:49,535.87
2022-03-29 00:16:54,535.87
2022-03-29 00:16:59,535.94
2022-03-29 00:17:04,535.94
2022-03-29 00:17:09,535.97
2022-03-29 00:17:14,535.97
2022-03-29 00:17:19,535.97
2022-03-29 00:17:24,535.97
2022-03-29 00:17:29,535.97
2022-03-29 00:17:34,536.04
2022-03-29 00:17:39,536.03
2022-03-29 00:17:44,536.03
2022-03-29 00:17:49,536.03
2022-03-29 00:17:54,536.1
2022-03-29 00:17:59,536.1
2022-03-29 00:18:04,536.1
2022-03-29 00:18:09,542.5761277453898
2022-03-29 00:18:14,536.16
2022-03-29 00:18:19,536.16
2022-03-29 00:18:24,536.16
2022-03-29 00:18:29,536.16
2022-03-29 00:18:34,536.23
2022-03-29 00:18:39,536.23
2022-03-29 00:18:44,536.26
2022-03-29 00:18:49,536.26
2022-03-29 00:18:54,536.32
2022-03-29 00:18:59,542.79940603354
2022-03-29 00:19:04,542.8206836790915
2022-03-29 00:19:09,536.45
2022-03-29 00:19:14,536.45
2022-03-29 00:19:19,536.48
2022-03-29 00:19:24,536.55
2022-03-29 00:19:29,536.55
2022-03-29 00:19:34,536.62
2022-03-29 00:19:39,536.62
2022-03-29 00:19:44,542.9842053914734
2022-03-29 00:19:49,536.68
2022-03-29 00:19:54,543.0232529194823
2022-03-29 00:19:59,536.78
2022-03-29 00:20:04,536.78
2022-03-29 00:20:09,536.78
2022-03-29 00:20:14,536.84
2022-03-29 00:20:19,536.85
2022-03-29 00:20:24,536.91
2022-03-29 00:20:29,536.91
2022-03-29 00:20:34,536.91
2022-03-29 00:20:39,536.91
2022-03-29 00:20:44,536.98
2022-03-29 00:20:49,537.01
2022-03-29 00:20:54,537.01
2022-03-29 00:20:59,537.01
2022-03-29 00:21:04,537.01
2022-03-29 00:21:09,537.01
2022-03-29 00:21:14,537.01
2022-03-29 00:21:19,536.98
2022-03-29 00:21:24,537.01
2022-03-29 00:21:29,537.01
2022-03-29 00:21:34,536.98
2022-03-29 00:21:39,536.98
2022-03-29 00:21:44,543.406542081941
2022-03-29 00:21:49,536.98
2022-03-29 00:21:54,543.4373426625408
2022-03-29 00:21:59,537.02
2022-03-29 00:22:04,537.02
2022-03-29 00:22:09,537.02
2022-03-29 00:22:14,536.99
2022-03-29 00:22:19,537.02
2022-03-29 00:22:24,537.02
2022-03-29 00:22:29,537.02
2022-03-29 00:22:34,537.02
2022-03-29 00:22:39,537.02
2022-03-29 00:22:44,537.02
2022-03-29 00:22:49,537.02
2022-03-29 00:22:54,537.02
2022-03-29 00:22:59,537.02
2022-03-29 00:23:04,537.08
2022-03-29 00:23:09,537.02
2022-03-29 00:23:14,537.02
2022-03-29 00:23:19,537.08
2022-03-29 00:23:24,537.09
2022-03-29 00:23:29,543.6985215579048
2022-03-29 00:23:34,537.08
2022-03-29 00:23:39,543.7228292115942
2022-03-29 00:23:44,537.15
2022-03-29 00:23:49,537.15
2022-03-29 00:23:54,537.15
2022-03-29 00:23:59,537.15
2022-03-29 00:24:04,537.21
2022-03-29 00:24:09,537.21
2022-03-29 00:24:14,537.21
2022-03-29 00:24:19,537.21
2022-03-29 00:24:24,537.28
2022-03-29 00:24:29,537.28
2022-03-29 00:24:34,537.28
2022-03-29 00:24:39,537.28
2022-03-29 00:24:44,537.31
2022-03-29 00:24:49,537.31
2022-03-29 00:24:54,537.3
2022-03-29 00:24:59,537.31
2022-03-29 00:25:04,537.31
2022-03-29 00:25:09,537.37
2022-03-29 00:25:14,537.37
2022-03-29 00:25:19,537.37
2022-03-29 00:25:24,537.37
2022-03-29 00:25:29,537.37
2022-03-29 00:25:34,537.37
2022-03-29 00:25:39,537.43
2022-03-29 00:25:44,537.43
2022-03-29 00:25:49,537.43
2022-03-29 00:25:54,537.43
2022-03-29 00:25:59,537.49
2022-03-29 00:26:04,544.0128519107394
2022-03-29 00:26:09,537.49
2022-03-29 00:26:14,537.49
2022-03-29 00:26:19,537.52
2022-03-29 00:26:24,537.59
2022-03-29 00:26:29,537.59
2022-03-29 00:26:34,537.59
2022-03-29 00:26:39,537.58
2022-03-29 00:26:44,537.58
2022-03-29 00:26:49,537.58
2022-03-29 00:26:54,537.58
2022-03-29 00:26:59,537.65
2022-03-29 00:27:04,537.58
2022-03-29 00:27:09,537.58
2022-03-29 00:27:14,537.58
2022-03-29 00:27:19,537.58
2022-03-29 00:27:24,537.58
2022-03-29 00:27:29,537.58
2022-03-29 00:27:34,537.58
2022-03-29 00:27:39,537.58
2022-03-29 00:27:44,537.58
2022-03-29 00:27:49,537.51
2022-03-29 00:27:54,544.1625271208998
2022-03-29 00:27:59,537.51
2022-03-29 00:28:04,537.51
2022-03-29 00:28:09,537.48
2022-03-29 00:28:14,537.48
2022-03-29 00:28:19,537.48
2022-03-29 00:28:24,537.41
2022-03-29 00:28:29,537.41
2022-03-29 00:28:34,537.34
2022-03-29 00:28:39,537.28
2022-03-29 00:28:44,537.28
2022-03-29 00:28:49,537.25
2022-03-29 00:28:54,537.25
2022-03-29 00:28:59,537.25
2022-03-29 00:29:04,537.18
2022-03-29 00:29:09,537.12
2022-03-29 00:29:14,536.99
2022-03-29 00:29:19,537.05
2022-03-29 00:29:24,536.99
2022-03-29 00:29:29,536.96
2022-03-29 00:29:34,536.96
2022-03-29 00:29:39,536.89
2022-03-29 00:29:44,536.76
2022-03-29 00:29:49,544.2638863590679
2022-03-29 00:29:54,544.2671559558822
2022-03-29 00:29:59,536.67
2022-03-29 00:30:04,536.6
2022-03-29 00:30:09,536.6
2022-03-29 00:30:14,536.54
2022-03-29 00:30:19,536.47
2022-03-29 00:30:24,536.44
2022-03-29 00:30:29,536.38
2022-03-29 00:30:34,536.31
2022-03-29 00:30:39,536.25
2022-03-29 00:30:44,536.16
2022-03-29 00:30:49,536.09
2022-03-29 00:30:54,536.09
2022-03-29 00:30:59,535.96
2022-03-29 00:31:04,535.96
2022-03-29 00:31:09,535.87
2022-03-29 00:31:14,535.87
2022-03-29 00:31:19,535.8
2022-03-29 00:31:24,535.74
2022-03-29 00:31:29,535.74
2022-03-29 00:31:34,535.64
2022-03-29 00:31:39,535.58
2022-03-29 00:31:44,535.51
2022-03-29 00:31:49,544.3195067871309
2022-03-29 00:31:54,535.45
2022-03-29 00:31:59,535.42
2022-03-29 00:32:04,535.36
2022-03-29 00:32:09,535.36
2022-03-29 00:32:14,535.29
2022-03-29 00:32:19,535.23
2022-03-29 00:32:24,535.23
2022-03-29 00:32:29,544.3283890750096
2022-03-29 00:32:34,535.13
2022-03-29 00:32:39,535.13
2022-03-29 00:32:44,535.07
2022-03-29 00:32:49,535.07
2022-03-29 00:32:54,535.08
2022-03-29 00:32:59,535.07
2022-03-29 00:33:04,535.01
2022-03-29 00:33:09,535.08
2022-03-29 00:33:14,535.01
2022-03-29 00:33:19,534.95
2022-03-29 00:33:24,535.01
2022-03-29 00:33:29,535.01
2022-03-29 00:33:34,534.95
2022-03-29 00:33:39,534.95
2022-03-29 00:33:44,535.02
2022-03-29 00:33:49,534.95
2022-03-29 00:33:54,534.95
2022-03-29 00:33:59,535.02
2022-03-29 00:34:04,534.96
2022-03-29 00:34:09,534.96
2022-03-29 00:34:14,534.96
2022-03-29 00:34:19,534.96
2022-03-29 00:34:24,535.02
2022-03-29 00:34:29,535.02
2022-03-29 00:34:34,535.02
2022-03-29 00:34:39,535.02
2022-03-29 00:34:44,535.02
2022-03-29 00:34:49,544.3252479294849
2022-03-29 00:34:54,535.08
2022-03-29 00:34:59,535.02
2022-03-29 00:35:04,535.02
2022-03-29 00:35:09,535.09
2022-03-29 00:35:14,535.02
2022-03-29 00:35:19,535.02
2022-03-29 00:35:24,535.02
2022-03-29 00:35:29,535.09
2022-03-29 00:35:34,535.09
2022-03-29 00:35:39,535.09
2022-03-29 00:35:44,535.08
2022-03-29 00:35:49,535.08
2022-03-29 00:35:54,544.3067741852008
2022-03-29 00:35:59,535.09
2022-03-29 00:36:04,544.3030278999626
2022-03-29 00:36:09,535.08
2022-03-29 00:36:14,535.15
2022-03-29 00:36:19,535.15
2022-03-29 00:36:24,535.15
2022-03-29 00:36:29,535.15
2022-03-29 00:36:34,535.15
2022-03-29 00:36:39,535.15
2022-03-29 00:36:44,535.14
2022-03-29 00:36:49,535.08
2022-03-29 00:36:54,535.14
2022-03-29 00:36:59,535.08
2022-03-29 00:37:04,535.08
2022-03-29 00:37:09,535.08
2022-03-29 00:37:14,535.08
2022-03-29 00:37:19,535.01
2022-03-29 00:37:24,535.08
2022-03-29 00:37:29,544.2618785672054
2022-03-29 00:37:34,535.08
2022-03-29 00:37:39,535.01
2022-03-29 00:37:44,535.08
2022-03-29 00:37:49,535.08
2022-03-29 00:37:54,535.01
2022-03-29 00:37:59,534.94
2022-03-29 00:38:04,535.01
2022-03-29 00:38:09,534.94
2022-03-29 00:38:14,535.01
2022-03-29 00:38:19,534.94
2022-03-29 00:38:24,534.94
2022-03-29 00:38:29,535.01
2022-03-29 00:38:34,534.94
2022-03-29 00:38:39,534.94
2022-03-29 00:38:44,544.2124184820952
2022-03-29 00:38:49,534.94
2022-03-29 00:38:54,534.94
2022-03-29 00:38:59,534.94
2022-03-29 00:39:04,534.94
2022-03-29 00:39:09,534.94
2022-03-29 00:39:14,534.93
2022-03-29 00:39:19,534.93
2022-03-29 00:39:24,534.93
2022-03-29 00:39:29,534.9
2022-03-29 00:39:34,534.93
2022-03-29 00:39:39,534.9
2022-03-29 00:39:44,534.9
2022-03-29 00:39:49,534.9
2022-03-29 00:39:54,534.89
2022-03-29 00:39:59,534.9
2022-03-29 00:40:04,534.83
2022-03-29 00:40:09,534.83
2022-03-29 00:40:14,534.76
2022-03-29 00:40:19,534.83
2022-03-29 00:40:24,534.83
2022-03-29 00:40:29,534.76
2022-03-29 00:40:34,534.76
2022-03-29 00:40:39,534.83
2022-03-29 00:40:44,534.83
2022-03-29 00:40:49,534.83
2022-03-29 00:40:54,534.83
2022-03-29 00:40:59,534.83
2022-03-29 00:41:04,534.83
2022-03-29 00:41:09,534.89
2022-03-29 00:41:14,534.82
2022-03-29 00:41:19,534.89
2022-03-29 00:41:24,534.89
2022-03-29 00:41:29,534.89
2022-03-29 00:41:34,544.0592248095481
2022-03-29 00:41:39,534.89
2022-03-29 00:41:44,534.89
2022-03-29 00:41:49,534.89
2022-03-29 00:41:54,534.92
2022-03-29 00:41:59,534.99
2022-03-29 00:42:04,534.99
2022-03-29 00:42:09,534.99
2022-03-29 00:42:14,544.0156882668679
2022-03-29 00:42:19,534.99
2022-03-29 00:42:24,535.05
2022-03-29 00:42:29,535.05
2022-03-29 00:42:34,535.05
2022-03-29 00:42:39,535.05
2022-03-29 00:42:44,535.12
2022-03-29 00:42:49,543.9754664067764
2022-03-29 00:42:54,535.12
2022-03-29 00:42:59,535.12
2022-03-29 00:43:04,535.12
2022-03-29 00:43:09,535.18
2022-03-29 00:43:14,535.18
2022-03-29 00:43:19,535.12
2022-03-29 00:43:24,543.933348472106
2022-03-29 00:43:29,535.12
2022-03-29 00:43:34,535.18
2022-03-29 00:43:39,535.12
2022-03-29 00:43:44,535.18
2022-03-29 00:43:49,535.18
2022-03-29 00:43:54,543.8958030126103
2022-03-29 00:43:59,535.12
2022-03-29 00:44:04,543.8830015391017
2022-03-29 00:44:09,535.13
2022-03-29 00:44:14,535.12
2022-03-29 00:44:19,535.13
2022-03-29 00:44:24,535.13
2022-03-29 00:44:29,535.06
2022-03-29 00:44:34,535.13
2022-03-29 00:44:39,535.13
2022-03-29 00:44:44,535.06
2022-03-29 00:44:49,535.13
2022-03-29 00:44:54,535.13
2022-03-29 00:44:59,535.13
2022-03-29 00:45:04,535.13
2022-03-29 00:45:09,535.13
2022-03-29 00:45:14,535.07
2022-03-29 00:45:19,535.07
2022-03-29 00:45:24,535.07
2022-03-29 00:45:29,535.07
2022-03-29 00:45:34,535.07
2022-03-29 00:45:39,535.07
2022-03-29 00:45:44,535.07
2022-03-29 00:45:49,535.01
2022-03-29 00:45:54,535.01
2022-03-29 00:45:59,535.07
2022-03-29 00:46:04,535.01
2022-03-29 00:46:09,543.7118232155001
2022-03-29 00:46:14,535.01
2022-03-29 00:46:19,535.01
2022-03-29 00:46:24,534.94
2022-03-29 00:46:29,534.94
2022-03-29 00:46:34,543.675263258973
2022-03-29 00:46:39,535.01
2022-03-29 00:46:44,534.95
2022-03-29 00:46:49,534.95
2022-03-29 00:46:54,534.95
2022-03-29 00:46:59,534.95
2022-03-29 00:47:04,534.95
2022-03-29 00:47:09,534.95
2022-03-29 00:47:14,535.01
2022-03-29 00:47:19,535.01
2022-03-29 00:47:24,535.01
2022-03-29 00:47:29,535.01
2022-03-29 00:47:34,535.01
2022-03-29 00:47:39,535.01
2022-03-29 00:47:44,535.01
2022-03-29 00:47:49,535.01
2022-03-29 00:47:54,535.01
2022-03-29 00:47:59,535.01
2022-03-29 00:48:04,535.07
2022-03-29 00:48:09,535.07
2022-03-29 00:48:14,535.07
2022-03-29 00:48:19,543.513096458492
2022-03-29 00:48:24,535.07
2022-03-29 00:48:29,535.07
2022-03-29 00:48:34,543.4887531907268
2022-03-29 00:48:39,535.07
2022-03-29 00:48:44,535.07
2022-03-29 00:48:49,535.07
2022-03-29 00:48:54,535.07
2022-03-29 00:48:59,535.13
2022-03-29 00:49:04,543.4391527650606
2022-03-29 00:49:09,535.13
2022-03-29 00:49:14,535.13
2022-03-29 00:49:19,543.4138893164297
2022-03-29 00:49:24,535.2
2022-03-29 00:49:29,535.2
2022-03-29 00:49:34,535.23
2022-03-29 00:49:39,535.23
2022-03-29 00:49:44,543.3710864205892
2022-03-29 00:49:49,535.23
2022-03-29 00:49:54,535.36
2022-03-29 00:49:59,535.36
2022-03-29 00:50:04,535.29
2022-03-29 00:50:09,535.35
2022-03-29 00:50:14,535.41
2022-03-29 00:50:19,535.41
2022-03-29 00:50:24,535.45
2022-03-29 00:50:29,535.45
2022-03-29 00:50:34,535.45
2022-03-29 00:50:39,543.2737876714566
2022-03-29 00:50:44,535.51
2022-03-29 00:50:49,535.51
2022-03-29 00:50:54,535.51
2022-03-29 00:50:59,535.5
2022-03-29 00:51:04,535.51
2022-03-29 00:51:09,535.57
2022-03-29 00:51:14,535.57
2022-03-29 00:51:19,535.57
2022-03-29 00:51:24,535.5
2022-03-29 00:51:29,535.5
2022-03-29 00:51:34,535.5
2022-03-29 00:51:39,535.5
2022-03-29 00:51:44,535.5
2022-03-29 00:51:49,535.5
2022-03-29 00:51:54,535.44
2022-03-29 00:51:59,535.4
2022-03-29 00:52:04,535.43
2022-03-29 00:52:09,535.4
2022-03-29 00:52:14,535.4
2022-03-29 00:52:19,543.0854129790544
2022-03-29 00:52:24,535.34
2022-03-29 00:52:29,535.34
2022-03-29 00:52:34,535.33
2022-03-29 00:52:39,535.33
2022-03-29 00:52:44,535.27
2022-03-29 00:52:49,535.27
2022-03-29 00:52:54,535.2
2022-03-29 00:52:59,535.2
2022-03-29 00:53:04,535.21
2022-03-29 00:53:09,535.2
2022-03-29 00:53:14,535.2
2022-03-29 00:53:19,535.2
2022-03-29 00:53:24,535.2
2022-03-29 00:53:29,535.17
2022-03-29 00:53:34,535.17
2022-03-29 00:53:39,535.17
2022-03-29 00:53:44,535.17
2022-03-29 00:53:49,535.17
2022-03-29 00:53:54,535.18
2022-03-29 00:53:59,535.11
2022-03-29 00:54:04,535.11
2022-03-29 00:54:09,535.04
2022-03-29 00:54:14,535.04
2022-03-29 00:54:19,535.04
2022-03-29 00:54:24,535.04
2022-03-29 00:54:29,535.04
2022-03-29 00:54:34,534.98
2022-03-29 00:54:39,534.98
2022-03-29 00:54:44,534.92
2022-03-29 00:54:49,534.92
2022-03-29 00:54:54,534.88
2022-03-29 00:54:59,534.82
2022-03-29 00:55:04,534.82
2022-03-29 00:55:09,534.76
2022-03-29 00:55:14,534.76
2022-03-29 00:55:19,534.82
2022-03-29 00:55:24,534.76
2022-03-29 00:55:29,534.69
2022-03-29 00:55:34,534.69
2022-03-29 00:55:39,534.6
2022-03-29 00:55:44,534.66
2022-03-29 00:55:49,542.6379702521592
2022-03-29 00:55:54,534.54
2022-03-29 00:55:59,534.4
2022-03-29 00:56:04,534.47
2022-03-29 00:56:09,534.47
2022-03-29 00:56:14,534.41
2022-03-29 00:56:19,534.41
2022-03-29 00:56:24,534.38
2022-03-29 00:56:29,534.31
2022-03-29 00:56:34,534.31
2022-03-29 00:56:39,534.32
2022-03-29 00:56:44,534.25
2022-03-29 00:56:49,534.32
2022-03-29 00:56:54,534.25
2022-03-29 00:56:59,534.25
2022-03-29 00:57:04,534.19
2022-03-29 00:57:09,542.4476303576324
2022-03-29 00:57:14,542.4353503579455
2022-03-29 00:57:19,534.26
2022-03-29 00:57:24,534.26
2022-03-29 00:57:29,534.19
2022-03-29 00:57:34,534.19
2022-03-29 00:57:39,534.2
2022-03-29 00:57:44,534.2
2022-03-29 00:57:49,534.19
2022-03-29 00:57:54,534.16
2022-03-29 00:57:59,534.19
2022-03-29 00:58:04,534.16
2022-03-29 00:58:09,534.16
2022-03-29 00:58:14,534.17
2022-03-29 00:58:19,534.17
2022-03-29 00:58:24,534.2
2022-03-29 00:58:29,534.2
2022-03-29 00:58:34,534.26
2022-03-29 00:58:39,542.2194807479185
2022-03-29 00:58:44,534.2
2022-03-29 00:58:49,534.26
2022-03-29 00:58:54,534.26
2022-03-29 00:58:59,534.26
2022-03-29 00:59:04,534.33
2022-03-29 00:59:09,534.39
2022-03-29 00:59:14,534.39
2022-03-29 00:59:19,534.39
2022-03-29 00:59:24,534.43
2022-03-29 00:59:29,534.43
2022-03-29 00:59:34,534.43
2022-03-29 00:59:39,534.43
2022-03-29 00:59:44,534.49
2022-03-29 00:59:49,542.0313525557729
2022-03-29 00:59:54,542.0175476660459
2022-03-29 00:59:59,534.62
2022-03-29 01:00:04,534.62
2022-03-29 01:00:09,534.62
2022-03-29 01:00:14,534.68
2022-03-29 01:00:19,534.72
2022-03-29 01:00:24,534.78
2022-03-29 01:00:29,534.78
2022-03-29 01:00:34,534.84
2022-03-29 01:00:39,534.84
2022-03-29 01:00:44,534.93
2022-03-29 01:00:49,534.93
2022-03-29 01:00:54,535.0
2022-03-29 01:00:59,535.0
2022-03-29 01:01:04,535.13
2022-03-29 01:01:09,535.19
2022-03-29 01:01:14,535.22
2022-03-29 01:01:19,535.29
2022-03-29 01:01:24,535.35
2022-03-29 01:01:29,535.41
2022-03-29 01:01:34,535.45
2022-03-29 01:01:39,535.57
2022-03-29 01:01:44,535.64
2022-03-29 01:01:49,535.7
2022-03-29 01:01:54,535.8
2022-03-29 01:01:59,535.8
2022-03-29 01:02:04,535.92
2022-03-29 01:02:09,535.92
2022-03-29 01:02:14,536.02
2022-03-29 01:02:19,536.09
2022-03-29 01:02:24,536.09
2022-03-29 01:02:29,536.15
2022-03-29 01:02:34,536.21
2022-03-29 01:02:39,536.21
2022-03-29 01:02:44,536.24
2022-03-29 01:02:49,536.3
2022-03-29 01:02:54,536.3
2022-03-29 01:02:59,536.37
2022-03-29 01:03:04,536.37
2022-03-29 01:03:09,536.37
2022-03-29 01:03:14,541.4079066661004
2022-03-29 01:03:19,541.3907890578914
2022-03-29 01:03:24,536.46
2022-03-29 01:03:29,536.43
2022-03-29 01:03:34,536.46
2022-03-29 01:03:39,536.43
2022-03-29 01:03:44,536.43
2022-03-29 01:03:49,541.2856560835664
2022-03-29 01:03:54,536.43
2022-03-29 01:03:59,541.2496502266965
2022-03-29 01:04:04,541.2314601040881
2022-03-29 01:04:09,541.2131431388736
2022-03-29 01:04:14,536.36
2022-03-29 01:04:19,536.36
2022-03-29 01:04:24,536.3
2022-03-29 01:04:29,536.3
2022-03-29 01:04:34,536.23
2022-03-29 01:04:39,536.23
2022-03-29 01:04:44,536.2
2022-03-29 01:04:49,536.13
2022-03-29 01:04:54,536.19
2022-03-29 01:04:59,536.07
2022-03-29 01:05:04,536.0
2022-03-29 01:05:09,535.94
2022-03-29 01:05:14,535.94
2022-03-29 01:05:19,535.9
2022-03-29 01:05:24,535.84
2022-03-29 01:05:29,535.9
2022-03-29 01:05:34,535.78
2022-03-29 01:05:39,535.77
2022-03-29 01:05:44,535.71
2022-03-29 01:05:49,535.68
2022-03-29 01:05:54,535.61
2022-03-29 01:05:59,540.7749721521832
2022-03-29 01:06:04,535.48
2022-03-29 01:06:09,535.49
2022-03-29 01:06:14,535.42
2022-03-29 01:06:19,535.39
2022-03-29 01:06:24,535.32
2022-03-29 01:06:29,535.32
2022-03-29 01:06:34,535.2
2022-03-29 01:06:39,535.26
2022-03-29 01:06:44,535.16
2022-03-29 01:06:49,535.1
2022-03-29 01:06:54,535.1
2022-03-29 01:06:59,535.1
2022-03-29 01:07:04,534.97
2022-03-29 01:07:09,534.97
2022-03-29 01:07:14,534.97
2022-03-29 01:07:19,540.4079435947533
2022-03-29 01:07:24,534.88
2022-03-29 01:07:29,534.88
2022-03-29 01:07:34,534.88
2022-03-29 01:07:39,534.81
2022-03-29 01:07:44,534.81
2022-03-29 01:07:49,540.258323194678
2022-03-29 01:07:54,534.75
2022-03-29 01:07:59,534.69
2022-03-29 01:08:04,534.66
2022-03-29 01:08:09,534.66
2022-03-29 01:08:14,534.59
2022-03-29 01:08:19,540.1016499747853
2022-03-29 01:08:24,534.59
2022-03-29 01:08:29,534.53
2022-03-29 01:08:34,534.47
2022-03-29 01:08:39,539.9931192090488
2022-03-29 01:08:44,534.47
2022-03-29 01:08:49,534.4
2022-03-29 01:08:54,534.37
2022-03-29 01:08:59,534.37
2022-03-29 01:09:04,534.37
2022-03-29 01:09:09,534.37
2022-03-29 01:09:14,534.38
2022-03-29 01:09:19,539.765818949682
2022-03-29 01:09:24,534.31
2022-03-29 01:09:29,534.25
2022-03-29 01:09:34,534.25
2022-03-29 01:09:39,534.25
2022-03-29 01:09:44,534.18
2022-03-29 01:09:49,534.19
2022-03-29 01:09:54,534.25
2022-03-29 01:09:59,534.18
2022-03-29 01:10:04,534.15
2022-03-29 01:10:09,534.15
2022-03-29 01:10:14,534.15
2022-03-29 01:10:19,534.09
2022-03-29 01:10:24,534.09
2022-03-29 01:10:29,534.09
2022-03-29 01:10:34,539.3004526525843
2022-03-29 01:10:39,534.03
2022-03-29 01:10:44,534.09
2022-03-29 01:10:49,533.97
2022-03-29 01:10:54,533.96
2022-03-29 01:10:59,533.97
2022-03-29 01:11:04,539.0990627987339
2022-03-29 01:11:09,533.97
2022-03-29 01:11:14,533.97
2022-03-29 01:11:19,533.9
2022-03-29 01:11:24,533.9
2022-03-29 01:11:29,533.9
2022-03-29 01:11:34,533.9
2022-03-29 01:11:39,533.87
2022-03-29 01:11:44,533.87
2022-03-29 01:11:49,533.87
2022-03-29 01:11:54,533.87
2022-03-29 01:11:59,533.87
2022-03-29 01:12:04,533.8
2022-03-29 01:12:09,533.81
2022-03-29 01:12:14,533.87
2022-03-29 01:12:19,533.87
2022-03-29 01:12:24,533.87
2022-03-29 01:12:29,533.9
2022-03-29 01:12:34,533.9
2022-03-29 01:12:39,533.9
2022-03-29 01:12:44,533.9
2022-03-29 01:12:49,533.9
2022-03-29 01:12:54,533.9
2022-03-29 01:12:59,533.9
2022-03-29 01:13:04,533.9
2022-03-29 01:13:09,533.9
2022-03-29 01:13:14,533.87
2022-03-29 01:13:19,533.86
2022-03-29 01:13:24,533.86
2022-03-29 01:13:29,533.86
2022-03-29 01:13:34,533.8
2022-03-29 01:13:39,537.904528203527
2022-03-29 01:13:44,533.8
2022-03-29 01:13:49,533.73
2022-03-29 01:13:54,533.67
2022-03-29 01:13:59,533.67
2022-03-29 01:14:04,533.67
2022-03-29 01:14:09,533.63
2022-03-29 01:14:14,533.63
2022-03-29 01:14:19,537.5508371165506
2022-03-29 01:14:24,533.57
2022-03-29 01:14:29,533.5
2022-03-29 01:14:34,533.44
2022-03-29 01:14:39,537.3668234375148
2022-03-29 01:14:44,533.37
2022-03-29 01:14:49,533.37
2022-03-29 01:14:54,533.34
2022-03-29 01:14:59,533.27
2022-03-29 01:15:04,533.21
2022-03-29 01:15:09,533.21
2022-03-29 01:15:14,533.14
2022-03-29 01:15:19,533.11
2022-03-29 01:15:24,533.04
2022-03-29 01:15:29,533.04
2022-03-29 01:15:34,532.97
2022-03-29 01:15:39,532.97
2022-03-29 01:15:44,532.91
2022-03-29 01:15:49,532.84
2022-03-29 01:15:54,532.84
2022-03-29 01:15:59,536.5876220636937
2022-03-29 01:16:04,532.75
2022-03-29 01:16:09,536.4857897783197
2022-03-29 01:16:14,532.68
2022-03-29 01:16:19,536.3830578081642
2022-03-29 01:16:24,532.68
2022-03-29 01:16:29,532.61
2022-03-29 01:16:34,532.61
2022-03-29 01:16:39,532.61
2022-03-29 01:16:44,532.61
2022-03-29 01:16:49,532.58
2022-03-29 01:16:54,532.52
2022-03-29 01:16:59,532.52
2022-03-29 01:17:04,532.58
2022-03-29 01:17:09,532.52
2022-03-29 01:17:14,532.52
2022-03-29 01:17:19,532.45
2022-03-29 01:17:24,535.6951360314481
2022-03-29 01:17:29,532.45
2022-03-29 01:17:34,532.39
2022-03-29 01:17:39,532.39
2022-03-29 01:17:44,532.45
2022-03-29 01:17:49,532.39
2022-03-29 01:17:54,532.39
2022-03-29 01:17:59,532.39
2022-03-29 01:18:04,535.2564858062644
2022-03-29 01:18:09,532.39
2022-03-29 01:18:14,532.32
2022-03-29 01:18:19,532.32
2022-03-29 01:18:24,532.32
2022-03-29 01:18:29,532.29
2022-03-29 01:18:34,532.29
2022-03-29 01:18:39,532.29
2022-03-29 01:18:44,532.23
2022-03-29 01:18:49,532.23
2022-03-29 01:18:54,532.23
2022-03-29 01:18:59,532.23
2022-03-29 01:19:04,532.23
2022-03-29 01:19:09,532.23
2022-03-29 01:19:14,532.23
2022-03-29 01:19:19,534.4091846895546
2022-03-29 01:19:24,532.16
2022-03-29 01:19:29,532.16
2022-03-29 01:19:34,532.16
2022-03-29 01:19:39,532.17
2022-03-29 01:19:44,534.1210448327516
2022-03-29 01:19:49,534.0631416104397
2022-03-29 01:19:54,532.17
2022-03-29 01:19:59,532.23
2022-03-29 01:20:04,532.17
2022-03-29 01:20:09,532.17
2022-03-29 01:20:14,532.17
2022-03-29 01:20:19,532.17
2022-03-29 01:20:24,532.17
2022-03-29 01:20:29,532.3
2022-03-29 01:20:34,533.5386029681052
2022-03-29 01:20:39,532.3
2022-03-29 01:20:44,532.33
2022-03-29 01:20:49,532.3
2022-03-29 01:20:54,532.34
2022-03-29 01:20:59,532.4
2022-03-29 01:21:04,533.1862679626139
2022-03-29 01:21:09,532.47
2022-03-29 01:21:14,532.53
2022-03-29 01:21:19,532.6
2022-03-29 01:21:24,532.6
2022-03-29 01:21:29,532.63
2022-03-29 01:21:34,532.69
2022-03-29 01:21:39,532.7
2022-03-29 01:21:44,532.76
2022-03-29 01:21:49,532.82
2022-03-29 01:21:54,532.83
2022-03-29 01:21:59,532.86
2022-03-29 01:22:04,532.93
2022-03-29 01:22:09,532.99
2022-03-29 01:22:14,533.06
2022-03-29 01:22:19,533.12
2022-03-29 01:22:24,533.12
2022-03-29 01:22:29,533.15
2022-03-29 01:22:34,533.22
2022-03-29 01:22:39,533.28
2022-03-29 01:22:44,533.35
2022-03-29 01:22:49,533.35
2022-03-29 01:22:54,533.35
2022-03-29 01:22:59,533.38
2022-03-29 01:23:04,533.45
2022-03-29 01:23:09,533.51
2022-03-29 01:23:14,533.51
2022-03-29 01:23:19,533.51
2022-03-29 01:23:24,533.57
2022-03-29 01:23:29,533.64
2022-03-29 01:23:34,533.64
2022-03-29 01:23:39,533.64
2022-03-29 01:23:44,533.67
2022-03-29 01:23:49,531.2435436341796
2022-03-29 01:23:54,533.74
2022-03-29 01:23:59,533.67
2022-03-29 01:24:04,533.74
2022-03-29 01:24:09,533.74
2022-03-29 01:24:14,533.74
2022-03-29 01:24:19,533.8
2022-03-29 01:24:24,533.87
2022-03-29 01:24:29,533.8
2022-03-29 01:24:34,530.7219409212215
2022-03-29 01:24:39,533.87
2022-03-29 01:24:44,533.86
2022-03-29 01:24:49,530.5497202208408
2022-03-29 01:24:54,533.86
2022-03-29 01:24:59,533.86
2022-03-29 01:25:04,533.9
2022-03-29 01:25:09,533.9
2022-03-29 01:25:14,533.86
2022-03-29 01:25:19,533.86
2022-03-29 01:25:24,533.86
2022-03-29 01:25:29,533.86
2022-03-29 01:25:34,530.0392068577219
2022-03-29 01:25:39,533.86
2022-03-29 01:25:44,533.8
2022-03-29 01:25:49,533.79
2022-03-29 01:25:54,529.8157157258448
2022-03-29 01:25:59,533.79
2022-03-29 01:26:04,533.79
2022-03-29 01:26:09,533.79
2022-03-29 01:26:14,533.73
2022-03-29 01:26:19,533.66
2022-03-29 01:26:24,533.66
2022-03-29 01:26:29,533.63
2022-03-29 01:26:34,533.56
2022-03-29 01:26:39,533.56
2022-03-29 01:26:44,533.5
2022-03-29 01:26:49,533.43
2022-03-29 01:26:54,533.43
2022-03-29 01:26:59,533.37
2022-03-29 01:27:04,533.33
2022-03-29 01:27:09,533.27
2022-03-29 01:27:14,533.27
2022-03-29 01:27:19,533.2
2022-03-29 01:27:24,528.8424653106962
2022-03-29 01:27:29,533.1
2022-03-29 01:27:34,533.04
2022-03-29 01:27:39,532.97
2022-03-29 01:27:44,528.6346194823851
2022-03-29 01:27:49,532.84
2022-03-29 01:27:54,532.84
2022-03-29 01:27:59,528.4810269617709
2022-03-29 01:28:04,532.74
2022-03-29 01:28:09,528.3797706122241
2022-03-29 01:28:14,532.61
2022-03-29 01:28:19,532.58
2022-03-29 01:28:24,532.51
2022-03-29 01:28:29,532.45
2022-03-29 01:28:34,532.38
2022-03-29 01:28:39,528.0816307452371
2022-03-29 01:28:44,532.29
2022-03-29 01:28:49,532.22
2022-03-29 01:28:54,532.16
2022-03-29 01:28:59,532.09
2022-03-29 01:29:04,532.16
2022-03-29 01:29:09,527.7921465229656
2022-03-29 01:29:14,532.06
2022-03-29 01:29:19,532.06
2022-03-29 01:29:24,532.06
2022-03-29 01:29:29,532.06
2022-03-29 01:29:34,532.06
2022-03-29 01:29:39,532.06
2022-03-29 01:29:44,532.06
2022-03-29 01:29:49,532.06
2022-03-29 01:29:54,532.06
2022-03-29 01:29:59,532.09
2022-03-29 01:30:04,532.06
2022-03-29 01:30:09,532.09
2022-03-29 01:30:14,532.09
2022-03-29 01:30:19,532.09
2022-03-29 01:30:24,532.16
2022-03-29 01:30:29,527.0645707828573
2022-03-29 01:30:34,532.16
2022-03-29 01:30:39,532.22
2022-03-29 01:30:44,532.22
2022-03-29 01:30:49,532.28
2022-03-29 01:30:54,532.28
2022-03-29 01:30:59,532.28
2022-03-29 01:31:04,532.32
2022-03-29 01:31:09,532.38
2022-03-29 01:31:14,532.45
2022-03-29 01:31:19,532.51
2022-03-29 01:31:24,526.6038641042535
2022-03-29 01:31:29,532.51
2022-03-29 01:31:34,532.61
2022-03-29 01:31:39,532.61
2022-03-29 01:31:44,526.4447043667196
2022-03-29 01:31:49,532.67
2022-03-29 01:31:54,532.74
2022-03-29 01:31:59,532.8
2022-03-29 01:32:04,532.8
2022-03-29 01:32:09,526.2522207969575
2022-03-29 01:32:14,532.84
2022-03-29 01:32:19,532.84
2022-03-29 01:32:24,532.84
2022-03-29 01:32:29,532.84
2022-03-29 01:32:34,526.0670684968412
2022-03-29 01:32:39,532.9
2022-03-29 01:32:44,532.97
2022-03-29 01:32:49,532.97
2022-03-29 01:32:54,525.9243308033142
2022-03-29 01:32:59,532.97
2022-03-29 01:33:04,532.97
2022-03-29 01:33:09,533.04
2022-03-29 01:33:14,533.04
2022-03-29 01:33:19,532.97
2022-03-29 01:33:24,533.04
2022-03-29 01:33:29,533.03
2022-03-29 01:33:34,533.1
2022-03-29 01:33:39,533.1
2022-03-29 01:33:44,533.1
2022-03-29 01:33:49,533.1
2022-03-29 01:33:54,533.13
2022-03-29 01:33:59,533.27
2022-03-29 01:34:04,533.27
2022-03-29 01:34:09,525.4331225290875
2022-03-29 01:34:14,533.37
2022-03-29 01:34:19,533.43
2022-03-29 01:34:24,533.43
2022-03-29 01:34:29,525.3142488364233
2022-03-29 01:34:34,533.63
2022-03-29 01:34:39,533.62
2022-03-29 01:34:44,533.66
2022-03-29 01:34:49,533.72
2022-03-29 01:34:54,533.79
2022-03-29 01:34:59,533.79
2022-03-29 01:35:04,533.85
2022-03-29 01:35:09,533.89
2022-03-29 01:35:14,533.95
2022-03-29 01:35:19,534.01
2022-03-29 01:35:24,525.0146863372978
2022-03-29 01:35:29,534.08
2022-03-29 01:35:34,534.18
2022-03-29 01:35:39,534.18
2022-03-29 01:35:44,524.9159353247103
2022-03-29 01:35:49,534.3
2022-03-29 01:35:54,534.37
2022-03-29 01:35:59,534.4
2022-03-29 01:36:04,534.53
2022-03-29 01:36:09,534.53
2022-03-29 01:36:14,534.66
2022-03-29 01:36:19,534.69
2022-03-29 01:36:24,534.75
2022-03-29 01:36:29,534.88
2022-03-29 01:36:34,534.92
2022-03-29 01:36:39,534.98
2022-03-29 01:36:44,535.11
2022-03-29 01:36:49,535.17
2022-03-29 01:36:54,524.6145978329155
2022-03-29 01:36:59,535.33
2022-03-29 01:37:04,535.43
2022-03-29 01:37:09,535.56
2022-03-29 01:37:14,535.62
2022-03-29 01:37:19,535.72
2022-03-29 01:37:24,535.78
2022-03-29 01:37:29,535.85
2022-03-29 01:37:34,535.94
2022-03-29 01:37:39,536.07
2022-03-29 01:37:44,536.2
2022-03-29 01:37:49,536.3
2022-03-29 01:37:54,536.36
2022-03-29 01:37:59,536.45
2022-03-29 01:38:04,536.58
2022-03-29 01:38:09,536.71
2022-03-29 01:38:14,536.74
2022-03-29 01:38:19,536.87
2022-03-29 01:38:24,536.94
2022-03-29 01:38:29,537.03
2022-03-29 01:38:34,537.16
2022-03-29 01:38:39,537.22
2022-03-29 01:38:44,524.2869076907978
2022-03-29 01:38:49,537.38
2022-03-29 01:38:54,537.45
2022-03-29 01:38:59,537.48
2022-03-29 01:39:04,537.54
2022-03-29 01:39:09,537.6
2022-03-29 01:39:14,537.67
2022-03-29 01:39:19,537.76
2022-03-29 01:39:24,524.2141548904863
2022-03-29 01:39:29,524.2068595374636
2022-03-29 01:39:34,537.89
2022-03-29 01:39:39,537.95
2022-03-29 01:39:44,537.99
2022-03-29 01:39:49,538.05
2022-03-29 01:39:54,538.12
2022-03-29 01:39:59,538.18
2022-03-29 01:40:04,538.17
2022-03-29 01:40:09,538.24
2022-03-29 01:40:14,538.27
2022-03-29 01:40:19,524.1563287321991
2022-03-29 01:40:24,538.33
2022-03-29 01:40:29,538.4
2022-03-29 01:40:34,538.46
2022-03-29 01:40:39,524.1477076695627
2022-03-29 01:40:44,524.1466030568951
2022-03-29 01:40:49,524.1459212204816
2022-03-29 01:40:54,524.1456634178512
2022-03-29 01:40:59,538.62
2022-03-29 01:41:04,538.68
2022-03-29 01:41:09,538.75
2022-03-29 01:41:14,538.75
2022-03-29 01:41:19,538.85
2022-03-29 01:41:24,538.85
2022-03-29 01:41:29,538.91
2022-03-29 01:41:34,538.91
2022-03-29 01:41:39,538.91
2022-03-29 01:41:44,538.91
2022-03-29 01:41:49,538.91
2022-03-29 01:41:54,538.97
2022-03-29 01:41:59,538.97
2022-03-29 01:42:04,538.97
2022-03-29 01:42:09,538.91
2022-03-29 01:42:14,538.97
2022-03-29 01:42:19,538.91
2022-03-29 01:42:24,538.91
2022-03-29 01:42:29,538.91
2022-03-29 01:42:34,538.84
2022-03-29 01:42:39,538.91
2022-03-29 01:42:44,538.84
2022-03-29 01:42:49,538.84
2022-03-29 01:42:54,538.78
2022-03-29 01:42:59,524.279773120056
2022-03-29 01:43:04,538.78
2022-03-29 01:43:09,538.75
2022-03-29 01:43:14,538.75
2022-03-29 01:43:19,538.68
2022-03-29 01:43:24,538.62
2022-03-29 01:43:29,538.62
2022-03-29 01:43:34,538.55
2022-03-29 01:43:39,538.56
2022-03-29 01:43:44,538.49
2022-03-29 01:43:49,538.49
2022-03-29 01:43:54,538.46
2022-03-29 01:43:59,538.46
2022-03-29 01:44:04,538.39
2022-03-29 01:44:09,538.33
2022-03-29 01:44:14,538.33
2022-03-29 01:44:19,538.27
2022-03-29 01:44:24,538.27
2022-03-29 01:44:29,538.24
2022-03-29 01:44:34,538.24
2022-03-29 01:44:39,538.24
2022-03-29 01:44:44,524.5871575249225
2022-03-29 01:44:49,538.11
2022-03-29 01:44:54,538.11
2022-03-29 01:44:59,537.98
2022-03-29 01:45:04,538.05
2022-03-29 01:45:09,537.95
2022-03-29 01:45:14,537.95
2022-03-29 01:45:19,537.95
2022-03-29 01:45:24,537.89
2022-03-29 01:45:29,537.83
2022-03-29 01:45:34,537.83
2022-03-29 01:45:39,537.73
2022-03-29 01:45:44,524.8281712072164
2022-03-29 01:45:49,537.67
2022-03-29 01:45:54,524.8723027859845
2022-03-29 01:45:59,537.6
2022-03-29 01:46:04,537.54
2022-03-29 01:46:09,537.48
2022-03-29 01:46:14,537.45
2022-03-29 01:46:19,537.38
2022-03-29 01:46:24,537.32
2022-03-29 01:46:29,537.32
2022-03-29 01:46:34,525.0589670943347
2022-03-29 01:46:39,537.16
2022-03-29 01:46:44,525.1080062408822
2022-03-29 01:46:49,537.03
2022-03-29 01:46:54,536.97
2022-03-29 01:46:59,536.87
2022-03-29 01:47:04,536.81
2022-03-29 01:47:09,536.74
2022-03-29 01:47:14,536.71
2022-03-29 01:47:19,536.65
2022-03-29 01:47:24,536.58
2022-03-29 01:47:29,536.52
2022-03-29 01:47:34,536.46
2022-03-29 01:47:39,525.39266911493
2022-03-29 01:47:44,536.36
2022-03-29 01:47:49,536.3
2022-03-29 01:47:54,525.4742426382174
2022-03-29 01:47:59,536.2
2022-03-29 01:48:04,536.13
2022-03-29 01:48:09,536.07
2022-03-29 01:48:14,525.5852937979973
2022-03-29 01:48:19,535.94
2022-03-29 01:48:24,535.91
2022-03-29 01:48:29,535.85
2022-03-29 01:48:34,535.72
2022-03-29 01:48:39,525.727419203962
2022-03-29 01:48:44,535.56
2022-03-29 01:48:49,535.5
2022-03-29 01:48:54,535.43
2022-03-29 01:48:59,535.4
2022-03-29 01:49:04,535.27
2022-03-29 01:49:09,525.9021605995597
2022-03-29 01:49:14,535.2
2022-03-29 01:49:19,535.11
2022-03-29 01:49:24,535.04
2022-03-29 01:49:29,534.98
2022-03-29 01:49:34,534.91
2022-03-29 01:49:39,526.0806506080912
2022-03-29 01:49:44,534.81
2022-03-29 01:49:49,534.75
2022-03-29 01:49:54,534.65
2022-03-29 01:49:59,526.201296032895
2022-03-29 01:50:04,534.59
2022-03-29 01:50:09,534.52
2022-03-29 01:50:14,534.46
2022-03-29 01:50:19,534.39
2022-03-29 01:50:24,534.36
2022-03-29 01:50:29,534.3
2022-03-29 01:50:34,534.3
2022-03-29 01:50:39,534.17
2022-03-29 01:50:44,534.17
2022-03-29 01:50:49,534.17
2022-03-29 01:50:54,534.07
2022-03-29 01:50:59,534.07
2022-03-29 01:51:04,526.5991025087417
2022-03-29 01:51:09,534.0
2022-03-29 01:51:14,533.94
2022-03-29 01:51:19,533.94
2022-03-29 01:51:24,533.94
2022-03-29 01:51:29,533.84
2022-03-29 01:51:34,533.84
2022-03-29 01:51:39,526.8146624547495
2022-03-29 01:51:44,533.84
2022-03-29 01:51:49,533.77
2022-03-29 01:51:54,533.71
2022-03-29 01:51:59,533.71
2022-03-29 01:52:04,533.71
2022-03-29 01:52:09,533.64
2022-03-29 01:52:14,527.0293921688929
2022-03-29 01:52:19,533.61
2022-03-29 01:52:24,533.61
2022-03-29 01:52:29,533.61
2022-03-29 01:52:34,533.61
2022-03-29 01:52:39,533.61
2022-03-29 01:52:44,533.54
2022-03-29 01:52:49,527.2419073987028
2022-03-29 01:52:54,533.54
2022-03-29 01:52:59,533.54
2022-03-29 01:53:04,533.54
2022-03-29 01:53:09,533.6
2022-03-29 01:53:14,527.3915813976078
2022-03-29 01:53:19,533.6
2022-03-29 01:53:24,533.6
2022-03-29 01:53:29,533.6
2022-03-29 01:53:34,533.6
2022-03-29 01:53:39,533.63
2022-03-29 01:53:44,533.6
2022-03-29 01:53:49,533.63
2022-03-29 01:53:54,527.6259815831263
2022-03-29 01:53:59,533.7
2022-03-29 01:54:04,527.6834032640606
2022-03-29 01:54:09,533.76
2022-03-29 01:54:14,533.76
2022-03-29 01:54:19,533.82
2022-03-29 01:54:24,533.85
2022-03-29 01:54:29,533.85
2022-03-29 01:54:34,533.85
2022-03-29 01:54:39,533.92
2022-03-29 01:54:44,533.92
2022-03-29 01:54:49,533.92
2022-03-29 01:54:54,534.05
2022-03-29 01:54:59,534.05
2022-03-29 01:55:04,534.05
2022-03-29 01:55:09,534.11
2022-03-29 01:55:14,534.14
2022-03-29 01:55:19,534.15
2022-03-29 01:55:24,534.21
2022-03-29 01:55:29,534.21
2022-03-29 01:55:34,534.34
2022-03-29 01:55:39,534.34
2022-03-29 01:55:44,534.37
2022-03-29 01:55:49,534.37
2022-03-29 01:55:54,534.5
2022-03-29 01:55:59,534.5
2022-03-29 01:56:04,534.57
2022-03-29 01:56:09,534.63
2022-03-29 01:56:14,534.66
2022-03-29 01:56:19,534.66
2022-03-29 01:56:24,534.73
2022-03-29 01:56:29,534.79
2022-03-29 01:56:34,534.79
2022-03-29 01:56:39,534.89
2022-03-29 01:56:44,534.95
2022-03-29 01:56:49,535.02
2022-03-29 01:56:54,535.09
2022-03-29 01:56:59,535.15
2022-03-29 01:57:04,535.18
2022-03-29 01:57:09,535.25
2022-03-29 01:57:14,528.6371415721266
2022-03-29 01:57:19,528.6579355235609
2022-03-29 01:57:24,535.38
2022-03-29 01:57:29,535.41
2022-03-29 01:57:34,535.48
2022-03-29 01:57:39,535.54
2022-03-29 01:57:44,535.54
2022-03-29 01:57:49,535.67
2022-03-29 01:57:54,535.61
2022-03-29 01:57:59,535.7
2022-03-29 01:58:04,535.7
2022-03-29 01:58:09,535.77
2022-03-29 01:58:14,535.77
2022-03-29 01:58:19,535.77
2022-03-29 01:58:24,535.84
2022-03-29 01:58:29,535.84
2022-03-29 01:58:34,535.84
2022-03-29 01:58:39,535.9
2022-03-29 01:58:44,535.9
2022-03-29 01:58:49,535.9
2022-03-29 01:58:54,535.91
2022-03-29 01:58:59,535.94
2022-03-29 01:59:04,535.91
2022-03-29 01:59:09,535.94
2022-03-29 01:59:14,535.91
2022-03-29 01:59:19,535.94
2022-03-29 01:59:24,535.94
2022-03-29 01:59:29,536.01
2022-03-29 01:59:34,535.94
2022-03-29 01:59:39,529.148054119258
2022-03-29 01:59:44,536.01
2022-03-29 01:59:49,536.01
2022-03-29 01:59:54,535.95
2022-03-29 01:59:59,535.95
2022-03-29 02:00:04,536.01
2022-03-29 02:00:09,536.01
2022-03-29 02:00:14,536.01
2022-03-29 02:00:19,535.95
2022-03-29 02:00:24,535.95
2022-03-29 02:00:29,535.95
2022-03-29 02:00:34,535.95
2022-03-29 02:00:39,535.95
2022-03-29 02:00:44,529.3170825600248
2022-03-29 02:00:49,535.85
2022-03-29 02:00:54,535.85
2022-03-29 02:00:59,535.79
2022-03-29 02:01:04,529.3618891488122
2022-03-29 02:01:09,535.73
2022-03-29 02:01:14,535.7
2022-03-29 02:01:19,535.63
2022-03-29 02:01:24,529.4033646037396
2022-03-29 02:01:29,535.56
2022-03-29 02:01:34,535.5
2022-03-29 02:01:39,535.5
2022-03-29 02:01:44,529.4415421356349
2022-03-29 02:01:49,535.4
2022-03-29 02:01:54,535.4
2022-03-29 02:01:59,535.34
2022-03-29 02:02:04,535.27
2022-03-29 02:02:09,535.21
2022-03-29 02:02:14,529.4926974764777
2022-03-29 02:02:19,535.11
2022-03-29 02:02:24,529.5081362736391
2022-03-29 02:02:29,529.5155555730213
2022-03-29 02:02:34,534.92
2022-03-29 02:02:39,529.5297965679842
2022-03-29 02:02:44,534.88
2022-03-29 02:02:49,534.76
2022-03-29 02:02:54,534.69
2022-03-29 02:02:59,534.69
2022-03-29 02:03:04,534.6
2022-03-29 02:03:09,534.53
2022-03-29 02:03:14,534.53
2022-03-29 02:03:19,534.46
2022-03-29 02:03:24,534.37
2022-03-29 02:03:29,534.37
2022-03-29 02:03:34,529.5940522957181
2022-03-29 02:03:39,534.23
2022-03-29 02:03:44,534.17
2022-03-29 02:03:49,534.14
2022-03-29 02:03:54,534.07
2022-03-29 02:03:59,534.07
2022-03-29 02:04:04,534.01
2022-03-29 02:04:09,533.94
2022-03-29 02:04:14,533.88
2022-03-29 02:04:19,533.78
2022-03-29 02:04:24,533.78
2022-03-29 02:04:29,529.6350000002683
2022-03-29 02:04:34,533.65
2022-03-29 02:04:39,533.65
2022-03-29 02:04:44,533.62
2022-03-29 02:04:49,533.55
2022-03-29 02:04:54,533.48
2022-03-29 02:04:59,533.42
2022-03-29 02:05:04,529.6492380698999
2022-03-29 02:05:09,533.42
2022-03-29 02:05:14,533.35
2022-03-29 02:05:19,533.35
2022-03-29 02:05:24,533.35
2022-03-29 02:05:29,533.32
2022-03-29 02:05:34,533.32
2022-03-29 02:05:39,529.6544950400023
2022-03-29 02:05:44,533.19
2022-03-29 02:05:49,533.19
2022-03-29 02:05:54,533.19
2022-03-29 02:05:59,533.19
2022-03-29 02:06:04,533.12
2022-03-29 02:06:09,533.19
2022-03-29 02:06:14,529.6509488998552
2022-03-29 02:06:19,533.12
2022-03-29 02:06:24,533.12
2022-03-29 02:06:29,533.12
2022-03-29 02:06:34,533.12
2022-03-29 02:06:39,533.18
2022-03-29 02:06:44,533.18
2022-03-29 02:06:49,533.18
2022-03-29 02:06:54,533.18
2022-03-29 02:06:59,533.18
2022-03-29 02:07:04,533.18
2022-03-29 02:07:09,533.25
2022-03-29 02:07:14,533.25
2022-03-29 02:07:19,533.25
2022-03-29 02:07:24,533.31
2022-03-29 02:07:29,533.25
2022-03-29 02:07:34,529.6107416706938
2022-03-29 02:07:39,533.31
2022-03-29 02:07:44,533.31
2022-03-29 02:07:49,533.34
2022-03-29 02:07:54,533.34
2022-03-29 02:07:59,533.34
2022-03-29 02:08:04,529.5844802663167
2022-03-29 02:08:09,529.5795242152665
2022-03-29 02:08:14,533.48
2022-03-29 02:08:19,533.48
2022-03-29 02:08:24,533.54
2022-03-29 02:08:29,533.6
2022-03-29 02:08:34,533.6
2022-03-29 02:08:39,533.64
2022-03-29 02:08:44,533.77
2022-03-29 02:08:49,533.77
2022-03-29 02:08:54,533.83
2022-03-29 02:08:59,533.83
2022-03-29 02:09:04,533.83
2022-03-29 02:09:09,533.93
2022-03-29 02:09:14,533.93
2022-03-29 02:09:19,529.4931463965371
2022-03-29 02:09:24,534.06
2022-03-29 02:09:29,529.4782643314445
2022-03-29 02:09:34,534.16
2022-03-29 02:09:39,534.16
2022-03-29 02:09:44,534.16
2022-03-29 02:09:49,534.29
2022-03-29 02:09:54,534.29
2022-03-29 02:09:59,534.29
2022-03-29 02:10:04,529.4212971184694
2022-03-29 02:10:09,534.35
2022-03-29 02:10:14,529.4036436147665
2022-03-29 02:10:19,534.45
2022-03-29 02:10:24,534.45
2022-03-29 02:10:29,534.52
2022-03-29 02:10:34,529.3665377809107
2022-03-29 02:10:39,534.58
2022-03-29 02:10:44,534.65
2022-03-29 02:10:49,534.65
2022-03-29 02:10:54,534.65
2022-03-29 02:10:59,534.65
2022-03-29 02:11:04,529.3066593155731
2022-03-29 02:11:09,534.75
2022-03-29 02:11:14,534.75
2022-03-29 02:11:19,534.81
2022-03-29 02:11:24,529.2641753770047
2022-03-29 02:11:29,534.82
2022-03-29 02:11:34,534.88
2022-03-29 02:11:39,534.88
2022-03-29 02:11:44,534.92
2022-03-29 02:11:49,534.92
2022-03-29 02:11:54,534.92
2022-03-29 02:11:59,534.92
2022-03-29 02:12:04,534.98
2022-03-29 02:12:09,534.92
2022-03-29 02:12:14,534.98
2022-03-29 02:12:19,529.1383014429354
2022-03-29 02:12:24,534.92
2022-03-29 02:12:29,534.92
2022-03-29 02:12:34,534.92
2022-03-29 02:12:39,534.92
2022-03-29 02:12:44,534.92
2022-03-29 02:12:49,534.92
2022-03-29 02:12:54,534.92
2022-03-29 02:12:59,534.92
2022-03-29 02:13:04,534.89
2022-03-29 02:13:09,534.89
2022-03-29 02:13:14,534.89
2022-03-29 02:13:19,528.9891641096215
2022-03-29 02:13:24,534.82
2022-03-29 02:13:29,534.83
2022-03-29 02:13:34,534.82
2022-03-29 02:13:39,528.9374774081097
2022-03-29 02:13:44,534.76
2022-03-29 02:13:49,534.76
2022-03-29 02:13:54,534.76
2022-03-29 02:13:59,534.69
2022-03-29 02:14:04,534.69
2022-03-29 02:14:09,534.69
2022-03-29 02:14:14,534.69
2022-03-29 02:14:19,534.66
2022-03-29 02:14:24,534.66
2022-03-29 02:14:29,534.66
2022-03-29 02:14:34,534.66
2022-03-29 02:14:39,534.66
2022-03-29 02:14:44,534.6
2022-03-29 02:14:49,534.6
2022-03-29 02:14:54,534.59
2022-03-29 02:14:59,528.7254026374593
2022-03-29 02:15:04,534.53
2022-03-29 02:15:09,534.47
2022-03-29 02:15:14,534.4
2022-03-29 02:15:19,528.6719038262897
2022-03-29 02:15:24,528.6585457028757
2022-03-29 02:15:29,534.37
2022-03-29 02:15:34,534.36
2022-03-29 02:15:39,528.6185537167746
2022-03-29 02:15:44,534.23
2022-03-29 02:15:49,534.23
2022-03-29 02:15:54,534.17
2022-03-29 02:15:59,534.17
2022-03-29 02:16:04,534.14
2022-03-29 02:16:09,534.14
2022-03-29 02:16:14,534.07
2022-03-29 02:16:19,534.01
2022-03-29 02:16:24,533.94
2022-03-29 02:16:29,533.94
2022-03-29 02:16:34,533.88
2022-03-29 02:16:39,533.84
2022-03-29 02:16:44,533.84
2022-03-29 02:16:49,533.71
2022-03-29 02:16:54,533.65
2022-03-29 02:16:59,533.62
2022-03-29 02:17:04,533.55
2022-03-29 02:17:09,533.55
2022-03-29 02:17:14,533.42
2022-03-29 02:17:19,533.35
2022-03-29 02:17:24,533.35
2022-03-29 02:17:29,533.32
2022-03-29 02:17:34,533.25
2022-03-29 02:17:39,533.25
2022-03-29 02:17:44,533.19
2022-03-29 02:17:49,533.12
2022-03-29 02:17:54,533.12
2022-03-29 02:17:59,528.2635780569135
2022-03-29 02:18:04,533.09
2022-03-29 02:18:09,533.02
2022-03-29 02:18:14,533.02
2022-03-29 02:18:19,532.96
2022-03-29 02:18:24,532.96
2022-03-29 02:18:29,532.96
2022-03-29 02:18:34,532.96
2022-03-29 02:18:39,528.1732061028401
2022-03-29 02:18:44,532.83
2022-03-29 02:18:49,532.83
2022-03-29 02:18:54,532.83
2022-03-29 02:18:59,532.83
2022-03-29 02:19:04,532.8
2022-03-29 02:19:09,532.8
2022-03-29 02:19:14,532.79
2022-03-29 02:19:19,532.73
2022-03-29 02:19:24,532.67
2022-03-29 02:19:29,532.73
2022-03-29 02:19:34,532.66
2022-03-29 02:19:39,532.6
2022-03-29 02:19:44,528.0427609936525
2022-03-29 02:19:49,532.6
2022-03-29 02:19:54,532.6
2022-03-29 02:19:59,532.6
2022-03-29 02:20:04,532.57
2022-03-29 02:20:09,532.57
2022-03-29 02:20:14,532.57
2022-03-29 02:20:19,532.57
2022-03-29 02:20:24,532.57
2022-03-29 02:20:29,532.5
2022-03-29 02:20:34,532.5
2022-03-29 02:20:39,532.5
2022-03-29 02:20:44,532.5
2022-03-29 02:20:49,532.51
2022-03-29 02:20:54,532.44
2022-03-29 02:20:59,532.44
2022-03-29 02:21:04,532.38
2022-03-29 02:21:09,532.44
2022-03-29 02:21:14,532.31
2022-03-29 02:21:19,532.31
2022-03-29 02:21:24,532.31
2022-03-29 02:21:29,532.28
2022-03-29 02:21:34,532.28
2022-03-29 02:21:39,532.22
2022-03-29 02:21:44,532.22
2022-03-29 02:21:49,532.16
2022-03-29 02:21:54,532.16
2022-03-29 02:21:59,532.16
2022-03-29 02:22:04,527.8557636689678
2022-03-29 02:22:09,532.09
2022-03-29 02:22:14,532.09
2022-03-29 02:22:19,532.09
2022-03-29 02:22:24,532.06
2022-03-29 02:22:29,532.06
2022-03-29 02:22:34,532.0
2022-03-29 02:22:39,532.0
2022-03-29 02:22:44,532.0
2022-03-29 02:22:49,532.0
2022-03-29 02:22:54,531.87
2022-03-29 02:22:59,531.87
2022-03-29 02:23:04,531.81
2022-03-29 02:23:09,531.81
2022-03-29 02:23:14,531.78
2022-03-29 02:23:19,531.72
2022-03-29 02:23:24,531.72
2022-03-29 02:23:29,531.59
2022-03-29 02:23:34,531.59
2022-03-29 02:23:39,531.59
2022-03-29 02:23:44,531.56
2022-03-29 02:23:49,531.5
2022-03-29 02:23:54,531.43
2022-03-29 02:23:59,531.37
2022-03-29 02:24:04,531.3
2022-03-29 02:24:09,531.3
2022-03-29 02:24:14,527.8387741619807
2022-03-29 02:24:19,531.21
2022-03-29 02:24:24,531.21
2022-03-29 02:24:29,531.21
2022-03-29 02:24:34,531.15
2022-03-29 02:24:39,531.15
2022-03-29 02:24:44,531.08
2022-03-29 02:24:49,531.05
2022-03-29 02:24:54,531.05
2022-03-29 02:24:59,530.99
2022-03-29 02:25:04,530.92
2022-03-29 02:25:09,530.92
2022-03-29 02:25:14,530.86
2022-03-29 02:25:19,530.79
2022-03-29 02:25:24,530.76
2022-03-29 02:25:29,530.76
2022-03-29 02:25:34,530.76
2022-03-29 02:25:39,530.7
2022-03-29 02:25:44,530.63
2022-03-29 02:25:49,527.9450455636178
2022-03-29 02:25:54,530.63
2022-03-29 02:25:59,530.63
2022-03-29 02:26:04,530.57
2022-03-29 02:26:09,527.9796991004149
2022-03-29 02:26:14,530.57
2022-03-29 02:26:19,530.63
2022-03-29 02:26:24,530.63
2022-03-29 02:26:29,530.57
2022-03-29 02:26:34,530.63
2022-03-29 02:26:39,530.63
2022-03-29 02:26:44,530.7
2022-03-29 02:26:49,530.63
2022-03-29 02:26:54,530.63
2022-03-29 02:26:59,530.7
2022-03-29 02:27:04,530.63
2022-03-29 02:27:09,530.7
2022-03-29 02:27:14,530.7
2022-03-29 02:27:19,530.69
2022-03-29 02:27:24,530.69
2022-03-29 02:27:29,530.69
2022-03-29 02:27:34,530.69
2022-03-29 02:27:39,530.75
2022-03-29 02:27:44,530.79
2022-03-29 02:27:49,530.79
2022-03-29 02:27:54,530.85
2022-03-29 02:27:59,530.92
2022-03-29 02:28:04,528.249019357449
2022-03-29 02:28:09,530.98
2022-03-29 02:28:14,530.91
2022-03-29 02:28:19,528.2918962715993
2022-03-29 02:28:24,531.04
2022-03-29 02:28:29,531.04
2022-03-29 02:28:34,531.04
2022-03-29 02:28:39,531.07
2022-03-29 02:28:44,531.14
2022-03-29 02:28:49,531.2
2022-03-29 02:28:54,531.26
2022-03-29 02:28:59,528.4136312248479
2022-03-29 02:29:04,531.36
2022-03-29 02:29:09,528.4456291087679
2022-03-29 02:29:14,531.49
2022-03-29 02:29:19,531.55
2022-03-29 02:29:24,531.58
2022-03-29 02:29:29,531.64
2022-03-29 02:29:34,531.77
2022-03-29 02:29:39,531.8
2022-03-29 02:29:44,531.87
2022-03-29 02:29:49,531.99
2022-03-29 02:29:54,532.06
2022-03-29 02:29:59,532.09
2022-03-29 02:30:04,528.6314511399686
2022-03-29 02:30:09,532.28
2022-03-29 02:30:14,528.6668495827896
2022-03-29 02:30:19,532.38
2022-03-29 02:30:24,532.44
2022-03-29 02:30:29,532.57
2022-03-29 02:30:34,532.6
2022-03-29 02:30:39,532.67
2022-03-29 02:30:44,532.79
2022-03-29 02:30:49,532.89
2022-03-29 02:30:54,532.95
2022-03-29 02:30:59,532.95
2022-03-29 02:31:04,533.02
2022-03-29 02:31:09,533.11
2022-03-29 02:31:14,533.18
2022-03-29 02:31:19,533.24
2022-03-29 02:31:24,533.31
2022-03-29 02:31:29,528.9449442522392
2022-03-29 02:31:34,533.4
2022-03-29 02:31:39,533.4
2022-03-29 02:31:44,533.46
2022-03-29 02:31:49,533.53
2022-03-29 02:31:54,533.53
2022-03-29 02:31:59,533.59
2022-03-29 02:32:04,533.63
2022-03-29 02:32:09,533.63
2022-03-29 02:32:14,533.63
2022-03-29 02:32:19,533.69
2022-03-29 02:32:24,533.75
2022-03-29 02:32:29,533.75
2022-03-29 02:32:34,533.75
2022-03-29 02:32:39,533.82
2022-03-29 02:32:44,533.82
2022-03-29 02:32:49,533.82
2022-03-29 02:32:54,533.85
2022-03-29 02:32:59,533.91
2022-03-29 02:33:04,533.85
2022-03-29 02:33:09,529.3386996963609
2022-03-29 02:33:14,533.92
2022-03-29 02:33:19,533.92
2022-03-29 02:33:24,533.91
2022-03-29 02:33:29,533.91
2022-03-29 02:33:34,529.4389913082995
2022-03-29 02:33:39,533.91
2022-03-29 02:33:44,533.92
2022-03-29 02:33:49,533.92
2022-03-29 02:33:54,533.92
2022-03-29 02:33:59,533.92
2022-03-29 02:34:04,533.85
2022-03-29 02:34:09,533.85
2022-03-29 02:34:14,533.85
2022-03-29 02:34:19,533.85
2022-03-29 02:34:24,533.82
2022-03-29 02:34:29,529.6593932364208
2022-03-29 02:34:34,533.82
2022-03-29 02:34:39,533.82
2022-03-29 02:34:44,533.76
2022-03-29 02:34:49,533.7
2022-03-29 02:34:54,533.7
2022-03-29 02:34:59,533.7
2022-03-29 02:35:04,533.63
2022-03-29 02:35:09,533.64
2022-03-29 02:35:14,533.64
2022-03-29 02:35:19,529.8570182240547
2022-03-29 02:35:24,533.6
2022-03-29 02:35:29,533.6
2022-03-29 02:35:34,529.9153760183016
2022-03-29 02:35:39,533.54
2022-03-29 02:35:44,533.48
2022-03-29 02:35:49,533.48
2022-03-29 02:35:54,529.9923049507511
2022-03-29 02:35:59,530.0113617986757
2022-03-29 02:36:04,533.35
2022-03-29 02:36:09,533.32
2022-03-29 02:36:14,533.25
2022-03-29 02:36:19,533.26
2022-03-29 02:36:24,533.19
2022-03-29 02:36:29,533.2
2022-03-29 02:36:34,533.13
2022-03-29 02:36:39,533.1
2022-03-29 02:36:44,533.03
2022-03-29 02:36:49,533.03
2022-03-29 02:36:54,532.97
2022-03-29 02:36:59,532.97
2022-03-29 02:37:04,532.97
2022-03-29 02:37:09,532.91
2022-03-29 02:37:14,532.97
2022-03-29 02:37:19,532.91
2022-03-29 02:37:24,532.91
2022-03-29 02:37:29,532.84
2022-03-29 02:37:34,532.84
2022-03-29 02:37:39,532.84
2022-03-29 02:37:44,532.84
2022-03-29 02:37:49,532.84
2022-03-29 02:37:54,532.84
2022-03-29 02:37:59,532.81
2022-03-29 02:38:04,532.81
2022-03-29 02:38:09,532.84
2022-03-29 02:38:14,532.84
2022-03-29 02:38:19,532.84
2022-03-29 02:38:24,532.84
2022-03-29 02:38:29,532.84
2022-03-29 02:38:34,532.84
2022-03-29 02:38:39,530.5665785946883
2022-03-29 02:38:44,532.84
2022-03-29 02:38:49,532.81
2022-03-29 02:38:54,532.84
2022-03-29 02:38:59,532.84
2022-03-29 02:39:04,532.84
2022-03-29 02:39:09,530.6551236577918
2022-03-29 02:39:14,532.91
2022-03-29 02:39:19,532.91
2022-03-29 02:39:24,532.91
2022-03-29 02:39:29,532.97
2022-03-29 02:39:34,532.97
2022-03-29 02:39:39,533.03
2022-03-29 02:39:44,533.03
2022-03-29 02:39:49,533.1
2022-03-29 02:39:54,530.77741994726
2022-03-29 02:39:59,533.13
2022-03-29 02:40:04,530.802887226717
2022-03-29 02:40:09,533.2
2022-03-29 02:40:14,533.26
2022-03-29 02:40:19,533.26
2022-03-29 02:40:24,533.35
2022-03-29 02:40:29,533.42
2022-03-29 02:40:34,533.42
2022-03-29 02:40:39,533.48
2022-03-29 02:40:44,533.54
2022-03-29 02:40:49,533.6
2022-03-29 02:40:54,533.64
2022-03-29 02:40:59,533.7
2022-03-29 02:41:04,533.7
2022-03-29 02:41:09,533.76
2022-03-29 02:41:14,533.83
2022-03-29 02:41:19,533.86
2022-03-29 02:41:24,533.92
2022-03-29 02:41:29,533.98
2022-03-29 02:41:34,534.05
2022-03-29 02:41:39,534.11
2022-03-29 02:41:44,534.14
2022-03-29 02:41:49,534.21
2022-03-29 02:41:54,531.0422238466148
2022-03-29 02:41:59,534.34
2022-03-29 02:42:04,531.0602886980969
2022-03-29 02:42:09,534.37
2022-03-29 02:42:14,534.43
2022-03-29 02:42:19,531.0862372218465
2022-03-29 02:42:24,531.0945807105393
2022-03-29 02:42:29,534.56
2022-03-29 02:42:34,534.62
2022-03-29 02:42:39,534.62
2022-03-29 02:42:44,534.65
2022-03-29 02:42:49,534.71
2022-03-29 02:42:54,534.78
2022-03-29 02:42:59,534.78
2022-03-29 02:43:04,534.78
2022-03-29 02:43:09,531.1628020342412
2022-03-29 02:43:14,534.84
2022-03-29 02:43:19,534.87
2022-03-29 02:43:24,531.1828005888618
2022-03-29 02:43:29,534.87
2022-03-29 02:43:34,534.94
2022-03-29 02:43:39,534.87
2022-03-29 02:43:44,534.94
2022-03-29 02:43:49,534.94
2022-03-29 02:43:54,534.87
2022-03-29 02:43:59,534.94
2022-03-29 02:44:04,534.94
2022-03-29 02:44:09,534.94
2022-03-29 02:44:14,534.94
2022-03-29 02:44:19,534.93
2022-03-29 02:44:24,534.93
2022-03-29 02:44:29,534.93
2022-03-29 02:44:34,531.2580814867931
2022-03-29 02:44:39,534.93
2022-03-29 02:44:44,534.87
2022-03-29 02:44:49,534.93
2022-03-29 02:44:54,534.93
2022-03-29 02:44:59,534.93
2022-03-29 02:45:04,531.281282290515
2022-03-29 02:45:09,534.93
2022-03-29 02:45:14,534.93
2022-03-29 02:45:19,534.93
2022-03-29 02:45:24,534.93
2022-03-29 02:45:29,534.93
2022-03-29 02:45:34,534.87
2022-03-29 02:45:39,534.87
2022-03-29 02:45:44,534.87
2022-03-29 02:45:49,534.87
2022-03-29 02:45:54,534.84
2022-03-29 02:45:59,534.84
2022-03-29 02:46:04,534.84
2022-03-29 02:46:09,534.78
2022-03-29 02:46:14,534.78
2022-03-29 02:46:19,534.78
2022-03-29 02:46:24,534.78
2022-03-29 02:46:29,534.71
2022-03-29 02:46:34,534.71
2022-03-29 02:46:39,534.71
2022-03-29 02:46:44,534.65
2022-03-29 02:46:49,534.65
2022-03-29 02:46:54,534.65
2022-03-29 02:46:59,534.65
2022-03-29 02:47:04,531.3201267232995
2022-03-29 02:47:09,534.62
2022-03-29 02:47:14,534.56
2022-03-29 02:47:19,534.55
2022-03-29 02:47:24,534.56
2022-03-29 02:47:29,534.56
2022-03-29 02:47:34,534.56
2022-03-29 02:47:39,534.49
2022-03-29 02:47:44,534.43
2022-03-29 02:47:49,534.43
2022-03-29 02:47:54,534.43
2022-03-29 02:47:59,531.3092846635218
2022-03-29 02:48:04,534.34
2022-03-29 02:48:09,534.34
2022-03-29 02:48:14,534.27
2022-03-29 02:48:19,534.27
2022-03-29 02:48:24,534.21
2022-03-29 02:48:29,534.14
2022-03-29 02:48:34,534.11
2022-03-29 02:48:39,534.11
2022-03-29 02:48:44,531.287125027201
2022-03-29 02:48:49,534.05
2022-03-29 02:48:54,533.99
2022-03-29 02:48:59,533.92
2022-03-29 02:49:04,531.2734536777741
2022-03-29 02:49:09,533.86
2022-03-29 02:49:14,533.86
2022-03-29 02:49:19,533.76
2022-03-29 02:49:24,533.76
2022-03-29 02:49:29,533.7
2022-03-29 02:49:34,533.63
2022-03-29 02:49:39,531.2438886097855
2022-03-29 02:49:44,533.6
2022-03-29 02:49:49,533.6
2022-03-29 02:49:54,533.48
2022-03-29 02:49:59,533.48
2022-03-29 02:50:04,533.41
2022-03-29 02:50:09,533.41
2022-03-29 02:50:14,533.35
2022-03-29 02:50:19,533.25
2022-03-29 02:50:24,531.1953662651891
2022-03-29 02:50:29,533.25
2022-03-29 02:50:34,533.19
2022-03-29 02:50:39,533.12
2022-03-29 02:50:44,533.02
2022-03-29 02:50:49,532.96
2022-03-29 02:50:54,532.96
2022-03-29 02:50:59,532.9
2022-03-29 02:51:04,532.83
2022-03-29 02:51:09,532.83
2022-03-29 02:51:14,532.8
2022-03-29 02:51:19,531.1200820296266
2022-03-29 02:51:24,531.1123697262129
2022-03-29 02:51:29,532.67
2022-03-29 02:51:34,532.61
2022-03-29 02:51:39,532.57
2022-03-29 02:51:44,532.44
2022-03-29 02:51:49,532.44
2022-03-29 02:51:54,532.38
2022-03-29 02:51:59,531.0543455862482
2022-03-29 02:52:04,532.31
2022-03-29 02:52:09,532.28
2022-03-29 02:52:14,532.28
2022-03-29 02:52:19,531.0180231387179
2022-03-29 02:52:24,532.15
2022-03-29 02:52:29,532.15
2022-03-29 02:52:34,532.09
2022-03-29 02:52:39,532.05
2022-03-29 02:52:44,531.99
2022-03-29 02:52:49,531.99
2022-03-29 02:52:54,531.92
2022-03-29 02:52:59,531.92
2022-03-29 02:53:04,531.86
2022-03-29 02:53:09,531.79
2022-03-29 02:53:14,531.79
2022-03-29 02:53:19,530.8956040349068
2022-03-29 02:53:24,530.884563192565
2022-03-29 02:53:29,531.69
2022-03-29 02:53:34,531.63
2022-03-29 02:53:39,531.63
2022-03-29 02:53:44,531.63
2022-03-29 02:53:49,530.8276602102019
2022-03-29 02:53:54,531.56
2022-03-29 02:53:59,531.53
2022-03-29 02:54:04,531.53
2022-03-29 02:54:09,531.46
2022-03-29 02:54:14,531.46
2022-03-29 02:54:19,530.7559919755909
2022-03-29 02:54:24,531.33
2022-03-29 02:54:29,530.7313746538788
2022-03-29 02:54:34,530.7189415316717
2022-03-29 02:54:39,531.27
2022-03-29 02:54:44,531.26
2022-03-29 02:54:49,531.23
2022-03-29 02:54:54,531.23
2022-03-29 02:54:59,531.23
2022-03-29 02:55:04,531.16
2022-03-29 02:55:09,530.6298357388463
2022-03-29 02:55:14,531.16
2022-03-29 02:55:19,531.16
2022-03-29 02:55:24,531.1
2022-03-29 02:55:29,531.16
2022-03-29 02:55:34,531.16
2022-03-29 02:55:39,531.1
2022-03-29 02:55:44,531.1
2022-03-29 02:55:49,531.1
2022-03-29 02:55:54,531.03
2022-03-29 02:55:59,531.03
2022-03-29 02:56:04,531.1
2022-03-29 02:56:09,531.03
2022-03-29 02:56:14,531.1
2022-03-29 02:56:19,531.03
2022-03-29 02:56:24,531.03
2022-03-29 02:56:29,531.03
2022-03-29 02:56:34,531.09
2022-03-29 02:56:39,531.03
2022-03-29 02:56:44,531.09
2022-03-29 02:56:49,531.09
2022-03-29 02:56:54,531.03
2022-03-29 02:56:59,531.09
2022-03-29 02:57:04,531.09
2022-03-29 02:57:09,531.16
2022-03-29 02:57:14,531.16
2022-03-29 02:57:19,530.280084576444
2022-03-29 02:57:24,531.16
2022-03-29 02:57:29,531.09
2022-03-29 02:57:34,531.16
2022-03-29 02:57:39,531.16
2022-03-29 02:57:44,531.22
2022-03-29 02:57:49,531.22
2022-03-29 02:57:54,531.22
2022-03-29 02:57:59,531.22
2022-03-29 02:58:04,531.25
2022-03-29 02:58:09,531.26
2022-03-29 02:58:14,531.26
2022-03-29 02:58:19,531.25
2022-03-29 02:58:24,531.32
2022-03-29 02:58:29,530.0912142890412
2022-03-29 02:58:34,531.32
2022-03-29 02:58:39,530.0648002246135
2022-03-29 02:58:44,531.38
2022-03-29 02:58:49,531.45
2022-03-29 02:58:54,531.38
2022-03-29 02:58:59,531.45
2022-03-29 02:59:04,531.45
2022-03-29 02:59:09,531.45
2022-03-29 02:59:14,531.45
2022-03-29 02:59:19,531.45
2022-03-29 02:59:24,531.52
2022-03-29 02:59:29,531.45
2022-03-29 02:59:34,531.45
2022-03-29 02:59:39,529.9113891812402
2022-03-29 02:59:44,531.52
2022-03-29 02:59:49,531.52
2022-03-29 02:59:54,531.52
2022-03-29 02:59:59,531.52
2022-03-29 03:00:04,531.52
2022-03-29 03:00:09,529.8389068390039
2022-03-29 03:00:14,531.62
2022-03-29 03:00:19,531.62
2022-03-29 03:00:24,531.69
2022-03-29 03:00:29,531.69
2022-03-29 03:00:34,531.75
2022-03-29 03:00:39,531.75
2022-03-29 03:00:44,531.75
2022-03-29 03:00:49,531.85
2022-03-29 03:00:54,531.85
2022-03-29 03:00:59,531.92
2022-03-29 03:01:04,531.92
2022-03-29 03:01:09,531.98
2022-03-29 03:01:14,532.05
2022-03-29 03:01:19,532.05
2022-03-29 03:01:24,532.08
2022-03-29 03:01:29,532.15
2022-03-29 03:01:34,532.15
2022-03-29 03:01:39,532.15
2022-03-29 03:01:44,532.21
2022-03-29 03:01:49,532.28
2022-03-29 03:01:54,532.31
2022-03-29 03:01:59,532.37
2022-03-29 03:02:04,532.37
2022-03-29 03:02:09,532.5
2022-03-29 03:02:14,532.5
2022-03-29 03:02:19,532.57
2022-03-29 03:02:24,532.6
2022-03-29 03:02:29,532.67
2022-03-29 03:02:34,532.67
2022-03-29 03:02:39,532.79
2022-03-29 03:02:44,532.8
2022-03-29 03:02:49,532.83
2022-03-29 03:02:54,532.9
2022-03-29 03:02:59,532.96
2022-03-29 03:03:04,529.5060703663403
2022-03-29 03:03:09,533.02
2022-03-29 03:03:14,533.09
2022-03-29 03:03:19,533.09
2022-03-29 03:03:24,533.12
2022-03-29 03:03:29,533.12
2022-03-29 03:03:34,533.18
2022-03-29 03:03:39,533.19
2022-03-29 03:03:44,533.25
2022-03-29 03:03:49,533.25
2022-03-29 03:03:54,533.25
2022-03-29 03:03:59,533.31
2022-03-29 03:04:04,533.35
2022-03-29 03:04:09,533.35
2022-03-29 03:04:14,533.35
2022-03-29 03:04:19,533.35
2022-03-29 03:04:24,533.35
2022-03-29 03:04:29,533.41
2022-03-29 03:04:34,533.41
2022-03-29 03:04:39,533.47
2022-03-29 03:04:44,533.47
2022-03-29 03:04:49,533.47
2022-03-29 03:04:54,533.47
2022-03-29 03:04:59,533.47
2022-03-29 03:05:04,533.47
2022-03-29 03:05:09,529.4064627990592
2022-03-29 03:05:14,533.54
2022-03-29 03:05:19,533.54
2022-03-29 03:05:24,533.54
2022-03-29 03:05:29,533.53
2022-03-29 03:05:34,533.53
2022-03-29 03:05:39,533.6
2022-03-29 03:05:44,533.6
2022-03-29 03:05:49,533.6
2022-03-29 03:05:54,533.6
2022-03-29 03:05:59,533.63
2022-03-29 03:06:04,533.63
2022-03-29 03:06:09,533.63
2022-03-29 03:06:14,533.63
2022-03-29 03:06:19,533.69
2022-03-29 03:06:24,529.4219877114112
2022-03-29 03:06:29,533.69
2022-03-29 03:06:34,533.69
2022-03-29 03:06:39,533.69
2022-03-29 03:06:44,533.69
2022-03-29 03:06:49,533.69
2022-03-29 03:06:54,533.68
2022-03-29 03:06:59,533.68
2022-03-29 03:07:04,533.68
2022-03-29 03:07:09,533.69
2022-03-29 03:07:14,533.68
2022-03-29 03:07:19,529.4754462066679
2022-03-29 03:07:24,533.75
2022-03-29 03:07:29,533.75
2022-03-29 03:07:34,533.68
2022-03-29 03:07:39,533.68
2022-03-29 03:07:44,533.68
2022-03-29 03:07:49,533.68
2022-03-29 03:07:54,533.68
2022-03-29 03:07:59,533.62
2022-03-29 03:08:04,533.68
2022-03-29 03:08:09,529.5554825707261
2022-03-29 03:08:14,533.62
2022-03-29 03:08:19,533.68
2022-03-29 03:08:24,533.62
2022-03-29 03:08:29,533.62
2022-03-29 03:08:34,533.62
2022-03-29 03:08:39,533.58
2022-03-29 03:08:44,533.52
2022-03-29 03:08:49,533.58
2022-03-29 03:08:54,533.58
2022-03-29 03:08:59,529.6642661377475
2022-03-29 03:09:04,533.61
2022-03-29 03:09:09,533.58
2022-03-29 03:09:14,533.58
2022-03-29 03:09:19,533.58
2022-03-29 03:09:24,533.58
2022-03-29 03:09:29,533.61
2022-03-29 03:09:34,529.7568916646262
2022-03-29 03:09:39,533.61
2022-03-29 03:09:44,533.61
2022-03-29 03:09:49,529.8006250014772
2022-03-29 03:09:54,533.61
2022-03-29 03:09:59,533.67
2022-03-29 03:10:04,533.67
2022-03-29 03:10:09,533.67
2022-03-29 03:10:14,533.67
2022-03-29 03:10:19,533.67
2022-03-29 03:10:24,533.74
2022-03-29 03:10:29,533.67
2022-03-29 03:10:34,533.74
2022-03-29 03:10:39,533.8
2022-03-29 03:10:44,533.8
2022-03-29 03:10:49,533.8
2022-03-29 03:10:54,533.84
2022-03-29 03:10:59,533.84
2022-03-29 03:11:04,533.84
2022-03-29 03:11:09,533.9
2022-03-29 03:11:14,533.9
2022-03-29 03:11:19,533.9
2022-03-29 03:11:24,533.97
2022-03-29 03:11:29,534.03
2022-03-29 03:11:34,534.03
2022-03-29 03:11:39,530.1919043920692
2022-03-29 03:11:44,534.1
2022-03-29 03:11:49,534.13
2022-03-29 03:11:54,534.2
2022-03-29 03:11:59,534.2
2022-03-29 03:12:04,534.26
2022-03-29 03:12:09,530.3191551323629
2022-03-29 03:12:14,534.33
2022-03-29 03:12:19,530.3634343103624
2022-03-29 03:12:24,534.42
2022-03-29 03:12:29,534.42
2022-03-29 03:12:34,534.49
2022-03-29 03:12:39,534.55
2022-03-29 03:12:44,534.62
2022-03-29 03:12:49,534.62
2022-03-29 03:12:54,534.62
2022-03-29 03:12:59,534.65
2022-03-29 03:13:04,534.66
2022-03-29 03:13:09,530.5983752983723
2022-03-29 03:13:14,534.78
2022-03-29 03:13:19,534.78
2022-03-29 03:13:24,534.85
2022-03-29 03:13:29,530.6984977346474
2022-03-29 03:13:34,534.88
2022-03-29 03:13:39,534.95
2022-03-29 03:13:44,535.01
2022-03-29 03:13:49,535.01
2022-03-29 03:13:54,535.08
2022-03-29 03:13:59,535.08
2022-03-29 03:14:04,535.18
2022-03-29 03:14:09,530.9088661666037
2022-03-29 03:14:14,535.18
2022-03-29 03:14:19,530.9635126605106
2022-03-29 03:14:24,535.31
2022-03-29 03:14:29,535.37
2022-03-29 03:14:34,535.41
2022-03-29 03:14:39,535.47
2022-03-29 03:14:44,535.47
2022-03-29 03:14:49,535.53
2022-03-29 03:14:54,535.6
2022-03-29 03:14:59,535.67
2022-03-29 03:15:04,535.7
2022-03-29 03:15:09,535.7
2022-03-29 03:15:14,535.7
2022-03-29 03:15:19,535.83
2022-03-29 03:15:24,535.89
2022-03-29 03:15:29,535.89
2022-03-29 03:15:34,535.93
2022-03-29 03:15:39,535.99
2022-03-29 03:15:44,535.99
2022-03-29 03:15:49,536.05
2022-03-29 03:15:54,536.12
2022-03-29 03:15:59,536.12
2022-03-29 03:16:04,536.18
2022-03-29 03:16:09,531.6155597936965
2022-03-29 03:16:14,536.22
2022-03-29 03:16:19,531.6792235675043
2022-03-29 03:16:24,536.28
2022-03-29 03:16:29,536.28
2022-03-29 03:16:34,536.34
2022-03-29 03:16:39,536.34
2022-03-29 03:16:44,536.41
2022-03-29 03:16:49,536.41
2022-03-29 03:16:54,536.44
2022-03-29 03:16:59,536.44
2022-03-29 03:17:04,536.5
2022-03-29 03:17:09,536.51
2022-03-29 03:17:14,536.57
2022-03-29 03:17:19,536.57
2022-03-29 03:17:24,536.63
2022-03-29 03:17:29,532.1436789944182
2022-03-29 03:17:34,536.63
2022-03-29 03:17:39,536.7
2022-03-29 03:17:44,536.73
2022-03-29 03:17:49,536.72
2022-03-29 03:17:54,536.79
2022-03-29 03:17:59,532.3522919369822
2022-03-29 03:18:04,536.85
2022-03-29 03:18:09,536.85
2022-03-29 03:18:14,536.91
2022-03-29 03:18:19,536.94
2022-03-29 03:18:24,537.01
2022-03-29 03:18:29,537.07
2022-03-29 03:18:34,537.01
2022-03-29 03:18:39,537.07
2022-03-29 03:18:44,537.07
2022-03-29 03:18:49,532.7117901385759
2022-03-29 03:18:54,537.2
2022-03-29 03:18:59,537.23
2022-03-29 03:19:04,537.19
2022-03-29 03:19:09,537.23
2022-03-29 03:19:14,537.23
2022-03-29 03:19:19,537.23
2022-03-29 03:19:24,537.23
2022-03-29 03:19:29,537.29
2022-03-29 03:19:34,537.22
2022-03-29 03:19:39,537.29
2022-03-29 03:19:44,537.22
2022-03-29 03:19:49,537.29
2022-03-29 03:19:54,537.29
2022-03-29 03:19:59,537.28
2022-03-29 03:20:04,537.35
2022-03-29 03:20:09,537.35
2022-03-29 03:20:14,537.35
2022-03-29 03:20:19,537.35
2022-03-29 03:20:24,537.34
2022-03-29 03:20:29,537.28
2022-03-29 03:20:34,537.28
2022-03-29 03:20:39,537.28
2022-03-29 03:20:44,537.28
2022-03-29 03:20:49,533.6284414023626
2022-03-29 03:20:54,537.21
2022-03-29 03:20:59,537.21
2022-03-29 03:21:04,537.21
2022-03-29 03:21:09,533.7877622361829
2022-03-29 03:21:14,533.8278491622856
2022-03-29 03:21:19,537.11
2022-03-29 03:21:24,537.12
2022-03-29 03:21:29,537.11
2022-03-29 03:21:34,537.05
2022-03-29 03:21:39,537.11
2022-03-29 03:21:44,537.05
2022-03-29 03:21:49,537.05
2022-03-29 03:21:54,537.05
2022-03-29 03:21:59,537.04
2022-03-29 03:22:04,536.98
2022-03-29 03:22:09,536.92
2022-03-29 03:22:14,536.98
2022-03-29 03:22:19,536.88
2022-03-29 03:22:24,536.88
2022-03-29 03:22:29,536.89
2022-03-29 03:22:34,536.82
2022-03-29 03:22:39,536.82
2022-03-29 03:22:44,534.564348891337
2022-03-29 03:22:49,536.75
2022-03-29 03:22:54,536.75
2022-03-29 03:22:59,536.69
2022-03-29 03:23:04,536.66
2022-03-29 03:23:09,536.69
2022-03-29 03:23:14,536.6
2022-03-29 03:23:19,536.6
2022-03-29 03:23:24,536.6
2022-03-29 03:23:29,536.66
2022-03-29 03:23:34,536.53
2022-03-29 03:23:39,536.53
2022-03-29 03:23:44,536.47
2022-03-29 03:23:49,536.47
2022-03-29 03:23:54,535.1518135049031
2022-03-29 03:23:59,536.47
2022-03-29 03:24:04,536.4
2022-03-29 03:24:09,536.4
2022-03-29 03:24:14,536.41
2022-03-29 03:24:19,536.4
2022-03-29 03:24:24,535.4059817954642
2022-03-29 03:24:29,536.37
2022-03-29 03:24:34,536.31
2022-03-29 03:24:39,536.37
2022-03-29 03:24:44,536.31
2022-03-29 03:24:49,535.6184289115611
2022-03-29 03:24:54,536.38
2022-03-29 03:24:59,536.31
2022-03-29 03:25:04,535.7460644406939
2022-03-29 03:25:09,536.38
2022-03-29 03:25:14,535.831191120698
2022-03-29 03:25:19,536.31
2022-03-29 03:25:24,536.38
2022-03-29 03:25:29,536.32
2022-03-29 03:25:34,536.32
2022-03-29 03:25:39,536.0440181913822
2022-03-29 03:25:44,536.32
2022-03-29 03:25:49,536.32
2022-03-29 03:25:54,536.32
2022-03-29 03:25:59,536.32
2022-03-29 03:26:04,536.32
2022-03-29 03:26:09,536.32
2022-03-29 03:26:14,536.39
2022-03-29 03:26:19,536.39
2022-03-29 03:26:24,536.39
2022-03-29 03:26:29,536.39
2022-03-29 03:26:34,536.39
2022-03-29 03:26:39,536.42
2022-03-29 03:26:44,536.39
2022-03-29 03:26:49,536.39
2022-03-29 03:26:54,536.39
2022-03-29 03:26:59,536.39
2022-03-29 03:27:04,536.42
2022-03-29 03:27:09,536.39
2022-03-29 03:27:14,536.39
2022-03-29 03:27:19,536.39
2022-03-29 03:27:24,536.43
2022-03-29 03:27:29,536.39
2022-03-29 03:27:34,536.39
2022-03-29 03:27:39,536.4
2022-03-29 03:27:44,536.33
2022-03-29 03:27:49,536.33
2022-03-29 03:27:54,536.4
2022-03-29 03:27:59,536.33
2022-03-29 03:28:04,536.33
2022-03-29 03:28:09,536.39
2022-03-29 03:28:14,536.33
2022-03-29 03:28:19,536.33
2022-03-29 03:28:24,536.33
2022-03-29 03:28:29,536.33
2022-03-29 03:28:34,536.33
2022-03-29 03:28:39,536.33
2022-03-29 03:28:44,536.27
2022-03-29 03:28:49,536.27
2022-03-29 03:28:54,536.27
2022-03-29 03:28:59,536.27
2022-03-29 03:29:04,536.27
2022-03-29 03:29:09,536.2
2022-03-29 03:29:14,536.2
2022-03-29 03:29:19,536.17
2022-03-29 03:29:24,536.11
2022-03-29 03:29:29,536.11
2022-03-29 03:29:34,536.1
2022-03-29 03:29:39,536.1
2022-03-29 03:29:44,536.04
2022-03-29 03:29:49,536.04
2022-03-29 03:29:54,538.1604334309027
2022-03-29 03:29:59,535.98
2022-03-29 03:30:04,535.97
2022-03-29 03:30:09,535.91
2022-03-29 03:30:14,535.91
2022-03-29 03:30:19,535.9
2022-03-29 03:30:24,535.87
2022-03-29 03:30:29,535.81
2022-03-29 03:30:34,535.81
2022-03-29 03:30:39,535.81
2022-03-29 03:30:44,535.74
2022-03-29 03:30:49,535.74
2022-03-29 03:30:54,535.68
2022-03-29 03:30:59,535.65
2022-03-29 03:31:04,535.64
2022-03-29 03:31:09,538.7405924246541
2022-03-29 03:31:14,535.58
2022-03-29 03:31:19,535.58
2022-03-29 03:31:24,535.57
2022-03-29 03:31:29,535.57
2022-03-29 03:31:34,535.51
2022-03-29 03:31:39,535.44
2022-03-29 03:31:44,539.0009999843273
2022-03-29 03:31:49,539.0376028791372
2022-03-29 03:31:54,535.44
2022-03-29 03:31:59,535.44
2022-03-29 03:32:04,539.1464702451096
2022-03-29 03:32:09,535.37
2022-03-29 03:32:14,535.38
2022-03-29 03:32:19,535.34
2022-03-29 03:32:24,535.34
2022-03-29 03:32:29,535.34
2022-03-29 03:32:34,535.34
2022-03-29 03:32:39,535.34
2022-03-29 03:32:44,535.34
2022-03-29 03:32:49,535.34
2022-03-29 03:32:54,535.34
2022-03-29 03:32:59,535.33
2022-03-29 03:33:04,535.34
2022-03-29 03:33:09,535.37
2022-03-29 03:33:14,535.37
2022-03-29 03:33:19,535.43
2022-03-29 03:33:24,535.36
2022-03-29 03:33:29,535.49
2022-03-29 03:33:34,535.42
2022-03-29 03:33:39,539.7999666692278
2022-03-29 03:33:44,535.56
2022-03-29 03:33:49,535.55
2022-03-29 03:33:54,535.62
2022-03-29 03:33:59,535.55
2022-03-29 03:34:04,535.65
2022-03-29 03:34:09,535.65
2022-03-29 03:34:14,540.0232942586186
2022-03-29 03:34:19,535.65
2022-03-29 03:34:24,535.71
2022-03-29 03:34:29,535.78
2022-03-29 03:34:34,535.78
2022-03-29 03:34:39,535.84
2022-03-29 03:34:44,535.84
2022-03-29 03:34:49,535.87
2022-03-29 03:34:54,540.2656694691439
2022-03-29 03:34:59,535.87
2022-03-29 03:35:04,535.94
2022-03-29 03:35:09,540.3528331832551
2022-03-29 03:35:14,536.0
2022-03-29 03:35:19,536.0
2022-03-29 03:35:24,540.4379025992067
2022-03-29 03:35:29,536.07
2022-03-29 03:35:34,536.07
2022-03-29 03:35:39,536.13
2022-03-29 03:35:44,536.07
2022-03-29 03:35:49,536.13
2022-03-29 03:35:54,536.07
2022-03-29 03:35:59,536.13
2022-03-29 03:36:04,536.13
2022-03-29 03:36:09,536.16
2022-03-29 03:36:14,536.16
2022-03-29 03:36:19,536.23
2022-03-29 03:36:24,536.23
2022-03-29 03:36:29,536.23
2022-03-29 03:36:34,536.29
2022-03-29 03:36:39,536.29
2022-03-29 03:36:44,536.36
2022-03-29 03:36:49,536.39
2022-03-29 03:36:54,536.39
2022-03-29 03:36:59,536.45
2022-03-29 03:37:04,536.46
2022-03-29 03:37:09,536.52
2022-03-29 03:37:14,536.52
2022-03-29 03:37:19,536.59
2022-03-29 03:37:24,536.59
2022-03-29 03:37:29,536.65
2022-03-29 03:37:34,536.65
2022-03-29 03:37:39,536.65
2022-03-29 03:37:44,536.65
2022-03-29 03:37:49,536.69
2022-03-29 03:37:54,541.1661866115477
2022-03-29 03:37:59,536.69
2022-03-29 03:38:04,536.75
2022-03-29 03:38:09,536.75
2022-03-29 03:38:14,536.75
2022-03-29 03:38:19,536.82
2022-03-29 03:38:24,536.82
2022-03-29 03:38:29,536.88
2022-03-29 03:38:34,536.92
2022-03-29 03:38:39,536.89
2022-03-29 03:38:44,536.89
2022-03-29 03:38:49,536.98
2022-03-29 03:38:54,536.92
2022-03-29 03:38:59,536.98
2022-03-29 03:39:04,537.05
2022-03-29 03:39:09,537.05
2022-03-29 03:39:14,537.05
2022-03-29 03:39:19,537.05
2022-03-29 03:39:24,537.12
2022-03-29 03:39:29,537.12
2022-03-29 03:39:34,537.12
2022-03-29 03:39:39,537.12
2022-03-29 03:39:44,537.12
2022-03-29 03:39:49,537.18
2022-03-29 03:39:54,537.12
2022-03-29 03:39:59,537.12
2022-03-29 03:40:04,541.5999250351413
2022-03-29 03:40:09,537.12
2022-03-29 03:40:14,537.18
2022-03-29 03:40:19,537.18
2022-03-29 03:40:24,537.18
2022-03-29 03:40:29,537.22
2022-03-29 03:40:34,541.6715695539863
2022-03-29 03:40:39,537.18
2022-03-29 03:40:44,537.19
2022-03-29 03:40:49,537.18
2022-03-29 03:40:54,537.19
2022-03-29 03:40:59,537.18
2022-03-29 03:41:04,537.18
2022-03-29 03:41:09,537.12
2022-03-29 03:41:14,537.18
2022-03-29 03:41:19,537.12
2022-03-29 03:41:24,537.18
2022-03-29 03:41:29,537.12
2022-03-29 03:41:34,537.19
2022-03-29 03:41:39,537.12
2022-03-29 03:41:44,537.12
2022-03-29 03:41:49,537.12
2022-03-29 03:41:54,537.12
2022-03-29 03:41:59,541.8127439570616
2022-03-29 03:42:04,537.12
2022-03-29 03:42:09,536.99
2022-03-29 03:42:14,537.05
2022-03-29 03:42:19,537.05
2022-03-29 03:42:24,536.99
2022-03-29 03:42:29,541.8399408064893
2022-03-29 03:42:34,536.99
2022-03-29 03:42:39,536.99
2022-03-29 03:42:44,536.92
2022-03-29 03:42:49,536.89
2022-03-29 03:42:54,536.92
2022-03-29 03:42:59,536.89
2022-03-29 03:43:04,536.89
2022-03-29 03:43:09,536.89
2022-03-29 03:43:14,536.82
2022-03-29 03:43:19,536.82
2022-03-29 03:43:24,541.8578485250518
2022-03-29 03:43:29,536.76
2022-03-29 03:43:34,536.76
2022-03-29 03:43:39,536.75
2022-03-29 03:43:44,536.75
2022-03-29 03:43:49,536.69
2022-03-29 03:43:54,536.75
2022-03-29 03:43:59,536.69
2022-03-29 03:44:04,536.75
2022-03-29 03:44:09,536.69
2022-03-29 03:44:14,536.68
2022-03-29 03:44:19,536.75
2022-03-29 03:44:24,541.8286010834566
2022-03-29 03:44:29,536.75
2022-03-29 03:44:34,536.68
2022-03-29 03:44:39,536.74
2022-03-29 03:44:44,536.74
2022-03-29 03:44:49,536.68
2022-03-29 03:44:54,536.68
2022-03-29 03:44:59,536.74
2022-03-29 03:45:04,536.74
2022-03-29 03:45:09,536.74
2022-03-29 03:45:14,536.67
2022-03-29 03:45:19,536.74
2022-03-29 03:45:24,536.8
2022-03-29 03:45:29,541.7371010140441
2022-03-29 03:45:34,536.8
2022-03-29 03:45:39,536.8
2022-03-29 03:45:44,541.7068789369464
2022-03-29 03:45:49,536.8
2022-03-29 03:45:54,536.8
2022-03-29 03:45:59,536.86
2022-03-29 03:46:04,536.86
2022-03-29 03:46:09,536.86
2022-03-29 03:46:14,536.86
2022-03-29 03:46:19,536.89
2022-03-29 03:46:24,536.86
2022-03-29 03:46:29,536.89
2022-03-29 03:46:34,536.89
2022-03-29 03:46:39,536.89
2022-03-29 03:46:44,536.96
2022-03-29 03:46:49,537.02
2022-03-29 03:46:54,537.02
2022-03-29 03:46:59,537.02
2022-03-29 03:47:04,537.02
2022-03-29 03:47:09,537.08
2022-03-29 03:47:14,537.09
2022-03-29 03:47:19,537.15
2022-03-29 03:47:24,537.08
2022-03-29 03:47:29,537.18
2022-03-29 03:47:34,541.3766668883287
2022-03-29 03:47:39,537.15
2022-03-29 03:47:44,537.18
2022-03-29 03:47:49,537.18
2022-03-29 03:47:54,537.24
2022-03-29 03:47:59,537.18
2022-03-29 03:48:04,537.18
2022-03-29 03:48:09,537.24
2022-03-29 03:48:14,537.15
2022-03-29 03:48:19,541.1845760169429
2022-03-29 03:48:24,541.1611245685208
2022-03-29 03:48:29,537.18
2022-03-29 03:48:34,537.18
2022-03-29 03:48:39,537.18
2022-03-29 03:48:44,537.18
2022-03-29 03:48:49,537.18
2022-03-29 03:48:54,537.18
2022-03-29 03:48:59,537.18
2022-03-29 03:49:04,537.18
2022-03-29 03:49:09,537.25
2022-03-29 03:49:14,537.15
2022-03-29 03:49:19,537.15
2022-03-29 03:49:24,537.18
2022-03-29 03:49:29,537.15
2022-03-29 03:49:34,537.15
2022-03-29 03:49:39,537.09
2022-03-29 03:49:44,537.09
2022-03-29 03:49:49,537.03
2022-03-29 03:49:54,537.09
2022-03-29 03:49:59,537.02
2022-03-29 03:50:04,537.03
2022-03-29 03:50:09,536.96
2022-03-29 03:50:14,536.9
2022-03-29 03:50:19,536.9
2022-03-29 03:50:24,536.9
2022-03-29 03:50:29,536.9
2022-03-29 03:50:34,536.81
2022-03-29 03:50:39,536.87
2022-03-29 03:50:44,536.87
2022-03-29 03:50:49,536.81
2022-03-29 03:50:54,536.81
2022-03-29 03:50:59,536.81
2022-03-29 03:51:04,536.75
2022-03-29 03:51:09,536.68
2022-03-29 03:51:14,536.65
2022-03-29 03:51:19,536.65
2022-03-29 03:51:24,536.59
2022-03-29 03:51:29,536.52
2022-03-29 03:51:34,536.52
2022-03-29 03:51:39,536.46
2022-03-29 03:51:44,536.4
2022-03-29 03:51:49,536.36
2022-03-29 03:51:54,539.8045363195546
2022-03-29 03:51:59,539.764097877295
2022-03-29 03:52:04,536.14
2022-03-29 03:52:09,536.08
2022-03-29 03:52:14,539.640740441744
2022-03-29 03:52:19,536.01
2022-03-29 03:52:24,535.95
2022-03-29 03:52:29,535.95
2022-03-29 03:52:34,535.88
2022-03-29 03:52:39,535.79
2022-03-29 03:52:44,535.79
2022-03-29 03:52:49,535.72
2022-03-29 03:52:54,535.66
2022-03-29 03:52:59,535.63
2022-03-29 03:53:04,535.56
2022-03-29 03:53:09,535.57
2022-03-29 03:53:14,535.5
2022-03-29 03:53:19,535.44
2022-03-29 03:53:24,535.37
2022-03-29 03:53:29,535.37
2022-03-29 03:53:34,535.34
2022-03-29 03:53:39,535.28
2022-03-29 03:53:44,535.15
2022-03-29 03:53:49,535.15
2022-03-29 03:53:54,535.11
2022-03-29 03:53:59,538.6967246002126
2022-03-29 03:54:04,535.05
2022-03-29 03:54:09,535.05
2022-03-29 03:54:14,534.92
2022-03-29 03:54:19,534.92
2022-03-29 03:54:24,534.92
2022-03-29 03:54:29,534.86
2022-03-29 03:54:34,534.85
2022-03-29 03:54:39,534.85
2022-03-29 03:54:44,534.82
2022-03-29 03:54:49,534.82
2022-03-29 03:54:54,534.76
2022-03-29 03:54:59,534.76
2022-03-29 03:55:04,534.76
2022-03-29 03:55:09,534.69
2022-03-29 03:55:14,534.63
2022-03-29 03:55:19,534.63
2022-03-29 03:55:24,534.6
2022-03-29 03:55:29,534.59
2022-03-29 03:55:34,534.46
2022-03-29 03:55:39,534.46
2022-03-29 03:55:44,534.46
2022-03-29 03:55:49,534.4
2022-03-29 03:55:54,534.4
2022-03-29 03:55:59,534.33
2022-03-29 03:56:04,534.33
2022-03-29 03:56:09,534.3
2022-03-29 03:56:14,534.3
2022-03-29 03:56:19,534.3
2022-03-29 03:56:24,534.23
2022-03-29 03:56:29,534.23
2022-03-29 03:56:34,534.23
2022-03-29 03:56:39,537.0268982997258
2022-03-29 03:56:44,534.23
2022-03-29 03:56:49,534.17
2022-03-29 03:56:54,534.1
2022-03-29 03:56:59,534.1
2022-03-29 03:57:04,534.16
2022-03-29 03:57:09,534.16
2022-03-29 03:57:14,534.16
2022-03-29 03:57:19,534.1
2022-03-29 03:57:24,536.5164710580981
2022-03-29 03:57:29,534.1
2022-03-29 03:57:34,534.09
2022-03-29 03:57:39,534.06
2022-03-29 03:57:44,534.09
2022-03-29 03:57:49,534.06
2022-03-29 03:57:54,534.06
2022-03-29 03:57:59,534.06
2022-03-29 03:58:04,534.0
2022-03-29 03:58:09,533.99
2022-03-29 03:58:14,533.99
2022-03-29 03:58:19,533.99
2022-03-29 03:58:24,533.99
2022-03-29 03:58:29,533.99
2022-03-29 03:58:34,533.93
2022-03-29 03:58:39,533.99
2022-03-29 03:58:44,533.99
2022-03-29 03:58:49,533.99
2022-03-29 03:58:54,534.05
2022-03-29 03:58:59,533.99
2022-03-29 03:59:04,533.99
2022-03-29 03:59:09,534.05
2022-03-29 03:59:14,534.05
2022-03-29 03:59:19,534.05
2022-03-29 03:59:24,534.08
2022-03-29 03:59:29,534.05
2022-03-29 03:59:34,534.08
2022-03-29 03:59:39,534.08
2022-03-29 03:59:44,534.08
2022-03-29 03:59:49,534.15
2022-03-29 03:59:54,534.21
2022-03-29 03:59:59,534.27
2022-03-29 04:00:04,534.5965354975865
2022-03-29 04:00:09,534.28
2022-03-29 04:00:14,534.31
2022-03-29 04:00:19,534.31
2022-03-29 04:00:24,534.37
2022-03-29 04:00:29,534.37
2022-03-29 04:00:34,534.5
2022-03-29 04:00:39,534.5
2022-03-29 04:00:44,534.56
2022-03-29 04:00:49,534.6
2022-03-29 04:00:54,534.6
2022-03-29 04:00:59,533.9089309082154
2022-03-29 04:01:04,534.73
2022-03-29 04:01:09,534.79
2022-03-29 04:01:14,534.82
2022-03-29 04:01:19,534.82
2022-03-29 04:01:24,535.02
2022-03-29 04:01:29,535.02
2022-03-29 04:01:34,535.08
2022-03-29 04:01:39,535.08
2022-03-29 04:01:44,535.11
2022-03-29 04:01:49,535.18
2022-03-29 04:01:54,535.25
2022-03-29 04:01:59,535.25
2022-03-29 04:02:04,535.31
2022-03-29 04:02:09,535.31
2022-03-29 04:02:14,535.34
2022-03-29 04:02:19,535.41
2022-03-29 04:02:24,535.41
2022-03-29 04:02:29,535.54
2022-03-29 04:02:34,535.54
2022-03-29 04:02:39,535.54
2022-03-29 04:02:44,535.61
2022-03-29 04:02:49,535.61
2022-03-29 04:02:54,535.7
2022-03-29 04:02:59,535.7
2022-03-29 04:03:04,535.7
2022-03-29 04:03:09,535.83
2022-03-29 04:03:14,535.83
2022-03-29 04:03:19,535.86
2022-03-29 04:03:24,532.0632394606598
2022-03-29 04:03:29,535.83
2022-03-29 04:03:34,535.87
2022-03-29 04:03:39,535.87
2022-03-29 04:03:44,535.93
2022-03-29 04:03:49,535.93
2022-03-29 04:03:54,535.93
2022-03-29 04:03:59,535.93
2022-03-29 04:04:04,535.94
2022-03-29 04:04:09,535.87
2022-03-29 04:04:14,535.94
2022-03-29 04:04:19,535.94
2022-03-29 04:04:24,535.94
2022-03-29 04:04:29,535.94
2022-03-29 04:04:34,535.94
2022-03-29 04:04:39,535.94
2022-03-29 04:04:44,531.0417759211257
2022-03-29 04:04:49,530.9782184131006
2022-03-29 04:04:54,535.94
2022-03-29 04:04:59,535.94
2022-03-29 04:05:04,535.94
2022-03-29 04:05:09,535.87
2022-03-29 04:05:14,535.94
2022-03-29 04:05:19,535.94
2022-03-29 04:05:24,530.5348848377585
2022-03-29 04:05:29,535.88
2022-03-29 04:05:34,530.4088072706961
2022-03-29 04:05:39,535.88
2022-03-29 04:05:44,535.87
2022-03-29 04:05:49,535.84
2022-03-29 04:05:54,535.84
2022-03-29 04:05:59,535.84
2022-03-29 04:06:04,535.78
2022-03-29 04:06:09,535.78
2022-03-29 04:06:14,535.71
2022-03-29 04:06:19,535.65
2022-03-29 04:06:24,535.62
2022-03-29 04:06:29,535.62
2022-03-29 04:06:34,535.62
2022-03-29 04:06:39,535.49
2022-03-29 04:06:44,535.49
2022-03-29 04:06:49,535.49
2022-03-29 04:06:54,535.42
2022-03-29 04:06:59,535.35
2022-03-29 04:07:04,535.36
2022-03-29 04:07:09,529.2293968636155
2022-03-29 04:07:14,535.32
2022-03-29 04:07:19,535.26
2022-03-29 04:07:24,535.2
2022-03-29 04:07:29,535.13
2022-03-29 04:07:34,535.13
2022-03-29 04:07:39,528.8657503293749
2022-03-29 04:07:44,535.09
2022-03-29 04:07:49,535.03
2022-03-29 04:07:54,528.6858672412203
2022-03-29 04:07:59,534.9
2022-03-29 04:08:04,534.84
2022-03-29 04:08:09,534.83
2022-03-29 04:08:14,534.74
2022-03-29 04:08:19,534.67
2022-03-29 04:08:24,534.67
2022-03-29 04:08:29,534.57
2022-03-29 04:08:34,534.57
2022-03-29 04:08:39,534.45
2022-03-29 04:08:44,534.45
2022-03-29 04:08:49,534.32
2022-03-29 04:08:54,534.31
2022-03-29 04:08:59,534.28
2022-03-29 04:09:04,534.22
2022-03-29 04:09:09,534.15
2022-03-29 04:09:14,534.15
2022-03-29 04:09:19,534.08
2022-03-29 04:09:24,534.05
2022-03-29 04:09:29,534.05
2022-03-29 04:09:34,533.98
2022-03-29 04:09:39,533.99
2022-03-29 04:09:44,527.414284269177
2022-03-29 04:09:49,533.92
2022-03-29 04:09:54,527.3034474247335
2022-03-29 04:09:59,533.79
2022-03-29 04:10:04,533.85
2022-03-29 04:10:09,533.79
2022-03-29 04:10:14,533.76
2022-03-29 04:10:19,533.69
2022-03-29 04:10:24,533.63
2022-03-29 04:10:29,526.9226887393747
2022-03-29 04:10:34,533.56
2022-03-29 04:10:39,526.8160425310145
2022-03-29 04:10:44,533.53
2022-03-29 04:10:49,526.7103898010032
2022-03-29 04:10:54,533.4
2022-03-29 04:10:59,533.33
2022-03-29 04:11:04,533.27
2022-03-29 04:11:09,533.24
2022-03-29 04:11:14,533.23
2022-03-29 04:11:19,533.17
2022-03-29 04:11:24,533.17
2022-03-29 04:11:29,526.2981662163508
2022-03-29 04:11:34,533.11
2022-03-29 04:11:39,533.04
2022-03-29 04:11:44,533.01
2022-03-29 04:11:49,533.01
2022-03-29 04:11:54,533.01
2022-03-29 04:11:59,532.95
2022-03-29 04:12:04,532.95
2022-03-29 04:12:09,532.88
2022-03-29 04:12:14,532.88
2022-03-29 04:12:19,532.88
2022-03-29 04:12:24,532.81
2022-03-29 04:12:29,532.81
2022-03-29 04:12:34,532.75
2022-03-29 04:12:39,532.75
2022-03-29 04:12:44,532.75
2022-03-29 04:12:49,532.75
2022-03-29 04:12:54,532.75
2022-03-29 04:12:59,532.72
2022-03-29 04:13:04,532.72
2022-03-29 04:13:09,532.75
2022-03-29 04:13:14,532.75
2022-03-29 04:13:19,532.75
2022-03-29 04:13:24,532.75
2022-03-29 04:13:29,532.75
2022-03-29 04:13:34,532.72
2022-03-29 04:13:39,532.72
2022-03-29 04:13:44,532.72
2022-03-29 04:13:49,532.72
2022-03-29 04:13:54,532.72
2022-03-29 04:13:59,532.72
2022-03-29 04:14:04,532.72
2022-03-29 04:14:09,532.66
2022-03-29 04:14:14,532.66
2022-03-29 04:14:19,532.73
2022-03-29 04:14:24,532.66
2022-03-29 04:14:29,532.66
2022-03-29 04:14:34,532.66
2022-03-29 04:14:39,532.73
2022-03-29 04:14:44,524.5689165362658
2022-03-29 04:14:49,532.66
2022-03-29 04:14:54,532.73
2022-03-29 04:14:59,532.73
2022-03-29 04:15:04,532.67
2022-03-29 04:15:09,524.386257722513
2022-03-29 04:15:14,524.3509179635256
2022-03-29 04:15:19,532.73
2022-03-29 04:15:24,532.73
2022-03-29 04:15:29,532.74
2022-03-29 04:15:34,532.74
2022-03-29 04:15:39,532.77
2022-03-29 04:15:44,532.77
2022-03-29 04:15:49,532.77
2022-03-29 04:15:54,532.77
2022-03-29 04:15:59,532.84
2022-03-29 04:16:04,532.9
2022-03-29 04:16:09,532.9
2022-03-29 04:16:14,532.97
2022-03-29 04:16:19,532.97
2022-03-29 04:16:24,533.03
2022-03-29 04:16:29,533.03
2022-03-29 04:16:34,523.8423402305033
2022-03-29 04:16:39,533.07
2022-03-29 04:16:44,533.13
2022-03-29 04:16:49,523.7594344926125
2022-03-29 04:16:54,533.13
2022-03-29 04:16:59,533.26
2022-03-29 04:17:04,533.2
2022-03-29 04:17:09,533.26
2022-03-29 04:17:14,523.6304461041318
2022-03-29 04:17:19,533.36
2022-03-29 04:17:24,533.3
2022-03-29 04:17:29,523.558612215598
2022-03-29 04:17:34,533.42
2022-03-29 04:17:39,533.43
2022-03-29 04:17:44,533.49
2022-03-29 04:17:49,533.49
2022-03-29 04:17:54,533.55
2022-03-29 04:17:59,533.49
2022-03-29 04:18:04,533.55
2022-03-29 04:18:09,533.55
2022-03-29 04:18:14,533.59
2022-03-29 04:18:19,533.59
2022-03-29 04:18:24,523.3297585886784
2022-03-29 04:18:29,533.72
2022-03-29 04:18:34,533.72
2022-03-29 04:18:39,533.78
2022-03-29 04:18:44,533.78
2022-03-29 04:18:49,533.81
2022-03-29 04:18:54,533.81
2022-03-29 04:18:59,523.2112268200956
2022-03-29 04:19:04,533.94
2022-03-29 04:19:09,533.88
2022-03-29 04:19:14,534.0
2022-03-29 04:19:19,523.1525359987703
2022-03-29 04:19:24,534.0
2022-03-29 04:19:29,534.06
2022-03-29 04:19:34,534.1
2022-03-29 04:19:39,534.22
2022-03-29 04:19:44,534.16
2022-03-29 04:19:49,534.22
2022-03-29 04:19:54,534.32
2022-03-29 04:19:59,534.29
2022-03-29 04:20:04,534.32
2022-03-29 04:20:09,534.32
2022-03-29 04:20:14,534.38
2022-03-29 04:20:19,534.38
2022-03-29 04:20:24,534.45
2022-03-29 04:20:29,522.9961509084166
2022-03-29 04:20:34,534.51
2022-03-29 04:20:39,534.51
2022-03-29 04:20:44,534.57
2022-03-29 04:20:49,534.57
2022-03-29 04:20:54,522.9578295457362
2022-03-29 04:20:59,534.66
2022-03-29 04:21:04,534.67
2022-03-29 04:21:09,522.9390349124577
2022-03-29 04:21:14,534.73
2022-03-29 04:21:19,534.73
2022-03-29 04:21:24,534.73
2022-03-29 04:21:29,534.73
2022-03-29 04:21:34,534.79
2022-03-29 04:21:39,534.79
2022-03-29 04:21:44,534.79
2022-03-29 04:21:49,534.82
2022-03-29 04:21:54,534.82
2022-03-29 04:21:59,534.79
2022-03-29 04:22:04,534.82
2022-03-29 04:22:09,534.88
2022-03-29 04:22:14,522.892068386969
2022-03-29 04:22:19,534.94
2022-03-29 04:22:24,534.88
2022-03-29 04:22:29,534.94
2022-03-29 04:22:34,534.94
2022-03-29 04:22:39,534.94
2022-03-29 04:22:44,534.94
2022-03-29 04:22:49,535.01
2022-03-29 04:22:54,535.07
2022-03-29 04:22:59,535.07
2022-03-29 04:23:04,535.07
2022-03-29 04:23:09,535.1
2022-03-29 04:23:14,535.17
2022-03-29 04:23:19,535.23
2022-03-29 04:23:24,522.8991923120209
2022-03-29 04:23:29,535.17
2022-03-29 04:23:34,535.23
2022-03-29 04:23:39,535.3
2022-03-29 04:23:44,535.29
2022-03-29 04:23:49,522.9149112333251
2022-03-29 04:23:54,535.33
2022-03-29 04:23:59,535.32
2022-03-29 04:24:04,535.39
2022-03-29 04:24:09,535.39
2022-03-29 04:24:14,535.39
2022-03-29 04:24:19,535.39
2022-03-29 04:24:24,535.52
2022-03-29 04:24:29,535.52
2022-03-29 04:24:34,535.52
2022-03-29 04:24:39,535.58
2022-03-29 04:24:44,535.61
2022-03-29 04:24:49,535.58
2022-03-29 04:24:54,535.62
2022-03-29 04:24:59,535.68
2022-03-29 04:25:04,522.9992181502404
2022-03-29 04:25:09,535.68
2022-03-29 04:25:14,535.75
2022-03-29 04:25:19,535.75
2022-03-29 04:25:24,535.75
2022-03-29 04:25:29,535.81
2022-03-29 04:25:34,535.84
2022-03-29 04:25:39,535.85
2022-03-29 04:25:44,535.97
2022-03-29 04:25:49,523.0738151035825
2022-03-29 04:25:54,535.97
2022-03-29 04:25:59,536.04
2022-03-29 04:26:04,536.04
2022-03-29 04:26:09,536.11
2022-03-29 04:26:14,536.14
2022-03-29 04:26:19,536.14
2022-03-29 04:26:24,536.2
2022-03-29 04:26:29,536.27
2022-03-29 04:26:34,536.27
2022-03-29 04:26:39,536.33
2022-03-29 04:26:44,536.37
2022-03-29 04:26:49,536.43
2022-03-29 04:26:54,536.43
2022-03-29 04:26:59,536.5
2022-03-29 04:27:04,536.63
2022-03-29 04:27:09,536.62
2022-03-29 04:27:14,536.66
2022-03-29 04:27:19,536.66
2022-03-29 04:27:24,536.72
2022-03-29 04:27:29,536.79
2022-03-29 04:27:34,536.85
2022-03-29 04:27:39,536.89
2022-03-29 04:27:44,536.89
2022-03-29 04:27:49,536.89
2022-03-29 04:27:54,536.95
2022-03-29 04:27:59,537.02
2022-03-29 04:28:04,537.02
2022-03-29 04:28:09,537.09
2022-03-29 04:28:14,537.15
2022-03-29 04:28:19,537.18
2022-03-29 04:28:24,537.18
2022-03-29 04:28:29,537.25
2022-03-29 04:28:34,537.31
2022-03-29 04:28:39,537.32
2022-03-29 04:28:44,537.41
2022-03-29 04:28:49,537.41
2022-03-29 04:28:54,523.5243674091937
2022-03-29 04:28:59,523.5389768755011
2022-03-29 04:29:04,537.61
2022-03-29 04:29:09,537.61
2022-03-29 04:29:14,537.71
2022-03-29 04:29:19,537.7
2022-03-29 04:29:24,537.77
2022-03-29 04:29:29,537.83
2022-03-29 04:29:34,537.83
2022-03-29 04:29:39,523.6590150659533
2022-03-29 04:29:44,537.84
2022-03-29 04:29:49,537.9
2022-03-29 04:29:54,537.9
2022-03-29 04:29:59,523.7208699851551
2022-03-29 04:30:04,537.9
2022-03-29 04:30:09,537.94
2022-03-29 04:30:14,537.93
2022-03-29 04:30:19,523.7837252114692
2022-03-29 04:30:24,538.0
2022-03-29 04:30:29,538.06
2022-03-29 04:30:34,538.0
2022-03-29 04:30:39,538.06
2022-03-29 04:30:44,538.06
2022-03-29 04:30:49,538.0
2022-03-29 04:30:54,538.06
2022-03-29 04:30:59,523.9117658588227
2022-03-29 04:31:04,538.13
2022-03-29 04:31:09,538.13
2022-03-29 04:31:14,538.19
2022-03-29 04:31:19,538.13
2022-03-29 04:31:24,538.19
2022-03-29 04:31:29,538.19
2022-03-29 04:31:34,524.0255041869754
2022-03-29 04:31:39,538.19
2022-03-29 04:31:44,538.22
2022-03-29 04:31:49,538.19
2022-03-29 04:31:54,538.19
2022-03-29 04:31:59,538.18
2022-03-29 04:32:04,538.19
2022-03-29 04:32:09,538.22
2022-03-29 04:32:14,538.22
2022-03-29 04:32:19,538.22
2022-03-29 04:32:24,538.22
2022-03-29 04:32:29,524.2061241002796
2022-03-29 04:32:34,538.22
2022-03-29 04:32:39,538.28
2022-03-29 04:32:44,538.34
2022-03-29 04:32:49,538.41
2022-03-29 04:32:54,538.41
2022-03-29 04:32:59,538.4
2022-03-29 04:33:04,538.41
2022-03-29 04:33:09,538.5
2022-03-29 04:33:14,524.3548495293583
2022-03-29 04:33:19,538.5
2022-03-29 04:33:24,538.56
2022-03-29 04:33:29,538.5
2022-03-29 04:33:34,538.63
2022-03-29 04:33:39,538.62
2022-03-29 04:33:44,538.69
2022-03-29 04:33:49,538.69
2022-03-29 04:33:54,538.69
2022-03-29 04:33:59,538.72
2022-03-29 04:34:04,538.69
2022-03-29 04:34:09,538.69
2022-03-29 04:34:14,538.72
2022-03-29 04:34:19,538.72
2022-03-29 04:34:24,538.72
2022-03-29 04:34:29,538.72
2022-03-29 04:34:34,538.71
2022-03-29 04:34:39,538.78
2022-03-29 04:34:44,538.84
2022-03-29 04:34:49,538.84
2022-03-29 04:34:54,538.85
2022-03-29 04:34:59,538.91
2022-03-29 04:35:04,538.9
2022-03-29 04:35:09,538.94
2022-03-29 04:35:14,538.94
2022-03-29 04:35:19,539.0
2022-03-29 04:35:24,539.0
2022-03-29 04:35:29,539.0
2022-03-29 04:35:34,539.07
2022-03-29 04:35:39,539.13
2022-03-29 04:35:44,539.13
2022-03-29 04:35:49,539.13
2022-03-29 04:35:54,539.19
2022-03-29 04:35:59,539.19
2022-03-29 04:36:04,539.23
2022-03-29 04:36:09,539.23
2022-03-29 04:36:14,539.22
2022-03-29 04:36:19,539.29
2022-03-29 04:36:24,539.29
2022-03-29 04:36:29,539.35
2022-03-29 04:36:34,539.42
2022-03-29 04:36:39,525.0234665482624
2022-03-29 04:36:44,539.45
2022-03-29 04:36:49,539.45
2022-03-29 04:36:54,539.45
2022-03-29 04:36:59,539.52
2022-03-29 04:37:04,539.58
2022-03-29 04:37:09,539.58
2022-03-29 04:37:14,539.58
2022-03-29 04:37:19,539.58
2022-03-29 04:37:24,539.65
2022-03-29 04:37:29,539.65
2022-03-29 04:37:34,539.71
2022-03-29 04:37:39,539.71
2022-03-29 04:37:44,539.65
2022-03-29 04:37:49,525.2406733356186
2022-03-29 04:37:54,539.71
2022-03-29 04:37:59,525.2709544887012
2022-03-29 04:38:04,539.75
2022-03-29 04:38:09,539.74
2022-03-29 04:38:14,539.74
2022-03-29 04:38:19,539.75
2022-03-29 04:38:24,539.75
2022-03-29 04:38:29,539.75
2022-03-29 04:38:34,539.75
2022-03-29 04:38:39,539.81
2022-03-29 04:38:44,539.81
2022-03-29 04:38:49,539.88
2022-03-29 04:38:54,525.433548896862
2022-03-29 04:38:59,539.82
2022-03-29 04:39:04,539.88
2022-03-29 04:39:09,539.88
2022-03-29 04:39:14,539.88
2022-03-29 04:39:19,539.88
2022-03-29 04:39:24,525.5191129262458
2022-03-29 04:39:29,539.89
2022-03-29 04:39:34,539.89
2022-03-29 04:39:39,539.82
2022-03-29 04:39:44,539.89
2022-03-29 04:39:49,539.82
2022-03-29 04:39:54,539.82
2022-03-29 04:39:59,539.82
2022-03-29 04:40:04,539.82
2022-03-29 04:40:09,539.82
2022-03-29 04:40:14,539.83
2022-03-29 04:40:19,539.89
2022-03-29 04:40:24,539.89
2022-03-29 04:40:29,539.89
2022-03-29 04:40:34,539.83
2022-03-29 04:40:39,539.89
2022-03-29 04:40:44,525.7346754783953
2022-03-29 04:40:49,539.9
2022-03-29 04:40:54,539.9
2022-03-29 04:40:59,539.9
2022-03-29 04:41:04,539.83
2022-03-29 04:41:09,539.83
2022-03-29 04:41:14,539.9
2022-03-29 04:41:19,539.9
2022-03-29 04:41:24,525.834673152672
2022-03-29 04:41:29,539.9
2022-03-29 04:41:34,539.83
2022-03-29 04:41:39,539.84
2022-03-29 04:41:44,525.8825145947012
2022-03-29 04:41:49,525.8942399980148
2022-03-29 04:41:54,539.77
2022-03-29 04:41:59,539.84
2022-03-29 04:42:04,539.84
2022-03-29 04:42:09,539.84
2022-03-29 04:42:14,539.77
2022-03-29 04:42:19,539.84
2022-03-29 04:42:24,539.77
2022-03-29 04:42:29,539.77
2022-03-29 04:42:34,539.78
2022-03-29 04:42:39,539.77
2022-03-29 04:42:44,539.77
2022-03-29 04:42:49,539.74
2022-03-29 04:42:54,539.77
2022-03-29 04:42:59,539.74
2022-03-29 04:43:04,539.74
2022-03-29 04:43:09,539.74
2022-03-29 04:43:14,539.74
2022-03-29 04:43:19,539.68
2022-03-29 04:43:24,539.68
2022-03-29 04:43:29,539.68
2022-03-29 04:43:34,539.68
2022-03-29 04:43:39,539.68
2022-03-29 04:43:44,539.68
2022-03-29 04:43:49,539.68
2022-03-29 04:43:54,539.67
2022-03-29 04:43:59,539.68
2022-03-29 04:44:04,539.67
2022-03-29 04:44:09,539.68
2022-03-29 04:44:14,539.67
2022-03-29 04:44:19,539.67
2022-03-29 04:44:24,539.74
2022-03-29 04:44:29,539.67
2022-03-29 04:44:34,539.73
2022-03-29 04:44:39,539.74
2022-03-29 04:44:44,539.67
2022-03-29 04:44:49,539.74
2022-03-29 04:44:54,539.73
2022-03-29 04:44:59,539.74
2022-03-29 04:45:04,539.73
2022-03-29 04:45:09,539.73
2022-03-29 04:45:14,539.73
2022-03-29 04:45:19,539.76
2022-03-29 04:45:24,539.76
2022-03-29 04:45:29,526.3018499749514
2022-03-29 04:45:34,539.76
2022-03-29 04:45:39,539.76
2022-03-29 04:45:44,526.3208892540168
2022-03-29 04:45:49,539.82
2022-03-29 04:45:54,539.82
2022-03-29 04:45:59,539.82
2022-03-29 04:46:04,539.89
2022-03-29 04:46:09,539.95
2022-03-29 04:46:14,539.88
2022-03-29 04:46:19,539.95
2022-03-29 04:46:24,539.95
2022-03-29 04:46:29,539.95
2022-03-29 04:46:34,539.94
2022-03-29 04:46:39,539.94
2022-03-29 04:46:44,526.384977871678
2022-03-29 04:46:49,539.98
2022-03-29 04:46:54,539.97
2022-03-29 04:46:59,539.98
2022-03-29 04:47:04,526.4020743763199
2022-03-29 04:47:09,539.97
2022-03-29 04:47:14,539.97
2022-03-29 04:47:19,539.97
2022-03-29 04:47:24,540.04
2022-03-29 04:47:29,540.04
2022-03-29 04:47:34,540.04
2022-03-29 04:47:39,526.4268961917189
2022-03-29 04:47:44,540.17
2022-03-29 04:47:49,540.17
2022-03-29 04:47:54,540.17
2022-03-29 04:47:59,540.23
2022-03-29 04:48:04,540.23
2022-03-29 04:48:09,540.23
2022-03-29 04:48:14,540.26
2022-03-29 04:48:19,540.26
2022-03-29 04:48:24,540.26
2022-03-29 04:48:29,540.32
2022-03-29 04:48:34,540.33
2022-03-29 04:48:39,540.33
2022-03-29 04:48:44,540.33
2022-03-29 04:48:49,540.33
2022-03-29 04:48:54,540.39
2022-03-29 04:48:59,540.39
2022-03-29 04:49:04,540.39
2022-03-29 04:49:09,540.39
2022-03-29 04:49:14,540.39
2022-03-29 04:49:19,540.46
2022-03-29 04:49:24,540.46
2022-03-29 04:49:29,540.39
2022-03-29 04:49:34,540.46
2022-03-29 04:49:39,540.46
2022-03-29 04:49:44,540.46
2022-03-29 04:49:49,540.49
2022-03-29 04:49:54,540.49
2022-03-29 04:49:59,540.55
2022-03-29 04:50:04,540.62
2022-03-29 04:50:09,540.56
2022-03-29 04:50:14,540.62
2022-03-29 04:50:19,540.62
2022-03-29 04:50:24,540.62
2022-03-29 04:50:29,540.62
2022-03-29 04:50:34,526.4550685750031
2022-03-29 04:50:39,540.69
2022-03-29 04:50:44,540.68
2022-03-29 04:50:49,526.4501473704937
2022-03-29 04:50:54,540.75
2022-03-29 04:50:59,540.75
2022-03-29 04:51:04,540.79
2022-03-29 04:51:09,540.76
2022-03-29 04:51:14,540.76
2022-03-29 04:51:19,540.79
2022-03-29 04:51:24,540.79
2022-03-29 04:51:29,526.4314433677898
2022-03-29 04:51:34,540.8
2022-03-29 04:51:39,540.79
2022-03-29 04:51:44,540.79
2022-03-29 04:51:49,540.79
2022-03-29 04:51:54,540.8
2022-03-29 04:51:59,526.412117199397
2022-03-29 04:52:04,540.8
2022-03-29 04:52:09,540.8
2022-03-29 04:52:14,540.8
2022-03-29 04:52:19,540.8
2022-03-29 04:52:24,540.8
2022-03-29 04:52:29,540.8
2022-03-29 04:52:34,540.8
2022-03-29 04:52:39,540.8
2022-03-29 04:52:44,540.8
2022-03-29 04:52:49,540.77
2022-03-29 04:52:54,540.77
2022-03-29 04:52:59,540.78
2022-03-29 04:53:04,540.78
2022-03-29 04:53:09,540.71
2022-03-29 04:53:14,540.71
2022-03-29 04:53:19,540.78
2022-03-29 04:53:24,540.65
2022-03-29 04:53:29,540.71
2022-03-29 04:53:34,526.3212755998824
2022-03-29 04:53:39,540.65
2022-03-29 04:53:44,540.72
2022-03-29 04:53:49,540.59
2022-03-29 04:53:54,540.65
2022-03-29 04:53:59,526.2899543820557
2022-03-29 04:54:04,526.2833224029807
2022-03-29 04:54:09,540.59
2022-03-29 04:54:14,540.52
2022-03-29 04:54:19,540.52
2022-03-29 04:54:24,540.53
2022-03-29 04:54:29,540.53
2022-03-29 04:54:34,540.53
2022-03-29 04:54:39,540.53
2022-03-29 04:54:44,540.53
2022-03-29 04:54:49,540.53
2022-03-29 04:54:54,540.5
2022-03-29 04:54:59,540.53
2022-03-29 04:55:04,540.52
2022-03-29 04:55:09,540.49
2022-03-29 04:55:14,540.53
2022-03-29 04:55:19,540.53
2022-03-29 04:55:24,540.53
2022-03-29 04:55:29,540.53
2022-03-29 04:55:34,540.53
2022-03-29 04:55:39,540.5
2022-03-29 04:55:44,540.5
2022-03-29 04:55:49,540.5
2022-03-29 04:55:54,540.5
2022-03-29 04:55:59,540.5
2022-03-29 04:56:04,540.5
2022-03-29 04:56:09,540.53
2022-03-29 04:56:14,540.5
2022-03-29 04:56:19,526.058430102393
2022-03-29 04:56:24,540.49
2022-03-29 04:56:29,540.53
2022-03-29 04:56:34,540.49
2022-03-29 04:56:39,540.49
2022-03-29 04:56:44,540.5
2022-03-29 04:56:49,540.5
2022-03-29 04:56:54,525.985865972031
2022-03-29 04:56:59,540.53
2022-03-29 04:57:04,540.49
2022-03-29 04:57:09,540.49
2022-03-29 04:57:14,540.43
2022-03-29 04:57:19,540.43
2022-03-29 04:57:24,525.9190583769127
2022-03-29 04:57:29,540.43
2022-03-29 04:57:34,540.42
2022-03-29 04:57:39,540.42
2022-03-29 04:57:44,525.8721697826882
2022-03-29 04:57:49,540.42
2022-03-29 04:57:54,540.36
2022-03-29 04:57:59,540.29
2022-03-29 04:58:04,540.29
2022-03-29 04:58:09,540.29
2022-03-29 04:58:14,540.29
2022-03-29 04:58:19,540.29
2022-03-29 04:58:24,540.29
2022-03-29 04:58:29,540.29
2022-03-29 04:58:34,540.26
2022-03-29 04:58:39,540.29
2022-03-29 04:58:44,540.29
2022-03-29 04:58:49,540.25
2022-03-29 04:58:54,540.29
2022-03-29 04:58:59,540.28
2022-03-29 04:59:04,540.28
2022-03-29 04:59:09,540.28
2022-03-29 04:59:14,540.25
2022-03-29 04:59:19,540.25
2022-03-29 04:59:24,540.25
2022-03-29 04:59:29,540.28
2022-03-29 04:59:34,540.28
2022-03-29 04:59:39,540.28
2022-03-29 04:59:44,540.28
2022-03-29 04:59:49,540.28
2022-03-29 04:59:54,540.28
2022-03-29 04:59:59,540.28
2022-03-29 05:00:04,540.35
2022-03-29 05:00:09,540.28
2022-03-29 05:00:14,540.28
2022-03-29 05:00:19,525.4461521569255
2022-03-29 05:00:24,540.28
2022-03-29 05:00:29,540.28
2022-03-29 05:00:34,540.28
2022-03-29 05:00:39,525.383473393212
2022-03-29 05:00:44,540.28
2022-03-29 05:00:49,540.25
2022-03-29 05:00:54,540.28
2022-03-29 05:00:59,540.25
2022-03-29 05:01:04,540.28
2022-03-29 05:01:09,540.28
2022-03-29 05:01:14,540.18
2022-03-29 05:01:19,525.2534220171868
2022-03-29 05:01:24,525.236745117862
2022-03-29 05:01:29,540.12
2022-03-29 05:01:34,540.06
2022-03-29 05:01:39,540.06
2022-03-29 05:01:44,539.99
2022-03-29 05:01:49,539.99
2022-03-29 05:01:54,539.96
2022-03-29 05:01:59,539.96
2022-03-29 05:02:04,539.96
2022-03-29 05:02:09,539.9
2022-03-29 05:02:14,539.83
2022-03-29 05:02:19,539.84
2022-03-29 05:02:24,539.77
2022-03-29 05:02:29,539.77
2022-03-29 05:02:34,539.77
2022-03-29 05:02:39,539.77
2022-03-29 05:02:44,539.74
2022-03-29 05:02:49,539.74
2022-03-29 05:02:54,539.68
2022-03-29 05:02:59,539.68
2022-03-29 05:03:04,539.68
2022-03-29 05:03:09,539.62
2022-03-29 05:03:14,539.62
2022-03-29 05:03:19,539.62
2022-03-29 05:03:24,539.55
2022-03-29 05:03:29,524.7931515696657
2022-03-29 05:03:34,539.49
2022-03-29 05:03:39,539.49
2022-03-29 05:03:44,539.46
2022-03-29 05:03:49,524.7179989539785
2022-03-29 05:03:54,539.39
2022-03-29 05:03:59,539.4
2022-03-29 05:04:04,539.4
2022-03-29 05:04:09,539.34
2022-03-29 05:04:14,524.6226934733255
2022-03-29 05:04:19,539.34
2022-03-29 05:04:24,539.34
2022-03-29 05:04:29,524.5648305137744
2022-03-29 05:04:34,539.34
2022-03-29 05:04:39,539.27
2022-03-29 05:04:44,539.24
2022-03-29 05:04:49,524.4869431552062
2022-03-29 05:04:54,539.25
2022-03-29 05:04:59,539.25
2022-03-29 05:05:04,539.18
2022-03-29 05:05:09,539.25
2022-03-29 05:05:14,539.18
2022-03-29 05:05:19,539.12
2022-03-29 05:05:24,539.12
2022-03-29 05:05:29,539.12
2022-03-29 05:05:34,538.99
2022-03-29 05:05:39,538.99
2022-03-29 05:05:44,539.0
2022-03-29 05:05:49,539.0
2022-03-29 05:05:54,538.9
2022-03-29 05:05:59,538.9
2022-03-29 05:06:04,538.9
2022-03-29 05:06:09,538.83
2022-03-29 05:06:14,538.83
2022-03-29 05:06:19,538.83
2022-03-29 05:06:24,538.83
2022-03-29 05:06:29,538.77
2022-03-29 05:06:34,538.77
2022-03-29 05:06:39,538.77
2022-03-29 05:06:44,538.74
2022-03-29 05:06:49,524.0054217426543
2022-03-29 05:06:54,538.74
2022-03-29 05:06:59,538.67
2022-03-29 05:07:04,523.9439403125064
2022-03-29 05:07:09,538.68
2022-03-29 05:07:14,538.67
2022-03-29 05:07:19,523.8822622647388
2022-03-29 05:07:24,538.61
2022-03-29 05:07:29,538.61
2022-03-29 05:07:34,523.8204146976376
2022-03-29 05:07:39,538.54
2022-03-29 05:07:44,538.54
2022-03-29 05:07:49,538.54
2022-03-29 05:07:54,538.54
2022-03-29 05:07:59,538.54
2022-03-29 05:08:04,538.48
2022-03-29 05:08:09,538.54
2022-03-29 05:08:14,538.48
2022-03-29 05:08:19,538.48
2022-03-29 05:08:24,538.48
2022-03-29 05:08:29,538.48
2022-03-29 05:08:34,538.45
2022-03-29 05:08:39,538.48
2022-03-29 05:08:44,538.48
2022-03-29 05:08:49,538.48
2022-03-29 05:08:54,538.44
2022-03-29 05:08:59,538.44
2022-03-29 05:09:04,523.4472868930436
2022-03-29 05:09:09,538.44
2022-03-29 05:09:14,538.38
2022-03-29 05:09:19,538.44
2022-03-29 05:09:24,538.37
2022-03-29 05:09:29,538.38
2022-03-29 05:09:34,538.31
2022-03-29 05:09:39,538.31
2022-03-29 05:09:44,538.31
2022-03-29 05:09:49,538.24
2022-03-29 05:09:54,538.24
2022-03-29 05:09:59,538.24
2022-03-29 05:10:04,538.21
2022-03-29 05:10:09,538.24
2022-03-29 05:10:14,538.21
2022-03-29 05:10:19,538.21
2022-03-29 05:10:24,523.1160452819659
2022-03-29 05:10:29,538.14
2022-03-29 05:10:34,538.07
2022-03-29 05:10:39,523.0543350577143
2022-03-29 05:10:44,523.0338062650317
2022-03-29 05:10:49,538.07
2022-03-29 05:10:54,538.07
2022-03-29 05:10:59,538.07
2022-03-29 05:11:04,538.01
2022-03-29 05:11:09,537.94
2022-03-29 05:11:14,537.94
2022-03-29 05:11:19,522.8907857056008
2022-03-29 05:11:24,537.91
2022-03-29 05:11:29,537.85
2022-03-29 05:11:34,537.91
2022-03-29 05:11:39,537.85
2022-03-29 05:11:44,537.78
2022-03-29 05:11:49,537.78
2022-03-29 05:11:54,537.78
2022-03-29 05:11:59,537.71
2022-03-29 05:12:04,537.71
2022-03-29 05:12:09,537.68
2022-03-29 05:12:14,522.6690761783937
2022-03-29 05:12:19,537.61
2022-03-29 05:12:24,537.55
2022-03-29 05:12:29,537.55
2022-03-29 05:12:34,537.49
2022-03-29 05:12:39,537.49
2022-03-29 05:12:44,537.42
2022-03-29 05:12:49,537.39
2022-03-29 05:12:54,537.32
2022-03-29 05:12:59,537.26
2022-03-29 05:13:04,537.26
2022-03-29 05:13:09,522.4522525454825
2022-03-29 05:13:14,537.2
2022-03-29 05:13:19,537.2
2022-03-29 05:13:24,537.16
2022-03-29 05:13:29,537.1
2022-03-29 05:13:34,537.1
2022-03-29 05:13:39,537.03
2022-03-29 05:13:44,522.317424231621
2022-03-29 05:13:49,522.2983837420429
2022-03-29 05:13:54,536.97
2022-03-29 05:13:59,536.91
2022-03-29 05:14:04,536.88
2022-03-29 05:14:09,536.87
2022-03-29 05:14:14,536.81
2022-03-29 05:14:19,536.81
2022-03-29 05:14:24,536.75
2022-03-29 05:14:29,522.1480967383065
2022-03-29 05:14:34,536.69
2022-03-29 05:14:39,536.65
2022-03-29 05:14:44,536.65
2022-03-29 05:14:49,536.65
2022-03-29 05:14:54,536.59
2022-03-29 05:14:59,522.0378040539185
2022-03-29 05:15:04,536.53
2022-03-29 05:15:09,536.53
2022-03-29 05:15:14,536.46
2022-03-29 05:15:19,536.46
2022-03-29 05:15:24,536.4
2022-03-29 05:15:29,536.4
2022-03-29 05:15:34,521.9118237291502
2022-03-29 05:15:39,536.37
2022-03-29 05:15:44,536.37
2022-03-29 05:15:49,536.31
2022-03-29 05:15:54,536.3
2022-03-29 05:15:59,536.24
2022-03-29 05:16:04,536.31
2022-03-29 05:16:09,536.24
2022-03-29 05:16:14,536.24
2022-03-29 05:16:19,536.18
2022-03-29 05:16:24,536.15
2022-03-29 05:16:29,521.7198914753839
2022-03-29 05:16:34,536.09
2022-03-29 05:16:39,536.15
2022-03-29 05:16:44,536.02
2022-03-29 05:16:49,536.09
2022-03-29 05:16:54,536.02
2022-03-29 05:16:59,535.96
2022-03-29 05:17:04,535.96
2022-03-29 05:17:09,535.96
2022-03-29 05:17:14,535.9
2022-03-29 05:17:19,535.9
2022-03-29 05:17:24,521.5355947267911
2022-03-29 05:17:29,535.81
2022-03-29 05:17:34,535.8
2022-03-29 05:17:39,535.8
2022-03-29 05:17:44,535.74
2022-03-29 05:17:49,535.74
2022-03-29 05:17:54,535.74
2022-03-29 05:17:59,535.74
2022-03-29 05:18:04,535.68
2022-03-29 05:18:09,521.3906902466556
2022-03-29 05:18:14,535.64
2022-03-29 05:18:19,535.65
2022-03-29 05:18:24,535.58
2022-03-29 05:18:29,535.52
2022-03-29 05:18:34,521.3125400150319
2022-03-29 05:18:39,535.45
2022-03-29 05:18:44,535.39
2022-03-29 05:18:49,535.39
2022-03-29 05:18:54,535.39
2022-03-29 05:18:59,535.39
2022-03-29 05:19:04,535.29
2022-03-29 05:19:09,535.29
2022-03-29 05:19:14,535.29
2022-03-29 05:19:19,521.176209852427
2022-03-29 05:19:24,535.16
2022-03-29 05:19:29,535.16
2022-03-29 05:19:34,535.13
2022-03-29 05:19:39,535.13
2022-03-29 05:19:44,535.13
2022-03-29 05:19:49,535.06
2022-03-29 05:19:54,535.06
2022-03-29 05:19:59,535.0
2022-03-29 05:20:04,521.0455965482221
2022-03-29 05:20:09,534.93
2022-03-29 05:20:14,534.93
2022-03-29 05:20:19,534.93
2022-03-29 05:20:24,534.87
2022-03-29 05:20:29,534.87
2022-03-29 05:20:34,534.87
2022-03-29 05:20:39,534.83
2022-03-29 05:20:44,534.84
2022-03-29 05:20:49,520.9208603784324
2022-03-29 05:20:54,534.77
2022-03-29 05:20:59,534.77
2022-03-29 05:21:04,534.77
2022-03-29 05:21:09,534.71
2022-03-29 05:21:14,534.71
2022-03-29 05:21:19,534.7
2022-03-29 05:21:24,534.7
2022-03-29 05:21:29,534.64
2022-03-29 05:21:34,534.64
2022-03-29 05:21:39,534.6
2022-03-29 05:21:44,534.6
2022-03-29 05:21:49,534.6
2022-03-29 05:21:54,534.6
2022-03-29 05:21:59,520.7388856165248
2022-03-29 05:22:04,534.53
2022-03-29 05:22:09,534.6
2022-03-29 05:22:14,534.53
2022-03-29 05:22:19,534.53
2022-03-29 05:22:24,534.6
2022-03-29 05:22:29,534.53
2022-03-29 05:22:34,520.653565154203
2022-03-29 05:22:39,534.6
2022-03-29 05:22:44,534.53
2022-03-29 05:22:49,520.618182138669
2022-03-29 05:22:54,534.59
2022-03-29 05:22:59,534.53
2022-03-29 05:23:04,534.59
2022-03-29 05:23:09,534.53
2022-03-29 05:23:14,534.53
2022-03-29 05:23:19,534.59
2022-03-29 05:23:24,534.53
2022-03-29 05:23:29,534.52
2022-03-29 05:23:34,534.52
2022-03-29 05:23:39,534.52
2022-03-29 05:23:44,534.52
2022-03-29 05:23:49,534.58
2022-03-29 05:23:54,534.58
2022-03-29 05:23:59,534.58
2022-03-29 05:24:04,534.59
2022-03-29 05:24:09,520.4417490363976
2022-03-29 05:24:14,534.58
2022-03-29 05:24:19,534.58
2022-03-29 05:24:24,534.62
2022-03-29 05:24:29,534.58
2022-03-29 05:24:34,534.62
2022-03-29 05:24:39,534.58
2022-03-29 05:24:44,534.62
2022-03-29 05:24:49,534.68
2022-03-29 05:24:54,534.68
2022-03-29 05:24:59,520.3422541138953
2022-03-29 05:25:04,534.68
2022-03-29 05:25:09,534.74
2022-03-29 05:25:14,534.74
2022-03-29 05:25:19,534.81
2022-03-29 05:25:24,534.81
2022-03-29 05:25:29,534.81
2022-03-29 05:25:34,534.84
2022-03-29 05:25:39,534.84
2022-03-29 05:25:44,534.84
2022-03-29 05:25:49,534.84
2022-03-29 05:25:54,534.91
2022-03-29 05:25:59,534.97
2022-03-29 05:26:04,534.97
2022-03-29 05:26:09,534.97
2022-03-29 05:26:14,520.2091170854197
2022-03-29 05:26:19,535.04
2022-03-29 05:26:24,535.04
2022-03-29 05:26:29,535.1
2022-03-29 05:26:34,520.1769586574327
2022-03-29 05:26:39,520.1691427660152
2022-03-29 05:26:44,535.1
2022-03-29 05:26:49,535.1
2022-03-29 05:26:54,535.1
2022-03-29 05:26:59,535.13
2022-03-29 05:27:04,520.1314165952707
2022-03-29 05:27:09,535.1
2022-03-29 05:27:14,535.14
2022-03-29 05:27:19,535.14
2022-03-29 05:27:24,535.14
2022-03-29 05:27:29,535.14
2022-03-29 05:27:34,535.14
2022-03-29 05:27:39,535.14
2022-03-29 05:27:44,535.14
2022-03-29 05:27:49,520.0692647519561
2022-03-29 05:27:54,535.11
2022-03-29 05:27:59,535.11
2022-03-29 05:28:04,535.11
2022-03-29 05:28:09,535.05
2022-03-29 05:28:14,535.05
2022-03-29 05:28:19,535.11
2022-03-29 05:28:24,535.05
2022-03-29 05:28:29,534.99
2022-03-29 05:28:34,535.05
2022-03-29 05:28:39,535.05
2022-03-29 05:28:44,535.05
2022-03-29 05:28:49,535.05
2022-03-29 05:28:54,534.99
2022-03-29 05:28:59,535.05
2022-03-29 05:29:04,534.99
2022-03-29 05:29:09,534.99
2022-03-29 05:29:14,534.99
2022-03-29 05:29:19,534.99
2022-03-29 05:29:24,534.99
2022-03-29 05:29:29,534.99
2022-03-29 05:29:34,534.93
2022-03-29 05:29:39,534.93
2022-03-29 05:29:44,534.93
2022-03-29 05:29:49,534.93
2022-03-29 05:29:54,534.93
2022-03-29 05:29:59,534.87
2022-03-29 05:30:04,534.87
2022-03-29 05:30:09,534.87
2022-03-29 05:30:14,534.87
2022-03-29 05:30:19,534.87
2022-03-29 05:30:24,534.93
2022-03-29 05:30:29,534.84
2022-03-29 05:30:34,534.87
2022-03-29 05:30:39,534.84
2022-03-29 05:30:44,534.77
2022-03-29 05:30:49,534.77
2022-03-29 05:30:54,534.77
2022-03-29 05:30:59,534.71
2022-03-29 05:31:04,534.71
2022-03-29 05:31:09,534.71
2022-03-29 05:31:14,534.71
2022-03-29 05:31:19,534.64
2022-03-29 05:31:24,534.64
2022-03-29 05:31:29,534.61
2022-03-29 05:31:34,534.61
2022-03-29 05:31:39,534.61
2022-03-29 05:31:44,519.878862470373
2022-03-29 05:31:49,534.54
2022-03-29 05:31:54,534.54
2022-03-29 05:31:59,534.48
2022-03-29 05:32:04,534.48
2022-03-29 05:32:09,534.48
2022-03-29 05:32:14,534.42
2022-03-29 05:32:19,534.35
2022-03-29 05:32:24,534.32
2022-03-29 05:32:29,534.32
2022-03-29 05:32:34,534.25
2022-03-29 05:32:39,534.25
2022-03-29 05:32:44,534.19
2022-03-29 05:32:49,534.19
2022-03-29 05:32:54,534.12
2022-03-29 05:32:59,519.872127094114
2022-03-29 05:33:04,534.12
2022-03-29 05:33:09,534.09
2022-03-29 05:33:14,534.09
2022-03-29 05:33:19,534.03
2022-03-29 05:33:24,533.96
2022-03-29 05:33:29,533.89
2022-03-29 05:33:34,533.89
2022-03-29 05:33:39,533.89
2022-03-29 05:33:44,533.89
2022-03-29 05:33:49,533.89
2022-03-29 05:33:54,519.8859053467772
2022-03-29 05:33:59,533.82
2022-03-29 05:34:04,533.73
2022-03-29 05:34:09,533.73
2022-03-29 05:34:14,519.8950235514299
2022-03-29 05:34:19,533.66
2022-03-29 05:34:24,533.66
2022-03-29 05:34:29,533.59
2022-03-29 05:34:34,533.59
2022-03-29 05:34:39,519.9095928438172
2022-03-29 05:34:44,533.56
2022-03-29 05:34:49,533.5
2022-03-29 05:34:54,533.49
2022-03-29 05:34:59,533.49
2022-03-29 05:35:04,533.43
2022-03-29 05:35:09,533.43
2022-03-29 05:35:14,533.36
2022-03-29 05:35:19,533.29
2022-03-29 05:35:24,533.3
2022-03-29 05:35:29,533.3
2022-03-29 05:35:34,533.26
2022-03-29 05:35:39,533.26
2022-03-29 05:35:44,533.2
2022-03-29 05:35:49,533.2
2022-03-29 05:35:54,533.13
2022-03-29 05:35:59,533.13
2022-03-29 05:36:04,533.13
2022-03-29 05:36:09,533.07
2022-03-29 05:36:14,519.9983795389318
2022-03-29 05:36:19,533.07
2022-03-29 05:36:24,533.04
2022-03-29 05:36:29,520.0174154507916
2022-03-29 05:36:34,532.97
2022-03-29 05:36:39,533.03
2022-03-29 05:36:44,532.97
2022-03-29 05:36:49,532.9
2022-03-29 05:36:54,532.9
2022-03-29 05:36:59,532.9
2022-03-29 05:37:04,532.9
2022-03-29 05:37:09,532.9
2022-03-29 05:37:14,532.84
2022-03-29 05:37:19,520.091169100736
2022-03-29 05:37:24,532.84
2022-03-29 05:37:29,532.84
2022-03-29 05:37:34,532.78
2022-03-29 05:37:39,532.78
2022-03-29 05:37:44,532.78
2022-03-29 05:37:49,532.74
2022-03-29 05:37:54,532.68
2022-03-29 05:37:59,532.68
2022-03-29 05:38:04,532.62
2022-03-29 05:38:09,532.55
2022-03-29 05:38:14,532.52
2022-03-29 05:38:19,520.2012559579473
2022-03-29 05:38:24,532.39
2022-03-29 05:38:29,532.39
2022-03-29 05:38:34,532.26
2022-03-29 05:38:39,532.26
2022-03-29 05:38:44,532.23
2022-03-29 05:38:49,532.1
2022-03-29 05:38:54,532.04
2022-03-29 05:38:59,532.01
2022-03-29 05:39:04,531.94
2022-03-29 05:39:09,531.88
2022-03-29 05:39:14,531.75
2022-03-29 05:39:19,531.72
2022-03-29 05:39:24,531.66
2022-03-29 05:39:29,531.59
2022-03-29 05:39:34,531.49
2022-03-29 05:39:39,531.37
2022-03-29 05:39:44,531.3
2022-03-29 05:39:49,520.4127063405108
2022-03-29 05:39:54,531.21
2022-03-29 05:39:59,531.08
2022-03-29 05:40:04,530.98
2022-03-29 05:40:09,530.92
2022-03-29 05:40:14,530.86
2022-03-29 05:40:19,530.73
2022-03-29 05:40:24,530.69
2022-03-29 05:40:29,530.57
2022-03-29 05:40:34,530.57
2022-03-29 05:40:39,530.51
2022-03-29 05:40:44,530.48
2022-03-29 05:40:49,530.48
2022-03-29 05:40:54,530.41
2022-03-29 05:40:59,530.41
2022-03-29 05:41:04,530.35
2022-03-29 05:41:09,530.28
2022-03-29 05:41:14,530.28
2022-03-29 05:41:19,530.29
2022-03-29 05:41:24,530.29
2022-03-29 05:41:29,530.22
2022-03-29 05:41:34,530.23
2022-03-29 05:41:39,530.23
2022-03-29 05:41:44,530.23
2022-03-29 05:41:49,530.19
2022-03-29 05:41:54,520.804536754226
2022-03-29 05:41:59,530.19
2022-03-29 05:42:04,530.2
2022-03-29 05:42:09,530.2
2022-03-29 05:42:14,530.2
2022-03-29 05:42:19,530.2
2022-03-29 05:42:24,530.14
2022-03-29 05:42:29,530.23
2022-03-29 05:42:34,530.2
2022-03-29 05:42:39,530.2
2022-03-29 05:42:44,530.2
2022-03-29 05:42:49,530.2
2022-03-29 05:42:54,530.2
2022-03-29 05:42:59,530.2
2022-03-29 05:43:04,530.23
2022-03-29 05:43:09,530.24
2022-03-29 05:43:14,530.23
2022-03-29 05:43:19,530.3
2022-03-29 05:43:24,530.3
2022-03-29 05:43:29,530.3
2022-03-29 05:43:34,530.3
2022-03-29 05:43:39,530.36
2022-03-29 05:43:44,530.43
2022-03-29 05:43:49,521.2659593683742
2022-03-29 05:43:54,530.43
2022-03-29 05:43:59,530.43
2022-03-29 05:44:04,530.52
2022-03-29 05:44:09,530.53
2022-03-29 05:44:14,530.59
2022-03-29 05:44:19,530.66
2022-03-29 05:44:24,530.66
2022-03-29 05:44:29,530.72
2022-03-29 05:44:34,530.75
2022-03-29 05:44:39,530.88
2022-03-29 05:44:44,530.88
2022-03-29 05:44:49,530.94
2022-03-29 05:44:54,521.5625684282224
2022-03-29 05:44:59,531.04
2022-03-29 05:45:04,531.1
2022-03-29 05:45:09,531.1
2022-03-29 05:45:14,531.26
2022-03-29 05:45:19,531.26
2022-03-29 05:45:24,531.26
2022-03-29 05:45:29,521.7311761536503
2022-03-29 05:45:34,531.39
2022-03-29 05:45:39,531.45
2022-03-29 05:45:44,531.55
2022-03-29 05:45:49,531.61
2022-03-29 05:45:54,531.67
2022-03-29 05:45:59,531.68
2022-03-29 05:46:04,531.74
2022-03-29 05:46:09,531.77
2022-03-29 05:46:14,531.77
2022-03-29 05:46:19,531.83
2022-03-29 05:46:24,531.83
2022-03-29 05:46:29,531.89
2022-03-29 05:46:34,531.89
2022-03-29 05:46:39,522.0840564651728
2022-03-29 05:46:44,532.02
2022-03-29 05:46:49,522.1359509669279
2022-03-29 05:46:54,532.05
2022-03-29 05:46:59,532.05
2022-03-29 05:47:04,532.05
2022-03-29 05:47:09,532.11
2022-03-29 05:47:14,532.11
2022-03-29 05:47:19,532.11
2022-03-29 05:47:24,532.11
2022-03-29 05:47:29,522.346657440864
2022-03-29 05:47:34,532.24
2022-03-29 05:47:39,532.27
2022-03-29 05:47:44,532.27
2022-03-29 05:47:49,532.33
2022-03-29 05:47:54,532.27
2022-03-29 05:47:59,532.33
2022-03-29 05:48:04,532.33
2022-03-29 05:48:09,532.33
2022-03-29 05:48:14,532.39
2022-03-29 05:48:19,532.46
2022-03-29 05:48:24,532.52
2022-03-29 05:48:29,522.6705100143563
2022-03-29 05:48:34,532.56
2022-03-29 05:48:39,532.62
2022-03-29 05:48:44,532.62
2022-03-29 05:48:49,532.68
2022-03-29 05:48:54,532.75
2022-03-29 05:48:59,532.75
2022-03-29 05:49:04,532.85
2022-03-29 05:49:09,532.78
2022-03-29 05:49:14,532.91
2022-03-29 05:49:19,532.85
2022-03-29 05:49:24,532.91
2022-03-29 05:49:29,532.91
2022-03-29 05:49:34,532.97
2022-03-29 05:49:39,533.04
2022-03-29 05:49:44,533.04
2022-03-29 05:49:49,533.07
2022-03-29 05:49:54,533.07
2022-03-29 05:49:59,533.13
2022-03-29 05:50:04,533.13
2022-03-29 05:50:09,533.2
2022-03-29 05:50:14,533.2
2022-03-29 05:50:19,533.26
2022-03-29 05:50:24,533.27
2022-03-29 05:50:29,533.27
2022-03-29 05:50:34,533.3
2022-03-29 05:50:39,533.3
2022-03-29 05:50:44,533.3
2022-03-29 05:50:49,533.36
2022-03-29 05:50:54,523.4741883612581
2022-03-29 05:50:59,533.36
2022-03-29 05:51:04,533.36
2022-03-29 05:51:09,533.36
2022-03-29 05:51:14,533.36
2022-03-29 05:51:19,533.36
2022-03-29 05:51:24,523.6412047944475
2022-03-29 05:51:29,533.36
2022-03-29 05:51:34,533.36
2022-03-29 05:51:39,533.36
2022-03-29 05:51:44,533.36
2022-03-29 05:51:49,533.37
2022-03-29 05:51:54,533.3
2022-03-29 05:51:59,533.37
2022-03-29 05:52:04,533.37
2022-03-29 05:52:09,533.37
2022-03-29 05:52:14,533.37
2022-03-29 05:52:19,533.31
2022-03-29 05:52:24,533.37
2022-03-29 05:52:29,533.31
2022-03-29 05:52:34,533.31
2022-03-29 05:52:39,533.28
2022-03-29 05:52:44,533.28
2022-03-29 05:52:49,533.21
2022-03-29 05:52:54,533.22
2022-03-29 05:52:59,533.22
2022-03-29 05:53:04,533.22
2022-03-29 05:53:09,533.15
2022-03-29 05:53:14,533.15
2022-03-29 05:53:19,533.16
2022-03-29 05:53:24,524.2989886493287
2022-03-29 05:53:29,533.15
2022-03-29 05:53:34,533.09
2022-03-29 05:53:39,533.06
2022-03-29 05:53:44,533.06
2022-03-29 05:53:49,533.06
2022-03-29 05:53:54,533.06
2022-03-29 05:53:59,533.06
2022-03-29 05:54:04,533.0
2022-03-29 05:54:09,533.0
2022-03-29 05:54:14,532.93
2022-03-29 05:54:19,533.0
2022-03-29 05:54:24,532.94
2022-03-29 05:54:29,532.93
2022-03-29 05:54:34,532.94
2022-03-29 05:54:39,532.87
2022-03-29 05:54:44,532.94
2022-03-29 05:54:49,532.81
2022-03-29 05:54:54,532.87
2022-03-29 05:54:59,532.81
2022-03-29 05:55:04,532.81
2022-03-29 05:55:09,532.88
2022-03-29 05:55:14,532.81
2022-03-29 05:55:19,524.8966471992761
2022-03-29 05:55:24,524.9215585045679
2022-03-29 05:55:29,532.78
2022-03-29 05:55:34,532.78
2022-03-29 05:55:39,532.72
2022-03-29 05:55:44,532.72
2022-03-29 05:55:49,532.72
2022-03-29 05:55:54,532.65
2022-03-29 05:55:59,532.65
2022-03-29 05:56:04,532.59
2022-03-29 05:56:09,532.59
2022-03-29 05:56:14,525.1647354407222
2022-03-29 05:56:19,532.65
2022-03-29 05:56:24,532.59
2022-03-29 05:56:29,532.59
2022-03-29 05:56:34,532.59
2022-03-29 05:56:39,532.59
2022-03-29 05:56:44,532.59
2022-03-29 05:56:49,532.59
2022-03-29 05:56:54,532.59
2022-03-29 05:56:59,532.59
2022-03-29 05:57:04,532.59
2022-03-29 05:57:09,532.59
2022-03-29 05:57:14,525.4428823580787
2022-03-29 05:57:19,532.65
2022-03-29 05:57:24,532.65
2022-03-29 05:57:29,532.59
2022-03-29 05:57:34,532.59
2022-03-29 05:57:39,532.58
2022-03-29 05:57:44,532.58
2022-03-29 05:57:49,532.65
2022-03-29 05:57:54,532.65
2022-03-29 05:57:59,532.64
2022-03-29 05:58:04,532.71
2022-03-29 05:58:09,532.71
2022-03-29 05:58:14,532.71
2022-03-29 05:58:19,532.71
2022-03-29 05:58:24,532.77
2022-03-29 05:58:29,532.77
2022-03-29 05:58:34,532.8
2022-03-29 05:58:39,532.81
2022-03-29 05:58:44,532.87
2022-03-29 05:58:49,532.87
2022-03-29 05:58:54,532.99
2022-03-29 05:58:59,525.8993543310522
2022-03-29 05:59:04,532.99
2022-03-29 05:59:09,533.09
2022-03-29 05:59:14,533.15
2022-03-29 05:59:19,533.22
2022-03-29 05:59:24,533.21
2022-03-29 05:59:29,533.28
2022-03-29 05:59:34,533.31
2022-03-29 05:59:39,533.37
2022-03-29 05:59:44,533.5
2022-03-29 05:59:49,533.5
2022-03-29 05:59:54,533.5
2022-03-29 05:59:59,533.6
2022-03-29 06:00:04,533.6
2022-03-29 06:00:09,533.66
2022-03-29 06:00:14,533.79
2022-03-29 06:00:19,533.82
2022-03-29 06:00:24,533.88
2022-03-29 06:00:29,526.2667569047253
2022-03-29 06:00:34,526.2866671590067
2022-03-29 06:00:39,534.11
2022-03-29 06:00:44,534.17
2022-03-29 06:00:49,526.3461317858927
2022-03-29 06:00:54,534.3
2022-03-29 06:00:59,534.33
2022-03-29 06:01:04,534.46
2022-03-29 06:01:09,534.53
2022-03-29 06:01:14,534.53
2022-03-29 06:01:19,534.68
2022-03-29 06:01:24,534.68
2022-03-29 06:01:29,534.75
2022-03-29 06:01:34,534.85
2022-03-29 06:01:39,534.85
2022-03-29 06:01:44,534.97
2022-03-29 06:01:49,534.98
2022-03-29 06:01:54,535.04
2022-03-29 06:01:59,535.04
2022-03-29 06:02:04,535.14
2022-03-29 06:02:09,535.14
2022-03-29 06:02:14,535.2
2022-03-29 06:02:19,535.33
2022-03-29 06:02:24,535.36
2022-03-29 06:02:29,535.43
2022-03-29 06:02:34,535.49
2022-03-29 06:02:39,535.49
2022-03-29 06:02:44,526.7918402001445
2022-03-29 06:02:49,535.62
2022-03-29 06:02:54,526.8300123555582
2022-03-29 06:02:59,535.72
2022-03-29 06:03:04,535.72
2022-03-29 06:03:09,535.78
2022-03-29 06:03:14,535.78
2022-03-29 06:03:19,535.85
2022-03-29 06:03:24,535.88
2022-03-29 06:03:29,535.88
2022-03-29 06:03:34,535.88
2022-03-29 06:03:39,535.95
2022-03-29 06:03:44,536.01
2022-03-29 06:03:49,536.01
2022-03-29 06:03:54,536.08
2022-03-29 06:03:59,536.14
2022-03-29 06:04:04,536.14
2022-03-29 06:04:09,536.17
2022-03-29 06:04:14,536.17
2022-03-29 06:04:19,536.24
2022-03-29 06:04:24,527.1722975767842
2022-03-29 06:04:29,527.1913227008121
2022-03-29 06:04:34,536.41
2022-03-29 06:04:39,536.47
2022-03-29 06:04:44,536.47
2022-03-29 06:04:49,536.53
2022-03-29 06:04:54,536.6
2022-03-29 06:04:59,536.6
2022-03-29 06:05:04,536.67
2022-03-29 06:05:09,536.7
2022-03-29 06:05:14,536.7
2022-03-29 06:05:19,536.76
2022-03-29 06:05:24,536.83
2022-03-29 06:05:29,536.83
2022-03-29 06:05:34,536.83
2022-03-29 06:05:39,536.83
2022-03-29 06:05:44,536.9
2022-03-29 06:05:49,536.84
2022-03-29 06:05:54,536.83
2022-03-29 06:05:59,536.84
2022-03-29 06:06:04,527.5557360611974
2022-03-29 06:06:09,536.9
2022-03-29 06:06:14,536.84
2022-03-29 06:06:19,536.84
2022-03-29 06:06:24,536.84
2022-03-29 06:06:29,527.6531328932174
2022-03-29 06:06:34,536.78
2022-03-29 06:06:39,536.71
2022-03-29 06:06:44,536.71
2022-03-29 06:06:49,536.71
2022-03-29 06:06:54,536.71
2022-03-29 06:06:59,536.62
2022-03-29 06:07:04,536.62
2022-03-29 06:07:09,536.49
2022-03-29 06:07:14,536.49
2022-03-29 06:07:19,536.43
2022-03-29 06:07:24,536.33
2022-03-29 06:07:29,536.2
2022-03-29 06:07:34,527.9109360047015
2022-03-29 06:07:39,536.1
2022-03-29 06:07:44,535.98
2022-03-29 06:07:49,535.88
2022-03-29 06:07:54,527.9918734131801
2022-03-29 06:07:59,535.59
2022-03-29 06:08:04,535.46
2022-03-29 06:08:09,535.4
2022-03-29 06:08:14,535.24
2022-03-29 06:08:19,535.14
2022-03-29 06:08:24,534.95
2022-03-29 06:08:29,534.85
2022-03-29 06:08:34,534.72
2022-03-29 06:08:39,534.63
2022-03-29 06:08:44,534.43
2022-03-29 06:08:49,528.21924607855
2022-03-29 06:08:54,534.14
2022-03-29 06:08:59,533.98
2022-03-29 06:09:04,533.92
2022-03-29 06:09:09,533.76
2022-03-29 06:09:14,533.59
2022-03-29 06:09:19,533.47
2022-03-29 06:09:24,533.34
2022-03-29 06:09:29,533.17
2022-03-29 06:09:34,533.02
2022-03-29 06:09:39,532.95
2022-03-29 06:09:44,532.79
2022-03-29 06:09:49,532.6
2022-03-29 06:09:54,532.44
2022-03-29 06:09:59,532.37
2022-03-29 06:10:04,528.5428493996664
2022-03-29 06:10:09,532.15
2022-03-29 06:10:14,528.5873198729915
2022-03-29 06:10:19,531.79
2022-03-29 06:10:24,531.76
2022-03-29 06:10:29,531.63
2022-03-29 06:10:34,531.47
2022-03-29 06:10:39,531.34
2022-03-29 06:10:44,531.27
2022-03-29 06:10:49,528.7452569418784
2022-03-29 06:10:54,531.01
2022-03-29 06:10:59,531.01
2022-03-29 06:11:04,528.8139554351174
2022-03-29 06:11:09,530.75
2022-03-29 06:11:14,530.59
2022-03-29 06:11:19,530.59
2022-03-29 06:11:24,530.5
2022-03-29 06:11:29,528.9296686703547
2022-03-29 06:11:34,530.3
2022-03-29 06:11:39,530.21
2022-03-29 06:11:44,530.07
2022-03-29 06:11:49,530.01
2022-03-29 06:11:54,530.01
2022-03-29 06:11:59,529.85
2022-03-29 06:12:04,529.78
2022-03-29 06:12:09,529.68
2022-03-29 06:12:14,529.62
2022-03-29 06:12:19,529.49
2022-03-29 06:12:24,529.39
2022-03-29 06:12:29,529.33
2022-03-29 06:12:34,529.27
2022-03-29 06:12:39,529.17
2022-03-29 06:12:44,529.1
2022-03-29 06:12:49,529.04
2022-03-29 06:12:54,528.97
2022-03-29 06:12:59,528.94
2022-03-29 06:13:04,528.87
2022-03-29 06:13:09,528.81
2022-03-29 06:13:14,529.42876276516
2022-03-29 06:13:19,528.68
2022-03-29 06:13:24,528.75
2022-03-29 06:13:29,528.68
2022-03-29 06:13:34,528.68
2022-03-29 06:13:39,528.65
2022-03-29 06:13:44,528.65
2022-03-29 06:13:49,528.65
2022-03-29 06:13:54,528.58
2022-03-29 06:13:59,528.65
2022-03-29 06:14:04,528.65
2022-03-29 06:14:09,528.65
2022-03-29 06:14:14,528.68
2022-03-29 06:14:19,529.7445228678217
2022-03-29 06:14:24,528.75
2022-03-29 06:14:29,528.68
2022-03-29 06:14:34,529.8177365566578
2022-03-29 06:14:39,528.81
2022-03-29 06:14:44,528.81
2022-03-29 06:14:49,529.8910044655349
2022-03-29 06:14:54,528.81
2022-03-29 06:14:59,529.9398621949207
2022-03-29 06:15:04,528.94
2022-03-29 06:15:09,528.94
2022-03-29 06:15:14,529.04
2022-03-29 06:15:19,528.97
2022-03-29 06:15:24,529.04
2022-03-29 06:15:29,529.11
2022-03-29 06:15:34,529.17
2022-03-29 06:15:39,529.17
2022-03-29 06:15:44,529.26
2022-03-29 06:15:49,529.26
2022-03-29 06:15:54,529.33
2022-03-29 06:15:59,529.4
2022-03-29 06:16:04,529.4
2022-03-29 06:16:09,529.49
2022-03-29 06:16:14,529.56
2022-03-29 06:16:19,529.62
2022-03-29 06:16:24,529.69
2022-03-29 06:16:29,529.72
2022-03-29 06:16:34,529.78
2022-03-29 06:16:39,529.92
2022-03-29 06:16:44,529.92
2022-03-29 06:16:49,529.98
2022-03-29 06:16:54,530.08
2022-03-29 06:16:59,530.14
2022-03-29 06:17:04,530.21
2022-03-29 06:17:09,530.24
2022-03-29 06:17:14,530.37
2022-03-29 06:17:19,530.37
2022-03-29 06:17:24,530.5
2022-03-29 06:17:29,530.53
2022-03-29 06:17:34,530.67
2022-03-29 06:17:39,530.714051913642
2022-03-29 06:17:44,530.73
2022-03-29 06:17:49,530.7614273365111
2022-03-29 06:17:54,530.89
2022-03-29 06:17:59,530.89
2022-03-29 06:18:04,530.96
2022-03-29 06:18:09,531.03
2022-03-29 06:18:14,531.06
2022-03-29 06:18:19,531.12
2022-03-29 06:18:24,531.19
2022-03-29 06:18:29,531.25
2022-03-29 06:18:34,531.35
2022-03-29 06:18:39,531.41
2022-03-29 06:18:44,531.55
2022-03-29 06:18:49,531.58
2022-03-29 06:18:54,531.64
2022-03-29 06:18:59,531.71
2022-03-29 06:19:04,531.87
2022-03-29 06:19:09,531.93
2022-03-29 06:19:14,532.06
2022-03-29 06:19:19,532.16
2022-03-29 06:19:24,531.2008894735045
2022-03-29 06:19:29,532.32
2022-03-29 06:19:34,532.45
2022-03-29 06:19:39,532.52
2022-03-29 06:19:44,532.61
2022-03-29 06:19:49,532.68
2022-03-29 06:19:54,532.81
2022-03-29 06:19:59,531.3568342020928
2022-03-29 06:20:04,532.97
2022-03-29 06:20:09,533.13
2022-03-29 06:20:14,533.2
2022-03-29 06:20:19,533.26
2022-03-29 06:20:24,533.33
2022-03-29 06:20:29,531.4873946470964
2022-03-29 06:20:34,533.49
2022-03-29 06:20:39,533.62
2022-03-29 06:20:44,533.65
2022-03-29 06:20:49,533.77
2022-03-29 06:20:54,531.5937859518222
2022-03-29 06:20:59,531.6147855066557
2022-03-29 06:21:04,533.94
2022-03-29 06:21:09,534.07
2022-03-29 06:21:14,534.06
2022-03-29 06:21:19,534.13
2022-03-29 06:21:24,534.16
2022-03-29 06:21:29,534.16
2022-03-29 06:21:34,534.23
2022-03-29 06:21:39,534.23
2022-03-29 06:21:44,534.29
2022-03-29 06:21:49,534.29
2022-03-29 06:21:54,534.29
2022-03-29 06:21:59,534.29
2022-03-29 06:22:04,531.8785620452904
2022-03-29 06:22:09,534.23
2022-03-29 06:22:14,534.29
2022-03-29 06:22:19,534.23
2022-03-29 06:22:24,534.22
2022-03-29 06:22:29,534.16
2022-03-29 06:22:34,534.16
2022-03-29 06:22:39,534.16
2022-03-29 06:22:44,534.16
2022-03-29 06:22:49,532.0501429474539
2022-03-29 06:22:54,534.22
2022-03-29 06:22:59,534.16
2022-03-29 06:23:04,534.22
2022-03-29 06:23:09,534.15
2022-03-29 06:23:14,534.15
2022-03-29 06:23:19,534.15
2022-03-29 06:23:24,534.22
2022-03-29 06:23:29,534.22
2022-03-29 06:23:34,534.28
2022-03-29 06:23:39,534.22
2022-03-29 06:23:44,534.28
2022-03-29 06:23:49,534.28
2022-03-29 06:23:54,534.28
2022-03-29 06:23:59,534.37
2022-03-29 06:24:04,534.37
2022-03-29 06:24:09,534.37
2022-03-29 06:24:14,532.3458040379318
2022-03-29 06:24:19,534.43
2022-03-29 06:24:24,534.43
2022-03-29 06:24:29,534.44
2022-03-29 06:24:34,534.5
2022-03-29 06:24:39,534.5
2022-03-29 06:24:44,534.56
2022-03-29 06:24:49,534.56
2022-03-29 06:24:54,534.5
2022-03-29 06:24:59,532.4854965694303
2022-03-29 06:25:04,534.43
2022-03-29 06:25:09,534.43
2022-03-29 06:25:14,534.43
2022-03-29 06:25:19,534.43
2022-03-29 06:25:24,534.37
2022-03-29 06:25:29,534.37
2022-03-29 06:25:34,534.33
2022-03-29 06:25:39,532.598918118014
2022-03-29 06:25:44,534.27
2022-03-29 06:25:49,534.14
2022-03-29 06:25:54,534.1
2022-03-29 06:25:59,534.11
2022-03-29 06:26:04,534.04
2022-03-29 06:26:09,533.98
2022-03-29 06:26:14,533.91
2022-03-29 06:26:19,533.85
2022-03-29 06:26:24,533.75
2022-03-29 06:26:29,533.75
2022-03-29 06:26:34,533.69
2022-03-29 06:26:39,532.748641084563
2022-03-29 06:26:44,533.59
2022-03-29 06:26:49,533.46
2022-03-29 06:26:54,532.7820310096956
2022-03-29 06:26:59,533.33
2022-03-29 06:27:04,533.3
2022-03-29 06:27:09,533.23
2022-03-29 06:27:14,533.17
2022-03-29 06:27:19,532.8339235893235
2022-03-29 06:27:24,533.07
2022-03-29 06:27:29,532.95
2022-03-29 06:27:34,532.88
2022-03-29 06:27:39,532.82
2022-03-29 06:27:44,532.81
2022-03-29 06:27:49,532.78
2022-03-29 06:27:54,532.72
2022-03-29 06:27:59,532.66
2022-03-29 06:28:04,532.59
2022-03-29 06:28:09,532.5
2022-03-29 06:28:14,532.9308635465278
2022-03-29 06:28:19,532.43
2022-03-29 06:28:24,532.37
2022-03-29 06:28:29,532.37
2022-03-29 06:28:34,532.31
2022-03-29 06:28:39,532.27
2022-03-29 06:28:44,532.973293847703
2022-03-29 06:28:49,532.27
2022-03-29 06:28:54,532.21
2022-03-29 06:28:59,532.21
2022-03-29 06:29:04,532.15
2022-03-29 06:29:09,532.15
2022-03-29 06:29:14,532.15
2022-03-29 06:29:19,532.08
2022-03-29 06:29:24,532.09
2022-03-29 06:29:29,533.0223877094094
2022-03-29 06:29:34,532.15
2022-03-29 06:29:39,532.21
2022-03-29 06:29:44,532.21
2022-03-29 06:29:49,532.21
2022-03-29 06:29:54,532.28
2022-03-29 06:29:59,532.32
2022-03-29 06:30:04,532.45
2022-03-29 06:30:09,532.45
2022-03-29 06:30:14,532.51
2022-03-29 06:30:19,533.055474017971
2022-03-29 06:30:24,532.61
2022-03-29 06:30:29,532.74
2022-03-29 06:30:34,532.74
2022-03-29 06:30:39,532.8
2022-03-29 06:30:44,532.84
2022-03-29 06:30:49,532.9
2022-03-29 06:30:54,533.03
2022-03-29 06:30:59,533.1
2022-03-29 06:31:04,533.1
2022-03-29 06:31:09,533.2
2022-03-29 06:31:14,533.26
2022-03-29 06:31:19,533.33
2022-03-29 06:31:24,533.32
2022-03-29 06:31:29,533.42
2022-03-29 06:31:34,533.0601064301457
2022-03-29 06:31:39,533.058409344938
2022-03-29 06:31:44,533.55
2022-03-29 06:31:49,533.55
2022-03-29 06:31:54,533.56
2022-03-29 06:31:59,533.62
2022-03-29 06:32:04,533.62
2022-03-29 06:32:09,533.62
2022-03-29 06:32:14,533.66
2022-03-29 06:32:19,533.62
2022-03-29 06:32:24,533.66
2022-03-29 06:32:29,533.0270563282924
2022-03-29 06:32:34,533.72
2022-03-29 06:32:39,533.72
2022-03-29 06:32:44,533.79
2022-03-29 06:32:49,533.79
2022-03-29 06:32:54,533.85
2022-03-29 06:32:59,533.85
2022-03-29 06:33:04,533.85
2022-03-29 06:33:09,533.95
2022-03-29 06:33:14,533.94
2022-03-29 06:33:19,533.94
2022-03-29 06:33:24,533.94
2022-03-29 06:33:29,534.01
2022-03-29 06:33:34,532.9457199038741
2022-03-29 06:33:39,534.14
2022-03-29 06:33:44,534.14
2022-03-29 06:33:49,534.17
2022-03-29 06:33:54,534.17
2022-03-29 06:33:59,534.17
2022-03-29 06:34:04,534.23
2022-03-29 06:34:09,534.23
2022-03-29 06:34:14,534.29
2022-03-29 06:34:19,534.3
2022-03-29 06:34:24,534.36
2022-03-29 06:34:29,534.36
2022-03-29 06:34:34,534.39
2022-03-29 06:34:39,534.39
2022-03-29 06:34:44,534.39
2022-03-29 06:34:49,534.46
2022-03-29 06:34:54,534.46
2022-03-29 06:34:59,534.52
2022-03-29 06:35:04,534.46
2022-03-29 06:35:09,534.52
2022-03-29 06:35:14,534.52
2022-03-29 06:35:19,534.52
2022-03-29 06:35:24,534.58
2022-03-29 06:35:29,534.58
2022-03-29 06:35:34,534.64
2022-03-29 06:35:39,534.64
2022-03-29 06:35:44,534.64
2022-03-29 06:35:49,534.67
2022-03-29 06:35:54,534.67
2022-03-29 06:35:59,534.67
2022-03-29 06:36:04,534.74
2022-03-29 06:36:09,534.74
2022-03-29 06:36:14,534.8
2022-03-29 06:36:19,534.86
2022-03-29 06:36:24,534.8
2022-03-29 06:36:29,534.8
2022-03-29 06:36:34,532.4595615297852
2022-03-29 06:36:39,534.8
2022-03-29 06:36:44,534.86
2022-03-29 06:36:49,534.86
2022-03-29 06:36:54,534.86
2022-03-29 06:36:59,534.89
2022-03-29 06:37:04,534.89
2022-03-29 06:37:09,534.89
2022-03-29 06:37:14,534.95
2022-03-29 06:37:19,534.95
2022-03-29 06:37:24,532.2508642368206
2022-03-29 06:37:29,534.95
2022-03-29 06:37:34,535.02
2022-03-29 06:37:39,535.08
2022-03-29 06:37:44,535.08
2022-03-29 06:37:49,535.14
2022-03-29 06:37:54,532.1092422752404
2022-03-29 06:37:59,535.14
2022-03-29 06:38:04,535.18
2022-03-29 06:38:09,535.24
2022-03-29 06:38:14,535.24
2022-03-29 06:38:19,535.3
2022-03-29 06:38:24,535.3
2022-03-29 06:38:29,535.37
2022-03-29 06:38:34,535.37
2022-03-29 06:38:39,531.8736370385792
2022-03-29 06:38:44,535.4
2022-03-29 06:38:49,535.4
2022-03-29 06:38:54,535.4
2022-03-29 06:38:59,535.4
2022-03-29 06:39:04,535.4
2022-03-29 06:39:09,535.4
2022-03-29 06:39:14,535.4
2022-03-29 06:39:19,535.4
2022-03-29 06:39:24,535.4
2022-03-29 06:39:29,535.4
2022-03-29 06:39:34,535.4
2022-03-29 06:39:39,535.4
2022-03-29 06:39:44,535.4
2022-03-29 06:39:49,535.46
2022-03-29 06:39:54,535.46
2022-03-29 06:39:59,535.53
2022-03-29 06:40:04,535.53
2022-03-29 06:40:09,535.59
2022-03-29 06:40:14,535.53
2022-03-29 06:40:19,535.6
2022-03-29 06:40:24,535.6
2022-03-29 06:40:29,535.6
2022-03-29 06:40:34,535.66
2022-03-29 06:40:39,535.66
2022-03-29 06:40:44,535.6
2022-03-29 06:40:49,535.66
2022-03-29 06:40:54,535.66
2022-03-29 06:40:59,535.66
2022-03-29 06:41:04,535.66
2022-03-29 06:41:09,535.6
2022-03-29 06:41:14,535.66
2022-03-29 06:41:19,535.67
2022-03-29 06:41:24,535.6
2022-03-29 06:41:29,535.6
2022-03-29 06:41:34,535.6
2022-03-29 06:41:39,535.6
2022-03-29 06:41:44,535.54
2022-03-29 06:41:49,535.47
2022-03-29 06:41:54,535.47
2022-03-29 06:41:59,535.47
2022-03-29 06:42:04,535.41
2022-03-29 06:42:09,535.41
2022-03-29 06:42:14,535.41
2022-03-29 06:42:19,530.4442813938989
2022-03-29 06:42:24,535.32
2022-03-29 06:42:29,535.32
2022-03-29 06:42:34,530.3376979285648
2022-03-29 06:42:39,535.19
2022-03-29 06:42:44,535.16
2022-03-29 06:42:49,535.16
2022-03-29 06:42:54,535.1
2022-03-29 06:42:59,535.1
2022-03-29 06:43:04,530.123808950636
2022-03-29 06:43:09,534.97
2022-03-29 06:43:14,534.97
2022-03-29 06:43:19,534.91
2022-03-29 06:43:24,534.91
2022-03-29 06:43:29,534.88
2022-03-29 06:43:34,534.81
2022-03-29 06:43:39,529.87446602988
2022-03-29 06:43:44,534.75
2022-03-29 06:43:49,534.75
2022-03-29 06:43:54,534.69
2022-03-29 06:43:59,534.69
2022-03-29 06:44:04,534.66
2022-03-29 06:44:09,529.6623462007964
2022-03-29 06:44:14,534.59
2022-03-29 06:44:19,529.5922009278249
2022-03-29 06:44:24,534.53
2022-03-29 06:44:29,534.53
2022-03-29 06:44:34,534.47
2022-03-29 06:44:39,534.47
2022-03-29 06:44:44,534.47
2022-03-29 06:44:49,534.4
2022-03-29 06:44:54,534.4
2022-03-29 06:44:59,534.37
2022-03-29 06:45:04,534.37
2022-03-29 06:45:09,534.37
2022-03-29 06:45:14,534.37
2022-03-29 06:45:19,534.37
2022-03-29 06:45:24,529.1470663921879
2022-03-29 06:45:29,534.31
2022-03-29 06:45:34,534.37
2022-03-29 06:45:39,534.31
2022-03-29 06:45:44,534.38
2022-03-29 06:45:49,534.37
2022-03-29 06:45:54,534.31
2022-03-29 06:45:59,534.31
2022-03-29 06:46:04,534.37
2022-03-29 06:46:09,534.4
2022-03-29 06:46:14,534.37
2022-03-29 06:46:19,534.37
2022-03-29 06:46:24,528.760653017975
2022-03-29 06:46:29,528.7298402597189
2022-03-29 06:46:34,534.47
2022-03-29 06:46:39,534.53
2022-03-29 06:46:44,534.47
2022-03-29 06:46:49,534.6
2022-03-29 06:46:54,534.66
2022-03-29 06:46:59,534.66
2022-03-29 06:47:04,528.5212169508295
2022-03-29 06:47:09,534.69
2022-03-29 06:47:14,534.76
2022-03-29 06:47:19,534.82
2022-03-29 06:47:24,534.82
2022-03-29 06:47:29,534.92
2022-03-29 06:47:34,528.3532971514542
2022-03-29 06:47:39,534.98
2022-03-29 06:47:44,528.2997924022832
2022-03-29 06:47:49,535.11
2022-03-29 06:47:54,535.17
2022-03-29 06:47:59,535.2
2022-03-29 06:48:04,535.27
2022-03-29 06:48:09,535.4
2022-03-29 06:48:14,528.1473349390205
2022-03-29 06:48:19,535.42
2022-03-29 06:48:24,535.49
2022-03-29 06:48:29,535.61
2022-03-29 06:48:34,535.68
2022-03-29 06:48:39,535.71
2022-03-29 06:48:44,535.84
2022-03-29 06:48:49,535.84
2022-03-29 06:48:54,535.94
2022-03-29 06:48:59,536.06
2022-03-29 06:49:04,536.13
2022-03-29 06:49:09,536.19
2022-03-29 06:49:14,536.23
2022-03-29 06:49:19,536.35
2022-03-29 06:49:24,536.42
2022-03-29 06:49:29,536.51
2022-03-29 06:49:34,536.64
2022-03-29 06:49:39,536.74
2022-03-29 06:49:44,536.87
2022-03-29 06:49:49,536.93
2022-03-29 06:49:54,537.02
2022-03-29 06:49:59,537.09
2022-03-29 06:50:04,537.21
2022-03-29 06:50:09,537.31
2022-03-29 06:50:14,537.44
2022-03-29 06:50:19,537.54
2022-03-29 06:50:24,537.6
2022-03-29 06:50:29,537.73
2022-03-29 06:50:34,527.6288725165375
2022-03-29 06:50:39,537.89
2022-03-29 06:50:44,537.98
2022-03-29 06:50:49,538.05
2022-03-29 06:50:54,538.18
2022-03-29 06:50:59,538.28
2022-03-29 06:51:04,538.34
2022-03-29 06:51:09,527.5586620730813
2022-03-29 06:51:14,538.5
2022-03-29 06:51:19,538.63
2022-03-29 06:51:24,538.69
2022-03-29 06:51:29,538.79
2022-03-29 06:51:34,538.85
2022-03-29 06:51:39,539.01
2022-03-29 06:51:44,539.08
2022-03-29 06:51:49,539.21
2022-03-29 06:51:54,539.21
2022-03-29 06:51:59,539.3
2022-03-29 06:52:04,539.43
2022-03-29 06:52:09,539.53
2022-03-29 06:52:14,539.59
2022-03-29 06:52:19,539.66
2022-03-29 06:52:24,539.72
2022-03-29 06:52:29,539.79
2022-03-29 06:52:34,539.82
2022-03-29 06:52:39,539.88
2022-03-29 06:52:44,539.95
2022-03-29 06:52:49,539.95
2022-03-29 06:52:54,540.01
2022-03-29 06:52:59,527.5257919261995
2022-03-29 06:53:04,540.17
2022-03-29 06:53:09,540.17
2022-03-29 06:53:14,527.5439517183129
2022-03-29 06:53:19,540.24
2022-03-29 06:53:24,540.3
2022-03-29 06:53:29,540.34
2022-03-29 06:53:34,540.34
2022-03-29 06:53:39,540.4
2022-03-29 06:53:44,540.47
2022-03-29 06:53:49,540.47
2022-03-29 06:53:54,540.53
2022-03-29 06:53:59,527.6289553691956
2022-03-29 06:54:04,540.57
2022-03-29 06:54:09,527.6538511862069
2022-03-29 06:54:14,540.63
2022-03-29 06:54:19,540.7
2022-03-29 06:54:24,540.7
2022-03-29 06:54:29,540.7
2022-03-29 06:54:34,540.76
2022-03-29 06:54:39,540.76
2022-03-29 06:54:44,540.83
2022-03-29 06:54:49,540.83
2022-03-29 06:54:54,540.86
2022-03-29 06:54:59,527.8093580732922
2022-03-29 06:55:04,540.93
2022-03-29 06:55:09,540.93
2022-03-29 06:55:14,540.99
2022-03-29 06:55:19,540.99
2022-03-29 06:55:24,540.99
2022-03-29 06:55:29,540.99
2022-03-29 06:55:34,541.06
2022-03-29 06:55:39,541.06
2022-03-29 06:55:44,541.06
2022-03-29 06:55:49,541.1
2022-03-29 06:55:54,541.1
2022-03-29 06:55:59,541.1
2022-03-29 06:56:04,541.1
2022-03-29 06:56:09,541.16
2022-03-29 06:56:14,541.16
2022-03-29 06:56:19,528.1577225905482
2022-03-29 06:56:24,541.16
2022-03-29 06:56:29,541.1
2022-03-29 06:56:34,541.17
2022-03-29 06:56:39,541.17
2022-03-29 06:56:44,541.17
2022-03-29 06:56:49,541.17
2022-03-29 06:56:54,541.17
2022-03-29 06:56:59,541.11
2022-03-29 06:57:04,541.11
2022-03-29 06:57:09,541.11
2022-03-29 06:57:14,541.17
2022-03-29 06:57:19,541.11
2022-03-29 06:57:24,541.11
2022-03-29 06:57:29,541.11
2022-03-29 06:57:34,541.11
2022-03-29 06:57:39,541.08
2022-03-29 06:57:44,541.11
2022-03-29 06:57:49,541.08
2022-03-29 06:57:54,541.01
2022-03-29 06:57:59,528.7427079633734
2022-03-29 06:58:04,541.07
2022-03-29 06:58:09,541.01
2022-03-29 06:58:14,541.01
2022-03-29 06:58:19,540.95
2022-03-29 06:58:24,540.95
2022-03-29 06:58:29,540.88
2022-03-29 06:58:34,540.88
2022-03-29 06:58:39,540.85
2022-03-29 06:58:44,529.0520796573986
2022-03-29 06:58:49,540.72
2022-03-29 06:58:54,540.72
2022-03-29 06:58:59,540.65
2022-03-29 06:59:04,540.59
2022-03-29 06:59:09,529.2346878225641
2022-03-29 06:59:14,540.49
2022-03-29 06:59:19,540.49
2022-03-29 06:59:24,529.3476527394539
2022-03-29 06:59:29,540.36
2022-03-29 06:59:34,540.27
2022-03-29 06:59:39,529.4630315183538
2022-03-29 06:59:44,540.2
2022-03-29 06:59:49,540.14
2022-03-29 06:59:54,540.07
2022-03-29 06:59:59,539.98
2022-03-29 07:00:04,539.91
2022-03-29 07:00:09,539.84
2022-03-29 07:00:14,539.81
2022-03-29 07:00:19,539.68
2022-03-29 07:00:24,539.68
2022-03-29 07:00:29,539.52
2022-03-29 07:00:34,539.46
2022-03-29 07:00:39,539.33
2022-03-29 07:00:44,539.23
2022-03-29 07:00:49,539.17
2022-03-29 07:00:54,539.04
2022-03-29 07:00:59,538.94
2022-03-29 07:01:04,538.81
2022-03-29 07:01:09,538.71
2022-03-29 07:01:14,538.65
2022-03-29 07:01:19,538.51
2022-03-29 07:01:24,530.3289137971528
2022-03-29 07:01:29,530.3723099102644
2022-03-29 07:01:34,538.25
2022-03-29 07:01:39,538.06
2022-03-29 07:01:44,537.99
2022-03-29 07:01:49,537.9
2022-03-29 07:01:54,537.77
2022-03-29 07:01:59,537.74
2022-03-29 07:02:04,537.61
2022-03-29 07:02:09,530.7250744780014
2022-03-29 07:02:14,537.38
2022-03-29 07:02:19,537.32
2022-03-29 07:02:24,537.16
2022-03-29 07:02:29,537.09
2022-03-29 07:02:34,536.96
2022-03-29 07:02:39,536.86
2022-03-29 07:02:44,536.73
2022-03-29 07:02:49,536.7
2022-03-29 07:02:54,536.57
2022-03-29 07:02:59,536.57
2022-03-29 07:03:04,536.41
2022-03-29 07:03:09,536.28
2022-03-29 07:03:14,536.18
2022-03-29 07:03:19,536.05
2022-03-29 07:03:24,535.93
2022-03-29 07:03:29,535.89
2022-03-29 07:03:34,535.76
2022-03-29 07:03:39,535.7
2022-03-29 07:03:44,535.6
2022-03-29 07:03:49,535.54
2022-03-29 07:03:54,535.47
2022-03-29 07:03:59,535.38
2022-03-29 07:04:04,535.31
2022-03-29 07:04:09,531.8256278809491
2022-03-29 07:04:14,535.15
2022-03-29 07:04:19,535.15
2022-03-29 07:04:24,535.09
2022-03-29 07:04:29,534.96
2022-03-29 07:04:34,534.95
2022-03-29 07:04:39,534.89
2022-03-29 07:04:44,534.86
2022-03-29 07:04:49,534.8
2022-03-29 07:04:54,534.67
2022-03-29 07:04:59,534.67
2022-03-29 07:05:04,534.63
2022-03-29 07:05:09,534.57
2022-03-29 07:05:14,534.57
2022-03-29 07:05:19,534.44
2022-03-29 07:05:24,534.51
2022-03-29 07:05:29,534.44
2022-03-29 07:05:34,534.44
2022-03-29 07:05:39,534.38
2022-03-29 07:05:44,534.35
2022-03-29 07:05:49,534.35
2022-03-29 07:05:54,534.35
2022-03-29 07:05:59,534.35
2022-03-29 07:06:04,534.28
2022-03-29 07:06:09,534.22
2022-03-29 07:06:14,534.22
2022-03-29 07:06:19,534.22
2022-03-29 07:06:24,534.22
2022-03-29 07:06:29,534.16
2022-03-29 07:06:34,533.1756342693724
2022-03-29 07:06:39,534.16
2022-03-29 07:06:44,534.16
2022-03-29 07:06:49,534.13
2022-03-29 07:06:54,534.13
2022-03-29 07:06:59,534.13
2022-03-29 07:07:04,534.13
2022-03-29 07:07:09,534.13
2022-03-29 07:07:14,534.07
2022-03-29 07:07:19,534.13
2022-03-29 07:07:24,534.07
2022-03-29 07:07:29,534.07
2022-03-29 07:07:34,534.07
2022-03-29 07:07:39,534.13
2022-03-29 07:07:44,534.13
2022-03-29 07:07:49,534.14
2022-03-29 07:07:54,534.23
2022-03-29 07:07:59,534.17
2022-03-29 07:08:04,533.9902529098625
2022-03-29 07:08:09,534.23
2022-03-29 07:08:14,534.3
2022-03-29 07:08:19,534.3
2022-03-29 07:08:24,534.4
2022-03-29 07:08:29,534.37
2022-03-29 07:08:34,534.4
2022-03-29 07:08:39,534.3002335165525
2022-03-29 07:08:44,534.53
2022-03-29 07:08:49,534.53
2022-03-29 07:08:54,534.6
2022-03-29 07:08:59,534.66
2022-03-29 07:09:04,534.69
2022-03-29 07:09:09,534.76
2022-03-29 07:09:14,534.83
2022-03-29 07:09:19,534.89
2022-03-29 07:09:24,534.99
2022-03-29 07:09:29,535.05
2022-03-29 07:09:34,535.12
2022-03-29 07:09:39,535.18
2022-03-29 07:09:44,535.22
2022-03-29 07:09:49,535.28
2022-03-29 07:09:54,535.41
2022-03-29 07:09:59,535.44
2022-03-29 07:10:04,535.57
2022-03-29 07:10:09,535.64
2022-03-29 07:10:14,535.7
2022-03-29 07:10:19,535.8
2022-03-29 07:10:24,535.2046274615996
2022-03-29 07:10:29,535.86
2022-03-29 07:10:34,535.96
2022-03-29 07:10:39,536.09
2022-03-29 07:10:44,536.16
2022-03-29 07:10:49,536.22
2022-03-29 07:10:54,535.4554478611318
2022-03-29 07:10:59,536.32
2022-03-29 07:11:04,536.32
2022-03-29 07:11:09,536.38
2022-03-29 07:11:14,535.6206689998673
2022-03-29 07:11:19,536.47
2022-03-29 07:11:24,536.47
2022-03-29 07:11:29,536.61
2022-03-29 07:11:34,536.67
2022-03-29 07:11:39,536.74
2022-03-29 07:11:44,536.73
2022-03-29 07:11:49,536.83
2022-03-29 07:11:54,536.83
2022-03-29 07:11:59,536.96
2022-03-29 07:12:04,536.96
2022-03-29 07:12:09,536.99
2022-03-29 07:12:14,536.99
2022-03-29 07:12:19,537.12
2022-03-29 07:12:24,537.12
2022-03-29 07:12:29,537.25
2022-03-29 07:12:34,537.25
2022-03-29 07:12:39,537.28
2022-03-29 07:12:44,537.34
2022-03-29 07:12:49,537.34
2022-03-29 07:12:54,537.47
2022-03-29 07:12:59,537.47
2022-03-29 07:13:04,536.4991013189833
2022-03-29 07:13:09,537.56
2022-03-29 07:13:14,537.57
2022-03-29 07:13:19,537.69
2022-03-29 07:13:24,536.6530047021466
2022-03-29 07:13:29,537.75
2022-03-29 07:13:34,537.79
2022-03-29 07:13:39,537.78
2022-03-29 07:13:44,537.85
2022-03-29 07:13:49,537.91
2022-03-29 07:13:54,536.8803189939522
2022-03-29 07:13:59,537.98
2022-03-29 07:14:04,538.01
2022-03-29 07:14:09,538.07
2022-03-29 07:14:14,538.07
2022-03-29 07:14:19,538.14
2022-03-29 07:14:24,538.14
2022-03-29 07:14:29,538.14
2022-03-29 07:14:34,538.2
2022-03-29 07:14:39,538.13
2022-03-29 07:14:44,538.2
2022-03-29 07:14:49,538.2
2022-03-29 07:14:54,538.2
2022-03-29 07:14:59,538.19
2022-03-29 07:15:04,538.19
2022-03-29 07:15:09,538.26
2022-03-29 07:15:14,538.26
2022-03-29 07:15:19,538.19
2022-03-29 07:15:24,538.25
2022-03-29 07:15:29,538.19
2022-03-29 07:15:34,538.19
2022-03-29 07:15:39,538.26
2022-03-29 07:15:44,538.19
2022-03-29 07:15:49,538.19
2022-03-29 07:15:54,538.19
2022-03-29 07:15:59,538.19
2022-03-29 07:16:04,538.19
2022-03-29 07:16:09,538.13
2022-03-29 07:16:14,538.12
2022-03-29 07:16:19,538.12
2022-03-29 07:16:24,538.06
2022-03-29 07:16:29,538.06
2022-03-29 07:16:34,538.06
2022-03-29 07:16:39,538.0
2022-03-29 07:16:44,538.06
2022-03-29 07:16:49,537.99
2022-03-29 07:16:54,538.0
2022-03-29 07:16:59,538.0
2022-03-29 07:17:04,537.96
2022-03-29 07:17:09,537.9
2022-03-29 07:17:14,537.9
2022-03-29 07:17:19,537.83
2022-03-29 07:17:24,537.77
2022-03-29 07:17:29,537.77
2022-03-29 07:17:34,537.74
2022-03-29 07:17:39,537.74
2022-03-29 07:17:44,537.67
2022-03-29 07:17:49,537.61
2022-03-29 07:17:54,537.61
2022-03-29 07:17:59,537.48
2022-03-29 07:18:04,537.55
2022-03-29 07:18:09,537.45
2022-03-29 07:18:14,537.39
2022-03-29 07:18:19,537.39
2022-03-29 07:18:24,537.32
2022-03-29 07:18:29,537.22
2022-03-29 07:18:34,537.23
2022-03-29 07:18:39,537.16
2022-03-29 07:18:44,538.8339254033345
2022-03-29 07:18:49,537.1
2022-03-29 07:18:54,537.03
2022-03-29 07:18:59,537.03
2022-03-29 07:19:04,537.04
2022-03-29 07:19:09,536.94
2022-03-29 07:19:14,536.88
2022-03-29 07:19:19,536.88
2022-03-29 07:19:24,536.81
2022-03-29 07:19:29,539.0931635774136
2022-03-29 07:19:34,536.81
2022-03-29 07:19:39,536.75
2022-03-29 07:19:44,536.75
2022-03-29 07:19:49,536.72
2022-03-29 07:19:54,536.72
2022-03-29 07:19:59,536.72
2022-03-29 07:20:04,539.2858266502141
2022-03-29 07:20:09,536.66
2022-03-29 07:20:14,536.66
2022-03-29 07:20:19,536.66
2022-03-29 07:20:24,539.39231074041
2022-03-29 07:20:29,536.59
2022-03-29 07:20:34,536.53
2022-03-29 07:20:39,536.53
2022-03-29 07:20:44,536.53
2022-03-29 07:20:49,536.53
2022-03-29 07:20:54,539.5469876591775
2022-03-29 07:20:59,536.47
2022-03-29 07:21:04,536.47
2022-03-29 07:21:09,536.44
2022-03-29 07:21:14,536.47
2022-03-29 07:21:19,539.6711256797569
2022-03-29 07:21:24,536.47
2022-03-29 07:21:29,536.47
2022-03-29 07:21:34,536.47
2022-03-29 07:21:39,539.7672345171185
2022-03-29 07:21:44,536.47
2022-03-29 07:21:49,536.48
2022-03-29 07:21:54,536.47
2022-03-29 07:21:59,536.54
2022-03-29 07:22:04,536.61
2022-03-29 07:22:09,536.54
2022-03-29 07:22:14,536.61
2022-03-29 07:22:19,539.9506537458043
2022-03-29 07:22:24,536.61
2022-03-29 07:22:29,536.61
2022-03-29 07:22:34,536.67
2022-03-29 07:22:39,536.61
2022-03-29 07:22:44,536.67
2022-03-29 07:22:49,536.67
2022-03-29 07:22:54,536.74
2022-03-29 07:22:59,536.74
2022-03-29 07:23:04,536.77
2022-03-29 07:23:09,536.77
2022-03-29 07:23:14,536.77
2022-03-29 07:23:19,536.83
2022-03-29 07:23:24,536.83
2022-03-29 07:23:29,536.83
2022-03-29 07:23:34,536.84
2022-03-29 07:23:39,536.9
2022-03-29 07:23:44,536.9
2022-03-29 07:23:49,536.9
2022-03-29 07:23:54,536.96
2022-03-29 07:23:59,536.96
2022-03-29 07:24:04,536.96
2022-03-29 07:24:09,536.99
2022-03-29 07:24:14,536.99
2022-03-29 07:24:19,536.99
2022-03-29 07:24:24,537.05
2022-03-29 07:24:29,537.05
2022-03-29 07:24:34,537.12
2022-03-29 07:24:39,537.12
2022-03-29 07:24:44,537.18
2022-03-29 07:24:49,537.18
2022-03-29 07:24:54,540.5422868590059
2022-03-29 07:24:59,537.28
2022-03-29 07:25:04,537.34
2022-03-29 07:25:09,537.4
2022-03-29 07:25:14,537.4
2022-03-29 07:25:19,540.6187109624562
2022-03-29 07:25:24,537.47
2022-03-29 07:25:29,537.5
2022-03-29 07:25:34,537.57
2022-03-29 07:25:39,537.57
2022-03-29 07:25:44,537.56
2022-03-29 07:25:49,537.63
2022-03-29 07:25:54,537.63
2022-03-29 07:25:59,537.62
2022-03-29 07:26:04,540.7420674923134
2022-03-29 07:26:09,537.69
2022-03-29 07:26:14,537.69
2022-03-29 07:26:19,537.69
2022-03-29 07:26:24,537.69
2022-03-29 07:26:29,540.8024935776663
2022-03-29 07:26:34,537.75
2022-03-29 07:26:39,537.75
2022-03-29 07:26:44,537.75
2022-03-29 07:26:49,540.8465624022515
2022-03-29 07:26:54,537.75
2022-03-29 07:26:59,537.74
2022-03-29 07:27:04,537.68
2022-03-29 07:27:09,540.88676735029
2022-03-29 07:27:14,537.68
2022-03-29 07:27:19,540.905401686651
2022-03-29 07:27:24,537.68
2022-03-29 07:27:29,540.9230470331313
2022-03-29 07:27:34,537.68
2022-03-29 07:27:39,537.68
2022-03-29 07:27:44,537.61
2022-03-29 07:27:49,537.61
2022-03-29 07:27:54,537.68
2022-03-29 07:27:59,540.9699723974752
2022-03-29 07:28:04,537.61
2022-03-29 07:28:09,537.55
2022-03-29 07:28:14,537.54
2022-03-29 07:28:19,537.55
2022-03-29 07:28:24,537.48
2022-03-29 07:28:29,537.48
2022-03-29 07:28:34,537.48
2022-03-29 07:28:39,537.45
2022-03-29 07:28:44,537.45
2022-03-29 07:28:49,537.38
2022-03-29 07:28:54,537.38
2022-03-29 07:28:59,537.38
2022-03-29 07:29:04,537.32
2022-03-29 07:29:09,537.32
2022-03-29 07:29:14,537.32
2022-03-29 07:29:19,537.25
2022-03-29 07:29:24,537.22
2022-03-29 07:29:29,537.16
2022-03-29 07:29:34,537.09
2022-03-29 07:29:39,537.09
2022-03-29 07:29:44,536.96
2022-03-29 07:29:49,536.96
2022-03-29 07:29:54,536.93
2022-03-29 07:29:59,536.87
2022-03-29 07:30:04,536.8
2022-03-29 07:30:09,541.064608310687
2022-03-29 07:30:14,536.64
2022-03-29 07:30:19,536.58
2022-03-29 07:30:24,541.0636738132564
2022-03-29 07:30:29,536.45
2022-03-29 07:30:34,541.0616387247131
2022-03-29 07:30:39,536.35
2022-03-29 07:30:44,536.29
2022-03-29 07:30:49,536.22
2022-03-29 07:30:54,536.19
2022-03-29 07:30:59,536.13
2022-03-29 07:31:04,541.0486710164589
2022-03-29 07:31:09,536.07
2022-03-29 07:31:14,536.06
2022-03-29 07:31:19,541.0382795580712
2022-03-29 07:31:24,535.94
2022-03-29 07:31:29,535.91
2022-03-29 07:31:34,541.0252484990604
2022-03-29 07:31:39,535.84
2022-03-29 07:31:44,535.78
2022-03-29 07:31:49,535.72
2022-03-29 07:31:54,535.68
2022-03-29 07:31:59,535.62
2022-03-29 07:32:04,535.55
2022-03-29 07:32:09,535.56
2022-03-29 07:32:14,535.56
2022-03-29 07:32:19,535.49
2022-03-29 07:32:24,535.49
2022-03-29 07:32:29,535.5
2022-03-29 07:32:34,535.4
2022-03-29 07:32:39,540.9376467335067
2022-03-29 07:32:44,540.9287745408456
2022-03-29 07:32:49,535.34
2022-03-29 07:32:54,535.34
2022-03-29 07:32:59,540.9002965541611
2022-03-29 07:33:04,535.34
2022-03-29 07:33:09,535.27
2022-03-29 07:33:14,535.27
2022-03-29 07:33:19,535.28
2022-03-29 07:33:24,535.34
2022-03-29 07:33:29,535.28
2022-03-29 07:33:34,535.34
2022-03-29 07:33:39,535.34
2022-03-29 07:33:44,535.41
2022-03-29 07:33:49,535.35
2022-03-29 07:33:54,535.44
2022-03-29 07:33:59,535.44
2022-03-29 07:34:04,540.7440622405486
2022-03-29 07:34:09,535.51
2022-03-29 07:34:14,535.51
2022-03-29 07:34:19,535.58
2022-03-29 07:34:24,535.57
2022-03-29 07:34:29,535.64
2022-03-29 07:34:34,535.64
2022-03-29 07:34:39,535.7
2022-03-29 07:34:44,535.74
2022-03-29 07:34:49,535.73
2022-03-29 07:34:54,535.8
2022-03-29 07:34:59,535.87
2022-03-29 07:35:04,535.87
2022-03-29 07:35:09,535.93
2022-03-29 07:35:14,535.93
2022-03-29 07:35:19,536.03
2022-03-29 07:35:24,536.03
2022-03-29 07:35:29,536.03
2022-03-29 07:35:34,536.09
2022-03-29 07:35:39,536.16
2022-03-29 07:35:44,536.16
2022-03-29 07:35:49,536.22
2022-03-29 07:35:54,536.25
2022-03-29 07:35:59,536.32
2022-03-29 07:36:04,536.32
2022-03-29 07:36:09,536.38
2022-03-29 07:36:14,536.45
2022-03-29 07:36:19,540.2473626933524
2022-03-29 07:36:24,536.48
2022-03-29 07:36:29,536.54
2022-03-29 07:36:34,536.6
2022-03-29 07:36:39,536.67
2022-03-29 07:36:44,536.67
2022-03-29 07:36:49,536.73
2022-03-29 07:36:54,536.76
2022-03-29 07:36:59,536.83
2022-03-29 07:37:04,536.89
2022-03-29 07:37:09,536.96
2022-03-29 07:37:14,536.99
2022-03-29 07:37:19,537.05
2022-03-29 07:37:24,537.11
2022-03-29 07:37:29,537.18
2022-03-29 07:37:34,537.11
2022-03-29 07:37:39,537.18
2022-03-29 07:37:44,537.24
2022-03-29 07:37:49,537.27
2022-03-29 07:37:54,537.34
2022-03-29 07:37:59,537.4
2022-03-29 07:38:04,539.7131027513342
2022-03-29 07:38:09,539.6847183086664
2022-03-29 07:38:14,537.46
2022-03-29 07:38:19,537.49
2022-03-29 07:38:24,537.49
2022-03-29 07:38:29,537.56
2022-03-29 07:38:34,537.56
2022-03-29 07:38:39,537.55
2022-03-29 07:38:44,539.4789648872501
2022-03-29 07:38:49,537.62
2022-03-29 07:38:54,537.62
2022-03-29 07:38:59,539.3870888808246
2022-03-29 07:39:04,537.55
2022-03-29 07:39:09,537.61
2022-03-29 07:39:14,537.55
2022-03-29 07:39:19,537.55
2022-03-29 07:39:24,537.55
2022-03-29 07:39:29,537.54
2022-03-29 07:39:34,537.54
2022-03-29 07:39:39,537.54
2022-03-29 07:39:44,537.48
2022-03-29 07:39:49,537.48
2022-03-29 07:39:54,539.0320942527661
2022-03-29 07:39:59,537.48
2022-03-29 07:40:04,537.48
2022-03-29 07:40:09,537.48
2022-03-29 07:40:14,537.47
2022-03-29 07:40:19,537.44
2022-03-29 07:40:24,538.8270023566822
2022-03-29 07:40:29,537.44
2022-03-29 07:40:34,537.44
2022-03-29 07:40:39,537.44
2022-03-29 07:40:44,537.47
2022-03-29 07:40:49,538.6502343950322
2022-03-29 07:40:54,538.6142608160221
2022-03-29 07:40:59,537.44
2022-03-29 07:41:04,537.44
2022-03-29 07:41:09,537.44
2022-03-29 07:41:14,538.4683528586295
2022-03-29 07:41:19,537.44
2022-03-29 07:41:24,537.44
2022-03-29 07:41:29,538.3568520711316
2022-03-29 07:41:34,537.44
2022-03-29 07:41:39,537.37
2022-03-29 07:41:44,537.37
2022-03-29 07:41:49,537.37
2022-03-29 07:41:54,537.31
2022-03-29 07:41:59,538.1287140662621
2022-03-29 07:42:04,537.31
2022-03-29 07:42:09,538.0511927826949
2022-03-29 07:42:14,537.25
2022-03-29 07:42:19,537.972955050521
2022-03-29 07:42:24,537.21
2022-03-29 07:42:29,537.21
2022-03-29 07:42:34,537.21
2022-03-29 07:42:39,537.21
2022-03-29 07:42:44,537.21
2022-03-29 07:42:49,537.15
2022-03-29 07:42:54,537.15
2022-03-29 07:42:59,537.09
2022-03-29 07:43:04,537.02
2022-03-29 07:43:09,537.5714647002258
2022-03-29 07:43:14,537.02
2022-03-29 07:43:19,536.96
2022-03-29 07:43:24,536.96
2022-03-29 07:43:29,536.93
2022-03-29 07:43:34,536.87
2022-03-29 07:43:39,536.86
2022-03-29 07:43:44,536.8
2022-03-29 07:43:49,536.8
2022-03-29 07:43:54,536.8
2022-03-29 07:43:59,536.74
2022-03-29 07:44:04,536.74
2022-03-29 07:44:09,536.71
2022-03-29 07:44:14,536.71
2022-03-29 07:44:19,536.65
2022-03-29 07:44:24,536.64
2022-03-29 07:44:29,536.65
2022-03-29 07:44:34,536.58
2022-03-29 07:44:39,536.58
2022-03-29 07:44:44,536.52
2022-03-29 07:44:49,536.52
2022-03-29 07:44:54,536.46
2022-03-29 07:44:59,536.46
2022-03-29 07:45:04,536.43
2022-03-29 07:45:09,536.43
2022-03-29 07:45:14,536.37
2022-03-29 07:45:19,536.37
2022-03-29 07:45:24,536.37
2022-03-29 07:45:29,536.37
2022-03-29 07:45:34,536.3
2022-03-29 07:45:39,536.31
2022-03-29 07:45:44,536.24
2022-03-29 07:45:49,536.25
2022-03-29 07:45:54,536.25
2022-03-29 07:45:59,536.21
2022-03-29 07:46:04,536.15
2022-03-29 07:46:09,536.21
2022-03-29 07:46:14,536.15
2022-03-29 07:46:19,536.09
2022-03-29 07:46:24,536.09
2022-03-29 07:46:29,536.09
2022-03-29 07:46:34,536.03
2022-03-29 07:46:39,536.03
2022-03-29 07:46:44,535.93
2022-03-29 07:46:49,535.96
2022-03-29 07:46:54,535.94
2022-03-29 07:46:59,535.94
2022-03-29 07:47:04,535.94
2022-03-29 07:47:09,535.87
2022-03-29 07:47:14,535.87
2022-03-29 07:47:19,535.81
2022-03-29 07:47:24,535.81
2022-03-29 07:47:29,535.81
2022-03-29 07:47:34,535.75
2022-03-29 07:47:39,535.1671518252995
2022-03-29 07:47:44,535.75
2022-03-29 07:47:49,535.0724046392919
2022-03-29 07:47:54,535.72
2022-03-29 07:47:59,535.72
2022-03-29 07:48:04,534.9297551006869
2022-03-29 07:48:09,535.65
2022-03-29 07:48:14,535.59
2022-03-29 07:48:19,535.59
2022-03-29 07:48:24,535.59
2022-03-29 07:48:29,535.52
2022-03-29 07:48:34,535.52
2022-03-29 07:48:39,535.52
2022-03-29 07:48:44,535.46
2022-03-29 07:48:49,535.46
2022-03-29 07:48:54,535.43
2022-03-29 07:48:59,535.36
2022-03-29 07:49:04,535.3
2022-03-29 07:49:09,535.37
2022-03-29 07:49:14,534.2571917707502
2022-03-29 07:49:19,535.3
2022-03-29 07:49:24,535.24
2022-03-29 07:49:29,535.21
2022-03-29 07:49:34,535.2
2022-03-29 07:49:39,535.14
2022-03-29 07:49:44,535.14
2022-03-29 07:49:49,535.08
2022-03-29 07:49:54,535.01
2022-03-29 07:49:59,535.01
2022-03-29 07:50:04,534.95
2022-03-29 07:50:09,534.94
2022-03-29 07:50:14,534.94
2022-03-29 07:50:19,534.95
2022-03-29 07:50:24,534.94
2022-03-29 07:50:29,534.94
2022-03-29 07:50:34,534.94
2022-03-29 07:50:39,534.94
2022-03-29 07:50:44,534.94
2022-03-29 07:50:49,534.94
2022-03-29 07:50:54,534.94
2022-03-29 07:50:59,533.243135727929
2022-03-29 07:51:04,534.94
2022-03-29 07:51:09,534.94
2022-03-29 07:51:14,533.0994686152468
2022-03-29 07:51:19,534.9
2022-03-29 07:51:24,534.91
2022-03-29 07:51:29,534.9
2022-03-29 07:51:34,534.91
2022-03-29 07:51:39,534.9
2022-03-29 07:51:44,534.9
2022-03-29 07:51:49,534.9
2022-03-29 07:51:54,534.84
2022-03-29 07:51:59,534.84
2022-03-29 07:52:04,534.78
2022-03-29 07:52:09,534.77
2022-03-29 07:52:14,534.77
2022-03-29 07:52:19,534.71
2022-03-29 07:52:24,534.71
2022-03-29 07:52:29,534.71
2022-03-29 07:52:34,534.67
2022-03-29 07:52:39,534.67
2022-03-29 07:52:44,532.2536945055434
2022-03-29 07:52:49,534.55
2022-03-29 07:52:54,534.55
2022-03-29 07:52:59,534.54
2022-03-29 07:53:04,534.48
2022-03-29 07:53:09,534.42
2022-03-29 07:53:14,534.42
2022-03-29 07:53:19,534.38
2022-03-29 07:53:24,534.32
2022-03-29 07:53:29,534.25
2022-03-29 07:53:34,534.19
2022-03-29 07:53:39,534.16
2022-03-29 07:53:44,534.16
2022-03-29 07:53:49,534.09
2022-03-29 07:53:54,534.03
2022-03-29 07:53:59,533.97
2022-03-29 07:54:04,533.97
2022-03-29 07:54:09,533.9
2022-03-29 07:54:14,533.9
2022-03-29 07:54:19,533.8
2022-03-29 07:54:24,533.8
2022-03-29 07:54:29,533.74
2022-03-29 07:54:34,533.74
2022-03-29 07:54:39,533.68
2022-03-29 07:54:44,533.65
2022-03-29 07:54:49,533.65
2022-03-29 07:54:54,533.58
2022-03-29 07:54:59,533.58
2022-03-29 07:55:04,531.03285332686
2022-03-29 07:55:09,533.52
2022-03-29 07:55:14,533.45
2022-03-29 07:55:19,533.45
2022-03-29 07:55:24,533.39
2022-03-29 07:55:29,533.39
2022-03-29 07:55:34,533.39
2022-03-29 07:55:39,533.39
2022-03-29 07:55:44,533.36
2022-03-29 07:55:49,533.36
2022-03-29 07:55:54,530.63813170826
2022-03-29 07:55:59,533.36
2022-03-29 07:56:04,533.36
2022-03-29 07:56:09,533.36
2022-03-29 07:56:14,533.3
2022-03-29 07:56:19,533.3
2022-03-29 07:56:24,533.3
2022-03-29 07:56:29,533.3
2022-03-29 07:56:34,533.3
2022-03-29 07:56:39,533.3
2022-03-29 07:56:44,533.24
2022-03-29 07:56:49,533.3
2022-03-29 07:56:54,533.31
2022-03-29 07:56:59,533.31
2022-03-29 07:57:04,533.24
2022-03-29 07:57:09,530.0992414140906
2022-03-29 07:57:14,533.31
2022-03-29 07:57:19,533.31
2022-03-29 07:57:24,533.31
2022-03-29 07:57:29,533.38
2022-03-29 07:57:34,533.38
2022-03-29 07:57:39,533.38
2022-03-29 07:57:44,529.8726885962217
2022-03-29 07:57:49,533.41
2022-03-29 07:57:54,533.41
2022-03-29 07:57:59,533.41
2022-03-29 07:58:04,533.48
2022-03-29 07:58:09,533.48
2022-03-29 07:58:14,533.48
2022-03-29 07:58:19,529.6637790721853
2022-03-29 07:58:24,533.54
2022-03-29 07:58:29,533.55
2022-03-29 07:58:34,533.55
2022-03-29 07:58:39,529.5528194971071
2022-03-29 07:58:44,533.67
2022-03-29 07:58:49,533.67
2022-03-29 07:58:54,533.71
2022-03-29 07:58:59,533.77
2022-03-29 07:59:04,533.77
2022-03-29 07:59:09,533.84
2022-03-29 07:59:14,533.9
2022-03-29 07:59:19,534.0
2022-03-29 07:59:24,534.0
2022-03-29 07:59:29,534.13
2022-03-29 07:59:34,534.13
2022-03-29 07:59:39,534.19
2022-03-29 07:59:44,534.23
2022-03-29 07:59:49,534.29
2022-03-29 07:59:54,534.42
2022-03-29 07:59:59,534.52
2022-03-29 08:00:04,534.58
2022-03-29 08:00:09,534.65
2022-03-29 08:00:14,534.74
2022-03-29 08:00:19,534.87
2022-03-29 08:00:24,534.94
2022-03-29 08:00:29,535.03
2022-03-29 08:00:34,535.16
2022-03-29 08:00:39,535.22
2022-03-29 08:00:44,535.32
2022-03-29 08:00:49,535.45
2022-03-29 08:00:54,528.9838738451109
2022-03-29 08:00:59,528.9693852665998
2022-03-29 08:01:04,535.77
2022-03-29 08:01:09,535.9
2022-03-29 08:01:14,535.99
2022-03-29 08:01:19,536.12
2022-03-29 08:01:24,536.19
2022-03-29 08:01:29,536.35
2022-03-29 08:01:34,528.8823592040814
2022-03-29 08:01:39,536.57
2022-03-29 08:01:44,528.8622339391552
2022-03-29 08:01:49,528.8529799750306
2022-03-29 08:01:54,536.93
2022-03-29 08:01:59,537.15
2022-03-29 08:02:04,537.21
2022-03-29 08:02:09,537.37
2022-03-29 08:02:14,537.5
2022-03-29 08:02:19,537.6
2022-03-29 08:02:24,537.79
2022-03-29 08:02:29,537.83
2022-03-29 08:02:34,537.95
2022-03-29 08:02:39,538.11
2022-03-29 08:02:44,538.31
2022-03-29 08:02:49,538.34
2022-03-29 08:02:54,528.7834458911458
2022-03-29 08:02:59,538.56
2022-03-29 08:03:04,538.76
2022-03-29 08:03:09,538.85
2022-03-29 08:03:14,539.04
2022-03-29 08:03:19,539.07
2022-03-29 08:03:24,539.2
2022-03-29 08:03:29,539.36
2022-03-29 08:03:34,539.49
2022-03-29 08:03:39,539.58
2022-03-29 08:03:44,539.72
2022-03-29 08:03:49,539.84
2022-03-29 08:03:54,539.88
2022-03-29 08:03:59,540.0
2022-03-29 08:04:04,528.8135505422254
2022-03-29 08:04:09,540.23
2022-03-29 08:04:14,528.826295095995
2022-03-29 08:04:19,540.45
2022-03-29 08:04:24,540.58
2022-03-29 08:04:29,540.61
2022-03-29 08:04:34,540.68
2022-03-29 08:04:39,540.81
2022-03-29 08:04:44,540.87
2022-03-29 08:04:49,528.8867331387764
2022-03-29 08:04:54,541.03
2022-03-29 08:04:59,541.13
2022-03-29 08:05:04,541.19
2022-03-29 08:05:09,541.32
2022-03-29 08:05:14,541.39
2022-03-29 08:05:19,541.48
2022-03-29 08:05:24,528.9709420700165
2022-03-29 08:05:29,528.9848468243185
2022-03-29 08:05:34,528.9992104693099
2022-03-29 08:05:39,541.84
2022-03-29 08:05:44,541.9
2022-03-29 08:05:49,542.0
2022-03-29 08:05:54,542.06
2022-03-29 08:05:59,542.13
2022-03-29 08:06:04,542.16
2022-03-29 08:06:09,542.22
2022-03-29 08:06:14,542.35
2022-03-29 08:06:19,542.42
2022-03-29 08:06:24,542.45
2022-03-29 08:06:29,542.51
2022-03-29 08:06:34,529.2061742414742
2022-03-29 08:06:39,542.64
2022-03-29 08:06:44,542.68
2022-03-29 08:06:49,542.74
2022-03-29 08:06:54,542.8
2022-03-29 08:06:59,529.3104256634449
2022-03-29 08:07:04,542.93
2022-03-29 08:07:09,542.93
2022-03-29 08:07:14,529.3778012383308
2022-03-29 08:07:19,543.03
2022-03-29 08:07:24,543.1
2022-03-29 08:07:29,543.1
2022-03-29 08:07:34,543.16
2022-03-29 08:07:39,543.16
2022-03-29 08:07:44,543.16
2022-03-29 08:07:49,543.2
2022-03-29 08:07:54,543.2
2022-03-29 08:07:59,543.26
2022-03-29 08:08:04,543.26
2022-03-29 08:08:09,543.33
2022-03-29 08:08:14,543.33
2022-03-29 08:08:19,543.39
2022-03-29 08:08:24,543.39
2022-03-29 08:08:29,543.39
2022-03-29 08:08:34,543.39
2022-03-29 08:08:39,543.46
2022-03-29 08:08:44,543.46
2022-03-29 08:08:49,543.49
2022-03-29 08:08:54,543.46
2022-03-29 08:08:59,543.49
2022-03-29 08:09:04,543.49
2022-03-29 08:09:09,543.56
2022-03-29 08:09:14,543.56
2022-03-29 08:09:19,543.56
2022-03-29 08:09:24,543.56
2022-03-29 08:09:29,543.56
2022-03-29 08:09:34,543.57
2022-03-29 08:09:39,543.63
2022-03-29 08:09:44,543.63
2022-03-29 08:09:49,530.263438933141
2022-03-29 08:09:54,543.57
2022-03-29 08:09:59,543.63
2022-03-29 08:10:04,543.64
2022-03-29 08:10:09,543.64
2022-03-29 08:10:14,543.57
2022-03-29 08:10:19,543.57
2022-03-29 08:10:24,543.58
2022-03-29 08:10:29,543.58
2022-03-29 08:10:34,543.58
2022-03-29 08:10:39,543.58
2022-03-29 08:10:44,543.64
2022-03-29 08:10:49,543.58
2022-03-29 08:10:54,530.7229437375289
2022-03-29 08:10:59,530.7601024970935
2022-03-29 08:11:04,530.7975037541092
2022-03-29 08:11:09,543.58
2022-03-29 08:11:14,543.59
2022-03-29 08:11:19,543.65
2022-03-29 08:11:24,530.9494681829789
2022-03-29 08:11:29,530.9880327469708
2022-03-29 08:11:34,543.59
2022-03-29 08:11:39,531.0658270722857
2022-03-29 08:11:44,531.1050502762382
2022-03-29 08:11:49,543.59
2022-03-29 08:11:54,543.59
2022-03-29 08:11:59,543.59
2022-03-29 08:12:04,543.59
2022-03-29 08:12:09,531.3042955615315
2022-03-29 08:12:14,543.53
2022-03-29 08:12:19,543.53
2022-03-29 08:12:24,543.53
2022-03-29 08:12:29,543.53
2022-03-29 08:12:34,543.59
2022-03-29 08:12:39,543.59
2022-03-29 08:12:44,543.59
2022-03-29 08:12:49,543.59
2022-03-29 08:12:54,543.59
2022-03-29 08:12:59,531.717120985608
2022-03-29 08:13:04,543.66
2022-03-29 08:13:09,543.66
2022-03-29 08:13:14,531.8443120685439
2022-03-29 08:13:19,543.66
2022-03-29 08:13:24,543.72
2022-03-29 08:13:29,543.72
2022-03-29 08:13:34,543.72
2022-03-29 08:13:39,543.72
2022-03-29 08:13:44,543.72
2022-03-29 08:13:49,543.75
2022-03-29 08:13:54,543.75
2022-03-29 08:13:59,532.2338457583608
2022-03-29 08:14:04,543.81
2022-03-29 08:14:09,543.88
2022-03-29 08:14:14,543.88
2022-03-29 08:14:19,543.88
2022-03-29 08:14:24,543.94
2022-03-29 08:14:29,543.94
2022-03-29 08:14:34,543.94
2022-03-29 08:14:39,544.01
2022-03-29 08:14:44,544.01
2022-03-29 08:14:49,544.04
2022-03-29 08:14:54,544.04
2022-03-29 08:14:59,544.04
2022-03-29 08:15:04,544.1
2022-03-29 08:15:09,544.1
2022-03-29 08:15:14,544.1
2022-03-29 08:15:19,544.1
2022-03-29 08:15:24,544.17
2022-03-29 08:15:29,544.23
2022-03-29 08:15:34,544.22
2022-03-29 08:15:39,544.23
2022-03-29 08:15:44,544.26
2022-03-29 08:15:49,533.2236369069176
2022-03-29 08:15:54,544.32
2022-03-29 08:15:59,544.32
2022-03-29 08:16:04,544.38
2022-03-29 08:16:09,544.38
2022-03-29 08:16:14,544.45
2022-03-29 08:16:19,533.4994448290524
2022-03-29 08:16:24,544.51
2022-03-29 08:16:29,544.51
2022-03-29 08:16:34,544.54
2022-03-29 08:16:39,544.51
2022-03-29 08:16:44,544.54
2022-03-29 08:16:49,544.54
2022-03-29 08:16:54,544.54
2022-03-29 08:16:59,544.61
2022-03-29 08:17:04,544.54
2022-03-29 08:17:09,544.61
2022-03-29 08:17:14,534.0077060659586
2022-03-29 08:17:19,544.67
2022-03-29 08:17:24,544.67
2022-03-29 08:17:29,544.67
2022-03-29 08:17:34,544.67
2022-03-29 08:17:39,544.67
2022-03-29 08:17:44,544.74
2022-03-29 08:17:49,544.67
2022-03-29 08:17:54,544.67
2022-03-29 08:17:59,544.73
2022-03-29 08:18:04,534.4702694523418
2022-03-29 08:18:09,544.74
2022-03-29 08:18:14,544.74
2022-03-29 08:18:19,544.74
2022-03-29 08:18:24,544.74
2022-03-29 08:18:29,544.74
2022-03-29 08:18:34,544.74
2022-03-29 08:18:39,544.74
2022-03-29 08:18:44,534.8390657781896
2022-03-29 08:18:49,544.74
2022-03-29 08:18:54,544.74
2022-03-29 08:18:59,544.74
2022-03-29 08:19:04,544.74
2022-03-29 08:19:09,535.0684250642173
2022-03-29 08:19:14,544.74
2022-03-29 08:19:19,544.67
2022-03-29 08:19:24,544.74
2022-03-29 08:19:29,544.68
2022-03-29 08:19:34,535.2965641743671
2022-03-29 08:19:39,544.68
2022-03-29 08:19:44,544.68
2022-03-29 08:19:49,544.74
2022-03-29 08:19:54,544.68
2022-03-29 08:19:59,544.68
2022-03-29 08:20:04,544.68
2022-03-29 08:20:09,544.74
2022-03-29 08:20:14,544.68
2022-03-29 08:20:19,544.68
2022-03-29 08:20:24,544.68
2022-03-29 08:20:29,544.68
2022-03-29 08:20:34,544.62
2022-03-29 08:20:39,544.68
2022-03-29 08:20:44,544.62
2022-03-29 08:20:49,544.62
2022-03-29 08:20:54,544.63
2022-03-29 08:20:59,544.63
2022-03-29 08:21:04,544.56
2022-03-29 08:21:09,544.63
2022-03-29 08:21:14,544.56
2022-03-29 08:21:19,544.56
2022-03-29 08:21:24,544.56
2022-03-29 08:21:29,544.56
2022-03-29 08:21:34,544.54
2022-03-29 08:21:39,544.47
2022-03-29 08:21:44,544.47
2022-03-29 08:21:49,544.47
2022-03-29 08:21:54,544.47
2022-03-29 08:21:59,544.48
2022-03-29 08:22:04,544.48
2022-03-29 08:22:09,544.48
2022-03-29 08:22:14,536.708727598233
2022-03-29 08:22:19,544.42
2022-03-29 08:22:24,544.35
2022-03-29 08:22:29,544.42
2022-03-29 08:22:34,544.42
2022-03-29 08:22:39,544.35
2022-03-29 08:22:44,544.42
2022-03-29 08:22:49,544.36
2022-03-29 08:22:54,544.36
2022-03-29 08:22:59,544.36
2022-03-29 08:23:04,544.29
2022-03-29 08:23:09,544.29
2022-03-29 08:23:14,544.29
2022-03-29 08:23:19,544.26
2022-03-29 08:23:24,544.26
2022-03-29 08:23:29,544.26
2022-03-29 08:23:34,544.26
2022-03-29 08:23:39,544.26
2022-03-29 08:23:44,544.26
2022-03-29 08:23:49,544.2
2022-03-29 08:23:54,544.2
2022-03-29 08:23:59,544.2
2022-03-29 08:24:04,544.2
2022-03-29 08:24:09,537.6434640922655
2022-03-29 08:24:14,544.2
2022-03-29 08:24:19,544.14
2022-03-29 08:24:24,544.13
2022-03-29 08:24:29,544.13
2022-03-29 08:24:34,544.07
2022-03-29 08:24:39,544.13
2022-03-29 08:24:44,544.04
2022-03-29 08:24:49,544.04
2022-03-29 08:24:54,537.9839040864409
2022-03-29 08:24:59,544.04
2022-03-29 08:25:04,543.97
2022-03-29 08:25:09,543.97
2022-03-29 08:25:14,543.97
2022-03-29 08:25:19,544.04
2022-03-29 08:25:24,543.98
2022-03-29 08:25:29,543.97
2022-03-29 08:25:34,543.97
2022-03-29 08:25:39,543.98
2022-03-29 08:25:44,543.97
2022-03-29 08:25:49,543.97
2022-03-29 08:25:54,543.97
2022-03-29 08:25:59,543.91
2022-03-29 08:26:04,543.97
2022-03-29 08:26:09,543.91
2022-03-29 08:26:14,538.5466064102917
2022-03-29 08:26:19,543.91
2022-03-29 08:26:24,543.9
2022-03-29 08:26:29,543.9
2022-03-29 08:26:34,543.9
2022-03-29 08:26:39,543.9
2022-03-29 08:26:44,543.9
2022-03-29 08:26:49,543.9
2022-03-29 08:26:54,543.9
2022-03-29 08:26:59,538.8362785353594
2022-03-29 08:27:04,543.83
2022-03-29 08:27:09,543.9
2022-03-29 08:27:14,543.84
2022-03-29 08:27:19,543.83
2022-03-29 08:27:24,543.83
2022-03-29 08:27:29,543.83
2022-03-29 08:27:34,543.83
2022-03-29 08:27:39,543.83
2022-03-29 08:27:44,543.83
2022-03-29 08:27:49,543.83
2022-03-29 08:27:54,543.76
2022-03-29 08:27:59,543.76
2022-03-29 08:28:04,543.76
2022-03-29 08:28:09,543.76
2022-03-29 08:28:14,539.2705971989473
2022-03-29 08:28:19,543.76
2022-03-29 08:28:24,543.73
2022-03-29 08:28:29,543.73
2022-03-29 08:28:34,543.73
2022-03-29 08:28:39,543.73
2022-03-29 08:28:44,543.73
2022-03-29 08:28:49,543.66
2022-03-29 08:28:54,543.66
2022-03-29 08:28:59,543.66
2022-03-29 08:29:04,543.6
2022-03-29 08:29:09,543.59
2022-03-29 08:29:14,543.53
2022-03-29 08:29:19,543.53
2022-03-29 08:29:24,543.53
2022-03-29 08:29:29,543.5
2022-03-29 08:29:34,543.43
2022-03-29 08:29:39,543.43
2022-03-29 08:29:44,543.43
2022-03-29 08:29:49,543.37
2022-03-29 08:29:54,543.3
2022-03-29 08:29:59,543.3
2022-03-29 08:30:04,543.24
2022-03-29 08:30:09,543.24
2022-03-29 08:30:14,543.24
2022-03-29 08:30:19,543.21
2022-03-29 08:30:24,543.24
2022-03-29 08:30:29,539.8775602842293
2022-03-29 08:30:34,543.21
2022-03-29 08:30:39,543.14
2022-03-29 08:30:44,543.14
2022-03-29 08:30:49,543.08
2022-03-29 08:30:54,543.08
2022-03-29 08:30:59,543.14
2022-03-29 08:31:04,543.14
2022-03-29 08:31:09,543.08
2022-03-29 08:31:14,543.08
2022-03-29 08:31:19,543.08
2022-03-29 08:31:24,543.08
2022-03-29 08:31:29,543.08
2022-03-29 08:31:34,543.08
2022-03-29 08:31:39,543.08
2022-03-29 08:31:44,543.08
2022-03-29 08:31:49,540.1170315132263
2022-03-29 08:31:54,543.08
2022-03-29 08:31:59,543.08
2022-03-29 08:32:04,543.08
2022-03-29 08:32:09,543.15
2022-03-29 08:32:14,543.08
2022-03-29 08:32:19,543.15
2022-03-29 08:32:24,543.15
2022-03-29 08:32:29,543.15
2022-03-29 08:32:34,543.21
2022-03-29 08:32:39,543.21
2022-03-29 08:32:44,543.21
2022-03-29 08:32:49,543.24
2022-03-29 08:32:54,543.25
2022-03-29 08:32:59,543.31
2022-03-29 08:33:04,543.25
2022-03-29 08:33:09,543.31
2022-03-29 08:33:14,543.31
2022-03-29 08:33:19,543.38
2022-03-29 08:33:24,543.38
2022-03-29 08:33:29,543.38
2022-03-29 08:33:34,543.38
2022-03-29 08:33:39,543.45
2022-03-29 08:33:44,540.2998619847868
2022-03-29 08:33:49,543.51
2022-03-29 08:33:54,543.51
2022-03-29 08:33:59,543.54
2022-03-29 08:34:04,543.55
2022-03-29 08:34:09,543.61
2022-03-29 08:34:14,540.3168201130799
2022-03-29 08:34:19,543.67
2022-03-29 08:34:24,543.74
2022-03-29 08:34:29,540.3205931719234
2022-03-29 08:34:34,540.3211566117999
2022-03-29 08:34:39,543.77
2022-03-29 08:34:44,543.84
2022-03-29 08:34:49,543.84
2022-03-29 08:34:54,543.84
2022-03-29 08:34:59,543.91
2022-03-29 08:35:04,543.91
2022-03-29 08:35:09,543.97
2022-03-29 08:35:14,544.03
2022-03-29 08:35:19,544.03
2022-03-29 08:35:24,544.07
2022-03-29 08:35:29,540.3045898276079
2022-03-29 08:35:34,544.13
2022-03-29 08:35:39,544.2
2022-03-29 08:35:44,544.2
2022-03-29 08:35:49,540.2882885362001
2022-03-29 08:35:54,540.2833626752931
2022-03-29 08:35:59,544.26
2022-03-29 08:36:04,544.29
2022-03-29 08:36:09,544.29
2022-03-29 08:36:14,544.29
2022-03-29 08:36:19,544.36
2022-03-29 08:36:24,544.35
2022-03-29 08:36:29,544.42
2022-03-29 08:36:34,544.48
2022-03-29 08:36:39,544.49
2022-03-29 08:36:44,544.48
2022-03-29 08:36:49,544.55
2022-03-29 08:36:54,544.54
2022-03-29 08:36:59,544.54
2022-03-29 08:37:04,544.58
2022-03-29 08:37:09,544.58
2022-03-29 08:37:14,544.64
2022-03-29 08:37:19,544.71
2022-03-29 08:37:24,544.71
2022-03-29 08:37:29,544.71
2022-03-29 08:37:34,544.77
2022-03-29 08:37:39,544.8
2022-03-29 08:37:44,544.8
2022-03-29 08:37:49,540.0773043214973
2022-03-29 08:37:54,540.0643561581745
2022-03-29 08:37:59,544.93
2022-03-29 08:38:04,544.99
2022-03-29 08:38:09,545.06
2022-03-29 08:38:14,545.08
2022-03-29 08:38:19,545.09
2022-03-29 08:38:24,545.15
2022-03-29 08:38:29,545.21
2022-03-29 08:38:34,545.21
2022-03-29 08:38:39,545.28
2022-03-29 08:38:44,545.31
2022-03-29 08:38:49,545.37
2022-03-29 08:38:54,545.37
2022-03-29 08:38:59,545.43
2022-03-29 08:39:04,545.43
2022-03-29 08:39:09,545.49
2022-03-29 08:39:14,545.5
2022-03-29 08:39:19,545.56
2022-03-29 08:39:24,545.58
2022-03-29 08:39:29,545.58
2022-03-29 08:39:34,545.65
2022-03-29 08:39:39,545.65
2022-03-29 08:39:44,545.71
2022-03-29 08:39:49,545.65
2022-03-29 08:39:54,545.71
2022-03-29 08:39:59,545.71
2022-03-29 08:40:04,545.71
2022-03-29 08:40:09,545.77
2022-03-29 08:40:14,545.71
2022-03-29 08:40:19,545.77
2022-03-29 08:40:24,545.71
2022-03-29 08:40:29,545.77
2022-03-29 08:40:34,545.7
2022-03-29 08:40:39,545.7
2022-03-29 08:40:44,545.7
2022-03-29 08:40:49,545.7
2022-03-29 08:40:54,545.64
2022-03-29 08:40:59,545.64
2022-03-29 08:41:04,545.57
2022-03-29 08:41:09,545.54
2022-03-29 08:41:14,545.54
2022-03-29 08:41:19,545.54
2022-03-29 08:41:24,545.41
2022-03-29 08:41:29,545.41
2022-03-29 08:41:34,539.1754304333299
2022-03-29 08:41:39,545.34
2022-03-29 08:41:44,545.34
2022-03-29 08:41:49,545.34
2022-03-29 08:41:54,545.28
2022-03-29 08:41:59,545.25
2022-03-29 08:42:04,545.18
2022-03-29 08:42:09,545.18
2022-03-29 08:42:14,545.12
2022-03-29 08:42:19,545.12
2022-03-29 08:42:24,545.02
2022-03-29 08:42:29,544.96
2022-03-29 08:42:34,544.96
2022-03-29 08:42:39,544.89
2022-03-29 08:42:44,544.83
2022-03-29 08:42:49,538.7336141967409
2022-03-29 08:42:54,544.73
2022-03-29 08:42:59,544.73
2022-03-29 08:43:04,544.67
2022-03-29 08:43:09,538.6042311380581
2022-03-29 08:43:14,544.54
2022-03-29 08:43:19,544.51
2022-03-29 08:43:24,544.51
2022-03-29 08:43:29,544.38
2022-03-29 08:43:34,544.38
2022-03-29 08:43:39,544.31
2022-03-29 08:43:44,544.25
2022-03-29 08:43:49,544.22
2022-03-29 08:43:54,544.22
2022-03-29 08:43:59,544.15
2022-03-29 08:44:04,538.2236824154493
2022-03-29 08:44:09,544.02
2022-03-29 08:44:14,543.99
2022-03-29 08:44:19,543.99
2022-03-29 08:44:24,538.0763865444142
2022-03-29 08:44:29,543.8
2022-03-29 08:44:34,543.8
2022-03-29 08:44:39,543.74
2022-03-29 08:44:44,543.71
2022-03-29 08:44:49,543.64
2022-03-29 08:44:54,543.58
2022-03-29 08:44:59,537.8073178126932
2022-03-29 08:45:04,543.52
2022-03-29 08:45:09,543.48
2022-03-29 08:45:14,543.49
2022-03-29 08:45:19,543.42
2022-03-29 08:45:24,543.29
2022-03-29 08:45:29,543.36
2022-03-29 08:45:34,543.29
2022-03-29 08:45:39,543.23
2022-03-29 08:45:44,543.2
2022-03-29 08:45:49,543.2
2022-03-29 08:45:54,543.13
2022-03-29 08:45:59,543.01
2022-03-29 08:46:04,543.01
2022-03-29 08:46:09,542.98
2022-03-29 08:46:14,542.91
2022-03-29 08:46:19,537.1453653117903
2022-03-29 08:46:24,542.78
2022-03-29 08:46:29,542.72
2022-03-29 08:46:34,542.72
2022-03-29 08:46:39,542.62
2022-03-29 08:46:44,536.9282975891915
2022-03-29 08:46:49,542.56
2022-03-29 08:46:54,542.49
2022-03-29 08:46:59,542.49
2022-03-29 08:47:04,542.4
2022-03-29 08:47:09,542.33
2022-03-29 08:47:14,542.4
2022-03-29 08:47:19,542.27
2022-03-29 08:47:24,542.27
2022-03-29 08:47:29,542.2
2022-03-29 08:47:34,542.11
2022-03-29 08:47:39,542.11
2022-03-29 08:47:44,542.05
2022-03-29 08:47:49,541.98
2022-03-29 08:47:54,541.98
2022-03-29 08:47:59,541.95
2022-03-29 08:48:04,541.95
2022-03-29 08:48:09,541.89
2022-03-29 08:48:14,541.75
2022-03-29 08:48:19,541.75
2022-03-29 08:48:24,541.69
2022-03-29 08:48:29,541.69
2022-03-29 08:48:34,541.65
2022-03-29 08:48:39,541.66
2022-03-29 08:48:44,541.65
2022-03-29 08:48:49,541.59
2022-03-29 08:48:54,535.7630570065371
2022-03-29 08:48:59,541.52
2022-03-29 08:49:04,541.52
2022-03-29 08:49:09,535.6279367443078
2022-03-29 08:49:14,541.46
2022-03-29 08:49:19,541.46
2022-03-29 08:49:24,541.43
2022-03-29 08:49:29,541.42
2022-03-29 08:49:34,541.42
2022-03-29 08:49:39,541.42
2022-03-29 08:49:44,535.314902592053
2022-03-29 08:49:49,541.36
2022-03-29 08:49:54,541.36
2022-03-29 08:49:59,541.36
2022-03-29 08:50:04,541.36
2022-03-29 08:50:09,541.36
2022-03-29 08:50:14,541.36
2022-03-29 08:50:19,541.42
2022-03-29 08:50:24,541.35
2022-03-29 08:50:29,541.35
2022-03-29 08:50:34,541.35
2022-03-29 08:50:39,541.35
2022-03-29 08:50:44,541.35
2022-03-29 08:50:49,541.35
2022-03-29 08:50:54,541.35
2022-03-29 08:50:59,541.34
2022-03-29 08:51:04,541.34
2022-03-29 08:51:09,541.28
2022-03-29 08:51:14,541.34
2022-03-29 08:51:19,541.28
2022-03-29 08:51:24,541.28
2022-03-29 08:51:29,541.28
2022-03-29 08:51:34,541.28
2022-03-29 08:51:39,541.27
2022-03-29 08:51:44,541.27
2022-03-29 08:51:49,534.253542612666
2022-03-29 08:51:54,541.27
2022-03-29 08:51:59,534.1744847342746
2022-03-29 08:52:04,541.33
2022-03-29 08:52:09,541.2
2022-03-29 08:52:14,541.2
2022-03-29 08:52:19,541.2
2022-03-29 08:52:24,541.2
2022-03-29 08:52:29,541.14
2022-03-29 08:52:34,541.2
2022-03-29 08:52:39,541.2
2022-03-29 08:52:44,541.14
2022-03-29 08:52:49,533.7971044289491
2022-03-29 08:52:54,541.14
2022-03-29 08:52:59,541.1
2022-03-29 08:53:04,541.11
2022-03-29 08:53:09,541.04
2022-03-29 08:53:14,541.04
2022-03-29 08:53:19,541.04
2022-03-29 08:53:24,541.04
2022-03-29 08:53:29,540.97
2022-03-29 08:53:34,540.97
2022-03-29 08:53:39,540.97
2022-03-29 08:53:44,540.97
2022-03-29 08:53:49,540.91
2022-03-29 08:53:54,540.97
2022-03-29 08:53:59,540.9
2022-03-29 08:54:04,540.9
2022-03-29 08:54:09,540.87
2022-03-29 08:54:14,540.81
2022-03-29 08:54:19,540.87
2022-03-29 08:54:24,540.81
2022-03-29 08:54:29,540.81
2022-03-29 08:54:34,540.74
2022-03-29 08:54:39,540.81
2022-03-29 08:54:44,533.0717640640701
2022-03-29 08:54:49,540.75
2022-03-29 08:54:54,540.75
2022-03-29 08:54:59,540.74
2022-03-29 08:55:04,540.62
2022-03-29 08:55:09,540.68
2022-03-29 08:55:14,540.62
2022-03-29 08:55:19,540.61
2022-03-29 08:55:24,540.62
2022-03-29 08:55:29,540.62
2022-03-29 08:55:34,540.59
2022-03-29 08:55:39,540.52
2022-03-29 08:55:44,540.52
2022-03-29 08:55:49,532.7735300443037
2022-03-29 08:55:54,540.46
2022-03-29 08:55:59,540.46
2022-03-29 08:56:04,540.4
2022-03-29 08:56:09,540.39
2022-03-29 08:56:14,540.36
2022-03-29 08:56:19,540.3
2022-03-29 08:56:24,540.3
2022-03-29 08:56:29,532.6382831217772
2022-03-29 08:56:34,540.24
2022-03-29 08:56:39,532.610727600435
2022-03-29 08:56:44,540.17
2022-03-29 08:56:49,532.5857806610197
2022-03-29 08:56:54,540.17
2022-03-29 08:56:59,540.17
2022-03-29 08:57:04,540.17
2022-03-29 08:57:09,540.17
2022-03-29 08:57:14,540.11
2022-03-29 08:57:19,540.11
2022-03-29 08:57:24,540.08
2022-03-29 08:57:29,540.08
2022-03-29 08:57:34,540.08
2022-03-29 08:57:39,540.08
2022-03-29 08:57:44,540.08
2022-03-29 08:57:49,540.02
2022-03-29 08:57:54,540.02
2022-03-29 08:57:59,540.02
2022-03-29 08:58:04,540.02
2022-03-29 08:58:09,539.96
2022-03-29 08:58:14,540.02
2022-03-29 08:58:19,540.02
2022-03-29 08:58:24,539.96
2022-03-29 08:58:29,539.96
2022-03-29 08:58:34,532.4946760966577
2022-03-29 08:58:39,539.9
2022-03-29 08:58:44,532.5035407538754
2022-03-29 08:58:49,532.5091966528207
2022-03-29 08:58:54,539.9
2022-03-29 08:58:59,539.9
2022-03-29 08:59:04,539.9
2022-03-29 08:59:09,539.9
2022-03-29 08:59:14,539.9
2022-03-29 08:59:19,539.9
2022-03-29 08:59:24,539.9
2022-03-29 08:59:29,539.97
2022-03-29 08:59:34,539.9
2022-03-29 08:59:39,539.97
2022-03-29 08:59:44,539.97
2022-03-29 08:59:49,540.03
2022-03-29 08:59:54,540.03
2022-03-29 08:59:59,532.672820144145
2022-03-29 09:00:04,540.1
2022-03-29 09:00:09,540.1
2022-03-29 09:00:14,540.13
2022-03-29 09:00:19,540.2
2022-03-29 09:00:24,540.2
2022-03-29 09:00:29,540.2
2022-03-29 09:00:34,540.26
2022-03-29 09:00:39,540.26
2022-03-29 09:00:44,540.33
2022-03-29 09:00:49,540.4
2022-03-29 09:00:54,540.4
2022-03-29 09:00:59,540.43
2022-03-29 09:01:04,540.49
2022-03-29 09:01:09,540.49
2022-03-29 09:01:14,540.56
2022-03-29 09:01:19,540.62
2022-03-29 09:01:24,540.62
2022-03-29 09:01:29,540.66
2022-03-29 09:01:34,533.1249821581446
2022-03-29 09:01:39,540.78
2022-03-29 09:01:44,540.85
2022-03-29 09:01:49,540.91
2022-03-29 09:01:54,540.92
2022-03-29 09:01:59,541.01
2022-03-29 09:02:04,533.316677721552
2022-03-29 09:02:09,533.3507182867261
2022-03-29 09:02:14,541.24
2022-03-29 09:02:19,541.3
2022-03-29 09:02:24,541.3
2022-03-29 09:02:29,541.43
2022-03-29 09:02:34,541.46
2022-03-29 09:02:39,541.53
2022-03-29 09:02:44,541.66
2022-03-29 09:02:49,541.66
2022-03-29 09:02:54,541.69
2022-03-29 09:02:59,541.69
2022-03-29 09:03:04,541.82
2022-03-29 09:03:09,541.82
2022-03-29 09:03:14,541.89
2022-03-29 09:03:19,541.96
2022-03-29 09:03:24,541.98
2022-03-29 09:03:29,541.99
2022-03-29 09:03:34,542.11
2022-03-29 09:03:39,542.18
2022-03-29 09:03:44,542.18
2022-03-29 09:03:49,542.28
2022-03-29 09:03:54,542.28
2022-03-29 09:03:59,542.34
2022-03-29 09:04:04,542.41
2022-03-29 09:04:09,542.47
2022-03-29 09:04:14,542.5
2022-03-29 09:04:19,542.5
2022-03-29 09:04:24,542.57
2022-03-29 09:04:29,534.5166125430349
2022-03-29 09:04:34,542.7
2022-03-29 09:04:39,542.7
2022-03-29 09:04:44,534.6627734855332
2022-03-29 09:04:49,542.8
2022-03-29 09:04:54,542.8
2022-03-29 09:04:59,542.87
2022-03-29 09:05:04,542.87
2022-03-29 09:05:09,534.9140005422247
2022-03-29 09:05:14,542.99
2022-03-29 09:05:19,543.0
2022-03-29 09:05:24,543.03
2022-03-29 09:05:29,543.0
2022-03-29 09:05:34,543.09
2022-03-29 09:05:39,543.1
2022-03-29 09:05:44,543.1
2022-03-29 09:05:49,543.16
2022-03-29 09:05:54,543.23
2022-03-29 09:05:59,543.23
2022-03-29 09:06:04,543.26
2022-03-29 09:06:09,543.26
2022-03-29 09:06:14,543.26
2022-03-29 09:06:19,543.33
2022-03-29 09:06:24,543.33
2022-03-29 09:06:29,543.33
2022-03-29 09:06:34,543.39
2022-03-29 09:06:39,543.46
2022-03-29 09:06:44,543.4
2022-03-29 09:06:49,543.4
2022-03-29 09:06:54,543.46
2022-03-29 09:06:59,543.46
2022-03-29 09:07:04,543.46
2022-03-29 09:07:09,543.46
2022-03-29 09:07:14,543.47
2022-03-29 09:07:19,536.3452683847697
2022-03-29 09:07:24,543.47
2022-03-29 09:07:29,543.47
2022-03-29 09:07:34,543.47
2022-03-29 09:07:39,543.47
2022-03-29 09:07:44,543.47
2022-03-29 09:07:49,543.47
2022-03-29 09:07:54,543.41
2022-03-29 09:07:59,543.41
2022-03-29 09:08:04,543.41
2022-03-29 09:08:09,543.41
2022-03-29 09:08:14,543.42
2022-03-29 09:08:19,543.42
2022-03-29 09:08:24,537.1160433063474
2022-03-29 09:08:29,543.35
2022-03-29 09:08:34,543.35
2022-03-29 09:08:39,537.2970186662059
2022-03-29 09:08:44,537.357531090875
2022-03-29 09:08:49,543.29
2022-03-29 09:08:54,543.29
2022-03-29 09:08:59,543.36
2022-03-29 09:09:04,537.6003493587189
2022-03-29 09:09:09,543.29
2022-03-29 09:09:14,543.26
2022-03-29 09:09:19,543.3
2022-03-29 09:09:24,543.29
2022-03-29 09:09:29,543.2
2022-03-29 09:09:34,543.2
2022-03-29 09:09:39,543.27
2022-03-29 09:09:44,543.2
2022-03-29 09:09:49,543.14
2022-03-29 09:09:54,543.14
2022-03-29 09:09:59,543.21
2022-03-29 09:10:04,543.14
2022-03-29 09:10:09,543.14
2022-03-29 09:10:14,543.08
2022-03-29 09:10:19,543.14
2022-03-29 09:10:24,543.08
2022-03-29 09:10:29,543.05
2022-03-29 09:10:34,543.05
2022-03-29 09:10:39,542.99
2022-03-29 09:10:44,543.05
2022-03-29 09:10:49,543.05
2022-03-29 09:10:54,542.92
2022-03-29 09:10:59,542.98
2022-03-29 09:11:04,542.99
2022-03-29 09:11:09,542.99
2022-03-29 09:11:14,542.99
2022-03-29 09:11:19,539.243421717311
2022-03-29 09:11:24,542.99
2022-03-29 09:11:29,542.98
2022-03-29 09:11:34,542.99
2022-03-29 09:11:39,542.99
2022-03-29 09:11:44,542.99
2022-03-29 09:11:49,543.05
2022-03-29 09:11:54,539.6610611595833
2022-03-29 09:11:59,543.05
2022-03-29 09:12:04,543.05
2022-03-29 09:12:09,543.08
2022-03-29 09:12:14,543.08
2022-03-29 09:12:19,543.15
2022-03-29 09:12:24,543.15
2022-03-29 09:12:29,543.21
2022-03-29 09:12:34,543.21
2022-03-29 09:12:39,543.27
2022-03-29 09:12:44,543.27
2022-03-29 09:12:49,540.3010585338598
2022-03-29 09:12:54,543.37
2022-03-29 09:12:59,543.31
2022-03-29 09:13:04,543.37
2022-03-29 09:13:09,543.43
2022-03-29 09:13:14,543.43
2022-03-29 09:13:19,543.5
2022-03-29 09:13:24,540.6947846368956
2022-03-29 09:13:29,543.56
2022-03-29 09:13:34,543.59
2022-03-29 09:13:39,543.59
2022-03-29 09:13:44,543.66
2022-03-29 09:13:49,543.66
2022-03-29 09:13:54,541.0228467253572
2022-03-29 09:13:59,543.79
2022-03-29 09:14:04,543.82
2022-03-29 09:14:09,543.82
2022-03-29 09:14:14,543.82
2022-03-29 09:14:19,543.88
2022-03-29 09:14:24,543.94
2022-03-29 09:14:29,543.94
2022-03-29 09:14:34,544.01
2022-03-29 09:14:39,544.01
2022-03-29 09:14:44,544.01
2022-03-29 09:14:49,541.6008833252615
2022-03-29 09:14:54,544.07
2022-03-29 09:14:59,544.07
2022-03-29 09:15:04,544.07
2022-03-29 09:15:09,544.07
2022-03-29 09:15:14,544.1
2022-03-29 09:15:19,544.11
2022-03-29 09:15:24,541.9523953794411
2022-03-29 09:15:29,544.1
2022-03-29 09:15:34,544.1
2022-03-29 09:15:39,542.0990397257243
2022-03-29 09:15:44,544.1
2022-03-29 09:15:49,544.1
2022-03-29 09:15:54,544.1
2022-03-29 09:15:59,544.16
2022-03-29 09:16:04,544.16
2022-03-29 09:16:09,544.1
2022-03-29 09:16:14,544.1
2022-03-29 09:16:19,544.16
2022-03-29 09:16:24,544.16
2022-03-29 09:16:29,544.16
2022-03-29 09:16:34,542.6155894236977
2022-03-29 09:16:39,542.6608676654123
2022-03-29 09:16:44,544.16
2022-03-29 09:16:49,544.23
2022-03-29 09:16:54,544.16
2022-03-29 09:16:59,544.16
2022-03-29 09:17:04,544.16
2022-03-29 09:17:09,544.23
2022-03-29 09:17:14,544.23
2022-03-29 09:17:19,544.23
2022-03-29 09:17:24,544.16
2022-03-29 09:17:29,544.16
2022-03-29 09:17:34,544.16
2022-03-29 09:17:39,544.16
2022-03-29 09:17:44,544.16
2022-03-29 09:17:49,544.16
2022-03-29 09:17:54,543.305234591942
2022-03-29 09:17:59,544.1
2022-03-29 09:18:04,544.16
2022-03-29 09:18:09,544.1
2022-03-29 09:18:14,544.1
2022-03-29 09:18:19,544.1
2022-03-29 09:18:24,544.1
2022-03-29 09:18:29,544.07
2022-03-29 09:18:34,544.07
2022-03-29 09:18:39,544.07
2022-03-29 09:18:44,544.07
2022-03-29 09:18:49,544.0
2022-03-29 09:18:54,544.01
2022-03-29 09:18:59,544.0
2022-03-29 09:19:04,543.94
2022-03-29 09:19:09,543.94
2022-03-29 09:19:14,543.88
2022-03-29 09:19:19,543.81
2022-03-29 09:19:24,543.81
2022-03-29 09:19:29,543.78
2022-03-29 09:19:34,544.0582421485126
2022-03-29 09:19:39,543.72
2022-03-29 09:19:44,543.78
2022-03-29 09:19:49,543.66
2022-03-29 09:19:54,543.59
2022-03-29 09:19:59,543.59
2022-03-29 09:20:04,543.56
2022-03-29 09:20:09,543.5
2022-03-29 09:20:14,543.5
2022-03-29 09:20:19,543.5
2022-03-29 09:20:24,543.37
2022-03-29 09:20:29,543.31
2022-03-29 09:20:34,543.31
2022-03-29 09:20:39,544.4788608926674
2022-03-29 09:20:44,543.28
2022-03-29 09:20:49,544.5385648837527
2022-03-29 09:20:54,543.22
2022-03-29 09:20:59,543.15
2022-03-29 09:21:04,543.15
2022-03-29 09:21:09,543.06
2022-03-29 09:21:14,543.06
2022-03-29 09:21:19,542.99
2022-03-29 09:21:24,542.93
2022-03-29 09:21:29,542.99
2022-03-29 09:21:34,544.7902746830435
2022-03-29 09:21:39,542.87
2022-03-29 09:21:44,542.87
2022-03-29 09:21:49,542.8
2022-03-29 09:21:54,542.8
2022-03-29 09:21:59,542.77
2022-03-29 09:22:04,542.77
2022-03-29 09:22:09,542.77
2022-03-29 09:22:14,542.77
2022-03-29 09:22:19,542.65
2022-03-29 09:22:24,542.65
2022-03-29 09:22:29,542.65
2022-03-29 09:22:34,542.65
2022-03-29 09:22:39,542.58
2022-03-29 09:22:44,542.55
2022-03-29 09:22:49,542.49
2022-03-29 09:22:54,542.55
2022-03-29 09:22:59,542.55
2022-03-29 09:23:04,542.49
2022-03-29 09:23:09,542.49
2022-03-29 09:23:14,542.49
2022-03-29 09:23:19,542.49
2022-03-29 09:23:24,542.49
2022-03-29 09:23:29,542.49
2022-03-29 09:23:34,542.43
2022-03-29 09:23:39,542.43
2022-03-29 09:23:44,542.36
2022-03-29 09:23:49,542.43
2022-03-29 09:23:54,542.43
2022-03-29 09:23:59,545.4044762590522
2022-03-29 09:24:04,542.36
2022-03-29 09:24:09,542.43
2022-03-29 09:24:14,542.36
2022-03-29 09:24:19,542.43
2022-03-29 09:24:24,542.43
2022-03-29 09:24:29,542.36
2022-03-29 09:24:34,542.43
2022-03-29 09:24:39,542.36
2022-03-29 09:24:44,542.43
2022-03-29 09:24:49,542.49
2022-03-29 09:24:54,542.43
2022-03-29 09:24:59,542.49
2022-03-29 09:25:04,542.49
2022-03-29 09:25:09,542.49
2022-03-29 09:25:14,542.49
2022-03-29 09:25:19,542.55
2022-03-29 09:25:24,542.59
2022-03-29 09:25:29,542.55
2022-03-29 09:25:34,542.58
2022-03-29 09:25:39,542.58
2022-03-29 09:25:44,542.58
2022-03-29 09:25:49,542.65
2022-03-29 09:25:54,542.65
2022-03-29 09:25:59,542.71
2022-03-29 09:26:04,542.71
2022-03-29 09:26:09,542.77
2022-03-29 09:26:14,542.77
2022-03-29 09:26:19,542.8
2022-03-29 09:26:24,542.8
2022-03-29 09:26:29,542.8
2022-03-29 09:26:34,542.87
2022-03-29 09:26:39,542.86
2022-03-29 09:26:44,542.93
2022-03-29 09:26:49,542.99
2022-03-29 09:26:54,543.06
2022-03-29 09:26:59,543.09
2022-03-29 09:27:04,543.09
2022-03-29 09:27:09,545.7189288641088
2022-03-29 09:27:14,543.09
2022-03-29 09:27:19,543.15
2022-03-29 09:27:24,543.22
2022-03-29 09:27:29,543.21
2022-03-29 09:27:34,543.28
2022-03-29 09:27:39,543.28
2022-03-29 09:27:44,543.28
2022-03-29 09:27:49,543.31
2022-03-29 09:27:54,543.37
2022-03-29 09:27:59,543.37
2022-03-29 09:28:04,543.43
2022-03-29 09:28:09,543.43
2022-03-29 09:28:14,543.43
2022-03-29 09:28:19,543.5
2022-03-29 09:28:24,545.6797235661508
2022-03-29 09:28:29,543.56
2022-03-29 09:28:34,543.56
2022-03-29 09:28:39,543.59
2022-03-29 09:28:44,543.66
2022-03-29 09:28:49,543.59
2022-03-29 09:28:54,543.65
2022-03-29 09:28:59,543.65
2022-03-29 09:29:04,543.65
2022-03-29 09:29:09,545.6126751363398
2022-03-29 09:29:14,543.72
2022-03-29 09:29:19,543.71
2022-03-29 09:29:24,543.71
2022-03-29 09:29:29,543.78
2022-03-29 09:29:34,543.71
2022-03-29 09:29:39,543.71
2022-03-29 09:29:44,543.71
2022-03-29 09:29:49,543.78
2022-03-29 09:29:54,543.71
2022-03-29 09:29:59,543.71
2022-03-29 09:30:04,543.78
2022-03-29 09:30:09,543.78
2022-03-29 09:30:14,543.78
2022-03-29 09:30:19,543.78
2022-03-29 09:30:24,543.71
2022-03-29 09:30:29,543.71
2022-03-29 09:30:34,543.71
2022-03-29 09:30:39,543.71
2022-03-29 09:30:44,543.71
2022-03-29 09:30:49,543.71
2022-03-29 09:30:54,545.3357035097006
2022-03-29 09:30:59,543.71
2022-03-29 09:31:04,543.71
2022-03-29 09:31:09,543.71
2022-03-29 09:31:14,543.71
2022-03-29 09:31:19,543.71
2022-03-29 09:31:24,543.71
2022-03-29 09:31:29,543.71
2022-03-29 09:31:34,543.78
2022-03-29 09:31:39,543.78
2022-03-29 09:31:44,543.78
2022-03-29 09:31:49,543.78
2022-03-29 09:31:54,543.81
2022-03-29 09:31:59,545.0839921261628
2022-03-29 09:32:04,543.78
2022-03-29 09:32:09,543.82
2022-03-29 09:32:14,545.01759204674
2022-03-29 09:32:19,543.82
2022-03-29 09:32:24,543.79
2022-03-29 09:32:29,544.9481521415503
2022-03-29 09:32:34,543.82
2022-03-29 09:32:39,543.82
2022-03-29 09:32:44,543.82
2022-03-29 09:32:49,543.82
2022-03-29 09:32:54,543.82
2022-03-29 09:32:59,543.83
2022-03-29 09:33:04,544.7745103333343
2022-03-29 09:33:09,543.83
2022-03-29 09:33:14,543.89
2022-03-29 09:33:19,544.6952027665716
2022-03-29 09:33:24,543.89
2022-03-29 09:33:29,543.89
2022-03-29 09:33:34,543.9
2022-03-29 09:33:39,543.83
2022-03-29 09:33:44,543.83
2022-03-29 09:33:49,543.9
2022-03-29 09:33:54,543.9
2022-03-29 09:33:59,543.84
2022-03-29 09:34:04,543.9
2022-03-29 09:34:09,543.84
2022-03-29 09:34:14,543.84
2022-03-29 09:34:19,543.84
2022-03-29 09:34:24,543.91
2022-03-29 09:34:29,543.84
2022-03-29 09:34:34,543.91
2022-03-29 09:34:39,543.98
2022-03-29 09:34:44,543.98
2022-03-29 09:34:49,544.1601458429683
2022-03-29 09:34:54,543.98
2022-03-29 09:34:59,543.98
2022-03-29 09:35:04,544.0614436809801
2022-03-29 09:35:09,544.05
2022-03-29 09:35:14,544.05
2022-03-29 09:35:19,544.06
2022-03-29 09:35:24,544.06
2022-03-29 09:35:29,544.12
2022-03-29 09:35:34,544.12
2022-03-29 09:35:39,544.16
2022-03-29 09:35:44,544.16
2022-03-29 09:35:49,544.16
2022-03-29 09:35:54,544.23
2022-03-29 09:35:59,544.23
2022-03-29 09:36:04,544.17
2022-03-29 09:36:09,544.23
2022-03-29 09:36:14,544.23
2022-03-29 09:36:19,544.3
2022-03-29 09:36:24,544.17
2022-03-29 09:36:29,544.3
2022-03-29 09:36:34,544.24
2022-03-29 09:36:39,544.31
2022-03-29 09:36:44,544.3
2022-03-29 09:36:49,544.24
2022-03-29 09:36:54,544.31
2022-03-29 09:36:59,543.2202672341307
2022-03-29 09:37:04,544.31
2022-03-29 09:37:09,544.31
2022-03-29 09:37:14,543.1000445713925
2022-03-29 09:37:19,544.31
2022-03-29 09:37:24,544.32
2022-03-29 09:37:29,544.25
2022-03-29 09:37:34,544.25
2022-03-29 09:37:39,544.19
2022-03-29 09:37:44,544.15
2022-03-29 09:37:49,542.8106217469057
2022-03-29 09:37:54,544.09
2022-03-29 09:37:59,542.7256890368438
2022-03-29 09:38:04,544.1
2022-03-29 09:38:09,544.03
2022-03-29 09:38:14,542.5964636929009
2022-03-29 09:38:19,543.97
2022-03-29 09:38:24,543.9
2022-03-29 09:38:29,543.9
2022-03-29 09:38:34,543.9
2022-03-29 09:38:39,543.87
2022-03-29 09:38:44,543.87
2022-03-29 09:38:49,543.81
2022-03-29 09:38:54,543.74
2022-03-29 09:38:59,543.74
2022-03-29 09:39:04,543.68
2022-03-29 09:39:09,543.64
2022-03-29 09:39:14,543.64
2022-03-29 09:39:19,543.58
2022-03-29 09:39:24,543.45
2022-03-29 09:39:29,543.45
2022-03-29 09:39:34,543.39
2022-03-29 09:39:39,543.36
2022-03-29 09:39:44,543.35
2022-03-29 09:39:49,543.35
2022-03-29 09:39:54,543.29
2022-03-29 09:39:59,541.6334923349453
2022-03-29 09:40:04,543.22
2022-03-29 09:40:09,543.22
2022-03-29 09:40:14,543.16
2022-03-29 09:40:19,543.06
2022-03-29 09:40:24,543.06
2022-03-29 09:40:29,543.0
2022-03-29 09:40:34,542.93
2022-03-29 09:40:39,542.93
2022-03-29 09:40:44,542.86
2022-03-29 09:40:49,542.83
2022-03-29 09:40:54,541.091087075451
2022-03-29 09:40:59,542.77
2022-03-29 09:41:04,542.7
2022-03-29 09:41:09,542.63
2022-03-29 09:41:14,542.6
2022-03-29 09:41:19,542.6
2022-03-29 09:41:24,542.54
2022-03-29 09:41:29,540.7334921448875
2022-03-29 09:41:34,542.4
2022-03-29 09:41:39,542.4
2022-03-29 09:41:44,542.31
2022-03-29 09:41:49,542.31
2022-03-29 09:41:54,542.25
2022-03-29 09:41:59,542.18
2022-03-29 09:42:04,542.18
2022-03-29 09:42:09,542.12
2022-03-29 09:42:14,542.08
2022-03-29 09:42:19,540.2089768626838
2022-03-29 09:42:24,541.96
2022-03-29 09:42:29,541.95
2022-03-29 09:42:34,540.0492696782504
2022-03-29 09:42:39,541.89
2022-03-29 09:42:44,541.83
2022-03-29 09:42:49,541.79
2022-03-29 09:42:54,541.8
2022-03-29 09:42:59,541.73
2022-03-29 09:43:04,541.66
2022-03-29 09:43:09,539.6738114190422
2022-03-29 09:43:14,541.57
2022-03-29 09:43:19,541.57
2022-03-29 09:43:24,541.44
2022-03-29 09:43:29,541.37
2022-03-29 09:43:34,541.37
2022-03-29 09:43:39,541.31
2022-03-29 09:43:44,541.28
2022-03-29 09:43:49,541.21
2022-03-29 09:43:54,541.15
2022-03-29 09:43:59,541.15
2022-03-29 09:44:04,541.09
2022-03-29 09:44:09,539.0260898857695
2022-03-29 09:44:14,541.05
2022-03-29 09:44:19,540.99
2022-03-29 09:44:24,540.93
2022-03-29 09:44:29,540.86
2022-03-29 09:44:34,540.8
2022-03-29 09:44:39,540.8
2022-03-29 09:44:44,540.77
2022-03-29 09:44:49,540.77
2022-03-29 09:44:54,540.7
2022-03-29 09:44:59,538.4888321174537
2022-03-29 09:45:04,540.64
2022-03-29 09:45:09,538.3822363474668
2022-03-29 09:45:14,540.54
2022-03-29 09:45:19,540.48
2022-03-29 09:45:24,540.48
2022-03-29 09:45:29,540.42
2022-03-29 09:45:34,540.42
2022-03-29 09:45:39,540.35
2022-03-29 09:45:44,538.0126069417894
2022-03-29 09:45:49,540.29
2022-03-29 09:45:54,540.26
2022-03-29 09:45:59,540.26
2022-03-29 09:46:04,540.19
2022-03-29 09:46:09,540.13
2022-03-29 09:46:14,540.13
2022-03-29 09:46:19,537.6499373954313
2022-03-29 09:46:24,540.07
2022-03-29 09:46:29,540.04
2022-03-29 09:46:34,540.03
2022-03-29 09:46:39,540.04
2022-03-29 09:46:44,539.91
2022-03-29 09:46:49,539.91
2022-03-29 09:46:54,539.85
2022-03-29 09:46:59,539.85
2022-03-29 09:47:04,539.78
2022-03-29 09:47:09,539.78
2022-03-29 09:47:14,539.78
2022-03-29 09:47:19,539.75
2022-03-29 09:47:24,539.78
2022-03-29 09:47:29,539.78
2022-03-29 09:47:34,539.75
2022-03-29 09:47:39,539.69
2022-03-29 09:47:44,539.75
2022-03-29 09:47:49,539.62
2022-03-29 09:47:54,539.69
2022-03-29 09:47:59,539.63
2022-03-29 09:48:04,539.63
2022-03-29 09:48:09,539.62
2022-03-29 09:48:14,539.56
2022-03-29 09:48:19,539.53
2022-03-29 09:48:24,539.53
2022-03-29 09:48:29,539.53
2022-03-29 09:48:34,539.47
2022-03-29 09:48:39,539.47
2022-03-29 09:48:44,539.4
2022-03-29 09:48:49,536.2238145947589
2022-03-29 09:48:54,539.4
2022-03-29 09:48:59,539.4
2022-03-29 09:49:04,539.34
2022-03-29 09:49:09,539.34
2022-03-29 09:49:14,539.34
2022-03-29 09:49:19,539.27
2022-03-29 09:49:24,539.24
2022-03-29 09:49:29,539.24
2022-03-29 09:49:34,539.24
2022-03-29 09:49:39,539.24
2022-03-29 09:49:44,539.17
2022-03-29 09:49:49,539.18
2022-03-29 09:49:54,539.18
2022-03-29 09:49:59,539.11
2022-03-29 09:50:04,539.11
2022-03-29 09:50:09,539.04
2022-03-29 09:50:14,539.04
2022-03-29 09:50:19,535.5159203302064
2022-03-29 09:50:24,539.01
2022-03-29 09:50:29,539.01
2022-03-29 09:50:34,538.95
2022-03-29 09:50:39,538.94
2022-03-29 09:50:44,538.95
2022-03-29 09:50:49,539.01
2022-03-29 09:50:54,538.94
2022-03-29 09:50:59,538.88
2022-03-29 09:51:04,538.87
2022-03-29 09:51:09,538.87
2022-03-29 09:51:14,538.87
2022-03-29 09:51:19,538.81
2022-03-29 09:51:24,535.0984296610318
2022-03-29 09:51:29,538.75
2022-03-29 09:51:34,538.75
2022-03-29 09:51:39,538.81
2022-03-29 09:51:44,538.75
2022-03-29 09:51:49,538.74
2022-03-29 09:51:54,538.74
2022-03-29 09:51:59,538.74
2022-03-29 09:52:04,538.74
2022-03-29 09:52:09,538.74
2022-03-29 09:52:14,534.8403246075433
2022-03-29 09:52:19,538.74
2022-03-29 09:52:24,538.74
2022-03-29 09:52:29,538.8
2022-03-29 09:52:34,538.8
2022-03-29 09:52:39,538.8
2022-03-29 09:52:44,538.86
2022-03-29 09:52:49,538.92
2022-03-29 09:52:54,538.92
2022-03-29 09:52:59,538.92
2022-03-29 09:53:04,538.98
2022-03-29 09:53:09,539.01
2022-03-29 09:53:14,539.08
2022-03-29 09:53:19,539.07
2022-03-29 09:53:24,539.14
2022-03-29 09:53:29,539.14
2022-03-29 09:53:34,539.24
2022-03-29 09:53:39,539.24
2022-03-29 09:53:44,539.3
2022-03-29 09:53:49,539.36
2022-03-29 09:53:54,539.43
2022-03-29 09:53:59,539.49
2022-03-29 09:54:04,539.58
2022-03-29 09:54:09,539.58
2022-03-29 09:54:14,539.72
2022-03-29 09:54:19,539.75
2022-03-29 09:54:24,539.87
2022-03-29 09:54:29,539.94
2022-03-29 09:54:34,540.04
2022-03-29 09:54:39,540.16
2022-03-29 09:54:44,540.26
2022-03-29 09:54:49,534.4579149258417
2022-03-29 09:54:54,540.52
2022-03-29 09:54:59,540.55
2022-03-29 09:55:04,540.68
2022-03-29 09:55:09,540.77
2022-03-29 09:55:14,540.9
2022-03-29 09:55:19,541.03
2022-03-29 09:55:24,541.06
2022-03-29 09:55:29,541.19
2022-03-29 09:55:34,541.29
2022-03-29 09:55:39,541.48
2022-03-29 09:55:44,541.55
2022-03-29 09:55:49,541.64
2022-03-29 09:55:54,541.77
2022-03-29 09:55:59,541.87
2022-03-29 09:56:04,541.93
2022-03-29 09:56:09,542.06
2022-03-29 09:56:14,542.16
2022-03-29 09:56:19,534.5735427415947
2022-03-29 09:56:24,542.38
2022-03-29 09:56:29,542.45
2022-03-29 09:56:34,542.61
2022-03-29 09:56:39,534.6333558636121
2022-03-29 09:56:44,542.8
2022-03-29 09:56:49,542.9
2022-03-29 09:56:54,542.96
2022-03-29 09:56:59,534.704684653425
2022-03-29 09:57:04,534.7242669318788
2022-03-29 09:57:09,543.19
2022-03-29 09:57:14,543.25
2022-03-29 09:57:19,543.42
2022-03-29 09:57:24,543.48
2022-03-29 09:57:29,543.54
2022-03-29 09:57:34,543.64
2022-03-29 09:57:39,534.8802084396818
2022-03-29 09:57:44,543.77
2022-03-29 09:57:49,543.83
2022-03-29 09:57:54,544.0
2022-03-29 09:57:59,544.0
2022-03-29 09:58:04,544.12
2022-03-29 09:58:09,544.16
2022-03-29 09:58:14,544.22
2022-03-29 09:58:19,544.29
2022-03-29 09:58:24,544.38
2022-03-29 09:58:29,544.45
2022-03-29 09:58:34,544.52
2022-03-29 09:58:39,544.65
2022-03-29 09:58:44,535.2514294834325
2022-03-29 09:58:49,544.74
2022-03-29 09:58:54,535.3172353558537
2022-03-29 09:58:59,544.9
2022-03-29 09:59:04,545.03
2022-03-29 09:59:09,545.03
2022-03-29 09:59:14,545.16
2022-03-29 09:59:19,545.19
2022-03-29 09:59:24,545.26
2022-03-29 09:59:29,545.32
2022-03-29 09:59:34,545.39
2022-03-29 09:59:39,545.42
2022-03-29 09:59:44,545.49
2022-03-29 09:59:49,545.55
2022-03-29 09:59:54,545.55
2022-03-29 09:59:59,545.68
2022-03-29 10:00:04,545.68
2022-03-29 10:00:09,545.71
2022-03-29 10:00:14,545.78
2022-03-29 10:00:19,535.9588904587342
2022-03-29 10:00:24,545.84
2022-03-29 10:00:29,545.84
2022-03-29 10:00:34,545.9
2022-03-29 10:00:39,545.9
2022-03-29 10:00:44,545.9
2022-03-29 10:00:49,536.2167461838927
2022-03-29 10:00:54,545.93
2022-03-29 10:00:59,545.94
2022-03-29 10:01:04,545.94
2022-03-29 10:01:09,545.94
2022-03-29 10:01:14,545.94
2022-03-29 10:01:19,545.94
2022-03-29 10:01:24,545.94
2022-03-29 10:01:29,545.94
2022-03-29 10:01:34,536.6295093747037
2022-03-29 10:01:39,545.93
2022-03-29 10:01:44,536.7250589848089
2022-03-29 10:01:49,545.9
2022-03-29 10:01:54,536.8218855024548
2022-03-29 10:01:59,545.9
2022-03-29 10:02:04,536.9199364027431
2022-03-29 10:02:09,545.83
2022-03-29 10:02:14,545.83
2022-03-29 10:02:19,545.77
2022-03-29 10:02:24,545.77
2022-03-29 10:02:29,545.77
2022-03-29 10:02:34,545.7
2022-03-29 10:02:39,545.7
2022-03-29 10:02:44,545.67
2022-03-29 10:02:49,545.67
2022-03-29 10:02:54,545.6
2022-03-29 10:02:59,545.54
2022-03-29 10:03:04,545.54
2022-03-29 10:03:09,545.47
2022-03-29 10:03:14,537.6361633272586
2022-03-29 10:03:19,545.4
2022-03-29 10:03:24,545.4
2022-03-29 10:03:29,545.37
2022-03-29 10:03:34,545.3
2022-03-29 10:03:39,545.24
2022-03-29 10:03:44,545.24
2022-03-29 10:03:49,545.17
2022-03-29 10:03:54,545.17
2022-03-29 10:03:59,545.14
2022-03-29 10:04:04,545.07
2022-03-29 10:04:09,538.2274596315632
2022-03-29 10:04:14,545.01
2022-03-29 10:04:19,545.01
2022-03-29 10:04:24,538.3917952409818
2022-03-29 10:04:29,544.88
2022-03-29 10:04:34,538.5019088930682
2022-03-29 10:04:39,544.78
2022-03-29 10:04:44,544.71
2022-03-29 10:04:49,544.71
2022-03-29 10:04:54,544.61
2022-03-29 10:04:59,544.61
2022-03-29 10:05:04,544.48
2022-03-29 10:05:09,544.48
2022-03-29 10:05:14,544.35
2022-03-29 10:05:19,544.35
2022-03-29 10:05:24,544.31
2022-03-29 10:05:29,544.25
2022-03-29 10:05:34,544.25
2022-03-29 10:05:39,539.2246600416639
2022-03-29 10:05:44,539.2805146227493
2022-03-29 10:05:49,544.02
2022-03-29 10:05:54,544.02
2022-03-29 10:05:59,543.95
2022-03-29 10:06:04,539.5039080659022
2022-03-29 10:06:09,543.83
2022-03-29 10:06:14,543.83
2022-03-29 10:06:19,543.73
2022-03-29 10:06:24,543.73
2022-03-29 10:06:29,543.66
2022-03-29 10:06:34,543.6
2022-03-29 10:06:39,543.56
2022-03-29 10:06:44,543.56
2022-03-29 10:06:49,543.5
2022-03-29 10:06:54,543.43
2022-03-29 10:06:59,543.43
2022-03-29 10:07:04,543.37
2022-03-29 10:07:09,543.37
2022-03-29 10:07:14,543.37
2022-03-29 10:07:19,543.3
2022-03-29 10:07:24,543.3
2022-03-29 10:07:29,543.27
2022-03-29 10:07:34,543.27
2022-03-29 10:07:39,540.5530065765562
2022-03-29 10:07:44,543.2
2022-03-29 10:07:49,543.27
2022-03-29 10:07:54,543.2
2022-03-29 10:07:59,540.7686206585962
2022-03-29 10:08:04,543.08
2022-03-29 10:08:09,543.07
2022-03-29 10:08:14,543.07
2022-03-29 10:08:19,542.98
2022-03-29 10:08:24,542.98
2022-03-29 10:08:29,542.91
2022-03-29 10:08:34,542.85
2022-03-29 10:08:39,542.84
2022-03-29 10:08:44,542.75
2022-03-29 10:08:49,542.78
2022-03-29 10:08:54,541.3460069955819
2022-03-29 10:08:59,542.69
2022-03-29 10:09:04,541.4480519833851
2022-03-29 10:09:09,542.56
2022-03-29 10:09:14,542.55
2022-03-29 10:09:19,542.53
2022-03-29 10:09:24,542.46
2022-03-29 10:09:29,542.39
2022-03-29 10:09:34,542.33
2022-03-29 10:09:39,542.27
2022-03-29 10:09:44,542.27
2022-03-29 10:09:49,542.24
2022-03-29 10:09:54,541.9421050315866
2022-03-29 10:09:59,542.11
2022-03-29 10:10:04,542.11
2022-03-29 10:10:09,542.04
2022-03-29 10:10:14,542.01
2022-03-29 10:10:19,542.01
2022-03-29 10:10:24,541.95
2022-03-29 10:10:29,541.88
2022-03-29 10:10:34,541.82
2022-03-29 10:10:39,541.76
2022-03-29 10:10:44,541.72
2022-03-29 10:10:49,542.453561237743
2022-03-29 10:10:54,541.59
2022-03-29 10:10:59,541.59
2022-03-29 10:11:04,541.53
2022-03-29 10:11:09,541.5
2022-03-29 10:11:14,541.5
2022-03-29 10:11:19,541.43
2022-03-29 10:11:24,541.37
2022-03-29 10:11:29,541.37
2022-03-29 10:11:34,541.3
2022-03-29 10:11:39,541.24
2022-03-29 10:11:44,541.3
2022-03-29 10:11:49,541.24
2022-03-29 10:11:54,541.24
2022-03-29 10:11:59,541.24
2022-03-29 10:12:04,541.21
2022-03-29 10:12:09,541.21
2022-03-29 10:12:14,541.24
2022-03-29 10:12:19,541.21
2022-03-29 10:12:24,541.21
2022-03-29 10:12:29,541.21
2022-03-29 10:12:34,541.21
2022-03-29 10:12:39,541.21
2022-03-29 10:12:44,541.21
2022-03-29 10:12:49,541.21
2022-03-29 10:12:54,541.24
2022-03-29 10:12:59,541.21
2022-03-29 10:13:04,541.24
2022-03-29 10:13:09,541.21
2022-03-29 10:13:14,541.24
2022-03-29 10:13:19,541.21
2022-03-29 10:13:24,543.7149714133162
2022-03-29 10:13:29,541.2
2022-03-29 10:13:34,543.787254851289
2022-03-29 10:13:39,541.2
2022-03-29 10:13:44,541.2
2022-03-29 10:13:49,541.2
2022-03-29 10:13:54,541.2
2022-03-29 10:13:59,541.14
2022-03-29 10:14:04,541.2
2022-03-29 10:14:09,541.13
2022-03-29 10:14:14,541.13
2022-03-29 10:14:19,541.13
2022-03-29 10:14:24,541.13
2022-03-29 10:14:29,541.13
2022-03-29 10:14:34,541.06
2022-03-29 10:14:39,541.13
2022-03-29 10:14:44,541.13
2022-03-29 10:14:49,541.13
2022-03-29 10:14:54,541.13
2022-03-29 10:14:59,541.13
2022-03-29 10:15:04,541.19
2022-03-29 10:15:09,541.13
2022-03-29 10:15:14,544.4496364184325
2022-03-29 10:15:19,541.19
2022-03-29 10:15:24,541.18
2022-03-29 10:15:29,541.18
2022-03-29 10:15:34,541.18
2022-03-29 10:15:39,544.5980866046818
2022-03-29 10:15:44,541.18
2022-03-29 10:15:49,541.21
2022-03-29 10:15:54,544.6838705890791
2022-03-29 10:15:59,541.21
2022-03-29 10:16:04,541.21
2022-03-29 10:16:09,541.27
2022-03-29 10:16:14,541.27
2022-03-29 10:16:19,541.27
2022-03-29 10:16:24,541.33
2022-03-29 10:16:29,541.33
2022-03-29 10:16:34,541.39
2022-03-29 10:16:39,541.46
2022-03-29 10:16:44,541.46
2022-03-29 10:16:49,541.49
2022-03-29 10:16:54,545.002391386402
2022-03-29 10:16:59,545.0271588064636
2022-03-29 10:17:04,541.55
2022-03-29 10:17:09,541.61
2022-03-29 10:17:14,541.61
2022-03-29 10:17:19,541.67
2022-03-29 10:17:24,541.67
2022-03-29 10:17:29,541.7
2022-03-29 10:17:34,541.67
2022-03-29 10:17:39,541.77
2022-03-29 10:17:44,541.7
2022-03-29 10:17:49,541.76
2022-03-29 10:17:54,541.83
2022-03-29 10:17:59,541.76
2022-03-29 10:18:04,541.83
2022-03-29 10:18:09,541.83
2022-03-29 10:18:14,541.89
2022-03-29 10:18:19,541.89
2022-03-29 10:18:24,541.89
2022-03-29 10:18:29,541.95
2022-03-29 10:18:34,541.95
2022-03-29 10:18:39,541.98
2022-03-29 10:18:44,541.98
2022-03-29 10:18:49,542.05
2022-03-29 10:18:54,545.5215687350253
2022-03-29 10:18:59,542.11
2022-03-29 10:19:04,542.17
2022-03-29 10:19:09,542.17
2022-03-29 10:19:14,542.11
2022-03-29 10:19:19,542.17
2022-03-29 10:19:24,542.17
2022-03-29 10:19:29,542.17
2022-03-29 10:19:34,542.2
2022-03-29 10:19:39,542.2
2022-03-29 10:19:44,542.2
2022-03-29 10:19:49,542.27
2022-03-29 10:19:54,542.2
2022-03-29 10:19:59,542.27
2022-03-29 10:20:04,542.27
2022-03-29 10:20:09,542.2
2022-03-29 10:20:14,542.27
2022-03-29 10:20:19,542.26
2022-03-29 10:20:24,542.26
2022-03-29 10:20:29,542.27
2022-03-29 10:20:34,542.26
2022-03-29 10:20:39,542.26
2022-03-29 10:20:44,542.27
2022-03-29 10:20:49,542.26
2022-03-29 10:20:54,542.26
2022-03-29 10:20:59,542.33
2022-03-29 10:21:04,542.33
2022-03-29 10:21:09,542.26
2022-03-29 10:21:14,542.27
2022-03-29 10:21:19,542.26
2022-03-29 10:21:24,542.27
2022-03-29 10:21:29,542.27
2022-03-29 10:21:34,542.33
2022-03-29 10:21:39,545.9799482571482
2022-03-29 10:21:44,542.33
2022-03-29 10:21:49,542.33
2022-03-29 10:21:54,542.27
2022-03-29 10:21:59,542.33
2022-03-29 10:22:04,542.33
2022-03-29 10:22:09,542.33
2022-03-29 10:22:14,542.33
2022-03-29 10:22:19,542.39
2022-03-29 10:22:24,546.0538320473469
2022-03-29 10:22:29,542.4
2022-03-29 10:22:34,542.4
2022-03-29 10:22:39,542.4
2022-03-29 10:22:44,542.4
2022-03-29 10:22:49,542.46
2022-03-29 10:22:54,546.0909513599173
2022-03-29 10:22:59,542.46
2022-03-29 10:23:04,546.1011691838871
2022-03-29 10:23:09,546.1058742119424
2022-03-29 10:23:14,542.46
2022-03-29 10:23:19,542.49
2022-03-29 10:23:24,542.49
2022-03-29 10:23:29,542.49
2022-03-29 10:23:34,542.62
2022-03-29 10:23:39,542.56
2022-03-29 10:23:44,542.62
2022-03-29 10:23:49,542.62
2022-03-29 10:23:54,542.63
2022-03-29 10:23:59,542.69
2022-03-29 10:24:04,542.69
2022-03-29 10:24:09,546.1414769825806
2022-03-29 10:24:14,542.72
2022-03-29 10:24:19,542.78
2022-03-29 10:24:24,542.79
2022-03-29 10:24:29,542.79
2022-03-29 10:24:34,542.78
2022-03-29 10:24:39,542.78
2022-03-29 10:24:44,542.85
2022-03-29 10:24:49,542.91
2022-03-29 10:24:54,542.91
2022-03-29 10:24:59,542.98
2022-03-29 10:25:04,542.98
2022-03-29 10:25:09,543.01
2022-03-29 10:25:14,543.07
2022-03-29 10:25:19,543.07
2022-03-29 10:25:24,543.13
2022-03-29 10:25:29,543.13
2022-03-29 10:25:34,543.2
2022-03-29 10:25:39,543.2
2022-03-29 10:25:44,543.23
2022-03-29 10:25:49,543.29
2022-03-29 10:25:54,543.23
2022-03-29 10:25:59,543.29
2022-03-29 10:26:04,543.35
2022-03-29 10:26:09,543.29
2022-03-29 10:26:14,543.35
2022-03-29 10:26:19,543.42
2022-03-29 10:26:24,543.42
2022-03-29 10:26:29,543.48
2022-03-29 10:26:34,543.42
2022-03-29 10:26:39,543.48
2022-03-29 10:26:44,543.51
2022-03-29 10:26:49,543.51
2022-03-29 10:26:54,543.51
2022-03-29 10:26:59,543.58
2022-03-29 10:27:04,543.58
2022-03-29 10:27:09,543.57
2022-03-29 10:27:14,546.0241828079961
2022-03-29 10:27:19,543.64
2022-03-29 10:27:24,543.63
2022-03-29 10:27:29,543.7
2022-03-29 10:27:34,543.7
2022-03-29 10:27:39,543.73
2022-03-29 10:27:44,543.73
2022-03-29 10:27:49,543.73
2022-03-29 10:27:54,543.73
2022-03-29 10:27:59,543.73
2022-03-29 10:28:04,543.79
2022-03-29 10:28:09,543.85
2022-03-29 10:28:14,543.72
2022-03-29 10:28:19,543.78
2022-03-29 10:28:24,543.85
2022-03-29 10:28:29,543.85
2022-03-29 10:28:34,543.85
2022-03-29 10:28:39,543.85
2022-03-29 10:28:44,543.84
2022-03-29 10:28:49,545.8435563070894
2022-03-29 10:28:54,543.9
2022-03-29 10:28:59,543.97
2022-03-29 10:29:04,543.97
2022-03-29 10:29:09,543.97
2022-03-29 10:29:14,543.96
2022-03-29 10:29:19,544.0
2022-03-29 10:29:24,544.0
2022-03-29 10:29:29,543.99
2022-03-29 10:29:34,543.99
2022-03-29 10:29:39,544.0
2022-03-29 10:29:44,545.7055770362618
2022-03-29 10:29:49,544.06
2022-03-29 10:29:54,544.05
2022-03-29 10:29:59,544.06
2022-03-29 10:30:04,544.12
2022-03-29 10:30:09,544.12
2022-03-29 10:30:14,544.12
2022-03-29 10:30:19,544.18
2022-03-29 10:30:24,545.590869253466
2022-03-29 10:30:29,544.18
2022-03-29 10:30:34,544.21
2022-03-29 10:30:39,544.18
2022-03-29 10:30:44,544.18
2022-03-29 10:30:49,544.21
2022-03-29 10:30:54,544.21
2022-03-29 10:30:59,544.28
2022-03-29 10:31:04,544.21
2022-03-29 10:31:09,544.21
2022-03-29 10:31:14,544.21
2022-03-29 10:31:19,544.21
2022-03-29 10:31:24,544.21
2022-03-29 10:31:29,544.27
2022-03-29 10:31:34,544.21
2022-03-29 10:31:39,544.21
2022-03-29 10:31:44,544.21
2022-03-29 10:31:49,544.17
2022-03-29 10:31:54,544.17
2022-03-29 10:31:59,544.17
2022-03-29 10:32:04,544.17
2022-03-29 10:32:09,545.2365646599209
2022-03-29 10:32:14,544.17
2022-03-29 10:32:19,544.11
2022-03-29 10:32:24,544.11
2022-03-29 10:32:29,544.04
2022-03-29 10:32:34,544.04
2022-03-29 10:32:39,543.98
2022-03-29 10:32:44,544.04
2022-03-29 10:32:49,543.98
2022-03-29 10:32:54,543.98
2022-03-29 10:32:59,543.95
2022-03-29 10:33:04,543.95
2022-03-29 10:33:09,543.88
2022-03-29 10:33:14,543.88
2022-03-29 10:33:19,543.88
2022-03-29 10:33:24,543.82
2022-03-29 10:33:29,543.82
2022-03-29 10:33:34,543.75
2022-03-29 10:33:39,543.75
2022-03-29 10:33:44,543.69
2022-03-29 10:33:49,543.69
2022-03-29 10:33:54,543.66
2022-03-29 10:33:59,544.7913395633362
2022-03-29 10:34:04,543.6
2022-03-29 10:34:09,543.6
2022-03-29 10:34:14,543.53
2022-03-29 10:34:19,543.47
2022-03-29 10:34:24,543.44
2022-03-29 10:34:29,543.47
2022-03-29 10:34:34,543.44
2022-03-29 10:34:39,543.37
2022-03-29 10:34:44,543.37
2022-03-29 10:34:49,543.31
2022-03-29 10:34:54,543.24
2022-03-29 10:34:59,544.5205460491861
2022-03-29 10:35:04,543.24
2022-03-29 10:35:09,543.18
2022-03-29 10:35:14,544.4500619464644
2022-03-29 10:35:19,543.15
2022-03-29 10:35:24,543.15
2022-03-29 10:35:29,543.08
2022-03-29 10:35:34,543.09
2022-03-29 10:35:39,542.96
2022-03-29 10:35:44,542.96
2022-03-29 10:35:49,542.92
2022-03-29 10:35:54,542.86
2022-03-29 10:35:59,542.86
2022-03-29 10:36:04,542.86
2022-03-29 10:36:09,544.1827993534025
2022-03-29 10:36:14,542.8
2022-03-29 10:36:19,542.8
2022-03-29 10:36:24,542.73
2022-03-29 10:36:29,542.73
2022-03-29 10:36:34,544.057004553125
2022-03-29 10:36:39,544.0315403580071
2022-03-29 10:36:44,542.63
2022-03-29 10:36:49,542.67
2022-03-29 10:36:54,543.9545565203825
2022-03-29 10:36:59,542.64
2022-03-29 10:37:04,542.63
2022-03-29 10:37:09,542.57
2022-03-29 10:37:14,542.57
2022-03-29 10:37:19,542.57
2022-03-29 10:37:24,542.5
2022-03-29 10:37:29,542.5
2022-03-29 10:37:34,542.5
2022-03-29 10:37:39,542.44
2022-03-29 10:37:44,542.5
2022-03-29 10:37:49,542.5
2022-03-29 10:37:54,542.5
2022-03-29 10:37:59,542.5
2022-03-29 10:38:04,542.5
2022-03-29 10:38:09,542.5
2022-03-29 10:38:14,542.44
2022-03-29 10:38:19,542.5
2022-03-29 10:38:24,542.5
2022-03-29 10:38:29,543.4475859083122
2022-03-29 10:38:34,542.57
2022-03-29 10:38:39,542.63
2022-03-29 10:38:44,542.63
2022-03-29 10:38:49,542.63
2022-03-29 10:38:54,542.63
2022-03-29 10:38:59,542.66
2022-03-29 10:39:04,542.72
2022-03-29 10:39:09,542.79
2022-03-29 10:39:14,542.79
2022-03-29 10:39:19,542.78
2022-03-29 10:39:24,542.85
2022-03-29 10:39:29,542.85
2022-03-29 10:39:34,542.85
2022-03-29 10:39:39,542.85
2022-03-29 10:39:44,542.85
2022-03-29 10:39:49,542.84
2022-03-29 10:39:54,542.91
2022-03-29 10:39:59,542.91
2022-03-29 10:40:04,542.9
2022-03-29 10:40:09,542.9
2022-03-29 10:40:14,542.91
2022-03-29 10:40:19,542.9
2022-03-29 10:40:24,542.9
2022-03-29 10:40:29,542.9
2022-03-29 10:40:34,542.9
2022-03-29 10:40:39,542.9
2022-03-29 10:40:44,542.89
2022-03-29 10:40:49,542.89
2022-03-29 10:40:54,542.83
2022-03-29 10:40:59,542.89
2022-03-29 10:41:04,542.83
2022-03-29 10:41:09,542.89
2022-03-29 10:41:14,542.83
2022-03-29 10:41:19,542.83
2022-03-29 10:41:24,542.4173911151636
2022-03-29 10:41:29,542.76
2022-03-29 10:41:34,542.69
2022-03-29 10:41:39,542.63
2022-03-29 10:41:44,542.59
2022-03-29 10:41:49,542.53
2022-03-29 10:41:54,542.53
2022-03-29 10:41:59,542.4
2022-03-29 10:42:04,542.4
2022-03-29 10:42:09,542.3
2022-03-29 10:42:14,542.096514734261
2022-03-29 10:42:19,542.17
2022-03-29 10:42:24,542.0307811952536
2022-03-29 10:42:29,542.08
2022-03-29 10:42:34,542.01
2022-03-29 10:42:39,541.88
2022-03-29 10:42:44,541.85
2022-03-29 10:42:49,541.8640994183299
2022-03-29 10:42:54,541.72
2022-03-29 10:42:59,541.65
2022-03-29 10:43:04,541.59
2022-03-29 10:43:09,541.49
2022-03-29 10:43:14,541.49
2022-03-29 10:43:19,541.36
2022-03-29 10:43:24,541.33
2022-03-29 10:43:29,541.27
2022-03-29 10:43:34,541.2
2022-03-29 10:43:39,541.14
2022-03-29 10:43:44,541.07
2022-03-29 10:43:49,540.97
2022-03-29 10:43:54,540.91
2022-03-29 10:43:59,540.84
2022-03-29 10:44:04,540.75
2022-03-29 10:44:09,540.75
2022-03-29 10:44:14,540.62
2022-03-29 10:44:19,540.55
2022-03-29 10:44:24,540.52
2022-03-29 10:44:29,540.46
2022-03-29 10:44:34,540.39
2022-03-29 10:44:39,541.0886671409835
2022-03-29 10:44:44,540.29
2022-03-29 10:44:49,540.3
2022-03-29 10:44:54,540.23
2022-03-29 10:44:59,540.17
2022-03-29 10:45:04,540.17
2022-03-29 10:45:09,540.1
2022-03-29 10:45:14,540.04
2022-03-29 10:45:19,540.1
2022-03-29 10:45:24,540.1
2022-03-29 10:45:29,540.04
2022-03-29 10:45:34,540.01
2022-03-29 10:45:39,540.04
2022-03-29 10:45:44,540.01
2022-03-29 10:45:49,540.01
2022-03-29 10:45:54,540.01
2022-03-29 10:45:59,540.01
2022-03-29 10:46:04,540.01
2022-03-29 10:46:09,540.01
2022-03-29 10:46:14,540.3593074905617
2022-03-29 10:46:19,539.95
2022-03-29 10:46:24,540.01
2022-03-29 10:46:29,539.95
2022-03-29 10:46:34,540.01
2022-03-29 10:46:39,539.95
2022-03-29 10:46:44,540.01
2022-03-29 10:46:49,540.01
2022-03-29 10:46:54,540.01
2022-03-29 10:46:59,539.9929211601332
2022-03-29 10:47:04,539.95
2022-03-29 10:47:09,540.01
2022-03-29 10:47:14,540.01
2022-03-29 10:47:19,540.01
2022-03-29 10:47:24,540.05
2022-03-29 10:47:29,539.7408111621202
2022-03-29 10:47:34,540.11
2022-03-29 10:47:39,540.11
2022-03-29 10:47:44,540.11
2022-03-29 10:47:49,540.18
2022-03-29 10:47:54,540.18
2022-03-29 10:47:59,540.31
2022-03-29 10:48:04,540.31
2022-03-29 10:48:09,540.34
2022-03-29 10:48:14,540.34
2022-03-29 10:48:19,540.41
2022-03-29 10:48:24,540.47
2022-03-29 10:48:29,540.53
2022-03-29 10:48:34,540.57
2022-03-29 10:48:39,540.63
2022-03-29 10:48:44,540.69
2022-03-29 10:48:49,540.69
2022-03-29 10:48:54,540.69
2022-03-29 10:48:59,540.82
2022-03-29 10:49:04,540.82
2022-03-29 10:49:09,540.92
2022-03-29 10:49:14,540.98
2022-03-29 10:49:19,541.05
2022-03-29 10:49:24,541.08
2022-03-29 10:49:29,541.08
2022-03-29 10:49:34,541.14
2022-03-29 10:49:39,541.14
2022-03-29 10:49:44,538.5238308064114
2022-03-29 10:49:49,541.27
2022-03-29 10:49:54,541.27
2022-03-29 10:49:59,541.34
2022-03-29 10:50:04,541.34
2022-03-29 10:50:09,541.37
2022-03-29 10:50:14,541.43
2022-03-29 10:50:19,538.1850768486231
2022-03-29 10:50:24,541.49
2022-03-29 10:50:29,538.0864501315508
2022-03-29 10:50:34,541.59
2022-03-29 10:50:39,541.59
2022-03-29 10:50:44,541.65
2022-03-29 10:50:49,541.65
2022-03-29 10:50:54,541.65
2022-03-29 10:50:59,541.71
2022-03-29 10:51:04,541.72
2022-03-29 10:51:09,541.78
2022-03-29 10:51:14,541.84
2022-03-29 10:51:19,541.84
2022-03-29 10:51:24,541.87
2022-03-29 10:51:29,541.87
2022-03-29 10:51:34,541.94
2022-03-29 10:51:39,542.0
2022-03-29 10:51:44,541.99
2022-03-29 10:51:49,542.06
2022-03-29 10:51:54,542.06
2022-03-29 10:51:59,542.06
2022-03-29 10:52:04,542.09
2022-03-29 10:52:09,542.09
2022-03-29 10:52:14,536.9999610894605
2022-03-29 10:52:19,542.22
2022-03-29 10:52:24,542.21
2022-03-29 10:52:29,542.21
2022-03-29 10:52:34,542.21
2022-03-29 10:52:39,542.21
2022-03-29 10:52:44,542.27
2022-03-29 10:52:49,542.27
2022-03-29 10:52:54,542.27
2022-03-29 10:52:59,542.27
2022-03-29 10:53:04,542.27
2022-03-29 10:53:09,542.27
2022-03-29 10:53:14,542.33
2022-03-29 10:53:19,542.33
2022-03-29 10:53:24,542.33
2022-03-29 10:53:29,542.33
2022-03-29 10:53:34,542.33
2022-03-29 10:53:39,542.33
2022-03-29 10:53:44,542.36
2022-03-29 10:53:49,542.36
2022-03-29 10:53:54,542.36
2022-03-29 10:53:59,542.36
2022-03-29 10:54:04,542.36
2022-03-29 10:54:09,542.36
2022-03-29 10:54:14,542.36
2022-03-29 10:54:19,542.36
2022-03-29 10:54:24,542.36
2022-03-29 10:54:29,542.36
2022-03-29 10:54:34,542.42
2022-03-29 10:54:39,542.42
2022-03-29 10:54:44,542.36
2022-03-29 10:54:49,542.35
2022-03-29 10:54:54,542.42
2022-03-29 10:54:59,535.1317248530779
2022-03-29 10:55:04,542.42
2022-03-29 10:55:09,542.42
2022-03-29 10:55:14,542.35
2022-03-29 10:55:19,534.8958426249075
2022-03-29 10:55:24,542.35
2022-03-29 10:55:29,542.41
2022-03-29 10:55:34,542.35
2022-03-29 10:55:39,542.41
2022-03-29 10:55:44,542.41
2022-03-29 10:55:49,542.41
2022-03-29 10:55:54,542.41
2022-03-29 10:55:59,534.4200307886384
2022-03-29 10:56:04,542.41
2022-03-29 10:56:09,542.41
2022-03-29 10:56:14,542.41
2022-03-29 10:56:19,542.48
2022-03-29 10:56:24,542.41
2022-03-29 10:56:29,542.48
2022-03-29 10:56:34,542.48
2022-03-29 10:56:39,542.48
2022-03-29 10:56:44,542.54
2022-03-29 10:56:49,542.48
2022-03-29 10:56:54,542.54
2022-03-29 10:56:59,542.48
2022-03-29 10:57:04,542.54
2022-03-29 10:57:09,542.54
2022-03-29 10:57:14,533.5177995101288
2022-03-29 10:57:19,542.58
2022-03-29 10:57:24,542.57
2022-03-29 10:57:29,542.58
2022-03-29 10:57:34,542.58
2022-03-29 10:57:39,542.58
2022-03-29 10:57:44,542.58
2022-03-29 10:57:49,542.64
2022-03-29 10:57:54,542.64
2022-03-29 10:57:59,532.9734575580237
2022-03-29 10:58:04,542.64
2022-03-29 10:58:09,542.64
2022-03-29 10:58:14,532.7919752248945
2022-03-29 10:58:19,532.7315021273096
2022-03-29 10:58:24,542.64
2022-03-29 10:58:29,542.71
2022-03-29 10:58:34,542.65
2022-03-29 10:58:39,542.71
2022-03-29 10:58:44,542.71
2022-03-29 10:58:49,542.77
2022-03-29 10:58:54,532.3087796504178
2022-03-29 10:58:59,542.78
2022-03-29 10:59:04,542.84
2022-03-29 10:59:09,542.84
2022-03-29 10:59:14,542.78
2022-03-29 10:59:19,542.84
2022-03-29 10:59:24,542.84
2022-03-29 10:59:29,531.8877923040853
2022-03-29 10:59:34,542.78
2022-03-29 10:59:39,542.72
2022-03-29 10:59:44,542.78
2022-03-29 10:59:49,542.71
2022-03-29 10:59:54,542.59
2022-03-29 10:59:59,542.59
2022-03-29 11:00:04,542.56
2022-03-29 11:00:09,542.49
2022-03-29 11:00:14,542.43
2022-03-29 11:00:19,542.36
2022-03-29 11:00:24,542.36
2022-03-29 11:00:29,542.27
2022-03-29 11:00:34,542.27
2022-03-29 11:00:39,542.2
2022-03-29 11:00:44,542.14
2022-03-29 11:00:49,530.9373384364588
2022-03-29 11:00:54,542.04
2022-03-29 11:00:59,541.98
2022-03-29 11:01:04,541.85
2022-03-29 11:01:09,541.82
2022-03-29 11:01:14,541.75
2022-03-29 11:01:19,541.69
2022-03-29 11:01:24,541.62
2022-03-29 11:01:29,541.56
2022-03-29 11:01:34,541.46
2022-03-29 11:01:39,541.33
2022-03-29 11:01:44,530.298263316246
2022-03-29 11:01:49,541.17
2022-03-29 11:01:54,541.11
2022-03-29 11:01:59,530.126604524813
2022-03-29 11:02:04,540.95
2022-03-29 11:02:09,540.88
2022-03-29 11:02:14,540.78
2022-03-29 11:02:19,540.65
2022-03-29 11:02:24,540.59
2022-03-29 11:02:29,540.52
2022-03-29 11:02:34,540.43
2022-03-29 11:02:39,540.36
2022-03-29 11:02:44,540.3
2022-03-29 11:02:49,540.14
2022-03-29 11:02:54,540.14
2022-03-29 11:02:59,540.01
2022-03-29 11:03:04,539.97
2022-03-29 11:03:09,529.3436501187698
2022-03-29 11:03:14,539.75
2022-03-29 11:03:19,539.68
2022-03-29 11:03:24,539.62
2022-03-29 11:03:29,539.49
2022-03-29 11:03:34,539.39
2022-03-29 11:03:39,539.32
2022-03-29 11:03:44,539.26
2022-03-29 11:03:49,539.16
2022-03-29 11:03:54,528.8586596524153
2022-03-29 11:03:59,539.1
2022-03-29 11:04:04,539.03
2022-03-29 11:04:09,538.96
2022-03-29 11:04:14,538.93
2022-03-29 11:04:19,538.93
2022-03-29 11:04:24,538.86
2022-03-29 11:04:29,538.8
2022-03-29 11:04:34,538.8
2022-03-29 11:04:39,538.8
2022-03-29 11:04:44,538.73
2022-03-29 11:04:49,538.73
2022-03-29 11:04:54,528.238553565563
2022-03-29 11:04:59,538.7
2022-03-29 11:05:04,538.73
2022-03-29 11:05:09,538.73
2022-03-29 11:05:14,538.69
2022-03-29 11:05:19,538.63
2022-03-29 11:05:24,538.63
2022-03-29 11:05:29,538.63
2022-03-29 11:05:34,527.8442275089182
2022-03-29 11:05:39,538.63
2022-03-29 11:05:44,538.62
2022-03-29 11:05:49,538.69
2022-03-29 11:05:54,538.69
2022-03-29 11:05:59,527.6062771360095
2022-03-29 11:06:04,538.69
2022-03-29 11:06:09,538.69
2022-03-29 11:06:14,538.69
2022-03-29 11:06:19,538.72
2022-03-29 11:06:24,538.72
2022-03-29 11:06:29,538.78
2022-03-29 11:06:34,538.78
2022-03-29 11:06:39,538.84
2022-03-29 11:06:44,538.91
2022-03-29 11:06:49,527.1506062135662
2022-03-29 11:06:54,538.94
2022-03-29 11:06:59,539.0
2022-03-29 11:07:04,539.07
2022-03-29 11:07:09,539.07
2022-03-29 11:07:14,539.06
2022-03-29 11:07:19,539.13
2022-03-29 11:07:24,539.19
2022-03-29 11:07:29,539.29
2022-03-29 11:07:34,539.23
2022-03-29 11:07:39,539.29
2022-03-29 11:07:44,539.42
2022-03-29 11:07:49,539.45
2022-03-29 11:07:54,526.5988492477564
2022-03-29 11:07:59,539.58
2022-03-29 11:08:04,539.64
2022-03-29 11:08:09,539.64
2022-03-29 11:08:14,539.74
2022-03-29 11:08:19,539.87
2022-03-29 11:08:24,539.96
2022-03-29 11:08:29,539.96
2022-03-29 11:08:34,526.2823060845307
2022-03-29 11:08:39,540.16
2022-03-29 11:08:44,540.22
2022-03-29 11:08:49,540.25
2022-03-29 11:08:54,540.38
2022-03-29 11:08:59,540.45
2022-03-29 11:09:04,540.54
2022-03-29 11:09:09,526.019806597578
2022-03-29 11:09:14,540.77
2022-03-29 11:09:19,540.83
2022-03-29 11:09:24,540.96
2022-03-29 11:09:29,541.06
2022-03-29 11:09:34,541.19
2022-03-29 11:09:39,541.26
2022-03-29 11:09:44,541.35
2022-03-29 11:09:49,541.48
2022-03-29 11:09:54,541.57
2022-03-29 11:09:59,541.64
2022-03-29 11:10:04,541.77
2022-03-29 11:10:09,525.6014521672091
2022-03-29 11:10:14,541.93
2022-03-29 11:10:19,542.03
2022-03-29 11:10:24,542.22
2022-03-29 11:10:29,542.29
2022-03-29 11:10:34,542.38
2022-03-29 11:10:39,542.51
2022-03-29 11:10:44,542.55
2022-03-29 11:10:49,542.67
2022-03-29 11:10:54,525.3140999995131
2022-03-29 11:10:59,542.84
2022-03-29 11:11:04,543.03
2022-03-29 11:11:09,543.06
2022-03-29 11:11:14,543.13
2022-03-29 11:11:19,543.25
2022-03-29 11:11:24,543.32
2022-03-29 11:11:29,543.42
2022-03-29 11:11:34,543.48
2022-03-29 11:11:39,543.58
2022-03-29 11:11:44,525.0215756472617
2022-03-29 11:11:49,543.77
2022-03-29 11:11:54,543.87
2022-03-29 11:11:59,544.0
2022-03-29 11:12:04,544.06
2022-03-29 11:12:09,544.16
2022-03-29 11:12:14,544.29
2022-03-29 11:12:19,544.35
2022-03-29 11:12:24,544.45
2022-03-29 11:12:29,544.58
2022-03-29 11:12:34,524.7574146620199
2022-03-29 11:12:39,544.74
2022-03-29 11:12:44,544.8
2022-03-29 11:12:49,544.9
2022-03-29 11:12:54,524.6597382005222
2022-03-29 11:12:59,524.6360348709733
2022-03-29 11:13:04,545.19
2022-03-29 11:13:09,545.25
2022-03-29 11:13:14,545.41
2022-03-29 11:13:19,545.48
2022-03-29 11:13:24,545.61
2022-03-29 11:13:29,545.64
2022-03-29 11:13:34,545.77
2022-03-29 11:13:39,545.89
2022-03-29 11:13:44,545.89
2022-03-29 11:13:49,546.06
2022-03-29 11:13:54,546.11
2022-03-29 11:13:59,546.21
2022-03-29 11:14:04,546.34
2022-03-29 11:14:09,546.41
2022-03-29 11:14:14,546.5
2022-03-29 11:14:19,546.57
2022-03-29 11:14:24,546.66
2022-03-29 11:14:29,546.79
2022-03-29 11:14:34,524.2403847633218
2022-03-29 11:14:39,546.95
2022-03-29 11:14:44,547.08
2022-03-29 11:14:49,547.14
2022-03-29 11:14:54,547.24
2022-03-29 11:14:59,547.3
2022-03-29 11:15:04,547.36
2022-03-29 11:15:09,547.46
2022-03-29 11:15:14,547.59
2022-03-29 11:15:19,547.59
2022-03-29 11:15:24,547.65
2022-03-29 11:15:29,547.68
2022-03-29 11:15:34,547.75
2022-03-29 11:15:39,547.74
2022-03-29 11:15:44,524.0159126251973
2022-03-29 11:15:49,547.81
2022-03-29 11:15:54,547.81
2022-03-29 11:15:59,547.86
2022-03-29 11:16:04,547.86
2022-03-29 11:16:09,547.93
2022-03-29 11:16:14,547.93
2022-03-29 11:16:19,547.86
2022-03-29 11:16:24,547.93
2022-03-29 11:16:29,547.96
2022-03-29 11:16:34,547.93
2022-03-29 11:16:39,547.92
2022-03-29 11:16:44,547.92
2022-03-29 11:16:49,547.86
2022-03-29 11:16:54,547.86
2022-03-29 11:16:59,547.79
2022-03-29 11:17:04,547.79
2022-03-29 11:17:09,547.72
2022-03-29 11:17:14,547.72
2022-03-29 11:17:19,523.8034017310207
2022-03-29 11:17:24,547.63
2022-03-29 11:17:29,547.62
2022-03-29 11:17:34,547.56
2022-03-29 11:17:39,547.49
2022-03-29 11:17:44,547.43
2022-03-29 11:17:49,547.39
2022-03-29 11:17:54,547.33
2022-03-29 11:17:59,547.26
2022-03-29 11:18:04,547.2
2022-03-29 11:18:09,547.2
2022-03-29 11:18:14,547.1
2022-03-29 11:18:19,523.7244204160535
2022-03-29 11:18:24,547.03
2022-03-29 11:18:29,546.91
2022-03-29 11:18:34,546.81
2022-03-29 11:18:39,546.81
2022-03-29 11:18:44,523.7042378492032
2022-03-29 11:18:49,546.68
2022-03-29 11:18:54,523.6982700630415
2022-03-29 11:18:59,546.52
2022-03-29 11:19:04,546.45
2022-03-29 11:19:09,546.39
2022-03-29 11:19:14,546.39
2022-03-29 11:19:19,546.29
2022-03-29 11:19:24,546.22
2022-03-29 11:19:29,546.09
2022-03-29 11:19:34,546.06
2022-03-29 11:19:39,545.93
2022-03-29 11:19:44,545.87
2022-03-29 11:19:49,545.77
2022-03-29 11:19:54,545.71
2022-03-29 11:19:59,545.71
2022-03-29 11:20:04,545.58
2022-03-29 11:20:09,545.55
2022-03-29 11:20:14,545.42
2022-03-29 11:20:19,545.35
2022-03-29 11:20:24,545.32
2022-03-29 11:20:29,545.26
2022-03-29 11:20:34,545.19
2022-03-29 11:20:39,545.06
2022-03-29 11:20:44,545.03
2022-03-29 11:20:49,544.96
2022-03-29 11:20:54,544.9
2022-03-29 11:20:59,523.7240307018657
2022-03-29 11:21:04,544.81
2022-03-29 11:21:09,523.7336019947905
2022-03-29 11:21:14,544.61
2022-03-29 11:21:19,544.61
2022-03-29 11:21:24,544.55
2022-03-29 11:21:29,544.45
2022-03-29 11:21:34,544.45
2022-03-29 11:21:39,544.39
2022-03-29 11:21:44,544.32
2022-03-29 11:21:49,544.32
2022-03-29 11:21:54,544.23
2022-03-29 11:21:59,544.16
2022-03-29 11:22:04,544.16
2022-03-29 11:22:09,544.1
2022-03-29 11:22:14,544.04
2022-03-29 11:22:19,544.04
2022-03-29 11:22:24,543.94
2022-03-29 11:22:29,543.94
2022-03-29 11:22:34,543.88
2022-03-29 11:22:39,543.78
2022-03-29 11:22:44,543.78
2022-03-29 11:22:49,543.78
2022-03-29 11:22:54,543.66
2022-03-29 11:22:59,523.8985964639004
2022-03-29 11:23:04,543.59
2022-03-29 11:23:09,543.53
2022-03-29 11:23:14,543.49
2022-03-29 11:23:19,523.9387569947677
2022-03-29 11:23:24,543.36
2022-03-29 11:23:29,543.37
2022-03-29 11:23:34,543.27
2022-03-29 11:23:39,543.27
2022-03-29 11:23:44,543.21
2022-03-29 11:23:49,543.14
2022-03-29 11:23:54,543.08
2022-03-29 11:23:59,543.01
2022-03-29 11:24:04,543.01
2022-03-29 11:24:09,542.98
2022-03-29 11:24:14,542.92
2022-03-29 11:24:19,542.92
2022-03-29 11:24:24,542.85
2022-03-29 11:24:29,542.79
2022-03-29 11:24:34,542.75
2022-03-29 11:24:39,524.1232827408267
2022-03-29 11:24:44,542.56
2022-03-29 11:24:49,542.56
2022-03-29 11:24:54,542.5
2022-03-29 11:24:59,542.5
2022-03-29 11:25:04,542.4
2022-03-29 11:25:09,542.33
2022-03-29 11:25:14,542.27
2022-03-29 11:25:19,542.24
2022-03-29 11:25:24,542.17
2022-03-29 11:25:29,542.11
2022-03-29 11:25:34,542.04
2022-03-29 11:25:39,524.2808487392792
2022-03-29 11:25:44,541.94
2022-03-29 11:25:49,541.88
2022-03-29 11:25:54,541.82
2022-03-29 11:25:59,541.72
2022-03-29 11:26:04,541.65
2022-03-29 11:26:09,524.3637770234089
2022-03-29 11:26:14,541.59
2022-03-29 11:26:19,541.52
2022-03-29 11:26:24,541.42
2022-03-29 11:26:29,524.4201144494941
2022-03-29 11:26:34,541.3
2022-03-29 11:26:39,541.2
2022-03-29 11:26:44,524.4627698083609
2022-03-29 11:26:49,541.07
2022-03-29 11:26:54,541.07
2022-03-29 11:26:59,540.94
2022-03-29 11:27:04,524.52001082034
2022-03-29 11:27:09,540.84
2022-03-29 11:27:14,540.77
2022-03-29 11:27:19,540.77
2022-03-29 11:27:24,540.71
2022-03-29 11:27:29,540.67
2022-03-29 11:27:34,540.67
2022-03-29 11:27:39,540.61
2022-03-29 11:27:44,540.61
2022-03-29 11:27:49,540.54
2022-03-29 11:27:54,540.41
2022-03-29 11:27:59,540.41
2022-03-29 11:28:04,540.38
2022-03-29 11:28:09,540.38
2022-03-29 11:28:14,524.720752247794
2022-03-29 11:28:19,540.31
2022-03-29 11:28:24,540.25
2022-03-29 11:28:29,540.18
2022-03-29 11:28:34,524.7773505256602
2022-03-29 11:28:39,540.15
2022-03-29 11:28:44,540.15
2022-03-29 11:28:49,540.14
2022-03-29 11:28:54,540.02
2022-03-29 11:28:59,540.01
2022-03-29 11:29:04,539.95
2022-03-29 11:29:09,539.95
2022-03-29 11:29:14,539.95
2022-03-29 11:29:19,539.88
2022-03-29 11:29:24,524.9152221410105
2022-03-29 11:29:29,539.88
2022-03-29 11:29:34,524.941964260669
2022-03-29 11:29:39,539.85
2022-03-29 11:29:44,539.85
2022-03-29 11:29:49,539.78
2022-03-29 11:29:54,524.9944053639027
2022-03-29 11:29:59,539.78
2022-03-29 11:30:04,539.78
2022-03-29 11:30:09,539.71
2022-03-29 11:30:14,539.71
2022-03-29 11:30:19,539.71
2022-03-29 11:30:24,539.71
2022-03-29 11:30:29,525.0822807131574
2022-03-29 11:30:34,539.65
2022-03-29 11:30:39,539.64
2022-03-29 11:30:44,539.65
2022-03-29 11:30:49,539.61
2022-03-29 11:30:54,539.61
2022-03-29 11:30:59,539.55
2022-03-29 11:31:04,539.55
2022-03-29 11:31:09,539.55
2022-03-29 11:31:14,539.48
2022-03-29 11:31:19,539.48
2022-03-29 11:31:24,525.207957999451
2022-03-29 11:31:29,539.42
2022-03-29 11:31:34,539.35
2022-03-29 11:31:39,539.35
2022-03-29 11:31:44,539.35
2022-03-29 11:31:49,539.32
2022-03-29 11:31:54,525.2687702076996
2022-03-29 11:31:59,539.26
2022-03-29 11:32:04,539.19
2022-03-29 11:32:09,539.19
2022-03-29 11:32:14,539.13
2022-03-29 11:32:19,525.3146093791404
2022-03-29 11:32:24,539.13
2022-03-29 11:32:29,539.03
2022-03-29 11:32:34,525.3398173331825
2022-03-29 11:32:39,539.03
2022-03-29 11:32:44,539.03
2022-03-29 11:32:49,538.97
2022-03-29 11:32:54,525.3705652321914
2022-03-29 11:32:59,538.9
2022-03-29 11:33:04,538.84
2022-03-29 11:33:09,538.81
2022-03-29 11:33:14,538.84
2022-03-29 11:33:19,538.8
2022-03-29 11:33:24,538.74
2022-03-29 11:33:29,538.74
2022-03-29 11:33:34,538.68
2022-03-29 11:33:39,538.68
2022-03-29 11:33:44,538.68
2022-03-29 11:33:49,538.68
2022-03-29 11:33:54,538.68
2022-03-29 11:33:59,538.62
2022-03-29 11:34:04,525.4495310019395
2022-03-29 11:34:09,538.59
2022-03-29 11:34:14,525.4568982855839
2022-03-29 11:34:19,538.59
2022-03-29 11:34:24,538.52
2022-03-29 11:34:29,538.52
2022-03-29 11:34:34,538.46
2022-03-29 11:34:39,538.52
2022-03-29 11:34:44,538.52
2022-03-29 11:34:49,538.46
2022-03-29 11:34:54,538.52
2022-03-29 11:34:59,538.46
2022-03-29 11:35:04,538.46
2022-03-29 11:35:09,538.46
2022-03-29 11:35:14,538.4
2022-03-29 11:35:19,538.46
2022-03-29 11:35:24,538.4
2022-03-29 11:35:29,538.4
2022-03-29 11:35:34,538.4
2022-03-29 11:35:39,538.4
2022-03-29 11:35:44,538.4
2022-03-29 11:35:49,538.33
2022-03-29 11:35:54,525.4805050909494
2022-03-29 11:35:59,538.3
2022-03-29 11:36:04,538.3
2022-03-29 11:36:09,538.3
2022-03-29 11:36:14,538.3
2022-03-29 11:36:19,538.3
2022-03-29 11:36:24,538.3
2022-03-29 11:36:29,525.4694878074961
2022-03-29 11:36:34,538.24
2022-03-29 11:36:39,538.3
2022-03-29 11:36:44,538.17
2022-03-29 11:36:49,538.24
2022-03-29 11:36:54,538.17
2022-03-29 11:36:59,538.17
2022-03-29 11:37:04,538.17
2022-03-29 11:37:09,538.17
2022-03-29 11:37:14,538.17
2022-03-29 11:37:19,538.17
2022-03-29 11:37:24,538.17
2022-03-29 11:37:29,538.11
2022-03-29 11:37:34,538.17
2022-03-29 11:37:39,538.11
2022-03-29 11:37:44,538.11
2022-03-29 11:37:49,538.11
2022-03-29 11:37:54,538.11
2022-03-29 11:37:59,538.1
2022-03-29 11:38:04,538.1
2022-03-29 11:38:09,538.1
2022-03-29 11:38:14,525.3879172461507
2022-03-29 11:38:19,538.1
2022-03-29 11:38:24,538.1
2022-03-29 11:38:29,538.07
2022-03-29 11:38:34,525.3654281146888
2022-03-29 11:38:39,538.16
2022-03-29 11:38:44,538.16
2022-03-29 11:38:49,538.23
2022-03-29 11:38:54,538.29
2022-03-29 11:38:59,538.32
2022-03-29 11:39:04,538.29
2022-03-29 11:39:09,538.39
2022-03-29 11:39:14,538.45
2022-03-29 11:39:19,538.51
2022-03-29 11:39:24,538.58
2022-03-29 11:39:29,538.58
2022-03-29 11:39:34,538.61
2022-03-29 11:39:39,538.67
2022-03-29 11:39:44,538.74
2022-03-29 11:39:49,538.8
2022-03-29 11:39:54,538.83
2022-03-29 11:39:59,538.89
2022-03-29 11:40:04,538.96
2022-03-29 11:40:09,539.02
2022-03-29 11:40:14,539.12
2022-03-29 11:40:19,539.18
2022-03-29 11:40:24,539.24
2022-03-29 11:40:29,539.31
2022-03-29 11:40:34,539.34
2022-03-29 11:40:39,539.47
2022-03-29 11:40:44,539.53
2022-03-29 11:40:49,539.63
2022-03-29 11:40:54,539.69
2022-03-29 11:40:59,539.75
2022-03-29 11:41:04,539.85
2022-03-29 11:41:09,525.1403855804031
2022-03-29 11:41:14,525.1320971734712
2022-03-29 11:41:19,540.14
2022-03-29 11:41:24,540.2
2022-03-29 11:41:29,540.27
2022-03-29 11:41:34,540.36
2022-03-29 11:41:39,540.43
2022-03-29 11:41:44,540.55
2022-03-29 11:41:49,540.65
2022-03-29 11:41:54,540.65
2022-03-29 11:41:59,525.0561061329907
2022-03-29 11:42:04,540.87
2022-03-29 11:42:09,525.0389853596652
2022-03-29 11:42:14,541.0
2022-03-29 11:42:19,541.13
2022-03-29 11:42:24,541.23
2022-03-29 11:42:29,541.29
2022-03-29 11:42:34,541.35
2022-03-29 11:42:39,541.38
2022-03-29 11:42:44,524.97885346448
2022-03-29 11:42:49,541.51
2022-03-29 11:42:54,541.64
2022-03-29 11:42:59,541.68
2022-03-29 11:43:04,541.8
2022-03-29 11:43:09,541.87
2022-03-29 11:43:14,541.9
2022-03-29 11:43:19,541.96
2022-03-29 11:43:24,541.96
2022-03-29 11:43:29,542.09
2022-03-29 11:43:34,542.09
2022-03-29 11:43:39,542.16
2022-03-29 11:43:44,542.19
2022-03-29 11:43:49,542.32
2022-03-29 11:43:54,542.32
2022-03-29 11:43:59,542.38
2022-03-29 11:44:04,542.38
2022-03-29 11:44:09,542.41
2022-03-29 11:44:14,524.8276688051562
2022-03-29 11:44:19,542.54
2022-03-29 11:44:24,542.54
2022-03-29 11:44:29,542.61
2022-03-29 11:44:34,542.67
2022-03-29 11:44:39,542.77
2022-03-29 11:44:44,542.77
2022-03-29 11:44:49,524.7724869315905
2022-03-29 11:44:54,542.84
2022-03-29 11:44:59,542.9
2022-03-29 11:45:04,542.9
2022-03-29 11:45:09,542.94
2022-03-29 11:45:14,543.0
2022-03-29 11:45:19,543.06
2022-03-29 11:45:24,524.7206014757523
2022-03-29 11:45:29,543.19
2022-03-29 11:45:34,543.22
2022-03-29 11:45:39,543.23
2022-03-29 11:45:44,543.23
2022-03-29 11:45:49,524.6860216332242
2022-03-29 11:45:54,543.35
2022-03-29 11:45:59,543.36
2022-03-29 11:46:04,543.42
2022-03-29 11:46:09,543.45
2022-03-29 11:46:14,543.46
2022-03-29 11:46:19,543.52
2022-03-29 11:46:24,543.52
2022-03-29 11:46:29,543.59
2022-03-29 11:46:34,543.59
2022-03-29 11:46:39,543.65
2022-03-29 11:46:44,543.65
2022-03-29 11:46:49,543.72
2022-03-29 11:46:54,543.72
2022-03-29 11:46:59,543.72
2022-03-29 11:47:04,524.5979777043602
2022-03-29 11:47:09,543.72
2022-03-29 11:47:14,543.72
2022-03-29 11:47:19,543.66
2022-03-29 11:47:24,543.72
2022-03-29 11:47:29,543.66
2022-03-29 11:47:34,543.66
2022-03-29 11:47:39,543.59
2022-03-29 11:47:44,543.59
2022-03-29 11:47:49,543.53
2022-03-29 11:47:54,543.53
2022-03-29 11:47:59,543.46
2022-03-29 11:48:04,543.43
2022-03-29 11:48:09,543.43
2022-03-29 11:48:14,543.37
2022-03-29 11:48:19,543.31
2022-03-29 11:48:24,543.24
2022-03-29 11:48:29,543.21
2022-03-29 11:48:34,543.08
2022-03-29 11:48:39,543.02
2022-03-29 11:48:44,542.95
2022-03-29 11:48:49,542.85
2022-03-29 11:48:54,542.79
2022-03-29 11:48:59,542.69
2022-03-29 11:49:04,542.56
2022-03-29 11:49:09,542.5
2022-03-29 11:49:14,542.4
2022-03-29 11:49:19,524.5180152864772
2022-03-29 11:49:24,542.11
2022-03-29 11:49:29,541.98
2022-03-29 11:49:34,541.89
2022-03-29 11:49:39,541.69
2022-03-29 11:49:44,524.5151997208645
2022-03-29 11:49:49,541.4
2022-03-29 11:49:54,541.24
2022-03-29 11:49:59,541.14
2022-03-29 11:50:04,540.95
2022-03-29 11:50:09,540.85
2022-03-29 11:50:14,540.63
2022-03-29 11:50:19,540.5
2022-03-29 11:50:24,540.37
2022-03-29 11:50:29,540.21
2022-03-29 11:50:34,540.05
2022-03-29 11:50:39,539.92
2022-03-29 11:50:44,539.69
2022-03-29 11:50:49,539.63
2022-03-29 11:50:54,539.46
2022-03-29 11:50:59,539.3
2022-03-29 11:51:04,524.5295912456914
2022-03-29 11:51:09,539.08
2022-03-29 11:51:14,538.88
2022-03-29 11:51:19,538.78
2022-03-29 11:51:24,538.66
2022-03-29 11:51:29,538.49
2022-03-29 11:51:34,538.36
2022-03-29 11:51:39,538.2
2022-03-29 11:51:44,538.04
2022-03-29 11:51:49,537.91
2022-03-29 11:51:54,537.78
2022-03-29 11:51:59,537.68
2022-03-29 11:52:04,537.52
2022-03-29 11:52:09,537.39
2022-03-29 11:52:14,537.26
2022-03-29 11:52:19,537.16
2022-03-29 11:52:24,537.0
2022-03-29 11:52:29,524.5812972377637
2022-03-29 11:52:34,536.81
2022-03-29 11:52:39,536.71
2022-03-29 11:52:44,536.58
2022-03-29 11:52:49,536.48
2022-03-29 11:52:54,536.35
2022-03-29 11:52:59,536.29
2022-03-29 11:53:04,536.12
2022-03-29 11:53:09,536.06
2022-03-29 11:53:14,535.99
2022-03-29 11:53:19,535.9
2022-03-29 11:53:24,535.83
2022-03-29 11:53:29,535.7
2022-03-29 11:53:34,535.67
2022-03-29 11:53:39,535.6
2022-03-29 11:53:44,535.54
2022-03-29 11:53:49,535.44
2022-03-29 11:53:54,535.38
2022-03-29 11:53:59,535.38
2022-03-29 11:54:04,535.31
2022-03-29 11:54:09,535.25
2022-03-29 11:54:14,535.25
2022-03-29 11:54:19,535.15
2022-03-29 11:54:24,535.15
2022-03-29 11:54:29,524.7111759470426
2022-03-29 11:54:34,535.08
2022-03-29 11:54:39,535.02
2022-03-29 11:54:44,535.02
2022-03-29 11:54:49,535.02
2022-03-29 11:54:54,535.02
2022-03-29 11:54:59,535.02
2022-03-29 11:55:04,535.02
2022-03-29 11:55:09,535.02
2022-03-29 11:55:14,535.08
2022-03-29 11:55:19,535.08
2022-03-29 11:55:24,535.08
2022-03-29 11:55:29,524.7982343518788
2022-03-29 11:55:34,524.8060948912095
2022-03-29 11:55:39,535.18
2022-03-29 11:55:44,535.25
2022-03-29 11:55:49,524.8302116622189
2022-03-29 11:55:54,535.37
2022-03-29 11:55:59,535.44
2022-03-29 11:56:04,535.54
2022-03-29 11:56:09,535.54
2022-03-29 11:56:14,535.6
2022-03-29 11:56:19,535.66
2022-03-29 11:56:24,524.8895098883014
2022-03-29 11:56:29,535.83
2022-03-29 11:56:34,535.89
2022-03-29 11:56:39,524.9161715622969
2022-03-29 11:56:44,535.99
2022-03-29 11:56:49,536.12
2022-03-29 11:56:54,536.18
2022-03-29 11:56:59,536.28
2022-03-29 11:57:04,536.34
2022-03-29 11:57:09,536.41
2022-03-29 11:57:14,536.5
2022-03-29 11:57:19,536.57
2022-03-29 11:57:24,536.7
2022-03-29 11:57:29,536.73
2022-03-29 11:57:34,536.8
2022-03-29 11:57:39,536.93
2022-03-29 11:57:44,536.99
2022-03-29 11:57:49,537.02
2022-03-29 11:57:54,537.15
2022-03-29 11:57:59,537.22
2022-03-29 11:58:04,525.0802559563114
2022-03-29 11:58:09,537.38
2022-03-29 11:58:14,525.100908928681
2022-03-29 11:58:19,537.51
2022-03-29 11:58:24,537.54
2022-03-29 11:58:29,537.61
2022-03-29 11:58:34,537.67
2022-03-29 11:58:39,537.77
2022-03-29 11:58:44,537.83
2022-03-29 11:58:49,525.1752265644388
2022-03-29 11:58:54,537.96
2022-03-29 11:58:59,538.03
2022-03-29 11:59:04,538.06
2022-03-29 11:59:09,538.12
2022-03-29 11:59:14,538.19
2022-03-29 11:59:19,538.19
2022-03-29 11:59:24,538.25
2022-03-29 11:59:29,538.29
2022-03-29 11:59:34,538.35
2022-03-29 11:59:39,538.42
2022-03-29 11:59:44,525.2979048998803
2022-03-29 11:59:49,538.48
2022-03-29 11:59:54,538.54
2022-03-29 11:59:59,538.54
2022-03-29 12:00:04,538.58
2022-03-29 12:00:09,538.64
2022-03-29 12:00:14,538.71
2022-03-29 12:00:19,538.77
2022-03-29 12:00:24,538.8
2022-03-29 12:00:29,538.87
2022-03-29 12:00:34,538.87
2022-03-29 12:00:39,538.93
2022-03-29 12:00:44,539.0
2022-03-29 12:00:49,539.0
2022-03-29 12:00:54,539.06
2022-03-29 12:00:59,539.06
2022-03-29 12:01:04,539.09
2022-03-29 12:01:09,539.16
2022-03-29 12:01:14,539.16
2022-03-29 12:01:19,539.22
2022-03-29 12:01:24,539.22
2022-03-29 12:01:29,539.28
2022-03-29 12:01:34,539.31
2022-03-29 12:01:39,539.31
2022-03-29 12:01:44,539.44
2022-03-29 12:01:49,539.44
2022-03-29 12:01:54,539.51
2022-03-29 12:01:59,525.6238091949408
2022-03-29 12:02:04,525.6364200513646
2022-03-29 12:02:09,539.67
2022-03-29 12:02:14,539.67
2022-03-29 12:02:19,525.6744452683354
2022-03-29 12:02:24,539.79
2022-03-29 12:02:29,539.79
2022-03-29 12:02:34,539.83
2022-03-29 12:02:39,539.82
2022-03-29 12:02:44,539.89
2022-03-29 12:02:49,539.95
2022-03-29 12:02:54,539.95
2022-03-29 12:02:59,540.08
2022-03-29 12:03:04,540.11
2022-03-29 12:03:09,540.11
2022-03-29 12:03:14,540.24
2022-03-29 12:03:19,540.24
2022-03-29 12:03:24,540.3
2022-03-29 12:03:29,525.8558747745059
2022-03-29 12:03:34,540.33
2022-03-29 12:03:39,540.4
2022-03-29 12:03:44,540.4
2022-03-29 12:03:49,540.52
2022-03-29 12:03:54,540.52
2022-03-29 12:03:59,540.52
2022-03-29 12:04:04,540.58
2022-03-29 12:04:09,540.62
2022-03-29 12:04:14,540.62
2022-03-29 12:04:19,540.74
2022-03-29 12:04:24,526.0033079022958
2022-03-29 12:04:29,540.74
2022-03-29 12:04:34,540.8
2022-03-29 12:04:39,540.8
2022-03-29 12:04:44,540.84
2022-03-29 12:04:49,540.9
2022-03-29 12:04:54,540.96
2022-03-29 12:04:59,526.0995144485071
2022-03-29 12:05:04,541.09
2022-03-29 12:05:09,541.09
2022-03-29 12:05:14,541.09
2022-03-29 12:05:19,541.12
2022-03-29 12:05:24,541.19
2022-03-29 12:05:29,541.25
2022-03-29 12:05:34,541.25
2022-03-29 12:05:39,541.31
2022-03-29 12:05:44,541.41
2022-03-29 12:05:49,541.41
2022-03-29 12:05:54,541.47
2022-03-29 12:05:59,541.54
2022-03-29 12:06:04,541.54
2022-03-29 12:06:09,541.63
2022-03-29 12:06:14,541.63
2022-03-29 12:06:19,541.7
2022-03-29 12:06:24,541.76
2022-03-29 12:06:29,541.82
2022-03-29 12:06:34,541.86
2022-03-29 12:06:39,541.85
2022-03-29 12:06:44,541.92
2022-03-29 12:06:49,541.99
2022-03-29 12:06:54,526.4297297293049
2022-03-29 12:06:59,542.05
2022-03-29 12:07:04,542.11
2022-03-29 12:07:09,542.11
2022-03-29 12:07:14,542.15
2022-03-29 12:07:19,542.15
2022-03-29 12:07:24,542.21
2022-03-29 12:07:29,542.21
2022-03-29 12:07:34,542.21
2022-03-29 12:07:39,542.27
2022-03-29 12:07:44,542.27
2022-03-29 12:07:49,542.28
2022-03-29 12:07:54,542.34
2022-03-29 12:07:59,542.34
2022-03-29 12:08:04,542.34
2022-03-29 12:08:09,542.28
2022-03-29 12:08:14,542.28
2022-03-29 12:08:19,542.34
2022-03-29 12:08:24,542.27
2022-03-29 12:08:29,542.28
2022-03-29 12:08:34,542.21
2022-03-29 12:08:39,542.21
2022-03-29 12:08:44,542.15
2022-03-29 12:08:49,542.15
2022-03-29 12:08:54,542.12
2022-03-29 12:08:59,542.12
2022-03-29 12:09:04,542.06
2022-03-29 12:09:09,541.99
2022-03-29 12:09:14,541.99
2022-03-29 12:09:19,541.86
2022-03-29 12:09:24,541.87
2022-03-29 12:09:29,541.83
2022-03-29 12:09:34,541.83
2022-03-29 12:09:39,541.77
2022-03-29 12:09:44,541.71
2022-03-29 12:09:49,541.64
2022-03-29 12:09:54,541.61
2022-03-29 12:09:59,541.55
2022-03-29 12:10:04,541.48
2022-03-29 12:10:09,541.35
2022-03-29 12:10:14,541.32
2022-03-29 12:10:19,541.32
2022-03-29 12:10:24,541.26
2022-03-29 12:10:29,541.19
2022-03-29 12:10:34,527.1297788046246
2022-03-29 12:10:39,541.1
2022-03-29 12:10:44,541.04
2022-03-29 12:10:49,540.97
2022-03-29 12:10:54,540.91
2022-03-29 12:10:59,540.84
2022-03-29 12:11:04,540.81
2022-03-29 12:11:09,540.81
2022-03-29 12:11:14,540.75
2022-03-29 12:11:19,540.69
2022-03-29 12:11:24,527.3029333654363
2022-03-29 12:11:29,540.59
2022-03-29 12:11:34,540.52
2022-03-29 12:11:39,540.52
2022-03-29 12:11:44,540.46
2022-03-29 12:11:49,540.4
2022-03-29 12:11:54,527.409537050348
2022-03-29 12:11:59,540.33
2022-03-29 12:12:04,540.3
2022-03-29 12:12:09,540.17
2022-03-29 12:12:14,527.4817652808156
2022-03-29 12:12:19,540.11
2022-03-29 12:12:24,540.11
2022-03-29 12:12:29,540.08
2022-03-29 12:12:34,540.01
2022-03-29 12:12:39,540.01
2022-03-29 12:12:44,539.95
2022-03-29 12:12:49,539.88
2022-03-29 12:12:54,539.88
2022-03-29 12:12:59,539.82
2022-03-29 12:13:04,539.79
2022-03-29 12:13:09,527.6853022000669
2022-03-29 12:13:14,539.72
2022-03-29 12:13:19,539.66
2022-03-29 12:13:24,539.59
2022-03-29 12:13:29,539.56
2022-03-29 12:13:34,539.49
2022-03-29 12:13:39,539.5
2022-03-29 12:13:44,539.43
2022-03-29 12:13:49,539.3
2022-03-29 12:13:54,539.3
2022-03-29 12:13:59,539.27
2022-03-29 12:14:04,539.14
2022-03-29 12:14:09,539.08
2022-03-29 12:14:14,538.98
2022-03-29 12:14:19,538.91
2022-03-29 12:14:24,538.78
2022-03-29 12:14:29,538.69
2022-03-29 12:14:34,538.62
2022-03-29 12:14:39,528.0345299926416
2022-03-29 12:14:44,538.39
2022-03-29 12:14:49,538.33
2022-03-29 12:14:54,538.23
2022-03-29 12:14:59,538.1
2022-03-29 12:15:04,528.1352438946509
2022-03-29 12:15:09,537.88
2022-03-29 12:15:14,528.1759935689006
2022-03-29 12:15:19,537.71
2022-03-29 12:15:24,537.65
2022-03-29 12:15:29,537.49
2022-03-29 12:15:34,537.42
2022-03-29 12:15:39,537.23
2022-03-29 12:15:44,537.2
2022-03-29 12:15:49,537.07
2022-03-29 12:15:54,528.3416886607573
2022-03-29 12:15:59,536.84
2022-03-29 12:16:04,536.71
2022-03-29 12:16:09,536.61
2022-03-29 12:16:14,536.45
2022-03-29 12:16:19,536.39
2022-03-29 12:16:24,536.26
2022-03-29 12:16:29,536.16
2022-03-29 12:16:34,528.5117379343304
2022-03-29 12:16:39,535.94
2022-03-29 12:16:44,535.81
2022-03-29 12:16:49,535.68
2022-03-29 12:16:54,535.58
2022-03-29 12:16:59,535.45
2022-03-29 12:17:04,535.29
2022-03-29 12:17:09,535.29
2022-03-29 12:17:14,535.16
2022-03-29 12:17:19,535.06
2022-03-29 12:17:24,534.93
2022-03-29 12:17:29,534.84
2022-03-29 12:17:34,534.77
2022-03-29 12:17:39,534.61
2022-03-29 12:17:44,534.55
2022-03-29 12:17:49,534.42
2022-03-29 12:17:54,534.39
2022-03-29 12:17:59,534.32
2022-03-29 12:18:04,534.19
2022-03-29 12:18:09,534.1
2022-03-29 12:18:14,534.03
2022-03-29 12:18:19,533.9
2022-03-29 12:18:24,528.9976359367877
2022-03-29 12:18:29,533.74
2022-03-29 12:18:34,533.68
2022-03-29 12:18:39,533.58
2022-03-29 12:18:44,533.52
2022-03-29 12:18:49,533.45
2022-03-29 12:18:54,533.39
2022-03-29 12:18:59,533.36
2022-03-29 12:19:04,533.29
2022-03-29 12:19:09,533.23
2022-03-29 12:19:14,529.2244546292279
2022-03-29 12:19:19,529.2472588864257
2022-03-29 12:19:24,533.1
2022-03-29 12:19:29,533.07
2022-03-29 12:19:34,529.3157670605364
2022-03-29 12:19:39,533.07
2022-03-29 12:19:44,533.01
2022-03-29 12:19:49,532.94
2022-03-29 12:19:54,532.94
2022-03-29 12:19:59,532.94
2022-03-29 12:20:04,532.94
2022-03-29 12:20:09,532.95
2022-03-29 12:20:14,532.95
2022-03-29 12:20:19,532.95
2022-03-29 12:20:24,532.88
2022-03-29 12:20:29,529.5676639965388
2022-03-29 12:20:34,532.95
2022-03-29 12:20:39,532.95
2022-03-29 12:20:44,532.95
2022-03-29 12:20:49,532.95
2022-03-29 12:20:54,529.6821815754012
2022-03-29 12:20:59,529.705063374848
2022-03-29 12:21:04,533.01
2022-03-29 12:21:09,533.01
2022-03-29 12:21:14,533.02
2022-03-29 12:21:19,533.02
2022-03-29 12:21:24,533.08
2022-03-29 12:21:29,533.08
2022-03-29 12:21:34,533.12
2022-03-29 12:21:39,533.12
2022-03-29 12:21:44,533.18
2022-03-29 12:21:49,533.25
2022-03-29 12:21:54,533.31
2022-03-29 12:21:59,533.38
2022-03-29 12:22:04,533.41
2022-03-29 12:22:09,533.47
2022-03-29 12:22:14,530.0462783650909
2022-03-29 12:22:19,533.61
2022-03-29 12:22:24,533.61
2022-03-29 12:22:29,533.7
2022-03-29 12:22:34,533.77
2022-03-29 12:22:39,533.9
2022-03-29 12:22:44,533.93
2022-03-29 12:22:49,534.06
2022-03-29 12:22:54,534.12
2022-03-29 12:22:59,530.2479715417346
2022-03-29 12:23:04,534.28
2022-03-29 12:23:09,534.41
2022-03-29 12:23:14,534.45
2022-03-29 12:23:19,534.58
2022-03-29 12:23:24,534.64
2022-03-29 12:23:29,534.67
2022-03-29 12:23:34,534.8
2022-03-29 12:23:39,534.87
2022-03-29 12:23:44,534.96
2022-03-29 12:23:49,530.4679391939866
2022-03-29 12:23:54,535.09
2022-03-29 12:23:59,535.19
2022-03-29 12:24:04,535.25
2022-03-29 12:24:09,530.5544150704112
2022-03-29 12:24:14,535.44
2022-03-29 12:24:19,530.5972856272476
2022-03-29 12:24:24,535.6
2022-03-29 12:24:29,535.67
2022-03-29 12:24:34,535.77
2022-03-29 12:24:39,535.83
2022-03-29 12:24:44,535.96
2022-03-29 12:24:49,535.96
2022-03-29 12:24:54,536.06
2022-03-29 12:24:59,536.12
2022-03-29 12:25:04,536.18
2022-03-29 12:25:09,536.28
2022-03-29 12:25:14,536.28
2022-03-29 12:25:19,536.41
2022-03-29 12:25:24,536.47
2022-03-29 12:25:29,536.5
2022-03-29 12:25:34,536.64
2022-03-29 12:25:39,536.7
2022-03-29 12:25:44,530.9501113736437
2022-03-29 12:25:49,536.79
2022-03-29 12:25:54,536.86
2022-03-29 12:25:59,536.98
2022-03-29 12:26:04,537.02
2022-03-29 12:26:09,537.08
2022-03-29 12:26:14,537.14
2022-03-29 12:26:19,531.0883817549523
2022-03-29 12:26:24,537.24
2022-03-29 12:26:29,537.3
2022-03-29 12:26:34,537.37
2022-03-29 12:26:39,537.43
2022-03-29 12:26:44,531.1842477254546
2022-03-29 12:26:49,537.53
2022-03-29 12:26:54,537.59
2022-03-29 12:26:59,537.59
2022-03-29 12:27:04,537.72
2022-03-29 12:27:09,537.75
2022-03-29 12:27:14,537.81
2022-03-29 12:27:19,537.87
2022-03-29 12:27:24,537.87
2022-03-29 12:27:29,537.94
2022-03-29 12:27:34,538.0
2022-03-29 12:27:39,538.03
2022-03-29 12:27:44,538.1
2022-03-29 12:27:49,538.1
2022-03-29 12:27:54,538.16
2022-03-29 12:27:59,531.455515174806
2022-03-29 12:28:04,538.26
2022-03-29 12:28:09,538.26
2022-03-29 12:28:14,538.32
2022-03-29 12:28:19,538.38
2022-03-29 12:28:24,538.38
2022-03-29 12:28:29,538.38
2022-03-29 12:28:34,538.45
2022-03-29 12:28:39,538.45
2022-03-29 12:28:44,538.51
2022-03-29 12:28:49,531.6210500112065
2022-03-29 12:28:54,538.54
2022-03-29 12:28:59,538.54
2022-03-29 12:29:04,538.54
2022-03-29 12:29:09,538.54
2022-03-29 12:29:14,538.54
2022-03-29 12:29:19,538.54
2022-03-29 12:29:24,538.54
2022-03-29 12:29:29,538.54
2022-03-29 12:29:34,538.54
2022-03-29 12:29:39,538.54
2022-03-29 12:29:44,538.51
2022-03-29 12:29:49,538.51
2022-03-29 12:29:54,531.8153568584471
2022-03-29 12:29:59,538.45
2022-03-29 12:30:04,538.45
2022-03-29 12:30:09,538.38
2022-03-29 12:30:14,538.38
2022-03-29 12:30:19,538.32
2022-03-29 12:30:24,538.25
2022-03-29 12:30:29,538.22
2022-03-29 12:30:34,538.22
2022-03-29 12:30:39,538.1
2022-03-29 12:30:44,538.16
2022-03-29 12:30:49,538.1
2022-03-29 12:30:54,538.0
2022-03-29 12:30:59,538.0
2022-03-29 12:31:04,537.93
2022-03-29 12:31:09,537.87
2022-03-29 12:31:14,537.81
2022-03-29 12:31:19,537.74
2022-03-29 12:31:24,537.65
2022-03-29 12:31:29,537.65
2022-03-29 12:31:34,537.58
2022-03-29 12:31:39,537.49
2022-03-29 12:31:44,537.42
2022-03-29 12:31:49,537.36
2022-03-29 12:31:54,532.1043086730991
2022-03-29 12:31:59,537.2
2022-03-29 12:32:04,537.14
2022-03-29 12:32:09,532.1338327432543
2022-03-29 12:32:14,536.98
2022-03-29 12:32:19,536.91
2022-03-29 12:32:24,532.1618774619138
2022-03-29 12:32:29,536.72
2022-03-29 12:32:34,536.69
2022-03-29 12:32:39,536.62
2022-03-29 12:32:44,536.56
2022-03-29 12:32:49,536.5
2022-03-29 12:32:54,536.47
2022-03-29 12:32:59,536.4
2022-03-29 12:33:04,536.34
2022-03-29 12:33:09,536.27
2022-03-29 12:33:14,536.21
2022-03-29 12:33:19,536.18
2022-03-29 12:33:24,536.11
2022-03-29 12:33:29,536.05
2022-03-29 12:33:34,535.99
2022-03-29 12:33:39,535.99
2022-03-29 12:33:44,535.95
2022-03-29 12:33:49,535.89
2022-03-29 12:33:54,532.298851332006
2022-03-29 12:33:59,535.76
2022-03-29 12:34:04,535.76
2022-03-29 12:34:09,535.7
2022-03-29 12:34:14,535.7
2022-03-29 12:34:19,535.7
2022-03-29 12:34:24,535.67
2022-03-29 12:34:29,535.6
2022-03-29 12:34:34,535.54
2022-03-29 12:34:39,532.3470371486976
2022-03-29 12:34:44,535.47
2022-03-29 12:34:49,532.3558911079865
2022-03-29 12:34:54,535.48
2022-03-29 12:34:59,532.3640682710162
2022-03-29 12:35:04,535.44
2022-03-29 12:35:09,535.44
2022-03-29 12:35:14,535.44
2022-03-29 12:35:19,535.38
2022-03-29 12:35:24,535.44
2022-03-29 12:35:29,535.38
2022-03-29 12:35:34,532.3873411497945
2022-03-29 12:35:39,532.3899848271618
2022-03-29 12:35:44,532.392457797128
2022-03-29 12:35:49,535.32
2022-03-29 12:35:54,535.31
2022-03-29 12:35:59,532.3988509542831
2022-03-29 12:36:04,532.4006395863083
2022-03-29 12:36:09,535.31
2022-03-29 12:36:14,535.31
2022-03-29 12:36:19,535.25
2022-03-29 12:36:24,535.31
2022-03-29 12:36:29,535.31
2022-03-29 12:36:34,535.25
2022-03-29 12:36:39,532.4083506398591
2022-03-29 12:36:44,535.25
2022-03-29 12:36:49,535.25
2022-03-29 12:36:54,535.25
2022-03-29 12:36:59,535.18
2022-03-29 12:37:04,535.18
2022-03-29 12:37:09,535.15
2022-03-29 12:37:14,535.18
2022-03-29 12:37:19,535.15
2022-03-29 12:37:24,535.14
2022-03-29 12:37:29,535.14
2022-03-29 12:37:34,535.08
2022-03-29 12:37:39,535.14
2022-03-29 12:37:44,535.08
2022-03-29 12:37:49,532.3983609525164
2022-03-29 12:37:54,535.08
2022-03-29 12:37:59,535.08
2022-03-29 12:38:04,535.01
2022-03-29 12:38:09,535.08
2022-03-29 12:38:14,532.3865198197332
2022-03-29 12:38:19,535.01
2022-03-29 12:38:24,535.01
2022-03-29 12:38:29,535.0
2022-03-29 12:38:34,535.01
2022-03-29 12:38:39,532.370294105852
2022-03-29 12:38:44,534.94
2022-03-29 12:38:49,534.94
2022-03-29 12:38:54,534.94
2022-03-29 12:38:59,532.3541439663311
2022-03-29 12:39:04,534.91
2022-03-29 12:39:09,534.91
2022-03-29 12:39:14,534.84
2022-03-29 12:39:19,534.84
2022-03-29 12:39:24,534.84
2022-03-29 12:39:29,534.84
2022-03-29 12:39:34,534.84
2022-03-29 12:39:39,534.84
2022-03-29 12:39:44,532.3074521124502
2022-03-29 12:39:49,534.84
2022-03-29 12:39:54,534.84
2022-03-29 12:39:59,534.77
2022-03-29 12:40:04,534.84
2022-03-29 12:40:09,534.84
2022-03-29 12:40:14,532.2683165761542
2022-03-29 12:40:19,534.9
2022-03-29 12:40:24,534.9
2022-03-29 12:40:29,534.93
2022-03-29 12:40:34,535.0
2022-03-29 12:40:39,535.0
2022-03-29 12:40:44,535.0
2022-03-29 12:40:49,535.13
2022-03-29 12:40:54,535.12
2022-03-29 12:40:59,535.16
2022-03-29 12:41:04,532.1887543333094
2022-03-29 12:41:09,535.29
2022-03-29 12:41:14,535.35
2022-03-29 12:41:19,535.35
2022-03-29 12:41:24,535.42
2022-03-29 12:41:29,535.51
2022-03-29 12:41:34,535.51
2022-03-29 12:41:39,532.1223292984582
2022-03-29 12:41:44,535.58
2022-03-29 12:41:49,535.67
2022-03-29 12:41:54,535.74
2022-03-29 12:41:59,535.74
2022-03-29 12:42:04,535.87
2022-03-29 12:42:09,532.0583143856386
2022-03-29 12:42:14,535.96
2022-03-29 12:42:19,536.03
2022-03-29 12:42:24,536.16
2022-03-29 12:42:29,536.19
2022-03-29 12:42:34,536.19
2022-03-29 12:42:39,536.26
2022-03-29 12:42:44,536.32
2022-03-29 12:42:49,536.45
2022-03-29 12:42:54,536.45
2022-03-29 12:42:59,536.55
2022-03-29 12:43:04,536.61
2022-03-29 12:43:09,536.68
2022-03-29 12:43:14,536.71
2022-03-29 12:43:19,536.84
2022-03-29 12:43:24,536.91
2022-03-29 12:43:29,536.97
2022-03-29 12:43:34,531.8411573176754
2022-03-29 12:43:39,537.2
2022-03-29 12:43:44,537.23
2022-03-29 12:43:49,537.29
2022-03-29 12:43:54,537.42
2022-03-29 12:43:59,537.49
2022-03-29 12:44:04,537.65
2022-03-29 12:44:09,537.72
2022-03-29 12:44:14,537.75
2022-03-29 12:44:19,537.88
2022-03-29 12:44:24,538.01
2022-03-29 12:44:29,538.1
2022-03-29 12:44:34,538.17
2022-03-29 12:44:39,538.33
2022-03-29 12:44:44,538.46
2022-03-29 12:44:49,538.53
2022-03-29 12:44:54,538.62
2022-03-29 12:44:59,531.5708218995122
2022-03-29 12:45:04,538.78
2022-03-29 12:45:09,531.5356982165247
2022-03-29 12:45:14,539.04
2022-03-29 12:45:19,531.4999469742969
2022-03-29 12:45:24,539.27
2022-03-29 12:45:29,539.3
2022-03-29 12:45:34,539.43
2022-03-29 12:45:39,531.4266520939327
2022-03-29 12:45:44,539.66
2022-03-29 12:45:49,539.72
2022-03-29 12:45:54,539.78
2022-03-29 12:45:59,539.88
2022-03-29 12:46:04,539.95
2022-03-29 12:46:09,540.07
2022-03-29 12:46:14,540.17
2022-03-29 12:46:19,540.23
2022-03-29 12:46:24,540.33
2022-03-29 12:46:29,540.4
2022-03-29 12:46:34,540.52
2022-03-29 12:46:39,540.59
2022-03-29 12:46:44,540.62
2022-03-29 12:46:49,540.75
2022-03-29 12:46:54,540.81
2022-03-29 12:46:59,540.84
2022-03-29 12:47:04,540.97
2022-03-29 12:47:09,541.04
2022-03-29 12:47:14,541.13
2022-03-29 12:47:19,541.2
2022-03-29 12:47:24,541.33
2022-03-29 12:47:29,541.33
2022-03-29 12:47:34,541.42
2022-03-29 12:47:39,541.55
2022-03-29 12:47:44,541.61
2022-03-29 12:47:49,541.65
2022-03-29 12:47:54,541.78
2022-03-29 12:47:59,541.84
2022-03-29 12:48:04,541.93
2022-03-29 12:48:09,542.06
2022-03-29 12:48:14,542.13
2022-03-29 12:48:19,542.16
2022-03-29 12:48:24,542.29
2022-03-29 12:48:29,542.35
2022-03-29 12:48:34,542.38
2022-03-29 12:48:39,542.45
2022-03-29 12:48:44,530.6660528676992
2022-03-29 12:48:49,542.58
2022-03-29 12:48:54,542.67
2022-03-29 12:48:59,530.6003297541176
2022-03-29 12:49:04,542.8
2022-03-29 12:49:09,542.86
2022-03-29 12:49:14,542.9
2022-03-29 12:49:19,542.96
2022-03-29 12:49:24,543.02
2022-03-29 12:49:29,543.09
2022-03-29 12:49:34,543.15
2022-03-29 12:49:39,543.15
2022-03-29 12:49:44,543.18
2022-03-29 12:49:49,543.18
2022-03-29 12:49:54,543.24
2022-03-29 12:49:59,543.31
2022-03-29 12:50:04,543.31
2022-03-29 12:50:09,543.37
2022-03-29 12:50:14,543.37
2022-03-29 12:50:19,543.4
2022-03-29 12:50:24,543.4
2022-03-29 12:50:29,543.46
2022-03-29 12:50:34,543.46
2022-03-29 12:50:39,530.159617534109
2022-03-29 12:50:44,543.53
2022-03-29 12:50:49,543.59
2022-03-29 12:50:54,543.53
2022-03-29 12:50:59,543.59
2022-03-29 12:51:04,543.53
2022-03-29 12:51:09,543.59
2022-03-29 12:51:14,543.59
2022-03-29 12:51:19,543.53
2022-03-29 12:51:24,543.53
2022-03-29 12:51:29,543.46
2022-03-29 12:51:34,543.4
2022-03-29 12:51:39,543.36
2022-03-29 12:51:44,543.3
2022-03-29 12:51:49,529.8567533475468
2022-03-29 12:51:54,543.17
2022-03-29 12:51:59,543.07
2022-03-29 12:52:04,542.95
2022-03-29 12:52:09,542.88
2022-03-29 12:52:14,542.85
2022-03-29 12:52:19,542.72
2022-03-29 12:52:24,542.62
2022-03-29 12:52:29,529.6892472433473
2022-03-29 12:52:34,542.43
2022-03-29 12:52:39,542.37
2022-03-29 12:52:44,542.27
2022-03-29 12:52:49,542.21
2022-03-29 12:52:54,529.5874342538264
2022-03-29 12:52:59,541.98
2022-03-29 12:53:04,541.85
2022-03-29 12:53:09,541.76
2022-03-29 12:53:14,541.69
2022-03-29 12:53:19,541.6
2022-03-29 12:53:24,541.47
2022-03-29 12:53:29,541.34
2022-03-29 12:53:34,541.31
2022-03-29 12:53:39,541.24
2022-03-29 12:53:44,541.12
2022-03-29 12:53:49,541.08
2022-03-29 12:53:54,540.96
2022-03-29 12:53:59,529.3359432581454
2022-03-29 12:54:04,540.79
2022-03-29 12:54:09,529.2992296942234
2022-03-29 12:54:14,540.67
2022-03-29 12:54:19,540.57
2022-03-29 12:54:24,540.51
2022-03-29 12:54:29,540.44
2022-03-29 12:54:34,540.31
2022-03-29 12:54:39,540.28
2022-03-29 12:54:44,540.22
2022-03-29 12:54:49,540.09
2022-03-29 12:54:54,540.0
2022-03-29 12:54:59,539.87
2022-03-29 12:55:04,539.87
2022-03-29 12:55:09,529.0921544260332
2022-03-29 12:55:14,539.64
2022-03-29 12:55:19,539.58
2022-03-29 12:55:24,529.0442826779015
2022-03-29 12:55:29,539.42
2022-03-29 12:55:34,539.29
2022-03-29 12:55:39,539.19
2022-03-29 12:55:44,539.07
2022-03-29 12:55:49,539.03
2022-03-29 12:55:54,538.9
2022-03-29 12:55:59,538.78
2022-03-29 12:56:04,538.68
2022-03-29 12:56:09,538.55
2022-03-29 12:56:14,538.45
2022-03-29 12:56:19,538.39
2022-03-29 12:56:24,528.8706692193895
2022-03-29 12:56:29,538.16
2022-03-29 12:56:34,538.04
2022-03-29 12:56:39,537.94
2022-03-29 12:56:44,537.87
2022-03-29 12:56:49,537.75
2022-03-29 12:56:54,537.71
2022-03-29 12:56:59,528.7839771148012
2022-03-29 12:57:04,528.772544900891
2022-03-29 12:57:09,537.42
2022-03-29 12:57:14,537.36
2022-03-29 12:57:19,537.23
2022-03-29 12:57:24,537.14
2022-03-29 12:57:29,537.07
2022-03-29 12:57:34,537.0
2022-03-29 12:57:39,536.91
2022-03-29 12:57:44,536.84
2022-03-29 12:57:49,536.71
2022-03-29 12:57:54,536.62
2022-03-29 12:57:59,536.55
2022-03-29 12:58:04,536.46
2022-03-29 12:58:09,536.39
2022-03-29 12:58:14,536.26
2022-03-29 12:58:19,536.2
2022-03-29 12:58:24,536.17
2022-03-29 12:58:29,535.97
2022-03-29 12:58:34,535.94
2022-03-29 12:58:39,528.6053628741842
2022-03-29 12:58:44,535.75
2022-03-29 12:58:49,535.65
2022-03-29 12:58:54,528.5881954685256
2022-03-29 12:58:59,535.46
2022-03-29 12:59:04,535.36
2022-03-29 12:59:09,535.23
2022-03-29 12:59:14,535.13
2022-03-29 12:59:19,535.07
2022-03-29 12:59:24,535.0
2022-03-29 12:59:29,534.84
2022-03-29 12:59:34,534.84
2022-03-29 12:59:39,534.64
2022-03-29 12:59:44,534.61
2022-03-29 12:59:49,534.55
2022-03-29 12:59:54,534.48
2022-03-29 12:59:59,528.5418248354249
2022-03-29 13:00:04,534.25
2022-03-29 13:00:09,534.19
2022-03-29 13:00:14,534.12
2022-03-29 13:00:19,534.09
2022-03-29 13:00:24,534.03
2022-03-29 13:00:29,528.5348681717405
2022-03-29 13:00:34,533.86
2022-03-29 13:00:39,533.8
2022-03-29 13:00:44,533.8
2022-03-29 13:00:49,533.73
2022-03-29 13:00:54,533.67
2022-03-29 13:00:59,533.6
2022-03-29 13:01:04,533.57
2022-03-29 13:01:09,533.5
2022-03-29 13:01:14,528.540163622857
2022-03-29 13:01:19,533.44
2022-03-29 13:01:24,533.44
2022-03-29 13:01:29,533.44
2022-03-29 13:01:34,533.37
2022-03-29 13:01:39,533.34
2022-03-29 13:01:44,533.34
2022-03-29 13:01:49,533.34
2022-03-29 13:01:54,533.34
2022-03-29 13:01:59,533.34
2022-03-29 13:02:04,533.33
2022-03-29 13:02:09,528.570188937885
2022-03-29 13:02:14,533.33
2022-03-29 13:02:19,533.33
2022-03-29 13:02:24,533.33
2022-03-29 13:02:29,533.33
2022-03-29 13:02:34,533.33
2022-03-29 13:02:39,533.33
2022-03-29 13:02:44,533.33
2022-03-29 13:02:49,533.33
2022-03-29 13:02:54,533.36
2022-03-29 13:02:59,533.36
2022-03-29 13:03:04,533.36
2022-03-29 13:03:09,528.6292779888975
2022-03-29 13:03:14,533.43
2022-03-29 13:03:19,533.43
2022-03-29 13:03:24,528.6479180617191
2022-03-29 13:03:29,533.56
2022-03-29 13:03:34,533.59
2022-03-29 13:03:39,533.65
2022-03-29 13:03:44,533.65
2022-03-29 13:03:49,533.65
2022-03-29 13:03:54,528.689426877801
2022-03-29 13:03:59,533.78
2022-03-29 13:04:04,533.85
2022-03-29 13:04:09,533.88
2022-03-29 13:04:14,533.94
2022-03-29 13:04:19,534.01
2022-03-29 13:04:24,534.07
2022-03-29 13:04:29,534.1
2022-03-29 13:04:34,534.17
2022-03-29 13:04:39,534.23
2022-03-29 13:04:44,528.7700312711619
2022-03-29 13:04:49,528.7788089882937
2022-03-29 13:04:54,534.46
2022-03-29 13:04:59,534.46
2022-03-29 13:05:04,534.59
2022-03-29 13:05:09,534.62
2022-03-29 13:05:14,534.69
2022-03-29 13:05:19,534.75
2022-03-29 13:05:24,534.82
2022-03-29 13:05:29,534.88
2022-03-29 13:05:34,534.91
2022-03-29 13:05:39,535.05
2022-03-29 13:05:44,535.05
2022-03-29 13:05:49,535.14
2022-03-29 13:05:54,535.21
2022-03-29 13:05:59,535.33
2022-03-29 13:06:04,535.4
2022-03-29 13:06:09,535.43
2022-03-29 13:06:14,535.43
2022-03-29 13:06:19,535.57
2022-03-29 13:06:24,535.63
2022-03-29 13:06:29,528.9770118750331
2022-03-29 13:06:34,535.73
2022-03-29 13:06:39,535.86
2022-03-29 13:06:44,535.92
2022-03-29 13:06:49,529.0209558198294
2022-03-29 13:06:54,536.08
2022-03-29 13:06:59,529.0433521656164
2022-03-29 13:07:04,536.24
2022-03-29 13:07:09,536.37
2022-03-29 13:07:14,536.44
2022-03-29 13:07:19,536.47
2022-03-29 13:07:24,529.1004406710457
2022-03-29 13:07:29,529.112029070301
2022-03-29 13:07:34,536.76
2022-03-29 13:07:39,536.89
2022-03-29 13:07:44,529.1470963594871
2022-03-29 13:07:49,537.05
2022-03-29 13:07:54,537.18
2022-03-29 13:07:59,537.28
2022-03-29 13:08:04,537.28
2022-03-29 13:08:09,537.47
2022-03-29 13:08:14,537.5
2022-03-29 13:08:19,537.57
2022-03-29 13:08:24,537.7
2022-03-29 13:08:29,537.79
2022-03-29 13:08:34,537.86
2022-03-29 13:08:39,529.2787125711969
2022-03-29 13:08:44,537.99
2022-03-29 13:08:49,529.3030039917679
2022-03-29 13:08:54,538.21
2022-03-29 13:08:59,529.3273628787488
2022-03-29 13:09:04,538.37
2022-03-29 13:09:09,538.44
2022-03-29 13:09:14,538.5
2022-03-29 13:09:19,538.6
2022-03-29 13:09:24,538.73
2022-03-29 13:09:29,538.75
2022-03-29 13:09:34,538.89
2022-03-29 13:09:39,538.95
2022-03-29 13:09:44,539.05
2022-03-29 13:09:49,529.4495578999597
2022-03-29 13:09:54,539.17
2022-03-29 13:09:59,539.27
2022-03-29 13:10:04,539.4
2022-03-29 13:10:09,539.46
2022-03-29 13:10:14,539.56
2022-03-29 13:10:19,539.62
2022-03-29 13:10:24,539.69
2022-03-29 13:10:29,539.75
2022-03-29 13:10:34,539.85
2022-03-29 13:10:39,539.91
2022-03-29 13:10:44,529.5828099683046
2022-03-29 13:10:49,540.04
2022-03-29 13:10:54,540.13
2022-03-29 13:10:59,540.19
2022-03-29 13:11:04,540.29
2022-03-29 13:11:09,540.36
2022-03-29 13:11:14,540.42
2022-03-29 13:11:19,540.55
2022-03-29 13:11:24,540.58
2022-03-29 13:11:29,540.65
2022-03-29 13:11:34,540.77
2022-03-29 13:11:39,540.8
2022-03-29 13:11:44,540.93
2022-03-29 13:11:49,529.7348589999312
2022-03-29 13:11:54,541.09
2022-03-29 13:11:59,541.09
2022-03-29 13:12:04,541.15
2022-03-29 13:12:09,541.31
2022-03-29 13:12:14,541.38
2022-03-29 13:12:19,541.44
2022-03-29 13:12:24,541.51
2022-03-29 13:12:29,541.57
2022-03-29 13:12:34,529.8342999563864
2022-03-29 13:12:39,541.79
2022-03-29 13:12:44,541.82
2022-03-29 13:12:49,541.89
2022-03-29 13:12:54,542.02
2022-03-29 13:12:59,529.8868617781199
2022-03-29 13:13:04,542.11
2022-03-29 13:13:09,542.24
2022-03-29 13:13:14,542.34
2022-03-29 13:13:19,542.46
2022-03-29 13:13:24,542.53
2022-03-29 13:13:29,542.59
2022-03-29 13:13:34,542.62
2022-03-29 13:13:39,542.75
2022-03-29 13:13:44,542.85
2022-03-29 13:13:49,529.9857111328047
2022-03-29 13:13:54,543.04
2022-03-29 13:13:59,530.0044333608171
2022-03-29 13:14:04,543.2
2022-03-29 13:14:09,543.26
2022-03-29 13:14:14,543.36
2022-03-29 13:14:19,543.49
2022-03-29 13:14:24,543.55
2022-03-29 13:14:29,543.62
2022-03-29 13:14:34,543.72
2022-03-29 13:14:39,543.78
2022-03-29 13:14:44,543.88
2022-03-29 13:14:49,543.94
2022-03-29 13:14:54,530.1008106741981
2022-03-29 13:14:59,544.07
2022-03-29 13:15:04,544.17
2022-03-29 13:15:09,544.23
2022-03-29 13:15:14,544.36
2022-03-29 13:15:19,544.46
2022-03-29 13:15:24,530.1484681898759
2022-03-29 13:15:29,544.59
2022-03-29 13:15:34,544.65
2022-03-29 13:15:39,544.75
2022-03-29 13:15:44,544.81
2022-03-29 13:15:49,544.87
2022-03-29 13:15:54,544.91
2022-03-29 13:15:59,544.97
2022-03-29 13:16:04,544.97
2022-03-29 13:16:09,545.04
2022-03-29 13:16:14,545.17
2022-03-29 13:16:19,530.2262735560798
2022-03-29 13:16:24,545.2
2022-03-29 13:16:29,545.2
2022-03-29 13:16:34,545.27
2022-03-29 13:16:39,545.27
2022-03-29 13:16:44,545.27
2022-03-29 13:16:49,545.33
2022-03-29 13:16:54,545.33
2022-03-29 13:16:59,545.33
2022-03-29 13:17:04,545.33
2022-03-29 13:17:09,545.33
2022-03-29 13:17:14,530.290971722892
2022-03-29 13:17:19,545.27
2022-03-29 13:17:24,545.27
2022-03-29 13:17:29,545.27
2022-03-29 13:17:34,545.27
2022-03-29 13:17:39,545.17
2022-03-29 13:17:44,545.17
2022-03-29 13:17:49,545.18
2022-03-29 13:17:54,545.18
2022-03-29 13:17:59,545.11
2022-03-29 13:18:04,545.11
2022-03-29 13:18:09,545.11
2022-03-29 13:18:14,544.98
2022-03-29 13:18:19,544.98
2022-03-29 13:18:24,544.92
2022-03-29 13:18:29,544.92
2022-03-29 13:18:34,544.89
2022-03-29 13:18:39,544.82
2022-03-29 13:18:44,530.3663295818735
2022-03-29 13:18:49,544.7
2022-03-29 13:18:54,544.6
2022-03-29 13:18:59,544.53
2022-03-29 13:19:04,544.47
2022-03-29 13:19:09,544.4
2022-03-29 13:19:14,544.31
2022-03-29 13:19:19,544.31
2022-03-29 13:19:24,544.18
2022-03-29 13:19:29,544.15
2022-03-29 13:19:34,544.15
2022-03-29 13:19:39,544.02
2022-03-29 13:19:44,543.95
2022-03-29 13:19:49,543.89
2022-03-29 13:19:54,543.89
2022-03-29 13:19:59,543.79
2022-03-29 13:20:04,543.79
2022-03-29 13:20:09,543.72
2022-03-29 13:20:14,543.66
2022-03-29 13:20:19,543.63
2022-03-29 13:20:24,543.63
2022-03-29 13:20:29,543.56
2022-03-29 13:20:34,543.56
2022-03-29 13:20:39,543.5
2022-03-29 13:20:44,543.5
2022-03-29 13:20:49,543.43
2022-03-29 13:20:54,543.43
2022-03-29 13:20:59,543.37
2022-03-29 13:21:04,543.34
2022-03-29 13:21:09,543.27
2022-03-29 13:21:14,543.27
2022-03-29 13:21:19,543.21
2022-03-29 13:21:24,543.21
2022-03-29 13:21:29,543.14
2022-03-29 13:21:34,543.11
2022-03-29 13:21:39,543.11
2022-03-29 13:21:44,543.04
2022-03-29 13:21:49,542.97
2022-03-29 13:21:54,542.97
2022-03-29 13:21:59,530.3834546038224
2022-03-29 13:22:04,542.85
2022-03-29 13:22:09,542.81
2022-03-29 13:22:14,542.75
2022-03-29 13:22:19,542.68
2022-03-29 13:22:24,542.62
2022-03-29 13:22:29,542.62
2022-03-29 13:22:34,542.58
2022-03-29 13:22:39,542.52
2022-03-29 13:22:44,542.45
2022-03-29 13:22:49,542.39
2022-03-29 13:22:54,542.32
2022-03-29 13:22:59,542.29
2022-03-29 13:23:04,542.22
2022-03-29 13:23:09,542.16
2022-03-29 13:23:14,530.330533353736
2022-03-29 13:23:19,542.09
2022-03-29 13:23:24,542.06
2022-03-29 13:23:29,541.93
2022-03-29 13:23:34,541.86
2022-03-29 13:23:39,541.8
2022-03-29 13:23:44,541.77
2022-03-29 13:23:49,541.7
2022-03-29 13:23:54,541.7
2022-03-29 13:23:59,541.64
2022-03-29 13:24:04,541.57
2022-03-29 13:24:09,541.54
2022-03-29 13:24:14,530.2620998679835
2022-03-29 13:24:19,541.48
2022-03-29 13:24:24,541.41
2022-03-29 13:24:29,541.41
2022-03-29 13:24:34,541.35
2022-03-29 13:24:39,541.28
2022-03-29 13:24:44,541.28
2022-03-29 13:24:49,530.2109829180363
2022-03-29 13:24:54,541.12
2022-03-29 13:24:59,541.18
2022-03-29 13:25:04,541.12
2022-03-29 13:25:09,541.05
2022-03-29 13:25:14,541.05
2022-03-29 13:25:19,541.02
2022-03-29 13:25:24,540.96
2022-03-29 13:25:29,540.96
2022-03-29 13:25:34,540.83
2022-03-29 13:25:39,540.76
2022-03-29 13:25:44,530.1133493978135
2022-03-29 13:25:49,530.1034002688668
2022-03-29 13:25:54,540.6
2022-03-29 13:25:59,540.51
2022-03-29 13:26:04,540.44
2022-03-29 13:26:09,540.38
2022-03-29 13:26:14,540.25
2022-03-29 13:26:19,540.25
2022-03-29 13:26:24,540.15
2022-03-29 13:26:29,540.09
2022-03-29 13:26:34,540.03
2022-03-29 13:26:39,539.93
2022-03-29 13:26:44,539.87
2022-03-29 13:26:49,539.74
2022-03-29 13:26:54,539.7
2022-03-29 13:26:59,539.64
2022-03-29 13:27:04,539.58
2022-03-29 13:27:09,539.51
2022-03-29 13:27:14,529.9062231281717
2022-03-29 13:27:19,529.8930199428538
2022-03-29 13:27:24,539.22
2022-03-29 13:27:29,539.19
2022-03-29 13:27:34,539.13
2022-03-29 13:27:39,529.8385744487898
2022-03-29 13:27:44,538.97
2022-03-29 13:27:49,538.91
2022-03-29 13:27:54,538.84
2022-03-29 13:27:59,538.78
2022-03-29 13:28:04,538.68
2022-03-29 13:28:09,538.62
2022-03-29 13:28:14,529.7373694889852
2022-03-29 13:28:19,538.46
2022-03-29 13:28:24,538.39
2022-03-29 13:28:29,538.33
2022-03-29 13:28:34,538.27
2022-03-29 13:28:39,538.2
2022-03-29 13:28:44,529.6451377869171
2022-03-29 13:28:49,538.04
2022-03-29 13:28:54,537.98
2022-03-29 13:28:59,537.88
2022-03-29 13:29:04,529.5811028626658
2022-03-29 13:29:09,537.75
2022-03-29 13:29:14,537.69
2022-03-29 13:29:19,537.66
2022-03-29 13:29:24,537.6
2022-03-29 13:29:29,537.53
2022-03-29 13:29:34,537.47
2022-03-29 13:29:39,537.43
2022-03-29 13:29:44,537.44
2022-03-29 13:29:49,537.24
2022-03-29 13:29:54,537.31
2022-03-29 13:29:59,537.18
2022-03-29 13:30:04,537.17
2022-03-29 13:30:09,537.15
2022-03-29 13:30:14,537.08
2022-03-29 13:30:19,537.02
2022-03-29 13:30:24,536.95
2022-03-29 13:30:29,536.92
2022-03-29 13:30:34,536.86
2022-03-29 13:30:39,536.79
2022-03-29 13:30:44,536.73
2022-03-29 13:30:49,529.2178426958225
2022-03-29 13:30:54,536.66
2022-03-29 13:30:59,536.63
2022-03-29 13:31:04,536.63
2022-03-29 13:31:09,536.57
2022-03-29 13:31:14,536.5
2022-03-29 13:31:19,536.5
2022-03-29 13:31:24,536.44
2022-03-29 13:31:29,536.44
2022-03-29 13:31:34,529.05181865333
2022-03-29 13:31:39,536.34
2022-03-29 13:31:44,536.34
2022-03-29 13:31:49,536.34
2022-03-29 13:31:54,536.27
2022-03-29 13:31:59,536.27
2022-03-29 13:32:04,536.21
2022-03-29 13:32:09,536.14
2022-03-29 13:32:14,536.21
2022-03-29 13:32:19,536.14
2022-03-29 13:32:24,536.14
2022-03-29 13:32:29,536.14
2022-03-29 13:32:34,536.14
2022-03-29 13:32:39,528.8058536783259
2022-03-29 13:32:44,536.14
2022-03-29 13:32:49,536.2
2022-03-29 13:32:54,536.2
2022-03-29 13:32:59,536.2
2022-03-29 13:33:04,536.27
2022-03-29 13:33:09,536.2
2022-03-29 13:33:14,536.27
2022-03-29 13:33:19,536.33
2022-03-29 13:33:24,536.33
2022-03-29 13:33:29,536.33
2022-03-29 13:33:34,536.39
2022-03-29 13:33:39,536.39
2022-03-29 13:33:44,536.42
2022-03-29 13:33:49,536.48
2022-03-29 13:33:54,536.48
2022-03-29 13:33:59,528.5000299073461
2022-03-29 13:34:04,536.55
2022-03-29 13:34:09,536.61
2022-03-29 13:34:14,536.61
2022-03-29 13:34:19,536.61
2022-03-29 13:34:24,536.64
2022-03-29 13:34:29,536.64
2022-03-29 13:34:34,536.7
2022-03-29 13:34:39,536.77
2022-03-29 13:34:44,536.77
2022-03-29 13:34:49,536.83
2022-03-29 13:34:54,536.83
2022-03-29 13:34:59,536.83
2022-03-29 13:35:04,536.83
2022-03-29 13:35:09,536.9
2022-03-29 13:35:14,536.89
2022-03-29 13:35:19,536.83
2022-03-29 13:35:24,536.89
2022-03-29 13:35:29,536.89
2022-03-29 13:35:34,536.93
2022-03-29 13:35:39,536.93
2022-03-29 13:35:44,536.93
2022-03-29 13:35:49,536.92
2022-03-29 13:35:54,536.93
2022-03-29 13:35:59,536.93
2022-03-29 13:36:04,536.93
2022-03-29 13:36:09,536.99
2022-03-29 13:36:14,536.99
2022-03-29 13:36:19,536.99
2022-03-29 13:36:24,536.99
2022-03-29 13:36:29,536.99
2022-03-29 13:36:34,536.99
2022-03-29 13:36:39,536.99
2022-03-29 13:36:44,536.99
2022-03-29 13:36:49,537.05
2022-03-29 13:36:54,537.05
2022-03-29 13:36:59,537.05
2022-03-29 13:37:04,527.8302520651529
2022-03-29 13:37:09,537.05
2022-03-29 13:37:14,536.99
2022-03-29 13:37:19,537.06
2022-03-29 13:37:24,536.99
2022-03-29 13:37:29,537.06
2022-03-29 13:37:34,536.99
2022-03-29 13:37:39,527.7166327693611
2022-03-29 13:37:44,537.06
2022-03-29 13:37:49,537.06
2022-03-29 13:37:54,537.06
2022-03-29 13:37:59,537.06
2022-03-29 13:38:04,537.06
2022-03-29 13:38:09,537.06
2022-03-29 13:38:14,537.06
2022-03-29 13:38:19,527.594320516031
2022-03-29 13:38:24,537.06
2022-03-29 13:38:29,537.06
2022-03-29 13:38:34,537.06
2022-03-29 13:38:39,537.13
2022-03-29 13:38:44,537.13
2022-03-29 13:38:49,537.13
2022-03-29 13:38:54,537.13
2022-03-29 13:38:59,537.13
2022-03-29 13:39:04,537.16
2022-03-29 13:39:09,537.13
2022-03-29 13:39:14,537.17
2022-03-29 13:39:19,527.4284588334078
2022-03-29 13:39:24,537.17
2022-03-29 13:39:29,537.17
2022-03-29 13:39:34,537.17
2022-03-29 13:39:39,537.17
2022-03-29 13:39:44,537.17
2022-03-29 13:39:49,537.17
2022-03-29 13:39:54,537.17
2022-03-29 13:39:59,537.14
2022-03-29 13:40:04,537.14
2022-03-29 13:40:09,537.14
2022-03-29 13:40:14,537.08
2022-03-29 13:40:19,537.08
2022-03-29 13:40:24,537.08
2022-03-29 13:40:29,537.01
2022-03-29 13:40:34,537.01
2022-03-29 13:40:39,537.01
2022-03-29 13:40:44,536.95
2022-03-29 13:40:49,536.95
2022-03-29 13:40:54,536.92
2022-03-29 13:40:59,536.92
2022-03-29 13:41:04,536.86
2022-03-29 13:41:09,536.86
2022-03-29 13:41:14,536.79
2022-03-29 13:41:19,536.73
2022-03-29 13:41:24,536.66
2022-03-29 13:41:29,536.66
2022-03-29 13:41:34,536.63
2022-03-29 13:41:39,536.57
2022-03-29 13:41:44,527.1357100916827
2022-03-29 13:41:49,536.5
2022-03-29 13:41:54,536.44
2022-03-29 13:41:59,536.4
2022-03-29 13:42:04,536.34
2022-03-29 13:42:09,536.34
2022-03-29 13:42:14,527.0948839053967
2022-03-29 13:42:19,536.21
2022-03-29 13:42:24,536.15
2022-03-29 13:42:29,536.12
2022-03-29 13:42:34,536.05
2022-03-29 13:42:39,535.99
2022-03-29 13:42:44,535.92
2022-03-29 13:42:49,535.89
2022-03-29 13:42:54,535.89
2022-03-29 13:42:59,535.83
2022-03-29 13:43:04,535.76
2022-03-29 13:43:09,535.76
2022-03-29 13:43:14,535.69
2022-03-29 13:43:19,535.69
2022-03-29 13:43:24,535.7
2022-03-29 13:43:29,535.63
2022-03-29 13:43:34,535.59
2022-03-29 13:43:39,535.53
2022-03-29 13:43:44,535.59
2022-03-29 13:43:49,535.53
2022-03-29 13:43:54,535.47
2022-03-29 13:43:59,535.46
2022-03-29 13:44:04,535.4
2022-03-29 13:44:09,535.36
2022-03-29 13:44:14,535.37
2022-03-29 13:44:19,535.3
2022-03-29 13:44:24,535.36
2022-03-29 13:44:29,535.3
2022-03-29 13:44:34,535.24
2022-03-29 13:44:39,535.23
2022-03-29 13:44:44,526.9654675346071
2022-03-29 13:44:49,535.23
2022-03-29 13:44:54,535.17
2022-03-29 13:44:59,535.17
2022-03-29 13:45:04,535.17
2022-03-29 13:45:09,535.17
2022-03-29 13:45:14,526.95061578081
2022-03-29 13:45:19,526.9483863236646
2022-03-29 13:45:24,535.16
2022-03-29 13:45:29,535.23
2022-03-29 13:45:34,526.9420676459351
2022-03-29 13:45:39,526.940076028263
2022-03-29 13:45:44,535.23
2022-03-29 13:45:49,535.23
2022-03-29 13:45:54,535.29
2022-03-29 13:45:59,535.29
2022-03-29 13:46:04,535.29
2022-03-29 13:46:09,535.29
2022-03-29 13:46:14,535.29
2022-03-29 13:46:19,526.9258335216645
2022-03-29 13:46:24,526.9242257091972
2022-03-29 13:46:29,535.39
2022-03-29 13:46:34,526.9210966289419
2022-03-29 13:46:39,535.45
2022-03-29 13:46:44,535.45
2022-03-29 13:46:49,535.51
2022-03-29 13:46:54,535.58
2022-03-29 13:46:59,535.58
2022-03-29 13:47:04,535.61
2022-03-29 13:47:09,535.68
2022-03-29 13:47:14,535.68
2022-03-29 13:47:19,535.68
2022-03-29 13:47:24,535.8
2022-03-29 13:47:29,535.81
2022-03-29 13:47:34,535.87
2022-03-29 13:47:39,535.97
2022-03-29 13:47:44,535.97
2022-03-29 13:47:49,536.03
2022-03-29 13:47:54,536.1
2022-03-29 13:47:59,536.13
2022-03-29 13:48:04,536.19
2022-03-29 13:48:09,526.893340953982
2022-03-29 13:48:14,536.32
2022-03-29 13:48:19,536.39
2022-03-29 13:48:24,536.42
2022-03-29 13:48:29,536.48
2022-03-29 13:48:34,536.61
2022-03-29 13:48:39,536.65
2022-03-29 13:48:44,536.71
2022-03-29 13:48:49,526.8800204153043
2022-03-29 13:48:54,536.84
2022-03-29 13:48:59,536.94
2022-03-29 13:49:04,537.0
2022-03-29 13:49:09,537.13
2022-03-29 13:49:14,537.13
2022-03-29 13:49:19,526.8681994432081
2022-03-29 13:49:24,537.36
2022-03-29 13:49:29,537.46
2022-03-29 13:49:34,526.8615026624769
2022-03-29 13:49:39,537.59
2022-03-29 13:49:44,537.65
2022-03-29 13:49:49,537.75
2022-03-29 13:49:54,537.81
2022-03-29 13:49:59,537.97
2022-03-29 13:50:04,538.04
2022-03-29 13:50:09,538.1
2022-03-29 13:50:14,538.2
2022-03-29 13:50:19,538.26
2022-03-29 13:50:24,538.39
2022-03-29 13:50:29,538.46
2022-03-29 13:50:34,538.56
2022-03-29 13:50:39,538.62
2022-03-29 13:50:44,538.78
2022-03-29 13:50:49,538.85
2022-03-29 13:50:54,538.91
2022-03-29 13:50:59,538.98
2022-03-29 13:51:04,539.01
2022-03-29 13:51:09,539.2
2022-03-29 13:51:14,526.7977097864824
2022-03-29 13:51:19,539.36
2022-03-29 13:51:24,539.43
2022-03-29 13:51:29,539.59
2022-03-29 13:51:34,539.72
2022-03-29 13:51:39,539.75
2022-03-29 13:51:44,539.82
2022-03-29 13:51:49,539.95
2022-03-29 13:51:54,540.01
2022-03-29 13:51:59,540.04
2022-03-29 13:52:04,540.17
2022-03-29 13:52:09,540.24
2022-03-29 13:52:14,540.27
2022-03-29 13:52:19,540.33
2022-03-29 13:52:24,540.4
2022-03-29 13:52:29,540.46
2022-03-29 13:52:34,540.53
2022-03-29 13:52:39,540.53
2022-03-29 13:52:44,540.56
2022-03-29 13:52:49,540.62
2022-03-29 13:52:54,540.62
2022-03-29 13:52:59,540.62
2022-03-29 13:53:04,540.69
2022-03-29 13:53:09,540.75
2022-03-29 13:53:14,540.69
2022-03-29 13:53:19,540.75
2022-03-29 13:53:24,540.75
2022-03-29 13:53:29,540.78
2022-03-29 13:53:34,540.78
2022-03-29 13:53:39,540.78
2022-03-29 13:53:44,540.78
2022-03-29 13:53:49,540.78
2022-03-29 13:53:54,540.78
2022-03-29 13:53:59,540.78
2022-03-29 13:54:04,540.78
2022-03-29 13:54:09,540.78
2022-03-29 13:54:14,540.78
2022-03-29 13:54:19,540.78
2022-03-29 13:54:24,540.75
2022-03-29 13:54:29,540.68
2022-03-29 13:54:34,540.68
2022-03-29 13:54:39,540.62
2022-03-29 13:54:44,540.62
2022-03-29 13:54:49,526.4707060601403
2022-03-29 13:54:54,540.52
2022-03-29 13:54:59,540.45
2022-03-29 13:55:04,540.39
2022-03-29 13:55:09,540.33
2022-03-29 13:55:14,540.26
2022-03-29 13:55:19,540.23
2022-03-29 13:55:24,540.16
2022-03-29 13:55:29,540.1
2022-03-29 13:55:34,540.03
2022-03-29 13:55:39,539.94
2022-03-29 13:55:44,539.87
2022-03-29 13:55:49,539.74
2022-03-29 13:55:54,539.74
2022-03-29 13:55:59,539.64
2022-03-29 13:56:04,539.51
2022-03-29 13:56:09,539.51
2022-03-29 13:56:14,539.41
2022-03-29 13:56:19,539.35
2022-03-29 13:56:24,539.22
2022-03-29 13:56:29,539.19
2022-03-29 13:56:34,539.06
2022-03-29 13:56:39,538.96
2022-03-29 13:56:44,538.83
2022-03-29 13:56:49,538.77
2022-03-29 13:56:54,538.67
2022-03-29 13:56:59,538.54
2022-03-29 13:57:04,538.45
2022-03-29 13:57:09,538.32
2022-03-29 13:57:14,538.19
2022-03-29 13:57:19,538.03
2022-03-29 13:57:24,526.0058698572243
2022-03-29 13:57:29,537.8
2022-03-29 13:57:34,537.67
2022-03-29 13:57:39,525.9513987456993
2022-03-29 13:57:44,537.41
2022-03-29 13:57:49,537.29
2022-03-29 13:57:54,537.16
2022-03-29 13:57:59,525.8764975252358
2022-03-29 13:58:04,536.9
2022-03-29 13:58:09,536.83
2022-03-29 13:58:14,536.71
2022-03-29 13:58:19,525.7991080759316
2022-03-29 13:58:24,536.42
2022-03-29 13:58:29,536.32
2022-03-29 13:58:34,536.19
2022-03-29 13:58:39,536.1
2022-03-29 13:58:44,535.97
2022-03-29 13:58:49,535.87
2022-03-29 13:58:54,535.68
2022-03-29 13:58:59,535.61
2022-03-29 13:59:04,535.52
2022-03-29 13:59:09,535.36
2022-03-29 13:59:14,535.29
2022-03-29 13:59:19,535.1
2022-03-29 13:59:24,535.0
2022-03-29 13:59:29,534.94
2022-03-29 13:59:34,534.78
2022-03-29 13:59:39,525.467058553075
2022-03-29 13:59:44,534.56
2022-03-29 13:59:49,534.36
2022-03-29 13:59:54,534.27
2022-03-29 13:59:59,534.07
2022-03-29 14:00:04,525.3567300665902
2022-03-29 14:00:09,533.85
2022-03-29 14:00:14,533.69
2022-03-29 14:00:19,533.56
2022-03-29 14:00:24,533.46
2022-03-29 14:00:29,533.3
2022-03-29 14:00:34,533.11
2022-03-29 14:00:39,533.02
2022-03-29 14:00:44,532.83
2022-03-29 14:00:49,532.66
2022-03-29 14:00:54,532.51
2022-03-29 14:00:59,532.38
2022-03-29 14:01:04,532.28
2022-03-29 14:01:09,532.09
2022-03-29 14:01:14,532.02
2022-03-29 14:01:19,531.86
2022-03-29 14:01:24,531.77
2022-03-29 14:01:29,531.58
2022-03-29 14:01:34,531.48
2022-03-29 14:01:39,531.29
2022-03-29 14:01:44,531.19
2022-03-29 14:01:49,524.8663608392873
2022-03-29 14:01:54,524.8421073263922
2022-03-29 14:01:59,530.77
2022-03-29 14:02:04,530.68
2022-03-29 14:02:09,530.55
2022-03-29 14:02:14,530.45
2022-03-29 14:02:19,530.32
2022-03-29 14:02:24,530.23
2022-03-29 14:02:29,524.6705407201217
2022-03-29 14:02:34,530.04
2022-03-29 14:02:39,529.87
2022-03-29 14:02:44,529.75
2022-03-29 14:02:49,529.71
2022-03-29 14:02:54,529.59
2022-03-29 14:02:59,529.52
2022-03-29 14:03:04,529.42
2022-03-29 14:03:09,529.36
2022-03-29 14:03:14,529.3
2022-03-29 14:03:19,529.2
2022-03-29 14:03:24,529.14
2022-03-29 14:03:29,529.13
2022-03-29 14:03:34,529.07
2022-03-29 14:03:39,529.01
2022-03-29 14:03:44,529.01
2022-03-29 14:03:49,528.94
2022-03-29 14:03:54,528.94
2022-03-29 14:03:59,528.91
2022-03-29 14:04:04,524.1932035256673
2022-03-29 14:04:09,528.91
2022-03-29 14:04:14,528.91
2022-03-29 14:04:19,528.94
2022-03-29 14:04:24,528.94
2022-03-29 14:04:29,528.94
2022-03-29 14:04:34,529.01
2022-03-29 14:04:39,529.07
2022-03-29 14:04:44,529.13
2022-03-29 14:04:49,529.2
2022-03-29 14:04:54,529.23
2022-03-29 14:04:59,529.3
2022-03-29 14:05:04,529.36
2022-03-29 14:05:09,529.42
2022-03-29 14:05:14,529.52
2022-03-29 14:05:19,529.59
2022-03-29 14:05:24,523.78534272079
2022-03-29 14:05:29,529.75
2022-03-29 14:05:34,523.7343959207666
2022-03-29 14:05:39,529.94
2022-03-29 14:05:44,523.6835068798198
2022-03-29 14:05:49,530.16
2022-03-29 14:05:54,530.32
2022-03-29 14:05:59,530.39
2022-03-29 14:06:04,530.55
2022-03-29 14:06:09,530.67
2022-03-29 14:06:14,530.77
2022-03-29 14:06:19,530.9
2022-03-29 14:06:24,531.0
2022-03-29 14:06:29,531.19
2022-03-29 14:06:34,531.29
2022-03-29 14:06:39,531.41
2022-03-29 14:06:44,531.57
2022-03-29 14:06:49,531.76
2022-03-29 14:06:54,531.86
2022-03-29 14:06:59,532.02
2022-03-29 14:07:04,532.15
2022-03-29 14:07:09,532.28
2022-03-29 14:07:14,532.37
2022-03-29 14:07:19,532.54
2022-03-29 14:07:24,532.66
2022-03-29 14:07:29,532.82
2022-03-29 14:07:34,532.95
2022-03-29 14:07:39,533.18
2022-03-29 14:07:44,533.31
2022-03-29 14:07:49,533.47
2022-03-29 14:07:54,533.56
2022-03-29 14:07:59,533.76
2022-03-29 14:08:04,522.9854919793149
2022-03-29 14:08:09,534.05
2022-03-29 14:08:14,534.15
2022-03-29 14:08:19,522.91325775218
2022-03-29 14:08:24,534.5
2022-03-29 14:08:29,534.59
2022-03-29 14:08:34,534.72
2022-03-29 14:08:39,534.89
2022-03-29 14:08:44,535.01
2022-03-29 14:08:49,535.17
2022-03-29 14:08:54,535.3
2022-03-29 14:08:59,535.4
2022-03-29 14:09:04,535.59
2022-03-29 14:09:09,535.69
2022-03-29 14:09:14,535.82
2022-03-29 14:09:19,535.91
2022-03-29 14:09:24,536.05
2022-03-29 14:09:29,536.14
2022-03-29 14:09:34,536.21
2022-03-29 14:09:39,536.27
2022-03-29 14:09:44,536.4
2022-03-29 14:09:49,536.43
2022-03-29 14:09:54,536.56
2022-03-29 14:09:59,536.56
2022-03-29 14:10:04,536.66
2022-03-29 14:10:09,536.79
2022-03-29 14:10:14,536.85
2022-03-29 14:10:19,536.95
2022-03-29 14:10:24,522.341529055987
2022-03-29 14:10:29,537.08
2022-03-29 14:10:34,537.15
2022-03-29 14:10:39,537.24
2022-03-29 14:10:44,537.37
2022-03-29 14:10:49,537.44
2022-03-29 14:10:54,537.47
2022-03-29 14:10:59,522.1924169214814
2022-03-29 14:11:04,537.67
2022-03-29 14:11:09,537.76
2022-03-29 14:11:14,537.76
2022-03-29 14:11:19,537.83
2022-03-29 14:11:24,537.89
2022-03-29 14:11:29,537.96
2022-03-29 14:11:34,537.99
2022-03-29 14:11:39,538.06
2022-03-29 14:11:44,538.12
2022-03-29 14:11:49,538.19
2022-03-29 14:11:54,538.22
2022-03-29 14:11:59,538.28
2022-03-29 14:12:04,538.35
2022-03-29 14:12:09,538.41
2022-03-29 14:12:14,538.48
2022-03-29 14:12:19,538.51
2022-03-29 14:12:24,538.58
2022-03-29 14:12:29,538.64
2022-03-29 14:12:34,538.71
2022-03-29 14:12:39,538.74
2022-03-29 14:12:44,538.8
2022-03-29 14:12:49,521.7598543842199
2022-03-29 14:12:54,538.93
2022-03-29 14:12:59,539.0
2022-03-29 14:13:04,539.03
2022-03-29 14:13:09,539.16
2022-03-29 14:13:14,539.16
2022-03-29 14:13:19,539.22
2022-03-29 14:13:24,521.6347169615268
2022-03-29 14:13:29,539.32
2022-03-29 14:13:34,521.6001491336121
2022-03-29 14:13:39,521.583067016871
2022-03-29 14:13:44,539.55
2022-03-29 14:13:49,539.55
2022-03-29 14:13:54,539.68
2022-03-29 14:13:59,539.68
2022-03-29 14:14:04,539.74
2022-03-29 14:14:09,539.77
2022-03-29 14:14:14,539.84
2022-03-29 14:14:19,539.97
2022-03-29 14:14:24,539.9
2022-03-29 14:14:29,521.4198441833646
2022-03-29 14:14:34,540.03
2022-03-29 14:14:39,521.3889008755464
2022-03-29 14:14:44,540.06
2022-03-29 14:14:49,540.13
2022-03-29 14:14:54,540.13
2022-03-29 14:14:59,540.13
2022-03-29 14:15:04,540.19
2022-03-29 14:15:09,540.26
2022-03-29 14:15:14,540.26
2022-03-29 14:15:19,521.2710212794046
2022-03-29 14:15:24,540.29
2022-03-29 14:15:29,540.29
2022-03-29 14:15:34,540.35
2022-03-29 14:15:39,540.35
2022-03-29 14:15:44,540.42
2022-03-29 14:15:49,540.42
2022-03-29 14:15:54,521.1758605591125
2022-03-29 14:15:59,540.54
2022-03-29 14:16:04,521.1500830601525
2022-03-29 14:16:09,540.58
2022-03-29 14:16:14,540.64
2022-03-29 14:16:19,521.1126179388057
2022-03-29 14:16:24,540.7
2022-03-29 14:16:29,540.77
2022-03-29 14:16:34,540.8
2022-03-29 14:16:39,540.8
2022-03-29 14:16:44,540.93
2022-03-29 14:16:49,540.99
2022-03-29 14:16:54,541.05
2022-03-29 14:16:59,541.09
2022-03-29 14:17:04,541.15
2022-03-29 14:17:09,541.15
2022-03-29 14:17:14,541.21
2022-03-29 14:17:19,541.31
2022-03-29 14:17:24,541.31
2022-03-29 14:17:29,541.37
2022-03-29 14:17:34,541.44
2022-03-29 14:17:39,541.5
2022-03-29 14:17:44,541.57
2022-03-29 14:17:49,541.6
2022-03-29 14:17:54,541.66
2022-03-29 14:17:59,541.72
2022-03-29 14:18:04,541.79
2022-03-29 14:18:09,541.82
2022-03-29 14:18:14,541.89
2022-03-29 14:18:19,541.95
2022-03-29 14:18:24,542.01
2022-03-29 14:18:29,542.08
2022-03-29 14:18:34,542.11
2022-03-29 14:18:39,542.18
2022-03-29 14:18:44,542.31
2022-03-29 14:18:49,542.3
2022-03-29 14:18:54,542.34
2022-03-29 14:18:59,542.4
2022-03-29 14:19:04,542.47
2022-03-29 14:19:09,542.53
2022-03-29 14:19:14,520.7894319672589
2022-03-29 14:19:19,542.63
2022-03-29 14:19:24,542.69
2022-03-29 14:19:29,542.76
2022-03-29 14:19:34,542.82
2022-03-29 14:19:39,542.85
2022-03-29 14:19:44,542.92
2022-03-29 14:19:49,542.92
2022-03-29 14:19:54,543.05
2022-03-29 14:19:59,543.11
2022-03-29 14:20:04,543.15
2022-03-29 14:20:09,543.21
2022-03-29 14:20:14,543.27
2022-03-29 14:20:19,543.34
2022-03-29 14:20:24,543.37
2022-03-29 14:20:29,543.44
2022-03-29 14:20:34,543.57
2022-03-29 14:20:39,543.63
2022-03-29 14:20:44,543.63
2022-03-29 14:20:49,543.67
2022-03-29 14:20:54,520.7078461988796
2022-03-29 14:20:59,520.7058987666755
2022-03-29 14:21:04,543.86
2022-03-29 14:21:09,543.86
2022-03-29 14:21:14,543.96
2022-03-29 14:21:19,520.7002089934205
2022-03-29 14:21:24,544.09
2022-03-29 14:21:29,544.15
2022-03-29 14:21:34,544.15
2022-03-29 14:21:39,520.6979192480567
2022-03-29 14:21:44,544.25
2022-03-29 14:21:49,520.6980660937483
2022-03-29 14:21:54,544.38
2022-03-29 14:21:59,544.38
2022-03-29 14:22:04,544.42
2022-03-29 14:22:09,544.48
2022-03-29 14:22:14,544.55
2022-03-29 14:22:19,544.61
2022-03-29 14:22:24,544.68
2022-03-29 14:22:29,544.68
2022-03-29 14:22:34,544.71
2022-03-29 14:22:39,544.77
2022-03-29 14:22:44,544.84
2022-03-29 14:22:49,544.9
2022-03-29 14:22:54,544.94
2022-03-29 14:22:59,545.0
2022-03-29 14:23:04,545.0
2022-03-29 14:23:09,545.07
2022-03-29 14:23:14,545.13
2022-03-29 14:23:19,545.13
2022-03-29 14:23:24,545.2
2022-03-29 14:23:29,545.23
2022-03-29 14:23:34,545.23
2022-03-29 14:23:39,545.29
2022-03-29 14:23:44,545.29
2022-03-29 14:23:49,520.7689872942773
2022-03-29 14:23:54,545.36
2022-03-29 14:23:59,545.36
2022-03-29 14:24:04,520.7866610350779
2022-03-29 14:24:09,545.43
2022-03-29 14:24:14,520.7994533934921
2022-03-29 14:24:19,545.46
2022-03-29 14:24:24,520.8130356576546
2022-03-29 14:24:29,545.46
2022-03-29 14:24:34,545.46
2022-03-29 14:24:39,545.43
2022-03-29 14:24:44,545.46
2022-03-29 14:24:49,520.8503459850847
2022-03-29 14:24:54,545.43
2022-03-29 14:24:59,545.46
2022-03-29 14:25:04,545.43
2022-03-29 14:25:09,545.46
2022-03-29 14:25:14,545.43
2022-03-29 14:25:19,545.43
2022-03-29 14:25:24,545.43
2022-03-29 14:25:29,545.43
2022-03-29 14:25:34,545.43
2022-03-29 14:25:39,545.36
2022-03-29 14:25:44,545.36
2022-03-29 14:25:49,545.36
2022-03-29 14:25:54,545.36
2022-03-29 14:25:59,545.3
2022-03-29 14:26:04,545.29
2022-03-29 14:26:09,545.29
2022-03-29 14:26:14,521.0101652306059
2022-03-29 14:26:19,545.23
2022-03-29 14:26:24,545.2
2022-03-29 14:26:29,545.13
2022-03-29 14:26:34,545.13
2022-03-29 14:26:39,545.07
2022-03-29 14:26:44,545.0
2022-03-29 14:26:49,545.0
2022-03-29 14:26:54,544.94
2022-03-29 14:26:59,544.94
2022-03-29 14:27:04,544.9
2022-03-29 14:27:09,544.84
2022-03-29 14:27:14,544.77
2022-03-29 14:27:19,544.77
2022-03-29 14:27:24,544.71
2022-03-29 14:27:29,544.71
2022-03-29 14:27:34,521.2006768554023
2022-03-29 14:27:39,544.61
2022-03-29 14:27:44,544.54
2022-03-29 14:27:49,544.48
2022-03-29 14:27:54,544.41
2022-03-29 14:27:59,544.41
2022-03-29 14:28:04,544.32
2022-03-29 14:28:09,544.25
2022-03-29 14:28:14,521.3079838243556
2022-03-29 14:28:19,521.3218898287054
2022-03-29 14:28:24,544.09
2022-03-29 14:28:29,544.02
2022-03-29 14:28:34,543.96
2022-03-29 14:28:39,543.9
2022-03-29 14:28:44,543.86
2022-03-29 14:28:49,543.8
2022-03-29 14:28:54,543.67
2022-03-29 14:28:59,543.64
2022-03-29 14:29:04,543.51
2022-03-29 14:29:09,543.44
2022-03-29 14:29:14,543.38
2022-03-29 14:29:19,543.35
2022-03-29 14:29:24,543.22
2022-03-29 14:29:29,543.12
2022-03-29 14:29:34,543.12
2022-03-29 14:29:39,542.99
2022-03-29 14:29:44,542.93
2022-03-29 14:29:49,542.83
2022-03-29 14:29:54,542.77
2022-03-29 14:29:59,542.64
2022-03-29 14:30:04,542.61
2022-03-29 14:30:09,542.48
2022-03-29 14:30:14,521.6662695035911
2022-03-29 14:30:19,542.35
2022-03-29 14:30:24,542.26
2022-03-29 14:30:29,542.13
2022-03-29 14:30:34,542.09
2022-03-29 14:30:39,542.03
2022-03-29 14:30:44,541.9
2022-03-29 14:30:49,541.84
2022-03-29 14:30:54,541.81
2022-03-29 14:30:59,541.68
2022-03-29 14:31:04,541.61
2022-03-29 14:31:09,541.58
2022-03-29 14:31:14,541.45
2022-03-29 14:31:19,541.46
2022-03-29 14:31:24,541.39
2022-03-29 14:31:29,541.29
2022-03-29 14:31:34,541.23
2022-03-29 14:31:39,541.17
2022-03-29 14:31:44,541.1
2022-03-29 14:31:49,541.07
2022-03-29 14:31:54,541.01
2022-03-29 14:31:59,540.94
2022-03-29 14:32:04,540.88
2022-03-29 14:32:09,540.78
2022-03-29 14:32:14,540.79
2022-03-29 14:32:19,540.72
2022-03-29 14:32:24,540.66
2022-03-29 14:32:29,540.59
2022-03-29 14:32:34,540.56
2022-03-29 14:32:39,540.5
2022-03-29 14:32:44,540.37
2022-03-29 14:32:49,522.175287677773
2022-03-29 14:32:54,540.31
2022-03-29 14:32:59,540.28
2022-03-29 14:33:04,522.2254132359282
2022-03-29 14:33:09,540.15
2022-03-29 14:33:14,540.15
2022-03-29 14:33:19,540.09
2022-03-29 14:33:24,540.05
2022-03-29 14:33:29,540.09
2022-03-29 14:33:34,522.3254289410154
2022-03-29 14:33:39,539.99
2022-03-29 14:33:44,539.99
2022-03-29 14:33:49,539.99
2022-03-29 14:33:54,539.93
2022-03-29 14:33:59,539.99
2022-03-29 14:34:04,539.93
2022-03-29 14:34:09,522.4412495856621
2022-03-29 14:34:14,539.93
2022-03-29 14:34:19,522.474083511473
2022-03-29 14:34:24,539.93
2022-03-29 14:34:29,539.86
2022-03-29 14:34:34,539.93
2022-03-29 14:34:39,522.5393075734047
2022-03-29 14:34:44,539.93
2022-03-29 14:34:49,539.99
2022-03-29 14:34:54,539.99
2022-03-29 14:34:59,539.99
2022-03-29 14:35:04,540.06
2022-03-29 14:35:09,540.06
2022-03-29 14:35:14,540.05
2022-03-29 14:35:19,540.15
2022-03-29 14:35:24,540.15
2022-03-29 14:35:29,540.15
2022-03-29 14:35:34,540.22
2022-03-29 14:35:39,540.28
2022-03-29 14:35:44,540.28
2022-03-29 14:35:49,540.31
2022-03-29 14:35:54,540.38
2022-03-29 14:35:59,540.44
2022-03-29 14:36:04,540.44
2022-03-29 14:36:09,540.5
2022-03-29 14:36:14,522.8375323427174
2022-03-29 14:36:19,540.6
2022-03-29 14:36:24,540.66
2022-03-29 14:36:29,540.73
2022-03-29 14:36:34,540.79
2022-03-29 14:36:39,540.82
2022-03-29 14:36:44,540.89
2022-03-29 14:36:49,540.89
2022-03-29 14:36:54,540.95
2022-03-29 14:36:59,541.08
2022-03-29 14:37:04,541.08
2022-03-29 14:37:09,541.11
2022-03-29 14:37:14,541.17
2022-03-29 14:37:19,541.24
2022-03-29 14:37:24,541.24
2022-03-29 14:37:29,541.33
2022-03-29 14:37:34,541.33
2022-03-29 14:37:39,541.4
2022-03-29 14:37:44,541.46
2022-03-29 14:37:49,541.53
2022-03-29 14:37:54,541.53
2022-03-29 14:37:59,541.59
2022-03-29 14:38:04,541.62
2022-03-29 14:38:09,541.68
2022-03-29 14:38:14,541.68
2022-03-29 14:38:19,541.75
2022-03-29 14:38:24,541.81
2022-03-29 14:38:29,541.84
2022-03-29 14:38:34,523.2232035154617
2022-03-29 14:38:39,541.9
2022-03-29 14:38:44,541.97
2022-03-29 14:38:49,541.97
2022-03-29 14:38:54,542.03
2022-03-29 14:38:59,542.03
2022-03-29 14:39:04,542.03
2022-03-29 14:39:09,542.1
2022-03-29 14:39:14,523.3201454804699
2022-03-29 14:39:19,542.1
2022-03-29 14:39:24,542.13
2022-03-29 14:39:29,542.09
2022-03-29 14:39:34,542.1
2022-03-29 14:39:39,542.09
2022-03-29 14:39:44,542.13
2022-03-29 14:39:49,542.13
2022-03-29 14:39:54,523.4115327979123
2022-03-29 14:39:59,542.09
2022-03-29 14:40:04,542.03
2022-03-29 14:40:09,542.1
2022-03-29 14:40:14,542.03
2022-03-29 14:40:19,541.97
2022-03-29 14:40:24,541.9
2022-03-29 14:40:29,541.9
2022-03-29 14:40:34,541.84
2022-03-29 14:40:39,541.81
2022-03-29 14:40:44,541.74
2022-03-29 14:40:49,541.68
2022-03-29 14:40:54,541.61
2022-03-29 14:40:59,541.58
2022-03-29 14:41:04,541.52
2022-03-29 14:41:09,541.45
2022-03-29 14:41:14,541.46
2022-03-29 14:41:19,523.5882100493147
2022-03-29 14:41:24,541.29
2022-03-29 14:41:29,541.23
2022-03-29 14:41:34,541.17
2022-03-29 14:41:39,541.1
2022-03-29 14:41:44,541.01
2022-03-29 14:41:49,540.94
2022-03-29 14:41:54,540.81
2022-03-29 14:41:59,540.81
2022-03-29 14:42:04,540.72
2022-03-29 14:42:09,540.59
2022-03-29 14:42:14,540.49
2022-03-29 14:42:19,523.6994237639525
2022-03-29 14:42:24,540.27
2022-03-29 14:42:29,540.21
2022-03-29 14:42:34,540.08
2022-03-29 14:42:39,539.98
2022-03-29 14:42:44,539.92
2022-03-29 14:42:49,523.7510896733696
2022-03-29 14:42:54,539.7
2022-03-29 14:42:59,523.767748844149
2022-03-29 14:43:04,539.54
2022-03-29 14:43:09,539.41
2022-03-29 14:43:14,539.34
2022-03-29 14:43:19,539.28
2022-03-29 14:43:24,539.19
2022-03-29 14:43:29,539.12
2022-03-29 14:43:34,539.02
2022-03-29 14:43:39,539.02
2022-03-29 14:43:44,538.96
2022-03-29 14:43:49,538.83
2022-03-29 14:43:54,538.83
2022-03-29 14:43:59,523.8620154526703
2022-03-29 14:44:04,538.67
2022-03-29 14:44:09,538.61
2022-03-29 14:44:14,538.51
2022-03-29 14:44:19,523.8913464022187
2022-03-29 14:44:24,523.8985213505489
2022-03-29 14:44:29,538.32
2022-03-29 14:44:34,538.26
2022-03-29 14:44:39,538.22
2022-03-29 14:44:44,538.16
2022-03-29 14:44:49,538.03
2022-03-29 14:44:54,538.0
2022-03-29 14:44:59,537.93
2022-03-29 14:45:04,537.87
2022-03-29 14:45:09,537.81
2022-03-29 14:45:14,537.74
2022-03-29 14:45:19,537.71
2022-03-29 14:45:24,537.65
2022-03-29 14:45:29,537.65
2022-03-29 14:45:34,537.58
2022-03-29 14:45:39,537.52
2022-03-29 14:45:44,537.49
2022-03-29 14:45:49,537.49
2022-03-29 14:45:54,537.36
2022-03-29 14:45:59,537.36
2022-03-29 14:46:04,537.29
2022-03-29 14:46:09,537.23
2022-03-29 14:46:14,537.2
2022-03-29 14:46:19,537.13
2022-03-29 14:46:24,537.13
2022-03-29 14:46:29,537.0
2022-03-29 14:46:34,537.0
2022-03-29 14:46:39,536.91
2022-03-29 14:46:44,536.91
2022-03-29 14:46:49,536.78
2022-03-29 14:46:54,536.71
2022-03-29 14:46:59,536.71
2022-03-29 14:47:04,536.62
2022-03-29 14:47:09,536.61
2022-03-29 14:47:14,524.1079679964217
2022-03-29 14:47:19,536.46
2022-03-29 14:47:24,536.39
2022-03-29 14:47:29,536.32
2022-03-29 14:47:34,536.19
2022-03-29 14:47:39,536.16
2022-03-29 14:47:44,536.16
2022-03-29 14:47:49,536.03
2022-03-29 14:47:54,535.97
2022-03-29 14:47:59,535.97
2022-03-29 14:48:04,535.87
2022-03-29 14:48:09,535.87
2022-03-29 14:48:14,524.1675924717786
2022-03-29 14:48:19,524.1722646358546
2022-03-29 14:48:24,535.74
2022-03-29 14:48:29,535.64
2022-03-29 14:48:34,535.64
2022-03-29 14:48:39,535.58
2022-03-29 14:48:44,535.51
2022-03-29 14:48:49,535.51
2022-03-29 14:48:54,535.44
2022-03-29 14:48:59,535.41
2022-03-29 14:49:04,535.41
2022-03-29 14:49:09,535.35
2022-03-29 14:49:14,535.28
2022-03-29 14:49:19,524.2250285855645
2022-03-29 14:49:24,535.15
2022-03-29 14:49:29,535.15
2022-03-29 14:49:34,535.06
2022-03-29 14:49:39,535.05
2022-03-29 14:49:44,534.99
2022-03-29 14:49:49,534.99
2022-03-29 14:49:54,534.93
2022-03-29 14:49:59,534.9
2022-03-29 14:50:04,534.89
2022-03-29 14:50:09,524.2646746256648
2022-03-29 14:50:14,534.83
2022-03-29 14:50:19,534.77
2022-03-29 14:50:24,534.7
2022-03-29 14:50:29,534.7
2022-03-29 14:50:34,524.2831567588319
2022-03-29 14:50:39,534.64
2022-03-29 14:50:44,534.61
2022-03-29 14:50:49,534.54
2022-03-29 14:50:54,534.54
2022-03-29 14:50:59,534.54
2022-03-29 14:51:04,534.48
2022-03-29 14:51:09,524.3076515258989
2022-03-29 14:51:14,534.41
2022-03-29 14:51:19,534.38
2022-03-29 14:51:24,534.32
2022-03-29 14:51:29,534.38
2022-03-29 14:51:34,534.32
2022-03-29 14:51:39,534.25
2022-03-29 14:51:44,524.3306839155297
2022-03-29 14:51:49,534.19
2022-03-29 14:51:54,534.19
2022-03-29 14:51:59,534.13
2022-03-29 14:52:04,534.1
2022-03-29 14:52:09,534.09
2022-03-29 14:52:14,534.03
2022-03-29 14:52:19,534.03
2022-03-29 14:52:24,534.03
2022-03-29 14:52:29,533.97
2022-03-29 14:52:34,533.97
2022-03-29 14:52:39,533.97
2022-03-29 14:52:44,533.9
2022-03-29 14:52:49,533.91
2022-03-29 14:52:54,533.91
2022-03-29 14:52:59,533.91
2022-03-29 14:53:04,533.91
2022-03-29 14:53:09,533.91
2022-03-29 14:53:14,533.88
2022-03-29 14:53:19,533.88
2022-03-29 14:53:24,533.81
2022-03-29 14:53:29,533.88
2022-03-29 14:53:34,533.81
2022-03-29 14:53:39,533.82
2022-03-29 14:53:44,533.82
2022-03-29 14:53:49,533.82
2022-03-29 14:53:54,533.82
2022-03-29 14:53:59,533.82
2022-03-29 14:54:04,533.75
2022-03-29 14:54:09,533.75
2022-03-29 14:54:14,533.75
2022-03-29 14:54:19,533.75
2022-03-29 14:54:24,533.75
2022-03-29 14:54:29,533.75
2022-03-29 14:54:34,524.429446780421
2022-03-29 14:54:39,524.4321951019873
2022-03-29 14:54:44,533.69
2022-03-29 14:54:49,533.69
2022-03-29 14:54:54,533.62
2022-03-29 14:54:59,533.69
2022-03-29 14:55:04,533.62
2022-03-29 14:55:09,533.62
2022-03-29 14:55:14,533.62
2022-03-29 14:55:19,533.69
2022-03-29 14:55:24,524.4569927746201
2022-03-29 14:55:29,533.62
2022-03-29 14:55:34,533.62
2022-03-29 14:55:39,533.62
2022-03-29 14:55:44,533.59
2022-03-29 14:55:49,533.59
2022-03-29 14:55:54,533.59
2022-03-29 14:55:59,533.53
2022-03-29 14:56:04,533.53
2022-03-29 14:56:09,533.53
2022-03-29 14:56:14,533.53
2022-03-29 14:56:19,533.53
2022-03-29 14:56:24,524.4908832948598
2022-03-29 14:56:29,533.53
2022-03-29 14:56:34,533.46
2022-03-29 14:56:39,533.46
2022-03-29 14:56:44,533.46
2022-03-29 14:56:49,533.39
2022-03-29 14:56:54,533.46
2022-03-29 14:56:59,533.39
2022-03-29 14:57:04,533.39
2022-03-29 14:57:09,533.36
2022-03-29 14:57:14,533.36
2022-03-29 14:57:19,533.3
2022-03-29 14:57:24,533.3
2022-03-29 14:57:29,533.23
2022-03-29 14:57:34,533.23
2022-03-29 14:57:39,533.23
2022-03-29 14:57:44,533.17
2022-03-29 14:57:49,533.16
2022-03-29 14:57:54,524.5459647516213
2022-03-29 14:57:59,533.1
2022-03-29 14:58:04,533.1
2022-03-29 14:58:09,533.1
2022-03-29 14:58:14,533.07
2022-03-29 14:58:19,533.06
2022-03-29 14:58:24,533.06
2022-03-29 14:58:29,533.0
2022-03-29 14:58:34,533.0
2022-03-29 14:58:39,532.93
2022-03-29 14:58:44,532.93
2022-03-29 14:58:49,532.87
2022-03-29 14:58:54,524.5872921105372
2022-03-29 14:58:59,532.86
2022-03-29 14:59:04,532.84
2022-03-29 14:59:09,532.77
2022-03-29 14:59:14,532.83
2022-03-29 14:59:19,532.7
2022-03-29 14:59:24,532.7
2022-03-29 14:59:29,532.63
2022-03-29 14:59:34,524.6176050999078
2022-03-29 14:59:39,532.57
2022-03-29 14:59:44,532.57
2022-03-29 14:59:49,532.54
2022-03-29 14:59:54,532.54
2022-03-29 14:59:59,532.47
2022-03-29 15:00:04,532.41
2022-03-29 15:00:09,524.6462741335071
2022-03-29 15:00:14,532.35
2022-03-29 15:00:19,524.6548689706109
2022-03-29 15:00:24,532.31
2022-03-29 15:00:29,532.25
2022-03-29 15:00:34,532.25
2022-03-29 15:00:39,532.18
2022-03-29 15:00:44,532.18
2022-03-29 15:00:49,532.06
2022-03-29 15:00:54,532.05
2022-03-29 15:00:59,532.06
2022-03-29 15:01:04,532.02
2022-03-29 15:01:09,532.02
2022-03-29 15:01:14,532.02
2022-03-29 15:01:19,532.02
2022-03-29 15:01:24,531.96
2022-03-29 15:01:29,531.89
2022-03-29 15:01:34,531.9
2022-03-29 15:01:39,531.83
2022-03-29 15:01:44,531.83
2022-03-29 15:01:49,531.8
2022-03-29 15:01:54,531.8
2022-03-29 15:01:59,531.74
2022-03-29 15:02:04,531.67
2022-03-29 15:02:09,531.67
2022-03-29 15:02:14,531.61
2022-03-29 15:02:19,531.54
2022-03-29 15:02:24,531.51
2022-03-29 15:02:29,531.51
2022-03-29 15:02:34,531.45
2022-03-29 15:02:39,531.39
2022-03-29 15:02:44,531.32
2022-03-29 15:02:49,531.32
2022-03-29 15:02:54,531.29
2022-03-29 15:02:59,531.23
2022-03-29 15:03:04,531.17
2022-03-29 15:03:09,531.1
2022-03-29 15:03:14,531.04
2022-03-29 15:03:19,531.01
2022-03-29 15:03:24,530.94
2022-03-29 15:03:29,530.94
2022-03-29 15:03:34,530.82
2022-03-29 15:03:39,530.79
2022-03-29 15:03:44,530.72
2022-03-29 15:03:49,530.66
2022-03-29 15:03:54,530.59
2022-03-29 15:03:59,530.53
2022-03-29 15:04:04,530.5
2022-03-29 15:04:09,530.5
2022-03-29 15:04:14,530.44
2022-03-29 15:04:19,524.9310376803606
2022-03-29 15:04:24,530.31
2022-03-29 15:04:29,530.28
2022-03-29 15:04:34,530.28
2022-03-29 15:04:39,530.28
2022-03-29 15:04:44,530.22
2022-03-29 15:04:49,530.15
2022-03-29 15:04:54,530.09
2022-03-29 15:04:59,530.09
2022-03-29 15:05:04,530.03
2022-03-29 15:05:09,529.99
2022-03-29 15:05:14,529.93
2022-03-29 15:05:19,529.93
2022-03-29 15:05:24,529.87
2022-03-29 15:05:29,529.77
2022-03-29 15:05:34,529.77
2022-03-29 15:05:39,529.71
2022-03-29 15:05:44,529.64
2022-03-29 15:05:49,529.64
2022-03-29 15:05:54,525.0875351256507
2022-03-29 15:05:59,529.58
2022-03-29 15:06:04,529.48
2022-03-29 15:06:09,529.48
2022-03-29 15:06:14,529.42
2022-03-29 15:06:19,529.42
2022-03-29 15:06:24,529.35
2022-03-29 15:06:29,529.35
2022-03-29 15:06:34,529.29
2022-03-29 15:06:39,529.26
2022-03-29 15:06:44,529.26
2022-03-29 15:06:49,529.19
2022-03-29 15:06:54,529.13
2022-03-29 15:06:59,529.13
2022-03-29 15:07:04,529.13
2022-03-29 15:07:09,529.13
2022-03-29 15:07:14,529.13
2022-03-29 15:07:19,529.06
2022-03-29 15:07:24,529.06
2022-03-29 15:07:29,529.06
2022-03-29 15:07:34,529.06
2022-03-29 15:07:39,529.0
2022-03-29 15:07:44,529.0
2022-03-29 15:07:49,529.0
2022-03-29 15:07:54,529.06
2022-03-29 15:07:59,529.06
2022-03-29 15:08:04,529.12
2022-03-29 15:08:09,525.3565076459943
2022-03-29 15:08:14,529.19
2022-03-29 15:08:19,529.19
2022-03-29 15:08:24,529.25
2022-03-29 15:08:29,529.25
2022-03-29 15:08:34,529.35
2022-03-29 15:08:39,529.35
2022-03-29 15:08:44,529.48
2022-03-29 15:08:49,529.48
2022-03-29 15:08:54,529.51
2022-03-29 15:08:59,529.57
2022-03-29 15:09:04,529.64
2022-03-29 15:09:09,529.7
2022-03-29 15:09:14,529.76
2022-03-29 15:09:19,529.86
2022-03-29 15:09:24,529.86
2022-03-29 15:09:29,529.99
2022-03-29 15:09:34,530.02
2022-03-29 15:09:39,530.15
2022-03-29 15:09:44,530.15
2022-03-29 15:09:49,530.27
2022-03-29 15:09:54,530.31
2022-03-29 15:09:59,530.37
2022-03-29 15:10:04,525.6146036800905
2022-03-29 15:10:09,530.6
2022-03-29 15:10:14,530.66
2022-03-29 15:10:19,530.72
2022-03-29 15:10:24,530.82
2022-03-29 15:10:29,530.89
2022-03-29 15:10:34,531.01
2022-03-29 15:10:39,531.11
2022-03-29 15:10:44,531.18
2022-03-29 15:10:49,531.31
2022-03-29 15:10:54,531.4
2022-03-29 15:10:59,531.47
2022-03-29 15:11:04,531.56
2022-03-29 15:11:09,531.69
2022-03-29 15:11:14,531.82
2022-03-29 15:11:19,531.85
2022-03-29 15:11:24,532.04
2022-03-29 15:11:29,532.08
2022-03-29 15:11:34,532.21
2022-03-29 15:11:39,532.34
2022-03-29 15:11:44,525.8496435154424
2022-03-29 15:11:49,532.59
2022-03-29 15:11:54,532.72
2022-03-29 15:11:59,532.85
2022-03-29 15:12:04,532.95
2022-03-29 15:12:09,525.9088433821872
2022-03-29 15:12:14,533.18
2022-03-29 15:12:19,533.37
2022-03-29 15:12:24,525.9443243377041
2022-03-29 15:12:29,533.59
2022-03-29 15:12:34,533.69
2022-03-29 15:12:39,525.9797397029844
2022-03-29 15:12:44,533.98
2022-03-29 15:12:49,534.11
2022-03-29 15:12:54,534.27
2022-03-29 15:12:59,526.0268067329141
2022-03-29 15:13:04,534.57
2022-03-29 15:13:09,534.66
2022-03-29 15:13:14,534.79
2022-03-29 15:13:19,534.92
2022-03-29 15:13:24,535.08
2022-03-29 15:13:29,535.15
2022-03-29 15:13:34,535.31
2022-03-29 15:13:39,535.37
2022-03-29 15:13:44,535.54
2022-03-29 15:13:49,535.66
2022-03-29 15:13:54,535.76
2022-03-29 15:13:59,535.96
2022-03-29 15:14:04,535.99
2022-03-29 15:14:09,536.12
2022-03-29 15:14:14,536.28
2022-03-29 15:14:19,536.41
2022-03-29 15:14:24,536.57
2022-03-29 15:14:29,536.64
2022-03-29 15:14:34,536.73
2022-03-29 15:14:39,526.2571308143133
2022-03-29 15:14:44,536.99
2022-03-29 15:14:49,537.09
2022-03-29 15:14:54,537.21
2022-03-29 15:14:59,537.25
2022-03-29 15:15:04,537.38
2022-03-29 15:15:09,526.3237398617166
2022-03-29 15:15:14,537.54
2022-03-29 15:15:19,537.61
2022-03-29 15:15:24,537.73
2022-03-29 15:15:29,537.83
2022-03-29 15:15:34,537.89
2022-03-29 15:15:39,538.02
2022-03-29 15:15:44,538.06
2022-03-29 15:15:49,538.18
2022-03-29 15:15:54,538.18
2022-03-29 15:15:59,526.4311450198827
2022-03-29 15:16:04,538.35
2022-03-29 15:16:09,526.452005217559
2022-03-29 15:16:14,538.54
2022-03-29 15:16:19,538.57
2022-03-29 15:16:24,538.7
2022-03-29 15:16:29,538.77
2022-03-29 15:16:34,526.5031410447076
2022-03-29 15:16:39,538.86
2022-03-29 15:16:44,538.86
2022-03-29 15:16:49,538.99
2022-03-29 15:16:54,539.06
2022-03-29 15:16:59,539.09
2022-03-29 15:17:04,539.15
2022-03-29 15:17:09,539.15
2022-03-29 15:17:14,539.28
2022-03-29 15:17:19,539.28
2022-03-29 15:17:24,539.31
2022-03-29 15:17:29,539.37
2022-03-29 15:17:34,539.44
2022-03-29 15:17:39,539.44
2022-03-29 15:17:44,539.44
2022-03-29 15:17:49,539.57
2022-03-29 15:17:54,539.57
2022-03-29 15:17:59,539.6
2022-03-29 15:18:04,539.6
2022-03-29 15:18:09,539.66
2022-03-29 15:18:14,539.73
2022-03-29 15:18:19,539.79
2022-03-29 15:18:24,526.7077544199221
2022-03-29 15:18:29,539.83
2022-03-29 15:18:34,539.82
2022-03-29 15:18:39,539.89
2022-03-29 15:18:44,539.95
2022-03-29 15:18:49,540.01
2022-03-29 15:18:54,526.7567745497594
2022-03-29 15:18:59,540.08
2022-03-29 15:19:04,540.08
2022-03-29 15:19:09,540.11
2022-03-29 15:19:14,526.7876044142381
2022-03-29 15:19:19,540.17
2022-03-29 15:19:24,540.17
2022-03-29 15:19:29,540.17
2022-03-29 15:19:34,540.3
2022-03-29 15:19:39,540.3
2022-03-29 15:19:44,540.33
2022-03-29 15:19:49,540.39
2022-03-29 15:19:54,540.46
2022-03-29 15:19:59,540.46
2022-03-29 15:20:04,540.52
2022-03-29 15:20:09,540.52
2022-03-29 15:20:14,540.58
2022-03-29 15:20:19,540.58
2022-03-29 15:20:24,540.58
2022-03-29 15:20:29,540.58
2022-03-29 15:20:34,540.61
2022-03-29 15:20:39,540.61
2022-03-29 15:20:44,540.61
2022-03-29 15:20:49,540.68
2022-03-29 15:20:54,540.68
2022-03-29 15:20:59,540.68
2022-03-29 15:21:04,526.9305744672722
2022-03-29 15:21:09,540.68
2022-03-29 15:21:14,540.68
2022-03-29 15:21:19,540.68
2022-03-29 15:21:24,526.9521103706605
2022-03-29 15:21:29,540.68
2022-03-29 15:21:34,540.61
2022-03-29 15:21:39,540.68
2022-03-29 15:21:44,540.61
2022-03-29 15:21:49,540.61
2022-03-29 15:21:54,540.58
2022-03-29 15:21:59,540.58
2022-03-29 15:22:04,540.52
2022-03-29 15:22:09,540.52
2022-03-29 15:22:14,540.52
2022-03-29 15:22:19,540.39
2022-03-29 15:22:24,540.33
2022-03-29 15:22:29,540.29
2022-03-29 15:22:34,540.23
2022-03-29 15:22:39,540.17
2022-03-29 15:22:44,540.1
2022-03-29 15:22:49,540.1
2022-03-29 15:22:54,540.0
2022-03-29 15:22:59,539.88
2022-03-29 15:23:04,539.81
2022-03-29 15:23:09,539.78
2022-03-29 15:23:14,539.72
2022-03-29 15:23:19,539.59
2022-03-29 15:23:24,539.56
2022-03-29 15:23:29,539.43
2022-03-29 15:23:34,539.37
2022-03-29 15:23:39,539.27
2022-03-29 15:23:44,539.14
2022-03-29 15:23:49,539.08
2022-03-29 15:23:54,538.98
2022-03-29 15:23:59,527.0804256603395
2022-03-29 15:24:04,538.76
2022-03-29 15:24:09,538.63
2022-03-29 15:24:14,538.53
2022-03-29 15:24:19,538.4
2022-03-29 15:24:24,538.34
2022-03-29 15:24:29,538.18
2022-03-29 15:24:34,538.12
2022-03-29 15:24:39,537.96
2022-03-29 15:24:44,537.89
2022-03-29 15:24:49,537.77
2022-03-29 15:24:54,537.6
2022-03-29 15:24:59,527.1148534000146
2022-03-29 15:25:04,537.38
2022-03-29 15:25:09,527.1199257504904
2022-03-29 15:25:14,537.15
2022-03-29 15:25:19,537.03
2022-03-29 15:25:24,536.93
2022-03-29 15:25:29,536.8
2022-03-29 15:25:34,536.74
2022-03-29 15:25:39,536.71
2022-03-29 15:25:44,536.57
2022-03-29 15:25:49,536.48
2022-03-29 15:25:54,536.42
2022-03-29 15:25:59,536.35
2022-03-29 15:26:04,527.1448826044967
2022-03-29 15:26:09,536.19
2022-03-29 15:26:14,536.13
2022-03-29 15:26:19,536.0
2022-03-29 15:26:24,535.97
2022-03-29 15:26:29,535.84
2022-03-29 15:26:34,535.77
2022-03-29 15:26:39,535.71
2022-03-29 15:26:44,535.61
2022-03-29 15:26:49,535.55
2022-03-29 15:26:54,535.48
2022-03-29 15:26:59,535.45
2022-03-29 15:27:04,535.38
2022-03-29 15:27:09,535.32
2022-03-29 15:27:14,527.1706588176921
2022-03-29 15:27:19,535.19
2022-03-29 15:27:24,535.16
2022-03-29 15:27:29,535.09
2022-03-29 15:27:34,535.09
2022-03-29 15:27:39,535.03
2022-03-29 15:27:44,535.03
2022-03-29 15:27:49,527.1816353572032
2022-03-29 15:27:54,534.93
2022-03-29 15:27:59,534.87
2022-03-29 15:28:04,534.8
2022-03-29 15:28:09,534.74
2022-03-29 15:28:14,534.74
2022-03-29 15:28:19,534.68
2022-03-29 15:28:24,534.67
2022-03-29 15:28:29,534.64
2022-03-29 15:28:34,534.64
2022-03-29 15:28:39,534.57
2022-03-29 15:28:44,534.64
2022-03-29 15:28:49,534.57
2022-03-29 15:28:54,534.57
2022-03-29 15:28:59,534.64
2022-03-29 15:29:04,534.64
2022-03-29 15:29:09,527.2036845782103
2022-03-29 15:29:14,534.64
2022-03-29 15:29:19,534.64
2022-03-29 15:29:24,534.67
2022-03-29 15:29:29,534.67
2022-03-29 15:29:34,527.210084437651
2022-03-29 15:29:39,534.73
2022-03-29 15:29:44,534.73
2022-03-29 15:29:49,534.86
2022-03-29 15:29:54,534.86
2022-03-29 15:29:59,534.92
2022-03-29 15:30:04,534.95
2022-03-29 15:30:09,535.02
2022-03-29 15:30:14,535.14
2022-03-29 15:30:19,535.14
2022-03-29 15:30:24,527.2227794847302
2022-03-29 15:30:29,535.31
2022-03-29 15:30:34,535.43
2022-03-29 15:30:39,535.46
2022-03-29 15:30:44,535.59
2022-03-29 15:30:49,535.66
2022-03-29 15:30:54,535.75
2022-03-29 15:30:59,535.82
2022-03-29 15:31:04,535.94
2022-03-29 15:31:09,535.98
2022-03-29 15:31:14,536.11
2022-03-29 15:31:19,536.2
2022-03-29 15:31:24,536.2
2022-03-29 15:31:29,536.33
2022-03-29 15:31:34,536.46
2022-03-29 15:31:39,536.62
2022-03-29 15:31:44,536.72
2022-03-29 15:31:49,536.85
2022-03-29 15:31:54,527.2474108946383
2022-03-29 15:31:59,537.07
2022-03-29 15:32:04,527.250442839181
2022-03-29 15:32:09,527.2519890213863
2022-03-29 15:32:14,537.49
2022-03-29 15:32:19,537.65
2022-03-29 15:32:24,537.75
2022-03-29 15:32:29,537.94
2022-03-29 15:32:34,527.2600527968668
2022-03-29 15:32:39,538.27
2022-03-29 15:32:44,538.39
2022-03-29 15:32:49,538.53
2022-03-29 15:32:54,538.68
2022-03-29 15:32:59,538.85
2022-03-29 15:33:04,538.98
2022-03-29 15:33:09,539.14
2022-03-29 15:33:14,539.3
2022-03-29 15:33:19,539.49
2022-03-29 15:33:24,539.59
2022-03-29 15:33:29,539.78
2022-03-29 15:33:34,539.95
2022-03-29 15:33:39,540.07
2022-03-29 15:33:44,540.3
2022-03-29 15:33:49,540.4
2022-03-29 15:33:54,540.59
2022-03-29 15:33:59,540.69
2022-03-29 15:34:04,540.91
2022-03-29 15:34:09,541.04
2022-03-29 15:34:14,527.2992559544239
2022-03-29 15:34:19,541.37
2022-03-29 15:34:24,541.49
2022-03-29 15:34:29,541.62
2022-03-29 15:34:34,541.78
2022-03-29 15:34:39,541.88
2022-03-29 15:34:44,527.3132248624538
2022-03-29 15:34:49,542.17
2022-03-29 15:34:54,527.3180738199391
2022-03-29 15:34:59,542.4
2022-03-29 15:35:04,527.3230121257084
2022-03-29 15:35:09,542.69
2022-03-29 15:35:14,542.82
2022-03-29 15:35:19,542.91
2022-03-29 15:35:24,542.98
2022-03-29 15:35:29,527.3357213085881
2022-03-29 15:35:34,543.17
2022-03-29 15:35:39,543.27
2022-03-29 15:35:44,527.3435750821826
2022-03-29 15:35:49,543.4
2022-03-29 15:35:54,543.43
2022-03-29 15:35:59,527.3515827803544
2022-03-29 15:36:04,543.56
2022-03-29 15:36:09,543.56
2022-03-29 15:36:14,543.56
2022-03-29 15:36:19,543.63
2022-03-29 15:36:24,543.63
2022-03-29 15:36:29,543.63
2022-03-29 15:36:34,527.3707866175073
2022-03-29 15:36:39,543.69
2022-03-29 15:36:44,543.72
2022-03-29 15:36:49,543.72
2022-03-29 15:36:54,543.72
2022-03-29 15:36:59,543.72
2022-03-29 15:37:04,543.72
2022-03-29 15:37:09,543.69
2022-03-29 15:37:14,543.69
2022-03-29 15:37:19,543.69
2022-03-29 15:37:24,543.69
2022-03-29 15:37:29,543.63
2022-03-29 15:37:34,543.63
2022-03-29 15:37:39,543.56
2022-03-29 15:37:44,543.5
2022-03-29 15:37:49,543.5
2022-03-29 15:37:54,543.43
2022-03-29 15:37:59,543.4
2022-03-29 15:38:04,543.34
2022-03-29 15:38:09,543.27
2022-03-29 15:38:14,543.2
2022-03-29 15:38:19,543.17
2022-03-29 15:38:24,543.17
2022-03-29 15:38:29,527.4370164157468
2022-03-29 15:38:34,543.11
2022-03-29 15:38:39,542.98
2022-03-29 15:38:44,542.91
2022-03-29 15:38:49,542.91
2022-03-29 15:38:54,542.88
2022-03-29 15:38:59,542.81
2022-03-29 15:39:04,542.75
2022-03-29 15:39:09,542.68
2022-03-29 15:39:14,542.65
2022-03-29 15:39:19,542.59
2022-03-29 15:39:24,542.52
2022-03-29 15:39:29,542.45
2022-03-29 15:39:34,542.39
2022-03-29 15:39:39,542.35
2022-03-29 15:39:44,527.4805589536057
2022-03-29 15:39:49,527.4834171541826
2022-03-29 15:39:54,542.06
2022-03-29 15:39:59,542.0
2022-03-29 15:40:04,541.93
2022-03-29 15:40:09,541.87
2022-03-29 15:40:14,541.77
2022-03-29 15:40:19,541.7
2022-03-29 15:40:24,541.64
2022-03-29 15:40:29,541.61
2022-03-29 15:40:34,541.48
2022-03-29 15:40:39,541.48
2022-03-29 15:40:44,541.35
2022-03-29 15:40:49,541.32
2022-03-29 15:40:54,527.5196055879093
2022-03-29 15:40:59,541.19
2022-03-29 15:41:04,541.12
2022-03-29 15:41:09,541.03
2022-03-29 15:41:14,540.96
2022-03-29 15:41:19,540.96
2022-03-29 15:41:24,540.9
2022-03-29 15:41:29,540.8
2022-03-29 15:41:34,527.5406592590559
2022-03-29 15:41:39,540.61
2022-03-29 15:41:44,540.51
2022-03-29 15:41:49,540.51
2022-03-29 15:41:54,540.45
2022-03-29 15:41:59,540.32
2022-03-29 15:42:04,540.29
2022-03-29 15:42:09,540.22
2022-03-29 15:42:14,527.560462520566
2022-03-29 15:42:19,540.09
2022-03-29 15:42:24,540.06
2022-03-29 15:42:29,540.0
2022-03-29 15:42:34,539.93
2022-03-29 15:42:39,539.87
2022-03-29 15:42:44,539.8
2022-03-29 15:42:49,539.71
2022-03-29 15:42:54,539.64
2022-03-29 15:42:59,539.58
2022-03-29 15:43:04,539.48
2022-03-29 15:43:09,539.48
2022-03-29 15:43:14,539.35
2022-03-29 15:43:19,539.29
2022-03-29 15:43:24,527.591303341631
2022-03-29 15:43:29,539.13
2022-03-29 15:43:34,539.07
2022-03-29 15:43:39,538.97
2022-03-29 15:43:44,538.9
2022-03-29 15:43:49,538.84
2022-03-29 15:43:54,538.78
2022-03-29 15:43:59,538.75
2022-03-29 15:44:04,538.68
2022-03-29 15:44:09,538.55
2022-03-29 15:44:14,538.52
2022-03-29 15:44:19,538.46
2022-03-29 15:44:24,538.39
2022-03-29 15:44:29,538.33
2022-03-29 15:44:34,538.26
2022-03-29 15:44:39,538.23
2022-03-29 15:44:44,538.17
2022-03-29 15:44:49,538.1
2022-03-29 15:44:54,527.6218115058814
2022-03-29 15:44:59,538.04
2022-03-29 15:45:04,537.95
2022-03-29 15:45:09,537.95
2022-03-29 15:45:14,537.82
2022-03-29 15:45:19,537.82
2022-03-29 15:45:24,537.75
2022-03-29 15:45:29,537.75
2022-03-29 15:45:34,537.72
2022-03-29 15:45:39,537.72
2022-03-29 15:45:44,537.66
2022-03-29 15:45:49,537.59
2022-03-29 15:45:54,537.53
2022-03-29 15:45:59,537.5
2022-03-29 15:46:04,537.43
2022-03-29 15:46:09,537.43
2022-03-29 15:46:14,527.6380155870505
2022-03-29 15:46:19,537.37
2022-03-29 15:46:24,537.3
2022-03-29 15:46:29,537.3
2022-03-29 15:46:34,537.24
2022-03-29 15:46:39,537.21
2022-03-29 15:46:44,527.6409831758989
2022-03-29 15:46:49,537.14
2022-03-29 15:46:54,537.08
2022-03-29 15:46:59,537.08
2022-03-29 15:47:04,537.08
2022-03-29 15:47:09,537.02
2022-03-29 15:47:14,537.02
2022-03-29 15:47:19,537.08
2022-03-29 15:47:24,527.6420089481452
2022-03-29 15:47:29,536.98
2022-03-29 15:47:34,536.98
2022-03-29 15:47:39,536.98
2022-03-29 15:47:44,536.98
2022-03-29 15:47:49,536.98
2022-03-29 15:47:54,536.98
2022-03-29 15:47:59,527.6400155119306
2022-03-29 15:48:04,537.01
2022-03-29 15:48:09,537.01
2022-03-29 15:48:14,537.07
2022-03-29 15:48:19,537.01
2022-03-29 15:48:24,537.14
2022-03-29 15:48:29,527.6362255777302
2022-03-29 15:48:34,537.14
2022-03-29 15:48:39,537.2
2022-03-29 15:48:44,537.23
2022-03-29 15:48:49,537.23
2022-03-29 15:48:54,537.29
2022-03-29 15:48:59,537.29
2022-03-29 15:49:04,537.36
2022-03-29 15:49:09,537.42
2022-03-29 15:49:14,537.49
2022-03-29 15:49:19,537.49
2022-03-29 15:49:24,537.52
2022-03-29 15:49:29,537.58
2022-03-29 15:49:34,537.65
2022-03-29 15:49:39,527.6205043640398
2022-03-29 15:49:44,537.74
2022-03-29 15:49:49,537.81
2022-03-29 15:49:54,537.87
2022-03-29 15:49:59,537.87
2022-03-29 15:50:04,527.6127423903182
2022-03-29 15:50:09,537.99
2022-03-29 15:50:14,538.03
2022-03-29 15:50:19,538.09
2022-03-29 15:50:24,538.15
2022-03-29 15:50:29,538.15
2022-03-29 15:50:34,538.22
2022-03-29 15:50:39,538.25
2022-03-29 15:50:44,538.31
2022-03-29 15:50:49,538.31
2022-03-29 15:50:54,538.37
2022-03-29 15:50:59,538.44
2022-03-29 15:51:04,538.5
2022-03-29 15:51:09,527.5878598082184
2022-03-29 15:51:14,538.6
2022-03-29 15:51:19,538.6
2022-03-29 15:51:24,538.67
2022-03-29 15:51:29,538.73
2022-03-29 15:51:34,538.77
2022-03-29 15:51:39,538.77
2022-03-29 15:51:44,538.76
2022-03-29 15:51:49,538.83
2022-03-29 15:51:54,538.83
2022-03-29 15:51:59,538.89
2022-03-29 15:52:04,538.96
2022-03-29 15:52:09,538.96
2022-03-29 15:52:14,539.02
2022-03-29 15:52:19,539.02
2022-03-29 15:52:24,539.05
2022-03-29 15:52:29,539.06
2022-03-29 15:52:34,539.12
2022-03-29 15:52:39,539.18
2022-03-29 15:52:44,539.18
2022-03-29 15:52:49,539.25
2022-03-29 15:52:54,539.25
2022-03-29 15:52:59,539.28
2022-03-29 15:53:04,527.5298647456027
2022-03-29 15:53:09,539.35
2022-03-29 15:53:14,539.41
2022-03-29 15:53:19,539.41
2022-03-29 15:53:24,539.48
2022-03-29 15:53:29,539.48
2022-03-29 15:53:34,539.54
2022-03-29 15:53:39,539.48
2022-03-29 15:53:44,527.5063639445978
2022-03-29 15:53:49,539.58
2022-03-29 15:53:54,539.65
2022-03-29 15:53:59,539.65
2022-03-29 15:54:04,539.64
2022-03-29 15:54:09,539.65
2022-03-29 15:54:14,539.65
2022-03-29 15:54:19,539.78
2022-03-29 15:54:24,539.78
2022-03-29 15:54:29,539.78
2022-03-29 15:54:34,539.78
2022-03-29 15:54:39,539.78
2022-03-29 15:54:44,539.81
2022-03-29 15:54:49,539.81
2022-03-29 15:54:54,527.4621912114117
2022-03-29 15:54:59,539.88
2022-03-29 15:55:04,539.88
2022-03-29 15:55:09,539.88
2022-03-29 15:55:14,539.82
2022-03-29 15:55:19,539.82
2022-03-29 15:55:24,539.82
2022-03-29 15:55:29,539.82
2022-03-29 15:55:34,539.82
2022-03-29 15:55:39,539.79
2022-03-29 15:55:44,539.79
2022-03-29 15:55:49,539.79
2022-03-29 15:55:54,539.79
2022-03-29 15:55:59,539.79
2022-03-29 15:56:04,527.4152486849691
2022-03-29 15:56:09,539.73
2022-03-29 15:56:14,539.66
2022-03-29 15:56:19,539.73
2022-03-29 15:56:24,539.66
2022-03-29 15:56:29,539.66
2022-03-29 15:56:34,539.66
2022-03-29 15:56:39,539.66
2022-03-29 15:56:44,539.57
2022-03-29 15:56:49,539.6
2022-03-29 15:56:54,539.57
2022-03-29 15:56:59,539.57
2022-03-29 15:57:04,539.57
2022-03-29 15:57:09,539.6
2022-03-29 15:57:14,539.51
2022-03-29 15:57:19,539.57
2022-03-29 15:57:24,539.51
2022-03-29 15:57:29,539.51
2022-03-29 15:57:34,539.51
2022-03-29 15:57:39,539.51
2022-03-29 15:57:44,539.44
2022-03-29 15:57:49,539.38
2022-03-29 15:57:54,539.38
2022-03-29 15:57:59,539.38
2022-03-29 15:58:04,539.31
2022-03-29 15:58:09,527.3285884811027
2022-03-29 15:58:14,539.28
2022-03-29 15:58:19,539.22
2022-03-29 15:58:24,527.3182219128704
2022-03-29 15:58:29,527.3147770475997
2022-03-29 15:58:34,539.15
2022-03-29 15:58:39,539.09
2022-03-29 15:58:44,539.05
2022-03-29 15:58:49,539.05
2022-03-29 15:58:54,538.99
2022-03-29 15:58:59,538.86
2022-03-29 15:59:04,538.8
2022-03-29 15:59:09,527.2874777572508
2022-03-29 15:59:14,538.76
2022-03-29 15:59:19,538.69
2022-03-29 15:59:24,538.63
2022-03-29 15:59:29,538.57
2022-03-29 15:59:34,538.54
2022-03-29 15:59:39,527.267405064332
2022-03-29 15:59:44,538.47
2022-03-29 15:59:49,538.41
2022-03-29 15:59:54,538.28
2022-03-29 15:59:59,538.24
2022-03-29 16:00:04,538.18
2022-03-29 16:00:09,538.11
2022-03-29 16:00:14,538.05
2022-03-29 16:00:19,538.05
2022-03-29 16:00:24,537.95
2022-03-29 16:00:29,537.89
2022-03-29 16:00:34,537.82
2022-03-29 16:00:39,537.76
2022-03-29 16:00:44,537.72
2022-03-29 16:00:49,537.59
2022-03-29 16:00:54,537.53
2022-03-29 16:00:59,537.43
2022-03-29 16:01:04,537.43
2022-03-29 16:01:09,537.3
2022-03-29 16:01:14,537.3
2022-03-29 16:01:19,537.21
2022-03-29 16:01:24,537.14
2022-03-29 16:01:29,527.1984916697387
2022-03-29 16:01:34,537.01
2022-03-29 16:01:39,536.92
2022-03-29 16:01:44,536.92
2022-03-29 16:01:49,536.85
2022-03-29 16:01:54,527.1841973243812
2022-03-29 16:01:59,536.73
2022-03-29 16:02:04,536.63
2022-03-29 16:02:09,536.56
2022-03-29 16:02:14,536.5
2022-03-29 16:02:19,536.47
2022-03-29 16:02:24,536.34
2022-03-29 16:02:29,527.1651458194782
2022-03-29 16:02:34,536.21
2022-03-29 16:02:39,527.159905396064
2022-03-29 16:02:44,536.11
2022-03-29 16:02:49,536.05
2022-03-29 16:02:54,535.99
2022-03-29 16:02:59,535.95
2022-03-29 16:03:04,535.83
2022-03-29 16:03:09,535.76
2022-03-29 16:03:14,535.7
2022-03-29 16:03:19,535.67
2022-03-29 16:03:24,535.6
2022-03-29 16:03:29,535.54
2022-03-29 16:03:34,535.44
2022-03-29 16:03:39,535.38
2022-03-29 16:03:44,535.32
2022-03-29 16:03:49,535.19
2022-03-29 16:03:54,535.15
2022-03-29 16:03:59,535.03
2022-03-29 16:04:04,534.96
2022-03-29 16:04:09,534.87
2022-03-29 16:04:14,534.87
2022-03-29 16:04:19,534.74
2022-03-29 16:04:24,534.64
2022-03-29 16:04:29,534.64
2022-03-29 16:04:34,534.52
2022-03-29 16:04:39,534.45
2022-03-29 16:04:44,534.45
2022-03-29 16:04:49,534.36
2022-03-29 16:04:54,534.29
2022-03-29 16:04:59,534.17
2022-03-29 16:05:04,534.13
2022-03-29 16:05:09,534.07
2022-03-29 16:05:14,534.0
2022-03-29 16:05:19,533.94
2022-03-29 16:05:24,533.84
2022-03-29 16:05:29,533.78
2022-03-29 16:05:34,533.65
2022-03-29 16:05:39,533.62
2022-03-29 16:05:44,533.56
2022-03-29 16:05:49,533.43
2022-03-29 16:05:54,533.39
2022-03-29 16:05:59,533.33
2022-03-29 16:06:04,533.27
2022-03-29 16:06:09,533.14
2022-03-29 16:06:14,533.14
2022-03-29 16:06:19,527.0661600840075
2022-03-29 16:06:24,533.04
2022-03-29 16:06:29,532.91
2022-03-29 16:06:34,532.88
2022-03-29 16:06:39,532.82
2022-03-29 16:06:44,532.69
2022-03-29 16:06:49,532.69
2022-03-29 16:06:54,532.62
2022-03-29 16:06:59,532.53
2022-03-29 16:07:04,532.53
2022-03-29 16:07:09,532.4
2022-03-29 16:07:14,532.37
2022-03-29 16:07:19,532.3
2022-03-29 16:07:24,532.3
2022-03-29 16:07:29,532.17
2022-03-29 16:07:34,527.0429840658171
2022-03-29 16:07:39,532.11
2022-03-29 16:07:44,532.07
2022-03-29 16:07:49,532.01
2022-03-29 16:07:54,531.94
2022-03-29 16:07:59,531.88
2022-03-29 16:08:04,531.88
2022-03-29 16:08:09,531.85
2022-03-29 16:08:14,531.85
2022-03-29 16:08:19,531.78
2022-03-29 16:08:24,531.78
2022-03-29 16:08:29,527.0285901032161
2022-03-29 16:08:34,527.0273869004541
2022-03-29 16:08:39,531.72
2022-03-29 16:08:44,531.72
2022-03-29 16:08:49,531.65
2022-03-29 16:08:54,531.59
2022-03-29 16:08:59,531.59
2022-03-29 16:09:04,531.59
2022-03-29 16:09:09,531.59
2022-03-29 16:09:14,531.55
2022-03-29 16:09:19,527.0173257992011
2022-03-29 16:09:24,531.55
2022-03-29 16:09:29,531.55
2022-03-29 16:09:34,531.49
2022-03-29 16:09:39,531.49
2022-03-29 16:09:44,531.42
2022-03-29 16:09:49,527.0113691154257
2022-03-29 16:09:54,531.49
2022-03-29 16:09:59,531.49
2022-03-29 16:10:04,531.42
2022-03-29 16:10:09,531.49
2022-03-29 16:10:14,527.0068509927055
2022-03-29 16:10:19,531.55
2022-03-29 16:10:24,531.48
2022-03-29 16:10:29,527.0043306732473
2022-03-29 16:10:34,531.55
2022-03-29 16:10:39,527.0027286768376
2022-03-29 16:10:44,531.54
2022-03-29 16:10:49,531.57
2022-03-29 16:10:54,531.57
2022-03-29 16:10:59,531.64
2022-03-29 16:11:04,531.57
2022-03-29 16:11:09,531.64
2022-03-29 16:11:14,531.7
2022-03-29 16:11:19,531.7
2022-03-29 16:11:24,531.77
2022-03-29 16:11:29,531.77
2022-03-29 16:11:34,531.83
2022-03-29 16:11:39,531.83
2022-03-29 16:11:44,531.86
2022-03-29 16:11:49,531.86
2022-03-29 16:11:54,531.93
2022-03-29 16:11:59,531.93
2022-03-29 16:12:04,532.0
2022-03-29 16:12:09,526.9910287177631
2022-03-29 16:12:14,532.06
2022-03-29 16:12:19,526.9900203303789
2022-03-29 16:12:24,532.09
2022-03-29 16:12:29,532.22
2022-03-29 16:12:34,532.29
2022-03-29 16:12:39,532.28
2022-03-29 16:12:44,532.35
2022-03-29 16:12:49,532.35
2022-03-29 16:12:54,526.986930168261
2022-03-29 16:12:59,526.9865435423537
2022-03-29 16:13:04,532.51
2022-03-29 16:13:09,532.58
2022-03-29 16:13:14,532.61
2022-03-29 16:13:19,532.67
2022-03-29 16:13:24,532.74
2022-03-29 16:13:29,532.81
2022-03-29 16:13:34,532.81
2022-03-29 16:13:39,532.87
2022-03-29 16:13:44,526.983662630254
2022-03-29 16:13:49,532.97
2022-03-29 16:13:54,533.03
2022-03-29 16:13:59,533.1
2022-03-29 16:14:04,533.13
2022-03-29 16:14:09,533.19
2022-03-29 16:14:14,533.26
2022-03-29 16:14:19,533.26
2022-03-29 16:14:24,526.9819776424265
2022-03-29 16:14:29,533.39
2022-03-29 16:14:34,533.42
2022-03-29 16:14:39,533.49
2022-03-29 16:14:44,533.55
2022-03-29 16:14:49,533.62
2022-03-29 16:14:54,533.71
2022-03-29 16:14:59,533.71
2022-03-29 16:15:04,526.9810791662092
2022-03-29 16:15:09,533.85
2022-03-29 16:15:14,533.91
2022-03-29 16:15:19,533.94
2022-03-29 16:15:24,534.01
2022-03-29 16:15:29,534.07
2022-03-29 16:15:34,534.14
2022-03-29 16:15:39,534.17
2022-03-29 16:15:44,534.23
2022-03-29 16:15:49,534.23
2022-03-29 16:15:54,534.3
2022-03-29 16:15:59,534.36
2022-03-29 16:16:04,534.46
2022-03-29 16:16:09,534.46
2022-03-29 16:16:14,534.46
2022-03-29 16:16:19,534.52
2022-03-29 16:16:24,534.59
2022-03-29 16:16:29,534.65
2022-03-29 16:16:34,534.65
2022-03-29 16:16:39,534.69
2022-03-29 16:16:44,526.9821224694338
2022-03-29 16:16:49,526.9823038373542
2022-03-29 16:16:54,534.82
2022-03-29 16:16:59,534.88
2022-03-29 16:17:04,534.94
2022-03-29 16:17:09,534.98
2022-03-29 16:17:14,535.04
2022-03-29 16:17:19,535.1
2022-03-29 16:17:24,535.11
2022-03-29 16:17:29,535.17
2022-03-29 16:17:34,535.2
2022-03-29 16:17:39,535.27
2022-03-29 16:17:44,535.39
2022-03-29 16:17:49,535.39
2022-03-29 16:17:54,535.39
2022-03-29 16:17:59,535.46
2022-03-29 16:18:04,535.55
2022-03-29 16:18:09,535.62
2022-03-29 16:18:14,535.68
2022-03-29 16:18:19,535.68
2022-03-29 16:18:24,535.71
2022-03-29 16:18:29,535.78
2022-03-29 16:18:34,526.989390467712
2022-03-29 16:18:39,535.91
2022-03-29 16:18:44,535.91
2022-03-29 16:18:49,526.9909550298999
2022-03-29 16:18:54,536.06
2022-03-29 16:18:59,526.9920807358623
2022-03-29 16:19:04,536.13
2022-03-29 16:19:09,526.9932738596929
2022-03-29 16:19:14,536.19
2022-03-29 16:19:19,536.23
2022-03-29 16:19:24,536.22
2022-03-29 16:19:29,526.9958667710104
2022-03-29 16:19:34,536.29
2022-03-29 16:19:39,536.29
2022-03-29 16:19:44,536.35
2022-03-29 16:19:49,536.35
2022-03-29 16:19:54,536.41
2022-03-29 16:19:59,536.41
2022-03-29 16:20:04,536.41
2022-03-29 16:20:09,536.48
2022-03-29 16:20:14,536.48
2022-03-29 16:20:19,536.51
2022-03-29 16:20:24,536.48
2022-03-29 16:20:29,527.005378195147
2022-03-29 16:20:34,536.51
2022-03-29 16:20:39,536.51
2022-03-29 16:20:44,527.0081817889552
2022-03-29 16:20:49,536.47
2022-03-29 16:20:54,527.0101493646215
2022-03-29 16:20:59,536.51
2022-03-29 16:21:04,536.51
2022-03-29 16:21:09,536.5
2022-03-29 16:21:14,527.0143259087687
2022-03-29 16:21:19,536.57
2022-03-29 16:21:24,536.57
2022-03-29 16:21:29,527.0176738767366
2022-03-29 16:21:34,536.57
2022-03-29 16:21:39,527.0200105701448
2022-03-29 16:21:44,536.64
2022-03-29 16:21:49,536.63
2022-03-29 16:21:54,536.7
2022-03-29 16:21:59,536.73
2022-03-29 16:22:04,536.73
2022-03-29 16:22:09,536.7
2022-03-29 16:22:14,536.7
2022-03-29 16:22:19,536.73
2022-03-29 16:22:24,536.73
2022-03-29 16:22:29,536.73
2022-03-29 16:22:34,536.73
2022-03-29 16:22:39,536.73
2022-03-29 16:22:44,536.8
2022-03-29 16:22:49,536.8
2022-03-29 16:22:54,536.8
2022-03-29 16:22:59,536.8
2022-03-29 16:23:04,536.86
2022-03-29 16:23:09,536.8
2022-03-29 16:23:14,536.73
2022-03-29 16:23:19,536.73
2022-03-29 16:23:24,536.8
2022-03-29 16:23:29,536.73
2022-03-29 16:23:34,536.8
2022-03-29 16:23:39,527.0550007396382
2022-03-29 16:23:44,536.8
2022-03-29 16:23:49,536.8
2022-03-29 16:23:54,536.8
2022-03-29 16:23:59,527.0621570191829
2022-03-29 16:24:04,536.81
2022-03-29 16:24:09,527.0658853475841
2022-03-29 16:24:14,536.8
2022-03-29 16:24:19,536.74
2022-03-29 16:24:24,536.81
2022-03-29 16:24:29,536.74
2022-03-29 16:24:34,527.0756530618271
2022-03-29 16:24:39,527.0776843174584
2022-03-29 16:24:44,536.74
2022-03-29 16:24:49,536.74
2022-03-29 16:24:54,536.75
2022-03-29 16:24:59,536.81
2022-03-29 16:25:04,536.81
2022-03-29 16:25:09,527.0904274171114
2022-03-29 16:25:14,536.81
2022-03-29 16:25:19,527.0948900686735
2022-03-29 16:25:24,536.81
2022-03-29 16:25:29,536.81
2022-03-29 16:25:34,536.81
2022-03-29 16:25:39,536.81
2022-03-29 16:25:44,536.82
2022-03-29 16:25:49,536.82
2022-03-29 16:25:54,536.82
2022-03-29 16:25:59,536.75
2022-03-29 16:26:04,536.75
2022-03-29 16:26:09,536.66
2022-03-29 16:26:14,536.72
2022-03-29 16:26:19,536.66
2022-03-29 16:26:24,536.66
2022-03-29 16:26:29,536.66
2022-03-29 16:26:34,536.59
2022-03-29 16:26:39,536.53
2022-03-29 16:26:44,527.1373474187858
2022-03-29 16:26:49,536.53
2022-03-29 16:26:54,536.5
2022-03-29 16:26:59,536.5
2022-03-29 16:27:04,536.37
2022-03-29 16:27:09,536.37
2022-03-29 16:27:14,536.37
2022-03-29 16:27:19,536.37
2022-03-29 16:27:24,536.31
2022-03-29 16:27:29,536.24
2022-03-29 16:27:34,536.21
2022-03-29 16:27:39,536.21
2022-03-29 16:27:44,536.15
2022-03-29 16:27:49,527.1755648526276
2022-03-29 16:27:54,536.02
2022-03-29 16:27:59,535.99
2022-03-29 16:28:04,527.1851283416371
2022-03-29 16:28:09,527.1883797399669
2022-03-29 16:28:14,535.86
2022-03-29 16:28:19,535.79
2022-03-29 16:28:24,535.73
2022-03-29 16:28:29,535.73
2022-03-29 16:28:34,535.63
2022-03-29 16:28:39,535.57
2022-03-29 16:28:44,535.5
2022-03-29 16:28:49,527.2155550077189
2022-03-29 16:28:54,535.41
2022-03-29 16:28:59,535.34
2022-03-29 16:29:04,535.28
2022-03-29 16:29:09,535.18
2022-03-29 16:29:14,535.18
2022-03-29 16:29:19,535.04
2022-03-29 16:29:24,534.98
2022-03-29 16:29:29,534.98
2022-03-29 16:29:34,534.89
2022-03-29 16:29:39,534.89
2022-03-29 16:29:44,534.82
2022-03-29 16:29:49,527.2603135952368
2022-03-29 16:29:54,534.69
2022-03-29 16:29:59,534.69
2022-03-29 16:30:04,534.66
2022-03-29 16:30:09,534.66
2022-03-29 16:30:14,534.6
2022-03-29 16:30:19,534.53
2022-03-29 16:30:24,534.46
2022-03-29 16:30:29,527.29283093129
2022-03-29 16:30:34,534.47
2022-03-29 16:30:39,534.37
2022-03-29 16:30:44,534.37
2022-03-29 16:30:49,534.37
2022-03-29 16:30:54,534.3
2022-03-29 16:30:59,534.3
2022-03-29 16:31:04,534.24
2022-03-29 16:31:09,534.17
2022-03-29 16:31:14,534.17
2022-03-29 16:31:19,534.14
2022-03-29 16:31:24,534.14
2022-03-29 16:31:29,534.08
2022-03-29 16:31:34,534.08
2022-03-29 16:31:39,534.01
2022-03-29 16:31:44,534.01
2022-03-29 16:31:49,534.01
2022-03-29 16:31:54,533.95
2022-03-29 16:31:59,533.95
2022-03-29 16:32:04,533.95
2022-03-29 16:32:09,533.91
2022-03-29 16:32:14,533.91
2022-03-29 16:32:19,533.92
2022-03-29 16:32:24,533.85
2022-03-29 16:32:29,533.79
2022-03-29 16:32:34,533.79
2022-03-29 16:32:39,533.79
2022-03-29 16:32:44,533.79
2022-03-29 16:32:49,533.72
2022-03-29 16:32:54,533.72
2022-03-29 16:32:59,533.72
2022-03-29 16:33:04,533.73
2022-03-29 16:33:09,533.66
2022-03-29 16:33:14,533.63
2022-03-29 16:33:19,533.66
2022-03-29 16:33:24,533.63
2022-03-29 16:33:29,533.57
2022-03-29 16:33:34,533.57
2022-03-29 16:33:39,533.57
2022-03-29 16:33:44,533.5
2022-03-29 16:33:49,533.5
2022-03-29 16:33:54,533.5
2022-03-29 16:33:59,533.44
2022-03-29 16:34:04,533.44
2022-03-29 16:34:09,533.44
2022-03-29 16:34:14,533.44
2022-03-29 16:34:19,527.5093140697386
2022-03-29 16:34:24,533.41
2022-03-29 16:34:29,533.41
2022-03-29 16:34:34,533.35
2022-03-29 16:34:39,533.41
2022-03-29 16:34:44,533.35
2022-03-29 16:34:49,533.35
2022-03-29 16:34:54,533.35
2022-03-29 16:34:59,533.35
2022-03-29 16:35:04,533.36
2022-03-29 16:35:09,533.29
2022-03-29 16:35:14,533.29
2022-03-29 16:35:19,533.29
2022-03-29 16:35:24,527.575429632382
2022-03-29 16:35:29,533.23
2022-03-29 16:35:34,533.23
2022-03-29 16:35:39,533.29
2022-03-29 16:35:44,533.23
2022-03-29 16:35:49,533.23
2022-03-29 16:35:54,533.3
2022-03-29 16:35:59,533.23
2022-03-29 16:36:04,533.23
2022-03-29 16:36:09,533.23
2022-03-29 16:36:14,533.23
2022-03-29 16:36:19,533.24
2022-03-29 16:36:24,533.17
2022-03-29 16:36:29,533.17
2022-03-29 16:36:34,533.17
2022-03-29 16:36:39,527.6518938486247
2022-03-29 16:36:44,527.6569605015105
2022-03-29 16:36:49,533.17
2022-03-29 16:36:54,533.17
2022-03-29 16:36:59,533.17
2022-03-29 16:37:04,533.17
2022-03-29 16:37:09,533.14
2022-03-29 16:37:14,533.17
2022-03-29 16:37:19,533.14
2022-03-29 16:37:24,533.17
2022-03-29 16:37:29,533.14
2022-03-29 16:37:34,533.14
2022-03-29 16:37:39,527.7121486335681
2022-03-29 16:37:44,527.7171035096698
2022-03-29 16:37:49,533.08
2022-03-29 16:37:54,533.08
2022-03-29 16:37:59,533.08
2022-03-29 16:38:04,533.08
2022-03-29 16:38:09,533.08
2022-03-29 16:38:14,533.08
2022-03-29 16:38:19,533.01
2022-03-29 16:38:24,533.02
2022-03-29 16:38:29,533.01
2022-03-29 16:38:34,532.95
2022-03-29 16:38:39,533.02
2022-03-29 16:38:44,533.02
2022-03-29 16:38:49,533.01
2022-03-29 16:38:54,533.01
2022-03-29 16:38:59,533.01
2022-03-29 16:39:04,532.95
2022-03-29 16:39:09,533.01
2022-03-29 16:39:14,532.91
2022-03-29 16:39:19,533.01
2022-03-29 16:39:24,532.95
2022-03-29 16:39:29,532.95
2022-03-29 16:39:34,532.91
2022-03-29 16:39:39,532.95
2022-03-29 16:39:44,532.95
2022-03-29 16:39:49,532.95
2022-03-29 16:39:54,527.8401222799445
2022-03-29 16:39:59,532.95
2022-03-29 16:40:04,532.91
2022-03-29 16:40:09,532.91
2022-03-29 16:40:14,532.95
2022-03-29 16:40:19,532.94
2022-03-29 16:40:24,533.01
2022-03-29 16:40:29,532.91
2022-03-29 16:40:34,527.8749502005004
2022-03-29 16:40:39,532.91
2022-03-29 16:40:44,532.91
2022-03-29 16:40:49,532.91
2022-03-29 16:40:54,532.91
2022-03-29 16:40:59,532.91
2022-03-29 16:41:04,532.91
2022-03-29 16:41:09,532.91
2022-03-29 16:41:14,532.85
2022-03-29 16:41:19,527.9118959848038
2022-03-29 16:41:24,532.78
2022-03-29 16:41:29,532.78
2022-03-29 16:41:34,532.72
2022-03-29 16:41:39,532.78
2022-03-29 16:41:44,532.72
2022-03-29 16:41:49,532.72
2022-03-29 16:41:54,532.72
2022-03-29 16:41:59,532.72
2022-03-29 16:42:04,532.65
2022-03-29 16:42:09,532.65
2022-03-29 16:42:14,532.65
2022-03-29 16:42:19,532.66
2022-03-29 16:42:24,532.62
2022-03-29 16:42:29,532.62
2022-03-29 16:42:34,532.62
2022-03-29 16:42:39,532.62
2022-03-29 16:42:44,532.62
2022-03-29 16:42:49,532.56
2022-03-29 16:42:54,532.56
2022-03-29 16:42:59,532.56
2022-03-29 16:43:04,532.56
2022-03-29 16:43:09,532.56
2022-03-29 16:43:14,532.5
2022-03-29 16:43:19,532.5
2022-03-29 16:43:24,532.5
2022-03-29 16:43:29,532.5
2022-03-29 16:43:34,532.43
2022-03-29 16:43:39,532.44
2022-03-29 16:43:44,532.44
2022-03-29 16:43:49,532.4
2022-03-29 16:43:54,532.34
2022-03-29 16:43:59,532.34
2022-03-29 16:44:04,532.34
2022-03-29 16:44:09,532.28
2022-03-29 16:44:14,532.28
2022-03-29 16:44:19,528.0291036813613
2022-03-29 16:44:24,532.16
2022-03-29 16:44:29,532.22
2022-03-29 16:44:34,532.16
2022-03-29 16:44:39,532.16
2022-03-29 16:44:44,532.16
2022-03-29 16:44:49,532.13
2022-03-29 16:44:54,528.0455047922286
2022-03-29 16:44:59,532.07
2022-03-29 16:45:04,532.07
2022-03-29 16:45:09,532.07
2022-03-29 16:45:14,532.07
2022-03-29 16:45:19,532.01
2022-03-29 16:45:24,532.01
2022-03-29 16:45:29,531.94
2022-03-29 16:45:34,531.94
2022-03-29 16:45:39,531.94
2022-03-29 16:45:44,531.95
2022-03-29 16:45:49,531.95
2022-03-29 16:45:54,531.95
2022-03-29 16:45:59,531.95
2022-03-29 16:46:04,531.92
2022-03-29 16:46:09,528.0758236543035
2022-03-29 16:46:14,531.92
2022-03-29 16:46:19,528.0795261048451
2022-03-29 16:46:24,531.95
2022-03-29 16:46:29,531.92
2022-03-29 16:46:34,531.92
2022-03-29 16:46:39,531.92
2022-03-29 16:46:44,531.92
2022-03-29 16:46:49,531.92
2022-03-29 16:46:54,528.0921458420338
2022-03-29 16:46:59,531.93
2022-03-29 16:47:04,531.93
2022-03-29 16:47:09,531.93
2022-03-29 16:47:14,531.92
2022-03-29 16:47:19,531.93
2022-03-29 16:47:24,531.93
2022-03-29 16:47:29,531.93
2022-03-29 16:47:34,531.96
2022-03-29 16:47:39,528.1080960641626
2022-03-29 16:47:44,531.93
2022-03-29 16:47:49,531.96
2022-03-29 16:47:54,531.96
2022-03-29 16:47:59,531.93
2022-03-29 16:48:04,531.96
2022-03-29 16:48:09,531.96
2022-03-29 16:48:14,531.96
2022-03-29 16:48:19,531.96
2022-03-29 16:48:24,531.96
2022-03-29 16:48:29,528.1264071500007
2022-03-29 16:48:34,532.03
2022-03-29 16:48:39,528.1302408119734
2022-03-29 16:48:44,532.03
2022-03-29 16:48:49,532.03
2022-03-29 16:48:54,528.1361418031183
2022-03-29 16:48:59,532.03
2022-03-29 16:49:04,532.09
2022-03-29 16:49:09,532.03
2022-03-29 16:49:14,532.09
2022-03-29 16:49:19,532.09
2022-03-29 16:49:24,528.1486000101581
2022-03-29 16:49:29,532.09
2022-03-29 16:49:34,532.16
2022-03-29 16:49:39,528.1552196431157
2022-03-29 16:49:44,532.09
2022-03-29 16:49:49,532.09
2022-03-29 16:49:54,532.09
2022-03-29 16:49:59,532.09
2022-03-29 16:50:04,532.09
2022-03-29 16:50:09,532.02
2022-03-29 16:50:14,532.09
2022-03-29 16:50:19,532.02
2022-03-29 16:50:24,532.02
2022-03-29 16:50:29,528.1796412470109
2022-03-29 16:50:34,531.96
2022-03-29 16:50:39,531.96
2022-03-29 16:50:44,531.96
2022-03-29 16:50:49,531.96
2022-03-29 16:50:54,531.92
2022-03-29 16:50:59,531.93
2022-03-29 16:51:04,531.92
2022-03-29 16:51:09,531.92
2022-03-29 16:51:14,531.86
2022-03-29 16:51:19,531.86
2022-03-29 16:51:24,531.86
2022-03-29 16:51:29,531.8
2022-03-29 16:51:34,531.86
2022-03-29 16:51:39,531.86
2022-03-29 16:51:44,531.86
2022-03-29 16:51:49,531.86
2022-03-29 16:51:54,531.86
2022-03-29 16:51:59,531.86
2022-03-29 16:52:04,531.86
2022-03-29 16:52:09,531.86
2022-03-29 16:52:14,531.8
2022-03-29 16:52:19,531.86
2022-03-29 16:52:24,531.86
2022-03-29 16:52:29,531.86
2022-03-29 16:52:34,531.8
2022-03-29 16:52:39,531.8
2022-03-29 16:52:44,531.8
2022-03-29 16:52:49,531.86
2022-03-29 16:52:54,531.8
2022-03-29 16:52:59,531.8
2022-03-29 16:53:04,531.86
2022-03-29 16:53:09,531.86
2022-03-29 16:53:14,531.8
2022-03-29 16:53:19,531.87
2022-03-29 16:53:24,531.86
2022-03-29 16:53:29,531.93
2022-03-29 16:53:34,531.87
2022-03-29 16:53:39,531.8
2022-03-29 16:53:44,531.8
2022-03-29 16:53:49,531.87
2022-03-29 16:53:54,531.8
2022-03-29 16:53:59,531.8
2022-03-29 16:54:04,531.81
2022-03-29 16:54:09,531.74
2022-03-29 16:54:14,531.81
2022-03-29 16:54:19,531.81
2022-03-29 16:54:24,531.74
2022-03-29 16:54:29,528.3800388212087
2022-03-29 16:54:34,531.81
2022-03-29 16:54:39,531.81
2022-03-29 16:54:44,531.75
2022-03-29 16:54:49,528.4054371123941
2022-03-29 16:54:54,528.4120468345807
2022-03-29 16:54:59,531.88
2022-03-29 16:55:04,531.82
2022-03-29 16:55:09,531.88
2022-03-29 16:55:14,531.88
2022-03-29 16:55:19,528.4467141354306
2022-03-29 16:55:24,531.88
2022-03-29 16:55:29,531.88
2022-03-29 16:55:34,531.88
2022-03-29 16:55:39,531.88
2022-03-29 16:55:44,528.4841852077
2022-03-29 16:55:49,531.98
2022-03-29 16:55:54,531.95
2022-03-29 16:55:59,531.98
2022-03-29 16:56:04,531.95
2022-03-29 16:56:09,531.95
2022-03-29 16:56:14,531.99
2022-03-29 16:56:19,531.99
2022-03-29 16:56:24,531.99
2022-03-29 16:56:29,531.96
2022-03-29 16:56:34,531.99
2022-03-29 16:56:39,531.99
2022-03-29 16:56:44,531.99
2022-03-29 16:56:49,531.99
2022-03-29 16:56:54,531.96
2022-03-29 16:56:59,531.99
2022-03-29 16:57:04,531.99
2022-03-29 16:57:09,531.99
2022-03-29 16:57:14,532.05
2022-03-29 16:57:19,531.99
2022-03-29 16:57:24,531.99
2022-03-29 16:57:29,531.99
2022-03-29 16:57:34,532.05
2022-03-29 16:57:39,531.99
2022-03-29 16:57:44,531.96
2022-03-29 16:57:49,531.99
2022-03-29 16:57:54,531.96
2022-03-29 16:57:59,531.96
2022-03-29 16:58:04,531.89
2022-03-29 16:58:09,531.96
2022-03-29 16:58:14,531.96
2022-03-29 16:58:19,531.89
2022-03-29 16:58:24,531.89
2022-03-29 16:58:29,531.89
2022-03-29 16:58:34,528.824444015471
2022-03-29 16:58:39,531.89
2022-03-29 16:58:44,531.89
2022-03-29 16:58:49,531.89
2022-03-29 16:58:54,531.83
2022-03-29 16:58:59,531.83
2022-03-29 16:59:04,531.83
2022-03-29 16:59:09,531.83
2022-03-29 16:59:14,531.83
2022-03-29 16:59:19,531.89
2022-03-29 16:59:24,528.9557778829055
2022-03-29 16:59:29,531.76
2022-03-29 16:59:34,531.82
2022-03-29 16:59:39,531.76
2022-03-29 16:59:44,529.0123167472284
2022-03-29 16:59:49,529.026805646941
2022-03-29 16:59:54,531.76
2022-03-29 16:59:59,531.69
2022-03-29 17:00:04,531.69
2022-03-29 17:00:09,531.7
2022-03-29 17:00:14,529.1013615113432
2022-03-29 17:00:19,531.66
2022-03-29 17:00:24,531.66
2022-03-29 17:00:29,531.66
2022-03-29 17:00:34,531.66
2022-03-29 17:00:39,531.66
2022-03-29 17:00:44,531.59
2022-03-29 17:00:49,531.66
2022-03-29 17:00:54,531.66
2022-03-29 17:00:59,531.69
2022-03-29 17:01:04,529.2609201817106
2022-03-29 17:01:09,531.59
2022-03-29 17:01:14,531.59
2022-03-29 17:01:19,531.59
2022-03-29 17:01:24,531.59
2022-03-29 17:01:29,531.53
2022-03-29 17:01:34,531.52
2022-03-29 17:01:39,531.59
2022-03-29 17:01:44,531.53
2022-03-29 17:01:49,531.46
2022-03-29 17:01:54,531.52
2022-03-29 17:01:59,529.4522480153304
2022-03-29 17:02:04,531.46
2022-03-29 17:02:09,531.46
2022-03-29 17:02:14,531.53
2022-03-29 17:02:19,531.52
2022-03-29 17:02:24,529.5445964427067
2022-03-29 17:02:29,531.46
2022-03-29 17:02:34,531.53
2022-03-29 17:02:39,531.46
2022-03-29 17:02:44,531.46
2022-03-29 17:02:49,531.46
2022-03-29 17:02:54,531.53
2022-03-29 17:02:59,531.53
2022-03-29 17:03:04,531.53
2022-03-29 17:03:09,531.53
2022-03-29 17:03:14,531.53
2022-03-29 17:03:19,531.46
2022-03-29 17:03:24,531.46
2022-03-29 17:03:29,531.46
2022-03-29 17:03:34,531.47
2022-03-29 17:03:39,531.53
2022-03-29 17:03:44,531.43
2022-03-29 17:03:49,531.47
2022-03-29 17:03:54,531.47
2022-03-29 17:03:59,531.47
2022-03-29 17:04:04,531.44
2022-03-29 17:04:09,529.9682617552057
2022-03-29 17:04:14,531.37
2022-03-29 17:04:19,531.37
2022-03-29 17:04:24,531.31
2022-03-29 17:04:29,531.25
2022-03-29 17:04:34,531.31
2022-03-29 17:04:39,530.0996941770252
2022-03-29 17:04:44,531.25
2022-03-29 17:04:49,531.19
2022-03-29 17:04:54,531.15
2022-03-29 17:04:59,531.15
2022-03-29 17:05:04,531.15
2022-03-29 17:05:09,531.09
2022-03-29 17:05:14,531.02
2022-03-29 17:05:19,531.02
2022-03-29 17:05:24,531.03
2022-03-29 17:05:29,530.96
2022-03-29 17:05:34,530.93
2022-03-29 17:05:39,530.93
2022-03-29 17:05:44,530.87
2022-03-29 17:05:49,530.4237939093302
2022-03-29 17:05:54,530.81
2022-03-29 17:05:59,530.74
2022-03-29 17:06:04,530.68
2022-03-29 17:06:09,530.68
2022-03-29 17:06:14,530.68
2022-03-29 17:06:19,530.68
2022-03-29 17:06:24,530.65
2022-03-29 17:06:29,530.58
2022-03-29 17:06:34,530.58
2022-03-29 17:06:39,530.58
2022-03-29 17:06:44,530.58
2022-03-29 17:06:49,530.52
2022-03-29 17:06:54,530.52
2022-03-29 17:06:59,530.45
2022-03-29 17:07:04,530.45
2022-03-29 17:07:09,530.45
2022-03-29 17:07:14,530.46
2022-03-29 17:07:19,530.42
2022-03-29 17:07:24,530.36
2022-03-29 17:07:29,530.9278637600179
2022-03-29 17:07:34,530.43
2022-03-29 17:07:39,530.36
2022-03-29 17:07:44,530.3
2022-03-29 17:07:49,531.0343088515156
2022-03-29 17:07:54,531.061207688647
2022-03-29 17:07:59,530.3
2022-03-29 17:08:04,530.23
2022-03-29 17:08:09,530.23
2022-03-29 17:08:14,530.23
2022-03-29 17:08:19,530.23
2022-03-29 17:08:24,530.23
2022-03-29 17:08:29,530.17
2022-03-29 17:08:34,530.17
2022-03-29 17:08:39,530.17
2022-03-29 17:08:44,530.14
2022-03-29 17:08:49,530.23
2022-03-29 17:08:54,530.17
2022-03-29 17:08:59,530.17
2022-03-29 17:09:04,530.17
2022-03-29 17:09:09,530.17
2022-03-29 17:09:14,530.07
2022-03-29 17:09:19,530.14
2022-03-29 17:09:24,530.14
2022-03-29 17:09:29,530.13
2022-03-29 17:09:34,530.14
2022-03-29 17:09:39,530.14
2022-03-29 17:09:44,530.14
2022-03-29 17:09:49,530.07
2022-03-29 17:09:54,530.13
2022-03-29 17:09:59,530.07
2022-03-29 17:10:04,530.07
2022-03-29 17:10:09,530.07
2022-03-29 17:10:14,530.07
2022-03-29 17:10:19,530.13
2022-03-29 17:10:24,530.07
2022-03-29 17:10:29,531.9504892603462
2022-03-29 17:10:34,530.07
2022-03-29 17:10:39,530.07
2022-03-29 17:10:44,530.07
2022-03-29 17:10:49,530.07
2022-03-29 17:10:54,530.07
2022-03-29 17:10:59,530.07
2022-03-29 17:11:04,530.07
2022-03-29 17:11:09,530.0
2022-03-29 17:11:14,530.0
2022-03-29 17:11:19,530.0
2022-03-29 17:11:24,529.94
2022-03-29 17:11:29,532.3225138521825
2022-03-29 17:11:34,529.94
2022-03-29 17:11:39,532.3859680578676
2022-03-29 17:11:44,532.4178484689289
2022-03-29 17:11:49,529.91
2022-03-29 17:11:54,529.84
2022-03-29 17:11:59,529.84
2022-03-29 17:12:04,529.84
2022-03-29 17:12:09,529.84
2022-03-29 17:12:14,529.78
2022-03-29 17:12:19,529.84
2022-03-29 17:12:24,529.78
2022-03-29 17:12:29,529.85
2022-03-29 17:12:34,529.78
2022-03-29 17:12:39,529.78
2022-03-29 17:12:44,529.84
2022-03-29 17:12:49,529.84
2022-03-29 17:12:54,529.78
2022-03-29 17:12:59,529.78
2022-03-29 17:13:04,529.85
2022-03-29 17:13:09,532.9734763573614
2022-03-29 17:13:14,529.85
2022-03-29 17:13:19,529.79
2022-03-29 17:13:24,529.91
2022-03-29 17:13:29,529.78
2022-03-29 17:13:34,529.85
2022-03-29 17:13:39,529.85
2022-03-29 17:13:44,529.85
2022-03-29 17:13:49,529.85
2022-03-29 17:13:54,533.274354578703
2022-03-29 17:13:59,529.85
2022-03-29 17:14:04,529.85
2022-03-29 17:14:09,529.92
2022-03-29 17:14:14,529.85
2022-03-29 17:14:19,529.86
2022-03-29 17:14:24,529.86
2022-03-29 17:14:29,529.86
2022-03-29 17:14:34,529.92
2022-03-29 17:14:39,529.92
2022-03-29 17:14:44,529.92
2022-03-29 17:14:49,529.96
2022-03-29 17:14:54,529.96
2022-03-29 17:14:59,529.96
2022-03-29 17:15:04,529.96
2022-03-29 17:15:09,530.02
2022-03-29 17:15:14,530.02
2022-03-29 17:15:19,530.02
2022-03-29 17:15:24,529.96
2022-03-29 17:15:29,530.16
2022-03-29 17:15:34,530.02
2022-03-29 17:15:39,530.09
2022-03-29 17:15:44,530.16
2022-03-29 17:15:49,530.19
2022-03-29 17:15:54,530.15
2022-03-29 17:15:59,530.19
2022-03-29 17:16:04,534.1402156602048
2022-03-29 17:16:09,530.25
2022-03-29 17:16:14,530.25
2022-03-29 17:16:19,530.25
2022-03-29 17:16:24,534.2700659125219
2022-03-29 17:16:29,530.38
2022-03-29 17:16:34,530.45
2022-03-29 17:16:39,530.45
2022-03-29 17:16:44,530.45
2022-03-29 17:16:49,530.45
2022-03-29 17:16:54,530.48
2022-03-29 17:16:59,530.48
2022-03-29 17:17:04,530.54
2022-03-29 17:17:09,530.48
2022-03-29 17:17:14,530.54
2022-03-29 17:17:19,530.54
2022-03-29 17:17:24,530.54
2022-03-29 17:17:29,530.48
2022-03-29 17:17:34,530.54
2022-03-29 17:17:39,530.61
2022-03-29 17:17:44,530.61
2022-03-29 17:17:49,530.61
2022-03-29 17:17:54,530.61
2022-03-29 17:17:59,530.67
2022-03-29 17:18:04,530.67
2022-03-29 17:18:09,530.61
2022-03-29 17:18:14,530.67
2022-03-29 17:18:19,530.7
2022-03-29 17:18:24,530.67
2022-03-29 17:18:29,530.67
2022-03-29 17:18:34,530.7
2022-03-29 17:18:39,530.7
2022-03-29 17:18:44,530.7
2022-03-29 17:18:49,530.7
2022-03-29 17:18:54,530.7
2022-03-29 17:18:59,535.2047614731167
2022-03-29 17:19:04,530.7
2022-03-29 17:19:09,530.76
2022-03-29 17:19:14,530.7
2022-03-29 17:19:19,530.7
2022-03-29 17:19:24,530.7
2022-03-29 17:19:29,530.7
2022-03-29 17:19:34,530.66
2022-03-29 17:19:39,530.7
2022-03-29 17:19:44,530.7
2022-03-29 17:19:49,530.7
2022-03-29 17:19:54,535.4926688898938
2022-03-29 17:19:59,530.66
2022-03-29 17:20:04,530.66
2022-03-29 17:20:09,530.66
2022-03-29 17:20:14,530.66
2022-03-29 17:20:19,535.6136139648839
2022-03-29 17:20:24,535.6369952297979
2022-03-29 17:20:29,530.53
2022-03-29 17:20:34,530.59
2022-03-29 17:20:39,530.46
2022-03-29 17:20:44,530.46
2022-03-29 17:20:49,530.46
2022-03-29 17:20:54,530.46
2022-03-29 17:20:59,530.43
2022-03-29 17:21:04,530.43
2022-03-29 17:21:09,530.37
2022-03-29 17:21:14,530.43
2022-03-29 17:21:19,530.36
2022-03-29 17:21:24,530.36
2022-03-29 17:21:29,530.3
2022-03-29 17:21:34,530.3
2022-03-29 17:21:39,530.3
2022-03-29 17:21:44,530.23
2022-03-29 17:21:49,530.23
2022-03-29 17:21:54,530.17
2022-03-29 17:21:59,530.17
2022-03-29 17:22:04,530.17
2022-03-29 17:22:09,530.17
2022-03-29 17:22:14,530.14
2022-03-29 17:22:19,530.07
2022-03-29 17:22:24,530.01
2022-03-29 17:22:29,530.01
2022-03-29 17:22:34,530.01
2022-03-29 17:22:39,529.95
2022-03-29 17:22:44,529.91
2022-03-29 17:22:49,529.92
2022-03-29 17:22:54,529.85
2022-03-29 17:22:59,536.2053785564208
2022-03-29 17:23:04,529.79
2022-03-29 17:23:09,529.72
2022-03-29 17:23:14,529.66
2022-03-29 17:23:19,529.66
2022-03-29 17:23:24,529.63
2022-03-29 17:23:29,529.56
2022-03-29 17:23:34,529.5
2022-03-29 17:23:39,536.2950742398589
2022-03-29 17:23:44,529.44
2022-03-29 17:23:49,529.34
2022-03-29 17:23:54,529.34
2022-03-29 17:23:59,529.28
2022-03-29 17:24:04,529.28
2022-03-29 17:24:09,529.15
2022-03-29 17:24:14,529.15
2022-03-29 17:24:19,529.12
2022-03-29 17:24:24,529.06
2022-03-29 17:24:29,528.99
2022-03-29 17:24:34,528.93
2022-03-29 17:24:39,528.93
2022-03-29 17:24:44,528.93
2022-03-29 17:24:49,528.9
2022-03-29 17:24:54,528.84
2022-03-29 17:24:59,528.83
2022-03-29 17:25:04,528.84
2022-03-29 17:25:09,528.77
2022-03-29 17:25:14,536.3958528389891
2022-03-29 17:25:19,528.71
2022-03-29 17:25:24,528.64
2022-03-29 17:25:29,528.64
2022-03-29 17:25:34,536.3951605746652
2022-03-29 17:25:39,528.61
2022-03-29 17:25:44,528.55
2022-03-29 17:25:49,528.55
2022-03-29 17:25:54,528.48
2022-03-29 17:25:59,536.3827932672533
2022-03-29 17:26:04,528.42
2022-03-29 17:26:09,528.32
2022-03-29 17:26:14,528.39
2022-03-29 17:26:19,536.3634458693876
2022-03-29 17:26:24,528.26
2022-03-29 17:26:29,528.19
2022-03-29 17:26:34,528.26
2022-03-29 17:26:39,528.13
2022-03-29 17:26:44,528.13
2022-03-29 17:26:49,528.1
2022-03-29 17:26:54,528.13
2022-03-29 17:26:59,528.13
2022-03-29 17:27:04,528.1
2022-03-29 17:27:09,528.1
2022-03-29 17:27:14,528.04
2022-03-29 17:27:19,528.04
2022-03-29 17:27:24,528.1
2022-03-29 17:27:29,528.04
2022-03-29 17:27:34,527.97
2022-03-29 17:27:39,528.04
2022-03-29 17:27:44,527.97
2022-03-29 17:27:49,527.91
2022-03-29 17:27:54,527.97
2022-03-29 17:27:59,527.97
2022-03-29 17:28:04,527.9
2022-03-29 17:28:09,527.9
2022-03-29 17:28:14,527.9
2022-03-29 17:28:19,527.97
2022-03-29 17:28:24,527.9
2022-03-29 17:28:29,527.9
2022-03-29 17:28:34,527.9
2022-03-29 17:28:39,536.0058821397854
2022-03-29 17:28:44,527.9
2022-03-29 17:28:49,527.9
2022-03-29 17:28:54,527.87
2022-03-29 17:28:59,527.8
2022-03-29 17:29:04,527.8
2022-03-29 17:29:09,527.8
2022-03-29 17:29:14,535.860784389258
2022-03-29 17:29:19,527.67
2022-03-29 17:29:24,527.67
2022-03-29 17:29:29,527.67
2022-03-29 17:29:34,527.61
2022-03-29 17:29:39,527.61
2022-03-29 17:29:44,527.57
2022-03-29 17:29:49,535.6955720922147
2022-03-29 17:29:54,535.6703915439634
2022-03-29 17:29:59,527.44
2022-03-29 17:30:04,527.44
2022-03-29 17:30:09,535.5925512454061
2022-03-29 17:30:14,527.37
2022-03-29 17:30:19,527.34
2022-03-29 17:30:24,527.34
2022-03-29 17:30:29,535.4835186513524
2022-03-29 17:30:34,527.37
2022-03-29 17:30:39,535.4268111613748
2022-03-29 17:30:44,527.27
2022-03-29 17:30:49,527.37
2022-03-29 17:30:54,527.34
2022-03-29 17:30:59,535.3091402200514
2022-03-29 17:31:04,527.37
2022-03-29 17:31:09,527.37
2022-03-29 17:31:14,535.2172626071807
2022-03-29 17:31:19,527.37
2022-03-29 17:31:24,527.43
2022-03-29 17:31:29,527.37
2022-03-29 17:31:34,527.43
2022-03-29 17:31:39,527.43
2022-03-29 17:31:44,527.43
2022-03-29 17:31:49,534.991316387731
2022-03-29 17:31:54,527.43
2022-03-29 17:31:59,527.43
2022-03-29 17:32:04,527.43
2022-03-29 17:32:09,527.43
2022-03-29 17:32:14,527.37
2022-03-29 17:32:19,527.43
2022-03-29 17:32:24,527.37
2022-03-29 17:32:29,527.37
2022-03-29 17:32:34,527.43
2022-03-29 17:32:39,527.43
2022-03-29 17:32:44,527.37
2022-03-29 17:32:49,534.5689530273017
2022-03-29 17:32:54,534.5318958879002
2022-03-29 17:32:59,527.37
2022-03-29 17:33:04,527.34
2022-03-29 17:33:09,527.37
2022-03-29 17:33:14,527.34
2022-03-29 17:33:19,527.34
2022-03-29 17:33:24,534.3039635597254
2022-03-29 17:33:29,527.34
2022-03-29 17:33:34,534.2259326415239
2022-03-29 17:33:39,527.21
2022-03-29 17:33:44,527.21
2022-03-29 17:33:49,527.21
2022-03-29 17:33:54,527.15
2022-03-29 17:33:59,527.08
2022-03-29 17:34:04,527.15
2022-03-29 17:34:09,527.05
2022-03-29 17:34:14,527.05
2022-03-29 17:34:19,527.05
2022-03-29 17:34:24,533.8215148052363
2022-03-29 17:34:29,526.99
2022-03-29 17:34:34,526.92
2022-03-29 17:34:39,526.92
2022-03-29 17:34:44,526.92
2022-03-29 17:34:49,533.6110629891224
2022-03-29 17:34:54,526.82
2022-03-29 17:34:59,526.82
2022-03-29 17:35:04,526.83
2022-03-29 17:35:09,526.83
2022-03-29 17:35:14,526.86
2022-03-29 17:35:19,526.76
2022-03-29 17:35:24,526.76
2022-03-29 17:35:29,526.76
2022-03-29 17:35:34,526.76
2022-03-29 17:35:39,526.76
2022-03-29 17:35:44,526.83
2022-03-29 17:35:49,526.7
2022-03-29 17:35:54,526.76
2022-03-29 17:35:59,526.76
2022-03-29 17:36:04,526.76
2022-03-29 17:36:09,526.69
2022-03-29 17:36:14,526.76
2022-03-29 17:36:19,526.76
2022-03-29 17:36:24,526.76
2022-03-29 17:36:29,526.69
2022-03-29 17:36:34,526.69
2022-03-29 17:36:39,526.76
2022-03-29 17:36:44,532.5850967059391
2022-03-29 17:36:49,526.69
2022-03-29 17:36:54,526.63
2022-03-29 17:36:59,526.69
2022-03-29 17:37:04,532.3987803868259
2022-03-29 17:37:09,526.69
2022-03-29 17:37:14,526.69
2022-03-29 17:37:19,526.69
2022-03-29 17:37:24,526.63
2022-03-29 17:37:29,532.1633571183396
2022-03-29 17:37:34,526.69
2022-03-29 17:37:39,532.068482485035
2022-03-29 17:37:44,526.69
2022-03-29 17:37:49,526.75
2022-03-29 17:37:54,526.75
2022-03-29 17:37:59,526.75
2022-03-29 17:38:04,526.75
2022-03-29 17:38:09,526.82
2022-03-29 17:38:14,531.7337119120311
2022-03-29 17:38:19,526.75
2022-03-29 17:38:24,526.81
2022-03-29 17:38:29,526.81
2022-03-29 17:38:34,526.81
2022-03-29 17:38:39,531.4924522205713
2022-03-29 17:38:44,526.84
2022-03-29 17:38:49,526.91
2022-03-29 17:38:54,526.91
2022-03-29 17:38:59,526.91
2022-03-29 17:39:04,526.97
2022-03-29 17:39:09,527.03
2022-03-29 17:39:14,527.03
2022-03-29 17:39:19,527.03
2022-03-29 17:39:24,527.13
2022-03-29 17:39:29,531.0063265409752
2022-03-29 17:39:34,527.12
2022-03-29 17:39:39,527.19
2022-03-29 17:39:44,527.19
2022-03-29 17:39:49,530.8110904004725
2022-03-29 17:39:54,527.26
2022-03-29 17:39:59,527.32
2022-03-29 17:40:04,527.32
2022-03-29 17:40:09,527.35
2022-03-29 17:40:14,527.35
2022-03-29 17:40:19,527.41
2022-03-29 17:40:24,527.41
2022-03-29 17:40:29,527.47
2022-03-29 17:40:34,527.53
2022-03-29 17:40:39,527.53
2022-03-29 17:40:44,527.53
2022-03-29 17:40:49,527.57
2022-03-29 17:40:54,527.69
2022-03-29 17:40:59,527.69
2022-03-29 17:41:04,527.69
2022-03-29 17:41:09,527.76
2022-03-29 17:41:14,527.82
2022-03-29 17:41:19,527.82
2022-03-29 17:41:24,527.85
2022-03-29 17:41:29,527.85
2022-03-29 17:41:34,527.91
2022-03-29 17:41:39,527.98
2022-03-29 17:41:44,529.6887687364765
2022-03-29 17:41:49,528.04
2022-03-29 17:41:54,528.04
2022-03-29 17:41:59,528.14
2022-03-29 17:42:04,528.14
2022-03-29 17:42:09,528.14
2022-03-29 17:42:14,528.14
2022-03-29 17:42:19,528.27
2022-03-29 17:42:24,528.2
2022-03-29 17:42:29,528.27
2022-03-29 17:42:34,528.27
2022-03-29 17:42:39,528.33
2022-03-29 17:42:44,528.33
2022-03-29 17:42:49,528.43
2022-03-29 17:42:54,529.0085819507677
2022-03-29 17:42:59,528.43
2022-03-29 17:43:04,528.49
2022-03-29 17:43:09,528.8633016135482
2022-03-29 17:43:14,528.56
2022-03-29 17:43:19,528.56
2022-03-29 17:43:24,528.59
2022-03-29 17:43:29,528.66
2022-03-29 17:43:34,528.66
2022-03-29 17:43:39,528.66
2022-03-29 17:43:44,528.72
2022-03-29 17:43:49,528.72
2022-03-29 17:43:54,528.4287128490198
2022-03-29 17:43:59,528.79
2022-03-29 17:44:04,528.85
2022-03-29 17:44:09,528.85
2022-03-29 17:44:14,528.88
2022-03-29 17:44:19,528.95
2022-03-29 17:44:24,528.95
2022-03-29 17:44:29,529.01
2022-03-29 17:44:34,528.95
2022-03-29 17:44:39,529.08
2022-03-29 17:44:44,529.08
2022-03-29 17:44:49,529.08
2022-03-29 17:44:54,527.8527183844383
2022-03-29 17:44:59,529.18
2022-03-29 17:45:04,529.18
2022-03-29 17:45:09,529.24
2022-03-29 17:45:14,527.6617398708696
2022-03-29 17:45:19,529.37
2022-03-29 17:45:24,529.4
2022-03-29 17:45:29,529.4
2022-03-29 17:45:34,529.47
2022-03-29 17:45:39,529.47
2022-03-29 17:45:44,529.53
2022-03-29 17:45:49,529.6
2022-03-29 17:45:54,529.63
2022-03-29 17:45:59,527.2341611402805
2022-03-29 17:46:04,529.69
2022-03-29 17:46:09,527.1395720355257
2022-03-29 17:46:14,529.69
2022-03-29 17:46:19,527.0451479143827
2022-03-29 17:46:24,529.82
2022-03-29 17:46:29,529.89
2022-03-29 17:46:34,529.92
2022-03-29 17:46:39,529.89
2022-03-29 17:46:44,529.92
2022-03-29 17:46:49,526.7629079376658
2022-03-29 17:46:54,529.92
2022-03-29 17:46:59,529.98
2022-03-29 17:47:04,530.05
2022-03-29 17:47:09,529.98
2022-03-29 17:47:14,530.05
2022-03-29 17:47:19,530.05
2022-03-29 17:47:24,530.05
2022-03-29 17:47:29,530.04
2022-03-29 17:47:34,530.05
2022-03-29 17:47:39,530.11
2022-03-29 17:47:44,530.11
2022-03-29 17:47:49,530.11
2022-03-29 17:47:54,526.1571595820136
2022-03-29 17:47:59,530.1
2022-03-29 17:48:04,530.1
2022-03-29 17:48:09,530.13
2022-03-29 17:48:14,530.14
2022-03-29 17:48:19,530.13
2022-03-29 17:48:24,525.8804994853527
2022-03-29 17:48:29,530.13
2022-03-29 17:48:34,530.2
2022-03-29 17:48:39,530.2
2022-03-29 17:48:44,530.2
2022-03-29 17:48:49,530.26
2022-03-29 17:48:54,530.26
2022-03-29 17:48:59,530.26
2022-03-29 17:49:04,530.26
2022-03-29 17:49:09,525.4692971478521
2022-03-29 17:49:14,530.26
2022-03-29 17:49:19,530.25
2022-03-29 17:49:24,530.26
2022-03-29 17:49:29,530.26
2022-03-29 17:49:34,530.32
2022-03-29 17:49:39,530.32
2022-03-29 17:49:44,530.32
2022-03-29 17:49:49,530.25
2022-03-29 17:49:54,530.25
2022-03-29 17:49:59,530.25
2022-03-29 17:50:04,530.25
2022-03-29 17:50:09,524.9287001639223
2022-03-29 17:50:14,524.8840715482804
2022-03-29 17:50:19,530.25
2022-03-29 17:50:24,530.31
2022-03-29 17:50:29,530.25
2022-03-29 17:50:34,530.24
2022-03-29 17:50:39,530.24
2022-03-29 17:50:44,530.24
2022-03-29 17:50:49,530.24
2022-03-29 17:50:54,530.24
2022-03-29 17:50:59,530.18
2022-03-29 17:51:04,530.18
2022-03-29 17:51:09,530.18
2022-03-29 17:51:14,530.17
2022-03-29 17:51:19,530.17
2022-03-29 17:51:24,524.2665757018117
2022-03-29 17:51:29,530.17
2022-03-29 17:51:34,530.11
2022-03-29 17:51:39,524.1361104321016
2022-03-29 17:51:44,524.0927738929005
2022-03-29 17:51:49,530.11
2022-03-29 17:51:54,524.0063318269299
2022-03-29 17:51:59,530.1
2022-03-29 17:52:04,530.11
2022-03-29 17:52:09,530.11
2022-03-29 17:52:14,530.07
2022-03-29 17:52:19,530.07
2022-03-29 17:52:24,530.07
2022-03-29 17:52:29,530.07
2022-03-29 17:52:34,530.01
2022-03-29 17:52:39,529.95
2022-03-29 17:52:44,530.01
2022-03-29 17:52:49,529.95
2022-03-29 17:52:54,529.94
2022-03-29 17:52:59,529.94
2022-03-29 17:53:04,529.95
2022-03-29 17:53:09,529.88
2022-03-29 17:53:14,529.94
2022-03-29 17:53:19,529.88
2022-03-29 17:53:24,529.88
2022-03-29 17:53:29,529.88
2022-03-29 17:53:34,529.88
2022-03-29 17:53:39,523.1183126486482
2022-03-29 17:53:44,529.85
2022-03-29 17:53:49,529.85
2022-03-29 17:53:54,529.78
2022-03-29 17:53:59,529.78
2022-03-29 17:54:04,529.78
2022-03-29 17:54:09,529.72
2022-03-29 17:54:14,529.72
2022-03-29 17:54:19,529.66
2022-03-29 17:54:24,529.59
2022-03-29 17:54:29,529.59
2022-03-29 17:54:34,529.56
2022-03-29 17:54:39,529.49
2022-03-29 17:54:44,522.587956627045
2022-03-29 17:54:49,529.43
2022-03-29 17:54:54,529.43
2022-03-29 17:54:59,529.37
2022-03-29 17:55:04,529.34
2022-03-29 17:55:09,529.27
2022-03-29 17:55:14,529.27
2022-03-29 17:55:19,529.15
2022-03-29 17:55:24,529.15
2022-03-29 17:55:29,529.15
2022-03-29 17:55:34,529.08
2022-03-29 17:55:39,529.05
2022-03-29 17:55:44,528.99
2022-03-29 17:55:49,528.92
2022-03-29 17:55:54,528.92
2022-03-29 17:55:59,528.86
2022-03-29 17:56:04,528.83
2022-03-29 17:56:09,528.76
2022-03-29 17:56:14,528.76
2022-03-29 17:56:19,528.7
2022-03-29 17:56:24,528.64
2022-03-29 17:56:29,528.57
2022-03-29 17:56:34,521.7284434723044
2022-03-29 17:56:39,528.47
2022-03-29 17:56:44,528.41
2022-03-29 17:56:49,528.35
2022-03-29 17:56:54,528.32
2022-03-29 17:56:59,528.25
2022-03-29 17:57:04,528.19
2022-03-29 17:57:09,528.12
2022-03-29 17:57:14,528.06
2022-03-29 17:57:19,528.03
2022-03-29 17:57:24,527.96
2022-03-29 17:57:29,527.96
2022-03-29 17:57:34,527.9
2022-03-29 17:57:39,527.84
2022-03-29 17:57:44,527.84
2022-03-29 17:57:49,527.74
2022-03-29 17:57:54,527.74
2022-03-29 17:57:59,521.1007779962575
2022-03-29 17:58:04,527.61
2022-03-29 17:58:09,521.0291982050505
2022-03-29 17:58:14,527.55
2022-03-29 17:58:19,527.52
2022-03-29 17:58:24,527.45
2022-03-29 17:58:29,527.33
2022-03-29 17:58:34,527.39
2022-03-29 17:58:39,527.32
2022-03-29 17:58:44,527.29
2022-03-29 17:58:49,527.23
2022-03-29 17:58:54,527.17
2022-03-29 17:58:59,527.1
2022-03-29 17:59:04,527.04
2022-03-29 17:59:09,520.6102967644607
2022-03-29 17:59:14,527.01
2022-03-29 17:59:19,527.01
2022-03-29 17:59:24,526.88
2022-03-29 17:59:29,526.81
2022-03-29 17:59:34,526.78
2022-03-29 17:59:39,526.78
2022-03-29 17:59:44,526.72
2022-03-29 17:59:49,526.65
2022-03-29 17:59:54,526.53
2022-03-29 17:59:59,520.2756429211254
2022-03-29 18:00:04,520.2429268368966
2022-03-29 18:00:09,526.43
2022-03-29 18:00:14,520.1779119377264
2022-03-29 18:00:19,526.37
2022-03-29 18:00:24,526.3
2022-03-29 18:00:29,526.27
2022-03-29 18:00:34,520.049569653759
2022-03-29 18:00:39,526.14
2022-03-29 18:00:44,519.9862528045178
2022-03-29 18:00:49,526.14
2022-03-29 18:00:54,526.02
2022-03-29 18:00:59,526.02
2022-03-29 18:01:04,525.99
2022-03-29 18:01:09,525.99
2022-03-29 18:01:14,525.92
2022-03-29 18:01:19,525.86
2022-03-29 18:01:24,525.79
2022-03-29 18:01:29,525.79
2022-03-29 18:01:34,525.76
2022-03-29 18:01:39,525.76
2022-03-29 18:01:44,525.7
2022-03-29 18:01:49,525.7
2022-03-29 18:01:54,525.7
2022-03-29 18:01:59,525.57
2022-03-29 18:02:04,525.57
2022-03-29 18:02:09,519.4718695973576
2022-03-29 18:02:14,525.51
2022-03-29 18:02:19,525.51
2022-03-29 18:02:24,525.48
2022-03-29 18:02:29,525.42
2022-03-29 18:02:34,525.48
2022-03-29 18:02:39,525.42
2022-03-29 18:02:44,525.35
2022-03-29 18:02:49,525.36
2022-03-29 18:02:54,525.36
2022-03-29 18:02:59,525.29
2022-03-29 18:03:04,525.29
2022-03-29 18:03:09,525.29
2022-03-29 18:03:14,525.29
2022-03-29 18:03:19,525.26
2022-03-29 18:03:24,525.26
2022-03-29 18:03:29,525.2
2022-03-29 18:03:34,525.2
2022-03-29 18:03:39,525.2
2022-03-29 18:03:44,525.2
2022-03-29 18:03:49,525.2
2022-03-29 18:03:54,525.2
2022-03-29 18:03:59,525.2
2022-03-29 18:04:04,525.2
2022-03-29 18:04:09,525.14
2022-03-29 18:04:14,525.2
2022-03-29 18:04:19,518.7731007584457
2022-03-29 18:04:24,525.2
2022-03-29 18:04:29,525.2
2022-03-29 18:04:34,525.27
2022-03-29 18:04:39,525.2
2022-03-29 18:04:44,525.2
2022-03-29 18:04:49,525.27
2022-03-29 18:04:54,525.21
2022-03-29 18:04:59,525.27
2022-03-29 18:05:04,525.3
2022-03-29 18:05:09,525.27
2022-03-29 18:05:14,525.3
2022-03-29 18:05:19,525.3
2022-03-29 18:05:24,525.3
2022-03-29 18:05:29,525.3
2022-03-29 18:05:34,525.37
2022-03-29 18:05:39,525.37
2022-03-29 18:05:44,525.37
2022-03-29 18:05:49,518.356933502758
2022-03-29 18:05:54,525.43
2022-03-29 18:05:59,525.5
2022-03-29 18:06:04,525.5
2022-03-29 18:06:09,525.5
2022-03-29 18:06:14,525.49
2022-03-29 18:06:19,525.59
2022-03-29 18:06:24,525.59
2022-03-29 18:06:29,525.66
2022-03-29 18:06:34,525.72
2022-03-29 18:06:39,525.78
2022-03-29 18:06:44,518.1317606320855
2022-03-29 18:06:49,525.78
2022-03-29 18:06:54,525.88
2022-03-29 18:06:59,525.88
2022-03-29 18:07:04,526.01
2022-03-29 18:07:09,526.04
2022-03-29 18:07:14,526.11
2022-03-29 18:07:19,518.0004810209275
2022-03-29 18:07:24,526.16
2022-03-29 18:07:29,526.3
2022-03-29 18:07:34,526.32
2022-03-29 18:07:39,526.39
2022-03-29 18:07:44,526.52
2022-03-29 18:07:49,526.55
2022-03-29 18:07:54,526.68
2022-03-29 18:07:59,526.74
2022-03-29 18:08:04,526.81
2022-03-29 18:08:09,526.9
2022-03-29 18:08:14,526.97
2022-03-29 18:08:19,517.797917307331
2022-03-29 18:08:24,527.19
2022-03-29 18:08:29,517.766980043243
2022-03-29 18:08:34,527.32
2022-03-29 18:08:39,527.42
2022-03-29 18:08:44,527.55
2022-03-29 18:08:49,527.58
2022-03-29 18:08:54,527.64
2022-03-29 18:08:59,527.7
2022-03-29 18:09:04,527.83
2022-03-29 18:09:09,527.93
2022-03-29 18:09:14,527.99
2022-03-29 18:09:19,528.09
2022-03-29 18:09:24,528.22
2022-03-29 18:09:29,528.28
2022-03-29 18:09:34,528.38
2022-03-29 18:09:39,528.51
2022-03-29 18:09:44,528.57
2022-03-29 18:09:49,528.67
2022-03-29 18:09:54,528.73
2022-03-29 18:09:59,517.5237171805081
2022-03-29 18:10:04,528.89
2022-03-29 18:10:09,529.02
2022-03-29 18:10:14,529.08
2022-03-29 18:10:19,529.18
2022-03-29 18:10:24,529.24
2022-03-29 18:10:29,529.37
2022-03-29 18:10:34,529.47
2022-03-29 18:10:39,517.4347967368462
2022-03-29 18:10:44,529.6
2022-03-29 18:10:49,517.4143042097222
2022-03-29 18:10:54,529.76
2022-03-29 18:10:59,529.83
2022-03-29 18:11:04,529.89
2022-03-29 18:11:09,517.3753393225935
2022-03-29 18:11:14,530.05
2022-03-29 18:11:19,530.15
2022-03-29 18:11:24,530.15
2022-03-29 18:11:29,530.28
2022-03-29 18:11:34,530.41
2022-03-29 18:11:39,530.44
2022-03-29 18:11:44,530.5
2022-03-29 18:11:49,530.63
2022-03-29 18:11:54,530.67
2022-03-29 18:11:59,530.73
2022-03-29 18:12:04,530.86
2022-03-29 18:12:09,530.93
2022-03-29 18:12:14,530.92
2022-03-29 18:12:19,530.96
2022-03-29 18:12:24,531.02
2022-03-29 18:12:29,531.15
2022-03-29 18:12:34,517.2382017274995
2022-03-29 18:12:39,531.25
2022-03-29 18:12:44,531.31
2022-03-29 18:12:49,531.38
2022-03-29 18:12:54,531.45
2022-03-29 18:12:59,531.48
2022-03-29 18:13:04,531.54
2022-03-29 18:13:09,531.61
2022-03-29 18:13:14,531.67
2022-03-29 18:13:19,531.77
2022-03-29 18:13:24,531.77
2022-03-29 18:13:29,531.84
2022-03-29 18:13:34,531.9
2022-03-29 18:13:39,531.96
2022-03-29 18:13:44,532.0
2022-03-29 18:13:49,532.06
2022-03-29 18:13:54,532.06
2022-03-29 18:13:59,532.13
2022-03-29 18:14:04,532.13
2022-03-29 18:14:09,532.19
2022-03-29 18:14:14,532.22
2022-03-29 18:14:19,532.22
2022-03-29 18:14:24,532.29
2022-03-29 18:14:29,532.35
2022-03-29 18:14:34,532.35
2022-03-29 18:14:39,532.42
2022-03-29 18:14:44,532.42
2022-03-29 18:14:49,532.48
2022-03-29 18:14:54,532.51
2022-03-29 18:14:59,532.51
2022-03-29 18:15:04,532.58
2022-03-29 18:15:09,532.58
2022-03-29 18:15:14,532.58
2022-03-29 18:15:19,532.58
2022-03-29 18:15:24,532.64
2022-03-29 18:15:29,532.64
2022-03-29 18:15:34,517.078897658886
2022-03-29 18:15:39,532.64
2022-03-29 18:15:44,532.71
2022-03-29 18:15:49,532.71
2022-03-29 18:15:54,532.71
2022-03-29 18:15:59,532.71
2022-03-29 18:16:04,532.74
2022-03-29 18:16:09,517.0651143960225
2022-03-29 18:16:14,532.74
2022-03-29 18:16:19,532.8
2022-03-29 18:16:24,532.8
2022-03-29 18:16:29,532.8
2022-03-29 18:16:34,532.8
2022-03-29 18:16:39,532.8
2022-03-29 18:16:44,532.8
2022-03-29 18:16:49,532.8
2022-03-29 18:16:54,532.74
2022-03-29 18:16:59,532.74
2022-03-29 18:17:04,532.74
2022-03-29 18:17:09,532.71
2022-03-29 18:17:14,532.64
2022-03-29 18:17:19,532.64
2022-03-29 18:17:24,532.64
2022-03-29 18:17:29,532.64
2022-03-29 18:17:34,532.51
2022-03-29 18:17:39,532.51
2022-03-29 18:17:44,532.47
2022-03-29 18:17:49,532.41
2022-03-29 18:17:54,532.34
2022-03-29 18:17:59,532.34
2022-03-29 18:18:04,532.21
2022-03-29 18:18:09,532.21
2022-03-29 18:18:14,532.21
2022-03-29 18:18:19,532.18
2022-03-29 18:18:24,532.12
2022-03-29 18:18:29,532.11
2022-03-29 18:18:34,532.05
2022-03-29 18:18:39,531.98
2022-03-29 18:18:44,531.95
2022-03-29 18:18:49,531.88
2022-03-29 18:18:54,531.82
2022-03-29 18:18:59,531.75
2022-03-29 18:19:04,531.66
2022-03-29 18:19:09,531.69
2022-03-29 18:19:14,531.66
2022-03-29 18:19:19,531.53
2022-03-29 18:19:24,531.46
2022-03-29 18:19:29,531.46
2022-03-29 18:19:34,531.37
2022-03-29 18:19:39,531.3
2022-03-29 18:19:44,531.23
2022-03-29 18:19:49,531.23
2022-03-29 18:19:54,531.17
2022-03-29 18:19:59,531.07
2022-03-29 18:20:04,531.0
2022-03-29 18:20:09,531.01
2022-03-29 18:20:14,531.01
2022-03-29 18:20:19,530.91
2022-03-29 18:20:24,530.85
2022-03-29 18:20:29,530.85
2022-03-29 18:20:34,530.72
2022-03-29 18:20:39,530.71
2022-03-29 18:20:44,530.65
2022-03-29 18:20:49,530.62
2022-03-29 18:20:54,530.56
2022-03-29 18:20:59,530.49
2022-03-29 18:21:04,530.43
2022-03-29 18:21:09,530.39
2022-03-29 18:21:14,530.33
2022-03-29 18:21:19,517.1005771380952
2022-03-29 18:21:24,530.26
2022-03-29 18:21:29,530.2
2022-03-29 18:21:34,530.13
2022-03-29 18:21:39,530.1
2022-03-29 18:21:44,530.1
2022-03-29 18:21:49,529.97
2022-03-29 18:21:54,529.97
2022-03-29 18:21:59,529.91
2022-03-29 18:22:04,529.91
2022-03-29 18:22:09,529.88
2022-03-29 18:22:14,529.81
2022-03-29 18:22:19,529.75
2022-03-29 18:22:24,529.75
2022-03-29 18:22:29,529.69
2022-03-29 18:22:34,517.1329438464414
2022-03-29 18:22:39,529.69
2022-03-29 18:22:44,529.62
2022-03-29 18:22:49,529.59
2022-03-29 18:22:54,529.59
2022-03-29 18:22:59,529.53
2022-03-29 18:23:04,529.47
2022-03-29 18:23:09,529.47
2022-03-29 18:23:14,529.47
2022-03-29 18:23:19,529.46
2022-03-29 18:23:24,517.1559070335176
2022-03-29 18:23:29,529.4
2022-03-29 18:23:34,529.37
2022-03-29 18:23:39,529.3
2022-03-29 18:23:44,517.1654201132193
2022-03-29 18:23:49,529.31
2022-03-29 18:23:54,529.3
2022-03-29 18:23:59,529.3
2022-03-29 18:24:04,529.24
2022-03-29 18:24:09,529.24
2022-03-29 18:24:14,529.18
2022-03-29 18:24:19,529.24
2022-03-29 18:24:24,529.18
2022-03-29 18:24:29,529.18
2022-03-29 18:24:34,529.18
2022-03-29 18:24:39,529.18
2022-03-29 18:24:44,529.08
2022-03-29 18:24:49,529.11
2022-03-29 18:24:54,529.11
2022-03-29 18:24:59,529.18
2022-03-29 18:25:04,529.11
2022-03-29 18:25:09,529.11
2022-03-29 18:25:14,529.11
2022-03-29 18:25:19,529.11
2022-03-29 18:25:24,529.17
2022-03-29 18:25:29,529.11
2022-03-29 18:25:34,529.17
2022-03-29 18:25:39,529.17
2022-03-29 18:25:44,529.17
2022-03-29 18:25:49,529.17
2022-03-29 18:25:54,529.23
2022-03-29 18:25:59,529.24
2022-03-29 18:26:04,529.3
2022-03-29 18:26:09,529.24
2022-03-29 18:26:14,529.36
2022-03-29 18:26:19,529.36
2022-03-29 18:26:24,529.36
2022-03-29 18:26:29,529.36
2022-03-29 18:26:34,529.36
2022-03-29 18:26:39,529.39
2022-03-29 18:26:44,529.39
2022-03-29 18:26:49,529.46
2022-03-29 18:26:54,529.52
2022-03-29 18:26:59,517.2735029906884
2022-03-29 18:27:04,529.58
2022-03-29 18:27:09,529.58
2022-03-29 18:27:14,529.61
2022-03-29 18:27:19,529.61
2022-03-29 18:27:24,517.2900260004977
2022-03-29 18:27:29,529.68
2022-03-29 18:27:34,529.74
2022-03-29 18:27:39,529.74
2022-03-29 18:27:44,529.74
2022-03-29 18:27:49,529.8
2022-03-29 18:27:54,529.8
2022-03-29 18:27:59,529.8
2022-03-29 18:28:04,529.86
2022-03-29 18:28:09,529.9
2022-03-29 18:28:14,517.3253923910994
2022-03-29 18:28:19,529.96
2022-03-29 18:28:24,530.03
2022-03-29 18:28:29,530.02
2022-03-29 18:28:34,530.08
2022-03-29 18:28:39,530.12
2022-03-29 18:28:44,530.11
2022-03-29 18:28:49,530.12
2022-03-29 18:28:54,530.18
2022-03-29 18:28:59,530.24
2022-03-29 18:29:04,530.24
2022-03-29 18:29:09,530.3
2022-03-29 18:29:14,530.3
2022-03-29 18:29:19,530.36
2022-03-29 18:29:24,530.36
2022-03-29 18:29:29,530.36
2022-03-29 18:29:34,530.4
2022-03-29 18:29:39,530.4
2022-03-29 18:29:44,530.4
2022-03-29 18:29:49,530.46
2022-03-29 18:29:54,530.46
2022-03-29 18:29:59,530.39
2022-03-29 18:30:04,530.52
2022-03-29 18:30:09,530.52
2022-03-29 18:30:14,517.424868760125
2022-03-29 18:30:19,530.59
2022-03-29 18:30:24,530.58
2022-03-29 18:30:29,517.4389381962868
2022-03-29 18:30:34,530.62
2022-03-29 18:30:39,530.62
2022-03-29 18:30:44,530.62
2022-03-29 18:30:49,517.458316438371
2022-03-29 18:30:54,530.68
2022-03-29 18:30:59,517.4682775423188
2022-03-29 18:31:04,530.74
2022-03-29 18:31:09,530.68
2022-03-29 18:31:14,530.75
2022-03-29 18:31:19,530.75
2022-03-29 18:31:24,530.75
2022-03-29 18:31:29,530.81
2022-03-29 18:31:34,530.81
2022-03-29 18:31:39,530.75
2022-03-29 18:31:44,530.87
2022-03-29 18:31:49,517.5209219990155
2022-03-29 18:31:54,530.87
2022-03-29 18:31:59,530.91
2022-03-29 18:32:04,530.91
2022-03-29 18:32:09,530.97
2022-03-29 18:32:14,531.04
2022-03-29 18:32:19,531.04
2022-03-29 18:32:24,531.1
2022-03-29 18:32:29,531.13
2022-03-29 18:32:34,531.13
2022-03-29 18:32:39,517.578570972911
2022-03-29 18:32:44,531.2
2022-03-29 18:32:49,531.2
2022-03-29 18:32:54,531.27
2022-03-29 18:32:59,531.33
2022-03-29 18:33:04,531.33
2022-03-29 18:33:09,531.39
2022-03-29 18:33:14,517.6221022619968
2022-03-29 18:33:19,531.39
2022-03-29 18:33:24,531.42
2022-03-29 18:33:29,531.49
2022-03-29 18:33:34,517.6482092968048
2022-03-29 18:33:39,531.55
2022-03-29 18:33:44,531.62
2022-03-29 18:33:49,531.62
2022-03-29 18:33:54,531.62
2022-03-29 18:33:59,517.6821477685337
2022-03-29 18:34:04,531.62
2022-03-29 18:34:09,531.65
2022-03-29 18:34:14,531.65
2022-03-29 18:34:19,531.72
2022-03-29 18:34:24,531.78
2022-03-29 18:34:29,531.78
2022-03-29 18:34:34,531.78
2022-03-29 18:34:39,531.78
2022-03-29 18:34:44,517.7470308128653
2022-03-29 18:34:49,531.84
2022-03-29 18:34:54,531.85
2022-03-29 18:34:59,531.94
2022-03-29 18:35:04,531.91
2022-03-29 18:35:09,531.91
2022-03-29 18:35:14,531.94
2022-03-29 18:35:19,532.0
2022-03-29 18:35:24,532.0
2022-03-29 18:35:29,532.01
2022-03-29 18:35:34,532.0
2022-03-29 18:35:39,517.833297592888
2022-03-29 18:35:44,532.0
2022-03-29 18:35:49,532.07
2022-03-29 18:35:54,532.07
2022-03-29 18:35:59,517.8666562842014
2022-03-29 18:36:04,532.13
2022-03-29 18:36:09,532.07
2022-03-29 18:36:14,532.13
2022-03-29 18:36:19,532.13
2022-03-29 18:36:24,532.16
2022-03-29 18:36:29,532.16
2022-03-29 18:36:34,532.13
2022-03-29 18:36:39,532.16
2022-03-29 18:36:44,532.23
2022-03-29 18:36:49,532.23
2022-03-29 18:36:54,532.23
2022-03-29 18:36:59,532.29
2022-03-29 18:37:04,532.29
2022-03-29 18:37:09,532.29
2022-03-29 18:37:14,518.0017434494446
2022-03-29 18:37:19,532.28
2022-03-29 18:37:24,532.35
2022-03-29 18:37:29,532.35
2022-03-29 18:37:34,532.35
2022-03-29 18:37:39,518.0504570073234
2022-03-29 18:37:44,532.28
2022-03-29 18:37:49,532.35
2022-03-29 18:37:54,532.28
2022-03-29 18:37:59,532.35
2022-03-29 18:38:04,532.28
2022-03-29 18:38:09,532.28
2022-03-29 18:38:14,532.28
2022-03-29 18:38:19,532.28
2022-03-29 18:38:24,532.28
2022-03-29 18:38:29,532.28
2022-03-29 18:38:34,532.28
2022-03-29 18:38:39,532.21
2022-03-29 18:38:44,532.21
2022-03-29 18:38:49,532.27
2022-03-29 18:38:54,532.27
2022-03-29 18:38:59,532.21
2022-03-29 18:39:04,532.2
2022-03-29 18:39:09,532.21
2022-03-29 18:39:14,532.2
2022-03-29 18:39:19,518.2653596287278
2022-03-29 18:39:24,532.2
2022-03-29 18:39:29,518.2887111527233
2022-03-29 18:39:34,532.14
2022-03-29 18:39:39,532.14
2022-03-29 18:39:44,532.1
2022-03-29 18:39:49,532.04
2022-03-29 18:39:54,532.1
2022-03-29 18:39:59,532.04
2022-03-29 18:40:04,532.04
2022-03-29 18:40:09,531.97
2022-03-29 18:40:14,531.97
2022-03-29 18:40:19,531.97
2022-03-29 18:40:24,531.91
2022-03-29 18:40:29,531.87
2022-03-29 18:40:34,518.4493021132896
2022-03-29 18:40:39,518.4623057838937
2022-03-29 18:40:44,531.81
2022-03-29 18:40:49,518.4885997579687
2022-03-29 18:40:54,518.5018910412733
2022-03-29 18:40:59,531.68
2022-03-29 18:41:04,531.62
2022-03-29 18:41:09,531.62
2022-03-29 18:41:14,531.58
2022-03-29 18:41:19,531.52
2022-03-29 18:41:24,531.52
2022-03-29 18:41:29,531.52
2022-03-29 18:41:34,531.45
2022-03-29 18:41:39,531.46
2022-03-29 18:41:44,531.39
2022-03-29 18:41:49,531.36
2022-03-29 18:41:54,531.29
2022-03-29 18:41:59,531.29
2022-03-29 18:42:04,531.23
2022-03-29 18:42:09,531.16
2022-03-29 18:42:14,531.17
2022-03-29 18:42:19,531.1
2022-03-29 18:42:24,518.7581703457236
2022-03-29 18:42:29,531.07
2022-03-29 18:42:34,530.94
2022-03-29 18:42:39,531.01
2022-03-29 18:42:44,530.94
2022-03-29 18:42:49,530.88
2022-03-29 18:42:54,530.88
2022-03-29 18:42:59,530.85
2022-03-29 18:43:04,518.8828920217067
2022-03-29 18:43:09,530.78
2022-03-29 18:43:14,530.72
2022-03-29 18:43:19,530.72
2022-03-29 18:43:24,530.72
2022-03-29 18:43:29,530.72
2022-03-29 18:43:34,530.66
2022-03-29 18:43:39,530.66
2022-03-29 18:43:44,530.66
2022-03-29 18:43:49,519.0315999259125
2022-03-29 18:43:54,530.59
2022-03-29 18:43:59,530.59
2022-03-29 18:44:04,530.59
2022-03-29 18:44:09,530.56
2022-03-29 18:44:14,530.56
2022-03-29 18:44:19,530.56
2022-03-29 18:44:24,530.49
2022-03-29 18:44:29,530.49
2022-03-29 18:44:34,530.43
2022-03-29 18:44:39,530.5
2022-03-29 18:44:44,530.5
2022-03-29 18:44:49,530.5
2022-03-29 18:44:54,530.5
2022-03-29 18:44:59,530.5
2022-03-29 18:45:04,519.3001424115326
2022-03-29 18:45:09,530.5
2022-03-29 18:45:14,519.337974877573
2022-03-29 18:45:19,530.43
2022-03-29 18:45:24,530.43
2022-03-29 18:45:29,530.5
2022-03-29 18:45:34,530.43
2022-03-29 18:45:39,519.4347053284354
2022-03-29 18:45:44,530.43
2022-03-29 18:45:49,530.43
2022-03-29 18:45:54,530.43
2022-03-29 18:45:59,530.43
2022-03-29 18:46:04,530.43
2022-03-29 18:46:09,530.37
2022-03-29 18:46:14,530.37
2022-03-29 18:46:19,530.37
2022-03-29 18:46:24,530.43
2022-03-29 18:46:29,530.37
2022-03-29 18:46:34,519.6585788334244
2022-03-29 18:46:39,530.34
2022-03-29 18:46:44,530.37
2022-03-29 18:46:49,530.33
2022-03-29 18:46:54,530.27
2022-03-29 18:46:59,530.33
2022-03-29 18:47:04,530.33
2022-03-29 18:47:09,519.809203038331
2022-03-29 18:47:14,530.26
2022-03-29 18:47:19,519.8534335272016
2022-03-29 18:47:24,530.26
2022-03-29 18:47:29,530.33
2022-03-29 18:47:34,530.26
2022-03-29 18:47:39,530.33
2022-03-29 18:47:44,530.33
2022-03-29 18:47:49,530.32
2022-03-29 18:47:54,530.36
2022-03-29 18:47:59,530.36
2022-03-29 18:48:04,530.32
2022-03-29 18:48:09,520.0827388183374
2022-03-29 18:48:14,530.35
2022-03-29 18:48:19,520.1302578812671
2022-03-29 18:48:24,530.42
2022-03-29 18:48:29,530.42
2022-03-29 18:48:34,530.42
2022-03-29 18:48:39,530.42
2022-03-29 18:48:44,530.42
2022-03-29 18:48:49,530.48
2022-03-29 18:48:54,530.48
2022-03-29 18:48:59,520.3259914598318
2022-03-29 18:49:04,530.48
2022-03-29 18:49:09,530.54
2022-03-29 18:49:14,530.54
2022-03-29 18:49:19,530.54
2022-03-29 18:49:24,530.57
2022-03-29 18:49:29,530.54
2022-03-29 18:49:34,530.57
2022-03-29 18:49:39,530.57
2022-03-29 18:49:44,530.63
2022-03-29 18:49:49,530.63
2022-03-29 18:49:54,530.7
2022-03-29 18:49:59,530.7
2022-03-29 18:50:04,530.69
2022-03-29 18:50:09,530.76
2022-03-29 18:50:14,520.7180933971995
2022-03-29 18:50:19,530.82
2022-03-29 18:50:24,530.82
2022-03-29 18:50:29,530.86
2022-03-29 18:50:34,520.8283510662616
2022-03-29 18:50:39,520.8562982413536
2022-03-29 18:50:44,530.98
2022-03-29 18:50:49,531.08
2022-03-29 18:50:54,531.08
2022-03-29 18:50:59,531.08
2022-03-29 18:51:04,531.14
2022-03-29 18:51:09,531.14
2022-03-29 18:51:14,531.27
2022-03-29 18:51:19,531.34
2022-03-29 18:51:24,531.34
2022-03-29 18:51:29,531.43
2022-03-29 18:51:34,531.43
2022-03-29 18:51:39,531.5
2022-03-29 18:51:44,531.6
2022-03-29 18:51:49,531.6
2022-03-29 18:51:54,531.66
2022-03-29 18:51:59,531.66
2022-03-29 18:52:04,531.72
2022-03-29 18:52:09,531.79
2022-03-29 18:52:14,531.79
2022-03-29 18:52:19,531.86
2022-03-29 18:52:24,531.86
2022-03-29 18:52:29,531.89
2022-03-29 18:52:34,531.89
2022-03-29 18:52:39,531.95
2022-03-29 18:52:44,531.95
2022-03-29 18:52:49,532.02
2022-03-29 18:52:54,532.08
2022-03-29 18:52:59,532.08
2022-03-29 18:53:04,532.12
2022-03-29 18:53:09,521.759930968572
2022-03-29 18:53:14,532.18
2022-03-29 18:53:19,532.25
2022-03-29 18:53:24,532.25
2022-03-29 18:53:29,532.31
2022-03-29 18:53:34,532.31
2022-03-29 18:53:39,532.38
2022-03-29 18:53:44,532.38
2022-03-29 18:53:49,532.41
2022-03-29 18:53:54,532.47
2022-03-29 18:53:59,532.41
2022-03-29 18:54:04,532.54
2022-03-29 18:54:09,532.54
2022-03-29 18:54:14,532.6
2022-03-29 18:54:19,532.64
2022-03-29 18:54:24,532.7
2022-03-29 18:54:29,532.7
2022-03-29 18:54:34,532.7
2022-03-29 18:54:39,532.77
2022-03-29 18:54:44,532.83
2022-03-29 18:54:49,532.83
2022-03-29 18:54:54,532.93
2022-03-29 18:54:59,532.9
2022-03-29 18:55:04,532.99
2022-03-29 18:55:09,532.99
2022-03-29 18:55:14,533.06
2022-03-29 18:55:19,533.06
2022-03-29 18:55:24,533.16
2022-03-29 18:55:29,533.15
2022-03-29 18:55:34,533.15
2022-03-29 18:55:39,533.22
2022-03-29 18:55:44,533.22
2022-03-29 18:55:49,533.28
2022-03-29 18:55:54,533.35
2022-03-29 18:55:59,533.35
2022-03-29 18:56:04,533.44
2022-03-29 18:56:09,533.45
2022-03-29 18:56:14,533.45
2022-03-29 18:56:19,533.57
2022-03-29 18:56:24,533.57
2022-03-29 18:56:29,533.57
2022-03-29 18:56:34,523.1545255938408
2022-03-29 18:56:39,533.73
2022-03-29 18:56:44,533.73
2022-03-29 18:56:49,533.79
2022-03-29 18:56:54,533.79
2022-03-29 18:56:59,533.86
2022-03-29 18:57:04,533.86
2022-03-29 18:57:09,533.86
2022-03-29 18:57:14,523.4415614421787
2022-03-29 18:57:19,533.92
2022-03-29 18:57:24,533.95
2022-03-29 18:57:29,533.95
2022-03-29 18:57:34,533.95
2022-03-29 18:57:39,534.02
2022-03-29 18:57:44,533.95
2022-03-29 18:57:49,534.02
2022-03-29 18:57:54,534.02
2022-03-29 18:57:59,523.768415635206
2022-03-29 18:58:04,534.01
2022-03-29 18:58:09,534.01
2022-03-29 18:58:14,534.02
2022-03-29 18:58:19,534.02
2022-03-29 18:58:24,534.08
2022-03-29 18:58:29,534.08
2022-03-29 18:58:34,534.01
2022-03-29 18:58:39,533.95
2022-03-29 18:58:44,534.01
2022-03-29 18:58:49,534.01
2022-03-29 18:58:54,533.94
2022-03-29 18:58:59,533.94
2022-03-29 18:59:04,533.94
2022-03-29 18:59:09,533.94
2022-03-29 18:59:14,533.94
2022-03-29 18:59:19,533.94
2022-03-29 18:59:24,533.94
2022-03-29 18:59:29,533.94
2022-03-29 18:59:34,533.94
2022-03-29 18:59:39,533.94
2022-03-29 18:59:44,533.91
2022-03-29 18:59:49,533.94
2022-03-29 18:59:54,533.91
2022-03-29 18:59:59,533.91
2022-03-29 19:00:04,533.94
2022-03-29 19:00:09,524.7277788733836
2022-03-29 19:00:14,533.91
2022-03-29 19:00:19,533.91
2022-03-29 19:00:24,533.9
2022-03-29 19:00:29,533.84
2022-03-29 19:00:34,533.84
2022-03-29 19:00:39,533.84
2022-03-29 19:00:44,533.84
2022-03-29 19:00:49,533.78
2022-03-29 19:00:54,533.78
2022-03-29 19:00:59,533.78
2022-03-29 19:01:04,533.71
2022-03-29 19:01:09,533.71
2022-03-29 19:01:14,533.65
2022-03-29 19:01:19,533.65
2022-03-29 19:01:24,533.65
2022-03-29 19:01:29,525.3220423406117
2022-03-29 19:01:34,533.62
2022-03-29 19:01:39,533.62
2022-03-29 19:01:44,533.62
2022-03-29 19:01:49,533.56
2022-03-29 19:01:54,533.56
2022-03-29 19:01:59,533.62
2022-03-29 19:02:04,533.56
2022-03-29 19:02:09,533.56
2022-03-29 19:02:14,533.49
2022-03-29 19:02:19,533.43
2022-03-29 19:02:24,533.43
2022-03-29 19:02:29,533.49
2022-03-29 19:02:34,533.43
2022-03-29 19:02:39,533.43
2022-03-29 19:02:44,533.43
2022-03-29 19:02:49,533.4
2022-03-29 19:02:54,533.4
2022-03-29 19:02:59,533.4
2022-03-29 19:03:04,526.0229616522645
2022-03-29 19:03:09,533.34
2022-03-29 19:03:14,533.27
2022-03-29 19:03:19,533.21
2022-03-29 19:03:24,533.21
2022-03-29 19:03:29,533.21
2022-03-29 19:03:34,533.12
2022-03-29 19:03:39,526.2782667657035
2022-03-29 19:03:44,533.12
2022-03-29 19:03:49,533.05
2022-03-29 19:03:54,532.99
2022-03-29 19:03:59,533.05
2022-03-29 19:04:04,532.99
2022-03-29 19:04:09,532.93
2022-03-29 19:04:14,532.93
2022-03-29 19:04:19,532.9
2022-03-29 19:04:24,532.9
2022-03-29 19:04:29,532.77
2022-03-29 19:04:34,532.77
2022-03-29 19:04:39,526.7104243926739
2022-03-29 19:04:44,532.65
2022-03-29 19:04:49,532.65
2022-03-29 19:04:54,526.8171652948552
2022-03-29 19:04:59,532.55
2022-03-29 19:05:04,526.8879978562505
2022-03-29 19:05:09,532.49
2022-03-29 19:05:14,532.42
2022-03-29 19:05:19,532.39
2022-03-29 19:05:24,532.39
2022-03-29 19:05:29,532.33
2022-03-29 19:05:34,532.2
2022-03-29 19:05:39,532.27
2022-03-29 19:05:44,532.2
2022-03-29 19:05:49,532.14
2022-03-29 19:05:54,532.14
2022-03-29 19:05:59,532.11
2022-03-29 19:06:04,532.11
2022-03-29 19:06:09,531.98
2022-03-29 19:06:14,531.98
2022-03-29 19:06:19,531.92
2022-03-29 19:06:24,531.89
2022-03-29 19:06:29,531.89
2022-03-29 19:06:34,531.83
2022-03-29 19:06:39,531.83
2022-03-29 19:06:44,531.76
2022-03-29 19:06:49,531.76
2022-03-29 19:06:54,531.7
2022-03-29 19:06:59,531.64
2022-03-29 19:07:04,531.64
2022-03-29 19:07:09,527.7459880308471
2022-03-29 19:07:14,531.54
2022-03-29 19:07:19,531.54
2022-03-29 19:07:24,531.48
2022-03-29 19:07:29,531.48
2022-03-29 19:07:34,531.48
2022-03-29 19:07:39,531.42
2022-03-29 19:07:44,531.39
2022-03-29 19:07:49,531.39
2022-03-29 19:07:54,531.39
2022-03-29 19:07:59,531.42
2022-03-29 19:08:04,531.32
2022-03-29 19:08:09,531.32
2022-03-29 19:08:14,531.32
2022-03-29 19:08:19,528.1984548780414
2022-03-29 19:08:24,531.26
2022-03-29 19:08:29,531.33
2022-03-29 19:08:34,531.27
2022-03-29 19:08:39,531.27
2022-03-29 19:08:44,531.27
2022-03-29 19:08:49,531.2
2022-03-29 19:08:54,531.2
2022-03-29 19:08:59,531.2
2022-03-29 19:09:04,531.14
2022-03-29 19:09:09,531.14
2022-03-29 19:09:14,531.14
2022-03-29 19:09:19,531.11
2022-03-29 19:09:24,531.14
2022-03-29 19:09:29,531.11
2022-03-29 19:09:34,531.05
2022-03-29 19:09:39,531.05
2022-03-29 19:09:44,531.05
2022-03-29 19:09:49,531.05
2022-03-29 19:09:54,530.99
2022-03-29 19:09:59,530.92
2022-03-29 19:10:04,530.93
2022-03-29 19:10:09,530.89
2022-03-29 19:10:14,530.83
2022-03-29 19:10:19,528.912365809593
2022-03-29 19:10:24,528.9401655450715
2022-03-29 19:10:29,530.77
2022-03-29 19:10:34,530.77
2022-03-29 19:10:39,530.64
2022-03-29 19:10:44,530.71
2022-03-29 19:10:49,530.65
2022-03-29 19:10:54,529.103354640267
2022-03-29 19:10:59,530.55
2022-03-29 19:11:04,530.62
2022-03-29 19:11:09,530.56
2022-03-29 19:11:14,530.56
2022-03-29 19:11:19,530.56
2022-03-29 19:11:24,530.49
2022-03-29 19:11:29,530.5
2022-03-29 19:11:34,529.3108776945897
2022-03-29 19:11:39,530.43
2022-03-29 19:11:44,530.4
2022-03-29 19:11:49,530.4
2022-03-29 19:11:54,530.41
2022-03-29 19:11:59,530.41
2022-03-29 19:12:04,530.41
2022-03-29 19:12:09,530.41
2022-03-29 19:12:14,530.34
2022-03-29 19:12:19,530.35
2022-03-29 19:12:24,530.35
2022-03-29 19:12:29,530.41
2022-03-29 19:12:34,530.35
2022-03-29 19:12:39,530.42
2022-03-29 19:12:44,530.42
2022-03-29 19:12:49,530.35
2022-03-29 19:12:54,530.35
2022-03-29 19:12:59,530.42
2022-03-29 19:13:04,529.7318575606853
2022-03-29 19:13:09,529.7532463494114
2022-03-29 19:13:14,530.42
2022-03-29 19:13:19,530.36
2022-03-29 19:13:24,530.42
2022-03-29 19:13:29,530.42
2022-03-29 19:13:34,530.46
2022-03-29 19:13:39,529.8768868060573
2022-03-29 19:13:44,530.43
2022-03-29 19:13:49,530.46
2022-03-29 19:13:54,530.43
2022-03-29 19:13:59,530.46
2022-03-29 19:14:04,530.46
2022-03-29 19:14:09,530.46
2022-03-29 19:14:14,530.46
2022-03-29 19:14:19,530.53
2022-03-29 19:14:24,530.53
2022-03-29 19:14:29,530.53
2022-03-29 19:14:34,530.53
2022-03-29 19:14:39,530.6
2022-03-29 19:14:44,530.6
2022-03-29 19:14:49,530.6
2022-03-29 19:14:54,530.6
2022-03-29 19:14:59,530.6
2022-03-29 19:15:04,530.6
2022-03-29 19:15:09,530.6
2022-03-29 19:15:14,530.66
2022-03-29 19:15:19,530.6
2022-03-29 19:15:24,530.67
2022-03-29 19:15:29,530.2567623947458
2022-03-29 19:15:34,530.67
2022-03-29 19:15:39,530.6
2022-03-29 19:15:44,530.67
2022-03-29 19:15:49,530.7
2022-03-29 19:15:54,530.7
2022-03-29 19:15:59,530.7
2022-03-29 19:16:04,530.76
2022-03-29 19:16:09,530.76
2022-03-29 19:16:14,530.83
2022-03-29 19:16:19,530.89
2022-03-29 19:16:24,530.83
2022-03-29 19:16:29,530.96
2022-03-29 19:16:34,530.96
2022-03-29 19:16:39,530.96
2022-03-29 19:16:44,530.99
2022-03-29 19:16:49,530.99
2022-03-29 19:16:54,531.05
2022-03-29 19:16:59,531.12
2022-03-29 19:17:04,531.05
2022-03-29 19:17:09,531.12
2022-03-29 19:17:14,531.18
2022-03-29 19:17:19,531.19
2022-03-29 19:17:24,531.22
2022-03-29 19:17:29,531.22
2022-03-29 19:17:34,530.5320726828429
2022-03-29 19:17:39,531.28
2022-03-29 19:17:44,530.5462221448795
2022-03-29 19:17:49,531.41
2022-03-29 19:17:54,531.41
2022-03-29 19:17:59,531.41
2022-03-29 19:18:04,531.51
2022-03-29 19:18:09,531.51
2022-03-29 19:18:14,531.51
2022-03-29 19:18:19,531.51
2022-03-29 19:18:24,531.64
2022-03-29 19:18:29,531.64
2022-03-29 19:18:34,531.64
2022-03-29 19:18:39,531.64
2022-03-29 19:18:44,531.7
2022-03-29 19:18:49,531.7
2022-03-29 19:18:54,531.8
2022-03-29 19:18:59,531.8
2022-03-29 19:19:04,531.87
2022-03-29 19:19:09,531.87
2022-03-29 19:19:14,531.87
2022-03-29 19:19:19,531.93
2022-03-29 19:19:24,532.0
2022-03-29 19:19:29,532.0
2022-03-29 19:19:34,530.6186915983425
2022-03-29 19:19:39,532.09
2022-03-29 19:19:44,532.16
2022-03-29 19:19:49,532.16
2022-03-29 19:19:54,532.16
2022-03-29 19:19:59,532.22
2022-03-29 19:20:04,532.22
2022-03-29 19:20:09,532.23
2022-03-29 19:20:14,532.26
2022-03-29 19:20:19,532.32
2022-03-29 19:20:24,532.39
2022-03-29 19:20:29,532.39
2022-03-29 19:20:34,532.45
2022-03-29 19:20:39,532.45
2022-03-29 19:20:44,532.52
2022-03-29 19:20:49,532.52
2022-03-29 19:20:54,532.56
2022-03-29 19:20:59,532.62
2022-03-29 19:21:04,532.62
2022-03-29 19:21:09,532.69
2022-03-29 19:21:14,532.69
2022-03-29 19:21:19,532.69
2022-03-29 19:21:24,532.69
2022-03-29 19:21:29,532.75
2022-03-29 19:21:34,532.78
2022-03-29 19:21:39,532.79
2022-03-29 19:21:44,532.79
2022-03-29 19:21:49,532.85
2022-03-29 19:21:54,532.92
2022-03-29 19:21:59,532.99
2022-03-29 19:22:04,533.05
2022-03-29 19:22:09,533.08
2022-03-29 19:22:14,530.4675602602408
2022-03-29 19:22:19,533.15
2022-03-29 19:22:24,533.28
2022-03-29 19:22:29,530.4397650691662
2022-03-29 19:22:34,533.31
2022-03-29 19:22:39,533.38
2022-03-29 19:22:44,533.44
2022-03-29 19:22:49,533.51
2022-03-29 19:22:54,530.3887991152243
2022-03-29 19:22:59,533.61
2022-03-29 19:23:04,533.67
2022-03-29 19:23:09,533.74
2022-03-29 19:23:14,533.74
2022-03-29 19:23:19,533.8
2022-03-29 19:23:24,533.83
2022-03-29 19:23:29,533.9
2022-03-29 19:23:34,533.9
2022-03-29 19:23:39,534.03
2022-03-29 19:23:44,534.09
2022-03-29 19:23:49,534.13
2022-03-29 19:23:54,534.19
2022-03-29 19:23:59,534.25
2022-03-29 19:24:04,534.32
2022-03-29 19:24:09,530.2034703500897
2022-03-29 19:24:14,534.42
2022-03-29 19:24:19,534.48
2022-03-29 19:24:24,534.61
2022-03-29 19:24:29,534.64
2022-03-29 19:24:34,534.71
2022-03-29 19:24:39,534.78
2022-03-29 19:24:44,534.87
2022-03-29 19:24:49,534.87
2022-03-29 19:24:54,535.0
2022-03-29 19:24:59,535.06
2022-03-29 19:25:04,530.0396953695483
2022-03-29 19:25:09,535.23
2022-03-29 19:25:14,530.0076351765032
2022-03-29 19:25:19,529.9913561152895
2022-03-29 19:25:24,535.35
2022-03-29 19:25:29,535.39
2022-03-29 19:25:34,535.38
2022-03-29 19:25:39,535.39
2022-03-29 19:25:44,529.90755373145
2022-03-29 19:25:49,535.52
2022-03-29 19:25:54,535.51
2022-03-29 19:25:59,535.58
2022-03-29 19:26:04,529.8377471847662
2022-03-29 19:26:09,535.52
2022-03-29 19:26:14,535.51
2022-03-29 19:26:19,535.51
2022-03-29 19:26:24,535.51
2022-03-29 19:26:29,535.45
2022-03-29 19:26:34,535.45
2022-03-29 19:26:39,535.45
2022-03-29 19:26:44,535.38
2022-03-29 19:26:49,535.38
2022-03-29 19:26:54,535.35
2022-03-29 19:26:59,535.28
2022-03-29 19:27:04,535.28
2022-03-29 19:27:09,535.22
2022-03-29 19:27:14,535.16
2022-03-29 19:27:19,535.12
2022-03-29 19:27:24,535.06
2022-03-29 19:27:29,534.99
2022-03-29 19:27:34,529.4968851442205
2022-03-29 19:27:39,534.83
2022-03-29 19:27:44,534.77
2022-03-29 19:27:49,529.4363637535932
2022-03-29 19:27:54,534.7
2022-03-29 19:27:59,534.64
2022-03-29 19:28:04,534.6
2022-03-29 19:28:09,534.41
2022-03-29 19:28:14,534.41
2022-03-29 19:28:19,534.32
2022-03-29 19:28:24,534.25
2022-03-29 19:28:29,534.12
2022-03-29 19:28:34,534.09
2022-03-29 19:28:39,534.09
2022-03-29 19:28:44,533.96
2022-03-29 19:28:49,533.96
2022-03-29 19:28:54,533.83
2022-03-29 19:28:59,529.1427769103789
2022-03-29 19:29:04,533.74
2022-03-29 19:29:09,533.67
2022-03-29 19:29:14,533.57
2022-03-29 19:29:19,533.51
2022-03-29 19:29:24,533.45
2022-03-29 19:29:29,533.38
2022-03-29 19:29:34,533.32
2022-03-29 19:29:39,533.22
2022-03-29 19:29:44,533.16
2022-03-29 19:29:49,528.9240539737804
2022-03-29 19:29:54,533.0
2022-03-29 19:29:59,528.8796222613704
2022-03-29 19:30:04,532.87
2022-03-29 19:30:09,532.8
2022-03-29 19:30:14,532.71
2022-03-29 19:30:19,532.71
2022-03-29 19:30:24,532.71
2022-03-29 19:30:29,532.55
2022-03-29 19:30:34,532.55
2022-03-29 19:30:39,532.42
2022-03-29 19:30:44,532.35
2022-03-29 19:30:49,532.29
2022-03-29 19:30:54,532.26
2022-03-29 19:30:59,532.2
2022-03-29 19:31:04,532.13
2022-03-29 19:31:09,532.07
2022-03-29 19:31:14,531.97
2022-03-29 19:31:19,531.98
2022-03-29 19:31:24,531.85
2022-03-29 19:31:29,531.78
2022-03-29 19:31:34,531.69
2022-03-29 19:31:39,531.69
2022-03-29 19:31:44,531.56
2022-03-29 19:31:49,531.53
2022-03-29 19:31:54,531.4
2022-03-29 19:31:59,528.3363049317713
2022-03-29 19:32:04,531.24
2022-03-29 19:32:09,531.18
2022-03-29 19:32:14,528.267882578939
2022-03-29 19:32:19,531.02
2022-03-29 19:32:24,530.89
2022-03-29 19:32:29,530.82
2022-03-29 19:32:34,530.76
2022-03-29 19:32:39,530.73
2022-03-29 19:32:44,530.67
2022-03-29 19:32:49,530.54
2022-03-29 19:32:54,530.44
2022-03-29 19:32:59,530.38
2022-03-29 19:33:04,530.31
2022-03-29 19:33:09,530.22
2022-03-29 19:33:14,530.15
2022-03-29 19:33:19,530.03
2022-03-29 19:33:24,529.99
2022-03-29 19:33:29,529.86
2022-03-29 19:33:34,527.9052918710837
2022-03-29 19:33:39,529.73
2022-03-29 19:33:44,529.7
2022-03-29 19:33:49,529.58
2022-03-29 19:33:54,529.57
2022-03-29 19:33:59,529.48
2022-03-29 19:34:04,529.42
2022-03-29 19:34:09,529.29
2022-03-29 19:34:14,529.29
2022-03-29 19:34:19,529.22
2022-03-29 19:34:24,529.19
2022-03-29 19:34:29,529.19
2022-03-29 19:34:34,529.13
2022-03-29 19:34:39,529.06
2022-03-29 19:34:44,529.0
2022-03-29 19:34:49,528.97
2022-03-29 19:34:54,528.97
2022-03-29 19:34:59,528.97
2022-03-29 19:35:04,528.9
2022-03-29 19:35:09,528.9
2022-03-29 19:35:14,528.9
2022-03-29 19:35:19,528.9
2022-03-29 19:35:24,528.9
2022-03-29 19:35:29,528.9
2022-03-29 19:35:34,527.3705786768281
2022-03-29 19:35:39,528.99
2022-03-29 19:35:44,528.96
2022-03-29 19:35:49,528.99
2022-03-29 19:35:54,528.99
2022-03-29 19:35:59,527.2602636742465
2022-03-29 19:36:04,529.06
2022-03-29 19:36:09,527.2162199251801
2022-03-29 19:36:14,529.06
2022-03-29 19:36:19,529.12
2022-03-29 19:36:24,529.12
2022-03-29 19:36:29,529.12
2022-03-29 19:36:34,529.12
2022-03-29 19:36:39,529.22
2022-03-29 19:36:44,529.19
2022-03-29 19:36:49,529.22
2022-03-29 19:36:54,529.22
2022-03-29 19:36:59,529.28
2022-03-29 19:37:04,529.28
2022-03-29 19:37:09,529.35
2022-03-29 19:37:14,529.35
2022-03-29 19:37:19,526.908987256567
2022-03-29 19:37:24,529.35
2022-03-29 19:37:29,529.35
2022-03-29 19:37:34,529.41
2022-03-29 19:37:39,529.41
2022-03-29 19:37:44,529.47
2022-03-29 19:37:49,529.47
2022-03-29 19:37:54,529.47
2022-03-29 19:37:59,529.41
2022-03-29 19:38:04,529.47
2022-03-29 19:38:09,526.6903639830773
2022-03-29 19:38:14,529.47
2022-03-29 19:38:19,529.47
2022-03-29 19:38:24,526.6248573794322
2022-03-29 19:38:29,529.47
2022-03-29 19:38:34,529.47
2022-03-29 19:38:39,529.47
2022-03-29 19:38:44,529.47
2022-03-29 19:38:49,529.47
2022-03-29 19:38:54,529.47
2022-03-29 19:38:59,526.4720807468163
2022-03-29 19:39:04,529.4
2022-03-29 19:39:09,529.4
2022-03-29 19:39:14,529.47
2022-03-29 19:39:19,529.47
2022-03-29 19:39:24,526.3629700001862
2022-03-29 19:39:29,529.47
2022-03-29 19:39:34,529.4
2022-03-29 19:39:39,529.4
2022-03-29 19:39:44,529.47
2022-03-29 19:39:49,529.41
2022-03-29 19:39:54,529.47
2022-03-29 19:39:59,529.41
2022-03-29 19:40:04,529.41
2022-03-29 19:40:09,529.47
2022-03-29 19:40:14,529.47
2022-03-29 19:40:19,529.41
2022-03-29 19:40:24,526.1009042818632
2022-03-29 19:40:29,529.5
2022-03-29 19:40:34,529.47
2022-03-29 19:40:39,529.51
2022-03-29 19:40:44,529.64
2022-03-29 19:40:49,529.63
2022-03-29 19:40:54,529.63
2022-03-29 19:40:59,529.64
2022-03-29 19:41:04,529.73
2022-03-29 19:41:09,529.7
2022-03-29 19:41:14,529.74
2022-03-29 19:41:19,525.8600642973486
2022-03-29 19:41:24,529.8
2022-03-29 19:41:29,529.74
2022-03-29 19:41:34,529.8
2022-03-29 19:41:39,529.87
2022-03-29 19:41:44,529.8
2022-03-29 19:41:49,529.8
2022-03-29 19:41:54,529.87
2022-03-29 19:41:59,529.87
2022-03-29 19:42:04,529.94
2022-03-29 19:42:09,529.94
2022-03-29 19:42:14,529.94
2022-03-29 19:42:19,525.5961630565924
2022-03-29 19:42:24,525.5741002513887
2022-03-29 19:42:29,530.03
2022-03-29 19:42:34,525.5299372166937
2022-03-29 19:42:39,530.1
2022-03-29 19:42:44,530.17
2022-03-29 19:42:49,530.17
2022-03-29 19:42:54,530.23
2022-03-29 19:42:59,530.27
2022-03-29 19:43:04,530.26
2022-03-29 19:43:09,530.33
2022-03-29 19:43:14,530.39
2022-03-29 19:43:19,530.46
2022-03-29 19:43:24,530.46
2022-03-29 19:43:29,530.52
2022-03-29 19:43:34,530.52
2022-03-29 19:43:39,530.55
2022-03-29 19:43:44,530.62
2022-03-29 19:43:49,530.68
2022-03-29 19:43:54,530.69
2022-03-29 19:43:59,530.75
2022-03-29 19:44:04,525.1298347847794
2022-03-29 19:44:09,530.84
2022-03-29 19:44:14,530.84
2022-03-29 19:44:19,530.91
2022-03-29 19:44:24,530.98
2022-03-29 19:44:29,530.97
2022-03-29 19:44:34,531.04
2022-03-29 19:44:39,531.07
2022-03-29 19:44:44,531.14
2022-03-29 19:44:49,531.13
2022-03-29 19:44:54,531.2
2022-03-29 19:44:59,531.27
2022-03-29 19:45:04,531.3
2022-03-29 19:45:09,531.36
2022-03-29 19:45:14,531.43
2022-03-29 19:45:19,531.49
2022-03-29 19:45:24,531.55
2022-03-29 19:45:29,531.65
2022-03-29 19:45:34,531.59
2022-03-29 19:45:39,531.65
2022-03-29 19:45:44,531.71
2022-03-29 19:45:49,531.81
2022-03-29 19:45:54,531.81
2022-03-29 19:45:59,531.87
2022-03-29 19:46:04,531.87
2022-03-29 19:46:09,531.94
2022-03-29 19:46:14,532.0
2022-03-29 19:46:19,524.517844265283
2022-03-29 19:46:24,532.1
2022-03-29 19:46:29,532.16
2022-03-29 19:46:34,524.4487458491378
2022-03-29 19:46:39,532.22
2022-03-29 19:46:44,532.29
2022-03-29 19:46:49,532.29
2022-03-29 19:46:54,532.29
2022-03-29 19:46:59,532.32
2022-03-29 19:47:04,532.38
2022-03-29 19:47:09,532.45
2022-03-29 19:47:14,532.38
2022-03-29 19:47:19,532.45
2022-03-29 19:47:24,532.45
2022-03-29 19:47:29,532.51
2022-03-29 19:47:34,532.51
2022-03-29 19:47:39,532.57
2022-03-29 19:47:44,532.57
2022-03-29 19:47:49,532.57
2022-03-29 19:47:54,532.57
2022-03-29 19:47:59,532.57
2022-03-29 19:48:04,532.6
2022-03-29 19:48:09,532.6
2022-03-29 19:48:14,532.6
2022-03-29 19:48:19,532.66
2022-03-29 19:48:24,523.9354425480756
2022-03-29 19:48:29,532.73
2022-03-29 19:48:34,532.66
2022-03-29 19:48:39,532.73
2022-03-29 19:48:44,532.82
2022-03-29 19:48:49,532.82
2022-03-29 19:48:54,532.82
2022-03-29 19:48:59,532.82
2022-03-29 19:49:04,532.89
2022-03-29 19:49:09,532.95
2022-03-29 19:49:14,532.95
2022-03-29 19:49:19,533.02
2022-03-29 19:49:24,532.95
2022-03-29 19:49:29,533.02
2022-03-29 19:49:34,533.02
2022-03-29 19:49:39,533.02
2022-03-29 19:49:44,523.5601521855655
2022-03-29 19:49:49,533.08
2022-03-29 19:49:54,533.11
2022-03-29 19:49:59,533.18
2022-03-29 19:50:04,533.18
2022-03-29 19:50:09,533.18
2022-03-29 19:50:14,533.31
2022-03-29 19:50:19,533.31
2022-03-29 19:50:24,533.31
2022-03-29 19:50:29,533.34
2022-03-29 19:50:34,533.34
2022-03-29 19:50:39,523.304663477091
2022-03-29 19:50:44,533.41
2022-03-29 19:50:49,533.41
2022-03-29 19:50:54,533.47
2022-03-29 19:50:59,523.2127154079697
2022-03-29 19:51:04,533.47
2022-03-29 19:51:09,533.6
2022-03-29 19:51:14,533.61
2022-03-29 19:51:19,533.64
2022-03-29 19:51:24,533.64
2022-03-29 19:51:29,533.7
2022-03-29 19:51:34,533.7
2022-03-29 19:51:39,533.77
2022-03-29 19:51:44,533.83
2022-03-29 19:51:49,533.83
2022-03-29 19:51:54,533.87
2022-03-29 19:51:59,533.86
2022-03-29 19:52:04,533.87
2022-03-29 19:52:09,534.0
2022-03-29 19:52:14,533.93
2022-03-29 19:52:19,534.0
2022-03-29 19:52:24,534.06
2022-03-29 19:52:29,522.808406223754
2022-03-29 19:52:34,534.06
2022-03-29 19:52:39,534.13
2022-03-29 19:52:44,534.13
2022-03-29 19:52:49,534.13
2022-03-29 19:52:54,534.13
2022-03-29 19:52:59,534.16
2022-03-29 19:53:04,534.17
2022-03-29 19:53:09,534.23
2022-03-29 19:53:14,534.29
2022-03-29 19:53:19,534.29
2022-03-29 19:53:24,522.5714772688497
2022-03-29 19:53:29,534.36
2022-03-29 19:53:34,534.39
2022-03-29 19:53:39,534.39
2022-03-29 19:53:44,534.39
2022-03-29 19:53:49,522.4669813375623
2022-03-29 19:53:54,534.45
2022-03-29 19:53:59,534.46
2022-03-29 19:54:04,534.46
2022-03-29 19:54:09,534.45
2022-03-29 19:54:14,534.52
2022-03-29 19:54:19,534.52
2022-03-29 19:54:24,534.52
2022-03-29 19:54:29,534.52
2022-03-29 19:54:34,534.52
2022-03-29 19:54:39,534.59
2022-03-29 19:54:44,534.58
2022-03-29 19:54:49,534.65
2022-03-29 19:54:54,522.2062804531454
2022-03-29 19:54:59,534.58
2022-03-29 19:55:04,522.1677256485978
2022-03-29 19:55:09,522.1486150876694
2022-03-29 19:55:14,534.52
2022-03-29 19:55:19,522.1107348603556
2022-03-29 19:55:24,534.39
2022-03-29 19:55:29,534.36
2022-03-29 19:55:34,534.23
2022-03-29 19:55:39,534.16
2022-03-29 19:55:44,534.07
2022-03-29 19:55:49,534.0
2022-03-29 19:55:54,533.87
2022-03-29 19:55:59,533.78
2022-03-29 19:56:04,533.71
2022-03-29 19:56:09,521.9285266309433
2022-03-29 19:56:14,533.42
2022-03-29 19:56:19,533.33
2022-03-29 19:56:24,533.2
2022-03-29 19:56:29,521.859215423162
2022-03-29 19:56:34,532.97
2022-03-29 19:56:39,532.81
2022-03-29 19:56:44,532.68
2022-03-29 19:56:49,532.58
2022-03-29 19:56:54,532.45
2022-03-29 19:56:59,532.32
2022-03-29 19:57:04,532.23
2022-03-29 19:57:09,532.1
2022-03-29 19:57:14,531.94
2022-03-29 19:57:19,531.87
2022-03-29 19:57:24,531.71
2022-03-29 19:57:29,531.58
2022-03-29 19:57:34,531.55
2022-03-29 19:57:39,531.42
2022-03-29 19:57:44,531.29
2022-03-29 19:57:49,531.26
2022-03-29 19:57:54,531.13
2022-03-29 19:57:59,521.5756210111358
2022-03-29 19:58:04,530.9
2022-03-29 19:58:09,530.77
2022-03-29 19:58:14,530.74
2022-03-29 19:58:19,530.61
2022-03-29 19:58:24,530.55
2022-03-29 19:58:29,530.38
2022-03-29 19:58:34,530.32
2022-03-29 19:58:39,530.22
2022-03-29 19:58:44,530.09
2022-03-29 19:58:49,529.99
2022-03-29 19:58:54,521.4276460278085
2022-03-29 19:58:59,529.8
2022-03-29 19:59:04,529.71
2022-03-29 19:59:09,529.64
2022-03-29 19:59:14,529.51
2022-03-29 19:59:19,529.51
2022-03-29 19:59:24,529.42
2022-03-29 19:59:29,529.35
2022-03-29 19:59:34,529.28
2022-03-29 19:59:39,529.19
2022-03-29 19:59:44,529.13
2022-03-29 19:59:49,529.0
2022-03-29 19:59:54,528.99
2022-03-29 19:59:59,521.2806934616324
2022-03-29 20:00:04,521.2707266891541
2022-03-29 20:00:09,521.2609581672526
2022-03-29 20:00:14,528.71
2022-03-29 20:00:19,521.2420216446612
2022-03-29 20:00:24,528.55
2022-03-29 20:00:29,528.48
2022-03-29 20:00:34,528.45
2022-03-29 20:00:39,528.39
2022-03-29 20:00:44,528.26
2022-03-29 20:00:49,528.16
2022-03-29 20:00:54,528.16
2022-03-29 20:00:59,528.03
2022-03-29 20:01:04,527.94
2022-03-29 20:01:09,527.88
2022-03-29 20:01:14,527.75
2022-03-29 20:01:19,527.68
2022-03-29 20:01:24,527.59
2022-03-29 20:01:29,527.52
2022-03-29 20:01:34,527.43
2022-03-29 20:01:39,527.36
2022-03-29 20:01:44,527.3
2022-03-29 20:01:49,527.17
2022-03-29 20:01:54,527.14
2022-03-29 20:01:59,527.01
2022-03-29 20:02:04,526.95
2022-03-29 20:02:09,526.85
2022-03-29 20:02:14,521.0842616398602
2022-03-29 20:02:19,526.66
2022-03-29 20:02:24,526.56
2022-03-29 20:02:29,526.5
2022-03-29 20:02:34,526.34
2022-03-29 20:02:39,526.27
2022-03-29 20:02:44,526.21
2022-03-29 20:02:49,526.15
2022-03-29 20:02:54,526.12
2022-03-29 20:02:59,525.99
2022-03-29 20:03:04,525.89
2022-03-29 20:03:09,525.82
2022-03-29 20:03:14,525.76
2022-03-29 20:03:19,525.7
2022-03-29 20:03:24,525.6
2022-03-29 20:03:29,525.54
2022-03-29 20:03:34,525.47
2022-03-29 20:03:39,525.41
2022-03-29 20:03:44,525.37
2022-03-29 20:03:49,521.0355094502166
2022-03-29 20:03:54,525.18
2022-03-29 20:03:59,525.18
2022-03-29 20:04:04,525.12
2022-03-29 20:04:09,521.0341505172697
2022-03-29 20:04:14,521.034279991762
2022-03-29 20:04:19,525.02
2022-03-29 20:04:24,524.96
2022-03-29 20:04:29,524.96
2022-03-29 20:04:34,524.96
2022-03-29 20:04:39,524.96
2022-03-29 20:04:44,524.89
2022-03-29 20:04:49,524.89
2022-03-29 20:04:54,521.0419573867719
2022-03-29 20:04:59,521.0437362040873
2022-03-29 20:05:04,521.0456945960682
2022-03-29 20:05:09,524.86
2022-03-29 20:05:14,524.86
2022-03-29 20:05:19,524.86
2022-03-29 20:05:24,524.86
2022-03-29 20:05:29,521.058154376416
2022-03-29 20:05:34,524.86
2022-03-29 20:05:39,524.86
2022-03-29 20:05:44,524.86
2022-03-29 20:05:49,524.86
2022-03-29 20:05:54,524.86
2022-03-29 20:05:59,521.0788780166952
2022-03-29 20:06:04,521.0829338085483
2022-03-29 20:06:09,524.89
2022-03-29 20:06:14,521.0915546310647
2022-03-29 20:06:19,524.89
2022-03-29 20:06:24,521.1008495244638
2022-03-29 20:06:29,524.85
2022-03-29 20:06:34,524.89
2022-03-29 20:06:39,524.85
2022-03-29 20:06:44,524.85
2022-03-29 20:06:49,524.85
2022-03-29 20:06:54,521.1327196595842
2022-03-29 20:06:59,524.85
2022-03-29 20:07:04,524.85
2022-03-29 20:07:09,524.85
2022-03-29 20:07:14,524.85
2022-03-29 20:07:19,524.85
2022-03-29 20:07:24,524.85
2022-03-29 20:07:29,524.88
2022-03-29 20:07:34,524.88
2022-03-29 20:07:39,524.94
2022-03-29 20:07:44,524.94
2022-03-29 20:07:49,524.94
2022-03-29 20:07:54,524.94
2022-03-29 20:07:59,524.94
2022-03-29 20:08:04,525.0
2022-03-29 20:08:09,525.0
2022-03-29 20:08:14,525.0
2022-03-29 20:08:19,525.06
2022-03-29 20:08:24,525.06
2022-03-29 20:08:29,525.06
2022-03-29 20:08:34,525.09
2022-03-29 20:08:39,525.16
2022-03-29 20:08:44,521.2984531338801
2022-03-29 20:08:49,521.3077294566153
2022-03-29 20:08:54,525.22
2022-03-29 20:08:59,525.29
2022-03-29 20:09:04,525.29
2022-03-29 20:09:09,525.38
2022-03-29 20:09:14,525.38
2022-03-29 20:09:19,521.3664205942188
2022-03-29 20:09:24,521.3767011041414
2022-03-29 20:09:29,525.58
2022-03-29 20:09:34,525.67
2022-03-29 20:09:39,525.8
2022-03-29 20:09:44,525.87
2022-03-29 20:09:49,525.96
2022-03-29 20:09:54,526.09
2022-03-29 20:09:59,526.12
2022-03-29 20:10:04,526.25
2022-03-29 20:10:09,526.38
2022-03-29 20:10:14,526.48
2022-03-29 20:10:19,521.4988979931614
2022-03-29 20:10:24,526.77
2022-03-29 20:10:29,526.9
2022-03-29 20:10:34,527.0
2022-03-29 20:10:39,521.547356775639
2022-03-29 20:10:44,527.35
2022-03-29 20:10:49,527.45
2022-03-29 20:10:54,527.64
2022-03-29 20:10:59,527.8
2022-03-29 20:11:04,527.96
2022-03-29 20:11:09,528.16
2022-03-29 20:11:14,528.38
2022-03-29 20:11:19,521.6504407570526
2022-03-29 20:11:24,528.67
2022-03-29 20:11:29,528.9
2022-03-29 20:11:34,529.0
2022-03-29 20:11:39,529.22
2022-03-29 20:11:44,529.42
2022-03-29 20:11:49,529.64
2022-03-29 20:11:54,529.74
2022-03-29 20:11:59,530.0
2022-03-29 20:12:04,530.16
2022-03-29 20:12:09,530.38
2022-03-29 20:12:14,530.55
2022-03-29 20:12:19,521.8197751258537
2022-03-29 20:12:24,530.97
2022-03-29 20:12:29,531.19
2022-03-29 20:12:34,521.8647393875666
2022-03-29 20:12:39,531.58
2022-03-29 20:12:44,531.78
2022-03-29 20:12:49,531.94
2022-03-29 20:12:54,532.1
2022-03-29 20:12:59,532.32
2022-03-29 20:13:04,532.52
2022-03-29 20:13:09,532.68
2022-03-29 20:13:14,532.84
2022-03-29 20:13:19,532.97
2022-03-29 20:13:24,533.13
2022-03-29 20:13:29,533.32
2022-03-29 20:13:34,533.49
2022-03-29 20:13:39,533.55
2022-03-29 20:13:44,533.71
2022-03-29 20:13:49,533.88
2022-03-29 20:13:54,534.07
2022-03-29 20:13:59,534.17
2022-03-29 20:14:04,534.3
2022-03-29 20:14:09,534.46
2022-03-29 20:14:14,522.1894144561046
2022-03-29 20:14:19,534.65
2022-03-29 20:14:24,534.69
2022-03-29 20:14:29,534.81
2022-03-29 20:14:34,534.88
2022-03-29 20:14:39,534.98
2022-03-29 20:14:44,535.11
2022-03-29 20:14:49,535.21
2022-03-29 20:14:54,535.27
2022-03-29 20:14:59,535.33
2022-03-29 20:15:04,522.3667835463079
2022-03-29 20:15:09,535.43
2022-03-29 20:15:14,535.44
2022-03-29 20:15:19,535.57
2022-03-29 20:15:24,535.63
2022-03-29 20:15:29,535.7
2022-03-29 20:15:34,535.73
2022-03-29 20:15:39,535.73
2022-03-29 20:15:44,522.5152342013857
2022-03-29 20:15:49,535.79
2022-03-29 20:15:54,535.86
2022-03-29 20:15:59,535.86
2022-03-29 20:16:04,535.86
2022-03-29 20:16:09,535.93
2022-03-29 20:16:14,535.93
2022-03-29 20:16:19,535.86
2022-03-29 20:16:24,535.96
2022-03-29 20:16:29,522.6887904115557
2022-03-29 20:16:34,535.93
2022-03-29 20:16:39,535.93
2022-03-29 20:16:44,535.87
2022-03-29 20:16:49,535.87
2022-03-29 20:16:54,522.7880623276176
2022-03-29 20:16:59,535.87
2022-03-29 20:17:04,535.87
2022-03-29 20:17:09,535.87
2022-03-29 20:17:14,535.81
2022-03-29 20:17:19,535.81
2022-03-29 20:17:24,535.81
2022-03-29 20:17:29,535.81
2022-03-29 20:17:34,535.75
2022-03-29 20:17:39,535.81
2022-03-29 20:17:44,535.75
2022-03-29 20:17:49,535.75
2022-03-29 20:17:54,535.72
2022-03-29 20:17:59,535.72
2022-03-29 20:18:04,535.65
2022-03-29 20:18:09,535.66
2022-03-29 20:18:14,535.66
2022-03-29 20:18:19,535.59
2022-03-29 20:18:24,535.53
2022-03-29 20:18:29,523.1824603298154
2022-03-29 20:18:34,535.47
2022-03-29 20:18:39,535.37
2022-03-29 20:18:44,535.44
2022-03-29 20:18:49,535.37
2022-03-29 20:18:54,535.31
2022-03-29 20:18:59,523.3122308948033
2022-03-29 20:19:04,535.22
2022-03-29 20:19:09,535.15
2022-03-29 20:19:14,535.09
2022-03-29 20:19:19,535.03
2022-03-29 20:19:24,534.96
2022-03-29 20:19:29,534.97
2022-03-29 20:19:34,534.87
2022-03-29 20:19:39,534.81
2022-03-29 20:19:44,534.81
2022-03-29 20:19:49,523.5335615214057
2022-03-29 20:19:54,523.55602396508
2022-03-29 20:19:59,523.5785440430786
2022-03-29 20:20:04,534.58
2022-03-29 20:20:09,534.52
2022-03-29 20:20:14,534.43
2022-03-29 20:20:19,534.36
2022-03-29 20:20:24,534.3
2022-03-29 20:20:29,534.3
2022-03-29 20:20:34,534.24
2022-03-29 20:20:39,534.14
2022-03-29 20:20:44,534.08
2022-03-29 20:20:49,534.02
2022-03-29 20:20:54,533.92
2022-03-29 20:20:59,533.92
2022-03-29 20:21:04,533.8
2022-03-29 20:21:09,533.8
2022-03-29 20:21:14,533.73
2022-03-29 20:21:19,533.7
2022-03-29 20:21:24,533.58
2022-03-29 20:21:29,523.993118773653
2022-03-29 20:21:34,533.51
2022-03-29 20:21:39,524.0401813550151
2022-03-29 20:21:44,533.35
2022-03-29 20:21:49,533.29
2022-03-29 20:21:54,533.23
2022-03-29 20:21:59,533.19
2022-03-29 20:22:04,533.13
2022-03-29 20:22:09,533.07
2022-03-29 20:22:14,533.01
2022-03-29 20:22:19,532.91
2022-03-29 20:22:24,532.91
2022-03-29 20:22:29,532.78
2022-03-29 20:22:34,532.72
2022-03-29 20:22:39,532.69
2022-03-29 20:22:44,532.56
2022-03-29 20:22:49,532.56
2022-03-29 20:22:54,532.56
2022-03-29 20:22:59,532.43
2022-03-29 20:23:04,532.4
2022-03-29 20:23:09,524.4714488032491
2022-03-29 20:23:14,532.34
2022-03-29 20:23:19,532.27
2022-03-29 20:23:24,532.18
2022-03-29 20:23:29,532.18
2022-03-29 20:23:34,532.11
2022-03-29 20:23:39,532.05
2022-03-29 20:23:44,524.6424654414698
2022-03-29 20:23:49,531.99
2022-03-29 20:23:54,531.92
2022-03-29 20:23:59,531.89
2022-03-29 20:24:04,531.83
2022-03-29 20:24:09,531.76
2022-03-29 20:24:14,531.83
2022-03-29 20:24:19,531.76
2022-03-29 20:24:24,531.76
2022-03-29 20:24:29,531.76
2022-03-29 20:24:34,531.7
2022-03-29 20:24:39,531.7
2022-03-29 20:24:44,531.7
2022-03-29 20:24:49,531.7
2022-03-29 20:24:54,531.67
2022-03-29 20:24:59,531.7
2022-03-29 20:25:04,531.7
2022-03-29 20:25:09,531.7
2022-03-29 20:25:14,531.7
2022-03-29 20:25:19,525.1139325900002
2022-03-29 20:25:24,531.76
2022-03-29 20:25:29,531.83
2022-03-29 20:25:34,531.83
2022-03-29 20:25:39,531.89
2022-03-29 20:25:44,531.89
2022-03-29 20:25:49,531.92
2022-03-29 20:25:54,525.2897489515759
2022-03-29 20:25:59,532.05
2022-03-29 20:26:04,532.18
2022-03-29 20:26:09,532.12
2022-03-29 20:26:14,532.18
2022-03-29 20:26:19,532.21
2022-03-29 20:26:24,525.4411220521554
2022-03-29 20:26:29,525.4664021318903
2022-03-29 20:26:34,525.4916953465764
2022-03-29 20:26:39,532.5
2022-03-29 20:26:44,532.64
2022-03-29 20:26:49,532.73
2022-03-29 20:26:54,532.79
2022-03-29 20:26:59,525.618338729359
2022-03-29 20:27:04,532.95
2022-03-29 20:27:09,533.02
2022-03-29 20:27:14,533.09
2022-03-29 20:27:19,533.21
2022-03-29 20:27:24,533.25
2022-03-29 20:27:29,533.31
2022-03-29 20:27:34,533.44
2022-03-29 20:27:39,533.54
2022-03-29 20:27:44,533.54
2022-03-29 20:27:49,525.8722867284063
2022-03-29 20:27:54,533.77
2022-03-29 20:27:59,533.89
2022-03-29 20:28:04,533.96
2022-03-29 20:28:09,534.06
2022-03-29 20:28:14,534.12
2022-03-29 20:28:19,534.18
2022-03-29 20:28:24,526.0503291270621
2022-03-29 20:28:29,526.0757689794564
2022-03-29 20:28:34,534.47
2022-03-29 20:28:39,534.51
2022-03-29 20:28:44,534.64
2022-03-29 20:28:49,534.7
2022-03-29 20:28:54,534.77
2022-03-29 20:28:59,534.8
2022-03-29 20:29:04,534.86
2022-03-29 20:29:09,534.93
2022-03-29 20:29:14,535.03
2022-03-29 20:29:19,535.03
2022-03-29 20:29:24,535.16
2022-03-29 20:29:29,535.22
2022-03-29 20:29:34,535.29
2022-03-29 20:29:39,535.29
2022-03-29 20:29:44,535.38
2022-03-29 20:29:49,535.39
2022-03-29 20:29:54,535.52
2022-03-29 20:29:59,535.52
2022-03-29 20:30:04,535.55
2022-03-29 20:30:09,535.68
2022-03-29 20:30:14,535.68
2022-03-29 20:30:19,535.75
2022-03-29 20:30:24,535.75
2022-03-29 20:30:29,535.84
2022-03-29 20:30:34,535.85
2022-03-29 20:30:39,535.85
2022-03-29 20:30:44,535.98
2022-03-29 20:30:49,535.98
2022-03-29 20:30:54,536.04
2022-03-29 20:30:59,536.08
2022-03-29 20:31:04,536.14
2022-03-29 20:31:09,536.14
2022-03-29 20:31:14,536.21
2022-03-29 20:31:19,526.9372924383532
2022-03-29 20:31:24,536.27
2022-03-29 20:31:29,536.27
2022-03-29 20:31:34,536.27
2022-03-29 20:31:39,536.34
2022-03-29 20:31:44,536.37
2022-03-29 20:31:49,536.44
2022-03-29 20:31:54,536.44
2022-03-29 20:31:59,536.5
2022-03-29 20:32:04,536.57
2022-03-29 20:32:09,536.6
2022-03-29 20:32:14,536.6
2022-03-29 20:32:19,536.6
2022-03-29 20:32:24,536.67
2022-03-29 20:32:29,536.67
2022-03-29 20:32:34,536.73
2022-03-29 20:32:39,536.73
2022-03-29 20:32:44,536.8
2022-03-29 20:32:49,536.8
2022-03-29 20:32:54,536.9
2022-03-29 20:32:59,536.9
2022-03-29 20:33:04,536.9
2022-03-29 20:33:09,536.9
2022-03-29 20:33:14,536.96
2022-03-29 20:33:19,536.96
2022-03-29 20:33:24,537.03
2022-03-29 20:33:29,537.03
2022-03-29 20:33:34,537.02
2022-03-29 20:33:39,537.09
2022-03-29 20:33:44,537.02
2022-03-29 20:33:49,537.03
2022-03-29 20:33:54,537.03
2022-03-29 20:33:59,537.02
2022-03-29 20:34:04,537.09
2022-03-29 20:34:09,537.09
2022-03-29 20:34:14,527.805816868829
2022-03-29 20:34:19,537.03
2022-03-29 20:34:24,537.09
2022-03-29 20:34:29,527.8788641830888
2022-03-29 20:34:34,527.9031541535088
2022-03-29 20:34:39,536.96
2022-03-29 20:34:44,527.9516430633626
2022-03-29 20:34:49,536.9
2022-03-29 20:34:54,536.87
2022-03-29 20:34:59,536.87
2022-03-29 20:35:04,536.8
2022-03-29 20:35:09,536.67
2022-03-29 20:35:14,536.67
2022-03-29 20:35:19,536.67
2022-03-29 20:35:24,536.57
2022-03-29 20:35:29,536.51
2022-03-29 20:35:34,528.1921660484908
2022-03-29 20:35:39,536.35
2022-03-29 20:35:44,536.28
2022-03-29 20:35:49,536.22
2022-03-29 20:35:54,536.15
2022-03-29 20:35:59,536.09
2022-03-29 20:36:04,535.99
2022-03-29 20:36:09,528.3584802822854
2022-03-29 20:36:14,535.86
2022-03-29 20:36:19,528.4056661399349
2022-03-29 20:36:24,528.4292017117104
2022-03-29 20:36:29,535.7
2022-03-29 20:36:34,535.63
2022-03-29 20:36:39,528.499574339867
2022-03-29 20:36:44,535.47
2022-03-29 20:36:49,535.34
2022-03-29 20:36:54,535.34
2022-03-29 20:36:59,535.31
2022-03-29 20:37:04,535.18
2022-03-29 20:37:09,535.05
2022-03-29 20:37:14,535.02
2022-03-29 20:37:19,528.6854497107698
2022-03-29 20:37:24,534.83
2022-03-29 20:37:29,534.79
2022-03-29 20:37:34,534.67
2022-03-29 20:37:39,534.6
2022-03-29 20:37:44,534.51
2022-03-29 20:37:49,534.44
2022-03-29 20:37:54,534.38
2022-03-29 20:37:59,534.28
2022-03-29 20:38:04,534.15
2022-03-29 20:38:09,528.9138982515882
2022-03-29 20:38:14,534.09
2022-03-29 20:38:19,528.9590374768912
2022-03-29 20:38:24,533.93
2022-03-29 20:38:29,533.87
2022-03-29 20:38:34,529.0263877037679
2022-03-29 20:38:39,533.71
2022-03-29 20:38:44,533.64
2022-03-29 20:38:49,533.57
2022-03-29 20:38:54,533.48
2022-03-29 20:38:59,533.48
2022-03-29 20:39:04,533.35
2022-03-29 20:39:09,533.29
2022-03-29 20:39:14,533.26
2022-03-29 20:39:19,529.225758546205
2022-03-29 20:39:24,529.2476543168311
2022-03-29 20:39:29,533.07
2022-03-29 20:39:34,533.0
2022-03-29 20:39:39,532.97
2022-03-29 20:39:44,532.84
2022-03-29 20:39:49,532.84
2022-03-29 20:39:54,532.78
2022-03-29 20:39:59,532.75
2022-03-29 20:40:04,532.75
2022-03-29 20:40:09,529.4422966950564
2022-03-29 20:40:14,529.4636476683829
2022-03-29 20:40:19,532.56
2022-03-29 20:40:24,532.56
2022-03-29 20:40:29,532.49
2022-03-29 20:40:34,532.49
2022-03-29 20:40:39,532.5
2022-03-29 20:40:44,532.5
2022-03-29 20:40:49,532.47
2022-03-29 20:40:54,532.46
2022-03-29 20:40:59,532.4
2022-03-29 20:41:04,529.6739795106838
2022-03-29 20:41:09,532.46
2022-03-29 20:41:14,532.4
2022-03-29 20:41:19,532.4
2022-03-29 20:41:24,532.4
2022-03-29 20:41:29,532.4
2022-03-29 20:41:34,532.47
2022-03-29 20:41:39,532.47
2022-03-29 20:41:44,532.4
2022-03-29 20:41:49,532.4
2022-03-29 20:41:54,532.47
2022-03-29 20:41:59,532.47
2022-03-29 20:42:04,532.47
2022-03-29 20:42:09,532.56
2022-03-29 20:42:14,532.5
2022-03-29 20:42:19,529.9780126523588
2022-03-29 20:42:24,532.63
2022-03-29 20:42:29,532.63
2022-03-29 20:42:34,530.0370705367276
2022-03-29 20:42:39,532.7
2022-03-29 20:42:44,530.0761056765735
2022-03-29 20:42:49,532.76
2022-03-29 20:42:54,532.79
2022-03-29 20:42:59,532.85
2022-03-29 20:43:04,532.92
2022-03-29 20:43:09,532.98
2022-03-29 20:43:14,533.08
2022-03-29 20:43:19,533.08
2022-03-29 20:43:24,533.21
2022-03-29 20:43:29,533.21
2022-03-29 20:43:34,533.31
2022-03-29 20:43:39,533.37
2022-03-29 20:43:44,533.37
2022-03-29 20:43:49,533.53
2022-03-29 20:43:54,533.59
2022-03-29 20:43:59,533.66
2022-03-29 20:44:04,533.72
2022-03-29 20:44:09,533.79
2022-03-29 20:44:14,533.82
2022-03-29 20:44:19,533.95
2022-03-29 20:44:24,530.4505280488212
2022-03-29 20:44:29,534.04
2022-03-29 20:44:34,534.11
2022-03-29 20:44:39,534.17
2022-03-29 20:44:44,534.24
2022-03-29 20:44:49,534.33
2022-03-29 20:44:54,534.4
2022-03-29 20:44:59,534.46
2022-03-29 20:45:04,534.46
2022-03-29 20:45:09,534.55
2022-03-29 20:45:14,534.62
2022-03-29 20:45:19,534.62
2022-03-29 20:45:24,534.75
2022-03-29 20:45:29,534.81
2022-03-29 20:45:34,534.84
2022-03-29 20:45:39,534.9
2022-03-29 20:45:44,534.97
2022-03-29 20:45:49,535.03
2022-03-29 20:45:54,535.06
2022-03-29 20:45:59,535.19
2022-03-29 20:46:04,535.19
2022-03-29 20:46:09,535.32
2022-03-29 20:46:14,535.35
2022-03-29 20:46:19,530.8362334343087
2022-03-29 20:46:24,535.48
2022-03-29 20:46:29,535.58
2022-03-29 20:46:34,535.58
2022-03-29 20:46:39,535.64
2022-03-29 20:46:44,535.7
2022-03-29 20:46:49,535.77
2022-03-29 20:46:54,535.83
2022-03-29 20:46:59,535.86
2022-03-29 20:47:04,535.87
2022-03-29 20:47:09,535.93
2022-03-29 20:47:14,535.99
2022-03-29 20:47:19,536.06
2022-03-29 20:47:24,536.06
2022-03-29 20:47:29,536.09
2022-03-29 20:47:34,531.0543730971942
2022-03-29 20:47:39,536.15
2022-03-29 20:47:44,536.16
2022-03-29 20:47:49,531.094329049948
2022-03-29 20:47:54,536.21
2022-03-29 20:47:59,536.22
2022-03-29 20:48:04,531.1329744356301
2022-03-29 20:48:09,536.28
2022-03-29 20:48:14,536.22
2022-03-29 20:48:19,536.28
2022-03-29 20:48:24,536.35
2022-03-29 20:48:29,531.1943702667642
2022-03-29 20:48:34,536.28
2022-03-29 20:48:39,536.28
2022-03-29 20:48:44,536.28
2022-03-29 20:48:49,536.22
2022-03-29 20:48:54,536.22
2022-03-29 20:48:59,536.22
2022-03-29 20:49:04,536.22
2022-03-29 20:49:09,536.22
2022-03-29 20:49:14,536.16
2022-03-29 20:49:19,536.16
2022-03-29 20:49:24,536.16
2022-03-29 20:49:29,536.16
2022-03-29 20:49:34,536.09
2022-03-29 20:49:39,536.09
2022-03-29 20:49:44,531.354378857297
2022-03-29 20:49:49,536.0
2022-03-29 20:49:54,535.99
2022-03-29 20:49:59,536.0
2022-03-29 20:50:04,535.87
2022-03-29 20:50:09,535.87
2022-03-29 20:50:14,535.84
2022-03-29 20:50:19,535.84
2022-03-29 20:50:24,531.4237070763619
2022-03-29 20:50:29,535.78
2022-03-29 20:50:34,535.71
2022-03-29 20:50:39,535.65
2022-03-29 20:50:44,535.58
2022-03-29 20:50:49,535.55
2022-03-29 20:50:54,535.58
2022-03-29 20:50:59,535.55
2022-03-29 20:51:04,535.49
2022-03-29 20:51:09,535.49
2022-03-29 20:51:14,535.43
2022-03-29 20:51:19,535.43
2022-03-29 20:51:24,535.33
2022-03-29 20:51:29,535.33
2022-03-29 20:51:34,535.27
2022-03-29 20:51:39,535.2
2022-03-29 20:51:44,535.2
2022-03-29 20:51:49,535.14
2022-03-29 20:51:54,535.14
2022-03-29 20:51:59,535.07
2022-03-29 20:52:04,535.04
2022-03-29 20:52:09,534.98
2022-03-29 20:52:14,534.98
2022-03-29 20:52:19,534.91
2022-03-29 20:52:24,534.85
2022-03-29 20:52:29,534.85
2022-03-29 20:52:34,534.82
2022-03-29 20:52:39,534.82
2022-03-29 20:52:44,534.75
2022-03-29 20:52:49,534.75
2022-03-29 20:52:54,534.75
2022-03-29 20:52:59,534.69
2022-03-29 20:53:04,534.69
2022-03-29 20:53:09,534.62
2022-03-29 20:53:14,534.69
2022-03-29 20:53:19,534.62
2022-03-29 20:53:24,531.5764571220421
2022-03-29 20:53:29,534.56
2022-03-29 20:53:34,534.53
2022-03-29 20:53:39,531.576165769089
2022-03-29 20:53:44,534.53
2022-03-29 20:53:49,534.46
2022-03-29 20:53:54,534.46
2022-03-29 20:53:59,534.4
2022-03-29 20:54:04,534.4
2022-03-29 20:54:09,534.39
2022-03-29 20:54:14,534.33
2022-03-29 20:54:19,534.33
2022-03-29 20:54:24,534.3
2022-03-29 20:54:29,534.3
2022-03-29 20:54:34,534.3
2022-03-29 20:54:39,534.3
2022-03-29 20:54:44,534.23
2022-03-29 20:54:49,534.23
2022-03-29 20:54:54,534.23
2022-03-29 20:54:59,534.23
2022-03-29 20:55:04,531.5323165962819
2022-03-29 20:55:09,534.17
2022-03-29 20:55:14,534.16
2022-03-29 20:55:19,534.23
2022-03-29 20:55:24,534.1
2022-03-29 20:55:29,534.16
2022-03-29 20:55:34,534.1
2022-03-29 20:55:39,531.492371307146
2022-03-29 20:55:44,534.03
2022-03-29 20:55:49,534.03
2022-03-29 20:55:54,534.03
2022-03-29 20:55:59,534.03
2022-03-29 20:56:04,534.0
2022-03-29 20:56:09,534.0
2022-03-29 20:56:14,531.4389612018826
2022-03-29 20:56:19,534.02
2022-03-29 20:56:24,533.99
2022-03-29 20:56:29,533.93
2022-03-29 20:56:34,533.99
2022-03-29 20:56:39,531.3923062661394
2022-03-29 20:56:44,533.99
2022-03-29 20:56:49,533.93
2022-03-29 20:56:54,533.99
2022-03-29 20:56:59,533.86
2022-03-29 20:57:04,533.92
2022-03-29 20:57:09,533.86
2022-03-29 20:57:14,533.92
2022-03-29 20:57:19,533.86
2022-03-29 20:57:24,533.86
2022-03-29 20:57:29,533.79
2022-03-29 20:57:34,533.79
2022-03-29 20:57:39,533.79
2022-03-29 20:57:44,533.79
2022-03-29 20:57:49,533.76
2022-03-29 20:57:54,533.76
2022-03-29 20:57:59,533.76
2022-03-29 20:58:04,533.76
2022-03-29 20:58:09,533.76
2022-03-29 20:58:14,533.76
2022-03-29 20:58:19,533.69
2022-03-29 20:58:24,533.69
2022-03-29 20:58:29,533.7
2022-03-29 20:58:34,533.69
2022-03-29 20:58:39,533.63
2022-03-29 20:58:44,533.7
2022-03-29 20:58:49,533.63
2022-03-29 20:58:54,533.56
2022-03-29 20:58:59,533.57
2022-03-29 20:59:04,533.57
2022-03-29 20:59:09,533.5
2022-03-29 20:59:14,533.5
2022-03-29 20:59:19,533.5
2022-03-29 20:59:24,533.5
2022-03-29 20:59:29,533.47
2022-03-29 20:59:34,533.47
2022-03-29 20:59:39,533.47
2022-03-29 20:59:44,533.47
2022-03-29 20:59:49,533.47
2022-03-29 20:59:54,533.41
2022-03-29 20:59:59,533.41
2022-03-29 21:00:04,533.35
2022-03-29 21:00:09,533.41
2022-03-29 21:00:14,533.35
2022-03-29 21:00:19,533.35
2022-03-29 21:00:24,533.35
2022-03-29 21:00:29,533.28
2022-03-29 21:00:34,533.28
2022-03-29 21:00:39,533.25
2022-03-29 21:00:44,530.5690250525297
2022-03-29 21:00:49,533.25
2022-03-29 21:00:54,533.25
2022-03-29 21:00:59,530.5005027621072
2022-03-29 21:01:04,530.477296211325
2022-03-29 21:01:09,533.13
2022-03-29 21:01:14,533.06
2022-03-29 21:01:19,533.06
2022-03-29 21:01:24,533.06
2022-03-29 21:01:29,530.3586467251758
2022-03-29 21:01:34,533.0
2022-03-29 21:01:39,532.96
2022-03-29 21:01:44,532.97
2022-03-29 21:01:49,532.9
2022-03-29 21:01:54,532.84
2022-03-29 21:01:59,532.84
2022-03-29 21:02:04,530.1857229144805
2022-03-29 21:02:09,532.77
2022-03-29 21:02:14,532.77
2022-03-29 21:02:19,532.74
2022-03-29 21:02:24,532.74
2022-03-29 21:02:29,532.68
2022-03-29 21:02:34,532.68
2022-03-29 21:02:39,532.68
2022-03-29 21:02:44,532.61
2022-03-29 21:02:49,532.61
2022-03-29 21:02:54,532.61
2022-03-29 21:02:59,532.55
2022-03-29 21:03:04,532.55
2022-03-29 21:03:09,532.48
2022-03-29 21:03:14,529.8196106790485
2022-03-29 21:03:19,532.45
2022-03-29 21:03:24,532.38
2022-03-29 21:03:29,532.32
2022-03-29 21:03:34,532.32
2022-03-29 21:03:39,532.32
2022-03-29 21:03:44,532.26
2022-03-29 21:03:49,532.26
2022-03-29 21:03:54,532.22
2022-03-29 21:03:59,532.25
2022-03-29 21:04:04,532.22
2022-03-29 21:04:09,532.22
2022-03-29 21:04:14,532.22
2022-03-29 21:04:19,532.22
2022-03-29 21:04:24,532.15
2022-03-29 21:04:29,532.22
2022-03-29 21:04:34,532.15
2022-03-29 21:04:39,532.22
2022-03-29 21:04:44,532.15
2022-03-29 21:04:49,532.22
2022-03-29 21:04:54,532.22
2022-03-29 21:04:59,532.25
2022-03-29 21:05:04,532.25
2022-03-29 21:05:09,532.25
2022-03-29 21:05:14,532.24
2022-03-29 21:05:19,532.24
2022-03-29 21:05:24,532.31
2022-03-29 21:05:29,529.0621637690051
2022-03-29 21:05:34,532.44
2022-03-29 21:05:39,532.44
2022-03-29 21:05:44,532.44
2022-03-29 21:05:49,532.47
2022-03-29 21:05:54,528.9179235927385
2022-03-29 21:05:59,532.59
2022-03-29 21:06:04,532.59
2022-03-29 21:06:09,532.66
2022-03-29 21:06:14,528.8022457283296
2022-03-29 21:06:19,528.7733100363059
2022-03-29 21:06:24,532.75
2022-03-29 21:06:29,532.81
2022-03-29 21:06:34,532.88
2022-03-29 21:06:39,532.94
2022-03-29 21:06:44,532.94
2022-03-29 21:06:49,532.97
2022-03-29 21:06:54,533.1
2022-03-29 21:06:59,533.1
2022-03-29 21:07:04,533.16
2022-03-29 21:07:09,533.23
2022-03-29 21:07:14,533.26
2022-03-29 21:07:19,528.4268196894333
2022-03-29 21:07:24,533.32
2022-03-29 21:07:29,533.39
2022-03-29 21:07:34,528.3407477685702
2022-03-29 21:07:39,533.55
2022-03-29 21:07:44,533.61
2022-03-29 21:07:49,533.68
2022-03-29 21:07:54,533.68
2022-03-29 21:07:59,533.77
2022-03-29 21:08:04,533.84
2022-03-29 21:08:09,533.84
2022-03-29 21:08:14,533.9
2022-03-29 21:08:19,534.0
2022-03-29 21:08:24,534.06
2022-03-29 21:08:29,534.13
2022-03-29 21:08:34,528.0009428548345
2022-03-29 21:08:39,527.9730471190769
2022-03-29 21:08:44,534.29
2022-03-29 21:08:49,534.35
2022-03-29 21:08:54,534.42
2022-03-29 21:08:59,534.48
2022-03-29 21:09:04,534.51
2022-03-29 21:09:09,527.8074083459122
2022-03-29 21:09:14,534.64
2022-03-29 21:09:19,534.71
2022-03-29 21:09:24,534.77
2022-03-29 21:09:29,534.8
2022-03-29 21:09:34,534.87
2022-03-29 21:09:39,534.93
2022-03-29 21:09:44,535.0
2022-03-29 21:09:49,535.03
2022-03-29 21:09:54,535.03
2022-03-29 21:09:59,535.1
2022-03-29 21:10:04,535.16
2022-03-29 21:10:09,535.22
2022-03-29 21:10:14,535.29
2022-03-29 21:10:19,535.32
2022-03-29 21:10:24,535.39
2022-03-29 21:10:29,535.46
2022-03-29 21:10:34,535.52
2022-03-29 21:10:39,535.55
2022-03-29 21:10:44,535.62
2022-03-29 21:10:49,535.62
2022-03-29 21:10:54,535.68
2022-03-29 21:10:59,527.2339032839342
2022-03-29 21:11:04,535.81
2022-03-29 21:11:09,535.91
2022-03-29 21:11:14,535.98
2022-03-29 21:11:19,536.04
2022-03-29 21:11:24,536.04
2022-03-29 21:11:29,536.07
2022-03-29 21:11:34,536.14
2022-03-29 21:11:39,527.0425849283025
2022-03-29 21:11:44,536.2
2022-03-29 21:11:49,536.27
2022-03-29 21:11:54,536.33
2022-03-29 21:11:59,536.36
2022-03-29 21:12:04,536.36
2022-03-29 21:12:09,536.43
2022-03-29 21:12:14,536.43
2022-03-29 21:12:19,536.56
2022-03-29 21:12:24,536.56
2022-03-29 21:12:29,526.8185827358668
2022-03-29 21:12:34,536.66
2022-03-29 21:12:39,536.72
2022-03-29 21:12:44,536.72
2022-03-29 21:12:49,536.78
2022-03-29 21:12:54,536.85
2022-03-29 21:12:59,536.88
2022-03-29 21:13:04,536.95
2022-03-29 21:13:09,526.6510123860506
2022-03-29 21:13:14,537.07
2022-03-29 21:13:19,537.11
2022-03-29 21:13:24,526.5907278837309
2022-03-29 21:13:29,526.5709349725164
2022-03-29 21:13:34,537.23
2022-03-29 21:13:39,537.3
2022-03-29 21:13:44,537.36
2022-03-29 21:13:49,537.39
2022-03-29 21:13:54,537.46
2022-03-29 21:13:59,537.46
2022-03-29 21:14:04,537.52
2022-03-29 21:14:09,537.62
2022-03-29 21:14:14,537.62
2022-03-29 21:14:19,537.75
2022-03-29 21:14:24,537.81
2022-03-29 21:14:29,537.87
2022-03-29 21:14:34,537.91
2022-03-29 21:14:39,537.97
2022-03-29 21:14:44,538.03
2022-03-29 21:14:49,538.03
2022-03-29 21:14:54,538.1
2022-03-29 21:14:59,538.19
2022-03-29 21:15:04,538.26
2022-03-29 21:15:09,538.32
2022-03-29 21:15:14,538.32
2022-03-29 21:15:19,538.39
2022-03-29 21:15:24,538.42
2022-03-29 21:15:29,526.1384989613713
2022-03-29 21:15:34,538.48
2022-03-29 21:15:39,538.48
2022-03-29 21:15:44,538.54
2022-03-29 21:15:49,538.61
2022-03-29 21:15:54,538.64
2022-03-29 21:15:59,538.64
2022-03-29 21:16:04,538.7
2022-03-29 21:16:09,538.83
2022-03-29 21:16:14,538.9
2022-03-29 21:16:19,538.93
2022-03-29 21:16:24,538.93
2022-03-29 21:16:29,539.05
2022-03-29 21:16:34,539.05
2022-03-29 21:16:39,539.11
2022-03-29 21:16:44,539.15
2022-03-29 21:16:49,539.14
2022-03-29 21:16:54,539.21
2022-03-29 21:16:59,539.27
2022-03-29 21:17:04,539.27
2022-03-29 21:17:09,539.34
2022-03-29 21:17:14,539.4
2022-03-29 21:17:19,539.4
2022-03-29 21:17:24,525.7924986616501
2022-03-29 21:17:29,539.56
2022-03-29 21:17:34,539.56
2022-03-29 21:17:39,539.63
2022-03-29 21:17:44,539.66
2022-03-29 21:17:49,539.66
2022-03-29 21:17:54,539.72
2022-03-29 21:17:59,539.79
2022-03-29 21:18:04,539.78
2022-03-29 21:18:09,525.6727482481225
2022-03-29 21:18:14,539.91
2022-03-29 21:18:19,539.94
2022-03-29 21:18:24,525.6345844764398
2022-03-29 21:18:29,540.01
2022-03-29 21:18:34,540.01
2022-03-29 21:18:39,540.07
2022-03-29 21:18:44,540.17
2022-03-29 21:18:49,540.17
2022-03-29 21:18:54,525.5607305818568
2022-03-29 21:18:59,540.3
2022-03-29 21:19:04,540.43
2022-03-29 21:19:09,540.43
2022-03-29 21:19:14,540.52
2022-03-29 21:19:19,540.59
2022-03-29 21:19:24,540.59
2022-03-29 21:19:29,540.65
2022-03-29 21:19:34,540.65
2022-03-29 21:19:39,540.75
2022-03-29 21:19:44,540.82
2022-03-29 21:19:49,540.82
2022-03-29 21:19:54,540.82
2022-03-29 21:19:59,540.88
2022-03-29 21:20:04,540.95
2022-03-29 21:20:09,540.88
2022-03-29 21:20:14,525.3784999438886
2022-03-29 21:20:19,540.95
2022-03-29 21:20:24,540.95
2022-03-29 21:20:29,540.95
2022-03-29 21:20:34,540.98
2022-03-29 21:20:39,541.05
2022-03-29 21:20:44,541.05
2022-03-29 21:20:49,525.3047547348289
2022-03-29 21:20:54,541.05
2022-03-29 21:20:59,525.2842811480957
2022-03-29 21:21:04,541.05
2022-03-29 21:21:09,541.11
2022-03-29 21:21:14,541.12
2022-03-29 21:21:19,541.11
2022-03-29 21:21:24,541.11
2022-03-29 21:21:29,541.12
2022-03-29 21:21:34,541.12
2022-03-29 21:21:39,541.12
2022-03-29 21:21:44,541.12
2022-03-29 21:21:49,541.12
2022-03-29 21:21:54,541.18
2022-03-29 21:21:59,541.12
2022-03-29 21:22:04,541.05
2022-03-29 21:22:09,541.05
2022-03-29 21:22:14,541.05
2022-03-29 21:22:19,541.05
2022-03-29 21:22:24,540.99
2022-03-29 21:22:29,540.99
2022-03-29 21:22:34,540.99
2022-03-29 21:22:39,540.99
2022-03-29 21:22:44,540.95
2022-03-29 21:22:49,540.89
2022-03-29 21:22:54,540.89
2022-03-29 21:22:59,540.89
2022-03-29 21:23:04,540.89
2022-03-29 21:23:09,540.89
2022-03-29 21:23:14,540.89
2022-03-29 21:23:19,540.83
2022-03-29 21:23:24,525.0117253613836
2022-03-29 21:23:29,525.0029841856666
2022-03-29 21:23:34,540.83
2022-03-29 21:23:39,540.83
2022-03-29 21:23:44,540.76
2022-03-29 21:23:49,540.76
2022-03-29 21:23:54,540.76
2022-03-29 21:23:59,540.76
2022-03-29 21:24:04,524.9426905840462
2022-03-29 21:24:09,540.7
2022-03-29 21:24:14,524.925722529399
2022-03-29 21:24:19,540.66
2022-03-29 21:24:24,540.66
2022-03-29 21:24:29,540.6
2022-03-29 21:24:34,540.53
2022-03-29 21:24:39,540.6
2022-03-29 21:24:44,540.53
2022-03-29 21:24:49,540.46
2022-03-29 21:24:54,540.46
2022-03-29 21:24:59,540.46
2022-03-29 21:25:04,540.46
2022-03-29 21:25:09,540.46
2022-03-29 21:25:14,540.43
2022-03-29 21:25:19,540.37
2022-03-29 21:25:24,540.43
2022-03-29 21:25:29,540.37
2022-03-29 21:25:34,524.7929622980097
2022-03-29 21:25:39,540.36
2022-03-29 21:25:44,540.3
2022-03-29 21:25:49,540.29
2022-03-29 21:25:54,524.760341342234
2022-03-29 21:25:59,524.752217617687
2022-03-29 21:26:04,540.23
2022-03-29 21:26:09,540.16
2022-03-29 21:26:14,524.7279345186879
2022-03-29 21:26:19,540.16
2022-03-29 21:26:24,540.13
2022-03-29 21:26:29,540.16
2022-03-29 21:26:34,540.13
2022-03-29 21:26:39,540.13
2022-03-29 21:26:44,540.06
2022-03-29 21:26:49,539.99
2022-03-29 21:26:54,539.99
2022-03-29 21:26:59,539.99
2022-03-29 21:27:04,539.99
2022-03-29 21:27:09,539.93
2022-03-29 21:27:14,539.93
2022-03-29 21:27:19,539.93
2022-03-29 21:27:24,539.89
2022-03-29 21:27:29,539.93
2022-03-29 21:27:34,539.83
2022-03-29 21:27:39,539.83
2022-03-29 21:27:44,539.83
2022-03-29 21:27:49,539.76
2022-03-29 21:27:54,539.76
2022-03-29 21:27:59,539.76
2022-03-29 21:28:04,539.7
2022-03-29 21:28:09,539.7
2022-03-29 21:28:14,524.5407769341399
2022-03-29 21:28:19,524.5333436082499
2022-03-29 21:28:24,539.63
2022-03-29 21:28:29,539.63
2022-03-29 21:28:34,539.6
2022-03-29 21:28:39,539.6
2022-03-29 21:28:44,539.6
2022-03-29 21:28:49,539.6
2022-03-29 21:28:54,539.54
2022-03-29 21:28:59,539.54
2022-03-29 21:29:04,539.54
2022-03-29 21:29:09,539.47
2022-03-29 21:29:14,539.47
2022-03-29 21:29:19,539.47
2022-03-29 21:29:24,539.47
2022-03-29 21:29:29,539.47
2022-03-29 21:29:34,539.41
2022-03-29 21:29:39,524.4198257036436
2022-03-29 21:29:44,539.41
2022-03-29 21:29:49,539.38
2022-03-29 21:29:54,539.38
2022-03-29 21:29:59,524.3932566671751
2022-03-29 21:30:04,539.31
2022-03-29 21:30:09,539.25
2022-03-29 21:30:14,539.25
2022-03-29 21:30:19,539.25
2022-03-29 21:30:24,539.19
2022-03-29 21:30:29,539.13
2022-03-29 21:30:34,539.12
2022-03-29 21:30:39,524.3426394443461
2022-03-29 21:30:44,539.09
2022-03-29 21:30:49,539.09
2022-03-29 21:30:54,539.03
2022-03-29 21:30:59,538.96
2022-03-29 21:31:04,538.96
2022-03-29 21:31:09,538.97
2022-03-29 21:31:14,538.97
2022-03-29 21:31:19,538.91
2022-03-29 21:31:24,524.2901290277473
2022-03-29 21:31:29,538.87
2022-03-29 21:31:34,538.91
2022-03-29 21:31:39,538.87
2022-03-29 21:31:44,538.81
2022-03-29 21:31:49,538.81
2022-03-29 21:31:54,538.75
2022-03-29 21:31:59,538.75
2022-03-29 21:32:04,538.68
2022-03-29 21:32:09,538.68
2022-03-29 21:32:14,538.62
2022-03-29 21:32:19,538.59
2022-03-29 21:32:24,524.2283651321466
2022-03-29 21:32:29,538.59
2022-03-29 21:32:34,538.59
2022-03-29 21:32:39,538.59
2022-03-29 21:32:44,538.59
2022-03-29 21:32:49,538.59
2022-03-29 21:32:54,538.59
2022-03-29 21:32:59,538.53
2022-03-29 21:33:04,524.193028563627
2022-03-29 21:33:09,538.53
2022-03-29 21:33:14,538.59
2022-03-29 21:33:19,538.53
2022-03-29 21:33:24,538.59
2022-03-29 21:33:29,538.59
2022-03-29 21:33:34,538.53
2022-03-29 21:33:39,538.53
2022-03-29 21:33:44,538.59
2022-03-29 21:33:49,538.59
2022-03-29 21:33:54,538.6
2022-03-29 21:33:59,538.53
2022-03-29 21:34:04,524.1497779607787
2022-03-29 21:34:09,538.59
2022-03-29 21:34:14,538.59
2022-03-29 21:34:19,524.1409283516367
2022-03-29 21:34:24,538.53
2022-03-29 21:34:29,538.59
2022-03-29 21:34:34,538.59
2022-03-29 21:34:39,538.59
2022-03-29 21:34:44,538.59
2022-03-29 21:34:49,538.62
2022-03-29 21:34:54,538.59
2022-03-29 21:34:59,538.62
2022-03-29 21:35:04,538.62
2022-03-29 21:35:09,538.68
2022-03-29 21:35:14,538.68
2022-03-29 21:35:19,524.1140118608488
2022-03-29 21:35:24,538.81
2022-03-29 21:35:29,524.110906874946
2022-03-29 21:35:34,538.81
2022-03-29 21:35:39,538.87
2022-03-29 21:35:44,538.87
2022-03-29 21:35:49,538.91
2022-03-29 21:35:54,524.1049569535904
2022-03-29 21:35:59,538.97
2022-03-29 21:36:04,524.1033183300254
2022-03-29 21:36:09,539.03
2022-03-29 21:36:14,539.1
2022-03-29 21:36:19,539.1
2022-03-29 21:36:24,539.13
2022-03-29 21:36:29,539.19
2022-03-29 21:36:34,524.1010250741155
2022-03-29 21:36:39,539.25
2022-03-29 21:36:44,539.32
2022-03-29 21:36:49,539.38
2022-03-29 21:36:54,524.1017439496073
2022-03-29 21:36:59,539.48
2022-03-29 21:37:04,539.54
2022-03-29 21:37:09,539.61
2022-03-29 21:37:14,539.61
2022-03-29 21:37:19,539.7
2022-03-29 21:37:24,539.77
2022-03-29 21:37:29,539.77
2022-03-29 21:37:34,539.89
2022-03-29 21:37:39,539.92
2022-03-29 21:37:44,539.99
2022-03-29 21:37:49,540.05
2022-03-29 21:37:54,540.15
2022-03-29 21:37:59,540.15
2022-03-29 21:38:04,540.28
2022-03-29 21:38:09,540.34
2022-03-29 21:38:14,540.4
2022-03-29 21:38:19,540.43
2022-03-29 21:38:24,540.5
2022-03-29 21:38:29,540.56
2022-03-29 21:38:34,540.66
2022-03-29 21:38:39,540.72
2022-03-29 21:38:44,540.79
2022-03-29 21:38:49,540.92
2022-03-29 21:38:54,540.92
2022-03-29 21:38:59,541.02
2022-03-29 21:39:04,541.08
2022-03-29 21:39:09,541.14
2022-03-29 21:39:14,541.17
2022-03-29 21:39:19,541.24
2022-03-29 21:39:24,541.37
2022-03-29 21:39:29,541.43
2022-03-29 21:39:34,541.46
2022-03-29 21:39:39,541.46
2022-03-29 21:39:44,541.53
2022-03-29 21:39:49,541.6
2022-03-29 21:39:54,541.66
2022-03-29 21:39:59,541.69
2022-03-29 21:40:04,541.76
2022-03-29 21:40:09,541.82
2022-03-29 21:40:14,541.82
2022-03-29 21:40:19,541.89
2022-03-29 21:40:24,541.95
2022-03-29 21:40:29,524.2364546706089
2022-03-29 21:40:34,542.05
2022-03-29 21:40:39,542.05
2022-03-29 21:40:44,542.11
2022-03-29 21:40:49,524.2613409182112
2022-03-29 21:40:54,542.21
2022-03-29 21:40:59,542.28
2022-03-29 21:41:04,542.28
2022-03-29 21:41:09,542.34
2022-03-29 21:41:14,542.41
2022-03-29 21:41:19,542.47
2022-03-29 21:41:24,542.5
2022-03-29 21:41:29,542.5
2022-03-29 21:41:34,524.323907321122
2022-03-29 21:41:39,542.64
2022-03-29 21:41:44,542.64
2022-03-29 21:41:49,542.7
2022-03-29 21:41:54,542.7
2022-03-29 21:41:59,542.73
2022-03-29 21:42:04,542.73
2022-03-29 21:42:09,542.8
2022-03-29 21:42:14,542.8
2022-03-29 21:42:19,542.87
2022-03-29 21:42:24,542.87
2022-03-29 21:42:29,524.4111183945921
2022-03-29 21:42:34,542.99
2022-03-29 21:42:39,542.93
2022-03-29 21:42:44,543.0
2022-03-29 21:42:49,543.0
2022-03-29 21:42:54,543.03
2022-03-29 21:42:59,543.0
2022-03-29 21:43:04,543.03
2022-03-29 21:43:09,524.4806621152995
2022-03-29 21:43:14,543.09
2022-03-29 21:43:19,543.1
2022-03-29 21:43:24,543.09
2022-03-29 21:43:29,543.09
2022-03-29 21:43:34,543.09
2022-03-29 21:43:39,543.16
2022-03-29 21:43:44,543.16
2022-03-29 21:43:49,543.09
2022-03-29 21:43:54,543.16
2022-03-29 21:43:59,543.09
2022-03-29 21:44:04,543.1
2022-03-29 21:44:09,543.09
2022-03-29 21:44:14,543.03
2022-03-29 21:44:19,543.09
2022-03-29 21:44:24,543.0
2022-03-29 21:44:29,524.6310876672826
2022-03-29 21:44:34,542.93
2022-03-29 21:44:39,542.87
2022-03-29 21:44:44,542.8
2022-03-29 21:44:49,542.8
2022-03-29 21:44:54,542.74
2022-03-29 21:44:59,542.7
2022-03-29 21:45:04,524.7001238726663
2022-03-29 21:45:09,542.58
2022-03-29 21:45:14,542.48
2022-03-29 21:45:19,542.42
2022-03-29 21:45:24,542.28
2022-03-29 21:45:29,542.29
2022-03-29 21:45:34,542.19
2022-03-29 21:45:39,524.7702226336321
2022-03-29 21:45:44,541.99
2022-03-29 21:45:49,541.83
2022-03-29 21:45:54,541.67
2022-03-29 21:45:59,541.67
2022-03-29 21:46:04,541.54
2022-03-29 21:46:09,541.38
2022-03-29 21:46:14,541.32
2022-03-29 21:46:19,541.18
2022-03-29 21:46:24,541.15
2022-03-29 21:46:29,540.96
2022-03-29 21:46:34,540.86
2022-03-29 21:46:39,540.8
2022-03-29 21:46:44,540.63
2022-03-29 21:46:49,540.5
2022-03-29 21:46:54,540.44
2022-03-29 21:46:59,540.28
2022-03-29 21:47:04,524.9410121776915
2022-03-29 21:47:09,540.05
2022-03-29 21:47:14,539.89
2022-03-29 21:47:19,539.82
2022-03-29 21:47:24,539.63
2022-03-29 21:47:29,539.53
2022-03-29 21:47:34,539.4
2022-03-29 21:47:39,539.24
2022-03-29 21:47:44,539.11
2022-03-29 21:47:49,539.01
2022-03-29 21:47:54,538.89
2022-03-29 21:47:59,538.79
2022-03-29 21:48:04,538.66
2022-03-29 21:48:09,538.56
2022-03-29 21:48:14,538.5
2022-03-29 21:48:19,538.36
2022-03-29 21:48:24,538.27
2022-03-29 21:48:29,538.08
2022-03-29 21:48:34,538.04
2022-03-29 21:48:39,537.85
2022-03-29 21:48:44,537.82
2022-03-29 21:48:49,537.76
2022-03-29 21:48:54,537.63
2022-03-29 21:48:59,537.56
2022-03-29 21:49:04,537.47
2022-03-29 21:49:09,537.4
2022-03-29 21:49:14,537.31
2022-03-29 21:49:19,537.24
2022-03-29 21:49:24,537.18
2022-03-29 21:49:29,537.11
2022-03-29 21:49:34,537.05
2022-03-29 21:49:39,537.05
2022-03-29 21:49:44,537.02
2022-03-29 21:49:49,536.95
2022-03-29 21:49:54,536.95
2022-03-29 21:49:59,536.89
2022-03-29 21:50:04,536.82
2022-03-29 21:50:09,536.79
2022-03-29 21:50:14,536.82
2022-03-29 21:50:19,536.73
2022-03-29 21:50:24,536.66
2022-03-29 21:50:29,536.66
2022-03-29 21:50:34,536.6
2022-03-29 21:50:39,536.66
2022-03-29 21:50:44,536.6
2022-03-29 21:50:49,525.3378964660847
2022-03-29 21:50:54,536.54
2022-03-29 21:50:59,536.54
2022-03-29 21:51:04,536.54
2022-03-29 21:51:09,536.54
2022-03-29 21:51:14,536.54
2022-03-29 21:51:19,536.54
2022-03-29 21:51:24,536.54
2022-03-29 21:51:29,536.54
2022-03-29 21:51:34,536.55
2022-03-29 21:51:39,536.61
2022-03-29 21:51:44,525.4089504217728
2022-03-29 21:51:49,536.61
2022-03-29 21:51:54,536.67
2022-03-29 21:51:59,536.74
2022-03-29 21:52:04,536.74
2022-03-29 21:52:09,536.74
2022-03-29 21:52:14,536.74
2022-03-29 21:52:19,536.81
2022-03-29 21:52:24,536.84
2022-03-29 21:52:29,536.9
2022-03-29 21:52:34,536.97
2022-03-29 21:52:39,525.4648386915834
2022-03-29 21:52:44,525.4690828887964
2022-03-29 21:52:49,537.04
2022-03-29 21:52:54,537.04
2022-03-29 21:52:59,537.07
2022-03-29 21:53:04,537.13
2022-03-29 21:53:09,537.2
2022-03-29 21:53:14,537.2
2022-03-29 21:53:19,537.33
2022-03-29 21:53:24,525.4975760758078
2022-03-29 21:53:29,537.36
2022-03-29 21:53:34,537.36
2022-03-29 21:53:39,537.43
2022-03-29 21:53:44,525.5079912833222
2022-03-29 21:53:49,525.5101769805309
2022-03-29 21:53:54,537.56
2022-03-29 21:53:59,537.56
2022-03-29 21:54:04,537.59
2022-03-29 21:54:09,537.59
2022-03-29 21:54:14,537.66
2022-03-29 21:54:19,537.66
2022-03-29 21:54:24,537.73
2022-03-29 21:54:29,525.5217975672476
2022-03-29 21:54:34,537.73
2022-03-29 21:54:39,537.79
2022-03-29 21:54:44,537.86
2022-03-29 21:54:49,525.5238850471605
2022-03-29 21:54:54,537.86
2022-03-29 21:54:59,537.89
2022-03-29 21:55:04,537.89
2022-03-29 21:55:09,537.89
2022-03-29 21:55:14,537.86
2022-03-29 21:55:19,537.89
2022-03-29 21:55:24,537.96
2022-03-29 21:55:29,537.96
2022-03-29 21:55:34,537.96
2022-03-29 21:55:39,537.96
2022-03-29 21:55:44,538.03
2022-03-29 21:55:49,538.03
2022-03-29 21:55:54,525.5151862308527
2022-03-29 21:55:59,538.03
2022-03-29 21:56:04,538.1
2022-03-29 21:56:09,525.5101039308389
2022-03-29 21:56:14,538.13
2022-03-29 21:56:19,538.13
2022-03-29 21:56:24,525.5039711398255
2022-03-29 21:56:29,538.19
2022-03-29 21:56:34,538.13
2022-03-29 21:56:39,538.2
2022-03-29 21:56:44,538.19
2022-03-29 21:56:49,538.2
2022-03-29 21:56:54,538.26
2022-03-29 21:56:59,538.33
2022-03-29 21:57:04,538.33
2022-03-29 21:57:09,538.33
2022-03-29 21:57:14,538.33
2022-03-29 21:57:19,538.39
2022-03-29 21:57:24,538.39
2022-03-29 21:57:29,538.39
2022-03-29 21:57:34,538.4
2022-03-29 21:57:39,538.43
2022-03-29 21:57:44,538.43
2022-03-29 21:57:49,538.43
2022-03-29 21:57:54,538.5
2022-03-29 21:57:59,538.5
2022-03-29 21:58:04,538.56
2022-03-29 21:58:09,538.56
2022-03-29 21:58:14,538.56
2022-03-29 21:58:19,538.56
2022-03-29 21:58:24,538.63
2022-03-29 21:58:29,538.63
2022-03-29 21:58:34,538.66
2022-03-29 21:58:39,538.66
2022-03-29 21:58:44,525.4049274254488
2022-03-29 21:58:49,538.73
2022-03-29 21:58:54,525.3955571122799
2022-03-29 21:58:59,538.8
2022-03-29 21:59:04,525.3859574895016
2022-03-29 21:59:09,538.86
2022-03-29 21:59:14,538.86
2022-03-29 21:59:19,538.86
2022-03-29 21:59:24,538.93
2022-03-29 21:59:29,538.93
2022-03-29 21:59:34,538.96
2022-03-29 21:59:39,538.96
2022-03-29 21:59:44,538.97
2022-03-29 21:59:49,538.97
2022-03-29 21:59:54,539.1
2022-03-29 21:59:59,539.1
2022-03-29 22:00:04,539.16
2022-03-29 22:00:09,539.16
2022-03-29 22:00:14,539.2
2022-03-29 22:00:19,539.2
2022-03-29 22:00:24,525.3026331815461
2022-03-29 22:00:29,539.27
2022-03-29 22:00:34,539.27
2022-03-29 22:00:39,539.33
2022-03-29 22:00:44,539.27
2022-03-29 22:00:49,539.34
2022-03-29 22:00:54,539.34
2022-03-29 22:00:59,539.34
2022-03-29 22:01:04,539.47
2022-03-29 22:01:09,539.47
2022-03-29 22:01:14,539.47
2022-03-29 22:01:19,539.5
2022-03-29 22:01:24,539.5
2022-03-29 22:01:29,539.47
2022-03-29 22:01:34,539.5
2022-03-29 22:01:39,539.57
2022-03-29 22:01:44,539.51
2022-03-29 22:01:49,539.57
2022-03-29 22:01:54,539.57
2022-03-29 22:01:59,539.64
2022-03-29 22:02:04,539.64
2022-03-29 22:02:09,539.64
2022-03-29 22:02:14,539.64
2022-03-29 22:02:19,539.7
2022-03-29 22:02:24,525.1679837086709
2022-03-29 22:02:29,539.74
2022-03-29 22:02:34,539.74
2022-03-29 22:02:39,525.151381999298
2022-03-29 22:02:44,539.8
2022-03-29 22:02:49,539.8
2022-03-29 22:02:54,539.8
2022-03-29 22:02:59,539.8
2022-03-29 22:03:04,525.1242097645813
2022-03-29 22:03:09,539.81
2022-03-29 22:03:14,539.81
2022-03-29 22:03:19,539.81
2022-03-29 22:03:24,539.81
2022-03-29 22:03:29,539.81
2022-03-29 22:03:34,539.81
2022-03-29 22:03:39,539.8
2022-03-29 22:03:44,539.81
2022-03-29 22:03:49,539.81
2022-03-29 22:03:54,525.0725400142655
2022-03-29 22:03:59,539.74
2022-03-29 22:04:04,539.74
2022-03-29 22:04:09,539.74
2022-03-29 22:04:14,539.74
2022-03-29 22:04:19,539.74
2022-03-29 22:04:24,539.74
2022-03-29 22:04:29,539.74
2022-03-29 22:04:34,539.74
2022-03-29 22:04:39,539.71
2022-03-29 22:04:44,539.71
2022-03-29 22:04:49,539.65
2022-03-29 22:04:54,539.65
2022-03-29 22:04:59,539.65
2022-03-29 22:05:04,539.65
2022-03-29 22:05:09,539.58
2022-03-29 22:05:14,539.58
2022-03-29 22:05:19,539.58
2022-03-29 22:05:24,539.58
2022-03-29 22:05:29,539.52
2022-03-29 22:05:34,539.58
2022-03-29 22:05:39,539.52
2022-03-29 22:05:44,539.51
2022-03-29 22:05:49,539.52
2022-03-29 22:05:54,524.9726292921807
2022-03-29 22:05:59,539.51
2022-03-29 22:06:04,539.51
2022-03-29 22:06:09,524.9634314080956
2022-03-29 22:06:14,539.51
2022-03-29 22:06:19,539.51
2022-03-29 22:06:24,539.48
2022-03-29 22:06:29,539.51
2022-03-29 22:06:34,539.48
2022-03-29 22:06:39,539.48
2022-03-29 22:06:44,524.9455276404777
2022-03-29 22:06:49,539.48
2022-03-29 22:06:54,539.41
2022-03-29 22:06:59,539.42
2022-03-29 22:07:04,539.48
2022-03-29 22:07:09,539.42
2022-03-29 22:07:14,539.42
2022-03-29 22:07:19,539.35
2022-03-29 22:07:24,539.29
2022-03-29 22:07:29,539.29
2022-03-29 22:07:34,539.29
2022-03-29 22:07:39,539.29
2022-03-29 22:07:44,539.22
2022-03-29 22:07:49,539.23
2022-03-29 22:07:54,524.9267794654269
2022-03-29 22:07:59,539.19
2022-03-29 22:08:04,539.13
2022-03-29 22:08:09,539.07
2022-03-29 22:08:14,539.0
2022-03-29 22:08:19,539.07
2022-03-29 22:08:24,538.97
2022-03-29 22:08:29,538.97
2022-03-29 22:08:34,538.91
2022-03-29 22:08:39,538.84
2022-03-29 22:08:44,538.78
2022-03-29 22:08:49,538.78
2022-03-29 22:08:54,538.72
2022-03-29 22:08:59,538.68
2022-03-29 22:09:04,538.62
2022-03-29 22:09:09,538.55
2022-03-29 22:09:14,538.55
2022-03-29 22:09:19,538.49
2022-03-29 22:09:24,538.46
2022-03-29 22:09:29,538.4
2022-03-29 22:09:34,538.33
2022-03-29 22:09:39,538.27
2022-03-29 22:09:44,538.21
2022-03-29 22:09:49,538.17
2022-03-29 22:09:54,524.9517453187511
2022-03-29 22:09:59,537.98
2022-03-29 22:10:04,537.95
2022-03-29 22:10:09,537.88
2022-03-29 22:10:14,537.82
2022-03-29 22:10:19,537.69
2022-03-29 22:10:24,537.66
2022-03-29 22:10:29,537.53
2022-03-29 22:10:34,537.47
2022-03-29 22:10:39,537.38
2022-03-29 22:10:44,537.31
2022-03-29 22:10:49,524.9840439055408
2022-03-29 22:10:54,524.9875373698453
2022-03-29 22:10:59,536.96
2022-03-29 22:11:04,536.93
2022-03-29 22:11:09,536.8
2022-03-29 22:11:14,525.0023711830336
2022-03-29 22:11:19,536.64
2022-03-29 22:11:24,536.51
2022-03-29 22:11:29,536.41
2022-03-29 22:11:34,536.35
2022-03-29 22:11:39,536.29
2022-03-29 22:11:44,536.13
2022-03-29 22:11:49,536.13
2022-03-29 22:11:54,525.0358984369286
2022-03-29 22:11:59,525.0404260436387
2022-03-29 22:12:04,535.9
2022-03-29 22:12:09,535.84
2022-03-29 22:12:14,535.77
2022-03-29 22:12:19,535.64
2022-03-29 22:12:24,535.61
2022-03-29 22:12:29,535.55
2022-03-29 22:12:34,535.48
2022-03-29 22:12:39,535.48
2022-03-29 22:12:44,535.42
2022-03-29 22:12:49,535.32
2022-03-29 22:12:54,535.32
2022-03-29 22:12:59,535.19
2022-03-29 22:13:04,525.1052334022315
2022-03-29 22:13:09,525.1106310351136
2022-03-29 22:13:14,535.03
2022-03-29 22:13:19,535.03
2022-03-29 22:13:24,534.91
2022-03-29 22:13:29,534.9
2022-03-29 22:13:34,534.9
2022-03-29 22:13:39,534.87
2022-03-29 22:13:44,534.81
2022-03-29 22:13:49,525.155592918696
2022-03-29 22:13:54,534.74
2022-03-29 22:13:59,534.74
2022-03-29 22:14:04,534.74
2022-03-29 22:14:09,534.74
2022-03-29 22:14:14,534.68
2022-03-29 22:14:19,534.67
2022-03-29 22:14:24,534.61
2022-03-29 22:14:29,534.61
2022-03-29 22:14:34,534.68
2022-03-29 22:14:39,534.61
2022-03-29 22:14:44,534.61
2022-03-29 22:14:49,534.61
2022-03-29 22:14:54,534.61
2022-03-29 22:14:59,534.67
2022-03-29 22:15:04,534.61
2022-03-29 22:15:09,534.67
2022-03-29 22:15:14,534.57
2022-03-29 22:15:19,534.6
2022-03-29 22:15:24,534.6
2022-03-29 22:15:29,534.66
2022-03-29 22:15:34,534.67
2022-03-29 22:15:39,534.73
2022-03-29 22:15:44,534.73
2022-03-29 22:15:49,534.79
2022-03-29 22:15:54,534.73
2022-03-29 22:15:59,534.79
2022-03-29 22:16:04,534.86
2022-03-29 22:16:09,534.79
2022-03-29 22:16:14,534.86
2022-03-29 22:16:19,534.89
2022-03-29 22:16:24,534.86
2022-03-29 22:16:29,534.86
2022-03-29 22:16:34,534.89
2022-03-29 22:16:39,534.95
2022-03-29 22:16:44,534.89
2022-03-29 22:16:49,534.95
2022-03-29 22:16:54,535.01
2022-03-29 22:16:59,535.01
2022-03-29 22:17:04,535.01
2022-03-29 22:17:09,535.08
2022-03-29 22:17:14,535.11
2022-03-29 22:17:19,535.11
2022-03-29 22:17:24,535.11
2022-03-29 22:17:29,535.11
2022-03-29 22:17:34,535.17
2022-03-29 22:17:39,535.24
2022-03-29 22:17:44,535.24
2022-03-29 22:17:49,535.3
2022-03-29 22:17:54,535.3
2022-03-29 22:17:59,525.4715674643994
2022-03-29 22:18:04,535.4
2022-03-29 22:18:09,525.4841194779249
2022-03-29 22:18:14,535.47
2022-03-29 22:18:19,535.47
2022-03-29 22:18:24,535.53
2022-03-29 22:18:29,535.53
2022-03-29 22:18:34,535.6
2022-03-29 22:18:39,525.5211371736689
2022-03-29 22:18:44,535.63
2022-03-29 22:18:49,535.69
2022-03-29 22:18:54,535.69
2022-03-29 22:18:59,535.76
2022-03-29 22:19:04,535.82
2022-03-29 22:19:09,535.89
2022-03-29 22:19:14,535.92
2022-03-29 22:19:19,535.98
2022-03-29 22:19:24,535.92
2022-03-29 22:19:29,536.05
2022-03-29 22:19:34,525.5857526213962
2022-03-29 22:19:39,525.5913717633179
2022-03-29 22:19:44,536.21
2022-03-29 22:19:49,525.6024645030088
2022-03-29 22:19:54,536.34
2022-03-29 22:19:59,536.41
2022-03-29 22:20:04,536.44
2022-03-29 22:20:09,536.44
2022-03-29 22:20:14,536.51
2022-03-29 22:20:19,536.51
2022-03-29 22:20:24,536.57
2022-03-29 22:20:29,536.57
2022-03-29 22:20:34,536.57
2022-03-29 22:20:39,536.57
2022-03-29 22:20:44,536.64
2022-03-29 22:20:49,536.64
2022-03-29 22:20:54,536.67
2022-03-29 22:20:59,536.68
2022-03-29 22:21:04,536.68
2022-03-29 22:21:09,536.68
2022-03-29 22:21:14,536.74
2022-03-29 22:21:19,536.74
2022-03-29 22:21:24,536.74
2022-03-29 22:21:29,536.74
2022-03-29 22:21:34,536.75
2022-03-29 22:21:39,536.81
2022-03-29 22:21:44,536.81
2022-03-29 22:21:49,536.81
2022-03-29 22:21:54,536.81
2022-03-29 22:21:59,536.81
2022-03-29 22:22:04,536.88
2022-03-29 22:22:09,536.88
2022-03-29 22:22:14,536.81
2022-03-29 22:22:19,536.88
2022-03-29 22:22:24,536.88
2022-03-29 22:22:29,536.94
2022-03-29 22:22:34,536.94
2022-03-29 22:22:39,536.88
2022-03-29 22:22:44,536.95
2022-03-29 22:22:49,536.88
2022-03-29 22:22:54,536.95
2022-03-29 22:22:59,536.88
2022-03-29 22:23:04,536.95
2022-03-29 22:23:09,536.95
2022-03-29 22:23:14,536.95
2022-03-29 22:23:19,536.95
2022-03-29 22:23:24,525.7766055770566
2022-03-29 22:23:29,536.98
2022-03-29 22:23:34,536.95
2022-03-29 22:23:39,525.7835049627014
2022-03-29 22:23:44,536.98
2022-03-29 22:23:49,536.99
2022-03-29 22:23:54,536.99
2022-03-29 22:23:59,525.7916825825965
2022-03-29 22:24:04,525.7935476527518
2022-03-29 22:24:09,536.99
2022-03-29 22:24:14,536.99
2022-03-29 22:24:19,536.99
2022-03-29 22:24:24,536.99
2022-03-29 22:24:29,536.99
2022-03-29 22:24:34,536.99
2022-03-29 22:24:39,525.8046464518136
2022-03-29 22:24:44,536.96
2022-03-29 22:24:49,537.0
2022-03-29 22:24:54,537.0
2022-03-29 22:24:59,537.0
2022-03-29 22:25:04,525.810537901942
2022-03-29 22:25:09,537.0
2022-03-29 22:25:14,536.97
2022-03-29 22:25:19,536.97
2022-03-29 22:25:24,536.97
2022-03-29 22:25:29,536.97
2022-03-29 22:25:34,536.97
2022-03-29 22:25:39,536.97
2022-03-29 22:25:44,536.97
2022-03-29 22:25:49,536.97
2022-03-29 22:25:54,536.91
2022-03-29 22:25:59,525.8178384350283
2022-03-29 22:26:04,536.91
2022-03-29 22:26:09,536.91
2022-03-29 22:26:14,536.84
2022-03-29 22:26:19,536.85
2022-03-29 22:26:24,536.85
2022-03-29 22:26:29,536.85
2022-03-29 22:26:34,536.78
2022-03-29 22:26:39,525.8185406787828
2022-03-29 22:26:44,536.72
2022-03-29 22:26:49,536.72
2022-03-29 22:26:54,525.8178597903536
2022-03-29 22:26:59,536.72
2022-03-29 22:27:04,536.69
2022-03-29 22:27:09,536.69
2022-03-29 22:27:14,536.63
2022-03-29 22:27:19,536.69
2022-03-29 22:27:24,536.63
2022-03-29 22:27:29,536.63
2022-03-29 22:27:34,536.64
2022-03-29 22:27:39,536.57
2022-03-29 22:27:44,536.57
2022-03-29 22:27:49,536.57
2022-03-29 22:27:54,536.57
2022-03-29 22:27:59,536.51
2022-03-29 22:28:04,536.51
2022-03-29 22:28:09,536.51
2022-03-29 22:28:14,536.48
2022-03-29 22:28:19,536.48
2022-03-29 22:28:24,536.48
2022-03-29 22:28:29,536.48
2022-03-29 22:28:34,536.42
2022-03-29 22:28:39,536.42
2022-03-29 22:28:44,525.7985300720431
2022-03-29 22:28:49,536.42
2022-03-29 22:28:54,536.29
2022-03-29 22:28:59,536.3
2022-03-29 22:29:04,536.36
2022-03-29 22:29:09,536.36
2022-03-29 22:29:14,536.3
2022-03-29 22:29:19,536.3
2022-03-29 22:29:24,525.7858563232579
2022-03-29 22:29:29,536.24
2022-03-29 22:29:34,536.21
2022-03-29 22:29:39,536.21
2022-03-29 22:29:44,525.7785164375201
2022-03-29 22:29:49,536.14
2022-03-29 22:29:54,536.14
2022-03-29 22:29:59,536.14
2022-03-29 22:30:04,536.08
2022-03-29 22:30:09,536.08
2022-03-29 22:30:14,536.02
2022-03-29 22:30:19,536.02
2022-03-29 22:30:24,535.99
2022-03-29 22:30:29,535.99
2022-03-29 22:30:34,525.7574789556539
2022-03-29 22:30:39,535.86
2022-03-29 22:30:44,535.92
2022-03-29 22:30:49,535.86
2022-03-29 22:30:54,525.7480666428121
2022-03-29 22:30:59,535.86
2022-03-29 22:31:04,535.8
2022-03-29 22:31:09,535.8
2022-03-29 22:31:14,535.74
2022-03-29 22:31:19,535.74
2022-03-29 22:31:24,535.74
2022-03-29 22:31:29,535.7
2022-03-29 22:31:34,535.64
2022-03-29 22:31:39,525.7250129155672
2022-03-29 22:31:44,525.7223018501795
2022-03-29 22:31:49,535.57
2022-03-29 22:31:54,535.57
2022-03-29 22:31:59,535.51
2022-03-29 22:32:04,535.51
2022-03-29 22:32:09,535.51
2022-03-29 22:32:14,525.7054592472156
2022-03-29 22:32:19,535.48
2022-03-29 22:32:24,535.48
2022-03-29 22:32:29,535.41
2022-03-29 22:32:34,535.35
2022-03-29 22:32:39,535.35
2022-03-29 22:32:44,535.28
2022-03-29 22:32:49,535.22
2022-03-29 22:32:54,535.22
2022-03-29 22:32:59,535.22
2022-03-29 22:33:04,535.19
2022-03-29 22:33:09,535.12
2022-03-29 22:33:14,535.12
2022-03-29 22:33:19,535.12
2022-03-29 22:33:24,535.06
2022-03-29 22:33:29,535.06
2022-03-29 22:33:34,534.99
2022-03-29 22:33:39,534.96
2022-03-29 22:33:44,534.9
2022-03-29 22:33:49,534.89
2022-03-29 22:33:54,534.89
2022-03-29 22:33:59,534.83
2022-03-29 22:34:04,534.83
2022-03-29 22:34:09,534.77
2022-03-29 22:34:14,534.7
2022-03-29 22:34:19,534.76
2022-03-29 22:34:24,534.66
2022-03-29 22:34:29,525.6197814113206
2022-03-29 22:34:34,534.6
2022-03-29 22:34:39,534.6
2022-03-29 22:34:44,534.6
2022-03-29 22:34:49,534.47
2022-03-29 22:34:54,534.47
2022-03-29 22:34:59,534.44
2022-03-29 22:35:04,534.37
2022-03-29 22:35:09,525.5921745423078
2022-03-29 22:35:14,534.31
2022-03-29 22:35:19,534.31
2022-03-29 22:35:24,534.18
2022-03-29 22:35:29,534.18
2022-03-29 22:35:34,534.15
2022-03-29 22:35:39,534.08
2022-03-29 22:35:44,525.5675260333312
2022-03-29 22:35:49,534.08
2022-03-29 22:35:54,534.02
2022-03-29 22:35:59,533.96
2022-03-29 22:36:04,533.92
2022-03-29 22:36:09,533.92
2022-03-29 22:36:14,533.92
2022-03-29 22:36:19,533.92
2022-03-29 22:36:24,525.5390031799284
2022-03-29 22:36:29,533.79
2022-03-29 22:36:34,533.73
2022-03-29 22:36:39,533.73
2022-03-29 22:36:44,533.67
2022-03-29 22:36:49,533.64
2022-03-29 22:36:54,533.64
2022-03-29 22:36:59,533.57
2022-03-29 22:37:04,533.57
2022-03-29 22:37:09,533.57
2022-03-29 22:37:14,533.57
2022-03-29 22:37:19,525.4994937274441
2022-03-29 22:37:24,533.51
2022-03-29 22:37:29,533.51
2022-03-29 22:37:34,533.45
2022-03-29 22:37:39,525.4851133449018
2022-03-29 22:37:44,533.51
2022-03-29 22:37:49,533.45
2022-03-29 22:37:54,533.45
2022-03-29 22:37:59,533.45
2022-03-29 22:38:04,533.45
2022-03-29 22:38:09,533.51
2022-03-29 22:38:14,533.45
2022-03-29 22:38:19,525.456442972334
2022-03-29 22:38:24,533.45
2022-03-29 22:38:29,533.45
2022-03-29 22:38:34,533.45
2022-03-29 22:38:39,533.58
2022-03-29 22:38:44,533.52
2022-03-29 22:38:49,533.58
2022-03-29 22:38:54,533.52
2022-03-29 22:38:59,533.58
2022-03-29 22:39:04,525.4244953887365
2022-03-29 22:39:09,525.4209748003966
2022-03-29 22:39:14,533.59
2022-03-29 22:39:19,533.65
2022-03-29 22:39:24,533.65
2022-03-29 22:39:29,533.65
2022-03-29 22:39:34,533.65
2022-03-29 22:39:39,533.65
2022-03-29 22:39:44,525.3965420385786
2022-03-29 22:39:49,525.3930854797877
2022-03-29 22:39:54,533.65
2022-03-29 22:39:59,533.65
2022-03-29 22:40:04,525.382773233974
2022-03-29 22:40:09,533.69
2022-03-29 22:40:14,533.69
2022-03-29 22:40:19,533.69
2022-03-29 22:40:24,533.69
2022-03-29 22:40:29,533.69
2022-03-29 22:40:34,533.69
2022-03-29 22:40:39,533.69
2022-03-29 22:40:44,533.65
2022-03-29 22:40:49,533.69
2022-03-29 22:40:54,533.69
2022-03-29 22:40:59,533.75
2022-03-29 22:41:04,533.75
2022-03-29 22:41:09,533.75
2022-03-29 22:41:14,533.75
2022-03-29 22:41:19,533.76
2022-03-29 22:41:24,533.75
2022-03-29 22:41:29,533.82
2022-03-29 22:41:34,533.82
2022-03-29 22:41:39,533.81
2022-03-29 22:41:44,533.82
2022-03-29 22:41:49,533.82
2022-03-29 22:41:54,533.94
2022-03-29 22:41:59,533.94
2022-03-29 22:42:04,533.94
2022-03-29 22:42:09,533.94
2022-03-29 22:42:14,533.97
2022-03-29 22:42:19,534.04
2022-03-29 22:42:24,534.04
2022-03-29 22:42:29,534.04
2022-03-29 22:42:34,534.11
2022-03-29 22:42:39,534.17
2022-03-29 22:42:44,534.17
2022-03-29 22:42:49,534.17
2022-03-29 22:42:54,525.2743398108099
2022-03-29 22:42:59,534.2
2022-03-29 22:43:04,534.26
2022-03-29 22:43:09,534.33
2022-03-29 22:43:14,534.33
2022-03-29 22:43:19,534.39
2022-03-29 22:43:24,534.45
2022-03-29 22:43:29,534.45
2022-03-29 22:43:34,534.48
2022-03-29 22:43:39,534.55
2022-03-29 22:43:44,525.2464452106015
2022-03-29 22:43:49,534.61
2022-03-29 22:43:54,534.68
2022-03-29 22:43:59,525.2385238799993
2022-03-29 22:44:04,525.2359321203276
2022-03-29 22:44:09,534.83
2022-03-29 22:44:14,534.9
2022-03-29 22:44:19,534.9
2022-03-29 22:44:24,534.96
2022-03-29 22:44:29,525.2233521082865
2022-03-29 22:44:34,525.2209139876185
2022-03-29 22:44:39,535.18
2022-03-29 22:44:44,535.18
2022-03-29 22:44:49,535.28
2022-03-29 22:44:54,535.35
2022-03-29 22:44:59,525.2091294852966
2022-03-29 22:45:04,525.2068559295125
2022-03-29 22:45:09,525.2046108634474
2022-03-29 22:45:14,535.63
2022-03-29 22:45:19,535.69
2022-03-29 22:45:24,535.73
2022-03-29 22:45:29,535.79
2022-03-29 22:45:34,535.79
2022-03-29 22:45:39,535.92
2022-03-29 22:45:44,535.92
2022-03-29 22:45:49,535.98
2022-03-29 22:45:54,536.01
2022-03-29 22:45:59,536.08
2022-03-29 22:46:04,525.1818822582344
2022-03-29 22:46:09,536.24
2022-03-29 22:46:14,536.21
2022-03-29 22:46:19,536.24
2022-03-29 22:46:24,536.3
2022-03-29 22:46:29,525.1728120614756
2022-03-29 22:46:34,536.37
2022-03-29 22:46:39,536.37
2022-03-29 22:46:44,536.5
2022-03-29 22:46:49,525.1661597680123
2022-03-29 22:46:54,536.59
2022-03-29 22:46:59,536.59
2022-03-29 22:47:04,536.59
2022-03-29 22:47:09,536.66
2022-03-29 22:47:14,536.72
2022-03-29 22:47:19,536.72
2022-03-29 22:47:24,536.72
2022-03-29 22:47:29,536.76
2022-03-29 22:47:34,536.82
2022-03-29 22:47:39,536.82
2022-03-29 22:47:44,536.82
2022-03-29 22:47:49,536.88
2022-03-29 22:47:54,536.88
2022-03-29 22:47:59,536.88
2022-03-29 22:48:04,536.95
2022-03-29 22:48:09,536.88
2022-03-29 22:48:14,536.95
2022-03-29 22:48:19,525.1434077818778
2022-03-29 22:48:24,536.89
2022-03-29 22:48:29,536.88
2022-03-29 22:48:34,536.88
2022-03-29 22:48:39,536.95
2022-03-29 22:48:44,536.95
2022-03-29 22:48:49,536.89
2022-03-29 22:48:54,536.89
2022-03-29 22:48:59,536.89
2022-03-29 22:49:04,536.89
2022-03-29 22:49:09,536.82
2022-03-29 22:49:14,536.83
2022-03-29 22:49:19,525.1353892283778
2022-03-29 22:49:24,525.1349995745691
2022-03-29 22:49:29,536.73
2022-03-29 22:49:34,536.73
2022-03-29 22:49:39,536.67
2022-03-29 22:49:44,525.1338867097604
2022-03-29 22:49:49,536.6
2022-03-29 22:49:54,536.54
2022-03-29 22:49:59,525.1335285970082
2022-03-29 22:50:04,536.51
2022-03-29 22:50:09,536.44
2022-03-29 22:50:14,525.1335868408556
2022-03-29 22:50:19,536.32
2022-03-29 22:50:24,536.25
2022-03-29 22:50:29,536.26
2022-03-29 22:50:34,536.22
2022-03-29 22:50:39,536.16
2022-03-29 22:50:44,525.1349066459472
2022-03-29 22:50:49,536.03
2022-03-29 22:50:54,536.03
2022-03-29 22:50:59,525.1361286661889
2022-03-29 22:51:04,535.94
2022-03-29 22:51:09,525.1371380374688
2022-03-29 22:51:14,535.87
2022-03-29 22:51:19,535.81
2022-03-29 22:51:24,535.75
2022-03-29 22:51:29,535.75
2022-03-29 22:51:34,535.72
2022-03-29 22:51:39,535.65
2022-03-29 22:51:44,535.58
2022-03-29 22:51:49,535.52
2022-03-29 22:51:54,535.52
2022-03-29 22:51:59,535.49
2022-03-29 22:52:04,535.49
2022-03-29 22:52:09,535.37
2022-03-29 22:52:14,525.1470646350837
2022-03-29 22:52:19,535.37
2022-03-29 22:52:24,535.37
2022-03-29 22:52:29,535.3
2022-03-29 22:52:34,525.1511340764123
2022-03-29 22:52:39,535.24
2022-03-29 22:52:44,535.21
2022-03-29 22:52:49,535.21
2022-03-29 22:52:54,535.21
2022-03-29 22:52:59,535.21
2022-03-29 22:53:04,535.15
2022-03-29 22:53:09,535.15
2022-03-29 22:53:14,535.08
2022-03-29 22:53:19,535.09
2022-03-29 22:53:24,535.02
2022-03-29 22:53:29,535.09
2022-03-29 22:53:34,535.09
2022-03-29 22:53:39,535.02
2022-03-29 22:53:44,535.02
2022-03-29 22:53:49,535.02
2022-03-29 22:53:54,534.99
2022-03-29 22:53:59,534.99
2022-03-29 22:54:04,534.99
2022-03-29 22:54:09,534.93
2022-03-29 22:54:14,534.99
2022-03-29 22:54:19,534.93
2022-03-29 22:54:24,534.93
2022-03-29 22:54:29,534.87
2022-03-29 22:54:34,534.87
2022-03-29 22:54:39,534.87
2022-03-29 22:54:44,534.87
2022-03-29 22:54:49,534.87
2022-03-29 22:54:54,534.8
2022-03-29 22:54:59,534.8
2022-03-29 22:55:04,534.8
2022-03-29 22:55:09,534.81
2022-03-29 22:55:14,534.81
2022-03-29 22:55:19,534.81
2022-03-29 22:55:24,534.74
2022-03-29 22:55:29,534.75
2022-03-29 22:55:34,534.74
2022-03-29 22:55:39,534.75
2022-03-29 22:55:44,534.81
2022-03-29 22:55:49,534.71
2022-03-29 22:55:54,534.75
2022-03-29 22:55:59,534.75
2022-03-29 22:56:04,534.71
2022-03-29 22:56:09,534.72
2022-03-29 22:56:14,525.2116139280928
2022-03-29 22:56:19,534.65
2022-03-29 22:56:24,534.66
2022-03-29 22:56:29,534.66
2022-03-29 22:56:34,534.66
2022-03-29 22:56:39,534.6
2022-03-29 22:56:44,534.6
2022-03-29 22:56:49,534.6
2022-03-29 22:56:54,534.53
2022-03-29 22:56:59,534.53
2022-03-29 22:57:04,534.6
2022-03-29 22:57:09,525.2268549180383
2022-03-29 22:57:14,534.54
2022-03-29 22:57:19,534.51
2022-03-29 22:57:24,534.54
2022-03-29 22:57:29,534.54
2022-03-29 22:57:34,534.54
2022-03-29 22:57:39,534.54
2022-03-29 22:57:44,534.54
2022-03-29 22:57:49,534.54
2022-03-29 22:57:54,534.55
2022-03-29 22:57:59,534.55
2022-03-29 22:58:04,525.2401840287205
2022-03-29 22:58:09,534.52
2022-03-29 22:58:14,534.52
2022-03-29 22:58:19,534.52
2022-03-29 22:58:24,534.52
2022-03-29 22:58:29,534.52
2022-03-29 22:58:34,534.52
2022-03-29 22:58:39,534.52
2022-03-29 22:58:44,534.46
2022-03-29 22:58:49,534.52
2022-03-29 22:58:54,534.52
2022-03-29 22:58:59,534.46
2022-03-29 22:59:04,525.2513926606899
2022-03-29 22:59:09,534.52
2022-03-29 22:59:14,534.46
2022-03-29 22:59:19,534.52
2022-03-29 22:59:24,534.52
2022-03-29 22:59:29,534.46
2022-03-29 22:59:34,534.46
2022-03-29 22:59:39,534.46
2022-03-29 22:59:44,534.52
2022-03-29 22:59:49,534.46
2022-03-29 22:59:54,534.46
2022-03-29 22:59:59,534.46
2022-03-29 23:00:04,534.53
2022-03-29 23:00:09,534.46
2022-03-29 23:00:14,534.46
2022-03-29 23:00:19,534.46
2022-03-29 23:00:24,534.46
2022-03-29 23:00:29,534.46
2022-03-29 23:00:34,534.4
2022-03-29 23:00:39,534.4
2022-03-29 23:00:44,534.4
2022-03-29 23:00:49,534.4
2022-03-29 23:00:54,534.34
2022-03-29 23:00:59,534.4
2022-03-29 23:01:04,534.34
2022-03-29 23:01:09,534.33
2022-03-29 23:01:14,534.34
2022-03-29 23:01:19,534.27
2022-03-29 23:01:24,534.27
2022-03-29 23:01:29,534.33
2022-03-29 23:01:34,534.27
2022-03-29 23:01:39,534.24
2022-03-29 23:01:44,525.2547787780817
2022-03-29 23:01:49,534.27
2022-03-29 23:01:54,534.27
2022-03-29 23:01:59,534.27
2022-03-29 23:02:04,534.27
2022-03-29 23:02:09,534.27
2022-03-29 23:02:14,534.27
2022-03-29 23:02:19,534.27
2022-03-29 23:02:24,525.2475594936207
2022-03-29 23:02:29,534.26
2022-03-29 23:02:34,534.27
2022-03-29 23:02:39,534.23
2022-03-29 23:02:44,534.23
2022-03-29 23:02:49,534.23
2022-03-29 23:02:54,534.26
2022-03-29 23:02:59,534.16
2022-03-29 23:03:04,534.16
2022-03-29 23:03:09,534.17
2022-03-29 23:03:14,534.17
2022-03-29 23:03:19,534.1
2022-03-29 23:03:24,534.1
2022-03-29 23:03:29,525.2271711864595
2022-03-29 23:03:34,534.04
2022-03-29 23:03:39,534.03
2022-03-29 23:03:44,534.0
2022-03-29 23:03:49,533.94
2022-03-29 23:03:54,525.2161883887196
2022-03-29 23:03:59,533.87
2022-03-29 23:04:04,533.81
2022-03-29 23:04:09,533.87
2022-03-29 23:04:14,533.87
2022-03-29 23:04:19,533.81
2022-03-29 23:04:24,533.87
2022-03-29 23:04:29,525.1976326645422
2022-03-29 23:04:34,533.74
2022-03-29 23:04:39,533.74
2022-03-29 23:04:44,533.71
2022-03-29 23:04:49,533.71
2022-03-29 23:04:54,533.65
2022-03-29 23:04:59,525.1787375762177
2022-03-29 23:05:04,533.71
2022-03-29 23:05:09,525.1718360590279
2022-03-29 23:05:14,533.65
2022-03-29 23:05:19,533.58
2022-03-29 23:05:24,533.58
2022-03-29 23:05:29,525.1571416667622
2022-03-29 23:05:34,533.58
2022-03-29 23:05:39,525.1493532495982
2022-03-29 23:05:44,533.52
2022-03-29 23:05:49,533.52
2022-03-29 23:05:54,533.52
2022-03-29 23:05:59,525.1329051179886
2022-03-29 23:06:04,525.1286131900995
2022-03-29 23:06:09,533.52
2022-03-29 23:06:14,533.58
2022-03-29 23:06:19,533.58
2022-03-29 23:06:24,533.58
2022-03-29 23:06:29,533.65
2022-03-29 23:06:34,533.58
2022-03-29 23:06:39,533.65
2022-03-29 23:06:44,533.65
2022-03-29 23:06:49,533.65
2022-03-29 23:06:54,533.65
2022-03-29 23:06:59,533.65
2022-03-29 23:07:04,525.0716204816698
2022-03-29 23:07:09,533.66
2022-03-29 23:07:14,533.72
2022-03-29 23:07:19,533.72
2022-03-29 23:07:24,533.75
2022-03-29 23:07:29,533.72
2022-03-29 23:07:34,533.72
2022-03-29 23:07:39,533.72
2022-03-29 23:07:44,525.0281510375763
2022-03-29 23:07:49,533.75
2022-03-29 23:07:54,533.82
2022-03-29 23:07:59,533.82
2022-03-29 23:08:04,533.82
2022-03-29 23:08:09,524.9988341580038
2022-03-29 23:08:14,533.89
2022-03-29 23:08:19,533.95
2022-03-29 23:08:24,533.95
2022-03-29 23:08:29,524.9742191478042
2022-03-29 23:08:34,534.02
2022-03-29 23:08:39,534.05
2022-03-29 23:08:44,534.05
2022-03-29 23:08:49,534.11
2022-03-29 23:08:54,534.11
2022-03-29 23:08:59,524.9354025811949
2022-03-29 23:09:04,534.18
2022-03-29 23:09:09,534.18
2022-03-29 23:09:14,534.24
2022-03-29 23:09:19,524.9082881737359
2022-03-29 23:09:24,524.9013575388349
2022-03-29 23:09:29,534.34
2022-03-29 23:09:34,534.34
2022-03-29 23:09:39,534.41
2022-03-29 23:09:44,524.8730352256716
2022-03-29 23:09:49,534.47
2022-03-29 23:09:54,534.53
2022-03-29 23:09:59,534.57
2022-03-29 23:10:04,534.63
2022-03-29 23:10:09,534.63
2022-03-29 23:10:14,534.76
2022-03-29 23:10:19,534.79
2022-03-29 23:10:24,524.8135696391165
2022-03-29 23:10:29,534.92
2022-03-29 23:10:34,534.98
2022-03-29 23:10:39,535.05
2022-03-29 23:10:44,535.14
2022-03-29 23:10:49,524.7745449347901
2022-03-29 23:10:54,535.27
2022-03-29 23:10:59,535.31
2022-03-29 23:11:04,524.7504616499117
2022-03-29 23:11:09,535.5
2022-03-29 23:11:14,535.5
2022-03-29 23:11:19,524.725886212765
2022-03-29 23:11:24,535.66
2022-03-29 23:11:29,524.7092328850005
2022-03-29 23:11:34,535.79
2022-03-29 23:11:39,535.82
2022-03-29 23:11:44,535.95
2022-03-29 23:11:49,536.01
2022-03-29 23:11:54,536.07
2022-03-29 23:11:59,536.11
2022-03-29 23:12:04,536.17
2022-03-29 23:12:09,536.23
2022-03-29 23:12:14,536.3
2022-03-29 23:12:19,536.39
2022-03-29 23:12:24,536.46
2022-03-29 23:12:29,536.52
2022-03-29 23:12:34,536.61
2022-03-29 23:12:39,536.68
2022-03-29 23:12:44,536.81
2022-03-29 23:12:49,536.81
2022-03-29 23:12:54,536.84
2022-03-29 23:12:59,536.9
2022-03-29 23:13:04,537.03
2022-03-29 23:13:09,524.5313434777759
2022-03-29 23:13:14,537.19
2022-03-29 23:13:19,537.25
2022-03-29 23:13:24,537.31
2022-03-29 23:13:29,537.41
2022-03-29 23:13:34,537.48
2022-03-29 23:13:39,537.54
2022-03-29 23:13:44,537.63
2022-03-29 23:13:49,537.7
2022-03-29 23:13:54,537.82
2022-03-29 23:13:59,537.86
2022-03-29 23:14:04,537.92
2022-03-29 23:14:09,538.05
2022-03-29 23:14:14,538.11
2022-03-29 23:14:19,538.21
2022-03-29 23:14:24,538.27
2022-03-29 23:14:29,538.34
2022-03-29 23:14:34,538.37
2022-03-29 23:14:39,538.49
2022-03-29 23:14:44,538.56
2022-03-29 23:14:49,538.65
2022-03-29 23:14:54,538.72
2022-03-29 23:14:59,538.78
2022-03-29 23:15:04,538.88
2022-03-29 23:15:09,538.94
2022-03-29 23:15:14,524.2824014945461
2022-03-29 23:15:19,539.14
2022-03-29 23:15:24,539.17
2022-03-29 23:15:29,539.23
2022-03-29 23:15:34,524.2400940063225
2022-03-29 23:15:39,539.39
2022-03-29 23:15:44,539.52
2022-03-29 23:15:49,539.52
2022-03-29 23:15:54,539.58
2022-03-29 23:15:59,539.65
2022-03-29 23:16:04,539.68
2022-03-29 23:16:09,539.75
2022-03-29 23:16:14,539.75
2022-03-29 23:16:19,539.75
2022-03-29 23:16:24,539.81
2022-03-29 23:16:29,539.81
2022-03-29 23:16:34,539.81
2022-03-29 23:16:39,539.87
2022-03-29 23:16:44,539.87
2022-03-29 23:16:49,539.91
2022-03-29 23:16:54,539.88
2022-03-29 23:16:59,539.88
2022-03-29 23:17:04,539.88
2022-03-29 23:17:09,539.81
2022-03-29 23:17:14,539.81
2022-03-29 23:17:19,539.75
2022-03-29 23:17:24,539.75
2022-03-29 23:17:29,539.69
2022-03-29 23:17:34,539.65
2022-03-29 23:17:39,539.65
2022-03-29 23:17:44,539.59
2022-03-29 23:17:49,539.46
2022-03-29 23:17:54,539.46
2022-03-29 23:17:59,539.4
2022-03-29 23:18:04,539.3
2022-03-29 23:18:09,539.3
2022-03-29 23:18:14,539.14
2022-03-29 23:18:19,539.07
2022-03-29 23:18:24,523.8566753810751
2022-03-29 23:18:29,538.95
2022-03-29 23:18:34,538.85
2022-03-29 23:18:39,538.72
2022-03-29 23:18:44,538.62
2022-03-29 23:18:49,538.56
2022-03-29 23:18:54,538.43
2022-03-29 23:18:59,538.34
2022-03-29 23:19:04,538.21
2022-03-29 23:19:09,538.14
2022-03-29 23:19:14,538.04
2022-03-29 23:19:19,537.98
2022-03-29 23:19:24,537.85
2022-03-29 23:19:29,537.76
2022-03-29 23:19:34,537.62
2022-03-29 23:19:39,537.59
2022-03-29 23:19:44,537.53
2022-03-29 23:19:49,523.652788472022
2022-03-29 23:19:54,537.3
2022-03-29 23:19:59,537.17
2022-03-29 23:20:04,537.08
2022-03-29 23:20:09,536.95
2022-03-29 23:20:14,536.82
2022-03-29 23:20:19,536.72
2022-03-29 23:20:24,523.5684823176767
2022-03-29 23:20:29,536.56
2022-03-29 23:20:34,536.43
2022-03-29 23:20:39,536.3
2022-03-29 23:20:44,536.2
2022-03-29 23:20:49,536.14
2022-03-29 23:20:54,535.98
2022-03-29 23:20:59,535.85
2022-03-29 23:21:04,535.78
2022-03-29 23:21:09,535.62
2022-03-29 23:21:14,535.46
2022-03-29 23:21:19,535.4
2022-03-29 23:21:24,535.27
2022-03-29 23:21:29,523.4141126959338
2022-03-29 23:21:34,535.04
2022-03-29 23:21:39,534.94
2022-03-29 23:21:44,534.81
2022-03-29 23:21:49,534.71
2022-03-29 23:21:54,534.59
2022-03-29 23:21:59,534.52
2022-03-29 23:22:04,534.36
2022-03-29 23:22:09,523.321879035887
2022-03-29 23:22:14,534.13
2022-03-29 23:22:19,534.0
2022-03-29 23:22:24,533.91
2022-03-29 23:22:29,533.77
2022-03-29 23:22:34,533.68
2022-03-29 23:22:39,533.61
2022-03-29 23:22:44,533.45
2022-03-29 23:22:49,533.32
2022-03-29 23:22:54,533.19
2022-03-29 23:22:59,533.09
2022-03-29 23:23:04,532.97
2022-03-29 23:23:09,532.87
2022-03-29 23:23:14,532.74
2022-03-29 23:23:19,532.64
2022-03-29 23:23:24,532.51
2022-03-29 23:23:29,532.35
2022-03-29 23:23:34,532.28
2022-03-29 23:23:39,532.12
2022-03-29 23:23:44,531.99
2022-03-29 23:23:49,531.92
2022-03-29 23:23:54,531.83
2022-03-29 23:23:59,531.7
2022-03-29 23:24:04,531.6
2022-03-29 23:24:09,531.54
2022-03-29 23:24:14,531.41
2022-03-29 23:24:19,531.31
2022-03-29 23:24:24,531.18
2022-03-29 23:24:29,531.12
2022-03-29 23:24:34,531.08
2022-03-29 23:24:39,530.95
2022-03-29 23:24:44,530.89
2022-03-29 23:24:49,530.79
2022-03-29 23:24:54,530.72
2022-03-29 23:24:59,530.66
2022-03-29 23:25:04,530.59
2022-03-29 23:25:09,530.56
2022-03-29 23:25:14,530.43
2022-03-29 23:25:19,530.37
2022-03-29 23:25:24,530.34
2022-03-29 23:25:29,530.34
2022-03-29 23:25:34,530.21
2022-03-29 23:25:39,530.21
2022-03-29 23:25:44,530.08
2022-03-29 23:25:49,530.04
2022-03-29 23:25:54,529.98
2022-03-29 23:25:59,529.92
2022-03-29 23:26:04,529.85
2022-03-29 23:26:09,529.85
2022-03-29 23:26:14,529.82
2022-03-29 23:26:19,529.75
2022-03-29 23:26:24,529.69
2022-03-29 23:26:29,529.69
2022-03-29 23:26:34,529.63
2022-03-29 23:26:39,529.56
2022-03-29 23:26:44,529.53
2022-03-29 23:26:49,529.46
2022-03-29 23:26:54,529.4
2022-03-29 23:26:59,529.34
2022-03-29 23:27:04,529.34
2022-03-29 23:27:09,529.3
2022-03-29 23:27:14,529.24
2022-03-29 23:27:19,529.24
2022-03-29 23:27:24,529.24
2022-03-29 23:27:29,529.18
2022-03-29 23:27:34,529.18
2022-03-29 23:27:39,529.11
2022-03-29 23:27:44,529.11
2022-03-29 23:27:49,529.05
2022-03-29 23:27:54,522.7501785129253
2022-03-29 23:27:59,529.05
2022-03-29 23:28:04,529.02
2022-03-29 23:28:09,522.7393515782018
2022-03-29 23:28:14,528.95
2022-03-29 23:28:19,528.95
2022-03-29 23:28:24,528.89
2022-03-29 23:28:29,528.82
2022-03-29 23:28:34,528.79
2022-03-29 23:28:39,528.79
2022-03-29 23:28:44,522.720213211801
2022-03-29 23:28:49,528.67
2022-03-29 23:28:54,528.67
2022-03-29 23:28:59,528.6
2022-03-29 23:29:04,528.6
2022-03-29 23:29:09,528.54
2022-03-29 23:29:14,528.51
2022-03-29 23:29:19,528.51
2022-03-29 23:29:24,528.51
2022-03-29 23:29:29,528.45
2022-03-29 23:29:34,522.7087165344074
2022-03-29 23:29:39,528.38
2022-03-29 23:29:44,528.38
2022-03-29 23:29:49,528.32
2022-03-29 23:29:54,522.7096725551975
2022-03-29 23:29:59,522.7104289144073
2022-03-29 23:30:04,528.29
2022-03-29 23:30:09,528.29
2022-03-29 23:30:14,528.22
2022-03-29 23:30:19,528.22
2022-03-29 23:30:24,528.1
2022-03-29 23:30:29,528.1
2022-03-29 23:30:34,528.1
2022-03-29 23:30:39,528.1
2022-03-29 23:30:44,528.03
2022-03-29 23:30:49,528.0
2022-03-29 23:30:54,528.0
2022-03-29 23:30:59,528.0
2022-03-29 23:31:04,527.94
2022-03-29 23:31:09,527.94
2022-03-29 23:31:14,527.94
2022-03-29 23:31:19,522.7523044977175
2022-03-29 23:31:24,527.81
2022-03-29 23:31:29,527.81
2022-03-29 23:31:34,527.81
2022-03-29 23:31:39,527.78
2022-03-29 23:31:44,527.78
2022-03-29 23:31:49,522.7833231562917
2022-03-29 23:31:54,522.7893510458686
2022-03-29 23:31:59,527.78
2022-03-29 23:32:04,527.72
2022-03-29 23:32:09,527.72
2022-03-29 23:32:14,527.72
2022-03-29 23:32:19,527.65
2022-03-29 23:32:24,527.66
2022-03-29 23:32:29,527.59
2022-03-29 23:32:34,527.59
2022-03-29 23:32:39,527.59
2022-03-29 23:32:44,527.53
2022-03-29 23:32:49,527.53
2022-03-29 23:32:54,527.53
2022-03-29 23:32:59,522.8907051555435
2022-03-29 23:33:04,527.5
2022-03-29 23:33:09,527.5
2022-03-29 23:33:14,522.919969040468
2022-03-29 23:33:19,527.43
2022-03-29 23:33:24,527.44
2022-03-29 23:33:29,527.44
2022-03-29 23:33:34,527.44
2022-03-29 23:33:39,527.37
2022-03-29 23:33:44,527.37
2022-03-29 23:33:49,527.37
2022-03-29 23:33:54,527.38
2022-03-29 23:33:59,527.38
2022-03-29 23:34:04,527.38
2022-03-29 23:34:09,527.38
2022-03-29 23:34:14,527.38
2022-03-29 23:34:19,527.37
2022-03-29 23:34:24,527.44
2022-03-29 23:34:29,527.44
2022-03-29 23:34:34,527.51
2022-03-29 23:34:39,527.51
2022-03-29 23:34:44,527.51
2022-03-29 23:34:49,527.54
2022-03-29 23:34:54,527.54
2022-03-29 23:34:59,527.61
2022-03-29 23:35:04,527.61
2022-03-29 23:35:09,527.74
2022-03-29 23:35:14,527.74
2022-03-29 23:35:19,527.8
2022-03-29 23:35:24,527.83
2022-03-29 23:35:29,527.9
2022-03-29 23:35:34,527.97
2022-03-29 23:35:39,527.97
2022-03-29 23:35:44,527.97
2022-03-29 23:35:49,528.07
2022-03-29 23:35:54,528.13
2022-03-29 23:35:59,528.2
2022-03-29 23:36:04,528.26
2022-03-29 23:36:09,528.33
2022-03-29 23:36:14,528.36
2022-03-29 23:36:19,528.42
2022-03-29 23:36:24,528.55
2022-03-29 23:36:29,528.59
2022-03-29 23:36:34,523.4745335809945
2022-03-29 23:36:39,528.72
2022-03-29 23:36:44,528.85
2022-03-29 23:36:49,523.5255553181902
2022-03-29 23:36:54,529.01
2022-03-29 23:36:59,529.08
2022-03-29 23:37:04,529.11
2022-03-29 23:37:09,529.18
2022-03-29 23:37:14,529.37
2022-03-29 23:37:19,529.4
2022-03-29 23:37:24,529.47
2022-03-29 23:37:29,529.6
2022-03-29 23:37:34,529.63
2022-03-29 23:37:39,529.69
2022-03-29 23:37:44,529.89
2022-03-29 23:37:49,529.92
2022-03-29 23:37:54,530.05
2022-03-29 23:37:59,530.11
2022-03-29 23:38:04,530.27
2022-03-29 23:38:09,523.8111298210763
2022-03-29 23:38:14,530.44
2022-03-29 23:38:19,530.57
2022-03-29 23:38:24,530.66
2022-03-29 23:38:29,530.79
2022-03-29 23:38:34,530.95
2022-03-29 23:38:39,531.02
2022-03-29 23:38:44,531.15
2022-03-29 23:38:49,531.31
2022-03-29 23:38:54,531.37
2022-03-29 23:38:59,531.47
2022-03-29 23:39:04,531.6
2022-03-29 23:39:09,531.69
2022-03-29 23:39:14,531.89
2022-03-29 23:39:19,531.95
2022-03-29 23:39:24,524.0917182346543
2022-03-29 23:39:29,532.17
2022-03-29 23:39:34,524.1295223399144
2022-03-29 23:39:39,524.1484326270016
2022-03-29 23:39:44,532.56
2022-03-29 23:39:49,532.69
2022-03-29 23:39:54,532.79
2022-03-29 23:39:59,524.2240602746539
2022-03-29 23:40:04,532.98
2022-03-29 23:40:09,533.14
2022-03-29 23:40:14,533.24
2022-03-29 23:40:19,533.37
2022-03-29 23:40:24,533.53
2022-03-29 23:40:29,533.66
2022-03-29 23:40:34,533.75
2022-03-29 23:40:39,533.88
2022-03-29 23:40:44,534.01
2022-03-29 23:40:49,534.17
2022-03-29 23:40:54,534.23
2022-03-29 23:40:59,534.33
2022-03-29 23:41:04,534.52
2022-03-29 23:41:09,534.62
2022-03-29 23:41:14,534.68
2022-03-29 23:41:19,534.84
2022-03-29 23:41:24,534.91
2022-03-29 23:41:29,535.07
2022-03-29 23:41:34,535.2
2022-03-29 23:41:39,535.26
2022-03-29 23:41:44,535.36
2022-03-29 23:41:49,535.49
2022-03-29 23:41:54,535.58
2022-03-29 23:41:59,535.71
2022-03-29 23:42:04,535.81
2022-03-29 23:42:09,535.93
2022-03-29 23:42:14,536.0
2022-03-29 23:42:19,536.16
2022-03-29 23:42:24,536.28
2022-03-29 23:42:29,536.31
2022-03-29 23:42:34,536.44
2022-03-29 23:42:39,536.57
2022-03-29 23:42:44,536.6
2022-03-29 23:42:49,536.8
2022-03-29 23:42:54,536.83
2022-03-29 23:42:59,536.96
2022-03-29 23:43:04,537.09
2022-03-29 23:43:09,537.18
2022-03-29 23:43:14,537.31
2022-03-29 23:43:19,537.31
2022-03-29 23:43:24,537.41
2022-03-29 23:43:29,537.54
2022-03-29 23:43:34,537.6
2022-03-29 23:43:39,537.7
2022-03-29 23:43:44,525.0195201609283
2022-03-29 23:43:49,537.86
2022-03-29 23:43:54,537.98
2022-03-29 23:43:59,538.05
2022-03-29 23:44:04,538.15
2022-03-29 23:44:09,538.27
2022-03-29 23:44:14,538.34
2022-03-29 23:44:19,538.37
2022-03-29 23:44:24,538.44
2022-03-29 23:44:29,525.1526410300378
2022-03-29 23:44:34,538.66
2022-03-29 23:44:39,538.73
2022-03-29 23:44:44,538.79
2022-03-29 23:44:49,538.86
2022-03-29 23:44:54,538.95
2022-03-29 23:44:59,538.95
2022-03-29 23:45:04,539.08
2022-03-29 23:45:09,525.2595835980364
2022-03-29 23:45:14,539.24
2022-03-29 23:45:19,539.31
2022-03-29 23:45:24,525.2966015729438
2022-03-29 23:45:29,539.4
2022-03-29 23:45:34,525.320281714919
2022-03-29 23:45:39,525.3318134396079
2022-03-29 23:45:44,539.6
2022-03-29 23:45:49,539.66
2022-03-29 23:45:54,539.66
2022-03-29 23:45:59,539.7
2022-03-29 23:46:04,539.76
2022-03-29 23:46:09,539.76
2022-03-29 23:46:14,539.89
2022-03-29 23:46:19,539.83
2022-03-29 23:46:24,539.89
2022-03-29 23:46:29,539.92
2022-03-29 23:46:34,539.99
2022-03-29 23:46:39,539.99
2022-03-29 23:46:44,540.05
2022-03-29 23:46:49,540.12
2022-03-29 23:46:54,540.06
2022-03-29 23:46:59,540.12
2022-03-29 23:47:04,540.12
2022-03-29 23:47:09,540.12
2022-03-29 23:47:14,540.12
2022-03-29 23:47:19,540.12
2022-03-29 23:47:24,540.12
2022-03-29 23:47:29,540.06
2022-03-29 23:47:34,540.06
2022-03-29 23:47:39,540.0
2022-03-29 23:47:44,525.5473443901737
2022-03-29 23:47:49,540.06
2022-03-29 23:47:54,540.0
2022-03-29 23:47:59,539.93
2022-03-29 23:48:04,539.94
2022-03-29 23:48:09,539.9
2022-03-29 23:48:14,539.9
2022-03-29 23:48:19,539.91
2022-03-29 23:48:24,539.84
2022-03-29 23:48:29,539.84
2022-03-29 23:48:34,539.78
2022-03-29 23:48:39,539.78
2022-03-29 23:48:44,539.72
2022-03-29 23:48:49,539.68
2022-03-29 23:48:54,539.69
2022-03-29 23:48:59,539.62
2022-03-29 23:49:04,525.6148476230886
2022-03-29 23:49:09,539.55
2022-03-29 23:49:14,539.49
2022-03-29 23:49:19,539.49
2022-03-29 23:49:24,539.43
2022-03-29 23:49:29,539.4
2022-03-29 23:49:34,539.4
2022-03-29 23:49:39,539.33
2022-03-29 23:49:44,539.27
2022-03-29 23:49:49,539.27
2022-03-29 23:49:54,539.18
2022-03-29 23:49:59,539.18
2022-03-29 23:50:04,539.11
2022-03-29 23:50:09,539.11
2022-03-29 23:50:14,525.6348972687617
2022-03-29 23:50:19,538.99
2022-03-29 23:50:24,538.92
2022-03-29 23:50:29,538.89
2022-03-29 23:50:34,538.83
2022-03-29 23:50:39,538.76
2022-03-29 23:50:44,538.7
2022-03-29 23:50:49,538.67
2022-03-29 23:50:54,538.67
2022-03-29 23:50:59,538.6
2022-03-29 23:51:04,525.6295562149911
2022-03-29 23:51:09,538.47
2022-03-29 23:51:14,538.41
2022-03-29 23:51:19,538.38
2022-03-29 23:51:24,538.38
2022-03-29 23:51:29,538.25
2022-03-29 23:51:34,538.25
2022-03-29 23:51:39,538.19
2022-03-29 23:51:44,538.16
2022-03-29 23:51:49,538.09
2022-03-29 23:51:54,538.03
2022-03-29 23:51:59,537.97
2022-03-29 23:52:04,537.9
2022-03-29 23:52:09,537.87
2022-03-29 23:52:14,537.81
2022-03-29 23:52:19,537.74
2022-03-29 23:52:24,537.68
2022-03-29 23:52:29,537.65
2022-03-29 23:52:34,537.58
2022-03-29 23:52:39,537.46
2022-03-29 23:52:44,537.52
2022-03-29 23:52:49,537.39
2022-03-29 23:52:54,537.36
2022-03-29 23:52:59,537.3
2022-03-29 23:53:04,525.560626489518
2022-03-29 23:53:09,537.17
2022-03-29 23:53:14,537.17
2022-03-29 23:53:19,537.14
2022-03-29 23:53:24,537.07
2022-03-29 23:53:29,537.01
2022-03-29 23:53:34,537.01
2022-03-29 23:53:39,537.01
2022-03-29 23:53:44,525.5229947421965
2022-03-29 23:53:49,536.95
2022-03-29 23:53:54,536.95
2022-03-29 23:53:59,536.95
2022-03-29 23:54:04,536.89
2022-03-29 23:54:09,536.89
2022-03-29 23:54:14,536.89
2022-03-29 23:54:19,525.4851789559298
2022-03-29 23:54:24,536.86
2022-03-29 23:54:29,536.8
2022-03-29 23:54:34,536.86
2022-03-29 23:54:39,536.86
2022-03-29 23:54:44,536.87
2022-03-29 23:54:49,536.87
2022-03-29 23:54:54,536.87
2022-03-29 23:54:59,536.81
2022-03-29 23:55:04,536.87
2022-03-29 23:55:09,536.87
2022-03-29 23:55:14,536.87
2022-03-29 23:55:19,536.87
2022-03-29 23:55:24,536.87
2022-03-29 23:55:29,536.91
2022-03-29 23:55:34,536.91
2022-03-29 23:55:39,536.91
2022-03-29 23:55:44,536.88
2022-03-29 23:55:49,536.91
2022-03-29 23:55:54,536.91
2022-03-29 23:55:59,536.88
2022-03-29 23:56:04,525.3501633011513
2022-03-29 23:56:09,536.88
2022-03-29 23:56:14,525.3359957659218
2022-03-29 23:56:19,536.82
2022-03-29 23:56:24,536.82
2022-03-29 23:56:29,536.75
2022-03-29 23:56:34,536.76
2022-03-29 23:56:39,536.69
2022-03-29 23:56:44,536.69
2022-03-29 23:56:49,536.66
2022-03-29 23:56:54,536.69
2022-03-29 23:56:59,536.66
2022-03-29 23:57:04,536.6
2022-03-29 23:57:09,536.66
2022-03-29 23:57:14,536.6
2022-03-29 23:57:19,536.6
2022-03-29 23:57:24,536.47
2022-03-29 23:57:29,536.47
2022-03-29 23:57:34,536.47
2022-03-29 23:57:39,536.41
2022-03-29 23:57:44,536.37
2022-03-29 23:57:49,536.31
2022-03-29 23:57:54,536.31
2022-03-29 23:57:59,536.24
2022-03-29 23:58:04,536.15
2022-03-29 23:58:09,536.08
2022-03-29 23:58:14,536.08
2022-03-29 23:58:19,535.95
2022-03-29 23:58:24,535.86
2022-03-29 23:58:29,535.86
2022-03-29 23:58:34,535.73
2022-03-29 23:58:39,535.73
2022-03-29 23:58:44,535.63
2022-03-29 23:58:49,535.63
2022-03-29 23:58:54,535.5
2022-03-29 23:58:59,535.37
2022-03-29 23:59:04,535.37
2022-03-29 23:59:09,535.28
2022-03-29 23:59:14,535.15
2022-03-29 23:59:19,535.11
2022-03-29 23:59:24,535.05
2022-03-29 23:59:29,534.92
2022-03-29 23:59:34,534.82
2022-03-29 23:59:39,525.0263362482357
2022-03-29 23:59:44,534.6
2022-03-29 23:59:49,534.54
2022-03-29 23:59:54,534.4
2022-03-29 23:59:59,534.31
2022-03-30 00:00:04,534.18
2022-03-30 00:00:09,534.08
2022-03-30 00:00:14,534.02
2022-03-30 00:00:19,533.89
2022-03-30 00:00:24,533.79
2022-03-30 00:00:29,533.72
2022-03-30 00:00:34,533.5
2022-03-30 00:00:39,533.5
2022-03-30 00:00:44,533.37
2022-03-30 00:00:49,533.27
2022-03-30 00:00:54,533.14
2022-03-30 00:00:59,533.08
2022-03-30 00:01:04,532.92
2022-03-30 00:01:09,532.85
2022-03-30 00:01:14,532.75
2022-03-30 00:01:19,532.63
2022-03-30 00:01:24,532.47
2022-03-30 00:01:29,524.8690015394988
2022-03-30 00:01:34,532.34
2022-03-30 00:01:39,532.18
2022-03-30 00:01:44,532.04
2022-03-30 00:01:49,531.95
2022-03-30 00:01:54,531.82
2022-03-30 00:01:59,531.76
2022-03-30 00:02:04,531.66
2022-03-30 00:02:09,531.59
2022-03-30 00:02:14,531.43
2022-03-30 00:02:19,531.3
2022-03-30 00:02:24,531.21
2022-03-30 00:02:29,531.01
2022-03-30 00:02:34,531.01
2022-03-30 00:02:39,530.85
2022-03-30 00:02:44,530.72
2022-03-30 00:02:49,530.63
2022-03-30 00:02:54,530.5
2022-03-30 00:02:59,530.4
2022-03-30 00:03:04,530.34
2022-03-30 00:03:09,530.21
2022-03-30 00:03:14,530.11
2022-03-30 00:03:19,529.98
2022-03-30 00:03:24,529.89
2022-03-30 00:03:29,524.7108675774483
2022-03-30 00:03:34,529.7
2022-03-30 00:03:39,529.66
2022-03-30 00:03:44,529.47
2022-03-30 00:03:49,529.37
2022-03-30 00:03:54,529.31
2022-03-30 00:03:59,529.25
2022-03-30 00:04:04,529.15
2022-03-30 00:04:09,529.08
2022-03-30 00:04:14,524.6518592242631
2022-03-30 00:04:19,528.93
2022-03-30 00:04:24,528.8
2022-03-30 00:04:29,524.6319473491707
2022-03-30 00:04:34,528.64
2022-03-30 00:04:39,524.618575416104
2022-03-30 00:04:44,528.51
2022-03-30 00:04:49,528.45
2022-03-30 00:04:54,528.45
2022-03-30 00:04:59,528.29
2022-03-30 00:05:04,528.28
2022-03-30 00:05:09,528.22
2022-03-30 00:05:14,528.16
2022-03-30 00:05:19,528.12
2022-03-30 00:05:24,528.06
2022-03-30 00:05:29,528.0
2022-03-30 00:05:34,527.93
2022-03-30 00:05:39,527.9
2022-03-30 00:05:44,527.93
2022-03-30 00:05:49,527.84
2022-03-30 00:05:54,527.77
2022-03-30 00:05:59,524.507499863585
2022-03-30 00:06:04,527.71
2022-03-30 00:06:09,527.65
2022-03-30 00:06:14,527.65
2022-03-30 00:06:19,527.65
2022-03-30 00:06:24,527.65
2022-03-30 00:06:29,527.62
2022-03-30 00:06:34,527.62
2022-03-30 00:06:39,527.62
2022-03-30 00:06:44,527.61
2022-03-30 00:06:49,524.4328156724614
2022-03-30 00:06:54,527.65
2022-03-30 00:06:59,527.65
2022-03-30 00:07:04,527.65
2022-03-30 00:07:09,527.71
2022-03-30 00:07:14,527.71
2022-03-30 00:07:19,527.71
2022-03-30 00:07:24,524.3772866040681
2022-03-30 00:07:29,527.84
2022-03-30 00:07:34,524.3608562296367
2022-03-30 00:07:39,527.94
2022-03-30 00:07:44,528.06
2022-03-30 00:07:49,528.13
2022-03-30 00:07:54,524.3271753670042
2022-03-30 00:07:59,528.29
2022-03-30 00:08:04,528.29
2022-03-30 00:08:09,528.41
2022-03-30 00:08:14,528.51
2022-03-30 00:08:19,528.67
2022-03-30 00:08:24,528.74
2022-03-30 00:08:29,528.93
2022-03-30 00:08:34,524.2562450938948
2022-03-30 00:08:39,529.09
2022-03-30 00:08:44,529.19
2022-03-30 00:08:49,529.25
2022-03-30 00:08:54,529.44
2022-03-30 00:08:59,529.54
2022-03-30 00:09:04,529.76
2022-03-30 00:09:09,529.89
2022-03-30 00:09:14,529.99
2022-03-30 00:09:19,530.18
2022-03-30 00:09:24,530.28
2022-03-30 00:09:29,530.47
2022-03-30 00:09:34,530.63
2022-03-30 00:09:39,530.72
2022-03-30 00:09:44,530.92
2022-03-30 00:09:49,524.1084296486331
2022-03-30 00:09:54,524.097805614177
2022-03-30 00:09:59,531.43
2022-03-30 00:10:04,531.52
2022-03-30 00:10:09,531.71
2022-03-30 00:10:14,531.81
2022-03-30 00:10:19,524.0431072644652
2022-03-30 00:10:24,532.23
2022-03-30 00:10:29,532.39
2022-03-30 00:10:34,532.55
2022-03-30 00:10:39,532.68
2022-03-30 00:10:44,532.9
2022-03-30 00:10:49,533.06
2022-03-30 00:10:54,523.9618766026896
2022-03-30 00:10:59,533.35
2022-03-30 00:11:04,533.54
2022-03-30 00:11:09,533.7
2022-03-30 00:11:14,533.86
2022-03-30 00:11:19,534.06
2022-03-30 00:11:24,523.8876287500946
2022-03-30 00:11:29,534.31
2022-03-30 00:11:34,534.57
2022-03-30 00:11:39,534.73
2022-03-30 00:11:44,534.82
2022-03-30 00:11:49,535.02
2022-03-30 00:11:54,535.18
2022-03-30 00:11:59,535.31
2022-03-30 00:12:04,535.54
2022-03-30 00:12:09,535.63
2022-03-30 00:12:14,535.76
2022-03-30 00:12:19,535.92
2022-03-30 00:12:24,536.05
2022-03-30 00:12:29,536.21
2022-03-30 00:12:34,536.34
2022-03-30 00:12:39,536.43
2022-03-30 00:12:44,523.6665900226224
2022-03-30 00:12:49,536.72
2022-03-30 00:12:54,536.88
2022-03-30 00:12:59,537.01
2022-03-30 00:13:04,537.14
2022-03-30 00:13:09,537.24
2022-03-30 00:13:14,537.36
2022-03-30 00:13:19,537.53
2022-03-30 00:13:24,537.66
2022-03-30 00:13:29,537.69
2022-03-30 00:13:34,537.88
2022-03-30 00:13:39,537.98
2022-03-30 00:13:44,538.11
2022-03-30 00:13:49,538.17
2022-03-30 00:13:54,538.27
2022-03-30 00:13:59,538.39
2022-03-30 00:14:04,538.43
2022-03-30 00:14:09,538.62
2022-03-30 00:14:14,523.3726081247721
2022-03-30 00:14:19,538.72
2022-03-30 00:14:24,538.85
2022-03-30 00:14:29,538.91
2022-03-30 00:14:34,538.94
2022-03-30 00:14:39,539.07
2022-03-30 00:14:44,539.14
2022-03-30 00:14:49,523.2437964071798
2022-03-30 00:14:54,539.24
2022-03-30 00:14:59,539.3
2022-03-30 00:15:04,539.36
2022-03-30 00:15:09,539.46
2022-03-30 00:15:14,539.53
2022-03-30 00:15:19,539.52
2022-03-30 00:15:24,539.53
2022-03-30 00:15:29,539.65
2022-03-30 00:15:34,539.59
2022-03-30 00:15:39,539.65
2022-03-30 00:15:44,539.72
2022-03-30 00:15:49,539.65
2022-03-30 00:15:54,539.72
2022-03-30 00:15:59,539.72
2022-03-30 00:16:04,539.75
2022-03-30 00:16:09,539.72
2022-03-30 00:16:14,539.72
2022-03-30 00:16:19,539.72
2022-03-30 00:16:24,539.72
2022-03-30 00:16:29,539.72
2022-03-30 00:16:34,539.72
2022-03-30 00:16:39,539.72
2022-03-30 00:16:44,539.72
2022-03-30 00:16:49,522.743659331205
2022-03-30 00:16:54,539.65
2022-03-30 00:16:59,539.65
2022-03-30 00:17:04,539.59
2022-03-30 00:17:09,539.52
2022-03-30 00:17:14,539.46
2022-03-30 00:17:19,539.46
2022-03-30 00:17:24,539.42
2022-03-30 00:17:29,539.36
2022-03-30 00:17:34,539.29
2022-03-30 00:17:39,539.23
2022-03-30 00:17:44,539.13
2022-03-30 00:17:49,539.13
2022-03-30 00:17:54,539.07
2022-03-30 00:17:59,539.0
2022-03-30 00:18:04,538.94
2022-03-30 00:18:09,538.84
2022-03-30 00:18:14,538.78
2022-03-30 00:18:19,538.77
2022-03-30 00:18:24,522.2984906372614
2022-03-30 00:18:29,538.61
2022-03-30 00:18:34,538.55
2022-03-30 00:18:39,538.48
2022-03-30 00:18:44,538.38
2022-03-30 00:18:49,538.38
2022-03-30 00:18:54,538.25
2022-03-30 00:18:59,538.16
2022-03-30 00:19:04,538.09
2022-03-30 00:19:09,522.0773144081018
2022-03-30 00:19:14,537.96
2022-03-30 00:19:19,537.86
2022-03-30 00:19:24,522.0025319363397
2022-03-30 00:19:29,537.73
2022-03-30 00:19:34,537.63
2022-03-30 00:19:39,537.5
2022-03-30 00:19:44,537.38
2022-03-30 00:19:49,537.34
2022-03-30 00:19:54,537.28
2022-03-30 00:19:59,537.12
2022-03-30 00:20:04,536.99
2022-03-30 00:20:09,521.7758574227224
2022-03-30 00:20:14,536.7
2022-03-30 00:20:19,536.63
2022-03-30 00:20:24,536.59
2022-03-30 00:20:29,536.4
2022-03-30 00:20:34,536.3
2022-03-30 00:20:39,536.17
2022-03-30 00:20:44,536.08
2022-03-30 00:20:49,535.95
2022-03-30 00:20:54,535.82
2022-03-30 00:20:59,535.66
2022-03-30 00:21:04,535.59
2022-03-30 00:21:09,535.43
2022-03-30 00:21:14,521.4449372148575
2022-03-30 00:21:19,535.14
2022-03-30 00:21:24,535.04
2022-03-30 00:21:29,534.97
2022-03-30 00:21:34,534.78
2022-03-30 00:21:39,534.68
2022-03-30 00:21:44,534.52
2022-03-30 00:21:49,534.39
2022-03-30 00:21:54,534.26
2022-03-30 00:21:59,534.1
2022-03-30 00:22:04,533.94
2022-03-30 00:22:09,521.1649380547614
2022-03-30 00:22:14,533.71
2022-03-30 00:22:19,533.58
2022-03-30 00:22:24,533.52
2022-03-30 00:22:29,533.36
2022-03-30 00:22:34,521.0385322550604
2022-03-30 00:22:39,533.07
2022-03-30 00:22:44,533.0
2022-03-30 00:22:49,532.91
2022-03-30 00:22:54,532.71
2022-03-30 00:22:59,532.62
2022-03-30 00:23:04,520.8881005905349
2022-03-30 00:23:09,532.32
2022-03-30 00:23:14,532.2
2022-03-30 00:23:19,532.16
2022-03-30 00:23:24,531.97
2022-03-30 00:23:29,531.94
2022-03-30 00:23:34,531.74
2022-03-30 00:23:39,531.65
2022-03-30 00:23:44,531.58
2022-03-30 00:23:49,520.666025609271
2022-03-30 00:23:54,531.29
2022-03-30 00:23:59,531.23
2022-03-30 00:24:04,531.17
2022-03-30 00:24:09,531.07
2022-03-30 00:24:14,530.94
2022-03-30 00:24:19,520.521060705275
2022-03-30 00:24:24,530.78
2022-03-30 00:24:29,530.65
2022-03-30 00:24:34,530.62
2022-03-30 00:24:39,530.55
2022-03-30 00:24:44,530.49
2022-03-30 00:24:49,530.43
2022-03-30 00:24:54,530.39
2022-03-30 00:24:59,530.27
2022-03-30 00:25:04,530.2
2022-03-30 00:25:09,530.14
2022-03-30 00:25:14,530.1
2022-03-30 00:25:19,530.11
2022-03-30 00:25:24,520.2180108669966
2022-03-30 00:25:29,529.98
2022-03-30 00:25:34,529.98
2022-03-30 00:25:39,529.88
2022-03-30 00:25:44,529.91
2022-03-30 00:25:49,529.88
2022-03-30 00:25:54,529.88
2022-03-30 00:25:59,529.88
2022-03-30 00:26:04,529.88
2022-03-30 00:26:09,529.88
2022-03-30 00:26:14,529.88
2022-03-30 00:26:19,529.88
2022-03-30 00:26:24,529.88
2022-03-30 00:26:29,529.88
2022-03-30 00:26:34,529.82
2022-03-30 00:26:39,529.89
2022-03-30 00:26:44,529.89
2022-03-30 00:26:49,529.88
2022-03-30 00:26:54,529.92
2022-03-30 00:26:59,519.8108678737609
2022-03-30 00:27:04,529.92
2022-03-30 00:27:09,529.98
2022-03-30 00:27:14,519.7513254361133
2022-03-30 00:27:19,530.05
2022-03-30 00:27:24,530.05
2022-03-30 00:27:29,519.6932441029651
2022-03-30 00:27:34,530.21
2022-03-30 00:27:39,530.27
2022-03-30 00:27:44,530.34
2022-03-30 00:27:49,530.4
2022-03-30 00:27:54,530.5
2022-03-30 00:27:59,530.63
2022-03-30 00:28:04,530.66
2022-03-30 00:28:09,530.79
2022-03-30 00:28:14,530.86
2022-03-30 00:28:19,530.92
2022-03-30 00:28:24,531.02
2022-03-30 00:28:29,531.02
2022-03-30 00:28:34,531.15
2022-03-30 00:28:39,531.24
2022-03-30 00:28:44,519.4268641648861
2022-03-30 00:28:49,531.37
2022-03-30 00:28:54,531.47
2022-03-30 00:28:59,531.54
2022-03-30 00:29:04,531.66
2022-03-30 00:29:09,531.76
2022-03-30 00:29:14,531.76
2022-03-30 00:29:19,531.89
2022-03-30 00:29:24,519.3026562044598
2022-03-30 00:29:29,519.2880191180694
2022-03-30 00:29:34,532.18
2022-03-30 00:29:39,532.28
2022-03-30 00:29:44,519.2452779285497
2022-03-30 00:29:49,519.231418785552
2022-03-30 00:29:54,532.57
2022-03-30 00:29:59,532.7
2022-03-30 00:30:04,532.73
2022-03-30 00:30:09,532.8
2022-03-30 00:30:14,532.92
2022-03-30 00:30:19,532.99
2022-03-30 00:30:24,533.15
2022-03-30 00:30:29,533.15
2022-03-30 00:30:34,533.31
2022-03-30 00:30:39,533.37
2022-03-30 00:30:44,533.44
2022-03-30 00:30:49,533.54
2022-03-30 00:30:54,533.67
2022-03-30 00:30:59,533.73
2022-03-30 00:31:04,533.83
2022-03-30 00:31:09,519.0354790422092
2022-03-30 00:31:14,533.96
2022-03-30 00:31:19,519.0143302223512
2022-03-30 00:31:24,534.18
2022-03-30 00:31:29,534.28
2022-03-30 00:31:34,534.35
2022-03-30 00:31:39,534.41
2022-03-30 00:31:44,534.57
2022-03-30 00:31:49,534.57
2022-03-30 00:31:54,534.7
2022-03-30 00:31:59,534.77
2022-03-30 00:32:04,534.86
2022-03-30 00:32:09,534.93
2022-03-30 00:32:14,535.0
2022-03-30 00:32:19,535.09
2022-03-30 00:32:24,535.16
2022-03-30 00:32:29,535.22
2022-03-30 00:32:34,535.29
2022-03-30 00:32:39,535.39
2022-03-30 00:32:44,535.45
2022-03-30 00:32:49,535.52
2022-03-30 00:32:54,535.68
2022-03-30 00:32:59,518.8419506906253
2022-03-30 00:33:04,535.81
2022-03-30 00:33:09,535.97
2022-03-30 00:33:14,536.04
2022-03-30 00:33:19,536.14
2022-03-30 00:33:24,536.2
2022-03-30 00:33:29,536.33
2022-03-30 00:33:34,536.43
2022-03-30 00:33:39,518.7922021227231
2022-03-30 00:33:44,536.65
2022-03-30 00:33:49,536.78
2022-03-30 00:33:54,536.85
2022-03-30 00:33:59,536.94
2022-03-30 00:34:04,537.07
2022-03-30 00:34:09,537.17
2022-03-30 00:34:14,537.3
2022-03-30 00:34:19,537.3
2022-03-30 00:34:24,537.4
2022-03-30 00:34:29,537.53
2022-03-30 00:34:34,537.59
2022-03-30 00:34:39,537.66
2022-03-30 00:34:44,537.69
2022-03-30 00:34:49,518.7301863431795
2022-03-30 00:34:54,537.89
2022-03-30 00:34:59,537.92
2022-03-30 00:35:04,537.98
2022-03-30 00:35:09,538.04
2022-03-30 00:35:14,538.11
2022-03-30 00:35:19,538.21
2022-03-30 00:35:24,538.27
2022-03-30 00:35:29,538.4
2022-03-30 00:35:34,538.43
2022-03-30 00:35:39,538.56
2022-03-30 00:35:44,538.63
2022-03-30 00:35:49,538.69
2022-03-30 00:35:54,518.6998491156781
2022-03-30 00:35:59,538.85
2022-03-30 00:36:04,538.92
2022-03-30 00:36:09,538.95
2022-03-30 00:36:14,539.08
2022-03-30 00:36:19,539.14
2022-03-30 00:36:24,539.21
2022-03-30 00:36:29,539.3
2022-03-30 00:36:34,539.37
2022-03-30 00:36:39,539.46
2022-03-30 00:36:44,539.53
2022-03-30 00:36:49,539.53
2022-03-30 00:36:54,539.59
2022-03-30 00:36:59,539.65
2022-03-30 00:37:04,539.75
2022-03-30 00:37:09,539.75
2022-03-30 00:37:14,539.82
2022-03-30 00:37:19,539.88
2022-03-30 00:37:24,539.94
2022-03-30 00:37:29,539.97
2022-03-30 00:37:34,539.97
2022-03-30 00:37:39,540.04
2022-03-30 00:37:44,518.7043184914318
2022-03-30 00:37:49,518.706101609969
2022-03-30 00:37:54,540.04
2022-03-30 00:37:59,540.04
2022-03-30 00:38:04,540.1
2022-03-30 00:38:09,540.1
2022-03-30 00:38:14,540.1
2022-03-30 00:38:19,540.1
2022-03-30 00:38:24,540.16
2022-03-30 00:38:29,540.23
2022-03-30 00:38:34,540.23
2022-03-30 00:38:39,540.22
2022-03-30 00:38:44,540.23
2022-03-30 00:38:49,540.26
2022-03-30 00:38:54,540.26
2022-03-30 00:38:59,540.22
2022-03-30 00:39:04,540.25
2022-03-30 00:39:09,540.26
2022-03-30 00:39:14,540.22
2022-03-30 00:39:19,540.25
2022-03-30 00:39:24,540.25
2022-03-30 00:39:29,518.7687164706556
2022-03-30 00:39:34,540.32
2022-03-30 00:39:39,540.22
2022-03-30 00:39:44,540.31
2022-03-30 00:39:49,540.25
2022-03-30 00:39:54,540.31
2022-03-30 00:39:59,518.7970689531392
2022-03-30 00:40:04,540.25
2022-03-30 00:40:09,540.22
2022-03-30 00:40:14,540.22
2022-03-30 00:40:19,540.25
2022-03-30 00:40:24,540.25
2022-03-30 00:40:29,540.25
2022-03-30 00:40:34,540.25
2022-03-30 00:40:39,540.25
2022-03-30 00:40:44,540.25
2022-03-30 00:40:49,540.22
2022-03-30 00:40:54,540.25
2022-03-30 00:40:59,540.25
2022-03-30 00:41:04,540.25
2022-03-30 00:41:09,540.25
2022-03-30 00:41:14,540.25
2022-03-30 00:41:19,540.31
2022-03-30 00:41:24,540.31
2022-03-30 00:41:29,540.31
2022-03-30 00:41:34,540.37
2022-03-30 00:41:39,540.37
2022-03-30 00:41:44,540.31
2022-03-30 00:41:49,540.44
2022-03-30 00:41:54,518.94322622105
2022-03-30 00:41:59,540.37
2022-03-30 00:42:04,540.44
2022-03-30 00:42:09,540.44
2022-03-30 00:42:14,540.44
2022-03-30 00:42:19,518.9823643614528
2022-03-30 00:42:24,540.37
2022-03-30 00:42:29,540.44
2022-03-30 00:42:34,540.44
2022-03-30 00:42:39,519.0154475497687
2022-03-30 00:42:44,540.44
2022-03-30 00:42:49,540.38
2022-03-30 00:42:54,540.38
2022-03-30 00:42:59,540.38
2022-03-30 00:43:04,540.38
2022-03-30 00:43:09,540.38
2022-03-30 00:43:14,540.44
2022-03-30 00:43:19,540.38
2022-03-30 00:43:24,540.38
2022-03-30 00:43:29,540.44
2022-03-30 00:43:34,540.38
2022-03-30 00:43:39,540.44
2022-03-30 00:43:44,519.1332587352257
2022-03-30 00:43:49,540.38
2022-03-30 00:43:54,540.45
2022-03-30 00:43:59,519.1625349465337
2022-03-30 00:44:04,540.45
2022-03-30 00:44:09,540.48
2022-03-30 00:44:14,540.38
2022-03-30 00:44:19,540.45
2022-03-30 00:44:24,540.45
2022-03-30 00:44:29,540.45
2022-03-30 00:44:34,540.45
2022-03-30 00:44:39,519.2440996011543
2022-03-30 00:44:44,540.45
2022-03-30 00:44:49,540.48
2022-03-30 00:44:54,540.45
2022-03-30 00:44:59,540.45
2022-03-30 00:45:04,540.45
2022-03-30 00:45:09,540.48
2022-03-30 00:45:14,540.45
2022-03-30 00:45:19,540.45
2022-03-30 00:45:24,540.45
2022-03-30 00:45:29,540.45
2022-03-30 00:45:34,540.45
2022-03-30 00:45:39,540.45
2022-03-30 00:45:44,540.45
2022-03-30 00:45:49,540.38
2022-03-30 00:45:54,540.38
2022-03-30 00:45:59,519.4208332923583
2022-03-30 00:46:04,540.32
2022-03-30 00:46:09,540.31
2022-03-30 00:46:14,540.32
2022-03-30 00:46:19,540.32
2022-03-30 00:46:24,540.25
2022-03-30 00:46:29,540.25
2022-03-30 00:46:34,540.25
2022-03-30 00:46:39,540.22
2022-03-30 00:46:44,540.15
2022-03-30 00:46:49,540.15
2022-03-30 00:46:54,540.09
2022-03-30 00:46:59,540.08
2022-03-30 00:47:04,540.09
2022-03-30 00:47:09,540.02
2022-03-30 00:47:14,540.02
2022-03-30 00:47:19,540.02
2022-03-30 00:47:24,540.02
2022-03-30 00:47:29,540.02
2022-03-30 00:47:34,539.96
2022-03-30 00:47:39,539.95
2022-03-30 00:47:44,539.92
2022-03-30 00:47:49,539.92
2022-03-30 00:47:54,539.92
2022-03-30 00:47:59,539.86
2022-03-30 00:48:04,539.85
2022-03-30 00:48:09,539.85
2022-03-30 00:48:14,539.72
2022-03-30 00:48:19,539.72
2022-03-30 00:48:24,539.79
2022-03-30 00:48:29,539.72
2022-03-30 00:48:34,539.72
2022-03-30 00:48:39,539.72
2022-03-30 00:48:44,539.69
2022-03-30 00:48:49,519.8409716459372
2022-03-30 00:48:54,539.62
2022-03-30 00:48:59,539.55
2022-03-30 00:49:04,539.55
2022-03-30 00:49:09,539.55
2022-03-30 00:49:14,539.49
2022-03-30 00:49:19,539.49
2022-03-30 00:49:24,539.42
2022-03-30 00:49:29,539.42
2022-03-30 00:49:34,539.39
2022-03-30 00:49:39,539.32
2022-03-30 00:49:44,539.25
2022-03-30 00:49:49,539.26
2022-03-30 00:49:54,539.19
2022-03-30 00:49:59,539.16
2022-03-30 00:50:04,520.0380185671636
2022-03-30 00:50:09,539.03
2022-03-30 00:50:14,538.96
2022-03-30 00:50:19,538.9
2022-03-30 00:50:24,538.86
2022-03-30 00:50:29,538.8
2022-03-30 00:50:34,538.67
2022-03-30 00:50:39,538.64
2022-03-30 00:50:44,538.51
2022-03-30 00:50:49,538.51
2022-03-30 00:50:54,538.38
2022-03-30 00:50:59,538.34
2022-03-30 00:51:04,538.28
2022-03-30 00:51:09,538.15
2022-03-30 00:51:14,538.05
2022-03-30 00:51:19,538.05
2022-03-30 00:51:24,537.93
2022-03-30 00:51:29,537.86
2022-03-30 00:51:34,537.77
2022-03-30 00:51:39,537.64
2022-03-30 00:51:44,537.54
2022-03-30 00:51:49,537.41
2022-03-30 00:51:54,537.31
2022-03-30 00:51:59,537.19
2022-03-30 00:52:04,537.12
2022-03-30 00:52:09,537.02
2022-03-30 00:52:14,536.9
2022-03-30 00:52:19,536.8
2022-03-30 00:52:24,536.67
2022-03-30 00:52:29,536.61
2022-03-30 00:52:34,536.44
2022-03-30 00:52:39,520.4498272349257
2022-03-30 00:52:44,536.22
2022-03-30 00:52:49,536.16
2022-03-30 00:52:54,536.06
2022-03-30 00:52:59,535.93
2022-03-30 00:53:04,535.77
2022-03-30 00:53:09,520.5284127898435
2022-03-30 00:53:14,520.5414328715954
2022-03-30 00:53:19,535.35
2022-03-30 00:53:24,535.29
2022-03-30 00:53:29,535.13
2022-03-30 00:53:34,534.97
2022-03-30 00:53:39,534.9
2022-03-30 00:53:44,534.77
2022-03-30 00:53:49,534.68
2022-03-30 00:53:54,534.55
2022-03-30 00:53:59,534.52
2022-03-30 00:54:04,534.39
2022-03-30 00:54:09,520.6828150529401
2022-03-30 00:54:14,534.23
2022-03-30 00:54:19,534.1
2022-03-30 00:54:24,534.1
2022-03-30 00:54:29,534.0
2022-03-30 00:54:34,520.7457494653187
2022-03-30 00:54:39,533.88
2022-03-30 00:54:44,533.81
2022-03-30 00:54:49,520.7830386778747
2022-03-30 00:54:54,533.65
2022-03-30 00:54:59,520.8076858510536
2022-03-30 00:55:04,533.52
2022-03-30 00:55:09,533.49
2022-03-30 00:55:14,533.36
2022-03-30 00:55:19,533.3
2022-03-30 00:55:24,533.3
2022-03-30 00:55:29,533.2
2022-03-30 00:55:34,533.2
2022-03-30 00:55:39,520.9044110740157
2022-03-30 00:55:44,533.08
2022-03-30 00:55:49,533.01
2022-03-30 00:55:54,532.98
2022-03-30 00:55:59,532.98
2022-03-30 00:56:04,532.98
2022-03-30 00:56:09,532.85
2022-03-30 00:56:14,532.86
2022-03-30 00:56:19,532.85
2022-03-30 00:56:24,532.79
2022-03-30 00:56:29,532.79
2022-03-30 00:56:34,532.79
2022-03-30 00:56:39,532.73
2022-03-30 00:56:44,532.7
2022-03-30 00:56:49,532.69
2022-03-30 00:56:54,521.07636581968
2022-03-30 00:56:59,532.63
2022-03-30 00:57:04,532.63
2022-03-30 00:57:09,521.1090691660354
2022-03-30 00:57:14,532.57
2022-03-30 00:57:19,532.57
2022-03-30 00:57:24,532.57
2022-03-30 00:57:29,532.51
2022-03-30 00:57:34,532.51
2022-03-30 00:57:39,532.51
2022-03-30 00:57:44,532.51
2022-03-30 00:57:49,532.51
2022-03-30 00:57:54,532.51
2022-03-30 00:57:59,532.57
2022-03-30 00:58:04,532.57
2022-03-30 00:58:09,532.57
2022-03-30 00:58:14,532.57
2022-03-30 00:58:19,532.64
2022-03-30 00:58:24,532.64
2022-03-30 00:58:29,532.64
2022-03-30 00:58:34,532.7
2022-03-30 00:58:39,532.7
2022-03-30 00:58:44,532.74
2022-03-30 00:58:49,532.74
2022-03-30 00:58:54,532.74
2022-03-30 00:58:59,521.3311775790156
2022-03-30 00:59:04,532.8
2022-03-30 00:59:09,532.87
2022-03-30 00:59:14,532.87
2022-03-30 00:59:19,532.87
2022-03-30 00:59:24,532.87
2022-03-30 00:59:29,532.93
2022-03-30 00:59:34,533.0
2022-03-30 00:59:39,533.03
2022-03-30 00:59:44,533.03
2022-03-30 00:59:49,533.09
2022-03-30 00:59:54,533.1
2022-03-30 00:59:59,533.16
2022-03-30 01:00:04,533.23
2022-03-30 01:00:09,533.26
2022-03-30 01:00:14,533.26
2022-03-30 01:00:19,533.32
2022-03-30 01:00:24,521.4823098151952
2022-03-30 01:00:29,533.39
2022-03-30 01:00:34,533.33
2022-03-30 01:00:39,521.5072030153995
2022-03-30 01:00:44,533.39
2022-03-30 01:00:49,533.46
2022-03-30 01:00:54,521.5315758283559
2022-03-30 01:00:59,533.4
2022-03-30 01:01:04,533.39
2022-03-30 01:01:09,533.4
2022-03-30 01:01:14,521.563272058467
2022-03-30 01:01:19,533.4
2022-03-30 01:01:24,521.5787802820373
2022-03-30 01:01:29,521.5864500687594
2022-03-30 01:01:34,521.594063885557
2022-03-30 01:01:39,533.27
2022-03-30 01:01:44,521.6091243497306
2022-03-30 01:01:49,533.24
2022-03-30 01:01:54,533.18
2022-03-30 01:01:59,533.12
2022-03-30 01:02:04,533.12
2022-03-30 01:02:09,533.05
2022-03-30 01:02:14,533.05
2022-03-30 01:02:19,533.06
2022-03-30 01:02:24,533.02
2022-03-30 01:02:29,533.02
2022-03-30 01:02:34,533.02
2022-03-30 01:02:39,533.03
2022-03-30 01:02:44,532.96
2022-03-30 01:02:49,532.96
2022-03-30 01:02:54,521.708424076439
2022-03-30 01:02:59,532.96
2022-03-30 01:03:04,532.96
2022-03-30 01:03:09,532.96
2022-03-30 01:03:14,533.03
2022-03-30 01:03:19,533.03
2022-03-30 01:03:24,533.03
2022-03-30 01:03:29,533.03
2022-03-30 01:03:34,533.03
2022-03-30 01:03:39,533.03
2022-03-30 01:03:44,533.03
2022-03-30 01:03:49,533.03
2022-03-30 01:03:54,533.06
2022-03-30 01:03:59,533.07
2022-03-30 01:04:04,533.06
2022-03-30 01:04:09,533.07
2022-03-30 01:04:14,533.13
2022-03-30 01:04:19,533.13
2022-03-30 01:04:24,533.13
2022-03-30 01:04:29,533.13
2022-03-30 01:04:34,533.19
2022-03-30 01:04:39,521.8381197699598
2022-03-30 01:04:44,533.26
2022-03-30 01:04:49,533.26
2022-03-30 01:04:54,533.29
2022-03-30 01:04:59,533.35
2022-03-30 01:05:04,533.35
2022-03-30 01:05:09,533.35
2022-03-30 01:05:14,533.35
2022-03-30 01:05:19,533.48
2022-03-30 01:05:24,533.48
2022-03-30 01:05:29,533.48
2022-03-30 01:05:34,533.55
2022-03-30 01:05:39,533.58
2022-03-30 01:05:44,533.64
2022-03-30 01:05:49,533.64
2022-03-30 01:05:54,533.71
2022-03-30 01:05:59,533.81
2022-03-30 01:06:04,533.87
2022-03-30 01:06:09,533.87
2022-03-30 01:06:14,533.93
2022-03-30 01:06:19,533.99
2022-03-30 01:06:24,521.9462344326338
2022-03-30 01:06:29,521.9508736297665
2022-03-30 01:06:34,534.15
2022-03-30 01:06:39,534.22
2022-03-30 01:06:44,534.28
2022-03-30 01:06:49,534.31
2022-03-30 01:06:54,534.38
2022-03-30 01:06:59,534.38
2022-03-30 01:07:04,534.44
2022-03-30 01:07:09,521.986387627175
2022-03-30 01:07:14,521.9906297057154
2022-03-30 01:07:19,534.6
2022-03-30 01:07:24,534.6
2022-03-30 01:07:29,534.66
2022-03-30 01:07:34,534.79
2022-03-30 01:07:39,534.82
2022-03-30 01:07:44,534.89
2022-03-30 01:07:49,534.95
2022-03-30 01:07:54,534.95
2022-03-30 01:07:59,535.08
2022-03-30 01:08:04,535.11
2022-03-30 01:08:09,535.17
2022-03-30 01:08:14,535.23
2022-03-30 01:08:19,535.3
2022-03-30 01:08:24,535.33
2022-03-30 01:08:29,535.4
2022-03-30 01:08:34,535.46
2022-03-30 01:08:39,535.52
2022-03-30 01:08:44,535.62
2022-03-30 01:08:49,522.0632324173278
2022-03-30 01:08:54,535.68
2022-03-30 01:08:59,535.75
2022-03-30 01:09:04,535.81
2022-03-30 01:09:09,535.84
2022-03-30 01:09:14,535.91
2022-03-30 01:09:19,535.97
2022-03-30 01:09:24,535.97
2022-03-30 01:09:29,536.1
2022-03-30 01:09:34,536.1
2022-03-30 01:09:39,536.13
2022-03-30 01:09:44,536.19
2022-03-30 01:09:49,536.26
2022-03-30 01:09:54,536.32
2022-03-30 01:09:59,536.32
2022-03-30 01:10:04,536.36
2022-03-30 01:10:09,536.42
2022-03-30 01:10:14,536.48
2022-03-30 01:10:19,536.55
2022-03-30 01:10:24,536.55
2022-03-30 01:10:29,536.61
2022-03-30 01:10:34,536.65
2022-03-30 01:10:39,522.1294855290876
2022-03-30 01:10:44,536.71
2022-03-30 01:10:49,522.1346242794742
2022-03-30 01:10:54,536.87
2022-03-30 01:10:59,536.87
2022-03-30 01:11:04,536.94
2022-03-30 01:11:09,536.94
2022-03-30 01:11:14,537.0
2022-03-30 01:11:19,537.07
2022-03-30 01:11:24,537.07
2022-03-30 01:11:29,537.13
2022-03-30 01:11:34,537.13
2022-03-30 01:11:39,537.16
2022-03-30 01:11:44,537.16
2022-03-30 01:11:49,537.23
2022-03-30 01:11:54,537.23
2022-03-30 01:11:59,537.23
2022-03-30 01:12:04,537.29
2022-03-30 01:12:09,537.29
2022-03-30 01:12:14,537.3
2022-03-30 01:12:19,537.29
2022-03-30 01:12:24,537.29
2022-03-30 01:12:29,537.36
2022-03-30 01:12:34,522.1831880407798
2022-03-30 01:12:39,537.29
2022-03-30 01:12:44,537.3
2022-03-30 01:12:49,537.3
2022-03-30 01:12:54,537.3
2022-03-30 01:12:59,537.3
2022-03-30 01:13:04,537.3
2022-03-30 01:13:09,537.3
2022-03-30 01:13:14,537.24
2022-03-30 01:13:19,537.23
2022-03-30 01:13:24,537.23
2022-03-30 01:13:29,537.23
2022-03-30 01:13:34,537.29
2022-03-30 01:13:39,522.2148908183079
2022-03-30 01:13:44,537.3
2022-03-30 01:13:49,537.23
2022-03-30 01:13:54,537.23
2022-03-30 01:13:59,537.3
2022-03-30 01:14:04,537.3
2022-03-30 01:14:09,537.3
2022-03-30 01:14:14,537.29
2022-03-30 01:14:19,537.23
2022-03-30 01:14:24,537.29
2022-03-30 01:14:29,537.29
2022-03-30 01:14:34,522.2477283070807
2022-03-30 01:14:39,537.23
2022-03-30 01:14:44,537.23
2022-03-30 01:14:49,537.16
2022-03-30 01:14:54,537.13
2022-03-30 01:14:59,537.16
2022-03-30 01:15:04,537.16
2022-03-30 01:15:09,537.13
2022-03-30 01:15:14,537.13
2022-03-30 01:15:19,537.06
2022-03-30 01:15:24,537.0
2022-03-30 01:15:29,537.0
2022-03-30 01:15:34,537.0
2022-03-30 01:15:39,536.93
2022-03-30 01:15:44,537.0
2022-03-30 01:15:49,536.87
2022-03-30 01:15:54,536.87
2022-03-30 01:15:59,522.317585919734
2022-03-30 01:16:04,536.87
2022-03-30 01:16:09,536.83
2022-03-30 01:16:14,536.83
2022-03-30 01:16:19,536.77
2022-03-30 01:16:24,536.76
2022-03-30 01:16:29,536.76
2022-03-30 01:16:34,536.76
2022-03-30 01:16:39,536.76
2022-03-30 01:16:44,536.76
2022-03-30 01:16:49,536.76
2022-03-30 01:16:54,536.76
2022-03-30 01:16:59,536.76
2022-03-30 01:17:04,536.76
2022-03-30 01:17:09,536.82
2022-03-30 01:17:14,536.85
2022-03-30 01:17:19,522.41437382843
2022-03-30 01:17:24,536.85
2022-03-30 01:17:29,536.92
2022-03-30 01:17:34,536.98
2022-03-30 01:17:39,536.98
2022-03-30 01:17:44,537.04
2022-03-30 01:17:49,537.1
2022-03-30 01:17:54,537.1
2022-03-30 01:17:59,537.14
2022-03-30 01:18:04,537.2
2022-03-30 01:18:09,537.26
2022-03-30 01:18:14,537.32
2022-03-30 01:18:19,522.5131234845322
2022-03-30 01:18:24,537.36
2022-03-30 01:18:29,537.48
2022-03-30 01:18:34,537.48
2022-03-30 01:18:39,537.54
2022-03-30 01:18:44,522.5620751743236
2022-03-30 01:18:49,537.64
2022-03-30 01:18:54,522.5830542472605
2022-03-30 01:18:59,537.77
2022-03-30 01:19:04,537.86
2022-03-30 01:19:09,537.93
2022-03-30 01:19:14,537.99
2022-03-30 01:19:19,538.05
2022-03-30 01:19:24,538.12
2022-03-30 01:19:29,522.6631474883675
2022-03-30 01:19:34,538.21
2022-03-30 01:19:39,538.28
2022-03-30 01:19:44,538.37
2022-03-30 01:19:49,522.7138133667696
2022-03-30 01:19:54,538.5
2022-03-30 01:19:59,538.57
2022-03-30 01:20:04,522.7542751727367
2022-03-30 01:20:09,538.66
2022-03-30 01:20:14,538.73
2022-03-30 01:20:19,538.79
2022-03-30 01:20:24,538.86
2022-03-30 01:20:29,538.95
2022-03-30 01:20:34,538.95
2022-03-30 01:20:39,522.8573092652516
2022-03-30 01:20:44,539.08
2022-03-30 01:20:49,522.8890564929312
2022-03-30 01:20:54,539.14
2022-03-30 01:20:59,539.18
2022-03-30 01:21:04,539.24
2022-03-30 01:21:09,539.31
2022-03-30 01:21:14,539.3
2022-03-30 01:21:19,539.37
2022-03-30 01:21:24,539.4
2022-03-30 01:21:29,539.4
2022-03-30 01:21:34,539.47
2022-03-30 01:21:39,539.53
2022-03-30 01:21:44,539.6
2022-03-30 01:21:49,539.66
2022-03-30 01:21:54,539.69
2022-03-30 01:21:59,539.76
2022-03-30 01:22:04,539.82
2022-03-30 01:22:09,539.89
2022-03-30 01:22:14,539.92
2022-03-30 01:22:19,523.2250781708027
2022-03-30 01:22:24,540.05
2022-03-30 01:22:29,540.18
2022-03-30 01:22:34,540.21
2022-03-30 01:22:39,523.3129392306764
2022-03-30 01:22:44,540.27
2022-03-30 01:22:49,540.4
2022-03-30 01:22:54,540.5
2022-03-30 01:22:59,540.5
2022-03-30 01:23:04,540.63
2022-03-30 01:23:09,540.69
2022-03-30 01:23:14,540.72
2022-03-30 01:23:19,523.5042702210837
2022-03-30 01:23:24,540.92
2022-03-30 01:23:29,540.95
2022-03-30 01:23:34,541.01
2022-03-30 01:23:39,541.08
2022-03-30 01:23:44,541.14
2022-03-30 01:23:49,541.24
2022-03-30 01:23:54,541.3
2022-03-30 01:23:59,541.43
2022-03-30 01:24:04,541.47
2022-03-30 01:24:09,541.53
2022-03-30 01:24:14,523.8033688482642
2022-03-30 01:24:19,541.66
2022-03-30 01:24:24,541.72
2022-03-30 01:24:29,541.76
2022-03-30 01:24:34,523.9230569285522
2022-03-30 01:24:39,541.88
2022-03-30 01:24:44,541.95
2022-03-30 01:24:49,541.98
2022-03-30 01:24:54,542.04
2022-03-30 01:24:59,542.11
2022-03-30 01:25:04,542.17
2022-03-30 01:25:09,542.23
2022-03-30 01:25:14,542.26
2022-03-30 01:25:19,524.2148093917172
2022-03-30 01:25:24,542.45
2022-03-30 01:25:29,542.49
2022-03-30 01:25:34,542.55
2022-03-30 01:25:39,542.62
2022-03-30 01:25:44,524.3903119209393
2022-03-30 01:25:49,542.78
2022-03-30 01:25:54,542.84
2022-03-30 01:25:59,542.9
2022-03-30 01:26:04,542.9
2022-03-30 01:26:09,543.0
2022-03-30 01:26:14,543.0
2022-03-30 01:26:19,543.12
2022-03-30 01:26:24,543.12
2022-03-30 01:26:29,543.19
2022-03-30 01:26:34,543.25
2022-03-30 01:26:39,543.28
2022-03-30 01:26:44,543.41
2022-03-30 01:26:49,543.41
2022-03-30 01:26:54,543.41
2022-03-30 01:26:59,543.47
2022-03-30 01:27:04,543.47
2022-03-30 01:27:09,525.0512201188083
2022-03-30 01:27:14,543.5
2022-03-30 01:27:19,525.1348582850535
2022-03-30 01:27:24,543.57
2022-03-30 01:27:29,543.57
2022-03-30 01:27:34,543.56
2022-03-30 01:27:39,543.63
2022-03-30 01:27:44,543.63
2022-03-30 01:27:49,543.69
2022-03-30 01:27:54,543.69
2022-03-30 01:27:59,543.62
2022-03-30 01:28:04,543.75
2022-03-30 01:28:09,543.69
2022-03-30 01:28:14,543.69
2022-03-30 01:28:19,543.69
2022-03-30 01:28:24,543.69
2022-03-30 01:28:29,543.68
2022-03-30 01:28:34,525.7955592298217
2022-03-30 01:28:39,525.8415008753664
2022-03-30 01:28:44,543.62
2022-03-30 01:28:49,543.61
2022-03-30 01:28:54,543.61
2022-03-30 01:28:59,543.55
2022-03-30 01:29:04,543.54
2022-03-30 01:29:09,526.1214778057506
2022-03-30 01:29:14,543.45
2022-03-30 01:29:19,526.2163510056208
2022-03-30 01:29:24,543.45
2022-03-30 01:29:29,543.38
2022-03-30 01:29:34,543.38
2022-03-30 01:29:39,543.32
2022-03-30 01:29:44,543.32
2022-03-30 01:29:49,543.25
2022-03-30 01:29:54,526.5538389046691
2022-03-30 01:29:59,543.22
2022-03-30 01:30:04,526.6516772691613
2022-03-30 01:30:09,543.09
2022-03-30 01:30:14,543.03
2022-03-30 01:30:19,543.03
2022-03-30 01:30:24,542.93
2022-03-30 01:30:29,542.86
2022-03-30 01:30:34,542.73
2022-03-30 01:30:39,542.7
2022-03-30 01:30:44,542.64
2022-03-30 01:30:49,542.51
2022-03-30 01:30:54,542.35
2022-03-30 01:30:59,542.28
2022-03-30 01:31:04,542.19
2022-03-30 01:31:09,542.12
2022-03-30 01:31:14,542.06
2022-03-30 01:31:19,541.9
2022-03-30 01:31:24,541.83
2022-03-30 01:31:29,541.67
2022-03-30 01:31:34,541.54
2022-03-30 01:31:39,541.41
2022-03-30 01:31:44,541.32
2022-03-30 01:31:49,541.19
2022-03-30 01:31:54,541.09
2022-03-30 01:31:59,540.96
2022-03-30 01:32:04,540.87
2022-03-30 01:32:09,527.9115813388686
2022-03-30 01:32:14,540.64
2022-03-30 01:32:19,540.51
2022-03-30 01:32:24,528.065600067524
2022-03-30 01:32:29,540.29
2022-03-30 01:32:34,540.16
2022-03-30 01:32:39,528.2198344968212
2022-03-30 01:32:44,539.87
2022-03-30 01:32:49,539.84
2022-03-30 01:32:54,539.71
2022-03-30 01:32:59,539.61
2022-03-30 01:33:04,539.48
2022-03-30 01:33:09,539.42
2022-03-30 01:33:14,539.32
2022-03-30 01:33:19,539.13
2022-03-30 01:33:24,539.04
2022-03-30 01:33:29,528.7340504303086
2022-03-30 01:33:34,538.81
2022-03-30 01:33:39,538.74
2022-03-30 01:33:44,528.8879085604616
2022-03-30 01:33:49,538.52
2022-03-30 01:33:54,538.39
2022-03-30 01:33:59,538.3
2022-03-30 01:34:04,538.17
2022-03-30 01:34:09,538.07
2022-03-30 01:34:14,529.1943432371675
2022-03-30 01:34:19,537.81
2022-03-30 01:34:24,537.72
2022-03-30 01:34:29,537.59
2022-03-30 01:34:34,537.56
2022-03-30 01:34:39,529.447860903539
2022-03-30 01:34:44,537.3
2022-03-30 01:34:49,529.54867098613
2022-03-30 01:34:54,537.07
2022-03-30 01:34:59,536.97
2022-03-30 01:35:04,536.84
2022-03-30 01:35:09,536.75
2022-03-30 01:35:14,536.62
2022-03-30 01:35:19,536.55
2022-03-30 01:35:24,536.46
2022-03-30 01:35:29,536.39
2022-03-30 01:35:34,536.33
2022-03-30 01:35:39,536.23
2022-03-30 01:35:44,536.17
2022-03-30 01:35:49,536.1
2022-03-30 01:35:54,530.1928901352627
2022-03-30 01:35:59,530.2414955084123
2022-03-30 01:36:04,535.94
2022-03-30 01:36:09,535.81
2022-03-30 01:36:14,535.81
2022-03-30 01:36:19,535.75
2022-03-30 01:36:24,535.71
2022-03-30 01:36:29,535.71
2022-03-30 01:36:34,535.64
2022-03-30 01:36:39,535.71
2022-03-30 01:36:44,530.6713874053568
2022-03-30 01:36:49,535.58
2022-03-30 01:36:54,535.58
2022-03-30 01:36:59,535.58
2022-03-30 01:37:04,535.58
2022-03-30 01:37:09,530.9036036516184
2022-03-30 01:37:14,535.58
2022-03-30 01:37:19,535.58
2022-03-30 01:37:24,535.57
2022-03-30 01:37:29,535.57
2022-03-30 01:37:34,535.57
2022-03-30 01:37:39,531.1751039993441
2022-03-30 01:37:44,535.57
2022-03-30 01:37:49,535.63
2022-03-30 01:37:54,535.63
2022-03-30 01:37:59,535.63
2022-03-30 01:38:04,535.63
2022-03-30 01:38:09,535.69
2022-03-30 01:38:14,535.69
2022-03-30 01:38:19,535.73
2022-03-30 01:38:24,535.72
2022-03-30 01:38:29,535.72
2022-03-30 01:38:34,535.79
2022-03-30 01:38:39,535.85
2022-03-30 01:38:44,535.85
2022-03-30 01:38:49,535.85
2022-03-30 01:38:54,531.8139505753337
2022-03-30 01:38:59,536.01
2022-03-30 01:39:04,536.01
2022-03-30 01:39:09,536.0
2022-03-30 01:39:14,536.13
2022-03-30 01:39:19,536.13
2022-03-30 01:39:24,536.19
2022-03-30 01:39:29,536.29
2022-03-30 01:39:34,536.35
2022-03-30 01:39:39,536.35
2022-03-30 01:39:44,532.2029913344894
2022-03-30 01:39:49,536.51
2022-03-30 01:39:54,536.51
2022-03-30 01:39:59,536.64
2022-03-30 01:40:04,536.64
2022-03-30 01:40:09,536.74
2022-03-30 01:40:14,536.8
2022-03-30 01:40:19,536.86
2022-03-30 01:40:24,532.4913558306433
2022-03-30 01:40:29,536.99
2022-03-30 01:40:34,537.09
2022-03-30 01:40:39,537.15
2022-03-30 01:40:44,537.25
2022-03-30 01:40:49,537.25
2022-03-30 01:40:54,537.38
2022-03-30 01:40:59,537.44
2022-03-30 01:41:04,537.5
2022-03-30 01:41:09,537.6
2022-03-30 01:41:14,537.67
2022-03-30 01:41:19,537.67
2022-03-30 01:41:24,537.76
2022-03-30 01:41:29,537.76
2022-03-30 01:41:34,537.89
2022-03-30 01:41:39,537.96
2022-03-30 01:41:44,538.02
2022-03-30 01:41:49,538.12
2022-03-30 01:41:54,538.18
2022-03-30 01:41:59,538.25
2022-03-30 01:42:04,538.28
2022-03-30 01:42:09,538.28
2022-03-30 01:42:14,538.41
2022-03-30 01:42:19,538.53
2022-03-30 01:42:24,538.53
2022-03-30 01:42:29,533.2593876341468
2022-03-30 01:42:34,538.63
2022-03-30 01:42:39,538.7
2022-03-30 01:42:44,538.76
2022-03-30 01:42:49,538.8
2022-03-30 01:42:54,538.86
2022-03-30 01:42:59,538.92
2022-03-30 01:43:04,538.86
2022-03-30 01:43:09,538.92
2022-03-30 01:43:14,538.92
2022-03-30 01:43:19,538.99
2022-03-30 01:43:24,533.5324342207516
2022-03-30 01:43:29,539.05
2022-03-30 01:43:34,539.06
2022-03-30 01:43:39,533.5999258484392
2022-03-30 01:43:44,539.09
2022-03-30 01:43:49,539.15
2022-03-30 01:43:54,533.6644104328468
2022-03-30 01:43:59,539.22
2022-03-30 01:44:04,539.22
2022-03-30 01:44:09,539.22
2022-03-30 01:44:14,539.28
2022-03-30 01:44:19,539.28
2022-03-30 01:44:24,539.28
2022-03-30 01:44:29,539.32
2022-03-30 01:44:34,539.32
2022-03-30 01:44:39,539.32
2022-03-30 01:44:44,539.32
2022-03-30 01:44:49,539.38
2022-03-30 01:44:54,539.32
2022-03-30 01:44:59,539.38
2022-03-30 01:45:04,533.9253066248372
2022-03-30 01:45:09,539.39
2022-03-30 01:45:14,539.32
2022-03-30 01:45:19,539.32
2022-03-30 01:45:24,539.39
2022-03-30 01:45:29,539.39
2022-03-30 01:45:34,539.39
2022-03-30 01:45:39,539.39
2022-03-30 01:45:44,539.32
2022-03-30 01:45:49,539.32
2022-03-30 01:45:54,539.39
2022-03-30 01:45:59,539.39
2022-03-30 01:46:04,534.0959360107469
2022-03-30 01:46:09,539.33
2022-03-30 01:46:14,539.33
2022-03-30 01:46:19,539.29
2022-03-30 01:46:24,539.29
2022-03-30 01:46:29,539.3
2022-03-30 01:46:34,539.3
2022-03-30 01:46:39,539.17
2022-03-30 01:46:44,539.17
2022-03-30 01:46:49,539.1
2022-03-30 01:46:54,539.11
2022-03-30 01:46:59,539.07
2022-03-30 01:47:04,539.07
2022-03-30 01:47:09,539.01
2022-03-30 01:47:14,538.94
2022-03-30 01:47:19,538.95
2022-03-30 01:47:24,538.82
2022-03-30 01:47:29,538.79
2022-03-30 01:47:34,538.79
2022-03-30 01:47:39,534.2645374333399
2022-03-30 01:47:44,538.66
2022-03-30 01:47:49,538.59
2022-03-30 01:47:54,538.56
2022-03-30 01:47:59,538.5
2022-03-30 01:48:04,538.43
2022-03-30 01:48:09,538.37
2022-03-30 01:48:14,538.31
2022-03-30 01:48:19,538.28
2022-03-30 01:48:24,538.21
2022-03-30 01:48:29,538.08
2022-03-30 01:48:34,538.08
2022-03-30 01:48:39,538.05
2022-03-30 01:48:44,537.92
2022-03-30 01:48:49,537.92
2022-03-30 01:48:54,537.86
2022-03-30 01:48:59,537.79
2022-03-30 01:49:04,537.76
2022-03-30 01:49:09,537.7
2022-03-30 01:49:14,534.306580361745
2022-03-30 01:49:19,537.54
2022-03-30 01:49:24,537.47
2022-03-30 01:49:29,537.41
2022-03-30 01:49:34,534.2990840772886
2022-03-30 01:49:39,537.28
2022-03-30 01:49:44,537.25
2022-03-30 01:49:49,537.19
2022-03-30 01:49:54,537.12
2022-03-30 01:49:59,537.06
2022-03-30 01:50:04,537.03
2022-03-30 01:50:09,536.97
2022-03-30 01:50:14,536.9
2022-03-30 01:50:19,536.84
2022-03-30 01:50:24,536.77
2022-03-30 01:50:29,536.74
2022-03-30 01:50:34,536.68
2022-03-30 01:50:39,536.62
2022-03-30 01:50:44,536.55
2022-03-30 01:50:49,536.55
2022-03-30 01:50:54,536.46
2022-03-30 01:50:59,536.46
2022-03-30 01:51:04,536.39
2022-03-30 01:51:09,534.1847773608258
2022-03-30 01:51:14,536.27
2022-03-30 01:51:19,536.17
2022-03-30 01:51:24,534.1547449027238
2022-03-30 01:51:29,536.04
2022-03-30 01:51:34,536.04
2022-03-30 01:51:39,536.01
2022-03-30 01:51:44,534.1095758803268
2022-03-30 01:51:49,535.89
2022-03-30 01:51:54,535.89
2022-03-30 01:51:59,535.82
2022-03-30 01:52:04,535.76
2022-03-30 01:52:09,535.73
2022-03-30 01:52:14,535.73
2022-03-30 01:52:19,535.73
2022-03-30 01:52:24,535.67
2022-03-30 01:52:29,535.67
2022-03-30 01:52:34,535.61
2022-03-30 01:52:39,535.61
2022-03-30 01:52:44,535.51
2022-03-30 01:52:49,535.51
2022-03-30 01:52:54,535.51
2022-03-30 01:52:59,535.45
2022-03-30 01:53:04,535.45
2022-03-30 01:53:09,533.8517645539338
2022-03-30 01:53:14,535.39
2022-03-30 01:53:19,535.39
2022-03-30 01:53:24,533.7951290473645
2022-03-30 01:53:29,533.7755188023363
2022-03-30 01:53:34,535.26
2022-03-30 01:53:39,535.23
2022-03-30 01:53:44,535.23
2022-03-30 01:53:49,533.693554010223
2022-03-30 01:53:54,535.17
2022-03-30 01:53:59,535.23
2022-03-30 01:54:04,535.17
2022-03-30 01:54:09,535.17
2022-03-30 01:54:14,533.5835514939125
2022-03-30 01:54:19,535.17
2022-03-30 01:54:24,535.17
2022-03-30 01:54:29,535.1
2022-03-30 01:54:34,535.11
2022-03-30 01:54:39,535.11
2022-03-30 01:54:44,535.1
2022-03-30 01:54:49,535.11
2022-03-30 01:54:54,535.04
2022-03-30 01:54:59,535.11
2022-03-30 01:55:04,535.04
2022-03-30 01:55:09,535.04
2022-03-30 01:55:14,535.01
2022-03-30 01:55:19,535.01
2022-03-30 01:55:24,535.01
2022-03-30 01:55:29,533.2093465838259
2022-03-30 01:55:34,535.01
2022-03-30 01:55:39,535.01
2022-03-30 01:55:44,534.94
2022-03-30 01:55:49,534.94
2022-03-30 01:55:54,535.01
2022-03-30 01:55:59,534.94
2022-03-30 01:56:04,534.94
2022-03-30 01:56:09,534.94
2022-03-30 01:56:14,534.94
2022-03-30 01:56:19,534.88
2022-03-30 01:56:24,534.88
2022-03-30 01:56:29,534.88
2022-03-30 01:56:34,534.88
2022-03-30 01:56:39,532.8119945271533
2022-03-30 01:56:44,534.88
2022-03-30 01:56:49,534.81
2022-03-30 01:56:54,534.81
2022-03-30 01:56:59,532.6919535863399
2022-03-30 01:57:04,534.75
2022-03-30 01:57:09,534.71
2022-03-30 01:57:14,534.75
2022-03-30 01:57:19,534.71
2022-03-30 01:57:24,534.74
2022-03-30 01:57:29,534.71
2022-03-30 01:57:34,534.71
2022-03-30 01:57:39,534.74
2022-03-30 01:57:44,534.74
2022-03-30 01:57:49,534.74
2022-03-30 01:57:54,534.71
2022-03-30 01:57:59,534.71
2022-03-30 01:58:04,534.74
2022-03-30 01:58:09,534.71
2022-03-30 01:58:14,534.7
2022-03-30 01:58:19,534.7
2022-03-30 01:58:24,534.74
2022-03-30 01:58:29,534.74
2022-03-30 01:58:34,534.74
2022-03-30 01:58:39,534.74
2022-03-30 01:58:44,534.74
2022-03-30 01:58:49,534.8
2022-03-30 01:58:54,534.8
2022-03-30 01:58:59,534.87
2022-03-30 01:59:04,534.86
2022-03-30 01:59:09,534.87
2022-03-30 01:59:14,531.8379554274339
2022-03-30 01:59:19,534.93
2022-03-30 01:59:24,531.7732915869342
2022-03-30 01:59:29,534.93
2022-03-30 01:59:34,534.99
2022-03-30 01:59:39,535.03
2022-03-30 01:59:44,535.09
2022-03-30 01:59:49,531.6117946234592
2022-03-30 01:59:54,535.15
2022-03-30 01:59:59,535.22
2022-03-30 02:00:04,535.22
2022-03-30 02:00:09,535.25
2022-03-30 02:00:14,535.31
2022-03-30 02:00:19,535.44
2022-03-30 02:00:24,535.44
2022-03-30 02:00:29,535.51
2022-03-30 02:00:34,535.54
2022-03-30 02:00:39,535.54
2022-03-30 02:00:44,535.67
2022-03-30 02:00:49,535.67
2022-03-30 02:00:54,531.1969631967619
2022-03-30 02:00:59,535.77
2022-03-30 02:01:04,535.83
2022-03-30 02:01:09,535.83
2022-03-30 02:01:14,535.96
2022-03-30 02:01:19,536.03
2022-03-30 02:01:24,536.06
2022-03-30 02:01:29,536.06
2022-03-30 02:01:34,536.12
2022-03-30 02:01:39,536.19
2022-03-30 02:01:44,536.19
2022-03-30 02:01:49,536.29
2022-03-30 02:01:54,536.35
2022-03-30 02:01:59,536.41
2022-03-30 02:02:04,536.48
2022-03-30 02:02:09,536.55
2022-03-30 02:02:14,536.58
2022-03-30 02:02:19,536.65
2022-03-30 02:02:24,536.71
2022-03-30 02:02:29,536.77
2022-03-30 02:02:34,536.81
2022-03-30 02:02:39,536.81
2022-03-30 02:02:44,536.87
2022-03-30 02:02:49,530.509759602986
2022-03-30 02:02:54,537.0
2022-03-30 02:02:59,530.4544376675681
2022-03-30 02:03:04,537.1
2022-03-30 02:03:09,537.16
2022-03-30 02:03:14,537.23
2022-03-30 02:03:19,537.29
2022-03-30 02:03:24,537.33
2022-03-30 02:03:29,537.39
2022-03-30 02:03:34,537.39
2022-03-30 02:03:39,537.52
2022-03-30 02:03:44,537.58
2022-03-30 02:03:49,537.61
2022-03-30 02:03:54,537.68
2022-03-30 02:03:59,537.68
2022-03-30 02:04:04,537.74
2022-03-30 02:04:09,537.81
2022-03-30 02:04:14,537.84
2022-03-30 02:04:19,537.84
2022-03-30 02:04:24,537.9
2022-03-30 02:04:29,537.9
2022-03-30 02:04:34,538.03
2022-03-30 02:04:39,538.03
2022-03-30 02:04:44,538.1
2022-03-30 02:04:49,538.1
2022-03-30 02:04:54,538.13
2022-03-30 02:04:59,538.19
2022-03-30 02:05:04,538.26
2022-03-30 02:05:09,538.32
2022-03-30 02:05:14,538.32
2022-03-30 02:05:19,538.35
2022-03-30 02:05:24,538.42
2022-03-30 02:05:29,538.48
2022-03-30 02:05:34,538.54
2022-03-30 02:05:39,538.61
2022-03-30 02:05:44,529.7009465297701
2022-03-30 02:05:49,538.71
2022-03-30 02:05:54,538.77
2022-03-30 02:05:59,538.83
2022-03-30 02:06:04,538.83
2022-03-30 02:06:09,529.6194422357942
2022-03-30 02:06:14,538.93
2022-03-30 02:06:19,529.5897225614441
2022-03-30 02:06:24,539.06
2022-03-30 02:06:29,539.05
2022-03-30 02:06:34,539.12
2022-03-30 02:06:39,529.5354479947864
2022-03-30 02:06:44,539.15
2022-03-30 02:06:49,539.28
2022-03-30 02:06:54,539.28
2022-03-30 02:06:59,539.34
2022-03-30 02:07:04,539.37
2022-03-30 02:07:09,539.37
2022-03-30 02:07:14,539.43
2022-03-30 02:07:19,539.49
2022-03-30 02:07:24,539.56
2022-03-30 02:07:29,539.65
2022-03-30 02:07:34,539.65
2022-03-30 02:07:39,539.72
2022-03-30 02:07:44,539.72
2022-03-30 02:07:49,539.78
2022-03-30 02:07:54,539.84
2022-03-30 02:07:59,539.94
2022-03-30 02:08:04,540.01
2022-03-30 02:08:09,539.94
2022-03-30 02:08:14,540.06
2022-03-30 02:08:19,540.13
2022-03-30 02:08:24,529.3720661908026
2022-03-30 02:08:29,540.16
2022-03-30 02:08:34,540.16
2022-03-30 02:08:39,540.16
2022-03-30 02:08:44,529.3636442154061
2022-03-30 02:08:49,540.16
2022-03-30 02:08:54,540.22
2022-03-30 02:08:59,540.22
2022-03-30 02:09:04,540.22
2022-03-30 02:09:09,540.28
2022-03-30 02:09:14,529.3634306305835
2022-03-30 02:09:19,540.22
2022-03-30 02:09:24,540.22
2022-03-30 02:09:29,540.22
2022-03-30 02:09:34,540.15
2022-03-30 02:09:39,540.15
2022-03-30 02:09:44,540.12
2022-03-30 02:09:49,540.12
2022-03-30 02:09:54,540.12
2022-03-30 02:09:59,540.12
2022-03-30 02:10:04,529.3939790447535
2022-03-30 02:10:09,539.99
2022-03-30 02:10:14,539.99
2022-03-30 02:10:19,539.92
2022-03-30 02:10:24,529.416240062913
2022-03-30 02:10:29,539.86
2022-03-30 02:10:34,539.86
2022-03-30 02:10:39,539.83
2022-03-30 02:10:44,529.443840656637
2022-03-30 02:10:49,539.76
2022-03-30 02:10:54,539.64
2022-03-30 02:10:59,529.4678853786489
2022-03-30 02:11:04,539.6
2022-03-30 02:11:09,539.48
2022-03-30 02:11:14,539.41
2022-03-30 02:11:19,539.34
2022-03-30 02:11:24,539.31
2022-03-30 02:11:29,539.18
2022-03-30 02:11:34,529.53445929591
2022-03-30 02:11:39,539.09
2022-03-30 02:11:44,539.03
2022-03-30 02:11:49,538.96
2022-03-30 02:11:54,538.83
2022-03-30 02:11:59,538.74
2022-03-30 02:12:04,538.67
2022-03-30 02:12:09,538.57
2022-03-30 02:12:14,538.45
2022-03-30 02:12:19,538.38
2022-03-30 02:12:24,538.29
2022-03-30 02:12:29,538.16
2022-03-30 02:12:34,538.1
2022-03-30 02:12:39,537.93
2022-03-30 02:12:44,537.87
2022-03-30 02:12:49,529.720766366943
2022-03-30 02:12:54,537.64
2022-03-30 02:12:59,529.7495398880934
2022-03-30 02:13:04,537.42
2022-03-30 02:13:09,537.35
2022-03-30 02:13:14,529.794227572743
2022-03-30 02:13:19,537.06
2022-03-30 02:13:24,529.8249892008994
2022-03-30 02:13:29,536.84
2022-03-30 02:13:34,536.74
2022-03-30 02:13:39,536.55
2022-03-30 02:13:44,536.45
2022-03-30 02:13:49,536.33
2022-03-30 02:13:54,536.23
2022-03-30 02:13:59,536.1
2022-03-30 02:14:04,536.0
2022-03-30 02:14:09,535.87
2022-03-30 02:14:14,535.71
2022-03-30 02:14:19,535.58
2022-03-30 02:14:24,530.0238763015734
2022-03-30 02:14:29,535.36
2022-03-30 02:14:34,535.23
2022-03-30 02:14:39,535.2
2022-03-30 02:14:44,535.0
2022-03-30 02:14:49,534.91
2022-03-30 02:14:54,530.1310294324835
2022-03-30 02:14:59,534.71
2022-03-30 02:15:04,534.55
2022-03-30 02:15:09,534.49
2022-03-30 02:15:14,534.39
2022-03-30 02:15:19,534.32
2022-03-30 02:15:24,534.16
2022-03-30 02:15:29,534.16
2022-03-30 02:15:34,534.03
2022-03-30 02:15:39,533.94
2022-03-30 02:15:44,533.94
2022-03-30 02:15:49,533.81
2022-03-30 02:15:54,533.74
2022-03-30 02:15:59,533.68
2022-03-30 02:16:04,533.58
2022-03-30 02:16:09,530.4142066478819
2022-03-30 02:16:14,533.52
2022-03-30 02:16:19,533.35
2022-03-30 02:16:24,533.42
2022-03-30 02:16:29,533.36
2022-03-30 02:16:34,530.511655577361
2022-03-30 02:16:39,533.22
2022-03-30 02:16:44,533.16
2022-03-30 02:16:49,533.16
2022-03-30 02:16:54,533.13
2022-03-30 02:16:59,533.12
2022-03-30 02:17:04,533.06
2022-03-30 02:17:09,533.06
2022-03-30 02:17:14,533.06
2022-03-30 02:17:19,532.99
2022-03-30 02:17:24,532.99
2022-03-30 02:17:29,532.9
2022-03-30 02:17:34,532.9
2022-03-30 02:17:39,532.9
2022-03-30 02:17:44,532.89
2022-03-30 02:17:49,532.89
2022-03-30 02:17:54,532.89
2022-03-30 02:17:59,530.8448393748422
2022-03-30 02:18:04,532.76
2022-03-30 02:18:09,532.76
2022-03-30 02:18:14,530.9028967096048
2022-03-30 02:18:19,532.76
2022-03-30 02:18:24,532.75
2022-03-30 02:18:29,532.75
2022-03-30 02:18:34,532.75
2022-03-30 02:18:39,532.75
2022-03-30 02:18:44,532.75
2022-03-30 02:18:49,532.75
2022-03-30 02:18:54,532.75
2022-03-30 02:18:59,532.82
2022-03-30 02:19:04,532.82
2022-03-30 02:19:09,532.88
2022-03-30 02:19:14,532.88
2022-03-30 02:19:19,532.91
2022-03-30 02:19:24,532.98
2022-03-30 02:19:29,533.04
2022-03-30 02:19:34,533.04
2022-03-30 02:19:39,533.14
2022-03-30 02:19:44,533.2
2022-03-30 02:19:49,533.26
2022-03-30 02:19:54,533.33
2022-03-30 02:19:59,533.39
2022-03-30 02:20:04,533.49
2022-03-30 02:20:09,533.55
2022-03-30 02:20:14,533.65
2022-03-30 02:20:19,531.3562831613209
2022-03-30 02:20:24,533.85
2022-03-30 02:20:29,533.94
2022-03-30 02:20:34,531.4052369705661
2022-03-30 02:20:39,534.16
2022-03-30 02:20:44,534.23
2022-03-30 02:20:49,534.42
2022-03-30 02:20:54,534.45
2022-03-30 02:20:59,534.65
2022-03-30 02:21:04,534.75
2022-03-30 02:21:09,534.87
2022-03-30 02:21:14,534.94
2022-03-30 02:21:19,535.1
2022-03-30 02:21:24,535.17
2022-03-30 02:21:29,535.33
2022-03-30 02:21:34,535.49
2022-03-30 02:21:39,535.62
2022-03-30 02:21:44,535.71
2022-03-30 02:21:49,531.6245506538718
2022-03-30 02:21:54,535.97
2022-03-30 02:21:59,536.13
2022-03-30 02:22:04,536.2
2022-03-30 02:22:09,536.36
2022-03-30 02:22:14,536.49
2022-03-30 02:22:19,536.59
2022-03-30 02:22:24,536.65
2022-03-30 02:22:29,536.81
2022-03-30 02:22:34,536.88
2022-03-30 02:22:39,531.7448343245767
2022-03-30 02:22:44,531.7557325998994
2022-03-30 02:22:49,537.17
2022-03-30 02:22:54,537.27
2022-03-30 02:22:59,537.33
2022-03-30 02:23:04,537.46
2022-03-30 02:23:09,537.53
2022-03-30 02:23:14,537.62
2022-03-30 02:23:19,531.8263879537777
2022-03-30 02:23:24,537.79
2022-03-30 02:23:29,531.844786267187
2022-03-30 02:23:34,538.04
2022-03-30 02:23:39,538.14
2022-03-30 02:23:44,538.27
2022-03-30 02:23:49,538.3
2022-03-30 02:23:54,538.43
2022-03-30 02:23:59,538.56
2022-03-30 02:24:04,538.59
2022-03-30 02:24:09,538.73
2022-03-30 02:24:14,538.82
2022-03-30 02:24:19,538.95
2022-03-30 02:24:24,539.02
2022-03-30 02:24:29,539.11
2022-03-30 02:24:34,539.18
2022-03-30 02:24:39,539.25
2022-03-30 02:24:44,531.9581627764935
2022-03-30 02:24:49,539.47
2022-03-30 02:24:54,531.9700755016252
2022-03-30 02:24:59,539.63
2022-03-30 02:25:04,539.76
2022-03-30 02:25:09,539.86
2022-03-30 02:25:14,539.99
2022-03-30 02:25:19,539.99
2022-03-30 02:25:24,540.15
2022-03-30 02:25:29,540.22
2022-03-30 02:25:34,540.28
2022-03-30 02:25:39,540.35
2022-03-30 02:25:44,540.44
2022-03-30 02:25:49,540.57
2022-03-30 02:25:54,540.64
2022-03-30 02:25:59,540.73
2022-03-30 02:26:04,540.8
2022-03-30 02:26:09,540.87
2022-03-30 02:26:14,532.039373612023
2022-03-30 02:26:19,541.03
2022-03-30 02:26:24,541.03
2022-03-30 02:26:29,541.09
2022-03-30 02:26:34,541.16
2022-03-30 02:26:39,541.25
2022-03-30 02:26:44,541.26
2022-03-30 02:26:49,541.32
2022-03-30 02:26:54,541.38
2022-03-30 02:26:59,541.42
2022-03-30 02:27:04,541.42
2022-03-30 02:27:09,541.48
2022-03-30 02:27:14,541.55
2022-03-30 02:27:19,541.55
2022-03-30 02:27:24,541.55
2022-03-30 02:27:29,541.55
2022-03-30 02:27:34,541.55
2022-03-30 02:27:39,541.55
2022-03-30 02:27:44,541.55
2022-03-30 02:27:49,541.55
2022-03-30 02:27:54,541.55
2022-03-30 02:27:59,541.55
2022-03-30 02:28:04,541.49
2022-03-30 02:28:09,541.42
2022-03-30 02:28:14,541.43
2022-03-30 02:28:19,541.39
2022-03-30 02:28:24,541.33
2022-03-30 02:28:29,541.27
2022-03-30 02:28:34,541.2
2022-03-30 02:28:39,541.17
2022-03-30 02:28:44,541.11
2022-03-30 02:28:49,541.04
2022-03-30 02:28:54,540.92
2022-03-30 02:28:59,540.88
2022-03-30 02:29:04,540.76
2022-03-30 02:29:09,540.76
2022-03-30 02:29:14,540.66
2022-03-30 02:29:19,540.53
2022-03-30 02:29:24,540.47
2022-03-30 02:29:29,540.31
2022-03-30 02:29:34,540.25
2022-03-30 02:29:39,540.15
2022-03-30 02:29:44,540.09
2022-03-30 02:29:49,539.89
2022-03-30 02:29:54,539.8
2022-03-30 02:29:59,539.67
2022-03-30 02:30:04,539.58
2022-03-30 02:30:09,539.45
2022-03-30 02:30:14,539.29
2022-03-30 02:30:19,539.22
2022-03-30 02:30:24,539.06
2022-03-30 02:30:29,538.94
2022-03-30 02:30:34,538.87
2022-03-30 02:30:39,538.72
2022-03-30 02:30:44,538.62
2022-03-30 02:30:49,538.49
2022-03-30 02:30:54,538.33
2022-03-30 02:30:59,538.27
2022-03-30 02:31:04,538.14
2022-03-30 02:31:09,537.98
2022-03-30 02:31:14,531.9300783953865
2022-03-30 02:31:19,537.76
2022-03-30 02:31:24,537.6
2022-03-30 02:31:29,537.53
2022-03-30 02:31:34,531.9045178117306
2022-03-30 02:31:39,537.25
2022-03-30 02:31:44,537.12
2022-03-30 02:31:49,537.09
2022-03-30 02:31:54,536.9
2022-03-30 02:31:59,536.8
2022-03-30 02:32:04,536.73
2022-03-30 02:32:09,536.61
2022-03-30 02:32:14,536.51
2022-03-30 02:32:19,536.38
2022-03-30 02:32:24,536.32
2022-03-30 02:32:29,536.29
2022-03-30 02:32:34,536.16
2022-03-30 02:32:39,531.8077064261965
2022-03-30 02:32:44,536.0
2022-03-30 02:32:49,535.87
2022-03-30 02:32:54,535.81
2022-03-30 02:32:59,535.71
2022-03-30 02:33:04,531.7651129450937
2022-03-30 02:33:09,535.55
2022-03-30 02:33:14,535.48
2022-03-30 02:33:19,535.48
2022-03-30 02:33:24,535.36
2022-03-30 02:33:29,535.29
2022-03-30 02:33:34,535.19
2022-03-30 02:33:39,535.13
2022-03-30 02:33:44,535.07
2022-03-30 02:33:49,534.97
2022-03-30 02:33:54,534.91
2022-03-30 02:33:59,534.91
2022-03-30 02:34:04,534.78
2022-03-30 02:34:09,534.78
2022-03-30 02:34:14,534.68
2022-03-30 02:34:19,534.62
2022-03-30 02:34:24,534.62
2022-03-30 02:34:29,534.52
2022-03-30 02:34:34,534.52
2022-03-30 02:34:39,534.46
2022-03-30 02:34:44,534.46
2022-03-30 02:34:49,534.46
2022-03-30 02:34:54,534.33
2022-03-30 02:34:59,534.33
2022-03-30 02:35:04,531.5227244701655
2022-03-30 02:35:09,534.26
2022-03-30 02:35:14,531.4998837482208
2022-03-30 02:35:19,534.23
2022-03-30 02:35:24,534.23
2022-03-30 02:35:29,534.23
2022-03-30 02:35:34,534.17
2022-03-30 02:35:39,534.16
2022-03-30 02:35:44,531.4291063199462
2022-03-30 02:35:49,534.16
2022-03-30 02:35:54,534.16
2022-03-30 02:35:59,534.1
2022-03-30 02:36:04,534.1
2022-03-30 02:36:09,534.1
2022-03-30 02:36:14,534.1
2022-03-30 02:36:19,534.1
2022-03-30 02:36:24,534.09
2022-03-30 02:36:29,531.3168364210261
2022-03-30 02:36:34,534.09
2022-03-30 02:36:39,534.16
2022-03-30 02:36:44,534.09
2022-03-30 02:36:49,534.16
2022-03-30 02:36:54,534.16
2022-03-30 02:36:59,534.16
2022-03-30 02:37:04,531.2246917253365
2022-03-30 02:37:09,534.25
2022-03-30 02:37:14,534.25
2022-03-30 02:37:19,534.25
2022-03-30 02:37:24,534.32
2022-03-30 02:37:29,534.32
2022-03-30 02:37:34,534.44
2022-03-30 02:37:39,534.44
2022-03-30 02:37:44,534.51
2022-03-30 02:37:49,534.54
2022-03-30 02:37:54,534.54
2022-03-30 02:37:59,534.67
2022-03-30 02:38:04,534.73
2022-03-30 02:38:09,534.77
2022-03-30 02:38:14,534.9
2022-03-30 02:38:19,534.96
2022-03-30 02:38:24,535.02
2022-03-30 02:38:29,535.12
2022-03-30 02:38:34,535.19
2022-03-30 02:38:39,535.25
2022-03-30 02:38:44,535.35
2022-03-30 02:38:49,535.47
2022-03-30 02:38:54,535.54
2022-03-30 02:38:59,535.64
2022-03-30 02:39:04,535.7
2022-03-30 02:39:09,535.76
2022-03-30 02:39:14,535.86
2022-03-30 02:39:19,535.93
2022-03-30 02:39:24,535.99
2022-03-30 02:39:29,536.09
2022-03-30 02:39:34,536.15
2022-03-30 02:39:39,536.22
2022-03-30 02:39:44,536.28
2022-03-30 02:39:49,536.31
2022-03-30 02:39:54,530.723866828394
2022-03-30 02:39:59,536.51
2022-03-30 02:40:04,536.57
2022-03-30 02:40:09,530.6759096260072
2022-03-30 02:40:14,536.67
2022-03-30 02:40:19,536.8
2022-03-30 02:40:24,536.9
2022-03-30 02:40:29,536.96
2022-03-30 02:40:34,536.96
2022-03-30 02:40:39,530.5783883565949
2022-03-30 02:40:44,537.12
2022-03-30 02:40:49,530.5454222598718
2022-03-30 02:40:54,530.5288557711805
2022-03-30 02:40:59,537.26
2022-03-30 02:41:04,537.26
2022-03-30 02:41:09,537.32
2022-03-30 02:41:14,537.32
2022-03-30 02:41:19,537.35
2022-03-30 02:41:24,537.42
2022-03-30 02:41:29,537.48
2022-03-30 02:41:34,537.48
2022-03-30 02:41:39,537.48
2022-03-30 02:41:44,537.55
2022-03-30 02:41:49,537.61
2022-03-30 02:41:54,537.65
2022-03-30 02:41:59,537.65
2022-03-30 02:42:04,537.61
2022-03-30 02:42:09,537.71
2022-03-30 02:42:14,537.77
2022-03-30 02:42:19,537.77
2022-03-30 02:42:24,537.84
2022-03-30 02:42:29,537.84
2022-03-30 02:42:34,537.84
2022-03-30 02:42:39,537.87
2022-03-30 02:42:44,537.87
2022-03-30 02:42:49,537.87
2022-03-30 02:42:54,537.94
2022-03-30 02:42:59,537.94
2022-03-30 02:43:04,538.0
2022-03-30 02:43:09,537.94
2022-03-30 02:43:14,538.07
2022-03-30 02:43:19,538.06
2022-03-30 02:43:24,538.06
2022-03-30 02:43:29,538.13
2022-03-30 02:43:34,538.16
2022-03-30 02:43:39,538.16
2022-03-30 02:43:44,529.9367753536717
2022-03-30 02:43:49,538.29
2022-03-30 02:43:54,538.29
2022-03-30 02:43:59,538.39
2022-03-30 02:44:04,538.38
2022-03-30 02:44:09,538.45
2022-03-30 02:44:14,538.51
2022-03-30 02:44:19,538.58
2022-03-30 02:44:24,538.58
2022-03-30 02:44:29,538.64
2022-03-30 02:44:34,538.67
2022-03-30 02:44:39,538.67
2022-03-30 02:44:44,538.8
2022-03-30 02:44:49,538.86
2022-03-30 02:44:54,538.89
2022-03-30 02:44:59,538.89
2022-03-30 02:45:04,529.6427389690432
2022-03-30 02:45:09,539.02
2022-03-30 02:45:14,539.09
2022-03-30 02:45:19,539.15
2022-03-30 02:45:24,539.18
2022-03-30 02:45:29,539.31
2022-03-30 02:45:34,529.5306508714741
2022-03-30 02:45:39,539.4
2022-03-30 02:45:44,539.4
2022-03-30 02:45:49,539.53
2022-03-30 02:45:54,539.6
2022-03-30 02:45:59,539.59
2022-03-30 02:46:04,539.66
2022-03-30 02:46:09,539.69
2022-03-30 02:46:14,539.69
2022-03-30 02:46:19,539.75
2022-03-30 02:46:24,539.75
2022-03-30 02:46:29,539.75
2022-03-30 02:46:34,539.82
2022-03-30 02:46:39,539.81
2022-03-30 02:46:44,539.88
2022-03-30 02:46:49,539.88
2022-03-30 02:46:54,539.91
2022-03-30 02:46:59,539.91
2022-03-30 02:47:04,539.97
2022-03-30 02:47:09,529.1710322589435
2022-03-30 02:47:14,539.97
2022-03-30 02:47:19,529.1328746648425
2022-03-30 02:47:24,540.03
2022-03-30 02:47:29,540.16
2022-03-30 02:47:34,540.09
2022-03-30 02:47:39,540.16
2022-03-30 02:47:44,540.16
2022-03-30 02:47:49,540.16
2022-03-30 02:47:54,540.16
2022-03-30 02:47:59,540.16
2022-03-30 02:48:04,540.16
2022-03-30 02:48:09,540.16
2022-03-30 02:48:14,540.16
2022-03-30 02:48:19,540.09
2022-03-30 02:48:24,540.09
2022-03-30 02:48:29,540.09
2022-03-30 02:48:34,540.09
2022-03-30 02:48:39,540.09
2022-03-30 02:48:44,528.8073974841858
2022-03-30 02:48:49,540.09
2022-03-30 02:48:54,540.09
2022-03-30 02:48:59,540.03
2022-03-30 02:49:04,540.09
2022-03-30 02:49:09,540.09
2022-03-30 02:49:14,540.09
2022-03-30 02:49:19,540.09
2022-03-30 02:49:24,528.6540520302724
2022-03-30 02:49:29,540.09
2022-03-30 02:49:34,540.16
2022-03-30 02:49:39,540.09
2022-03-30 02:49:44,540.16
2022-03-30 02:49:49,540.16
2022-03-30 02:49:54,540.16
2022-03-30 02:49:59,540.16
2022-03-30 02:50:04,540.19
2022-03-30 02:50:09,540.26
2022-03-30 02:50:14,528.4629637217744
2022-03-30 02:50:19,540.32
2022-03-30 02:50:24,528.424962407069
2022-03-30 02:50:29,540.38
2022-03-30 02:50:34,540.42
2022-03-30 02:50:39,540.48
2022-03-30 02:50:44,540.48
2022-03-30 02:50:49,528.3305036046086
2022-03-30 02:50:54,540.68
2022-03-30 02:50:59,540.71
2022-03-30 02:51:04,540.78
2022-03-30 02:51:09,540.84
2022-03-30 02:51:14,540.84
2022-03-30 02:51:19,540.93
2022-03-30 02:51:24,540.94
2022-03-30 02:51:29,541.0
2022-03-30 02:51:34,541.13
2022-03-30 02:51:39,541.19
2022-03-30 02:51:44,541.19
2022-03-30 02:51:49,528.1084726725575
2022-03-30 02:51:54,541.29
2022-03-30 02:51:59,541.42
2022-03-30 02:52:04,541.42
2022-03-30 02:52:09,541.52
2022-03-30 02:52:14,541.52
2022-03-30 02:52:19,541.65
2022-03-30 02:52:24,527.9832319294485
2022-03-30 02:52:29,541.74
2022-03-30 02:52:34,541.87
2022-03-30 02:52:39,541.97
2022-03-30 02:52:44,541.97
2022-03-30 02:52:49,542.1
2022-03-30 02:52:54,542.16
2022-03-30 02:52:59,542.23
2022-03-30 02:53:04,542.33
2022-03-30 02:53:09,542.39
2022-03-30 02:53:14,542.39
2022-03-30 02:53:19,542.49
2022-03-30 02:53:24,542.55
2022-03-30 02:53:29,527.7622161947322
2022-03-30 02:53:34,542.68
2022-03-30 02:53:39,542.77
2022-03-30 02:53:44,542.77
2022-03-30 02:53:49,542.84
2022-03-30 02:53:54,542.9
2022-03-30 02:53:59,542.9
2022-03-30 02:54:04,543.0
2022-03-30 02:54:09,543.0
2022-03-30 02:54:14,527.6202366538555
2022-03-30 02:54:19,543.06
2022-03-30 02:54:24,543.12
2022-03-30 02:54:29,543.12
2022-03-30 02:54:34,543.12
2022-03-30 02:54:39,543.12
2022-03-30 02:54:44,527.5315709176951
2022-03-30 02:54:49,543.12
2022-03-30 02:54:54,527.5031851061536
2022-03-30 02:54:59,543.12
2022-03-30 02:55:04,543.12
2022-03-30 02:55:09,543.05
2022-03-30 02:55:14,543.05
2022-03-30 02:55:19,542.99
2022-03-30 02:55:24,542.96
2022-03-30 02:55:29,542.96
2022-03-30 02:55:34,542.96
2022-03-30 02:55:39,542.89
2022-03-30 02:55:44,542.82
2022-03-30 02:55:49,542.76
2022-03-30 02:55:54,542.73
2022-03-30 02:55:59,527.3345109961319
2022-03-30 02:56:04,542.53
2022-03-30 02:56:09,542.47
2022-03-30 02:56:14,542.46
2022-03-30 02:56:19,542.3
2022-03-30 02:56:24,542.24
2022-03-30 02:56:29,542.2
2022-03-30 02:56:34,527.256243505954
2022-03-30 02:56:39,541.94
2022-03-30 02:56:44,541.84
2022-03-30 02:56:49,541.78
2022-03-30 02:56:54,541.68
2022-03-30 02:56:59,541.62
2022-03-30 02:57:04,541.49
2022-03-30 02:57:09,541.42
2022-03-30 02:57:14,541.33
2022-03-30 02:57:19,541.17
2022-03-30 02:57:24,541.1
2022-03-30 02:57:29,540.91
2022-03-30 02:57:34,540.87
2022-03-30 02:57:39,540.74
2022-03-30 02:57:44,527.1299380152187
2022-03-30 02:57:49,540.52
2022-03-30 02:57:54,540.38
2022-03-30 02:57:59,540.29
2022-03-30 02:58:04,540.22
2022-03-30 02:58:09,540.06
2022-03-30 02:58:14,539.94
2022-03-30 02:58:19,539.84
2022-03-30 02:58:24,539.71
2022-03-30 02:58:29,539.64
2022-03-30 02:58:34,539.48
2022-03-30 02:58:39,539.35
2022-03-30 02:58:44,539.26
2022-03-30 02:58:49,539.19
2022-03-30 02:58:54,539.1
2022-03-30 02:58:59,538.97
2022-03-30 02:59:04,538.9
2022-03-30 02:59:09,538.74
2022-03-30 02:59:14,538.68
2022-03-30 02:59:19,538.58
2022-03-30 02:59:24,538.45
2022-03-30 02:59:29,538.39
2022-03-30 02:59:34,538.29
2022-03-30 02:59:39,538.23
2022-03-30 02:59:44,538.1
2022-03-30 02:59:49,538.06
2022-03-30 02:59:54,537.94
2022-03-30 02:59:59,537.81
2022-03-30 03:00:04,527.0204951736825
2022-03-30 03:00:09,537.71
2022-03-30 03:00:14,537.58
2022-03-30 03:00:19,537.55
2022-03-30 03:00:24,537.55
2022-03-30 03:00:29,537.42
2022-03-30 03:00:34,537.42
2022-03-30 03:00:39,537.36
2022-03-30 03:00:44,537.26
2022-03-30 03:00:49,537.26
2022-03-30 03:00:54,537.2
2022-03-30 03:00:59,527.0385062940237
2022-03-30 03:01:04,537.13
2022-03-30 03:01:09,537.07
2022-03-30 03:01:14,537.04
2022-03-30 03:01:19,537.04
2022-03-30 03:01:24,537.04
2022-03-30 03:01:29,527.0646079116267
2022-03-30 03:01:34,536.91
2022-03-30 03:01:39,536.91
2022-03-30 03:01:44,536.85
2022-03-30 03:01:49,536.85
2022-03-30 03:01:54,536.85
2022-03-30 03:01:59,536.79
2022-03-30 03:02:04,536.79
2022-03-30 03:02:09,536.79
2022-03-30 03:02:14,536.79
2022-03-30 03:02:19,536.79
2022-03-30 03:02:24,536.79
2022-03-30 03:02:29,536.79
2022-03-30 03:02:34,536.85
2022-03-30 03:02:39,536.85
2022-03-30 03:02:44,536.85
2022-03-30 03:02:49,536.98
2022-03-30 03:02:54,536.99
2022-03-30 03:02:59,536.98
2022-03-30 03:03:04,536.99
2022-03-30 03:03:09,537.05
2022-03-30 03:03:14,537.08
2022-03-30 03:03:19,527.26789270666
2022-03-30 03:03:24,537.15
2022-03-30 03:03:29,527.2953119340417
2022-03-30 03:03:34,537.22
2022-03-30 03:03:39,537.28
2022-03-30 03:03:44,537.31
2022-03-30 03:03:49,537.38
2022-03-30 03:03:54,537.44
2022-03-30 03:03:59,537.51
2022-03-30 03:04:04,537.57
2022-03-30 03:04:09,537.67
2022-03-30 03:04:14,537.73
2022-03-30 03:04:19,537.8
2022-03-30 03:04:24,537.83
2022-03-30 03:04:29,537.96
2022-03-30 03:04:34,538.02
2022-03-30 03:04:39,538.09
2022-03-30 03:04:44,538.19
2022-03-30 03:04:49,527.5700988361008
2022-03-30 03:04:54,538.31
2022-03-30 03:04:59,527.6109959586205
2022-03-30 03:05:04,538.48
2022-03-30 03:05:09,538.55
2022-03-30 03:05:14,538.61
2022-03-30 03:05:19,538.71
2022-03-30 03:05:24,527.7191158998706
2022-03-30 03:05:29,538.84
2022-03-30 03:05:34,538.87
2022-03-30 03:05:39,538.93
2022-03-30 03:05:44,539.0
2022-03-30 03:05:49,539.06
2022-03-30 03:05:54,539.13
2022-03-30 03:05:59,539.16
2022-03-30 03:06:04,539.23
2022-03-30 03:06:09,539.29
2022-03-30 03:06:14,539.39
2022-03-30 03:06:19,539.39
2022-03-30 03:06:24,539.39
2022-03-30 03:06:29,539.46
2022-03-30 03:06:34,539.52
2022-03-30 03:06:39,539.52
2022-03-30 03:06:44,539.59
2022-03-30 03:06:49,528.144051260293
2022-03-30 03:06:54,528.1715540692126
2022-03-30 03:06:59,539.65
2022-03-30 03:07:04,539.69
2022-03-30 03:07:09,539.75
2022-03-30 03:07:14,539.69
2022-03-30 03:07:19,539.69
2022-03-30 03:07:24,528.3418049747165
2022-03-30 03:07:29,539.75
2022-03-30 03:07:34,539.75
2022-03-30 03:07:39,539.69
2022-03-30 03:07:44,539.69
2022-03-30 03:07:49,539.69
2022-03-30 03:07:54,539.69
2022-03-30 03:07:59,539.66
2022-03-30 03:08:04,539.66
2022-03-30 03:08:09,539.66
2022-03-30 03:08:14,539.6
2022-03-30 03:08:19,539.6
2022-03-30 03:08:24,539.54
2022-03-30 03:08:29,528.738450592088
2022-03-30 03:08:34,539.54
2022-03-30 03:08:39,539.47
2022-03-30 03:08:44,539.47
2022-03-30 03:08:49,539.41
2022-03-30 03:08:54,539.41
2022-03-30 03:08:59,539.38
2022-03-30 03:09:04,528.9655485429114
2022-03-30 03:09:09,539.32
2022-03-30 03:09:14,539.32
2022-03-30 03:09:19,539.26
2022-03-30 03:09:24,539.19
2022-03-30 03:09:29,529.1326407106924
2022-03-30 03:09:34,529.166499512166
2022-03-30 03:09:39,539.17
2022-03-30 03:09:44,539.1
2022-03-30 03:09:49,539.04
2022-03-30 03:09:54,538.97
2022-03-30 03:09:59,538.97
2022-03-30 03:10:04,538.91
2022-03-30 03:10:09,538.88
2022-03-30 03:10:14,538.82
2022-03-30 03:10:19,538.82
2022-03-30 03:10:24,538.76
2022-03-30 03:10:29,538.76
2022-03-30 03:10:34,538.7
2022-03-30 03:10:39,538.66
2022-03-30 03:10:44,538.6
2022-03-30 03:10:49,538.6
2022-03-30 03:10:54,538.6
2022-03-30 03:10:59,538.54
2022-03-30 03:11:04,538.54
2022-03-30 03:11:09,538.47
2022-03-30 03:11:14,538.48
2022-03-30 03:11:19,538.41
2022-03-30 03:11:24,538.41
2022-03-30 03:11:29,538.41
2022-03-30 03:11:34,538.38
2022-03-30 03:11:39,538.38
2022-03-30 03:11:44,538.38
2022-03-30 03:11:49,538.32
2022-03-30 03:11:54,538.32
2022-03-30 03:11:59,538.26
2022-03-30 03:12:04,538.26
2022-03-30 03:12:09,538.25
2022-03-30 03:12:14,538.19
2022-03-30 03:12:19,538.16
2022-03-30 03:12:24,538.16
2022-03-30 03:12:29,538.16
2022-03-30 03:12:34,538.16
2022-03-30 03:12:39,538.1
2022-03-30 03:12:44,538.1
2022-03-30 03:12:49,538.1
2022-03-30 03:12:54,538.1
2022-03-30 03:12:59,538.1
2022-03-30 03:13:04,538.1
2022-03-30 03:13:09,538.1
2022-03-30 03:13:14,538.1
2022-03-30 03:13:19,538.04
2022-03-30 03:13:24,538.1
2022-03-30 03:13:29,538.04
2022-03-30 03:13:34,538.04
2022-03-30 03:13:39,538.04
2022-03-30 03:13:44,538.04
2022-03-30 03:13:49,530.9957568223309
2022-03-30 03:13:54,538.04
2022-03-30 03:13:59,538.04
2022-03-30 03:14:04,538.03
2022-03-30 03:14:09,538.03
2022-03-30 03:14:14,537.97
2022-03-30 03:14:19,531.212079963091
2022-03-30 03:14:24,531.2479090795865
2022-03-30 03:14:29,538.03
2022-03-30 03:14:34,538.09
2022-03-30 03:14:39,538.03
2022-03-30 03:14:44,538.1
2022-03-30 03:14:49,538.16
2022-03-30 03:14:54,538.16
2022-03-30 03:14:59,538.19
2022-03-30 03:15:04,538.26
2022-03-30 03:15:09,538.26
2022-03-30 03:15:14,538.32
2022-03-30 03:15:19,538.32
2022-03-30 03:15:24,531.6710424464444
2022-03-30 03:15:29,538.42
2022-03-30 03:15:34,538.48
2022-03-30 03:15:39,538.54
2022-03-30 03:15:44,538.61
2022-03-30 03:15:49,538.7
2022-03-30 03:15:54,531.8766389700955
2022-03-30 03:15:59,538.7
2022-03-30 03:16:04,538.83
2022-03-30 03:16:09,538.9
2022-03-30 03:16:14,538.92
2022-03-30 03:16:19,538.99
2022-03-30 03:16:24,539.05
2022-03-30 03:16:29,539.12
2022-03-30 03:16:34,539.18
2022-03-30 03:16:39,539.21
2022-03-30 03:16:44,539.34
2022-03-30 03:16:49,539.41
2022-03-30 03:16:54,539.44
2022-03-30 03:16:59,539.5
2022-03-30 03:17:04,539.57
2022-03-30 03:17:09,539.63
2022-03-30 03:17:14,539.73
2022-03-30 03:17:19,539.79
2022-03-30 03:17:24,539.86
2022-03-30 03:17:29,539.92
2022-03-30 03:17:34,539.96
2022-03-30 03:17:39,540.02
2022-03-30 03:17:44,540.08
2022-03-30 03:17:49,540.21
2022-03-30 03:17:54,540.21
2022-03-30 03:17:59,540.31
2022-03-30 03:18:04,540.31
2022-03-30 03:18:09,532.7281837439568
2022-03-30 03:18:14,540.47
2022-03-30 03:18:19,532.7853410896896
2022-03-30 03:18:24,540.6
2022-03-30 03:18:29,540.66
2022-03-30 03:18:34,540.76
2022-03-30 03:18:39,540.82
2022-03-30 03:18:44,540.89
2022-03-30 03:18:49,532.9514872118905
2022-03-30 03:18:54,532.9784004594901
2022-03-30 03:18:59,533.0050912128182
2022-03-30 03:19:04,541.12
2022-03-30 03:19:09,541.25
2022-03-30 03:19:14,541.25
2022-03-30 03:19:19,541.35
2022-03-30 03:19:24,541.41
2022-03-30 03:19:29,541.51
2022-03-30 03:19:34,541.57
2022-03-30 03:19:39,533.2105951390457
2022-03-30 03:19:44,541.76
2022-03-30 03:19:49,541.8
2022-03-30 03:19:54,541.86
2022-03-30 03:19:59,541.99
2022-03-30 03:20:04,541.99
2022-03-30 03:20:09,542.09
2022-03-30 03:20:14,542.15
2022-03-30 03:20:19,542.22
2022-03-30 03:20:24,542.32
2022-03-30 03:20:29,542.32
2022-03-30 03:20:34,542.38
2022-03-30 03:20:39,542.45
2022-03-30 03:20:44,542.45
2022-03-30 03:20:49,542.45
2022-03-30 03:20:54,542.51
2022-03-30 03:20:59,542.55
2022-03-30 03:21:04,542.61
2022-03-30 03:21:09,542.68
2022-03-30 03:21:14,542.74
2022-03-30 03:21:19,542.68
2022-03-30 03:21:24,542.74
2022-03-30 03:21:29,542.81
2022-03-30 03:21:34,542.84
2022-03-30 03:21:39,542.84
2022-03-30 03:21:44,542.91
2022-03-30 03:21:49,542.9
2022-03-30 03:21:54,542.97
2022-03-30 03:21:59,543.04
2022-03-30 03:22:04,542.97
2022-03-30 03:22:09,543.04
2022-03-30 03:22:14,543.04
2022-03-30 03:22:19,543.04
2022-03-30 03:22:24,543.07
2022-03-30 03:22:29,543.07
2022-03-30 03:22:34,543.07
2022-03-30 03:22:39,533.957658241888
2022-03-30 03:22:44,533.9742306083185
2022-03-30 03:22:49,543.07
2022-03-30 03:22:54,543.14
2022-03-30 03:22:59,543.14
2022-03-30 03:23:04,543.14
2022-03-30 03:23:09,543.14
2022-03-30 03:23:14,543.14
2022-03-30 03:23:19,543.21
2022-03-30 03:23:24,543.21
2022-03-30 03:23:29,543.14
2022-03-30 03:23:34,543.21
2022-03-30 03:23:39,543.14
2022-03-30 03:23:44,543.14
2022-03-30 03:23:49,543.14
2022-03-30 03:23:54,543.14
2022-03-30 03:23:59,543.15
2022-03-30 03:24:04,543.14
2022-03-30 03:24:09,543.15
2022-03-30 03:24:14,543.08
2022-03-30 03:24:19,543.08
2022-03-30 03:24:24,534.2578270577075
2022-03-30 03:24:29,543.08
2022-03-30 03:24:34,543.08
2022-03-30 03:24:39,543.08
2022-03-30 03:24:44,543.08
2022-03-30 03:24:49,543.05
2022-03-30 03:24:54,543.05
2022-03-30 03:24:59,543.05
2022-03-30 03:25:04,543.09
2022-03-30 03:25:09,543.09
2022-03-30 03:25:14,543.06
2022-03-30 03:25:19,542.99
2022-03-30 03:25:24,542.99
2022-03-30 03:25:29,542.99
2022-03-30 03:25:34,542.99
2022-03-30 03:25:39,542.93
2022-03-30 03:25:44,542.93
2022-03-30 03:25:49,542.87
2022-03-30 03:25:54,542.83
2022-03-30 03:25:59,534.4423144390466
2022-03-30 03:26:04,542.77
2022-03-30 03:26:09,542.77
2022-03-30 03:26:14,542.71
2022-03-30 03:26:19,542.64
2022-03-30 03:26:24,542.64
2022-03-30 03:26:29,542.58
2022-03-30 03:26:34,542.55
2022-03-30 03:26:39,542.48
2022-03-30 03:26:44,542.42
2022-03-30 03:26:49,542.36
2022-03-30 03:26:54,542.36
2022-03-30 03:26:59,534.5158719611023
2022-03-30 03:27:04,542.26
2022-03-30 03:27:09,542.26
2022-03-30 03:27:14,542.13
2022-03-30 03:27:19,542.13
2022-03-30 03:27:24,542.07
2022-03-30 03:27:29,534.5401099230253
2022-03-30 03:27:34,541.98
2022-03-30 03:27:39,541.91
2022-03-30 03:27:44,541.85
2022-03-30 03:27:49,541.85
2022-03-30 03:27:54,541.82
2022-03-30 03:27:59,541.76
2022-03-30 03:28:04,541.69
2022-03-30 03:28:09,541.63
2022-03-30 03:28:14,541.56
2022-03-30 03:28:19,541.57
2022-03-30 03:28:24,541.53
2022-03-30 03:28:29,541.53
2022-03-30 03:28:34,541.47
2022-03-30 03:28:39,541.41
2022-03-30 03:28:44,541.34
2022-03-30 03:28:49,541.34
2022-03-30 03:28:54,541.31
2022-03-30 03:28:59,541.25
2022-03-30 03:29:04,541.12
2022-03-30 03:29:09,541.12
2022-03-30 03:29:14,541.06
2022-03-30 03:29:19,541.06
2022-03-30 03:29:24,540.96
2022-03-30 03:29:29,540.96
2022-03-30 03:29:34,540.9
2022-03-30 03:29:39,540.9
2022-03-30 03:29:44,540.83
2022-03-30 03:29:49,540.8
2022-03-30 03:29:54,540.74
2022-03-30 03:29:59,540.74
2022-03-30 03:30:04,540.74
2022-03-30 03:30:09,540.74
2022-03-30 03:30:14,540.68
2022-03-30 03:30:19,540.61
2022-03-30 03:30:24,540.61
2022-03-30 03:30:29,540.55
2022-03-30 03:30:34,540.55
2022-03-30 03:30:39,540.55
2022-03-30 03:30:44,540.52
2022-03-30 03:30:49,540.45
2022-03-30 03:30:54,540.39
2022-03-30 03:30:59,534.4736132259388
2022-03-30 03:31:04,540.39
2022-03-30 03:31:09,540.32
2022-03-30 03:31:14,540.32
2022-03-30 03:31:19,540.29
2022-03-30 03:31:24,540.29
2022-03-30 03:31:29,540.23
2022-03-30 03:31:34,540.16
2022-03-30 03:31:39,540.16
2022-03-30 03:31:44,540.16
2022-03-30 03:31:49,540.1
2022-03-30 03:31:54,540.1
2022-03-30 03:31:59,540.03
2022-03-30 03:32:04,540.0
2022-03-30 03:32:09,540.0
2022-03-30 03:32:14,539.93
2022-03-30 03:32:19,539.87
2022-03-30 03:32:24,539.87
2022-03-30 03:32:29,539.81
2022-03-30 03:32:34,539.77
2022-03-30 03:32:39,539.77
2022-03-30 03:32:44,539.71
2022-03-30 03:32:49,539.64
2022-03-30 03:32:54,539.58
2022-03-30 03:32:59,539.58
2022-03-30 03:33:04,539.57
2022-03-30 03:33:09,539.51
2022-03-30 03:33:14,539.51
2022-03-30 03:33:19,539.48
2022-03-30 03:33:24,539.48
2022-03-30 03:33:29,539.41
2022-03-30 03:33:34,539.35
2022-03-30 03:33:39,539.35
2022-03-30 03:33:44,539.35
2022-03-30 03:33:49,539.28
2022-03-30 03:33:54,539.28
2022-03-30 03:33:59,539.25
2022-03-30 03:34:04,539.18
2022-03-30 03:34:09,534.0610664218407
2022-03-30 03:34:14,539.12
2022-03-30 03:34:19,539.12
2022-03-30 03:34:24,539.11
2022-03-30 03:34:29,539.05
2022-03-30 03:34:34,533.9851746064784
2022-03-30 03:34:39,538.98
2022-03-30 03:34:44,538.98
2022-03-30 03:34:49,538.95
2022-03-30 03:34:54,538.95
2022-03-30 03:34:59,533.9051263762707
2022-03-30 03:35:04,538.95
2022-03-30 03:35:09,538.95
2022-03-30 03:35:14,538.88
2022-03-30 03:35:19,538.88
2022-03-30 03:35:24,538.88
2022-03-30 03:35:29,538.82
2022-03-30 03:35:34,538.82
2022-03-30 03:35:39,538.82
2022-03-30 03:35:44,538.75
2022-03-30 03:35:49,538.82
2022-03-30 03:35:54,538.75
2022-03-30 03:35:59,538.75
2022-03-30 03:36:04,538.75
2022-03-30 03:36:09,538.72
2022-03-30 03:36:14,538.66
2022-03-30 03:36:19,538.65
2022-03-30 03:36:24,538.65
2022-03-30 03:36:29,538.59
2022-03-30 03:36:34,538.53
2022-03-30 03:36:39,538.53
2022-03-30 03:36:44,538.53
2022-03-30 03:36:49,538.53
2022-03-30 03:36:54,538.53
2022-03-30 03:36:59,538.46
2022-03-30 03:37:04,538.46
2022-03-30 03:37:09,538.46
2022-03-30 03:37:14,533.4127878041766
2022-03-30 03:37:19,538.43
2022-03-30 03:37:24,538.43
2022-03-30 03:37:29,538.43
2022-03-30 03:37:34,538.43
2022-03-30 03:37:39,538.37
2022-03-30 03:37:44,538.37
2022-03-30 03:37:49,538.37
2022-03-30 03:37:54,538.37
2022-03-30 03:37:59,538.3
2022-03-30 03:38:04,538.3
2022-03-30 03:38:09,538.3
2022-03-30 03:38:14,533.1689936334884
2022-03-30 03:38:19,538.24
2022-03-30 03:38:24,538.24
2022-03-30 03:38:29,538.24
2022-03-30 03:38:34,538.21
2022-03-30 03:38:39,533.0642503412298
2022-03-30 03:38:44,538.21
2022-03-30 03:38:49,538.24
2022-03-30 03:38:54,533.000687803517
2022-03-30 03:38:59,532.979394089922
2022-03-30 03:39:04,538.24
2022-03-30 03:39:09,538.24
2022-03-30 03:39:14,538.24
2022-03-30 03:39:19,538.24
2022-03-30 03:39:24,532.8722282095334
2022-03-30 03:39:29,538.31
2022-03-30 03:39:34,538.31
2022-03-30 03:39:39,538.31
2022-03-30 03:39:44,538.31
2022-03-30 03:39:49,538.31
2022-03-30 03:39:54,538.38
2022-03-30 03:39:59,538.38
2022-03-30 03:40:04,538.38
2022-03-30 03:40:09,538.38
2022-03-30 03:40:14,538.38
2022-03-30 03:40:19,538.38
2022-03-30 03:40:24,538.38
2022-03-30 03:40:29,538.38
2022-03-30 03:40:34,538.38
2022-03-30 03:40:39,538.38
2022-03-30 03:40:44,538.38
2022-03-30 03:40:49,538.38
2022-03-30 03:40:54,538.38
2022-03-30 03:40:59,538.38
2022-03-30 03:41:04,538.32
2022-03-30 03:41:09,538.38
2022-03-30 03:41:14,538.32
2022-03-30 03:41:19,538.32
2022-03-30 03:41:24,538.32
2022-03-30 03:41:29,538.32
2022-03-30 03:41:34,538.26
2022-03-30 03:41:39,538.26
2022-03-30 03:41:44,538.32
2022-03-30 03:41:49,538.32
2022-03-30 03:41:54,538.26
2022-03-30 03:41:59,538.26
2022-03-30 03:42:04,538.26
2022-03-30 03:42:09,538.26
2022-03-30 03:42:14,538.23
2022-03-30 03:42:19,538.23
2022-03-30 03:42:24,538.16
2022-03-30 03:42:29,532.0676296379062
2022-03-30 03:42:34,538.16
2022-03-30 03:42:39,538.16
2022-03-30 03:42:44,538.16
2022-03-30 03:42:49,538.16
2022-03-30 03:42:54,538.1
2022-03-30 03:42:59,531.9397828866058
2022-03-30 03:43:04,538.1
2022-03-30 03:43:09,538.04
2022-03-30 03:43:14,538.04
2022-03-30 03:43:19,538.04
2022-03-30 03:43:24,531.8347742166983
2022-03-30 03:43:29,537.98
2022-03-30 03:43:34,537.98
2022-03-30 03:43:39,537.98
2022-03-30 03:43:44,537.98
2022-03-30 03:43:49,537.95
2022-03-30 03:43:54,537.94
2022-03-30 03:43:59,537.95
2022-03-30 03:44:04,537.95
2022-03-30 03:44:09,537.94
2022-03-30 03:44:14,537.88
2022-03-30 03:44:19,537.88
2022-03-30 03:44:24,537.88
2022-03-30 03:44:29,537.88
2022-03-30 03:44:34,537.82
2022-03-30 03:44:39,531.5309608816946
2022-03-30 03:44:44,537.82
2022-03-30 03:44:49,537.82
2022-03-30 03:44:54,537.82
2022-03-30 03:44:59,537.82
2022-03-30 03:45:04,537.76
2022-03-30 03:45:09,537.76
2022-03-30 03:45:14,537.76
2022-03-30 03:45:19,531.377697002828
2022-03-30 03:45:24,537.76
2022-03-30 03:45:29,537.76
2022-03-30 03:45:34,537.76
2022-03-30 03:45:39,531.303829000622
2022-03-30 03:45:44,537.73
2022-03-30 03:45:49,537.76
2022-03-30 03:45:54,537.73
2022-03-30 03:45:59,537.74
2022-03-30 03:46:04,537.77
2022-03-30 03:46:09,537.77
2022-03-30 03:46:14,537.74
2022-03-30 03:46:19,537.77
2022-03-30 03:46:24,537.77
2022-03-30 03:46:29,537.77
2022-03-30 03:46:34,537.77
2022-03-30 03:46:39,537.84
2022-03-30 03:46:44,537.84
2022-03-30 03:46:49,531.0618990424025
2022-03-30 03:46:54,537.84
2022-03-30 03:46:59,537.84
2022-03-30 03:47:04,537.91
2022-03-30 03:47:09,537.91
2022-03-30 03:47:14,530.9821158343121
2022-03-30 03:47:19,537.91
2022-03-30 03:47:24,537.97
2022-03-30 03:47:29,537.97
2022-03-30 03:47:34,530.9208927794231
2022-03-30 03:47:39,538.01
2022-03-30 03:47:44,538.07
2022-03-30 03:47:49,538.07
2022-03-30 03:47:54,538.13
2022-03-30 03:47:59,538.13
2022-03-30 03:48:04,538.2
2022-03-30 03:48:09,538.2
2022-03-30 03:48:14,538.27
2022-03-30 03:48:19,538.3
2022-03-30 03:48:24,538.3
2022-03-30 03:48:29,538.37
2022-03-30 03:48:34,538.36
2022-03-30 03:48:39,538.43
2022-03-30 03:48:44,538.49
2022-03-30 03:48:49,530.7126897185499
2022-03-30 03:48:54,538.53
2022-03-30 03:48:59,538.53
2022-03-30 03:49:04,538.53
2022-03-30 03:49:09,538.59
2022-03-30 03:49:14,538.66
2022-03-30 03:49:19,538.66
2022-03-30 03:49:24,538.72
2022-03-30 03:49:29,538.72
2022-03-30 03:49:34,538.78
2022-03-30 03:49:39,538.81
2022-03-30 03:49:44,538.82
2022-03-30 03:49:49,538.88
2022-03-30 03:49:54,538.94
2022-03-30 03:49:59,538.94
2022-03-30 03:50:04,539.01
2022-03-30 03:50:09,539.04
2022-03-30 03:50:14,539.04
2022-03-30 03:50:19,539.1
2022-03-30 03:50:24,539.17
2022-03-30 03:50:29,539.17
2022-03-30 03:50:34,530.48134191121
2022-03-30 03:50:39,539.23
2022-03-30 03:50:44,539.23
2022-03-30 03:50:49,539.23
2022-03-30 03:50:54,539.33
2022-03-30 03:50:59,539.29
2022-03-30 03:51:04,539.32
2022-03-30 03:51:09,539.32
2022-03-30 03:51:14,539.32
2022-03-30 03:51:19,539.32
2022-03-30 03:51:24,539.39
2022-03-30 03:51:29,539.39
2022-03-30 03:51:34,530.3827892983217
2022-03-30 03:51:39,539.45
2022-03-30 03:51:44,530.3688535280942
2022-03-30 03:51:49,539.45
2022-03-30 03:51:54,539.45
2022-03-30 03:51:59,530.3493124124504
2022-03-30 03:52:04,539.45
2022-03-30 03:52:09,539.51
2022-03-30 03:52:14,539.51
2022-03-30 03:52:19,539.51
2022-03-30 03:52:24,539.54
2022-03-30 03:52:29,539.54
2022-03-30 03:52:34,539.6
2022-03-30 03:52:39,539.6
2022-03-30 03:52:44,539.61
2022-03-30 03:52:49,539.67
2022-03-30 03:52:54,539.67
2022-03-30 03:52:59,539.66
2022-03-30 03:53:04,539.66
2022-03-30 03:53:09,539.66
2022-03-30 03:53:14,539.66
2022-03-30 03:53:19,539.73
2022-03-30 03:53:24,539.73
2022-03-30 03:53:29,539.73
2022-03-30 03:53:34,539.73
2022-03-30 03:53:39,539.79
2022-03-30 03:53:44,539.72
2022-03-30 03:53:49,530.2576473071936
2022-03-30 03:53:54,539.82
2022-03-30 03:53:59,539.82
2022-03-30 03:54:04,539.82
2022-03-30 03:54:09,539.79
2022-03-30 03:54:14,539.82
2022-03-30 03:54:19,539.88
2022-03-30 03:54:24,539.88
2022-03-30 03:54:29,539.95
2022-03-30 03:54:34,539.95
2022-03-30 03:54:39,530.2472888740342
2022-03-30 03:54:44,540.01
2022-03-30 03:54:49,540.04
2022-03-30 03:54:54,540.04
2022-03-30 03:54:59,530.2488519313741
2022-03-30 03:55:04,540.11
2022-03-30 03:55:09,540.17
2022-03-30 03:55:14,540.17
2022-03-30 03:55:19,540.24
2022-03-30 03:55:24,530.2554878103404
2022-03-30 03:55:29,540.3
2022-03-30 03:55:34,540.33
2022-03-30 03:55:39,540.33
2022-03-30 03:55:44,540.4
2022-03-30 03:55:49,540.46
2022-03-30 03:55:54,540.46
2022-03-30 03:55:59,540.53
2022-03-30 03:56:04,540.53
2022-03-30 03:56:09,540.53
2022-03-30 03:56:14,540.56
2022-03-30 03:56:19,530.2887962115312
2022-03-30 03:56:24,540.56
2022-03-30 03:56:29,540.69
2022-03-30 03:56:34,540.69
2022-03-30 03:56:39,540.69
2022-03-30 03:56:44,540.75
2022-03-30 03:56:49,530.3180607731852
2022-03-30 03:56:54,540.82
2022-03-30 03:56:59,540.82
2022-03-30 03:57:04,530.3356912892503
2022-03-30 03:57:09,530.3420168270866
2022-03-30 03:57:14,540.85
2022-03-30 03:57:19,530.3553450160157
2022-03-30 03:57:24,540.92
2022-03-30 03:57:29,540.92
2022-03-30 03:57:34,540.98
2022-03-30 03:57:39,540.98
2022-03-30 03:57:44,540.98
2022-03-30 03:57:49,541.04
2022-03-30 03:57:54,540.98
2022-03-30 03:57:59,540.98
2022-03-30 03:58:04,540.98
2022-03-30 03:58:09,540.98
2022-03-30 03:58:14,540.98
2022-03-30 03:58:19,541.04
2022-03-30 03:58:24,530.464336684567
2022-03-30 03:58:29,541.04
2022-03-30 03:58:34,540.98
2022-03-30 03:58:39,540.98
2022-03-30 03:58:44,541.04
2022-03-30 03:58:49,541.04
2022-03-30 03:58:54,530.5279819114472
2022-03-30 03:58:59,530.5394244633194
2022-03-30 03:59:04,530.551107397097
2022-03-30 03:59:09,540.91
2022-03-30 03:59:14,540.91
2022-03-30 03:59:19,540.91
2022-03-30 03:59:24,540.91
2022-03-30 03:59:29,540.91
2022-03-30 03:59:34,540.85
2022-03-30 03:59:39,530.6396755303725
2022-03-30 03:59:44,540.91
2022-03-30 03:59:49,540.91
2022-03-30 03:59:54,540.91
2022-03-30 03:59:59,540.91
2022-03-30 04:00:04,540.91
2022-03-30 04:00:09,540.9
2022-03-30 04:00:14,540.84
2022-03-30 04:00:19,540.84
2022-03-30 04:00:24,540.9
2022-03-30 04:00:29,540.84
2022-03-30 04:00:34,540.9
2022-03-30 04:00:39,540.9
2022-03-30 04:00:44,540.9
2022-03-30 04:00:49,540.9
2022-03-30 04:00:54,530.8695337548703
2022-03-30 04:00:59,540.9
2022-03-30 04:01:04,540.9
2022-03-30 04:01:09,540.83
2022-03-30 04:01:14,540.83
2022-03-30 04:01:19,540.89
2022-03-30 04:01:24,540.89
2022-03-30 04:01:29,540.89
2022-03-30 04:01:34,540.89
2022-03-30 04:01:39,540.82
2022-03-30 04:01:44,540.82
2022-03-30 04:01:49,540.82
2022-03-30 04:01:54,540.88
2022-03-30 04:01:59,540.82
2022-03-30 04:02:04,540.82
2022-03-30 04:02:09,540.79
2022-03-30 04:02:14,540.78
2022-03-30 04:02:19,540.78
2022-03-30 04:02:24,540.78
2022-03-30 04:02:29,540.78
2022-03-30 04:02:34,540.78
2022-03-30 04:02:39,540.78
2022-03-30 04:02:44,540.71
2022-03-30 04:02:49,540.71
2022-03-30 04:02:54,540.78
2022-03-30 04:02:59,540.71
2022-03-30 04:03:04,540.64
2022-03-30 04:03:09,540.64
2022-03-30 04:03:14,540.64
2022-03-30 04:03:19,540.58
2022-03-30 04:03:24,540.57
2022-03-30 04:03:29,540.57
2022-03-30 04:03:34,540.57
2022-03-30 04:03:39,540.51
2022-03-30 04:03:44,540.51
2022-03-30 04:03:49,540.51
2022-03-30 04:03:54,540.48
2022-03-30 04:03:59,540.48
2022-03-30 04:04:04,540.41
2022-03-30 04:04:09,540.41
2022-03-30 04:04:14,540.41
2022-03-30 04:04:19,540.41
2022-03-30 04:04:24,540.34
2022-03-30 04:04:29,531.7573791532735
2022-03-30 04:04:34,540.28
2022-03-30 04:04:39,540.28
2022-03-30 04:04:44,540.34
2022-03-30 04:04:49,540.28
2022-03-30 04:04:54,540.18
2022-03-30 04:04:59,540.18
2022-03-30 04:05:04,540.12
2022-03-30 04:05:09,540.11
2022-03-30 04:05:14,540.05
2022-03-30 04:05:19,539.99
2022-03-30 04:05:24,539.99
2022-03-30 04:05:29,539.95
2022-03-30 04:05:34,532.0645707656643
2022-03-30 04:05:39,539.82
2022-03-30 04:05:44,539.82
2022-03-30 04:05:49,539.82
2022-03-30 04:05:54,539.76
2022-03-30 04:05:59,539.73
2022-03-30 04:06:04,539.73
2022-03-30 04:06:09,539.66
2022-03-30 04:06:14,539.66
2022-03-30 04:06:19,539.6
2022-03-30 04:06:24,539.6
2022-03-30 04:06:29,532.3289486491649
2022-03-30 04:06:34,539.53
2022-03-30 04:06:39,532.377087838152
2022-03-30 04:06:44,539.47
2022-03-30 04:06:49,539.44
2022-03-30 04:06:54,532.4492068356572
2022-03-30 04:06:59,539.31
2022-03-30 04:07:04,539.31
2022-03-30 04:07:09,539.24
2022-03-30 04:07:14,539.21
2022-03-30 04:07:19,539.15
2022-03-30 04:07:24,539.02
2022-03-30 04:07:29,538.96
2022-03-30 04:07:34,538.92
2022-03-30 04:07:39,538.86
2022-03-30 04:07:44,538.86
2022-03-30 04:07:49,532.7113820788636
2022-03-30 04:07:54,538.7
2022-03-30 04:07:59,538.57
2022-03-30 04:08:04,538.57
2022-03-30 04:08:09,538.5
2022-03-30 04:08:14,532.828551878265
2022-03-30 04:08:19,538.4
2022-03-30 04:08:24,538.34
2022-03-30 04:08:29,538.28
2022-03-30 04:08:34,538.21
2022-03-30 04:08:39,538.18
2022-03-30 04:08:44,538.18
2022-03-30 04:08:49,538.11
2022-03-30 04:08:54,538.05
2022-03-30 04:08:59,533.0345941656716
2022-03-30 04:09:04,537.92
2022-03-30 04:09:09,537.92
2022-03-30 04:09:14,537.89
2022-03-30 04:09:19,537.82
2022-03-30 04:09:24,537.82
2022-03-30 04:09:29,537.75
2022-03-30 04:09:34,537.66
2022-03-30 04:09:39,537.66
2022-03-30 04:09:44,537.59
2022-03-30 04:09:49,537.53
2022-03-30 04:09:54,537.46
2022-03-30 04:09:59,537.46
2022-03-30 04:10:04,533.3169745645341
2022-03-30 04:10:09,537.36
2022-03-30 04:10:14,533.3584281484302
2022-03-30 04:10:19,537.3
2022-03-30 04:10:24,537.3
2022-03-30 04:10:29,537.3
2022-03-30 04:10:34,533.439495819259
2022-03-30 04:10:39,537.23
2022-03-30 04:10:44,537.23
2022-03-30 04:10:49,537.22
2022-03-30 04:10:54,537.16
2022-03-30 04:10:59,537.16
2022-03-30 04:11:04,537.16
2022-03-30 04:11:09,537.16
2022-03-30 04:11:14,537.16
2022-03-30 04:11:19,537.16
2022-03-30 04:11:24,537.13
2022-03-30 04:11:29,537.16
2022-03-30 04:11:34,537.12
2022-03-30 04:11:39,537.12
2022-03-30 04:11:44,537.12
2022-03-30 04:11:49,533.7184024818794
2022-03-30 04:11:54,537.12
2022-03-30 04:11:59,537.06
2022-03-30 04:12:04,537.05
2022-03-30 04:12:09,536.99
2022-03-30 04:12:14,536.98
2022-03-30 04:12:19,536.98
2022-03-30 04:12:24,536.98
2022-03-30 04:12:29,536.98
2022-03-30 04:12:34,536.92
2022-03-30 04:12:39,536.98
2022-03-30 04:12:44,536.98
2022-03-30 04:12:49,536.98
2022-03-30 04:12:54,533.9217366118979
2022-03-30 04:12:59,536.98
2022-03-30 04:13:04,536.98
2022-03-30 04:13:09,537.04
2022-03-30 04:13:14,536.97
2022-03-30 04:13:19,537.04
2022-03-30 04:13:24,537.04
2022-03-30 04:13:29,537.04
2022-03-30 04:13:34,537.04
2022-03-30 04:13:39,537.1
2022-03-30 04:13:44,537.1
2022-03-30 04:13:49,537.1
2022-03-30 04:13:54,537.13
2022-03-30 04:13:59,537.13
2022-03-30 04:14:04,537.19
2022-03-30 04:14:09,537.19
2022-03-30 04:14:14,537.19
2022-03-30 04:14:19,537.26
2022-03-30 04:14:24,537.26
2022-03-30 04:14:29,537.26
2022-03-30 04:14:34,537.32
2022-03-30 04:14:39,534.1560885595477
2022-03-30 04:14:44,537.32
2022-03-30 04:14:49,537.32
2022-03-30 04:14:54,537.35
2022-03-30 04:14:59,537.32
2022-03-30 04:15:04,537.32
2022-03-30 04:15:09,537.35
2022-03-30 04:15:14,537.32
2022-03-30 04:15:19,537.35
2022-03-30 04:15:24,537.35
2022-03-30 04:15:29,537.35
2022-03-30 04:15:34,537.35
2022-03-30 04:15:39,537.41
2022-03-30 04:15:44,537.41
2022-03-30 04:15:49,537.41
2022-03-30 04:15:54,537.41
2022-03-30 04:15:59,537.41
2022-03-30 04:16:04,537.41
2022-03-30 04:16:09,537.41
2022-03-30 04:16:14,537.41
2022-03-30 04:16:19,537.48
2022-03-30 04:16:24,534.2619303042743
2022-03-30 04:16:29,537.48
2022-03-30 04:16:34,537.41
2022-03-30 04:16:39,537.48
2022-03-30 04:16:44,537.48
2022-03-30 04:16:49,534.2688623186515
2022-03-30 04:16:54,537.48
2022-03-30 04:16:59,537.48
2022-03-30 04:17:04,537.48
2022-03-30 04:17:09,534.2695232473715
2022-03-30 04:17:14,537.41
2022-03-30 04:17:19,537.48
2022-03-30 04:17:24,537.42
2022-03-30 04:17:29,537.42
2022-03-30 04:17:34,537.42
2022-03-30 04:17:39,537.35
2022-03-30 04:17:44,537.35
2022-03-30 04:17:49,537.32
2022-03-30 04:17:54,537.32
2022-03-30 04:17:59,537.26
2022-03-30 04:18:04,537.26
2022-03-30 04:18:09,534.2461049591212
2022-03-30 04:18:14,537.19
2022-03-30 04:18:19,537.19
2022-03-30 04:18:24,537.19
2022-03-30 04:18:29,537.19
2022-03-30 04:18:34,537.13
2022-03-30 04:18:39,537.13
2022-03-30 04:18:44,534.2153423276596
2022-03-30 04:18:49,537.1
2022-03-30 04:18:54,537.1
2022-03-30 04:18:59,537.03
2022-03-30 04:19:04,536.97
2022-03-30 04:19:09,536.9
2022-03-30 04:19:14,536.97
2022-03-30 04:19:19,536.9
2022-03-30 04:19:24,536.84
2022-03-30 04:19:29,536.81
2022-03-30 04:19:34,534.1503315191882
2022-03-30 04:19:39,536.81
2022-03-30 04:19:44,536.68
2022-03-30 04:19:49,536.68
2022-03-30 04:19:54,536.62
2022-03-30 04:19:59,536.62
2022-03-30 04:20:04,536.59
2022-03-30 04:20:09,536.52
2022-03-30 04:20:14,534.0810611261104
2022-03-30 04:20:19,536.52
2022-03-30 04:20:24,536.46
2022-03-30 04:20:29,536.39
2022-03-30 04:20:34,536.39
2022-03-30 04:20:39,536.33
2022-03-30 04:20:44,536.33
2022-03-30 04:20:49,534.008286388441
2022-03-30 04:20:54,536.3
2022-03-30 04:20:59,533.9854578692922
2022-03-30 04:21:04,536.17
2022-03-30 04:21:09,536.17
2022-03-30 04:21:14,536.11
2022-03-30 04:21:19,536.11
2022-03-30 04:21:24,536.11
2022-03-30 04:21:29,536.08
2022-03-30 04:21:34,533.898595614693
2022-03-30 04:21:39,533.8853155101987
2022-03-30 04:21:44,536.01
2022-03-30 04:21:49,536.08
2022-03-30 04:21:54,536.08
2022-03-30 04:21:59,533.8300557890018
2022-03-30 04:22:04,536.01
2022-03-30 04:22:09,536.01
2022-03-30 04:22:14,533.7863918366863
2022-03-30 04:22:19,536.01
2022-03-30 04:22:24,536.08
2022-03-30 04:22:29,536.01
2022-03-30 04:22:34,536.08
2022-03-30 04:22:39,536.08
2022-03-30 04:22:44,536.08
2022-03-30 04:22:49,536.08
2022-03-30 04:22:54,536.11
2022-03-30 04:22:59,536.11
2022-03-30 04:23:04,536.11
2022-03-30 04:23:09,536.08
2022-03-30 04:23:14,536.11
2022-03-30 04:23:19,536.11
2022-03-30 04:23:24,536.11
2022-03-30 04:23:29,536.11
2022-03-30 04:23:34,536.11
2022-03-30 04:23:39,536.11
2022-03-30 04:23:44,536.11
2022-03-30 04:23:49,536.12
2022-03-30 04:23:54,536.12
2022-03-30 04:23:59,536.12
2022-03-30 04:24:04,536.12
2022-03-30 04:24:09,536.18
2022-03-30 04:24:14,536.18
2022-03-30 04:24:19,536.12
2022-03-30 04:24:24,536.18
2022-03-30 04:24:29,536.25
2022-03-30 04:24:34,536.25
2022-03-30 04:24:39,536.25
2022-03-30 04:24:44,536.25
2022-03-30 04:24:49,536.32
2022-03-30 04:24:54,536.32
2022-03-30 04:24:59,536.35
2022-03-30 04:25:04,536.32
2022-03-30 04:25:09,536.35
2022-03-30 04:25:14,536.35
2022-03-30 04:25:19,533.101978890238
2022-03-30 04:25:24,536.42
2022-03-30 04:25:29,533.0578233385612
2022-03-30 04:25:34,536.48
2022-03-30 04:25:39,536.55
2022-03-30 04:25:44,536.55
2022-03-30 04:25:49,536.55
2022-03-30 04:25:54,536.65
2022-03-30 04:25:59,536.65
2022-03-30 04:26:04,536.71
2022-03-30 04:26:09,536.78
2022-03-30 04:26:14,536.78
2022-03-30 04:26:19,536.88
2022-03-30 04:26:24,536.88
2022-03-30 04:26:29,536.94
2022-03-30 04:26:34,537.0
2022-03-30 04:26:39,537.07
2022-03-30 04:26:44,537.13
2022-03-30 04:26:49,537.17
2022-03-30 04:26:54,537.23
2022-03-30 04:26:59,537.29
2022-03-30 04:27:04,537.29
2022-03-30 04:27:09,537.39
2022-03-30 04:27:14,537.39
2022-03-30 04:27:19,537.46
2022-03-30 04:27:24,537.46
2022-03-30 04:27:29,537.52
2022-03-30 04:27:34,532.4508855394428
2022-03-30 04:27:39,537.59
2022-03-30 04:27:44,537.59
2022-03-30 04:27:49,537.65
2022-03-30 04:27:54,537.68
2022-03-30 04:27:59,537.68
2022-03-30 04:28:04,537.75
2022-03-30 04:28:09,537.81
2022-03-30 04:28:14,537.81
2022-03-30 04:28:19,537.87
2022-03-30 04:28:24,537.88
2022-03-30 04:28:29,537.91
2022-03-30 04:28:34,537.97
2022-03-30 04:28:39,538.04
2022-03-30 04:28:44,538.04
2022-03-30 04:28:49,538.1
2022-03-30 04:28:54,538.16
2022-03-30 04:28:59,538.16
2022-03-30 04:29:04,538.2
2022-03-30 04:29:09,538.26
2022-03-30 04:29:14,538.32
2022-03-30 04:29:19,538.32
2022-03-30 04:29:24,538.32
2022-03-30 04:29:29,538.38
2022-03-30 04:29:34,538.38
2022-03-30 04:29:39,538.42
2022-03-30 04:29:44,538.38
2022-03-30 04:29:49,538.41
2022-03-30 04:29:54,538.41
2022-03-30 04:29:59,538.48
2022-03-30 04:30:04,538.47
2022-03-30 04:30:09,538.48
2022-03-30 04:30:14,538.41
2022-03-30 04:30:19,538.48
2022-03-30 04:30:24,538.48
2022-03-30 04:30:29,538.48
2022-03-30 04:30:34,538.54
2022-03-30 04:30:39,538.53
2022-03-30 04:30:44,538.53
2022-03-30 04:30:49,538.53
2022-03-30 04:30:54,538.6
2022-03-30 04:30:59,538.6
2022-03-30 04:31:04,538.66
2022-03-30 04:31:09,531.1999277650308
2022-03-30 04:31:14,538.66
2022-03-30 04:31:19,538.66
2022-03-30 04:31:24,538.66
2022-03-30 04:31:29,538.66
2022-03-30 04:31:34,538.66
2022-03-30 04:31:39,538.69
2022-03-30 04:31:44,538.68
2022-03-30 04:31:49,538.66
2022-03-30 04:31:54,538.65
2022-03-30 04:31:59,538.65
2022-03-30 04:32:04,538.68
2022-03-30 04:32:09,538.75
2022-03-30 04:32:14,538.68
2022-03-30 04:32:19,538.68
2022-03-30 04:32:24,538.68
2022-03-30 04:32:29,538.68
2022-03-30 04:32:34,538.75
2022-03-30 04:32:39,538.75
2022-03-30 04:32:44,538.75
2022-03-30 04:32:49,538.75
2022-03-30 04:32:54,538.81
2022-03-30 04:32:59,538.81
2022-03-30 04:33:04,538.81
2022-03-30 04:33:09,530.4069890877444
2022-03-30 04:33:14,538.87
2022-03-30 04:33:19,538.87
2022-03-30 04:33:24,538.87
2022-03-30 04:33:29,538.9
2022-03-30 04:33:34,530.2345104775085
2022-03-30 04:33:39,538.91
2022-03-30 04:33:44,538.97
2022-03-30 04:33:49,538.97
2022-03-30 04:33:54,538.97
2022-03-30 04:33:59,538.97
2022-03-30 04:34:04,539.03
2022-03-30 04:34:09,539.03
2022-03-30 04:34:14,539.03
2022-03-30 04:34:19,529.9182973161924
2022-03-30 04:34:24,539.04
2022-03-30 04:34:29,539.04
2022-03-30 04:34:34,539.04
2022-03-30 04:34:39,538.97
2022-03-30 04:34:44,529.7395882634554
2022-03-30 04:34:49,539.03
2022-03-30 04:34:54,539.04
2022-03-30 04:34:59,539.04
2022-03-30 04:35:04,538.91
2022-03-30 04:35:09,538.91
2022-03-30 04:35:14,538.91
2022-03-30 04:35:19,538.88
2022-03-30 04:35:24,538.88
2022-03-30 04:35:29,529.4127981072062
2022-03-30 04:35:34,538.75
2022-03-30 04:35:39,538.68
2022-03-30 04:35:44,538.68
2022-03-30 04:35:49,538.65
2022-03-30 04:35:54,538.59
2022-03-30 04:35:59,538.59
2022-03-30 04:36:04,538.52
2022-03-30 04:36:09,538.46
2022-03-30 04:36:14,538.39
2022-03-30 04:36:19,538.36
2022-03-30 04:36:24,529.0051218221324
2022-03-30 04:36:29,538.3
2022-03-30 04:36:34,538.23
2022-03-30 04:36:39,538.17
2022-03-30 04:36:44,538.14
2022-03-30 04:36:49,538.07
2022-03-30 04:36:54,538.01
2022-03-30 04:36:59,537.94
2022-03-30 04:37:04,537.88
2022-03-30 04:37:09,537.88
2022-03-30 04:37:14,537.78
2022-03-30 04:37:19,537.78
2022-03-30 04:37:24,537.72
2022-03-30 04:37:29,537.72
2022-03-30 04:37:34,537.62
2022-03-30 04:37:39,537.62
2022-03-30 04:37:44,537.55
2022-03-30 04:37:49,537.49
2022-03-30 04:37:54,537.42
2022-03-30 04:37:59,537.42
2022-03-30 04:38:04,537.42
2022-03-30 04:38:09,537.32
2022-03-30 04:38:14,537.33
2022-03-30 04:38:19,528.1273782316483
2022-03-30 04:38:24,537.26
2022-03-30 04:38:29,537.19
2022-03-30 04:38:34,537.19
2022-03-30 04:38:39,537.19
2022-03-30 04:38:44,537.13
2022-03-30 04:38:49,537.13
2022-03-30 04:38:54,537.09
2022-03-30 04:38:59,537.09
2022-03-30 04:39:04,537.03
2022-03-30 04:39:09,537.02
2022-03-30 04:39:14,536.96
2022-03-30 04:39:19,536.96
2022-03-30 04:39:24,536.96
2022-03-30 04:39:29,536.96
2022-03-30 04:39:34,536.89
2022-03-30 04:39:39,536.89
2022-03-30 04:39:44,536.89
2022-03-30 04:39:49,536.83
2022-03-30 04:39:54,536.89
2022-03-30 04:39:59,536.82
2022-03-30 04:40:04,536.82
2022-03-30 04:40:09,536.79
2022-03-30 04:40:14,536.79
2022-03-30 04:40:19,536.73
2022-03-30 04:40:24,536.66
2022-03-30 04:40:29,536.72
2022-03-30 04:40:34,527.0631810888123
2022-03-30 04:40:39,536.59
2022-03-30 04:40:44,536.56
2022-03-30 04:40:49,526.9432583514576
2022-03-30 04:40:54,536.43
2022-03-30 04:40:59,536.49
2022-03-30 04:41:04,526.8230714820005
2022-03-30 04:41:09,536.36
2022-03-30 04:41:14,536.3
2022-03-30 04:41:19,536.29
2022-03-30 04:41:24,536.26
2022-03-30 04:41:29,536.19
2022-03-30 04:41:34,536.13
2022-03-30 04:41:39,536.13
2022-03-30 04:41:44,536.06
2022-03-30 04:41:49,536.03
2022-03-30 04:41:54,526.4207916484941
2022-03-30 04:41:59,535.96
2022-03-30 04:42:04,535.9
2022-03-30 04:42:09,535.83
2022-03-30 04:42:14,535.77
2022-03-30 04:42:19,535.73
2022-03-30 04:42:24,535.67
2022-03-30 04:42:29,535.61
2022-03-30 04:42:34,535.61
2022-03-30 04:42:39,535.54
2022-03-30 04:42:44,535.51
2022-03-30 04:42:49,535.44
2022-03-30 04:42:54,535.38
2022-03-30 04:42:59,535.38
2022-03-30 04:43:04,535.25
2022-03-30 04:43:09,535.25
2022-03-30 04:43:14,535.22
2022-03-30 04:43:19,525.7330290712135
2022-03-30 04:43:24,535.09
2022-03-30 04:43:29,535.02
2022-03-30 04:43:34,535.02
2022-03-30 04:43:39,534.99
2022-03-30 04:43:44,534.99
2022-03-30 04:43:49,534.92
2022-03-30 04:43:54,534.86
2022-03-30 04:43:59,534.8
2022-03-30 04:44:04,534.73
2022-03-30 04:44:09,534.7
2022-03-30 04:44:14,534.7
2022-03-30 04:44:19,534.63
2022-03-30 04:44:24,534.57
2022-03-30 04:44:29,534.5
2022-03-30 04:44:34,534.47
2022-03-30 04:44:39,534.47
2022-03-30 04:44:44,534.41
2022-03-30 04:44:49,534.41
2022-03-30 04:44:54,534.34
2022-03-30 04:44:59,534.28
2022-03-30 04:45:04,534.22
2022-03-30 04:45:09,534.21
2022-03-30 04:45:14,534.18
2022-03-30 04:45:19,534.12
2022-03-30 04:45:24,524.726136148465
2022-03-30 04:45:29,534.06
2022-03-30 04:45:34,533.99
2022-03-30 04:45:39,533.99
2022-03-30 04:45:44,533.99
2022-03-30 04:45:49,533.96
2022-03-30 04:45:54,533.89
2022-03-30 04:45:59,524.448220322395
2022-03-30 04:46:04,524.4087348829854
2022-03-30 04:46:09,533.83
2022-03-30 04:46:14,533.7
2022-03-30 04:46:19,524.2906405256672
2022-03-30 04:46:24,533.67
2022-03-30 04:46:29,533.61
2022-03-30 04:46:34,533.61
2022-03-30 04:46:39,524.1340882855644
2022-03-30 04:46:44,533.48
2022-03-30 04:46:49,533.45
2022-03-30 04:46:54,533.38
2022-03-30 04:46:59,533.32
2022-03-30 04:47:04,533.32
2022-03-30 04:47:09,533.26
2022-03-30 04:47:14,533.19
2022-03-30 04:47:19,523.8244938640138
2022-03-30 04:47:24,533.16
2022-03-30 04:47:29,533.09
2022-03-30 04:47:34,533.03
2022-03-30 04:47:39,533.1
2022-03-30 04:47:44,533.03
2022-03-30 04:47:49,532.97
2022-03-30 04:47:54,523.5579929763835
2022-03-30 04:47:59,532.93
2022-03-30 04:48:04,523.4826883062724
2022-03-30 04:48:09,532.94
2022-03-30 04:48:14,532.87
2022-03-30 04:48:19,532.87
2022-03-30 04:48:24,523.3332837002516
2022-03-30 04:48:29,532.81
2022-03-30 04:48:34,532.74
2022-03-30 04:48:39,532.68
2022-03-30 04:48:44,532.68
2022-03-30 04:48:49,532.65
2022-03-30 04:48:54,532.65
2022-03-30 04:48:59,523.0759693547619
2022-03-30 04:49:04,532.65
2022-03-30 04:49:09,532.58
2022-03-30 04:49:14,522.9674230766778
2022-03-30 04:49:19,532.59
2022-03-30 04:49:24,532.52
2022-03-30 04:49:29,532.52
2022-03-30 04:49:34,532.52
2022-03-30 04:49:39,532.52
2022-03-30 04:49:44,532.46
2022-03-30 04:49:49,532.42
2022-03-30 04:49:54,532.42
2022-03-30 04:49:59,532.43
2022-03-30 04:50:04,532.43
2022-03-30 04:50:09,532.43
2022-03-30 04:50:14,532.42
2022-03-30 04:50:19,532.43
2022-03-30 04:50:24,532.36
2022-03-30 04:50:29,532.43
2022-03-30 04:50:34,532.36
2022-03-30 04:50:39,532.36
2022-03-30 04:50:44,532.36
2022-03-30 04:50:49,532.3
2022-03-30 04:50:54,532.3
2022-03-30 04:50:59,532.3
2022-03-30 04:51:04,522.2080546740239
2022-03-30 04:51:09,532.24
2022-03-30 04:51:14,532.24
2022-03-30 04:51:19,532.24
2022-03-30 04:51:24,532.17
2022-03-30 04:51:29,532.17
2022-03-30 04:51:34,532.14
2022-03-30 04:51:39,532.14
2022-03-30 04:51:44,532.14
2022-03-30 04:51:49,532.08
2022-03-30 04:51:54,532.08
2022-03-30 04:51:59,532.08
2022-03-30 04:52:04,532.01
2022-03-30 04:52:09,521.7944572054062
2022-03-30 04:52:14,532.02
2022-03-30 04:52:19,521.7334512999495
2022-03-30 04:52:24,532.02
2022-03-30 04:52:29,531.95
2022-03-30 04:52:34,531.95
2022-03-30 04:52:39,521.6136659495452
2022-03-30 04:52:44,531.92
2022-03-30 04:52:49,531.92
2022-03-30 04:52:54,531.92
2022-03-30 04:52:59,531.86
2022-03-30 04:53:04,531.86
2022-03-30 04:53:09,531.8
2022-03-30 04:53:14,531.8
2022-03-30 04:53:19,521.383375055959
2022-03-30 04:53:24,531.8
2022-03-30 04:53:29,531.73
2022-03-30 04:53:34,531.67
2022-03-30 04:53:39,531.73
2022-03-30 04:53:44,531.67
2022-03-30 04:53:49,531.67
2022-03-30 04:53:54,531.68
2022-03-30 04:53:59,531.64
2022-03-30 04:54:04,531.64
2022-03-30 04:54:09,531.64
2022-03-30 04:54:14,531.64
2022-03-30 04:54:19,531.65
2022-03-30 04:54:24,521.0374408476234
2022-03-30 04:54:29,531.65
2022-03-30 04:54:34,520.987520816928
2022-03-30 04:54:39,531.59
2022-03-30 04:54:44,531.65
2022-03-30 04:54:49,531.59
2022-03-30 04:54:54,531.59
2022-03-30 04:54:59,531.59
2022-03-30 04:55:04,531.59
2022-03-30 04:55:09,531.59
2022-03-30 04:55:14,520.7971543149333
2022-03-30 04:55:19,531.59
2022-03-30 04:55:24,531.59
2022-03-30 04:55:29,520.7297281136118
2022-03-30 04:55:34,531.66
2022-03-30 04:55:39,531.59
2022-03-30 04:55:44,531.59
2022-03-30 04:55:49,531.66
2022-03-30 04:55:54,531.66
2022-03-30 04:55:59,531.66
2022-03-30 04:56:04,531.69
2022-03-30 04:56:09,531.66
2022-03-30 04:56:14,531.69
2022-03-30 04:56:19,531.66
2022-03-30 04:56:24,531.69
2022-03-30 04:56:29,531.75
2022-03-30 04:56:34,531.75
2022-03-30 04:56:39,520.4452838951843
2022-03-30 04:56:44,531.75
2022-03-30 04:56:49,520.4088441607428
2022-03-30 04:56:54,520.3910199447471
2022-03-30 04:56:59,531.75
2022-03-30 04:57:04,531.75
2022-03-30 04:57:09,531.75
2022-03-30 04:57:14,531.75
2022-03-30 04:57:19,531.81
2022-03-30 04:57:24,531.81
2022-03-30 04:57:29,531.81
2022-03-30 04:57:34,531.81
2022-03-30 04:57:39,531.81
2022-03-30 04:57:44,531.88
2022-03-30 04:57:49,531.81
2022-03-30 04:57:54,531.82
2022-03-30 04:57:59,531.81
2022-03-30 04:58:04,531.75
2022-03-30 04:58:09,531.75
2022-03-30 04:58:14,531.68
2022-03-30 04:58:19,531.68
2022-03-30 04:58:24,531.65
2022-03-30 04:58:29,531.58
2022-03-30 04:58:34,531.58
2022-03-30 04:58:39,531.52
2022-03-30 04:58:44,531.52
2022-03-30 04:58:49,531.45
2022-03-30 04:58:54,531.42
2022-03-30 04:58:59,531.35
2022-03-30 04:59:04,531.29
2022-03-30 04:59:09,531.22
2022-03-30 04:59:14,531.16
2022-03-30 04:59:19,531.16
2022-03-30 04:59:24,531.06
2022-03-30 04:59:29,519.9672693973571
2022-03-30 04:59:34,530.93
2022-03-30 04:59:39,530.83
2022-03-30 04:59:44,530.77
2022-03-30 04:59:49,530.7
2022-03-30 04:59:54,530.61
2022-03-30 04:59:59,530.54
2022-03-30 05:00:04,530.47
2022-03-30 05:00:09,530.38
2022-03-30 05:00:14,530.38
2022-03-30 05:00:19,530.25
2022-03-30 05:00:24,530.18
2022-03-30 05:00:29,530.02
2022-03-30 05:00:34,530.02
2022-03-30 05:00:39,529.89
2022-03-30 05:00:44,529.79
2022-03-30 05:00:49,529.73
2022-03-30 05:00:54,529.66
2022-03-30 05:00:59,529.57
2022-03-30 05:01:04,529.5
2022-03-30 05:01:09,529.37
2022-03-30 05:01:14,529.34
2022-03-30 05:01:19,529.28
2022-03-30 05:01:24,529.21
2022-03-30 05:01:29,519.8061459368429
2022-03-30 05:01:34,529.05
2022-03-30 05:01:39,528.99
2022-03-30 05:01:44,528.86
2022-03-30 05:01:49,528.82
2022-03-30 05:01:54,528.76
2022-03-30 05:01:59,528.63
2022-03-30 05:02:04,528.63
2022-03-30 05:02:09,528.54
2022-03-30 05:02:14,528.47
2022-03-30 05:02:19,528.34
2022-03-30 05:02:24,528.31
2022-03-30 05:02:29,528.25
2022-03-30 05:02:34,528.12
2022-03-30 05:02:39,519.7772319752927
2022-03-30 05:02:44,519.7769663219582
2022-03-30 05:02:49,527.96
2022-03-30 05:02:54,527.89
2022-03-30 05:02:59,527.83
2022-03-30 05:03:04,527.8
2022-03-30 05:03:09,527.73
2022-03-30 05:03:14,527.67
2022-03-30 05:03:19,527.6
2022-03-30 05:03:24,519.7833797197201
2022-03-30 05:03:29,527.54
2022-03-30 05:03:34,527.45
2022-03-30 05:03:39,519.7896744632159
2022-03-30 05:03:44,527.38
2022-03-30 05:03:49,527.45
2022-03-30 05:03:54,527.32
2022-03-30 05:03:59,527.32
2022-03-30 05:04:04,527.22
2022-03-30 05:04:09,527.22
2022-03-30 05:04:14,527.16
2022-03-30 05:04:19,527.09
2022-03-30 05:04:24,527.1
2022-03-30 05:04:29,527.09
2022-03-30 05:04:34,527.03
2022-03-30 05:04:39,527.03
2022-03-30 05:04:44,527.0
2022-03-30 05:04:49,519.8467452057655
2022-03-30 05:04:54,526.87
2022-03-30 05:04:59,526.87
2022-03-30 05:05:04,526.87
2022-03-30 05:05:09,526.87
2022-03-30 05:05:14,526.87
2022-03-30 05:05:19,526.87
2022-03-30 05:05:24,526.87
2022-03-30 05:05:29,526.81
2022-03-30 05:05:34,526.81
2022-03-30 05:05:39,526.81
2022-03-30 05:05:44,526.81
2022-03-30 05:05:49,526.81
2022-03-30 05:05:54,526.81
2022-03-30 05:05:59,526.77
2022-03-30 05:06:04,526.81
2022-03-30 05:06:09,526.78
2022-03-30 05:06:14,526.77
2022-03-30 05:06:19,526.78
2022-03-30 05:06:24,526.81
2022-03-30 05:06:29,526.77
2022-03-30 05:06:34,526.71
2022-03-30 05:06:39,526.77
2022-03-30 05:06:44,526.78
2022-03-30 05:06:49,526.77
2022-03-30 05:06:54,520.059651891147
2022-03-30 05:06:59,526.71
2022-03-30 05:07:04,526.77
2022-03-30 05:07:09,526.77
2022-03-30 05:07:14,526.77
2022-03-30 05:07:19,526.8
2022-03-30 05:07:24,526.8
2022-03-30 05:07:29,526.8
2022-03-30 05:07:34,526.87
2022-03-30 05:07:39,526.8
2022-03-30 05:07:44,526.86
2022-03-30 05:07:49,526.8
2022-03-30 05:07:54,526.87
2022-03-30 05:07:59,526.86
2022-03-30 05:08:04,520.239296200718
2022-03-30 05:08:09,526.93
2022-03-30 05:08:14,526.93
2022-03-30 05:08:19,526.99
2022-03-30 05:08:24,527.02
2022-03-30 05:08:29,520.3137155222878
2022-03-30 05:08:34,527.08
2022-03-30 05:08:39,527.08
2022-03-30 05:08:44,527.15
2022-03-30 05:08:49,527.21
2022-03-30 05:08:54,527.28
2022-03-30 05:08:59,527.31
2022-03-30 05:09:04,527.43
2022-03-30 05:09:09,527.43
2022-03-30 05:09:14,527.53
2022-03-30 05:09:19,527.53
2022-03-30 05:09:24,520.4961296564377
2022-03-30 05:09:29,527.72
2022-03-30 05:09:34,527.82
2022-03-30 05:09:39,527.82
2022-03-30 05:09:44,527.94
2022-03-30 05:09:49,528.01
2022-03-30 05:09:54,528.04
2022-03-30 05:09:59,528.17
2022-03-30 05:10:04,528.23
2022-03-30 05:10:09,528.32
2022-03-30 05:10:14,528.39
2022-03-30 05:10:19,520.7038517990106
2022-03-30 05:10:24,520.7239739730863
2022-03-30 05:10:29,528.61
2022-03-30 05:10:34,520.7648315524373
2022-03-30 05:10:39,528.8
2022-03-30 05:10:44,528.9
2022-03-30 05:10:49,528.96
2022-03-30 05:10:54,529.06
2022-03-30 05:10:59,529.19
2022-03-30 05:11:04,529.25
2022-03-30 05:11:09,529.35
2022-03-30 05:11:14,529.35
2022-03-30 05:11:19,529.54
2022-03-30 05:11:24,520.9807585795975
2022-03-30 05:11:29,529.7
2022-03-30 05:11:34,529.77
2022-03-30 05:11:39,529.83
2022-03-30 05:11:44,529.92
2022-03-30 05:11:49,529.99
2022-03-30 05:11:54,530.09
2022-03-30 05:11:59,530.21
2022-03-30 05:12:04,530.28
2022-03-30 05:12:09,521.1900919343548
2022-03-30 05:12:14,530.38
2022-03-30 05:12:19,530.5
2022-03-30 05:12:24,530.57
2022-03-30 05:12:29,530.66
2022-03-30 05:12:34,521.3117854746008
2022-03-30 05:12:39,530.79
2022-03-30 05:12:44,521.3614433075243
2022-03-30 05:12:49,531.02
2022-03-30 05:12:54,521.4116295476957
2022-03-30 05:12:59,531.12
2022-03-30 05:13:04,531.18
2022-03-30 05:13:09,531.31
2022-03-30 05:13:14,531.37
2022-03-30 05:13:19,531.47
2022-03-30 05:13:24,531.47
2022-03-30 05:13:29,531.6
2022-03-30 05:13:34,521.6172341683586
2022-03-30 05:13:39,531.83
2022-03-30 05:13:44,531.89
2022-03-30 05:13:49,531.99
2022-03-30 05:13:54,532.05
2022-03-30 05:13:59,532.15
2022-03-30 05:14:04,532.21
2022-03-30 05:14:09,532.34
2022-03-30 05:14:14,532.41
2022-03-30 05:14:19,532.5
2022-03-30 05:14:24,532.57
2022-03-30 05:14:29,532.67
2022-03-30 05:14:34,532.8
2022-03-30 05:14:39,532.86
2022-03-30 05:14:44,532.93
2022-03-30 05:14:49,532.96
2022-03-30 05:14:54,533.09
2022-03-30 05:14:59,522.0748878751789
2022-03-30 05:15:04,533.25
2022-03-30 05:15:09,533.38
2022-03-30 05:15:14,533.44
2022-03-30 05:15:19,533.54
2022-03-30 05:15:24,533.6
2022-03-30 05:15:29,533.7
2022-03-30 05:15:34,533.77
2022-03-30 05:15:39,533.83
2022-03-30 05:15:44,533.96
2022-03-30 05:15:49,534.06
2022-03-30 05:15:54,534.12
2022-03-30 05:15:59,522.4092307013856
2022-03-30 05:16:04,534.29
2022-03-30 05:16:09,522.4654794104322
2022-03-30 05:16:14,534.48
2022-03-30 05:16:19,534.58
2022-03-30 05:16:24,534.64
2022-03-30 05:16:29,534.71
2022-03-30 05:16:34,534.74
2022-03-30 05:16:39,534.8
2022-03-30 05:16:44,534.93
2022-03-30 05:16:49,535.03
2022-03-30 05:16:54,535.03
2022-03-30 05:16:59,535.16
2022-03-30 05:17:04,535.22
2022-03-30 05:17:09,535.32
2022-03-30 05:17:14,522.8324239680605
2022-03-30 05:17:19,522.8606467828251
2022-03-30 05:17:24,522.8888558076036
2022-03-30 05:17:29,535.62
2022-03-30 05:17:34,535.62
2022-03-30 05:17:39,535.68
2022-03-30 05:17:44,535.78
2022-03-30 05:17:49,535.84
2022-03-30 05:17:54,523.0576718221857
2022-03-30 05:17:59,535.97
2022-03-30 05:18:04,536.03
2022-03-30 05:18:09,536.07
2022-03-30 05:18:14,536.13
2022-03-30 05:18:19,536.26
2022-03-30 05:18:24,536.29
2022-03-30 05:18:29,536.36
2022-03-30 05:18:34,536.42
2022-03-30 05:18:39,536.42
2022-03-30 05:18:44,536.49
2022-03-30 05:18:49,536.58
2022-03-30 05:18:54,536.65
2022-03-30 05:18:59,536.65
2022-03-30 05:19:04,536.72
2022-03-30 05:19:09,536.71
2022-03-30 05:19:14,536.78
2022-03-30 05:19:19,523.5277564115559
2022-03-30 05:19:24,536.81
2022-03-30 05:19:29,536.88
2022-03-30 05:19:34,536.94
2022-03-30 05:19:39,536.95
2022-03-30 05:19:44,537.01
2022-03-30 05:19:49,537.01
2022-03-30 05:19:54,537.11
2022-03-30 05:19:59,537.07
2022-03-30 05:20:04,537.11
2022-03-30 05:20:09,523.7946563190128
2022-03-30 05:20:14,537.17
2022-03-30 05:20:19,537.17
2022-03-30 05:20:24,537.17
2022-03-30 05:20:29,537.17
2022-03-30 05:20:34,537.24
2022-03-30 05:20:39,537.31
2022-03-30 05:20:44,537.31
2022-03-30 05:20:49,537.31
2022-03-30 05:20:54,537.31
2022-03-30 05:20:59,537.31
2022-03-30 05:21:04,537.31
2022-03-30 05:21:09,524.1009777321625
2022-03-30 05:21:14,537.31
2022-03-30 05:21:19,537.31
2022-03-30 05:21:24,537.31
2022-03-30 05:21:29,537.31
2022-03-30 05:21:34,537.31
2022-03-30 05:21:39,537.25
2022-03-30 05:21:44,537.25
2022-03-30 05:21:49,537.19
2022-03-30 05:21:54,537.19
2022-03-30 05:21:59,537.25
2022-03-30 05:22:04,537.19
2022-03-30 05:22:09,537.19
2022-03-30 05:22:14,537.13
2022-03-30 05:22:19,537.13
2022-03-30 05:22:24,524.4558411138427
2022-03-30 05:22:29,537.1
2022-03-30 05:22:34,537.1
2022-03-30 05:22:39,537.1
2022-03-30 05:22:44,537.03
2022-03-30 05:22:49,537.03
2022-03-30 05:22:54,536.97
2022-03-30 05:22:59,536.91
2022-03-30 05:23:04,536.9
2022-03-30 05:23:09,536.91
2022-03-30 05:23:14,536.91
2022-03-30 05:23:19,536.91
2022-03-30 05:23:24,536.85
2022-03-30 05:23:29,536.85
2022-03-30 05:23:34,536.85
2022-03-30 05:23:39,536.82
2022-03-30 05:23:44,524.7905946556663
2022-03-30 05:23:49,536.82
2022-03-30 05:23:54,536.75
2022-03-30 05:23:59,536.75
2022-03-30 05:24:04,536.75
2022-03-30 05:24:09,536.76
2022-03-30 05:24:14,536.76
2022-03-30 05:24:19,536.63
2022-03-30 05:24:24,536.69
2022-03-30 05:24:29,536.63
2022-03-30 05:24:34,536.63
2022-03-30 05:24:39,536.6
2022-03-30 05:24:44,536.6
2022-03-30 05:24:49,536.6
2022-03-30 05:24:54,536.6
2022-03-30 05:24:59,536.6
2022-03-30 05:25:04,536.6
2022-03-30 05:25:09,536.6
2022-03-30 05:25:14,525.1003607922615
2022-03-30 05:25:19,536.6
2022-03-30 05:25:24,536.63
2022-03-30 05:25:29,536.63
2022-03-30 05:25:34,536.63
2022-03-30 05:25:39,536.63
2022-03-30 05:25:44,536.7
2022-03-30 05:25:49,536.69
2022-03-30 05:25:54,536.69
2022-03-30 05:25:59,536.76
2022-03-30 05:26:04,536.76
2022-03-30 05:26:09,536.76
2022-03-30 05:26:14,536.82
2022-03-30 05:26:19,536.82
2022-03-30 05:26:24,536.85
2022-03-30 05:26:29,536.85
2022-03-30 05:26:34,536.85
2022-03-30 05:26:39,536.92
2022-03-30 05:26:44,536.98
2022-03-30 05:26:49,536.98
2022-03-30 05:26:54,537.05
2022-03-30 05:26:59,537.11
2022-03-30 05:27:04,537.11
2022-03-30 05:27:09,537.11
2022-03-30 05:27:14,537.2
2022-03-30 05:27:19,537.14
2022-03-30 05:27:24,537.27
2022-03-30 05:27:29,537.33
2022-03-30 05:27:34,537.36
2022-03-30 05:27:39,525.4498841017962
2022-03-30 05:27:44,537.43
2022-03-30 05:27:49,537.49
2022-03-30 05:27:54,525.4769556469296
2022-03-30 05:27:59,537.55
2022-03-30 05:28:04,537.62
2022-03-30 05:28:09,537.62
2022-03-30 05:28:14,537.62
2022-03-30 05:28:19,537.65
2022-03-30 05:28:24,537.65
2022-03-30 05:28:29,537.65
2022-03-30 05:28:34,537.65
2022-03-30 05:28:39,537.71
2022-03-30 05:28:44,537.71
2022-03-30 05:28:49,525.563748179175
2022-03-30 05:28:54,537.64
2022-03-30 05:28:59,537.64
2022-03-30 05:29:04,537.71
2022-03-30 05:29:09,537.64
2022-03-30 05:29:14,537.64
2022-03-30 05:29:19,537.64
2022-03-30 05:29:24,537.64
2022-03-30 05:29:29,537.61
2022-03-30 05:29:34,537.61
2022-03-30 05:29:39,525.627248871044
2022-03-30 05:29:44,525.6328691424576
2022-03-30 05:29:49,537.54
2022-03-30 05:29:54,537.54
2022-03-30 05:29:59,537.48
2022-03-30 05:30:04,537.42
2022-03-30 05:30:09,537.42
2022-03-30 05:30:14,537.42
2022-03-30 05:30:19,537.35
2022-03-30 05:30:24,537.32
2022-03-30 05:30:29,537.32
2022-03-30 05:30:34,537.32
2022-03-30 05:30:39,537.26
2022-03-30 05:30:44,525.6911034831103
2022-03-30 05:30:49,537.19
2022-03-30 05:30:54,537.26
2022-03-30 05:30:59,537.19
2022-03-30 05:31:04,537.19
2022-03-30 05:31:09,537.19
2022-03-30 05:31:14,525.7144977623981
2022-03-30 05:31:19,537.19
2022-03-30 05:31:24,537.13
2022-03-30 05:31:29,537.19
2022-03-30 05:31:34,525.7282541892649
2022-03-30 05:31:39,537.19
2022-03-30 05:31:44,537.19
2022-03-30 05:31:49,537.19
2022-03-30 05:31:54,525.7406812675546
2022-03-30 05:31:59,537.26
2022-03-30 05:32:04,537.26
2022-03-30 05:32:09,537.32
2022-03-30 05:32:14,537.32
2022-03-30 05:32:19,537.36
2022-03-30 05:32:24,537.36
2022-03-30 05:32:29,537.42
2022-03-30 05:32:34,537.42
2022-03-30 05:32:39,537.49
2022-03-30 05:32:44,537.49
2022-03-30 05:32:49,537.62
2022-03-30 05:32:54,525.7712074870994
2022-03-30 05:32:59,525.7733642433748
2022-03-30 05:33:04,537.78
2022-03-30 05:33:09,525.7775277155032
2022-03-30 05:33:14,537.94
2022-03-30 05:33:19,525.781503853279
2022-03-30 05:33:24,538.0
2022-03-30 05:33:29,538.07
2022-03-30 05:33:34,538.13
2022-03-30 05:33:39,538.23
2022-03-30 05:33:44,538.29
2022-03-30 05:33:49,538.39
2022-03-30 05:33:54,538.39
2022-03-30 05:33:59,538.46
2022-03-30 05:34:04,538.58
2022-03-30 05:34:09,538.65
2022-03-30 05:34:14,538.68
2022-03-30 05:34:19,538.81
2022-03-30 05:34:24,538.87
2022-03-30 05:34:29,538.91
2022-03-30 05:34:34,539.04
2022-03-30 05:34:39,539.16
2022-03-30 05:34:44,539.2
2022-03-30 05:34:49,539.32
2022-03-30 05:34:54,539.39
2022-03-30 05:34:59,539.49
2022-03-30 05:35:04,539.55
2022-03-30 05:35:09,539.61
2022-03-30 05:35:14,539.71
2022-03-30 05:35:19,539.77
2022-03-30 05:35:24,539.9
2022-03-30 05:35:29,539.93
2022-03-30 05:35:34,525.8245649002223
2022-03-30 05:35:39,540.19
2022-03-30 05:35:44,525.8275399202715
2022-03-30 05:35:49,540.29
2022-03-30 05:35:54,540.41
2022-03-30 05:35:59,540.51
2022-03-30 05:36:04,540.57
2022-03-30 05:36:09,540.64
2022-03-30 05:36:14,540.7
2022-03-30 05:36:19,540.86
2022-03-30 05:36:24,540.93
2022-03-30 05:36:29,541.02
2022-03-30 05:36:34,541.08
2022-03-30 05:36:39,541.15
2022-03-30 05:36:44,541.25
2022-03-30 05:36:49,541.31
2022-03-30 05:36:54,525.8505987900892
2022-03-30 05:36:59,541.47
2022-03-30 05:37:04,541.53
2022-03-30 05:37:09,541.66
2022-03-30 05:37:14,541.72
2022-03-30 05:37:19,541.76
2022-03-30 05:37:24,541.82
2022-03-30 05:37:29,541.88
2022-03-30 05:37:34,541.95
2022-03-30 05:37:39,541.94
2022-03-30 05:37:44,542.04
2022-03-30 05:37:49,542.11
2022-03-30 05:37:54,542.17
2022-03-30 05:37:59,542.23
2022-03-30 05:38:04,542.26
2022-03-30 05:38:09,542.33
2022-03-30 05:38:14,525.8866226518786
2022-03-30 05:38:19,542.49
2022-03-30 05:38:24,542.48
2022-03-30 05:38:29,542.55
2022-03-30 05:38:34,525.8981053575432
2022-03-30 05:38:39,542.54
2022-03-30 05:38:44,542.67
2022-03-30 05:38:49,542.74
2022-03-30 05:38:54,542.74
2022-03-30 05:38:59,542.76
2022-03-30 05:39:04,542.77
2022-03-30 05:39:09,542.83
2022-03-30 05:39:14,542.76
2022-03-30 05:39:19,542.83
2022-03-30 05:39:24,542.83
2022-03-30 05:39:29,542.83
2022-03-30 05:39:34,542.83
2022-03-30 05:39:39,542.89
2022-03-30 05:39:44,525.9474766563177
2022-03-30 05:39:49,542.83
2022-03-30 05:39:54,542.83
2022-03-30 05:39:59,542.83
2022-03-30 05:40:04,542.76
2022-03-30 05:40:09,542.76
2022-03-30 05:40:14,542.73
2022-03-30 05:40:19,542.66
2022-03-30 05:40:24,542.67
2022-03-30 05:40:29,542.54
2022-03-30 05:40:34,542.47
2022-03-30 05:40:39,542.47
2022-03-30 05:40:44,542.37
2022-03-30 05:40:49,542.31
2022-03-30 05:40:54,542.22
2022-03-30 05:40:59,542.08
2022-03-30 05:41:04,542.02
2022-03-30 05:41:09,541.92
2022-03-30 05:41:14,541.79
2022-03-30 05:41:19,541.63
2022-03-30 05:41:24,541.57
2022-03-30 05:41:29,541.44
2022-03-30 05:41:34,541.34
2022-03-30 05:41:39,541.18
2022-03-30 05:41:44,541.12
2022-03-30 05:41:49,526.0608950258893
2022-03-30 05:41:54,540.9
2022-03-30 05:41:59,540.7
2022-03-30 05:42:04,540.67
2022-03-30 05:42:09,540.54
2022-03-30 05:42:14,540.38
2022-03-30 05:42:19,540.25
2022-03-30 05:42:24,540.19
2022-03-30 05:42:29,540.09
2022-03-30 05:42:34,539.96
2022-03-30 05:42:39,539.87
2022-03-30 05:42:44,539.74
2022-03-30 05:42:49,539.68
2022-03-30 05:42:54,539.52
2022-03-30 05:42:59,539.38
2022-03-30 05:43:04,539.35
2022-03-30 05:43:09,526.140893781228
2022-03-30 05:43:14,539.13
2022-03-30 05:43:19,538.94
2022-03-30 05:43:24,538.84
2022-03-30 05:43:29,538.71
2022-03-30 05:43:34,538.65
2022-03-30 05:43:39,538.55
2022-03-30 05:43:44,538.36
2022-03-30 05:43:49,538.33
2022-03-30 05:43:54,538.2
2022-03-30 05:43:59,538.1
2022-03-30 05:44:04,538.04
2022-03-30 05:44:09,537.97
2022-03-30 05:44:14,537.85
2022-03-30 05:44:19,526.2095029405888
2022-03-30 05:44:24,537.75
2022-03-30 05:44:29,537.62
2022-03-30 05:44:34,537.59
2022-03-30 05:44:39,537.53
2022-03-30 05:44:44,537.46
2022-03-30 05:44:49,537.33
2022-03-30 05:44:54,537.3
2022-03-30 05:44:59,526.2463496901391
2022-03-30 05:45:04,526.2507799571437
2022-03-30 05:45:09,537.11
2022-03-30 05:45:14,526.2595059126025
2022-03-30 05:45:19,537.02
2022-03-30 05:45:24,536.89
2022-03-30 05:45:29,526.2722344983831
2022-03-30 05:45:34,526.2763748940591
2022-03-30 05:45:39,526.2804614009395
2022-03-30 05:45:44,536.73
2022-03-30 05:45:49,536.66
2022-03-30 05:45:54,536.66
2022-03-30 05:45:59,536.6
2022-03-30 05:46:04,536.6
2022-03-30 05:46:09,536.57
2022-03-30 05:46:14,536.57
2022-03-30 05:46:19,536.57
2022-03-30 05:46:24,536.51
2022-03-30 05:46:29,536.51
2022-03-30 05:46:34,536.51
2022-03-30 05:46:39,536.44
2022-03-30 05:46:44,536.38
2022-03-30 05:46:49,536.38
2022-03-30 05:46:54,536.38
2022-03-30 05:46:59,536.38
2022-03-30 05:47:04,536.32
2022-03-30 05:47:09,536.32
2022-03-30 05:47:14,536.32
2022-03-30 05:47:19,536.28
2022-03-30 05:47:24,536.28
2022-03-30 05:47:29,536.28
2022-03-30 05:47:34,536.22
2022-03-30 05:47:39,536.29
2022-03-30 05:47:44,536.22
2022-03-30 05:47:49,536.22
2022-03-30 05:47:54,536.22
2022-03-30 05:47:59,536.22
2022-03-30 05:48:04,536.16
2022-03-30 05:48:09,536.16
2022-03-30 05:48:14,536.16
2022-03-30 05:48:19,536.16
2022-03-30 05:48:24,536.16
2022-03-30 05:48:29,536.1
2022-03-30 05:48:34,526.3771584656056
2022-03-30 05:48:39,526.3782437699955
2022-03-30 05:48:44,536.1
2022-03-30 05:48:49,536.1
2022-03-30 05:48:54,536.06
2022-03-30 05:48:59,536.07
2022-03-30 05:49:04,526.3819457537605
2022-03-30 05:49:09,536.07
2022-03-30 05:49:14,536.1
2022-03-30 05:49:19,536.07
2022-03-30 05:49:24,536.07
2022-03-30 05:49:29,536.01
2022-03-30 05:49:34,536.07
2022-03-30 05:49:39,536.01
2022-03-30 05:49:44,526.3815038631536
2022-03-30 05:49:49,536.01
2022-03-30 05:49:54,526.3800896695027
2022-03-30 05:49:59,526.3791782508155
2022-03-30 05:50:04,536.01
2022-03-30 05:50:09,536.08
2022-03-30 05:50:14,536.01
2022-03-30 05:50:19,536.01
2022-03-30 05:50:24,536.01
2022-03-30 05:50:29,536.02
2022-03-30 05:50:34,536.08
2022-03-30 05:50:39,536.08
2022-03-30 05:50:44,536.08
2022-03-30 05:50:49,536.08
2022-03-30 05:50:54,526.3596717154662
2022-03-30 05:50:59,526.3569950629063
2022-03-30 05:51:04,526.3541609504094
2022-03-30 05:51:09,536.12
2022-03-30 05:51:14,536.12
2022-03-30 05:51:19,536.12
2022-03-30 05:51:24,536.12
2022-03-30 05:51:29,536.19
2022-03-30 05:51:34,536.12
2022-03-30 05:51:39,526.329779438918
2022-03-30 05:51:44,536.12
2022-03-30 05:51:49,536.09
2022-03-30 05:51:54,536.13
2022-03-30 05:51:59,536.09
2022-03-30 05:52:04,536.1
2022-03-30 05:52:09,536.1
2022-03-30 05:52:14,536.03
2022-03-30 05:52:19,536.03
2022-03-30 05:52:24,535.97
2022-03-30 05:52:29,535.97
2022-03-30 05:52:34,526.2744047977916
2022-03-30 05:52:39,535.9
2022-03-30 05:52:44,535.9
2022-03-30 05:52:49,535.9
2022-03-30 05:52:54,535.84
2022-03-30 05:52:59,535.84
2022-03-30 05:53:04,535.81
2022-03-30 05:53:09,535.84
2022-03-30 05:53:14,535.81
2022-03-30 05:53:19,535.81
2022-03-30 05:53:24,535.81
2022-03-30 05:53:29,535.81
2022-03-30 05:53:34,535.81
2022-03-30 05:53:39,535.84
2022-03-30 05:53:44,535.81
2022-03-30 05:53:49,535.81
2022-03-30 05:53:54,535.84
2022-03-30 05:53:59,535.9
2022-03-30 05:54:04,535.84
2022-03-30 05:54:09,535.9
2022-03-30 05:54:14,535.84
2022-03-30 05:54:19,535.81
2022-03-30 05:54:24,526.0979059927758
2022-03-30 05:54:29,535.81
2022-03-30 05:54:34,535.74
2022-03-30 05:54:39,535.81
2022-03-30 05:54:44,535.75
2022-03-30 05:54:49,535.75
2022-03-30 05:54:54,535.68
2022-03-30 05:54:59,526.0250406078218
2022-03-30 05:55:04,535.61
2022-03-30 05:55:09,535.58
2022-03-30 05:55:14,525.9916188636082
2022-03-30 05:55:19,535.58
2022-03-30 05:55:24,535.61
2022-03-30 05:55:29,535.58
2022-03-30 05:55:34,535.58
2022-03-30 05:55:39,535.58
2022-03-30 05:55:44,535.58
2022-03-30 05:55:49,535.58
2022-03-30 05:55:54,535.58
2022-03-30 05:55:59,535.58
2022-03-30 05:56:04,535.58
2022-03-30 05:56:09,535.51
2022-03-30 05:56:14,535.51
2022-03-30 05:56:19,535.51
2022-03-30 05:56:24,535.58
2022-03-30 05:56:29,535.51
2022-03-30 05:56:34,535.57
2022-03-30 05:56:39,535.57
2022-03-30 05:56:44,535.57
2022-03-30 05:56:49,535.57
2022-03-30 05:56:54,535.57
2022-03-30 05:56:59,535.57
2022-03-30 05:57:04,535.57
2022-03-30 05:57:09,535.57
2022-03-30 05:57:14,535.57
2022-03-30 05:57:19,535.57
2022-03-30 05:57:24,535.67
2022-03-30 05:57:29,535.6
2022-03-30 05:57:34,535.66
2022-03-30 05:57:39,535.73
2022-03-30 05:57:44,535.73
2022-03-30 05:57:49,535.79
2022-03-30 05:57:54,535.8
2022-03-30 05:57:59,535.83
2022-03-30 05:58:04,535.89
2022-03-30 05:58:09,525.521613554575
2022-03-30 05:58:14,536.02
2022-03-30 05:58:19,536.08
2022-03-30 05:58:24,536.11
2022-03-30 05:58:29,536.18
2022-03-30 05:58:34,536.18
2022-03-30 05:58:39,536.31
2022-03-30 05:58:44,536.34
2022-03-30 05:58:49,536.41
2022-03-30 05:58:54,536.41
2022-03-30 05:58:59,525.366426619215
2022-03-30 05:59:04,536.6
2022-03-30 05:59:09,536.63
2022-03-30 05:59:14,536.76
2022-03-30 05:59:19,536.83
2022-03-30 05:59:24,536.92
2022-03-30 05:59:29,536.99
2022-03-30 05:59:34,537.05
2022-03-30 05:59:39,537.15
2022-03-30 05:59:44,525.2214655836536
2022-03-30 05:59:49,537.28
2022-03-30 05:59:54,537.34
2022-03-30 05:59:59,537.44
2022-03-30 06:00:04,537.5
2022-03-30 06:00:09,537.51
2022-03-30 06:00:14,537.67
2022-03-30 06:00:19,537.67
2022-03-30 06:00:24,525.0894552972735
2022-03-30 06:00:29,537.86
2022-03-30 06:00:34,537.89
2022-03-30 06:00:39,537.96
2022-03-30 06:00:44,538.02
2022-03-30 06:00:49,538.02
2022-03-30 06:00:54,524.9890525296214
2022-03-30 06:00:59,538.19
2022-03-30 06:01:04,538.19
2022-03-30 06:01:09,538.25
2022-03-30 06:01:14,524.9216595973237
2022-03-30 06:01:19,538.38
2022-03-30 06:01:24,538.38
2022-03-30 06:01:29,538.48
2022-03-30 06:01:34,538.48
2022-03-30 06:01:39,538.54
2022-03-30 06:01:44,538.61
2022-03-30 06:01:49,538.67
2022-03-30 06:01:54,538.67
2022-03-30 06:01:59,538.71
2022-03-30 06:02:04,538.83
2022-03-30 06:02:09,524.7354348545099
2022-03-30 06:02:14,538.9
2022-03-30 06:02:19,538.9
2022-03-30 06:02:24,538.93
2022-03-30 06:02:29,539.0
2022-03-30 06:02:34,539.06
2022-03-30 06:02:39,539.13
2022-03-30 06:02:44,539.13
2022-03-30 06:02:49,539.22
2022-03-30 06:02:54,539.29
2022-03-30 06:02:59,539.29
2022-03-30 06:03:04,539.35
2022-03-30 06:03:09,539.41
2022-03-30 06:03:14,539.45
2022-03-30 06:03:19,539.51
2022-03-30 06:03:24,539.58
2022-03-30 06:03:29,539.64
2022-03-30 06:03:34,539.7
2022-03-30 06:03:39,539.74
2022-03-30 06:03:44,524.4162447797432
2022-03-30 06:03:49,539.87
2022-03-30 06:03:54,539.87
2022-03-30 06:03:59,524.3667572796901
2022-03-30 06:04:04,539.93
2022-03-30 06:04:09,540.03
2022-03-30 06:04:14,524.3176473139978
2022-03-30 06:04:19,540.16
2022-03-30 06:04:24,540.16
2022-03-30 06:04:29,540.25
2022-03-30 06:04:34,540.25
2022-03-30 06:04:39,540.31
2022-03-30 06:04:44,540.38
2022-03-30 06:04:49,524.2047866483605
2022-03-30 06:04:54,540.54
2022-03-30 06:04:59,540.6
2022-03-30 06:05:04,540.66
2022-03-30 06:05:09,540.73
2022-03-30 06:05:14,540.89
2022-03-30 06:05:19,540.95
2022-03-30 06:05:24,540.99
2022-03-30 06:05:29,524.0793871375307
2022-03-30 06:05:34,541.18
2022-03-30 06:05:39,541.28
2022-03-30 06:05:44,541.4
2022-03-30 06:05:49,541.5
2022-03-30 06:05:54,541.63
2022-03-30 06:05:59,541.76
2022-03-30 06:06:04,541.85
2022-03-30 06:06:09,541.92
2022-03-30 06:06:14,523.9439358651587
2022-03-30 06:06:19,542.14
2022-03-30 06:06:24,542.3
2022-03-30 06:06:29,542.36
2022-03-30 06:06:34,523.8859597230464
2022-03-30 06:06:39,542.65
2022-03-30 06:06:44,542.78
2022-03-30 06:06:49,542.94
2022-03-30 06:06:54,543.04
2022-03-30 06:06:59,543.16
2022-03-30 06:07:04,543.29
2022-03-30 06:07:09,543.39
2022-03-30 06:07:14,543.55
2022-03-30 06:07:19,543.61
2022-03-30 06:07:24,543.8
2022-03-30 06:07:29,543.84
2022-03-30 06:07:34,543.96
2022-03-30 06:07:39,544.03
2022-03-30 06:07:44,544.13
2022-03-30 06:07:49,544.25
2022-03-30 06:07:54,544.35
2022-03-30 06:07:59,544.42
2022-03-30 06:08:04,544.48
2022-03-30 06:08:09,544.54
2022-03-30 06:08:14,544.58
2022-03-30 06:08:19,544.58
2022-03-30 06:08:24,544.64
2022-03-30 06:08:29,544.58
2022-03-30 06:08:34,544.64
2022-03-30 06:08:39,544.64
2022-03-30 06:08:44,544.57
2022-03-30 06:08:49,544.58
2022-03-30 06:08:54,544.54
2022-03-30 06:08:59,544.54
2022-03-30 06:09:04,544.54
2022-03-30 06:09:09,544.48
2022-03-30 06:09:14,544.42
2022-03-30 06:09:19,544.32
2022-03-30 06:09:24,544.25
2022-03-30 06:09:29,544.13
2022-03-30 06:09:34,544.06
2022-03-30 06:09:39,543.96
2022-03-30 06:09:44,543.8
2022-03-30 06:09:49,543.67
2022-03-30 06:09:54,543.55
2022-03-30 06:09:59,543.39
2022-03-30 06:10:04,543.23
2022-03-30 06:10:09,543.03
2022-03-30 06:10:14,542.87
2022-03-30 06:10:19,542.65
2022-03-30 06:10:24,542.48
2022-03-30 06:10:29,542.26
2022-03-30 06:10:34,542.0
2022-03-30 06:10:39,541.78
2022-03-30 06:10:44,541.49
2022-03-30 06:10:49,541.27
2022-03-30 06:10:54,541.04
2022-03-30 06:10:59,540.75
2022-03-30 06:11:04,540.53
2022-03-30 06:11:09,540.24
2022-03-30 06:11:14,539.95
2022-03-30 06:11:19,539.63
2022-03-30 06:11:24,539.4
2022-03-30 06:11:29,539.05
2022-03-30 06:11:34,523.2870628500605
2022-03-30 06:11:39,538.6
2022-03-30 06:11:44,538.25
2022-03-30 06:11:49,537.96
2022-03-30 06:11:54,537.63
2022-03-30 06:11:59,537.38
2022-03-30 06:12:04,537.06
2022-03-30 06:12:09,523.264398347356
2022-03-30 06:12:14,536.48
2022-03-30 06:12:19,536.19
2022-03-30 06:12:24,535.9
2022-03-30 06:12:29,535.68
2022-03-30 06:12:34,535.39
2022-03-30 06:12:39,535.16
2022-03-30 06:12:44,534.87
2022-03-30 06:12:49,534.65
2022-03-30 06:12:54,534.36
2022-03-30 06:12:59,534.13
2022-03-30 06:13:04,533.84
2022-03-30 06:13:09,533.62
2022-03-30 06:13:14,533.46
2022-03-30 06:13:19,533.23
2022-03-30 06:13:24,533.01
2022-03-30 06:13:29,532.81
2022-03-30 06:13:34,532.59
2022-03-30 06:13:39,532.43
2022-03-30 06:13:44,532.24
2022-03-30 06:13:49,523.2740531177728
2022-03-30 06:13:54,531.85
2022-03-30 06:13:59,531.69
2022-03-30 06:14:04,531.5
2022-03-30 06:14:09,531.4
2022-03-30 06:14:14,531.21
2022-03-30 06:14:19,531.05
2022-03-30 06:14:24,530.89
2022-03-30 06:14:29,530.83
2022-03-30 06:14:34,530.67
2022-03-30 06:14:39,530.54
2022-03-30 06:14:44,530.44
2022-03-30 06:14:49,530.31
2022-03-30 06:14:54,530.15
2022-03-30 06:14:59,530.15
2022-03-30 06:15:04,523.3630517900334
2022-03-30 06:15:09,530.03
2022-03-30 06:15:14,529.93
2022-03-30 06:15:19,529.8
2022-03-30 06:15:24,529.8
2022-03-30 06:15:29,529.74
2022-03-30 06:15:34,523.4204786614097
2022-03-30 06:15:39,529.58
2022-03-30 06:15:44,523.4425497999889
2022-03-30 06:15:49,529.51
2022-03-30 06:15:54,529.45
2022-03-30 06:15:59,529.42
2022-03-30 06:16:04,523.4912083084804
2022-03-30 06:16:09,529.42
2022-03-30 06:16:14,529.35
2022-03-30 06:16:19,529.35
2022-03-30 06:16:24,529.29
2022-03-30 06:16:29,529.29
2022-03-30 06:16:34,529.29
2022-03-30 06:16:39,529.29
2022-03-30 06:16:44,529.29
2022-03-30 06:16:49,529.29
2022-03-30 06:16:54,529.23
2022-03-30 06:16:59,529.23
2022-03-30 06:17:04,529.17
2022-03-30 06:17:09,523.6927281519777
2022-03-30 06:17:14,529.13
2022-03-30 06:17:19,529.07
2022-03-30 06:17:24,529.01
2022-03-30 06:17:29,529.01
2022-03-30 06:17:34,529.01
2022-03-30 06:17:39,529.01
2022-03-30 06:17:44,528.95
2022-03-30 06:17:49,528.92
2022-03-30 06:17:54,528.92
2022-03-30 06:17:59,528.85
2022-03-30 06:18:04,528.85
2022-03-30 06:18:09,528.79
2022-03-30 06:18:14,528.73
2022-03-30 06:18:19,528.73
2022-03-30 06:18:24,528.66
2022-03-30 06:18:29,528.67
2022-03-30 06:18:34,528.63
2022-03-30 06:18:39,528.64
2022-03-30 06:18:44,528.57
2022-03-30 06:18:49,528.51
2022-03-30 06:18:54,528.51
2022-03-30 06:18:59,528.51
2022-03-30 06:19:04,528.45
2022-03-30 06:19:09,528.51
2022-03-30 06:19:14,528.51
2022-03-30 06:19:19,528.51
2022-03-30 06:19:24,528.51
2022-03-30 06:19:29,528.51
2022-03-30 06:19:34,528.51
2022-03-30 06:19:39,528.51
2022-03-30 06:19:44,528.58
2022-03-30 06:19:49,528.58
2022-03-30 06:19:54,524.5346488626774
2022-03-30 06:19:59,528.68
2022-03-30 06:20:04,528.68
2022-03-30 06:20:09,528.74
2022-03-30 06:20:14,528.81
2022-03-30 06:20:19,528.94
2022-03-30 06:20:24,528.97
2022-03-30 06:20:29,529.04
2022-03-30 06:20:34,529.1
2022-03-30 06:20:39,529.16
2022-03-30 06:20:44,529.26
2022-03-30 06:20:49,529.33
2022-03-30 06:20:54,529.39
2022-03-30 06:20:59,529.49
2022-03-30 06:21:04,529.62
2022-03-30 06:21:09,529.71
2022-03-30 06:21:14,529.78
2022-03-30 06:21:19,525.1760630125871
2022-03-30 06:21:24,530.07
2022-03-30 06:21:29,530.2
2022-03-30 06:21:34,525.3048344829267
2022-03-30 06:21:39,530.49
2022-03-30 06:21:44,530.58
2022-03-30 06:21:49,530.72
2022-03-30 06:21:54,530.81
2022-03-30 06:21:59,531.0
2022-03-30 06:22:04,531.16
2022-03-30 06:22:09,531.26
2022-03-30 06:22:14,531.45
2022-03-30 06:22:19,531.55
2022-03-30 06:22:24,531.74
2022-03-30 06:22:29,531.9
2022-03-30 06:22:34,532.06
2022-03-30 06:22:39,532.19
2022-03-30 06:22:44,532.35
2022-03-30 06:22:49,526.0129785882787
2022-03-30 06:22:54,532.71
2022-03-30 06:22:59,532.93
2022-03-30 06:23:04,533.09
2022-03-30 06:23:09,533.32
2022-03-30 06:23:14,533.58
2022-03-30 06:23:19,533.74
2022-03-30 06:23:24,533.96
2022-03-30 06:23:29,534.12
2022-03-30 06:23:34,534.35
2022-03-30 06:23:39,534.6
2022-03-30 06:23:44,534.83
2022-03-30 06:23:49,534.99
2022-03-30 06:23:54,535.21
2022-03-30 06:23:59,535.51
2022-03-30 06:24:04,535.66
2022-03-30 06:24:09,535.89
2022-03-30 06:24:14,536.15
2022-03-30 06:24:19,536.31
2022-03-30 06:24:24,536.6
2022-03-30 06:24:29,536.76
2022-03-30 06:24:34,536.92
2022-03-30 06:24:39,537.2
2022-03-30 06:24:44,537.4
2022-03-30 06:24:49,537.62
2022-03-30 06:24:54,537.85
2022-03-30 06:24:59,538.07
2022-03-30 06:25:04,527.5172153362375
2022-03-30 06:25:09,538.43
2022-03-30 06:25:14,538.59
2022-03-30 06:25:19,538.81
2022-03-30 06:25:24,538.97
2022-03-30 06:25:29,539.23
2022-03-30 06:25:34,539.39
2022-03-30 06:25:39,539.55
2022-03-30 06:25:44,539.75
2022-03-30 06:25:49,539.91
2022-03-30 06:25:54,540.07
2022-03-30 06:25:59,540.29
2022-03-30 06:26:04,540.42
2022-03-30 06:26:09,540.58
2022-03-30 06:26:14,528.3879306370984
2022-03-30 06:26:19,540.87
2022-03-30 06:26:24,541.0
2022-03-30 06:26:29,541.16
2022-03-30 06:26:34,541.29
2022-03-30 06:26:39,528.7104564428402
2022-03-30 06:26:44,541.45
2022-03-30 06:26:49,541.55
2022-03-30 06:26:54,541.61
2022-03-30 06:26:59,541.74
2022-03-30 06:27:04,541.74
2022-03-30 06:27:09,541.81
2022-03-30 06:27:14,541.9
2022-03-30 06:27:19,541.9
2022-03-30 06:27:24,541.9
2022-03-30 06:27:29,541.9
2022-03-30 06:27:34,541.9
2022-03-30 06:27:39,529.5043234833223
2022-03-30 06:27:44,541.97
2022-03-30 06:27:49,541.97
2022-03-30 06:27:54,541.91
2022-03-30 06:27:59,541.91
2022-03-30 06:28:04,529.8418720925004
2022-03-30 06:28:09,541.91
2022-03-30 06:28:14,541.84
2022-03-30 06:28:19,541.81
2022-03-30 06:28:24,541.81
2022-03-30 06:28:29,541.75
2022-03-30 06:28:34,541.69
2022-03-30 06:28:39,541.69
2022-03-30 06:28:44,530.3881742149337
2022-03-30 06:28:49,541.56
2022-03-30 06:28:54,541.53
2022-03-30 06:28:59,541.46
2022-03-30 06:29:04,541.4
2022-03-30 06:29:09,541.3
2022-03-30 06:29:14,541.3
2022-03-30 06:29:19,530.8708091064675
2022-03-30 06:29:24,541.04
2022-03-30 06:29:29,541.01
2022-03-30 06:29:34,541.01
2022-03-30 06:29:39,531.1478744007444
2022-03-30 06:29:44,531.2172379555998
2022-03-30 06:29:49,540.66
2022-03-30 06:29:54,531.356048469596
2022-03-30 06:29:59,540.37
2022-03-30 06:30:04,540.27
2022-03-30 06:30:09,540.14
2022-03-30 06:30:14,540.14
2022-03-30 06:30:19,539.98
2022-03-30 06:30:24,539.85
2022-03-30 06:30:29,531.8422619147368
2022-03-30 06:30:34,531.9117054287794
2022-03-30 06:30:39,539.5
2022-03-30 06:30:44,539.4
2022-03-30 06:30:49,539.27
2022-03-30 06:30:54,539.17
2022-03-30 06:30:59,539.05
2022-03-30 06:31:04,538.95
2022-03-30 06:31:09,538.89
2022-03-30 06:31:14,538.73
2022-03-30 06:31:19,538.66
2022-03-30 06:31:24,532.6043581665108
2022-03-30 06:31:29,538.37
2022-03-30 06:31:34,538.3
2022-03-30 06:31:39,538.08
2022-03-30 06:31:44,538.02
2022-03-30 06:31:49,537.92
2022-03-30 06:31:54,537.72
2022-03-30 06:31:59,537.62
2022-03-30 06:32:04,537.5
2022-03-30 06:32:09,537.4
2022-03-30 06:32:14,537.27
2022-03-30 06:32:19,537.18
2022-03-30 06:32:24,536.98
2022-03-30 06:32:29,536.92
2022-03-30 06:32:34,536.75
2022-03-30 06:32:39,536.69
2022-03-30 06:32:44,536.59
2022-03-30 06:32:49,536.46
2022-03-30 06:32:54,536.37
2022-03-30 06:32:59,536.24
2022-03-30 06:33:04,536.17
2022-03-30 06:33:09,536.07
2022-03-30 06:33:14,535.94
2022-03-30 06:33:19,535.85
2022-03-30 06:33:24,535.78
2022-03-30 06:33:29,535.65
2022-03-30 06:33:34,535.55
2022-03-30 06:33:39,535.55
2022-03-30 06:33:44,535.42
2022-03-30 06:33:49,535.33
2022-03-30 06:33:54,535.33
2022-03-30 06:33:59,534.688696491151
2022-03-30 06:34:04,535.1
2022-03-30 06:34:09,535.03
2022-03-30 06:34:14,534.97
2022-03-30 06:34:19,534.9
2022-03-30 06:34:24,534.9
2022-03-30 06:34:29,534.84
2022-03-30 06:34:34,534.8
2022-03-30 06:34:39,534.8
2022-03-30 06:34:44,534.74
2022-03-30 06:34:49,534.67
2022-03-30 06:34:54,534.61
2022-03-30 06:34:59,534.61
2022-03-30 06:35:04,535.5100036772769
2022-03-30 06:35:09,534.57
2022-03-30 06:35:14,534.57
2022-03-30 06:35:19,534.57
2022-03-30 06:35:24,534.57
2022-03-30 06:35:29,534.57
2022-03-30 06:35:34,534.57
2022-03-30 06:35:39,534.57
2022-03-30 06:35:44,534.57
2022-03-30 06:35:49,534.57
2022-03-30 06:35:54,534.6
2022-03-30 06:35:59,534.6
2022-03-30 06:36:04,534.67
2022-03-30 06:36:09,534.67
2022-03-30 06:36:14,534.73
2022-03-30 06:36:19,534.73
2022-03-30 06:36:24,534.79
2022-03-30 06:36:29,534.79
2022-03-30 06:36:34,534.89
2022-03-30 06:36:39,534.89
2022-03-30 06:36:44,534.96
2022-03-30 06:36:49,534.96
2022-03-30 06:36:54,536.7981585699686
2022-03-30 06:36:59,535.02
2022-03-30 06:37:04,535.08
2022-03-30 06:37:09,536.9636668118085
2022-03-30 06:37:14,535.11
2022-03-30 06:37:19,535.12
2022-03-30 06:37:24,535.18
2022-03-30 06:37:29,535.25
2022-03-30 06:37:34,535.25
2022-03-30 06:37:39,537.2873684150637
2022-03-30 06:37:44,535.31
2022-03-30 06:37:49,535.34
2022-03-30 06:37:54,535.34
2022-03-30 06:37:59,535.34
2022-03-30 06:38:04,537.5496659945751
2022-03-30 06:38:09,535.41
2022-03-30 06:38:14,535.47
2022-03-30 06:38:19,535.47
2022-03-30 06:38:24,535.47
2022-03-30 06:38:29,537.8051838833552
2022-03-30 06:38:34,535.47
2022-03-30 06:38:39,535.47
2022-03-30 06:38:44,535.54
2022-03-30 06:38:49,535.54
2022-03-30 06:38:54,535.54
2022-03-30 06:38:59,535.54
2022-03-30 06:39:04,535.54
2022-03-30 06:39:09,535.6
2022-03-30 06:39:14,538.248020643845
2022-03-30 06:39:19,535.61
2022-03-30 06:39:24,535.61
2022-03-30 06:39:29,535.64
2022-03-30 06:39:34,535.61
2022-03-30 06:39:39,535.64
2022-03-30 06:39:44,535.61
2022-03-30 06:39:49,535.61
2022-03-30 06:39:54,538.623187828505
2022-03-30 06:39:59,535.71
2022-03-30 06:40:04,535.71
2022-03-30 06:40:09,535.65
2022-03-30 06:40:14,535.71
2022-03-30 06:40:19,535.71
2022-03-30 06:40:24,535.71
2022-03-30 06:40:29,535.71
2022-03-30 06:40:34,538.9809615334959
2022-03-30 06:40:39,535.71
2022-03-30 06:40:44,535.62
2022-03-30 06:40:49,535.62
2022-03-30 06:40:54,535.55
2022-03-30 06:40:59,535.55
2022-03-30 06:41:04,535.55
2022-03-30 06:41:09,539.2797347247563
2022-03-30 06:41:14,535.42
2022-03-30 06:41:19,535.42
2022-03-30 06:41:24,535.33
2022-03-30 06:41:29,535.33
2022-03-30 06:41:34,535.26
2022-03-30 06:41:39,535.2
2022-03-30 06:41:44,535.14
2022-03-30 06:41:49,535.14
2022-03-30 06:41:54,535.1
2022-03-30 06:41:59,535.04
2022-03-30 06:42:04,534.98
2022-03-30 06:42:09,534.91
2022-03-30 06:42:14,534.82
2022-03-30 06:42:19,534.82
2022-03-30 06:42:24,534.75
2022-03-30 06:42:29,534.69
2022-03-30 06:42:34,534.62
2022-03-30 06:42:39,534.59
2022-03-30 06:42:44,534.59
2022-03-30 06:42:49,534.53
2022-03-30 06:42:54,534.53
2022-03-30 06:42:59,540.131870765516
2022-03-30 06:43:04,534.4
2022-03-30 06:43:09,540.2027957490216
2022-03-30 06:43:14,534.34
2022-03-30 06:43:19,534.34
2022-03-30 06:43:24,540.3071370749852
2022-03-30 06:43:29,534.31
2022-03-30 06:43:34,534.31
2022-03-30 06:43:39,540.4090223830781
2022-03-30 06:43:44,534.24
2022-03-30 06:43:49,534.25
2022-03-30 06:43:54,534.18
2022-03-30 06:43:59,534.12
2022-03-30 06:44:04,534.11
2022-03-30 06:44:09,540.6054220714251
2022-03-30 06:44:14,534.12
2022-03-30 06:44:19,534.12
2022-03-30 06:44:24,540.6999350145661
2022-03-30 06:44:29,534.12
2022-03-30 06:44:34,534.09
2022-03-30 06:44:39,534.02
2022-03-30 06:44:44,534.09
2022-03-30 06:44:49,534.12
2022-03-30 06:44:54,534.12
2022-03-30 06:44:59,534.12
2022-03-30 06:45:04,534.19
2022-03-30 06:45:09,534.12
2022-03-30 06:45:14,534.13
2022-03-30 06:45:19,534.19
2022-03-30 06:45:24,534.19
2022-03-30 06:45:29,534.25
2022-03-30 06:45:34,534.25
2022-03-30 06:45:39,534.32
2022-03-30 06:45:44,534.32
2022-03-30 06:45:49,534.36
2022-03-30 06:45:54,541.2153507898914
2022-03-30 06:45:59,534.42
2022-03-30 06:46:04,534.49
2022-03-30 06:46:09,534.42
2022-03-30 06:46:14,534.55
2022-03-30 06:46:19,534.55
2022-03-30 06:46:24,534.55
2022-03-30 06:46:29,534.62
2022-03-30 06:46:34,534.62
2022-03-30 06:46:39,534.65
2022-03-30 06:46:44,534.65
2022-03-30 06:46:49,534.65
2022-03-30 06:46:54,534.72
2022-03-30 06:46:59,541.5324560660624
2022-03-30 06:47:04,534.85
2022-03-30 06:47:09,534.79
2022-03-30 06:47:14,534.85
2022-03-30 06:47:19,534.88
2022-03-30 06:47:24,534.88
2022-03-30 06:47:29,534.88
2022-03-30 06:47:34,534.95
2022-03-30 06:47:39,534.95
2022-03-30 06:47:44,535.01
2022-03-30 06:47:49,535.02
2022-03-30 06:47:54,541.7646056050908
2022-03-30 06:47:59,535.08
2022-03-30 06:48:04,535.08
2022-03-30 06:48:09,535.08
2022-03-30 06:48:14,535.08
2022-03-30 06:48:19,535.08
2022-03-30 06:48:24,535.08
2022-03-30 06:48:29,535.02
2022-03-30 06:48:34,535.02
2022-03-30 06:48:39,541.9298582149208
2022-03-30 06:48:44,535.02
2022-03-30 06:48:49,535.02
2022-03-30 06:48:54,534.95
2022-03-30 06:48:59,534.95
2022-03-30 06:49:04,534.95
2022-03-30 06:49:09,534.95
2022-03-30 06:49:14,542.0430138794917
2022-03-30 06:49:19,534.85
2022-03-30 06:49:24,534.86
2022-03-30 06:49:29,534.85
2022-03-30 06:49:34,542.101648241694
2022-03-30 06:49:39,534.73
2022-03-30 06:49:44,534.73
2022-03-30 06:49:49,534.66
2022-03-30 06:49:54,542.155936971041
2022-03-30 06:49:59,534.66
2022-03-30 06:50:04,534.66
2022-03-30 06:50:09,542.1938218830551
2022-03-30 06:50:14,534.66
2022-03-30 06:50:19,534.63
2022-03-30 06:50:24,534.63
2022-03-30 06:50:29,534.63
2022-03-30 06:50:34,534.66
2022-03-30 06:50:39,542.2623717061347
2022-03-30 06:50:44,534.66
2022-03-30 06:50:49,534.63
2022-03-30 06:50:54,534.62
2022-03-30 06:50:59,534.62
2022-03-30 06:51:04,534.56
2022-03-30 06:51:09,534.56
2022-03-30 06:51:14,534.63
2022-03-30 06:51:19,542.3389630396919
2022-03-30 06:51:24,534.56
2022-03-30 06:51:29,534.56
2022-03-30 06:51:34,534.56
2022-03-30 06:51:39,534.49
2022-03-30 06:51:44,534.49
2022-03-30 06:51:49,534.49
2022-03-30 06:51:54,534.49
2022-03-30 06:51:59,534.49
2022-03-30 06:52:04,534.49
2022-03-30 06:52:09,534.49
2022-03-30 06:52:14,534.42
2022-03-30 06:52:19,534.49
2022-03-30 06:52:24,534.49
2022-03-30 06:52:29,542.4330283211688
2022-03-30 06:52:34,542.4378308495086
2022-03-30 06:52:39,534.49
2022-03-30 06:52:44,534.55
2022-03-30 06:52:49,542.4507241740077
2022-03-30 06:52:54,542.4545189430885
2022-03-30 06:52:59,534.55
2022-03-30 06:53:04,534.55
2022-03-30 06:53:09,534.54
2022-03-30 06:53:14,534.54
2022-03-30 06:53:19,534.64
2022-03-30 06:53:24,534.64
2022-03-30 06:53:29,534.64
2022-03-30 06:53:34,534.71
2022-03-30 06:53:39,534.7
2022-03-30 06:53:44,534.77
2022-03-30 06:53:49,534.83
2022-03-30 06:53:54,534.83
2022-03-30 06:53:59,534.86
2022-03-30 06:54:04,534.93
2022-03-30 06:54:09,534.93
2022-03-30 06:54:14,542.4815062464628
2022-03-30 06:54:19,535.06
2022-03-30 06:54:24,535.12
2022-03-30 06:54:29,535.12
2022-03-30 06:54:34,535.22
2022-03-30 06:54:39,535.28
2022-03-30 06:54:44,535.28
2022-03-30 06:54:49,535.35
2022-03-30 06:54:54,535.38
2022-03-30 06:54:59,535.44
2022-03-30 06:55:04,535.44
2022-03-30 06:55:09,535.51
2022-03-30 06:55:14,535.57
2022-03-30 06:55:19,535.64
2022-03-30 06:55:24,535.64
2022-03-30 06:55:29,535.67
2022-03-30 06:55:34,535.67
2022-03-30 06:55:39,535.67
2022-03-30 06:55:44,535.73
2022-03-30 06:55:49,535.8
2022-03-30 06:55:54,535.8
2022-03-30 06:55:59,535.86
2022-03-30 06:56:04,542.4177958986431
2022-03-30 06:56:09,535.96
2022-03-30 06:56:14,535.9
2022-03-30 06:56:19,535.96
2022-03-30 06:56:24,536.03
2022-03-30 06:56:29,536.03
2022-03-30 06:56:34,536.09
2022-03-30 06:56:39,536.09
2022-03-30 06:56:44,536.15
2022-03-30 06:56:49,542.3592323279646
2022-03-30 06:56:54,542.3515883452391
2022-03-30 06:56:59,536.09
2022-03-30 06:57:04,536.09
2022-03-30 06:57:09,536.15
2022-03-30 06:57:14,536.09
2022-03-30 06:57:19,536.09
2022-03-30 06:57:24,536.09
2022-03-30 06:57:29,536.02
2022-03-30 06:57:34,536.09
2022-03-30 06:57:39,536.09
2022-03-30 06:57:44,535.96
2022-03-30 06:57:49,542.2527394390557
2022-03-30 06:57:54,536.02
2022-03-30 06:57:59,535.96
2022-03-30 06:58:04,535.89
2022-03-30 06:58:09,535.86
2022-03-30 06:58:14,535.86
2022-03-30 06:58:19,535.86
2022-03-30 06:58:24,535.79
2022-03-30 06:58:29,535.72
2022-03-30 06:58:34,535.66
2022-03-30 06:58:39,535.63
2022-03-30 06:58:44,542.1273075899267
2022-03-30 06:58:49,535.57
2022-03-30 06:58:54,542.1017003104542
2022-03-30 06:58:59,542.0885770923039
2022-03-30 06:59:04,535.44
2022-03-30 06:59:09,535.37
2022-03-30 06:59:14,542.047935416113
2022-03-30 06:59:19,535.33
2022-03-30 06:59:24,535.27
2022-03-30 06:59:29,535.27
2022-03-30 06:59:34,535.2
2022-03-30 06:59:39,535.14
2022-03-30 06:59:44,535.11
2022-03-30 06:59:49,534.97
2022-03-30 06:59:54,534.98
2022-03-30 06:59:59,534.91
2022-03-30 07:00:04,534.85
2022-03-30 07:00:09,534.81
2022-03-30 07:00:14,534.75
2022-03-30 07:00:19,541.8500821121288
2022-03-30 07:00:24,534.62
2022-03-30 07:00:29,541.8165548450488
2022-03-30 07:00:34,534.58
2022-03-30 07:00:39,534.52
2022-03-30 07:00:44,534.45
2022-03-30 07:00:49,534.45
2022-03-30 07:00:54,541.7291948353156
2022-03-30 07:00:59,534.39
2022-03-30 07:01:04,534.32
2022-03-30 07:01:09,541.6743711108504
2022-03-30 07:01:14,534.28
2022-03-30 07:01:19,534.28
2022-03-30 07:01:24,534.15
2022-03-30 07:01:29,534.22
2022-03-30 07:01:34,534.15
2022-03-30 07:01:39,534.15
2022-03-30 07:01:44,534.15
2022-03-30 07:01:49,534.08
2022-03-30 07:01:54,534.05
2022-03-30 07:01:59,534.08
2022-03-30 07:02:04,534.04
2022-03-30 07:02:09,533.98
2022-03-30 07:02:14,541.4163164530092
2022-03-30 07:02:19,533.97
2022-03-30 07:02:24,533.97
2022-03-30 07:02:29,541.352117725309
2022-03-30 07:02:34,533.97
2022-03-30 07:02:39,533.97
2022-03-30 07:02:44,541.2862060144063
2022-03-30 07:02:49,533.97
2022-03-30 07:02:54,533.97
2022-03-30 07:02:59,533.97
2022-03-30 07:03:04,534.03
2022-03-30 07:03:09,534.03
2022-03-30 07:03:14,534.03
2022-03-30 07:03:19,534.06
2022-03-30 07:03:24,534.06
2022-03-30 07:03:29,534.06
2022-03-30 07:03:34,534.06
2022-03-30 07:03:39,541.0300702275865
2022-03-30 07:03:44,534.12
2022-03-30 07:03:49,534.19
2022-03-30 07:03:54,534.19
2022-03-30 07:03:59,534.25
2022-03-30 07:04:04,534.28
2022-03-30 07:04:09,534.28
2022-03-30 07:04:14,534.28
2022-03-30 07:04:19,534.34
2022-03-30 07:04:24,534.41
2022-03-30 07:04:29,540.777398966931
2022-03-30 07:04:34,540.751076319767
2022-03-30 07:04:39,534.57
2022-03-30 07:04:44,534.69
2022-03-30 07:04:49,540.6709441544153
2022-03-30 07:04:54,534.79
2022-03-30 07:04:59,534.86
2022-03-30 07:05:04,534.92
2022-03-30 07:05:09,535.05
2022-03-30 07:05:14,540.5334824858029
2022-03-30 07:05:19,540.5053998461025
2022-03-30 07:05:24,535.21
2022-03-30 07:05:29,535.31
2022-03-30 07:05:34,535.37
2022-03-30 07:05:39,535.5
2022-03-30 07:05:44,535.56
2022-03-30 07:05:49,535.66
2022-03-30 07:05:54,535.66
2022-03-30 07:05:59,535.79
2022-03-30 07:06:04,535.82
2022-03-30 07:06:09,535.89
2022-03-30 07:06:14,536.02
2022-03-30 07:06:19,536.08
2022-03-30 07:06:24,536.11
2022-03-30 07:06:29,536.24
2022-03-30 07:06:34,536.34
2022-03-30 07:06:39,536.4
2022-03-30 07:06:44,536.47
2022-03-30 07:06:49,536.53
2022-03-30 07:06:54,539.9337228737404
2022-03-30 07:06:59,536.69
2022-03-30 07:07:04,536.82
2022-03-30 07:07:09,536.85
2022-03-30 07:07:14,536.91
2022-03-30 07:07:19,536.98
2022-03-30 07:07:24,537.04
2022-03-30 07:07:29,537.04
2022-03-30 07:07:34,537.14
2022-03-30 07:07:39,537.14
2022-03-30 07:07:44,537.14
2022-03-30 07:07:49,537.27
2022-03-30 07:07:54,537.27
2022-03-30 07:07:59,537.27
2022-03-30 07:08:04,537.33
2022-03-30 07:08:09,537.33
2022-03-30 07:08:14,537.36
2022-03-30 07:08:19,537.36
2022-03-30 07:08:24,537.36
2022-03-30 07:08:29,537.43
2022-03-30 07:08:34,537.36
2022-03-30 07:08:39,537.36
2022-03-30 07:08:44,537.33
2022-03-30 07:08:49,537.33
2022-03-30 07:08:54,537.33
2022-03-30 07:08:59,539.067451515513
2022-03-30 07:09:04,537.26
2022-03-30 07:09:09,537.26
2022-03-30 07:09:14,537.26
2022-03-30 07:09:19,537.19
2022-03-30 07:09:24,537.09
2022-03-30 07:09:29,537.09
2022-03-30 07:09:34,537.03
2022-03-30 07:09:39,536.96
2022-03-30 07:09:44,536.96
2022-03-30 07:09:49,536.96
2022-03-30 07:09:54,536.83
2022-03-30 07:09:59,536.8
2022-03-30 07:10:04,538.5636285669842
2022-03-30 07:10:09,536.73
2022-03-30 07:10:14,536.67
2022-03-30 07:10:19,536.6
2022-03-30 07:10:24,536.57
2022-03-30 07:10:29,536.57
2022-03-30 07:10:34,536.5
2022-03-30 07:10:39,538.2767385115517
2022-03-30 07:10:44,536.44
2022-03-30 07:10:49,536.44
2022-03-30 07:10:54,536.37
2022-03-30 07:10:59,536.36
2022-03-30 07:11:04,536.36
2022-03-30 07:11:09,538.0219870231219
2022-03-30 07:11:14,536.3
2022-03-30 07:11:19,536.3
2022-03-30 07:11:24,536.3
2022-03-30 07:11:29,536.3
2022-03-30 07:11:34,536.3
2022-03-30 07:11:39,536.36
2022-03-30 07:11:44,536.36
2022-03-30 07:11:49,536.36
2022-03-30 07:11:54,536.36
2022-03-30 07:11:59,536.36
2022-03-30 07:12:04,536.42
2022-03-30 07:12:09,536.41
2022-03-30 07:12:14,536.35
2022-03-30 07:12:19,536.41
2022-03-30 07:12:24,536.48
2022-03-30 07:12:29,536.47
2022-03-30 07:12:34,536.48
2022-03-30 07:12:39,536.41
2022-03-30 07:12:44,536.47
2022-03-30 07:12:49,536.47
2022-03-30 07:12:54,536.47
2022-03-30 07:12:59,536.47
2022-03-30 07:13:04,536.47
2022-03-30 07:13:09,536.47
2022-03-30 07:13:14,536.47
2022-03-30 07:13:19,536.46
2022-03-30 07:13:24,536.46
2022-03-30 07:13:29,536.46
2022-03-30 07:13:34,536.46
2022-03-30 07:13:39,536.46
2022-03-30 07:13:44,536.46
2022-03-30 07:13:49,536.4
2022-03-30 07:13:54,536.4
2022-03-30 07:13:59,536.4
2022-03-30 07:14:04,536.39
2022-03-30 07:14:09,536.39
2022-03-30 07:14:14,536.33
2022-03-30 07:14:19,536.33
2022-03-30 07:14:24,536.160149528285
2022-03-30 07:14:29,536.27
2022-03-30 07:14:34,536.0547554094577
2022-03-30 07:14:39,536.23
2022-03-30 07:14:44,536.23
2022-03-30 07:14:49,536.17
2022-03-30 07:14:54,536.17
2022-03-30 07:14:59,536.17
2022-03-30 07:15:04,536.17
2022-03-30 07:15:09,536.1
2022-03-30 07:15:14,536.1
2022-03-30 07:15:19,536.1
2022-03-30 07:15:24,536.04
2022-03-30 07:15:29,536.04
2022-03-30 07:15:34,536.0
2022-03-30 07:15:39,536.0
2022-03-30 07:15:44,536.0
2022-03-30 07:15:49,535.94
2022-03-30 07:15:54,535.1755325902401
2022-03-30 07:15:59,535.94
2022-03-30 07:16:04,535.94
2022-03-30 07:16:09,535.94
2022-03-30 07:16:14,535.81
2022-03-30 07:16:19,535.88
2022-03-30 07:16:24,535.81
2022-03-30 07:16:29,535.75
2022-03-30 07:16:34,535.75
2022-03-30 07:16:39,535.75
2022-03-30 07:16:44,535.71
2022-03-30 07:16:49,535.71
2022-03-30 07:16:54,535.65
2022-03-30 07:16:59,534.41306088744
2022-03-30 07:17:04,535.59
2022-03-30 07:17:09,535.59
2022-03-30 07:17:14,535.52
2022-03-30 07:17:19,535.59
2022-03-30 07:17:24,535.59
2022-03-30 07:17:29,535.49
2022-03-30 07:17:34,535.49
2022-03-30 07:17:39,535.52
2022-03-30 07:17:44,535.52
2022-03-30 07:17:49,535.52
2022-03-30 07:17:54,535.52
2022-03-30 07:17:59,535.59
2022-03-30 07:18:04,535.59
2022-03-30 07:18:09,535.59
2022-03-30 07:18:14,535.59
2022-03-30 07:18:19,535.65
2022-03-30 07:18:24,535.65
2022-03-30 07:18:29,533.2863782565637
2022-03-30 07:18:34,535.65
2022-03-30 07:18:39,535.72
2022-03-30 07:18:44,533.0914533867011
2022-03-30 07:18:49,535.72
2022-03-30 07:18:54,535.72
2022-03-30 07:18:59,535.72
2022-03-30 07:19:04,535.72
2022-03-30 07:19:09,535.72
2022-03-30 07:19:14,535.72
2022-03-30 07:19:19,535.75
2022-03-30 07:19:24,535.72
2022-03-30 07:19:29,535.75
2022-03-30 07:19:34,535.75
2022-03-30 07:19:39,535.82
2022-03-30 07:19:44,535.82
2022-03-30 07:19:49,532.2275210842499
2022-03-30 07:19:54,535.82
2022-03-30 07:19:59,535.82
2022-03-30 07:20:04,535.88
2022-03-30 07:20:09,535.95
2022-03-30 07:20:14,535.95
2022-03-30 07:20:19,536.01
2022-03-30 07:20:24,536.01
2022-03-30 07:20:29,536.04
2022-03-30 07:20:34,536.04
2022-03-30 07:20:39,536.04
2022-03-30 07:20:44,536.11
2022-03-30 07:20:49,536.11
2022-03-30 07:20:54,536.17
2022-03-30 07:20:59,536.24
2022-03-30 07:21:04,536.27
2022-03-30 07:21:09,531.1303773835236
2022-03-30 07:21:14,536.4
2022-03-30 07:21:19,536.4
2022-03-30 07:21:24,536.46
2022-03-30 07:21:29,536.53
2022-03-30 07:21:34,536.56
2022-03-30 07:21:39,536.62
2022-03-30 07:21:44,536.69
2022-03-30 07:21:49,536.75
2022-03-30 07:21:54,530.5020735509071
2022-03-30 07:21:59,536.85
2022-03-30 07:22:04,530.3617239751483
2022-03-30 07:22:09,536.98
2022-03-30 07:22:14,536.98
2022-03-30 07:22:19,536.98
2022-03-30 07:22:24,530.0804533350383
2022-03-30 07:22:29,537.14
2022-03-30 07:22:34,537.21
2022-03-30 07:22:39,537.27
2022-03-30 07:22:44,537.3
2022-03-30 07:22:49,537.37
2022-03-30 07:22:54,537.43
2022-03-30 07:22:59,537.5
2022-03-30 07:23:04,537.56
2022-03-30 07:23:09,529.4458860498978
2022-03-30 07:23:14,537.73
2022-03-30 07:23:19,537.73
2022-03-30 07:23:24,537.79
2022-03-30 07:23:29,537.79
2022-03-30 07:23:34,537.83
2022-03-30 07:23:39,537.83
2022-03-30 07:23:44,528.9520738557367
2022-03-30 07:23:49,537.89
2022-03-30 07:23:54,537.96
2022-03-30 07:23:59,537.96
2022-03-30 07:24:04,537.96
2022-03-30 07:24:09,537.96
2022-03-30 07:24:14,537.89
2022-03-30 07:24:19,537.96
2022-03-30 07:24:24,537.96
2022-03-30 07:24:29,537.9
2022-03-30 07:24:34,537.96
2022-03-30 07:24:39,537.9
2022-03-30 07:24:44,537.9
2022-03-30 07:24:49,537.96
2022-03-30 07:24:54,537.9
2022-03-30 07:24:59,537.97
2022-03-30 07:25:04,537.97
2022-03-30 07:25:09,537.97
2022-03-30 07:25:14,527.6906219873414
2022-03-30 07:25:19,537.97
2022-03-30 07:25:24,538.03
2022-03-30 07:25:29,538.1
2022-03-30 07:25:34,527.4134994798354
2022-03-30 07:25:39,527.3444712945515
2022-03-30 07:25:44,538.13
2022-03-30 07:25:49,538.13
2022-03-30 07:25:54,538.13
2022-03-30 07:25:59,538.19
2022-03-30 07:26:04,538.26
2022-03-30 07:26:09,538.26
2022-03-30 07:26:14,538.33
2022-03-30 07:26:19,538.36
2022-03-30 07:26:24,538.36
2022-03-30 07:26:29,526.6607563432271
2022-03-30 07:26:34,538.49
2022-03-30 07:26:39,538.55
2022-03-30 07:26:44,526.4583053955372
2022-03-30 07:26:49,538.62
2022-03-30 07:26:54,538.62
2022-03-30 07:26:59,538.65
2022-03-30 07:27:04,538.72
2022-03-30 07:27:09,526.124061100677
2022-03-30 07:27:14,538.72
2022-03-30 07:27:19,538.78
2022-03-30 07:27:24,538.84
2022-03-30 07:27:29,538.88
2022-03-30 07:27:34,538.88
2022-03-30 07:27:39,538.94
2022-03-30 07:27:44,539.01
2022-03-30 07:27:49,525.5985442854869
2022-03-30 07:27:54,539.07
2022-03-30 07:27:59,539.13
2022-03-30 07:28:04,539.13
2022-03-30 07:28:09,539.16
2022-03-30 07:28:14,539.17
2022-03-30 07:28:19,539.16
2022-03-30 07:28:24,539.23
2022-03-30 07:28:29,539.29
2022-03-30 07:28:34,539.29
2022-03-30 07:28:39,539.29
2022-03-30 07:28:44,539.29
2022-03-30 07:28:49,539.29
2022-03-30 07:28:54,539.29
2022-03-30 07:28:59,539.36
2022-03-30 07:29:04,539.36
2022-03-30 07:29:09,539.35
2022-03-30 07:29:14,524.5275490105263
2022-03-30 07:29:19,539.29
2022-03-30 07:29:24,539.35
2022-03-30 07:29:29,539.29
2022-03-30 07:29:34,539.29
2022-03-30 07:29:39,539.29
2022-03-30 07:29:44,539.22
2022-03-30 07:29:49,539.22
2022-03-30 07:29:54,539.16
2022-03-30 07:29:59,539.12
2022-03-30 07:30:04,539.12
2022-03-30 07:30:09,539.06
2022-03-30 07:30:14,523.8169020122444
2022-03-30 07:30:19,538.99
2022-03-30 07:30:24,538.93
2022-03-30 07:30:29,538.86
2022-03-30 07:30:34,538.86
2022-03-30 07:30:39,538.83
2022-03-30 07:30:44,538.77
2022-03-30 07:30:49,538.7
2022-03-30 07:30:54,538.7
2022-03-30 07:30:59,523.3129564482305
2022-03-30 07:31:04,538.6
2022-03-30 07:31:09,538.54
2022-03-30 07:31:14,523.151036503366
2022-03-30 07:31:19,538.35
2022-03-30 07:31:24,538.31
2022-03-30 07:31:29,538.25
2022-03-30 07:31:34,538.19
2022-03-30 07:31:39,538.12
2022-03-30 07:31:44,538.09
2022-03-30 07:31:49,537.96
2022-03-30 07:31:54,537.9
2022-03-30 07:31:59,537.83
2022-03-30 07:32:04,537.8
2022-03-30 07:32:09,537.67
2022-03-30 07:32:14,537.67
2022-03-30 07:32:19,537.61
2022-03-30 07:32:24,537.51
2022-03-30 07:32:29,537.51
2022-03-30 07:32:34,537.45
2022-03-30 07:32:39,537.38
2022-03-30 07:32:44,537.32
2022-03-30 07:32:49,537.32
2022-03-30 07:32:54,537.28
2022-03-30 07:32:59,537.22
2022-03-30 07:33:04,537.22
2022-03-30 07:33:09,537.16
2022-03-30 07:33:14,537.16
2022-03-30 07:33:19,537.09
2022-03-30 07:33:24,537.09
2022-03-30 07:33:29,537.06
2022-03-30 07:33:34,537.0
2022-03-30 07:33:39,537.0
2022-03-30 07:33:44,537.0
2022-03-30 07:33:49,536.94
2022-03-30 07:33:54,536.87
2022-03-30 07:33:59,536.87
2022-03-30 07:34:04,521.5370323234087
2022-03-30 07:34:09,521.4955511441394
2022-03-30 07:34:14,536.78
2022-03-30 07:34:19,536.78
2022-03-30 07:34:24,536.71
2022-03-30 07:34:29,536.71
2022-03-30 07:34:34,536.65
2022-03-30 07:34:39,536.65
2022-03-30 07:34:44,521.2144491292837
2022-03-30 07:34:49,536.58
2022-03-30 07:34:54,536.56
2022-03-30 07:34:59,536.56
2022-03-30 07:35:04,521.0610288420248
2022-03-30 07:35:09,536.49
2022-03-30 07:35:14,536.43
2022-03-30 07:35:19,536.43
2022-03-30 07:35:24,536.43
2022-03-30 07:35:29,536.43
2022-03-30 07:35:34,536.36
2022-03-30 07:35:39,536.43
2022-03-30 07:35:44,536.36
2022-03-30 07:35:49,536.37
2022-03-30 07:35:54,536.36
2022-03-30 07:35:59,536.37
2022-03-30 07:36:04,520.6316319977975
2022-03-30 07:36:09,536.3
2022-03-30 07:36:14,536.3
2022-03-30 07:36:19,536.3
2022-03-30 07:36:24,536.3
2022-03-30 07:36:29,536.3
2022-03-30 07:36:34,536.27
2022-03-30 07:36:39,520.4021178722898
2022-03-30 07:36:44,536.2
2022-03-30 07:36:49,536.27
2022-03-30 07:36:54,520.3083951798509
2022-03-30 07:36:59,536.14
2022-03-30 07:37:04,536.08
2022-03-30 07:37:09,536.04
2022-03-30 07:37:14,535.98
2022-03-30 07:37:19,535.85
2022-03-30 07:37:24,535.79
2022-03-30 07:37:29,535.75
2022-03-30 07:37:34,535.62
2022-03-30 07:37:39,535.56
2022-03-30 07:37:44,535.53
2022-03-30 07:37:49,535.4
2022-03-30 07:37:54,535.33
2022-03-30 07:37:59,535.27
2022-03-30 07:38:04,535.17
2022-03-30 07:38:09,535.04
2022-03-30 07:38:14,534.95
2022-03-30 07:38:19,534.81
2022-03-30 07:38:24,534.75
2022-03-30 07:38:29,534.59
2022-03-30 07:38:34,534.52
2022-03-30 07:38:39,519.728190473753
2022-03-30 07:38:44,534.23
2022-03-30 07:38:49,534.14
2022-03-30 07:38:54,534.07
2022-03-30 07:38:59,533.97
2022-03-30 07:39:04,533.91
2022-03-30 07:39:09,519.5861441940275
2022-03-30 07:39:14,533.72
2022-03-30 07:39:19,533.62
2022-03-30 07:39:24,519.5189662706183
2022-03-30 07:39:29,533.49
2022-03-30 07:39:34,533.46
2022-03-30 07:39:39,533.33
2022-03-30 07:39:44,533.26
2022-03-30 07:39:49,533.26
2022-03-30 07:39:54,519.3921916575858
2022-03-30 07:39:59,533.16
2022-03-30 07:40:04,533.16
2022-03-30 07:40:09,533.1
2022-03-30 07:40:14,533.03
2022-03-30 07:40:19,533.03
2022-03-30 07:40:24,533.03
2022-03-30 07:40:29,532.97
2022-03-30 07:40:34,532.96
2022-03-30 07:40:39,532.93
2022-03-30 07:40:44,532.93
2022-03-30 07:40:49,532.86
2022-03-30 07:40:54,532.93
2022-03-30 07:40:59,532.93
2022-03-30 07:41:04,532.86
2022-03-30 07:41:09,532.86
2022-03-30 07:41:14,532.93
2022-03-30 07:41:19,532.86
2022-03-30 07:41:24,532.92
2022-03-30 07:41:29,532.92
2022-03-30 07:41:34,519.0405810965997
2022-03-30 07:41:39,532.79
2022-03-30 07:41:44,532.86
2022-03-30 07:41:49,532.86
2022-03-30 07:41:54,532.79
2022-03-30 07:41:59,532.79
2022-03-30 07:42:04,532.79
2022-03-30 07:42:09,518.9424719712242
2022-03-30 07:42:14,532.79
2022-03-30 07:42:19,532.73
2022-03-30 07:42:24,532.73
2022-03-30 07:42:29,532.73
2022-03-30 07:42:34,532.67
2022-03-30 07:42:39,532.67
2022-03-30 07:42:44,532.67
2022-03-30 07:42:49,532.63
2022-03-30 07:42:54,532.63
2022-03-30 07:42:59,532.57
2022-03-30 07:43:04,532.57
2022-03-30 07:43:09,532.57
2022-03-30 07:43:14,532.57
2022-03-30 07:43:19,532.5
2022-03-30 07:43:24,532.44
2022-03-30 07:43:29,532.44
2022-03-30 07:43:34,532.41
2022-03-30 07:43:39,532.41
2022-03-30 07:43:44,532.35
2022-03-30 07:43:49,532.35
2022-03-30 07:43:54,532.35
2022-03-30 07:43:59,532.28
2022-03-30 07:44:04,532.28
2022-03-30 07:44:09,532.22
2022-03-30 07:44:14,532.16
2022-03-30 07:44:19,518.6852219589869
2022-03-30 07:44:24,532.13
2022-03-30 07:44:29,532.13
2022-03-30 07:44:34,532.06
2022-03-30 07:44:39,532.0
2022-03-30 07:44:44,532.0
2022-03-30 07:44:49,531.94
2022-03-30 07:44:54,531.9
2022-03-30 07:44:59,531.9
2022-03-30 07:45:04,531.84
2022-03-30 07:45:09,518.6291530002322
2022-03-30 07:45:14,531.71
2022-03-30 07:45:19,531.65
2022-03-30 07:45:24,531.61
2022-03-30 07:45:29,531.55
2022-03-30 07:45:34,531.49
2022-03-30 07:45:39,531.42
2022-03-30 07:45:44,531.39
2022-03-30 07:45:49,531.33
2022-03-30 07:45:54,531.26
2022-03-30 07:45:59,531.2
2022-03-30 07:46:04,531.1
2022-03-30 07:46:09,531.1
2022-03-30 07:46:14,530.98
2022-03-30 07:46:19,530.88
2022-03-30 07:46:24,530.81
2022-03-30 07:46:29,530.75
2022-03-30 07:46:34,530.69
2022-03-30 07:46:39,530.62
2022-03-30 07:46:44,518.5848122247307
2022-03-30 07:46:49,530.53
2022-03-30 07:46:54,530.46
2022-03-30 07:46:59,530.37
2022-03-30 07:47:04,530.3
2022-03-30 07:47:09,530.24
2022-03-30 07:47:14,530.17
2022-03-30 07:47:19,530.08
2022-03-30 07:47:24,530.08
2022-03-30 07:47:29,530.01
2022-03-30 07:47:34,529.89
2022-03-30 07:47:39,529.86
2022-03-30 07:47:44,529.86
2022-03-30 07:47:49,529.73
2022-03-30 07:47:54,529.66
2022-03-30 07:47:59,529.66
2022-03-30 07:48:04,529.66
2022-03-30 07:48:09,529.6
2022-03-30 07:48:14,529.6
2022-03-30 07:48:19,529.57
2022-03-30 07:48:24,529.51
2022-03-30 07:48:29,529.57
2022-03-30 07:48:34,529.51
2022-03-30 07:48:39,529.57
2022-03-30 07:48:44,529.51
2022-03-30 07:48:49,529.51
2022-03-30 07:48:54,529.57
2022-03-30 07:48:59,529.51
2022-03-30 07:49:04,529.57
2022-03-30 07:49:09,529.57
2022-03-30 07:49:14,529.57
2022-03-30 07:49:19,529.57
2022-03-30 07:49:24,529.61
2022-03-30 07:49:29,529.61
2022-03-30 07:49:34,529.61
2022-03-30 07:49:39,529.67
2022-03-30 07:49:44,518.7261521259402
2022-03-30 07:49:49,529.8
2022-03-30 07:49:54,529.87
2022-03-30 07:49:59,529.87
2022-03-30 07:50:04,518.7603993480253
2022-03-30 07:50:09,529.97
2022-03-30 07:50:14,530.03
2022-03-30 07:50:19,530.1
2022-03-30 07:50:24,530.13
2022-03-30 07:50:29,530.19
2022-03-30 07:50:34,530.26
2022-03-30 07:50:39,518.8293834874435
2022-03-30 07:50:44,530.42
2022-03-30 07:50:49,530.49
2022-03-30 07:50:54,530.55
2022-03-30 07:50:59,530.65
2022-03-30 07:51:04,530.71
2022-03-30 07:51:09,530.84
2022-03-30 07:51:14,530.91
2022-03-30 07:51:19,531.07
2022-03-30 07:51:24,531.13
2022-03-30 07:51:29,531.23
2022-03-30 07:51:34,531.43
2022-03-30 07:51:39,518.9746290196804
2022-03-30 07:51:44,531.65
2022-03-30 07:51:49,531.82
2022-03-30 07:51:54,531.94
2022-03-30 07:51:59,532.11
2022-03-30 07:52:04,532.27
2022-03-30 07:52:09,532.46
2022-03-30 07:52:14,532.62
2022-03-30 07:52:19,532.79
2022-03-30 07:52:24,519.1061208336479
2022-03-30 07:52:29,533.14
2022-03-30 07:52:34,533.37
2022-03-30 07:52:39,533.5
2022-03-30 07:52:44,533.66
2022-03-30 07:52:49,533.89
2022-03-30 07:52:54,534.02
2022-03-30 07:52:59,534.18
2022-03-30 07:53:04,519.239373675709
2022-03-30 07:53:09,534.53
2022-03-30 07:53:14,534.69
2022-03-30 07:53:19,534.86
2022-03-30 07:53:24,534.98
2022-03-30 07:53:29,519.3305316788123
2022-03-30 07:53:34,535.31
2022-03-30 07:53:39,535.51
2022-03-30 07:53:44,535.6
2022-03-30 07:53:49,535.79
2022-03-30 07:53:54,535.96
2022-03-30 07:53:59,536.12
2022-03-30 07:54:04,536.25
2022-03-30 07:54:09,536.34
2022-03-30 07:54:14,536.54
2022-03-30 07:54:19,519.5311425249432
2022-03-30 07:54:24,536.76
2022-03-30 07:54:29,536.86
2022-03-30 07:54:34,537.05
2022-03-30 07:54:39,537.21
2022-03-30 07:54:44,537.34
2022-03-30 07:54:49,537.44
2022-03-30 07:54:54,537.58
2022-03-30 07:54:59,537.67
2022-03-30 07:55:04,537.8
2022-03-30 07:55:09,537.86
2022-03-30 07:55:14,537.96
2022-03-30 07:55:19,538.09
2022-03-30 07:55:24,538.18
2022-03-30 07:55:29,538.25
2022-03-30 07:55:34,538.31
2022-03-30 07:55:39,538.41
2022-03-30 07:55:44,538.47
2022-03-30 07:55:49,538.54
2022-03-30 07:55:54,538.67
2022-03-30 07:55:59,520.0062850686638
2022-03-30 07:56:04,538.76
2022-03-30 07:56:09,538.83
2022-03-30 07:56:14,538.89
2022-03-30 07:56:19,538.92
2022-03-30 07:56:24,539.05
2022-03-30 07:56:29,539.12
2022-03-30 07:56:34,539.12
2022-03-30 07:56:39,539.18
2022-03-30 07:56:44,539.28
2022-03-30 07:56:49,539.28
2022-03-30 07:56:54,520.3101188085918
2022-03-30 07:56:59,539.41
2022-03-30 07:57:04,539.5
2022-03-30 07:57:09,539.5
2022-03-30 07:57:14,539.5
2022-03-30 07:57:19,539.63
2022-03-30 07:57:24,539.63
2022-03-30 07:57:29,539.7
2022-03-30 07:57:34,539.7
2022-03-30 07:57:39,539.69
2022-03-30 07:57:44,539.79
2022-03-30 07:57:49,539.79
2022-03-30 07:57:54,539.79
2022-03-30 07:57:59,539.85
2022-03-30 07:58:04,539.85
2022-03-30 07:58:09,539.85
2022-03-30 07:58:14,539.92
2022-03-30 07:58:19,539.92
2022-03-30 07:58:24,539.91
2022-03-30 07:58:29,539.91
2022-03-30 07:58:34,539.95
2022-03-30 07:58:39,539.95
2022-03-30 07:58:44,539.95
2022-03-30 07:58:49,540.01
2022-03-30 07:58:54,539.95
2022-03-30 07:58:59,521.1146138000773
2022-03-30 07:59:04,540.01
2022-03-30 07:59:09,540.07
2022-03-30 07:59:14,540.01
2022-03-30 07:59:19,540.07
2022-03-30 07:59:24,540.07
2022-03-30 07:59:29,540.07
2022-03-30 07:59:34,540.07
2022-03-30 07:59:39,540.07
2022-03-30 07:59:44,540.07
2022-03-30 07:59:49,521.4812731537461
2022-03-30 07:59:54,540.07
2022-03-30 07:59:59,540.07
2022-03-30 08:00:04,521.5961981331254
2022-03-30 08:00:09,540.07
2022-03-30 08:00:14,540.07
2022-03-30 08:00:19,540.07
2022-03-30 08:00:24,540.07
2022-03-30 08:00:29,540.07
2022-03-30 08:00:34,540.07
2022-03-30 08:00:39,540.07
2022-03-30 08:00:44,540.07
2022-03-30 08:00:49,540.07
2022-03-30 08:00:54,521.9942940484855
2022-03-30 08:00:59,540.07
2022-03-30 08:01:04,540.13
2022-03-30 08:01:09,540.07
2022-03-30 08:01:14,540.07
2022-03-30 08:01:19,540.07
2022-03-30 08:01:24,540.14
2022-03-30 08:01:29,540.07
2022-03-30 08:01:34,540.07
2022-03-30 08:01:39,540.14
2022-03-30 08:01:44,522.413093259976
2022-03-30 08:01:49,540.14
2022-03-30 08:01:54,540.08
2022-03-30 08:01:59,540.14
2022-03-30 08:02:04,522.5857106691192
2022-03-30 08:02:09,540.08
2022-03-30 08:02:14,540.08
2022-03-30 08:02:19,540.08
2022-03-30 08:02:24,522.7609414072732
2022-03-30 08:02:29,540.08
2022-03-30 08:02:34,522.8494743463041
2022-03-30 08:02:39,540.15
2022-03-30 08:02:44,540.15
2022-03-30 08:02:49,522.9833504853125
2022-03-30 08:02:54,540.15
2022-03-30 08:02:59,540.21
2022-03-30 08:03:04,540.15
2022-03-30 08:03:09,540.15
2022-03-30 08:03:14,540.22
2022-03-30 08:03:19,523.2546699722868
2022-03-30 08:03:24,540.22
2022-03-30 08:03:29,523.3460751903891
2022-03-30 08:03:34,540.22
2022-03-30 08:03:39,540.22
2022-03-30 08:03:44,540.15
2022-03-30 08:03:49,540.22
2022-03-30 08:03:54,540.22
2022-03-30 08:03:59,540.16
2022-03-30 08:04:04,540.16
2022-03-30 08:04:09,540.16
2022-03-30 08:04:14,540.16
2022-03-30 08:04:19,540.16
2022-03-30 08:04:24,540.16
2022-03-30 08:04:29,540.16
2022-03-30 08:04:34,540.1
2022-03-30 08:04:39,540.1
2022-03-30 08:04:44,540.03
2022-03-30 08:04:49,540.04
2022-03-30 08:04:54,539.97
2022-03-30 08:04:59,539.97
2022-03-30 08:05:04,539.94
2022-03-30 08:05:09,539.88
2022-03-30 08:05:14,539.88
2022-03-30 08:05:19,539.81
2022-03-30 08:05:24,539.75
2022-03-30 08:05:29,539.72
2022-03-30 08:05:34,539.72
2022-03-30 08:05:39,539.66
2022-03-30 08:05:44,539.59
2022-03-30 08:05:49,539.59
2022-03-30 08:05:54,539.53
2022-03-30 08:05:59,539.47
2022-03-30 08:06:04,539.44
2022-03-30 08:06:09,539.37
2022-03-30 08:06:14,539.31
2022-03-30 08:06:19,539.24
2022-03-30 08:06:24,539.22
2022-03-30 08:06:29,539.15
2022-03-30 08:06:34,539.09
2022-03-30 08:06:39,539.09
2022-03-30 08:06:44,538.93
2022-03-30 08:06:49,538.93
2022-03-30 08:06:54,538.8
2022-03-30 08:06:59,538.8
2022-03-30 08:07:04,538.71
2022-03-30 08:07:09,538.64
2022-03-30 08:07:14,538.58
2022-03-30 08:07:19,538.45
2022-03-30 08:07:24,538.42
2022-03-30 08:07:29,525.6146889545327
2022-03-30 08:07:34,538.23
2022-03-30 08:07:39,538.2
2022-03-30 08:07:44,538.13
2022-03-30 08:07:49,538.01
2022-03-30 08:07:54,537.94
2022-03-30 08:07:59,537.91
2022-03-30 08:08:04,537.85
2022-03-30 08:08:09,525.9932526056197
2022-03-30 08:08:14,537.62
2022-03-30 08:08:19,537.56
2022-03-30 08:08:24,537.5
2022-03-30 08:08:29,537.4
2022-03-30 08:08:34,537.34
2022-03-30 08:08:39,537.21
2022-03-30 08:08:44,537.18
2022-03-30 08:08:49,537.12
2022-03-30 08:08:54,536.99
2022-03-30 08:08:59,536.89
2022-03-30 08:09:04,536.89
2022-03-30 08:09:09,536.83
2022-03-30 08:09:14,536.71
2022-03-30 08:09:19,536.67
2022-03-30 08:09:24,536.55
2022-03-30 08:09:29,536.48
2022-03-30 08:09:34,536.42
2022-03-30 08:09:39,536.33
2022-03-30 08:09:44,536.26
2022-03-30 08:09:49,536.2
2022-03-30 08:09:54,536.1
2022-03-30 08:09:59,536.04
2022-03-30 08:10:04,535.98
2022-03-30 08:10:09,535.88
2022-03-30 08:10:14,535.82
2022-03-30 08:10:19,535.82
2022-03-30 08:10:24,535.76
2022-03-30 08:10:29,535.69
2022-03-30 08:10:34,535.67
2022-03-30 08:10:39,535.67
2022-03-30 08:10:44,535.6
2022-03-30 08:10:49,535.54
2022-03-30 08:10:54,527.4935756412385
2022-03-30 08:10:59,535.48
2022-03-30 08:11:04,535.41
2022-03-30 08:11:09,535.41
2022-03-30 08:11:14,535.38
2022-03-30 08:11:19,535.39
2022-03-30 08:11:24,535.32
2022-03-30 08:11:29,535.32
2022-03-30 08:11:34,535.26
2022-03-30 08:11:39,535.2
2022-03-30 08:11:44,527.9173435454563
2022-03-30 08:11:49,535.17
2022-03-30 08:11:54,535.17
2022-03-30 08:11:59,535.17
2022-03-30 08:12:04,535.17
2022-03-30 08:12:09,535.17
2022-03-30 08:12:14,535.11
2022-03-30 08:12:19,535.11
2022-03-30 08:12:24,535.11
2022-03-30 08:12:29,535.11
2022-03-30 08:12:34,535.11
2022-03-30 08:12:39,535.11
2022-03-30 08:12:44,535.11
2022-03-30 08:12:49,535.05
2022-03-30 08:12:54,535.05
2022-03-30 08:12:59,535.11
2022-03-30 08:13:04,535.12
2022-03-30 08:13:09,535.18
2022-03-30 08:13:14,535.12
2022-03-30 08:13:19,535.05
2022-03-30 08:13:24,535.12
2022-03-30 08:13:29,535.12
2022-03-30 08:13:34,535.12
2022-03-30 08:13:39,535.12
2022-03-30 08:13:44,535.12
2022-03-30 08:13:49,535.18
2022-03-30 08:13:54,535.12
2022-03-30 08:13:59,535.19
2022-03-30 08:14:04,535.12
2022-03-30 08:14:09,535.12
2022-03-30 08:14:14,535.12
2022-03-30 08:14:19,535.12
2022-03-30 08:14:24,535.19
2022-03-30 08:14:29,535.19
2022-03-30 08:14:34,535.19
2022-03-30 08:14:39,535.19
2022-03-30 08:14:44,535.19
2022-03-30 08:14:49,535.19
2022-03-30 08:14:54,529.3211868831781
2022-03-30 08:14:59,535.19
2022-03-30 08:15:04,529.3843987397777
2022-03-30 08:15:09,535.19
2022-03-30 08:15:14,535.13
2022-03-30 08:15:19,535.13
2022-03-30 08:15:24,535.19
2022-03-30 08:15:29,535.13
2022-03-30 08:15:34,535.2
2022-03-30 08:15:39,535.13
2022-03-30 08:15:44,535.13
2022-03-30 08:15:49,535.13
2022-03-30 08:15:54,535.13
2022-03-30 08:15:59,535.13
2022-03-30 08:16:04,535.13
2022-03-30 08:16:09,535.13
2022-03-30 08:16:14,535.14
2022-03-30 08:16:19,535.14
2022-03-30 08:16:24,535.14
2022-03-30 08:16:29,535.07
2022-03-30 08:16:34,535.14
2022-03-30 08:16:39,535.14
2022-03-30 08:16:44,529.9523982486156
2022-03-30 08:16:49,535.14
2022-03-30 08:16:54,535.14
2022-03-30 08:16:59,535.14
2022-03-30 08:17:04,535.14
2022-03-30 08:17:09,535.14
2022-03-30 08:17:14,535.08
2022-03-30 08:17:19,535.15
2022-03-30 08:17:24,535.15
2022-03-30 08:17:29,530.1686669358448
2022-03-30 08:17:34,535.08
2022-03-30 08:17:39,535.15
2022-03-30 08:17:44,530.2351468764738
2022-03-30 08:17:49,535.15
2022-03-30 08:17:54,530.2778861692931
2022-03-30 08:17:59,535.09
2022-03-30 08:18:04,535.09
2022-03-30 08:18:09,530.3396048734135
2022-03-30 08:18:14,535.16
2022-03-30 08:18:19,535.16
2022-03-30 08:18:24,535.22
2022-03-30 08:18:29,535.16
2022-03-30 08:18:34,535.23
2022-03-30 08:18:39,535.16
2022-03-30 08:18:44,530.4723261165533
2022-03-30 08:18:49,535.16
2022-03-30 08:18:54,530.5073089482522
2022-03-30 08:18:59,535.23
2022-03-30 08:19:04,535.23
2022-03-30 08:19:09,535.27
2022-03-30 08:19:14,535.27
2022-03-30 08:19:19,535.24
2022-03-30 08:19:24,535.24
2022-03-30 08:19:29,535.24
2022-03-30 08:19:34,535.27
2022-03-30 08:19:39,535.24
2022-03-30 08:19:44,535.27
2022-03-30 08:19:49,535.28
2022-03-30 08:19:54,535.34
2022-03-30 08:19:59,535.28
2022-03-30 08:20:04,535.34
2022-03-30 08:20:09,535.34
2022-03-30 08:20:14,535.28
2022-03-30 08:20:19,535.28
2022-03-30 08:20:24,535.35
2022-03-30 08:20:29,535.28
2022-03-30 08:20:34,535.35
2022-03-30 08:20:39,535.35
2022-03-30 08:20:44,535.35
2022-03-30 08:20:49,535.29
2022-03-30 08:20:54,530.8219682766851
2022-03-30 08:20:59,535.35
2022-03-30 08:21:04,535.42
2022-03-30 08:21:09,530.8472769063294
2022-03-30 08:21:14,535.36
2022-03-30 08:21:19,535.36
2022-03-30 08:21:24,535.29
2022-03-30 08:21:29,530.8760348933896
2022-03-30 08:21:34,535.36
2022-03-30 08:21:39,535.36
2022-03-30 08:21:44,535.36
2022-03-30 08:21:49,535.36
2022-03-30 08:21:54,535.36
2022-03-30 08:21:59,535.36
2022-03-30 08:22:04,535.36
2022-03-30 08:22:09,535.3
2022-03-30 08:22:14,535.36
2022-03-30 08:22:19,535.36
2022-03-30 08:22:24,535.36
2022-03-30 08:22:29,535.36
2022-03-30 08:22:34,530.9294293956085
2022-03-30 08:22:39,535.36
2022-03-30 08:22:44,530.9321133495333
2022-03-30 08:22:49,535.36
2022-03-30 08:22:54,535.37
2022-03-30 08:22:59,535.3
2022-03-30 08:23:04,535.37
2022-03-30 08:23:09,530.9322586886835
2022-03-30 08:23:14,535.37
2022-03-30 08:23:19,530.9296708106842
2022-03-30 08:23:24,535.31
2022-03-30 08:23:29,535.31
2022-03-30 08:23:34,535.27
2022-03-30 08:23:39,535.27
2022-03-30 08:23:44,535.27
2022-03-30 08:23:49,535.21
2022-03-30 08:23:54,535.21
2022-03-30 08:23:59,535.21
2022-03-30 08:24:04,535.15
2022-03-30 08:24:09,535.21
2022-03-30 08:24:14,535.15
2022-03-30 08:24:19,535.15
2022-03-30 08:24:24,535.08
2022-03-30 08:24:29,535.08
2022-03-30 08:24:34,535.02
2022-03-30 08:24:39,535.02
2022-03-30 08:24:44,534.99
2022-03-30 08:24:49,534.99
2022-03-30 08:24:54,534.92
2022-03-30 08:24:59,534.86
2022-03-30 08:25:04,534.79
2022-03-30 08:25:09,534.79
2022-03-30 08:25:14,534.76
2022-03-30 08:25:19,534.7
2022-03-30 08:25:24,534.7
2022-03-30 08:25:29,534.7
2022-03-30 08:25:34,534.64
2022-03-30 08:25:39,534.64
2022-03-30 08:25:44,534.64
2022-03-30 08:25:49,534.57
2022-03-30 08:25:54,534.51
2022-03-30 08:25:59,534.51
2022-03-30 08:26:04,534.48
2022-03-30 08:26:09,534.51
2022-03-30 08:26:14,534.48
2022-03-30 08:26:19,534.42
2022-03-30 08:26:24,534.42
2022-03-30 08:26:29,534.35
2022-03-30 08:26:34,534.35
2022-03-30 08:26:39,530.5477358308995
2022-03-30 08:26:44,534.29
2022-03-30 08:26:49,534.26
2022-03-30 08:26:54,534.26
2022-03-30 08:26:59,534.19
2022-03-30 08:27:04,534.19
2022-03-30 08:27:09,534.2
2022-03-30 08:27:14,534.13
2022-03-30 08:27:19,534.2
2022-03-30 08:27:24,534.13
2022-03-30 08:27:29,534.14
2022-03-30 08:27:34,534.07
2022-03-30 08:27:39,534.14
2022-03-30 08:27:44,534.07
2022-03-30 08:27:49,534.01
2022-03-30 08:27:54,534.01
2022-03-30 08:27:59,533.98
2022-03-30 08:28:04,533.98
2022-03-30 08:28:09,533.98
2022-03-30 08:28:14,533.92
2022-03-30 08:28:19,533.98
2022-03-30 08:28:24,533.92
2022-03-30 08:28:29,533.85
2022-03-30 08:28:34,533.85
2022-03-30 08:28:39,533.86
2022-03-30 08:28:44,529.9741696629684
2022-03-30 08:28:49,533.86
2022-03-30 08:28:54,533.8
2022-03-30 08:28:59,533.76
2022-03-30 08:29:04,533.8
2022-03-30 08:29:09,533.76
2022-03-30 08:29:14,533.76
2022-03-30 08:29:19,533.76
2022-03-30 08:29:24,533.76
2022-03-30 08:29:29,533.7
2022-03-30 08:29:34,533.7
2022-03-30 08:29:39,533.64
2022-03-30 08:29:44,529.6132120033134
2022-03-30 08:29:49,533.64
2022-03-30 08:29:54,533.64
2022-03-30 08:29:59,533.58
2022-03-30 08:30:04,533.58
2022-03-30 08:30:09,533.58
2022-03-30 08:30:14,533.51
2022-03-30 08:30:19,533.51
2022-03-30 08:30:24,533.51
2022-03-30 08:30:29,529.3129691659672
2022-03-30 08:30:34,533.51
2022-03-30 08:30:39,533.42
2022-03-30 08:30:44,533.42
2022-03-30 08:30:49,533.42
2022-03-30 08:30:54,533.42
2022-03-30 08:30:59,533.42
2022-03-30 08:31:04,529.0645960038244
2022-03-30 08:31:09,533.35
2022-03-30 08:31:14,533.35
2022-03-30 08:31:19,533.35
2022-03-30 08:31:24,533.35
2022-03-30 08:31:29,533.35
2022-03-30 08:31:34,533.36
2022-03-30 08:31:39,533.36
2022-03-30 08:31:44,533.42
2022-03-30 08:31:49,533.48
2022-03-30 08:31:54,533.49
2022-03-30 08:31:59,533.48
2022-03-30 08:32:04,533.52
2022-03-30 08:32:09,533.52
2022-03-30 08:32:14,533.58
2022-03-30 08:32:19,533.58
2022-03-30 08:32:24,533.65
2022-03-30 08:32:29,533.71
2022-03-30 08:32:34,533.78
2022-03-30 08:32:39,533.78
2022-03-30 08:32:44,533.87
2022-03-30 08:32:49,533.94
2022-03-30 08:32:54,534.0
2022-03-30 08:32:59,534.1
2022-03-30 08:33:04,534.1
2022-03-30 08:33:09,534.16
2022-03-30 08:33:14,534.29
2022-03-30 08:33:19,534.39
2022-03-30 08:33:24,534.45
2022-03-30 08:33:29,534.52
2022-03-30 08:33:34,534.61
2022-03-30 08:33:39,534.74
2022-03-30 08:33:44,534.81
2022-03-30 08:33:49,534.96
2022-03-30 08:33:54,535.06
2022-03-30 08:33:59,535.19
2022-03-30 08:34:04,535.32
2022-03-30 08:34:09,535.35
2022-03-30 08:34:14,535.54
2022-03-30 08:34:19,535.58
2022-03-30 08:34:24,535.77
2022-03-30 08:34:29,535.83
2022-03-30 08:34:34,536.0
2022-03-30 08:34:39,536.09
2022-03-30 08:34:44,527.319407613508
2022-03-30 08:34:49,536.35
2022-03-30 08:34:54,536.44
2022-03-30 08:34:59,536.51
2022-03-30 08:35:04,527.1539190030961
2022-03-30 08:35:09,536.8
2022-03-30 08:35:14,536.9
2022-03-30 08:35:19,537.09
2022-03-30 08:35:24,537.19
2022-03-30 08:35:29,537.38
2022-03-30 08:35:34,537.48
2022-03-30 08:35:39,526.865144832058
2022-03-30 08:35:44,537.77
2022-03-30 08:35:49,526.7830295320639
2022-03-30 08:35:54,526.7420624536221
2022-03-30 08:35:59,538.15
2022-03-30 08:36:04,538.28
2022-03-30 08:36:09,538.41
2022-03-30 08:36:14,538.51
2022-03-30 08:36:19,538.67
2022-03-30 08:36:24,538.8
2022-03-30 08:36:29,538.96
2022-03-30 08:36:34,539.09
2022-03-30 08:36:39,526.3769868342122
2022-03-30 08:36:44,539.38
2022-03-30 08:36:49,539.48
2022-03-30 08:36:54,539.7
2022-03-30 08:36:59,539.83
2022-03-30 08:37:04,539.99
2022-03-30 08:37:09,540.12
2022-03-30 08:37:14,540.29
2022-03-30 08:37:19,540.41
2022-03-30 08:37:24,540.51
2022-03-30 08:37:29,540.7
2022-03-30 08:37:34,540.8
2022-03-30 08:37:39,540.99
2022-03-30 08:37:44,541.09
2022-03-30 08:37:49,541.22
2022-03-30 08:37:54,525.7906309806141
2022-03-30 08:37:59,541.51
2022-03-30 08:38:04,541.61
2022-03-30 08:38:09,541.74
2022-03-30 08:38:14,541.9
2022-03-30 08:38:19,542.03
2022-03-30 08:38:24,525.5670131580521
2022-03-30 08:38:29,542.25
2022-03-30 08:38:34,542.41
2022-03-30 08:38:39,542.48
2022-03-30 08:38:44,542.64
2022-03-30 08:38:49,542.77
2022-03-30 08:38:54,542.93
2022-03-30 08:38:59,542.99
2022-03-30 08:39:04,543.16
2022-03-30 08:39:09,543.28
2022-03-30 08:39:14,543.32
2022-03-30 08:39:19,543.45
2022-03-30 08:39:24,543.57
2022-03-30 08:39:29,543.67
2022-03-30 08:39:34,543.8
2022-03-30 08:39:39,543.83
2022-03-30 08:39:44,543.96
2022-03-30 08:39:49,544.02
2022-03-30 08:39:54,544.12
2022-03-30 08:39:59,544.19
2022-03-30 08:40:04,544.31
2022-03-30 08:40:09,544.35
2022-03-30 08:40:14,544.41
2022-03-30 08:40:19,524.79239604122
2022-03-30 08:40:24,544.6
2022-03-30 08:40:29,544.64
2022-03-30 08:40:34,544.7
2022-03-30 08:40:39,544.77
2022-03-30 08:40:44,544.83
2022-03-30 08:40:49,544.86
2022-03-30 08:40:54,544.93
2022-03-30 08:40:59,544.93
2022-03-30 08:41:04,544.92
2022-03-30 08:41:09,544.92
2022-03-30 08:41:14,544.99
2022-03-30 08:41:19,544.99
2022-03-30 08:41:24,544.98
2022-03-30 08:41:29,544.98
2022-03-30 08:41:34,544.98
2022-03-30 08:41:39,544.98
2022-03-30 08:41:44,544.98
2022-03-30 08:41:49,544.98
2022-03-30 08:41:54,544.98
2022-03-30 08:41:59,544.98
2022-03-30 08:42:04,544.92
2022-03-30 08:42:09,544.91
2022-03-30 08:42:14,544.85
2022-03-30 08:42:19,544.85
2022-03-30 08:42:24,524.1531173134174
2022-03-30 08:42:29,524.132798477897
2022-03-30 08:42:34,544.69
2022-03-30 08:42:39,544.62
2022-03-30 08:42:44,544.62
2022-03-30 08:42:49,544.59
2022-03-30 08:42:54,544.46
2022-03-30 08:42:59,544.4
2022-03-30 08:43:04,544.33
2022-03-30 08:43:09,544.3
2022-03-30 08:43:14,544.17
2022-03-30 08:43:19,544.1
2022-03-30 08:43:24,523.9351411175251
2022-03-30 08:43:29,543.94
2022-03-30 08:43:34,543.87
2022-03-30 08:43:39,543.78
2022-03-30 08:43:44,543.65
2022-03-30 08:43:49,543.58
2022-03-30 08:43:54,543.42
2022-03-30 08:43:59,543.35
2022-03-30 08:44:04,543.26
2022-03-30 08:44:09,543.06
2022-03-30 08:44:14,542.97
2022-03-30 08:44:19,542.9
2022-03-30 08:44:24,542.74
2022-03-30 08:44:29,542.61
2022-03-30 08:44:34,542.51
2022-03-30 08:44:39,542.38
2022-03-30 08:44:44,542.22
2022-03-30 08:44:49,542.09
2022-03-30 08:44:54,541.93
2022-03-30 08:44:59,541.8
2022-03-30 08:45:04,541.64
2022-03-30 08:45:09,541.52
2022-03-30 08:45:14,541.42
2022-03-30 08:45:19,541.22
2022-03-30 08:45:24,541.06
2022-03-30 08:45:29,540.9
2022-03-30 08:45:34,540.71
2022-03-30 08:45:39,540.55
2022-03-30 08:45:44,540.39
2022-03-30 08:45:49,540.19
2022-03-30 08:45:54,540.1
2022-03-30 08:45:59,539.87
2022-03-30 08:46:04,523.6017305901728
2022-03-30 08:46:09,539.58
2022-03-30 08:46:14,539.42
2022-03-30 08:46:19,539.23
2022-03-30 08:46:24,539.06
2022-03-30 08:46:29,538.94
2022-03-30 08:46:34,538.71
2022-03-30 08:46:39,523.5704453605044
2022-03-30 08:46:44,538.42
2022-03-30 08:46:49,538.32
2022-03-30 08:46:54,523.561034086824
2022-03-30 08:46:59,538.04
2022-03-30 08:47:04,537.91
2022-03-30 08:47:09,537.75
2022-03-30 08:47:14,537.62
2022-03-30 08:47:19,537.46
2022-03-30 08:47:24,537.36
2022-03-30 08:47:29,537.23
2022-03-30 08:47:34,537.1
2022-03-30 08:47:39,523.5462436564649
2022-03-30 08:47:44,536.85
2022-03-30 08:47:49,536.78
2022-03-30 08:47:54,536.59
2022-03-30 08:47:59,536.49
2022-03-30 08:48:04,536.37
2022-03-30 08:48:09,536.27
2022-03-30 08:48:14,536.2
2022-03-30 08:48:19,536.08
2022-03-30 08:48:24,535.98
2022-03-30 08:48:29,523.551535938673
2022-03-30 08:48:34,535.82
2022-03-30 08:48:39,535.69
2022-03-30 08:48:44,535.63
2022-03-30 08:48:49,535.56
2022-03-30 08:48:54,523.5619295166593
2022-03-30 08:48:59,535.4
2022-03-30 08:49:04,535.31
2022-03-30 08:49:09,535.24
2022-03-30 08:49:14,535.11
2022-03-30 08:49:19,535.05
2022-03-30 08:49:24,534.95
2022-03-30 08:49:29,523.5843069049981
2022-03-30 08:49:34,534.83
2022-03-30 08:49:39,534.79
2022-03-30 08:49:44,534.79
2022-03-30 08:49:49,534.67
2022-03-30 08:49:54,534.6
2022-03-30 08:49:59,534.54
2022-03-30 08:50:04,534.44
2022-03-30 08:50:09,534.44
2022-03-30 08:50:14,534.37
2022-03-30 08:50:19,534.31
2022-03-30 08:50:24,534.28
2022-03-30 08:50:29,534.22
2022-03-30 08:50:34,523.6470970617015
2022-03-30 08:50:39,534.09
2022-03-30 08:50:44,523.6589031099076
2022-03-30 08:50:49,534.02
2022-03-30 08:50:54,533.99
2022-03-30 08:50:59,523.6775608963541
2022-03-30 08:51:04,523.6840221002362
2022-03-30 08:51:09,533.86
2022-03-30 08:51:14,533.86
2022-03-30 08:51:19,533.8
2022-03-30 08:51:24,533.8
2022-03-30 08:51:29,523.7180183847364
2022-03-30 08:51:34,533.7
2022-03-30 08:51:39,533.77
2022-03-30 08:51:44,533.7
2022-03-30 08:51:49,533.7
2022-03-30 08:51:54,533.64
2022-03-30 08:51:59,533.64
2022-03-30 08:52:04,533.58
2022-03-30 08:52:09,533.57
2022-03-30 08:52:14,533.57
2022-03-30 08:52:19,533.57
2022-03-30 08:52:24,533.51
2022-03-30 08:52:29,533.51
2022-03-30 08:52:34,523.8175460198539
2022-03-30 08:52:39,533.48
2022-03-30 08:52:44,533.51
2022-03-30 08:52:49,533.48
2022-03-30 08:52:54,533.42
2022-03-30 08:52:59,533.42
2022-03-30 08:53:04,533.42
2022-03-30 08:53:09,523.8761898932938
2022-03-30 08:53:14,533.42
2022-03-30 08:53:19,533.42
2022-03-30 08:53:24,533.42
2022-03-30 08:53:29,533.42
2022-03-30 08:53:34,533.35
2022-03-30 08:53:39,533.35
2022-03-30 08:53:44,533.42
2022-03-30 08:53:49,523.9459949901266
2022-03-30 08:53:54,523.95486309955
2022-03-30 08:53:59,533.42
2022-03-30 08:54:04,533.42
2022-03-30 08:54:09,533.42
2022-03-30 08:54:14,533.42
2022-03-30 08:54:19,533.42
2022-03-30 08:54:24,533.42
2022-03-30 08:54:29,533.36
2022-03-30 08:54:34,524.02638426963
2022-03-30 08:54:39,533.42
2022-03-30 08:54:44,533.42
2022-03-30 08:54:49,533.43
2022-03-30 08:54:54,524.0622417848459
2022-03-30 08:54:59,533.43
2022-03-30 08:55:04,533.49
2022-03-30 08:55:09,533.49
2022-03-30 08:55:14,533.49
2022-03-30 08:55:19,533.52
2022-03-30 08:55:24,533.49
2022-03-30 08:55:29,533.49
2022-03-30 08:55:34,533.49
2022-03-30 08:55:39,533.49
2022-03-30 08:55:44,533.5
2022-03-30 08:55:49,533.5
2022-03-30 08:55:54,533.5
2022-03-30 08:55:59,533.5
2022-03-30 08:56:04,533.53
2022-03-30 08:56:09,533.53
2022-03-30 08:56:14,533.53
2022-03-30 08:56:19,524.2106330976511
2022-03-30 08:56:24,533.59
2022-03-30 08:56:29,533.59
2022-03-30 08:56:34,533.59
2022-03-30 08:56:39,533.6
2022-03-30 08:56:44,533.66
2022-03-30 08:56:49,533.6
2022-03-30 08:56:54,533.6
2022-03-30 08:56:59,533.66
2022-03-30 08:57:04,533.66
2022-03-30 08:57:09,524.2919239689783
2022-03-30 08:57:14,533.66
2022-03-30 08:57:19,533.66
2022-03-30 08:57:24,533.66
2022-03-30 08:57:29,533.66
2022-03-30 08:57:34,524.33037609963
2022-03-30 08:57:39,533.66
2022-03-30 08:57:44,533.73
2022-03-30 08:57:49,533.73
2022-03-30 08:57:54,533.73
2022-03-30 08:57:59,533.72
2022-03-30 08:58:04,533.72
2022-03-30 08:58:09,533.79
2022-03-30 08:58:14,533.79
2022-03-30 08:58:19,533.79
2022-03-30 08:58:24,533.79
2022-03-30 08:58:29,524.4089502465491
2022-03-30 08:58:34,533.79
2022-03-30 08:58:39,524.4222577131541
2022-03-30 08:58:44,533.79
2022-03-30 08:58:49,533.79
2022-03-30 08:58:54,533.82
2022-03-30 08:58:59,533.82
2022-03-30 08:59:04,533.82
2022-03-30 08:59:09,533.82
2022-03-30 08:59:14,524.4662217380405
2022-03-30 08:59:19,533.82
2022-03-30 08:59:24,524.4779987720304
2022-03-30 08:59:29,533.88
2022-03-30 08:59:34,533.88
2022-03-30 08:59:39,533.88
2022-03-30 08:59:44,533.94
2022-03-30 08:59:49,533.94
2022-03-30 08:59:54,533.94
2022-03-30 08:59:59,533.94
2022-03-30 09:00:04,534.0
2022-03-30 09:00:09,534.0
2022-03-30 09:00:14,534.0
2022-03-30 09:00:19,534.03
2022-03-30 09:00:24,534.03
2022-03-30 09:00:29,534.03
2022-03-30 09:00:34,534.03
2022-03-30 09:00:39,534.03
2022-03-30 09:00:44,524.5582946668416
2022-03-30 09:00:49,534.03
2022-03-30 09:00:54,534.09
2022-03-30 09:00:59,524.570366558289
2022-03-30 09:01:04,534.09
2022-03-30 09:01:09,524.5778509590745
2022-03-30 09:01:14,534.16
2022-03-30 09:01:19,534.16
2022-03-30 09:01:24,534.16
2022-03-30 09:01:29,534.16
2022-03-30 09:01:34,534.09
2022-03-30 09:01:39,534.15
2022-03-30 09:01:44,534.15
2022-03-30 09:01:49,534.09
2022-03-30 09:01:54,534.15
2022-03-30 09:01:59,534.15
2022-03-30 09:02:04,534.22
2022-03-30 09:02:09,534.15
2022-03-30 09:02:14,524.6148407114645
2022-03-30 09:02:19,534.15
2022-03-30 09:02:24,534.15
2022-03-30 09:02:29,534.15
2022-03-30 09:02:34,534.22
2022-03-30 09:02:39,534.15
2022-03-30 09:02:44,534.15
2022-03-30 09:02:49,534.15
2022-03-30 09:02:54,534.15
2022-03-30 09:02:59,524.6277035977332
2022-03-30 09:03:04,534.09
2022-03-30 09:03:09,534.09
2022-03-30 09:03:14,534.09
2022-03-30 09:03:19,534.09
2022-03-30 09:03:24,524.6299828829203
2022-03-30 09:03:29,534.09
2022-03-30 09:03:34,524.6298784815572
2022-03-30 09:03:39,534.08
2022-03-30 09:03:44,524.6291796975861
2022-03-30 09:03:49,534.02
2022-03-30 09:03:54,534.02
2022-03-30 09:03:59,534.02
2022-03-30 09:04:04,533.99
2022-03-30 09:04:09,533.99
2022-03-30 09:04:14,533.99
2022-03-30 09:04:19,533.99
2022-03-30 09:04:24,533.93
2022-03-30 09:04:29,533.93
2022-03-30 09:04:34,533.93
2022-03-30 09:04:39,533.93
2022-03-30 09:04:44,533.93
2022-03-30 09:04:49,533.93
2022-03-30 09:04:54,533.93
2022-03-30 09:04:59,533.93
2022-03-30 09:05:04,533.86
2022-03-30 09:05:09,524.5979469222781
2022-03-30 09:05:14,533.86
2022-03-30 09:05:19,533.86
2022-03-30 09:05:24,524.5874848496301
2022-03-30 09:05:29,533.86
2022-03-30 09:05:34,533.86
2022-03-30 09:05:39,533.86
2022-03-30 09:05:44,533.86
2022-03-30 09:05:49,533.86
2022-03-30 09:05:54,533.86
2022-03-30 09:05:59,533.86
2022-03-30 09:06:04,533.8
2022-03-30 09:06:09,533.86
2022-03-30 09:06:14,533.86
2022-03-30 09:06:19,524.535506489356
2022-03-30 09:06:24,533.86
2022-03-30 09:06:29,533.86
2022-03-30 09:06:34,533.92
2022-03-30 09:06:39,533.92
2022-03-30 09:06:44,533.99
2022-03-30 09:06:49,533.99
2022-03-30 09:06:54,534.02
2022-03-30 09:06:59,534.09
2022-03-30 09:07:04,534.08
2022-03-30 09:07:09,534.15
2022-03-30 09:07:14,524.4609743350185
2022-03-30 09:07:19,534.21
2022-03-30 09:07:24,534.27
2022-03-30 09:07:29,534.27
2022-03-30 09:07:34,534.37
2022-03-30 09:07:39,534.37
2022-03-30 09:07:44,534.43
2022-03-30 09:07:49,534.5
2022-03-30 09:07:54,534.5
2022-03-30 09:07:59,534.59
2022-03-30 09:08:04,534.65
2022-03-30 09:08:09,534.65
2022-03-30 09:08:14,534.72
2022-03-30 09:08:19,534.78
2022-03-30 09:08:24,534.78
2022-03-30 09:08:29,534.81
2022-03-30 09:08:34,534.88
2022-03-30 09:08:39,534.94
2022-03-30 09:08:44,535.0
2022-03-30 09:08:49,535.0
2022-03-30 09:08:54,535.03
2022-03-30 09:08:59,524.2505405465228
2022-03-30 09:09:04,535.09
2022-03-30 09:09:09,535.16
2022-03-30 09:09:14,535.16
2022-03-30 09:09:19,535.29
2022-03-30 09:09:24,535.29
2022-03-30 09:09:29,535.32
2022-03-30 09:09:34,535.38
2022-03-30 09:09:39,524.1450773933627
2022-03-30 09:09:44,535.51
2022-03-30 09:09:49,535.51
2022-03-30 09:09:54,535.6
2022-03-30 09:09:59,535.6
2022-03-30 09:10:04,535.67
2022-03-30 09:10:09,535.73
2022-03-30 09:10:14,535.79
2022-03-30 09:10:19,535.82
2022-03-30 09:10:24,535.89
2022-03-30 09:10:29,523.9924340543266
2022-03-30 09:10:34,535.95
2022-03-30 09:10:39,523.9591837144404
2022-03-30 09:10:44,536.11
2022-03-30 09:10:49,536.11
2022-03-30 09:10:54,536.23
2022-03-30 09:10:59,536.3
2022-03-30 09:11:04,523.8723269143507
2022-03-30 09:11:09,536.46
2022-03-30 09:11:14,523.8361441015787
2022-03-30 09:11:19,536.62
2022-03-30 09:11:24,536.68
2022-03-30 09:11:29,536.81
2022-03-30 09:11:34,523.7614193002114
2022-03-30 09:11:39,536.97
2022-03-30 09:11:44,537.04
2022-03-30 09:11:49,537.13
2022-03-30 09:11:54,537.26
2022-03-30 09:11:59,537.32
2022-03-30 09:12:04,537.42
2022-03-30 09:12:09,537.48
2022-03-30 09:12:14,537.64
2022-03-30 09:12:19,537.71
2022-03-30 09:12:24,537.77
2022-03-30 09:12:29,537.87
2022-03-30 09:12:34,537.93
2022-03-30 09:12:39,538.06
2022-03-30 09:12:44,538.09
2022-03-30 09:12:49,538.22
2022-03-30 09:12:54,538.29
2022-03-30 09:12:59,538.35
2022-03-30 09:13:04,538.45
2022-03-30 09:13:09,538.58
2022-03-30 09:13:14,538.58
2022-03-30 09:13:19,538.61
2022-03-30 09:13:24,538.67
2022-03-30 09:13:29,538.73
2022-03-30 09:13:34,538.8
2022-03-30 09:13:39,538.9
2022-03-30 09:13:44,523.2093927647583
2022-03-30 09:13:49,539.03
2022-03-30 09:13:54,538.96
2022-03-30 09:13:59,523.1394920918535
2022-03-30 09:14:04,539.09
2022-03-30 09:14:09,539.13
2022-03-30 09:14:14,539.12
2022-03-30 09:14:19,539.19
2022-03-30 09:14:24,539.19
2022-03-30 09:14:29,539.25
2022-03-30 09:14:34,539.32
2022-03-30 09:14:39,539.32
2022-03-30 09:14:44,539.32
2022-03-30 09:14:49,539.38
2022-03-30 09:14:54,539.38
2022-03-30 09:14:59,539.38
2022-03-30 09:15:04,539.38
2022-03-30 09:15:09,539.42
2022-03-30 09:15:14,539.42
2022-03-30 09:15:19,539.42
2022-03-30 09:15:24,539.39
2022-03-30 09:15:29,539.42
2022-03-30 09:15:34,539.39
2022-03-30 09:15:39,539.39
2022-03-30 09:15:44,539.39
2022-03-30 09:15:49,539.42
2022-03-30 09:15:54,539.39
2022-03-30 09:15:59,539.39
2022-03-30 09:16:04,539.39
2022-03-30 09:16:09,539.39
2022-03-30 09:16:14,539.39
2022-03-30 09:16:19,522.4457069522642
2022-03-30 09:16:24,539.39
2022-03-30 09:16:29,539.39
2022-03-30 09:16:34,539.39
2022-03-30 09:16:39,539.39
2022-03-30 09:16:44,539.39
2022-03-30 09:16:49,539.39
2022-03-30 09:16:54,522.2644446095833
2022-03-30 09:16:59,539.42
2022-03-30 09:17:04,539.42
2022-03-30 09:17:09,539.42
2022-03-30 09:17:14,539.42
2022-03-30 09:17:19,539.42
2022-03-30 09:17:24,539.48
2022-03-30 09:17:29,539.48
2022-03-30 09:17:34,522.0556006674095
2022-03-30 09:17:39,539.42
2022-03-30 09:17:44,539.48
2022-03-30 09:17:49,539.49
2022-03-30 09:17:54,539.49
2022-03-30 09:17:59,539.49
2022-03-30 09:18:04,539.48
2022-03-30 09:18:09,539.49
2022-03-30 09:18:14,539.49
2022-03-30 09:18:19,539.55
2022-03-30 09:18:24,539.49
2022-03-30 09:18:29,539.55
2022-03-30 09:18:34,539.55
2022-03-30 09:18:39,539.55
2022-03-30 09:18:44,539.55
2022-03-30 09:18:49,539.61
2022-03-30 09:18:54,539.61
2022-03-30 09:18:59,539.61
2022-03-30 09:19:04,539.65
2022-03-30 09:19:09,539.65
2022-03-30 09:19:14,521.533751840501
2022-03-30 09:19:19,539.65
2022-03-30 09:19:24,539.65
2022-03-30 09:19:29,539.71
2022-03-30 09:19:34,539.71
2022-03-30 09:19:39,521.4050596894036
2022-03-30 09:19:44,539.78
2022-03-30 09:19:49,539.78
2022-03-30 09:19:54,539.84
2022-03-30 09:19:59,539.91
2022-03-30 09:20:04,539.91
2022-03-30 09:20:09,539.91
2022-03-30 09:20:14,539.94
2022-03-30 09:20:19,539.94
2022-03-30 09:20:24,540.01
2022-03-30 09:20:29,540.01
2022-03-30 09:20:34,540.07
2022-03-30 09:20:39,540.07
2022-03-30 09:20:44,521.077463638179
2022-03-30 09:20:49,521.0527933417823
2022-03-30 09:20:54,540.14
2022-03-30 09:20:59,540.17
2022-03-30 09:21:04,540.17
2022-03-30 09:21:09,540.23
2022-03-30 09:21:14,540.24
2022-03-30 09:21:19,540.24
2022-03-30 09:21:24,520.8827068822741
2022-03-30 09:21:29,540.3
2022-03-30 09:21:34,540.3
2022-03-30 09:21:39,540.37
2022-03-30 09:21:44,540.37
2022-03-30 09:21:49,540.37
2022-03-30 09:21:54,540.37
2022-03-30 09:21:59,540.43
2022-03-30 09:22:04,540.43
2022-03-30 09:22:09,540.43
2022-03-30 09:22:14,540.43
2022-03-30 09:22:19,540.44
2022-03-30 09:22:24,540.44
2022-03-30 09:22:29,540.44
2022-03-30 09:22:34,540.47
2022-03-30 09:22:39,520.5367401103712
2022-03-30 09:22:44,540.47
2022-03-30 09:22:49,540.44
2022-03-30 09:22:54,540.47
2022-03-30 09:22:59,540.47
2022-03-30 09:23:04,540.47
2022-03-30 09:23:09,520.4068826940684
2022-03-30 09:23:14,540.47
2022-03-30 09:23:19,540.54
2022-03-30 09:23:24,540.54
2022-03-30 09:23:29,540.54
2022-03-30 09:23:34,540.54
2022-03-30 09:23:39,520.2827058792692
2022-03-30 09:23:44,540.54
2022-03-30 09:23:49,540.54
2022-03-30 09:23:54,540.54
2022-03-30 09:23:59,520.2033428126582
2022-03-30 09:24:04,540.47
2022-03-30 09:24:09,540.47
2022-03-30 09:24:14,540.54
2022-03-30 09:24:19,540.47
2022-03-30 09:24:24,540.47
2022-03-30 09:24:29,540.47
2022-03-30 09:24:34,540.44
2022-03-30 09:24:39,540.44
2022-03-30 09:24:44,540.44
2022-03-30 09:24:49,540.44
2022-03-30 09:24:54,540.31
2022-03-30 09:24:59,540.37
2022-03-30 09:25:04,519.9656457840563
2022-03-30 09:25:09,540.24
2022-03-30 09:25:14,540.25
2022-03-30 09:25:19,540.18
2022-03-30 09:25:24,540.15
2022-03-30 09:25:29,540.08
2022-03-30 09:25:34,540.02
2022-03-30 09:25:39,540.02
2022-03-30 09:25:44,539.95
2022-03-30 09:25:49,539.85
2022-03-30 09:25:54,539.79
2022-03-30 09:25:59,539.72
2022-03-30 09:26:04,539.63
2022-03-30 09:26:09,539.56
2022-03-30 09:26:14,539.43
2022-03-30 09:26:19,539.34
2022-03-30 09:26:24,539.27
2022-03-30 09:26:29,539.14
2022-03-30 09:26:34,539.04
2022-03-30 09:26:39,538.91
2022-03-30 09:26:44,538.88
2022-03-30 09:26:49,538.82
2022-03-30 09:26:54,519.6341632919931
2022-03-30 09:26:59,538.59
2022-03-30 09:27:04,538.46
2022-03-30 09:27:09,538.36
2022-03-30 09:27:14,538.29
2022-03-30 09:27:19,538.17
2022-03-30 09:27:24,538.07
2022-03-30 09:27:29,537.94
2022-03-30 09:27:34,537.84
2022-03-30 09:27:39,537.78
2022-03-30 09:27:44,537.65
2022-03-30 09:27:49,537.49
2022-03-30 09:27:54,537.43
2022-03-30 09:27:59,537.33
2022-03-30 09:28:04,537.2
2022-03-30 09:28:09,537.07
2022-03-30 09:28:14,536.97
2022-03-30 09:28:19,519.4386988964617
2022-03-30 09:28:24,536.81
2022-03-30 09:28:29,536.62
2022-03-30 09:28:34,519.4096778104234
2022-03-30 09:28:39,536.46
2022-03-30 09:28:44,536.39
2022-03-30 09:28:49,536.29
2022-03-30 09:28:54,536.16
2022-03-30 09:28:59,536.1
2022-03-30 09:29:04,536.0
2022-03-30 09:29:09,535.93
2022-03-30 09:29:14,535.87
2022-03-30 09:29:19,535.77
2022-03-30 09:29:24,535.71
2022-03-30 09:29:29,535.58
2022-03-30 09:29:34,519.3099682102468
2022-03-30 09:29:39,535.42
2022-03-30 09:29:44,535.36
2022-03-30 09:29:49,535.19
2022-03-30 09:29:54,535.19
2022-03-30 09:29:59,535.07
2022-03-30 09:30:04,534.97
2022-03-30 09:30:09,534.9
2022-03-30 09:30:14,534.78
2022-03-30 09:30:19,534.74
2022-03-30 09:30:24,534.61
2022-03-30 09:30:29,534.55
2022-03-30 09:30:34,534.49
2022-03-30 09:30:39,534.45
2022-03-30 09:30:44,534.33
2022-03-30 09:30:49,534.26
2022-03-30 09:30:54,534.23
2022-03-30 09:30:59,534.16
2022-03-30 09:31:04,534.04
2022-03-30 09:31:09,519.2055264618627
2022-03-30 09:31:14,533.94
2022-03-30 09:31:19,533.88
2022-03-30 09:31:24,533.75
2022-03-30 09:31:29,533.72
2022-03-30 09:31:34,533.65
2022-03-30 09:31:39,533.59
2022-03-30 09:31:44,533.53
2022-03-30 09:31:49,533.46
2022-03-30 09:31:54,533.36
2022-03-30 09:31:59,533.3
2022-03-30 09:32:04,533.3
2022-03-30 09:32:09,533.2
2022-03-30 09:32:14,533.14
2022-03-30 09:32:19,533.07
2022-03-30 09:32:24,533.07
2022-03-30 09:32:29,533.01
2022-03-30 09:32:34,532.95
2022-03-30 09:32:39,519.1667541097065
2022-03-30 09:32:44,532.85
2022-03-30 09:32:49,532.78
2022-03-30 09:32:54,532.72
2022-03-30 09:32:59,532.69
2022-03-30 09:33:04,532.56
2022-03-30 09:33:09,532.49
2022-03-30 09:33:14,532.43
2022-03-30 09:33:19,532.4
2022-03-30 09:33:24,532.33
2022-03-30 09:33:29,532.27
2022-03-30 09:33:34,532.2
2022-03-30 09:33:39,532.17
2022-03-30 09:33:44,532.1
2022-03-30 09:33:49,532.04
2022-03-30 09:33:54,519.1789737723403
2022-03-30 09:33:59,531.91
2022-03-30 09:34:04,519.1836527695817
2022-03-30 09:34:09,531.81
2022-03-30 09:34:14,519.1890482067448
2022-03-30 09:34:19,531.75
2022-03-30 09:34:24,531.68
2022-03-30 09:34:29,531.65
2022-03-30 09:34:34,531.59
2022-03-30 09:34:39,531.52
2022-03-30 09:34:44,531.46
2022-03-30 09:34:49,519.2135690098979
2022-03-30 09:34:54,531.36
2022-03-30 09:34:59,531.36
2022-03-30 09:35:04,531.23
2022-03-30 09:35:09,531.22
2022-03-30 09:35:14,531.16
2022-03-30 09:35:19,519.2415569385477
2022-03-30 09:35:24,519.2468463807584
2022-03-30 09:35:29,531.0
2022-03-30 09:35:34,531.0
2022-03-30 09:35:39,531.0
2022-03-30 09:35:44,530.93
2022-03-30 09:35:49,530.93
2022-03-30 09:35:54,530.87
2022-03-30 09:35:59,530.83
2022-03-30 09:36:04,530.77
2022-03-30 09:36:09,530.76
2022-03-30 09:36:14,530.7
2022-03-30 09:36:19,530.7
2022-03-30 09:36:24,530.7
2022-03-30 09:36:29,530.7
2022-03-30 09:36:34,530.6
2022-03-30 09:36:39,530.6
2022-03-30 09:36:44,530.54
2022-03-30 09:36:49,530.53
2022-03-30 09:36:54,530.53
2022-03-30 09:36:59,530.41
2022-03-30 09:37:04,530.4
2022-03-30 09:37:09,530.34
2022-03-30 09:37:14,530.3
2022-03-30 09:37:19,530.33
2022-03-30 09:37:24,530.3
2022-03-30 09:37:29,530.23
2022-03-30 09:37:34,519.4468555947066
2022-03-30 09:37:39,530.17
2022-03-30 09:37:44,530.1
2022-03-30 09:37:49,530.1
2022-03-30 09:37:54,530.07
2022-03-30 09:37:59,519.499078011625
2022-03-30 09:38:04,529.94
2022-03-30 09:38:09,529.94
2022-03-30 09:38:14,529.81
2022-03-30 09:38:19,529.81
2022-03-30 09:38:24,529.78
2022-03-30 09:38:29,529.71
2022-03-30 09:38:34,529.58
2022-03-30 09:38:39,529.65
2022-03-30 09:38:44,529.55
2022-03-30 09:38:49,529.49
2022-03-30 09:38:54,519.6293797058985
2022-03-30 09:38:59,529.36
2022-03-30 09:39:04,529.29
2022-03-30 09:39:09,529.26
2022-03-30 09:39:14,529.26
2022-03-30 09:39:19,529.13
2022-03-30 09:39:24,529.13
2022-03-30 09:39:29,529.04
2022-03-30 09:39:34,528.97
2022-03-30 09:39:39,528.91
2022-03-30 09:39:44,528.91
2022-03-30 09:39:49,528.78
2022-03-30 09:39:54,519.7943081544903
2022-03-30 09:39:59,528.68
2022-03-30 09:40:04,528.62
2022-03-30 09:40:09,528.62
2022-03-30 09:40:14,528.55
2022-03-30 09:40:19,528.46
2022-03-30 09:40:24,528.46
2022-03-30 09:40:29,528.39
2022-03-30 09:40:34,528.33
2022-03-30 09:40:39,528.26
2022-03-30 09:40:44,528.23
2022-03-30 09:40:49,528.17
2022-03-30 09:40:54,528.1
2022-03-30 09:40:59,528.04
2022-03-30 09:41:04,528.04
2022-03-30 09:41:09,520.0307203484856
2022-03-30 09:41:14,528.01
2022-03-30 09:41:19,528.01
2022-03-30 09:41:24,527.88
2022-03-30 09:41:29,527.95
2022-03-30 09:41:34,527.88
2022-03-30 09:41:39,527.88
2022-03-30 09:41:44,527.82
2022-03-30 09:41:49,527.95
2022-03-30 09:41:54,527.88
2022-03-30 09:41:59,527.88
2022-03-30 09:42:04,527.88
2022-03-30 09:42:09,527.95
2022-03-30 09:42:14,528.01
2022-03-30 09:42:19,520.2782595597361
2022-03-30 09:42:24,528.01
2022-03-30 09:42:29,528.05
2022-03-30 09:42:34,520.3343440959592
2022-03-30 09:42:39,528.18
2022-03-30 09:42:44,528.24
2022-03-30 09:42:49,528.27
2022-03-30 09:42:54,520.4106712666893
2022-03-30 09:42:59,520.4300211876405
2022-03-30 09:43:04,528.47
2022-03-30 09:43:09,528.56
2022-03-30 09:43:14,528.63
2022-03-30 09:43:19,528.76
2022-03-30 09:43:24,528.79
2022-03-30 09:43:29,528.92
2022-03-30 09:43:34,528.98
2022-03-30 09:43:39,529.08
2022-03-30 09:43:44,529.21
2022-03-30 09:43:49,529.27
2022-03-30 09:43:54,529.37
2022-03-30 09:43:59,529.5
2022-03-30 09:44:04,529.6
2022-03-30 09:44:09,529.73
2022-03-30 09:44:14,529.79
2022-03-30 09:44:19,529.95
2022-03-30 09:44:24,530.11
2022-03-30 09:44:29,530.24
2022-03-30 09:44:34,530.34
2022-03-30 09:44:39,530.47
2022-03-30 09:44:44,530.63
2022-03-30 09:44:49,530.76
2022-03-30 09:44:54,530.85
2022-03-30 09:44:59,531.05
2022-03-30 09:45:04,531.14
2022-03-30 09:45:09,531.27
2022-03-30 09:45:14,531.37
2022-03-30 09:45:19,531.57
2022-03-30 09:45:24,521.0317129902154
2022-03-30 09:45:29,531.79
2022-03-30 09:45:34,531.95
2022-03-30 09:45:39,532.08
2022-03-30 09:45:44,532.24
2022-03-30 09:45:49,532.4
2022-03-30 09:45:54,532.59
2022-03-30 09:45:59,532.66
2022-03-30 09:46:04,532.89
2022-03-30 09:46:09,532.92
2022-03-30 09:46:14,521.2541454309024
2022-03-30 09:46:19,521.2767195233362
2022-03-30 09:46:24,533.41
2022-03-30 09:46:29,521.3220320587961
2022-03-30 09:46:34,533.69
2022-03-30 09:46:39,533.79
2022-03-30 09:46:44,533.92
2022-03-30 09:46:49,534.08
2022-03-30 09:46:54,534.15
2022-03-30 09:46:59,534.31
2022-03-30 09:47:04,534.44
2022-03-30 09:47:09,534.47
2022-03-30 09:47:14,534.53
2022-03-30 09:47:19,534.67
2022-03-30 09:47:24,534.76
2022-03-30 09:47:29,521.5979885417066
2022-03-30 09:47:34,534.96
2022-03-30 09:47:39,534.96
2022-03-30 09:47:44,535.05
2022-03-30 09:47:49,535.12
2022-03-30 09:47:54,535.19
2022-03-30 09:47:59,535.19
2022-03-30 09:48:04,535.25
2022-03-30 09:48:09,535.28
2022-03-30 09:48:14,535.28
2022-03-30 09:48:19,535.35
2022-03-30 09:48:24,535.35
2022-03-30 09:48:29,535.42
2022-03-30 09:48:34,535.42
2022-03-30 09:48:39,535.42
2022-03-30 09:48:44,535.48
2022-03-30 09:48:49,535.48
2022-03-30 09:48:54,535.42
2022-03-30 09:48:59,535.42
2022-03-30 09:49:04,535.42
2022-03-30 09:49:09,535.42
2022-03-30 09:49:14,535.42
2022-03-30 09:49:19,535.42
2022-03-30 09:49:24,535.36
2022-03-30 09:49:29,535.36
2022-03-30 09:49:34,535.36
2022-03-30 09:49:39,535.36
2022-03-30 09:49:44,535.3
2022-03-30 09:49:49,535.3
2022-03-30 09:49:54,535.26
2022-03-30 09:49:59,535.27
2022-03-30 09:50:04,535.26
2022-03-30 09:50:09,535.2
2022-03-30 09:50:14,535.2
2022-03-30 09:50:19,535.2
2022-03-30 09:50:24,535.14
2022-03-30 09:50:29,522.449989462462
2022-03-30 09:50:34,535.14
2022-03-30 09:50:39,535.07
2022-03-30 09:50:44,535.07
2022-03-30 09:50:49,535.07
2022-03-30 09:50:54,535.01
2022-03-30 09:50:59,535.07
2022-03-30 09:51:04,535.01
2022-03-30 09:51:09,535.01
2022-03-30 09:51:14,535.01
2022-03-30 09:51:19,534.98
2022-03-30 09:51:24,534.91
2022-03-30 09:51:29,522.7348946707217
2022-03-30 09:51:34,522.7585256119571
2022-03-30 09:51:39,534.85
2022-03-30 09:51:44,534.85
2022-03-30 09:51:49,522.8292761662561
2022-03-30 09:51:54,534.85
2022-03-30 09:51:59,522.8763122506531
2022-03-30 09:52:04,534.78
2022-03-30 09:52:09,534.85
2022-03-30 09:52:14,534.78
2022-03-30 09:52:19,522.9700257007438
2022-03-30 09:52:24,534.85
2022-03-30 09:52:29,534.91
2022-03-30 09:52:34,534.85
2022-03-30 09:52:39,523.063210637442
2022-03-30 09:52:44,534.98
2022-03-30 09:52:49,534.91
2022-03-30 09:52:54,534.98
2022-03-30 09:52:59,534.97
2022-03-30 09:53:04,534.97
2022-03-30 09:53:09,535.01
2022-03-30 09:53:14,535.0
2022-03-30 09:53:19,535.07
2022-03-30 09:53:24,535.06
2022-03-30 09:53:29,535.13
2022-03-30 09:53:34,535.19
2022-03-30 09:53:39,535.19
2022-03-30 09:53:44,535.26
2022-03-30 09:53:49,535.19
2022-03-30 09:53:54,535.26
2022-03-30 09:53:59,535.29
2022-03-30 09:54:04,535.35
2022-03-30 09:54:09,535.42
2022-03-30 09:54:14,523.4975702467075
2022-03-30 09:54:19,535.48
2022-03-30 09:54:24,535.41
2022-03-30 09:54:29,523.5647571460574
2022-03-30 09:54:34,535.47
2022-03-30 09:54:39,535.51
2022-03-30 09:54:44,535.51
2022-03-30 09:54:49,535.57
2022-03-30 09:54:54,535.57
2022-03-30 09:54:59,535.57
2022-03-30 09:55:04,535.57
2022-03-30 09:55:09,535.57
2022-03-30 09:55:14,535.63
2022-03-30 09:55:19,535.63
2022-03-30 09:55:24,535.63
2022-03-30 09:55:29,535.63
2022-03-30 09:55:34,535.63
2022-03-30 09:55:39,535.63
2022-03-30 09:55:44,535.63
2022-03-30 09:55:49,535.7
2022-03-30 09:55:54,535.7
2022-03-30 09:55:59,535.76
2022-03-30 09:56:04,535.76
2022-03-30 09:56:09,535.76
2022-03-30 09:56:14,535.7
2022-03-30 09:56:19,535.69
2022-03-30 09:56:24,535.76
2022-03-30 09:56:29,535.76
2022-03-30 09:56:34,535.76
2022-03-30 09:56:39,535.69
2022-03-30 09:56:44,535.7
2022-03-30 09:56:49,535.7
2022-03-30 09:56:54,535.7
2022-03-30 09:56:59,535.69
2022-03-30 09:57:04,524.2319279612705
2022-03-30 09:57:09,535.69
2022-03-30 09:57:14,535.63
2022-03-30 09:57:19,535.63
2022-03-30 09:57:24,535.7
2022-03-30 09:57:29,535.63
2022-03-30 09:57:34,524.3545885886804
2022-03-30 09:57:39,535.57
2022-03-30 09:57:44,535.57
2022-03-30 09:57:49,535.57
2022-03-30 09:57:54,535.57
2022-03-30 09:57:59,535.57
2022-03-30 09:58:04,535.57
2022-03-30 09:58:09,535.5
2022-03-30 09:58:14,535.5
2022-03-30 09:58:19,535.5
2022-03-30 09:58:24,535.5
2022-03-30 09:58:29,535.47
2022-03-30 09:58:34,535.47
2022-03-30 09:58:39,524.6120950424195
2022-03-30 09:58:44,535.47
2022-03-30 09:58:49,535.47
2022-03-30 09:58:54,535.47
2022-03-30 09:58:59,535.47
2022-03-30 09:59:04,535.41
2022-03-30 09:59:09,535.41
2022-03-30 09:59:14,535.41
2022-03-30 09:59:19,535.41
2022-03-30 09:59:24,535.41
2022-03-30 09:59:29,535.41
2022-03-30 09:59:34,535.41
2022-03-30 09:59:39,524.8389644498412
2022-03-30 09:59:44,535.41
2022-03-30 09:59:49,535.34
2022-03-30 09:59:54,535.41
2022-03-30 09:59:59,535.34
2022-03-30 10:00:04,535.34
2022-03-30 10:00:09,535.34
2022-03-30 10:00:14,535.34
2022-03-30 10:00:19,535.28
2022-03-30 10:00:24,535.27
2022-03-30 10:00:29,535.28
2022-03-30 10:00:34,535.24
2022-03-30 10:00:39,535.18
2022-03-30 10:00:44,535.18
2022-03-30 10:00:49,535.05
2022-03-30 10:00:54,535.05
2022-03-30 10:00:59,534.98
2022-03-30 10:01:04,534.98
2022-03-30 10:01:09,534.95
2022-03-30 10:01:14,534.95
2022-03-30 10:01:19,534.88
2022-03-30 10:01:24,534.82
2022-03-30 10:01:29,534.75
2022-03-30 10:01:34,534.72
2022-03-30 10:01:39,534.72
2022-03-30 10:01:44,534.72
2022-03-30 10:01:49,534.59
2022-03-30 10:01:54,534.53
2022-03-30 10:01:59,534.53
2022-03-30 10:02:04,534.46
2022-03-30 10:02:09,525.354705850483
2022-03-30 10:02:14,534.36
2022-03-30 10:02:19,534.3
2022-03-30 10:02:24,534.29
2022-03-30 10:02:29,525.4173827533498
2022-03-30 10:02:34,534.23
2022-03-30 10:02:39,534.2
2022-03-30 10:02:44,534.13
2022-03-30 10:02:49,534.0
2022-03-30 10:02:54,534.0
2022-03-30 10:02:59,533.94
2022-03-30 10:03:04,533.9
2022-03-30 10:03:09,533.84
2022-03-30 10:03:14,533.77
2022-03-30 10:03:19,533.77
2022-03-30 10:03:24,533.77
2022-03-30 10:03:29,525.5960593472655
2022-03-30 10:03:34,525.610296734241
2022-03-30 10:03:39,533.67
2022-03-30 10:03:44,533.61
2022-03-30 10:03:49,533.6
2022-03-30 10:03:54,533.54
2022-03-30 10:03:59,533.54
2022-03-30 10:04:04,533.48
2022-03-30 10:04:09,533.47
2022-03-30 10:04:14,533.41
2022-03-30 10:04:19,533.4
2022-03-30 10:04:24,533.37
2022-03-30 10:04:29,533.37
2022-03-30 10:04:34,533.31
2022-03-30 10:04:39,533.24
2022-03-30 10:04:44,525.7985956334793
2022-03-30 10:04:49,533.24
2022-03-30 10:04:54,533.18
2022-03-30 10:04:59,525.8361891842395
2022-03-30 10:05:04,533.14
2022-03-30 10:05:09,533.08
2022-03-30 10:05:14,533.01
2022-03-30 10:05:19,533.01
2022-03-30 10:05:24,532.94
2022-03-30 10:05:29,532.95
2022-03-30 10:05:34,525.9199801667653
2022-03-30 10:05:39,532.88
2022-03-30 10:05:44,532.85
2022-03-30 10:05:49,532.85
2022-03-30 10:05:54,532.79
2022-03-30 10:05:59,525.9763873245888
2022-03-30 10:06:04,532.78
2022-03-30 10:06:09,532.72
2022-03-30 10:06:14,532.65
2022-03-30 10:06:19,532.62
2022-03-30 10:06:24,532.62
2022-03-30 10:06:29,526.0401867174782
2022-03-30 10:06:34,532.56
2022-03-30 10:06:39,532.49
2022-03-30 10:06:44,532.49
2022-03-30 10:06:49,532.49
2022-03-30 10:06:54,532.43
2022-03-30 10:06:59,526.0996775559182
2022-03-30 10:07:04,532.43
2022-03-30 10:07:09,532.36
2022-03-30 10:07:14,532.36
2022-03-30 10:07:19,532.36
2022-03-30 10:07:24,532.33
2022-03-30 10:07:29,532.33
2022-03-30 10:07:34,532.33
2022-03-30 10:07:39,532.33
2022-03-30 10:07:44,532.27
2022-03-30 10:07:49,532.27
2022-03-30 10:07:54,526.1975094453041
2022-03-30 10:07:59,532.21
2022-03-30 10:08:04,532.21
2022-03-30 10:08:09,526.221661286317
2022-03-30 10:08:14,532.21
2022-03-30 10:08:19,532.2
2022-03-30 10:08:24,532.21
2022-03-30 10:08:29,532.2
2022-03-30 10:08:34,532.14
2022-03-30 10:08:39,532.14
2022-03-30 10:08:44,532.14
2022-03-30 10:08:49,532.14
2022-03-30 10:08:54,532.14
2022-03-30 10:08:59,532.11
2022-03-30 10:09:04,532.11
2022-03-30 10:09:09,532.14
2022-03-30 10:09:14,532.11
2022-03-30 10:09:19,532.11
2022-03-30 10:09:24,532.11
2022-03-30 10:09:29,526.3320934103665
2022-03-30 10:09:34,532.11
2022-03-30 10:09:39,532.11
2022-03-30 10:09:44,532.11
2022-03-30 10:09:49,526.3548514201836
2022-03-30 10:09:54,532.11
2022-03-30 10:09:59,532.14
2022-03-30 10:10:04,532.14
2022-03-30 10:10:09,532.21
2022-03-30 10:10:14,532.14
2022-03-30 10:10:19,532.14
2022-03-30 10:10:24,532.21
2022-03-30 10:10:29,532.21
2022-03-30 10:10:34,532.27
2022-03-30 10:10:39,532.27
2022-03-30 10:10:44,532.27
2022-03-30 10:10:49,532.27
2022-03-30 10:10:54,532.27
2022-03-30 10:10:59,532.27
2022-03-30 10:11:04,526.4228410212347
2022-03-30 10:11:09,526.4263970638802
2022-03-30 10:11:14,532.34
2022-03-30 10:11:19,532.27
2022-03-30 10:11:24,532.27
2022-03-30 10:11:29,532.27
2022-03-30 10:11:34,532.27
2022-03-30 10:11:39,532.21
2022-03-30 10:11:44,532.27
2022-03-30 10:11:49,532.28
2022-03-30 10:11:54,532.27
2022-03-30 10:11:59,526.4552219551896
2022-03-30 10:12:04,532.27
2022-03-30 10:12:09,532.21
2022-03-30 10:12:14,532.21
2022-03-30 10:12:19,532.21
2022-03-30 10:12:24,532.27
2022-03-30 10:12:29,532.21
2022-03-30 10:12:34,532.21
2022-03-30 10:12:39,532.28
2022-03-30 10:12:44,532.28
2022-03-30 10:12:49,532.28
2022-03-30 10:12:54,532.28
2022-03-30 10:12:59,532.28
2022-03-30 10:13:04,532.28
2022-03-30 10:13:09,532.34
2022-03-30 10:13:14,532.34
2022-03-30 10:13:19,532.34
2022-03-30 10:13:24,532.34
2022-03-30 10:13:29,532.34
2022-03-30 10:13:34,532.38
2022-03-30 10:13:39,532.37
2022-03-30 10:13:44,532.37
2022-03-30 10:13:49,526.4753552310373
2022-03-30 10:13:54,532.44
2022-03-30 10:13:59,526.4742222911362
2022-03-30 10:14:04,526.47347005691
2022-03-30 10:14:09,532.51
2022-03-30 10:14:14,532.57
2022-03-30 10:14:19,532.51
2022-03-30 10:14:24,532.57
2022-03-30 10:14:29,532.57
2022-03-30 10:14:34,532.64
2022-03-30 10:14:39,526.4647326218476
2022-03-30 10:14:44,532.67
2022-03-30 10:14:49,532.73
2022-03-30 10:14:54,532.8
2022-03-30 10:14:59,532.8
2022-03-30 10:15:04,532.8
2022-03-30 10:15:09,532.8
2022-03-30 10:15:14,526.4499085310813
2022-03-30 10:15:19,532.9
2022-03-30 10:15:24,532.9
2022-03-30 10:15:29,532.97
2022-03-30 10:15:34,532.97
2022-03-30 10:15:39,532.97
2022-03-30 10:15:44,533.04
2022-03-30 10:15:49,533.04
2022-03-30 10:15:54,533.1
2022-03-30 10:15:59,533.16
2022-03-30 10:16:04,533.16
2022-03-30 10:16:09,526.4142789157664
2022-03-30 10:16:14,533.16
2022-03-30 10:16:19,533.2
2022-03-30 10:16:24,533.19
2022-03-30 10:16:29,533.26
2022-03-30 10:16:34,533.26
2022-03-30 10:16:39,533.32
2022-03-30 10:16:44,533.26
2022-03-30 10:16:49,533.33
2022-03-30 10:16:54,533.33
2022-03-30 10:16:59,533.33
2022-03-30 10:17:04,533.33
2022-03-30 10:17:09,533.33
2022-03-30 10:17:14,533.33
2022-03-30 10:17:19,533.33
2022-03-30 10:17:24,533.33
2022-03-30 10:17:29,533.26
2022-03-30 10:17:34,533.33
2022-03-30 10:17:39,533.33
2022-03-30 10:17:44,533.26
2022-03-30 10:17:49,533.33
2022-03-30 10:17:54,533.33
2022-03-30 10:17:59,533.33
2022-03-30 10:18:04,533.33
2022-03-30 10:18:09,533.33
2022-03-30 10:18:14,533.33
2022-03-30 10:18:19,533.33
2022-03-30 10:18:24,533.33
2022-03-30 10:18:29,533.26
2022-03-30 10:18:34,533.33
2022-03-30 10:18:39,533.33
2022-03-30 10:18:44,533.26
2022-03-30 10:18:49,533.33
2022-03-30 10:18:54,533.33
2022-03-30 10:18:59,533.32
2022-03-30 10:19:04,526.1999760224181
2022-03-30 10:19:09,533.33
2022-03-30 10:19:14,533.32
2022-03-30 10:19:19,533.32
2022-03-30 10:19:24,533.32
2022-03-30 10:19:29,533.32
2022-03-30 10:19:34,533.32
2022-03-30 10:19:39,533.26
2022-03-30 10:19:44,533.26
2022-03-30 10:19:49,533.26
2022-03-30 10:19:54,533.26
2022-03-30 10:19:59,533.19
2022-03-30 10:20:04,526.0908967340142
2022-03-30 10:20:09,533.19
2022-03-30 10:20:14,533.16
2022-03-30 10:20:19,533.16
2022-03-30 10:20:24,533.09
2022-03-30 10:20:29,533.09
2022-03-30 10:20:34,533.09
2022-03-30 10:20:39,533.03
2022-03-30 10:20:44,526.0080202431185
2022-03-30 10:20:49,532.96
2022-03-30 10:20:54,532.96
2022-03-30 10:20:59,532.96
2022-03-30 10:21:04,525.9635836006662
2022-03-30 10:21:09,532.96
2022-03-30 10:21:14,532.96
2022-03-30 10:21:19,532.95
2022-03-30 10:21:24,532.89
2022-03-30 10:21:29,532.89
2022-03-30 10:21:34,532.89
2022-03-30 10:21:39,532.89
2022-03-30 10:21:44,532.89
2022-03-30 10:21:49,532.86
2022-03-30 10:21:54,532.85
2022-03-30 10:21:59,532.86
2022-03-30 10:22:04,525.8188875331545
2022-03-30 10:22:09,532.79
2022-03-30 10:22:14,532.85
2022-03-30 10:22:19,532.72
2022-03-30 10:22:24,532.73
2022-03-30 10:22:29,532.72
2022-03-30 10:22:34,532.66
2022-03-30 10:22:39,532.66
2022-03-30 10:22:44,525.7134561408753
2022-03-30 10:22:49,532.63
2022-03-30 10:22:54,532.63
2022-03-30 10:22:59,532.63
2022-03-30 10:23:04,525.6582065714118
2022-03-30 10:23:09,532.56
2022-03-30 10:23:14,532.5
2022-03-30 10:23:19,532.5
2022-03-30 10:23:24,532.43
2022-03-30 10:23:29,532.43
2022-03-30 10:23:34,532.37
2022-03-30 10:23:39,532.37
2022-03-30 10:23:44,532.37
2022-03-30 10:23:49,532.33
2022-03-30 10:23:54,532.34
2022-03-30 10:23:59,532.27
2022-03-30 10:24:04,532.27
2022-03-30 10:24:09,532.27
2022-03-30 10:24:14,532.21
2022-03-30 10:24:19,532.14
2022-03-30 10:24:24,532.14
2022-03-30 10:24:29,532.11
2022-03-30 10:24:34,525.3902912158684
2022-03-30 10:24:39,532.05
2022-03-30 10:24:44,531.98
2022-03-30 10:24:49,532.05
2022-03-30 10:24:54,525.3267777844322
2022-03-30 10:24:59,531.92
2022-03-30 10:25:04,531.92
2022-03-30 10:25:09,531.92
2022-03-30 10:25:14,531.86
2022-03-30 10:25:19,531.86
2022-03-30 10:25:24,531.82
2022-03-30 10:25:29,531.82
2022-03-30 10:25:34,531.82
2022-03-30 10:25:39,531.76
2022-03-30 10:25:44,525.1622756136483
2022-03-30 10:25:49,531.69
2022-03-30 10:25:54,531.7
2022-03-30 10:25:59,531.7
2022-03-30 10:26:04,531.63
2022-03-30 10:26:09,531.63
2022-03-30 10:26:14,525.0599135422457
2022-03-30 10:26:19,531.6
2022-03-30 10:26:24,531.6
2022-03-30 10:26:29,531.53
2022-03-30 10:26:34,524.9902554040175
2022-03-30 10:26:39,531.4
2022-03-30 10:26:44,531.47
2022-03-30 10:26:49,531.4
2022-03-30 10:26:54,524.9195246552886
2022-03-30 10:26:59,524.9016804793895
2022-03-30 10:27:04,531.34
2022-03-30 10:27:09,531.31
2022-03-30 10:27:14,531.34
2022-03-30 10:27:19,531.3
2022-03-30 10:27:24,531.24
2022-03-30 10:27:29,531.24
2022-03-30 10:27:34,531.18
2022-03-30 10:27:39,531.18
2022-03-30 10:27:44,531.18
2022-03-30 10:27:49,531.11
2022-03-30 10:27:54,531.11
2022-03-30 10:27:59,531.11
2022-03-30 10:28:04,531.11
2022-03-30 10:28:09,531.11
2022-03-30 10:28:14,531.11
2022-03-30 10:28:19,531.17
2022-03-30 10:28:24,524.5893599380944
2022-03-30 10:28:29,524.5705069316231
2022-03-30 10:28:34,531.17
2022-03-30 10:28:39,531.17
2022-03-30 10:28:44,524.5136613029678
2022-03-30 10:28:49,531.23
2022-03-30 10:28:54,531.17
2022-03-30 10:28:59,531.23
2022-03-30 10:29:04,531.3
2022-03-30 10:29:09,531.29
2022-03-30 10:29:14,524.3987535841605
2022-03-30 10:29:19,531.29
2022-03-30 10:29:24,531.32
2022-03-30 10:29:29,531.32
2022-03-30 10:29:34,531.45
2022-03-30 10:29:39,531.45
2022-03-30 10:29:44,531.51
2022-03-30 10:29:49,531.58
2022-03-30 10:29:54,531.61
2022-03-30 10:29:59,531.61
2022-03-30 10:30:04,531.67
2022-03-30 10:30:09,531.79
2022-03-30 10:30:14,531.79
2022-03-30 10:30:19,531.83
2022-03-30 10:30:24,531.89
2022-03-30 10:30:29,524.1054141829968
2022-03-30 10:30:34,532.08
2022-03-30 10:30:39,532.08
2022-03-30 10:30:44,532.18
2022-03-30 10:30:49,532.24
2022-03-30 10:30:54,532.34
2022-03-30 10:30:59,532.4
2022-03-30 10:31:04,532.46
2022-03-30 10:31:09,532.59
2022-03-30 10:31:14,532.62
2022-03-30 10:31:19,532.75
2022-03-30 10:31:24,532.84
2022-03-30 10:31:29,532.97
2022-03-30 10:31:34,533.04
2022-03-30 10:31:39,533.13
2022-03-30 10:31:44,533.26
2022-03-30 10:31:49,533.36
2022-03-30 10:31:54,533.48
2022-03-30 10:31:59,533.55
2022-03-30 10:32:04,533.64
2022-03-30 10:32:09,523.7047005621675
2022-03-30 10:32:14,533.87
2022-03-30 10:32:19,534.06
2022-03-30 10:32:24,534.12
2022-03-30 10:32:29,534.22
2022-03-30 10:32:34,534.35
2022-03-30 10:32:39,534.45
2022-03-30 10:32:44,534.64
2022-03-30 10:32:49,534.74
2022-03-30 10:32:54,534.86
2022-03-30 10:32:59,534.9
2022-03-30 10:33:04,535.15
2022-03-30 10:33:09,535.31
2022-03-30 10:33:14,523.4411511143172
2022-03-30 10:33:19,535.47
2022-03-30 10:33:24,535.6
2022-03-30 10:33:29,535.76
2022-03-30 10:33:34,535.92
2022-03-30 10:33:39,536.12
2022-03-30 10:33:44,523.3192962988809
2022-03-30 10:33:49,536.35
2022-03-30 10:33:54,536.44
2022-03-30 10:33:59,523.258398197192
2022-03-30 10:34:04,536.79
2022-03-30 10:34:09,536.95
2022-03-30 10:34:14,537.09
2022-03-30 10:34:19,523.1772805159196
2022-03-30 10:34:24,537.44
2022-03-30 10:34:29,537.6
2022-03-30 10:34:34,537.76
2022-03-30 10:34:39,537.98
2022-03-30 10:34:44,523.0760858815149
2022-03-30 10:34:49,538.25
2022-03-30 10:34:54,523.0356947544445
2022-03-30 10:34:59,538.56
2022-03-30 10:35:04,538.7
2022-03-30 10:35:09,538.79
2022-03-30 10:35:14,539.02
2022-03-30 10:35:19,539.21
2022-03-30 10:35:24,539.27
2022-03-30 10:35:29,539.44
2022-03-30 10:35:34,539.6
2022-03-30 10:35:39,539.82
2022-03-30 10:35:44,539.82
2022-03-30 10:35:49,540.02
2022-03-30 10:35:54,540.18
2022-03-30 10:35:59,540.31
2022-03-30 10:36:04,540.4
2022-03-30 10:36:09,540.47
2022-03-30 10:36:14,540.63
2022-03-30 10:36:19,540.76
2022-03-30 10:36:24,522.6759501913739
2022-03-30 10:36:29,540.92
2022-03-30 10:36:34,541.05
2022-03-30 10:36:39,541.08
2022-03-30 10:36:44,541.21
2022-03-30 10:36:49,541.21
2022-03-30 10:36:54,541.27
2022-03-30 10:36:59,541.34
2022-03-30 10:37:04,541.37
2022-03-30 10:37:09,541.37
2022-03-30 10:37:14,541.44
2022-03-30 10:37:19,522.4611534133892
2022-03-30 10:37:24,522.4418782368755
2022-03-30 10:37:29,541.44
2022-03-30 10:37:34,541.37
2022-03-30 10:37:39,541.34
2022-03-30 10:37:44,541.34
2022-03-30 10:37:49,541.34
2022-03-30 10:37:54,522.3272385694984
2022-03-30 10:37:59,541.15
2022-03-30 10:38:04,522.2894354162884
2022-03-30 10:38:09,522.2706153733873
2022-03-30 10:38:14,541.05
2022-03-30 10:38:19,540.92
2022-03-30 10:38:24,540.86
2022-03-30 10:38:29,522.195902848723
2022-03-30 10:38:34,540.7
2022-03-30 10:38:39,540.64
2022-03-30 10:38:44,540.54
2022-03-30 10:38:49,540.41
2022-03-30 10:38:54,540.31
2022-03-30 10:38:59,540.25
2022-03-30 10:39:04,540.05
2022-03-30 10:39:09,540.02
2022-03-30 10:39:14,539.89
2022-03-30 10:39:19,539.73
2022-03-30 10:39:24,539.61
2022-03-30 10:39:29,539.51
2022-03-30 10:39:34,539.28
2022-03-30 10:39:39,539.22
2022-03-30 10:39:44,539.02
2022-03-30 10:39:49,521.9072913690806
2022-03-30 10:39:54,538.8
2022-03-30 10:39:59,538.7
2022-03-30 10:40:04,538.57
2022-03-30 10:40:09,538.48
2022-03-30 10:40:14,538.29
2022-03-30 10:40:19,538.19
2022-03-30 10:40:24,538.0
2022-03-30 10:40:29,537.9
2022-03-30 10:40:34,537.77
2022-03-30 10:40:39,537.67
2022-03-30 10:40:44,537.54
2022-03-30 10:40:49,537.38
2022-03-30 10:40:54,537.25
2022-03-30 10:40:59,537.16
2022-03-30 10:41:04,536.97
2022-03-30 10:41:09,521.6382331577046
2022-03-30 10:41:14,536.71
2022-03-30 10:41:19,536.58
2022-03-30 10:41:24,536.45
2022-03-30 10:41:29,521.5745193464401
2022-03-30 10:41:34,536.2
2022-03-30 10:41:39,536.07
2022-03-30 10:41:44,535.94
2022-03-30 10:41:49,521.5123579767176
2022-03-30 10:41:54,535.69
2022-03-30 10:41:59,535.56
2022-03-30 10:42:04,535.4
2022-03-30 10:42:09,535.27
2022-03-30 10:42:14,535.17
2022-03-30 10:42:19,534.98
2022-03-30 10:42:24,534.88
2022-03-30 10:42:29,534.76
2022-03-30 10:42:34,534.69
2022-03-30 10:42:39,534.53
2022-03-30 10:42:44,534.47
2022-03-30 10:42:49,534.31
2022-03-30 10:42:54,534.18
2022-03-30 10:42:59,534.15
2022-03-30 10:43:04,534.02
2022-03-30 10:43:09,533.86
2022-03-30 10:43:14,533.8
2022-03-30 10:43:19,533.73
2022-03-30 10:43:24,521.2403221797632
2022-03-30 10:43:29,533.44
2022-03-30 10:43:34,533.38
2022-03-30 10:43:39,533.22
2022-03-30 10:43:44,533.15
2022-03-30 10:43:49,533.12
2022-03-30 10:43:54,532.99
2022-03-30 10:43:59,532.86
2022-03-30 10:44:04,532.77
2022-03-30 10:44:09,532.7
2022-03-30 10:44:14,532.61
2022-03-30 10:44:19,532.48
2022-03-30 10:44:24,532.35
2022-03-30 10:44:29,532.32
2022-03-30 10:44:34,532.25
2022-03-30 10:44:39,532.12
2022-03-30 10:44:44,532.09
2022-03-30 10:44:49,532.03
2022-03-30 10:44:54,531.96
2022-03-30 10:44:59,531.9
2022-03-30 10:45:04,531.83
2022-03-30 10:45:09,531.74
2022-03-30 10:45:14,531.67
2022-03-30 10:45:19,520.9700136047046
2022-03-30 10:45:24,531.61
2022-03-30 10:45:29,531.45
2022-03-30 10:45:34,531.45
2022-03-30 10:45:39,531.32
2022-03-30 10:45:44,531.28
2022-03-30 10:45:49,531.32
2022-03-30 10:45:54,531.22
2022-03-30 10:45:59,531.16
2022-03-30 10:46:04,531.09
2022-03-30 10:46:09,531.06
2022-03-30 10:46:14,530.99
2022-03-30 10:46:19,520.858536716004
2022-03-30 10:46:24,530.93
2022-03-30 10:46:29,530.87
2022-03-30 10:46:34,520.8341281876088
2022-03-30 10:46:39,530.8
2022-03-30 10:46:44,530.77
2022-03-30 10:46:49,530.7
2022-03-30 10:46:54,520.8038283415366
2022-03-30 10:46:59,530.63
2022-03-30 10:47:04,530.57
2022-03-30 10:47:09,530.54
2022-03-30 10:47:14,530.54
2022-03-30 10:47:19,530.47
2022-03-30 10:47:24,530.41
2022-03-30 10:47:29,530.34
2022-03-30 10:47:34,530.28
2022-03-30 10:47:39,530.24
2022-03-30 10:47:44,530.18
2022-03-30 10:47:49,520.7342434241618
2022-03-30 10:47:54,530.12
2022-03-30 10:47:59,530.05
2022-03-30 10:48:04,529.95
2022-03-30 10:48:09,529.89
2022-03-30 10:48:14,529.82
2022-03-30 10:48:19,529.76
2022-03-30 10:48:24,529.76
2022-03-30 10:48:29,520.6968948868792
2022-03-30 10:48:34,529.6
2022-03-30 10:48:39,529.53
2022-03-30 10:48:44,520.6858895299958
2022-03-30 10:48:49,529.43
2022-03-30 10:48:54,520.6794638129379
2022-03-30 10:48:59,529.31
2022-03-30 10:49:04,529.2
2022-03-30 10:49:09,529.21
2022-03-30 10:49:14,529.14
2022-03-30 10:49:19,529.08
2022-03-30 10:49:24,529.01
2022-03-30 10:49:29,529.01
2022-03-30 10:49:34,528.98
2022-03-30 10:49:39,528.98
2022-03-30 10:49:44,528.92
2022-03-30 10:49:49,528.92
2022-03-30 10:49:54,528.85
2022-03-30 10:49:59,528.85
2022-03-30 10:50:04,528.79
2022-03-30 10:50:09,528.79
2022-03-30 10:50:14,528.79
2022-03-30 10:50:19,528.72
2022-03-30 10:50:24,528.72
2022-03-30 10:50:29,520.6522145732762
2022-03-30 10:50:34,520.6523560167697
2022-03-30 10:50:39,528.69
2022-03-30 10:50:44,528.72
2022-03-30 10:50:49,528.69
2022-03-30 10:50:54,528.69
2022-03-30 10:50:59,528.69
2022-03-30 10:51:04,528.69
2022-03-30 10:51:09,528.73
2022-03-30 10:51:14,528.79
2022-03-30 10:51:19,528.79
2022-03-30 10:51:24,528.79
2022-03-30 10:51:29,528.85
2022-03-30 10:51:34,528.85
2022-03-30 10:51:39,520.6669170564619
2022-03-30 10:51:44,528.92
2022-03-30 10:51:49,528.98
2022-03-30 10:51:54,528.99
2022-03-30 10:51:59,528.99
2022-03-30 10:52:04,529.02
2022-03-30 10:52:09,529.08
2022-03-30 10:52:14,529.15
2022-03-30 10:52:19,529.21
2022-03-30 10:52:24,529.24
2022-03-30 10:52:29,529.31
2022-03-30 10:52:34,529.24
2022-03-30 10:52:39,529.37
2022-03-30 10:52:44,529.37
2022-03-30 10:52:49,529.5
2022-03-30 10:52:54,529.5
2022-03-30 10:52:59,529.54
2022-03-30 10:53:04,520.7173553308714
2022-03-30 10:53:09,529.66
2022-03-30 10:53:14,529.76
2022-03-30 10:53:19,529.82
2022-03-30 10:53:24,529.89
2022-03-30 10:53:29,529.95
2022-03-30 10:53:34,530.05
2022-03-30 10:53:39,530.11
2022-03-30 10:53:44,530.18
2022-03-30 10:53:49,530.27
2022-03-30 10:53:54,530.34
2022-03-30 10:53:59,530.47
2022-03-30 10:54:04,530.53
2022-03-30 10:54:09,530.63
2022-03-30 10:54:14,530.75
2022-03-30 10:54:19,530.79
2022-03-30 10:54:24,530.92
2022-03-30 10:54:29,531.04
2022-03-30 10:54:34,531.08
2022-03-30 10:54:39,531.27
2022-03-30 10:54:44,531.37
2022-03-30 10:54:49,531.49
2022-03-30 10:54:54,531.56
2022-03-30 10:54:59,531.65
2022-03-30 10:55:04,520.8348445375033
2022-03-30 10:55:09,531.88
2022-03-30 10:55:14,520.8464795555391
2022-03-30 10:55:19,532.16
2022-03-30 10:55:24,532.3
2022-03-30 10:55:29,520.8643470485973
2022-03-30 10:55:34,532.52
2022-03-30 10:55:39,532.68
2022-03-30 10:55:44,532.81
2022-03-30 10:55:49,532.91
2022-03-30 10:55:54,533.03
2022-03-30 10:55:59,533.13
2022-03-30 10:56:04,533.32
2022-03-30 10:56:09,533.42
2022-03-30 10:56:14,533.61
2022-03-30 10:56:19,520.926977116176
2022-03-30 10:56:24,533.77
2022-03-30 10:56:29,533.93
2022-03-30 10:56:34,534.06
2022-03-30 10:56:39,534.15
2022-03-30 10:56:44,534.28
2022-03-30 10:56:49,534.35
2022-03-30 10:56:54,534.44
2022-03-30 10:56:59,534.57
2022-03-30 10:57:04,534.67
2022-03-30 10:57:09,534.79
2022-03-30 10:57:14,534.95
2022-03-30 10:57:19,535.01
2022-03-30 10:57:24,521.0133697822514
2022-03-30 10:57:29,535.18
2022-03-30 10:57:34,535.3
2022-03-30 10:57:39,535.4
2022-03-30 10:57:44,535.4
2022-03-30 10:57:49,535.59
2022-03-30 10:57:54,535.66
2022-03-30 10:57:59,535.69
2022-03-30 10:58:04,535.88
2022-03-30 10:58:09,535.91
2022-03-30 10:58:14,535.97
2022-03-30 10:58:19,536.1
2022-03-30 10:58:24,536.17
2022-03-30 10:58:29,536.26
2022-03-30 10:58:34,536.32
2022-03-30 10:58:39,536.43
2022-03-30 10:58:44,536.49
2022-03-30 10:58:49,536.55
2022-03-30 10:58:54,536.68
2022-03-30 10:58:59,536.72
2022-03-30 10:59:04,536.78
2022-03-30 10:59:09,536.84
2022-03-30 10:59:14,536.91
2022-03-30 10:59:19,537.01
2022-03-30 10:59:24,521.1764065954765
2022-03-30 10:59:29,537.07
2022-03-30 10:59:34,537.13
2022-03-30 10:59:39,521.1962376777851
2022-03-30 10:59:44,537.23
2022-03-30 10:59:49,537.3
2022-03-30 10:59:54,537.36
2022-03-30 10:59:59,537.36
2022-03-30 11:00:04,537.36
2022-03-30 11:00:09,537.43
2022-03-30 11:00:14,537.46
2022-03-30 11:00:19,537.52
2022-03-30 11:00:24,537.59
2022-03-30 11:00:29,537.52
2022-03-30 11:00:34,537.59
2022-03-30 11:00:39,537.59
2022-03-30 11:00:44,537.65
2022-03-30 11:00:49,537.72
2022-03-30 11:00:54,537.72
2022-03-30 11:00:59,537.75
2022-03-30 11:01:04,537.72
2022-03-30 11:01:09,537.76
2022-03-30 11:01:14,521.3138309321763
2022-03-30 11:01:19,521.3195133481969
2022-03-30 11:01:24,537.88
2022-03-30 11:01:29,537.82
2022-03-30 11:01:34,537.95
2022-03-30 11:01:39,537.95
2022-03-30 11:01:44,537.95
2022-03-30 11:01:49,537.95
2022-03-30 11:01:54,537.98
2022-03-30 11:01:59,537.98
2022-03-30 11:02:04,538.05
2022-03-30 11:02:09,538.05
2022-03-30 11:02:14,538.05
2022-03-30 11:02:19,538.05
2022-03-30 11:02:24,538.05
2022-03-30 11:02:29,538.11
2022-03-30 11:02:34,538.11
2022-03-30 11:02:39,538.11
2022-03-30 11:02:44,538.18
2022-03-30 11:02:49,538.11
2022-03-30 11:02:54,538.18
2022-03-30 11:02:59,538.18
2022-03-30 11:03:04,521.4220879494901
2022-03-30 11:03:09,521.4260678525674
2022-03-30 11:03:14,538.18
2022-03-30 11:03:19,538.18
2022-03-30 11:03:24,538.18
2022-03-30 11:03:29,538.18
2022-03-30 11:03:34,538.18
2022-03-30 11:03:39,521.4482136363326
2022-03-30 11:03:44,538.12
2022-03-30 11:03:49,538.18
2022-03-30 11:03:54,538.12
2022-03-30 11:03:59,538.18
2022-03-30 11:04:04,538.18
2022-03-30 11:04:09,538.18
2022-03-30 11:04:14,538.24
2022-03-30 11:04:19,538.25
2022-03-30 11:04:24,538.18
2022-03-30 11:04:29,538.24
2022-03-30 11:04:34,538.27
2022-03-30 11:04:39,538.24
2022-03-30 11:04:44,538.24
2022-03-30 11:04:49,538.18
2022-03-30 11:04:54,538.24
2022-03-30 11:04:59,538.24
2022-03-30 11:05:04,538.24
2022-03-30 11:05:09,538.24
2022-03-30 11:05:14,538.17
2022-03-30 11:05:19,538.17
2022-03-30 11:05:24,538.17
2022-03-30 11:05:29,521.5061541455173
2022-03-30 11:05:34,538.11
2022-03-30 11:05:39,538.1
2022-03-30 11:05:44,538.04
2022-03-30 11:05:49,538.04
2022-03-30 11:05:54,537.98
2022-03-30 11:05:59,537.98
2022-03-30 11:06:04,537.98
2022-03-30 11:06:09,537.98
2022-03-30 11:06:14,538.04
2022-03-30 11:06:19,537.94
2022-03-30 11:06:24,537.97
2022-03-30 11:06:29,537.97
2022-03-30 11:06:34,537.97
2022-03-30 11:06:39,537.94
2022-03-30 11:06:44,537.97
2022-03-30 11:06:49,521.5285776682797
2022-03-30 11:06:54,537.97
2022-03-30 11:06:59,537.97
2022-03-30 11:07:04,537.97
2022-03-30 11:07:09,537.97
2022-03-30 11:07:14,537.97
2022-03-30 11:07:19,537.97
2022-03-30 11:07:24,537.96
2022-03-30 11:07:29,537.97
2022-03-30 11:07:34,537.96
2022-03-30 11:07:39,537.97
2022-03-30 11:07:44,537.93
2022-03-30 11:07:49,537.93
2022-03-30 11:07:54,537.96
2022-03-30 11:07:59,521.5372273355981
2022-03-30 11:08:04,537.93
2022-03-30 11:08:09,537.93
2022-03-30 11:08:14,537.93
2022-03-30 11:08:19,537.93
2022-03-30 11:08:24,537.96
2022-03-30 11:08:29,537.96
2022-03-30 11:08:34,537.96
2022-03-30 11:08:39,537.96
2022-03-30 11:08:44,537.96
2022-03-30 11:08:49,537.96
2022-03-30 11:08:54,537.96
2022-03-30 11:08:59,521.5380803253107
2022-03-30 11:09:04,537.96
2022-03-30 11:09:09,537.96
2022-03-30 11:09:14,537.96
2022-03-30 11:09:19,537.96
2022-03-30 11:09:24,537.96
2022-03-30 11:09:29,537.96
2022-03-30 11:09:34,537.96
2022-03-30 11:09:39,537.93
2022-03-30 11:09:44,537.96
2022-03-30 11:09:49,537.96
2022-03-30 11:09:54,537.96
2022-03-30 11:09:59,521.5342039170633
2022-03-30 11:10:04,537.93
2022-03-30 11:10:09,537.93
2022-03-30 11:10:14,537.87
2022-03-30 11:10:19,537.87
2022-03-30 11:10:24,537.87
2022-03-30 11:10:29,537.87
2022-03-30 11:10:34,537.81
2022-03-30 11:10:39,537.81
2022-03-30 11:10:44,537.81
2022-03-30 11:10:49,537.74
2022-03-30 11:10:54,537.74
2022-03-30 11:10:59,537.71
2022-03-30 11:11:04,537.65
2022-03-30 11:11:09,521.525381086363
2022-03-30 11:11:14,537.65
2022-03-30 11:11:19,537.71
2022-03-30 11:11:24,537.65
2022-03-30 11:11:29,537.65
2022-03-30 11:11:34,537.65
2022-03-30 11:11:39,521.5206477598242
2022-03-30 11:11:44,537.65
2022-03-30 11:11:49,537.65
2022-03-30 11:11:54,537.65
2022-03-30 11:11:59,537.65
2022-03-30 11:12:04,537.65
2022-03-30 11:12:09,537.65
2022-03-30 11:12:14,537.72
2022-03-30 11:12:19,537.72
2022-03-30 11:12:24,537.75
2022-03-30 11:12:29,537.75
2022-03-30 11:12:34,537.75
2022-03-30 11:12:39,537.81
2022-03-30 11:12:44,537.88
2022-03-30 11:12:49,537.81
2022-03-30 11:12:54,537.88
2022-03-30 11:12:59,537.88
2022-03-30 11:13:04,537.88
2022-03-30 11:13:09,537.95
2022-03-30 11:13:14,537.95
2022-03-30 11:13:19,537.98
2022-03-30 11:13:24,537.98
2022-03-30 11:13:29,538.04
2022-03-30 11:13:34,538.11
2022-03-30 11:13:39,538.05
2022-03-30 11:13:44,538.17
2022-03-30 11:13:49,538.24
2022-03-30 11:13:54,538.24
2022-03-30 11:13:59,538.24
2022-03-30 11:14:04,538.27
2022-03-30 11:14:09,521.4949594080649
2022-03-30 11:14:14,538.4
2022-03-30 11:14:19,538.34
2022-03-30 11:14:24,538.4
2022-03-30 11:14:29,538.46
2022-03-30 11:14:34,538.5
2022-03-30 11:14:39,538.5
2022-03-30 11:14:44,538.56
2022-03-30 11:14:49,538.56
2022-03-30 11:14:54,538.63
2022-03-30 11:14:59,538.69
2022-03-30 11:15:04,538.76
2022-03-30 11:15:09,538.76
2022-03-30 11:15:14,538.79
2022-03-30 11:15:19,538.79
2022-03-30 11:15:24,538.92
2022-03-30 11:15:29,538.98
2022-03-30 11:15:34,538.99
2022-03-30 11:15:39,539.02
2022-03-30 11:15:44,539.08
2022-03-30 11:15:49,539.21
2022-03-30 11:15:54,539.27
2022-03-30 11:15:59,539.31
2022-03-30 11:16:04,539.37
2022-03-30 11:16:09,539.5
2022-03-30 11:16:14,539.6
2022-03-30 11:16:19,539.6
2022-03-30 11:16:24,539.66
2022-03-30 11:16:29,539.73
2022-03-30 11:16:34,539.82
2022-03-30 11:16:39,521.4803055875416
2022-03-30 11:16:44,540.02
2022-03-30 11:16:49,540.05
2022-03-30 11:16:54,540.12
2022-03-30 11:16:59,540.18
2022-03-30 11:17:04,540.31
2022-03-30 11:17:09,540.31
2022-03-30 11:17:14,540.41
2022-03-30 11:17:19,540.47
2022-03-30 11:17:24,540.54
2022-03-30 11:17:29,540.57
2022-03-30 11:17:34,540.7
2022-03-30 11:17:39,540.77
2022-03-30 11:17:44,540.83
2022-03-30 11:17:49,540.93
2022-03-30 11:17:54,540.99
2022-03-30 11:17:59,541.06
2022-03-30 11:18:04,541.15
2022-03-30 11:18:09,541.16
2022-03-30 11:18:14,541.29
2022-03-30 11:18:19,541.29
2022-03-30 11:18:24,541.45
2022-03-30 11:18:29,541.45
2022-03-30 11:18:34,541.58
2022-03-30 11:18:39,541.61
2022-03-30 11:18:44,541.67
2022-03-30 11:18:49,541.74
2022-03-30 11:18:54,521.4888437878266
2022-03-30 11:18:59,521.4894935345621
2022-03-30 11:19:04,541.9
2022-03-30 11:19:09,541.97
2022-03-30 11:19:14,542.1
2022-03-30 11:19:19,542.13
2022-03-30 11:19:24,542.19
2022-03-30 11:19:29,542.26
2022-03-30 11:19:34,521.4944964980142
2022-03-30 11:19:39,542.39
2022-03-30 11:19:44,542.39
2022-03-30 11:19:49,542.42
2022-03-30 11:19:54,542.55
2022-03-30 11:19:59,542.61
2022-03-30 11:20:04,542.64
2022-03-30 11:20:09,542.71
2022-03-30 11:20:14,542.71
2022-03-30 11:20:19,542.77
2022-03-30 11:20:24,542.91
2022-03-30 11:20:29,542.94
2022-03-30 11:20:34,543.0
2022-03-30 11:20:39,543.06
2022-03-30 11:20:44,543.13
2022-03-30 11:20:49,543.16
2022-03-30 11:20:54,543.22
2022-03-30 11:20:59,543.35
2022-03-30 11:21:04,543.42
2022-03-30 11:21:09,543.51
2022-03-30 11:21:14,521.5115376823692
2022-03-30 11:21:19,543.64
2022-03-30 11:21:24,543.74
2022-03-30 11:21:29,521.5142206222474
2022-03-30 11:21:34,543.87
2022-03-30 11:21:39,543.96
2022-03-30 11:21:44,544.03
2022-03-30 11:21:49,544.09
2022-03-30 11:21:54,544.19
2022-03-30 11:21:59,544.32
2022-03-30 11:22:04,544.45
2022-03-30 11:22:09,521.521241271295
2022-03-30 11:22:14,544.61
2022-03-30 11:22:19,544.67
2022-03-30 11:22:24,544.77
2022-03-30 11:22:29,544.9
2022-03-30 11:22:34,544.99
2022-03-30 11:22:39,521.5262242895399
2022-03-30 11:22:44,545.18
2022-03-30 11:22:49,521.5278037595328
2022-03-30 11:22:54,545.35
2022-03-30 11:22:59,545.47
2022-03-30 11:23:04,545.57
2022-03-30 11:23:09,545.7
2022-03-30 11:23:14,545.73
2022-03-30 11:23:19,545.86
2022-03-30 11:23:24,545.98
2022-03-30 11:23:29,546.08
2022-03-30 11:23:34,546.14
2022-03-30 11:23:39,521.534855595385
2022-03-30 11:23:44,546.37
2022-03-30 11:23:49,546.5
2022-03-30 11:23:54,546.53
2022-03-30 11:23:59,546.72
2022-03-30 11:24:04,546.75
2022-03-30 11:24:09,546.88
2022-03-30 11:24:14,521.5387084775101
2022-03-30 11:24:19,547.04
2022-03-30 11:24:24,521.539608375932
2022-03-30 11:24:29,547.27
2022-03-30 11:24:34,547.4
2022-03-30 11:24:39,547.52
2022-03-30 11:24:44,547.56
2022-03-30 11:24:49,547.75
2022-03-30 11:24:54,547.78
2022-03-30 11:24:59,547.91
2022-03-30 11:25:04,548.04
2022-03-30 11:25:09,548.13
2022-03-30 11:25:14,548.26
2022-03-30 11:25:19,548.36
2022-03-30 11:25:24,548.42
2022-03-30 11:25:29,548.58
2022-03-30 11:25:34,548.65
2022-03-30 11:25:39,548.81
2022-03-30 11:25:44,548.87
2022-03-30 11:25:49,549.0
2022-03-30 11:25:54,549.1
2022-03-30 11:25:59,549.29
2022-03-30 11:26:04,549.29
2022-03-30 11:26:09,549.45
2022-03-30 11:26:14,549.52
2022-03-30 11:26:19,549.61
2022-03-30 11:26:24,549.68
2022-03-30 11:26:29,521.5408362367167
2022-03-30 11:26:34,549.84
2022-03-30 11:26:39,521.5399631507698
2022-03-30 11:26:44,550.03
2022-03-30 11:26:49,550.1
2022-03-30 11:26:54,550.19
2022-03-30 11:26:59,550.26
2022-03-30 11:27:04,550.26
2022-03-30 11:27:09,550.32
2022-03-30 11:27:14,550.35
2022-03-30 11:27:19,550.35
2022-03-30 11:27:24,550.35
2022-03-30 11:27:29,550.42
2022-03-30 11:27:34,550.42
2022-03-30 11:27:39,550.49
2022-03-30 11:27:44,550.42
2022-03-30 11:27:49,550.42
2022-03-30 11:27:54,550.42
2022-03-30 11:27:59,550.42
2022-03-30 11:28:04,550.32
2022-03-30 11:28:09,550.32
2022-03-30 11:28:14,550.26
2022-03-30 11:28:19,550.19
2022-03-30 11:28:24,550.13
2022-03-30 11:28:29,550.03
2022-03-30 11:28:34,521.5164654622521
2022-03-30 11:28:39,549.81
2022-03-30 11:28:44,549.68
2022-03-30 11:28:49,549.52
2022-03-30 11:28:54,549.39
2022-03-30 11:28:59,549.29
2022-03-30 11:29:04,549.07
2022-03-30 11:29:09,548.88
2022-03-30 11:29:14,548.71
2022-03-30 11:29:19,548.48
2022-03-30 11:29:24,548.26
2022-03-30 11:29:29,548.03
2022-03-30 11:29:34,547.78
2022-03-30 11:29:39,547.61
2022-03-30 11:29:44,547.26
2022-03-30 11:29:49,547.1
2022-03-30 11:29:54,546.81
2022-03-30 11:29:59,546.58
2022-03-30 11:30:04,546.29
2022-03-30 11:30:09,546.0
2022-03-30 11:30:14,545.71
2022-03-30 11:30:19,545.45
2022-03-30 11:30:24,545.2
2022-03-30 11:30:29,544.94
2022-03-30 11:30:34,544.65
2022-03-30 11:30:39,521.4563400868697
2022-03-30 11:30:44,544.13
2022-03-30 11:30:49,543.84
2022-03-30 11:30:54,543.61
2022-03-30 11:30:59,543.32
2022-03-30 11:31:04,521.4391391659193
2022-03-30 11:31:09,542.74
2022-03-30 11:31:14,542.58
2022-03-30 11:31:19,521.4279673665577
2022-03-30 11:31:24,542.06
2022-03-30 11:31:29,541.84
2022-03-30 11:31:34,541.58
2022-03-30 11:31:39,541.35
2022-03-30 11:31:44,541.19
2022-03-30 11:31:49,521.4039301228239
2022-03-30 11:31:54,540.74
2022-03-30 11:31:59,540.55
2022-03-30 11:32:04,540.38
2022-03-30 11:32:09,540.22
2022-03-30 11:32:14,540.02
2022-03-30 11:32:19,539.8
2022-03-30 11:32:24,539.64
2022-03-30 11:32:29,539.57
2022-03-30 11:32:34,539.41
2022-03-30 11:32:39,539.28
2022-03-30 11:32:44,539.06
2022-03-30 11:32:49,538.99
2022-03-30 11:32:54,538.83
2022-03-30 11:32:59,538.76
2022-03-30 11:33:04,538.66
2022-03-30 11:33:09,538.6
2022-03-30 11:33:14,538.47
2022-03-30 11:33:19,538.37
2022-03-30 11:33:24,538.3
2022-03-30 11:33:29,538.21
2022-03-30 11:33:34,538.14
2022-03-30 11:33:39,521.3022338762943
2022-03-30 11:33:44,537.92
2022-03-30 11:33:49,537.85
2022-03-30 11:33:54,537.72
2022-03-30 11:33:59,537.69
2022-03-30 11:34:04,537.56
2022-03-30 11:34:09,537.49
2022-03-30 11:34:14,537.43
2022-03-30 11:34:19,537.33
2022-03-30 11:34:24,537.2
2022-03-30 11:34:29,537.2
2022-03-30 11:34:34,537.1
2022-03-30 11:34:39,537.04
2022-03-30 11:34:44,521.2377523448338
2022-03-30 11:34:49,536.88
2022-03-30 11:34:54,536.88
2022-03-30 11:34:59,536.81
2022-03-30 11:35:04,536.68
2022-03-30 11:35:09,536.68
2022-03-30 11:35:14,536.59
2022-03-30 11:35:19,536.59
2022-03-30 11:35:24,536.46
2022-03-30 11:35:29,536.39
2022-03-30 11:35:34,536.29
2022-03-30 11:35:39,536.23
2022-03-30 11:35:44,536.17
2022-03-30 11:35:49,536.13
2022-03-30 11:35:54,536.07
2022-03-30 11:35:59,535.94
2022-03-30 11:36:04,535.94
2022-03-30 11:36:09,535.88
2022-03-30 11:36:14,535.84
2022-03-30 11:36:19,521.1475501389609
2022-03-30 11:36:24,535.65
2022-03-30 11:36:29,535.65
2022-03-30 11:36:34,535.55
2022-03-30 11:36:39,535.49
2022-03-30 11:36:44,535.42
2022-03-30 11:36:49,535.36
2022-03-30 11:36:54,535.33
2022-03-30 11:36:59,535.26
2022-03-30 11:37:04,535.2
2022-03-30 11:37:09,535.13
2022-03-30 11:37:14,535.04
2022-03-30 11:37:19,535.03
2022-03-30 11:37:24,534.9
2022-03-30 11:37:29,534.84
2022-03-30 11:37:34,534.74
2022-03-30 11:37:39,534.68
2022-03-30 11:37:44,534.62
2022-03-30 11:37:49,534.58
2022-03-30 11:37:54,534.52
2022-03-30 11:37:59,534.45
2022-03-30 11:38:04,534.39
2022-03-30 11:38:09,534.29
2022-03-30 11:38:14,534.22
2022-03-30 11:38:19,521.0579012056745
2022-03-30 11:38:24,534.06
2022-03-30 11:38:29,534.0
2022-03-30 11:38:34,533.93
2022-03-30 11:38:39,533.87
2022-03-30 11:38:44,521.0447368033256
2022-03-30 11:38:49,533.77
2022-03-30 11:38:54,533.7
2022-03-30 11:38:59,533.64
2022-03-30 11:39:04,521.0359322585696
2022-03-30 11:39:09,533.54
2022-03-30 11:39:14,533.54
2022-03-30 11:39:19,533.48
2022-03-30 11:39:24,533.41
2022-03-30 11:39:29,533.35
2022-03-30 11:39:34,533.28
2022-03-30 11:39:39,533.25
2022-03-30 11:39:44,521.023420743079
2022-03-30 11:39:49,533.18
2022-03-30 11:39:54,533.24
2022-03-30 11:39:59,533.18
2022-03-30 11:40:04,533.12
2022-03-30 11:40:09,533.11
2022-03-30 11:40:14,521.01895358677
2022-03-30 11:40:19,521.018650441233
2022-03-30 11:40:24,533.11
2022-03-30 11:40:29,533.11
2022-03-30 11:40:34,533.11
2022-03-30 11:40:39,533.17
2022-03-30 11:40:44,533.17
2022-03-30 11:40:49,533.17
2022-03-30 11:40:54,533.23
2022-03-30 11:40:59,533.17
2022-03-30 11:41:04,533.26
2022-03-30 11:41:09,533.26
2022-03-30 11:41:14,533.33
2022-03-30 11:41:19,533.33
2022-03-30 11:41:24,533.39
2022-03-30 11:41:29,533.39
2022-03-30 11:41:34,533.52
2022-03-30 11:41:39,533.51
2022-03-30 11:41:44,533.54
2022-03-30 11:41:49,533.61
2022-03-30 11:41:54,533.67
2022-03-30 11:41:59,533.66
2022-03-30 11:42:04,533.73
2022-03-30 11:42:09,533.76
2022-03-30 11:42:14,533.82
2022-03-30 11:42:19,533.89
2022-03-30 11:42:24,533.89
2022-03-30 11:42:29,534.01
2022-03-30 11:42:34,534.04
2022-03-30 11:42:39,534.11
2022-03-30 11:42:44,534.17
2022-03-30 11:42:49,534.17
2022-03-30 11:42:54,534.23
2022-03-30 11:42:59,534.26
2022-03-30 11:43:04,534.39
2022-03-30 11:43:09,534.39
2022-03-30 11:43:14,534.52
2022-03-30 11:43:19,534.52
2022-03-30 11:43:24,534.55
2022-03-30 11:43:29,534.61
2022-03-30 11:43:34,534.68
2022-03-30 11:43:39,534.74
2022-03-30 11:43:44,534.77
2022-03-30 11:43:49,534.77
2022-03-30 11:43:54,534.9
2022-03-30 11:43:59,534.96
2022-03-30 11:44:04,534.96
2022-03-30 11:44:09,535.03
2022-03-30 11:44:14,535.06
2022-03-30 11:44:19,535.12
2022-03-30 11:44:24,535.19
2022-03-30 11:44:29,535.19
2022-03-30 11:44:34,521.2168096141586
2022-03-30 11:44:39,535.34
2022-03-30 11:44:44,535.35
2022-03-30 11:44:49,535.41
2022-03-30 11:44:54,535.41
2022-03-30 11:44:59,521.2636053469191
2022-03-30 11:45:04,535.47
2022-03-30 11:45:09,535.57
2022-03-30 11:45:14,535.57
2022-03-30 11:45:19,535.53
2022-03-30 11:45:24,535.63
2022-03-30 11:45:29,535.7
2022-03-30 11:45:34,521.3386925364917
2022-03-30 11:45:39,535.69
2022-03-30 11:45:44,535.7
2022-03-30 11:45:49,535.76
2022-03-30 11:45:54,535.76
2022-03-30 11:45:59,535.76
2022-03-30 11:46:04,535.79
2022-03-30 11:46:09,535.79
2022-03-30 11:46:14,535.79
2022-03-30 11:46:19,535.79
2022-03-30 11:46:24,535.85
2022-03-30 11:46:29,535.85
2022-03-30 11:46:34,535.79
2022-03-30 11:46:39,535.85
2022-03-30 11:46:44,535.86
2022-03-30 11:46:49,535.85
2022-03-30 11:46:54,535.85
2022-03-30 11:46:59,535.86
2022-03-30 11:47:04,535.92
2022-03-30 11:47:09,535.92
2022-03-30 11:47:14,535.98
2022-03-30 11:47:19,535.98
2022-03-30 11:47:24,535.98
2022-03-30 11:47:29,535.98
2022-03-30 11:47:34,535.98
2022-03-30 11:47:39,536.05
2022-03-30 11:47:44,536.05
2022-03-30 11:47:49,536.05
2022-03-30 11:47:54,536.05
2022-03-30 11:47:59,536.08
2022-03-30 11:48:04,536.14
2022-03-30 11:48:09,521.795398589752
2022-03-30 11:48:14,536.14
2022-03-30 11:48:19,536.14
2022-03-30 11:48:24,536.21
2022-03-30 11:48:29,536.21
2022-03-30 11:48:34,521.8863709032354
2022-03-30 11:48:39,536.27
2022-03-30 11:48:44,536.3
2022-03-30 11:48:49,521.9430610239189
2022-03-30 11:48:54,536.43
2022-03-30 11:48:59,536.43
2022-03-30 11:49:04,522.0012886169293
2022-03-30 11:49:09,536.49
2022-03-30 11:49:14,522.040943960686
2022-03-30 11:49:19,536.59
2022-03-30 11:49:24,536.66
2022-03-30 11:49:29,536.66
2022-03-30 11:49:34,536.78
2022-03-30 11:49:39,536.82
2022-03-30 11:49:44,536.88
2022-03-30 11:49:49,536.95
2022-03-30 11:49:54,522.2060372856571
2022-03-30 11:49:59,537.11
2022-03-30 11:50:04,537.17
2022-03-30 11:50:09,522.27052471145
2022-03-30 11:50:14,537.3
2022-03-30 11:50:19,537.4
2022-03-30 11:50:24,537.46
2022-03-30 11:50:29,537.59
2022-03-30 11:50:34,537.62
2022-03-30 11:50:39,537.75
2022-03-30 11:50:44,537.81
2022-03-30 11:50:49,522.4490047839304
2022-03-30 11:50:54,537.97
2022-03-30 11:50:59,538.1
2022-03-30 11:51:04,522.5182780658885
2022-03-30 11:51:09,538.2
2022-03-30 11:51:14,538.33
2022-03-30 11:51:19,538.43
2022-03-30 11:51:24,538.49
2022-03-30 11:51:29,538.62
2022-03-30 11:51:34,538.71
2022-03-30 11:51:39,538.78
2022-03-30 11:51:44,538.88
2022-03-30 11:51:49,539.0
2022-03-30 11:51:54,539.13
2022-03-30 11:51:59,522.7824867468966
2022-03-30 11:52:04,522.8072623345813
2022-03-30 11:52:09,539.45
2022-03-30 11:52:14,522.8571737552735
2022-03-30 11:52:19,539.65
2022-03-30 11:52:24,539.81
2022-03-30 11:52:29,539.91
2022-03-30 11:52:34,539.97
2022-03-30 11:52:39,540.16
2022-03-30 11:52:44,540.26
2022-03-30 11:52:49,540.33
2022-03-30 11:52:54,540.49
2022-03-30 11:52:59,523.0874637334947
2022-03-30 11:53:04,540.71
2022-03-30 11:53:09,540.78
2022-03-30 11:53:14,540.91
2022-03-30 11:53:19,541.07
2022-03-30 11:53:24,523.2191840019125
2022-03-30 11:53:29,541.29
2022-03-30 11:53:34,541.42
2022-03-30 11:53:39,541.52
2022-03-30 11:53:44,541.65
2022-03-30 11:53:49,541.74
2022-03-30 11:53:54,541.87
2022-03-30 11:53:59,541.94
2022-03-30 11:54:04,523.435062496687
2022-03-30 11:54:09,523.4624638158094
2022-03-30 11:54:14,523.4899533913851
2022-03-30 11:54:19,542.39
2022-03-30 11:54:24,523.5451921510335
2022-03-30 11:54:29,542.62
2022-03-30 11:54:34,542.75
2022-03-30 11:54:39,542.78
2022-03-30 11:54:44,523.6566719782788
2022-03-30 11:54:49,543.0
2022-03-30 11:54:54,543.07
2022-03-30 11:54:59,543.2
2022-03-30 11:55:04,543.26
2022-03-30 11:55:09,543.36
2022-03-30 11:55:14,543.36
2022-03-30 11:55:19,543.49
2022-03-30 11:55:24,543.52
2022-03-30 11:55:29,543.59
2022-03-30 11:55:34,543.72
2022-03-30 11:55:39,543.72
2022-03-30 11:55:44,543.81
2022-03-30 11:55:49,543.81
2022-03-30 11:55:54,543.88
2022-03-30 11:55:59,524.0853367471708
2022-03-30 11:56:04,544.01
2022-03-30 11:56:09,544.01
2022-03-30 11:56:14,544.1
2022-03-30 11:56:19,524.2021022471587
2022-03-30 11:56:24,544.1
2022-03-30 11:56:29,544.17
2022-03-30 11:56:34,544.17
2022-03-30 11:56:39,544.17
2022-03-30 11:56:44,544.23
2022-03-30 11:56:49,544.3
2022-03-30 11:56:54,544.23
2022-03-30 11:56:59,544.3
2022-03-30 11:57:04,544.23
2022-03-30 11:57:09,524.4976651260746
2022-03-30 11:57:14,544.23
2022-03-30 11:57:19,524.557320693015
2022-03-30 11:57:24,544.17
2022-03-30 11:57:29,544.17
2022-03-30 11:57:34,544.1
2022-03-30 11:57:39,544.1
2022-03-30 11:57:44,524.7071235260785
2022-03-30 11:57:49,544.04
2022-03-30 11:57:54,544.01
2022-03-30 11:57:59,543.94
2022-03-30 11:58:04,543.88
2022-03-30 11:58:09,543.88
2022-03-30 11:58:14,543.81
2022-03-30 11:58:19,543.78
2022-03-30 11:58:24,524.9484453810152
2022-03-30 11:58:29,543.65
2022-03-30 11:58:34,543.65
2022-03-30 11:58:39,543.59
2022-03-30 11:58:44,543.59
2022-03-30 11:58:49,543.49
2022-03-30 11:58:54,543.42
2022-03-30 11:58:59,543.3
2022-03-30 11:59:04,543.29
2022-03-30 11:59:09,543.26
2022-03-30 11:59:14,525.2520404537873
2022-03-30 11:59:19,543.13
2022-03-30 11:59:24,543.07
2022-03-30 11:59:29,543.0
2022-03-30 11:59:34,543.0
2022-03-30 11:59:39,542.91
2022-03-30 11:59:44,542.91
2022-03-30 11:59:49,542.78
2022-03-30 11:59:54,542.78
2022-03-30 11:59:59,542.74
2022-03-30 12:00:04,542.62
2022-03-30 12:00:09,542.61
2022-03-30 12:00:14,542.55
2022-03-30 12:00:19,542.49
2022-03-30 12:00:24,542.45
2022-03-30 12:00:29,542.39
2022-03-30 12:00:34,542.32
2022-03-30 12:00:39,525.7693107706127
2022-03-30 12:00:44,542.23
2022-03-30 12:00:49,542.16
2022-03-30 12:00:54,542.1
2022-03-30 12:00:59,542.03
2022-03-30 12:01:04,541.97
2022-03-30 12:01:09,541.94
2022-03-30 12:01:14,541.87
2022-03-30 12:01:19,526.0114255704896
2022-03-30 12:01:24,541.74
2022-03-30 12:01:29,541.71
2022-03-30 12:01:34,541.71
2022-03-30 12:01:39,541.65
2022-03-30 12:01:44,541.58
2022-03-30 12:01:49,541.58
2022-03-30 12:01:54,541.45
2022-03-30 12:01:59,541.45
2022-03-30 12:02:04,541.42
2022-03-30 12:02:09,541.36
2022-03-30 12:02:14,541.36
2022-03-30 12:02:19,541.29
2022-03-30 12:02:24,526.4003740777279
2022-03-30 12:02:29,541.2
2022-03-30 12:02:34,541.2
2022-03-30 12:02:39,526.4890419779763
2022-03-30 12:02:44,541.07
2022-03-30 12:02:49,541.01
2022-03-30 12:02:54,526.5772121715926
2022-03-30 12:02:59,540.94
2022-03-30 12:03:04,540.94
2022-03-30 12:03:09,540.91
2022-03-30 12:03:14,540.84
2022-03-30 12:03:19,540.85
2022-03-30 12:03:24,540.79
2022-03-30 12:03:29,540.78
2022-03-30 12:03:34,540.69
2022-03-30 12:03:39,540.72
2022-03-30 12:03:44,540.69
2022-03-30 12:03:49,540.69
2022-03-30 12:03:54,540.62
2022-03-30 12:03:59,540.62
2022-03-30 12:04:04,540.56
2022-03-30 12:04:09,540.56
2022-03-30 12:04:14,540.5
2022-03-30 12:04:19,540.43
2022-03-30 12:04:24,540.4
2022-03-30 12:04:29,540.4
2022-03-30 12:04:34,527.1491761673207
2022-03-30 12:04:39,540.34
2022-03-30 12:04:44,540.34
2022-03-30 12:04:49,540.27
2022-03-30 12:04:54,540.27
2022-03-30 12:04:59,540.21
2022-03-30 12:05:04,540.21
2022-03-30 12:05:09,540.17
2022-03-30 12:05:14,540.17
2022-03-30 12:05:19,540.11
2022-03-30 12:05:24,540.11
2022-03-30 12:05:29,540.11
2022-03-30 12:05:34,527.4756298857187
2022-03-30 12:05:39,540.11
2022-03-30 12:05:44,540.04
2022-03-30 12:05:49,540.11
2022-03-30 12:05:54,540.11
2022-03-30 12:05:59,540.04
2022-03-30 12:06:04,540.05
2022-03-30 12:06:09,540.05
2022-03-30 12:06:14,540.11
2022-03-30 12:06:19,540.05
2022-03-30 12:06:24,540.11
2022-03-30 12:06:29,540.11
2022-03-30 12:06:34,540.11
2022-03-30 12:06:39,540.11
2022-03-30 12:06:44,540.17
2022-03-30 12:06:49,527.8610950548903
2022-03-30 12:06:54,540.11
2022-03-30 12:06:59,540.17
2022-03-30 12:07:04,527.9347521367476
2022-03-30 12:07:09,540.17
2022-03-30 12:07:14,540.27
2022-03-30 12:07:19,528.0071653518261
2022-03-30 12:07:24,540.27
2022-03-30 12:07:29,540.26
2022-03-30 12:07:34,540.33
2022-03-30 12:07:39,540.26
2022-03-30 12:07:44,540.33
2022-03-30 12:07:49,540.33
2022-03-30 12:07:54,540.39
2022-03-30 12:07:59,540.39
2022-03-30 12:08:04,540.43
2022-03-30 12:08:09,540.49
2022-03-30 12:08:14,540.49
2022-03-30 12:08:19,540.55
2022-03-30 12:08:24,540.55
2022-03-30 12:08:29,528.3274060127748
2022-03-30 12:08:34,528.3490951837318
2022-03-30 12:08:39,540.61
2022-03-30 12:08:44,540.61
2022-03-30 12:08:49,540.61
2022-03-30 12:08:54,540.68
2022-03-30 12:08:59,540.67
2022-03-30 12:09:04,540.67
2022-03-30 12:09:09,540.67
2022-03-30 12:09:14,540.7
2022-03-30 12:09:19,540.7
2022-03-30 12:09:24,540.7
2022-03-30 12:09:29,540.7
2022-03-30 12:09:34,540.7
2022-03-30 12:09:39,540.76
2022-03-30 12:09:44,540.7
2022-03-30 12:09:49,540.7
2022-03-30 12:09:54,528.672432651367
2022-03-30 12:09:59,540.76
2022-03-30 12:10:04,540.7
2022-03-30 12:10:09,540.76
2022-03-30 12:10:14,540.7
2022-03-30 12:10:19,540.7
2022-03-30 12:10:24,540.76
2022-03-30 12:10:29,540.76
2022-03-30 12:10:34,528.8161281275458
2022-03-30 12:10:39,540.7
2022-03-30 12:10:44,540.76
2022-03-30 12:10:49,540.7
2022-03-30 12:10:54,540.7
2022-03-30 12:10:59,540.7
2022-03-30 12:11:04,540.67
2022-03-30 12:11:09,540.67
2022-03-30 12:11:14,540.67
2022-03-30 12:11:19,540.67
2022-03-30 12:11:24,540.66
2022-03-30 12:11:29,540.6
2022-03-30 12:11:34,540.6
2022-03-30 12:11:39,540.6
2022-03-30 12:11:44,540.54
2022-03-30 12:11:49,540.54
2022-03-30 12:11:54,540.47
2022-03-30 12:11:59,529.0771535385256
2022-03-30 12:12:04,540.4
2022-03-30 12:12:09,540.4
2022-03-30 12:12:14,540.41
2022-03-30 12:12:19,540.37
2022-03-30 12:12:24,540.38
2022-03-30 12:12:29,540.31
2022-03-30 12:12:34,540.31
2022-03-30 12:12:39,540.31
2022-03-30 12:12:44,540.24
2022-03-30 12:12:49,540.24
2022-03-30 12:12:54,540.18
2022-03-30 12:12:59,540.24
2022-03-30 12:13:04,540.18
2022-03-30 12:13:09,540.18
2022-03-30 12:13:14,540.18
2022-03-30 12:13:19,540.15
2022-03-30 12:13:24,540.18
2022-03-30 12:13:29,540.18
2022-03-30 12:13:34,540.24
2022-03-30 12:13:39,540.24
2022-03-30 12:13:44,540.24
2022-03-30 12:13:49,540.31
2022-03-30 12:13:54,540.31
2022-03-30 12:13:59,540.37
2022-03-30 12:14:04,540.31
2022-03-30 12:14:09,540.37
2022-03-30 12:14:14,540.37
2022-03-30 12:14:19,540.4
2022-03-30 12:14:24,540.4
2022-03-30 12:14:29,540.47
2022-03-30 12:14:34,540.53
2022-03-30 12:14:39,540.53
2022-03-30 12:14:44,540.6
2022-03-30 12:14:49,540.66
2022-03-30 12:14:54,540.66
2022-03-30 12:14:59,540.69
2022-03-30 12:15:04,540.76
2022-03-30 12:15:09,540.75
2022-03-30 12:15:14,540.82
2022-03-30 12:15:19,540.88
2022-03-30 12:15:24,540.92
2022-03-30 12:15:29,540.98
2022-03-30 12:15:34,529.4317505421387
2022-03-30 12:15:39,541.1
2022-03-30 12:15:44,529.4373727304466
2022-03-30 12:15:49,541.17
2022-03-30 12:15:54,529.4420607644124
2022-03-30 12:15:59,541.27
2022-03-30 12:16:04,541.26
2022-03-30 12:16:09,541.39
2022-03-30 12:16:14,541.39
2022-03-30 12:16:19,541.49
2022-03-30 12:16:24,541.49
2022-03-30 12:16:29,529.4511782095896
2022-03-30 12:16:34,541.61
2022-03-30 12:16:39,529.4517189419362
2022-03-30 12:16:44,541.67
2022-03-30 12:16:49,541.67
2022-03-30 12:16:54,541.67
2022-03-30 12:16:59,541.67
2022-03-30 12:17:04,541.67
2022-03-30 12:17:09,541.7
2022-03-30 12:17:14,541.7
2022-03-30 12:17:19,541.7
2022-03-30 12:17:24,541.7
2022-03-30 12:17:29,541.76
2022-03-30 12:17:34,541.7
2022-03-30 12:17:39,541.77
2022-03-30 12:17:44,541.7
2022-03-30 12:17:49,541.7
2022-03-30 12:17:54,541.7
2022-03-30 12:17:59,541.66
2022-03-30 12:18:04,541.66
2022-03-30 12:18:09,541.66
2022-03-30 12:18:14,541.66
2022-03-30 12:18:19,541.66
2022-03-30 12:18:24,541.66
2022-03-30 12:18:29,541.53
2022-03-30 12:18:34,541.53
2022-03-30 12:18:39,541.53
2022-03-30 12:18:44,529.3832474640157
2022-03-30 12:18:49,541.46
2022-03-30 12:18:54,541.46
2022-03-30 12:18:59,529.3659080951193
2022-03-30 12:19:04,529.3597048996008
2022-03-30 12:19:09,541.36
2022-03-30 12:19:14,541.3
2022-03-30 12:19:19,541.23
2022-03-30 12:19:24,541.17
2022-03-30 12:19:29,541.14
2022-03-30 12:19:34,541.14
2022-03-30 12:19:39,541.07
2022-03-30 12:19:44,541.07
2022-03-30 12:19:49,540.94
2022-03-30 12:19:54,540.88
2022-03-30 12:19:59,540.85
2022-03-30 12:20:04,540.78
2022-03-30 12:20:09,540.78
2022-03-30 12:20:14,540.72
2022-03-30 12:20:19,540.65
2022-03-30 12:20:24,540.62
2022-03-30 12:20:29,540.56
2022-03-30 12:20:34,540.49
2022-03-30 12:20:39,540.49
2022-03-30 12:20:44,540.36
2022-03-30 12:20:49,540.36
2022-03-30 12:20:54,540.33
2022-03-30 12:20:59,540.27
2022-03-30 12:21:04,540.2
2022-03-30 12:21:09,540.2
2022-03-30 12:21:14,540.14
2022-03-30 12:21:19,540.1
2022-03-30 12:21:24,540.04
2022-03-30 12:21:29,539.98
2022-03-30 12:21:34,539.98
2022-03-30 12:21:39,539.85
2022-03-30 12:21:44,539.85
2022-03-30 12:21:49,539.81
2022-03-30 12:21:54,539.82
2022-03-30 12:21:59,539.75
2022-03-30 12:22:04,539.69
2022-03-30 12:22:09,539.69
2022-03-30 12:22:14,539.62
2022-03-30 12:22:19,539.59
2022-03-30 12:22:24,539.53
2022-03-30 12:22:29,539.53
2022-03-30 12:22:34,539.53
2022-03-30 12:22:39,539.46
2022-03-30 12:22:44,539.4
2022-03-30 12:22:49,539.4
2022-03-30 12:22:54,528.8557697761121
2022-03-30 12:22:59,539.33
2022-03-30 12:23:04,539.33
2022-03-30 12:23:09,528.8087398580088
2022-03-30 12:23:14,539.23
2022-03-30 12:23:19,539.24
2022-03-30 12:23:24,539.23
2022-03-30 12:23:29,539.17
2022-03-30 12:23:34,539.17
2022-03-30 12:23:39,539.11
2022-03-30 12:23:44,539.1
2022-03-30 12:23:49,539.11
2022-03-30 12:23:54,539.1
2022-03-30 12:23:59,528.6401751327109
2022-03-30 12:24:04,528.6223349601997
2022-03-30 12:24:09,539.01
2022-03-30 12:24:14,539.07
2022-03-30 12:24:19,538.94
2022-03-30 12:24:24,539.0
2022-03-30 12:24:29,538.94
2022-03-30 12:24:34,538.94
2022-03-30 12:24:39,538.94
2022-03-30 12:24:44,538.94
2022-03-30 12:24:49,539.0
2022-03-30 12:24:54,538.94
2022-03-30 12:24:59,538.94
2022-03-30 12:25:04,539.0
2022-03-30 12:25:09,528.3745516415589
2022-03-30 12:25:14,528.3542912404006
2022-03-30 12:25:19,539.06
2022-03-30 12:25:24,539.0
2022-03-30 12:25:29,539.06
2022-03-30 12:25:34,539.09
2022-03-30 12:25:39,539.09
2022-03-30 12:25:44,539.16
2022-03-30 12:25:49,539.16
2022-03-30 12:25:54,539.16
2022-03-30 12:25:59,528.164428927255
2022-03-30 12:26:04,539.22
2022-03-30 12:26:09,539.22
2022-03-30 12:26:14,539.28
2022-03-30 12:26:19,539.28
2022-03-30 12:26:24,539.28
2022-03-30 12:26:29,539.31
2022-03-30 12:26:34,539.31
2022-03-30 12:26:39,539.28
2022-03-30 12:26:44,539.31
2022-03-30 12:26:49,539.31
2022-03-30 12:26:54,539.3
2022-03-30 12:26:59,539.3
2022-03-30 12:27:04,527.866915096768
2022-03-30 12:27:09,539.3
2022-03-30 12:27:14,539.3
2022-03-30 12:27:19,539.3
2022-03-30 12:27:24,539.36
2022-03-30 12:27:29,539.36
2022-03-30 12:27:34,539.36
2022-03-30 12:27:39,539.36
2022-03-30 12:27:44,527.6707795908321
2022-03-30 12:27:49,539.36
2022-03-30 12:27:54,539.42
2022-03-30 12:27:59,539.42
2022-03-30 12:28:04,539.42
2022-03-30 12:28:09,539.49
2022-03-30 12:28:14,539.55
2022-03-30 12:28:19,539.49
2022-03-30 12:28:24,539.55
2022-03-30 12:28:29,539.55
2022-03-30 12:28:34,539.58
2022-03-30 12:28:39,539.55
2022-03-30 12:28:44,539.58
2022-03-30 12:28:49,539.58
2022-03-30 12:28:54,539.58
2022-03-30 12:28:59,539.58
2022-03-30 12:29:04,539.55
2022-03-30 12:29:09,539.58
2022-03-30 12:29:14,539.58
2022-03-30 12:29:19,539.55
2022-03-30 12:29:24,527.1476050208414
2022-03-30 12:29:29,539.64
2022-03-30 12:29:34,539.58
2022-03-30 12:29:39,539.64
2022-03-30 12:29:44,539.64
2022-03-30 12:29:49,539.64
2022-03-30 12:29:54,539.64
2022-03-30 12:29:59,539.71
2022-03-30 12:30:04,539.71
2022-03-30 12:30:09,539.77
2022-03-30 12:30:14,539.77
2022-03-30 12:30:19,539.8
2022-03-30 12:30:24,539.8
2022-03-30 12:30:29,539.93
2022-03-30 12:30:34,539.87
2022-03-30 12:30:39,526.7380225306508
2022-03-30 12:30:44,539.93
2022-03-30 12:30:49,540.0
2022-03-30 12:30:54,540.06
2022-03-30 12:30:59,540.16
2022-03-30 12:31:04,540.15
2022-03-30 12:31:09,540.15
2022-03-30 12:31:14,540.22
2022-03-30 12:31:19,540.28
2022-03-30 12:31:24,526.4909154725116
2022-03-30 12:31:29,540.31
2022-03-30 12:31:34,540.38
2022-03-30 12:31:39,526.4089051567005
2022-03-30 12:31:44,540.44
2022-03-30 12:31:49,540.51
2022-03-30 12:31:54,540.6
2022-03-30 12:31:59,540.6
2022-03-30 12:32:04,540.73
2022-03-30 12:32:09,540.73
2022-03-30 12:32:14,540.79
2022-03-30 12:32:19,540.82
2022-03-30 12:32:24,540.89
2022-03-30 12:32:29,540.95
2022-03-30 12:32:34,540.96
2022-03-30 12:32:39,541.02
2022-03-30 12:32:44,526.0587290693454
2022-03-30 12:32:49,541.11
2022-03-30 12:32:54,541.18
2022-03-30 12:32:59,541.24
2022-03-30 12:33:04,541.24
2022-03-30 12:33:09,541.34
2022-03-30 12:33:14,541.34
2022-03-30 12:33:19,541.46
2022-03-30 12:33:24,541.53
2022-03-30 12:33:29,541.59
2022-03-30 12:33:34,541.63
2022-03-30 12:33:39,541.69
2022-03-30 12:33:44,541.82
2022-03-30 12:33:49,541.91
2022-03-30 12:33:54,541.98
2022-03-30 12:33:59,542.04
2022-03-30 12:34:04,542.1
2022-03-30 12:34:09,542.2
2022-03-30 12:34:14,542.26
2022-03-30 12:34:19,542.36
2022-03-30 12:34:24,542.36
2022-03-30 12:34:29,525.526815441733
2022-03-30 12:34:34,542.55
2022-03-30 12:34:39,525.479328326753
2022-03-30 12:34:44,542.71
2022-03-30 12:34:49,542.77
2022-03-30 12:34:54,542.87
2022-03-30 12:34:59,542.93
2022-03-30 12:35:04,543.06
2022-03-30 12:35:09,525.341013917851
2022-03-30 12:35:14,543.22
2022-03-30 12:35:19,525.2963877173061
2022-03-30 12:35:24,543.38
2022-03-30 12:35:29,525.2525489631774
2022-03-30 12:35:34,543.5
2022-03-30 12:35:39,543.63
2022-03-30 12:35:44,543.66
2022-03-30 12:35:49,525.1673493426604
2022-03-30 12:35:54,543.85
2022-03-30 12:35:59,544.01
2022-03-30 12:36:04,544.01
2022-03-30 12:36:09,525.0856461532834
2022-03-30 12:36:14,544.17
2022-03-30 12:36:19,525.0461779380796
2022-03-30 12:36:24,544.36
2022-03-30 12:36:29,544.39
2022-03-30 12:36:34,544.52
2022-03-30 12:36:39,544.58
2022-03-30 12:36:44,544.65
2022-03-30 12:36:49,544.74
2022-03-30 12:36:54,544.87
2022-03-30 12:36:59,524.8982016400322
2022-03-30 12:37:04,545.03
2022-03-30 12:37:09,545.1
2022-03-30 12:37:14,545.19
2022-03-30 12:37:19,545.32
2022-03-30 12:37:24,545.38
2022-03-30 12:37:29,545.42
2022-03-30 12:37:34,524.7827858577572
2022-03-30 12:37:39,545.67
2022-03-30 12:37:44,545.67
2022-03-30 12:37:49,545.77
2022-03-30 12:37:54,545.83
2022-03-30 12:37:59,524.7091044647866
2022-03-30 12:38:04,545.99
2022-03-30 12:38:09,546.12
2022-03-30 12:38:14,546.22
2022-03-30 12:38:19,546.28
2022-03-30 12:38:24,546.41
2022-03-30 12:38:29,546.44
2022-03-30 12:38:34,546.57
2022-03-30 12:38:39,546.73
2022-03-30 12:38:44,546.73
2022-03-30 12:38:49,546.86
2022-03-30 12:38:54,546.92
2022-03-30 12:38:59,547.02
2022-03-30 12:39:04,547.08
2022-03-30 12:39:09,547.22
2022-03-30 12:39:14,547.21
2022-03-30 12:39:19,547.37
2022-03-30 12:39:24,547.44
2022-03-30 12:39:29,547.44
2022-03-30 12:39:34,547.47
2022-03-30 12:39:39,547.6
2022-03-30 12:39:44,547.66
2022-03-30 12:39:49,547.73
2022-03-30 12:39:54,547.83
2022-03-30 12:39:59,547.83
2022-03-30 12:40:04,547.96
2022-03-30 12:40:09,547.99
2022-03-30 12:40:14,547.99
2022-03-30 12:40:19,547.99
2022-03-30 12:40:24,548.12
2022-03-30 12:40:29,548.11
2022-03-30 12:40:34,548.11
2022-03-30 12:40:39,548.11
2022-03-30 12:40:44,548.18
2022-03-30 12:40:49,548.18
2022-03-30 12:40:54,548.18
2022-03-30 12:40:59,548.18
2022-03-30 12:41:04,548.18
2022-03-30 12:41:09,548.18
2022-03-30 12:41:14,548.18
2022-03-30 12:41:19,548.18
2022-03-30 12:41:24,548.24
2022-03-30 12:41:29,548.18
2022-03-30 12:41:34,548.11
2022-03-30 12:41:39,548.11
2022-03-30 12:41:44,548.11
2022-03-30 12:41:49,547.98
2022-03-30 12:41:54,547.98
2022-03-30 12:41:59,547.94
2022-03-30 12:42:04,547.95
2022-03-30 12:42:09,524.474996906122
2022-03-30 12:42:14,547.82
2022-03-30 12:42:19,547.75
2022-03-30 12:42:24,547.72
2022-03-30 12:42:29,547.65
2022-03-30 12:42:34,524.5090786765277
2022-03-30 12:42:39,524.5171167492025
2022-03-30 12:42:44,547.46
2022-03-30 12:42:49,547.46
2022-03-30 12:42:54,547.36
2022-03-30 12:42:59,524.5532280750355
2022-03-30 12:43:04,547.29
2022-03-30 12:43:09,547.29
2022-03-30 12:43:14,547.23
2022-03-30 12:43:19,547.13
2022-03-30 12:43:24,547.0
2022-03-30 12:43:29,547.0
2022-03-30 12:43:34,546.93
2022-03-30 12:43:39,546.83
2022-03-30 12:43:44,524.6567104938321
2022-03-30 12:43:49,546.77
2022-03-30 12:43:54,546.7
2022-03-30 12:43:59,546.66
2022-03-30 12:44:04,546.6
2022-03-30 12:44:09,546.54
2022-03-30 12:44:14,524.7418310324825
2022-03-30 12:44:19,546.4
2022-03-30 12:44:24,546.3
2022-03-30 12:44:29,546.24
2022-03-30 12:44:34,546.24
2022-03-30 12:44:39,546.14
2022-03-30 12:44:44,546.07
2022-03-30 12:44:49,546.01
2022-03-30 12:44:54,545.94
2022-03-30 12:44:59,545.88
2022-03-30 12:45:04,545.78
2022-03-30 12:45:09,545.72
2022-03-30 12:45:14,545.62
2022-03-30 12:45:19,545.55
2022-03-30 12:45:24,545.42
2022-03-30 12:45:29,545.36
2022-03-30 12:45:34,545.19
2022-03-30 12:45:39,545.13
2022-03-30 12:45:44,545.03
2022-03-30 12:45:49,544.9
2022-03-30 12:45:54,544.8
2022-03-30 12:45:59,544.74
2022-03-30 12:46:04,544.58
2022-03-30 12:46:09,544.45
2022-03-30 12:46:14,544.38
2022-03-30 12:46:19,544.28
2022-03-30 12:46:24,544.16
2022-03-30 12:46:29,544.09
2022-03-30 12:46:34,543.93
2022-03-30 12:46:39,543.86
2022-03-30 12:46:44,543.8
2022-03-30 12:46:49,543.63
2022-03-30 12:46:54,543.57
2022-03-30 12:46:59,543.54
2022-03-30 12:47:04,543.41
2022-03-30 12:47:09,543.41
2022-03-30 12:47:14,543.28
2022-03-30 12:47:19,543.18
2022-03-30 12:47:24,543.05
2022-03-30 12:47:29,543.02
2022-03-30 12:47:34,542.96
2022-03-30 12:47:39,542.82
2022-03-30 12:47:44,542.73
2022-03-30 12:47:49,542.66
2022-03-30 12:47:54,542.54
2022-03-30 12:47:59,542.5
2022-03-30 12:48:04,542.37
2022-03-30 12:48:09,542.31
2022-03-30 12:48:14,542.24
2022-03-30 12:48:19,542.21
2022-03-30 12:48:24,542.15
2022-03-30 12:48:29,542.02
2022-03-30 12:48:34,541.99
2022-03-30 12:48:39,541.99
2022-03-30 12:48:44,541.86
2022-03-30 12:48:49,541.86
2022-03-30 12:48:54,541.86
2022-03-30 12:48:59,541.73
2022-03-30 12:49:04,541.73
2022-03-30 12:49:09,541.73
2022-03-30 12:49:14,541.63
2022-03-30 12:49:19,541.63
2022-03-30 12:49:24,541.57
2022-03-30 12:49:29,541.57
2022-03-30 12:49:34,541.47
2022-03-30 12:49:39,541.47
2022-03-30 12:49:44,541.41
2022-03-30 12:49:49,541.41
2022-03-30 12:49:54,541.41
2022-03-30 12:49:59,541.34
2022-03-30 12:50:04,541.34
2022-03-30 12:50:09,541.34
2022-03-30 12:50:14,541.28
2022-03-30 12:50:19,541.28
2022-03-30 12:50:24,541.28
2022-03-30 12:50:29,541.27
2022-03-30 12:50:34,541.28
2022-03-30 12:50:39,526.6465178928531
2022-03-30 12:50:44,541.28
2022-03-30 12:50:49,526.7084602027949
2022-03-30 12:50:54,541.21
2022-03-30 12:50:59,541.21
2022-03-30 12:51:04,541.21
2022-03-30 12:51:09,541.21
2022-03-30 12:51:14,541.21
2022-03-30 12:51:19,526.8957629163085
2022-03-30 12:51:24,541.28
2022-03-30 12:51:29,541.28
2022-03-30 12:51:34,541.21
2022-03-30 12:51:39,541.28
2022-03-30 12:51:44,541.28
2022-03-30 12:51:49,541.21
2022-03-30 12:51:54,541.21
2022-03-30 12:51:59,527.1479276557361
2022-03-30 12:52:04,541.28
2022-03-30 12:52:09,541.27
2022-03-30 12:52:14,541.34
2022-03-30 12:52:19,541.28
2022-03-30 12:52:24,541.28
2022-03-30 12:52:29,541.34
2022-03-30 12:52:34,541.34
2022-03-30 12:52:39,541.41
2022-03-30 12:52:44,541.4
2022-03-30 12:52:49,541.4
2022-03-30 12:52:54,541.47
2022-03-30 12:52:59,541.47
2022-03-30 12:53:04,541.47
2022-03-30 12:53:09,541.56
2022-03-30 12:53:14,541.5
2022-03-30 12:53:19,541.56
2022-03-30 12:53:24,541.57
2022-03-30 12:53:29,527.7169545951783
2022-03-30 12:53:34,541.63
2022-03-30 12:53:39,541.63
2022-03-30 12:53:44,541.63
2022-03-30 12:53:49,541.63
2022-03-30 12:53:54,541.63
2022-03-30 12:53:59,541.7
2022-03-30 12:54:04,541.7
2022-03-30 12:54:09,541.73
2022-03-30 12:54:14,541.7
2022-03-30 12:54:19,528.0283582538511
2022-03-30 12:54:24,528.0591322866384
2022-03-30 12:54:29,541.73
2022-03-30 12:54:34,541.79
2022-03-30 12:54:39,541.79
2022-03-30 12:54:44,528.1813923173736
2022-03-30 12:54:49,541.86
2022-03-30 12:54:54,528.2419730612187
2022-03-30 12:54:59,541.86
2022-03-30 12:55:04,541.92
2022-03-30 12:55:09,541.92
2022-03-30 12:55:14,541.99
2022-03-30 12:55:19,542.02
2022-03-30 12:55:24,542.08
2022-03-30 12:55:29,528.4506584728781
2022-03-30 12:55:34,542.08
2022-03-30 12:55:39,542.15
2022-03-30 12:55:44,542.15
2022-03-30 12:55:49,542.15
2022-03-30 12:55:54,542.21
2022-03-30 12:55:59,542.21
2022-03-30 12:56:04,542.25
2022-03-30 12:56:09,542.25
2022-03-30 12:56:14,542.31
2022-03-30 12:56:19,542.31
2022-03-30 12:56:24,542.31
2022-03-30 12:56:29,542.44
2022-03-30 12:56:34,542.44
2022-03-30 12:56:39,542.51
2022-03-30 12:56:44,528.8769565567349
2022-03-30 12:56:49,542.6
2022-03-30 12:56:54,542.61
2022-03-30 12:56:59,542.6
2022-03-30 12:57:04,542.67
2022-03-30 12:57:09,542.73
2022-03-30 12:57:14,542.77
2022-03-30 12:57:19,542.83
2022-03-30 12:57:24,542.83
2022-03-30 12:57:29,542.9
2022-03-30 12:57:34,542.96
2022-03-30 12:57:39,543.02
2022-03-30 12:57:44,529.1940100536125
2022-03-30 12:57:49,543.06
2022-03-30 12:57:54,543.19
2022-03-30 12:57:59,543.25
2022-03-30 12:58:04,543.29
2022-03-30 12:58:09,543.35
2022-03-30 12:58:14,543.41
2022-03-30 12:58:19,543.41
2022-03-30 12:58:24,543.48
2022-03-30 12:58:29,543.54
2022-03-30 12:58:34,543.57
2022-03-30 12:58:39,543.57
2022-03-30 12:58:44,543.7
2022-03-30 12:58:49,543.7
2022-03-30 12:58:54,529.5323763618259
2022-03-30 12:58:59,543.8
2022-03-30 12:59:04,543.8
2022-03-30 12:59:09,543.86
2022-03-30 12:59:14,543.93
2022-03-30 12:59:19,544.06
2022-03-30 12:59:24,544.06
2022-03-30 12:59:29,544.09
2022-03-30 12:59:34,529.708645768255
2022-03-30 12:59:39,544.15
2022-03-30 12:59:44,544.28
2022-03-30 12:59:49,544.28
2022-03-30 12:59:54,544.28
2022-03-30 12:59:59,544.38
2022-03-30 13:00:04,544.37
2022-03-30 13:00:09,544.44
2022-03-30 13:00:14,544.5
2022-03-30 13:00:19,544.5
2022-03-30 13:00:24,544.6
2022-03-30 13:00:29,544.56
2022-03-30 13:00:34,544.59
2022-03-30 13:00:39,544.72
2022-03-30 13:00:44,544.66
2022-03-30 13:00:49,544.72
2022-03-30 13:00:54,544.79
2022-03-30 13:00:59,544.79
2022-03-30 13:01:04,544.82
2022-03-30 13:01:09,544.82
2022-03-30 13:01:14,544.82
2022-03-30 13:01:19,544.82
2022-03-30 13:01:24,544.88
2022-03-30 13:01:29,544.88
2022-03-30 13:01:34,544.94
2022-03-30 13:01:39,544.94
2022-03-30 13:01:44,544.94
2022-03-30 13:01:49,544.94
2022-03-30 13:01:54,544.94
2022-03-30 13:01:59,544.94
2022-03-30 13:02:04,545.0
2022-03-30 13:02:09,545.0
2022-03-30 13:02:14,545.0
2022-03-30 13:02:19,545.0
2022-03-30 13:02:24,545.06
2022-03-30 13:02:29,545.06
2022-03-30 13:02:34,545.06
2022-03-30 13:02:39,545.06
2022-03-30 13:02:44,530.3440524319176
2022-03-30 13:02:49,545.06
2022-03-30 13:02:54,545.09
2022-03-30 13:02:59,545.09
2022-03-30 13:03:04,545.09
2022-03-30 13:03:09,530.3994611542291
2022-03-30 13:03:14,545.09
2022-03-30 13:03:19,545.09
2022-03-30 13:03:24,545.09
2022-03-30 13:03:29,545.15
2022-03-30 13:03:34,545.09
2022-03-30 13:03:39,545.09
2022-03-30 13:03:44,545.15
2022-03-30 13:03:49,545.09
2022-03-30 13:03:54,545.09
2022-03-30 13:03:59,545.15
2022-03-30 13:04:04,530.4953590002496
2022-03-30 13:04:09,545.15
2022-03-30 13:04:14,545.15
2022-03-30 13:04:19,545.15
2022-03-30 13:04:24,545.15
2022-03-30 13:04:29,545.15
2022-03-30 13:04:34,545.15
2022-03-30 13:04:39,545.15
2022-03-30 13:04:44,545.09
2022-03-30 13:04:49,545.09
2022-03-30 13:04:54,545.09
2022-03-30 13:04:59,545.09
2022-03-30 13:05:04,545.05
2022-03-30 13:05:09,545.06
2022-03-30 13:05:14,545.05
2022-03-30 13:05:19,545.06
2022-03-30 13:05:24,530.5667797620923
2022-03-30 13:05:29,544.92
2022-03-30 13:05:34,544.92
2022-03-30 13:05:39,530.5706649266381
2022-03-30 13:05:44,544.86
2022-03-30 13:05:49,544.8
2022-03-30 13:05:54,530.5714265074428
2022-03-30 13:05:59,544.76
2022-03-30 13:06:04,530.5701743346059
2022-03-30 13:06:09,530.5690147521341
2022-03-30 13:06:14,544.54
2022-03-30 13:06:19,544.41
2022-03-30 13:06:24,544.35
2022-03-30 13:06:29,544.25
2022-03-30 13:06:34,544.12
2022-03-30 13:06:39,544.06
2022-03-30 13:06:44,543.96
2022-03-30 13:06:49,543.83
2022-03-30 13:06:54,543.76
2022-03-30 13:06:59,543.6
2022-03-30 13:07:04,543.45
2022-03-30 13:07:09,543.31
2022-03-30 13:07:14,543.25
2022-03-30 13:07:19,530.5143394789293
2022-03-30 13:07:24,542.99
2022-03-30 13:07:29,542.86
2022-03-30 13:07:34,542.73
2022-03-30 13:07:39,542.64
2022-03-30 13:07:44,542.51
2022-03-30 13:07:49,542.41
2022-03-30 13:07:54,542.28
2022-03-30 13:07:59,542.12
2022-03-30 13:08:04,542.12
2022-03-30 13:08:09,541.96
2022-03-30 13:08:14,541.83
2022-03-30 13:08:19,530.4077753166263
2022-03-30 13:08:24,541.67
2022-03-30 13:08:29,541.54
2022-03-30 13:08:34,541.47
2022-03-30 13:08:39,541.38
2022-03-30 13:08:44,530.3463000128454
2022-03-30 13:08:49,541.15
2022-03-30 13:08:54,541.09
2022-03-30 13:08:59,541.02
2022-03-30 13:09:04,540.93
2022-03-30 13:09:09,540.86
2022-03-30 13:09:14,540.8
2022-03-30 13:09:19,540.67
2022-03-30 13:09:24,530.2262510175026
2022-03-30 13:09:29,540.63
2022-03-30 13:09:34,540.63
2022-03-30 13:09:39,530.1742006286936
2022-03-30 13:09:44,540.5
2022-03-30 13:09:49,540.44
2022-03-30 13:09:54,540.41
2022-03-30 13:09:59,540.4
2022-03-30 13:10:04,540.34
2022-03-30 13:10:09,540.27
2022-03-30 13:10:14,540.28
2022-03-30 13:10:19,540.21
2022-03-30 13:10:24,540.11
2022-03-30 13:10:29,540.11
2022-03-30 13:10:34,540.11
2022-03-30 13:10:39,540.11
2022-03-30 13:10:44,540.11
2022-03-30 13:10:49,540.11
2022-03-30 13:10:54,540.04
2022-03-30 13:10:59,540.11
2022-03-30 13:11:04,540.04
2022-03-30 13:11:09,540.04
2022-03-30 13:11:14,540.04
2022-03-30 13:11:19,540.04
2022-03-30 13:11:24,540.04
2022-03-30 13:11:29,540.04
2022-03-30 13:11:34,540.04
2022-03-30 13:11:39,540.04
2022-03-30 13:11:44,529.6026842588719
2022-03-30 13:11:49,540.03
2022-03-30 13:11:54,540.03
2022-03-30 13:11:59,540.03
2022-03-30 13:12:04,540.03
2022-03-30 13:12:09,539.97
2022-03-30 13:12:14,540.03
2022-03-30 13:12:19,529.4036604698696
2022-03-30 13:12:24,540.03
2022-03-30 13:12:29,539.96
2022-03-30 13:12:34,539.96
2022-03-30 13:12:39,539.96
2022-03-30 13:12:44,539.9
2022-03-30 13:12:49,539.9
2022-03-30 13:12:54,539.96
2022-03-30 13:12:59,539.9
2022-03-30 13:13:04,539.87
2022-03-30 13:13:09,539.89
2022-03-30 13:13:14,539.86
2022-03-30 13:13:19,539.86
2022-03-30 13:13:24,539.87
2022-03-30 13:13:29,539.86
2022-03-30 13:13:34,539.86
2022-03-30 13:13:39,539.8
2022-03-30 13:13:44,539.8
2022-03-30 13:13:49,539.8
2022-03-30 13:13:54,539.73
2022-03-30 13:13:59,539.73
2022-03-30 13:14:04,539.73
2022-03-30 13:14:09,539.67
2022-03-30 13:14:14,539.61
2022-03-30 13:14:19,539.57
2022-03-30 13:14:24,528.5831588277517
2022-03-30 13:14:29,539.51
2022-03-30 13:14:34,539.57
2022-03-30 13:14:39,539.51
2022-03-30 13:14:44,539.51
2022-03-30 13:14:49,539.38
2022-03-30 13:14:54,539.38
2022-03-30 13:14:59,539.35
2022-03-30 13:15:04,539.35
2022-03-30 13:15:09,539.28
2022-03-30 13:15:14,528.2164991857275
2022-03-30 13:15:19,539.28
2022-03-30 13:15:24,539.22
2022-03-30 13:15:29,539.22
2022-03-30 13:15:34,539.16
2022-03-30 13:15:39,539.09
2022-03-30 13:15:44,539.09
2022-03-30 13:15:49,539.09
2022-03-30 13:15:54,539.06
2022-03-30 13:15:59,539.0
2022-03-30 13:16:04,539.0
2022-03-30 13:16:09,539.0
2022-03-30 13:16:14,538.93
2022-03-30 13:16:19,538.93
2022-03-30 13:16:24,538.86
2022-03-30 13:16:29,538.83
2022-03-30 13:16:34,538.84
2022-03-30 13:16:39,538.77
2022-03-30 13:16:44,538.77
2022-03-30 13:16:49,538.64
2022-03-30 13:16:54,538.64
2022-03-30 13:16:59,538.57
2022-03-30 13:17:04,538.54
2022-03-30 13:17:09,538.48
2022-03-30 13:17:14,538.48
2022-03-30 13:17:19,538.41
2022-03-30 13:17:24,538.41
2022-03-30 13:17:29,538.35
2022-03-30 13:17:34,538.32
2022-03-30 13:17:39,527.0758638816445
2022-03-30 13:17:44,538.25
2022-03-30 13:17:49,538.18
2022-03-30 13:17:54,538.12
2022-03-30 13:17:59,538.06
2022-03-30 13:18:04,538.06
2022-03-30 13:18:09,538.02
2022-03-30 13:18:14,537.96
2022-03-30 13:18:19,537.96
2022-03-30 13:18:24,526.7091412961867
2022-03-30 13:18:29,537.79
2022-03-30 13:18:34,537.89
2022-03-30 13:18:39,537.79
2022-03-30 13:18:44,537.73
2022-03-30 13:18:49,537.73
2022-03-30 13:18:54,537.66
2022-03-30 13:18:59,537.6
2022-03-30 13:19:04,537.6
2022-03-30 13:19:09,537.53
2022-03-30 13:19:14,526.3005143426028
2022-03-30 13:19:19,537.49
2022-03-30 13:19:24,537.43
2022-03-30 13:19:29,537.43
2022-03-30 13:19:34,537.36
2022-03-30 13:19:39,537.37
2022-03-30 13:19:44,537.3
2022-03-30 13:19:49,537.27
2022-03-30 13:19:54,537.27
2022-03-30 13:19:59,537.27
2022-03-30 13:20:04,525.8944314878884
2022-03-30 13:20:09,537.2
2022-03-30 13:20:14,537.13
2022-03-30 13:20:19,537.13
2022-03-30 13:20:24,537.13
2022-03-30 13:20:29,525.6935604002774
2022-03-30 13:20:34,537.13
2022-03-30 13:20:39,537.07
2022-03-30 13:20:44,537.0
2022-03-30 13:20:49,537.06
2022-03-30 13:20:54,537.0
2022-03-30 13:20:59,537.0
2022-03-30 13:21:04,536.97
2022-03-30 13:21:09,525.3767278757405
2022-03-30 13:21:14,536.96
2022-03-30 13:21:19,536.96
2022-03-30 13:21:24,536.89
2022-03-30 13:21:29,536.9
2022-03-30 13:21:34,536.9
2022-03-30 13:21:39,536.83
2022-03-30 13:21:44,536.83
2022-03-30 13:21:49,536.89
2022-03-30 13:21:54,525.0291850421231
2022-03-30 13:21:59,536.89
2022-03-30 13:22:04,536.89
2022-03-30 13:22:09,536.83
2022-03-30 13:22:14,536.76
2022-03-30 13:22:19,536.76
2022-03-30 13:22:24,536.73
2022-03-30 13:22:29,524.7671281030823
2022-03-30 13:22:34,536.73
2022-03-30 13:22:39,536.73
2022-03-30 13:22:44,536.6
2022-03-30 13:22:49,536.6
2022-03-30 13:22:54,524.5851837986822
2022-03-30 13:22:59,536.54
2022-03-30 13:23:04,536.54
2022-03-30 13:23:09,524.4783464355497
2022-03-30 13:23:14,536.54
2022-03-30 13:23:19,524.4081569043985
2022-03-30 13:23:24,536.47
2022-03-30 13:23:29,536.44
2022-03-30 13:23:34,536.44
2022-03-30 13:23:39,536.38
2022-03-30 13:23:44,536.38
2022-03-30 13:23:49,524.202873254729
2022-03-30 13:23:54,536.38
2022-03-30 13:23:59,536.25
2022-03-30 13:24:04,536.25
2022-03-30 13:24:09,536.25
2022-03-30 13:24:14,536.25
2022-03-30 13:24:19,524.0056429885105
2022-03-30 13:24:24,536.25
2022-03-30 13:24:29,536.15
2022-03-30 13:24:34,523.9099994559602
2022-03-30 13:24:39,523.8785531435102
2022-03-30 13:24:44,536.21
2022-03-30 13:24:49,536.15
2022-03-30 13:24:54,536.21
2022-03-30 13:24:59,536.21
2022-03-30 13:25:04,523.7245468079041
2022-03-30 13:25:09,536.21
2022-03-30 13:25:14,536.21
2022-03-30 13:25:19,536.21
2022-03-30 13:25:24,536.21
2022-03-30 13:25:29,536.25
2022-03-30 13:25:34,523.5467283371424
2022-03-30 13:25:39,536.25
2022-03-30 13:25:44,536.31
2022-03-30 13:25:49,536.31
2022-03-30 13:25:54,536.37
2022-03-30 13:25:59,523.4042523696464
2022-03-30 13:26:04,536.37
2022-03-30 13:26:09,536.53
2022-03-30 13:26:14,536.54
2022-03-30 13:26:19,536.47
2022-03-30 13:26:24,536.6
2022-03-30 13:26:29,536.6
2022-03-30 13:26:34,536.6
2022-03-30 13:26:39,536.72
2022-03-30 13:26:44,536.72
2022-03-30 13:26:49,536.72
2022-03-30 13:26:54,536.75
2022-03-30 13:26:59,536.82
2022-03-30 13:27:04,536.82
2022-03-30 13:27:09,523.0320232901475
2022-03-30 13:27:14,536.94
2022-03-30 13:27:19,536.98
2022-03-30 13:27:24,536.98
2022-03-30 13:27:29,537.04
2022-03-30 13:27:34,537.1
2022-03-30 13:27:39,522.8841403879608
2022-03-30 13:27:44,537.17
2022-03-30 13:27:49,537.17
2022-03-30 13:27:54,537.23
2022-03-30 13:27:59,522.7893041392874
2022-03-30 13:28:04,522.7660567346442
2022-03-30 13:28:09,537.33
2022-03-30 13:28:14,537.39
2022-03-30 13:28:19,537.39
2022-03-30 13:28:24,537.45
2022-03-30 13:28:29,537.48
2022-03-30 13:28:34,522.6303881827845
2022-03-30 13:28:39,522.6084052159338
2022-03-30 13:28:44,537.67
2022-03-30 13:28:49,537.74
2022-03-30 13:28:54,537.74
2022-03-30 13:28:59,522.5222393978355
2022-03-30 13:29:04,537.89
2022-03-30 13:29:09,537.89
2022-03-30 13:29:14,537.96
2022-03-30 13:29:19,537.99
2022-03-30 13:29:24,538.12
2022-03-30 13:29:29,538.12
2022-03-30 13:29:34,538.18
2022-03-30 13:29:39,538.24
2022-03-30 13:29:44,538.27
2022-03-30 13:29:49,538.34
2022-03-30 13:29:54,538.4
2022-03-30 13:29:59,538.4
2022-03-30 13:30:04,538.49
2022-03-30 13:30:09,538.49
2022-03-30 13:30:14,538.56
2022-03-30 13:30:19,538.62
2022-03-30 13:30:24,538.68
2022-03-30 13:30:29,538.68
2022-03-30 13:30:34,538.75
2022-03-30 13:30:39,538.78
2022-03-30 13:30:44,538.84
2022-03-30 13:30:49,522.0967622587696
2022-03-30 13:30:54,538.97
2022-03-30 13:30:59,539.0
2022-03-30 13:31:04,539.0
2022-03-30 13:31:09,539.06
2022-03-30 13:31:14,539.13
2022-03-30 13:31:19,521.9942266584562
2022-03-30 13:31:24,539.19
2022-03-30 13:31:29,539.29
2022-03-30 13:31:34,539.29
2022-03-30 13:31:39,539.35
2022-03-30 13:31:44,539.42
2022-03-30 13:31:49,539.42
2022-03-30 13:31:54,539.51
2022-03-30 13:31:59,539.51
2022-03-30 13:32:04,539.58
2022-03-30 13:32:09,539.64
2022-03-30 13:32:14,539.71
2022-03-30 13:32:19,539.77
2022-03-30 13:32:24,539.8
2022-03-30 13:32:29,539.87
2022-03-30 13:32:34,539.93
2022-03-30 13:32:39,540.03
2022-03-30 13:32:44,540.09
2022-03-30 13:32:49,540.16
2022-03-30 13:32:54,540.28
2022-03-30 13:32:59,540.38
2022-03-30 13:33:04,540.45
2022-03-30 13:33:09,540.54
2022-03-30 13:33:14,540.61
2022-03-30 13:33:19,540.74
2022-03-30 13:33:24,540.8
2022-03-30 13:33:29,540.9
2022-03-30 13:33:34,541.02
2022-03-30 13:33:39,541.12
2022-03-30 13:33:44,541.19
2022-03-30 13:33:49,541.32
2022-03-30 13:33:54,521.5475651706893
2022-03-30 13:33:59,541.54
2022-03-30 13:34:04,541.64
2022-03-30 13:34:09,541.76
2022-03-30 13:34:14,521.4993042279731
2022-03-30 13:34:19,541.99
2022-03-30 13:34:24,542.09
2022-03-30 13:34:29,542.21
2022-03-30 13:34:34,521.4530180309495
2022-03-30 13:34:39,542.44
2022-03-30 13:34:44,542.57
2022-03-30 13:34:49,542.6
2022-03-30 13:34:54,542.73
2022-03-30 13:34:59,542.89
2022-03-30 13:35:04,542.95
2022-03-30 13:35:09,543.02
2022-03-30 13:35:14,543.11
2022-03-30 13:35:19,543.24
2022-03-30 13:35:24,543.37
2022-03-30 13:35:29,521.3354922369576
2022-03-30 13:35:34,543.59
2022-03-30 13:35:39,543.62
2022-03-30 13:35:44,543.69
2022-03-30 13:35:49,543.82
2022-03-30 13:35:54,543.91
2022-03-30 13:35:59,543.98
2022-03-30 13:36:04,544.11
2022-03-30 13:36:09,544.14
2022-03-30 13:36:14,544.33
2022-03-30 13:36:19,521.2403689304193
2022-03-30 13:36:24,544.49
2022-03-30 13:36:29,544.55
2022-03-30 13:36:34,544.65
2022-03-30 13:36:39,544.65
2022-03-30 13:36:44,544.77
2022-03-30 13:36:49,544.84
2022-03-30 13:36:54,544.9
2022-03-30 13:36:59,545.0
2022-03-30 13:37:04,545.06
2022-03-30 13:37:09,545.12
2022-03-30 13:37:14,545.22
2022-03-30 13:37:19,545.22
2022-03-30 13:37:24,545.22
2022-03-30 13:37:29,521.1243662366627
2022-03-30 13:37:34,545.4
2022-03-30 13:37:39,521.1093179176621
2022-03-30 13:37:44,545.44
2022-03-30 13:37:49,545.5
2022-03-30 13:37:54,545.5
2022-03-30 13:37:59,545.57
2022-03-30 13:38:04,521.0732820133474
2022-03-30 13:38:09,545.56
2022-03-30 13:38:14,545.63
2022-03-30 13:38:19,545.63
2022-03-30 13:38:24,545.62
2022-03-30 13:38:29,545.56
2022-03-30 13:38:34,545.56
2022-03-30 13:38:39,545.56
2022-03-30 13:38:44,545.49
2022-03-30 13:38:49,545.4
2022-03-30 13:38:54,545.39
2022-03-30 13:38:59,545.26
2022-03-30 13:39:04,545.26
2022-03-30 13:39:09,545.1
2022-03-30 13:39:14,545.03
2022-03-30 13:39:19,544.9
2022-03-30 13:39:24,544.81
2022-03-30 13:39:29,544.67
2022-03-30 13:39:34,544.58
2022-03-30 13:39:39,544.45
2022-03-30 13:39:44,544.35
2022-03-30 13:39:49,544.09
2022-03-30 13:39:54,544.06
2022-03-30 13:39:59,543.93
2022-03-30 13:40:04,543.83
2022-03-30 13:40:09,543.64
2022-03-30 13:40:14,543.54
2022-03-30 13:40:19,543.41
2022-03-30 13:40:24,543.25
2022-03-30 13:40:29,543.18
2022-03-30 13:40:34,543.02
2022-03-30 13:40:39,542.89
2022-03-30 13:40:44,542.8
2022-03-30 13:40:49,542.73
2022-03-30 13:40:54,542.6
2022-03-30 13:40:59,542.54
2022-03-30 13:41:04,542.44
2022-03-30 13:41:09,542.31
2022-03-30 13:41:14,542.28
2022-03-30 13:41:19,542.21
2022-03-30 13:41:24,542.15
2022-03-30 13:41:29,542.02
2022-03-30 13:41:34,541.99
2022-03-30 13:41:39,541.99
2022-03-30 13:41:44,541.86
2022-03-30 13:41:49,541.86
2022-03-30 13:41:54,541.79
2022-03-30 13:41:59,541.8
2022-03-30 13:42:04,541.8
2022-03-30 13:42:09,541.7
2022-03-30 13:42:14,541.7
2022-03-30 13:42:19,541.7
2022-03-30 13:42:24,541.64
2022-03-30 13:42:29,541.7
2022-03-30 13:42:34,520.8258441574859
2022-03-30 13:42:39,541.57
2022-03-30 13:42:44,541.7
2022-03-30 13:42:49,541.64
2022-03-30 13:42:54,541.63
2022-03-30 13:42:59,541.63
2022-03-30 13:43:04,541.7
2022-03-30 13:43:09,541.7
2022-03-30 13:43:14,541.7
2022-03-30 13:43:19,520.8093626832062
2022-03-30 13:43:24,541.76
2022-03-30 13:43:29,541.79
2022-03-30 13:43:34,541.79
2022-03-30 13:43:39,541.86
2022-03-30 13:43:44,541.92
2022-03-30 13:43:49,520.8022294412795
2022-03-30 13:43:54,541.92
2022-03-30 13:43:59,541.92
2022-03-30 13:44:04,542.02
2022-03-30 13:44:09,542.01
2022-03-30 13:44:14,542.02
2022-03-30 13:44:19,542.08
2022-03-30 13:44:24,542.14
2022-03-30 13:44:29,542.15
2022-03-30 13:44:34,542.21
2022-03-30 13:44:39,520.7971443791663
2022-03-30 13:44:44,520.7971013532541
2022-03-30 13:44:49,542.37
2022-03-30 13:44:54,542.37
2022-03-30 13:44:59,542.43
2022-03-30 13:45:04,542.43
2022-03-30 13:45:09,542.43
2022-03-30 13:45:14,542.52
2022-03-30 13:45:19,542.59
2022-03-30 13:45:24,542.59
2022-03-30 13:45:29,542.65
2022-03-30 13:45:34,542.72
2022-03-30 13:45:39,542.78
2022-03-30 13:45:44,542.72
2022-03-30 13:45:49,542.78
2022-03-30 13:45:54,542.81
2022-03-30 13:45:59,542.87
2022-03-30 13:46:04,542.87
2022-03-30 13:46:09,542.87
2022-03-30 13:46:14,542.94
2022-03-30 13:46:19,542.93
2022-03-30 13:46:24,543.0
2022-03-30 13:46:29,543.03
2022-03-30 13:46:34,543.03
2022-03-30 13:46:39,543.09
2022-03-30 13:46:44,543.09
2022-03-30 13:46:49,543.16
2022-03-30 13:46:54,543.16
2022-03-30 13:46:59,543.22
2022-03-30 13:47:04,543.15
2022-03-30 13:47:09,543.28
2022-03-30 13:47:14,543.22
2022-03-30 13:47:19,543.21
2022-03-30 13:47:24,543.28
2022-03-30 13:47:29,543.28
2022-03-30 13:47:34,543.28
2022-03-30 13:47:39,543.28
2022-03-30 13:47:44,520.851157124664
2022-03-30 13:47:49,543.21
2022-03-30 13:47:54,543.21
2022-03-30 13:47:59,543.15
2022-03-30 13:48:04,543.15
2022-03-30 13:48:09,543.08
2022-03-30 13:48:14,543.01
2022-03-30 13:48:19,543.01
2022-03-30 13:48:24,542.98
2022-03-30 13:48:29,542.92
2022-03-30 13:48:34,542.85
2022-03-30 13:48:39,542.78
2022-03-30 13:48:44,542.75
2022-03-30 13:48:49,542.69
2022-03-30 13:48:54,542.62
2022-03-30 13:48:59,542.56
2022-03-30 13:49:04,542.46
2022-03-30 13:49:09,542.27
2022-03-30 13:49:14,542.27
2022-03-30 13:49:19,542.23
2022-03-30 13:49:24,520.9271670675482
2022-03-30 13:49:29,541.98
2022-03-30 13:49:34,541.88
2022-03-30 13:49:39,520.9413517227767
2022-03-30 13:49:44,541.75
2022-03-30 13:49:49,541.65
2022-03-30 13:49:54,541.52
2022-03-30 13:49:59,541.43
2022-03-30 13:50:04,520.9665926335063
2022-03-30 13:50:09,541.2
2022-03-30 13:50:14,520.9772472331362
2022-03-30 13:50:19,540.94
2022-03-30 13:50:24,540.91
2022-03-30 13:50:29,520.9938254191567
2022-03-30 13:50:34,520.9995101992827
2022-03-30 13:50:39,540.55
2022-03-30 13:50:44,540.49
2022-03-30 13:50:49,540.43
2022-03-30 13:50:54,540.27
2022-03-30 13:50:59,540.2
2022-03-30 13:51:04,540.1
2022-03-30 13:51:09,521.0415182285494
2022-03-30 13:51:14,539.91
2022-03-30 13:51:19,539.88
2022-03-30 13:51:24,539.75
2022-03-30 13:51:29,539.69
2022-03-30 13:51:34,539.59
2022-03-30 13:51:39,539.46
2022-03-30 13:51:44,539.4
2022-03-30 13:51:49,521.0942496616373
2022-03-30 13:51:54,539.24
2022-03-30 13:51:59,539.17
2022-03-30 13:52:04,539.08
2022-03-30 13:52:09,539.01
2022-03-30 13:52:14,538.88
2022-03-30 13:52:19,521.1371022127972
2022-03-30 13:52:24,538.79
2022-03-30 13:52:29,538.66
2022-03-30 13:52:34,538.63
2022-03-30 13:52:39,538.56
2022-03-30 13:52:44,538.5
2022-03-30 13:52:49,538.43
2022-03-30 13:52:54,538.37
2022-03-30 13:52:59,538.33
2022-03-30 13:53:04,538.2
2022-03-30 13:53:09,538.2
2022-03-30 13:53:14,538.14
2022-03-30 13:53:19,538.04
2022-03-30 13:53:24,521.2399100358795
2022-03-30 13:53:29,537.91
2022-03-30 13:53:34,537.82
2022-03-30 13:53:39,537.75
2022-03-30 13:53:44,537.62
2022-03-30 13:53:49,537.59
2022-03-30 13:53:54,537.53
2022-03-30 13:53:59,537.46
2022-03-30 13:54:04,537.46
2022-03-30 13:54:09,537.4
2022-03-30 13:54:14,537.33
2022-03-30 13:54:19,537.33
2022-03-30 13:54:24,521.347303723185
2022-03-30 13:54:29,537.23
2022-03-30 13:54:34,537.16
2022-03-30 13:54:39,537.16
2022-03-30 13:54:44,537.1
2022-03-30 13:54:49,537.07
2022-03-30 13:54:54,521.4056411060757
2022-03-30 13:54:59,537.0
2022-03-30 13:55:04,536.94
2022-03-30 13:55:09,536.87
2022-03-30 13:55:14,536.8
2022-03-30 13:55:19,536.8
2022-03-30 13:55:24,536.77
2022-03-30 13:55:29,536.7
2022-03-30 13:55:34,536.64
2022-03-30 13:55:39,536.58
2022-03-30 13:55:44,536.58
2022-03-30 13:55:49,536.57
2022-03-30 13:55:54,536.48
2022-03-30 13:55:59,536.48
2022-03-30 13:56:04,536.41
2022-03-30 13:56:09,536.48
2022-03-30 13:56:14,536.41
2022-03-30 13:56:19,536.34
2022-03-30 13:56:24,536.41
2022-03-30 13:56:29,536.34
2022-03-30 13:56:34,521.623284265093
2022-03-30 13:56:39,536.28
2022-03-30 13:56:44,536.24
2022-03-30 13:56:49,536.24
2022-03-30 13:56:54,536.27
2022-03-30 13:56:59,536.24
2022-03-30 13:57:04,536.24
2022-03-30 13:57:09,536.24
2022-03-30 13:57:14,521.7206534876719
2022-03-30 13:57:19,521.7332500802346
2022-03-30 13:57:24,536.17
2022-03-30 13:57:29,536.23
2022-03-30 13:57:34,536.23
2022-03-30 13:57:39,536.24
2022-03-30 13:57:44,536.17
2022-03-30 13:57:49,536.1
2022-03-30 13:57:54,536.17
2022-03-30 13:57:59,536.16
2022-03-30 13:58:04,536.1
2022-03-30 13:58:09,536.1
2022-03-30 13:58:14,536.1
2022-03-30 13:58:19,536.03
2022-03-30 13:58:24,536.03
2022-03-30 13:58:29,536.03
2022-03-30 13:58:34,536.1
2022-03-30 13:58:39,536.1
2022-03-30 13:58:44,536.1
2022-03-30 13:58:49,536.1
2022-03-30 13:58:54,536.1
2022-03-30 13:58:59,522.0055547175089
2022-03-30 13:59:04,536.09
2022-03-30 13:59:09,522.0349625895791
2022-03-30 13:59:14,536.09
2022-03-30 13:59:19,536.16
2022-03-30 13:59:24,536.09
2022-03-30 13:59:29,536.03
2022-03-30 13:59:34,536.09
2022-03-30 13:59:39,536.16
2022-03-30 13:59:44,536.22
2022-03-30 13:59:49,536.09
2022-03-30 13:59:54,536.09
2022-03-30 13:59:59,536.09
2022-03-30 14:00:04,536.16
2022-03-30 14:00:09,536.16
2022-03-30 14:00:14,536.16
2022-03-30 14:00:19,536.09
2022-03-30 14:00:24,536.09
2022-03-30 14:00:29,536.09
2022-03-30 14:00:34,536.03
2022-03-30 14:00:39,536.09
2022-03-30 14:00:44,536.09
2022-03-30 14:00:49,536.1
2022-03-30 14:00:54,522.3685321191683
2022-03-30 14:00:59,535.99
2022-03-30 14:01:04,536.03
2022-03-30 14:01:09,536.0
2022-03-30 14:01:14,535.93
2022-03-30 14:01:19,535.87
2022-03-30 14:01:24,535.87
2022-03-30 14:01:29,535.87
2022-03-30 14:01:34,535.8
2022-03-30 14:01:39,535.8
2022-03-30 14:01:44,535.74
2022-03-30 14:01:49,522.5618330540107
2022-03-30 14:01:54,535.74
2022-03-30 14:01:59,535.74
2022-03-30 14:02:04,535.7
2022-03-30 14:02:09,535.74
2022-03-30 14:02:14,522.65404459909
2022-03-30 14:02:19,535.7
2022-03-30 14:02:24,535.7
2022-03-30 14:02:29,535.58
2022-03-30 14:02:34,535.58
2022-03-30 14:02:39,535.58
2022-03-30 14:02:44,535.64
2022-03-30 14:02:49,522.7877879334455
2022-03-30 14:02:54,535.64
2022-03-30 14:02:59,535.57
2022-03-30 14:03:04,535.51
2022-03-30 14:03:09,535.51
2022-03-30 14:03:14,535.48
2022-03-30 14:03:19,535.48
2022-03-30 14:03:24,535.48
2022-03-30 14:03:29,535.48
2022-03-30 14:03:34,535.42
2022-03-30 14:03:39,535.35
2022-03-30 14:03:44,535.35
2022-03-30 14:03:49,535.29
2022-03-30 14:03:54,535.28
2022-03-30 14:03:59,535.22
2022-03-30 14:04:04,535.22
2022-03-30 14:04:09,535.22
2022-03-30 14:04:14,535.13
2022-03-30 14:04:19,535.13
2022-03-30 14:04:24,535.06
2022-03-30 14:04:29,535.06
2022-03-30 14:04:34,535.06
2022-03-30 14:04:39,535.0
2022-03-30 14:04:44,535.0
2022-03-30 14:04:49,534.96
2022-03-30 14:04:54,534.96
2022-03-30 14:04:59,534.96
2022-03-30 14:05:04,534.9
2022-03-30 14:05:09,534.9
2022-03-30 14:05:14,534.84
2022-03-30 14:05:19,523.4243689556597
2022-03-30 14:05:24,534.9
2022-03-30 14:05:29,534.9
2022-03-30 14:05:34,534.9
2022-03-30 14:05:39,534.84
2022-03-30 14:05:44,534.84
2022-03-30 14:05:49,523.564417260383
2022-03-30 14:05:54,523.5881817957552
2022-03-30 14:05:59,534.77
2022-03-30 14:06:04,534.77
2022-03-30 14:06:09,523.660182647386
2022-03-30 14:06:14,534.71
2022-03-30 14:06:19,523.7087523069907
2022-03-30 14:06:24,534.71
2022-03-30 14:06:29,534.71
2022-03-30 14:06:34,534.68
2022-03-30 14:06:39,534.71
2022-03-30 14:06:44,534.71
2022-03-30 14:06:49,534.71
2022-03-30 14:06:54,534.68
2022-03-30 14:06:59,534.68
2022-03-30 14:07:04,534.68
2022-03-30 14:07:09,534.68
2022-03-30 14:07:14,534.68
2022-03-30 14:07:19,534.68
2022-03-30 14:07:24,534.68
2022-03-30 14:07:29,534.68
2022-03-30 14:07:34,534.68
2022-03-30 14:07:39,534.68
2022-03-30 14:07:44,534.68
2022-03-30 14:07:49,534.68
2022-03-30 14:07:54,534.68
2022-03-30 14:07:59,534.68
2022-03-30 14:08:04,534.68
2022-03-30 14:08:09,524.2682482242897
2022-03-30 14:08:14,534.62
2022-03-30 14:08:19,534.68
2022-03-30 14:08:24,534.68
2022-03-30 14:08:29,534.62
2022-03-30 14:08:34,534.62
2022-03-30 14:08:39,534.62
2022-03-30 14:08:44,534.68
2022-03-30 14:08:49,534.62
2022-03-30 14:08:54,534.62
2022-03-30 14:08:59,524.5341779211539
2022-03-30 14:09:04,534.62
2022-03-30 14:09:09,534.62
2022-03-30 14:09:14,534.62
2022-03-30 14:09:19,534.62
2022-03-30 14:09:24,524.6689267306089
2022-03-30 14:09:29,534.62
2022-03-30 14:09:34,534.55
2022-03-30 14:09:39,534.62
2022-03-30 14:09:44,534.62
2022-03-30 14:09:49,534.62
2022-03-30 14:09:54,534.62
2022-03-30 14:09:59,534.62
2022-03-30 14:10:04,534.62
2022-03-30 14:10:09,534.62
2022-03-30 14:10:14,534.62
2022-03-30 14:10:19,534.62
2022-03-30 14:10:24,534.62
2022-03-30 14:10:29,534.62
2022-03-30 14:10:34,534.62
2022-03-30 14:10:39,525.0772670914038
2022-03-30 14:10:44,534.68
2022-03-30 14:10:49,534.68
2022-03-30 14:10:54,534.68
2022-03-30 14:10:59,534.68
2022-03-30 14:11:04,534.71
2022-03-30 14:11:09,534.71
2022-03-30 14:11:14,534.84
2022-03-30 14:11:19,534.84
2022-03-30 14:11:24,534.9
2022-03-30 14:11:29,534.91
2022-03-30 14:11:34,534.97
2022-03-30 14:11:39,525.4048565448277
2022-03-30 14:11:44,535.0
2022-03-30 14:11:49,535.06
2022-03-30 14:11:54,535.13
2022-03-30 14:11:59,535.13
2022-03-30 14:12:04,525.5406734313375
2022-03-30 14:12:09,535.19
2022-03-30 14:12:14,535.19
2022-03-30 14:12:19,535.22
2022-03-30 14:12:24,535.22
2022-03-30 14:12:29,535.22
2022-03-30 14:12:34,535.28
2022-03-30 14:12:39,535.22
2022-03-30 14:12:44,535.28
2022-03-30 14:12:49,525.7830304699805
2022-03-30 14:12:54,535.28
2022-03-30 14:12:59,535.28
2022-03-30 14:13:04,525.863005483228
2022-03-30 14:13:09,535.28
2022-03-30 14:13:14,535.28
2022-03-30 14:13:19,535.28
2022-03-30 14:13:24,535.34
2022-03-30 14:13:29,535.28
2022-03-30 14:13:34,535.34
2022-03-30 14:13:39,535.28
2022-03-30 14:13:44,535.28
2022-03-30 14:13:49,535.27
2022-03-30 14:13:54,535.27
2022-03-30 14:13:59,535.27
2022-03-30 14:14:04,535.27
2022-03-30 14:14:09,535.21
2022-03-30 14:14:14,535.21
2022-03-30 14:14:19,535.27
2022-03-30 14:14:24,526.2798162882277
2022-03-30 14:14:29,535.2
2022-03-30 14:14:34,535.2
2022-03-30 14:14:39,535.2
2022-03-30 14:14:44,535.21
2022-03-30 14:14:49,535.2
2022-03-30 14:14:54,535.2
2022-03-30 14:14:59,535.2
2022-03-30 14:15:04,535.27
2022-03-30 14:15:09,535.27
2022-03-30 14:15:14,535.27
2022-03-30 14:15:19,535.33
2022-03-30 14:15:24,535.33
2022-03-30 14:15:29,535.33
2022-03-30 14:15:34,535.39
2022-03-30 14:15:39,535.46
2022-03-30 14:15:44,535.46
2022-03-30 14:15:49,535.49
2022-03-30 14:15:54,535.55
2022-03-30 14:15:59,535.55
2022-03-30 14:16:04,535.62
2022-03-30 14:16:09,535.62
2022-03-30 14:16:14,535.68
2022-03-30 14:16:19,535.72
2022-03-30 14:16:24,535.72
2022-03-30 14:16:29,535.71
2022-03-30 14:16:34,535.78
2022-03-30 14:16:39,535.85
2022-03-30 14:16:44,535.84
2022-03-30 14:16:49,535.84
2022-03-30 14:16:54,535.91
2022-03-30 14:16:59,535.97
2022-03-30 14:17:04,535.97
2022-03-30 14:17:09,536.01
2022-03-30 14:17:14,536.01
2022-03-30 14:17:19,527.1019227634395
2022-03-30 14:17:24,536.13
2022-03-30 14:17:29,536.14
2022-03-30 14:17:34,536.2
2022-03-30 14:17:39,536.23
2022-03-30 14:17:44,536.3
2022-03-30 14:17:49,536.3
2022-03-30 14:17:54,536.3
2022-03-30 14:17:59,527.2656925721273
2022-03-30 14:18:04,536.36
2022-03-30 14:18:09,536.43
2022-03-30 14:18:14,536.49
2022-03-30 14:18:19,536.49
2022-03-30 14:18:24,527.3624327900953
2022-03-30 14:18:29,536.52
2022-03-30 14:18:34,536.52
2022-03-30 14:18:39,536.52
2022-03-30 14:18:44,527.4365077629596
2022-03-30 14:18:49,536.59
2022-03-30 14:18:54,536.59
2022-03-30 14:18:59,527.4900437848669
2022-03-30 14:19:04,536.65
2022-03-30 14:19:09,536.65
2022-03-30 14:19:14,536.72
2022-03-30 14:19:19,536.72
2022-03-30 14:19:24,536.72
2022-03-30 14:19:29,536.75
2022-03-30 14:19:34,536.81
2022-03-30 14:19:39,536.81
2022-03-30 14:19:44,536.88
2022-03-30 14:19:49,536.81
2022-03-30 14:19:54,536.94
2022-03-30 14:19:59,536.88
2022-03-30 14:20:04,536.94
2022-03-30 14:20:09,536.94
2022-03-30 14:20:14,537.01
2022-03-30 14:20:19,537.01
2022-03-30 14:20:24,537.0
2022-03-30 14:20:29,537.0
2022-03-30 14:20:34,537.03
2022-03-30 14:20:39,537.04
2022-03-30 14:20:44,537.1
2022-03-30 14:20:49,537.1
2022-03-30 14:20:54,537.1
2022-03-30 14:20:59,537.16
2022-03-30 14:21:04,537.22
2022-03-30 14:21:09,537.23
2022-03-30 14:21:14,537.23
2022-03-30 14:21:19,537.26
2022-03-30 14:21:24,537.26
2022-03-30 14:21:29,537.32
2022-03-30 14:21:34,537.32
2022-03-30 14:21:39,537.32
2022-03-30 14:21:44,527.9545275262316
2022-03-30 14:21:49,537.32
2022-03-30 14:21:54,537.38
2022-03-30 14:21:59,527.9857094177659
2022-03-30 14:22:04,537.38
2022-03-30 14:22:09,528.0055509553354
2022-03-30 14:22:14,537.38
2022-03-30 14:22:19,537.44
2022-03-30 14:22:24,537.44
2022-03-30 14:22:29,528.0430095028948
2022-03-30 14:22:34,537.51
2022-03-30 14:22:39,537.44
2022-03-30 14:22:44,537.5
2022-03-30 14:22:49,537.5
2022-03-30 14:22:54,537.53
2022-03-30 14:22:59,537.53
2022-03-30 14:23:04,537.53
2022-03-30 14:23:09,537.53
2022-03-30 14:23:14,537.59
2022-03-30 14:23:19,537.53
2022-03-30 14:23:24,537.59
2022-03-30 14:23:29,537.59
2022-03-30 14:23:34,537.66
2022-03-30 14:23:39,537.66
2022-03-30 14:23:44,537.65
2022-03-30 14:23:49,537.65
2022-03-30 14:23:54,537.65
2022-03-30 14:23:59,537.65
2022-03-30 14:24:04,537.65
2022-03-30 14:24:09,537.65
2022-03-30 14:24:14,537.65
2022-03-30 14:24:19,537.64
2022-03-30 14:24:24,537.64
2022-03-30 14:24:29,537.64
2022-03-30 14:24:34,537.64
2022-03-30 14:24:39,537.64
2022-03-30 14:24:44,537.64
2022-03-30 14:24:49,537.64
2022-03-30 14:24:54,537.64
2022-03-30 14:24:59,537.64
2022-03-30 14:25:04,537.64
2022-03-30 14:25:09,537.64
2022-03-30 14:25:14,537.64
2022-03-30 14:25:19,537.7
2022-03-30 14:25:24,537.7
2022-03-30 14:25:29,537.7
2022-03-30 14:25:34,528.2630284003745
2022-03-30 14:25:39,537.7
2022-03-30 14:25:44,537.73
2022-03-30 14:25:49,537.73
2022-03-30 14:25:54,537.73
2022-03-30 14:25:59,537.73
2022-03-30 14:26:04,537.73
2022-03-30 14:26:09,537.73
2022-03-30 14:26:14,537.79
2022-03-30 14:26:19,537.79
2022-03-30 14:26:24,528.2885034167374
2022-03-30 14:26:29,528.2903698395429
2022-03-30 14:26:34,537.86
2022-03-30 14:26:39,537.92
2022-03-30 14:26:44,537.92
2022-03-30 14:26:49,528.296662217713
2022-03-30 14:26:54,537.98
2022-03-30 14:26:59,528.2991226223538
2022-03-30 14:27:04,537.98
2022-03-30 14:27:09,538.02
2022-03-30 14:27:14,537.98
2022-03-30 14:27:19,538.02
2022-03-30 14:27:24,538.08
2022-03-30 14:27:29,538.08
2022-03-30 14:27:34,538.08
2022-03-30 14:27:39,528.3046350564442
2022-03-30 14:27:44,538.15
2022-03-30 14:27:49,528.3049828785249
2022-03-30 14:27:54,538.14
2022-03-30 14:27:59,538.14
2022-03-30 14:28:04,538.21
2022-03-30 14:28:09,538.21
2022-03-30 14:28:14,528.3041632036203
2022-03-30 14:28:19,538.24
2022-03-30 14:28:24,538.24
2022-03-30 14:28:29,528.3025650791378
2022-03-30 14:28:34,538.24
2022-03-30 14:28:39,538.3
2022-03-30 14:28:44,538.24
2022-03-30 14:28:49,538.24
2022-03-30 14:28:54,538.3
2022-03-30 14:28:59,538.24
2022-03-30 14:29:04,538.21
2022-03-30 14:29:09,538.21
2022-03-30 14:29:14,538.21
2022-03-30 14:29:19,538.14
2022-03-30 14:29:24,538.14
2022-03-30 14:29:29,538.14
2022-03-30 14:29:34,538.07
2022-03-30 14:29:39,538.07
2022-03-30 14:29:44,538.01
2022-03-30 14:29:49,538.01
2022-03-30 14:29:54,528.2796781896278
2022-03-30 14:29:59,537.98
2022-03-30 14:30:04,537.98
2022-03-30 14:30:09,528.2734976440394
2022-03-30 14:30:14,537.84
2022-03-30 14:30:19,537.84
2022-03-30 14:30:24,537.78
2022-03-30 14:30:29,537.72
2022-03-30 14:30:34,537.71
2022-03-30 14:30:39,537.68
2022-03-30 14:30:44,537.68
2022-03-30 14:30:49,537.62
2022-03-30 14:30:54,537.62
2022-03-30 14:30:59,537.55
2022-03-30 14:31:04,537.49
2022-03-30 14:31:09,537.45
2022-03-30 14:31:14,537.45
2022-03-30 14:31:19,528.2379133493678
2022-03-30 14:31:24,537.39
2022-03-30 14:31:29,528.2320551829547
2022-03-30 14:31:34,537.32
2022-03-30 14:31:39,537.25
2022-03-30 14:31:44,537.19
2022-03-30 14:31:49,528.2198618476718
2022-03-30 14:31:54,537.16
2022-03-30 14:31:59,537.15
2022-03-30 14:32:04,537.15
2022-03-30 14:32:09,537.15
2022-03-30 14:32:14,537.09
2022-03-30 14:32:19,537.09
2022-03-30 14:32:24,537.09
2022-03-30 14:32:29,537.08
2022-03-30 14:32:34,537.02
2022-03-30 14:32:39,537.02
2022-03-30 14:32:44,536.95
2022-03-30 14:32:49,536.95
2022-03-30 14:32:54,536.95
2022-03-30 14:32:59,536.95
2022-03-30 14:33:04,536.92
2022-03-30 14:33:09,536.86
2022-03-30 14:33:14,536.85
2022-03-30 14:33:19,536.85
2022-03-30 14:33:24,536.78
2022-03-30 14:33:29,536.72
2022-03-30 14:33:34,536.72
2022-03-30 14:33:39,536.65
2022-03-30 14:33:44,536.65
2022-03-30 14:33:49,536.56
2022-03-30 14:33:54,536.56
2022-03-30 14:33:59,536.49
2022-03-30 14:34:04,536.43
2022-03-30 14:34:09,536.39
2022-03-30 14:34:14,536.33
2022-03-30 14:34:19,536.33
2022-03-30 14:34:24,536.27
2022-03-30 14:34:29,536.14
2022-03-30 14:34:34,536.1
2022-03-30 14:34:39,536.04
2022-03-30 14:34:44,535.98
2022-03-30 14:34:49,535.91
2022-03-30 14:34:54,535.88
2022-03-30 14:34:59,528.087220513283
2022-03-30 14:35:04,535.68
2022-03-30 14:35:09,535.62
2022-03-30 14:35:14,535.62
2022-03-30 14:35:19,535.59
2022-03-30 14:35:24,535.52
2022-03-30 14:35:29,535.46
2022-03-30 14:35:34,535.4
2022-03-30 14:35:39,535.36
2022-03-30 14:35:44,535.3
2022-03-30 14:35:49,535.24
2022-03-30 14:35:54,535.24
2022-03-30 14:35:59,535.17
2022-03-30 14:36:04,535.11
2022-03-30 14:36:09,535.11
2022-03-30 14:36:14,535.07
2022-03-30 14:36:19,535.07
2022-03-30 14:36:24,535.07
2022-03-30 14:36:29,535.01
2022-03-30 14:36:34,535.01
2022-03-30 14:36:39,535.01
2022-03-30 14:36:44,535.01
2022-03-30 14:36:49,528.0086679724924
2022-03-30 14:36:54,535.01
2022-03-30 14:36:59,535.08
2022-03-30 14:37:04,535.11
2022-03-30 14:37:09,535.17
2022-03-30 14:37:14,535.24
2022-03-30 14:37:19,535.3
2022-03-30 14:37:24,535.37
2022-03-30 14:37:29,527.9807769867831
2022-03-30 14:37:34,535.46
2022-03-30 14:37:39,535.52
2022-03-30 14:37:44,535.62
2022-03-30 14:37:49,535.75
2022-03-30 14:37:54,535.88
2022-03-30 14:37:59,535.98
2022-03-30 14:38:04,536.11
2022-03-30 14:38:09,536.27
2022-03-30 14:38:14,536.39
2022-03-30 14:38:19,536.56
2022-03-30 14:38:24,527.9433639113628
2022-03-30 14:38:29,536.85
2022-03-30 14:38:34,536.94
2022-03-30 14:38:39,537.17
2022-03-30 14:38:44,537.3
2022-03-30 14:38:49,537.52
2022-03-30 14:38:54,527.923518376811
2022-03-30 14:38:59,537.81
2022-03-30 14:39:04,527.9170037254777
2022-03-30 14:39:09,538.2
2022-03-30 14:39:14,538.46
2022-03-30 14:39:19,538.55
2022-03-30 14:39:24,538.71
2022-03-30 14:39:29,538.97
2022-03-30 14:39:34,539.13
2022-03-30 14:39:39,539.36
2022-03-30 14:39:44,539.52
2022-03-30 14:39:49,527.8883786364413
2022-03-30 14:39:54,539.93
2022-03-30 14:39:59,540.1
2022-03-30 14:40:04,540.25
2022-03-30 14:40:09,540.51
2022-03-30 14:40:14,540.67
2022-03-30 14:40:19,540.83
2022-03-30 14:40:24,541.03
2022-03-30 14:40:29,541.19
2022-03-30 14:40:34,541.34
2022-03-30 14:40:39,541.57
2022-03-30 14:40:44,541.7
2022-03-30 14:40:49,541.92
2022-03-30 14:40:54,542.05
2022-03-30 14:40:59,542.28
2022-03-30 14:41:04,542.37
2022-03-30 14:41:09,542.5
2022-03-30 14:41:14,542.66
2022-03-30 14:41:19,542.79
2022-03-30 14:41:24,542.95
2022-03-30 14:41:29,527.8295500383846
2022-03-30 14:41:34,543.24
2022-03-30 14:41:39,527.8240857903966
2022-03-30 14:41:44,527.8213850301098
2022-03-30 14:41:49,543.62
2022-03-30 14:41:54,543.75
2022-03-30 14:41:59,527.8134111487661
2022-03-30 14:42:04,527.8107968061258
2022-03-30 14:42:09,544.1
2022-03-30 14:42:14,544.2
2022-03-30 14:42:19,544.33
2022-03-30 14:42:24,544.42
2022-03-30 14:42:29,544.48
2022-03-30 14:42:34,544.64
2022-03-30 14:42:39,544.77
2022-03-30 14:42:44,544.87
2022-03-30 14:42:49,544.99
2022-03-30 14:42:54,545.16
2022-03-30 14:42:59,545.22
2022-03-30 14:43:04,545.35
2022-03-30 14:43:09,545.51
2022-03-30 14:43:14,545.57
2022-03-30 14:43:19,545.73
2022-03-30 14:43:24,545.86
2022-03-30 14:43:29,527.7699525569051
2022-03-30 14:43:34,546.09
2022-03-30 14:43:39,546.19
2022-03-30 14:43:44,546.25
2022-03-30 14:43:49,546.41
2022-03-30 14:43:54,546.54
2022-03-30 14:43:59,546.66
2022-03-30 14:44:04,546.76
2022-03-30 14:44:09,546.92
2022-03-30 14:44:14,547.05
2022-03-30 14:44:19,547.18
2022-03-30 14:44:24,547.28
2022-03-30 14:44:29,547.4
2022-03-30 14:44:34,547.5
2022-03-30 14:44:39,547.57
2022-03-30 14:44:44,547.69
2022-03-30 14:44:49,547.79
2022-03-30 14:44:54,547.92
2022-03-30 14:44:59,547.95
2022-03-30 14:45:04,548.08
2022-03-30 14:45:09,548.15
2022-03-30 14:45:14,548.24
2022-03-30 14:45:19,548.31
2022-03-30 14:45:24,548.37
2022-03-30 14:45:29,548.44
2022-03-30 14:45:34,548.53
2022-03-30 14:45:39,548.6
2022-03-30 14:45:44,548.66
2022-03-30 14:45:49,548.73
2022-03-30 14:45:54,548.76
2022-03-30 14:45:59,548.82
2022-03-30 14:46:04,548.82
2022-03-30 14:46:09,548.89
2022-03-30 14:46:14,548.89
2022-03-30 14:46:19,548.95
2022-03-30 14:46:24,548.95
2022-03-30 14:46:29,548.98
2022-03-30 14:46:34,548.99
2022-03-30 14:46:39,548.99
2022-03-30 14:46:44,548.99
2022-03-30 14:46:49,548.95
2022-03-30 14:46:54,548.95
2022-03-30 14:46:59,548.95
2022-03-30 14:47:04,548.89
2022-03-30 14:47:09,548.82
2022-03-30 14:47:14,548.82
2022-03-30 14:47:19,548.76
2022-03-30 14:47:24,548.76
2022-03-30 14:47:29,548.72
2022-03-30 14:47:34,548.66
2022-03-30 14:47:39,548.6
2022-03-30 14:47:44,548.53
2022-03-30 14:47:49,548.53
2022-03-30 14:47:54,548.43
2022-03-30 14:47:59,527.6966024988634
2022-03-30 14:48:04,548.31
2022-03-30 14:48:09,548.24
2022-03-30 14:48:14,548.08
2022-03-30 14:48:19,548.08
2022-03-30 14:48:24,547.95
2022-03-30 14:48:29,547.79
2022-03-30 14:48:34,547.72
2022-03-30 14:48:39,547.62
2022-03-30 14:48:44,547.49
2022-03-30 14:48:49,547.43
2022-03-30 14:48:54,547.33
2022-03-30 14:48:59,547.2
2022-03-30 14:49:04,547.04
2022-03-30 14:49:09,546.91
2022-03-30 14:49:14,546.75
2022-03-30 14:49:19,546.65
2022-03-30 14:49:24,546.46
2022-03-30 14:49:29,546.36
2022-03-30 14:49:34,546.17
2022-03-30 14:49:39,546.07
2022-03-30 14:49:44,545.94
2022-03-30 14:49:49,545.78
2022-03-30 14:49:54,545.65
2022-03-30 14:49:59,545.49
2022-03-30 14:50:04,545.42
2022-03-30 14:50:09,545.26
2022-03-30 14:50:14,545.13
2022-03-30 14:50:19,545.03
2022-03-30 14:50:24,544.9
2022-03-30 14:50:29,544.81
2022-03-30 14:50:34,544.74
2022-03-30 14:50:39,544.61
2022-03-30 14:50:44,527.7059567303396
2022-03-30 14:50:49,544.32
2022-03-30 14:50:54,544.28
2022-03-30 14:50:59,544.22
2022-03-30 14:51:04,544.15
2022-03-30 14:51:09,544.09
2022-03-30 14:51:14,544.06
2022-03-30 14:51:19,543.93
2022-03-30 14:51:24,543.93
2022-03-30 14:51:29,527.7169433559803
2022-03-30 14:51:34,543.86
2022-03-30 14:51:39,543.79
2022-03-30 14:51:44,543.76
2022-03-30 14:51:49,543.76
2022-03-30 14:51:54,543.76
2022-03-30 14:51:59,543.7
2022-03-30 14:52:04,543.69
2022-03-30 14:52:09,543.69
2022-03-30 14:52:14,543.69
2022-03-30 14:52:19,543.63
2022-03-30 14:52:24,543.69
2022-03-30 14:52:29,543.63
2022-03-30 14:52:34,527.7397133413752
2022-03-30 14:52:39,543.63
2022-03-30 14:52:44,543.69
2022-03-30 14:52:49,543.69
2022-03-30 14:52:54,527.748418372478
2022-03-30 14:52:59,543.75
2022-03-30 14:53:04,543.76
2022-03-30 14:53:09,527.7554856318691
2022-03-30 14:53:14,543.79
2022-03-30 14:53:19,543.79
2022-03-30 14:53:24,543.91
2022-03-30 14:53:29,543.91
2022-03-30 14:53:34,543.98
2022-03-30 14:53:39,543.98
2022-03-30 14:53:44,544.04
2022-03-30 14:53:49,544.04
2022-03-30 14:53:54,527.7795136732997
2022-03-30 14:53:59,544.08
2022-03-30 14:54:04,544.27
2022-03-30 14:54:09,544.27
2022-03-30 14:54:14,544.27
2022-03-30 14:54:19,544.37
2022-03-30 14:54:24,544.43
2022-03-30 14:54:29,544.56
2022-03-30 14:54:34,527.804520505344
2022-03-30 14:54:39,544.66
2022-03-30 14:54:44,544.78
2022-03-30 14:54:49,544.79
2022-03-30 14:54:54,544.88
2022-03-30 14:54:59,544.95
2022-03-30 14:55:04,545.08
2022-03-30 14:55:09,545.11
2022-03-30 14:55:14,545.24
2022-03-30 14:55:19,545.3
2022-03-30 14:55:24,545.4
2022-03-30 14:55:29,545.46
2022-03-30 14:55:34,545.53
2022-03-30 14:55:39,545.62
2022-03-30 14:55:44,545.76
2022-03-30 14:55:49,545.82
2022-03-30 14:55:54,545.91
2022-03-30 14:55:59,546.05
2022-03-30 14:56:04,546.14
2022-03-30 14:56:09,546.27
2022-03-30 14:56:14,546.33
2022-03-30 14:56:19,546.43
2022-03-30 14:56:24,546.5
2022-03-30 14:56:29,546.62
2022-03-30 14:56:34,546.72
2022-03-30 14:56:39,546.85
2022-03-30 14:56:44,546.95
2022-03-30 14:56:49,547.01
2022-03-30 14:56:54,547.14
2022-03-30 14:56:59,547.17
2022-03-30 14:57:04,547.3
2022-03-30 14:57:09,547.39
2022-03-30 14:57:14,547.46
2022-03-30 14:57:19,547.52
2022-03-30 14:57:24,547.65
2022-03-30 14:57:29,547.68
2022-03-30 14:57:34,527.9623110942928
2022-03-30 14:57:39,547.81
2022-03-30 14:57:44,547.91
2022-03-30 14:57:49,547.91
2022-03-30 14:57:54,548.1
2022-03-30 14:57:59,548.1
2022-03-30 14:58:04,548.17
2022-03-30 14:58:09,548.26
2022-03-30 14:58:14,548.26
2022-03-30 14:58:19,548.32
2022-03-30 14:58:24,548.39
2022-03-30 14:58:29,548.39
2022-03-30 14:58:34,548.42
2022-03-30 14:58:39,548.48
2022-03-30 14:58:44,548.48
2022-03-30 14:58:49,548.55
2022-03-30 14:58:54,548.55
2022-03-30 14:58:59,548.61
2022-03-30 14:59:04,528.0709640844773
2022-03-30 14:59:09,548.61
2022-03-30 14:59:14,548.61
2022-03-30 14:59:19,548.6
2022-03-30 14:59:24,548.67
2022-03-30 14:59:29,548.67
2022-03-30 14:59:34,548.6
2022-03-30 14:59:39,548.67
2022-03-30 14:59:44,548.67
2022-03-30 14:59:49,548.67
2022-03-30 14:59:54,548.67
2022-03-30 14:59:59,548.66
2022-03-30 15:00:04,548.66
2022-03-30 15:00:09,548.66
2022-03-30 15:00:14,548.66
2022-03-30 15:00:19,548.66
2022-03-30 15:00:24,548.66
2022-03-30 15:00:29,548.59
2022-03-30 15:00:34,548.59
2022-03-30 15:00:39,548.53
2022-03-30 15:00:44,548.53
2022-03-30 15:00:49,548.46
2022-03-30 15:00:54,548.46
2022-03-30 15:00:59,548.4
2022-03-30 15:01:04,548.39
2022-03-30 15:01:09,548.36
2022-03-30 15:01:14,548.29
2022-03-30 15:01:19,548.29
2022-03-30 15:01:24,548.23
2022-03-30 15:01:29,548.16
2022-03-30 15:01:34,528.3001213214853
2022-03-30 15:01:39,548.16
2022-03-30 15:01:44,548.13
2022-03-30 15:01:49,548.13
2022-03-30 15:01:54,548.06
2022-03-30 15:01:59,528.3444613468996
2022-03-30 15:02:04,548.0
2022-03-30 15:02:09,547.94
2022-03-30 15:02:14,528.3719383150376
2022-03-30 15:02:19,547.84
2022-03-30 15:02:24,547.71
2022-03-30 15:02:29,547.64
2022-03-30 15:02:34,547.61
2022-03-30 15:02:39,547.48
2022-03-30 15:02:44,528.4288213075575
2022-03-30 15:02:49,547.32
2022-03-30 15:02:54,547.26
2022-03-30 15:02:59,547.09
2022-03-30 15:03:04,546.97
2022-03-30 15:03:09,546.9
2022-03-30 15:03:14,546.81
2022-03-30 15:03:19,546.68
2022-03-30 15:03:24,528.5083790433571
2022-03-30 15:03:29,546.45
2022-03-30 15:03:34,528.528882082352
2022-03-30 15:03:39,528.5392205313349
2022-03-30 15:03:44,546.06
2022-03-30 15:03:49,528.5600666416614
2022-03-30 15:03:54,528.5705724443609
2022-03-30 15:03:59,545.71
2022-03-30 15:04:04,528.5917448982219
2022-03-30 15:04:09,545.42
2022-03-30 15:04:14,545.36
2022-03-30 15:04:19,545.26
2022-03-30 15:04:24,545.07
2022-03-30 15:04:29,544.97
2022-03-30 15:04:34,544.84
2022-03-30 15:04:39,528.6674398167726
2022-03-30 15:04:44,544.55
2022-03-30 15:04:49,544.45
2022-03-30 15:04:54,544.33
2022-03-30 15:04:59,544.23
2022-03-30 15:05:04,528.7228930630657
2022-03-30 15:05:09,543.94
2022-03-30 15:05:14,543.81
2022-03-30 15:05:19,543.65
2022-03-30 15:05:24,543.52
2022-03-30 15:05:29,543.42
2022-03-30 15:05:34,543.3
2022-03-30 15:05:39,543.13
2022-03-30 15:05:44,543.07
2022-03-30 15:05:49,542.91
2022-03-30 15:05:54,542.78
2022-03-30 15:05:59,542.68
2022-03-30 15:06:04,542.49
2022-03-30 15:06:09,542.39
2022-03-30 15:06:14,542.27
2022-03-30 15:06:19,542.17
2022-03-30 15:06:24,542.04
2022-03-30 15:06:29,541.88
2022-03-30 15:06:34,541.75
2022-03-30 15:06:39,541.68
2022-03-30 15:06:44,541.59
2022-03-30 15:06:49,541.46
2022-03-30 15:06:54,541.36
2022-03-30 15:06:59,541.3
2022-03-30 15:07:04,541.17
2022-03-30 15:07:09,541.13
2022-03-30 15:07:14,529.0251172402543
2022-03-30 15:07:19,540.94
2022-03-30 15:07:24,540.84
2022-03-30 15:07:29,540.78
2022-03-30 15:07:34,540.71
2022-03-30 15:07:39,540.65
2022-03-30 15:07:44,540.55
2022-03-30 15:07:49,540.49
2022-03-30 15:07:54,540.42
2022-03-30 15:07:59,540.42
2022-03-30 15:08:04,540.26
2022-03-30 15:08:09,540.26
2022-03-30 15:08:14,540.26
2022-03-30 15:08:19,540.13
2022-03-30 15:08:24,540.13
2022-03-30 15:08:29,540.09
2022-03-30 15:08:34,529.2177712134117
2022-03-30 15:08:39,539.96
2022-03-30 15:08:44,539.9
2022-03-30 15:08:49,529.2540622956033
2022-03-30 15:08:54,539.87
2022-03-30 15:08:59,539.8
2022-03-30 15:09:04,539.8
2022-03-30 15:09:09,529.3024334113317
2022-03-30 15:09:14,539.8
2022-03-30 15:09:19,539.73
2022-03-30 15:09:24,539.73
2022-03-30 15:09:29,539.73
2022-03-30 15:09:34,539.67
2022-03-30 15:09:39,539.66
2022-03-30 15:09:44,539.66
2022-03-30 15:09:49,539.6
2022-03-30 15:09:54,539.6
2022-03-30 15:09:59,539.66
2022-03-30 15:10:04,539.66
2022-03-30 15:10:09,539.66
2022-03-30 15:10:14,539.66
2022-03-30 15:10:19,529.470759709585
2022-03-30 15:10:24,539.65
2022-03-30 15:10:29,539.65
2022-03-30 15:10:34,529.506466909563
2022-03-30 15:10:39,539.65
2022-03-30 15:10:44,539.65
2022-03-30 15:10:49,539.65
2022-03-30 15:10:54,539.71
2022-03-30 15:10:59,539.65
2022-03-30 15:11:04,539.65
2022-03-30 15:11:09,539.71
2022-03-30 15:11:14,539.71
2022-03-30 15:11:19,529.6123854715545
2022-03-30 15:11:24,539.71
2022-03-30 15:11:29,539.71
2022-03-30 15:11:34,539.77
2022-03-30 15:11:39,539.77
2022-03-30 15:11:44,539.71
2022-03-30 15:11:49,539.77
2022-03-30 15:11:54,539.77
2022-03-30 15:11:59,539.77
2022-03-30 15:12:04,539.77
2022-03-30 15:12:09,539.77
2022-03-30 15:12:14,539.84
2022-03-30 15:12:19,529.7498663757141
2022-03-30 15:12:24,539.84
2022-03-30 15:12:29,539.84
2022-03-30 15:12:34,539.84
2022-03-30 15:12:39,539.84
2022-03-30 15:12:44,529.8055449805743
2022-03-30 15:12:49,539.87
2022-03-30 15:12:54,539.87
2022-03-30 15:12:59,539.93
2022-03-30 15:13:04,539.87
2022-03-30 15:13:09,539.93
2022-03-30 15:13:14,540.0
2022-03-30 15:13:19,539.93
2022-03-30 15:13:24,540.0
2022-03-30 15:13:29,540.0
2022-03-30 15:13:34,540.06
2022-03-30 15:13:39,540.06
2022-03-30 15:13:44,540.06
2022-03-30 15:13:49,540.09
2022-03-30 15:13:54,540.16
2022-03-30 15:13:59,540.22
2022-03-30 15:14:04,540.22
2022-03-30 15:14:09,529.9858202309845
2022-03-30 15:14:14,540.22
2022-03-30 15:14:19,540.29
2022-03-30 15:14:24,530.0159521950168
2022-03-30 15:14:29,540.35
2022-03-30 15:14:34,540.39
2022-03-30 15:14:39,530.0455156411919
2022-03-30 15:14:44,540.45
2022-03-30 15:14:49,540.45
2022-03-30 15:14:54,530.0744854778139
2022-03-30 15:14:59,540.51
2022-03-30 15:15:04,540.51
2022-03-30 15:15:09,540.58
2022-03-30 15:15:14,540.58
2022-03-30 15:15:19,540.61
2022-03-30 15:15:24,540.61
2022-03-30 15:15:29,540.67
2022-03-30 15:15:34,540.67
2022-03-30 15:15:39,540.74
2022-03-30 15:15:44,540.74
2022-03-30 15:15:49,540.8
2022-03-30 15:15:54,540.87
2022-03-30 15:15:59,540.87
2022-03-30 15:16:04,540.9
2022-03-30 15:16:09,540.9
2022-03-30 15:16:14,540.96
2022-03-30 15:16:19,540.96
2022-03-30 15:16:24,540.96
2022-03-30 15:16:29,541.02
2022-03-30 15:16:34,541.09
2022-03-30 15:16:39,541.09
2022-03-30 15:16:44,541.09
2022-03-30 15:16:49,541.12
2022-03-30 15:16:54,541.12
2022-03-30 15:16:59,541.12
2022-03-30 15:17:04,541.18
2022-03-30 15:17:09,541.18
2022-03-30 15:17:14,541.18
2022-03-30 15:17:19,541.18
2022-03-30 15:17:24,541.18
2022-03-30 15:17:29,541.11
2022-03-30 15:17:34,530.3401815465822
2022-03-30 15:17:39,541.11
2022-03-30 15:17:44,541.17
2022-03-30 15:17:49,541.11
2022-03-30 15:17:54,530.3671061478879
2022-03-30 15:17:59,541.17
2022-03-30 15:18:04,541.11
2022-03-30 15:18:09,541.11
2022-03-30 15:18:14,541.11
2022-03-30 15:18:19,541.11
2022-03-30 15:18:24,541.11
2022-03-30 15:18:29,541.11
2022-03-30 15:18:34,541.11
2022-03-30 15:18:39,541.11
2022-03-30 15:18:44,541.1
2022-03-30 15:18:49,541.1
2022-03-30 15:18:54,541.1
2022-03-30 15:18:59,541.17
2022-03-30 15:19:04,541.1
2022-03-30 15:19:09,541.1
2022-03-30 15:19:14,530.4590867405657
2022-03-30 15:19:19,541.1
2022-03-30 15:19:24,541.1
2022-03-30 15:19:29,541.16
2022-03-30 15:19:34,541.09
2022-03-30 15:19:39,541.1
2022-03-30 15:19:44,541.09
2022-03-30 15:19:49,541.06
2022-03-30 15:19:54,541.06
2022-03-30 15:19:59,541.06
2022-03-30 15:20:04,540.99
2022-03-30 15:20:09,540.99
2022-03-30 15:20:14,540.93
2022-03-30 15:20:19,540.93
2022-03-30 15:20:24,540.93
2022-03-30 15:20:29,540.83
2022-03-30 15:20:34,540.83
2022-03-30 15:20:39,540.77
2022-03-30 15:20:44,530.5301534459958
2022-03-30 15:20:49,540.77
2022-03-30 15:20:54,540.77
2022-03-30 15:20:59,540.7
2022-03-30 15:21:04,540.7
2022-03-30 15:21:09,540.7
2022-03-30 15:21:14,540.64
2022-03-30 15:21:19,540.64
2022-03-30 15:21:24,540.64
2022-03-30 15:21:29,540.64
2022-03-30 15:21:34,540.64
2022-03-30 15:21:39,540.57
2022-03-30 15:21:44,540.57
2022-03-30 15:21:49,540.57
2022-03-30 15:21:54,540.57
2022-03-30 15:21:59,540.57
2022-03-30 15:22:04,540.54
2022-03-30 15:22:09,540.54
2022-03-30 15:22:14,540.54
2022-03-30 15:22:19,540.54
2022-03-30 15:22:24,540.48
2022-03-30 15:22:29,540.48
2022-03-30 15:22:34,540.48
2022-03-30 15:22:39,540.48
2022-03-30 15:22:44,540.48
2022-03-30 15:22:49,540.48
2022-03-30 15:22:54,540.48
2022-03-30 15:22:59,540.41
2022-03-30 15:23:04,540.42
2022-03-30 15:23:09,540.42
2022-03-30 15:23:14,530.5630184627562
2022-03-30 15:23:19,540.42
2022-03-30 15:23:24,540.42
2022-03-30 15:23:29,540.36
2022-03-30 15:23:34,540.42
2022-03-30 15:23:39,530.5571579921884
2022-03-30 15:23:44,540.36
2022-03-30 15:23:49,540.36
2022-03-30 15:23:54,540.42
2022-03-30 15:23:59,540.48
2022-03-30 15:24:04,540.42
2022-03-30 15:24:09,540.49
2022-03-30 15:24:14,540.42
2022-03-30 15:24:19,540.49
2022-03-30 15:24:24,540.49
2022-03-30 15:24:29,530.535036373841
2022-03-30 15:24:34,540.58
2022-03-30 15:24:39,540.55
2022-03-30 15:24:44,540.65
2022-03-30 15:24:49,540.65
2022-03-30 15:24:54,540.71
2022-03-30 15:24:59,540.78
2022-03-30 15:25:04,540.78
2022-03-30 15:25:09,540.84
2022-03-30 15:25:14,540.94
2022-03-30 15:25:19,540.94
2022-03-30 15:25:24,541.0
2022-03-30 15:25:29,530.4894646103977
2022-03-30 15:25:34,541.07
2022-03-30 15:25:39,541.1
2022-03-30 15:25:44,541.16
2022-03-30 15:25:49,541.16
2022-03-30 15:25:54,541.23
2022-03-30 15:25:59,541.23
2022-03-30 15:26:04,530.4529061669002
2022-03-30 15:26:09,541.36
2022-03-30 15:26:14,541.36
2022-03-30 15:26:19,541.39
2022-03-30 15:26:24,541.45
2022-03-30 15:26:29,541.45
2022-03-30 15:26:34,541.45
2022-03-30 15:26:39,541.52
2022-03-30 15:26:44,541.52
2022-03-30 15:26:49,541.58
2022-03-30 15:26:54,541.58
2022-03-30 15:26:59,530.3800067864562
2022-03-30 15:27:04,541.61
2022-03-30 15:27:09,541.58
2022-03-30 15:27:14,541.61
2022-03-30 15:27:19,541.61
2022-03-30 15:27:24,541.61
2022-03-30 15:27:29,541.61
2022-03-30 15:27:34,541.68
2022-03-30 15:27:39,541.68
2022-03-30 15:27:44,541.68
2022-03-30 15:27:49,541.67
2022-03-30 15:27:54,541.74
2022-03-30 15:27:59,530.278106176543
2022-03-30 15:28:04,541.74
2022-03-30 15:28:09,541.8
2022-03-30 15:28:14,541.8
2022-03-30 15:28:19,541.8
2022-03-30 15:28:24,530.2285164273392
2022-03-30 15:28:29,541.8
2022-03-30 15:28:34,541.86
2022-03-30 15:28:39,541.86
2022-03-30 15:28:44,541.9
2022-03-30 15:28:49,541.86
2022-03-30 15:28:54,541.86
2022-03-30 15:28:59,541.89
2022-03-30 15:29:04,541.89
2022-03-30 15:29:09,541.96
2022-03-30 15:29:14,541.96
2022-03-30 15:29:19,541.96
2022-03-30 15:29:24,541.96
2022-03-30 15:29:29,542.02
2022-03-30 15:29:34,542.02
2022-03-30 15:29:39,542.09
2022-03-30 15:29:44,542.09
2022-03-30 15:29:49,530.0272486008885
2022-03-30 15:29:54,542.11
2022-03-30 15:29:59,530.0001591633765
2022-03-30 15:30:04,529.9863390995289
2022-03-30 15:30:09,542.12
2022-03-30 15:30:14,542.18
2022-03-30 15:30:19,542.18
2022-03-30 15:30:24,542.12
2022-03-30 15:30:29,542.18
2022-03-30 15:30:34,542.18
2022-03-30 15:30:39,542.12
2022-03-30 15:30:44,542.09
2022-03-30 15:30:49,542.09
2022-03-30 15:30:54,542.08
2022-03-30 15:30:59,542.02
2022-03-30 15:31:04,529.8062284892504
2022-03-30 15:31:09,542.02
2022-03-30 15:31:14,541.96
2022-03-30 15:31:19,529.7572636303964
2022-03-30 15:31:24,541.89
2022-03-30 15:31:29,541.89
2022-03-30 15:31:34,541.86
2022-03-30 15:31:39,541.8
2022-03-30 15:31:44,541.8
2022-03-30 15:31:49,541.73
2022-03-30 15:31:54,541.67
2022-03-30 15:31:59,541.67
2022-03-30 15:32:04,541.67
2022-03-30 15:32:09,541.61
2022-03-30 15:32:14,541.57
2022-03-30 15:32:19,541.51
2022-03-30 15:32:24,529.5287599732341
2022-03-30 15:32:29,541.45
2022-03-30 15:32:34,541.45
2022-03-30 15:32:39,541.39
2022-03-30 15:32:44,529.453556984489
2022-03-30 15:32:49,541.35
2022-03-30 15:32:54,529.4151659236086
2022-03-30 15:32:59,541.22
2022-03-30 15:33:04,529.3762692880757
2022-03-30 15:33:09,541.16
2022-03-30 15:33:14,541.16
2022-03-30 15:33:19,541.1
2022-03-30 15:33:24,541.07
2022-03-30 15:33:29,541.0
2022-03-30 15:33:34,541.0
2022-03-30 15:33:39,540.88
2022-03-30 15:33:44,540.84
2022-03-30 15:33:49,540.84
2022-03-30 15:33:54,540.84
2022-03-30 15:33:59,540.72
2022-03-30 15:34:04,540.72
2022-03-30 15:34:09,540.65
2022-03-30 15:34:14,540.56
2022-03-30 15:34:19,540.56
2022-03-30 15:34:24,529.048767788026
2022-03-30 15:34:29,540.43
2022-03-30 15:34:34,540.43
2022-03-30 15:34:39,528.9845186726077
2022-03-30 15:34:44,528.9629288249852
2022-03-30 15:34:49,540.33
2022-03-30 15:34:54,540.27
2022-03-30 15:34:59,540.14
2022-03-30 15:35:04,540.08
2022-03-30 15:35:09,540.05
2022-03-30 15:35:14,539.85
2022-03-30 15:35:19,539.82
2022-03-30 15:35:24,539.69
2022-03-30 15:35:29,539.63
2022-03-30 15:35:34,539.53
2022-03-30 15:35:39,539.4
2022-03-30 15:35:44,539.24
2022-03-30 15:35:49,528.6753733522027
2022-03-30 15:35:54,539.01
2022-03-30 15:35:59,538.88
2022-03-30 15:36:04,538.72
2022-03-30 15:36:09,538.59
2022-03-30 15:36:14,538.5
2022-03-30 15:36:19,538.37
2022-03-30 15:36:24,538.14
2022-03-30 15:36:29,538.01
2022-03-30 15:36:34,537.92
2022-03-30 15:36:39,537.76
2022-03-30 15:36:44,537.5
2022-03-30 15:36:49,537.4
2022-03-30 15:36:54,537.24
2022-03-30 15:36:59,537.05
2022-03-30 15:37:04,536.88
2022-03-30 15:37:09,536.72
2022-03-30 15:37:14,536.59
2022-03-30 15:37:19,536.46
2022-03-30 15:37:24,536.3
2022-03-30 15:37:29,536.14
2022-03-30 15:37:34,536.01
2022-03-30 15:37:39,535.85
2022-03-30 15:37:44,535.72
2022-03-30 15:37:49,535.62
2022-03-30 15:37:54,535.43
2022-03-30 15:37:59,535.4
2022-03-30 15:38:04,535.27
2022-03-30 15:38:09,535.17
2022-03-30 15:38:14,528.004834512667
2022-03-30 15:38:19,534.98
2022-03-30 15:38:24,527.9579974837825
2022-03-30 15:38:29,534.75
2022-03-30 15:38:34,534.69
2022-03-30 15:38:39,534.59
2022-03-30 15:38:44,534.52
2022-03-30 15:38:49,534.46
2022-03-30 15:38:54,534.39
2022-03-30 15:38:59,527.7942435105832
2022-03-30 15:39:04,534.3
2022-03-30 15:39:09,534.23
2022-03-30 15:39:14,534.23
2022-03-30 15:39:19,527.7009783993482
2022-03-30 15:39:24,534.23
2022-03-30 15:39:29,534.17
2022-03-30 15:39:34,534.17
2022-03-30 15:39:39,534.13
2022-03-30 15:39:44,527.5849466453622
2022-03-30 15:39:49,534.13
2022-03-30 15:39:54,534.13
2022-03-30 15:39:59,534.07
2022-03-30 15:40:04,534.07
2022-03-30 15:40:09,534.07
2022-03-30 15:40:14,534.07
2022-03-30 15:40:19,534.07
2022-03-30 15:40:24,534.01
2022-03-30 15:40:29,527.3783656733358
2022-03-30 15:40:34,534.01
2022-03-30 15:40:39,534.01
2022-03-30 15:40:44,527.3103546168103
2022-03-30 15:40:49,534.01
2022-03-30 15:40:54,534.01
2022-03-30 15:40:59,534.01
2022-03-30 15:41:04,533.94
2022-03-30 15:41:09,533.94
2022-03-30 15:41:14,534.01
2022-03-30 15:41:19,533.94
2022-03-30 15:41:24,533.94
2022-03-30 15:41:29,533.94
2022-03-30 15:41:34,533.94
2022-03-30 15:41:39,533.94
2022-03-30 15:41:44,533.94
2022-03-30 15:41:49,533.95
2022-03-30 15:41:54,533.88
2022-03-30 15:41:59,533.88
2022-03-30 15:42:04,533.88
2022-03-30 15:42:09,533.88
2022-03-30 15:42:14,533.88
2022-03-30 15:42:19,533.85
2022-03-30 15:42:24,533.88
2022-03-30 15:42:29,533.88
2022-03-30 15:42:34,533.85
2022-03-30 15:42:39,533.85
2022-03-30 15:42:44,533.85
2022-03-30 15:42:49,533.85
2022-03-30 15:42:54,533.88
2022-03-30 15:42:59,533.85
2022-03-30 15:43:04,533.85
2022-03-30 15:43:09,533.85
2022-03-30 15:43:14,533.88
2022-03-30 15:43:19,533.85
2022-03-30 15:43:24,533.88
2022-03-30 15:43:29,533.88
2022-03-30 15:43:34,533.88
2022-03-30 15:43:39,533.88
2022-03-30 15:43:44,533.88
2022-03-30 15:43:49,533.88
2022-03-30 15:43:54,533.88
2022-03-30 15:43:59,533.95
2022-03-30 15:44:04,533.95
2022-03-30 15:44:09,526.4545063250907
2022-03-30 15:44:14,534.08
2022-03-30 15:44:19,534.08
2022-03-30 15:44:24,534.14
2022-03-30 15:44:29,534.17
2022-03-30 15:44:34,534.24
2022-03-30 15:44:39,534.3
2022-03-30 15:44:44,534.36
2022-03-30 15:44:49,534.4
2022-03-30 15:44:54,534.46
2022-03-30 15:44:59,534.52
2022-03-30 15:45:04,534.65
2022-03-30 15:45:09,534.68
2022-03-30 15:45:14,534.75
2022-03-30 15:45:19,526.2074968570043
2022-03-30 15:45:24,526.1908522704363
2022-03-30 15:45:29,534.97
2022-03-30 15:45:34,535.1
2022-03-30 15:45:39,535.16
2022-03-30 15:45:44,535.2
2022-03-30 15:45:49,535.26
2022-03-30 15:45:54,535.39
2022-03-30 15:45:59,535.42
2022-03-30 15:46:04,535.49
2022-03-30 15:46:09,535.55
2022-03-30 15:46:14,535.68
2022-03-30 15:46:19,535.71
2022-03-30 15:46:24,535.83
2022-03-30 15:46:29,535.9
2022-03-30 15:46:34,535.93
2022-03-30 15:46:39,525.9553074842411
2022-03-30 15:46:44,525.94047494083
2022-03-30 15:46:49,536.22
2022-03-30 15:46:54,536.28
2022-03-30 15:46:59,536.41
2022-03-30 15:47:04,525.8821281752719
2022-03-30 15:47:09,536.63
2022-03-30 15:47:14,536.7
2022-03-30 15:47:19,536.79
2022-03-30 15:47:24,536.86
2022-03-30 15:47:29,537.02
2022-03-30 15:47:34,537.14
2022-03-30 15:47:39,537.24
2022-03-30 15:47:44,537.31
2022-03-30 15:47:49,525.7561723694783
2022-03-30 15:47:54,537.53
2022-03-30 15:47:59,537.66
2022-03-30 15:48:04,525.7156746943864
2022-03-30 15:48:09,525.7023271536947
2022-03-30 15:48:14,525.6890528390516
2022-03-30 15:48:19,538.1
2022-03-30 15:48:24,538.17
2022-03-30 15:48:29,538.33
2022-03-30 15:48:34,538.46
2022-03-30 15:48:39,538.49
2022-03-30 15:48:44,538.68
2022-03-30 15:48:49,538.78
2022-03-30 15:48:54,538.84
2022-03-30 15:48:59,538.97
2022-03-30 15:49:04,539.07
2022-03-30 15:49:09,539.2
2022-03-30 15:49:14,539.29
2022-03-30 15:49:19,539.36
2022-03-30 15:49:24,539.52
2022-03-30 15:49:29,525.4976578679518
2022-03-30 15:49:34,539.71
2022-03-30 15:49:39,539.81
2022-03-30 15:49:44,539.87
2022-03-30 15:49:49,540.0
2022-03-30 15:49:54,540.16
2022-03-30 15:49:59,540.16
2022-03-30 15:50:04,540.33
2022-03-30 15:50:09,540.39
2022-03-30 15:50:14,540.52
2022-03-30 15:50:19,540.62
2022-03-30 15:50:24,540.75
2022-03-30 15:50:29,540.84
2022-03-30 15:50:34,540.91
2022-03-30 15:50:39,540.97
2022-03-30 15:50:44,541.07
2022-03-30 15:50:49,541.2
2022-03-30 15:50:54,541.33
2022-03-30 15:50:59,541.36
2022-03-30 15:51:04,541.42
2022-03-30 15:51:09,541.55
2022-03-30 15:51:14,541.59
2022-03-30 15:51:19,541.65
2022-03-30 15:51:24,541.78
2022-03-30 15:51:29,541.85
2022-03-30 15:51:34,541.94
2022-03-30 15:51:39,542.01
2022-03-30 15:51:44,542.07
2022-03-30 15:51:49,542.17
2022-03-30 15:51:54,542.23
2022-03-30 15:51:59,542.36
2022-03-30 15:52:04,542.4
2022-03-30 15:52:09,542.46
2022-03-30 15:52:14,542.52
2022-03-30 15:52:19,542.59
2022-03-30 15:52:24,542.62
2022-03-30 15:52:29,542.69
2022-03-30 15:52:34,542.75
2022-03-30 15:52:39,525.0491202807219
2022-03-30 15:52:44,542.88
2022-03-30 15:52:49,542.91
2022-03-30 15:52:54,542.98
2022-03-30 15:52:59,525.0024310797215
2022-03-30 15:53:04,543.11
2022-03-30 15:53:09,543.11
2022-03-30 15:53:14,543.14
2022-03-30 15:53:19,524.9554568394243
2022-03-30 15:53:24,543.2
2022-03-30 15:53:29,543.27
2022-03-30 15:53:34,543.34
2022-03-30 15:53:39,543.34
2022-03-30 15:53:44,543.4
2022-03-30 15:53:49,543.43
2022-03-30 15:53:54,543.49
2022-03-30 15:53:59,543.56
2022-03-30 15:54:04,543.56
2022-03-30 15:54:09,543.56
2022-03-30 15:54:14,543.66
2022-03-30 15:54:19,543.72
2022-03-30 15:54:24,543.72
2022-03-30 15:54:29,543.79
2022-03-30 15:54:34,524.7750499398717
2022-03-30 15:54:39,524.7627003044737
2022-03-30 15:54:44,543.92
2022-03-30 15:54:49,543.95
2022-03-30 15:54:54,544.01
2022-03-30 15:54:59,544.08
2022-03-30 15:55:04,544.08
2022-03-30 15:55:09,544.08
2022-03-30 15:55:14,544.14
2022-03-30 15:55:19,524.6619998661853
2022-03-30 15:55:24,544.17
2022-03-30 15:55:29,544.14
2022-03-30 15:55:34,544.14
2022-03-30 15:55:39,544.17
2022-03-30 15:55:44,544.14
2022-03-30 15:55:49,544.17
2022-03-30 15:55:54,544.14
2022-03-30 15:55:59,544.14
2022-03-30 15:56:04,524.5439467638394
2022-03-30 15:56:09,544.07
2022-03-30 15:56:14,544.07
2022-03-30 15:56:19,524.5032861668432
2022-03-30 15:56:24,544.01
2022-03-30 15:56:29,543.94
2022-03-30 15:56:34,543.91
2022-03-30 15:56:39,543.91
2022-03-30 15:56:44,543.85
2022-03-30 15:56:49,543.84
2022-03-30 15:56:54,543.72
2022-03-30 15:56:59,543.65
2022-03-30 15:57:04,524.3767823510083
2022-03-30 15:57:09,543.49
2022-03-30 15:57:14,524.3476686622031
2022-03-30 15:57:19,524.3329658002566
2022-03-30 15:57:24,524.3181635003845
2022-03-30 15:57:29,524.3032601929141
2022-03-30 15:57:34,543.13
2022-03-30 15:57:39,543.1
2022-03-30 15:57:44,542.97
2022-03-30 15:57:49,524.2426054935993
2022-03-30 15:57:54,524.2271736030498
2022-03-30 15:57:59,542.74
2022-03-30 15:58:04,542.62
2022-03-30 15:58:09,524.1802090989119
2022-03-30 15:58:14,542.46
2022-03-30 15:58:19,542.36
2022-03-30 15:58:24,542.23
2022-03-30 15:58:29,542.17
2022-03-30 15:58:34,542.07
2022-03-30 15:58:39,541.94
2022-03-30 15:58:44,541.85
2022-03-30 15:58:49,541.78
2022-03-30 15:58:54,541.65
2022-03-30 15:58:59,541.56
2022-03-30 15:59:04,541.5
2022-03-30 15:59:09,541.37
2022-03-30 15:59:14,541.27
2022-03-30 15:59:19,523.9471981171623
2022-03-30 15:59:24,541.08
2022-03-30 15:59:29,540.98
2022-03-30 15:59:34,540.92
2022-03-30 15:59:39,540.82
2022-03-30 15:59:44,540.69
2022-03-30 15:59:49,540.63
2022-03-30 15:59:54,540.53
2022-03-30 15:59:59,540.4
2022-03-30 16:00:04,540.31
2022-03-30 16:00:09,540.31
2022-03-30 16:00:14,540.18
2022-03-30 16:00:19,540.05
2022-03-30 16:00:24,540.02
2022-03-30 16:00:29,539.9
2022-03-30 16:00:34,523.6755726769603
2022-03-30 16:00:39,539.73
2022-03-30 16:00:44,539.67
2022-03-30 16:00:49,539.54
2022-03-30 16:00:54,539.51
2022-03-30 16:00:59,539.45
2022-03-30 16:01:04,539.38
2022-03-30 16:01:09,539.32
2022-03-30 16:01:14,539.32
2022-03-30 16:01:19,539.23
2022-03-30 16:01:24,539.16
2022-03-30 16:01:29,539.1
2022-03-30 16:01:34,539.04
2022-03-30 16:01:39,539.0
2022-03-30 16:01:44,538.94
2022-03-30 16:01:49,538.88
2022-03-30 16:01:54,538.88
2022-03-30 16:01:59,538.78
2022-03-30 16:02:04,538.72
2022-03-30 16:02:09,538.59
2022-03-30 16:02:14,523.2898670867778
2022-03-30 16:02:19,538.59
2022-03-30 16:02:24,523.2503820254175
2022-03-30 16:02:29,538.49
2022-03-30 16:02:34,538.43
2022-03-30 16:02:39,538.37
2022-03-30 16:02:44,538.3
2022-03-30 16:02:49,538.27
2022-03-30 16:02:54,538.27
2022-03-30 16:02:59,538.21
2022-03-30 16:03:04,538.15
2022-03-30 16:03:09,538.08
2022-03-30 16:03:14,538.08
2022-03-30 16:03:19,538.02
2022-03-30 16:03:24,523.0119624560433
2022-03-30 16:03:29,537.92
2022-03-30 16:03:34,537.92
2022-03-30 16:03:39,537.86
2022-03-30 16:03:44,537.79
2022-03-30 16:03:49,537.79
2022-03-30 16:03:54,537.79
2022-03-30 16:03:59,537.76
2022-03-30 16:04:04,537.76
2022-03-30 16:04:09,537.76
2022-03-30 16:04:14,537.76
2022-03-30 16:04:19,537.76
2022-03-30 16:04:24,522.7735546380433
2022-03-30 16:04:29,522.7538006521196
2022-03-30 16:04:34,537.7
2022-03-30 16:04:39,537.7
2022-03-30 16:04:44,537.7
2022-03-30 16:04:49,537.63
2022-03-30 16:04:54,537.63
2022-03-30 16:04:59,537.63
2022-03-30 16:05:04,537.63
2022-03-30 16:05:09,537.57
2022-03-30 16:05:14,537.57
2022-03-30 16:05:19,537.5
2022-03-30 16:05:24,537.5
2022-03-30 16:05:29,537.5
2022-03-30 16:05:34,537.5
2022-03-30 16:05:39,537.5
2022-03-30 16:05:44,537.5
2022-03-30 16:05:49,537.47
2022-03-30 16:05:54,537.47
2022-03-30 16:05:59,537.47
2022-03-30 16:06:04,537.47
2022-03-30 16:06:09,537.41
2022-03-30 16:06:14,537.41
2022-03-30 16:06:19,537.47
2022-03-30 16:06:24,537.4
2022-03-30 16:06:29,537.4
2022-03-30 16:06:34,537.4
2022-03-30 16:06:39,537.34
2022-03-30 16:06:44,537.34
2022-03-30 16:06:49,537.34
2022-03-30 16:06:54,537.27
2022-03-30 16:06:59,537.34
2022-03-30 16:07:04,537.27
2022-03-30 16:07:09,537.27
2022-03-30 16:07:14,537.27
2022-03-30 16:07:19,537.27
2022-03-30 16:07:24,522.094387201608
2022-03-30 16:07:29,537.27
2022-03-30 16:07:34,537.27
2022-03-30 16:07:39,537.24
2022-03-30 16:07:44,537.24
2022-03-30 16:07:49,537.24
2022-03-30 16:07:54,537.24
2022-03-30 16:07:59,537.18
2022-03-30 16:08:04,537.18
2022-03-30 16:08:09,537.24
2022-03-30 16:08:14,537.24
2022-03-30 16:08:19,537.18
2022-03-30 16:08:24,521.8920118984245
2022-03-30 16:08:29,537.24
2022-03-30 16:08:34,537.18
2022-03-30 16:08:39,537.18
2022-03-30 16:08:44,537.18
2022-03-30 16:08:49,537.18
2022-03-30 16:08:54,521.7973510271623
2022-03-30 16:08:59,537.18
2022-03-30 16:09:04,537.12
2022-03-30 16:09:09,537.12
2022-03-30 16:09:14,521.7369665382661
2022-03-30 16:09:19,521.7222298504037
2022-03-30 16:09:24,537.12
2022-03-30 16:09:29,537.12
2022-03-30 16:09:34,537.12
2022-03-30 16:09:39,537.12
2022-03-30 16:09:44,521.6508071419994
2022-03-30 16:09:49,537.12
2022-03-30 16:09:54,537.12
2022-03-30 16:09:59,537.12
2022-03-30 16:10:04,521.5965068020504
2022-03-30 16:10:09,521.5833432137936
2022-03-30 16:10:14,537.13
2022-03-30 16:10:19,521.55752441082
2022-03-30 16:10:24,537.13
2022-03-30 16:10:29,537.19
2022-03-30 16:10:34,537.13
2022-03-30 16:10:39,537.19
2022-03-30 16:10:44,537.2
2022-03-30 16:10:49,537.13
2022-03-30 16:10:54,537.13
2022-03-30 16:10:59,537.2
2022-03-30 16:11:04,537.13
2022-03-30 16:11:09,537.2
2022-03-30 16:11:14,537.13
2022-03-30 16:11:19,537.2
2022-03-30 16:11:24,537.2
2022-03-30 16:11:29,537.2
2022-03-30 16:11:34,537.2
2022-03-30 16:11:39,537.2
2022-03-30 16:11:44,537.14
2022-03-30 16:11:49,537.2
2022-03-30 16:11:54,537.2
2022-03-30 16:11:59,537.2
2022-03-30 16:12:04,537.2
2022-03-30 16:12:09,537.2
2022-03-30 16:12:14,537.2
2022-03-30 16:12:19,537.2
2022-03-30 16:12:24,521.2985412553539
2022-03-30 16:12:29,537.2
2022-03-30 16:12:34,537.2
2022-03-30 16:12:39,537.2
2022-03-30 16:12:44,521.2693062296432
2022-03-30 16:12:49,537.2
2022-03-30 16:12:54,537.2
2022-03-30 16:12:59,537.14
2022-03-30 16:13:04,537.2
2022-03-30 16:13:09,537.14
2022-03-30 16:13:14,537.07
2022-03-30 16:13:19,521.226932885149
2022-03-30 16:13:24,537.01
2022-03-30 16:13:29,537.01
2022-03-30 16:13:34,537.01
2022-03-30 16:13:39,537.01
2022-03-30 16:13:44,536.98
2022-03-30 16:13:49,521.1993962400028
2022-03-30 16:13:54,536.91
2022-03-30 16:13:59,536.85
2022-03-30 16:14:04,536.85
2022-03-30 16:14:09,536.79
2022-03-30 16:14:14,536.78
2022-03-30 16:14:19,536.75
2022-03-30 16:14:24,536.75
2022-03-30 16:14:29,536.69
2022-03-30 16:14:34,521.1730018444417
2022-03-30 16:14:39,536.62
2022-03-30 16:14:44,536.56
2022-03-30 16:14:49,536.56
2022-03-30 16:14:54,521.1669173947924
2022-03-30 16:14:59,536.49
2022-03-30 16:15:04,536.49
2022-03-30 16:15:09,536.46
2022-03-30 16:15:14,536.46
2022-03-30 16:15:19,536.4
2022-03-30 16:15:24,536.4
2022-03-30 16:15:29,536.4
2022-03-30 16:15:34,536.33
2022-03-30 16:15:39,536.33
2022-03-30 16:15:44,536.33
2022-03-30 16:15:49,536.26
2022-03-30 16:15:54,536.26
2022-03-30 16:15:59,536.23
2022-03-30 16:16:04,536.27
2022-03-30 16:16:09,536.23
2022-03-30 16:16:14,536.17
2022-03-30 16:16:19,536.23
2022-03-30 16:16:24,521.1813323515476
2022-03-30 16:16:29,536.17
2022-03-30 16:16:34,536.16
2022-03-30 16:16:39,536.16
2022-03-30 16:16:44,536.23
2022-03-30 16:16:49,536.17
2022-03-30 16:16:54,521.2009399077543
2022-03-30 16:16:59,536.17
2022-03-30 16:17:04,536.23
2022-03-30 16:17:09,536.17
2022-03-30 16:17:14,536.17
2022-03-30 16:17:19,536.17
2022-03-30 16:17:24,536.23
2022-03-30 16:17:29,536.17
2022-03-30 16:17:34,536.17
2022-03-30 16:17:39,521.2437915449377
2022-03-30 16:17:44,536.17
2022-03-30 16:17:49,536.17
2022-03-30 16:17:54,536.17
2022-03-30 16:17:59,536.17
2022-03-30 16:18:04,521.274429693478
2022-03-30 16:18:09,536.24
2022-03-30 16:18:14,536.24
2022-03-30 16:18:19,536.17
2022-03-30 16:18:24,536.17
2022-03-30 16:18:29,536.17
2022-03-30 16:18:34,536.24
2022-03-30 16:18:39,536.18
2022-03-30 16:18:44,536.24
2022-03-30 16:18:49,536.24
2022-03-30 16:18:54,536.24
2022-03-30 16:18:59,536.24
2022-03-30 16:19:04,536.25
2022-03-30 16:19:09,536.25
2022-03-30 16:19:14,536.28
2022-03-30 16:19:19,536.25
2022-03-30 16:19:24,536.28
2022-03-30 16:19:29,536.28
2022-03-30 16:19:34,521.423831714314
2022-03-30 16:19:39,536.28
2022-03-30 16:19:44,536.28
2022-03-30 16:19:49,536.35
2022-03-30 16:19:54,536.35
2022-03-30 16:19:59,536.35
2022-03-30 16:20:04,536.35
2022-03-30 16:20:09,521.4979471494486
2022-03-30 16:20:14,536.29
2022-03-30 16:20:19,536.35
2022-03-30 16:20:24,536.35
2022-03-30 16:20:29,536.35
2022-03-30 16:20:34,536.29
2022-03-30 16:20:39,536.29
2022-03-30 16:20:44,536.29
2022-03-30 16:20:49,536.29
2022-03-30 16:20:54,536.26
2022-03-30 16:20:59,536.26
2022-03-30 16:21:04,536.26
2022-03-30 16:21:09,536.26
2022-03-30 16:21:14,536.26
2022-03-30 16:21:19,521.6719576316243
2022-03-30 16:21:24,536.26
2022-03-30 16:21:29,521.6995500026618
2022-03-30 16:21:34,536.26
2022-03-30 16:21:39,536.29
2022-03-30 16:21:44,536.29
2022-03-30 16:21:49,536.26
2022-03-30 16:21:54,536.29
2022-03-30 16:21:59,536.29
2022-03-30 16:22:04,521.8013631634784
2022-03-30 16:22:09,536.29
2022-03-30 16:22:14,536.29
2022-03-30 16:22:19,536.29
2022-03-30 16:22:24,536.36
2022-03-30 16:22:29,536.36
2022-03-30 16:22:34,536.36
2022-03-30 16:22:39,536.36
2022-03-30 16:22:44,536.36
2022-03-30 16:22:49,536.36
2022-03-30 16:22:54,536.36
2022-03-30 16:22:59,536.36
2022-03-30 16:23:04,536.36
2022-03-30 16:23:09,522.0115083520066
2022-03-30 16:23:14,536.36
2022-03-30 16:23:19,536.36
2022-03-30 16:23:24,536.36
2022-03-30 16:23:29,536.35
2022-03-30 16:23:34,536.36
2022-03-30 16:23:39,536.36
2022-03-30 16:23:44,536.29
2022-03-30 16:23:49,536.29
2022-03-30 16:23:54,536.29
2022-03-30 16:23:59,536.26
2022-03-30 16:24:04,522.2099081892294
2022-03-30 16:24:09,536.26
2022-03-30 16:24:14,536.26
2022-03-30 16:24:19,536.19
2022-03-30 16:24:24,536.19
2022-03-30 16:24:29,536.13
2022-03-30 16:24:34,536.13
2022-03-30 16:24:39,536.06
2022-03-30 16:24:44,536.07
2022-03-30 16:24:49,536.07
2022-03-30 16:24:54,536.0
2022-03-30 16:24:59,535.97
2022-03-30 16:25:04,535.97
2022-03-30 16:25:09,535.9
2022-03-30 16:25:14,535.84
2022-03-30 16:25:19,535.84
2022-03-30 16:25:24,522.5304783430357
2022-03-30 16:25:29,535.77
2022-03-30 16:25:34,535.74
2022-03-30 16:25:39,535.74
2022-03-30 16:25:44,535.74
2022-03-30 16:25:49,535.68
2022-03-30 16:25:54,535.68
2022-03-30 16:25:59,535.61
2022-03-30 16:26:04,535.61
2022-03-30 16:26:09,535.55
2022-03-30 16:26:14,535.55
2022-03-30 16:26:19,535.55
2022-03-30 16:26:24,535.49
2022-03-30 16:26:29,535.49
2022-03-30 16:26:34,535.49
2022-03-30 16:26:39,535.49
2022-03-30 16:26:44,535.49
2022-03-30 16:26:49,535.45
2022-03-30 16:26:54,535.46
2022-03-30 16:26:59,535.46
2022-03-30 16:27:04,535.46
2022-03-30 16:27:09,535.46
2022-03-30 16:27:14,535.46
2022-03-30 16:27:19,535.4
2022-03-30 16:27:24,535.4
2022-03-30 16:27:29,535.46
2022-03-30 16:27:34,535.4
2022-03-30 16:27:39,535.4
2022-03-30 16:27:44,535.33
2022-03-30 16:27:49,523.2003903327927
2022-03-30 16:27:54,535.33
2022-03-30 16:27:59,535.33
2022-03-30 16:28:04,535.4
2022-03-30 16:28:09,535.4
2022-03-30 16:28:14,535.34
2022-03-30 16:28:19,535.4
2022-03-30 16:28:24,535.34
2022-03-30 16:28:29,535.34
2022-03-30 16:28:34,535.34
2022-03-30 16:28:39,535.34
2022-03-30 16:28:44,523.4795613997966
2022-03-30 16:28:49,535.34
2022-03-30 16:28:54,535.34
2022-03-30 16:28:59,535.34
2022-03-30 16:29:04,535.28
2022-03-30 16:29:09,523.6098702862337
2022-03-30 16:29:14,535.35
2022-03-30 16:29:19,535.35
2022-03-30 16:29:24,535.41
2022-03-30 16:29:29,535.41
2022-03-30 16:29:34,535.35
2022-03-30 16:29:39,535.41
2022-03-30 16:29:44,535.41
2022-03-30 16:29:49,535.41
2022-03-30 16:29:54,535.35
2022-03-30 16:29:59,535.41
2022-03-30 16:30:04,535.41
2022-03-30 16:30:09,523.929402205507
2022-03-30 16:30:14,535.35
2022-03-30 16:30:19,523.9834114495964
2022-03-30 16:30:24,535.42
2022-03-30 16:30:29,535.35
2022-03-30 16:30:34,535.35
2022-03-30 16:30:39,535.35
2022-03-30 16:30:44,535.42
2022-03-30 16:30:49,535.35
2022-03-30 16:30:54,535.42
2022-03-30 16:30:59,535.42
2022-03-30 16:31:04,535.42
2022-03-30 16:31:09,535.42
2022-03-30 16:31:14,535.48
2022-03-30 16:31:19,535.48
2022-03-30 16:31:24,535.48
2022-03-30 16:31:29,535.48
2022-03-30 16:31:34,535.48
2022-03-30 16:31:39,535.48
2022-03-30 16:31:44,535.52
2022-03-30 16:31:49,535.52
2022-03-30 16:31:54,535.52
2022-03-30 16:31:59,535.52
2022-03-30 16:32:04,535.58
2022-03-30 16:32:09,535.58
2022-03-30 16:32:14,535.58
2022-03-30 16:32:19,535.58
2022-03-30 16:32:24,524.6678881412896
2022-03-30 16:32:29,535.64
2022-03-30 16:32:34,535.64
2022-03-30 16:32:39,535.58
2022-03-30 16:32:44,524.7778091720829
2022-03-30 16:32:49,535.58
2022-03-30 16:32:54,535.58
2022-03-30 16:32:59,524.860098229806
2022-03-30 16:33:04,535.58
2022-03-30 16:33:09,535.58
2022-03-30 16:33:14,535.57
2022-03-30 16:33:19,535.58
2022-03-30 16:33:24,535.51
2022-03-30 16:33:29,535.51
2022-03-30 16:33:34,535.51
2022-03-30 16:33:39,535.51
2022-03-30 16:33:44,535.48
2022-03-30 16:33:49,535.41
2022-03-30 16:33:54,535.42
2022-03-30 16:33:59,535.41
2022-03-30 16:34:04,535.35
2022-03-30 16:34:09,535.41
2022-03-30 16:34:14,535.35
2022-03-30 16:34:19,535.41
2022-03-30 16:34:24,535.41
2022-03-30 16:34:29,535.35
2022-03-30 16:34:34,535.41
2022-03-30 16:34:39,535.35
2022-03-30 16:34:44,535.35
2022-03-30 16:34:49,535.35
2022-03-30 16:34:54,535.35
2022-03-30 16:34:59,535.41
2022-03-30 16:35:04,535.41
2022-03-30 16:35:09,535.41
2022-03-30 16:35:14,535.35
2022-03-30 16:35:19,535.35
2022-03-30 16:35:24,535.35
2022-03-30 16:35:29,535.42
2022-03-30 16:35:34,535.35
2022-03-30 16:35:39,535.35
2022-03-30 16:35:44,525.7407850378545
2022-03-30 16:35:49,525.766350355383
2022-03-30 16:35:54,535.42
2022-03-30 16:35:59,535.29
2022-03-30 16:36:04,535.35
2022-03-30 16:36:09,535.29
2022-03-30 16:36:14,535.29
2022-03-30 16:36:19,535.29
2022-03-30 16:36:24,535.26
2022-03-30 16:36:29,535.26
2022-03-30 16:36:34,535.19
2022-03-30 16:36:39,526.0167525379024
2022-03-30 16:36:44,535.13
2022-03-30 16:36:49,526.0655828431917
2022-03-30 16:36:54,535.07
2022-03-30 16:36:59,535.07
2022-03-30 16:37:04,535.01
2022-03-30 16:37:09,535.01
2022-03-30 16:37:14,534.97
2022-03-30 16:37:19,534.98
2022-03-30 16:37:24,526.2328065522055
2022-03-30 16:37:29,534.91
2022-03-30 16:37:34,534.92
2022-03-30 16:37:39,534.92
2022-03-30 16:37:44,534.92
2022-03-30 16:37:49,534.85
2022-03-30 16:37:54,534.85
2022-03-30 16:37:59,534.85
2022-03-30 16:38:04,534.85
2022-03-30 16:38:09,534.79
2022-03-30 16:38:14,534.79
2022-03-30 16:38:19,534.76
2022-03-30 16:38:24,534.76
2022-03-30 16:38:29,526.5262527285344
2022-03-30 16:38:34,534.69
2022-03-30 16:38:39,534.7
2022-03-30 16:38:44,534.7
2022-03-30 16:38:49,534.7
2022-03-30 16:38:54,534.63
2022-03-30 16:38:59,534.63
2022-03-30 16:39:04,534.57
2022-03-30 16:39:09,534.57
2022-03-30 16:39:14,534.57
2022-03-30 16:39:19,534.51
2022-03-30 16:39:24,534.51
2022-03-30 16:39:29,534.47
2022-03-30 16:39:34,534.47
2022-03-30 16:39:39,534.47
2022-03-30 16:39:44,534.41
2022-03-30 16:39:49,534.35
2022-03-30 16:39:54,534.35
2022-03-30 16:39:59,534.25
2022-03-30 16:40:04,534.25
2022-03-30 16:40:09,526.9254309454947
2022-03-30 16:40:14,526.9434874304427
2022-03-30 16:40:19,534.06
2022-03-30 16:40:24,534.06
2022-03-30 16:40:29,533.99
2022-03-30 16:40:34,533.9
2022-03-30 16:40:39,533.83
2022-03-30 16:40:44,533.77
2022-03-30 16:40:49,533.73
2022-03-30 16:40:54,533.67
2022-03-30 16:40:59,533.54
2022-03-30 16:41:04,533.54
2022-03-30 16:41:09,533.48
2022-03-30 16:41:14,533.44
2022-03-30 16:41:19,533.38
2022-03-30 16:41:24,533.32
2022-03-30 16:41:29,533.25
2022-03-30 16:41:34,533.22
2022-03-30 16:41:39,533.09
2022-03-30 16:41:44,533.09
2022-03-30 16:41:49,527.2478480297648
2022-03-30 16:41:54,532.93
2022-03-30 16:41:59,532.93
2022-03-30 16:42:04,532.87
2022-03-30 16:42:09,527.3024967348437
2022-03-30 16:42:14,532.7
2022-03-30 16:42:19,532.7
2022-03-30 16:42:24,532.57
2022-03-30 16:42:29,527.3539275053816
2022-03-30 16:42:34,532.45
2022-03-30 16:42:39,532.41
2022-03-30 16:42:44,532.35
2022-03-30 16:42:49,532.22
2022-03-30 16:42:54,532.22
2022-03-30 16:42:59,527.4251077500305
2022-03-30 16:43:04,532.12
2022-03-30 16:43:09,531.99
2022-03-30 16:43:14,531.93
2022-03-30 16:43:19,531.9
2022-03-30 16:43:24,531.83
2022-03-30 16:43:29,531.76
2022-03-30 16:43:34,531.7
2022-03-30 16:43:39,531.67
2022-03-30 16:43:44,531.54
2022-03-30 16:43:49,531.48
2022-03-30 16:43:54,531.41
2022-03-30 16:43:59,531.38
2022-03-30 16:44:04,531.32
2022-03-30 16:44:09,531.19
2022-03-30 16:44:14,531.15
2022-03-30 16:44:19,531.03
2022-03-30 16:44:24,527.5887583018408
2022-03-30 16:44:29,530.96
2022-03-30 16:44:34,530.87
2022-03-30 16:44:39,530.8
2022-03-30 16:44:44,530.68
2022-03-30 16:44:49,527.626441030484
2022-03-30 16:44:54,530.58
2022-03-30 16:44:59,530.52
2022-03-30 16:45:04,530.39
2022-03-30 16:45:09,530.29
2022-03-30 16:45:14,530.16
2022-03-30 16:45:19,530.13
2022-03-30 16:45:24,530.07
2022-03-30 16:45:29,529.94
2022-03-30 16:45:34,529.88
2022-03-30 16:45:39,529.78
2022-03-30 16:45:44,529.65
2022-03-30 16:45:49,529.56
2022-03-30 16:45:54,529.43
2022-03-30 16:45:59,529.33
2022-03-30 16:46:04,529.27
2022-03-30 16:46:09,529.14
2022-03-30 16:46:14,529.05
2022-03-30 16:46:19,528.92
2022-03-30 16:46:24,528.85
2022-03-30 16:46:29,528.76
2022-03-30 16:46:34,528.63
2022-03-30 16:46:39,528.53
2022-03-30 16:46:44,528.41
2022-03-30 16:46:49,528.34
2022-03-30 16:46:54,528.25
2022-03-30 16:46:59,527.7489415934855
2022-03-30 16:47:04,528.09
2022-03-30 16:47:09,528.02
2022-03-30 16:47:14,527.89
2022-03-30 16:47:19,527.8
2022-03-30 16:47:24,527.8
2022-03-30 16:47:29,527.73
2022-03-30 16:47:34,527.61
2022-03-30 16:47:39,527.61
2022-03-30 16:47:44,527.58
2022-03-30 16:47:49,527.51
2022-03-30 16:47:54,527.45
2022-03-30 16:47:59,527.45
2022-03-30 16:48:04,527.39
2022-03-30 16:48:09,527.32
2022-03-30 16:48:14,527.32
2022-03-30 16:48:19,527.32
2022-03-30 16:48:24,527.29
2022-03-30 16:48:29,527.29
2022-03-30 16:48:34,527.29
2022-03-30 16:48:39,527.29
2022-03-30 16:48:44,527.29
2022-03-30 16:48:49,527.29
2022-03-30 16:48:54,527.7595116117187
2022-03-30 16:48:59,527.32
2022-03-30 16:49:04,527.7562975409952
2022-03-30 16:49:09,527.32
2022-03-30 16:49:14,527.39
2022-03-30 16:49:19,527.39
2022-03-30 16:49:24,527.7479415698617
2022-03-30 16:49:29,527.7454537673982
2022-03-30 16:49:34,527.58
2022-03-30 16:49:39,527.58
2022-03-30 16:49:44,527.62
2022-03-30 16:49:49,527.68
2022-03-30 16:49:54,527.74
2022-03-30 16:49:59,527.81
2022-03-30 16:50:04,527.84
2022-03-30 16:50:09,527.97
2022-03-30 16:50:14,528.03
2022-03-30 16:50:19,528.1
2022-03-30 16:50:24,528.13
2022-03-30 16:50:29,528.2
2022-03-30 16:50:34,528.26
2022-03-30 16:50:39,528.36
2022-03-30 16:50:44,528.42
2022-03-30 16:50:49,528.48
2022-03-30 16:50:54,528.55
2022-03-30 16:50:59,528.64
2022-03-30 16:51:04,528.71
2022-03-30 16:51:09,528.84
2022-03-30 16:51:14,528.87
2022-03-30 16:51:19,529.0
2022-03-30 16:51:24,529.13
2022-03-30 16:51:29,529.16
2022-03-30 16:51:34,529.29
2022-03-30 16:51:39,527.6265323550891
2022-03-30 16:51:44,529.45
2022-03-30 16:51:49,529.58
2022-03-30 16:51:54,529.64
2022-03-30 16:51:59,529.74
2022-03-30 16:52:04,529.8
2022-03-30 16:52:09,527.5847652504276
2022-03-30 16:52:14,530.03
2022-03-30 16:52:19,530.09
2022-03-30 16:52:24,530.19
2022-03-30 16:52:29,530.25
2022-03-30 16:52:34,530.38
2022-03-30 16:52:39,530.41
2022-03-30 16:52:44,530.54
2022-03-30 16:52:49,530.67
2022-03-30 16:52:54,530.7
2022-03-30 16:52:59,530.77
2022-03-30 16:53:04,530.89
2022-03-30 16:53:09,530.99
2022-03-30 16:53:14,531.06
2022-03-30 16:53:19,531.19
2022-03-30 16:53:24,531.28
2022-03-30 16:53:29,531.41
2022-03-30 16:53:34,531.45
2022-03-30 16:53:39,531.57
2022-03-30 16:53:44,531.7
2022-03-30 16:53:49,527.4089280228324
2022-03-30 16:53:54,531.87
2022-03-30 16:53:59,531.96
2022-03-30 16:54:04,527.3778554123014
2022-03-30 16:54:09,532.22
2022-03-30 16:54:14,532.32
2022-03-30 16:54:19,532.38
2022-03-30 16:54:24,532.48
2022-03-30 16:54:29,532.68
2022-03-30 16:54:34,532.74
2022-03-30 16:54:39,527.3007568454236
2022-03-30 16:54:44,527.2892246231982
2022-03-30 16:54:49,533.06
2022-03-30 16:54:54,533.19
2022-03-30 16:54:59,533.29
2022-03-30 16:55:04,533.42
2022-03-30 16:55:09,533.51
2022-03-30 16:55:14,527.2173771175956
2022-03-30 16:55:19,533.71
2022-03-30 16:55:24,533.81
2022-03-30 16:55:29,533.94
2022-03-30 16:55:34,534.04
2022-03-30 16:55:39,534.17
2022-03-30 16:55:44,534.29
2022-03-30 16:55:49,534.33
2022-03-30 16:55:54,534.52
2022-03-30 16:55:59,534.55
2022-03-30 16:56:04,534.68
2022-03-30 16:56:09,534.81
2022-03-30 16:56:14,534.91
2022-03-30 16:56:19,535.04
2022-03-30 16:56:24,527.0336984953087
2022-03-30 16:56:29,535.27
2022-03-30 16:56:34,535.36
2022-03-30 16:56:39,535.43
2022-03-30 16:56:44,535.56
2022-03-30 16:56:49,526.9633737066366
2022-03-30 16:56:54,535.72
2022-03-30 16:56:59,535.88
2022-03-30 16:57:04,526.9201441911903
2022-03-30 16:57:09,536.01
2022-03-30 16:57:14,536.17
2022-03-30 16:57:19,536.24
2022-03-30 16:57:24,536.36
2022-03-30 16:57:29,536.4
2022-03-30 16:57:34,536.53
2022-03-30 16:57:39,536.59
2022-03-30 16:57:44,536.75
2022-03-30 16:57:49,536.82
2022-03-30 16:57:54,536.91
2022-03-30 16:57:59,536.98
2022-03-30 16:58:04,537.11
2022-03-30 16:58:09,537.2
2022-03-30 16:58:14,537.27
2022-03-30 16:58:19,537.4
2022-03-30 16:58:24,537.49
2022-03-30 16:58:29,537.62
2022-03-30 16:58:34,526.6474331525528
2022-03-30 16:58:39,537.72
2022-03-30 16:58:44,526.615998168612
2022-03-30 16:58:49,537.92
2022-03-30 16:58:54,538.01
2022-03-30 16:58:59,538.08
2022-03-30 16:59:04,538.14
2022-03-30 16:59:09,538.18
2022-03-30 16:59:14,538.3
2022-03-30 16:59:19,538.43
2022-03-30 16:59:24,538.46
2022-03-30 16:59:29,538.52
2022-03-30 16:59:34,538.65
2022-03-30 16:59:39,538.65
2022-03-30 16:59:44,538.75
2022-03-30 16:59:49,538.81
2022-03-30 16:59:54,538.88
2022-03-30 16:59:59,538.94
2022-03-30 17:00:04,539.04
2022-03-30 17:00:09,539.1
2022-03-30 17:00:14,539.17
2022-03-30 17:00:19,539.2
2022-03-30 17:00:24,539.26
2022-03-30 17:00:29,539.33
2022-03-30 17:00:34,539.33
2022-03-30 17:00:39,539.46
2022-03-30 17:00:44,539.49
2022-03-30 17:00:49,539.49
2022-03-30 17:00:54,539.55
2022-03-30 17:00:59,539.62
2022-03-30 17:01:04,539.62
2022-03-30 17:01:09,539.68
2022-03-30 17:01:14,539.68
2022-03-30 17:01:19,539.71
2022-03-30 17:01:24,539.72
2022-03-30 17:01:29,539.78
2022-03-30 17:01:34,539.78
2022-03-30 17:01:39,539.84
2022-03-30 17:01:44,526.0344797867509
2022-03-30 17:01:49,539.91
2022-03-30 17:01:54,539.91
2022-03-30 17:01:59,539.91
2022-03-30 17:02:04,539.91
2022-03-30 17:02:09,539.97
2022-03-30 17:02:14,539.97
2022-03-30 17:02:19,539.97
2022-03-30 17:02:24,539.97
2022-03-30 17:02:29,539.91
2022-03-30 17:02:34,539.91
2022-03-30 17:02:39,525.8584985932056
2022-03-30 17:02:44,525.8427134545487
2022-03-30 17:02:49,539.98
2022-03-30 17:02:54,525.811275066481
2022-03-30 17:02:59,539.91
2022-03-30 17:03:04,539.91
2022-03-30 17:03:09,525.7644743290091
2022-03-30 17:03:14,539.91
2022-03-30 17:03:19,539.85
2022-03-30 17:03:24,539.79
2022-03-30 17:03:29,539.85
2022-03-30 17:03:34,539.85
2022-03-30 17:03:39,539.79
2022-03-30 17:03:44,539.79
2022-03-30 17:03:49,539.79
2022-03-30 17:03:54,539.72
2022-03-30 17:03:59,539.72
2022-03-30 17:04:04,539.7
2022-03-30 17:04:09,539.7
2022-03-30 17:04:14,539.73
2022-03-30 17:04:19,539.7
2022-03-30 17:04:24,539.7
2022-03-30 17:04:29,539.7
2022-03-30 17:04:34,539.64
2022-03-30 17:04:39,539.64
2022-03-30 17:04:44,539.7
2022-03-30 17:04:49,539.64
2022-03-30 17:04:54,539.64
2022-03-30 17:04:59,539.64
2022-03-30 17:05:04,525.4249406880333
2022-03-30 17:05:09,539.58
2022-03-30 17:05:14,539.58
2022-03-30 17:05:19,539.58
2022-03-30 17:05:24,539.58
2022-03-30 17:05:29,539.58
2022-03-30 17:05:34,539.58
2022-03-30 17:05:39,539.58
2022-03-30 17:05:44,539.58
2022-03-30 17:05:49,539.65
2022-03-30 17:05:54,539.65
2022-03-30 17:05:59,539.65
2022-03-30 17:06:04,539.65
2022-03-30 17:06:09,539.65
2022-03-30 17:06:14,539.71
2022-03-30 17:06:19,539.71
2022-03-30 17:06:24,539.71
2022-03-30 17:06:29,539.75
2022-03-30 17:06:34,539.75
2022-03-30 17:06:39,539.81
2022-03-30 17:06:44,539.81
2022-03-30 17:06:49,525.1577969067391
2022-03-30 17:06:54,539.81
2022-03-30 17:06:59,539.88
2022-03-30 17:07:04,539.88
2022-03-30 17:07:09,539.88
2022-03-30 17:07:14,539.88
2022-03-30 17:07:19,539.88
2022-03-30 17:07:24,539.88
2022-03-30 17:07:29,539.88
2022-03-30 17:07:34,539.94
2022-03-30 17:07:39,539.94
2022-03-30 17:07:44,539.94
2022-03-30 17:07:49,539.94
2022-03-30 17:07:54,539.94
2022-03-30 17:07:59,539.94
2022-03-30 17:08:04,539.94
2022-03-30 17:08:09,539.88
2022-03-30 17:08:14,524.983381183557
2022-03-30 17:08:19,539.88
2022-03-30 17:08:24,539.81
2022-03-30 17:08:29,539.81
2022-03-30 17:08:34,539.81
2022-03-30 17:08:39,539.81
2022-03-30 17:08:44,524.9325912015801
2022-03-30 17:08:49,539.75
2022-03-30 17:08:54,539.72
2022-03-30 17:08:59,539.65
2022-03-30 17:09:04,539.65
2022-03-30 17:09:09,539.59
2022-03-30 17:09:14,539.59
2022-03-30 17:09:19,539.52
2022-03-30 17:09:24,539.49
2022-03-30 17:09:29,539.43
2022-03-30 17:09:34,539.43
2022-03-30 17:09:39,539.36
2022-03-30 17:09:44,539.3
2022-03-30 17:09:49,539.29
2022-03-30 17:09:54,539.2
2022-03-30 17:09:59,524.8330106946019
2022-03-30 17:10:04,539.13
2022-03-30 17:10:09,539.07
2022-03-30 17:10:14,538.97
2022-03-30 17:10:19,538.97
2022-03-30 17:10:24,538.91
2022-03-30 17:10:29,538.78
2022-03-30 17:10:34,538.78
2022-03-30 17:10:39,538.72
2022-03-30 17:10:44,538.68
2022-03-30 17:10:49,538.68
2022-03-30 17:10:54,538.62
2022-03-30 17:10:59,538.55
2022-03-30 17:11:04,538.49
2022-03-30 17:11:09,538.46
2022-03-30 17:11:14,538.39
2022-03-30 17:11:19,538.39
2022-03-30 17:11:24,538.33
2022-03-30 17:11:29,538.27
2022-03-30 17:11:34,538.2
2022-03-30 17:11:39,538.17
2022-03-30 17:11:44,538.11
2022-03-30 17:11:49,538.04
2022-03-30 17:11:54,537.98
2022-03-30 17:11:59,537.98
2022-03-30 17:12:04,537.88
2022-03-30 17:12:09,524.7492396810353
2022-03-30 17:12:14,537.75
2022-03-30 17:12:19,537.75
2022-03-30 17:12:24,537.69
2022-03-30 17:12:29,537.66
2022-03-30 17:12:34,537.66
2022-03-30 17:12:39,537.6
2022-03-30 17:12:44,537.53
2022-03-30 17:12:49,537.47
2022-03-30 17:12:54,537.47
2022-03-30 17:12:59,537.44
2022-03-30 17:13:04,537.44
2022-03-30 17:13:09,537.38
2022-03-30 17:13:14,537.38
2022-03-30 17:13:19,537.38
2022-03-30 17:13:24,537.38
2022-03-30 17:13:29,537.32
2022-03-30 17:13:34,537.25
2022-03-30 17:13:39,537.32
2022-03-30 17:13:44,537.25
2022-03-30 17:13:49,537.25
2022-03-30 17:13:54,537.26
2022-03-30 17:13:59,537.26
2022-03-30 17:14:04,537.26
2022-03-30 17:14:09,537.26
2022-03-30 17:14:14,537.26
2022-03-30 17:14:19,537.26
2022-03-30 17:14:24,537.26
2022-03-30 17:14:29,537.19
2022-03-30 17:14:34,537.2
2022-03-30 17:14:39,537.2
2022-03-30 17:14:44,537.2
2022-03-30 17:14:49,537.2
2022-03-30 17:14:54,537.2
2022-03-30 17:14:59,537.2
2022-03-30 17:15:04,537.2
2022-03-30 17:15:09,537.2
2022-03-30 17:15:14,537.2
2022-03-30 17:15:19,537.2
2022-03-30 17:15:24,537.26
2022-03-30 17:15:29,537.26
2022-03-30 17:15:34,537.27
2022-03-30 17:15:39,537.33
2022-03-30 17:15:44,537.33
2022-03-30 17:15:49,537.33
2022-03-30 17:15:54,537.4
2022-03-30 17:15:59,537.4
2022-03-30 17:16:04,537.4
2022-03-30 17:16:09,537.4
2022-03-30 17:16:14,537.46
2022-03-30 17:16:19,537.49
2022-03-30 17:16:24,537.56
2022-03-30 17:16:29,537.56
2022-03-30 17:16:34,537.56
2022-03-30 17:16:39,537.62
2022-03-30 17:16:44,524.8913332664284
2022-03-30 17:16:49,537.69
2022-03-30 17:16:54,537.72
2022-03-30 17:16:59,537.72
2022-03-30 17:17:04,537.79
2022-03-30 17:17:09,524.9226148458584
2022-03-30 17:17:14,537.85
2022-03-30 17:17:19,537.91
2022-03-30 17:17:24,537.98
2022-03-30 17:17:29,537.98
2022-03-30 17:17:34,538.01
2022-03-30 17:17:39,538.07
2022-03-30 17:17:44,538.07
2022-03-30 17:17:49,538.14
2022-03-30 17:17:54,538.2
2022-03-30 17:17:59,524.9930829819774
2022-03-30 17:18:04,538.23
2022-03-30 17:18:09,538.23
2022-03-30 17:18:14,538.3
2022-03-30 17:18:19,538.43
2022-03-30 17:18:24,538.36
2022-03-30 17:18:29,538.43
2022-03-30 17:18:34,538.49
2022-03-30 17:18:39,538.49
2022-03-30 17:18:44,538.52
2022-03-30 17:18:49,538.52
2022-03-30 17:18:54,538.59
2022-03-30 17:18:59,538.65
2022-03-30 17:19:04,538.72
2022-03-30 17:19:09,525.1082604534279
2022-03-30 17:19:14,538.75
2022-03-30 17:19:19,538.75
2022-03-30 17:19:24,538.81
2022-03-30 17:19:29,538.81
2022-03-30 17:19:34,538.81
2022-03-30 17:19:39,538.81
2022-03-30 17:19:44,538.87
2022-03-30 17:19:49,525.1820456092062
2022-03-30 17:19:54,525.1916511073695
2022-03-30 17:19:59,538.94
2022-03-30 17:20:04,538.94
2022-03-30 17:20:09,538.94
2022-03-30 17:20:14,538.94
2022-03-30 17:20:19,539.04
2022-03-30 17:20:24,525.2509917927853
2022-03-30 17:20:29,539.0
2022-03-30 17:20:34,539.04
2022-03-30 17:20:39,539.04
2022-03-30 17:20:44,539.04
2022-03-30 17:20:49,539.04
2022-03-30 17:20:54,539.1
2022-03-30 17:20:59,539.1
2022-03-30 17:21:04,539.11
2022-03-30 17:21:09,539.1
2022-03-30 17:21:14,539.11
2022-03-30 17:21:19,539.11
2022-03-30 17:21:24,525.3779564727356
2022-03-30 17:21:29,525.3890053550114
2022-03-30 17:21:34,539.17
2022-03-30 17:21:39,539.17
2022-03-30 17:21:44,539.17
2022-03-30 17:21:49,539.11
2022-03-30 17:21:54,539.17
2022-03-30 17:21:59,525.4567151861112
2022-03-30 17:22:04,539.18
2022-03-30 17:22:09,539.18
2022-03-30 17:22:14,539.18
2022-03-30 17:22:19,539.12
2022-03-30 17:22:24,525.5149147654766
2022-03-30 17:22:29,539.12
2022-03-30 17:22:34,539.18
2022-03-30 17:22:39,539.12
2022-03-30 17:22:44,525.5625703889935
2022-03-30 17:22:49,539.12
2022-03-30 17:22:54,539.06
2022-03-30 17:22:59,539.06
2022-03-30 17:23:04,525.6111496048387
2022-03-30 17:23:09,539.06
2022-03-30 17:23:14,539.06
2022-03-30 17:23:19,539.06
2022-03-30 17:23:24,539.06
2022-03-30 17:23:29,539.06
2022-03-30 17:23:34,539.13
2022-03-30 17:23:39,539.06
2022-03-30 17:23:44,539.06
2022-03-30 17:23:49,539.06
2022-03-30 17:23:54,539.06
2022-03-30 17:23:59,539.07
2022-03-30 17:24:04,539.07
2022-03-30 17:24:09,525.774809425551
2022-03-30 17:24:14,539.03
2022-03-30 17:24:19,539.07
2022-03-30 17:24:24,539.03
2022-03-30 17:24:29,539.03
2022-03-30 17:24:34,539.03
2022-03-30 17:24:39,539.03
2022-03-30 17:24:44,539.03
2022-03-30 17:24:49,539.03
2022-03-30 17:24:54,538.97
2022-03-30 17:24:59,538.97
2022-03-30 17:25:04,538.97
2022-03-30 17:25:09,538.91
2022-03-30 17:25:14,538.97
2022-03-30 17:25:19,538.91
2022-03-30 17:25:24,538.97
2022-03-30 17:25:29,538.91
2022-03-30 17:25:34,538.91
2022-03-30 17:25:39,526.0133269334002
2022-03-30 17:25:44,538.84
2022-03-30 17:25:49,538.84
2022-03-30 17:25:54,538.78
2022-03-30 17:25:59,538.84
2022-03-30 17:26:04,538.78
2022-03-30 17:26:09,538.78
2022-03-30 17:26:14,538.78
2022-03-30 17:26:19,526.122660765047
2022-03-30 17:26:24,526.1364380355845
2022-03-30 17:26:29,538.75
2022-03-30 17:26:34,538.75
2022-03-30 17:26:39,538.68
2022-03-30 17:26:44,538.75
2022-03-30 17:26:49,538.75
2022-03-30 17:26:54,538.68
2022-03-30 17:26:59,538.68
2022-03-30 17:27:04,526.24737242616
2022-03-30 17:27:09,538.68
2022-03-30 17:27:14,538.68
2022-03-30 17:27:19,538.68
2022-03-30 17:27:24,538.75
2022-03-30 17:27:29,538.75
2022-03-30 17:27:34,538.75
2022-03-30 17:27:39,538.78
2022-03-30 17:27:44,526.3592812521142
2022-03-30 17:27:49,538.75
2022-03-30 17:27:54,538.75
2022-03-30 17:27:59,526.4014121701531
2022-03-30 17:28:04,538.75
2022-03-30 17:28:09,538.74
2022-03-30 17:28:14,538.75
2022-03-30 17:28:19,538.75
2022-03-30 17:28:24,538.78
2022-03-30 17:28:29,538.74
2022-03-30 17:28:34,538.78
2022-03-30 17:28:39,538.78
2022-03-30 17:28:44,538.78
2022-03-30 17:28:49,538.78
2022-03-30 17:28:54,538.78
2022-03-30 17:28:59,538.78
2022-03-30 17:29:04,538.78
2022-03-30 17:29:09,538.85
2022-03-30 17:29:14,526.6124535069786
2022-03-30 17:29:19,538.85
2022-03-30 17:29:24,538.78
2022-03-30 17:29:29,538.78
2022-03-30 17:29:34,526.6686104233064
2022-03-30 17:29:39,538.78
2022-03-30 17:29:44,538.78
2022-03-30 17:29:49,538.75
2022-03-30 17:29:54,538.78
2022-03-30 17:29:59,538.78
2022-03-30 17:30:04,538.75
2022-03-30 17:30:09,538.79
2022-03-30 17:30:14,538.75
2022-03-30 17:30:19,538.75
2022-03-30 17:30:24,538.79
2022-03-30 17:30:29,538.76
2022-03-30 17:30:34,538.76
2022-03-30 17:30:39,538.76
2022-03-30 17:30:44,538.76
2022-03-30 17:30:49,538.69
2022-03-30 17:30:54,538.7
2022-03-30 17:30:59,538.63
2022-03-30 17:31:04,538.69
2022-03-30 17:31:09,538.63
2022-03-30 17:31:14,538.63
2022-03-30 17:31:19,538.63
2022-03-30 17:31:24,538.57
2022-03-30 17:31:29,538.57
2022-03-30 17:31:34,538.54
2022-03-30 17:31:39,538.54
2022-03-30 17:31:44,538.57
2022-03-30 17:31:49,527.0410515765975
2022-03-30 17:31:54,538.48
2022-03-30 17:31:59,538.48
2022-03-30 17:32:04,538.42
2022-03-30 17:32:09,538.42
2022-03-30 17:32:14,538.42
2022-03-30 17:32:19,538.42
2022-03-30 17:32:24,538.42
2022-03-30 17:32:29,538.35
2022-03-30 17:32:34,538.42
2022-03-30 17:32:39,538.36
2022-03-30 17:32:44,538.36
2022-03-30 17:32:49,538.36
2022-03-30 17:32:54,538.36
2022-03-30 17:32:59,538.36
2022-03-30 17:33:04,527.2390018484116
2022-03-30 17:33:09,538.3
2022-03-30 17:33:14,538.3
2022-03-30 17:33:19,538.3
2022-03-30 17:33:24,538.3
2022-03-30 17:33:29,538.3
2022-03-30 17:33:34,538.3
2022-03-30 17:33:39,527.3281516766203
2022-03-30 17:33:44,527.3406944609101
2022-03-30 17:33:49,538.27
2022-03-30 17:33:54,538.27
2022-03-30 17:33:59,538.21
2022-03-30 17:34:04,538.28
2022-03-30 17:34:09,538.28
2022-03-30 17:34:14,538.21
2022-03-30 17:34:19,538.22
2022-03-30 17:34:24,538.28
2022-03-30 17:34:29,527.4511992001859
2022-03-30 17:34:34,538.22
2022-03-30 17:34:39,538.22
2022-03-30 17:34:44,538.22
2022-03-30 17:34:49,538.22
2022-03-30 17:34:54,527.5105951536248
2022-03-30 17:34:59,538.28
2022-03-30 17:35:04,538.22
2022-03-30 17:35:09,527.5454924953559
2022-03-30 17:35:14,538.22
2022-03-30 17:35:19,538.16
2022-03-30 17:35:24,527.5798074706595
2022-03-30 17:35:29,538.23
2022-03-30 17:35:34,538.16
2022-03-30 17:35:39,538.1
2022-03-30 17:35:44,538.16
2022-03-30 17:35:49,538.07
2022-03-30 17:35:54,538.1
2022-03-30 17:35:59,527.6574860069912
2022-03-30 17:36:04,538.01
2022-03-30 17:36:09,538.01
2022-03-30 17:36:14,537.94
2022-03-30 17:36:19,538.01
2022-03-30 17:36:24,527.710798720133
2022-03-30 17:36:29,537.95
2022-03-30 17:36:34,537.88
2022-03-30 17:36:39,537.95
2022-03-30 17:36:44,537.95
2022-03-30 17:36:49,537.95
2022-03-30 17:36:54,537.89
2022-03-30 17:36:59,537.89
2022-03-30 17:37:04,537.83
2022-03-30 17:37:09,537.89
2022-03-30 17:37:14,537.83
2022-03-30 17:37:19,537.8
2022-03-30 17:37:24,537.8
2022-03-30 17:37:29,527.8401566222119
2022-03-30 17:37:34,537.74
2022-03-30 17:37:39,537.74
2022-03-30 17:37:44,537.68
2022-03-30 17:37:49,537.67
2022-03-30 17:37:54,537.67
2022-03-30 17:37:59,537.68
2022-03-30 17:38:04,537.61
2022-03-30 17:38:09,537.62
2022-03-30 17:38:14,537.62
2022-03-30 17:38:19,537.62
2022-03-30 17:38:24,537.59
2022-03-30 17:38:29,537.59
2022-03-30 17:38:34,537.59
2022-03-30 17:38:39,537.59
2022-03-30 17:38:44,537.53
2022-03-30 17:38:49,537.53
2022-03-30 17:38:54,537.46
2022-03-30 17:38:59,537.47
2022-03-30 17:39:04,537.47
2022-03-30 17:39:09,537.41
2022-03-30 17:39:14,537.4
2022-03-30 17:39:19,537.34
2022-03-30 17:39:24,537.41
2022-03-30 17:39:29,528.0442833529299
2022-03-30 17:39:34,537.31
2022-03-30 17:39:39,537.31
2022-03-30 17:39:44,537.32
2022-03-30 17:39:49,537.25
2022-03-30 17:39:54,537.26
2022-03-30 17:39:59,537.26
2022-03-30 17:40:04,537.26
2022-03-30 17:40:09,537.19
2022-03-30 17:40:14,537.19
2022-03-30 17:40:19,537.19
2022-03-30 17:40:24,537.2
2022-03-30 17:40:29,528.1317660905662
2022-03-30 17:40:34,537.14
2022-03-30 17:40:39,537.1
2022-03-30 17:40:44,537.14
2022-03-30 17:40:49,537.11
2022-03-30 17:40:54,537.11
2022-03-30 17:40:59,528.172387025282
2022-03-30 17:41:04,537.04
2022-03-30 17:41:09,537.05
2022-03-30 17:41:14,536.98
2022-03-30 17:41:19,536.92
2022-03-30 17:41:24,536.98
2022-03-30 17:41:29,536.86
2022-03-30 17:41:34,536.92
2022-03-30 17:41:39,536.86
2022-03-30 17:41:44,536.86
2022-03-30 17:41:49,536.86
2022-03-30 17:41:54,536.86
2022-03-30 17:41:59,536.86
2022-03-30 17:42:04,536.83
2022-03-30 17:42:09,536.83
2022-03-30 17:42:14,528.2660405857549
2022-03-30 17:42:19,536.77
2022-03-30 17:42:24,536.77
2022-03-30 17:42:29,528.2835671427176
2022-03-30 17:42:34,536.77
2022-03-30 17:42:39,536.64
2022-03-30 17:42:44,536.64
2022-03-30 17:42:49,536.64
2022-03-30 17:42:54,536.64
2022-03-30 17:42:59,536.61
2022-03-30 17:43:04,536.55
2022-03-30 17:43:09,536.55
2022-03-30 17:43:14,536.48
2022-03-30 17:43:19,536.49
2022-03-30 17:43:24,536.42
2022-03-30 17:43:29,536.42
2022-03-30 17:43:34,536.42
2022-03-30 17:43:39,528.360931555736
2022-03-30 17:43:44,536.36
2022-03-30 17:43:49,536.33
2022-03-30 17:43:54,528.3766791690098
2022-03-30 17:43:59,536.26
2022-03-30 17:44:04,536.2
2022-03-30 17:44:09,536.2
2022-03-30 17:44:14,536.1
2022-03-30 17:44:19,536.13
2022-03-30 17:44:24,528.4074387429508
2022-03-30 17:44:29,536.11
2022-03-30 17:44:34,536.04
2022-03-30 17:44:39,528.4224881838201
2022-03-30 17:44:44,536.04
2022-03-30 17:44:49,536.04
2022-03-30 17:44:54,535.98
2022-03-30 17:44:59,535.98
2022-03-30 17:45:04,535.98
2022-03-30 17:45:09,535.92
2022-03-30 17:45:14,535.92
2022-03-30 17:45:19,535.85
2022-03-30 17:45:24,535.82
2022-03-30 17:45:29,535.82
2022-03-30 17:45:34,535.82
2022-03-30 17:45:39,535.82
2022-03-30 17:45:44,535.82
2022-03-30 17:45:49,535.76
2022-03-30 17:45:54,528.4951815311946
2022-03-30 17:45:59,535.69
2022-03-30 17:46:04,535.69
2022-03-30 17:46:09,535.76
2022-03-30 17:46:14,535.7
2022-03-30 17:46:19,535.7
2022-03-30 17:46:24,535.7
2022-03-30 17:46:29,535.7
2022-03-30 17:46:34,535.7
2022-03-30 17:46:39,535.7
2022-03-30 17:46:44,535.7
2022-03-30 17:46:49,535.7
2022-03-30 17:46:54,535.7
2022-03-30 17:46:59,535.7
2022-03-30 17:47:04,535.71
2022-03-30 17:47:09,528.5653362928758
2022-03-30 17:47:14,528.5699803932627
2022-03-30 17:47:19,535.64
2022-03-30 17:47:24,535.71
2022-03-30 17:47:29,535.71
2022-03-30 17:47:34,535.71
2022-03-30 17:47:39,535.71
2022-03-30 17:47:44,535.71
2022-03-30 17:47:49,535.65
2022-03-30 17:47:54,535.71
2022-03-30 17:47:59,535.71
2022-03-30 17:48:04,535.71
2022-03-30 17:48:09,535.65
2022-03-30 17:48:14,535.65
2022-03-30 17:48:19,535.65
2022-03-30 17:48:24,535.72
2022-03-30 17:48:29,528.6400092996774
2022-03-30 17:48:34,535.72
2022-03-30 17:48:39,535.66
2022-03-30 17:48:44,528.6542164334046
2022-03-30 17:48:49,535.72
2022-03-30 17:48:54,535.72
2022-03-30 17:48:59,535.79
2022-03-30 17:49:04,535.86
2022-03-30 17:49:09,535.85
2022-03-30 17:49:14,535.86
2022-03-30 17:49:19,535.95
2022-03-30 17:49:24,535.95
2022-03-30 17:49:29,535.95
2022-03-30 17:49:34,536.02
2022-03-30 17:49:39,528.7074001096655
2022-03-30 17:49:44,536.09
2022-03-30 17:49:49,536.15
2022-03-30 17:49:54,536.15
2022-03-30 17:49:59,536.15
2022-03-30 17:50:04,536.18
2022-03-30 17:50:09,536.25
2022-03-30 17:50:14,536.25
2022-03-30 17:50:19,536.25
2022-03-30 17:50:24,536.32
2022-03-30 17:50:29,536.38
2022-03-30 17:50:34,536.38
2022-03-30 17:50:39,536.48
2022-03-30 17:50:44,536.41
2022-03-30 17:50:49,536.48
2022-03-30 17:50:54,536.48
2022-03-30 17:50:59,536.48
2022-03-30 17:51:04,536.55
2022-03-30 17:51:09,536.55
2022-03-30 17:51:14,536.54
2022-03-30 17:51:19,536.61
2022-03-30 17:51:24,536.61
2022-03-30 17:51:29,536.61
2022-03-30 17:51:34,536.67
2022-03-30 17:51:39,536.68
2022-03-30 17:51:44,536.67
2022-03-30 17:51:49,536.71
2022-03-30 17:51:54,528.8499425196632
2022-03-30 17:51:59,536.71
2022-03-30 17:52:04,536.71
2022-03-30 17:52:09,536.71
2022-03-30 17:52:14,536.71
2022-03-30 17:52:19,536.78
2022-03-30 17:52:24,536.77
2022-03-30 17:52:29,536.77
2022-03-30 17:52:34,536.84
2022-03-30 17:52:39,536.84
2022-03-30 17:52:44,528.9078794500972
2022-03-30 17:52:49,536.84
2022-03-30 17:52:54,536.9
2022-03-30 17:52:59,536.94
2022-03-30 17:53:04,536.93
2022-03-30 17:53:09,536.9
2022-03-30 17:53:14,536.94
2022-03-30 17:53:19,536.94
2022-03-30 17:53:24,537.0
2022-03-30 17:53:29,537.0
2022-03-30 17:53:34,537.0
2022-03-30 17:53:39,528.9737613236385
2022-03-30 17:53:44,537.06
2022-03-30 17:53:49,537.06
2022-03-30 17:53:54,537.07
2022-03-30 17:53:59,537.07
2022-03-30 17:54:04,529.0041825337619
2022-03-30 17:54:09,537.13
2022-03-30 17:54:14,529.0164014002074
2022-03-30 17:54:19,537.13
2022-03-30 17:54:24,529.0286397063659
2022-03-30 17:54:29,529.034764201373
2022-03-30 17:54:34,537.13
2022-03-30 17:54:39,537.2
2022-03-30 17:54:44,529.0531497038791
2022-03-30 17:54:49,537.13
2022-03-30 17:54:54,537.2
2022-03-30 17:54:59,537.2
2022-03-30 17:55:04,537.14
2022-03-30 17:55:09,529.0837855151966
2022-03-30 17:55:14,537.23
2022-03-30 17:55:19,537.23
2022-03-30 17:55:24,537.2
2022-03-30 17:55:29,537.23
2022-03-30 17:55:34,537.23
2022-03-30 17:55:39,537.24
2022-03-30 17:55:44,537.3
2022-03-30 17:55:49,537.3
2022-03-30 17:55:54,537.36
2022-03-30 17:55:59,537.36
2022-03-30 17:56:04,537.37
2022-03-30 17:56:09,537.43
2022-03-30 17:56:14,537.43
2022-03-30 17:56:19,529.1687613136153
2022-03-30 17:56:24,537.53
2022-03-30 17:56:29,537.47
2022-03-30 17:56:34,537.53
2022-03-30 17:56:39,537.6
2022-03-30 17:56:44,529.1985264106135
2022-03-30 17:56:49,537.66
2022-03-30 17:56:54,537.66
2022-03-30 17:56:59,537.73
2022-03-30 17:57:04,537.76
2022-03-30 17:57:09,537.76
2022-03-30 17:57:14,537.83
2022-03-30 17:57:19,537.76
2022-03-30 17:57:24,537.83
2022-03-30 17:57:29,537.9
2022-03-30 17:57:34,537.96
2022-03-30 17:57:39,537.96
2022-03-30 17:57:44,538.0
2022-03-30 17:57:49,538.06
2022-03-30 17:57:54,538.0
2022-03-30 17:57:59,538.06
2022-03-30 17:58:04,538.06
2022-03-30 17:58:09,538.0
2022-03-30 17:58:14,529.3011490923824
2022-03-30 17:58:19,538.06
2022-03-30 17:58:24,538.0
2022-03-30 17:58:29,538.0
2022-03-30 17:58:34,537.97
2022-03-30 17:58:39,529.3279784333906
2022-03-30 17:58:44,537.97
2022-03-30 17:58:49,537.91
2022-03-30 17:58:54,537.91
2022-03-30 17:58:59,537.84
2022-03-30 17:59:04,529.3538968515903
2022-03-30 17:59:09,537.75
2022-03-30 17:59:14,537.68
2022-03-30 17:59:19,537.62
2022-03-30 17:59:24,537.55
2022-03-30 17:59:29,537.49
2022-03-30 17:59:34,537.46
2022-03-30 17:59:39,529.3884668405623
2022-03-30 17:59:44,537.27
2022-03-30 17:59:49,537.23
2022-03-30 17:59:54,537.17
2022-03-30 17:59:59,537.04
2022-03-30 18:00:04,536.94
2022-03-30 18:00:09,536.88
2022-03-30 18:00:14,536.82
2022-03-30 18:00:19,536.72
2022-03-30 18:00:24,536.66
2022-03-30 18:00:29,536.59
2022-03-30 18:00:34,536.47
2022-03-30 18:00:39,536.37
2022-03-30 18:00:44,536.3
2022-03-30 18:00:49,536.21
2022-03-30 18:00:54,536.08
2022-03-30 18:00:59,536.01
2022-03-30 18:01:04,535.95
2022-03-30 18:01:09,535.85
2022-03-30 18:01:14,535.72
2022-03-30 18:01:19,535.63
2022-03-30 18:01:24,535.56
2022-03-30 18:01:29,535.44
2022-03-30 18:01:34,529.4848236821208
2022-03-30 18:01:39,535.27
2022-03-30 18:01:44,535.21
2022-03-30 18:01:49,535.11
2022-03-30 18:01:54,529.4984076210127
2022-03-30 18:01:59,534.98
2022-03-30 18:02:04,534.92
2022-03-30 18:02:09,529.50789663822
2022-03-30 18:02:14,534.69
2022-03-30 18:02:19,534.66
2022-03-30 18:02:24,534.66
2022-03-30 18:02:29,534.6
2022-03-30 18:02:34,534.47
2022-03-30 18:02:39,534.4
2022-03-30 18:02:44,534.3
2022-03-30 18:02:49,534.31
2022-03-30 18:02:54,534.18
2022-03-30 18:02:59,534.14
2022-03-30 18:03:04,534.08
2022-03-30 18:03:09,534.02
2022-03-30 18:03:14,533.95
2022-03-30 18:03:19,533.86
2022-03-30 18:03:24,533.79
2022-03-30 18:03:29,533.66
2022-03-30 18:03:34,533.63
2022-03-30 18:03:39,533.63
2022-03-30 18:03:44,533.5
2022-03-30 18:03:49,533.44
2022-03-30 18:03:54,529.5557126268975
2022-03-30 18:03:59,533.28
2022-03-30 18:04:04,533.21
2022-03-30 18:04:09,529.5596328645837
2022-03-30 18:04:14,533.05
2022-03-30 18:04:19,532.92
2022-03-30 18:04:24,532.86
2022-03-30 18:04:29,532.83
2022-03-30 18:04:34,529.5643989415873
2022-03-30 18:04:39,532.64
2022-03-30 18:04:44,532.6
2022-03-30 18:04:49,532.48
2022-03-30 18:04:54,532.41
2022-03-30 18:04:59,532.32
2022-03-30 18:05:04,532.19
2022-03-30 18:05:09,532.09
2022-03-30 18:05:14,531.96
2022-03-30 18:05:19,531.9
2022-03-30 18:05:24,531.8
2022-03-30 18:05:29,531.74
2022-03-30 18:05:34,529.5662934904893
2022-03-30 18:05:39,531.58
2022-03-30 18:05:44,531.45
2022-03-30 18:05:49,531.29
2022-03-30 18:05:54,531.23
2022-03-30 18:05:59,531.1
2022-03-30 18:06:04,529.5618850088208
2022-03-30 18:06:09,530.88
2022-03-30 18:06:14,530.81
2022-03-30 18:06:19,530.65
2022-03-30 18:06:24,530.65
2022-03-30 18:06:29,530.49
2022-03-30 18:06:34,530.36
2022-03-30 18:06:39,530.27
2022-03-30 18:06:44,530.14
2022-03-30 18:06:49,530.08
2022-03-30 18:06:54,529.98
2022-03-30 18:06:59,529.85
2022-03-30 18:07:04,529.75
2022-03-30 18:07:09,529.69
2022-03-30 18:07:14,529.5367768635587
2022-03-30 18:07:19,529.46
2022-03-30 18:07:24,529.34
2022-03-30 18:07:29,529.27
2022-03-30 18:07:34,529.5256162102357
2022-03-30 18:07:39,529.11
2022-03-30 18:07:44,528.95
2022-03-30 18:07:49,528.89
2022-03-30 18:07:54,529.512612059136
2022-03-30 18:07:59,528.73
2022-03-30 18:08:04,528.66
2022-03-30 18:08:09,528.54
2022-03-30 18:08:14,528.51
2022-03-30 18:08:19,528.31
2022-03-30 18:08:24,528.25
2022-03-30 18:08:29,529.4853015024311
2022-03-30 18:08:34,529.4809171690956
2022-03-30 18:08:39,529.4764103002188
2022-03-30 18:08:44,527.93
2022-03-30 18:08:49,527.8
2022-03-30 18:08:54,527.73
2022-03-30 18:08:59,527.7
2022-03-30 18:09:04,527.57
2022-03-30 18:09:09,527.51
2022-03-30 18:09:14,527.41
2022-03-30 18:09:19,527.41
2022-03-30 18:09:24,527.22
2022-03-30 18:09:29,527.19
2022-03-30 18:09:34,527.12
2022-03-30 18:09:39,529.4125481545992
2022-03-30 18:09:44,526.99
2022-03-30 18:09:49,526.96
2022-03-30 18:09:54,526.9
2022-03-30 18:09:59,526.77
2022-03-30 18:10:04,526.7
2022-03-30 18:10:09,526.67
2022-03-30 18:10:14,526.61
2022-03-30 18:10:19,526.54
2022-03-30 18:10:24,526.48
2022-03-30 18:10:29,526.45
2022-03-30 18:10:34,526.32
2022-03-30 18:10:39,526.32
2022-03-30 18:10:44,526.19
2022-03-30 18:10:49,526.16
2022-03-30 18:10:54,526.09
2022-03-30 18:10:59,526.03
2022-03-30 18:11:04,525.96
2022-03-30 18:11:09,525.93
2022-03-30 18:11:14,529.2725929723273
2022-03-30 18:11:19,525.87
2022-03-30 18:11:24,525.74
2022-03-30 18:11:29,525.73
2022-03-30 18:11:34,529.2367347862565
2022-03-30 18:11:39,525.64
2022-03-30 18:11:44,525.58
2022-03-30 18:11:49,525.57
2022-03-30 18:11:54,525.51
2022-03-30 18:11:59,525.51
2022-03-30 18:12:04,525.51
2022-03-30 18:12:09,525.44
2022-03-30 18:12:14,525.45
2022-03-30 18:12:19,525.41
2022-03-30 18:12:24,529.1368899136679
2022-03-30 18:12:29,525.41
2022-03-30 18:12:34,525.35
2022-03-30 18:12:39,525.35
2022-03-30 18:12:44,525.28
2022-03-30 18:12:49,525.28
2022-03-30 18:12:54,525.28
2022-03-30 18:12:59,525.22
2022-03-30 18:13:04,525.22
2022-03-30 18:13:09,525.22
2022-03-30 18:13:14,525.22
2022-03-30 18:13:19,525.22
2022-03-30 18:13:24,525.22
2022-03-30 18:13:29,525.29
2022-03-30 18:13:34,525.22
2022-03-30 18:13:39,525.29
2022-03-30 18:13:44,525.22
2022-03-30 18:13:49,525.29
2022-03-30 18:13:54,528.9188122839639
2022-03-30 18:13:59,528.9051948725487
2022-03-30 18:14:04,525.42
2022-03-30 18:14:09,525.35
2022-03-30 18:14:14,525.45
2022-03-30 18:14:19,525.42
2022-03-30 18:14:24,528.8346630868924
2022-03-30 18:14:29,525.52
2022-03-30 18:14:34,525.52
2022-03-30 18:14:39,525.58
2022-03-30 18:14:44,525.68
2022-03-30 18:14:49,525.74
2022-03-30 18:14:54,525.81
2022-03-30 18:14:59,525.81
2022-03-30 18:15:04,525.94
2022-03-30 18:15:09,525.97
2022-03-30 18:15:14,526.04
2022-03-30 18:15:19,526.16
2022-03-30 18:15:24,526.26
2022-03-30 18:15:29,528.631759740823
2022-03-30 18:15:34,528.6149568538037
2022-03-30 18:15:39,526.55
2022-03-30 18:15:44,526.62
2022-03-30 18:15:49,526.72
2022-03-30 18:15:54,526.84
2022-03-30 18:15:59,526.97
2022-03-30 18:16:04,527.13
2022-03-30 18:16:09,527.2
2022-03-30 18:16:14,527.36
2022-03-30 18:16:19,527.49
2022-03-30 18:16:24,527.65
2022-03-30 18:16:29,527.75
2022-03-30 18:16:34,527.88
2022-03-30 18:16:39,528.04
2022-03-30 18:16:44,528.3611948264145
2022-03-30 18:16:49,528.33
2022-03-30 18:16:54,528.46
2022-03-30 18:16:59,528.62
2022-03-30 18:17:04,528.78
2022-03-30 18:17:09,528.97
2022-03-30 18:17:14,528.2415998026217
2022-03-30 18:17:19,529.27
2022-03-30 18:17:24,529.36
2022-03-30 18:17:29,529.59
2022-03-30 18:17:34,529.72
2022-03-30 18:17:39,529.88
2022-03-30 18:17:44,530.07
2022-03-30 18:17:49,530.23
2022-03-30 18:17:54,530.39
2022-03-30 18:17:59,530.52
2022-03-30 18:18:04,530.75
2022-03-30 18:18:09,530.91
2022-03-30 18:18:14,531.04
2022-03-30 18:18:19,531.26
2022-03-30 18:18:24,531.36
2022-03-30 18:18:29,527.9130371815621
2022-03-30 18:18:34,531.72
2022-03-30 18:18:39,531.94
2022-03-30 18:18:44,532.13
2022-03-30 18:18:49,532.29
2022-03-30 18:18:54,532.46
2022-03-30 18:18:59,527.7694363835557
2022-03-30 18:19:04,532.74
2022-03-30 18:19:09,532.97
2022-03-30 18:19:14,533.1
2022-03-30 18:19:19,533.33
2022-03-30 18:19:24,533.42
2022-03-30 18:19:29,533.61
2022-03-30 18:19:34,533.77
2022-03-30 18:19:39,533.93
2022-03-30 18:19:44,534.06
2022-03-30 18:19:49,534.19
2022-03-30 18:19:54,534.29
2022-03-30 18:19:59,534.51
2022-03-30 18:20:04,534.65
2022-03-30 18:20:09,534.8
2022-03-30 18:20:14,534.93
2022-03-30 18:20:19,535.03
2022-03-30 18:20:24,535.16
2022-03-30 18:20:29,535.25
2022-03-30 18:20:34,535.38
2022-03-30 18:20:39,535.45
2022-03-30 18:20:44,527.2123564871156
2022-03-30 18:20:49,535.61
2022-03-30 18:20:54,535.73
2022-03-30 18:20:59,535.83
2022-03-30 18:21:04,535.83
2022-03-30 18:21:09,535.96
2022-03-30 18:21:14,535.99
2022-03-30 18:21:19,536.06
2022-03-30 18:21:24,536.19
2022-03-30 18:21:29,536.19
2022-03-30 18:21:34,526.9222993035826
2022-03-30 18:21:39,536.25
2022-03-30 18:21:44,536.25
2022-03-30 18:21:49,536.28
2022-03-30 18:21:54,536.25
2022-03-30 18:21:59,536.28
2022-03-30 18:22:04,536.25
2022-03-30 18:22:09,536.25
2022-03-30 18:22:14,536.19
2022-03-30 18:22:19,536.19
2022-03-30 18:22:24,536.19
2022-03-30 18:22:29,536.12
2022-03-30 18:22:34,536.06
2022-03-30 18:22:39,536.06
2022-03-30 18:22:44,536.0
2022-03-30 18:22:49,526.4668702650342
2022-03-30 18:22:54,535.9
2022-03-30 18:22:59,535.84
2022-03-30 18:23:04,535.77
2022-03-30 18:23:09,535.74
2022-03-30 18:23:14,535.68
2022-03-30 18:23:19,535.55
2022-03-30 18:23:24,535.48
2022-03-30 18:23:29,535.45
2022-03-30 18:23:34,535.39
2022-03-30 18:23:39,535.33
2022-03-30 18:23:44,535.23
2022-03-30 18:23:49,535.16
2022-03-30 18:23:54,535.04
2022-03-30 18:23:59,534.94
2022-03-30 18:24:04,534.81
2022-03-30 18:24:09,534.75
2022-03-30 18:24:14,534.65
2022-03-30 18:24:19,534.59
2022-03-30 18:24:24,534.53
2022-03-30 18:24:29,534.43
2022-03-30 18:24:34,534.36
2022-03-30 18:24:39,534.21
2022-03-30 18:24:44,534.14
2022-03-30 18:24:49,534.01
2022-03-30 18:24:54,533.95
2022-03-30 18:24:59,533.92
2022-03-30 18:25:04,533.79
2022-03-30 18:25:09,533.72
2022-03-30 18:25:14,533.63
2022-03-30 18:25:19,533.56
2022-03-30 18:25:24,533.43
2022-03-30 18:25:29,533.34
2022-03-30 18:25:34,533.27
2022-03-30 18:25:39,525.3993474047019
2022-03-30 18:25:44,533.05
2022-03-30 18:25:49,532.99
2022-03-30 18:25:54,532.89
2022-03-30 18:25:59,532.83
2022-03-30 18:26:04,532.69
2022-03-30 18:26:09,532.66
2022-03-30 18:26:14,532.47
2022-03-30 18:26:19,532.41
2022-03-30 18:26:24,532.31
2022-03-30 18:26:29,532.25
2022-03-30 18:26:34,532.15
2022-03-30 18:26:39,532.02
2022-03-30 18:26:44,531.89
2022-03-30 18:26:49,531.86
2022-03-30 18:26:54,531.73
2022-03-30 18:26:59,531.63
2022-03-30 18:27:04,531.57
2022-03-30 18:27:09,531.44
2022-03-30 18:27:14,531.38
2022-03-30 18:27:19,531.28
2022-03-30 18:27:24,531.15
2022-03-30 18:27:29,531.05
2022-03-30 18:27:34,524.702458325835
2022-03-30 18:27:39,530.93
2022-03-30 18:27:44,530.83
2022-03-30 18:27:49,530.7
2022-03-30 18:27:54,530.61
2022-03-30 18:27:59,530.48
2022-03-30 18:28:04,530.41
2022-03-30 18:28:09,530.25
2022-03-30 18:28:14,530.19
2022-03-30 18:28:19,530.09
2022-03-30 18:28:24,529.96
2022-03-30 18:28:29,529.9
2022-03-30 18:28:34,529.8
2022-03-30 18:28:39,529.67
2022-03-30 18:28:44,529.57
2022-03-30 18:28:49,529.44
2022-03-30 18:28:54,529.32
2022-03-30 18:28:59,529.22
2022-03-30 18:29:04,529.15
2022-03-30 18:29:09,528.99
2022-03-30 18:29:14,528.86
2022-03-30 18:29:19,528.76
2022-03-30 18:29:24,528.64
2022-03-30 18:29:29,528.57
2022-03-30 18:29:34,524.0482771588405
2022-03-30 18:29:39,528.28
2022-03-30 18:29:44,528.25
2022-03-30 18:29:49,523.974019874932
2022-03-30 18:29:54,528.05
2022-03-30 18:29:59,527.96
2022-03-30 18:30:04,527.89
2022-03-30 18:30:09,527.77
2022-03-30 18:30:14,527.73
2022-03-30 18:30:19,527.67
2022-03-30 18:30:24,527.54
2022-03-30 18:30:29,527.54
2022-03-30 18:30:34,527.51
2022-03-30 18:30:39,527.51
2022-03-30 18:30:44,527.38
2022-03-30 18:30:49,527.38
2022-03-30 18:30:54,527.31
2022-03-30 18:30:59,527.32
2022-03-30 18:31:04,527.32
2022-03-30 18:31:09,527.25
2022-03-30 18:31:14,527.22
2022-03-30 18:31:19,527.22
2022-03-30 18:31:24,523.5532972228418
2022-03-30 18:31:29,527.22
2022-03-30 18:31:34,527.16
2022-03-30 18:31:39,527.09
2022-03-30 18:31:44,527.09
2022-03-30 18:31:49,527.09
2022-03-30 18:31:54,523.4405839487167
2022-03-30 18:31:59,527.09
2022-03-30 18:32:04,527.09
2022-03-30 18:32:09,527.03
2022-03-30 18:32:14,527.03
2022-03-30 18:32:19,527.09
2022-03-30 18:32:24,523.338793568746
2022-03-30 18:32:29,527.16
2022-03-30 18:32:34,527.16
2022-03-30 18:32:39,527.16
2022-03-30 18:32:44,527.16
2022-03-30 18:32:49,527.23
2022-03-30 18:32:54,523.2486533810566
2022-03-30 18:32:59,527.26
2022-03-30 18:33:04,527.32
2022-03-30 18:33:09,527.32
2022-03-30 18:33:14,527.39
2022-03-30 18:33:19,527.45
2022-03-30 18:33:24,527.45
2022-03-30 18:33:29,527.55
2022-03-30 18:33:34,527.55
2022-03-30 18:33:39,527.68
2022-03-30 18:33:44,523.1262626595967
2022-03-30 18:33:49,523.116016292034
2022-03-30 18:33:54,527.91
2022-03-30 18:33:59,527.97
2022-03-30 18:34:04,528.04
2022-03-30 18:34:09,528.13
2022-03-30 18:34:14,528.26
2022-03-30 18:34:19,528.29
2022-03-30 18:34:24,528.43
2022-03-30 18:34:29,528.49
2022-03-30 18:34:34,528.59
2022-03-30 18:34:39,528.72
2022-03-30 18:34:44,528.81
2022-03-30 18:34:49,528.94
2022-03-30 18:34:54,523.0151081905905
2022-03-30 18:34:59,529.1
2022-03-30 18:35:04,529.3
2022-03-30 18:35:09,529.39
2022-03-30 18:35:14,529.46
2022-03-30 18:35:19,529.59
2022-03-30 18:35:24,529.68
2022-03-30 18:35:29,529.75
2022-03-30 18:35:34,529.91
2022-03-30 18:35:39,530.04
2022-03-30 18:35:44,530.2
2022-03-30 18:35:49,530.33
2022-03-30 18:35:54,530.36
2022-03-30 18:35:59,530.55
2022-03-30 18:36:04,530.62
2022-03-30 18:36:09,530.78
2022-03-30 18:36:14,530.87
2022-03-30 18:36:19,522.9694944666518
2022-03-30 18:36:24,531.17
2022-03-30 18:36:29,531.29
2022-03-30 18:36:34,531.39
2022-03-30 18:36:39,531.58
2022-03-30 18:36:44,531.74
2022-03-30 18:36:49,531.87
2022-03-30 18:36:54,532.03
2022-03-30 18:36:59,532.16
2022-03-30 18:37:04,522.982564973126
2022-03-30 18:37:09,532.49
2022-03-30 18:37:14,522.988806933601
2022-03-30 18:37:19,522.9923735576563
2022-03-30 18:37:24,532.93
2022-03-30 18:37:29,533.13
2022-03-30 18:37:34,523.0048370917799
2022-03-30 18:37:39,533.42
2022-03-30 18:37:44,523.0146000717324
2022-03-30 18:37:49,533.7
2022-03-30 18:37:54,533.86
2022-03-30 18:37:59,534.02
2022-03-30 18:38:04,523.0375587889847
2022-03-30 18:38:09,534.25
2022-03-30 18:38:14,534.44
2022-03-30 18:38:19,523.0577318421548
2022-03-30 18:38:24,534.76
2022-03-30 18:38:29,534.96
2022-03-30 18:38:34,535.05
2022-03-30 18:38:39,535.18
2022-03-30 18:38:44,535.34
2022-03-30 18:38:49,535.47
2022-03-30 18:38:54,535.63
2022-03-30 18:38:59,535.76
2022-03-30 18:39:04,523.132989160468
2022-03-30 18:39:09,535.98
2022-03-30 18:39:14,536.08
2022-03-30 18:39:19,536.28
2022-03-30 18:39:24,536.37
2022-03-30 18:39:29,523.1840386970442
2022-03-30 18:39:34,536.5
2022-03-30 18:39:39,536.66
2022-03-30 18:39:44,536.73
2022-03-30 18:39:49,536.82
2022-03-30 18:39:54,536.89
2022-03-30 18:39:59,537.02
2022-03-30 18:40:04,537.05
2022-03-30 18:40:09,537.18
2022-03-30 18:40:14,537.24
2022-03-30 18:40:19,537.31
2022-03-30 18:40:24,537.34
2022-03-30 18:40:29,537.4
2022-03-30 18:40:34,537.53
2022-03-30 18:40:39,537.53
2022-03-30 18:40:44,523.3745015850068
2022-03-30 18:40:49,537.63
2022-03-30 18:40:54,537.63
2022-03-30 18:40:59,537.76
2022-03-30 18:41:04,537.76
2022-03-30 18:41:09,537.82
2022-03-30 18:41:14,537.86
2022-03-30 18:41:19,537.86
2022-03-30 18:41:24,537.86
2022-03-30 18:41:29,537.92
2022-03-30 18:41:34,537.99
2022-03-30 18:41:39,537.99
2022-03-30 18:41:44,538.05
2022-03-30 18:41:49,538.05
2022-03-30 18:41:54,538.05
2022-03-30 18:41:59,538.09
2022-03-30 18:42:04,538.09
2022-03-30 18:42:09,538.09
2022-03-30 18:42:14,538.09
2022-03-30 18:42:19,538.09
2022-03-30 18:42:24,538.09
2022-03-30 18:42:29,538.06
2022-03-30 18:42:34,538.06
2022-03-30 18:42:39,538.06
2022-03-30 18:42:44,538.06
2022-03-30 18:42:49,538.0
2022-03-30 18:42:54,538.0
2022-03-30 18:42:59,538.0
2022-03-30 18:43:04,537.93
2022-03-30 18:43:09,537.87
2022-03-30 18:43:14,537.93
2022-03-30 18:43:19,537.87
2022-03-30 18:43:24,537.87
2022-03-30 18:43:29,537.84
2022-03-30 18:43:34,537.84
2022-03-30 18:43:39,537.84
2022-03-30 18:43:44,537.84
2022-03-30 18:43:49,537.84
2022-03-30 18:43:54,537.77
2022-03-30 18:43:59,537.71
2022-03-30 18:44:04,537.71
2022-03-30 18:44:09,537.64
2022-03-30 18:44:14,537.58
2022-03-30 18:44:19,537.58
2022-03-30 18:44:24,537.55
2022-03-30 18:44:29,537.49
2022-03-30 18:44:34,537.49
2022-03-30 18:44:39,524.282445246513
2022-03-30 18:44:44,537.42
2022-03-30 18:44:49,537.36
2022-03-30 18:44:54,537.33
2022-03-30 18:44:59,537.26
2022-03-30 18:45:04,537.26
2022-03-30 18:45:09,537.13
2022-03-30 18:45:14,537.13
2022-03-30 18:45:19,537.07
2022-03-30 18:45:24,537.04
2022-03-30 18:45:29,537.04
2022-03-30 18:45:34,536.97
2022-03-30 18:45:39,536.9
2022-03-30 18:45:44,536.84
2022-03-30 18:45:49,536.84
2022-03-30 18:45:54,536.81
2022-03-30 18:45:59,536.68
2022-03-30 18:46:04,536.68
2022-03-30 18:46:09,536.62
2022-03-30 18:46:14,536.55
2022-03-30 18:46:19,536.52
2022-03-30 18:46:24,536.46
2022-03-30 18:46:29,536.39
2022-03-30 18:46:34,536.39
2022-03-30 18:46:39,536.29
2022-03-30 18:46:44,524.9164634146565
2022-03-30 18:46:49,536.17
2022-03-30 18:46:54,536.1
2022-03-30 18:46:59,536.03
2022-03-30 18:47:04,525.0253260757129
2022-03-30 18:47:09,535.94
2022-03-30 18:47:14,535.94
2022-03-30 18:47:19,525.1081397786002
2022-03-30 18:47:24,535.77
2022-03-30 18:47:29,535.71
2022-03-30 18:47:34,535.58
2022-03-30 18:47:39,525.2200326613546
2022-03-30 18:47:44,535.48
2022-03-30 18:47:49,535.35
2022-03-30 18:47:54,535.29
2022-03-30 18:47:59,535.19
2022-03-30 18:48:04,535.13
2022-03-30 18:48:09,525.3907889537127
2022-03-30 18:48:14,534.97
2022-03-30 18:48:19,534.84
2022-03-30 18:48:24,534.77
2022-03-30 18:48:29,534.68
2022-03-30 18:48:34,534.55
2022-03-30 18:48:39,534.48
2022-03-30 18:48:44,534.45
2022-03-30 18:48:49,525.6231550543615
2022-03-30 18:48:54,534.26
2022-03-30 18:48:59,534.16
2022-03-30 18:49:04,534.16
2022-03-30 18:49:09,533.97
2022-03-30 18:49:14,525.7706386553983
2022-03-30 18:49:19,533.87
2022-03-30 18:49:24,533.75
2022-03-30 18:49:29,533.65
2022-03-30 18:49:34,525.8896425783738
2022-03-30 18:49:39,533.46
2022-03-30 18:49:44,533.36
2022-03-30 18:49:49,533.3
2022-03-30 18:49:54,533.2
2022-03-30 18:49:59,533.14
2022-03-30 18:50:04,533.01
2022-03-30 18:50:09,526.0996082269623
2022-03-30 18:50:14,532.85
2022-03-30 18:50:19,532.72
2022-03-30 18:50:24,532.69
2022-03-30 18:50:29,532.49
2022-03-30 18:50:34,532.49
2022-03-30 18:50:39,532.4
2022-03-30 18:50:44,526.3110806663041
2022-03-30 18:50:49,532.21
2022-03-30 18:50:54,532.21
2022-03-30 18:50:59,532.11
2022-03-30 18:51:04,531.98
2022-03-30 18:51:09,531.98
2022-03-30 18:51:14,531.89
2022-03-30 18:51:19,531.82
2022-03-30 18:51:24,531.76
2022-03-30 18:51:29,531.69
2022-03-30 18:51:34,531.66
2022-03-30 18:51:39,531.6
2022-03-30 18:51:44,531.53
2022-03-30 18:51:49,531.53
2022-03-30 18:51:54,531.41
2022-03-30 18:51:59,531.37
2022-03-30 18:52:04,531.31
2022-03-30 18:52:09,531.31
2022-03-30 18:52:14,531.25
2022-03-30 18:52:19,531.18
2022-03-30 18:52:24,531.18
2022-03-30 18:52:29,531.09
2022-03-30 18:52:34,531.09
2022-03-30 18:52:39,531.02
2022-03-30 18:52:44,530.96
2022-03-30 18:52:49,527.0668243123191
2022-03-30 18:52:54,527.096744895056
2022-03-30 18:52:59,527.1266212462873
2022-03-30 18:53:04,530.89
2022-03-30 18:53:09,530.9
2022-03-30 18:53:14,527.2159621890273
2022-03-30 18:53:19,530.86
2022-03-30 18:53:24,527.2752600031388
2022-03-30 18:53:29,530.86
2022-03-30 18:53:34,530.86
2022-03-30 18:53:39,530.86
2022-03-30 18:53:44,530.86
2022-03-30 18:53:49,530.86
2022-03-30 18:53:54,530.86
2022-03-30 18:53:59,530.86
2022-03-30 18:54:04,530.87
2022-03-30 18:54:09,530.9
2022-03-30 18:54:14,530.9
2022-03-30 18:54:19,530.86
2022-03-30 18:54:24,530.9
2022-03-30 18:54:29,530.9
2022-03-30 18:54:34,530.96
2022-03-30 18:54:39,530.96
2022-03-30 18:54:44,530.96
2022-03-30 18:54:49,527.7681114857838
2022-03-30 18:54:54,531.09
2022-03-30 18:54:59,531.02
2022-03-30 18:55:04,531.02
2022-03-30 18:55:09,531.09
2022-03-30 18:55:14,531.15
2022-03-30 18:55:19,531.15
2022-03-30 18:55:24,531.15
2022-03-30 18:55:29,531.18
2022-03-30 18:55:34,531.15
2022-03-30 18:55:39,531.18
2022-03-30 18:55:44,531.15
2022-03-30 18:55:49,531.25
2022-03-30 18:55:54,531.18
2022-03-30 18:55:59,531.25
2022-03-30 18:56:04,531.18
2022-03-30 18:56:09,531.25
2022-03-30 18:56:14,531.18
2022-03-30 18:56:19,531.18
2022-03-30 18:56:24,531.24
2022-03-30 18:56:29,531.24
2022-03-30 18:56:34,531.31
2022-03-30 18:56:39,531.31
2022-03-30 18:56:44,531.24
2022-03-30 18:56:49,528.4138193119273
2022-03-30 18:56:54,531.24
2022-03-30 18:56:59,531.31
2022-03-30 18:57:04,531.31
2022-03-30 18:57:09,528.5138281942234
2022-03-30 18:57:14,528.5384358120289
2022-03-30 18:57:19,531.37
2022-03-30 18:57:24,528.5871616189729
2022-03-30 18:57:29,531.31
2022-03-30 18:57:34,531.31
2022-03-30 18:57:39,531.24
2022-03-30 18:57:44,531.31
2022-03-30 18:57:49,531.31
2022-03-30 18:57:54,531.37
2022-03-30 18:57:59,531.37
2022-03-30 18:58:04,531.37
2022-03-30 18:58:09,531.37
2022-03-30 18:58:14,531.37
2022-03-30 18:58:19,531.37
2022-03-30 18:58:24,528.8648581373161
2022-03-30 18:58:29,531.37
2022-03-30 18:58:34,528.9085281794808
2022-03-30 18:58:39,531.4
2022-03-30 18:58:44,531.41
2022-03-30 18:58:49,531.41
2022-03-30 18:58:54,528.9934651995042
2022-03-30 18:58:59,531.41
2022-03-30 18:59:04,531.47
2022-03-30 18:59:09,531.41
2022-03-30 18:59:14,531.41
2022-03-30 18:59:19,531.47
2022-03-30 18:59:24,531.47
2022-03-30 18:59:29,531.48
2022-03-30 18:59:34,531.54
2022-03-30 18:59:39,531.54
2022-03-30 18:59:44,531.54
2022-03-30 18:59:49,531.54
2022-03-30 18:59:54,531.61
2022-03-30 18:59:59,531.67
2022-03-30 19:00:04,531.61
2022-03-30 19:00:09,531.67
2022-03-30 19:00:14,531.7
2022-03-30 19:00:19,531.7
2022-03-30 19:00:24,531.77
2022-03-30 19:00:29,531.77
2022-03-30 19:00:34,531.83
2022-03-30 19:00:39,531.83
2022-03-30 19:00:44,531.83
2022-03-30 19:00:49,531.9
2022-03-30 19:00:54,531.9
2022-03-30 19:00:59,531.93
2022-03-30 19:01:04,531.93
2022-03-30 19:01:09,532.0
2022-03-30 19:01:14,532.0
2022-03-30 19:01:19,532.06
2022-03-30 19:01:24,532.06
2022-03-30 19:01:29,532.06
2022-03-30 19:01:34,532.06
2022-03-30 19:01:39,532.06
2022-03-30 19:01:44,532.13
2022-03-30 19:01:49,529.5788003034884
2022-03-30 19:01:54,532.12
2022-03-30 19:01:59,532.12
2022-03-30 19:02:04,532.19
2022-03-30 19:02:09,532.19
2022-03-30 19:02:14,532.19
2022-03-30 19:02:19,532.19
2022-03-30 19:02:24,532.22
2022-03-30 19:02:29,532.22
2022-03-30 19:02:34,532.22
2022-03-30 19:02:39,532.22
2022-03-30 19:02:44,532.22
2022-03-30 19:02:49,532.29
2022-03-30 19:02:54,529.7139542056965
2022-03-30 19:02:59,532.29
2022-03-30 19:03:04,532.29
2022-03-30 19:03:09,532.29
2022-03-30 19:03:14,532.22
2022-03-30 19:03:19,532.29
2022-03-30 19:03:24,532.28
2022-03-30 19:03:29,532.29
2022-03-30 19:03:34,532.29
2022-03-30 19:03:39,532.35
2022-03-30 19:03:44,532.29
2022-03-30 19:03:49,532.29
2022-03-30 19:03:54,532.35
2022-03-30 19:03:59,532.35
2022-03-30 19:04:04,529.8110493947014
2022-03-30 19:04:09,532.41
2022-03-30 19:04:14,532.41
2022-03-30 19:04:19,532.41
2022-03-30 19:04:24,529.830216254677
2022-03-30 19:04:29,532.41
2022-03-30 19:04:34,532.45
2022-03-30 19:04:39,532.41
2022-03-30 19:04:44,532.45
2022-03-30 19:04:49,532.45
2022-03-30 19:04:54,529.8522435632697
2022-03-30 19:04:59,532.41
2022-03-30 19:05:04,532.41
2022-03-30 19:05:09,532.41
2022-03-30 19:05:14,532.41
2022-03-30 19:05:19,532.34
2022-03-30 19:05:24,532.28
2022-03-30 19:05:29,532.28
2022-03-30 19:05:34,532.28
2022-03-30 19:05:39,532.28
2022-03-30 19:05:44,532.21
2022-03-30 19:05:49,532.28
2022-03-30 19:05:54,532.28
2022-03-30 19:05:59,532.21
2022-03-30 19:06:04,532.27
2022-03-30 19:06:09,532.28
2022-03-30 19:06:14,532.21
2022-03-30 19:06:19,532.21
2022-03-30 19:06:24,532.18
2022-03-30 19:06:29,529.8728150862373
2022-03-30 19:06:34,529.8719795758533
2022-03-30 19:06:39,532.12
2022-03-30 19:06:44,532.18
2022-03-30 19:06:49,532.18
2022-03-30 19:06:54,532.12
2022-03-30 19:06:59,532.12
2022-03-30 19:07:04,532.05
2022-03-30 19:07:09,532.05
2022-03-30 19:07:14,532.05
2022-03-30 19:07:19,532.05
2022-03-30 19:07:24,531.99
2022-03-30 19:07:29,529.8513294062598
2022-03-30 19:07:34,531.99
2022-03-30 19:07:39,532.06
2022-03-30 19:07:44,529.842236179801
2022-03-30 19:07:49,531.99
2022-03-30 19:07:54,529.8353968436201
2022-03-30 19:07:59,531.99
2022-03-30 19:08:04,529.8279521912843
2022-03-30 19:08:09,531.99
2022-03-30 19:08:14,529.8199163073763
2022-03-30 19:08:19,529.8156810550145
2022-03-30 19:08:24,532.06
2022-03-30 19:08:29,531.99
2022-03-30 19:08:34,531.93
2022-03-30 19:08:39,529.7973323895459
2022-03-30 19:08:44,532.06
2022-03-30 19:08:49,531.99
2022-03-30 19:08:54,532.0
2022-03-30 19:08:59,529.7768159819354
2022-03-30 19:09:04,532.06
2022-03-30 19:09:09,532.0
2022-03-30 19:09:14,532.0
2022-03-30 19:09:19,532.06
2022-03-30 19:09:24,532.06
2022-03-30 19:09:29,532.07
2022-03-30 19:09:34,532.13
2022-03-30 19:09:39,532.13
2022-03-30 19:09:44,532.07
2022-03-30 19:09:49,532.13
2022-03-30 19:09:54,532.13
2022-03-30 19:09:59,532.13
2022-03-30 19:10:04,532.2
2022-03-30 19:10:09,532.19
2022-03-30 19:10:14,532.23
2022-03-30 19:10:19,532.19
2022-03-30 19:10:24,532.23
2022-03-30 19:10:29,532.23
2022-03-30 19:10:34,532.29
2022-03-30 19:10:39,532.23
2022-03-30 19:10:44,529.6380077758233
2022-03-30 19:10:49,532.29
2022-03-30 19:10:54,532.29
2022-03-30 19:10:59,532.29
2022-03-30 19:11:04,532.36
2022-03-30 19:11:09,532.36
2022-03-30 19:11:14,532.36
2022-03-30 19:11:19,532.42
2022-03-30 19:11:24,532.43
2022-03-30 19:11:29,529.5652194440612
2022-03-30 19:11:34,532.46
2022-03-30 19:11:39,529.5481672026777
2022-03-30 19:11:44,532.45
2022-03-30 19:11:49,532.46
2022-03-30 19:11:54,532.52
2022-03-30 19:11:59,529.5132115653153
2022-03-30 19:12:04,532.52
2022-03-30 19:12:09,532.58
2022-03-30 19:12:14,532.58
2022-03-30 19:12:19,529.4772149523717
2022-03-30 19:12:24,532.58
2022-03-30 19:12:29,532.52
2022-03-30 19:12:34,532.58
2022-03-30 19:12:39,532.58
2022-03-30 19:12:44,532.58
2022-03-30 19:12:49,532.58
2022-03-30 19:12:54,532.58
2022-03-30 19:12:59,532.58
2022-03-30 19:13:04,529.3930001361485
2022-03-30 19:13:09,532.52
2022-03-30 19:13:14,532.58
2022-03-30 19:13:19,532.58
2022-03-30 19:13:24,532.52
2022-03-30 19:13:29,532.58
2022-03-30 19:13:34,532.52
2022-03-30 19:13:39,532.52
2022-03-30 19:13:44,532.52
2022-03-30 19:13:49,529.3053692641545
2022-03-30 19:13:54,532.51
2022-03-30 19:13:59,532.51
2022-03-30 19:14:04,532.51
2022-03-30 19:14:09,532.51
2022-03-30 19:14:14,532.51
2022-03-30 19:14:19,532.45
2022-03-30 19:14:24,532.45
2022-03-30 19:14:29,532.41
2022-03-30 19:14:34,532.41
2022-03-30 19:14:39,529.2055561846151
2022-03-30 19:14:44,532.35
2022-03-30 19:14:49,532.29
2022-03-30 19:14:54,532.22
2022-03-30 19:14:59,532.19
2022-03-30 19:15:04,532.19
2022-03-30 19:15:09,532.19
2022-03-30 19:15:14,532.06
2022-03-30 19:15:19,532.06
2022-03-30 19:15:24,531.93
2022-03-30 19:15:29,531.93
2022-03-30 19:15:34,531.9
2022-03-30 19:15:39,531.84
2022-03-30 19:15:44,531.77
2022-03-30 19:15:49,531.78
2022-03-30 19:15:54,531.68
2022-03-30 19:15:59,529.044768424699
2022-03-30 19:16:04,531.55
2022-03-30 19:16:09,529.0248528760633
2022-03-30 19:16:14,531.42
2022-03-30 19:16:19,531.42
2022-03-30 19:16:24,531.39
2022-03-30 19:16:29,531.33
2022-03-30 19:16:34,531.26
2022-03-30 19:16:39,531.2
2022-03-30 19:16:44,531.26
2022-03-30 19:16:49,531.17
2022-03-30 19:16:54,531.11
2022-03-30 19:16:59,531.04
2022-03-30 19:17:04,530.98
2022-03-30 19:17:09,530.92
2022-03-30 19:17:14,530.82
2022-03-30 19:17:19,530.76
2022-03-30 19:17:24,528.8778247321513
2022-03-30 19:17:29,530.66
2022-03-30 19:17:34,530.54
2022-03-30 19:17:39,530.54
2022-03-30 19:17:44,530.47
2022-03-30 19:17:49,530.41
2022-03-30 19:17:54,530.38
2022-03-30 19:17:59,530.32
2022-03-30 19:18:04,530.32
2022-03-30 19:18:09,530.25
2022-03-30 19:18:14,530.19
2022-03-30 19:18:19,530.19
2022-03-30 19:18:24,530.16
2022-03-30 19:18:29,530.1
2022-03-30 19:18:34,528.7452006720708
2022-03-30 19:18:39,530.1
2022-03-30 19:18:44,529.97
2022-03-30 19:18:49,529.91
2022-03-30 19:18:54,529.91
2022-03-30 19:18:59,529.88
2022-03-30 19:19:04,528.6900153718733
2022-03-30 19:19:09,529.81
2022-03-30 19:19:14,529.75
2022-03-30 19:19:19,529.69
2022-03-30 19:19:24,529.66
2022-03-30 19:19:29,529.66
2022-03-30 19:19:34,529.59
2022-03-30 19:19:39,529.53
2022-03-30 19:19:44,529.47
2022-03-30 19:19:49,529.47
2022-03-30 19:19:54,529.47
2022-03-30 19:19:59,528.5918240119146
2022-03-30 19:20:04,528.5831039483169
2022-03-30 19:20:09,529.38
2022-03-30 19:20:14,528.5657728994431
2022-03-30 19:20:19,529.31
2022-03-30 19:20:24,529.31
2022-03-30 19:20:29,529.31
2022-03-30 19:20:34,528.5315588479539
2022-03-30 19:20:39,529.25
2022-03-30 19:20:44,529.31
2022-03-30 19:20:49,529.31
2022-03-30 19:20:54,529.25
2022-03-30 19:20:59,529.25
2022-03-30 19:21:04,528.4814081705316
2022-03-30 19:21:09,529.25
2022-03-30 19:21:14,529.26
2022-03-30 19:21:19,529.25
2022-03-30 19:21:24,529.32
2022-03-30 19:21:29,529.32
2022-03-30 19:21:34,529.32
2022-03-30 19:21:39,529.32
2022-03-30 19:21:44,529.38
2022-03-30 19:21:49,529.38
2022-03-30 19:21:54,529.42
2022-03-30 19:21:59,529.42
2022-03-30 19:22:04,528.385652130501
2022-03-30 19:22:09,529.48
2022-03-30 19:22:14,529.48
2022-03-30 19:22:19,529.55
2022-03-30 19:22:24,529.55
2022-03-30 19:22:29,529.61
2022-03-30 19:22:34,529.67
2022-03-30 19:22:39,529.71
2022-03-30 19:22:44,529.77
2022-03-30 19:22:49,529.77
2022-03-30 19:22:54,529.77
2022-03-30 19:22:59,529.9
2022-03-30 19:23:04,529.93
2022-03-30 19:23:09,530.0
2022-03-30 19:23:14,530.0
2022-03-30 19:23:19,530.06
2022-03-30 19:23:24,530.13
2022-03-30 19:23:29,530.22
2022-03-30 19:23:34,530.22
2022-03-30 19:23:39,530.29
2022-03-30 19:23:44,530.41
2022-03-30 19:23:49,530.45
2022-03-30 19:23:54,530.45
2022-03-30 19:23:59,528.2213644754896
2022-03-30 19:24:04,530.71
2022-03-30 19:24:09,528.2084031212154
2022-03-30 19:24:14,530.8
2022-03-30 19:24:19,530.97
2022-03-30 19:24:24,530.97
2022-03-30 19:24:29,531.03
2022-03-30 19:24:34,531.16
2022-03-30 19:24:39,531.16
2022-03-30 19:24:44,531.26
2022-03-30 19:24:49,531.38
2022-03-30 19:24:54,528.1529346724201
2022-03-30 19:24:59,531.55
2022-03-30 19:25:04,531.61
2022-03-30 19:25:09,531.74
2022-03-30 19:25:14,531.74
2022-03-30 19:25:19,531.91
2022-03-30 19:25:24,528.1186604198981
2022-03-30 19:25:29,532.07
2022-03-30 19:25:34,532.2
2022-03-30 19:25:39,532.26
2022-03-30 19:25:44,532.42
2022-03-30 19:25:49,528.0918282462027
2022-03-30 19:25:54,532.59
2022-03-30 19:25:59,532.72
2022-03-30 19:26:04,532.78
2022-03-30 19:26:09,532.88
2022-03-30 19:26:14,533.01
2022-03-30 19:26:19,533.11
2022-03-30 19:26:24,533.24
2022-03-30 19:26:29,533.3
2022-03-30 19:26:34,528.0476689213878
2022-03-30 19:26:39,533.53
2022-03-30 19:26:44,533.56
2022-03-30 19:26:49,533.63
2022-03-30 19:26:54,533.76
2022-03-30 19:26:59,533.82
2022-03-30 19:27:04,533.92
2022-03-30 19:27:09,533.98
2022-03-30 19:27:14,534.08
2022-03-30 19:27:19,534.08
2022-03-30 19:27:24,534.21
2022-03-30 19:27:29,534.34
2022-03-30 19:27:34,534.37
2022-03-30 19:27:39,534.44
2022-03-30 19:27:44,527.9901826989762
2022-03-30 19:27:49,534.66
2022-03-30 19:27:54,534.73
2022-03-30 19:27:59,534.86
2022-03-30 19:28:04,534.95
2022-03-30 19:28:09,534.96
2022-03-30 19:28:14,535.09
2022-03-30 19:28:19,535.25
2022-03-30 19:28:24,535.31
2022-03-30 19:28:29,535.38
2022-03-30 19:28:34,535.47
2022-03-30 19:28:39,535.54
2022-03-30 19:28:44,535.64
2022-03-30 19:28:49,535.7
2022-03-30 19:28:54,535.77
2022-03-30 19:28:59,535.83
2022-03-30 19:29:04,535.93
2022-03-30 19:29:09,535.99
2022-03-30 19:29:14,536.12
2022-03-30 19:29:19,536.16
2022-03-30 19:29:24,536.22
2022-03-30 19:29:29,536.29
2022-03-30 19:29:34,536.35
2022-03-30 19:29:39,536.44
2022-03-30 19:29:44,536.51
2022-03-30 19:29:49,536.57
2022-03-30 19:29:54,536.67
2022-03-30 19:29:59,536.8
2022-03-30 19:30:04,536.8
2022-03-30 19:30:09,536.96
2022-03-30 19:30:14,536.96
2022-03-30 19:30:19,537.09
2022-03-30 19:30:24,537.15
2022-03-30 19:30:29,537.25
2022-03-30 19:30:34,537.32
2022-03-30 19:30:39,537.45
2022-03-30 19:30:44,537.45
2022-03-30 19:30:49,527.9113563584173
2022-03-30 19:30:54,537.61
2022-03-30 19:30:59,537.67
2022-03-30 19:31:04,537.67
2022-03-30 19:31:09,537.77
2022-03-30 19:31:14,537.83
2022-03-30 19:31:19,537.83
2022-03-30 19:31:24,537.96
2022-03-30 19:31:29,537.96
2022-03-30 19:31:34,538.06
2022-03-30 19:31:39,538.12
2022-03-30 19:31:44,527.9079555839647
2022-03-30 19:31:49,538.22
2022-03-30 19:31:54,538.28
2022-03-30 19:31:59,538.35
2022-03-30 19:32:04,538.35
2022-03-30 19:32:09,538.41
2022-03-30 19:32:14,538.48
2022-03-30 19:32:19,538.48
2022-03-30 19:32:24,538.57
2022-03-30 19:32:29,527.9101842214785
2022-03-30 19:32:34,538.57
2022-03-30 19:32:39,538.64
2022-03-30 19:32:44,538.64
2022-03-30 19:32:49,538.64
2022-03-30 19:32:54,538.7
2022-03-30 19:32:59,538.7
2022-03-30 19:33:04,538.7
2022-03-30 19:33:09,527.9150982812814
2022-03-30 19:33:14,538.73
2022-03-30 19:33:19,527.9166729953736
2022-03-30 19:33:24,538.74
2022-03-30 19:33:29,538.74
2022-03-30 19:33:34,538.8
2022-03-30 19:33:39,538.74
2022-03-30 19:33:44,527.921098013149
2022-03-30 19:33:49,538.8
2022-03-30 19:33:54,538.8
2022-03-30 19:33:59,538.8
2022-03-30 19:34:04,538.8
2022-03-30 19:34:09,538.81
2022-03-30 19:34:14,538.81
2022-03-30 19:34:19,538.81
2022-03-30 19:34:24,538.81
2022-03-30 19:34:29,538.81
2022-03-30 19:34:34,538.74
2022-03-30 19:34:39,538.81
2022-03-30 19:34:44,538.81
2022-03-30 19:34:49,538.71
2022-03-30 19:34:54,538.75
2022-03-30 19:34:59,538.71
2022-03-30 19:35:04,538.65
2022-03-30 19:35:09,538.65
2022-03-30 19:35:14,538.65
2022-03-30 19:35:19,538.59
2022-03-30 19:35:24,538.59
2022-03-30 19:35:29,538.59
2022-03-30 19:35:34,538.59
2022-03-30 19:35:39,538.53
2022-03-30 19:35:44,538.59
2022-03-30 19:35:49,538.53
2022-03-30 19:35:54,538.53
2022-03-30 19:35:59,538.5
2022-03-30 19:36:04,538.44
2022-03-30 19:36:09,538.44
2022-03-30 19:36:14,538.37
2022-03-30 19:36:19,538.38
2022-03-30 19:36:24,538.37
2022-03-30 19:36:29,538.31
2022-03-30 19:36:34,538.25
2022-03-30 19:36:39,538.25
2022-03-30 19:36:44,527.9593288444958
2022-03-30 19:36:49,538.15
2022-03-30 19:36:54,538.15
2022-03-30 19:36:59,538.15
2022-03-30 19:37:04,538.03
2022-03-30 19:37:09,538.03
2022-03-30 19:37:14,538.03
2022-03-30 19:37:19,538.03
2022-03-30 19:37:24,538.0
2022-03-30 19:37:29,537.93
2022-03-30 19:37:34,537.93
2022-03-30 19:37:39,537.93
2022-03-30 19:37:44,537.94
2022-03-30 19:37:49,537.87
2022-03-30 19:37:54,537.87
2022-03-30 19:37:59,537.81
2022-03-30 19:38:04,537.81
2022-03-30 19:38:09,537.81
2022-03-30 19:38:14,537.75
2022-03-30 19:38:19,537.75
2022-03-30 19:38:24,537.72
2022-03-30 19:38:29,527.9701704567635
2022-03-30 19:38:34,537.72
2022-03-30 19:38:39,537.65
2022-03-30 19:38:44,537.59
2022-03-30 19:38:49,527.9699115714889
2022-03-30 19:38:54,537.59
2022-03-30 19:38:59,537.53
2022-03-30 19:39:04,537.49
2022-03-30 19:39:09,527.9687011206471
2022-03-30 19:39:14,537.43
2022-03-30 19:39:19,537.37
2022-03-30 19:39:24,537.37
2022-03-30 19:39:29,537.37
2022-03-30 19:39:34,537.24
2022-03-30 19:39:39,537.24
2022-03-30 19:39:44,537.24
2022-03-30 19:39:49,537.21
2022-03-30 19:39:54,537.14
2022-03-30 19:39:59,537.14
2022-03-30 19:40:04,537.08
2022-03-30 19:40:09,537.01
2022-03-30 19:40:14,537.01
2022-03-30 19:40:19,536.98
2022-03-30 19:40:24,527.9542185299786
2022-03-30 19:40:29,536.92
2022-03-30 19:40:34,536.92
2022-03-30 19:40:39,536.86
2022-03-30 19:40:44,536.85
2022-03-30 19:40:49,536.79
2022-03-30 19:40:54,536.72
2022-03-30 19:40:59,536.69
2022-03-30 19:41:04,536.69
2022-03-30 19:41:09,536.63
2022-03-30 19:41:14,536.56
2022-03-30 19:41:19,536.56
2022-03-30 19:41:24,536.5
2022-03-30 19:41:29,536.5
2022-03-30 19:41:34,536.47
2022-03-30 19:41:39,536.4
2022-03-30 19:41:44,536.4
2022-03-30 19:41:49,527.9144378333126
2022-03-30 19:41:54,536.27
2022-03-30 19:41:59,536.27
2022-03-30 19:42:04,536.21
2022-03-30 19:42:09,536.21
2022-03-30 19:42:14,536.18
2022-03-30 19:42:19,536.21
2022-03-30 19:42:24,536.18
2022-03-30 19:42:29,536.11
2022-03-30 19:42:34,536.05
2022-03-30 19:42:39,536.05
2022-03-30 19:42:44,536.05
2022-03-30 19:42:49,535.99
2022-03-30 19:42:54,535.99
2022-03-30 19:42:59,535.96
2022-03-30 19:43:04,535.96
2022-03-30 19:43:09,535.96
2022-03-30 19:43:14,535.89
2022-03-30 19:43:19,535.89
2022-03-30 19:43:24,535.89
2022-03-30 19:43:29,535.83
2022-03-30 19:43:34,535.83
2022-03-30 19:43:39,527.8157224379382
2022-03-30 19:43:44,535.83
2022-03-30 19:43:49,527.8036649301224
2022-03-30 19:43:54,527.7974266626254
2022-03-30 19:43:59,535.77
2022-03-30 19:44:04,535.71
2022-03-30 19:44:09,527.7778666388886
2022-03-30 19:44:14,535.71
2022-03-30 19:44:19,535.68
2022-03-30 19:44:24,535.61
2022-03-30 19:44:29,527.7498607564154
2022-03-30 19:44:34,535.55
2022-03-30 19:44:39,535.55
2022-03-30 19:44:44,535.55
2022-03-30 19:44:49,535.49
2022-03-30 19:44:54,535.49
2022-03-30 19:44:59,535.49
2022-03-30 19:45:04,535.46
2022-03-30 19:45:09,535.4
2022-03-30 19:45:14,535.4
2022-03-30 19:45:19,535.4
2022-03-30 19:45:24,535.33
2022-03-30 19:45:29,535.33
2022-03-30 19:45:34,535.27
2022-03-30 19:45:39,535.2
2022-03-30 19:45:44,535.2
2022-03-30 19:45:49,527.6175867831338
2022-03-30 19:45:54,535.11
2022-03-30 19:45:59,535.11
2022-03-30 19:46:04,535.05
2022-03-30 19:46:09,527.5799146792323
2022-03-30 19:46:14,534.98
2022-03-30 19:46:19,534.95
2022-03-30 19:46:24,534.89
2022-03-30 19:46:29,534.82
2022-03-30 19:46:34,534.76
2022-03-30 19:46:39,534.7
2022-03-30 19:46:44,527.5100545334457
2022-03-30 19:46:49,534.6
2022-03-30 19:46:54,527.4892308045114
2022-03-30 19:46:59,534.47
2022-03-30 19:47:04,534.47
2022-03-30 19:47:09,534.38
2022-03-30 19:47:14,534.31
2022-03-30 19:47:19,534.25
2022-03-30 19:47:24,534.18
2022-03-30 19:47:29,534.15
2022-03-30 19:47:34,534.09
2022-03-30 19:47:39,533.96
2022-03-30 19:47:44,527.3798993074494
2022-03-30 19:47:49,533.86
2022-03-30 19:47:54,533.86
2022-03-30 19:47:59,527.3455455329474
2022-03-30 19:48:04,533.67
2022-03-30 19:48:09,527.3222803310384
2022-03-30 19:48:14,533.57
2022-03-30 19:48:19,533.51
2022-03-30 19:48:24,533.41
2022-03-30 19:48:29,533.35
2022-03-30 19:48:34,533.28
2022-03-30 19:48:39,527.2508700596279
2022-03-30 19:48:44,533.12
2022-03-30 19:48:49,533.06
2022-03-30 19:48:54,532.99
2022-03-30 19:48:59,527.2020324073512
2022-03-30 19:49:04,532.9
2022-03-30 19:49:09,532.77
2022-03-30 19:49:14,532.7
2022-03-30 19:49:19,532.61
2022-03-30 19:49:24,532.54
2022-03-30 19:49:29,532.54
2022-03-30 19:49:34,532.48
2022-03-30 19:49:39,527.1018162718298
2022-03-30 19:49:44,532.32
2022-03-30 19:49:49,532.32
2022-03-30 19:49:54,532.19
2022-03-30 19:49:59,527.0506213886915
2022-03-30 19:50:04,532.09
2022-03-30 19:50:09,532.03
2022-03-30 19:50:14,532.03
2022-03-30 19:50:19,531.96
2022-03-30 19:50:24,531.9
2022-03-30 19:50:29,531.86
2022-03-30 19:50:34,531.8
2022-03-30 19:50:39,531.8
2022-03-30 19:50:44,531.8
2022-03-30 19:50:49,531.74
2022-03-30 19:50:54,531.74
2022-03-30 19:50:59,531.67
2022-03-30 19:51:04,531.61
2022-03-30 19:51:09,531.61
2022-03-30 19:51:14,531.58
2022-03-30 19:51:19,531.58
2022-03-30 19:51:24,531.51
2022-03-30 19:51:29,531.45
2022-03-30 19:51:34,531.45
2022-03-30 19:51:39,531.45
2022-03-30 19:51:44,531.38
2022-03-30 19:51:49,526.7607476050437
2022-03-30 19:51:54,531.35
2022-03-30 19:51:59,531.38
2022-03-30 19:52:04,526.7206507837589
2022-03-30 19:52:09,531.35
2022-03-30 19:52:14,531.35
2022-03-30 19:52:19,531.35
2022-03-30 19:52:24,531.39
2022-03-30 19:52:29,531.39
2022-03-30 19:52:34,531.39
2022-03-30 19:52:39,531.39
2022-03-30 19:52:44,531.39
2022-03-30 19:52:49,531.46
2022-03-30 19:52:54,531.52
2022-03-30 19:52:59,526.5737869886993
2022-03-30 19:53:04,531.52
2022-03-30 19:53:09,531.59
2022-03-30 19:53:14,531.59
2022-03-30 19:53:19,531.59
2022-03-30 19:53:24,531.62
2022-03-30 19:53:29,531.69
2022-03-30 19:53:34,531.75
2022-03-30 19:53:39,531.82
2022-03-30 19:53:44,531.82
2022-03-30 19:53:49,531.88
2022-03-30 19:53:54,531.91
2022-03-30 19:53:59,531.98
2022-03-30 19:54:04,532.04
2022-03-30 19:54:09,532.04
2022-03-30 19:54:14,532.11
2022-03-30 19:54:19,532.11
2022-03-30 19:54:24,532.14
2022-03-30 19:54:29,532.21
2022-03-30 19:54:34,532.27
2022-03-30 19:54:39,532.34
2022-03-30 19:54:44,526.2997223498695
2022-03-30 19:54:49,532.4
2022-03-30 19:54:54,532.44
2022-03-30 19:54:59,532.5
2022-03-30 19:55:04,532.57
2022-03-30 19:55:09,532.63
2022-03-30 19:55:14,532.66
2022-03-30 19:55:19,532.73
2022-03-30 19:55:24,526.1997143127751
2022-03-30 19:55:29,532.86
2022-03-30 19:55:34,532.92
2022-03-30 19:55:39,532.95
2022-03-30 19:55:44,533.08
2022-03-30 19:55:49,533.08
2022-03-30 19:55:54,533.15
2022-03-30 19:55:59,533.24
2022-03-30 19:56:04,533.24
2022-03-30 19:56:09,533.37
2022-03-30 19:56:14,526.0797943703044
2022-03-30 19:56:19,533.47
2022-03-30 19:56:24,533.6
2022-03-30 19:56:29,526.0451170357087
2022-03-30 19:56:34,526.0337045063661
2022-03-30 19:56:39,533.76
2022-03-30 19:56:44,533.89
2022-03-30 19:56:49,533.99
2022-03-30 19:56:54,534.05
2022-03-30 19:56:59,534.12
2022-03-30 19:57:04,534.18
2022-03-30 19:57:09,534.21
2022-03-30 19:57:14,534.28
2022-03-30 19:57:19,534.41
2022-03-30 19:57:24,534.5
2022-03-30 19:57:29,534.47
2022-03-30 19:57:34,534.57
2022-03-30 19:57:39,534.63
2022-03-30 19:57:44,534.7
2022-03-30 19:57:49,534.7
2022-03-30 19:57:54,534.73
2022-03-30 19:57:59,534.79
2022-03-30 19:58:04,534.85
2022-03-30 19:58:09,534.92
2022-03-30 19:58:14,534.98
2022-03-30 19:58:19,535.08
2022-03-30 19:58:24,535.08
2022-03-30 19:58:29,535.14
2022-03-30 19:58:34,535.24
2022-03-30 19:58:39,535.31
2022-03-30 19:58:44,535.37
2022-03-30 19:58:49,535.43
2022-03-30 19:58:54,535.5
2022-03-30 19:58:59,535.5
2022-03-30 19:59:04,535.6
2022-03-30 19:59:09,535.6
2022-03-30 19:59:14,525.714712103538
2022-03-30 19:59:19,535.72
2022-03-30 19:59:24,535.76
2022-03-30 19:59:29,525.6894262402845
2022-03-30 19:59:34,535.88
2022-03-30 19:59:39,535.95
2022-03-30 19:59:44,535.95
2022-03-30 19:59:49,536.01
2022-03-30 19:59:54,536.04
2022-03-30 19:59:59,536.11
2022-03-30 20:00:04,536.11
2022-03-30 20:00:09,536.17
2022-03-30 20:00:14,536.24
2022-03-30 20:00:19,525.6096158882426
2022-03-30 20:00:24,536.27
2022-03-30 20:00:29,536.33
2022-03-30 20:00:34,536.4
2022-03-30 20:00:39,536.4
2022-03-30 20:00:44,536.53
2022-03-30 20:00:49,536.53
2022-03-30 20:00:54,536.56
2022-03-30 20:00:59,536.63
2022-03-30 20:01:04,536.69
2022-03-30 20:01:09,536.76
2022-03-30 20:01:14,536.76
2022-03-30 20:01:19,536.76
2022-03-30 20:01:24,536.86
2022-03-30 20:01:29,536.86
2022-03-30 20:01:34,536.92
2022-03-30 20:01:39,536.92
2022-03-30 20:01:44,536.99
2022-03-30 20:01:49,536.99
2022-03-30 20:01:54,537.09
2022-03-30 20:01:59,537.09
2022-03-30 20:02:04,537.15
2022-03-30 20:02:09,537.15
2022-03-30 20:02:14,537.22
2022-03-30 20:02:19,537.28
2022-03-30 20:02:24,537.28
2022-03-30 20:02:29,537.32
2022-03-30 20:02:34,537.38
2022-03-30 20:02:39,537.38
2022-03-30 20:02:44,537.45
2022-03-30 20:02:49,537.45
2022-03-30 20:02:54,537.51
2022-03-30 20:02:59,537.51
2022-03-30 20:03:04,537.58
2022-03-30 20:03:09,537.58
2022-03-30 20:03:14,537.61
2022-03-30 20:03:19,537.61
2022-03-30 20:03:24,537.68
2022-03-30 20:03:29,537.61
2022-03-30 20:03:34,537.68
2022-03-30 20:03:39,525.3311374859243
2022-03-30 20:03:44,537.68
2022-03-30 20:03:49,537.75
2022-03-30 20:03:54,525.311068604385
2022-03-30 20:03:59,525.3043576599357
2022-03-30 20:04:04,537.75
2022-03-30 20:04:09,537.81
2022-03-30 20:04:14,537.81
2022-03-30 20:04:19,537.81
2022-03-30 20:04:24,537.81
2022-03-30 20:04:29,525.2637568367074
2022-03-30 20:04:34,537.85
2022-03-30 20:04:39,537.85
2022-03-30 20:04:44,537.81
2022-03-30 20:04:49,525.2362537981234
2022-03-30 20:04:54,537.85
2022-03-30 20:04:59,537.82
2022-03-30 20:05:04,537.82
2022-03-30 20:05:09,537.75
2022-03-30 20:05:14,537.75
2022-03-30 20:05:19,537.75
2022-03-30 20:05:24,525.1869375575918
2022-03-30 20:05:29,537.69
2022-03-30 20:05:34,537.69
2022-03-30 20:05:39,537.69
2022-03-30 20:05:44,537.62
2022-03-30 20:05:49,537.62
2022-03-30 20:05:54,537.59
2022-03-30 20:05:59,537.59
2022-03-30 20:06:04,537.53
2022-03-30 20:06:09,537.46
2022-03-30 20:06:14,537.53
2022-03-30 20:06:19,537.46
2022-03-30 20:06:24,525.0974938920735
2022-03-30 20:06:29,537.4
2022-03-30 20:06:34,537.33
2022-03-30 20:06:39,537.33
2022-03-30 20:06:44,537.3
2022-03-30 20:06:49,537.3
2022-03-30 20:06:54,537.24
2022-03-30 20:06:59,537.24
2022-03-30 20:07:04,537.17
2022-03-30 20:07:09,537.11
2022-03-30 20:07:14,537.11
2022-03-30 20:07:19,537.08
2022-03-30 20:07:24,524.9994923532971
2022-03-30 20:07:29,537.01
2022-03-30 20:07:34,537.01
2022-03-30 20:07:39,537.01
2022-03-30 20:07:44,536.95
2022-03-30 20:07:49,536.95
2022-03-30 20:07:54,536.88
2022-03-30 20:07:59,524.9372798732027
2022-03-30 20:08:04,536.88
2022-03-30 20:08:09,536.88
2022-03-30 20:08:14,536.88
2022-03-30 20:08:19,536.88
2022-03-30 20:08:24,536.82
2022-03-30 20:08:29,536.82
2022-03-30 20:08:34,524.870674713835
2022-03-30 20:08:39,536.79
2022-03-30 20:08:44,536.82
2022-03-30 20:08:49,536.82
2022-03-30 20:08:54,536.79
2022-03-30 20:08:59,536.79
2022-03-30 20:09:04,536.72
2022-03-30 20:09:09,536.72
2022-03-30 20:09:14,536.72
2022-03-30 20:09:19,536.66
2022-03-30 20:09:24,536.66
2022-03-30 20:09:29,536.66
2022-03-30 20:09:34,536.73
2022-03-30 20:09:39,536.66
2022-03-30 20:09:44,536.73
2022-03-30 20:09:49,536.66
2022-03-30 20:09:54,536.66
2022-03-30 20:09:59,536.66
2022-03-30 20:10:04,524.6754169739331
2022-03-30 20:10:09,536.66
2022-03-30 20:10:14,536.67
2022-03-30 20:10:19,536.67
2022-03-30 20:10:24,536.67
2022-03-30 20:10:29,536.67
2022-03-30 20:10:34,536.67
2022-03-30 20:10:39,536.67
2022-03-30 20:10:44,536.61
2022-03-30 20:10:49,536.67
2022-03-30 20:10:54,536.67
2022-03-30 20:10:59,536.67
2022-03-30 20:11:04,536.61
2022-03-30 20:11:09,536.61
2022-03-30 20:11:14,536.61
2022-03-30 20:11:19,536.68
2022-03-30 20:11:24,524.46694462332
2022-03-30 20:11:29,536.62
2022-03-30 20:11:34,536.68
2022-03-30 20:11:39,536.62
2022-03-30 20:11:44,536.62
2022-03-30 20:11:49,536.68
2022-03-30 20:11:54,536.68
2022-03-30 20:11:59,536.62
2022-03-30 20:12:04,536.62
2022-03-30 20:12:09,524.3326757313082
2022-03-30 20:12:14,536.69
2022-03-30 20:12:19,536.62
2022-03-30 20:12:24,536.69
2022-03-30 20:12:29,536.69
2022-03-30 20:12:34,536.69
2022-03-30 20:12:39,536.69
2022-03-30 20:12:44,536.69
2022-03-30 20:12:49,536.69
2022-03-30 20:12:54,536.69
2022-03-30 20:12:59,536.69
2022-03-30 20:13:04,536.69
2022-03-30 20:13:09,536.76
2022-03-30 20:13:14,536.76
2022-03-30 20:13:19,536.69
2022-03-30 20:13:24,536.76
2022-03-30 20:13:29,536.76
2022-03-30 20:13:34,536.76
2022-03-30 20:13:39,536.76
2022-03-30 20:13:44,536.83
2022-03-30 20:13:49,536.83
2022-03-30 20:13:54,536.83
2022-03-30 20:13:59,536.83
2022-03-30 20:14:04,523.9320310138173
2022-03-30 20:14:09,536.86
2022-03-30 20:14:14,536.86
2022-03-30 20:14:19,536.86
2022-03-30 20:14:24,536.86
2022-03-30 20:14:29,536.93
2022-03-30 20:14:34,536.93
2022-03-30 20:14:39,536.93
2022-03-30 20:14:44,536.93
2022-03-30 20:14:49,536.99
2022-03-30 20:14:54,537.05
2022-03-30 20:14:59,537.05
2022-03-30 20:15:04,537.05
2022-03-30 20:15:09,537.05
2022-03-30 20:15:14,537.12
2022-03-30 20:15:19,523.6337113816738
2022-03-30 20:15:24,537.15
2022-03-30 20:15:29,537.12
2022-03-30 20:15:34,537.15
2022-03-30 20:15:39,537.15
2022-03-30 20:15:44,537.22
2022-03-30 20:15:49,537.22
2022-03-30 20:15:54,537.28
2022-03-30 20:15:59,537.28
2022-03-30 20:16:04,523.4437905739281
2022-03-30 20:16:09,523.4222587078568
2022-03-30 20:16:14,537.35
2022-03-30 20:16:19,537.35
2022-03-30 20:16:24,523.3571953304547
2022-03-30 20:16:29,523.3353577251465
2022-03-30 20:16:34,537.44
2022-03-30 20:16:39,523.2914687996678
2022-03-30 20:16:44,537.44
2022-03-30 20:16:49,537.44
2022-03-30 20:16:54,537.44
2022-03-30 20:16:59,537.51
2022-03-30 20:17:04,537.57
2022-03-30 20:17:09,537.57
2022-03-30 20:17:14,537.57
2022-03-30 20:17:19,537.64
2022-03-30 20:17:24,537.63
2022-03-30 20:17:29,537.63
2022-03-30 20:17:34,537.67
2022-03-30 20:17:39,537.67
2022-03-30 20:17:44,523.0001987656566
2022-03-30 20:17:49,537.73
2022-03-30 20:17:54,537.73
2022-03-30 20:17:59,522.9317717511722
2022-03-30 20:18:04,537.8
2022-03-30 20:18:09,537.8
2022-03-30 20:18:14,537.8
2022-03-30 20:18:19,537.86
2022-03-30 20:18:24,537.9
2022-03-30 20:18:29,537.9
2022-03-30 20:18:34,537.9
2022-03-30 20:18:39,537.96
2022-03-30 20:18:44,537.96
2022-03-30 20:18:49,538.03
2022-03-30 20:18:54,538.03
2022-03-30 20:18:59,538.03
2022-03-30 20:19:04,538.09
2022-03-30 20:19:09,538.09
2022-03-30 20:19:14,538.16
2022-03-30 20:19:19,538.19
2022-03-30 20:19:24,538.19
2022-03-30 20:19:29,538.26
2022-03-30 20:19:34,538.26
2022-03-30 20:19:39,538.32
2022-03-30 20:19:44,538.39
2022-03-30 20:19:49,522.4224879552872
2022-03-30 20:19:54,538.42
2022-03-30 20:19:59,538.42
2022-03-30 20:20:04,538.49
2022-03-30 20:20:09,538.55
2022-03-30 20:20:14,538.62
2022-03-30 20:20:19,538.62
2022-03-30 20:20:24,538.62
2022-03-30 20:20:29,538.68
2022-03-30 20:20:34,538.72
2022-03-30 20:20:39,538.78
2022-03-30 20:20:44,538.78
2022-03-30 20:20:49,538.85
2022-03-30 20:20:54,538.85
2022-03-30 20:20:59,538.91
2022-03-30 20:21:04,538.95
2022-03-30 20:21:09,522.0514445856683
2022-03-30 20:21:14,539.01
2022-03-30 20:21:19,539.07
2022-03-30 20:21:24,539.07
2022-03-30 20:21:29,539.08
2022-03-30 20:21:34,539.14
2022-03-30 20:21:39,539.21
2022-03-30 20:21:44,521.8911542602243
2022-03-30 20:21:49,539.31
2022-03-30 20:21:54,539.31
2022-03-30 20:21:59,539.31
2022-03-30 20:22:04,539.37
2022-03-30 20:22:09,539.44
2022-03-30 20:22:14,539.47
2022-03-30 20:22:19,539.47
2022-03-30 20:22:24,539.53
2022-03-30 20:22:29,539.53
2022-03-30 20:22:34,539.6
2022-03-30 20:22:39,539.6
2022-03-30 20:22:44,539.6
2022-03-30 20:22:49,539.66
2022-03-30 20:22:54,539.66
2022-03-30 20:22:59,539.66
2022-03-30 20:23:04,539.66
2022-03-30 20:23:09,539.66
2022-03-30 20:23:14,539.66
2022-03-30 20:23:19,539.66
2022-03-30 20:23:24,539.6
2022-03-30 20:23:29,539.6
2022-03-30 20:23:34,521.4042492019048
2022-03-30 20:23:39,539.6
2022-03-30 20:23:44,539.54
2022-03-30 20:23:49,539.54
2022-03-30 20:23:54,539.54
2022-03-30 20:23:59,521.298560536959
2022-03-30 20:24:04,539.47
2022-03-30 20:24:09,539.47
2022-03-30 20:24:14,539.47
2022-03-30 20:24:19,521.2156764948728
2022-03-30 20:24:24,539.47
2022-03-30 20:24:29,539.48
2022-03-30 20:24:34,539.44
2022-03-30 20:24:39,539.47
2022-03-30 20:24:44,539.44
2022-03-30 20:24:49,539.44
2022-03-30 20:24:54,539.44
2022-03-30 20:24:59,539.44
2022-03-30 20:25:04,539.44
2022-03-30 20:25:09,539.44
2022-03-30 20:25:14,539.44
2022-03-30 20:25:19,539.44
2022-03-30 20:25:24,539.44
2022-03-30 20:25:29,539.44
2022-03-30 20:25:34,539.44
2022-03-30 20:25:39,539.47
2022-03-30 20:25:44,539.54
2022-03-30 20:25:49,539.53
2022-03-30 20:25:54,539.53
2022-03-30 20:25:59,520.8277365171488
2022-03-30 20:26:04,539.53
2022-03-30 20:26:09,520.7917195694005
2022-03-30 20:26:14,539.6
2022-03-30 20:26:19,539.6
2022-03-30 20:26:24,539.6
2022-03-30 20:26:29,520.721379895821
2022-03-30 20:26:34,539.66
2022-03-30 20:26:39,539.66
2022-03-30 20:26:44,520.6701229841715
2022-03-30 20:26:49,539.73
2022-03-30 20:26:54,539.73
2022-03-30 20:26:59,539.73
2022-03-30 20:27:04,539.76
2022-03-30 20:27:09,539.76
2022-03-30 20:27:14,539.76
2022-03-30 20:27:19,539.82
2022-03-30 20:27:24,539.82
2022-03-30 20:27:29,520.5241327466675
2022-03-30 20:27:34,520.5086378321743
2022-03-30 20:27:39,520.493289144934
2022-03-30 20:27:44,539.83
2022-03-30 20:27:49,539.83
2022-03-30 20:27:54,539.83
2022-03-30 20:27:59,520.4333620284194
2022-03-30 20:28:04,520.4187484973817
2022-03-30 20:28:09,539.77
2022-03-30 20:28:14,539.77
2022-03-30 20:28:19,539.77
2022-03-30 20:28:24,539.74
2022-03-30 20:28:29,539.73
2022-03-30 20:28:34,539.74
2022-03-30 20:28:39,539.67
2022-03-30 20:28:44,539.67
2022-03-30 20:28:49,539.61
2022-03-30 20:28:54,539.67
2022-03-30 20:28:59,539.61
2022-03-30 20:29:04,539.55
2022-03-30 20:29:09,539.55
2022-03-30 20:29:14,539.55
2022-03-30 20:29:19,520.2174358368788
2022-03-30 20:29:24,539.48
2022-03-30 20:29:29,539.39
2022-03-30 20:29:34,539.39
2022-03-30 20:29:39,539.32
2022-03-30 20:29:44,539.33
2022-03-30 20:29:49,539.26
2022-03-30 20:29:54,539.23
2022-03-30 20:29:59,539.17
2022-03-30 20:30:04,539.17
2022-03-30 20:30:09,520.1021534598381
2022-03-30 20:30:14,539.04
2022-03-30 20:30:19,539.04
2022-03-30 20:30:24,538.97
2022-03-30 20:30:29,538.97
2022-03-30 20:30:34,538.97
2022-03-30 20:30:39,538.88
2022-03-30 20:30:44,538.88
2022-03-30 20:30:49,538.82
2022-03-30 20:30:54,538.81
2022-03-30 20:30:59,538.75
2022-03-30 20:31:04,538.75
2022-03-30 20:31:09,538.72
2022-03-30 20:31:14,538.65
2022-03-30 20:31:19,538.59
2022-03-30 20:31:24,538.53
2022-03-30 20:31:29,538.46
2022-03-30 20:31:34,538.43
2022-03-30 20:31:39,538.37
2022-03-30 20:31:44,538.3
2022-03-30 20:31:49,538.21
2022-03-30 20:31:54,538.21
2022-03-30 20:31:59,538.08
2022-03-30 20:32:04,538.08
2022-03-30 20:32:09,537.95
2022-03-30 20:32:14,537.85
2022-03-30 20:32:19,537.85
2022-03-30 20:32:24,519.8688398989622
2022-03-30 20:32:29,537.69
2022-03-30 20:32:34,537.63
2022-03-30 20:32:39,537.56
2022-03-30 20:32:44,519.8441773424296
2022-03-30 20:32:49,519.8384181407984
2022-03-30 20:32:54,537.27
2022-03-30 20:32:59,537.18
2022-03-30 20:33:04,537.11
2022-03-30 20:33:09,536.98
2022-03-30 20:33:14,536.89
2022-03-30 20:33:19,536.82
2022-03-30 20:33:24,536.76
2022-03-30 20:33:29,536.6
2022-03-30 20:33:34,536.53
2022-03-30 20:33:39,536.4
2022-03-30 20:33:44,536.37
2022-03-30 20:33:49,536.18
2022-03-30 20:33:54,536.15
2022-03-30 20:33:59,536.08
2022-03-30 20:34:04,519.7717535131171
2022-03-30 20:34:09,535.86
2022-03-30 20:34:14,535.73
2022-03-30 20:34:19,519.7629041791511
2022-03-30 20:34:24,535.5
2022-03-30 20:34:29,535.44
2022-03-30 20:34:34,535.34
2022-03-30 20:34:39,535.27
2022-03-30 20:34:44,535.14
2022-03-30 20:34:49,535.05
2022-03-30 20:34:54,534.98
2022-03-30 20:34:59,534.85
2022-03-30 20:35:04,534.82
2022-03-30 20:35:09,534.63
2022-03-30 20:35:14,534.6
2022-03-30 20:35:19,534.53
2022-03-30 20:35:24,534.34
2022-03-30 20:35:29,534.31
2022-03-30 20:35:34,534.18
2022-03-30 20:35:39,534.11
2022-03-30 20:35:44,534.02
2022-03-30 20:35:49,533.95
2022-03-30 20:35:54,533.89
2022-03-30 20:35:59,533.79
2022-03-30 20:36:04,533.66
2022-03-30 20:36:09,519.7446579253462
2022-03-30 20:36:14,533.57
2022-03-30 20:36:19,533.44
2022-03-30 20:36:24,533.37
2022-03-30 20:36:29,533.31
2022-03-30 20:36:34,533.28
2022-03-30 20:36:39,533.21
2022-03-30 20:36:44,519.7563601201907
2022-03-30 20:36:49,533.09
2022-03-30 20:36:54,532.99
2022-03-30 20:36:59,532.92
2022-03-30 20:37:04,532.86
2022-03-30 20:37:09,532.8
2022-03-30 20:37:14,532.77
2022-03-30 20:37:19,532.77
2022-03-30 20:37:24,532.7
2022-03-30 20:37:29,532.7
2022-03-30 20:37:34,532.64
2022-03-30 20:37:39,532.57
2022-03-30 20:37:44,532.58
2022-03-30 20:37:49,532.54
2022-03-30 20:37:54,532.48
2022-03-30 20:37:59,519.8105457918892
2022-03-30 20:38:04,532.42
2022-03-30 20:38:09,532.42
2022-03-30 20:38:14,532.35
2022-03-30 20:38:19,532.35
2022-03-30 20:38:24,532.29
2022-03-30 20:38:29,519.8434921937319
2022-03-30 20:38:34,532.19
2022-03-30 20:38:39,532.13
2022-03-30 20:38:44,532.13
2022-03-30 20:38:49,519.8690795825771
2022-03-30 20:38:54,532.04
2022-03-30 20:38:59,532.04
2022-03-30 20:39:04,531.97
2022-03-30 20:39:09,531.97
2022-03-30 20:39:14,519.9051699792376
2022-03-30 20:39:19,531.84
2022-03-30 20:39:24,531.84
2022-03-30 20:39:29,531.84
2022-03-30 20:39:34,531.78
2022-03-30 20:39:39,531.75
2022-03-30 20:39:44,531.78
2022-03-30 20:39:49,531.75
2022-03-30 20:39:54,531.75
2022-03-30 20:39:59,531.75
2022-03-30 20:40:04,531.69
2022-03-30 20:40:09,531.68
2022-03-30 20:40:14,531.69
2022-03-30 20:40:19,531.69
2022-03-30 20:40:24,531.69
2022-03-30 20:40:29,531.69
2022-03-30 20:40:34,531.69
2022-03-30 20:40:39,520.0623977078524
2022-03-30 20:40:44,531.69
2022-03-30 20:40:49,531.69
2022-03-30 20:40:54,531.69
2022-03-30 20:40:59,531.69
2022-03-30 20:41:04,531.75
2022-03-30 20:41:09,520.1303428403091
2022-03-30 20:41:14,531.78
2022-03-30 20:41:19,531.85
2022-03-30 20:41:24,531.85
2022-03-30 20:41:29,531.85
2022-03-30 20:41:34,520.1914127739683
2022-03-30 20:41:39,531.91
2022-03-30 20:41:44,531.91
2022-03-30 20:41:49,531.91
2022-03-30 20:41:54,531.98
2022-03-30 20:41:59,531.98
2022-03-30 20:42:04,531.98
2022-03-30 20:42:09,532.07
2022-03-30 20:42:14,532.04
2022-03-30 20:42:19,532.07
2022-03-30 20:42:24,520.32437184923
2022-03-30 20:42:29,532.2
2022-03-30 20:42:34,532.2
2022-03-30 20:42:39,532.2
2022-03-30 20:42:44,532.27
2022-03-30 20:42:49,532.3
2022-03-30 20:42:54,532.3
2022-03-30 20:42:59,532.36
2022-03-30 20:43:04,532.36
2022-03-30 20:43:09,532.43
2022-03-30 20:43:14,532.49
2022-03-30 20:43:19,532.49
2022-03-30 20:43:24,532.49
2022-03-30 20:43:29,520.5152915491411
2022-03-30 20:43:34,532.55
2022-03-30 20:43:39,532.55
2022-03-30 20:43:44,532.59
2022-03-30 20:43:49,532.65
2022-03-30 20:43:54,532.65
2022-03-30 20:43:59,532.71
2022-03-30 20:44:04,532.71
2022-03-30 20:44:09,532.71
2022-03-30 20:44:14,520.6567909110107
2022-03-30 20:44:19,532.78
2022-03-30 20:44:24,532.81
2022-03-30 20:44:29,532.87
2022-03-30 20:44:34,520.7215641428932
2022-03-30 20:44:39,532.94
2022-03-30 20:44:44,532.94
2022-03-30 20:44:49,533.0
2022-03-30 20:44:54,533.07
2022-03-30 20:44:59,533.07
2022-03-30 20:45:04,533.07
2022-03-30 20:45:09,533.1
2022-03-30 20:45:14,533.1
2022-03-30 20:45:19,533.16
2022-03-30 20:45:24,533.23
2022-03-30 20:45:29,533.23
2022-03-30 20:45:34,533.29
2022-03-30 20:45:39,533.29
2022-03-30 20:45:44,533.29
2022-03-30 20:45:49,533.33
2022-03-30 20:45:54,520.9883825055535
2022-03-30 20:45:59,533.39
2022-03-30 20:46:04,533.39
2022-03-30 20:46:09,533.46
2022-03-30 20:46:14,533.52
2022-03-30 20:46:19,533.58
2022-03-30 20:46:24,533.58
2022-03-30 20:46:29,533.59
2022-03-30 20:46:34,533.62
2022-03-30 20:46:39,533.62
2022-03-30 20:46:44,533.62
2022-03-30 20:46:49,533.62
2022-03-30 20:46:54,533.69
2022-03-30 20:46:59,533.69
2022-03-30 20:47:04,533.69
2022-03-30 20:47:09,521.2429596716499
2022-03-30 20:47:14,533.75
2022-03-30 20:47:19,533.75
2022-03-30 20:47:24,533.75
2022-03-30 20:47:29,533.82
2022-03-30 20:47:34,533.82
2022-03-30 20:47:39,533.85
2022-03-30 20:47:44,533.85
2022-03-30 20:47:49,533.85
2022-03-30 20:47:54,533.92
2022-03-30 20:47:59,533.98
2022-03-30 20:48:04,533.92
2022-03-30 20:48:09,533.99
2022-03-30 20:48:14,521.4603818773973
2022-03-30 20:48:19,534.05
2022-03-30 20:48:24,533.99
2022-03-30 20:48:29,534.05
2022-03-30 20:48:34,534.05
2022-03-30 20:48:39,534.12
2022-03-30 20:48:44,521.5581074998317
2022-03-30 20:48:49,534.15
2022-03-30 20:48:54,521.5901743518476
2022-03-30 20:48:59,521.6061011949122
2022-03-30 20:49:04,534.15
2022-03-30 20:49:09,534.15
2022-03-30 20:49:14,534.15
2022-03-30 20:49:19,534.21
2022-03-30 20:49:24,534.22
2022-03-30 20:49:29,521.7000123639713
2022-03-30 20:49:34,534.22
2022-03-30 20:49:39,534.28
2022-03-30 20:49:44,534.35
2022-03-30 20:49:49,521.7608648879716
2022-03-30 20:49:54,521.7758357038582
2022-03-30 20:49:59,534.38
2022-03-30 20:50:04,521.8054690321483
2022-03-30 20:50:09,534.38
2022-03-30 20:50:14,534.44
2022-03-30 20:50:19,534.51
2022-03-30 20:50:24,534.51
2022-03-30 20:50:29,534.51
2022-03-30 20:50:34,534.57
2022-03-30 20:50:39,534.64
2022-03-30 20:50:44,534.63
2022-03-30 20:50:49,534.63
2022-03-30 20:50:54,534.67
2022-03-30 20:50:59,534.63
2022-03-30 20:51:04,534.67
2022-03-30 20:51:09,521.9867639199467
2022-03-30 20:51:14,534.73
2022-03-30 20:51:19,534.73
2022-03-30 20:51:24,534.8
2022-03-30 20:51:29,534.8
2022-03-30 20:51:34,534.86
2022-03-30 20:51:39,534.86
2022-03-30 20:51:44,534.96
2022-03-30 20:51:49,535.02
2022-03-30 20:51:54,535.02
2022-03-30 20:51:59,535.08
2022-03-30 20:52:04,535.08
2022-03-30 20:52:09,522.1333150879608
2022-03-30 20:52:14,522.144485403084
2022-03-30 20:52:19,535.18
2022-03-30 20:52:24,535.31
2022-03-30 20:52:29,535.31
2022-03-30 20:52:34,535.37
2022-03-30 20:52:39,535.4
2022-03-30 20:52:44,535.4
2022-03-30 20:52:49,535.53
2022-03-30 20:52:54,535.53
2022-03-30 20:52:59,522.2369762443541
2022-03-30 20:53:04,535.69
2022-03-30 20:53:09,535.69
2022-03-30 20:53:14,535.82
2022-03-30 20:53:19,535.88
2022-03-30 20:53:24,535.91
2022-03-30 20:53:29,535.98
2022-03-30 20:53:34,536.11
2022-03-30 20:53:39,536.2
2022-03-30 20:53:44,522.3137071373694
2022-03-30 20:53:49,522.3211806745069
2022-03-30 20:53:54,536.43
2022-03-30 20:53:59,536.56
2022-03-30 20:54:04,522.3422736506042
2022-03-30 20:54:09,536.69
2022-03-30 20:54:14,536.72
2022-03-30 20:54:19,536.85
2022-03-30 20:54:24,536.95
2022-03-30 20:54:29,536.95
2022-03-30 20:54:34,537.01
2022-03-30 20:54:39,537.2
2022-03-30 20:54:44,537.24
2022-03-30 20:54:49,537.3
2022-03-30 20:54:54,537.37
2022-03-30 20:54:59,537.52
2022-03-30 20:55:04,537.59
2022-03-30 20:55:09,537.72
2022-03-30 20:55:14,537.72
2022-03-30 20:55:19,537.82
2022-03-30 20:55:24,537.95
2022-03-30 20:55:29,537.98
2022-03-30 20:55:34,538.05
2022-03-30 20:55:39,538.24
2022-03-30 20:55:44,538.27
2022-03-30 20:55:49,538.34
2022-03-30 20:55:54,538.46
2022-03-30 20:55:59,538.5
2022-03-30 20:56:04,538.56
2022-03-30 20:56:09,538.69
2022-03-30 20:56:14,522.4406586488872
2022-03-30 20:56:19,538.79
2022-03-30 20:56:24,538.85
2022-03-30 20:56:29,522.4430271715213
2022-03-30 20:56:34,538.98
2022-03-30 20:56:39,539.02
2022-03-30 20:56:44,539.08
2022-03-30 20:56:49,539.21
2022-03-30 20:56:54,539.28
2022-03-30 20:56:59,539.31
2022-03-30 20:57:04,539.31
2022-03-30 20:57:09,539.44
2022-03-30 20:57:14,522.4403476496386
2022-03-30 20:57:19,539.5
2022-03-30 20:57:24,539.6
2022-03-30 20:57:29,539.66
2022-03-30 20:57:34,539.73
2022-03-30 20:57:39,539.73
2022-03-30 20:57:44,539.73
2022-03-30 20:57:49,539.79
2022-03-30 20:57:54,539.82
2022-03-30 20:57:59,522.4241278212652
2022-03-30 20:58:04,522.4215533159352
2022-03-30 20:58:09,522.4188317050257
2022-03-30 20:58:14,539.89
2022-03-30 20:58:19,539.89
2022-03-30 20:58:24,539.89
2022-03-30 20:58:29,539.89
2022-03-30 20:58:34,539.96
2022-03-30 20:58:39,539.89
2022-03-30 20:58:44,522.3958299654987
2022-03-30 20:58:49,539.95
2022-03-30 20:58:54,539.89
2022-03-30 20:58:59,539.96
2022-03-30 20:59:04,539.95
2022-03-30 20:59:09,539.95
2022-03-30 20:59:14,539.89
2022-03-30 20:59:19,539.96
2022-03-30 20:59:24,539.89
2022-03-30 20:59:29,539.96
2022-03-30 20:59:34,539.96
2022-03-30 20:59:39,539.95
2022-03-30 20:59:44,539.95
2022-03-30 20:59:49,539.89
2022-03-30 20:59:54,539.89
2022-03-30 20:59:59,539.95
2022-03-30 21:00:04,539.89
2022-03-30 21:00:09,539.89
2022-03-30 21:00:14,539.89
2022-03-30 21:00:19,539.83
2022-03-30 21:00:24,539.82
2022-03-30 21:00:29,522.2910455657548
2022-03-30 21:00:34,539.79
2022-03-30 21:00:39,539.73
2022-03-30 21:00:44,539.73
2022-03-30 21:00:49,539.66
2022-03-30 21:00:54,539.6
2022-03-30 21:00:59,539.6
2022-03-30 21:01:04,539.53
2022-03-30 21:01:09,539.5
2022-03-30 21:01:14,539.53
2022-03-30 21:01:19,539.43
2022-03-30 21:01:24,539.31
2022-03-30 21:01:29,539.37
2022-03-30 21:01:34,539.3
2022-03-30 21:01:39,539.31
2022-03-30 21:01:44,539.27
2022-03-30 21:01:49,539.21
2022-03-30 21:01:54,539.14
2022-03-30 21:01:59,539.08
2022-03-30 21:02:04,539.08
2022-03-30 21:02:09,539.01
2022-03-30 21:02:14,539.01
2022-03-30 21:02:19,538.98
2022-03-30 21:02:24,538.91
2022-03-30 21:02:29,538.91
2022-03-30 21:02:34,538.78
2022-03-30 21:02:39,538.78
2022-03-30 21:02:44,522.1012922634944
2022-03-30 21:02:49,538.75
2022-03-30 21:02:54,538.75
2022-03-30 21:02:59,538.69
2022-03-30 21:03:04,538.62
2022-03-30 21:03:09,538.56
2022-03-30 21:03:14,538.56
2022-03-30 21:03:19,538.49
2022-03-30 21:03:24,538.5
2022-03-30 21:03:29,538.5
2022-03-30 21:03:34,538.46
2022-03-30 21:03:39,538.4
2022-03-30 21:03:44,538.4
2022-03-30 21:03:49,538.4
2022-03-30 21:03:54,538.4
2022-03-30 21:03:59,538.4
2022-03-30 21:04:04,538.34
2022-03-30 21:04:09,538.34
2022-03-30 21:04:14,538.27
2022-03-30 21:04:19,538.34
2022-03-30 21:04:24,538.27
2022-03-30 21:04:29,538.27
2022-03-30 21:04:34,538.27
2022-03-30 21:04:39,521.9181160279951
2022-03-30 21:04:44,538.24
2022-03-30 21:04:49,521.902120585877
2022-03-30 21:04:54,538.24
2022-03-30 21:04:59,538.24
2022-03-30 21:05:04,538.25
2022-03-30 21:05:09,538.25
2022-03-30 21:05:14,538.25
2022-03-30 21:05:19,521.8545673243765
2022-03-30 21:05:24,538.25
2022-03-30 21:05:29,538.25
2022-03-30 21:05:34,538.28
2022-03-30 21:05:39,538.28
2022-03-30 21:05:44,538.28
2022-03-30 21:05:49,538.35
2022-03-30 21:05:54,538.35
2022-03-30 21:05:59,538.35
2022-03-30 21:06:04,538.35
2022-03-30 21:06:09,538.41
2022-03-30 21:06:14,538.41
2022-03-30 21:06:19,538.41
2022-03-30 21:06:24,538.41
2022-03-30 21:06:29,538.41
2022-03-30 21:06:34,538.42
2022-03-30 21:06:39,538.48
2022-03-30 21:06:44,538.48
2022-03-30 21:06:49,538.48
2022-03-30 21:06:54,538.48
2022-03-30 21:06:59,538.48
2022-03-30 21:07:04,538.51
2022-03-30 21:07:09,538.51
2022-03-30 21:07:14,538.51
2022-03-30 21:07:19,538.51
2022-03-30 21:07:24,538.51
2022-03-30 21:07:29,538.58
2022-03-30 21:07:34,538.58
2022-03-30 21:07:39,538.64
2022-03-30 21:07:44,538.64
2022-03-30 21:07:49,538.64
2022-03-30 21:07:54,538.58
2022-03-30 21:07:59,538.58
2022-03-30 21:08:04,538.64
2022-03-30 21:08:09,538.58
2022-03-30 21:08:14,538.65
2022-03-30 21:08:19,538.64
2022-03-30 21:08:24,538.58
2022-03-30 21:08:29,538.51
2022-03-30 21:08:34,538.51
2022-03-30 21:08:39,538.51
2022-03-30 21:08:44,538.48
2022-03-30 21:08:49,538.48
2022-03-30 21:08:54,538.42
2022-03-30 21:08:59,538.35
2022-03-30 21:09:04,538.25
2022-03-30 21:09:09,538.25
2022-03-30 21:09:14,538.19
2022-03-30 21:09:19,538.13
2022-03-30 21:09:24,538.06
2022-03-30 21:09:29,538.0
2022-03-30 21:09:34,537.9
2022-03-30 21:09:39,537.9
2022-03-30 21:09:44,537.77
2022-03-30 21:09:49,537.74
2022-03-30 21:09:54,537.67
2022-03-30 21:09:59,537.54
2022-03-30 21:10:04,521.5128273306659
2022-03-30 21:10:09,537.45
2022-03-30 21:10:14,537.38
2022-03-30 21:10:19,537.25
2022-03-30 21:10:24,537.22
2022-03-30 21:10:29,537.09
2022-03-30 21:10:34,537.02
2022-03-30 21:10:39,536.93
2022-03-30 21:10:44,536.86
2022-03-30 21:10:49,536.8
2022-03-30 21:10:54,536.64
2022-03-30 21:10:59,536.51
2022-03-30 21:11:04,536.45
2022-03-30 21:11:09,536.35
2022-03-30 21:11:14,521.4834325432937
2022-03-30 21:11:19,536.19
2022-03-30 21:11:24,536.12
2022-03-30 21:11:29,536.06
2022-03-30 21:11:34,521.4805338295924
2022-03-30 21:11:39,535.83
2022-03-30 21:11:44,535.77
2022-03-30 21:11:49,535.67
2022-03-30 21:11:54,535.6
2022-03-30 21:11:59,535.54
2022-03-30 21:12:04,521.4811674222941
2022-03-30 21:12:09,535.38
2022-03-30 21:12:14,535.25
2022-03-30 21:12:19,521.4838231012664
2022-03-30 21:12:24,535.03
2022-03-30 21:12:29,534.9
2022-03-30 21:12:34,534.87
2022-03-30 21:12:39,521.4898902461852
2022-03-30 21:12:44,521.4918692160527
2022-03-30 21:12:49,534.45
2022-03-30 21:12:54,534.45
2022-03-30 21:12:59,534.35
2022-03-30 21:13:04,521.5016836424629
2022-03-30 21:13:09,534.16
2022-03-30 21:13:14,534.13
2022-03-30 21:13:19,534.0
2022-03-30 21:13:24,521.5146154437984
2022-03-30 21:13:29,533.84
2022-03-30 21:13:34,533.65
2022-03-30 21:13:39,533.62
2022-03-30 21:13:44,521.5307708864876
2022-03-30 21:13:49,533.36
2022-03-30 21:13:54,533.33
2022-03-30 21:13:59,533.13
2022-03-30 21:14:04,533.14
2022-03-30 21:14:09,521.5556603257648
2022-03-30 21:14:14,532.91
2022-03-30 21:14:19,532.85
2022-03-30 21:14:24,532.75
2022-03-30 21:14:29,532.62
2022-03-30 21:14:34,532.53
2022-03-30 21:14:39,532.47
2022-03-30 21:14:44,532.4
2022-03-30 21:14:49,532.31
2022-03-30 21:14:54,532.18
2022-03-30 21:14:59,532.08
2022-03-30 21:15:04,521.6297543993501
2022-03-30 21:15:09,531.95
2022-03-30 21:15:14,531.89
2022-03-30 21:15:19,531.79
2022-03-30 21:15:24,531.67
2022-03-30 21:15:29,531.57
2022-03-30 21:15:34,531.5
2022-03-30 21:15:39,531.37
2022-03-30 21:15:44,521.7013509310432
2022-03-30 21:15:49,531.21
2022-03-30 21:15:54,531.15
2022-03-30 21:15:59,531.05
2022-03-30 21:16:04,530.92
2022-03-30 21:16:09,530.86
2022-03-30 21:16:14,530.76
2022-03-30 21:16:19,530.7
2022-03-30 21:16:24,530.57
2022-03-30 21:16:29,530.48
2022-03-30 21:16:34,530.34
2022-03-30 21:16:39,521.8258824511404
2022-03-30 21:16:44,530.25
2022-03-30 21:16:49,530.18
2022-03-30 21:16:54,530.06
2022-03-30 21:16:59,529.96
2022-03-30 21:17:04,529.89
2022-03-30 21:17:09,529.83
2022-03-30 21:17:14,521.9217630298588
2022-03-30 21:17:19,529.6
2022-03-30 21:17:24,529.67
2022-03-30 21:17:29,529.61
2022-03-30 21:17:34,529.51
2022-03-30 21:17:39,529.44
2022-03-30 21:17:44,529.38
2022-03-30 21:17:49,529.31
2022-03-30 21:17:54,529.25
2022-03-30 21:17:59,529.22
2022-03-30 21:18:04,529.15
2022-03-30 21:18:09,529.09
2022-03-30 21:18:14,529.02
2022-03-30 21:18:19,529.02
2022-03-30 21:18:24,528.93
2022-03-30 21:18:29,528.93
2022-03-30 21:18:34,528.86
2022-03-30 21:18:39,528.86
2022-03-30 21:18:44,528.8
2022-03-30 21:18:49,522.2522813782133
2022-03-30 21:18:54,522.2726715002414
2022-03-30 21:18:59,528.7
2022-03-30 21:19:04,528.64
2022-03-30 21:19:09,528.64
2022-03-30 21:19:14,528.57
2022-03-30 21:19:19,528.51
2022-03-30 21:19:24,528.47
2022-03-30 21:19:29,528.47
2022-03-30 21:19:34,528.41
2022-03-30 21:19:39,528.41
2022-03-30 21:19:44,528.34
2022-03-30 21:19:49,528.34
2022-03-30 21:19:54,522.5420909001199
2022-03-30 21:19:59,528.21
2022-03-30 21:20:04,528.18
2022-03-30 21:20:09,528.18
2022-03-30 21:20:14,528.12
2022-03-30 21:20:19,528.05
2022-03-30 21:20:24,528.05
2022-03-30 21:20:29,527.96
2022-03-30 21:20:34,527.99
2022-03-30 21:20:39,527.96
2022-03-30 21:20:44,527.89
2022-03-30 21:20:49,527.89
2022-03-30 21:20:54,527.83
2022-03-30 21:20:59,527.76
2022-03-30 21:21:04,527.76
2022-03-30 21:21:09,527.7
2022-03-30 21:21:14,527.67
2022-03-30 21:21:19,527.6
2022-03-30 21:21:24,527.53
2022-03-30 21:21:29,527.47
2022-03-30 21:21:34,527.44
2022-03-30 21:21:39,527.38
2022-03-30 21:21:44,527.38
2022-03-30 21:21:49,527.31
2022-03-30 21:21:54,527.25
2022-03-30 21:21:59,527.25
2022-03-30 21:22:04,527.15
2022-03-30 21:22:09,527.15
2022-03-30 21:22:14,527.09
2022-03-30 21:22:19,527.09
2022-03-30 21:22:24,527.02
2022-03-30 21:22:29,526.96
2022-03-30 21:22:34,526.96
2022-03-30 21:22:39,526.87
2022-03-30 21:22:44,526.87
2022-03-30 21:22:49,526.8
2022-03-30 21:22:54,526.74
2022-03-30 21:22:59,526.64
2022-03-30 21:23:04,526.64
2022-03-30 21:23:09,526.58
2022-03-30 21:23:14,526.45
2022-03-30 21:23:19,526.45
2022-03-30 21:23:24,526.35
2022-03-30 21:23:29,526.29
2022-03-30 21:23:34,526.29
2022-03-30 21:23:39,526.23
2022-03-30 21:23:44,526.16
2022-03-30 21:23:49,526.13
2022-03-30 21:23:54,526.07
2022-03-30 21:23:59,526.07
2022-03-30 21:24:04,526.01
2022-03-30 21:24:09,526.01
2022-03-30 21:24:14,525.94
2022-03-30 21:24:19,525.91
2022-03-30 21:24:24,525.85
2022-03-30 21:24:29,525.78
2022-03-30 21:24:34,525.72
2022-03-30 21:24:39,524.5069019838068
2022-03-30 21:24:44,525.62
2022-03-30 21:24:49,525.62
2022-03-30 21:24:54,525.56
2022-03-30 21:24:59,525.56
2022-03-30 21:25:04,525.49
2022-03-30 21:25:09,525.43
2022-03-30 21:25:14,525.43
2022-03-30 21:25:19,525.4
2022-03-30 21:25:24,525.4
2022-03-30 21:25:29,525.33
2022-03-30 21:25:34,525.33
2022-03-30 21:25:39,525.27
2022-03-30 21:25:44,525.27
2022-03-30 21:25:49,525.2
2022-03-30 21:25:54,525.2
2022-03-30 21:25:59,525.2
2022-03-30 21:26:04,525.2
2022-03-30 21:26:09,525.2
2022-03-30 21:26:14,525.2
2022-03-30 21:26:19,525.2
2022-03-30 21:26:24,525.14
2022-03-30 21:26:29,525.14
2022-03-30 21:26:34,525.591630701275
2022-03-30 21:26:39,525.11
2022-03-30 21:26:44,525.11
2022-03-30 21:26:49,525.14
2022-03-30 21:26:54,525.14
2022-03-30 21:26:59,525.11
2022-03-30 21:27:04,525.11
2022-03-30 21:27:09,525.14
2022-03-30 21:27:14,525.14
2022-03-30 21:27:19,525.14
2022-03-30 21:27:24,525.14
2022-03-30 21:27:29,525.14
2022-03-30 21:27:34,525.14
2022-03-30 21:27:39,525.14
2022-03-30 21:27:44,525.13
2022-03-30 21:27:49,525.2
2022-03-30 21:27:54,525.2
2022-03-30 21:27:59,525.2
2022-03-30 21:28:04,525.27
2022-03-30 21:28:09,525.33
2022-03-30 21:28:14,525.26
2022-03-30 21:28:19,525.33
2022-03-30 21:28:24,525.42
2022-03-30 21:28:29,525.43
2022-03-30 21:28:34,525.49
2022-03-30 21:28:39,526.8881205953137
2022-03-30 21:28:44,525.55
2022-03-30 21:28:49,525.65
2022-03-30 21:28:54,525.71
2022-03-30 21:28:59,525.84
2022-03-30 21:29:04,525.94
2022-03-30 21:29:09,525.94
2022-03-30 21:29:14,526.07
2022-03-30 21:29:19,526.13
2022-03-30 21:29:24,526.29
2022-03-30 21:29:29,526.35
2022-03-30 21:29:34,526.51
2022-03-30 21:29:39,526.51
2022-03-30 21:29:44,526.64
2022-03-30 21:29:49,526.74
2022-03-30 21:29:54,526.94
2022-03-30 21:29:59,526.97
2022-03-30 21:30:04,527.1
2022-03-30 21:30:09,527.26
2022-03-30 21:30:14,527.32
2022-03-30 21:30:19,527.45
2022-03-30 21:30:24,527.61
2022-03-30 21:30:29,528.0838980732944
2022-03-30 21:30:34,527.9
2022-03-30 21:30:39,528.0
2022-03-30 21:30:44,528.13
2022-03-30 21:30:49,528.303435933565
2022-03-30 21:30:54,528.42
2022-03-30 21:30:59,528.51
2022-03-30 21:31:04,528.74
2022-03-30 21:31:09,528.87
2022-03-30 21:31:14,529.0
2022-03-30 21:31:19,528.6327391267541
2022-03-30 21:31:24,529.26
2022-03-30 21:31:29,529.45
2022-03-30 21:31:34,529.55
2022-03-30 21:31:39,529.68
2022-03-30 21:31:44,529.84
2022-03-30 21:31:49,529.91
2022-03-30 21:31:54,530.07
2022-03-30 21:31:59,530.26
2022-03-30 21:32:04,530.36
2022-03-30 21:32:09,530.49
2022-03-30 21:32:14,530.65
2022-03-30 21:32:19,530.81
2022-03-30 21:32:24,531.0
2022-03-30 21:32:29,531.07
2022-03-30 21:32:34,531.17
2022-03-30 21:32:39,531.3
2022-03-30 21:32:44,531.46
2022-03-30 21:32:49,531.59
2022-03-30 21:32:54,531.75
2022-03-30 21:32:59,531.84
2022-03-30 21:33:04,531.97
2022-03-30 21:33:09,532.13
2022-03-30 21:33:14,532.26
2022-03-30 21:33:19,532.43
2022-03-30 21:33:24,532.49
2022-03-30 21:33:29,532.62
2022-03-30 21:33:34,532.72
2022-03-30 21:33:39,532.85
2022-03-30 21:33:44,533.01
2022-03-30 21:33:49,533.07
2022-03-30 21:33:54,533.23
2022-03-30 21:33:59,533.36
2022-03-30 21:34:04,533.46
2022-03-30 21:34:09,533.52
2022-03-30 21:34:14,533.69
2022-03-30 21:34:19,533.75
2022-03-30 21:34:24,533.81
2022-03-30 21:34:29,533.97
2022-03-30 21:34:34,534.04
2022-03-30 21:34:39,534.17
2022-03-30 21:34:44,534.26
2022-03-30 21:34:49,534.4
2022-03-30 21:34:54,534.49
2022-03-30 21:34:59,534.56
2022-03-30 21:35:04,534.72
2022-03-30 21:35:09,534.72
2022-03-30 21:35:14,534.84
2022-03-30 21:35:19,534.94
2022-03-30 21:35:24,535.01
2022-03-30 21:35:29,535.07
2022-03-30 21:35:34,535.13
2022-03-30 21:35:39,535.2
2022-03-30 21:35:44,535.3
2022-03-30 21:35:49,535.3
2022-03-30 21:35:54,535.42
2022-03-30 21:35:59,535.46
2022-03-30 21:36:04,535.52
2022-03-30 21:36:09,535.58
2022-03-30 21:36:14,535.71
2022-03-30 21:36:19,535.74
2022-03-30 21:36:24,535.87
2022-03-30 21:36:29,535.87
2022-03-30 21:36:34,535.97
2022-03-30 21:36:39,536.04
2022-03-30 21:36:44,536.1
2022-03-30 21:36:49,536.23
2022-03-30 21:36:54,536.26
2022-03-30 21:36:59,536.32
2022-03-30 21:37:04,536.39
2022-03-30 21:37:09,536.45
2022-03-30 21:37:14,536.55
2022-03-30 21:37:19,536.61
2022-03-30 21:37:24,536.67
2022-03-30 21:37:29,536.77
2022-03-30 21:37:34,532.4191855802285
2022-03-30 21:37:39,532.4618265176399
2022-03-30 21:37:44,532.5042077100196
2022-03-30 21:37:49,537.0
2022-03-30 21:37:54,537.13
2022-03-30 21:37:59,532.6297975645509
2022-03-30 21:38:04,537.25
2022-03-30 21:38:09,537.35
2022-03-30 21:38:14,537.41
2022-03-30 21:38:19,532.7936430754718
2022-03-30 21:38:24,537.57
2022-03-30 21:38:29,537.57
2022-03-30 21:38:34,537.64
2022-03-30 21:38:39,537.7
2022-03-30 21:38:44,537.77
2022-03-30 21:38:49,537.8
2022-03-30 21:38:54,537.87
2022-03-30 21:38:59,537.87
2022-03-30 21:39:04,537.93
2022-03-30 21:39:09,537.99
2022-03-30 21:39:14,538.03
2022-03-30 21:39:19,538.09
2022-03-30 21:39:24,538.09
2022-03-30 21:39:29,538.16
2022-03-30 21:39:34,538.16
2022-03-30 21:39:39,538.22
2022-03-30 21:39:44,538.29
2022-03-30 21:39:49,538.32
2022-03-30 21:39:54,538.32
2022-03-30 21:39:59,538.38
2022-03-30 21:40:04,538.39
2022-03-30 21:40:09,538.45
2022-03-30 21:40:14,533.657216841507
2022-03-30 21:40:19,538.45
2022-03-30 21:40:24,538.52
2022-03-30 21:40:29,538.52
2022-03-30 21:40:34,538.55
2022-03-30 21:40:39,538.55
2022-03-30 21:40:44,538.62
2022-03-30 21:40:49,538.68
2022-03-30 21:40:54,538.68
2022-03-30 21:40:59,538.74
2022-03-30 21:41:04,538.68
2022-03-30 21:41:09,538.68
2022-03-30 21:41:14,538.68
2022-03-30 21:41:19,534.0876169987098
2022-03-30 21:41:24,538.75
2022-03-30 21:41:29,538.69
2022-03-30 21:41:34,538.68
2022-03-30 21:41:39,538.69
2022-03-30 21:41:44,538.62
2022-03-30 21:41:49,538.62
2022-03-30 21:41:54,538.62
2022-03-30 21:41:59,538.56
2022-03-30 21:42:04,534.3618769580105
2022-03-30 21:42:09,538.53
2022-03-30 21:42:14,538.46
2022-03-30 21:42:19,538.4
2022-03-30 21:42:24,538.34
2022-03-30 21:42:29,538.3
2022-03-30 21:42:34,538.3
2022-03-30 21:42:39,534.5620358953868
2022-03-30 21:42:44,538.17
2022-03-30 21:42:49,538.11
2022-03-30 21:42:54,538.05
2022-03-30 21:42:59,538.01
2022-03-30 21:43:04,537.95
2022-03-30 21:43:09,537.89
2022-03-30 21:43:14,537.79
2022-03-30 21:43:19,537.72
2022-03-30 21:43:24,537.66
2022-03-30 21:43:29,537.6
2022-03-30 21:43:34,537.53
2022-03-30 21:43:39,537.5
2022-03-30 21:43:44,537.44
2022-03-30 21:43:49,537.37
2022-03-30 21:43:54,537.31
2022-03-30 21:43:59,537.31
2022-03-30 21:44:04,537.28
2022-03-30 21:44:09,537.21
2022-03-30 21:44:14,537.15
2022-03-30 21:44:19,537.08
2022-03-30 21:44:24,537.08
2022-03-30 21:44:29,536.99
2022-03-30 21:44:34,536.99
2022-03-30 21:44:39,536.92
2022-03-30 21:44:44,536.86
2022-03-30 21:44:49,536.79
2022-03-30 21:44:54,536.76
2022-03-30 21:44:59,535.25098288477
2022-03-30 21:45:04,536.69
2022-03-30 21:45:09,536.69
2022-03-30 21:45:14,536.63
2022-03-30 21:45:19,536.63
2022-03-30 21:45:24,536.57
2022-03-30 21:45:29,536.5
2022-03-30 21:45:34,536.5
2022-03-30 21:45:39,536.47
2022-03-30 21:45:44,536.4
2022-03-30 21:45:49,535.4550805547123
2022-03-30 21:45:54,536.34
2022-03-30 21:45:59,536.27
2022-03-30 21:46:04,536.34
2022-03-30 21:46:09,536.24
2022-03-30 21:46:14,536.28
2022-03-30 21:46:19,536.24
2022-03-30 21:46:24,536.18
2022-03-30 21:46:29,535.6029841524966
2022-03-30 21:46:34,536.11
2022-03-30 21:46:39,536.11
2022-03-30 21:46:44,536.04
2022-03-30 21:46:49,536.05
2022-03-30 21:46:54,535.98
2022-03-30 21:46:59,535.98
2022-03-30 21:47:04,535.7213969064362
2022-03-30 21:47:09,535.98
2022-03-30 21:47:14,535.7533671240848
2022-03-30 21:47:19,535.95
2022-03-30 21:47:24,535.95
2022-03-30 21:47:29,535.88
2022-03-30 21:47:34,535.88
2022-03-30 21:47:39,535.88
2022-03-30 21:47:44,535.88
2022-03-30 21:47:49,535.82
2022-03-30 21:47:54,535.82
2022-03-30 21:47:59,535.82
2022-03-30 21:48:04,535.82
2022-03-30 21:48:09,535.9146370846864
2022-03-30 21:48:14,535.76
2022-03-30 21:48:19,535.75
2022-03-30 21:48:24,535.76
2022-03-30 21:48:29,535.76
2022-03-30 21:48:34,535.76
2022-03-30 21:48:39,535.76
2022-03-30 21:48:44,535.73
2022-03-30 21:48:49,535.73
2022-03-30 21:48:54,535.66
2022-03-30 21:48:59,536.0402373433438
2022-03-30 21:49:04,535.73
2022-03-30 21:49:09,535.66
2022-03-30 21:49:14,535.6
2022-03-30 21:49:19,535.6
2022-03-30 21:49:24,535.67
2022-03-30 21:49:29,535.6
2022-03-30 21:49:34,535.6
2022-03-30 21:49:39,535.6
2022-03-30 21:49:44,535.54
2022-03-30 21:49:49,535.54
2022-03-30 21:49:54,535.54
2022-03-30 21:49:59,535.47
2022-03-30 21:50:04,535.54
2022-03-30 21:50:09,536.1833941568566
2022-03-30 21:50:14,535.48
2022-03-30 21:50:19,535.44
2022-03-30 21:50:24,535.45
2022-03-30 21:50:29,535.45
2022-03-30 21:50:34,535.38
2022-03-30 21:50:39,535.45
2022-03-30 21:50:44,535.32
2022-03-30 21:50:49,535.32
2022-03-30 21:50:54,535.32
2022-03-30 21:50:59,535.26
2022-03-30 21:51:04,535.26
2022-03-30 21:51:09,535.22
2022-03-30 21:51:14,535.23
2022-03-30 21:51:19,535.26
2022-03-30 21:51:24,535.23
2022-03-30 21:51:29,536.3017468473118
2022-03-30 21:51:34,536.3075605172429
2022-03-30 21:51:39,536.3131870956086
2022-03-30 21:51:44,535.23
2022-03-30 21:51:49,535.16
2022-03-30 21:51:54,535.16
2022-03-30 21:51:59,535.16
2022-03-30 21:52:04,535.16
2022-03-30 21:52:09,535.16
2022-03-30 21:52:14,535.1
2022-03-30 21:52:19,535.16
2022-03-30 21:52:24,535.1
2022-03-30 21:52:29,535.1
2022-03-30 21:52:34,535.04
2022-03-30 21:52:39,535.04
2022-03-30 21:52:44,535.04
2022-03-30 21:52:49,534.97
2022-03-30 21:52:54,535.04
2022-03-30 21:52:59,534.97
2022-03-30 21:53:04,535.04
2022-03-30 21:53:09,534.97
2022-03-30 21:53:14,535.04
2022-03-30 21:53:19,535.03
2022-03-30 21:53:24,535.03
2022-03-30 21:53:29,536.3892771130778
2022-03-30 21:53:34,534.97
2022-03-30 21:53:39,534.97
2022-03-30 21:53:44,534.97
2022-03-30 21:53:49,534.97
2022-03-30 21:53:54,535.04
2022-03-30 21:53:59,534.97
2022-03-30 21:54:04,534.97
2022-03-30 21:54:09,534.97
2022-03-30 21:54:14,534.97
2022-03-30 21:54:19,534.97
2022-03-30 21:54:24,534.97
2022-03-30 21:54:29,534.97
2022-03-30 21:54:34,534.97
2022-03-30 21:54:39,535.04
2022-03-30 21:54:44,534.97
2022-03-30 21:54:49,534.97
2022-03-30 21:54:54,535.03
2022-03-30 21:54:59,534.97
2022-03-30 21:55:04,534.97
2022-03-30 21:55:09,534.97
2022-03-30 21:55:14,535.03
2022-03-30 21:55:19,536.3728318399461
2022-03-30 21:55:24,535.1
2022-03-30 21:55:29,535.03
2022-03-30 21:55:34,535.03
2022-03-30 21:55:39,535.03
2022-03-30 21:55:44,534.96
2022-03-30 21:55:49,535.09
2022-03-30 21:55:54,535.03
2022-03-30 21:55:59,535.09
2022-03-30 21:56:04,535.09
2022-03-30 21:56:09,535.09
2022-03-30 21:56:14,535.09
2022-03-30 21:56:19,535.09
2022-03-30 21:56:24,535.09
2022-03-30 21:56:29,535.16
2022-03-30 21:56:34,535.16
2022-03-30 21:56:39,535.16
2022-03-30 21:56:44,535.16
2022-03-30 21:56:49,535.16
2022-03-30 21:56:54,535.22
2022-03-30 21:56:59,535.16
2022-03-30 21:57:04,535.22
2022-03-30 21:57:09,536.2619545194611
2022-03-30 21:57:14,535.25
2022-03-30 21:57:19,535.32
2022-03-30 21:57:24,535.38
2022-03-30 21:57:29,535.32
2022-03-30 21:57:34,535.32
2022-03-30 21:57:39,535.32
2022-03-30 21:57:44,535.39
2022-03-30 21:57:49,535.39
2022-03-30 21:57:54,535.39
2022-03-30 21:57:59,536.1798255095742
2022-03-30 21:58:04,535.45
2022-03-30 21:58:09,535.45
2022-03-30 21:58:14,535.45
2022-03-30 21:58:19,535.45
2022-03-30 21:58:24,535.48
2022-03-30 21:58:29,535.45
2022-03-30 21:58:34,535.45
2022-03-30 21:58:39,535.45
2022-03-30 21:58:44,535.49
2022-03-30 21:58:49,536.0776157215332
2022-03-30 21:58:54,535.45
2022-03-30 21:58:59,535.46
2022-03-30 21:59:04,535.46
2022-03-30 21:59:09,535.46
2022-03-30 21:59:14,536.0189248692432
2022-03-30 21:59:19,535.46
2022-03-30 21:59:24,535.39
2022-03-30 21:59:29,535.39
2022-03-30 21:59:34,535.39
2022-03-30 21:59:39,535.33
2022-03-30 21:59:44,535.27
2022-03-30 21:59:49,535.33
2022-03-30 21:59:54,535.33
2022-03-30 21:59:59,535.9004471463587
2022-03-30 22:00:04,535.33
2022-03-30 22:00:09,535.24
2022-03-30 22:00:14,535.27
2022-03-30 22:00:19,535.27
2022-03-30 22:00:24,535.24
2022-03-30 22:00:29,535.24
2022-03-30 22:00:34,535.17
2022-03-30 22:00:39,535.17
2022-03-30 22:00:44,535.17
2022-03-30 22:00:49,535.11
2022-03-30 22:00:54,535.11
2022-03-30 22:00:59,535.11
2022-03-30 22:01:04,535.04
2022-03-30 22:01:09,535.05
2022-03-30 22:01:14,535.04
2022-03-30 22:01:19,534.95
2022-03-30 22:01:24,534.98
2022-03-30 22:01:29,534.98
2022-03-30 22:01:34,534.95
2022-03-30 22:01:39,534.95
2022-03-30 22:01:44,534.95
2022-03-30 22:01:49,534.95
2022-03-30 22:01:54,534.89
2022-03-30 22:01:59,534.95
2022-03-30 22:02:04,534.95
2022-03-30 22:02:09,534.89
2022-03-30 22:02:14,534.89
2022-03-30 22:02:19,534.89
2022-03-30 22:02:24,534.88
2022-03-30 22:02:29,534.88
2022-03-30 22:02:34,534.88
2022-03-30 22:02:39,534.82
2022-03-30 22:02:44,534.82
2022-03-30 22:02:49,534.89
2022-03-30 22:02:54,535.2805978238464
2022-03-30 22:02:59,534.82
2022-03-30 22:03:04,534.88
2022-03-30 22:03:09,534.82
2022-03-30 22:03:14,534.82
2022-03-30 22:03:19,534.89
2022-03-30 22:03:24,535.1485576737695
2022-03-30 22:03:29,534.88
2022-03-30 22:03:34,534.88
2022-03-30 22:03:39,534.88
2022-03-30 22:03:44,534.88
2022-03-30 22:03:49,534.88
2022-03-30 22:03:54,534.88
2022-03-30 22:03:59,534.88
2022-03-30 22:04:04,534.88
2022-03-30 22:04:09,534.95
2022-03-30 22:04:14,534.88
2022-03-30 22:04:19,534.88
2022-03-30 22:04:24,534.95
2022-03-30 22:04:29,534.95
2022-03-30 22:04:34,534.95
2022-03-30 22:04:39,534.95
2022-03-30 22:04:44,534.95
2022-03-30 22:04:49,534.94
2022-03-30 22:04:54,534.98
2022-03-30 22:04:59,534.98
2022-03-30 22:05:04,534.6529984610978
2022-03-30 22:05:09,534.98
2022-03-30 22:05:14,534.5987528347298
2022-03-30 22:05:19,535.04
2022-03-30 22:05:24,535.04
2022-03-30 22:05:29,535.1
2022-03-30 22:05:34,535.04
2022-03-30 22:05:39,535.11
2022-03-30 22:05:44,534.4311684641733
2022-03-30 22:05:49,535.17
2022-03-30 22:05:54,535.17
2022-03-30 22:05:59,535.24
2022-03-30 22:06:04,535.17
2022-03-30 22:06:09,535.24
2022-03-30 22:06:14,535.24
2022-03-30 22:06:19,535.24
2022-03-30 22:06:24,535.27
2022-03-30 22:06:29,535.27
2022-03-30 22:06:34,535.33
2022-03-30 22:06:39,535.33
2022-03-30 22:06:44,535.27
2022-03-30 22:06:49,535.33
2022-03-30 22:06:54,535.33
2022-03-30 22:06:59,533.9829152792366
2022-03-30 22:07:04,535.34
2022-03-30 22:07:09,535.4
2022-03-30 22:07:14,535.34
2022-03-30 22:07:19,535.4
2022-03-30 22:07:24,535.4
2022-03-30 22:07:29,535.4
2022-03-30 22:07:34,535.4
2022-03-30 22:07:39,535.41
2022-03-30 22:07:44,535.41
2022-03-30 22:07:49,535.47
2022-03-30 22:07:54,535.47
2022-03-30 22:07:59,535.47
2022-03-30 22:08:04,535.5
2022-03-30 22:08:09,535.5
2022-03-30 22:08:14,535.5
2022-03-30 22:08:19,535.5
2022-03-30 22:08:24,535.57
2022-03-30 22:08:29,535.5
2022-03-30 22:08:34,535.57
2022-03-30 22:08:39,535.57
2022-03-30 22:08:44,535.57
2022-03-30 22:08:49,535.57
2022-03-30 22:08:54,535.57
2022-03-30 22:08:59,535.64
2022-03-30 22:09:04,533.158831557294
2022-03-30 22:09:09,535.64
2022-03-30 22:09:14,535.64
2022-03-30 22:09:19,535.64
2022-03-30 22:09:24,535.64
2022-03-30 22:09:29,535.64
2022-03-30 22:09:34,535.7
2022-03-30 22:09:39,535.71
2022-03-30 22:09:44,535.71
2022-03-30 22:09:49,535.71
2022-03-30 22:09:54,535.7
2022-03-30 22:09:59,535.71
2022-03-30 22:10:04,535.71
2022-03-30 22:10:09,535.71
2022-03-30 22:10:14,535.77
2022-03-30 22:10:19,535.77
2022-03-30 22:10:24,535.77
2022-03-30 22:10:29,535.77
2022-03-30 22:10:34,535.77
2022-03-30 22:10:39,532.4853121585262
2022-03-30 22:10:44,535.77
2022-03-30 22:10:49,535.8
2022-03-30 22:10:54,535.8
2022-03-30 22:10:59,535.77
2022-03-30 22:11:04,535.8
2022-03-30 22:11:09,535.8
2022-03-30 22:11:14,532.2301221596889
2022-03-30 22:11:19,535.87
2022-03-30 22:11:24,532.1566886156987
2022-03-30 22:11:29,535.87
2022-03-30 22:11:34,535.93
2022-03-30 22:11:39,535.93
2022-03-30 22:11:44,535.93
2022-03-30 22:11:49,531.9722599251321
2022-03-30 22:11:54,531.9352460506221
2022-03-30 22:11:59,535.93
2022-03-30 22:12:04,535.93
2022-03-30 22:12:09,531.8239857106321
2022-03-30 22:12:14,535.93
2022-03-30 22:12:19,535.87
2022-03-30 22:12:24,535.93
2022-03-30 22:12:29,535.87
2022-03-30 22:12:34,535.87
2022-03-30 22:12:39,535.87
2022-03-30 22:12:44,535.87
2022-03-30 22:12:49,535.8
2022-03-30 22:12:54,531.4887244748772
2022-03-30 22:12:59,535.8
2022-03-30 22:13:04,535.8
2022-03-30 22:13:09,535.77
2022-03-30 22:13:14,535.8
2022-03-30 22:13:19,535.77
2022-03-30 22:13:24,535.77
2022-03-30 22:13:29,535.77
2022-03-30 22:13:34,535.77
2022-03-30 22:13:39,535.7
2022-03-30 22:13:44,535.7
2022-03-30 22:13:49,535.64
2022-03-30 22:13:54,535.57
2022-03-30 22:13:59,535.57
2022-03-30 22:14:04,535.5
2022-03-30 22:14:09,535.5
2022-03-30 22:14:14,535.5
2022-03-30 22:14:19,535.47
2022-03-30 22:14:24,535.47
2022-03-30 22:14:29,535.41
2022-03-30 22:14:34,535.34
2022-03-30 22:14:39,535.34
2022-03-30 22:14:44,535.28
2022-03-30 22:14:49,535.25
2022-03-30 22:14:54,535.25
2022-03-30 22:14:59,535.18
2022-03-30 22:15:04,530.5197448094236
2022-03-30 22:15:09,535.12
2022-03-30 22:15:14,535.05
2022-03-30 22:15:19,535.05
2022-03-30 22:15:24,534.99
2022-03-30 22:15:29,534.96
2022-03-30 22:15:34,530.298777201216
2022-03-30 22:15:39,534.9
2022-03-30 22:15:44,534.9
2022-03-30 22:15:49,534.77
2022-03-30 22:15:54,534.73
2022-03-30 22:15:59,534.73
2022-03-30 22:16:04,530.079752176584
2022-03-30 22:16:09,534.61
2022-03-30 22:16:14,534.55
2022-03-30 22:16:19,534.48
2022-03-30 22:16:24,534.48
2022-03-30 22:16:29,534.45
2022-03-30 22:16:34,534.39
2022-03-30 22:16:39,534.26
2022-03-30 22:16:44,534.26
2022-03-30 22:16:49,534.23
2022-03-30 22:16:54,534.1
2022-03-30 22:16:59,534.1
2022-03-30 22:17:04,533.97
2022-03-30 22:17:09,529.6140094156304
2022-03-30 22:17:14,529.5787798526061
2022-03-30 22:17:19,533.82
2022-03-30 22:17:24,533.75
2022-03-30 22:17:29,533.72
2022-03-30 22:17:34,533.65
2022-03-30 22:17:39,533.59
2022-03-30 22:17:44,533.46
2022-03-30 22:17:49,533.46
2022-03-30 22:17:54,533.43
2022-03-30 22:17:59,533.36
2022-03-30 22:18:04,533.3
2022-03-30 22:18:09,533.24
2022-03-30 22:18:14,533.14
2022-03-30 22:18:19,533.08
2022-03-30 22:18:24,533.01
2022-03-30 22:18:29,532.95
2022-03-30 22:18:34,532.92
2022-03-30 22:18:39,532.86
2022-03-30 22:18:44,532.73
2022-03-30 22:18:49,532.69
2022-03-30 22:18:54,532.69
2022-03-30 22:18:59,532.57
2022-03-30 22:19:04,532.5
2022-03-30 22:19:09,532.44
2022-03-30 22:19:14,532.41
2022-03-30 22:19:19,532.41
2022-03-30 22:19:24,532.28
2022-03-30 22:19:29,532.21
2022-03-30 22:19:34,532.21
2022-03-30 22:19:39,532.18
2022-03-30 22:19:44,532.05
2022-03-30 22:19:49,531.99
2022-03-30 22:19:54,531.92
2022-03-30 22:19:59,531.89
2022-03-30 22:20:04,531.83
2022-03-30 22:20:09,531.76
2022-03-30 22:20:14,531.67
2022-03-30 22:20:19,531.6
2022-03-30 22:20:24,531.54
2022-03-30 22:20:29,531.47
2022-03-30 22:20:34,531.41
2022-03-30 22:20:39,531.37
2022-03-30 22:20:44,531.31
2022-03-30 22:20:49,528.1800118145594
2022-03-30 22:20:54,531.18
2022-03-30 22:20:59,531.15
2022-03-30 22:21:04,531.15
2022-03-30 22:21:09,531.02
2022-03-30 22:21:14,531.02
2022-03-30 22:21:19,530.96
2022-03-30 22:21:24,530.89
2022-03-30 22:21:29,530.89
2022-03-30 22:21:34,530.86
2022-03-30 22:21:39,530.86
2022-03-30 22:21:44,530.79
2022-03-30 22:21:49,530.79
2022-03-30 22:21:54,527.8118388250294
2022-03-30 22:21:59,527.7847212691663
2022-03-30 22:22:04,530.67
2022-03-30 22:22:09,527.7310191892258
2022-03-30 22:22:14,530.63
2022-03-30 22:22:19,530.57
2022-03-30 22:22:24,527.6518148397388
2022-03-30 22:22:29,530.5
2022-03-30 22:22:34,530.51
2022-03-30 22:22:39,530.44
2022-03-30 22:22:44,530.37
2022-03-30 22:22:49,530.37
2022-03-30 22:22:54,530.34
2022-03-30 22:22:59,530.34
2022-03-30 22:23:04,530.27
2022-03-30 22:23:09,530.27
2022-03-30 22:23:14,530.21
2022-03-30 22:23:19,530.21
2022-03-30 22:23:24,530.21
2022-03-30 22:23:29,530.15
2022-03-30 22:23:34,530.21
2022-03-30 22:23:39,530.14
2022-03-30 22:23:44,530.15
2022-03-30 22:23:49,530.15
2022-03-30 22:23:54,530.11
2022-03-30 22:23:59,530.11
2022-03-30 22:24:04,530.05
2022-03-30 22:24:09,530.05
2022-03-30 22:24:14,527.1231093674853
2022-03-30 22:24:19,530.05
2022-03-30 22:24:24,529.99
2022-03-30 22:24:29,529.99
2022-03-30 22:24:34,529.93
2022-03-30 22:24:39,529.86
2022-03-30 22:24:44,529.83
2022-03-30 22:24:49,529.83
2022-03-30 22:24:54,529.77
2022-03-30 22:24:59,526.9349696056689
2022-03-30 22:25:04,529.7
2022-03-30 22:25:09,529.7
2022-03-30 22:25:14,529.64
2022-03-30 22:25:19,529.64
2022-03-30 22:25:24,526.8379632957508
2022-03-30 22:25:29,526.81922243444
2022-03-30 22:25:34,529.61
2022-03-30 22:25:39,529.55
2022-03-30 22:25:44,529.61
2022-03-30 22:25:49,529.48
2022-03-30 22:25:54,529.48
2022-03-30 22:25:59,529.48
2022-03-30 22:26:04,529.42
2022-03-30 22:26:09,529.42
2022-03-30 22:26:14,526.660703557139
2022-03-30 22:26:19,529.33
2022-03-30 22:26:24,529.36
2022-03-30 22:26:29,529.33
2022-03-30 22:26:34,529.26
2022-03-30 22:26:39,529.26
2022-03-30 22:26:44,529.26
2022-03-30 22:26:49,529.26
2022-03-30 22:26:54,529.2
2022-03-30 22:26:59,529.2
2022-03-30 22:27:04,529.2
2022-03-30 22:27:09,529.2
2022-03-30 22:27:14,529.2
2022-03-30 22:27:19,529.14
2022-03-30 22:27:24,529.14
2022-03-30 22:27:29,529.14
2022-03-30 22:27:34,526.4258692839951
2022-03-30 22:27:39,529.04
2022-03-30 22:27:44,528.98
2022-03-30 22:27:49,526.3888192091358
2022-03-30 22:27:54,528.98
2022-03-30 22:27:59,528.85
2022-03-30 22:28:04,528.85
2022-03-30 22:28:09,528.82
2022-03-30 22:28:14,528.82
2022-03-30 22:28:19,528.76
2022-03-30 22:28:24,528.69
2022-03-30 22:28:29,528.69
2022-03-30 22:28:34,528.69
2022-03-30 22:28:39,528.69
2022-03-30 22:28:44,528.69
2022-03-30 22:28:49,528.63
2022-03-30 22:28:54,528.69
2022-03-30 22:28:59,528.63
2022-03-30 22:29:04,528.63
2022-03-30 22:29:09,528.69
2022-03-30 22:29:14,528.69
2022-03-30 22:29:19,528.69
2022-03-30 22:29:24,528.69
2022-03-30 22:29:29,528.69
2022-03-30 22:29:34,528.69
2022-03-30 22:29:39,528.76
2022-03-30 22:29:44,528.76
2022-03-30 22:29:49,528.76
2022-03-30 22:29:54,528.82
2022-03-30 22:29:59,528.85
2022-03-30 22:30:04,528.85
2022-03-30 22:30:09,528.85
2022-03-30 22:30:14,528.98
2022-03-30 22:30:19,528.98
2022-03-30 22:30:24,528.98
2022-03-30 22:30:29,529.04
2022-03-30 22:30:34,529.11
2022-03-30 22:30:39,529.14
2022-03-30 22:30:44,526.132386920353
2022-03-30 22:30:49,529.21
2022-03-30 22:30:54,529.2
2022-03-30 22:30:59,529.33
2022-03-30 22:31:04,529.33
2022-03-30 22:31:09,529.36
2022-03-30 22:31:14,529.43
2022-03-30 22:31:19,526.1223456945557
2022-03-30 22:31:24,529.49
2022-03-30 22:31:29,529.62
2022-03-30 22:31:34,529.62
2022-03-30 22:31:39,529.65
2022-03-30 22:31:44,529.72
2022-03-30 22:31:49,529.78
2022-03-30 22:31:54,529.85
2022-03-30 22:31:59,529.85
2022-03-30 22:32:04,529.88
2022-03-30 22:32:09,529.88
2022-03-30 22:32:14,529.88
2022-03-30 22:32:19,529.94
2022-03-30 22:32:24,530.0
2022-03-30 22:32:29,530.07
2022-03-30 22:32:34,530.07
2022-03-30 22:32:39,530.13
2022-03-30 22:32:44,526.1595286837337
2022-03-30 22:32:49,530.17
2022-03-30 22:32:54,530.23
2022-03-30 22:32:59,530.29
2022-03-30 22:33:04,530.3
2022-03-30 22:33:09,530.39
2022-03-30 22:33:14,530.46
2022-03-30 22:33:19,530.46
2022-03-30 22:33:24,530.52
2022-03-30 22:33:29,530.59
2022-03-30 22:33:34,530.65
2022-03-30 22:33:39,530.65
2022-03-30 22:33:44,530.65
2022-03-30 22:33:49,530.69
2022-03-30 22:33:54,530.75
2022-03-30 22:33:59,530.82
2022-03-30 22:34:04,530.88
2022-03-30 22:34:09,530.88
2022-03-30 22:34:14,530.92
2022-03-30 22:34:19,530.98
2022-03-30 22:34:24,526.317326483044
2022-03-30 22:34:29,531.05
2022-03-30 22:34:34,531.11
2022-03-30 22:34:39,531.11
2022-03-30 22:34:44,531.18
2022-03-30 22:34:49,531.27
2022-03-30 22:34:54,531.27
2022-03-30 22:34:59,531.34
2022-03-30 22:35:04,531.34
2022-03-30 22:35:09,531.4
2022-03-30 22:35:14,531.5
2022-03-30 22:35:19,531.5
2022-03-30 22:35:24,526.4646671614448
2022-03-30 22:35:29,531.63
2022-03-30 22:35:34,531.63
2022-03-30 22:35:39,531.63
2022-03-30 22:35:44,531.7
2022-03-30 22:35:49,531.73
2022-03-30 22:35:54,531.8
2022-03-30 22:35:59,531.8
2022-03-30 22:36:04,531.86
2022-03-30 22:36:09,531.92
2022-03-30 22:36:14,531.92
2022-03-30 22:36:19,526.6286730737062
2022-03-30 22:36:24,531.96
2022-03-30 22:36:29,531.96
2022-03-30 22:36:34,532.09
2022-03-30 22:36:39,532.02
2022-03-30 22:36:44,532.09
2022-03-30 22:36:49,532.09
2022-03-30 22:36:54,526.7454534885817
2022-03-30 22:36:59,532.22
2022-03-30 22:37:04,532.25
2022-03-30 22:37:09,532.22
2022-03-30 22:37:14,532.25
2022-03-30 22:37:19,532.25
2022-03-30 22:37:24,532.32
2022-03-30 22:37:29,526.8705911415817
2022-03-30 22:37:34,532.32
2022-03-30 22:37:39,532.38
2022-03-30 22:37:44,532.31
2022-03-30 22:37:49,532.31
2022-03-30 22:37:54,532.38
2022-03-30 22:37:59,532.38
2022-03-30 22:38:04,532.38
2022-03-30 22:38:09,532.44
2022-03-30 22:38:14,532.38
2022-03-30 22:38:19,532.38
2022-03-30 22:38:24,532.44
2022-03-30 22:38:29,532.48
2022-03-30 22:38:34,532.48
2022-03-30 22:38:39,532.48
2022-03-30 22:38:44,532.48
2022-03-30 22:38:49,532.54
2022-03-30 22:38:54,532.54
2022-03-30 22:38:59,532.61
2022-03-30 22:39:04,532.6
2022-03-30 22:39:09,532.67
2022-03-30 22:39:14,532.6
2022-03-30 22:39:19,532.67
2022-03-30 22:39:24,527.3270807861986
2022-03-30 22:39:29,532.67
2022-03-30 22:39:34,532.73
2022-03-30 22:39:39,532.73
2022-03-30 22:39:44,527.4116199289863
2022-03-30 22:39:49,532.76
2022-03-30 22:39:54,532.76
2022-03-30 22:39:59,532.83
2022-03-30 22:40:04,532.76
2022-03-30 22:40:09,532.83
2022-03-30 22:40:14,532.83
2022-03-30 22:40:19,532.83
2022-03-30 22:40:24,532.89
2022-03-30 22:40:29,532.89
2022-03-30 22:40:34,532.96
2022-03-30 22:40:39,532.96
2022-03-30 22:40:44,532.95
2022-03-30 22:40:49,532.96
2022-03-30 22:40:54,532.95
2022-03-30 22:40:59,532.98
2022-03-30 22:41:04,532.98
2022-03-30 22:41:09,532.98
2022-03-30 22:41:14,533.05
2022-03-30 22:41:19,533.05
2022-03-30 22:41:24,533.05
2022-03-30 22:41:29,527.8671394320618
2022-03-30 22:41:34,533.05
2022-03-30 22:41:39,533.11
2022-03-30 22:41:44,527.9327491928561
2022-03-30 22:41:49,533.05
2022-03-30 22:41:54,533.05
2022-03-30 22:41:59,533.12
2022-03-30 22:42:04,533.12
2022-03-30 22:42:09,533.12
2022-03-30 22:42:14,533.05
2022-03-30 22:42:19,533.05
2022-03-30 22:42:24,533.05
2022-03-30 22:42:29,533.12
2022-03-30 22:42:34,533.12
2022-03-30 22:42:39,533.12
2022-03-30 22:42:44,533.12
2022-03-30 22:42:49,533.12
2022-03-30 22:42:54,533.12
2022-03-30 22:42:59,533.12
2022-03-30 22:43:04,533.12
2022-03-30 22:43:09,533.18
2022-03-30 22:43:14,533.18
2022-03-30 22:43:19,533.12
2022-03-30 22:43:24,533.25
2022-03-30 22:43:29,533.19
2022-03-30 22:43:34,533.19
2022-03-30 22:43:39,533.26
2022-03-30 22:43:44,533.25
2022-03-30 22:43:49,533.19
2022-03-30 22:43:54,533.19
2022-03-30 22:43:59,528.5073873608624
2022-03-30 22:44:04,533.29
2022-03-30 22:44:09,533.26
2022-03-30 22:44:14,533.26
2022-03-30 22:44:19,533.29
2022-03-30 22:44:24,533.29
2022-03-30 22:44:29,533.26
2022-03-30 22:44:34,533.29
2022-03-30 22:44:39,533.3
2022-03-30 22:44:44,533.36
2022-03-30 22:44:49,533.29
2022-03-30 22:44:54,533.36
2022-03-30 22:44:59,533.29
2022-03-30 22:45:04,533.29
2022-03-30 22:45:09,533.36
2022-03-30 22:45:14,533.3
2022-03-30 22:45:19,528.8176929126183
2022-03-30 22:45:24,533.36
2022-03-30 22:45:29,533.36
2022-03-30 22:45:34,533.42
2022-03-30 22:45:39,528.889764253118
2022-03-30 22:45:44,533.49
2022-03-30 22:45:49,533.49
2022-03-30 22:45:54,533.49
2022-03-30 22:45:59,533.49
2022-03-30 22:46:04,533.49
2022-03-30 22:46:09,533.49
2022-03-30 22:46:14,533.52
2022-03-30 22:46:19,533.52
2022-03-30 22:46:24,533.59
2022-03-30 22:46:29,529.0580847770569
2022-03-30 22:46:34,533.65
2022-03-30 22:46:39,533.66
2022-03-30 22:46:44,533.65
2022-03-30 22:46:49,533.72
2022-03-30 22:46:54,533.72
2022-03-30 22:46:59,533.72
2022-03-30 22:47:04,533.78
2022-03-30 22:47:09,533.81
2022-03-30 22:47:14,533.88
2022-03-30 22:47:19,529.2069373045924
2022-03-30 22:47:24,533.88
2022-03-30 22:47:29,533.94
2022-03-30 22:47:34,534.01
2022-03-30 22:47:39,534.0
2022-03-30 22:47:44,534.0
2022-03-30 22:47:49,534.0
2022-03-30 22:47:54,534.04
2022-03-30 22:47:59,534.04
2022-03-30 22:48:04,534.04
2022-03-30 22:48:09,534.1
2022-03-30 22:48:14,534.1
2022-03-30 22:48:19,534.1
2022-03-30 22:48:24,534.1
2022-03-30 22:48:29,534.1
2022-03-30 22:48:34,534.16
2022-03-30 22:48:39,534.1
2022-03-30 22:48:44,534.17
2022-03-30 22:48:49,534.23
2022-03-30 22:48:54,534.17
2022-03-30 22:48:59,534.17
2022-03-30 22:49:04,534.16
2022-03-30 22:49:09,534.23
2022-03-30 22:49:14,534.22
2022-03-30 22:49:19,534.23
2022-03-30 22:49:24,534.22
2022-03-30 22:49:29,534.23
2022-03-30 22:49:34,534.16
2022-03-30 22:49:39,534.16
2022-03-30 22:49:44,534.22
2022-03-30 22:49:49,534.22
2022-03-30 22:49:54,534.1
2022-03-30 22:49:59,534.1
2022-03-30 22:50:04,529.5450716019255
2022-03-30 22:50:09,534.1
2022-03-30 22:50:14,534.1
2022-03-30 22:50:19,534.0
2022-03-30 22:50:24,534.03
2022-03-30 22:50:29,534.0
2022-03-30 22:50:34,534.0
2022-03-30 22:50:39,529.5866112017615
2022-03-30 22:50:44,533.94
2022-03-30 22:50:49,533.94
2022-03-30 22:50:54,533.94
2022-03-30 22:50:59,533.88
2022-03-30 22:51:04,533.88
2022-03-30 22:51:09,533.81
2022-03-30 22:51:14,533.88
2022-03-30 22:51:19,533.81
2022-03-30 22:51:24,533.81
2022-03-30 22:51:29,533.78
2022-03-30 22:51:34,533.78
2022-03-30 22:51:39,529.6333645566787
2022-03-30 22:51:44,533.72
2022-03-30 22:51:49,533.72
2022-03-30 22:51:54,533.72
2022-03-30 22:51:59,533.66
2022-03-30 22:52:04,533.66
2022-03-30 22:52:09,533.59
2022-03-30 22:52:14,533.53
2022-03-30 22:52:19,533.53
2022-03-30 22:52:24,533.53
2022-03-30 22:52:29,533.5
2022-03-30 22:52:34,533.5
2022-03-30 22:52:39,533.44
2022-03-30 22:52:44,533.37
2022-03-30 22:52:49,533.37
2022-03-30 22:52:54,533.31
2022-03-30 22:52:59,533.28
2022-03-30 22:53:04,533.28
2022-03-30 22:53:09,533.28
2022-03-30 22:53:14,533.28
2022-03-30 22:53:19,533.15
2022-03-30 22:53:24,533.09
2022-03-30 22:53:29,533.09
2022-03-30 22:53:34,529.6369728180528
2022-03-30 22:53:39,532.99
2022-03-30 22:53:44,532.93
2022-03-30 22:53:49,532.86
2022-03-30 22:53:54,532.87
2022-03-30 22:53:59,532.87
2022-03-30 22:54:04,532.8
2022-03-30 22:54:09,532.8
2022-03-30 22:54:14,532.77
2022-03-30 22:54:19,529.6077471664569
2022-03-30 22:54:24,532.71
2022-03-30 22:54:29,532.71
2022-03-30 22:54:34,532.71
2022-03-30 22:54:39,532.65
2022-03-30 22:54:44,532.71
2022-03-30 22:54:49,532.65
2022-03-30 22:54:54,532.65
2022-03-30 22:54:59,529.5673572825108
2022-03-30 22:55:04,532.58
2022-03-30 22:55:09,532.58
2022-03-30 22:55:14,532.52
2022-03-30 22:55:19,532.52
2022-03-30 22:55:24,532.52
2022-03-30 22:55:29,532.52
2022-03-30 22:55:34,532.49
2022-03-30 22:55:39,532.52
2022-03-30 22:55:44,532.49
2022-03-30 22:55:49,532.49
2022-03-30 22:55:54,532.49
2022-03-30 22:55:59,532.42
2022-03-30 22:56:04,532.49
2022-03-30 22:56:09,529.4641357885207
2022-03-30 22:56:14,532.49
2022-03-30 22:56:19,532.49
2022-03-30 22:56:24,532.49
2022-03-30 22:56:29,532.49
2022-03-30 22:56:34,532.49
2022-03-30 22:56:39,532.52
2022-03-30 22:56:44,532.52
2022-03-30 22:56:49,532.49
2022-03-30 22:56:54,532.49
2022-03-30 22:56:59,532.49
2022-03-30 22:57:04,532.49
2022-03-30 22:57:09,532.49
2022-03-30 22:57:14,532.52
2022-03-30 22:57:19,532.49
2022-03-30 22:57:24,532.52
2022-03-30 22:57:29,532.52
2022-03-30 22:57:34,532.52
2022-03-30 22:57:39,532.58
2022-03-30 22:57:44,532.52
2022-03-30 22:57:49,529.2451318760018
2022-03-30 22:57:54,532.58
2022-03-30 22:57:59,532.65
2022-03-30 22:58:04,532.65
2022-03-30 22:58:09,532.71
2022-03-30 22:58:14,532.71
2022-03-30 22:58:19,532.71
2022-03-30 22:58:24,532.71
2022-03-30 22:58:29,532.78
2022-03-30 22:58:34,532.78
2022-03-30 22:58:39,532.81
2022-03-30 22:58:44,532.81
2022-03-30 22:58:49,532.87
2022-03-30 22:58:54,529.0578514573966
2022-03-30 22:58:59,532.94
2022-03-30 22:59:04,529.0259081269472
2022-03-30 22:59:09,533.0
2022-03-30 22:59:14,533.03
2022-03-30 22:59:19,533.1
2022-03-30 22:59:24,533.16
2022-03-30 22:59:29,533.23
2022-03-30 22:59:34,533.29
2022-03-30 22:59:39,533.29
2022-03-30 22:59:44,533.32
2022-03-30 22:59:49,533.39
2022-03-30 22:59:54,533.45
2022-03-30 22:59:59,533.52
2022-03-30 23:00:04,533.55
2022-03-30 23:00:09,533.55
2022-03-30 23:00:14,533.62
2022-03-30 23:00:19,533.68
2022-03-30 23:00:24,533.75
2022-03-30 23:00:29,533.81
2022-03-30 23:00:34,533.81
2022-03-30 23:00:39,533.85
2022-03-30 23:00:44,533.91
2022-03-30 23:00:49,533.98
2022-03-30 23:00:54,534.04
2022-03-30 23:00:59,534.04
2022-03-30 23:01:04,534.14
2022-03-30 23:01:09,528.5564489620318
2022-03-30 23:01:14,528.5349757049377
2022-03-30 23:01:19,534.27
2022-03-30 23:01:24,534.33
2022-03-30 23:01:29,534.37
2022-03-30 23:01:34,534.37
2022-03-30 23:01:39,534.44
2022-03-30 23:01:44,534.44
2022-03-30 23:01:49,534.5
2022-03-30 23:01:54,534.5
2022-03-30 23:01:59,534.5
2022-03-30 23:02:04,534.57
2022-03-30 23:02:09,534.57
2022-03-30 23:02:14,528.2622931471008
2022-03-30 23:02:19,534.6
2022-03-30 23:02:24,534.61
2022-03-30 23:02:29,534.57
2022-03-30 23:02:34,534.57
2022-03-30 23:02:39,534.57
2022-03-30 23:02:44,528.1166572091955
2022-03-30 23:02:49,534.51
2022-03-30 23:02:54,534.51
2022-03-30 23:02:59,534.51
2022-03-30 23:03:04,534.51
2022-03-30 23:03:09,527.9912339527516
2022-03-30 23:03:14,534.45
2022-03-30 23:03:19,527.9401280887998
2022-03-30 23:03:24,534.39
2022-03-30 23:03:29,534.39
2022-03-30 23:03:34,534.35
2022-03-30 23:03:39,534.29
2022-03-30 23:03:44,534.29
2022-03-30 23:03:49,534.23
2022-03-30 23:03:54,534.23
2022-03-30 23:03:59,534.1
2022-03-30 23:04:04,534.1
2022-03-30 23:04:09,534.1
2022-03-30 23:04:14,534.1
2022-03-30 23:04:19,534.07
2022-03-30 23:04:24,534.07
2022-03-30 23:04:29,534.07
2022-03-30 23:04:34,533.94
2022-03-30 23:04:39,533.94
2022-03-30 23:04:44,533.88
2022-03-30 23:04:49,533.88
2022-03-30 23:04:54,533.78
2022-03-30 23:04:59,533.85
2022-03-30 23:05:04,533.78
2022-03-30 23:05:09,533.72
2022-03-30 23:05:14,533.65
2022-03-30 23:05:19,533.59
2022-03-30 23:05:24,533.56
2022-03-30 23:05:29,533.43
2022-03-30 23:05:34,533.36
2022-03-30 23:05:39,533.33
2022-03-30 23:05:44,533.27
2022-03-30 23:05:49,533.27
2022-03-30 23:05:54,533.2
2022-03-30 23:05:59,533.14
2022-03-30 23:06:04,533.04
2022-03-30 23:06:09,533.04
2022-03-30 23:06:14,532.98
2022-03-30 23:06:19,532.91
2022-03-30 23:06:24,532.85
2022-03-30 23:06:29,532.82
2022-03-30 23:06:34,532.75
2022-03-30 23:06:39,526.8476573979335
2022-03-30 23:06:44,532.62
2022-03-30 23:06:49,532.56
2022-03-30 23:06:54,532.53
2022-03-30 23:06:59,532.46
2022-03-30 23:07:04,532.33
2022-03-30 23:07:09,532.3
2022-03-30 23:07:14,532.24
2022-03-30 23:07:19,532.23
2022-03-30 23:07:24,532.11
2022-03-30 23:07:29,532.04
2022-03-30 23:07:34,531.94
2022-03-30 23:07:39,531.95
2022-03-30 23:07:44,531.88
2022-03-30 23:07:49,531.79
2022-03-30 23:07:54,531.79
2022-03-30 23:07:59,526.4008122015382
2022-03-30 23:08:04,531.66
2022-03-30 23:08:09,531.59
2022-03-30 23:08:14,531.53
2022-03-30 23:08:19,531.53
2022-03-30 23:08:24,531.53
2022-03-30 23:08:29,531.43
2022-03-30 23:08:34,531.43
2022-03-30 23:08:39,531.37
2022-03-30 23:08:44,526.1547720916418
2022-03-30 23:08:49,531.31
2022-03-30 23:08:54,531.27
2022-03-30 23:08:59,531.21
2022-03-30 23:09:04,526.0474509801476
2022-03-30 23:09:09,531.15
2022-03-30 23:09:14,531.15
2022-03-30 23:09:19,531.08
2022-03-30 23:09:24,525.9416687248677
2022-03-30 23:09:29,531.02
2022-03-30 23:09:34,530.99
2022-03-30 23:09:39,525.8634648794698
2022-03-30 23:09:44,530.93
2022-03-30 23:09:49,530.93
2022-03-30 23:09:54,530.93
2022-03-30 23:09:59,530.86
2022-03-30 23:10:04,530.87
2022-03-30 23:10:09,530.87
2022-03-30 23:10:14,530.87
2022-03-30 23:10:19,530.87
2022-03-30 23:10:24,530.81
2022-03-30 23:10:29,530.87
2022-03-30 23:10:34,530.87
2022-03-30 23:10:39,530.81
2022-03-30 23:10:44,525.5380166747002
2022-03-30 23:10:49,530.81
2022-03-30 23:10:54,525.4901729448196
2022-03-30 23:10:59,530.81
2022-03-30 23:11:04,530.81
2022-03-30 23:11:09,530.81
2022-03-30 23:11:14,530.82
2022-03-30 23:11:19,530.82
2022-03-30 23:11:24,530.82
2022-03-30 23:11:29,530.82
2022-03-30 23:11:34,530.82
2022-03-30 23:11:39,525.2834842533392
2022-03-30 23:11:44,530.88
2022-03-30 23:11:49,530.82
2022-03-30 23:11:54,525.2179865403036
2022-03-30 23:11:59,530.82
2022-03-30 23:12:04,530.89
2022-03-30 23:12:09,530.88
2022-03-30 23:12:14,530.89
2022-03-30 23:12:19,530.95
2022-03-30 23:12:24,531.02
2022-03-30 23:12:29,531.02
2022-03-30 23:12:34,531.02
2022-03-30 23:12:39,531.05
2022-03-30 23:12:44,525.0134557607436
2022-03-30 23:12:49,531.05
2022-03-30 23:12:54,531.12
2022-03-30 23:12:59,531.12
2022-03-30 23:13:04,531.12
2022-03-30 23:13:09,531.12
2022-03-30 23:13:14,531.18
2022-03-30 23:13:19,531.18
2022-03-30 23:13:24,531.18
2022-03-30 23:13:29,531.18
2022-03-30 23:13:34,531.25
2022-03-30 23:13:39,531.25
2022-03-30 23:13:44,531.31
2022-03-30 23:13:49,531.31
2022-03-30 23:13:54,531.35
2022-03-30 23:13:59,531.35
2022-03-30 23:14:04,531.41
2022-03-30 23:14:09,531.48
2022-03-30 23:14:14,531.48
2022-03-30 23:14:19,531.47
2022-03-30 23:14:24,531.54
2022-03-30 23:14:29,524.6648048132552
2022-03-30 23:14:34,531.57
2022-03-30 23:14:39,524.638121931206
2022-03-30 23:14:44,531.63
2022-03-30 23:14:49,531.64
2022-03-30 23:14:54,531.7
2022-03-30 23:14:59,531.7
2022-03-30 23:15:04,531.7
2022-03-30 23:15:09,531.7
2022-03-30 23:15:14,531.76
2022-03-30 23:15:19,531.83
2022-03-30 23:15:24,531.76
2022-03-30 23:15:29,524.5238084299962
2022-03-30 23:15:34,531.83
2022-03-30 23:15:39,531.86
2022-03-30 23:15:44,531.86
2022-03-30 23:15:49,531.86
2022-03-30 23:15:54,531.93
2022-03-30 23:15:59,531.93
2022-03-30 23:16:04,531.92
2022-03-30 23:16:09,531.99
2022-03-30 23:16:14,524.4485594473356
2022-03-30 23:16:19,531.99
2022-03-30 23:16:24,532.05
2022-03-30 23:16:29,532.05
2022-03-30 23:16:34,532.09
2022-03-30 23:16:39,532.09
2022-03-30 23:16:44,532.09
2022-03-30 23:16:49,532.15
2022-03-30 23:16:54,532.15
2022-03-30 23:16:59,532.15
2022-03-30 23:17:04,532.15
2022-03-30 23:17:09,524.3897761545245
2022-03-30 23:17:14,532.22
2022-03-30 23:17:19,532.28
2022-03-30 23:17:24,524.3796740500865
2022-03-30 23:17:29,532.35
2022-03-30 23:17:34,532.34
2022-03-30 23:17:39,524.3719845974742
2022-03-30 23:17:44,532.38
2022-03-30 23:17:49,532.38
2022-03-30 23:17:54,532.38
2022-03-30 23:17:59,532.45
2022-03-30 23:18:04,524.3643453056604
2022-03-30 23:18:09,532.51
2022-03-30 23:18:14,532.51
2022-03-30 23:18:19,524.3627566165192
2022-03-30 23:18:24,532.58
2022-03-30 23:18:29,532.58
2022-03-30 23:18:34,532.61
2022-03-30 23:18:39,532.61
2022-03-30 23:18:44,532.61
2022-03-30 23:18:49,532.68
2022-03-30 23:18:54,532.74
2022-03-30 23:18:59,532.74
2022-03-30 23:19:04,532.8
2022-03-30 23:19:09,532.87
2022-03-30 23:19:14,532.9
2022-03-30 23:19:19,532.9
2022-03-30 23:19:24,532.97
2022-03-30 23:19:29,532.97
2022-03-30 23:19:34,533.04
2022-03-30 23:19:39,533.1
2022-03-30 23:19:44,533.14
2022-03-30 23:19:49,533.14
2022-03-30 23:19:54,524.400110958946
2022-03-30 23:19:59,533.27
2022-03-30 23:20:04,533.27
2022-03-30 23:20:09,533.33
2022-03-30 23:20:14,524.4174054463707
2022-03-30 23:20:19,533.43
2022-03-30 23:20:24,533.43
2022-03-30 23:20:29,533.5
2022-03-30 23:20:34,533.56
2022-03-30 23:20:39,524.4431065262777
2022-03-30 23:20:44,533.63
2022-03-30 23:20:49,533.63
2022-03-30 23:20:54,533.66
2022-03-30 23:20:59,533.73
2022-03-30 23:21:04,533.73
2022-03-30 23:21:09,533.79
2022-03-30 23:21:14,533.79
2022-03-30 23:21:19,533.79
2022-03-30 23:21:24,533.79
2022-03-30 23:21:29,533.86
2022-03-30 23:21:34,533.86
2022-03-30 23:21:39,533.92
2022-03-30 23:21:44,533.92
2022-03-30 23:21:49,524.5366322973357
2022-03-30 23:21:54,533.86
2022-03-30 23:21:59,533.92
2022-03-30 23:22:04,533.92
2022-03-30 23:22:09,533.92
2022-03-30 23:22:14,533.92
2022-03-30 23:22:19,533.92
2022-03-30 23:22:24,533.93
2022-03-30 23:22:29,533.92
2022-03-30 23:22:34,533.93
2022-03-30 23:22:39,533.93
2022-03-30 23:22:44,533.92
2022-03-30 23:22:49,533.92
2022-03-30 23:22:54,533.92
2022-03-30 23:22:59,533.86
2022-03-30 23:23:04,533.86
2022-03-30 23:23:09,533.86
2022-03-30 23:23:14,524.6849432265523
2022-03-30 23:23:19,533.86
2022-03-30 23:23:24,533.86
2022-03-30 23:23:29,533.86
2022-03-30 23:23:34,533.86
2022-03-30 23:23:39,524.7341512663569
2022-03-30 23:23:44,533.86
2022-03-30 23:23:49,533.8
2022-03-30 23:23:54,533.86
2022-03-30 23:23:59,533.86
2022-03-30 23:24:04,533.93
2022-03-30 23:24:09,533.86
2022-03-30 23:24:14,524.8062849450286
2022-03-30 23:24:19,533.86
2022-03-30 23:24:24,533.93
2022-03-30 23:24:29,533.93
2022-03-30 23:24:34,534.02
2022-03-30 23:24:39,534.02
2022-03-30 23:24:44,534.02
2022-03-30 23:24:49,534.09
2022-03-30 23:24:54,534.09
2022-03-30 23:24:59,534.09
2022-03-30 23:25:04,534.09
2022-03-30 23:25:09,534.15
2022-03-30 23:25:14,534.18
2022-03-30 23:25:19,534.18
2022-03-30 23:25:24,534.25
2022-03-30 23:25:29,534.25
2022-03-30 23:25:34,534.25
2022-03-30 23:25:39,534.31
2022-03-30 23:25:44,534.31
2022-03-30 23:25:49,534.37
2022-03-30 23:25:54,534.37
2022-03-30 23:25:59,534.44
2022-03-30 23:26:04,525.0484979586389
2022-03-30 23:26:09,534.44
2022-03-30 23:26:14,534.47
2022-03-30 23:26:19,534.53
2022-03-30 23:26:24,534.6
2022-03-30 23:26:29,534.6
2022-03-30 23:26:34,534.67
2022-03-30 23:26:39,525.1274273854264
2022-03-30 23:26:44,534.7
2022-03-30 23:26:49,534.7
2022-03-30 23:26:54,534.76
2022-03-30 23:26:59,534.83
2022-03-30 23:27:04,534.89
2022-03-30 23:27:09,534.96
2022-03-30 23:27:14,534.96
2022-03-30 23:27:19,534.99
2022-03-30 23:27:24,534.99
2022-03-30 23:27:29,535.06
2022-03-30 23:27:34,535.12
2022-03-30 23:27:39,535.12
2022-03-30 23:27:44,535.19
2022-03-30 23:27:49,535.22
2022-03-30 23:27:54,535.29
2022-03-30 23:27:59,535.29
2022-03-30 23:28:04,535.35
2022-03-30 23:28:09,525.3256236394931
2022-03-30 23:28:14,535.48
2022-03-30 23:28:19,535.52
2022-03-30 23:28:24,535.52
2022-03-30 23:28:29,525.3676624854608
2022-03-30 23:28:34,535.65
2022-03-30 23:28:39,535.71
2022-03-30 23:28:44,535.74
2022-03-30 23:28:49,535.81
2022-03-30 23:28:54,535.81
2022-03-30 23:28:59,535.87
2022-03-30 23:29:04,535.94
2022-03-30 23:29:09,535.94
2022-03-30 23:29:14,536.0
2022-03-30 23:29:19,536.04
2022-03-30 23:29:24,536.1
2022-03-30 23:29:29,536.1
2022-03-30 23:29:34,536.17
2022-03-30 23:29:39,536.17
2022-03-30 23:29:44,536.17
2022-03-30 23:29:49,536.24
2022-03-30 23:29:54,536.27
2022-03-30 23:29:59,536.27
2022-03-30 23:30:04,525.550109732019
2022-03-30 23:30:09,536.33
2022-03-30 23:30:14,536.4
2022-03-30 23:30:19,536.4
2022-03-30 23:30:24,536.4
2022-03-30 23:30:29,536.53
2022-03-30 23:30:34,536.56
2022-03-30 23:30:39,536.56
2022-03-30 23:30:44,536.63
2022-03-30 23:30:49,536.63
2022-03-30 23:30:54,536.69
2022-03-30 23:30:59,536.69
2022-03-30 23:31:04,536.69
2022-03-30 23:31:09,536.76
2022-03-30 23:31:14,536.75
2022-03-30 23:31:19,536.75
2022-03-30 23:31:24,536.79
2022-03-30 23:31:29,536.85
2022-03-30 23:31:34,536.85
2022-03-30 23:31:39,536.85
2022-03-30 23:31:44,536.92
2022-03-30 23:31:49,525.7119520434719
2022-03-30 23:31:54,525.718563614125
2022-03-30 23:31:59,536.98
2022-03-30 23:32:04,536.98
2022-03-30 23:32:09,537.04
2022-03-30 23:32:14,537.05
2022-03-30 23:32:19,537.05
2022-03-30 23:32:24,537.05
2022-03-30 23:32:29,537.04
2022-03-30 23:32:34,537.08
2022-03-30 23:32:39,537.08
2022-03-30 23:32:44,537.08
2022-03-30 23:32:49,537.05
2022-03-30 23:32:54,537.08
2022-03-30 23:32:59,537.08
2022-03-30 23:33:04,537.08
2022-03-30 23:33:09,537.08
2022-03-30 23:33:14,537.14
2022-03-30 23:33:19,537.14
2022-03-30 23:33:24,537.14
2022-03-30 23:33:29,537.14
2022-03-30 23:33:34,537.14
2022-03-30 23:33:39,537.14
2022-03-30 23:33:44,525.8378199667131
2022-03-30 23:33:49,537.2
2022-03-30 23:33:54,537.2
2022-03-30 23:33:59,537.2
2022-03-30 23:34:04,537.14
2022-03-30 23:34:09,537.2
2022-03-30 23:34:14,537.2
2022-03-30 23:34:19,537.2
2022-03-30 23:34:24,525.868422889074
2022-03-30 23:34:29,537.13
2022-03-30 23:34:34,537.13
2022-03-30 23:34:39,537.14
2022-03-30 23:34:44,537.13
2022-03-30 23:34:49,537.13
2022-03-30 23:34:54,537.2
2022-03-30 23:34:59,537.13
2022-03-30 23:35:04,537.13
2022-03-30 23:35:09,537.13
2022-03-30 23:35:14,525.8967781454737
2022-03-30 23:35:19,537.07
2022-03-30 23:35:24,537.07
2022-03-30 23:35:29,525.9031029726879
2022-03-30 23:35:34,537.07
2022-03-30 23:35:39,537.04
2022-03-30 23:35:44,537.04
2022-03-30 23:35:49,537.04
2022-03-30 23:35:54,537.04
2022-03-30 23:35:59,537.04
2022-03-30 23:36:04,537.04
2022-03-30 23:36:09,536.98
2022-03-30 23:36:14,536.91
2022-03-30 23:36:19,536.85
2022-03-30 23:36:24,525.9175114789401
2022-03-30 23:36:29,536.79
2022-03-30 23:36:34,536.75
2022-03-30 23:36:39,536.69
2022-03-30 23:36:44,536.69
2022-03-30 23:36:49,536.62
2022-03-30 23:36:54,536.63
2022-03-30 23:36:59,525.9193749723408
2022-03-30 23:37:04,536.56
2022-03-30 23:37:09,536.53
2022-03-30 23:37:14,536.53
2022-03-30 23:37:19,536.47
2022-03-30 23:37:24,536.41
2022-03-30 23:37:29,536.41
2022-03-30 23:37:34,536.41
2022-03-30 23:37:39,536.34
2022-03-30 23:37:44,536.28
2022-03-30 23:37:49,536.25
2022-03-30 23:37:54,536.25
2022-03-30 23:37:59,536.12
2022-03-30 23:38:04,536.12
2022-03-30 23:38:09,536.06
2022-03-30 23:38:14,536.02
2022-03-30 23:38:19,535.96
2022-03-30 23:38:24,535.96
2022-03-30 23:38:29,535.96
2022-03-30 23:38:34,535.83
2022-03-30 23:38:39,535.83
2022-03-30 23:38:44,535.77
2022-03-30 23:38:49,535.77
2022-03-30 23:38:54,525.8842098495305
2022-03-30 23:38:59,535.74
2022-03-30 23:39:04,535.67
2022-03-30 23:39:09,535.67
2022-03-30 23:39:14,535.61
2022-03-30 23:39:19,535.55
2022-03-30 23:39:24,535.61
2022-03-30 23:39:29,535.55
2022-03-30 23:39:34,535.55
2022-03-30 23:39:39,535.51
2022-03-30 23:39:44,535.51
2022-03-30 23:39:49,535.51
2022-03-30 23:39:54,535.51
2022-03-30 23:39:59,535.45
2022-03-30 23:40:04,535.51
2022-03-30 23:40:09,535.45
2022-03-30 23:40:14,535.45
2022-03-30 23:40:19,525.8160809362753
2022-03-30 23:40:24,535.45
2022-03-30 23:40:29,535.45
2022-03-30 23:40:34,535.38
2022-03-30 23:40:39,535.45
2022-03-30 23:40:44,535.45
2022-03-30 23:40:49,535.45
2022-03-30 23:40:54,535.39
2022-03-30 23:40:59,535.45
2022-03-30 23:41:04,535.45
2022-03-30 23:41:09,535.45
2022-03-30 23:41:14,535.45
2022-03-30 23:41:19,535.51
2022-03-30 23:41:24,535.51
2022-03-30 23:41:29,535.51
2022-03-30 23:41:34,535.51
2022-03-30 23:41:39,535.55
2022-03-30 23:41:44,535.55
2022-03-30 23:41:49,535.61
2022-03-30 23:41:54,535.61
2022-03-30 23:41:59,535.61
2022-03-30 23:42:04,535.61
2022-03-30 23:42:09,535.67
2022-03-30 23:42:14,535.67
2022-03-30 23:42:19,535.74
2022-03-30 23:42:24,535.74
2022-03-30 23:42:29,535.77
2022-03-30 23:42:34,535.77
2022-03-30 23:42:39,535.83
2022-03-30 23:42:44,535.83
2022-03-30 23:42:49,535.96
2022-03-30 23:42:54,535.96
2022-03-30 23:42:59,535.96
2022-03-30 23:43:04,535.96
2022-03-30 23:43:09,525.5665608390032
2022-03-30 23:43:14,536.06
2022-03-30 23:43:19,536.12
2022-03-30 23:43:24,536.12
2022-03-30 23:43:29,536.12
2022-03-30 23:43:34,536.18
2022-03-30 23:43:39,536.18
2022-03-30 23:43:44,536.25
2022-03-30 23:43:49,536.25
2022-03-30 23:43:54,536.28
2022-03-30 23:43:59,536.28
2022-03-30 23:44:04,536.34
2022-03-30 23:44:09,536.41
2022-03-30 23:44:14,536.41
2022-03-30 23:44:19,525.418438785868
2022-03-30 23:44:24,536.41
2022-03-30 23:44:29,536.47
2022-03-30 23:44:34,536.47
2022-03-30 23:44:39,536.54
2022-03-30 23:44:44,536.54
2022-03-30 23:44:49,536.54
2022-03-30 23:44:54,536.54
2022-03-30 23:44:59,536.57
2022-03-30 23:45:04,536.57
2022-03-30 23:45:09,536.57
2022-03-30 23:45:14,536.57
2022-03-30 23:45:19,536.54
2022-03-30 23:45:24,536.57
2022-03-30 23:45:29,536.57
2022-03-30 23:45:34,536.54
2022-03-30 23:45:39,536.54
2022-03-30 23:45:44,536.54
2022-03-30 23:45:49,536.54
2022-03-30 23:45:54,536.48
2022-03-30 23:45:59,536.48
2022-03-30 23:46:04,536.41
2022-03-30 23:46:09,536.42
2022-03-30 23:46:14,536.42
2022-03-30 23:46:19,536.35
2022-03-30 23:46:24,536.29
2022-03-30 23:46:29,536.26
2022-03-30 23:46:34,536.26
2022-03-30 23:46:39,536.13
2022-03-30 23:46:44,536.13
2022-03-30 23:46:49,536.07
2022-03-30 23:46:54,536.04
2022-03-30 23:46:59,535.97
2022-03-30 23:47:04,535.91
2022-03-30 23:47:09,535.84
2022-03-30 23:47:14,535.78
2022-03-30 23:47:19,535.75
2022-03-30 23:47:24,535.69
2022-03-30 23:47:29,535.69
2022-03-30 23:47:34,535.56
2022-03-30 23:47:39,535.56
2022-03-30 23:47:44,535.53
2022-03-30 23:47:49,535.46
2022-03-30 23:47:54,535.4
2022-03-30 23:47:59,535.33
2022-03-30 23:48:04,535.33
2022-03-30 23:48:09,535.27
2022-03-30 23:48:14,535.24
2022-03-30 23:48:19,535.11
2022-03-30 23:48:24,535.05
2022-03-30 23:48:29,535.01
2022-03-30 23:48:34,534.95
2022-03-30 23:48:39,534.89
2022-03-30 23:48:44,534.82
2022-03-30 23:48:49,534.76
2022-03-30 23:48:54,534.73
2022-03-30 23:48:59,534.66
2022-03-30 23:49:04,534.59
2022-03-30 23:49:09,534.53
2022-03-30 23:49:14,534.5
2022-03-30 23:49:19,524.5991806064778
2022-03-30 23:49:24,534.37
2022-03-30 23:49:29,534.31
2022-03-30 23:49:34,534.21
2022-03-30 23:49:39,534.21
2022-03-30 23:49:44,534.15
2022-03-30 23:49:49,534.08
2022-03-30 23:49:54,534.02
2022-03-30 23:49:59,533.99
2022-03-30 23:50:04,533.92
2022-03-30 23:50:09,533.86
2022-03-30 23:50:14,533.8
2022-03-30 23:50:19,533.73
2022-03-30 23:50:24,533.73
2022-03-30 23:50:29,524.3977413704542
2022-03-30 23:50:34,533.63
2022-03-30 23:50:39,533.63
2022-03-30 23:50:44,533.57
2022-03-30 23:50:49,533.5
2022-03-30 23:50:54,533.47
2022-03-30 23:50:59,533.41
2022-03-30 23:51:04,533.41
2022-03-30 23:51:09,533.34
2022-03-30 23:51:14,533.27
2022-03-30 23:51:19,533.28
2022-03-30 23:51:24,533.21
2022-03-30 23:51:29,533.18
2022-03-30 23:51:34,533.12
2022-03-30 23:51:39,533.05
2022-03-30 23:51:44,533.05
2022-03-30 23:51:49,532.99
2022-03-30 23:51:54,532.96
2022-03-30 23:51:59,532.89
2022-03-30 23:52:04,532.82
2022-03-30 23:52:09,524.1262027556035
2022-03-30 23:52:14,532.76
2022-03-30 23:52:19,532.7
2022-03-30 23:52:24,532.66
2022-03-30 23:52:29,532.66
2022-03-30 23:52:34,532.6
2022-03-30 23:52:39,532.53
2022-03-30 23:52:44,532.53
2022-03-30 23:52:49,532.53
2022-03-30 23:52:54,532.53
2022-03-30 23:52:59,532.47
2022-03-30 23:53:04,532.47
2022-03-30 23:53:09,532.47
2022-03-30 23:53:14,532.44
2022-03-30 23:53:19,532.44
2022-03-30 23:53:24,532.44
2022-03-30 23:53:29,532.44
2022-03-30 23:53:34,532.44
2022-03-30 23:53:39,532.44
2022-03-30 23:53:44,532.44
2022-03-30 23:53:49,523.8892902200034
2022-03-30 23:53:54,532.47
2022-03-30 23:53:59,532.47
2022-03-30 23:54:04,532.47
2022-03-30 23:54:09,532.48
2022-03-30 23:54:14,532.54
2022-03-30 23:54:19,532.6
2022-03-30 23:54:24,532.61
2022-03-30 23:54:29,532.67
2022-03-30 23:54:34,532.7
2022-03-30 23:54:39,532.7
2022-03-30 23:54:44,532.77
2022-03-30 23:54:49,523.770941497907
2022-03-30 23:54:54,532.83
2022-03-30 23:54:59,532.9
2022-03-30 23:55:04,532.9
2022-03-30 23:55:09,532.96
2022-03-30 23:55:14,532.96
2022-03-30 23:55:19,533.0
2022-03-30 23:55:24,533.0
2022-03-30 23:55:29,533.13
2022-03-30 23:55:34,523.6966791099984
2022-03-30 23:55:39,533.13
2022-03-30 23:55:44,533.13
2022-03-30 23:55:49,533.2
2022-03-30 23:55:54,533.23
2022-03-30 23:55:59,533.29
2022-03-30 23:56:04,533.36
2022-03-30 23:56:09,533.36
2022-03-30 23:56:14,533.42
2022-03-30 23:56:19,533.49
2022-03-30 23:56:24,533.52
2022-03-30 23:56:29,533.59
2022-03-30 23:56:34,533.59
2022-03-30 23:56:39,533.65
2022-03-30 23:56:44,533.72
2022-03-30 23:56:49,533.75
2022-03-30 23:56:54,533.81
2022-03-30 23:56:59,533.88
2022-03-30 23:57:04,533.94
2022-03-30 23:57:09,534.01
2022-03-30 23:57:14,534.01
2022-03-30 23:57:19,534.04
2022-03-30 23:57:24,534.11
2022-03-30 23:57:29,534.11
2022-03-30 23:57:34,523.5722164784491
2022-03-30 23:57:39,534.24
2022-03-30 23:57:44,534.27
2022-03-30 23:57:49,534.33
2022-03-30 23:57:54,534.4
2022-03-30 23:57:59,523.5616277770405
2022-03-30 23:58:04,534.53
2022-03-30 23:58:09,534.62
2022-03-30 23:58:14,534.69
2022-03-30 23:58:19,534.76
2022-03-30 23:58:24,534.79
2022-03-30 23:58:29,534.92
2022-03-30 23:58:34,523.5558684788133
2022-03-30 23:58:39,535.04
2022-03-30 23:58:44,535.14
2022-03-30 23:58:49,523.5565235197535
2022-03-30 23:58:54,535.3
2022-03-30 23:58:59,535.37
2022-03-30 23:59:04,535.44
2022-03-30 23:59:09,535.59
2022-03-30 23:59:14,535.59
2022-03-30 23:59:19,535.72
2022-03-30 23:59:24,535.79
2022-03-30 23:59:29,535.88
2022-03-30 23:59:34,535.95
2022-03-30 23:59:39,536.01
2022-03-30 23:59:44,536.11
2022-03-30 23:59:49,523.576879060699
2022-03-30 23:59:54,536.3
2022-03-30 23:59:59,536.33
2022-03-31 00:00:04,536.46
2022-03-31 00:00:09,536.59
2022-03-31 00:00:14,536.69
2022-03-31 00:00:19,536.75
2022-03-31 00:00:24,536.85
2022-03-31 00:00:29,536.97
2022-03-31 00:00:34,523.6096172619879
2022-03-31 00:00:39,537.2
2022-03-31 00:00:44,537.33
2022-03-31 00:00:49,537.43
2022-03-31 00:00:54,537.55
2022-03-31 00:00:59,537.71
2022-03-31 00:01:04,537.84
2022-03-31 00:01:09,523.6446383390626
2022-03-31 00:01:14,538.0
2022-03-31 00:01:19,538.13
2022-03-31 00:01:24,538.29
2022-03-31 00:01:29,538.39
2022-03-31 00:01:34,538.58
2022-03-31 00:01:39,538.68
2022-03-31 00:01:44,538.81
2022-03-31 00:01:49,538.9
2022-03-31 00:01:54,539.03
2022-03-31 00:01:59,539.16
2022-03-31 00:02:04,539.19
2022-03-31 00:02:09,539.39
2022-03-31 00:02:14,539.48
2022-03-31 00:02:19,539.61
2022-03-31 00:02:24,539.78
2022-03-31 00:02:29,539.9
2022-03-31 00:02:34,540.0
2022-03-31 00:02:39,540.13
2022-03-31 00:02:44,540.29
2022-03-31 00:02:49,523.7858507812052
2022-03-31 00:02:54,540.58
2022-03-31 00:02:59,540.71
2022-03-31 00:03:04,540.81
2022-03-31 00:03:09,540.97
2022-03-31 00:03:14,541.16
2022-03-31 00:03:19,541.26
2022-03-31 00:03:24,523.8480483963062
2022-03-31 00:03:29,541.49
2022-03-31 00:03:34,541.68
2022-03-31 00:03:39,541.78
2022-03-31 00:03:44,541.84
2022-03-31 00:03:49,542.0
2022-03-31 00:03:54,542.14
2022-03-31 00:03:59,542.26
2022-03-31 00:04:04,542.36
2022-03-31 00:04:09,542.49
2022-03-31 00:04:14,542.59
2022-03-31 00:04:19,542.78
2022-03-31 00:04:24,542.88
2022-03-31 00:04:29,543.01
2022-03-31 00:04:34,543.04
2022-03-31 00:04:39,543.17
2022-03-31 00:04:44,524.0110711491814
2022-03-31 00:04:49,543.4
2022-03-31 00:04:54,543.46
2022-03-31 00:04:59,543.56
2022-03-31 00:05:04,543.69
2022-03-31 00:05:09,543.82
2022-03-31 00:05:14,543.85
2022-03-31 00:05:19,543.98
2022-03-31 00:05:24,544.05
2022-03-31 00:05:29,544.08
2022-03-31 00:05:34,524.1255197346792
2022-03-31 00:05:39,544.21
2022-03-31 00:05:44,544.37
2022-03-31 00:05:49,544.37
2022-03-31 00:05:54,544.44
2022-03-31 00:05:59,544.5
2022-03-31 00:06:04,544.56
2022-03-31 00:06:09,544.59
2022-03-31 00:06:14,544.6
2022-03-31 00:06:19,544.66
2022-03-31 00:06:24,544.66
2022-03-31 00:06:29,544.73
2022-03-31 00:06:34,544.73
2022-03-31 00:06:39,544.79
2022-03-31 00:06:44,544.79
2022-03-31 00:06:49,544.79
2022-03-31 00:06:54,544.79
2022-03-31 00:06:59,544.73
2022-03-31 00:07:04,544.73
2022-03-31 00:07:09,544.73
2022-03-31 00:07:14,544.67
2022-03-31 00:07:19,544.6
2022-03-31 00:07:24,544.6
2022-03-31 00:07:29,544.57
2022-03-31 00:07:34,544.5
2022-03-31 00:07:39,544.44
2022-03-31 00:07:44,544.38
2022-03-31 00:07:49,544.34
2022-03-31 00:07:54,544.21
2022-03-31 00:07:59,544.21
2022-03-31 00:08:04,544.15
2022-03-31 00:08:09,544.05
2022-03-31 00:08:14,543.99
2022-03-31 00:08:19,543.86
2022-03-31 00:08:24,543.83
2022-03-31 00:08:29,543.76
2022-03-31 00:08:34,543.64
2022-03-31 00:08:39,543.57
2022-03-31 00:08:44,543.54
2022-03-31 00:08:49,543.47
2022-03-31 00:08:54,543.41
2022-03-31 00:08:59,543.31
2022-03-31 00:09:04,543.18
2022-03-31 00:09:09,543.12
2022-03-31 00:09:14,543.05
2022-03-31 00:09:19,543.02
2022-03-31 00:09:24,542.96
2022-03-31 00:09:29,542.83
2022-03-31 00:09:34,542.8
2022-03-31 00:09:39,542.67
2022-03-31 00:09:44,542.6
2022-03-31 00:09:49,542.5
2022-03-31 00:09:54,542.44
2022-03-31 00:09:59,542.38
2022-03-31 00:10:04,542.31
2022-03-31 00:10:09,542.31
2022-03-31 00:10:14,542.21
2022-03-31 00:10:19,542.09
2022-03-31 00:10:24,542.08
2022-03-31 00:10:29,542.02
2022-03-31 00:10:34,524.9234714080577
2022-03-31 00:10:39,524.9372879237683
2022-03-31 00:10:44,541.86
2022-03-31 00:10:49,524.9648759558656
2022-03-31 00:10:54,541.76
2022-03-31 00:10:59,541.7
2022-03-31 00:11:04,525.0061226763271
2022-03-31 00:11:09,541.51
2022-03-31 00:11:14,541.47
2022-03-31 00:11:19,541.41
2022-03-31 00:11:24,541.28
2022-03-31 00:11:29,541.25
2022-03-31 00:11:34,541.19
2022-03-31 00:11:39,541.12
2022-03-31 00:11:44,525.1150310043471
2022-03-31 00:11:49,540.9
2022-03-31 00:11:54,540.83
2022-03-31 00:11:59,540.77
2022-03-31 00:12:04,540.68
2022-03-31 00:12:09,525.182118947897
2022-03-31 00:12:14,540.54
2022-03-31 00:12:19,540.48
2022-03-31 00:12:24,525.2220112430518
2022-03-31 00:12:29,540.39
2022-03-31 00:12:34,540.32
2022-03-31 00:12:39,525.2616435274866
2022-03-31 00:12:44,540.23
2022-03-31 00:12:49,540.16
2022-03-31 00:12:54,540.1
2022-03-31 00:12:59,540.04
2022-03-31 00:13:04,540.04
2022-03-31 00:13:09,539.97
2022-03-31 00:13:14,539.94
2022-03-31 00:13:19,539.88
2022-03-31 00:13:24,539.81
2022-03-31 00:13:29,539.82
2022-03-31 00:13:34,539.75
2022-03-31 00:13:39,539.75
2022-03-31 00:13:44,539.72
2022-03-31 00:13:49,539.72
2022-03-31 00:13:54,539.66
2022-03-31 00:13:59,539.66
2022-03-31 00:14:04,539.59
2022-03-31 00:14:09,539.59
2022-03-31 00:14:14,539.59
2022-03-31 00:14:19,539.53
2022-03-31 00:14:24,525.5325000309444
2022-03-31 00:14:29,539.53
2022-03-31 00:14:34,539.47
2022-03-31 00:14:39,539.47
2022-03-31 00:14:44,539.47
2022-03-31 00:14:49,539.53
2022-03-31 00:14:54,539.53
2022-03-31 00:14:59,525.6205481106484
2022-03-31 00:15:04,539.53
2022-03-31 00:15:09,539.54
2022-03-31 00:15:14,539.54
2022-03-31 00:15:19,539.6
2022-03-31 00:15:24,539.6
2022-03-31 00:15:29,539.6
2022-03-31 00:15:34,525.7076566453503
2022-03-31 00:15:39,539.67
2022-03-31 00:15:44,525.7323872722845
2022-03-31 00:15:49,539.73
2022-03-31 00:15:54,539.73
2022-03-31 00:15:59,525.7693613434371
2022-03-31 00:16:04,539.83
2022-03-31 00:16:09,539.83
2022-03-31 00:16:14,539.89
2022-03-31 00:16:19,539.96
2022-03-31 00:16:24,539.96
2022-03-31 00:16:29,539.99
2022-03-31 00:16:34,539.99
2022-03-31 00:16:39,540.05
2022-03-31 00:16:44,540.12
2022-03-31 00:16:49,540.25
2022-03-31 00:16:54,540.18
2022-03-31 00:16:59,540.28
2022-03-31 00:17:04,540.28
2022-03-31 00:17:09,525.9402095563082
2022-03-31 00:17:14,540.34
2022-03-31 00:17:19,540.47
2022-03-31 00:17:24,540.47
2022-03-31 00:17:29,540.51
2022-03-31 00:17:34,540.57
2022-03-31 00:17:39,540.63
2022-03-31 00:17:44,540.7
2022-03-31 00:17:49,540.7
2022-03-31 00:17:54,526.0488453227996
2022-03-31 00:17:59,540.8
2022-03-31 00:18:04,540.86
2022-03-31 00:18:09,540.92
2022-03-31 00:18:14,540.99
2022-03-31 00:18:19,540.99
2022-03-31 00:18:24,541.02
2022-03-31 00:18:29,541.15
2022-03-31 00:18:34,541.15
2022-03-31 00:18:39,541.21
2022-03-31 00:18:44,541.28
2022-03-31 00:18:49,526.1807427977247
2022-03-31 00:18:54,541.37
2022-03-31 00:18:59,526.2046500856301
2022-03-31 00:19:04,541.44
2022-03-31 00:19:09,541.5
2022-03-31 00:19:14,541.6
2022-03-31 00:19:19,541.66
2022-03-31 00:19:24,541.66
2022-03-31 00:19:29,541.72
2022-03-31 00:19:34,541.79
2022-03-31 00:19:39,541.82
2022-03-31 00:19:44,541.89
2022-03-31 00:19:49,541.95
2022-03-31 00:19:54,541.95
2022-03-31 00:19:59,542.01
2022-03-31 00:20:04,542.01
2022-03-31 00:20:09,542.04
2022-03-31 00:20:14,542.11
2022-03-31 00:20:19,542.11
2022-03-31 00:20:24,542.17
2022-03-31 00:20:29,542.17
2022-03-31 00:20:34,542.24
2022-03-31 00:20:39,542.24
2022-03-31 00:20:44,542.3
2022-03-31 00:20:49,542.3
2022-03-31 00:20:54,542.33
2022-03-31 00:20:59,542.4
2022-03-31 00:21:04,542.4
2022-03-31 00:21:09,542.4
2022-03-31 00:21:14,542.46
2022-03-31 00:21:19,542.46
2022-03-31 00:21:24,542.53
2022-03-31 00:21:29,542.56
2022-03-31 00:21:34,526.5746498299446
2022-03-31 00:21:39,542.56
2022-03-31 00:21:44,542.63
2022-03-31 00:21:49,542.69
2022-03-31 00:21:54,542.62
2022-03-31 00:21:59,542.69
2022-03-31 00:22:04,542.75
2022-03-31 00:22:09,542.75
2022-03-31 00:22:14,542.75
2022-03-31 00:22:19,542.82
2022-03-31 00:22:24,542.85
2022-03-31 00:22:29,526.7067475363207
2022-03-31 00:22:34,542.85
2022-03-31 00:22:39,542.91
2022-03-31 00:22:44,542.98
2022-03-31 00:22:49,542.98
2022-03-31 00:22:54,543.04
2022-03-31 00:22:59,543.07
2022-03-31 00:23:04,543.08
2022-03-31 00:23:09,543.14
2022-03-31 00:23:14,543.14
2022-03-31 00:23:19,543.21
2022-03-31 00:23:24,543.27
2022-03-31 00:23:29,526.8521150214868
2022-03-31 00:23:34,543.33
2022-03-31 00:23:39,543.36
2022-03-31 00:23:44,543.43
2022-03-31 00:23:49,526.9009534935625
2022-03-31 00:23:54,526.9131974455862
2022-03-31 00:23:59,543.49
2022-03-31 00:24:04,543.43
2022-03-31 00:24:09,543.56
2022-03-31 00:24:14,543.56
2022-03-31 00:24:19,543.56
2022-03-31 00:24:24,543.59
2022-03-31 00:24:29,543.65
2022-03-31 00:24:34,543.65
2022-03-31 00:24:39,543.72
2022-03-31 00:24:44,543.72
2022-03-31 00:24:49,527.048897655696
2022-03-31 00:24:54,543.78
2022-03-31 00:24:59,543.78
2022-03-31 00:25:04,543.85
2022-03-31 00:25:09,527.0987554857203
2022-03-31 00:25:14,543.88
2022-03-31 00:25:19,543.88
2022-03-31 00:25:24,543.94
2022-03-31 00:25:29,527.14891830074
2022-03-31 00:25:34,544.01
2022-03-31 00:25:39,544.07
2022-03-31 00:25:44,544.07
2022-03-31 00:25:49,544.07
2022-03-31 00:25:54,544.1
2022-03-31 00:25:59,527.2247634995666
2022-03-31 00:26:04,544.17
2022-03-31 00:26:09,544.16
2022-03-31 00:26:14,527.2629095676893
2022-03-31 00:26:19,544.23
2022-03-31 00:26:24,544.23
2022-03-31 00:26:29,544.23
2022-03-31 00:26:34,544.29
2022-03-31 00:26:39,544.29
2022-03-31 00:26:44,544.29
2022-03-31 00:26:49,544.29
2022-03-31 00:26:54,544.29
2022-03-31 00:26:59,544.36
2022-03-31 00:27:04,544.36
2022-03-31 00:27:09,544.36
2022-03-31 00:27:14,544.36
2022-03-31 00:27:19,544.36
2022-03-31 00:27:24,544.36
2022-03-31 00:27:29,544.36
2022-03-31 00:27:34,544.36
2022-03-31 00:27:39,544.36
2022-03-31 00:27:44,544.36
2022-03-31 00:27:49,544.36
2022-03-31 00:27:54,544.36
2022-03-31 00:27:59,544.36
2022-03-31 00:28:04,544.36
2022-03-31 00:28:09,544.36
2022-03-31 00:28:14,544.29
2022-03-31 00:28:19,544.29
2022-03-31 00:28:24,544.23
2022-03-31 00:28:29,544.23
2022-03-31 00:28:34,544.16
2022-03-31 00:28:39,544.16
2022-03-31 00:28:44,544.16
2022-03-31 00:28:49,544.1
2022-03-31 00:28:54,544.1
2022-03-31 00:28:59,544.1
2022-03-31 00:29:04,544.1
2022-03-31 00:29:09,544.07
2022-03-31 00:29:14,544.07
2022-03-31 00:29:19,544.01
2022-03-31 00:29:24,544.07
2022-03-31 00:29:29,544.01
2022-03-31 00:29:34,544.01
2022-03-31 00:29:39,543.94
2022-03-31 00:29:44,543.94
2022-03-31 00:29:49,543.88
2022-03-31 00:29:54,543.88
2022-03-31 00:29:59,543.85
2022-03-31 00:30:04,543.85
2022-03-31 00:30:09,543.78
2022-03-31 00:30:14,543.79
2022-03-31 00:30:19,543.72
2022-03-31 00:30:24,543.66
2022-03-31 00:30:29,543.66
2022-03-31 00:30:34,543.59
2022-03-31 00:30:39,543.6
2022-03-31 00:30:44,543.56
2022-03-31 00:30:49,543.56
2022-03-31 00:30:54,543.5
2022-03-31 00:30:59,543.5
2022-03-31 00:31:04,527.9616193407744
2022-03-31 00:31:09,543.37
2022-03-31 00:31:14,543.37
2022-03-31 00:31:19,543.34
2022-03-31 00:31:24,528.0024358395311
2022-03-31 00:31:29,543.21
2022-03-31 00:31:34,528.0222658240584
2022-03-31 00:31:39,543.21
2022-03-31 00:31:44,543.15
2022-03-31 00:31:49,543.08
2022-03-31 00:31:54,528.0607000029557
2022-03-31 00:31:59,543.08
2022-03-31 00:32:04,543.05
2022-03-31 00:32:09,543.08
2022-03-31 00:32:14,543.05
2022-03-31 00:32:19,543.05
2022-03-31 00:32:24,542.99
2022-03-31 00:32:29,542.99
2022-03-31 00:32:34,542.92
2022-03-31 00:32:39,542.99
2022-03-31 00:32:44,542.86
2022-03-31 00:32:49,542.86
2022-03-31 00:32:54,542.86
2022-03-31 00:32:59,528.1731118306237
2022-03-31 00:33:04,542.83
2022-03-31 00:33:09,542.7
2022-03-31 00:33:14,542.76
2022-03-31 00:33:19,542.76
2022-03-31 00:33:24,542.76
2022-03-31 00:33:29,542.7
2022-03-31 00:33:34,542.63
2022-03-31 00:33:39,542.63
2022-03-31 00:33:44,542.63
2022-03-31 00:33:49,542.63
2022-03-31 00:33:54,542.57
2022-03-31 00:33:59,542.57
2022-03-31 00:34:04,542.57
2022-03-31 00:34:09,542.54
2022-03-31 00:34:14,542.57
2022-03-31 00:34:19,542.57
2022-03-31 00:34:24,542.54
2022-03-31 00:34:29,542.53
2022-03-31 00:34:34,542.53
2022-03-31 00:34:39,542.54
2022-03-31 00:34:44,542.47
2022-03-31 00:34:49,542.47
2022-03-31 00:34:54,542.41
2022-03-31 00:34:59,542.41
2022-03-31 00:35:04,542.34
2022-03-31 00:35:09,542.34
2022-03-31 00:35:14,528.3317866534725
2022-03-31 00:35:19,542.34
2022-03-31 00:35:24,542.31
2022-03-31 00:35:29,542.34
2022-03-31 00:35:34,542.31
2022-03-31 00:35:39,542.24
2022-03-31 00:35:44,542.24
2022-03-31 00:35:49,542.31
2022-03-31 00:35:54,528.3555313016699
2022-03-31 00:35:59,542.24
2022-03-31 00:36:04,542.24
2022-03-31 00:36:09,542.24
2022-03-31 00:36:14,542.24
2022-03-31 00:36:19,542.17
2022-03-31 00:36:24,542.18
2022-03-31 00:36:29,542.18
2022-03-31 00:36:34,542.18
2022-03-31 00:36:39,528.3675858199013
2022-03-31 00:36:44,542.17
2022-03-31 00:36:49,542.17
2022-03-31 00:36:54,542.11
2022-03-31 00:36:59,542.11
2022-03-31 00:37:04,542.11
2022-03-31 00:37:09,542.11
2022-03-31 00:37:14,528.365455645538
2022-03-31 00:37:19,542.11
2022-03-31 00:37:24,528.3629043584465
2022-03-31 00:37:29,542.11
2022-03-31 00:37:34,542.11
2022-03-31 00:37:39,542.11
2022-03-31 00:37:44,542.18
2022-03-31 00:37:49,542.11
2022-03-31 00:37:54,542.05
2022-03-31 00:37:59,542.11
2022-03-31 00:38:04,542.17
2022-03-31 00:38:09,542.11
2022-03-31 00:38:14,542.18
2022-03-31 00:38:19,528.3326135248064
2022-03-31 00:38:24,542.11
2022-03-31 00:38:29,542.18
2022-03-31 00:38:34,542.18
2022-03-31 00:38:39,542.24
2022-03-31 00:38:44,542.18
2022-03-31 00:38:49,542.24
2022-03-31 00:38:54,542.31
2022-03-31 00:38:59,542.31
2022-03-31 00:39:04,542.31
2022-03-31 00:39:09,542.34
2022-03-31 00:39:14,528.2731317726093
2022-03-31 00:39:19,542.41
2022-03-31 00:39:24,542.47
2022-03-31 00:39:29,542.41
2022-03-31 00:39:34,542.41
2022-03-31 00:39:39,528.23582137799
2022-03-31 00:39:44,542.54
2022-03-31 00:39:49,542.54
2022-03-31 00:39:54,542.54
2022-03-31 00:39:59,528.2011539738347
2022-03-31 00:40:04,542.54
2022-03-31 00:40:09,528.1822241804525
2022-03-31 00:40:14,542.54
2022-03-31 00:40:19,542.64
2022-03-31 00:40:24,542.64
2022-03-31 00:40:29,542.64
2022-03-31 00:40:34,542.7
2022-03-31 00:40:39,542.71
2022-03-31 00:40:44,542.71
2022-03-31 00:40:49,528.0964163169128
2022-03-31 00:40:54,542.71
2022-03-31 00:40:59,542.71
2022-03-31 00:41:04,528.0602919296653
2022-03-31 00:41:09,542.77
2022-03-31 00:41:14,542.77
2022-03-31 00:41:19,542.84
2022-03-31 00:41:24,528.0089882194495
2022-03-31 00:41:29,527.9956220199068
2022-03-31 00:41:34,527.9820457296443
2022-03-31 00:41:39,542.87
2022-03-31 00:41:44,542.87
2022-03-31 00:41:49,542.94
2022-03-31 00:41:54,542.94
2022-03-31 00:41:59,542.94
2022-03-31 00:42:04,543.0
2022-03-31 00:42:09,543.0
2022-03-31 00:42:14,543.0
2022-03-31 00:42:19,543.0
2022-03-31 00:42:24,543.07
2022-03-31 00:42:29,543.07
2022-03-31 00:42:34,543.07
2022-03-31 00:42:39,543.07
2022-03-31 00:42:44,527.7716032016162
2022-03-31 00:42:49,543.1
2022-03-31 00:42:54,543.1
2022-03-31 00:42:59,543.1
2022-03-31 00:43:04,543.07
2022-03-31 00:43:09,543.07
2022-03-31 00:43:14,543.1
2022-03-31 00:43:19,543.1
2022-03-31 00:43:24,543.07
2022-03-31 00:43:29,527.6187268021138
2022-03-31 00:43:34,543.1
2022-03-31 00:43:39,543.07
2022-03-31 00:43:44,543.07
2022-03-31 00:43:49,543.07
2022-03-31 00:43:54,543.07
2022-03-31 00:43:59,543.1
2022-03-31 00:44:04,543.1
2022-03-31 00:44:09,543.07
2022-03-31 00:44:14,543.07
2022-03-31 00:44:19,543.1
2022-03-31 00:44:24,543.1
2022-03-31 00:44:29,543.1
2022-03-31 00:44:34,543.07
2022-03-31 00:44:39,543.1
2022-03-31 00:44:44,543.07
2022-03-31 00:44:49,527.320775991962
2022-03-31 00:44:54,543.1
2022-03-31 00:44:59,543.1
2022-03-31 00:45:04,543.07
2022-03-31 00:45:09,543.07
2022-03-31 00:45:14,543.0
2022-03-31 00:45:19,543.07
2022-03-31 00:45:24,527.182472628951
2022-03-31 00:45:29,543.0
2022-03-31 00:45:34,543.0
2022-03-31 00:45:39,543.0
2022-03-31 00:45:44,542.94
2022-03-31 00:45:49,543.0
2022-03-31 00:45:54,527.061209800126
2022-03-31 00:45:59,542.93
2022-03-31 00:46:04,542.93
2022-03-31 00:46:09,542.84
2022-03-31 00:46:14,542.84
2022-03-31 00:46:19,542.87
2022-03-31 00:46:24,542.87
2022-03-31 00:46:29,542.87
2022-03-31 00:46:34,542.87
2022-03-31 00:46:39,542.87
2022-03-31 00:46:44,542.87
2022-03-31 00:46:49,542.84
2022-03-31 00:46:54,542.87
2022-03-31 00:46:59,542.87
2022-03-31 00:47:04,542.84
2022-03-31 00:47:09,542.84
2022-03-31 00:47:14,542.84
2022-03-31 00:47:19,542.84
2022-03-31 00:47:24,542.84
2022-03-31 00:47:29,542.84
2022-03-31 00:47:34,542.84
2022-03-31 00:47:39,542.78
2022-03-31 00:47:44,542.78
2022-03-31 00:47:49,526.585176530689
2022-03-31 00:47:54,542.78
2022-03-31 00:47:59,542.78
2022-03-31 00:48:04,542.72
2022-03-31 00:48:09,542.78
2022-03-31 00:48:14,542.72
2022-03-31 00:48:19,526.4611283489234
2022-03-31 00:48:24,542.72
2022-03-31 00:48:29,542.78
2022-03-31 00:48:34,542.72
2022-03-31 00:48:39,526.3791224483274
2022-03-31 00:48:44,542.72
2022-03-31 00:48:49,542.72
2022-03-31 00:48:54,542.66
2022-03-31 00:48:59,542.73
2022-03-31 00:49:04,542.66
2022-03-31 00:49:09,526.2576343743676
2022-03-31 00:49:14,526.237602402003
2022-03-31 00:49:19,542.66
2022-03-31 00:49:24,542.66
2022-03-31 00:49:29,542.66
2022-03-31 00:49:34,542.66
2022-03-31 00:49:39,542.6
2022-03-31 00:49:44,542.67
2022-03-31 00:49:49,542.66
2022-03-31 00:49:54,542.6
2022-03-31 00:49:59,542.6
2022-03-31 00:50:04,542.6
2022-03-31 00:50:09,542.57
2022-03-31 00:50:14,542.51
2022-03-31 00:50:19,542.51
2022-03-31 00:50:24,542.44
2022-03-31 00:50:29,542.44
2022-03-31 00:50:34,542.44
2022-03-31 00:50:39,542.44
2022-03-31 00:50:44,542.38
2022-03-31 00:50:49,542.38
2022-03-31 00:50:54,542.35
2022-03-31 00:50:59,542.35
2022-03-31 00:51:04,542.35
2022-03-31 00:51:09,542.35
2022-03-31 00:51:14,542.38
2022-03-31 00:51:19,542.35
2022-03-31 00:51:24,542.35
2022-03-31 00:51:29,542.29
2022-03-31 00:51:34,542.29
2022-03-31 00:51:39,542.22
2022-03-31 00:51:44,542.29
2022-03-31 00:51:49,542.16
2022-03-31 00:51:54,542.22
2022-03-31 00:51:59,542.22
2022-03-31 00:52:04,542.16
2022-03-31 00:52:09,542.16
2022-03-31 00:52:14,542.16
2022-03-31 00:52:19,525.5708377807497
2022-03-31 00:52:24,542.09
2022-03-31 00:52:29,542.16
2022-03-31 00:52:34,542.09
2022-03-31 00:52:39,542.16
2022-03-31 00:52:44,542.16
2022-03-31 00:52:49,542.16
2022-03-31 00:52:54,542.09
2022-03-31 00:52:59,525.4540318884867
2022-03-31 00:53:04,542.16
2022-03-31 00:53:09,542.16
2022-03-31 00:53:14,542.16
2022-03-31 00:53:19,525.4004564093768
2022-03-31 00:53:24,542.16
2022-03-31 00:53:29,542.22
2022-03-31 00:53:34,542.22
2022-03-31 00:53:39,525.3503560128484
2022-03-31 00:53:44,525.3383964631539
2022-03-31 00:53:49,542.22
2022-03-31 00:53:54,525.3151770383014
2022-03-31 00:53:59,542.29
2022-03-31 00:54:04,542.28
2022-03-31 00:54:09,542.35
2022-03-31 00:54:14,542.35
2022-03-31 00:54:19,542.35
2022-03-31 00:54:24,542.38
2022-03-31 00:54:29,542.38
2022-03-31 00:54:34,542.44
2022-03-31 00:54:39,542.45
2022-03-31 00:54:44,542.44
2022-03-31 00:54:49,525.203983485067
2022-03-31 00:54:54,542.51
2022-03-31 00:54:59,542.51
2022-03-31 00:55:04,542.51
2022-03-31 00:55:09,542.57
2022-03-31 00:55:14,542.61
2022-03-31 00:55:19,542.57
2022-03-31 00:55:24,542.57
2022-03-31 00:55:29,542.57
2022-03-31 00:55:34,542.61
2022-03-31 00:55:39,542.61
2022-03-31 00:55:44,542.67
2022-03-31 00:55:49,542.67
2022-03-31 00:55:54,542.74
2022-03-31 00:55:59,525.1002032294109
2022-03-31 00:56:04,542.74
2022-03-31 00:56:09,542.8
2022-03-31 00:56:14,542.8
2022-03-31 00:56:19,525.0777136203681
2022-03-31 00:56:24,542.81
2022-03-31 00:56:29,542.8
2022-03-31 00:56:34,542.81
2022-03-31 00:56:39,542.81
2022-03-31 00:56:44,542.81
2022-03-31 00:56:49,525.0495326090966
2022-03-31 00:56:54,542.81
2022-03-31 00:56:59,542.74
2022-03-31 00:57:04,542.81
2022-03-31 00:57:09,542.75
2022-03-31 00:57:14,542.75
2022-03-31 00:57:19,542.68
2022-03-31 00:57:24,542.68
2022-03-31 00:57:29,542.68
2022-03-31 00:57:34,542.68
2022-03-31 00:57:39,542.75
2022-03-31 00:57:44,542.62
2022-03-31 00:57:49,542.62
2022-03-31 00:57:54,542.59
2022-03-31 00:57:59,542.59
2022-03-31 00:58:04,542.59
2022-03-31 00:58:09,542.53
2022-03-31 00:58:14,542.53
2022-03-31 00:58:19,542.47
2022-03-31 00:58:24,542.47
2022-03-31 00:58:29,542.47
2022-03-31 00:58:34,542.4
2022-03-31 00:58:39,542.37
2022-03-31 00:58:44,542.31
2022-03-31 00:58:49,542.3
2022-03-31 00:58:54,542.24
2022-03-31 00:58:59,542.18
2022-03-31 00:59:04,524.9956888044205
2022-03-31 00:59:09,542.12
2022-03-31 00:59:14,542.08
2022-03-31 00:59:19,542.08
2022-03-31 00:59:24,542.02
2022-03-31 00:59:29,542.02
2022-03-31 00:59:34,524.9977146481956
2022-03-31 00:59:39,541.96
2022-03-31 00:59:44,541.89
2022-03-31 00:59:49,541.86
2022-03-31 00:59:54,541.8
2022-03-31 00:59:59,525.0026871810003
2022-03-31 01:00:04,541.73
2022-03-31 01:00:09,541.73
2022-03-31 01:00:14,541.67
2022-03-31 01:00:19,541.6
2022-03-31 01:00:24,525.0104150005301
2022-03-31 01:00:29,541.57
2022-03-31 01:00:34,541.51
2022-03-31 01:00:39,541.51
2022-03-31 01:00:44,541.44
2022-03-31 01:00:49,541.38
2022-03-31 01:00:54,541.38
2022-03-31 01:00:59,541.35
2022-03-31 01:01:04,541.35
2022-03-31 01:01:09,541.29
2022-03-31 01:01:14,541.29
2022-03-31 01:01:19,541.22
2022-03-31 01:01:24,525.0389104145091
2022-03-31 01:01:29,541.15
2022-03-31 01:01:34,541.15
2022-03-31 01:01:39,541.09
2022-03-31 01:01:44,541.15
2022-03-31 01:01:49,541.09
2022-03-31 01:01:54,541.06
2022-03-31 01:01:59,540.99
2022-03-31 01:02:04,541.06
2022-03-31 01:02:09,541.06
2022-03-31 01:02:14,541.06
2022-03-31 01:02:19,541.06
2022-03-31 01:02:24,540.99
2022-03-31 01:02:29,525.0828211838846
2022-03-31 01:02:34,540.99
2022-03-31 01:02:39,540.93
2022-03-31 01:02:44,540.93
2022-03-31 01:02:49,540.83
2022-03-31 01:02:54,540.86
2022-03-31 01:02:59,540.83
2022-03-31 01:03:04,540.83
2022-03-31 01:03:09,540.83
2022-03-31 01:03:14,540.76
2022-03-31 01:03:19,540.76
2022-03-31 01:03:24,540.76
2022-03-31 01:03:29,540.77
2022-03-31 01:03:34,540.7
2022-03-31 01:03:39,540.7
2022-03-31 01:03:44,540.7
2022-03-31 01:03:49,540.63
2022-03-31 01:03:54,540.7
2022-03-31 01:03:59,540.64
2022-03-31 01:04:04,540.64
2022-03-31 01:04:09,540.57
2022-03-31 01:04:14,540.64
2022-03-31 01:04:19,540.57
2022-03-31 01:04:24,540.54
2022-03-31 01:04:29,540.54
2022-03-31 01:04:34,540.54
2022-03-31 01:04:39,540.54
2022-03-31 01:04:44,540.48
2022-03-31 01:04:49,540.48
2022-03-31 01:04:54,540.48
2022-03-31 01:04:59,540.48
2022-03-31 01:05:04,540.41
2022-03-31 01:05:09,540.48
2022-03-31 01:05:14,540.41
2022-03-31 01:05:19,540.42
2022-03-31 01:05:24,525.2394141616597
2022-03-31 01:05:29,540.42
2022-03-31 01:05:34,525.248986600534
2022-03-31 01:05:39,540.35
2022-03-31 01:05:44,540.35
2022-03-31 01:05:49,540.35
2022-03-31 01:05:54,540.32
2022-03-31 01:05:59,540.32
2022-03-31 01:06:04,540.32
2022-03-31 01:06:09,540.26
2022-03-31 01:06:14,540.33
2022-03-31 01:06:19,540.26
2022-03-31 01:06:24,540.26
2022-03-31 01:06:29,540.33
2022-03-31 01:06:34,540.26
2022-03-31 01:06:39,540.26
2022-03-31 01:06:44,540.27
2022-03-31 01:06:49,540.27
2022-03-31 01:06:54,540.27
2022-03-31 01:06:59,540.2
2022-03-31 01:07:04,540.2
2022-03-31 01:07:09,525.3368538017114
2022-03-31 01:07:14,540.2
2022-03-31 01:07:19,525.3455014314613
2022-03-31 01:07:24,525.3497632649581
2022-03-31 01:07:29,540.21
2022-03-31 01:07:34,540.14
2022-03-31 01:07:39,540.21
2022-03-31 01:07:44,540.21
2022-03-31 01:07:49,540.21
2022-03-31 01:07:54,540.15
2022-03-31 01:07:59,540.21
2022-03-31 01:08:04,540.21
2022-03-31 01:08:09,540.21
2022-03-31 01:08:14,540.27
2022-03-31 01:08:19,540.28
2022-03-31 01:08:24,540.34
2022-03-31 01:08:29,540.28
2022-03-31 01:08:34,540.28
2022-03-31 01:08:39,540.34
2022-03-31 01:08:44,540.34
2022-03-31 01:08:49,540.34
2022-03-31 01:08:54,540.34
2022-03-31 01:08:59,540.34
2022-03-31 01:09:04,540.38
2022-03-31 01:09:09,540.38
2022-03-31 01:09:14,540.37
2022-03-31 01:09:19,540.38
2022-03-31 01:09:24,540.38
2022-03-31 01:09:29,540.38
2022-03-31 01:09:34,540.44
2022-03-31 01:09:39,540.44
2022-03-31 01:09:44,540.5
2022-03-31 01:09:49,525.4489455648611
2022-03-31 01:09:54,540.5
2022-03-31 01:09:59,540.57
2022-03-31 01:10:04,540.57
2022-03-31 01:10:09,540.5
2022-03-31 01:10:14,525.4602990415742
2022-03-31 01:10:19,540.57
2022-03-31 01:10:24,540.57
2022-03-31 01:10:29,540.6
2022-03-31 01:10:34,540.5
2022-03-31 01:10:39,540.5
2022-03-31 01:10:44,540.5
2022-03-31 01:10:49,525.4728481496861
2022-03-31 01:10:54,540.44
2022-03-31 01:10:59,525.4756798911098
2022-03-31 01:11:04,540.44
2022-03-31 01:11:09,540.38
2022-03-31 01:11:14,525.4792731408684
2022-03-31 01:11:19,540.37
2022-03-31 01:11:24,540.28
2022-03-31 01:11:29,540.28
2022-03-31 01:11:34,540.28
2022-03-31 01:11:39,540.21
2022-03-31 01:11:44,540.15
2022-03-31 01:11:49,540.08
2022-03-31 01:11:54,540.08
2022-03-31 01:11:59,540.05
2022-03-31 01:12:04,539.99
2022-03-31 01:12:09,539.99
2022-03-31 01:12:14,539.98
2022-03-31 01:12:19,525.485223773388
2022-03-31 01:12:24,539.86
2022-03-31 01:12:29,539.86
2022-03-31 01:12:34,539.82
2022-03-31 01:12:39,539.76
2022-03-31 01:12:44,539.76
2022-03-31 01:12:49,539.63
2022-03-31 01:12:54,539.63
2022-03-31 01:12:59,539.57
2022-03-31 01:13:04,539.47
2022-03-31 01:13:09,539.47
2022-03-31 01:13:14,525.4770087212827
2022-03-31 01:13:19,539.34
2022-03-31 01:13:24,525.4741114952799
2022-03-31 01:13:29,539.31
2022-03-31 01:13:34,525.470764889115
2022-03-31 01:13:39,539.12
2022-03-31 01:13:44,539.05
2022-03-31 01:13:49,539.06
2022-03-31 01:13:54,539.02
2022-03-31 01:13:59,538.89
2022-03-31 01:14:04,538.83
2022-03-31 01:14:09,538.8
2022-03-31 01:14:14,538.74
2022-03-31 01:14:19,538.61
2022-03-31 01:14:24,538.54
2022-03-31 01:14:29,538.51
2022-03-31 01:14:34,538.45
2022-03-31 01:14:39,538.38
2022-03-31 01:14:44,538.29
2022-03-31 01:14:49,538.22
2022-03-31 01:14:54,538.16
2022-03-31 01:14:59,538.1
2022-03-31 01:15:04,538.03
2022-03-31 01:15:09,538.03
2022-03-31 01:15:14,537.94
2022-03-31 01:15:19,537.87
2022-03-31 01:15:24,537.78
2022-03-31 01:15:29,537.78
2022-03-31 01:15:34,537.78
2022-03-31 01:15:39,537.71
2022-03-31 01:15:44,525.3831787139619
2022-03-31 01:15:49,537.52
2022-03-31 01:15:54,537.49
2022-03-31 01:15:59,537.43
2022-03-31 01:16:04,537.36
2022-03-31 01:16:09,537.3
2022-03-31 01:16:14,537.27
2022-03-31 01:16:19,537.27
2022-03-31 01:16:24,537.21
2022-03-31 01:16:29,537.14
2022-03-31 01:16:34,537.08
2022-03-31 01:16:39,537.01
2022-03-31 01:16:44,537.02
2022-03-31 01:16:49,536.98
2022-03-31 01:16:54,536.92
2022-03-31 01:16:59,536.85
2022-03-31 01:17:04,536.79
2022-03-31 01:17:09,536.76
2022-03-31 01:17:14,536.79
2022-03-31 01:17:19,536.7
2022-03-31 01:17:24,525.2536554278827
2022-03-31 01:17:29,536.7
2022-03-31 01:17:34,536.63
2022-03-31 01:17:39,536.57
2022-03-31 01:17:44,525.2205652520954
2022-03-31 01:17:49,536.5
2022-03-31 01:17:54,536.5
2022-03-31 01:17:59,536.47
2022-03-31 01:18:04,536.47
2022-03-31 01:18:09,536.41
2022-03-31 01:18:14,536.41
2022-03-31 01:18:19,536.41
2022-03-31 01:18:24,536.41
2022-03-31 01:18:29,536.47
2022-03-31 01:18:34,525.1266663941427
2022-03-31 01:18:39,536.48
2022-03-31 01:18:44,536.41
2022-03-31 01:18:49,536.48
2022-03-31 01:18:54,536.47
2022-03-31 01:18:59,536.51
2022-03-31 01:19:04,525.0623851572233
2022-03-31 01:19:09,536.57
2022-03-31 01:19:14,536.57
2022-03-31 01:19:19,536.57
2022-03-31 01:19:24,536.7
2022-03-31 01:19:29,536.7
2022-03-31 01:19:34,536.76
2022-03-31 01:19:39,536.8
2022-03-31 01:19:44,536.86
2022-03-31 01:19:49,536.99
2022-03-31 01:19:54,524.9414062349204
2022-03-31 01:19:59,537.02
2022-03-31 01:20:04,524.9150708877128
2022-03-31 01:20:09,524.9016300782295
2022-03-31 01:20:14,537.28
2022-03-31 01:20:19,537.31
2022-03-31 01:20:24,537.38
2022-03-31 01:20:29,537.54
2022-03-31 01:20:34,537.67
2022-03-31 01:20:39,537.73
2022-03-31 01:20:44,537.89
2022-03-31 01:20:49,538.02
2022-03-31 01:20:54,524.7723111324153
2022-03-31 01:20:59,538.24
2022-03-31 01:21:04,524.7414935513463
2022-03-31 01:21:09,538.47
2022-03-31 01:21:14,524.7099044182212
2022-03-31 01:21:19,538.82
2022-03-31 01:21:24,538.92
2022-03-31 01:21:29,539.08
2022-03-31 01:21:34,539.21
2022-03-31 01:21:39,539.37
2022-03-31 01:21:44,539.56
2022-03-31 01:21:49,539.66
2022-03-31 01:21:54,539.85
2022-03-31 01:21:59,539.95
2022-03-31 01:22:04,540.11
2022-03-31 01:22:09,524.5220609571616
2022-03-31 01:22:14,540.4
2022-03-31 01:22:19,540.6
2022-03-31 01:22:24,540.69
2022-03-31 01:22:29,540.82
2022-03-31 01:22:34,541.05
2022-03-31 01:22:39,541.14
2022-03-31 01:22:44,541.34
2022-03-31 01:22:49,541.43
2022-03-31 01:22:54,524.350686536062
2022-03-31 01:22:59,541.79
2022-03-31 01:23:04,541.95
2022-03-31 01:23:09,542.17
2022-03-31 01:23:14,542.3
2022-03-31 01:23:19,542.47
2022-03-31 01:23:24,542.66
2022-03-31 01:23:29,542.76
2022-03-31 01:23:34,542.95
2022-03-31 01:23:39,543.11
2022-03-31 01:23:44,543.27
2022-03-31 01:23:49,543.34
2022-03-31 01:23:54,543.57
2022-03-31 01:23:59,543.69
2022-03-31 01:24:04,543.79
2022-03-31 01:24:09,543.99
2022-03-31 01:24:14,544.02
2022-03-31 01:24:19,523.9898533138677
2022-03-31 01:24:24,544.24
2022-03-31 01:24:29,544.44
2022-03-31 01:24:34,544.5
2022-03-31 01:24:39,544.6
2022-03-31 01:24:44,544.73
2022-03-31 01:24:49,544.83
2022-03-31 01:24:54,545.02
2022-03-31 01:24:59,545.12
2022-03-31 01:25:04,545.18
2022-03-31 01:25:09,545.28
2022-03-31 01:25:14,545.41
2022-03-31 01:25:19,545.54
2022-03-31 01:25:24,545.57
2022-03-31 01:25:29,545.77
2022-03-31 01:25:34,523.6400640338384
2022-03-31 01:25:39,545.93
2022-03-31 01:25:44,545.99
2022-03-31 01:25:49,546.06
2022-03-31 01:25:54,546.16
2022-03-31 01:25:59,546.22
2022-03-31 01:26:04,546.32
2022-03-31 01:26:09,523.4694720349793
2022-03-31 01:26:14,546.44
2022-03-31 01:26:19,546.51
2022-03-31 01:26:24,546.61
2022-03-31 01:26:29,546.67
2022-03-31 01:26:34,546.67
2022-03-31 01:26:39,546.83
2022-03-31 01:26:44,546.9
2022-03-31 01:26:49,546.9
2022-03-31 01:26:54,546.96
2022-03-31 01:26:59,547.03
2022-03-31 01:27:04,523.1948983808345
2022-03-31 01:27:09,547.09
2022-03-31 01:27:14,547.12
2022-03-31 01:27:19,547.12
2022-03-31 01:27:24,547.19
2022-03-31 01:27:29,547.13
2022-03-31 01:27:34,547.19
2022-03-31 01:27:39,547.19
2022-03-31 01:27:44,547.19
2022-03-31 01:27:49,547.19
2022-03-31 01:27:54,547.19
2022-03-31 01:27:59,547.12
2022-03-31 01:28:04,547.12
2022-03-31 01:28:09,522.8645383355822
2022-03-31 01:28:14,547.09
2022-03-31 01:28:19,547.03
2022-03-31 01:28:24,546.96
2022-03-31 01:28:29,546.83
2022-03-31 01:28:34,546.83
2022-03-31 01:28:39,546.8
2022-03-31 01:28:44,546.67
2022-03-31 01:28:49,546.61
2022-03-31 01:28:54,546.51
2022-03-31 01:28:59,546.38
2022-03-31 01:29:04,546.32
2022-03-31 01:29:09,546.22
2022-03-31 01:29:14,546.06
2022-03-31 01:29:19,545.99
2022-03-31 01:29:24,545.87
2022-03-31 01:29:29,545.77
2022-03-31 01:29:34,545.64
2022-03-31 01:29:39,545.48
2022-03-31 01:29:44,545.28
2022-03-31 01:29:49,522.3570365296105
2022-03-31 01:29:54,545.03
2022-03-31 01:29:59,544.83
2022-03-31 01:30:04,544.67
2022-03-31 01:30:09,544.54
2022-03-31 01:30:14,544.44
2022-03-31 01:30:19,544.25
2022-03-31 01:30:24,544.03
2022-03-31 01:30:29,543.93
2022-03-31 01:30:34,543.74
2022-03-31 01:30:39,543.57
2022-03-31 01:30:44,543.48
2022-03-31 01:30:49,543.28
2022-03-31 01:30:54,543.12
2022-03-31 01:30:59,542.96
2022-03-31 01:31:04,542.9
2022-03-31 01:31:09,542.7
2022-03-31 01:31:14,521.9406094951412
2022-03-31 01:31:19,542.45
2022-03-31 01:31:24,542.25
2022-03-31 01:31:29,542.16
2022-03-31 01:31:34,541.96
2022-03-31 01:31:39,541.8
2022-03-31 01:31:44,541.67
2022-03-31 01:31:49,541.58
2022-03-31 01:31:54,541.45
2022-03-31 01:31:59,541.35
2022-03-31 01:32:04,521.7078153562495
2022-03-31 01:32:09,541.06
2022-03-31 01:32:14,521.6626528161852
2022-03-31 01:32:19,521.6402637406825
2022-03-31 01:32:24,540.71
2022-03-31 01:32:29,540.65
2022-03-31 01:32:34,540.55
2022-03-31 01:32:39,540.42
2022-03-31 01:32:44,540.33
2022-03-31 01:32:49,540.2
2022-03-31 01:32:54,540.13
2022-03-31 01:32:59,540.1
2022-03-31 01:33:04,539.91
2022-03-31 01:33:09,539.88
2022-03-31 01:33:14,539.75
2022-03-31 01:33:19,521.3826484641049
2022-03-31 01:33:24,539.59
2022-03-31 01:33:29,521.3418867386142
2022-03-31 01:33:34,539.46
2022-03-31 01:33:39,539.4
2022-03-31 01:33:44,539.24
2022-03-31 01:33:49,539.24
2022-03-31 01:33:54,539.11
2022-03-31 01:33:59,521.223763355556
2022-03-31 01:34:04,539.02
2022-03-31 01:34:09,538.89
2022-03-31 01:34:14,538.89
2022-03-31 01:34:19,538.86
2022-03-31 01:34:24,538.79
2022-03-31 01:34:29,521.1123390686156
2022-03-31 01:34:34,538.66
2022-03-31 01:34:39,538.67
2022-03-31 01:34:44,538.66
2022-03-31 01:34:49,538.6
2022-03-31 01:34:54,538.57
2022-03-31 01:34:59,538.5
2022-03-31 01:35:04,538.5
2022-03-31 01:35:09,538.44
2022-03-31 01:35:14,538.44
2022-03-31 01:35:19,538.38
2022-03-31 01:35:24,538.38
2022-03-31 01:35:29,538.34
2022-03-31 01:35:34,538.28
2022-03-31 01:35:39,538.35
2022-03-31 01:35:44,538.28
2022-03-31 01:35:49,538.28
2022-03-31 01:35:54,520.8381508505894
2022-03-31 01:35:59,520.8241288615857
2022-03-31 01:36:04,538.22
2022-03-31 01:36:09,538.22
2022-03-31 01:36:14,538.15
2022-03-31 01:36:19,538.15
2022-03-31 01:36:24,538.15
2022-03-31 01:36:29,520.7453473391045
2022-03-31 01:36:34,520.7331220250379
2022-03-31 01:36:39,538.15
2022-03-31 01:36:44,538.09
2022-03-31 01:36:49,538.09
2022-03-31 01:36:54,538.09
2022-03-31 01:36:59,538.06
2022-03-31 01:37:04,538.06
2022-03-31 01:37:09,538.09
2022-03-31 01:37:14,538.09
2022-03-31 01:37:19,538.06
2022-03-31 01:37:24,538.06
2022-03-31 01:37:29,538.05
2022-03-31 01:37:34,538.06
2022-03-31 01:37:39,538.05
2022-03-31 01:37:44,537.99
2022-03-31 01:37:49,538.06
2022-03-31 01:37:54,537.99
2022-03-31 01:37:59,537.99
2022-03-31 01:38:04,537.99
2022-03-31 01:38:09,537.99
2022-03-31 01:38:14,537.93
2022-03-31 01:38:19,537.93
2022-03-31 01:38:24,537.92
2022-03-31 01:38:29,537.86
2022-03-31 01:38:34,537.83
2022-03-31 01:38:39,520.5149454747591
2022-03-31 01:38:44,520.5098314425002
2022-03-31 01:38:49,537.76
2022-03-31 01:38:54,537.76
2022-03-31 01:38:59,537.7
2022-03-31 01:39:04,537.63
2022-03-31 01:39:09,537.57
2022-03-31 01:39:14,537.54
2022-03-31 01:39:19,537.47
2022-03-31 01:39:24,537.4
2022-03-31 01:39:29,537.4
2022-03-31 01:39:34,537.34
2022-03-31 01:39:39,537.34
2022-03-31 01:39:44,537.31
2022-03-31 01:39:49,537.24
2022-03-31 01:39:54,537.24
2022-03-31 01:39:59,520.4680808522484
2022-03-31 01:40:04,537.17
2022-03-31 01:40:09,520.4675668210867
2022-03-31 01:40:14,537.11
2022-03-31 01:40:19,537.05
2022-03-31 01:40:24,537.05
2022-03-31 01:40:29,537.01
2022-03-31 01:40:34,537.01
2022-03-31 01:40:39,536.95
2022-03-31 01:40:44,536.89
2022-03-31 01:40:49,536.95
2022-03-31 01:40:54,520.4803868473061
2022-03-31 01:40:59,536.95
2022-03-31 01:41:04,536.95
2022-03-31 01:41:09,536.95
2022-03-31 01:41:14,520.4941609014022
2022-03-31 01:41:19,536.95
2022-03-31 01:41:24,536.95
2022-03-31 01:41:29,537.01
2022-03-31 01:41:34,536.94
2022-03-31 01:41:39,537.01
2022-03-31 01:41:44,537.04
2022-03-31 01:41:49,537.04
2022-03-31 01:41:54,537.04
2022-03-31 01:41:59,537.04
2022-03-31 01:42:04,537.11
2022-03-31 01:42:09,520.5583136231306
2022-03-31 01:42:14,537.11
2022-03-31 01:42:19,537.17
2022-03-31 01:42:24,537.23
2022-03-31 01:42:29,520.5913824850594
2022-03-31 01:42:34,537.33
2022-03-31 01:42:39,537.33
2022-03-31 01:42:44,537.46
2022-03-31 01:42:49,537.52
2022-03-31 01:42:54,537.53
2022-03-31 01:42:59,537.62
2022-03-31 01:43:04,537.69
2022-03-31 01:43:09,537.75
2022-03-31 01:43:14,520.685240704176
2022-03-31 01:43:19,537.85
2022-03-31 01:43:24,520.7098099231969
2022-03-31 01:43:29,538.04
2022-03-31 01:43:34,538.13
2022-03-31 01:43:39,538.2
2022-03-31 01:43:44,538.33
2022-03-31 01:43:49,538.36
2022-03-31 01:43:54,538.49
2022-03-31 01:43:59,538.55
2022-03-31 01:44:04,538.59
2022-03-31 01:44:09,538.71
2022-03-31 01:44:14,538.84
2022-03-31 01:44:19,538.94
2022-03-31 01:44:24,539.07
2022-03-31 01:44:29,539.16
2022-03-31 01:44:34,539.23
2022-03-31 01:44:39,539.39
2022-03-31 01:44:44,539.45
2022-03-31 01:44:49,539.58
2022-03-31 01:44:54,520.9933789955724
2022-03-31 01:44:59,539.81
2022-03-31 01:45:04,539.9
2022-03-31 01:45:09,540.1
2022-03-31 01:45:14,540.19
2022-03-31 01:45:19,540.32
2022-03-31 01:45:24,540.42
2022-03-31 01:45:29,540.54
2022-03-31 01:45:34,540.64
2022-03-31 01:45:39,540.77
2022-03-31 01:45:44,540.93
2022-03-31 01:45:49,541.06
2022-03-31 01:45:54,541.15
2022-03-31 01:45:59,541.34
2022-03-31 01:46:04,541.44
2022-03-31 01:46:09,541.57
2022-03-31 01:46:14,541.67
2022-03-31 01:46:19,521.3680032332951
2022-03-31 01:46:24,521.3933770985248
2022-03-31 01:46:29,542.08
2022-03-31 01:46:34,542.18
2022-03-31 01:46:39,542.31
2022-03-31 01:46:44,542.47
2022-03-31 01:46:49,542.6
2022-03-31 01:46:54,542.69
2022-03-31 01:46:59,542.89
2022-03-31 01:47:04,542.98
2022-03-31 01:47:09,543.11
2022-03-31 01:47:14,521.6680129999875
2022-03-31 01:47:19,543.33
2022-03-31 01:47:24,543.46
2022-03-31 01:47:29,543.56
2022-03-31 01:47:34,543.72
2022-03-31 01:47:39,543.85
2022-03-31 01:47:44,544.0
2022-03-31 01:47:49,544.13
2022-03-31 01:47:54,544.23
2022-03-31 01:47:59,544.36
2022-03-31 01:48:04,544.52
2022-03-31 01:48:09,544.58
2022-03-31 01:48:14,544.71
2022-03-31 01:48:19,544.81
2022-03-31 01:48:24,544.94
2022-03-31 01:48:29,545.03
2022-03-31 01:48:34,545.1
2022-03-31 01:48:39,545.23
2022-03-31 01:48:44,545.32
2022-03-31 01:48:49,545.39
2022-03-31 01:48:54,545.52
2022-03-31 01:48:59,545.55
2022-03-31 01:49:04,545.68
2022-03-31 01:49:09,545.74
2022-03-31 01:49:14,545.77
2022-03-31 01:49:19,545.9
2022-03-31 01:49:24,545.97
2022-03-31 01:49:29,522.6055217760489
2022-03-31 01:49:34,546.07
2022-03-31 01:49:39,546.19
2022-03-31 01:49:44,546.19
2022-03-31 01:49:49,546.19
2022-03-31 01:49:54,546.26
2022-03-31 01:49:59,546.35
2022-03-31 01:50:04,546.29
2022-03-31 01:50:09,546.36
2022-03-31 01:50:14,546.42
2022-03-31 01:50:19,546.42
2022-03-31 01:50:24,546.48
2022-03-31 01:50:29,546.55
2022-03-31 01:50:34,523.1631369996679
2022-03-31 01:50:39,523.2089465690892
2022-03-31 01:50:44,546.55
2022-03-31 01:50:49,546.55
2022-03-31 01:50:54,546.58
2022-03-31 01:50:59,546.58
2022-03-31 01:51:04,546.55
2022-03-31 01:51:09,546.55
2022-03-31 01:51:14,546.55
2022-03-31 01:51:19,546.58
2022-03-31 01:51:24,546.55
2022-03-31 01:51:29,546.49
2022-03-31 01:51:34,546.55
2022-03-31 01:51:39,546.49
2022-03-31 01:51:44,523.8404417938759
2022-03-31 01:51:49,546.42
2022-03-31 01:51:54,546.36
2022-03-31 01:51:59,546.36
2022-03-31 01:52:04,546.36
2022-03-31 01:52:09,546.26
2022-03-31 01:52:14,546.2
2022-03-31 01:52:19,546.13
2022-03-31 01:52:24,546.07
2022-03-31 01:52:29,546.07
2022-03-31 01:52:34,545.97
2022-03-31 01:52:39,545.84
2022-03-31 01:52:44,545.78
2022-03-31 01:52:49,545.75
2022-03-31 01:52:54,545.62
2022-03-31 01:52:59,545.46
2022-03-31 01:53:04,545.39
2022-03-31 01:53:09,545.26
2022-03-31 01:53:14,545.23
2022-03-31 01:53:19,545.1
2022-03-31 01:53:24,545.01
2022-03-31 01:53:29,544.94
2022-03-31 01:53:34,544.75
2022-03-31 01:53:39,544.65
2022-03-31 01:53:44,525.1653930579229
2022-03-31 01:53:49,525.2246174310246
2022-03-31 01:53:54,544.36
2022-03-31 01:53:59,544.23
2022-03-31 01:54:04,544.13
2022-03-31 01:54:09,544.0
2022-03-31 01:54:14,543.91
2022-03-31 01:54:19,543.78
2022-03-31 01:54:24,543.68
2022-03-31 01:54:29,543.55
2022-03-31 01:54:34,543.46
2022-03-31 01:54:39,543.33
2022-03-31 01:54:44,543.2
2022-03-31 01:54:49,543.17
2022-03-31 01:54:54,542.97
2022-03-31 01:54:59,526.0835319312131
2022-03-31 01:55:04,542.74
2022-03-31 01:55:09,542.68
2022-03-31 01:55:14,542.52
2022-03-31 01:55:19,542.42
2022-03-31 01:55:24,542.23
2022-03-31 01:55:29,542.16
2022-03-31 01:55:34,542.07
2022-03-31 01:55:39,541.93
2022-03-31 01:55:44,541.84
2022-03-31 01:55:49,541.77
2022-03-31 01:55:54,541.64
2022-03-31 01:55:59,541.55
2022-03-31 01:56:04,541.42
2022-03-31 01:56:09,541.38
2022-03-31 01:56:14,541.26
2022-03-31 01:56:19,541.19
2022-03-31 01:56:24,541.09
2022-03-31 01:56:29,541.09
2022-03-31 01:56:34,540.97
2022-03-31 01:56:39,527.3953998552827
2022-03-31 01:56:44,540.8
2022-03-31 01:56:49,527.5313072902381
2022-03-31 01:56:54,540.67
2022-03-31 01:56:59,540.61
2022-03-31 01:57:04,540.57
2022-03-31 01:57:09,540.51
2022-03-31 01:57:14,540.38
2022-03-31 01:57:19,540.45
2022-03-31 01:57:24,540.38
2022-03-31 01:57:29,540.38
2022-03-31 01:57:34,540.35
2022-03-31 01:57:39,540.35
2022-03-31 01:57:44,540.28
2022-03-31 01:57:49,540.28
2022-03-31 01:57:54,540.28
2022-03-31 01:57:59,540.29
2022-03-31 01:58:04,540.28
2022-03-31 01:58:09,540.28
2022-03-31 01:58:14,540.28
2022-03-31 01:58:19,540.28
2022-03-31 01:58:24,540.28
2022-03-31 01:58:29,540.28
2022-03-31 01:58:34,540.28
2022-03-31 01:58:39,540.28
2022-03-31 01:58:44,529.1433635235601
2022-03-31 01:58:49,540.28
2022-03-31 01:58:54,540.35
2022-03-31 01:58:59,540.28
2022-03-31 01:59:04,540.35
2022-03-31 01:59:09,540.38
2022-03-31 01:59:14,540.35
2022-03-31 01:59:19,540.38
2022-03-31 01:59:24,540.38
2022-03-31 01:59:29,540.38
2022-03-31 01:59:34,540.45
2022-03-31 01:59:39,540.45
2022-03-31 01:59:44,540.51
2022-03-31 01:59:49,540.58
2022-03-31 01:59:54,540.61
2022-03-31 01:59:59,540.61
2022-03-31 02:00:04,540.61
2022-03-31 02:00:09,540.67
2022-03-31 02:00:14,540.74
2022-03-31 02:00:19,540.74
2022-03-31 02:00:24,530.5998195053737
2022-03-31 02:00:29,540.87
2022-03-31 02:00:34,540.87
2022-03-31 02:00:39,540.87
2022-03-31 02:00:44,540.9
2022-03-31 02:00:49,540.97
2022-03-31 02:00:54,541.03
2022-03-31 02:00:59,541.03
2022-03-31 02:01:04,541.09
2022-03-31 02:01:09,541.03
2022-03-31 02:01:14,541.13
2022-03-31 02:01:19,541.13
2022-03-31 02:01:24,541.13
2022-03-31 02:01:29,541.19
2022-03-31 02:01:34,541.26
2022-03-31 02:01:39,541.26
2022-03-31 02:01:44,541.32
2022-03-31 02:01:49,541.39
2022-03-31 02:01:54,541.32
2022-03-31 02:01:59,541.38
2022-03-31 02:02:04,541.42
2022-03-31 02:02:09,541.48
2022-03-31 02:02:14,541.48
2022-03-31 02:02:19,541.48
2022-03-31 02:02:24,541.54
2022-03-31 02:02:29,541.61
2022-03-31 02:02:34,541.61
2022-03-31 02:02:39,541.61
2022-03-31 02:02:44,532.6779376491631
2022-03-31 02:02:49,541.64
2022-03-31 02:02:54,541.71
2022-03-31 02:02:59,541.71
2022-03-31 02:03:04,541.77
2022-03-31 02:03:09,541.77
2022-03-31 02:03:14,541.77
2022-03-31 02:03:19,541.83
2022-03-31 02:03:24,541.83
2022-03-31 02:03:29,541.9
2022-03-31 02:03:34,541.93
2022-03-31 02:03:39,541.93
2022-03-31 02:03:44,533.5685263892707
2022-03-31 02:03:49,541.99
2022-03-31 02:03:54,541.99
2022-03-31 02:03:59,541.99
2022-03-31 02:04:04,542.12
2022-03-31 02:04:09,542.05
2022-03-31 02:04:14,542.05
2022-03-31 02:04:19,542.12
2022-03-31 02:04:24,542.15
2022-03-31 02:04:29,542.15
2022-03-31 02:04:34,542.21
2022-03-31 02:04:39,542.21
2022-03-31 02:04:44,542.21
2022-03-31 02:04:49,542.28
2022-03-31 02:04:54,542.34
2022-03-31 02:04:59,542.4
2022-03-31 02:05:04,542.34
2022-03-31 02:05:09,542.44
2022-03-31 02:05:14,542.43
2022-03-31 02:05:19,542.5
2022-03-31 02:05:24,542.5
2022-03-31 02:05:29,542.5
2022-03-31 02:05:34,542.56
2022-03-31 02:05:39,542.56
2022-03-31 02:05:44,542.62
2022-03-31 02:05:49,542.62
2022-03-31 02:05:54,542.62
2022-03-31 02:05:59,542.66
2022-03-31 02:06:04,542.66
2022-03-31 02:06:09,542.72
2022-03-31 02:06:14,542.79
2022-03-31 02:06:19,542.72
2022-03-31 02:06:24,542.78
2022-03-31 02:06:29,542.78
2022-03-31 02:06:34,542.85
2022-03-31 02:06:39,542.85
2022-03-31 02:06:44,542.91
2022-03-31 02:06:49,542.91
2022-03-31 02:06:54,542.91
2022-03-31 02:06:59,542.95
2022-03-31 02:07:04,536.4618559095427
2022-03-31 02:07:09,543.01
2022-03-31 02:07:14,543.01
2022-03-31 02:07:19,543.08
2022-03-31 02:07:24,543.07
2022-03-31 02:07:29,536.8108040794565
2022-03-31 02:07:34,543.14
2022-03-31 02:07:39,543.17
2022-03-31 02:07:44,543.17
2022-03-31 02:07:49,543.17
2022-03-31 02:07:54,543.24
2022-03-31 02:07:59,543.24
2022-03-31 02:08:04,537.2931431074759
2022-03-31 02:08:09,543.3
2022-03-31 02:08:14,543.24
2022-03-31 02:08:19,543.24
2022-03-31 02:08:24,543.24
2022-03-31 02:08:29,543.31
2022-03-31 02:08:34,543.31
2022-03-31 02:08:39,543.31
2022-03-31 02:08:44,537.8347570438574
2022-03-31 02:08:49,543.37
2022-03-31 02:08:54,543.37
2022-03-31 02:08:59,543.43
2022-03-31 02:09:04,538.1014115142304
2022-03-31 02:09:09,543.44
2022-03-31 02:09:14,543.47
2022-03-31 02:09:19,543.54
2022-03-31 02:09:24,543.6
2022-03-31 02:09:29,543.54
2022-03-31 02:09:34,538.495847060818
2022-03-31 02:09:39,543.6
2022-03-31 02:09:44,543.6
2022-03-31 02:09:49,543.67
2022-03-31 02:09:54,543.66
2022-03-31 02:09:59,543.66
2022-03-31 02:10:04,543.7
2022-03-31 02:10:09,538.9471009173285
2022-03-31 02:10:14,543.7
2022-03-31 02:10:19,543.7
2022-03-31 02:10:24,543.7
2022-03-31 02:10:29,543.7
2022-03-31 02:10:34,539.2631876202186
2022-03-31 02:10:39,543.7
2022-03-31 02:10:44,543.7
2022-03-31 02:10:49,543.76
2022-03-31 02:10:54,543.7
2022-03-31 02:10:59,543.76
2022-03-31 02:11:04,543.7
2022-03-31 02:11:09,543.77
2022-03-31 02:11:14,543.76
2022-03-31 02:11:19,543.76
2022-03-31 02:11:24,543.76
2022-03-31 02:11:29,539.9389491533843
2022-03-31 02:11:34,543.76
2022-03-31 02:11:39,543.7
2022-03-31 02:11:44,543.7
2022-03-31 02:11:49,543.76
2022-03-31 02:11:54,543.7
2022-03-31 02:11:59,540.2954316057583
2022-03-31 02:12:04,543.7
2022-03-31 02:12:09,543.7
2022-03-31 02:12:14,543.7
2022-03-31 02:12:19,543.67
2022-03-31 02:12:24,543.67
2022-03-31 02:12:29,543.6
2022-03-31 02:12:34,543.66
2022-03-31 02:12:39,540.7565173125629
2022-03-31 02:12:44,543.6
2022-03-31 02:12:49,543.6
2022-03-31 02:12:54,540.9250487033736
2022-03-31 02:12:59,543.6
2022-03-31 02:13:04,543.54
2022-03-31 02:13:09,541.0911103633077
2022-03-31 02:13:14,543.47
2022-03-31 02:13:19,543.47
2022-03-31 02:13:24,543.44
2022-03-31 02:13:29,543.47
2022-03-31 02:13:34,543.44
2022-03-31 02:13:39,543.37
2022-03-31 02:13:44,543.37
2022-03-31 02:13:49,543.37
2022-03-31 02:13:54,543.37
2022-03-31 02:13:59,543.37
2022-03-31 02:14:04,541.6780113493845
2022-03-31 02:14:09,543.24
2022-03-31 02:14:14,543.24
2022-03-31 02:14:19,543.24
2022-03-31 02:14:24,541.8825061321619
2022-03-31 02:14:29,541.9328598453368
2022-03-31 02:14:34,543.17
2022-03-31 02:14:39,543.14
2022-03-31 02:14:44,543.14
2022-03-31 02:14:49,543.14
2022-03-31 02:14:54,543.08
2022-03-31 02:14:59,543.08
2022-03-31 02:15:04,543.01
2022-03-31 02:15:09,542.3242936706451
2022-03-31 02:15:14,542.3717687857394
2022-03-31 02:15:19,542.95
2022-03-31 02:15:24,542.95
2022-03-31 02:15:29,542.95
2022-03-31 02:15:34,542.91
2022-03-31 02:15:39,542.85
2022-03-31 02:15:44,542.85
2022-03-31 02:15:49,542.85
2022-03-31 02:15:54,542.85
2022-03-31 02:15:59,542.79
2022-03-31 02:16:04,542.72
2022-03-31 02:16:09,542.72
2022-03-31 02:16:14,542.72
2022-03-31 02:16:19,542.66
2022-03-31 02:16:24,542.56
2022-03-31 02:16:29,542.56
2022-03-31 02:16:34,543.0851855345242
2022-03-31 02:16:39,542.43
2022-03-31 02:16:44,542.4
2022-03-31 02:16:49,542.34
2022-03-31 02:16:54,542.21
2022-03-31 02:16:59,542.21
2022-03-31 02:17:04,542.15
2022-03-31 02:17:09,542.11
2022-03-31 02:17:14,542.05
2022-03-31 02:17:19,542.05
2022-03-31 02:17:24,541.92
2022-03-31 02:17:29,543.5224918706332
2022-03-31 02:17:34,541.89
2022-03-31 02:17:39,541.83
2022-03-31 02:17:44,541.76
2022-03-31 02:17:49,541.76
2022-03-31 02:17:54,541.64
2022-03-31 02:17:59,541.63
2022-03-31 02:18:04,541.6
2022-03-31 02:18:09,541.54
2022-03-31 02:18:14,541.54
2022-03-31 02:18:19,541.47
2022-03-31 02:18:24,541.41
2022-03-31 02:18:29,541.38
2022-03-31 02:18:34,541.32
2022-03-31 02:18:39,541.31
2022-03-31 02:18:44,541.25
2022-03-31 02:18:49,541.18
2022-03-31 02:18:54,541.12
2022-03-31 02:18:59,541.12
2022-03-31 02:19:04,541.02
2022-03-31 02:19:09,541.02
2022-03-31 02:19:14,540.96
2022-03-31 02:19:19,540.9
2022-03-31 02:19:24,540.9
2022-03-31 02:19:29,540.9
2022-03-31 02:19:34,540.86
2022-03-31 02:19:39,540.87
2022-03-31 02:19:44,540.8
2022-03-31 02:19:49,540.73
2022-03-31 02:19:54,540.74
2022-03-31 02:19:59,540.67
2022-03-31 02:20:04,540.61
2022-03-31 02:20:09,540.61
2022-03-31 02:20:14,540.61
2022-03-31 02:20:19,540.58
2022-03-31 02:20:24,540.57
2022-03-31 02:20:29,544.6220466970653
2022-03-31 02:20:34,540.51
2022-03-31 02:20:39,540.38
2022-03-31 02:20:44,540.38
2022-03-31 02:20:49,540.38
2022-03-31 02:20:54,540.35
2022-03-31 02:20:59,540.35
2022-03-31 02:21:04,544.7760956045506
2022-03-31 02:21:09,540.28
2022-03-31 02:21:14,540.22
2022-03-31 02:21:19,540.22
2022-03-31 02:21:24,540.15
2022-03-31 02:21:29,540.09
2022-03-31 02:21:34,540.09
2022-03-31 02:21:39,544.911026721965
2022-03-31 02:21:44,540.06
2022-03-31 02:21:49,540.06
2022-03-31 02:21:54,539.99
2022-03-31 02:21:59,539.93
2022-03-31 02:22:04,539.93
2022-03-31 02:22:09,539.86
2022-03-31 02:22:14,545.0269956769638
2022-03-31 02:22:19,545.0420238134083
2022-03-31 02:22:24,539.83
2022-03-31 02:22:29,539.83
2022-03-31 02:22:34,539.76
2022-03-31 02:22:39,539.76
2022-03-31 02:22:44,539.69
2022-03-31 02:22:49,539.63
2022-03-31 02:22:54,539.69
2022-03-31 02:22:59,545.1484863060106
2022-03-31 02:23:04,539.69
2022-03-31 02:23:09,539.63
2022-03-31 02:23:14,539.63
2022-03-31 02:23:19,539.62
2022-03-31 02:23:24,539.56
2022-03-31 02:23:29,539.56
2022-03-31 02:23:34,545.2216975732152
2022-03-31 02:23:39,539.62
2022-03-31 02:23:44,539.62
2022-03-31 02:23:49,539.56
2022-03-31 02:23:54,539.56
2022-03-31 02:23:59,539.62
2022-03-31 02:24:04,539.56
2022-03-31 02:24:09,539.56
2022-03-31 02:24:14,539.62
2022-03-31 02:24:19,539.62
2022-03-31 02:24:24,539.62
2022-03-31 02:24:29,539.56
2022-03-31 02:24:34,539.62
2022-03-31 02:24:39,539.69
2022-03-31 02:24:44,539.62
2022-03-31 02:24:49,539.69
2022-03-31 02:24:54,539.69
2022-03-31 02:24:59,539.62
2022-03-31 02:25:04,539.69
2022-03-31 02:25:09,539.69
2022-03-31 02:25:14,539.75
2022-03-31 02:25:19,545.3312489990229
2022-03-31 02:25:24,539.82
2022-03-31 02:25:29,539.82
2022-03-31 02:25:34,539.82
2022-03-31 02:25:39,539.82
2022-03-31 02:25:44,539.82
2022-03-31 02:25:49,539.85
2022-03-31 02:25:54,539.85
2022-03-31 02:25:59,539.92
2022-03-31 02:26:04,539.91
2022-03-31 02:26:09,539.91
2022-03-31 02:26:14,539.92
2022-03-31 02:26:19,539.98
2022-03-31 02:26:24,545.3176879521221
2022-03-31 02:26:29,539.98
2022-03-31 02:26:34,539.98
2022-03-31 02:26:39,540.05
2022-03-31 02:26:44,540.05
2022-03-31 02:26:49,540.08
2022-03-31 02:26:54,540.05
2022-03-31 02:26:59,540.08
2022-03-31 02:27:04,540.15
2022-03-31 02:27:09,540.15
2022-03-31 02:27:14,540.21
2022-03-31 02:27:19,540.21
2022-03-31 02:27:24,540.15
2022-03-31 02:27:29,540.21
2022-03-31 02:27:34,540.28
2022-03-31 02:27:39,540.28
2022-03-31 02:27:44,540.34
2022-03-31 02:27:49,540.34
2022-03-31 02:27:54,540.38
2022-03-31 02:27:59,540.37
2022-03-31 02:28:04,540.38
2022-03-31 02:28:09,545.1672935430017
2022-03-31 02:28:14,540.44
2022-03-31 02:28:19,545.1448175490423
2022-03-31 02:28:24,540.5
2022-03-31 02:28:29,540.57
2022-03-31 02:28:34,540.57
2022-03-31 02:28:39,540.6
2022-03-31 02:28:44,540.6
2022-03-31 02:28:49,540.67
2022-03-31 02:28:54,540.67
2022-03-31 02:28:59,540.67
2022-03-31 02:29:04,540.73
2022-03-31 02:29:09,540.8
2022-03-31 02:29:14,540.86
2022-03-31 02:29:19,544.980631095745
2022-03-31 02:29:24,540.86
2022-03-31 02:29:29,544.9484121500677
2022-03-31 02:29:34,544.9317859512241
2022-03-31 02:29:39,540.89
2022-03-31 02:29:44,540.95
2022-03-31 02:29:49,540.96
2022-03-31 02:29:54,541.02
2022-03-31 02:29:59,541.02
2022-03-31 02:30:04,541.02
2022-03-31 02:30:09,541.02
2022-03-31 02:30:14,541.08
2022-03-31 02:30:19,541.12
2022-03-31 02:30:24,544.746685480375
2022-03-31 02:30:29,541.12
2022-03-31 02:30:34,541.18
2022-03-31 02:30:39,541.11
2022-03-31 02:30:44,544.6631183133906
2022-03-31 02:30:49,541.24
2022-03-31 02:30:54,541.18
2022-03-31 02:30:59,541.31
2022-03-31 02:31:04,541.24
2022-03-31 02:31:09,541.24
2022-03-31 02:31:14,541.3
2022-03-31 02:31:19,541.24
2022-03-31 02:31:24,544.4798117272105
2022-03-31 02:31:29,541.3
2022-03-31 02:31:34,541.3
2022-03-31 02:31:39,541.3
2022-03-31 02:31:44,541.3
2022-03-31 02:31:49,544.3543787094236
2022-03-31 02:31:54,541.3
2022-03-31 02:31:59,541.3
2022-03-31 02:32:04,541.3
2022-03-31 02:32:09,541.3
2022-03-31 02:32:14,541.3
2022-03-31 02:32:19,541.3
2022-03-31 02:32:24,541.3
2022-03-31 02:32:29,541.3
2022-03-31 02:32:34,541.36
2022-03-31 02:32:39,541.3
2022-03-31 02:32:44,541.3
2022-03-31 02:32:49,541.3
2022-03-31 02:32:54,541.36
2022-03-31 02:32:59,543.9593098834317
2022-03-31 02:33:04,541.3
2022-03-31 02:33:09,541.3
2022-03-31 02:33:14,541.23
2022-03-31 02:33:19,541.29
2022-03-31 02:33:24,541.3
2022-03-31 02:33:29,541.3
2022-03-31 02:33:34,541.29
2022-03-31 02:33:39,541.23
2022-03-31 02:33:44,541.29
2022-03-31 02:33:49,541.3
2022-03-31 02:33:54,541.29
2022-03-31 02:33:59,541.3
2022-03-31 02:34:04,541.3
2022-03-31 02:34:09,541.3
2022-03-31 02:34:14,541.23
2022-03-31 02:34:19,541.3
2022-03-31 02:34:24,541.23
2022-03-31 02:34:29,541.23
2022-03-31 02:34:34,541.3
2022-03-31 02:34:39,541.23
2022-03-31 02:34:44,541.23
2022-03-31 02:34:49,541.3
2022-03-31 02:34:54,541.23
2022-03-31 02:34:59,541.23
2022-03-31 02:35:04,541.23
2022-03-31 02:35:09,541.17
2022-03-31 02:35:14,541.17
2022-03-31 02:35:19,542.9916259934058
2022-03-31 02:35:24,541.17
2022-03-31 02:35:29,541.17
2022-03-31 02:35:34,541.11
2022-03-31 02:35:39,541.17
2022-03-31 02:35:44,541.17
2022-03-31 02:35:49,541.17
2022-03-31 02:35:54,541.17
2022-03-31 02:35:59,541.11
2022-03-31 02:36:04,541.17
2022-03-31 02:36:09,541.11
2022-03-31 02:36:14,541.11
2022-03-31 02:36:19,541.11
2022-03-31 02:36:24,541.11
2022-03-31 02:36:29,541.17
2022-03-31 02:36:34,541.17
2022-03-31 02:36:39,541.17
2022-03-31 02:36:44,541.17
2022-03-31 02:36:49,541.17
2022-03-31 02:36:54,541.11
2022-03-31 02:36:59,541.18
2022-03-31 02:37:04,541.11
2022-03-31 02:37:09,541.11
2022-03-31 02:37:14,541.11
2022-03-31 02:37:19,541.11
2022-03-31 02:37:24,541.11
2022-03-31 02:37:29,541.08
2022-03-31 02:37:34,541.11
2022-03-31 02:37:39,541.830531488943
2022-03-31 02:37:44,541.08
2022-03-31 02:37:49,541.11
2022-03-31 02:37:54,541.11
2022-03-31 02:37:59,541.11
2022-03-31 02:38:04,541.11
2022-03-31 02:38:09,541.08
2022-03-31 02:38:14,541.11
2022-03-31 02:38:19,541.11
2022-03-31 02:38:24,541.11
2022-03-31 02:38:29,541.11
2022-03-31 02:38:34,541.08
2022-03-31 02:38:39,541.08
2022-03-31 02:38:44,541.240370223446
2022-03-31 02:38:49,541.08
2022-03-31 02:38:54,541.08
2022-03-31 02:38:59,541.07
2022-03-31 02:39:04,541.08
2022-03-31 02:39:09,541.08
2022-03-31 02:39:14,541.01
2022-03-31 02:39:19,541.11
2022-03-31 02:39:24,541.01
2022-03-31 02:39:29,541.01
2022-03-31 02:39:34,541.07
2022-03-31 02:39:39,540.7211751638109
2022-03-31 02:39:44,541.01
2022-03-31 02:39:49,541.07
2022-03-31 02:39:54,541.08
2022-03-31 02:39:59,541.08
2022-03-31 02:40:04,541.01
2022-03-31 02:40:09,541.01
2022-03-31 02:40:14,541.07
2022-03-31 02:40:19,541.07
2022-03-31 02:40:24,541.01
2022-03-31 02:40:29,541.01
2022-03-31 02:40:34,541.01
2022-03-31 02:40:39,541.01
2022-03-31 02:40:44,541.01
2022-03-31 02:40:49,540.94
2022-03-31 02:40:54,540.94
2022-03-31 02:40:59,540.87
2022-03-31 02:41:04,540.94
2022-03-31 02:41:09,540.94
2022-03-31 02:41:14,540.94
2022-03-31 02:41:19,540.94
2022-03-31 02:41:24,540.87
2022-03-31 02:41:29,539.6415736134235
2022-03-31 02:41:34,540.87
2022-03-31 02:41:39,540.87
2022-03-31 02:41:44,540.87
2022-03-31 02:41:49,540.87
2022-03-31 02:41:54,540.84
2022-03-31 02:41:59,540.84
2022-03-31 02:42:04,540.78
2022-03-31 02:42:09,540.77
2022-03-31 02:42:14,540.77
2022-03-31 02:42:19,540.71
2022-03-31 02:42:24,539.0875352211909
2022-03-31 02:42:29,540.71
2022-03-31 02:42:34,540.65
2022-03-31 02:42:39,538.9353893541804
2022-03-31 02:42:44,540.58
2022-03-31 02:42:49,540.58
2022-03-31 02:42:54,540.64
2022-03-31 02:42:59,540.58
2022-03-31 02:43:04,540.58
2022-03-31 02:43:09,540.55
2022-03-31 02:43:14,540.55
2022-03-31 02:43:19,540.49
2022-03-31 02:43:24,540.49
2022-03-31 02:43:29,538.4262474833656
2022-03-31 02:43:34,540.42
2022-03-31 02:43:39,540.42
2022-03-31 02:43:44,540.42
2022-03-31 02:43:49,540.36
2022-03-31 02:43:54,540.36
2022-03-31 02:43:59,540.36
2022-03-31 02:44:04,540.36
2022-03-31 02:44:09,540.33
2022-03-31 02:44:14,540.33
2022-03-31 02:44:19,540.36
2022-03-31 02:44:24,540.33
2022-03-31 02:44:29,540.26
2022-03-31 02:44:34,540.27
2022-03-31 02:44:39,540.27
2022-03-31 02:44:44,540.27
2022-03-31 02:44:49,540.27
2022-03-31 02:44:54,540.27
2022-03-31 02:44:59,540.2
2022-03-31 02:45:04,540.2
2022-03-31 02:45:09,540.2
2022-03-31 02:45:14,540.14
2022-03-31 02:45:19,537.3051883354913
2022-03-31 02:45:24,540.08
2022-03-31 02:45:29,537.2038599818809
2022-03-31 02:45:34,540.08
2022-03-31 02:45:39,540.08
2022-03-31 02:45:44,537.0522120872836
2022-03-31 02:45:49,540.04
2022-03-31 02:45:54,540.04
2022-03-31 02:45:59,540.04
2022-03-31 02:46:04,539.98
2022-03-31 02:46:09,539.98
2022-03-31 02:46:14,539.92
2022-03-31 02:46:19,539.91
2022-03-31 02:46:24,539.98
2022-03-31 02:46:29,539.91
2022-03-31 02:46:34,539.85
2022-03-31 02:46:39,539.85
2022-03-31 02:46:44,539.85
2022-03-31 02:46:49,539.85
2022-03-31 02:46:54,539.76
2022-03-31 02:46:59,539.82
2022-03-31 02:47:04,539.82
2022-03-31 02:47:09,539.76
2022-03-31 02:47:14,539.76
2022-03-31 02:47:19,539.69
2022-03-31 02:47:24,539.69
2022-03-31 02:47:29,539.63
2022-03-31 02:47:34,539.69
2022-03-31 02:47:39,539.69
2022-03-31 02:47:44,539.63
2022-03-31 02:47:49,539.63
2022-03-31 02:47:54,539.56
2022-03-31 02:47:59,535.714610067759
2022-03-31 02:48:04,539.53
2022-03-31 02:48:09,539.56
2022-03-31 02:48:14,539.53
2022-03-31 02:48:19,539.53
2022-03-31 02:48:24,539.47
2022-03-31 02:48:29,539.53
2022-03-31 02:48:34,539.4
2022-03-31 02:48:39,535.3292752208275
2022-03-31 02:48:44,539.4
2022-03-31 02:48:49,539.34
2022-03-31 02:48:54,539.34
2022-03-31 02:48:59,539.3
2022-03-31 02:49:04,539.3
2022-03-31 02:49:09,539.34
2022-03-31 02:49:14,539.3
2022-03-31 02:49:19,539.3
2022-03-31 02:49:24,534.9021395056549
2022-03-31 02:49:29,539.24
2022-03-31 02:49:34,539.3
2022-03-31 02:49:39,534.7612910262542
2022-03-31 02:49:44,539.23
2022-03-31 02:49:49,539.24
2022-03-31 02:49:54,539.3
2022-03-31 02:49:59,539.23
2022-03-31 02:50:04,539.23
2022-03-31 02:50:09,539.23
2022-03-31 02:50:14,539.17
2022-03-31 02:50:19,539.17
2022-03-31 02:50:24,539.1
2022-03-31 02:50:29,539.1
2022-03-31 02:50:34,539.17
2022-03-31 02:50:39,534.2057408475638
2022-03-31 02:50:44,534.1600207975384
2022-03-31 02:50:49,539.1
2022-03-31 02:50:54,539.1
2022-03-31 02:50:59,539.1
2022-03-31 02:51:04,539.04
2022-03-31 02:51:09,539.04
2022-03-31 02:51:14,539.04
2022-03-31 02:51:19,539.04
2022-03-31 02:51:24,539.0
2022-03-31 02:51:29,539.01
2022-03-31 02:51:34,539.0
2022-03-31 02:51:39,539.0
2022-03-31 02:51:44,538.94
2022-03-31 02:51:49,538.94
2022-03-31 02:51:54,538.94
2022-03-31 02:51:59,533.4851508213121
2022-03-31 02:52:04,539.01
2022-03-31 02:52:09,533.3967440651041
2022-03-31 02:52:14,538.94
2022-03-31 02:52:19,538.94
2022-03-31 02:52:24,538.88
2022-03-31 02:52:29,538.94
2022-03-31 02:52:34,538.94
2022-03-31 02:52:39,538.94
2022-03-31 02:52:44,539.01
2022-03-31 02:52:49,539.04
2022-03-31 02:52:54,539.01
2022-03-31 02:52:59,539.04
2022-03-31 02:53:04,539.04
2022-03-31 02:53:09,539.04
2022-03-31 02:53:14,532.8314001712284
2022-03-31 02:53:19,539.17
2022-03-31 02:53:24,539.17
2022-03-31 02:53:29,539.24
2022-03-31 02:53:34,539.3
2022-03-31 02:53:39,539.34
2022-03-31 02:53:44,539.4
2022-03-31 02:53:49,539.4
2022-03-31 02:53:54,539.46
2022-03-31 02:53:59,539.53
2022-03-31 02:54:04,539.53
2022-03-31 02:54:09,539.63
2022-03-31 02:54:14,539.63
2022-03-31 02:54:19,539.76
2022-03-31 02:54:24,539.85
2022-03-31 02:54:29,539.85
2022-03-31 02:54:34,539.92
2022-03-31 02:54:39,539.98
2022-03-31 02:54:44,540.05
2022-03-31 02:54:49,540.08
2022-03-31 02:54:54,540.14
2022-03-31 02:54:59,540.21
2022-03-31 02:55:04,540.34
2022-03-31 02:55:09,540.34
2022-03-31 02:55:14,540.44
2022-03-31 02:55:19,540.5
2022-03-31 02:55:24,540.57
2022-03-31 02:55:29,540.66
2022-03-31 02:55:34,540.66
2022-03-31 02:55:39,531.6307354850843
2022-03-31 02:55:44,540.89
2022-03-31 02:55:49,540.95
2022-03-31 02:55:54,531.5114895250626
2022-03-31 02:55:59,541.08
2022-03-31 02:56:04,541.11
2022-03-31 02:56:09,541.18
2022-03-31 02:56:14,541.24
2022-03-31 02:56:19,541.37
2022-03-31 02:56:24,541.37
2022-03-31 02:56:29,541.4
2022-03-31 02:56:34,541.53
2022-03-31 02:56:39,541.53
2022-03-31 02:56:44,541.6
2022-03-31 02:56:49,531.0825084477067
2022-03-31 02:56:54,541.69
2022-03-31 02:56:59,541.69
2022-03-31 02:57:04,541.75
2022-03-31 02:57:09,541.82
2022-03-31 02:57:14,541.88
2022-03-31 02:57:19,541.92
2022-03-31 02:57:24,541.98
2022-03-31 02:57:29,542.04
2022-03-31 02:57:34,542.04
2022-03-31 02:57:39,542.14
2022-03-31 02:57:44,542.14
2022-03-31 02:57:49,530.6296432248199
2022-03-31 02:57:54,542.27
2022-03-31 02:57:59,530.5557303237175
2022-03-31 02:58:04,542.4
2022-03-31 02:58:09,542.4
2022-03-31 02:58:14,542.39
2022-03-31 02:58:19,542.49
2022-03-31 02:58:24,542.55
2022-03-31 02:58:29,542.55
2022-03-31 02:58:34,542.62
2022-03-31 02:58:39,542.65
2022-03-31 02:58:44,542.71
2022-03-31 02:58:49,542.71
2022-03-31 02:58:54,542.78
2022-03-31 02:58:59,542.78
2022-03-31 02:59:04,530.0864285957125
2022-03-31 02:59:09,542.84
2022-03-31 02:59:14,542.84
2022-03-31 02:59:19,542.84
2022-03-31 02:59:24,542.9
2022-03-31 02:59:29,542.91
2022-03-31 02:59:34,542.93
2022-03-31 02:59:39,542.9
2022-03-31 02:59:44,542.94
2022-03-31 02:59:49,542.9
2022-03-31 02:59:54,542.9
2022-03-31 02:59:59,542.9
2022-03-31 03:00:04,542.84
2022-03-31 03:00:09,529.6368459786968
2022-03-31 03:00:14,542.84
2022-03-31 03:00:19,542.84
2022-03-31 03:00:24,529.5359587693629
2022-03-31 03:00:29,542.77
2022-03-31 03:00:34,542.77
2022-03-31 03:00:39,542.71
2022-03-31 03:00:44,542.71
2022-03-31 03:00:49,542.64
2022-03-31 03:00:54,542.64
2022-03-31 03:00:59,542.55
2022-03-31 03:01:04,542.55
2022-03-31 03:01:09,542.55
2022-03-31 03:01:14,542.48
2022-03-31 03:01:19,542.42
2022-03-31 03:01:24,542.39
2022-03-31 03:01:29,542.32
2022-03-31 03:01:34,542.32
2022-03-31 03:01:39,542.19
2022-03-31 03:01:44,529.0163969675185
2022-03-31 03:01:49,542.1
2022-03-31 03:01:54,541.97
2022-03-31 03:01:59,542.04
2022-03-31 03:02:04,541.97
2022-03-31 03:02:09,541.87
2022-03-31 03:02:14,541.81
2022-03-31 03:02:19,541.75
2022-03-31 03:02:24,541.68
2022-03-31 03:02:29,528.7379589085964
2022-03-31 03:02:34,528.7076394656841
2022-03-31 03:02:39,541.46
2022-03-31 03:02:44,541.39
2022-03-31 03:02:49,541.36
2022-03-31 03:02:54,541.3
2022-03-31 03:02:59,541.23
2022-03-31 03:03:04,528.5283294452516
2022-03-31 03:03:09,541.17
2022-03-31 03:03:14,541.08
2022-03-31 03:03:19,541.01
2022-03-31 03:03:24,540.95
2022-03-31 03:03:29,540.95
2022-03-31 03:03:34,540.85
2022-03-31 03:03:39,540.79
2022-03-31 03:03:44,540.72
2022-03-31 03:03:49,540.66
2022-03-31 03:03:54,540.6
2022-03-31 03:03:59,540.57
2022-03-31 03:04:04,540.5
2022-03-31 03:04:09,540.44
2022-03-31 03:04:14,540.37
2022-03-31 03:04:19,540.27
2022-03-31 03:04:24,540.15
2022-03-31 03:04:29,540.15
2022-03-31 03:04:34,540.08
2022-03-31 03:04:39,540.05
2022-03-31 03:04:44,539.92
2022-03-31 03:04:49,539.86
2022-03-31 03:04:54,539.86
2022-03-31 03:04:59,527.8826839869971
2022-03-31 03:05:04,539.63
2022-03-31 03:05:09,539.57
2022-03-31 03:05:14,539.53
2022-03-31 03:05:19,539.47
2022-03-31 03:05:24,539.47
2022-03-31 03:05:29,527.7252309939697
2022-03-31 03:05:34,539.31
2022-03-31 03:05:39,527.673763750842
2022-03-31 03:05:44,539.11
2022-03-31 03:05:49,527.6228063059932
2022-03-31 03:05:54,539.02
2022-03-31 03:05:59,539.02
2022-03-31 03:06:04,538.89
2022-03-31 03:06:09,527.5224238215438
2022-03-31 03:06:14,538.73
2022-03-31 03:06:19,538.73
2022-03-31 03:06:24,538.66
2022-03-31 03:06:29,538.6
2022-03-31 03:06:34,538.5
2022-03-31 03:06:39,538.5
2022-03-31 03:06:44,538.37
2022-03-31 03:06:49,538.31
2022-03-31 03:06:54,538.28
2022-03-31 03:06:59,538.21
2022-03-31 03:07:04,538.15
2022-03-31 03:07:09,538.08
2022-03-31 03:07:14,537.99
2022-03-31 03:07:19,537.99
2022-03-31 03:07:24,537.92
2022-03-31 03:07:29,537.85
2022-03-31 03:07:34,537.86
2022-03-31 03:07:39,537.79
2022-03-31 03:07:44,537.79
2022-03-31 03:07:49,527.0513551810337
2022-03-31 03:07:54,537.63
2022-03-31 03:07:59,537.69
2022-03-31 03:08:04,537.56
2022-03-31 03:08:09,537.5
2022-03-31 03:08:14,537.5
2022-03-31 03:08:19,537.5
2022-03-31 03:08:24,526.8987177605114
2022-03-31 03:08:29,537.4
2022-03-31 03:08:34,537.34
2022-03-31 03:08:39,537.33
2022-03-31 03:08:44,537.24
2022-03-31 03:08:49,537.27
2022-03-31 03:08:54,537.24
2022-03-31 03:08:59,537.24
2022-03-31 03:09:04,537.24
2022-03-31 03:09:09,537.17
2022-03-31 03:09:14,537.11
2022-03-31 03:09:19,537.11
2022-03-31 03:09:24,537.11
2022-03-31 03:09:29,526.6322447522475
2022-03-31 03:09:34,537.04
2022-03-31 03:09:39,536.98
2022-03-31 03:09:44,537.04
2022-03-31 03:09:49,536.98
2022-03-31 03:09:54,536.98
2022-03-31 03:09:59,536.98
2022-03-31 03:10:04,537.04
2022-03-31 03:10:09,537.04
2022-03-31 03:10:14,536.98
2022-03-31 03:10:19,536.95
2022-03-31 03:10:24,536.98
2022-03-31 03:10:29,537.04
2022-03-31 03:10:34,536.98
2022-03-31 03:10:39,536.98
2022-03-31 03:10:44,536.98
2022-03-31 03:10:49,536.98
2022-03-31 03:10:54,536.95
2022-03-31 03:10:59,536.95
2022-03-31 03:11:04,536.98
2022-03-31 03:11:09,536.98
2022-03-31 03:11:14,536.89
2022-03-31 03:11:19,536.95
2022-03-31 03:11:24,536.95
2022-03-31 03:11:29,536.95
2022-03-31 03:11:34,526.182569495059
2022-03-31 03:11:39,536.89
2022-03-31 03:11:44,526.1501974817471
2022-03-31 03:11:49,536.89
2022-03-31 03:11:54,536.89
2022-03-31 03:11:59,536.83
2022-03-31 03:12:04,536.83
2022-03-31 03:12:09,536.83
2022-03-31 03:12:14,536.83
2022-03-31 03:12:19,536.83
2022-03-31 03:12:24,536.76
2022-03-31 03:12:29,536.73
2022-03-31 03:12:34,536.77
2022-03-31 03:12:39,536.76
2022-03-31 03:12:44,525.9672743769966
2022-03-31 03:12:49,536.73
2022-03-31 03:12:54,536.73
2022-03-31 03:12:59,525.9245847851831
2022-03-31 03:13:04,536.73
2022-03-31 03:13:09,536.77
2022-03-31 03:13:14,536.67
2022-03-31 03:13:19,525.8695659632806
2022-03-31 03:13:24,536.67
2022-03-31 03:13:29,536.6
2022-03-31 03:13:34,536.61
2022-03-31 03:13:39,536.54
2022-03-31 03:13:44,536.61
2022-03-31 03:13:49,536.54
2022-03-31 03:13:54,536.61
2022-03-31 03:13:59,536.54
2022-03-31 03:14:04,536.48
2022-03-31 03:14:09,536.48
2022-03-31 03:14:14,536.48
2022-03-31 03:14:19,536.48
2022-03-31 03:14:24,536.48
2022-03-31 03:14:29,536.44
2022-03-31 03:14:34,525.6826894272967
2022-03-31 03:14:39,525.6713276044908
2022-03-31 03:14:44,536.54
2022-03-31 03:14:49,536.54
2022-03-31 03:14:54,536.54
2022-03-31 03:14:59,536.54
2022-03-31 03:15:04,536.54
2022-03-31 03:15:09,536.61
2022-03-31 03:15:14,536.54
2022-03-31 03:15:19,536.6
2022-03-31 03:15:24,536.66
2022-03-31 03:15:29,536.67
2022-03-31 03:15:34,536.73
2022-03-31 03:15:39,536.73
2022-03-31 03:15:44,536.76
2022-03-31 03:15:49,536.83
2022-03-31 03:15:54,536.89
2022-03-31 03:15:59,536.89
2022-03-31 03:16:04,536.95
2022-03-31 03:16:09,525.4896771184556
2022-03-31 03:16:14,537.05
2022-03-31 03:16:19,537.11
2022-03-31 03:16:24,537.18
2022-03-31 03:16:29,537.24
2022-03-31 03:16:34,537.27
2022-03-31 03:16:39,537.27
2022-03-31 03:16:44,537.4
2022-03-31 03:16:49,537.46
2022-03-31 03:16:54,537.5
2022-03-31 03:16:59,537.62
2022-03-31 03:17:04,537.69
2022-03-31 03:17:09,537.75
2022-03-31 03:17:14,537.79
2022-03-31 03:17:19,537.91
2022-03-31 03:17:24,537.97
2022-03-31 03:17:29,525.3618655349479
2022-03-31 03:17:34,538.13
2022-03-31 03:17:39,538.2
2022-03-31 03:17:44,538.26
2022-03-31 03:17:49,538.36
2022-03-31 03:17:54,538.49
2022-03-31 03:17:59,538.52
2022-03-31 03:18:04,538.65
2022-03-31 03:18:09,538.71
2022-03-31 03:18:14,538.77
2022-03-31 03:18:19,538.87
2022-03-31 03:18:24,539.0
2022-03-31 03:18:29,539.03
2022-03-31 03:18:34,539.16
2022-03-31 03:18:39,539.23
2022-03-31 03:18:44,539.29
2022-03-31 03:18:49,539.38
2022-03-31 03:18:54,539.45
2022-03-31 03:18:59,539.52
2022-03-31 03:19:04,539.61
2022-03-31 03:19:09,539.74
2022-03-31 03:19:14,539.81
2022-03-31 03:19:19,539.9
2022-03-31 03:19:24,539.97
2022-03-31 03:19:29,540.06
2022-03-31 03:19:34,540.19
2022-03-31 03:19:39,525.2122667225653
2022-03-31 03:19:44,540.35
2022-03-31 03:19:49,540.42
2022-03-31 03:19:54,540.55
2022-03-31 03:19:59,540.58
2022-03-31 03:20:04,540.64
2022-03-31 03:20:09,540.71
2022-03-31 03:20:14,525.182644486509
2022-03-31 03:20:19,540.87
2022-03-31 03:20:24,540.94
2022-03-31 03:20:29,541.0
2022-03-31 03:20:34,541.06
2022-03-31 03:20:39,525.1639237822128
2022-03-31 03:20:44,541.16
2022-03-31 03:20:49,541.29
2022-03-31 03:20:54,541.29
2022-03-31 03:20:59,525.150326840463
2022-03-31 03:21:04,541.39
2022-03-31 03:21:09,541.52
2022-03-31 03:21:14,541.58
2022-03-31 03:21:19,541.59
2022-03-31 03:21:24,541.61
2022-03-31 03:21:29,541.68
2022-03-31 03:21:34,541.68
2022-03-31 03:21:39,541.75
2022-03-31 03:21:44,541.81
2022-03-31 03:21:49,541.81
2022-03-31 03:21:54,541.87
2022-03-31 03:21:59,541.91
2022-03-31 03:22:04,541.87
2022-03-31 03:22:09,541.91
2022-03-31 03:22:14,541.97
2022-03-31 03:22:19,541.97
2022-03-31 03:22:24,541.97
2022-03-31 03:22:29,541.97
2022-03-31 03:22:34,541.97
2022-03-31 03:22:39,541.97
2022-03-31 03:22:44,541.97
2022-03-31 03:22:49,542.03
2022-03-31 03:22:54,541.97
2022-03-31 03:22:59,541.97
2022-03-31 03:23:04,541.97
2022-03-31 03:23:09,541.97
2022-03-31 03:23:14,541.9
2022-03-31 03:23:19,541.9
2022-03-31 03:23:24,541.9
2022-03-31 03:23:29,541.87
2022-03-31 03:23:34,525.0802619358997
2022-03-31 03:23:39,541.81
2022-03-31 03:23:44,541.74
2022-03-31 03:23:49,541.68
2022-03-31 03:23:54,541.61
2022-03-31 03:23:59,541.61
2022-03-31 03:24:04,541.58
2022-03-31 03:24:09,541.51
2022-03-31 03:24:14,541.51
2022-03-31 03:24:19,541.38
2022-03-31 03:24:24,541.38
2022-03-31 03:24:29,541.35
2022-03-31 03:24:34,541.28
2022-03-31 03:24:39,541.22
2022-03-31 03:24:44,541.15
2022-03-31 03:24:49,541.09
2022-03-31 03:24:54,541.06
2022-03-31 03:24:59,525.0622669692667
2022-03-31 03:25:04,540.99
2022-03-31 03:25:09,540.93
2022-03-31 03:25:14,540.83
2022-03-31 03:25:19,540.83
2022-03-31 03:25:24,540.76
2022-03-31 03:25:29,540.63
2022-03-31 03:25:34,540.63
2022-03-31 03:25:39,540.53
2022-03-31 03:25:44,540.47
2022-03-31 03:25:49,540.41
2022-03-31 03:25:54,540.34
2022-03-31 03:25:59,540.31
2022-03-31 03:26:04,540.24
2022-03-31 03:26:09,540.18
2022-03-31 03:26:14,540.05
2022-03-31 03:26:19,540.02
2022-03-31 03:26:24,539.95
2022-03-31 03:26:29,539.88
2022-03-31 03:26:34,525.0526586052661
2022-03-31 03:26:39,539.79
2022-03-31 03:26:44,539.72
2022-03-31 03:26:49,539.66
2022-03-31 03:26:54,539.59
2022-03-31 03:26:59,539.5
2022-03-31 03:27:04,539.43
2022-03-31 03:27:09,525.0507830955886
2022-03-31 03:27:14,539.27
2022-03-31 03:27:19,539.27
2022-03-31 03:27:24,539.2
2022-03-31 03:27:29,539.14
2022-03-31 03:27:34,539.07
2022-03-31 03:27:39,539.01
2022-03-31 03:27:44,538.98
2022-03-31 03:27:49,538.91
2022-03-31 03:27:54,525.0489606270216
2022-03-31 03:27:59,538.75
2022-03-31 03:28:04,525.0485884051612
2022-03-31 03:28:09,538.62
2022-03-31 03:28:14,538.56
2022-03-31 03:28:19,538.49
2022-03-31 03:28:24,538.46
2022-03-31 03:28:29,538.39
2022-03-31 03:28:34,538.33
2022-03-31 03:28:39,525.047215673794
2022-03-31 03:28:44,538.24
2022-03-31 03:28:49,538.17
2022-03-31 03:28:54,538.04
2022-03-31 03:28:59,537.98
2022-03-31 03:29:04,537.98
2022-03-31 03:29:09,537.88
2022-03-31 03:29:14,537.88
2022-03-31 03:29:19,537.82
2022-03-31 03:29:24,537.75
2022-03-31 03:29:29,537.76
2022-03-31 03:29:34,537.72
2022-03-31 03:29:39,537.66
2022-03-31 03:29:44,537.59
2022-03-31 03:29:49,537.53
2022-03-31 03:29:54,537.59
2022-03-31 03:29:59,537.47
2022-03-31 03:30:04,537.47
2022-03-31 03:30:09,537.47
2022-03-31 03:30:14,537.47
2022-03-31 03:30:19,537.44
2022-03-31 03:30:24,537.47
2022-03-31 03:30:29,537.47
2022-03-31 03:30:34,537.47
2022-03-31 03:30:39,537.53
2022-03-31 03:30:44,537.47
2022-03-31 03:30:49,537.47
2022-03-31 03:30:54,537.53
2022-03-31 03:30:59,537.53
2022-03-31 03:31:04,537.53
2022-03-31 03:31:09,537.53
2022-03-31 03:31:14,537.53
2022-03-31 03:31:19,537.53
2022-03-31 03:31:24,537.53
2022-03-31 03:31:29,537.59
2022-03-31 03:31:34,537.59
2022-03-31 03:31:39,537.66
2022-03-31 03:31:44,537.66
2022-03-31 03:31:49,537.59
2022-03-31 03:31:54,537.59
2022-03-31 03:31:59,537.72
2022-03-31 03:32:04,537.66
2022-03-31 03:32:09,537.66
2022-03-31 03:32:14,537.72
2022-03-31 03:32:19,537.72
2022-03-31 03:32:24,537.72
2022-03-31 03:32:29,537.72
2022-03-31 03:32:34,537.75
2022-03-31 03:32:39,537.81
2022-03-31 03:32:44,537.81
2022-03-31 03:32:49,537.81
2022-03-31 03:32:54,537.88
2022-03-31 03:32:59,537.88
2022-03-31 03:33:04,525.0760416658203
2022-03-31 03:33:09,525.0785165618928
2022-03-31 03:33:14,537.97
2022-03-31 03:33:19,525.0838154911514
2022-03-31 03:33:24,538.1
2022-03-31 03:33:29,538.1
2022-03-31 03:33:34,538.17
2022-03-31 03:33:39,538.23
2022-03-31 03:33:44,538.26
2022-03-31 03:33:49,538.33
2022-03-31 03:33:54,538.32
2022-03-31 03:33:59,525.1100188766648
2022-03-31 03:34:04,538.49
2022-03-31 03:34:09,538.55
2022-03-31 03:34:14,538.61
2022-03-31 03:34:19,538.74
2022-03-31 03:34:24,538.77
2022-03-31 03:34:29,538.77
2022-03-31 03:34:34,538.83
2022-03-31 03:34:39,538.9
2022-03-31 03:34:44,538.96
2022-03-31 03:34:49,525.1554824365728
2022-03-31 03:34:54,539.06
2022-03-31 03:34:59,539.12
2022-03-31 03:35:04,539.19
2022-03-31 03:35:09,539.25
2022-03-31 03:35:14,539.28
2022-03-31 03:35:19,539.35
2022-03-31 03:35:24,539.34
2022-03-31 03:35:29,539.41
2022-03-31 03:35:34,539.47
2022-03-31 03:35:39,539.5
2022-03-31 03:35:44,525.2244861160159
2022-03-31 03:35:49,539.63
2022-03-31 03:35:54,539.7
2022-03-31 03:35:59,539.76
2022-03-31 03:36:04,539.76
2022-03-31 03:36:09,539.79
2022-03-31 03:36:14,539.85
2022-03-31 03:36:19,539.92
2022-03-31 03:36:24,539.98
2022-03-31 03:36:29,525.2979071180625
2022-03-31 03:36:34,525.3070915418331
2022-03-31 03:36:39,540.14
2022-03-31 03:36:44,540.21
2022-03-31 03:36:49,540.27
2022-03-31 03:36:54,525.3459944675297
2022-03-31 03:36:59,540.31
2022-03-31 03:37:04,540.37
2022-03-31 03:37:09,540.5
2022-03-31 03:37:14,540.5
2022-03-31 03:37:19,540.53
2022-03-31 03:37:24,540.6
2022-03-31 03:37:29,540.66
2022-03-31 03:37:34,540.66
2022-03-31 03:37:39,540.72
2022-03-31 03:37:44,525.4592496058733
2022-03-31 03:37:49,525.471898186657
2022-03-31 03:37:54,540.89
2022-03-31 03:37:59,540.95
2022-03-31 03:38:04,541.02
2022-03-31 03:38:09,541.05
2022-03-31 03:38:14,541.12
2022-03-31 03:38:19,541.24
2022-03-31 03:38:24,541.24
2022-03-31 03:38:29,541.31
2022-03-31 03:38:34,541.34
2022-03-31 03:38:39,541.41
2022-03-31 03:38:44,525.6280726516462
2022-03-31 03:38:49,541.54
2022-03-31 03:38:54,525.6599701972941
2022-03-31 03:38:59,541.57
2022-03-31 03:39:04,541.63
2022-03-31 03:39:09,541.63
2022-03-31 03:39:14,541.7
2022-03-31 03:39:19,541.7
2022-03-31 03:39:24,541.77
2022-03-31 03:39:29,541.76
2022-03-31 03:39:34,541.83
2022-03-31 03:39:39,541.83
2022-03-31 03:39:44,541.92
2022-03-31 03:39:49,541.86
2022-03-31 03:39:54,541.86
2022-03-31 03:39:59,541.93
2022-03-31 03:40:04,541.93
2022-03-31 03:40:09,541.92
2022-03-31 03:40:14,541.93
2022-03-31 03:40:19,541.93
2022-03-31 03:40:24,541.93
2022-03-31 03:40:29,541.92
2022-03-31 03:40:34,541.93
2022-03-31 03:40:39,526.0665325713024
2022-03-31 03:40:44,541.86
2022-03-31 03:40:49,541.86
2022-03-31 03:40:54,541.86
2022-03-31 03:40:59,541.86
2022-03-31 03:41:04,541.83
2022-03-31 03:41:09,541.83
2022-03-31 03:41:14,541.77
2022-03-31 03:41:19,541.76
2022-03-31 03:41:24,541.76
2022-03-31 03:41:29,541.63
2022-03-31 03:41:34,541.63
2022-03-31 03:41:39,541.54
2022-03-31 03:41:44,541.54
2022-03-31 03:41:49,541.54
2022-03-31 03:41:54,541.47
2022-03-31 03:41:59,541.41
2022-03-31 03:42:04,541.41
2022-03-31 03:42:09,541.34
2022-03-31 03:42:14,541.31
2022-03-31 03:42:19,541.31
2022-03-31 03:42:24,541.18
2022-03-31 03:42:29,541.18
2022-03-31 03:42:34,541.12
2022-03-31 03:42:39,541.02
2022-03-31 03:42:44,541.02
2022-03-31 03:42:49,540.95
2022-03-31 03:42:54,540.89
2022-03-31 03:42:59,526.840138320573
2022-03-31 03:43:04,540.79
2022-03-31 03:43:09,540.73
2022-03-31 03:43:14,540.66
2022-03-31 03:43:19,540.6
2022-03-31 03:43:24,540.54
2022-03-31 03:43:29,527.0444764099041
2022-03-31 03:43:34,527.0798415332076
2022-03-31 03:43:39,540.31
2022-03-31 03:43:44,527.1516513046375
2022-03-31 03:43:49,540.21
2022-03-31 03:43:54,540.14
2022-03-31 03:43:59,540.02
2022-03-31 03:44:04,539.98
2022-03-31 03:44:09,527.3372537193308
2022-03-31 03:44:14,539.85
2022-03-31 03:44:19,527.4138272207466
2022-03-31 03:44:24,539.75
2022-03-31 03:44:29,539.69
2022-03-31 03:44:34,539.69
2022-03-31 03:44:39,539.56
2022-03-31 03:44:44,539.56
2022-03-31 03:44:49,539.5
2022-03-31 03:44:54,539.49
2022-03-31 03:44:59,539.46
2022-03-31 03:45:04,539.39
2022-03-31 03:45:09,527.8150905548797
2022-03-31 03:45:14,539.33
2022-03-31 03:45:19,539.27
2022-03-31 03:45:24,539.27
2022-03-31 03:45:29,539.24
2022-03-31 03:45:34,539.24
2022-03-31 03:45:39,539.17
2022-03-31 03:45:44,539.11
2022-03-31 03:45:49,539.11
2022-03-31 03:45:54,528.1996298302613
2022-03-31 03:45:59,539.11
2022-03-31 03:46:04,539.04
2022-03-31 03:46:09,538.95
2022-03-31 03:46:14,538.95
2022-03-31 03:46:19,538.95
2022-03-31 03:46:24,538.95
2022-03-31 03:46:29,538.88
2022-03-31 03:46:34,538.88
2022-03-31 03:46:39,538.88
2022-03-31 03:46:44,538.82
2022-03-31 03:46:49,538.76
2022-03-31 03:46:54,538.76
2022-03-31 03:46:59,538.72
2022-03-31 03:47:04,538.72
2022-03-31 03:47:09,538.72
2022-03-31 03:47:14,528.927035270737
2022-03-31 03:47:19,528.9740126742157
2022-03-31 03:47:24,529.0211400733705
2022-03-31 03:47:29,538.53
2022-03-31 03:47:34,538.53
2022-03-31 03:47:39,538.53
2022-03-31 03:47:44,538.47
2022-03-31 03:47:49,538.44
2022-03-31 03:47:54,538.38
2022-03-31 03:47:59,538.37
2022-03-31 03:48:04,529.4029953457406
2022-03-31 03:48:09,538.31
2022-03-31 03:48:14,538.25
2022-03-31 03:48:19,538.25
2022-03-31 03:48:24,538.25
2022-03-31 03:48:29,538.15
2022-03-31 03:48:34,538.21
2022-03-31 03:48:39,538.09
2022-03-31 03:48:44,538.09
2022-03-31 03:48:49,538.09
2022-03-31 03:48:54,538.02
2022-03-31 03:48:59,537.96
2022-03-31 03:49:04,537.93
2022-03-31 03:49:09,530.0371442220892
2022-03-31 03:49:14,537.86
2022-03-31 03:49:19,530.135663560921
2022-03-31 03:49:24,537.8
2022-03-31 03:49:29,537.73
2022-03-31 03:49:34,537.7
2022-03-31 03:49:39,537.7
2022-03-31 03:49:44,537.64
2022-03-31 03:49:49,537.64
2022-03-31 03:49:54,537.57
2022-03-31 03:49:59,537.51
2022-03-31 03:50:04,537.51
2022-03-31 03:50:09,537.44
2022-03-31 03:50:14,537.42
2022-03-31 03:50:19,530.7285925233484
2022-03-31 03:50:24,530.7779908700178
2022-03-31 03:50:29,530.8273653847629
2022-03-31 03:50:34,537.35
2022-03-31 03:50:39,537.28
2022-03-31 03:50:44,537.22
2022-03-31 03:50:49,537.22
2022-03-31 03:50:54,537.22
2022-03-31 03:50:59,537.28
2022-03-31 03:51:04,537.22
2022-03-31 03:51:09,537.18
2022-03-31 03:51:14,537.18
2022-03-31 03:51:19,537.18
2022-03-31 03:51:24,537.18
2022-03-31 03:51:29,537.18
2022-03-31 03:51:34,537.18
2022-03-31 03:51:39,537.18
2022-03-31 03:51:44,537.12
2022-03-31 03:51:49,537.12
2022-03-31 03:51:54,537.12
2022-03-31 03:51:59,537.12
2022-03-31 03:52:04,537.12
2022-03-31 03:52:09,537.05
2022-03-31 03:52:14,537.05
2022-03-31 03:52:19,537.05
2022-03-31 03:52:24,536.99
2022-03-31 03:52:29,536.99
2022-03-31 03:52:34,536.98
2022-03-31 03:52:39,536.98
2022-03-31 03:52:44,536.98
2022-03-31 03:52:49,536.98
2022-03-31 03:52:54,536.98
2022-03-31 03:52:59,536.98
2022-03-31 03:53:04,536.98
2022-03-31 03:53:09,536.98
2022-03-31 03:53:14,536.98
2022-03-31 03:53:19,536.98
2022-03-31 03:53:24,532.503955492085
2022-03-31 03:53:29,537.05
2022-03-31 03:53:34,537.04
2022-03-31 03:53:39,537.04
2022-03-31 03:53:44,537.04
2022-03-31 03:53:49,537.04
2022-03-31 03:53:54,537.04
2022-03-31 03:53:59,537.11
2022-03-31 03:54:04,537.04
2022-03-31 03:54:09,537.11
2022-03-31 03:54:14,537.11
2022-03-31 03:54:19,537.11
2022-03-31 03:54:24,537.11
2022-03-31 03:54:29,533.0772341010837
2022-03-31 03:54:34,537.11
2022-03-31 03:54:39,537.11
2022-03-31 03:54:44,537.11
2022-03-31 03:54:49,537.11
2022-03-31 03:54:54,537.17
2022-03-31 03:54:59,537.17
2022-03-31 03:55:04,537.17
2022-03-31 03:55:09,533.4093396357167
2022-03-31 03:55:14,537.21
2022-03-31 03:55:19,537.21
2022-03-31 03:55:24,537.27
2022-03-31 03:55:29,537.27
2022-03-31 03:55:34,537.27
2022-03-31 03:55:39,537.27
2022-03-31 03:55:44,537.34
2022-03-31 03:55:49,537.34
2022-03-31 03:55:54,537.44
2022-03-31 03:55:59,537.44
2022-03-31 03:56:04,537.44
2022-03-31 03:56:09,537.5
2022-03-31 03:56:14,537.5
2022-03-31 03:56:19,537.5
2022-03-31 03:56:24,537.63
2022-03-31 03:56:29,534.015154191866
2022-03-31 03:56:34,537.63
2022-03-31 03:56:39,537.73
2022-03-31 03:56:44,534.1188711406331
2022-03-31 03:56:49,537.79
2022-03-31 03:56:54,537.86
2022-03-31 03:56:59,537.86
2022-03-31 03:57:04,537.93
2022-03-31 03:57:09,534.2840559364911
2022-03-31 03:57:14,538.02
2022-03-31 03:57:19,538.08
2022-03-31 03:57:24,538.15
2022-03-31 03:57:29,538.21
2022-03-31 03:57:34,538.25
2022-03-31 03:57:39,538.31
2022-03-31 03:57:44,538.37
2022-03-31 03:57:49,538.37
2022-03-31 03:57:54,538.47
2022-03-31 03:57:59,538.54
2022-03-31 03:58:04,538.6
2022-03-31 03:58:09,538.67
2022-03-31 03:58:14,538.73
2022-03-31 03:58:19,538.76
2022-03-31 03:58:24,538.83
2022-03-31 03:58:29,538.96
2022-03-31 03:58:34,534.7717902421988
2022-03-31 03:58:39,538.96
2022-03-31 03:58:44,539.05
2022-03-31 03:58:49,539.05
2022-03-31 03:58:54,539.18
2022-03-31 03:58:59,534.8935643334912
2022-03-31 03:59:04,539.28
2022-03-31 03:59:09,539.34
2022-03-31 03:59:14,534.961916888507
2022-03-31 03:59:19,539.47
2022-03-31 03:59:24,539.5
2022-03-31 03:59:29,539.57
2022-03-31 03:59:34,539.63
2022-03-31 03:59:39,539.63
2022-03-31 03:59:44,539.7
2022-03-31 03:59:49,539.76
2022-03-31 03:59:54,539.79
2022-03-31 03:59:59,539.79
2022-03-31 04:00:04,539.86
2022-03-31 04:00:09,539.92
2022-03-31 04:00:14,539.92
2022-03-31 04:00:19,535.2174034353976
2022-03-31 04:00:24,540.02
2022-03-31 04:00:29,540.02
2022-03-31 04:00:34,539.99
2022-03-31 04:00:39,540.02
2022-03-31 04:00:44,540.08
2022-03-31 04:00:49,540.08
2022-03-31 04:00:54,535.3276684005701
2022-03-31 04:00:59,540.08
2022-03-31 04:01:04,540.08
2022-03-31 04:01:09,540.08
2022-03-31 04:01:14,540.08
2022-03-31 04:01:19,535.3947712340141
2022-03-31 04:01:24,540.08
2022-03-31 04:01:29,540.08
2022-03-31 04:01:34,540.01
2022-03-31 04:01:39,540.01
2022-03-31 04:01:44,539.98
2022-03-31 04:01:49,539.98
2022-03-31 04:01:54,539.98
2022-03-31 04:01:59,539.91
2022-03-31 04:02:04,539.91
2022-03-31 04:02:09,539.85
2022-03-31 04:02:14,539.78
2022-03-31 04:02:19,539.75
2022-03-31 04:02:24,539.75
2022-03-31 04:02:29,539.75
2022-03-31 04:02:34,539.62
2022-03-31 04:02:39,539.62
2022-03-31 04:02:44,539.56
2022-03-31 04:02:49,539.49
2022-03-31 04:02:54,539.49
2022-03-31 04:02:59,539.39
2022-03-31 04:03:04,539.39
2022-03-31 04:03:09,539.33
2022-03-31 04:03:14,539.26
2022-03-31 04:03:19,539.23
2022-03-31 04:03:24,539.17
2022-03-31 04:03:29,539.1
2022-03-31 04:03:34,539.04
2022-03-31 04:03:39,538.98
2022-03-31 04:03:44,538.94
2022-03-31 04:03:49,538.88
2022-03-31 04:03:54,538.81
2022-03-31 04:03:59,538.72
2022-03-31 04:04:04,535.595662205586
2022-03-31 04:04:09,535.5952277812089
2022-03-31 04:04:14,538.59
2022-03-31 04:04:19,538.53
2022-03-31 04:04:24,538.43
2022-03-31 04:04:29,538.36
2022-03-31 04:04:34,538.3
2022-03-31 04:04:39,538.24
2022-03-31 04:04:44,538.21
2022-03-31 04:04:49,538.14
2022-03-31 04:04:54,538.08
2022-03-31 04:04:59,538.02
2022-03-31 04:05:04,537.95
2022-03-31 04:05:09,537.92
2022-03-31 04:05:14,537.92
2022-03-31 04:05:19,537.85
2022-03-31 04:05:24,537.79
2022-03-31 04:05:29,537.73
2022-03-31 04:05:34,537.73
2022-03-31 04:05:39,537.69
2022-03-31 04:05:44,537.69
2022-03-31 04:05:49,537.7
2022-03-31 04:05:54,537.63
2022-03-31 04:05:59,535.4894415917078
2022-03-31 04:06:04,537.57
2022-03-31 04:06:09,535.470731568057
2022-03-31 04:06:14,537.51
2022-03-31 04:06:19,537.57
2022-03-31 04:06:24,537.51
2022-03-31 04:06:29,537.51
2022-03-31 04:06:34,537.5
2022-03-31 04:06:39,537.51
2022-03-31 04:06:44,537.51
2022-03-31 04:06:49,537.57
2022-03-31 04:06:54,537.51
2022-03-31 04:06:59,537.57
2022-03-31 04:07:04,535.340883947015
2022-03-31 04:07:09,537.51
2022-03-31 04:07:14,537.63
2022-03-31 04:07:19,537.63
2022-03-31 04:07:24,537.64
2022-03-31 04:07:29,535.266831976586
2022-03-31 04:07:34,537.7
2022-03-31 04:07:39,535.2345883012271
2022-03-31 04:07:44,537.7
2022-03-31 04:07:49,537.7
2022-03-31 04:07:54,537.7
2022-03-31 04:07:59,537.73
2022-03-31 04:08:04,535.1474342608623
2022-03-31 04:08:09,537.73
2022-03-31 04:08:14,537.73
2022-03-31 04:08:19,537.73
2022-03-31 04:08:24,537.86
2022-03-31 04:08:29,537.8
2022-03-31 04:08:34,537.86
2022-03-31 04:08:39,537.86
2022-03-31 04:08:44,537.92
2022-03-31 04:08:49,537.93
2022-03-31 04:08:54,537.92
2022-03-31 04:08:59,537.95
2022-03-31 04:09:04,537.96
2022-03-31 04:09:09,537.95
2022-03-31 04:09:14,538.02
2022-03-31 04:09:19,538.08
2022-03-31 04:09:24,538.08
2022-03-31 04:09:29,538.08
2022-03-31 04:09:34,538.15
2022-03-31 04:09:39,538.15
2022-03-31 04:09:44,538.15
2022-03-31 04:09:49,538.15
2022-03-31 04:09:54,538.15
2022-03-31 04:09:59,538.21
2022-03-31 04:10:04,538.21
2022-03-31 04:10:09,538.21
2022-03-31 04:10:14,538.21
2022-03-31 04:10:19,538.14
2022-03-31 04:10:24,538.21
2022-03-31 04:10:29,538.21
2022-03-31 04:10:34,538.21
2022-03-31 04:10:39,538.14
2022-03-31 04:10:44,538.2
2022-03-31 04:10:49,538.14
2022-03-31 04:10:54,538.07
2022-03-31 04:10:59,538.07
2022-03-31 04:11:04,538.07
2022-03-31 04:11:09,538.08
2022-03-31 04:11:14,538.01
2022-03-31 04:11:19,537.95
2022-03-31 04:11:24,537.91
2022-03-31 04:11:29,537.85
2022-03-31 04:11:34,537.84
2022-03-31 04:11:39,537.78
2022-03-31 04:11:44,537.71
2022-03-31 04:11:49,537.68
2022-03-31 04:11:54,537.68
2022-03-31 04:11:59,533.8759202360897
2022-03-31 04:12:04,537.56
2022-03-31 04:12:09,537.49
2022-03-31 04:12:14,537.43
2022-03-31 04:12:19,537.39
2022-03-31 04:12:24,537.39
2022-03-31 04:12:29,537.27
2022-03-31 04:12:34,537.2
2022-03-31 04:12:39,537.2
2022-03-31 04:12:44,537.04
2022-03-31 04:12:49,536.98
2022-03-31 04:12:54,536.91
2022-03-31 04:12:59,536.82
2022-03-31 04:13:04,536.75
2022-03-31 04:13:09,536.69
2022-03-31 04:13:14,536.53
2022-03-31 04:13:19,536.46
2022-03-31 04:13:24,536.36
2022-03-31 04:13:29,536.36
2022-03-31 04:13:34,536.17
2022-03-31 04:13:39,536.08
2022-03-31 04:13:44,536.01
2022-03-31 04:13:49,535.95
2022-03-31 04:13:54,535.85
2022-03-31 04:13:59,535.72
2022-03-31 04:14:04,535.63
2022-03-31 04:14:09,535.5
2022-03-31 04:14:14,535.37
2022-03-31 04:14:19,535.28
2022-03-31 04:14:24,535.21
2022-03-31 04:14:29,535.11
2022-03-31 04:14:34,534.99
2022-03-31 04:14:39,534.83
2022-03-31 04:14:44,534.76
2022-03-31 04:14:49,534.6
2022-03-31 04:14:54,534.47
2022-03-31 04:14:59,532.4282448309293
2022-03-31 04:15:04,534.25
2022-03-31 04:15:09,534.12
2022-03-31 04:15:14,533.96
2022-03-31 04:15:19,533.83
2022-03-31 04:15:24,533.73
2022-03-31 04:15:29,533.61
2022-03-31 04:15:34,533.44
2022-03-31 04:15:39,533.31
2022-03-31 04:15:44,533.22
2022-03-31 04:15:49,533.09
2022-03-31 04:15:54,532.99
2022-03-31 04:15:59,532.86
2022-03-31 04:16:04,532.8
2022-03-31 04:16:09,532.71
2022-03-31 04:16:14,532.58
2022-03-31 04:16:19,532.48
2022-03-31 04:16:24,532.35
2022-03-31 04:16:29,532.29
2022-03-31 04:16:34,531.5702763436225
2022-03-31 04:16:39,532.06
2022-03-31 04:16:44,532.03
2022-03-31 04:16:49,531.9
2022-03-31 04:16:54,531.83
2022-03-31 04:16:59,531.77
2022-03-31 04:17:04,531.68
2022-03-31 04:17:09,531.2464281340715
2022-03-31 04:17:14,531.52
2022-03-31 04:17:19,531.45
2022-03-31 04:17:24,531.39
2022-03-31 04:17:29,531.32
2022-03-31 04:17:34,531.26
2022-03-31 04:17:39,531.22
2022-03-31 04:17:44,531.16
2022-03-31 04:17:49,531.09
2022-03-31 04:17:54,531.03
2022-03-31 04:17:59,530.7812101625401
2022-03-31 04:18:04,530.93
2022-03-31 04:18:09,530.87
2022-03-31 04:18:14,530.87
2022-03-31 04:18:19,530.8
2022-03-31 04:18:24,530.74
2022-03-31 04:18:29,530.71
2022-03-31 04:18:34,530.65
2022-03-31 04:18:39,530.64
2022-03-31 04:18:44,530.58
2022-03-31 04:18:49,530.51
2022-03-31 04:18:54,530.2708986855134
2022-03-31 04:18:59,530.48
2022-03-31 04:19:04,530.48
2022-03-31 04:19:09,530.41
2022-03-31 04:19:14,530.35
2022-03-31 04:19:19,530.35
2022-03-31 04:19:24,530.35
2022-03-31 04:19:29,529.949623664631
2022-03-31 04:19:34,530.22
2022-03-31 04:19:39,530.28
2022-03-31 04:19:44,530.28
2022-03-31 04:19:49,530.28
2022-03-31 04:19:54,530.21
2022-03-31 04:19:59,530.18
2022-03-31 04:20:04,530.18
2022-03-31 04:20:09,530.18
2022-03-31 04:20:14,530.18
2022-03-31 04:20:19,530.12
2022-03-31 04:20:24,530.18
2022-03-31 04:20:29,530.18
2022-03-31 04:20:34,530.12
2022-03-31 04:20:39,530.12
2022-03-31 04:20:44,530.12
2022-03-31 04:20:49,529.2349499585472
2022-03-31 04:20:54,530.18
2022-03-31 04:20:59,530.18
2022-03-31 04:21:04,530.18
2022-03-31 04:21:09,530.18
2022-03-31 04:21:14,530.18
2022-03-31 04:21:19,530.18
2022-03-31 04:21:24,528.9345676471545
2022-03-31 04:21:29,530.21
2022-03-31 04:21:34,530.21
2022-03-31 04:21:39,530.28
2022-03-31 04:21:44,530.28
2022-03-31 04:21:49,530.34
2022-03-31 04:21:54,530.34
2022-03-31 04:21:59,530.4
2022-03-31 04:22:04,528.6032678633912
2022-03-31 04:22:09,530.41
2022-03-31 04:22:14,530.47
2022-03-31 04:22:19,530.5
2022-03-31 04:22:24,530.5
2022-03-31 04:22:29,530.5
2022-03-31 04:22:34,530.57
2022-03-31 04:22:39,530.57
2022-03-31 04:22:44,530.63
2022-03-31 04:22:49,528.2486476786561
2022-03-31 04:22:54,528.2105651476479
2022-03-31 04:22:59,530.73
2022-03-31 04:23:04,530.73
2022-03-31 04:23:09,530.86
2022-03-31 04:23:14,528.0610879056798
2022-03-31 04:23:19,530.92
2022-03-31 04:23:24,530.99
2022-03-31 04:23:29,530.99
2022-03-31 04:23:34,531.02
2022-03-31 04:23:39,531.09
2022-03-31 04:23:44,531.15
2022-03-31 04:23:49,531.22
2022-03-31 04:23:54,531.22
2022-03-31 04:23:59,531.25
2022-03-31 04:24:04,531.25
2022-03-31 04:24:09,531.31
2022-03-31 04:24:14,531.38
2022-03-31 04:24:19,531.44
2022-03-31 04:24:24,531.51
2022-03-31 04:24:29,531.51
2022-03-31 04:24:34,531.54
2022-03-31 04:24:39,531.54
2022-03-31 04:24:44,531.6
2022-03-31 04:24:49,531.67
2022-03-31 04:24:54,531.73
2022-03-31 04:24:59,531.77
2022-03-31 04:25:04,531.77
2022-03-31 04:25:09,531.76
2022-03-31 04:25:14,531.89
2022-03-31 04:25:19,531.89
2022-03-31 04:25:24,531.96
2022-03-31 04:25:29,532.02
2022-03-31 04:25:34,527.1649779295144
2022-03-31 04:25:39,532.05
2022-03-31 04:25:44,532.12
2022-03-31 04:25:49,527.0866336557162
2022-03-31 04:25:54,532.24
2022-03-31 04:25:59,532.25
2022-03-31 04:26:04,532.28
2022-03-31 04:26:09,532.28
2022-03-31 04:26:14,532.28
2022-03-31 04:26:19,532.34
2022-03-31 04:26:24,532.4
2022-03-31 04:26:29,532.4
2022-03-31 04:26:34,532.4
2022-03-31 04:26:39,532.4
2022-03-31 04:26:44,532.47
2022-03-31 04:26:49,532.47
2022-03-31 04:26:54,532.53
2022-03-31 04:26:59,532.53
2022-03-31 04:27:04,532.53
2022-03-31 04:27:09,532.56
2022-03-31 04:27:14,532.56
2022-03-31 04:27:19,532.53
2022-03-31 04:27:24,532.63
2022-03-31 04:27:29,532.56
2022-03-31 04:27:34,532.56
2022-03-31 04:27:39,532.56
2022-03-31 04:27:44,532.56
2022-03-31 04:27:49,532.56
2022-03-31 04:27:54,526.5592053562153
2022-03-31 04:27:59,532.56
2022-03-31 04:28:04,532.56
2022-03-31 04:28:09,532.62
2022-03-31 04:28:14,526.4936021171102
2022-03-31 04:28:19,532.56
2022-03-31 04:28:24,532.62
2022-03-31 04:28:29,532.62
2022-03-31 04:28:34,532.62
2022-03-31 04:28:39,532.62
2022-03-31 04:28:44,532.62
2022-03-31 04:28:49,532.62
2022-03-31 04:28:54,532.68
2022-03-31 04:28:59,532.75
2022-03-31 04:29:04,532.74
2022-03-31 04:29:09,532.74
2022-03-31 04:29:14,526.3236396312732
2022-03-31 04:29:19,532.77
2022-03-31 04:29:24,532.77
2022-03-31 04:29:29,532.77
2022-03-31 04:29:34,532.77
2022-03-31 04:29:39,532.77
2022-03-31 04:29:44,532.9
2022-03-31 04:29:49,532.9
2022-03-31 04:29:54,526.2306329464494
2022-03-31 04:29:59,532.96
2022-03-31 04:30:04,532.96
2022-03-31 04:30:09,533.03
2022-03-31 04:30:14,533.03
2022-03-31 04:30:19,533.06
2022-03-31 04:30:24,533.06
2022-03-31 04:30:29,533.12
2022-03-31 04:30:34,533.12
2022-03-31 04:30:39,533.19
2022-03-31 04:30:44,533.25
2022-03-31 04:30:49,533.25
2022-03-31 04:30:54,533.35
2022-03-31 04:30:59,533.41
2022-03-31 04:31:04,526.1013039668277
2022-03-31 04:31:09,533.54
2022-03-31 04:31:14,533.57
2022-03-31 04:31:19,533.57
2022-03-31 04:31:24,533.64
2022-03-31 04:31:29,533.7
2022-03-31 04:31:34,533.77
2022-03-31 04:31:39,526.0502968085536
2022-03-31 04:31:44,533.86
2022-03-31 04:31:49,533.93
2022-03-31 04:31:54,533.99
2022-03-31 04:31:59,534.06
2022-03-31 04:32:04,534.09
2022-03-31 04:32:09,534.16
2022-03-31 04:32:14,534.16
2022-03-31 04:32:19,534.22
2022-03-31 04:32:24,534.29
2022-03-31 04:32:29,534.32
2022-03-31 04:32:34,525.9851210532902
2022-03-31 04:32:39,534.45
2022-03-31 04:32:44,534.51
2022-03-31 04:32:49,534.58
2022-03-31 04:32:54,534.61
2022-03-31 04:32:59,534.61
2022-03-31 04:33:04,534.67
2022-03-31 04:33:09,534.74
2022-03-31 04:33:14,534.8
2022-03-31 04:33:19,534.83
2022-03-31 04:33:24,534.84
2022-03-31 04:33:29,534.96
2022-03-31 04:33:34,534.96
2022-03-31 04:33:39,535.03
2022-03-31 04:33:44,525.9226064007383
2022-03-31 04:33:49,535.09
2022-03-31 04:33:54,535.12
2022-03-31 04:33:59,535.19
2022-03-31 04:34:04,535.19
2022-03-31 04:34:09,535.25
2022-03-31 04:34:14,535.25
2022-03-31 04:34:19,535.32
2022-03-31 04:34:24,535.35
2022-03-31 04:34:29,535.35
2022-03-31 04:34:34,535.41
2022-03-31 04:34:39,535.48
2022-03-31 04:34:44,535.54
2022-03-31 04:34:49,535.48
2022-03-31 04:34:54,535.61
2022-03-31 04:34:59,535.6
2022-03-31 04:35:04,535.64
2022-03-31 04:35:09,535.7
2022-03-31 04:35:14,535.77
2022-03-31 04:35:19,525.85949604648
2022-03-31 04:35:24,535.86
2022-03-31 04:35:29,535.86
2022-03-31 04:35:34,535.92
2022-03-31 04:35:39,525.8475623469825
2022-03-31 04:35:44,535.99
2022-03-31 04:35:49,536.05
2022-03-31 04:35:54,536.12
2022-03-31 04:35:59,536.15
2022-03-31 04:36:04,536.21
2022-03-31 04:36:09,536.21
2022-03-31 04:36:14,536.28
2022-03-31 04:36:19,536.34
2022-03-31 04:36:24,536.34
2022-03-31 04:36:29,536.34
2022-03-31 04:36:34,536.37
2022-03-31 04:36:39,536.43
2022-03-31 04:36:44,525.8077362576862
2022-03-31 04:36:49,536.5
2022-03-31 04:36:54,536.56
2022-03-31 04:36:59,536.56
2022-03-31 04:37:04,536.62
2022-03-31 04:37:09,536.72
2022-03-31 04:37:14,525.7874035659066
2022-03-31 04:37:19,536.78
2022-03-31 04:37:24,536.85
2022-03-31 04:37:29,536.85
2022-03-31 04:37:34,536.88
2022-03-31 04:37:39,536.88
2022-03-31 04:37:44,536.94
2022-03-31 04:37:49,537.0
2022-03-31 04:37:54,537.07
2022-03-31 04:37:59,537.13
2022-03-31 04:38:04,537.06
2022-03-31 04:38:09,537.16
2022-03-31 04:38:14,537.16
2022-03-31 04:38:19,537.22
2022-03-31 04:38:24,537.28
2022-03-31 04:38:29,537.29
2022-03-31 04:38:34,537.35
2022-03-31 04:38:39,537.35
2022-03-31 04:38:44,537.38
2022-03-31 04:38:49,537.45
2022-03-31 04:38:54,537.45
2022-03-31 04:38:59,537.51
2022-03-31 04:39:04,537.51
2022-03-31 04:39:09,537.51
2022-03-31 04:39:14,537.64
2022-03-31 04:39:19,525.6710264841877
2022-03-31 04:39:24,537.67
2022-03-31 04:39:29,537.67
2022-03-31 04:39:34,537.67
2022-03-31 04:39:39,537.73
2022-03-31 04:39:44,537.73
2022-03-31 04:39:49,537.8
2022-03-31 04:39:54,537.8
2022-03-31 04:39:59,537.8
2022-03-31 04:40:04,537.8
2022-03-31 04:40:09,537.86
2022-03-31 04:40:14,537.86
2022-03-31 04:40:19,537.86
2022-03-31 04:40:24,537.89
2022-03-31 04:40:29,537.9
2022-03-31 04:40:34,525.5652729339081
2022-03-31 04:40:39,537.96
2022-03-31 04:40:44,537.96
2022-03-31 04:40:49,538.03
2022-03-31 04:40:54,538.02
2022-03-31 04:40:59,538.09
2022-03-31 04:41:04,538.09
2022-03-31 04:41:09,538.15
2022-03-31 04:41:14,525.4988312328206
2022-03-31 04:41:19,538.19
2022-03-31 04:41:24,538.19
2022-03-31 04:41:29,538.25
2022-03-31 04:41:34,525.4635099598119
2022-03-31 04:41:39,525.4544868604818
2022-03-31 04:41:44,538.32
2022-03-31 04:41:49,538.32
2022-03-31 04:41:54,538.38
2022-03-31 04:41:59,538.38
2022-03-31 04:42:04,538.38
2022-03-31 04:42:09,538.41
2022-03-31 04:42:14,538.41
2022-03-31 04:42:19,538.48
2022-03-31 04:42:24,538.41
2022-03-31 04:42:29,538.48
2022-03-31 04:42:34,538.54
2022-03-31 04:42:39,525.3412562263796
2022-03-31 04:42:44,538.54
2022-03-31 04:42:49,538.61
2022-03-31 04:42:54,538.54
2022-03-31 04:42:59,538.6
2022-03-31 04:43:04,538.61
2022-03-31 04:43:09,538.6
2022-03-31 04:43:14,538.6
2022-03-31 04:43:19,538.67
2022-03-31 04:43:24,538.67
2022-03-31 04:43:29,538.67
2022-03-31 04:43:34,538.7
2022-03-31 04:43:39,525.2217622081286
2022-03-31 04:43:44,525.2116517157169
2022-03-31 04:43:49,538.76
2022-03-31 04:43:54,538.7
2022-03-31 04:43:59,538.76
2022-03-31 04:44:04,538.7
2022-03-31 04:44:09,538.69
2022-03-31 04:44:14,538.76
2022-03-31 04:44:19,538.83
2022-03-31 04:44:24,538.82
2022-03-31 04:44:29,538.82
2022-03-31 04:44:34,538.89
2022-03-31 04:44:39,538.89
2022-03-31 04:44:44,538.89
2022-03-31 04:44:49,538.89
2022-03-31 04:44:54,538.92
2022-03-31 04:44:59,538.88
2022-03-31 04:45:04,538.92
2022-03-31 04:45:09,538.92
2022-03-31 04:45:14,538.98
2022-03-31 04:45:19,538.98
2022-03-31 04:45:24,538.98
2022-03-31 04:45:29,539.04
2022-03-31 04:45:34,539.04
2022-03-31 04:45:39,539.04
2022-03-31 04:45:44,539.04
2022-03-31 04:45:49,539.04
2022-03-31 04:45:54,539.1
2022-03-31 04:45:59,524.9418928113621
2022-03-31 04:46:04,539.1
2022-03-31 04:46:09,539.17
2022-03-31 04:46:14,524.9134200107522
2022-03-31 04:46:19,539.17
2022-03-31 04:46:24,539.16
2022-03-31 04:46:29,539.2
2022-03-31 04:46:34,539.19
2022-03-31 04:46:39,524.8671924708615
2022-03-31 04:46:44,539.19
2022-03-31 04:46:49,539.26
2022-03-31 04:46:54,539.32
2022-03-31 04:46:59,539.26
2022-03-31 04:47:04,539.38
2022-03-31 04:47:09,539.32
2022-03-31 04:47:14,539.38
2022-03-31 04:47:19,539.38
2022-03-31 04:47:24,539.38
2022-03-31 04:47:29,539.41
2022-03-31 04:47:34,539.41
2022-03-31 04:47:39,539.48
2022-03-31 04:47:44,539.48
2022-03-31 04:47:49,539.48
2022-03-31 04:47:54,539.48
2022-03-31 04:47:59,539.54
2022-03-31 04:48:04,539.54
2022-03-31 04:48:09,539.54
2022-03-31 04:48:14,539.6
2022-03-31 04:48:19,539.6
2022-03-31 04:48:24,539.6
2022-03-31 04:48:29,539.6
2022-03-31 04:48:34,524.6822921157446
2022-03-31 04:48:39,539.66
2022-03-31 04:48:44,539.7
2022-03-31 04:48:49,539.7
2022-03-31 04:48:54,539.76
2022-03-31 04:48:59,539.76
2022-03-31 04:49:04,539.83
2022-03-31 04:49:09,539.83
2022-03-31 04:49:14,539.89
2022-03-31 04:49:19,539.92
2022-03-31 04:49:24,539.99
2022-03-31 04:49:29,539.99
2022-03-31 04:49:34,540.12
2022-03-31 04:49:39,524.6056257168193
2022-03-31 04:49:44,540.18
2022-03-31 04:49:49,540.21
2022-03-31 04:49:54,540.28
2022-03-31 04:49:59,540.34
2022-03-31 04:50:04,540.41
2022-03-31 04:50:09,540.44
2022-03-31 04:50:14,540.51
2022-03-31 04:50:19,540.63
2022-03-31 04:50:24,540.64
2022-03-31 04:50:29,524.5645689468643
2022-03-31 04:50:34,540.73
2022-03-31 04:50:39,540.8
2022-03-31 04:50:44,540.86
2022-03-31 04:50:49,540.92
2022-03-31 04:50:54,540.96
2022-03-31 04:50:59,541.02
2022-03-31 04:51:04,541.08
2022-03-31 04:51:09,541.09
2022-03-31 04:51:14,541.15
2022-03-31 04:51:19,541.22
2022-03-31 04:51:24,524.5405449468366
2022-03-31 04:51:29,524.5395647004835
2022-03-31 04:51:34,541.31
2022-03-31 04:51:39,541.38
2022-03-31 04:51:44,541.38
2022-03-31 04:51:49,541.44
2022-03-31 04:51:54,541.44
2022-03-31 04:51:59,541.44
2022-03-31 04:52:04,524.5387463046779
2022-03-31 04:52:09,541.47
2022-03-31 04:52:14,541.47
2022-03-31 04:52:19,541.47
2022-03-31 04:52:24,541.53
2022-03-31 04:52:29,541.53
2022-03-31 04:52:34,541.6
2022-03-31 04:52:39,524.5490920264253
2022-03-31 04:52:44,541.6
2022-03-31 04:52:49,524.5542137564127
2022-03-31 04:52:54,541.53
2022-03-31 04:52:59,541.53
2022-03-31 04:53:04,541.53
2022-03-31 04:53:09,524.5674698244293
2022-03-31 04:53:14,541.53
2022-03-31 04:53:19,541.53
2022-03-31 04:53:24,541.47
2022-03-31 04:53:29,541.47
2022-03-31 04:53:34,541.47
2022-03-31 04:53:39,541.44
2022-03-31 04:53:44,541.37
2022-03-31 04:53:49,541.37
2022-03-31 04:53:54,541.37
2022-03-31 04:53:59,541.24
2022-03-31 04:54:04,541.24
2022-03-31 04:54:09,524.6320200770671
2022-03-31 04:54:14,541.14
2022-03-31 04:54:19,541.07
2022-03-31 04:54:24,524.6537381714812
2022-03-31 04:54:29,540.95
2022-03-31 04:54:34,540.91
2022-03-31 04:54:39,540.79
2022-03-31 04:54:44,540.72
2022-03-31 04:54:49,540.69
2022-03-31 04:54:54,540.69
2022-03-31 04:54:59,540.56
2022-03-31 04:55:04,540.43
2022-03-31 04:55:09,540.43
2022-03-31 04:55:14,540.39
2022-03-31 04:55:19,540.33
2022-03-31 04:55:24,540.2
2022-03-31 04:55:29,540.16
2022-03-31 04:55:34,540.04
2022-03-31 04:55:39,539.97
2022-03-31 04:55:44,539.87
2022-03-31 04:55:49,539.81
2022-03-31 04:55:54,539.74
2022-03-31 04:55:59,539.68
2022-03-31 04:56:04,539.65
2022-03-31 04:56:09,539.58
2022-03-31 04:56:14,524.8721774213781
2022-03-31 04:56:19,539.45
2022-03-31 04:56:24,539.35
2022-03-31 04:56:29,539.29
2022-03-31 04:56:34,539.22
2022-03-31 04:56:39,539.16
2022-03-31 04:56:44,539.12
2022-03-31 04:56:49,539.06
2022-03-31 04:56:54,539.0
2022-03-31 04:56:59,538.87
2022-03-31 04:57:04,538.83
2022-03-31 04:57:09,538.77
2022-03-31 04:57:14,538.71
2022-03-31 04:57:19,538.61
2022-03-31 04:57:24,538.55
2022-03-31 04:57:29,538.48
2022-03-31 04:57:34,525.0853342389842
2022-03-31 04:57:39,538.32
2022-03-31 04:57:44,538.26
2022-03-31 04:57:49,538.19
2022-03-31 04:57:54,538.09
2022-03-31 04:57:59,538.09
2022-03-31 04:58:04,538.03
2022-03-31 04:58:09,537.9
2022-03-31 04:58:14,537.84
2022-03-31 04:58:19,537.84
2022-03-31 04:58:24,537.81
2022-03-31 04:58:29,537.74
2022-03-31 04:58:34,537.68
2022-03-31 04:58:39,537.61
2022-03-31 04:58:44,537.61
2022-03-31 04:58:49,537.58
2022-03-31 04:58:54,537.52
2022-03-31 04:58:59,537.45
2022-03-31 04:59:04,537.39
2022-03-31 04:59:09,537.39
2022-03-31 04:59:14,537.32
2022-03-31 04:59:19,537.29
2022-03-31 04:59:24,537.23
2022-03-31 04:59:29,537.23
2022-03-31 04:59:34,537.16
2022-03-31 04:59:39,537.16
2022-03-31 04:59:44,537.16
2022-03-31 04:59:49,537.07
2022-03-31 04:59:54,537.07
2022-03-31 04:59:59,537.07
2022-03-31 05:00:04,537.07
2022-03-31 05:00:09,537.0
2022-03-31 05:00:14,537.0
2022-03-31 05:00:19,537.0
2022-03-31 05:00:24,537.0
2022-03-31 05:00:29,536.94
2022-03-31 05:00:34,536.94
2022-03-31 05:00:39,536.87
2022-03-31 05:00:44,536.87
2022-03-31 05:00:49,536.87
2022-03-31 05:00:54,536.81
2022-03-31 05:00:59,536.81
2022-03-31 05:01:04,536.78
2022-03-31 05:01:09,536.71
2022-03-31 05:01:14,536.71
2022-03-31 05:01:19,536.65
2022-03-31 05:01:24,536.65
2022-03-31 05:01:29,536.58
2022-03-31 05:01:34,536.55
2022-03-31 05:01:39,536.55
2022-03-31 05:01:44,536.49
2022-03-31 05:01:49,536.42
2022-03-31 05:01:54,536.36
2022-03-31 05:01:59,525.9695014108318
2022-03-31 05:02:04,536.36
2022-03-31 05:02:09,536.29
2022-03-31 05:02:14,536.26
2022-03-31 05:02:19,536.26
2022-03-31 05:02:24,536.19
2022-03-31 05:02:29,536.13
2022-03-31 05:02:34,536.13
2022-03-31 05:02:39,536.06
2022-03-31 05:02:44,536.03
2022-03-31 05:02:49,536.03
2022-03-31 05:02:54,526.1621638906759
2022-03-31 05:02:59,535.97
2022-03-31 05:03:04,535.97
2022-03-31 05:03:09,535.9
2022-03-31 05:03:14,535.9
2022-03-31 05:03:19,535.83
2022-03-31 05:03:24,535.84
2022-03-31 05:03:29,526.28241484144
2022-03-31 05:03:34,535.77
2022-03-31 05:03:39,526.3162755815669
2022-03-31 05:03:44,526.3331097883396
2022-03-31 05:03:49,535.74
2022-03-31 05:03:54,535.73
2022-03-31 05:03:59,535.73
2022-03-31 05:04:04,535.67
2022-03-31 05:04:09,535.73
2022-03-31 05:04:14,535.66
2022-03-31 05:04:19,535.73
2022-03-31 05:04:24,535.66
2022-03-31 05:04:29,535.73
2022-03-31 05:04:34,535.73
2022-03-31 05:04:39,535.73
2022-03-31 05:04:44,535.76
2022-03-31 05:04:49,535.76
2022-03-31 05:04:54,535.82
2022-03-31 05:04:59,526.576002497864
2022-03-31 05:05:04,535.89
2022-03-31 05:05:09,535.95
2022-03-31 05:05:14,535.95
2022-03-31 05:05:19,536.01
2022-03-31 05:05:24,536.04
2022-03-31 05:05:29,536.11
2022-03-31 05:05:34,536.24
2022-03-31 05:05:39,536.27
2022-03-31 05:05:44,536.27
2022-03-31 05:05:49,536.4
2022-03-31 05:05:54,536.46
2022-03-31 05:05:59,526.753281745691
2022-03-31 05:06:04,536.69
2022-03-31 05:06:09,526.7809938669992
2022-03-31 05:06:14,536.79
2022-03-31 05:06:19,536.85
2022-03-31 05:06:24,526.821465558027
2022-03-31 05:06:29,537.04
2022-03-31 05:06:34,537.07
2022-03-31 05:06:39,537.2
2022-03-31 05:06:44,537.3
2022-03-31 05:06:49,537.36
2022-03-31 05:06:54,537.43
2022-03-31 05:06:59,537.49
2022-03-31 05:07:04,537.59
2022-03-31 05:07:09,537.65
2022-03-31 05:07:14,526.9459982985419
2022-03-31 05:07:19,537.82
2022-03-31 05:07:24,537.88
2022-03-31 05:07:29,537.94
2022-03-31 05:07:34,538.07
2022-03-31 05:07:39,538.11
2022-03-31 05:07:44,538.17
2022-03-31 05:07:49,538.3
2022-03-31 05:07:54,538.33
2022-03-31 05:07:59,538.4
2022-03-31 05:08:04,527.0527682844817
2022-03-31 05:08:09,538.53
2022-03-31 05:08:14,538.59
2022-03-31 05:08:19,538.62
2022-03-31 05:08:24,538.75
2022-03-31 05:08:29,538.75
2022-03-31 05:08:34,538.82
2022-03-31 05:08:39,538.85
2022-03-31 05:08:44,527.1252353898805
2022-03-31 05:08:49,538.98
2022-03-31 05:08:54,538.98
2022-03-31 05:08:59,538.98
2022-03-31 05:09:04,539.11
2022-03-31 05:09:09,539.11
2022-03-31 05:09:14,527.1723922800356
2022-03-31 05:09:19,539.14
2022-03-31 05:09:24,527.1867874911215
2022-03-31 05:09:29,539.2
2022-03-31 05:09:34,539.2
2022-03-31 05:09:39,539.27
2022-03-31 05:09:44,539.33
2022-03-31 05:09:49,539.33
2022-03-31 05:09:54,539.33
2022-03-31 05:09:59,539.37
2022-03-31 05:10:04,539.33
2022-03-31 05:10:09,539.37
2022-03-31 05:10:14,539.37
2022-03-31 05:10:19,539.43
2022-03-31 05:10:24,539.43
2022-03-31 05:10:29,539.43
2022-03-31 05:10:34,539.43
2022-03-31 05:10:39,539.43
2022-03-31 05:10:44,539.49
2022-03-31 05:10:49,539.43
2022-03-31 05:10:54,539.43
2022-03-31 05:10:59,539.43
2022-03-31 05:11:04,539.43
2022-03-31 05:11:09,539.43
2022-03-31 05:11:14,539.43
2022-03-31 05:11:19,539.43
2022-03-31 05:11:24,539.43
2022-03-31 05:11:29,527.3149214824165
2022-03-31 05:11:34,539.43
2022-03-31 05:11:39,539.43
2022-03-31 05:11:44,527.3243075853859
2022-03-31 05:11:49,539.42
2022-03-31 05:11:54,539.36
2022-03-31 05:11:59,539.36
2022-03-31 05:12:04,539.36
2022-03-31 05:12:09,539.36
2022-03-31 05:12:14,539.32
2022-03-31 05:12:19,539.33
2022-03-31 05:12:24,539.32
2022-03-31 05:12:29,539.32
2022-03-31 05:12:34,539.32
2022-03-31 05:12:39,539.32
2022-03-31 05:12:44,539.32
2022-03-31 05:12:49,539.32
2022-03-31 05:12:54,539.26
2022-03-31 05:12:59,539.26
2022-03-31 05:13:04,527.3551145794895
2022-03-31 05:13:09,539.19
2022-03-31 05:13:14,539.19
2022-03-31 05:13:19,539.13
2022-03-31 05:13:24,539.13
2022-03-31 05:13:29,539.12
2022-03-31 05:13:34,539.09
2022-03-31 05:13:39,539.12
2022-03-31 05:13:44,539.09
2022-03-31 05:13:49,527.3593368644802
2022-03-31 05:13:54,539.09
2022-03-31 05:13:59,539.08
2022-03-31 05:14:04,539.02
2022-03-31 05:14:09,539.02
2022-03-31 05:14:14,539.02
2022-03-31 05:14:19,538.95
2022-03-31 05:14:24,527.3567466367366
2022-03-31 05:14:29,538.95
2022-03-31 05:14:34,538.89
2022-03-31 05:14:39,538.89
2022-03-31 05:14:44,538.89
2022-03-31 05:14:49,538.83
2022-03-31 05:14:54,538.83
2022-03-31 05:14:59,538.83
2022-03-31 05:15:04,538.83
2022-03-31 05:15:09,538.79
2022-03-31 05:15:14,538.79
2022-03-31 05:15:19,538.79
2022-03-31 05:15:24,538.73
2022-03-31 05:15:29,538.73
2022-03-31 05:15:34,538.66
2022-03-31 05:15:39,538.66
2022-03-31 05:15:44,538.66
2022-03-31 05:15:49,538.6
2022-03-31 05:15:54,538.6
2022-03-31 05:15:59,527.3269420856657
2022-03-31 05:16:04,538.57
2022-03-31 05:16:09,538.5
2022-03-31 05:16:14,538.44
2022-03-31 05:16:19,538.44
2022-03-31 05:16:24,538.37
2022-03-31 05:16:29,538.38
2022-03-31 05:16:34,538.28
2022-03-31 05:16:39,538.21
2022-03-31 05:16:44,527.3028062078808
2022-03-31 05:16:49,538.09
2022-03-31 05:16:54,538.09
2022-03-31 05:16:59,538.05
2022-03-31 05:17:04,537.99
2022-03-31 05:17:09,537.99
2022-03-31 05:17:14,537.86
2022-03-31 05:17:19,537.86
2022-03-31 05:17:24,537.8
2022-03-31 05:17:29,527.2733172644619
2022-03-31 05:17:34,537.64
2022-03-31 05:17:39,537.64
2022-03-31 05:17:44,537.58
2022-03-31 05:17:49,537.58
2022-03-31 05:17:54,537.48
2022-03-31 05:17:59,537.41
2022-03-31 05:18:04,537.35
2022-03-31 05:18:09,527.2432522052208
2022-03-31 05:18:14,537.29
2022-03-31 05:18:19,537.25
2022-03-31 05:18:24,537.19
2022-03-31 05:18:29,537.13
2022-03-31 05:18:34,537.13
2022-03-31 05:18:39,527.2186741988048
2022-03-31 05:18:44,537.03
2022-03-31 05:18:49,527.2101414399687
2022-03-31 05:18:54,527.2058161902187
2022-03-31 05:18:59,536.9
2022-03-31 05:19:04,536.83
2022-03-31 05:19:09,536.77
2022-03-31 05:19:14,536.77
2022-03-31 05:19:19,536.74
2022-03-31 05:19:24,536.74
2022-03-31 05:19:29,536.67
2022-03-31 05:19:34,536.61
2022-03-31 05:19:39,536.55
2022-03-31 05:19:44,536.55
2022-03-31 05:19:49,527.1559832899359
2022-03-31 05:19:54,536.51
2022-03-31 05:19:59,536.51
2022-03-31 05:20:04,527.1417892030648
2022-03-31 05:20:09,536.45
2022-03-31 05:20:14,536.38
2022-03-31 05:20:19,536.32
2022-03-31 05:20:24,536.32
2022-03-31 05:20:29,527.1176956528878
2022-03-31 05:20:34,536.22
2022-03-31 05:20:39,536.22
2022-03-31 05:20:44,536.15
2022-03-31 05:20:49,536.09
2022-03-31 05:20:54,536.09
2022-03-31 05:20:59,536.03
2022-03-31 05:21:04,536.02
2022-03-31 05:21:09,535.99
2022-03-31 05:21:14,535.93
2022-03-31 05:21:19,535.86
2022-03-31 05:21:24,535.86
2022-03-31 05:21:29,535.8
2022-03-31 05:21:34,527.0533886697532
2022-03-31 05:21:39,535.73
2022-03-31 05:21:44,535.73
2022-03-31 05:21:49,535.7
2022-03-31 05:21:54,535.7
2022-03-31 05:21:59,535.7
2022-03-31 05:22:04,535.57
2022-03-31 05:22:09,535.57
2022-03-31 05:22:14,535.57
2022-03-31 05:22:19,535.57
2022-03-31 05:22:24,535.57
2022-03-31 05:22:29,535.57
2022-03-31 05:22:34,535.5
2022-03-31 05:22:39,535.5
2022-03-31 05:22:44,526.9832298814932
2022-03-31 05:22:49,535.5
2022-03-31 05:22:54,535.46
2022-03-31 05:22:59,535.46
2022-03-31 05:23:04,535.46
2022-03-31 05:23:09,535.4
2022-03-31 05:23:14,535.4
2022-03-31 05:23:19,535.4
2022-03-31 05:23:24,535.4
2022-03-31 05:23:29,535.4
2022-03-31 05:23:34,535.33
2022-03-31 05:23:39,535.4
2022-03-31 05:23:44,535.33
2022-03-31 05:23:49,535.39
2022-03-31 05:23:54,535.33
2022-03-31 05:23:59,526.9081110405785
2022-03-31 05:24:04,535.4
2022-03-31 05:24:09,535.39
2022-03-31 05:24:14,526.8931629101418
2022-03-31 05:24:19,535.33
2022-03-31 05:24:24,535.33
2022-03-31 05:24:29,535.33
2022-03-31 05:24:34,535.33
2022-03-31 05:24:39,535.33
2022-03-31 05:24:44,535.33
2022-03-31 05:24:49,535.27
2022-03-31 05:24:54,535.2
2022-03-31 05:24:59,535.27
2022-03-31 05:25:04,535.2
2022-03-31 05:25:09,535.2
2022-03-31 05:25:14,535.17
2022-03-31 05:25:19,535.2
2022-03-31 05:25:24,535.17
2022-03-31 05:25:29,535.11
2022-03-31 05:25:34,526.8142797022608
2022-03-31 05:25:39,535.17
2022-03-31 05:25:44,535.11
2022-03-31 05:25:49,535.11
2022-03-31 05:25:54,535.11
2022-03-31 05:25:59,535.11
2022-03-31 05:26:04,535.11
2022-03-31 05:26:09,535.11
2022-03-31 05:26:14,535.05
2022-03-31 05:26:19,535.05
2022-03-31 05:26:24,535.05
2022-03-31 05:26:29,535.05
2022-03-31 05:26:34,526.7564634370416
2022-03-31 05:26:39,534.99
2022-03-31 05:26:44,534.99
2022-03-31 05:26:49,534.95
2022-03-31 05:26:54,534.95
2022-03-31 05:26:59,534.99
2022-03-31 05:27:04,534.95
2022-03-31 05:27:09,534.95
2022-03-31 05:27:14,526.7187911822411
2022-03-31 05:27:19,526.7141387724971
2022-03-31 05:27:24,534.89
2022-03-31 05:27:29,534.89
2022-03-31 05:27:34,534.83
2022-03-31 05:27:39,526.6956653831111
2022-03-31 05:27:44,534.76
2022-03-31 05:27:49,534.76
2022-03-31 05:27:54,534.7
2022-03-31 05:27:59,534.67
2022-03-31 05:28:04,534.66
2022-03-31 05:28:09,534.66
2022-03-31 05:28:14,534.6
2022-03-31 05:28:19,534.6
2022-03-31 05:28:24,534.6
2022-03-31 05:28:29,534.53
2022-03-31 05:28:34,534.54
2022-03-31 05:28:39,534.53
2022-03-31 05:28:44,534.47
2022-03-31 05:28:49,534.47
2022-03-31 05:28:54,534.47
2022-03-31 05:28:59,534.47
2022-03-31 05:29:04,534.47
2022-03-31 05:29:09,534.47
2022-03-31 05:29:14,534.44
2022-03-31 05:29:19,534.47
2022-03-31 05:29:24,534.47
2022-03-31 05:29:29,534.44
2022-03-31 05:29:34,534.44
2022-03-31 05:29:39,526.5901842536186
2022-03-31 05:29:44,534.47
2022-03-31 05:29:49,526.5818713961527
2022-03-31 05:29:54,534.47
2022-03-31 05:29:59,534.47
2022-03-31 05:30:04,526.5695572123341
2022-03-31 05:30:09,534.47
2022-03-31 05:30:14,534.53
2022-03-31 05:30:19,534.53
2022-03-31 05:30:24,534.53
2022-03-31 05:30:29,534.53
2022-03-31 05:30:34,534.6
2022-03-31 05:30:39,534.6
2022-03-31 05:30:44,526.5376751826102
2022-03-31 05:30:49,534.66
2022-03-31 05:30:54,526.5299323237297
2022-03-31 05:30:59,534.69
2022-03-31 05:31:04,534.69
2022-03-31 05:31:09,534.75
2022-03-31 05:31:14,534.82
2022-03-31 05:31:19,534.82
2022-03-31 05:31:24,534.82
2022-03-31 05:31:29,534.88
2022-03-31 05:31:34,534.94
2022-03-31 05:31:39,534.97
2022-03-31 05:31:44,535.04
2022-03-31 05:31:49,535.04
2022-03-31 05:31:54,535.17
2022-03-31 05:31:59,535.17
2022-03-31 05:32:04,535.2
2022-03-31 05:32:09,535.26
2022-03-31 05:32:14,535.32
2022-03-31 05:32:19,535.39
2022-03-31 05:32:24,535.48
2022-03-31 05:32:29,535.48
2022-03-31 05:32:34,535.55
2022-03-31 05:32:39,535.68
2022-03-31 05:32:44,535.68
2022-03-31 05:32:49,535.77
2022-03-31 05:32:54,535.77
2022-03-31 05:32:59,535.9
2022-03-31 05:33:04,526.4386121725076
2022-03-31 05:33:09,536.0
2022-03-31 05:33:14,536.06
2022-03-31 05:33:19,526.4292991718329
2022-03-31 05:33:24,536.19
2022-03-31 05:33:29,526.4232436145095
2022-03-31 05:33:34,536.22
2022-03-31 05:33:39,536.29
2022-03-31 05:33:44,526.4143947536854
2022-03-31 05:33:49,536.48
2022-03-31 05:33:54,536.51
2022-03-31 05:33:59,536.58
2022-03-31 05:34:04,536.64
2022-03-31 05:34:09,526.4002879543135
2022-03-31 05:34:14,536.74
2022-03-31 05:34:19,536.81
2022-03-31 05:34:24,536.87
2022-03-31 05:34:29,536.94
2022-03-31 05:34:34,537.03
2022-03-31 05:34:39,537.03
2022-03-31 05:34:44,537.1
2022-03-31 05:34:49,537.16
2022-03-31 05:34:54,537.16
2022-03-31 05:34:59,537.26
2022-03-31 05:35:04,537.26
2022-03-31 05:35:09,537.32
2022-03-31 05:35:14,537.32
2022-03-31 05:35:19,537.39
2022-03-31 05:35:24,526.3630539233258
2022-03-31 05:35:29,537.55
2022-03-31 05:35:34,537.55
2022-03-31 05:35:39,537.55
2022-03-31 05:35:44,537.68
2022-03-31 05:35:49,537.75
2022-03-31 05:35:54,537.78
2022-03-31 05:35:59,537.84
2022-03-31 05:36:04,537.91
2022-03-31 05:36:09,537.97
2022-03-31 05:36:14,538.04
2022-03-31 05:36:19,538.07
2022-03-31 05:36:24,538.13
2022-03-31 05:36:29,538.2
2022-03-31 05:36:34,538.26
2022-03-31 05:36:39,538.29
2022-03-31 05:36:44,538.36
2022-03-31 05:36:49,538.42
2022-03-31 05:36:54,526.3291748598056
2022-03-31 05:36:59,538.49
2022-03-31 05:37:04,538.58
2022-03-31 05:37:09,538.65
2022-03-31 05:37:14,538.65
2022-03-31 05:37:19,538.71
2022-03-31 05:37:24,538.81
2022-03-31 05:37:29,538.87
2022-03-31 05:37:34,538.87
2022-03-31 05:37:39,526.3166941526614
2022-03-31 05:37:44,539.0
2022-03-31 05:37:49,539.07
2022-03-31 05:37:54,539.07
2022-03-31 05:37:59,539.16
2022-03-31 05:38:04,539.22
2022-03-31 05:38:09,539.22
2022-03-31 05:38:14,526.3090068764354
2022-03-31 05:38:19,526.3080517112774
2022-03-31 05:38:24,539.39
2022-03-31 05:38:29,539.38
2022-03-31 05:38:34,539.51
2022-03-31 05:38:39,539.51
2022-03-31 05:38:44,539.58
2022-03-31 05:38:49,539.51
2022-03-31 05:38:54,539.58
2022-03-31 05:38:59,539.61
2022-03-31 05:39:04,539.61
2022-03-31 05:39:09,539.67
2022-03-31 05:39:14,539.74
2022-03-31 05:39:19,526.2993495594642
2022-03-31 05:39:24,539.74
2022-03-31 05:39:29,539.8
2022-03-31 05:39:34,539.83
2022-03-31 05:39:39,539.83
2022-03-31 05:39:44,526.2972131930694
2022-03-31 05:39:49,539.89
2022-03-31 05:39:54,526.296601508074
2022-03-31 05:39:59,539.96
2022-03-31 05:40:04,539.96
2022-03-31 05:40:09,540.02
2022-03-31 05:40:14,526.2957920179604
2022-03-31 05:40:19,540.08
2022-03-31 05:40:24,540.08
2022-03-31 05:40:29,526.2955452882622
2022-03-31 05:40:34,526.295531392859
2022-03-31 05:40:39,540.11
2022-03-31 05:40:44,540.18
2022-03-31 05:40:49,540.17
2022-03-31 05:40:54,540.11
2022-03-31 05:40:59,540.17
2022-03-31 05:41:04,540.17
2022-03-31 05:41:09,540.17
2022-03-31 05:41:14,540.17
2022-03-31 05:41:19,540.17
2022-03-31 05:41:24,540.11
2022-03-31 05:41:29,540.11
2022-03-31 05:41:34,540.08
2022-03-31 05:41:39,540.08
2022-03-31 05:41:44,540.01
2022-03-31 05:41:49,540.01
2022-03-31 05:41:54,526.2999061467996
2022-03-31 05:41:59,526.3004640417699
2022-03-31 05:42:04,539.88
2022-03-31 05:42:09,539.82
2022-03-31 05:42:14,539.82
2022-03-31 05:42:19,539.79
2022-03-31 05:42:24,539.72
2022-03-31 05:42:29,526.3045052466166
2022-03-31 05:42:34,539.59
2022-03-31 05:42:39,526.3061152943325
2022-03-31 05:42:44,539.5
2022-03-31 05:42:49,539.43
2022-03-31 05:42:54,539.3
2022-03-31 05:42:59,539.28
2022-03-31 05:43:04,539.27
2022-03-31 05:43:09,539.08
2022-03-31 05:43:14,539.05
2022-03-31 05:43:19,538.92
2022-03-31 05:43:24,538.86
2022-03-31 05:43:29,538.76
2022-03-31 05:43:34,538.7
2022-03-31 05:43:39,538.57
2022-03-31 05:43:44,538.47
2022-03-31 05:43:49,526.3210215281249
2022-03-31 05:43:54,538.25
2022-03-31 05:43:59,538.12
2022-03-31 05:44:04,538.06
2022-03-31 05:44:09,537.96
2022-03-31 05:44:14,526.3278686479504
2022-03-31 05:44:19,537.73
2022-03-31 05:44:24,537.67
2022-03-31 05:44:29,537.54
2022-03-31 05:44:34,537.51
2022-03-31 05:44:39,526.335506435817
2022-03-31 05:44:44,537.32
2022-03-31 05:44:49,537.22
2022-03-31 05:44:54,537.16
2022-03-31 05:44:59,537.09
2022-03-31 05:45:04,537.03
2022-03-31 05:45:09,537.0
2022-03-31 05:45:14,536.87
2022-03-31 05:45:19,536.8
2022-03-31 05:45:24,526.3512246820387
2022-03-31 05:45:29,536.71
2022-03-31 05:45:34,536.64
2022-03-31 05:45:39,536.58
2022-03-31 05:45:44,536.52
2022-03-31 05:45:49,536.48
2022-03-31 05:45:54,536.48
2022-03-31 05:45:59,536.42
2022-03-31 05:46:04,536.35
2022-03-31 05:46:09,536.29
2022-03-31 05:46:14,536.29
2022-03-31 05:46:19,536.29
2022-03-31 05:46:24,536.23
2022-03-31 05:46:29,536.22
2022-03-31 05:46:34,536.23
2022-03-31 05:46:39,536.19
2022-03-31 05:46:44,536.19
2022-03-31 05:46:49,536.13
2022-03-31 05:46:54,536.19
2022-03-31 05:46:59,536.19
2022-03-31 05:47:04,536.13
2022-03-31 05:47:09,536.13
2022-03-31 05:47:14,536.13
2022-03-31 05:47:19,536.12
2022-03-31 05:47:24,536.12
2022-03-31 05:47:29,536.13
2022-03-31 05:47:34,536.13
2022-03-31 05:47:39,536.06
2022-03-31 05:47:44,536.13
2022-03-31 05:47:49,536.12
2022-03-31 05:47:54,536.12
2022-03-31 05:47:59,526.4242361189797
2022-03-31 05:48:04,536.13
2022-03-31 05:48:09,536.19
2022-03-31 05:48:14,536.19
2022-03-31 05:48:19,536.22
2022-03-31 05:48:24,536.19
2022-03-31 05:48:29,536.19
2022-03-31 05:48:34,536.22
2022-03-31 05:48:39,536.22
2022-03-31 05:48:44,536.28
2022-03-31 05:48:49,536.28
2022-03-31 05:48:54,536.35
2022-03-31 05:48:59,526.4601018640517
2022-03-31 05:49:04,536.41
2022-03-31 05:49:09,536.47
2022-03-31 05:49:14,536.5
2022-03-31 05:49:19,536.57
2022-03-31 05:49:24,536.57
2022-03-31 05:49:29,536.63
2022-03-31 05:49:34,536.7
2022-03-31 05:49:39,536.69
2022-03-31 05:49:44,526.489694720582
2022-03-31 05:49:49,526.4931230765559
2022-03-31 05:49:54,536.79
2022-03-31 05:49:59,526.5000597814267
2022-03-31 05:50:04,536.92
2022-03-31 05:50:09,536.98
2022-03-31 05:50:14,536.98
2022-03-31 05:50:19,536.98
2022-03-31 05:50:24,526.517827868536
2022-03-31 05:50:29,537.08
2022-03-31 05:50:34,537.08
2022-03-31 05:50:39,537.14
2022-03-31 05:50:44,537.21
2022-03-31 05:50:49,537.14
2022-03-31 05:50:54,537.23
2022-03-31 05:50:59,537.24
2022-03-31 05:51:04,537.24
2022-03-31 05:51:09,526.551055031847
2022-03-31 05:51:14,537.3
2022-03-31 05:51:19,537.3
2022-03-31 05:51:24,537.37
2022-03-31 05:51:29,537.37
2022-03-31 05:51:34,537.37
2022-03-31 05:51:39,526.5738364043837
2022-03-31 05:51:44,537.43
2022-03-31 05:51:49,537.43
2022-03-31 05:51:54,537.43
2022-03-31 05:51:59,537.5
2022-03-31 05:52:04,537.5
2022-03-31 05:52:09,537.5
2022-03-31 05:52:14,537.5
2022-03-31 05:52:19,537.53
2022-03-31 05:52:24,526.6084870248998
2022-03-31 05:52:29,537.53
2022-03-31 05:52:34,537.53
2022-03-31 05:52:39,537.6
2022-03-31 05:52:44,537.67
2022-03-31 05:52:49,537.66
2022-03-31 05:52:54,537.67
2022-03-31 05:52:59,537.73
2022-03-31 05:53:04,537.73
2022-03-31 05:53:09,537.73
2022-03-31 05:53:14,537.76
2022-03-31 05:53:19,537.76
2022-03-31 05:53:24,537.76
2022-03-31 05:53:29,526.658399170168
2022-03-31 05:53:34,537.89
2022-03-31 05:53:39,537.89
2022-03-31 05:53:44,537.96
2022-03-31 05:53:49,537.96
2022-03-31 05:53:54,538.02
2022-03-31 05:53:59,538.06
2022-03-31 05:54:04,538.05
2022-03-31 05:54:09,538.12
2022-03-31 05:54:14,538.18
2022-03-31 05:54:19,538.25
2022-03-31 05:54:24,538.25
2022-03-31 05:54:29,538.28
2022-03-31 05:54:34,538.35
2022-03-31 05:54:39,538.35
2022-03-31 05:54:44,538.47
2022-03-31 05:54:49,538.54
2022-03-31 05:54:54,538.57
2022-03-31 05:54:59,538.57
2022-03-31 05:55:04,538.64
2022-03-31 05:55:09,538.7
2022-03-31 05:55:14,526.734261144935
2022-03-31 05:55:19,538.86
2022-03-31 05:55:24,538.86
2022-03-31 05:55:29,538.99
2022-03-31 05:55:34,538.99
2022-03-31 05:55:39,539.05
2022-03-31 05:55:44,539.08
2022-03-31 05:55:49,526.7570837152559
2022-03-31 05:55:54,539.21
2022-03-31 05:55:59,539.21
2022-03-31 05:56:04,539.28
2022-03-31 05:56:09,526.7693692180601
2022-03-31 05:56:14,539.31
2022-03-31 05:56:19,539.37
2022-03-31 05:56:24,539.44
2022-03-31 05:56:29,539.44
2022-03-31 05:56:34,539.5
2022-03-31 05:56:39,526.7866198008229
2022-03-31 05:56:44,539.57
2022-03-31 05:56:49,539.6
2022-03-31 05:56:54,539.59
2022-03-31 05:56:59,526.7972544741351
2022-03-31 05:57:04,526.7997970119037
2022-03-31 05:57:09,539.72
2022-03-31 05:57:14,539.66
2022-03-31 05:57:19,539.79
2022-03-31 05:57:24,539.79
2022-03-31 05:57:29,539.79
2022-03-31 05:57:34,539.82
2022-03-31 05:57:39,539.82
2022-03-31 05:57:44,539.88
2022-03-31 05:57:49,539.95
2022-03-31 05:57:54,539.95
2022-03-31 05:57:59,540.01
2022-03-31 05:58:04,540.01
2022-03-31 05:58:09,540.08
2022-03-31 05:58:14,540.1
2022-03-31 05:58:19,540.1
2022-03-31 05:58:24,540.17
2022-03-31 05:58:29,540.17
2022-03-31 05:58:34,540.23
2022-03-31 05:58:39,540.23
2022-03-31 05:58:44,540.29
2022-03-31 05:58:49,540.29
2022-03-31 05:58:54,540.32
2022-03-31 05:58:59,540.32
2022-03-31 05:59:04,540.32
2022-03-31 05:59:09,540.39
2022-03-31 05:59:14,526.846466054769
2022-03-31 05:59:19,540.45
2022-03-31 05:59:24,540.51
2022-03-31 05:59:29,540.51
2022-03-31 05:59:34,540.58
2022-03-31 05:59:39,540.58
2022-03-31 05:59:44,526.8510078063595
2022-03-31 05:59:49,540.61
2022-03-31 05:59:54,526.8519244232441
2022-03-31 05:59:59,540.68
2022-03-31 06:00:04,540.74
2022-03-31 06:00:09,540.74
2022-03-31 06:00:14,526.8528202546534
2022-03-31 06:00:19,540.8
2022-03-31 06:00:24,540.83
2022-03-31 06:00:29,526.8526446983412
2022-03-31 06:00:34,540.9
2022-03-31 06:00:39,540.9
2022-03-31 06:00:44,540.96
2022-03-31 06:00:49,540.97
2022-03-31 06:00:54,541.03
2022-03-31 06:00:59,541.03
2022-03-31 06:01:04,541.03
2022-03-31 06:01:09,541.1
2022-03-31 06:01:14,541.13
2022-03-31 06:01:19,541.13
2022-03-31 06:01:24,526.8453875316983
2022-03-31 06:01:29,541.13
2022-03-31 06:01:34,541.26
2022-03-31 06:01:39,541.26
2022-03-31 06:01:44,541.32
2022-03-31 06:01:49,541.33
2022-03-31 06:01:54,541.36
2022-03-31 06:01:59,526.8349774826255
2022-03-31 06:02:04,541.36
2022-03-31 06:02:09,541.42
2022-03-31 06:02:14,541.49
2022-03-31 06:02:19,541.49
2022-03-31 06:02:24,541.55
2022-03-31 06:02:29,541.55
2022-03-31 06:02:34,541.62
2022-03-31 06:02:39,541.62
2022-03-31 06:02:44,541.65
2022-03-31 06:02:49,541.65
2022-03-31 06:02:54,541.71
2022-03-31 06:02:59,541.78
2022-03-31 06:03:04,541.78
2022-03-31 06:03:09,541.84
2022-03-31 06:03:14,541.84
2022-03-31 06:03:19,541.84
2022-03-31 06:03:24,541.84
2022-03-31 06:03:29,541.94
2022-03-31 06:03:34,526.7813831416455
2022-03-31 06:03:39,541.94
2022-03-31 06:03:44,542.0
2022-03-31 06:03:49,542.0
2022-03-31 06:03:54,542.07
2022-03-31 06:03:59,526.7605959412723
2022-03-31 06:04:04,542.13
2022-03-31 06:04:09,526.7514909044218
2022-03-31 06:04:14,542.13
2022-03-31 06:04:19,542.16
2022-03-31 06:04:24,542.16
2022-03-31 06:04:29,542.23
2022-03-31 06:04:34,542.23
2022-03-31 06:04:39,542.29
2022-03-31 06:04:44,542.29
2022-03-31 06:04:49,542.36
2022-03-31 06:04:54,542.39
2022-03-31 06:04:59,542.36
2022-03-31 06:05:04,542.38
2022-03-31 06:05:09,526.6892688726185
2022-03-31 06:05:14,542.45
2022-03-31 06:05:19,526.6779110356206
2022-03-31 06:05:24,542.52
2022-03-31 06:05:29,542.51
2022-03-31 06:05:34,542.52
2022-03-31 06:05:39,542.52
2022-03-31 06:05:44,542.58
2022-03-31 06:05:49,542.52
2022-03-31 06:05:54,542.51
2022-03-31 06:05:59,542.51
2022-03-31 06:06:04,542.51
2022-03-31 06:06:09,542.45
2022-03-31 06:06:14,542.45
2022-03-31 06:06:19,542.38
2022-03-31 06:06:24,526.6004726846572
2022-03-31 06:06:29,542.38
2022-03-31 06:06:34,542.28
2022-03-31 06:06:39,542.28
2022-03-31 06:06:44,542.22
2022-03-31 06:06:49,542.15
2022-03-31 06:06:54,542.12
2022-03-31 06:06:59,542.06
2022-03-31 06:07:04,541.99
2022-03-31 06:07:09,541.92
2022-03-31 06:07:14,541.83
2022-03-31 06:07:19,541.76
2022-03-31 06:07:24,541.63
2022-03-31 06:07:29,541.63
2022-03-31 06:07:34,541.6
2022-03-31 06:07:39,541.47
2022-03-31 06:07:44,541.34
2022-03-31 06:07:49,541.31
2022-03-31 06:07:54,541.18
2022-03-31 06:07:59,541.11
2022-03-31 06:08:04,540.95
2022-03-31 06:08:09,540.88
2022-03-31 06:08:14,540.82
2022-03-31 06:08:19,540.72
2022-03-31 06:08:24,540.72
2022-03-31 06:08:29,540.59
2022-03-31 06:08:34,540.5
2022-03-31 06:08:39,540.37
2022-03-31 06:08:44,540.3
2022-03-31 06:08:49,540.27
2022-03-31 06:08:54,540.14
2022-03-31 06:08:59,540.05
2022-03-31 06:09:04,539.98
2022-03-31 06:09:09,539.85
2022-03-31 06:09:14,539.76
2022-03-31 06:09:19,539.69
2022-03-31 06:09:24,539.53
2022-03-31 06:09:29,539.47
2022-03-31 06:09:34,539.4
2022-03-31 06:09:39,539.27
2022-03-31 06:09:44,539.18
2022-03-31 06:09:49,539.11
2022-03-31 06:09:54,539.05
2022-03-31 06:09:59,538.95
2022-03-31 06:10:04,538.82
2022-03-31 06:10:09,538.73
2022-03-31 06:10:14,538.67
2022-03-31 06:10:19,526.3766799940578
2022-03-31 06:10:24,538.44
2022-03-31 06:10:29,538.38
2022-03-31 06:10:34,538.25
2022-03-31 06:10:39,538.22
2022-03-31 06:10:44,538.02
2022-03-31 06:10:49,526.3674601315065
2022-03-31 06:10:54,537.86
2022-03-31 06:10:59,537.74
2022-03-31 06:11:04,526.3654306618079
2022-03-31 06:11:09,537.64
2022-03-31 06:11:14,537.51
2022-03-31 06:11:19,537.48
2022-03-31 06:11:24,537.41
2022-03-31 06:11:29,537.35
2022-03-31 06:11:34,537.19
2022-03-31 06:11:39,537.12
2022-03-31 06:11:44,537.0
2022-03-31 06:11:49,536.96
2022-03-31 06:11:54,536.83
2022-03-31 06:11:59,536.77
2022-03-31 06:12:04,536.67
2022-03-31 06:12:09,536.61
2022-03-31 06:12:14,536.48
2022-03-31 06:12:19,536.48
2022-03-31 06:12:24,536.38
2022-03-31 06:12:29,536.25
2022-03-31 06:12:34,536.19
2022-03-31 06:12:39,536.16
2022-03-31 06:12:44,535.96
2022-03-31 06:12:49,535.96
2022-03-31 06:12:54,535.93
2022-03-31 06:12:59,535.87
2022-03-31 06:13:04,526.4243861345606
2022-03-31 06:13:09,535.68
2022-03-31 06:13:14,535.64
2022-03-31 06:13:19,535.58
2022-03-31 06:13:24,535.45
2022-03-31 06:13:29,535.42
2022-03-31 06:13:34,535.35
2022-03-31 06:13:39,535.29
2022-03-31 06:13:44,535.16
2022-03-31 06:13:49,535.13
2022-03-31 06:13:54,535.06
2022-03-31 06:13:59,535.0
2022-03-31 06:14:04,534.9
2022-03-31 06:14:09,534.9
2022-03-31 06:14:14,534.77
2022-03-31 06:14:19,534.71
2022-03-31 06:14:24,534.71
2022-03-31 06:14:29,534.64
2022-03-31 06:14:34,534.61
2022-03-31 06:14:39,526.5891649884045
2022-03-31 06:14:44,534.42
2022-03-31 06:14:49,534.41
2022-03-31 06:14:54,534.32
2022-03-31 06:14:59,534.19
2022-03-31 06:15:04,534.19
2022-03-31 06:15:09,534.12
2022-03-31 06:15:14,534.03
2022-03-31 06:15:19,534.02
2022-03-31 06:15:24,533.89
2022-03-31 06:15:29,533.86
2022-03-31 06:15:34,533.8
2022-03-31 06:15:39,533.67
2022-03-31 06:15:44,533.6
2022-03-31 06:15:49,533.57
2022-03-31 06:15:54,533.51
2022-03-31 06:15:59,533.44
2022-03-31 06:16:04,533.37
2022-03-31 06:16:09,533.34
2022-03-31 06:16:14,533.28
2022-03-31 06:16:19,533.21
2022-03-31 06:16:24,533.15
2022-03-31 06:16:29,533.15
2022-03-31 06:16:34,533.08
2022-03-31 06:16:39,533.08
2022-03-31 06:16:44,533.05
2022-03-31 06:16:49,532.98
2022-03-31 06:16:54,532.92
2022-03-31 06:16:59,532.91
2022-03-31 06:17:04,532.91
2022-03-31 06:17:09,532.91
2022-03-31 06:17:14,532.85
2022-03-31 06:17:19,532.85
2022-03-31 06:17:24,532.85
2022-03-31 06:17:29,532.85
2022-03-31 06:17:34,532.85
2022-03-31 06:17:39,532.82
2022-03-31 06:17:44,532.85
2022-03-31 06:17:49,532.82
2022-03-31 06:17:54,532.85
2022-03-31 06:17:59,532.82
2022-03-31 06:18:04,532.85
2022-03-31 06:18:09,527.4587769479092
2022-03-31 06:18:14,532.91
2022-03-31 06:18:19,532.98
2022-03-31 06:18:24,532.98
2022-03-31 06:18:29,527.5848808676533
2022-03-31 06:18:34,533.08
2022-03-31 06:18:39,533.08
2022-03-31 06:18:44,533.14
2022-03-31 06:18:49,533.21
2022-03-31 06:18:54,533.27
2022-03-31 06:18:59,527.788352230828
2022-03-31 06:19:04,533.37
2022-03-31 06:19:09,533.43
2022-03-31 06:19:14,533.49
2022-03-31 06:19:19,527.9331346163024
2022-03-31 06:19:24,533.59
2022-03-31 06:19:29,528.0081611203002
2022-03-31 06:19:34,533.72
2022-03-31 06:19:39,533.79
2022-03-31 06:19:44,533.86
2022-03-31 06:19:49,533.89
2022-03-31 06:19:54,533.95
2022-03-31 06:19:59,534.01
2022-03-31 06:20:04,534.11
2022-03-31 06:20:09,534.18
2022-03-31 06:20:14,534.24
2022-03-31 06:20:19,534.3
2022-03-31 06:20:24,534.37
2022-03-31 06:20:29,534.4
2022-03-31 06:20:34,534.53
2022-03-31 06:20:39,534.59
2022-03-31 06:20:44,534.63
2022-03-31 06:20:49,534.76
2022-03-31 06:20:54,534.82
2022-03-31 06:20:59,534.89
2022-03-31 06:21:04,534.98
2022-03-31 06:21:09,535.05
2022-03-31 06:21:14,535.11
2022-03-31 06:21:19,535.14
2022-03-31 06:21:24,528.985067137297
2022-03-31 06:21:29,535.27
2022-03-31 06:21:34,535.33
2022-03-31 06:21:39,535.4
2022-03-31 06:21:44,529.1741084062796
2022-03-31 06:21:49,535.5
2022-03-31 06:21:54,535.5
2022-03-31 06:21:59,535.62
2022-03-31 06:22:04,535.66
2022-03-31 06:22:09,535.72
2022-03-31 06:22:14,535.85
2022-03-31 06:22:19,535.85
2022-03-31 06:22:24,535.91
2022-03-31 06:22:29,529.6171161091434
2022-03-31 06:22:34,536.01
2022-03-31 06:22:39,529.7186429337013
2022-03-31 06:22:44,536.14
2022-03-31 06:22:49,529.8212140728178
2022-03-31 06:22:54,536.23
2022-03-31 06:22:59,536.3
2022-03-31 06:23:04,536.36
2022-03-31 06:23:09,536.36
2022-03-31 06:23:14,536.42
2022-03-31 06:23:19,536.46
2022-03-31 06:23:24,536.52
2022-03-31 06:23:29,536.58
2022-03-31 06:23:34,536.65
2022-03-31 06:23:39,530.3485079497384
2022-03-31 06:23:44,536.68
2022-03-31 06:23:49,536.81
2022-03-31 06:23:54,536.87
2022-03-31 06:23:59,536.94
2022-03-31 06:24:04,536.94
2022-03-31 06:24:09,536.97
2022-03-31 06:24:14,537.03
2022-03-31 06:24:19,537.09
2022-03-31 06:24:24,537.16
2022-03-31 06:24:29,537.19
2022-03-31 06:24:34,537.25
2022-03-31 06:24:39,537.31
2022-03-31 06:24:44,537.38
2022-03-31 06:24:49,537.44
2022-03-31 06:24:54,531.1771760058699
2022-03-31 06:24:59,537.47
2022-03-31 06:25:04,537.6
2022-03-31 06:25:09,537.6
2022-03-31 06:25:14,537.66
2022-03-31 06:25:19,537.7
2022-03-31 06:25:24,537.76
2022-03-31 06:25:29,537.82
2022-03-31 06:25:34,537.83
2022-03-31 06:25:39,537.95
2022-03-31 06:25:44,537.95
2022-03-31 06:25:49,537.95
2022-03-31 06:25:54,538.05
2022-03-31 06:25:59,538.11
2022-03-31 06:26:04,538.17
2022-03-31 06:26:09,538.21
2022-03-31 06:26:14,538.21
2022-03-31 06:26:19,538.27
2022-03-31 06:26:24,532.2126898790391
2022-03-31 06:26:29,538.4
2022-03-31 06:26:34,538.46
2022-03-31 06:26:39,538.49
2022-03-31 06:26:44,538.56
2022-03-31 06:26:49,538.56
2022-03-31 06:26:54,538.62
2022-03-31 06:26:59,538.69
2022-03-31 06:27:04,538.78
2022-03-31 06:27:09,538.78
2022-03-31 06:27:14,538.85
2022-03-31 06:27:19,538.97
2022-03-31 06:27:24,539.0
2022-03-31 06:27:29,532.9749193819422
2022-03-31 06:27:34,539.14
2022-03-31 06:27:39,539.23
2022-03-31 06:27:44,539.29
2022-03-31 06:27:49,539.36
2022-03-31 06:27:54,539.49
2022-03-31 06:27:59,539.52
2022-03-31 06:28:04,539.58
2022-03-31 06:28:09,539.72
2022-03-31 06:28:14,539.75
2022-03-31 06:28:19,539.81
2022-03-31 06:28:24,539.88
2022-03-31 06:28:29,539.94
2022-03-31 06:28:34,540.01
2022-03-31 06:28:39,540.1
2022-03-31 06:28:44,540.1
2022-03-31 06:28:49,540.23
2022-03-31 06:28:54,540.27
2022-03-31 06:28:59,540.33
2022-03-31 06:29:04,540.39
2022-03-31 06:29:09,540.46
2022-03-31 06:29:14,534.2045456284313
2022-03-31 06:29:19,540.55
2022-03-31 06:29:24,540.62
2022-03-31 06:29:29,540.68
2022-03-31 06:29:34,540.75
2022-03-31 06:29:39,540.75
2022-03-31 06:29:44,540.84
2022-03-31 06:29:49,534.6080963452208
2022-03-31 06:29:54,540.97
2022-03-31 06:29:59,540.97
2022-03-31 06:30:04,541.03
2022-03-31 06:30:09,541.07
2022-03-31 06:30:14,541.13
2022-03-31 06:30:19,541.19
2022-03-31 06:30:24,541.19
2022-03-31 06:30:29,541.26
2022-03-31 06:30:34,541.29
2022-03-31 06:30:39,541.29
2022-03-31 06:30:44,541.42
2022-03-31 06:30:49,541.42
2022-03-31 06:30:54,541.42
2022-03-31 06:30:59,541.48
2022-03-31 06:31:04,541.48
2022-03-31 06:31:09,541.58
2022-03-31 06:31:14,541.54
2022-03-31 06:31:19,541.58
2022-03-31 06:31:24,535.6705564345784
2022-03-31 06:31:29,541.58
2022-03-31 06:31:34,541.57
2022-03-31 06:31:39,541.7
2022-03-31 06:31:44,541.64
2022-03-31 06:31:49,541.7
2022-03-31 06:31:54,541.7
2022-03-31 06:31:59,541.7
2022-03-31 06:32:04,541.76
2022-03-31 06:32:09,541.76
2022-03-31 06:32:14,541.77
2022-03-31 06:32:19,541.76
2022-03-31 06:32:24,541.8
2022-03-31 06:32:29,541.76
2022-03-31 06:32:34,541.86
2022-03-31 06:32:39,541.79
2022-03-31 06:32:44,541.79
2022-03-31 06:32:49,541.86
2022-03-31 06:32:54,541.86
2022-03-31 06:32:59,541.85
2022-03-31 06:33:04,541.85
2022-03-31 06:33:09,541.92
2022-03-31 06:33:14,541.92
2022-03-31 06:33:19,541.92
2022-03-31 06:33:24,541.92
2022-03-31 06:33:29,541.92
2022-03-31 06:33:34,541.91
2022-03-31 06:33:39,541.98
2022-03-31 06:33:44,541.91
2022-03-31 06:33:49,541.91
2022-03-31 06:33:54,541.98
2022-03-31 06:33:59,541.97
2022-03-31 06:34:04,541.97
2022-03-31 06:34:09,542.04
2022-03-31 06:34:14,542.04
2022-03-31 06:34:19,537.4300592567012
2022-03-31 06:34:24,542.04
2022-03-31 06:34:29,542.04
2022-03-31 06:34:34,542.07
2022-03-31 06:34:39,542.07
2022-03-31 06:34:44,542.06
2022-03-31 06:34:49,542.06
2022-03-31 06:34:54,537.7455085758284
2022-03-31 06:34:59,542.06
2022-03-31 06:35:04,542.12
2022-03-31 06:35:09,542.12
2022-03-31 06:35:14,542.12
2022-03-31 06:35:19,537.9629131322683
2022-03-31 06:35:24,542.19
2022-03-31 06:35:29,542.19
2022-03-31 06:35:34,542.19
2022-03-31 06:35:39,542.12
2022-03-31 06:35:44,542.19
2022-03-31 06:35:49,542.12
2022-03-31 06:35:54,542.25
2022-03-31 06:35:59,542.19
2022-03-31 06:36:04,538.3371764750816
2022-03-31 06:36:09,542.25
2022-03-31 06:36:14,542.25
2022-03-31 06:36:19,542.28
2022-03-31 06:36:24,542.35
2022-03-31 06:36:29,542.28
2022-03-31 06:36:34,542.28
2022-03-31 06:36:39,542.35
2022-03-31 06:36:44,542.35
2022-03-31 06:36:49,542.35
2022-03-31 06:36:54,542.35
2022-03-31 06:36:59,542.35
2022-03-31 06:37:04,542.35
2022-03-31 06:37:09,538.837759169799
2022-03-31 06:37:14,542.35
2022-03-31 06:37:19,542.41
2022-03-31 06:37:24,542.41
2022-03-31 06:37:29,542.41
2022-03-31 06:37:34,539.0172928033702
2022-03-31 06:37:39,542.41
2022-03-31 06:37:44,542.48
2022-03-31 06:37:49,542.48
2022-03-31 06:37:54,542.48
2022-03-31 06:37:59,542.48
2022-03-31 06:38:04,542.48
2022-03-31 06:38:09,542.48
2022-03-31 06:38:14,542.48
2022-03-31 06:38:19,542.48
2022-03-31 06:38:24,542.48
2022-03-31 06:38:29,542.48
2022-03-31 06:38:34,542.48
2022-03-31 06:38:39,542.48
2022-03-31 06:38:44,542.48
2022-03-31 06:38:49,542.54
2022-03-31 06:38:54,542.54
2022-03-31 06:38:59,542.48
2022-03-31 06:39:04,542.54
2022-03-31 06:39:09,542.54
2022-03-31 06:39:14,542.54
2022-03-31 06:39:19,542.57
2022-03-31 06:39:24,542.57
2022-03-31 06:39:29,542.57
2022-03-31 06:39:34,542.63
2022-03-31 06:39:39,542.64
2022-03-31 06:39:44,539.828558569186
2022-03-31 06:39:49,542.7
2022-03-31 06:39:54,542.77
2022-03-31 06:39:59,542.76
2022-03-31 06:40:04,542.76
2022-03-31 06:40:09,542.76
2022-03-31 06:40:14,542.76
2022-03-31 06:40:19,542.79
2022-03-31 06:40:24,542.76
2022-03-31 06:40:29,542.79
2022-03-31 06:40:34,542.79
2022-03-31 06:40:39,542.79
2022-03-31 06:40:44,542.79
2022-03-31 06:40:49,542.85
2022-03-31 06:40:54,542.85
2022-03-31 06:40:59,540.1985622025215
2022-03-31 06:41:04,542.92
2022-03-31 06:41:09,542.92
2022-03-31 06:41:14,542.92
2022-03-31 06:41:19,542.98
2022-03-31 06:41:24,542.98
2022-03-31 06:41:29,543.04
2022-03-31 06:41:34,543.04
2022-03-31 06:41:39,543.04
2022-03-31 06:41:44,543.04
2022-03-31 06:41:49,543.04
2022-03-31 06:41:54,543.07
2022-03-31 06:41:59,543.07
2022-03-31 06:42:04,543.07
2022-03-31 06:42:09,543.07
2022-03-31 06:42:14,543.07
2022-03-31 06:42:19,543.07
2022-03-31 06:42:24,543.13
2022-03-31 06:42:29,543.13
2022-03-31 06:42:34,543.13
2022-03-31 06:42:39,543.2
2022-03-31 06:42:44,540.588254589618
2022-03-31 06:42:49,543.19
2022-03-31 06:42:54,540.6172697947362
2022-03-31 06:42:59,543.19
2022-03-31 06:43:04,543.19
2022-03-31 06:43:09,540.6580869155671
2022-03-31 06:43:14,540.6709671110194
2022-03-31 06:43:19,543.13
2022-03-31 06:43:24,543.13
2022-03-31 06:43:29,543.12
2022-03-31 06:43:34,543.12
2022-03-31 06:43:39,543.12
2022-03-31 06:43:44,543.12
2022-03-31 06:43:49,543.06
2022-03-31 06:43:54,543.02
2022-03-31 06:43:59,540.7703701053526
2022-03-31 06:44:04,543.03
2022-03-31 06:44:09,543.02
2022-03-31 06:44:14,542.96
2022-03-31 06:44:19,542.96
2022-03-31 06:44:24,542.96
2022-03-31 06:44:29,542.9
2022-03-31 06:44:34,542.89
2022-03-31 06:44:39,542.89
2022-03-31 06:44:44,542.83
2022-03-31 06:44:49,542.76
2022-03-31 06:44:54,542.76
2022-03-31 06:44:59,542.83
2022-03-31 06:45:04,542.76
2022-03-31 06:45:09,542.73
2022-03-31 06:45:14,542.73
2022-03-31 06:45:19,542.67
2022-03-31 06:45:24,542.67
2022-03-31 06:45:29,542.67
2022-03-31 06:45:34,542.6
2022-03-31 06:45:39,542.54
2022-03-31 06:45:44,542.54
2022-03-31 06:45:49,542.54
2022-03-31 06:45:54,542.44
2022-03-31 06:45:59,540.8855972386029
2022-03-31 06:46:04,542.38
2022-03-31 06:46:09,540.8850583626871
2022-03-31 06:46:14,542.32
2022-03-31 06:46:19,542.38
2022-03-31 06:46:24,542.32
2022-03-31 06:46:29,542.25
2022-03-31 06:46:34,542.25
2022-03-31 06:46:39,542.25
2022-03-31 06:46:44,542.22
2022-03-31 06:46:49,542.22
2022-03-31 06:46:54,542.16
2022-03-31 06:46:59,542.09
2022-03-31 06:47:04,542.09
2022-03-31 06:47:09,542.09
2022-03-31 06:47:14,542.03
2022-03-31 06:47:19,542.03
2022-03-31 06:47:24,540.8310213831123
2022-03-31 06:47:29,541.93
2022-03-31 06:47:34,541.87
2022-03-31 06:47:39,541.93
2022-03-31 06:47:44,540.802028797342
2022-03-31 06:47:49,541.81
2022-03-31 06:47:54,541.81
2022-03-31 06:47:59,541.74
2022-03-31 06:48:04,541.74
2022-03-31 06:48:09,541.71
2022-03-31 06:48:14,541.64
2022-03-31 06:48:19,540.7369171727985
2022-03-31 06:48:24,541.58
2022-03-31 06:48:29,541.58
2022-03-31 06:48:34,541.58
2022-03-31 06:48:39,541.58
2022-03-31 06:48:44,541.51
2022-03-31 06:48:49,541.52
2022-03-31 06:48:54,541.51
2022-03-31 06:48:59,541.48
2022-03-31 06:49:04,540.6268952881398
2022-03-31 06:49:09,541.41
2022-03-31 06:49:14,541.42
2022-03-31 06:49:19,541.42
2022-03-31 06:49:24,541.35
2022-03-31 06:49:29,541.35
2022-03-31 06:49:34,541.29
2022-03-31 06:49:39,541.29
2022-03-31 06:49:44,541.29
2022-03-31 06:49:49,540.4880872943106
2022-03-31 06:49:54,541.28
2022-03-31 06:49:59,540.4534197615177
2022-03-31 06:50:04,541.22
2022-03-31 06:50:09,540.417383440126
2022-03-31 06:50:14,540.3988549807311
2022-03-31 06:50:19,541.28
2022-03-31 06:50:24,541.29
2022-03-31 06:50:29,540.3412427934766
2022-03-31 06:50:34,541.22
2022-03-31 06:50:39,541.22
2022-03-31 06:50:44,540.2806155676338
2022-03-31 06:50:49,541.22
2022-03-31 06:50:54,541.22
2022-03-31 06:50:59,541.22
2022-03-31 06:51:04,540.1951451509683
2022-03-31 06:51:09,541.22
2022-03-31 06:51:14,541.21
2022-03-31 06:51:19,541.18
2022-03-31 06:51:24,540.1044489324627
2022-03-31 06:51:29,541.21
2022-03-31 06:51:34,541.21
2022-03-31 06:51:39,541.21
2022-03-31 06:51:44,541.21
2022-03-31 06:51:49,541.21
2022-03-31 06:51:54,541.21
2022-03-31 06:51:59,541.28
2022-03-31 06:52:04,539.9076859853864
2022-03-31 06:52:09,541.27
2022-03-31 06:52:14,541.27
2022-03-31 06:52:19,541.27
2022-03-31 06:52:24,539.801772704543
2022-03-31 06:52:29,541.27
2022-03-31 06:52:34,541.34
2022-03-31 06:52:39,541.4
2022-03-31 06:52:44,541.4
2022-03-31 06:52:49,541.46
2022-03-31 06:52:54,539.6337038100124
2022-03-31 06:52:59,541.46
2022-03-31 06:53:04,541.56
2022-03-31 06:53:09,541.56
2022-03-31 06:53:14,539.5156371204494
2022-03-31 06:53:19,541.56
2022-03-31 06:53:24,541.62
2022-03-31 06:53:29,539.4239807502141
2022-03-31 06:53:34,541.62
2022-03-31 06:53:39,541.69
2022-03-31 06:53:44,541.62
2022-03-31 06:53:49,541.68
2022-03-31 06:53:54,541.72
2022-03-31 06:53:59,541.72
2022-03-31 06:54:04,541.72
2022-03-31 06:54:09,541.78
2022-03-31 06:54:14,541.78
2022-03-31 06:54:19,541.85
2022-03-31 06:54:24,541.78
2022-03-31 06:54:29,541.85
2022-03-31 06:54:34,541.85
2022-03-31 06:54:39,541.92
2022-03-31 06:54:44,541.91
2022-03-31 06:54:49,541.98
2022-03-31 06:54:54,541.98
2022-03-31 06:54:59,541.98
2022-03-31 06:55:04,541.98
2022-03-31 06:55:09,541.98
2022-03-31 06:55:14,542.01
2022-03-31 06:55:19,542.02
2022-03-31 06:55:24,542.02
2022-03-31 06:55:29,538.5988902252142
2022-03-31 06:55:34,542.01
2022-03-31 06:55:39,542.08
2022-03-31 06:55:44,542.08
2022-03-31 06:55:49,542.08
2022-03-31 06:55:54,542.15
2022-03-31 06:55:59,542.08
2022-03-31 06:56:04,542.15
2022-03-31 06:56:09,542.21
2022-03-31 06:56:14,542.21
2022-03-31 06:56:19,542.24
2022-03-31 06:56:24,542.24
2022-03-31 06:56:29,542.21
2022-03-31 06:56:34,542.25
2022-03-31 06:56:39,542.24
2022-03-31 06:56:44,542.25
2022-03-31 06:56:49,542.25
2022-03-31 06:56:54,542.24
2022-03-31 06:56:59,542.31
2022-03-31 06:57:04,542.31
2022-03-31 06:57:09,542.31
2022-03-31 06:57:14,537.7520663260117
2022-03-31 06:57:19,542.31
2022-03-31 06:57:24,542.37
2022-03-31 06:57:29,542.38
2022-03-31 06:57:34,542.38
2022-03-31 06:57:39,542.44
2022-03-31 06:57:44,537.4903611698609
2022-03-31 06:57:49,542.5
2022-03-31 06:57:54,542.54
2022-03-31 06:57:59,542.54
2022-03-31 06:58:04,542.6
2022-03-31 06:58:09,542.6
2022-03-31 06:58:14,542.67
2022-03-31 06:58:19,542.67
2022-03-31 06:58:24,542.67
2022-03-31 06:58:29,542.73
2022-03-31 06:58:34,542.73
2022-03-31 06:58:39,542.73
2022-03-31 06:58:44,542.76
2022-03-31 06:58:49,542.76
2022-03-31 06:58:54,542.76
2022-03-31 06:58:59,542.76
2022-03-31 06:59:04,542.76
2022-03-31 06:59:09,542.82
2022-03-31 06:59:14,542.82
2022-03-31 06:59:19,542.89
2022-03-31 06:59:24,542.89
2022-03-31 06:59:29,542.89
2022-03-31 06:59:34,542.95
2022-03-31 06:59:39,542.95
2022-03-31 06:59:44,536.3630751728713
2022-03-31 06:59:49,543.02
2022-03-31 06:59:54,543.02
2022-03-31 06:59:59,543.05
2022-03-31 07:00:04,543.02
2022-03-31 07:00:09,543.05
2022-03-31 07:00:14,543.05
2022-03-31 07:00:19,536.0116391925131
2022-03-31 07:00:24,543.05
2022-03-31 07:00:29,543.02
2022-03-31 07:00:34,543.05
2022-03-31 07:00:39,543.01
2022-03-31 07:00:44,543.01
2022-03-31 07:00:49,543.01
2022-03-31 07:00:54,535.6510275592785
2022-03-31 07:00:59,542.94
2022-03-31 07:01:04,542.95
2022-03-31 07:01:09,542.95
2022-03-31 07:01:14,542.88
2022-03-31 07:01:19,542.88
2022-03-31 07:01:24,542.81
2022-03-31 07:01:29,542.75
2022-03-31 07:01:34,542.75
2022-03-31 07:01:39,542.72
2022-03-31 07:01:44,535.1224977569957
2022-03-31 07:01:49,542.59
2022-03-31 07:01:54,542.59
2022-03-31 07:01:59,542.52
2022-03-31 07:02:04,542.52
2022-03-31 07:02:09,542.43
2022-03-31 07:02:14,542.43
2022-03-31 07:02:19,542.36
2022-03-31 07:02:24,542.23
2022-03-31 07:02:29,542.23
2022-03-31 07:02:34,542.2
2022-03-31 07:02:39,534.5271516739041
2022-03-31 07:02:44,542.07
2022-03-31 07:02:49,542.07
2022-03-31 07:02:54,534.3629010428202
2022-03-31 07:02:59,541.98
2022-03-31 07:03:04,534.253056175771
2022-03-31 07:03:09,541.91
2022-03-31 07:03:14,541.85
2022-03-31 07:03:19,541.78
2022-03-31 07:03:24,541.72
2022-03-31 07:03:29,541.69
2022-03-31 07:03:34,541.62
2022-03-31 07:03:39,541.56
2022-03-31 07:03:44,541.49
2022-03-31 07:03:49,541.49
2022-03-31 07:03:54,541.46
2022-03-31 07:03:59,541.4
2022-03-31 07:04:04,541.34
2022-03-31 07:04:09,541.27
2022-03-31 07:04:14,541.27
2022-03-31 07:04:19,541.21
2022-03-31 07:04:24,541.21
2022-03-31 07:04:29,533.3128685435602
2022-03-31 07:04:34,541.12
2022-03-31 07:04:39,541.12
2022-03-31 07:04:44,541.05
2022-03-31 07:04:49,540.99
2022-03-31 07:04:54,540.99
2022-03-31 07:04:59,540.99
2022-03-31 07:05:04,540.89
2022-03-31 07:05:09,540.89
2022-03-31 07:05:14,540.83
2022-03-31 07:05:19,532.7594683242683
2022-03-31 07:05:24,540.77
2022-03-31 07:05:29,532.6492097319122
2022-03-31 07:05:34,540.67
2022-03-31 07:05:39,540.6
2022-03-31 07:05:44,540.6
2022-03-31 07:05:49,540.54
2022-03-31 07:05:54,540.48
2022-03-31 07:05:59,540.44
2022-03-31 07:06:04,540.44
2022-03-31 07:06:09,540.38
2022-03-31 07:06:14,540.32
2022-03-31 07:06:19,532.1017401963358
2022-03-31 07:06:24,540.19
2022-03-31 07:06:29,540.19
2022-03-31 07:06:34,540.16
2022-03-31 07:06:39,540.09
2022-03-31 07:06:44,540.03
2022-03-31 07:06:49,539.96
2022-03-31 07:06:54,539.96
2022-03-31 07:06:59,539.93
2022-03-31 07:07:04,539.87
2022-03-31 07:07:09,539.8
2022-03-31 07:07:14,539.74
2022-03-31 07:07:19,539.74
2022-03-31 07:07:24,539.67
2022-03-31 07:07:29,539.64
2022-03-31 07:07:34,539.64
2022-03-31 07:07:39,531.2466154278902
2022-03-31 07:07:44,539.51
2022-03-31 07:07:49,539.51
2022-03-31 07:07:54,539.45
2022-03-31 07:07:59,539.45
2022-03-31 07:08:04,539.42
2022-03-31 07:08:09,539.35
2022-03-31 07:08:14,539.29
2022-03-31 07:08:19,539.29
2022-03-31 07:08:24,539.22
2022-03-31 07:08:29,530.7312636010065
2022-03-31 07:08:34,539.16
2022-03-31 07:08:39,539.16
2022-03-31 07:08:44,539.12
2022-03-31 07:08:49,539.06
2022-03-31 07:08:54,539.06
2022-03-31 07:08:59,539.06
2022-03-31 07:09:04,538.99
2022-03-31 07:09:09,538.99
2022-03-31 07:09:14,538.99
2022-03-31 07:09:19,538.93
2022-03-31 07:09:24,538.93
2022-03-31 07:09:29,538.93
2022-03-31 07:09:34,538.9
2022-03-31 07:09:39,538.9
2022-03-31 07:09:44,538.83
2022-03-31 07:09:49,538.83
2022-03-31 07:09:54,538.77
2022-03-31 07:09:59,538.83
2022-03-31 07:10:04,538.76
2022-03-31 07:10:09,538.77
2022-03-31 07:10:14,538.76
2022-03-31 07:10:19,538.76
2022-03-31 07:10:24,538.7
2022-03-31 07:10:29,538.7
2022-03-31 07:10:34,538.76
2022-03-31 07:10:39,538.69
2022-03-31 07:10:44,538.76
2022-03-31 07:10:49,538.7
2022-03-31 07:10:54,538.69
2022-03-31 07:10:59,538.69
2022-03-31 07:11:04,538.69
2022-03-31 07:11:09,538.76
2022-03-31 07:11:14,538.75
2022-03-31 07:11:19,529.1473222232013
2022-03-31 07:11:24,538.69
2022-03-31 07:11:29,538.76
2022-03-31 07:11:34,538.76
2022-03-31 07:11:39,538.76
2022-03-31 07:11:44,528.9425326408681
2022-03-31 07:11:49,538.82
2022-03-31 07:11:54,538.82
2022-03-31 07:11:59,538.82
2022-03-31 07:12:04,538.82
2022-03-31 07:12:09,538.89
2022-03-31 07:12:14,538.89
2022-03-31 07:12:19,538.92
2022-03-31 07:12:24,538.92
2022-03-31 07:12:29,538.92
2022-03-31 07:12:34,538.99
2022-03-31 07:12:39,538.99
2022-03-31 07:12:44,539.05
2022-03-31 07:12:49,528.4517612721999
2022-03-31 07:12:54,539.05
2022-03-31 07:12:59,539.12
2022-03-31 07:13:04,539.15
2022-03-31 07:13:09,539.15
2022-03-31 07:13:14,539.22
2022-03-31 07:13:19,539.15
2022-03-31 07:13:24,539.22
2022-03-31 07:13:29,528.1825128134432
2022-03-31 07:13:34,539.28
2022-03-31 07:13:39,539.35
2022-03-31 07:13:44,539.41
2022-03-31 07:13:49,539.41
2022-03-31 07:13:54,539.41
2022-03-31 07:13:59,539.45
2022-03-31 07:14:04,539.51
2022-03-31 07:14:09,539.51
2022-03-31 07:14:14,539.58
2022-03-31 07:14:19,527.8846838830833
2022-03-31 07:14:24,539.64
2022-03-31 07:14:29,539.68
2022-03-31 07:14:34,539.68
2022-03-31 07:14:39,539.74
2022-03-31 07:14:44,527.7527558270741
2022-03-31 07:14:49,539.74
2022-03-31 07:14:54,527.7030781948564
2022-03-31 07:14:59,539.93
2022-03-31 07:15:04,539.87
2022-03-31 07:15:09,539.93
2022-03-31 07:15:14,539.97
2022-03-31 07:15:19,539.97
2022-03-31 07:15:24,539.97
2022-03-31 07:15:29,540.03
2022-03-31 07:15:34,540.03
2022-03-31 07:15:39,540.1
2022-03-31 07:15:44,540.16
2022-03-31 07:15:49,540.2
2022-03-31 07:15:54,540.26
2022-03-31 07:15:59,540.26
2022-03-31 07:16:04,527.4012988997443
2022-03-31 07:16:09,540.39
2022-03-31 07:16:14,540.39
2022-03-31 07:16:19,540.39
2022-03-31 07:16:24,540.48
2022-03-31 07:16:29,540.48
2022-03-31 07:16:34,540.55
2022-03-31 07:16:39,540.61
2022-03-31 07:16:44,540.61
2022-03-31 07:16:49,540.68
2022-03-31 07:16:54,540.67
2022-03-31 07:16:59,540.71
2022-03-31 07:17:04,527.2000905336814
2022-03-31 07:17:09,540.77
2022-03-31 07:17:14,540.77
2022-03-31 07:17:19,527.157095660814
2022-03-31 07:17:24,527.1433654947916
2022-03-31 07:17:29,527.1299285466089
2022-03-31 07:17:34,541.0
2022-03-31 07:17:39,540.99
2022-03-31 07:17:44,541.06
2022-03-31 07:17:49,541.12
2022-03-31 07:17:54,541.12
2022-03-31 07:17:59,541.19
2022-03-31 07:18:04,541.19
2022-03-31 07:18:09,541.22
2022-03-31 07:18:14,541.22
2022-03-31 07:18:19,541.28
2022-03-31 07:18:24,541.28
2022-03-31 07:18:29,541.35
2022-03-31 07:18:34,541.41
2022-03-31 07:18:39,541.47
2022-03-31 07:18:44,526.9604958567973
2022-03-31 07:18:49,541.5
2022-03-31 07:18:54,526.9419956908123
2022-03-31 07:18:59,526.9330660050093
2022-03-31 07:19:04,541.63
2022-03-31 07:19:09,541.7
2022-03-31 07:19:14,541.7
2022-03-31 07:19:19,541.73
2022-03-31 07:19:24,526.8914412768411
2022-03-31 07:19:29,541.73
2022-03-31 07:19:34,541.79
2022-03-31 07:19:39,541.86
2022-03-31 07:19:44,541.92
2022-03-31 07:19:49,526.8544429289296
2022-03-31 07:19:54,541.99
2022-03-31 07:19:59,542.01
2022-03-31 07:20:04,542.01
2022-03-31 07:20:09,542.01
2022-03-31 07:20:14,542.01
2022-03-31 07:20:19,542.14
2022-03-31 07:20:24,542.08
2022-03-31 07:20:29,542.14
2022-03-31 07:20:34,542.21
2022-03-31 07:20:39,542.21
2022-03-31 07:20:44,542.21
2022-03-31 07:20:49,542.24
2022-03-31 07:20:54,542.24
2022-03-31 07:20:59,542.3
2022-03-31 07:21:04,526.765572696455
2022-03-31 07:21:09,542.44
2022-03-31 07:21:14,542.44
2022-03-31 07:21:19,542.44
2022-03-31 07:21:24,542.5
2022-03-31 07:21:29,542.5
2022-03-31 07:21:34,542.5
2022-03-31 07:21:39,542.53
2022-03-31 07:21:44,542.53
2022-03-31 07:21:49,542.6
2022-03-31 07:21:54,542.6
2022-03-31 07:21:59,526.7148339997054
2022-03-31 07:22:04,542.67
2022-03-31 07:22:09,542.67
2022-03-31 07:22:14,542.67
2022-03-31 07:22:19,526.6980593932782
2022-03-31 07:22:24,542.67
2022-03-31 07:22:29,542.73
2022-03-31 07:22:34,542.73
2022-03-31 07:22:39,542.77
2022-03-31 07:22:44,542.73
2022-03-31 07:22:49,542.77
2022-03-31 07:22:54,542.83
2022-03-31 07:22:59,542.77
2022-03-31 07:23:04,542.83
2022-03-31 07:23:09,542.83
2022-03-31 07:23:14,542.77
2022-03-31 07:23:19,542.9
2022-03-31 07:23:24,542.9
2022-03-31 07:23:29,542.96
2022-03-31 07:23:34,542.96
2022-03-31 07:23:39,542.96
2022-03-31 07:23:44,542.96
2022-03-31 07:23:49,543.03
2022-03-31 07:23:54,543.03
2022-03-31 07:23:59,543.03
2022-03-31 07:24:04,543.03
2022-03-31 07:24:09,543.03
2022-03-31 07:24:14,543.03
2022-03-31 07:24:19,543.06
2022-03-31 07:24:24,543.06
2022-03-31 07:24:29,543.06
2022-03-31 07:24:34,543.06
2022-03-31 07:24:39,543.06
2022-03-31 07:24:44,543.06
2022-03-31 07:24:49,543.06
2022-03-31 07:24:54,543.06
2022-03-31 07:24:59,543.13
2022-03-31 07:25:04,543.06
2022-03-31 07:25:09,543.06
2022-03-31 07:25:14,543.13
2022-03-31 07:25:19,543.06
2022-03-31 07:25:24,543.06
2022-03-31 07:25:29,543.06
2022-03-31 07:25:34,543.06
2022-03-31 07:25:39,526.5067616493687
2022-03-31 07:25:44,543.03
2022-03-31 07:25:49,543.03
2022-03-31 07:25:54,526.4861339901356
2022-03-31 07:25:59,542.9
2022-03-31 07:26:04,542.96
2022-03-31 07:26:09,542.9
2022-03-31 07:26:14,542.9
2022-03-31 07:26:19,526.4483650010246
2022-03-31 07:26:24,542.9
2022-03-31 07:26:29,542.83
2022-03-31 07:26:34,542.77
2022-03-31 07:26:39,542.73
2022-03-31 07:26:44,542.73
2022-03-31 07:26:49,542.73
2022-03-31 07:26:54,542.67
2022-03-31 07:26:59,542.61
2022-03-31 07:27:04,542.54
2022-03-31 07:27:09,542.51
2022-03-31 07:27:14,542.45
2022-03-31 07:27:19,542.45
2022-03-31 07:27:24,542.38
2022-03-31 07:27:29,542.31
2022-03-31 07:27:34,542.25
2022-03-31 07:27:39,542.25
2022-03-31 07:27:44,542.21
2022-03-31 07:27:49,542.15
2022-03-31 07:27:54,542.09
2022-03-31 07:27:59,542.09
2022-03-31 07:28:04,542.02
2022-03-31 07:28:09,541.99
2022-03-31 07:28:14,541.99
2022-03-31 07:28:19,541.92
2022-03-31 07:28:24,541.86
2022-03-31 07:28:29,541.8
2022-03-31 07:28:34,541.73
2022-03-31 07:28:39,541.7
2022-03-31 07:28:44,541.7
2022-03-31 07:28:49,526.1030462381934
2022-03-31 07:28:54,541.57
2022-03-31 07:28:59,541.5
2022-03-31 07:29:04,541.47
2022-03-31 07:29:09,526.0385157753815
2022-03-31 07:29:14,541.34
2022-03-31 07:29:19,541.28
2022-03-31 07:29:24,541.21
2022-03-31 07:29:29,525.969696837445
2022-03-31 07:29:34,541.12
2022-03-31 07:29:39,525.9337412837789
2022-03-31 07:29:44,541.05
2022-03-31 07:29:49,540.99
2022-03-31 07:29:54,540.96
2022-03-31 07:29:59,540.89
2022-03-31 07:30:04,540.83
2022-03-31 07:30:09,525.8199883326618
2022-03-31 07:30:14,540.7
2022-03-31 07:30:19,540.7
2022-03-31 07:30:24,540.6
2022-03-31 07:30:29,540.54
2022-03-31 07:30:34,540.54
2022-03-31 07:30:39,540.48
2022-03-31 07:30:44,525.6768234446052
2022-03-31 07:30:49,540.38
2022-03-31 07:30:54,540.25
2022-03-31 07:30:59,540.26
2022-03-31 07:31:04,540.19
2022-03-31 07:31:09,540.09
2022-03-31 07:31:14,540.09
2022-03-31 07:31:19,540.03
2022-03-31 07:31:24,539.97
2022-03-31 07:31:29,539.97
2022-03-31 07:31:34,539.93
2022-03-31 07:31:39,539.87
2022-03-31 07:31:44,539.87
2022-03-31 07:31:49,539.81
2022-03-31 07:31:54,539.81
2022-03-31 07:31:59,539.81
2022-03-31 07:32:04,539.74
2022-03-31 07:32:09,539.75
2022-03-31 07:32:14,525.2642123153786
2022-03-31 07:32:19,539.75
2022-03-31 07:32:24,539.75
2022-03-31 07:32:29,539.75
2022-03-31 07:32:34,539.75
2022-03-31 07:32:39,539.68
2022-03-31 07:32:44,539.75
2022-03-31 07:32:49,539.68
2022-03-31 07:32:54,539.68
2022-03-31 07:32:59,539.69
2022-03-31 07:33:04,539.69
2022-03-31 07:33:09,539.69
2022-03-31 07:33:14,524.9604523282818
2022-03-31 07:33:19,539.75
2022-03-31 07:33:24,539.75
2022-03-31 07:33:29,539.75
2022-03-31 07:33:34,539.75
2022-03-31 07:33:39,539.81
2022-03-31 07:33:44,539.81
2022-03-31 07:33:49,539.82
2022-03-31 07:33:54,539.88
2022-03-31 07:33:59,524.7213863315828
2022-03-31 07:34:04,524.6943422543033
2022-03-31 07:34:09,539.94
2022-03-31 07:34:14,540.04
2022-03-31 07:34:19,540.04
2022-03-31 07:34:24,540.1
2022-03-31 07:34:29,540.17
2022-03-31 07:34:34,540.2
2022-03-31 07:34:39,540.26
2022-03-31 07:34:44,540.33
2022-03-31 07:34:49,524.4474996919716
2022-03-31 07:34:54,540.46
2022-03-31 07:34:59,540.55
2022-03-31 07:35:04,540.61
2022-03-31 07:35:09,540.68
2022-03-31 07:35:14,540.71
2022-03-31 07:35:19,540.77
2022-03-31 07:35:24,540.9
2022-03-31 07:35:29,540.97
2022-03-31 07:35:34,541.06
2022-03-31 07:35:39,524.1679218638789
2022-03-31 07:35:44,541.19
2022-03-31 07:35:49,541.29
2022-03-31 07:35:54,541.35
2022-03-31 07:35:59,541.41
2022-03-31 07:36:04,541.51
2022-03-31 07:36:09,541.58
2022-03-31 07:36:14,541.7
2022-03-31 07:36:19,541.74
2022-03-31 07:36:24,541.87
2022-03-31 07:36:29,541.93
2022-03-31 07:36:34,542.0
2022-03-31 07:36:39,542.03
2022-03-31 07:36:44,523.8010679964507
2022-03-31 07:36:49,542.22
2022-03-31 07:36:54,542.25
2022-03-31 07:36:59,542.38
2022-03-31 07:37:04,542.45
2022-03-31 07:37:09,542.51
2022-03-31 07:37:14,542.6
2022-03-31 07:37:19,542.67
2022-03-31 07:37:24,542.73
2022-03-31 07:37:29,542.83
2022-03-31 07:37:34,542.89
2022-03-31 07:37:39,523.4922933947721
2022-03-31 07:37:44,543.05
2022-03-31 07:37:49,543.18
2022-03-31 07:37:54,543.27
2022-03-31 07:37:59,543.34
2022-03-31 07:38:04,523.3536388100222
2022-03-31 07:38:09,543.56
2022-03-31 07:38:14,543.63
2022-03-31 07:38:19,543.69
2022-03-31 07:38:24,543.79
2022-03-31 07:38:29,543.92
2022-03-31 07:38:34,523.1894050825641
2022-03-31 07:38:39,544.08
2022-03-31 07:38:44,544.15
2022-03-31 07:38:49,544.28
2022-03-31 07:38:54,544.37
2022-03-31 07:38:59,544.5
2022-03-31 07:39:04,544.5
2022-03-31 07:39:09,544.66
2022-03-31 07:39:14,544.73
2022-03-31 07:39:19,544.8
2022-03-31 07:39:24,544.89
2022-03-31 07:39:29,544.96
2022-03-31 07:39:34,522.8705504677041
2022-03-31 07:39:39,545.12
2022-03-31 07:39:44,545.18
2022-03-31 07:39:49,545.31
2022-03-31 07:39:54,545.34
2022-03-31 07:39:59,545.41
2022-03-31 07:40:04,545.54
2022-03-31 07:40:09,545.64
2022-03-31 07:40:14,522.6672539204816
2022-03-31 07:40:19,545.83
2022-03-31 07:40:24,545.86
2022-03-31 07:40:29,545.93
2022-03-31 07:40:34,546.06
2022-03-31 07:40:39,546.13
2022-03-31 07:40:44,546.22
2022-03-31 07:40:49,546.29
2022-03-31 07:40:54,546.35
2022-03-31 07:40:59,546.45
2022-03-31 07:41:04,546.51
2022-03-31 07:41:09,522.4031868104811
2022-03-31 07:41:14,546.68
2022-03-31 07:41:19,546.74
2022-03-31 07:41:24,546.87
2022-03-31 07:41:29,546.97
2022-03-31 07:41:34,547.09
2022-03-31 07:41:39,547.09
2022-03-31 07:41:44,547.19
2022-03-31 07:41:49,547.32
2022-03-31 07:41:54,547.38
2022-03-31 07:41:59,547.42
2022-03-31 07:42:04,547.55
2022-03-31 07:42:09,547.55
2022-03-31 07:42:14,547.68
2022-03-31 07:42:19,547.71
2022-03-31 07:42:24,547.77
2022-03-31 07:42:29,547.84
2022-03-31 07:42:34,547.84
2022-03-31 07:42:39,547.93
2022-03-31 07:42:44,548.0
2022-03-31 07:42:49,548.0
2022-03-31 07:42:54,548.06
2022-03-31 07:42:59,548.06
2022-03-31 07:43:04,548.07
2022-03-31 07:43:09,521.9074588318712
2022-03-31 07:43:14,521.8895270732593
2022-03-31 07:43:19,548.13
2022-03-31 07:43:24,548.13
2022-03-31 07:43:29,548.13
2022-03-31 07:43:34,548.13
2022-03-31 07:43:39,548.13
2022-03-31 07:43:44,548.06
2022-03-31 07:43:49,548.0
2022-03-31 07:43:54,548.0
2022-03-31 07:43:59,547.93
2022-03-31 07:44:04,521.7220930212977
2022-03-31 07:44:09,547.77
2022-03-31 07:44:14,547.71
2022-03-31 07:44:19,547.68
2022-03-31 07:44:24,547.61
2022-03-31 07:44:29,547.55
2022-03-31 07:44:34,547.42
2022-03-31 07:44:39,547.32
2022-03-31 07:44:44,547.19
2022-03-31 07:44:49,547.16
2022-03-31 07:44:54,521.5756857323909
2022-03-31 07:44:59,546.9
2022-03-31 07:45:04,546.87
2022-03-31 07:45:09,546.68
2022-03-31 07:45:14,521.5228248184244
2022-03-31 07:45:19,546.45
2022-03-31 07:45:24,546.29
2022-03-31 07:45:29,546.16
2022-03-31 07:45:34,546.0
2022-03-31 07:45:39,545.93
2022-03-31 07:45:44,545.71
2022-03-31 07:45:49,521.4379353010451
2022-03-31 07:45:54,545.48
2022-03-31 07:45:59,545.35
2022-03-31 07:46:04,545.19
2022-03-31 07:46:09,545.03
2022-03-31 07:46:14,544.9
2022-03-31 07:46:19,544.74
2022-03-31 07:46:24,544.58
2022-03-31 07:46:29,544.39
2022-03-31 07:46:34,544.29
2022-03-31 07:46:39,544.1
2022-03-31 07:46:44,543.94
2022-03-31 07:46:49,543.8
2022-03-31 07:46:54,543.65
2022-03-31 07:46:59,543.48
2022-03-31 07:47:04,543.29
2022-03-31 07:47:09,543.13
2022-03-31 07:47:14,542.97
2022-03-31 07:47:19,542.78
2022-03-31 07:47:24,542.62
2022-03-31 07:47:29,542.45
2022-03-31 07:47:34,542.26
2022-03-31 07:47:39,542.17
2022-03-31 07:47:44,542.01
2022-03-31 07:47:49,541.81
2022-03-31 07:47:54,541.65
2022-03-31 07:47:59,541.49
2022-03-31 07:48:04,541.3
2022-03-31 07:48:09,541.14
2022-03-31 07:48:14,541.01
2022-03-31 07:48:19,540.85
2022-03-31 07:48:24,540.69
2022-03-31 07:48:29,540.56
2022-03-31 07:48:34,540.4
2022-03-31 07:48:39,540.21
2022-03-31 07:48:44,521.1495721661148
2022-03-31 07:48:49,539.89
2022-03-31 07:48:54,539.69
2022-03-31 07:48:59,539.6
2022-03-31 07:49:04,521.1300675994763
2022-03-31 07:49:09,539.25
2022-03-31 07:49:14,539.09
2022-03-31 07:49:19,539.02
2022-03-31 07:49:24,538.93
2022-03-31 07:49:29,538.73
2022-03-31 07:49:34,538.57
2022-03-31 07:49:39,538.51
2022-03-31 07:49:44,538.35
2022-03-31 07:49:49,538.16
2022-03-31 07:49:54,538.06
2022-03-31 07:49:59,537.9
2022-03-31 07:50:04,537.84
2022-03-31 07:50:09,537.71
2022-03-31 07:50:14,537.62
2022-03-31 07:50:19,537.49
2022-03-31 07:50:24,537.33
2022-03-31 07:50:29,537.26
2022-03-31 07:50:34,537.1
2022-03-31 07:50:39,536.97
2022-03-31 07:50:44,521.0700245534935
2022-03-31 07:50:49,536.75
2022-03-31 07:50:54,536.62
2022-03-31 07:50:59,536.59
2022-03-31 07:51:04,536.46
2022-03-31 07:51:09,536.37
2022-03-31 07:51:14,536.24
2022-03-31 07:51:19,536.18
2022-03-31 07:51:24,536.08
2022-03-31 07:51:29,536.01
2022-03-31 07:51:34,535.89
2022-03-31 07:51:39,535.79
2022-03-31 07:51:44,535.73
2022-03-31 07:51:49,535.66
2022-03-31 07:51:54,535.6
2022-03-31 07:51:59,535.5
2022-03-31 07:52:04,535.44
2022-03-31 07:52:09,535.37
2022-03-31 07:52:14,535.28
2022-03-31 07:52:19,535.21
2022-03-31 07:52:24,535.15
2022-03-31 07:52:29,535.05
2022-03-31 07:52:34,535.05
2022-03-31 07:52:39,534.86
2022-03-31 07:52:44,534.86
2022-03-31 07:52:49,534.77
2022-03-31 07:52:54,534.7
2022-03-31 07:52:59,521.079121440937
2022-03-31 07:53:04,534.57
2022-03-31 07:53:09,534.54
2022-03-31 07:53:14,534.48
2022-03-31 07:53:19,534.41
2022-03-31 07:53:24,534.31
2022-03-31 07:53:29,534.25
2022-03-31 07:53:34,534.19
2022-03-31 07:53:39,534.19
2022-03-31 07:53:44,534.06
2022-03-31 07:53:49,534.02
2022-03-31 07:53:54,533.96
2022-03-31 07:53:59,533.9
2022-03-31 07:54:04,533.83
2022-03-31 07:54:09,533.8
2022-03-31 07:54:14,533.8
2022-03-31 07:54:19,533.67
2022-03-31 07:54:24,533.61
2022-03-31 07:54:29,533.61
2022-03-31 07:54:34,533.61
2022-03-31 07:54:39,533.54
2022-03-31 07:54:44,533.51
2022-03-31 07:54:49,533.45
2022-03-31 07:54:54,533.38
2022-03-31 07:54:59,533.38
2022-03-31 07:55:04,533.32
2022-03-31 07:55:09,533.28
2022-03-31 07:55:14,533.22
2022-03-31 07:55:19,533.22
2022-03-31 07:55:24,533.16
2022-03-31 07:55:29,533.15
2022-03-31 07:55:34,533.09
2022-03-31 07:55:39,533.09
2022-03-31 07:55:44,533.09
2022-03-31 07:55:49,533.09
2022-03-31 07:55:54,533.02
2022-03-31 07:55:59,521.2263982269474
2022-03-31 07:56:04,533.03
2022-03-31 07:56:09,532.99
2022-03-31 07:56:14,532.99
2022-03-31 07:56:19,532.99
2022-03-31 07:56:24,532.99
2022-03-31 07:56:29,532.99
2022-03-31 07:56:34,521.2700636202552
2022-03-31 07:56:39,532.93
2022-03-31 07:56:44,532.93
2022-03-31 07:56:49,532.93
2022-03-31 07:56:54,532.94
2022-03-31 07:56:59,532.93
2022-03-31 07:57:04,532.94
2022-03-31 07:57:09,532.94
2022-03-31 07:57:14,532.94
2022-03-31 07:57:19,532.94
2022-03-31 07:57:24,521.339492032799
2022-03-31 07:57:29,532.94
2022-03-31 07:57:34,532.94
2022-03-31 07:57:39,532.94
2022-03-31 07:57:44,532.94
2022-03-31 07:57:49,532.94
2022-03-31 07:57:54,532.94
2022-03-31 07:57:59,521.3922106775129
2022-03-31 07:58:04,533.01
2022-03-31 07:58:09,533.01
2022-03-31 07:58:14,533.01
2022-03-31 07:58:19,533.01
2022-03-31 07:58:24,521.4315471460709
2022-03-31 07:58:29,533.04
2022-03-31 07:58:34,533.04
2022-03-31 07:58:39,533.04
2022-03-31 07:58:44,533.11
2022-03-31 07:58:49,521.472028608358
2022-03-31 07:58:54,533.17
2022-03-31 07:58:59,533.24
2022-03-31 07:59:04,533.24
2022-03-31 07:59:09,533.31
2022-03-31 07:59:14,533.3
2022-03-31 07:59:19,533.31
2022-03-31 07:59:24,533.34
2022-03-31 07:59:29,533.4
2022-03-31 07:59:34,533.4
2022-03-31 07:59:39,533.47
2022-03-31 07:59:44,533.47
2022-03-31 07:59:49,533.53
2022-03-31 07:59:54,521.5810227912201
2022-03-31 07:59:59,533.57
2022-03-31 08:00:04,533.63
2022-03-31 08:00:09,533.63
2022-03-31 08:00:14,533.63
2022-03-31 08:00:19,533.69
2022-03-31 08:00:24,533.69
2022-03-31 08:00:29,533.76
2022-03-31 08:00:34,533.76
2022-03-31 08:00:39,533.76
2022-03-31 08:00:44,533.83
2022-03-31 08:00:49,533.86
2022-03-31 08:00:54,533.92
2022-03-31 08:00:59,533.92
2022-03-31 08:01:04,533.99
2022-03-31 08:01:09,534.05
2022-03-31 08:01:14,534.05
2022-03-31 08:01:19,521.7263498444272
2022-03-31 08:01:24,534.08
2022-03-31 08:01:29,521.7432903298388
2022-03-31 08:01:34,534.28
2022-03-31 08:01:39,534.28
2022-03-31 08:01:44,534.34
2022-03-31 08:01:49,534.37
2022-03-31 08:01:54,534.44
2022-03-31 08:01:59,534.5
2022-03-31 08:02:04,521.8018301622413
2022-03-31 08:02:09,534.57
2022-03-31 08:02:14,534.66
2022-03-31 08:02:19,534.66
2022-03-31 08:02:24,534.73
2022-03-31 08:02:29,534.86
2022-03-31 08:02:34,534.89
2022-03-31 08:02:39,534.95
2022-03-31 08:02:44,535.08
2022-03-31 08:02:49,535.11
2022-03-31 08:02:54,535.18
2022-03-31 08:02:59,521.8902691486195
2022-03-31 08:03:04,535.4
2022-03-31 08:03:09,535.53
2022-03-31 08:03:14,535.62
2022-03-31 08:03:19,535.76
2022-03-31 08:03:24,535.91
2022-03-31 08:03:29,536.05
2022-03-31 08:03:34,536.21
2022-03-31 08:03:39,536.27
2022-03-31 08:03:44,521.9579396302678
2022-03-31 08:03:49,536.56
2022-03-31 08:03:54,536.72
2022-03-31 08:03:59,536.85
2022-03-31 08:04:04,537.07
2022-03-31 08:04:09,537.17
2022-03-31 08:04:14,537.36
2022-03-31 08:04:19,537.46
2022-03-31 08:04:24,522.0134050796628
2022-03-31 08:04:29,537.88
2022-03-31 08:04:34,522.0264681989072
2022-03-31 08:04:39,538.19
2022-03-31 08:04:44,538.32
2022-03-31 08:04:49,538.48
2022-03-31 08:04:54,538.68
2022-03-31 08:04:59,522.0575626665109
2022-03-31 08:05:04,522.0634991463379
2022-03-31 08:05:09,539.19
2022-03-31 08:05:14,539.42
2022-03-31 08:05:19,539.51
2022-03-31 08:05:24,539.71
2022-03-31 08:05:29,539.8
2022-03-31 08:05:34,540.03
2022-03-31 08:05:39,540.16
2022-03-31 08:05:44,540.32
2022-03-31 08:05:49,540.52
2022-03-31 08:05:54,540.68
2022-03-31 08:05:59,540.77
2022-03-31 08:06:04,540.9
2022-03-31 08:06:09,541.03
2022-03-31 08:06:14,541.13
2022-03-31 08:06:19,522.1397363072778
2022-03-31 08:06:24,541.42
2022-03-31 08:06:29,541.55
2022-03-31 08:06:34,541.65
2022-03-31 08:06:39,541.78
2022-03-31 08:06:44,541.87
2022-03-31 08:06:49,541.94
2022-03-31 08:06:54,522.1660302294152
2022-03-31 08:06:59,542.1
2022-03-31 08:07:04,542.17
2022-03-31 08:07:09,542.29
2022-03-31 08:07:14,542.33
2022-03-31 08:07:19,542.39
2022-03-31 08:07:24,542.46
2022-03-31 08:07:29,542.52
2022-03-31 08:07:34,542.59
2022-03-31 08:07:39,542.59
2022-03-31 08:07:44,542.59
2022-03-31 08:07:49,542.62
2022-03-31 08:07:54,542.62
2022-03-31 08:07:59,522.1964558052648
2022-03-31 08:08:04,542.59
2022-03-31 08:08:09,542.62
2022-03-31 08:08:14,542.59
2022-03-31 08:08:19,542.59
2022-03-31 08:08:24,542.53
2022-03-31 08:08:29,542.46
2022-03-31 08:08:34,542.46
2022-03-31 08:08:39,542.4
2022-03-31 08:08:44,542.33
2022-03-31 08:08:49,542.3
2022-03-31 08:08:54,542.3
2022-03-31 08:08:59,542.24
2022-03-31 08:09:04,542.17
2022-03-31 08:09:09,522.1986029304587
2022-03-31 08:09:14,542.01
2022-03-31 08:09:19,541.95
2022-03-31 08:09:24,541.82
2022-03-31 08:09:29,541.79
2022-03-31 08:09:34,541.72
2022-03-31 08:09:39,522.188613678038
2022-03-31 08:09:44,541.59
2022-03-31 08:09:49,541.5
2022-03-31 08:09:54,541.37
2022-03-31 08:09:59,522.1780294098819
2022-03-31 08:10:04,541.21
2022-03-31 08:10:09,541.21
2022-03-31 08:10:14,541.05
2022-03-31 08:10:19,540.92
2022-03-31 08:10:24,540.85
2022-03-31 08:10:29,540.79
2022-03-31 08:10:34,540.69
2022-03-31 08:10:39,540.56
2022-03-31 08:10:44,540.47
2022-03-31 08:10:49,540.4
2022-03-31 08:10:54,540.27
2022-03-31 08:10:59,522.1262298628827
2022-03-31 08:11:04,540.11
2022-03-31 08:11:09,540.01
2022-03-31 08:11:14,539.88
2022-03-31 08:11:19,539.82
2022-03-31 08:11:24,539.72
2022-03-31 08:11:29,539.59
2022-03-31 08:11:34,522.0820522335365
2022-03-31 08:11:39,539.37
2022-03-31 08:11:44,539.2
2022-03-31 08:11:49,539.14
2022-03-31 08:11:54,539.01
2022-03-31 08:11:59,538.85
2022-03-31 08:12:04,538.72
2022-03-31 08:12:09,538.62
2022-03-31 08:12:14,538.49
2022-03-31 08:12:19,538.4
2022-03-31 08:12:24,538.27
2022-03-31 08:12:29,538.17
2022-03-31 08:12:34,538.04
2022-03-31 08:12:39,537.94
2022-03-31 08:12:44,537.81
2022-03-31 08:12:49,537.68
2022-03-31 08:12:54,537.59
2022-03-31 08:12:59,537.46
2022-03-31 08:13:04,537.36
2022-03-31 08:13:09,537.23
2022-03-31 08:13:14,537.07
2022-03-31 08:13:19,537.01
2022-03-31 08:13:24,536.91
2022-03-31 08:13:29,521.8733337440505
2022-03-31 08:13:34,536.65
2022-03-31 08:13:39,536.55
2022-03-31 08:13:44,536.42
2022-03-31 08:13:49,521.8283088208849
2022-03-31 08:13:54,536.26
2022-03-31 08:13:59,536.14
2022-03-31 08:14:04,536.1
2022-03-31 08:14:09,535.91
2022-03-31 08:14:14,535.88
2022-03-31 08:14:19,535.75
2022-03-31 08:14:24,521.7441658060491
2022-03-31 08:14:29,521.7316215675183
2022-03-31 08:14:34,535.46
2022-03-31 08:14:39,535.36
2022-03-31 08:14:44,535.23
2022-03-31 08:14:49,521.6802150285582
2022-03-31 08:14:54,535.07
2022-03-31 08:14:59,534.95
2022-03-31 08:15:04,534.85
2022-03-31 08:15:09,521.626937075574
2022-03-31 08:15:14,534.66
2022-03-31 08:15:19,534.56
2022-03-31 08:15:24,534.49
2022-03-31 08:15:29,534.37
2022-03-31 08:15:34,534.27
2022-03-31 08:15:39,534.21
2022-03-31 08:15:44,534.08
2022-03-31 08:15:49,534.05
2022-03-31 08:15:54,521.500881783181
2022-03-31 08:15:59,533.86
2022-03-31 08:16:04,533.76
2022-03-31 08:16:09,533.69
2022-03-31 08:16:14,533.57
2022-03-31 08:16:19,533.54
2022-03-31 08:16:24,533.47
2022-03-31 08:16:29,533.41
2022-03-31 08:16:34,533.31
2022-03-31 08:16:39,521.3674567399215
2022-03-31 08:16:44,533.12
2022-03-31 08:16:49,533.02
2022-03-31 08:16:54,532.96
2022-03-31 08:16:59,532.9
2022-03-31 08:17:04,532.8
2022-03-31 08:17:09,532.67
2022-03-31 08:17:14,532.6
2022-03-31 08:17:19,532.51
2022-03-31 08:17:24,521.2281187568475
2022-03-31 08:17:29,532.38
2022-03-31 08:17:34,532.32
2022-03-31 08:17:39,532.29
2022-03-31 08:17:44,532.22
2022-03-31 08:17:49,521.1486900212906
2022-03-31 08:17:54,532.03
2022-03-31 08:17:59,532.03
2022-03-31 08:18:04,532.0
2022-03-31 08:18:09,521.0843246450105
2022-03-31 08:18:14,521.0681357334836
2022-03-31 08:18:19,531.8
2022-03-31 08:18:24,531.77
2022-03-31 08:18:29,521.0193668109109
2022-03-31 08:18:34,521.0030497686198
2022-03-31 08:18:39,531.64
2022-03-31 08:18:44,531.51
2022-03-31 08:18:49,531.48
2022-03-31 08:18:54,531.48
2022-03-31 08:18:59,531.48
2022-03-31 08:19:04,531.41
2022-03-31 08:19:09,531.35
2022-03-31 08:19:14,531.29
2022-03-31 08:19:19,531.29
2022-03-31 08:19:24,531.19
2022-03-31 08:19:29,531.19
2022-03-31 08:19:34,531.13
2022-03-31 08:19:39,531.13
2022-03-31 08:19:44,531.06
2022-03-31 08:19:49,531.06
2022-03-31 08:19:54,520.7396589824298
2022-03-31 08:19:59,530.99
2022-03-31 08:20:04,531.0
2022-03-31 08:20:09,530.96
2022-03-31 08:20:14,530.9
2022-03-31 08:20:19,530.83
2022-03-31 08:20:24,530.83
2022-03-31 08:20:29,530.77
2022-03-31 08:20:34,530.77
2022-03-31 08:20:39,530.73
2022-03-31 08:20:44,530.73
2022-03-31 08:20:49,530.67
2022-03-31 08:20:54,530.67
2022-03-31 08:20:59,530.61
2022-03-31 08:21:04,520.509949071559
2022-03-31 08:21:09,530.47
2022-03-31 08:21:14,530.47
2022-03-31 08:21:19,530.44
2022-03-31 08:21:24,520.4452627790982
2022-03-31 08:21:29,520.4291884795103
2022-03-31 08:21:34,530.38
2022-03-31 08:21:39,530.31
2022-03-31 08:21:44,530.24
2022-03-31 08:21:49,530.21
2022-03-31 08:21:54,530.21
2022-03-31 08:21:59,530.21
2022-03-31 08:22:04,520.317981663237
2022-03-31 08:22:09,530.08
2022-03-31 08:22:14,530.14
2022-03-31 08:22:19,530.08
2022-03-31 08:22:24,530.01
2022-03-31 08:22:29,530.01
2022-03-31 08:22:34,529.94
2022-03-31 08:22:39,520.2095626888581
2022-03-31 08:22:44,520.1943418102584
2022-03-31 08:22:49,529.85
2022-03-31 08:22:54,529.85
2022-03-31 08:22:59,529.85
2022-03-31 08:23:04,529.79
2022-03-31 08:23:09,529.79
2022-03-31 08:23:14,529.79
2022-03-31 08:23:19,529.72
2022-03-31 08:23:24,529.79
2022-03-31 08:23:29,529.72
2022-03-31 08:23:34,520.0464712478386
2022-03-31 08:23:39,520.032161978074
2022-03-31 08:23:44,529.79
2022-03-31 08:23:49,520.0038300281481
2022-03-31 08:23:54,529.72
2022-03-31 08:23:59,529.72
2022-03-31 08:24:04,529.79
2022-03-31 08:24:09,529.72
2022-03-31 08:24:14,529.72
2022-03-31 08:24:19,529.79
2022-03-31 08:24:24,529.79
2022-03-31 08:24:29,529.79
2022-03-31 08:24:34,529.73
2022-03-31 08:24:39,529.79
2022-03-31 08:24:44,529.73
2022-03-31 08:24:49,519.8427005317217
2022-03-31 08:24:54,529.79
2022-03-31 08:24:59,529.86
2022-03-31 08:25:04,519.8050062956685
2022-03-31 08:25:09,529.8
2022-03-31 08:25:14,529.86
2022-03-31 08:25:19,529.86
2022-03-31 08:25:24,529.86
2022-03-31 08:25:29,529.92
2022-03-31 08:25:34,529.93
2022-03-31 08:25:39,529.96
2022-03-31 08:25:44,530.02
2022-03-31 08:25:49,530.02
2022-03-31 08:25:54,519.6867906258468
2022-03-31 08:25:59,530.03
2022-03-31 08:26:04,530.09
2022-03-31 08:26:09,530.16
2022-03-31 08:26:14,530.22
2022-03-31 08:26:19,530.22
2022-03-31 08:26:24,530.22
2022-03-31 08:26:29,530.32
2022-03-31 08:26:34,519.6000469838501
2022-03-31 08:26:39,530.38
2022-03-31 08:26:44,519.5793950816565
2022-03-31 08:26:49,530.45
2022-03-31 08:26:54,519.5591439816496
2022-03-31 08:26:59,530.48
2022-03-31 08:27:04,530.54
2022-03-31 08:27:09,530.61
2022-03-31 08:27:14,519.5198185859258
2022-03-31 08:27:19,530.61
2022-03-31 08:27:24,530.74
2022-03-31 08:27:29,530.74
2022-03-31 08:27:34,530.77
2022-03-31 08:27:39,530.83
2022-03-31 08:27:44,530.83
2022-03-31 08:27:49,530.89
2022-03-31 08:27:54,530.96
2022-03-31 08:27:59,530.99
2022-03-31 08:28:04,530.99
2022-03-31 08:28:09,531.12
2022-03-31 08:28:14,531.12
2022-03-31 08:28:19,531.18
2022-03-31 08:28:24,531.18
2022-03-31 08:28:29,531.28
2022-03-31 08:28:34,531.28
2022-03-31 08:28:39,531.34
2022-03-31 08:28:44,531.41
2022-03-31 08:28:49,519.3529938051406
2022-03-31 08:28:54,531.47
2022-03-31 08:28:59,531.5
2022-03-31 08:29:04,531.57
2022-03-31 08:29:09,531.57
2022-03-31 08:29:14,531.63
2022-03-31 08:29:19,531.7
2022-03-31 08:29:24,531.76
2022-03-31 08:29:29,531.76
2022-03-31 08:29:34,531.79
2022-03-31 08:29:39,531.79
2022-03-31 08:29:44,531.85
2022-03-31 08:29:49,519.2628949882165
2022-03-31 08:29:54,531.92
2022-03-31 08:29:59,531.98
2022-03-31 08:30:04,519.2420127420019
2022-03-31 08:30:09,532.01
2022-03-31 08:30:14,532.08
2022-03-31 08:30:19,532.08
2022-03-31 08:30:24,532.08
2022-03-31 08:30:29,532.14
2022-03-31 08:30:34,532.14
2022-03-31 08:30:39,532.2
2022-03-31 08:30:44,532.2
2022-03-31 08:30:49,532.27
2022-03-31 08:30:54,532.27
2022-03-31 08:30:59,532.3
2022-03-31 08:31:04,532.3
2022-03-31 08:31:09,532.3
2022-03-31 08:31:14,532.36
2022-03-31 08:31:19,532.36
2022-03-31 08:31:24,532.36
2022-03-31 08:31:29,532.36
2022-03-31 08:31:34,532.36
2022-03-31 08:31:39,519.1231200245784
2022-03-31 08:31:44,532.48
2022-03-31 08:31:49,532.42
2022-03-31 08:31:54,532.48
2022-03-31 08:31:59,532.48
2022-03-31 08:32:04,532.48
2022-03-31 08:32:09,532.48
2022-03-31 08:32:14,532.52
2022-03-31 08:32:19,532.52
2022-03-31 08:32:24,532.52
2022-03-31 08:32:29,532.52
2022-03-31 08:32:34,532.58
2022-03-31 08:32:39,532.58
2022-03-31 08:32:44,532.65
2022-03-31 08:32:49,532.65
2022-03-31 08:32:54,532.71
2022-03-31 08:32:59,532.65
2022-03-31 08:33:04,532.71
2022-03-31 08:33:09,532.71
2022-03-31 08:33:14,532.78
2022-03-31 08:33:19,532.81
2022-03-31 08:33:24,519.0137467356195
2022-03-31 08:33:29,532.81
2022-03-31 08:33:34,532.81
2022-03-31 08:33:39,532.88
2022-03-31 08:33:44,532.94
2022-03-31 08:33:49,532.94
2022-03-31 08:33:54,532.94
2022-03-31 08:33:59,532.94
2022-03-31 08:34:04,533.04
2022-03-31 08:34:09,533.04
2022-03-31 08:34:14,533.04
2022-03-31 08:34:19,518.9632956372748
2022-03-31 08:34:24,533.04
2022-03-31 08:34:29,533.11
2022-03-31 08:34:34,533.11
2022-03-31 08:34:39,518.945827610978
2022-03-31 08:34:44,533.17
2022-03-31 08:34:49,533.17
2022-03-31 08:34:54,533.17
2022-03-31 08:34:59,533.17
2022-03-31 08:35:04,533.24
2022-03-31 08:35:09,533.24
2022-03-31 08:35:14,518.9161592237373
2022-03-31 08:35:19,533.24
2022-03-31 08:35:24,533.3
2022-03-31 08:35:29,533.3
2022-03-31 08:35:34,533.3
2022-03-31 08:35:39,533.3
2022-03-31 08:35:44,533.3
2022-03-31 08:35:49,533.3
2022-03-31 08:35:54,518.8833520925681
2022-03-31 08:35:59,533.3
2022-03-31 08:36:04,533.3
2022-03-31 08:36:09,533.3
2022-03-31 08:36:14,533.3
2022-03-31 08:36:19,533.34
2022-03-31 08:36:24,533.34
2022-03-31 08:36:29,533.34
2022-03-31 08:36:34,533.34
2022-03-31 08:36:39,533.34
2022-03-31 08:36:44,533.34
2022-03-31 08:36:49,533.4
2022-03-31 08:36:54,533.4
2022-03-31 08:36:59,533.4
2022-03-31 08:37:04,518.8275708732907
2022-03-31 08:37:09,533.4
2022-03-31 08:37:14,533.4
2022-03-31 08:37:19,533.34
2022-03-31 08:37:24,533.4
2022-03-31 08:37:29,518.8078101273871
2022-03-31 08:37:34,533.34
2022-03-31 08:37:39,533.34
2022-03-31 08:37:44,533.34
2022-03-31 08:37:49,533.33
2022-03-31 08:37:54,533.33
2022-03-31 08:37:59,518.7839891474853
2022-03-31 08:38:04,533.3
2022-03-31 08:38:09,533.3
2022-03-31 08:38:14,533.3
2022-03-31 08:38:19,533.3
2022-03-31 08:38:24,518.7639309164783
2022-03-31 08:38:29,533.3
2022-03-31 08:38:34,533.3
2022-03-31 08:38:39,533.3
2022-03-31 08:38:44,533.23
2022-03-31 08:38:49,533.23
2022-03-31 08:38:54,533.23
2022-03-31 08:38:59,533.23
2022-03-31 08:39:04,533.17
2022-03-31 08:39:09,533.23
2022-03-31 08:39:14,533.17
2022-03-31 08:39:19,518.718675563889
2022-03-31 08:39:24,533.17
2022-03-31 08:39:29,533.17
2022-03-31 08:39:34,533.16
2022-03-31 08:39:39,533.23
2022-03-31 08:39:44,533.1
2022-03-31 08:39:49,533.16
2022-03-31 08:39:54,533.16
2022-03-31 08:39:59,533.16
2022-03-31 08:40:04,533.16
2022-03-31 08:40:09,533.16
2022-03-31 08:40:14,533.16
2022-03-31 08:40:19,533.16
2022-03-31 08:40:24,533.16
2022-03-31 08:40:29,533.16
2022-03-31 08:40:34,533.23
2022-03-31 08:40:39,533.16
2022-03-31 08:40:44,533.23
2022-03-31 08:40:49,533.23
2022-03-31 08:40:54,518.6371177581752
2022-03-31 08:40:59,533.23
2022-03-31 08:41:04,533.23
2022-03-31 08:41:09,533.23
2022-03-31 08:41:14,518.6195921039481
2022-03-31 08:41:19,533.29
2022-03-31 08:41:24,533.23
2022-03-31 08:41:29,533.29
2022-03-31 08:41:34,533.29
2022-03-31 08:41:39,533.29
2022-03-31 08:41:44,533.33
2022-03-31 08:41:49,533.33
2022-03-31 08:41:54,533.33
2022-03-31 08:41:59,533.33
2022-03-31 08:42:04,533.33
2022-03-31 08:42:09,533.33
2022-03-31 08:42:14,518.566695435106
2022-03-31 08:42:19,533.46
2022-03-31 08:42:24,533.46
2022-03-31 08:42:29,533.46
2022-03-31 08:42:34,533.46
2022-03-31 08:42:39,533.53
2022-03-31 08:42:44,533.56
2022-03-31 08:42:49,533.56
2022-03-31 08:42:54,533.62
2022-03-31 08:42:59,533.62
2022-03-31 08:43:04,533.63
2022-03-31 08:43:09,533.69
2022-03-31 08:43:14,533.69
2022-03-31 08:43:19,533.76
2022-03-31 08:43:24,533.76
2022-03-31 08:43:29,533.76
2022-03-31 08:43:34,533.83
2022-03-31 08:43:39,533.83
2022-03-31 08:43:44,518.4876053001924
2022-03-31 08:43:49,533.83
2022-03-31 08:43:54,533.93
2022-03-31 08:43:59,533.86
2022-03-31 08:44:04,533.99
2022-03-31 08:44:09,533.99
2022-03-31 08:44:14,534.06
2022-03-31 08:44:19,534.06
2022-03-31 08:44:24,534.09
2022-03-31 08:44:29,534.09
2022-03-31 08:44:34,534.16
2022-03-31 08:44:39,534.16
2022-03-31 08:44:44,534.16
2022-03-31 08:44:49,534.22
2022-03-31 08:44:54,534.28
2022-03-31 08:44:59,518.4233306081464
2022-03-31 08:45:04,534.35
2022-03-31 08:45:09,534.38
2022-03-31 08:45:14,534.38
2022-03-31 08:45:19,534.51
2022-03-31 08:45:24,534.51
2022-03-31 08:45:29,534.58
2022-03-31 08:45:34,534.58
2022-03-31 08:45:39,534.61
2022-03-31 08:45:44,534.67
2022-03-31 08:45:49,534.67
2022-03-31 08:45:54,534.74
2022-03-31 08:45:59,534.8
2022-03-31 08:46:04,534.81
2022-03-31 08:46:09,534.81
2022-03-31 08:46:14,534.9
2022-03-31 08:46:19,534.9
2022-03-31 08:46:24,534.9
2022-03-31 08:46:29,518.3500656513273
2022-03-31 08:46:34,534.96
2022-03-31 08:46:39,518.3422733467922
2022-03-31 08:46:44,535.03
2022-03-31 08:46:49,535.03
2022-03-31 08:46:54,535.09
2022-03-31 08:46:59,535.03
2022-03-31 08:47:04,535.09
2022-03-31 08:47:09,535.09
2022-03-31 08:47:14,535.09
2022-03-31 08:47:19,535.12
2022-03-31 08:47:24,535.12
2022-03-31 08:47:29,535.19
2022-03-31 08:47:34,535.19
2022-03-31 08:47:39,535.19
2022-03-31 08:47:44,535.19
2022-03-31 08:47:49,535.25
2022-03-31 08:47:54,535.19
2022-03-31 08:47:59,535.25
2022-03-31 08:48:04,535.25
2022-03-31 08:48:09,535.25
2022-03-31 08:48:14,535.25
2022-03-31 08:48:19,535.31
2022-03-31 08:48:24,535.32
2022-03-31 08:48:29,535.25
2022-03-31 08:48:34,535.31
2022-03-31 08:48:39,535.31
2022-03-31 08:48:44,535.25
2022-03-31 08:48:49,518.2494164013302
2022-03-31 08:48:54,535.31
2022-03-31 08:48:59,535.31
2022-03-31 08:49:04,535.31
2022-03-31 08:49:09,535.31
2022-03-31 08:49:14,535.38
2022-03-31 08:49:19,535.38
2022-03-31 08:49:24,535.41
2022-03-31 08:49:29,535.38
2022-03-31 08:49:34,535.38
2022-03-31 08:49:39,535.38
2022-03-31 08:49:44,535.41
2022-03-31 08:49:49,535.41
2022-03-31 08:49:54,535.38
2022-03-31 08:49:59,535.41
2022-03-31 08:50:04,535.41
2022-03-31 08:50:09,535.41
2022-03-31 08:50:14,535.41
2022-03-31 08:50:19,535.41
2022-03-31 08:50:24,535.48
2022-03-31 08:50:29,518.1914334589002
2022-03-31 08:50:34,535.48
2022-03-31 08:50:39,535.54
2022-03-31 08:50:44,535.54
2022-03-31 08:50:49,535.61
2022-03-31 08:50:54,535.61
2022-03-31 08:50:59,535.64
2022-03-31 08:51:04,535.71
2022-03-31 08:51:09,535.71
2022-03-31 08:51:14,518.1700578606053
2022-03-31 08:51:19,535.77
2022-03-31 08:51:24,518.165748174077
2022-03-31 08:51:29,535.84
2022-03-31 08:51:34,535.91
2022-03-31 08:51:39,518.1595971484916
2022-03-31 08:51:44,536.0
2022-03-31 08:51:49,536.07
2022-03-31 08:51:54,536.07
2022-03-31 08:51:59,536.14
2022-03-31 08:52:04,536.14
2022-03-31 08:52:09,536.17
2022-03-31 08:52:14,536.23
2022-03-31 08:52:19,536.3
2022-03-31 08:52:24,518.1434963407748
2022-03-31 08:52:29,536.37
2022-03-31 08:52:34,536.36
2022-03-31 08:52:39,536.43
2022-03-31 08:52:44,536.43
2022-03-31 08:52:49,536.46
2022-03-31 08:52:54,518.1348245165906
2022-03-31 08:52:59,536.53
2022-03-31 08:53:04,536.66
2022-03-31 08:53:09,536.66
2022-03-31 08:53:14,536.69
2022-03-31 08:53:19,518.128917754742
2022-03-31 08:53:24,536.76
2022-03-31 08:53:29,536.82
2022-03-31 08:53:34,536.82
2022-03-31 08:53:39,536.89
2022-03-31 08:53:44,536.95
2022-03-31 08:53:49,536.95
2022-03-31 08:53:54,536.99
2022-03-31 08:53:59,518.1219836738148
2022-03-31 08:54:04,537.05
2022-03-31 08:54:09,537.12
2022-03-31 08:54:14,537.12
2022-03-31 08:54:19,518.1196800181494
2022-03-31 08:54:24,537.18
2022-03-31 08:54:29,537.18
2022-03-31 08:54:34,537.21
2022-03-31 08:54:39,537.18
2022-03-31 08:54:44,537.21
2022-03-31 08:54:49,537.21
2022-03-31 08:54:54,537.22
2022-03-31 08:54:59,537.28
2022-03-31 08:55:04,518.1173380035468
2022-03-31 08:55:09,537.28
2022-03-31 08:55:14,537.28
2022-03-31 08:55:19,537.28
2022-03-31 08:55:24,537.28
2022-03-31 08:55:29,537.28
2022-03-31 08:55:34,537.28
2022-03-31 08:55:39,537.28
2022-03-31 08:55:44,537.28
2022-03-31 08:55:49,537.28
2022-03-31 08:55:54,518.1193594083811
2022-03-31 08:55:59,537.21
2022-03-31 08:56:04,537.28
2022-03-31 08:56:09,537.28
2022-03-31 08:56:14,537.21
2022-03-31 08:56:19,537.18
2022-03-31 08:56:24,537.18
2022-03-31 08:56:29,537.18
2022-03-31 08:56:34,537.12
2022-03-31 08:56:39,537.05
2022-03-31 08:56:44,537.05
2022-03-31 08:56:49,537.05
2022-03-31 08:56:54,537.05
2022-03-31 08:56:59,518.1292846520909
2022-03-31 08:57:04,537.05
2022-03-31 08:57:09,537.05
2022-03-31 08:57:14,536.98
2022-03-31 08:57:19,536.98
2022-03-31 08:57:24,536.98
2022-03-31 08:57:29,536.98
2022-03-31 08:57:34,536.95
2022-03-31 08:57:39,536.95
2022-03-31 08:57:44,536.95
2022-03-31 08:57:49,536.95
2022-03-31 08:57:54,536.95
2022-03-31 08:57:59,536.95
2022-03-31 08:58:04,536.95
2022-03-31 08:58:09,536.98
2022-03-31 08:58:14,536.95
2022-03-31 08:58:19,536.98
2022-03-31 08:58:24,536.98
2022-03-31 08:58:29,536.95
2022-03-31 08:58:34,536.95
2022-03-31 08:58:39,536.98
2022-03-31 08:58:44,536.98
2022-03-31 08:58:49,536.98
2022-03-31 08:58:54,536.98
2022-03-31 08:58:59,537.05
2022-03-31 08:59:04,536.98
2022-03-31 08:59:09,518.1739933203144
2022-03-31 08:59:14,537.05
2022-03-31 08:59:19,537.05
2022-03-31 08:59:24,537.05
2022-03-31 08:59:29,537.05
2022-03-31 08:59:34,518.1864061177722
2022-03-31 08:59:39,537.05
2022-03-31 08:59:44,537.05
2022-03-31 08:59:49,537.12
2022-03-31 08:59:54,537.18
2022-03-31 08:59:59,537.18
2022-03-31 09:00:04,537.12
2022-03-31 09:00:09,537.18
2022-03-31 09:00:14,537.12
2022-03-31 09:00:19,537.21
2022-03-31 09:00:24,537.22
2022-03-31 09:00:29,518.2180625438945
2022-03-31 09:00:34,537.28
2022-03-31 09:00:39,518.2244616560944
2022-03-31 09:00:44,537.28
2022-03-31 09:00:49,537.35
2022-03-31 09:00:54,537.41
2022-03-31 09:00:59,537.48
2022-03-31 09:01:04,537.51
2022-03-31 09:01:09,537.51
2022-03-31 09:01:14,537.58
2022-03-31 09:01:19,537.64
2022-03-31 09:01:24,537.71
2022-03-31 09:01:29,537.71
2022-03-31 09:01:34,537.71
2022-03-31 09:01:39,537.74
2022-03-31 09:01:44,537.81
2022-03-31 09:01:49,537.81
2022-03-31 09:01:54,537.87
2022-03-31 09:01:59,537.87
2022-03-31 09:02:04,537.94
2022-03-31 09:02:09,537.94
2022-03-31 09:02:14,537.94
2022-03-31 09:02:19,538.01
2022-03-31 09:02:24,538.04
2022-03-31 09:02:29,538.04
2022-03-31 09:02:34,538.04
2022-03-31 09:02:39,538.1
2022-03-31 09:02:44,538.17
2022-03-31 09:02:49,518.3257283643948
2022-03-31 09:02:54,538.24
2022-03-31 09:02:59,538.24
2022-03-31 09:03:04,538.27
2022-03-31 09:03:09,538.27
2022-03-31 09:03:14,538.27
2022-03-31 09:03:19,538.33
2022-03-31 09:03:24,538.33
2022-03-31 09:03:29,538.4
2022-03-31 09:03:34,538.4
2022-03-31 09:03:39,538.4
2022-03-31 09:03:44,538.46
2022-03-31 09:03:49,538.46
2022-03-31 09:03:54,538.46
2022-03-31 09:03:59,538.53
2022-03-31 09:04:04,538.53
2022-03-31 09:04:09,538.53
2022-03-31 09:04:14,538.53
2022-03-31 09:04:19,538.53
2022-03-31 09:04:24,538.56
2022-03-31 09:04:29,518.4265701089641
2022-03-31 09:04:34,518.4321381176599
2022-03-31 09:04:39,538.62
2022-03-31 09:04:44,538.62
2022-03-31 09:04:49,518.449143310323
2022-03-31 09:04:54,538.69
2022-03-31 09:04:59,538.69
2022-03-31 09:05:04,538.69
2022-03-31 09:05:09,538.78
2022-03-31 09:05:14,538.78
2022-03-31 09:05:19,538.85
2022-03-31 09:05:24,518.4905806094042
2022-03-31 09:05:29,538.85
2022-03-31 09:05:34,538.91
2022-03-31 09:05:39,538.91
2022-03-31 09:05:44,538.98
2022-03-31 09:05:49,539.04
2022-03-31 09:05:54,539.04
2022-03-31 09:05:59,539.04
2022-03-31 09:06:04,518.540956922016
2022-03-31 09:06:09,539.07
2022-03-31 09:06:14,539.14
2022-03-31 09:06:19,539.2
2022-03-31 09:06:24,539.27
2022-03-31 09:06:29,539.26
2022-03-31 09:06:34,539.3
2022-03-31 09:06:39,539.3
2022-03-31 09:06:44,539.36
2022-03-31 09:06:49,518.6014881682064
2022-03-31 09:06:54,539.42
2022-03-31 09:06:59,539.49
2022-03-31 09:07:04,539.55
2022-03-31 09:07:09,518.6297058121995
2022-03-31 09:07:14,518.636888780376
2022-03-31 09:07:19,539.65
2022-03-31 09:07:24,539.65
2022-03-31 09:07:29,518.6587556320416
2022-03-31 09:07:34,539.71
2022-03-31 09:07:39,539.78
2022-03-31 09:07:44,539.78
2022-03-31 09:07:49,539.81
2022-03-31 09:07:54,539.81
2022-03-31 09:07:59,539.87
2022-03-31 09:08:04,539.94
2022-03-31 09:08:09,540.0
2022-03-31 09:08:14,518.727359300273
2022-03-31 09:08:19,540.07
2022-03-31 09:08:24,540.07
2022-03-31 09:08:29,540.1
2022-03-31 09:08:34,540.17
2022-03-31 09:08:39,540.23
2022-03-31 09:08:44,540.17
2022-03-31 09:08:49,540.23
2022-03-31 09:08:54,540.3
2022-03-31 09:08:59,540.33
2022-03-31 09:09:04,540.33
2022-03-31 09:09:09,540.39
2022-03-31 09:09:14,540.4
2022-03-31 09:09:19,540.46
2022-03-31 09:09:24,540.46
2022-03-31 09:09:29,518.85268935639
2022-03-31 09:09:34,540.59
2022-03-31 09:09:39,540.59
2022-03-31 09:09:44,540.63
2022-03-31 09:09:49,540.63
2022-03-31 09:09:54,540.69
2022-03-31 09:09:59,540.69
2022-03-31 09:10:04,540.76
2022-03-31 09:10:09,540.76
2022-03-31 09:10:14,540.82
2022-03-31 09:10:19,540.82
2022-03-31 09:10:24,540.85
2022-03-31 09:10:29,540.85
2022-03-31 09:10:34,540.92
2022-03-31 09:10:39,540.86
2022-03-31 09:10:44,540.86
2022-03-31 09:10:49,540.86
2022-03-31 09:10:54,540.92
2022-03-31 09:10:59,540.99
2022-03-31 09:11:04,519.0339641226496
2022-03-31 09:11:09,540.92
2022-03-31 09:11:14,540.92
2022-03-31 09:11:19,540.86
2022-03-31 09:11:24,540.86
2022-03-31 09:11:29,540.83
2022-03-31 09:11:34,519.0970437497048
2022-03-31 09:11:39,540.77
2022-03-31 09:11:44,540.7
2022-03-31 09:11:49,540.64
2022-03-31 09:11:54,540.6
2022-03-31 09:11:59,540.48
2022-03-31 09:12:04,540.41
2022-03-31 09:12:09,540.31
2022-03-31 09:12:14,540.19
2022-03-31 09:12:19,540.19
2022-03-31 09:12:24,540.03
2022-03-31 09:12:29,519.2206428889473
2022-03-31 09:12:34,539.8
2022-03-31 09:12:39,539.61
2022-03-31 09:12:44,539.51
2022-03-31 09:12:49,539.38
2022-03-31 09:12:54,539.22
2022-03-31 09:12:59,539.09
2022-03-31 09:13:04,538.93
2022-03-31 09:13:09,538.77
2022-03-31 09:13:14,538.64
2022-03-31 09:13:19,538.54
2022-03-31 09:13:24,538.29
2022-03-31 09:13:29,538.19
2022-03-31 09:13:34,538.03
2022-03-31 09:13:39,537.84
2022-03-31 09:13:44,537.74
2022-03-31 09:13:49,537.45
2022-03-31 09:13:54,537.39
2022-03-31 09:13:59,537.16
2022-03-31 09:14:04,537.0
2022-03-31 09:14:09,536.74
2022-03-31 09:14:14,536.64
2022-03-31 09:14:19,536.52
2022-03-31 09:14:24,536.35
2022-03-31 09:14:29,536.19
2022-03-31 09:14:34,536.0
2022-03-31 09:14:39,519.5578720389943
2022-03-31 09:14:44,535.68
2022-03-31 09:14:49,535.48
2022-03-31 09:14:54,535.26
2022-03-31 09:14:59,535.1
2022-03-31 09:15:04,534.97
2022-03-31 09:15:09,534.87
2022-03-31 09:15:14,534.65
2022-03-31 09:15:19,534.45
2022-03-31 09:15:24,534.36
2022-03-31 09:15:29,534.16
2022-03-31 09:15:34,534.0
2022-03-31 09:15:39,519.7371407830763
2022-03-31 09:15:44,519.7528044805289
2022-03-31 09:15:49,519.7685824840704
2022-03-31 09:15:54,533.48
2022-03-31 09:15:59,533.32
2022-03-31 09:16:04,533.19
2022-03-31 09:16:09,533.09
2022-03-31 09:16:14,532.9
2022-03-31 09:16:19,532.8
2022-03-31 09:16:24,532.67
2022-03-31 09:16:29,532.58
2022-03-31 09:16:34,532.38
2022-03-31 09:16:39,532.35
2022-03-31 09:16:44,532.22
2022-03-31 09:16:49,532.09
2022-03-31 09:16:54,532.0
2022-03-31 09:16:59,531.87
2022-03-31 09:17:04,531.77
2022-03-31 09:17:09,531.64
2022-03-31 09:17:14,531.55
2022-03-31 09:17:19,531.48
2022-03-31 09:17:24,531.36
2022-03-31 09:17:29,531.19
2022-03-31 09:17:34,531.19
2022-03-31 09:17:39,531.07
2022-03-31 09:17:44,531.04
2022-03-31 09:17:49,530.91
2022-03-31 09:17:54,530.81
2022-03-31 09:17:59,530.75
2022-03-31 09:18:04,530.62
2022-03-31 09:18:09,530.55
2022-03-31 09:18:14,520.2785875755714
2022-03-31 09:18:19,520.298076124554
2022-03-31 09:18:24,530.33
2022-03-31 09:18:29,530.23
2022-03-31 09:18:34,530.23
2022-03-31 09:18:39,530.1
2022-03-31 09:18:44,530.01
2022-03-31 09:18:49,529.95
2022-03-31 09:18:54,529.88
2022-03-31 09:18:59,529.79
2022-03-31 09:19:04,529.72
2022-03-31 09:19:09,529.66
2022-03-31 09:19:14,520.5213654793198
2022-03-31 09:19:19,529.5
2022-03-31 09:19:24,529.44
2022-03-31 09:19:29,529.31
2022-03-31 09:19:34,529.31
2022-03-31 09:19:39,529.21
2022-03-31 09:19:44,529.15
2022-03-31 09:19:49,529.08
2022-03-31 09:19:54,528.98
2022-03-31 09:19:59,528.92
2022-03-31 09:20:04,528.86
2022-03-31 09:20:09,528.79
2022-03-31 09:20:14,528.76
2022-03-31 09:20:19,520.8071120691965
2022-03-31 09:20:24,528.57
2022-03-31 09:20:29,528.5
2022-03-31 09:20:34,528.5
2022-03-31 09:20:39,528.4
2022-03-31 09:20:44,528.34
2022-03-31 09:20:49,528.28
2022-03-31 09:20:54,528.18
2022-03-31 09:20:59,528.05
2022-03-31 09:21:04,528.05
2022-03-31 09:21:09,527.96
2022-03-31 09:21:14,527.89
2022-03-31 09:21:19,521.0929706316962
2022-03-31 09:21:24,527.76
2022-03-31 09:21:29,527.73
2022-03-31 09:21:34,527.67
2022-03-31 09:21:39,527.6
2022-03-31 09:21:44,527.54
2022-03-31 09:21:49,527.47
2022-03-31 09:21:54,527.44
2022-03-31 09:21:59,527.44
2022-03-31 09:22:04,527.37
2022-03-31 09:22:09,521.3472002338905
2022-03-31 09:22:14,527.31
2022-03-31 09:22:19,527.31
2022-03-31 09:22:24,527.21
2022-03-31 09:22:29,527.22
2022-03-31 09:22:34,527.22
2022-03-31 09:22:39,527.08
2022-03-31 09:22:44,527.09
2022-03-31 09:22:49,521.5598074982132
2022-03-31 09:22:54,527.02
2022-03-31 09:22:59,526.95
2022-03-31 09:23:04,526.95
2022-03-31 09:23:09,526.92
2022-03-31 09:23:14,526.92
2022-03-31 09:23:19,526.92
2022-03-31 09:23:24,526.92
2022-03-31 09:23:29,526.92
2022-03-31 09:23:34,526.92
2022-03-31 09:23:39,526.92
2022-03-31 09:23:44,521.863546776537
2022-03-31 09:23:49,526.92
2022-03-31 09:23:54,526.86
2022-03-31 09:23:59,526.92
2022-03-31 09:24:04,526.92
2022-03-31 09:24:09,526.92
2022-03-31 09:24:14,526.95
2022-03-31 09:24:19,526.92
2022-03-31 09:24:24,526.92
2022-03-31 09:24:29,526.91
2022-03-31 09:24:34,526.94
2022-03-31 09:24:39,526.95
2022-03-31 09:24:44,527.01
2022-03-31 09:24:49,527.01
2022-03-31 09:24:54,522.2654438187242
2022-03-31 09:24:59,527.07
2022-03-31 09:25:04,527.07
2022-03-31 09:25:09,527.07
2022-03-31 09:25:14,527.14
2022-03-31 09:25:19,527.14
2022-03-31 09:25:24,527.14
2022-03-31 09:25:29,527.2
2022-03-31 09:25:34,522.500902979332
2022-03-31 09:25:39,527.23
2022-03-31 09:25:44,527.3
2022-03-31 09:25:49,527.36
2022-03-31 09:25:54,527.42
2022-03-31 09:25:59,527.43
2022-03-31 09:26:04,527.46
2022-03-31 09:26:09,527.46
2022-03-31 09:26:14,527.52
2022-03-31 09:26:19,527.58
2022-03-31 09:26:24,527.72
2022-03-31 09:26:29,527.72
2022-03-31 09:26:34,527.81
2022-03-31 09:26:39,527.81
2022-03-31 09:26:44,527.88
2022-03-31 09:26:49,527.97
2022-03-31 09:26:54,528.04
2022-03-31 09:26:59,528.1
2022-03-31 09:27:04,528.23
2022-03-31 09:27:09,523.0701545179386
2022-03-31 09:27:14,528.39
2022-03-31 09:27:19,528.46
2022-03-31 09:27:24,528.56
2022-03-31 09:27:29,528.62
2022-03-31 09:27:34,528.75
2022-03-31 09:27:39,528.78
2022-03-31 09:27:44,528.78
2022-03-31 09:27:49,528.98
2022-03-31 09:27:54,529.01
2022-03-31 09:27:59,529.14
2022-03-31 09:28:04,523.4020749555674
2022-03-31 09:28:09,523.432213440824
2022-03-31 09:28:14,529.3
2022-03-31 09:28:19,523.4924448826977
2022-03-31 09:28:24,529.53
2022-03-31 09:28:29,529.59
2022-03-31 09:28:34,529.66
2022-03-31 09:28:39,529.79
2022-03-31 09:28:44,529.82
2022-03-31 09:28:49,529.94
2022-03-31 09:28:54,530.01
2022-03-31 09:28:59,530.04
2022-03-31 09:29:04,530.11
2022-03-31 09:29:09,530.17
2022-03-31 09:29:14,530.24
2022-03-31 09:29:19,530.3
2022-03-31 09:29:24,530.33
2022-03-31 09:29:29,523.9111195411624
2022-03-31 09:29:34,530.4
2022-03-31 09:29:39,523.9703210052572
2022-03-31 09:29:44,530.46
2022-03-31 09:29:49,530.46
2022-03-31 09:29:54,530.56
2022-03-31 09:29:59,530.53
2022-03-31 09:30:04,530.56
2022-03-31 09:30:09,530.53
2022-03-31 09:30:14,530.56
2022-03-31 09:30:19,530.62
2022-03-31 09:30:24,530.62
2022-03-31 09:30:29,530.62
2022-03-31 09:30:34,530.62
2022-03-31 09:30:39,530.68
2022-03-31 09:30:44,530.75
2022-03-31 09:30:49,524.3782685522042
2022-03-31 09:30:54,524.4068914751685
2022-03-31 09:30:59,530.75
2022-03-31 09:31:04,530.82
2022-03-31 09:31:09,530.82
2022-03-31 09:31:14,524.5205706088111
2022-03-31 09:31:19,530.85
2022-03-31 09:31:24,530.81
2022-03-31 09:31:29,530.85
2022-03-31 09:31:34,530.85
2022-03-31 09:31:39,524.66069406283
2022-03-31 09:31:44,530.91
2022-03-31 09:31:49,530.91
2022-03-31 09:31:54,530.9
2022-03-31 09:31:59,530.91
2022-03-31 09:32:04,530.9
2022-03-31 09:32:09,530.84
2022-03-31 09:32:14,530.91
2022-03-31 09:32:19,530.9
2022-03-31 09:32:24,530.97
2022-03-31 09:32:29,530.9
2022-03-31 09:32:34,530.9
2022-03-31 09:32:39,530.9
2022-03-31 09:32:44,530.97
2022-03-31 09:32:49,530.97
2022-03-31 09:32:54,531.03
2022-03-31 09:32:59,530.97
2022-03-31 09:33:04,531.03
2022-03-31 09:33:09,531.03
2022-03-31 09:33:14,531.03
2022-03-31 09:33:19,531.03
2022-03-31 09:33:24,531.06
2022-03-31 09:33:29,531.03
2022-03-31 09:33:34,531.12
2022-03-31 09:33:39,531.12
2022-03-31 09:33:44,531.19
2022-03-31 09:33:49,531.19
2022-03-31 09:33:54,525.3692568731141
2022-03-31 09:33:59,531.19
2022-03-31 09:34:04,531.25
2022-03-31 09:34:09,531.31
2022-03-31 09:34:14,531.31
2022-03-31 09:34:19,531.35
2022-03-31 09:34:24,531.35
2022-03-31 09:34:29,525.5366711250481
2022-03-31 09:34:34,531.41
2022-03-31 09:34:39,531.41
2022-03-31 09:34:44,531.41
2022-03-31 09:34:49,531.41
2022-03-31 09:34:54,531.47
2022-03-31 09:34:59,525.6738105921934
2022-03-31 09:35:04,531.54
2022-03-31 09:35:09,531.54
2022-03-31 09:35:14,531.57
2022-03-31 09:35:19,531.54
2022-03-31 09:35:24,531.57
2022-03-31 09:35:29,531.63
2022-03-31 09:35:34,531.57
2022-03-31 09:35:39,531.64
2022-03-31 09:35:44,531.64
2022-03-31 09:35:49,531.7
2022-03-31 09:35:54,531.64
2022-03-31 09:35:59,531.7
2022-03-31 09:36:04,531.7
2022-03-31 09:36:09,531.7
2022-03-31 09:36:14,531.76
2022-03-31 09:36:19,531.83
2022-03-31 09:36:24,531.83
2022-03-31 09:36:29,531.83
2022-03-31 09:36:34,531.83
2022-03-31 09:36:39,531.87
2022-03-31 09:36:44,531.87
2022-03-31 09:36:49,531.93
2022-03-31 09:36:54,532.0
2022-03-31 09:36:59,531.93
2022-03-31 09:37:04,532.06
2022-03-31 09:37:09,532.06
2022-03-31 09:37:14,532.1
2022-03-31 09:37:19,532.16
2022-03-31 09:37:24,532.22
2022-03-31 09:37:29,532.16
2022-03-31 09:37:34,532.22
2022-03-31 09:37:39,532.29
2022-03-31 09:37:44,532.29
2022-03-31 09:37:49,532.35
2022-03-31 09:37:54,532.35
2022-03-31 09:37:59,532.39
2022-03-31 09:38:04,526.3797438299275
2022-03-31 09:38:09,532.39
2022-03-31 09:38:14,532.35
2022-03-31 09:38:19,532.39
2022-03-31 09:38:24,532.39
2022-03-31 09:38:29,532.45
2022-03-31 09:38:34,532.39
2022-03-31 09:38:39,532.45
2022-03-31 09:38:44,532.39
2022-03-31 09:38:49,532.39
2022-03-31 09:38:54,532.45
2022-03-31 09:38:59,532.45
2022-03-31 09:39:04,532.45
2022-03-31 09:39:09,532.45
2022-03-31 09:39:14,532.45
2022-03-31 09:39:19,526.5986278078792
2022-03-31 09:39:24,532.52
2022-03-31 09:39:29,532.52
2022-03-31 09:39:34,532.51
2022-03-31 09:39:39,532.51
2022-03-31 09:39:44,532.51
2022-03-31 09:39:49,532.51
2022-03-31 09:39:54,532.51
2022-03-31 09:39:59,532.51
2022-03-31 09:40:04,532.51
2022-03-31 09:40:09,532.58
2022-03-31 09:40:14,532.51
2022-03-31 09:40:19,532.58
2022-03-31 09:40:24,532.51
2022-03-31 09:40:29,532.51
2022-03-31 09:40:34,532.51
2022-03-31 09:40:39,532.58
2022-03-31 09:40:44,532.58
2022-03-31 09:40:49,532.58
2022-03-31 09:40:54,532.58
2022-03-31 09:40:59,532.58
2022-03-31 09:41:04,532.57
2022-03-31 09:41:09,532.61
2022-03-31 09:41:14,532.57
2022-03-31 09:41:19,532.57
2022-03-31 09:41:24,532.6
2022-03-31 09:41:29,526.889212333254
2022-03-31 09:41:34,532.6
2022-03-31 09:41:39,532.57
2022-03-31 09:41:44,532.6
2022-03-31 09:41:49,532.57
2022-03-31 09:41:54,532.6
2022-03-31 09:41:59,532.6
2022-03-31 09:42:04,532.6
2022-03-31 09:42:09,532.67
2022-03-31 09:42:14,532.67
2022-03-31 09:42:19,532.67
2022-03-31 09:42:24,532.67
2022-03-31 09:42:29,532.73
2022-03-31 09:42:34,532.73
2022-03-31 09:42:39,532.73
2022-03-31 09:42:44,532.73
2022-03-31 09:42:49,527.013506098811
2022-03-31 09:42:54,527.0199229173827
2022-03-31 09:42:59,532.79
2022-03-31 09:43:04,532.72
2022-03-31 09:43:09,532.79
2022-03-31 09:43:14,532.72
2022-03-31 09:43:19,532.72
2022-03-31 09:43:24,532.79
2022-03-31 09:43:29,527.0604397576533
2022-03-31 09:43:34,532.79
2022-03-31 09:43:39,532.79
2022-03-31 09:43:44,532.79
2022-03-31 09:43:49,532.79
2022-03-31 09:43:54,532.79
2022-03-31 09:43:59,532.79
2022-03-31 09:44:04,532.79
2022-03-31 09:44:09,532.79
2022-03-31 09:44:14,532.79
2022-03-31 09:44:19,532.79
2022-03-31 09:44:24,532.79
2022-03-31 09:44:29,532.79
2022-03-31 09:44:34,527.1154608103512
2022-03-31 09:44:39,527.1186153975358
2022-03-31 09:44:44,532.79
2022-03-31 09:44:49,532.79
2022-03-31 09:44:54,532.79
2022-03-31 09:44:59,532.79
2022-03-31 09:45:04,532.79
2022-03-31 09:45:09,532.79
2022-03-31 09:45:14,532.79
2022-03-31 09:45:19,532.72
2022-03-31 09:45:24,532.73
2022-03-31 09:45:29,532.66
2022-03-31 09:45:34,527.1432795601368
2022-03-31 09:45:39,532.66
2022-03-31 09:45:44,532.67
2022-03-31 09:45:49,532.73
2022-03-31 09:45:54,527.1477229992447
2022-03-31 09:45:59,532.73
2022-03-31 09:46:04,527.1490474280366
2022-03-31 09:46:09,532.67
2022-03-31 09:46:14,532.67
2022-03-31 09:46:19,532.67
2022-03-31 09:46:24,532.67
2022-03-31 09:46:29,532.67
2022-03-31 09:46:34,532.73
2022-03-31 09:46:39,532.67
2022-03-31 09:46:44,532.67
2022-03-31 09:46:49,532.67
2022-03-31 09:46:54,532.67
2022-03-31 09:46:59,532.6
2022-03-31 09:47:04,532.67
2022-03-31 09:47:09,532.67
2022-03-31 09:47:14,532.6
2022-03-31 09:47:19,532.57
2022-03-31 09:47:24,532.61
2022-03-31 09:47:29,532.58
2022-03-31 09:47:34,532.61
2022-03-31 09:47:39,532.58
2022-03-31 09:47:44,532.58
2022-03-31 09:47:49,532.58
2022-03-31 09:47:54,532.51
2022-03-31 09:47:59,532.44
2022-03-31 09:48:04,532.44
2022-03-31 09:48:09,532.38
2022-03-31 09:48:14,532.38
2022-03-31 09:48:19,527.1093642579114
2022-03-31 09:48:24,532.35
2022-03-31 09:48:29,532.35
2022-03-31 09:48:34,532.35
2022-03-31 09:48:39,532.28
2022-03-31 09:48:44,532.28
2022-03-31 09:48:49,532.22
2022-03-31 09:48:54,532.22
2022-03-31 09:48:59,532.22
2022-03-31 09:49:04,532.15
2022-03-31 09:49:09,532.09
2022-03-31 09:49:14,532.09
2022-03-31 09:49:19,532.05
2022-03-31 09:49:24,531.99
2022-03-31 09:49:29,531.99
2022-03-31 09:49:34,531.93
2022-03-31 09:49:39,527.0364767437214
2022-03-31 09:49:44,527.0307463408134
2022-03-31 09:49:49,531.83
2022-03-31 09:49:54,531.83
2022-03-31 09:49:59,531.83
2022-03-31 09:50:04,531.76
2022-03-31 09:50:09,531.7
2022-03-31 09:50:14,531.7
2022-03-31 09:50:19,531.63
2022-03-31 09:50:24,526.9802811332445
2022-03-31 09:50:29,531.7
2022-03-31 09:50:34,531.57
2022-03-31 09:50:39,531.57
2022-03-31 09:50:44,531.63
2022-03-31 09:50:49,531.57
2022-03-31 09:50:54,531.57
2022-03-31 09:50:59,531.57
2022-03-31 09:51:04,526.9221067627357
2022-03-31 09:51:09,531.63
2022-03-31 09:51:14,531.57
2022-03-31 09:51:19,526.8984501450565
2022-03-31 09:51:24,531.57
2022-03-31 09:51:29,531.57
2022-03-31 09:51:34,531.57
2022-03-31 09:51:39,526.8654437266528
2022-03-31 09:51:44,531.63
2022-03-31 09:51:49,531.56
2022-03-31 09:51:54,531.63
2022-03-31 09:51:59,531.63
2022-03-31 09:52:04,531.69
2022-03-31 09:52:09,531.62
2022-03-31 09:52:14,526.803907291178
2022-03-31 09:52:19,531.75
2022-03-31 09:52:24,531.76
2022-03-31 09:52:29,531.76
2022-03-31 09:52:34,531.82
2022-03-31 09:52:39,531.85
2022-03-31 09:52:44,531.85
2022-03-31 09:52:49,531.91
2022-03-31 09:52:54,531.91
2022-03-31 09:52:59,531.98
2022-03-31 09:53:04,532.05
2022-03-31 09:53:09,526.6985158421023
2022-03-31 09:53:14,532.08
2022-03-31 09:53:19,532.14
2022-03-31 09:53:24,526.668134888557
2022-03-31 09:53:29,532.14
2022-03-31 09:53:34,532.27
2022-03-31 09:53:39,532.27
2022-03-31 09:53:44,532.28
2022-03-31 09:53:49,532.37
2022-03-31 09:53:54,532.37
2022-03-31 09:53:59,532.37
2022-03-31 09:54:04,532.44
2022-03-31 09:54:09,532.57
2022-03-31 09:54:14,532.57
2022-03-31 09:54:19,532.6
2022-03-31 09:54:24,532.6
2022-03-31 09:54:29,532.67
2022-03-31 09:54:34,532.73
2022-03-31 09:54:39,532.73
2022-03-31 09:54:44,532.86
2022-03-31 09:54:49,532.86
2022-03-31 09:54:54,526.4739308914967
2022-03-31 09:54:59,526.4626402403311
2022-03-31 09:55:04,532.96
2022-03-31 09:55:09,533.09
2022-03-31 09:55:14,533.12
2022-03-31 09:55:19,533.19
2022-03-31 09:55:24,533.25
2022-03-31 09:55:29,526.3940326484609
2022-03-31 09:55:34,533.32
2022-03-31 09:55:39,533.48
2022-03-31 09:55:44,533.54
2022-03-31 09:55:49,533.61
2022-03-31 09:55:54,533.61
2022-03-31 09:55:59,533.64
2022-03-31 09:56:04,533.77
2022-03-31 09:56:09,526.3006446723837
2022-03-31 09:56:14,533.9
2022-03-31 09:56:19,533.93
2022-03-31 09:56:24,534.0
2022-03-31 09:56:29,534.12
2022-03-31 09:56:34,534.12
2022-03-31 09:56:39,534.16
2022-03-31 09:56:44,534.22
2022-03-31 09:56:49,534.29
2022-03-31 09:56:54,534.35
2022-03-31 09:56:59,534.42
2022-03-31 09:57:04,534.45
2022-03-31 09:57:09,534.58
2022-03-31 09:57:14,534.58
2022-03-31 09:57:19,534.64
2022-03-31 09:57:24,534.74
2022-03-31 09:57:29,534.8
2022-03-31 09:57:34,534.87
2022-03-31 09:57:39,534.93
2022-03-31 09:57:44,534.96
2022-03-31 09:57:49,535.03
2022-03-31 09:57:54,535.16
2022-03-31 09:57:59,535.16
2022-03-31 09:58:04,535.19
2022-03-31 09:58:09,535.32
2022-03-31 09:58:14,535.38
2022-03-31 09:58:19,535.44
2022-03-31 09:58:24,535.54
2022-03-31 09:58:29,535.6
2022-03-31 09:58:34,535.67
2022-03-31 09:58:39,535.77
2022-03-31 09:58:44,535.77
2022-03-31 09:58:49,535.83
2022-03-31 09:58:54,525.9071683193039
2022-03-31 09:58:59,535.96
2022-03-31 09:59:04,536.06
2022-03-31 09:59:09,536.12
2022-03-31 09:59:14,536.12
2022-03-31 09:59:19,536.18
2022-03-31 09:59:24,536.28
2022-03-31 09:59:29,536.28
2022-03-31 09:59:34,536.35
2022-03-31 09:59:39,536.41
2022-03-31 09:59:44,536.41
2022-03-31 09:59:49,536.51
2022-03-31 09:59:54,536.57
2022-03-31 09:59:59,536.63
2022-03-31 10:00:04,525.7446700458519
2022-03-31 10:00:09,536.73
2022-03-31 10:00:14,536.73
2022-03-31 10:00:19,536.86
2022-03-31 10:00:24,536.86
2022-03-31 10:00:29,536.86
2022-03-31 10:00:34,536.92
2022-03-31 10:00:39,536.99
2022-03-31 10:00:44,537.02
2022-03-31 10:00:49,525.6443054567139
2022-03-31 10:00:54,537.08
2022-03-31 10:00:59,537.08
2022-03-31 10:01:04,525.6117817761678
2022-03-31 10:01:09,537.21
2022-03-31 10:01:14,537.15
2022-03-31 10:01:19,537.21
2022-03-31 10:01:24,537.24
2022-03-31 10:01:29,537.24
2022-03-31 10:01:34,537.24
2022-03-31 10:01:39,537.24
2022-03-31 10:01:44,537.25
2022-03-31 10:01:49,525.5175334452495
2022-03-31 10:01:54,537.37
2022-03-31 10:01:59,537.37
2022-03-31 10:02:04,537.38
2022-03-31 10:02:09,537.38
2022-03-31 10:02:14,537.44
2022-03-31 10:02:19,537.44
2022-03-31 10:02:24,537.44
2022-03-31 10:02:29,537.44
2022-03-31 10:02:34,537.44
2022-03-31 10:02:39,537.44
2022-03-31 10:02:44,537.44
2022-03-31 10:02:49,537.44
2022-03-31 10:02:54,537.44
2022-03-31 10:02:59,537.44
2022-03-31 10:03:04,537.38
2022-03-31 10:03:09,537.45
2022-03-31 10:03:14,537.51
2022-03-31 10:03:19,537.45
2022-03-31 10:03:24,537.45
2022-03-31 10:03:29,537.51
2022-03-31 10:03:34,537.45
2022-03-31 10:03:39,537.45
2022-03-31 10:03:44,537.39
2022-03-31 10:03:49,537.45
2022-03-31 10:03:54,537.39
2022-03-31 10:03:59,537.45
2022-03-31 10:04:04,537.39
2022-03-31 10:04:09,537.39
2022-03-31 10:04:14,537.39
2022-03-31 10:04:19,537.32
2022-03-31 10:04:24,537.39
2022-03-31 10:04:29,537.33
2022-03-31 10:04:34,537.33
2022-03-31 10:04:39,537.33
2022-03-31 10:04:44,537.27
2022-03-31 10:04:49,537.27
2022-03-31 10:04:54,537.24
2022-03-31 10:04:59,537.27
2022-03-31 10:05:04,537.24
2022-03-31 10:05:09,537.24
2022-03-31 10:05:14,537.24
2022-03-31 10:05:19,537.17
2022-03-31 10:05:24,537.17
2022-03-31 10:05:29,537.17
2022-03-31 10:05:34,537.18
2022-03-31 10:05:39,537.18
2022-03-31 10:05:44,537.11
2022-03-31 10:05:49,537.11
2022-03-31 10:05:54,537.11
2022-03-31 10:05:59,537.05
2022-03-31 10:06:04,525.1059820482939
2022-03-31 10:06:09,537.05
2022-03-31 10:06:14,537.05
2022-03-31 10:06:19,536.95
2022-03-31 10:06:24,537.02
2022-03-31 10:06:29,537.02
2022-03-31 10:06:34,537.02
2022-03-31 10:06:39,537.02
2022-03-31 10:06:44,536.95
2022-03-31 10:06:49,536.95
2022-03-31 10:06:54,536.95
2022-03-31 10:06:59,537.02
2022-03-31 10:07:04,525.0347368062396
2022-03-31 10:07:09,536.89
2022-03-31 10:07:14,536.95
2022-03-31 10:07:19,536.95
2022-03-31 10:07:24,536.95
2022-03-31 10:07:29,536.95
2022-03-31 10:07:34,536.95
2022-03-31 10:07:39,524.9956997033456
2022-03-31 10:07:44,536.89
2022-03-31 10:07:49,536.89
2022-03-31 10:07:54,536.89
2022-03-31 10:07:59,536.89
2022-03-31 10:08:04,536.83
2022-03-31 10:08:09,536.83
2022-03-31 10:08:14,536.83
2022-03-31 10:08:19,536.83
2022-03-31 10:08:24,536.83
2022-03-31 10:08:29,536.83
2022-03-31 10:08:34,536.83
2022-03-31 10:08:39,536.83
2022-03-31 10:08:44,536.83
2022-03-31 10:08:49,536.83
2022-03-31 10:08:54,536.83
2022-03-31 10:08:59,536.76
2022-03-31 10:09:04,536.76
2022-03-31 10:09:09,536.76
2022-03-31 10:09:14,536.73
2022-03-31 10:09:19,536.76
2022-03-31 10:09:24,536.73
2022-03-31 10:09:29,536.73
2022-03-31 10:09:34,524.8740228631764
2022-03-31 10:09:39,536.76
2022-03-31 10:09:44,536.76
2022-03-31 10:09:49,536.73
2022-03-31 10:09:54,536.73
2022-03-31 10:09:59,536.66
2022-03-31 10:10:04,536.73
2022-03-31 10:10:09,536.66
2022-03-31 10:10:14,536.67
2022-03-31 10:10:19,536.67
2022-03-31 10:10:24,536.6
2022-03-31 10:10:29,536.6
2022-03-31 10:10:34,536.6
2022-03-31 10:10:39,536.6
2022-03-31 10:10:44,536.6
2022-03-31 10:10:49,536.54
2022-03-31 10:10:54,536.54
2022-03-31 10:10:59,536.54
2022-03-31 10:11:04,536.54
2022-03-31 10:11:09,536.51
2022-03-31 10:11:14,536.51
2022-03-31 10:11:19,536.51
2022-03-31 10:11:24,536.51
2022-03-31 10:11:29,536.44
2022-03-31 10:11:34,536.51
2022-03-31 10:11:39,536.45
2022-03-31 10:11:44,536.45
2022-03-31 10:11:49,536.38
2022-03-31 10:11:54,536.38
2022-03-31 10:11:59,536.32
2022-03-31 10:12:04,536.32
2022-03-31 10:12:09,524.703105369846
2022-03-31 10:12:14,536.26
2022-03-31 10:12:19,536.26
2022-03-31 10:12:24,536.26
2022-03-31 10:12:29,536.26
2022-03-31 10:12:34,536.23
2022-03-31 10:12:39,536.23
2022-03-31 10:12:44,524.6597727647209
2022-03-31 10:12:49,536.17
2022-03-31 10:12:54,536.17
2022-03-31 10:12:59,536.17
2022-03-31 10:13:04,536.1
2022-03-31 10:13:09,536.1
2022-03-31 10:13:14,536.1
2022-03-31 10:13:19,536.11
2022-03-31 10:13:24,536.11
2022-03-31 10:13:29,536.04
2022-03-31 10:13:34,536.11
2022-03-31 10:13:39,536.11
2022-03-31 10:13:44,536.04
2022-03-31 10:13:49,536.05
2022-03-31 10:13:54,524.5644418029963
2022-03-31 10:13:59,536.05
2022-03-31 10:14:04,536.01
2022-03-31 10:14:09,536.02
2022-03-31 10:14:14,536.05
2022-03-31 10:14:19,536.05
2022-03-31 10:14:24,536.05
2022-03-31 10:14:29,536.05
2022-03-31 10:14:34,536.02
2022-03-31 10:14:39,536.05
2022-03-31 10:14:44,536.05
2022-03-31 10:14:49,536.05
2022-03-31 10:14:54,536.02
2022-03-31 10:14:59,524.4628979055443
2022-03-31 10:15:04,536.02
2022-03-31 10:15:09,536.02
2022-03-31 10:15:14,536.02
2022-03-31 10:15:19,536.02
2022-03-31 10:15:24,536.02
2022-03-31 10:15:29,535.95
2022-03-31 10:15:34,536.02
2022-03-31 10:15:39,524.3928577517987
2022-03-31 10:15:44,536.02
2022-03-31 10:15:49,524.3743455487637
2022-03-31 10:15:54,536.02
2022-03-31 10:15:59,536.02
2022-03-31 10:16:04,536.02
2022-03-31 10:16:09,524.3360431902919
2022-03-31 10:16:14,536.05
2022-03-31 10:16:19,524.3162315048884
2022-03-31 10:16:24,536.02
2022-03-31 10:16:29,536.05
2022-03-31 10:16:34,536.05
2022-03-31 10:16:39,524.2752332968291
2022-03-31 10:16:44,536.05
2022-03-31 10:16:49,536.05
2022-03-31 10:16:54,536.05
2022-03-31 10:16:59,536.05
2022-03-31 10:17:04,524.2212967030165
2022-03-31 10:17:09,536.05
2022-03-31 10:17:14,536.05
2022-03-31 10:17:19,536.05
2022-03-31 10:17:24,524.1758914024347
2022-03-31 10:17:29,524.1642161167764
2022-03-31 10:17:34,536.05
2022-03-31 10:17:39,536.05
2022-03-31 10:17:44,536.05
2022-03-31 10:17:49,536.05
2022-03-31 10:17:54,536.05
2022-03-31 10:17:59,536.05
2022-03-31 10:18:04,536.11
2022-03-31 10:18:09,536.11
2022-03-31 10:18:14,536.05
2022-03-31 10:18:19,536.11
2022-03-31 10:18:24,536.11
2022-03-31 10:18:29,536.11
2022-03-31 10:18:34,536.11
2022-03-31 10:18:39,536.17
2022-03-31 10:18:44,536.11
2022-03-31 10:18:49,536.11
2022-03-31 10:18:54,523.9473909651206
2022-03-31 10:18:59,536.17
2022-03-31 10:19:04,536.17
2022-03-31 10:19:09,536.24
2022-03-31 10:19:14,536.17
2022-03-31 10:19:19,523.8777646576613
2022-03-31 10:19:24,536.24
2022-03-31 10:19:29,536.27
2022-03-31 10:19:34,536.24
2022-03-31 10:19:39,536.24
2022-03-31 10:19:44,536.27
2022-03-31 10:19:49,536.27
2022-03-31 10:19:54,536.27
2022-03-31 10:19:59,536.27
2022-03-31 10:20:04,536.24
2022-03-31 10:20:09,536.27
2022-03-31 10:20:14,523.7169200082488
2022-03-31 10:20:19,536.24
2022-03-31 10:20:24,536.24
2022-03-31 10:20:29,536.24
2022-03-31 10:20:34,536.24
2022-03-31 10:20:39,536.24
2022-03-31 10:20:44,536.24
2022-03-31 10:20:49,536.24
2022-03-31 10:20:54,536.24
2022-03-31 10:20:59,536.18
2022-03-31 10:21:04,523.5631478422756
2022-03-31 10:21:09,536.18
2022-03-31 10:21:14,536.18
2022-03-31 10:21:19,536.18
2022-03-31 10:21:24,536.18
2022-03-31 10:21:29,523.4841361661879
2022-03-31 10:21:34,536.12
2022-03-31 10:21:39,536.12
2022-03-31 10:21:44,536.12
2022-03-31 10:21:49,536.12
2022-03-31 10:21:54,536.19
2022-03-31 10:21:59,536.12
2022-03-31 10:22:04,536.12
2022-03-31 10:22:09,536.06
2022-03-31 10:22:14,536.06
2022-03-31 10:22:19,536.06
2022-03-31 10:22:24,536.02
2022-03-31 10:22:29,536.03
2022-03-31 10:22:34,536.03
2022-03-31 10:22:39,535.96
2022-03-31 10:22:44,535.96
2022-03-31 10:22:49,535.96
2022-03-31 10:22:54,535.9
2022-03-31 10:22:59,535.9
2022-03-31 10:23:04,535.84
2022-03-31 10:23:09,535.84
2022-03-31 10:23:14,535.77
2022-03-31 10:23:19,535.77
2022-03-31 10:23:24,535.74
2022-03-31 10:23:29,535.68
2022-03-31 10:23:34,535.68
2022-03-31 10:23:39,535.61
2022-03-31 10:23:44,535.61
2022-03-31 10:23:49,535.55
2022-03-31 10:23:54,523.01062211803
2022-03-31 10:23:59,535.52
2022-03-31 10:24:04,535.52
2022-03-31 10:24:09,535.45
2022-03-31 10:24:14,535.38
2022-03-31 10:24:19,535.38
2022-03-31 10:24:24,535.32
2022-03-31 10:24:29,535.32
2022-03-31 10:24:34,535.26
2022-03-31 10:24:39,535.23
2022-03-31 10:24:44,535.16
2022-03-31 10:24:49,535.16
2022-03-31 10:24:54,535.1
2022-03-31 10:24:59,535.09
2022-03-31 10:25:04,522.7811781396055
2022-03-31 10:25:09,535.03
2022-03-31 10:25:14,522.7487766691329
2022-03-31 10:25:19,534.87
2022-03-31 10:25:24,534.8
2022-03-31 10:25:29,534.8
2022-03-31 10:25:34,534.74
2022-03-31 10:25:39,534.71
2022-03-31 10:25:44,534.64
2022-03-31 10:25:49,534.58
2022-03-31 10:25:54,534.52
2022-03-31 10:25:59,534.48
2022-03-31 10:26:04,534.35
2022-03-31 10:26:09,534.35
2022-03-31 10:26:14,534.29
2022-03-31 10:26:19,534.22
2022-03-31 10:26:24,534.22
2022-03-31 10:26:29,534.19
2022-03-31 10:26:34,534.12
2022-03-31 10:26:39,534.06
2022-03-31 10:26:44,533.99
2022-03-31 10:26:49,533.96
2022-03-31 10:26:54,522.4345715111325
2022-03-31 10:26:59,533.9
2022-03-31 10:27:04,533.83
2022-03-31 10:27:09,533.77
2022-03-31 10:27:14,522.3746013027794
2022-03-31 10:27:19,533.7
2022-03-31 10:27:24,533.7
2022-03-31 10:27:29,533.6
2022-03-31 10:27:34,533.6
2022-03-31 10:27:39,533.6
2022-03-31 10:27:44,522.2869670998558
2022-03-31 10:27:49,533.48
2022-03-31 10:27:54,533.47
2022-03-31 10:27:59,533.44
2022-03-31 10:28:04,533.44
2022-03-31 10:28:09,533.37
2022-03-31 10:28:14,533.44
2022-03-31 10:28:19,533.37
2022-03-31 10:28:24,533.31
2022-03-31 10:28:29,533.25
2022-03-31 10:28:34,533.31
2022-03-31 10:28:39,533.25
2022-03-31 10:28:44,533.25
2022-03-31 10:28:49,533.25
2022-03-31 10:28:54,533.25
2022-03-31 10:28:59,533.25
2022-03-31 10:29:04,533.25
2022-03-31 10:29:09,533.19
2022-03-31 10:29:14,533.25
2022-03-31 10:29:19,533.25
2022-03-31 10:29:24,533.19
2022-03-31 10:29:29,533.25
2022-03-31 10:29:34,521.9952412867354
2022-03-31 10:29:39,533.19
2022-03-31 10:29:44,533.19
2022-03-31 10:29:49,533.19
2022-03-31 10:29:54,533.25
2022-03-31 10:29:59,533.19
2022-03-31 10:30:04,533.19
2022-03-31 10:30:09,533.26
2022-03-31 10:30:14,533.26
2022-03-31 10:30:19,533.32
2022-03-31 10:30:24,521.8815741899317
2022-03-31 10:30:29,533.32
2022-03-31 10:30:34,533.32
2022-03-31 10:30:39,521.8501813546845
2022-03-31 10:30:44,521.8400111381629
2022-03-31 10:30:49,521.8299908795055
2022-03-31 10:30:54,533.45
2022-03-31 10:30:59,533.46
2022-03-31 10:31:04,533.49
2022-03-31 10:31:09,521.7914445465221
2022-03-31 10:31:14,533.62
2022-03-31 10:31:19,533.62
2022-03-31 10:31:24,533.68
2022-03-31 10:31:29,533.72
2022-03-31 10:31:34,533.78
2022-03-31 10:31:39,533.78
2022-03-31 10:31:44,533.85
2022-03-31 10:31:49,533.91
2022-03-31 10:31:54,533.97
2022-03-31 10:31:59,533.98
2022-03-31 10:32:04,534.01
2022-03-31 10:32:09,534.14
2022-03-31 10:32:14,534.14
2022-03-31 10:32:19,534.14
2022-03-31 10:32:24,534.23
2022-03-31 10:32:29,534.23
2022-03-31 10:32:34,534.3
2022-03-31 10:32:39,534.36
2022-03-31 10:32:44,534.43
2022-03-31 10:32:49,534.49
2022-03-31 10:32:54,534.52
2022-03-31 10:32:59,534.59
2022-03-31 10:33:04,521.6208696422246
2022-03-31 10:33:09,534.72
2022-03-31 10:33:14,521.6102664947482
2022-03-31 10:33:19,534.81
2022-03-31 10:33:24,534.88
2022-03-31 10:33:29,534.94
2022-03-31 10:33:34,535.04
2022-03-31 10:33:39,535.1
2022-03-31 10:33:44,535.17
2022-03-31 10:33:49,535.26
2022-03-31 10:33:54,535.33
2022-03-31 10:33:59,535.46
2022-03-31 10:34:04,535.46
2022-03-31 10:34:09,535.62
2022-03-31 10:34:14,535.68
2022-03-31 10:34:19,535.78
2022-03-31 10:34:24,535.9
2022-03-31 10:34:29,536.03
2022-03-31 10:34:34,536.13
2022-03-31 10:34:39,536.19
2022-03-31 10:34:44,521.5460418514523
2022-03-31 10:34:49,536.41
2022-03-31 10:34:54,536.55
2022-03-31 10:34:59,536.58
2022-03-31 10:35:04,536.77
2022-03-31 10:35:09,536.8
2022-03-31 10:35:14,536.93
2022-03-31 10:35:19,536.99
2022-03-31 10:35:24,537.16
2022-03-31 10:35:29,537.22
2022-03-31 10:35:34,537.32
2022-03-31 10:35:39,537.44
2022-03-31 10:35:44,537.51
2022-03-31 10:35:49,537.57
2022-03-31 10:35:54,537.73
2022-03-31 10:35:59,521.5362564967038
2022-03-31 10:36:04,537.89
2022-03-31 10:36:09,538.02
2022-03-31 10:36:14,538.11
2022-03-31 10:36:19,538.24
2022-03-31 10:36:24,538.34
2022-03-31 10:36:29,538.4
2022-03-31 10:36:34,538.53
2022-03-31 10:36:39,538.6
2022-03-31 10:36:44,538.69
2022-03-31 10:36:49,521.5523364813854
2022-03-31 10:36:54,538.91
2022-03-31 10:36:59,539.05
2022-03-31 10:37:04,539.14
2022-03-31 10:37:09,539.2
2022-03-31 10:37:14,539.26
2022-03-31 10:37:19,539.36
2022-03-31 10:37:24,539.43
2022-03-31 10:37:29,539.56
2022-03-31 10:37:34,521.5825478728261
2022-03-31 10:37:39,539.65
2022-03-31 10:37:44,539.72
2022-03-31 10:37:49,521.5959698437878
2022-03-31 10:37:54,539.88
2022-03-31 10:37:59,540.01
2022-03-31 10:38:04,521.6110805051936
2022-03-31 10:38:09,540.14
2022-03-31 10:38:14,540.23
2022-03-31 10:38:19,540.3
2022-03-31 10:38:24,540.36
2022-03-31 10:38:29,540.36
2022-03-31 10:38:34,540.4
2022-03-31 10:38:39,540.59
2022-03-31 10:38:44,540.65
2022-03-31 10:38:49,540.69
2022-03-31 10:38:54,521.673745136015
2022-03-31 10:38:59,540.82
2022-03-31 10:39:04,540.91
2022-03-31 10:39:09,540.91
2022-03-31 10:39:14,541.04
2022-03-31 10:39:19,541.04
2022-03-31 10:39:24,541.17
2022-03-31 10:39:29,521.7289797627574
2022-03-31 10:39:34,541.27
2022-03-31 10:39:39,541.33
2022-03-31 10:39:44,541.34
2022-03-31 10:39:49,541.4
2022-03-31 10:39:54,541.43
2022-03-31 10:39:59,541.43
2022-03-31 10:40:04,541.56
2022-03-31 10:40:09,521.8037137196856
2022-03-31 10:40:14,541.62
2022-03-31 10:40:19,541.69
2022-03-31 10:40:24,521.8349597986844
2022-03-31 10:40:29,541.72
2022-03-31 10:40:34,541.85
2022-03-31 10:40:39,541.85
2022-03-31 10:40:44,541.92
2022-03-31 10:40:49,541.95
2022-03-31 10:40:54,542.01
2022-03-31 10:40:59,542.08
2022-03-31 10:41:04,542.14
2022-03-31 10:41:09,542.21
2022-03-31 10:41:14,542.24
2022-03-31 10:41:19,542.3
2022-03-31 10:41:24,542.37
2022-03-31 10:41:29,542.43
2022-03-31 10:41:34,542.46
2022-03-31 10:41:39,542.43
2022-03-31 10:41:44,542.46
2022-03-31 10:41:49,522.045661522663
2022-03-31 10:41:54,542.53
2022-03-31 10:41:59,542.53
2022-03-31 10:42:04,542.53
2022-03-31 10:42:09,542.59
2022-03-31 10:42:14,542.53
2022-03-31 10:42:19,542.53
2022-03-31 10:42:24,542.53
2022-03-31 10:42:29,542.59
2022-03-31 10:42:34,542.59
2022-03-31 10:42:39,542.59
2022-03-31 10:42:44,542.59
2022-03-31 10:42:49,542.59
2022-03-31 10:42:54,542.65
2022-03-31 10:42:59,542.46
2022-03-31 10:43:04,542.53
2022-03-31 10:43:09,542.53
2022-03-31 10:43:14,542.46
2022-03-31 10:43:19,542.42
2022-03-31 10:43:24,542.36
2022-03-31 10:43:29,542.36
2022-03-31 10:43:34,542.3
2022-03-31 10:43:39,542.23
2022-03-31 10:43:44,542.2
2022-03-31 10:43:49,542.07
2022-03-31 10:43:54,542.0
2022-03-31 10:43:59,541.94
2022-03-31 10:44:04,541.84
2022-03-31 10:44:09,541.71
2022-03-31 10:44:14,541.68
2022-03-31 10:44:19,541.62
2022-03-31 10:44:24,541.55
2022-03-31 10:44:29,541.42
2022-03-31 10:44:34,522.6221167598825
2022-03-31 10:44:39,541.26
2022-03-31 10:44:44,541.16
2022-03-31 10:44:49,541.03
2022-03-31 10:44:54,540.9
2022-03-31 10:44:59,540.87
2022-03-31 10:45:04,540.8
2022-03-31 10:45:09,540.74
2022-03-31 10:45:14,540.64
2022-03-31 10:45:19,540.58
2022-03-31 10:45:24,540.45
2022-03-31 10:45:29,540.38
2022-03-31 10:45:34,540.29
2022-03-31 10:45:39,540.22
2022-03-31 10:45:44,540.12
2022-03-31 10:45:49,540.06
2022-03-31 10:45:54,539.99
2022-03-31 10:45:59,539.86
2022-03-31 10:46:04,539.83
2022-03-31 10:46:09,539.7
2022-03-31 10:46:14,539.7
2022-03-31 10:46:19,539.6
2022-03-31 10:46:24,539.54
2022-03-31 10:46:29,539.48
2022-03-31 10:46:34,539.41
2022-03-31 10:46:39,539.31
2022-03-31 10:46:44,539.31
2022-03-31 10:46:49,523.2624974016267
2022-03-31 10:46:54,539.19
2022-03-31 10:46:59,539.12
2022-03-31 10:47:04,539.02
2022-03-31 10:47:09,539.02
2022-03-31 10:47:14,538.9
2022-03-31 10:47:19,538.83
2022-03-31 10:47:24,523.4511784212774
2022-03-31 10:47:29,538.74
2022-03-31 10:47:34,538.74
2022-03-31 10:47:39,538.61
2022-03-31 10:47:44,538.58
2022-03-31 10:47:49,538.58
2022-03-31 10:47:54,538.45
2022-03-31 10:47:59,538.45
2022-03-31 10:48:04,538.38
2022-03-31 10:48:09,538.32
2022-03-31 10:48:14,538.22
2022-03-31 10:48:19,538.22
2022-03-31 10:48:24,538.22
2022-03-31 10:48:29,538.09
2022-03-31 10:48:34,538.09
2022-03-31 10:48:39,538.07
2022-03-31 10:48:44,538.0
2022-03-31 10:48:49,523.9393492717735
2022-03-31 10:48:54,537.94
2022-03-31 10:48:59,537.87
2022-03-31 10:49:04,537.81
2022-03-31 10:49:09,524.059329273721
2022-03-31 10:49:14,537.71
2022-03-31 10:49:19,537.65
2022-03-31 10:49:24,537.65
2022-03-31 10:49:29,537.55
2022-03-31 10:49:34,537.55
2022-03-31 10:49:39,537.55
2022-03-31 10:49:44,537.49
2022-03-31 10:49:49,537.42
2022-03-31 10:49:54,537.42
2022-03-31 10:49:59,537.29
2022-03-31 10:50:04,537.29
2022-03-31 10:50:09,537.29
2022-03-31 10:50:14,537.29
2022-03-31 10:50:19,537.26
2022-03-31 10:50:24,537.26
2022-03-31 10:50:29,537.26
2022-03-31 10:50:34,537.2
2022-03-31 10:50:39,524.6164709000833
2022-03-31 10:50:44,537.13
2022-03-31 10:50:49,537.13
2022-03-31 10:50:54,537.13
2022-03-31 10:50:59,537.06
2022-03-31 10:51:04,537.06
2022-03-31 10:51:09,537.03
2022-03-31 10:51:14,537.03
2022-03-31 10:51:19,537.03
2022-03-31 10:51:24,536.97
2022-03-31 10:51:29,536.97
2022-03-31 10:51:34,536.9
2022-03-31 10:51:39,536.9
2022-03-31 10:51:44,536.9
2022-03-31 10:51:49,536.84
2022-03-31 10:51:54,536.84
2022-03-31 10:51:59,536.77
2022-03-31 10:52:04,536.77
2022-03-31 10:52:09,525.1902495190818
2022-03-31 10:52:14,536.74
2022-03-31 10:52:19,536.68
2022-03-31 10:52:24,536.68
2022-03-31 10:52:29,536.67
2022-03-31 10:52:34,536.67
2022-03-31 10:52:39,536.54
2022-03-31 10:52:44,536.54
2022-03-31 10:52:49,536.54
2022-03-31 10:52:54,536.51
2022-03-31 10:52:59,536.51
2022-03-31 10:53:04,536.51
2022-03-31 10:53:09,536.44
2022-03-31 10:53:14,525.6061848895888
2022-03-31 10:53:19,536.38
2022-03-31 10:53:24,536.44
2022-03-31 10:53:29,536.44
2022-03-31 10:53:34,536.38
2022-03-31 10:53:39,536.38
2022-03-31 10:53:44,536.38
2022-03-31 10:53:49,536.31
2022-03-31 10:53:54,525.859864816541
2022-03-31 10:53:59,536.31
2022-03-31 10:54:04,536.31
2022-03-31 10:54:09,536.3
2022-03-31 10:54:14,536.24
2022-03-31 10:54:19,536.24
2022-03-31 10:54:24,536.24
2022-03-31 10:54:29,536.21
2022-03-31 10:54:34,536.21
2022-03-31 10:54:39,536.14
2022-03-31 10:54:44,536.14
2022-03-31 10:54:49,526.20285509602
2022-03-31 10:54:54,536.08
2022-03-31 10:54:59,536.14
2022-03-31 10:55:04,536.08
2022-03-31 10:55:09,526.3252926560832
2022-03-31 10:55:14,536.07
2022-03-31 10:55:19,536.01
2022-03-31 10:55:24,536.01
2022-03-31 10:55:29,535.98
2022-03-31 10:55:34,535.98
2022-03-31 10:55:39,535.91
2022-03-31 10:55:44,535.91
2022-03-31 10:55:49,526.5655251337616
2022-03-31 10:55:54,535.91
2022-03-31 10:55:59,535.85
2022-03-31 10:56:04,535.78
2022-03-31 10:56:09,535.85
2022-03-31 10:56:14,535.78
2022-03-31 10:56:19,526.7409628348909
2022-03-31 10:56:24,526.7697609008053
2022-03-31 10:56:29,535.78
2022-03-31 10:56:34,535.78
2022-03-31 10:56:39,526.8553446346352
2022-03-31 10:56:44,535.72
2022-03-31 10:56:49,535.78
2022-03-31 10:56:54,535.79
2022-03-31 10:56:59,526.9674652943171
2022-03-31 10:57:04,535.69
2022-03-31 10:57:09,535.72
2022-03-31 10:57:14,535.79
2022-03-31 10:57:19,535.72
2022-03-31 10:57:24,527.1041754834192
2022-03-31 10:57:29,535.69
2022-03-31 10:57:34,535.69
2022-03-31 10:57:39,535.69
2022-03-31 10:57:44,535.69
2022-03-31 10:57:49,535.69
2022-03-31 10:57:54,535.69
2022-03-31 10:57:59,535.63
2022-03-31 10:58:04,535.63
2022-03-31 10:58:09,535.63
2022-03-31 10:58:14,535.63
2022-03-31 10:58:19,535.63
2022-03-31 10:58:24,535.56
2022-03-31 10:58:29,535.63
2022-03-31 10:58:34,535.57
2022-03-31 10:58:39,535.56
2022-03-31 10:58:44,535.57
2022-03-31 10:58:49,535.5
2022-03-31 10:58:54,535.57
2022-03-31 10:58:59,535.5
2022-03-31 10:59:04,535.5
2022-03-31 10:59:09,535.5
2022-03-31 10:59:14,535.57
2022-03-31 10:59:19,535.5
2022-03-31 10:59:24,535.57
2022-03-31 10:59:29,535.5
2022-03-31 10:59:34,535.57
2022-03-31 10:59:39,535.5
2022-03-31 10:59:44,535.5
2022-03-31 10:59:49,527.8049990090957
2022-03-31 10:59:54,535.5
2022-03-31 10:59:59,535.5
2022-03-31 11:00:04,535.56
2022-03-31 11:00:09,535.57
2022-03-31 11:00:14,535.56
2022-03-31 11:00:19,535.5
2022-03-31 11:00:24,535.57
2022-03-31 11:00:29,535.56
2022-03-31 11:00:34,535.57
2022-03-31 11:00:39,535.57
2022-03-31 11:00:44,535.5
2022-03-31 11:00:49,528.0402199079921
2022-03-31 11:00:54,535.5
2022-03-31 11:00:59,535.5
2022-03-31 11:01:04,535.5
2022-03-31 11:01:09,528.1110826832559
2022-03-31 11:01:14,535.47
2022-03-31 11:01:19,535.47
2022-03-31 11:01:24,535.47
2022-03-31 11:01:29,535.4
2022-03-31 11:01:34,535.4
2022-03-31 11:01:39,535.4
2022-03-31 11:01:44,535.33
2022-03-31 11:01:49,535.33
2022-03-31 11:01:54,535.27
2022-03-31 11:01:59,535.27
2022-03-31 11:02:04,535.2
2022-03-31 11:02:09,535.2
2022-03-31 11:02:14,535.17
2022-03-31 11:02:19,535.11
2022-03-31 11:02:24,535.1
2022-03-31 11:02:29,534.97
2022-03-31 11:02:34,534.97
2022-03-31 11:02:39,534.94
2022-03-31 11:02:44,528.3966804545935
2022-03-31 11:02:49,534.81
2022-03-31 11:02:54,534.74
2022-03-31 11:02:59,534.74
2022-03-31 11:03:04,534.65
2022-03-31 11:03:09,528.4579456081754
2022-03-31 11:03:14,534.58
2022-03-31 11:03:19,534.58
2022-03-31 11:03:24,534.52
2022-03-31 11:03:29,534.45
2022-03-31 11:03:34,534.35
2022-03-31 11:03:39,534.35
2022-03-31 11:03:44,534.29
2022-03-31 11:03:49,534.22
2022-03-31 11:03:54,534.16
2022-03-31 11:03:59,534.16
2022-03-31 11:04:04,534.12
2022-03-31 11:04:09,534.06
2022-03-31 11:04:14,533.99
2022-03-31 11:04:19,533.93
2022-03-31 11:04:24,533.9
2022-03-31 11:04:29,533.9
2022-03-31 11:04:34,533.83
2022-03-31 11:04:39,533.83
2022-03-31 11:04:44,533.77
2022-03-31 11:04:49,533.7
2022-03-31 11:04:54,528.652872860953
2022-03-31 11:04:59,533.7
2022-03-31 11:05:04,533.64
2022-03-31 11:05:09,533.64
2022-03-31 11:05:14,533.61
2022-03-31 11:05:19,533.61
2022-03-31 11:05:24,528.6902297387663
2022-03-31 11:05:29,533.54
2022-03-31 11:05:34,533.54
2022-03-31 11:05:39,533.54
2022-03-31 11:05:44,533.48
2022-03-31 11:05:49,533.48
2022-03-31 11:05:54,533.48
2022-03-31 11:05:59,533.48
2022-03-31 11:06:04,533.48
2022-03-31 11:06:09,533.48
2022-03-31 11:06:14,533.48
2022-03-31 11:06:19,533.54
2022-03-31 11:06:24,533.48
2022-03-31 11:06:29,533.55
2022-03-31 11:06:34,533.55
2022-03-31 11:06:39,533.48
2022-03-31 11:06:44,533.54
2022-03-31 11:06:49,533.61
2022-03-31 11:06:54,533.61
2022-03-31 11:06:59,533.61
2022-03-31 11:07:04,528.7567129262541
2022-03-31 11:07:09,533.64
2022-03-31 11:07:14,533.64
2022-03-31 11:07:19,533.64
2022-03-31 11:07:24,533.64
2022-03-31 11:07:29,533.64
2022-03-31 11:07:34,533.7
2022-03-31 11:07:39,533.71
2022-03-31 11:07:44,533.71
2022-03-31 11:07:49,533.71
2022-03-31 11:07:54,533.7
2022-03-31 11:07:59,533.71
2022-03-31 11:08:04,533.7
2022-03-31 11:08:09,533.77
2022-03-31 11:08:14,533.77
2022-03-31 11:08:19,533.77
2022-03-31 11:08:24,533.77
2022-03-31 11:08:29,533.83
2022-03-31 11:08:34,533.77
2022-03-31 11:08:39,533.83
2022-03-31 11:08:44,533.83
2022-03-31 11:08:49,533.9
2022-03-31 11:08:54,533.93
2022-03-31 11:08:59,533.93
2022-03-31 11:09:04,533.93
2022-03-31 11:09:09,533.93
2022-03-31 11:09:14,533.99
2022-03-31 11:09:19,533.99
2022-03-31 11:09:24,533.99
2022-03-31 11:09:29,533.99
2022-03-31 11:09:34,534.05
2022-03-31 11:09:39,528.6863169849823
2022-03-31 11:09:44,534.05
2022-03-31 11:09:49,534.05
2022-03-31 11:09:54,534.12
2022-03-31 11:09:59,534.12
2022-03-31 11:10:04,534.12
2022-03-31 11:10:09,528.6487610892676
2022-03-31 11:10:14,534.15
2022-03-31 11:10:19,534.21
2022-03-31 11:10:24,534.21
2022-03-31 11:10:29,534.21
2022-03-31 11:10:34,528.6116130569103
2022-03-31 11:10:39,534.28
2022-03-31 11:10:44,534.28
2022-03-31 11:10:49,534.34
2022-03-31 11:10:54,534.34
2022-03-31 11:10:59,534.4
2022-03-31 11:11:04,534.43
2022-03-31 11:11:09,534.43
2022-03-31 11:11:14,534.43
2022-03-31 11:11:19,534.5
2022-03-31 11:11:24,534.5
2022-03-31 11:11:29,534.56
2022-03-31 11:11:34,528.5009113565768
2022-03-31 11:11:39,534.62
2022-03-31 11:11:44,528.4795215390817
2022-03-31 11:11:49,534.55
2022-03-31 11:11:54,534.65
2022-03-31 11:11:59,534.65
2022-03-31 11:12:04,534.65
2022-03-31 11:12:09,534.65
2022-03-31 11:12:14,534.71
2022-03-31 11:12:19,534.71
2022-03-31 11:12:24,534.84
2022-03-31 11:12:29,534.84
2022-03-31 11:12:34,534.84
2022-03-31 11:12:39,534.9
2022-03-31 11:12:44,534.9
2022-03-31 11:12:49,534.93
2022-03-31 11:12:54,535.0
2022-03-31 11:12:59,534.93
2022-03-31 11:13:04,535.0
2022-03-31 11:13:09,535.06
2022-03-31 11:13:14,528.2496050056346
2022-03-31 11:13:19,535.13
2022-03-31 11:13:24,535.13
2022-03-31 11:13:29,535.16
2022-03-31 11:13:34,535.16
2022-03-31 11:13:39,535.22
2022-03-31 11:13:44,535.22
2022-03-31 11:13:49,535.22
2022-03-31 11:13:54,535.29
2022-03-31 11:13:59,535.29
2022-03-31 11:14:04,535.35
2022-03-31 11:14:09,535.35
2022-03-31 11:14:14,535.42
2022-03-31 11:14:19,535.41
2022-03-31 11:14:24,535.45
2022-03-31 11:14:29,535.45
2022-03-31 11:14:34,535.58
2022-03-31 11:14:39,535.51
2022-03-31 11:14:44,535.58
2022-03-31 11:14:49,527.9354721707866
2022-03-31 11:14:54,535.67
2022-03-31 11:14:59,535.64
2022-03-31 11:15:04,535.68
2022-03-31 11:15:09,535.68
2022-03-31 11:15:14,535.74
2022-03-31 11:15:19,535.74
2022-03-31 11:15:24,535.74
2022-03-31 11:15:29,535.74
2022-03-31 11:15:34,527.7635871614291
2022-03-31 11:15:39,535.81
2022-03-31 11:15:44,535.87
2022-03-31 11:15:49,535.87
2022-03-31 11:15:54,535.87
2022-03-31 11:15:59,535.87
2022-03-31 11:16:04,535.94
2022-03-31 11:16:09,535.94
2022-03-31 11:16:14,535.97
2022-03-31 11:16:19,535.97
2022-03-31 11:16:24,535.97
2022-03-31 11:16:29,527.5364167850084
2022-03-31 11:16:34,536.03
2022-03-31 11:16:39,536.03
2022-03-31 11:16:44,536.03
2022-03-31 11:16:49,536.1
2022-03-31 11:16:54,536.1
2022-03-31 11:16:59,536.03
2022-03-31 11:17:04,536.03
2022-03-31 11:17:09,536.1
2022-03-31 11:17:14,536.1
2022-03-31 11:17:19,536.1
2022-03-31 11:17:24,536.1
2022-03-31 11:17:29,536.1
2022-03-31 11:17:34,536.1
2022-03-31 11:17:39,527.2243999428811
2022-03-31 11:17:44,527.2012727686869
2022-03-31 11:17:49,536.16
2022-03-31 11:17:54,536.16
2022-03-31 11:17:59,527.1312970121736
2022-03-31 11:18:04,536.16
2022-03-31 11:18:09,536.16
2022-03-31 11:18:14,527.060475388192
2022-03-31 11:18:19,536.19
2022-03-31 11:18:24,527.0128199241992
2022-03-31 11:18:29,536.2
2022-03-31 11:18:34,536.2
2022-03-31 11:18:39,536.19
2022-03-31 11:18:44,536.19
2022-03-31 11:18:49,536.19
2022-03-31 11:18:54,536.19
2022-03-31 11:18:59,536.19
2022-03-31 11:19:04,526.8190451029529
2022-03-31 11:19:09,536.16
2022-03-31 11:19:14,526.7698997914217
2022-03-31 11:19:19,536.16
2022-03-31 11:19:24,536.16
2022-03-31 11:19:29,536.16
2022-03-31 11:19:34,536.09
2022-03-31 11:19:39,536.09
2022-03-31 11:19:44,536.09
2022-03-31 11:19:49,536.09
2022-03-31 11:19:54,526.5710319310125
2022-03-31 11:19:59,536.03
2022-03-31 11:20:04,536.09
2022-03-31 11:20:09,536.03
2022-03-31 11:20:14,536.09
2022-03-31 11:20:19,526.4452335992422
2022-03-31 11:20:24,536.02
2022-03-31 11:20:29,526.3946657204581
2022-03-31 11:20:34,536.09
2022-03-31 11:20:39,536.08
2022-03-31 11:20:44,536.15
2022-03-31 11:20:49,536.15
2022-03-31 11:20:54,536.15
2022-03-31 11:20:59,536.15
2022-03-31 11:21:04,536.15
2022-03-31 11:21:09,536.15
2022-03-31 11:21:14,536.15
2022-03-31 11:21:19,536.18
2022-03-31 11:21:24,536.18
2022-03-31 11:21:29,536.18
2022-03-31 11:21:34,536.24
2022-03-31 11:21:39,536.24
2022-03-31 11:21:44,536.24
2022-03-31 11:21:49,536.3
2022-03-31 11:21:54,536.3
2022-03-31 11:21:59,536.3
2022-03-31 11:22:04,525.9109321110072
2022-03-31 11:22:09,525.8854639219259
2022-03-31 11:22:14,536.36
2022-03-31 11:22:19,536.43
2022-03-31 11:22:24,536.43
2022-03-31 11:22:29,536.43
2022-03-31 11:22:34,525.758380923066
2022-03-31 11:22:39,536.46
2022-03-31 11:22:44,536.53
2022-03-31 11:22:49,536.53
2022-03-31 11:22:54,525.6571540124824
2022-03-31 11:22:59,536.59
2022-03-31 11:23:04,536.59
2022-03-31 11:23:09,536.66
2022-03-31 11:23:14,536.69
2022-03-31 11:23:19,536.69
2022-03-31 11:23:24,525.5063710090694
2022-03-31 11:23:29,536.75
2022-03-31 11:23:34,536.76
2022-03-31 11:23:39,536.76
2022-03-31 11:23:44,536.76
2022-03-31 11:23:49,536.82
2022-03-31 11:23:54,536.88
2022-03-31 11:23:59,536.88
2022-03-31 11:24:04,536.88
2022-03-31 11:24:09,536.95
2022-03-31 11:24:14,536.95
2022-03-31 11:24:19,536.95
2022-03-31 11:24:24,536.98
2022-03-31 11:24:29,537.05
2022-03-31 11:24:34,537.05
2022-03-31 11:24:39,525.1378073676593
2022-03-31 11:24:44,537.18
2022-03-31 11:24:49,525.0898538395415
2022-03-31 11:24:54,537.18
2022-03-31 11:24:59,537.21
2022-03-31 11:25:04,537.21
2022-03-31 11:25:09,537.27
2022-03-31 11:25:14,537.28
2022-03-31 11:25:19,537.34
2022-03-31 11:25:24,537.34
2022-03-31 11:25:29,537.4
2022-03-31 11:25:34,537.4
2022-03-31 11:25:39,537.47
2022-03-31 11:25:44,537.47
2022-03-31 11:25:49,537.57
2022-03-31 11:25:54,537.57
2022-03-31 11:25:59,537.63
2022-03-31 11:26:04,537.63
2022-03-31 11:26:09,537.63
2022-03-31 11:26:14,537.69
2022-03-31 11:26:19,537.73
2022-03-31 11:26:24,537.79
2022-03-31 11:26:29,524.6315731860522
2022-03-31 11:26:34,524.6098479319272
2022-03-31 11:26:39,537.79
2022-03-31 11:26:44,537.86
2022-03-31 11:26:49,537.92
2022-03-31 11:26:54,537.86
2022-03-31 11:26:59,537.92
2022-03-31 11:27:04,524.4822833151212
2022-03-31 11:27:09,537.92
2022-03-31 11:27:14,537.92
2022-03-31 11:27:19,538.02
2022-03-31 11:27:24,538.02
2022-03-31 11:27:29,538.08
2022-03-31 11:27:34,538.08
2022-03-31 11:27:39,538.08
2022-03-31 11:27:44,538.15
2022-03-31 11:27:49,524.3006740241937
2022-03-31 11:27:54,524.2812741533654
2022-03-31 11:27:59,538.08
2022-03-31 11:28:04,538.21
2022-03-31 11:28:09,524.2240508337807
2022-03-31 11:28:14,538.24
2022-03-31 11:28:19,538.24
2022-03-31 11:28:24,524.1683007277214
2022-03-31 11:28:29,538.3
2022-03-31 11:28:34,538.3
2022-03-31 11:28:39,524.1140350903786
2022-03-31 11:28:44,538.36
2022-03-31 11:28:49,538.36
2022-03-31 11:28:54,538.43
2022-03-31 11:28:59,538.43
2022-03-31 11:29:04,538.43
2022-03-31 11:29:09,538.43
2022-03-31 11:29:14,538.43
2022-03-31 11:29:19,538.42
2022-03-31 11:29:24,538.49
2022-03-31 11:29:29,538.49
2022-03-31 11:29:34,538.49
2022-03-31 11:29:39,538.52
2022-03-31 11:29:44,538.49
2022-03-31 11:29:49,538.49
2022-03-31 11:29:54,538.52
2022-03-31 11:29:59,538.52
2022-03-31 11:30:04,538.52
2022-03-31 11:30:09,538.52
2022-03-31 11:30:14,538.58
2022-03-31 11:30:19,538.58
2022-03-31 11:30:24,538.58
2022-03-31 11:30:29,538.58
2022-03-31 11:30:34,538.65
2022-03-31 11:30:39,538.64
2022-03-31 11:30:44,538.64
2022-03-31 11:30:49,538.64
2022-03-31 11:30:54,538.64
2022-03-31 11:30:59,538.64
2022-03-31 11:31:04,538.64
2022-03-31 11:31:09,538.64
2022-03-31 11:31:14,538.64
2022-03-31 11:31:19,538.64
2022-03-31 11:31:24,538.64
2022-03-31 11:31:29,538.64
2022-03-31 11:31:34,538.64
2022-03-31 11:31:39,538.64
2022-03-31 11:31:44,538.58
2022-03-31 11:31:49,538.58
2022-03-31 11:31:54,538.58
2022-03-31 11:31:59,538.51
2022-03-31 11:32:04,538.51
2022-03-31 11:32:09,538.48
2022-03-31 11:32:14,538.48
2022-03-31 11:32:19,538.42
2022-03-31 11:32:24,538.42
2022-03-31 11:32:29,538.35
2022-03-31 11:32:34,538.35
2022-03-31 11:32:39,538.35
2022-03-31 11:32:44,538.29
2022-03-31 11:32:49,538.19
2022-03-31 11:32:54,538.19
2022-03-31 11:32:59,538.13
2022-03-31 11:33:04,538.07
2022-03-31 11:33:09,538.0
2022-03-31 11:33:14,537.97
2022-03-31 11:33:19,537.91
2022-03-31 11:33:24,523.3800064408135
2022-03-31 11:33:29,537.78
2022-03-31 11:33:34,537.71
2022-03-31 11:33:39,537.62
2022-03-31 11:33:44,537.62
2022-03-31 11:33:49,537.55
2022-03-31 11:33:54,537.49
2022-03-31 11:33:59,537.39
2022-03-31 11:34:04,537.33
2022-03-31 11:34:09,537.26
2022-03-31 11:34:14,537.17
2022-03-31 11:34:19,537.1
2022-03-31 11:34:24,537.04
2022-03-31 11:34:29,536.97
2022-03-31 11:34:34,536.94
2022-03-31 11:34:39,536.82
2022-03-31 11:34:44,536.82
2022-03-31 11:34:49,536.69
2022-03-31 11:34:54,536.59
2022-03-31 11:34:59,536.52
2022-03-31 11:35:04,536.43
2022-03-31 11:35:09,536.36
2022-03-31 11:35:14,523.2575396085099
2022-03-31 11:35:19,536.17
2022-03-31 11:35:24,536.14
2022-03-31 11:35:29,536.07
2022-03-31 11:35:34,536.01
2022-03-31 11:35:39,535.91
2022-03-31 11:35:44,535.85
2022-03-31 11:35:49,535.78
2022-03-31 11:35:54,535.65
2022-03-31 11:35:59,535.62
2022-03-31 11:36:04,535.56
2022-03-31 11:36:09,535.43
2022-03-31 11:36:14,535.4
2022-03-31 11:36:19,535.33
2022-03-31 11:36:24,535.27
2022-03-31 11:36:29,535.11
2022-03-31 11:36:34,535.04
2022-03-31 11:36:39,534.98
2022-03-31 11:36:44,523.228823804692
2022-03-31 11:36:49,534.81
2022-03-31 11:36:54,534.81
2022-03-31 11:36:59,534.68
2022-03-31 11:37:04,534.62
2022-03-31 11:37:09,534.58
2022-03-31 11:37:14,534.46
2022-03-31 11:37:19,523.2356026557105
2022-03-31 11:37:24,534.36
2022-03-31 11:37:29,534.3
2022-03-31 11:37:34,534.23
2022-03-31 11:37:39,534.23
2022-03-31 11:37:44,534.1
2022-03-31 11:37:49,523.2495799303205
2022-03-31 11:37:54,534.0
2022-03-31 11:37:59,534.0
2022-03-31 11:38:04,533.94
2022-03-31 11:38:09,523.2631334758046
2022-03-31 11:38:14,533.84
2022-03-31 11:38:19,533.77
2022-03-31 11:38:24,533.71
2022-03-31 11:38:29,533.71
2022-03-31 11:38:34,533.64
2022-03-31 11:38:39,533.64
2022-03-31 11:38:44,523.2950961977638
2022-03-31 11:38:49,533.55
2022-03-31 11:38:54,533.48
2022-03-31 11:38:59,533.42
2022-03-31 11:39:04,533.35
2022-03-31 11:39:09,533.35
2022-03-31 11:39:14,533.32
2022-03-31 11:39:19,533.31
2022-03-31 11:39:24,533.25
2022-03-31 11:39:29,533.25
2022-03-31 11:39:34,533.19
2022-03-31 11:39:39,533.12
2022-03-31 11:39:44,533.12
2022-03-31 11:39:49,533.05
2022-03-31 11:39:54,533.06
2022-03-31 11:39:59,533.02
2022-03-31 11:40:04,532.96
2022-03-31 11:40:09,532.89
2022-03-31 11:40:14,532.89
2022-03-31 11:40:19,532.83
2022-03-31 11:40:24,523.4453964835865
2022-03-31 11:40:29,532.83
2022-03-31 11:40:34,532.8
2022-03-31 11:40:39,532.8
2022-03-31 11:40:44,532.73
2022-03-31 11:40:49,532.67
2022-03-31 11:40:54,532.73
2022-03-31 11:40:59,532.73
2022-03-31 11:41:04,532.67
2022-03-31 11:41:09,532.61
2022-03-31 11:41:14,532.67
2022-03-31 11:41:19,523.5662055727911
2022-03-31 11:41:24,532.67
2022-03-31 11:41:29,532.67
2022-03-31 11:41:34,532.61
2022-03-31 11:41:39,532.67
2022-03-31 11:41:44,532.67
2022-03-31 11:41:49,532.67
2022-03-31 11:41:54,532.67
2022-03-31 11:41:59,532.67
2022-03-31 11:42:04,532.74
2022-03-31 11:42:09,532.74
2022-03-31 11:42:14,532.8
2022-03-31 11:42:19,532.83
2022-03-31 11:42:24,532.9
2022-03-31 11:42:29,532.9
2022-03-31 11:42:34,532.96
2022-03-31 11:42:39,533.03
2022-03-31 11:42:44,533.06
2022-03-31 11:42:49,533.13
2022-03-31 11:42:54,533.13
2022-03-31 11:42:59,533.26
2022-03-31 11:43:04,533.32
2022-03-31 11:43:09,533.35
2022-03-31 11:43:14,533.42
2022-03-31 11:43:19,533.55
2022-03-31 11:43:24,533.55
2022-03-31 11:43:29,533.58
2022-03-31 11:43:34,533.71
2022-03-31 11:43:39,533.77
2022-03-31 11:43:44,533.87
2022-03-31 11:43:49,533.93
2022-03-31 11:43:54,524.0498875515489
2022-03-31 11:43:59,534.1
2022-03-31 11:44:04,534.16
2022-03-31 11:44:09,534.29
2022-03-31 11:44:14,534.36
2022-03-31 11:44:19,534.45
2022-03-31 11:44:24,534.52
2022-03-31 11:44:29,534.61
2022-03-31 11:44:34,534.74
2022-03-31 11:44:39,534.81
2022-03-31 11:44:44,534.87
2022-03-31 11:44:49,534.97
2022-03-31 11:44:54,535.03
2022-03-31 11:44:59,535.13
2022-03-31 11:45:04,535.2
2022-03-31 11:45:09,535.33
2022-03-31 11:45:14,535.39
2022-03-31 11:45:19,535.42
2022-03-31 11:45:24,535.55
2022-03-31 11:45:29,535.62
2022-03-31 11:45:34,535.65
2022-03-31 11:45:39,535.78
2022-03-31 11:45:44,524.4899169167477
2022-03-31 11:45:49,535.94
2022-03-31 11:45:54,536.01
2022-03-31 11:45:59,536.13
2022-03-31 11:46:04,536.17
2022-03-31 11:46:09,536.23
2022-03-31 11:46:14,536.36
2022-03-31 11:46:19,536.43
2022-03-31 11:46:24,536.59
2022-03-31 11:46:29,536.65
2022-03-31 11:46:34,536.68
2022-03-31 11:46:39,524.7276998487831
2022-03-31 11:46:44,524.7496859031419
2022-03-31 11:46:49,537.04
2022-03-31 11:46:54,537.17
2022-03-31 11:46:59,524.815917333346
2022-03-31 11:47:04,537.33
2022-03-31 11:47:09,537.46
2022-03-31 11:47:14,537.56
2022-03-31 11:47:19,524.9047438681453
2022-03-31 11:47:24,537.72
2022-03-31 11:47:29,524.9493214246858
2022-03-31 11:47:34,537.98
2022-03-31 11:47:39,538.07
2022-03-31 11:47:44,538.21
2022-03-31 11:47:49,538.3
2022-03-31 11:47:54,538.37
2022-03-31 11:47:59,538.5
2022-03-31 11:48:04,538.53
2022-03-31 11:48:09,525.1281286012726
2022-03-31 11:48:14,538.75
2022-03-31 11:48:19,538.82
2022-03-31 11:48:24,538.89
2022-03-31 11:48:29,539.01
2022-03-31 11:48:34,539.05
2022-03-31 11:48:39,539.18
2022-03-31 11:48:44,539.18
2022-03-31 11:48:49,539.27
2022-03-31 11:48:54,539.27
2022-03-31 11:48:59,539.34
2022-03-31 11:49:04,539.41
2022-03-31 11:49:09,525.3950096107225
2022-03-31 11:49:14,539.54
2022-03-31 11:49:19,539.57
2022-03-31 11:49:24,539.57
2022-03-31 11:49:29,539.63
2022-03-31 11:49:34,539.64
2022-03-31 11:49:39,539.64
2022-03-31 11:49:44,539.7
2022-03-31 11:49:49,539.77
2022-03-31 11:49:54,539.77
2022-03-31 11:49:59,539.77
2022-03-31 11:50:04,539.77
2022-03-31 11:50:09,539.77
2022-03-31 11:50:14,539.8
2022-03-31 11:50:19,539.8
2022-03-31 11:50:24,525.7187945428117
2022-03-31 11:50:29,539.93
2022-03-31 11:50:34,539.93
2022-03-31 11:50:39,539.93
2022-03-31 11:50:44,539.93
2022-03-31 11:50:49,539.93
2022-03-31 11:50:54,540.0
2022-03-31 11:50:59,540.0
2022-03-31 11:51:04,539.93
2022-03-31 11:51:09,539.93
2022-03-31 11:51:14,539.94
2022-03-31 11:51:19,539.94
2022-03-31 11:51:24,540.0
2022-03-31 11:51:29,539.94
2022-03-31 11:51:34,539.94
2022-03-31 11:51:39,539.94
2022-03-31 11:51:44,539.87
2022-03-31 11:51:49,539.88
2022-03-31 11:51:54,539.81
2022-03-31 11:51:59,539.87
2022-03-31 11:52:04,539.81
2022-03-31 11:52:09,539.81
2022-03-31 11:52:14,539.78
2022-03-31 11:52:19,539.71
2022-03-31 11:52:24,539.65
2022-03-31 11:52:29,539.65
2022-03-31 11:52:34,539.59
2022-03-31 11:52:39,539.55
2022-03-31 11:52:44,539.49
2022-03-31 11:52:49,539.42
2022-03-31 11:52:54,539.42
2022-03-31 11:52:59,539.3
2022-03-31 11:53:04,539.29
2022-03-31 11:53:09,539.2
2022-03-31 11:53:14,526.3580375952961
2022-03-31 11:53:19,539.13
2022-03-31 11:53:24,539.07
2022-03-31 11:53:29,539.04
2022-03-31 11:53:34,538.97
2022-03-31 11:53:39,538.91
2022-03-31 11:53:44,526.4501558186098
2022-03-31 11:53:49,526.4647520986794
2022-03-31 11:53:54,538.75
2022-03-31 11:53:59,538.69
2022-03-31 11:54:04,538.62
2022-03-31 11:54:09,526.5208575303941
2022-03-31 11:54:14,538.52
2022-03-31 11:54:19,538.46
2022-03-31 11:54:24,538.33
2022-03-31 11:54:29,538.26
2022-03-31 11:54:34,526.5856196281532
2022-03-31 11:54:39,538.1
2022-03-31 11:54:44,538.0
2022-03-31 11:54:49,537.94
2022-03-31 11:54:54,537.81
2022-03-31 11:54:59,537.74
2022-03-31 11:55:04,537.71
2022-03-31 11:55:09,537.58
2022-03-31 11:55:14,537.48
2022-03-31 11:55:19,537.36
2022-03-31 11:55:24,537.29
2022-03-31 11:55:29,537.23
2022-03-31 11:55:34,537.13
2022-03-31 11:55:39,526.723328592988
2022-03-31 11:55:44,536.97
2022-03-31 11:55:49,536.9
2022-03-31 11:55:54,536.77
2022-03-31 11:55:59,536.68
2022-03-31 11:56:04,536.61
2022-03-31 11:56:09,526.7704861081282
2022-03-31 11:56:14,526.7772760745894
2022-03-31 11:56:19,536.32
2022-03-31 11:56:24,536.26
2022-03-31 11:56:29,536.16
2022-03-31 11:56:34,536.1
2022-03-31 11:56:39,526.8067337392391
2022-03-31 11:56:44,535.94
2022-03-31 11:56:49,526.8164665452105
2022-03-31 11:56:54,535.8
2022-03-31 11:56:59,535.67
2022-03-31 11:57:04,535.65
2022-03-31 11:57:09,535.58
2022-03-31 11:57:14,535.58
2022-03-31 11:57:19,535.45
2022-03-31 11:57:24,535.45
2022-03-31 11:57:29,535.36
2022-03-31 11:57:34,535.36
2022-03-31 11:57:39,535.29
2022-03-31 11:57:44,535.29
2022-03-31 11:57:49,535.16
2022-03-31 11:57:54,535.16
2022-03-31 11:57:59,535.13
2022-03-31 11:58:04,535.13
2022-03-31 11:58:09,535.0
2022-03-31 11:58:14,535.0
2022-03-31 11:58:19,535.0
2022-03-31 11:58:24,534.94
2022-03-31 11:58:29,526.8542461692475
2022-03-31 11:58:34,534.84
2022-03-31 11:58:39,534.84
2022-03-31 11:58:44,534.78
2022-03-31 11:58:49,534.71
2022-03-31 11:58:54,534.72
2022-03-31 11:58:59,534.65
2022-03-31 11:59:04,534.62
2022-03-31 11:59:09,534.62
2022-03-31 11:59:14,534.55
2022-03-31 11:59:19,534.49
2022-03-31 11:59:24,534.49
2022-03-31 11:59:29,534.43
2022-03-31 11:59:34,534.43
2022-03-31 11:59:39,534.39
2022-03-31 11:59:44,534.33
2022-03-31 11:59:49,534.33
2022-03-31 11:59:54,534.26
2022-03-31 11:59:59,534.26
2022-03-31 12:00:04,534.26
2022-03-31 12:00:09,534.27
2022-03-31 12:00:14,534.2
2022-03-31 12:00:19,534.14
2022-03-31 12:00:24,534.2
2022-03-31 12:00:29,534.2
2022-03-31 12:00:34,534.14
2022-03-31 12:00:39,534.14
2022-03-31 12:00:44,534.1
2022-03-31 12:00:49,534.11
2022-03-31 12:00:54,534.1
2022-03-31 12:00:59,526.7400044977054
2022-03-31 12:01:04,534.11
2022-03-31 12:01:09,534.04
2022-03-31 12:01:14,534.1
2022-03-31 12:01:19,534.1
2022-03-31 12:01:24,534.04
2022-03-31 12:01:29,534.1
2022-03-31 12:01:34,534.1
2022-03-31 12:01:39,534.1
2022-03-31 12:01:44,534.04
2022-03-31 12:01:49,534.04
2022-03-31 12:01:54,534.04
2022-03-31 12:01:59,534.04
2022-03-31 12:02:04,534.1
2022-03-31 12:02:09,534.1
2022-03-31 12:02:14,534.1
2022-03-31 12:02:19,526.6152029533374
2022-03-31 12:02:24,534.1
2022-03-31 12:02:29,534.13
2022-03-31 12:02:34,534.13
2022-03-31 12:02:39,534.13
2022-03-31 12:02:44,534.13
2022-03-31 12:02:49,534.13
2022-03-31 12:02:54,526.5501412371538
2022-03-31 12:02:59,534.13
2022-03-31 12:03:04,534.19
2022-03-31 12:03:09,534.19
2022-03-31 12:03:14,534.13
2022-03-31 12:03:19,534.19
2022-03-31 12:03:24,534.19
2022-03-31 12:03:29,534.12
2022-03-31 12:03:34,534.12
2022-03-31 12:03:39,534.12
2022-03-31 12:03:44,534.19
2022-03-31 12:03:49,534.19
2022-03-31 12:03:54,534.18
2022-03-31 12:03:59,534.18
2022-03-31 12:04:04,534.18
2022-03-31 12:04:09,534.18
2022-03-31 12:04:14,534.25
2022-03-31 12:04:19,534.25
2022-03-31 12:04:24,534.25
2022-03-31 12:04:29,534.24
2022-03-31 12:04:34,534.31
2022-03-31 12:04:39,534.24
2022-03-31 12:04:44,526.3160206486185
2022-03-31 12:04:49,534.24
2022-03-31 12:04:54,534.24
2022-03-31 12:04:59,534.3
2022-03-31 12:05:04,534.24
2022-03-31 12:05:09,534.3
2022-03-31 12:05:14,534.3
2022-03-31 12:05:19,526.2351035831465
2022-03-31 12:05:24,534.36
2022-03-31 12:05:29,526.2116443945782
2022-03-31 12:05:34,534.36
2022-03-31 12:05:39,534.36
2022-03-31 12:05:44,534.39
2022-03-31 12:05:49,526.1644010277942
2022-03-31 12:05:54,534.39
2022-03-31 12:05:59,534.39
2022-03-31 12:06:04,534.39
2022-03-31 12:06:09,534.39
2022-03-31 12:06:14,534.46
2022-03-31 12:06:19,534.46
2022-03-31 12:06:24,534.46
2022-03-31 12:06:29,534.52
2022-03-31 12:06:34,534.52
2022-03-31 12:06:39,526.0453185382472
2022-03-31 12:06:44,534.52
2022-03-31 12:06:49,534.58
2022-03-31 12:06:54,534.58
2022-03-31 12:06:59,534.62
2022-03-31 12:07:04,534.62
2022-03-31 12:07:09,534.68
2022-03-31 12:07:14,534.68
2022-03-31 12:07:19,534.68
2022-03-31 12:07:24,534.68
2022-03-31 12:07:29,534.74
2022-03-31 12:07:34,534.74
2022-03-31 12:07:39,534.81
2022-03-31 12:07:44,534.75
2022-03-31 12:07:49,534.81
2022-03-31 12:07:54,534.81
2022-03-31 12:07:59,534.81
2022-03-31 12:08:04,534.87
2022-03-31 12:08:09,534.87
2022-03-31 12:08:14,534.91
2022-03-31 12:08:19,534.91
2022-03-31 12:08:24,534.9
2022-03-31 12:08:29,534.91
2022-03-31 12:08:34,525.7777033540789
2022-03-31 12:08:39,534.97
2022-03-31 12:08:44,535.04
2022-03-31 12:08:49,535.03
2022-03-31 12:08:54,525.7336986506947
2022-03-31 12:08:59,535.1
2022-03-31 12:09:04,535.13
2022-03-31 12:09:09,535.1
2022-03-31 12:09:14,525.690853852682
2022-03-31 12:09:19,535.13
2022-03-31 12:09:24,535.2
2022-03-31 12:09:29,535.2
2022-03-31 12:09:34,535.26
2022-03-31 12:09:39,535.26
2022-03-31 12:09:44,535.26
2022-03-31 12:09:49,535.26
2022-03-31 12:09:54,525.6092759958731
2022-03-31 12:09:59,535.32
2022-03-31 12:10:04,525.5898533565521
2022-03-31 12:10:09,535.32
2022-03-31 12:10:14,525.5708578180928
2022-03-31 12:10:19,525.5615235642565
2022-03-31 12:10:24,535.32
2022-03-31 12:10:29,535.32
2022-03-31 12:10:34,535.32
2022-03-31 12:10:39,535.26
2022-03-31 12:10:44,535.26
2022-03-31 12:10:49,535.25
2022-03-31 12:10:54,535.26
2022-03-31 12:10:59,535.25
2022-03-31 12:11:04,535.19
2022-03-31 12:11:09,535.25
2022-03-31 12:11:14,535.32
2022-03-31 12:11:19,535.25
2022-03-31 12:11:24,535.32
2022-03-31 12:11:29,535.25
2022-03-31 12:11:34,535.25
2022-03-31 12:11:39,525.4276339466481
2022-03-31 12:11:44,535.32
2022-03-31 12:11:49,525.4130273678569
2022-03-31 12:11:54,535.31
2022-03-31 12:11:59,535.31
2022-03-31 12:12:04,535.31
2022-03-31 12:12:09,535.38
2022-03-31 12:12:14,535.41
2022-03-31 12:12:19,535.37
2022-03-31 12:12:24,535.38
2022-03-31 12:12:29,535.41
2022-03-31 12:12:34,535.41
2022-03-31 12:12:39,535.47
2022-03-31 12:12:44,535.53
2022-03-31 12:12:49,535.53
2022-03-31 12:12:54,535.53
2022-03-31 12:12:59,535.59
2022-03-31 12:13:04,535.62
2022-03-31 12:13:09,535.62
2022-03-31 12:13:14,535.69
2022-03-31 12:13:19,535.69
2022-03-31 12:13:24,535.75
2022-03-31 12:13:29,535.81
2022-03-31 12:13:34,535.91
2022-03-31 12:13:39,535.91
2022-03-31 12:13:44,535.98
2022-03-31 12:13:49,535.97
2022-03-31 12:13:54,536.03
2022-03-31 12:13:59,536.1
2022-03-31 12:14:04,536.13
2022-03-31 12:14:09,536.13
2022-03-31 12:14:14,536.2
2022-03-31 12:14:19,536.32
2022-03-31 12:14:24,536.32
2022-03-31 12:14:29,536.32
2022-03-31 12:14:34,536.38
2022-03-31 12:14:39,536.42
2022-03-31 12:14:44,536.48
2022-03-31 12:14:49,525.240069153498
2022-03-31 12:14:54,536.61
2022-03-31 12:14:59,536.54
2022-03-31 12:15:04,536.64
2022-03-31 12:15:09,536.7
2022-03-31 12:15:14,536.7
2022-03-31 12:15:19,536.77
2022-03-31 12:15:24,536.76
2022-03-31 12:15:29,525.2267619242945
2022-03-31 12:15:34,536.9
2022-03-31 12:15:39,536.9
2022-03-31 12:15:44,536.93
2022-03-31 12:15:49,525.2238166237636
2022-03-31 12:15:54,536.99
2022-03-31 12:15:59,537.05
2022-03-31 12:16:04,537.05
2022-03-31 12:16:09,537.12
2022-03-31 12:16:14,537.15
2022-03-31 12:16:19,537.15
2022-03-31 12:16:24,537.22
2022-03-31 12:16:29,537.28
2022-03-31 12:16:34,537.34
2022-03-31 12:16:39,537.34
2022-03-31 12:16:44,537.41
2022-03-31 12:16:49,537.44
2022-03-31 12:16:54,537.51
2022-03-31 12:16:59,537.51
2022-03-31 12:17:04,537.57
2022-03-31 12:17:09,537.63
2022-03-31 12:17:14,537.63
2022-03-31 12:17:19,537.66
2022-03-31 12:17:24,537.66
2022-03-31 12:17:29,537.86
2022-03-31 12:17:34,537.86
2022-03-31 12:17:39,537.86
2022-03-31 12:17:44,537.92
2022-03-31 12:17:49,537.96
2022-03-31 12:17:54,538.02
2022-03-31 12:17:59,538.08
2022-03-31 12:18:04,538.15
2022-03-31 12:18:09,538.18
2022-03-31 12:18:14,538.24
2022-03-31 12:18:19,525.2857678576471
2022-03-31 12:18:24,525.290519780703
2022-03-31 12:18:29,538.44
2022-03-31 12:18:34,538.47
2022-03-31 12:18:39,538.53
2022-03-31 12:18:44,538.66
2022-03-31 12:18:49,525.3170116878416
2022-03-31 12:18:54,525.3228616642233
2022-03-31 12:18:59,538.76
2022-03-31 12:19:04,538.76
2022-03-31 12:19:09,538.82
2022-03-31 12:19:14,538.82
2022-03-31 12:19:19,538.88
2022-03-31 12:19:24,538.95
2022-03-31 12:19:29,525.3690487525566
2022-03-31 12:19:34,539.04
2022-03-31 12:19:39,525.3839504803954
2022-03-31 12:19:44,539.11
2022-03-31 12:19:49,525.3996209336576
2022-03-31 12:19:54,539.17
2022-03-31 12:19:59,539.2
2022-03-31 12:20:04,539.2
2022-03-31 12:20:09,539.27
2022-03-31 12:20:14,539.33
2022-03-31 12:20:19,539.33
2022-03-31 12:20:24,539.39
2022-03-31 12:20:29,525.4701074085337
2022-03-31 12:20:34,539.46
2022-03-31 12:20:39,539.49
2022-03-31 12:20:44,539.55
2022-03-31 12:20:49,539.55
2022-03-31 12:20:54,539.55
2022-03-31 12:20:59,539.61
2022-03-31 12:21:04,539.61
2022-03-31 12:21:09,539.68
2022-03-31 12:21:14,539.68
2022-03-31 12:21:19,539.71
2022-03-31 12:21:24,539.71
2022-03-31 12:21:29,539.77
2022-03-31 12:21:34,539.77
2022-03-31 12:21:39,539.77
2022-03-31 12:21:44,539.77
2022-03-31 12:21:49,539.77
2022-03-31 12:21:54,525.6627568212426
2022-03-31 12:21:59,539.77
2022-03-31 12:22:04,539.77
2022-03-31 12:22:09,539.83
2022-03-31 12:22:14,539.77
2022-03-31 12:22:19,539.83
2022-03-31 12:22:24,539.83
2022-03-31 12:22:29,539.76
2022-03-31 12:22:34,539.83
2022-03-31 12:22:39,525.7893220267938
2022-03-31 12:22:44,539.76
2022-03-31 12:22:49,539.69
2022-03-31 12:22:54,539.76
2022-03-31 12:22:59,525.8512249810444
2022-03-31 12:23:04,539.69
2022-03-31 12:23:09,539.66
2022-03-31 12:23:14,539.6
2022-03-31 12:23:19,525.9166724673624
2022-03-31 12:23:24,539.53
2022-03-31 12:23:29,539.46
2022-03-31 12:23:34,539.43
2022-03-31 12:23:39,539.3
2022-03-31 12:23:44,539.3
2022-03-31 12:23:49,539.3
2022-03-31 12:23:54,539.24
2022-03-31 12:23:59,539.14
2022-03-31 12:24:04,539.14
2022-03-31 12:24:09,539.07
2022-03-31 12:24:14,539.01
2022-03-31 12:24:19,538.91
2022-03-31 12:24:24,538.91
2022-03-31 12:24:29,538.85
2022-03-31 12:24:34,538.72
2022-03-31 12:24:39,538.65
2022-03-31 12:24:44,538.62
2022-03-31 12:24:49,526.2560804883308
2022-03-31 12:24:54,538.43
2022-03-31 12:24:59,538.39
2022-03-31 12:25:04,538.33
2022-03-31 12:25:09,538.27
2022-03-31 12:25:14,538.14
2022-03-31 12:25:19,538.11
2022-03-31 12:25:24,538.04
2022-03-31 12:25:29,526.4297128799575
2022-03-31 12:25:34,537.91
2022-03-31 12:25:39,537.82
2022-03-31 12:25:44,537.75
2022-03-31 12:25:49,537.75
2022-03-31 12:25:54,537.62
2022-03-31 12:25:59,537.59
2022-03-31 12:26:04,537.59
2022-03-31 12:26:09,537.53
2022-03-31 12:26:14,537.46
2022-03-31 12:26:19,526.6640157711303
2022-03-31 12:26:24,537.37
2022-03-31 12:26:29,537.3
2022-03-31 12:26:34,537.3
2022-03-31 12:26:39,537.24
2022-03-31 12:26:44,537.17
2022-03-31 12:26:49,537.11
2022-03-31 12:26:54,537.11
2022-03-31 12:26:59,537.11
2022-03-31 12:27:04,537.07
2022-03-31 12:27:09,537.08
2022-03-31 12:27:14,537.01
2022-03-31 12:27:19,537.01
2022-03-31 12:27:24,526.9934319123684
2022-03-31 12:27:29,536.88
2022-03-31 12:27:34,536.95
2022-03-31 12:27:39,536.88
2022-03-31 12:27:44,536.88
2022-03-31 12:27:49,536.88
2022-03-31 12:27:54,536.85
2022-03-31 12:27:59,536.78
2022-03-31 12:28:04,536.78
2022-03-31 12:28:09,536.72
2022-03-31 12:28:14,536.72
2022-03-31 12:28:19,536.65
2022-03-31 12:28:24,536.59
2022-03-31 12:28:29,536.55
2022-03-31 12:28:34,527.3737556963265
2022-03-31 12:28:39,536.56
2022-03-31 12:28:44,536.49
2022-03-31 12:28:49,536.43
2022-03-31 12:28:54,536.43
2022-03-31 12:28:59,536.33
2022-03-31 12:29:04,536.33
2022-03-31 12:29:09,536.33
2022-03-31 12:29:14,527.6004280009993
2022-03-31 12:29:19,536.2
2022-03-31 12:29:24,536.13
2022-03-31 12:29:29,536.07
2022-03-31 12:29:34,536.04
2022-03-31 12:29:39,536.04
2022-03-31 12:29:44,535.97
2022-03-31 12:29:49,535.91
2022-03-31 12:29:54,535.84
2022-03-31 12:29:59,535.81
2022-03-31 12:30:04,535.74
2022-03-31 12:30:09,535.74
2022-03-31 12:30:14,527.9497873984432
2022-03-31 12:30:19,535.55
2022-03-31 12:30:24,535.55
2022-03-31 12:30:29,535.45
2022-03-31 12:30:34,535.45
2022-03-31 12:30:39,535.38
2022-03-31 12:30:44,535.28
2022-03-31 12:30:49,535.28
2022-03-31 12:30:54,535.16
2022-03-31 12:30:59,528.2168927973177
2022-03-31 12:31:04,535.02
2022-03-31 12:31:09,535.02
2022-03-31 12:31:14,528.3065375678308
2022-03-31 12:31:19,534.93
2022-03-31 12:31:24,534.86
2022-03-31 12:31:29,534.86
2022-03-31 12:31:34,534.86
2022-03-31 12:31:39,534.76
2022-03-31 12:31:44,534.76
2022-03-31 12:31:49,534.76
2022-03-31 12:31:54,534.69
2022-03-31 12:31:59,534.63
2022-03-31 12:32:04,534.63
2022-03-31 12:32:09,534.63
2022-03-31 12:32:14,534.62
2022-03-31 12:32:19,534.56
2022-03-31 12:32:24,534.56
2022-03-31 12:32:29,534.56
2022-03-31 12:32:34,534.5
2022-03-31 12:32:39,534.49
2022-03-31 12:32:44,534.46
2022-03-31 12:32:49,534.49
2022-03-31 12:32:54,534.49
2022-03-31 12:32:59,534.49
2022-03-31 12:33:04,534.49
2022-03-31 12:33:09,528.9952419662894
2022-03-31 12:33:14,529.0249736178351
2022-03-31 12:33:19,529.0546668202037
2022-03-31 12:33:24,534.55
2022-03-31 12:33:29,534.61
2022-03-31 12:33:34,534.61
2022-03-31 12:33:39,534.62
2022-03-31 12:33:44,534.68
2022-03-31 12:33:49,534.68
2022-03-31 12:33:54,534.74
2022-03-31 12:33:59,534.78
2022-03-31 12:34:04,534.78
2022-03-31 12:34:09,534.84
2022-03-31 12:34:14,534.84
2022-03-31 12:34:19,529.4070784980987
2022-03-31 12:34:24,534.9
2022-03-31 12:34:29,534.97
2022-03-31 12:34:34,534.97
2022-03-31 12:34:39,529.5224940930763
2022-03-31 12:34:44,535.07
2022-03-31 12:34:49,535.07
2022-03-31 12:34:54,535.13
2022-03-31 12:34:59,535.13
2022-03-31 12:35:04,535.19
2022-03-31 12:35:09,535.26
2022-03-31 12:35:14,535.26
2022-03-31 12:35:19,535.29
2022-03-31 12:35:24,535.29
2022-03-31 12:35:29,535.35
2022-03-31 12:35:34,535.42
2022-03-31 12:35:39,535.42
2022-03-31 12:35:44,529.8878350176556
2022-03-31 12:35:49,535.48
2022-03-31 12:35:54,535.51
2022-03-31 12:35:59,535.58
2022-03-31 12:36:04,535.58
2022-03-31 12:36:09,535.71
2022-03-31 12:36:14,535.71
2022-03-31 12:36:19,535.77
2022-03-31 12:36:24,535.8
2022-03-31 12:36:29,535.86
2022-03-31 12:36:34,535.93
2022-03-31 12:36:39,535.99
2022-03-31 12:36:44,530.2082083559183
2022-03-31 12:36:49,536.09
2022-03-31 12:36:54,536.15
2022-03-31 12:36:59,536.22
2022-03-31 12:37:04,536.28
2022-03-31 12:37:09,530.3358591576153
2022-03-31 12:37:14,536.44
2022-03-31 12:37:19,536.51
2022-03-31 12:37:24,536.53
2022-03-31 12:37:29,536.67
2022-03-31 12:37:34,536.73
2022-03-31 12:37:39,536.79
2022-03-31 12:37:44,536.82
2022-03-31 12:37:49,536.95
2022-03-31 12:37:54,537.05
2022-03-31 12:37:59,537.05
2022-03-31 12:38:04,537.24
2022-03-31 12:38:09,537.3
2022-03-31 12:38:14,537.34
2022-03-31 12:38:19,537.53
2022-03-31 12:38:24,537.56
2022-03-31 12:38:29,537.69
2022-03-31 12:38:34,530.7389075064417
2022-03-31 12:38:39,537.85
2022-03-31 12:38:44,537.98
2022-03-31 12:38:49,538.07
2022-03-31 12:38:54,538.14
2022-03-31 12:38:59,538.26
2022-03-31 12:39:04,538.36
2022-03-31 12:39:09,538.42
2022-03-31 12:39:14,538.55
2022-03-31 12:39:19,538.58
2022-03-31 12:39:24,538.64
2022-03-31 12:39:29,538.78
2022-03-31 12:39:34,538.87
2022-03-31 12:39:39,538.94
2022-03-31 12:39:44,539.0
2022-03-31 12:39:49,539.07
2022-03-31 12:39:54,539.16
2022-03-31 12:39:59,539.16
2022-03-31 12:40:04,531.1049706331396
2022-03-31 12:40:09,539.39
2022-03-31 12:40:14,539.38
2022-03-31 12:40:19,539.51
2022-03-31 12:40:24,539.51
2022-03-31 12:40:29,539.57
2022-03-31 12:40:34,539.61
2022-03-31 12:40:39,539.67
2022-03-31 12:40:44,539.73
2022-03-31 12:40:49,531.2620772955189
2022-03-31 12:40:54,539.79
2022-03-31 12:40:59,539.89
2022-03-31 12:41:04,539.96
2022-03-31 12:41:09,540.02
2022-03-31 12:41:14,540.02
2022-03-31 12:41:19,531.3565709861023
2022-03-31 12:41:24,531.3714989521666
2022-03-31 12:41:29,540.11
2022-03-31 12:41:34,540.18
2022-03-31 12:41:39,540.17
2022-03-31 12:41:44,540.24
2022-03-31 12:41:49,540.3
2022-03-31 12:41:54,540.3
2022-03-31 12:41:59,540.36
2022-03-31 12:42:04,540.36
2022-03-31 12:42:09,540.3
2022-03-31 12:42:14,531.507473069645
2022-03-31 12:42:19,531.5197113817802
2022-03-31 12:42:24,540.3
2022-03-31 12:42:29,540.3
2022-03-31 12:42:34,540.3
2022-03-31 12:42:39,540.3
2022-03-31 12:42:44,540.3
2022-03-31 12:42:49,540.3
2022-03-31 12:42:54,540.3
2022-03-31 12:42:59,540.23
2022-03-31 12:43:04,540.23
2022-03-31 12:43:09,540.23
2022-03-31 12:43:14,531.6373956234036
2022-03-31 12:43:19,540.17
2022-03-31 12:43:24,540.1
2022-03-31 12:43:29,540.1
2022-03-31 12:43:34,540.1
2022-03-31 12:43:39,540.1
2022-03-31 12:43:44,540.07
2022-03-31 12:43:49,540.07
2022-03-31 12:43:54,540.01
2022-03-31 12:43:59,540.01
2022-03-31 12:44:04,539.94
2022-03-31 12:44:09,539.88
2022-03-31 12:44:14,539.85
2022-03-31 12:44:19,539.79
2022-03-31 12:44:24,539.72
2022-03-31 12:44:29,539.72
2022-03-31 12:44:34,539.65
2022-03-31 12:44:39,539.65
2022-03-31 12:44:44,539.59
2022-03-31 12:44:49,539.59
2022-03-31 12:44:54,539.56
2022-03-31 12:44:59,539.56
2022-03-31 12:45:04,531.7742715810236
2022-03-31 12:45:09,539.36
2022-03-31 12:45:14,539.36
2022-03-31 12:45:19,539.33
2022-03-31 12:45:24,539.26
2022-03-31 12:45:29,539.26
2022-03-31 12:45:34,539.2
2022-03-31 12:45:39,539.14
2022-03-31 12:45:44,539.14
2022-03-31 12:45:49,539.04
2022-03-31 12:45:54,539.04
2022-03-31 12:45:59,538.91
2022-03-31 12:46:04,538.91
2022-03-31 12:46:09,538.85
2022-03-31 12:46:14,538.81
2022-03-31 12:46:19,538.81
2022-03-31 12:46:24,538.75
2022-03-31 12:46:29,538.62
2022-03-31 12:46:34,538.62
2022-03-31 12:46:39,538.56
2022-03-31 12:46:44,538.52
2022-03-31 12:46:49,538.52
2022-03-31 12:46:54,538.46
2022-03-31 12:46:59,538.39
2022-03-31 12:47:04,538.29
2022-03-31 12:47:09,538.29
2022-03-31 12:47:14,538.23
2022-03-31 12:47:19,538.17
2022-03-31 12:47:24,538.1
2022-03-31 12:47:29,538.1
2022-03-31 12:47:34,538.1
2022-03-31 12:47:39,538.04
2022-03-31 12:47:44,538.04
2022-03-31 12:47:49,538.01
2022-03-31 12:47:54,538.01
2022-03-31 12:47:59,538.0
2022-03-31 12:48:04,538.0
2022-03-31 12:48:09,538.0
2022-03-31 12:48:14,538.0
2022-03-31 12:48:19,538.0
2022-03-31 12:48:24,537.94
2022-03-31 12:48:29,538.0
2022-03-31 12:48:34,538.0
2022-03-31 12:48:39,538.0
2022-03-31 12:48:44,538.0
2022-03-31 12:48:49,538.03
2022-03-31 12:48:54,538.03
2022-03-31 12:48:59,538.03
2022-03-31 12:49:04,538.03
2022-03-31 12:49:09,538.03
2022-03-31 12:49:14,538.16
2022-03-31 12:49:19,538.09
2022-03-31 12:49:24,538.09
2022-03-31 12:49:29,538.15
2022-03-31 12:49:34,538.22
2022-03-31 12:49:39,538.15
2022-03-31 12:49:44,531.4460314880912
2022-03-31 12:49:49,538.22
2022-03-31 12:49:54,538.22
2022-03-31 12:49:59,538.15
2022-03-31 12:50:04,538.22
2022-03-31 12:50:09,538.21
2022-03-31 12:50:14,531.3464785328092
2022-03-31 12:50:19,538.28
2022-03-31 12:50:24,538.27
2022-03-31 12:50:29,538.27
2022-03-31 12:50:34,538.3
2022-03-31 12:50:39,538.31
2022-03-31 12:50:44,531.2334053148229
2022-03-31 12:50:49,538.31
2022-03-31 12:50:54,531.192661298835
2022-03-31 12:50:59,538.37
2022-03-31 12:51:04,538.37
2022-03-31 12:51:09,538.3
2022-03-31 12:51:14,538.37
2022-03-31 12:51:19,538.31
2022-03-31 12:51:24,538.27
2022-03-31 12:51:29,538.3
2022-03-31 12:51:34,538.3
2022-03-31 12:51:39,538.3
2022-03-31 12:51:44,538.27
2022-03-31 12:51:49,538.27
2022-03-31 12:51:54,538.27
2022-03-31 12:51:59,538.27
2022-03-31 12:52:04,538.27
2022-03-31 12:52:09,538.27
2022-03-31 12:52:14,538.27
2022-03-31 12:52:19,538.31
2022-03-31 12:52:24,538.31
2022-03-31 12:52:29,538.3
2022-03-31 12:52:34,538.3
2022-03-31 12:52:39,538.3
2022-03-31 12:52:44,538.27
2022-03-31 12:52:49,538.31
2022-03-31 12:52:54,538.31
2022-03-31 12:52:59,538.31
2022-03-31 12:53:04,538.37
2022-03-31 12:53:09,538.31
2022-03-31 12:53:14,538.37
2022-03-31 12:53:19,530.4244350860589
2022-03-31 12:53:24,538.37
2022-03-31 12:53:29,538.37
2022-03-31 12:53:34,538.37
2022-03-31 12:53:39,538.37
2022-03-31 12:53:44,538.37
2022-03-31 12:53:49,538.44
2022-03-31 12:53:54,538.44
2022-03-31 12:53:59,538.44
2022-03-31 12:54:04,530.1207819151958
2022-03-31 12:54:09,530.0853479135128
2022-03-31 12:54:14,538.5
2022-03-31 12:54:19,530.0135103080573
2022-03-31 12:54:24,538.53
2022-03-31 12:54:29,538.53
2022-03-31 12:54:34,538.53
2022-03-31 12:54:39,529.866066948577
2022-03-31 12:54:44,538.6
2022-03-31 12:54:49,538.6
2022-03-31 12:54:54,538.66
2022-03-31 12:54:59,538.66
2022-03-31 12:55:04,538.6
2022-03-31 12:55:09,538.66
2022-03-31 12:55:14,538.66
2022-03-31 12:55:19,529.5569897136616
2022-03-31 12:55:24,538.66
2022-03-31 12:55:29,538.66
2022-03-31 12:55:34,538.66
2022-03-31 12:55:39,538.66
2022-03-31 12:55:44,538.66
2022-03-31 12:55:49,538.6
2022-03-31 12:55:54,538.6
2022-03-31 12:55:59,538.53
2022-03-31 12:56:04,538.53
2022-03-31 12:56:09,538.53
2022-03-31 12:56:14,529.1042694537501
2022-03-31 12:56:19,538.5
2022-03-31 12:56:24,538.43
2022-03-31 12:56:29,538.43
2022-03-31 12:56:34,528.9325862430574
2022-03-31 12:56:39,538.31
2022-03-31 12:56:44,538.3
2022-03-31 12:56:49,538.27
2022-03-31 12:56:54,528.7575379815898
2022-03-31 12:56:59,538.15
2022-03-31 12:57:04,538.08
2022-03-31 12:57:09,538.08
2022-03-31 12:57:14,538.01
2022-03-31 12:57:19,538.01
2022-03-31 12:57:24,537.91
2022-03-31 12:57:29,537.85
2022-03-31 12:57:34,537.79
2022-03-31 12:57:39,537.75
2022-03-31 12:57:44,537.69
2022-03-31 12:57:49,537.62
2022-03-31 12:57:54,537.56
2022-03-31 12:57:59,537.56
2022-03-31 12:58:04,528.1220078646802
2022-03-31 12:58:09,537.4
2022-03-31 12:58:14,537.46
2022-03-31 12:58:19,537.33
2022-03-31 12:58:24,537.33
2022-03-31 12:58:29,537.27
2022-03-31 12:58:34,537.23
2022-03-31 12:58:39,537.17
2022-03-31 12:58:44,537.1
2022-03-31 12:58:49,537.04
2022-03-31 12:58:54,536.97
2022-03-31 12:58:59,536.94
2022-03-31 12:59:04,536.87
2022-03-31 12:59:09,536.81
2022-03-31 12:59:14,536.75
2022-03-31 12:59:19,536.71
2022-03-31 12:59:24,527.3628535358732
2022-03-31 12:59:29,536.59
2022-03-31 12:59:34,527.2662527472644
2022-03-31 12:59:39,536.58
2022-03-31 12:59:44,536.45
2022-03-31 12:59:49,536.45
2022-03-31 12:59:54,536.42
2022-03-31 12:59:59,536.42
2022-03-31 13:00:04,536.36
2022-03-31 13:00:09,536.36
2022-03-31 13:00:14,536.36
2022-03-31 13:00:19,536.3
2022-03-31 13:00:24,536.29
2022-03-31 13:00:29,536.3
2022-03-31 13:00:34,526.6819921542811
2022-03-31 13:00:39,526.6330714766623
2022-03-31 13:00:44,536.23
2022-03-31 13:00:49,536.23
2022-03-31 13:00:54,536.2
2022-03-31 13:00:59,536.23
2022-03-31 13:01:04,536.2
2022-03-31 13:01:09,536.23
2022-03-31 13:01:14,536.2
2022-03-31 13:01:19,536.2
2022-03-31 13:01:24,536.2
2022-03-31 13:01:29,526.1435595884237
2022-03-31 13:01:34,536.2
2022-03-31 13:01:39,536.2
2022-03-31 13:01:44,536.14
2022-03-31 13:01:49,536.14
2022-03-31 13:01:54,536.14
2022-03-31 13:01:59,536.07
2022-03-31 13:02:04,536.08
2022-03-31 13:02:09,536.14
2022-03-31 13:02:14,536.08
2022-03-31 13:02:19,536.01
2022-03-31 13:02:24,536.01
2022-03-31 13:02:29,536.01
2022-03-31 13:02:34,535.95
2022-03-31 13:02:39,535.95
2022-03-31 13:02:44,535.95
2022-03-31 13:02:49,535.92
2022-03-31 13:02:54,535.92
2022-03-31 13:02:59,535.86
2022-03-31 13:03:04,535.86
2022-03-31 13:03:09,535.86
2022-03-31 13:03:14,525.1274511285268
2022-03-31 13:03:19,525.0799280710296
2022-03-31 13:03:24,535.73
2022-03-31 13:03:29,535.73
2022-03-31 13:03:34,535.7
2022-03-31 13:03:39,535.73
2022-03-31 13:03:44,535.73
2022-03-31 13:03:49,535.7
2022-03-31 13:03:54,524.7505293922746
2022-03-31 13:03:59,535.7
2022-03-31 13:04:04,535.63
2022-03-31 13:04:09,535.63
2022-03-31 13:04:14,535.63
2022-03-31 13:04:19,535.63
2022-03-31 13:04:24,524.4734488643072
2022-03-31 13:04:29,535.63
2022-03-31 13:04:34,524.3823254221359
2022-03-31 13:04:39,535.64
2022-03-31 13:04:44,535.64
2022-03-31 13:04:49,524.2469079876978
2022-03-31 13:04:54,535.64
2022-03-31 13:04:59,535.57
2022-03-31 13:05:04,524.1131063362343
2022-03-31 13:05:09,524.0688832252613
2022-03-31 13:05:14,535.57
2022-03-31 13:05:19,535.57
2022-03-31 13:05:24,535.57
2022-03-31 13:05:29,535.57
2022-03-31 13:05:34,535.57
2022-03-31 13:05:39,535.57
2022-03-31 13:05:44,535.57
2022-03-31 13:05:49,535.51
2022-03-31 13:05:54,535.51
2022-03-31 13:05:59,535.57
2022-03-31 13:06:04,535.51
2022-03-31 13:06:09,535.51
2022-03-31 13:06:14,535.57
2022-03-31 13:06:19,535.57
2022-03-31 13:06:24,535.57
2022-03-31 13:06:29,535.57
2022-03-31 13:06:34,523.3501804235888
2022-03-31 13:06:39,535.63
2022-03-31 13:06:44,535.63
2022-03-31 13:06:49,535.63
2022-03-31 13:06:54,535.63
2022-03-31 13:06:59,523.1521991914465
2022-03-31 13:07:04,535.7
2022-03-31 13:07:09,535.73
2022-03-31 13:07:14,535.73
2022-03-31 13:07:19,535.79
2022-03-31 13:07:24,535.79
2022-03-31 13:07:29,535.92
2022-03-31 13:07:34,535.92
2022-03-31 13:07:39,535.96
2022-03-31 13:07:44,535.95
2022-03-31 13:07:49,536.02
2022-03-31 13:07:54,536.14
2022-03-31 13:07:59,522.703486362522
2022-03-31 13:08:04,536.21
2022-03-31 13:08:09,536.21
2022-03-31 13:08:14,536.24
2022-03-31 13:08:19,536.3
2022-03-31 13:08:24,536.3
2022-03-31 13:08:29,536.37
2022-03-31 13:08:34,536.43
2022-03-31 13:08:39,536.43
2022-03-31 13:08:44,536.47
2022-03-31 13:08:49,536.53
2022-03-31 13:08:54,536.53
2022-03-31 13:08:59,536.59
2022-03-31 13:09:04,536.66
2022-03-31 13:09:09,536.66
2022-03-31 13:09:14,536.72
2022-03-31 13:09:19,536.72
2022-03-31 13:09:24,536.76
2022-03-31 13:09:29,536.82
2022-03-31 13:09:34,536.82
2022-03-31 13:09:39,536.89
2022-03-31 13:09:44,536.89
2022-03-31 13:09:49,536.95
2022-03-31 13:09:54,537.05
2022-03-31 13:09:59,537.05
2022-03-31 13:10:04,521.8902735980547
2022-03-31 13:10:09,537.11
2022-03-31 13:10:14,537.11
2022-03-31 13:10:19,537.18
2022-03-31 13:10:24,537.24
2022-03-31 13:10:29,521.7476279673263
2022-03-31 13:10:34,537.34
2022-03-31 13:10:39,537.41
2022-03-31 13:10:44,521.6652749306589
2022-03-31 13:10:49,537.47
2022-03-31 13:10:54,537.51
2022-03-31 13:10:59,537.57
2022-03-31 13:11:04,537.63
2022-03-31 13:11:09,537.7
2022-03-31 13:11:14,537.7
2022-03-31 13:11:19,537.77
2022-03-31 13:11:24,537.8
2022-03-31 13:11:29,521.4328511106856
2022-03-31 13:11:34,537.93
2022-03-31 13:11:39,538.03
2022-03-31 13:11:44,521.3602786846443
2022-03-31 13:11:49,538.09
2022-03-31 13:11:54,538.16
2022-03-31 13:11:59,538.22
2022-03-31 13:12:04,538.32
2022-03-31 13:12:09,538.38
2022-03-31 13:12:14,538.45
2022-03-31 13:12:19,538.51
2022-03-31 13:12:24,538.54
2022-03-31 13:12:29,538.61
2022-03-31 13:12:34,538.74
2022-03-31 13:12:39,538.74
2022-03-31 13:12:44,538.83
2022-03-31 13:12:49,538.9
2022-03-31 13:12:54,521.054288388223
2022-03-31 13:12:59,539.03
2022-03-31 13:13:04,539.12
2022-03-31 13:13:09,539.13
2022-03-31 13:13:14,539.26
2022-03-31 13:13:19,539.32
2022-03-31 13:13:24,539.35
2022-03-31 13:13:29,520.9216337496798
2022-03-31 13:13:34,539.42
2022-03-31 13:13:39,539.48
2022-03-31 13:13:44,539.55
2022-03-31 13:13:49,539.64
2022-03-31 13:13:54,539.64
2022-03-31 13:13:59,539.77
2022-03-31 13:14:04,539.77
2022-03-31 13:14:09,539.84
2022-03-31 13:14:14,539.87
2022-03-31 13:14:19,520.7558819499118
2022-03-31 13:14:24,540.0
2022-03-31 13:14:29,540.0
2022-03-31 13:14:34,540.06
2022-03-31 13:14:39,540.09
2022-03-31 13:14:44,540.16
2022-03-31 13:14:49,520.6699424740282
2022-03-31 13:14:54,520.656609683101
2022-03-31 13:14:59,540.38
2022-03-31 13:15:04,540.45
2022-03-31 13:15:09,520.6183145111806
2022-03-31 13:15:14,540.51
2022-03-31 13:15:19,540.61
2022-03-31 13:15:24,540.67
2022-03-31 13:15:29,540.74
2022-03-31 13:15:34,540.74
2022-03-31 13:15:39,540.87
2022-03-31 13:15:44,520.5389283149975
2022-03-31 13:15:49,540.96
2022-03-31 13:15:54,541.03
2022-03-31 13:15:59,541.09
2022-03-31 13:16:04,541.12
2022-03-31 13:16:09,541.18
2022-03-31 13:16:14,541.25
2022-03-31 13:16:19,541.31
2022-03-31 13:16:24,541.38
2022-03-31 13:16:29,541.41
2022-03-31 13:16:34,541.41
2022-03-31 13:16:39,541.54
2022-03-31 13:16:44,541.54
2022-03-31 13:16:49,541.6
2022-03-31 13:16:54,541.63
2022-03-31 13:16:59,541.63
2022-03-31 13:17:04,541.7
2022-03-31 13:17:09,541.76
2022-03-31 13:17:14,541.76
2022-03-31 13:17:19,541.83
2022-03-31 13:17:24,541.89
2022-03-31 13:17:29,541.92
2022-03-31 13:17:34,541.92
2022-03-31 13:17:39,541.99
2022-03-31 13:17:44,542.11
2022-03-31 13:17:49,542.11
2022-03-31 13:17:54,542.21
2022-03-31 13:17:59,542.21
2022-03-31 13:18:04,542.21
2022-03-31 13:18:09,542.28
2022-03-31 13:18:14,542.34
2022-03-31 13:18:19,542.34
2022-03-31 13:18:24,520.3560620646259
2022-03-31 13:18:29,542.4
2022-03-31 13:18:34,542.44
2022-03-31 13:18:39,542.44
2022-03-31 13:18:44,520.354250209204
2022-03-31 13:18:49,542.57
2022-03-31 13:18:54,542.63
2022-03-31 13:18:59,542.66
2022-03-31 13:19:04,520.3571716350449
2022-03-31 13:19:09,542.73
2022-03-31 13:19:14,542.73
2022-03-31 13:19:19,520.3624790802361
2022-03-31 13:19:24,520.364843231469
2022-03-31 13:19:29,542.92
2022-03-31 13:19:34,542.86
2022-03-31 13:19:39,542.86
2022-03-31 13:19:44,542.96
2022-03-31 13:19:49,520.381138384206
2022-03-31 13:19:54,542.96
2022-03-31 13:19:59,542.96
2022-03-31 13:20:04,543.03
2022-03-31 13:20:09,543.03
2022-03-31 13:20:14,543.03
2022-03-31 13:20:19,543.03
2022-03-31 13:20:24,543.03
2022-03-31 13:20:29,543.09
2022-03-31 13:20:34,543.03
2022-03-31 13:20:39,543.09
2022-03-31 13:20:44,543.09
2022-03-31 13:20:49,543.1
2022-03-31 13:20:54,543.1
2022-03-31 13:20:59,543.16
2022-03-31 13:21:04,543.16
2022-03-31 13:21:09,543.16
2022-03-31 13:21:14,543.16
2022-03-31 13:21:19,543.16
2022-03-31 13:21:24,543.17
2022-03-31 13:21:29,543.17
2022-03-31 13:21:34,543.17
2022-03-31 13:21:39,543.17
2022-03-31 13:21:44,543.17
2022-03-31 13:21:49,543.17
2022-03-31 13:21:54,520.5746117202237
2022-03-31 13:21:59,543.1
2022-03-31 13:22:04,543.1
2022-03-31 13:22:09,543.1
2022-03-31 13:22:14,543.1
2022-03-31 13:22:19,520.6351995252
2022-03-31 13:22:24,543.04
2022-03-31 13:22:29,543.04
2022-03-31 13:22:34,542.98
2022-03-31 13:22:39,520.6887335283989
2022-03-31 13:22:44,542.94
2022-03-31 13:22:49,542.95
2022-03-31 13:22:54,542.89
2022-03-31 13:22:59,542.88
2022-03-31 13:23:04,542.88
2022-03-31 13:23:09,542.82
2022-03-31 13:23:14,520.79305044895
2022-03-31 13:23:19,520.8090420726571
2022-03-31 13:23:24,542.66
2022-03-31 13:23:29,542.66
2022-03-31 13:23:34,542.53
2022-03-31 13:23:39,542.53
2022-03-31 13:23:44,542.47
2022-03-31 13:23:49,542.43
2022-03-31 13:23:54,542.37
2022-03-31 13:23:59,542.37
2022-03-31 13:24:04,520.9649738651821
2022-03-31 13:24:09,542.18
2022-03-31 13:24:14,542.08
2022-03-31 13:24:19,542.08
2022-03-31 13:24:24,542.08
2022-03-31 13:24:29,521.0607724621482
2022-03-31 13:24:34,541.92
2022-03-31 13:24:39,541.79
2022-03-31 13:24:44,541.73
2022-03-31 13:24:49,541.67
2022-03-31 13:24:54,541.63
2022-03-31 13:24:59,541.57
2022-03-31 13:25:04,541.44
2022-03-31 13:25:09,541.41
2022-03-31 13:25:14,541.28
2022-03-31 13:25:19,541.22
2022-03-31 13:25:24,541.22
2022-03-31 13:25:29,541.12
2022-03-31 13:25:34,541.12
2022-03-31 13:25:39,540.99
2022-03-31 13:25:44,540.99
2022-03-31 13:25:49,540.93
2022-03-31 13:25:54,540.89
2022-03-31 13:25:59,540.83
2022-03-31 13:26:04,540.77
2022-03-31 13:26:09,540.64
2022-03-31 13:26:14,521.5315736845911
2022-03-31 13:26:19,540.54
2022-03-31 13:26:24,540.54
2022-03-31 13:26:29,540.41
2022-03-31 13:26:34,540.31
2022-03-31 13:26:39,540.32
2022-03-31 13:26:44,540.25
2022-03-31 13:26:49,521.7120365669905
2022-03-31 13:26:54,540.12
2022-03-31 13:26:59,540.03
2022-03-31 13:27:04,539.96
2022-03-31 13:27:09,539.9
2022-03-31 13:27:14,539.8
2022-03-31 13:27:19,521.8756555930094
2022-03-31 13:27:24,539.68
2022-03-31 13:27:29,539.58
2022-03-31 13:27:34,539.52
2022-03-31 13:27:39,539.39
2022-03-31 13:27:44,539.39
2022-03-31 13:27:49,539.29
2022-03-31 13:27:54,539.17
2022-03-31 13:27:59,539.1
2022-03-31 13:28:04,539.07
2022-03-31 13:28:09,538.94
2022-03-31 13:28:14,538.94
2022-03-31 13:28:19,538.85
2022-03-31 13:28:24,522.2574283649939
2022-03-31 13:28:29,538.72
2022-03-31 13:28:34,538.59
2022-03-31 13:28:39,538.5
2022-03-31 13:28:44,538.43
2022-03-31 13:28:49,538.34
2022-03-31 13:28:54,538.34
2022-03-31 13:28:59,538.21
2022-03-31 13:29:04,538.15
2022-03-31 13:29:09,538.08
2022-03-31 13:29:14,537.99
2022-03-31 13:29:19,537.99
2022-03-31 13:29:24,537.86
2022-03-31 13:29:29,537.86
2022-03-31 13:29:34,537.83
2022-03-31 13:29:39,537.77
2022-03-31 13:29:44,522.7759054690894
2022-03-31 13:29:49,537.64
2022-03-31 13:29:54,537.58
2022-03-31 13:29:59,537.54
2022-03-31 13:30:04,537.48
2022-03-31 13:30:09,537.42
2022-03-31 13:30:14,522.9834170641404
2022-03-31 13:30:19,537.32
2022-03-31 13:30:24,537.32
2022-03-31 13:30:29,537.26
2022-03-31 13:30:34,537.19
2022-03-31 13:30:39,537.13
2022-03-31 13:30:44,523.1977400069518
2022-03-31 13:30:49,537.07
2022-03-31 13:30:54,537.07
2022-03-31 13:30:59,537.04
2022-03-31 13:31:04,536.97
2022-03-31 13:31:09,536.97
2022-03-31 13:31:14,536.91
2022-03-31 13:31:19,536.91
2022-03-31 13:31:24,536.91
2022-03-31 13:31:29,536.91
2022-03-31 13:31:34,536.85
2022-03-31 13:31:39,536.84
2022-03-31 13:31:44,536.85
2022-03-31 13:31:49,536.85
2022-03-31 13:31:54,523.7231430645636
2022-03-31 13:31:59,536.81
2022-03-31 13:32:04,536.85
2022-03-31 13:32:09,536.82
2022-03-31 13:32:14,536.81
2022-03-31 13:32:19,536.82
2022-03-31 13:32:24,536.82
2022-03-31 13:32:29,523.9984964191666
2022-03-31 13:32:34,536.82
2022-03-31 13:32:39,536.85
2022-03-31 13:32:44,536.85
2022-03-31 13:32:49,536.85
2022-03-31 13:32:54,536.85
2022-03-31 13:32:59,536.92
2022-03-31 13:33:04,536.91
2022-03-31 13:33:09,536.98
2022-03-31 13:33:14,536.98
2022-03-31 13:33:19,537.04
2022-03-31 13:33:24,537.07
2022-03-31 13:33:29,537.14
2022-03-31 13:33:34,537.2
2022-03-31 13:33:39,537.26
2022-03-31 13:33:44,537.27
2022-03-31 13:33:49,537.36
2022-03-31 13:33:54,537.42
2022-03-31 13:33:59,524.7424516995759
2022-03-31 13:34:04,537.56
2022-03-31 13:34:09,537.59
2022-03-31 13:34:14,524.8711867003533
2022-03-31 13:34:19,524.9143853038024
2022-03-31 13:34:24,537.88
2022-03-31 13:34:29,537.94
2022-03-31 13:34:34,538.0
2022-03-31 13:34:39,538.07
2022-03-31 13:34:44,538.16
2022-03-31 13:34:49,538.23
2022-03-31 13:34:54,538.29
2022-03-31 13:34:59,538.39
2022-03-31 13:35:04,538.52
2022-03-31 13:35:09,538.58
2022-03-31 13:35:14,538.75
2022-03-31 13:35:19,538.81
2022-03-31 13:35:24,538.87
2022-03-31 13:35:29,538.97
2022-03-31 13:35:34,539.04
2022-03-31 13:35:39,539.1
2022-03-31 13:35:44,525.6694104062614
2022-03-31 13:35:49,539.33
2022-03-31 13:35:54,539.39
2022-03-31 13:35:59,539.42
2022-03-31 13:36:04,539.49
2022-03-31 13:36:09,539.65
2022-03-31 13:36:14,539.71
2022-03-31 13:36:19,539.71
2022-03-31 13:36:24,539.84
2022-03-31 13:36:29,539.91
2022-03-31 13:36:34,539.94
2022-03-31 13:36:39,540.0
2022-03-31 13:36:44,540.07
2022-03-31 13:36:49,540.17
2022-03-31 13:36:54,540.23
2022-03-31 13:36:59,526.3637740902675
2022-03-31 13:37:04,526.4108580290161
2022-03-31 13:37:09,540.36
2022-03-31 13:37:14,540.43
2022-03-31 13:37:19,526.5526415731435
2022-03-31 13:37:24,540.53
2022-03-31 13:37:29,540.59
2022-03-31 13:37:34,540.66
2022-03-31 13:37:39,540.66
2022-03-31 13:37:44,540.69
2022-03-31 13:37:49,540.76
2022-03-31 13:37:54,526.8863586838238
2022-03-31 13:37:59,540.82
2022-03-31 13:38:04,526.9823895505943
2022-03-31 13:38:09,540.89
2022-03-31 13:38:14,540.89
2022-03-31 13:38:19,527.1269553481507
2022-03-31 13:38:24,527.1752758439783
2022-03-31 13:38:29,540.99
2022-03-31 13:38:34,541.05
2022-03-31 13:38:39,541.05
2022-03-31 13:38:44,541.05
2022-03-31 13:38:49,541.05
2022-03-31 13:38:54,527.4664676037314
2022-03-31 13:38:59,541.12
2022-03-31 13:39:04,541.18
2022-03-31 13:39:09,541.22
2022-03-31 13:39:14,541.22
2022-03-31 13:39:19,527.7106064174725
2022-03-31 13:39:24,527.759575619203
2022-03-31 13:39:29,527.8085880962628
2022-03-31 13:39:34,541.22
2022-03-31 13:39:39,541.22
2022-03-31 13:39:44,541.22
2022-03-31 13:39:49,541.29
2022-03-31 13:39:54,541.29
2022-03-31 13:39:59,541.35
2022-03-31 13:40:04,541.35
2022-03-31 13:40:09,528.2020467446445
2022-03-31 13:40:14,528.2513740446888
2022-03-31 13:40:19,541.41
2022-03-31 13:40:24,541.41
2022-03-31 13:40:29,541.41
2022-03-31 13:40:34,528.4489335082149
2022-03-31 13:40:39,541.48
2022-03-31 13:40:44,541.48
2022-03-31 13:40:49,541.51
2022-03-31 13:40:54,541.51
2022-03-31 13:40:59,541.51
2022-03-31 13:41:04,541.51
2022-03-31 13:41:09,541.51
2022-03-31 13:41:14,541.51
2022-03-31 13:41:19,541.58
2022-03-31 13:41:24,541.58
2022-03-31 13:41:29,541.64
2022-03-31 13:41:34,529.0431119312484
2022-03-31 13:41:39,541.58
2022-03-31 13:41:44,541.58
2022-03-31 13:41:49,541.64
2022-03-31 13:41:54,529.24131749653
2022-03-31 13:41:59,541.64
2022-03-31 13:42:04,541.71
2022-03-31 13:42:09,529.3899092831166
2022-03-31 13:42:14,541.71
2022-03-31 13:42:19,541.7
2022-03-31 13:42:24,541.74
2022-03-31 13:42:29,541.74
2022-03-31 13:42:34,541.74
2022-03-31 13:42:39,541.74
2022-03-31 13:42:44,529.7361445239942
2022-03-31 13:42:49,541.8
2022-03-31 13:42:54,541.8
2022-03-31 13:42:59,541.8
2022-03-31 13:43:04,541.8
2022-03-31 13:43:09,541.74
2022-03-31 13:43:14,541.8
2022-03-31 13:43:19,541.8
2022-03-31 13:43:24,541.87
2022-03-31 13:43:29,530.1795623927087
2022-03-31 13:43:34,541.8
2022-03-31 13:43:39,541.86
2022-03-31 13:43:44,541.8
2022-03-31 13:43:49,541.8
2022-03-31 13:43:54,541.86
2022-03-31 13:43:59,541.86
2022-03-31 13:44:04,541.86
2022-03-31 13:44:09,541.79
2022-03-31 13:44:14,541.79
2022-03-31 13:44:19,530.6685848923414
2022-03-31 13:44:24,541.73
2022-03-31 13:44:29,541.73
2022-03-31 13:44:34,541.73
2022-03-31 13:44:39,541.7
2022-03-31 13:44:44,530.9111521181812
2022-03-31 13:44:49,541.7
2022-03-31 13:44:54,541.7
2022-03-31 13:44:59,541.63
2022-03-31 13:45:04,541.63
2022-03-31 13:45:09,541.57
2022-03-31 13:45:14,541.57
2022-03-31 13:45:19,541.57
2022-03-31 13:45:24,541.51
2022-03-31 13:45:29,541.47
2022-03-31 13:45:34,541.51
2022-03-31 13:45:39,541.41
2022-03-31 13:45:44,541.41
2022-03-31 13:45:49,541.28
2022-03-31 13:45:54,541.29
2022-03-31 13:45:59,541.29
2022-03-31 13:46:04,541.22
2022-03-31 13:46:09,541.19
2022-03-31 13:46:14,541.19
2022-03-31 13:46:19,541.19
2022-03-31 13:46:24,541.13
2022-03-31 13:46:29,531.9103470899792
2022-03-31 13:46:34,541.0
2022-03-31 13:46:39,541.0
2022-03-31 13:46:44,540.97
2022-03-31 13:46:49,540.91
2022-03-31 13:46:54,540.9
2022-03-31 13:46:59,540.91
2022-03-31 13:47:04,540.84
2022-03-31 13:47:09,532.2804889208552
2022-03-31 13:47:14,532.3262745169209
2022-03-31 13:47:19,532.3719474423671
2022-03-31 13:47:24,540.72
2022-03-31 13:47:29,540.62
2022-03-31 13:47:34,540.62
2022-03-31 13:47:39,540.56
2022-03-31 13:47:44,540.49
2022-03-31 13:47:49,532.6435260080775
2022-03-31 13:47:54,540.4
2022-03-31 13:47:59,540.4
2022-03-31 13:48:04,540.34
2022-03-31 13:48:09,540.34
2022-03-31 13:48:14,540.27
2022-03-31 13:48:19,540.2
2022-03-31 13:48:24,540.17
2022-03-31 13:48:29,540.11
2022-03-31 13:48:34,540.17
2022-03-31 13:48:39,540.05
2022-03-31 13:48:44,540.11
2022-03-31 13:48:49,539.98
2022-03-31 13:48:54,539.98
2022-03-31 13:48:59,539.98
2022-03-31 13:49:04,539.95
2022-03-31 13:49:09,539.89
2022-03-31 13:49:14,539.89
2022-03-31 13:49:19,539.88
2022-03-31 13:49:24,539.89
2022-03-31 13:49:29,539.82
2022-03-31 13:49:34,539.82
2022-03-31 13:49:39,539.82
2022-03-31 13:49:44,539.76
2022-03-31 13:49:49,533.6818529563895
2022-03-31 13:49:54,539.76
2022-03-31 13:49:59,539.69
2022-03-31 13:50:04,539.69
2022-03-31 13:50:09,539.66
2022-03-31 13:50:14,539.69
2022-03-31 13:50:19,533.9281823000337
2022-03-31 13:50:24,539.69
2022-03-31 13:50:29,539.69
2022-03-31 13:50:34,539.69
2022-03-31 13:50:39,539.69
2022-03-31 13:50:44,534.1291461286156
2022-03-31 13:50:49,534.1688594106528
2022-03-31 13:50:54,534.2084110693472
2022-03-31 13:50:59,539.69
2022-03-31 13:51:04,539.75
2022-03-31 13:51:09,539.76
2022-03-31 13:51:14,534.3649860811379
2022-03-31 13:51:19,539.82
2022-03-31 13:51:24,534.4422838405446
2022-03-31 13:51:29,539.82
2022-03-31 13:51:34,539.82
2022-03-31 13:51:39,539.82
2022-03-31 13:51:44,539.88
2022-03-31 13:51:49,539.88
2022-03-31 13:51:54,539.95
2022-03-31 13:51:59,539.95
2022-03-31 13:52:04,539.98
2022-03-31 13:52:09,539.98
2022-03-31 13:52:14,539.97
2022-03-31 13:52:19,540.1
2022-03-31 13:52:24,540.1
2022-03-31 13:52:29,540.17
2022-03-31 13:52:34,540.2
2022-03-31 13:52:39,540.2
2022-03-31 13:52:44,540.26
2022-03-31 13:52:49,540.33
2022-03-31 13:52:54,540.33
2022-03-31 13:52:59,540.33
2022-03-31 13:53:04,540.39
2022-03-31 13:53:09,540.46
2022-03-31 13:53:14,540.45
2022-03-31 13:53:19,540.55
2022-03-31 13:53:24,540.55
2022-03-31 13:53:29,540.61
2022-03-31 13:53:34,540.61
2022-03-31 13:53:39,540.68
2022-03-31 13:53:44,540.71
2022-03-31 13:53:49,540.77
2022-03-31 13:53:54,535.5181383179315
2022-03-31 13:53:59,540.84
2022-03-31 13:54:04,540.9
2022-03-31 13:54:09,535.6166569133853
2022-03-31 13:54:14,540.91
2022-03-31 13:54:19,535.6813752471254
2022-03-31 13:54:24,541.0
2022-03-31 13:54:29,541.0
2022-03-31 13:54:34,541.0
2022-03-31 13:54:39,541.06
2022-03-31 13:54:44,541.07
2022-03-31 13:54:49,541.13
2022-03-31 13:54:54,541.13
2022-03-31 13:54:59,541.13
2022-03-31 13:55:04,541.2
2022-03-31 13:55:09,541.2
2022-03-31 13:55:14,541.23
2022-03-31 13:55:19,541.23
2022-03-31 13:55:24,536.0828600387008
2022-03-31 13:55:29,541.23
2022-03-31 13:55:34,541.23
2022-03-31 13:55:39,541.3
2022-03-31 13:55:44,541.3
2022-03-31 13:55:49,536.2281920945724
2022-03-31 13:55:54,536.2566382075497
2022-03-31 13:55:59,541.36
2022-03-31 13:56:04,541.36
2022-03-31 13:56:09,541.36
2022-03-31 13:56:14,541.36
2022-03-31 13:56:19,541.43
2022-03-31 13:56:24,541.36
2022-03-31 13:56:29,541.49
2022-03-31 13:56:34,541.43
2022-03-31 13:56:39,541.43
2022-03-31 13:56:44,541.43
2022-03-31 13:56:49,541.49
2022-03-31 13:56:54,541.5
2022-03-31 13:56:59,541.49
2022-03-31 13:57:04,541.5
2022-03-31 13:57:09,541.53
2022-03-31 13:57:14,541.53
2022-03-31 13:57:19,541.53
2022-03-31 13:57:24,536.7322585976809
2022-03-31 13:57:29,541.53
2022-03-31 13:57:34,536.7807391429104
2022-03-31 13:57:39,541.6
2022-03-31 13:57:44,541.6
2022-03-31 13:57:49,541.66
2022-03-31 13:57:54,541.66
2022-03-31 13:57:59,541.66
2022-03-31 13:58:04,536.9207813293835
2022-03-31 13:58:09,541.66
2022-03-31 13:58:14,541.73
2022-03-31 13:58:19,541.73
2022-03-31 13:58:24,541.73
2022-03-31 13:58:29,541.73
2022-03-31 13:58:34,541.66
2022-03-31 13:58:39,541.73
2022-03-31 13:58:44,541.73
2022-03-31 13:58:49,541.66
2022-03-31 13:58:54,541.73
2022-03-31 13:58:59,541.66
2022-03-31 13:59:04,541.66
2022-03-31 13:59:09,541.73
2022-03-31 13:59:14,541.73
2022-03-31 13:59:19,541.66
2022-03-31 13:59:24,541.66
2022-03-31 13:59:29,541.66
2022-03-31 13:59:34,541.6
2022-03-31 13:59:39,537.3091714439513
2022-03-31 13:59:44,541.6
2022-03-31 13:59:49,541.54
2022-03-31 13:59:54,541.6
2022-03-31 13:59:59,541.6
2022-03-31 14:00:04,541.54
2022-03-31 14:00:09,541.53
2022-03-31 14:00:14,541.53
2022-03-31 14:00:19,541.5
2022-03-31 14:00:24,541.5
2022-03-31 14:00:29,541.5
2022-03-31 14:00:34,541.5
2022-03-31 14:00:39,537.5095714426071
2022-03-31 14:00:44,537.5246490401923
2022-03-31 14:00:49,541.44
2022-03-31 14:00:54,541.37
2022-03-31 14:00:59,541.38
2022-03-31 14:01:04,541.37
2022-03-31 14:01:09,541.37
2022-03-31 14:01:14,541.37
2022-03-31 14:01:19,541.31
2022-03-31 14:01:24,541.31
2022-03-31 14:01:29,541.24
2022-03-31 14:01:34,541.24
2022-03-31 14:01:39,541.24
2022-03-31 14:01:44,541.21
2022-03-31 14:01:49,541.15
2022-03-31 14:01:54,541.08
2022-03-31 14:01:59,541.08
2022-03-31 14:02:04,541.08
2022-03-31 14:02:09,541.15
2022-03-31 14:02:14,541.08
2022-03-31 14:02:19,541.01
2022-03-31 14:02:24,541.01
2022-03-31 14:02:29,541.01
2022-03-31 14:02:34,540.98
2022-03-31 14:02:39,541.01
2022-03-31 14:02:44,540.92
2022-03-31 14:02:49,540.98
2022-03-31 14:02:54,540.92
2022-03-31 14:02:59,540.92
2022-03-31 14:03:04,540.92
2022-03-31 14:03:09,540.85
2022-03-31 14:03:14,540.85
2022-03-31 14:03:19,540.79
2022-03-31 14:03:24,540.73
2022-03-31 14:03:29,540.72
2022-03-31 14:03:34,540.7
2022-03-31 14:03:39,540.63
2022-03-31 14:03:44,540.63
2022-03-31 14:03:49,540.57
2022-03-31 14:03:54,540.57
2022-03-31 14:03:59,540.47
2022-03-31 14:04:04,537.9129502034266
2022-03-31 14:04:09,537.9172315722644
2022-03-31 14:04:14,540.41
2022-03-31 14:04:19,540.34
2022-03-31 14:04:24,540.34
2022-03-31 14:04:29,540.22
2022-03-31 14:04:34,540.28
2022-03-31 14:04:39,540.22
2022-03-31 14:04:44,540.22
2022-03-31 14:04:49,540.18
2022-03-31 14:04:54,540.12
2022-03-31 14:04:59,540.12
2022-03-31 14:05:04,540.06
2022-03-31 14:05:09,540.06
2022-03-31 14:05:14,540.0
2022-03-31 14:05:19,539.97
2022-03-31 14:05:24,539.97
2022-03-31 14:05:29,539.9
2022-03-31 14:05:34,537.9516271274903
2022-03-31 14:05:39,539.84
2022-03-31 14:05:44,539.77
2022-03-31 14:05:49,539.77
2022-03-31 14:05:54,539.71
2022-03-31 14:05:59,539.68
2022-03-31 14:06:04,539.68
2022-03-31 14:06:09,539.61
2022-03-31 14:06:14,539.61
2022-03-31 14:06:19,539.55
2022-03-31 14:06:24,539.48
2022-03-31 14:06:29,539.48
2022-03-31 14:06:34,539.45
2022-03-31 14:06:39,539.39
2022-03-31 14:06:44,539.39
2022-03-31 14:06:49,539.33
2022-03-31 14:06:54,539.33
2022-03-31 14:06:59,537.9168854457098
2022-03-31 14:07:04,539.19
2022-03-31 14:07:09,539.17
2022-03-31 14:07:14,539.17
2022-03-31 14:07:19,539.1
2022-03-31 14:07:24,537.8942249580616
2022-03-31 14:07:29,539.04
2022-03-31 14:07:34,537.8836332120408
2022-03-31 14:07:39,538.97
2022-03-31 14:07:44,538.94
2022-03-31 14:07:49,538.87
2022-03-31 14:07:54,538.88
2022-03-31 14:07:59,538.81
2022-03-31 14:08:04,538.75
2022-03-31 14:08:09,538.75
2022-03-31 14:08:14,538.68
2022-03-31 14:08:19,538.65
2022-03-31 14:08:24,537.8179213114793
2022-03-31 14:08:29,538.65
2022-03-31 14:08:34,538.59
2022-03-31 14:08:39,538.52
2022-03-31 14:08:44,538.52
2022-03-31 14:08:49,537.7773072068495
2022-03-31 14:08:54,538.45
2022-03-31 14:08:59,538.45
2022-03-31 14:09:04,538.45
2022-03-31 14:09:09,538.42
2022-03-31 14:09:14,538.42
2022-03-31 14:09:19,538.36
2022-03-31 14:09:24,538.42
2022-03-31 14:09:29,538.42
2022-03-31 14:09:34,538.42
2022-03-31 14:09:39,537.6811879159113
2022-03-31 14:09:44,538.42
2022-03-31 14:09:49,538.36
2022-03-31 14:09:54,538.36
2022-03-31 14:09:59,537.6373582601225
2022-03-31 14:10:04,538.42
2022-03-31 14:10:09,538.41
2022-03-31 14:10:14,538.42
2022-03-31 14:10:19,538.42
2022-03-31 14:10:24,538.45
2022-03-31 14:10:29,538.41
2022-03-31 14:10:34,538.41
2022-03-31 14:10:39,538.45
2022-03-31 14:10:44,538.45
2022-03-31 14:10:49,538.51
2022-03-31 14:10:54,538.51
2022-03-31 14:10:59,538.51
2022-03-31 14:11:04,538.51
2022-03-31 14:11:09,538.57
2022-03-31 14:11:14,538.57
2022-03-31 14:11:19,538.64
2022-03-31 14:11:24,538.64
2022-03-31 14:11:29,538.67
2022-03-31 14:11:34,538.67
2022-03-31 14:11:39,538.73
2022-03-31 14:11:44,538.73
2022-03-31 14:11:49,538.8
2022-03-31 14:11:54,538.8
2022-03-31 14:11:59,538.8
2022-03-31 14:12:04,537.2984602289761
2022-03-31 14:12:09,538.93
2022-03-31 14:12:14,538.96
2022-03-31 14:12:19,538.96
2022-03-31 14:12:24,538.96
2022-03-31 14:12:29,539.02
2022-03-31 14:12:34,539.09
2022-03-31 14:12:39,539.15
2022-03-31 14:12:44,539.15
2022-03-31 14:12:49,539.15
2022-03-31 14:12:54,539.16
2022-03-31 14:12:59,537.1165029890211
2022-03-31 14:13:04,539.19
2022-03-31 14:13:09,539.25
2022-03-31 14:13:14,539.32
2022-03-31 14:13:19,539.38
2022-03-31 14:13:24,539.38
2022-03-31 14:13:29,539.45
2022-03-31 14:13:34,539.48
2022-03-31 14:13:39,539.48
2022-03-31 14:13:44,539.55
2022-03-31 14:13:49,536.9352816326716
2022-03-31 14:13:54,536.9163719282569
2022-03-31 14:13:59,539.68
2022-03-31 14:14:04,539.68
2022-03-31 14:14:09,539.71
2022-03-31 14:14:14,539.77
2022-03-31 14:14:19,539.78
2022-03-31 14:14:24,539.84
2022-03-31 14:14:29,536.7801626173174
2022-03-31 14:14:34,539.97
2022-03-31 14:14:39,539.97
2022-03-31 14:14:44,536.7197843361583
2022-03-31 14:14:49,540.0
2022-03-31 14:14:54,540.07
2022-03-31 14:14:59,540.07
2022-03-31 14:15:04,540.07
2022-03-31 14:15:09,540.13
2022-03-31 14:15:14,536.5955666742124
2022-03-31 14:15:19,536.5744267403961
2022-03-31 14:15:24,540.2
2022-03-31 14:15:29,540.23
2022-03-31 14:15:34,540.2
2022-03-31 14:15:39,540.2
2022-03-31 14:15:44,540.23
2022-03-31 14:15:49,540.23
2022-03-31 14:15:54,540.3
2022-03-31 14:15:59,540.36
2022-03-31 14:16:04,540.36
2022-03-31 14:16:09,540.43
2022-03-31 14:16:14,540.43
2022-03-31 14:16:19,540.49
2022-03-31 14:16:24,540.49
2022-03-31 14:16:29,540.49
2022-03-31 14:16:34,540.49
2022-03-31 14:16:39,540.58
2022-03-31 14:16:44,540.52
2022-03-31 14:16:49,540.58
2022-03-31 14:16:54,540.58
2022-03-31 14:16:59,540.58
2022-03-31 14:17:04,540.65
2022-03-31 14:17:09,536.0802120906034
2022-03-31 14:17:14,540.65
2022-03-31 14:17:19,540.65
2022-03-31 14:17:24,536.0088615356988
2022-03-31 14:17:29,540.65
2022-03-31 14:17:34,540.71
2022-03-31 14:17:39,540.71
2022-03-31 14:17:44,540.64
2022-03-31 14:17:49,540.71
2022-03-31 14:17:54,540.71
2022-03-31 14:17:59,540.71
2022-03-31 14:18:04,535.8147857805186
2022-03-31 14:18:09,540.71
2022-03-31 14:18:14,540.71
2022-03-31 14:18:19,540.71
2022-03-31 14:18:24,540.71
2022-03-31 14:18:29,540.71
2022-03-31 14:18:34,540.64
2022-03-31 14:18:39,540.71
2022-03-31 14:18:44,540.71
2022-03-31 14:18:49,540.71
2022-03-31 14:18:54,540.71
2022-03-31 14:18:59,540.64
2022-03-31 14:19:04,540.64
2022-03-31 14:19:09,540.64
2022-03-31 14:19:14,540.64
2022-03-31 14:19:19,540.64
2022-03-31 14:19:24,540.64
2022-03-31 14:19:29,535.3882771777459
2022-03-31 14:19:34,540.57
2022-03-31 14:19:39,535.3372091994385
2022-03-31 14:19:44,540.64
2022-03-31 14:19:49,540.57
2022-03-31 14:19:54,540.57
2022-03-31 14:19:59,540.57
2022-03-31 14:20:04,540.57
2022-03-31 14:20:09,540.64
2022-03-31 14:20:14,540.63
2022-03-31 14:20:19,540.7
2022-03-31 14:20:24,540.7
2022-03-31 14:20:29,540.7
2022-03-31 14:20:34,540.73
2022-03-31 14:20:39,540.79
2022-03-31 14:20:44,540.86
2022-03-31 14:20:49,540.86
2022-03-31 14:20:54,540.99
2022-03-31 14:20:59,541.02
2022-03-31 14:21:04,541.15
2022-03-31 14:21:09,541.15
2022-03-31 14:21:14,541.25
2022-03-31 14:21:19,541.31
2022-03-31 14:21:24,541.38
2022-03-31 14:21:29,541.51
2022-03-31 14:21:34,541.54
2022-03-31 14:21:39,541.67
2022-03-31 14:21:44,541.67
2022-03-31 14:21:49,541.77
2022-03-31 14:21:54,541.9
2022-03-31 14:21:59,541.96
2022-03-31 14:22:04,534.591217803842
2022-03-31 14:22:09,534.5656564315018
2022-03-31 14:22:14,542.25
2022-03-31 14:22:19,542.35
2022-03-31 14:22:24,542.41
2022-03-31 14:22:29,542.54
2022-03-31 14:22:34,542.64
2022-03-31 14:22:39,542.7
2022-03-31 14:22:44,542.8
2022-03-31 14:22:49,542.87
2022-03-31 14:22:54,542.99
2022-03-31 14:22:59,543.09
2022-03-31 14:23:04,543.16
2022-03-31 14:23:09,543.22
2022-03-31 14:23:14,543.32
2022-03-31 14:23:19,543.39
2022-03-31 14:23:24,543.51
2022-03-31 14:23:29,543.51
2022-03-31 14:23:34,543.61
2022-03-31 14:23:39,543.67
2022-03-31 14:23:44,543.74
2022-03-31 14:23:49,543.8
2022-03-31 14:23:54,543.9
2022-03-31 14:23:59,543.97
2022-03-31 14:24:04,544.1
2022-03-31 14:24:09,544.1
2022-03-31 14:24:14,544.19
2022-03-31 14:24:19,544.26
2022-03-31 14:24:24,544.32
2022-03-31 14:24:29,544.36
2022-03-31 14:24:34,544.42
2022-03-31 14:24:39,544.55
2022-03-31 14:24:44,544.61
2022-03-31 14:24:49,544.64
2022-03-31 14:24:54,533.7536983764738
2022-03-31 14:24:59,544.84
2022-03-31 14:25:04,544.84
2022-03-31 14:25:09,545.0
2022-03-31 14:25:14,533.661471302592
2022-03-31 14:25:19,545.06
2022-03-31 14:25:24,545.16
2022-03-31 14:25:29,545.16
2022-03-31 14:25:34,545.29
2022-03-31 14:25:39,545.35
2022-03-31 14:25:44,545.35
2022-03-31 14:25:49,545.51
2022-03-31 14:25:54,545.51
2022-03-31 14:25:59,545.58
2022-03-31 14:26:04,545.64
2022-03-31 14:26:09,545.67
2022-03-31 14:26:14,545.73
2022-03-31 14:26:19,545.8
2022-03-31 14:26:24,545.9
2022-03-31 14:26:29,545.9
2022-03-31 14:26:34,545.96
2022-03-31 14:26:39,546.02
2022-03-31 14:26:44,546.09
2022-03-31 14:26:49,546.09
2022-03-31 14:26:54,533.2302849747305
2022-03-31 14:26:59,546.18
2022-03-31 14:27:04,546.31
2022-03-31 14:27:09,546.31
2022-03-31 14:27:14,546.38
2022-03-31 14:27:19,546.41
2022-03-31 14:27:24,546.41
2022-03-31 14:27:29,546.47
2022-03-31 14:27:34,546.54
2022-03-31 14:27:39,546.54
2022-03-31 14:27:44,533.0370883017108
2022-03-31 14:27:49,533.0187128110289
2022-03-31 14:27:54,546.6
2022-03-31 14:27:59,546.6
2022-03-31 14:28:04,546.66
2022-03-31 14:28:09,546.6
2022-03-31 14:28:14,546.59
2022-03-31 14:28:19,546.59
2022-03-31 14:28:24,546.6
2022-03-31 14:28:29,532.8783822810175
2022-03-31 14:28:34,546.53
2022-03-31 14:28:39,546.53
2022-03-31 14:28:44,546.46
2022-03-31 14:28:49,546.46
2022-03-31 14:28:54,546.4
2022-03-31 14:28:59,546.37
2022-03-31 14:29:04,546.3
2022-03-31 14:29:09,546.17
2022-03-31 14:29:14,546.14
2022-03-31 14:29:19,532.7208859328647
2022-03-31 14:29:24,545.95
2022-03-31 14:29:29,545.85
2022-03-31 14:29:34,545.72
2022-03-31 14:29:39,545.62
2022-03-31 14:29:44,545.49
2022-03-31 14:29:49,545.27
2022-03-31 14:29:54,545.14
2022-03-31 14:29:59,544.98
2022-03-31 14:30:04,544.75
2022-03-31 14:30:09,544.69
2022-03-31 14:30:14,544.46
2022-03-31 14:30:19,544.3
2022-03-31 14:30:24,544.08
2022-03-31 14:30:29,543.89
2022-03-31 14:30:34,543.73
2022-03-31 14:30:39,543.5
2022-03-31 14:30:44,532.5046234030386
2022-03-31 14:30:49,543.05
2022-03-31 14:30:54,542.86
2022-03-31 14:30:59,542.7
2022-03-31 14:31:04,542.41
2022-03-31 14:31:09,542.24
2022-03-31 14:31:14,541.95
2022-03-31 14:31:19,532.4364169066016
2022-03-31 14:31:24,532.427691866038
2022-03-31 14:31:29,541.15
2022-03-31 14:31:34,540.87
2022-03-31 14:31:39,540.57
2022-03-31 14:31:44,540.29
2022-03-31 14:31:49,540.06
2022-03-31 14:31:54,539.77
2022-03-31 14:31:59,539.48
2022-03-31 14:32:04,532.3664210105965
2022-03-31 14:32:09,538.87
2022-03-31 14:32:14,538.58
2022-03-31 14:32:19,538.29
2022-03-31 14:32:24,538.0
2022-03-31 14:32:29,537.65
2022-03-31 14:32:34,537.33
2022-03-31 14:32:39,537.13
2022-03-31 14:32:44,536.88
2022-03-31 14:32:49,536.59
2022-03-31 14:32:54,532.309159926806
2022-03-31 14:32:59,536.07
2022-03-31 14:33:04,535.78
2022-03-31 14:33:09,535.49
2022-03-31 14:33:14,535.27
2022-03-31 14:33:19,534.98
2022-03-31 14:33:24,534.75
2022-03-31 14:33:29,534.53
2022-03-31 14:33:34,534.3
2022-03-31 14:33:39,534.11
2022-03-31 14:33:44,533.88
2022-03-31 14:33:49,533.66
2022-03-31 14:33:54,533.5
2022-03-31 14:33:59,533.27
2022-03-31 14:34:04,533.01
2022-03-31 14:34:09,532.85
2022-03-31 14:34:14,532.63
2022-03-31 14:34:19,532.5
2022-03-31 14:34:24,532.34
2022-03-31 14:34:29,532.2476279547957
2022-03-31 14:34:34,532.2457547965321
2022-03-31 14:34:39,531.88
2022-03-31 14:34:44,531.72
2022-03-31 14:34:49,531.66
2022-03-31 14:34:54,531.47
2022-03-31 14:34:59,532.2379992947405
2022-03-31 14:35:04,531.3
2022-03-31 14:35:09,531.21
2022-03-31 14:35:14,531.2
2022-03-31 14:35:19,531.08
2022-03-31 14:35:24,530.95
2022-03-31 14:35:29,530.92
2022-03-31 14:35:34,532.2310130238486
2022-03-31 14:35:39,530.85
2022-03-31 14:35:44,530.79
2022-03-31 14:35:49,530.72
2022-03-31 14:35:54,530.72
2022-03-31 14:35:59,530.72
2022-03-31 14:36:04,530.72
2022-03-31 14:36:09,530.72
2022-03-31 14:36:14,530.69
2022-03-31 14:36:19,530.72
2022-03-31 14:36:24,530.71
2022-03-31 14:36:29,530.71
2022-03-31 14:36:34,530.78
2022-03-31 14:36:39,530.78
2022-03-31 14:36:44,530.77
2022-03-31 14:36:49,530.77
2022-03-31 14:36:54,530.77
2022-03-31 14:36:59,530.84
2022-03-31 14:37:04,532.2259084533424
2022-03-31 14:37:09,530.94
2022-03-31 14:37:14,530.9
2022-03-31 14:37:19,531.06
2022-03-31 14:37:24,531.06
2022-03-31 14:37:29,531.13
2022-03-31 14:37:34,531.22
2022-03-31 14:37:39,531.29
2022-03-31 14:37:44,532.2255776087409
2022-03-31 14:37:49,531.42
2022-03-31 14:37:54,531.44
2022-03-31 14:37:59,531.57
2022-03-31 14:38:04,531.64
2022-03-31 14:38:09,531.73
2022-03-31 14:38:14,531.86
2022-03-31 14:38:19,531.93
2022-03-31 14:38:24,532.02
2022-03-31 14:38:29,532.15
2022-03-31 14:38:34,532.25
2022-03-31 14:38:39,532.31
2022-03-31 14:38:44,532.44
2022-03-31 14:38:49,532.54
2022-03-31 14:38:54,532.6
2022-03-31 14:38:59,532.76
2022-03-31 14:39:04,532.83
2022-03-31 14:39:09,532.96
2022-03-31 14:39:14,532.99
2022-03-31 14:39:19,532.2160970067669
2022-03-31 14:39:24,532.2149321863076
2022-03-31 14:39:29,533.34
2022-03-31 14:39:34,533.41
2022-03-31 14:39:39,533.51
2022-03-31 14:39:44,533.57
2022-03-31 14:39:49,533.76
2022-03-31 14:39:54,533.86
2022-03-31 14:39:59,533.93
2022-03-31 14:40:04,534.02
2022-03-31 14:40:09,534.15
2022-03-31 14:40:14,534.28
2022-03-31 14:40:19,534.38
2022-03-31 14:40:24,534.44
2022-03-31 14:40:29,534.61
2022-03-31 14:40:34,534.67
2022-03-31 14:40:39,534.8
2022-03-31 14:40:44,534.89
2022-03-31 14:40:49,535.06
2022-03-31 14:40:54,535.19
2022-03-31 14:40:59,535.32
2022-03-31 14:41:04,535.41
2022-03-31 14:41:09,535.54
2022-03-31 14:41:14,535.64
2022-03-31 14:41:19,535.7
2022-03-31 14:41:24,535.83
2022-03-31 14:41:29,535.99
2022-03-31 14:41:34,532.1424276116563
2022-03-31 14:41:39,536.22
2022-03-31 14:41:44,536.35
2022-03-31 14:41:49,536.51
2022-03-31 14:41:54,532.1218848058478
2022-03-31 14:41:59,536.67
2022-03-31 14:42:04,536.8
2022-03-31 14:42:09,536.9
2022-03-31 14:42:14,537.03
2022-03-31 14:42:19,537.19
2022-03-31 14:42:24,537.32
2022-03-31 14:42:29,537.38
2022-03-31 14:42:34,537.54
2022-03-31 14:42:39,537.64
2022-03-31 14:42:44,537.77
2022-03-31 14:42:49,537.9
2022-03-31 14:42:54,537.99
2022-03-31 14:42:59,538.12
2022-03-31 14:43:04,538.22
2022-03-31 14:43:09,538.41
2022-03-31 14:43:14,538.51
2022-03-31 14:43:19,531.9968542455991
2022-03-31 14:43:24,538.8
2022-03-31 14:43:29,538.96
2022-03-31 14:43:34,539.09
2022-03-31 14:43:39,539.19
2022-03-31 14:43:44,539.38
2022-03-31 14:43:49,539.54
2022-03-31 14:43:54,539.66
2022-03-31 14:43:59,531.9134972988581
2022-03-31 14:44:04,539.95
2022-03-31 14:44:09,540.11
2022-03-31 14:44:14,540.27
2022-03-31 14:44:19,540.34
2022-03-31 14:44:24,540.5
2022-03-31 14:44:29,540.69
2022-03-31 14:44:34,540.79
2022-03-31 14:44:39,540.92
2022-03-31 14:44:44,541.01
2022-03-31 14:44:49,541.21
2022-03-31 14:44:54,541.3
2022-03-31 14:44:59,541.43
2022-03-31 14:45:04,541.59
2022-03-31 14:45:09,541.72
2022-03-31 14:45:14,541.88
2022-03-31 14:45:19,531.6905485841379
2022-03-31 14:45:24,542.04
2022-03-31 14:45:29,542.23
2022-03-31 14:45:34,531.639717042339
2022-03-31 14:45:39,542.39
2022-03-31 14:45:44,542.52
2022-03-31 14:45:49,542.62
2022-03-31 14:45:54,542.74
2022-03-31 14:45:59,542.78
2022-03-31 14:46:04,542.84
2022-03-31 14:46:09,531.5105801032178
2022-03-31 14:46:14,543.03
2022-03-31 14:46:19,543.07
2022-03-31 14:46:24,543.13
2022-03-31 14:46:29,531.4305734078133
2022-03-31 14:46:34,543.26
2022-03-31 14:46:39,543.26
2022-03-31 14:46:44,543.29
2022-03-31 14:46:49,543.35
2022-03-31 14:46:54,543.35
2022-03-31 14:46:59,543.35
2022-03-31 14:47:04,543.35
2022-03-31 14:47:09,531.2582001954656
2022-03-31 14:47:14,543.42
2022-03-31 14:47:19,543.42
2022-03-31 14:47:24,543.42
2022-03-31 14:47:29,543.42
2022-03-31 14:47:34,543.35
2022-03-31 14:47:39,543.42
2022-03-31 14:47:44,543.42
2022-03-31 14:47:49,531.0710291060306
2022-03-31 14:47:54,543.35
2022-03-31 14:47:59,543.29
2022-03-31 14:48:04,543.29
2022-03-31 14:48:09,543.26
2022-03-31 14:48:14,543.19
2022-03-31 14:48:19,543.13
2022-03-31 14:48:24,543.06
2022-03-31 14:48:29,543.06
2022-03-31 14:48:34,543.07
2022-03-31 14:48:39,542.97
2022-03-31 14:48:44,542.91
2022-03-31 14:48:49,542.84
2022-03-31 14:48:54,542.78
2022-03-31 14:48:59,542.68
2022-03-31 14:49:04,542.68
2022-03-31 14:49:09,542.55
2022-03-31 14:49:14,542.52
2022-03-31 14:49:19,542.39
2022-03-31 14:49:24,542.33
2022-03-31 14:49:29,542.24
2022-03-31 14:49:34,542.17
2022-03-31 14:49:39,542.11
2022-03-31 14:49:44,542.01
2022-03-31 14:49:49,541.95
2022-03-31 14:49:54,541.82
2022-03-31 14:49:59,541.66
2022-03-31 14:50:04,541.66
2022-03-31 14:50:09,541.53
2022-03-31 14:50:14,541.44
2022-03-31 14:50:19,541.31
2022-03-31 14:50:24,541.21
2022-03-31 14:50:29,541.15
2022-03-31 14:50:34,541.09
2022-03-31 14:50:39,540.93
2022-03-31 14:50:44,540.86
2022-03-31 14:50:49,530.0997501233328
2022-03-31 14:50:54,530.0708505641267
2022-03-31 14:50:59,540.48
2022-03-31 14:51:04,540.35
2022-03-31 14:51:09,540.23
2022-03-31 14:51:14,540.13
2022-03-31 14:51:19,540.0
2022-03-31 14:51:24,539.9
2022-03-31 14:51:29,539.71
2022-03-31 14:51:34,529.8380473126921
2022-03-31 14:51:39,539.46
2022-03-31 14:51:44,539.2
2022-03-31 14:51:49,539.1
2022-03-31 14:51:54,538.97
2022-03-31 14:51:59,538.82
2022-03-31 14:52:04,538.66
2022-03-31 14:52:09,538.46
2022-03-31 14:52:14,538.37
2022-03-31 14:52:19,538.17
2022-03-31 14:52:24,538.01
2022-03-31 14:52:29,537.85
2022-03-31 14:52:34,537.66
2022-03-31 14:52:39,537.5
2022-03-31 14:52:44,537.34
2022-03-31 14:52:49,537.11
2022-03-31 14:52:54,536.92
2022-03-31 14:52:59,536.76
2022-03-31 14:53:04,529.3120976204157
2022-03-31 14:53:09,536.41
2022-03-31 14:53:14,536.25
2022-03-31 14:53:19,536.03
2022-03-31 14:53:24,535.87
2022-03-31 14:53:29,529.1678162011998
2022-03-31 14:53:34,535.45
2022-03-31 14:53:39,535.22
2022-03-31 14:53:44,535.06
2022-03-31 14:53:49,534.84
2022-03-31 14:53:54,534.65
2022-03-31 14:53:59,534.49
2022-03-31 14:54:04,534.26
2022-03-31 14:54:09,534.07
2022-03-31 14:54:14,533.84
2022-03-31 14:54:19,533.69
2022-03-31 14:54:24,533.46
2022-03-31 14:54:29,533.23
2022-03-31 14:54:34,533.04
2022-03-31 14:54:39,528.7744941202855
2022-03-31 14:54:44,532.72
2022-03-31 14:54:49,532.53
2022-03-31 14:54:54,532.37
2022-03-31 14:54:59,532.21
2022-03-31 14:55:04,532.01
2022-03-31 14:55:09,531.86
2022-03-31 14:55:14,528.5862383907488
2022-03-31 14:55:19,531.5
2022-03-31 14:55:24,531.41
2022-03-31 14:55:29,531.25
2022-03-31 14:55:34,531.06
2022-03-31 14:55:39,530.96
2022-03-31 14:55:44,530.77
2022-03-31 14:55:49,530.61
2022-03-31 14:55:54,530.48
2022-03-31 14:55:59,530.32
2022-03-31 14:56:04,530.26
2022-03-31 14:56:09,530.16
2022-03-31 14:56:14,530.03
2022-03-31 14:56:19,529.94
2022-03-31 14:56:24,529.87
2022-03-31 14:56:29,529.75
2022-03-31 14:56:34,529.65
2022-03-31 14:56:39,529.59
2022-03-31 14:56:44,529.59
2022-03-31 14:56:49,529.52
2022-03-31 14:56:54,529.46
2022-03-31 14:56:59,529.37
2022-03-31 14:57:04,529.37
2022-03-31 14:57:09,529.37
2022-03-31 14:57:14,529.31
2022-03-31 14:57:19,529.31
2022-03-31 14:57:24,527.9625560238634
2022-03-31 14:57:29,529.24
2022-03-31 14:57:34,529.24
2022-03-31 14:57:39,529.21
2022-03-31 14:57:44,529.22
2022-03-31 14:57:49,529.22
2022-03-31 14:57:54,529.22
2022-03-31 14:57:59,529.22
2022-03-31 14:58:04,529.22
2022-03-31 14:58:09,529.22
2022-03-31 14:58:14,529.25
2022-03-31 14:58:19,529.26
2022-03-31 14:58:24,529.26
2022-03-31 14:58:29,529.32
2022-03-31 14:58:34,529.32
2022-03-31 14:58:39,529.33
2022-03-31 14:58:44,529.39
2022-03-31 14:58:49,529.39
2022-03-31 14:58:54,529.46
2022-03-31 14:58:59,529.46
2022-03-31 14:59:04,527.5958477649092
2022-03-31 14:59:09,529.55
2022-03-31 14:59:14,529.55
2022-03-31 14:59:19,529.62
2022-03-31 14:59:24,529.62
2022-03-31 14:59:29,529.69
2022-03-31 14:59:34,529.75
2022-03-31 14:59:39,529.75
2022-03-31 14:59:44,529.79
2022-03-31 14:59:49,529.85
2022-03-31 14:59:54,529.92
2022-03-31 14:59:59,529.98
2022-03-31 15:00:04,529.98
2022-03-31 15:00:09,530.01
2022-03-31 15:00:14,530.08
2022-03-31 15:00:19,530.14
2022-03-31 15:00:24,530.21
2022-03-31 15:00:29,530.27
2022-03-31 15:00:34,530.3
2022-03-31 15:00:39,530.3
2022-03-31 15:00:44,530.37
2022-03-31 15:00:49,530.43
2022-03-31 15:00:54,530.44
2022-03-31 15:00:59,530.53
2022-03-31 15:01:04,530.6
2022-03-31 15:01:09,530.66
2022-03-31 15:01:14,530.73
2022-03-31 15:01:19,527.298272918107
2022-03-31 15:01:24,530.82
2022-03-31 15:01:29,530.89
2022-03-31 15:01:34,530.95
2022-03-31 15:01:39,531.02
2022-03-31 15:01:44,531.02
2022-03-31 15:01:49,531.11
2022-03-31 15:01:54,531.18
2022-03-31 15:01:59,527.2497506685957
2022-03-31 15:02:04,531.24
2022-03-31 15:02:09,531.31
2022-03-31 15:02:14,531.41
2022-03-31 15:02:19,527.2314284959285
2022-03-31 15:02:24,531.53
2022-03-31 15:02:29,531.57
2022-03-31 15:02:34,531.57
2022-03-31 15:02:39,531.63
2022-03-31 15:02:44,531.69
2022-03-31 15:02:49,531.76
2022-03-31 15:02:54,531.82
2022-03-31 15:02:59,531.85
2022-03-31 15:03:04,531.92
2022-03-31 15:03:09,531.98
2022-03-31 15:03:14,527.1997184106559
2022-03-31 15:03:19,532.08
2022-03-31 15:03:24,532.21
2022-03-31 15:03:29,532.21
2022-03-31 15:03:34,532.34
2022-03-31 15:03:39,532.37
2022-03-31 15:03:44,532.43
2022-03-31 15:03:49,532.56
2022-03-31 15:03:54,532.56
2022-03-31 15:03:59,532.6
2022-03-31 15:04:04,532.66
2022-03-31 15:04:09,532.72
2022-03-31 15:04:14,532.86
2022-03-31 15:04:19,532.85
2022-03-31 15:04:24,527.1943238725661
2022-03-31 15:04:29,532.95
2022-03-31 15:04:34,533.08
2022-03-31 15:04:39,527.1976081622385
2022-03-31 15:04:44,527.1990181835303
2022-03-31 15:04:49,533.18
2022-03-31 15:04:54,533.24
2022-03-31 15:04:59,533.24
2022-03-31 15:05:04,533.31
2022-03-31 15:05:09,527.2083089838043
2022-03-31 15:05:14,533.37
2022-03-31 15:05:19,533.41
2022-03-31 15:05:24,533.47
2022-03-31 15:05:29,533.53
2022-03-31 15:05:34,533.6
2022-03-31 15:05:39,533.6
2022-03-31 15:05:44,533.63
2022-03-31 15:05:49,533.7
2022-03-31 15:05:54,533.7
2022-03-31 15:05:59,533.76
2022-03-31 15:06:04,533.77
2022-03-31 15:06:09,533.9
2022-03-31 15:06:14,533.83
2022-03-31 15:06:19,533.9
2022-03-31 15:06:24,533.93
2022-03-31 15:06:29,533.9
2022-03-31 15:06:34,533.93
2022-03-31 15:06:39,533.93
2022-03-31 15:06:44,534.0
2022-03-31 15:06:49,534.06
2022-03-31 15:06:54,534.06
2022-03-31 15:06:59,534.07
2022-03-31 15:07:04,534.13
2022-03-31 15:07:09,534.16
2022-03-31 15:07:14,534.16
2022-03-31 15:07:19,527.3050005792413
2022-03-31 15:07:24,534.23
2022-03-31 15:07:29,534.23
2022-03-31 15:07:34,534.29
2022-03-31 15:07:39,534.36
2022-03-31 15:07:44,534.36
2022-03-31 15:07:49,534.42
2022-03-31 15:07:54,534.42
2022-03-31 15:07:59,534.42
2022-03-31 15:08:04,534.46
2022-03-31 15:08:09,534.46
2022-03-31 15:08:14,534.46
2022-03-31 15:08:19,534.52
2022-03-31 15:08:24,527.3735547879128
2022-03-31 15:08:29,534.59
2022-03-31 15:08:34,534.59
2022-03-31 15:08:39,534.59
2022-03-31 15:08:44,534.59
2022-03-31 15:08:49,527.4016942049672
2022-03-31 15:08:54,534.66
2022-03-31 15:08:59,534.59
2022-03-31 15:09:04,534.59
2022-03-31 15:09:09,534.65
2022-03-31 15:09:14,534.59
2022-03-31 15:09:19,534.59
2022-03-31 15:09:24,534.65
2022-03-31 15:09:29,534.65
2022-03-31 15:09:34,534.66
2022-03-31 15:09:39,534.59
2022-03-31 15:09:44,534.59
2022-03-31 15:09:49,534.59
2022-03-31 15:09:54,534.65
2022-03-31 15:09:59,534.59
2022-03-31 15:10:04,534.59
2022-03-31 15:10:09,534.59
2022-03-31 15:10:14,534.66
2022-03-31 15:10:19,534.59
2022-03-31 15:10:24,534.59
2022-03-31 15:10:29,534.59
2022-03-31 15:10:34,534.53
2022-03-31 15:10:39,534.53
2022-03-31 15:10:44,534.53
2022-03-31 15:10:49,534.52
2022-03-31 15:10:54,534.46
2022-03-31 15:10:59,534.46
2022-03-31 15:11:04,534.46
2022-03-31 15:11:09,534.46
2022-03-31 15:11:14,534.46
2022-03-31 15:11:19,534.46
2022-03-31 15:11:24,534.43
2022-03-31 15:11:29,534.43
2022-03-31 15:11:34,534.36
2022-03-31 15:11:39,534.43
2022-03-31 15:11:44,534.43
2022-03-31 15:11:49,534.43
2022-03-31 15:11:54,534.36
2022-03-31 15:11:59,527.605796412223
2022-03-31 15:12:04,534.43
2022-03-31 15:12:09,534.36
2022-03-31 15:12:14,527.6185821791169
2022-03-31 15:12:19,534.42
2022-03-31 15:12:24,534.43
2022-03-31 15:12:29,534.42
2022-03-31 15:12:34,534.42
2022-03-31 15:12:39,534.42
2022-03-31 15:12:44,534.42
2022-03-31 15:12:49,534.36
2022-03-31 15:12:54,534.36
2022-03-31 15:12:59,534.42
2022-03-31 15:13:04,534.36
2022-03-31 15:13:09,534.42
2022-03-31 15:13:14,534.42
2022-03-31 15:13:19,527.663212664751
2022-03-31 15:13:24,534.42
2022-03-31 15:13:29,534.42
2022-03-31 15:13:34,527.670633348955
2022-03-31 15:13:39,534.45
2022-03-31 15:13:44,534.46
2022-03-31 15:13:49,534.52
2022-03-31 15:13:54,534.52
2022-03-31 15:13:59,534.52
2022-03-31 15:14:04,534.59
2022-03-31 15:14:09,527.6834839451076
2022-03-31 15:14:14,534.52
2022-03-31 15:14:19,534.59
2022-03-31 15:14:24,534.59
2022-03-31 15:14:29,534.59
2022-03-31 15:14:34,534.59
2022-03-31 15:14:39,534.65
2022-03-31 15:14:44,534.65
2022-03-31 15:14:49,534.65
2022-03-31 15:14:54,534.65
2022-03-31 15:14:59,534.65
2022-03-31 15:15:04,534.69
2022-03-31 15:15:09,534.69
2022-03-31 15:15:14,534.69
2022-03-31 15:15:19,534.75
2022-03-31 15:15:24,534.75
2022-03-31 15:15:29,534.75
2022-03-31 15:15:34,534.75
2022-03-31 15:15:39,534.82
2022-03-31 15:15:44,534.82
2022-03-31 15:15:49,534.82
2022-03-31 15:15:54,527.6847711291794
2022-03-31 15:15:59,534.88
2022-03-31 15:16:04,527.6819963117222
2022-03-31 15:16:09,534.88
2022-03-31 15:16:14,527.6787201847069
2022-03-31 15:16:19,534.95
2022-03-31 15:16:24,534.95
2022-03-31 15:16:29,534.98
2022-03-31 15:16:34,534.99
2022-03-31 15:16:39,534.98
2022-03-31 15:16:44,534.99
2022-03-31 15:16:49,535.05
2022-03-31 15:16:54,527.6606149996752
2022-03-31 15:16:59,535.05
2022-03-31 15:17:04,535.05
2022-03-31 15:17:09,535.05
2022-03-31 15:17:14,535.11
2022-03-31 15:17:19,535.12
2022-03-31 15:17:24,535.11
2022-03-31 15:17:29,535.11
2022-03-31 15:17:34,535.18
2022-03-31 15:17:39,535.18
2022-03-31 15:17:44,535.21
2022-03-31 15:17:49,535.18
2022-03-31 15:17:54,535.22
2022-03-31 15:17:59,535.21
2022-03-31 15:18:04,535.28
2022-03-31 15:18:09,535.28
2022-03-31 15:18:14,535.34
2022-03-31 15:18:19,535.34
2022-03-31 15:18:24,535.41
2022-03-31 15:18:29,535.41
2022-03-31 15:18:34,535.41
2022-03-31 15:18:39,535.41
2022-03-31 15:18:44,535.5
2022-03-31 15:18:49,535.5
2022-03-31 15:18:54,535.5
2022-03-31 15:18:59,535.57
2022-03-31 15:19:04,535.57
2022-03-31 15:19:09,535.63
2022-03-31 15:19:14,535.63
2022-03-31 15:19:19,535.63
2022-03-31 15:19:24,535.7
2022-03-31 15:19:29,535.7
2022-03-31 15:19:34,535.7
2022-03-31 15:19:39,535.73
2022-03-31 15:19:44,535.73
2022-03-31 15:19:49,535.79
2022-03-31 15:19:54,527.4810708353973
2022-03-31 15:19:59,535.85
2022-03-31 15:20:04,535.85
2022-03-31 15:20:09,535.85
2022-03-31 15:20:14,535.85
2022-03-31 15:20:19,535.92
2022-03-31 15:20:24,535.85
2022-03-31 15:20:29,527.427722116887
2022-03-31 15:20:34,527.4196153955535
2022-03-31 15:20:39,535.85
2022-03-31 15:20:44,535.85
2022-03-31 15:20:49,535.85
2022-03-31 15:20:54,535.85
2022-03-31 15:20:59,535.78
2022-03-31 15:21:04,535.79
2022-03-31 15:21:09,535.79
2022-03-31 15:21:14,535.79
2022-03-31 15:21:19,535.72
2022-03-31 15:21:24,535.72
2022-03-31 15:21:29,535.69
2022-03-31 15:21:34,535.72
2022-03-31 15:21:39,535.72
2022-03-31 15:21:44,535.72
2022-03-31 15:21:49,535.68
2022-03-31 15:21:54,527.273486122467
2022-03-31 15:21:59,535.68
2022-03-31 15:22:04,535.62
2022-03-31 15:22:09,535.62
2022-03-31 15:22:14,535.62
2022-03-31 15:22:19,535.55
2022-03-31 15:22:24,535.62
2022-03-31 15:22:29,535.55
2022-03-31 15:22:34,535.49
2022-03-31 15:22:39,535.49
2022-03-31 15:22:44,535.49
2022-03-31 15:22:49,535.46
2022-03-31 15:22:54,535.46
2022-03-31 15:22:59,535.46
2022-03-31 15:23:04,535.39
2022-03-31 15:23:09,535.33
2022-03-31 15:23:14,535.33
2022-03-31 15:23:19,535.26
2022-03-31 15:23:24,535.26
2022-03-31 15:23:29,535.17
2022-03-31 15:23:34,535.17
2022-03-31 15:23:39,527.0351627926569
2022-03-31 15:23:44,535.1
2022-03-31 15:23:49,535.1
2022-03-31 15:23:54,535.04
2022-03-31 15:23:59,534.97
2022-03-31 15:24:04,534.94
2022-03-31 15:24:09,534.94
2022-03-31 15:24:14,534.94
2022-03-31 15:24:19,534.88
2022-03-31 15:24:24,526.917016628643
2022-03-31 15:24:29,534.82
2022-03-31 15:24:34,534.82
2022-03-31 15:24:39,534.82
2022-03-31 15:24:44,534.82
2022-03-31 15:24:49,534.75
2022-03-31 15:24:54,534.69
2022-03-31 15:24:59,534.69
2022-03-31 15:25:04,534.69
2022-03-31 15:25:09,534.76
2022-03-31 15:25:14,534.69
2022-03-31 15:25:19,534.69
2022-03-31 15:25:24,534.66
2022-03-31 15:25:29,534.69
2022-03-31 15:25:34,534.66
2022-03-31 15:25:39,534.66
2022-03-31 15:25:44,534.69
2022-03-31 15:25:49,534.66
2022-03-31 15:25:54,534.69
2022-03-31 15:25:59,534.69
2022-03-31 15:26:04,526.6204580593557
2022-03-31 15:26:09,534.69
2022-03-31 15:26:14,526.5882396615476
2022-03-31 15:26:19,534.69
2022-03-31 15:26:24,534.69
2022-03-31 15:26:29,534.7
2022-03-31 15:26:34,534.69
2022-03-31 15:26:39,534.76
2022-03-31 15:26:44,534.76
2022-03-31 15:26:49,534.76
2022-03-31 15:26:54,534.82
2022-03-31 15:26:59,534.82
2022-03-31 15:27:04,526.4202085990886
2022-03-31 15:27:09,534.89
2022-03-31 15:27:14,534.95
2022-03-31 15:27:19,534.95
2022-03-31 15:27:24,534.95
2022-03-31 15:27:29,534.99
2022-03-31 15:27:34,535.05
2022-03-31 15:27:39,535.11
2022-03-31 15:27:44,535.18
2022-03-31 15:27:49,535.18
2022-03-31 15:27:54,535.28
2022-03-31 15:27:59,535.28
2022-03-31 15:28:04,535.4
2022-03-31 15:28:09,535.4
2022-03-31 15:28:14,535.47
2022-03-31 15:28:19,535.5
2022-03-31 15:28:24,535.56
2022-03-31 15:28:29,535.63
2022-03-31 15:28:34,535.63
2022-03-31 15:28:39,535.72
2022-03-31 15:28:44,526.0507010805609
2022-03-31 15:28:49,535.79
2022-03-31 15:28:54,535.92
2022-03-31 15:28:59,535.92
2022-03-31 15:29:04,535.98
2022-03-31 15:29:09,536.08
2022-03-31 15:29:14,536.14
2022-03-31 15:29:19,536.21
2022-03-31 15:29:24,536.23
2022-03-31 15:29:29,536.36
2022-03-31 15:29:34,536.37
2022-03-31 15:29:39,536.43
2022-03-31 15:29:44,536.49
2022-03-31 15:29:49,525.7900879961697
2022-03-31 15:29:54,536.52
2022-03-31 15:29:59,536.59
2022-03-31 15:30:04,536.65
2022-03-31 15:30:09,536.65
2022-03-31 15:30:14,536.72
2022-03-31 15:30:19,536.72
2022-03-31 15:30:24,536.75
2022-03-31 15:30:29,536.81
2022-03-31 15:30:34,525.6021095625096
2022-03-31 15:30:39,536.87
2022-03-31 15:30:44,536.94
2022-03-31 15:30:49,536.94
2022-03-31 15:30:54,537.0
2022-03-31 15:30:59,537.0
2022-03-31 15:31:04,537.03
2022-03-31 15:31:09,537.0
2022-03-31 15:31:14,537.03
2022-03-31 15:31:19,537.0
2022-03-31 15:31:24,537.03
2022-03-31 15:31:29,537.03
2022-03-31 15:31:34,536.99
2022-03-31 15:31:39,536.93
2022-03-31 15:31:44,536.87
2022-03-31 15:31:49,525.2780871422037
2022-03-31 15:31:54,536.93
2022-03-31 15:31:59,525.2340709626627
2022-03-31 15:32:04,536.8
2022-03-31 15:32:09,536.8
2022-03-31 15:32:14,536.71
2022-03-31 15:32:19,536.74
2022-03-31 15:32:24,536.64
2022-03-31 15:32:29,536.64
2022-03-31 15:32:34,536.58
2022-03-31 15:32:39,536.58
2022-03-31 15:32:44,536.51
2022-03-31 15:32:49,536.48
2022-03-31 15:32:54,536.48
2022-03-31 15:32:59,536.35
2022-03-31 15:33:04,524.9446236496455
2022-03-31 15:33:09,536.23
2022-03-31 15:33:14,536.22
2022-03-31 15:33:19,536.19
2022-03-31 15:33:24,536.13
2022-03-31 15:33:29,536.0
2022-03-31 15:33:34,535.97
2022-03-31 15:33:39,535.97
2022-03-31 15:33:44,535.84
2022-03-31 15:33:49,535.78
2022-03-31 15:33:54,535.68
2022-03-31 15:33:59,535.68
2022-03-31 15:34:04,535.55
2022-03-31 15:34:09,535.49
2022-03-31 15:34:14,535.39
2022-03-31 15:34:19,535.39
2022-03-31 15:34:24,535.26
2022-03-31 15:34:29,535.17
2022-03-31 15:34:34,535.1
2022-03-31 15:34:39,535.04
2022-03-31 15:34:44,534.94
2022-03-31 15:34:49,534.88
2022-03-31 15:34:54,524.4480295242305
2022-03-31 15:34:59,524.4254422124748
2022-03-31 15:35:04,534.65
2022-03-31 15:35:09,534.53
2022-03-31 15:35:14,534.43
2022-03-31 15:35:19,524.3352020577528
2022-03-31 15:35:24,534.3
2022-03-31 15:35:29,534.17
2022-03-31 15:35:34,534.08
2022-03-31 15:35:39,534.01
2022-03-31 15:35:44,533.95
2022-03-31 15:35:49,533.85
2022-03-31 15:35:54,524.1779105592921
2022-03-31 15:35:59,533.66
2022-03-31 15:36:04,533.62
2022-03-31 15:36:09,524.1108397873825
2022-03-31 15:36:14,533.43
2022-03-31 15:36:19,533.33
2022-03-31 15:36:24,533.21
2022-03-31 15:36:29,533.14
2022-03-31 15:36:34,533.11
2022-03-31 15:36:39,532.98
2022-03-31 15:36:44,532.88
2022-03-31 15:36:49,532.75
2022-03-31 15:36:54,532.69
2022-03-31 15:36:59,532.59
2022-03-31 15:37:04,532.46
2022-03-31 15:37:09,532.37
2022-03-31 15:37:14,532.3
2022-03-31 15:37:19,523.8018297153893
2022-03-31 15:37:24,532.1
2022-03-31 15:37:29,532.07
2022-03-31 15:37:34,531.88
2022-03-31 15:37:39,531.85
2022-03-31 15:37:44,531.72
2022-03-31 15:37:49,531.66
2022-03-31 15:37:54,531.56
2022-03-31 15:37:59,531.43
2022-03-31 15:38:04,523.6078639492979
2022-03-31 15:38:09,531.33
2022-03-31 15:38:14,531.2
2022-03-31 15:38:19,523.5442347053395
2022-03-31 15:38:24,531.14
2022-03-31 15:38:29,531.04
2022-03-31 15:38:34,530.97
2022-03-31 15:38:39,530.84
2022-03-31 15:38:44,530.84
2022-03-31 15:38:49,530.74
2022-03-31 15:38:54,530.74
2022-03-31 15:38:59,530.68
2022-03-31 15:39:04,530.61
2022-03-31 15:39:09,530.55
2022-03-31 15:39:14,530.52
2022-03-31 15:39:19,530.52
2022-03-31 15:39:24,530.52
2022-03-31 15:39:29,530.39
2022-03-31 15:39:34,530.39
2022-03-31 15:39:39,530.32
2022-03-31 15:39:44,530.32
2022-03-31 15:39:49,523.1757945011332
2022-03-31 15:39:54,530.29
2022-03-31 15:39:59,530.29
2022-03-31 15:40:04,530.22
2022-03-31 15:40:09,530.22
2022-03-31 15:40:14,530.22
2022-03-31 15:40:19,530.16
2022-03-31 15:40:24,530.16
2022-03-31 15:40:29,523.0207440794009
2022-03-31 15:40:34,530.16
2022-03-31 15:40:39,530.16
2022-03-31 15:40:44,530.22
2022-03-31 15:40:49,530.15
2022-03-31 15:40:54,530.16
2022-03-31 15:40:59,530.28
2022-03-31 15:41:04,530.28
2022-03-31 15:41:09,530.32
2022-03-31 15:41:14,530.32
2022-03-31 15:41:19,530.38
2022-03-31 15:41:24,530.44
2022-03-31 15:41:29,530.44
2022-03-31 15:41:34,530.51
2022-03-31 15:41:39,530.54
2022-03-31 15:41:44,530.54
2022-03-31 15:41:49,530.6
2022-03-31 15:41:54,530.73
2022-03-31 15:41:59,530.8
2022-03-31 15:42:04,530.8
2022-03-31 15:42:09,530.83
2022-03-31 15:42:14,530.9
2022-03-31 15:42:19,530.96
2022-03-31 15:42:24,531.03
2022-03-31 15:42:29,531.06
2022-03-31 15:42:34,531.12
2022-03-31 15:42:39,531.12
2022-03-31 15:42:44,531.19
2022-03-31 15:42:49,531.32
2022-03-31 15:42:54,531.35
2022-03-31 15:42:59,531.48
2022-03-31 15:43:04,531.55
2022-03-31 15:43:09,531.58
2022-03-31 15:43:14,531.71
2022-03-31 15:43:19,531.71
2022-03-31 15:43:24,531.84
2022-03-31 15:43:29,531.87
2022-03-31 15:43:34,532.0
2022-03-31 15:43:39,532.06
2022-03-31 15:43:44,522.3637105478755
2022-03-31 15:43:49,532.22
2022-03-31 15:43:54,532.29
2022-03-31 15:43:59,522.3203603289725
2022-03-31 15:44:04,532.45
2022-03-31 15:44:09,532.52
2022-03-31 15:44:14,522.2780425117771
2022-03-31 15:44:19,532.61
2022-03-31 15:44:24,522.2504043466932
2022-03-31 15:44:29,532.8
2022-03-31 15:44:34,532.87
2022-03-31 15:44:39,532.97
2022-03-31 15:44:44,533.03
2022-03-31 15:44:49,533.1
2022-03-31 15:44:54,533.19
2022-03-31 15:44:59,533.2
2022-03-31 15:45:04,533.32
2022-03-31 15:45:09,533.39
2022-03-31 15:45:14,533.48
2022-03-31 15:45:19,533.55
2022-03-31 15:45:24,533.64
2022-03-31 15:45:29,533.64
2022-03-31 15:45:34,533.78
2022-03-31 15:45:39,533.9
2022-03-31 15:45:44,533.93
2022-03-31 15:45:49,534.0
2022-03-31 15:45:54,534.06
2022-03-31 15:45:59,534.16
2022-03-31 15:46:04,521.9992875944059
2022-03-31 15:46:09,521.9879385266172
2022-03-31 15:46:14,534.41
2022-03-31 15:46:19,534.45
2022-03-31 15:46:24,534.51
2022-03-31 15:46:29,534.64
2022-03-31 15:46:34,534.67
2022-03-31 15:46:39,534.74
2022-03-31 15:46:44,534.74
2022-03-31 15:46:49,534.86
2022-03-31 15:46:54,534.93
2022-03-31 15:46:59,534.96
2022-03-31 15:47:04,535.09
2022-03-31 15:47:09,535.09
2022-03-31 15:47:14,535.15
2022-03-31 15:47:19,535.15
2022-03-31 15:47:24,535.25
2022-03-31 15:47:29,535.31
2022-03-31 15:47:34,521.8126114879016
2022-03-31 15:47:39,535.44
2022-03-31 15:47:44,535.44
2022-03-31 15:47:49,535.47
2022-03-31 15:47:54,521.7761950084736
2022-03-31 15:47:59,535.6
2022-03-31 15:48:04,535.66
2022-03-31 15:48:09,535.7
2022-03-31 15:48:14,535.76
2022-03-31 15:48:19,535.76
2022-03-31 15:48:24,535.82
2022-03-31 15:48:29,521.7169042512727
2022-03-31 15:48:34,535.89
2022-03-31 15:48:39,535.89
2022-03-31 15:48:44,535.95
2022-03-31 15:48:49,535.95
2022-03-31 15:48:54,535.88
2022-03-31 15:48:59,535.98
2022-03-31 15:49:04,535.95
2022-03-31 15:49:09,521.6560643384602
2022-03-31 15:49:14,535.97
2022-03-31 15:49:19,535.97
2022-03-31 15:49:24,536.04
2022-03-31 15:49:29,536.04
2022-03-31 15:49:34,536.04
2022-03-31 15:49:39,536.04
2022-03-31 15:49:44,521.6088897683882
2022-03-31 15:49:49,536.04
2022-03-31 15:49:54,536.04
2022-03-31 15:49:59,536.1
2022-03-31 15:50:04,536.1
2022-03-31 15:50:09,536.1
2022-03-31 15:50:14,536.1
2022-03-31 15:50:19,536.1
2022-03-31 15:50:24,521.561907493162
2022-03-31 15:50:29,536.1
2022-03-31 15:50:34,536.1
2022-03-31 15:50:39,536.16
2022-03-31 15:50:44,536.16
2022-03-31 15:50:49,536.1
2022-03-31 15:50:54,536.1
2022-03-31 15:50:59,536.1
2022-03-31 15:51:04,536.04
2022-03-31 15:51:09,536.1
2022-03-31 15:51:14,536.1
2022-03-31 15:51:19,521.5093898936776
2022-03-31 15:51:24,536.04
2022-03-31 15:51:29,535.97
2022-03-31 15:51:34,535.94
2022-03-31 15:51:39,535.94
2022-03-31 15:51:44,535.94
2022-03-31 15:51:49,535.88
2022-03-31 15:51:54,535.81
2022-03-31 15:51:59,535.75
2022-03-31 15:52:04,535.75
2022-03-31 15:52:09,535.65
2022-03-31 15:52:14,535.59
2022-03-31 15:52:19,535.59
2022-03-31 15:52:24,521.4653809993016
2022-03-31 15:52:29,535.46
2022-03-31 15:52:34,535.43
2022-03-31 15:52:39,521.4580056918961
2022-03-31 15:52:44,535.31
2022-03-31 15:52:49,535.17
2022-03-31 15:52:54,535.14
2022-03-31 15:52:59,535.02
2022-03-31 15:53:04,521.4480323159914
2022-03-31 15:53:09,534.92
2022-03-31 15:53:14,534.86
2022-03-31 15:53:19,534.79
2022-03-31 15:53:24,534.66
2022-03-31 15:53:29,534.66
2022-03-31 15:53:34,534.57
2022-03-31 15:53:39,534.5
2022-03-31 15:53:44,534.44
2022-03-31 15:53:49,521.4373886605529
2022-03-31 15:53:54,534.35
2022-03-31 15:53:59,534.28
2022-03-31 15:54:04,534.22
2022-03-31 15:54:09,534.12
2022-03-31 15:54:14,534.12
2022-03-31 15:54:19,533.99
2022-03-31 15:54:24,533.93
2022-03-31 15:54:29,533.9
2022-03-31 15:54:34,533.83
2022-03-31 15:54:39,521.4365919347515
2022-03-31 15:54:44,533.71
2022-03-31 15:54:49,533.64
2022-03-31 15:54:54,533.55
2022-03-31 15:54:59,533.55
2022-03-31 15:55:04,533.48
2022-03-31 15:55:09,533.42
2022-03-31 15:55:14,533.39
2022-03-31 15:55:19,521.444321406022
2022-03-31 15:55:24,533.26
2022-03-31 15:55:29,533.2
2022-03-31 15:55:34,533.13
2022-03-31 15:55:39,533.1
2022-03-31 15:55:44,533.04
2022-03-31 15:55:49,521.4550144198663
2022-03-31 15:55:54,532.97
2022-03-31 15:55:59,532.98
2022-03-31 15:56:04,532.91
2022-03-31 15:56:09,532.88
2022-03-31 15:56:14,532.82
2022-03-31 15:56:19,521.4700848178076
2022-03-31 15:56:24,532.75
2022-03-31 15:56:29,532.69
2022-03-31 15:56:34,532.62
2022-03-31 15:56:39,532.62
2022-03-31 15:56:44,532.59
2022-03-31 15:56:49,532.59
2022-03-31 15:56:54,532.59
2022-03-31 15:56:59,532.6
2022-03-31 15:57:04,532.53
2022-03-31 15:57:09,532.53
2022-03-31 15:57:14,532.47
2022-03-31 15:57:19,532.47
2022-03-31 15:57:24,532.47
2022-03-31 15:57:29,521.5239860330906
2022-03-31 15:57:34,532.41
2022-03-31 15:57:39,532.41
2022-03-31 15:57:44,532.41
2022-03-31 15:57:49,532.37
2022-03-31 15:57:54,521.5501566898859
2022-03-31 15:57:59,532.38
2022-03-31 15:58:04,532.31
2022-03-31 15:58:09,532.32
2022-03-31 15:58:14,532.25
2022-03-31 15:58:19,532.25
2022-03-31 15:58:24,532.25
2022-03-31 15:58:29,532.19
2022-03-31 15:58:34,532.19
2022-03-31 15:58:39,532.19
2022-03-31 15:58:44,532.19
2022-03-31 15:58:49,532.13
2022-03-31 15:58:54,532.13
2022-03-31 15:58:59,521.6370211818617
2022-03-31 15:59:04,532.1
2022-03-31 15:59:09,532.03
2022-03-31 15:59:14,532.04
2022-03-31 15:59:19,521.6695726628831
2022-03-31 15:59:24,531.97
2022-03-31 15:59:29,531.91
2022-03-31 15:59:34,531.91
2022-03-31 15:59:39,531.91
2022-03-31 15:59:44,531.91
2022-03-31 15:59:49,531.88
2022-03-31 15:59:54,531.88
2022-03-31 15:59:59,531.88
2022-03-31 16:00:04,531.89
2022-03-31 16:00:09,521.7638379665143
2022-03-31 16:00:14,531.82
2022-03-31 16:00:19,521.7849911938781
2022-03-31 16:00:24,531.76
2022-03-31 16:00:29,531.76
2022-03-31 16:00:34,531.76
2022-03-31 16:00:39,531.76
2022-03-31 16:00:44,531.77
2022-03-31 16:00:49,531.7
2022-03-31 16:00:54,531.7
2022-03-31 16:00:59,531.77
2022-03-31 16:01:04,531.64
2022-03-31 16:01:09,521.9028840296737
2022-03-31 16:01:14,531.64
2022-03-31 16:01:19,531.64
2022-03-31 16:01:24,531.71
2022-03-31 16:01:29,531.71
2022-03-31 16:01:34,531.64
2022-03-31 16:01:39,531.71
2022-03-31 16:01:44,531.71
2022-03-31 16:01:49,531.71
2022-03-31 16:01:54,522.0271194476501
2022-03-31 16:01:59,531.78
2022-03-31 16:02:04,531.78
2022-03-31 16:02:09,531.78
2022-03-31 16:02:14,531.78
2022-03-31 16:02:19,531.78
2022-03-31 16:02:24,531.85
2022-03-31 16:02:29,531.78
2022-03-31 16:02:34,531.85
2022-03-31 16:02:39,531.91
2022-03-31 16:02:44,531.85
2022-03-31 16:02:49,531.91
2022-03-31 16:02:54,531.91
2022-03-31 16:02:59,531.95
2022-03-31 16:03:04,532.01
2022-03-31 16:03:09,531.95
2022-03-31 16:03:14,532.01
2022-03-31 16:03:19,532.08
2022-03-31 16:03:24,532.14
2022-03-31 16:03:29,532.17
2022-03-31 16:03:34,532.24
2022-03-31 16:03:39,532.3
2022-03-31 16:03:44,532.36
2022-03-31 16:03:49,532.43
2022-03-31 16:03:54,522.450466732016
2022-03-31 16:03:59,532.59
2022-03-31 16:04:04,532.66
2022-03-31 16:04:09,532.76
2022-03-31 16:04:14,532.82
2022-03-31 16:04:19,532.88
2022-03-31 16:04:24,532.98
2022-03-31 16:04:29,533.05
2022-03-31 16:04:34,533.18
2022-03-31 16:04:39,533.21
2022-03-31 16:04:44,533.34
2022-03-31 16:04:49,522.6932647827704
2022-03-31 16:04:54,522.716959660345
2022-03-31 16:04:59,522.7409310896669
2022-03-31 16:05:04,533.72
2022-03-31 16:05:09,533.85
2022-03-31 16:05:14,533.91
2022-03-31 16:05:19,534.01
2022-03-31 16:05:24,534.08
2022-03-31 16:05:29,534.24
2022-03-31 16:05:34,522.9165940273188
2022-03-31 16:05:39,534.43
2022-03-31 16:05:44,534.59
2022-03-31 16:05:49,534.65
2022-03-31 16:05:54,534.75
2022-03-31 16:05:59,534.88
2022-03-31 16:06:04,535.01
2022-03-31 16:06:09,535.11
2022-03-31 16:06:14,535.23
2022-03-31 16:06:19,535.33
2022-03-31 16:06:24,523.192136132661
2022-03-31 16:06:29,535.56
2022-03-31 16:06:34,535.62
2022-03-31 16:06:39,535.75
2022-03-31 16:06:44,535.85
2022-03-31 16:06:49,535.91
2022-03-31 16:06:54,535.98
2022-03-31 16:06:59,536.07
2022-03-31 16:07:04,536.2
2022-03-31 16:07:09,536.3
2022-03-31 16:07:14,523.4978937727984
2022-03-31 16:07:19,523.5301861544826
2022-03-31 16:07:24,536.59
2022-03-31 16:07:29,536.72
2022-03-31 16:07:34,536.78
2022-03-31 16:07:39,536.88
2022-03-31 16:07:44,536.95
2022-03-31 16:07:49,523.7306640712136
2022-03-31 16:07:54,523.7652109377142
2022-03-31 16:07:59,537.24
2022-03-31 16:08:04,537.33
2022-03-31 16:08:09,537.46
2022-03-31 16:08:14,537.59
2022-03-31 16:08:19,537.63
2022-03-31 16:08:24,537.75
2022-03-31 16:08:29,524.0162959094209
2022-03-31 16:08:34,537.92
2022-03-31 16:08:39,538.05
2022-03-31 16:08:44,538.11
2022-03-31 16:08:49,538.14
2022-03-31 16:08:54,538.21
2022-03-31 16:08:59,524.244664028231
2022-03-31 16:09:04,538.37
2022-03-31 16:09:09,538.44
2022-03-31 16:09:14,538.5
2022-03-31 16:09:19,538.5
2022-03-31 16:09:24,538.57
2022-03-31 16:09:29,538.57
2022-03-31 16:09:34,538.57
2022-03-31 16:09:39,538.63
2022-03-31 16:09:44,538.63
2022-03-31 16:09:49,538.67
2022-03-31 16:09:54,538.67
2022-03-31 16:09:59,524.7390255253499
2022-03-31 16:10:04,538.74
2022-03-31 16:10:09,538.74
2022-03-31 16:10:14,538.73
2022-03-31 16:10:19,538.74
2022-03-31 16:10:24,538.8
2022-03-31 16:10:29,538.74
2022-03-31 16:10:34,538.8
2022-03-31 16:10:39,538.87
2022-03-31 16:10:44,538.87
2022-03-31 16:10:49,538.87
2022-03-31 16:10:54,525.2352017269335
2022-03-31 16:10:59,538.9
2022-03-31 16:11:04,538.9
2022-03-31 16:11:09,525.3770945038802
2022-03-31 16:11:14,538.97
2022-03-31 16:11:19,539.04
2022-03-31 16:11:24,539.04
2022-03-31 16:11:29,539.1
2022-03-31 16:11:34,539.16
2022-03-31 16:11:39,525.6687183177278
2022-03-31 16:11:44,539.16
2022-03-31 16:11:49,539.16
2022-03-31 16:11:54,539.2
2022-03-31 16:11:59,539.2
2022-03-31 16:12:04,539.2
2022-03-31 16:12:09,539.2
2022-03-31 16:12:14,539.26
2022-03-31 16:12:19,539.26
2022-03-31 16:12:24,539.26
2022-03-31 16:12:29,539.33
2022-03-31 16:12:34,539.26
2022-03-31 16:12:39,539.26
2022-03-31 16:12:44,539.26
2022-03-31 16:12:49,539.26
2022-03-31 16:12:54,539.26
2022-03-31 16:12:59,526.4924934990635
2022-03-31 16:13:04,539.26
2022-03-31 16:13:09,539.26
2022-03-31 16:13:14,539.26
2022-03-31 16:13:19,539.26
2022-03-31 16:13:24,539.33
2022-03-31 16:13:29,539.33
2022-03-31 16:13:34,539.33
2022-03-31 16:13:39,526.9262718605507
2022-03-31 16:13:44,539.26
2022-03-31 16:13:49,539.33
2022-03-31 16:13:54,539.33
2022-03-31 16:13:59,539.39
2022-03-31 16:14:04,527.2037270721462
2022-03-31 16:14:09,539.33
2022-03-31 16:14:14,539.33
2022-03-31 16:14:19,539.32
2022-03-31 16:14:24,527.4288582080974
2022-03-31 16:14:29,539.32
2022-03-31 16:14:34,539.32
2022-03-31 16:14:39,539.32
2022-03-31 16:14:44,539.26
2022-03-31 16:14:49,539.26
2022-03-31 16:14:54,527.7713236502225
2022-03-31 16:14:59,527.8289139827568
2022-03-31 16:15:04,539.19
2022-03-31 16:15:09,527.9445035830323
2022-03-31 16:15:14,528.0024960569127
2022-03-31 16:15:19,539.1
2022-03-31 16:15:24,539.09
2022-03-31 16:15:29,539.03
2022-03-31 16:15:34,539.03
2022-03-31 16:15:39,528.2942992865119
2022-03-31 16:15:44,538.97
2022-03-31 16:15:49,538.9
2022-03-31 16:15:54,538.9
2022-03-31 16:15:59,538.9
2022-03-31 16:16:04,538.9
2022-03-31 16:16:09,538.87
2022-03-31 16:16:14,538.87
2022-03-31 16:16:19,538.8
2022-03-31 16:16:24,538.74
2022-03-31 16:16:29,538.74
2022-03-31 16:16:34,538.74
2022-03-31 16:16:39,538.67
2022-03-31 16:16:44,538.67
2022-03-31 16:16:49,538.64
2022-03-31 16:16:54,538.64
2022-03-31 16:16:59,538.58
2022-03-31 16:17:04,529.3045095914134
2022-03-31 16:17:09,538.58
2022-03-31 16:17:14,538.58
2022-03-31 16:17:19,538.51
2022-03-31 16:17:24,529.5450302478879
2022-03-31 16:17:29,538.45
2022-03-31 16:17:34,538.45
2022-03-31 16:17:39,538.51
2022-03-31 16:17:44,538.45
2022-03-31 16:17:49,538.51
2022-03-31 16:17:54,529.9069112857187
2022-03-31 16:17:59,538.51
2022-03-31 16:18:04,538.58
2022-03-31 16:18:09,538.58
2022-03-31 16:18:14,538.58
2022-03-31 16:18:19,538.64
2022-03-31 16:18:24,538.68
2022-03-31 16:18:29,530.3298984018052
2022-03-31 16:18:34,538.74
2022-03-31 16:18:39,538.74
2022-03-31 16:18:44,538.81
2022-03-31 16:18:49,538.81
2022-03-31 16:18:54,538.87
2022-03-31 16:18:59,538.87
2022-03-31 16:19:04,538.91
2022-03-31 16:19:09,538.91
2022-03-31 16:19:14,530.8731995800496
2022-03-31 16:19:19,538.91
2022-03-31 16:19:24,538.97
2022-03-31 16:19:29,539.04
2022-03-31 16:19:34,539.04
2022-03-31 16:19:39,531.1739391118298
2022-03-31 16:19:44,539.1
2022-03-31 16:19:49,539.1
2022-03-31 16:19:54,539.17
2022-03-31 16:19:59,539.17
2022-03-31 16:20:04,539.17
2022-03-31 16:20:09,539.2
2022-03-31 16:20:14,539.26
2022-03-31 16:20:19,539.26
2022-03-31 16:20:24,539.33
2022-03-31 16:20:29,539.39
2022-03-31 16:20:34,539.39
2022-03-31 16:20:39,539.39
2022-03-31 16:20:44,539.49
2022-03-31 16:20:49,539.49
2022-03-31 16:20:54,539.49
2022-03-31 16:20:59,539.49
2022-03-31 16:21:04,532.1840419948246
2022-03-31 16:21:09,539.55
2022-03-31 16:21:14,539.62
2022-03-31 16:21:19,539.62
2022-03-31 16:21:24,539.68
2022-03-31 16:21:29,539.68
2022-03-31 16:21:34,539.68
2022-03-31 16:21:39,539.71
2022-03-31 16:21:44,532.6493504181966
2022-03-31 16:21:49,539.78
2022-03-31 16:21:54,539.78
2022-03-31 16:21:59,539.78
2022-03-31 16:22:04,539.84
2022-03-31 16:22:09,539.9
2022-03-31 16:22:14,539.9
2022-03-31 16:22:19,539.93
2022-03-31 16:22:24,539.93
2022-03-31 16:22:29,539.93
2022-03-31 16:22:34,539.93
2022-03-31 16:22:39,533.2744041045806
2022-03-31 16:22:44,540.06
2022-03-31 16:22:49,540.0
2022-03-31 16:22:54,540.06
2022-03-31 16:22:59,540.06
2022-03-31 16:23:04,540.06
2022-03-31 16:23:09,540.06
2022-03-31 16:23:14,540.12
2022-03-31 16:23:19,540.12
2022-03-31 16:23:24,540.12
2022-03-31 16:23:29,540.12
2022-03-31 16:23:34,540.12
2022-03-31 16:23:39,540.19
2022-03-31 16:23:44,540.19
2022-03-31 16:23:49,540.12
2022-03-31 16:23:54,540.19
2022-03-31 16:23:59,540.19
2022-03-31 16:24:04,540.18
2022-03-31 16:24:09,540.18
2022-03-31 16:24:14,540.18
2022-03-31 16:24:19,540.21
2022-03-31 16:24:24,540.21
2022-03-31 16:24:29,540.21
2022-03-31 16:24:34,540.21
2022-03-31 16:24:39,540.21
2022-03-31 16:24:44,540.21
2022-03-31 16:24:49,540.27
2022-03-31 16:24:54,540.27
2022-03-31 16:24:59,540.27
2022-03-31 16:25:04,540.33
2022-03-31 16:25:09,540.33
2022-03-31 16:25:14,540.4
2022-03-31 16:25:19,540.4
2022-03-31 16:25:24,540.43
2022-03-31 16:25:29,540.49
2022-03-31 16:25:34,540.56
2022-03-31 16:25:39,540.62
2022-03-31 16:25:44,540.62
2022-03-31 16:25:49,540.62
2022-03-31 16:25:54,535.2967252271574
2022-03-31 16:25:59,535.344007985407
2022-03-31 16:26:04,540.84
2022-03-31 16:26:09,540.94
2022-03-31 16:26:14,541.01
2022-03-31 16:26:19,535.5307140248549
2022-03-31 16:26:24,541.14
2022-03-31 16:26:29,541.2
2022-03-31 16:26:34,541.3
2022-03-31 16:26:39,541.36
2022-03-31 16:26:44,541.43
2022-03-31 16:26:49,541.46
2022-03-31 16:26:54,541.52
2022-03-31 16:26:59,541.65
2022-03-31 16:27:04,541.72
2022-03-31 16:27:09,541.81
2022-03-31 16:27:14,541.88
2022-03-31 16:27:19,536.0670748024096
2022-03-31 16:27:24,536.1101306397812
2022-03-31 16:27:29,542.1
2022-03-31 16:27:34,542.17
2022-03-31 16:27:39,542.26
2022-03-31 16:27:44,536.2797798073719
2022-03-31 16:27:49,542.39
2022-03-31 16:27:54,542.46
2022-03-31 16:27:59,542.55
2022-03-31 16:28:04,542.62
2022-03-31 16:28:09,542.68
2022-03-31 16:28:14,542.75
2022-03-31 16:28:19,536.5666201032627
2022-03-31 16:28:24,542.97
2022-03-31 16:28:29,543.01
2022-03-31 16:28:34,536.6855763005929
2022-03-31 16:28:39,543.2
2022-03-31 16:28:44,543.29
2022-03-31 16:28:49,543.36
2022-03-31 16:28:54,543.49
2022-03-31 16:28:59,543.58
2022-03-31 16:29:04,543.65
2022-03-31 16:29:09,543.78
2022-03-31 16:29:14,543.81
2022-03-31 16:29:19,543.94
2022-03-31 16:29:24,544.03
2022-03-31 16:29:29,544.17
2022-03-31 16:29:34,544.23
2022-03-31 16:29:39,544.32
2022-03-31 16:29:44,544.38
2022-03-31 16:29:49,544.52
2022-03-31 16:29:54,544.61
2022-03-31 16:29:59,544.68
2022-03-31 16:30:04,544.8
2022-03-31 16:30:09,544.9
2022-03-31 16:30:14,544.97
2022-03-31 16:30:19,545.12
2022-03-31 16:30:24,545.19
2022-03-31 16:30:29,545.32
2022-03-31 16:30:34,537.5481356770308
2022-03-31 16:30:39,545.54
2022-03-31 16:30:44,545.64
2022-03-31 16:30:49,545.77
2022-03-31 16:30:54,537.6759894411186
2022-03-31 16:30:59,537.7072215788152
2022-03-31 16:31:04,537.7381594400248
2022-03-31 16:31:09,546.09
2022-03-31 16:31:14,546.21
2022-03-31 16:31:19,546.34
2022-03-31 16:31:24,546.44
2022-03-31 16:31:29,546.5
2022-03-31 16:31:34,537.9175576566558
2022-03-31 16:31:39,546.73
2022-03-31 16:31:44,546.85
2022-03-31 16:31:49,546.88
2022-03-31 16:31:54,547.01
2022-03-31 16:31:59,547.11
2022-03-31 16:32:04,547.17
2022-03-31 16:32:09,547.3
2022-03-31 16:32:14,547.37
2022-03-31 16:32:19,547.39
2022-03-31 16:32:24,547.52
2022-03-31 16:32:29,547.59
2022-03-31 16:32:34,547.62
2022-03-31 16:32:39,547.68
2022-03-31 16:32:44,547.75
2022-03-31 16:32:49,547.75
2022-03-31 16:32:54,547.81
2022-03-31 16:32:59,538.3664915068229
2022-03-31 16:33:04,547.9
2022-03-31 16:33:09,547.9
2022-03-31 16:33:14,547.9
2022-03-31 16:33:19,547.97
2022-03-31 16:33:24,547.9
2022-03-31 16:33:29,547.96
2022-03-31 16:33:34,547.97
2022-03-31 16:33:39,547.96
2022-03-31 16:33:44,547.96
2022-03-31 16:33:49,547.96
2022-03-31 16:33:54,547.9
2022-03-31 16:33:59,547.86
2022-03-31 16:34:04,547.86
2022-03-31 16:34:09,547.8
2022-03-31 16:34:14,547.73
2022-03-31 16:34:19,538.7058453803144
2022-03-31 16:34:24,547.6
2022-03-31 16:34:29,547.57
2022-03-31 16:34:34,547.44
2022-03-31 16:34:39,547.34
2022-03-31 16:34:44,547.22
2022-03-31 16:34:49,547.09
2022-03-31 16:34:54,546.99
2022-03-31 16:34:59,546.86
2022-03-31 16:35:04,546.76
2022-03-31 16:35:09,546.64
2022-03-31 16:35:14,546.54
2022-03-31 16:35:19,546.35
2022-03-31 16:35:24,546.25
2022-03-31 16:35:29,546.06
2022-03-31 16:35:34,545.89
2022-03-31 16:35:39,545.8
2022-03-31 16:35:44,545.54
2022-03-31 16:35:49,538.9866492959438
2022-03-31 16:35:54,538.9990175840682
2022-03-31 16:35:59,545.03
2022-03-31 16:36:04,544.86
2022-03-31 16:36:09,544.7
2022-03-31 16:36:14,544.48
2022-03-31 16:36:19,544.29
2022-03-31 16:36:24,544.06
2022-03-31 16:36:29,543.9
2022-03-31 16:36:34,543.67
2022-03-31 16:36:39,543.45
2022-03-31 16:36:44,543.22
2022-03-31 16:36:49,543.03
2022-03-31 16:36:54,542.81
2022-03-31 16:36:59,539.1279950117538
2022-03-31 16:37:04,542.35
2022-03-31 16:37:09,542.13
2022-03-31 16:37:14,539.1492501484506
2022-03-31 16:37:19,541.62
2022-03-31 16:37:24,541.39
2022-03-31 16:37:29,541.16
2022-03-31 16:37:34,540.87
2022-03-31 16:37:39,539.1774617777231
2022-03-31 16:37:44,540.39
2022-03-31 16:37:49,540.17
2022-03-31 16:37:54,539.1900238629656
2022-03-31 16:37:59,539.72
2022-03-31 16:38:04,539.42
2022-03-31 16:38:09,539.26
2022-03-31 16:38:14,539.04
2022-03-31 16:38:19,538.81
2022-03-31 16:38:24,538.52
2022-03-31 16:38:29,538.3
2022-03-31 16:38:34,539.2078100157645
2022-03-31 16:38:39,537.94
2022-03-31 16:38:44,537.72
2022-03-31 16:38:49,537.49
2022-03-31 16:38:54,539.208459094663
2022-03-31 16:38:59,537.07
2022-03-31 16:39:04,536.91
2022-03-31 16:39:09,539.2054834423004
2022-03-31 16:39:14,536.52
2022-03-31 16:39:19,536.39
2022-03-31 16:39:24,536.23
2022-03-31 16:39:29,536.1
2022-03-31 16:39:34,535.94
2022-03-31 16:39:39,535.75
2022-03-31 16:39:44,535.65
2022-03-31 16:39:49,535.52
2022-03-31 16:39:54,539.1795410594542
2022-03-31 16:39:59,539.1751426172549
2022-03-31 16:40:04,535.23
2022-03-31 16:40:09,535.2
2022-03-31 16:40:14,535.07
2022-03-31 16:40:19,535.0
2022-03-31 16:40:24,534.97
2022-03-31 16:40:29,534.91
2022-03-31 16:40:34,534.91
2022-03-31 16:40:39,534.78
2022-03-31 16:40:44,534.84
2022-03-31 16:40:49,534.84
2022-03-31 16:40:54,534.84
2022-03-31 16:40:59,534.84
2022-03-31 16:41:04,534.84
2022-03-31 16:41:09,534.9
2022-03-31 16:41:14,534.97
2022-03-31 16:41:19,535.0
2022-03-31 16:41:24,535.06
2022-03-31 16:41:29,539.0485113253133
2022-03-31 16:41:34,539.0390136849178
2022-03-31 16:41:39,535.34
2022-03-31 16:41:44,535.48
2022-03-31 16:41:49,539.009086383792
2022-03-31 16:41:54,535.7
2022-03-31 16:41:59,535.8
2022-03-31 16:42:04,535.99
2022-03-31 16:42:09,536.15
2022-03-31 16:42:14,536.31
2022-03-31 16:42:19,536.43
2022-03-31 16:42:24,536.6
2022-03-31 16:42:29,536.76
2022-03-31 16:42:34,536.95
2022-03-31 16:42:39,537.11
2022-03-31 16:42:44,537.24
2022-03-31 16:42:49,537.46
2022-03-31 16:42:54,537.62
2022-03-31 16:42:59,537.78
2022-03-31 16:43:04,537.97
2022-03-31 16:43:09,538.2
2022-03-31 16:43:14,538.35
2022-03-31 16:43:19,538.55
2022-03-31 16:43:24,538.77
2022-03-31 16:43:29,538.93
2022-03-31 16:43:34,539.1
2022-03-31 16:43:39,539.32
2022-03-31 16:43:44,539.45
2022-03-31 16:43:49,539.74
2022-03-31 16:43:54,539.9
2022-03-31 16:43:59,540.09
2022-03-31 16:44:04,540.25
2022-03-31 16:44:09,540.48
2022-03-31 16:44:14,540.64
2022-03-31 16:44:19,540.83
2022-03-31 16:44:24,540.93
2022-03-31 16:44:29,541.06
2022-03-31 16:44:34,541.22
2022-03-31 16:44:39,541.38
2022-03-31 16:44:44,541.51
2022-03-31 16:44:49,541.64
2022-03-31 16:44:54,541.8
2022-03-31 16:44:59,541.9
2022-03-31 16:45:04,542.02
2022-03-31 16:45:09,538.439126857315
2022-03-31 16:45:14,542.19
2022-03-31 16:45:19,542.31
2022-03-31 16:45:24,542.41
2022-03-31 16:45:29,542.54
2022-03-31 16:45:34,542.67
2022-03-31 16:45:39,542.7
2022-03-31 16:45:44,542.77
2022-03-31 16:45:49,538.2959446455657
2022-03-31 16:45:54,542.93
2022-03-31 16:45:59,542.99
2022-03-31 16:46:04,543.06
2022-03-31 16:46:09,543.12
2022-03-31 16:46:14,543.22
2022-03-31 16:46:19,543.28
2022-03-31 16:46:24,543.35
2022-03-31 16:46:29,538.1463156709294
2022-03-31 16:46:34,543.44
2022-03-31 16:46:39,543.51
2022-03-31 16:46:44,543.57
2022-03-31 16:46:49,543.64
2022-03-31 16:46:54,543.7
2022-03-31 16:46:59,538.030709737712
2022-03-31 16:47:04,543.73
2022-03-31 16:47:09,543.8
2022-03-31 16:47:14,543.87
2022-03-31 16:47:19,543.87
2022-03-31 16:47:24,543.93
2022-03-31 16:47:29,543.93
2022-03-31 16:47:34,543.96
2022-03-31 16:47:39,543.96
2022-03-31 16:47:44,544.03
2022-03-31 16:47:49,544.03
2022-03-31 16:47:54,537.8133730558097
2022-03-31 16:47:59,544.03
2022-03-31 16:48:04,544.03
2022-03-31 16:48:09,544.03
2022-03-31 16:48:14,544.03
2022-03-31 16:48:19,537.71308289253
2022-03-31 16:48:24,543.97
2022-03-31 16:48:29,543.97
2022-03-31 16:48:34,543.97
2022-03-31 16:48:39,543.93
2022-03-31 16:48:44,543.87
2022-03-31 16:48:49,543.87
2022-03-31 16:48:54,537.5719858259386
2022-03-31 16:48:59,543.74
2022-03-31 16:49:04,537.5316397715229
2022-03-31 16:49:09,543.65
2022-03-31 16:49:14,543.64
2022-03-31 16:49:19,543.58
2022-03-31 16:49:24,543.45
2022-03-31 16:49:29,543.45
2022-03-31 16:49:34,543.42
2022-03-31 16:49:39,543.35
2022-03-31 16:49:44,543.23
2022-03-31 16:49:49,537.3507194434167
2022-03-31 16:49:54,543.13
2022-03-31 16:49:59,543.07
2022-03-31 16:50:04,543.01
2022-03-31 16:50:09,537.2710022338532
2022-03-31 16:50:14,537.2511715169713
2022-03-31 16:50:19,542.78
2022-03-31 16:50:24,542.68
2022-03-31 16:50:29,542.62
2022-03-31 16:50:34,542.56
2022-03-31 16:50:39,542.5
2022-03-31 16:50:44,537.1332269554332
2022-03-31 16:50:49,542.33
2022-03-31 16:50:54,542.2
2022-03-31 16:50:59,542.17
2022-03-31 16:51:04,542.05
2022-03-31 16:51:09,541.92
2022-03-31 16:51:14,541.89
2022-03-31 16:51:19,541.82
2022-03-31 16:51:24,541.69
2022-03-31 16:51:29,541.66
2022-03-31 16:51:34,541.53
2022-03-31 16:51:39,541.4
2022-03-31 16:51:44,541.37
2022-03-31 16:51:49,541.24
2022-03-31 16:51:54,541.18
2022-03-31 16:51:59,541.08
2022-03-31 16:52:04,541.08
2022-03-31 16:52:09,540.96
2022-03-31 16:52:14,540.86
2022-03-31 16:52:19,540.79
2022-03-31 16:52:24,540.67
2022-03-31 16:52:29,536.7414149080312
2022-03-31 16:52:34,540.57
2022-03-31 16:52:39,540.44
2022-03-31 16:52:44,540.38
2022-03-31 16:52:49,540.35
2022-03-31 16:52:54,540.22
2022-03-31 16:52:59,540.16
2022-03-31 16:53:04,536.61933078491
2022-03-31 16:53:09,540.06
2022-03-31 16:53:14,539.94
2022-03-31 16:53:19,539.87
2022-03-31 16:53:24,539.84
2022-03-31 16:53:29,536.534305364314
2022-03-31 16:53:34,539.65
2022-03-31 16:53:39,539.62
2022-03-31 16:53:44,539.62
2022-03-31 16:53:49,539.55
2022-03-31 16:53:54,536.4508241924506
2022-03-31 16:53:59,539.43
2022-03-31 16:54:04,539.36
2022-03-31 16:54:09,539.33
2022-03-31 16:54:14,539.27
2022-03-31 16:54:19,539.2
2022-03-31 16:54:24,539.14
2022-03-31 16:54:29,539.11
2022-03-31 16:54:34,539.05
2022-03-31 16:54:39,538.98
2022-03-31 16:54:44,538.92
2022-03-31 16:54:49,538.86
2022-03-31 16:54:54,538.82
2022-03-31 16:54:59,538.76
2022-03-31 16:55:04,538.69
2022-03-31 16:55:09,538.7
2022-03-31 16:55:14,538.63
2022-03-31 16:55:19,538.6
2022-03-31 16:55:24,538.6
2022-03-31 16:55:29,538.54
2022-03-31 16:55:34,538.54
2022-03-31 16:55:39,538.48
2022-03-31 16:55:44,538.48
2022-03-31 16:55:49,538.41
2022-03-31 16:55:54,538.35
2022-03-31 16:55:59,538.35
2022-03-31 16:56:04,538.32
2022-03-31 16:56:09,538.25
2022-03-31 16:56:14,538.25
2022-03-31 16:56:19,535.9848551200073
2022-03-31 16:56:24,535.9690076665246
2022-03-31 16:56:29,538.12
2022-03-31 16:56:34,538.13
2022-03-31 16:56:39,538.12
2022-03-31 16:56:44,538.09
2022-03-31 16:56:49,538.09
2022-03-31 16:56:54,538.03
2022-03-31 16:56:59,538.03
2022-03-31 16:57:04,537.96
2022-03-31 16:57:09,537.9
2022-03-31 16:57:14,537.9
2022-03-31 16:57:19,537.84
2022-03-31 16:57:24,537.84
2022-03-31 16:57:29,537.84
2022-03-31 16:57:34,537.8
2022-03-31 16:57:39,537.8
2022-03-31 16:57:44,537.8
2022-03-31 16:57:49,537.74
2022-03-31 16:57:54,537.74
2022-03-31 16:57:59,537.68
2022-03-31 16:58:04,537.68
2022-03-31 16:58:09,537.61
2022-03-31 16:58:14,537.61
2022-03-31 16:58:19,537.58
2022-03-31 16:58:24,537.58
2022-03-31 16:58:29,537.51
2022-03-31 16:58:34,537.51
2022-03-31 16:58:39,537.45
2022-03-31 16:58:44,537.38
2022-03-31 16:58:49,537.38
2022-03-31 16:58:54,537.38
2022-03-31 16:58:59,537.38
2022-03-31 16:59:04,537.38
2022-03-31 16:59:09,537.32
2022-03-31 16:59:14,537.28
2022-03-31 16:59:19,537.28
2022-03-31 16:59:24,537.28
2022-03-31 16:59:29,537.28
2022-03-31 16:59:34,537.28
2022-03-31 16:59:39,537.28
2022-03-31 16:59:44,537.27
2022-03-31 16:59:49,537.21
2022-03-31 16:59:54,537.21
2022-03-31 16:59:59,537.21
2022-03-31 17:00:04,535.2396662783368
2022-03-31 17:00:09,537.21
2022-03-31 17:00:14,537.21
2022-03-31 17:00:19,537.28
2022-03-31 17:00:24,537.21
2022-03-31 17:00:29,537.21
2022-03-31 17:00:34,537.21
2022-03-31 17:00:39,537.28
2022-03-31 17:00:44,537.28
2022-03-31 17:00:49,537.28
2022-03-31 17:00:54,535.0557185039314
2022-03-31 17:00:59,537.31
2022-03-31 17:01:04,537.37
2022-03-31 17:01:09,537.37
2022-03-31 17:01:14,537.44
2022-03-31 17:01:19,537.44
2022-03-31 17:01:24,537.5
2022-03-31 17:01:29,537.57
2022-03-31 17:01:34,537.57
2022-03-31 17:01:39,534.880979345901
2022-03-31 17:01:44,534.8609630685526
2022-03-31 17:01:49,537.73
2022-03-31 17:01:54,537.73
2022-03-31 17:01:59,537.79
2022-03-31 17:02:04,534.7796072703485
2022-03-31 17:02:09,537.89
2022-03-31 17:02:14,537.89
2022-03-31 17:02:19,537.95
2022-03-31 17:02:24,537.95
2022-03-31 17:02:29,538.02
2022-03-31 17:02:34,534.6534915838965
2022-03-31 17:02:39,538.08
2022-03-31 17:02:44,538.08
2022-03-31 17:02:49,538.12
2022-03-31 17:02:54,538.18
2022-03-31 17:02:59,538.24
2022-03-31 17:03:04,538.25
2022-03-31 17:03:09,534.4996735533806
2022-03-31 17:03:14,534.4770764037519
2022-03-31 17:03:19,538.31
2022-03-31 17:03:24,538.35
2022-03-31 17:03:29,538.41
2022-03-31 17:03:34,538.41
2022-03-31 17:03:39,538.41
2022-03-31 17:03:44,534.3380349712618
2022-03-31 17:03:49,534.3142671651032
2022-03-31 17:03:54,538.48
2022-03-31 17:03:59,538.48
2022-03-31 17:04:04,538.54
2022-03-31 17:04:09,538.6
2022-03-31 17:04:14,538.54
2022-03-31 17:04:19,538.61
2022-03-31 17:04:24,538.61
2022-03-31 17:04:29,538.61
2022-03-31 17:04:34,538.64
2022-03-31 17:04:39,538.64
2022-03-31 17:04:44,538.64
2022-03-31 17:04:49,538.64
2022-03-31 17:04:54,538.64
2022-03-31 17:04:59,538.7
2022-03-31 17:05:04,533.9356969512271
2022-03-31 17:05:09,538.7
2022-03-31 17:05:14,538.7
2022-03-31 17:05:19,538.7
2022-03-31 17:05:24,538.7
2022-03-31 17:05:29,538.77
2022-03-31 17:05:34,538.77
2022-03-31 17:05:39,538.76
2022-03-31 17:05:44,538.76
2022-03-31 17:05:49,538.76
2022-03-31 17:05:54,538.76
2022-03-31 17:05:59,538.82
2022-03-31 17:06:04,533.6001868286036
2022-03-31 17:06:09,538.83
2022-03-31 17:06:14,538.83
2022-03-31 17:06:19,533.5114499806704
2022-03-31 17:06:24,538.83
2022-03-31 17:06:29,538.82
2022-03-31 17:06:34,538.82
2022-03-31 17:06:39,538.82
2022-03-31 17:06:44,538.82
2022-03-31 17:06:49,533.3288184982
2022-03-31 17:06:54,538.76
2022-03-31 17:06:59,538.82
2022-03-31 17:07:04,538.76
2022-03-31 17:07:09,538.75
2022-03-31 17:07:14,538.69
2022-03-31 17:07:19,538.75
2022-03-31 17:07:24,538.69
2022-03-31 17:07:29,538.69
2022-03-31 17:07:34,533.0444637252067
2022-03-31 17:07:39,538.69
2022-03-31 17:07:44,538.62
2022-03-31 17:07:49,538.62
2022-03-31 17:07:54,538.62
2022-03-31 17:07:59,538.62
2022-03-31 17:08:04,538.62
2022-03-31 17:08:09,538.62
2022-03-31 17:08:14,538.62
2022-03-31 17:08:19,538.59
2022-03-31 17:08:24,532.718727573419
2022-03-31 17:08:29,532.6858125299542
2022-03-31 17:08:34,538.62
2022-03-31 17:08:39,538.62
2022-03-31 17:08:44,538.58
2022-03-31 17:08:49,538.58
2022-03-31 17:08:54,532.5207973874874
2022-03-31 17:08:59,538.58
2022-03-31 17:09:04,538.58
2022-03-31 17:09:09,532.4216574212004
2022-03-31 17:09:14,538.58
2022-03-31 17:09:19,538.57
2022-03-31 17:09:24,538.57
2022-03-31 17:09:29,532.2896619752454
2022-03-31 17:09:34,538.57
2022-03-31 17:09:39,538.57
2022-03-31 17:09:44,538.57
2022-03-31 17:09:49,538.57
2022-03-31 17:09:54,538.57
2022-03-31 17:09:59,538.57
2022-03-31 17:10:04,532.0602989278644
2022-03-31 17:10:09,538.5
2022-03-31 17:10:14,538.57
2022-03-31 17:10:19,538.57
2022-03-31 17:10:24,538.57
2022-03-31 17:10:29,538.5
2022-03-31 17:10:34,538.5
2022-03-31 17:10:39,538.5
2022-03-31 17:10:44,538.44
2022-03-31 17:10:49,538.44
2022-03-31 17:10:54,538.44
2022-03-31 17:10:59,538.37
2022-03-31 17:11:04,538.37
2022-03-31 17:11:09,538.37
2022-03-31 17:11:14,538.31
2022-03-31 17:11:19,538.28
2022-03-31 17:11:24,538.21
2022-03-31 17:11:29,538.15
2022-03-31 17:11:34,538.08
2022-03-31 17:11:39,538.05
2022-03-31 17:11:44,537.92
2022-03-31 17:11:49,537.92
2022-03-31 17:11:54,537.79
2022-03-31 17:11:59,537.7
2022-03-31 17:12:04,537.63
2022-03-31 17:12:09,537.54
2022-03-31 17:12:14,537.47
2022-03-31 17:12:19,537.41
2022-03-31 17:12:24,537.28
2022-03-31 17:12:29,537.25
2022-03-31 17:12:34,537.18
2022-03-31 17:12:39,537.12
2022-03-31 17:12:44,537.02
2022-03-31 17:12:49,536.96
2022-03-31 17:12:54,536.83
2022-03-31 17:12:59,536.76
2022-03-31 17:13:04,536.67
2022-03-31 17:13:09,536.6
2022-03-31 17:13:14,536.54
2022-03-31 17:13:19,536.44
2022-03-31 17:13:24,536.38
2022-03-31 17:13:29,536.25
2022-03-31 17:13:34,536.22
2022-03-31 17:13:39,530.815658463693
2022-03-31 17:13:44,536.09
2022-03-31 17:13:49,536.0
2022-03-31 17:13:54,535.93
2022-03-31 17:13:59,530.7246347876967
2022-03-31 17:14:04,535.74
2022-03-31 17:14:09,535.74
2022-03-31 17:14:14,530.6602070154024
2022-03-31 17:14:19,535.58
2022-03-31 17:14:24,535.58
2022-03-31 17:14:29,535.49
2022-03-31 17:14:34,535.42
2022-03-31 17:14:39,535.29
2022-03-31 17:14:44,535.29
2022-03-31 17:14:49,535.2
2022-03-31 17:14:54,535.07
2022-03-31 17:14:59,535.07
2022-03-31 17:15:04,534.97
2022-03-31 17:15:09,534.91
2022-03-31 17:15:14,534.84
2022-03-31 17:15:19,534.78
2022-03-31 17:15:24,534.68
2022-03-31 17:15:29,534.62
2022-03-31 17:15:34,534.49
2022-03-31 17:15:39,530.3656386160753
2022-03-31 17:15:44,534.39
2022-03-31 17:15:49,534.27
2022-03-31 17:15:54,534.27
2022-03-31 17:15:59,530.3158147837075
2022-03-31 17:16:04,534.17
2022-03-31 17:16:09,534.04
2022-03-31 17:16:14,533.98
2022-03-31 17:16:19,533.95
2022-03-31 17:16:24,530.2651715295709
2022-03-31 17:16:29,533.82
2022-03-31 17:16:34,533.76
2022-03-31 17:16:39,533.69
2022-03-31 17:16:44,530.2344451171552
2022-03-31 17:16:49,533.6
2022-03-31 17:16:54,533.53
2022-03-31 17:16:59,533.47
2022-03-31 17:17:04,533.44
2022-03-31 17:17:09,533.37
2022-03-31 17:17:14,533.37
2022-03-31 17:17:19,533.25
2022-03-31 17:17:24,533.18
2022-03-31 17:17:29,533.15
2022-03-31 17:17:34,533.15
2022-03-31 17:17:39,533.09
2022-03-31 17:17:44,533.02
2022-03-31 17:17:49,532.96
2022-03-31 17:17:54,532.93
2022-03-31 17:17:59,532.93
2022-03-31 17:18:04,532.93
2022-03-31 17:18:09,532.87
2022-03-31 17:18:14,532.8
2022-03-31 17:18:19,532.8
2022-03-31 17:18:24,532.8
2022-03-31 17:18:29,532.8
2022-03-31 17:18:34,532.81
2022-03-31 17:18:39,532.81
2022-03-31 17:18:44,532.81
2022-03-31 17:18:49,532.81
2022-03-31 17:18:54,532.81
2022-03-31 17:18:59,532.81
2022-03-31 17:19:04,530.2969059359968
2022-03-31 17:19:09,530.3090991592115
2022-03-31 17:19:14,532.94
2022-03-31 17:19:19,532.94
2022-03-31 17:19:24,530.3501942285691
2022-03-31 17:19:29,532.97
2022-03-31 17:19:34,533.04
2022-03-31 17:19:39,533.04
2022-03-31 17:19:44,533.11
2022-03-31 17:19:49,533.17
2022-03-31 17:19:54,533.2
2022-03-31 17:19:59,533.27
2022-03-31 17:20:04,533.34
2022-03-31 17:20:09,533.34
2022-03-31 17:20:14,533.47
2022-03-31 17:20:19,530.5611161263877
2022-03-31 17:20:24,533.56
2022-03-31 17:20:29,533.69
2022-03-31 17:20:34,533.73
2022-03-31 17:20:39,533.85
2022-03-31 17:20:44,533.99
2022-03-31 17:20:49,534.02
2022-03-31 17:20:54,534.15
2022-03-31 17:20:59,534.21
2022-03-31 17:21:04,534.37
2022-03-31 17:21:09,534.51
2022-03-31 17:21:14,534.6
2022-03-31 17:21:19,530.8995627474187
2022-03-31 17:21:24,534.83
2022-03-31 17:21:29,534.9
2022-03-31 17:21:34,535.06
2022-03-31 17:21:39,535.19
2022-03-31 17:21:44,535.28
2022-03-31 17:21:49,535.41
2022-03-31 17:21:54,535.54
2022-03-31 17:21:59,535.64
2022-03-31 17:22:04,535.77
2022-03-31 17:22:09,535.93
2022-03-31 17:22:14,536.0
2022-03-31 17:22:19,536.09
2022-03-31 17:22:24,536.22
2022-03-31 17:22:29,536.32
2022-03-31 17:22:34,536.45
2022-03-31 17:22:39,536.58
2022-03-31 17:22:44,536.68
2022-03-31 17:22:49,536.74
2022-03-31 17:22:54,536.9
2022-03-31 17:22:59,537.03
2022-03-31 17:23:04,537.1
2022-03-31 17:23:09,537.19
2022-03-31 17:23:14,531.8300883116558
2022-03-31 17:23:19,531.8780817818957
2022-03-31 17:23:24,537.48
2022-03-31 17:23:29,537.61
2022-03-31 17:23:34,537.64
2022-03-31 17:23:39,537.71
2022-03-31 17:23:44,537.84
2022-03-31 17:23:49,537.87
2022-03-31 17:23:54,537.93
2022-03-31 17:23:59,538.0
2022-03-31 17:24:04,532.3353030076721
2022-03-31 17:24:09,538.12
2022-03-31 17:24:14,538.22
2022-03-31 17:24:19,538.22
2022-03-31 17:24:24,538.29
2022-03-31 17:24:29,538.35
2022-03-31 17:24:34,538.38
2022-03-31 17:24:39,538.45
2022-03-31 17:24:44,538.58
2022-03-31 17:24:49,538.58
2022-03-31 17:24:54,538.64
2022-03-31 17:24:59,538.67
2022-03-31 17:25:04,538.74
2022-03-31 17:25:09,538.74
2022-03-31 17:25:14,538.8
2022-03-31 17:25:19,538.86
2022-03-31 17:25:24,538.9
2022-03-31 17:25:29,533.3111242068258
2022-03-31 17:25:34,539.02
2022-03-31 17:25:39,539.02
2022-03-31 17:25:44,539.02
2022-03-31 17:25:49,539.09
2022-03-31 17:25:54,539.09
2022-03-31 17:25:59,539.15
2022-03-31 17:26:04,539.15
2022-03-31 17:26:09,539.18
2022-03-31 17:26:14,539.18
2022-03-31 17:26:19,539.25
2022-03-31 17:26:24,539.24
2022-03-31 17:26:29,539.24
2022-03-31 17:26:34,534.1410656320926
2022-03-31 17:26:39,539.37
2022-03-31 17:26:44,539.37
2022-03-31 17:26:49,539.37
2022-03-31 17:26:54,539.37
2022-03-31 17:26:59,539.37
2022-03-31 17:27:04,539.37
2022-03-31 17:27:09,539.37
2022-03-31 17:27:14,534.6814608680826
2022-03-31 17:27:19,534.7504006846934
2022-03-31 17:27:24,539.4
2022-03-31 17:27:29,539.4
2022-03-31 17:27:34,539.4
2022-03-31 17:27:39,539.4
2022-03-31 17:27:44,535.0993131461812
2022-03-31 17:27:49,535.1698961813034
2022-03-31 17:27:54,539.4
2022-03-31 17:27:59,539.4
2022-03-31 17:28:04,539.4
2022-03-31 17:28:09,539.4
2022-03-31 17:28:14,539.4
2022-03-31 17:28:19,539.4
2022-03-31 17:28:24,539.37
2022-03-31 17:28:29,539.37
2022-03-31 17:28:34,539.37
2022-03-31 17:28:39,539.31
2022-03-31 17:28:44,539.3
2022-03-31 17:28:49,539.31
2022-03-31 17:28:54,539.31
2022-03-31 17:28:59,539.31
2022-03-31 17:29:04,539.3
2022-03-31 17:29:09,539.31
2022-03-31 17:29:14,539.24
2022-03-31 17:29:19,539.31
2022-03-31 17:29:24,536.5521448423127
2022-03-31 17:29:29,536.626640337633
2022-03-31 17:29:34,539.24
2022-03-31 17:29:39,539.24
2022-03-31 17:29:44,539.24
2022-03-31 17:29:49,539.31
2022-03-31 17:29:54,539.25
2022-03-31 17:29:59,539.25
2022-03-31 17:30:04,539.25
2022-03-31 17:30:09,537.2268659597179
2022-03-31 17:30:14,539.25
2022-03-31 17:30:19,537.3778854636121
2022-03-31 17:30:24,539.25
2022-03-31 17:30:29,537.5291939031738
2022-03-31 17:30:34,539.25
2022-03-31 17:30:39,539.25
2022-03-31 17:30:44,539.31
2022-03-31 17:30:49,539.25
2022-03-31 17:30:54,539.32
2022-03-31 17:30:59,537.984371317446
2022-03-31 17:31:04,539.25
2022-03-31 17:31:09,539.32
2022-03-31 17:31:14,539.32
2022-03-31 17:31:19,539.32
2022-03-31 17:31:24,539.32
2022-03-31 17:31:29,539.32
2022-03-31 17:31:34,539.32
2022-03-31 17:31:39,539.32
2022-03-31 17:31:44,539.32
2022-03-31 17:31:49,539.38
2022-03-31 17:31:54,539.38
2022-03-31 17:31:59,538.8960269104266
2022-03-31 17:32:04,539.32
2022-03-31 17:32:09,539.32
2022-03-31 17:32:14,539.38
2022-03-31 17:32:19,539.38
2022-03-31 17:32:24,539.41
2022-03-31 17:32:29,539.38
2022-03-31 17:32:34,539.41
2022-03-31 17:32:39,539.41
2022-03-31 17:32:44,539.41
2022-03-31 17:32:49,539.48
2022-03-31 17:32:54,539.41
2022-03-31 17:32:59,539.8007495245658
2022-03-31 17:33:04,539.41
2022-03-31 17:33:09,539.47
2022-03-31 17:33:14,539.41
2022-03-31 17:33:19,539.47
2022-03-31 17:33:24,540.1731982911048
2022-03-31 17:33:29,539.47
2022-03-31 17:33:34,540.3211666521387
2022-03-31 17:33:39,539.47
2022-03-31 17:33:44,539.47
2022-03-31 17:33:49,539.4
2022-03-31 17:33:54,539.41
2022-03-31 17:33:59,539.41
2022-03-31 17:34:04,539.4
2022-03-31 17:34:09,539.4
2022-03-31 17:34:14,539.47
2022-03-31 17:34:19,539.4
2022-03-31 17:34:24,539.47
2022-03-31 17:34:29,539.4
2022-03-31 17:34:34,541.1937636971907
2022-03-31 17:34:39,539.47
2022-03-31 17:34:44,539.4
2022-03-31 17:34:49,539.46
2022-03-31 17:34:54,539.37
2022-03-31 17:34:59,539.4
2022-03-31 17:35:04,539.37
2022-03-31 17:35:09,539.4
2022-03-31 17:35:14,541.7591437961098
2022-03-31 17:35:19,539.36
2022-03-31 17:35:24,539.36
2022-03-31 17:35:29,539.36
2022-03-31 17:35:34,539.36
2022-03-31 17:35:39,539.36
2022-03-31 17:35:44,539.36
2022-03-31 17:35:49,539.36
2022-03-31 17:35:54,539.36
2022-03-31 17:35:59,539.36
2022-03-31 17:36:04,539.36
2022-03-31 17:36:09,539.35
2022-03-31 17:36:14,539.29
2022-03-31 17:36:19,539.29
2022-03-31 17:36:24,539.29
2022-03-31 17:36:29,539.29
2022-03-31 17:36:34,539.22
2022-03-31 17:36:39,542.9144233658718
2022-03-31 17:36:44,539.22
2022-03-31 17:36:49,539.22
2022-03-31 17:36:54,539.22
2022-03-31 17:36:59,539.22
2022-03-31 17:37:04,539.22
2022-03-31 17:37:09,539.22
2022-03-31 17:37:14,539.22
2022-03-31 17:37:19,539.28
2022-03-31 17:37:24,539.28
2022-03-31 17:37:29,539.35
2022-03-31 17:37:34,539.35
2022-03-31 17:37:39,539.34
2022-03-31 17:37:44,539.38
2022-03-31 17:37:49,539.38
2022-03-31 17:37:54,539.44
2022-03-31 17:37:59,539.51
2022-03-31 17:38:04,539.57
2022-03-31 17:38:09,539.57
2022-03-31 17:38:14,539.63
2022-03-31 17:38:19,539.63
2022-03-31 17:38:24,539.67
2022-03-31 17:38:29,539.73
2022-03-31 17:38:34,539.73
2022-03-31 17:38:39,539.8
2022-03-31 17:38:44,539.86
2022-03-31 17:38:49,539.89
2022-03-31 17:38:54,539.89
2022-03-31 17:38:59,540.02
2022-03-31 17:39:04,540.02
2022-03-31 17:39:09,540.09
2022-03-31 17:39:14,540.15
2022-03-31 17:39:19,540.18
2022-03-31 17:39:24,540.18
2022-03-31 17:39:29,540.25
2022-03-31 17:39:34,540.31
2022-03-31 17:39:39,540.38
2022-03-31 17:39:44,540.41
2022-03-31 17:39:49,540.41
2022-03-31 17:39:54,540.47
2022-03-31 17:39:59,540.47
2022-03-31 17:40:04,540.54
2022-03-31 17:40:09,540.6
2022-03-31 17:40:14,540.6
2022-03-31 17:40:19,540.67
2022-03-31 17:40:24,540.7
2022-03-31 17:40:29,540.7
2022-03-31 17:40:34,545.7508377246065
2022-03-31 17:40:39,540.83
2022-03-31 17:40:44,540.89
2022-03-31 17:40:49,540.93
2022-03-31 17:40:54,540.99
2022-03-31 17:40:59,546.019112131494
2022-03-31 17:41:04,541.05
2022-03-31 17:41:09,541.12
2022-03-31 17:41:14,541.18
2022-03-31 17:41:19,546.2288091110792
2022-03-31 17:41:24,541.18
2022-03-31 17:41:29,541.21
2022-03-31 17:41:34,541.21
2022-03-31 17:41:39,541.27
2022-03-31 17:41:44,546.4846871566575
2022-03-31 17:41:49,541.27
2022-03-31 17:41:54,546.5850740534188
2022-03-31 17:41:59,541.27
2022-03-31 17:42:04,541.34
2022-03-31 17:42:09,541.27
2022-03-31 17:42:14,541.27
2022-03-31 17:42:19,541.21
2022-03-31 17:42:24,546.8794107878468
2022-03-31 17:42:29,541.21
2022-03-31 17:42:34,541.21
2022-03-31 17:42:39,541.21
2022-03-31 17:42:44,541.17
2022-03-31 17:42:49,541.17
2022-03-31 17:42:54,541.17
2022-03-31 17:42:59,541.04
2022-03-31 17:43:04,541.11
2022-03-31 17:43:09,541.04
2022-03-31 17:43:14,541.04
2022-03-31 17:43:19,540.97
2022-03-31 17:43:24,540.97
2022-03-31 17:43:29,540.91
2022-03-31 17:43:34,540.87
2022-03-31 17:43:39,540.88
2022-03-31 17:43:44,540.81
2022-03-31 17:43:49,540.81
2022-03-31 17:43:54,547.6994008794212
2022-03-31 17:43:59,540.75
2022-03-31 17:44:04,547.7845271284191
2022-03-31 17:44:09,540.65
2022-03-31 17:44:14,540.65
2022-03-31 17:44:19,540.64
2022-03-31 17:44:24,540.64
2022-03-31 17:44:29,547.9919819647479
2022-03-31 17:44:34,548.0325470832233
2022-03-31 17:44:39,548.0728015855128
2022-03-31 17:44:44,540.44
2022-03-31 17:44:49,540.45
2022-03-31 17:44:54,540.38
2022-03-31 17:44:59,540.38
2022-03-31 17:45:04,540.35
2022-03-31 17:45:09,540.28
2022-03-31 17:45:14,540.28
2022-03-31 17:45:19,540.28
2022-03-31 17:45:24,540.21
2022-03-31 17:45:29,548.4580741541083
2022-03-31 17:45:34,540.15
2022-03-31 17:45:39,540.11
2022-03-31 17:45:44,540.15
2022-03-31 17:45:49,540.05
2022-03-31 17:45:54,540.05
2022-03-31 17:45:59,548.6739304195429
2022-03-31 17:46:04,548.708773308922
2022-03-31 17:46:09,539.91
2022-03-31 17:46:14,539.91
2022-03-31 17:46:19,539.92
2022-03-31 17:46:24,539.85
2022-03-31 17:46:29,539.82
2022-03-31 17:46:34,548.9109537190707
2022-03-31 17:46:39,539.75
2022-03-31 17:46:44,539.75
2022-03-31 17:46:49,539.69
2022-03-31 17:46:54,539.69
2022-03-31 17:46:59,549.0703376136507
2022-03-31 17:47:04,539.62
2022-03-31 17:47:09,539.59
2022-03-31 17:47:14,539.59
2022-03-31 17:47:19,539.59
2022-03-31 17:47:24,539.52
2022-03-31 17:47:29,539.53
2022-03-31 17:47:34,539.46
2022-03-31 17:47:39,539.46
2022-03-31 17:47:44,539.4
2022-03-31 17:47:49,539.4
2022-03-31 17:47:54,539.46
2022-03-31 17:47:59,539.4
2022-03-31 17:48:04,539.4
2022-03-31 17:48:09,539.33
2022-03-31 17:48:14,539.33
2022-03-31 17:48:19,549.5234790671688
2022-03-31 17:48:24,539.3
2022-03-31 17:48:29,539.3
2022-03-31 17:48:34,539.24
2022-03-31 17:48:39,539.3
2022-03-31 17:48:44,539.24
2022-03-31 17:48:49,539.24
2022-03-31 17:48:54,539.24
2022-03-31 17:48:59,539.17
2022-03-31 17:49:04,539.11
2022-03-31 17:49:09,539.24
2022-03-31 17:49:14,539.11
2022-03-31 17:49:19,539.17
2022-03-31 17:49:24,539.11
2022-03-31 17:49:29,539.11
2022-03-31 17:49:34,539.11
2022-03-31 17:49:39,539.11
2022-03-31 17:49:44,549.9081500599583
2022-03-31 17:49:49,539.08
2022-03-31 17:49:54,539.01
2022-03-31 17:49:59,539.01
2022-03-31 17:50:04,549.9842575947164
2022-03-31 17:50:09,539.01
2022-03-31 17:50:14,538.88
2022-03-31 17:50:19,538.95
2022-03-31 17:50:24,550.0549287764566
2022-03-31 17:50:29,538.89
2022-03-31 17:50:34,550.0882333269678
2022-03-31 17:50:39,538.89
2022-03-31 17:50:44,538.89
2022-03-31 17:50:49,538.83
2022-03-31 17:50:54,550.1507955313195
2022-03-31 17:50:59,538.79
2022-03-31 17:51:04,538.73
2022-03-31 17:51:09,538.73
2022-03-31 17:51:14,538.66
2022-03-31 17:51:19,538.6
2022-03-31 17:51:24,538.6
2022-03-31 17:51:29,538.57
2022-03-31 17:51:34,538.5
2022-03-31 17:51:39,538.57
2022-03-31 17:51:44,538.5
2022-03-31 17:51:49,538.51
2022-03-31 17:51:54,538.44
2022-03-31 17:51:59,538.44
2022-03-31 17:52:04,538.44
2022-03-31 17:52:09,538.44
2022-03-31 17:52:14,538.38
2022-03-31 17:52:19,538.38
2022-03-31 17:52:24,538.38
2022-03-31 17:52:29,538.38
2022-03-31 17:52:34,538.31
2022-03-31 17:52:39,538.38
2022-03-31 17:52:44,538.31
2022-03-31 17:52:49,550.4069541278312
2022-03-31 17:52:54,538.32
2022-03-31 17:52:59,538.31
2022-03-31 17:53:04,538.32
2022-03-31 17:53:09,550.4337023831873
2022-03-31 17:53:14,550.439574180971
2022-03-31 17:53:19,538.28
2022-03-31 17:53:24,538.38
2022-03-31 17:53:29,538.38
2022-03-31 17:53:34,538.32
2022-03-31 17:53:39,538.38
2022-03-31 17:53:44,538.38
2022-03-31 17:53:49,538.38
2022-03-31 17:53:54,538.45
2022-03-31 17:53:59,550.4778252882693
2022-03-31 17:54:04,538.45
2022-03-31 17:54:09,538.45
2022-03-31 17:54:14,538.45
2022-03-31 17:54:19,538.51
2022-03-31 17:54:24,538.51
2022-03-31 17:54:29,538.51
2022-03-31 17:54:34,538.51
2022-03-31 17:54:39,538.52
2022-03-31 17:54:44,538.58
2022-03-31 17:54:49,538.58
2022-03-31 17:54:54,538.61
2022-03-31 17:54:59,538.68
2022-03-31 17:55:04,538.68
2022-03-31 17:55:09,538.74
2022-03-31 17:55:14,538.68
2022-03-31 17:55:19,538.74
2022-03-31 17:55:24,538.75
2022-03-31 17:55:29,538.84
2022-03-31 17:55:34,538.84
2022-03-31 17:55:39,538.91
2022-03-31 17:55:44,538.91
2022-03-31 17:55:49,538.91
2022-03-31 17:55:54,538.91
2022-03-31 17:55:59,550.4530952507934
2022-03-31 17:56:04,539.04
2022-03-31 17:56:09,539.04
2022-03-31 17:56:14,539.11
2022-03-31 17:56:19,539.1
2022-03-31 17:56:24,539.14
2022-03-31 17:56:29,539.14
2022-03-31 17:56:34,550.4117079203262
2022-03-31 17:56:39,539.2
2022-03-31 17:56:44,539.2
2022-03-31 17:56:49,539.27
2022-03-31 17:56:54,539.27
2022-03-31 17:56:59,539.27
2022-03-31 17:57:04,539.21
2022-03-31 17:57:09,539.27
2022-03-31 17:57:14,539.34
2022-03-31 17:57:19,539.34
2022-03-31 17:57:24,539.34
2022-03-31 17:57:29,539.34
2022-03-31 17:57:34,539.37
2022-03-31 17:57:39,539.37
2022-03-31 17:57:44,539.37
2022-03-31 17:57:49,539.38
2022-03-31 17:57:54,539.37
2022-03-31 17:57:59,539.44
2022-03-31 17:58:04,539.44
2022-03-31 17:58:09,550.2231356225046
2022-03-31 17:58:14,539.44
2022-03-31 17:58:19,539.38
2022-03-31 17:58:24,539.44
2022-03-31 17:58:29,539.44
2022-03-31 17:58:34,550.1552280001688
2022-03-31 17:58:39,539.44
2022-03-31 17:58:44,539.44
2022-03-31 17:58:49,539.44
2022-03-31 17:58:54,550.0954806752633
2022-03-31 17:58:59,539.44
2022-03-31 17:59:04,539.51
2022-03-31 17:59:09,539.44
2022-03-31 17:59:14,539.44
2022-03-31 17:59:19,539.5
2022-03-31 17:59:24,539.44
2022-03-31 17:59:29,539.44
2022-03-31 17:59:34,539.44
2022-03-31 17:59:39,539.44
2022-03-31 17:59:44,539.44
2022-03-31 17:59:49,539.44
2022-03-31 17:59:54,539.44
2022-03-31 17:59:59,539.38
2022-03-31 18:00:04,539.38
2022-03-31 18:00:09,539.44
2022-03-31 18:00:14,539.44
2022-03-31 18:00:19,539.44
2022-03-31 18:00:24,539.44
2022-03-31 18:00:29,539.37
2022-03-31 18:00:34,539.38
2022-03-31 18:00:39,549.7037441115747
2022-03-31 18:00:44,539.44
2022-03-31 18:00:49,539.44
2022-03-31 18:00:54,539.44
2022-03-31 18:00:59,539.44
2022-03-31 18:01:04,549.5913903294805
2022-03-31 18:01:09,539.5
2022-03-31 18:01:14,539.44
2022-03-31 18:01:19,539.44
2022-03-31 18:01:24,549.4962910613904
2022-03-31 18:01:29,539.44
2022-03-31 18:01:34,539.44
2022-03-31 18:01:39,549.4219397454954
2022-03-31 18:01:44,549.3965814523887
2022-03-31 18:01:49,539.44
2022-03-31 18:01:54,539.44
2022-03-31 18:01:59,539.5
2022-03-31 18:02:04,539.43
2022-03-31 18:02:09,539.5
2022-03-31 18:02:14,539.56
2022-03-31 18:02:19,539.56
2022-03-31 18:02:24,539.63
2022-03-31 18:02:29,539.66
2022-03-31 18:02:34,539.66
2022-03-31 18:02:39,539.66
2022-03-31 18:02:44,539.79
2022-03-31 18:02:49,539.79
2022-03-31 18:02:54,539.85
2022-03-31 18:02:59,548.9822225564501
2022-03-31 18:03:04,539.88
2022-03-31 18:03:09,539.95
2022-03-31 18:03:14,539.95
2022-03-31 18:03:19,540.01
2022-03-31 18:03:24,540.08
2022-03-31 18:03:29,540.08
2022-03-31 18:03:34,548.7681372484982
2022-03-31 18:03:39,548.7365545244705
2022-03-31 18:03:44,540.24
2022-03-31 18:03:49,540.3
2022-03-31 18:03:54,540.37
2022-03-31 18:03:59,540.4
2022-03-31 18:04:04,540.53
2022-03-31 18:04:09,540.53
2022-03-31 18:04:14,540.66
2022-03-31 18:04:19,540.69
2022-03-31 18:04:24,540.69
2022-03-31 18:04:29,540.82
2022-03-31 18:04:34,540.88
2022-03-31 18:04:39,540.92
2022-03-31 18:04:44,540.98
2022-03-31 18:04:49,541.04
2022-03-31 18:04:54,541.11
2022-03-31 18:04:59,541.17
2022-03-31 18:05:04,541.21
2022-03-31 18:05:09,541.21
2022-03-31 18:05:14,548.0934912723648
2022-03-31 18:05:19,541.34
2022-03-31 18:05:24,541.41
2022-03-31 18:05:29,541.44
2022-03-31 18:05:34,541.5
2022-03-31 18:05:39,541.5
2022-03-31 18:05:44,541.5
2022-03-31 18:05:49,541.63
2022-03-31 18:05:54,541.57
2022-03-31 18:05:59,541.57
2022-03-31 18:06:04,541.64
2022-03-31 18:06:09,547.6883098792273
2022-03-31 18:06:14,541.63
2022-03-31 18:06:19,541.64
2022-03-31 18:06:24,541.7
2022-03-31 18:06:29,541.7
2022-03-31 18:06:34,541.7
2022-03-31 18:06:39,541.7
2022-03-31 18:06:44,541.74
2022-03-31 18:06:49,541.74
2022-03-31 18:06:54,541.74
2022-03-31 18:06:59,541.74
2022-03-31 18:07:04,541.71
2022-03-31 18:07:09,541.74
2022-03-31 18:07:14,541.74
2022-03-31 18:07:19,541.8
2022-03-31 18:07:24,541.74
2022-03-31 18:07:29,541.74
2022-03-31 18:07:34,541.74
2022-03-31 18:07:39,541.71
2022-03-31 18:07:44,546.9438134801188
2022-03-31 18:07:49,541.71
2022-03-31 18:07:54,541.71
2022-03-31 18:07:59,541.74
2022-03-31 18:08:04,541.65
2022-03-31 18:08:09,541.71
2022-03-31 18:08:14,541.65
2022-03-31 18:08:19,541.64
2022-03-31 18:08:24,546.6169989305376
2022-03-31 18:08:29,541.58
2022-03-31 18:08:34,541.58
2022-03-31 18:08:39,541.45
2022-03-31 18:08:44,541.52
2022-03-31 18:08:49,541.51
2022-03-31 18:08:54,541.45
2022-03-31 18:08:59,541.42
2022-03-31 18:09:04,541.45
2022-03-31 18:09:09,541.35
2022-03-31 18:09:14,541.36
2022-03-31 18:09:19,541.35
2022-03-31 18:09:24,541.29
2022-03-31 18:09:29,541.35
2022-03-31 18:09:34,541.35
2022-03-31 18:09:39,541.35
2022-03-31 18:09:44,541.29
2022-03-31 18:09:49,541.29
2022-03-31 18:09:54,541.29
2022-03-31 18:09:59,541.29
2022-03-31 18:10:04,541.29
2022-03-31 18:10:09,541.29
2022-03-31 18:10:14,541.35
2022-03-31 18:10:19,541.35
2022-03-31 18:10:24,541.35
2022-03-31 18:10:29,541.35
2022-03-31 18:10:34,541.35
2022-03-31 18:10:39,541.35
2022-03-31 18:10:44,541.35
2022-03-31 18:10:49,541.28
2022-03-31 18:10:54,541.28
2022-03-31 18:10:59,541.28
2022-03-31 18:11:04,541.34
2022-03-31 18:11:09,541.28
2022-03-31 18:11:14,541.34
2022-03-31 18:11:19,545.134838705776
2022-03-31 18:11:24,541.28
2022-03-31 18:11:29,541.28
2022-03-31 18:11:34,541.28
2022-03-31 18:11:39,544.9632146180351
2022-03-31 18:11:44,541.28
2022-03-31 18:11:49,541.21
2022-03-31 18:11:54,541.21
2022-03-31 18:11:59,541.21
2022-03-31 18:12:04,544.7489018761075
2022-03-31 18:12:09,541.18
2022-03-31 18:12:14,541.18
2022-03-31 18:12:19,541.11
2022-03-31 18:12:24,541.05
2022-03-31 18:12:29,541.05
2022-03-31 18:12:34,540.98
2022-03-31 18:12:39,540.92
2022-03-31 18:12:44,544.4072734578946
2022-03-31 18:12:49,540.82
2022-03-31 18:12:54,544.322241552307
2022-03-31 18:12:59,540.76
2022-03-31 18:13:04,540.69
2022-03-31 18:13:09,540.69
2022-03-31 18:13:14,540.66
2022-03-31 18:13:19,540.6
2022-03-31 18:13:24,544.068380622353
2022-03-31 18:13:29,540.47
2022-03-31 18:13:34,540.4
2022-03-31 18:13:39,540.37
2022-03-31 18:13:44,543.900377934699
2022-03-31 18:13:49,540.24
2022-03-31 18:13:54,540.18
2022-03-31 18:13:59,540.14
2022-03-31 18:14:04,543.7335606066512
2022-03-31 18:14:09,539.95
2022-03-31 18:14:14,539.89
2022-03-31 18:14:19,539.89
2022-03-31 18:14:24,539.73
2022-03-31 18:14:29,539.73
2022-03-31 18:14:34,539.63
2022-03-31 18:14:39,539.5
2022-03-31 18:14:44,539.44
2022-03-31 18:14:49,539.44
2022-03-31 18:14:54,539.28
2022-03-31 18:14:59,539.28
2022-03-31 18:15:04,539.15
2022-03-31 18:15:09,539.15
2022-03-31 18:15:14,538.99
2022-03-31 18:15:19,543.1214061175104
2022-03-31 18:15:24,538.86
2022-03-31 18:15:29,538.86
2022-03-31 18:15:34,543.0020332895128
2022-03-31 18:15:39,538.7
2022-03-31 18:15:44,538.64
2022-03-31 18:15:49,538.61
2022-03-31 18:15:54,538.54
2022-03-31 18:15:59,538.54
2022-03-31 18:16:04,538.41
2022-03-31 18:16:09,538.41
2022-03-31 18:16:14,538.35
2022-03-31 18:16:19,538.32
2022-03-31 18:16:24,538.25
2022-03-31 18:16:29,538.19
2022-03-31 18:16:34,538.19
2022-03-31 18:16:39,538.12
2022-03-31 18:16:44,542.4617107778068
2022-03-31 18:16:49,538.03
2022-03-31 18:16:54,537.96
2022-03-31 18:16:59,537.96
2022-03-31 18:17:04,537.9
2022-03-31 18:17:09,542.275932694454
2022-03-31 18:17:14,537.8
2022-03-31 18:17:19,537.8
2022-03-31 18:17:24,537.73
2022-03-31 18:17:29,537.67
2022-03-31 18:17:34,542.0938104947179
2022-03-31 18:17:39,537.61
2022-03-31 18:17:44,537.6
2022-03-31 18:17:49,537.57
2022-03-31 18:17:54,537.57
2022-03-31 18:17:59,537.51
2022-03-31 18:18:04,537.51
2022-03-31 18:18:09,537.44
2022-03-31 18:18:14,537.38
2022-03-31 18:18:19,537.31
2022-03-31 18:18:24,537.31
2022-03-31 18:18:29,537.28
2022-03-31 18:18:34,537.28
2022-03-31 18:18:39,537.21
2022-03-31 18:18:44,541.6019890448509
2022-03-31 18:18:49,537.15
2022-03-31 18:18:54,537.15
2022-03-31 18:18:59,537.08
2022-03-31 18:19:04,537.05
2022-03-31 18:19:09,541.4323357120231
2022-03-31 18:19:14,537.05
2022-03-31 18:19:19,537.05
2022-03-31 18:19:24,536.98
2022-03-31 18:19:29,536.98
2022-03-31 18:19:34,536.92
2022-03-31 18:19:39,536.92
2022-03-31 18:19:44,536.92
2022-03-31 18:19:49,536.91
2022-03-31 18:19:54,536.85
2022-03-31 18:19:59,536.85
2022-03-31 18:20:04,536.84
2022-03-31 18:20:09,536.84
2022-03-31 18:20:14,536.84
2022-03-31 18:20:19,536.78
2022-03-31 18:20:24,536.78
2022-03-31 18:20:29,536.78
2022-03-31 18:20:34,536.78
2022-03-31 18:20:39,536.78
2022-03-31 18:20:44,536.77
2022-03-31 18:20:49,536.77
2022-03-31 18:20:54,536.77
2022-03-31 18:20:59,536.77
2022-03-31 18:21:04,536.77
2022-03-31 18:21:09,536.77
2022-03-31 18:21:14,536.77
2022-03-31 18:21:19,536.83
2022-03-31 18:21:24,536.77
2022-03-31 18:21:29,536.77
2022-03-31 18:21:34,536.77
2022-03-31 18:21:39,536.77
2022-03-31 18:21:44,536.76
2022-03-31 18:21:49,536.76
2022-03-31 18:21:54,536.89
2022-03-31 18:21:59,536.89
2022-03-31 18:22:04,536.89
2022-03-31 18:22:09,536.83
2022-03-31 18:22:14,536.96
2022-03-31 18:22:19,540.2267387640468
2022-03-31 18:22:24,540.1966547749241
2022-03-31 18:22:29,537.02
2022-03-31 18:22:34,537.05
2022-03-31 18:22:39,537.05
2022-03-31 18:22:44,537.11
2022-03-31 18:22:49,540.0472233869777
2022-03-31 18:22:54,537.18
2022-03-31 18:22:59,537.24
2022-03-31 18:23:04,537.27
2022-03-31 18:23:09,537.27
2022-03-31 18:23:14,539.8993251331591
2022-03-31 18:23:19,537.47
2022-03-31 18:23:24,537.47
2022-03-31 18:23:29,537.53
2022-03-31 18:23:34,537.63
2022-03-31 18:23:39,537.63
2022-03-31 18:23:44,537.76
2022-03-31 18:23:49,539.69454605822
2022-03-31 18:23:54,539.6654872590713
2022-03-31 18:23:59,537.85
2022-03-31 18:24:04,537.92
2022-03-31 18:24:09,537.98
2022-03-31 18:24:14,538.04
2022-03-31 18:24:19,538.08
2022-03-31 18:24:24,538.14
2022-03-31 18:24:29,538.21
2022-03-31 18:24:34,538.27
2022-03-31 18:24:39,538.31
2022-03-31 18:24:44,538.37
2022-03-31 18:24:49,538.43
2022-03-31 18:24:54,538.43
2022-03-31 18:24:59,538.56
2022-03-31 18:25:04,538.56
2022-03-31 18:25:09,538.59
2022-03-31 18:25:14,538.66
2022-03-31 18:25:19,538.73
2022-03-31 18:25:24,538.79
2022-03-31 18:25:29,538.82
2022-03-31 18:25:34,538.82
2022-03-31 18:25:39,538.95
2022-03-31 18:25:44,538.95
2022-03-31 18:25:49,539.02
2022-03-31 18:25:54,539.08
2022-03-31 18:25:59,539.08
2022-03-31 18:26:04,538.9221335971981
2022-03-31 18:26:09,539.18
2022-03-31 18:26:14,539.24
2022-03-31 18:26:19,539.24
2022-03-31 18:26:24,539.31
2022-03-31 18:26:29,539.34
2022-03-31 18:26:34,539.34
2022-03-31 18:26:39,538.7243717434859
2022-03-31 18:26:44,539.53
2022-03-31 18:26:49,539.53
2022-03-31 18:26:54,538.6396999307667
2022-03-31 18:26:59,538.6114779385607
2022-03-31 18:27:04,539.7
2022-03-31 18:27:09,539.7
2022-03-31 18:27:14,539.69
2022-03-31 18:27:19,539.76
2022-03-31 18:27:24,539.83
2022-03-31 18:27:29,539.82
2022-03-31 18:27:34,539.86
2022-03-31 18:27:39,539.86
2022-03-31 18:27:44,539.92
2022-03-31 18:27:49,539.99
2022-03-31 18:27:54,538.3006881582774
2022-03-31 18:27:59,540.15
2022-03-31 18:28:04,540.15
2022-03-31 18:28:09,540.15
2022-03-31 18:28:14,540.22
2022-03-31 18:28:19,540.28
2022-03-31 18:28:24,540.28
2022-03-31 18:28:29,540.28
2022-03-31 18:28:34,540.35
2022-03-31 18:28:39,540.38
2022-03-31 18:28:44,540.45
2022-03-31 18:28:49,540.44
2022-03-31 18:28:54,540.51
2022-03-31 18:28:59,540.51
2022-03-31 18:29:04,540.45
2022-03-31 18:29:09,540.57
2022-03-31 18:29:14,540.57
2022-03-31 18:29:19,540.57
2022-03-31 18:29:24,540.64
2022-03-31 18:29:29,540.64
2022-03-31 18:29:34,540.64
2022-03-31 18:29:39,540.64
2022-03-31 18:29:44,540.67
2022-03-31 18:29:49,540.67
2022-03-31 18:29:54,540.67
2022-03-31 18:29:59,540.74
2022-03-31 18:30:04,540.74
2022-03-31 18:30:09,540.74
2022-03-31 18:30:14,540.8
2022-03-31 18:30:19,540.74
2022-03-31 18:30:24,540.74
2022-03-31 18:30:29,540.8
2022-03-31 18:30:34,540.8
2022-03-31 18:30:39,540.81
2022-03-31 18:30:44,540.87
2022-03-31 18:30:49,540.81
2022-03-31 18:30:54,540.81
2022-03-31 18:30:59,537.232563047913
2022-03-31 18:31:04,540.81
2022-03-31 18:31:09,540.81
2022-03-31 18:31:14,540.81
2022-03-31 18:31:19,540.88
2022-03-31 18:31:24,540.81
2022-03-31 18:31:29,540.75
2022-03-31 18:31:34,540.81
2022-03-31 18:31:39,540.75
2022-03-31 18:31:44,540.81
2022-03-31 18:31:49,540.75
2022-03-31 18:31:54,540.82
2022-03-31 18:31:59,540.82
2022-03-31 18:32:04,540.76
2022-03-31 18:32:09,540.76
2022-03-31 18:32:14,540.76
2022-03-31 18:32:19,540.76
2022-03-31 18:32:24,540.69
2022-03-31 18:32:29,540.69
2022-03-31 18:32:34,540.69
2022-03-31 18:32:39,540.69
2022-03-31 18:32:44,540.69
2022-03-31 18:32:49,540.69
2022-03-31 18:32:54,540.66
2022-03-31 18:32:59,540.66
2022-03-31 18:33:04,540.67
2022-03-31 18:33:09,540.6
2022-03-31 18:33:14,540.66
2022-03-31 18:33:19,540.67
2022-03-31 18:33:24,540.67
2022-03-31 18:33:29,536.3188202848645
2022-03-31 18:33:34,540.61
2022-03-31 18:33:39,540.67
2022-03-31 18:33:44,540.61
2022-03-31 18:33:49,540.61
2022-03-31 18:33:54,540.67
2022-03-31 18:33:59,540.67
2022-03-31 18:34:04,540.61
2022-03-31 18:34:09,540.67
2022-03-31 18:34:14,540.67
2022-03-31 18:34:19,540.67
2022-03-31 18:34:24,540.61
2022-03-31 18:34:29,540.71
2022-03-31 18:34:34,540.71
2022-03-31 18:34:39,540.71
2022-03-31 18:34:44,540.77
2022-03-31 18:34:49,540.84
2022-03-31 18:34:54,540.83
2022-03-31 18:34:59,540.84
2022-03-31 18:35:04,535.7173415327292
2022-03-31 18:35:09,540.9
2022-03-31 18:35:14,540.9
2022-03-31 18:35:19,535.6208387441466
2022-03-31 18:35:24,541.0
2022-03-31 18:35:29,535.5562771018714
2022-03-31 18:35:34,541.12
2022-03-31 18:35:39,541.12
2022-03-31 18:35:44,541.19
2022-03-31 18:35:49,541.29
2022-03-31 18:35:54,541.28
2022-03-31 18:35:59,541.28
2022-03-31 18:36:04,541.35
2022-03-31 18:36:09,535.2962438109823
2022-03-31 18:36:14,541.41
2022-03-31 18:36:19,541.44
2022-03-31 18:36:24,541.58
2022-03-31 18:36:29,541.57
2022-03-31 18:36:34,541.64
2022-03-31 18:36:39,541.7
2022-03-31 18:36:44,541.73
2022-03-31 18:36:49,541.8
2022-03-31 18:36:54,541.86
2022-03-31 18:36:59,541.93
2022-03-31 18:37:04,541.96
2022-03-31 18:37:09,542.02
2022-03-31 18:37:14,542.15
2022-03-31 18:37:19,542.15
2022-03-31 18:37:24,542.21
2022-03-31 18:37:29,542.24
2022-03-31 18:37:34,542.31
2022-03-31 18:37:39,542.37
2022-03-31 18:37:44,542.43
2022-03-31 18:37:49,542.46
2022-03-31 18:37:54,542.59
2022-03-31 18:37:59,542.65
2022-03-31 18:38:04,542.72
2022-03-31 18:38:09,534.499616020816
2022-03-31 18:38:14,542.75
2022-03-31 18:38:19,542.88
2022-03-31 18:38:24,542.88
2022-03-31 18:38:29,542.94
2022-03-31 18:38:34,542.94
2022-03-31 18:38:39,542.97
2022-03-31 18:38:44,542.97
2022-03-31 18:38:49,543.04
2022-03-31 18:38:54,543.04
2022-03-31 18:38:59,543.16
2022-03-31 18:39:04,543.16
2022-03-31 18:39:09,543.23
2022-03-31 18:39:14,543.26
2022-03-31 18:39:19,543.26
2022-03-31 18:39:24,543.26
2022-03-31 18:39:29,543.32
2022-03-31 18:39:34,543.39
2022-03-31 18:39:39,543.45
2022-03-31 18:39:44,543.45
2022-03-31 18:39:49,543.48
2022-03-31 18:39:54,543.55
2022-03-31 18:39:59,543.55
2022-03-31 18:40:04,543.55
2022-03-31 18:40:09,533.6797395126638
2022-03-31 18:40:14,543.61
2022-03-31 18:40:19,543.68
2022-03-31 18:40:24,543.61
2022-03-31 18:40:29,543.61
2022-03-31 18:40:34,543.68
2022-03-31 18:40:39,543.68
2022-03-31 18:40:44,543.68
2022-03-31 18:40:49,533.4016238855633
2022-03-31 18:40:54,543.68
2022-03-31 18:40:59,543.68
2022-03-31 18:41:04,543.62
2022-03-31 18:41:09,543.61
2022-03-31 18:41:14,543.62
2022-03-31 18:41:19,533.1915308223598
2022-03-31 18:41:24,543.49
2022-03-31 18:41:29,543.45
2022-03-31 18:41:34,543.33
2022-03-31 18:41:39,543.33
2022-03-31 18:41:44,543.26
2022-03-31 18:41:49,543.16
2022-03-31 18:41:54,543.04
2022-03-31 18:41:59,542.97
2022-03-31 18:42:04,542.94
2022-03-31 18:42:09,542.88
2022-03-31 18:42:14,542.75
2022-03-31 18:42:19,542.65
2022-03-31 18:42:24,542.59
2022-03-31 18:42:29,542.46
2022-03-31 18:42:34,542.43
2022-03-31 18:42:39,542.3
2022-03-31 18:42:44,532.5895454160246
2022-03-31 18:42:49,542.07
2022-03-31 18:42:54,542.01
2022-03-31 18:42:59,541.94
2022-03-31 18:43:04,541.85
2022-03-31 18:43:09,541.72
2022-03-31 18:43:14,541.72
2022-03-31 18:43:19,541.62
2022-03-31 18:43:24,541.56
2022-03-31 18:43:29,541.4
2022-03-31 18:43:34,541.33
2022-03-31 18:43:39,541.27
2022-03-31 18:43:44,532.1589233832879
2022-03-31 18:43:49,541.11
2022-03-31 18:43:54,540.98
2022-03-31 18:43:59,540.91
2022-03-31 18:44:04,540.88
2022-03-31 18:44:09,540.75
2022-03-31 18:44:14,531.941936565001
2022-03-31 18:44:19,540.68
2022-03-31 18:44:24,540.59
2022-03-31 18:44:29,540.52
2022-03-31 18:44:34,540.46
2022-03-31 18:44:39,540.39
2022-03-31 18:44:44,540.39
2022-03-31 18:44:49,540.3
2022-03-31 18:44:54,540.36
2022-03-31 18:44:59,540.3
2022-03-31 18:45:04,540.23
2022-03-31 18:45:09,540.17
2022-03-31 18:45:14,540.13
2022-03-31 18:45:19,540.13
2022-03-31 18:45:24,531.4319083320647
2022-03-31 18:45:29,539.94
2022-03-31 18:45:34,539.94
2022-03-31 18:45:39,539.94
2022-03-31 18:45:44,539.87
2022-03-31 18:45:49,539.84
2022-03-31 18:45:54,539.77
2022-03-31 18:45:59,539.71
2022-03-31 18:46:04,539.71
2022-03-31 18:46:09,539.64
2022-03-31 18:46:14,539.61
2022-03-31 18:46:19,531.030385113262
2022-03-31 18:46:24,539.48
2022-03-31 18:46:29,539.48
2022-03-31 18:46:34,539.41
2022-03-31 18:46:39,539.41
2022-03-31 18:46:44,539.35
2022-03-31 18:46:49,539.31
2022-03-31 18:46:54,539.25
2022-03-31 18:46:59,539.18
2022-03-31 18:47:04,539.12
2022-03-31 18:47:09,539.09
2022-03-31 18:47:14,539.09
2022-03-31 18:47:19,539.02
2022-03-31 18:47:24,538.96
2022-03-31 18:47:29,539.01
2022-03-31 18:47:34,538.95
2022-03-31 18:47:39,538.89
2022-03-31 18:47:44,538.89
2022-03-31 18:47:49,538.82
2022-03-31 18:47:54,538.82
2022-03-31 18:47:59,538.82
2022-03-31 18:48:04,538.82
2022-03-31 18:48:09,538.82
2022-03-31 18:48:14,538.78
2022-03-31 18:48:19,538.78
2022-03-31 18:48:24,538.78
2022-03-31 18:48:29,538.78
2022-03-31 18:48:34,538.78
2022-03-31 18:48:39,538.78
2022-03-31 18:48:44,538.71
2022-03-31 18:48:49,538.65
2022-03-31 18:48:54,538.65
2022-03-31 18:48:59,538.59
2022-03-31 18:49:04,538.65
2022-03-31 18:49:09,538.59
2022-03-31 18:49:14,538.55
2022-03-31 18:49:19,538.58
2022-03-31 18:49:24,538.55
2022-03-31 18:49:29,538.55
2022-03-31 18:49:34,538.55
2022-03-31 18:49:39,538.55
2022-03-31 18:49:44,529.5890261843064
2022-03-31 18:49:49,529.5559319095189
2022-03-31 18:49:54,538.42
2022-03-31 18:49:59,538.42
2022-03-31 18:50:04,538.42
2022-03-31 18:50:09,538.35
2022-03-31 18:50:14,538.36
2022-03-31 18:50:19,538.29
2022-03-31 18:50:24,538.26
2022-03-31 18:50:29,538.26
2022-03-31 18:50:34,538.26
2022-03-31 18:50:39,538.19
2022-03-31 18:50:44,538.13
2022-03-31 18:50:49,529.170136701443
2022-03-31 18:50:54,538.03
2022-03-31 18:50:59,538.07
2022-03-31 18:51:04,538.03
2022-03-31 18:51:09,537.97
2022-03-31 18:51:14,537.9
2022-03-31 18:51:19,537.84
2022-03-31 18:51:24,537.77
2022-03-31 18:51:29,537.77
2022-03-31 18:51:34,537.74
2022-03-31 18:51:39,537.68
2022-03-31 18:51:44,537.61
2022-03-31 18:51:49,537.61
2022-03-31 18:51:54,537.55
2022-03-31 18:51:59,537.55
2022-03-31 18:52:04,537.45
2022-03-31 18:52:09,537.39
2022-03-31 18:52:14,537.39
2022-03-31 18:52:19,537.32
2022-03-31 18:52:24,537.26
2022-03-31 18:52:29,537.26
2022-03-31 18:52:34,537.26
2022-03-31 18:52:39,537.22
2022-03-31 18:52:44,537.22
2022-03-31 18:52:49,537.09
2022-03-31 18:52:54,537.09
2022-03-31 18:52:59,537.09
2022-03-31 18:53:04,537.03
2022-03-31 18:53:09,537.03
2022-03-31 18:53:14,537.03
2022-03-31 18:53:19,537.03
2022-03-31 18:53:24,536.99
2022-03-31 18:53:29,536.99
2022-03-31 18:53:34,536.99
2022-03-31 18:53:39,536.99
2022-03-31 18:53:44,536.99
2022-03-31 18:53:49,536.99
2022-03-31 18:53:54,528.1519647100316
2022-03-31 18:53:59,536.99
2022-03-31 18:54:04,536.99
2022-03-31 18:54:09,536.99
2022-03-31 18:54:14,537.02
2022-03-31 18:54:19,536.99
2022-03-31 18:54:24,536.98
2022-03-31 18:54:29,537.02
2022-03-31 18:54:34,536.98
2022-03-31 18:54:39,537.01
2022-03-31 18:54:44,527.9333261689744
2022-03-31 18:54:49,537.01
2022-03-31 18:54:54,537.01
2022-03-31 18:54:59,537.01
2022-03-31 18:55:04,537.08
2022-03-31 18:55:09,537.01
2022-03-31 18:55:14,537.01
2022-03-31 18:55:19,537.07
2022-03-31 18:55:24,537.07
2022-03-31 18:55:29,537.14
2022-03-31 18:55:34,537.13
2022-03-31 18:55:39,537.13
2022-03-31 18:55:44,537.13
2022-03-31 18:55:49,537.19
2022-03-31 18:55:54,537.19
2022-03-31 18:55:59,527.6606436576416
2022-03-31 18:56:04,537.23
2022-03-31 18:56:09,537.22
2022-03-31 18:56:14,537.23
2022-03-31 18:56:19,537.29
2022-03-31 18:56:24,537.22
2022-03-31 18:56:29,527.571850225863
2022-03-31 18:56:34,537.28
2022-03-31 18:56:39,527.5449884292318
2022-03-31 18:56:44,537.28
2022-03-31 18:56:49,537.34
2022-03-31 18:56:54,537.4
2022-03-31 18:56:59,537.41
2022-03-31 18:57:04,537.4
2022-03-31 18:57:09,537.4
2022-03-31 18:57:14,537.4
2022-03-31 18:57:19,527.4517807216278
2022-03-31 18:57:24,527.4417749663543
2022-03-31 18:57:29,537.46
2022-03-31 18:57:34,537.46
2022-03-31 18:57:39,527.4140142449621
2022-03-31 18:57:44,537.49
2022-03-31 18:57:49,537.49
2022-03-31 18:57:54,537.49
2022-03-31 18:57:59,537.49
2022-03-31 18:58:04,537.49
2022-03-31 18:58:09,537.49
2022-03-31 18:58:14,537.55
2022-03-31 18:58:19,537.55
2022-03-31 18:58:24,537.56
2022-03-31 18:58:29,537.55
2022-03-31 18:58:34,537.55
2022-03-31 18:58:39,537.62
2022-03-31 18:58:44,527.3343759934655
2022-03-31 18:58:49,537.62
2022-03-31 18:58:54,537.68
2022-03-31 18:58:59,537.68
2022-03-31 18:59:04,537.68
2022-03-31 18:59:09,537.68
2022-03-31 18:59:14,537.68
2022-03-31 18:59:19,537.68
2022-03-31 18:59:24,537.71
2022-03-31 18:59:29,537.71
2022-03-31 18:59:34,537.71
2022-03-31 18:59:39,537.78
2022-03-31 18:59:44,537.78
2022-03-31 18:59:49,537.71
2022-03-31 18:59:54,527.3245067387013
2022-03-31 18:59:59,527.326688601644
2022-03-31 19:00:04,537.84
2022-03-31 19:00:09,537.84
2022-03-31 19:00:14,537.84
2022-03-31 19:00:19,537.84
2022-03-31 19:00:24,537.91
2022-03-31 19:00:29,537.84
2022-03-31 19:00:34,537.9
2022-03-31 19:00:39,537.91
2022-03-31 19:00:44,537.84
2022-03-31 19:00:49,537.9
2022-03-31 19:00:54,537.9
2022-03-31 19:00:59,537.97
2022-03-31 19:01:04,537.9
2022-03-31 19:01:09,527.3948473953229
2022-03-31 19:01:14,537.97
2022-03-31 19:01:19,537.97
2022-03-31 19:01:24,537.9
2022-03-31 19:01:29,537.9
2022-03-31 19:01:34,537.97
2022-03-31 19:01:39,537.91
2022-03-31 19:01:44,537.97
2022-03-31 19:01:49,537.97
2022-03-31 19:01:54,537.97
2022-03-31 19:01:59,537.91
2022-03-31 19:02:04,537.9
2022-03-31 19:02:09,537.97
2022-03-31 19:02:14,537.84
2022-03-31 19:02:19,537.9
2022-03-31 19:02:24,537.84
2022-03-31 19:02:29,537.84
2022-03-31 19:02:34,537.84
2022-03-31 19:02:39,537.78
2022-03-31 19:02:44,537.78
2022-03-31 19:02:49,537.71
2022-03-31 19:02:54,537.71
2022-03-31 19:02:59,537.71
2022-03-31 19:03:04,527.6443616192751
2022-03-31 19:03:09,537.62
2022-03-31 19:03:14,537.62
2022-03-31 19:03:19,537.55
2022-03-31 19:03:24,537.55
2022-03-31 19:03:29,537.56
2022-03-31 19:03:34,537.49
2022-03-31 19:03:39,537.4
2022-03-31 19:03:44,537.39
2022-03-31 19:03:49,537.33
2022-03-31 19:03:54,537.33
2022-03-31 19:03:59,537.2
2022-03-31 19:04:04,537.2
2022-03-31 19:04:09,537.17
2022-03-31 19:04:14,537.11
2022-03-31 19:04:19,537.11
2022-03-31 19:04:24,537.04
2022-03-31 19:04:29,536.98
2022-03-31 19:04:34,536.95
2022-03-31 19:04:39,536.88
2022-03-31 19:04:44,536.82
2022-03-31 19:04:49,536.75
2022-03-31 19:04:54,536.69
2022-03-31 19:04:59,536.66
2022-03-31 19:05:04,536.59
2022-03-31 19:05:09,536.59
2022-03-31 19:05:14,536.53
2022-03-31 19:05:19,528.1156959661364
2022-03-31 19:05:24,528.1361963214716
2022-03-31 19:05:29,536.43
2022-03-31 19:05:34,536.37
2022-03-31 19:05:39,536.3
2022-03-31 19:05:44,528.2200771625754
2022-03-31 19:05:49,536.24
2022-03-31 19:05:54,536.18
2022-03-31 19:05:59,536.18
2022-03-31 19:06:04,536.17
2022-03-31 19:06:09,536.14
2022-03-31 19:06:14,536.08
2022-03-31 19:06:19,536.08
2022-03-31 19:06:24,536.02
2022-03-31 19:06:29,536.02
2022-03-31 19:06:34,535.95
2022-03-31 19:06:39,535.92
2022-03-31 19:06:44,535.92
2022-03-31 19:06:49,535.92
2022-03-31 19:06:54,535.86
2022-03-31 19:06:59,535.86
2022-03-31 19:07:04,535.73
2022-03-31 19:07:09,535.73
2022-03-31 19:07:14,535.67
2022-03-31 19:07:19,535.67
2022-03-31 19:07:24,535.64
2022-03-31 19:07:29,535.57
2022-03-31 19:07:34,535.51
2022-03-31 19:07:39,535.51
2022-03-31 19:07:44,528.7775423180648
2022-03-31 19:07:49,535.45
2022-03-31 19:07:54,535.42
2022-03-31 19:07:59,535.42
2022-03-31 19:08:04,535.29
2022-03-31 19:08:09,535.22
2022-03-31 19:08:14,535.23
2022-03-31 19:08:19,535.16
2022-03-31 19:08:24,535.13
2022-03-31 19:08:29,535.07
2022-03-31 19:08:34,535.07
2022-03-31 19:08:39,534.94
2022-03-31 19:08:44,534.94
2022-03-31 19:08:49,534.91
2022-03-31 19:08:54,534.84
2022-03-31 19:08:59,534.78
2022-03-31 19:09:04,534.72
2022-03-31 19:09:09,534.65
2022-03-31 19:09:14,534.65
2022-03-31 19:09:19,534.62
2022-03-31 19:09:24,534.62
2022-03-31 19:09:29,534.56
2022-03-31 19:09:34,529.3468585423241
2022-03-31 19:09:39,534.43
2022-03-31 19:09:44,534.43
2022-03-31 19:09:49,534.4
2022-03-31 19:09:54,529.453969510584
2022-03-31 19:09:59,534.33
2022-03-31 19:10:04,534.27
2022-03-31 19:10:09,534.21
2022-03-31 19:10:14,534.21
2022-03-31 19:10:19,529.5887734688916
2022-03-31 19:10:24,534.11
2022-03-31 19:10:29,534.1
2022-03-31 19:10:34,533.98
2022-03-31 19:10:39,533.98
2022-03-31 19:10:44,533.92
2022-03-31 19:10:49,533.88
2022-03-31 19:10:54,533.88
2022-03-31 19:10:59,533.88
2022-03-31 19:11:04,533.82
2022-03-31 19:11:09,533.75
2022-03-31 19:11:14,533.75
2022-03-31 19:11:19,533.75
2022-03-31 19:11:24,533.69
2022-03-31 19:11:29,533.69
2022-03-31 19:11:34,533.69
2022-03-31 19:11:39,533.62
2022-03-31 19:11:44,533.62
2022-03-31 19:11:49,530.0773438745797
2022-03-31 19:11:54,533.59
2022-03-31 19:11:59,533.53
2022-03-31 19:12:04,533.52
2022-03-31 19:12:09,533.52
2022-03-31 19:12:14,533.52
2022-03-31 19:12:19,533.46
2022-03-31 19:12:24,533.46
2022-03-31 19:12:29,533.39
2022-03-31 19:12:34,533.39
2022-03-31 19:12:39,533.39
2022-03-31 19:12:44,533.36
2022-03-31 19:12:49,533.29
2022-03-31 19:12:54,533.36
2022-03-31 19:12:59,533.36
2022-03-31 19:13:04,533.29
2022-03-31 19:13:09,533.29
2022-03-31 19:13:14,533.29
2022-03-31 19:13:19,530.5588807275668
2022-03-31 19:13:24,530.5851305997926
2022-03-31 19:13:29,533.29
2022-03-31 19:13:34,533.23
2022-03-31 19:13:39,533.23
2022-03-31 19:13:44,533.16
2022-03-31 19:13:49,533.16
2022-03-31 19:13:54,533.16
2022-03-31 19:13:59,533.09
2022-03-31 19:14:04,533.06
2022-03-31 19:14:09,533.06
2022-03-31 19:14:14,530.8438182891463
2022-03-31 19:14:19,532.93
2022-03-31 19:14:24,532.86
2022-03-31 19:14:29,532.87
2022-03-31 19:14:34,532.83
2022-03-31 19:14:39,532.77
2022-03-31 19:14:44,532.7
2022-03-31 19:14:49,532.64
2022-03-31 19:14:54,532.57
2022-03-31 19:14:59,532.54
2022-03-31 19:15:04,532.54
2022-03-31 19:15:09,532.47
2022-03-31 19:15:14,532.47
2022-03-31 19:15:19,532.41
2022-03-31 19:15:24,532.41
2022-03-31 19:15:29,532.35
2022-03-31 19:15:34,532.35
2022-03-31 19:15:39,532.31
2022-03-31 19:15:44,532.31
2022-03-31 19:15:49,532.31
2022-03-31 19:15:54,532.25
2022-03-31 19:15:59,532.25
2022-03-31 19:16:04,532.25
2022-03-31 19:16:09,532.25
2022-03-31 19:16:14,532.19
2022-03-31 19:16:19,532.12
2022-03-31 19:16:24,532.12
2022-03-31 19:16:29,532.06
2022-03-31 19:16:34,531.5207314131428
2022-03-31 19:16:39,531.5433270978493
2022-03-31 19:16:44,532.03
2022-03-31 19:16:49,531.96
2022-03-31 19:16:54,531.96
2022-03-31 19:16:59,531.96
2022-03-31 19:17:04,531.9
2022-03-31 19:17:09,531.9
2022-03-31 19:17:14,531.9
2022-03-31 19:17:19,531.9
2022-03-31 19:17:24,531.83
2022-03-31 19:17:29,531.84
2022-03-31 19:17:34,531.84
2022-03-31 19:17:39,531.84
2022-03-31 19:17:44,531.81
2022-03-31 19:17:49,531.8
2022-03-31 19:17:54,531.8665036769677
2022-03-31 19:17:59,531.81
2022-03-31 19:18:04,531.9072058204692
2022-03-31 19:18:09,531.74
2022-03-31 19:18:14,531.74
2022-03-31 19:18:19,531.74
2022-03-31 19:18:24,531.74
2022-03-31 19:18:29,531.74
2022-03-31 19:18:34,531.74
2022-03-31 19:18:39,531.74
2022-03-31 19:18:44,531.74
2022-03-31 19:18:49,531.74
2022-03-31 19:18:54,532.1014643767551
2022-03-31 19:18:59,531.74
2022-03-31 19:19:04,532.1383802361385
2022-03-31 19:19:09,531.68
2022-03-31 19:19:14,532.1746223383535
2022-03-31 19:19:19,531.68
2022-03-31 19:19:24,532.2101784805965
2022-03-31 19:19:29,531.61
2022-03-31 19:19:34,531.61
2022-03-31 19:19:39,531.62
2022-03-31 19:19:44,531.55
2022-03-31 19:19:49,531.55
2022-03-31 19:19:54,531.55
2022-03-31 19:19:59,532.3290468656791
2022-03-31 19:20:04,531.51
2022-03-31 19:20:09,531.52
2022-03-31 19:20:14,531.51
2022-03-31 19:20:19,532.3929304156138
2022-03-31 19:20:24,531.45
2022-03-31 19:20:29,531.45
2022-03-31 19:20:34,531.45
2022-03-31 19:20:39,531.45
2022-03-31 19:20:44,531.45
2022-03-31 19:20:49,531.39
2022-03-31 19:20:54,531.38
2022-03-31 19:20:59,531.45
2022-03-31 19:21:04,531.38
2022-03-31 19:21:09,531.32
2022-03-31 19:21:14,531.38
2022-03-31 19:21:19,531.32
2022-03-31 19:21:24,531.32
2022-03-31 19:21:29,531.38
2022-03-31 19:21:34,531.31
2022-03-31 19:21:39,531.38
2022-03-31 19:21:44,531.31
2022-03-31 19:21:49,531.31
2022-03-31 19:21:54,532.6529075106745
2022-03-31 19:21:59,531.38
2022-03-31 19:22:04,531.31
2022-03-31 19:22:09,531.38
2022-03-31 19:22:14,531.37
2022-03-31 19:22:19,531.44
2022-03-31 19:22:24,531.44
2022-03-31 19:22:29,531.44
2022-03-31 19:22:34,532.7391830588189
2022-03-31 19:22:39,531.5
2022-03-31 19:22:44,531.5
2022-03-31 19:22:49,531.43
2022-03-31 19:22:54,531.5
2022-03-31 19:22:59,531.49
2022-03-31 19:23:04,532.7941672611381
2022-03-31 19:23:09,531.5
2022-03-31 19:23:14,531.5
2022-03-31 19:23:19,531.5
2022-03-31 19:23:24,531.49
2022-03-31 19:23:29,531.52
2022-03-31 19:23:34,531.52
2022-03-31 19:23:39,532.8472970093446
2022-03-31 19:23:44,531.59
2022-03-31 19:23:49,531.58
2022-03-31 19:23:54,531.52
2022-03-31 19:23:59,531.58
2022-03-31 19:24:04,531.65
2022-03-31 19:24:09,531.65
2022-03-31 19:24:14,531.65
2022-03-31 19:24:19,531.64
2022-03-31 19:24:24,531.71
2022-03-31 19:24:29,531.71
2022-03-31 19:24:34,532.9056042438393
2022-03-31 19:24:39,531.77
2022-03-31 19:24:44,532.9127665863197
2022-03-31 19:24:49,531.8
2022-03-31 19:24:54,531.8
2022-03-31 19:24:59,531.8
2022-03-31 19:25:04,531.8
2022-03-31 19:25:09,531.8
2022-03-31 19:25:14,531.8
2022-03-31 19:25:19,531.8
2022-03-31 19:25:24,531.8
2022-03-31 19:25:29,531.86
2022-03-31 19:25:34,531.8
2022-03-31 19:25:39,531.8
2022-03-31 19:25:44,532.9324518402801
2022-03-31 19:25:49,531.86
2022-03-31 19:25:54,531.93
2022-03-31 19:25:59,531.93
2022-03-31 19:26:04,531.99
2022-03-31 19:26:09,531.93
2022-03-31 19:26:14,531.93
2022-03-31 19:26:19,531.93
2022-03-31 19:26:24,531.99
2022-03-31 19:26:29,531.93
2022-03-31 19:26:34,531.93
2022-03-31 19:26:39,532.9138168575271
2022-03-31 19:26:44,532.9103097980535
2022-03-31 19:26:49,531.86
2022-03-31 19:26:54,531.86
2022-03-31 19:26:59,531.86
2022-03-31 19:27:04,531.8
2022-03-31 19:27:09,531.8
2022-03-31 19:27:14,531.77
2022-03-31 19:27:19,531.77
2022-03-31 19:27:24,531.7
2022-03-31 19:27:29,531.7
2022-03-31 19:27:34,531.64
2022-03-31 19:27:39,531.64
2022-03-31 19:27:44,531.58
2022-03-31 19:27:49,531.58
2022-03-31 19:27:54,532.8291162807693
2022-03-31 19:27:59,531.58
2022-03-31 19:28:04,531.58
2022-03-31 19:28:09,531.51
2022-03-31 19:28:14,531.51
2022-03-31 19:28:19,531.48
2022-03-31 19:28:24,531.42
2022-03-31 19:28:29,531.48
2022-03-31 19:28:34,531.42
2022-03-31 19:28:39,531.42
2022-03-31 19:28:44,531.35
2022-03-31 19:28:49,531.35
2022-03-31 19:28:54,531.29
2022-03-31 19:28:59,531.29
2022-03-31 19:29:04,532.6905941399749
2022-03-31 19:29:09,531.26
2022-03-31 19:29:14,531.2
2022-03-31 19:29:19,531.13
2022-03-31 19:29:24,531.13
2022-03-31 19:29:29,531.13
2022-03-31 19:29:34,531.07
2022-03-31 19:29:39,531.07
2022-03-31 19:29:44,531.0
2022-03-31 19:29:49,531.0
2022-03-31 19:29:54,530.97
2022-03-31 19:29:59,530.91
2022-03-31 19:30:04,530.78
2022-03-31 19:30:09,532.5140501420226
2022-03-31 19:30:14,530.75
2022-03-31 19:30:19,530.75
2022-03-31 19:30:24,530.68
2022-03-31 19:30:29,530.62
2022-03-31 19:30:34,530.62
2022-03-31 19:30:39,530.49
2022-03-31 19:30:44,530.46
2022-03-31 19:30:49,530.46
2022-03-31 19:30:54,530.33
2022-03-31 19:30:59,530.33
2022-03-31 19:31:04,532.3310091999402
2022-03-31 19:31:09,530.24
2022-03-31 19:31:14,530.17
2022-03-31 19:31:19,530.11
2022-03-31 19:31:24,532.2571983196334
2022-03-31 19:31:29,532.2381603836761
2022-03-31 19:31:34,529.95
2022-03-31 19:31:39,532.1993922253938
2022-03-31 19:31:44,529.82
2022-03-31 19:31:49,529.76
2022-03-31 19:31:54,529.76
2022-03-31 19:31:59,529.66
2022-03-31 19:32:04,529.66
2022-03-31 19:32:09,529.6
2022-03-31 19:32:14,529.53
2022-03-31 19:32:19,532.0352980589266
2022-03-31 19:32:24,529.44
2022-03-31 19:32:29,529.44
2022-03-31 19:32:34,529.37
2022-03-31 19:32:39,529.37
2022-03-31 19:32:44,531.9256407178887
2022-03-31 19:32:49,529.31
2022-03-31 19:32:54,529.24
2022-03-31 19:32:59,529.21
2022-03-31 19:33:04,529.22
2022-03-31 19:33:09,529.15
2022-03-31 19:33:14,529.15
2022-03-31 19:33:19,531.7633459186275
2022-03-31 19:33:24,529.03
2022-03-31 19:33:29,529.02
2022-03-31 19:33:34,529.03
2022-03-31 19:33:39,529.03
2022-03-31 19:33:44,528.96
2022-03-31 19:33:49,531.6164216931701
2022-03-31 19:33:54,528.96
2022-03-31 19:33:59,528.96
2022-03-31 19:34:04,531.5403571729095
2022-03-31 19:34:09,528.93
2022-03-31 19:34:14,528.93
2022-03-31 19:34:19,531.4626090024068
2022-03-31 19:34:24,528.94
2022-03-31 19:34:29,528.94
2022-03-31 19:34:34,528.94
2022-03-31 19:34:39,528.97
2022-03-31 19:34:44,528.94
2022-03-31 19:34:49,528.97
2022-03-31 19:34:54,528.97
2022-03-31 19:34:59,528.97
2022-03-31 19:35:04,528.97
2022-03-31 19:35:09,529.04
2022-03-31 19:35:14,529.04
2022-03-31 19:35:19,529.1
2022-03-31 19:35:24,531.1071831321531
2022-03-31 19:35:29,529.17
2022-03-31 19:35:34,529.17
2022-03-31 19:35:39,529.27
2022-03-31 19:35:44,529.27
2022-03-31 19:35:49,529.33
2022-03-31 19:35:54,529.4
2022-03-31 19:35:59,529.4
2022-03-31 19:36:04,529.47
2022-03-31 19:36:09,529.5
2022-03-31 19:36:14,529.56
2022-03-31 19:36:19,529.63
2022-03-31 19:36:24,530.7543848500926
2022-03-31 19:36:29,529.76
2022-03-31 19:36:34,529.79
2022-03-31 19:36:39,529.86
2022-03-31 19:36:44,529.92
2022-03-31 19:36:49,529.92
2022-03-31 19:36:54,530.02
2022-03-31 19:36:59,530.08
2022-03-31 19:37:04,530.15
2022-03-31 19:37:09,530.21
2022-03-31 19:37:14,530.4440918414714
2022-03-31 19:37:19,530.37
2022-03-31 19:37:24,530.44
2022-03-31 19:37:29,530.5
2022-03-31 19:37:34,530.53
2022-03-31 19:37:39,530.66
2022-03-31 19:37:44,530.66
2022-03-31 19:37:49,530.73
2022-03-31 19:37:54,530.82
2022-03-31 19:37:59,530.89
2022-03-31 19:38:04,530.95
2022-03-31 19:38:09,530.087470412705
2022-03-31 19:38:14,531.05
2022-03-31 19:38:19,531.11
2022-03-31 19:38:24,529.9876677095148
2022-03-31 19:38:29,531.31
2022-03-31 19:38:34,531.3
2022-03-31 19:38:39,531.34
2022-03-31 19:38:44,531.4
2022-03-31 19:38:49,529.81908907806
2022-03-31 19:38:54,531.47
2022-03-31 19:38:59,531.53
2022-03-31 19:39:04,531.56
2022-03-31 19:39:09,531.63
2022-03-31 19:39:14,531.62
2022-03-31 19:39:19,531.69
2022-03-31 19:39:24,531.76
2022-03-31 19:39:29,531.76
2022-03-31 19:39:34,531.75
2022-03-31 19:39:39,529.4741699435381
2022-03-31 19:39:44,531.82
2022-03-31 19:39:49,531.85
2022-03-31 19:39:54,531.85
2022-03-31 19:39:59,531.85
2022-03-31 19:40:04,529.2981856079186
2022-03-31 19:40:09,531.98
2022-03-31 19:40:14,531.98
2022-03-31 19:40:19,532.04
2022-03-31 19:40:24,532.04
2022-03-31 19:40:29,532.04
2022-03-31 19:40:34,532.04
2022-03-31 19:40:39,532.04
2022-03-31 19:40:44,532.04
2022-03-31 19:40:49,532.04
2022-03-31 19:40:54,532.04
2022-03-31 19:40:59,532.04
2022-03-31 19:41:04,532.04
2022-03-31 19:41:09,532.07
2022-03-31 19:41:14,532.07
2022-03-31 19:41:19,532.07
2022-03-31 19:41:24,532.07
2022-03-31 19:41:29,532.07
2022-03-31 19:41:34,532.13
2022-03-31 19:41:39,532.07
2022-03-31 19:41:44,532.13
2022-03-31 19:41:49,532.13
2022-03-31 19:41:54,532.19
2022-03-31 19:41:59,532.19
2022-03-31 19:42:04,532.19
2022-03-31 19:42:09,532.26
2022-03-31 19:42:14,532.26
2022-03-31 19:42:19,532.32
2022-03-31 19:42:24,532.32
2022-03-31 19:42:29,532.35
2022-03-31 19:42:34,532.42
2022-03-31 19:42:39,532.48
2022-03-31 19:42:44,528.1311892114593
2022-03-31 19:42:49,528.0940325427508
2022-03-31 19:42:54,532.64
2022-03-31 19:42:59,532.71
2022-03-31 19:43:04,527.9824861662498
2022-03-31 19:43:09,527.9452867290247
2022-03-31 19:43:14,532.87
2022-03-31 19:43:19,533.0
2022-03-31 19:43:24,527.8336706914538
2022-03-31 19:43:29,533.1
2022-03-31 19:43:34,533.22
2022-03-31 19:43:39,533.29
2022-03-31 19:43:44,533.39
2022-03-31 19:43:49,533.51
2022-03-31 19:43:54,533.51
2022-03-31 19:43:59,533.61
2022-03-31 19:44:04,533.68
2022-03-31 19:44:09,533.74
2022-03-31 19:44:14,533.81
2022-03-31 19:44:19,533.87
2022-03-31 19:44:24,527.3881135423877
2022-03-31 19:44:29,534.03
2022-03-31 19:44:34,534.1
2022-03-31 19:44:39,534.13
2022-03-31 19:44:44,534.2
2022-03-31 19:44:49,534.26
2022-03-31 19:44:54,527.1668028191714
2022-03-31 19:44:59,534.42
2022-03-31 19:45:04,534.48
2022-03-31 19:45:09,534.55
2022-03-31 19:45:14,534.61
2022-03-31 19:45:19,526.9836399088467
2022-03-31 19:45:24,526.9471743972799
2022-03-31 19:45:29,534.78
2022-03-31 19:45:34,534.84
2022-03-31 19:45:39,534.9
2022-03-31 19:45:44,534.94
2022-03-31 19:45:49,535.0
2022-03-31 19:45:54,535.07
2022-03-31 19:45:59,535.13
2022-03-31 19:46:04,535.16
2022-03-31 19:46:09,535.23
2022-03-31 19:46:14,535.29
2022-03-31 19:46:19,535.36
2022-03-31 19:46:24,535.42
2022-03-31 19:46:29,535.45
2022-03-31 19:46:34,535.52
2022-03-31 19:46:39,535.52
2022-03-31 19:46:44,535.58
2022-03-31 19:46:49,535.65
2022-03-31 19:46:54,535.65
2022-03-31 19:46:59,535.67
2022-03-31 19:47:04,535.67
2022-03-31 19:47:09,526.1993431609309
2022-03-31 19:47:14,535.8
2022-03-31 19:47:19,535.81
2022-03-31 19:47:24,535.87
2022-03-31 19:47:29,535.87
2022-03-31 19:47:34,535.93
2022-03-31 19:47:39,535.97
2022-03-31 19:47:44,535.96
2022-03-31 19:47:49,536.03
2022-03-31 19:47:54,536.03
2022-03-31 19:47:59,536.09
2022-03-31 19:48:04,536.09
2022-03-31 19:48:09,536.09
2022-03-31 19:48:14,536.19
2022-03-31 19:48:19,536.15
2022-03-31 19:48:24,536.19
2022-03-31 19:48:29,536.15
2022-03-31 19:48:34,536.18
2022-03-31 19:48:39,536.18
2022-03-31 19:48:44,536.25
2022-03-31 19:48:49,536.25
2022-03-31 19:48:54,536.25
2022-03-31 19:48:59,536.25
2022-03-31 19:49:04,536.24
2022-03-31 19:49:09,536.24
2022-03-31 19:49:14,536.24
2022-03-31 19:49:19,525.3448083287734
2022-03-31 19:49:24,536.24
2022-03-31 19:49:29,536.3
2022-03-31 19:49:34,525.2530595581779
2022-03-31 19:49:39,536.3
2022-03-31 19:49:44,536.24
2022-03-31 19:49:49,536.3
2022-03-31 19:49:54,536.24
2022-03-31 19:49:59,536.3
2022-03-31 19:50:04,536.3
2022-03-31 19:50:09,536.3
2022-03-31 19:50:14,536.3
2022-03-31 19:50:19,536.3
2022-03-31 19:50:24,536.29
2022-03-31 19:50:29,536.29
2022-03-31 19:50:34,536.29
2022-03-31 19:50:39,536.29
2022-03-31 19:50:44,536.35
2022-03-31 19:50:49,524.8204168477371
2022-03-31 19:50:54,536.35
2022-03-31 19:50:59,536.41
2022-03-31 19:51:04,524.7395703594495
2022-03-31 19:51:09,536.41
2022-03-31 19:51:14,536.41
2022-03-31 19:51:19,536.44
2022-03-31 19:51:24,536.44
2022-03-31 19:51:29,536.44
2022-03-31 19:51:34,536.44
2022-03-31 19:51:39,536.44
2022-03-31 19:51:44,524.5341711628996
2022-03-31 19:51:49,536.44
2022-03-31 19:51:54,536.44
2022-03-31 19:51:59,536.44
2022-03-31 19:52:04,536.44
2022-03-31 19:52:09,536.44
2022-03-31 19:52:14,536.44
2022-03-31 19:52:19,536.44
2022-03-31 19:52:24,536.41
2022-03-31 19:52:29,524.3220624682583
2022-03-31 19:52:34,524.2998077098466
2022-03-31 19:52:39,524.2778244858736
2022-03-31 19:52:44,536.34
2022-03-31 19:52:49,536.28
2022-03-31 19:52:54,536.22
2022-03-31 19:52:59,536.22
2022-03-31 19:53:04,536.15
2022-03-31 19:53:09,536.15
2022-03-31 19:53:14,536.12
2022-03-31 19:53:19,536.12
2022-03-31 19:53:24,536.05
2022-03-31 19:53:29,536.05
2022-03-31 19:53:34,536.05
2022-03-31 19:53:39,535.99
2022-03-31 19:53:44,535.93
2022-03-31 19:53:49,535.99
2022-03-31 19:53:54,535.93
2022-03-31 19:53:59,535.9
2022-03-31 19:54:04,535.93
2022-03-31 19:54:09,535.9
2022-03-31 19:54:14,535.9
2022-03-31 19:54:19,535.9
2022-03-31 19:54:24,535.9
2022-03-31 19:54:29,535.83
2022-03-31 19:54:34,535.83
2022-03-31 19:54:39,535.77
2022-03-31 19:54:44,535.7
2022-03-31 19:54:49,535.7
2022-03-31 19:54:54,535.64
2022-03-31 19:54:59,523.7824578882718
2022-03-31 19:55:04,535.64
2022-03-31 19:55:09,535.61
2022-03-31 19:55:14,535.61
2022-03-31 19:55:19,535.54
2022-03-31 19:55:24,535.48
2022-03-31 19:55:29,535.48
2022-03-31 19:55:34,535.48
2022-03-31 19:55:39,535.42
2022-03-31 19:55:44,535.38
2022-03-31 19:55:49,535.38
2022-03-31 19:55:54,535.38
2022-03-31 19:55:59,535.32
2022-03-31 19:56:04,535.38
2022-03-31 19:56:09,535.26
2022-03-31 19:56:14,535.32
2022-03-31 19:56:19,535.32
2022-03-31 19:56:24,535.26
2022-03-31 19:56:29,535.26
2022-03-31 19:56:34,535.26
2022-03-31 19:56:39,535.19
2022-03-31 19:56:44,535.26
2022-03-31 19:56:49,535.26
2022-03-31 19:56:54,535.19
2022-03-31 19:56:59,535.19
2022-03-31 19:57:04,535.19
2022-03-31 19:57:09,535.13
2022-03-31 19:57:14,535.1
2022-03-31 19:57:19,535.1
2022-03-31 19:57:24,535.1
2022-03-31 19:57:29,535.1
2022-03-31 19:57:34,535.1
2022-03-31 19:57:39,535.1
2022-03-31 19:57:44,535.04
2022-03-31 19:57:49,534.97
2022-03-31 19:57:54,534.97
2022-03-31 19:57:59,523.511609798921
2022-03-31 19:58:04,534.91
2022-03-31 19:58:09,534.91
2022-03-31 19:58:14,534.91
2022-03-31 19:58:19,534.91
2022-03-31 19:58:24,534.91
2022-03-31 19:58:29,534.88
2022-03-31 19:58:34,534.88
2022-03-31 19:58:39,534.88
2022-03-31 19:58:44,534.81
2022-03-31 19:58:49,534.88
2022-03-31 19:58:54,534.81
2022-03-31 19:58:59,534.81
2022-03-31 19:59:04,534.75
2022-03-31 19:59:09,534.76
2022-03-31 19:59:14,534.82
2022-03-31 19:59:19,534.75
2022-03-31 19:59:24,534.69
2022-03-31 19:59:29,534.69
2022-03-31 19:59:34,534.69
2022-03-31 19:59:39,534.69
2022-03-31 19:59:44,534.69
2022-03-31 19:59:49,534.63
2022-03-31 19:59:54,534.6
2022-03-31 19:59:59,523.5254775911772
2022-03-31 20:00:04,534.53
2022-03-31 20:00:09,534.53
2022-03-31 20:00:14,534.47
2022-03-31 20:00:19,534.4
2022-03-31 20:00:24,534.38
2022-03-31 20:00:29,534.37
2022-03-31 20:00:34,534.31
2022-03-31 20:00:39,534.31
2022-03-31 20:00:44,523.5628737201645
2022-03-31 20:00:49,534.18
2022-03-31 20:00:54,534.18
2022-03-31 20:00:59,534.12
2022-03-31 20:01:04,534.09
2022-03-31 20:01:09,534.03
2022-03-31 20:01:14,534.09
2022-03-31 20:01:19,523.6023723686491
2022-03-31 20:01:24,534.03
2022-03-31 20:01:29,533.97
2022-03-31 20:01:34,533.97
2022-03-31 20:01:39,523.6286942545818
2022-03-31 20:01:44,533.9
2022-03-31 20:01:49,533.9
2022-03-31 20:01:54,533.97
2022-03-31 20:01:59,533.97
2022-03-31 20:02:04,534.03
2022-03-31 20:02:09,533.97
2022-03-31 20:02:14,533.97
2022-03-31 20:02:19,533.97
2022-03-31 20:02:24,534.04
2022-03-31 20:02:29,534.04
2022-03-31 20:02:34,534.04
2022-03-31 20:02:39,534.1
2022-03-31 20:02:44,534.1
2022-03-31 20:02:49,534.1
2022-03-31 20:02:54,534.11
2022-03-31 20:02:59,534.14
2022-03-31 20:03:04,534.14
2022-03-31 20:03:09,534.2
2022-03-31 20:03:14,534.2
2022-03-31 20:03:19,534.27
2022-03-31 20:03:24,523.8051617524047
2022-03-31 20:03:29,534.33
2022-03-31 20:03:34,534.4
2022-03-31 20:03:39,534.43
2022-03-31 20:03:44,534.5
2022-03-31 20:03:49,534.5
2022-03-31 20:03:54,534.66
2022-03-31 20:03:59,523.8758548341849
2022-03-31 20:04:04,534.72
2022-03-31 20:04:09,523.8969346825804
2022-03-31 20:04:14,534.85
2022-03-31 20:04:19,534.92
2022-03-31 20:04:24,534.95
2022-03-31 20:04:29,523.9401497773407
2022-03-31 20:04:34,523.9511599227045
2022-03-31 20:04:39,535.14
2022-03-31 20:04:44,535.24
2022-03-31 20:04:49,535.3
2022-03-31 20:04:54,535.37
2022-03-31 20:04:59,535.46
2022-03-31 20:05:04,535.53
2022-03-31 20:05:09,535.65
2022-03-31 20:05:14,535.69
2022-03-31 20:05:19,535.75
2022-03-31 20:05:24,524.065164987728
2022-03-31 20:05:29,535.94
2022-03-31 20:05:34,536.04
2022-03-31 20:05:39,536.1
2022-03-31 20:05:44,536.2
2022-03-31 20:05:49,536.26
2022-03-31 20:05:54,536.33
2022-03-31 20:05:59,536.39
2022-03-31 20:06:04,536.49
2022-03-31 20:06:09,536.55
2022-03-31 20:06:14,524.1846471796142
2022-03-31 20:06:19,524.1968075216191
2022-03-31 20:06:24,536.91
2022-03-31 20:06:29,536.97
2022-03-31 20:06:34,537.07
2022-03-31 20:06:39,537.19
2022-03-31 20:06:44,524.2580025657431
2022-03-31 20:06:49,537.35
2022-03-31 20:06:54,537.48
2022-03-31 20:06:59,537.51
2022-03-31 20:07:04,537.64
2022-03-31 20:07:09,537.74
2022-03-31 20:07:14,537.74
2022-03-31 20:07:19,537.93
2022-03-31 20:07:24,537.99
2022-03-31 20:07:29,538.02
2022-03-31 20:07:34,538.15
2022-03-31 20:07:39,538.22
2022-03-31 20:07:44,538.25
2022-03-31 20:07:49,524.4184624319372
2022-03-31 20:07:54,538.38
2022-03-31 20:07:59,538.44
2022-03-31 20:08:04,538.5
2022-03-31 20:08:09,538.54
2022-03-31 20:08:14,538.54
2022-03-31 20:08:19,538.54
2022-03-31 20:08:24,538.6
2022-03-31 20:08:29,538.6
2022-03-31 20:08:34,538.54
2022-03-31 20:08:39,538.66
2022-03-31 20:08:44,538.6
2022-03-31 20:08:49,524.5648413531509
2022-03-31 20:08:54,538.6
2022-03-31 20:08:59,524.5887839753314
2022-03-31 20:09:04,538.53
2022-03-31 20:09:09,538.6
2022-03-31 20:09:14,538.53
2022-03-31 20:09:19,538.5
2022-03-31 20:09:24,538.5
2022-03-31 20:09:29,538.5
2022-03-31 20:09:34,538.37
2022-03-31 20:09:39,538.31
2022-03-31 20:09:44,538.31
2022-03-31 20:09:49,538.24
2022-03-31 20:09:54,538.24
2022-03-31 20:09:59,538.15
2022-03-31 20:10:04,538.08
2022-03-31 20:10:09,538.02
2022-03-31 20:10:14,524.7630981353527
2022-03-31 20:10:19,537.86
2022-03-31 20:10:24,537.79
2022-03-31 20:10:29,537.79
2022-03-31 20:10:34,537.7
2022-03-31 20:10:39,537.57
2022-03-31 20:10:44,537.5
2022-03-31 20:10:49,537.41
2022-03-31 20:10:54,537.34
2022-03-31 20:10:59,537.22
2022-03-31 20:11:04,524.8760313417345
2022-03-31 20:11:09,537.05
2022-03-31 20:11:14,536.99
2022-03-31 20:11:19,536.89
2022-03-31 20:11:24,536.83
2022-03-31 20:11:29,536.7
2022-03-31 20:11:34,536.67
2022-03-31 20:11:39,536.6
2022-03-31 20:11:44,536.48
2022-03-31 20:11:49,536.38
2022-03-31 20:11:54,536.32
2022-03-31 20:11:59,536.19
2022-03-31 20:12:04,525.0110737932121
2022-03-31 20:12:09,536.03
2022-03-31 20:12:14,535.93
2022-03-31 20:12:19,535.86
2022-03-31 20:12:24,535.73
2022-03-31 20:12:29,535.67
2022-03-31 20:12:34,535.64
2022-03-31 20:12:39,535.51
2022-03-31 20:12:44,535.41
2022-03-31 20:12:49,535.35
2022-03-31 20:12:54,535.29
2022-03-31 20:12:59,535.16
2022-03-31 20:13:04,535.12
2022-03-31 20:13:09,535.0
2022-03-31 20:13:14,534.9
2022-03-31 20:13:19,534.77
2022-03-31 20:13:24,534.71
2022-03-31 20:13:29,534.54
2022-03-31 20:13:34,534.48
2022-03-31 20:13:39,534.38
2022-03-31 20:13:44,534.25
2022-03-31 20:13:49,534.12
2022-03-31 20:13:54,534.09
2022-03-31 20:13:59,533.96
2022-03-31 20:14:04,533.87
2022-03-31 20:14:09,525.3040192736732
2022-03-31 20:14:14,533.6
2022-03-31 20:14:19,533.44
2022-03-31 20:14:24,533.34
2022-03-31 20:14:29,533.22
2022-03-31 20:14:34,533.15
2022-03-31 20:14:39,533.05
2022-03-31 20:14:44,532.86
2022-03-31 20:14:49,525.4047033662521
2022-03-31 20:14:54,532.64
2022-03-31 20:14:59,532.54
2022-03-31 20:15:04,532.41
2022-03-31 20:15:09,532.31
2022-03-31 20:15:14,532.18
2022-03-31 20:15:19,532.12
2022-03-31 20:15:24,531.95
2022-03-31 20:15:29,531.89
2022-03-31 20:15:34,531.82
2022-03-31 20:15:39,531.66
2022-03-31 20:15:44,531.6
2022-03-31 20:15:49,531.5
2022-03-31 20:15:54,531.37
2022-03-31 20:15:59,531.3
2022-03-31 20:16:04,531.21
2022-03-31 20:16:09,531.08
2022-03-31 20:16:14,530.98
2022-03-31 20:16:19,530.92
2022-03-31 20:16:24,530.79
2022-03-31 20:16:29,530.75
2022-03-31 20:16:34,530.62
2022-03-31 20:16:39,530.62
2022-03-31 20:16:44,530.49
2022-03-31 20:16:49,530.46
2022-03-31 20:16:54,530.33
2022-03-31 20:16:59,530.26
2022-03-31 20:17:04,530.17
2022-03-31 20:17:09,530.16
2022-03-31 20:17:14,530.03
2022-03-31 20:17:19,525.8341814483192
2022-03-31 20:17:24,529.94
2022-03-31 20:17:29,529.87
2022-03-31 20:17:34,529.8
2022-03-31 20:17:39,529.74
2022-03-31 20:17:44,529.64
2022-03-31 20:17:49,529.58
2022-03-31 20:17:54,529.51
2022-03-31 20:17:59,529.45
2022-03-31 20:18:04,529.41
2022-03-31 20:18:09,526.0014205744692
2022-03-31 20:18:14,529.22
2022-03-31 20:18:19,529.19
2022-03-31 20:18:24,529.12
2022-03-31 20:18:29,529.06
2022-03-31 20:18:34,528.99
2022-03-31 20:18:39,528.93
2022-03-31 20:18:44,528.9
2022-03-31 20:18:49,528.9
2022-03-31 20:18:54,526.1647893103533
2022-03-31 20:18:59,528.7
2022-03-31 20:19:04,528.7
2022-03-31 20:19:09,528.67
2022-03-31 20:19:14,528.6
2022-03-31 20:19:19,528.6
2022-03-31 20:19:24,528.54
2022-03-31 20:19:29,528.47
2022-03-31 20:19:34,528.48
2022-03-31 20:19:39,528.41
2022-03-31 20:19:44,528.41
2022-03-31 20:19:49,528.41
2022-03-31 20:19:54,528.41
2022-03-31 20:19:59,528.41
2022-03-31 20:20:04,528.38
2022-03-31 20:20:09,528.38
2022-03-31 20:20:14,528.41
2022-03-31 20:20:19,528.41
2022-03-31 20:20:24,528.41
2022-03-31 20:20:29,526.5558427149634
2022-03-31 20:20:34,528.41
2022-03-31 20:20:39,528.48
2022-03-31 20:20:44,528.54
2022-03-31 20:20:49,528.6
2022-03-31 20:20:54,528.67
2022-03-31 20:20:59,526.6939072169448
2022-03-31 20:21:04,526.7176536782285
2022-03-31 20:21:09,528.77
2022-03-31 20:21:14,526.7657937048525
2022-03-31 20:21:19,528.89
2022-03-31 20:21:24,528.99
2022-03-31 20:21:29,529.06
2022-03-31 20:21:34,529.12
2022-03-31 20:21:39,529.28
2022-03-31 20:21:44,529.35
2022-03-31 20:21:49,529.41
2022-03-31 20:21:54,529.57
2022-03-31 20:21:59,529.64
2022-03-31 20:22:04,527.0199124317261
2022-03-31 20:22:09,529.86
2022-03-31 20:22:14,529.96
2022-03-31 20:22:19,530.09
2022-03-31 20:22:24,527.1280956221959
2022-03-31 20:22:29,530.31
2022-03-31 20:22:34,530.44
2022-03-31 20:22:39,530.54
2022-03-31 20:22:44,530.73
2022-03-31 20:22:49,530.83
2022-03-31 20:22:54,527.2977394914884
2022-03-31 20:22:59,527.3268967162968
2022-03-31 20:23:04,531.25
2022-03-31 20:23:09,531.28
2022-03-31 20:23:14,531.48
2022-03-31 20:23:19,531.57
2022-03-31 20:23:24,531.7
2022-03-31 20:23:29,531.86
2022-03-31 20:23:34,531.99
2022-03-31 20:23:39,532.15
2022-03-31 20:23:44,532.22
2022-03-31 20:23:49,527.6327093301904
2022-03-31 20:23:54,532.51
2022-03-31 20:23:59,532.67
2022-03-31 20:24:04,532.8
2022-03-31 20:24:09,532.96
2022-03-31 20:24:14,527.7951796288133
2022-03-31 20:24:19,533.19
2022-03-31 20:24:24,533.31
2022-03-31 20:24:29,533.48
2022-03-31 20:24:34,533.57
2022-03-31 20:24:39,533.7
2022-03-31 20:24:44,527.9983013068133
2022-03-31 20:24:49,533.99
2022-03-31 20:24:54,534.06
2022-03-31 20:24:59,534.15
2022-03-31 20:25:04,534.28
2022-03-31 20:25:09,534.38
2022-03-31 20:25:14,534.44
2022-03-31 20:25:19,534.57
2022-03-31 20:25:24,528.2825701949405
2022-03-31 20:25:29,534.86
2022-03-31 20:25:34,534.87
2022-03-31 20:25:39,534.96
2022-03-31 20:25:44,535.09
2022-03-31 20:25:49,535.19
2022-03-31 20:25:54,535.25
2022-03-31 20:25:59,535.32
2022-03-31 20:26:04,535.41
2022-03-31 20:26:09,528.6200666749721
2022-03-31 20:26:14,535.64
2022-03-31 20:26:19,528.6975310156342
2022-03-31 20:26:24,535.83
2022-03-31 20:26:29,535.9
2022-03-31 20:26:34,535.99
2022-03-31 20:26:39,536.12
2022-03-31 20:26:44,536.16
2022-03-31 20:26:49,536.29
2022-03-31 20:26:54,536.41
2022-03-31 20:26:59,536.45
2022-03-31 20:27:04,536.51
2022-03-31 20:27:09,536.64
2022-03-31 20:27:14,536.74
2022-03-31 20:27:19,536.87
2022-03-31 20:27:24,536.93
2022-03-31 20:27:29,537.03
2022-03-31 20:27:34,537.16
2022-03-31 20:27:39,537.19
2022-03-31 20:27:44,537.32
2022-03-31 20:27:49,529.4330726068052
2022-03-31 20:27:54,537.49
2022-03-31 20:27:59,529.5188954063988
2022-03-31 20:28:04,537.71
2022-03-31 20:28:09,537.78
2022-03-31 20:28:14,537.91
2022-03-31 20:28:19,537.97
2022-03-31 20:28:24,538.07
2022-03-31 20:28:29,538.2
2022-03-31 20:28:34,538.29
2022-03-31 20:28:39,538.36
2022-03-31 20:28:44,538.43
2022-03-31 20:28:49,538.49
2022-03-31 20:28:54,530.0047248684732
2022-03-31 20:28:59,538.59
2022-03-31 20:29:04,538.66
2022-03-31 20:29:09,538.72
2022-03-31 20:29:14,538.75
2022-03-31 20:29:19,538.82
2022-03-31 20:29:24,538.88
2022-03-31 20:29:29,538.95
2022-03-31 20:29:34,539.01
2022-03-31 20:29:39,539.01
2022-03-31 20:29:44,539.04
2022-03-31 20:29:49,539.11
2022-03-31 20:29:54,539.18
2022-03-31 20:29:59,530.6074696610126
2022-03-31 20:30:04,539.24
2022-03-31 20:30:09,539.24
2022-03-31 20:30:14,539.34
2022-03-31 20:30:19,539.34
2022-03-31 20:30:24,539.4
2022-03-31 20:30:29,539.47
2022-03-31 20:30:34,539.47
2022-03-31 20:30:39,530.9927627697418
2022-03-31 20:30:44,539.56
2022-03-31 20:30:49,539.63
2022-03-31 20:30:54,531.1399211078036
2022-03-31 20:30:59,539.69
2022-03-31 20:31:04,539.76
2022-03-31 20:31:09,539.76
2022-03-31 20:31:14,539.79
2022-03-31 20:31:19,539.79
2022-03-31 20:31:24,539.85
2022-03-31 20:31:29,539.92
2022-03-31 20:31:34,539.92
2022-03-31 20:31:39,531.5897367076489
2022-03-31 20:31:44,531.6404638917074
2022-03-31 20:31:49,540.04
2022-03-31 20:31:54,540.04
2022-03-31 20:31:59,540.04
2022-03-31 20:32:04,540.08
2022-03-31 20:32:09,540.04
2022-03-31 20:32:14,540.08
2022-03-31 20:32:19,540.07
2022-03-31 20:32:24,540.08
2022-03-31 20:32:29,540.14
2022-03-31 20:32:34,540.07
2022-03-31 20:32:39,540.07
2022-03-31 20:32:44,540.04
2022-03-31 20:32:49,540.04
2022-03-31 20:32:54,540.04
2022-03-31 20:32:59,540.04
2022-03-31 20:33:04,539.98
2022-03-31 20:33:09,539.98
2022-03-31 20:33:14,532.577311289549
2022-03-31 20:33:19,539.91
2022-03-31 20:33:24,539.91
2022-03-31 20:33:29,539.85
2022-03-31 20:33:34,532.7912297342444
2022-03-31 20:33:39,539.84
2022-03-31 20:33:44,539.78
2022-03-31 20:33:49,539.78
2022-03-31 20:33:54,539.75
2022-03-31 20:33:59,539.75
2022-03-31 20:34:04,533.1156963581423
2022-03-31 20:34:09,539.68
2022-03-31 20:34:14,539.68
2022-03-31 20:34:19,539.61
2022-03-31 20:34:24,539.55
2022-03-31 20:34:29,533.3892189510013
2022-03-31 20:34:34,539.52
2022-03-31 20:34:39,533.4993912224389
2022-03-31 20:34:44,533.554636366182
2022-03-31 20:34:49,539.39
2022-03-31 20:34:54,539.39
2022-03-31 20:34:59,539.32
2022-03-31 20:35:04,539.32
2022-03-31 20:35:09,539.26
2022-03-31 20:35:14,539.26
2022-03-31 20:35:19,539.25
2022-03-31 20:35:24,539.22
2022-03-31 20:35:29,539.22
2022-03-31 20:35:34,539.22
2022-03-31 20:35:39,539.15
2022-03-31 20:35:44,539.15
2022-03-31 20:35:49,539.15
2022-03-31 20:35:54,539.09
2022-03-31 20:35:59,539.09
2022-03-31 20:36:04,539.03
2022-03-31 20:36:09,539.03
2022-03-31 20:36:14,538.99
2022-03-31 20:36:19,538.93
2022-03-31 20:36:24,538.86
2022-03-31 20:36:29,538.86
2022-03-31 20:36:34,538.8
2022-03-31 20:36:39,538.8
2022-03-31 20:36:44,538.74
2022-03-31 20:36:49,538.7
2022-03-31 20:36:54,538.7
2022-03-31 20:36:59,538.64
2022-03-31 20:37:04,538.64
2022-03-31 20:37:09,538.57
2022-03-31 20:37:14,538.57
2022-03-31 20:37:19,538.51
2022-03-31 20:37:24,538.48
2022-03-31 20:37:29,538.41
2022-03-31 20:37:34,538.41
2022-03-31 20:37:39,538.41
2022-03-31 20:37:44,538.35
2022-03-31 20:37:49,538.35
2022-03-31 20:37:54,538.29
2022-03-31 20:37:59,535.779357515838
2022-03-31 20:38:04,538.22
2022-03-31 20:38:09,538.19
2022-03-31 20:38:14,538.19
2022-03-31 20:38:19,538.13
2022-03-31 20:38:24,538.13
2022-03-31 20:38:29,538.12
2022-03-31 20:38:34,538.06
2022-03-31 20:38:39,538.0
2022-03-31 20:38:44,538.0
2022-03-31 20:38:49,538.0
2022-03-31 20:38:54,538.0
2022-03-31 20:38:59,538.0
2022-03-31 20:39:04,538.0
2022-03-31 20:39:09,538.0
2022-03-31 20:39:14,537.97
2022-03-31 20:39:19,537.97
2022-03-31 20:39:24,537.97
2022-03-31 20:39:29,537.97
2022-03-31 20:39:34,537.96
2022-03-31 20:39:39,536.9554925178609
2022-03-31 20:39:44,538.0
2022-03-31 20:39:49,537.97
2022-03-31 20:39:54,537.96
2022-03-31 20:39:59,537.96
2022-03-31 20:40:04,538.0
2022-03-31 20:40:09,537.96
2022-03-31 20:40:14,537.96
2022-03-31 20:40:19,538.0
2022-03-31 20:40:24,538.0
2022-03-31 20:40:29,537.5451431532249
2022-03-31 20:40:34,538.06
2022-03-31 20:40:39,538.06
2022-03-31 20:40:44,538.06
2022-03-31 20:40:49,538.06
2022-03-31 20:40:54,538.12
2022-03-31 20:40:59,538.06
2022-03-31 20:41:04,538.05
2022-03-31 20:41:09,538.12
2022-03-31 20:41:14,538.12
2022-03-31 20:41:19,538.12
2022-03-31 20:41:24,538.12
2022-03-31 20:41:29,538.12
2022-03-31 20:41:34,538.12
2022-03-31 20:41:39,538.12
2022-03-31 20:41:44,538.12
2022-03-31 20:41:49,538.12
2022-03-31 20:41:54,538.5414922995869
2022-03-31 20:41:59,538.18
2022-03-31 20:42:04,538.18
2022-03-31 20:42:09,538.18
2022-03-31 20:42:14,538.17
2022-03-31 20:42:19,538.18
2022-03-31 20:42:24,538.18
2022-03-31 20:42:29,538.21
2022-03-31 20:42:34,538.17
2022-03-31 20:42:39,538.17
2022-03-31 20:42:44,538.2
2022-03-31 20:42:49,538.17
2022-03-31 20:42:54,538.17
2022-03-31 20:42:59,538.2
2022-03-31 20:43:04,538.2
2022-03-31 20:43:09,538.2
2022-03-31 20:43:14,538.17
2022-03-31 20:43:19,538.17
2022-03-31 20:43:24,538.19
2022-03-31 20:43:29,538.2
2022-03-31 20:43:34,538.16
2022-03-31 20:43:39,538.19
2022-03-31 20:43:44,538.16
2022-03-31 20:43:49,538.16
2022-03-31 20:43:54,538.19
2022-03-31 20:43:59,538.19
2022-03-31 20:44:04,538.19
2022-03-31 20:44:09,538.15
2022-03-31 20:44:14,538.18
2022-03-31 20:44:19,538.18
2022-03-31 20:44:24,538.18
2022-03-31 20:44:29,538.24
2022-03-31 20:44:34,538.24
2022-03-31 20:44:39,538.24
2022-03-31 20:44:44,540.4697350501115
2022-03-31 20:44:49,538.24
2022-03-31 20:44:54,538.31
2022-03-31 20:44:59,538.31
2022-03-31 20:45:04,538.31
2022-03-31 20:45:09,538.31
2022-03-31 20:45:14,538.37
2022-03-31 20:45:19,538.37
2022-03-31 20:45:24,538.37
2022-03-31 20:45:29,538.43
2022-03-31 20:45:34,538.43
2022-03-31 20:45:39,538.43
2022-03-31 20:45:44,538.43
2022-03-31 20:45:49,538.46
2022-03-31 20:45:54,538.46
2022-03-31 20:45:59,538.53
2022-03-31 20:46:04,538.53
2022-03-31 20:46:09,538.59
2022-03-31 20:46:14,538.59
2022-03-31 20:46:19,538.59
2022-03-31 20:46:24,538.66
2022-03-31 20:46:29,538.69
2022-03-31 20:46:34,538.69
2022-03-31 20:46:39,538.75
2022-03-31 20:46:44,538.81
2022-03-31 20:46:49,538.82
2022-03-31 20:46:54,538.82
2022-03-31 20:46:59,541.8892722949644
2022-03-31 20:47:04,538.88
2022-03-31 20:47:09,538.95
2022-03-31 20:47:14,542.0386301150857
2022-03-31 20:47:19,538.98
2022-03-31 20:47:24,538.98
2022-03-31 20:47:29,538.98
2022-03-31 20:47:34,539.04
2022-03-31 20:47:39,539.11
2022-03-31 20:47:44,539.11
2022-03-31 20:47:49,539.11
2022-03-31 20:47:54,539.17
2022-03-31 20:47:59,539.17
2022-03-31 20:48:04,539.2
2022-03-31 20:48:09,539.2
2022-03-31 20:48:14,539.2
2022-03-31 20:48:19,539.27
2022-03-31 20:48:24,539.27
2022-03-31 20:48:29,539.27
2022-03-31 20:48:34,539.27
2022-03-31 20:48:39,539.33
2022-03-31 20:48:44,539.4
2022-03-31 20:48:49,539.4
2022-03-31 20:48:54,539.4
2022-03-31 20:48:59,539.46
2022-03-31 20:49:04,539.46
2022-03-31 20:49:09,539.5
2022-03-31 20:49:14,539.5
2022-03-31 20:49:19,543.2030577902758
2022-03-31 20:49:24,539.49
2022-03-31 20:49:29,539.56
2022-03-31 20:49:34,539.56
2022-03-31 20:49:39,543.3746135036578
2022-03-31 20:49:44,539.63
2022-03-31 20:49:49,539.63
2022-03-31 20:49:54,539.63
2022-03-31 20:49:59,539.69
2022-03-31 20:50:04,539.69
2022-03-31 20:50:09,539.69
2022-03-31 20:50:14,539.69
2022-03-31 20:50:19,539.69
2022-03-31 20:50:24,539.69
2022-03-31 20:50:29,543.7835517686875
2022-03-31 20:50:34,543.8228131629794
2022-03-31 20:50:39,539.72
2022-03-31 20:50:44,539.79
2022-03-31 20:50:49,539.79
2022-03-31 20:50:54,539.79
2022-03-31 20:50:59,539.79
2022-03-31 20:51:04,539.79
2022-03-31 20:51:09,539.79
2022-03-31 20:51:14,539.79
2022-03-31 20:51:19,539.79
2022-03-31 20:51:24,539.79
2022-03-31 20:51:29,539.86
2022-03-31 20:51:34,544.2693984235485
2022-03-31 20:51:39,539.86
2022-03-31 20:51:44,539.92
2022-03-31 20:51:49,539.92
2022-03-31 20:51:54,539.99
2022-03-31 20:51:59,539.99
2022-03-31 20:52:04,539.99
2022-03-31 20:52:09,539.99
2022-03-31 20:52:14,540.02
2022-03-31 20:52:19,540.02
2022-03-31 20:52:24,540.02
2022-03-31 20:52:29,540.02
2022-03-31 20:52:34,540.02
2022-03-31 20:52:39,540.08
2022-03-31 20:52:44,540.09
2022-03-31 20:52:49,540.15
2022-03-31 20:52:54,540.21
2022-03-31 20:52:59,540.22
2022-03-31 20:53:04,540.25
2022-03-31 20:53:09,540.25
2022-03-31 20:53:14,544.9124161990683
2022-03-31 20:53:19,540.31
2022-03-31 20:53:24,540.38
2022-03-31 20:53:29,540.44
2022-03-31 20:53:34,540.44
2022-03-31 20:53:39,545.054577873866
2022-03-31 20:53:44,540.44
2022-03-31 20:53:49,540.51
2022-03-31 20:53:54,540.51
2022-03-31 20:53:59,540.51
2022-03-31 20:54:04,540.54
2022-03-31 20:54:09,540.51
2022-03-31 20:54:14,540.51
2022-03-31 20:54:19,545.2675989709119
2022-03-31 20:54:24,540.55
2022-03-31 20:54:29,540.55
2022-03-31 20:54:34,545.3430594341612
2022-03-31 20:54:39,540.61
2022-03-31 20:54:44,540.61
2022-03-31 20:54:49,545.4161833999135
2022-03-31 20:54:54,540.61
2022-03-31 20:54:59,540.61
2022-03-31 20:55:04,545.4870195626333
2022-03-31 20:55:09,540.68
2022-03-31 20:55:14,545.5329967160775
2022-03-31 20:55:19,540.68
2022-03-31 20:55:24,540.68
2022-03-31 20:55:29,540.75
2022-03-31 20:55:34,540.75
2022-03-31 20:55:39,540.68
2022-03-31 20:55:44,540.75
2022-03-31 20:55:49,540.69
2022-03-31 20:55:54,540.75
2022-03-31 20:55:59,540.75
2022-03-31 20:56:04,540.75
2022-03-31 20:56:09,540.69
2022-03-31 20:56:14,540.69
2022-03-31 20:56:19,540.69
2022-03-31 20:56:24,540.69
2022-03-31 20:56:29,540.69
2022-03-31 20:56:34,540.63
2022-03-31 20:56:39,540.69
2022-03-31 20:56:44,540.69
2022-03-31 20:56:49,540.69
2022-03-31 20:56:54,540.63
2022-03-31 20:56:59,540.63
2022-03-31 20:57:04,540.63
2022-03-31 20:57:09,540.63
2022-03-31 20:57:14,540.57
2022-03-31 20:57:19,540.57
2022-03-31 20:57:24,540.57
2022-03-31 20:57:29,540.57
2022-03-31 20:57:34,540.57
2022-03-31 20:57:39,540.57
2022-03-31 20:57:44,540.57
2022-03-31 20:57:49,540.54
2022-03-31 20:57:54,540.54
2022-03-31 20:57:59,540.57
2022-03-31 20:58:04,540.57
2022-03-31 20:58:09,540.57
2022-03-31 20:58:14,540.53
2022-03-31 20:58:19,540.53
2022-03-31 20:58:24,540.57
2022-03-31 20:58:29,540.57
2022-03-31 20:58:34,540.57
2022-03-31 20:58:39,540.57
2022-03-31 20:58:44,540.63
2022-03-31 20:58:49,540.57
2022-03-31 20:58:54,546.3219210235185
2022-03-31 20:58:59,540.63
2022-03-31 20:59:04,540.63
2022-03-31 20:59:09,540.63
2022-03-31 20:59:14,540.63
2022-03-31 20:59:19,540.63
2022-03-31 20:59:24,540.69
2022-03-31 20:59:29,540.69
2022-03-31 20:59:34,540.69
2022-03-31 20:59:39,540.69
2022-03-31 20:59:44,540.76
2022-03-31 20:59:49,540.76
2022-03-31 20:59:54,540.76
2022-03-31 20:59:59,540.76
2022-03-31 21:00:04,540.76
2022-03-31 21:00:09,540.76
2022-03-31 21:00:14,540.79
2022-03-31 21:00:19,540.78
2022-03-31 21:00:24,540.78
2022-03-31 21:00:29,540.78
2022-03-31 21:00:34,540.78
2022-03-31 21:00:39,540.85
2022-03-31 21:00:44,540.85
2022-03-31 21:00:49,540.85
2022-03-31 21:00:54,540.85
2022-03-31 21:00:59,540.84
2022-03-31 21:01:04,540.91
2022-03-31 21:01:09,540.91
2022-03-31 21:01:14,540.91
2022-03-31 21:01:19,540.91
2022-03-31 21:01:24,540.97
2022-03-31 21:01:29,540.97
2022-03-31 21:01:34,540.97
2022-03-31 21:01:39,541.04
2022-03-31 21:01:44,541.04
2022-03-31 21:01:49,541.03
2022-03-31 21:01:54,541.07
2022-03-31 21:01:59,541.07
2022-03-31 21:02:04,541.13
2022-03-31 21:02:09,541.13
2022-03-31 21:02:14,541.19
2022-03-31 21:02:19,541.19
2022-03-31 21:02:24,541.25
2022-03-31 21:02:29,541.29
2022-03-31 21:02:34,541.29
2022-03-31 21:02:39,541.29
2022-03-31 21:02:44,541.35
2022-03-31 21:02:49,541.35
2022-03-31 21:02:54,541.35
2022-03-31 21:02:59,541.41
2022-03-31 21:03:04,541.41
2022-03-31 21:03:09,541.41
2022-03-31 21:03:14,541.41
2022-03-31 21:03:19,541.41
2022-03-31 21:03:24,541.48
2022-03-31 21:03:29,541.48
2022-03-31 21:03:34,541.48
2022-03-31 21:03:39,541.48
2022-03-31 21:03:44,541.54
2022-03-31 21:03:49,541.48
2022-03-31 21:03:54,541.48
2022-03-31 21:03:59,541.48
2022-03-31 21:04:04,541.48
2022-03-31 21:04:09,541.41
2022-03-31 21:04:14,541.41
2022-03-31 21:04:19,541.41
2022-03-31 21:04:24,541.41
2022-03-31 21:04:29,541.35
2022-03-31 21:04:34,546.9646330073089
2022-03-31 21:04:39,541.29
2022-03-31 21:04:44,541.26
2022-03-31 21:04:49,541.19
2022-03-31 21:04:54,546.9906797439143
2022-03-31 21:04:59,541.13
2022-03-31 21:05:04,547.0034800362437
2022-03-31 21:05:09,541.03
2022-03-31 21:05:14,541.03
2022-03-31 21:05:19,540.9
2022-03-31 21:05:24,540.84
2022-03-31 21:05:29,540.78
2022-03-31 21:05:34,540.74
2022-03-31 21:05:39,540.74
2022-03-31 21:05:44,540.68
2022-03-31 21:05:49,540.68
2022-03-31 21:05:54,540.62
2022-03-31 21:05:59,540.55
2022-03-31 21:06:04,540.52
2022-03-31 21:06:09,540.46
2022-03-31 21:06:14,547.0898314646761
2022-03-31 21:06:19,540.39
2022-03-31 21:06:24,540.27
2022-03-31 21:06:29,540.27
2022-03-31 21:06:34,540.27
2022-03-31 21:06:39,540.23
2022-03-31 21:06:44,540.23
2022-03-31 21:06:49,540.17
2022-03-31 21:06:54,540.17
2022-03-31 21:06:59,540.11
2022-03-31 21:07:04,540.11
2022-03-31 21:07:09,540.11
2022-03-31 21:07:14,540.11
2022-03-31 21:07:19,540.04
2022-03-31 21:07:24,540.05
2022-03-31 21:07:29,540.05
2022-03-31 21:07:34,540.05
2022-03-31 21:07:39,540.05
2022-03-31 21:07:44,540.05
2022-03-31 21:07:49,540.01
2022-03-31 21:07:54,540.05
2022-03-31 21:07:59,540.02
2022-03-31 21:08:04,540.02
2022-03-31 21:08:09,547.2141486217295
2022-03-31 21:08:14,540.02
2022-03-31 21:08:19,540.02
2022-03-31 21:08:24,540.02
2022-03-31 21:08:29,540.02
2022-03-31 21:08:34,540.02
2022-03-31 21:08:39,540.02
2022-03-31 21:08:44,540.02
2022-03-31 21:08:49,540.05
2022-03-31 21:08:54,540.05
2022-03-31 21:08:59,540.05
2022-03-31 21:09:04,540.12
2022-03-31 21:09:09,540.12
2022-03-31 21:09:14,540.12
2022-03-31 21:09:19,540.12
2022-03-31 21:09:24,540.19
2022-03-31 21:09:29,540.25
2022-03-31 21:09:34,540.19
2022-03-31 21:09:39,547.2869538019033
2022-03-31 21:09:44,540.25
2022-03-31 21:09:49,540.25
2022-03-31 21:09:54,540.29
2022-03-31 21:09:59,540.29
2022-03-31 21:10:04,540.35
2022-03-31 21:10:09,540.35
2022-03-31 21:10:14,540.42
2022-03-31 21:10:19,540.42
2022-03-31 21:10:24,540.42
2022-03-31 21:10:29,540.48
2022-03-31 21:10:34,540.48
2022-03-31 21:10:39,540.55
2022-03-31 21:10:44,540.58
2022-03-31 21:10:49,540.58
2022-03-31 21:10:54,540.65
2022-03-31 21:10:59,540.65
2022-03-31 21:11:04,540.65
2022-03-31 21:11:09,540.71
2022-03-31 21:11:14,540.71
2022-03-31 21:11:19,540.78
2022-03-31 21:11:24,540.71
2022-03-31 21:11:29,540.78
2022-03-31 21:11:34,540.78
2022-03-31 21:11:39,547.3354949464833
2022-03-31 21:11:44,540.78
2022-03-31 21:11:49,540.78
2022-03-31 21:11:54,540.79
2022-03-31 21:11:59,540.82
2022-03-31 21:12:04,540.79
2022-03-31 21:12:09,540.79
2022-03-31 21:12:14,547.3367563412615
2022-03-31 21:12:19,547.3364021460434
2022-03-31 21:12:24,540.79
2022-03-31 21:12:29,540.79
2022-03-31 21:12:34,547.3345075727342
2022-03-31 21:12:39,547.333594113633
2022-03-31 21:12:44,540.79
2022-03-31 21:12:49,540.73
2022-03-31 21:12:54,540.73
2022-03-31 21:12:59,540.73
2022-03-31 21:13:04,540.73
2022-03-31 21:13:09,540.73
2022-03-31 21:13:14,540.8
2022-03-31 21:13:19,540.74
2022-03-31 21:13:24,540.8
2022-03-31 21:13:29,540.74
2022-03-31 21:13:34,540.74
2022-03-31 21:13:39,540.74
2022-03-31 21:13:44,540.74
2022-03-31 21:13:49,540.68
2022-03-31 21:13:54,547.3019261054488
2022-03-31 21:13:59,540.68
2022-03-31 21:14:04,540.68
2022-03-31 21:14:09,540.61
2022-03-31 21:14:14,540.62
2022-03-31 21:14:19,540.58
2022-03-31 21:14:24,540.59
2022-03-31 21:14:29,540.52
2022-03-31 21:14:34,540.52
2022-03-31 21:14:39,547.265512320501
2022-03-31 21:14:44,540.46
2022-03-31 21:14:49,540.4
2022-03-31 21:14:54,547.2502484041489
2022-03-31 21:14:59,540.33
2022-03-31 21:15:04,540.33
2022-03-31 21:15:09,540.34
2022-03-31 21:15:14,540.3
2022-03-31 21:15:19,540.34
2022-03-31 21:15:24,547.214807764694
2022-03-31 21:15:29,540.31
2022-03-31 21:15:34,540.3
2022-03-31 21:15:39,540.24
2022-03-31 21:15:44,540.24
2022-03-31 21:15:49,540.24
2022-03-31 21:15:54,540.18
2022-03-31 21:15:59,540.24
2022-03-31 21:16:04,540.24
2022-03-31 21:16:09,547.148805226893
2022-03-31 21:16:14,540.24
2022-03-31 21:16:19,540.24
2022-03-31 21:16:24,540.24
2022-03-31 21:16:29,540.24
2022-03-31 21:16:34,547.105156172766
2022-03-31 21:16:39,540.24
2022-03-31 21:16:44,540.24
2022-03-31 21:16:49,540.24
2022-03-31 21:16:54,540.24
2022-03-31 21:16:59,540.24
2022-03-31 21:17:04,540.24
2022-03-31 21:17:09,540.24
2022-03-31 21:17:14,547.0244190849858
2022-03-31 21:17:19,540.24
2022-03-31 21:17:24,540.24
2022-03-31 21:17:29,540.31
2022-03-31 21:17:34,540.24
2022-03-31 21:17:39,540.31
2022-03-31 21:17:44,540.24
2022-03-31 21:17:49,540.31
2022-03-31 21:17:54,540.24
2022-03-31 21:17:59,540.31
2022-03-31 21:18:04,540.31
2022-03-31 21:18:09,540.31
2022-03-31 21:18:14,546.8767812012849
2022-03-31 21:18:19,540.24
2022-03-31 21:18:24,546.848937610181
2022-03-31 21:18:29,540.3
2022-03-31 21:18:34,540.3
2022-03-31 21:18:39,546.8053792484652
2022-03-31 21:18:44,540.24
2022-03-31 21:18:49,540.3
2022-03-31 21:18:54,540.24
2022-03-31 21:18:59,540.24
2022-03-31 21:19:04,540.24
2022-03-31 21:19:09,540.3
2022-03-31 21:19:14,540.24
2022-03-31 21:19:19,540.24
2022-03-31 21:19:24,540.24
2022-03-31 21:19:29,540.24
2022-03-31 21:19:34,540.24
2022-03-31 21:19:39,540.24
2022-03-31 21:19:44,540.17
2022-03-31 21:19:49,540.17
2022-03-31 21:19:54,540.17
2022-03-31 21:19:59,540.17
2022-03-31 21:20:04,540.17
2022-03-31 21:20:09,546.4969582505823
2022-03-31 21:20:14,540.08
2022-03-31 21:20:19,540.07
2022-03-31 21:20:24,540.07
2022-03-31 21:20:29,540.01
2022-03-31 21:20:34,540.07
2022-03-31 21:20:39,540.07
2022-03-31 21:20:44,540.01
2022-03-31 21:20:49,540.01
2022-03-31 21:20:54,539.94
2022-03-31 21:20:59,546.2900093605617
2022-03-31 21:21:04,539.88
2022-03-31 21:21:09,539.88
2022-03-31 21:21:14,539.88
2022-03-31 21:21:19,539.82
2022-03-31 21:21:24,546.1771046265028
2022-03-31 21:21:29,539.82
2022-03-31 21:21:34,539.79
2022-03-31 21:21:39,539.79
2022-03-31 21:21:44,539.79
2022-03-31 21:21:49,546.0579778742549
2022-03-31 21:21:54,546.0334101611402
2022-03-31 21:21:59,539.66
2022-03-31 21:22:04,539.66
2022-03-31 21:22:09,539.59
2022-03-31 21:22:14,539.59
2022-03-31 21:22:19,545.9068811798301
2022-03-31 21:22:24,539.57
2022-03-31 21:22:29,539.5
2022-03-31 21:22:34,539.5
2022-03-31 21:22:39,539.5
2022-03-31 21:22:44,539.44
2022-03-31 21:22:49,539.37
2022-03-31 21:22:54,539.38
2022-03-31 21:22:59,539.31
2022-03-31 21:23:04,539.38
2022-03-31 21:23:09,539.31
2022-03-31 21:23:14,539.31
2022-03-31 21:23:19,539.28
2022-03-31 21:23:24,539.28
2022-03-31 21:23:29,539.28
2022-03-31 21:23:34,539.21
2022-03-31 21:23:39,539.28
2022-03-31 21:23:44,539.22
2022-03-31 21:23:49,539.22
2022-03-31 21:23:54,539.22
2022-03-31 21:23:59,539.22
2022-03-31 21:24:04,539.22
2022-03-31 21:24:09,539.22
2022-03-31 21:24:14,545.2468379151253
2022-03-31 21:24:19,545.2152783082054
2022-03-31 21:24:24,539.22
2022-03-31 21:24:29,539.16
2022-03-31 21:24:34,539.16
2022-03-31 21:24:39,539.16
2022-03-31 21:24:44,539.16
2022-03-31 21:24:49,545.0209937376411
2022-03-31 21:24:54,539.09
2022-03-31 21:24:59,539.09
2022-03-31 21:25:04,544.9207016479486
2022-03-31 21:25:09,539.16
2022-03-31 21:25:14,544.8526807931232
2022-03-31 21:25:19,539.09
2022-03-31 21:25:24,539.09
2022-03-31 21:25:29,539.15
2022-03-31 21:25:34,539.16
2022-03-31 21:25:39,539.09
2022-03-31 21:25:44,539.15
2022-03-31 21:25:49,539.15
2022-03-31 21:25:54,539.15
2022-03-31 21:25:59,539.22
2022-03-31 21:26:04,539.15
2022-03-31 21:26:09,539.22
2022-03-31 21:26:14,539.22
2022-03-31 21:26:19,539.22
2022-03-31 21:26:24,539.28
2022-03-31 21:26:29,539.22
2022-03-31 21:26:34,539.28
2022-03-31 21:26:39,539.28
2022-03-31 21:26:44,539.28
2022-03-31 21:26:49,539.31
2022-03-31 21:26:54,539.28
2022-03-31 21:26:59,539.31
2022-03-31 21:27:04,539.31
2022-03-31 21:27:09,539.31
2022-03-31 21:27:14,539.31
2022-03-31 21:27:19,539.37
2022-03-31 21:27:24,539.37
2022-03-31 21:27:29,539.37
2022-03-31 21:27:34,539.37
2022-03-31 21:27:39,539.37
2022-03-31 21:27:44,539.37
2022-03-31 21:27:49,539.37
2022-03-31 21:27:54,539.37
2022-03-31 21:27:59,539.37
2022-03-31 21:28:04,539.36
2022-03-31 21:28:09,539.36
2022-03-31 21:28:14,539.36
2022-03-31 21:28:19,543.4309144203627
2022-03-31 21:28:24,539.36
2022-03-31 21:28:29,539.42
2022-03-31 21:28:34,539.36
2022-03-31 21:28:39,539.36
2022-03-31 21:28:44,539.36
2022-03-31 21:28:49,539.29
2022-03-31 21:28:54,539.35
2022-03-31 21:28:59,539.35
2022-03-31 21:29:04,539.35
2022-03-31 21:29:09,539.29
2022-03-31 21:29:14,542.9501572677532
2022-03-31 21:29:19,539.25
2022-03-31 21:29:24,539.25
2022-03-31 21:29:29,539.25
2022-03-31 21:29:34,539.19
2022-03-31 21:29:39,539.19
2022-03-31 21:29:44,539.19
2022-03-31 21:29:49,539.12
2022-03-31 21:29:54,539.12
2022-03-31 21:29:59,542.5376792363384
2022-03-31 21:30:04,539.03
2022-03-31 21:30:09,539.02
2022-03-31 21:30:14,539.03
2022-03-31 21:30:19,538.96
2022-03-31 21:30:24,538.96
2022-03-31 21:30:29,538.96
2022-03-31 21:30:34,542.2051551679489
2022-03-31 21:30:39,538.83
2022-03-31 21:30:44,538.89
2022-03-31 21:30:49,538.83
2022-03-31 21:30:54,538.83
2022-03-31 21:30:59,541.9614476287676
2022-03-31 21:31:04,538.83
2022-03-31 21:31:09,538.76
2022-03-31 21:31:14,538.77
2022-03-31 21:31:19,538.76
2022-03-31 21:31:24,538.73
2022-03-31 21:31:29,538.73
2022-03-31 21:31:34,538.73
2022-03-31 21:31:39,541.5609205001009
2022-03-31 21:31:44,538.76
2022-03-31 21:31:49,538.73
2022-03-31 21:31:54,538.76
2022-03-31 21:31:59,538.76
2022-03-31 21:32:04,538.89
2022-03-31 21:32:09,538.83
2022-03-31 21:32:14,538.89
2022-03-31 21:32:19,538.96
2022-03-31 21:32:24,539.02
2022-03-31 21:32:29,539.02
2022-03-31 21:32:34,539.05
2022-03-31 21:32:39,539.12
2022-03-31 21:32:44,539.18
2022-03-31 21:32:49,540.8291595487674
2022-03-31 21:32:54,539.28
2022-03-31 21:32:59,539.35
2022-03-31 21:33:04,539.41
2022-03-31 21:33:09,539.47
2022-03-31 21:33:14,539.47
2022-03-31 21:33:19,539.57
2022-03-31 21:33:24,539.64
2022-03-31 21:33:29,539.7
2022-03-31 21:33:34,539.76
2022-03-31 21:33:39,539.8
2022-03-31 21:33:44,539.86
2022-03-31 21:33:49,539.93
2022-03-31 21:33:54,539.99
2022-03-31 21:33:59,540.06
2022-03-31 21:34:04,540.09
2022-03-31 21:34:09,540.09
2022-03-31 21:34:14,540.16
2022-03-31 21:34:19,540.22
2022-03-31 21:34:24,540.28
2022-03-31 21:34:29,540.22
2022-03-31 21:34:34,540.32
2022-03-31 21:34:39,540.32
2022-03-31 21:34:44,539.5449220915026
2022-03-31 21:34:49,540.38
2022-03-31 21:34:54,540.38
2022-03-31 21:34:59,540.45
2022-03-31 21:35:04,540.45
2022-03-31 21:35:09,540.45
2022-03-31 21:35:14,540.51
2022-03-31 21:35:19,540.51
2022-03-31 21:35:24,540.51
2022-03-31 21:35:29,540.58
2022-03-31 21:35:34,540.61
2022-03-31 21:35:39,540.58
2022-03-31 21:35:44,540.61
2022-03-31 21:35:49,540.61
2022-03-31 21:35:54,540.68
2022-03-31 21:35:59,538.6592497332572
2022-03-31 21:36:04,540.68
2022-03-31 21:36:09,540.74
2022-03-31 21:36:14,540.74
2022-03-31 21:36:19,540.74
2022-03-31 21:36:24,538.357065257397
2022-03-31 21:36:29,540.81
2022-03-31 21:36:34,538.2353254260584
2022-03-31 21:36:39,540.81
2022-03-31 21:36:44,540.84
2022-03-31 21:36:49,540.84
2022-03-31 21:36:54,540.9
2022-03-31 21:36:59,540.9
2022-03-31 21:37:04,540.9
2022-03-31 21:37:09,540.91
2022-03-31 21:37:14,540.97
2022-03-31 21:37:19,540.97
2022-03-31 21:37:24,541.1
2022-03-31 21:37:29,541.1
2022-03-31 21:37:34,541.1
2022-03-31 21:37:39,541.13
2022-03-31 21:37:44,537.3709456504504
2022-03-31 21:37:49,541.2
2022-03-31 21:37:54,541.26
2022-03-31 21:37:59,541.33
2022-03-31 21:38:04,541.36
2022-03-31 21:38:09,541.36
2022-03-31 21:38:14,536.9948901678434
2022-03-31 21:38:19,536.9319389192625
2022-03-31 21:38:24,541.49
2022-03-31 21:38:29,541.62
2022-03-31 21:38:34,541.62
2022-03-31 21:38:39,541.65
2022-03-31 21:38:44,541.72
2022-03-31 21:38:49,541.78
2022-03-31 21:38:54,541.78
2022-03-31 21:38:59,541.88
2022-03-31 21:39:04,541.88
2022-03-31 21:39:09,542.01
2022-03-31 21:39:14,542.01
2022-03-31 21:39:19,542.08
2022-03-31 21:39:24,542.14
2022-03-31 21:39:29,542.17
2022-03-31 21:39:34,542.17
2022-03-31 21:39:39,542.3
2022-03-31 21:39:44,542.37
2022-03-31 21:39:49,542.4
2022-03-31 21:39:54,542.46
2022-03-31 21:39:59,542.47
2022-03-31 21:40:04,542.53
2022-03-31 21:40:09,542.66
2022-03-31 21:40:14,542.66
2022-03-31 21:40:19,542.7
2022-03-31 21:40:24,542.7
2022-03-31 21:40:29,542.83
2022-03-31 21:40:34,542.83
2022-03-31 21:40:39,542.89
2022-03-31 21:40:44,542.99
2022-03-31 21:40:49,542.99
2022-03-31 21:40:54,543.05
2022-03-31 21:40:59,543.12
2022-03-31 21:41:04,534.8262122053604
2022-03-31 21:41:09,543.18
2022-03-31 21:41:14,543.22
2022-03-31 21:41:19,543.28
2022-03-31 21:41:24,543.28
2022-03-31 21:41:29,543.35
2022-03-31 21:41:34,543.35
2022-03-31 21:41:39,543.41
2022-03-31 21:41:44,543.41
2022-03-31 21:41:49,543.44
2022-03-31 21:41:54,543.44
2022-03-31 21:41:59,543.51
2022-03-31 21:42:04,543.51
2022-03-31 21:42:09,543.51
2022-03-31 21:42:14,543.51
2022-03-31 21:42:19,533.8632982312097
2022-03-31 21:42:24,543.58
2022-03-31 21:42:29,543.58
2022-03-31 21:42:34,543.58
2022-03-31 21:42:39,543.58
2022-03-31 21:42:44,543.58
2022-03-31 21:42:49,543.51
2022-03-31 21:42:54,543.51
2022-03-31 21:42:59,543.45
2022-03-31 21:43:04,543.51
2022-03-31 21:43:09,543.45
2022-03-31 21:43:14,543.45
2022-03-31 21:43:19,543.45
2022-03-31 21:43:24,543.45
2022-03-31 21:43:29,543.42
2022-03-31 21:43:34,543.42
2022-03-31 21:43:39,543.42
2022-03-31 21:43:44,543.35
2022-03-31 21:43:49,543.42
2022-03-31 21:43:54,543.42
2022-03-31 21:43:59,543.42
2022-03-31 21:44:04,543.35
2022-03-31 21:44:09,543.41
2022-03-31 21:44:14,543.35
2022-03-31 21:44:19,543.35
2022-03-31 21:44:24,543.35
2022-03-31 21:44:29,543.35
2022-03-31 21:44:34,543.35
2022-03-31 21:44:39,543.35
2022-03-31 21:44:44,543.35
2022-03-31 21:44:49,543.28
2022-03-31 21:44:54,531.9015088025151
2022-03-31 21:44:59,543.28
2022-03-31 21:45:04,543.28
2022-03-31 21:45:09,543.28
2022-03-31 21:45:14,543.22
2022-03-31 21:45:19,543.22
2022-03-31 21:45:24,543.28
2022-03-31 21:45:29,543.21
2022-03-31 21:45:34,543.21
2022-03-31 21:45:39,543.18
2022-03-31 21:45:44,543.18
2022-03-31 21:45:49,543.18
2022-03-31 21:45:54,543.11
2022-03-31 21:45:59,543.05
2022-03-31 21:46:04,543.11
2022-03-31 21:46:09,542.98
2022-03-31 21:46:14,542.98
2022-03-31 21:46:19,542.89
2022-03-31 21:46:24,530.7997360128523
2022-03-31 21:46:29,542.82
2022-03-31 21:46:34,542.75
2022-03-31 21:46:39,542.66
2022-03-31 21:46:44,542.59
2022-03-31 21:46:49,542.59
2022-03-31 21:46:54,542.46
2022-03-31 21:46:59,542.4
2022-03-31 21:47:04,542.36
2022-03-31 21:47:09,542.3
2022-03-31 21:47:14,542.3
2022-03-31 21:47:19,530.1466689694453
2022-03-31 21:47:24,542.14
2022-03-31 21:47:29,542.01
2022-03-31 21:47:34,541.94
2022-03-31 21:47:39,541.85
2022-03-31 21:47:44,541.78
2022-03-31 21:47:49,541.72
2022-03-31 21:47:54,541.56
2022-03-31 21:47:59,529.6833291770996
2022-03-31 21:48:04,541.42
2022-03-31 21:48:09,541.33
2022-03-31 21:48:14,541.2
2022-03-31 21:48:19,541.1
2022-03-31 21:48:24,540.97
2022-03-31 21:48:29,540.85
2022-03-31 21:48:34,540.75
2022-03-31 21:48:39,540.62
2022-03-31 21:48:44,540.53
2022-03-31 21:48:49,540.39
2022-03-31 21:48:54,540.3
2022-03-31 21:48:59,540.17
2022-03-31 21:49:04,540.07
2022-03-31 21:49:09,539.88
2022-03-31 21:49:14,539.78
2022-03-31 21:49:19,539.65
2022-03-31 21:49:24,539.5
2022-03-31 21:49:29,528.6812480471931
2022-03-31 21:49:34,539.21
2022-03-31 21:49:39,539.04
2022-03-31 21:49:44,538.98
2022-03-31 21:49:49,538.85
2022-03-31 21:49:54,538.75
2022-03-31 21:49:59,538.63
2022-03-31 21:50:04,538.53
2022-03-31 21:50:09,538.4
2022-03-31 21:50:14,538.34
2022-03-31 21:50:19,538.24
2022-03-31 21:50:24,538.18
2022-03-31 21:50:29,538.05
2022-03-31 21:50:34,538.02
2022-03-31 21:50:39,537.95
2022-03-31 21:50:44,537.82
2022-03-31 21:50:49,527.8420701603425
2022-03-31 21:50:54,537.66
2022-03-31 21:50:59,537.53
2022-03-31 21:51:04,537.5
2022-03-31 21:51:09,537.37
2022-03-31 21:51:14,537.31
2022-03-31 21:51:19,537.21
2022-03-31 21:51:24,537.21
2022-03-31 21:51:29,527.4422730113678
2022-03-31 21:51:34,527.3932705788536
2022-03-31 21:51:39,536.99
2022-03-31 21:51:44,536.92
2022-03-31 21:51:49,536.86
2022-03-31 21:51:54,536.79
2022-03-31 21:51:59,536.7
2022-03-31 21:52:04,536.69
2022-03-31 21:52:09,536.57
2022-03-31 21:52:14,536.5
2022-03-31 21:52:19,536.4
2022-03-31 21:52:24,536.34
2022-03-31 21:52:29,536.27
2022-03-31 21:52:34,536.21
2022-03-31 21:52:39,536.17
2022-03-31 21:52:44,536.05
2022-03-31 21:52:49,535.98
2022-03-31 21:52:54,535.95
2022-03-31 21:52:59,535.82
2022-03-31 21:53:04,535.82
2022-03-31 21:53:09,535.69
2022-03-31 21:53:14,535.69
2022-03-31 21:53:19,535.65
2022-03-31 21:53:24,535.59
2022-03-31 21:53:29,535.46
2022-03-31 21:53:34,535.43
2022-03-31 21:53:39,535.43
2022-03-31 21:53:44,535.3
2022-03-31 21:53:49,535.3
2022-03-31 21:53:54,535.17
2022-03-31 21:53:59,535.17
2022-03-31 21:54:04,535.14
2022-03-31 21:54:09,535.07
2022-03-31 21:54:14,535.0
2022-03-31 21:54:19,525.9067065762132
2022-03-31 21:54:24,534.94
2022-03-31 21:54:29,534.9
2022-03-31 21:54:34,534.84
2022-03-31 21:54:39,534.84
2022-03-31 21:54:44,534.84
2022-03-31 21:54:49,534.77
2022-03-31 21:54:54,534.71
2022-03-31 21:54:59,534.71
2022-03-31 21:55:04,534.64
2022-03-31 21:55:09,534.61
2022-03-31 21:55:14,534.61
2022-03-31 21:55:19,534.54
2022-03-31 21:55:24,534.54
2022-03-31 21:55:29,534.48
2022-03-31 21:55:34,534.48
2022-03-31 21:55:39,534.41
2022-03-31 21:55:44,534.41
2022-03-31 21:55:49,534.41
2022-03-31 21:55:54,534.4
2022-03-31 21:55:59,534.37
2022-03-31 21:56:04,534.37
2022-03-31 21:56:09,534.3
2022-03-31 21:56:14,534.24
2022-03-31 21:56:19,534.24
2022-03-31 21:56:24,534.17
2022-03-31 21:56:29,534.18
2022-03-31 21:56:34,534.11
2022-03-31 21:56:39,534.08
2022-03-31 21:56:44,534.08
2022-03-31 21:56:49,534.01
2022-03-31 21:56:54,533.95
2022-03-31 21:56:59,533.88
2022-03-31 21:57:04,524.7023396312848
2022-03-31 21:57:09,533.88
2022-03-31 21:57:14,533.78
2022-03-31 21:57:19,533.78
2022-03-31 21:57:24,533.78
2022-03-31 21:57:29,533.72
2022-03-31 21:57:34,533.65
2022-03-31 21:57:39,533.65
2022-03-31 21:57:44,533.65
2022-03-31 21:57:49,533.59
2022-03-31 21:57:54,533.59
2022-03-31 21:57:59,533.56
2022-03-31 21:58:04,533.49
2022-03-31 21:58:09,533.49
2022-03-31 21:58:14,533.43
2022-03-31 21:58:19,533.43
2022-03-31 21:58:24,533.36
2022-03-31 21:58:29,533.36
2022-03-31 21:58:34,524.1795957811348
2022-03-31 21:58:39,533.33
2022-03-31 21:58:44,533.26
2022-03-31 21:58:49,533.27
2022-03-31 21:58:54,533.26
2022-03-31 21:58:59,524.0524714967274
2022-03-31 21:59:04,533.26
2022-03-31 21:59:09,533.26
2022-03-31 21:59:14,533.2
2022-03-31 21:59:19,533.2
2022-03-31 21:59:24,533.26
2022-03-31 21:59:29,533.2
2022-03-31 21:59:34,533.2
2022-03-31 21:59:39,533.2
2022-03-31 21:59:44,533.2
2022-03-31 21:59:49,533.2
2022-03-31 21:59:54,533.2
2022-03-31 21:59:59,533.2
2022-03-31 22:00:04,533.2
2022-03-31 22:00:09,533.14
2022-03-31 22:00:14,533.13
2022-03-31 22:00:19,533.14
2022-03-31 22:00:24,533.14
2022-03-31 22:00:29,533.2
2022-03-31 22:00:34,533.13
2022-03-31 22:00:39,533.13
2022-03-31 22:00:44,533.13
2022-03-31 22:00:49,533.13
2022-03-31 22:00:54,533.2
2022-03-31 22:00:59,533.13
2022-03-31 22:01:04,533.13
2022-03-31 22:01:09,533.13
2022-03-31 22:01:14,533.13
2022-03-31 22:01:19,533.13
2022-03-31 22:01:24,533.2
2022-03-31 22:01:29,533.13
2022-03-31 22:01:34,533.19
2022-03-31 22:01:39,523.4379163872744
2022-03-31 22:01:44,533.13
2022-03-31 22:01:49,533.13
2022-03-31 22:01:54,533.12
2022-03-31 22:01:59,533.19
2022-03-31 22:02:04,533.12
2022-03-31 22:02:09,533.12
2022-03-31 22:02:14,533.19
2022-03-31 22:02:19,533.19
2022-03-31 22:02:24,523.3301744071532
2022-03-31 22:02:29,533.25
2022-03-31 22:02:34,533.19
2022-03-31 22:02:39,523.300512928995
2022-03-31 22:02:44,533.18
2022-03-31 22:02:49,533.31
2022-03-31 22:02:54,533.31
2022-03-31 22:02:59,533.31
2022-03-31 22:03:04,533.34
2022-03-31 22:03:09,533.31
2022-03-31 22:03:14,533.34
2022-03-31 22:03:19,523.2356549427577
2022-03-31 22:03:24,523.2289396145541
2022-03-31 22:03:29,533.34
2022-03-31 22:03:34,533.34
2022-03-31 22:03:39,533.34
2022-03-31 22:03:44,533.4
2022-03-31 22:03:49,533.4
2022-03-31 22:03:54,533.4
2022-03-31 22:03:59,533.46
2022-03-31 22:04:04,523.185622813468
2022-03-31 22:04:09,533.46
2022-03-31 22:04:14,533.46
2022-03-31 22:04:19,533.52
2022-03-31 22:04:24,533.52
2022-03-31 22:04:29,523.1674015761068
2022-03-31 22:04:34,533.55
2022-03-31 22:04:39,533.62
2022-03-31 22:04:44,533.62
2022-03-31 22:04:49,533.61
2022-03-31 22:04:54,533.68
2022-03-31 22:04:59,523.1537766187145
2022-03-31 22:05:04,533.74
2022-03-31 22:05:09,533.8
2022-03-31 22:05:14,533.8
2022-03-31 22:05:19,533.83
2022-03-31 22:05:24,523.1487650907015
2022-03-31 22:05:29,533.89
2022-03-31 22:05:34,523.1482664835298
2022-03-31 22:05:39,533.95
2022-03-31 22:05:44,533.95
2022-03-31 22:05:49,534.01
2022-03-31 22:05:54,523.1496936394702
2022-03-31 22:05:59,534.02
2022-03-31 22:06:04,534.01
2022-03-31 22:06:09,534.01
2022-03-31 22:06:14,534.01
2022-03-31 22:06:19,534.01
2022-03-31 22:06:24,534.04
2022-03-31 22:06:29,534.01
2022-03-31 22:06:34,534.01
2022-03-31 22:06:39,533.95
2022-03-31 22:06:44,533.95
2022-03-31 22:06:49,533.88
2022-03-31 22:06:54,523.1713102030271
2022-03-31 22:06:59,533.82
2022-03-31 22:07:04,533.78
2022-03-31 22:07:09,533.78
2022-03-31 22:07:14,533.66
2022-03-31 22:07:19,533.59
2022-03-31 22:07:24,533.52
2022-03-31 22:07:29,533.49
2022-03-31 22:07:34,533.42
2022-03-31 22:07:39,533.36
2022-03-31 22:07:44,533.27
2022-03-31 22:07:49,533.2
2022-03-31 22:07:54,533.13
2022-03-31 22:07:59,533.07
2022-03-31 22:08:04,532.97
2022-03-31 22:08:09,532.91
2022-03-31 22:08:14,523.2320362129276
2022-03-31 22:08:19,532.78
2022-03-31 22:08:24,532.75
2022-03-31 22:08:29,532.75
2022-03-31 22:08:34,532.62
2022-03-31 22:08:39,532.56
2022-03-31 22:08:44,532.56
2022-03-31 22:08:49,523.2667107077431
2022-03-31 22:08:54,532.4
2022-03-31 22:08:59,532.33
2022-03-31 22:09:04,532.27
2022-03-31 22:09:09,532.33
2022-03-31 22:09:14,532.27
2022-03-31 22:09:19,532.27
2022-03-31 22:09:24,532.24
2022-03-31 22:09:29,532.27
2022-03-31 22:09:34,532.24
2022-03-31 22:09:39,523.3214620376718
2022-03-31 22:09:44,532.17
2022-03-31 22:09:49,532.17
2022-03-31 22:09:54,532.17
2022-03-31 22:09:59,532.17
2022-03-31 22:10:04,532.17
2022-03-31 22:10:09,532.17
2022-03-31 22:10:14,532.17
2022-03-31 22:10:19,532.24
2022-03-31 22:10:24,532.24
2022-03-31 22:10:29,532.24
2022-03-31 22:10:34,532.27
2022-03-31 22:10:39,532.27
2022-03-31 22:10:44,532.27
2022-03-31 22:10:49,532.34
2022-03-31 22:10:54,532.34
2022-03-31 22:10:59,532.4
2022-03-31 22:11:04,532.46
2022-03-31 22:11:09,532.46
2022-03-31 22:11:14,523.430573858728
2022-03-31 22:11:19,532.56
2022-03-31 22:11:24,532.63
2022-03-31 22:11:29,532.75
2022-03-31 22:11:34,532.79
2022-03-31 22:11:39,532.92
2022-03-31 22:11:44,523.463285194865
2022-03-31 22:11:49,533.08
2022-03-31 22:11:54,533.2
2022-03-31 22:11:59,533.3
2022-03-31 22:12:04,533.37
2022-03-31 22:12:09,533.53
2022-03-31 22:12:14,533.66
2022-03-31 22:12:19,523.4986541415055
2022-03-31 22:12:24,533.88
2022-03-31 22:12:29,534.04
2022-03-31 22:12:34,534.11
2022-03-31 22:12:39,534.3
2022-03-31 22:12:44,534.4
2022-03-31 22:12:49,534.53
2022-03-31 22:12:54,534.69
2022-03-31 22:12:59,523.533889045471
2022-03-31 22:13:04,534.98
2022-03-31 22:13:09,535.07
2022-03-31 22:13:14,535.27
2022-03-31 22:13:19,535.37
2022-03-31 22:13:24,535.56
2022-03-31 22:13:29,535.66
2022-03-31 22:13:34,535.85
2022-03-31 22:13:39,536.01
2022-03-31 22:13:44,536.11
2022-03-31 22:13:49,536.36
2022-03-31 22:13:54,536.53
2022-03-31 22:13:59,523.5725056529872
2022-03-31 22:14:04,536.82
2022-03-31 22:14:09,536.98
2022-03-31 22:14:14,537.14
2022-03-31 22:14:19,523.5806661596722
2022-03-31 22:14:24,537.43
2022-03-31 22:14:29,537.56
2022-03-31 22:14:34,537.72
2022-03-31 22:14:39,537.85
2022-03-31 22:14:44,538.01
2022-03-31 22:14:49,538.17
2022-03-31 22:14:54,523.5882227249424
2022-03-31 22:14:59,538.43
2022-03-31 22:15:04,538.59
2022-03-31 22:15:09,523.588591056421
2022-03-31 22:15:14,538.82
2022-03-31 22:15:19,538.88
2022-03-31 22:15:24,539.05
2022-03-31 22:15:29,539.17
2022-03-31 22:15:34,539.27
2022-03-31 22:15:39,539.4
2022-03-31 22:15:44,539.5
2022-03-31 22:15:49,539.56
2022-03-31 22:15:54,539.73
2022-03-31 22:15:59,523.575832805976
2022-03-31 22:16:04,539.92
2022-03-31 22:16:09,540.02
2022-03-31 22:16:14,540.08
2022-03-31 22:16:19,540.15
2022-03-31 22:16:24,540.21
2022-03-31 22:16:29,540.37
2022-03-31 22:16:34,540.44
2022-03-31 22:16:39,540.5
2022-03-31 22:16:44,540.54
2022-03-31 22:16:49,540.73
2022-03-31 22:16:54,540.73
2022-03-31 22:16:59,540.83
2022-03-31 22:17:04,540.89
2022-03-31 22:17:09,540.96
2022-03-31 22:17:14,541.06
2022-03-31 22:17:19,541.06
2022-03-31 22:17:24,541.12
2022-03-31 22:17:29,541.19
2022-03-31 22:17:34,541.25
2022-03-31 22:17:39,541.35
2022-03-31 22:17:44,541.29
2022-03-31 22:17:49,541.41
2022-03-31 22:17:54,541.48
2022-03-31 22:17:59,541.48
2022-03-31 22:18:04,541.54
2022-03-31 22:18:09,541.54
2022-03-31 22:18:14,541.58
2022-03-31 22:18:19,523.4242197053721
2022-03-31 22:18:24,541.58
2022-03-31 22:18:29,541.58
2022-03-31 22:18:34,541.64
2022-03-31 22:18:39,541.71
2022-03-31 22:18:44,541.64
2022-03-31 22:18:49,541.65
2022-03-31 22:18:54,541.65
2022-03-31 22:18:59,523.3543818313753
2022-03-31 22:19:04,541.65
2022-03-31 22:19:09,523.3353901329389
2022-03-31 22:19:14,541.64
2022-03-31 22:19:19,541.64
2022-03-31 22:19:24,541.64
2022-03-31 22:19:29,541.58
2022-03-31 22:19:34,541.64
2022-03-31 22:19:39,541.58
2022-03-31 22:19:44,523.2645287104616
2022-03-31 22:19:49,541.48
2022-03-31 22:19:54,541.55
2022-03-31 22:19:59,541.42
2022-03-31 22:20:04,541.42
2022-03-31 22:20:09,541.42
2022-03-31 22:20:14,541.36
2022-03-31 22:20:19,541.29
2022-03-31 22:20:24,541.26
2022-03-31 22:20:29,541.19
2022-03-31 22:20:34,541.13
2022-03-31 22:20:39,541.12
2022-03-31 22:20:44,541.06
2022-03-31 22:20:49,541.06
2022-03-31 22:20:54,540.96
2022-03-31 22:20:59,540.9
2022-03-31 22:21:04,540.83
2022-03-31 22:21:09,540.77
2022-03-31 22:21:14,540.77
2022-03-31 22:21:19,523.0433951942942
2022-03-31 22:21:24,540.61
2022-03-31 22:21:29,540.54
2022-03-31 22:21:34,540.51
2022-03-31 22:21:39,540.44
2022-03-31 22:21:44,540.31
2022-03-31 22:21:49,540.25
2022-03-31 22:21:54,540.22
2022-03-31 22:21:59,522.9406856896596
2022-03-31 22:22:04,539.99
2022-03-31 22:22:09,539.87
2022-03-31 22:22:14,539.73
2022-03-31 22:22:19,539.64
2022-03-31 22:22:24,539.51
2022-03-31 22:22:29,539.41
2022-03-31 22:22:34,522.8476013755255
2022-03-31 22:22:39,539.18
2022-03-31 22:22:44,539.05
2022-03-31 22:22:49,538.96
2022-03-31 22:22:54,538.83
2022-03-31 22:22:59,538.7
2022-03-31 22:23:04,538.54
2022-03-31 22:23:09,538.37
2022-03-31 22:23:14,538.31
2022-03-31 22:23:19,522.7249215346181
2022-03-31 22:23:24,538.02
2022-03-31 22:23:29,537.86
2022-03-31 22:23:34,537.73
2022-03-31 22:23:39,522.6697372495265
2022-03-31 22:23:44,537.44
2022-03-31 22:23:49,537.34
2022-03-31 22:23:54,537.21
2022-03-31 22:23:59,537.05
2022-03-31 22:24:04,522.6005155989836
2022-03-31 22:24:09,536.82
2022-03-31 22:24:14,536.63
2022-03-31 22:24:19,522.5589711745914
2022-03-31 22:24:24,536.47
2022-03-31 22:24:29,536.37
2022-03-31 22:24:34,536.31
2022-03-31 22:24:39,536.18
2022-03-31 22:24:44,536.11
2022-03-31 22:24:49,522.4761643965828
2022-03-31 22:24:54,522.4624283314064
2022-03-31 22:24:59,535.89
2022-03-31 22:25:04,535.86
2022-03-31 22:25:09,535.73
2022-03-31 22:25:14,535.66
2022-03-31 22:25:19,522.3941734235494
2022-03-31 22:25:24,535.57
2022-03-31 22:25:29,535.57
2022-03-31 22:25:34,535.44
2022-03-31 22:25:39,535.44
2022-03-31 22:25:44,535.37
2022-03-31 22:25:49,535.34
2022-03-31 22:25:54,535.35
2022-03-31 22:25:59,535.21
2022-03-31 22:26:04,522.2738708386729
2022-03-31 22:26:09,535.15
2022-03-31 22:26:14,535.09
2022-03-31 22:26:19,535.06
2022-03-31 22:26:24,534.99
2022-03-31 22:26:29,534.93
2022-03-31 22:26:34,522.1962278587677
2022-03-31 22:26:39,534.77
2022-03-31 22:26:44,534.7
2022-03-31 22:26:49,534.58
2022-03-31 22:26:54,534.54
2022-03-31 22:26:59,534.41
2022-03-31 22:27:04,534.32
2022-03-31 22:27:09,534.26
2022-03-31 22:27:14,534.13
2022-03-31 22:27:19,534.03
2022-03-31 22:27:24,522.0730003271236
2022-03-31 22:27:29,533.84
2022-03-31 22:27:34,533.68
2022-03-31 22:27:39,533.55
2022-03-31 22:27:44,533.45
2022-03-31 22:27:49,533.32
2022-03-31 22:27:54,533.29
2022-03-31 22:27:59,533.16
2022-03-31 22:28:04,521.9813850671311
2022-03-31 22:28:09,533.01
2022-03-31 22:28:14,521.9596117142083
2022-03-31 22:28:19,532.78
2022-03-31 22:28:24,521.938329631503
2022-03-31 22:28:29,532.59
2022-03-31 22:28:34,532.52
2022-03-31 22:28:39,532.43
2022-03-31 22:28:44,532.3
2022-03-31 22:28:49,521.8874019808688
2022-03-31 22:28:54,532.14
2022-03-31 22:28:59,521.8679932426375
2022-03-31 22:29:04,521.8585048567306
2022-03-31 22:29:09,531.91
2022-03-31 22:29:14,531.79
2022-03-31 22:29:19,531.75
2022-03-31 22:29:24,531.63
2022-03-31 22:29:29,531.56
2022-03-31 22:29:34,531.5
2022-03-31 22:29:39,531.46
2022-03-31 22:29:44,531.4
2022-03-31 22:29:49,531.34
2022-03-31 22:29:54,531.24
2022-03-31 22:29:59,531.18
2022-03-31 22:30:04,531.05
2022-03-31 22:30:09,530.98
2022-03-31 22:30:14,530.98
2022-03-31 22:30:19,521.7351875084519
2022-03-31 22:30:24,521.7283204342195
2022-03-31 22:30:29,530.76
2022-03-31 22:30:34,530.76
2022-03-31 22:30:39,530.73
2022-03-31 22:30:44,530.73
2022-03-31 22:30:49,530.67
2022-03-31 22:30:54,521.6907332512889
2022-03-31 22:30:59,530.61
2022-03-31 22:31:04,530.61
2022-03-31 22:31:09,521.6742503703827
2022-03-31 22:31:14,530.54
2022-03-31 22:31:19,530.48
2022-03-31 22:31:24,530.48
2022-03-31 22:31:29,530.48
2022-03-31 22:31:34,530.48
2022-03-31 22:31:39,530.48
2022-03-31 22:31:44,530.48
2022-03-31 22:31:49,530.48
2022-03-31 22:31:54,530.55
2022-03-31 22:31:59,521.6303106135948
2022-03-31 22:32:04,521.6268400407879
2022-03-31 22:32:09,530.61
2022-03-31 22:32:14,530.55
2022-03-31 22:32:19,530.61
2022-03-31 22:32:24,530.68
2022-03-31 22:32:29,521.6119817495764
2022-03-31 22:32:34,530.74
2022-03-31 22:32:39,530.78
2022-03-31 22:32:44,530.91
2022-03-31 22:32:49,530.97
2022-03-31 22:32:54,531.0
2022-03-31 22:32:59,521.5996005925665
2022-03-31 22:33:04,521.598110803864
2022-03-31 22:33:09,521.5967841468633
2022-03-31 22:33:14,531.42
2022-03-31 22:33:19,531.52
2022-03-31 22:33:24,531.65
2022-03-31 22:33:29,531.81
2022-03-31 22:33:34,531.88
2022-03-31 22:33:39,532.04
2022-03-31 22:33:44,532.17
2022-03-31 22:33:49,532.33
2022-03-31 22:33:54,532.46
2022-03-31 22:33:59,532.62
2022-03-31 22:34:04,532.82
2022-03-31 22:34:09,532.91
2022-03-31 22:34:14,533.08
2022-03-31 22:34:19,521.5951731870438
2022-03-31 22:34:24,533.49
2022-03-31 22:34:29,533.59
2022-03-31 22:34:34,533.79
2022-03-31 22:34:39,534.01
2022-03-31 22:34:44,534.11
2022-03-31 22:34:49,521.6040505403357
2022-03-31 22:34:54,534.47
2022-03-31 22:34:59,534.63
2022-03-31 22:35:04,534.89
2022-03-31 22:35:09,535.05
2022-03-31 22:35:14,535.21
2022-03-31 22:35:19,535.4
2022-03-31 22:35:24,521.6215411880435
2022-03-31 22:35:29,521.6246614405698
2022-03-31 22:35:34,536.02
2022-03-31 22:35:39,536.18
2022-03-31 22:35:44,536.44
2022-03-31 22:35:49,536.6
2022-03-31 22:35:54,536.82
2022-03-31 22:35:59,536.99
2022-03-31 22:36:04,537.28
2022-03-31 22:36:09,537.5
2022-03-31 22:36:14,537.73
2022-03-31 22:36:19,537.92
2022-03-31 22:36:24,538.15
2022-03-31 22:36:29,538.31
2022-03-31 22:36:34,538.53
2022-03-31 22:36:39,538.73
2022-03-31 22:36:44,538.96
2022-03-31 22:36:49,539.12
2022-03-31 22:36:54,539.28
2022-03-31 22:36:59,539.54
2022-03-31 22:37:04,521.7129629994813
2022-03-31 22:37:09,539.86
2022-03-31 22:37:14,521.7254192037053
2022-03-31 22:37:19,540.15
2022-03-31 22:37:24,540.31
2022-03-31 22:37:29,540.5
2022-03-31 22:37:34,540.66
2022-03-31 22:37:39,540.79
2022-03-31 22:37:44,540.95
2022-03-31 22:37:49,541.11
2022-03-31 22:37:54,541.24
2022-03-31 22:37:59,541.34
2022-03-31 22:38:04,541.47
2022-03-31 22:38:09,541.6
2022-03-31 22:38:14,541.76
2022-03-31 22:38:19,541.82
2022-03-31 22:38:24,541.92
2022-03-31 22:38:29,542.11
2022-03-31 22:38:34,542.14
2022-03-31 22:38:39,542.21
2022-03-31 22:38:44,542.33
2022-03-31 22:38:49,542.37
2022-03-31 22:38:54,542.5
2022-03-31 22:38:59,542.63
2022-03-31 22:39:04,542.66
2022-03-31 22:39:09,542.72
2022-03-31 22:39:14,542.72
2022-03-31 22:39:19,542.78
2022-03-31 22:39:24,542.85
2022-03-31 22:39:29,542.94
2022-03-31 22:39:34,543.01
2022-03-31 22:39:39,543.0
2022-03-31 22:39:44,543.07
2022-03-31 22:39:49,543.07
2022-03-31 22:39:54,543.13
2022-03-31 22:39:59,522.0147900771667
2022-03-31 22:40:04,543.16
2022-03-31 22:40:09,543.16
2022-03-31 22:40:14,543.23
2022-03-31 22:40:19,543.29
2022-03-31 22:40:24,543.29
2022-03-31 22:40:29,522.0839137638965
2022-03-31 22:40:34,543.35
2022-03-31 22:40:39,543.38
2022-03-31 22:40:44,543.38
2022-03-31 22:40:49,543.38
2022-03-31 22:40:54,543.38
2022-03-31 22:40:59,543.45
2022-03-31 22:41:04,543.45
2022-03-31 22:41:09,522.1837202931528
2022-03-31 22:41:14,522.1968034741776
2022-03-31 22:41:19,543.51
2022-03-31 22:41:24,543.51
2022-03-31 22:41:29,543.51
2022-03-31 22:41:34,543.51
2022-03-31 22:41:39,543.51
2022-03-31 22:41:44,543.44
2022-03-31 22:41:49,543.44
2022-03-31 22:41:54,543.44
2022-03-31 22:41:59,543.38
2022-03-31 22:42:04,543.38
2022-03-31 22:42:09,543.35
2022-03-31 22:42:14,543.35
2022-03-31 22:42:19,543.28
2022-03-31 22:42:24,543.28
2022-03-31 22:42:29,522.4089620022702
2022-03-31 22:42:34,543.15
2022-03-31 22:42:39,543.15
2022-03-31 22:42:44,522.4549227711443
2022-03-31 22:42:49,543.05
2022-03-31 22:42:54,542.99
2022-03-31 22:42:59,542.99
2022-03-31 22:43:04,542.83
2022-03-31 22:43:09,542.83
2022-03-31 22:43:14,542.77
2022-03-31 22:43:19,542.7
2022-03-31 22:43:24,522.5831224473077
2022-03-31 22:43:29,542.61
2022-03-31 22:43:34,542.48
2022-03-31 22:43:39,542.48
2022-03-31 22:43:44,542.41
2022-03-31 22:43:49,542.25
2022-03-31 22:43:54,542.25
2022-03-31 22:43:59,542.12
2022-03-31 22:44:04,542.09
2022-03-31 22:44:09,522.736996855416
2022-03-31 22:44:14,541.9
2022-03-31 22:44:19,522.7725493150336
2022-03-31 22:44:24,541.74
2022-03-31 22:44:29,541.61
2022-03-31 22:44:34,541.51
2022-03-31 22:44:39,541.51
2022-03-31 22:44:44,541.32
2022-03-31 22:44:49,541.29
2022-03-31 22:44:54,541.29
2022-03-31 22:44:59,541.16
2022-03-31 22:45:04,541.1
2022-03-31 22:45:09,541.0
2022-03-31 22:45:14,541.0
2022-03-31 22:45:19,540.88
2022-03-31 22:45:24,540.81
2022-03-31 22:45:29,540.78
2022-03-31 22:45:34,540.65
2022-03-31 22:45:39,540.59
2022-03-31 22:45:44,540.56
2022-03-31 22:45:49,540.43
2022-03-31 22:45:54,540.43
2022-03-31 22:45:59,540.3
2022-03-31 22:46:04,540.27
2022-03-31 22:46:09,540.14
2022-03-31 22:46:14,540.14
2022-03-31 22:46:19,523.2299541762425
2022-03-31 22:46:24,539.92
2022-03-31 22:46:29,539.85
2022-03-31 22:46:34,539.76
2022-03-31 22:46:39,539.69
2022-03-31 22:46:44,539.63
2022-03-31 22:46:49,523.3508260739586
2022-03-31 22:46:54,539.47
2022-03-31 22:46:59,539.4
2022-03-31 22:47:04,539.28
2022-03-31 22:47:09,539.18
2022-03-31 22:47:14,539.18
2022-03-31 22:47:19,539.05
2022-03-31 22:47:24,539.02
2022-03-31 22:47:29,538.89
2022-03-31 22:47:34,523.5348701504824
2022-03-31 22:47:39,538.76
2022-03-31 22:47:44,538.67
2022-03-31 22:47:49,538.54
2022-03-31 22:47:54,538.54
2022-03-31 22:47:59,538.38
2022-03-31 22:48:04,538.32
2022-03-31 22:48:09,538.22
2022-03-31 22:48:14,538.15
2022-03-31 22:48:19,538.09
2022-03-31 22:48:24,523.7412710000078
2022-03-31 22:48:29,537.87
2022-03-31 22:48:34,537.8
2022-03-31 22:48:39,537.74
2022-03-31 22:48:44,523.8238665186534
2022-03-31 22:48:49,537.58
2022-03-31 22:48:54,537.52
2022-03-31 22:48:59,537.42
2022-03-31 22:49:04,537.42
2022-03-31 22:49:09,537.29
2022-03-31 22:49:14,537.23
2022-03-31 22:49:19,537.19
2022-03-31 22:49:24,537.13
2022-03-31 22:49:29,537.0
2022-03-31 22:49:34,537.0
2022-03-31 22:49:39,536.91
2022-03-31 22:49:44,536.84
2022-03-31 22:49:49,536.78
2022-03-31 22:49:54,536.78
2022-03-31 22:49:59,524.130396955825
2022-03-31 22:50:04,536.68
2022-03-31 22:50:09,536.62
2022-03-31 22:50:14,524.1906101105802
2022-03-31 22:50:19,536.49
2022-03-31 22:50:24,524.2304679847413
2022-03-31 22:50:29,536.46
2022-03-31 22:50:34,536.5
2022-03-31 22:50:39,536.46
2022-03-31 22:50:44,536.47
2022-03-31 22:50:49,536.4
2022-03-31 22:50:54,536.4
2022-03-31 22:50:59,536.34
2022-03-31 22:51:04,536.4
2022-03-31 22:51:09,536.41
2022-03-31 22:51:14,536.4
2022-03-31 22:51:19,536.41
2022-03-31 22:51:24,536.41
2022-03-31 22:51:29,536.34
2022-03-31 22:51:34,536.41
2022-03-31 22:51:39,524.5200674324556
2022-03-31 22:51:44,536.48
2022-03-31 22:51:49,536.48
2022-03-31 22:51:54,536.48
2022-03-31 22:51:59,536.57
2022-03-31 22:52:04,536.58
2022-03-31 22:52:09,536.58
2022-03-31 22:52:14,536.71
2022-03-31 22:52:19,536.71
2022-03-31 22:52:24,524.683622237945
2022-03-31 22:52:29,536.87
2022-03-31 22:52:34,524.7186943206304
2022-03-31 22:52:39,536.94
2022-03-31 22:52:44,537.0
2022-03-31 22:52:49,537.1
2022-03-31 22:52:54,537.17
2022-03-31 22:52:59,537.23
2022-03-31 22:53:04,537.27
2022-03-31 22:53:09,537.33
2022-03-31 22:53:14,537.4
2022-03-31 22:53:19,537.53
2022-03-31 22:53:24,537.56
2022-03-31 22:53:29,537.62
2022-03-31 22:53:34,537.69
2022-03-31 22:53:39,537.79
2022-03-31 22:53:44,537.85
2022-03-31 22:53:49,537.85
2022-03-31 22:53:54,537.98
2022-03-31 22:53:59,537.98
2022-03-31 22:54:04,525.0092333867582
2022-03-31 22:54:09,538.08
2022-03-31 22:54:14,538.21
2022-03-31 22:54:19,538.21
2022-03-31 22:54:24,538.28
2022-03-31 22:54:29,538.3
2022-03-31 22:54:34,538.37
2022-03-31 22:54:39,538.37
2022-03-31 22:54:44,538.44
2022-03-31 22:54:49,538.5
2022-03-31 22:54:54,538.57
2022-03-31 22:54:59,538.57
2022-03-31 22:55:04,538.57
2022-03-31 22:55:09,538.6
2022-03-31 22:55:14,538.6
2022-03-31 22:55:19,525.2097345916806
2022-03-31 22:55:24,538.66
2022-03-31 22:55:29,538.73
2022-03-31 22:55:34,538.73
2022-03-31 22:55:39,538.73
2022-03-31 22:55:44,538.79
2022-03-31 22:55:49,538.8
2022-03-31 22:55:54,538.83
2022-03-31 22:55:59,538.89
2022-03-31 22:56:04,538.89
2022-03-31 22:56:09,525.3179859635031
2022-03-31 22:56:14,525.3275757696496
2022-03-31 22:56:19,538.95
2022-03-31 22:56:24,539.02
2022-03-31 22:56:29,539.02
2022-03-31 22:56:34,539.02
2022-03-31 22:56:39,539.02
2022-03-31 22:56:44,539.08
2022-03-31 22:56:49,539.08
2022-03-31 22:56:54,539.12
2022-03-31 22:56:59,539.08
2022-03-31 22:57:04,539.08
2022-03-31 22:57:09,539.11
2022-03-31 22:57:14,539.11
2022-03-31 22:57:19,539.12
2022-03-31 22:57:24,539.18
2022-03-31 22:57:29,539.12
2022-03-31 22:57:34,525.4474613535523
2022-03-31 22:57:39,525.4527320392685
2022-03-31 22:57:44,539.18
2022-03-31 22:57:49,539.24
2022-03-31 22:57:54,539.24
2022-03-31 22:57:59,539.24
2022-03-31 22:58:04,539.24
2022-03-31 22:58:09,539.24
2022-03-31 22:58:14,539.31
2022-03-31 22:58:19,539.24
2022-03-31 22:58:24,539.3
2022-03-31 22:58:29,539.24
2022-03-31 22:58:34,539.3
2022-03-31 22:58:39,539.3
2022-03-31 22:58:44,539.24
2022-03-31 22:58:49,539.3
2022-03-31 22:58:54,539.24
2022-03-31 22:58:59,539.23
2022-03-31 22:59:04,539.3
2022-03-31 22:59:09,539.23
2022-03-31 22:59:14,525.4991844213682
2022-03-31 22:59:19,539.23
2022-03-31 22:59:24,539.3
2022-03-31 22:59:29,539.3
2022-03-31 22:59:34,525.4963229913897
2022-03-31 22:59:39,539.23
2022-03-31 22:59:44,539.23
2022-03-31 22:59:49,539.23
2022-03-31 22:59:54,539.23
2022-03-31 22:59:59,539.23
2022-03-31 23:00:04,539.23
2022-03-31 23:00:09,539.17
2022-03-31 23:00:14,539.23
2022-03-31 23:00:19,539.17
2022-03-31 23:00:24,539.17
2022-03-31 23:00:29,539.17
2022-03-31 23:00:34,539.17
2022-03-31 23:00:39,539.17
2022-03-31 23:00:44,539.1
2022-03-31 23:00:49,539.1
2022-03-31 23:00:54,539.1
2022-03-31 23:00:59,539.1
2022-03-31 23:01:04,539.1
2022-03-31 23:01:09,539.1
2022-03-31 23:01:14,539.1
2022-03-31 23:01:19,525.4165969779197
2022-03-31 23:01:24,525.4102782023758
2022-03-31 23:01:29,539.1
2022-03-31 23:01:34,539.07
2022-03-31 23:01:39,539.07
2022-03-31 23:01:44,539.1
2022-03-31 23:01:49,539.07
2022-03-31 23:01:54,539.1
2022-03-31 23:01:59,539.1
2022-03-31 23:02:04,539.11
2022-03-31 23:02:09,539.1
2022-03-31 23:02:14,539.11
2022-03-31 23:02:19,539.17
2022-03-31 23:02:24,539.17
2022-03-31 23:02:29,539.24
2022-03-31 23:02:34,539.24
2022-03-31 23:02:39,525.2909160489797
2022-03-31 23:02:44,539.24
2022-03-31 23:02:49,539.3
2022-03-31 23:02:54,539.3
2022-03-31 23:02:59,539.3
2022-03-31 23:03:04,539.34
2022-03-31 23:03:09,539.3
2022-03-31 23:03:14,539.34
2022-03-31 23:03:19,539.34
2022-03-31 23:03:24,539.34
2022-03-31 23:03:29,539.34
2022-03-31 23:03:34,539.34
2022-03-31 23:03:39,539.4
2022-03-31 23:03:44,539.34
2022-03-31 23:03:49,539.34
2022-03-31 23:03:54,539.34
2022-03-31 23:03:59,525.118043491254
2022-03-31 23:04:04,539.46
2022-03-31 23:04:09,539.46
2022-03-31 23:04:14,539.46
2022-03-31 23:04:19,539.46
2022-03-31 23:04:24,539.4
2022-03-31 23:04:29,539.46
2022-03-31 23:04:34,539.53
2022-03-31 23:04:39,539.53
2022-03-31 23:04:44,539.46
2022-03-31 23:04:49,539.53
2022-03-31 23:04:54,539.59
2022-03-31 23:04:59,539.53
2022-03-31 23:05:04,539.52
2022-03-31 23:05:09,539.53
2022-03-31 23:05:14,524.9203405011165
2022-03-31 23:05:19,539.59
2022-03-31 23:05:24,539.52
2022-03-31 23:05:29,539.52
2022-03-31 23:05:34,539.59
2022-03-31 23:05:39,539.52
2022-03-31 23:05:44,539.59
2022-03-31 23:05:49,539.59
2022-03-31 23:05:54,539.52
2022-03-31 23:05:59,539.52
2022-03-31 23:06:04,524.7727682703833
2022-03-31 23:06:09,524.7574117000207
2022-03-31 23:06:14,539.52
2022-03-31 23:06:19,539.52
2022-03-31 23:06:24,539.58
2022-03-31 23:06:29,539.58
2022-03-31 23:06:34,539.58
2022-03-31 23:06:39,539.61
2022-03-31 23:06:44,539.61
2022-03-31 23:06:49,539.58
2022-03-31 23:06:54,539.61
2022-03-31 23:06:59,539.58
2022-03-31 23:07:04,539.58
2022-03-31 23:07:09,539.61
2022-03-31 23:07:14,539.61
2022-03-31 23:07:19,539.6
2022-03-31 23:07:24,524.5160492361454
2022-03-31 23:07:29,539.67
2022-03-31 23:07:34,524.4825095797233
2022-03-31 23:07:39,539.67
2022-03-31 23:07:44,539.67
2022-03-31 23:07:49,539.73
2022-03-31 23:07:54,524.4146382899885
2022-03-31 23:07:59,539.73
2022-03-31 23:08:04,539.73
2022-03-31 23:08:09,539.73
2022-03-31 23:08:14,539.73
2022-03-31 23:08:19,539.79
2022-03-31 23:08:24,539.79
2022-03-31 23:08:29,539.81
2022-03-31 23:08:34,524.2761720896592
2022-03-31 23:08:39,539.78
2022-03-31 23:08:44,539.78
2022-03-31 23:08:49,539.81
2022-03-31 23:08:54,539.78
2022-03-31 23:08:59,539.78
2022-03-31 23:09:04,539.81
2022-03-31 23:09:09,539.78
2022-03-31 23:09:14,539.81
2022-03-31 23:09:19,539.81
2022-03-31 23:09:24,539.81
2022-03-31 23:09:29,524.0814405668416
2022-03-31 23:09:34,539.78
2022-03-31 23:09:39,524.0456753607137
2022-03-31 23:09:44,539.81
2022-03-31 23:09:49,539.81
2022-03-31 23:09:54,523.9918994991791
2022-03-31 23:09:59,539.88
2022-03-31 23:10:04,539.81
2022-03-31 23:10:09,539.87
2022-03-31 23:10:14,539.94
2022-03-31 23:10:19,539.87
2022-03-31 23:10:24,539.94
2022-03-31 23:10:29,539.93
2022-03-31 23:10:34,539.93
2022-03-31 23:10:39,539.93
2022-03-31 23:10:44,539.93
2022-03-31 23:10:49,540.0
2022-03-31 23:10:54,539.93
2022-03-31 23:10:59,540.0
2022-03-31 23:11:04,539.93
2022-03-31 23:11:09,540.0
2022-03-31 23:11:14,540.0
2022-03-31 23:11:19,540.06
2022-03-31 23:11:24,540.0
2022-03-31 23:11:29,540.0
2022-03-31 23:11:34,540.06
2022-03-31 23:11:39,540.06
2022-03-31 23:11:44,540.0
2022-03-31 23:11:49,540.0
2022-03-31 23:11:54,540.07
2022-03-31 23:11:59,523.5447335234539
2022-03-31 23:12:04,540.06
2022-03-31 23:12:09,540.06
2022-03-31 23:12:14,523.4920503563001
2022-03-31 23:12:19,540.06
2022-03-31 23:12:24,540.1
2022-03-31 23:12:29,540.06
2022-03-31 23:12:34,540.07
2022-03-31 23:12:39,540.1
2022-03-31 23:12:44,540.06
2022-03-31 23:12:49,540.06
2022-03-31 23:12:54,540.07
2022-03-31 23:12:59,540.07
2022-03-31 23:13:04,540.06
2022-03-31 23:13:09,540.0
2022-03-31 23:13:14,540.0
2022-03-31 23:13:19,540.0
2022-03-31 23:13:24,523.2515956558113
2022-03-31 23:13:29,539.87
2022-03-31 23:13:34,539.81
2022-03-31 23:13:39,539.87
2022-03-31 23:13:44,523.1846542399496
2022-03-31 23:13:49,539.81
2022-03-31 23:13:54,539.81
2022-03-31 23:13:59,539.77
2022-03-31 23:14:04,539.65
2022-03-31 23:14:09,539.59
2022-03-31 23:14:14,539.58
2022-03-31 23:14:19,539.59
2022-03-31 23:14:24,539.49
2022-03-31 23:14:29,539.42
2022-03-31 23:14:34,539.3
2022-03-31 23:14:39,539.26
2022-03-31 23:14:44,539.2
2022-03-31 23:14:49,539.13
2022-03-31 23:14:54,539.07
2022-03-31 23:14:59,538.97
2022-03-31 23:15:04,538.84
2022-03-31 23:15:09,538.75
2022-03-31 23:15:14,538.62
2022-03-31 23:15:19,538.52
2022-03-31 23:15:24,538.46
2022-03-31 23:15:29,538.33
2022-03-31 23:15:34,538.27
2022-03-31 23:15:39,538.17
2022-03-31 23:15:44,538.04
2022-03-31 23:15:49,537.95
2022-03-31 23:15:54,537.82
2022-03-31 23:15:59,537.75
2022-03-31 23:16:04,522.7410918956383
2022-03-31 23:16:09,537.53
2022-03-31 23:16:14,537.49
2022-03-31 23:16:19,537.43
2022-03-31 23:16:24,537.37
2022-03-31 23:16:29,537.24
2022-03-31 23:16:34,537.21
2022-03-31 23:16:39,537.14
2022-03-31 23:16:44,537.01
2022-03-31 23:16:49,536.92
2022-03-31 23:16:54,522.5945017131401
2022-03-31 23:16:59,536.79
2022-03-31 23:17:04,536.69
2022-03-31 23:17:09,536.63
2022-03-31 23:17:14,522.537786662833
2022-03-31 23:17:19,536.5
2022-03-31 23:17:24,536.4
2022-03-31 23:17:29,536.28
2022-03-31 23:17:34,536.21
2022-03-31 23:17:39,536.12
2022-03-31 23:17:44,522.4548633463211
2022-03-31 23:17:49,535.99
2022-03-31 23:17:54,535.89
2022-03-31 23:17:59,535.89
2022-03-31 23:18:04,535.83
2022-03-31 23:18:09,535.76
2022-03-31 23:18:14,535.7
2022-03-31 23:18:19,535.6
2022-03-31 23:18:24,535.54
2022-03-31 23:18:29,535.54
2022-03-31 23:18:34,535.48
2022-03-31 23:18:39,535.38
2022-03-31 23:18:44,522.2971144860992
2022-03-31 23:18:49,535.25
2022-03-31 23:18:54,535.19
2022-03-31 23:18:59,535.16
2022-03-31 23:19:04,535.16
2022-03-31 23:19:09,535.03
2022-03-31 23:19:14,535.03
2022-03-31 23:19:19,534.93
2022-03-31 23:19:24,534.87
2022-03-31 23:19:29,534.74
2022-03-31 23:19:34,534.74
2022-03-31 23:19:39,534.68
2022-03-31 23:19:44,534.65
2022-03-31 23:19:49,534.59
2022-03-31 23:19:54,534.52
2022-03-31 23:19:59,534.45
2022-03-31 23:20:04,534.42
2022-03-31 23:20:09,534.3
2022-03-31 23:20:14,534.23
2022-03-31 23:20:19,522.0710798895824
2022-03-31 23:20:24,534.17
2022-03-31 23:20:29,534.14
2022-03-31 23:20:34,534.07
2022-03-31 23:20:39,534.01
2022-03-31 23:20:44,534.01
2022-03-31 23:20:49,533.95
2022-03-31 23:20:54,533.91
2022-03-31 23:20:59,533.85
2022-03-31 23:21:04,533.79
2022-03-31 23:21:09,533.79
2022-03-31 23:21:14,533.79
2022-03-31 23:21:19,533.72
2022-03-31 23:21:24,533.66
2022-03-31 23:21:29,533.66
2022-03-31 23:21:34,533.66
2022-03-31 23:21:39,533.66
2022-03-31 23:21:44,533.63
2022-03-31 23:21:49,521.8862543848905
2022-03-31 23:21:54,533.63
2022-03-31 23:21:59,533.63
2022-03-31 23:22:04,521.8584140841247
2022-03-31 23:22:09,533.63
2022-03-31 23:22:14,533.63
2022-03-31 23:22:19,533.66
2022-03-31 23:22:24,533.67
2022-03-31 23:22:29,533.66
2022-03-31 23:22:34,533.66
2022-03-31 23:22:39,533.66
2022-03-31 23:22:44,533.66
2022-03-31 23:22:49,521.7802199939425
2022-03-31 23:22:54,533.73
2022-03-31 23:22:59,533.79
2022-03-31 23:23:04,533.79
2022-03-31 23:23:09,533.79
2022-03-31 23:23:14,533.86
2022-03-31 23:23:19,533.92
2022-03-31 23:23:24,533.95
2022-03-31 23:23:29,534.02
2022-03-31 23:23:34,534.08
2022-03-31 23:23:39,534.15
2022-03-31 23:23:44,534.18
2022-03-31 23:23:49,534.31
2022-03-31 23:23:54,534.44
2022-03-31 23:23:59,534.53
2022-03-31 23:24:04,534.6
2022-03-31 23:24:09,534.69
2022-03-31 23:24:14,534.82
2022-03-31 23:24:19,534.98
2022-03-31 23:24:24,535.11
2022-03-31 23:24:29,535.21
2022-03-31 23:24:34,535.34
2022-03-31 23:24:39,521.6244755332355
2022-03-31 23:24:44,521.618645794001
2022-03-31 23:24:49,535.72
2022-03-31 23:24:54,535.92
2022-03-31 23:24:59,535.98
2022-03-31 23:25:04,536.14
2022-03-31 23:25:09,536.3
2022-03-31 23:25:14,536.43
2022-03-31 23:25:19,536.59
2022-03-31 23:25:24,536.72
2022-03-31 23:25:29,536.81
2022-03-31 23:25:34,537.0
2022-03-31 23:25:39,521.5620304344142
2022-03-31 23:25:44,537.26
2022-03-31 23:25:49,537.39
2022-03-31 23:25:54,537.52
2022-03-31 23:25:59,521.5449302890225
2022-03-31 23:26:04,537.77
2022-03-31 23:26:09,537.9
2022-03-31 23:26:14,538.06
2022-03-31 23:26:19,538.19
2022-03-31 23:26:24,538.35
2022-03-31 23:26:29,538.48
2022-03-31 23:26:34,538.54
2022-03-31 23:26:39,538.64
2022-03-31 23:26:44,538.77
2022-03-31 23:26:49,538.86
2022-03-31 23:26:54,538.99
2022-03-31 23:26:59,539.05
2022-03-31 23:27:04,539.09
2022-03-31 23:27:09,539.28
2022-03-31 23:27:14,539.31
2022-03-31 23:27:19,539.38
2022-03-31 23:27:24,539.5
2022-03-31 23:27:29,539.6
2022-03-31 23:27:34,539.67
2022-03-31 23:27:39,539.79
2022-03-31 23:27:44,521.4859321593804
2022-03-31 23:27:49,539.89
2022-03-31 23:27:54,540.02
2022-03-31 23:27:59,540.08
2022-03-31 23:28:04,540.18
2022-03-31 23:28:09,540.25
2022-03-31 23:28:14,521.4778889332791
2022-03-31 23:28:19,540.34
2022-03-31 23:28:24,540.47
2022-03-31 23:28:29,540.54
2022-03-31 23:28:34,540.54
2022-03-31 23:28:39,540.63
2022-03-31 23:28:44,540.7
2022-03-31 23:28:49,540.7
2022-03-31 23:28:54,540.76
2022-03-31 23:28:59,540.76
2022-03-31 23:29:04,540.82
2022-03-31 23:29:09,540.86
2022-03-31 23:29:14,540.86
2022-03-31 23:29:19,540.92
2022-03-31 23:29:24,540.92
2022-03-31 23:29:29,540.92
2022-03-31 23:29:34,540.92
2022-03-31 23:29:39,540.99
2022-03-31 23:29:44,540.99
2022-03-31 23:29:49,521.4745034490946
2022-03-31 23:29:54,541.05
2022-03-31 23:29:59,540.99
2022-03-31 23:30:04,541.05
2022-03-31 23:30:09,541.06
2022-03-31 23:30:14,541.06
2022-03-31 23:30:19,541.06
2022-03-31 23:30:24,541.05
2022-03-31 23:30:29,541.06
2022-03-31 23:30:34,521.4831368794086
2022-03-31 23:30:39,521.4844523080272
2022-03-31 23:30:44,521.4858351695864
2022-03-31 23:30:49,540.93
2022-03-31 23:30:54,540.92
2022-03-31 23:30:59,540.86
2022-03-31 23:31:04,540.76
2022-03-31 23:31:09,521.4937247104439
2022-03-31 23:31:14,540.63
2022-03-31 23:31:19,540.6
2022-03-31 23:31:24,540.54
2022-03-31 23:31:29,540.47
2022-03-31 23:31:34,540.41
2022-03-31 23:31:39,540.31
2022-03-31 23:31:44,521.5073121627767
2022-03-31 23:31:49,540.18
2022-03-31 23:31:54,540.12
2022-03-31 23:31:59,540.02
2022-03-31 23:32:04,539.96
2022-03-31 23:32:09,539.89
2022-03-31 23:32:14,539.83
2022-03-31 23:32:19,539.79
2022-03-31 23:32:24,539.73
2022-03-31 23:32:29,539.57
2022-03-31 23:32:34,539.5
2022-03-31 23:32:39,539.44
2022-03-31 23:32:44,539.37
2022-03-31 23:32:49,521.5392920268054
2022-03-31 23:32:54,539.21
2022-03-31 23:32:59,539.08
2022-03-31 23:33:04,538.99
2022-03-31 23:33:09,538.86
2022-03-31 23:33:14,538.76
2022-03-31 23:33:19,538.69
2022-03-31 23:33:24,538.53
2022-03-31 23:33:29,538.47
2022-03-31 23:33:34,538.34
2022-03-31 23:33:39,538.24
2022-03-31 23:33:44,521.5717885759508
2022-03-31 23:33:49,538.01
2022-03-31 23:33:54,537.88
2022-03-31 23:33:59,537.75
2022-03-31 23:34:04,537.66
2022-03-31 23:34:09,537.52
2022-03-31 23:34:14,537.43
2022-03-31 23:34:19,537.3
2022-03-31 23:34:24,537.2
2022-03-31 23:34:29,537.07
2022-03-31 23:34:34,536.97
2022-03-31 23:34:39,536.84
2022-03-31 23:34:44,521.6112074766384
2022-03-31 23:34:49,536.68
2022-03-31 23:34:54,536.49
2022-03-31 23:34:59,536.39
2022-03-31 23:35:04,521.624968877315
2022-03-31 23:35:09,536.2
2022-03-31 23:35:14,521.6319288619113
2022-03-31 23:35:19,535.97
2022-03-31 23:35:24,535.87
2022-03-31 23:35:29,535.74
2022-03-31 23:35:34,535.67
2022-03-31 23:35:39,521.6494935905696
2022-03-31 23:35:44,535.45
2022-03-31 23:35:49,535.35
2022-03-31 23:35:54,535.22
2022-03-31 23:35:59,535.16
2022-03-31 23:36:04,535.12
2022-03-31 23:36:09,535.05
2022-03-31 23:36:14,534.99
2022-03-31 23:36:19,534.89
2022-03-31 23:36:24,534.83
2022-03-31 23:36:29,534.69
2022-03-31 23:36:34,534.63
2022-03-31 23:36:39,534.6
2022-03-31 23:36:44,534.47
2022-03-31 23:36:49,534.47
2022-03-31 23:36:54,534.37
2022-03-31 23:36:59,534.3
2022-03-31 23:37:04,534.24
2022-03-31 23:37:09,534.18
2022-03-31 23:37:14,534.11
2022-03-31 23:37:19,521.7197752546336
2022-03-31 23:37:24,534.01
2022-03-31 23:37:29,533.88
2022-03-31 23:37:34,533.85
2022-03-31 23:37:39,533.79
2022-03-31 23:37:44,521.7367038393267
2022-03-31 23:37:49,533.65
2022-03-31 23:37:54,533.59
2022-03-31 23:37:59,533.56
2022-03-31 23:38:04,533.56
2022-03-31 23:38:09,533.5
2022-03-31 23:38:14,533.49
2022-03-31 23:38:19,533.43
2022-03-31 23:38:24,533.37
2022-03-31 23:38:29,533.33
2022-03-31 23:38:34,533.33
2022-03-31 23:38:39,533.27
2022-03-31 23:38:44,533.27
2022-03-31 23:38:49,533.2
2022-03-31 23:38:54,533.14
2022-03-31 23:38:59,521.7838771384531
2022-03-31 23:39:04,533.04
2022-03-31 23:39:09,533.04
2022-03-31 23:39:14,532.98
2022-03-31 23:39:19,521.7952265765459
2022-03-31 23:39:24,532.91
2022-03-31 23:39:29,532.85
2022-03-31 23:39:34,521.8033189824566
2022-03-31 23:39:39,532.82
2022-03-31 23:39:44,532.75
2022-03-31 23:39:49,532.69
2022-03-31 23:39:54,532.69
2022-03-31 23:39:59,521.8159240667571
2022-03-31 23:40:04,532.62
2022-03-31 23:40:09,532.56
2022-03-31 23:40:14,532.53
2022-03-31 23:40:19,532.53
2022-03-31 23:40:24,532.53
2022-03-31 23:40:29,532.46
2022-03-31 23:40:34,532.46
2022-03-31 23:40:39,532.46
2022-03-31 23:40:44,532.46
2022-03-31 23:40:49,532.4
2022-03-31 23:40:54,532.4
2022-03-31 23:40:59,532.4
2022-03-31 23:41:04,532.4
2022-03-31 23:41:09,532.4
2022-03-31 23:41:14,521.8462387498402
2022-03-31 23:41:19,532.4
2022-03-31 23:41:24,532.46
2022-03-31 23:41:29,521.8510032556787
2022-03-31 23:41:34,532.47
2022-03-31 23:41:39,532.53
2022-03-31 23:41:44,532.56
2022-03-31 23:41:49,532.53
2022-03-31 23:41:54,532.56
2022-03-31 23:41:59,532.62
2022-03-31 23:42:04,532.63
2022-03-31 23:42:09,532.63
2022-03-31 23:42:14,532.69
2022-03-31 23:42:19,532.69
2022-03-31 23:42:24,532.76
2022-03-31 23:42:29,532.76
2022-03-31 23:42:34,532.82
2022-03-31 23:42:39,532.82
2022-03-31 23:42:44,532.86
2022-03-31 23:42:49,532.86
2022-03-31 23:42:54,532.92
2022-03-31 23:42:59,532.98
2022-03-31 23:43:04,532.98
2022-03-31 23:43:09,533.05
2022-03-31 23:43:14,533.05
2022-03-31 23:43:19,533.05
2022-03-31 23:43:24,533.08
2022-03-31 23:43:29,533.08
2022-03-31 23:43:34,533.21
2022-03-31 23:43:39,533.21
2022-03-31 23:43:44,533.21
2022-03-31 23:43:49,533.28
2022-03-31 23:43:54,533.27
2022-03-31 23:43:59,533.34
2022-03-31 23:44:04,521.8832044010182
2022-03-31 23:44:09,533.34
2022-03-31 23:44:14,533.37
2022-03-31 23:44:19,533.37
2022-03-31 23:44:24,533.44
2022-03-31 23:44:29,533.44
2022-03-31 23:44:34,533.44
2022-03-31 23:44:39,521.8879737447733
2022-03-31 23:44:44,533.57
2022-03-31 23:44:49,533.5
2022-03-31 23:44:54,533.57
2022-03-31 23:44:59,533.57
2022-03-31 23:45:04,533.57
2022-03-31 23:45:09,533.6
2022-03-31 23:45:14,533.66
2022-03-31 23:45:19,533.6
2022-03-31 23:45:24,533.66
2022-03-31 23:45:29,533.73
2022-03-31 23:45:34,533.73
2022-03-31 23:45:39,533.73
2022-03-31 23:45:44,533.8
2022-03-31 23:45:49,533.8
2022-03-31 23:45:54,533.8
2022-03-31 23:45:59,533.86
2022-03-31 23:46:04,533.89
2022-03-31 23:46:09,533.89
2022-03-31 23:46:14,533.89
2022-03-31 23:46:19,521.9016807494386
2022-03-31 23:46:24,534.09
2022-03-31 23:46:29,534.03
2022-03-31 23:46:34,534.12
2022-03-31 23:46:39,534.19
2022-03-31 23:46:44,534.25
2022-03-31 23:46:49,534.32
2022-03-31 23:46:54,534.32
2022-03-31 23:46:59,534.38
2022-03-31 23:47:04,534.38
2022-03-31 23:47:09,534.42
2022-03-31 23:47:14,534.55
2022-03-31 23:47:19,534.55
2022-03-31 23:47:24,534.64
2022-03-31 23:47:29,521.9145612976661
2022-03-31 23:47:34,534.71
2022-03-31 23:47:39,534.77
2022-03-31 23:47:44,534.9
2022-03-31 23:47:49,534.9
2022-03-31 23:47:54,534.94
2022-03-31 23:47:59,535.0
2022-03-31 23:48:04,535.07
2022-03-31 23:48:09,535.13
2022-03-31 23:48:14,535.23
2022-03-31 23:48:19,535.29
2022-03-31 23:48:24,535.36
2022-03-31 23:48:29,535.42
2022-03-31 23:48:34,535.58
2022-03-31 23:48:39,535.65
2022-03-31 23:48:44,535.68
2022-03-31 23:48:49,535.81
2022-03-31 23:48:54,535.94
2022-03-31 23:48:59,521.9400318775512
2022-03-31 23:49:04,521.9418440970927
2022-03-31 23:49:09,536.17
2022-03-31 23:49:14,536.27
2022-03-31 23:49:19,536.4
2022-03-31 23:49:24,536.46
2022-03-31 23:49:29,536.56
2022-03-31 23:49:34,536.62
2022-03-31 23:49:39,536.72
2022-03-31 23:49:44,536.85
2022-03-31 23:49:49,521.9604506041574
2022-03-31 23:49:54,537.01
2022-03-31 23:49:59,537.14
2022-03-31 23:50:04,537.23
2022-03-31 23:50:09,537.36
2022-03-31 23:50:14,537.49
2022-03-31 23:50:19,537.58
2022-03-31 23:50:24,537.71
2022-03-31 23:50:29,537.81
2022-03-31 23:50:34,537.94
2022-03-31 23:50:39,538.03
2022-03-31 23:50:44,538.17
2022-03-31 23:50:49,538.23
2022-03-31 23:50:54,538.32
2022-03-31 23:50:59,538.45
2022-03-31 23:51:04,538.55
2022-03-31 23:51:09,538.62
2022-03-31 23:51:14,538.74
2022-03-31 23:51:19,538.84
2022-03-31 23:51:24,538.97
2022-03-31 23:51:29,539.03
2022-03-31 23:51:34,539.13
2022-03-31 23:51:39,539.26
2022-03-31 23:51:44,522.0307820308122
2022-03-31 23:51:49,539.42
2022-03-31 23:51:54,539.48
2022-03-31 23:51:59,522.0428197457816
2022-03-31 23:52:04,539.64
2022-03-31 23:52:09,539.8
2022-03-31 23:52:14,539.86
2022-03-31 23:52:19,539.93
2022-03-31 23:52:24,540.05
2022-03-31 23:52:29,540.15
2022-03-31 23:52:34,540.22
2022-03-31 23:52:39,540.28
2022-03-31 23:52:44,540.37
2022-03-31 23:52:49,540.44
2022-03-31 23:52:54,540.5
2022-03-31 23:52:59,540.57
2022-03-31 23:53:04,540.66
2022-03-31 23:53:09,540.73
2022-03-31 23:53:14,540.79
2022-03-31 23:53:19,522.120286608214
2022-03-31 23:53:24,540.88
2022-03-31 23:53:29,522.1316654413253
2022-03-31 23:53:34,541.08
2022-03-31 23:53:39,541.11
2022-03-31 23:53:44,541.1
2022-03-31 23:53:49,541.17
2022-03-31 23:53:54,541.3
2022-03-31 23:53:59,541.33
2022-03-31 23:54:04,541.39
2022-03-31 23:54:09,522.1812911333773
2022-03-31 23:54:14,541.58
2022-03-31 23:54:19,541.61
2022-03-31 23:54:24,541.68
2022-03-31 23:54:29,541.74
2022-03-31 23:54:34,541.84
2022-03-31 23:54:39,541.9
2022-03-31 23:54:44,541.97
2022-03-31 23:54:49,542.03
2022-03-31 23:54:54,542.09
2022-03-31 23:54:59,542.19
2022-03-31 23:55:04,542.19
2022-03-31 23:55:09,542.32
2022-03-31 23:55:14,542.35
2022-03-31 23:55:19,542.42
2022-03-31 23:55:24,542.48
2022-03-31 23:55:29,542.61
2022-03-31 23:55:34,522.3098609147495
2022-03-31 23:55:39,542.7
2022-03-31 23:55:44,542.83
2022-03-31 23:55:49,542.86
2022-03-31 23:55:54,542.93
2022-03-31 23:55:59,543.06
2022-03-31 23:56:04,543.15
2022-03-31 23:56:09,543.22
2022-03-31 23:56:14,543.28
2022-03-31 23:56:19,543.35
2022-03-31 23:56:24,543.44
2022-03-31 23:56:29,543.51
2022-03-31 23:56:34,543.57
2022-03-31 23:56:39,543.67
2022-03-31 23:56:44,543.67
2022-03-31 23:56:49,543.8
2022-03-31 23:56:54,543.8
2022-03-31 23:56:59,543.86
2022-03-31 23:57:04,543.96
2022-03-31 23:57:09,543.96
2022-03-31 23:57:14,544.02
2022-03-31 23:57:19,544.09
2022-03-31 23:57:24,522.5196070322855
2022-03-31 23:57:29,544.18
2022-03-31 23:57:34,544.18
2022-03-31 23:57:39,544.25
2022-03-31 23:57:44,544.31
2022-03-31 23:57:49,544.38
2022-03-31 23:57:54,544.41
2022-03-31 23:57:59,544.47
2022-03-31 23:58:04,522.6064598219111
2022-03-31 23:58:09,544.61
2022-03-31 23:58:14,544.67
2022-03-31 23:58:19,544.7
2022-03-31 23:58:24,544.76
2022-03-31 23:58:29,544.83
2022-03-31 23:58:34,544.83
2022-03-31 23:58:39,544.9
2022-03-31 23:58:44,544.93
2022-03-31 23:58:49,544.99
2022-03-31 23:58:54,544.99
2022-03-31 23:58:59,545.06
2022-03-31 23:59:04,545.12
2022-03-31 23:59:09,545.12
2022-03-31 23:59:14,522.7701614485754
2022-03-31 23:59:19,545.19
2022-03-31 23:59:24,545.19
2022-03-31 23:59:29,545.22
2022-03-31 23:59:34,545.22
2022-03-31 23:59:39,545.22
2022-03-31 23:59:44,545.22
2022-03-31 23:59:49,545.22
2022-03-31 23:59:54,545.22
2022-03-31 23:59:59,545.22
2022-04-01 00:00:04,545.22
2022-04-01 00:00:09,545.19
2022-04-01 00:00:14,522.9208744297334
2022-04-01 00:00:19,545.19
2022-04-01 00:00:24,545.13
2022-04-01 00:00:29,545.13
2022-04-01 00:00:34,545.13
2022-04-01 00:00:39,522.9861404465177
2022-04-01 00:00:44,545.13
2022-04-01 00:00:49,545.06
2022-04-01 00:00:54,545.06
2022-04-01 00:00:59,545.0
2022-04-01 00:01:04,545.06
2022-04-01 00:01:09,523.0661672275413
2022-04-01 00:01:14,544.93
2022-04-01 00:01:19,544.9
2022-04-01 00:01:24,544.84
2022-04-01 00:01:29,544.77
2022-04-01 00:01:34,544.68
2022-04-01 00:01:39,544.68
2022-04-01 00:01:44,544.55
2022-04-01 00:01:49,544.42
2022-04-01 00:01:54,544.39
2022-04-01 00:01:59,544.26
2022-04-01 00:02:04,544.1
2022-04-01 00:02:09,544.04
2022-04-01 00:02:14,543.87
2022-04-01 00:02:19,543.75
2022-04-01 00:02:24,543.65
2022-04-01 00:02:29,543.46
2022-04-01 00:02:34,543.36
2022-04-01 00:02:39,543.17
2022-04-01 00:02:44,543.07
2022-04-01 00:02:49,542.88
2022-04-01 00:02:54,542.72
2022-04-01 00:02:59,542.62
2022-04-01 00:03:04,542.43
2022-04-01 00:03:09,542.27
2022-04-01 00:03:14,542.14
2022-04-01 00:03:19,541.98
2022-04-01 00:03:24,541.82
2022-04-01 00:03:29,541.63
2022-04-01 00:03:34,541.53
2022-04-01 00:03:39,541.34
2022-04-01 00:03:44,523.5026657664342
2022-04-01 00:03:49,541.01
2022-04-01 00:03:54,540.88
2022-04-01 00:03:59,540.73
2022-04-01 00:04:04,540.57
2022-04-01 00:04:09,540.37
2022-04-01 00:04:14,540.21
2022-04-01 00:04:19,540.05
2022-04-01 00:04:24,539.92
2022-04-01 00:04:29,523.6343329552859
2022-04-01 00:04:34,539.57
2022-04-01 00:04:39,539.41
2022-04-01 00:04:44,539.28
2022-04-01 00:04:49,539.12
2022-04-01 00:04:54,538.96
2022-04-01 00:04:59,538.83
2022-04-01 00:05:04,538.67
2022-04-01 00:05:09,538.51
2022-04-01 00:05:14,538.32
2022-04-01 00:05:19,523.7819269109727
2022-04-01 00:05:24,538.03
2022-04-01 00:05:29,537.87
2022-04-01 00:05:34,537.74
2022-04-01 00:05:39,537.58
2022-04-01 00:05:44,537.42
2022-04-01 00:05:49,523.8708074263267
2022-04-01 00:05:54,537.13
2022-04-01 00:05:59,523.9004485415089
2022-04-01 00:06:04,536.78
2022-04-01 00:06:09,536.62
2022-04-01 00:06:14,536.49
2022-04-01 00:06:19,536.33
2022-04-01 00:06:24,536.17
2022-04-01 00:06:29,536.11
2022-04-01 00:06:34,535.95
2022-04-01 00:06:39,535.82
2022-04-01 00:06:44,535.69
2022-04-01 00:06:49,535.53
2022-04-01 00:06:54,524.063227299691
2022-04-01 00:06:59,535.37
2022-04-01 00:07:04,524.092724636249
2022-04-01 00:07:09,535.15
2022-04-01 00:07:14,535.02
2022-04-01 00:07:19,534.95
2022-04-01 00:07:24,534.86
2022-04-01 00:07:29,534.73
2022-04-01 00:07:34,534.63
2022-04-01 00:07:39,534.57
2022-04-01 00:07:44,534.44
2022-04-01 00:07:49,534.41
2022-04-01 00:07:54,534.28
2022-04-01 00:07:59,534.21
2022-04-01 00:08:04,534.15
2022-04-01 00:08:09,534.05
2022-04-01 00:08:14,533.99
2022-04-01 00:08:19,533.92
2022-04-01 00:08:24,524.3264562535343
2022-04-01 00:08:29,533.76
2022-04-01 00:08:34,533.7
2022-04-01 00:08:39,533.6
2022-04-01 00:08:44,533.54
2022-04-01 00:08:49,533.47
2022-04-01 00:08:54,533.38
2022-04-01 00:08:59,533.31
2022-04-01 00:09:04,533.25
2022-04-01 00:09:09,533.12
2022-04-01 00:09:14,533.09
2022-04-01 00:09:19,532.96
2022-04-01 00:09:24,532.89
2022-04-01 00:09:29,532.86
2022-04-01 00:09:34,532.8
2022-04-01 00:09:39,532.73
2022-04-01 00:09:44,532.67
2022-04-01 00:09:49,532.6
2022-04-01 00:09:54,532.6
2022-04-01 00:09:59,524.5956862747647
2022-04-01 00:10:04,532.44
2022-04-01 00:10:09,524.6233475647189
2022-04-01 00:10:14,532.38
2022-04-01 00:10:19,532.34
2022-04-01 00:10:24,532.28
2022-04-01 00:10:29,532.21
2022-04-01 00:10:34,532.15
2022-04-01 00:10:39,532.15
2022-04-01 00:10:44,532.08
2022-04-01 00:10:49,532.05
2022-04-01 00:10:54,532.05
2022-04-01 00:10:59,532.05
2022-04-01 00:11:04,531.92
2022-04-01 00:11:09,531.92
2022-04-01 00:11:14,531.92
2022-04-01 00:11:19,531.92
2022-04-01 00:11:24,524.8259386242024
2022-04-01 00:11:29,531.86
2022-04-01 00:11:34,531.85
2022-04-01 00:11:39,531.86
2022-04-01 00:11:44,531.91
2022-04-01 00:11:49,524.8913806129892
2022-04-01 00:11:54,531.92
2022-04-01 00:11:59,531.98
2022-04-01 00:12:04,524.9300996601094
2022-04-01 00:12:09,532.04
2022-04-01 00:12:14,532.04
2022-04-01 00:12:19,532.07
2022-04-01 00:12:24,532.08
2022-04-01 00:12:29,532.14
2022-04-01 00:12:34,532.2
2022-04-01 00:12:39,532.26
2022-04-01 00:12:44,525.0312332902854
2022-04-01 00:12:49,532.36
2022-04-01 00:12:54,532.36
2022-04-01 00:12:59,525.0683268540573
2022-04-01 00:13:04,532.49
2022-04-01 00:13:09,532.55
2022-04-01 00:13:14,532.59
2022-04-01 00:13:19,525.1170451911039
2022-04-01 00:13:24,532.78
2022-04-01 00:13:29,532.84
2022-04-01 00:13:34,532.94
2022-04-01 00:13:39,533.01
2022-04-01 00:13:44,533.17
2022-04-01 00:13:49,533.23
2022-04-01 00:13:54,533.36
2022-04-01 00:13:59,525.2118283550031
2022-04-01 00:14:04,533.59
2022-04-01 00:14:09,533.58
2022-04-01 00:14:14,533.75
2022-04-01 00:14:19,525.2578306584442
2022-04-01 00:14:24,533.91
2022-04-01 00:14:29,534.04
2022-04-01 00:14:34,534.13
2022-04-01 00:14:39,534.26
2022-04-01 00:14:44,534.33
2022-04-01 00:14:49,534.42
2022-04-01 00:14:54,534.55
2022-04-01 00:14:59,534.65
2022-04-01 00:15:04,534.72
2022-04-01 00:15:09,534.84
2022-04-01 00:15:14,534.94
2022-04-01 00:15:19,535.07
2022-04-01 00:15:24,535.17
2022-04-01 00:15:29,535.23
2022-04-01 00:15:34,535.36
2022-04-01 00:15:39,535.43
2022-04-01 00:15:44,535.52
2022-04-01 00:15:49,535.65
2022-04-01 00:15:54,535.68
2022-04-01 00:15:59,535.81
2022-04-01 00:16:04,535.88
2022-04-01 00:16:09,535.98
2022-04-01 00:16:14,536.04
2022-04-01 00:16:19,525.5124250925066
2022-04-01 00:16:24,536.2
2022-04-01 00:16:29,536.27
2022-04-01 00:16:34,536.33
2022-04-01 00:16:39,536.4
2022-04-01 00:16:44,536.46
2022-04-01 00:16:49,536.56
2022-04-01 00:16:54,536.63
2022-04-01 00:16:59,536.72
2022-04-01 00:17:04,536.79
2022-04-01 00:17:09,525.6066170909166
2022-04-01 00:17:14,536.92
2022-04-01 00:17:19,536.98
2022-04-01 00:17:24,537.08
2022-04-01 00:17:29,537.08
2022-04-01 00:17:34,537.21
2022-04-01 00:17:39,537.24
2022-04-01 00:17:44,537.3
2022-04-01 00:17:49,537.37
2022-04-01 00:17:54,537.43
2022-04-01 00:17:59,537.53
2022-04-01 00:18:04,537.6
2022-04-01 00:18:09,537.66
2022-04-01 00:18:14,537.66
2022-04-01 00:18:19,537.76
2022-04-01 00:18:24,537.82
2022-04-01 00:18:29,537.89
2022-04-01 00:18:34,537.95
2022-04-01 00:18:39,538.02
2022-04-01 00:18:44,538.05
2022-04-01 00:18:49,525.7713827652253
2022-04-01 00:18:54,538.18
2022-04-01 00:18:59,525.7860126960842
2022-04-01 00:19:04,538.28
2022-04-01 00:19:09,538.28
2022-04-01 00:19:14,538.34
2022-04-01 00:19:19,538.41
2022-04-01 00:19:24,538.41
2022-04-01 00:19:29,538.54
2022-04-01 00:19:34,538.54
2022-04-01 00:19:39,538.57
2022-04-01 00:19:44,538.64
2022-04-01 00:19:49,538.7
2022-04-01 00:19:54,538.7
2022-04-01 00:19:59,538.76
2022-04-01 00:20:04,538.77
2022-04-01 00:20:09,538.8
2022-04-01 00:20:14,538.86
2022-04-01 00:20:19,538.86
2022-04-01 00:20:24,538.86
2022-04-01 00:20:29,538.99
2022-04-01 00:20:34,525.9069196055442
2022-04-01 00:20:39,525.9123411693627
2022-04-01 00:20:44,539.06
2022-04-01 00:20:49,539.06
2022-04-01 00:20:54,539.06
2022-04-01 00:20:59,539.09
2022-04-01 00:21:04,539.09
2022-04-01 00:21:09,539.09
2022-04-01 00:21:14,539.16
2022-04-01 00:21:19,539.09
2022-04-01 00:21:24,539.16
2022-04-01 00:21:29,539.22
2022-04-01 00:21:34,539.29
2022-04-01 00:21:39,539.29
2022-04-01 00:21:44,539.29
2022-04-01 00:21:49,539.29
2022-04-01 00:21:54,539.32
2022-04-01 00:21:59,539.32
2022-04-01 00:22:04,539.39
2022-04-01 00:22:09,539.45
2022-04-01 00:22:14,539.45
2022-04-01 00:22:19,525.9996236337313
2022-04-01 00:22:24,526.0028927046098
2022-04-01 00:22:29,539.58
2022-04-01 00:22:34,539.62
2022-04-01 00:22:39,539.68
2022-04-01 00:22:44,526.0148854579763
2022-04-01 00:22:49,539.81
2022-04-01 00:22:54,539.81
2022-04-01 00:22:59,539.81
2022-04-01 00:23:04,539.84
2022-04-01 00:23:09,539.91
2022-04-01 00:23:14,539.91
2022-04-01 00:23:19,539.98
2022-04-01 00:23:24,539.98
2022-04-01 00:23:29,526.0358939019153
2022-04-01 00:23:34,540.11
2022-04-01 00:23:39,540.11
2022-04-01 00:23:44,540.11
2022-04-01 00:23:49,540.14
2022-04-01 00:23:54,540.14
2022-04-01 00:23:59,540.21
2022-04-01 00:24:04,540.21
2022-04-01 00:24:09,540.27
2022-04-01 00:24:14,540.27
2022-04-01 00:24:19,540.34
2022-04-01 00:24:24,540.34
2022-04-01 00:24:29,540.37
2022-04-01 00:24:34,540.44
2022-04-01 00:24:39,540.44
2022-04-01 00:24:44,540.5
2022-04-01 00:24:49,540.5
2022-04-01 00:24:54,540.57
2022-04-01 00:24:59,540.57
2022-04-01 00:25:04,540.63
2022-04-01 00:25:09,540.67
2022-04-01 00:25:14,540.67
2022-04-01 00:25:19,540.73
2022-04-01 00:25:24,540.8
2022-04-01 00:25:29,540.86
2022-04-01 00:25:34,540.89
2022-04-01 00:25:39,540.95
2022-04-01 00:25:44,540.96
2022-04-01 00:25:49,541.09
2022-04-01 00:25:54,541.15
2022-04-01 00:25:59,541.15
2022-04-01 00:26:04,541.18
2022-04-01 00:26:09,541.24
2022-04-01 00:26:14,541.25
2022-04-01 00:26:19,541.38
2022-04-01 00:26:24,541.41
2022-04-01 00:26:29,541.47
2022-04-01 00:26:34,541.54
2022-04-01 00:26:39,541.6
2022-04-01 00:26:44,541.67
2022-04-01 00:26:49,541.7
2022-04-01 00:26:54,541.76
2022-04-01 00:26:59,541.83
2022-04-01 00:27:04,526.0829817972342
2022-04-01 00:27:09,541.92
2022-04-01 00:27:14,542.05
2022-04-01 00:27:19,542.05
2022-04-01 00:27:24,542.11
2022-04-01 00:27:29,542.18
2022-04-01 00:27:34,542.21
2022-04-01 00:27:39,542.27
2022-04-01 00:27:44,542.34
2022-04-01 00:27:49,542.34
2022-04-01 00:27:54,542.4
2022-04-01 00:27:59,542.43
2022-04-01 00:28:04,542.43
2022-04-01 00:28:09,542.5
2022-04-01 00:28:14,542.62
2022-04-01 00:28:19,542.63
2022-04-01 00:28:24,542.69
2022-04-01 00:28:29,542.72
2022-04-01 00:28:34,542.78
2022-04-01 00:28:39,542.78
2022-04-01 00:28:44,542.84
2022-04-01 00:28:49,542.91
2022-04-01 00:28:54,542.94
2022-04-01 00:28:59,542.94
2022-04-01 00:29:04,543.0
2022-04-01 00:29:09,543.06
2022-04-01 00:29:14,526.1379314031248
2022-04-01 00:29:19,543.13
2022-04-01 00:29:24,543.19
2022-04-01 00:29:29,526.1486548566032
2022-04-01 00:29:34,543.19
2022-04-01 00:29:39,543.22
2022-04-01 00:29:44,543.22
2022-04-01 00:29:49,543.29
2022-04-01 00:29:54,543.29
2022-04-01 00:29:59,543.35
2022-04-01 00:30:04,543.35
2022-04-01 00:30:09,543.35
2022-04-01 00:30:14,543.41
2022-04-01 00:30:19,543.44
2022-04-01 00:30:24,543.44
2022-04-01 00:30:29,543.51
2022-04-01 00:30:34,543.57
2022-04-01 00:30:39,543.64
2022-04-01 00:30:44,543.64
2022-04-01 00:30:49,543.7
2022-04-01 00:30:54,543.7
2022-04-01 00:30:59,543.73
2022-04-01 00:31:04,526.2475556899146
2022-04-01 00:31:09,543.8
2022-04-01 00:31:14,543.8
2022-04-01 00:31:19,526.2688804047581
2022-04-01 00:31:24,543.92
2022-04-01 00:31:29,543.92
2022-04-01 00:31:34,543.92
2022-04-01 00:31:39,543.95
2022-04-01 00:31:44,543.95
2022-04-01 00:31:49,526.3169487173977
2022-04-01 00:31:54,544.02
2022-04-01 00:31:59,544.02
2022-04-01 00:32:04,544.08
2022-04-01 00:32:09,544.15
2022-04-01 00:32:14,526.3629058294723
2022-04-01 00:32:19,544.15
2022-04-01 00:32:24,544.15
2022-04-01 00:32:29,544.21
2022-04-01 00:32:34,544.21
2022-04-01 00:32:39,526.4146225405111
2022-04-01 00:32:44,544.21
2022-04-01 00:32:49,544.21
2022-04-01 00:32:54,544.25
2022-04-01 00:32:59,544.24
2022-04-01 00:33:04,544.25
2022-04-01 00:33:09,544.24
2022-04-01 00:33:14,544.25
2022-04-01 00:33:19,544.25
2022-04-01 00:33:24,544.31
2022-04-01 00:33:29,544.31
2022-04-01 00:33:34,544.25
2022-04-01 00:33:39,544.37
2022-04-01 00:33:44,544.31
2022-04-01 00:33:49,544.38
2022-04-01 00:33:54,544.44
2022-04-01 00:33:59,544.44
2022-04-01 00:34:04,544.44
2022-04-01 00:34:09,544.44
2022-04-01 00:34:14,544.48
2022-04-01 00:34:19,544.54
2022-04-01 00:34:24,544.54
2022-04-01 00:34:29,544.54
2022-04-01 00:34:34,544.54
2022-04-01 00:34:39,526.7547439733567
2022-04-01 00:34:44,544.6
2022-04-01 00:34:49,544.67
2022-04-01 00:34:54,526.809234599749
2022-04-01 00:34:59,544.67
2022-04-01 00:35:04,544.73
2022-04-01 00:35:09,544.74
2022-04-01 00:35:14,544.77
2022-04-01 00:35:19,544.83
2022-04-01 00:35:24,544.83
2022-04-01 00:35:29,544.83
2022-04-01 00:35:34,544.9
2022-04-01 00:35:39,544.9
2022-04-01 00:35:44,544.9
2022-04-01 00:35:49,544.9
2022-04-01 00:35:54,544.96
2022-04-01 00:35:59,544.9
2022-04-01 00:36:04,527.1035390101098
2022-04-01 00:36:09,544.96
2022-04-01 00:36:14,544.96
2022-04-01 00:36:19,544.96
2022-04-01 00:36:24,544.96
2022-04-01 00:36:29,544.96
2022-04-01 00:36:34,544.9
2022-04-01 00:36:39,527.2771517053892
2022-04-01 00:36:44,544.96
2022-04-01 00:36:49,544.9
2022-04-01 00:36:54,544.96
2022-04-01 00:36:59,544.9
2022-04-01 00:37:04,527.4126814516869
2022-04-01 00:37:09,544.9
2022-04-01 00:37:14,544.9
2022-04-01 00:37:19,544.84
2022-04-01 00:37:24,544.84
2022-04-01 00:37:29,544.84
2022-04-01 00:37:34,544.77
2022-04-01 00:37:39,544.84
2022-04-01 00:37:44,544.78
2022-04-01 00:37:49,544.78
2022-04-01 00:37:54,544.74
2022-04-01 00:37:59,544.78
2022-04-01 00:38:04,544.74
2022-04-01 00:38:09,544.74
2022-04-01 00:38:14,544.68
2022-04-01 00:38:19,544.68
2022-04-01 00:38:24,544.62
2022-04-01 00:38:29,544.55
2022-04-01 00:38:34,527.9746049085205
2022-04-01 00:38:39,544.46
2022-04-01 00:38:44,544.39
2022-04-01 00:38:49,544.33
2022-04-01 00:38:54,544.26
2022-04-01 00:38:59,544.23
2022-04-01 00:39:04,544.17
2022-04-01 00:39:09,544.11
2022-04-01 00:39:14,543.98
2022-04-01 00:39:19,543.95
2022-04-01 00:39:24,543.88
2022-04-01 00:39:29,543.82
2022-04-01 00:39:34,543.75
2022-04-01 00:39:39,543.66
2022-04-01 00:39:44,543.66
2022-04-01 00:39:49,543.59
2022-04-01 00:39:54,543.47
2022-04-01 00:39:59,543.43
2022-04-01 00:40:04,528.6327402571071
2022-04-01 00:40:09,543.3
2022-04-01 00:40:14,543.21
2022-04-01 00:40:19,543.15
2022-04-01 00:40:24,543.02
2022-04-01 00:40:29,543.02
2022-04-01 00:40:34,542.92
2022-04-01 00:40:39,542.86
2022-04-01 00:40:44,542.73
2022-04-01 00:40:49,528.9897935461119
2022-04-01 00:40:54,542.63
2022-04-01 00:40:59,529.0712001650357
2022-04-01 00:41:04,542.44
2022-04-01 00:41:09,542.41
2022-04-01 00:41:14,542.35
2022-04-01 00:41:19,529.2359957864118
2022-04-01 00:41:24,542.22
2022-04-01 00:41:29,542.12
2022-04-01 00:41:34,542.06
2022-04-01 00:41:39,541.99
2022-04-01 00:41:44,541.93
2022-04-01 00:41:49,541.9
2022-04-01 00:41:54,541.77
2022-04-01 00:41:59,541.77
2022-04-01 00:42:04,541.68
2022-04-01 00:42:09,541.55
2022-04-01 00:42:14,541.49
2022-04-01 00:42:19,541.42
2022-04-01 00:42:24,541.39
2022-04-01 00:42:29,529.8298649919625
2022-04-01 00:42:34,541.2
2022-04-01 00:42:39,541.17
2022-04-01 00:42:44,541.04
2022-04-01 00:42:49,530.0032507606286
2022-04-01 00:42:54,540.97
2022-04-01 00:42:59,540.91
2022-04-01 00:43:04,540.88
2022-04-01 00:43:09,540.81
2022-04-01 00:43:14,540.75
2022-04-01 00:43:19,540.68
2022-04-01 00:43:24,540.69
2022-04-01 00:43:29,540.68
2022-04-01 00:43:34,530.3970574041172
2022-04-01 00:43:39,540.65
2022-04-01 00:43:44,540.59
2022-04-01 00:43:49,540.52
2022-04-01 00:43:54,540.52
2022-04-01 00:43:59,540.52
2022-04-01 00:44:04,540.46
2022-04-01 00:44:09,540.46
2022-04-01 00:44:14,530.7492814837699
2022-04-01 00:44:19,540.36
2022-04-01 00:44:24,540.36
2022-04-01 00:44:29,540.3
2022-04-01 00:44:34,540.3
2022-04-01 00:44:39,540.23
2022-04-01 00:44:44,540.23
2022-04-01 00:44:49,540.17
2022-04-01 00:44:54,540.17
2022-04-01 00:44:59,540.17
2022-04-01 00:45:04,540.17
2022-04-01 00:45:09,540.14
2022-04-01 00:45:14,540.14
2022-04-01 00:45:19,540.13
2022-04-01 00:45:24,540.13
2022-04-01 00:45:29,540.13
2022-04-01 00:45:34,540.14
2022-04-01 00:45:39,540.13
2022-04-01 00:45:44,540.13
2022-04-01 00:45:49,540.07
2022-04-01 00:45:54,540.13
2022-04-01 00:45:59,540.13
2022-04-01 00:46:04,540.13
2022-04-01 00:46:09,540.13
2022-04-01 00:46:14,540.06
2022-04-01 00:46:19,540.13
2022-04-01 00:46:24,540.13
2022-04-01 00:46:29,540.13
2022-04-01 00:46:34,540.13
2022-04-01 00:46:39,540.13
2022-04-01 00:46:44,540.06
2022-04-01 00:46:49,532.0905196112785
2022-04-01 00:46:54,540.06
2022-04-01 00:46:59,540.06
2022-04-01 00:47:04,540.12
2022-04-01 00:47:09,540.12
2022-04-01 00:47:14,540.12
2022-04-01 00:47:19,540.12
2022-04-01 00:47:24,540.11
2022-04-01 00:47:29,540.11
2022-04-01 00:47:34,540.11
2022-04-01 00:47:39,540.15
2022-04-01 00:47:44,540.15
2022-04-01 00:47:49,540.15
2022-04-01 00:47:54,540.15
2022-04-01 00:47:59,532.6592120239371
2022-04-01 00:48:04,540.15
2022-04-01 00:48:09,532.7374597807726
2022-04-01 00:48:14,540.21
2022-04-01 00:48:19,540.21
2022-04-01 00:48:24,540.21
2022-04-01 00:48:29,540.21
2022-04-01 00:48:34,540.27
2022-04-01 00:48:39,540.27
2022-04-01 00:48:44,540.27
2022-04-01 00:48:49,540.27
2022-04-01 00:48:54,540.33
2022-04-01 00:48:59,540.33
2022-04-01 00:49:04,540.33
2022-04-01 00:49:09,540.33
2022-04-01 00:49:14,540.33
2022-04-01 00:49:19,540.36
2022-04-01 00:49:24,540.36
2022-04-01 00:49:29,540.36
2022-04-01 00:49:34,540.36
2022-04-01 00:49:39,540.36
2022-04-01 00:49:44,540.36
2022-04-01 00:49:49,540.36
2022-04-01 00:49:54,540.36
2022-04-01 00:49:59,540.36
2022-04-01 00:50:04,540.36
2022-04-01 00:50:09,533.5995747040425
2022-04-01 00:50:14,540.36
2022-04-01 00:50:19,540.36
2022-04-01 00:50:24,540.36
2022-04-01 00:50:29,540.36
2022-04-01 00:50:34,540.33
2022-04-01 00:50:39,540.33
2022-04-01 00:50:44,540.33
2022-04-01 00:50:49,540.33
2022-04-01 00:50:54,540.33
2022-04-01 00:50:59,540.33
2022-04-01 00:51:04,540.33
2022-04-01 00:51:09,540.36
2022-04-01 00:51:14,540.36
2022-04-01 00:51:19,540.36
2022-04-01 00:51:24,540.36
2022-04-01 00:51:29,540.36
2022-04-01 00:51:34,534.1026700560008
2022-04-01 00:51:39,540.43
2022-04-01 00:51:44,540.43
2022-04-01 00:51:49,540.49
2022-04-01 00:51:54,540.55
2022-04-01 00:51:59,540.56
2022-04-01 00:52:04,540.55
2022-04-01 00:52:09,540.62
2022-04-01 00:52:14,540.62
2022-04-01 00:52:19,540.62
2022-04-01 00:52:24,540.66
2022-04-01 00:52:29,540.72
2022-04-01 00:52:34,540.72
2022-04-01 00:52:39,540.78
2022-04-01 00:52:44,540.85
2022-04-01 00:52:49,540.85
2022-04-01 00:52:54,540.88
2022-04-01 00:52:59,540.95
2022-04-01 00:53:04,540.95
2022-04-01 00:53:09,541.07
2022-04-01 00:53:14,541.14
2022-04-01 00:53:19,541.14
2022-04-01 00:53:24,534.6016402575116
2022-04-01 00:53:29,541.23
2022-04-01 00:53:34,541.3
2022-04-01 00:53:39,541.37
2022-04-01 00:53:44,541.4
2022-04-01 00:53:49,541.46
2022-04-01 00:53:54,541.59
2022-04-01 00:53:59,541.59
2022-04-01 00:54:04,541.66
2022-04-01 00:54:09,541.69
2022-04-01 00:54:14,534.7721287385439
2022-04-01 00:54:19,541.82
2022-04-01 00:54:24,534.8020364725771
2022-04-01 00:54:29,541.88
2022-04-01 00:54:34,541.98
2022-04-01 00:54:39,542.05
2022-04-01 00:54:44,542.11
2022-04-01 00:54:49,542.17
2022-04-01 00:54:54,542.17
2022-04-01 00:54:59,542.27
2022-04-01 00:55:04,542.33
2022-04-01 00:55:09,542.33
2022-04-01 00:55:14,542.4
2022-04-01 00:55:19,534.9416998505832
2022-04-01 00:55:24,542.5
2022-04-01 00:55:29,542.56
2022-04-01 00:55:34,542.63
2022-04-01 00:55:39,542.69
2022-04-01 00:55:44,542.73
2022-04-01 00:55:49,542.72
2022-04-01 00:55:54,542.85
2022-04-01 00:55:59,542.85
2022-04-01 00:56:04,542.92
2022-04-01 00:56:09,542.95
2022-04-01 00:56:14,543.02
2022-04-01 00:56:19,543.02
2022-04-01 00:56:24,543.08
2022-04-01 00:56:29,543.14
2022-04-01 00:56:34,535.064885670934
2022-04-01 00:56:39,543.24
2022-04-01 00:56:44,543.24
2022-04-01 00:56:49,543.24
2022-04-01 00:56:54,543.3
2022-04-01 00:56:59,535.0888285849992
2022-04-01 00:57:04,543.24
2022-04-01 00:57:09,543.31
2022-04-01 00:57:14,543.31
2022-04-01 00:57:19,543.24
2022-04-01 00:57:24,543.25
2022-04-01 00:57:29,543.24
2022-04-01 00:57:34,543.25
2022-04-01 00:57:39,543.21
2022-04-01 00:57:44,543.15
2022-04-01 00:57:49,543.15
2022-04-01 00:57:54,543.08
2022-04-01 00:57:59,543.08
2022-04-01 00:58:04,543.02
2022-04-01 00:58:09,542.96
2022-04-01 00:58:14,542.92
2022-04-01 00:58:19,542.86
2022-04-01 00:58:24,542.86
2022-04-01 00:58:29,542.8
2022-04-01 00:58:34,542.73
2022-04-01 00:58:39,542.73
2022-04-01 00:58:44,542.7
2022-04-01 00:58:49,542.7
2022-04-01 00:58:54,542.57
2022-04-01 00:58:59,542.58
2022-04-01 00:59:04,542.51
2022-04-01 00:59:09,542.51
2022-04-01 00:59:14,542.51
2022-04-01 00:59:19,542.45
2022-04-01 00:59:24,542.45
2022-04-01 00:59:29,542.42
2022-04-01 00:59:34,542.42
2022-04-01 00:59:39,542.42
2022-04-01 00:59:44,542.36
2022-04-01 00:59:49,542.36
2022-04-01 00:59:54,542.29
2022-04-01 00:59:59,542.29
2022-04-01 01:00:04,542.23
2022-04-01 01:00:09,542.2
2022-04-01 01:00:14,542.2
2022-04-01 01:00:19,542.13
2022-04-01 01:00:24,542.07
2022-04-01 01:00:29,542.13
2022-04-01 01:00:34,542.07
2022-04-01 01:00:39,542.07
2022-04-01 01:00:44,542.01
2022-04-01 01:00:49,542.01
2022-04-01 01:00:54,542.01
2022-04-01 01:00:59,541.94
2022-04-01 01:01:04,541.94
2022-04-01 01:01:09,541.91
2022-04-01 01:01:14,541.91
2022-04-01 01:01:19,541.85
2022-04-01 01:01:24,534.8256658162145
2022-04-01 01:01:29,541.72
2022-04-01 01:01:34,541.72
2022-04-01 01:01:39,541.69
2022-04-01 01:01:44,541.62
2022-04-01 01:01:49,541.56
2022-04-01 01:01:54,541.56
2022-04-01 01:01:59,541.43
2022-04-01 01:02:04,541.43
2022-04-01 01:02:09,541.33
2022-04-01 01:02:14,541.33
2022-04-01 01:02:19,534.6546638330232
2022-04-01 01:02:24,541.2
2022-04-01 01:02:29,541.17
2022-04-01 01:02:34,541.11
2022-04-01 01:02:39,541.11
2022-04-01 01:02:44,541.04
2022-04-01 01:02:49,540.98
2022-04-01 01:02:54,540.91
2022-04-01 01:02:59,534.5056231835771
2022-04-01 01:03:04,540.75
2022-04-01 01:03:09,540.69
2022-04-01 01:03:14,540.65
2022-04-01 01:03:19,540.59
2022-04-01 01:03:24,540.52
2022-04-01 01:03:29,540.46
2022-04-01 01:03:34,540.4
2022-04-01 01:03:39,540.36
2022-04-01 01:03:44,540.3
2022-04-01 01:03:49,540.23
2022-04-01 01:03:54,540.17
2022-04-01 01:03:59,540.14
2022-04-01 01:04:04,540.07
2022-04-01 01:04:09,540.01
2022-04-01 01:04:14,539.94
2022-04-01 01:04:19,534.1457594752367
2022-04-01 01:04:24,539.87
2022-04-01 01:04:29,539.78
2022-04-01 01:04:34,539.71
2022-04-01 01:04:39,539.61
2022-04-01 01:04:44,539.55
2022-04-01 01:04:49,539.55
2022-04-01 01:04:54,539.42
2022-04-01 01:04:59,539.35
2022-04-01 01:05:04,539.25
2022-04-01 01:05:09,539.19
2022-04-01 01:05:14,539.13
2022-04-01 01:05:19,539.09
2022-04-01 01:05:24,539.03
2022-04-01 01:05:29,538.9
2022-04-01 01:05:34,533.734576626936
2022-04-01 01:05:39,538.83
2022-04-01 01:05:44,538.73
2022-04-01 01:05:49,538.67
2022-04-01 01:05:54,538.67
2022-04-01 01:05:59,533.5826035714953
2022-04-01 01:06:04,538.57
2022-04-01 01:06:09,538.5
2022-04-01 01:06:14,538.44
2022-04-01 01:06:19,538.44
2022-04-01 01:06:24,538.37
2022-04-01 01:06:29,538.31
2022-04-01 01:06:34,538.31
2022-04-01 01:06:39,538.28
2022-04-01 01:06:44,538.21
2022-04-01 01:06:49,538.21
2022-04-01 01:06:54,538.21
2022-04-01 01:06:59,538.21
2022-04-01 01:07:04,538.21
2022-04-01 01:07:09,538.14
2022-04-01 01:07:14,538.14
2022-04-01 01:07:19,538.07
2022-04-01 01:07:24,538.08
2022-04-01 01:07:29,538.08
2022-04-01 01:07:34,538.14
2022-04-01 01:07:39,538.07
2022-04-01 01:07:44,538.07
2022-04-01 01:07:49,538.07
2022-04-01 01:07:54,538.07
2022-04-01 01:07:59,538.14
2022-04-01 01:08:04,538.14
2022-04-01 01:08:09,538.14
2022-04-01 01:08:14,538.14
2022-04-01 01:08:19,532.6231252468725
2022-04-01 01:08:24,532.5861274247642
2022-04-01 01:08:29,538.2
2022-04-01 01:08:34,538.14
2022-04-01 01:08:39,538.2
2022-04-01 01:08:44,538.27
2022-04-01 01:08:49,538.27
2022-04-01 01:08:54,538.27
2022-04-01 01:08:59,532.3232442063911
2022-04-01 01:09:04,538.3
2022-04-01 01:09:09,532.247004377813
2022-04-01 01:09:14,538.36
2022-04-01 01:09:19,538.43
2022-04-01 01:09:24,538.43
2022-04-01 01:09:29,538.43
2022-04-01 01:09:34,532.0545410531616
2022-04-01 01:09:39,538.49
2022-04-01 01:09:44,538.49
2022-04-01 01:09:49,538.56
2022-04-01 01:09:54,538.49
2022-04-01 01:09:59,531.8598243571827
2022-04-01 01:10:04,538.59
2022-04-01 01:10:09,538.59
2022-04-01 01:10:14,538.65
2022-04-01 01:10:19,538.65
2022-04-01 01:10:24,538.72
2022-04-01 01:10:29,538.78
2022-04-01 01:10:34,538.81
2022-04-01 01:10:39,538.81
2022-04-01 01:10:44,538.81
2022-04-01 01:10:49,538.88
2022-04-01 01:10:54,538.94
2022-04-01 01:10:59,539.0
2022-04-01 01:11:04,539.07
2022-04-01 01:11:09,539.07
2022-04-01 01:11:14,531.2672682069243
2022-04-01 01:11:19,539.23
2022-04-01 01:11:24,539.29
2022-04-01 01:11:29,531.1480907914861
2022-04-01 01:11:34,531.1083674628194
2022-04-01 01:11:39,539.52
2022-04-01 01:11:44,539.58
2022-04-01 01:11:49,539.62
2022-04-01 01:11:54,539.68
2022-04-01 01:11:59,530.9099535030465
2022-04-01 01:12:04,539.8
2022-04-01 01:12:09,539.84
2022-04-01 01:12:14,539.97
2022-04-01 01:12:19,540.03
2022-04-01 01:12:24,540.09
2022-04-01 01:12:29,540.12
2022-04-01 01:12:34,530.63348609585
2022-04-01 01:12:39,540.32
2022-04-01 01:12:44,530.5549484161496
2022-04-01 01:12:49,540.41
2022-04-01 01:12:54,540.48
2022-04-01 01:12:59,540.54
2022-04-01 01:13:04,540.54
2022-04-01 01:13:09,540.6
2022-04-01 01:13:14,540.63
2022-04-01 01:13:19,530.2823394093049
2022-04-01 01:13:24,540.76
2022-04-01 01:13:29,540.82
2022-04-01 01:13:34,540.85
2022-04-01 01:13:39,540.85
2022-04-01 01:13:44,540.98
2022-04-01 01:13:49,540.98
2022-04-01 01:13:54,530.0143351828584
2022-04-01 01:13:59,541.11
2022-04-01 01:14:04,541.14
2022-04-01 01:14:09,529.9012336185837
2022-04-01 01:14:14,541.26
2022-04-01 01:14:19,541.33
2022-04-01 01:14:24,541.36
2022-04-01 01:14:29,541.42
2022-04-01 01:14:34,541.49
2022-04-01 01:14:39,541.55
2022-04-01 01:14:44,541.61
2022-04-01 01:14:49,541.65
2022-04-01 01:14:54,541.71
2022-04-01 01:14:59,541.77
2022-04-01 01:15:04,541.83
2022-04-01 01:15:09,529.462071980445
2022-04-01 01:15:14,541.99
2022-04-01 01:15:19,541.99
2022-04-01 01:15:24,542.05
2022-04-01 01:15:29,542.11
2022-04-01 01:15:34,542.15
2022-04-01 01:15:39,542.21
2022-04-01 01:15:44,542.27
2022-04-01 01:15:49,542.34
2022-04-01 01:15:54,542.33
2022-04-01 01:15:59,542.37
2022-04-01 01:16:04,542.43
2022-04-01 01:16:09,542.49
2022-04-01 01:16:14,542.49
2022-04-01 01:16:19,528.9836983164126
2022-04-01 01:16:24,528.9512052737808
2022-04-01 01:16:29,542.62
2022-04-01 01:16:34,542.65
2022-04-01 01:16:39,542.71
2022-04-01 01:16:44,542.78
2022-04-01 01:16:49,542.84
2022-04-01 01:16:54,542.84
2022-04-01 01:16:59,542.94
2022-04-01 01:17:04,542.94
2022-04-01 01:17:09,543.0
2022-04-01 01:17:14,543.13
2022-04-01 01:17:19,543.16
2022-04-01 01:17:24,543.16
2022-04-01 01:17:29,543.23
2022-04-01 01:17:34,543.29
2022-04-01 01:17:39,543.35
2022-04-01 01:17:44,528.4674668979957
2022-04-01 01:17:49,528.4397013016129
2022-04-01 01:17:54,543.51
2022-04-01 01:17:59,543.58
2022-04-01 01:18:04,543.64
2022-04-01 01:18:09,543.64
2022-04-01 01:18:14,543.67
2022-04-01 01:18:19,543.73
2022-04-01 01:18:24,543.8
2022-04-01 01:18:29,543.8
2022-04-01 01:18:34,543.86
2022-04-01 01:18:39,543.89
2022-04-01 01:18:44,543.96
2022-04-01 01:18:49,544.02
2022-04-01 01:18:54,544.02
2022-04-01 01:18:59,544.09
2022-04-01 01:19:04,544.15
2022-04-01 01:19:09,544.15
2022-04-01 01:19:14,544.18
2022-04-01 01:19:19,527.9976888284872
2022-04-01 01:19:24,527.976550841924
2022-04-01 01:19:29,544.25
2022-04-01 01:19:34,544.31
2022-04-01 01:19:39,544.31
2022-04-01 01:19:44,544.38
2022-04-01 01:19:49,544.41
2022-04-01 01:19:54,544.41
2022-04-01 01:19:59,544.47
2022-04-01 01:20:04,544.53
2022-04-01 01:20:09,544.6
2022-04-01 01:20:14,544.67
2022-04-01 01:20:19,544.7
2022-04-01 01:20:24,544.7
2022-04-01 01:20:29,544.76
2022-04-01 01:20:34,544.82
2022-04-01 01:20:39,544.83
2022-04-01 01:20:44,527.6848531671735
2022-04-01 01:20:49,544.92
2022-04-01 01:20:54,544.92
2022-04-01 01:20:59,544.99
2022-04-01 01:21:04,545.05
2022-04-01 01:21:09,545.05
2022-04-01 01:21:14,545.11
2022-04-01 01:21:19,545.11
2022-04-01 01:21:24,545.18
2022-04-01 01:21:29,545.18
2022-04-01 01:21:34,527.5428288304328
2022-04-01 01:21:39,545.21
2022-04-01 01:21:44,545.21
2022-04-01 01:21:49,545.27
2022-04-01 01:21:54,545.27
2022-04-01 01:21:59,545.27
2022-04-01 01:22:04,545.27
2022-04-01 01:22:09,545.33
2022-04-01 01:22:14,545.33
2022-04-01 01:22:19,545.33
2022-04-01 01:22:24,545.4
2022-04-01 01:22:29,545.39
2022-04-01 01:22:34,545.33
2022-04-01 01:22:39,545.39
2022-04-01 01:22:44,545.33
2022-04-01 01:22:49,545.33
2022-04-01 01:22:54,545.33
2022-04-01 01:22:59,527.3607807092441
2022-04-01 01:23:04,545.26
2022-04-01 01:23:09,545.26
2022-04-01 01:23:14,545.26
2022-04-01 01:23:19,545.19
2022-04-01 01:23:24,545.19
2022-04-01 01:23:29,545.19
2022-04-01 01:23:34,545.19
2022-04-01 01:23:39,545.15
2022-04-01 01:23:44,545.09
2022-04-01 01:23:49,545.09
2022-04-01 01:23:54,545.09
2022-04-01 01:23:59,545.09
2022-04-01 01:24:04,545.02
2022-04-01 01:24:09,545.03
2022-04-01 01:24:14,544.96
2022-04-01 01:24:19,544.89
2022-04-01 01:24:24,544.89
2022-04-01 01:24:29,544.79
2022-04-01 01:24:34,544.79
2022-04-01 01:24:39,544.79
2022-04-01 01:24:44,527.2163952649769
2022-04-01 01:24:49,544.66
2022-04-01 01:24:54,544.63
2022-04-01 01:24:59,544.56
2022-04-01 01:25:04,544.5
2022-04-01 01:25:09,544.49
2022-04-01 01:25:14,544.43
2022-04-01 01:25:19,544.36
2022-04-01 01:25:24,527.1784524706677
2022-04-01 01:25:29,544.26
2022-04-01 01:25:34,544.26
2022-04-01 01:25:39,544.19
2022-04-01 01:25:44,544.13
2022-04-01 01:25:49,544.1
2022-04-01 01:25:54,544.03
2022-04-01 01:25:59,544.03
2022-04-01 01:26:04,543.97
2022-04-01 01:26:09,543.9
2022-04-01 01:26:14,543.8
2022-04-01 01:26:19,543.8
2022-04-01 01:26:24,543.73
2022-04-01 01:26:29,543.67
2022-04-01 01:26:34,543.61
2022-04-01 01:26:39,543.57
2022-04-01 01:26:44,543.51
2022-04-01 01:26:49,543.44
2022-04-01 01:26:54,543.31
2022-04-01 01:26:59,543.28
2022-04-01 01:27:04,543.22
2022-04-01 01:27:09,543.15
2022-04-01 01:27:14,543.09
2022-04-01 01:27:19,527.0997690497466
2022-04-01 01:27:24,542.99
2022-04-01 01:27:29,542.92
2022-04-01 01:27:34,542.86
2022-04-01 01:27:39,542.79
2022-04-01 01:27:44,542.76
2022-04-01 01:27:49,542.69
2022-04-01 01:27:54,542.63
2022-04-01 01:27:59,542.57
2022-04-01 01:28:04,527.074414609677
2022-04-01 01:28:09,542.47
2022-04-01 01:28:14,542.47
2022-04-01 01:28:19,542.34
2022-04-01 01:28:24,542.27
2022-04-01 01:28:29,542.27
2022-04-01 01:28:34,542.18
2022-04-01 01:28:39,542.11
2022-04-01 01:28:44,542.02
2022-04-01 01:28:49,542.02
2022-04-01 01:28:54,541.95
2022-04-01 01:28:59,541.95
2022-04-01 01:29:04,541.82
2022-04-01 01:29:09,541.76
2022-04-01 01:29:14,541.73
2022-04-01 01:29:19,527.0288962701468
2022-04-01 01:29:24,541.6
2022-04-01 01:29:29,541.53
2022-04-01 01:29:34,541.5
2022-04-01 01:29:39,541.44
2022-04-01 01:29:44,541.44
2022-04-01 01:29:49,541.37
2022-04-01 01:29:54,541.37
2022-04-01 01:29:59,541.31
2022-04-01 01:30:04,541.21
2022-04-01 01:30:09,526.991235227456
2022-04-01 01:30:14,541.15
2022-04-01 01:30:19,541.08
2022-04-01 01:30:24,540.99
2022-04-01 01:30:29,540.99
2022-04-01 01:30:34,540.99
2022-04-01 01:30:39,540.92
2022-04-01 01:30:44,540.86
2022-04-01 01:30:49,540.86
2022-04-01 01:30:54,540.79
2022-04-01 01:30:59,540.73
2022-04-01 01:31:04,540.73
2022-04-01 01:31:09,540.7
2022-04-01 01:31:14,540.63
2022-04-01 01:31:19,540.63
2022-04-01 01:31:24,526.9148570123064
2022-04-01 01:31:29,540.57
2022-04-01 01:31:34,540.5
2022-04-01 01:31:39,540.5
2022-04-01 01:31:44,540.47
2022-04-01 01:31:49,540.41
2022-04-01 01:31:54,540.34
2022-04-01 01:31:59,540.34
2022-04-01 01:32:04,540.21
2022-04-01 01:32:09,540.18
2022-04-01 01:32:14,526.8454809359436
2022-04-01 01:32:19,539.99
2022-04-01 01:32:24,539.99
2022-04-01 01:32:29,539.89
2022-04-01 01:32:34,539.83
2022-04-01 01:32:39,539.7
2022-04-01 01:32:44,539.67
2022-04-01 01:32:49,539.6
2022-04-01 01:32:54,539.48
2022-04-01 01:32:59,539.44
2022-04-01 01:33:04,539.31
2022-04-01 01:33:09,539.25
2022-04-01 01:33:14,526.7369365479093
2022-04-01 01:33:19,539.09
2022-04-01 01:33:24,539.02
2022-04-01 01:33:29,538.93
2022-04-01 01:33:34,538.87
2022-04-01 01:33:39,538.74
2022-04-01 01:33:44,538.67
2022-04-01 01:33:49,526.6592406089197
2022-04-01 01:33:54,538.51
2022-04-01 01:33:59,538.45
2022-04-01 01:34:04,538.42
2022-04-01 01:34:09,538.28
2022-04-01 01:34:14,526.5977184302487
2022-04-01 01:34:19,526.584857593134
2022-04-01 01:34:24,538.13
2022-04-01 01:34:29,526.5586078907913
2022-04-01 01:34:34,538.0
2022-04-01 01:34:39,537.93
2022-04-01 01:34:44,537.9
2022-04-01 01:34:49,537.84
2022-04-01 01:34:54,537.84
2022-04-01 01:34:59,537.77
2022-04-01 01:35:04,537.71
2022-04-01 01:35:09,537.71
2022-04-01 01:35:14,537.71
2022-04-01 01:35:19,526.4177209479842
2022-04-01 01:35:24,537.61
2022-04-01 01:35:29,537.55
2022-04-01 01:35:34,526.3726681742279
2022-04-01 01:35:39,537.55
2022-04-01 01:35:44,526.3420071220512
2022-04-01 01:35:49,537.49
2022-04-01 01:35:54,537.42
2022-04-01 01:35:59,537.42
2022-04-01 01:36:04,537.42
2022-04-01 01:36:09,537.39
2022-04-01 01:36:14,537.39
2022-04-01 01:36:19,537.42
2022-04-01 01:36:24,537.42
2022-04-01 01:36:29,537.42
2022-04-01 01:36:34,537.42
2022-04-01 01:36:39,537.39
2022-04-01 01:36:44,537.43
2022-04-01 01:36:49,537.39
2022-04-01 01:36:54,537.43
2022-04-01 01:36:59,537.4
2022-04-01 01:37:04,526.082268689704
2022-04-01 01:37:09,537.4
2022-04-01 01:37:14,537.4
2022-04-01 01:37:19,537.4
2022-04-01 01:37:24,537.4
2022-04-01 01:37:29,537.34
2022-04-01 01:37:34,537.34
2022-04-01 01:37:39,537.34
2022-04-01 01:37:44,537.34
2022-04-01 01:37:49,537.34
2022-04-01 01:37:54,537.27
2022-04-01 01:37:59,525.893888167657
2022-04-01 01:38:04,537.27
2022-04-01 01:38:09,537.21
2022-04-01 01:38:14,537.15
2022-04-01 01:38:19,537.21
2022-04-01 01:38:24,537.15
2022-04-01 01:38:29,537.15
2022-04-01 01:38:34,537.15
2022-04-01 01:38:39,537.12
2022-04-01 01:38:44,537.15
2022-04-01 01:38:49,537.12
2022-04-01 01:38:54,537.05
2022-04-01 01:38:59,537.12
2022-04-01 01:39:04,537.05
2022-04-01 01:39:09,537.05
2022-04-01 01:39:14,536.99
2022-04-01 01:39:19,536.99
2022-04-01 01:39:24,536.99
2022-04-01 01:39:29,536.93
2022-04-01 01:39:34,536.93
2022-04-01 01:39:39,536.93
2022-04-01 01:39:44,536.93
2022-04-01 01:39:49,536.89
2022-04-01 01:39:54,536.89
2022-04-01 01:39:59,536.89
2022-04-01 01:40:04,536.89
2022-04-01 01:40:09,536.83
2022-04-01 01:40:14,536.82
2022-04-01 01:40:19,536.83
2022-04-01 01:40:24,536.76
2022-04-01 01:40:29,536.76
2022-04-01 01:40:34,536.76
2022-04-01 01:40:39,536.76
2022-04-01 01:40:44,536.76
2022-04-01 01:40:49,536.76
2022-04-01 01:40:54,536.7
2022-04-01 01:40:59,536.7
2022-04-01 01:41:04,536.7
2022-04-01 01:41:09,536.7
2022-04-01 01:41:14,536.7
2022-04-01 01:41:19,536.7
2022-04-01 01:41:24,536.7
2022-04-01 01:41:29,536.7
2022-04-01 01:41:34,536.76
2022-04-01 01:41:39,536.76
2022-04-01 01:41:44,536.76
2022-04-01 01:41:49,536.76
2022-04-01 01:41:54,536.76
2022-04-01 01:41:59,525.1038706240383
2022-04-01 01:42:04,525.0897035735054
2022-04-01 01:42:09,536.81
2022-04-01 01:42:14,536.82
2022-04-01 01:42:19,536.88
2022-04-01 01:42:24,536.88
2022-04-01 01:42:29,536.88
2022-04-01 01:42:34,536.88
2022-04-01 01:42:39,536.88
2022-04-01 01:42:44,536.88
2022-04-01 01:42:49,536.91
2022-04-01 01:42:54,536.91
2022-04-01 01:42:59,536.9
2022-04-01 01:43:04,524.9326198271565
2022-04-01 01:43:09,536.9
2022-04-01 01:43:14,536.96
2022-04-01 01:43:19,524.8975016607408
2022-04-01 01:43:24,536.9
2022-04-01 01:43:29,536.9
2022-04-01 01:43:34,536.9
2022-04-01 01:43:39,536.9
2022-04-01 01:43:44,536.9
2022-04-01 01:43:49,536.86
2022-04-01 01:43:54,536.86
2022-04-01 01:43:59,536.86
2022-04-01 01:44:04,536.8
2022-04-01 01:44:09,536.73
2022-04-01 01:44:14,536.73
2022-04-01 01:44:19,536.67
2022-04-01 01:44:24,536.66
2022-04-01 01:44:29,536.6
2022-04-01 01:44:34,536.6
2022-04-01 01:44:39,536.57
2022-04-01 01:44:44,536.57
2022-04-01 01:44:49,536.5
2022-04-01 01:44:54,536.5
2022-04-01 01:44:59,536.44
2022-04-01 01:45:04,536.44
2022-04-01 01:45:09,536.37
2022-04-01 01:45:14,536.34
2022-04-01 01:45:19,536.28
2022-04-01 01:45:24,536.28
2022-04-01 01:45:29,536.28
2022-04-01 01:45:34,524.6762975790472
2022-04-01 01:45:39,536.15
2022-04-01 01:45:44,536.15
2022-04-01 01:45:49,536.08
2022-04-01 01:45:54,536.08
2022-04-01 01:45:59,536.08
2022-04-01 01:46:04,536.05
2022-04-01 01:46:09,536.05
2022-04-01 01:46:14,535.99
2022-04-01 01:46:19,535.99
2022-04-01 01:46:24,535.99
2022-04-01 01:46:29,535.99
2022-04-01 01:46:34,535.86
2022-04-01 01:46:39,535.92
2022-04-01 01:46:44,535.86
2022-04-01 01:46:49,535.86
2022-04-01 01:46:54,535.86
2022-04-01 01:46:59,524.6454005604868
2022-04-01 01:47:04,524.6466699535404
2022-04-01 01:47:09,535.86
2022-04-01 01:47:14,535.92
2022-04-01 01:47:19,535.92
2022-04-01 01:47:24,535.92
2022-04-01 01:47:29,535.92
2022-04-01 01:47:34,535.99
2022-04-01 01:47:39,536.05
2022-04-01 01:47:44,536.05
2022-04-01 01:47:49,536.09
2022-04-01 01:47:54,536.09
2022-04-01 01:47:59,536.09
2022-04-01 01:48:04,524.6903161910811
2022-04-01 01:48:09,536.09
2022-04-01 01:48:14,524.702532433372
2022-04-01 01:48:19,536.15
2022-04-01 01:48:24,536.22
2022-04-01 01:48:29,536.21
2022-04-01 01:48:34,536.28
2022-04-01 01:48:39,536.28
2022-04-01 01:48:44,524.7472131901017
2022-04-01 01:48:49,536.34
2022-04-01 01:48:54,536.35
2022-04-01 01:48:59,536.34
2022-04-01 01:49:04,536.38
2022-04-01 01:49:09,536.38
2022-04-01 01:49:14,536.44
2022-04-01 01:49:19,536.38
2022-04-01 01:49:24,536.37
2022-04-01 01:49:29,536.44
2022-04-01 01:49:34,524.8471297931517
2022-04-01 01:49:39,536.44
2022-04-01 01:49:44,536.44
2022-04-01 01:49:49,536.44
2022-04-01 01:49:54,524.8954882871336
2022-04-01 01:49:59,536.44
2022-04-01 01:50:04,536.44
2022-04-01 01:50:09,536.37
2022-04-01 01:50:14,524.9483771740131
2022-04-01 01:50:19,536.37
2022-04-01 01:50:24,536.34
2022-04-01 01:50:29,536.27
2022-04-01 01:50:34,536.27
2022-04-01 01:50:39,536.21
2022-04-01 01:50:44,536.14
2022-04-01 01:50:49,536.14
2022-04-01 01:50:54,536.08
2022-04-01 01:50:59,536.08
2022-04-01 01:51:04,536.05
2022-04-01 01:51:09,525.1157393973639
2022-04-01 01:51:14,535.92
2022-04-01 01:51:19,525.1494192904983
2022-04-01 01:51:24,535.85
2022-04-01 01:51:29,535.82
2022-04-01 01:51:34,535.68
2022-04-01 01:51:39,525.2195917701265
2022-04-01 01:51:44,535.62
2022-04-01 01:51:49,535.56
2022-04-01 01:51:54,535.56
2022-04-01 01:51:59,535.52
2022-04-01 01:52:04,535.46
2022-04-01 01:52:09,535.39
2022-04-01 01:52:14,535.32
2022-04-01 01:52:19,535.32
2022-04-01 01:52:24,535.32
2022-04-01 01:52:29,535.29
2022-04-01 01:52:34,535.29
2022-04-01 01:52:39,525.4510210466589
2022-04-01 01:52:44,535.22
2022-04-01 01:52:49,535.22
2022-04-01 01:52:54,535.22
2022-04-01 01:52:59,535.22
2022-04-01 01:53:04,535.22
2022-04-01 01:53:09,535.21
2022-04-01 01:53:14,535.28
2022-04-01 01:53:19,535.21
2022-04-01 01:53:24,535.28
2022-04-01 01:53:29,535.28
2022-04-01 01:53:34,535.31
2022-04-01 01:53:39,535.31
2022-04-01 01:53:44,535.37
2022-04-01 01:53:49,535.43
2022-04-01 01:53:54,535.43
2022-04-01 01:53:59,535.5
2022-04-01 01:54:04,535.49
2022-04-01 01:54:09,535.59
2022-04-01 01:54:14,535.59
2022-04-01 01:54:19,535.65
2022-04-01 01:54:24,535.65
2022-04-01 01:54:29,535.78
2022-04-01 01:54:34,535.78
2022-04-01 01:54:39,535.81
2022-04-01 01:54:44,535.88
2022-04-01 01:54:49,535.88
2022-04-01 01:54:54,535.94
2022-04-01 01:54:59,536.0
2022-04-01 01:55:04,536.03
2022-04-01 01:55:09,536.03
2022-04-01 01:55:14,536.1
2022-04-01 01:55:19,536.16
2022-04-01 01:55:24,536.22
2022-04-01 01:55:29,536.29
2022-04-01 01:55:34,536.39
2022-04-01 01:55:39,536.45
2022-04-01 01:55:44,536.51
2022-04-01 01:55:49,536.54
2022-04-01 01:55:54,536.61
2022-04-01 01:55:59,536.67
2022-04-01 01:56:04,536.74
2022-04-01 01:56:09,536.83
2022-04-01 01:56:14,536.83
2022-04-01 01:56:19,536.9
2022-04-01 01:56:24,526.5262783133161
2022-04-01 01:56:29,537.06
2022-04-01 01:56:34,526.5791169780605
2022-04-01 01:56:39,537.19
2022-04-01 01:56:44,537.25
2022-04-01 01:56:49,537.35
2022-04-01 01:56:54,537.41
2022-04-01 01:56:59,537.48
2022-04-01 01:57:04,537.54
2022-04-01 01:57:09,537.57
2022-04-01 01:57:14,537.57
2022-04-01 01:57:19,537.7
2022-04-01 01:57:24,537.76
2022-04-01 01:57:29,526.8735961305078
2022-04-01 01:57:34,537.86
2022-04-01 01:57:39,537.93
2022-04-01 01:57:44,537.99
2022-04-01 01:57:49,537.99
2022-04-01 01:57:54,538.09
2022-04-01 01:57:59,527.0360875916974
2022-04-01 01:58:04,538.21
2022-04-01 01:58:09,538.28
2022-04-01 01:58:14,538.28
2022-04-01 01:58:19,538.34
2022-04-01 01:58:24,538.38
2022-04-01 01:58:29,538.44
2022-04-01 01:58:34,538.5
2022-04-01 01:58:39,538.57
2022-04-01 01:58:44,538.6
2022-04-01 01:58:49,538.67
2022-04-01 01:58:54,538.73
2022-04-01 01:58:59,538.8
2022-04-01 01:59:04,538.8
2022-04-01 01:59:09,538.89
2022-04-01 01:59:14,538.96
2022-04-01 01:59:19,539.02
2022-04-01 01:59:24,539.08
2022-04-01 01:59:29,539.09
2022-04-01 01:59:34,527.5514700263739
2022-04-01 01:59:39,539.18
2022-04-01 01:59:44,539.25
2022-04-01 01:59:49,539.31
2022-04-01 01:59:54,539.31
2022-04-01 01:59:59,539.31
2022-04-01 02:00:04,539.41
2022-04-01 02:00:09,539.41
2022-04-01 02:00:14,527.765570058188
2022-04-01 02:00:19,539.54
2022-04-01 02:00:24,539.6
2022-04-01 02:00:29,539.53
2022-04-01 02:00:34,539.6
2022-04-01 02:00:39,539.63
2022-04-01 02:00:44,539.7
2022-04-01 02:00:49,539.7
2022-04-01 02:00:54,539.76
2022-04-01 02:00:59,539.83
2022-04-01 02:01:04,539.83
2022-04-01 02:01:09,528.0534953819277
2022-04-01 02:01:14,539.89
2022-04-01 02:01:19,539.93
2022-04-01 02:01:24,539.93
2022-04-01 02:01:29,528.1557091706721
2022-04-01 02:01:34,539.99
2022-04-01 02:01:39,540.05
2022-04-01 02:01:44,540.12
2022-04-01 02:01:49,540.05
2022-04-01 02:01:54,540.12
2022-04-01 02:01:59,540.12
2022-04-01 02:02:04,540.12
2022-04-01 02:02:09,540.15
2022-04-01 02:02:14,540.21
2022-04-01 02:02:19,540.21
2022-04-01 02:02:24,540.21
2022-04-01 02:02:29,540.28
2022-04-01 02:02:34,540.34
2022-04-01 02:02:39,540.35
2022-04-01 02:02:44,540.35
2022-04-01 02:02:49,528.5489962451385
2022-04-01 02:02:54,540.41
2022-04-01 02:02:59,540.44
2022-04-01 02:03:04,540.44
2022-04-01 02:03:09,540.5
2022-04-01 02:03:14,540.51
2022-04-01 02:03:19,540.51
2022-04-01 02:03:24,528.7128995692588
2022-04-01 02:03:29,540.64
2022-04-01 02:03:34,540.64
2022-04-01 02:03:39,540.67
2022-04-01 02:03:44,540.74
2022-04-01 02:03:49,540.74
2022-04-01 02:03:54,540.74
2022-04-01 02:03:59,540.74
2022-04-01 02:04:04,540.8
2022-04-01 02:04:09,540.8
2022-04-01 02:04:14,540.87
2022-04-01 02:04:19,540.87
2022-04-01 02:04:24,540.93
2022-04-01 02:04:29,529.0034211777865
2022-04-01 02:04:34,540.96
2022-04-01 02:04:39,541.03
2022-04-01 02:04:44,541.03
2022-04-01 02:04:49,541.03
2022-04-01 02:04:54,541.09
2022-04-01 02:04:59,541.16
2022-04-01 02:05:04,529.1521074091127
2022-04-01 02:05:09,529.172893090334
2022-04-01 02:05:14,541.26
2022-04-01 02:05:19,529.2141186036836
2022-04-01 02:05:24,541.32
2022-04-01 02:05:29,541.33
2022-04-01 02:05:34,541.33
2022-04-01 02:05:39,541.46
2022-04-01 02:05:44,541.46
2022-04-01 02:05:49,541.49
2022-04-01 02:05:54,541.49
2022-04-01 02:05:59,541.55
2022-04-01 02:06:04,541.62
2022-04-01 02:06:09,541.62
2022-04-01 02:06:14,541.68
2022-04-01 02:06:19,541.72
2022-04-01 02:06:24,541.72
2022-04-01 02:06:29,541.78
2022-04-01 02:06:34,541.85
2022-04-01 02:06:39,541.85
2022-04-01 02:06:44,541.91
2022-04-01 02:06:49,541.98
2022-04-01 02:06:54,541.98
2022-04-01 02:06:59,542.01
2022-04-01 02:07:04,542.01
2022-04-01 02:07:09,529.6361872095948
2022-04-01 02:07:14,542.08
2022-04-01 02:07:19,542.07
2022-04-01 02:07:24,542.14
2022-04-01 02:07:29,542.2
2022-04-01 02:07:34,542.21
2022-04-01 02:07:39,542.21
2022-04-01 02:07:44,542.23
2022-04-01 02:07:49,542.24
2022-04-01 02:07:54,542.3
2022-04-01 02:07:59,542.21
2022-04-01 02:08:04,542.3
2022-04-01 02:08:09,542.3
2022-04-01 02:08:14,529.857275843366
2022-04-01 02:08:19,542.3
2022-04-01 02:08:24,542.3
2022-04-01 02:08:29,542.3
2022-04-01 02:08:34,542.3
2022-04-01 02:08:39,542.3
2022-04-01 02:08:44,542.3
2022-04-01 02:08:49,542.3
2022-04-01 02:08:54,542.3
2022-04-01 02:08:59,529.9973702451551
2022-04-01 02:09:04,542.3
2022-04-01 02:09:09,542.36
2022-04-01 02:09:14,542.3
2022-04-01 02:09:19,542.3
2022-04-01 02:09:24,542.36
2022-04-01 02:09:29,542.3
2022-04-01 02:09:34,542.36
2022-04-01 02:09:39,542.36
2022-04-01 02:09:44,542.36
2022-04-01 02:09:49,542.36
2022-04-01 02:09:54,542.36
2022-04-01 02:09:59,542.36
2022-04-01 02:10:04,542.29
2022-04-01 02:10:09,542.36
2022-04-01 02:10:14,542.36
2022-04-01 02:10:19,542.35
2022-04-01 02:10:24,542.35
2022-04-01 02:10:29,542.35
2022-04-01 02:10:34,542.35
2022-04-01 02:10:39,542.29
2022-04-01 02:10:44,542.29
2022-04-01 02:10:49,542.29
2022-04-01 02:10:54,542.29
2022-04-01 02:10:59,542.22
2022-04-01 02:11:04,542.22
2022-04-01 02:11:09,530.3392577382099
2022-04-01 02:11:14,542.22
2022-04-01 02:11:19,542.19
2022-04-01 02:11:24,542.12
2022-04-01 02:11:29,542.12
2022-04-01 02:11:34,542.12
2022-04-01 02:11:39,530.4043156439976
2022-04-01 02:11:44,542.12
2022-04-01 02:11:49,542.12
2022-04-01 02:11:54,542.05
2022-04-01 02:11:59,542.05
2022-04-01 02:12:04,530.4544155387495
2022-04-01 02:12:09,541.98
2022-04-01 02:12:14,541.98
2022-04-01 02:12:19,530.4826549503143
2022-04-01 02:12:24,541.98
2022-04-01 02:12:29,541.98
2022-04-01 02:12:34,541.98
2022-04-01 02:12:39,541.95
2022-04-01 02:12:44,541.95
2022-04-01 02:12:49,541.98
2022-04-01 02:12:54,541.98
2022-04-01 02:12:59,541.95
2022-04-01 02:13:04,541.95
2022-04-01 02:13:09,541.98
2022-04-01 02:13:14,541.94
2022-04-01 02:13:19,541.95
2022-04-01 02:13:24,541.98
2022-04-01 02:13:29,541.98
2022-04-01 02:13:34,541.94
2022-04-01 02:13:39,541.95
2022-04-01 02:13:44,541.95
2022-04-01 02:13:49,541.94
2022-04-01 02:13:54,541.94
2022-04-01 02:13:59,541.98
2022-04-01 02:14:04,541.98
2022-04-01 02:14:09,541.98
2022-04-01 02:14:14,542.04
2022-04-01 02:14:19,541.98
2022-04-01 02:14:24,542.04
2022-04-01 02:14:29,542.04
2022-04-01 02:14:34,542.11
2022-04-01 02:14:39,542.11
2022-04-01 02:14:44,542.17
2022-04-01 02:14:49,542.11
2022-04-01 02:14:54,542.17
2022-04-01 02:14:59,542.17
2022-04-01 02:15:04,542.2
2022-04-01 02:15:09,530.7033637992339
2022-04-01 02:15:14,542.2
2022-04-01 02:15:19,542.27
2022-04-01 02:15:24,542.27
2022-04-01 02:15:29,542.27
2022-04-01 02:15:34,542.33
2022-04-01 02:15:39,542.34
2022-04-01 02:15:44,542.4
2022-04-01 02:15:49,542.4
2022-04-01 02:15:54,542.4
2022-04-01 02:15:59,542.4
2022-04-01 02:16:04,542.4
2022-04-01 02:16:09,542.4
2022-04-01 02:16:14,530.737342751289
2022-04-01 02:16:19,542.4
2022-04-01 02:16:24,542.34
2022-04-01 02:16:29,542.34
2022-04-01 02:16:34,542.27
2022-04-01 02:16:39,542.21
2022-04-01 02:16:44,542.18
2022-04-01 02:16:49,542.05
2022-04-01 02:16:54,541.98
2022-04-01 02:16:59,541.95
2022-04-01 02:17:04,541.82
2022-04-01 02:17:09,541.76
2022-04-01 02:17:14,541.7
2022-04-01 02:17:19,541.6
2022-04-01 02:17:24,541.54
2022-04-01 02:17:29,541.47
2022-04-01 02:17:34,530.7401545301842
2022-04-01 02:17:39,541.25
2022-04-01 02:17:44,541.19
2022-04-01 02:17:49,541.09
2022-04-01 02:17:54,541.03
2022-04-01 02:17:59,540.93
2022-04-01 02:18:04,540.8
2022-04-01 02:18:09,540.67
2022-04-01 02:18:14,540.64
2022-04-01 02:18:19,540.51
2022-04-01 02:18:24,540.42
2022-04-01 02:18:29,540.35
2022-04-01 02:18:34,540.22
2022-04-01 02:18:39,540.12
2022-04-01 02:18:44,540.0
2022-04-01 02:18:49,539.9
2022-04-01 02:18:54,539.77
2022-04-01 02:18:59,539.71
2022-04-01 02:19:04,530.6925565517519
2022-04-01 02:19:09,539.48
2022-04-01 02:19:14,539.42
2022-04-01 02:19:19,539.32
2022-04-01 02:19:24,539.2
2022-04-01 02:19:29,539.13
2022-04-01 02:19:34,539.03
2022-04-01 02:19:39,538.91
2022-04-01 02:19:44,538.74
2022-04-01 02:19:49,538.68
2022-04-01 02:19:54,538.58
2022-04-01 02:19:59,538.52
2022-04-01 02:20:04,538.39
2022-04-01 02:20:09,538.29
2022-04-01 02:20:14,538.23
2022-04-01 02:20:19,538.1
2022-04-01 02:20:24,538.07
2022-04-01 02:20:29,538.01
2022-04-01 02:20:34,537.88
2022-04-01 02:20:39,537.85
2022-04-01 02:20:44,537.78
2022-04-01 02:20:49,537.72
2022-04-01 02:20:54,537.72
2022-04-01 02:20:59,537.59
2022-04-01 02:21:04,537.59
2022-04-01 02:21:09,537.5
2022-04-01 02:21:14,537.43
2022-04-01 02:21:19,537.37
2022-04-01 02:21:24,537.37
2022-04-01 02:21:29,537.37
2022-04-01 02:21:34,537.34
2022-04-01 02:21:39,537.27
2022-04-01 02:21:44,530.4777754870419
2022-04-01 02:21:49,537.21
2022-04-01 02:21:54,537.14
2022-04-01 02:21:59,530.4492320584699
2022-04-01 02:22:04,537.08
2022-04-01 02:22:09,537.14
2022-04-01 02:22:14,537.08
2022-04-01 02:22:19,537.05
2022-04-01 02:22:24,537.05
2022-04-01 02:22:29,537.05
2022-04-01 02:22:34,537.05
2022-04-01 02:22:39,537.05
2022-04-01 02:22:44,530.3550684486289
2022-04-01 02:22:49,537.05
2022-04-01 02:22:54,530.3324123600293
2022-04-01 02:22:59,537.06
2022-04-01 02:23:04,530.3091293824253
2022-04-01 02:23:09,537.06
2022-04-01 02:23:14,537.06
2022-04-01 02:23:19,537.06
2022-04-01 02:23:24,537.06
2022-04-01 02:23:29,537.09
2022-04-01 02:23:34,530.2355306913186
2022-04-01 02:23:39,537.16
2022-04-01 02:23:44,537.16
2022-04-01 02:23:49,537.16
2022-04-01 02:23:54,530.1833516743993
2022-04-01 02:23:59,537.23
2022-04-01 02:24:04,537.22
2022-04-01 02:24:09,537.29
2022-04-01 02:24:14,537.36
2022-04-01 02:24:19,537.39
2022-04-01 02:24:24,537.39
2022-04-01 02:24:29,537.45
2022-04-01 02:24:34,537.52
2022-04-01 02:24:39,537.58
2022-04-01 02:24:44,537.58
2022-04-01 02:24:49,537.62
2022-04-01 02:24:54,537.62
2022-04-01 02:24:59,537.68
2022-04-01 02:25:04,537.75
2022-04-01 02:25:09,537.81
2022-04-01 02:25:14,537.88
2022-04-01 02:25:19,537.88
2022-04-01 02:25:24,537.91
2022-04-01 02:25:29,537.91
2022-04-01 02:25:34,537.97
2022-04-01 02:25:39,538.04
2022-04-01 02:25:44,538.1
2022-04-01 02:25:49,538.14
2022-04-01 02:25:54,538.1
2022-04-01 02:25:59,538.2
2022-04-01 02:26:04,538.27
2022-04-01 02:26:09,538.27
2022-04-01 02:26:14,538.33
2022-04-01 02:26:19,538.4
2022-04-01 02:26:24,538.43
2022-04-01 02:26:29,538.43
2022-04-01 02:26:34,538.56
2022-04-01 02:26:39,538.49
2022-04-01 02:26:44,538.49
2022-04-01 02:26:49,538.62
2022-04-01 02:26:54,529.6032619504914
2022-04-01 02:26:59,538.65
2022-04-01 02:27:04,538.72
2022-04-01 02:27:09,538.78
2022-04-01 02:27:14,538.84
2022-04-01 02:27:19,538.91
2022-04-01 02:27:24,538.94
2022-04-01 02:27:29,539.0
2022-04-01 02:27:34,539.07
2022-04-01 02:27:39,539.13
2022-04-01 02:27:44,539.16
2022-04-01 02:27:49,539.23
2022-04-01 02:27:54,539.29
2022-04-01 02:27:59,529.3457278659142
2022-04-01 02:28:04,539.45
2022-04-01 02:28:09,529.3038808428608
2022-04-01 02:28:14,539.64
2022-04-01 02:28:19,529.2614433943559
2022-04-01 02:28:24,539.87
2022-04-01 02:28:29,539.93
2022-04-01 02:28:34,540.02
2022-04-01 02:28:39,540.09
2022-04-01 02:28:44,540.15
2022-04-01 02:28:49,540.31
2022-04-01 02:28:54,540.31
2022-04-01 02:28:59,540.48
2022-04-01 02:29:04,529.0631993985526
2022-04-01 02:29:09,529.0404402851203
2022-04-01 02:29:14,540.66
2022-04-01 02:29:19,540.7
2022-04-01 02:29:24,540.83
2022-04-01 02:29:29,540.89
2022-04-01 02:29:34,540.95
2022-04-01 02:29:39,540.98
2022-04-01 02:29:44,541.11
2022-04-01 02:29:49,541.18
2022-04-01 02:29:54,528.8291439508232
2022-04-01 02:29:59,541.34
2022-04-01 02:30:04,541.4
2022-04-01 02:30:09,541.4
2022-04-01 02:30:14,541.4
2022-04-01 02:30:19,541.5
2022-04-01 02:30:24,541.56
2022-04-01 02:30:29,541.63
2022-04-01 02:30:34,541.69
2022-04-01 02:30:39,541.69
2022-04-01 02:30:44,528.5826987977425
2022-04-01 02:30:49,541.78
2022-04-01 02:30:54,541.85
2022-04-01 02:30:59,541.91
2022-04-01 02:31:04,528.4815506574649
2022-04-01 02:31:09,542.01
2022-04-01 02:31:14,542.07
2022-04-01 02:31:19,542.14
2022-04-01 02:31:24,528.3793291695303
2022-04-01 02:31:29,542.2
2022-04-01 02:31:34,542.2
2022-04-01 02:31:39,528.302117188494
2022-04-01 02:31:44,542.23
2022-04-01 02:31:49,542.3
2022-04-01 02:31:54,542.29
2022-04-01 02:31:59,542.3
2022-04-01 02:32:04,542.42
2022-04-01 02:32:09,542.42
2022-04-01 02:32:14,542.49
2022-04-01 02:32:19,542.49
2022-04-01 02:32:24,542.52
2022-04-01 02:32:29,542.59
2022-04-01 02:32:34,542.65
2022-04-01 02:32:39,542.65
2022-04-01 02:32:44,542.71
2022-04-01 02:32:49,542.75
2022-04-01 02:32:54,542.81
2022-04-01 02:32:59,542.87
2022-04-01 02:33:04,542.87
2022-04-01 02:33:09,542.94
2022-04-01 02:33:14,543.01
2022-04-01 02:33:19,543.04
2022-04-01 02:33:24,543.1
2022-04-01 02:33:29,543.23
2022-04-01 02:33:34,543.26
2022-04-01 02:33:39,543.33
2022-04-01 02:33:44,543.33
2022-04-01 02:33:49,543.46
2022-04-01 02:33:54,543.52
2022-04-01 02:33:59,543.55
2022-04-01 02:34:04,543.62
2022-04-01 02:34:09,543.75
2022-04-01 02:34:14,543.75
2022-04-01 02:34:19,543.84
2022-04-01 02:34:24,543.91
2022-04-01 02:34:29,543.91
2022-04-01 02:34:34,527.4050721400896
2022-04-01 02:34:39,544.07
2022-04-01 02:34:44,544.2
2022-04-01 02:34:49,544.2
2022-04-01 02:34:54,544.26
2022-04-01 02:34:59,544.26
2022-04-01 02:35:04,544.42
2022-04-01 02:35:09,544.49
2022-04-01 02:35:14,544.55
2022-04-01 02:35:19,544.59
2022-04-01 02:35:24,544.59
2022-04-01 02:35:29,544.65
2022-04-01 02:35:34,544.72
2022-04-01 02:35:39,544.78
2022-04-01 02:35:44,544.81
2022-04-01 02:35:49,544.87
2022-04-01 02:35:54,527.0275402219369
2022-04-01 02:35:59,544.94
2022-04-01 02:36:04,545.0
2022-04-01 02:36:09,545.0
2022-04-01 02:36:14,545.0
2022-04-01 02:36:19,545.06
2022-04-01 02:36:24,545.1
2022-04-01 02:36:29,545.1
2022-04-01 02:36:34,545.16
2022-04-01 02:36:39,545.16
2022-04-01 02:36:44,545.22
2022-04-01 02:36:49,545.22
2022-04-01 02:36:54,545.22
2022-04-01 02:36:59,545.22
2022-04-01 02:37:04,545.28
2022-04-01 02:37:09,526.7132108021469
2022-04-01 02:37:14,545.28
2022-04-01 02:37:19,545.32
2022-04-01 02:37:24,545.28
2022-04-01 02:37:29,545.28
2022-04-01 02:37:34,545.31
2022-04-01 02:37:39,545.28
2022-04-01 02:37:44,545.31
2022-04-01 02:37:49,545.31
2022-04-01 02:37:54,526.548940160185
2022-04-01 02:37:59,526.5319856747923
2022-04-01 02:38:04,545.31
2022-04-01 02:38:09,545.31
2022-04-01 02:38:14,545.31
2022-04-01 02:38:19,545.31
2022-04-01 02:38:24,545.31
2022-04-01 02:38:29,545.37
2022-04-01 02:38:34,545.3
2022-04-01 02:38:39,545.3
2022-04-01 02:38:44,545.3
2022-04-01 02:38:49,545.37
2022-04-01 02:38:54,545.37
2022-04-01 02:38:59,545.43
2022-04-01 02:39:04,526.3380700352984
2022-04-01 02:39:09,545.42
2022-04-01 02:39:14,545.42
2022-04-01 02:39:19,545.49
2022-04-01 02:39:24,545.42
2022-04-01 02:39:29,545.42
2022-04-01 02:39:34,545.49
2022-04-01 02:39:39,545.48
2022-04-01 02:39:44,545.48
2022-04-01 02:39:49,545.55
2022-04-01 02:39:54,526.2261719013494
2022-04-01 02:39:59,545.54
2022-04-01 02:40:04,545.58
2022-04-01 02:40:09,545.57
2022-04-01 02:40:14,526.1915241138888
2022-04-01 02:40:19,545.63
2022-04-01 02:40:24,545.57
2022-04-01 02:40:29,526.1695750574834
2022-04-01 02:40:34,545.63
2022-04-01 02:40:39,545.7
2022-04-01 02:40:44,545.63
2022-04-01 02:40:49,545.7
2022-04-01 02:40:54,545.7
2022-04-01 02:40:59,545.76
2022-04-01 02:41:04,526.1324890460196
2022-04-01 02:41:09,526.1288661130903
2022-04-01 02:41:14,545.76
2022-04-01 02:41:19,545.79
2022-04-01 02:41:24,545.79
2022-04-01 02:41:29,526.1187267485353
2022-04-01 02:41:34,545.85
2022-04-01 02:41:39,545.85
2022-04-01 02:41:44,545.92
2022-04-01 02:41:49,526.1157488059105
2022-04-01 02:41:54,545.98
2022-04-01 02:41:59,545.92
2022-04-01 02:42:04,545.92
2022-04-01 02:42:09,545.98
2022-04-01 02:42:14,545.98
2022-04-01 02:42:19,526.1252859919633
2022-04-01 02:42:24,546.05
2022-04-01 02:42:29,546.04
2022-04-01 02:42:34,546.05
2022-04-01 02:42:39,526.141364471906
2022-04-01 02:42:44,546.05
2022-04-01 02:42:49,546.08
2022-04-01 02:42:54,546.14
2022-04-01 02:42:59,546.14
2022-04-01 02:43:04,546.14
2022-04-01 02:43:09,546.14
2022-04-01 02:43:14,546.21
2022-04-01 02:43:19,526.1980360927897
2022-04-01 02:43:24,546.14
2022-04-01 02:43:29,546.21
2022-04-01 02:43:34,546.21
2022-04-01 02:43:39,546.21
2022-04-01 02:43:44,546.21
2022-04-01 02:43:49,546.21
2022-04-01 02:43:54,546.21
2022-04-01 02:43:59,546.27
2022-04-01 02:44:04,546.27
2022-04-01 02:44:09,546.27
2022-04-01 02:44:14,546.27
2022-04-01 02:44:19,546.27
2022-04-01 02:44:24,546.27
2022-04-01 02:44:29,546.27
2022-04-01 02:44:34,546.27
2022-04-01 02:44:39,546.27
2022-04-01 02:44:44,546.31
2022-04-01 02:44:49,546.31
2022-04-01 02:44:54,546.31
2022-04-01 02:44:59,546.27
2022-04-01 02:45:04,546.31
2022-04-01 02:45:09,546.31
2022-04-01 02:45:14,546.31
2022-04-01 02:45:19,546.37
2022-04-01 02:45:24,546.37
2022-04-01 02:45:29,546.37
2022-04-01 02:45:34,546.37
2022-04-01 02:45:39,546.37
2022-04-01 02:45:44,546.44
2022-04-01 02:45:49,546.37
2022-04-01 02:45:54,526.7316409694711
2022-04-01 02:45:59,546.44
2022-04-01 02:46:04,546.44
2022-04-01 02:46:09,546.44
2022-04-01 02:46:14,546.5
2022-04-01 02:46:19,546.44
2022-04-01 02:46:24,546.51
2022-04-01 02:46:29,546.5
2022-04-01 02:46:34,546.57
2022-04-01 02:46:39,546.57
2022-04-01 02:46:44,546.57
2022-04-01 02:46:49,546.57
2022-04-01 02:46:54,546.57
2022-04-01 02:46:59,546.6
2022-04-01 02:47:04,527.1162879828037
2022-04-01 02:47:09,546.6
2022-04-01 02:47:14,527.177470225649
2022-04-01 02:47:19,527.208609529908
2022-04-01 02:47:24,546.73
2022-04-01 02:47:29,546.73
2022-04-01 02:47:34,546.8
2022-04-01 02:47:39,546.8
2022-04-01 02:47:44,546.79
2022-04-01 02:47:49,546.8
2022-04-01 02:47:54,546.83
2022-04-01 02:47:59,546.89
2022-04-01 02:48:04,546.9
2022-04-01 02:48:09,546.9
2022-04-01 02:48:14,546.96
2022-04-01 02:48:19,546.96
2022-04-01 02:48:24,547.02
2022-04-01 02:48:29,547.09
2022-04-01 02:48:34,547.09
2022-04-01 02:48:39,527.7528791422194
2022-04-01 02:48:44,547.12
2022-04-01 02:48:49,547.19
2022-04-01 02:48:54,547.19
2022-04-01 02:48:59,547.25
2022-04-01 02:49:04,547.32
2022-04-01 02:49:09,547.32
2022-04-01 02:49:14,547.32
2022-04-01 02:49:19,547.42
2022-04-01 02:49:24,547.41
2022-04-01 02:49:29,547.41
2022-04-01 02:49:34,547.48
2022-04-01 02:49:39,547.48
2022-04-01 02:49:44,547.48
2022-04-01 02:49:49,547.55
2022-04-01 02:49:54,547.55
2022-04-01 02:49:59,547.64
2022-04-01 02:50:04,547.64
2022-04-01 02:50:09,547.64
2022-04-01 02:50:14,547.71
2022-04-01 02:50:19,547.71
2022-04-01 02:50:24,547.77
2022-04-01 02:50:29,547.77
2022-04-01 02:50:34,547.84
2022-04-01 02:50:39,547.87
2022-04-01 02:50:44,547.94
2022-04-01 02:50:49,547.87
2022-04-01 02:50:54,547.94
2022-04-01 02:50:59,548.0
2022-04-01 02:51:04,548.0
2022-04-01 02:51:09,548.07
2022-04-01 02:51:14,548.13
2022-04-01 02:51:19,548.13
2022-04-01 02:51:24,548.17
2022-04-01 02:51:29,548.17
2022-04-01 02:51:34,548.3
2022-04-01 02:51:39,529.2240668288246
2022-04-01 02:51:44,548.3
2022-04-01 02:51:49,548.3
2022-04-01 02:51:54,548.36
2022-04-01 02:51:59,548.39
2022-04-01 02:52:04,548.4
2022-04-01 02:52:09,548.4
2022-04-01 02:52:14,548.4
2022-04-01 02:52:19,548.46
2022-04-01 02:52:24,548.47
2022-04-01 02:52:29,529.6731171506577
2022-04-01 02:52:34,548.47
2022-04-01 02:52:39,548.53
2022-04-01 02:52:44,548.53
2022-04-01 02:52:49,548.53
2022-04-01 02:52:54,548.53
2022-04-01 02:52:59,548.53
2022-04-01 02:53:04,548.47
2022-04-01 02:53:09,548.41
2022-04-01 02:53:14,548.47
2022-04-01 02:53:19,548.41
2022-04-01 02:53:24,548.38
2022-04-01 02:53:29,548.41
2022-04-01 02:53:34,548.31
2022-04-01 02:53:39,548.31
2022-04-01 02:53:44,548.25
2022-04-01 02:53:49,548.25
2022-04-01 02:53:54,548.19
2022-04-01 02:53:59,548.19
2022-04-01 02:54:04,548.15
2022-04-01 02:54:09,548.15
2022-04-01 02:54:14,530.6423797263492
2022-04-01 02:54:19,547.96
2022-04-01 02:54:24,547.96
2022-04-01 02:54:29,547.86
2022-04-01 02:54:34,547.86
2022-04-01 02:54:39,530.875084390958
2022-04-01 02:54:44,547.67
2022-04-01 02:54:49,547.64
2022-04-01 02:54:54,547.44
2022-04-01 02:54:59,547.38
2022-04-01 02:55:04,547.35
2022-04-01 02:55:09,547.22
2022-04-01 02:55:14,547.15
2022-04-01 02:55:19,547.06
2022-04-01 02:55:24,546.99
2022-04-01 02:55:29,546.87
2022-04-01 02:55:34,546.83
2022-04-01 02:55:39,531.4311090951613
2022-04-01 02:55:44,546.61
2022-04-01 02:55:49,546.48
2022-04-01 02:55:54,546.41
2022-04-01 02:55:59,546.32
2022-04-01 02:56:04,546.19
2022-04-01 02:56:09,546.09
2022-04-01 02:56:14,545.9
2022-04-01 02:56:19,545.8
2022-04-01 02:56:24,545.67
2022-04-01 02:56:29,545.57
2022-04-01 02:56:34,545.37
2022-04-01 02:56:39,545.28
2022-04-01 02:56:44,545.09
2022-04-01 02:56:49,544.92
2022-04-01 02:56:54,544.7
2022-04-01 02:56:59,544.57
2022-04-01 02:57:04,544.47
2022-04-01 02:57:09,544.25
2022-04-01 02:57:14,544.12
2022-04-01 02:57:19,543.96
2022-04-01 02:57:24,543.76
2022-04-01 02:57:29,543.6
2022-04-01 02:57:34,532.4642786987644
2022-04-01 02:57:39,543.24
2022-04-01 02:57:44,532.5507879108649
2022-04-01 02:57:49,542.92
2022-04-01 02:57:54,542.69
2022-04-01 02:57:59,532.6792852064973
2022-04-01 02:58:04,542.47
2022-04-01 02:58:09,542.27
2022-04-01 02:58:14,542.11
2022-04-01 02:58:19,541.98
2022-04-01 02:58:24,541.82
2022-04-01 02:58:29,541.65
2022-04-01 02:58:34,541.46
2022-04-01 02:58:39,541.36
2022-04-01 02:58:44,533.0553968451533
2022-04-01 02:58:49,541.07
2022-04-01 02:58:54,540.85
2022-04-01 02:58:59,540.72
2022-04-01 02:59:04,540.62
2022-04-01 02:59:09,540.49
2022-04-01 02:59:14,540.33
2022-04-01 02:59:19,540.2
2022-04-01 02:59:24,540.11
2022-04-01 02:59:29,539.98
2022-04-01 02:59:34,539.82
2022-04-01 02:59:39,539.75
2022-04-01 02:59:44,539.62
2022-04-01 02:59:49,533.5726325136629
2022-04-01 02:59:54,539.39
2022-04-01 02:59:59,539.3
2022-04-01 03:00:04,539.23
2022-04-01 03:00:09,539.1
2022-04-01 03:00:14,539.01
2022-04-01 03:00:19,538.88
2022-04-01 03:00:24,538.78
2022-04-01 03:00:29,538.72
2022-04-01 03:00:34,533.911666265902
2022-04-01 03:00:39,533.9483359504006
2022-04-01 03:00:44,538.43
2022-04-01 03:00:49,538.36
2022-04-01 03:00:54,538.33
2022-04-01 03:00:59,538.2
2022-04-01 03:01:04,538.2
2022-04-01 03:01:09,538.07
2022-04-01 03:01:14,538.07
2022-04-01 03:01:19,538.04
2022-04-01 03:01:24,537.97
2022-04-01 03:01:29,534.3036566122079
2022-04-01 03:01:34,537.91
2022-04-01 03:01:39,534.372186461195
2022-04-01 03:01:44,537.82
2022-04-01 03:01:49,537.82
2022-04-01 03:01:54,537.75
2022-04-01 03:01:59,537.69
2022-04-01 03:02:04,537.69
2022-04-01 03:02:09,537.69
2022-04-01 03:02:14,537.62
2022-04-01 03:02:19,537.63
2022-04-01 03:02:24,537.63
2022-04-01 03:02:29,537.63
2022-04-01 03:02:34,537.56
2022-04-01 03:02:39,537.63
2022-04-01 03:02:44,537.56
2022-04-01 03:02:49,537.62
2022-04-01 03:02:54,537.63
2022-04-01 03:02:59,537.56
2022-04-01 03:03:04,537.56
2022-04-01 03:03:09,537.63
2022-04-01 03:03:14,537.56
2022-04-01 03:03:19,537.56
2022-04-01 03:03:24,537.63
2022-04-01 03:03:29,537.63
2022-04-01 03:03:34,537.56
2022-04-01 03:03:39,537.63
2022-04-01 03:03:44,537.63
2022-04-01 03:03:49,537.63
2022-04-01 03:03:54,537.63
2022-04-01 03:03:59,537.69
2022-04-01 03:04:04,537.75
2022-04-01 03:04:09,537.75
2022-04-01 03:04:14,537.75
2022-04-01 03:04:19,537.82
2022-04-01 03:04:24,537.85
2022-04-01 03:04:29,537.85
2022-04-01 03:04:34,537.91
2022-04-01 03:04:39,537.98
2022-04-01 03:04:44,538.04
2022-04-01 03:04:49,538.04
2022-04-01 03:04:54,538.07
2022-04-01 03:04:59,538.14
2022-04-01 03:05:04,535.5752489595172
2022-04-01 03:05:09,538.26
2022-04-01 03:05:14,538.36
2022-04-01 03:05:19,538.36
2022-04-01 03:05:24,538.42
2022-04-01 03:05:29,538.49
2022-04-01 03:05:34,538.55
2022-04-01 03:05:39,538.58
2022-04-01 03:05:44,538.65
2022-04-01 03:05:49,538.71
2022-04-01 03:05:54,538.77
2022-04-01 03:05:59,538.84
2022-04-01 03:06:04,538.87
2022-04-01 03:06:09,538.93
2022-04-01 03:06:14,535.890569656122
2022-04-01 03:06:19,539.06
2022-04-01 03:06:24,539.09
2022-04-01 03:06:29,539.22
2022-04-01 03:06:34,539.35
2022-04-01 03:06:39,539.35
2022-04-01 03:06:44,539.38
2022-04-01 03:06:49,539.5
2022-04-01 03:06:54,539.57
2022-04-01 03:06:59,539.6
2022-04-01 03:07:04,539.73
2022-04-01 03:07:09,536.1011841833132
2022-04-01 03:07:14,539.86
2022-04-01 03:07:19,536.1358490908932
2022-04-01 03:07:24,539.95
2022-04-01 03:07:29,540.01
2022-04-01 03:07:34,540.11
2022-04-01 03:07:39,540.24
2022-04-01 03:07:44,540.3
2022-04-01 03:07:49,540.36
2022-04-01 03:07:54,540.46
2022-04-01 03:07:59,540.52
2022-04-01 03:08:04,540.59
2022-04-01 03:08:09,540.62
2022-04-01 03:08:14,540.75
2022-04-01 03:08:19,540.81
2022-04-01 03:08:24,540.87
2022-04-01 03:08:29,540.97
2022-04-01 03:08:34,541.03
2022-04-01 03:08:39,536.3715766117466
2022-04-01 03:08:44,541.19
2022-04-01 03:08:49,541.25
2022-04-01 03:08:54,541.31
2022-04-01 03:08:59,536.4186607296338
2022-04-01 03:09:04,541.47
2022-04-01 03:09:09,541.6
2022-04-01 03:09:14,541.63
2022-04-01 03:09:19,541.7
2022-04-01 03:09:24,541.83
2022-04-01 03:09:29,541.89
2022-04-01 03:09:34,541.99
2022-04-01 03:09:39,542.05
2022-04-01 03:09:44,542.15
2022-04-01 03:09:49,542.21
2022-04-01 03:09:54,542.27
2022-04-01 03:09:59,542.34
2022-04-01 03:10:04,542.43
2022-04-01 03:10:09,542.5
2022-04-01 03:10:14,542.56
2022-04-01 03:10:19,536.5576785071707
2022-04-01 03:10:24,542.66
2022-04-01 03:10:29,542.79
2022-04-01 03:10:34,542.85
2022-04-01 03:10:39,542.91
2022-04-01 03:10:44,542.94
2022-04-01 03:10:49,543.07
2022-04-01 03:10:54,543.14
2022-04-01 03:10:59,543.17
2022-04-01 03:11:04,543.3
2022-04-01 03:11:09,543.3
2022-04-01 03:11:14,536.6059387065552
2022-04-01 03:11:19,536.608358076552
2022-04-01 03:11:24,543.52
2022-04-01 03:11:29,543.65
2022-04-01 03:11:34,543.68
2022-04-01 03:11:39,543.75
2022-04-01 03:11:44,543.81
2022-04-01 03:11:49,543.88
2022-04-01 03:11:54,543.97
2022-04-01 03:11:59,544.1
2022-04-01 03:12:04,544.1
2022-04-01 03:12:09,544.2
2022-04-01 03:12:14,544.2
2022-04-01 03:12:19,544.33
2022-04-01 03:12:24,544.39
2022-04-01 03:12:29,544.46
2022-04-01 03:12:34,544.49
2022-04-01 03:12:39,544.55
2022-04-01 03:12:44,544.62
2022-04-01 03:12:49,544.68
2022-04-01 03:12:54,544.72
2022-04-01 03:12:59,544.78
2022-04-01 03:13:04,544.85
2022-04-01 03:13:09,544.91
2022-04-01 03:13:14,544.97
2022-04-01 03:13:19,544.97
2022-04-01 03:13:24,536.5600109475093
2022-04-01 03:13:29,545.01
2022-04-01 03:13:34,536.5471551169633
2022-04-01 03:13:39,545.07
2022-04-01 03:13:44,536.5329818347143
2022-04-01 03:13:49,545.07
2022-04-01 03:13:54,545.13
2022-04-01 03:13:59,545.13
2022-04-01 03:14:04,545.2
2022-04-01 03:14:09,545.2
2022-04-01 03:14:14,545.2
2022-04-01 03:14:19,545.2
2022-04-01 03:14:24,545.23
2022-04-01 03:14:29,545.23
2022-04-01 03:14:34,545.23
2022-04-01 03:14:39,536.4316133194302
2022-04-01 03:14:44,545.2
2022-04-01 03:14:49,545.23
2022-04-01 03:14:54,545.19
2022-04-01 03:14:59,545.22
2022-04-01 03:15:04,545.23
2022-04-01 03:15:09,536.3597405195505
2022-04-01 03:15:14,536.3466316863953
2022-04-01 03:15:19,545.13
2022-04-01 03:15:24,545.13
2022-04-01 03:15:29,545.13
2022-04-01 03:15:34,545.06
2022-04-01 03:15:39,545.0
2022-04-01 03:15:44,545.0
2022-04-01 03:15:49,544.96
2022-04-01 03:15:54,544.9
2022-04-01 03:15:59,544.9
2022-04-01 03:16:04,544.77
2022-04-01 03:16:09,536.1812737402356
2022-04-01 03:16:14,544.7
2022-04-01 03:16:19,544.67
2022-04-01 03:16:24,544.6
2022-04-01 03:16:29,544.54
2022-04-01 03:16:34,544.47
2022-04-01 03:16:39,544.37
2022-04-01 03:16:44,544.31
2022-04-01 03:16:49,536.0368363472646
2022-04-01 03:16:54,544.18
2022-04-01 03:16:59,544.08
2022-04-01 03:17:04,544.08
2022-04-01 03:17:09,543.95
2022-04-01 03:17:14,543.86
2022-04-01 03:17:19,543.79
2022-04-01 03:17:24,543.73
2022-04-01 03:17:29,535.872255194856
2022-04-01 03:17:34,543.56
2022-04-01 03:17:39,543.5
2022-04-01 03:17:44,543.4
2022-04-01 03:17:49,543.33
2022-04-01 03:17:54,543.27
2022-04-01 03:17:59,543.2
2022-04-01 03:18:04,543.1
2022-04-01 03:18:09,543.04
2022-04-01 03:18:14,542.97
2022-04-01 03:18:19,542.91
2022-04-01 03:18:24,542.74
2022-04-01 03:18:29,542.68
2022-04-01 03:18:34,542.62
2022-04-01 03:18:39,542.52
2022-04-01 03:18:44,542.45
2022-04-01 03:18:49,542.35
2022-04-01 03:18:54,542.22
2022-04-01 03:18:59,542.16
2022-04-01 03:19:04,542.09
2022-04-01 03:19:09,541.99
2022-04-01 03:19:14,541.87
2022-04-01 03:19:19,541.83
2022-04-01 03:19:24,541.77
2022-04-01 03:19:29,541.7
2022-04-01 03:19:34,541.57
2022-04-01 03:19:39,541.54
2022-04-01 03:19:44,541.41
2022-04-01 03:19:49,541.41
2022-04-01 03:19:54,541.31
2022-04-01 03:19:59,541.25
2022-04-01 03:20:04,541.25
2022-04-01 03:20:09,541.12
2022-04-01 03:20:14,541.12
2022-04-01 03:20:19,541.05
2022-04-01 03:20:24,540.95
2022-04-01 03:20:29,540.95
2022-04-01 03:20:34,534.8545532957645
2022-04-01 03:20:39,540.95
2022-04-01 03:20:44,540.79
2022-04-01 03:20:49,540.79
2022-04-01 03:20:54,540.79
2022-04-01 03:20:59,540.79
2022-04-01 03:21:04,540.79
2022-04-01 03:21:09,540.72
2022-04-01 03:21:14,540.79
2022-04-01 03:21:19,540.72
2022-04-01 03:21:24,540.72
2022-04-01 03:21:29,540.72
2022-04-01 03:21:34,540.72
2022-04-01 03:21:39,534.3991966409133
2022-04-01 03:21:44,534.3621076516399
2022-04-01 03:21:49,540.79
2022-04-01 03:21:54,540.79
2022-04-01 03:21:59,540.82
2022-04-01 03:22:04,540.82
2022-04-01 03:22:09,540.82
2022-04-01 03:22:14,540.88
2022-04-01 03:22:19,540.88
2022-04-01 03:22:24,540.88
2022-04-01 03:22:29,540.95
2022-04-01 03:22:34,541.01
2022-04-01 03:22:39,541.01
2022-04-01 03:22:44,541.01
2022-04-01 03:22:49,541.05
2022-04-01 03:22:54,541.04
2022-04-01 03:22:59,541.05
2022-04-01 03:23:04,541.17
2022-04-01 03:23:09,541.17
2022-04-01 03:23:14,541.17
2022-04-01 03:23:19,541.24
2022-04-01 03:23:24,541.24
2022-04-01 03:23:29,541.3
2022-04-01 03:23:34,541.33
2022-04-01 03:23:39,541.33
2022-04-01 03:23:44,541.4
2022-04-01 03:23:49,541.4
2022-04-01 03:23:54,541.46
2022-04-01 03:23:59,541.52
2022-04-01 03:24:04,541.56
2022-04-01 03:24:09,541.62
2022-04-01 03:24:14,541.62
2022-04-01 03:24:19,541.75
2022-04-01 03:24:24,541.75
2022-04-01 03:24:29,541.81
2022-04-01 03:24:34,541.84
2022-04-01 03:24:39,532.8823096974494
2022-04-01 03:24:44,541.97
2022-04-01 03:24:49,542.03
2022-04-01 03:24:54,542.13
2022-04-01 03:24:59,542.19
2022-04-01 03:25:04,542.26
2022-04-01 03:25:09,532.5938039237863
2022-04-01 03:25:14,542.35
2022-04-01 03:25:19,542.42
2022-04-01 03:25:24,542.55
2022-04-01 03:25:29,542.55
2022-04-01 03:25:34,542.64
2022-04-01 03:25:39,542.7
2022-04-01 03:25:44,542.71
2022-04-01 03:25:49,542.83
2022-04-01 03:25:54,532.1423552482966
2022-04-01 03:25:59,542.92
2022-04-01 03:26:04,542.99
2022-04-01 03:26:09,543.05
2022-04-01 03:26:14,543.08
2022-04-01 03:26:19,543.15
2022-04-01 03:26:24,543.34
2022-04-01 03:26:29,543.37
2022-04-01 03:26:34,543.43
2022-04-01 03:26:39,543.56
2022-04-01 03:26:44,543.59
2022-04-01 03:26:49,543.72
2022-04-01 03:26:54,543.85
2022-04-01 03:26:59,543.88
2022-04-01 03:27:04,544.01
2022-04-01 03:27:09,544.07
2022-04-01 03:27:14,544.23
2022-04-01 03:27:19,544.29
2022-04-01 03:27:24,544.38
2022-04-01 03:27:29,544.51
2022-04-01 03:27:34,544.58
2022-04-01 03:27:39,544.74
2022-04-01 03:27:44,544.87
2022-04-01 03:27:49,544.87
2022-04-01 03:27:54,544.96
2022-04-01 03:27:59,545.12
2022-04-01 03:28:04,545.18
2022-04-01 03:28:09,545.31
2022-04-01 03:28:14,545.37
2022-04-01 03:28:19,545.47
2022-04-01 03:28:24,545.53
2022-04-01 03:28:29,545.63
2022-04-01 03:28:34,545.75
2022-04-01 03:28:39,545.82
2022-04-01 03:28:44,530.2626816757527
2022-04-01 03:28:49,545.98
2022-04-01 03:28:54,546.11
2022-04-01 03:28:59,546.2
2022-04-01 03:29:04,546.26
2022-04-01 03:29:09,529.9687394562307
2022-04-01 03:29:14,546.48
2022-04-01 03:29:19,546.55
2022-04-01 03:29:24,546.64
2022-04-01 03:29:29,546.7
2022-04-01 03:29:34,546.77
2022-04-01 03:29:39,546.89
2022-04-01 03:29:44,546.89
2022-04-01 03:29:49,546.99
2022-04-01 03:29:54,547.05
2022-04-01 03:29:59,547.05
2022-04-01 03:30:04,547.11
2022-04-01 03:30:09,547.14
2022-04-01 03:30:14,547.21
2022-04-01 03:30:19,547.21
2022-04-01 03:30:24,547.27
2022-04-01 03:30:29,547.34
2022-04-01 03:30:34,547.27
2022-04-01 03:30:39,547.34
2022-04-01 03:30:44,547.34
2022-04-01 03:30:49,547.33
2022-04-01 03:30:54,547.33
2022-04-01 03:30:59,547.33
2022-04-01 03:31:04,547.27
2022-04-01 03:31:09,547.27
2022-04-01 03:31:14,547.27
2022-04-01 03:31:19,547.2
2022-04-01 03:31:24,547.14
2022-04-01 03:31:29,547.14
2022-04-01 03:31:34,547.04
2022-04-01 03:31:39,547.04
2022-04-01 03:31:44,546.91
2022-04-01 03:31:49,546.87
2022-04-01 03:31:54,546.81
2022-04-01 03:31:59,527.9115503515933
2022-04-01 03:32:04,527.8503824420327
2022-04-01 03:32:09,546.59
2022-04-01 03:32:14,546.52
2022-04-01 03:32:19,546.36
2022-04-01 03:32:24,527.605821856146
2022-04-01 03:32:29,546.23
2022-04-01 03:32:34,546.1
2022-04-01 03:32:39,546.01
2022-04-01 03:32:44,527.3616197060494
2022-04-01 03:32:49,545.78
2022-04-01 03:32:54,545.72
2022-04-01 03:32:59,545.59
2022-04-01 03:33:04,545.49
2022-04-01 03:33:09,545.33
2022-04-01 03:33:14,545.26
2022-04-01 03:33:19,545.07
2022-04-01 03:33:24,545.04
2022-04-01 03:33:29,544.91
2022-04-01 03:33:34,544.81
2022-04-01 03:33:39,544.68
2022-04-01 03:33:44,544.56
2022-04-01 03:33:49,544.46
2022-04-01 03:33:54,544.3
2022-04-01 03:33:59,544.17
2022-04-01 03:34:04,544.04
2022-04-01 03:34:09,543.88
2022-04-01 03:34:14,543.78
2022-04-01 03:34:19,543.58
2022-04-01 03:34:24,543.49
2022-04-01 03:34:29,543.36
2022-04-01 03:34:34,543.26
2022-04-01 03:34:39,543.2
2022-04-01 03:34:44,543.0
2022-04-01 03:34:49,542.91
2022-04-01 03:34:54,542.91
2022-04-01 03:34:59,525.7410163989659
2022-04-01 03:35:04,542.62
2022-04-01 03:35:09,542.49
2022-04-01 03:35:14,542.39
2022-04-01 03:35:19,542.32
2022-04-01 03:35:24,542.23
2022-04-01 03:35:29,525.3920473773563
2022-04-01 03:35:34,542.03
2022-04-01 03:35:39,541.97
2022-04-01 03:35:44,541.93
2022-04-01 03:35:49,541.74
2022-04-01 03:35:54,541.7
2022-04-01 03:35:59,541.58
2022-04-01 03:36:04,524.9923327672101
2022-04-01 03:36:09,541.44
2022-04-01 03:36:14,541.35
2022-04-01 03:36:19,541.28
2022-04-01 03:36:24,541.18
2022-04-01 03:36:29,541.12
2022-04-01 03:36:34,541.05
2022-04-01 03:36:39,540.99
2022-04-01 03:36:44,540.89
2022-04-01 03:36:49,540.83
2022-04-01 03:36:54,540.76
2022-04-01 03:36:59,540.76
2022-04-01 03:37:04,540.7
2022-04-01 03:37:09,540.66
2022-04-01 03:37:14,540.6
2022-04-01 03:37:19,540.53
2022-04-01 03:37:24,540.47
2022-04-01 03:37:29,540.4
2022-04-01 03:37:34,540.37
2022-04-01 03:37:39,540.37
2022-04-01 03:37:44,540.3
2022-04-01 03:37:49,523.8536543601764
2022-04-01 03:37:54,540.24
2022-04-01 03:37:59,540.23
2022-04-01 03:38:04,540.17
2022-04-01 03:38:09,540.17
2022-04-01 03:38:14,540.17
2022-04-01 03:38:19,540.13
2022-04-01 03:38:24,540.16
2022-04-01 03:38:29,540.16
2022-04-01 03:38:34,540.16
2022-04-01 03:38:39,540.16
2022-04-01 03:38:44,540.22
2022-04-01 03:38:49,540.28
2022-04-01 03:38:54,540.28
2022-04-01 03:38:59,540.35
2022-04-01 03:39:04,540.35
2022-04-01 03:39:09,540.37
2022-04-01 03:39:14,540.44
2022-04-01 03:39:19,540.57
2022-04-01 03:39:24,540.63
2022-04-01 03:39:29,540.66
2022-04-01 03:39:34,540.79
2022-04-01 03:39:39,540.79
2022-04-01 03:39:44,540.95
2022-04-01 03:39:49,540.94
2022-04-01 03:39:54,541.07
2022-04-01 03:39:59,541.14
2022-04-01 03:40:04,541.23
2022-04-01 03:40:09,541.36
2022-04-01 03:40:14,522.4821314480864
2022-04-01 03:40:19,541.58
2022-04-01 03:40:24,541.68
2022-04-01 03:40:29,541.74
2022-04-01 03:40:34,541.9
2022-04-01 03:40:39,541.96
2022-04-01 03:40:44,542.09
2022-04-01 03:40:49,542.19
2022-04-01 03:40:54,542.25
2022-04-01 03:40:59,542.38
2022-04-01 03:41:04,542.48
2022-04-01 03:41:09,542.6
2022-04-01 03:41:14,521.9988529823778
2022-04-01 03:41:19,542.83
2022-04-01 03:41:24,542.89
2022-04-01 03:41:29,542.92
2022-04-01 03:41:34,543.05
2022-04-01 03:41:39,521.8122566431935
2022-04-01 03:41:44,543.27
2022-04-01 03:41:49,543.34
2022-04-01 03:41:54,543.44
2022-04-01 03:41:59,543.56
2022-04-01 03:42:04,543.69
2022-04-01 03:42:09,521.5995269196707
2022-04-01 03:42:14,543.85
2022-04-01 03:42:19,543.85
2022-04-01 03:42:24,543.95
2022-04-01 03:42:29,544.08
2022-04-01 03:42:34,521.4314100414003
2022-04-01 03:42:39,544.24
2022-04-01 03:42:44,544.3
2022-04-01 03:42:49,544.37
2022-04-01 03:42:54,521.3028103560022
2022-04-01 03:42:59,544.59
2022-04-01 03:43:04,544.72
2022-04-01 03:43:09,544.75
2022-04-01 03:43:14,544.82
2022-04-01 03:43:19,544.88
2022-04-01 03:43:24,544.98
2022-04-01 03:43:29,545.04
2022-04-01 03:43:34,545.17
2022-04-01 03:43:39,545.24
2022-04-01 03:43:44,545.27
2022-04-01 03:43:49,545.4
2022-04-01 03:43:54,545.46
2022-04-01 03:43:59,545.49
2022-04-01 03:44:04,545.55
2022-04-01 03:44:09,545.69
2022-04-01 03:44:14,545.75
2022-04-01 03:44:19,545.78
2022-04-01 03:44:24,545.91
2022-04-01 03:44:29,520.7612303710355
2022-04-01 03:44:34,520.7358070662675
2022-04-01 03:44:39,520.7106840400796
2022-04-01 03:44:44,546.13
2022-04-01 03:44:49,546.26
2022-04-01 03:44:54,546.3
2022-04-01 03:44:59,546.3
2022-04-01 03:45:04,546.36
2022-04-01 03:45:09,520.5661892378048
2022-04-01 03:45:14,546.49
2022-04-01 03:45:19,546.52
2022-04-01 03:45:24,546.52
2022-04-01 03:45:29,546.58
2022-04-01 03:45:34,520.4538299657188
2022-04-01 03:45:39,546.58
2022-04-01 03:45:44,546.58
2022-04-01 03:45:49,546.58
2022-04-01 03:45:54,520.3691132049995
2022-04-01 03:45:59,546.51
2022-04-01 03:46:04,546.51
2022-04-01 03:46:09,546.48
2022-04-01 03:46:14,546.35
2022-04-01 03:46:19,546.28
2022-04-01 03:46:24,546.25
2022-04-01 03:46:29,520.231689184887
2022-04-01 03:46:34,546.06
2022-04-01 03:46:39,545.89
2022-04-01 03:46:44,545.77
2022-04-01 03:46:49,545.67
2022-04-01 03:46:54,545.47
2022-04-01 03:46:59,545.31
2022-04-01 03:47:04,545.22
2022-04-01 03:47:09,545.09
2022-04-01 03:47:14,544.86
2022-04-01 03:47:19,520.0586162198114
2022-04-01 03:47:24,544.5
2022-04-01 03:47:29,544.28
2022-04-01 03:47:34,544.05
2022-04-01 03:47:39,543.82
2022-04-01 03:47:44,543.66
2022-04-01 03:47:49,543.37
2022-04-01 03:47:54,543.15
2022-04-01 03:47:59,542.89
2022-04-01 03:48:04,542.63
2022-04-01 03:48:09,542.43
2022-04-01 03:48:14,542.21
2022-04-01 03:48:19,541.92
2022-04-01 03:48:24,541.75
2022-04-01 03:48:29,519.8603238509963
2022-04-01 03:48:34,541.3
2022-04-01 03:48:39,541.01
2022-04-01 03:48:44,540.81
2022-04-01 03:48:49,519.8127245841201
2022-04-01 03:48:54,519.801435965343
2022-04-01 03:48:59,540.07
2022-04-01 03:49:04,539.84
2022-04-01 03:49:09,519.7690191282626
2022-04-01 03:49:14,539.39
2022-04-01 03:49:19,539.16
2022-04-01 03:49:24,538.94
2022-04-01 03:49:29,538.71
2022-04-01 03:49:34,538.48
2022-04-01 03:49:39,519.7106056018066
2022-04-01 03:49:44,537.96
2022-04-01 03:49:49,537.7
2022-04-01 03:49:54,537.48
2022-04-01 03:49:59,537.32
2022-04-01 03:50:04,537.09
2022-04-01 03:50:09,536.86
2022-04-01 03:50:14,536.67
2022-04-01 03:50:19,536.44
2022-04-01 03:50:24,536.28
2022-04-01 03:50:29,536.05
2022-04-01 03:50:34,535.89
2022-04-01 03:50:39,535.63
2022-04-01 03:50:44,535.47
2022-04-01 03:50:49,535.3
2022-04-01 03:50:54,519.6006165023098
2022-04-01 03:50:59,519.5950492671267
2022-04-01 03:51:04,534.79
2022-04-01 03:51:09,534.66
2022-04-01 03:51:14,534.5
2022-04-01 03:51:19,534.34
2022-04-01 03:51:24,534.2
2022-04-01 03:51:29,534.04
2022-04-01 03:51:34,533.91
2022-04-01 03:51:39,533.82
2022-04-01 03:51:44,533.75
2022-04-01 03:51:49,533.56
2022-04-01 03:51:54,533.52
2022-04-01 03:51:59,533.39
2022-04-01 03:52:04,519.5417746124856
2022-04-01 03:52:09,519.5391066873723
2022-04-01 03:52:14,533.17
2022-04-01 03:52:19,533.1
2022-04-01 03:52:24,519.5322907900753
2022-04-01 03:52:29,533.04
2022-04-01 03:52:34,533.01
2022-04-01 03:52:39,532.94
2022-04-01 03:52:44,532.94
2022-04-01 03:52:49,532.94
2022-04-01 03:52:54,532.94
2022-04-01 03:52:59,532.94
2022-04-01 03:53:04,532.88
2022-04-01 03:53:09,532.94
2022-04-01 03:53:14,532.94
2022-04-01 03:53:19,533.0
2022-04-01 03:53:24,532.94
2022-04-01 03:53:29,533.0
2022-04-01 03:53:34,533.0
2022-04-01 03:53:39,533.03
2022-04-01 03:53:44,533.03
2022-04-01 03:53:49,519.5259958908094
2022-04-01 03:53:54,533.23
2022-04-01 03:53:59,533.29
2022-04-01 03:54:04,533.29
2022-04-01 03:54:09,533.39
2022-04-01 03:54:14,533.45
2022-04-01 03:54:19,533.52
2022-04-01 03:54:24,533.55
2022-04-01 03:54:29,533.68
2022-04-01 03:54:34,533.81
2022-04-01 03:54:39,533.84
2022-04-01 03:54:44,533.9
2022-04-01 03:54:49,534.03
2022-04-01 03:54:54,534.13
2022-04-01 03:54:59,534.26
2022-04-01 03:55:04,534.32
2022-04-01 03:55:09,534.42
2022-04-01 03:55:14,534.55
2022-04-01 03:55:19,534.64
2022-04-01 03:55:24,534.77
2022-04-01 03:55:29,534.87
2022-04-01 03:55:34,519.5873633267964
2022-04-01 03:55:39,535.09
2022-04-01 03:55:44,535.22
2022-04-01 03:55:49,535.35
2022-04-01 03:55:54,535.45
2022-04-01 03:55:59,535.61
2022-04-01 03:56:04,535.74
2022-04-01 03:56:09,535.87
2022-04-01 03:56:14,536.03
2022-04-01 03:56:19,536.12
2022-04-01 03:56:24,536.32
2022-04-01 03:56:29,536.48
2022-04-01 03:56:34,536.6
2022-04-01 03:56:39,536.7
2022-04-01 03:56:44,536.89
2022-04-01 03:56:49,537.05
2022-04-01 03:56:54,519.6769322303436
2022-04-01 03:56:59,537.34
2022-04-01 03:57:04,537.5
2022-04-01 03:57:09,537.66
2022-04-01 03:57:14,537.86
2022-04-01 03:57:19,538.02
2022-04-01 03:57:24,538.24
2022-04-01 03:57:29,538.37
2022-04-01 03:57:34,519.7331310403025
2022-04-01 03:57:39,538.69
2022-04-01 03:57:44,538.88
2022-04-01 03:57:49,519.7559125957983
2022-04-01 03:57:54,539.27
2022-04-01 03:57:59,539.46
2022-04-01 03:58:04,539.62
2022-04-01 03:58:09,539.78
2022-04-01 03:58:14,539.97
2022-04-01 03:58:19,540.13
2022-04-01 03:58:24,540.36
2022-04-01 03:58:29,540.48
2022-04-01 03:58:34,540.64
2022-04-01 03:58:39,540.87
2022-04-01 03:58:44,541.03
2022-04-01 03:58:49,541.21
2022-04-01 03:58:54,541.44
2022-04-01 03:58:59,541.54
2022-04-01 03:59:04,541.76
2022-04-01 03:59:09,541.96
2022-04-01 03:59:14,519.8998724869896
2022-04-01 03:59:19,542.18
2022-04-01 03:59:24,542.4
2022-04-01 03:59:29,542.53
2022-04-01 03:59:34,542.76
2022-04-01 03:59:39,542.92
2022-04-01 03:59:44,543.08
2022-04-01 03:59:49,543.27
2022-04-01 03:59:54,519.9747603941528
2022-04-01 03:59:59,543.56
2022-04-01 04:00:04,519.9940421294227
2022-04-01 04:00:09,543.81
2022-04-01 04:00:14,543.94
2022-04-01 04:00:19,544.1
2022-04-01 04:00:24,544.23
2022-04-01 04:00:29,544.32
2022-04-01 04:00:34,544.45
2022-04-01 04:00:39,544.61
2022-04-01 04:00:44,544.74
2022-04-01 04:00:49,544.83
2022-04-01 04:00:54,545.02
2022-04-01 04:00:59,545.09
2022-04-01 04:01:04,545.24
2022-04-01 04:01:09,545.34
2022-04-01 04:01:14,520.1337459444588
2022-04-01 04:01:19,545.53
2022-04-01 04:01:24,545.63
2022-04-01 04:01:29,545.82
2022-04-01 04:01:34,545.85
2022-04-01 04:01:39,545.98
2022-04-01 04:01:44,546.1
2022-04-01 04:01:49,520.2057359860821
2022-04-01 04:01:54,546.26
2022-04-01 04:01:59,520.2264479707487
2022-04-01 04:02:04,546.49
2022-04-01 04:02:09,546.55
2022-04-01 04:02:14,546.61
2022-04-01 04:02:19,546.71
2022-04-01 04:02:24,520.2783666200872
2022-04-01 04:02:29,546.77
2022-04-01 04:02:34,546.84
2022-04-01 04:02:39,546.87
2022-04-01 04:02:44,546.93
2022-04-01 04:02:49,520.3303117845355
2022-04-01 04:02:54,547.06
2022-04-01 04:02:59,547.06
2022-04-01 04:03:04,547.15
2022-04-01 04:03:09,547.15
2022-04-01 04:03:14,547.15
2022-04-01 04:03:19,547.21
2022-04-01 04:03:24,547.21
2022-04-01 04:03:29,547.21
2022-04-01 04:03:34,547.28
2022-04-01 04:03:39,547.28
2022-04-01 04:03:44,547.34
2022-04-01 04:03:49,547.34
2022-04-01 04:03:54,547.34
2022-04-01 04:03:59,547.34
2022-04-01 04:04:04,547.34
2022-04-01 04:04:09,547.34
2022-04-01 04:04:14,547.34
2022-04-01 04:04:19,547.27
2022-04-01 04:04:24,520.5241629398437
2022-04-01 04:04:29,547.27
2022-04-01 04:04:34,547.21
2022-04-01 04:04:39,547.15
2022-04-01 04:04:44,547.14
2022-04-01 04:04:49,520.5732493604531
2022-04-01 04:04:54,547.05
2022-04-01 04:04:59,546.98
2022-04-01 04:05:04,546.98
2022-04-01 04:05:09,546.85
2022-04-01 04:05:14,546.82
2022-04-01 04:05:19,546.69
2022-04-01 04:05:24,546.63
2022-04-01 04:05:29,520.6491656667355
2022-04-01 04:05:34,546.47
2022-04-01 04:05:39,546.4
2022-04-01 04:05:44,546.31
2022-04-01 04:05:49,520.6856802916182
2022-04-01 04:05:54,546.08
2022-04-01 04:05:59,546.02
2022-04-01 04:06:04,545.89
2022-04-01 04:06:09,545.79
2022-04-01 04:06:14,545.73
2022-04-01 04:06:19,545.66
2022-04-01 04:06:24,545.57
2022-04-01 04:06:29,545.44
2022-04-01 04:06:34,545.31
2022-04-01 04:06:39,545.15
2022-04-01 04:06:44,545.08
2022-04-01 04:06:49,544.99
2022-04-01 04:06:54,520.7961263344611
2022-04-01 04:06:59,544.79
2022-04-01 04:07:04,544.63
2022-04-01 04:07:09,544.54
2022-04-01 04:07:14,544.41
2022-04-01 04:07:19,544.28
2022-04-01 04:07:24,544.18
2022-04-01 04:07:29,520.8494249139653
2022-04-01 04:07:34,544.02
2022-04-01 04:07:39,543.89
2022-04-01 04:07:44,520.8707471606731
2022-04-01 04:07:49,543.66
2022-04-01 04:07:54,543.6
2022-04-01 04:07:59,543.5
2022-04-01 04:08:04,543.44
2022-04-01 04:08:09,543.31
2022-04-01 04:08:14,543.21
2022-04-01 04:08:19,543.15
2022-04-01 04:08:24,543.02
2022-04-01 04:08:29,542.85
2022-04-01 04:08:34,542.85
2022-04-01 04:08:39,520.94041482776
2022-04-01 04:08:44,542.63
2022-04-01 04:08:49,542.5
2022-04-01 04:08:54,542.47
2022-04-01 04:08:59,542.34
2022-04-01 04:09:04,542.18
2022-04-01 04:09:09,542.11
2022-04-01 04:09:14,541.95
2022-04-01 04:09:19,541.88
2022-04-01 04:09:24,541.75
2022-04-01 04:09:29,541.69
2022-04-01 04:09:34,541.65
2022-04-01 04:09:39,541.52
2022-04-01 04:09:44,541.43
2022-04-01 04:09:49,541.36
2022-04-01 04:09:54,541.23
2022-04-01 04:09:59,541.17
2022-04-01 04:10:04,541.13
2022-04-01 04:10:09,541.07
2022-04-01 04:10:14,540.94
2022-04-01 04:10:19,540.94
2022-04-01 04:10:24,540.84
2022-04-01 04:10:29,540.78
2022-04-01 04:10:34,540.71
2022-04-01 04:10:39,540.71
2022-04-01 04:10:44,540.64
2022-04-01 04:10:49,540.64
2022-04-01 04:10:54,540.64
2022-04-01 04:10:59,540.61
2022-04-01 04:11:04,540.6
2022-04-01 04:11:09,540.54
2022-04-01 04:11:14,540.54
2022-04-01 04:11:19,540.47
2022-04-01 04:11:24,540.47
2022-04-01 04:11:29,540.47
2022-04-01 04:11:34,540.47
2022-04-01 04:11:39,540.4
2022-04-01 04:11:44,540.4
2022-04-01 04:11:49,521.1133057879129
2022-04-01 04:11:54,521.1173344442919
2022-04-01 04:11:59,540.37
2022-04-01 04:12:04,540.37
2022-04-01 04:12:09,540.37
2022-04-01 04:12:14,540.36
2022-04-01 04:12:19,540.36
2022-04-01 04:12:24,540.36
2022-04-01 04:12:29,540.36
2022-04-01 04:12:34,540.36
2022-04-01 04:12:39,540.36
2022-04-01 04:12:44,540.36
2022-04-01 04:12:49,540.36
2022-04-01 04:12:54,521.1672790140261
2022-04-01 04:12:59,540.36
2022-04-01 04:13:04,540.39
2022-04-01 04:13:09,521.1805603895485
2022-04-01 04:13:14,540.45
2022-04-01 04:13:19,540.38
2022-04-01 04:13:24,540.38
2022-04-01 04:13:29,540.44
2022-04-01 04:13:34,540.44
2022-04-01 04:13:39,540.44
2022-04-01 04:13:44,540.51
2022-04-01 04:13:49,540.57
2022-04-01 04:13:54,540.61
2022-04-01 04:13:59,540.6
2022-04-01 04:14:04,540.6
2022-04-01 04:14:09,540.67
2022-04-01 04:14:14,540.73
2022-04-01 04:14:19,540.73
2022-04-01 04:14:24,540.79
2022-04-01 04:14:29,540.79
2022-04-01 04:14:34,540.86
2022-04-01 04:14:39,540.86
2022-04-01 04:14:44,540.89
2022-04-01 04:14:49,540.89
2022-04-01 04:14:54,540.95
2022-04-01 04:14:59,521.2971025152107
2022-04-01 04:15:04,541.02
2022-04-01 04:15:09,541.08
2022-04-01 04:15:14,541.08
2022-04-01 04:15:19,541.08
2022-04-01 04:15:24,521.3301645880123
2022-04-01 04:15:29,541.11
2022-04-01 04:15:34,541.18
2022-04-01 04:15:39,541.24
2022-04-01 04:15:44,541.24
2022-04-01 04:15:49,521.366403028992
2022-04-01 04:15:54,541.31
2022-04-01 04:15:59,541.31
2022-04-01 04:16:04,541.37
2022-04-01 04:16:09,541.37
2022-04-01 04:16:14,541.4
2022-04-01 04:16:19,541.47
2022-04-01 04:16:24,541.47
2022-04-01 04:16:29,521.4318584665124
2022-04-01 04:16:34,541.54
2022-04-01 04:16:39,541.6
2022-04-01 04:16:44,541.63
2022-04-01 04:16:49,541.7
2022-04-01 04:16:54,541.69
2022-04-01 04:16:59,541.76
2022-04-01 04:17:04,541.83
2022-04-01 04:17:09,541.89
2022-04-01 04:17:14,541.89
2022-04-01 04:17:19,541.92
2022-04-01 04:17:24,541.99
2022-04-01 04:17:29,541.99
2022-04-01 04:17:34,542.12
2022-04-01 04:17:39,542.12
2022-04-01 04:17:44,521.5838551306473
2022-04-01 04:17:49,542.21
2022-04-01 04:17:54,542.28
2022-04-01 04:17:59,542.34
2022-04-01 04:18:04,542.41
2022-04-01 04:18:09,542.44
2022-04-01 04:18:14,542.51
2022-04-01 04:18:19,542.57
2022-04-01 04:18:24,542.67
2022-04-01 04:18:29,542.73
2022-04-01 04:18:34,542.8
2022-04-01 04:18:39,521.7240858965101
2022-04-01 04:18:44,542.92
2022-04-01 04:18:49,543.02
2022-04-01 04:18:54,543.02
2022-04-01 04:18:59,543.15
2022-04-01 04:19:04,521.7970224437374
2022-04-01 04:19:09,543.18
2022-04-01 04:19:14,543.31
2022-04-01 04:19:19,543.37
2022-04-01 04:19:24,543.44
2022-04-01 04:19:29,543.47
2022-04-01 04:19:34,543.54
2022-04-01 04:19:39,543.66
2022-04-01 04:19:44,543.7
2022-04-01 04:19:49,543.76
2022-04-01 04:19:54,543.82
2022-04-01 04:19:59,543.89
2022-04-01 04:20:04,543.99
2022-04-01 04:20:09,544.05
2022-04-01 04:20:14,544.11
2022-04-01 04:20:19,544.18
2022-04-01 04:20:24,544.18
2022-04-01 04:20:29,544.21
2022-04-01 04:20:34,544.27
2022-04-01 04:20:39,544.4
2022-04-01 04:20:44,544.47
2022-04-01 04:20:49,544.5
2022-04-01 04:20:54,544.56
2022-04-01 04:20:59,544.56
2022-04-01 04:21:04,544.69
2022-04-01 04:21:09,544.69
2022-04-01 04:21:14,544.72
2022-04-01 04:21:19,544.78
2022-04-01 04:21:24,544.84
2022-04-01 04:21:29,544.84
2022-04-01 04:21:34,544.91
2022-04-01 04:21:39,544.97
2022-04-01 04:21:44,522.4262304842074
2022-04-01 04:21:49,522.4510008174287
2022-04-01 04:21:54,545.06
2022-04-01 04:21:59,545.13
2022-04-01 04:22:04,545.19
2022-04-01 04:22:09,545.22
2022-04-01 04:22:14,545.22
2022-04-01 04:22:19,545.29
2022-04-01 04:22:24,545.29
2022-04-01 04:22:29,545.35
2022-04-01 04:22:34,545.35
2022-04-01 04:22:39,522.7177797709625
2022-04-01 04:22:44,545.41
2022-04-01 04:22:49,545.48
2022-04-01 04:22:54,545.51
2022-04-01 04:22:59,545.48
2022-04-01 04:23:04,545.51
2022-04-01 04:23:09,545.5
2022-04-01 04:23:14,545.5
2022-04-01 04:23:19,545.5
2022-04-01 04:23:24,545.47
2022-04-01 04:23:29,545.47
2022-04-01 04:23:34,545.47
2022-04-01 04:23:39,545.4
2022-04-01 04:23:44,545.47
2022-04-01 04:23:49,545.4
2022-04-01 04:23:54,523.1811190268832
2022-04-01 04:23:59,545.33
2022-04-01 04:24:04,545.27
2022-04-01 04:24:09,545.27
2022-04-01 04:24:14,545.17
2022-04-01 04:24:19,545.17
2022-04-01 04:24:24,545.11
2022-04-01 04:24:29,545.04
2022-04-01 04:24:34,544.88
2022-04-01 04:24:39,544.81
2022-04-01 04:24:44,544.68
2022-04-01 04:24:49,523.5653525030723
2022-04-01 04:24:54,544.52
2022-04-01 04:24:59,544.43
2022-04-01 04:25:04,544.3
2022-04-01 04:25:09,544.13
2022-04-01 04:25:14,543.94
2022-04-01 04:25:19,543.84
2022-04-01 04:25:24,543.65
2022-04-01 04:25:29,543.49
2022-04-01 04:25:34,543.33
2022-04-01 04:25:39,543.14
2022-04-01 04:25:44,542.97
2022-04-01 04:25:49,542.88
2022-04-01 04:25:54,542.59
2022-04-01 04:25:59,542.4
2022-04-01 04:26:04,542.23
2022-04-01 04:26:09,542.01
2022-04-01 04:26:14,541.85
2022-04-01 04:26:19,524.2667250899422
2022-04-01 04:26:24,541.43
2022-04-01 04:26:29,541.27
2022-04-01 04:26:34,541.07
2022-04-01 04:26:39,540.85
2022-04-01 04:26:44,540.69
2022-04-01 04:26:49,540.56
2022-04-01 04:26:54,540.4
2022-04-01 04:26:59,524.604536017
2022-04-01 04:27:04,540.01
2022-04-01 04:27:09,539.82
2022-04-01 04:27:14,539.66
2022-04-01 04:27:19,539.5
2022-04-01 04:27:24,539.37
2022-04-01 04:27:29,539.21
2022-04-01 04:27:34,539.08
2022-04-01 04:27:39,538.98
2022-04-01 04:27:44,538.79
2022-04-01 04:27:49,525.0469779519901
2022-04-01 04:27:54,525.092377873802
2022-04-01 04:27:59,538.4
2022-04-01 04:28:04,538.34
2022-04-01 04:28:09,538.24
2022-04-01 04:28:14,538.11
2022-04-01 04:28:19,538.05
2022-04-01 04:28:24,537.96
2022-04-01 04:28:29,537.83
2022-04-01 04:28:34,537.83
2022-04-01 04:28:39,537.73
2022-04-01 04:28:44,537.73
2022-04-01 04:28:49,537.67
2022-04-01 04:28:54,537.6
2022-04-01 04:28:59,537.54
2022-04-01 04:29:04,537.54
2022-04-01 04:29:09,525.7962820429407
2022-04-01 04:29:14,537.48
2022-04-01 04:29:19,525.8931542441146
2022-04-01 04:29:24,537.48
2022-04-01 04:29:29,525.9906803537449
2022-04-01 04:29:34,537.45
2022-04-01 04:29:39,537.48
2022-04-01 04:29:44,537.48
2022-04-01 04:29:49,537.48
2022-04-01 04:29:54,537.48
2022-04-01 04:29:59,526.2870043988745
2022-04-01 04:30:04,537.54
2022-04-01 04:30:09,537.54
2022-04-01 04:30:14,537.61
2022-04-01 04:30:19,537.67
2022-04-01 04:30:24,537.74
2022-04-01 04:30:29,537.77
2022-04-01 04:30:34,537.9
2022-04-01 04:30:39,537.96
2022-04-01 04:30:44,538.0
2022-04-01 04:30:49,538.06
2022-04-01 04:30:54,538.19
2022-04-01 04:30:59,538.29
2022-04-01 04:31:04,538.41
2022-04-01 04:31:09,538.51
2022-04-01 04:31:14,538.58
2022-04-01 04:31:19,538.71
2022-04-01 04:31:24,538.77
2022-04-01 04:31:29,538.93
2022-04-01 04:31:34,539.09
2022-04-01 04:31:39,539.15
2022-04-01 04:31:44,539.29
2022-04-01 04:31:49,539.38
2022-04-01 04:31:54,527.4673068031997
2022-04-01 04:31:59,539.54
2022-04-01 04:32:04,539.67
2022-04-01 04:32:09,539.73
2022-04-01 04:32:14,539.83
2022-04-01 04:32:19,539.9
2022-04-01 04:32:24,540.02
2022-04-01 04:32:29,540.06
2022-04-01 04:32:34,540.06
2022-04-01 04:32:39,540.12
2022-04-01 04:32:44,540.18
2022-04-01 04:32:49,540.25
2022-04-01 04:32:54,540.31
2022-04-01 04:32:59,540.31
2022-04-01 04:33:04,540.31
2022-04-01 04:33:09,540.31
2022-04-01 04:33:14,540.31
2022-04-01 04:33:19,540.34
2022-04-01 04:33:24,540.34
2022-04-01 04:33:29,540.34
2022-04-01 04:33:34,540.34
2022-04-01 04:33:39,540.34
2022-04-01 04:33:44,540.3
2022-04-01 04:33:49,540.3
2022-04-01 04:33:54,540.24
2022-04-01 04:33:59,540.24
2022-04-01 04:34:04,540.1
2022-04-01 04:34:09,540.11
2022-04-01 04:34:14,540.04
2022-04-01 04:34:19,540.04
2022-04-01 04:34:24,540.01
2022-04-01 04:34:29,539.88
2022-04-01 04:34:34,529.1868538272462
2022-04-01 04:34:39,539.72
2022-04-01 04:34:44,539.71
2022-04-01 04:34:49,529.350423201717
2022-04-01 04:34:54,539.49
2022-04-01 04:34:59,539.42
2022-04-01 04:35:04,539.3
2022-04-01 04:35:09,539.26
2022-04-01 04:35:14,539.13
2022-04-01 04:35:19,539.0
2022-04-01 04:35:24,538.91
2022-04-01 04:35:29,538.84
2022-04-01 04:35:34,538.74
2022-04-01 04:35:39,538.68
2022-04-01 04:35:44,538.55
2022-04-01 04:35:49,538.45
2022-04-01 04:35:54,538.38
2022-04-01 04:35:59,530.1147822476319
2022-04-01 04:36:04,538.16
2022-04-01 04:36:09,538.03
2022-04-01 04:36:14,537.96
2022-04-01 04:36:19,537.93
2022-04-01 04:36:24,537.8
2022-04-01 04:36:29,537.74
2022-04-01 04:36:34,530.4962961146348
2022-04-01 04:36:39,537.58
2022-04-01 04:36:44,537.45
2022-04-01 04:36:49,537.42
2022-04-01 04:36:54,537.35
2022-04-01 04:36:59,537.22
2022-04-01 04:37:04,537.19
2022-04-01 04:37:09,537.06
2022-04-01 04:37:14,536.99
2022-04-01 04:37:19,536.93
2022-04-01 04:37:24,531.0386632270655
2022-04-01 04:37:29,536.77
2022-04-01 04:37:34,536.7
2022-04-01 04:37:39,536.61
2022-04-01 04:37:44,536.61
2022-04-01 04:37:49,531.3081139744162
2022-04-01 04:37:54,536.48
2022-04-01 04:37:59,536.38
2022-04-01 04:38:04,536.32
2022-04-01 04:38:09,536.32
2022-04-01 04:38:14,536.19
2022-04-01 04:38:19,536.16
2022-04-01 04:38:24,536.03
2022-04-01 04:38:29,536.1
2022-04-01 04:38:34,535.96
2022-04-01 04:38:39,531.8422733288409
2022-04-01 04:38:44,535.9
2022-04-01 04:38:49,535.87
2022-04-01 04:38:54,535.81
2022-04-01 04:38:59,532.0538044795778
2022-04-01 04:39:04,535.68
2022-04-01 04:39:09,535.74
2022-04-01 04:39:14,532.2115315960465
2022-04-01 04:39:19,535.65
2022-04-01 04:39:24,535.65
2022-04-01 04:39:29,535.58
2022-04-01 04:39:34,535.58
2022-04-01 04:39:39,535.58
2022-04-01 04:39:44,535.58
2022-04-01 04:39:49,532.5761571146355
2022-04-01 04:39:54,535.58
2022-04-01 04:39:59,535.52
2022-04-01 04:40:04,535.52
2022-04-01 04:40:09,535.52
2022-04-01 04:40:14,535.52
2022-04-01 04:40:19,535.59
2022-04-01 04:40:24,535.65
2022-04-01 04:40:29,535.65
2022-04-01 04:40:34,535.65
2022-04-01 04:40:39,535.66
2022-04-01 04:40:44,535.69
2022-04-01 04:40:49,535.75
2022-04-01 04:40:54,535.88
2022-04-01 04:40:59,535.88
2022-04-01 04:41:04,535.98
2022-04-01 04:41:09,536.04
2022-04-01 04:41:14,536.17
2022-04-01 04:41:19,536.21
2022-04-01 04:41:24,536.34
2022-04-01 04:41:29,536.43
2022-04-01 04:41:34,536.5
2022-04-01 04:41:39,536.63
2022-04-01 04:41:44,536.72
2022-04-01 04:41:49,536.85
2022-04-01 04:41:54,536.95
2022-04-01 04:41:59,537.08
2022-04-01 04:42:04,537.21
2022-04-01 04:42:09,537.3
2022-04-01 04:42:14,537.43
2022-04-01 04:42:19,534.069739509925
2022-04-01 04:42:24,534.117194816388
2022-04-01 04:42:29,537.88
2022-04-01 04:42:34,537.98
2022-04-01 04:42:39,538.11
2022-04-01 04:42:44,538.27
2022-04-01 04:42:49,538.4
2022-04-01 04:42:54,534.3982398422227
2022-04-01 04:42:59,538.69
2022-04-01 04:43:04,538.85
2022-04-01 04:43:09,534.5363003514826
2022-04-01 04:43:14,539.14
2022-04-01 04:43:19,539.2
2022-04-01 04:43:24,539.43
2022-04-01 04:43:29,539.49
2022-04-01 04:43:34,539.66
2022-04-01 04:43:39,539.72
2022-04-01 04:43:44,539.88
2022-04-01 04:43:49,540.04
2022-04-01 04:43:54,540.17
2022-04-01 04:43:59,540.29
2022-04-01 04:44:04,540.39
2022-04-01 04:44:09,540.52
2022-04-01 04:44:14,540.68
2022-04-01 04:44:19,540.74
2022-04-01 04:44:24,540.84
2022-04-01 04:44:29,535.2423156443659
2022-04-01 04:44:34,535.284631039121
2022-04-01 04:44:39,541.19
2022-04-01 04:44:44,535.368584000798
2022-04-01 04:44:49,541.36
2022-04-01 04:44:54,541.48
2022-04-01 04:44:59,541.55
2022-04-01 04:45:04,541.65
2022-04-01 04:45:09,541.7
2022-04-01 04:45:14,541.77
2022-04-01 04:45:19,541.77
2022-04-01 04:45:24,541.93
2022-04-01 04:45:29,541.93
2022-04-01 04:45:34,535.7742612191537
2022-04-01 04:45:39,542.06
2022-04-01 04:45:44,542.06
2022-04-01 04:45:49,535.8911867803832
2022-04-01 04:45:54,542.15
2022-04-01 04:45:59,542.22
2022-04-01 04:46:04,542.15
2022-04-01 04:46:09,542.21
2022-04-01 04:46:14,542.28
2022-04-01 04:46:19,542.28
2022-04-01 04:46:24,542.28
2022-04-01 04:46:29,542.21
2022-04-01 04:46:34,542.27
2022-04-01 04:46:39,542.27
2022-04-01 04:46:44,542.21
2022-04-01 04:46:49,542.14
2022-04-01 04:46:54,536.3705427405195
2022-04-01 04:46:59,542.04
2022-04-01 04:47:04,542.04
2022-04-01 04:47:09,536.4745479413773
2022-04-01 04:47:14,541.91
2022-04-01 04:47:19,541.82
2022-04-01 04:47:24,541.75
2022-04-01 04:47:29,541.69
2022-04-01 04:47:34,541.62
2022-04-01 04:47:39,541.56
2022-04-01 04:47:44,541.46
2022-04-01 04:47:49,541.4
2022-04-01 04:47:54,541.3
2022-04-01 04:47:59,541.24
2022-04-01 04:48:04,541.11
2022-04-01 04:48:09,541.01
2022-04-01 04:48:14,536.8945170596097
2022-04-01 04:48:19,540.78
2022-04-01 04:48:24,540.72
2022-04-01 04:48:29,540.59
2022-04-01 04:48:34,540.49
2022-04-01 04:48:39,540.43
2022-04-01 04:48:44,540.3
2022-04-01 04:48:49,540.27
2022-04-01 04:48:54,540.14
2022-04-01 04:48:59,540.01
2022-04-01 04:49:04,539.92
2022-04-01 04:49:09,539.78
2022-04-01 04:49:14,539.75
2022-04-01 04:49:19,539.56
2022-04-01 04:49:24,539.56
2022-04-01 04:49:29,539.47
2022-04-01 04:49:34,539.34
2022-04-01 04:49:39,539.27
2022-04-01 04:49:44,539.24
2022-04-01 04:49:49,539.18
2022-04-01 04:49:54,539.05
2022-04-01 04:49:59,538.99
2022-04-01 04:50:04,538.95
2022-04-01 04:50:09,538.82
2022-04-01 04:50:14,538.76
2022-04-01 04:50:19,538.76
2022-04-01 04:50:24,538.66
2022-04-01 04:50:29,538.6
2022-04-01 04:50:34,538.47
2022-04-01 04:50:39,538.47
2022-04-01 04:50:44,537.6530043483958
2022-04-01 04:50:49,537.6728006107697
2022-04-01 04:50:54,538.31
2022-04-01 04:50:59,538.25
2022-04-01 04:51:04,538.15
2022-04-01 04:51:09,538.09
2022-04-01 04:51:14,538.09
2022-04-01 04:51:19,538.03
2022-04-01 04:51:24,537.93
2022-04-01 04:51:29,537.87
2022-04-01 04:51:34,537.8349929098123
2022-04-01 04:51:39,537.71
2022-04-01 04:51:44,537.71
2022-04-01 04:51:49,537.64
2022-04-01 04:51:54,537.58
2022-04-01 04:51:59,537.52
2022-04-01 04:52:04,537.45
2022-04-01 04:52:09,537.42
2022-04-01 04:52:14,537.36
2022-04-01 04:52:19,537.29
2022-04-01 04:52:24,537.3
2022-04-01 04:52:29,537.23
2022-04-01 04:52:34,537.23
2022-04-01 04:52:39,537.23
2022-04-01 04:52:44,537.2
2022-04-01 04:52:49,537.2
2022-04-01 04:52:54,537.2
2022-04-01 04:52:59,537.14
2022-04-01 04:53:04,537.13
2022-04-01 04:53:09,537.07
2022-04-01 04:53:14,537.07
2022-04-01 04:53:19,537.01
2022-04-01 04:53:24,537.01
2022-04-01 04:53:29,537.01
2022-04-01 04:53:34,536.95
2022-04-01 04:53:39,536.95
2022-04-01 04:53:44,536.94
2022-04-01 04:53:49,536.85
2022-04-01 04:53:54,536.91
2022-04-01 04:53:59,536.85
2022-04-01 04:54:04,536.85
2022-04-01 04:54:09,536.85
2022-04-01 04:54:14,536.78
2022-04-01 04:54:19,536.78
2022-04-01 04:54:24,536.78
2022-04-01 04:54:29,536.78
2022-04-01 04:54:34,536.72
2022-04-01 04:54:39,536.72
2022-04-01 04:54:44,538.2247912292719
2022-04-01 04:54:49,536.69
2022-04-01 04:54:54,536.62
2022-04-01 04:54:59,536.62
2022-04-01 04:55:04,536.62
2022-04-01 04:55:09,536.62
2022-04-01 04:55:14,536.56
2022-04-01 04:55:19,536.56
2022-04-01 04:55:24,536.56
2022-04-01 04:55:29,536.56
2022-04-01 04:55:34,536.49
2022-04-01 04:55:39,536.49
2022-04-01 04:55:44,536.43
2022-04-01 04:55:49,536.42
2022-04-01 04:55:54,536.39
2022-04-01 04:55:59,536.39
2022-04-01 04:56:04,536.32
2022-04-01 04:56:09,536.32
2022-04-01 04:56:14,536.26
2022-04-01 04:56:19,536.26
2022-04-01 04:56:24,536.26
2022-04-01 04:56:29,536.2
2022-04-01 04:56:34,536.2
2022-04-01 04:56:39,536.16
2022-04-01 04:56:44,536.1
2022-04-01 04:56:49,536.1
2022-04-01 04:56:54,536.1
2022-04-01 04:56:59,536.09
2022-04-01 04:57:04,536.03
2022-04-01 04:57:09,538.2391875696491
2022-04-01 04:57:14,536.03
2022-04-01 04:57:19,536.03
2022-04-01 04:57:24,535.96
2022-04-01 04:57:29,535.96
2022-04-01 04:57:34,535.9
2022-04-01 04:57:39,535.96
2022-04-01 04:57:44,535.9
2022-04-01 04:57:49,535.9
2022-04-01 04:57:54,538.2004934167003
2022-04-01 04:57:59,538.1950320257537
2022-04-01 04:58:04,535.89
2022-04-01 04:58:09,535.89
2022-04-01 04:58:14,535.89
2022-04-01 04:58:19,538.1709341796638
2022-04-01 04:58:24,538.1643543403086
2022-04-01 04:58:29,535.96
2022-04-01 04:58:34,535.96
2022-04-01 04:58:39,538.143306532222
2022-04-01 04:58:44,536.08
2022-04-01 04:58:49,536.02
2022-04-01 04:58:54,536.15
2022-04-01 04:58:59,536.15
2022-04-01 04:59:04,536.15
2022-04-01 04:59:09,538.0954620803293
2022-04-01 04:59:14,536.18
2022-04-01 04:59:19,536.24
2022-04-01 04:59:24,536.31
2022-04-01 04:59:29,536.37
2022-04-01 04:59:34,536.37
2022-04-01 04:59:39,536.41
2022-04-01 04:59:44,538.030329054796
2022-04-01 04:59:49,538.020234199441
2022-04-01 04:59:54,536.53
2022-04-01 04:59:59,536.66
2022-04-01 05:00:04,536.66
2022-04-01 05:00:09,537.9779409764112
2022-04-01 05:00:14,536.69
2022-04-01 05:00:19,537.9556676236108
2022-04-01 05:00:24,537.9442546468093
2022-04-01 05:00:29,536.89
2022-04-01 05:00:34,537.9208837851471
2022-04-01 05:00:39,536.98
2022-04-01 05:00:44,537.05
2022-04-01 05:00:49,537.18
2022-04-01 05:00:54,537.21
2022-04-01 05:00:59,537.34
2022-04-01 05:01:04,537.34
2022-04-01 05:01:09,537.5
2022-04-01 05:01:14,537.63
2022-04-01 05:01:19,537.7
2022-04-01 05:01:24,537.73
2022-04-01 05:01:29,537.79
2022-04-01 05:01:34,537.92
2022-04-01 05:01:39,538.02
2022-04-01 05:01:44,537.7379209848058
2022-04-01 05:01:49,538.22
2022-04-01 05:01:54,538.24
2022-04-01 05:01:59,538.37
2022-04-01 05:02:04,538.47
2022-04-01 05:02:09,538.6
2022-04-01 05:02:14,538.67
2022-04-01 05:02:19,538.76
2022-04-01 05:02:24,538.83
2022-04-01 05:02:29,538.9
2022-04-01 05:02:34,538.99
2022-04-01 05:02:39,539.12
2022-04-01 05:02:44,539.19
2022-04-01 05:02:49,539.25
2022-04-01 05:02:54,539.29
2022-04-01 05:02:59,539.35
2022-04-01 05:03:04,537.4912591073356
2022-04-01 05:03:09,539.51
2022-04-01 05:03:14,539.58
2022-04-01 05:03:19,539.64
2022-04-01 05:03:24,539.64
2022-04-01 05:03:29,539.77
2022-04-01 05:03:34,539.77
2022-04-01 05:03:39,539.8
2022-04-01 05:03:44,539.8
2022-04-01 05:03:49,537.3371549594274
2022-04-01 05:03:54,539.87
2022-04-01 05:03:59,539.94
2022-04-01 05:04:04,537.2835882915973
2022-04-01 05:04:09,539.87
2022-04-01 05:04:14,539.87
2022-04-01 05:04:19,539.87
2022-04-01 05:04:24,539.81
2022-04-01 05:04:29,539.87
2022-04-01 05:04:34,539.78
2022-04-01 05:04:39,539.78
2022-04-01 05:04:44,539.78
2022-04-01 05:04:49,539.78
2022-04-01 05:04:54,539.65
2022-04-01 05:04:59,539.65
2022-04-01 05:05:04,539.65
2022-04-01 05:05:09,539.59
2022-04-01 05:05:14,539.52
2022-04-01 05:05:19,539.49
2022-04-01 05:05:24,539.42
2022-04-01 05:05:29,539.36
2022-04-01 05:05:34,539.3
2022-04-01 05:05:39,539.29
2022-04-01 05:05:44,539.2
2022-04-01 05:05:49,539.2
2022-04-01 05:05:54,539.13
2022-04-01 05:05:59,539.13
2022-04-01 05:06:04,539.07
2022-04-01 05:06:09,539.07
2022-04-01 05:06:14,539.01
2022-04-01 05:06:19,539.01
2022-04-01 05:06:24,538.97
2022-04-01 05:06:29,538.97
2022-04-01 05:06:34,538.91
2022-04-01 05:06:39,538.91
2022-04-01 05:06:44,538.84
2022-04-01 05:06:49,538.84
2022-04-01 05:06:54,538.84
2022-04-01 05:06:59,538.84
2022-04-01 05:07:04,538.84
2022-04-01 05:07:09,538.91
2022-04-01 05:07:14,538.84
2022-04-01 05:07:19,538.84
2022-04-01 05:07:24,538.84
2022-04-01 05:07:29,538.77
2022-04-01 05:07:34,538.84
2022-04-01 05:07:39,538.83
2022-04-01 05:07:44,538.83
2022-04-01 05:07:49,536.3545316741225
2022-04-01 05:07:54,538.83
2022-04-01 05:07:59,538.83
2022-04-01 05:08:04,538.9
2022-04-01 05:08:09,538.9
2022-04-01 05:08:14,538.9
2022-04-01 05:08:19,538.9
2022-04-01 05:08:24,538.96
2022-04-01 05:08:29,538.96
2022-04-01 05:08:34,538.99
2022-04-01 05:08:39,538.99
2022-04-01 05:08:44,539.05
2022-04-01 05:08:49,539.05
2022-04-01 05:08:54,539.12
2022-04-01 05:08:59,539.12
2022-04-01 05:09:04,539.12
2022-04-01 05:09:09,539.12
2022-04-01 05:09:14,539.18
2022-04-01 05:09:19,539.18
2022-04-01 05:09:24,539.24
2022-04-01 05:09:29,539.24
2022-04-01 05:09:34,535.8294653294834
2022-04-01 05:09:39,539.27
2022-04-01 05:09:44,539.34
2022-04-01 05:09:49,539.27
2022-04-01 05:09:54,539.27
2022-04-01 05:09:59,539.27
2022-04-01 05:10:04,539.27
2022-04-01 05:10:09,539.34
2022-04-01 05:10:14,539.34
2022-04-01 05:10:19,539.27
2022-04-01 05:10:24,539.34
2022-04-01 05:10:29,539.34
2022-04-01 05:10:34,535.4993534715181
2022-04-01 05:10:39,539.27
2022-04-01 05:10:44,539.27
2022-04-01 05:10:49,539.34
2022-04-01 05:10:54,539.27
2022-04-01 05:10:59,539.27
2022-04-01 05:11:04,539.24
2022-04-01 05:11:09,539.24
2022-04-01 05:11:14,539.24
2022-04-01 05:11:19,539.24
2022-04-01 05:11:24,539.24
2022-04-01 05:11:29,539.24
2022-04-01 05:11:34,539.24
2022-04-01 05:11:39,539.24
2022-04-01 05:11:44,539.24
2022-04-01 05:11:49,539.18
2022-04-01 05:11:54,539.18
2022-04-01 05:11:59,539.18
2022-04-01 05:12:04,539.18
2022-04-01 05:12:09,534.9280439244781
2022-04-01 05:12:14,539.11
2022-04-01 05:12:19,539.05
2022-04-01 05:12:24,539.05
2022-04-01 05:12:29,539.12
2022-04-01 05:12:34,534.767240910148
2022-04-01 05:12:39,539.05
2022-04-01 05:12:44,539.05
2022-04-01 05:12:49,539.12
2022-04-01 05:12:54,538.99
2022-04-01 05:12:59,539.05
2022-04-01 05:13:04,538.99
2022-04-01 05:13:09,538.99
2022-04-01 05:13:14,538.96
2022-04-01 05:13:19,538.96
2022-04-01 05:13:24,538.96
2022-04-01 05:13:29,534.397350667107
2022-04-01 05:13:34,538.9
2022-04-01 05:13:39,538.84
2022-04-01 05:13:44,538.83
2022-04-01 05:13:49,538.77
2022-04-01 05:13:54,538.74
2022-04-01 05:13:59,538.74
2022-04-01 05:14:04,538.68
2022-04-01 05:14:09,538.62
2022-04-01 05:14:14,538.62
2022-04-01 05:14:19,538.55
2022-04-01 05:14:24,538.49
2022-04-01 05:14:29,533.9675649302867
2022-04-01 05:14:34,538.39
2022-04-01 05:14:39,538.33
2022-04-01 05:14:44,538.39
2022-04-01 05:14:49,538.33
2022-04-01 05:14:54,538.33
2022-04-01 05:14:59,538.27
2022-04-01 05:15:04,538.24
2022-04-01 05:15:09,538.24
2022-04-01 05:15:14,538.17
2022-04-01 05:15:19,538.11
2022-04-01 05:15:24,538.11
2022-04-01 05:15:29,538.05
2022-04-01 05:15:34,538.12
2022-04-01 05:15:39,538.12
2022-04-01 05:15:44,538.12
2022-04-01 05:15:49,538.05
2022-04-01 05:15:54,538.12
2022-04-01 05:15:59,538.12
2022-04-01 05:16:04,538.12
2022-04-01 05:16:09,538.12
2022-04-01 05:16:14,533.1455976699087
2022-04-01 05:16:19,538.19
2022-04-01 05:16:24,533.0624740084319
2022-04-01 05:16:29,538.19
2022-04-01 05:16:34,532.9784829475728
2022-04-01 05:16:39,538.29
2022-04-01 05:16:44,538.29
2022-04-01 05:16:49,538.35
2022-04-01 05:16:54,532.8078741717194
2022-04-01 05:16:59,538.42
2022-04-01 05:17:04,538.49
2022-04-01 05:17:09,538.49
2022-04-01 05:17:14,538.52
2022-04-01 05:17:19,538.58
2022-04-01 05:17:24,538.65
2022-04-01 05:17:29,538.71
2022-04-01 05:17:34,538.78
2022-04-01 05:17:39,538.88
2022-04-01 05:17:44,538.88
2022-04-01 05:17:49,538.94
2022-04-01 05:17:54,539.04
2022-04-01 05:17:59,539.11
2022-04-01 05:18:04,539.11
2022-04-01 05:18:09,539.17
2022-04-01 05:18:14,539.3
2022-04-01 05:18:19,539.34
2022-04-01 05:18:24,539.4
2022-04-01 05:18:29,539.47
2022-04-01 05:18:34,539.53
2022-04-01 05:18:39,539.56
2022-04-01 05:18:44,539.69
2022-04-01 05:18:49,539.69
2022-04-01 05:18:54,539.76
2022-04-01 05:18:59,539.83
2022-04-01 05:19:04,539.86
2022-04-01 05:19:09,539.92
2022-04-01 05:19:14,540.05
2022-04-01 05:19:19,540.06
2022-04-01 05:19:24,540.09
2022-04-01 05:19:29,540.15
2022-04-01 05:19:34,540.22
2022-04-01 05:19:39,540.28
2022-04-01 05:19:44,540.38
2022-04-01 05:19:49,540.38
2022-04-01 05:19:54,531.1101657865765
2022-04-01 05:19:59,531.0590827430851
2022-04-01 05:20:04,531.0078237492646
2022-04-01 05:20:09,540.61
2022-04-01 05:20:14,540.67
2022-04-01 05:20:19,540.68
2022-04-01 05:20:24,540.74
2022-04-01 05:20:29,540.81
2022-04-01 05:20:34,540.87
2022-04-01 05:20:39,540.9
2022-04-01 05:20:44,540.97
2022-04-01 05:20:49,530.5391528737156
2022-04-01 05:20:54,541.1
2022-04-01 05:20:59,530.433363673838
2022-04-01 05:21:04,541.2
2022-04-01 05:21:09,541.26
2022-04-01 05:21:14,530.273684183599
2022-04-01 05:21:19,530.2202061774949
2022-04-01 05:21:24,541.49
2022-04-01 05:21:29,541.56
2022-04-01 05:21:34,541.63
2022-04-01 05:21:39,541.66
2022-04-01 05:21:44,541.79
2022-04-01 05:21:49,541.85
2022-04-01 05:21:54,529.842698544701
2022-04-01 05:21:59,541.95
2022-04-01 05:22:04,542.08
2022-04-01 05:22:09,542.15
2022-04-01 05:22:14,529.6248039688568
2022-04-01 05:22:19,542.31
2022-04-01 05:22:24,542.38
2022-04-01 05:22:29,542.44
2022-04-01 05:22:34,529.4056070613032
2022-04-01 05:22:39,542.61
2022-04-01 05:22:44,529.2955902735782
2022-04-01 05:22:49,542.67
2022-04-01 05:22:54,529.1853319514568
2022-04-01 05:22:59,542.84
2022-04-01 05:23:04,542.97
2022-04-01 05:23:09,543.0
2022-04-01 05:23:14,543.07
2022-04-01 05:23:19,543.13
2022-04-01 05:23:24,543.23
2022-04-01 05:23:29,543.3
2022-04-01 05:23:34,543.36
2022-04-01 05:23:39,543.49
2022-04-01 05:23:44,543.53
2022-04-01 05:23:49,543.59
2022-04-01 05:23:54,543.66
2022-04-01 05:23:59,543.72
2022-04-01 05:24:04,543.76
2022-04-01 05:24:09,543.82
2022-04-01 05:24:14,543.95
2022-04-01 05:24:19,544.02
2022-04-01 05:24:24,544.05
2022-04-01 05:24:29,528.1311877061407
2022-04-01 05:24:34,544.18
2022-04-01 05:24:39,544.25
2022-04-01 05:24:44,544.28
2022-04-01 05:24:49,544.28
2022-04-01 05:24:54,544.35
2022-04-01 05:24:59,544.35
2022-04-01 05:25:04,544.42
2022-04-01 05:25:09,527.6873718543122
2022-04-01 05:25:14,544.48
2022-04-01 05:25:19,544.42
2022-04-01 05:25:24,544.42
2022-04-01 05:25:29,544.42
2022-04-01 05:25:34,544.42
2022-04-01 05:25:39,544.49
2022-04-01 05:25:44,544.42
2022-04-01 05:25:49,544.42
2022-04-01 05:25:54,544.42
2022-04-01 05:25:59,544.36
2022-04-01 05:26:04,544.36
2022-04-01 05:26:09,544.26
2022-04-01 05:26:14,544.27
2022-04-01 05:26:19,544.2
2022-04-01 05:26:24,526.8637293908986
2022-04-01 05:26:29,544.08
2022-04-01 05:26:34,526.7552454048479
2022-04-01 05:26:39,543.98
2022-04-01 05:26:44,543.91
2022-04-01 05:26:49,543.85
2022-04-01 05:26:54,543.75
2022-04-01 05:26:59,543.62
2022-04-01 05:27:04,543.56
2022-04-01 05:27:09,543.47
2022-04-01 05:27:14,526.325617999167
2022-04-01 05:27:19,543.27
2022-04-01 05:27:24,526.2194283632629
2022-04-01 05:27:29,543.05
2022-04-01 05:27:34,542.95
2022-04-01 05:27:39,542.82
2022-04-01 05:27:44,526.0087058633123
2022-04-01 05:27:49,542.6
2022-04-01 05:27:54,542.44
2022-04-01 05:27:59,542.31
2022-04-01 05:28:04,542.21
2022-04-01 05:28:09,542.02
2022-04-01 05:28:14,541.86
2022-04-01 05:28:19,541.73
2022-04-01 05:28:24,541.57
2022-04-01 05:28:29,541.41
2022-04-01 05:28:34,525.4928715375371
2022-04-01 05:28:39,541.05
2022-04-01 05:28:44,525.3918097030721
2022-04-01 05:28:49,540.76
2022-04-01 05:28:54,540.6
2022-04-01 05:28:59,540.44
2022-04-01 05:29:04,540.25
2022-04-01 05:29:09,540.09
2022-04-01 05:29:14,539.92
2022-04-01 05:29:19,525.0443176414227
2022-04-01 05:29:24,539.63
2022-04-01 05:29:29,539.44
2022-04-01 05:29:34,539.34
2022-04-01 05:29:39,539.15
2022-04-01 05:29:44,538.99
2022-04-01 05:29:49,538.82
2022-04-01 05:29:54,538.63
2022-04-01 05:29:59,538.47
2022-04-01 05:30:04,538.31
2022-04-01 05:30:09,524.5665815550439
2022-04-01 05:30:14,524.5201322930774
2022-04-01 05:30:19,537.86
2022-04-01 05:30:24,537.6
2022-04-01 05:30:29,537.44
2022-04-01 05:30:34,537.34
2022-04-01 05:30:39,524.2917779995748
2022-04-01 05:30:44,536.99
2022-04-01 05:30:49,536.83
2022-04-01 05:30:54,524.158005109333
2022-04-01 05:30:59,536.47
2022-04-01 05:31:04,536.31
2022-04-01 05:31:09,536.12
2022-04-01 05:31:14,536.02
2022-04-01 05:31:19,535.89
2022-04-01 05:31:24,535.79
2022-04-01 05:31:29,535.6
2022-04-01 05:31:34,535.44
2022-04-01 05:31:39,535.38
2022-04-01 05:31:44,535.22
2022-04-01 05:31:49,535.09
2022-04-01 05:31:54,534.99
2022-04-01 05:31:59,523.608949334512
2022-04-01 05:32:04,534.77
2022-04-01 05:32:09,534.64
2022-04-01 05:32:14,534.51
2022-04-01 05:32:19,534.41
2022-04-01 05:32:24,534.35
2022-04-01 05:32:29,534.25
2022-04-01 05:32:34,534.12
2022-04-01 05:32:39,533.96
2022-04-01 05:32:44,533.9
2022-04-01 05:32:49,533.77
2022-04-01 05:32:54,523.1873657523126
2022-04-01 05:32:59,533.61
2022-04-01 05:33:04,523.1152527023817
2022-04-01 05:33:09,533.39
2022-04-01 05:33:14,533.32
2022-04-01 05:33:19,533.23
2022-04-01 05:33:24,533.1
2022-04-01 05:33:29,532.97
2022-04-01 05:33:34,522.9071368436303
2022-04-01 05:33:39,532.81
2022-04-01 05:33:44,532.74
2022-04-01 05:33:49,532.71
2022-04-01 05:33:54,532.65
2022-04-01 05:33:59,532.52
2022-04-01 05:34:04,532.46
2022-04-01 05:34:09,532.36
2022-04-01 05:34:14,532.3
2022-04-01 05:34:19,532.24
2022-04-01 05:34:24,532.2
2022-04-01 05:34:29,522.556462942047
2022-04-01 05:34:34,532.14
2022-04-01 05:34:39,532.08
2022-04-01 05:34:44,531.95
2022-04-01 05:34:49,522.4384375139482
2022-04-01 05:34:54,531.92
2022-04-01 05:34:59,531.85
2022-04-01 05:35:04,531.85
2022-04-01 05:35:09,522.3252753623987
2022-04-01 05:35:14,522.2977299597316
2022-04-01 05:35:19,531.73
2022-04-01 05:35:24,531.73
2022-04-01 05:35:29,531.73
2022-04-01 05:35:34,522.1904698829799
2022-04-01 05:35:39,531.73
2022-04-01 05:35:44,531.79
2022-04-01 05:35:49,531.73
2022-04-01 05:35:54,531.73
2022-04-01 05:35:59,531.8
2022-04-01 05:36:04,522.0381280107409
2022-04-01 05:36:09,531.86
2022-04-01 05:36:14,531.93
2022-04-01 05:36:19,521.9656887203436
2022-04-01 05:36:24,532.02
2022-04-01 05:36:29,532.09
2022-04-01 05:36:34,521.8956663854053
2022-04-01 05:36:39,532.25
2022-04-01 05:36:44,532.38
2022-04-01 05:36:49,532.44
2022-04-01 05:36:54,532.54
2022-04-01 05:36:59,532.67
2022-04-01 05:37:04,532.76
2022-04-01 05:37:09,532.83
2022-04-01 05:37:14,532.99
2022-04-01 05:37:19,533.12
2022-04-01 05:37:24,533.28
2022-04-01 05:37:29,533.47
2022-04-01 05:37:34,533.57
2022-04-01 05:37:39,533.76
2022-04-01 05:37:44,533.86
2022-04-01 05:37:49,534.02
2022-04-01 05:37:54,534.21
2022-04-01 05:37:59,534.37
2022-04-01 05:38:04,534.5
2022-04-01 05:38:09,534.73
2022-04-01 05:38:14,534.89
2022-04-01 05:38:19,535.05
2022-04-01 05:38:24,535.24
2022-04-01 05:38:29,535.47
2022-04-01 05:38:34,535.63
2022-04-01 05:38:39,535.82
2022-04-01 05:38:44,535.92
2022-04-01 05:38:49,536.08
2022-04-01 05:38:54,536.33
2022-04-01 05:38:59,536.49
2022-04-01 05:39:04,536.72
2022-04-01 05:39:09,536.88
2022-04-01 05:39:14,537.1
2022-04-01 05:39:19,537.3
2022-04-01 05:39:24,537.52
2022-04-01 05:39:29,537.62
2022-04-01 05:39:34,537.88
2022-04-01 05:39:39,538.04
2022-04-01 05:39:44,538.2
2022-04-01 05:39:49,538.39
2022-04-01 05:39:54,538.62
2022-04-01 05:39:59,538.78
2022-04-01 05:40:04,539.0
2022-04-01 05:40:09,539.16
2022-04-01 05:40:14,539.42
2022-04-01 05:40:19,521.0992537551272
2022-04-01 05:40:24,539.74
2022-04-01 05:40:29,539.93
2022-04-01 05:40:34,540.09
2022-04-01 05:40:39,540.31
2022-04-01 05:40:44,540.47
2022-04-01 05:40:49,540.7
2022-04-01 05:40:54,540.89
2022-04-01 05:40:59,541.05
2022-04-01 05:41:04,541.27
2022-04-01 05:41:09,541.46
2022-04-01 05:41:14,520.9650758556201
2022-04-01 05:41:19,541.85
2022-04-01 05:41:24,541.98
2022-04-01 05:41:29,542.14
2022-04-01 05:41:34,542.36
2022-04-01 05:41:39,542.52
2022-04-01 05:41:44,520.8998327793835
2022-04-01 05:41:49,542.94
2022-04-01 05:41:54,543.04
2022-04-01 05:41:59,543.23
2022-04-01 05:42:04,520.859177664281
2022-04-01 05:42:09,543.52
2022-04-01 05:42:14,543.62
2022-04-01 05:42:19,543.75
2022-04-01 05:42:24,543.84
2022-04-01 05:42:29,543.97
2022-04-01 05:42:34,544.13
2022-04-01 05:42:39,544.2
2022-04-01 05:42:44,544.29
2022-04-01 05:42:49,520.7752827062939
2022-04-01 05:42:54,544.42
2022-04-01 05:42:59,544.48
2022-04-01 05:43:04,544.55
2022-04-01 05:43:09,544.58
2022-04-01 05:43:14,544.65
2022-04-01 05:43:19,544.65
2022-04-01 05:43:24,544.71
2022-04-01 05:43:29,544.77
2022-04-01 05:43:34,544.77
2022-04-01 05:43:39,544.77
2022-04-01 05:43:44,544.77
2022-04-01 05:43:49,544.81
2022-04-01 05:43:54,544.77
2022-04-01 05:43:59,544.77
2022-04-01 05:44:04,544.77
2022-04-01 05:44:09,544.77
2022-04-01 05:44:14,544.71
2022-04-01 05:44:19,544.71
2022-04-01 05:44:24,544.65
2022-04-01 05:44:29,544.58
2022-04-01 05:44:34,520.6133162503188
2022-04-01 05:44:39,544.49
2022-04-01 05:44:44,544.49
2022-04-01 05:44:49,544.42
2022-04-01 05:44:54,520.5867141662295
2022-04-01 05:44:59,544.29
2022-04-01 05:45:04,544.2
2022-04-01 05:45:09,544.13
2022-04-01 05:45:14,544.04
2022-04-01 05:45:19,543.91
2022-04-01 05:45:24,543.84
2022-04-01 05:45:29,543.78
2022-04-01 05:45:34,520.5365501981555
2022-04-01 05:45:39,520.5305263663803
2022-04-01 05:45:44,543.46
2022-04-01 05:45:49,520.5186215097659
2022-04-01 05:45:54,543.27
2022-04-01 05:45:59,543.24
2022-04-01 05:46:04,543.17
2022-04-01 05:46:09,543.04
2022-04-01 05:46:14,520.4896006200823
2022-04-01 05:46:19,542.88
2022-04-01 05:46:24,520.4782474600757
2022-04-01 05:46:29,542.76
2022-04-01 05:46:34,542.72
2022-04-01 05:46:39,520.4614419717399
2022-04-01 05:46:44,542.59
2022-04-01 05:46:49,542.5
2022-04-01 05:46:54,542.43
2022-04-01 05:46:59,542.43
2022-04-01 05:47:04,542.37
2022-04-01 05:47:09,542.24
2022-04-01 05:47:14,542.21
2022-04-01 05:47:19,542.15
2022-04-01 05:47:24,542.08
2022-04-01 05:47:29,542.02
2022-04-01 05:47:34,520.4017042676976
2022-04-01 05:47:39,541.99
2022-04-01 05:47:44,541.86
2022-04-01 05:47:49,541.79
2022-04-01 05:47:54,541.73
2022-04-01 05:47:59,541.69
2022-04-01 05:48:04,541.63
2022-04-01 05:48:09,541.56
2022-04-01 05:48:14,520.3601789271298
2022-04-01 05:48:19,541.57
2022-04-01 05:48:24,541.47
2022-04-01 05:48:29,520.3450533093003
2022-04-01 05:48:34,541.34
2022-04-01 05:48:39,541.27
2022-04-01 05:48:44,541.21
2022-04-01 05:48:49,541.21
2022-04-01 05:48:54,541.11
2022-04-01 05:48:59,541.05
2022-04-01 05:49:04,541.05
2022-04-01 05:49:09,540.95
2022-04-01 05:49:14,540.95
2022-04-01 05:49:19,540.82
2022-04-01 05:49:24,540.82
2022-04-01 05:49:29,540.75
2022-04-01 05:49:34,540.69
2022-04-01 05:49:39,540.59
2022-04-01 05:49:44,540.59
2022-04-01 05:49:49,540.46
2022-04-01 05:49:54,540.43
2022-04-01 05:49:59,540.36
2022-04-01 05:50:04,540.36
2022-04-01 05:50:09,540.3
2022-04-01 05:50:14,540.23
2022-04-01 05:50:19,540.17
2022-04-01 05:50:24,540.14
2022-04-01 05:50:29,540.07
2022-04-01 05:50:34,540.07
2022-04-01 05:50:39,540.0
2022-04-01 05:50:44,539.94
2022-04-01 05:50:49,539.94
2022-04-01 05:50:54,539.9
2022-04-01 05:50:59,539.84
2022-04-01 05:51:04,539.78
2022-04-01 05:51:09,539.77
2022-04-01 05:51:14,539.71
2022-04-01 05:51:19,539.71
2022-04-01 05:51:24,539.71
2022-04-01 05:51:29,539.61
2022-04-01 05:51:34,539.61
2022-04-01 05:51:39,539.54
2022-04-01 05:51:44,539.48
2022-04-01 05:51:49,539.48
2022-04-01 05:51:54,539.41
2022-04-01 05:51:59,539.38
2022-04-01 05:52:04,539.38
2022-04-01 05:52:09,539.31
2022-04-01 05:52:14,539.3
2022-04-01 05:52:19,539.24
2022-04-01 05:52:24,539.18
2022-04-01 05:52:29,539.18
2022-04-01 05:52:34,539.11
2022-04-01 05:52:39,539.17
2022-04-01 05:52:44,539.08
2022-04-01 05:52:49,539.11
2022-04-01 05:52:54,539.08
2022-04-01 05:52:59,539.01
2022-04-01 05:53:04,539.01
2022-04-01 05:53:09,538.95
2022-04-01 05:53:14,539.01
2022-04-01 05:53:19,538.95
2022-04-01 05:53:24,520.1074751920526
2022-04-01 05:53:29,538.88
2022-04-01 05:53:34,538.88
2022-04-01 05:53:39,538.85
2022-04-01 05:53:44,538.85
2022-04-01 05:53:49,538.78
2022-04-01 05:53:54,538.72
2022-04-01 05:53:59,538.72
2022-04-01 05:54:04,538.72
2022-04-01 05:54:09,538.66
2022-04-01 05:54:14,538.66
2022-04-01 05:54:19,520.0780736347148
2022-04-01 05:54:24,520.0756675013097
2022-04-01 05:54:29,538.59
2022-04-01 05:54:34,538.56
2022-04-01 05:54:39,538.49
2022-04-01 05:54:44,538.43
2022-04-01 05:54:49,538.49
2022-04-01 05:54:54,538.43
2022-04-01 05:54:59,538.43
2022-04-01 05:55:04,538.43
2022-04-01 05:55:09,538.36
2022-04-01 05:55:14,538.33
2022-04-01 05:55:19,538.33
2022-04-01 05:55:24,538.27
2022-04-01 05:55:29,538.33
2022-04-01 05:55:34,538.33
2022-04-01 05:55:39,520.0451736828509
2022-04-01 05:55:44,538.27
2022-04-01 05:55:49,538.2
2022-04-01 05:55:54,538.2
2022-04-01 05:55:59,538.2
2022-04-01 05:56:04,538.14
2022-04-01 05:56:09,538.14
2022-04-01 05:56:14,538.14
2022-04-01 05:56:19,538.08
2022-04-01 05:56:24,538.08
2022-04-01 05:56:29,538.04
2022-04-01 05:56:34,538.05
2022-04-01 05:56:39,538.04
2022-04-01 05:56:44,537.98
2022-04-01 05:56:49,537.92
2022-04-01 05:56:54,520.0257436572163
2022-04-01 05:56:59,537.92
2022-04-01 05:57:04,537.86
2022-04-01 05:57:09,537.86
2022-04-01 05:57:14,537.82
2022-04-01 05:57:19,537.86
2022-04-01 05:57:24,520.0212539405724
2022-04-01 05:57:29,537.82
2022-04-01 05:57:34,520.0201891302527
2022-04-01 05:57:39,537.83
2022-04-01 05:57:44,537.76
2022-04-01 05:57:49,520.0190034003717
2022-04-01 05:57:54,537.76
2022-04-01 05:57:59,537.76
2022-04-01 05:58:04,537.76
2022-04-01 05:58:09,537.76
2022-04-01 05:58:14,537.76
2022-04-01 05:58:19,537.7
2022-04-01 05:58:24,537.7
2022-04-01 05:58:29,537.7
2022-04-01 05:58:34,537.7
2022-04-01 05:58:39,537.76
2022-04-01 05:58:44,537.7
2022-04-01 05:58:49,537.7
2022-04-01 05:58:54,537.76
2022-04-01 05:58:59,537.7
2022-04-01 05:59:04,537.7
2022-04-01 05:59:09,537.69
2022-04-01 05:59:14,537.76
2022-04-01 05:59:19,520.0226119521069
2022-04-01 05:59:24,537.76
2022-04-01 05:59:29,537.76
2022-04-01 05:59:34,537.69
2022-04-01 05:59:39,537.76
2022-04-01 05:59:44,537.76
2022-04-01 05:59:49,537.76
2022-04-01 05:59:54,537.76
2022-04-01 05:59:59,537.76
2022-04-01 06:00:04,520.0316059487334
2022-04-01 06:00:09,537.76
2022-04-01 06:00:14,537.69
2022-04-01 06:00:19,537.75
2022-04-01 06:00:24,537.75
2022-04-01 06:00:29,537.76
2022-04-01 06:00:34,537.76
2022-04-01 06:00:39,537.75
2022-04-01 06:00:44,537.69
2022-04-01 06:00:49,537.75
2022-04-01 06:00:54,537.75
2022-04-01 06:00:59,520.0494495250936
2022-04-01 06:01:04,537.75
2022-04-01 06:01:09,537.82
2022-04-01 06:01:14,537.82
2022-04-01 06:01:19,520.057905426421
2022-04-01 06:01:24,537.81
2022-04-01 06:01:29,537.75
2022-04-01 06:01:34,537.81
2022-04-01 06:01:39,537.81
2022-04-01 06:01:44,537.81
2022-04-01 06:01:49,537.84
2022-04-01 06:01:54,537.84
2022-04-01 06:01:59,537.84
2022-04-01 06:02:04,537.91
2022-04-01 06:02:09,537.9
2022-04-01 06:02:14,537.9
2022-04-01 06:02:19,538.03
2022-04-01 06:02:24,538.03
2022-04-01 06:02:29,538.06
2022-04-01 06:02:34,520.1006971906078
2022-04-01 06:02:39,538.12
2022-04-01 06:02:44,538.19
2022-04-01 06:02:49,538.18
2022-04-01 06:02:54,538.25
2022-04-01 06:02:59,538.31
2022-04-01 06:03:04,538.34
2022-04-01 06:03:09,538.4
2022-04-01 06:03:14,538.47
2022-04-01 06:03:19,538.47
2022-04-01 06:03:24,538.53
2022-04-01 06:03:29,538.56
2022-04-01 06:03:34,538.62
2022-04-01 06:03:39,538.62
2022-04-01 06:03:44,538.69
2022-04-01 06:03:49,538.75
2022-04-01 06:03:54,520.1696221284916
2022-04-01 06:03:59,538.81
2022-04-01 06:04:04,538.91
2022-04-01 06:04:09,538.98
2022-04-01 06:04:14,538.98
2022-04-01 06:04:19,539.04
2022-04-01 06:04:24,539.07
2022-04-01 06:04:29,539.14
2022-04-01 06:04:34,520.2148189407245
2022-04-01 06:04:39,539.2
2022-04-01 06:04:44,539.26
2022-04-01 06:04:49,539.33
2022-04-01 06:04:54,539.36
2022-04-01 06:04:59,539.42
2022-04-01 06:05:04,539.42
2022-04-01 06:05:09,539.49
2022-04-01 06:05:14,539.55
2022-04-01 06:05:19,520.2753807833122
2022-04-01 06:05:24,539.65
2022-04-01 06:05:29,539.71
2022-04-01 06:05:34,539.77
2022-04-01 06:05:39,539.84
2022-04-01 06:05:44,539.93
2022-04-01 06:05:49,540.0
2022-04-01 06:05:54,540.06
2022-04-01 06:05:59,540.1
2022-04-01 06:06:04,540.16
2022-04-01 06:06:09,540.29
2022-04-01 06:06:14,540.35
2022-04-01 06:06:19,520.3738129610152
2022-04-01 06:06:24,520.3829936565157
2022-04-01 06:06:29,540.58
2022-04-01 06:06:34,540.68
2022-04-01 06:06:39,540.8
2022-04-01 06:06:44,540.9
2022-04-01 06:06:49,540.9
2022-04-01 06:06:54,541.03
2022-04-01 06:06:59,541.13
2022-04-01 06:07:04,541.19
2022-04-01 06:07:09,541.32
2022-04-01 06:07:14,541.39
2022-04-01 06:07:19,541.48
2022-04-01 06:07:24,541.61
2022-04-01 06:07:29,541.61
2022-04-01 06:07:34,541.71
2022-04-01 06:07:39,541.84
2022-04-01 06:07:44,541.93
2022-04-01 06:07:49,542.0
2022-04-01 06:07:54,520.5764144084673
2022-04-01 06:07:59,542.16
2022-04-01 06:08:04,542.29
2022-04-01 06:08:09,542.42
2022-04-01 06:08:14,542.52
2022-04-01 06:08:19,542.58
2022-04-01 06:08:24,542.68
2022-04-01 06:08:29,542.75
2022-04-01 06:08:34,542.81
2022-04-01 06:08:39,542.94
2022-04-01 06:08:44,543.03
2022-04-01 06:08:49,543.16
2022-04-01 06:08:54,543.2
2022-04-01 06:08:59,543.26
2022-04-01 06:09:04,520.767152499567
2022-04-01 06:09:09,543.46
2022-04-01 06:09:14,543.55
2022-04-01 06:09:19,543.68
2022-04-01 06:09:24,543.78
2022-04-01 06:09:29,543.84
2022-04-01 06:09:34,543.9
2022-04-01 06:09:39,543.97
2022-04-01 06:09:44,544.07
2022-04-01 06:09:49,520.9103428722716
2022-04-01 06:09:54,544.23
2022-04-01 06:09:59,544.36
2022-04-01 06:10:04,544.48
2022-04-01 06:10:09,544.48
2022-04-01 06:10:14,544.52
2022-04-01 06:10:19,544.65
2022-04-01 06:10:24,544.71
2022-04-01 06:10:29,544.87
2022-04-01 06:10:34,544.93
2022-04-01 06:10:39,545.0
2022-04-01 06:10:44,545.03
2022-04-01 06:10:49,545.16
2022-04-01 06:10:54,545.22
2022-04-01 06:10:59,521.1678267010998
2022-04-01 06:11:04,545.38
2022-04-01 06:11:09,545.44
2022-04-01 06:11:14,545.54
2022-04-01 06:11:19,545.61
2022-04-01 06:11:24,545.67
2022-04-01 06:11:29,521.2919252659856
2022-04-01 06:11:34,545.83
2022-04-01 06:11:39,545.96
2022-04-01 06:11:44,545.96
2022-04-01 06:11:49,546.12
2022-04-01 06:11:54,546.12
2022-04-01 06:11:59,546.18
2022-04-01 06:12:04,546.28
2022-04-01 06:12:09,546.34
2022-04-01 06:12:14,546.47
2022-04-01 06:12:19,546.47
2022-04-01 06:12:24,521.5421973905808
2022-04-01 06:12:29,546.63
2022-04-01 06:12:34,546.76
2022-04-01 06:12:39,546.79
2022-04-01 06:12:44,546.79
2022-04-01 06:12:49,546.92
2022-04-01 06:12:54,521.6916626480286
2022-04-01 06:12:59,547.05
2022-04-01 06:13:04,547.14
2022-04-01 06:13:09,547.2
2022-04-01 06:13:14,521.7965790732463
2022-04-01 06:13:19,547.3
2022-04-01 06:13:24,547.36
2022-04-01 06:13:29,547.42
2022-04-01 06:13:34,547.42
2022-04-01 06:13:39,547.48
2022-04-01 06:13:44,547.48
2022-04-01 06:13:49,547.55
2022-04-01 06:13:54,547.55
2022-04-01 06:13:59,547.58
2022-04-01 06:14:04,547.58
2022-04-01 06:14:09,547.58
2022-04-01 06:14:14,547.57
2022-04-01 06:14:19,547.64
2022-04-01 06:14:24,547.64
2022-04-01 06:14:29,547.57
2022-04-01 06:14:34,547.64
2022-04-01 06:14:39,547.57
2022-04-01 06:14:44,547.57
2022-04-01 06:14:49,547.57
2022-04-01 06:14:54,547.57
2022-04-01 06:14:59,547.53
2022-04-01 06:15:04,547.47
2022-04-01 06:15:09,547.47
2022-04-01 06:15:14,547.4
2022-04-01 06:15:19,547.4
2022-04-01 06:15:24,547.34
2022-04-01 06:15:29,547.27
2022-04-01 06:15:34,547.24
2022-04-01 06:15:39,547.18
2022-04-01 06:15:44,547.05
2022-04-01 06:15:49,547.02
2022-04-01 06:15:54,546.95
2022-04-01 06:15:59,546.82
2022-04-01 06:16:04,546.82
2022-04-01 06:16:09,546.72
2022-04-01 06:16:14,546.66
2022-04-01 06:16:19,546.53
2022-04-01 06:16:24,523.0161858936627
2022-04-01 06:16:29,546.37
2022-04-01 06:16:34,546.24
2022-04-01 06:16:39,546.14
2022-04-01 06:16:44,546.01
2022-04-01 06:16:49,545.92
2022-04-01 06:16:54,545.79
2022-04-01 06:16:59,545.72
2022-04-01 06:17:04,545.56
2022-04-01 06:17:09,545.47
2022-04-01 06:17:14,545.34
2022-04-01 06:17:19,545.18
2022-04-01 06:17:24,545.05
2022-04-01 06:17:29,523.5173751504594
2022-04-01 06:17:34,544.76
2022-04-01 06:17:39,544.66
2022-04-01 06:17:44,544.47
2022-04-01 06:17:49,544.37
2022-04-01 06:17:54,544.18
2022-04-01 06:17:59,544.08
2022-04-01 06:18:04,543.92
2022-04-01 06:18:09,543.73
2022-04-01 06:18:14,543.63
2022-04-01 06:18:19,523.9238891816611
2022-04-01 06:18:24,543.34
2022-04-01 06:18:29,543.22
2022-04-01 06:18:34,543.05
2022-04-01 06:18:39,542.93
2022-04-01 06:18:44,542.83
2022-04-01 06:18:49,524.1747783462491
2022-04-01 06:18:54,542.6
2022-04-01 06:18:59,542.41
2022-04-01 06:19:04,542.32
2022-04-01 06:19:09,542.19
2022-04-01 06:19:14,542.09
2022-04-01 06:19:19,541.96
2022-04-01 06:19:24,541.87
2022-04-01 06:19:29,541.74
2022-04-01 06:19:34,541.68
2022-04-01 06:19:39,524.6019051613881
2022-04-01 06:19:44,541.45
2022-04-01 06:19:49,541.36
2022-04-01 06:19:54,541.29
2022-04-01 06:19:59,541.16
2022-04-01 06:20:04,541.1
2022-04-01 06:20:09,541.01
2022-04-01 06:20:14,540.94
2022-04-01 06:20:19,540.84
2022-04-01 06:20:24,540.78
2022-04-01 06:20:29,540.71
2022-04-01 06:20:34,540.58
2022-04-01 06:20:39,540.58
2022-04-01 06:20:44,540.49
2022-04-01 06:20:49,540.43
2022-04-01 06:20:54,540.43
2022-04-01 06:20:59,540.36
2022-04-01 06:21:04,525.3441048595495
2022-04-01 06:21:09,540.33
2022-04-01 06:21:14,540.33
2022-04-01 06:21:19,540.33
2022-04-01 06:21:24,540.33
2022-04-01 06:21:29,540.33
2022-04-01 06:21:34,540.26
2022-04-01 06:21:39,540.27
2022-04-01 06:21:44,540.33
2022-04-01 06:21:49,540.27
2022-04-01 06:21:54,540.26
2022-04-01 06:21:59,540.26
2022-04-01 06:22:04,540.2
2022-04-01 06:22:09,540.26
2022-04-01 06:22:14,540.26
2022-04-01 06:22:19,540.26
2022-04-01 06:22:24,540.26
2022-04-01 06:22:29,540.26
2022-04-01 06:22:34,540.26
2022-04-01 06:22:39,540.33
2022-04-01 06:22:44,540.26
2022-04-01 06:22:49,540.33
2022-04-01 06:22:54,526.3078183843517
2022-04-01 06:22:59,540.42
2022-04-01 06:23:04,526.3943521664845
2022-04-01 06:23:09,540.49
2022-04-01 06:23:14,540.55
2022-04-01 06:23:19,540.58
2022-04-01 06:23:24,540.64
2022-04-01 06:23:29,540.71
2022-04-01 06:23:34,540.77
2022-04-01 06:23:39,540.84
2022-04-01 06:23:44,540.87
2022-04-01 06:23:49,540.93
2022-04-01 06:23:54,540.99
2022-04-01 06:23:59,541.06
2022-04-01 06:24:04,541.16
2022-04-01 06:24:09,541.22
2022-04-01 06:24:14,541.28
2022-04-01 06:24:19,527.0312860407117
2022-04-01 06:24:24,541.38
2022-04-01 06:24:29,541.44
2022-04-01 06:24:34,527.1554272889357
2022-04-01 06:24:39,541.51
2022-04-01 06:24:44,541.57
2022-04-01 06:24:49,541.6
2022-04-01 06:24:54,541.6
2022-04-01 06:24:59,541.66
2022-04-01 06:25:04,541.73
2022-04-01 06:25:09,541.79
2022-04-01 06:25:14,541.79
2022-04-01 06:25:19,541.85
2022-04-01 06:25:24,541.88
2022-04-01 06:25:29,541.95
2022-04-01 06:25:34,541.94
2022-04-01 06:25:39,541.94
2022-04-01 06:25:44,542.01
2022-04-01 06:25:49,542.07
2022-04-01 06:25:54,542.07
2022-04-01 06:25:59,542.1
2022-04-01 06:26:04,542.17
2022-04-01 06:26:09,542.23
2022-04-01 06:26:14,542.23
2022-04-01 06:26:19,542.29
2022-04-01 06:26:24,542.29
2022-04-01 06:26:29,542.36
2022-04-01 06:26:34,528.0922321722401
2022-04-01 06:26:39,542.45
2022-04-01 06:26:44,542.45
2022-04-01 06:26:49,542.51
2022-04-01 06:26:54,542.58
2022-04-01 06:26:59,542.61
2022-04-01 06:27:04,542.61
2022-04-01 06:27:09,542.68
2022-04-01 06:27:14,542.68
2022-04-01 06:27:19,542.8
2022-04-01 06:27:24,542.8
2022-04-01 06:27:29,542.87
2022-04-01 06:27:34,542.87
2022-04-01 06:27:39,542.9
2022-04-01 06:27:44,543.03
2022-04-01 06:27:49,543.09
2022-04-01 06:27:54,543.12
2022-04-01 06:27:59,543.13
2022-04-01 06:28:04,528.7073997363605
2022-04-01 06:28:09,543.19
2022-04-01 06:28:14,543.26
2022-04-01 06:28:19,543.32
2022-04-01 06:28:24,543.32
2022-04-01 06:28:29,543.32
2022-04-01 06:28:34,543.38
2022-04-01 06:28:39,543.41
2022-04-01 06:28:44,543.48
2022-04-01 06:28:49,543.48
2022-04-01 06:28:54,543.55
2022-04-01 06:28:59,543.55
2022-04-01 06:29:04,529.0634626125834
2022-04-01 06:29:09,529.0909311045393
2022-04-01 06:29:14,543.64
2022-04-01 06:29:19,543.71
2022-04-01 06:29:24,543.77
2022-04-01 06:29:29,543.77
2022-04-01 06:29:34,543.84
2022-04-01 06:29:39,543.84
2022-04-01 06:29:44,529.273536529812
2022-04-01 06:29:49,543.94
2022-04-01 06:29:54,544.0
2022-04-01 06:29:59,544.07
2022-04-01 06:30:04,544.07
2022-04-01 06:30:09,544.13
2022-04-01 06:30:14,544.16
2022-04-01 06:30:19,544.17
2022-04-01 06:30:24,544.29
2022-04-01 06:30:29,544.23
2022-04-01 06:30:34,544.3
2022-04-01 06:30:39,544.43
2022-04-01 06:30:44,544.43
2022-04-01 06:30:49,544.46
2022-04-01 06:30:54,544.46
2022-04-01 06:30:59,544.52
2022-04-01 06:31:04,544.59
2022-04-01 06:31:09,544.59
2022-04-01 06:31:14,544.65
2022-04-01 06:31:19,544.69
2022-04-01 06:31:24,544.69
2022-04-01 06:31:29,544.75
2022-04-01 06:31:34,529.7408943708413
2022-04-01 06:31:39,544.88
2022-04-01 06:31:44,544.95
2022-04-01 06:31:49,544.98
2022-04-01 06:31:54,545.04
2022-04-01 06:31:59,545.11
2022-04-01 06:32:04,545.11
2022-04-01 06:32:09,545.17
2022-04-01 06:32:14,545.21
2022-04-01 06:32:19,545.27
2022-04-01 06:32:24,545.33
2022-04-01 06:32:29,545.4
2022-04-01 06:32:34,545.46
2022-04-01 06:32:39,545.5
2022-04-01 06:32:44,545.5
2022-04-01 06:32:49,545.62
2022-04-01 06:32:54,545.69
2022-04-01 06:32:59,545.72
2022-04-01 06:33:04,545.78
2022-04-01 06:33:09,530.02159922263
2022-04-01 06:33:14,545.85
2022-04-01 06:33:19,545.91
2022-04-01 06:33:24,546.01
2022-04-01 06:33:29,546.01
2022-04-01 06:33:34,546.07
2022-04-01 06:33:39,546.14
2022-04-01 06:33:44,546.2
2022-04-01 06:33:49,546.23
2022-04-01 06:33:54,546.3
2022-04-01 06:33:59,546.36
2022-04-01 06:34:04,546.42
2022-04-01 06:34:09,546.49
2022-04-01 06:34:14,546.52
2022-04-01 06:34:19,530.1604050022303
2022-04-01 06:34:24,546.65
2022-04-01 06:34:29,546.71
2022-04-01 06:34:34,546.71
2022-04-01 06:34:39,546.74
2022-04-01 06:34:44,546.74
2022-04-01 06:34:49,546.81
2022-04-01 06:34:54,546.87
2022-04-01 06:34:59,546.87
2022-04-01 06:35:04,530.2208235294286
2022-04-01 06:35:09,546.93
2022-04-01 06:35:14,546.93
2022-04-01 06:35:19,547.0
2022-04-01 06:35:24,547.03
2022-04-01 06:35:29,546.99
2022-04-01 06:35:34,547.09
2022-04-01 06:35:39,547.09
2022-04-01 06:35:44,547.09
2022-04-01 06:35:49,547.15
2022-04-01 06:35:54,547.15
2022-04-01 06:35:59,547.15
2022-04-01 06:36:04,547.21
2022-04-01 06:36:09,547.15
2022-04-01 06:36:14,547.21
2022-04-01 06:36:19,547.21
2022-04-01 06:36:24,547.21
2022-04-01 06:36:29,547.21
2022-04-01 06:36:34,547.21
2022-04-01 06:36:39,530.2786051000917
2022-04-01 06:36:44,547.14
2022-04-01 06:36:49,547.21
2022-04-01 06:36:54,547.14
2022-04-01 06:36:59,547.14
2022-04-01 06:37:04,547.14
2022-04-01 06:37:09,530.2781581416625
2022-04-01 06:37:14,547.08
2022-04-01 06:37:19,547.07
2022-04-01 06:37:24,547.07
2022-04-01 06:37:29,547.01
2022-04-01 06:37:34,530.2712476547297
2022-04-01 06:37:39,530.2691661234624
2022-04-01 06:37:44,547.01
2022-04-01 06:37:49,546.97
2022-04-01 06:37:54,546.91
2022-04-01 06:37:59,546.97
2022-04-01 06:38:04,546.91
2022-04-01 06:38:09,546.91
2022-04-01 06:38:14,546.84
2022-04-01 06:38:19,546.84
2022-04-01 06:38:24,546.84
2022-04-01 06:38:29,546.84
2022-04-01 06:38:34,546.78
2022-04-01 06:38:39,546.78
2022-04-01 06:38:44,546.78
2022-04-01 06:38:49,546.78
2022-04-01 06:38:54,546.78
2022-04-01 06:38:59,546.71
2022-04-01 06:39:04,546.71
2022-04-01 06:39:09,530.1934045808148
2022-04-01 06:39:14,546.71
2022-04-01 06:39:19,530.1806688600074
2022-04-01 06:39:24,546.71
2022-04-01 06:39:29,546.68
2022-04-01 06:39:34,546.68
2022-04-01 06:39:39,546.68
2022-04-01 06:39:44,546.68
2022-04-01 06:39:49,530.1375196554693
2022-04-01 06:39:54,546.62
2022-04-01 06:39:59,530.1215199173326
2022-04-01 06:40:04,546.55
2022-04-01 06:40:09,530.1047271829245
2022-04-01 06:40:14,546.49
2022-04-01 06:40:19,546.49
2022-04-01 06:40:24,546.46
2022-04-01 06:40:29,546.39
2022-04-01 06:40:34,546.33
2022-04-01 06:40:39,546.27
2022-04-01 06:40:44,546.2
2022-04-01 06:40:49,546.17
2022-04-01 06:40:54,546.11
2022-04-01 06:40:59,546.04
2022-04-01 06:41:04,529.9986036044185
2022-04-01 06:41:09,545.95
2022-04-01 06:41:14,545.82
2022-04-01 06:41:19,545.76
2022-04-01 06:41:24,545.69
2022-04-01 06:41:29,545.66
2022-04-01 06:41:34,545.6
2022-04-01 06:41:39,545.53
2022-04-01 06:41:44,545.47
2022-04-01 06:41:49,545.44
2022-04-01 06:41:54,529.8828415078865
2022-04-01 06:41:59,545.31
2022-04-01 06:42:04,545.25
2022-04-01 06:42:09,545.18
2022-04-01 06:42:14,545.18
2022-04-01 06:42:19,545.15
2022-04-01 06:42:24,545.09
2022-04-01 06:42:29,544.96
2022-04-01 06:42:34,544.96
2022-04-01 06:42:39,544.93
2022-04-01 06:42:44,544.87
2022-04-01 06:42:49,544.86
2022-04-01 06:42:54,544.73
2022-04-01 06:42:59,544.67
2022-04-01 06:43:04,544.64
2022-04-01 06:43:09,544.64
2022-04-01 06:43:14,544.57
2022-04-01 06:43:19,544.57
2022-04-01 06:43:24,544.51
2022-04-01 06:43:29,544.41
2022-04-01 06:43:34,544.41
2022-04-01 06:43:39,544.35
2022-04-01 06:43:44,544.29
2022-04-01 06:43:49,544.22
2022-04-01 06:43:54,544.16
2022-04-01 06:43:59,529.5209046972776
2022-04-01 06:44:04,529.5044768007328
2022-04-01 06:44:09,529.4879130443303
2022-04-01 06:44:14,543.99
2022-04-01 06:44:19,529.4543845705773
2022-04-01 06:44:24,543.9
2022-04-01 06:44:29,543.83
2022-04-01 06:44:34,543.71
2022-04-01 06:44:39,543.7
2022-04-01 06:44:44,543.64
2022-04-01 06:44:49,543.61
2022-04-01 06:44:54,543.54
2022-04-01 06:44:59,543.54
2022-04-01 06:45:04,543.54
2022-04-01 06:45:09,543.41
2022-04-01 06:45:14,543.41
2022-04-01 06:45:19,543.38
2022-04-01 06:45:24,543.31
2022-04-01 06:45:29,543.31
2022-04-01 06:45:34,543.25
2022-04-01 06:45:39,529.1684197015396
2022-04-01 06:45:44,543.12
2022-04-01 06:45:49,543.12
2022-04-01 06:45:54,529.1116209289613
2022-04-01 06:45:59,543.09
2022-04-01 06:46:04,543.02
2022-04-01 06:46:09,542.95
2022-04-01 06:46:14,542.95
2022-04-01 06:46:19,542.89
2022-04-01 06:46:24,542.85
2022-04-01 06:46:29,542.85
2022-04-01 06:46:34,542.79
2022-04-01 06:46:39,542.72
2022-04-01 06:46:44,542.72
2022-04-01 06:46:49,542.66
2022-04-01 06:46:54,542.66
2022-04-01 06:46:59,542.59
2022-04-01 06:47:04,542.59
2022-04-01 06:47:09,542.56
2022-04-01 06:47:14,542.49
2022-04-01 06:47:19,542.49
2022-04-01 06:47:24,528.7535944912053
2022-04-01 06:47:29,542.43
2022-04-01 06:47:34,542.42
2022-04-01 06:47:39,542.42
2022-04-01 06:47:44,528.6706276657629
2022-04-01 06:47:49,542.36
2022-04-01 06:47:54,542.32
2022-04-01 06:47:59,542.26
2022-04-01 06:48:04,542.26
2022-04-01 06:48:09,542.2
2022-04-01 06:48:14,542.13
2022-04-01 06:48:19,542.13
2022-04-01 06:48:24,542.07
2022-04-01 06:48:29,542.07
2022-04-01 06:48:34,542.03
2022-04-01 06:48:39,541.97
2022-04-01 06:48:44,541.9
2022-04-01 06:48:49,541.9
2022-04-01 06:48:54,541.84
2022-04-01 06:48:59,541.84
2022-04-01 06:49:04,541.84
2022-04-01 06:49:09,541.8
2022-04-01 06:49:14,541.74
2022-04-01 06:49:19,541.67
2022-04-01 06:49:24,528.2427783026455
2022-04-01 06:49:29,528.2209612003401
2022-04-01 06:49:34,541.61
2022-04-01 06:49:39,528.1772437287802
2022-04-01 06:49:44,541.51
2022-04-01 06:49:49,541.45
2022-04-01 06:49:54,541.45
2022-04-01 06:49:59,541.45
2022-04-01 06:50:04,541.38
2022-04-01 06:50:09,541.32
2022-04-01 06:50:14,541.29
2022-04-01 06:50:19,541.22
2022-04-01 06:50:24,541.16
2022-04-01 06:50:29,541.09
2022-04-01 06:50:34,541.03
2022-04-01 06:50:39,541.0
2022-04-01 06:50:44,540.93
2022-04-01 06:50:49,540.87
2022-04-01 06:50:54,540.87
2022-04-01 06:50:59,540.8
2022-04-01 06:51:04,540.78
2022-04-01 06:51:09,540.71
2022-04-01 06:51:14,540.65
2022-04-01 06:51:19,540.65
2022-04-01 06:51:24,540.58
2022-04-01 06:51:29,540.49
2022-04-01 06:51:34,540.52
2022-04-01 06:51:39,540.49
2022-04-01 06:51:44,540.49
2022-04-01 06:51:49,540.42
2022-04-01 06:51:54,527.5826695050657
2022-04-01 06:51:59,540.36
2022-04-01 06:52:04,540.26
2022-04-01 06:52:09,540.26
2022-04-01 06:52:14,540.2
2022-04-01 06:52:19,527.4731666620231
2022-04-01 06:52:24,540.2
2022-04-01 06:52:29,540.14
2022-04-01 06:52:34,540.07
2022-04-01 06:52:39,540.07
2022-04-01 06:52:44,540.01
2022-04-01 06:52:49,539.98
2022-04-01 06:52:54,539.98
2022-04-01 06:52:59,539.92
2022-04-01 06:53:04,539.92
2022-04-01 06:53:09,539.85
2022-04-01 06:53:14,539.85
2022-04-01 06:53:19,539.85
2022-04-01 06:53:24,539.79
2022-04-01 06:53:29,539.79
2022-04-01 06:53:34,527.1496781276
2022-04-01 06:53:39,539.79
2022-04-01 06:53:44,539.76
2022-04-01 06:53:49,539.76
2022-04-01 06:53:54,539.76
2022-04-01 06:53:59,539.76
2022-04-01 06:54:04,539.76
2022-04-01 06:54:09,539.76
2022-04-01 06:54:14,539.7
2022-04-01 06:54:19,539.7
2022-04-01 06:54:24,526.9402707538779
2022-04-01 06:54:29,539.7
2022-04-01 06:54:34,526.8991681403338
2022-04-01 06:54:39,539.7
2022-04-01 06:54:44,539.7
2022-04-01 06:54:49,526.8380630578768
2022-04-01 06:54:54,539.7
2022-04-01 06:54:59,539.64
2022-04-01 06:55:04,539.64
2022-04-01 06:55:09,539.64
2022-04-01 06:55:14,539.64
2022-04-01 06:55:19,526.7179925202244
2022-04-01 06:55:24,526.6982774273613
2022-04-01 06:55:29,539.57
2022-04-01 06:55:34,539.57
2022-04-01 06:55:39,539.57
2022-04-01 06:55:44,539.57
2022-04-01 06:55:49,539.57
2022-04-01 06:55:54,539.51
2022-04-01 06:55:59,539.57
2022-04-01 06:56:04,539.51
2022-04-01 06:56:09,539.51
2022-04-01 06:56:14,539.47
2022-04-01 06:56:19,539.47
2022-04-01 06:56:24,539.47
2022-04-01 06:56:29,539.47
2022-04-01 06:56:34,539.41
2022-04-01 06:56:39,539.41
2022-04-01 06:56:44,526.3960886890575
2022-04-01 06:56:49,539.34
2022-04-01 06:56:54,539.34
2022-04-01 06:56:59,539.34
2022-04-01 06:57:04,539.34
2022-04-01 06:57:09,539.27
2022-04-01 06:57:14,539.27
2022-04-01 06:57:19,539.24
2022-04-01 06:57:24,539.24
2022-04-01 06:57:29,539.24
2022-04-01 06:57:34,539.24
2022-04-01 06:57:39,539.17
2022-04-01 06:57:44,539.17
2022-04-01 06:57:49,539.11
2022-04-01 06:57:54,539.04
2022-04-01 06:57:59,539.04
2022-04-01 06:58:04,538.98
2022-04-01 06:58:09,538.98
2022-04-01 06:58:14,538.94
2022-04-01 06:58:19,538.88
2022-04-01 06:58:24,538.88
2022-04-01 06:58:29,538.81
2022-04-01 06:58:34,538.75
2022-04-01 06:58:39,538.75
2022-04-01 06:58:44,525.9984092659647
2022-04-01 06:58:49,538.71
2022-04-01 06:58:54,538.64
2022-04-01 06:58:59,538.64
2022-04-01 06:59:04,538.58
2022-04-01 06:59:09,538.58
2022-04-01 06:59:14,538.45
2022-04-01 06:59:19,538.51
2022-04-01 06:59:24,538.45
2022-04-01 06:59:29,538.42
2022-04-01 06:59:34,538.35
2022-04-01 06:59:39,538.29
2022-04-01 06:59:44,538.22
2022-04-01 06:59:49,538.22
2022-04-01 06:59:54,538.22
2022-04-01 06:59:59,538.19
2022-04-01 07:00:04,538.18
2022-04-01 07:00:09,538.12
2022-04-01 07:00:14,538.12
2022-04-01 07:00:19,538.05
2022-04-01 07:00:24,525.7204213094296
2022-04-01 07:00:29,538.05
2022-04-01 07:00:34,538.05
2022-04-01 07:00:39,538.05
2022-04-01 07:00:44,538.05
2022-04-01 07:00:49,537.99
2022-04-01 07:00:54,538.05
2022-04-01 07:00:59,538.05
2022-04-01 07:01:04,538.05
2022-04-01 07:01:09,525.6108291740179
2022-04-01 07:01:14,538.12
2022-04-01 07:01:19,538.12
2022-04-01 07:01:24,538.12
2022-04-01 07:01:29,538.12
2022-04-01 07:01:34,538.12
2022-04-01 07:01:39,538.12
2022-04-01 07:01:44,538.18
2022-04-01 07:01:49,538.18
2022-04-01 07:01:54,538.18
2022-04-01 07:01:59,538.18
2022-04-01 07:02:04,538.21
2022-04-01 07:02:09,538.21
2022-04-01 07:02:14,538.28
2022-04-01 07:02:19,538.34
2022-04-01 07:02:24,538.34
2022-04-01 07:02:29,538.41
2022-04-01 07:02:34,525.4295621234197
2022-04-01 07:02:39,538.5
2022-04-01 07:02:44,538.57
2022-04-01 07:02:49,538.57
2022-04-01 07:02:54,538.64
2022-04-01 07:02:59,525.382568230205
2022-04-01 07:03:04,538.73
2022-04-01 07:03:09,538.8
2022-04-01 07:03:14,538.93
2022-04-01 07:03:19,538.96
2022-04-01 07:03:24,538.96
2022-04-01 07:03:29,539.02
2022-04-01 07:03:34,539.09
2022-04-01 07:03:39,539.15
2022-04-01 07:03:44,539.22
2022-04-01 07:03:49,539.25
2022-04-01 07:03:54,539.32
2022-04-01 07:03:59,539.38
2022-04-01 07:04:04,539.45
2022-04-01 07:04:09,539.48
2022-04-01 07:04:14,539.54
2022-04-01 07:04:19,539.61
2022-04-01 07:04:24,539.67
2022-04-01 07:04:29,539.68
2022-04-01 07:04:34,539.74
2022-04-01 07:04:39,539.77
2022-04-01 07:04:44,539.84
2022-04-01 07:04:49,539.9
2022-04-01 07:04:54,539.97
2022-04-01 07:04:59,540.0
2022-04-01 07:05:04,540.13
2022-04-01 07:05:09,540.13
2022-04-01 07:05:14,540.26
2022-04-01 07:05:19,540.25
2022-04-01 07:05:24,525.1653848961208
2022-04-01 07:05:29,540.35
2022-04-01 07:05:34,540.42
2022-04-01 07:05:39,540.48
2022-04-01 07:05:44,540.52
2022-04-01 07:05:49,540.58
2022-04-01 07:05:54,540.64
2022-04-01 07:05:59,540.71
2022-04-01 07:06:04,525.1217842675491
2022-04-01 07:06:09,540.8
2022-04-01 07:06:14,540.87
2022-04-01 07:06:19,540.87
2022-04-01 07:06:24,541.0
2022-04-01 07:06:29,541.03
2022-04-01 07:06:34,541.09
2022-04-01 07:06:39,541.16
2022-04-01 07:06:44,541.16
2022-04-01 07:06:49,541.22
2022-04-01 07:06:54,541.29
2022-04-01 07:06:59,541.31
2022-04-01 07:07:04,541.31
2022-04-01 07:07:09,541.38
2022-04-01 07:07:14,541.44
2022-04-01 07:07:19,541.51
2022-04-01 07:07:24,541.51
2022-04-01 07:07:29,541.54
2022-04-01 07:07:34,525.0488241909762
2022-04-01 07:07:39,525.0457786085059
2022-04-01 07:07:44,541.67
2022-04-01 07:07:49,541.73
2022-04-01 07:07:54,541.67
2022-04-01 07:07:59,541.73
2022-04-01 07:08:04,541.73
2022-04-01 07:08:09,541.79
2022-04-01 07:08:14,541.8
2022-04-01 07:08:19,541.79
2022-04-01 07:08:24,541.82
2022-04-01 07:08:29,541.82
2022-04-01 07:08:34,541.82
2022-04-01 07:08:39,541.89
2022-04-01 07:08:44,525.0156923615707
2022-04-01 07:08:49,525.0141039935014
2022-04-01 07:08:54,541.95
2022-04-01 07:08:59,541.95
2022-04-01 07:09:04,542.01
2022-04-01 07:09:09,542.01
2022-04-01 07:09:14,542.04
2022-04-01 07:09:19,542.04
2022-04-01 07:09:24,542.1
2022-04-01 07:09:29,542.1
2022-04-01 07:09:34,542.1
2022-04-01 07:09:39,542.16
2022-04-01 07:09:44,542.16
2022-04-01 07:09:49,542.23
2022-04-01 07:09:54,542.23
2022-04-01 07:09:59,525.0026078991785
2022-04-01 07:10:04,542.28
2022-04-01 07:10:09,525.0025886105558
2022-04-01 07:10:14,525.0027298370306
2022-04-01 07:10:19,542.28
2022-04-01 07:10:24,542.32
2022-04-01 07:10:29,525.0037551834291
2022-04-01 07:10:34,542.31
2022-04-01 07:10:39,542.38
2022-04-01 07:10:44,542.31
2022-04-01 07:10:49,542.38
2022-04-01 07:10:54,542.38
2022-04-01 07:10:59,542.38
2022-04-01 07:11:04,542.38
2022-04-01 07:11:09,542.37
2022-04-01 07:11:14,542.37
2022-04-01 07:11:19,542.37
2022-04-01 07:11:24,542.37
2022-04-01 07:11:29,542.31
2022-04-01 07:11:34,542.37
2022-04-01 07:11:39,542.31
2022-04-01 07:11:44,542.31
2022-04-01 07:11:49,542.31
2022-04-01 07:11:54,542.27
2022-04-01 07:11:59,542.27
2022-04-01 07:12:04,542.27
2022-04-01 07:12:09,542.27
2022-04-01 07:12:14,542.21
2022-04-01 07:12:19,542.21
2022-04-01 07:12:24,542.21
2022-04-01 07:12:29,542.21
2022-04-01 07:12:34,542.21
2022-04-01 07:12:39,525.0496529129557
2022-04-01 07:12:44,542.08
2022-04-01 07:12:49,542.08
2022-04-01 07:12:54,542.08
2022-04-01 07:12:59,542.01
2022-04-01 07:13:04,542.01
2022-04-01 07:13:09,542.01
2022-04-01 07:13:14,525.0728575498534
2022-04-01 07:13:19,541.92
2022-04-01 07:13:24,541.98
2022-04-01 07:13:29,541.85
2022-04-01 07:13:34,541.85
2022-04-01 07:13:39,541.79
2022-04-01 07:13:44,541.79
2022-04-01 07:13:49,525.1003859253509
2022-04-01 07:13:54,525.1046628640389
2022-04-01 07:13:59,541.76
2022-04-01 07:14:04,541.76
2022-04-01 07:14:09,541.76
2022-04-01 07:14:14,541.76
2022-04-01 07:14:19,541.69
2022-04-01 07:14:24,541.69
2022-04-01 07:14:29,541.69
2022-04-01 07:14:34,525.1418942075877
2022-04-01 07:14:39,541.69
2022-04-01 07:14:44,541.63
2022-04-01 07:14:49,525.1572096913899
2022-04-01 07:14:54,541.63
2022-04-01 07:14:59,541.63
2022-04-01 07:15:04,541.63
2022-04-01 07:15:09,541.57
2022-04-01 07:15:14,541.57
2022-04-01 07:15:19,541.51
2022-04-01 07:15:24,541.57
2022-04-01 07:15:29,541.51
2022-04-01 07:15:34,541.57
2022-04-01 07:15:39,541.57
2022-04-01 07:15:44,541.51
2022-04-01 07:15:49,541.57
2022-04-01 07:15:54,541.57
2022-04-01 07:15:59,525.2380165838995
2022-04-01 07:16:04,541.64
2022-04-01 07:16:09,541.7
2022-04-01 07:16:14,541.77
2022-04-01 07:16:19,541.77
2022-04-01 07:16:24,541.8
2022-04-01 07:16:29,525.2771558211671
2022-04-01 07:16:34,541.93
2022-04-01 07:16:39,541.93
2022-04-01 07:16:44,542.0
2022-04-01 07:16:49,542.03
2022-04-01 07:16:54,542.09
2022-04-01 07:16:59,525.3188648292544
2022-04-01 07:17:04,542.16
2022-04-01 07:17:09,542.22
2022-04-01 07:17:14,525.3406538217084
2022-04-01 07:17:19,542.29
2022-04-01 07:17:24,542.32
2022-04-01 07:17:29,542.38
2022-04-01 07:17:34,542.38
2022-04-01 07:17:39,542.45
2022-04-01 07:17:44,542.51
2022-04-01 07:17:49,542.51
2022-04-01 07:17:54,525.401695771793
2022-04-01 07:17:59,542.6
2022-04-01 07:18:04,542.61
2022-04-01 07:18:09,542.67
2022-04-01 07:18:14,542.67
2022-04-01 07:18:19,542.73
2022-04-01 07:18:24,542.8
2022-04-01 07:18:29,542.8
2022-04-01 07:18:34,542.89
2022-04-01 07:18:39,542.83
2022-04-01 07:18:44,542.89
2022-04-01 07:18:49,543.02
2022-04-01 07:18:54,543.02
2022-04-01 07:18:59,543.05
2022-04-01 07:19:04,543.05
2022-04-01 07:19:09,543.12
2022-04-01 07:19:14,543.18
2022-04-01 07:19:19,543.18
2022-04-01 07:19:24,543.24
2022-04-01 07:19:29,525.5626887595241
2022-04-01 07:19:34,543.34
2022-04-01 07:19:39,543.4
2022-04-01 07:19:44,543.4
2022-04-01 07:19:49,543.47
2022-04-01 07:19:54,543.53
2022-04-01 07:19:59,543.56
2022-04-01 07:20:04,543.62
2022-04-01 07:20:09,543.69
2022-04-01 07:20:14,543.69
2022-04-01 07:20:19,543.82
2022-04-01 07:20:24,543.81
2022-04-01 07:20:29,525.6749390549069
2022-04-01 07:20:34,525.6846326777876
2022-04-01 07:20:39,543.91
2022-04-01 07:20:44,543.97
2022-04-01 07:20:49,544.03
2022-04-01 07:20:54,544.03
2022-04-01 07:20:59,544.07
2022-04-01 07:21:04,544.13
2022-04-01 07:21:09,544.19
2022-04-01 07:21:14,544.19
2022-04-01 07:21:19,544.19
2022-04-01 07:21:24,544.32
2022-04-01 07:21:29,525.7944808473161
2022-04-01 07:21:34,544.32
2022-04-01 07:21:39,544.35
2022-04-01 07:21:44,544.41
2022-04-01 07:21:49,544.41
2022-04-01 07:21:54,544.47
2022-04-01 07:21:59,544.41
2022-04-01 07:22:04,544.54
2022-04-01 07:22:09,544.54
2022-04-01 07:22:14,544.57
2022-04-01 07:22:19,544.63
2022-04-01 07:22:24,544.63
2022-04-01 07:22:29,544.63
2022-04-01 07:22:34,544.76
2022-04-01 07:22:39,544.76
2022-04-01 07:22:44,544.82
2022-04-01 07:22:49,544.85
2022-04-01 07:22:54,544.85
2022-04-01 07:22:59,544.91
2022-04-01 07:23:04,544.98
2022-04-01 07:23:09,544.98
2022-04-01 07:23:14,544.98
2022-04-01 07:23:19,526.0300997328387
2022-04-01 07:23:24,545.07
2022-04-01 07:23:29,545.07
2022-04-01 07:23:34,545.14
2022-04-01 07:23:39,545.2
2022-04-01 07:23:44,545.2
2022-04-01 07:23:49,545.2
2022-04-01 07:23:54,545.27
2022-04-01 07:23:59,545.27
2022-04-01 07:24:04,545.33
2022-04-01 07:24:09,545.36
2022-04-01 07:24:14,545.36
2022-04-01 07:24:19,545.43
2022-04-01 07:24:24,545.49
2022-04-01 07:24:29,545.49
2022-04-01 07:24:34,545.55
2022-04-01 07:24:39,545.56
2022-04-01 07:24:44,545.59
2022-04-01 07:24:49,545.65
2022-04-01 07:24:54,545.65
2022-04-01 07:24:59,545.65
2022-04-01 07:25:04,545.71
2022-04-01 07:25:09,545.72
2022-04-01 07:25:14,545.72
2022-04-01 07:25:19,545.72
2022-04-01 07:25:24,545.78
2022-04-01 07:25:29,545.78
2022-04-01 07:25:34,545.85
2022-04-01 07:25:39,545.85
2022-04-01 07:25:44,545.85
2022-04-01 07:25:49,545.85
2022-04-01 07:25:54,545.85
2022-04-01 07:25:59,545.85
2022-04-01 07:26:04,545.85
2022-04-01 07:26:09,545.85
2022-04-01 07:26:14,545.85
2022-04-01 07:26:19,545.78
2022-04-01 07:26:24,545.79
2022-04-01 07:26:29,526.47541816578
2022-04-01 07:26:34,545.72
2022-04-01 07:26:39,526.4998428143822
2022-04-01 07:26:44,545.66
2022-04-01 07:26:49,545.66
2022-04-01 07:26:54,545.6
2022-04-01 07:26:59,545.57
2022-04-01 07:27:04,545.56
2022-04-01 07:27:09,545.5
2022-04-01 07:27:14,545.44
2022-04-01 07:27:19,545.44
2022-04-01 07:27:24,545.37
2022-04-01 07:27:29,545.37
2022-04-01 07:27:34,545.28
2022-04-01 07:27:39,545.21
2022-04-01 07:27:44,545.15
2022-04-01 07:27:49,545.15
2022-04-01 07:27:54,526.6851507361857
2022-04-01 07:27:59,545.05
2022-04-01 07:28:04,544.99
2022-04-01 07:28:09,544.92
2022-04-01 07:28:14,544.86
2022-04-01 07:28:19,544.82
2022-04-01 07:28:24,544.7
2022-04-01 07:28:29,544.63
2022-04-01 07:28:34,544.54
2022-04-01 07:28:39,544.47
2022-04-01 07:28:44,526.8102774752562
2022-04-01 07:28:49,544.34
2022-04-01 07:28:54,544.31
2022-04-01 07:28:59,544.18
2022-04-01 07:29:04,526.8605652254492
2022-04-01 07:29:09,526.873152847426
2022-04-01 07:29:14,543.96
2022-04-01 07:29:19,543.89
2022-04-01 07:29:24,526.9109463401037
2022-04-01 07:29:29,543.73
2022-04-01 07:29:34,543.66
2022-04-01 07:29:39,543.54
2022-04-01 07:29:44,543.5
2022-04-01 07:29:49,543.44
2022-04-01 07:29:54,526.9866316814866
2022-04-01 07:29:59,543.31
2022-04-01 07:30:04,543.28
2022-04-01 07:30:09,543.21
2022-04-01 07:30:14,543.08
2022-04-01 07:30:19,543.08
2022-04-01 07:30:24,542.98
2022-04-01 07:30:29,542.92
2022-04-01 07:30:34,542.86
2022-04-01 07:30:39,542.79
2022-04-01 07:30:44,542.79
2022-04-01 07:30:49,542.69
2022-04-01 07:30:54,542.63
2022-04-01 07:30:59,542.63
2022-04-01 07:31:04,542.5
2022-04-01 07:31:09,542.47
2022-04-01 07:31:14,527.1884572716122
2022-04-01 07:31:19,542.4
2022-04-01 07:31:24,542.33
2022-04-01 07:31:29,542.27
2022-04-01 07:31:34,542.27
2022-04-01 07:31:39,542.23
2022-04-01 07:31:44,527.2638710113805
2022-04-01 07:31:49,542.17
2022-04-01 07:31:54,542.1
2022-04-01 07:31:59,527.3014731483751
2022-04-01 07:32:04,542.04
2022-04-01 07:32:09,527.3264944107148
2022-04-01 07:32:14,541.94
2022-04-01 07:32:19,541.94
2022-04-01 07:32:24,541.87
2022-04-01 07:32:29,527.376408760084
2022-04-01 07:32:34,541.8
2022-04-01 07:32:39,541.8
2022-04-01 07:32:44,541.74
2022-04-01 07:32:49,541.7
2022-04-01 07:32:54,541.7
2022-04-01 07:32:59,541.64
2022-04-01 07:33:04,541.64
2022-04-01 07:33:09,541.57
2022-04-01 07:33:14,541.57
2022-04-01 07:33:19,541.51
2022-04-01 07:33:24,541.51
2022-04-01 07:33:29,541.44
2022-04-01 07:33:34,541.44
2022-04-01 07:33:39,541.41
2022-04-01 07:33:44,541.41
2022-04-01 07:33:49,541.34
2022-04-01 07:33:54,541.28
2022-04-01 07:33:59,541.28
2022-04-01 07:34:04,541.21
2022-04-01 07:34:09,541.21
2022-04-01 07:34:14,541.18
2022-04-01 07:34:19,541.18
2022-04-01 07:34:24,541.11
2022-04-01 07:34:29,541.05
2022-04-01 07:34:34,541.05
2022-04-01 07:34:39,540.98
2022-04-01 07:34:44,540.98
2022-04-01 07:34:49,540.98
2022-04-01 07:34:54,540.98
2022-04-01 07:34:59,540.92
2022-04-01 07:35:04,540.92
2022-04-01 07:35:09,540.92
2022-04-01 07:35:14,527.7782011269506
2022-04-01 07:35:19,540.89
2022-04-01 07:35:24,540.89
2022-04-01 07:35:29,540.89
2022-04-01 07:35:34,540.89
2022-04-01 07:35:39,540.89
2022-04-01 07:35:44,540.89
2022-04-01 07:35:49,540.89
2022-04-01 07:35:54,540.82
2022-04-01 07:35:59,540.82
2022-04-01 07:36:04,540.82
2022-04-01 07:36:09,540.82
2022-04-01 07:36:14,540.82
2022-04-01 07:36:19,540.82
2022-04-01 07:36:24,540.82
2022-04-01 07:36:29,540.82
2022-04-01 07:36:34,540.82
2022-04-01 07:36:39,540.82
2022-04-01 07:36:44,540.82
2022-04-01 07:36:49,540.76
2022-04-01 07:36:54,540.76
2022-04-01 07:36:59,540.76
2022-04-01 07:37:04,540.76
2022-04-01 07:37:09,540.69
2022-04-01 07:37:14,540.76
2022-04-01 07:37:19,540.7
2022-04-01 07:37:24,540.7
2022-04-01 07:37:29,540.76
2022-04-01 07:37:34,540.7
2022-04-01 07:37:39,540.76
2022-04-01 07:37:44,540.7
2022-04-01 07:37:49,540.7
2022-04-01 07:37:54,540.7
2022-04-01 07:37:59,540.7
2022-04-01 07:38:04,540.7
2022-04-01 07:38:09,540.67
2022-04-01 07:38:14,540.71
2022-04-01 07:38:19,540.7
2022-04-01 07:38:24,540.61
2022-04-01 07:38:29,540.67
2022-04-01 07:38:34,540.61
2022-04-01 07:38:39,540.67
2022-04-01 07:38:44,540.61
2022-04-01 07:38:49,540.61
2022-04-01 07:38:54,540.55
2022-04-01 07:38:59,540.55
2022-04-01 07:39:04,540.55
2022-04-01 07:39:09,540.55
2022-04-01 07:39:14,540.55
2022-04-01 07:39:19,528.3166377460793
2022-04-01 07:39:24,528.3265991627713
2022-04-01 07:39:29,540.48
2022-04-01 07:39:34,540.48
2022-04-01 07:39:39,540.48
2022-04-01 07:39:44,528.3659620800577
2022-04-01 07:39:49,540.42
2022-04-01 07:39:54,540.42
2022-04-01 07:39:59,540.42
2022-04-01 07:40:04,540.39
2022-04-01 07:40:09,540.39
2022-04-01 07:40:14,540.38
2022-04-01 07:40:19,540.42
2022-04-01 07:40:24,540.38
2022-04-01 07:40:29,540.38
2022-04-01 07:40:34,528.4611185105065
2022-04-01 07:40:39,540.32
2022-04-01 07:40:44,540.32
2022-04-01 07:40:49,540.32
2022-04-01 07:40:54,540.26
2022-04-01 07:40:59,540.26
2022-04-01 07:41:04,540.26
2022-04-01 07:41:09,540.26
2022-04-01 07:41:14,540.26
2022-04-01 07:41:19,540.19
2022-04-01 07:41:24,540.26
2022-04-01 07:41:29,540.26
2022-04-01 07:41:34,540.26
2022-04-01 07:41:39,540.19
2022-04-01 07:41:44,540.19
2022-04-01 07:41:49,540.19
2022-04-01 07:41:54,540.19
2022-04-01 07:41:59,540.19
2022-04-01 07:42:04,540.16
2022-04-01 07:42:09,528.6303048303225
2022-04-01 07:42:14,540.15
2022-04-01 07:42:19,540.15
2022-04-01 07:42:24,540.15
2022-04-01 07:42:29,540.09
2022-04-01 07:42:34,540.09
2022-04-01 07:42:39,540.09
2022-04-01 07:42:44,540.09
2022-04-01 07:42:49,540.08
2022-04-01 07:42:54,540.09
2022-04-01 07:42:59,540.02
2022-04-01 07:43:04,540.09
2022-04-01 07:43:09,540.02
2022-04-01 07:43:14,540.02
2022-04-01 07:43:19,539.95
2022-04-01 07:43:24,540.01
2022-04-01 07:43:29,540.01
2022-04-01 07:43:34,540.01
2022-04-01 07:43:39,540.01
2022-04-01 07:43:44,540.01
2022-04-01 07:43:49,540.08
2022-04-01 07:43:54,540.01
2022-04-01 07:43:59,540.01
2022-04-01 07:44:04,540.01
2022-04-01 07:44:09,540.01
2022-04-01 07:44:14,540.01
2022-04-01 07:44:19,540.07
2022-04-01 07:44:24,540.07
2022-04-01 07:44:29,540.07
2022-04-01 07:44:34,540.06
2022-04-01 07:44:39,528.8721102871043
2022-04-01 07:44:44,540.06
2022-04-01 07:44:49,540.06
2022-04-01 07:44:54,540.06
2022-04-01 07:44:59,528.9024766791754
2022-04-01 07:45:04,540.13
2022-04-01 07:45:09,540.13
2022-04-01 07:45:14,540.16
2022-04-01 07:45:19,540.16
2022-04-01 07:45:24,540.16
2022-04-01 07:45:29,540.16
2022-04-01 07:45:34,540.22
2022-04-01 07:45:39,540.22
2022-04-01 07:45:44,528.9695160696041
2022-04-01 07:45:49,540.35
2022-04-01 07:45:54,540.29
2022-04-01 07:45:59,540.35
2022-04-01 07:46:04,528.998797789927
2022-04-01 07:46:09,540.35
2022-04-01 07:46:14,540.38
2022-04-01 07:46:19,540.38
2022-04-01 07:46:24,540.38
2022-04-01 07:46:29,540.44
2022-04-01 07:46:34,540.51
2022-04-01 07:46:39,540.51
2022-04-01 07:46:44,540.57
2022-04-01 07:46:49,529.0636936929891
2022-04-01 07:46:54,540.64
2022-04-01 07:46:59,540.64
2022-04-01 07:47:04,540.64
2022-04-01 07:47:09,540.64
2022-04-01 07:47:14,540.67
2022-04-01 07:47:19,540.67
2022-04-01 07:47:24,540.74
2022-04-01 07:47:29,540.74
2022-04-01 07:47:34,540.8
2022-04-01 07:47:39,540.8
2022-04-01 07:47:44,540.8
2022-04-01 07:47:49,540.8
2022-04-01 07:47:54,540.8
2022-04-01 07:47:59,540.87
2022-04-01 07:48:04,540.87
2022-04-01 07:48:09,540.87
2022-04-01 07:48:14,540.87
2022-04-01 07:48:19,540.87
2022-04-01 07:48:24,540.87
2022-04-01 07:48:29,540.87
2022-04-01 07:48:34,540.9
2022-04-01 07:48:39,540.9
2022-04-01 07:48:44,540.9
2022-04-01 07:48:49,540.97
2022-04-01 07:48:54,540.97
2022-04-01 07:48:59,541.03
2022-04-01 07:49:04,540.97
2022-04-01 07:49:09,541.03
2022-04-01 07:49:14,540.97
2022-04-01 07:49:19,541.03
2022-04-01 07:49:24,541.04
2022-04-01 07:49:29,541.04
2022-04-01 07:49:34,541.1
2022-04-01 07:49:39,541.04
2022-04-01 07:49:44,529.3078743813359
2022-04-01 07:49:49,529.3147649171991
2022-04-01 07:49:54,541.04
2022-04-01 07:49:59,541.04
2022-04-01 07:50:04,541.1
2022-04-01 07:50:09,541.04
2022-04-01 07:50:14,541.04
2022-04-01 07:50:19,541.04
2022-04-01 07:50:24,541.1
2022-04-01 07:50:29,541.04
2022-04-01 07:50:34,541.04
2022-04-01 07:50:39,541.04
2022-04-01 07:50:44,541.04
2022-04-01 07:50:49,540.98
2022-04-01 07:50:54,541.04
2022-04-01 07:50:59,541.05
2022-04-01 07:51:04,541.04
2022-04-01 07:51:09,541.04
2022-04-01 07:51:14,541.05
2022-04-01 07:51:19,541.05
2022-04-01 07:51:24,529.4461372030787
2022-04-01 07:51:29,541.05
2022-04-01 07:51:34,540.98
2022-04-01 07:51:39,540.92
2022-04-01 07:51:44,540.98
2022-04-01 07:51:49,540.92
2022-04-01 07:51:54,540.92
2022-04-01 07:51:59,540.92
2022-04-01 07:52:04,540.88
2022-04-01 07:52:09,540.88
2022-04-01 07:52:14,540.82
2022-04-01 07:52:19,540.82
2022-04-01 07:52:24,529.53032663895
2022-04-01 07:52:29,529.5374120502391
2022-04-01 07:52:34,540.82
2022-04-01 07:52:39,540.75
2022-04-01 07:52:44,540.75
2022-04-01 07:52:49,540.75
2022-04-01 07:52:54,540.69
2022-04-01 07:52:59,540.75
2022-04-01 07:53:04,540.66
2022-04-01 07:53:09,540.69
2022-04-01 07:53:14,540.65
2022-04-01 07:53:19,540.65
2022-04-01 07:53:24,540.65
2022-04-01 07:53:29,529.6235263520309
2022-04-01 07:53:34,540.59
2022-04-01 07:53:39,540.59
2022-04-01 07:53:44,540.59
2022-04-01 07:53:49,540.52
2022-04-01 07:53:54,540.59
2022-04-01 07:53:59,540.52
2022-04-01 07:54:04,540.59
2022-04-01 07:54:09,529.6822183234815
2022-04-01 07:54:14,540.52
2022-04-01 07:54:19,540.45
2022-04-01 07:54:24,540.45
2022-04-01 07:54:29,540.52
2022-04-01 07:54:34,540.45
2022-04-01 07:54:39,540.45
2022-04-01 07:54:44,540.52
2022-04-01 07:54:49,540.45
2022-04-01 07:54:54,540.45
2022-04-01 07:54:59,540.45
2022-04-01 07:55:04,540.38
2022-04-01 07:55:09,540.38
2022-04-01 07:55:14,540.45
2022-04-01 07:55:19,540.38
2022-04-01 07:55:24,529.7946937592252
2022-04-01 07:55:29,540.37
2022-04-01 07:55:34,540.37
2022-04-01 07:55:39,540.37
2022-04-01 07:55:44,540.37
2022-04-01 07:55:49,540.37
2022-04-01 07:55:54,540.37
2022-04-01 07:55:59,540.37
2022-04-01 07:56:04,540.37
2022-04-01 07:56:09,540.37
2022-04-01 07:56:14,529.8709841255841
2022-04-01 07:56:19,540.37
2022-04-01 07:56:24,540.37
2022-04-01 07:56:29,540.37
2022-04-01 07:56:34,540.37
2022-04-01 07:56:39,540.37
2022-04-01 07:56:44,540.37
2022-04-01 07:56:49,540.33
2022-04-01 07:56:54,529.9325083602134
2022-04-01 07:56:59,540.33
2022-04-01 07:57:04,540.37
2022-04-01 07:57:09,540.36
2022-04-01 07:57:14,540.33
2022-04-01 07:57:19,540.33
2022-04-01 07:57:24,540.33
2022-04-01 07:57:29,540.33
2022-04-01 07:57:34,540.27
2022-04-01 07:57:39,540.27
2022-04-01 07:57:44,540.27
2022-04-01 07:57:49,540.2
2022-04-01 07:57:54,540.2
2022-04-01 07:57:59,530.0329535160024
2022-04-01 07:58:04,540.27
2022-04-01 07:58:09,540.27
2022-04-01 07:58:14,540.2
2022-04-01 07:58:19,540.27
2022-04-01 07:58:24,540.27
2022-04-01 07:58:29,540.27
2022-04-01 07:58:34,540.27
2022-04-01 07:58:39,540.27
2022-04-01 07:58:44,540.33
2022-04-01 07:58:49,540.33
2022-04-01 07:58:54,540.27
2022-04-01 07:58:59,530.1256434959039
2022-04-01 07:59:04,540.33
2022-04-01 07:59:09,540.33
2022-04-01 07:59:14,540.33
2022-04-01 07:59:19,540.33
2022-04-01 07:59:24,540.33
2022-04-01 07:59:29,540.33
2022-04-01 07:59:34,540.27
2022-04-01 07:59:39,540.33
2022-04-01 07:59:44,540.33
2022-04-01 07:59:49,540.33
2022-04-01 07:59:54,530.2100854142277
2022-04-01 07:59:59,540.33
2022-04-01 08:00:04,540.33
2022-04-01 08:00:09,540.27
2022-04-01 08:00:14,540.27
2022-04-01 08:00:19,540.34
2022-04-01 08:00:24,540.27
2022-04-01 08:00:29,540.27
2022-04-01 08:00:34,540.21
2022-04-01 08:00:39,540.27
2022-04-01 08:00:44,540.28
2022-04-01 08:00:49,540.21
2022-04-01 08:00:54,540.21
2022-04-01 08:00:59,540.21
2022-04-01 08:01:04,540.21
2022-04-01 08:01:09,530.3236127239126
2022-04-01 08:01:14,540.15
2022-04-01 08:01:19,540.21
2022-04-01 08:01:24,540.15
2022-04-01 08:01:29,540.15
2022-04-01 08:01:34,540.15
2022-04-01 08:01:39,540.15
2022-04-01 08:01:44,540.12
2022-04-01 08:01:49,540.15
2022-04-01 08:01:54,540.12
2022-04-01 08:01:59,540.12
2022-04-01 08:02:04,540.12
2022-04-01 08:02:09,540.12
2022-04-01 08:02:14,540.12
2022-04-01 08:02:19,530.4269932042711
2022-04-01 08:02:24,540.12
2022-04-01 08:02:29,540.12
2022-04-01 08:02:34,540.12
2022-04-01 08:02:39,540.13
2022-04-01 08:02:44,530.4631342677282
2022-04-01 08:02:49,540.12
2022-04-01 08:02:54,540.12
2022-04-01 08:02:59,540.15
2022-04-01 08:03:04,540.15
2022-04-01 08:03:09,540.12
2022-04-01 08:03:14,540.15
2022-04-01 08:03:19,540.12
2022-04-01 08:03:24,530.5199514120997
2022-04-01 08:03:29,540.15
2022-04-01 08:03:34,530.5339452838979
2022-04-01 08:03:39,540.15
2022-04-01 08:03:44,540.22
2022-04-01 08:03:49,540.22
2022-04-01 08:03:54,540.28
2022-04-01 08:03:59,540.22
2022-04-01 08:04:04,540.22
2022-04-01 08:04:09,540.28
2022-04-01 08:04:14,540.28
2022-04-01 08:04:19,540.28
2022-04-01 08:04:24,540.35
2022-04-01 08:04:29,540.28
2022-04-01 08:04:34,540.28
2022-04-01 08:04:39,540.28
2022-04-01 08:04:44,540.28
2022-04-01 08:04:49,540.28
2022-04-01 08:04:54,540.28
2022-04-01 08:04:59,540.34
2022-04-01 08:05:04,540.28
2022-04-01 08:05:09,540.34
2022-04-01 08:05:14,540.34
2022-04-01 08:05:19,530.6749778643243
2022-04-01 08:05:24,540.34
2022-04-01 08:05:29,540.37
2022-04-01 08:05:34,540.37
2022-04-01 08:05:39,540.43
2022-04-01 08:05:44,540.43
2022-04-01 08:05:49,540.43
2022-04-01 08:05:54,540.43
2022-04-01 08:05:59,540.49
2022-04-01 08:06:04,540.43
2022-04-01 08:06:09,540.49
2022-04-01 08:06:14,540.43
2022-04-01 08:06:19,540.49
2022-04-01 08:06:24,540.55
2022-04-01 08:06:29,530.7620161665893
2022-04-01 08:06:34,540.55
2022-04-01 08:06:39,540.55
2022-04-01 08:06:44,540.55
2022-04-01 08:06:49,540.55
2022-04-01 08:06:54,540.55
2022-04-01 08:06:59,540.61
2022-04-01 08:07:04,540.61
2022-04-01 08:07:09,540.61
2022-04-01 08:07:14,540.64
2022-04-01 08:07:19,540.64
2022-04-01 08:07:24,540.64
2022-04-01 08:07:29,540.64
2022-04-01 08:07:34,540.64
2022-04-01 08:07:39,540.63
2022-04-01 08:07:44,540.7
2022-04-01 08:07:49,540.7
2022-04-01 08:07:54,540.63
2022-04-01 08:07:59,540.7
2022-04-01 08:08:04,540.63
2022-04-01 08:08:09,540.63
2022-04-01 08:08:14,530.8800140354579
2022-04-01 08:08:19,540.63
2022-04-01 08:08:24,540.63
2022-04-01 08:08:29,540.6
2022-04-01 08:08:34,540.63
2022-04-01 08:08:39,540.6
2022-04-01 08:08:44,530.9113325860261
2022-04-01 08:08:49,540.47
2022-04-01 08:08:54,540.47
2022-04-01 08:08:59,530.9268253368347
2022-04-01 08:09:04,540.4
2022-04-01 08:09:09,540.34
2022-04-01 08:09:14,540.34
2022-04-01 08:09:19,540.31
2022-04-01 08:09:24,540.24
2022-04-01 08:09:29,540.24
2022-04-01 08:09:34,540.11
2022-04-01 08:09:39,540.11
2022-04-01 08:09:44,540.08
2022-04-01 08:09:49,530.9785152966747
2022-04-01 08:09:54,539.95
2022-04-01 08:09:59,539.88
2022-04-01 08:10:04,539.88
2022-04-01 08:10:09,539.82
2022-04-01 08:10:14,539.79
2022-04-01 08:10:19,539.72
2022-04-01 08:10:24,531.0155600077322
2022-04-01 08:10:29,539.6
2022-04-01 08:10:34,539.57
2022-04-01 08:10:39,539.5
2022-04-01 08:10:44,539.43
2022-04-01 08:10:49,539.37
2022-04-01 08:10:54,539.37
2022-04-01 08:10:59,539.31
2022-04-01 08:11:04,539.28
2022-04-01 08:11:09,539.21
2022-04-01 08:11:14,539.21
2022-04-01 08:11:19,539.09
2022-04-01 08:11:24,531.0829896445608
2022-04-01 08:11:29,539.05
2022-04-01 08:11:34,538.99
2022-04-01 08:11:39,538.92
2022-04-01 08:11:44,538.92
2022-04-01 08:11:49,538.86
2022-04-01 08:11:54,538.86
2022-04-01 08:11:59,531.1258017814564
2022-04-01 08:12:04,538.7
2022-04-01 08:12:09,538.7
2022-04-01 08:12:14,538.64
2022-04-01 08:12:19,538.64
2022-04-01 08:12:24,538.64
2022-04-01 08:12:29,538.54
2022-04-01 08:12:34,538.54
2022-04-01 08:12:39,538.54
2022-04-01 08:12:44,531.1859981011928
2022-04-01 08:12:49,538.48
2022-04-01 08:12:54,531.200298347927
2022-04-01 08:12:59,538.48
2022-04-01 08:13:04,538.42
2022-04-01 08:13:09,538.42
2022-04-01 08:13:14,538.42
2022-04-01 08:13:19,538.35
2022-04-01 08:13:24,538.36
2022-04-01 08:13:29,531.2533830638826
2022-04-01 08:13:34,538.35
2022-04-01 08:13:39,538.42
2022-04-01 08:13:44,538.36
2022-04-01 08:13:49,538.42
2022-04-01 08:13:54,538.42
2022-04-01 08:13:59,538.42
2022-04-01 08:14:04,538.42
2022-04-01 08:14:09,538.49
2022-04-01 08:14:14,538.42
2022-04-01 08:14:19,538.42
2022-04-01 08:14:24,538.49
2022-04-01 08:14:29,538.49
2022-04-01 08:14:34,538.55
2022-04-01 08:14:39,538.55
2022-04-01 08:14:44,538.58
2022-04-01 08:14:49,538.58
2022-04-01 08:14:54,538.65
2022-04-01 08:14:59,538.65
2022-04-01 08:15:04,531.4260151585473
2022-04-01 08:15:09,538.65
2022-04-01 08:15:14,538.71
2022-04-01 08:15:19,538.71
2022-04-01 08:15:24,538.71
2022-04-01 08:15:29,538.77
2022-04-01 08:15:34,538.77
2022-04-01 08:15:39,538.8
2022-04-01 08:15:44,538.8
2022-04-01 08:15:49,538.8
2022-04-01 08:15:54,538.87
2022-04-01 08:15:59,538.93
2022-04-01 08:16:04,531.5614016620094
2022-04-01 08:16:09,539.0
2022-04-01 08:16:14,538.93
2022-04-01 08:16:19,538.99
2022-04-01 08:16:24,539.06
2022-04-01 08:16:29,539.05
2022-04-01 08:16:34,539.05
2022-04-01 08:16:39,539.09
2022-04-01 08:16:44,539.09
2022-04-01 08:16:49,539.09
2022-04-01 08:16:54,539.15
2022-04-01 08:16:59,531.7070841296808
2022-04-01 08:17:04,539.15
2022-04-01 08:17:09,539.14
2022-04-01 08:17:14,539.21
2022-04-01 08:17:19,539.21
2022-04-01 08:17:24,539.21
2022-04-01 08:17:29,539.27
2022-04-01 08:17:34,539.27
2022-04-01 08:17:39,539.27
2022-04-01 08:17:44,539.27
2022-04-01 08:17:49,539.27
2022-04-01 08:17:54,539.27
2022-04-01 08:17:59,539.2
2022-04-01 08:18:04,539.27
2022-04-01 08:18:09,531.9268019084861
2022-04-01 08:18:14,539.26
2022-04-01 08:18:19,539.2
2022-04-01 08:18:24,539.2
2022-04-01 08:18:29,539.2
2022-04-01 08:18:34,539.19
2022-04-01 08:18:39,532.0340069691839
2022-04-01 08:18:44,539.13
2022-04-01 08:18:49,539.13
2022-04-01 08:18:54,539.12
2022-04-01 08:18:59,539.06
2022-04-01 08:19:04,539.06
2022-04-01 08:19:09,539.03
2022-04-01 08:19:14,539.03
2022-04-01 08:19:19,539.03
2022-04-01 08:19:24,538.96
2022-04-01 08:19:29,538.9
2022-04-01 08:19:34,538.9
2022-04-01 08:19:39,538.83
2022-04-01 08:19:44,538.83
2022-04-01 08:19:49,538.77
2022-04-01 08:19:54,538.77
2022-04-01 08:19:59,538.73
2022-04-01 08:20:04,538.67
2022-04-01 08:20:09,538.67
2022-04-01 08:20:14,538.67
2022-04-01 08:20:19,538.6
2022-04-01 08:20:24,538.61
2022-04-01 08:20:29,538.6
2022-04-01 08:20:34,532.5273032009438
2022-04-01 08:20:39,538.54
2022-04-01 08:20:44,538.51
2022-04-01 08:20:49,538.51
2022-04-01 08:20:54,538.5
2022-04-01 08:20:59,538.44
2022-04-01 08:21:04,538.44
2022-04-01 08:21:09,538.44
2022-04-01 08:21:14,538.38
2022-04-01 08:21:19,538.38
2022-04-01 08:21:24,538.38
2022-04-01 08:21:29,538.31
2022-04-01 08:21:34,538.25
2022-04-01 08:21:39,538.25
2022-04-01 08:21:44,538.22
2022-04-01 08:21:49,538.22
2022-04-01 08:21:54,538.22
2022-04-01 08:21:59,538.15
2022-04-01 08:22:04,538.09
2022-04-01 08:22:09,538.09
2022-04-01 08:22:14,538.09
2022-04-01 08:22:19,538.02
2022-04-01 08:22:24,537.99
2022-04-01 08:22:29,537.99
2022-04-01 08:22:34,537.99
2022-04-01 08:22:39,537.93
2022-04-01 08:22:44,537.93
2022-04-01 08:22:49,537.87
2022-04-01 08:22:54,537.8
2022-04-01 08:22:59,537.8
2022-04-01 08:23:04,537.74
2022-04-01 08:23:09,533.4278111388275
2022-04-01 08:23:14,537.71
2022-04-01 08:23:19,537.71
2022-04-01 08:23:24,533.5288166533962
2022-04-01 08:23:29,537.64
2022-04-01 08:23:34,537.58
2022-04-01 08:23:39,537.58
2022-04-01 08:23:44,537.52
2022-04-01 08:23:49,537.52
2022-04-01 08:23:54,537.49
2022-04-01 08:23:59,537.49
2022-04-01 08:24:04,537.49
2022-04-01 08:24:09,537.42
2022-04-01 08:24:14,537.42
2022-04-01 08:24:19,537.43
2022-04-01 08:24:24,537.36
2022-04-01 08:24:29,537.36
2022-04-01 08:24:34,537.36
2022-04-01 08:24:39,537.3
2022-04-01 08:24:44,537.3
2022-04-01 08:24:49,537.24
2022-04-01 08:24:54,537.24
2022-04-01 08:24:59,537.24
2022-04-01 08:25:04,534.2486611706296
2022-04-01 08:25:09,537.21
2022-04-01 08:25:14,537.14
2022-04-01 08:25:19,537.21
2022-04-01 08:25:24,537.14
2022-04-01 08:25:29,537.14
2022-04-01 08:25:34,537.08
2022-04-01 08:25:39,537.14
2022-04-01 08:25:44,537.08
2022-04-01 08:25:49,537.08
2022-04-01 08:25:54,537.08
2022-04-01 08:25:59,537.02
2022-04-01 08:26:04,537.02
2022-04-01 08:26:09,537.01
2022-04-01 08:26:14,534.788495721204
2022-04-01 08:26:19,537.01
2022-04-01 08:26:24,536.98
2022-04-01 08:26:29,536.98
2022-04-01 08:26:34,536.98
2022-04-01 08:26:39,536.98
2022-04-01 08:26:44,536.98
2022-04-01 08:26:49,536.92
2022-04-01 08:26:54,536.98
2022-04-01 08:26:59,536.98
2022-04-01 08:27:04,536.92
2022-04-01 08:27:09,536.92
2022-04-01 08:27:14,536.92
2022-04-01 08:27:19,536.91
2022-04-01 08:27:24,536.98
2022-04-01 08:27:29,536.91
2022-04-01 08:27:34,536.98
2022-04-01 08:27:39,535.4652656838547
2022-04-01 08:27:44,537.01
2022-04-01 08:27:49,537.01
2022-04-01 08:27:54,537.01
2022-04-01 08:27:59,537.01
2022-04-01 08:28:04,537.01
2022-04-01 08:28:09,537.01
2022-04-01 08:28:14,537.01
2022-04-01 08:28:19,537.0
2022-04-01 08:28:24,537.0
2022-04-01 08:28:29,537.0
2022-04-01 08:28:34,537.07
2022-04-01 08:28:39,537.07
2022-04-01 08:28:44,537.13
2022-04-01 08:28:49,537.13
2022-04-01 08:28:54,537.13
2022-04-01 08:28:59,537.19
2022-04-01 08:29:04,537.22
2022-04-01 08:29:09,536.1859647560834
2022-04-01 08:29:14,537.22
2022-04-01 08:29:19,537.28
2022-04-01 08:29:24,537.28
2022-04-01 08:29:29,537.41
2022-04-01 08:29:34,537.41
2022-04-01 08:29:39,537.47
2022-04-01 08:29:44,537.47
2022-04-01 08:29:49,537.5
2022-04-01 08:29:54,537.57
2022-04-01 08:29:59,537.63
2022-04-01 08:30:04,537.63
2022-04-01 08:30:09,537.69
2022-04-01 08:30:14,537.72
2022-04-01 08:30:19,537.79
2022-04-01 08:30:24,536.7727129319242
2022-04-01 08:30:29,537.85
2022-04-01 08:30:34,537.92
2022-04-01 08:30:39,537.98
2022-04-01 08:30:44,538.01
2022-04-01 08:30:49,538.01
2022-04-01 08:30:54,538.08
2022-04-01 08:30:59,538.08
2022-04-01 08:31:04,537.0752994874279
2022-04-01 08:31:09,538.24
2022-04-01 08:31:14,538.24
2022-04-01 08:31:19,538.3
2022-04-01 08:31:24,538.3
2022-04-01 08:31:29,538.37
2022-04-01 08:31:34,538.43
2022-04-01 08:31:39,538.49
2022-04-01 08:31:44,538.53
2022-04-01 08:31:49,538.65
2022-04-01 08:31:54,538.65
2022-04-01 08:31:59,538.66
2022-04-01 08:32:04,538.75
2022-04-01 08:32:09,538.75
2022-04-01 08:32:14,538.82
2022-04-01 08:32:19,538.88
2022-04-01 08:32:24,538.95
2022-04-01 08:32:29,538.95
2022-04-01 08:32:34,539.01
2022-04-01 08:32:39,539.04
2022-04-01 08:32:44,539.11
2022-04-01 08:32:49,539.11
2022-04-01 08:32:54,539.24
2022-04-01 08:32:59,539.24
2022-04-01 08:33:04,539.27
2022-04-01 08:33:09,539.33
2022-04-01 08:33:14,539.34
2022-04-01 08:33:19,539.4
2022-04-01 08:33:24,539.47
2022-04-01 08:33:29,539.53
2022-04-01 08:33:34,539.53
2022-04-01 08:33:39,539.56
2022-04-01 08:33:44,539.56
2022-04-01 08:33:49,539.63
2022-04-01 08:33:54,539.69
2022-04-01 08:33:59,539.76
2022-04-01 08:34:04,538.2834156496517
2022-04-01 08:34:09,539.79
2022-04-01 08:34:14,539.86
2022-04-01 08:34:19,539.86
2022-04-01 08:34:24,539.92
2022-04-01 08:34:29,539.99
2022-04-01 08:34:34,538.4516535720037
2022-04-01 08:34:39,540.06
2022-04-01 08:34:44,540.09
2022-04-01 08:34:49,540.09
2022-04-01 08:34:54,540.16
2022-04-01 08:34:59,540.22
2022-04-01 08:35:04,540.29
2022-04-01 08:35:09,540.32
2022-04-01 08:35:14,540.32
2022-04-01 08:35:19,540.32
2022-04-01 08:35:24,540.39
2022-04-01 08:35:29,540.39
2022-04-01 08:35:34,540.45
2022-04-01 08:35:39,540.46
2022-04-01 08:35:44,540.52
2022-04-01 08:35:49,540.52
2022-04-01 08:35:54,540.59
2022-04-01 08:35:59,540.59
2022-04-01 08:36:04,540.69
2022-04-01 08:36:09,540.69
2022-04-01 08:36:14,540.69
2022-04-01 08:36:19,540.69
2022-04-01 08:36:24,540.75
2022-04-01 08:36:29,540.75
2022-04-01 08:36:34,540.82
2022-04-01 08:36:39,540.85
2022-04-01 08:36:44,540.85
2022-04-01 08:36:49,540.85
2022-04-01 08:36:54,540.92
2022-04-01 08:36:59,540.92
2022-04-01 08:37:04,540.92
2022-04-01 08:37:09,540.98
2022-04-01 08:37:14,541.05
2022-04-01 08:37:19,540.98
2022-04-01 08:37:24,541.05
2022-04-01 08:37:29,541.05
2022-04-01 08:37:34,541.05
2022-04-01 08:37:39,541.11
2022-04-01 08:37:44,541.05
2022-04-01 08:37:49,541.11
2022-04-01 08:37:54,541.05
2022-04-01 08:37:59,541.12
2022-04-01 08:38:04,541.12
2022-04-01 08:38:09,541.12
2022-04-01 08:38:14,541.12
2022-04-01 08:38:19,541.15
2022-04-01 08:38:24,541.15
2022-04-01 08:38:29,541.15
2022-04-01 08:38:34,541.15
2022-04-01 08:38:39,541.15
2022-04-01 08:38:44,539.3550486661995
2022-04-01 08:38:49,541.21
2022-04-01 08:38:54,541.15
2022-04-01 08:38:59,541.21
2022-04-01 08:39:04,541.22
2022-04-01 08:39:09,541.21
2022-04-01 08:39:14,541.21
2022-04-01 08:39:19,541.28
2022-04-01 08:39:24,541.28
2022-04-01 08:39:29,541.21
2022-04-01 08:39:34,541.28
2022-04-01 08:39:39,541.28
2022-04-01 08:39:44,541.28
2022-04-01 08:39:49,541.28
2022-04-01 08:39:54,541.28
2022-04-01 08:39:59,541.21
2022-04-01 08:40:04,541.21
2022-04-01 08:40:09,541.15
2022-04-01 08:40:14,541.21
2022-04-01 08:40:19,541.15
2022-04-01 08:40:24,541.15
2022-04-01 08:40:29,539.4877536162649
2022-04-01 08:40:34,541.11
2022-04-01 08:40:39,541.11
2022-04-01 08:40:44,541.05
2022-04-01 08:40:49,541.05
2022-04-01 08:40:54,540.98
2022-04-01 08:40:59,540.98
2022-04-01 08:41:04,539.5049470527845
2022-04-01 08:41:09,540.98
2022-04-01 08:41:14,540.92
2022-04-01 08:41:19,540.92
2022-04-01 08:41:24,540.82
2022-04-01 08:41:29,540.82
2022-04-01 08:41:34,540.75
2022-04-01 08:41:39,540.69
2022-04-01 08:41:44,540.69
2022-04-01 08:41:49,540.63
2022-04-01 08:41:54,540.59
2022-04-01 08:41:59,540.59
2022-04-01 08:42:04,540.53
2022-04-01 08:42:09,540.46
2022-04-01 08:42:14,540.4
2022-04-01 08:42:19,540.4
2022-04-01 08:42:24,540.34
2022-04-01 08:42:29,540.3
2022-04-01 08:42:34,540.24
2022-04-01 08:42:39,540.17
2022-04-01 08:42:44,540.17
2022-04-01 08:42:49,540.11
2022-04-01 08:42:54,540.08
2022-04-01 08:42:59,540.08
2022-04-01 08:43:04,540.02
2022-04-01 08:43:09,540.01
2022-04-01 08:43:14,539.95
2022-04-01 08:43:19,539.463005799731
2022-04-01 08:43:24,539.89
2022-04-01 08:43:29,539.82
2022-04-01 08:43:34,539.79
2022-04-01 08:43:39,539.79
2022-04-01 08:43:44,539.73
2022-04-01 08:43:49,539.73
2022-04-01 08:43:54,539.66
2022-04-01 08:43:59,539.66
2022-04-01 08:44:04,539.6
2022-04-01 08:44:09,539.6
2022-04-01 08:44:14,539.4034773456985
2022-04-01 08:44:19,539.57
2022-04-01 08:44:24,539.57
2022-04-01 08:44:29,539.51
2022-04-01 08:44:34,539.51
2022-04-01 08:44:39,539.51
2022-04-01 08:44:44,539.45
2022-04-01 08:44:49,539.38
2022-04-01 08:44:54,539.38
2022-04-01 08:44:59,539.32
2022-04-01 08:45:04,539.38
2022-04-01 08:45:09,539.39
2022-04-01 08:45:14,539.32
2022-04-01 08:45:19,539.29
2022-04-01 08:45:24,539.32
2022-04-01 08:45:29,539.29
2022-04-01 08:45:34,539.29
2022-04-01 08:45:39,539.2726867065589
2022-04-01 08:45:44,539.29
2022-04-01 08:45:49,539.3
2022-04-01 08:45:54,539.17
2022-04-01 08:45:59,539.24
2022-04-01 08:46:04,539.24
2022-04-01 08:46:09,539.17
2022-04-01 08:46:14,539.17
2022-04-01 08:46:19,539.11
2022-04-01 08:46:24,539.18
2022-04-01 08:46:29,539.12
2022-04-01 08:46:34,539.12
2022-04-01 08:46:39,539.08
2022-04-01 08:46:44,539.09
2022-04-01 08:46:49,539.09
2022-04-01 08:46:54,539.02
2022-04-01 08:46:59,539.02
2022-04-01 08:47:04,539.03
2022-04-01 08:47:09,539.03
2022-04-01 08:47:14,539.03
2022-04-01 08:47:19,539.0714492635843
2022-04-01 08:47:24,539.03
2022-04-01 08:47:29,538.96
2022-04-01 08:47:34,539.0378526266986
2022-04-01 08:47:39,539.03
2022-04-01 08:47:44,538.97
2022-04-01 08:47:49,538.97
2022-04-01 08:47:54,539.03
2022-04-01 08:47:59,538.97
2022-04-01 08:48:04,538.97
2022-04-01 08:48:09,538.97
2022-04-01 08:48:14,539.03
2022-04-01 08:48:19,538.97
2022-04-01 08:48:24,538.9
2022-04-01 08:48:29,538.97
2022-04-01 08:48:34,538.8968630389581
2022-04-01 08:48:39,538.97
2022-04-01 08:48:44,538.97
2022-04-01 08:48:49,538.97
2022-04-01 08:48:54,538.97
2022-04-01 08:48:59,538.97
2022-04-01 08:49:04,538.91
2022-04-01 08:49:09,538.98
2022-04-01 08:49:14,538.98
2022-04-01 08:49:19,538.78584025322
2022-04-01 08:49:24,538.7733051440059
2022-04-01 08:49:29,538.97
2022-04-01 08:49:34,538.98
2022-04-01 08:49:39,539.04
2022-04-01 08:49:44,539.04
2022-04-01 08:49:49,538.97
2022-04-01 08:49:54,538.97
2022-04-01 08:49:59,539.04
2022-04-01 08:50:04,539.04
2022-04-01 08:50:09,539.04
2022-04-01 08:50:14,539.1
2022-04-01 08:50:19,539.1
2022-04-01 08:50:24,539.1
2022-04-01 08:50:29,538.6081186437673
2022-04-01 08:50:34,538.5952772244295
2022-04-01 08:50:39,539.1
2022-04-01 08:50:44,539.1
2022-04-01 08:50:49,539.13
2022-04-01 08:50:54,539.13
2022-04-01 08:50:59,539.19
2022-04-01 08:51:04,539.19
2022-04-01 08:51:09,539.19
2022-04-01 08:51:14,539.19
2022-04-01 08:51:19,538.4789634986839
2022-04-01 08:51:24,539.26
2022-04-01 08:51:29,539.26
2022-04-01 08:51:34,539.25
2022-04-01 08:51:39,539.25
2022-04-01 08:51:44,538.4138181777204
2022-04-01 08:51:49,539.31
2022-04-01 08:51:54,539.32
2022-04-01 08:51:59,539.32
2022-04-01 08:52:04,539.31
2022-04-01 08:52:09,539.31
2022-04-01 08:52:14,539.31
2022-04-01 08:52:19,539.34
2022-04-01 08:52:24,539.34
2022-04-01 08:52:29,538.295745951278
2022-04-01 08:52:34,539.34
2022-04-01 08:52:39,539.34
2022-04-01 08:52:44,539.34
2022-04-01 08:52:49,539.41
2022-04-01 08:52:54,539.41
2022-04-01 08:52:59,538.2165373182879
2022-04-01 08:53:04,539.41
2022-04-01 08:53:09,539.41
2022-04-01 08:53:14,539.41
2022-04-01 08:53:19,539.47
2022-04-01 08:53:24,539.47
2022-04-01 08:53:29,539.4
2022-04-01 08:53:34,539.47
2022-04-01 08:53:39,539.4
2022-04-01 08:53:44,539.4
2022-04-01 08:53:49,539.4
2022-04-01 08:53:54,539.4
2022-04-01 08:53:59,539.41
2022-04-01 08:54:04,539.4
2022-04-01 08:54:09,539.41
2022-04-01 08:54:14,539.47
2022-04-01 08:54:19,539.4
2022-04-01 08:54:24,539.41
2022-04-01 08:54:29,539.47
2022-04-01 08:54:34,539.47
2022-04-01 08:54:39,539.41
2022-04-01 08:54:44,539.41
2022-04-01 08:54:49,539.47
2022-04-01 08:54:54,539.47
2022-04-01 08:54:59,539.47
2022-04-01 08:55:04,539.47
2022-04-01 08:55:09,539.41
2022-04-01 08:55:14,539.41
2022-04-01 08:55:19,539.41
2022-04-01 08:55:24,539.41
2022-04-01 08:55:29,537.8168692935805
2022-04-01 08:55:34,539.41
2022-04-01 08:55:39,537.7901250930137
2022-04-01 08:55:44,539.41
2022-04-01 08:55:49,539.41
2022-04-01 08:55:54,539.41
2022-04-01 08:55:59,539.34
2022-04-01 08:56:04,539.34
2022-04-01 08:56:09,539.41
2022-04-01 08:56:14,539.41
2022-04-01 08:56:19,539.41
2022-04-01 08:56:24,539.41
2022-04-01 08:56:29,539.41
2022-04-01 08:56:34,539.41
2022-04-01 08:56:39,537.6297482352373
2022-04-01 08:56:44,539.48
2022-04-01 08:56:49,539.48
2022-04-01 08:56:54,539.48
2022-04-01 08:56:59,539.41
2022-04-01 08:57:04,539.48
2022-04-01 08:57:09,539.48
2022-04-01 08:57:14,539.48
2022-04-01 08:57:19,539.48
2022-04-01 08:57:24,539.48
2022-04-01 08:57:29,539.49
2022-04-01 08:57:34,539.49
2022-04-01 08:57:39,537.4698773399296
2022-04-01 08:57:44,539.55
2022-04-01 08:57:49,539.62
2022-04-01 08:57:54,539.62
2022-04-01 08:57:59,539.62
2022-04-01 08:58:04,539.62
2022-04-01 08:58:09,539.62
2022-04-01 08:58:14,539.62
2022-04-01 08:58:19,539.66
2022-04-01 08:58:24,539.72
2022-04-01 08:58:29,539.78
2022-04-01 08:58:34,539.72
2022-04-01 08:58:39,539.72
2022-04-01 08:58:44,539.85
2022-04-01 08:58:49,539.89
2022-04-01 08:58:54,539.89
2022-04-01 08:58:59,537.2583516056761
2022-04-01 08:59:04,539.95
2022-04-01 08:59:09,539.95
2022-04-01 08:59:14,540.02
2022-04-01 08:59:19,540.02
2022-04-01 08:59:24,540.02
2022-04-01 08:59:29,540.09
2022-04-01 08:59:34,540.09
2022-04-01 08:59:39,540.15
2022-04-01 08:59:44,540.15
2022-04-01 08:59:49,540.15
2022-04-01 08:59:54,540.15
2022-04-01 08:59:59,540.19
2022-04-01 09:00:04,540.19
2022-04-01 09:00:09,540.19
2022-04-01 09:00:14,540.25
2022-04-01 09:00:19,540.32
2022-04-01 09:00:24,540.32
2022-04-01 09:00:29,540.39
2022-04-01 09:00:34,540.39
2022-04-01 09:00:39,540.42
2022-04-01 09:00:44,540.42
2022-04-01 09:00:49,540.48
2022-04-01 09:00:54,536.9597237840404
2022-04-01 09:00:59,540.55
2022-04-01 09:01:04,536.934156459323
2022-04-01 09:01:09,540.62
2022-04-01 09:01:14,540.62
2022-04-01 09:01:19,540.68
2022-04-01 09:01:24,540.72
2022-04-01 09:01:29,540.72
2022-04-01 09:01:34,540.85
2022-04-01 09:01:39,540.85
2022-04-01 09:01:44,540.91
2022-04-01 09:01:49,540.91
2022-04-01 09:01:54,536.8074794297439
2022-04-01 09:01:59,541.01
2022-04-01 09:02:04,541.01
2022-04-01 09:02:09,536.769880885237
2022-04-01 09:02:14,541.14
2022-04-01 09:02:19,541.21
2022-04-01 09:02:24,541.21
2022-04-01 09:02:29,541.24
2022-04-01 09:02:34,541.24
2022-04-01 09:02:39,541.31
2022-04-01 09:02:44,541.31
2022-04-01 09:02:49,541.44
2022-04-01 09:02:54,541.44
2022-04-01 09:02:59,541.47
2022-04-01 09:03:04,541.54
2022-04-01 09:03:09,536.621566975936
2022-04-01 09:03:14,541.6
2022-04-01 09:03:19,536.5971941242149
2022-04-01 09:03:24,541.67
2022-04-01 09:03:29,541.73
2022-04-01 09:03:34,541.77
2022-04-01 09:03:39,541.77
2022-04-01 09:03:44,541.83
2022-04-01 09:03:49,541.9
2022-04-01 09:03:54,541.9
2022-04-01 09:03:59,541.97
2022-04-01 09:04:04,541.97
2022-04-01 09:04:09,541.97
2022-04-01 09:04:14,542.0
2022-04-01 09:04:19,542.0
2022-04-01 09:04:24,542.07
2022-04-01 09:04:29,542.07
2022-04-01 09:04:34,542.13
2022-04-01 09:04:39,536.4060818987447
2022-04-01 09:04:44,542.14
2022-04-01 09:04:49,542.14
2022-04-01 09:04:54,542.14
2022-04-01 09:04:59,542.2
2022-04-01 09:05:04,542.21
2022-04-01 09:05:09,542.21
2022-04-01 09:05:14,542.27
2022-04-01 09:05:19,542.27
2022-04-01 09:05:24,542.27
2022-04-01 09:05:29,542.28
2022-04-01 09:05:34,542.31
2022-04-01 09:05:39,536.2665999711086
2022-04-01 09:05:44,542.38
2022-04-01 09:05:49,542.44
2022-04-01 09:05:54,542.44
2022-04-01 09:05:59,542.51
2022-04-01 09:06:04,542.51
2022-04-01 09:06:09,542.51
2022-04-01 09:06:14,542.51
2022-04-01 09:06:19,542.55
2022-04-01 09:06:24,542.55
2022-04-01 09:06:29,536.1519033506727
2022-04-01 09:06:34,542.61
2022-04-01 09:06:39,542.55
2022-04-01 09:06:44,542.62
2022-04-01 09:06:49,542.55
2022-04-01 09:06:54,542.62
2022-04-01 09:06:59,542.62
2022-04-01 09:07:04,542.62
2022-04-01 09:07:09,542.56
2022-04-01 09:07:14,542.62
2022-04-01 09:07:19,542.63
2022-04-01 09:07:24,542.63
2022-04-01 09:07:29,542.63
2022-04-01 09:07:34,542.56
2022-04-01 09:07:39,542.56
2022-04-01 09:07:44,542.57
2022-04-01 09:07:49,542.57
2022-04-01 09:07:54,535.9579418350099
2022-04-01 09:07:59,542.57
2022-04-01 09:08:04,542.54
2022-04-01 09:08:09,542.54
2022-04-01 09:08:14,542.54
2022-04-01 09:08:19,542.54
2022-04-01 09:08:24,542.48
2022-04-01 09:08:29,542.54
2022-04-01 09:08:34,542.48
2022-04-01 09:08:39,542.48
2022-04-01 09:08:44,542.48
2022-04-01 09:08:49,542.42
2022-04-01 09:08:54,542.35
2022-04-01 09:08:59,542.36
2022-04-01 09:09:04,542.36
2022-04-01 09:09:09,542.36
2022-04-01 09:09:14,542.36
2022-04-01 09:09:19,542.32
2022-04-01 09:09:24,542.32
2022-04-01 09:09:29,535.7388418130481
2022-04-01 09:09:34,542.32
2022-04-01 09:09:39,542.26
2022-04-01 09:09:44,542.26
2022-04-01 09:09:49,542.26
2022-04-01 09:09:54,542.2
2022-04-01 09:09:59,542.2
2022-04-01 09:10:04,542.13
2022-04-01 09:10:09,542.13
2022-04-01 09:10:14,542.07
2022-04-01 09:10:19,542.07
2022-04-01 09:10:24,542.07
2022-04-01 09:10:29,542.07
2022-04-01 09:10:34,542.04
2022-04-01 09:10:39,542.04
2022-04-01 09:10:44,541.97
2022-04-01 09:10:49,541.97
2022-04-01 09:10:54,541.91
2022-04-01 09:10:59,541.91
2022-04-01 09:11:04,541.84
2022-04-01 09:11:09,541.84
2022-04-01 09:11:14,541.81
2022-04-01 09:11:19,541.75
2022-04-01 09:11:24,541.75
2022-04-01 09:11:29,541.68
2022-04-01 09:11:34,541.62
2022-04-01 09:11:39,541.68
2022-04-01 09:11:44,541.61
2022-04-01 09:11:49,541.61
2022-04-01 09:11:54,541.55
2022-04-01 09:11:59,541.52
2022-04-01 09:12:04,541.51
2022-04-01 09:12:09,541.51
2022-04-01 09:12:14,541.45
2022-04-01 09:12:19,541.38
2022-04-01 09:12:24,541.38
2022-04-01 09:12:29,541.38
2022-04-01 09:12:34,541.38
2022-04-01 09:12:39,541.32
2022-04-01 09:12:44,541.29
2022-04-01 09:12:49,535.2476653420653
2022-04-01 09:12:54,541.22
2022-04-01 09:12:59,541.22
2022-04-01 09:13:04,541.22
2022-04-01 09:13:09,541.15
2022-04-01 09:13:14,535.1816573043893
2022-04-01 09:13:19,541.15
2022-04-01 09:13:24,541.09
2022-04-01 09:13:29,541.09
2022-04-01 09:13:34,535.1278976305407
2022-04-01 09:13:39,541.02
2022-04-01 09:13:44,541.09
2022-04-01 09:13:49,541.09
2022-04-01 09:13:54,541.02
2022-04-01 09:13:59,541.09
2022-04-01 09:14:04,541.02
2022-04-01 09:14:09,541.02
2022-04-01 09:14:14,541.02
2022-04-01 09:14:19,540.99
2022-04-01 09:14:24,540.99
2022-04-01 09:14:29,540.99
2022-04-01 09:14:34,540.92
2022-04-01 09:14:39,540.92
2022-04-01 09:14:44,540.92
2022-04-01 09:14:49,540.99
2022-04-01 09:14:54,540.92
2022-04-01 09:14:59,540.92
2022-04-01 09:15:04,540.92
2022-04-01 09:15:09,540.92
2022-04-01 09:15:14,540.99
2022-04-01 09:15:19,540.99
2022-04-01 09:15:24,540.99
2022-04-01 09:15:29,540.99
2022-04-01 09:15:34,540.99
2022-04-01 09:15:39,540.92
2022-04-01 09:15:44,534.7544712174616
2022-04-01 09:15:49,540.99
2022-04-01 09:15:54,540.99
2022-04-01 09:15:59,540.99
2022-04-01 09:16:04,534.6928320509808
2022-04-01 09:16:09,541.02
2022-04-01 09:16:14,540.99
2022-04-01 09:16:19,541.02
2022-04-01 09:16:24,540.99
2022-04-01 09:16:29,540.99
2022-04-01 09:16:34,540.99
2022-04-01 09:16:39,541.02
2022-04-01 09:16:44,540.99
2022-04-01 09:16:49,540.99
2022-04-01 09:16:54,541.03
2022-04-01 09:16:59,541.03
2022-04-01 09:17:04,541.03
2022-04-01 09:17:09,541.03
2022-04-01 09:17:14,541.03
2022-04-01 09:17:19,541.03
2022-04-01 09:17:24,541.09
2022-04-01 09:17:29,541.09
2022-04-01 09:17:34,541.03
2022-04-01 09:17:39,541.09
2022-04-01 09:17:44,541.09
2022-04-01 09:17:49,541.03
2022-04-01 09:17:54,541.09
2022-04-01 09:17:59,541.1
2022-04-01 09:18:04,541.1
2022-04-01 09:18:09,534.2774086294107
2022-04-01 09:18:14,541.1
2022-04-01 09:18:19,541.1
2022-04-01 09:18:24,541.1
2022-04-01 09:18:29,541.1
2022-04-01 09:18:34,541.1
2022-04-01 09:18:39,541.1
2022-04-01 09:18:44,541.1
2022-04-01 09:18:49,541.1
2022-04-01 09:18:54,541.11
2022-04-01 09:18:59,541.11
2022-04-01 09:19:04,541.17
2022-04-01 09:19:09,541.11
2022-04-01 09:19:14,541.17
2022-04-01 09:19:19,534.0202729195532
2022-04-01 09:19:24,541.17
2022-04-01 09:19:29,541.18
2022-04-01 09:19:34,541.18
2022-04-01 09:19:39,541.18
2022-04-01 09:19:44,541.12
2022-04-01 09:19:49,541.12
2022-04-01 09:19:54,541.12
2022-04-01 09:19:59,541.19
2022-04-01 09:20:04,541.19
2022-04-01 09:20:09,541.12
2022-04-01 09:20:14,533.807288768995
2022-04-01 09:20:19,541.19
2022-04-01 09:20:24,541.19
2022-04-01 09:20:29,541.13
2022-04-01 09:20:34,541.13
2022-04-01 09:20:39,541.13
2022-04-01 09:20:44,541.13
2022-04-01 09:20:49,541.13
2022-04-01 09:20:54,541.13
2022-04-01 09:20:59,541.07
2022-04-01 09:21:04,541.07
2022-04-01 09:21:09,541.07
2022-04-01 09:21:14,533.5658437428626
2022-04-01 09:21:19,541.04
2022-04-01 09:21:24,541.07
2022-04-01 09:21:29,541.04
2022-04-01 09:21:34,541.04
2022-04-01 09:21:39,533.4628800203308
2022-04-01 09:21:44,541.05
2022-04-01 09:21:49,540.92
2022-04-01 09:21:54,540.92
2022-04-01 09:21:59,540.92
2022-04-01 09:22:04,540.85
2022-04-01 09:22:09,540.86
2022-04-01 09:22:14,540.86
2022-04-01 09:22:19,540.82
2022-04-01 09:22:24,540.83
2022-04-01 09:22:29,540.76
2022-04-01 09:22:34,533.2323819680264
2022-04-01 09:22:39,540.7
2022-04-01 09:22:44,540.7
2022-04-01 09:22:49,540.63
2022-04-01 09:22:54,540.64
2022-04-01 09:22:59,540.57
2022-04-01 09:23:04,540.57
2022-04-01 09:23:09,540.57
2022-04-01 09:23:14,540.54
2022-04-01 09:23:19,540.48
2022-04-01 09:23:24,540.48
2022-04-01 09:23:29,540.42
2022-04-01 09:23:34,540.42
2022-04-01 09:23:39,532.9545981589229
2022-04-01 09:23:44,540.35
2022-04-01 09:23:49,540.32
2022-04-01 09:23:54,532.8899068388088
2022-04-01 09:23:59,540.2
2022-04-01 09:24:04,540.2
2022-04-01 09:24:09,540.13
2022-04-01 09:24:14,532.803412763619
2022-04-01 09:24:19,540.07
2022-04-01 09:24:24,540.07
2022-04-01 09:24:29,540.04
2022-04-01 09:24:34,539.98
2022-04-01 09:24:39,539.98
2022-04-01 09:24:44,539.91
2022-04-01 09:24:49,539.85
2022-04-01 09:24:54,539.85
2022-04-01 09:24:59,532.60814897075
2022-04-01 09:25:04,539.69
2022-04-01 09:25:09,539.75
2022-04-01 09:25:14,539.69
2022-04-01 09:25:19,539.63
2022-04-01 09:25:24,539.63
2022-04-01 09:25:29,539.57
2022-04-01 09:25:34,539.53
2022-04-01 09:25:39,539.47
2022-04-01 09:25:44,539.54
2022-04-01 09:25:49,539.41
2022-04-01 09:25:54,539.41
2022-04-01 09:25:59,539.35
2022-04-01 09:26:04,539.32
2022-04-01 09:26:09,539.32
2022-04-01 09:26:14,539.25
2022-04-01 09:26:19,539.19
2022-04-01 09:26:24,532.239308005809
2022-04-01 09:26:29,539.13
2022-04-01 09:26:34,532.196111076779
2022-04-01 09:26:39,539.04
2022-04-01 09:26:44,539.04
2022-04-01 09:26:49,538.97
2022-04-01 09:26:54,538.91
2022-04-01 09:26:59,532.0884548673577
2022-04-01 09:27:04,538.81
2022-04-01 09:27:09,538.85
2022-04-01 09:27:14,538.76
2022-04-01 09:27:19,532.0027489097207
2022-04-01 09:27:24,538.76
2022-04-01 09:27:29,538.69
2022-04-01 09:27:34,538.63
2022-04-01 09:27:39,538.63
2022-04-01 09:27:44,538.57
2022-04-01 09:27:49,538.57
2022-04-01 09:27:54,538.54
2022-04-01 09:27:59,538.54
2022-04-01 09:28:04,538.48
2022-04-01 09:28:09,538.48
2022-04-01 09:28:14,538.48
2022-04-01 09:28:19,538.42
2022-04-01 09:28:24,538.48
2022-04-01 09:28:29,538.48
2022-04-01 09:28:34,538.42
2022-04-01 09:28:39,538.42
2022-04-01 09:28:44,538.43
2022-04-01 09:28:49,538.36
2022-04-01 09:28:54,538.36
2022-04-01 09:28:59,538.36
2022-04-01 09:29:04,538.36
2022-04-01 09:29:09,538.33
2022-04-01 09:29:14,538.37
2022-04-01 09:29:19,538.34
2022-04-01 09:29:24,538.37
2022-04-01 09:29:29,538.34
2022-04-01 09:29:34,538.34
2022-04-01 09:29:39,538.34
2022-04-01 09:29:44,531.399250184386
2022-04-01 09:29:49,538.35
2022-04-01 09:29:54,538.35
2022-04-01 09:29:59,538.35
2022-04-01 09:30:04,538.35
2022-04-01 09:30:09,538.35
2022-04-01 09:30:14,538.35
2022-04-01 09:30:19,538.38
2022-04-01 09:30:24,538.38
2022-04-01 09:30:29,538.39
2022-04-01 09:30:34,538.45
2022-04-01 09:30:39,531.1821359603703
2022-04-01 09:30:44,538.45
2022-04-01 09:30:49,538.52
2022-04-01 09:30:54,538.52
2022-04-01 09:30:59,538.52
2022-04-01 09:31:04,538.52
2022-04-01 09:31:09,538.59
2022-04-01 09:31:14,538.58
2022-04-01 09:31:19,538.62
2022-04-01 09:31:24,538.62
2022-04-01 09:31:29,538.62
2022-04-01 09:31:34,538.68
2022-04-01 09:31:39,538.68
2022-04-01 09:31:44,538.68
2022-04-01 09:31:49,538.81
2022-04-01 09:31:54,538.81
2022-04-01 09:31:59,538.87
2022-04-01 09:32:04,538.91
2022-04-01 09:32:09,530.8464597642846
2022-04-01 09:32:14,538.97
2022-04-01 09:32:19,530.8108910111257
2022-04-01 09:32:24,539.03
2022-04-01 09:32:29,539.03
2022-04-01 09:32:34,539.03
2022-04-01 09:32:39,539.09
2022-04-01 09:32:44,539.13
2022-04-01 09:32:49,530.7063576407771
2022-04-01 09:32:54,539.19
2022-04-01 09:32:59,539.19
2022-04-01 09:33:04,539.25
2022-04-01 09:33:09,539.25
2022-04-01 09:33:14,539.32
2022-04-01 09:33:19,539.38
2022-04-01 09:33:24,539.41
2022-04-01 09:33:29,539.48
2022-04-01 09:33:34,530.5554860360129
2022-04-01 09:33:39,539.6
2022-04-01 09:33:44,539.6
2022-04-01 09:33:49,539.63
2022-04-01 09:33:54,539.7
2022-04-01 09:33:59,539.7
2022-04-01 09:34:04,539.76
2022-04-01 09:34:09,539.76
2022-04-01 09:34:14,539.89
2022-04-01 09:34:19,530.4114188875961
2022-04-01 09:34:24,539.92
2022-04-01 09:34:29,539.98
2022-04-01 09:34:34,540.04
2022-04-01 09:34:39,540.04
2022-04-01 09:34:44,540.11
2022-04-01 09:34:49,530.318982328532
2022-04-01 09:34:54,540.2
2022-04-01 09:34:59,540.2
2022-04-01 09:35:04,540.2
2022-04-01 09:35:09,530.2589010681285
2022-04-01 09:35:14,540.39
2022-04-01 09:35:19,540.39
2022-04-01 09:35:24,540.4
2022-04-01 09:35:29,540.43
2022-04-01 09:35:34,540.49
2022-04-01 09:35:39,540.49
2022-04-01 09:35:44,540.55
2022-04-01 09:35:49,540.62
2022-04-01 09:35:54,540.62
2022-04-01 09:35:59,540.65
2022-04-01 09:36:04,540.65
2022-04-01 09:36:09,540.72
2022-04-01 09:36:14,540.71
2022-04-01 09:36:19,540.71
2022-04-01 09:36:24,540.78
2022-04-01 09:36:29,540.78
2022-04-01 09:36:34,540.78
2022-04-01 09:36:39,540.78
2022-04-01 09:36:44,540.85
2022-04-01 09:36:49,529.9758651339203
2022-04-01 09:36:54,540.91
2022-04-01 09:36:59,540.91
2022-04-01 09:37:04,540.94
2022-04-01 09:37:09,540.94
2022-04-01 09:37:14,541.0
2022-04-01 09:37:19,540.94
2022-04-01 09:37:24,529.8831754618408
2022-04-01 09:37:29,541.07
2022-04-01 09:37:34,541.14
2022-04-01 09:37:39,541.07
2022-04-01 09:37:44,541.07
2022-04-01 09:37:49,541.14
2022-04-01 09:37:54,541.14
2022-04-01 09:37:59,541.14
2022-04-01 09:38:04,541.17
2022-04-01 09:38:09,541.17
2022-04-01 09:38:14,541.23
2022-04-01 09:38:19,541.23
2022-04-01 09:38:24,541.3
2022-04-01 09:38:29,541.3
2022-04-01 09:38:34,541.3
2022-04-01 09:38:39,541.3
2022-04-01 09:38:44,541.3
2022-04-01 09:38:49,541.3
2022-04-01 09:38:54,529.6583912334277
2022-04-01 09:38:59,541.43
2022-04-01 09:39:04,541.43
2022-04-01 09:39:09,541.43
2022-04-01 09:39:14,541.46
2022-04-01 09:39:19,541.47
2022-04-01 09:39:24,541.53
2022-04-01 09:39:29,541.53
2022-04-01 09:39:34,541.53
2022-04-01 09:39:39,541.53
2022-04-01 09:39:44,541.66
2022-04-01 09:39:49,529.5297213663013
2022-04-01 09:39:54,541.69
2022-04-01 09:39:59,541.7
2022-04-01 09:40:04,541.7
2022-04-01 09:40:09,529.4844106526859
2022-04-01 09:40:14,541.83
2022-04-01 09:40:19,541.89
2022-04-01 09:40:24,541.96
2022-04-01 09:40:29,541.99
2022-04-01 09:40:34,541.99
2022-04-01 09:40:39,541.99
2022-04-01 09:40:44,542.12
2022-04-01 09:40:49,542.12
2022-04-01 09:40:54,542.19
2022-04-01 09:40:59,542.19
2022-04-01 09:41:04,542.29
2022-04-01 09:41:09,542.29
2022-04-01 09:41:14,542.35
2022-04-01 09:41:19,542.35
2022-04-01 09:41:24,542.42
2022-04-01 09:41:29,542.42
2022-04-01 09:41:34,542.42
2022-04-01 09:41:39,542.49
2022-04-01 09:41:44,542.49
2022-04-01 09:41:49,542.52
2022-04-01 09:41:54,542.52
2022-04-01 09:41:59,542.53
2022-04-01 09:42:04,542.52
2022-04-01 09:42:09,542.52
2022-04-01 09:42:14,542.59
2022-04-01 09:42:19,542.59
2022-04-01 09:42:24,542.59
2022-04-01 09:42:29,542.59
2022-04-01 09:42:34,542.66
2022-04-01 09:42:39,529.1660558948525
2022-04-01 09:42:44,542.66
2022-04-01 09:42:49,542.73
2022-04-01 09:42:54,542.73
2022-04-01 09:42:59,542.67
2022-04-01 09:43:04,542.73
2022-04-01 09:43:09,529.1062445282754
2022-04-01 09:43:14,542.73
2022-04-01 09:43:19,542.73
2022-04-01 09:43:24,542.74
2022-04-01 09:43:29,542.73
2022-04-01 09:43:34,542.74
2022-04-01 09:43:39,542.74
2022-04-01 09:43:44,542.74
2022-04-01 09:43:49,542.77
2022-04-01 09:43:54,542.74
2022-04-01 09:43:59,542.74
2022-04-01 09:44:04,542.74
2022-04-01 09:44:09,542.74
2022-04-01 09:44:14,542.67
2022-04-01 09:44:19,528.970572719345
2022-04-01 09:44:24,542.61
2022-04-01 09:44:29,542.62
2022-04-01 09:44:34,542.62
2022-04-01 09:44:39,542.55
2022-04-01 09:44:44,542.55
2022-04-01 09:44:49,542.55
2022-04-01 09:44:54,542.52
2022-04-01 09:44:59,542.52
2022-04-01 09:45:04,542.46
2022-04-01 09:45:09,542.39
2022-04-01 09:45:14,542.39
2022-04-01 09:45:19,542.33
2022-04-01 09:45:24,542.27
2022-04-01 09:45:29,542.27
2022-04-01 09:45:34,542.24
2022-04-01 09:45:39,542.18
2022-04-01 09:45:44,542.11
2022-04-01 09:45:49,542.11
2022-04-01 09:45:54,542.05
2022-04-01 09:45:59,542.02
2022-04-01 09:46:04,541.95
2022-04-01 09:46:09,541.89
2022-04-01 09:46:14,541.89
2022-04-01 09:46:19,541.83
2022-04-01 09:46:24,541.83
2022-04-01 09:46:29,541.76
2022-04-01 09:46:34,541.73
2022-04-01 09:46:39,541.67
2022-04-01 09:46:44,541.61
2022-04-01 09:46:49,541.67
2022-04-01 09:46:54,528.6838208756651
2022-04-01 09:46:59,541.54
2022-04-01 09:47:04,541.51
2022-04-01 09:47:09,541.51
2022-04-01 09:47:14,541.51
2022-04-01 09:47:19,541.51
2022-04-01 09:47:24,541.45
2022-04-01 09:47:29,541.45
2022-04-01 09:47:34,541.45
2022-04-01 09:47:39,528.6022414531642
2022-04-01 09:47:44,541.39
2022-04-01 09:47:49,541.39
2022-04-01 09:47:54,541.33
2022-04-01 09:47:59,541.39
2022-04-01 09:48:04,541.33
2022-04-01 09:48:09,541.4
2022-04-01 09:48:14,528.5385868555028
2022-04-01 09:48:19,541.4
2022-04-01 09:48:24,541.33
2022-04-01 09:48:29,541.33
2022-04-01 09:48:34,541.33
2022-04-01 09:48:39,541.34
2022-04-01 09:48:44,541.4
2022-04-01 09:48:49,541.34
2022-04-01 09:48:54,541.34
2022-04-01 09:48:59,541.34
2022-04-01 09:49:04,541.34
2022-04-01 09:49:09,541.34
2022-04-01 09:49:14,541.34
2022-04-01 09:49:19,528.4187491079624
2022-04-01 09:49:24,541.35
2022-04-01 09:49:29,541.35
2022-04-01 09:49:34,541.35
2022-04-01 09:49:39,541.29
2022-04-01 09:49:44,541.35
2022-04-01 09:49:49,541.35
2022-04-01 09:49:54,541.29
2022-04-01 09:49:59,541.29
2022-04-01 09:50:04,541.3
2022-04-01 09:50:09,541.3
2022-04-01 09:50:14,541.3
2022-04-01 09:50:19,541.36
2022-04-01 09:50:24,541.3
2022-04-01 09:50:29,541.3
2022-04-01 09:50:34,528.2756151244183
2022-04-01 09:50:39,541.31
2022-04-01 09:50:44,541.27
2022-04-01 09:50:49,541.31
2022-04-01 09:50:54,541.31
2022-04-01 09:50:59,541.31
2022-04-01 09:51:04,541.38
2022-04-01 09:51:09,541.38
2022-04-01 09:51:14,541.38
2022-04-01 09:51:19,528.1860179791826
2022-04-01 09:51:24,528.175852583815
2022-04-01 09:51:29,541.45
2022-04-01 09:51:34,541.45
2022-04-01 09:51:39,541.51
2022-04-01 09:51:44,541.51
2022-04-01 09:51:49,541.51
2022-04-01 09:51:54,528.113875179662
2022-04-01 09:51:59,541.51
2022-04-01 09:52:04,541.58
2022-04-01 09:52:09,541.58
2022-04-01 09:52:14,541.52
2022-04-01 09:52:19,541.58
2022-04-01 09:52:24,541.58
2022-04-01 09:52:29,541.59
2022-04-01 09:52:34,541.62
2022-04-01 09:52:39,541.62
2022-04-01 09:52:44,541.62
2022-04-01 09:52:49,541.62
2022-04-01 09:52:54,541.62
2022-04-01 09:52:59,541.62
2022-04-01 09:53:04,541.62
2022-04-01 09:53:09,541.68
2022-04-01 09:53:14,541.68
2022-04-01 09:53:19,541.75
2022-04-01 09:53:24,541.75
2022-04-01 09:53:29,541.75
2022-04-01 09:53:34,541.75
2022-04-01 09:53:39,541.81
2022-04-01 09:53:44,527.8694561599037
2022-04-01 09:53:49,541.81
2022-04-01 09:53:54,541.81
2022-04-01 09:53:59,541.8
2022-04-01 09:54:04,527.821610766131
2022-04-01 09:54:09,541.8
2022-04-01 09:54:14,541.8
2022-04-01 09:54:19,541.8
2022-04-01 09:54:24,541.74
2022-04-01 09:54:29,541.74
2022-04-01 09:54:34,527.7475854295013
2022-04-01 09:54:39,541.74
2022-04-01 09:54:44,541.8
2022-04-01 09:54:49,541.8
2022-04-01 09:54:54,541.74
2022-04-01 09:54:59,541.8
2022-04-01 09:55:04,541.74
2022-04-01 09:55:09,541.74
2022-04-01 09:55:14,541.67
2022-04-01 09:55:19,541.67
2022-04-01 09:55:24,541.6
2022-04-01 09:55:29,541.6
2022-04-01 09:55:34,527.5906847508339
2022-04-01 09:55:39,541.61
2022-04-01 09:55:44,541.57
2022-04-01 09:55:49,541.6
2022-04-01 09:55:54,541.51
2022-04-01 09:55:59,541.5
2022-04-01 09:56:04,541.5
2022-04-01 09:56:09,541.5
2022-04-01 09:56:14,541.5
2022-04-01 09:56:19,527.4644880958302
2022-04-01 09:56:24,541.49
2022-04-01 09:56:29,541.43
2022-04-01 09:56:34,527.4206678469305
2022-04-01 09:56:39,541.36
2022-04-01 09:56:44,527.3909456041597
2022-04-01 09:56:49,541.36
2022-04-01 09:56:54,527.3608078355421
2022-04-01 09:56:59,541.27
2022-04-01 09:57:04,541.2
2022-04-01 09:57:09,527.3148060759488
2022-04-01 09:57:14,541.14
2022-04-01 09:57:19,527.283597501305
2022-04-01 09:57:24,541.07
2022-04-01 09:57:29,541.07
2022-04-01 09:57:34,541.04
2022-04-01 09:57:39,540.98
2022-04-01 09:57:44,540.97
2022-04-01 09:57:49,540.91
2022-04-01 09:57:54,540.91
2022-04-01 09:57:59,540.85
2022-04-01 09:58:04,540.85
2022-04-01 09:58:09,540.78
2022-04-01 09:58:14,540.78
2022-04-01 09:58:19,540.75
2022-04-01 09:58:24,540.75
2022-04-01 09:58:29,540.68
2022-04-01 09:58:34,540.68
2022-04-01 09:58:39,540.62
2022-04-01 09:58:44,540.62
2022-04-01 09:58:49,526.9819924969657
2022-04-01 09:58:54,540.55
2022-04-01 09:58:59,540.56
2022-04-01 09:59:04,540.52
2022-04-01 09:59:09,540.52
2022-04-01 09:59:14,540.46
2022-04-01 09:59:19,526.8725960013571
2022-04-01 09:59:24,540.46
2022-04-01 09:59:29,540.33
2022-04-01 09:59:34,540.33
2022-04-01 09:59:39,540.33
2022-04-01 09:59:44,540.27
2022-04-01 09:59:49,540.27
2022-04-01 09:59:54,540.23
2022-04-01 09:59:59,540.24
2022-04-01 10:00:04,540.17
2022-04-01 10:00:09,540.24
2022-04-01 10:00:14,540.17
2022-04-01 10:00:19,540.11
2022-04-01 10:00:24,540.11
2022-04-01 10:00:29,540.04
2022-04-01 10:00:34,540.05
2022-04-01 10:00:39,540.05
2022-04-01 10:00:44,540.01
2022-04-01 10:00:49,526.5151552065043
2022-04-01 10:00:54,540.02
2022-04-01 10:00:59,540.02
2022-04-01 10:01:04,539.95
2022-04-01 10:01:09,539.95
2022-04-01 10:01:14,539.95
2022-04-01 10:01:19,526.3861937128598
2022-04-01 10:01:24,539.89
2022-04-01 10:01:29,539.89
2022-04-01 10:01:34,539.83
2022-04-01 10:01:39,526.297732566482
2022-04-01 10:01:44,539.9
2022-04-01 10:01:49,539.83
2022-04-01 10:01:54,539.77
2022-04-01 10:01:59,539.83
2022-04-01 10:02:04,539.77
2022-04-01 10:02:09,539.77
2022-04-01 10:02:14,539.74
2022-04-01 10:02:19,539.74
2022-04-01 10:02:24,539.68
2022-04-01 10:02:29,539.6
2022-04-01 10:02:34,539.6
2022-04-01 10:02:39,539.67
2022-04-01 10:02:44,525.9978807740538
2022-04-01 10:02:49,539.53
2022-04-01 10:02:54,539.6
2022-04-01 10:02:59,539.53
2022-04-01 10:03:04,539.53
2022-04-01 10:03:09,525.878062627943
2022-04-01 10:03:14,539.43
2022-04-01 10:03:19,539.5
2022-04-01 10:03:24,539.43
2022-04-01 10:03:29,539.36
2022-04-01 10:03:34,539.37
2022-04-01 10:03:39,539.37
2022-04-01 10:03:44,539.37
2022-04-01 10:03:49,539.31
2022-04-01 10:03:54,539.37
2022-04-01 10:03:59,539.3
2022-04-01 10:04:04,539.3
2022-04-01 10:04:09,539.23
2022-04-01 10:04:14,539.23
2022-04-01 10:04:19,539.24
2022-04-01 10:04:24,539.21
2022-04-01 10:04:29,539.21
2022-04-01 10:04:34,539.2
2022-04-01 10:04:39,539.21
2022-04-01 10:04:44,539.14
2022-04-01 10:04:49,539.15
2022-04-01 10:04:54,539.08
2022-04-01 10:04:59,525.3277067871434
2022-04-01 10:05:04,539.06
2022-04-01 10:05:09,539.0
2022-04-01 10:05:14,539.0
2022-04-01 10:05:19,539.01
2022-04-01 10:05:24,538.98
2022-04-01 10:05:29,538.98
2022-04-01 10:05:34,538.98
2022-04-01 10:05:39,538.98
2022-04-01 10:05:44,538.97
2022-04-01 10:05:49,538.9
2022-04-01 10:05:54,538.91
2022-04-01 10:05:59,538.91
2022-04-01 10:06:04,524.9897239829285
2022-04-01 10:06:09,538.83
2022-04-01 10:06:14,538.88
2022-04-01 10:06:19,538.83
2022-04-01 10:06:24,538.76
2022-04-01 10:06:29,538.83
2022-04-01 10:06:34,538.76
2022-04-01 10:06:39,538.77
2022-04-01 10:06:44,538.76
2022-04-01 10:06:49,538.7
2022-04-01 10:06:54,524.7261041555491
2022-04-01 10:06:59,538.66
2022-04-01 10:07:04,538.6
2022-04-01 10:07:09,538.59
2022-04-01 10:07:14,538.53
2022-04-01 10:07:19,538.59
2022-04-01 10:07:24,538.46
2022-04-01 10:07:29,538.45
2022-04-01 10:07:34,538.42
2022-04-01 10:07:39,538.42
2022-04-01 10:07:44,538.35
2022-04-01 10:07:49,538.34
2022-04-01 10:07:54,538.4
2022-04-01 10:07:59,538.34
2022-04-01 10:08:04,538.34
2022-04-01 10:08:09,538.28
2022-04-01 10:08:14,538.28
2022-04-01 10:08:19,538.28
2022-04-01 10:08:24,538.28
2022-04-01 10:08:29,538.22
2022-04-01 10:08:34,538.22
2022-04-01 10:08:39,538.15
2022-04-01 10:08:44,524.1436622602594
2022-04-01 10:08:49,538.12
2022-04-01 10:08:54,538.12
2022-04-01 10:08:59,538.12
2022-04-01 10:09:04,538.05
2022-04-01 10:09:09,538.05
2022-04-01 10:09:14,537.98
2022-04-01 10:09:19,537.97
2022-04-01 10:09:24,537.91
2022-04-01 10:09:29,537.91
2022-04-01 10:09:34,537.88
2022-04-01 10:09:39,537.82
2022-04-01 10:09:44,537.88
2022-04-01 10:09:49,523.8034757276341
2022-04-01 10:09:54,537.82
2022-04-01 10:09:59,537.75
2022-04-01 10:10:04,537.69
2022-04-01 10:10:09,537.69
2022-04-01 10:10:14,537.62
2022-04-01 10:10:19,537.62
2022-04-01 10:10:24,537.62
2022-04-01 10:10:29,523.597571710879
2022-04-01 10:10:34,537.62
2022-04-01 10:10:39,537.62
2022-04-01 10:10:44,523.5212497725354
2022-04-01 10:10:49,537.58
2022-04-01 10:10:54,537.58
2022-04-01 10:10:59,537.58
2022-04-01 10:11:04,537.58
2022-04-01 10:11:09,537.57
2022-04-01 10:11:14,537.57
2022-04-01 10:11:19,537.51
2022-04-01 10:11:24,537.57
2022-04-01 10:11:29,537.6
2022-04-01 10:11:34,537.56
2022-04-01 10:11:39,523.2464898663181
2022-04-01 10:11:44,537.57
2022-04-01 10:11:49,537.57
2022-04-01 10:11:54,537.6
2022-04-01 10:11:59,537.6
2022-04-01 10:12:04,537.6
2022-04-01 10:12:09,537.59
2022-04-01 10:12:14,537.65
2022-04-01 10:12:19,537.65
2022-04-01 10:12:24,537.72
2022-04-01 10:12:29,537.72
2022-04-01 10:12:34,537.78
2022-04-01 10:12:39,537.78
2022-04-01 10:12:44,522.9343781456039
2022-04-01 10:12:49,537.85
2022-04-01 10:12:54,537.94
2022-04-01 10:12:59,537.94
2022-04-01 10:13:04,537.94
2022-04-01 10:13:09,537.94
2022-04-01 10:13:14,538.0
2022-04-01 10:13:19,538.0
2022-04-01 10:13:24,522.7505629768004
2022-04-01 10:13:29,538.07
2022-04-01 10:13:34,538.07
2022-04-01 10:13:39,538.16
2022-04-01 10:13:44,538.16
2022-04-01 10:13:49,538.22
2022-04-01 10:13:54,538.28
2022-04-01 10:13:59,538.22
2022-04-01 10:14:04,538.29
2022-04-01 10:14:09,538.28
2022-04-01 10:14:14,538.38
2022-04-01 10:14:19,538.37
2022-04-01 10:14:24,538.43
2022-04-01 10:14:29,538.5
2022-04-01 10:14:34,538.55
2022-04-01 10:14:39,522.4262412160198
2022-04-01 10:14:44,538.55
2022-04-01 10:14:49,538.59
2022-04-01 10:14:54,522.3649055410601
2022-04-01 10:14:59,538.72
2022-04-01 10:15:04,538.78
2022-04-01 10:15:09,538.77
2022-04-01 10:15:14,538.84
2022-04-01 10:15:19,538.86
2022-04-01 10:15:24,522.2459254365984
2022-04-01 10:15:29,538.84
2022-04-01 10:15:34,538.9
2022-04-01 10:15:39,538.97
2022-04-01 10:15:44,538.98
2022-04-01 10:15:49,539.07
2022-04-01 10:15:54,539.04
2022-04-01 10:15:59,539.03
2022-04-01 10:16:04,522.0950799813215
2022-04-01 10:16:09,539.17
2022-04-01 10:16:14,522.0587838476292
2022-04-01 10:16:19,539.24
2022-04-01 10:16:24,539.24
2022-04-01 10:16:29,539.24
2022-04-01 10:16:34,539.31
2022-04-01 10:16:39,539.34
2022-04-01 10:16:44,539.32
2022-04-01 10:16:49,539.32
2022-04-01 10:16:54,539.35
2022-04-01 10:16:59,539.36
2022-04-01 10:17:04,539.41
2022-04-01 10:17:09,539.41
2022-04-01 10:17:14,539.47
2022-04-01 10:17:19,539.48
2022-04-01 10:17:24,539.47
2022-04-01 10:17:29,539.49
2022-04-01 10:17:34,539.55
2022-04-01 10:17:39,539.56
2022-04-01 10:17:44,539.56
2022-04-01 10:17:49,539.55
2022-04-01 10:17:54,539.62
2022-04-01 10:17:59,539.63
2022-04-01 10:18:04,539.61
2022-04-01 10:18:09,539.68
2022-04-01 10:18:14,521.6689316897277
2022-04-01 10:18:19,521.6545680326625
2022-04-01 10:18:24,539.6
2022-04-01 10:18:29,539.67
2022-04-01 10:18:34,539.67
2022-04-01 10:18:39,539.66
2022-04-01 10:18:44,539.66
2022-04-01 10:18:49,539.6
2022-04-01 10:18:54,539.66
2022-04-01 10:18:59,539.6
2022-04-01 10:19:04,539.6
2022-04-01 10:19:09,539.6
2022-04-01 10:19:14,539.6
2022-04-01 10:19:19,539.66
2022-04-01 10:19:24,521.4820322744827
2022-04-01 10:19:29,539.5
2022-04-01 10:19:34,539.51
2022-04-01 10:19:39,539.51
2022-04-01 10:19:44,539.44
2022-04-01 10:19:49,539.5
2022-04-01 10:19:54,539.44
2022-04-01 10:19:59,539.43
2022-04-01 10:20:04,539.43
2022-04-01 10:20:09,539.42
2022-04-01 10:20:14,539.38
2022-04-01 10:20:19,521.357107384901
2022-04-01 10:20:24,539.39
2022-04-01 10:20:29,539.39
2022-04-01 10:20:34,539.39
2022-04-01 10:20:39,539.39
2022-04-01 10:20:44,539.39
2022-04-01 10:20:49,539.39
2022-04-01 10:20:54,539.38
2022-04-01 10:20:59,539.38
2022-04-01 10:21:04,539.31
2022-04-01 10:21:09,539.37
2022-04-01 10:21:14,539.4
2022-04-01 10:21:19,539.37
2022-04-01 10:21:24,539.37
2022-04-01 10:21:29,539.41
2022-04-01 10:21:34,539.4
2022-04-01 10:21:39,539.4
2022-04-01 10:21:44,539.36
2022-04-01 10:21:49,539.39
2022-04-01 10:21:54,539.36
2022-04-01 10:21:59,539.36
2022-04-01 10:22:04,539.36
2022-04-01 10:22:09,539.36
2022-04-01 10:22:14,539.36
2022-04-01 10:22:19,539.29
2022-04-01 10:22:24,539.29
2022-04-01 10:22:29,539.29
2022-04-01 10:22:34,521.1361608499377
2022-04-01 10:22:39,539.29
2022-04-01 10:22:44,539.29
2022-04-01 10:22:49,539.22
2022-04-01 10:22:54,539.22
2022-04-01 10:22:59,539.22
2022-04-01 10:23:04,539.12
2022-04-01 10:23:09,539.15
2022-04-01 10:23:14,539.12
2022-04-01 10:23:19,539.05
2022-04-01 10:23:24,539.05
2022-04-01 10:23:29,538.98
2022-04-01 10:23:34,538.98
2022-04-01 10:23:39,538.85
2022-04-01 10:23:44,538.82
2022-04-01 10:23:49,538.75
2022-04-01 10:23:54,538.75
2022-04-01 10:23:59,538.59
2022-04-01 10:24:04,538.59
2022-04-01 10:24:09,538.52
2022-04-01 10:24:14,538.45
2022-04-01 10:24:19,538.32
2022-04-01 10:24:24,538.29
2022-04-01 10:24:29,538.23
2022-04-01 10:24:34,538.16
2022-04-01 10:24:39,521.046120402118
2022-04-01 10:24:44,521.0449100092693
2022-04-01 10:24:49,521.0438874924429
2022-04-01 10:24:54,537.76
2022-04-01 10:24:59,537.76
2022-04-01 10:25:04,537.64
2022-04-01 10:25:09,537.54
2022-04-01 10:25:14,537.47
2022-04-01 10:25:19,537.4
2022-04-01 10:25:24,537.26
2022-04-01 10:25:29,537.15
2022-04-01 10:25:34,537.1
2022-04-01 10:25:39,537.04
2022-04-01 10:25:44,536.94
2022-04-01 10:25:49,536.8
2022-04-01 10:25:54,536.73
2022-04-01 10:25:59,536.63
2022-04-01 10:26:04,536.57
2022-04-01 10:26:09,536.48
2022-04-01 10:26:14,536.41
2022-04-01 10:26:19,536.27
2022-04-01 10:26:24,536.2
2022-04-01 10:26:29,536.16
2022-04-01 10:26:34,521.0665884453698
2022-04-01 10:26:39,535.97
2022-04-01 10:26:44,535.93
2022-04-01 10:26:49,535.87
2022-04-01 10:26:54,535.74
2022-04-01 10:26:59,535.67
2022-04-01 10:27:04,535.63
2022-04-01 10:27:09,535.51
2022-04-01 10:27:14,521.0979262042283
2022-04-01 10:27:19,535.41
2022-04-01 10:27:24,521.1077618460798
2022-04-01 10:27:29,535.22
2022-04-01 10:27:34,521.1184049654668
2022-04-01 10:27:39,535.15
2022-04-01 10:27:44,535.11
2022-04-01 10:27:49,535.05
2022-04-01 10:27:54,534.98
2022-04-01 10:27:59,534.92
2022-04-01 10:28:04,534.88
2022-04-01 10:28:09,534.82
2022-04-01 10:28:14,534.75
2022-04-01 10:28:19,521.1763853364605
2022-04-01 10:28:24,534.68
2022-04-01 10:28:29,534.66
2022-04-01 10:28:34,534.59
2022-04-01 10:28:39,534.56
2022-04-01 10:28:44,534.59
2022-04-01 10:28:49,534.56
2022-04-01 10:28:54,534.5
2022-04-01 10:28:59,534.49
2022-04-01 10:29:04,521.2509434414602
2022-04-01 10:29:09,534.47
2022-04-01 10:29:14,534.48
2022-04-01 10:29:19,534.48
2022-04-01 10:29:24,534.48
2022-04-01 10:29:29,534.48
2022-04-01 10:29:34,534.48
2022-04-01 10:29:39,534.48
2022-04-01 10:29:44,521.3302300488782
2022-04-01 10:29:49,534.47
2022-04-01 10:29:54,534.47
2022-04-01 10:29:59,534.52
2022-04-01 10:30:04,534.52
2022-04-01 10:30:09,534.51
2022-04-01 10:30:14,534.51
2022-04-01 10:30:19,534.55
2022-04-01 10:30:24,534.55
2022-04-01 10:30:29,534.6
2022-04-01 10:30:34,534.58
2022-04-01 10:30:39,534.57
2022-04-01 10:30:44,534.69
2022-04-01 10:30:49,534.69
2022-04-01 10:30:54,534.69
2022-04-01 10:30:59,534.75
2022-04-01 10:31:04,534.75
2022-04-01 10:31:09,534.78
2022-04-01 10:31:14,534.85
2022-04-01 10:31:19,534.85
2022-04-01 10:31:24,534.91
2022-04-01 10:31:29,534.9
2022-04-01 10:31:34,534.97
2022-04-01 10:31:39,521.6149059251851
2022-04-01 10:31:44,521.6288825935588
2022-04-01 10:31:49,535.06
2022-04-01 10:31:54,535.0
2022-04-01 10:31:59,535.06
2022-04-01 10:32:04,521.6858961028906
2022-04-01 10:32:09,535.12
2022-04-01 10:32:14,535.12
2022-04-01 10:32:19,535.17
2022-04-01 10:32:24,535.16
2022-04-01 10:32:29,521.7594717273164
2022-04-01 10:32:34,535.23
2022-04-01 10:32:39,535.22
2022-04-01 10:32:44,535.23
2022-04-01 10:32:49,535.26
2022-04-01 10:32:54,535.26
2022-04-01 10:32:59,535.33
2022-04-01 10:33:04,535.32
2022-04-01 10:33:09,535.45
2022-04-01 10:33:14,535.45
2022-04-01 10:33:19,535.47
2022-04-01 10:33:24,521.9289469800508
2022-04-01 10:33:29,535.53
2022-04-01 10:33:34,535.53
2022-04-01 10:33:39,535.67
2022-04-01 10:33:44,535.66
2022-04-01 10:33:49,535.72
2022-04-01 10:33:54,535.72
2022-04-01 10:33:59,535.81
2022-04-01 10:34:04,535.87
2022-04-01 10:34:09,535.94
2022-04-01 10:34:14,535.97
2022-04-01 10:34:19,536.03
2022-04-01 10:34:24,536.09
2022-04-01 10:34:29,536.15
2022-04-01 10:34:34,536.25
2022-04-01 10:34:39,522.1720300430575
2022-04-01 10:34:44,536.37
2022-04-01 10:34:49,536.44
2022-04-01 10:34:54,536.47
2022-04-01 10:34:59,536.59
2022-04-01 10:35:04,536.65
2022-04-01 10:35:09,536.71
2022-04-01 10:35:14,536.8
2022-04-01 10:35:19,536.87
2022-04-01 10:35:24,522.3214636043471
2022-04-01 10:35:29,537.03
2022-04-01 10:35:34,537.09
2022-04-01 10:35:39,537.16
2022-04-01 10:35:44,537.25
2022-04-01 10:35:49,537.32
2022-04-01 10:35:54,537.38
2022-04-01 10:35:59,537.45
2022-04-01 10:36:04,537.48
2022-04-01 10:36:09,537.54
2022-04-01 10:36:14,537.6
2022-04-01 10:36:19,537.66
2022-04-01 10:36:24,537.73
2022-04-01 10:36:29,537.76
2022-04-01 10:36:34,537.82
2022-04-01 10:36:39,537.88
2022-04-01 10:36:44,522.5873013805991
2022-04-01 10:36:49,537.98
2022-04-01 10:36:54,538.04
2022-04-01 10:36:59,538.11
2022-04-01 10:37:04,538.16
2022-04-01 10:37:09,538.22
2022-04-01 10:37:14,538.26
2022-04-01 10:37:19,538.38
2022-04-01 10:37:24,522.7177482307176
2022-04-01 10:37:29,538.38
2022-04-01 10:37:34,538.44
2022-04-01 10:37:39,538.53
2022-04-01 10:37:44,538.52
2022-04-01 10:37:49,538.58
2022-04-01 10:37:54,538.64
2022-04-01 10:37:59,538.7
2022-04-01 10:38:04,538.71
2022-04-01 10:38:09,538.73
2022-04-01 10:38:14,538.79
2022-04-01 10:38:19,538.86
2022-04-01 10:38:24,538.92
2022-04-01 10:38:29,538.95
2022-04-01 10:38:34,539.01
2022-04-01 10:38:39,539.01
2022-04-01 10:38:44,539.14
2022-04-01 10:38:49,539.14
2022-04-01 10:38:54,539.2
2022-04-01 10:38:59,539.24
2022-04-01 10:39:04,539.23
2022-04-01 10:39:09,523.0412681658016
2022-04-01 10:39:14,539.35
2022-04-01 10:39:19,539.41
2022-04-01 10:39:24,539.42
2022-04-01 10:39:29,539.42
2022-04-01 10:39:34,539.48
2022-04-01 10:39:39,539.54
2022-04-01 10:39:44,539.6
2022-04-01 10:39:49,539.59
2022-04-01 10:39:54,539.69
2022-04-01 10:39:59,539.69
2022-04-01 10:40:04,539.82
2022-04-01 10:40:09,539.82
2022-04-01 10:40:14,539.87
2022-04-01 10:40:19,539.9
2022-04-01 10:40:24,539.97
2022-04-01 10:40:29,540.04
2022-04-01 10:40:34,540.11
2022-04-01 10:40:39,540.17
2022-04-01 10:40:44,540.21
2022-04-01 10:40:49,540.27
2022-04-01 10:40:54,540.33
2022-04-01 10:40:59,540.39
2022-04-01 10:41:04,540.39
2022-04-01 10:41:09,540.47
2022-04-01 10:41:14,540.47
2022-04-01 10:41:19,540.52
2022-04-01 10:41:24,540.58
2022-04-01 10:41:29,540.57
2022-04-01 10:41:34,540.65
2022-04-01 10:41:39,540.66
2022-04-01 10:41:44,540.73
2022-04-01 10:41:49,523.4398478571684
2022-04-01 10:41:54,540.85
2022-04-01 10:41:59,540.89
2022-04-01 10:42:04,540.94
2022-04-01 10:42:09,541.01
2022-04-01 10:42:14,523.4874972562233
2022-04-01 10:42:19,541.14
2022-04-01 10:42:24,541.17
2022-04-01 10:42:29,541.24
2022-04-01 10:42:34,541.23
2022-04-01 10:42:39,541.29
2022-04-01 10:42:44,541.33
2022-04-01 10:42:49,541.37
2022-04-01 10:42:54,523.5536556788697
2022-04-01 10:42:59,541.47
2022-04-01 10:43:04,541.48
2022-04-01 10:43:09,541.61
2022-04-01 10:43:14,541.63
2022-04-01 10:43:19,541.7
2022-04-01 10:43:24,541.7
2022-04-01 10:43:29,541.77
2022-04-01 10:43:34,523.6071135928717
2022-04-01 10:43:39,541.85
2022-04-01 10:43:44,541.86
2022-04-01 10:43:49,541.91
2022-04-01 10:43:54,523.6291841636946
2022-04-01 10:43:59,541.98
2022-04-01 10:44:04,542.04
2022-04-01 10:44:09,542.04
2022-04-01 10:44:14,542.04
2022-04-01 10:44:19,542.1
2022-04-01 10:44:24,542.1
2022-04-01 10:44:29,542.1
2022-04-01 10:44:34,542.1
2022-04-01 10:44:39,542.09
2022-04-01 10:44:44,542.09
2022-04-01 10:44:49,542.08
2022-04-01 10:44:54,542.08
2022-04-01 10:44:59,542.12
2022-04-01 10:45:04,542.08
2022-04-01 10:45:09,542.07
2022-04-01 10:45:14,542.07
2022-04-01 10:45:19,542.07
2022-04-01 10:45:24,542.07
2022-04-01 10:45:29,542.07
2022-04-01 10:45:34,542.07
2022-04-01 10:45:39,541.99
2022-04-01 10:45:44,542.0
2022-04-01 10:45:49,541.92
2022-04-01 10:45:54,541.92
2022-04-01 10:45:59,541.92
2022-04-01 10:46:04,541.86
2022-04-01 10:46:09,541.8
2022-04-01 10:46:14,541.8
2022-04-01 10:46:19,541.76
2022-04-01 10:46:24,541.76
2022-04-01 10:46:29,541.69
2022-04-01 10:46:34,541.62
2022-04-01 10:46:39,541.62
2022-04-01 10:46:44,541.62
2022-04-01 10:46:49,541.56
2022-04-01 10:46:54,541.52
2022-04-01 10:46:59,541.46
2022-04-01 10:47:04,541.46
2022-04-01 10:47:09,541.46
2022-04-01 10:47:14,523.6902853053225
2022-04-01 10:47:19,541.33
2022-04-01 10:47:24,541.33
2022-04-01 10:47:29,541.23
2022-04-01 10:47:34,541.23
2022-04-01 10:47:39,541.16
2022-04-01 10:47:44,523.6761108311018
2022-04-01 10:47:49,541.09
2022-04-01 10:47:54,541.03
2022-04-01 10:47:59,540.99
2022-04-01 10:48:04,540.99
2022-04-01 10:48:09,540.93
2022-04-01 10:48:14,540.93
2022-04-01 10:48:19,540.86
2022-04-01 10:48:24,540.8
2022-04-01 10:48:29,540.8
2022-04-01 10:48:34,540.8
2022-04-01 10:48:39,540.7
2022-04-01 10:48:44,540.7
2022-04-01 10:48:49,540.64
2022-04-01 10:48:54,540.64
2022-04-01 10:48:59,540.57
2022-04-01 10:49:04,540.56
2022-04-01 10:49:09,540.5
2022-04-01 10:49:14,540.47
2022-04-01 10:49:19,540.46
2022-04-01 10:49:24,540.39
2022-04-01 10:49:29,540.39
2022-04-01 10:49:34,540.33
2022-04-01 10:49:39,540.27
2022-04-01 10:49:44,540.2
2022-04-01 10:49:49,523.5582490621325
2022-04-01 10:49:54,540.2
2022-04-01 10:49:59,540.1
2022-04-01 10:50:04,540.1
2022-04-01 10:50:09,523.5310869113287
2022-04-01 10:50:14,540.03
2022-04-01 10:50:19,539.92
2022-04-01 10:50:24,539.91
2022-04-01 10:50:29,539.91
2022-04-01 10:50:34,539.85
2022-04-01 10:50:39,539.85
2022-04-01 10:50:44,539.84
2022-04-01 10:50:49,539.71
2022-04-01 10:50:54,539.72
2022-04-01 10:50:59,523.4538274986002
2022-04-01 10:51:04,539.64
2022-04-01 10:51:09,539.61
2022-04-01 10:51:14,539.55
2022-04-01 10:51:19,539.54
2022-04-01 10:51:24,539.47
2022-04-01 10:51:29,539.47
2022-04-01 10:51:34,539.4
2022-04-01 10:51:39,539.36
2022-04-01 10:51:44,539.36
2022-04-01 10:51:49,539.29
2022-04-01 10:51:54,539.23
2022-04-01 10:51:59,539.22
2022-04-01 10:52:04,539.15
2022-04-01 10:52:09,539.2
2022-04-01 10:52:14,539.06
2022-04-01 10:52:19,539.12
2022-04-01 10:52:24,539.04
2022-04-01 10:52:29,539.03
2022-04-01 10:52:34,539.02
2022-04-01 10:52:39,538.99
2022-04-01 10:52:44,538.94
2022-04-01 10:52:49,538.94
2022-04-01 10:52:54,523.2288562416155
2022-04-01 10:52:59,538.82
2022-04-01 10:53:04,538.82
2022-04-01 10:53:09,538.81
2022-04-01 10:53:14,538.71
2022-04-01 10:53:19,538.72
2022-04-01 10:53:24,538.66
2022-04-01 10:53:29,538.64
2022-04-01 10:53:34,538.58
2022-04-01 10:53:39,538.51
2022-04-01 10:53:44,538.46
2022-04-01 10:53:49,538.46
2022-04-01 10:53:54,538.34
2022-04-01 10:53:59,538.28
2022-04-01 10:54:04,538.28
2022-04-01 10:54:09,538.25
2022-04-01 10:54:14,538.18
2022-04-01 10:54:19,523.0243810027832
2022-04-01 10:54:24,538.12
2022-04-01 10:54:29,538.04
2022-04-01 10:54:34,537.96
2022-04-01 10:54:39,537.94
2022-04-01 10:54:44,537.94
2022-04-01 10:54:49,537.87
2022-04-01 10:54:54,537.81
2022-04-01 10:54:59,537.74
2022-04-01 10:55:04,537.73
2022-04-01 10:55:09,537.7
2022-04-01 10:55:14,537.56
2022-04-01 10:55:19,537.5
2022-04-01 10:55:24,537.44
2022-04-01 10:55:29,537.44
2022-04-01 10:55:34,537.4
2022-04-01 10:55:39,537.33
2022-04-01 10:55:44,537.27
2022-04-01 10:55:49,537.19
2022-04-01 10:55:54,537.19
2022-04-01 10:55:59,537.15
2022-04-01 10:56:04,537.08
2022-04-01 10:56:09,537.02
2022-04-01 10:56:14,537.02
2022-04-01 10:56:19,536.96
2022-04-01 10:56:24,536.9
2022-04-01 10:56:29,522.6578941619642
2022-04-01 10:56:34,536.86
2022-04-01 10:56:39,536.79
2022-04-01 10:56:44,536.73
2022-04-01 10:56:49,536.73
2022-04-01 10:56:54,536.62
2022-04-01 10:56:59,536.61
2022-04-01 10:57:04,536.55
2022-04-01 10:57:09,522.5337862714522
2022-04-01 10:57:14,536.42
2022-04-01 10:57:19,536.4
2022-04-01 10:57:24,536.31
2022-04-01 10:57:29,536.31
2022-04-01 10:57:34,536.31
2022-04-01 10:57:39,536.25
2022-04-01 10:57:44,536.17
2022-04-01 10:57:49,536.16
2022-04-01 10:57:54,536.11
2022-04-01 10:57:59,536.08
2022-04-01 10:58:04,536.07
2022-04-01 10:58:09,536.01
2022-04-01 10:58:14,536.01
2022-04-01 10:58:19,535.95
2022-04-01 10:58:24,535.95
2022-04-01 10:58:29,535.88
2022-04-01 10:58:34,535.88
2022-04-01 10:58:39,535.81
2022-04-01 10:58:44,535.81
2022-04-01 10:58:49,535.77
2022-04-01 10:58:54,535.77
2022-04-01 10:58:59,535.71
2022-04-01 10:59:04,535.64
2022-04-01 10:59:09,535.64
2022-04-01 10:59:14,535.58
2022-04-01 10:59:19,522.1059225844458
2022-04-01 10:59:24,535.48
2022-04-01 10:59:29,535.48
2022-04-01 10:59:34,522.0551453915293
2022-04-01 10:59:39,535.41
2022-04-01 10:59:44,535.34
2022-04-01 10:59:49,535.34
2022-04-01 10:59:54,535.28
2022-04-01 10:59:59,535.28
2022-04-01 11:00:04,535.24
2022-04-01 11:00:09,535.24
2022-04-01 11:00:14,535.18
2022-04-01 11:00:19,535.18
2022-04-01 11:00:24,535.11
2022-04-01 11:00:29,535.1
2022-04-01 11:00:34,535.17
2022-04-01 11:00:39,535.11
2022-04-01 11:00:44,535.11
2022-04-01 11:00:49,535.11
2022-04-01 11:00:54,535.01
2022-04-01 11:00:59,535.04
2022-04-01 11:01:04,535.01
2022-04-01 11:01:09,535.01
2022-04-01 11:01:14,535.01
2022-04-01 11:01:19,535.01
2022-04-01 11:01:24,534.94
2022-04-01 11:01:29,534.95
2022-04-01 11:01:34,534.94
2022-04-01 11:01:39,534.94
2022-04-01 11:01:44,534.94
2022-04-01 11:01:49,534.94
2022-04-01 11:01:54,534.94
2022-04-01 11:01:59,534.94
2022-04-01 11:02:04,534.93
2022-04-01 11:02:09,534.93
2022-04-01 11:02:14,534.94
2022-04-01 11:02:19,534.94
2022-04-01 11:02:24,534.87
2022-04-01 11:02:29,534.87
2022-04-01 11:02:34,534.87
2022-04-01 11:02:39,534.87
2022-04-01 11:02:44,521.4193298679634
2022-04-01 11:02:49,534.87
2022-04-01 11:02:54,534.87
2022-04-01 11:02:59,534.87
2022-04-01 11:03:04,534.87
2022-04-01 11:03:09,534.8
2022-04-01 11:03:14,534.87
2022-04-01 11:03:19,534.87
2022-04-01 11:03:24,534.8
2022-04-01 11:03:29,534.87
2022-04-01 11:03:34,534.87
2022-04-01 11:03:39,534.87
2022-04-01 11:03:44,534.93
2022-04-01 11:03:49,521.2161219723544
2022-04-01 11:03:54,534.92
2022-04-01 11:03:59,534.92
2022-04-01 11:04:04,534.98
2022-04-01 11:04:09,534.97
2022-04-01 11:04:14,535.01
2022-04-01 11:04:19,535.0
2022-04-01 11:04:24,535.07
2022-04-01 11:04:29,535.14
2022-04-01 11:04:34,535.14
2022-04-01 11:04:39,535.2
2022-04-01 11:04:44,535.23
2022-04-01 11:04:49,535.29
2022-04-01 11:04:54,535.29
2022-04-01 11:04:59,535.35
2022-04-01 11:05:04,535.42
2022-04-01 11:05:09,535.48
2022-04-01 11:05:14,535.51
2022-04-01 11:05:19,535.57
2022-04-01 11:05:24,535.63
2022-04-01 11:05:29,535.63
2022-04-01 11:05:34,535.72
2022-04-01 11:05:39,535.85
2022-04-01 11:05:44,535.91
2022-04-01 11:05:49,535.96
2022-04-01 11:05:54,536.05
2022-04-01 11:05:59,536.12
2022-04-01 11:06:04,520.8436758986097
2022-04-01 11:06:09,520.8315258819606
2022-04-01 11:06:14,536.41
2022-04-01 11:06:19,520.8076343787329
2022-04-01 11:06:24,536.49
2022-04-01 11:06:29,536.63
2022-04-01 11:06:34,536.72
2022-04-01 11:06:39,536.78
2022-04-01 11:06:44,536.9
2022-04-01 11:06:49,537.0
2022-04-01 11:06:54,537.06
2022-04-01 11:06:59,520.7177901100126
2022-04-01 11:07:04,537.28
2022-04-01 11:07:09,537.47
2022-04-01 11:07:14,537.57
2022-04-01 11:07:19,537.64
2022-04-01 11:07:24,537.8
2022-04-01 11:07:29,537.86
2022-04-01 11:07:34,538.02
2022-04-01 11:07:39,538.14
2022-04-01 11:07:44,538.23
2022-04-01 11:07:49,520.6194823754719
2022-04-01 11:07:54,538.48
2022-04-01 11:07:59,538.71
2022-04-01 11:08:04,538.73
2022-04-01 11:08:09,538.92
2022-04-01 11:08:14,539.09
2022-04-01 11:08:19,539.25
2022-04-01 11:08:24,539.38
2022-04-01 11:08:29,539.54
2022-04-01 11:08:34,539.73
2022-04-01 11:08:39,539.83
2022-04-01 11:08:44,540.02
2022-04-01 11:08:49,540.18
2022-04-01 11:08:54,540.34
2022-04-01 11:08:59,540.47
2022-04-01 11:09:04,540.55
2022-04-01 11:09:09,540.74
2022-04-01 11:09:14,540.9
2022-04-01 11:09:19,541.06
2022-04-01 11:09:24,541.12
2022-04-01 11:09:29,541.28
2022-04-01 11:09:34,541.47
2022-04-01 11:09:39,541.57
2022-04-01 11:09:44,541.76
2022-04-01 11:09:49,541.92
2022-04-01 11:09:54,542.05
2022-04-01 11:09:59,542.21
2022-04-01 11:10:04,542.37
2022-04-01 11:10:09,542.5
2022-04-01 11:10:14,520.4389335668006
2022-04-01 11:10:19,542.78
2022-04-01 11:10:24,542.94
2022-04-01 11:10:29,520.4303883511434
2022-04-01 11:10:34,543.23
2022-04-01 11:10:39,543.39
2022-04-01 11:10:44,543.52
2022-04-01 11:10:49,543.68
2022-04-01 11:10:54,543.81
2022-04-01 11:10:59,543.9
2022-04-01 11:11:04,544.03
2022-04-01 11:11:09,544.12
2022-04-01 11:11:14,544.34
2022-04-01 11:11:19,544.4
2022-04-01 11:11:24,544.6
2022-04-01 11:11:29,544.63
2022-04-01 11:11:34,544.76
2022-04-01 11:11:39,544.91
2022-04-01 11:11:44,544.98
2022-04-01 11:11:49,545.14
2022-04-01 11:11:54,545.21
2022-04-01 11:11:59,520.4240611919288
2022-04-01 11:12:04,520.4260051887015
2022-04-01 11:12:09,545.49
2022-04-01 11:12:14,545.62
2022-04-01 11:12:19,545.65
2022-04-01 11:12:24,545.71
2022-04-01 11:12:29,520.43938698063
2022-04-01 11:12:34,545.87
2022-04-01 11:12:39,545.94
2022-04-01 11:12:44,546.0
2022-04-01 11:12:49,545.99
2022-04-01 11:12:54,546.06
2022-04-01 11:12:59,545.99
2022-04-01 11:13:04,546.06
2022-04-01 11:13:09,520.4735661082215
2022-04-01 11:13:14,545.99
2022-04-01 11:13:19,545.99
2022-04-01 11:13:24,545.99
2022-04-01 11:13:29,545.93
2022-04-01 11:13:34,520.5029676840809
2022-04-01 11:13:39,545.83
2022-04-01 11:13:44,545.76
2022-04-01 11:13:49,545.7
2022-04-01 11:13:54,545.6
2022-04-01 11:13:59,545.47
2022-04-01 11:14:04,520.546476609805
2022-04-01 11:14:09,545.25
2022-04-01 11:14:14,545.12
2022-04-01 11:14:19,520.571615887373
2022-04-01 11:14:24,544.83
2022-04-01 11:14:29,520.5896346309244
2022-04-01 11:14:34,544.57
2022-04-01 11:14:39,520.6086636004811
2022-04-01 11:14:44,544.28
2022-04-01 11:14:49,544.05
2022-04-01 11:14:54,543.8
2022-04-01 11:14:59,543.57
2022-04-01 11:15:04,543.41
2022-04-01 11:15:09,543.18
2022-04-01 11:15:14,542.96
2022-04-01 11:15:19,542.77
2022-04-01 11:15:24,542.54
2022-04-01 11:15:29,542.25
2022-04-01 11:15:34,542.02
2022-04-01 11:15:39,541.8
2022-04-01 11:15:44,541.57
2022-04-01 11:15:49,520.7703576179754
2022-04-01 11:15:54,541.06
2022-04-01 11:15:59,540.83
2022-04-01 11:16:04,540.67
2022-04-01 11:16:09,540.45
2022-04-01 11:16:14,540.19
2022-04-01 11:16:19,520.8550523756074
2022-04-01 11:16:24,539.74
2022-04-01 11:16:29,539.51
2022-04-01 11:16:34,539.35
2022-04-01 11:16:39,539.16
2022-04-01 11:16:44,538.99
2022-04-01 11:16:49,538.77
2022-04-01 11:16:54,538.63
2022-04-01 11:16:59,538.47
2022-04-01 11:17:04,538.31
2022-04-01 11:17:09,538.12
2022-04-01 11:17:14,538.02
2022-04-01 11:17:19,537.85
2022-04-01 11:17:24,537.72
2022-04-01 11:17:29,537.65
2022-04-01 11:17:34,537.56
2022-04-01 11:17:39,537.43
2022-04-01 11:17:44,537.36
2022-04-01 11:17:49,537.32
2022-04-01 11:17:54,537.19
2022-04-01 11:17:59,537.13
2022-04-01 11:18:04,537.13
2022-04-01 11:18:09,537.07
2022-04-01 11:18:14,537.13
2022-04-01 11:18:19,521.2878252832932
2022-04-01 11:18:24,537.07
2022-04-01 11:18:29,537.06
2022-04-01 11:18:34,537.06
2022-04-01 11:18:39,537.06
2022-04-01 11:18:44,537.06
2022-04-01 11:18:49,537.1
2022-04-01 11:18:54,537.09
2022-04-01 11:18:59,537.17
2022-04-01 11:19:04,537.17
2022-04-01 11:19:09,537.23
2022-04-01 11:19:14,537.23
2022-04-01 11:19:19,537.33
2022-04-01 11:19:24,521.5860881640364
2022-04-01 11:19:29,537.37
2022-04-01 11:19:34,537.5
2022-04-01 11:19:39,537.5
2022-04-01 11:19:44,537.54
2022-04-01 11:19:49,521.7129426570732
2022-04-01 11:19:54,537.74
2022-04-01 11:19:59,537.74
2022-04-01 11:20:04,537.82
2022-04-01 11:20:09,537.89
2022-04-01 11:20:14,537.93
2022-04-01 11:20:19,538.0
2022-04-01 11:20:24,538.09
2022-04-01 11:20:29,538.09
2022-04-01 11:20:34,538.23
2022-04-01 11:20:39,538.23
2022-04-01 11:20:44,538.33
2022-04-01 11:20:49,538.39
2022-04-01 11:20:54,538.51
2022-04-01 11:20:59,522.1044423440478
2022-04-01 11:21:04,522.1344692463426
2022-04-01 11:21:09,538.67
2022-04-01 11:21:14,538.73
2022-04-01 11:21:19,538.78
2022-04-01 11:21:24,538.8
2022-04-01 11:21:29,538.87
2022-04-01 11:21:34,538.94
2022-04-01 11:21:39,539.0
2022-04-01 11:21:44,539.02
2022-04-01 11:21:49,539.09
2022-04-01 11:21:54,539.22
2022-04-01 11:21:59,539.22
2022-04-01 11:22:04,539.29
2022-04-01 11:22:09,539.28
2022-04-01 11:22:14,539.31
2022-04-01 11:22:19,539.38
2022-04-01 11:22:24,539.44
2022-04-01 11:22:29,539.5
2022-04-01 11:22:34,539.54
2022-04-01 11:22:39,539.54
2022-04-01 11:22:44,522.793508222715
2022-04-01 11:22:49,539.6
2022-04-01 11:22:54,539.6
2022-04-01 11:22:59,539.66
2022-04-01 11:23:04,539.73
2022-04-01 11:23:09,539.72
2022-04-01 11:23:14,539.78
2022-04-01 11:23:19,539.78
2022-04-01 11:23:24,539.78
2022-04-01 11:23:29,539.78
2022-04-01 11:23:34,539.81
2022-04-01 11:23:39,539.81
2022-04-01 11:23:44,539.81
2022-04-01 11:23:49,539.81
2022-04-01 11:23:54,539.81
2022-04-01 11:23:59,539.8
2022-04-01 11:24:04,539.8
2022-04-01 11:24:09,539.79
2022-04-01 11:24:14,539.76
2022-04-01 11:24:19,539.76
2022-04-01 11:24:24,523.5656444079684
2022-04-01 11:24:29,523.6072637741739
2022-04-01 11:24:34,523.649172286603
2022-04-01 11:24:39,539.76
2022-04-01 11:24:44,523.7338579697888
2022-04-01 11:24:49,539.76
2022-04-01 11:24:54,539.7
2022-04-01 11:24:59,539.7
2022-04-01 11:25:04,539.7
2022-04-01 11:25:09,539.7
2022-04-01 11:25:14,523.9948491185617
2022-04-01 11:25:19,539.63
2022-04-01 11:25:24,539.56
2022-04-01 11:25:29,539.56
2022-04-01 11:25:34,539.56
2022-04-01 11:25:39,539.5
2022-04-01 11:25:44,539.5
2022-04-01 11:25:49,524.3121457468313
2022-04-01 11:25:54,539.5
2022-04-01 11:25:59,539.5
2022-04-01 11:26:04,539.4
2022-04-01 11:26:09,539.4
2022-04-01 11:26:14,539.4
2022-04-01 11:26:19,539.4
2022-04-01 11:26:24,524.6426616470171
2022-04-01 11:26:29,539.33
2022-04-01 11:26:34,539.33
2022-04-01 11:26:39,539.33
2022-04-01 11:26:44,539.33
2022-04-01 11:26:49,539.39
2022-04-01 11:26:54,539.33
2022-04-01 11:26:59,539.33
2022-04-01 11:27:04,525.0358082970222
2022-04-01 11:27:09,539.33
2022-04-01 11:27:14,539.33
2022-04-01 11:27:19,539.39
2022-04-01 11:27:24,539.39
2022-04-01 11:27:29,539.39
2022-04-01 11:27:34,525.3409419347206
2022-04-01 11:27:39,539.46
2022-04-01 11:27:44,539.49
2022-04-01 11:27:49,539.49
2022-04-01 11:27:54,539.49
2022-04-01 11:27:59,539.62
2022-04-01 11:28:04,539.62
2022-04-01 11:28:09,539.68
2022-04-01 11:28:14,525.7607638257184
2022-04-01 11:28:19,539.78
2022-04-01 11:28:24,525.8679429700894
2022-04-01 11:28:29,539.84
2022-04-01 11:28:34,539.91
2022-04-01 11:28:39,539.98
2022-04-01 11:28:44,539.98
2022-04-01 11:28:49,540.07
2022-04-01 11:28:54,540.07
2022-04-01 11:28:59,526.2497610824488
2022-04-01 11:29:04,540.2
2022-04-01 11:29:09,540.26
2022-04-01 11:29:14,540.27
2022-04-01 11:29:19,540.3
2022-04-01 11:29:24,540.3
2022-04-01 11:29:29,540.36
2022-04-01 11:29:34,540.42
2022-04-01 11:29:39,540.49
2022-04-01 11:29:44,540.52
2022-04-01 11:29:49,540.52
2022-04-01 11:29:54,540.59
2022-04-01 11:29:59,540.65
2022-04-01 11:30:04,526.9847918348569
2022-04-01 11:30:09,540.71
2022-04-01 11:30:14,540.78
2022-04-01 11:30:19,540.81
2022-04-01 11:30:24,540.86
2022-04-01 11:30:29,540.87
2022-04-01 11:30:34,541.0
2022-04-01 11:30:39,541.0
2022-04-01 11:30:44,541.02
2022-04-01 11:30:49,541.09
2022-04-01 11:30:54,541.21
2022-04-01 11:30:59,527.630684702003
2022-04-01 11:31:04,541.31
2022-04-01 11:31:09,541.37
2022-04-01 11:31:14,541.44
2022-04-01 11:31:19,541.53
2022-04-01 11:31:24,541.59
2022-04-01 11:31:29,541.66
2022-04-01 11:31:34,541.72
2022-04-01 11:31:39,541.82
2022-04-01 11:31:44,541.88
2022-04-01 11:31:49,541.93
2022-04-01 11:31:54,542.03
2022-04-01 11:31:59,542.1
2022-04-01 11:32:04,542.1
2022-04-01 11:32:09,542.22
2022-04-01 11:32:14,542.31
2022-04-01 11:32:19,542.38
2022-04-01 11:32:24,542.45
2022-04-01 11:32:29,528.728526983347
2022-04-01 11:32:34,542.6
2022-04-01 11:32:39,542.67
2022-04-01 11:32:44,528.9158500842565
2022-04-01 11:32:49,542.83
2022-04-01 11:32:54,542.9
2022-04-01 11:32:59,542.95
2022-04-01 11:33:04,543.04
2022-04-01 11:33:09,543.04
2022-04-01 11:33:14,529.2937976073003
2022-04-01 11:33:19,543.24
2022-04-01 11:33:24,543.3
2022-04-01 11:33:29,529.4843272016401
2022-04-01 11:33:34,543.46
2022-04-01 11:33:39,543.46
2022-04-01 11:33:44,543.52
2022-04-01 11:33:49,543.52
2022-04-01 11:33:54,543.55
2022-04-01 11:33:59,543.55
2022-04-01 11:34:04,529.9326020959531
2022-04-01 11:34:09,543.6
2022-04-01 11:34:14,543.66
2022-04-01 11:34:19,530.1261939807429
2022-04-01 11:34:24,543.66
2022-04-01 11:34:29,543.66
2022-04-01 11:34:34,543.66
2022-04-01 11:34:39,543.66
2022-04-01 11:34:44,543.66
2022-04-01 11:34:49,543.6
2022-04-01 11:34:54,543.6
2022-04-01 11:34:59,543.64
2022-04-01 11:35:04,543.58
2022-04-01 11:35:09,543.58
2022-04-01 11:35:14,543.51
2022-04-01 11:35:19,543.51
2022-04-01 11:35:24,543.41
2022-04-01 11:35:29,543.41
2022-04-01 11:35:34,543.35
2022-04-01 11:35:39,543.28
2022-04-01 11:35:44,543.24
2022-04-01 11:35:49,543.18
2022-04-01 11:35:54,543.06
2022-04-01 11:35:59,542.99
2022-04-01 11:36:04,542.89
2022-04-01 11:36:09,542.82
2022-04-01 11:36:14,542.76
2022-04-01 11:36:19,542.66
2022-04-01 11:36:24,542.53
2022-04-01 11:36:29,542.46
2022-04-01 11:36:34,542.3
2022-04-01 11:36:39,542.24
2022-04-01 11:36:44,542.07
2022-04-01 11:36:49,541.94
2022-04-01 11:36:54,541.85
2022-04-01 11:36:59,541.72
2022-04-01 11:37:04,532.2991268195847
2022-04-01 11:37:09,541.43
2022-04-01 11:37:14,541.27
2022-04-01 11:37:19,541.17
2022-04-01 11:37:24,541.04
2022-04-01 11:37:29,540.88
2022-04-01 11:37:34,532.6998819135378
2022-04-01 11:37:39,540.59
2022-04-01 11:37:44,540.39
2022-04-01 11:37:49,540.23
2022-04-01 11:37:54,540.13
2022-04-01 11:37:59,539.94
2022-04-01 11:38:04,533.1014353129218
2022-04-01 11:38:09,539.62
2022-04-01 11:38:14,539.36
2022-04-01 11:38:19,533.3023928424069
2022-04-01 11:38:24,538.97
2022-04-01 11:38:29,538.75
2022-04-01 11:38:34,538.59
2022-04-01 11:38:39,538.33
2022-04-01 11:38:44,538.1
2022-04-01 11:38:49,537.88
2022-04-01 11:38:54,537.65
2022-04-01 11:38:59,537.42
2022-04-01 11:39:04,537.13
2022-04-01 11:39:09,533.9723939875824
2022-04-01 11:39:14,536.74
2022-04-01 11:39:19,536.55
2022-04-01 11:39:24,536.26
2022-04-01 11:39:29,536.03
2022-04-01 11:39:34,534.3069758774512
2022-04-01 11:39:39,535.65
2022-04-01 11:39:44,535.42
2022-04-01 11:39:49,535.2
2022-04-01 11:39:54,535.0
2022-04-01 11:39:59,534.84
2022-04-01 11:40:04,534.62
2022-04-01 11:40:09,534.39
2022-04-01 11:40:14,534.2
2022-04-01 11:40:19,533.97
2022-04-01 11:40:24,533.81
2022-04-01 11:40:29,533.58
2022-04-01 11:40:34,533.43
2022-04-01 11:40:39,533.3
2022-04-01 11:40:44,533.07
2022-04-01 11:40:49,532.94
2022-04-01 11:40:54,532.78
2022-04-01 11:40:59,532.66
2022-04-01 11:41:04,535.5019577709246
2022-04-01 11:41:09,532.34
2022-04-01 11:41:14,532.27
2022-04-01 11:41:19,532.14
2022-04-01 11:41:24,531.98
2022-04-01 11:41:29,531.92
2022-04-01 11:41:34,531.76
2022-04-01 11:41:39,531.63
2022-04-01 11:41:44,531.6
2022-04-01 11:41:49,531.47
2022-04-01 11:41:54,531.37
2022-04-01 11:41:59,531.31
2022-04-01 11:42:04,531.18
2022-04-01 11:42:09,531.12
2022-04-01 11:42:14,531.09
2022-04-01 11:42:19,531.02
2022-04-01 11:42:24,530.89
2022-04-01 11:42:29,530.86
2022-04-01 11:42:34,530.73
2022-04-01 11:42:39,530.73
2022-04-01 11:42:44,530.67
2022-04-01 11:42:49,530.6
2022-04-01 11:42:54,530.57
2022-04-01 11:42:59,530.44
2022-04-01 11:43:04,530.44
2022-04-01 11:43:09,530.38
2022-04-01 11:43:14,530.38
2022-04-01 11:43:19,537.2332761299061
2022-04-01 11:43:24,530.34
2022-04-01 11:43:29,530.27
2022-04-01 11:43:34,537.4187514147455
2022-04-01 11:43:39,537.4802022953342
2022-04-01 11:43:44,530.14
2022-04-01 11:43:49,530.14
2022-04-01 11:43:54,530.14
2022-04-01 11:43:59,530.14
2022-04-01 11:44:04,530.14
2022-04-01 11:44:09,530.08
2022-04-01 11:44:14,530.14
2022-04-01 11:44:19,530.08
2022-04-01 11:44:24,538.0242002937863
2022-04-01 11:44:29,530.14
2022-04-01 11:44:34,530.13
2022-04-01 11:44:39,538.201652947684
2022-04-01 11:44:44,530.14
2022-04-01 11:44:49,530.14
2022-04-01 11:44:54,530.2
2022-04-01 11:44:59,530.26
2022-04-01 11:45:04,530.26
2022-04-01 11:45:09,530.26
2022-04-01 11:45:14,530.33
2022-04-01 11:45:19,530.33
2022-04-01 11:45:24,530.35
2022-04-01 11:45:29,530.35
2022-04-01 11:45:34,530.42
2022-04-01 11:45:39,530.47
2022-04-01 11:45:44,530.47
2022-04-01 11:45:49,530.54
2022-04-01 11:45:54,530.57
2022-04-01 11:45:59,530.63
2022-04-01 11:46:04,530.63
2022-04-01 11:46:09,530.7
2022-04-01 11:46:14,530.76
2022-04-01 11:46:19,530.82
2022-04-01 11:46:24,530.85
2022-04-01 11:46:29,530.98
2022-04-01 11:46:34,530.98
2022-04-01 11:46:39,539.5386712735489
2022-04-01 11:46:44,531.08
2022-04-01 11:46:49,531.13
2022-04-01 11:46:54,531.19
2022-04-01 11:46:59,531.32
2022-04-01 11:47:04,539.7961945520398
2022-04-01 11:47:09,531.42
2022-04-01 11:47:14,531.54
2022-04-01 11:47:19,531.54
2022-04-01 11:47:24,531.63
2022-04-01 11:47:29,531.69
2022-04-01 11:47:34,540.0943899632924
2022-04-01 11:47:39,531.81
2022-04-01 11:47:44,531.8
2022-04-01 11:47:49,531.9
2022-04-01 11:47:54,531.97
2022-04-01 11:47:59,532.03
2022-04-01 11:48:04,532.06
2022-04-01 11:48:09,532.13
2022-04-01 11:48:14,532.26
2022-04-01 11:48:19,532.31
2022-04-01 11:48:24,532.35
2022-04-01 11:48:29,532.48
2022-04-01 11:48:34,532.47
2022-04-01 11:48:39,532.56
2022-04-01 11:48:44,532.63
2022-04-01 11:48:49,532.69
2022-04-01 11:48:54,532.75
2022-04-01 11:48:59,540.8691128491519
2022-04-01 11:49:04,532.92
2022-04-01 11:49:09,532.98
2022-04-01 11:49:14,540.9942083093084
2022-04-01 11:49:19,533.07
2022-04-01 11:49:24,541.0755481974782
2022-04-01 11:49:29,533.27
2022-04-01 11:49:34,533.33
2022-04-01 11:49:39,533.43
2022-04-01 11:49:44,533.56
2022-04-01 11:49:49,533.55
2022-04-01 11:49:54,533.59
2022-04-01 11:49:59,533.72
2022-04-01 11:50:04,533.85
2022-04-01 11:50:09,533.85
2022-04-01 11:50:14,533.88
2022-04-01 11:50:19,534.01
2022-04-01 11:50:24,541.5274659842378
2022-04-01 11:50:29,534.1
2022-04-01 11:50:34,534.17
2022-04-01 11:50:39,534.3
2022-04-01 11:50:44,541.6637144029257
2022-04-01 11:50:49,534.45
2022-04-01 11:50:54,534.45
2022-04-01 11:50:59,534.58
2022-04-01 11:51:04,534.68
2022-04-01 11:51:09,541.8233893574976
2022-04-01 11:51:14,534.87
2022-04-01 11:51:19,534.97
2022-04-01 11:51:24,541.9133644628779
2022-04-01 11:51:29,535.13
2022-04-01 11:51:34,535.19
2022-04-01 11:51:39,535.32
2022-04-01 11:51:44,535.41
2022-04-01 11:51:49,535.54
2022-04-01 11:51:54,535.64
2022-04-01 11:51:59,535.64
2022-04-01 11:52:04,535.83
2022-04-01 11:52:09,542.1560509053254
2022-04-01 11:52:14,535.99
2022-04-01 11:52:19,536.12
2022-04-01 11:52:24,536.15
2022-04-01 11:52:29,542.2503413482369
2022-04-01 11:52:34,536.45
2022-04-01 11:52:39,536.51
2022-04-01 11:52:44,536.57
2022-04-01 11:52:49,536.67
2022-04-01 11:52:54,536.8
2022-04-01 11:52:59,536.86
2022-04-01 11:53:04,536.96
2022-04-01 11:53:09,537.09
2022-04-01 11:53:14,537.18
2022-04-01 11:53:19,537.25
2022-04-01 11:53:24,537.38
2022-04-01 11:53:29,537.44
2022-04-01 11:53:34,537.47
2022-04-01 11:53:39,537.6
2022-04-01 11:53:44,537.7
2022-04-01 11:53:49,542.539946821037
2022-04-01 11:53:54,537.89
2022-04-01 11:53:59,537.96
2022-04-01 11:54:04,538.06
2022-04-01 11:54:09,538.18
2022-04-01 11:54:14,538.18
2022-04-01 11:54:19,538.35
2022-04-01 11:54:24,538.41
2022-04-01 11:54:29,538.51
2022-04-01 11:54:34,538.57
2022-04-01 11:54:39,538.64
2022-04-01 11:54:44,538.7
2022-04-01 11:54:49,538.73
2022-04-01 11:54:54,538.87
2022-04-01 11:54:59,538.93
2022-04-01 11:55:04,539.03
2022-04-01 11:55:09,539.09
2022-04-01 11:55:14,539.16
2022-04-01 11:55:19,542.7056632450183
2022-04-01 11:55:24,539.22
2022-04-01 11:55:29,539.25
2022-04-01 11:55:34,539.39
2022-04-01 11:55:39,539.38
2022-04-01 11:55:44,539.45
2022-04-01 11:55:49,539.52
2022-04-01 11:55:54,539.51
2022-04-01 11:55:59,539.55
2022-04-01 11:56:04,539.61
2022-04-01 11:56:09,539.62
2022-04-01 11:56:14,539.68
2022-04-01 11:56:19,539.61
2022-04-01 11:56:24,539.74
2022-04-01 11:56:29,539.74
2022-04-01 11:56:34,539.68
2022-04-01 11:56:39,539.75
2022-04-01 11:56:44,539.68
2022-04-01 11:56:49,539.67
2022-04-01 11:56:54,539.61
2022-04-01 11:56:59,539.68
2022-04-01 11:57:04,539.55
2022-04-01 11:57:09,542.7071142389165
2022-04-01 11:57:14,539.52
2022-04-01 11:57:19,542.6974875910782
2022-04-01 11:57:24,539.33
2022-04-01 11:57:29,539.26
2022-04-01 11:57:34,539.23
2022-04-01 11:57:39,539.1
2022-04-01 11:57:44,539.03
2022-04-01 11:57:49,538.93
2022-04-01 11:57:54,538.87
2022-04-01 11:57:59,542.6442533233584
2022-04-01 11:58:04,538.71
2022-04-01 11:58:09,538.58
2022-04-01 11:58:14,538.48
2022-04-01 11:58:19,538.36
2022-04-01 11:58:24,538.29
2022-04-01 11:58:29,538.23
2022-04-01 11:58:34,538.07
2022-04-01 11:58:39,538.01
2022-04-01 11:58:44,537.97
2022-04-01 11:58:49,537.84
2022-04-01 11:58:54,537.77
2022-04-01 11:58:59,537.67
2022-04-01 11:59:04,537.61
2022-04-01 11:59:09,537.48
2022-04-01 11:59:14,537.38
2022-04-01 11:59:19,537.31
2022-04-01 11:59:24,537.24
2022-04-01 11:59:29,537.17
2022-04-01 11:59:34,537.14
2022-04-01 11:59:39,537.08
2022-04-01 11:59:44,537.02
2022-04-01 11:59:49,536.93
2022-04-01 11:59:54,536.8
2022-04-01 11:59:59,536.8
2022-04-01 12:00:04,536.72
2022-04-01 12:00:09,536.63
2022-04-01 12:00:14,536.56
2022-04-01 12:00:19,536.5
2022-04-01 12:00:24,536.43
2022-04-01 12:00:29,536.34
2022-04-01 12:00:34,536.21
2022-04-01 12:00:39,536.2
2022-04-01 12:00:44,536.11
2022-04-01 12:00:49,536.04
2022-04-01 12:00:54,535.98
2022-04-01 12:00:59,535.87
2022-04-01 12:01:04,542.1384959305559
2022-04-01 12:01:09,535.8
2022-04-01 12:01:14,535.74
2022-04-01 12:01:19,535.68
2022-04-01 12:01:24,535.61
2022-04-01 12:01:29,535.61
2022-04-01 12:01:34,542.02416063238
2022-04-01 12:01:39,535.51
2022-04-01 12:01:44,535.44
2022-04-01 12:01:49,541.9643560798589
2022-04-01 12:01:54,535.34
2022-04-01 12:01:59,535.28
2022-04-01 12:02:04,535.28
2022-04-01 12:02:09,535.21
2022-04-01 12:02:14,535.2
2022-04-01 12:02:19,535.14
2022-04-01 12:02:24,535.08
2022-04-01 12:02:29,535.08
2022-04-01 12:02:34,535.04
2022-04-01 12:02:39,534.98
2022-04-01 12:02:44,534.91
2022-04-01 12:02:49,541.7098273762466
2022-04-01 12:02:54,534.84
2022-04-01 12:02:59,534.85
2022-04-01 12:03:04,534.81
2022-04-01 12:03:09,534.75
2022-04-01 12:03:14,534.68
2022-04-01 12:03:19,534.75
2022-04-01 12:03:24,534.68
2022-04-01 12:03:29,534.75
2022-04-01 12:03:34,541.5055774655635
2022-04-01 12:03:39,534.68
2022-04-01 12:03:44,534.62
2022-04-01 12:03:49,534.62
2022-04-01 12:03:54,534.55
2022-04-01 12:03:59,534.62
2022-04-01 12:04:04,534.55
2022-04-01 12:04:09,534.55
2022-04-01 12:04:14,534.61
2022-04-01 12:04:19,534.61
2022-04-01 12:04:24,534.62
2022-04-01 12:04:29,534.61
2022-04-01 12:04:34,534.61
2022-04-01 12:04:39,534.61
2022-04-01 12:04:44,534.67
2022-04-01 12:04:49,534.61
2022-04-01 12:04:54,534.67
2022-04-01 12:04:59,534.74
2022-04-01 12:05:04,534.74
2022-04-01 12:05:09,534.74
2022-04-01 12:05:14,534.74
2022-04-01 12:05:19,534.83
2022-04-01 12:05:24,534.84
2022-04-01 12:05:29,534.84
2022-04-01 12:05:34,534.84
2022-04-01 12:05:39,534.9
2022-04-01 12:05:44,534.9
2022-04-01 12:05:49,534.96
2022-04-01 12:05:54,535.03
2022-04-01 12:05:59,540.8026520320949
2022-04-01 12:06:04,535.06
2022-04-01 12:06:09,540.7531432146538
2022-04-01 12:06:14,535.19
2022-04-01 12:06:19,535.19
2022-04-01 12:06:24,535.25
2022-04-01 12:06:29,535.25
2022-04-01 12:06:34,535.35
2022-04-01 12:06:39,535.35
2022-04-01 12:06:44,540.5802514663629
2022-04-01 12:06:49,535.41
2022-04-01 12:06:54,535.48
2022-04-01 12:06:59,540.5065563767578
2022-04-01 12:07:04,535.54
2022-04-01 12:07:09,535.58
2022-04-01 12:07:14,535.58
2022-04-01 12:07:19,535.64
2022-04-01 12:07:24,540.3846042242801
2022-04-01 12:07:29,535.7
2022-04-01 12:07:34,535.77
2022-04-01 12:07:39,535.77
2022-04-01 12:07:44,535.77
2022-04-01 12:07:49,535.87
2022-04-01 12:07:54,535.87
2022-04-01 12:07:59,535.87
2022-04-01 12:08:04,535.87
2022-04-01 12:08:09,535.87
2022-04-01 12:08:14,535.94
2022-04-01 12:08:19,535.94
2022-04-01 12:08:24,536.0
2022-04-01 12:08:29,536.07
2022-04-01 12:08:34,536.07
2022-04-01 12:08:39,536.07
2022-04-01 12:08:44,540.0031802360072
2022-04-01 12:08:49,536.07
2022-04-01 12:08:54,536.07
2022-04-01 12:08:59,536.07
2022-04-01 12:09:04,539.9101598972212
2022-04-01 12:09:09,539.8870630724568
2022-04-01 12:09:14,536.07
2022-04-01 12:09:19,536.07
2022-04-01 12:09:24,536.07
2022-04-01 12:09:29,539.7953298667669
2022-04-01 12:09:34,536.08
2022-04-01 12:09:39,536.11
2022-04-01 12:09:44,536.08
2022-04-01 12:09:49,536.01
2022-04-01 12:09:54,536.01
2022-04-01 12:09:59,536.02
2022-04-01 12:10:04,536.02
2022-04-01 12:10:09,535.95
2022-04-01 12:10:14,535.89
2022-04-01 12:10:19,535.89
2022-04-01 12:10:24,535.86
2022-04-01 12:10:29,535.85
2022-04-01 12:10:34,535.79
2022-04-01 12:10:39,535.73
2022-04-01 12:10:44,535.66
2022-04-01 12:10:49,535.6
2022-04-01 12:10:54,535.57
2022-04-01 12:10:59,535.6
2022-04-01 12:11:04,535.5
2022-04-01 12:11:09,535.5
2022-04-01 12:11:14,535.37
2022-04-01 12:11:19,535.37
2022-04-01 12:11:24,535.34
2022-04-01 12:11:29,535.28
2022-04-01 12:11:34,535.27
2022-04-01 12:11:39,535.14
2022-04-01 12:11:44,535.07
2022-04-01 12:11:49,535.07
2022-04-01 12:11:54,534.97
2022-04-01 12:11:59,534.97
2022-04-01 12:12:04,534.91
2022-04-01 12:12:09,534.85
2022-04-01 12:12:14,534.81
2022-04-01 12:12:19,534.75
2022-04-01 12:12:24,534.68
2022-04-01 12:12:29,539.0237313316519
2022-04-01 12:12:34,534.55
2022-04-01 12:12:39,534.55
2022-04-01 12:12:44,534.45
2022-04-01 12:12:49,534.45
2022-04-01 12:12:54,534.38
2022-04-01 12:12:59,534.31
2022-04-01 12:13:04,534.28
2022-04-01 12:13:09,534.21
2022-04-01 12:13:14,534.21
2022-04-01 12:13:19,538.8293386934247
2022-04-01 12:13:24,534.15
2022-04-01 12:13:29,534.07
2022-04-01 12:13:34,534.0
2022-04-01 12:13:39,533.97
2022-04-01 12:13:44,533.98
2022-04-01 12:13:49,538.7174484495285
2022-04-01 12:13:54,533.84
2022-04-01 12:13:59,533.78
2022-04-01 12:14:04,533.75
2022-04-01 12:14:09,533.75
2022-04-01 12:14:14,533.69
2022-04-01 12:14:19,533.63
2022-04-01 12:14:24,533.56
2022-04-01 12:14:29,533.56
2022-04-01 12:14:34,533.56
2022-04-01 12:14:39,533.48
2022-04-01 12:14:44,533.45
2022-04-01 12:14:49,533.45
2022-04-01 12:14:54,533.37
2022-04-01 12:14:59,533.38
2022-04-01 12:15:04,538.4544356434352
2022-04-01 12:15:09,533.31
2022-04-01 12:15:14,533.31
2022-04-01 12:15:19,533.24
2022-04-01 12:15:24,533.25
2022-04-01 12:15:29,533.21
2022-04-01 12:15:34,533.21
2022-04-01 12:15:39,533.21
2022-04-01 12:15:44,533.15
2022-04-01 12:15:49,533.21
2022-04-01 12:15:54,533.14
2022-04-01 12:15:59,533.14
2022-04-01 12:16:04,533.08
2022-04-01 12:16:09,533.08
2022-04-01 12:16:14,533.08
2022-04-01 12:16:19,533.14
2022-04-01 12:16:24,533.14
2022-04-01 12:16:29,533.14
2022-04-01 12:16:34,533.14
2022-04-01 12:16:39,533.14
2022-04-01 12:16:44,533.14
2022-04-01 12:16:49,533.21
2022-04-01 12:16:54,538.1159655318064
2022-04-01 12:16:59,533.2
2022-04-01 12:17:04,533.23
2022-04-01 12:17:09,533.2
2022-04-01 12:17:14,533.23
2022-04-01 12:17:19,533.23
2022-04-01 12:17:24,533.23
2022-04-01 12:17:29,533.3
2022-04-01 12:17:34,533.3
2022-04-01 12:17:39,533.42
2022-04-01 12:17:44,533.42
2022-04-01 12:17:49,533.42
2022-04-01 12:17:54,533.46
2022-04-01 12:17:59,533.52
2022-04-01 12:18:04,533.58
2022-04-01 12:18:09,533.59
2022-04-01 12:18:14,537.908890807861
2022-04-01 12:18:19,533.65
2022-04-01 12:18:24,537.8854891610539
2022-04-01 12:18:29,533.71
2022-04-01 12:18:34,537.8626579383009
2022-04-01 12:18:39,533.81
2022-04-01 12:18:44,533.97
2022-04-01 12:18:49,533.97
2022-04-01 12:18:54,537.8187292221717
2022-04-01 12:18:59,534.09
2022-04-01 12:19:04,534.16
2022-04-01 12:19:09,534.23
2022-04-01 12:19:14,534.26
2022-04-01 12:19:19,534.32
2022-04-01 12:19:24,534.39
2022-04-01 12:19:29,534.48
2022-04-01 12:19:34,537.7379639079257
2022-04-01 12:19:39,534.55
2022-04-01 12:19:44,537.7192828540556
2022-04-01 12:19:49,534.68
2022-04-01 12:19:54,534.68
2022-04-01 12:19:59,537.6924167873776
2022-04-01 12:20:04,534.77
2022-04-01 12:20:09,537.6752846065369
2022-04-01 12:20:14,534.91
2022-04-01 12:20:19,534.91
2022-04-01 12:20:24,534.97
2022-04-01 12:20:29,535.01
2022-04-01 12:20:34,535.07
2022-04-01 12:20:39,535.07
2022-04-01 12:20:44,535.14
2022-04-01 12:20:49,535.2
2022-04-01 12:20:54,535.26
2022-04-01 12:20:59,535.29
2022-04-01 12:21:04,535.36
2022-04-01 12:21:09,535.42
2022-04-01 12:21:14,535.42
2022-04-01 12:21:19,537.5732948349248
2022-04-01 12:21:24,535.59
2022-04-01 12:21:29,537.5613391867166
2022-04-01 12:21:34,537.5556027102807
2022-04-01 12:21:39,535.72
2022-04-01 12:21:44,535.72
2022-04-01 12:21:49,535.78
2022-04-01 12:21:54,535.82
2022-04-01 12:21:59,535.82
2022-04-01 12:22:04,535.88
2022-04-01 12:22:09,537.5198007012332
2022-04-01 12:22:14,535.95
2022-04-01 12:22:19,536.01
2022-04-01 12:22:24,536.05
2022-04-01 12:22:29,536.05
2022-04-01 12:22:34,536.11
2022-04-01 12:22:39,536.12
2022-04-01 12:22:44,536.11
2022-04-01 12:22:49,536.18
2022-04-01 12:22:54,536.25
2022-04-01 12:22:59,536.25
2022-04-01 12:23:04,536.31
2022-04-01 12:23:09,536.31
2022-04-01 12:23:14,536.32
2022-04-01 12:23:19,536.32
2022-04-01 12:23:24,537.4666777935499
2022-04-01 12:23:29,536.41
2022-04-01 12:23:34,536.35
2022-04-01 12:23:39,536.41
2022-04-01 12:23:44,536.48
2022-04-01 12:23:49,536.48
2022-04-01 12:23:54,536.55
2022-04-01 12:23:59,536.54
2022-04-01 12:24:04,536.58
2022-04-01 12:24:09,536.58
2022-04-01 12:24:14,537.4469690325875
2022-04-01 12:24:19,536.64
2022-04-01 12:24:24,536.64
2022-04-01 12:24:29,536.71
2022-04-01 12:24:34,536.78
2022-04-01 12:24:39,536.78
2022-04-01 12:24:44,536.84
2022-04-01 12:24:49,536.78
2022-04-01 12:24:54,536.84
2022-04-01 12:24:59,536.84
2022-04-01 12:25:04,536.84
2022-04-01 12:25:09,536.84
2022-04-01 12:25:14,536.84
2022-04-01 12:25:19,536.87
2022-04-01 12:25:24,536.87
2022-04-01 12:25:29,536.87
2022-04-01 12:25:34,536.87
2022-04-01 12:25:39,536.87
2022-04-01 12:25:44,536.87
2022-04-01 12:25:49,537.437566361822
2022-04-01 12:25:54,536.86
2022-04-01 12:25:59,536.93
2022-04-01 12:26:04,537.4388682812543
2022-04-01 12:26:09,536.93
2022-04-01 12:26:14,536.93
2022-04-01 12:26:19,536.93
2022-04-01 12:26:24,536.92
2022-04-01 12:26:29,536.91
2022-04-01 12:26:34,536.91
2022-04-01 12:26:39,536.92
2022-04-01 12:26:44,536.86
2022-04-01 12:26:49,537.4464261220528
2022-04-01 12:26:54,536.92
2022-04-01 12:26:59,537.4487660782041
2022-04-01 12:27:04,536.99
2022-04-01 12:27:09,536.92
2022-04-01 12:27:14,536.98
2022-04-01 12:27:19,536.98
2022-04-01 12:27:24,536.98
2022-04-01 12:27:29,537.04
2022-04-01 12:27:34,537.04
2022-04-01 12:27:39,537.04
2022-04-01 12:27:44,537.08
2022-04-01 12:27:49,537.07
2022-04-01 12:27:54,537.08
2022-04-01 12:27:59,537.4668015141325
2022-04-01 12:28:04,537.08
2022-04-01 12:28:09,537.14
2022-04-01 12:28:14,537.14
2022-04-01 12:28:19,537.14
2022-04-01 12:28:24,537.19
2022-04-01 12:28:29,537.19
2022-04-01 12:28:34,537.19
2022-04-01 12:28:39,537.26
2022-04-01 12:28:44,537.26
2022-04-01 12:28:49,537.26
2022-04-01 12:28:54,537.33
2022-04-01 12:28:59,537.26
2022-04-01 12:29:04,537.32
2022-04-01 12:29:09,537.35
2022-04-01 12:29:14,537.4957939247937
2022-04-01 12:29:19,537.35
2022-04-01 12:29:24,537.35
2022-04-01 12:29:29,537.35
2022-04-01 12:29:34,537.35
2022-04-01 12:29:39,537.5061825863472
2022-04-01 12:29:44,537.41
2022-04-01 12:29:49,537.41
2022-04-01 12:29:54,537.34
2022-04-01 12:29:59,537.5145200917467
2022-04-01 12:30:04,537.41
2022-04-01 12:30:09,537.41
2022-04-01 12:30:14,537.4
2022-04-01 12:30:19,537.4
2022-04-01 12:30:24,537.34
2022-04-01 12:30:29,537.4
2022-04-01 12:30:34,537.4
2022-04-01 12:30:39,537.4
2022-04-01 12:30:44,537.4
2022-04-01 12:30:49,537.4
2022-04-01 12:30:54,537.5366753237165
2022-04-01 12:30:59,537.46
2022-04-01 12:31:04,537.46
2022-04-01 12:31:09,537.5423159483879
2022-04-01 12:31:14,537.46
2022-04-01 12:31:19,537.5459373391492
2022-04-01 12:31:24,537.39
2022-04-01 12:31:29,537.46
2022-04-01 12:31:34,537.46
2022-04-01 12:31:39,537.4
2022-04-01 12:31:44,537.5544093321067
2022-04-01 12:31:49,537.4
2022-04-01 12:31:54,537.4
2022-04-01 12:31:59,537.4
2022-04-01 12:32:04,537.5604814628688
2022-04-01 12:32:09,537.39
2022-04-01 12:32:14,537.4
2022-04-01 12:32:19,537.5645557167935
2022-04-01 12:32:24,537.33
2022-04-01 12:32:29,537.5670189875386
2022-04-01 12:32:34,537.4
2022-04-01 12:32:39,537.4
2022-04-01 12:32:44,537.4
2022-04-01 12:32:49,537.4
2022-04-01 12:32:54,537.46
2022-04-01 12:32:59,537.39
2022-04-01 12:33:04,537.46
2022-04-01 12:33:09,537.46
2022-04-01 12:33:14,537.46
2022-04-01 12:33:19,537.4
2022-04-01 12:33:24,537.4
2022-04-01 12:33:29,537.4
2022-04-01 12:33:34,537.46
2022-04-01 12:33:39,537.46
2022-04-01 12:33:44,537.46
2022-04-01 12:33:49,537.53
2022-04-01 12:33:54,537.46
2022-04-01 12:33:59,537.47
2022-04-01 12:34:04,537.53
2022-04-01 12:34:09,537.53
2022-04-01 12:34:14,537.47
2022-04-01 12:34:19,537.53
2022-04-01 12:34:24,537.5764398091887
2022-04-01 12:34:29,537.56
2022-04-01 12:34:34,537.5752489223286
2022-04-01 12:34:39,537.56
2022-04-01 12:34:44,537.63
2022-04-01 12:34:49,537.5727456925637
2022-04-01 12:34:54,537.63
2022-04-01 12:34:59,537.63
2022-04-01 12:35:04,537.7
2022-04-01 12:35:09,537.7
2022-04-01 12:35:14,537.7
2022-04-01 12:35:19,537.63
2022-04-01 12:35:24,537.63
2022-04-01 12:35:29,537.7
2022-04-01 12:35:34,537.76
2022-04-01 12:35:39,537.76
2022-04-01 12:35:44,537.7
2022-04-01 12:35:49,537.76
2022-04-01 12:35:54,537.7
2022-04-01 12:35:59,537.7
2022-04-01 12:36:04,537.77
2022-04-01 12:36:09,537.77
2022-04-01 12:36:14,537.77
2022-04-01 12:36:19,537.77
2022-04-01 12:36:24,537.5347791277649
2022-04-01 12:36:29,537.84
2022-04-01 12:36:34,537.77
2022-04-01 12:36:39,537.84
2022-04-01 12:36:44,537.87
2022-04-01 12:36:49,537.88
2022-04-01 12:36:54,537.88
2022-04-01 12:36:59,537.94
2022-04-01 12:37:04,538.0
2022-04-01 12:37:09,538.01
2022-04-01 12:37:14,538.01
2022-04-01 12:37:19,538.08
2022-04-01 12:37:24,538.07
2022-04-01 12:37:29,537.4857182463993
2022-04-01 12:37:34,538.1
2022-04-01 12:37:39,538.07
2022-04-01 12:37:44,538.08
2022-04-01 12:37:49,538.11
2022-04-01 12:37:54,538.11
2022-04-01 12:37:59,538.11
2022-04-01 12:38:04,538.11
2022-04-01 12:38:09,538.1
2022-04-01 12:38:14,538.1
2022-04-01 12:38:19,538.1
2022-04-01 12:38:24,538.07
2022-04-01 12:38:29,538.1
2022-04-01 12:38:34,538.07
2022-04-01 12:38:39,537.411329391467
2022-04-01 12:38:44,538.1
2022-04-01 12:38:49,538.06
2022-04-01 12:38:54,538.06
2022-04-01 12:38:59,538.07
2022-04-01 12:39:04,538.07
2022-04-01 12:39:09,537.3724797817473
2022-04-01 12:39:14,538.07
2022-04-01 12:39:19,538.06
2022-04-01 12:39:24,538.0
2022-04-01 12:39:29,538.0
2022-04-01 12:39:34,538.0
2022-04-01 12:39:39,538.0
2022-04-01 12:39:44,537.3217924133298
2022-04-01 12:39:49,537.314076336826
2022-04-01 12:39:54,537.93
2022-04-01 12:39:59,537.86
2022-04-01 12:40:04,537.87
2022-04-01 12:40:09,537.86
2022-04-01 12:40:14,537.83
2022-04-01 12:40:19,537.2652672765586
2022-04-01 12:40:24,537.82
2022-04-01 12:40:29,537.82
2022-04-01 12:40:34,537.82
2022-04-01 12:40:39,537.2303209368941
2022-04-01 12:40:44,537.76
2022-04-01 12:40:49,537.76
2022-04-01 12:40:54,537.7
2022-04-01 12:40:59,537.193434756946
2022-04-01 12:41:04,537.69
2022-04-01 12:41:09,537.69
2022-04-01 12:41:14,537.69
2022-04-01 12:41:19,537.62
2022-04-01 12:41:24,537.55
2022-04-01 12:41:29,537.1344415351894
2022-04-01 12:41:34,537.52
2022-04-01 12:41:39,537.52
2022-04-01 12:41:44,537.52
2022-04-01 12:41:49,537.45
2022-04-01 12:41:54,537.39
2022-04-01 12:41:59,537.39
2022-04-01 12:42:04,537.0600098492088
2022-04-01 12:42:09,537.0488803262967
2022-04-01 12:42:14,537.32
2022-04-01 12:42:19,537.32
2022-04-01 12:42:24,537.29
2022-04-01 12:42:29,537.29
2022-04-01 12:42:34,537.28
2022-04-01 12:42:39,537.21
2022-04-01 12:42:44,537.2
2022-04-01 12:42:49,537.14
2022-04-01 12:42:54,537.14
2022-04-01 12:42:59,537.15
2022-04-01 12:43:04,537.08
2022-04-01 12:43:09,536.9055464035308
2022-04-01 12:43:14,537.15
2022-04-01 12:43:19,537.15
2022-04-01 12:43:24,537.15
2022-04-01 12:43:29,537.15
2022-04-01 12:43:34,537.08
2022-04-01 12:43:39,537.15
2022-04-01 12:43:44,536.813512459458
2022-04-01 12:43:49,537.28
2022-04-01 12:43:54,537.21
2022-04-01 12:43:59,537.27
2022-04-01 12:44:04,537.27
2022-04-01 12:44:09,537.27
2022-04-01 12:44:14,537.3
2022-04-01 12:44:19,537.3
2022-04-01 12:44:24,537.36
2022-04-01 12:44:29,537.37
2022-04-01 12:44:34,537.43
2022-04-01 12:44:39,537.49
2022-04-01 12:44:44,537.5
2022-04-01 12:44:49,537.53
2022-04-01 12:44:54,537.53
2022-04-01 12:44:59,537.59
2022-04-01 12:45:04,537.59
2022-04-01 12:45:09,537.72
2022-04-01 12:45:14,537.72
2022-04-01 12:45:19,537.72
2022-04-01 12:45:24,537.78
2022-04-01 12:45:29,537.82
2022-04-01 12:45:34,537.82
2022-04-01 12:45:39,537.88
2022-04-01 12:45:44,537.88
2022-04-01 12:45:49,537.94
2022-04-01 12:45:54,537.95
2022-04-01 12:45:59,537.94
2022-04-01 12:46:04,538.04
2022-04-01 12:46:09,538.04
2022-04-01 12:46:14,538.1
2022-04-01 12:46:19,536.329458599019
2022-04-01 12:46:24,538.17
2022-04-01 12:46:29,538.24
2022-04-01 12:46:34,538.24
2022-04-01 12:46:39,538.24
2022-04-01 12:46:44,538.33
2022-04-01 12:46:49,538.33
2022-04-01 12:46:54,538.33
2022-04-01 12:46:59,538.4
2022-04-01 12:47:04,538.46
2022-04-01 12:47:09,538.39
2022-04-01 12:47:14,538.46
2022-04-01 12:47:19,538.46
2022-04-01 12:47:24,538.46
2022-04-01 12:47:29,538.46
2022-04-01 12:47:34,538.53
2022-04-01 12:47:39,538.46
2022-04-01 12:47:44,538.53
2022-04-01 12:47:49,538.53
2022-04-01 12:47:54,538.46
2022-04-01 12:47:59,538.46
2022-04-01 12:48:04,538.46
2022-04-01 12:48:09,538.46
2022-04-01 12:48:14,538.4
2022-04-01 12:48:19,538.4
2022-04-01 12:48:24,538.47
2022-04-01 12:48:29,538.4
2022-04-01 12:48:34,538.4
2022-04-01 12:48:39,538.34
2022-04-01 12:48:44,535.7599616951591
2022-04-01 12:48:49,538.34
2022-04-01 12:48:54,538.34
2022-04-01 12:48:59,538.31
2022-04-01 12:49:04,538.31
2022-04-01 12:49:09,538.25
2022-04-01 12:49:14,538.25
2022-04-01 12:49:19,538.25
2022-04-01 12:49:24,538.25
2022-04-01 12:49:29,538.25
2022-04-01 12:49:34,538.19
2022-04-01 12:49:39,538.13
2022-04-01 12:49:44,538.13
2022-04-01 12:49:49,538.13
2022-04-01 12:49:54,538.13
2022-04-01 12:49:59,538.13
2022-04-01 12:50:04,538.13
2022-04-01 12:50:09,538.07
2022-04-01 12:50:14,538.04
2022-04-01 12:50:19,535.3241349941599
2022-04-01 12:50:24,538.07
2022-04-01 12:50:29,538.04
2022-04-01 12:50:34,538.04
2022-04-01 12:50:39,537.98
2022-04-01 12:50:44,538.04
2022-04-01 12:50:49,535.1774646013056
2022-04-01 12:50:54,537.91
2022-04-01 12:50:59,537.92
2022-04-01 12:51:04,537.92
2022-04-01 12:51:09,537.85
2022-04-01 12:51:14,535.0526670500135
2022-04-01 12:51:19,537.91
2022-04-01 12:51:24,537.85
2022-04-01 12:51:29,534.9768224751888
2022-04-01 12:51:34,537.82
2022-04-01 12:51:39,534.9259034488954
2022-04-01 12:51:44,537.82
2022-04-01 12:51:49,537.76
2022-04-01 12:51:54,537.76
2022-04-01 12:51:59,537.76
2022-04-01 12:52:04,537.69
2022-04-01 12:52:09,537.69
2022-04-01 12:52:14,537.7
2022-04-01 12:52:19,534.7198635686543
2022-04-01 12:52:24,537.76
2022-04-01 12:52:29,534.6678743554919
2022-04-01 12:52:34,537.7
2022-04-01 12:52:39,537.69
2022-04-01 12:52:44,537.69
2022-04-01 12:52:49,537.57
2022-04-01 12:52:54,537.57
2022-04-01 12:52:59,537.63
2022-04-01 12:53:04,537.56
2022-04-01 12:53:09,537.56
2022-04-01 12:53:14,537.56
2022-04-01 12:53:19,537.56
2022-04-01 12:53:24,537.55
2022-04-01 12:53:29,537.52
2022-04-01 12:53:34,537.53
2022-04-01 12:53:39,537.52
2022-04-01 12:53:44,537.46
2022-04-01 12:53:49,534.2485446102711
2022-04-01 12:53:54,537.33
2022-04-01 12:53:59,537.33
2022-04-01 12:54:04,537.33
2022-04-01 12:54:09,537.32
2022-04-01 12:54:14,537.31
2022-04-01 12:54:19,537.22
2022-04-01 12:54:24,537.21
2022-04-01 12:54:29,537.15
2022-04-01 12:54:34,537.22
2022-04-01 12:54:39,537.09
2022-04-01 12:54:44,537.09
2022-04-01 12:54:49,537.1
2022-04-01 12:54:54,537.03
2022-04-01 12:54:59,533.882904595551
2022-04-01 12:55:04,537.03
2022-04-01 12:55:09,537.03
2022-04-01 12:55:14,537.0
2022-04-01 12:55:19,536.99
2022-04-01 12:55:24,536.99
2022-04-01 12:55:29,536.92
2022-04-01 12:55:34,536.98
2022-04-01 12:55:39,536.92
2022-04-01 12:55:44,536.92
2022-04-01 12:55:49,536.92
2022-04-01 12:55:54,536.85
2022-04-01 12:55:59,536.85
2022-04-01 12:56:04,536.85
2022-04-01 12:56:09,536.85
2022-04-01 12:56:14,536.85
2022-04-01 12:56:19,533.4767621968695
2022-04-01 12:56:24,533.4520390779236
2022-04-01 12:56:29,536.78
2022-04-01 12:56:34,536.84
2022-04-01 12:56:39,533.3784478553775
2022-04-01 12:56:44,536.75
2022-04-01 12:56:49,536.78
2022-04-01 12:56:54,533.3057824771184
2022-04-01 12:56:59,536.78
2022-04-01 12:57:04,536.75
2022-04-01 12:57:09,536.74
2022-04-01 12:57:14,536.74
2022-04-01 12:57:19,536.78
2022-04-01 12:57:24,536.74
2022-04-01 12:57:29,536.74
2022-04-01 12:57:34,536.74
2022-04-01 12:57:39,533.0940953875511
2022-04-01 12:57:44,536.68
2022-04-01 12:57:49,536.68
2022-04-01 12:57:54,533.0258873659282
2022-04-01 12:57:59,533.0034371540387
2022-04-01 12:58:04,536.68
2022-04-01 12:58:09,536.61
2022-04-01 12:58:14,532.9369829995568
2022-04-01 12:58:19,536.61
2022-04-01 12:58:24,536.68
2022-04-01 12:58:29,536.61
2022-04-01 12:58:34,536.74
2022-04-01 12:58:39,536.68
2022-04-01 12:58:44,536.74
2022-04-01 12:58:49,536.74
2022-04-01 12:58:54,532.766837599235
2022-04-01 12:58:59,536.74
2022-04-01 12:59:04,536.74
2022-04-01 12:59:09,536.77
2022-04-01 12:59:14,536.77
2022-04-01 12:59:19,536.77
2022-04-01 12:59:24,536.77
2022-04-01 12:59:29,536.77
2022-04-01 12:59:34,536.77
2022-04-01 12:59:39,536.77
2022-04-01 12:59:44,536.83
2022-04-01 12:59:49,536.77
2022-04-01 12:59:54,536.77
2022-04-01 12:59:59,536.83
2022-04-01 13:00:04,536.83
2022-04-01 13:00:09,536.77
2022-04-01 13:00:14,536.83
2022-04-01 13:00:19,536.77
2022-04-01 13:00:24,536.83
2022-04-01 13:00:29,536.84
2022-04-01 13:00:34,536.77
2022-04-01 13:00:39,536.74
2022-04-01 13:00:44,536.74
2022-04-01 13:00:49,536.68
2022-04-01 13:00:54,532.330575974238
2022-04-01 13:00:59,532.3151969145435
2022-04-01 13:01:04,536.68
2022-04-01 13:01:09,536.61
2022-04-01 13:01:14,536.61
2022-04-01 13:01:19,536.55
2022-04-01 13:01:24,536.55
2022-04-01 13:01:29,536.55
2022-04-01 13:01:34,532.2146461862645
2022-04-01 13:01:39,536.48
2022-04-01 13:01:44,536.45
2022-04-01 13:01:49,536.45
2022-04-01 13:01:54,536.45
2022-04-01 13:01:59,536.39
2022-04-01 13:02:04,536.39
2022-04-01 13:02:09,536.39
2022-04-01 13:02:14,536.33
2022-04-01 13:02:19,532.1047700841851
2022-04-01 13:02:24,536.33
2022-04-01 13:02:29,536.33
2022-04-01 13:02:34,536.24
2022-04-01 13:02:39,536.27
2022-04-01 13:02:44,536.24
2022-04-01 13:02:49,536.24
2022-04-01 13:02:54,536.17
2022-04-01 13:02:59,532.0269470056593
2022-04-01 13:03:04,536.11
2022-04-01 13:03:09,536.04
2022-04-01 13:03:14,532.0028857540428
2022-04-01 13:03:19,536.05
2022-04-01 13:03:24,535.98
2022-04-01 13:03:29,535.98
2022-04-01 13:03:34,535.99
2022-04-01 13:03:39,535.96
2022-04-01 13:03:44,535.96
2022-04-01 13:03:49,535.96
2022-04-01 13:03:54,535.96
2022-04-01 13:03:59,535.96
2022-04-01 13:04:04,535.9
2022-04-01 13:04:09,535.84
2022-04-01 13:04:14,535.9
2022-04-01 13:04:19,535.9
2022-04-01 13:04:24,535.84
2022-04-01 13:04:29,535.84
2022-04-01 13:04:34,535.77
2022-04-01 13:04:39,535.74
2022-04-01 13:04:44,535.75
2022-04-01 13:04:49,535.74
2022-04-01 13:04:54,535.75
2022-04-01 13:04:59,535.68
2022-04-01 13:05:04,535.62
2022-04-01 13:05:09,535.62
2022-04-01 13:05:14,535.55
2022-04-01 13:05:19,535.55
2022-04-01 13:05:24,535.55
2022-04-01 13:05:29,535.49
2022-04-01 13:05:34,535.45
2022-04-01 13:05:39,535.45
2022-04-01 13:05:44,535.45
2022-04-01 13:05:49,535.45
2022-04-01 13:05:54,535.38
2022-04-01 13:05:59,535.38
2022-04-01 13:06:04,535.38
2022-04-01 13:06:09,535.32
2022-04-01 13:06:14,535.32
2022-04-01 13:06:19,535.32
2022-04-01 13:06:24,535.32
2022-04-01 13:06:29,535.32
2022-04-01 13:06:34,535.26
2022-04-01 13:06:39,535.22
2022-04-01 13:06:44,535.23
2022-04-01 13:06:49,535.22
2022-04-01 13:06:54,535.15
2022-04-01 13:06:59,535.21
2022-04-01 13:07:04,531.9635392618832
2022-04-01 13:07:09,535.09
2022-04-01 13:07:14,535.09
2022-04-01 13:07:19,535.03
2022-04-01 13:07:24,535.03
2022-04-01 13:07:29,535.03
2022-04-01 13:07:34,534.96
2022-04-01 13:07:39,534.96
2022-04-01 13:07:44,534.85
2022-04-01 13:07:49,534.86
2022-04-01 13:07:54,534.85
2022-04-01 13:07:59,532.0270162889991
2022-04-01 13:08:04,534.78
2022-04-01 13:08:09,534.79
2022-04-01 13:08:14,534.72
2022-04-01 13:08:19,534.69
2022-04-01 13:08:24,534.68
2022-04-01 13:08:29,532.0701729148195
2022-04-01 13:08:34,534.54
2022-04-01 13:08:39,534.48
2022-04-01 13:08:44,534.48
2022-04-01 13:08:49,534.41
2022-04-01 13:08:54,534.37
2022-04-01 13:08:59,534.37
2022-04-01 13:09:04,534.31
2022-04-01 13:09:09,534.24
2022-04-01 13:09:14,534.18
2022-04-01 13:09:19,534.18
2022-04-01 13:09:24,532.1622276184996
2022-04-01 13:09:29,534.15
2022-04-01 13:09:34,534.02
2022-04-01 13:09:39,534.02
2022-04-01 13:09:44,534.02
2022-04-01 13:09:49,533.95
2022-04-01 13:09:54,533.96
2022-04-01 13:09:59,533.86
2022-04-01 13:10:04,533.86
2022-04-01 13:10:09,533.86
2022-04-01 13:10:14,532.2575049835906
2022-04-01 13:10:19,533.86
2022-04-01 13:10:24,533.8
2022-04-01 13:10:29,532.2877565491092
2022-04-01 13:10:34,533.73
2022-04-01 13:10:39,533.73
2022-04-01 13:10:44,533.73
2022-04-01 13:10:49,532.3290434701597
2022-04-01 13:10:54,532.3395144142523
2022-04-01 13:10:59,533.73
2022-04-01 13:11:04,533.73
2022-04-01 13:11:09,533.79
2022-04-01 13:11:14,533.79
2022-04-01 13:11:19,533.79
2022-04-01 13:11:24,533.86
2022-04-01 13:11:29,533.86
2022-04-01 13:11:34,533.85
2022-04-01 13:11:39,533.89
2022-04-01 13:11:44,533.89
2022-04-01 13:11:49,533.95
2022-04-01 13:11:54,532.4684490071808
2022-04-01 13:11:59,532.4793729907942
2022-04-01 13:12:04,534.08
2022-04-01 13:12:09,534.08
2022-04-01 13:12:14,534.14
2022-04-01 13:12:19,532.5231690538068
2022-04-01 13:12:24,534.24
2022-04-01 13:12:29,532.5450836988564
2022-04-01 13:12:34,534.31
2022-04-01 13:12:39,534.37
2022-04-01 13:12:44,532.5779065811593
2022-04-01 13:12:49,534.46
2022-04-01 13:12:54,534.53
2022-04-01 13:12:59,534.59
2022-04-01 13:13:04,534.59
2022-04-01 13:13:09,534.66
2022-04-01 13:13:14,534.69
2022-04-01 13:13:19,532.653829606015
2022-04-01 13:13:24,534.82
2022-04-01 13:13:29,534.88
2022-04-01 13:13:34,534.92
2022-04-01 13:13:39,534.98
2022-04-01 13:13:44,535.05
2022-04-01 13:13:49,535.11
2022-04-01 13:13:54,535.18
2022-04-01 13:13:59,535.27
2022-04-01 13:14:04,535.27
2022-04-01 13:14:09,535.4
2022-04-01 13:14:14,535.44
2022-04-01 13:14:19,535.57
2022-04-01 13:14:24,535.57
2022-04-01 13:14:29,535.63
2022-04-01 13:14:34,535.7
2022-04-01 13:14:39,535.73
2022-04-01 13:14:44,535.79
2022-04-01 13:14:49,535.86
2022-04-01 13:14:54,535.92
2022-04-01 13:14:59,536.02
2022-04-01 13:15:04,536.09
2022-04-01 13:15:09,536.22
2022-04-01 13:15:14,536.25
2022-04-01 13:15:19,536.38
2022-04-01 13:15:24,536.38
2022-04-01 13:15:29,536.44
2022-04-01 13:15:34,536.61
2022-04-01 13:15:39,536.74
2022-04-01 13:15:44,536.77
2022-04-01 13:15:49,536.83
2022-04-01 13:15:54,536.9
2022-04-01 13:15:59,537.06
2022-04-01 13:16:04,537.06
2022-04-01 13:16:09,537.12
2022-04-01 13:16:14,537.26
2022-04-01 13:16:19,537.29
2022-04-01 13:16:24,537.48
2022-04-01 13:16:29,537.51
2022-04-01 13:16:34,537.64
2022-04-01 13:16:39,537.71
2022-04-01 13:16:44,537.87
2022-04-01 13:16:49,537.94
2022-04-01 13:16:54,538.01
2022-04-01 13:16:59,538.1
2022-04-01 13:17:04,533.0531272027359
2022-04-01 13:17:09,533.0589937756172
2022-04-01 13:17:14,533.0646809842765
2022-04-01 13:17:19,538.46
2022-04-01 13:17:24,538.56
2022-04-01 13:17:29,538.69
2022-04-01 13:17:34,538.82
2022-04-01 13:17:39,538.92
2022-04-01 13:17:44,538.98
2022-04-01 13:17:49,539.08
2022-04-01 13:17:54,539.21
2022-04-01 13:17:59,539.34
2022-04-01 13:18:04,539.5
2022-04-01 13:18:09,539.56
2022-04-01 13:18:14,539.66
2022-04-01 13:18:19,539.79
2022-04-01 13:18:24,539.89
2022-04-01 13:18:29,539.95
2022-04-01 13:18:34,540.11
2022-04-01 13:18:39,540.24
2022-04-01 13:18:44,540.31
2022-04-01 13:18:49,540.47
2022-04-01 13:18:54,540.53
2022-04-01 13:18:59,540.63
2022-04-01 13:19:04,540.76
2022-04-01 13:19:09,533.1430068191102
2022-04-01 13:19:14,540.89
2022-04-01 13:19:19,540.98
2022-04-01 13:19:24,541.11
2022-04-01 13:19:29,541.12
2022-04-01 13:19:34,541.15
2022-04-01 13:19:39,541.27
2022-04-01 13:19:44,541.34
2022-04-01 13:19:49,541.4
2022-04-01 13:19:54,533.1465251293524
2022-04-01 13:19:59,541.56
2022-04-01 13:20:04,541.62
2022-04-01 13:20:09,541.66
2022-04-01 13:20:14,541.72
2022-04-01 13:20:19,541.85
2022-04-01 13:20:24,541.85
2022-04-01 13:20:29,541.92
2022-04-01 13:20:34,533.1371752979163
2022-04-01 13:20:39,542.01
2022-04-01 13:20:44,542.07
2022-04-01 13:20:49,542.13
2022-04-01 13:20:54,542.13
2022-04-01 13:20:59,542.16
2022-04-01 13:21:04,542.22
2022-04-01 13:21:09,542.28
2022-04-01 13:21:14,542.28
2022-04-01 13:21:19,542.35
2022-04-01 13:21:24,542.42
2022-04-01 13:21:29,542.45
2022-04-01 13:21:34,542.45
2022-04-01 13:21:39,542.45
2022-04-01 13:21:44,542.5
2022-04-01 13:21:49,542.5
2022-04-01 13:21:54,542.57
2022-04-01 13:21:59,542.57
2022-04-01 13:22:04,542.57
2022-04-01 13:22:09,542.56
2022-04-01 13:22:14,542.62
2022-04-01 13:22:19,542.62
2022-04-01 13:22:24,542.62
2022-04-01 13:22:29,542.65
2022-04-01 13:22:34,542.62
2022-04-01 13:22:39,542.62
2022-04-01 13:22:44,542.65
2022-04-01 13:22:49,533.0215205531366
2022-04-01 13:22:54,542.65
2022-04-01 13:22:59,542.65
2022-04-01 13:23:04,542.66
2022-04-01 13:23:09,542.65
2022-04-01 13:23:14,532.9862640905935
2022-04-01 13:23:19,542.62
2022-04-01 13:23:24,542.62
2022-04-01 13:23:29,542.62
2022-04-01 13:23:34,542.55
2022-04-01 13:23:39,542.49
2022-04-01 13:23:44,542.49
2022-04-01 13:23:49,542.42
2022-04-01 13:23:54,542.42
2022-04-01 13:23:59,542.39
2022-04-01 13:24:04,542.26
2022-04-01 13:24:09,542.26
2022-04-01 13:24:14,542.26
2022-04-01 13:24:19,542.19
2022-04-01 13:24:24,542.1
2022-04-01 13:24:29,542.1
2022-04-01 13:24:34,542.03
2022-04-01 13:24:39,541.97
2022-04-01 13:24:44,541.9
2022-04-01 13:24:49,541.87
2022-04-01 13:24:54,541.81
2022-04-01 13:24:59,541.74
2022-04-01 13:25:04,541.68
2022-04-01 13:25:09,541.52
2022-04-01 13:25:14,541.52
2022-04-01 13:25:19,541.45
2022-04-01 13:25:24,532.7361392574227
2022-04-01 13:25:29,541.39
2022-04-01 13:25:34,541.36
2022-04-01 13:25:39,541.23
2022-04-01 13:25:44,532.6879769614295
2022-04-01 13:25:49,541.1
2022-04-01 13:25:54,541.07
2022-04-01 13:25:59,541.0
2022-04-01 13:26:04,540.87
2022-04-01 13:26:09,540.84
2022-04-01 13:26:14,540.78
2022-04-01 13:26:19,540.71
2022-04-01 13:26:24,540.71
2022-04-01 13:26:29,540.58
2022-04-01 13:26:34,540.55
2022-04-01 13:26:39,540.42
2022-04-01 13:26:44,540.42
2022-04-01 13:26:49,540.36
2022-04-01 13:26:54,540.33
2022-04-01 13:26:59,532.4851763826314
2022-04-01 13:27:04,540.2
2022-04-01 13:27:09,540.07
2022-04-01 13:27:14,540.04
2022-04-01 13:27:19,540.04
2022-04-01 13:27:24,539.98
2022-04-01 13:27:29,539.91
2022-04-01 13:27:34,539.85
2022-04-01 13:27:39,539.81
2022-04-01 13:27:44,539.69
2022-04-01 13:27:49,539.69
2022-04-01 13:27:54,539.69
2022-04-01 13:27:59,532.2983350269694
2022-04-01 13:28:04,539.56
2022-04-01 13:28:09,539.53
2022-04-01 13:28:14,532.2482922888007
2022-04-01 13:28:19,539.4
2022-04-01 13:28:24,532.2142005572514
2022-04-01 13:28:29,539.34
2022-04-01 13:28:34,539.24
2022-04-01 13:28:39,539.18
2022-04-01 13:28:44,539.11
2022-04-01 13:28:49,539.05
2022-04-01 13:28:54,539.05
2022-04-01 13:28:59,539.02
2022-04-01 13:29:04,538.96
2022-04-01 13:29:09,538.9
2022-04-01 13:29:14,538.83
2022-04-01 13:29:19,538.8
2022-04-01 13:29:24,538.74
2022-04-01 13:29:29,538.67
2022-04-01 13:29:34,538.61
2022-04-01 13:29:39,538.55
2022-04-01 13:29:44,538.55
2022-04-01 13:29:49,531.9012890832018
2022-04-01 13:29:54,538.52
2022-04-01 13:29:59,538.46
2022-04-01 13:30:04,538.39
2022-04-01 13:30:09,538.33
2022-04-01 13:30:14,538.33
2022-04-01 13:30:19,538.3
2022-04-01 13:30:24,538.24
2022-04-01 13:30:29,538.24
2022-04-01 13:30:34,538.24
2022-04-01 13:30:39,538.24
2022-04-01 13:30:44,538.18
2022-04-01 13:30:49,538.18
2022-04-01 13:30:54,538.11
2022-04-01 13:30:59,531.6134115209273
2022-04-01 13:31:04,538.05
2022-04-01 13:31:09,538.05
2022-04-01 13:31:14,538.05
2022-04-01 13:31:19,538.05
2022-04-01 13:31:24,538.02
2022-04-01 13:31:29,538.05
2022-04-01 13:31:34,538.02
2022-04-01 13:31:39,537.96
2022-04-01 13:31:44,538.02
2022-04-01 13:31:49,531.3917103191229
2022-04-01 13:31:54,538.02
2022-04-01 13:31:59,538.02
2022-04-01 13:32:04,538.02
2022-04-01 13:32:09,531.2994393237469
2022-04-01 13:32:14,537.95
2022-04-01 13:32:19,537.96
2022-04-01 13:32:24,531.2289914713508
2022-04-01 13:32:29,537.96
2022-04-01 13:32:34,537.96
2022-04-01 13:32:39,537.95
2022-04-01 13:32:44,537.95
2022-04-01 13:32:49,537.95
2022-04-01 13:32:54,537.96
2022-04-01 13:32:59,537.96
2022-04-01 13:33:04,537.89
2022-04-01 13:33:09,537.96
2022-04-01 13:33:14,537.89
2022-04-01 13:33:19,537.89
2022-04-01 13:33:24,530.9376941679736
2022-04-01 13:33:29,537.83
2022-04-01 13:33:34,537.8
2022-04-01 13:33:39,537.79
2022-04-01 13:33:44,537.73
2022-04-01 13:33:49,537.72
2022-04-01 13:33:54,537.72
2022-04-01 13:33:59,537.66
2022-04-01 13:34:04,530.7362967899012
2022-04-01 13:34:09,537.65
2022-04-01 13:34:14,537.58
2022-04-01 13:34:19,537.58
2022-04-01 13:34:24,537.58
2022-04-01 13:34:29,537.51
2022-04-01 13:34:34,537.48
2022-04-01 13:34:39,537.5
2022-04-01 13:34:44,537.47
2022-04-01 13:34:49,537.47
2022-04-01 13:34:54,537.47
2022-04-01 13:34:59,537.41
2022-04-01 13:35:04,530.4260117139484
2022-04-01 13:35:09,537.35
2022-04-01 13:35:14,537.34
2022-04-01 13:35:19,537.28
2022-04-01 13:35:24,537.29
2022-04-01 13:35:29,537.25
2022-04-01 13:35:34,537.24
2022-04-01 13:35:39,537.25
2022-04-01 13:35:44,537.25
2022-04-01 13:35:49,537.25
2022-04-01 13:35:54,537.24
2022-04-01 13:35:59,537.18
2022-04-01 13:36:04,537.18
2022-04-01 13:36:09,537.18
2022-04-01 13:36:14,537.12
2022-04-01 13:36:19,537.11
2022-04-01 13:36:24,530.002492614765
2022-04-01 13:36:29,537.11
2022-04-01 13:36:34,537.11
2022-04-01 13:36:39,537.11
2022-04-01 13:36:44,537.04
2022-04-01 13:36:49,536.97
2022-04-01 13:36:54,536.97
2022-04-01 13:36:59,537.04
2022-04-01 13:37:04,536.98
2022-04-01 13:37:09,536.98
2022-04-01 13:37:14,536.97
2022-04-01 13:37:19,536.97
2022-04-01 13:37:24,536.94
2022-04-01 13:37:29,536.94
2022-04-01 13:37:34,536.94
2022-04-01 13:37:39,536.88
2022-04-01 13:37:44,536.87
2022-04-01 13:37:49,536.87
2022-04-01 13:37:54,536.87
2022-04-01 13:37:59,536.81
2022-04-01 13:38:04,536.81
2022-04-01 13:38:09,536.81
2022-04-01 13:38:14,536.81
2022-04-01 13:38:19,536.75
2022-04-01 13:38:24,536.74
2022-04-01 13:38:29,536.71
2022-04-01 13:38:34,536.71
2022-04-01 13:38:39,536.71
2022-04-01 13:38:44,529.257812911668
2022-04-01 13:38:49,536.65
2022-04-01 13:38:54,536.65
2022-04-01 13:38:59,536.65
2022-04-01 13:39:04,536.65
2022-04-01 13:39:09,536.65
2022-04-01 13:39:14,529.1011217012727
2022-04-01 13:39:19,536.58
2022-04-01 13:39:24,536.52
2022-04-01 13:39:29,536.52
2022-04-01 13:39:34,528.9977427047419
2022-04-01 13:39:39,536.45
2022-04-01 13:39:44,536.45
2022-04-01 13:39:49,536.42
2022-04-01 13:39:54,536.36
2022-04-01 13:39:59,536.42
2022-04-01 13:40:04,536.42
2022-04-01 13:40:09,536.29
2022-04-01 13:40:14,536.3
2022-04-01 13:40:19,536.3
2022-04-01 13:40:24,536.2
2022-04-01 13:40:29,536.2
2022-04-01 13:40:34,536.2
2022-04-01 13:40:39,536.14
2022-04-01 13:40:44,528.6447868043728
2022-04-01 13:40:49,536.07
2022-04-01 13:40:54,536.01
2022-04-01 13:40:59,535.94
2022-04-01 13:41:04,535.94
2022-04-01 13:41:09,535.91
2022-04-01 13:41:14,535.91
2022-04-01 13:41:19,535.85
2022-04-01 13:41:24,535.85
2022-04-01 13:41:29,535.85
2022-04-01 13:41:34,535.79
2022-04-01 13:41:39,535.79
2022-04-01 13:41:44,535.72
2022-04-01 13:41:49,535.73
2022-04-01 13:41:54,528.3098921953017
2022-04-01 13:41:59,535.69
2022-04-01 13:42:04,535.63
2022-04-01 13:42:09,535.63
2022-04-01 13:42:14,535.63
2022-04-01 13:42:19,535.57
2022-04-01 13:42:24,535.57
2022-04-01 13:42:29,528.1509662068902
2022-04-01 13:42:34,535.5
2022-04-01 13:42:39,535.5
2022-04-01 13:42:44,535.51
2022-04-01 13:42:49,535.51
2022-04-01 13:42:54,535.44
2022-04-01 13:42:59,528.01998108951
2022-04-01 13:43:04,535.45
2022-04-01 13:43:09,535.41
2022-04-01 13:43:14,535.45
2022-04-01 13:43:19,527.9355744722276
2022-04-01 13:43:24,535.42
2022-04-01 13:43:29,535.45
2022-04-01 13:43:34,535.45
2022-04-01 13:43:39,535.46
2022-04-01 13:43:44,535.46
2022-04-01 13:43:49,535.46
2022-04-01 13:43:54,535.46
2022-04-01 13:43:59,535.46
2022-04-01 13:44:04,535.46
2022-04-01 13:44:09,535.46
2022-04-01 13:44:14,535.53
2022-04-01 13:44:19,535.46
2022-04-01 13:44:24,535.53
2022-04-01 13:44:29,535.53
2022-04-01 13:44:34,535.53
2022-04-01 13:44:39,535.53
2022-04-01 13:44:44,535.53
2022-04-01 13:44:49,535.59
2022-04-01 13:44:54,535.59
2022-04-01 13:44:59,535.6
2022-04-01 13:45:04,535.66
2022-04-01 13:45:09,527.5192681515381
2022-04-01 13:45:14,535.66
2022-04-01 13:45:19,535.66
2022-04-01 13:45:24,527.4695227362699
2022-04-01 13:45:29,535.73
2022-04-01 13:45:34,535.76
2022-04-01 13:45:39,535.82
2022-04-01 13:45:44,535.89
2022-04-01 13:45:49,535.89
2022-04-01 13:45:54,535.95
2022-04-01 13:45:59,535.95
2022-04-01 13:46:04,535.95
2022-04-01 13:46:09,527.3315655838428
2022-04-01 13:46:14,536.04
2022-04-01 13:46:19,536.04
2022-04-01 13:46:24,536.1
2022-04-01 13:46:29,536.1
2022-04-01 13:46:34,536.17
2022-04-01 13:46:39,536.23
2022-04-01 13:46:44,536.27
2022-04-01 13:46:49,536.27
2022-04-01 13:46:54,536.4
2022-04-01 13:46:59,536.39
2022-04-01 13:47:04,536.45
2022-04-01 13:47:09,527.1733592478337
2022-04-01 13:47:14,536.55
2022-04-01 13:47:19,536.55
2022-04-01 13:47:24,536.61
2022-04-01 13:47:29,536.68
2022-04-01 13:47:34,536.74
2022-04-01 13:47:39,527.1045566211573
2022-04-01 13:47:44,536.77
2022-04-01 13:47:49,536.84
2022-04-01 13:47:54,536.91
2022-04-01 13:47:59,536.97
2022-04-01 13:48:04,536.99
2022-04-01 13:48:09,537.0
2022-04-01 13:48:14,537.06
2022-04-01 13:48:19,537.12
2022-04-01 13:48:24,537.19
2022-04-01 13:48:29,537.25
2022-04-01 13:48:34,537.28
2022-04-01 13:48:39,537.28
2022-04-01 13:48:44,537.35
2022-04-01 13:48:49,526.9684224726168
2022-04-01 13:48:54,537.41
2022-04-01 13:48:59,537.41
2022-04-01 13:49:04,537.48
2022-04-01 13:49:09,537.57
2022-04-01 13:49:14,537.57
2022-04-01 13:49:19,537.57
2022-04-01 13:49:24,537.63
2022-04-01 13:49:29,537.69
2022-04-01 13:49:34,537.76
2022-04-01 13:49:39,537.76
2022-04-01 13:49:44,526.8832412913423
2022-04-01 13:49:49,537.79
2022-04-01 13:49:54,537.79
2022-04-01 13:49:59,537.85
2022-04-01 13:50:04,526.8565720022619
2022-04-01 13:50:09,537.85
2022-04-01 13:50:14,537.91
2022-04-01 13:50:19,526.8379800029908
2022-04-01 13:50:24,537.91
2022-04-01 13:50:29,537.91
2022-04-01 13:50:34,537.84
2022-04-01 13:50:39,537.84
2022-04-01 13:50:44,537.91
2022-04-01 13:50:49,537.84
2022-04-01 13:50:54,537.78
2022-04-01 13:50:59,537.78
2022-04-01 13:51:04,537.78
2022-04-01 13:51:09,537.74
2022-04-01 13:51:14,537.74
2022-04-01 13:51:19,537.74
2022-04-01 13:51:24,537.68
2022-04-01 13:51:29,537.68
2022-04-01 13:51:34,537.61
2022-04-01 13:51:39,537.62
2022-04-01 13:51:44,537.61
2022-04-01 13:51:49,537.55
2022-04-01 13:51:54,537.55
2022-04-01 13:51:59,537.48
2022-04-01 13:52:04,537.48
2022-04-01 13:52:09,526.7344724559309
2022-04-01 13:52:14,537.39
2022-04-01 13:52:19,537.39
2022-04-01 13:52:24,537.32
2022-04-01 13:52:29,537.26
2022-04-01 13:52:34,537.23
2022-04-01 13:52:39,537.16
2022-04-01 13:52:44,526.7119895362179
2022-04-01 13:52:49,537.03
2022-04-01 13:52:54,536.97
2022-04-01 13:52:59,536.93
2022-04-01 13:53:04,536.81
2022-04-01 13:53:09,536.8
2022-04-01 13:53:14,536.7
2022-04-01 13:53:19,536.64
2022-04-01 13:53:24,536.58
2022-04-01 13:53:29,536.45
2022-04-01 13:53:34,526.6869216550411
2022-04-01 13:53:39,536.36
2022-04-01 13:53:44,536.23
2022-04-01 13:53:49,536.2
2022-04-01 13:53:54,536.07
2022-04-01 13:53:59,535.94
2022-04-01 13:54:04,535.9
2022-04-01 13:54:09,535.84
2022-04-01 13:54:14,535.71
2022-04-01 13:54:19,526.6703114416862
2022-04-01 13:54:24,535.55
2022-04-01 13:54:29,535.49
2022-04-01 13:54:34,535.42
2022-04-01 13:54:39,535.33
2022-04-01 13:54:44,535.27
2022-04-01 13:54:49,535.2
2022-04-01 13:54:54,535.1
2022-04-01 13:54:59,535.04
2022-04-01 13:55:04,526.6581746334098
2022-04-01 13:55:09,534.88
2022-04-01 13:55:14,534.81
2022-04-01 13:55:19,534.75
2022-04-01 13:55:24,526.6539227698598
2022-04-01 13:55:29,534.59
2022-04-01 13:55:34,534.59
2022-04-01 13:55:39,534.46
2022-04-01 13:55:44,534.4
2022-04-01 13:55:49,534.37
2022-04-01 13:55:54,534.31
2022-04-01 13:55:59,534.24
2022-04-01 13:56:04,526.6470104017801
2022-04-01 13:56:09,534.15
2022-04-01 13:56:14,534.02
2022-04-01 13:56:19,533.96
2022-04-01 13:56:24,533.89
2022-04-01 13:56:29,533.86
2022-04-01 13:56:34,526.6428304747196
2022-04-01 13:56:39,533.74
2022-04-01 13:56:44,533.74
2022-04-01 13:56:49,533.67
2022-04-01 13:56:54,533.64
2022-04-01 13:56:59,533.64
2022-04-01 13:57:04,533.51
2022-04-01 13:57:09,533.51
2022-04-01 13:57:14,533.45
2022-04-01 13:57:19,533.39
2022-04-01 13:57:24,533.36
2022-04-01 13:57:29,533.29
2022-04-01 13:57:34,533.23
2022-04-01 13:57:39,533.17
2022-04-01 13:57:44,533.14
2022-04-01 13:57:49,526.6338022545326
2022-04-01 13:57:54,533.08
2022-04-01 13:57:59,532.95
2022-04-01 13:58:04,526.6319076642233
2022-04-01 13:58:09,532.88
2022-04-01 13:58:14,532.89
2022-04-01 13:58:19,532.86
2022-04-01 13:58:24,532.79
2022-04-01 13:58:29,532.79
2022-04-01 13:58:34,532.73
2022-04-01 13:58:39,532.66
2022-04-01 13:58:44,532.66
2022-04-01 13:58:49,532.63
2022-04-01 13:58:54,526.6244439421923
2022-04-01 13:58:59,532.57
2022-04-01 13:59:04,532.57
2022-04-01 13:59:09,532.57
2022-04-01 13:59:14,526.620719395896
2022-04-01 13:59:19,532.5
2022-04-01 13:59:24,532.43
2022-04-01 13:59:29,532.44
2022-04-01 13:59:34,532.37
2022-04-01 13:59:39,532.37
2022-04-01 13:59:44,532.37
2022-04-01 13:59:49,532.37
2022-04-01 13:59:54,526.6114615883378
2022-04-01 13:59:59,532.33
2022-04-01 14:00:04,532.36
2022-04-01 14:00:09,532.33
2022-04-01 14:00:14,532.34
2022-04-01 14:00:19,532.34
2022-04-01 14:00:24,532.27
2022-04-01 14:00:29,532.27
2022-04-01 14:00:34,532.33
2022-04-01 14:00:39,532.27
2022-04-01 14:00:44,532.27
2022-04-01 14:00:49,532.27
2022-04-01 14:00:54,532.2
2022-04-01 14:00:59,532.14
2022-04-01 14:01:04,532.14
2022-04-01 14:01:09,532.1
2022-04-01 14:01:14,532.03
2022-04-01 14:01:19,532.03
2022-04-01 14:01:24,532.1
2022-04-01 14:01:29,532.03
2022-04-01 14:01:34,531.97
2022-04-01 14:01:39,531.91
2022-04-01 14:01:44,526.5707697307032
2022-04-01 14:01:49,531.84
2022-04-01 14:01:54,526.5659214015042
2022-04-01 14:01:59,531.81
2022-04-01 14:02:04,526.5608780978404
2022-04-01 14:02:09,531.68
2022-04-01 14:02:14,531.61
2022-04-01 14:02:19,531.58
2022-04-01 14:02:24,531.52
2022-04-01 14:02:29,531.45
2022-04-01 14:02:34,531.38
2022-04-01 14:02:39,531.38
2022-04-01 14:02:44,531.32
2022-04-01 14:02:49,531.28
2022-04-01 14:02:54,531.22
2022-04-01 14:02:59,531.15
2022-04-01 14:03:04,531.09
2022-04-01 14:03:09,531.06
2022-04-01 14:03:14,530.99
2022-04-01 14:03:19,530.93
2022-04-01 14:03:24,530.86
2022-04-01 14:03:29,526.5100249956657
2022-04-01 14:03:34,530.7
2022-04-01 14:03:39,530.63
2022-04-01 14:03:44,530.63
2022-04-01 14:03:49,530.56
2022-04-01 14:03:54,530.47
2022-04-01 14:03:59,526.4886078475324
2022-04-01 14:04:04,530.4
2022-04-01 14:04:09,530.34
2022-04-01 14:04:14,530.27
2022-04-01 14:04:19,530.27
2022-04-01 14:04:24,530.24
2022-04-01 14:04:29,526.4653460271202
2022-04-01 14:04:34,530.17
2022-04-01 14:04:39,530.11
2022-04-01 14:04:44,530.11
2022-04-01 14:04:49,530.11
2022-04-01 14:04:54,530.04
2022-04-01 14:04:59,530.04
2022-04-01 14:05:04,530.04
2022-04-01 14:05:09,526.4314234836371
2022-04-01 14:05:14,530.01
2022-04-01 14:05:19,530.01
2022-04-01 14:05:24,530.01
2022-04-01 14:05:29,530.01
2022-04-01 14:05:34,530.01
2022-04-01 14:05:39,530.01
2022-04-01 14:05:44,530.01
2022-04-01 14:05:49,530.01
2022-04-01 14:05:54,526.3892311629043
2022-04-01 14:05:59,526.3842767671769
2022-04-01 14:06:04,530.0
2022-04-01 14:06:09,526.374206960973
2022-04-01 14:06:14,526.3690913507143
2022-04-01 14:06:19,526.363921802496
2022-04-01 14:06:24,530.04
2022-04-01 14:06:29,530.1
2022-04-01 14:06:34,530.04
2022-04-01 14:06:39,530.04
2022-04-01 14:06:44,530.1
2022-04-01 14:06:49,530.1
2022-04-01 14:06:54,526.3262163112378
2022-04-01 14:06:59,526.3206116632591
2022-04-01 14:07:04,530.23
2022-04-01 14:07:09,530.23
2022-04-01 14:07:14,526.3034682978752
2022-04-01 14:07:19,530.24
2022-04-01 14:07:24,530.24
2022-04-01 14:07:29,530.24
2022-04-01 14:07:34,530.27
2022-04-01 14:07:39,530.27
2022-04-01 14:07:44,526.2676901803815
2022-04-01 14:07:49,530.34
2022-04-01 14:07:54,530.33
2022-04-01 14:07:59,530.33
2022-04-01 14:08:04,526.2427247139053
2022-04-01 14:08:09,526.2363432580984
2022-04-01 14:08:14,530.4
2022-04-01 14:08:19,530.46
2022-04-01 14:08:24,530.46
2022-04-01 14:08:29,530.47
2022-04-01 14:08:34,530.53
2022-04-01 14:08:39,530.53
2022-04-01 14:08:44,530.56
2022-04-01 14:08:49,530.53
2022-04-01 14:08:54,530.57
2022-04-01 14:08:59,530.57
2022-04-01 14:09:04,530.57
2022-04-01 14:09:09,530.63
2022-04-01 14:09:14,530.63
2022-04-01 14:09:19,530.7
2022-04-01 14:09:24,530.7
2022-04-01 14:09:29,530.7
2022-04-01 14:09:34,526.1191729731343
2022-04-01 14:09:39,530.77
2022-04-01 14:09:44,526.1042969848345
2022-04-01 14:09:49,530.77
2022-04-01 14:09:54,530.71
2022-04-01 14:09:59,526.0815467522261
2022-04-01 14:10:04,530.71
2022-04-01 14:10:09,530.77
2022-04-01 14:10:14,530.78
2022-04-01 14:10:19,530.71
2022-04-01 14:10:24,530.71
2022-04-01 14:10:29,530.71
2022-04-01 14:10:34,530.72
2022-04-01 14:10:39,530.72
2022-04-01 14:10:44,526.010129880671
2022-04-01 14:10:49,530.72
2022-04-01 14:10:54,530.72
2022-04-01 14:10:59,525.9852598753663
2022-04-01 14:11:04,530.66
2022-04-01 14:11:09,525.9683818795199
2022-04-01 14:11:14,530.72
2022-04-01 14:11:19,530.66
2022-04-01 14:11:24,530.66
2022-04-01 14:11:29,530.67
2022-04-01 14:11:34,530.67
2022-04-01 14:11:39,530.67
2022-04-01 14:11:44,530.67
2022-04-01 14:11:49,530.6
2022-04-01 14:11:54,525.8894576994722
2022-04-01 14:11:59,530.6
2022-04-01 14:12:04,525.8712535204825
2022-04-01 14:12:09,530.61
2022-04-01 14:12:14,530.61
2022-04-01 14:12:19,530.61
2022-04-01 14:12:24,530.61
2022-04-01 14:12:29,530.67
2022-04-01 14:12:34,525.8151754587171
2022-04-01 14:12:39,530.67
2022-04-01 14:12:44,530.74
2022-04-01 14:12:49,530.67
2022-04-01 14:12:54,525.7765608222458
2022-04-01 14:12:59,530.74
2022-04-01 14:13:04,530.74
2022-04-01 14:13:09,530.8
2022-04-01 14:13:14,525.736955317661
2022-04-01 14:13:19,530.8
2022-04-01 14:13:24,530.84
2022-04-01 14:13:29,530.9
2022-04-01 14:13:34,530.9
2022-04-01 14:13:39,531.03
2022-04-01 14:13:44,531.03
2022-04-01 14:13:49,531.09
2022-04-01 14:13:54,531.09
2022-04-01 14:13:59,531.13
2022-04-01 14:14:04,531.18
2022-04-01 14:14:09,531.18
2022-04-01 14:14:14,531.31
2022-04-01 14:14:19,531.33
2022-04-01 14:14:24,531.33
2022-04-01 14:14:29,531.45
2022-04-01 14:14:34,531.52
2022-04-01 14:14:39,531.59
2022-04-01 14:14:44,531.69
2022-04-01 14:14:49,531.75
2022-04-01 14:14:54,531.81
2022-04-01 14:14:59,531.82
2022-04-01 14:15:04,531.91
2022-04-01 14:15:09,531.98
2022-04-01 14:15:14,532.1
2022-04-01 14:15:19,532.14
2022-04-01 14:15:24,532.26
2022-04-01 14:15:29,532.33
2022-04-01 14:15:34,532.36
2022-04-01 14:15:39,525.4195927518773
2022-04-01 14:15:44,532.55
2022-04-01 14:15:49,532.62
2022-04-01 14:15:54,532.65
2022-04-01 14:15:59,532.77
2022-04-01 14:16:04,532.84
2022-04-01 14:16:09,532.93
2022-04-01 14:16:14,533.0
2022-04-01 14:16:19,525.3224945464083
2022-04-01 14:16:24,533.16
2022-04-01 14:16:29,533.28
2022-04-01 14:16:34,533.35
2022-04-01 14:16:39,533.44
2022-04-01 14:16:44,525.2596656085501
2022-04-01 14:16:49,533.63
2022-04-01 14:16:54,533.72
2022-04-01 14:16:59,533.79
2022-04-01 14:17:04,533.89
2022-04-01 14:17:09,533.89
2022-04-01 14:17:14,534.08
2022-04-01 14:17:19,534.17
2022-04-01 14:17:24,534.24
2022-04-01 14:17:29,534.37
2022-04-01 14:17:34,534.46
2022-04-01 14:17:39,534.52
2022-04-01 14:17:44,534.65
2022-04-01 14:17:49,534.75
2022-04-01 14:17:54,534.81
2022-04-01 14:17:59,534.91
2022-04-01 14:18:04,535.04
2022-04-01 14:18:09,535.16
2022-04-01 14:18:14,535.19
2022-04-01 14:18:19,535.26
2022-04-01 14:18:24,524.9915939298025
2022-04-01 14:18:29,535.48
2022-04-01 14:18:34,535.61
2022-04-01 14:18:39,535.7
2022-04-01 14:18:44,535.77
2022-04-01 14:18:49,535.9
2022-04-01 14:18:54,535.99
2022-04-01 14:18:59,536.06
2022-04-01 14:19:04,536.22
2022-04-01 14:19:09,536.28
2022-04-01 14:19:14,536.41
2022-04-01 14:19:19,536.44
2022-04-01 14:19:24,536.57
2022-04-01 14:19:29,536.7
2022-04-01 14:19:34,536.73
2022-04-01 14:19:39,524.7725968277944
2022-04-01 14:19:44,536.92
2022-04-01 14:19:49,537.02
2022-04-01 14:19:54,537.02
2022-04-01 14:19:59,537.15
2022-04-01 14:20:04,537.25
2022-04-01 14:20:09,537.31
2022-04-01 14:20:14,537.38
2022-04-01 14:20:19,537.47
2022-04-01 14:20:24,537.54
2022-04-01 14:20:29,537.6
2022-04-01 14:20:34,537.67
2022-04-01 14:20:39,524.5860720163402
2022-04-01 14:20:44,537.73
2022-04-01 14:20:49,537.73
2022-04-01 14:20:54,524.5378451254735
2022-04-01 14:20:59,537.83
2022-04-01 14:21:04,537.83
2022-04-01 14:21:09,537.83
2022-04-01 14:21:14,537.84
2022-04-01 14:21:19,537.83
2022-04-01 14:21:24,537.84
2022-04-01 14:21:29,537.77
2022-04-01 14:21:34,524.406085929985
2022-04-01 14:21:39,537.77
2022-04-01 14:21:44,537.77
2022-04-01 14:21:49,537.68
2022-04-01 14:21:54,537.74
2022-04-01 14:21:59,524.3213893460933
2022-04-01 14:22:04,537.68
2022-04-01 14:22:09,537.61
2022-04-01 14:22:14,537.62
2022-04-01 14:22:19,537.49
2022-04-01 14:22:24,537.46
2022-04-01 14:22:29,537.45
2022-04-01 14:22:34,537.39
2022-04-01 14:22:39,537.33
2022-04-01 14:22:44,537.26
2022-04-01 14:22:49,537.27
2022-04-01 14:22:54,537.24
2022-04-01 14:22:59,537.17
2022-04-01 14:23:04,537.17
2022-04-01 14:23:09,537.11
2022-04-01 14:23:14,537.04
2022-04-01 14:23:19,537.04
2022-04-01 14:23:24,536.98
2022-04-01 14:23:29,537.05
2022-04-01 14:23:34,536.95
2022-04-01 14:23:39,536.96
2022-04-01 14:23:44,536.89
2022-04-01 14:23:49,536.89
2022-04-01 14:23:54,536.82
2022-04-01 14:23:59,536.83
2022-04-01 14:24:04,536.83
2022-04-01 14:24:09,536.89
2022-04-01 14:24:14,536.83
2022-04-01 14:24:19,536.76
2022-04-01 14:24:24,536.76
2022-04-01 14:24:29,536.76
2022-04-01 14:24:34,536.76
2022-04-01 14:24:39,536.73
2022-04-01 14:24:44,536.73
2022-04-01 14:24:49,536.73
2022-04-01 14:24:54,536.73
2022-04-01 14:24:59,536.73
2022-04-01 14:25:04,536.73
2022-04-01 14:25:09,536.77
2022-04-01 14:25:14,523.59730732035
2022-04-01 14:25:19,536.66
2022-04-01 14:25:24,536.66
2022-04-01 14:25:29,536.66
2022-04-01 14:25:34,536.67
2022-04-01 14:25:39,536.67
2022-04-01 14:25:44,536.67
2022-04-01 14:25:49,536.66
2022-04-01 14:25:54,536.59
2022-04-01 14:25:59,536.59
2022-04-01 14:26:04,536.59
2022-04-01 14:26:09,536.52
2022-04-01 14:26:14,536.52
2022-04-01 14:26:19,536.46
2022-04-01 14:26:24,536.43
2022-04-01 14:26:29,536.43
2022-04-01 14:26:34,536.42
2022-04-01 14:26:39,536.42
2022-04-01 14:26:44,536.36
2022-04-01 14:26:49,536.36
2022-04-01 14:26:54,536.23
2022-04-01 14:26:59,536.3
2022-04-01 14:27:04,523.1377560840265
2022-04-01 14:27:09,536.24
2022-04-01 14:27:14,536.21
2022-04-01 14:27:19,536.2
2022-04-01 14:27:24,536.14
2022-04-01 14:27:29,536.08
2022-04-01 14:27:34,536.07
2022-04-01 14:27:39,536.01
2022-04-01 14:27:44,536.08
2022-04-01 14:27:49,536.01
2022-04-01 14:27:54,535.95
2022-04-01 14:27:59,536.01
