date,TE_8332A.AV_0#
2022-03-27 14:28:54,538.29
2022-03-27 14:28:59,538.29
2022-03-27 14:29:04,538.25
2022-03-27 14:29:09,538.25
2022-03-27 14:29:14,538.25
2022-03-27 14:29:19,538.25
2022-03-27 14:29:24,538.19
2022-03-27 14:29:29,538.26
2022-03-27 14:29:34,538.19
2022-03-27 14:29:39,538.2
2022-03-27 14:29:44,538.19
2022-03-27 14:29:49,538.19
2022-03-27 14:29:54,538.2
2022-03-27 14:29:59,538.26
2022-03-27 14:30:04,538.26
2022-03-27 14:30:09,538.26
2022-03-27 14:30:14,538.29
2022-03-27 14:30:19,538.29
2022-03-27 14:30:24,538.29
2022-03-27 14:30:29,538.36
2022-03-27 14:30:34,538.36
2022-03-27 14:30:39,538.42
2022-03-27 14:30:44,538.42
2022-03-27 14:30:49,538.49
2022-03-27 14:30:54,538.49
2022-03-27 14:30:59,538.52
2022-03-27 14:31:04,538.52
2022-03-27 14:31:09,538.59
2022-03-27 14:31:14,538.59
2022-03-27 14:31:19,538.65
2022-03-27 14:31:24,538.65
2022-03-27 14:31:29,538.71
2022-03-27 14:31:34,538.78
2022-03-27 14:31:39,538.81
2022-03-27 14:31:44,538.88
2022-03-27 14:31:49,538.88
2022-03-27 14:31:54,538.94
2022-03-27 14:31:59,539.0
2022-03-27 14:32:04,539.03
2022-03-27 14:32:09,539.1
2022-03-27 14:32:14,539.17
2022-03-27 14:32:19,539.23
2022-03-27 14:32:24,539.32
2022-03-27 14:32:29,539.39
2022-03-27 14:32:34,539.52
2022-03-27 14:32:39,539.52
2022-03-27 14:32:44,539.61
2022-03-27 14:32:49,539.61
2022-03-27 14:32:54,539.74
2022-03-27 14:32:59,539.81
2022-03-27 14:33:04,539.84
2022-03-27 14:33:09,539.9
2022-03-27 14:33:14,539.97
2022-03-27 14:33:19,540.03
2022-03-27 14:33:24,540.06
2022-03-27 14:33:29,540.19
2022-03-27 14:33:34,540.19
2022-03-27 14:33:39,540.26
2022-03-27 14:33:44,540.32
2022-03-27 14:33:49,540.35
2022-03-27 14:33:54,540.41
2022-03-27 14:33:59,540.48
2022-03-27 14:34:04,540.54
2022-03-27 14:34:09,540.57
2022-03-27 14:34:14,540.57
2022-03-27 14:34:19,540.7
2022-03-27 14:34:24,540.7
2022-03-27 14:34:29,540.83
2022-03-27 14:34:34,540.83
2022-03-27 14:34:39,540.86
2022-03-27 14:34:44,540.93
2022-03-27 14:34:49,540.99
2022-03-27 14:34:54,541.05
2022-03-27 14:34:59,541.09
2022-03-27 14:35:04,541.15
2022-03-27 14:35:09,541.21
2022-03-27 14:35:14,541.28
2022-03-27 14:35:19,541.34
2022-03-27 14:35:24,541.37
2022-03-27 14:35:29,541.5
2022-03-27 14:35:34,541.5
2022-03-27 14:35:39,541.57
2022-03-27 14:35:44,541.57
2022-03-27 14:35:49,541.66
2022-03-27 14:35:54,541.66
2022-03-27 14:35:59,541.73
2022-03-27 14:36:04,541.79
2022-03-27 14:36:09,541.79
2022-03-27 14:36:14,541.86
2022-03-27 14:36:19,541.86
2022-03-27 14:36:24,541.86
2022-03-27 14:36:29,541.89
2022-03-27 14:36:34,541.89
2022-03-27 14:36:39,541.95
2022-03-27 14:36:44,541.95
2022-03-27 14:36:49,542.02
2022-03-27 14:36:54,542.02
2022-03-27 14:36:59,542.02
2022-03-27 14:37:04,542.02
2022-03-27 14:37:09,542.08
2022-03-27 14:37:14,542.08
2022-03-27 14:37:19,542.08
2022-03-27 14:37:24,542.08
2022-03-27 14:37:29,542.08
2022-03-27 14:37:34,542.02
2022-03-27 14:37:39,542.02
2022-03-27 14:37:44,541.96
2022-03-27 14:37:49,541.96
2022-03-27 14:37:54,541.89
2022-03-27 14:37:59,541.89
2022-03-27 14:38:04,541.86
2022-03-27 14:38:09,541.8
2022-03-27 14:38:14,541.73
2022-03-27 14:38:19,541.67
2022-03-27 14:38:24,541.61
2022-03-27 14:38:29,541.57
2022-03-27 14:38:34,541.51
2022-03-27 14:38:39,541.45
2022-03-27 14:38:44,541.39
2022-03-27 14:38:49,541.35
2022-03-27 14:38:54,541.22
2022-03-27 14:38:59,541.16
2022-03-27 14:39:04,541.06
2022-03-27 14:39:09,541.06
2022-03-27 14:39:14,540.87
2022-03-27 14:39:19,540.84
2022-03-27 14:39:24,540.71
2022-03-27 14:39:29,540.65
2022-03-27 14:39:34,540.55
2022-03-27 14:39:39,540.49
2022-03-27 14:39:44,540.43
2022-03-27 14:39:49,540.33
2022-03-27 14:39:54,540.2
2022-03-27 14:39:59,540.07
2022-03-27 14:40:04,540.04
2022-03-27 14:40:09,539.91
2022-03-27 14:40:14,539.85
2022-03-27 14:40:19,539.75
2022-03-27 14:40:24,539.63
2022-03-27 14:40:29,539.56
2022-03-27 14:40:34,539.53
2022-03-27 14:40:39,539.4
2022-03-27 14:40:44,539.34
2022-03-27 14:40:49,539.24
2022-03-27 14:40:54,539.18
2022-03-27 14:40:59,539.05
2022-03-27 14:41:04,539.02
2022-03-27 14:41:09,538.89
2022-03-27 14:41:14,538.79
2022-03-27 14:41:19,538.66
2022-03-27 14:41:24,538.66
2022-03-27 14:41:29,538.54
2022-03-27 14:41:34,538.44
2022-03-27 14:41:39,538.38
2022-03-27 14:41:44,538.28
2022-03-27 14:41:49,538.15
2022-03-27 14:41:54,538.09
2022-03-27 14:41:59,537.99
2022-03-27 14:42:04,537.93
2022-03-27 14:42:09,537.8
2022-03-27 14:42:14,537.77
2022-03-27 14:42:19,537.7
2022-03-27 14:42:24,537.58
2022-03-27 14:42:29,537.51
2022-03-27 14:42:34,537.48
2022-03-27 14:42:39,537.42
2022-03-27 14:42:44,537.29
2022-03-27 14:42:49,537.26
2022-03-27 14:42:54,537.13
2022-03-27 14:42:59,537.13
2022-03-27 14:43:04,537.07
2022-03-27 14:43:09,536.97
2022-03-27 14:43:14,536.97
2022-03-27 14:43:19,536.84
2022-03-27 14:43:24,536.78
2022-03-27 14:43:29,536.78
2022-03-27 14:43:34,536.68
2022-03-27 14:43:39,536.68
2022-03-27 14:43:44,536.62
2022-03-27 14:43:49,536.49
2022-03-27 14:43:54,536.49
2022-03-27 14:43:59,536.46
2022-03-27 14:44:04,536.4
2022-03-27 14:44:09,536.33
2022-03-27 14:44:14,536.27
2022-03-27 14:44:19,536.24
2022-03-27 14:44:24,536.11
2022-03-27 14:44:29,536.11
2022-03-27 14:44:34,536.04
2022-03-27 14:44:39,536.04
2022-03-27 14:44:44,535.98
2022-03-27 14:44:49,535.95
2022-03-27 14:44:54,535.95
2022-03-27 14:44:59,535.88
2022-03-27 14:45:04,535.82
2022-03-27 14:45:09,535.76
2022-03-27 14:45:14,535.76
2022-03-27 14:45:19,535.73
2022-03-27 14:45:24,535.66
2022-03-27 14:45:29,535.66
2022-03-27 14:45:34,535.6
2022-03-27 14:45:39,535.6
2022-03-27 14:45:44,535.53
2022-03-27 14:45:49,535.54
2022-03-27 14:45:54,535.54
2022-03-27 14:45:59,535.44
2022-03-27 14:46:04,535.38
2022-03-27 14:46:09,535.38
2022-03-27 14:46:14,535.38
2022-03-27 14:46:19,535.32
2022-03-27 14:46:24,535.25
2022-03-27 14:46:29,535.22
2022-03-27 14:46:34,535.22
2022-03-27 14:46:39,535.22
2022-03-27 14:46:44,535.16
2022-03-27 14:46:49,535.16
2022-03-27 14:46:54,535.03
2022-03-27 14:46:59,535.03
2022-03-27 14:47:04,534.97
2022-03-27 14:47:09,534.97
2022-03-27 14:47:14,534.97
2022-03-27 14:47:19,534.94
2022-03-27 14:47:24,534.87
2022-03-27 14:47:29,534.81
2022-03-27 14:47:34,534.81
2022-03-27 14:47:39,534.75
2022-03-27 14:47:44,534.71
2022-03-27 14:47:49,534.65
2022-03-27 14:47:54,534.65
2022-03-27 14:47:59,534.59
2022-03-27 14:48:04,534.53
2022-03-27 14:48:09,534.46
2022-03-27 14:48:14,534.46
2022-03-27 14:48:19,534.36
2022-03-27 14:48:24,534.36
2022-03-27 14:48:29,534.3
2022-03-27 14:48:34,534.3
2022-03-27 14:48:39,534.24
2022-03-27 14:48:44,534.2
2022-03-27 14:48:49,534.14
2022-03-27 14:48:54,534.08
2022-03-27 14:48:59,534.08
2022-03-27 14:49:04,534.01
2022-03-27 14:49:09,533.95
2022-03-27 14:49:14,533.92
2022-03-27 14:49:19,533.85
2022-03-27 14:49:24,533.79
2022-03-27 14:49:29,533.72
2022-03-27 14:49:34,533.72
2022-03-27 14:49:39,533.63
2022-03-27 14:49:44,533.62
2022-03-27 14:49:49,533.56
2022-03-27 14:49:54,533.56
2022-03-27 14:49:59,533.5
2022-03-27 14:50:04,533.43
2022-03-27 14:50:09,533.4
2022-03-27 14:50:14,533.33
2022-03-27 14:50:19,533.34
2022-03-27 14:50:24,533.21
2022-03-27 14:50:29,533.27
2022-03-27 14:50:34,533.17
2022-03-27 14:50:39,533.11
2022-03-27 14:50:44,533.11
2022-03-27 14:50:49,532.98
2022-03-27 14:50:54,532.92
2022-03-27 14:50:59,532.88
2022-03-27 14:51:04,532.82
2022-03-27 14:51:09,532.75
2022-03-27 14:51:14,532.69
2022-03-27 14:51:19,532.66
2022-03-27 14:51:24,532.66
2022-03-27 14:51:29,532.59
2022-03-27 14:51:34,532.53
2022-03-27 14:51:39,532.46
2022-03-27 14:51:44,532.4
2022-03-27 14:51:49,532.4
2022-03-27 14:51:54,532.36
2022-03-27 14:51:59,532.36
2022-03-27 14:52:04,532.3
2022-03-27 14:52:09,532.23
2022-03-27 14:52:14,532.17
2022-03-27 14:52:19,532.13
2022-03-27 14:52:24,532.13
2022-03-27 14:52:29,532.07
2022-03-27 14:52:34,532.0
2022-03-27 14:52:39,531.94
2022-03-27 14:52:44,531.94
2022-03-27 14:52:49,531.87
2022-03-27 14:52:54,531.84
2022-03-27 14:52:59,531.84
2022-03-27 14:53:04,531.77
2022-03-27 14:53:09,531.77
2022-03-27 14:53:14,531.71
2022-03-27 14:53:19,531.65
2022-03-27 14:53:24,531.65
2022-03-27 14:53:29,531.65
2022-03-27 14:53:34,531.61
2022-03-27 14:53:39,531.61
2022-03-27 14:53:44,531.48
2022-03-27 14:53:49,531.48
2022-03-27 14:53:54,531.42
2022-03-27 14:53:59,531.42
2022-03-27 14:54:04,531.36
2022-03-27 14:54:09,531.32
2022-03-27 14:54:14,531.32
2022-03-27 14:54:19,531.26
2022-03-27 14:54:24,531.19
2022-03-27 14:54:29,531.13
2022-03-27 14:54:34,531.13
2022-03-27 14:54:39,531.1
2022-03-27 14:54:44,531.03
2022-03-27 14:54:49,530.97
2022-03-27 14:54:54,530.9
2022-03-27 14:54:59,530.9
2022-03-27 14:55:04,530.84
2022-03-27 14:55:09,530.81
2022-03-27 14:55:14,530.81
2022-03-27 14:55:19,530.75
2022-03-27 14:55:24,530.68
2022-03-27 14:55:29,530.68
2022-03-27 14:55:34,530.59
2022-03-27 14:55:39,530.59
2022-03-27 14:55:44,530.52
2022-03-27 14:55:49,530.52
2022-03-27 14:55:54,530.46
2022-03-27 14:55:59,530.4
2022-03-27 14:56:04,530.33
2022-03-27 14:56:09,530.3
2022-03-27 14:56:14,530.23
2022-03-27 14:56:19,530.17
2022-03-27 14:56:24,530.11
2022-03-27 14:56:29,530.11
2022-03-27 14:56:34,530.01
2022-03-27 14:56:39,530.01
2022-03-27 14:56:44,529.88
2022-03-27 14:56:49,529.95
2022-03-27 14:56:54,529.82
2022-03-27 14:56:59,529.82
2022-03-27 14:57:04,529.79
2022-03-27 14:57:09,529.79
2022-03-27 14:57:14,529.73
2022-03-27 14:57:19,529.66
2022-03-27 14:57:24,529.66
2022-03-27 14:57:29,529.6
2022-03-27 14:57:34,529.6
2022-03-27 14:57:39,529.57
2022-03-27 14:57:44,529.57
2022-03-27 14:57:49,529.5
2022-03-27 14:57:54,529.44
2022-03-27 14:57:59,529.44
2022-03-27 14:58:04,529.44
2022-03-27 14:58:09,529.38
2022-03-27 14:58:14,529.38
2022-03-27 14:58:19,529.31
2022-03-27 14:58:24,529.31
2022-03-27 14:58:29,529.32
2022-03-27 14:58:34,529.32
2022-03-27 14:58:39,529.29
2022-03-27 14:58:44,529.32
2022-03-27 14:58:49,529.32
2022-03-27 14:58:54,529.32
2022-03-27 14:58:59,529.32
2022-03-27 14:59:04,529.32
2022-03-27 14:59:09,529.32
2022-03-27 14:59:14,529.32
2022-03-27 14:59:19,529.39
2022-03-27 14:59:24,529.39
2022-03-27 14:59:29,529.39
2022-03-27 14:59:34,529.45
2022-03-27 14:59:39,529.45
2022-03-27 14:59:44,529.52
2022-03-27 14:59:49,529.58
2022-03-27 14:59:54,529.58
2022-03-27 14:59:59,529.59
2022-03-27 15:00:04,529.68
2022-03-27 15:00:09,529.62
2022-03-27 15:00:14,529.68
2022-03-27 15:00:19,529.75
2022-03-27 15:00:24,529.81
2022-03-27 15:00:29,529.85
2022-03-27 15:00:34,529.85
2022-03-27 15:00:39,529.91
2022-03-27 15:00:44,529.91
2022-03-27 15:00:49,530.04
2022-03-27 15:00:54,530.04
2022-03-27 15:00:59,530.04
2022-03-27 15:01:04,530.14
2022-03-27 15:01:09,530.14
2022-03-27 15:01:14,530.2
2022-03-27 15:01:19,530.27
2022-03-27 15:01:24,530.27
2022-03-27 15:01:29,530.37
2022-03-27 15:01:34,530.37
2022-03-27 15:01:39,530.43
2022-03-27 15:01:44,530.5
2022-03-27 15:01:49,530.56
2022-03-27 15:01:54,530.63
2022-03-27 15:01:59,530.66
2022-03-27 15:02:04,530.66
2022-03-27 15:02:09,530.79
2022-03-27 15:02:14,530.85
2022-03-27 15:02:19,530.86
2022-03-27 15:02:24,530.89
2022-03-27 15:02:29,530.95
2022-03-27 15:02:34,531.02
2022-03-27 15:02:39,531.08
2022-03-27 15:02:44,531.15
2022-03-27 15:02:49,537.71
2022-03-27 15:02:54,531.18
2022-03-27 15:02:59,531.31
2022-03-27 15:03:04,531.31
2022-03-27 15:03:09,531.41
2022-03-27 15:03:14,531.41
2022-03-27 15:03:19,531.47
2022-03-27 15:03:24,531.54
2022-03-27 15:03:29,531.54
2022-03-27 15:03:34,531.67
2022-03-27 15:03:39,531.67
2022-03-27 15:03:44,531.7
2022-03-27 15:03:49,531.7
2022-03-27 15:03:54,531.77
2022-03-27 15:03:59,531.83
2022-03-27 15:04:04,531.83
2022-03-27 15:04:09,531.9
2022-03-27 15:04:14,531.93
2022-03-27 15:04:19,531.9
2022-03-27 15:04:24,532.0
2022-03-27 15:04:29,532.0
2022-03-27 15:04:34,532.0
2022-03-27 15:04:39,532.07
2022-03-27 15:04:44,532.07
2022-03-27 15:04:49,532.13
2022-03-27 15:04:54,532.2
2022-03-27 15:04:59,532.2
2022-03-27 15:05:04,532.2
2022-03-27 15:05:09,532.29
2022-03-27 15:05:14,532.3
2022-03-27 15:05:19,532.36
2022-03-27 15:05:24,532.36
2022-03-27 15:05:29,532.43
2022-03-27 15:05:34,532.46
2022-03-27 15:05:39,532.46
2022-03-27 15:05:44,532.52
2022-03-27 15:05:49,532.53
2022-03-27 15:05:54,532.53
2022-03-27 15:05:59,532.59
2022-03-27 15:06:04,532.66
2022-03-27 15:06:09,532.65
2022-03-27 15:06:14,532.66
2022-03-27 15:06:19,532.72
2022-03-27 15:06:24,532.66
2022-03-27 15:06:29,532.66
2022-03-27 15:06:34,532.72
2022-03-27 15:06:39,532.75
2022-03-27 15:06:44,532.72
2022-03-27 15:06:49,532.72
2022-03-27 15:06:54,532.72
2022-03-27 15:06:59,532.72
2022-03-27 15:07:04,532.72
2022-03-27 15:07:09,532.59
2022-03-27 15:07:14,532.66
2022-03-27 15:07:19,532.66
2022-03-27 15:07:24,532.59
2022-03-27 15:07:29,532.53
2022-03-27 15:07:34,532.53
2022-03-27 15:07:39,532.53
2022-03-27 15:07:44,532.53
2022-03-27 15:07:49,532.53
2022-03-27 15:07:54,532.46
2022-03-27 15:07:59,532.43
2022-03-27 15:08:04,532.43
2022-03-27 15:08:09,532.37
2022-03-27 15:08:14,532.3
2022-03-27 15:08:19,532.24
2022-03-27 15:08:24,532.24
2022-03-27 15:08:29,532.24
2022-03-27 15:08:34,532.24
2022-03-27 15:08:39,532.14
2022-03-27 15:08:44,532.07
2022-03-27 15:08:49,532.07
2022-03-27 15:08:54,532.01
2022-03-27 15:08:59,531.94
2022-03-27 15:09:04,531.95
2022-03-27 15:09:09,531.95
2022-03-27 15:09:14,531.91
2022-03-27 15:09:19,531.85
2022-03-27 15:09:24,531.78
2022-03-27 15:09:29,531.72
2022-03-27 15:09:34,531.71
2022-03-27 15:09:39,531.68
2022-03-27 15:09:44,531.62
2022-03-27 15:09:49,531.68
2022-03-27 15:09:54,531.61
2022-03-27 15:09:59,531.55
2022-03-27 15:10:04,531.49
2022-03-27 15:10:09,531.49
2022-03-27 15:10:14,531.49
2022-03-27 15:10:19,531.42
2022-03-27 15:10:24,531.42
2022-03-27 15:10:29,531.42
2022-03-27 15:10:34,531.42
2022-03-27 15:10:39,531.39
2022-03-27 15:10:44,531.42
2022-03-27 15:10:49,531.39
2022-03-27 15:10:54,531.42
2022-03-27 15:10:59,531.42
2022-03-27 15:11:04,531.42
2022-03-27 15:11:09,531.48
2022-03-27 15:11:14,531.48
2022-03-27 15:11:19,531.48
2022-03-27 15:11:24,531.48
2022-03-27 15:11:29,537.71
2022-03-27 15:11:34,531.54
2022-03-27 15:11:39,531.61
2022-03-27 15:11:44,531.67
2022-03-27 15:11:49,531.67
2022-03-27 15:11:54,531.7
2022-03-27 15:11:59,531.77
2022-03-27 15:12:04,531.83
2022-03-27 15:12:09,531.89
2022-03-27 15:12:14,531.89
2022-03-27 15:12:19,531.99
2022-03-27 15:12:24,532.06
2022-03-27 15:12:29,532.12
2022-03-27 15:12:34,532.18
2022-03-27 15:12:39,532.28
2022-03-27 15:12:44,532.28
2022-03-27 15:12:49,532.44
2022-03-27 15:12:54,532.51
2022-03-27 15:12:59,532.64
2022-03-27 15:13:04,532.7
2022-03-27 15:13:09,532.8
2022-03-27 15:13:14,532.93
2022-03-27 15:13:19,533.02
2022-03-27 15:13:24,533.15
2022-03-27 15:13:29,533.31
2022-03-27 15:13:34,533.38
2022-03-27 15:13:39,533.44
2022-03-27 15:13:44,533.54
2022-03-27 15:13:49,533.67
2022-03-27 15:13:54,533.76
2022-03-27 15:13:59,533.9
2022-03-27 15:14:04,533.99
2022-03-27 15:14:09,534.12
2022-03-27 15:14:14,534.25
2022-03-27 15:14:19,534.41
2022-03-27 15:14:24,534.47
2022-03-27 15:14:29,534.57
2022-03-27 15:14:34,534.77
2022-03-27 15:14:39,534.86
2022-03-27 15:14:44,534.99
2022-03-27 15:14:49,535.09
2022-03-27 15:14:54,535.28
2022-03-27 15:14:59,535.38
2022-03-27 15:15:04,535.54
2022-03-27 15:15:09,535.67
2022-03-27 15:15:14,535.8
2022-03-27 15:15:19,535.83
2022-03-27 15:15:24,536.03
2022-03-27 15:15:29,536.12
2022-03-27 15:15:34,536.32
2022-03-27 15:15:39,536.35
2022-03-27 15:15:44,536.48
2022-03-27 15:15:49,536.58
2022-03-27 15:15:54,536.7
2022-03-27 15:15:59,536.83
2022-03-27 15:16:04,536.93
2022-03-27 15:16:09,536.99
2022-03-27 15:16:14,537.09
2022-03-27 15:16:19,537.22
2022-03-27 15:16:24,537.29
2022-03-27 15:16:29,537.38
2022-03-27 15:16:34,537.45
2022-03-27 15:16:39,537.58
2022-03-27 15:16:44,537.68
2022-03-27 15:16:49,537.74
2022-03-27 15:16:54,537.8
2022-03-27 15:16:59,537.87
2022-03-27 15:17:04,537.97
2022-03-27 15:17:09,537.97
2022-03-27 15:17:14,538.1
2022-03-27 15:17:19,538.1
2022-03-27 15:17:24,538.13
2022-03-27 15:17:29,538.19
2022-03-27 15:17:34,538.26
2022-03-27 15:17:39,538.26
2022-03-27 15:17:44,538.32
2022-03-27 15:17:49,538.39
2022-03-27 15:17:54,538.32
2022-03-27 15:17:59,538.39
2022-03-27 15:18:04,538.39
2022-03-27 15:18:09,538.42
2022-03-27 15:18:14,538.42
2022-03-27 15:18:19,538.42
2022-03-27 15:18:24,538.49
2022-03-27 15:18:29,538.49
2022-03-27 15:18:34,538.49
2022-03-27 15:18:39,538.49
2022-03-27 15:18:44,538.55
2022-03-27 15:18:49,538.55
2022-03-27 15:18:54,538.56
2022-03-27 15:18:59,538.62
2022-03-27 15:19:04,538.62
2022-03-27 15:19:09,538.65
2022-03-27 15:19:14,538.65
2022-03-27 15:19:19,538.65
2022-03-27 15:19:24,538.65
2022-03-27 15:19:29,538.65
2022-03-27 15:19:34,538.65
2022-03-27 15:19:39,538.65
2022-03-27 15:19:44,538.65
2022-03-27 15:19:49,538.65
2022-03-27 15:19:54,538.65
2022-03-27 15:19:59,538.66
2022-03-27 15:20:04,538.72
2022-03-27 15:20:09,538.66
2022-03-27 15:20:14,538.72
2022-03-27 15:20:19,538.72
2022-03-27 15:20:24,538.72
2022-03-27 15:20:29,538.72
2022-03-27 15:20:34,538.72
2022-03-27 15:20:39,538.72
2022-03-27 15:20:44,538.72
2022-03-27 15:20:49,538.79
2022-03-27 15:20:54,538.79
2022-03-27 15:20:59,538.73
2022-03-27 15:21:04,538.73
2022-03-27 15:21:09,538.73
2022-03-27 15:21:14,538.73
2022-03-27 15:21:19,538.73
2022-03-27 15:21:24,538.73
2022-03-27 15:21:29,538.73
2022-03-27 15:21:34,538.67
2022-03-27 15:21:39,538.67
2022-03-27 15:21:44,538.67
2022-03-27 15:21:49,538.67
2022-03-27 15:21:54,538.67
2022-03-27 15:21:59,538.64
2022-03-27 15:22:04,538.64
2022-03-27 15:22:09,538.64
2022-03-27 15:22:14,538.64
2022-03-27 15:22:19,538.58
2022-03-27 15:22:24,538.58
2022-03-27 15:22:29,538.58
2022-03-27 15:22:34,538.58
2022-03-27 15:22:39,538.58
2022-03-27 15:22:44,538.51
2022-03-27 15:22:49,538.51
2022-03-27 15:22:54,538.51
2022-03-27 15:22:59,538.52
2022-03-27 15:23:04,538.45
2022-03-27 15:23:09,538.45
2022-03-27 15:23:14,538.42
2022-03-27 15:23:19,538.42
2022-03-27 15:23:24,538.36
2022-03-27 15:23:29,538.36
2022-03-27 15:23:34,538.29
2022-03-27 15:23:39,538.29
2022-03-27 15:23:44,538.29
2022-03-27 15:23:49,538.29
2022-03-27 15:23:54,538.3
2022-03-27 15:23:59,538.23
2022-03-27 15:24:04,538.23
2022-03-27 15:24:09,538.23
2022-03-27 15:24:14,538.17
2022-03-27 15:24:19,538.17
2022-03-27 15:24:24,538.14
2022-03-27 15:24:29,538.13
2022-03-27 15:24:34,538.07
2022-03-27 15:24:39,538.13
2022-03-27 15:24:44,538.07
2022-03-27 15:24:49,538.0
2022-03-27 15:24:54,538.01
2022-03-27 15:24:59,538.0
2022-03-27 15:25:04,537.94
2022-03-27 15:25:09,538.01
2022-03-27 15:25:14,538.0
2022-03-27 15:25:19,537.94
2022-03-27 15:25:24,537.91
2022-03-27 15:25:29,537.91
2022-03-27 15:25:34,537.91
2022-03-27 15:25:39,537.91
2022-03-27 15:25:44,537.91
2022-03-27 15:25:49,537.91
2022-03-27 15:25:54,537.91
2022-03-27 15:25:59,537.91
2022-03-27 15:26:04,537.91
2022-03-27 15:26:09,537.91
2022-03-27 15:26:14,537.91
2022-03-27 15:26:19,537.91
2022-03-27 15:26:24,537.9
2022-03-27 15:26:29,537.94
2022-03-27 15:26:34,537.93
2022-03-27 15:26:39,538.0
2022-03-27 15:26:44,538.0
2022-03-27 15:26:49,538.0
2022-03-27 15:26:54,538.0
2022-03-27 15:26:59,538.06
2022-03-27 15:27:04,538.12
2022-03-27 15:27:09,538.12
2022-03-27 15:27:14,538.12
2022-03-27 15:27:19,538.15
2022-03-27 15:27:24,538.22
2022-03-27 15:27:29,538.22
2022-03-27 15:27:34,538.27
2022-03-27 15:27:39,538.34
2022-03-27 15:27:44,538.34
2022-03-27 15:27:49,538.41
2022-03-27 15:27:54,538.4
2022-03-27 15:27:59,538.44
2022-03-27 15:28:04,538.5
2022-03-27 15:28:09,538.5
2022-03-27 15:28:14,538.56
2022-03-27 15:28:19,538.63
2022-03-27 15:28:24,538.63
2022-03-27 15:28:29,538.66
2022-03-27 15:28:34,538.72
2022-03-27 15:28:39,538.79
2022-03-27 15:28:44,538.85
2022-03-27 15:28:49,538.91
2022-03-27 15:28:54,538.95
2022-03-27 15:28:59,539.01
2022-03-27 15:29:04,539.07
2022-03-27 15:29:09,539.07
2022-03-27 15:29:14,539.17
2022-03-27 15:29:19,539.3
2022-03-27 15:29:24,539.29
2022-03-27 15:29:29,539.36
2022-03-27 15:29:34,539.36
2022-03-27 15:29:39,539.42
2022-03-27 15:29:44,539.46
2022-03-27 15:29:49,539.45
2022-03-27 15:29:54,539.52
2022-03-27 15:29:59,539.58
2022-03-27 15:30:04,539.65
2022-03-27 15:30:09,539.68
2022-03-27 15:30:14,539.68
2022-03-27 15:30:19,539.74
2022-03-27 15:30:24,539.74
2022-03-27 15:30:29,539.81
2022-03-27 15:30:34,539.81
2022-03-27 15:30:39,539.87
2022-03-27 15:30:44,539.87
2022-03-27 15:30:49,539.93
2022-03-27 15:30:54,539.93
2022-03-27 15:30:59,539.93
2022-03-27 15:31:04,539.93
2022-03-27 15:31:09,539.97
2022-03-27 15:31:14,539.97
2022-03-27 15:31:19,539.97
2022-03-27 15:31:24,539.97
2022-03-27 15:31:29,540.03
2022-03-27 15:31:34,539.97
2022-03-27 15:31:39,539.97
2022-03-27 15:31:44,539.97
2022-03-27 15:31:49,540.1
2022-03-27 15:31:54,540.03
2022-03-27 15:31:59,540.03
2022-03-27 15:32:04,540.03
2022-03-27 15:32:09,540.1
2022-03-27 15:32:14,540.1
2022-03-27 15:32:19,540.1
2022-03-27 15:32:24,540.16
2022-03-27 15:32:29,540.16
2022-03-27 15:32:34,540.16
2022-03-27 15:32:39,540.19
2022-03-27 15:32:44,540.16
2022-03-27 15:32:49,540.16
2022-03-27 15:32:54,540.16
2022-03-27 15:32:59,540.19
2022-03-27 15:33:04,540.19
2022-03-27 15:33:09,540.19
2022-03-27 15:33:14,540.19
2022-03-27 15:33:19,540.19
2022-03-27 15:33:24,540.19
2022-03-27 15:33:29,540.19
2022-03-27 15:33:34,540.19
2022-03-27 15:33:39,540.19
2022-03-27 15:33:44,540.19
2022-03-27 15:33:49,540.19
2022-03-27 15:33:54,540.16
2022-03-27 15:33:59,540.16
2022-03-27 15:34:04,540.16
2022-03-27 15:34:09,540.16
2022-03-27 15:34:14,540.09
2022-03-27 15:34:19,540.09
2022-03-27 15:34:24,540.09
2022-03-27 15:34:29,540.02
2022-03-27 15:34:34,539.96
2022-03-27 15:34:39,539.96
2022-03-27 15:34:44,539.93
2022-03-27 15:34:49,539.86
2022-03-27 15:34:54,539.8
2022-03-27 15:34:59,539.8
2022-03-27 15:35:04,539.73
2022-03-27 15:35:09,539.66
2022-03-27 15:35:14,539.66
2022-03-27 15:35:19,539.63
2022-03-27 15:35:24,539.57
2022-03-27 15:35:29,539.5
2022-03-27 15:35:34,539.43
2022-03-27 15:35:39,539.43
2022-03-27 15:35:44,539.4
2022-03-27 15:35:49,539.33
2022-03-27 15:35:54,539.27
2022-03-27 15:35:59,539.2
2022-03-27 15:36:04,539.14
2022-03-27 15:36:09,539.1
2022-03-27 15:36:14,539.1
2022-03-27 15:36:19,539.04
2022-03-27 15:36:24,538.97
2022-03-27 15:36:29,538.91
2022-03-27 15:36:34,538.87
2022-03-27 15:36:39,538.81
2022-03-27 15:36:44,538.81
2022-03-27 15:36:49,538.74
2022-03-27 15:36:54,538.68
2022-03-27 15:36:59,538.61
2022-03-27 15:37:04,538.58
2022-03-27 15:37:09,538.51
2022-03-27 15:37:14,538.45
2022-03-27 15:37:19,538.38
2022-03-27 15:37:24,538.35
2022-03-27 15:37:29,538.35
2022-03-27 15:37:34,538.21
2022-03-27 15:37:39,538.22
2022-03-27 15:37:44,538.15
2022-03-27 15:37:49,538.08
2022-03-27 15:37:54,538.05
2022-03-27 15:37:59,537.98
2022-03-27 15:38:04,537.98
2022-03-27 15:38:09,537.92
2022-03-27 15:38:14,537.85
2022-03-27 15:38:19,537.82
2022-03-27 15:38:24,537.75
2022-03-27 15:38:29,537.75
2022-03-27 15:38:34,537.69
2022-03-27 15:38:39,537.56
2022-03-27 15:38:44,537.56
2022-03-27 15:38:49,537.56
2022-03-27 15:38:54,537.46
2022-03-27 15:38:59,537.4
2022-03-27 15:39:04,537.33
2022-03-27 15:39:09,537.3
2022-03-27 15:39:14,537.3
2022-03-27 15:39:19,537.17
2022-03-27 15:39:24,537.17
2022-03-27 15:39:29,537.1
2022-03-27 15:39:34,537.0
2022-03-27 15:39:39,537.0
2022-03-27 15:39:44,536.94
2022-03-27 15:39:49,536.88
2022-03-27 15:39:54,536.81
2022-03-27 15:39:59,536.81
2022-03-27 15:40:04,536.78
2022-03-27 15:40:09,536.78
2022-03-27 15:40:14,536.71
2022-03-27 15:40:19,536.65
2022-03-27 15:40:24,536.58
2022-03-27 15:40:29,536.58
2022-03-27 15:40:34,536.49
2022-03-27 15:40:39,536.48
2022-03-27 15:40:44,536.42
2022-03-27 15:40:49,536.36
2022-03-27 15:40:54,536.36
2022-03-27 15:40:59,536.29
2022-03-27 15:41:04,536.26
2022-03-27 15:41:09,536.26
2022-03-27 15:41:14,536.13
2022-03-27 15:41:19,536.13
2022-03-27 15:41:24,536.07
2022-03-27 15:41:29,536.0
2022-03-27 15:41:34,536.07
2022-03-27 15:41:39,536.0
2022-03-27 15:41:44,535.97
2022-03-27 15:41:49,535.97
2022-03-27 15:41:54,535.97
2022-03-27 15:41:59,535.9
2022-03-27 15:42:04,535.9
2022-03-27 15:42:09,535.84
2022-03-27 15:42:14,535.84
2022-03-27 15:42:19,535.84
2022-03-27 15:42:24,535.84
2022-03-27 15:42:29,535.84
2022-03-27 15:42:34,535.84
2022-03-27 15:42:39,535.78
2022-03-27 15:42:44,535.78
2022-03-27 15:42:49,535.78
2022-03-27 15:42:54,535.78
2022-03-27 15:42:59,535.78
2022-03-27 15:43:04,535.75
2022-03-27 15:43:09,535.75
2022-03-27 15:43:14,535.68
2022-03-27 15:43:19,535.68
2022-03-27 15:43:24,535.68
2022-03-27 15:43:29,535.75
2022-03-27 15:43:34,535.68
2022-03-27 15:43:39,535.68
2022-03-27 15:43:44,535.75
2022-03-27 15:43:49,535.75
2022-03-27 15:43:54,535.68
2022-03-27 15:43:59,535.68
2022-03-27 15:44:04,535.75
2022-03-27 15:44:09,535.68
2022-03-27 15:44:14,535.75
2022-03-27 15:44:19,535.68
2022-03-27 15:44:24,535.68
2022-03-27 15:44:29,535.68
2022-03-27 15:44:34,535.68
2022-03-27 15:44:39,535.68
2022-03-27 15:44:44,535.68
2022-03-27 15:44:49,537.71
2022-03-27 15:44:54,535.68
2022-03-27 15:44:59,535.68
2022-03-27 15:45:04,535.68
2022-03-27 15:45:09,535.68
2022-03-27 15:45:14,535.68
2022-03-27 15:45:19,535.68
2022-03-27 15:45:24,535.69
2022-03-27 15:45:29,535.75
2022-03-27 15:45:34,535.75
2022-03-27 15:45:39,535.75
2022-03-27 15:45:44,535.68
2022-03-27 15:45:49,535.75
2022-03-27 15:45:54,535.75
2022-03-27 15:45:59,535.75
2022-03-27 15:46:04,535.78
2022-03-27 15:46:09,535.85
2022-03-27 15:46:14,535.78
2022-03-27 15:46:19,535.85
2022-03-27 15:46:24,535.78
2022-03-27 15:46:29,535.85
2022-03-27 15:46:34,535.91
2022-03-27 15:46:39,535.85
2022-03-27 15:46:44,535.91
2022-03-27 15:46:49,535.91
2022-03-27 15:46:54,535.91
2022-03-27 15:46:59,535.98
2022-03-27 15:47:04,535.98
2022-03-27 15:47:09,535.98
2022-03-27 15:47:14,536.01
2022-03-27 15:47:19,536.08
2022-03-27 15:47:24,536.08
2022-03-27 15:47:29,536.14
2022-03-27 15:47:34,536.14
2022-03-27 15:47:39,536.2
2022-03-27 15:47:44,536.27
2022-03-27 15:47:49,536.27
2022-03-27 15:47:54,536.3
2022-03-27 15:47:59,536.37
2022-03-27 15:48:04,536.43
2022-03-27 15:48:09,536.5
2022-03-27 15:48:14,536.5
2022-03-27 15:48:19,536.53
2022-03-27 15:48:24,536.6
2022-03-27 15:48:29,536.6
2022-03-27 15:48:34,536.66
2022-03-27 15:48:39,536.72
2022-03-27 15:48:44,536.79
2022-03-27 15:48:49,536.79
2022-03-27 15:48:54,536.82
2022-03-27 15:48:59,536.82
2022-03-27 15:49:04,536.89
2022-03-27 15:49:09,536.96
2022-03-27 15:49:14,536.96
2022-03-27 15:49:19,536.96
2022-03-27 15:49:24,537.02
2022-03-27 15:49:29,537.06
2022-03-27 15:49:34,537.06
2022-03-27 15:49:39,537.12
2022-03-27 15:49:44,537.12
2022-03-27 15:49:49,537.18
2022-03-27 15:49:54,537.19
2022-03-27 15:49:59,537.25
2022-03-27 15:50:04,537.32
2022-03-27 15:50:09,537.32
2022-03-27 15:50:14,537.32
2022-03-27 15:50:19,537.32
2022-03-27 15:50:24,537.32
2022-03-27 15:50:29,537.42
2022-03-27 15:50:34,537.41
2022-03-27 15:50:39,537.41
2022-03-27 15:50:44,537.41
2022-03-27 15:50:49,537.41
2022-03-27 15:50:54,537.48
2022-03-27 15:50:59,537.48
2022-03-27 15:51:04,537.48
2022-03-27 15:51:09,537.54
2022-03-27 15:51:14,537.58
2022-03-27 15:51:19,537.54
2022-03-27 15:51:24,537.58
2022-03-27 15:51:29,537.64
2022-03-27 15:51:34,537.58
2022-03-27 15:51:39,537.64
2022-03-27 15:51:44,537.58
2022-03-27 15:51:49,537.64
2022-03-27 15:51:54,537.64
2022-03-27 15:51:59,537.64
2022-03-27 15:52:04,537.64
2022-03-27 15:52:09,537.64
2022-03-27 15:52:14,537.64
2022-03-27 15:52:19,537.64
2022-03-27 15:52:24,537.64
2022-03-27 15:52:29,537.64
2022-03-27 15:52:34,537.58
2022-03-27 15:52:39,537.58
2022-03-27 15:52:44,537.58
2022-03-27 15:52:49,537.55
2022-03-27 15:52:54,537.48
2022-03-27 15:52:59,537.48
2022-03-27 15:53:04,537.42
2022-03-27 15:53:09,537.48
2022-03-27 15:53:14,537.42
2022-03-27 15:53:19,537.42
2022-03-27 15:53:24,537.35
2022-03-27 15:53:29,537.32
2022-03-27 15:53:34,537.32
2022-03-27 15:53:39,537.25
2022-03-27 15:53:44,537.25
2022-03-27 15:53:49,537.19
2022-03-27 15:53:54,537.12
2022-03-27 15:53:59,537.06
2022-03-27 15:54:04,537.02
2022-03-27 15:54:09,536.96
2022-03-27 15:54:14,536.89
2022-03-27 15:54:19,536.89
2022-03-27 15:54:24,536.82
2022-03-27 15:54:29,536.8
2022-03-27 15:54:34,536.73
2022-03-27 15:54:39,536.67
2022-03-27 15:54:44,536.6
2022-03-27 15:54:49,536.5
2022-03-27 15:54:54,536.5
2022-03-27 15:54:59,536.44
2022-03-27 15:55:04,536.31
2022-03-27 15:55:09,536.28
2022-03-27 15:55:14,536.21
2022-03-27 15:55:19,536.15
2022-03-27 15:55:24,536.08
2022-03-27 15:55:29,536.02
2022-03-27 15:55:34,535.91
2022-03-27 15:55:39,535.91
2022-03-27 15:55:44,535.85
2022-03-27 15:55:49,535.75
2022-03-27 15:55:54,535.75
2022-03-27 15:55:59,535.62
2022-03-27 15:56:04,535.56
2022-03-27 15:56:09,535.5
2022-03-27 15:56:14,535.46
2022-03-27 15:56:19,535.4
2022-03-27 15:56:24,535.33
2022-03-27 15:56:29,535.27
2022-03-27 15:56:34,535.17
2022-03-27 15:56:39,535.11
2022-03-27 15:56:44,535.04
2022-03-27 15:56:49,534.98
2022-03-27 15:56:54,534.88
2022-03-27 15:56:59,534.82
2022-03-27 15:57:04,534.75
2022-03-27 15:57:09,534.72
2022-03-27 15:57:14,534.66
2022-03-27 15:57:19,534.59
2022-03-27 15:57:24,534.53
2022-03-27 15:57:29,534.43
2022-03-27 15:57:34,534.36
2022-03-27 15:57:39,534.37
2022-03-27 15:57:44,534.3
2022-03-27 15:57:49,534.2
2022-03-27 15:57:54,534.14
2022-03-27 15:57:59,534.14
2022-03-27 15:58:04,534.01
2022-03-27 15:58:09,533.95
2022-03-27 15:58:14,533.95
2022-03-27 15:58:19,533.92
2022-03-27 15:58:24,533.85
2022-03-27 15:58:29,533.79
2022-03-27 15:58:34,533.85
2022-03-27 15:58:39,533.79
2022-03-27 15:58:44,533.79
2022-03-27 15:58:49,533.72
2022-03-27 15:58:54,533.72
2022-03-27 15:58:59,533.72
2022-03-27 15:59:04,533.69
2022-03-27 15:59:09,533.69
2022-03-27 15:59:14,533.72
2022-03-27 15:59:19,533.69
2022-03-27 15:59:24,533.69
2022-03-27 15:59:29,533.69
2022-03-27 15:59:34,533.72
2022-03-27 15:59:39,533.72
2022-03-27 15:59:44,533.72
2022-03-27 15:59:49,533.69
2022-03-27 15:59:54,533.73
2022-03-27 15:59:59,533.79
2022-03-27 16:00:04,533.79
2022-03-27 16:00:09,533.79
2022-03-27 16:00:14,533.86
2022-03-27 16:00:19,533.92
2022-03-27 16:00:24,533.92
2022-03-27 16:00:29,533.92
2022-03-27 16:00:34,533.96
2022-03-27 16:00:39,534.02
2022-03-27 16:00:44,534.08
2022-03-27 16:00:49,534.08
2022-03-27 16:00:54,534.15
2022-03-27 16:00:59,534.15
2022-03-27 16:01:04,534.22
2022-03-27 16:01:09,534.25
2022-03-27 16:01:14,534.31
2022-03-27 16:01:19,534.38
2022-03-27 16:01:24,534.44
2022-03-27 16:01:29,534.47
2022-03-27 16:01:34,534.6
2022-03-27 16:01:39,534.6
2022-03-27 16:01:44,534.73
2022-03-27 16:01:49,534.83
2022-03-27 16:01:54,534.83
2022-03-27 16:01:59,534.96
2022-03-27 16:02:04,534.99
2022-03-27 16:02:09,535.05
2022-03-27 16:02:14,535.18
2022-03-27 16:02:19,535.28
2022-03-27 16:02:24,535.34
2022-03-27 16:02:29,535.47
2022-03-27 16:02:34,535.57
2022-03-27 16:02:39,535.7
2022-03-27 16:02:44,535.76
2022-03-27 16:02:49,535.86
2022-03-27 16:02:54,535.99
2022-03-27 16:02:59,536.09
2022-03-27 16:03:04,536.22
2022-03-27 16:03:09,536.31
2022-03-27 16:03:14,536.38
2022-03-27 16:03:19,536.54
2022-03-27 16:03:24,536.6
2022-03-27 16:03:29,536.74
2022-03-27 16:03:34,536.83
2022-03-27 16:03:39,536.9
2022-03-27 16:03:44,537.03
2022-03-27 16:03:49,537.06
2022-03-27 16:03:54,537.19
2022-03-27 16:03:59,537.32
2022-03-27 16:04:04,537.35
2022-03-27 16:04:09,537.48
2022-03-27 16:04:14,537.57
2022-03-27 16:04:19,537.7
2022-03-27 16:04:24,537.77
2022-03-27 16:04:29,537.87
2022-03-27 16:04:34,538.0
2022-03-27 16:04:39,538.09
2022-03-27 16:04:44,538.22
2022-03-27 16:04:49,538.22
2022-03-27 16:04:54,538.38
2022-03-27 16:04:59,538.45
2022-03-27 16:05:04,538.58
2022-03-27 16:05:09,538.61
2022-03-27 16:05:14,538.74
2022-03-27 16:05:19,538.8
2022-03-27 16:05:24,538.9
2022-03-27 16:05:29,538.97
2022-03-27 16:05:34,539.03
2022-03-27 16:05:39,539.13
2022-03-27 16:05:44,539.2
2022-03-27 16:05:49,539.32
2022-03-27 16:05:54,539.39
2022-03-27 16:05:59,539.42
2022-03-27 16:06:04,539.49
2022-03-27 16:06:09,539.62
2022-03-27 16:06:14,537.71
2022-03-27 16:06:19,539.72
2022-03-27 16:06:24,539.85
2022-03-27 16:06:29,539.85
2022-03-27 16:06:34,539.94
2022-03-27 16:06:39,540.01
2022-03-27 16:06:44,540.07
2022-03-27 16:06:49,540.14
2022-03-27 16:06:54,540.24
2022-03-27 16:06:59,540.24
2022-03-27 16:07:04,540.31
2022-03-27 16:07:09,540.37
2022-03-27 16:07:14,540.37
2022-03-27 16:07:19,540.44
2022-03-27 16:07:24,540.47
2022-03-27 16:07:29,540.47
2022-03-27 16:07:34,540.54
2022-03-27 16:07:39,540.54
2022-03-27 16:07:44,540.6
2022-03-27 16:07:49,540.6
2022-03-27 16:07:54,540.6
2022-03-27 16:07:59,540.67
2022-03-27 16:08:04,540.67
2022-03-27 16:08:09,540.67
2022-03-27 16:08:14,540.71
2022-03-27 16:08:19,540.7
2022-03-27 16:08:24,540.71
2022-03-27 16:08:29,540.71
2022-03-27 16:08:34,540.71
2022-03-27 16:08:39,540.77
2022-03-27 16:08:44,540.77
2022-03-27 16:08:49,540.71
2022-03-27 16:08:54,540.71
2022-03-27 16:08:59,540.71
2022-03-27 16:09:04,540.71
2022-03-27 16:09:09,540.68
2022-03-27 16:09:14,540.68
2022-03-27 16:09:19,540.68
2022-03-27 16:09:24,540.68
2022-03-27 16:09:29,540.62
2022-03-27 16:09:34,540.62
2022-03-27 16:09:39,540.55
2022-03-27 16:09:44,540.55
2022-03-27 16:09:49,540.55
2022-03-27 16:09:54,540.49
2022-03-27 16:09:59,540.46
2022-03-27 16:10:04,540.46
2022-03-27 16:10:09,540.46
2022-03-27 16:10:14,540.33
2022-03-27 16:10:19,540.33
2022-03-27 16:10:24,540.26
2022-03-27 16:10:29,540.26
2022-03-27 16:10:34,540.2
2022-03-27 16:10:39,540.17
2022-03-27 16:10:44,540.11
2022-03-27 16:10:49,540.04
2022-03-27 16:10:54,540.04
2022-03-27 16:10:59,539.97
2022-03-27 16:11:04,539.94
2022-03-27 16:11:09,539.88
2022-03-27 16:11:14,539.88
2022-03-27 16:11:19,539.81
2022-03-27 16:11:24,539.81
2022-03-27 16:11:29,539.75
2022-03-27 16:11:34,539.69
2022-03-27 16:11:39,539.68
2022-03-27 16:11:44,539.65
2022-03-27 16:11:49,539.65
2022-03-27 16:11:54,539.65
2022-03-27 16:11:59,539.59
2022-03-27 16:12:04,539.52
2022-03-27 16:12:09,539.52
2022-03-27 16:12:14,539.45
2022-03-27 16:12:19,539.46
2022-03-27 16:12:24,539.45
2022-03-27 16:12:29,539.45
2022-03-27 16:12:34,539.36
2022-03-27 16:12:39,539.29
2022-03-27 16:12:44,539.36
2022-03-27 16:12:49,539.23
2022-03-27 16:12:54,539.16
2022-03-27 16:12:59,539.13
2022-03-27 16:13:04,539.13
2022-03-27 16:13:09,539.06
2022-03-27 16:13:14,539.0
2022-03-27 16:13:19,538.94
2022-03-27 16:13:24,538.9
2022-03-27 16:13:29,538.84
2022-03-27 16:13:34,538.77
2022-03-27 16:13:39,538.64
2022-03-27 16:13:44,538.61
2022-03-27 16:13:49,538.61
2022-03-27 16:13:54,538.48
2022-03-27 16:13:59,538.42
2022-03-27 16:14:04,538.32
2022-03-27 16:14:09,538.32
2022-03-27 16:14:14,538.19
2022-03-27 16:14:19,538.13
2022-03-27 16:14:24,538.09
2022-03-27 16:14:29,537.97
2022-03-27 16:14:34,537.87
2022-03-27 16:14:39,537.81
2022-03-27 16:14:44,537.67
2022-03-27 16:14:49,537.61
2022-03-27 16:14:54,537.52
2022-03-27 16:14:59,537.45
2022-03-27 16:15:04,537.35
2022-03-27 16:15:09,537.29
2022-03-27 16:15:14,537.16
2022-03-27 16:15:19,537.1
2022-03-27 16:15:24,537.0
2022-03-27 16:15:29,536.87
2022-03-27 16:15:34,536.84
2022-03-27 16:15:39,536.71
2022-03-27 16:15:44,536.58
2022-03-27 16:15:49,536.55
2022-03-27 16:15:54,536.42
2022-03-27 16:15:59,536.32
2022-03-27 16:16:04,536.2
2022-03-27 16:16:09,536.07
2022-03-27 16:16:14,536.04
2022-03-27 16:16:19,535.91
2022-03-27 16:16:24,535.84
2022-03-27 16:16:29,535.68
2022-03-27 16:16:34,535.55
2022-03-27 16:16:39,535.46
2022-03-27 16:16:44,535.39
2022-03-27 16:16:49,535.23
2022-03-27 16:16:54,535.1
2022-03-27 16:16:59,535.04
2022-03-27 16:17:04,534.94
2022-03-27 16:17:09,534.88
2022-03-27 16:17:14,534.72
2022-03-27 16:17:19,534.59
2022-03-27 16:17:24,534.49
2022-03-27 16:17:29,534.36
2022-03-27 16:17:34,534.3
2022-03-27 16:17:39,534.21
2022-03-27 16:17:44,534.07
2022-03-27 16:17:49,534.01
2022-03-27 16:17:54,533.92
2022-03-27 16:17:59,533.78
2022-03-27 16:18:04,533.69
2022-03-27 16:18:09,533.62
2022-03-27 16:18:14,533.49
2022-03-27 16:18:19,533.4
2022-03-27 16:18:24,533.33
2022-03-27 16:18:29,533.24
2022-03-27 16:18:34,533.17
2022-03-27 16:18:39,533.04
2022-03-27 16:18:44,532.95
2022-03-27 16:18:49,532.82
2022-03-27 16:18:54,532.75
2022-03-27 16:18:59,532.66
2022-03-27 16:19:04,532.53
2022-03-27 16:19:09,532.46
2022-03-27 16:19:14,532.37
2022-03-27 16:19:19,532.24
2022-03-27 16:19:24,532.24
2022-03-27 16:19:29,532.14
2022-03-27 16:19:34,532.01
2022-03-27 16:19:39,531.95
2022-03-27 16:19:44,531.92
2022-03-27 16:19:49,531.79
2022-03-27 16:19:54,531.72
2022-03-27 16:19:59,531.62
2022-03-27 16:20:04,531.56
2022-03-27 16:20:09,531.49
2022-03-27 16:20:14,531.43
2022-03-27 16:20:19,531.33
2022-03-27 16:20:24,531.27
2022-03-27 16:20:29,531.2
2022-03-27 16:20:34,531.11
2022-03-27 16:20:39,531.04
2022-03-27 16:20:44,530.97
2022-03-27 16:20:49,530.91
2022-03-27 16:20:54,530.81
2022-03-27 16:20:59,530.81
2022-03-27 16:21:04,530.68
2022-03-27 16:21:09,530.65
2022-03-27 16:21:14,530.58
2022-03-27 16:21:19,530.52
2022-03-27 16:21:24,530.45
2022-03-27 16:21:29,530.39
2022-03-27 16:21:34,530.35
2022-03-27 16:21:39,530.29
2022-03-27 16:21:44,530.22
2022-03-27 16:21:49,530.16
2022-03-27 16:21:54,530.16
2022-03-27 16:21:59,530.06
2022-03-27 16:22:04,530.06
2022-03-27 16:22:09,530.0
2022-03-27 16:22:14,529.93
2022-03-27 16:22:19,529.86
2022-03-27 16:22:24,529.86
2022-03-27 16:22:29,529.83
2022-03-27 16:22:34,529.76
2022-03-27 16:22:39,529.7
2022-03-27 16:22:44,529.63
2022-03-27 16:22:49,529.63
2022-03-27 16:22:54,529.63
2022-03-27 16:22:59,529.6
2022-03-27 16:23:04,529.53
2022-03-27 16:23:09,529.53
2022-03-27 16:23:14,529.4
2022-03-27 16:23:19,529.4
2022-03-27 16:23:24,529.33
2022-03-27 16:23:29,529.3
2022-03-27 16:23:34,529.33
2022-03-27 16:23:39,529.3
2022-03-27 16:23:44,529.23
2022-03-27 16:23:49,529.23
2022-03-27 16:23:54,529.1
2022-03-27 16:23:59,529.1
2022-03-27 16:24:04,529.17
2022-03-27 16:24:09,529.07
2022-03-27 16:24:14,529.07
2022-03-27 16:24:19,529.07
2022-03-27 16:24:24,529.0
2022-03-27 16:24:29,528.94
2022-03-27 16:24:34,529.0
2022-03-27 16:24:39,528.94
2022-03-27 16:24:44,528.94
2022-03-27 16:24:49,528.94
2022-03-27 16:24:54,528.94
2022-03-27 16:24:59,528.87
2022-03-27 16:25:04,528.87
2022-03-27 16:25:09,528.87
2022-03-27 16:25:14,528.87
2022-03-27 16:25:19,528.87
2022-03-27 16:25:24,528.81
2022-03-27 16:25:29,528.81
2022-03-27 16:25:34,528.81
2022-03-27 16:25:39,528.81
2022-03-27 16:25:44,528.77
2022-03-27 16:25:49,528.77
2022-03-27 16:25:54,528.77
2022-03-27 16:25:59,528.71
2022-03-27 16:26:04,528.71
2022-03-27 16:26:09,528.71
2022-03-27 16:26:14,528.64
2022-03-27 16:26:19,528.71
2022-03-27 16:26:24,528.64
2022-03-27 16:26:29,528.71
2022-03-27 16:26:34,528.64
2022-03-27 16:26:39,528.64
2022-03-27 16:26:44,528.64
2022-03-27 16:26:49,528.65
2022-03-27 16:26:54,528.65
2022-03-27 16:26:59,528.64
2022-03-27 16:27:04,528.65
2022-03-27 16:27:09,528.64
2022-03-27 16:27:14,528.65
2022-03-27 16:27:19,528.64
2022-03-27 16:27:24,528.58
2022-03-27 16:27:29,528.58
2022-03-27 16:27:34,528.58
2022-03-27 16:27:39,528.55
2022-03-27 16:27:44,528.58
2022-03-27 16:27:49,528.58
2022-03-27 16:27:54,528.55
2022-03-27 16:27:59,528.55
2022-03-27 16:28:04,528.55
2022-03-27 16:28:09,528.55
2022-03-27 16:28:14,528.55
2022-03-27 16:28:19,528.55
2022-03-27 16:28:24,528.55
2022-03-27 16:28:29,528.55
2022-03-27 16:28:34,528.55
2022-03-27 16:28:39,528.49
2022-03-27 16:28:44,528.55
2022-03-27 16:28:49,528.55
2022-03-27 16:28:54,528.49
2022-03-27 16:28:59,528.49
2022-03-27 16:29:04,528.49
2022-03-27 16:29:09,528.49
2022-03-27 16:29:14,528.49
2022-03-27 16:29:19,528.49
2022-03-27 16:29:24,537.71
2022-03-27 16:29:29,528.55
2022-03-27 16:29:34,528.49
2022-03-27 16:29:39,528.49
2022-03-27 16:29:44,528.49
2022-03-27 16:29:49,528.42
2022-03-27 16:29:54,528.42
2022-03-27 16:29:59,528.42
2022-03-27 16:30:04,528.42
2022-03-27 16:30:09,528.36
2022-03-27 16:30:14,528.36
2022-03-27 16:30:19,528.36
2022-03-27 16:30:24,528.36
2022-03-27 16:30:29,528.29
2022-03-27 16:30:34,528.36
2022-03-27 16:30:39,528.29
2022-03-27 16:30:44,528.29
2022-03-27 16:30:49,528.26
2022-03-27 16:30:54,528.26
2022-03-27 16:30:59,528.2
2022-03-27 16:31:04,528.2
2022-03-27 16:31:09,528.2
2022-03-27 16:31:14,528.2
2022-03-27 16:31:19,528.14
2022-03-27 16:31:24,528.14
2022-03-27 16:31:29,528.14
2022-03-27 16:31:34,528.07
2022-03-27 16:31:39,528.07
2022-03-27 16:31:44,528.04
2022-03-27 16:31:49,528.04
2022-03-27 16:31:54,528.07
2022-03-27 16:31:59,528.04
2022-03-27 16:32:04,528.04
2022-03-27 16:32:09,527.98
2022-03-27 16:32:14,527.98
2022-03-27 16:32:19,527.91
2022-03-27 16:32:24,527.91
2022-03-27 16:32:29,527.91
2022-03-27 16:32:34,527.85
2022-03-27 16:32:39,527.91
2022-03-27 16:32:44,527.91
2022-03-27 16:32:49,527.85
2022-03-27 16:32:54,527.85
2022-03-27 16:32:59,527.85
2022-03-27 16:33:04,527.85
2022-03-27 16:33:09,527.85
2022-03-27 16:33:14,527.85
2022-03-27 16:33:19,527.91
2022-03-27 16:33:24,527.91
2022-03-27 16:33:29,527.91
2022-03-27 16:33:34,527.91
2022-03-27 16:33:39,537.71
2022-03-27 16:33:44,527.98
2022-03-27 16:33:49,528.05
2022-03-27 16:33:54,528.05
2022-03-27 16:33:59,528.08
2022-03-27 16:34:04,528.15
2022-03-27 16:34:09,528.15
2022-03-27 16:34:14,528.15
2022-03-27 16:34:19,528.21
2022-03-27 16:34:24,528.21
2022-03-27 16:34:29,528.27
2022-03-27 16:34:34,528.31
2022-03-27 16:34:39,528.31
2022-03-27 16:34:44,537.71
2022-03-27 16:34:49,528.44
2022-03-27 16:34:54,528.51
2022-03-27 16:34:59,528.5
2022-03-27 16:35:04,528.57
2022-03-27 16:35:09,528.57
2022-03-27 16:35:14,528.61
2022-03-27 16:35:19,528.67
2022-03-27 16:35:24,528.67
2022-03-27 16:35:29,528.73
2022-03-27 16:35:34,528.8
2022-03-27 16:35:39,528.9
2022-03-27 16:35:44,528.9
2022-03-27 16:35:49,528.96
2022-03-27 16:35:54,529.03
2022-03-27 16:35:59,529.09
2022-03-27 16:36:04,529.19
2022-03-27 16:36:09,529.25
2022-03-27 16:36:14,529.32
2022-03-27 16:36:19,529.35
2022-03-27 16:36:24,529.35
2022-03-27 16:36:29,529.48
2022-03-27 16:36:34,529.54
2022-03-27 16:36:39,529.64
2022-03-27 16:36:44,537.71
2022-03-27 16:36:49,529.77
2022-03-27 16:36:54,529.83
2022-03-27 16:36:59,529.93
2022-03-27 16:37:04,529.86
2022-03-27 16:37:09,530.0
2022-03-27 16:37:14,530.06
2022-03-27 16:37:19,530.16
2022-03-27 16:37:24,530.28
2022-03-27 16:37:29,530.35
2022-03-27 16:37:34,530.44
2022-03-27 16:37:39,530.51
2022-03-27 16:37:44,530.64
2022-03-27 16:37:49,530.73
2022-03-27 16:37:54,530.8
2022-03-27 16:37:59,530.86
2022-03-27 16:38:04,530.96
2022-03-27 16:38:09,531.09
2022-03-27 16:38:14,531.18
2022-03-27 16:38:19,531.31
2022-03-27 16:38:24,531.41
2022-03-27 16:38:29,531.47
2022-03-27 16:38:34,531.66
2022-03-27 16:38:39,531.69
2022-03-27 16:38:44,531.82
2022-03-27 16:38:49,531.89
2022-03-27 16:38:54,531.98
2022-03-27 16:38:59,532.11
2022-03-27 16:39:04,532.18
2022-03-27 16:39:09,532.27
2022-03-27 16:39:14,532.43
2022-03-27 16:39:19,532.5
2022-03-27 16:39:24,532.62
2022-03-27 16:39:29,532.69
2022-03-27 16:39:34,532.78
2022-03-27 16:39:39,532.85
2022-03-27 16:39:44,532.94
2022-03-27 16:39:49,533.01
2022-03-27 16:39:54,533.13
2022-03-27 16:39:59,533.2
2022-03-27 16:40:04,533.23
2022-03-27 16:40:09,533.36
2022-03-27 16:40:14,533.45
2022-03-27 16:40:19,533.52
2022-03-27 16:40:24,533.65
2022-03-27 16:40:29,533.64
2022-03-27 16:40:34,533.74
2022-03-27 16:40:39,533.87
2022-03-27 16:40:44,533.93
2022-03-27 16:40:49,533.96
2022-03-27 16:40:54,534.03
2022-03-27 16:40:59,534.15
2022-03-27 16:41:04,534.22
2022-03-27 16:41:09,534.25
2022-03-27 16:41:14,534.31
2022-03-27 16:41:19,534.44
2022-03-27 16:41:24,534.47
2022-03-27 16:41:29,534.54
2022-03-27 16:41:34,534.6
2022-03-27 16:41:39,534.66
2022-03-27 16:41:44,534.73
2022-03-27 16:41:49,534.76
2022-03-27 16:41:54,534.82
2022-03-27 16:41:59,534.82
2022-03-27 16:42:04,534.95
2022-03-27 16:42:09,534.95
2022-03-27 16:42:14,534.95
2022-03-27 16:42:19,534.98
2022-03-27 16:42:24,535.05
2022-03-27 16:42:29,535.04
2022-03-27 16:42:34,535.11
2022-03-27 16:42:39,535.17
2022-03-27 16:42:44,535.17
2022-03-27 16:42:49,535.17
2022-03-27 16:42:54,535.24
2022-03-27 16:42:59,535.27
2022-03-27 16:43:04,535.33
2022-03-27 16:43:09,535.33
2022-03-27 16:43:14,535.4
2022-03-27 16:43:19,535.4
2022-03-27 16:43:24,535.4
2022-03-27 16:43:29,535.46
2022-03-27 16:43:34,535.46
2022-03-27 16:43:39,535.5
2022-03-27 16:43:44,535.56
2022-03-27 16:43:49,535.56
2022-03-27 16:43:54,535.56
2022-03-27 16:43:59,535.56
2022-03-27 16:44:04,535.62
2022-03-27 16:44:09,535.62
2022-03-27 16:44:14,535.69
2022-03-27 16:44:19,535.69
2022-03-27 16:44:24,535.69
2022-03-27 16:44:29,535.69
2022-03-27 16:44:34,535.75
2022-03-27 16:44:39,535.69
2022-03-27 16:44:44,535.75
2022-03-27 16:44:49,535.79
2022-03-27 16:44:54,535.76
2022-03-27 16:44:59,535.76
2022-03-27 16:45:04,535.79
2022-03-27 16:45:09,535.79
2022-03-27 16:45:14,535.79
2022-03-27 16:45:19,535.79
2022-03-27 16:45:24,535.85
2022-03-27 16:45:29,535.79
2022-03-27 16:45:34,535.79
2022-03-27 16:45:39,535.85
2022-03-27 16:45:44,535.85
2022-03-27 16:45:49,535.85
2022-03-27 16:45:54,535.85
2022-03-27 16:45:59,535.85
2022-03-27 16:46:04,535.85
2022-03-27 16:46:09,535.85
2022-03-27 16:46:14,535.92
2022-03-27 16:46:19,535.92
2022-03-27 16:46:24,535.92
2022-03-27 16:46:29,535.92
2022-03-27 16:46:34,535.92
2022-03-27 16:46:39,535.92
2022-03-27 16:46:44,535.92
2022-03-27 16:46:49,535.92
2022-03-27 16:46:54,535.92
2022-03-27 16:46:59,535.92
2022-03-27 16:47:04,535.85
2022-03-27 16:47:09,535.92
2022-03-27 16:47:14,535.92
2022-03-27 16:47:19,535.92
2022-03-27 16:47:24,535.92
2022-03-27 16:47:29,535.92
2022-03-27 16:47:34,535.92
2022-03-27 16:47:39,535.92
2022-03-27 16:47:44,535.99
2022-03-27 16:47:49,535.99
2022-03-27 16:47:54,535.99
2022-03-27 16:47:59,536.02
2022-03-27 16:48:04,536.02
2022-03-27 16:48:09,536.02
2022-03-27 16:48:14,536.08
2022-03-27 16:48:19,536.15
2022-03-27 16:48:24,536.15
2022-03-27 16:48:29,536.21
2022-03-27 16:48:34,536.21
2022-03-27 16:48:39,536.22
2022-03-27 16:48:44,536.28
2022-03-27 16:48:49,536.28
2022-03-27 16:48:54,536.31
2022-03-27 16:48:59,536.37
2022-03-27 16:49:04,536.37
2022-03-27 16:49:09,536.44
2022-03-27 16:49:14,536.44
2022-03-27 16:49:19,536.53
2022-03-27 16:49:24,536.53
2022-03-27 16:49:29,536.54
2022-03-27 16:49:34,536.6
2022-03-27 16:49:39,536.67
2022-03-27 16:49:44,536.67
2022-03-27 16:49:49,536.73
2022-03-27 16:49:54,536.73
2022-03-27 16:49:59,536.73
2022-03-27 16:50:04,536.8
2022-03-27 16:50:09,536.83
2022-03-27 16:50:14,536.83
2022-03-27 16:50:19,536.89
2022-03-27 16:50:24,536.89
2022-03-27 16:50:29,536.96
2022-03-27 16:50:34,536.96
2022-03-27 16:50:39,536.96
2022-03-27 16:50:44,536.96
2022-03-27 16:50:49,537.02
2022-03-27 16:50:54,537.06
2022-03-27 16:50:59,537.06
2022-03-27 16:51:04,537.06
2022-03-27 16:51:09,537.12
2022-03-27 16:51:14,537.19
2022-03-27 16:51:19,537.12
2022-03-27 16:51:24,537.19
2022-03-27 16:51:29,537.19
2022-03-27 16:51:34,537.19
2022-03-27 16:51:39,537.25
2022-03-27 16:51:44,537.26
2022-03-27 16:51:49,537.26
2022-03-27 16:51:54,537.32
2022-03-27 16:51:59,537.32
2022-03-27 16:52:04,537.32
2022-03-27 16:52:09,537.35
2022-03-27 16:52:14,537.42
2022-03-27 16:52:19,537.36
2022-03-27 16:52:24,537.42
2022-03-27 16:52:29,537.42
2022-03-27 16:52:34,537.49
2022-03-27 16:52:39,537.55
2022-03-27 16:52:44,537.55
2022-03-27 16:52:49,537.59
2022-03-27 16:52:54,537.59
2022-03-27 16:52:59,537.65
2022-03-27 16:53:04,537.72
2022-03-27 16:53:09,537.78
2022-03-27 16:53:14,537.78
2022-03-27 16:53:19,537.85
2022-03-27 16:53:24,537.85
2022-03-27 16:53:29,537.94
2022-03-27 16:53:34,537.94
2022-03-27 16:53:39,538.01
2022-03-27 16:53:44,538.1
2022-03-27 16:53:49,538.17
2022-03-27 16:53:54,538.24
2022-03-27 16:53:59,538.24
2022-03-27 16:54:04,538.37
2022-03-27 16:54:09,538.4
2022-03-27 16:54:14,538.4
2022-03-27 16:54:19,538.46
2022-03-27 16:54:24,538.53
2022-03-27 16:54:29,538.62
2022-03-27 16:54:34,538.69
2022-03-27 16:54:39,538.75
2022-03-27 16:54:44,538.75
2022-03-27 16:54:49,538.88
2022-03-27 16:54:54,538.88
2022-03-27 16:54:59,538.98
2022-03-27 16:55:04,539.04
2022-03-27 16:55:09,539.04
2022-03-27 16:55:14,539.14
2022-03-27 16:55:19,539.21
2022-03-27 16:55:24,539.33
2022-03-27 16:55:29,539.33
2022-03-27 16:55:34,539.43
2022-03-27 16:55:39,539.5
2022-03-27 16:55:44,539.56
2022-03-27 16:55:49,539.62
2022-03-27 16:55:54,539.72
2022-03-27 16:55:59,539.79
2022-03-27 16:56:04,539.91
2022-03-27 16:56:09,539.94
2022-03-27 16:56:14,540.01
2022-03-27 16:56:19,540.14
2022-03-27 16:56:24,540.17
2022-03-27 16:56:29,540.3
2022-03-27 16:56:34,540.36
2022-03-27 16:56:39,540.42
2022-03-27 16:56:44,540.52
2022-03-27 16:56:49,540.65
2022-03-27 16:56:54,540.74
2022-03-27 16:56:59,540.74
2022-03-27 16:57:04,540.87
2022-03-27 16:57:09,540.97
2022-03-27 16:57:14,541.03
2022-03-27 16:57:19,541.16
2022-03-27 16:57:24,541.2
2022-03-27 16:57:29,541.26
2022-03-27 16:57:34,541.32
2022-03-27 16:57:39,541.45
2022-03-27 16:57:44,541.48
2022-03-27 16:57:49,541.67
2022-03-27 16:57:54,541.71
2022-03-27 16:57:59,541.77
2022-03-27 16:58:04,541.83
2022-03-27 16:58:09,541.96
2022-03-27 16:58:14,541.99
2022-03-27 16:58:19,542.05
2022-03-27 16:58:24,542.18
2022-03-27 16:58:29,542.18
2022-03-27 16:58:34,542.27
2022-03-27 16:58:39,542.4
2022-03-27 16:58:44,542.47
2022-03-27 16:58:49,542.5
2022-03-27 16:58:54,542.56
2022-03-27 16:58:59,542.69
2022-03-27 16:59:04,542.72
2022-03-27 16:59:09,542.79
2022-03-27 16:59:14,542.85
2022-03-27 16:59:19,542.92
2022-03-27 16:59:24,543.01
2022-03-27 16:59:29,543.08
2022-03-27 16:59:34,543.14
2022-03-27 16:59:39,543.14
2022-03-27 16:59:44,543.2
2022-03-27 16:59:49,543.3
2022-03-27 16:59:54,543.3
2022-03-27 16:59:59,543.36
2022-03-27 17:00:04,543.43
2022-03-27 17:00:09,543.49
2022-03-27 17:00:14,543.52
2022-03-27 17:00:19,543.59
2022-03-27 17:00:24,543.65
2022-03-27 17:00:29,543.72
2022-03-27 17:00:34,543.72
2022-03-27 17:00:39,543.81
2022-03-27 17:00:44,543.81
2022-03-27 17:00:49,543.81
2022-03-27 17:00:54,543.88
2022-03-27 17:00:59,543.94
2022-03-27 17:01:04,544.01
2022-03-27 17:01:09,544.0
2022-03-27 17:01:14,544.04
2022-03-27 17:01:19,544.04
2022-03-27 17:01:24,544.1
2022-03-27 17:01:29,544.1
2022-03-27 17:01:34,544.1
2022-03-27 17:01:39,544.1
2022-03-27 17:01:44,544.16
2022-03-27 17:01:49,544.1
2022-03-27 17:01:54,544.17
2022-03-27 17:01:59,544.1
2022-03-27 17:02:04,544.16
2022-03-27 17:02:09,544.1
2022-03-27 17:02:14,544.1
2022-03-27 17:02:19,544.1
2022-03-27 17:02:24,544.1
2022-03-27 17:02:29,544.1
2022-03-27 17:02:34,544.1
2022-03-27 17:02:39,544.1
2022-03-27 17:02:44,544.04
2022-03-27 17:02:49,544.01
2022-03-27 17:02:54,544.01
2022-03-27 17:02:59,543.94
2022-03-27 17:03:04,543.94
2022-03-27 17:03:09,543.88
2022-03-27 17:03:14,543.81
2022-03-27 17:03:19,543.75
2022-03-27 17:03:24,543.75
2022-03-27 17:03:29,543.72
2022-03-27 17:03:34,543.65
2022-03-27 17:03:39,543.59
2022-03-27 17:03:44,543.53
2022-03-27 17:03:49,543.5
2022-03-27 17:03:54,543.5
2022-03-27 17:03:59,543.43
2022-03-27 17:04:04,543.3
2022-03-27 17:04:09,543.24
2022-03-27 17:04:14,543.21
2022-03-27 17:04:19,543.08
2022-03-27 17:04:24,543.01
2022-03-27 17:04:29,542.92
2022-03-27 17:04:34,542.85
2022-03-27 17:04:39,542.79
2022-03-27 17:04:44,542.69
2022-03-27 17:04:49,542.63
2022-03-27 17:04:54,542.57
2022-03-27 17:04:59,542.47
2022-03-27 17:05:04,542.47
2022-03-27 17:05:09,542.34
2022-03-27 17:05:14,542.21
2022-03-27 17:05:19,542.21
2022-03-27 17:05:24,542.11
2022-03-27 17:05:29,542.05
2022-03-27 17:05:34,541.99
2022-03-27 17:05:39,541.89
2022-03-27 17:05:44,541.82
2022-03-27 17:05:49,541.76
2022-03-27 17:05:54,541.67
2022-03-27 17:05:59,541.6
2022-03-27 17:06:04,541.54
2022-03-27 17:06:09,541.44
2022-03-27 17:06:14,541.38
2022-03-27 17:06:19,541.38
2022-03-27 17:06:24,541.25
2022-03-27 17:06:29,541.19
2022-03-27 17:06:34,541.15
2022-03-27 17:06:39,541.03
2022-03-27 17:06:44,541.03
2022-03-27 17:06:49,540.96
2022-03-27 17:06:54,540.86
2022-03-27 17:06:59,540.8
2022-03-27 17:07:04,540.74
2022-03-27 17:07:09,540.74
2022-03-27 17:07:14,540.64
2022-03-27 17:07:19,540.64
2022-03-27 17:07:24,540.52
2022-03-27 17:07:29,540.45
2022-03-27 17:07:34,540.42
2022-03-27 17:07:39,540.42
2022-03-27 17:07:44,540.35
2022-03-27 17:07:49,540.29
2022-03-27 17:07:54,540.23
2022-03-27 17:07:59,540.16
2022-03-27 17:08:04,540.16
2022-03-27 17:08:09,540.07
2022-03-27 17:08:14,540.07
2022-03-27 17:08:19,540.0
2022-03-27 17:08:24,539.94
2022-03-27 17:08:29,539.9
2022-03-27 17:08:34,539.91
2022-03-27 17:08:39,539.84
2022-03-27 17:08:44,539.78
2022-03-27 17:08:49,539.71
2022-03-27 17:08:54,539.65
2022-03-27 17:08:59,539.65
2022-03-27 17:09:04,539.65
2022-03-27 17:09:09,539.62
2022-03-27 17:09:14,539.62
2022-03-27 17:09:19,539.49
2022-03-27 17:09:24,539.49
2022-03-27 17:09:29,539.43
2022-03-27 17:09:34,539.43
2022-03-27 17:09:39,539.33
2022-03-27 17:09:44,539.33
2022-03-27 17:09:49,539.33
2022-03-27 17:09:54,539.33
2022-03-27 17:09:59,539.27
2022-03-27 17:10:04,539.27
2022-03-27 17:10:09,539.21
2022-03-27 17:10:14,539.14
2022-03-27 17:10:19,539.14
2022-03-27 17:10:24,539.11
2022-03-27 17:10:29,539.11
2022-03-27 17:10:34,539.05
2022-03-27 17:10:39,538.98
2022-03-27 17:10:44,538.92
2022-03-27 17:10:49,538.99
2022-03-27 17:10:54,538.89
2022-03-27 17:10:59,538.89
2022-03-27 17:11:04,538.83
2022-03-27 17:11:09,538.83
2022-03-27 17:11:14,538.77
2022-03-27 17:11:19,538.7
2022-03-27 17:11:24,538.7
2022-03-27 17:11:29,538.7
2022-03-27 17:11:34,538.64
2022-03-27 17:11:39,538.64
2022-03-27 17:11:44,538.61
2022-03-27 17:11:49,538.61
2022-03-27 17:11:54,538.54
2022-03-27 17:11:59,538.54
2022-03-27 17:12:04,538.54
2022-03-27 17:12:09,538.55
2022-03-27 17:12:14,538.48
2022-03-27 17:12:19,538.48
2022-03-27 17:12:24,538.41
2022-03-27 17:12:29,538.41
2022-03-27 17:12:34,538.41
2022-03-27 17:12:39,538.41
2022-03-27 17:12:44,538.39
2022-03-27 17:12:49,538.38
2022-03-27 17:12:54,538.38
2022-03-27 17:12:59,538.32
2022-03-27 17:13:04,538.25
2022-03-27 17:13:09,538.32
2022-03-27 17:13:14,538.26
2022-03-27 17:13:19,538.26
2022-03-27 17:13:24,538.26
2022-03-27 17:13:29,538.26
2022-03-27 17:13:34,538.25
2022-03-27 17:13:39,538.19
2022-03-27 17:13:44,538.19
2022-03-27 17:13:49,538.19
2022-03-27 17:13:54,538.13
2022-03-27 17:13:59,538.13
2022-03-27 17:14:04,538.19
2022-03-27 17:14:09,538.09
2022-03-27 17:14:14,538.09
2022-03-27 17:14:19,538.03
2022-03-27 17:14:24,538.03
2022-03-27 17:14:29,537.96
2022-03-27 17:14:34,537.96
2022-03-27 17:14:39,537.9
2022-03-27 17:14:44,537.9
2022-03-27 17:14:49,537.86
2022-03-27 17:14:54,537.86
2022-03-27 17:14:59,537.86
2022-03-27 17:15:04,537.8
2022-03-27 17:15:09,537.73
2022-03-27 17:15:14,537.73
2022-03-27 17:15:19,537.67
2022-03-27 17:15:24,537.67
2022-03-27 17:15:29,537.67
2022-03-27 17:15:34,537.6
2022-03-27 17:15:39,537.57
2022-03-27 17:15:44,537.56
2022-03-27 17:15:49,537.56
2022-03-27 17:15:54,537.56
2022-03-27 17:15:59,537.56
2022-03-27 17:16:04,537.5
2022-03-27 17:16:09,537.5
2022-03-27 17:16:14,537.43
2022-03-27 17:16:19,537.43
2022-03-27 17:16:24,537.43
2022-03-27 17:16:29,537.37
2022-03-27 17:16:34,537.36
2022-03-27 17:16:39,537.33
2022-03-27 17:16:44,537.33
2022-03-27 17:16:49,537.33
2022-03-27 17:16:54,537.33
2022-03-27 17:16:59,537.33
2022-03-27 17:17:04,537.26
2022-03-27 17:17:09,537.33
2022-03-27 17:17:14,537.33
2022-03-27 17:17:19,537.33
2022-03-27 17:17:24,537.36
2022-03-27 17:17:29,537.32
2022-03-27 17:17:34,537.32
2022-03-27 17:17:39,537.33
2022-03-27 17:17:44,537.32
2022-03-27 17:17:49,537.36
2022-03-27 17:17:54,537.35
2022-03-27 17:17:59,537.35
2022-03-27 17:18:04,537.35
2022-03-27 17:18:09,537.42
2022-03-27 17:18:14,537.42
2022-03-27 17:18:19,537.42
2022-03-27 17:18:24,537.42
2022-03-27 17:18:29,537.42
2022-03-27 17:18:34,537.48
2022-03-27 17:18:39,537.48
2022-03-27 17:18:44,537.54
2022-03-27 17:18:49,537.54
2022-03-27 17:18:54,537.54
2022-03-27 17:18:59,537.58
2022-03-27 17:19:04,537.57
2022-03-27 17:19:09,537.57
2022-03-27 17:19:14,537.64
2022-03-27 17:19:19,537.7
2022-03-27 17:19:24,537.64
2022-03-27 17:19:29,537.7
2022-03-27 17:19:34,537.7
2022-03-27 17:19:39,537.77
2022-03-27 17:19:44,537.77
2022-03-27 17:19:49,537.83
2022-03-27 17:19:54,537.83
2022-03-27 17:19:59,537.83
2022-03-27 17:20:04,537.86
2022-03-27 17:20:09,537.93
2022-03-27 17:20:14,537.93
2022-03-27 17:20:19,537.93
2022-03-27 17:20:24,537.99
2022-03-27 17:20:29,538.0
2022-03-27 17:20:34,538.0
2022-03-27 17:20:39,538.09
2022-03-27 17:20:44,538.06
2022-03-27 17:20:49,538.09
2022-03-27 17:20:54,538.09
2022-03-27 17:20:59,538.16
2022-03-27 17:21:04,538.22
2022-03-27 17:21:09,538.29
2022-03-27 17:21:14,538.29
2022-03-27 17:21:19,538.29
2022-03-27 17:21:24,538.35
2022-03-27 17:21:29,538.35
2022-03-27 17:21:34,538.38
2022-03-27 17:21:39,538.45
2022-03-27 17:21:44,538.51
2022-03-27 17:21:49,538.51
2022-03-27 17:21:54,538.58
2022-03-27 17:21:59,538.58
2022-03-27 17:22:04,538.58
2022-03-27 17:22:09,538.61
2022-03-27 17:22:14,538.67
2022-03-27 17:22:19,538.68
2022-03-27 17:22:24,538.74
2022-03-27 17:22:29,538.74
2022-03-27 17:22:34,538.8
2022-03-27 17:22:39,538.81
2022-03-27 17:22:44,538.87
2022-03-27 17:22:49,538.87
2022-03-27 17:22:54,538.91
2022-03-27 17:22:59,538.97
2022-03-27 17:23:04,538.9
2022-03-27 17:23:09,538.97
2022-03-27 17:23:14,538.97
2022-03-27 17:23:19,539.03
2022-03-27 17:23:24,539.1
2022-03-27 17:23:29,539.13
2022-03-27 17:23:34,539.13
2022-03-27 17:23:39,539.13
2022-03-27 17:23:44,539.2
2022-03-27 17:23:49,539.13
2022-03-27 17:23:54,539.2
2022-03-27 17:23:59,539.26
2022-03-27 17:24:04,539.26
2022-03-27 17:24:09,539.26
2022-03-27 17:24:14,539.33
2022-03-27 17:24:19,539.33
2022-03-27 17:24:24,539.39
2022-03-27 17:24:29,539.39
2022-03-27 17:24:34,539.39
2022-03-27 17:24:39,539.42
2022-03-27 17:24:44,539.42
2022-03-27 17:24:49,539.42
2022-03-27 17:24:54,539.42
2022-03-27 17:24:59,539.49
2022-03-27 17:25:04,539.55
2022-03-27 17:25:09,539.56
2022-03-27 17:25:14,539.55
2022-03-27 17:25:19,539.62
2022-03-27 17:25:24,539.62
2022-03-27 17:25:29,539.65
2022-03-27 17:25:34,539.72
2022-03-27 17:25:39,539.65
2022-03-27 17:25:44,539.72
2022-03-27 17:25:49,539.72
2022-03-27 17:25:54,539.72
2022-03-27 17:25:59,539.78
2022-03-27 17:26:04,539.78
2022-03-27 17:26:09,539.85
2022-03-27 17:26:14,539.85
2022-03-27 17:26:19,539.91
2022-03-27 17:26:24,539.91
2022-03-27 17:26:29,539.94
2022-03-27 17:26:34,539.95
2022-03-27 17:26:39,539.94
2022-03-27 17:26:44,539.95
2022-03-27 17:26:49,540.07
2022-03-27 17:26:54,540.07
2022-03-27 17:26:59,540.07
2022-03-27 17:27:04,540.07
2022-03-27 17:27:09,540.14
2022-03-27 17:27:14,540.14
2022-03-27 17:27:19,540.14
2022-03-27 17:27:24,540.18
2022-03-27 17:27:29,540.18
2022-03-27 17:27:34,540.17
2022-03-27 17:27:39,540.24
2022-03-27 17:27:44,540.24
2022-03-27 17:27:49,540.24
2022-03-27 17:27:54,540.24
2022-03-27 17:27:59,540.31
2022-03-27 17:28:04,540.31
2022-03-27 17:28:09,540.31
2022-03-27 17:28:14,540.38
2022-03-27 17:28:19,540.31
2022-03-27 17:28:24,540.44
2022-03-27 17:28:29,540.44
2022-03-27 17:28:34,540.44
2022-03-27 17:28:39,540.48
2022-03-27 17:28:44,540.44
2022-03-27 17:28:49,540.48
2022-03-27 17:28:54,540.48
2022-03-27 17:28:59,540.54
2022-03-27 17:29:04,540.54
2022-03-27 17:29:09,540.54
2022-03-27 17:29:14,540.54
2022-03-27 17:29:19,540.55
2022-03-27 17:29:24,540.61
2022-03-27 17:29:29,540.61
2022-03-27 17:29:34,540.61
2022-03-27 17:29:39,540.61
2022-03-27 17:29:44,540.61
2022-03-27 17:29:49,540.68
2022-03-27 17:29:54,540.68
2022-03-27 17:29:59,540.68
2022-03-27 17:30:04,540.71
2022-03-27 17:30:09,540.71
2022-03-27 17:30:14,540.71
2022-03-27 17:30:19,540.71
2022-03-27 17:30:24,540.77
2022-03-27 17:30:29,540.78
2022-03-27 17:30:34,540.84
2022-03-27 17:30:39,540.84
2022-03-27 17:30:44,540.91
2022-03-27 17:30:49,540.91
2022-03-27 17:30:54,540.91
2022-03-27 17:30:59,540.91
2022-03-27 17:31:04,540.97
2022-03-27 17:31:09,540.97
2022-03-27 17:31:14,540.97
2022-03-27 17:31:19,540.98
2022-03-27 17:31:24,540.97
2022-03-27 17:31:29,540.98
2022-03-27 17:31:34,540.97
2022-03-27 17:31:39,540.97
2022-03-27 17:31:44,540.97
2022-03-27 17:31:49,540.97
2022-03-27 17:31:54,540.91
2022-03-27 17:31:59,540.97
2022-03-27 17:32:04,540.91
2022-03-27 17:32:09,540.97
2022-03-27 17:32:14,540.97
2022-03-27 17:32:19,540.97
2022-03-27 17:32:24,540.91
2022-03-27 17:32:29,540.91
2022-03-27 17:32:34,540.91
2022-03-27 17:32:39,540.84
2022-03-27 17:32:44,540.84
2022-03-27 17:32:49,540.84
2022-03-27 17:32:54,540.84
2022-03-27 17:32:59,540.77
2022-03-27 17:33:04,540.78
2022-03-27 17:33:09,540.71
2022-03-27 17:33:14,540.71
2022-03-27 17:33:19,540.68
2022-03-27 17:33:24,540.68
2022-03-27 17:33:29,540.61
2022-03-27 17:33:34,540.67
2022-03-27 17:33:39,540.6
2022-03-27 17:33:44,540.54
2022-03-27 17:33:49,540.54
2022-03-27 17:33:54,540.54
2022-03-27 17:33:59,540.48
2022-03-27 17:34:04,540.45
2022-03-27 17:34:09,540.45
2022-03-27 17:34:14,540.45
2022-03-27 17:34:19,540.38
2022-03-27 17:34:24,540.38
2022-03-27 17:34:29,540.38
2022-03-27 17:34:34,540.38
2022-03-27 17:34:39,540.31
2022-03-27 17:34:44,540.31
2022-03-27 17:34:49,540.31
2022-03-27 17:34:54,540.25
2022-03-27 17:34:59,540.25
2022-03-27 17:35:04,540.18
2022-03-27 17:35:09,540.18
2022-03-27 17:35:14,540.14
2022-03-27 17:35:19,540.08
2022-03-27 17:35:24,540.02
2022-03-27 17:35:29,539.95
2022-03-27 17:35:34,539.95
2022-03-27 17:35:39,539.95
2022-03-27 17:35:44,539.91
2022-03-27 17:35:49,539.85
2022-03-27 17:35:54,539.72
2022-03-27 17:35:59,539.66
2022-03-27 17:36:04,539.65
2022-03-27 17:36:09,539.62
2022-03-27 17:36:14,539.62
2022-03-27 17:36:19,539.56
2022-03-27 17:36:24,539.43
2022-03-27 17:36:29,539.39
2022-03-27 17:36:34,539.39
2022-03-27 17:36:39,539.27
2022-03-27 17:36:44,539.2
2022-03-27 17:36:49,539.14
2022-03-27 17:36:54,539.1
2022-03-27 17:36:59,538.98
2022-03-27 17:37:04,538.98
2022-03-27 17:37:09,538.88
2022-03-27 17:37:14,538.88
2022-03-27 17:37:19,538.82
2022-03-27 17:37:24,538.69
2022-03-27 17:37:29,538.62
2022-03-27 17:37:34,538.59
2022-03-27 17:37:39,538.52
2022-03-27 17:37:44,538.46
2022-03-27 17:37:49,538.36
2022-03-27 17:37:54,538.36
2022-03-27 17:37:59,538.23
2022-03-27 17:38:04,538.17
2022-03-27 17:38:09,538.1
2022-03-27 17:38:14,538.07
2022-03-27 17:38:19,538.07
2022-03-27 17:38:24,538.01
2022-03-27 17:38:29,537.88
2022-03-27 17:38:34,537.85
2022-03-27 17:38:39,537.85
2022-03-27 17:38:44,537.72
2022-03-27 17:38:49,537.66
2022-03-27 17:38:54,537.59
2022-03-27 17:38:59,537.59
2022-03-27 17:39:04,537.56
2022-03-27 17:39:09,537.49
2022-03-27 17:39:14,537.37
2022-03-27 17:39:19,537.37
2022-03-27 17:39:24,537.27
2022-03-27 17:39:29,537.2
2022-03-27 17:39:34,537.14
2022-03-27 17:39:39,537.08
2022-03-27 17:39:44,536.98
2022-03-27 17:39:49,536.92
2022-03-27 17:39:54,536.92
2022-03-27 17:39:59,536.82
2022-03-27 17:40:04,536.82
2022-03-27 17:40:09,536.69
2022-03-27 17:40:14,536.69
2022-03-27 17:40:19,536.63
2022-03-27 17:40:24,536.53
2022-03-27 17:40:29,536.47
2022-03-27 17:40:34,536.47
2022-03-27 17:40:39,536.4
2022-03-27 17:40:44,536.31
2022-03-27 17:40:49,536.31
2022-03-27 17:40:54,536.24
2022-03-27 17:40:59,536.18
2022-03-27 17:41:04,536.11
2022-03-27 17:41:09,536.05
2022-03-27 17:41:14,536.02
2022-03-27 17:41:19,535.95
2022-03-27 17:41:24,535.89
2022-03-27 17:41:29,535.82
2022-03-27 17:41:34,535.82
2022-03-27 17:41:39,535.79
2022-03-27 17:41:44,535.79
2022-03-27 17:41:49,535.73
2022-03-27 17:41:54,535.66
2022-03-27 17:41:59,535.67
2022-03-27 17:42:04,535.6
2022-03-27 17:42:09,535.54
2022-03-27 17:42:14,535.54
2022-03-27 17:42:19,535.54
2022-03-27 17:42:24,535.5
2022-03-27 17:42:29,535.51
2022-03-27 17:42:34,535.44
2022-03-27 17:42:39,535.44
2022-03-27 17:42:44,535.44
2022-03-27 17:42:49,535.44
2022-03-27 17:42:54,535.44
2022-03-27 17:42:59,535.44
2022-03-27 17:43:04,535.38
2022-03-27 17:43:09,535.38
2022-03-27 17:43:14,535.38
2022-03-27 17:43:19,535.38
2022-03-27 17:43:24,535.31
2022-03-27 17:43:29,535.38
2022-03-27 17:43:34,535.32
2022-03-27 17:43:39,535.32
2022-03-27 17:43:44,535.38
2022-03-27 17:43:49,535.38
2022-03-27 17:43:54,535.38
2022-03-27 17:43:59,535.38
2022-03-27 17:44:04,535.38
2022-03-27 17:44:09,535.45
2022-03-27 17:44:14,535.44
2022-03-27 17:44:19,535.45
2022-03-27 17:44:24,535.51
2022-03-27 17:44:29,535.51
2022-03-27 17:44:34,535.51
2022-03-27 17:44:39,535.54
2022-03-27 17:44:44,535.54
2022-03-27 17:44:49,535.6
2022-03-27 17:44:54,535.67
2022-03-27 17:44:59,535.67
2022-03-27 17:45:04,535.67
2022-03-27 17:45:09,535.74
2022-03-27 17:45:14,535.8
2022-03-27 17:45:19,535.8
2022-03-27 17:45:24,535.9
2022-03-27 17:45:29,535.9
2022-03-27 17:45:34,535.97
2022-03-27 17:45:39,535.96
2022-03-27 17:45:44,536.03
2022-03-27 17:45:49,536.06
2022-03-27 17:45:54,536.13
2022-03-27 17:45:59,536.19
2022-03-27 17:46:04,536.26
2022-03-27 17:46:09,536.26
2022-03-27 17:46:14,536.32
2022-03-27 17:46:19,536.36
2022-03-27 17:46:24,536.36
2022-03-27 17:46:29,536.48
2022-03-27 17:46:34,536.55
2022-03-27 17:46:39,536.55
2022-03-27 17:46:44,536.58
2022-03-27 17:46:49,536.65
2022-03-27 17:46:54,536.71
2022-03-27 17:46:59,536.78
2022-03-27 17:47:04,536.84
2022-03-27 17:47:09,536.88
2022-03-27 17:47:14,536.94
2022-03-27 17:47:19,537.01
2022-03-27 17:47:24,537.07
2022-03-27 17:47:29,537.1
2022-03-27 17:47:34,537.11
2022-03-27 17:47:39,537.17
2022-03-27 17:47:44,537.23
2022-03-27 17:47:49,537.3
2022-03-27 17:47:54,537.4
2022-03-27 17:47:59,537.4
2022-03-27 17:48:04,537.46
2022-03-27 17:48:09,537.53
2022-03-27 17:48:14,537.59
2022-03-27 17:48:19,537.69
2022-03-27 17:48:24,537.69
2022-03-27 17:48:29,537.76
2022-03-27 17:48:34,537.82
2022-03-27 17:48:39,537.82
2022-03-27 17:48:44,537.88
2022-03-27 17:48:49,537.98
2022-03-27 17:48:54,538.05
2022-03-27 17:48:59,538.11
2022-03-27 17:49:04,538.11
2022-03-27 17:49:09,538.14
2022-03-27 17:49:14,538.21
2022-03-27 17:49:19,538.34
2022-03-27 17:49:24,538.4
2022-03-27 17:49:29,538.4
2022-03-27 17:49:34,538.43
2022-03-27 17:49:39,538.5
2022-03-27 17:49:44,538.63
2022-03-27 17:49:49,538.66
2022-03-27 17:49:54,538.72
2022-03-27 17:49:59,538.85
2022-03-27 17:50:04,538.92
2022-03-27 17:50:09,538.91
2022-03-27 17:50:14,539.01
2022-03-27 17:50:19,539.08
2022-03-27 17:50:24,539.17
2022-03-27 17:50:29,539.24
2022-03-27 17:50:34,539.24
2022-03-27 17:50:39,539.37
2022-03-27 17:50:44,539.46
2022-03-27 17:50:49,539.53
2022-03-27 17:50:54,539.59
2022-03-27 17:50:59,539.66
2022-03-27 17:51:04,539.75
2022-03-27 17:51:09,539.81
2022-03-27 17:51:14,539.94
2022-03-27 17:51:19,539.97
2022-03-27 17:51:24,540.04
2022-03-27 17:51:29,540.17
2022-03-27 17:51:34,540.2
2022-03-27 17:51:39,540.32
2022-03-27 17:51:44,540.39
2022-03-27 17:51:49,540.48
2022-03-27 17:51:54,540.55
2022-03-27 17:51:59,540.68
2022-03-27 17:52:04,540.71
2022-03-27 17:52:09,540.9
2022-03-27 17:52:14,540.97
2022-03-27 17:52:19,541.06
2022-03-27 17:52:24,541.19
2022-03-27 17:52:29,541.22
2022-03-27 17:52:34,541.35
2022-03-27 17:52:39,541.41
2022-03-27 17:52:44,541.48
2022-03-27 17:52:49,541.57
2022-03-27 17:52:54,541.7
2022-03-27 17:52:59,541.8
2022-03-27 17:53:04,541.92
2022-03-27 17:53:09,542.02
2022-03-27 17:53:14,542.15
2022-03-27 17:53:19,542.24
2022-03-27 17:53:24,542.31
2022-03-27 17:53:29,542.44
2022-03-27 17:53:34,542.53
2022-03-27 17:53:39,542.6
2022-03-27 17:53:44,542.72
2022-03-27 17:53:49,542.82
2022-03-27 17:53:54,542.95
2022-03-27 17:53:59,543.01
2022-03-27 17:54:04,543.17
2022-03-27 17:54:09,543.24
2022-03-27 17:54:14,543.33
2022-03-27 17:54:19,543.46
2022-03-27 17:54:24,543.52
2022-03-27 17:54:29,543.55
2022-03-27 17:54:34,543.75
2022-03-27 17:54:39,543.84
2022-03-27 17:54:44,543.91
2022-03-27 17:54:49,543.97
2022-03-27 17:54:54,544.07
2022-03-27 17:54:59,544.2
2022-03-27 17:55:04,544.29
2022-03-27 17:55:09,544.36
2022-03-27 17:55:14,544.42
2022-03-27 17:55:19,544.55
2022-03-27 17:55:24,544.58
2022-03-27 17:55:29,544.71
2022-03-27 17:55:34,544.77
2022-03-27 17:55:39,544.87
2022-03-27 17:55:44,545.0
2022-03-27 17:55:49,545.06
2022-03-27 17:55:54,545.09
2022-03-27 17:55:59,545.22
2022-03-27 17:56:04,545.28
2022-03-27 17:56:09,545.32
2022-03-27 17:56:14,545.38
2022-03-27 17:56:19,545.38
2022-03-27 17:56:24,545.58
2022-03-27 17:56:29,545.51
2022-03-27 17:56:34,545.57
2022-03-27 17:56:39,545.61
2022-03-27 17:56:44,545.67
2022-03-27 17:56:49,545.67
2022-03-27 17:56:54,545.74
2022-03-27 17:56:59,545.8
2022-03-27 17:57:04,545.8
2022-03-27 17:57:09,545.8
2022-03-27 17:57:14,545.9
2022-03-27 17:57:19,545.83
2022-03-27 17:57:24,545.9
2022-03-27 17:57:29,545.9
2022-03-27 17:57:34,545.9
2022-03-27 17:57:39,545.96
2022-03-27 17:57:44,545.96
2022-03-27 17:57:49,545.97
2022-03-27 17:57:54,545.97
2022-03-27 17:57:59,545.96
2022-03-27 17:58:04,545.97
2022-03-27 17:58:09,545.97
2022-03-27 17:58:14,545.96
2022-03-27 17:58:19,545.97
2022-03-27 17:58:24,545.9
2022-03-27 17:58:29,545.9
2022-03-27 17:58:34,545.9
2022-03-27 17:58:39,545.84
2022-03-27 17:58:44,545.84
2022-03-27 17:58:49,545.81
2022-03-27 17:58:54,545.74
2022-03-27 17:58:59,545.68
2022-03-27 17:59:04,545.68
2022-03-27 17:59:09,545.58
2022-03-27 17:59:14,545.52
2022-03-27 17:59:19,545.52
2022-03-27 17:59:24,545.45
2022-03-27 17:59:29,545.39
2022-03-27 17:59:34,545.29
2022-03-27 17:59:39,545.23
2022-03-27 17:59:44,545.1
2022-03-27 17:59:49,545.07
2022-03-27 17:59:54,544.94
2022-03-27 17:59:59,544.87
2022-03-27 18:00:04,544.78
2022-03-27 18:00:09,544.71
2022-03-27 18:00:14,544.65
2022-03-27 18:00:19,544.49
2022-03-27 18:00:24,544.42
2022-03-27 18:00:29,544.36
2022-03-27 18:00:34,544.26
2022-03-27 18:00:39,544.13
2022-03-27 18:00:44,544.04
2022-03-27 18:00:49,543.84
2022-03-27 18:00:54,543.78
2022-03-27 18:00:59,543.68
2022-03-27 18:01:04,543.56
2022-03-27 18:01:09,543.52
2022-03-27 18:01:14,543.4
2022-03-27 18:01:19,543.24
2022-03-27 18:01:24,543.11
2022-03-27 18:01:29,543.01
2022-03-27 18:01:34,542.88
2022-03-27 18:01:39,542.75
2022-03-27 18:01:44,542.66
2022-03-27 18:01:49,542.5
2022-03-27 18:01:54,542.3
2022-03-27 18:01:59,542.21
2022-03-27 18:02:04,542.08
2022-03-27 18:02:09,541.98
2022-03-27 18:02:14,541.79
2022-03-27 18:02:19,541.72
2022-03-27 18:02:24,541.56
2022-03-27 18:02:29,541.47
2022-03-27 18:02:34,541.34
2022-03-27 18:02:39,541.18
2022-03-27 18:02:44,541.05
2022-03-27 18:02:49,540.95
2022-03-27 18:02:54,540.82
2022-03-27 18:02:59,540.69
2022-03-27 18:03:04,540.6
2022-03-27 18:03:09,540.47
2022-03-27 18:03:14,540.37
2022-03-27 18:03:19,540.18
2022-03-27 18:03:24,540.08
2022-03-27 18:03:29,540.02
2022-03-27 18:03:34,539.92
2022-03-27 18:03:39,539.8
2022-03-27 18:03:44,539.73
2022-03-27 18:03:49,539.63
2022-03-27 18:03:54,539.51
2022-03-27 18:03:59,539.44
2022-03-27 18:04:04,539.34
2022-03-27 18:04:09,539.28
2022-03-27 18:04:14,539.15
2022-03-27 18:04:19,539.12
2022-03-27 18:04:24,538.99
2022-03-27 18:04:29,538.93
2022-03-27 18:04:34,538.83
2022-03-27 18:04:39,538.77
2022-03-27 18:04:44,538.7
2022-03-27 18:04:49,538.61
2022-03-27 18:04:54,538.54
2022-03-27 18:04:59,538.48
2022-03-27 18:05:04,538.38
2022-03-27 18:05:09,538.32
2022-03-27 18:05:14,538.32
2022-03-27 18:05:19,538.19
2022-03-27 18:05:24,538.19
2022-03-27 18:05:29,538.1
2022-03-27 18:05:34,538.03
2022-03-27 18:05:39,537.97
2022-03-27 18:05:44,537.9
2022-03-27 18:05:49,537.87
2022-03-27 18:05:54,537.87
2022-03-27 18:05:59,537.75
2022-03-27 18:06:04,537.75
2022-03-27 18:06:09,537.68
2022-03-27 18:06:14,537.68
2022-03-27 18:06:19,537.62
2022-03-27 18:06:24,537.62
2022-03-27 18:06:29,537.62
2022-03-27 18:06:34,537.59
2022-03-27 18:06:39,537.62
2022-03-27 18:06:44,537.59
2022-03-27 18:06:49,537.59
2022-03-27 18:06:54,537.59
2022-03-27 18:06:59,537.59
2022-03-27 18:07:04,537.59
2022-03-27 18:07:09,537.59
2022-03-27 18:07:14,537.59
2022-03-27 18:07:19,537.62
2022-03-27 18:07:24,537.62
2022-03-27 18:07:29,537.62
2022-03-27 18:07:34,537.62
2022-03-27 18:07:39,537.69
2022-03-27 18:07:44,537.69
2022-03-27 18:07:49,537.69
2022-03-27 18:07:54,537.76
2022-03-27 18:07:59,537.82
2022-03-27 18:08:04,537.76
2022-03-27 18:08:09,537.82
2022-03-27 18:08:14,537.88
2022-03-27 18:08:19,537.88
2022-03-27 18:08:24,537.91
2022-03-27 18:08:29,537.98
2022-03-27 18:08:34,537.98
2022-03-27 18:08:39,538.05
2022-03-27 18:08:44,538.11
2022-03-27 18:08:49,538.11
2022-03-27 18:08:54,538.2
2022-03-27 18:08:59,538.27
2022-03-27 18:09:04,538.33
2022-03-27 18:09:09,538.4
2022-03-27 18:09:14,538.4
2022-03-27 18:09:19,538.49
2022-03-27 18:09:24,538.56
2022-03-27 18:09:29,538.62
2022-03-27 18:09:34,538.71
2022-03-27 18:09:39,538.84
2022-03-27 18:09:44,538.84
2022-03-27 18:09:49,538.94
2022-03-27 18:09:54,539.07
2022-03-27 18:09:59,539.13
2022-03-27 18:10:04,539.23
2022-03-27 18:10:09,539.36
2022-03-27 18:10:14,539.42
2022-03-27 18:10:19,539.51
2022-03-27 18:10:24,539.58
2022-03-27 18:10:29,539.67
2022-03-27 18:10:34,539.8
2022-03-27 18:10:39,539.93
2022-03-27 18:10:44,539.93
2022-03-27 18:10:49,540.09
2022-03-27 18:10:54,540.18
2022-03-27 18:10:59,540.25
2022-03-27 18:11:04,540.37
2022-03-27 18:11:09,540.47
2022-03-27 18:11:14,540.54
2022-03-27 18:11:19,540.66
2022-03-27 18:11:24,540.76
2022-03-27 18:11:29,540.89
2022-03-27 18:11:34,540.95
2022-03-27 18:11:39,541.04
2022-03-27 18:11:44,541.17
2022-03-27 18:11:49,541.27
2022-03-27 18:11:54,541.4
2022-03-27 18:11:59,541.46
2022-03-27 18:12:04,541.69
2022-03-27 18:12:09,541.68
2022-03-27 18:12:14,541.85
2022-03-27 18:12:19,541.91
2022-03-27 18:12:24,542.01
2022-03-27 18:12:29,542.13
2022-03-27 18:12:34,542.23
2022-03-27 18:12:39,542.42
2022-03-27 18:12:44,542.49
2022-03-27 18:12:49,542.58
2022-03-27 18:12:54,542.71
2022-03-27 18:12:59,542.81
2022-03-27 18:13:04,542.94
2022-03-27 18:13:09,543.03
2022-03-27 18:13:14,543.16
2022-03-27 18:13:19,543.26
2022-03-27 18:13:24,543.38
2022-03-27 18:13:29,543.51
2022-03-27 18:13:34,543.61
2022-03-27 18:13:39,543.74
2022-03-27 18:13:44,543.83
2022-03-27 18:13:49,543.9
2022-03-27 18:13:54,544.03
2022-03-27 18:13:59,544.12
2022-03-27 18:14:04,544.25
2022-03-27 18:14:09,544.35
2022-03-27 18:14:14,544.48
2022-03-27 18:14:19,544.57
2022-03-27 18:14:24,544.7
2022-03-27 18:14:29,544.8
2022-03-27 18:14:34,544.86
2022-03-27 18:14:39,544.99
2022-03-27 18:14:44,545.09
2022-03-27 18:14:49,545.22
2022-03-27 18:14:54,545.28
2022-03-27 18:14:59,545.31
2022-03-27 18:15:04,545.44
2022-03-27 18:15:09,545.51
2022-03-27 18:15:14,545.67
2022-03-27 18:15:19,545.67
2022-03-27 18:15:24,545.79
2022-03-27 18:15:29,545.83
2022-03-27 18:15:34,545.89
2022-03-27 18:15:39,545.96
2022-03-27 18:15:44,546.02
2022-03-27 18:15:49,546.02
2022-03-27 18:15:54,546.12
2022-03-27 18:15:59,546.12
2022-03-27 18:16:04,546.18
2022-03-27 18:16:09,546.18
2022-03-27 18:16:14,546.25
2022-03-27 18:16:19,546.25
2022-03-27 18:16:24,546.31
2022-03-27 18:16:29,546.31
2022-03-27 18:16:34,546.31
2022-03-27 18:16:39,546.31
2022-03-27 18:16:44,546.25
2022-03-27 18:16:49,546.25
2022-03-27 18:16:54,546.25
2022-03-27 18:16:59,537.71
2022-03-27 18:17:04,546.18
2022-03-27 18:17:09,546.12
2022-03-27 18:17:14,546.12
2022-03-27 18:17:19,546.12
2022-03-27 18:17:24,546.02
2022-03-27 18:17:29,546.02
2022-03-27 18:17:34,546.03
2022-03-27 18:17:39,545.96
2022-03-27 18:17:44,537.71
2022-03-27 18:17:49,545.89
2022-03-27 18:17:54,545.83
2022-03-27 18:17:59,545.8
2022-03-27 18:18:04,545.74
2022-03-27 18:18:09,545.67
2022-03-27 18:18:14,545.67
2022-03-27 18:18:19,545.57
2022-03-27 18:18:24,545.51
2022-03-27 18:18:29,545.44
2022-03-27 18:18:34,545.32
2022-03-27 18:18:39,545.28
2022-03-27 18:18:44,545.16
2022-03-27 18:18:49,545.09
2022-03-27 18:18:54,544.99
2022-03-27 18:18:59,544.8
2022-03-27 18:19:04,544.8
2022-03-27 18:19:09,544.71
2022-03-27 18:19:14,544.58
2022-03-27 18:19:19,544.55
2022-03-27 18:19:24,544.35
2022-03-27 18:19:29,544.29
2022-03-27 18:19:34,544.19
2022-03-27 18:19:39,544.03
2022-03-27 18:19:44,543.97
2022-03-27 18:19:49,543.74
2022-03-27 18:19:54,543.68
2022-03-27 18:19:59,543.52
2022-03-27 18:20:04,543.39
2022-03-27 18:20:09,543.26
2022-03-27 18:20:14,543.1
2022-03-27 18:20:19,543.0
2022-03-27 18:20:24,542.81
2022-03-27 18:20:29,542.65
2022-03-27 18:20:34,542.52
2022-03-27 18:20:39,542.42
2022-03-27 18:20:44,542.23
2022-03-27 18:20:49,542.13
2022-03-27 18:20:54,541.97
2022-03-27 18:20:59,541.91
2022-03-27 18:21:04,541.72
2022-03-27 18:21:09,541.55
2022-03-27 18:21:14,541.46
2022-03-27 18:21:19,541.26
2022-03-27 18:21:24,541.17
2022-03-27 18:21:29,540.98
2022-03-27 18:21:34,540.81
2022-03-27 18:21:39,540.75
2022-03-27 18:21:44,540.59
2022-03-27 18:21:49,540.43
2022-03-27 18:21:54,540.3
2022-03-27 18:21:59,540.14
2022-03-27 18:22:04,540.01
2022-03-27 18:22:09,539.85
2022-03-27 18:22:14,539.72
2022-03-27 18:22:19,539.62
2022-03-27 18:22:24,539.43
2022-03-27 18:22:29,539.4
2022-03-27 18:22:34,539.21
2022-03-27 18:22:39,539.11
2022-03-27 18:22:44,538.98
2022-03-27 18:22:49,538.82
2022-03-27 18:22:54,538.76
2022-03-27 18:22:59,538.6
2022-03-27 18:23:04,538.47
2022-03-27 18:23:09,538.38
2022-03-27 18:23:14,538.25
2022-03-27 18:23:19,538.12
2022-03-27 18:23:24,538.02
2022-03-27 18:23:29,537.86
2022-03-27 18:23:34,537.8
2022-03-27 18:23:39,537.6
2022-03-27 18:23:44,537.57
2022-03-27 18:23:49,537.45
2022-03-27 18:23:54,537.35
2022-03-27 18:23:59,537.29
2022-03-27 18:24:04,537.16
2022-03-27 18:24:09,537.09
2022-03-27 18:24:14,537.06
2022-03-27 18:24:19,536.93
2022-03-27 18:24:24,536.84
2022-03-27 18:24:29,536.77
2022-03-27 18:24:34,536.65
2022-03-27 18:24:39,536.58
2022-03-27 18:24:44,536.55
2022-03-27 18:24:49,536.42
2022-03-27 18:24:54,536.36
2022-03-27 18:24:59,536.32
2022-03-27 18:25:04,536.26
2022-03-27 18:25:09,536.13
2022-03-27 18:25:14,536.07
2022-03-27 18:25:19,535.97
2022-03-27 18:25:24,535.91
2022-03-27 18:25:29,535.91
2022-03-27 18:25:34,535.81
2022-03-27 18:25:39,535.75
2022-03-27 18:25:44,535.68
2022-03-27 18:25:49,535.62
2022-03-27 18:25:54,535.55
2022-03-27 18:25:59,535.52
2022-03-27 18:26:04,535.39
2022-03-27 18:26:09,535.39
2022-03-27 18:26:14,535.39
2022-03-27 18:26:19,535.3
2022-03-27 18:26:24,535.3
2022-03-27 18:26:29,535.23
2022-03-27 18:26:34,535.17
2022-03-27 18:26:39,535.04
2022-03-27 18:26:44,535.04
2022-03-27 18:26:49,535.04
2022-03-27 18:26:54,535.01
2022-03-27 18:26:59,534.94
2022-03-27 18:27:04,534.88
2022-03-27 18:27:09,534.88
2022-03-27 18:27:14,534.88
2022-03-27 18:27:19,534.81
2022-03-27 18:27:24,534.81
2022-03-27 18:27:29,534.78
2022-03-27 18:27:34,534.78
2022-03-27 18:27:39,534.78
2022-03-27 18:27:44,534.78
2022-03-27 18:27:49,534.78
2022-03-27 18:27:54,534.78
2022-03-27 18:27:59,534.71
2022-03-27 18:28:04,534.77
2022-03-27 18:28:09,534.77
2022-03-27 18:28:14,534.77
2022-03-27 18:28:19,534.77
2022-03-27 18:28:24,534.8
2022-03-27 18:28:29,534.8
2022-03-27 18:28:34,534.87
2022-03-27 18:28:39,534.86
2022-03-27 18:28:44,534.93
2022-03-27 18:28:49,534.93
2022-03-27 18:28:54,534.99
2022-03-27 18:28:59,535.02
2022-03-27 18:29:04,535.08
2022-03-27 18:29:09,535.15
2022-03-27 18:29:14,535.22
2022-03-27 18:29:19,535.28
2022-03-27 18:29:24,535.31
2022-03-27 18:29:29,535.31
2022-03-27 18:29:34,535.37
2022-03-27 18:29:39,535.5
2022-03-27 18:29:44,535.53
2022-03-27 18:29:49,535.6
2022-03-27 18:29:54,535.66
2022-03-27 18:29:59,535.79
2022-03-27 18:30:04,535.82
2022-03-27 18:30:09,535.95
2022-03-27 18:30:14,536.01
2022-03-27 18:30:19,536.04
2022-03-27 18:30:24,536.17
2022-03-27 18:30:29,536.23
2022-03-27 18:30:34,536.39
2022-03-27 18:30:39,536.46
2022-03-27 18:30:44,536.62
2022-03-27 18:30:49,536.75
2022-03-27 18:30:54,536.84
2022-03-27 18:30:59,536.97
2022-03-27 18:31:04,537.07
2022-03-27 18:31:09,537.2
2022-03-27 18:31:14,537.35
2022-03-27 18:31:19,537.48
2022-03-27 18:31:24,537.58
2022-03-27 18:31:29,537.78
2022-03-27 18:31:34,537.93
2022-03-27 18:31:39,538.06
2022-03-27 18:31:44,538.16
2022-03-27 18:31:49,538.35
2022-03-27 18:31:54,538.45
2022-03-27 18:31:59,538.58
2022-03-27 18:32:04,538.8
2022-03-27 18:32:09,538.87
2022-03-27 18:32:14,539.03
2022-03-27 18:32:19,539.09
2022-03-27 18:32:24,539.25
2022-03-27 18:32:29,539.41
2022-03-27 18:32:34,539.54
2022-03-27 18:32:39,539.64
2022-03-27 18:32:44,539.77
2022-03-27 18:32:49,539.9
2022-03-27 18:32:54,540.06
2022-03-27 18:32:59,540.12
2022-03-27 18:33:04,540.28
2022-03-27 18:33:09,540.41
2022-03-27 18:33:14,540.57
2022-03-27 18:33:19,540.63
2022-03-27 18:33:24,540.79
2022-03-27 18:33:29,540.86
2022-03-27 18:33:34,541.02
2022-03-27 18:33:39,541.09
2022-03-27 18:33:44,541.25
2022-03-27 18:33:49,541.31
2022-03-27 18:33:54,541.44
2022-03-27 18:33:59,541.6
2022-03-27 18:34:04,541.7
2022-03-27 18:34:09,541.83
2022-03-27 18:34:14,541.96
2022-03-27 18:34:19,542.05
2022-03-27 18:34:24,542.12
2022-03-27 18:34:29,542.22
2022-03-27 18:34:34,542.41
2022-03-27 18:34:39,542.47
2022-03-27 18:34:44,542.57
2022-03-27 18:34:49,542.7
2022-03-27 18:34:54,542.8
2022-03-27 18:34:59,542.86
2022-03-27 18:35:04,543.02
2022-03-27 18:35:09,543.02
2022-03-27 18:35:14,543.15
2022-03-27 18:35:19,543.21
2022-03-27 18:35:24,543.31
2022-03-27 18:35:29,543.38
2022-03-27 18:35:34,543.51
2022-03-27 18:35:39,543.54
2022-03-27 18:35:44,543.6
2022-03-27 18:35:49,543.67
2022-03-27 18:35:54,543.73
2022-03-27 18:35:59,543.76
2022-03-27 18:36:04,543.83
2022-03-27 18:36:09,543.89
2022-03-27 18:36:14,543.96
2022-03-27 18:36:19,543.96
2022-03-27 18:36:24,544.02
2022-03-27 18:36:29,544.12
2022-03-27 18:36:34,544.19
2022-03-27 18:36:39,544.19
2022-03-27 18:36:44,544.25
2022-03-27 18:36:49,544.28
2022-03-27 18:36:54,544.28
2022-03-27 18:36:59,544.35
2022-03-27 18:37:04,544.48
2022-03-27 18:37:09,544.48
2022-03-27 18:37:14,544.48
2022-03-27 18:37:19,544.54
2022-03-27 18:37:24,544.57
2022-03-27 18:37:29,544.57
2022-03-27 18:37:34,544.64
2022-03-27 18:37:39,544.64
2022-03-27 18:37:44,544.7
2022-03-27 18:37:49,544.7
2022-03-27 18:37:54,544.71
2022-03-27 18:37:59,544.77
2022-03-27 18:38:04,544.77
2022-03-27 18:38:09,544.77
2022-03-27 18:38:14,544.77
2022-03-27 18:38:19,544.8
2022-03-27 18:38:24,544.8
2022-03-27 18:38:29,544.8
2022-03-27 18:38:34,544.87
2022-03-27 18:38:39,544.8
2022-03-27 18:38:44,544.87
2022-03-27 18:38:49,544.93
2022-03-27 18:38:54,544.87
2022-03-27 18:38:59,544.87
2022-03-27 18:39:04,544.87
2022-03-27 18:39:09,544.87
2022-03-27 18:39:14,544.87
2022-03-27 18:39:19,544.87
2022-03-27 18:39:24,537.71
2022-03-27 18:39:29,544.8
2022-03-27 18:39:34,544.8
2022-03-27 18:39:39,544.77
2022-03-27 18:39:44,544.77
2022-03-27 18:39:49,544.71
2022-03-27 18:39:54,544.58
2022-03-27 18:39:59,544.64
2022-03-27 18:40:04,544.58
2022-03-27 18:40:09,544.55
2022-03-27 18:40:14,544.48
2022-03-27 18:40:19,544.48
2022-03-27 18:40:24,544.36
2022-03-27 18:40:29,544.36
2022-03-27 18:40:34,544.29
2022-03-27 18:40:39,544.19
2022-03-27 18:40:44,544.19
2022-03-27 18:40:49,544.13
2022-03-27 18:40:54,544.03
2022-03-27 18:40:59,543.97
2022-03-27 18:41:04,543.91
2022-03-27 18:41:09,543.78
2022-03-27 18:41:14,543.75
2022-03-27 18:41:19,543.68
2022-03-27 18:41:24,537.71
2022-03-27 18:41:29,543.52
2022-03-27 18:41:34,543.39
2022-03-27 18:41:39,543.27
2022-03-27 18:41:44,543.11
2022-03-27 18:41:49,543.04
2022-03-27 18:41:54,542.95
2022-03-27 18:41:59,542.88
2022-03-27 18:42:04,542.82
2022-03-27 18:42:09,542.72
2022-03-27 18:42:14,542.66
2022-03-27 18:42:19,542.53
2022-03-27 18:42:24,542.5
2022-03-27 18:42:29,542.43
2022-03-27 18:42:34,542.24
2022-03-27 18:42:39,542.15
2022-03-27 18:42:44,542.08
2022-03-27 18:42:49,542.01
2022-03-27 18:42:54,541.92
2022-03-27 18:42:59,541.86
2022-03-27 18:43:04,541.73
2022-03-27 18:43:09,541.7
2022-03-27 18:43:14,541.57
2022-03-27 18:43:19,541.47
2022-03-27 18:43:24,541.41
2022-03-27 18:43:29,541.28
2022-03-27 18:43:34,541.21
2022-03-27 18:43:39,541.12
2022-03-27 18:43:44,540.99
2022-03-27 18:43:49,540.96
2022-03-27 18:43:54,540.95
2022-03-27 18:43:59,540.83
2022-03-27 18:44:04,540.69
2022-03-27 18:44:09,540.66
2022-03-27 18:44:14,540.54
2022-03-27 18:44:19,540.47
2022-03-27 18:44:24,540.44
2022-03-27 18:44:29,540.31
2022-03-27 18:44:34,540.24
2022-03-27 18:44:39,540.18
2022-03-27 18:44:44,540.15
2022-03-27 18:44:49,540.02
2022-03-27 18:44:54,539.95
2022-03-27 18:44:59,539.92
2022-03-27 18:45:04,539.86
2022-03-27 18:45:09,539.79
2022-03-27 18:45:14,539.66
2022-03-27 18:45:19,539.63
2022-03-27 18:45:24,539.56
2022-03-27 18:45:29,539.5
2022-03-27 18:45:34,539.44
2022-03-27 18:45:39,539.33
2022-03-27 18:45:44,539.33
2022-03-27 18:45:49,539.21
2022-03-27 18:45:54,539.21
2022-03-27 18:45:59,539.14
2022-03-27 18:46:04,539.04
2022-03-27 18:46:09,538.98
2022-03-27 18:46:14,538.98
2022-03-27 18:46:19,538.91
2022-03-27 18:46:24,538.81
2022-03-27 18:46:29,538.81
2022-03-27 18:46:34,538.75
2022-03-27 18:46:39,538.62
2022-03-27 18:46:44,538.59
2022-03-27 18:46:49,538.52
2022-03-27 18:46:54,538.45
2022-03-27 18:46:59,538.36
2022-03-27 18:47:04,538.36
2022-03-27 18:47:09,538.23
2022-03-27 18:47:14,538.23
2022-03-27 18:47:19,538.1
2022-03-27 18:47:24,538.07
2022-03-27 18:47:29,538.0
2022-03-27 18:47:34,537.93
2022-03-27 18:47:39,537.86
2022-03-27 18:47:44,537.83
2022-03-27 18:47:49,537.7
2022-03-27 18:47:54,537.7
2022-03-27 18:47:59,537.64
2022-03-27 18:48:04,537.57
2022-03-27 18:48:09,537.54
2022-03-27 18:48:14,537.47
2022-03-27 18:48:19,537.34
2022-03-27 18:48:24,537.34
2022-03-27 18:48:29,537.31
2022-03-27 18:48:34,537.24
2022-03-27 18:48:39,537.11
2022-03-27 18:48:44,537.05
2022-03-27 18:48:49,537.05
2022-03-27 18:48:54,537.01
2022-03-27 18:48:59,536.95
2022-03-27 18:49:04,536.95
2022-03-27 18:49:09,536.88
2022-03-27 18:49:14,536.82
2022-03-27 18:49:19,536.78
2022-03-27 18:49:24,536.72
2022-03-27 18:49:29,536.72
2022-03-27 18:49:34,536.65
2022-03-27 18:49:39,536.65
2022-03-27 18:49:44,536.58
2022-03-27 18:49:49,536.58
2022-03-27 18:49:54,536.58
2022-03-27 18:49:59,536.52
2022-03-27 18:50:04,536.52
2022-03-27 18:50:09,536.52
2022-03-27 18:50:14,536.52
2022-03-27 18:50:19,536.48
2022-03-27 18:50:24,536.51
2022-03-27 18:50:29,536.51
2022-03-27 18:50:34,536.51
2022-03-27 18:50:39,536.48
2022-03-27 18:50:44,536.51
2022-03-27 18:50:49,536.51
2022-03-27 18:50:54,536.58
2022-03-27 18:50:59,536.58
2022-03-27 18:51:04,536.64
2022-03-27 18:51:09,536.71
2022-03-27 18:51:14,536.71
2022-03-27 18:51:19,536.71
2022-03-27 18:51:24,536.77
2022-03-27 18:51:29,536.77
2022-03-27 18:51:34,536.8
2022-03-27 18:51:39,536.86
2022-03-27 18:51:44,536.86
2022-03-27 18:51:49,536.93
2022-03-27 18:51:54,536.99
2022-03-27 18:51:59,537.03
2022-03-27 18:52:04,537.09
2022-03-27 18:52:09,537.15
2022-03-27 18:52:14,537.15
2022-03-27 18:52:19,537.28
2022-03-27 18:52:24,537.28
2022-03-27 18:52:29,537.32
2022-03-27 18:52:34,537.44
2022-03-27 18:52:39,537.51
2022-03-27 18:52:44,537.54
2022-03-27 18:52:49,537.6
2022-03-27 18:52:54,537.73
2022-03-27 18:52:59,537.73
2022-03-27 18:53:04,537.83
2022-03-27 18:53:09,537.89
2022-03-27 18:53:14,537.95
2022-03-27 18:53:19,538.02
2022-03-27 18:53:24,538.11
2022-03-27 18:53:29,538.18
2022-03-27 18:53:34,538.24
2022-03-27 18:53:39,538.31
2022-03-27 18:53:44,538.4
2022-03-27 18:53:49,538.47
2022-03-27 18:53:54,538.53
2022-03-27 18:53:59,538.56
2022-03-27 18:54:04,538.63
2022-03-27 18:54:09,538.69
2022-03-27 18:54:14,538.75
2022-03-27 18:54:19,538.85
2022-03-27 18:54:24,538.91
2022-03-27 18:54:29,538.98
2022-03-27 18:54:34,539.04
2022-03-27 18:54:39,539.07
2022-03-27 18:54:44,539.2
2022-03-27 18:54:49,539.33
2022-03-27 18:54:54,539.33
2022-03-27 18:54:59,539.42
2022-03-27 18:55:04,539.55
2022-03-27 18:55:09,539.55
2022-03-27 18:55:14,539.64
2022-03-27 18:55:19,539.71
2022-03-27 18:55:24,539.77
2022-03-27 18:55:29,539.86
2022-03-27 18:55:34,539.86
2022-03-27 18:55:39,539.99
2022-03-27 18:55:44,540.05
2022-03-27 18:55:49,540.08
2022-03-27 18:55:54,540.15
2022-03-27 18:55:59,540.21
2022-03-27 18:56:04,540.28
2022-03-27 18:56:09,540.44
2022-03-27 18:56:14,540.5
2022-03-27 18:56:19,540.5
2022-03-27 18:56:24,540.56
2022-03-27 18:56:29,540.66
2022-03-27 18:56:34,540.72
2022-03-27 18:56:39,540.79
2022-03-27 18:56:44,540.85
2022-03-27 18:56:49,540.88
2022-03-27 18:56:54,541.01
2022-03-27 18:56:59,541.1
2022-03-27 18:57:04,541.1
2022-03-27 18:57:09,541.23
2022-03-27 18:57:14,541.35
2022-03-27 18:57:19,541.35
2022-03-27 18:57:24,541.38
2022-03-27 18:57:29,541.45
2022-03-27 18:57:34,541.57
2022-03-27 18:57:39,541.67
2022-03-27 18:57:44,541.73
2022-03-27 18:57:49,541.79
2022-03-27 18:57:54,541.89
2022-03-27 18:57:59,541.96
2022-03-27 18:58:04,542.02
2022-03-27 18:58:09,542.11
2022-03-27 18:58:14,542.24
2022-03-27 18:58:19,542.24
2022-03-27 18:58:24,542.37
2022-03-27 18:58:29,542.4
2022-03-27 18:58:34,542.52
2022-03-27 18:58:39,542.59
2022-03-27 18:58:44,542.62
2022-03-27 18:58:49,542.74
2022-03-27 18:58:54,542.81
2022-03-27 18:58:59,542.87
2022-03-27 18:59:04,542.9
2022-03-27 18:59:09,543.03
2022-03-27 18:59:14,543.09
2022-03-27 18:59:19,543.12
2022-03-27 18:59:24,543.19
2022-03-27 18:59:29,543.25
2022-03-27 18:59:34,543.31
2022-03-27 18:59:39,543.38
2022-03-27 18:59:44,543.41
2022-03-27 18:59:49,543.54
2022-03-27 18:59:54,543.53
2022-03-27 18:59:59,543.63
2022-03-27 19:00:04,543.69
2022-03-27 19:00:09,543.76
2022-03-27 19:00:14,543.82
2022-03-27 19:00:19,543.92
2022-03-27 19:00:24,537.71
2022-03-27 19:00:29,543.98
2022-03-27 19:00:34,544.05
2022-03-27 19:00:39,544.14
2022-03-27 19:00:44,544.2
2022-03-27 19:00:49,544.27
2022-03-27 19:00:54,544.27
2022-03-27 19:00:59,544.33
2022-03-27 19:01:04,544.39
2022-03-27 19:01:09,544.49
2022-03-27 19:01:14,544.55
2022-03-27 19:01:19,544.62
2022-03-27 19:01:24,544.62
2022-03-27 19:01:29,544.71
2022-03-27 19:01:34,544.84
2022-03-27 19:01:39,544.84
2022-03-27 19:01:44,544.91
2022-03-27 19:01:49,544.94
2022-03-27 19:01:54,545.07
2022-03-27 19:01:59,545.13
2022-03-27 19:02:04,545.16
2022-03-27 19:02:09,545.29
2022-03-27 19:02:14,545.36
2022-03-27 19:02:19,545.42
2022-03-27 19:02:24,545.45
2022-03-27 19:02:29,545.52
2022-03-27 19:02:34,545.58
2022-03-27 19:02:39,545.68
2022-03-27 19:02:44,545.68
2022-03-27 19:02:49,545.74
2022-03-27 19:02:54,545.81
2022-03-27 19:02:59,545.93
2022-03-27 19:03:04,545.97
2022-03-27 19:03:09,545.97
2022-03-27 19:03:14,546.09
2022-03-27 19:03:19,546.1
2022-03-27 19:03:24,546.16
2022-03-27 19:03:29,546.19
2022-03-27 19:03:34,546.26
2022-03-27 19:03:39,546.26
2022-03-27 19:03:44,546.32
2022-03-27 19:03:49,546.38
2022-03-27 19:03:54,546.45
2022-03-27 19:03:59,546.48
2022-03-27 19:04:04,546.48
2022-03-27 19:04:09,546.61
2022-03-27 19:04:14,546.61
2022-03-27 19:04:19,546.61
2022-03-27 19:04:24,546.67
2022-03-27 19:04:29,546.67
2022-03-27 19:04:34,546.71
2022-03-27 19:04:39,546.71
2022-03-27 19:04:44,546.71
2022-03-27 19:04:49,546.71
2022-03-27 19:04:54,546.71
2022-03-27 19:04:59,546.77
2022-03-27 19:05:04,546.71
2022-03-27 19:05:09,546.77
2022-03-27 19:05:14,546.71
2022-03-27 19:05:19,546.71
2022-03-27 19:05:24,546.77
2022-03-27 19:05:29,546.71
2022-03-27 19:05:34,546.67
2022-03-27 19:05:39,546.71
2022-03-27 19:05:44,546.68
2022-03-27 19:05:49,546.67
2022-03-27 19:05:54,546.61
2022-03-27 19:05:59,546.67
2022-03-27 19:06:04,546.61
2022-03-27 19:06:09,546.55
2022-03-27 19:06:14,546.55
2022-03-27 19:06:19,546.55
2022-03-27 19:06:24,546.48
2022-03-27 19:06:29,546.48
2022-03-27 19:06:34,546.45
2022-03-27 19:06:39,546.38
2022-03-27 19:06:44,546.38
2022-03-27 19:06:49,546.32
2022-03-27 19:06:54,546.32
2022-03-27 19:06:59,546.32
2022-03-27 19:07:04,546.19
2022-03-27 19:07:09,537.71
2022-03-27 19:07:14,546.19
2022-03-27 19:07:19,546.16
2022-03-27 19:07:24,546.09
2022-03-27 19:07:29,546.03
2022-03-27 19:07:34,545.97
2022-03-27 19:07:39,545.97
2022-03-27 19:07:44,545.93
2022-03-27 19:07:49,545.87
2022-03-27 19:07:54,545.87
2022-03-27 19:07:59,545.8
2022-03-27 19:08:04,545.74
2022-03-27 19:08:09,545.74
2022-03-27 19:08:14,545.68
2022-03-27 19:08:19,545.65
2022-03-27 19:08:24,545.58
2022-03-27 19:08:29,545.58
2022-03-27 19:08:34,545.58
2022-03-27 19:08:39,545.45
2022-03-27 19:08:44,545.45
2022-03-27 19:08:49,545.45
2022-03-27 19:08:54,545.42
2022-03-27 19:08:59,545.36
2022-03-27 19:09:04,545.29
2022-03-27 19:09:09,545.29
2022-03-27 19:09:14,545.23
2022-03-27 19:09:19,545.23
2022-03-27 19:09:24,545.17
2022-03-27 19:09:29,545.13
2022-03-27 19:09:34,545.13
2022-03-27 19:09:39,545.07
2022-03-27 19:09:44,545.01
2022-03-27 19:09:49,544.94
2022-03-27 19:09:54,544.94
2022-03-27 19:09:59,544.91
2022-03-27 19:10:04,544.94
2022-03-27 19:10:09,544.91
2022-03-27 19:10:14,544.78
2022-03-27 19:10:19,544.78
2022-03-27 19:10:24,544.72
2022-03-27 19:10:29,544.72
2022-03-27 19:10:34,544.66
2022-03-27 19:10:39,544.63
2022-03-27 19:10:44,544.66
2022-03-27 19:10:49,544.5
2022-03-27 19:10:54,544.56
2022-03-27 19:10:59,544.5
2022-03-27 19:11:04,544.43
2022-03-27 19:11:09,544.44
2022-03-27 19:11:14,537.71
2022-03-27 19:11:19,544.34
2022-03-27 19:11:24,544.28
2022-03-27 19:11:29,544.28
2022-03-27 19:11:34,544.21
2022-03-27 19:11:39,544.15
2022-03-27 19:11:44,544.15
2022-03-27 19:11:49,544.12
2022-03-27 19:11:54,544.12
2022-03-27 19:11:59,544.05
2022-03-27 19:12:04,543.99
2022-03-27 19:12:09,543.93
2022-03-27 19:12:14,543.89
2022-03-27 19:12:19,543.89
2022-03-27 19:12:24,543.77
2022-03-27 19:12:29,543.77
2022-03-27 19:12:34,543.7
2022-03-27 19:12:39,543.64
2022-03-27 19:12:44,543.7
2022-03-27 19:12:49,543.64
2022-03-27 19:12:54,543.61
2022-03-27 19:12:59,543.61
2022-03-27 19:13:04,543.54
2022-03-27 19:13:09,543.54
2022-03-27 19:13:14,543.48
2022-03-27 19:13:19,543.48
2022-03-27 19:13:24,543.41
2022-03-27 19:13:29,543.38
2022-03-27 19:13:34,543.38
2022-03-27 19:13:39,543.31
2022-03-27 19:13:44,543.31
2022-03-27 19:13:49,543.19
2022-03-27 19:13:54,543.19
2022-03-27 19:13:59,543.19
2022-03-27 19:14:04,543.12
2022-03-27 19:14:09,543.12
2022-03-27 19:14:14,543.09
2022-03-27 19:14:19,543.09
2022-03-27 19:14:24,543.02
2022-03-27 19:14:29,542.96
2022-03-27 19:14:34,542.96
2022-03-27 19:14:39,542.95
2022-03-27 19:14:44,542.89
2022-03-27 19:14:49,542.89
2022-03-27 19:14:54,542.86
2022-03-27 19:14:59,542.86
2022-03-27 19:15:04,542.86
2022-03-27 19:15:09,542.79
2022-03-27 19:15:14,542.79
2022-03-27 19:15:19,542.73
2022-03-27 19:15:24,542.73
2022-03-27 19:15:29,542.66
2022-03-27 19:15:34,542.66
2022-03-27 19:15:39,542.59
2022-03-27 19:15:44,542.59
2022-03-27 19:15:49,542.59
2022-03-27 19:15:54,542.59
2022-03-27 19:15:59,542.56
2022-03-27 19:16:04,542.56
2022-03-27 19:16:09,542.56
2022-03-27 19:16:14,542.49
2022-03-27 19:16:19,542.49
2022-03-27 19:16:24,542.43
2022-03-27 19:16:29,542.49
2022-03-27 19:16:34,542.36
2022-03-27 19:16:39,542.36
2022-03-27 19:16:44,542.36
2022-03-27 19:16:49,542.36
2022-03-27 19:16:54,542.33
2022-03-27 19:16:59,542.33
2022-03-27 19:17:04,542.26
2022-03-27 19:17:09,542.26
2022-03-27 19:17:14,542.32
2022-03-27 19:17:19,542.26
2022-03-27 19:17:24,542.26
2022-03-27 19:17:29,542.26
2022-03-27 19:17:34,542.26
2022-03-27 19:17:39,542.26
2022-03-27 19:17:44,542.26
2022-03-27 19:17:49,542.26
2022-03-27 19:17:54,542.26
2022-03-27 19:17:59,542.19
2022-03-27 19:18:04,542.19
2022-03-27 19:18:09,542.19
2022-03-27 19:18:14,542.19
2022-03-27 19:18:19,542.19
2022-03-27 19:18:24,542.12
2022-03-27 19:18:29,542.12
2022-03-27 19:18:34,542.06
2022-03-27 19:18:39,542.12
2022-03-27 19:18:44,542.12
2022-03-27 19:18:49,542.06
2022-03-27 19:18:54,542.06
2022-03-27 19:18:59,542.03
2022-03-27 19:19:04,542.03
2022-03-27 19:19:09,541.96
2022-03-27 19:19:14,541.96
2022-03-27 19:19:19,541.96
2022-03-27 19:19:24,541.89
2022-03-27 19:19:29,541.83
2022-03-27 19:19:34,541.8
2022-03-27 19:19:39,541.8
2022-03-27 19:19:44,541.8
2022-03-27 19:19:49,541.67
2022-03-27 19:19:54,541.67
2022-03-27 19:19:59,541.54
2022-03-27 19:20:04,541.54
2022-03-27 19:20:09,541.51
2022-03-27 19:20:14,541.45
2022-03-27 19:20:19,541.38
2022-03-27 19:20:24,541.38
2022-03-27 19:20:29,541.32
2022-03-27 19:20:34,541.29
2022-03-27 19:20:39,541.22
2022-03-27 19:20:44,541.16
2022-03-27 19:20:49,541.09
2022-03-27 19:20:54,541.03
2022-03-27 19:20:59,541.0
2022-03-27 19:21:04,540.93
2022-03-27 19:21:09,540.87
2022-03-27 19:21:14,540.8
2022-03-27 19:21:19,540.77
2022-03-27 19:21:24,540.71
2022-03-27 19:21:29,540.64
2022-03-27 19:21:34,540.58
2022-03-27 19:21:39,540.52
2022-03-27 19:21:44,540.48
2022-03-27 19:21:49,540.42
2022-03-27 19:21:54,540.36
2022-03-27 19:21:59,540.29
2022-03-27 19:22:04,540.29
2022-03-27 19:22:09,540.2
2022-03-27 19:22:14,540.2
2022-03-27 19:22:19,540.2
2022-03-27 19:22:24,540.13
2022-03-27 19:22:29,540.0
2022-03-27 19:22:34,539.97
2022-03-27 19:22:39,539.91
2022-03-27 19:22:44,539.91
2022-03-27 19:22:49,539.84
2022-03-27 19:22:54,539.78
2022-03-27 19:22:59,539.78
2022-03-27 19:23:04,539.75
2022-03-27 19:23:09,539.68
2022-03-27 19:23:14,539.68
2022-03-27 19:23:19,539.68
2022-03-27 19:23:24,539.56
2022-03-27 19:23:29,539.56
2022-03-27 19:23:34,539.56
2022-03-27 19:23:39,539.56
2022-03-27 19:23:44,539.49
2022-03-27 19:23:49,539.49
2022-03-27 19:23:54,539.49
2022-03-27 19:23:59,539.46
2022-03-27 19:24:04,539.46
2022-03-27 19:24:09,539.46
2022-03-27 19:24:14,539.4
2022-03-27 19:24:19,539.4
2022-03-27 19:24:24,539.34
2022-03-27 19:24:29,539.34
2022-03-27 19:24:34,539.34
2022-03-27 19:24:39,539.34
2022-03-27 19:24:44,539.27
2022-03-27 19:24:49,539.27
2022-03-27 19:24:54,539.27
2022-03-27 19:24:59,539.24
2022-03-27 19:25:04,539.24
2022-03-27 19:25:09,539.27
2022-03-27 19:25:14,539.24
2022-03-27 19:25:19,539.24
2022-03-27 19:25:24,539.24
2022-03-27 19:25:29,539.18
2022-03-27 19:25:34,539.24
2022-03-27 19:25:39,539.18
2022-03-27 19:25:44,539.24
2022-03-27 19:25:49,539.24
2022-03-27 19:25:54,539.24
2022-03-27 19:25:59,539.24
2022-03-27 19:26:04,539.18
2022-03-27 19:26:09,539.24
2022-03-27 19:26:14,539.25
2022-03-27 19:26:19,539.25
2022-03-27 19:26:24,539.28
2022-03-27 19:26:29,539.28
2022-03-27 19:26:34,539.28
2022-03-27 19:26:39,539.34
2022-03-27 19:26:44,539.34
2022-03-27 19:26:49,539.34
2022-03-27 19:26:54,539.35
2022-03-27 19:26:59,539.35
2022-03-27 19:27:04,539.47
2022-03-27 19:27:09,539.41
2022-03-27 19:27:14,539.48
2022-03-27 19:27:19,539.51
2022-03-27 19:27:24,539.51
2022-03-27 19:27:29,539.51
2022-03-27 19:27:34,539.57
2022-03-27 19:27:39,539.57
2022-03-27 19:27:44,539.64
2022-03-27 19:27:49,539.64
2022-03-27 19:27:54,539.64
2022-03-27 19:27:59,539.71
2022-03-27 19:28:04,539.71
2022-03-27 19:28:09,539.77
2022-03-27 19:28:14,539.77
2022-03-27 19:28:19,539.8
2022-03-27 19:28:24,539.87
2022-03-27 19:28:29,539.94
2022-03-27 19:28:34,539.87
2022-03-27 19:28:39,540.0
2022-03-27 19:28:44,540.0
2022-03-27 19:28:49,540.0
2022-03-27 19:28:54,540.04
2022-03-27 19:28:59,540.1
2022-03-27 19:29:04,540.04
2022-03-27 19:29:09,540.1
2022-03-27 19:29:14,540.1
2022-03-27 19:29:19,540.04
2022-03-27 19:29:24,540.11
2022-03-27 19:29:29,540.11
2022-03-27 19:29:34,540.04
2022-03-27 19:29:39,540.04
2022-03-27 19:29:44,540.04
2022-03-27 19:29:49,540.01
2022-03-27 19:29:54,540.04
2022-03-27 19:29:59,540.01
2022-03-27 19:30:04,540.05
2022-03-27 19:30:09,539.95
2022-03-27 19:30:14,540.02
2022-03-27 19:30:19,539.95
2022-03-27 19:30:24,539.95
2022-03-27 19:30:29,539.89
2022-03-27 19:30:34,539.89
2022-03-27 19:30:39,539.89
2022-03-27 19:30:44,539.83
2022-03-27 19:30:49,539.83
2022-03-27 19:30:54,539.8
2022-03-27 19:30:59,539.73
2022-03-27 19:31:04,539.73
2022-03-27 19:31:09,539.67
2022-03-27 19:31:14,539.6
2022-03-27 19:31:19,539.54
2022-03-27 19:31:24,539.54
2022-03-27 19:31:29,539.51
2022-03-27 19:31:34,539.51
2022-03-27 19:31:39,539.38
2022-03-27 19:31:44,539.38
2022-03-27 19:31:49,539.32
2022-03-27 19:31:54,539.22
2022-03-27 19:31:59,539.15
2022-03-27 19:32:04,539.15
2022-03-27 19:32:09,539.03
2022-03-27 19:32:14,539.03
2022-03-27 19:32:19,538.99
2022-03-27 19:32:24,538.93
2022-03-27 19:32:29,538.86
2022-03-27 19:32:34,538.8
2022-03-27 19:32:39,538.77
2022-03-27 19:32:44,538.71
2022-03-27 19:32:49,538.64
2022-03-27 19:32:54,538.51
2022-03-27 19:32:59,538.51
2022-03-27 19:33:04,538.48
2022-03-27 19:33:09,538.35
2022-03-27 19:33:14,538.35
2022-03-27 19:33:19,538.25
2022-03-27 19:33:24,538.25
2022-03-27 19:33:29,538.19
2022-03-27 19:33:34,538.06
2022-03-27 19:33:39,537.99
2022-03-27 19:33:44,537.99
2022-03-27 19:33:49,537.83
2022-03-27 19:33:54,537.76
2022-03-27 19:33:59,537.73
2022-03-27 19:34:04,537.73
2022-03-27 19:34:09,537.6
2022-03-27 19:34:14,537.47
2022-03-27 19:34:19,537.47
2022-03-27 19:34:24,537.44
2022-03-27 19:34:29,537.37
2022-03-27 19:34:34,537.31
2022-03-27 19:34:39,537.24
2022-03-27 19:34:44,537.21
2022-03-27 19:34:49,537.21
2022-03-27 19:34:54,537.15
2022-03-27 19:34:59,537.08
2022-03-27 19:35:04,537.08
2022-03-27 19:35:09,537.02
2022-03-27 19:35:14,536.95
2022-03-27 19:35:19,536.95
2022-03-27 19:35:24,536.92
2022-03-27 19:35:29,536.85
2022-03-27 19:35:34,536.85
2022-03-27 19:35:39,536.78
2022-03-27 19:35:44,536.79
2022-03-27 19:35:49,536.72
2022-03-27 19:35:54,536.72
2022-03-27 19:35:59,536.62
2022-03-27 19:36:04,536.62
2022-03-27 19:36:09,536.56
2022-03-27 19:36:14,536.55
2022-03-27 19:36:19,536.55
2022-03-27 19:36:24,536.49
2022-03-27 19:36:29,536.49
2022-03-27 19:36:34,536.43
2022-03-27 19:36:39,536.43
2022-03-27 19:36:44,536.43
2022-03-27 19:36:49,536.39
2022-03-27 19:36:54,536.33
2022-03-27 19:36:59,536.33
2022-03-27 19:37:04,536.33
2022-03-27 19:37:09,536.33
2022-03-27 19:37:14,536.26
2022-03-27 19:37:19,536.26
2022-03-27 19:37:24,536.26
2022-03-27 19:37:29,536.26
2022-03-27 19:37:34,536.26
2022-03-27 19:37:39,536.26
2022-03-27 19:37:44,536.26
2022-03-27 19:37:49,536.26
2022-03-27 19:37:54,536.32
2022-03-27 19:37:59,536.33
2022-03-27 19:38:04,536.26
2022-03-27 19:38:09,536.33
2022-03-27 19:38:14,536.32
2022-03-27 19:38:19,536.39
2022-03-27 19:38:24,536.42
2022-03-27 19:38:29,536.42
2022-03-27 19:38:34,536.49
2022-03-27 19:38:39,536.55
2022-03-27 19:38:44,536.68
2022-03-27 19:38:49,536.72
2022-03-27 19:38:54,536.78
2022-03-27 19:38:59,536.84
2022-03-27 19:39:04,536.94
2022-03-27 19:39:09,537.07
2022-03-27 19:39:14,537.13
2022-03-27 19:39:19,537.2
2022-03-27 19:39:24,537.3
2022-03-27 19:39:29,537.36
2022-03-27 19:39:34,537.46
2022-03-27 19:39:39,537.59
2022-03-27 19:39:44,537.65
2022-03-27 19:39:49,537.75
2022-03-27 19:39:54,537.81
2022-03-27 19:39:59,537.88
2022-03-27 19:40:04,537.97
2022-03-27 19:40:09,538.1
2022-03-27 19:40:14,538.17
2022-03-27 19:40:19,538.27
2022-03-27 19:40:24,538.39
2022-03-27 19:40:29,538.49
2022-03-27 19:40:34,538.62
2022-03-27 19:40:39,538.75
2022-03-27 19:40:44,538.85
2022-03-27 19:40:49,538.97
2022-03-27 19:40:54,539.07
2022-03-27 19:40:59,539.2
2022-03-27 19:41:04,539.3
2022-03-27 19:41:09,539.36
2022-03-27 19:41:14,539.52
2022-03-27 19:41:19,539.65
2022-03-27 19:41:24,539.78
2022-03-27 19:41:29,539.88
2022-03-27 19:41:34,540.01
2022-03-27 19:41:39,540.04
2022-03-27 19:41:44,540.23
2022-03-27 19:41:49,540.33
2022-03-27 19:41:54,540.46
2022-03-27 19:41:59,540.56
2022-03-27 19:42:04,540.69
2022-03-27 19:42:09,540.85
2022-03-27 19:42:14,540.98
2022-03-27 19:42:19,541.07
2022-03-27 19:42:24,541.2
2022-03-27 19:42:29,541.33
2022-03-27 19:42:34,541.43
2022-03-27 19:42:39,541.59
2022-03-27 19:42:44,541.66
2022-03-27 19:42:49,541.78
2022-03-27 19:42:54,541.95
2022-03-27 19:42:59,542.07
2022-03-27 19:43:04,542.11
2022-03-27 19:43:09,542.24
2022-03-27 19:43:14,542.37
2022-03-27 19:43:19,542.4
2022-03-27 19:43:24,542.53
2022-03-27 19:43:29,542.62
2022-03-27 19:43:34,542.75
2022-03-27 19:43:39,542.88
2022-03-27 19:43:44,542.91
2022-03-27 19:43:49,543.04
2022-03-27 19:43:54,543.14
2022-03-27 19:43:59,543.27
2022-03-27 19:44:04,543.34
2022-03-27 19:44:09,543.4
2022-03-27 19:44:14,543.5
2022-03-27 19:44:19,543.63
2022-03-27 19:44:24,543.66
2022-03-27 19:44:29,543.72
2022-03-27 19:44:34,543.79
2022-03-27 19:44:39,543.92
2022-03-27 19:44:44,543.95
2022-03-27 19:44:49,544.01
2022-03-27 19:44:54,544.08
2022-03-27 19:44:59,544.15
2022-03-27 19:45:04,544.18
2022-03-27 19:45:09,544.24
2022-03-27 19:45:14,544.24
2022-03-27 19:45:19,544.31
2022-03-27 19:45:24,544.37
2022-03-27 19:45:29,544.31
2022-03-27 19:45:34,544.44
2022-03-27 19:45:39,544.44
2022-03-27 19:45:44,544.44
2022-03-27 19:45:49,544.47
2022-03-27 19:45:54,544.47
2022-03-27 19:45:59,544.54
2022-03-27 19:46:04,544.47
2022-03-27 19:46:09,544.54
2022-03-27 19:46:14,544.54
2022-03-27 19:46:19,544.47
2022-03-27 19:46:24,544.48
2022-03-27 19:46:29,544.48
2022-03-27 19:46:34,544.45
2022-03-27 19:46:39,544.44
2022-03-27 19:46:44,544.44
2022-03-27 19:46:49,544.38
2022-03-27 19:46:54,544.32
2022-03-27 19:46:59,544.32
2022-03-27 19:47:04,544.32
2022-03-27 19:47:09,544.26
2022-03-27 19:47:14,544.19
2022-03-27 19:47:19,544.19
2022-03-27 19:47:24,544.16
2022-03-27 19:47:29,544.1
2022-03-27 19:47:34,544.03
2022-03-27 19:47:39,543.97
2022-03-27 19:47:44,543.94
2022-03-27 19:47:49,543.94
2022-03-27 19:47:54,543.88
2022-03-27 19:47:59,543.88
2022-03-27 19:48:04,543.81
2022-03-27 19:48:09,543.75
2022-03-27 19:48:14,543.68
2022-03-27 19:48:19,543.65
2022-03-27 19:48:24,543.66
2022-03-27 19:48:29,543.66
2022-03-27 19:48:34,543.59
2022-03-27 19:48:39,543.59
2022-03-27 19:48:44,543.53
2022-03-27 19:48:49,543.53
2022-03-27 19:48:54,543.46
2022-03-27 19:48:59,543.47
2022-03-27 19:49:04,543.43
2022-03-27 19:49:09,543.43
2022-03-27 19:49:14,543.37
2022-03-27 19:49:19,543.37
2022-03-27 19:49:24,543.37
2022-03-27 19:49:29,543.37
2022-03-27 19:49:34,543.31
2022-03-27 19:49:39,543.24
2022-03-27 19:49:44,543.24
2022-03-27 19:49:49,543.24
2022-03-27 19:49:54,543.18
2022-03-27 19:49:59,543.24
2022-03-27 19:50:04,543.24
2022-03-27 19:50:09,543.18
2022-03-27 19:50:14,543.18
2022-03-27 19:50:19,543.24
2022-03-27 19:50:24,543.24
2022-03-27 19:50:29,543.18
2022-03-27 19:50:34,543.18
2022-03-27 19:50:39,543.18
2022-03-27 19:50:44,543.17
2022-03-27 19:50:49,543.17
2022-03-27 19:50:54,543.17
2022-03-27 19:50:59,543.14
2022-03-27 19:51:04,543.15
2022-03-27 19:51:09,543.08
2022-03-27 19:51:14,543.08
2022-03-27 19:51:19,537.71
2022-03-27 19:51:24,542.95
2022-03-27 19:51:29,542.91
2022-03-27 19:51:34,542.79
2022-03-27 19:51:39,542.85
2022-03-27 19:51:44,542.79
2022-03-27 19:51:49,542.66
2022-03-27 19:51:54,542.62
2022-03-27 19:51:59,542.56
2022-03-27 19:52:04,542.43
2022-03-27 19:52:09,542.4
2022-03-27 19:52:14,542.33
2022-03-27 19:52:19,542.2
2022-03-27 19:52:24,542.14
2022-03-27 19:52:29,542.04
2022-03-27 19:52:34,541.97
2022-03-27 19:52:39,541.91
2022-03-27 19:52:44,541.81
2022-03-27 19:52:49,541.74
2022-03-27 19:52:54,541.74
2022-03-27 19:52:59,541.61
2022-03-27 19:53:04,541.52
2022-03-27 19:53:09,541.45
2022-03-27 19:53:14,541.38
2022-03-27 19:53:19,541.35
2022-03-27 19:53:24,541.22
2022-03-27 19:53:29,541.16
2022-03-27 19:53:34,541.09
2022-03-27 19:53:39,541.0
2022-03-27 19:53:44,540.93
2022-03-27 19:53:49,540.87
2022-03-27 19:53:54,540.77
2022-03-27 19:53:59,540.64
2022-03-27 19:54:04,540.57
2022-03-27 19:54:09,540.48
2022-03-27 19:54:14,540.35
2022-03-27 19:54:19,540.32
2022-03-27 19:54:24,540.25
2022-03-27 19:54:29,540.06
2022-03-27 19:54:34,540.02
2022-03-27 19:54:39,539.9
2022-03-27 19:54:44,539.8
2022-03-27 19:54:49,539.73
2022-03-27 19:54:54,539.54
2022-03-27 19:54:59,539.51
2022-03-27 19:55:04,539.44
2022-03-27 19:55:09,539.28
2022-03-27 19:55:14,539.21
2022-03-27 19:55:19,539.15
2022-03-27 19:55:24,539.02
2022-03-27 19:55:29,538.92
2022-03-27 19:55:34,538.8
2022-03-27 19:55:39,538.7
2022-03-27 19:55:44,538.63
2022-03-27 19:55:49,538.51
2022-03-27 19:55:54,538.41
2022-03-27 19:55:59,538.34
2022-03-27 19:56:04,538.28
2022-03-27 19:56:09,538.18
2022-03-27 19:56:14,538.18
2022-03-27 19:56:19,538.05
2022-03-27 19:56:24,537.96
2022-03-27 19:56:29,537.89
2022-03-27 19:56:34,537.83
2022-03-27 19:56:39,537.76
2022-03-27 19:56:44,537.67
2022-03-27 19:56:49,537.6
2022-03-27 19:56:54,537.6
2022-03-27 19:56:59,537.54
2022-03-27 19:57:04,537.44
2022-03-27 19:57:09,537.38
2022-03-27 19:57:14,537.31
2022-03-27 19:57:19,537.31
2022-03-27 19:57:24,537.25
2022-03-27 19:57:29,537.25
2022-03-27 19:57:34,537.15
2022-03-27 19:57:39,537.15
2022-03-27 19:57:44,537.09
2022-03-27 19:57:49,537.09
2022-03-27 19:57:54,537.09
2022-03-27 19:57:59,537.09
2022-03-27 19:58:04,537.03
2022-03-27 19:58:09,537.03
2022-03-27 19:58:14,536.97
2022-03-27 19:58:19,537.03
2022-03-27 19:58:24,536.93
2022-03-27 19:58:29,536.96
2022-03-27 19:58:34,536.97
2022-03-27 19:58:39,536.97
2022-03-27 19:58:44,536.97
2022-03-27 19:58:49,536.97
2022-03-27 19:58:54,536.97
2022-03-27 19:58:59,536.97
2022-03-27 19:59:04,536.97
2022-03-27 19:59:09,537.03
2022-03-27 19:59:14,537.09
2022-03-27 19:59:19,537.1
2022-03-27 19:59:24,537.16
2022-03-27 19:59:29,537.1
2022-03-27 19:59:34,537.22
2022-03-27 19:59:39,537.16
2022-03-27 19:59:44,537.22
2022-03-27 19:59:49,537.23
2022-03-27 19:59:54,537.26
2022-03-27 19:59:59,537.26
2022-03-27 20:00:04,537.32
2022-03-27 20:00:09,537.38
2022-03-27 20:00:14,537.45
2022-03-27 20:00:19,537.45
2022-03-27 20:00:24,537.55
2022-03-27 20:00:29,537.55
2022-03-27 20:00:34,537.61
2022-03-27 20:00:39,537.68
2022-03-27 20:00:44,537.68
2022-03-27 20:00:49,537.74
2022-03-27 20:00:54,537.78
2022-03-27 20:00:59,537.91
2022-03-27 20:01:04,537.91
2022-03-27 20:01:09,537.97
2022-03-27 20:01:14,537.97
2022-03-27 20:01:19,538.0
2022-03-27 20:01:24,538.07
2022-03-27 20:01:29,538.13
2022-03-27 20:01:34,538.2
2022-03-27 20:01:39,538.2
2022-03-27 20:01:44,538.26
2022-03-27 20:01:49,538.29
2022-03-27 20:01:54,538.36
2022-03-27 20:01:59,538.36
2022-03-27 20:02:04,538.36
2022-03-27 20:02:09,538.42
2022-03-27 20:02:14,538.49
2022-03-27 20:02:19,538.52
2022-03-27 20:02:24,538.59
2022-03-27 20:02:29,538.65
2022-03-27 20:02:34,538.65
2022-03-27 20:02:39,538.71
2022-03-27 20:02:44,538.78
2022-03-27 20:02:49,538.78
2022-03-27 20:02:54,538.81
2022-03-27 20:02:59,538.81
2022-03-27 20:03:04,538.81
2022-03-27 20:03:09,538.94
2022-03-27 20:03:14,538.94
2022-03-27 20:03:19,538.94
2022-03-27 20:03:24,539.01
2022-03-27 20:03:29,539.01
2022-03-27 20:03:34,539.01
2022-03-27 20:03:39,539.04
2022-03-27 20:03:44,539.04
2022-03-27 20:03:49,539.04
2022-03-27 20:03:54,539.11
2022-03-27 20:03:59,539.17
2022-03-27 20:04:04,539.17
2022-03-27 20:04:09,539.17
2022-03-27 20:04:14,539.17
2022-03-27 20:04:19,539.3
2022-03-27 20:04:24,539.3
2022-03-27 20:04:29,539.34
2022-03-27 20:04:34,539.3
2022-03-27 20:04:39,539.34
2022-03-27 20:04:44,539.34
2022-03-27 20:04:49,539.4
2022-03-27 20:04:54,539.4
2022-03-27 20:04:59,539.47
2022-03-27 20:05:04,539.47
2022-03-27 20:05:09,539.47
2022-03-27 20:05:14,539.53
2022-03-27 20:05:19,539.47
2022-03-27 20:05:24,539.53
2022-03-27 20:05:29,539.53
2022-03-27 20:05:34,539.57
2022-03-27 20:05:39,539.57
2022-03-27 20:05:44,539.57
2022-03-27 20:05:49,539.64
2022-03-27 20:05:54,539.64
2022-03-27 20:05:59,539.64
2022-03-27 20:06:04,539.7
2022-03-27 20:06:09,539.7
2022-03-27 20:06:14,539.77
2022-03-27 20:06:19,539.77
2022-03-27 20:06:24,539.77
2022-03-27 20:06:29,539.83
2022-03-27 20:06:34,539.83
2022-03-27 20:06:39,539.83
2022-03-27 20:06:44,539.87
2022-03-27 20:06:49,539.93
2022-03-27 20:06:54,539.87
2022-03-27 20:06:59,539.93
2022-03-27 20:07:04,539.93
2022-03-27 20:07:09,539.93
2022-03-27 20:07:14,540.0
2022-03-27 20:07:19,540.0
2022-03-27 20:07:24,540.06
2022-03-27 20:07:29,540.07
2022-03-27 20:07:34,540.07
2022-03-27 20:07:39,540.1
2022-03-27 20:07:44,540.07
2022-03-27 20:07:49,540.1
2022-03-27 20:07:54,540.1
2022-03-27 20:07:59,540.1
2022-03-27 20:08:04,540.16
2022-03-27 20:08:09,540.16
2022-03-27 20:08:14,540.16
2022-03-27 20:08:19,537.71
2022-03-27 20:08:24,540.23
2022-03-27 20:08:29,540.16
2022-03-27 20:08:34,540.23
2022-03-27 20:08:39,540.23
2022-03-27 20:08:44,540.23
2022-03-27 20:08:49,540.29
2022-03-27 20:08:54,540.29
2022-03-27 20:08:59,540.36
2022-03-27 20:09:04,540.36
2022-03-27 20:09:09,540.36
2022-03-27 20:09:14,540.39
2022-03-27 20:09:19,540.35
2022-03-27 20:09:24,540.45
2022-03-27 20:09:29,540.45
2022-03-27 20:09:34,540.45
2022-03-27 20:09:39,540.45
2022-03-27 20:09:44,540.51
2022-03-27 20:09:49,540.51
2022-03-27 20:09:54,540.51
2022-03-27 20:09:59,540.58
2022-03-27 20:10:04,540.57
2022-03-27 20:10:09,540.57
2022-03-27 20:10:14,540.57
2022-03-27 20:10:19,540.57
2022-03-27 20:10:24,540.57
2022-03-27 20:10:29,540.6
2022-03-27 20:10:34,540.67
2022-03-27 20:10:39,540.6
2022-03-27 20:10:44,540.6
2022-03-27 20:10:49,540.67
2022-03-27 20:10:54,540.67
2022-03-27 20:10:59,540.73
2022-03-27 20:11:04,540.73
2022-03-27 20:11:09,540.73
2022-03-27 20:11:14,540.73
2022-03-27 20:11:19,540.79
2022-03-27 20:11:24,540.79
2022-03-27 20:11:29,540.79
2022-03-27 20:11:34,540.85
2022-03-27 20:11:39,540.85
2022-03-27 20:11:44,540.85
2022-03-27 20:11:49,540.85
2022-03-27 20:11:54,540.85
2022-03-27 20:11:59,540.88
2022-03-27 20:12:04,540.84
2022-03-27 20:12:09,540.94
2022-03-27 20:12:14,540.94
2022-03-27 20:12:19,540.94
2022-03-27 20:12:24,540.94
2022-03-27 20:12:29,541.0
2022-03-27 20:12:34,541.07
2022-03-27 20:12:39,541.07
2022-03-27 20:12:44,541.1
2022-03-27 20:12:49,541.1
2022-03-27 20:12:54,541.1
2022-03-27 20:12:59,541.1
2022-03-27 20:13:04,541.1
2022-03-27 20:13:09,541.1
2022-03-27 20:13:14,541.16
2022-03-27 20:13:19,541.16
2022-03-27 20:13:24,541.22
2022-03-27 20:13:29,541.22
2022-03-27 20:13:34,541.22
2022-03-27 20:13:39,541.22
2022-03-27 20:13:44,541.29
2022-03-27 20:13:49,541.29
2022-03-27 20:13:54,541.28
2022-03-27 20:13:59,541.29
2022-03-27 20:14:04,541.28
2022-03-27 20:14:09,541.28
2022-03-27 20:14:14,541.28
2022-03-27 20:14:19,541.38
2022-03-27 20:14:24,541.38
2022-03-27 20:14:29,541.38
2022-03-27 20:14:34,541.38
2022-03-27 20:14:39,541.45
2022-03-27 20:14:44,541.38
2022-03-27 20:14:49,541.44
2022-03-27 20:14:54,541.44
2022-03-27 20:14:59,541.44
2022-03-27 20:15:04,541.44
2022-03-27 20:15:09,541.44
2022-03-27 20:15:14,541.51
2022-03-27 20:15:19,541.51
2022-03-27 20:15:24,541.51
2022-03-27 20:15:29,541.57
2022-03-27 20:15:34,541.57
2022-03-27 20:15:39,541.57
2022-03-27 20:15:44,541.57
2022-03-27 20:15:49,541.57
2022-03-27 20:15:54,541.57
2022-03-27 20:15:59,541.57
2022-03-27 20:16:04,541.57
2022-03-27 20:16:09,541.61
2022-03-27 20:16:14,541.58
2022-03-27 20:16:19,541.57
2022-03-27 20:16:24,541.57
2022-03-27 20:16:29,541.57
2022-03-27 20:16:34,541.58
2022-03-27 20:16:39,541.58
2022-03-27 20:16:44,541.58
2022-03-27 20:16:49,541.58
2022-03-27 20:16:54,541.51
2022-03-27 20:16:59,541.58
2022-03-27 20:17:04,541.58
2022-03-27 20:17:09,541.51
2022-03-27 20:17:14,541.51
2022-03-27 20:17:19,541.45
2022-03-27 20:17:24,541.58
2022-03-27 20:17:29,541.45
2022-03-27 20:17:34,541.45
2022-03-27 20:17:39,541.45
2022-03-27 20:17:44,541.45
2022-03-27 20:17:49,541.39
2022-03-27 20:17:54,541.39
2022-03-27 20:17:59,541.35
2022-03-27 20:18:04,541.29
2022-03-27 20:18:09,541.36
2022-03-27 20:18:14,541.23
2022-03-27 20:18:19,541.29
2022-03-27 20:18:24,541.16
2022-03-27 20:18:29,541.16
2022-03-27 20:18:34,541.1
2022-03-27 20:18:39,541.07
2022-03-27 20:18:44,541.0
2022-03-27 20:18:49,540.94
2022-03-27 20:18:54,540.87
2022-03-27 20:18:59,540.84
2022-03-27 20:19:04,540.78
2022-03-27 20:19:09,540.71
2022-03-27 20:19:14,540.59
2022-03-27 20:19:19,540.55
2022-03-27 20:19:24,540.49
2022-03-27 20:19:29,540.36
2022-03-27 20:19:34,540.27
2022-03-27 20:19:39,540.2
2022-03-27 20:19:44,540.13
2022-03-27 20:19:49,540.04
2022-03-27 20:19:54,539.98
2022-03-27 20:19:59,539.85
2022-03-27 20:20:04,539.82
2022-03-27 20:20:09,539.69
2022-03-27 20:20:14,539.56
2022-03-27 20:20:19,539.53
2022-03-27 20:20:24,539.4
2022-03-27 20:20:29,539.3
2022-03-27 20:20:34,539.24
2022-03-27 20:20:39,539.04
2022-03-27 20:20:44,539.05
2022-03-27 20:20:49,538.95
2022-03-27 20:20:54,538.82
2022-03-27 20:20:59,538.72
2022-03-27 20:21:04,538.66
2022-03-27 20:21:09,538.53
2022-03-27 20:21:14,538.44
2022-03-27 20:21:19,538.37
2022-03-27 20:21:24,538.21
2022-03-27 20:21:29,538.15
2022-03-27 20:21:34,538.08
2022-03-27 20:21:39,537.99
2022-03-27 20:21:44,537.99
2022-03-27 20:21:49,537.79
2022-03-27 20:21:54,537.76
2022-03-27 20:21:59,537.63
2022-03-27 20:22:04,537.51
2022-03-27 20:22:09,537.47
2022-03-27 20:22:14,537.41
2022-03-27 20:22:19,537.28
2022-03-27 20:22:24,537.25
2022-03-27 20:22:29,537.12
2022-03-27 20:22:34,537.12
2022-03-27 20:22:39,537.06
2022-03-27 20:22:44,536.9
2022-03-27 20:22:49,536.9
2022-03-27 20:22:54,536.83
2022-03-27 20:22:59,536.77
2022-03-27 20:23:04,536.74
2022-03-27 20:23:09,536.67
2022-03-27 20:23:14,536.61
2022-03-27 20:23:19,536.54
2022-03-27 20:23:24,536.48
2022-03-27 20:23:29,536.45
2022-03-27 20:23:34,536.38
2022-03-27 20:23:39,536.32
2022-03-27 20:23:44,536.32
2022-03-27 20:23:49,536.26
2022-03-27 20:23:54,536.26
2022-03-27 20:23:59,536.16
2022-03-27 20:24:04,536.1
2022-03-27 20:24:09,536.1
2022-03-27 20:24:14,536.1
2022-03-27 20:24:19,536.11
2022-03-27 20:24:24,536.04
2022-03-27 20:24:29,535.98
2022-03-27 20:24:34,535.98
2022-03-27 20:24:39,535.98
2022-03-27 20:24:44,535.98
2022-03-27 20:24:49,535.94
2022-03-27 20:24:54,535.98
2022-03-27 20:24:59,535.95
2022-03-27 20:25:04,535.88
2022-03-27 20:25:09,535.95
2022-03-27 20:25:14,535.95
2022-03-27 20:25:19,535.88
2022-03-27 20:25:24,535.89
2022-03-27 20:25:29,535.95
2022-03-27 20:25:34,535.95
2022-03-27 20:25:39,535.95
2022-03-27 20:25:44,535.95
2022-03-27 20:25:49,535.95
2022-03-27 20:25:54,535.95
2022-03-27 20:25:59,535.95
2022-03-27 20:26:04,536.04
2022-03-27 20:26:09,536.05
2022-03-27 20:26:14,536.05
2022-03-27 20:26:19,536.05
2022-03-27 20:26:24,536.11
2022-03-27 20:26:29,536.11
2022-03-27 20:26:34,536.12
2022-03-27 20:26:39,536.18
2022-03-27 20:26:44,536.18
2022-03-27 20:26:49,536.24
2022-03-27 20:26:54,536.24
2022-03-27 20:26:59,536.24
2022-03-27 20:27:04,536.34
2022-03-27 20:27:09,536.34
2022-03-27 20:27:14,536.4
2022-03-27 20:27:19,536.47
2022-03-27 20:27:24,536.5
2022-03-27 20:27:29,536.5
2022-03-27 20:27:34,536.57
2022-03-27 20:27:39,536.57
2022-03-27 20:27:44,536.63
2022-03-27 20:27:49,536.63
2022-03-27 20:27:54,536.69
2022-03-27 20:27:59,536.76
2022-03-27 20:28:04,536.76
2022-03-27 20:28:09,536.76
2022-03-27 20:28:14,536.86
2022-03-27 20:28:19,536.92
2022-03-27 20:28:24,536.92
2022-03-27 20:28:29,536.98
2022-03-27 20:28:34,537.01
2022-03-27 20:28:39,537.01
2022-03-27 20:28:44,537.08
2022-03-27 20:28:49,537.08
2022-03-27 20:28:54,537.14
2022-03-27 20:28:59,537.2
2022-03-27 20:29:04,537.2
2022-03-27 20:29:09,537.3
2022-03-27 20:29:14,537.27
2022-03-27 20:29:19,537.3
2022-03-27 20:29:24,537.36
2022-03-27 20:29:29,537.43
2022-03-27 20:29:34,537.36
2022-03-27 20:29:39,537.43
2022-03-27 20:29:44,537.49
2022-03-27 20:29:49,537.49
2022-03-27 20:29:54,537.52
2022-03-27 20:29:59,537.58
2022-03-27 20:30:04,537.58
2022-03-27 20:30:09,537.65
2022-03-27 20:30:14,537.65
2022-03-27 20:30:19,537.77
2022-03-27 20:30:24,537.77
2022-03-27 20:30:29,537.8
2022-03-27 20:30:34,537.86
2022-03-27 20:30:39,537.86
2022-03-27 20:30:44,537.99
2022-03-27 20:30:49,537.99
2022-03-27 20:30:54,538.02
2022-03-27 20:30:59,538.02
2022-03-27 20:31:04,538.09
2022-03-27 20:31:09,538.15
2022-03-27 20:31:14,538.15
2022-03-27 20:31:19,538.21
2022-03-27 20:31:24,538.28
2022-03-27 20:31:29,538.28
2022-03-27 20:31:34,538.31
2022-03-27 20:31:39,538.31
2022-03-27 20:31:44,538.3
2022-03-27 20:31:49,538.37
2022-03-27 20:31:54,538.43
2022-03-27 20:31:59,538.5
2022-03-27 20:32:04,538.5
2022-03-27 20:32:09,538.59
2022-03-27 20:32:14,538.59
2022-03-27 20:32:19,538.59
2022-03-27 20:32:24,538.66
2022-03-27 20:32:29,538.66
2022-03-27 20:32:34,538.79
2022-03-27 20:32:39,538.82
2022-03-27 20:32:44,538.82
2022-03-27 20:32:49,538.88
2022-03-27 20:32:54,538.88
2022-03-27 20:32:59,538.94
2022-03-27 20:33:04,539.01
2022-03-27 20:33:09,539.04
2022-03-27 20:33:14,539.04
2022-03-27 20:33:19,539.11
2022-03-27 20:33:24,539.17
2022-03-27 20:33:29,539.17
2022-03-27 20:33:34,539.17
2022-03-27 20:33:39,539.23
2022-03-27 20:33:44,539.3
2022-03-27 20:33:49,539.33
2022-03-27 20:33:54,539.39
2022-03-27 20:33:59,539.33
2022-03-27 20:34:04,539.4
2022-03-27 20:34:09,539.46
2022-03-27 20:34:14,539.52
2022-03-27 20:34:19,539.52
2022-03-27 20:34:24,539.56
2022-03-27 20:34:29,539.62
2022-03-27 20:34:34,539.62
2022-03-27 20:34:39,539.68
2022-03-27 20:34:44,539.75
2022-03-27 20:34:49,539.75
2022-03-27 20:34:54,539.75
2022-03-27 20:34:59,539.81
2022-03-27 20:35:04,539.75
2022-03-27 20:35:09,539.81
2022-03-27 20:35:14,539.81
2022-03-27 20:35:19,539.85
2022-03-27 20:35:24,539.91
2022-03-27 20:35:29,539.91
2022-03-27 20:35:34,539.91
2022-03-27 20:35:39,539.98
2022-03-27 20:35:44,539.98
2022-03-27 20:35:49,539.98
2022-03-27 20:35:54,540.04
2022-03-27 20:35:59,540.07
2022-03-27 20:36:04,540.07
2022-03-27 20:36:09,540.07
2022-03-27 20:36:14,540.07
2022-03-27 20:36:19,540.14
2022-03-27 20:36:24,540.14
2022-03-27 20:36:29,540.14
2022-03-27 20:36:34,540.14
2022-03-27 20:36:39,540.14
2022-03-27 20:36:44,540.14
2022-03-27 20:36:49,540.2
2022-03-27 20:36:54,540.14
2022-03-27 20:36:59,540.2
2022-03-27 20:37:04,540.2
2022-03-27 20:37:09,540.2
2022-03-27 20:37:14,540.14
2022-03-27 20:37:19,540.2
2022-03-27 20:37:24,540.2
2022-03-27 20:37:29,540.27
2022-03-27 20:37:34,540.21
2022-03-27 20:37:39,540.21
2022-03-27 20:37:44,540.21
2022-03-27 20:37:49,540.21
2022-03-27 20:37:54,540.2
2022-03-27 20:37:59,540.14
2022-03-27 20:38:04,540.21
2022-03-27 20:38:09,540.14
2022-03-27 20:38:14,540.14
2022-03-27 20:38:19,540.14
2022-03-27 20:38:24,540.14
2022-03-27 20:38:29,540.14
2022-03-27 20:38:34,540.07
2022-03-27 20:38:39,540.08
2022-03-27 20:38:44,540.08
2022-03-27 20:38:49,540.08
2022-03-27 20:38:54,540.08
2022-03-27 20:38:59,540.04
2022-03-27 20:39:04,540.04
2022-03-27 20:39:09,540.05
2022-03-27 20:39:14,539.98
2022-03-27 20:39:19,539.98
2022-03-27 20:39:24,539.92
2022-03-27 20:39:29,539.92
2022-03-27 20:39:34,539.92
2022-03-27 20:39:39,539.85
2022-03-27 20:39:44,539.85
2022-03-27 20:39:49,539.82
2022-03-27 20:39:54,539.85
2022-03-27 20:39:59,539.82
2022-03-27 20:40:04,539.82
2022-03-27 20:40:09,539.82
2022-03-27 20:40:14,539.82
2022-03-27 20:40:19,539.76
2022-03-27 20:40:24,539.76
2022-03-27 20:40:29,539.82
2022-03-27 20:40:34,539.76
2022-03-27 20:40:39,539.76
2022-03-27 20:40:44,539.63
2022-03-27 20:40:49,539.69
2022-03-27 20:40:54,539.63
2022-03-27 20:40:59,539.63
2022-03-27 20:41:04,539.63
2022-03-27 20:41:09,539.63
2022-03-27 20:41:14,539.57
2022-03-27 20:41:19,539.63
2022-03-27 20:41:24,539.57
2022-03-27 20:41:29,539.54
2022-03-27 20:41:34,539.57
2022-03-27 20:41:39,539.54
2022-03-27 20:41:44,539.47
2022-03-27 20:41:49,539.54
2022-03-27 20:41:54,539.47
2022-03-27 20:41:59,539.47
2022-03-27 20:42:04,539.47
2022-03-27 20:42:09,539.48
2022-03-27 20:42:14,539.48
2022-03-27 20:42:19,539.48
2022-03-27 20:42:24,539.48
2022-03-27 20:42:29,539.48
2022-03-27 20:42:34,539.48
2022-03-27 20:42:39,539.48
2022-03-27 20:42:44,539.55
2022-03-27 20:42:49,539.55
2022-03-27 20:42:54,539.55
2022-03-27 20:42:59,539.55
2022-03-27 20:43:04,539.55
2022-03-27 20:43:09,539.55
2022-03-27 20:43:14,539.55
2022-03-27 20:43:19,539.55
2022-03-27 20:43:24,539.55
2022-03-27 20:43:29,539.58
2022-03-27 20:43:34,539.55
2022-03-27 20:43:39,539.58
2022-03-27 20:43:44,539.58
2022-03-27 20:43:49,539.58
2022-03-27 20:43:54,539.55
2022-03-27 20:43:59,539.58
2022-03-27 20:44:04,539.49
2022-03-27 20:44:09,539.55
2022-03-27 20:44:14,539.49
2022-03-27 20:44:19,539.49
2022-03-27 20:44:24,539.49
2022-03-27 20:44:29,539.49
2022-03-27 20:44:34,539.49
2022-03-27 20:44:39,539.49
2022-03-27 20:44:44,539.43
2022-03-27 20:44:49,539.43
2022-03-27 20:44:54,539.36
2022-03-27 20:44:59,539.36
2022-03-27 20:45:04,539.33
2022-03-27 20:45:09,539.33
2022-03-27 20:45:14,539.26
2022-03-27 20:45:19,539.26
2022-03-27 20:45:24,539.2
2022-03-27 20:45:29,539.21
2022-03-27 20:45:34,539.14
2022-03-27 20:45:39,539.14
2022-03-27 20:45:44,539.14
2022-03-27 20:45:49,539.14
2022-03-27 20:45:54,539.07
2022-03-27 20:45:59,539.07
2022-03-27 20:46:04,539.04
2022-03-27 20:46:09,538.98
2022-03-27 20:46:14,538.98
2022-03-27 20:46:19,538.97
2022-03-27 20:46:24,538.91
2022-03-27 20:46:29,538.84
2022-03-27 20:46:34,538.84
2022-03-27 20:46:39,538.84
2022-03-27 20:46:44,538.75
2022-03-27 20:46:49,538.75
2022-03-27 20:46:54,538.68
2022-03-27 20:46:59,538.68
2022-03-27 20:47:04,538.61
2022-03-27 20:47:09,538.62
2022-03-27 20:47:14,538.55
2022-03-27 20:47:19,538.55
2022-03-27 20:47:24,538.52
2022-03-27 20:47:29,538.52
2022-03-27 20:47:34,538.45
2022-03-27 20:47:39,538.45
2022-03-27 20:47:44,538.45
2022-03-27 20:47:49,538.32
2022-03-27 20:47:54,538.32
2022-03-27 20:47:59,538.32
2022-03-27 20:48:04,538.22
2022-03-27 20:48:09,538.22
2022-03-27 20:48:14,538.22
2022-03-27 20:48:19,538.16
2022-03-27 20:48:24,538.09
2022-03-27 20:48:29,538.09
2022-03-27 20:48:34,537.99
2022-03-27 20:48:39,537.99
2022-03-27 20:48:44,537.99
2022-03-27 20:48:49,537.99
2022-03-27 20:48:54,537.86
2022-03-27 20:48:59,537.8
2022-03-27 20:49:04,537.79
2022-03-27 20:49:09,537.79
2022-03-27 20:49:14,537.76
2022-03-27 20:49:19,537.7
2022-03-27 20:49:24,537.63
2022-03-27 20:49:29,537.63
2022-03-27 20:49:34,537.57
2022-03-27 20:49:39,537.5
2022-03-27 20:49:44,537.47
2022-03-27 20:49:49,537.4
2022-03-27 20:49:54,537.33
2022-03-27 20:49:59,537.27
2022-03-27 20:50:04,537.27
2022-03-27 20:50:09,537.17
2022-03-27 20:50:14,537.17
2022-03-27 20:50:19,537.04
2022-03-27 20:50:24,537.04
2022-03-27 20:50:29,536.98
2022-03-27 20:50:34,536.94
2022-03-27 20:50:39,536.88
2022-03-27 20:50:44,536.81
2022-03-27 20:50:49,536.81
2022-03-27 20:50:54,536.72
2022-03-27 20:50:59,536.65
2022-03-27 20:51:04,536.59
2022-03-27 20:51:09,536.52
2022-03-27 20:51:14,536.46
2022-03-27 20:51:19,536.43
2022-03-27 20:51:24,536.43
2022-03-27 20:51:29,536.36
2022-03-27 20:51:34,536.36
2022-03-27 20:51:39,536.3
2022-03-27 20:51:44,536.23
2022-03-27 20:51:49,536.2
2022-03-27 20:51:54,536.13
2022-03-27 20:51:59,536.07
2022-03-27 20:52:04,536.07
2022-03-27 20:52:09,536.07
2022-03-27 20:52:14,536.01
2022-03-27 20:52:19,535.94
2022-03-27 20:52:24,535.91
2022-03-27 20:52:29,535.91
2022-03-27 20:52:34,535.91
2022-03-27 20:52:39,535.84
2022-03-27 20:52:44,535.78
2022-03-27 20:52:49,535.78
2022-03-27 20:52:54,535.68
2022-03-27 20:52:59,535.68
2022-03-27 20:53:04,535.68
2022-03-27 20:53:09,535.68
2022-03-27 20:53:14,535.62
2022-03-27 20:53:19,535.55
2022-03-27 20:53:24,535.55
2022-03-27 20:53:29,535.49
2022-03-27 20:53:34,535.49
2022-03-27 20:53:39,535.49
2022-03-27 20:53:44,535.43
2022-03-27 20:53:49,535.43
2022-03-27 20:53:54,535.43
2022-03-27 20:53:59,535.43
2022-03-27 20:54:04,535.39
2022-03-27 20:54:09,535.4
2022-03-27 20:54:14,535.43
2022-03-27 20:54:19,535.43
2022-03-27 20:54:24,535.4
2022-03-27 20:54:29,535.43
2022-03-27 20:54:34,535.43
2022-03-27 20:54:39,535.49
2022-03-27 20:54:44,535.49
2022-03-27 20:54:49,537.71
2022-03-27 20:54:54,535.56
2022-03-27 20:54:59,535.56
2022-03-27 20:55:04,535.62
2022-03-27 20:55:09,535.62
2022-03-27 20:55:14,535.69
2022-03-27 20:55:19,535.69
2022-03-27 20:55:24,535.69
2022-03-27 20:55:29,535.78
2022-03-27 20:55:34,535.78
2022-03-27 20:55:39,535.78
2022-03-27 20:55:44,535.85
2022-03-27 20:55:49,535.91
2022-03-27 20:55:54,535.94
2022-03-27 20:55:59,535.95
2022-03-27 20:56:04,536.07
2022-03-27 20:56:09,536.07
2022-03-27 20:56:14,536.07
2022-03-27 20:56:19,536.21
2022-03-27 20:56:24,536.2
2022-03-27 20:56:29,536.24
2022-03-27 20:56:34,536.3
2022-03-27 20:56:39,536.37
2022-03-27 20:56:44,536.37
2022-03-27 20:56:49,536.46
2022-03-27 20:56:54,536.52
2022-03-27 20:56:59,536.53
2022-03-27 20:57:04,536.66
2022-03-27 20:57:09,536.66
2022-03-27 20:57:14,536.72
2022-03-27 20:57:19,536.75
2022-03-27 20:57:24,536.82
2022-03-27 20:57:29,536.88
2022-03-27 20:57:34,536.95
2022-03-27 20:57:39,536.88
2022-03-27 20:57:44,536.98
2022-03-27 20:57:49,537.05
2022-03-27 20:57:54,537.05
2022-03-27 20:57:59,537.11
2022-03-27 20:58:04,537.17
2022-03-27 20:58:09,537.24
2022-03-27 20:58:14,537.24
2022-03-27 20:58:19,537.27
2022-03-27 20:58:24,537.27
2022-03-27 20:58:29,537.33
2022-03-27 20:58:34,537.33
2022-03-27 20:58:39,537.4
2022-03-27 20:58:44,537.4
2022-03-27 20:58:49,537.4
2022-03-27 20:58:54,537.4
2022-03-27 20:58:59,537.47
2022-03-27 20:59:04,537.47
2022-03-27 20:59:09,537.47
2022-03-27 20:59:14,537.47
2022-03-27 20:59:19,537.47
2022-03-27 20:59:24,537.5
2022-03-27 20:59:29,537.5
2022-03-27 20:59:34,537.5
2022-03-27 20:59:39,537.5
2022-03-27 20:59:44,537.5
2022-03-27 20:59:49,537.5
2022-03-27 20:59:54,537.5
2022-03-27 20:59:59,537.5
2022-03-27 21:00:04,537.5
2022-03-27 21:00:09,537.57
2022-03-27 21:00:14,537.57
2022-03-27 21:00:19,537.51
2022-03-27 21:00:24,537.51
2022-03-27 21:00:29,537.51
2022-03-27 21:00:34,537.57
2022-03-27 21:00:39,537.57
2022-03-27 21:00:44,537.51
2022-03-27 21:00:49,537.57
2022-03-27 21:00:54,537.57
2022-03-27 21:00:59,537.57
2022-03-27 21:01:04,537.57
2022-03-27 21:01:09,537.64
2022-03-27 21:01:14,537.64
2022-03-27 21:01:19,537.64
2022-03-27 21:01:24,537.64
2022-03-27 21:01:29,537.64
2022-03-27 21:01:34,537.64
2022-03-27 21:01:39,537.64
2022-03-27 21:01:44,537.71
2022-03-27 21:01:49,537.71
2022-03-27 21:01:54,537.71
2022-03-27 21:01:59,537.77
2022-03-27 21:02:04,537.71
2022-03-27 21:02:09,537.77
2022-03-27 21:02:14,537.77
2022-03-27 21:02:19,537.77
2022-03-27 21:02:24,537.78
2022-03-27 21:02:29,537.81
2022-03-27 21:02:34,537.81
2022-03-27 21:02:39,537.81
2022-03-27 21:02:44,537.88
2022-03-27 21:02:49,537.88
2022-03-27 21:02:54,537.94
2022-03-27 21:02:59,537.94
2022-03-27 21:03:04,537.94
2022-03-27 21:03:09,538.01
2022-03-27 21:03:14,538.01
2022-03-27 21:03:19,538.04
2022-03-27 21:03:24,538.04
2022-03-27 21:03:29,538.1
2022-03-27 21:03:34,538.17
2022-03-27 21:03:39,537.71
2022-03-27 21:03:44,538.23
2022-03-27 21:03:49,538.3
2022-03-27 21:03:54,538.33
2022-03-27 21:03:59,538.4
2022-03-27 21:04:04,538.39
2022-03-27 21:04:09,538.46
2022-03-27 21:04:14,538.52
2022-03-27 21:04:19,538.52
2022-03-27 21:04:24,538.56
2022-03-27 21:04:29,538.62
2022-03-27 21:04:34,538.69
2022-03-27 21:04:39,538.75
2022-03-27 21:04:44,538.75
2022-03-27 21:04:49,538.81
2022-03-27 21:04:54,538.84
2022-03-27 21:04:59,538.84
2022-03-27 21:05:04,538.91
2022-03-27 21:05:09,538.91
2022-03-27 21:05:14,539.04
2022-03-27 21:05:19,539.04
2022-03-27 21:05:24,538.97
2022-03-27 21:05:29,538.97
2022-03-27 21:05:34,539.03
2022-03-27 21:05:39,539.04
2022-03-27 21:05:44,539.07
2022-03-27 21:05:49,539.07
2022-03-27 21:05:54,539.07
2022-03-27 21:05:59,539.06
2022-03-27 21:06:04,539.06
2022-03-27 21:06:09,539.06
2022-03-27 21:06:14,539.19
2022-03-27 21:06:19,539.13
2022-03-27 21:06:24,539.12
2022-03-27 21:06:29,539.06
2022-03-27 21:06:34,539.12
2022-03-27 21:06:39,539.12
2022-03-27 21:06:44,539.12
2022-03-27 21:06:49,539.12
2022-03-27 21:06:54,539.12
2022-03-27 21:06:59,539.12
2022-03-27 21:07:04,539.12
2022-03-27 21:07:09,539.12
2022-03-27 21:07:14,539.18
2022-03-27 21:07:19,539.11
2022-03-27 21:07:24,539.18
2022-03-27 21:07:29,539.11
2022-03-27 21:07:34,539.18
2022-03-27 21:07:39,539.18
2022-03-27 21:07:44,539.18
2022-03-27 21:07:49,539.24
2022-03-27 21:07:54,539.17
2022-03-27 21:07:59,539.24
2022-03-27 21:08:04,539.24
2022-03-27 21:08:09,539.3
2022-03-27 21:08:14,539.24
2022-03-27 21:08:19,539.24
2022-03-27 21:08:24,539.3
2022-03-27 21:08:29,539.3
2022-03-27 21:08:34,539.3
2022-03-27 21:08:39,539.23
2022-03-27 21:08:44,539.3
2022-03-27 21:08:49,539.23
2022-03-27 21:08:54,539.23
2022-03-27 21:08:59,539.23
2022-03-27 21:09:04,539.29
2022-03-27 21:09:09,539.29
2022-03-27 21:09:14,539.29
2022-03-27 21:09:19,539.29
2022-03-27 21:09:24,539.29
2022-03-27 21:09:29,539.29
2022-03-27 21:09:34,539.22
2022-03-27 21:09:39,539.29
2022-03-27 21:09:44,539.29
2022-03-27 21:09:49,539.29
2022-03-27 21:09:54,539.29
2022-03-27 21:09:59,539.29
2022-03-27 21:10:04,539.29
2022-03-27 21:10:09,539.29
2022-03-27 21:10:14,539.29
2022-03-27 21:10:19,539.29
2022-03-27 21:10:24,539.29
2022-03-27 21:10:29,539.29
2022-03-27 21:10:34,539.29
2022-03-27 21:10:39,539.29
2022-03-27 21:10:44,539.29
2022-03-27 21:10:49,539.28
2022-03-27 21:10:54,539.32
2022-03-27 21:10:59,539.29
2022-03-27 21:11:04,539.28
2022-03-27 21:11:09,539.28
2022-03-27 21:11:14,539.22
2022-03-27 21:11:19,539.22
2022-03-27 21:11:24,539.16
2022-03-27 21:11:29,539.09
2022-03-27 21:11:34,539.16
2022-03-27 21:11:39,539.09
2022-03-27 21:11:44,539.03
2022-03-27 21:11:49,539.03
2022-03-27 21:11:54,538.99
2022-03-27 21:11:59,538.93
2022-03-27 21:12:04,538.87
2022-03-27 21:12:09,538.8
2022-03-27 21:12:14,538.77
2022-03-27 21:12:19,538.71
2022-03-27 21:12:24,538.71
2022-03-27 21:12:29,538.64
2022-03-27 21:12:34,538.58
2022-03-27 21:12:39,538.51
2022-03-27 21:12:44,538.51
2022-03-27 21:12:49,538.42
2022-03-27 21:12:54,538.42
2022-03-27 21:12:59,538.35
2022-03-27 21:13:04,538.29
2022-03-27 21:13:09,538.29
2022-03-27 21:13:14,538.25
2022-03-27 21:13:19,538.19
2022-03-27 21:13:24,538.13
2022-03-27 21:13:29,538.13
2022-03-27 21:13:34,538.06
2022-03-27 21:13:39,538.0
2022-03-27 21:13:44,537.96
2022-03-27 21:13:49,537.96
2022-03-27 21:13:54,537.83
2022-03-27 21:13:59,537.83
2022-03-27 21:14:04,537.77
2022-03-27 21:14:09,537.74
2022-03-27 21:14:14,537.61
2022-03-27 21:14:19,537.61
2022-03-27 21:14:24,537.54
2022-03-27 21:14:29,537.48
2022-03-27 21:14:34,537.44
2022-03-27 21:14:39,537.37
2022-03-27 21:14:44,537.31
2022-03-27 21:14:49,537.25
2022-03-27 21:14:54,537.25
2022-03-27 21:14:59,537.15
2022-03-27 21:15:04,537.15
2022-03-27 21:15:09,537.08
2022-03-27 21:15:14,537.02
2022-03-27 21:15:19,536.95
2022-03-27 21:15:24,536.92
2022-03-27 21:15:29,536.86
2022-03-27 21:15:34,536.85
2022-03-27 21:15:39,536.79
2022-03-27 21:15:44,536.79
2022-03-27 21:15:49,536.73
2022-03-27 21:15:54,536.63
2022-03-27 21:15:59,536.63
2022-03-27 21:16:04,536.56
2022-03-27 21:16:09,536.49
2022-03-27 21:16:14,536.43
2022-03-27 21:16:19,536.39
2022-03-27 21:16:24,536.33
2022-03-27 21:16:29,536.26
2022-03-27 21:16:34,536.2
2022-03-27 21:16:39,536.16
2022-03-27 21:16:44,536.1
2022-03-27 21:16:49,536.1
2022-03-27 21:16:54,536.03
2022-03-27 21:16:59,535.97
2022-03-27 21:17:04,535.97
2022-03-27 21:17:09,535.9
2022-03-27 21:17:14,535.86
2022-03-27 21:17:19,535.8
2022-03-27 21:17:24,535.74
2022-03-27 21:17:29,535.67
2022-03-27 21:17:34,535.67
2022-03-27 21:17:39,535.64
2022-03-27 21:17:44,535.57
2022-03-27 21:17:49,535.5
2022-03-27 21:17:54,535.44
2022-03-27 21:17:59,535.37
2022-03-27 21:18:04,535.37
2022-03-27 21:18:09,535.34
2022-03-27 21:18:14,535.28
2022-03-27 21:18:19,535.21
2022-03-27 21:18:24,535.21
2022-03-27 21:18:29,535.14
2022-03-27 21:18:34,535.11
2022-03-27 21:18:39,535.04
2022-03-27 21:18:44,534.98
2022-03-27 21:18:49,534.91
2022-03-27 21:18:54,534.91
2022-03-27 21:18:59,534.85
2022-03-27 21:19:04,534.85
2022-03-27 21:19:09,534.81
2022-03-27 21:19:14,534.75
2022-03-27 21:19:19,534.68
2022-03-27 21:19:24,534.62
2022-03-27 21:19:29,534.58
2022-03-27 21:19:34,534.52
2022-03-27 21:19:39,534.52
2022-03-27 21:19:44,534.45
2022-03-27 21:19:49,534.39
2022-03-27 21:19:54,534.32
2022-03-27 21:19:59,534.29
2022-03-27 21:20:04,534.23
2022-03-27 21:20:09,534.1
2022-03-27 21:20:14,534.09
2022-03-27 21:20:19,534.06
2022-03-27 21:20:24,533.93
2022-03-27 21:20:29,533.87
2022-03-27 21:20:34,533.87
2022-03-27 21:20:39,533.8
2022-03-27 21:20:44,533.77
2022-03-27 21:20:49,533.71
2022-03-27 21:20:54,533.64
2022-03-27 21:20:59,533.58
2022-03-27 21:21:04,533.54
2022-03-27 21:21:09,533.48
2022-03-27 21:21:14,533.48
2022-03-27 21:21:19,533.48
2022-03-27 21:21:24,533.41
2022-03-27 21:21:29,533.35
2022-03-27 21:21:34,533.35
2022-03-27 21:21:39,533.28
2022-03-27 21:21:44,533.28
2022-03-27 21:21:49,533.28
2022-03-27 21:21:54,533.28
2022-03-27 21:21:59,533.29
2022-03-27 21:22:04,533.25
2022-03-27 21:22:09,533.25
2022-03-27 21:22:14,533.19
2022-03-27 21:22:19,533.25
2022-03-27 21:22:24,533.25
2022-03-27 21:22:29,533.19
2022-03-27 21:22:34,533.25
2022-03-27 21:22:39,533.25
2022-03-27 21:22:44,533.25
2022-03-27 21:22:49,533.25
2022-03-27 21:22:54,533.25
2022-03-27 21:22:59,533.25
2022-03-27 21:23:04,533.28
2022-03-27 21:23:09,533.28
2022-03-27 21:23:14,533.35
2022-03-27 21:23:19,533.41
2022-03-27 21:23:24,533.41
2022-03-27 21:23:29,533.41
2022-03-27 21:23:34,533.48
2022-03-27 21:23:39,533.48
2022-03-27 21:23:44,533.54
2022-03-27 21:23:49,533.54
2022-03-27 21:23:54,533.57
2022-03-27 21:23:59,533.64
2022-03-27 21:24:04,533.7
2022-03-27 21:24:09,533.64
2022-03-27 21:24:14,533.77
2022-03-27 21:24:19,533.77
2022-03-27 21:24:24,533.8
2022-03-27 21:24:29,533.86
2022-03-27 21:24:34,533.93
2022-03-27 21:24:39,533.99
2022-03-27 21:24:44,533.99
2022-03-27 21:24:49,534.06
2022-03-27 21:24:54,534.09
2022-03-27 21:24:59,534.15
2022-03-27 21:25:04,534.28
2022-03-27 21:25:09,534.22
2022-03-27 21:25:14,534.32
2022-03-27 21:25:19,534.38
2022-03-27 21:25:24,534.38
2022-03-27 21:25:29,534.44
2022-03-27 21:25:34,534.51
2022-03-27 21:25:39,534.57
2022-03-27 21:25:44,534.6
2022-03-27 21:25:49,534.6
2022-03-27 21:25:54,534.67
2022-03-27 21:25:59,534.73
2022-03-27 21:26:04,534.8
2022-03-27 21:26:09,534.8
2022-03-27 21:26:14,534.8
2022-03-27 21:26:19,534.83
2022-03-27 21:26:24,534.9
2022-03-27 21:26:29,534.96
2022-03-27 21:26:34,535.02
2022-03-27 21:26:39,535.02
2022-03-27 21:26:44,535.09
2022-03-27 21:26:49,535.09
2022-03-27 21:26:54,537.71
2022-03-27 21:26:59,535.19
2022-03-27 21:27:04,535.25
2022-03-27 21:27:09,535.25
2022-03-27 21:27:14,535.31
2022-03-27 21:27:19,535.31
2022-03-27 21:27:24,535.31
2022-03-27 21:27:29,535.35
2022-03-27 21:27:34,535.41
2022-03-27 21:27:39,535.35
2022-03-27 21:27:44,535.41
2022-03-27 21:27:49,535.41
2022-03-27 21:27:54,535.47
2022-03-27 21:27:59,535.47
2022-03-27 21:28:04,535.54
2022-03-27 21:28:09,535.54
2022-03-27 21:28:14,535.54
2022-03-27 21:28:19,535.6
2022-03-27 21:28:24,535.61
2022-03-27 21:28:29,535.61
2022-03-27 21:28:34,535.64
2022-03-27 21:28:39,535.64
2022-03-27 21:28:44,535.64
2022-03-27 21:28:49,535.64
2022-03-27 21:28:54,535.71
2022-03-27 21:28:59,535.71
2022-03-27 21:29:04,535.71
2022-03-27 21:29:09,535.71
2022-03-27 21:29:14,535.71
2022-03-27 21:29:19,535.71
2022-03-27 21:29:24,535.77
2022-03-27 21:29:29,535.71
2022-03-27 21:29:34,535.77
2022-03-27 21:29:39,535.78
2022-03-27 21:29:44,535.84
2022-03-27 21:29:49,535.78
2022-03-27 21:29:54,535.84
2022-03-27 21:29:59,535.84
2022-03-27 21:30:04,535.87
2022-03-27 21:30:09,535.84
2022-03-27 21:30:14,535.88
2022-03-27 21:30:19,535.88
2022-03-27 21:30:24,535.87
2022-03-27 21:30:29,535.94
2022-03-27 21:30:34,535.88
2022-03-27 21:30:39,535.88
2022-03-27 21:30:44,535.88
2022-03-27 21:30:49,535.88
2022-03-27 21:30:54,535.88
2022-03-27 21:30:59,535.95
2022-03-27 21:31:04,535.88
2022-03-27 21:31:09,535.88
2022-03-27 21:31:14,535.88
2022-03-27 21:31:19,535.95
2022-03-27 21:31:24,535.88
2022-03-27 21:31:29,535.88
2022-03-27 21:31:34,535.88
2022-03-27 21:31:39,535.95
2022-03-27 21:31:44,535.95
2022-03-27 21:31:49,535.95
2022-03-27 21:31:54,535.88
2022-03-27 21:31:59,535.88
2022-03-27 21:32:04,535.95
2022-03-27 21:32:09,535.88
2022-03-27 21:32:14,535.88
2022-03-27 21:32:19,535.88
2022-03-27 21:32:24,535.88
2022-03-27 21:32:29,535.88
2022-03-27 21:32:34,535.85
2022-03-27 21:32:39,535.85
2022-03-27 21:32:44,535.85
2022-03-27 21:32:49,535.85
2022-03-27 21:32:54,535.85
2022-03-27 21:32:59,535.85
2022-03-27 21:33:04,535.79
2022-03-27 21:33:09,535.79
2022-03-27 21:33:14,535.79
2022-03-27 21:33:19,535.79
2022-03-27 21:33:24,535.79
2022-03-27 21:33:29,535.79
2022-03-27 21:33:34,535.78
2022-03-27 21:33:39,535.78
2022-03-27 21:33:44,535.78
2022-03-27 21:33:49,535.72
2022-03-27 21:33:54,535.72
2022-03-27 21:33:59,535.72
2022-03-27 21:34:04,535.78
2022-03-27 21:34:09,535.78
2022-03-27 21:34:14,535.78
2022-03-27 21:34:19,535.78
2022-03-27 21:34:24,535.72
2022-03-27 21:34:29,535.72
2022-03-27 21:34:34,535.71
2022-03-27 21:34:39,535.65
2022-03-27 21:34:44,535.78
2022-03-27 21:34:49,535.78
2022-03-27 21:34:54,535.71
2022-03-27 21:34:59,535.78
2022-03-27 21:35:04,535.78
2022-03-27 21:35:09,535.78
2022-03-27 21:35:14,535.71
2022-03-27 21:35:19,535.77
2022-03-27 21:35:24,535.77
2022-03-27 21:35:29,535.77
2022-03-27 21:35:34,535.77
2022-03-27 21:35:39,535.77
2022-03-27 21:35:44,535.77
2022-03-27 21:35:49,535.76
2022-03-27 21:35:54,535.76
2022-03-27 21:35:59,535.76
2022-03-27 21:36:04,535.76
2022-03-27 21:36:09,535.76
2022-03-27 21:36:14,535.82
2022-03-27 21:36:19,535.83
2022-03-27 21:36:24,535.82
2022-03-27 21:36:29,535.82
2022-03-27 21:36:34,535.85
2022-03-27 21:36:39,535.85
2022-03-27 21:36:44,535.85
2022-03-27 21:36:49,535.92
2022-03-27 21:36:54,535.92
2022-03-27 21:36:59,535.98
2022-03-27 21:37:04,535.98
2022-03-27 21:37:09,535.98
2022-03-27 21:37:14,535.98
2022-03-27 21:37:19,536.04
2022-03-27 21:37:24,536.1
2022-03-27 21:37:29,536.1
2022-03-27 21:37:34,536.1
2022-03-27 21:37:39,536.1
2022-03-27 21:37:44,536.13
2022-03-27 21:37:49,536.2
2022-03-27 21:37:54,536.26
2022-03-27 21:37:59,536.26
2022-03-27 21:38:04,536.26
2022-03-27 21:38:09,536.32
2022-03-27 21:38:14,536.36
2022-03-27 21:38:19,536.35
2022-03-27 21:38:24,536.42
2022-03-27 21:38:29,536.42
2022-03-27 21:38:34,536.48
2022-03-27 21:38:39,536.48
2022-03-27 21:38:44,536.54
2022-03-27 21:38:49,536.61
2022-03-27 21:38:54,536.61
2022-03-27 21:38:59,536.61
2022-03-27 21:39:04,536.64
2022-03-27 21:39:09,536.64
2022-03-27 21:39:14,536.64
2022-03-27 21:39:19,536.7
2022-03-27 21:39:24,536.77
2022-03-27 21:39:29,536.77
2022-03-27 21:39:34,536.77
2022-03-27 21:39:39,536.83
2022-03-27 21:39:44,536.86
2022-03-27 21:39:49,536.86
2022-03-27 21:39:54,536.86
2022-03-27 21:39:59,536.93
2022-03-27 21:40:04,536.93
2022-03-27 21:40:09,536.99
2022-03-27 21:40:14,536.99
2022-03-27 21:40:19,537.05
2022-03-27 21:40:24,537.12
2022-03-27 21:40:29,537.12
2022-03-27 21:40:34,537.12
2022-03-27 21:40:39,537.15
2022-03-27 21:40:44,537.15
2022-03-27 21:40:49,537.22
2022-03-27 21:40:54,537.22
2022-03-27 21:40:59,537.28
2022-03-27 21:41:04,537.35
2022-03-27 21:41:09,537.28
2022-03-27 21:41:14,537.38
2022-03-27 21:41:19,537.38
2022-03-27 21:41:24,537.38
2022-03-27 21:41:29,537.38
2022-03-27 21:41:34,537.38
2022-03-27 21:41:39,537.45
2022-03-27 21:41:44,537.51
2022-03-27 21:41:49,537.44
2022-03-27 21:41:54,537.51
2022-03-27 21:41:59,537.51
2022-03-27 21:42:04,537.51
2022-03-27 21:42:09,537.51
2022-03-27 21:42:14,537.51
2022-03-27 21:42:19,537.51
2022-03-27 21:42:24,537.45
2022-03-27 21:42:29,537.44
2022-03-27 21:42:34,537.51
2022-03-27 21:42:39,537.45
2022-03-27 21:42:44,537.45
2022-03-27 21:42:49,537.45
2022-03-27 21:42:54,537.38
2022-03-27 21:42:59,537.44
2022-03-27 21:43:04,537.45
2022-03-27 21:43:09,537.45
2022-03-27 21:43:14,537.45
2022-03-27 21:43:19,537.38
2022-03-27 21:43:24,537.45
2022-03-27 21:43:29,537.38
2022-03-27 21:43:34,537.38
2022-03-27 21:43:39,537.38
2022-03-27 21:43:44,537.45
2022-03-27 21:43:49,537.38
2022-03-27 21:43:54,537.38
2022-03-27 21:43:59,537.38
2022-03-27 21:44:04,537.35
2022-03-27 21:44:09,537.35
2022-03-27 21:44:14,537.35
2022-03-27 21:44:19,537.29
2022-03-27 21:44:24,537.22
2022-03-27 21:44:29,537.22
2022-03-27 21:44:34,537.29
2022-03-27 21:44:39,537.22
2022-03-27 21:44:44,537.22
2022-03-27 21:44:49,537.22
2022-03-27 21:44:54,537.22
2022-03-27 21:44:59,537.16
2022-03-27 21:45:04,537.16
2022-03-27 21:45:09,537.16
2022-03-27 21:45:14,537.16
2022-03-27 21:45:19,537.12
2022-03-27 21:45:24,537.12
2022-03-27 21:45:29,537.12
2022-03-27 21:45:34,537.13
2022-03-27 21:45:39,537.06
2022-03-27 21:45:44,537.12
2022-03-27 21:45:49,537.06
2022-03-27 21:45:54,537.0
2022-03-27 21:45:59,537.0
2022-03-27 21:46:04,537.0
2022-03-27 21:46:09,537.0
2022-03-27 21:46:14,536.93
2022-03-27 21:46:19,536.93
2022-03-27 21:46:24,536.93
2022-03-27 21:46:29,536.87
2022-03-27 21:46:34,536.87
2022-03-27 21:46:39,536.87
2022-03-27 21:46:44,536.87
2022-03-27 21:46:49,536.84
2022-03-27 21:46:54,536.77
2022-03-27 21:46:59,536.77
2022-03-27 21:47:04,536.77
2022-03-27 21:47:09,536.77
2022-03-27 21:47:14,536.71
2022-03-27 21:47:19,536.71
2022-03-27 21:47:24,536.71
2022-03-27 21:47:29,536.64
2022-03-27 21:47:34,536.65
2022-03-27 21:47:39,536.65
2022-03-27 21:47:44,536.61
2022-03-27 21:47:49,536.65
2022-03-27 21:47:54,536.61
2022-03-27 21:47:59,536.61
2022-03-27 21:48:04,536.61
2022-03-27 21:48:09,536.55
2022-03-27 21:48:14,536.62
2022-03-27 21:48:19,536.62
2022-03-27 21:48:24,536.55
2022-03-27 21:48:29,536.62
2022-03-27 21:48:34,536.62
2022-03-27 21:48:39,536.55
2022-03-27 21:48:44,536.55
2022-03-27 21:48:49,536.55
2022-03-27 21:48:54,536.55
2022-03-27 21:48:59,536.56
2022-03-27 21:49:04,536.55
2022-03-27 21:49:09,536.56
2022-03-27 21:49:14,536.56
2022-03-27 21:49:19,536.56
2022-03-27 21:49:24,536.49
2022-03-27 21:49:29,536.49
2022-03-27 21:49:34,536.49
2022-03-27 21:49:39,536.49
2022-03-27 21:49:44,536.49
2022-03-27 21:49:49,536.49
2022-03-27 21:49:54,536.56
2022-03-27 21:49:59,536.5
2022-03-27 21:50:04,536.5
2022-03-27 21:50:09,536.49
2022-03-27 21:50:14,536.49
2022-03-27 21:50:19,536.56
2022-03-27 21:50:24,536.5
2022-03-27 21:50:29,536.56
2022-03-27 21:50:34,536.56
2022-03-27 21:50:39,536.56
2022-03-27 21:50:44,536.63
2022-03-27 21:50:49,536.62
2022-03-27 21:50:54,536.66
2022-03-27 21:50:59,536.66
2022-03-27 21:51:04,536.66
2022-03-27 21:51:09,536.72
2022-03-27 21:51:14,536.72
2022-03-27 21:51:19,536.72
2022-03-27 21:51:24,536.72
2022-03-27 21:51:29,536.79
2022-03-27 21:51:34,536.85
2022-03-27 21:51:39,536.85
2022-03-27 21:51:44,536.88
2022-03-27 21:51:49,536.88
2022-03-27 21:51:54,536.95
2022-03-27 21:51:59,536.95
2022-03-27 21:52:04,537.07
2022-03-27 21:52:09,537.01
2022-03-27 21:52:14,537.07
2022-03-27 21:52:19,537.07
2022-03-27 21:52:24,537.07
2022-03-27 21:52:29,537.14
2022-03-27 21:52:34,537.14
2022-03-27 21:52:39,537.17
2022-03-27 21:52:44,537.23
2022-03-27 21:52:49,537.23
2022-03-27 21:52:54,537.29
2022-03-27 21:52:59,537.36
2022-03-27 21:53:04,537.36
2022-03-27 21:53:09,537.39
2022-03-27 21:53:14,537.46
2022-03-27 21:53:19,537.52
2022-03-27 21:53:24,537.58
2022-03-27 21:53:29,537.58
2022-03-27 21:53:34,537.65
2022-03-27 21:53:39,537.74
2022-03-27 21:53:44,537.74
2022-03-27 21:53:49,537.8
2022-03-27 21:53:54,537.87
2022-03-27 21:53:59,537.9
2022-03-27 21:54:04,537.96
2022-03-27 21:54:09,538.03
2022-03-27 21:54:14,538.09
2022-03-27 21:54:19,538.03
2022-03-27 21:54:24,538.15
2022-03-27 21:54:29,538.25
2022-03-27 21:54:34,538.25
2022-03-27 21:54:39,538.38
2022-03-27 21:54:44,538.41
2022-03-27 21:54:49,538.47
2022-03-27 21:54:54,538.53
2022-03-27 21:54:59,538.6
2022-03-27 21:55:04,538.6
2022-03-27 21:55:09,538.66
2022-03-27 21:55:14,538.69
2022-03-27 21:55:19,538.75
2022-03-27 21:55:24,538.82
2022-03-27 21:55:29,538.88
2022-03-27 21:55:34,538.91
2022-03-27 21:55:39,538.98
2022-03-27 21:55:44,539.04
2022-03-27 21:55:49,539.1
2022-03-27 21:55:54,539.17
2022-03-27 21:55:59,539.2
2022-03-27 21:56:04,539.2
2022-03-27 21:56:09,539.26
2022-03-27 21:56:14,539.33
2022-03-27 21:56:19,539.39
2022-03-27 21:56:24,539.39
2022-03-27 21:56:29,539.42
2022-03-27 21:56:34,539.39
2022-03-27 21:56:39,539.42
2022-03-27 21:56:44,539.42
2022-03-27 21:56:49,539.42
2022-03-27 21:56:54,539.48
2022-03-27 21:56:59,539.48
2022-03-27 21:57:04,539.48
2022-03-27 21:57:09,539.48
2022-03-27 21:57:14,539.48
2022-03-27 21:57:19,539.48
2022-03-27 21:57:24,539.48
2022-03-27 21:57:29,539.42
2022-03-27 21:57:34,539.42
2022-03-27 21:57:39,539.42
2022-03-27 21:57:44,539.38
2022-03-27 21:57:49,539.38
2022-03-27 21:57:54,539.32
2022-03-27 21:57:59,539.25
2022-03-27 21:58:04,539.25
2022-03-27 21:58:09,539.16
2022-03-27 21:58:14,539.09
2022-03-27 21:58:19,539.09
2022-03-27 21:58:24,539.09
2022-03-27 21:58:29,538.9
2022-03-27 21:58:34,538.9
2022-03-27 21:58:39,538.8
2022-03-27 21:58:44,538.74
2022-03-27 21:58:49,538.67
2022-03-27 21:58:54,538.58
2022-03-27 21:58:59,538.45
2022-03-27 21:59:04,538.38
2022-03-27 21:59:09,538.29
2022-03-27 21:59:14,538.22
2022-03-27 21:59:19,538.16
2022-03-27 21:59:24,538.06
2022-03-27 21:59:29,537.93
2022-03-27 21:59:34,537.84
2022-03-27 21:59:39,537.77
2022-03-27 21:59:44,537.64
2022-03-27 21:59:49,537.55
2022-03-27 21:59:54,537.48
2022-03-27 21:59:59,537.35
2022-03-27 22:00:04,537.26
2022-03-27 22:00:09,537.13
2022-03-27 22:00:14,537.03
2022-03-27 22:00:19,536.9
2022-03-27 22:00:24,536.81
2022-03-27 22:00:29,536.62
2022-03-27 22:00:34,536.52
2022-03-27 22:00:39,536.39
2022-03-27 22:00:44,536.29
2022-03-27 22:00:49,536.1
2022-03-27 22:00:54,536.0
2022-03-27 22:00:59,535.87
2022-03-27 22:01:04,535.72
2022-03-27 22:01:09,535.65
2022-03-27 22:01:14,535.49
2022-03-27 22:01:19,535.36
2022-03-27 22:01:24,535.14
2022-03-27 22:01:29,535.04
2022-03-27 22:01:34,534.91
2022-03-27 22:01:39,534.78
2022-03-27 22:01:44,534.62
2022-03-27 22:01:49,534.53
2022-03-27 22:01:54,534.4
2022-03-27 22:01:59,534.24
2022-03-27 22:02:04,534.11
2022-03-27 22:02:09,534.01
2022-03-27 22:02:14,533.88
2022-03-27 22:02:19,533.72
2022-03-27 22:02:24,533.59
2022-03-27 22:02:29,533.5
2022-03-27 22:02:34,533.37
2022-03-27 22:02:39,533.24
2022-03-27 22:02:44,533.14
2022-03-27 22:02:49,533.01
2022-03-27 22:02:54,532.92
2022-03-27 22:02:59,532.85
2022-03-27 22:03:04,532.73
2022-03-27 22:03:09,532.63
2022-03-27 22:03:14,532.57
2022-03-27 22:03:19,532.47
2022-03-27 22:03:24,532.41
2022-03-27 22:03:29,532.34
2022-03-27 22:03:34,532.28
2022-03-27 22:03:39,532.21
2022-03-27 22:03:44,532.18
2022-03-27 22:03:49,532.12
2022-03-27 22:03:54,532.05
2022-03-27 22:03:59,532.05
2022-03-27 22:04:04,532.05
2022-03-27 22:04:09,532.05
2022-03-27 22:04:14,532.05
2022-03-27 22:04:19,532.05
2022-03-27 22:04:24,532.05
2022-03-27 22:04:29,532.05
2022-03-27 22:04:34,532.05
2022-03-27 22:04:39,532.05
2022-03-27 22:04:44,532.18
2022-03-27 22:04:49,532.18
2022-03-27 22:04:54,532.22
2022-03-27 22:04:59,532.28
2022-03-27 22:05:04,532.34
2022-03-27 22:05:09,532.41
2022-03-27 22:05:14,532.41
2022-03-27 22:05:19,532.51
2022-03-27 22:05:24,532.57
2022-03-27 22:05:29,532.64
2022-03-27 22:05:34,532.74
2022-03-27 22:05:39,532.86
2022-03-27 22:05:44,532.93
2022-03-27 22:05:49,533.03
2022-03-27 22:05:54,533.09
2022-03-27 22:05:59,533.22
2022-03-27 22:06:04,533.32
2022-03-27 22:06:09,533.44
2022-03-27 22:06:14,533.51
2022-03-27 22:06:19,533.61
2022-03-27 22:06:24,533.74
2022-03-27 22:06:29,533.83
2022-03-27 22:06:34,533.96
2022-03-27 22:06:39,534.06
2022-03-27 22:06:44,534.12
2022-03-27 22:06:49,534.26
2022-03-27 22:06:54,534.35
2022-03-27 22:06:59,534.41
2022-03-27 22:07:04,534.55
2022-03-27 22:07:09,534.58
2022-03-27 22:07:14,534.71
2022-03-27 22:07:19,534.77
2022-03-27 22:07:24,534.87
2022-03-27 22:07:29,535.0
2022-03-27 22:07:34,535.06
2022-03-27 22:07:39,535.16
2022-03-27 22:07:44,535.23
2022-03-27 22:07:49,535.29
2022-03-27 22:07:54,535.39
2022-03-27 22:07:59,535.52
2022-03-27 22:08:04,535.59
2022-03-27 22:08:09,535.62
2022-03-27 22:08:14,535.68
2022-03-27 22:08:19,535.81
2022-03-27 22:08:24,535.85
2022-03-27 22:08:29,535.91
2022-03-27 22:08:34,535.98
2022-03-27 22:08:39,536.04
2022-03-27 22:08:44,536.14
2022-03-27 22:08:49,536.14
2022-03-27 22:08:54,536.21
2022-03-27 22:08:59,536.27
2022-03-27 22:09:04,536.34
2022-03-27 22:09:09,536.37
2022-03-27 22:09:14,536.43
2022-03-27 22:09:19,536.43
2022-03-27 22:09:24,536.56
2022-03-27 22:09:29,536.63
2022-03-27 22:09:34,536.63
2022-03-27 22:09:39,536.66
2022-03-27 22:09:44,536.66
2022-03-27 22:09:49,536.72
2022-03-27 22:09:54,536.73
2022-03-27 22:09:59,536.73
2022-03-27 22:10:04,536.73
2022-03-27 22:10:09,536.72
2022-03-27 22:10:14,536.79
2022-03-27 22:10:19,536.79
2022-03-27 22:10:24,536.73
2022-03-27 22:10:29,537.71
2022-03-27 22:10:34,536.79
2022-03-27 22:10:39,536.79
2022-03-27 22:10:44,536.79
2022-03-27 22:10:49,536.79
2022-03-27 22:10:54,536.79
2022-03-27 22:10:59,536.73
2022-03-27 22:11:04,536.73
2022-03-27 22:11:09,536.73
2022-03-27 22:11:14,536.73
2022-03-27 22:11:19,536.66
2022-03-27 22:11:24,536.63
2022-03-27 22:11:29,536.63
2022-03-27 22:11:34,536.63
2022-03-27 22:11:39,536.57
2022-03-27 22:11:44,536.56
2022-03-27 22:11:49,536.5
2022-03-27 22:11:54,536.5
2022-03-27 22:11:59,536.43
2022-03-27 22:12:04,536.43
2022-03-27 22:12:09,536.37
2022-03-27 22:12:14,536.34
2022-03-27 22:12:19,536.37
2022-03-27 22:12:24,536.34
2022-03-27 22:12:29,536.27
2022-03-27 22:12:34,536.27
2022-03-27 22:12:39,536.2
2022-03-27 22:12:44,536.14
2022-03-27 22:12:49,536.14
2022-03-27 22:12:54,536.11
2022-03-27 22:12:59,536.04
2022-03-27 22:13:04,535.98
2022-03-27 22:13:09,535.98
2022-03-27 22:13:14,535.91
2022-03-27 22:13:19,535.91
2022-03-27 22:13:24,535.84
2022-03-27 22:13:29,535.75
2022-03-27 22:13:34,535.75
2022-03-27 22:13:39,535.68
2022-03-27 22:13:44,535.61
2022-03-27 22:13:49,535.61
2022-03-27 22:13:54,535.58
2022-03-27 22:13:59,535.52
2022-03-27 22:14:04,535.52
2022-03-27 22:14:09,535.45
2022-03-27 22:14:14,535.38
2022-03-27 22:14:19,535.32
2022-03-27 22:14:24,535.32
2022-03-27 22:14:29,535.29
2022-03-27 22:14:34,535.28
2022-03-27 22:14:39,535.28
2022-03-27 22:14:44,535.22
2022-03-27 22:14:49,535.15
2022-03-27 22:14:54,535.09
2022-03-27 22:14:59,535.09
2022-03-27 22:15:04,535.09
2022-03-27 22:15:09,535.05
2022-03-27 22:15:14,534.99
2022-03-27 22:15:19,534.93
2022-03-27 22:15:24,534.86
2022-03-27 22:15:29,534.86
2022-03-27 22:15:34,534.8
2022-03-27 22:15:39,534.8
2022-03-27 22:15:44,534.76
2022-03-27 22:15:49,534.7
2022-03-27 22:15:54,534.7
2022-03-27 22:15:59,534.7
2022-03-27 22:16:04,534.63
2022-03-27 22:16:09,534.63
2022-03-27 22:16:14,534.63
2022-03-27 22:16:19,534.63
2022-03-27 22:16:24,534.7
2022-03-27 22:16:29,534.7
2022-03-27 22:16:34,534.69
2022-03-27 22:16:39,534.69
2022-03-27 22:16:44,534.7
2022-03-27 22:16:49,534.76
2022-03-27 22:16:54,534.76
2022-03-27 22:16:59,534.76
2022-03-27 22:17:04,534.79
2022-03-27 22:17:09,534.86
2022-03-27 22:17:14,534.86
2022-03-27 22:17:19,534.92
2022-03-27 22:17:24,534.99
2022-03-27 22:17:29,534.99
2022-03-27 22:17:34,535.05
2022-03-27 22:17:39,535.08
2022-03-27 22:17:44,535.15
2022-03-27 22:17:49,535.21
2022-03-27 22:17:54,535.21
2022-03-27 22:17:59,535.31
2022-03-27 22:18:04,535.31
2022-03-27 22:18:09,535.37
2022-03-27 22:18:14,535.44
2022-03-27 22:18:19,535.57
2022-03-27 22:18:24,535.6
2022-03-27 22:18:29,535.6
2022-03-27 22:18:34,535.73
2022-03-27 22:18:39,535.79
2022-03-27 22:18:44,535.89
2022-03-27 22:18:49,535.96
2022-03-27 22:18:54,536.02
2022-03-27 22:18:59,536.08
2022-03-27 22:19:04,536.09
2022-03-27 22:19:09,536.18
2022-03-27 22:19:14,536.25
2022-03-27 22:19:19,536.34
2022-03-27 22:19:24,536.41
2022-03-27 22:19:29,536.47
2022-03-27 22:19:34,536.54
2022-03-27 22:19:39,536.63
2022-03-27 22:19:44,536.7
2022-03-27 22:19:49,536.76
2022-03-27 22:19:54,536.86
2022-03-27 22:19:59,536.93
2022-03-27 22:20:04,537.05
2022-03-27 22:20:09,537.05
2022-03-27 22:20:14,537.15
2022-03-27 22:20:19,537.22
2022-03-27 22:20:24,537.28
2022-03-27 22:20:29,537.34
2022-03-27 22:20:34,537.38
2022-03-27 22:20:39,537.44
2022-03-27 22:20:44,537.51
2022-03-27 22:20:49,537.57
2022-03-27 22:20:54,537.57
2022-03-27 22:20:59,537.64
2022-03-27 22:21:04,537.64
2022-03-27 22:21:09,537.67
2022-03-27 22:21:14,537.67
2022-03-27 22:21:19,537.67
2022-03-27 22:21:24,537.74
2022-03-27 22:21:29,537.73
2022-03-27 22:21:34,537.74
2022-03-27 22:21:39,537.74
2022-03-27 22:21:44,537.74
2022-03-27 22:21:49,537.74
2022-03-27 22:21:54,537.74
2022-03-27 22:21:59,537.74
2022-03-27 22:22:04,537.74
2022-03-27 22:22:09,537.74
2022-03-27 22:22:14,537.74
2022-03-27 22:22:19,537.74
2022-03-27 22:22:24,537.67
2022-03-27 22:22:29,537.67
2022-03-27 22:22:34,537.64
2022-03-27 22:22:39,537.64
2022-03-27 22:22:44,537.64
2022-03-27 22:22:49,537.64
2022-03-27 22:22:54,537.58
2022-03-27 22:22:59,537.58
2022-03-27 22:23:04,537.51
2022-03-27 22:23:09,537.51
2022-03-27 22:23:14,537.51
2022-03-27 22:23:19,537.45
2022-03-27 22:23:24,537.45
2022-03-27 22:23:29,537.45
2022-03-27 22:23:34,537.39
2022-03-27 22:23:39,537.39
2022-03-27 22:23:44,537.39
2022-03-27 22:23:49,537.39
2022-03-27 22:23:54,537.36
2022-03-27 22:23:59,537.35
2022-03-27 22:24:04,537.36
2022-03-27 22:24:09,537.29
2022-03-27 22:24:14,537.29
2022-03-27 22:24:19,537.29
2022-03-27 22:24:24,537.23
2022-03-27 22:24:29,537.16
2022-03-27 22:24:34,537.17
2022-03-27 22:24:39,537.16
2022-03-27 22:24:44,537.13
2022-03-27 22:24:49,537.13
2022-03-27 22:24:54,537.07
2022-03-27 22:24:59,537.07
2022-03-27 22:25:04,537.07
2022-03-27 22:25:09,537.01
2022-03-27 22:25:14,537.01
2022-03-27 22:25:19,537.01
2022-03-27 22:25:24,536.95
2022-03-27 22:25:29,536.95
2022-03-27 22:25:34,536.88
2022-03-27 22:25:39,536.88
2022-03-27 22:25:44,536.88
2022-03-27 22:25:49,536.85
2022-03-27 22:25:54,536.85
2022-03-27 22:25:59,536.79
2022-03-27 22:26:04,536.72
2022-03-27 22:26:09,536.66
2022-03-27 22:26:14,536.66
2022-03-27 22:26:19,536.63
2022-03-27 22:26:24,536.63
2022-03-27 22:26:29,536.57
2022-03-27 22:26:34,536.57
2022-03-27 22:26:39,536.5
2022-03-27 22:26:44,536.5
2022-03-27 22:26:49,536.44
2022-03-27 22:26:54,536.34
2022-03-27 22:26:59,536.34
2022-03-27 22:27:04,536.28
2022-03-27 22:27:09,536.28
2022-03-27 22:27:14,536.22
2022-03-27 22:27:19,536.16
2022-03-27 22:27:24,536.12
2022-03-27 22:27:29,536.12
2022-03-27 22:27:34,536.06
2022-03-27 22:27:39,536.0
2022-03-27 22:27:44,535.93
2022-03-27 22:27:49,535.93
2022-03-27 22:27:54,535.87
2022-03-27 22:27:59,535.84
2022-03-27 22:28:04,535.77
2022-03-27 22:28:09,535.77
2022-03-27 22:28:14,535.71
2022-03-27 22:28:19,535.71
2022-03-27 22:28:24,535.64
2022-03-27 22:28:29,535.62
2022-03-27 22:28:34,535.61
2022-03-27 22:28:39,535.55
2022-03-27 22:28:44,535.49
2022-03-27 22:28:49,535.49
2022-03-27 22:28:54,535.42
2022-03-27 22:28:59,535.36
2022-03-27 22:29:04,535.36
2022-03-27 22:29:09,535.33
2022-03-27 22:29:14,535.26
2022-03-27 22:29:19,535.2
2022-03-27 22:29:24,535.13
2022-03-27 22:29:29,535.1
2022-03-27 22:29:34,534.97
2022-03-27 22:29:39,534.84
2022-03-27 22:29:44,534.75
2022-03-27 22:29:49,534.68
2022-03-27 22:29:54,534.58
2022-03-27 22:29:59,534.45
2022-03-27 22:30:04,534.33
2022-03-27 22:30:09,534.23
2022-03-27 22:30:14,534.07
2022-03-27 22:30:19,533.94
2022-03-27 22:30:24,533.78
2022-03-27 22:30:29,533.59
2022-03-27 22:30:34,533.49
2022-03-27 22:30:39,533.29
2022-03-27 22:30:44,533.2
2022-03-27 22:30:49,533.07
2022-03-27 22:30:54,532.84
2022-03-27 22:30:59,532.74
2022-03-27 22:31:04,532.55
2022-03-27 22:31:09,532.45
2022-03-27 22:31:14,532.26
2022-03-27 22:31:19,532.16
2022-03-27 22:31:24,532.03
2022-03-27 22:31:29,531.94
2022-03-27 22:31:34,531.8
2022-03-27 22:31:39,531.71
2022-03-27 22:31:44,531.58
2022-03-27 22:31:49,531.42
2022-03-27 22:31:54,531.29
2022-03-27 22:31:59,531.22
2022-03-27 22:32:04,531.06
2022-03-27 22:32:09,530.96
2022-03-27 22:32:14,530.83
2022-03-27 22:32:19,530.77
2022-03-27 22:32:24,530.67
2022-03-27 22:32:29,530.54
2022-03-27 22:32:34,530.47
2022-03-27 22:32:39,530.31
2022-03-27 22:32:44,530.25
2022-03-27 22:32:49,530.15
2022-03-27 22:32:54,530.02
2022-03-27 22:32:59,529.86
2022-03-27 22:33:04,529.73
2022-03-27 22:33:09,529.67
2022-03-27 22:33:14,529.63
2022-03-27 22:33:19,529.57
2022-03-27 22:33:24,529.4
2022-03-27 22:33:29,529.34
2022-03-27 22:33:34,529.27
2022-03-27 22:33:39,529.14
2022-03-27 22:33:44,537.71
2022-03-27 22:33:49,528.98
2022-03-27 22:33:54,528.91
2022-03-27 22:33:59,528.82
2022-03-27 22:34:04,528.75
2022-03-27 22:34:09,528.69
2022-03-27 22:34:14,528.59
2022-03-27 22:34:19,528.52
2022-03-27 22:34:24,528.4
2022-03-27 22:34:29,528.36
2022-03-27 22:34:34,528.23
2022-03-27 22:34:39,528.17
2022-03-27 22:34:44,528.1
2022-03-27 22:34:49,527.94
2022-03-27 22:34:54,527.88
2022-03-27 22:34:59,527.85
2022-03-27 22:35:04,527.72
2022-03-27 22:35:09,527.65
2022-03-27 22:35:14,527.59
2022-03-27 22:35:19,527.49
2022-03-27 22:35:24,527.43
2022-03-27 22:35:29,527.36
2022-03-27 22:35:34,527.33
2022-03-27 22:35:39,527.26
2022-03-27 22:35:44,537.71
2022-03-27 22:35:49,527.14
2022-03-27 22:35:54,527.14
2022-03-27 22:35:59,527.07
2022-03-27 22:36:04,526.97
2022-03-27 22:36:09,526.91
2022-03-27 22:36:14,526.91
2022-03-27 22:36:19,526.91
2022-03-27 22:36:24,526.85
2022-03-27 22:36:29,526.81
2022-03-27 22:36:34,526.81
2022-03-27 22:36:39,526.75
2022-03-27 22:36:44,526.75
2022-03-27 22:36:49,526.75
2022-03-27 22:36:54,526.75
2022-03-27 22:36:59,526.69
2022-03-27 22:37:04,526.69
2022-03-27 22:37:09,526.69
2022-03-27 22:37:14,526.75
2022-03-27 22:37:19,526.75
2022-03-27 22:37:24,526.75
2022-03-27 22:37:29,526.75
2022-03-27 22:37:34,526.82
2022-03-27 22:37:39,526.85
2022-03-27 22:37:44,526.85
2022-03-27 22:37:49,526.91
2022-03-27 22:37:54,526.98
2022-03-27 22:37:59,527.04
2022-03-27 22:38:04,527.07
2022-03-27 22:38:09,527.14
2022-03-27 22:38:14,527.14
2022-03-27 22:38:19,527.27
2022-03-27 22:38:24,527.33
2022-03-27 22:38:29,527.43
2022-03-27 22:38:34,527.49
2022-03-27 22:38:39,527.56
2022-03-27 22:38:44,527.59
2022-03-27 22:38:49,527.65
2022-03-27 22:38:54,527.72
2022-03-27 22:38:59,527.85
2022-03-27 22:39:04,527.88
2022-03-27 22:39:09,527.94
2022-03-27 22:39:14,528.07
2022-03-27 22:39:19,528.11
2022-03-27 22:39:24,528.17
2022-03-27 22:39:29,528.24
2022-03-27 22:39:34,528.3
2022-03-27 22:39:39,528.36
2022-03-27 22:39:44,528.46
2022-03-27 22:39:49,528.53
2022-03-27 22:39:54,528.59
2022-03-27 22:39:59,528.62
2022-03-27 22:40:04,528.69
2022-03-27 22:40:09,528.75
2022-03-27 22:40:14,528.82
2022-03-27 22:40:19,528.88
2022-03-27 22:40:24,528.98
2022-03-27 22:40:29,537.71
2022-03-27 22:40:34,529.11
2022-03-27 22:40:39,529.14
2022-03-27 22:40:44,529.21
2022-03-27 22:40:49,529.27
2022-03-27 22:40:54,529.33
2022-03-27 22:40:59,529.4
2022-03-27 22:41:04,529.43
2022-03-27 22:41:09,529.5
2022-03-27 22:41:14,529.56
2022-03-27 22:41:19,529.63
2022-03-27 22:41:24,529.62
2022-03-27 22:41:29,529.72
2022-03-27 22:41:34,529.72
2022-03-27 22:41:39,529.79
2022-03-27 22:41:44,529.85
2022-03-27 22:41:49,529.85
2022-03-27 22:41:54,529.92
2022-03-27 22:41:59,529.92
2022-03-27 22:42:04,529.95
2022-03-27 22:42:09,530.01
2022-03-27 22:42:14,530.08
2022-03-27 22:42:19,530.14
2022-03-27 22:42:24,530.14
2022-03-27 22:42:29,530.18
2022-03-27 22:42:34,530.18
2022-03-27 22:42:39,530.24
2022-03-27 22:42:44,530.3
2022-03-27 22:42:49,530.37
2022-03-27 22:42:54,530.44
2022-03-27 22:42:59,530.43
2022-03-27 22:43:04,530.53
2022-03-27 22:43:09,530.53
2022-03-27 22:43:14,530.59
2022-03-27 22:43:19,530.66
2022-03-27 22:43:24,530.69
2022-03-27 22:43:29,530.76
2022-03-27 22:43:34,530.76
2022-03-27 22:43:39,530.89
2022-03-27 22:43:44,530.95
2022-03-27 22:43:49,530.99
2022-03-27 22:43:54,531.11
2022-03-27 22:43:59,531.18
2022-03-27 22:44:04,531.21
2022-03-27 22:44:09,531.34
2022-03-27 22:44:14,531.4
2022-03-27 22:44:19,531.47
2022-03-27 22:44:24,531.57
2022-03-27 22:44:29,531.63
2022-03-27 22:44:34,531.73
2022-03-27 22:44:39,531.79
2022-03-27 22:44:44,531.92
2022-03-27 22:44:49,532.02
2022-03-27 22:44:54,532.08
2022-03-27 22:44:59,532.21
2022-03-27 22:45:04,532.31
2022-03-27 22:45:09,532.44
2022-03-27 22:45:14,532.51
2022-03-27 22:45:19,532.61
2022-03-27 22:45:24,532.73
2022-03-27 22:45:29,532.83
2022-03-27 22:45:34,533.03
2022-03-27 22:45:39,533.06
2022-03-27 22:45:44,533.25
2022-03-27 22:45:49,533.35
2022-03-27 22:45:54,533.48
2022-03-27 22:45:59,533.58
2022-03-27 22:46:04,533.71
2022-03-27 22:46:09,533.87
2022-03-27 22:46:14,534.0
2022-03-27 22:46:19,534.1
2022-03-27 22:46:24,534.29
2022-03-27 22:46:29,534.39
2022-03-27 22:46:34,534.58
2022-03-27 22:46:39,534.68
2022-03-27 22:46:44,534.81
2022-03-27 22:46:49,534.9
2022-03-27 22:46:54,535.03
2022-03-27 22:46:59,535.13
2022-03-27 22:47:04,535.26
2022-03-27 22:47:09,535.42
2022-03-27 22:47:14,535.55
2022-03-27 22:47:19,535.71
2022-03-27 22:47:24,535.87
2022-03-27 22:47:29,536.0
2022-03-27 22:47:34,536.13
2022-03-27 22:47:39,536.23
2022-03-27 22:47:44,536.39
2022-03-27 22:47:49,536.52
2022-03-27 22:47:54,536.65
2022-03-27 22:47:59,536.81
2022-03-27 22:48:04,536.97
2022-03-27 22:48:09,537.1
2022-03-27 22:48:14,537.26
2022-03-27 22:48:19,537.39
2022-03-27 22:48:24,537.55
2022-03-27 22:48:29,537.61
2022-03-27 22:48:34,537.77
2022-03-27 22:48:39,537.9
2022-03-27 22:48:44,538.0
2022-03-27 22:48:49,538.19
2022-03-27 22:48:54,538.36
2022-03-27 22:48:59,538.45
2022-03-27 22:49:04,538.58
2022-03-27 22:49:09,538.74
2022-03-27 22:49:14,538.87
2022-03-27 22:49:19,538.97
2022-03-27 22:49:24,539.1
2022-03-27 22:49:29,539.22
2022-03-27 22:49:34,539.38
2022-03-27 22:49:39,539.48
2022-03-27 22:49:44,539.61
2022-03-27 22:49:49,539.74
2022-03-27 22:49:54,539.9
2022-03-27 22:49:59,539.99
2022-03-27 22:50:04,540.12
2022-03-27 22:50:09,540.25
2022-03-27 22:50:14,540.35
2022-03-27 22:50:19,540.51
2022-03-27 22:50:24,540.63
2022-03-27 22:50:29,540.76
2022-03-27 22:50:34,540.86
2022-03-27 22:50:39,541.02
2022-03-27 22:50:44,541.08
2022-03-27 22:50:49,541.21
2022-03-27 22:50:54,541.31
2022-03-27 22:50:59,541.37
2022-03-27 22:51:04,541.5
2022-03-27 22:51:09,541.59
2022-03-27 22:51:14,541.72
2022-03-27 22:51:19,541.79
2022-03-27 22:51:24,541.88
2022-03-27 22:51:29,541.95
2022-03-27 22:51:34,542.04
2022-03-27 22:51:39,542.04
2022-03-27 22:51:44,542.17
2022-03-27 22:51:49,542.3
2022-03-27 22:51:54,542.29
2022-03-27 22:51:59,542.33
2022-03-27 22:52:04,542.39
2022-03-27 22:52:09,542.39
2022-03-27 22:52:14,542.45
2022-03-27 22:52:19,542.45
2022-03-27 22:52:24,542.45
2022-03-27 22:52:29,542.45
2022-03-27 22:52:34,542.38
2022-03-27 22:52:39,542.38
2022-03-27 22:52:44,542.38
2022-03-27 22:52:49,542.32
2022-03-27 22:52:54,542.29
2022-03-27 22:52:59,542.22
2022-03-27 22:53:04,542.09
2022-03-27 22:53:09,542.09
2022-03-27 22:53:14,542.02
2022-03-27 22:53:19,541.93
2022-03-27 22:53:24,541.8
2022-03-27 22:53:29,541.7
2022-03-27 22:53:34,541.64
2022-03-27 22:53:39,541.51
2022-03-27 22:53:44,541.41
2022-03-27 22:53:49,541.25
2022-03-27 22:53:54,541.12
2022-03-27 22:53:59,537.71
2022-03-27 22:54:04,540.77
2022-03-27 22:54:09,540.67
2022-03-27 22:54:14,540.48
2022-03-27 22:54:19,540.31
2022-03-27 22:54:24,540.22
2022-03-27 22:54:29,540.02
2022-03-27 22:54:34,539.86
2022-03-27 22:54:39,539.64
2022-03-27 22:54:44,539.44
2022-03-27 22:54:49,539.28
2022-03-27 22:54:54,538.99
2022-03-27 22:54:59,538.83
2022-03-27 22:55:04,538.67
2022-03-27 22:55:09,538.41
2022-03-27 22:55:14,538.19
2022-03-27 22:55:19,538.09
2022-03-27 22:55:24,537.86
2022-03-27 22:55:29,537.58
2022-03-27 22:55:34,537.38
2022-03-27 22:55:39,537.16
2022-03-27 22:55:44,536.93
2022-03-27 22:55:49,536.71
2022-03-27 22:55:54,536.48
2022-03-27 22:55:59,536.25
2022-03-27 22:56:04,536.09
2022-03-27 22:56:09,535.9
2022-03-27 22:56:14,535.68
2022-03-27 22:56:19,535.45
2022-03-27 22:56:24,535.22
2022-03-27 22:56:29,535.07
2022-03-27 22:56:34,534.87
2022-03-27 22:56:39,534.65
2022-03-27 22:56:44,534.42
2022-03-27 22:56:49,534.26
2022-03-27 22:56:54,534.04
2022-03-27 22:56:59,533.91
2022-03-27 22:57:04,533.68
2022-03-27 22:57:09,533.46
2022-03-27 22:57:14,537.71
2022-03-27 22:57:19,533.1
2022-03-27 22:57:24,532.94
2022-03-27 22:57:29,532.72
2022-03-27 22:57:34,532.59
2022-03-27 22:57:39,532.43
2022-03-27 22:57:44,532.2
2022-03-27 22:57:49,532.07
2022-03-27 22:57:54,531.98
2022-03-27 22:57:59,531.78
2022-03-27 22:58:04,531.69
2022-03-27 22:58:09,531.49
2022-03-27 22:58:14,531.46
2022-03-27 22:58:19,531.27
2022-03-27 22:58:24,531.17
2022-03-27 22:58:29,531.05
2022-03-27 22:58:34,530.95
2022-03-27 22:58:39,530.82
2022-03-27 22:58:44,530.76
2022-03-27 22:58:49,530.66
2022-03-27 22:58:54,530.6
2022-03-27 22:58:59,530.53
2022-03-27 22:59:04,530.47
2022-03-27 22:59:09,530.44
2022-03-27 22:59:14,530.37
2022-03-27 22:59:19,530.31
2022-03-27 22:59:24,530.31
2022-03-27 22:59:29,530.31
2022-03-27 22:59:34,530.25
2022-03-27 22:59:39,530.31
2022-03-27 22:59:44,530.31
2022-03-27 22:59:49,530.31
2022-03-27 22:59:54,530.31
2022-03-27 22:59:59,530.37
2022-03-27 23:00:04,530.38
2022-03-27 23:00:09,530.44
2022-03-27 23:00:14,530.47
2022-03-27 23:00:19,530.54
2022-03-27 23:00:24,530.54
2022-03-27 23:00:29,530.6
2022-03-27 23:00:34,530.7
2022-03-27 23:00:39,530.83
2022-03-27 23:00:44,530.89
2022-03-27 23:00:49,530.99
2022-03-27 23:00:54,531.12
2022-03-27 23:00:59,531.22
2022-03-27 23:01:04,531.34
2022-03-27 23:01:09,531.48
2022-03-27 23:01:14,531.51
2022-03-27 23:01:19,531.7
2022-03-27 23:01:24,531.79
2022-03-27 23:01:29,531.99
2022-03-27 23:01:34,532.08
2022-03-27 23:01:39,532.25
2022-03-27 23:01:44,532.37
2022-03-27 23:01:49,532.51
2022-03-27 23:01:54,532.67
2022-03-27 23:01:59,532.76
2022-03-27 23:02:04,532.96
2022-03-27 23:02:09,533.02
2022-03-27 23:02:14,533.12
2022-03-27 23:02:19,533.28
2022-03-27 23:02:24,533.41
2022-03-27 23:02:29,533.54
2022-03-27 23:02:34,533.63
2022-03-27 23:02:39,533.8
2022-03-27 23:02:44,533.93
2022-03-27 23:02:49,534.05
2022-03-27 23:02:54,534.15
2022-03-27 23:02:59,534.28
2022-03-27 23:03:04,534.38
2022-03-27 23:03:09,534.57
2022-03-27 23:03:14,534.67
2022-03-27 23:03:19,534.8
2022-03-27 23:03:24,534.83
2022-03-27 23:03:29,535.02
2022-03-27 23:03:34,535.12
2022-03-27 23:03:39,535.25
2022-03-27 23:03:44,535.35
2022-03-27 23:03:49,535.41
2022-03-27 23:03:54,535.61
2022-03-27 23:03:59,535.7
2022-03-27 23:04:04,535.77
2022-03-27 23:04:09,535.87
2022-03-27 23:04:14,536.0
2022-03-27 23:04:19,536.06
2022-03-27 23:04:24,536.16
2022-03-27 23:04:29,536.29
2022-03-27 23:04:34,536.38
2022-03-27 23:04:39,536.38
2022-03-27 23:04:44,536.52
2022-03-27 23:04:49,536.64
2022-03-27 23:04:54,536.68
2022-03-27 23:04:59,536.74
2022-03-27 23:05:04,536.81
2022-03-27 23:05:09,536.9
2022-03-27 23:05:14,536.97
2022-03-27 23:05:19,537.04
2022-03-27 23:05:24,537.1
2022-03-27 23:05:29,537.17
2022-03-27 23:05:34,537.2
2022-03-27 23:05:39,537.2
2022-03-27 23:05:44,537.27
2022-03-27 23:05:49,537.33
2022-03-27 23:05:54,537.39
2022-03-27 23:05:59,537.43
2022-03-27 23:06:04,537.43
2022-03-27 23:06:09,537.49
2022-03-27 23:06:14,537.56
2022-03-27 23:06:19,537.62
2022-03-27 23:06:24,537.69
2022-03-27 23:06:29,537.69
2022-03-27 23:06:34,537.72
2022-03-27 23:06:39,537.78
2022-03-27 23:06:44,537.78
2022-03-27 23:06:49,537.85
2022-03-27 23:06:54,537.91
2022-03-27 23:06:59,537.95
2022-03-27 23:07:04,537.95
2022-03-27 23:07:09,538.01
2022-03-27 23:07:14,538.01
2022-03-27 23:07:19,538.08
2022-03-27 23:07:24,538.14
2022-03-27 23:07:29,538.14
2022-03-27 23:07:34,538.2
2022-03-27 23:07:39,538.24
2022-03-27 23:07:44,538.3
2022-03-27 23:07:49,538.3
2022-03-27 23:07:54,538.36
2022-03-27 23:07:59,538.43
2022-03-27 23:08:04,538.43
2022-03-27 23:08:09,538.46
2022-03-27 23:08:14,538.46
2022-03-27 23:08:19,538.53
2022-03-27 23:08:24,538.59
2022-03-27 23:08:29,538.65
2022-03-27 23:08:34,538.65
2022-03-27 23:08:39,538.72
2022-03-27 23:08:44,538.75
2022-03-27 23:08:49,538.81
2022-03-27 23:08:54,538.81
2022-03-27 23:08:59,538.88
2022-03-27 23:09:04,538.88
2022-03-27 23:09:09,538.94
2022-03-27 23:09:14,538.94
2022-03-27 23:09:19,538.97
2022-03-27 23:09:24,539.03
2022-03-27 23:09:29,539.1
2022-03-27 23:09:34,539.16
2022-03-27 23:09:39,539.23
2022-03-27 23:09:44,539.26
2022-03-27 23:09:49,539.32
2022-03-27 23:09:54,539.39
2022-03-27 23:09:59,539.45
2022-03-27 23:10:04,539.48
2022-03-27 23:10:09,539.61
2022-03-27 23:10:14,539.67
2022-03-27 23:10:19,539.74
2022-03-27 23:10:24,539.77
2022-03-27 23:10:29,539.9
2022-03-27 23:10:34,539.96
2022-03-27 23:10:39,539.99
2022-03-27 23:10:44,540.05
2022-03-27 23:10:49,540.11
2022-03-27 23:10:54,540.18
2022-03-27 23:10:59,540.24
2022-03-27 23:11:04,540.28
2022-03-27 23:11:09,540.34
2022-03-27 23:11:14,540.47
2022-03-27 23:11:19,540.47
2022-03-27 23:11:24,540.63
2022-03-27 23:11:29,540.63
2022-03-27 23:11:34,540.69
2022-03-27 23:11:39,540.78
2022-03-27 23:11:44,540.78
2022-03-27 23:11:49,540.85
2022-03-27 23:11:54,540.91
2022-03-27 23:11:59,541.01
2022-03-27 23:12:04,541.07
2022-03-27 23:12:09,541.14
2022-03-27 23:12:14,541.26
2022-03-27 23:12:19,541.26
2022-03-27 23:12:24,541.36
2022-03-27 23:12:29,541.49
2022-03-27 23:12:34,541.52
2022-03-27 23:12:39,541.58
2022-03-27 23:12:44,541.71
2022-03-27 23:12:49,541.78
2022-03-27 23:12:54,541.87
2022-03-27 23:12:59,541.93
2022-03-27 23:13:04,542.03
2022-03-27 23:13:09,542.03
2022-03-27 23:13:14,542.16
2022-03-27 23:13:19,542.22
2022-03-27 23:13:24,542.38
2022-03-27 23:13:29,542.38
2022-03-27 23:13:34,542.51
2022-03-27 23:13:39,542.55
2022-03-27 23:13:44,542.67
2022-03-27 23:13:49,542.8
2022-03-27 23:13:54,542.83
2022-03-27 23:13:59,542.9
2022-03-27 23:14:04,543.06
2022-03-27 23:14:09,543.13
2022-03-27 23:14:14,543.25
2022-03-27 23:14:19,543.32
2022-03-27 23:14:24,543.42
2022-03-27 23:14:29,543.54
2022-03-27 23:14:34,543.64
2022-03-27 23:14:39,543.7
2022-03-27 23:14:44,543.86
2022-03-27 23:14:49,543.93
2022-03-27 23:14:54,544.06
2022-03-27 23:14:59,544.09
2022-03-27 23:15:04,544.22
2022-03-27 23:15:09,544.35
2022-03-27 23:15:14,544.38
2022-03-27 23:15:19,544.57
2022-03-27 23:15:24,544.61
2022-03-27 23:15:29,544.74
2022-03-27 23:15:34,544.87
2022-03-27 23:15:39,544.9
2022-03-27 23:15:44,545.02
2022-03-27 23:15:49,545.09
2022-03-27 23:15:54,545.19
2022-03-27 23:15:59,545.32
2022-03-27 23:16:04,545.32
2022-03-27 23:16:09,545.41
2022-03-27 23:16:14,537.71
2022-03-27 23:16:19,545.61
2022-03-27 23:16:24,545.64
2022-03-27 23:16:29,545.71
2022-03-27 23:16:34,545.77
2022-03-27 23:16:39,545.83
2022-03-27 23:16:44,545.9
2022-03-27 23:16:49,545.93
2022-03-27 23:16:54,546.0
2022-03-27 23:16:59,546.06
2022-03-27 23:17:04,537.71
2022-03-27 23:17:09,546.13
2022-03-27 23:17:14,546.13
2022-03-27 23:17:19,546.22
2022-03-27 23:17:24,546.22
2022-03-27 23:17:29,546.23
2022-03-27 23:17:34,546.29
2022-03-27 23:17:39,546.29
2022-03-27 23:17:44,546.29
2022-03-27 23:17:49,546.29
2022-03-27 23:17:54,546.36
2022-03-27 23:17:59,546.29
2022-03-27 23:18:04,546.29
2022-03-27 23:18:09,546.29
2022-03-27 23:18:14,546.16
2022-03-27 23:18:19,546.16
2022-03-27 23:18:24,546.16
2022-03-27 23:18:29,546.13
2022-03-27 23:18:34,546.0
2022-03-27 23:18:39,545.94
2022-03-27 23:18:44,545.91
2022-03-27 23:18:49,545.84
2022-03-27 23:18:54,545.78
2022-03-27 23:18:59,545.65
2022-03-27 23:19:04,545.55
2022-03-27 23:19:09,545.42
2022-03-27 23:19:14,545.33
2022-03-27 23:19:19,545.2
2022-03-27 23:19:24,545.1
2022-03-27 23:19:29,544.97
2022-03-27 23:19:34,544.81
2022-03-27 23:19:39,544.62
2022-03-27 23:19:44,544.53
2022-03-27 23:19:49,544.36
2022-03-27 23:19:54,544.17
2022-03-27 23:19:59,544.11
2022-03-27 23:20:04,543.88
2022-03-27 23:20:09,543.78
2022-03-27 23:20:14,543.56
2022-03-27 23:20:19,543.43
2022-03-27 23:20:24,543.21
2022-03-27 23:20:29,543.05
2022-03-27 23:20:34,542.92
2022-03-27 23:20:39,542.76
2022-03-27 23:20:44,542.57
2022-03-27 23:20:49,542.47
2022-03-27 23:20:54,542.24
2022-03-27 23:20:59,542.05
2022-03-27 23:21:04,541.95
2022-03-27 23:21:09,541.73
2022-03-27 23:21:14,541.5
2022-03-27 23:21:19,541.31
2022-03-27 23:21:24,541.15
2022-03-27 23:21:29,540.92
2022-03-27 23:21:34,540.77
2022-03-27 23:21:39,540.57
2022-03-27 23:21:44,540.35
2022-03-27 23:21:49,540.12
2022-03-27 23:21:54,539.96
2022-03-27 23:21:59,539.74
2022-03-27 23:22:04,539.48
2022-03-27 23:22:09,539.25
2022-03-27 23:22:14,539.09
2022-03-27 23:22:19,538.87
2022-03-27 23:22:24,538.64
2022-03-27 23:22:29,538.45
2022-03-27 23:22:34,538.23
2022-03-27 23:22:39,538.07
2022-03-27 23:22:44,537.9
2022-03-27 23:22:49,537.71
2022-03-27 23:22:54,537.49
2022-03-27 23:22:59,537.26
2022-03-27 23:23:04,537.17
2022-03-27 23:23:09,536.98
2022-03-27 23:23:14,536.81
2022-03-27 23:23:19,536.69
2022-03-27 23:23:24,536.59
2022-03-27 23:23:29,536.4
2022-03-27 23:23:34,536.3
2022-03-27 23:23:39,536.17
2022-03-27 23:23:44,536.08
2022-03-27 23:23:49,535.95
2022-03-27 23:23:54,535.86
2022-03-27 23:23:59,535.79
2022-03-27 23:24:04,535.66
2022-03-27 23:24:09,535.63
2022-03-27 23:24:14,535.57
2022-03-27 23:24:19,535.5
2022-03-27 23:24:24,535.44
2022-03-27 23:24:29,535.38
2022-03-27 23:24:34,535.35
2022-03-27 23:24:39,535.35
2022-03-27 23:24:44,535.35
2022-03-27 23:24:49,535.28
2022-03-27 23:24:54,535.28
2022-03-27 23:24:59,535.22
2022-03-27 23:25:04,535.22
2022-03-27 23:25:09,535.22
2022-03-27 23:25:14,535.22
2022-03-27 23:25:19,535.22
2022-03-27 23:25:24,535.22
2022-03-27 23:25:29,535.22
2022-03-27 23:25:34,535.29
2022-03-27 23:25:39,535.35
2022-03-27 23:25:44,535.35
2022-03-27 23:25:49,535.39
2022-03-27 23:25:54,535.39
2022-03-27 23:25:59,535.45
2022-03-27 23:26:04,535.45
2022-03-27 23:26:09,535.52
2022-03-27 23:26:14,535.58
2022-03-27 23:26:19,535.58
2022-03-27 23:26:24,535.64
2022-03-27 23:26:29,535.68
2022-03-27 23:26:34,535.67
2022-03-27 23:26:39,535.74
2022-03-27 23:26:44,535.81
2022-03-27 23:26:49,535.81
2022-03-27 23:26:54,535.9
2022-03-27 23:26:59,535.9
2022-03-27 23:27:04,535.97
2022-03-27 23:27:09,536.1
2022-03-27 23:27:14,536.16
2022-03-27 23:27:19,536.19
2022-03-27 23:27:24,536.26
2022-03-27 23:27:29,536.32
2022-03-27 23:27:34,536.38
2022-03-27 23:27:39,536.42
2022-03-27 23:27:44,536.48
2022-03-27 23:27:49,536.61
2022-03-27 23:27:54,536.67
2022-03-27 23:27:59,536.7
2022-03-27 23:28:04,536.83
2022-03-27 23:28:09,536.89
2022-03-27 23:28:14,536.93
2022-03-27 23:28:19,537.06
2022-03-27 23:28:24,537.05
2022-03-27 23:28:29,537.12
2022-03-27 23:28:34,537.18
2022-03-27 23:28:39,537.28
2022-03-27 23:28:44,537.28
2022-03-27 23:28:49,537.41
2022-03-27 23:28:54,537.44
2022-03-27 23:28:59,537.44
2022-03-27 23:29:04,537.5
2022-03-27 23:29:09,537.57
2022-03-27 23:29:14,537.69
2022-03-27 23:29:19,537.73
2022-03-27 23:29:24,537.73
2022-03-27 23:29:29,537.85
2022-03-27 23:29:34,537.85
2022-03-27 23:29:39,537.92
2022-03-27 23:29:44,537.95
2022-03-27 23:29:49,538.01
2022-03-27 23:29:54,538.07
2022-03-27 23:29:59,538.14
2022-03-27 23:30:04,538.2
2022-03-27 23:30:09,538.2
2022-03-27 23:30:14,538.23
2022-03-27 23:30:19,538.29
2022-03-27 23:30:24,538.29
2022-03-27 23:30:29,538.42
2022-03-27 23:30:34,538.42
2022-03-27 23:30:39,538.45
2022-03-27 23:30:44,538.45
2022-03-27 23:30:49,538.58
2022-03-27 23:30:54,538.58
2022-03-27 23:30:59,538.64
2022-03-27 23:31:04,538.71
2022-03-27 23:31:09,538.74
2022-03-27 23:31:14,538.8
2022-03-27 23:31:19,538.87
2022-03-27 23:31:24,538.87
2022-03-27 23:31:29,538.93
2022-03-27 23:31:34,538.96
2022-03-27 23:31:39,539.02
2022-03-27 23:31:44,539.09
2022-03-27 23:31:49,539.15
2022-03-27 23:31:54,539.22
2022-03-27 23:31:59,539.22
2022-03-27 23:32:04,539.31
2022-03-27 23:32:09,539.38
2022-03-27 23:32:14,539.38
2022-03-27 23:32:19,539.48
2022-03-27 23:32:24,539.54
2022-03-27 23:32:29,539.54
2022-03-27 23:32:34,539.6
2022-03-27 23:32:39,539.67
2022-03-27 23:32:44,539.73
2022-03-27 23:32:49,539.77
2022-03-27 23:32:54,539.83
2022-03-27 23:32:59,539.89
2022-03-27 23:33:04,539.96
2022-03-27 23:33:09,539.99
2022-03-27 23:33:14,540.05
2022-03-27 23:33:19,540.11
2022-03-27 23:33:24,540.18
2022-03-27 23:33:29,540.25
2022-03-27 23:33:34,540.25
2022-03-27 23:33:39,540.28
2022-03-27 23:33:44,540.41
2022-03-27 23:33:49,540.47
2022-03-27 23:33:54,540.51
2022-03-27 23:33:59,540.57
2022-03-27 23:34:04,540.57
2022-03-27 23:34:09,540.63
2022-03-27 23:34:14,540.7
2022-03-27 23:34:19,540.76
2022-03-27 23:34:24,540.76
2022-03-27 23:34:29,540.86
2022-03-27 23:34:34,540.93
2022-03-27 23:34:39,540.99
2022-03-27 23:34:44,541.02
2022-03-27 23:34:49,541.02
2022-03-27 23:34:54,541.09
2022-03-27 23:34:59,541.15
2022-03-27 23:35:04,541.22
2022-03-27 23:35:09,541.28
2022-03-27 23:35:14,541.31
2022-03-27 23:35:19,541.38
2022-03-27 23:35:24,541.38
2022-03-27 23:35:29,541.44
2022-03-27 23:35:34,541.51
2022-03-27 23:35:39,541.54
2022-03-27 23:35:44,541.6
2022-03-27 23:35:49,541.6
2022-03-27 23:35:54,541.67
2022-03-27 23:35:59,541.73
2022-03-27 23:36:04,541.73
2022-03-27 23:36:09,541.8
2022-03-27 23:36:14,541.83
2022-03-27 23:36:19,541.89
2022-03-27 23:36:24,541.96
2022-03-27 23:36:29,541.96
2022-03-27 23:36:34,542.02
2022-03-27 23:36:39,542.05
2022-03-27 23:36:44,542.12
2022-03-27 23:36:49,542.12
2022-03-27 23:36:54,542.25
2022-03-27 23:36:59,542.18
2022-03-27 23:37:04,542.25
2022-03-27 23:37:09,542.24
2022-03-27 23:37:14,542.24
2022-03-27 23:37:19,542.24
2022-03-27 23:37:24,542.3
2022-03-27 23:37:29,542.33
2022-03-27 23:37:34,542.34
2022-03-27 23:37:39,542.4
2022-03-27 23:37:44,542.4
2022-03-27 23:37:49,542.4
2022-03-27 23:37:54,542.4
2022-03-27 23:37:59,542.4
2022-03-27 23:38:04,542.46
2022-03-27 23:38:09,542.46
2022-03-27 23:38:14,542.53
2022-03-27 23:38:19,542.56
2022-03-27 23:38:24,542.55
2022-03-27 23:38:29,542.55
2022-03-27 23:38:34,542.55
2022-03-27 23:38:39,542.55
2022-03-27 23:38:44,542.62
2022-03-27 23:38:49,542.62
2022-03-27 23:38:54,542.62
2022-03-27 23:38:59,542.61
2022-03-27 23:39:04,542.68
2022-03-27 23:39:09,542.68
2022-03-27 23:39:14,542.68
2022-03-27 23:39:19,542.74
2022-03-27 23:39:24,542.74
2022-03-27 23:39:29,542.74
2022-03-27 23:39:34,542.74
2022-03-27 23:39:39,542.74
2022-03-27 23:39:44,542.74
2022-03-27 23:39:49,542.74
2022-03-27 23:39:54,542.74
2022-03-27 23:39:59,542.73
2022-03-27 23:40:04,542.8
2022-03-27 23:40:09,542.73
2022-03-27 23:40:14,542.73
2022-03-27 23:40:19,542.8
2022-03-27 23:40:24,542.73
2022-03-27 23:40:29,542.79
2022-03-27 23:40:34,542.79
2022-03-27 23:40:39,542.72
2022-03-27 23:40:44,542.72
2022-03-27 23:40:49,542.78
2022-03-27 23:40:54,542.78
2022-03-27 23:40:59,542.72
2022-03-27 23:41:04,542.72
2022-03-27 23:41:09,542.72
2022-03-27 23:41:14,542.72
2022-03-27 23:41:19,542.71
2022-03-27 23:41:24,542.71
2022-03-27 23:41:29,542.71
2022-03-27 23:41:34,542.65
2022-03-27 23:41:39,542.65
2022-03-27 23:41:44,542.65
2022-03-27 23:41:49,542.58
2022-03-27 23:41:54,542.65
2022-03-27 23:41:59,542.64
2022-03-27 23:42:04,542.64
2022-03-27 23:42:09,542.58
2022-03-27 23:42:14,542.51
2022-03-27 23:42:19,542.51
2022-03-27 23:42:24,542.51
2022-03-27 23:42:29,542.48
2022-03-27 23:42:34,542.48
2022-03-27 23:42:39,542.48
2022-03-27 23:42:44,542.41
2022-03-27 23:42:49,542.41
2022-03-27 23:42:54,542.35
2022-03-27 23:42:59,542.35
2022-03-27 23:43:04,542.28
2022-03-27 23:43:09,542.25
2022-03-27 23:43:14,542.25
2022-03-27 23:43:19,542.25
2022-03-27 23:43:24,542.19
2022-03-27 23:43:29,542.12
2022-03-27 23:43:34,542.12
2022-03-27 23:43:39,542.06
2022-03-27 23:43:44,542.06
2022-03-27 23:43:49,541.99
2022-03-27 23:43:54,541.96
2022-03-27 23:43:59,541.9
2022-03-27 23:44:04,541.9
2022-03-27 23:44:09,541.9
2022-03-27 23:44:14,541.77
2022-03-27 23:44:19,541.77
2022-03-27 23:44:24,541.73
2022-03-27 23:44:29,541.74
2022-03-27 23:44:34,541.67
2022-03-27 23:44:39,541.61
2022-03-27 23:44:44,541.61
2022-03-27 23:44:49,541.54
2022-03-27 23:44:54,541.48
2022-03-27 23:44:59,541.48
2022-03-27 23:45:04,541.45
2022-03-27 23:45:09,541.38
2022-03-27 23:45:14,541.45
2022-03-27 23:45:19,541.32
2022-03-27 23:45:24,541.32
2022-03-27 23:45:29,541.25
2022-03-27 23:45:34,541.22
2022-03-27 23:45:39,541.16
2022-03-27 23:45:44,541.09
2022-03-27 23:45:49,541.03
2022-03-27 23:45:54,541.03
2022-03-27 23:45:59,541.03
2022-03-27 23:46:04,540.96
2022-03-27 23:46:09,540.93
2022-03-27 23:46:14,540.87
2022-03-27 23:46:19,540.87
2022-03-27 23:46:24,540.8
2022-03-27 23:46:29,540.74
2022-03-27 23:46:34,540.71
2022-03-27 23:46:39,540.71
2022-03-27 23:46:44,540.58
2022-03-27 23:46:49,540.58
2022-03-27 23:46:54,540.52
2022-03-27 23:46:59,540.45
2022-03-27 23:47:04,540.45
2022-03-27 23:47:09,540.45
2022-03-27 23:47:14,540.42
2022-03-27 23:47:19,540.36
2022-03-27 23:47:24,540.29
2022-03-27 23:47:29,540.36
2022-03-27 23:47:34,540.29
2022-03-27 23:47:39,540.23
2022-03-27 23:47:44,540.2
2022-03-27 23:47:49,540.19
2022-03-27 23:47:54,540.13
2022-03-27 23:47:59,540.13
2022-03-27 23:48:04,540.07
2022-03-27 23:48:09,540.07
2022-03-27 23:48:14,540.07
2022-03-27 23:48:19,540.0
2022-03-27 23:48:24,540.01
2022-03-27 23:48:29,539.94
2022-03-27 23:48:34,539.94
2022-03-27 23:48:39,539.91
2022-03-27 23:48:44,539.91
2022-03-27 23:48:49,539.91
2022-03-27 23:48:54,539.84
2022-03-27 23:48:59,539.84
2022-03-27 23:49:04,539.84
2022-03-27 23:49:09,539.84
2022-03-27 23:49:14,539.78
2022-03-27 23:49:19,539.78
2022-03-27 23:49:24,539.78
2022-03-27 23:49:29,539.78
2022-03-27 23:49:34,539.78
2022-03-27 23:49:39,539.72
2022-03-27 23:49:44,539.72
2022-03-27 23:49:49,539.78
2022-03-27 23:49:54,539.72
2022-03-27 23:49:59,539.69
2022-03-27 23:50:04,539.69
2022-03-27 23:50:09,539.69
2022-03-27 23:50:14,539.69
2022-03-27 23:50:19,539.69
2022-03-27 23:50:24,539.69
2022-03-27 23:50:29,539.62
2022-03-27 23:50:34,539.69
2022-03-27 23:50:39,539.62
2022-03-27 23:50:44,539.62
2022-03-27 23:50:49,539.62
2022-03-27 23:50:54,539.62
2022-03-27 23:50:59,539.62
2022-03-27 23:51:04,539.63
2022-03-27 23:51:09,539.63
2022-03-27 23:51:14,539.63
2022-03-27 23:51:19,539.63
2022-03-27 23:51:24,539.63
2022-03-27 23:51:29,539.63
2022-03-27 23:51:34,539.63
2022-03-27 23:51:39,539.63
2022-03-27 23:51:44,539.63
2022-03-27 23:51:49,539.56
2022-03-27 23:51:54,539.63
2022-03-27 23:51:59,539.63
2022-03-27 23:52:04,539.63
2022-03-27 23:52:09,539.63
2022-03-27 23:52:14,539.63
2022-03-27 23:52:19,539.63
2022-03-27 23:52:24,539.63
2022-03-27 23:52:29,539.63
2022-03-27 23:52:34,539.63
2022-03-27 23:52:39,539.7
2022-03-27 23:52:44,539.7
2022-03-27 23:52:49,539.7
2022-03-27 23:52:54,539.7
2022-03-27 23:52:59,539.7
2022-03-27 23:53:04,539.73
2022-03-27 23:53:09,539.74
2022-03-27 23:53:14,539.7
2022-03-27 23:53:19,539.74
2022-03-27 23:53:24,539.74
2022-03-27 23:53:29,539.74
2022-03-27 23:53:34,539.8
2022-03-27 23:53:39,539.8
2022-03-27 23:53:44,539.87
2022-03-27 23:53:49,539.87
2022-03-27 23:53:54,539.87
2022-03-27 23:53:59,539.87
2022-03-27 23:54:04,539.93
2022-03-27 23:54:09,539.97
2022-03-27 23:54:14,539.97
2022-03-27 23:54:19,540.03
2022-03-27 23:54:24,540.1
2022-03-27 23:54:29,540.1
2022-03-27 23:54:34,540.16
2022-03-27 23:54:39,540.16
2022-03-27 23:54:44,540.16
2022-03-27 23:54:49,540.23
2022-03-27 23:54:54,540.26
2022-03-27 23:54:59,540.33
2022-03-27 23:55:04,540.39
2022-03-27 23:55:09,540.46
2022-03-27 23:55:14,540.49
2022-03-27 23:55:19,540.49
2022-03-27 23:55:24,540.55
2022-03-27 23:55:29,540.62
2022-03-27 23:55:34,540.62
2022-03-27 23:55:39,540.62
2022-03-27 23:55:44,540.68
2022-03-27 23:55:49,540.68
2022-03-27 23:55:54,540.75
2022-03-27 23:55:59,540.74
2022-03-27 23:56:04,540.77
2022-03-27 23:56:09,540.84
2022-03-27 23:56:14,540.91
2022-03-27 23:56:19,540.97
2022-03-27 23:56:24,540.97
2022-03-27 23:56:29,541.0
2022-03-27 23:56:34,541.0
2022-03-27 23:56:39,541.07
2022-03-27 23:56:44,541.13
2022-03-27 23:56:49,541.13
2022-03-27 23:56:54,541.2
2022-03-27 23:56:59,541.26
2022-03-27 23:57:04,541.26
2022-03-27 23:57:09,541.29
2022-03-27 23:57:14,541.35
2022-03-27 23:57:19,541.29
2022-03-27 23:57:24,541.42
2022-03-27 23:57:29,541.42
2022-03-27 23:57:34,541.48
2022-03-27 23:57:39,541.52
2022-03-27 23:57:44,541.48
2022-03-27 23:57:49,541.51
2022-03-27 23:57:54,541.51
2022-03-27 23:57:59,541.58
2022-03-27 23:58:04,541.64
2022-03-27 23:58:09,541.64
2022-03-27 23:58:14,541.64
2022-03-27 23:58:19,541.7
2022-03-27 23:58:24,541.7
2022-03-27 23:58:29,541.76
2022-03-27 23:58:34,541.76
2022-03-27 23:58:39,541.79
2022-03-27 23:58:44,541.76
2022-03-27 23:58:49,541.8
2022-03-27 23:58:54,541.8
2022-03-27 23:58:59,541.86
2022-03-27 23:59:04,541.86
2022-03-27 23:59:09,541.86
2022-03-27 23:59:14,541.79
2022-03-27 23:59:19,541.76
2022-03-27 23:59:24,541.76
2022-03-27 23:59:29,541.69
2022-03-27 23:59:34,541.69
2022-03-27 23:59:39,541.69
2022-03-27 23:59:44,541.56
2022-03-27 23:59:49,541.5
2022-03-27 23:59:54,541.5
2022-03-27 23:59:59,541.47
2022-03-28 00:00:04,541.46
2022-03-28 00:00:09,541.4
2022-03-28 00:00:14,541.4
2022-03-28 00:00:19,541.34
2022-03-28 00:00:24,541.27
2022-03-28 00:00:29,541.27
2022-03-28 00:00:34,541.23
2022-03-28 00:00:39,541.24
2022-03-28 00:00:44,541.17
2022-03-28 00:00:49,541.17
2022-03-28 00:00:54,541.11
2022-03-28 00:00:59,541.04
2022-03-28 00:01:04,540.98
2022-03-28 00:01:09,540.94
2022-03-28 00:01:14,540.94
2022-03-28 00:01:19,540.88
2022-03-28 00:01:24,540.82
2022-03-28 00:01:29,540.82
2022-03-28 00:01:34,540.75
2022-03-28 00:01:39,540.72
2022-03-28 00:01:44,540.72
2022-03-28 00:01:49,537.71
2022-03-28 00:01:54,540.59
2022-03-28 00:01:59,540.52
2022-03-28 00:02:04,540.52
2022-03-28 00:02:09,540.52
2022-03-28 00:02:14,540.46
2022-03-28 00:02:19,540.42
2022-03-28 00:02:24,540.42
2022-03-28 00:02:29,540.36
2022-03-28 00:02:34,540.3
2022-03-28 00:02:39,540.3
2022-03-28 00:02:44,540.23
2022-03-28 00:02:49,540.23
2022-03-28 00:02:54,540.23
2022-03-28 00:02:59,540.2
2022-03-28 00:03:04,540.2
2022-03-28 00:03:09,540.13
2022-03-28 00:03:14,540.07
2022-03-28 00:03:19,540.01
2022-03-28 00:03:24,539.94
2022-03-28 00:03:29,539.91
2022-03-28 00:03:34,539.85
2022-03-28 00:03:39,539.78
2022-03-28 00:03:44,539.69
2022-03-28 00:03:49,539.69
2022-03-28 00:03:54,539.56
2022-03-28 00:03:59,539.5
2022-03-28 00:04:04,539.4
2022-03-28 00:04:09,539.4
2022-03-28 00:04:14,539.27
2022-03-28 00:04:19,539.27
2022-03-28 00:04:24,539.11
2022-03-28 00:04:29,539.05
2022-03-28 00:04:34,539.05
2022-03-28 00:04:39,538.92
2022-03-28 00:04:44,538.89
2022-03-28 00:04:49,538.76
2022-03-28 00:04:54,538.69
2022-03-28 00:04:59,538.66
2022-03-28 00:05:04,538.6
2022-03-28 00:05:09,538.53
2022-03-28 00:05:14,538.47
2022-03-28 00:05:19,538.4
2022-03-28 00:05:24,538.31
2022-03-28 00:05:29,538.24
2022-03-28 00:05:34,538.18
2022-03-28 00:05:39,538.15
2022-03-28 00:05:44,538.08
2022-03-28 00:05:49,538.01
2022-03-28 00:05:54,537.95
2022-03-28 00:05:59,537.89
2022-03-28 00:06:04,537.85
2022-03-28 00:06:09,537.79
2022-03-28 00:06:14,537.72
2022-03-28 00:06:19,537.66
2022-03-28 00:06:24,537.66
2022-03-28 00:06:29,537.56
2022-03-28 00:06:34,537.56
2022-03-28 00:06:39,537.5
2022-03-28 00:06:44,537.5
2022-03-28 00:06:49,537.43
2022-03-28 00:06:54,537.37
2022-03-28 00:06:59,537.37
2022-03-28 00:07:04,537.34
2022-03-28 00:07:09,537.27
2022-03-28 00:07:14,537.27
2022-03-28 00:07:19,537.2
2022-03-28 00:07:24,537.2
2022-03-28 00:07:29,537.14
2022-03-28 00:07:34,537.14
2022-03-28 00:07:39,537.11
2022-03-28 00:07:44,537.11
2022-03-28 00:07:49,537.04
2022-03-28 00:07:54,537.04
2022-03-28 00:07:59,537.04
2022-03-28 00:08:04,536.97
2022-03-28 00:08:09,536.97
2022-03-28 00:08:14,536.97
2022-03-28 00:08:19,536.97
2022-03-28 00:08:24,536.9
2022-03-28 00:08:29,536.9
2022-03-28 00:08:34,536.9
2022-03-28 00:08:39,536.84
2022-03-28 00:08:44,536.84
2022-03-28 00:08:49,536.8
2022-03-28 00:08:54,536.8
2022-03-28 00:08:59,536.8
2022-03-28 00:09:04,536.74
2022-03-28 00:09:09,536.67
2022-03-28 00:09:14,536.67
2022-03-28 00:09:19,536.67
2022-03-28 00:09:24,536.6
2022-03-28 00:09:29,536.6
2022-03-28 00:09:34,536.57
2022-03-28 00:09:39,536.5
2022-03-28 00:09:44,536.57
2022-03-28 00:09:49,536.5
2022-03-28 00:09:54,536.44
2022-03-28 00:09:59,536.43
2022-03-28 00:10:04,536.43
2022-03-28 00:10:09,536.37
2022-03-28 00:10:14,536.37
2022-03-28 00:10:19,536.37
2022-03-28 00:10:24,536.3
2022-03-28 00:10:29,536.27
2022-03-28 00:10:34,536.27
2022-03-28 00:10:39,536.27
2022-03-28 00:10:44,536.26
2022-03-28 00:10:49,536.26
2022-03-28 00:10:54,536.2
2022-03-28 00:10:59,536.2
2022-03-28 00:11:04,536.2
2022-03-28 00:11:09,536.13
2022-03-28 00:11:14,536.2
2022-03-28 00:11:19,536.19
2022-03-28 00:11:24,536.19
2022-03-28 00:11:29,536.13
2022-03-28 00:11:34,536.13
2022-03-28 00:11:39,536.19
2022-03-28 00:11:44,536.19
2022-03-28 00:11:49,536.19
2022-03-28 00:11:54,536.13
2022-03-28 00:11:59,536.19
2022-03-28 00:12:04,536.12
2022-03-28 00:12:09,536.19
2022-03-28 00:12:14,536.19
2022-03-28 00:12:19,536.19
2022-03-28 00:12:24,536.19
2022-03-28 00:12:29,536.19
2022-03-28 00:12:34,536.19
2022-03-28 00:12:39,536.19
2022-03-28 00:12:44,536.19
2022-03-28 00:12:49,536.25
2022-03-28 00:12:54,536.18
2022-03-28 00:12:59,536.25
2022-03-28 00:13:04,536.18
2022-03-28 00:13:09,536.25
2022-03-28 00:13:14,536.28
2022-03-28 00:13:19,536.28
2022-03-28 00:13:24,536.28
2022-03-28 00:13:29,536.28
2022-03-28 00:13:34,536.28
2022-03-28 00:13:39,536.34
2022-03-28 00:13:44,536.41
2022-03-28 00:13:49,536.41
2022-03-28 00:13:54,536.47
2022-03-28 00:13:59,536.47
2022-03-28 00:14:04,536.53
2022-03-28 00:14:09,536.47
2022-03-28 00:14:14,536.57
2022-03-28 00:14:19,536.63
2022-03-28 00:14:24,536.63
2022-03-28 00:14:29,536.7
2022-03-28 00:14:34,536.76
2022-03-28 00:14:39,536.79
2022-03-28 00:14:44,536.79
2022-03-28 00:14:49,536.86
2022-03-28 00:14:54,536.92
2022-03-28 00:14:59,536.92
2022-03-28 00:15:04,536.99
2022-03-28 00:15:09,536.99
2022-03-28 00:15:14,537.05
2022-03-28 00:15:19,537.08
2022-03-28 00:15:24,537.08
2022-03-28 00:15:29,537.15
2022-03-28 00:15:34,537.21
2022-03-28 00:15:39,537.28
2022-03-28 00:15:44,537.28
2022-03-28 00:15:49,537.31
2022-03-28 00:15:54,537.37
2022-03-28 00:15:59,537.44
2022-03-28 00:16:04,537.44
2022-03-28 00:16:09,537.5
2022-03-28 00:16:14,537.56
2022-03-28 00:16:19,537.6
2022-03-28 00:16:24,537.66
2022-03-28 00:16:29,537.73
2022-03-28 00:16:34,537.72
2022-03-28 00:16:39,537.79
2022-03-28 00:16:44,537.88
2022-03-28 00:16:49,537.88
2022-03-28 00:16:54,537.94
2022-03-28 00:16:59,538.01
2022-03-28 00:17:04,538.01
2022-03-28 00:17:09,538.07
2022-03-28 00:17:14,538.11
2022-03-28 00:17:19,538.17
2022-03-28 00:17:24,538.23
2022-03-28 00:17:29,538.3
2022-03-28 00:17:34,538.33
2022-03-28 00:17:39,538.33
2022-03-28 00:17:44,538.39
2022-03-28 00:17:49,538.45
2022-03-28 00:17:54,538.52
2022-03-28 00:17:59,538.62
2022-03-28 00:18:04,538.61
2022-03-28 00:18:09,538.74
2022-03-28 00:18:14,538.74
2022-03-28 00:18:19,538.84
2022-03-28 00:18:24,538.9
2022-03-28 00:18:29,538.9
2022-03-28 00:18:34,539.03
2022-03-28 00:18:39,539.03
2022-03-28 00:18:44,539.09
2022-03-28 00:18:49,539.12
2022-03-28 00:18:54,539.19
2022-03-28 00:18:59,539.25
2022-03-28 00:19:04,539.31
2022-03-28 00:19:09,539.31
2022-03-28 00:19:14,539.41
2022-03-28 00:19:19,539.4
2022-03-28 00:19:24,539.47
2022-03-28 00:19:29,539.53
2022-03-28 00:19:34,539.53
2022-03-28 00:19:39,539.6
2022-03-28 00:19:44,539.63
2022-03-28 00:19:49,539.63
2022-03-28 00:19:54,539.69
2022-03-28 00:19:59,539.75
2022-03-28 00:20:04,539.82
2022-03-28 00:20:09,539.81
2022-03-28 00:20:14,539.85
2022-03-28 00:20:19,539.91
2022-03-28 00:20:24,539.91
2022-03-28 00:20:29,539.91
2022-03-28 00:20:34,540.03
2022-03-28 00:20:39,540.03
2022-03-28 00:20:44,540.09
2022-03-28 00:20:49,540.09
2022-03-28 00:20:54,540.12
2022-03-28 00:20:59,540.19
2022-03-28 00:21:04,540.19
2022-03-28 00:21:09,540.25
2022-03-28 00:21:14,540.32
2022-03-28 00:21:19,540.34
2022-03-28 00:21:24,540.41
2022-03-28 00:21:29,540.47
2022-03-28 00:21:34,540.53
2022-03-28 00:21:39,540.53
2022-03-28 00:21:44,540.6
2022-03-28 00:21:49,540.63
2022-03-28 00:21:54,540.76
2022-03-28 00:21:59,540.75
2022-03-28 00:22:04,540.82
2022-03-28 00:22:09,540.85
2022-03-28 00:22:14,540.91
2022-03-28 00:22:19,540.98
2022-03-28 00:22:24,541.04
2022-03-28 00:22:29,541.04
2022-03-28 00:22:34,541.1
2022-03-28 00:22:39,541.13
2022-03-28 00:22:44,541.13
2022-03-28 00:22:49,541.2
2022-03-28 00:22:54,541.26
2022-03-28 00:22:59,541.26
2022-03-28 00:23:04,541.26
2022-03-28 00:23:09,541.32
2022-03-28 00:23:14,541.36
2022-03-28 00:23:19,541.42
2022-03-28 00:23:24,541.35
2022-03-28 00:23:29,541.42
2022-03-28 00:23:34,541.48
2022-03-28 00:23:39,541.48
2022-03-28 00:23:44,541.48
2022-03-28 00:23:49,541.48
2022-03-28 00:23:54,541.48
2022-03-28 00:23:59,541.54
2022-03-28 00:24:04,541.48
2022-03-28 00:24:09,541.54
2022-03-28 00:24:14,541.54
2022-03-28 00:24:19,541.61
2022-03-28 00:24:24,541.61
2022-03-28 00:24:29,541.64
2022-03-28 00:24:34,541.61
2022-03-28 00:24:39,541.61
2022-03-28 00:24:44,541.64
2022-03-28 00:24:49,541.7
2022-03-28 00:24:54,541.71
2022-03-28 00:24:59,541.7
2022-03-28 00:25:04,541.77
2022-03-28 00:25:09,541.77
2022-03-28 00:25:14,541.77
2022-03-28 00:25:19,541.77
2022-03-28 00:25:24,541.77
2022-03-28 00:25:29,541.77
2022-03-28 00:25:34,541.77
2022-03-28 00:25:39,541.77
2022-03-28 00:25:44,541.77
2022-03-28 00:25:49,541.83
2022-03-28 00:25:54,541.77
2022-03-28 00:25:59,541.77
2022-03-28 00:26:04,541.77
2022-03-28 00:26:09,541.77
2022-03-28 00:26:14,541.71
2022-03-28 00:26:19,541.7
2022-03-28 00:26:24,541.71
2022-03-28 00:26:29,541.7
2022-03-28 00:26:34,541.77
2022-03-28 00:26:39,541.77
2022-03-28 00:26:44,541.71
2022-03-28 00:26:49,541.77
2022-03-28 00:26:54,541.77
2022-03-28 00:26:59,541.77
2022-03-28 00:27:04,541.71
2022-03-28 00:27:09,541.77
2022-03-28 00:27:14,541.77
2022-03-28 00:27:19,541.83
2022-03-28 00:27:24,541.77
2022-03-28 00:27:29,541.83
2022-03-28 00:27:34,541.83
2022-03-28 00:27:39,541.77
2022-03-28 00:27:44,541.84
2022-03-28 00:27:49,541.87
2022-03-28 00:27:54,541.87
2022-03-28 00:27:59,541.87
2022-03-28 00:28:04,541.93
2022-03-28 00:28:09,541.87
2022-03-28 00:28:14,541.87
2022-03-28 00:28:19,541.87
2022-03-28 00:28:24,541.93
2022-03-28 00:28:29,541.87
2022-03-28 00:28:34,541.93
2022-03-28 00:28:39,541.87
2022-03-28 00:28:44,541.87
2022-03-28 00:28:49,541.87
2022-03-28 00:28:54,541.87
2022-03-28 00:28:59,541.87
2022-03-28 00:29:04,541.87
2022-03-28 00:29:09,541.94
2022-03-28 00:29:14,541.84
2022-03-28 00:29:19,541.87
2022-03-28 00:29:24,541.87
2022-03-28 00:29:29,541.87
2022-03-28 00:29:34,541.87
2022-03-28 00:29:39,541.84
2022-03-28 00:29:44,541.84
2022-03-28 00:29:49,541.84
2022-03-28 00:29:54,541.87
2022-03-28 00:29:59,541.84
2022-03-28 00:30:04,541.87
2022-03-28 00:30:09,541.84
2022-03-28 00:30:14,541.84
2022-03-28 00:30:19,541.84
2022-03-28 00:30:24,541.84
2022-03-28 00:30:29,541.87
2022-03-28 00:30:34,541.84
2022-03-28 00:30:39,541.84
2022-03-28 00:30:44,541.84
2022-03-28 00:30:49,541.84
2022-03-28 00:30:54,541.84
2022-03-28 00:30:59,541.84
2022-03-28 00:31:04,541.84
2022-03-28 00:31:09,541.84
2022-03-28 00:31:14,541.84
2022-03-28 00:31:19,541.78
2022-03-28 00:31:24,541.84
2022-03-28 00:31:29,541.84
2022-03-28 00:31:34,541.84
2022-03-28 00:31:39,541.84
2022-03-28 00:31:44,541.78
2022-03-28 00:31:49,541.84
2022-03-28 00:31:54,541.78
2022-03-28 00:31:59,541.78
2022-03-28 00:32:04,541.78
2022-03-28 00:32:09,541.78
2022-03-28 00:32:14,541.78
2022-03-28 00:32:19,541.78
2022-03-28 00:32:24,541.78
2022-03-28 00:32:29,541.78
2022-03-28 00:32:34,541.78
2022-03-28 00:32:39,541.78
2022-03-28 00:32:44,541.78
2022-03-28 00:32:49,541.78
2022-03-28 00:32:54,541.78
2022-03-28 00:32:59,541.78
2022-03-28 00:33:04,541.78
2022-03-28 00:33:09,541.78
2022-03-28 00:33:14,541.79
2022-03-28 00:33:19,541.79
2022-03-28 00:33:24,541.72
2022-03-28 00:33:29,541.72
2022-03-28 00:33:34,541.72
2022-03-28 00:33:39,541.73
2022-03-28 00:33:44,541.66
2022-03-28 00:33:49,541.66
2022-03-28 00:33:54,541.66
2022-03-28 00:33:59,541.63
2022-03-28 00:34:04,541.63
2022-03-28 00:34:09,541.66
2022-03-28 00:34:14,541.66
2022-03-28 00:34:19,541.66
2022-03-28 00:34:24,541.63
2022-03-28 00:34:29,541.66
2022-03-28 00:34:34,541.64
2022-03-28 00:34:39,541.67
2022-03-28 00:34:44,541.64
2022-03-28 00:34:49,541.64
2022-03-28 00:34:54,541.64
2022-03-28 00:34:59,541.67
2022-03-28 00:35:04,541.64
2022-03-28 00:35:09,541.64
2022-03-28 00:35:14,541.67
2022-03-28 00:35:19,541.67
2022-03-28 00:35:24,541.67
2022-03-28 00:35:29,541.67
2022-03-28 00:35:34,541.64
2022-03-28 00:35:39,541.67
2022-03-28 00:35:44,541.67
2022-03-28 00:35:49,541.64
2022-03-28 00:35:54,541.68
2022-03-28 00:35:59,541.74
2022-03-28 00:36:04,541.64
2022-03-28 00:36:09,541.64
2022-03-28 00:36:14,541.68
2022-03-28 00:36:19,541.68
2022-03-28 00:36:24,541.64
2022-03-28 00:36:29,541.64
2022-03-28 00:36:34,541.64
2022-03-28 00:36:39,541.64
2022-03-28 00:36:44,541.65
2022-03-28 00:36:49,541.65
2022-03-28 00:36:54,541.58
2022-03-28 00:36:59,537.71
2022-03-28 00:37:04,541.58
2022-03-28 00:37:09,541.52
2022-03-28 00:37:14,541.52
2022-03-28 00:37:19,541.52
2022-03-28 00:37:24,541.52
2022-03-28 00:37:29,541.52
2022-03-28 00:37:34,541.52
2022-03-28 00:37:39,541.52
2022-03-28 00:37:44,541.45
2022-03-28 00:37:49,541.45
2022-03-28 00:37:54,541.45
2022-03-28 00:37:59,541.45
2022-03-28 00:38:04,541.45
2022-03-28 00:38:09,541.45
2022-03-28 00:38:14,541.38
2022-03-28 00:38:19,541.38
2022-03-28 00:38:24,541.45
2022-03-28 00:38:29,541.45
2022-03-28 00:38:34,541.38
2022-03-28 00:38:39,541.38
2022-03-28 00:38:44,541.38
2022-03-28 00:38:49,541.35
2022-03-28 00:38:54,541.38
2022-03-28 00:38:59,541.35
2022-03-28 00:39:04,541.38
2022-03-28 00:39:09,541.35
2022-03-28 00:39:14,541.35
2022-03-28 00:39:19,541.35
2022-03-28 00:39:24,541.35
2022-03-28 00:39:29,541.28
2022-03-28 00:39:34,541.28
2022-03-28 00:39:39,541.28
2022-03-28 00:39:44,541.28
2022-03-28 00:39:49,541.21
2022-03-28 00:39:54,541.21
2022-03-28 00:39:59,541.15
2022-03-28 00:40:04,541.21
2022-03-28 00:40:09,541.15
2022-03-28 00:40:14,541.14
2022-03-28 00:40:19,541.11
2022-03-28 00:40:24,541.11
2022-03-28 00:40:29,541.11
2022-03-28 00:40:34,541.11
2022-03-28 00:40:39,541.04
2022-03-28 00:40:44,541.04
2022-03-28 00:40:49,541.11
2022-03-28 00:40:54,541.04
2022-03-28 00:40:59,541.04
2022-03-28 00:41:04,541.1
2022-03-28 00:41:09,541.1
2022-03-28 00:41:14,541.04
2022-03-28 00:41:19,541.04
2022-03-28 00:41:24,541.04
2022-03-28 00:41:29,541.1
2022-03-28 00:41:34,541.03
2022-03-28 00:41:39,541.1
2022-03-28 00:41:44,541.1
2022-03-28 00:41:49,541.1
2022-03-28 00:41:54,541.1
2022-03-28 00:41:59,541.1
2022-03-28 00:42:04,541.1
2022-03-28 00:42:09,541.03
2022-03-28 00:42:14,541.1
2022-03-28 00:42:19,541.03
2022-03-28 00:42:24,541.03
2022-03-28 00:42:29,541.03
2022-03-28 00:42:34,541.03
2022-03-28 00:42:39,541.03
2022-03-28 00:42:44,540.97
2022-03-28 00:42:49,540.97
2022-03-28 00:42:54,540.97
2022-03-28 00:42:59,541.03
2022-03-28 00:43:04,540.97
2022-03-28 00:43:09,541.03
2022-03-28 00:43:14,540.9
2022-03-28 00:43:19,540.9
2022-03-28 00:43:24,540.9
2022-03-28 00:43:29,540.9
2022-03-28 00:43:34,540.9
2022-03-28 00:43:39,540.9
2022-03-28 00:43:44,540.83
2022-03-28 00:43:49,540.83
2022-03-28 00:43:54,540.9
2022-03-28 00:43:59,540.83
2022-03-28 00:44:04,540.83
2022-03-28 00:44:09,540.83
2022-03-28 00:44:14,540.83
2022-03-28 00:44:19,540.83
2022-03-28 00:44:24,540.83
2022-03-28 00:44:29,540.83
2022-03-28 00:44:34,540.84
2022-03-28 00:44:39,540.83
2022-03-28 00:44:44,540.83
2022-03-28 00:44:49,540.9
2022-03-28 00:44:54,540.84
2022-03-28 00:44:59,540.84
2022-03-28 00:45:04,540.84
2022-03-28 00:45:09,540.84
2022-03-28 00:45:14,540.9
2022-03-28 00:45:19,540.9
2022-03-28 00:45:24,540.9
2022-03-28 00:45:29,540.9
2022-03-28 00:45:34,540.9
2022-03-28 00:45:39,540.97
2022-03-28 00:45:44,540.97
2022-03-28 00:45:49,540.9
2022-03-28 00:45:54,540.97
2022-03-28 00:45:59,540.9
2022-03-28 00:46:04,540.97
2022-03-28 00:46:09,540.97
2022-03-28 00:46:14,540.97
2022-03-28 00:46:19,541.03
2022-03-28 00:46:24,541.1
2022-03-28 00:46:29,541.03
2022-03-28 00:46:34,541.03
2022-03-28 00:46:39,541.1
2022-03-28 00:46:44,541.1
2022-03-28 00:46:49,541.1
2022-03-28 00:46:54,541.13
2022-03-28 00:46:59,541.14
2022-03-28 00:47:04,541.13
2022-03-28 00:47:09,541.2
2022-03-28 00:47:14,541.2
2022-03-28 00:47:19,541.2
2022-03-28 00:47:24,541.2
2022-03-28 00:47:29,541.26
2022-03-28 00:47:34,541.27
2022-03-28 00:47:39,541.26
2022-03-28 00:47:44,541.26
2022-03-28 00:47:49,541.27
2022-03-28 00:47:54,541.33
2022-03-28 00:47:59,541.33
2022-03-28 00:48:04,541.33
2022-03-28 00:48:09,541.33
2022-03-28 00:48:14,541.26
2022-03-28 00:48:19,541.27
2022-03-28 00:48:24,541.27
2022-03-28 00:48:29,541.27
2022-03-28 00:48:34,541.2
2022-03-28 00:48:39,541.2
2022-03-28 00:48:44,541.2
2022-03-28 00:48:49,541.14
2022-03-28 00:48:54,541.14
2022-03-28 00:48:59,541.14
2022-03-28 00:49:04,541.14
2022-03-28 00:49:09,541.11
2022-03-28 00:49:14,541.11
2022-03-28 00:49:19,541.04
2022-03-28 00:49:24,541.04
2022-03-28 00:49:29,540.98
2022-03-28 00:49:34,540.98
2022-03-28 00:49:39,540.92
2022-03-28 00:49:44,540.92
2022-03-28 00:49:49,540.85
2022-03-28 00:49:54,540.85
2022-03-28 00:49:59,540.82
2022-03-28 00:50:04,540.76
2022-03-28 00:50:09,540.69
2022-03-28 00:50:14,540.69
2022-03-28 00:50:19,540.69
2022-03-28 00:50:24,540.6
2022-03-28 00:50:29,540.6
2022-03-28 00:50:34,540.6
2022-03-28 00:50:39,540.54
2022-03-28 00:50:44,540.47
2022-03-28 00:50:49,540.47
2022-03-28 00:50:54,540.47
2022-03-28 00:50:59,540.47
2022-03-28 00:51:04,540.41
2022-03-28 00:51:09,540.47
2022-03-28 00:51:14,540.47
2022-03-28 00:51:19,540.41
2022-03-28 00:51:24,540.41
2022-03-28 00:51:29,540.41
2022-03-28 00:51:34,540.47
2022-03-28 00:51:39,540.47
2022-03-28 00:51:44,540.47
2022-03-28 00:51:49,540.48
2022-03-28 00:51:54,540.41
2022-03-28 00:51:59,540.47
2022-03-28 00:52:04,540.48
2022-03-28 00:52:09,540.48
2022-03-28 00:52:14,540.54
2022-03-28 00:52:19,540.54
2022-03-28 00:52:24,540.54
2022-03-28 00:52:29,540.54
2022-03-28 00:52:34,540.54
2022-03-28 00:52:39,540.61
2022-03-28 00:52:44,540.64
2022-03-28 00:52:49,540.64
2022-03-28 00:52:54,540.64
2022-03-28 00:52:59,540.64
2022-03-28 00:53:04,540.71
2022-03-28 00:53:09,540.71
2022-03-28 00:53:14,540.77
2022-03-28 00:53:19,540.77
2022-03-28 00:53:24,540.84
2022-03-28 00:53:29,540.84
2022-03-28 00:53:34,540.87
2022-03-28 00:53:39,541.0
2022-03-28 00:53:44,541.0
2022-03-28 00:53:49,541.01
2022-03-28 00:53:54,541.07
2022-03-28 00:53:59,541.17
2022-03-28 00:54:04,541.17
2022-03-28 00:54:09,541.17
2022-03-28 00:54:14,541.23
2022-03-28 00:54:19,541.3
2022-03-28 00:54:24,541.3
2022-03-28 00:54:29,541.4
2022-03-28 00:54:34,541.46
2022-03-28 00:54:39,541.53
2022-03-28 00:54:44,541.53
2022-03-28 00:54:49,541.53
2022-03-28 00:54:54,541.66
2022-03-28 00:54:59,541.66
2022-03-28 00:55:04,541.76
2022-03-28 00:55:09,541.76
2022-03-28 00:55:14,541.82
2022-03-28 00:55:19,541.89
2022-03-28 00:55:24,541.89
2022-03-28 00:55:29,541.92
2022-03-28 00:55:34,541.98
2022-03-28 00:55:39,542.05
2022-03-28 00:55:44,542.11
2022-03-28 00:55:49,542.11
2022-03-28 00:55:54,542.18
2022-03-28 00:55:59,542.21
2022-03-28 00:56:04,542.21
2022-03-28 00:56:09,542.21
2022-03-28 00:56:14,542.21
2022-03-28 00:56:19,542.21
2022-03-28 00:56:24,542.21
2022-03-28 00:56:29,542.27
2022-03-28 00:56:34,542.21
2022-03-28 00:56:39,542.28
2022-03-28 00:56:44,542.21
2022-03-28 00:56:49,542.21
2022-03-28 00:56:54,542.21
2022-03-28 00:56:59,542.21
2022-03-28 00:57:04,542.21
2022-03-28 00:57:09,542.18
2022-03-28 00:57:14,542.18
2022-03-28 00:57:19,542.11
2022-03-28 00:57:24,542.18
2022-03-28 00:57:29,542.18
2022-03-28 00:57:34,542.11
2022-03-28 00:57:39,542.05
2022-03-28 00:57:44,542.05
2022-03-28 00:57:49,542.05
2022-03-28 00:57:54,541.98
2022-03-28 00:57:59,541.98
2022-03-28 00:58:04,541.92
2022-03-28 00:58:09,541.91
2022-03-28 00:58:14,541.88
2022-03-28 00:58:19,541.82
2022-03-28 00:58:24,541.75
2022-03-28 00:58:29,541.82
2022-03-28 00:58:34,541.75
2022-03-28 00:58:39,541.75
2022-03-28 00:58:44,541.75
2022-03-28 00:58:49,541.69
2022-03-28 00:58:54,541.69
2022-03-28 00:58:59,541.65
2022-03-28 00:59:04,541.69
2022-03-28 00:59:09,541.65
2022-03-28 00:59:14,541.65
2022-03-28 00:59:19,541.59
2022-03-28 00:59:24,541.59
2022-03-28 00:59:29,541.59
2022-03-28 00:59:34,541.52
2022-03-28 00:59:39,541.45
2022-03-28 00:59:44,541.46
2022-03-28 00:59:49,541.45
2022-03-28 00:59:54,541.39
2022-03-28 00:59:59,541.39
2022-03-28 01:00:04,541.35
2022-03-28 01:00:09,541.35
2022-03-28 01:00:14,541.35
2022-03-28 01:00:19,541.22
2022-03-28 01:00:24,541.28
2022-03-28 01:00:29,541.22
2022-03-28 01:00:34,541.22
2022-03-28 01:00:39,541.15
2022-03-28 01:00:44,541.15
2022-03-28 01:00:49,541.12
2022-03-28 01:00:54,541.12
2022-03-28 01:00:59,541.11
2022-03-28 01:01:04,541.05
2022-03-28 01:01:09,540.99
2022-03-28 01:01:14,540.99
2022-03-28 01:01:19,540.92
2022-03-28 01:01:24,540.92
2022-03-28 01:01:29,540.86
2022-03-28 01:01:34,540.82
2022-03-28 01:01:39,540.82
2022-03-28 01:01:44,540.76
2022-03-28 01:01:49,540.75
2022-03-28 01:01:54,540.69
2022-03-28 01:01:59,540.69
2022-03-28 01:02:04,540.63
2022-03-28 01:02:09,540.6
2022-03-28 01:02:14,540.59
2022-03-28 01:02:19,540.59
2022-03-28 01:02:24,540.53
2022-03-28 01:02:29,540.46
2022-03-28 01:02:34,540.4
2022-03-28 01:02:39,540.46
2022-03-28 01:02:44,540.34
2022-03-28 01:02:49,540.34
2022-03-28 01:02:54,540.33
2022-03-28 01:02:59,540.3
2022-03-28 01:03:04,540.3
2022-03-28 01:03:09,540.3
2022-03-28 01:03:14,540.24
2022-03-28 01:03:19,540.17
2022-03-28 01:03:24,540.24
2022-03-28 01:03:29,540.17
2022-03-28 01:03:34,540.11
2022-03-28 01:03:39,540.11
2022-03-28 01:03:44,540.11
2022-03-28 01:03:49,540.11
2022-03-28 01:03:54,540.08
2022-03-28 01:03:59,540.08
2022-03-28 01:04:04,540.08
2022-03-28 01:04:09,540.01
2022-03-28 01:04:14,540.01
2022-03-28 01:04:19,539.95
2022-03-28 01:04:24,539.95
2022-03-28 01:04:29,539.88
2022-03-28 01:04:34,539.88
2022-03-28 01:04:39,539.82
2022-03-28 01:04:44,539.82
2022-03-28 01:04:49,539.82
2022-03-28 01:04:54,539.79
2022-03-28 01:04:59,539.79
2022-03-28 01:05:04,539.79
2022-03-28 01:05:09,539.79
2022-03-28 01:05:14,539.73
2022-03-28 01:05:19,539.66
2022-03-28 01:05:24,539.66
2022-03-28 01:05:29,539.66
2022-03-28 01:05:34,539.66
2022-03-28 01:05:39,539.6
2022-03-28 01:05:44,539.6
2022-03-28 01:05:49,539.57
2022-03-28 01:05:54,539.6
2022-03-28 01:05:59,539.57
2022-03-28 01:06:04,539.5
2022-03-28 01:06:09,539.5
2022-03-28 01:06:14,539.44
2022-03-28 01:06:19,539.5
2022-03-28 01:06:24,539.37
2022-03-28 01:06:29,539.44
2022-03-28 01:06:34,539.38
2022-03-28 01:06:39,539.38
2022-03-28 01:06:44,539.38
2022-03-28 01:06:49,539.38
2022-03-28 01:06:54,539.31
2022-03-28 01:06:59,539.31
2022-03-28 01:07:04,539.38
2022-03-28 01:07:09,539.38
2022-03-28 01:07:14,539.31
2022-03-28 01:07:19,539.32
2022-03-28 01:07:24,539.31
2022-03-28 01:07:29,539.31
2022-03-28 01:07:34,539.28
2022-03-28 01:07:39,539.28
2022-03-28 01:07:44,539.28
2022-03-28 01:07:49,539.28
2022-03-28 01:07:54,539.22
2022-03-28 01:07:59,539.22
2022-03-28 01:08:04,539.22
2022-03-28 01:08:09,539.16
2022-03-28 01:08:14,539.16
2022-03-28 01:08:19,539.09
2022-03-28 01:08:24,539.09
2022-03-28 01:08:29,539.09
2022-03-28 01:08:34,539.09
2022-03-28 01:08:39,539.06
2022-03-28 01:08:44,539.1
2022-03-28 01:08:49,539.06
2022-03-28 01:08:54,539.06
2022-03-28 01:08:59,539.06
2022-03-28 01:09:04,539.0
2022-03-28 01:09:09,539.06
2022-03-28 01:09:14,538.93
2022-03-28 01:09:19,539.0
2022-03-28 01:09:24,539.0
2022-03-28 01:09:29,539.0
2022-03-28 01:09:34,539.0
2022-03-28 01:09:39,538.94
2022-03-28 01:09:44,538.87
2022-03-28 01:09:49,539.0
2022-03-28 01:09:54,538.94
2022-03-28 01:09:59,538.94
2022-03-28 01:10:04,539.0
2022-03-28 01:10:09,538.94
2022-03-28 01:10:14,539.0
2022-03-28 01:10:19,537.71
2022-03-28 01:10:24,538.94
2022-03-28 01:10:29,539.0
2022-03-28 01:10:34,539.0
2022-03-28 01:10:39,539.0
2022-03-28 01:10:44,539.0
2022-03-28 01:10:49,539.01
2022-03-28 01:10:54,539.07
2022-03-28 01:10:59,539.07
2022-03-28 01:11:04,539.1
2022-03-28 01:11:09,539.1
2022-03-28 01:11:14,539.1
2022-03-28 01:11:19,539.17
2022-03-28 01:11:24,539.23
2022-03-28 01:11:29,539.23
2022-03-28 01:11:34,539.23
2022-03-28 01:11:39,539.3
2022-03-28 01:11:44,539.3
2022-03-28 01:11:49,539.33
2022-03-28 01:11:54,539.33
2022-03-28 01:11:59,539.4
2022-03-28 01:12:04,539.4
2022-03-28 01:12:09,539.46
2022-03-28 01:12:14,539.46
2022-03-28 01:12:19,539.53
2022-03-28 01:12:24,539.53
2022-03-28 01:12:29,539.53
2022-03-28 01:12:34,539.53
2022-03-28 01:12:39,539.6
2022-03-28 01:12:44,539.53
2022-03-28 01:12:49,539.6
2022-03-28 01:12:54,539.6
2022-03-28 01:12:59,539.6
2022-03-28 01:13:04,539.63
2022-03-28 01:13:09,539.63
2022-03-28 01:13:14,539.63
2022-03-28 01:13:19,539.6
2022-03-28 01:13:24,539.63
2022-03-28 01:13:29,539.63
2022-03-28 01:13:34,539.6
2022-03-28 01:13:39,539.63
2022-03-28 01:13:44,539.6
2022-03-28 01:13:49,539.64
2022-03-28 01:13:54,539.64
2022-03-28 01:13:59,539.61
2022-03-28 01:14:04,539.64
2022-03-28 01:14:09,539.64
2022-03-28 01:14:14,539.64
2022-03-28 01:14:19,539.61
2022-03-28 01:14:24,539.61
2022-03-28 01:14:29,539.61
2022-03-28 01:14:34,539.61
2022-03-28 01:14:39,539.61
2022-03-28 01:14:44,539.61
2022-03-28 01:14:49,539.55
2022-03-28 01:14:54,539.55
2022-03-28 01:14:59,539.48
2022-03-28 01:15:04,539.55
2022-03-28 01:15:09,539.49
2022-03-28 01:15:14,539.42
2022-03-28 01:15:19,539.42
2022-03-28 01:15:24,539.42
2022-03-28 01:15:29,539.43
2022-03-28 01:15:34,539.36
2022-03-28 01:15:39,539.33
2022-03-28 01:15:44,539.36
2022-03-28 01:15:49,539.33
2022-03-28 01:15:54,539.33
2022-03-28 01:15:59,539.27
2022-03-28 01:16:04,539.26
2022-03-28 01:16:09,539.2
2022-03-28 01:16:14,539.2
2022-03-28 01:16:19,539.2
2022-03-28 01:16:24,539.14
2022-03-28 01:16:29,539.14
2022-03-28 01:16:34,539.14
2022-03-28 01:16:39,539.14
2022-03-28 01:16:44,539.14
2022-03-28 01:16:49,539.11
2022-03-28 01:16:54,539.11
2022-03-28 01:16:59,539.04
2022-03-28 01:17:04,539.04
2022-03-28 01:17:09,539.04
2022-03-28 01:17:14,539.04
2022-03-28 01:17:19,539.04
2022-03-28 01:17:24,539.04
2022-03-28 01:17:29,539.04
2022-03-28 01:17:34,538.97
2022-03-28 01:17:39,538.98
2022-03-28 01:17:44,538.98
2022-03-28 01:17:49,538.91
2022-03-28 01:17:54,538.91
2022-03-28 01:17:59,538.91
2022-03-28 01:18:04,538.85
2022-03-28 01:18:09,538.84
2022-03-28 01:18:14,538.81
2022-03-28 01:18:19,538.85
2022-03-28 01:18:24,538.85
2022-03-28 01:18:29,538.81
2022-03-28 01:18:34,538.81
2022-03-28 01:18:39,538.81
2022-03-28 01:18:44,538.81
2022-03-28 01:18:49,538.81
2022-03-28 01:18:54,538.81
2022-03-28 01:18:59,538.81
2022-03-28 01:19:04,538.8
2022-03-28 01:19:09,538.81
2022-03-28 01:19:14,538.84
2022-03-28 01:19:19,538.81
2022-03-28 01:19:24,538.84
2022-03-28 01:19:29,538.84
2022-03-28 01:19:34,538.83
2022-03-28 01:19:39,538.9
2022-03-28 01:19:44,538.96
2022-03-28 01:19:49,538.9
2022-03-28 01:19:54,538.96
2022-03-28 01:19:59,539.03
2022-03-28 01:20:04,538.96
2022-03-28 01:20:09,539.02
2022-03-28 01:20:14,539.09
2022-03-28 01:20:19,539.08
2022-03-28 01:20:24,539.11
2022-03-28 01:20:29,539.18
2022-03-28 01:20:34,539.24
2022-03-28 01:20:39,539.24
2022-03-28 01:20:44,539.31
2022-03-28 01:20:49,539.3
2022-03-28 01:20:54,539.4
2022-03-28 01:20:59,539.4
2022-03-28 01:21:04,539.46
2022-03-28 01:21:09,539.46
2022-03-28 01:21:14,539.53
2022-03-28 01:21:19,539.59
2022-03-28 01:21:24,539.62
2022-03-28 01:21:29,539.62
2022-03-28 01:21:34,539.69
2022-03-28 01:21:39,539.75
2022-03-28 01:21:44,539.75
2022-03-28 01:21:49,539.85
2022-03-28 01:21:54,539.85
2022-03-28 01:21:59,539.85
2022-03-28 01:22:04,539.85
2022-03-28 01:22:09,539.91
2022-03-28 01:22:14,539.91
2022-03-28 01:22:19,539.91
2022-03-28 01:22:24,539.97
2022-03-28 01:22:29,539.97
2022-03-28 01:22:34,539.97
2022-03-28 01:22:39,540.04
2022-03-28 01:22:44,540.04
2022-03-28 01:22:49,540.03
2022-03-28 01:22:54,540.03
2022-03-28 01:22:59,540.1
2022-03-28 01:23:04,540.1
2022-03-28 01:23:09,540.1
2022-03-28 01:23:14,540.1
2022-03-28 01:23:19,540.13
2022-03-28 01:23:24,540.13
2022-03-28 01:23:29,540.2
2022-03-28 01:23:34,540.2
2022-03-28 01:23:39,540.2
2022-03-28 01:23:44,540.2
2022-03-28 01:23:49,540.2
2022-03-28 01:23:54,540.2
2022-03-28 01:23:59,540.2
2022-03-28 01:24:04,540.2
2022-03-28 01:24:09,540.2
2022-03-28 01:24:14,540.2
2022-03-28 01:24:19,540.2
2022-03-28 01:24:24,540.2
2022-03-28 01:24:29,540.13
2022-03-28 01:24:34,540.13
2022-03-28 01:24:39,540.2
2022-03-28 01:24:44,540.13
2022-03-28 01:24:49,540.2
2022-03-28 01:24:54,540.14
2022-03-28 01:24:59,540.14
2022-03-28 01:25:04,540.2
2022-03-28 01:25:09,540.14
2022-03-28 01:25:14,540.2
2022-03-28 01:25:19,540.2
2022-03-28 01:25:24,540.2
2022-03-28 01:25:29,537.71
2022-03-28 01:25:34,540.27
2022-03-28 01:25:39,540.27
2022-03-28 01:25:44,540.27
2022-03-28 01:25:49,540.27
2022-03-28 01:25:54,540.33
2022-03-28 01:25:59,540.33
2022-03-28 01:26:04,540.33
2022-03-28 01:26:09,540.37
2022-03-28 01:26:14,540.43
2022-03-28 01:26:19,540.43
2022-03-28 01:26:24,540.5
2022-03-28 01:26:29,540.43
2022-03-28 01:26:34,540.49
2022-03-28 01:26:39,540.5
2022-03-28 01:26:44,540.56
2022-03-28 01:26:49,540.56
2022-03-28 01:26:54,540.57
2022-03-28 01:26:59,540.63
2022-03-28 01:27:04,540.63
2022-03-28 01:27:09,540.63
2022-03-28 01:27:14,540.66
2022-03-28 01:27:19,540.66
2022-03-28 01:27:24,540.63
2022-03-28 01:27:29,540.66
2022-03-28 01:27:34,540.66
2022-03-28 01:27:39,540.66
2022-03-28 01:27:44,540.63
2022-03-28 01:27:49,540.63
2022-03-28 01:27:54,540.63
2022-03-28 01:27:59,540.66
2022-03-28 01:28:04,540.63
2022-03-28 01:28:09,540.64
2022-03-28 01:28:14,540.63
2022-03-28 01:28:19,540.66
2022-03-28 01:28:24,540.67
2022-03-28 01:28:29,540.66
2022-03-28 01:28:34,540.64
2022-03-28 01:28:39,540.67
2022-03-28 01:28:44,540.67
2022-03-28 01:28:49,540.67
2022-03-28 01:28:54,540.73
2022-03-28 01:28:59,540.73
2022-03-28 01:29:04,540.73
2022-03-28 01:29:09,540.73
2022-03-28 01:29:14,540.8
2022-03-28 01:29:19,540.73
2022-03-28 01:29:24,540.8
2022-03-28 01:29:29,540.86
2022-03-28 01:29:34,540.87
2022-03-28 01:29:39,540.87
2022-03-28 01:29:44,540.9
2022-03-28 01:29:49,540.9
2022-03-28 01:29:54,540.9
2022-03-28 01:29:59,540.9
2022-03-28 01:30:04,540.9
2022-03-28 01:30:09,540.96
2022-03-28 01:30:14,540.96
2022-03-28 01:30:19,540.96
2022-03-28 01:30:24,541.03
2022-03-28 01:30:29,537.71
2022-03-28 01:30:34,541.09
2022-03-28 01:30:39,541.09
2022-03-28 01:30:44,541.09
2022-03-28 01:30:49,541.09
2022-03-28 01:30:54,541.19
2022-03-28 01:30:59,541.19
2022-03-28 01:31:04,541.26
2022-03-28 01:31:09,541.26
2022-03-28 01:31:14,541.26
2022-03-28 01:31:19,541.26
2022-03-28 01:31:24,541.26
2022-03-28 01:31:29,541.26
2022-03-28 01:31:34,541.26
2022-03-28 01:31:39,541.19
2022-03-28 01:31:44,541.26
2022-03-28 01:31:49,541.26
2022-03-28 01:31:54,541.2
2022-03-28 01:31:59,541.2
2022-03-28 01:32:04,541.17
2022-03-28 01:32:09,541.16
2022-03-28 01:32:14,541.16
2022-03-28 01:32:19,541.16
2022-03-28 01:32:24,541.04
2022-03-28 01:32:29,541.04
2022-03-28 01:32:34,541.04
2022-03-28 01:32:39,540.98
2022-03-28 01:32:44,541.04
2022-03-28 01:32:49,540.91
2022-03-28 01:32:54,540.91
2022-03-28 01:32:59,540.91
2022-03-28 01:33:04,540.89
2022-03-28 01:33:09,540.91
2022-03-28 01:33:14,540.88
2022-03-28 01:33:19,540.82
2022-03-28 01:33:24,540.82
2022-03-28 01:33:29,540.82
2022-03-28 01:33:34,540.82
2022-03-28 01:33:39,540.76
2022-03-28 01:33:44,540.69
2022-03-28 01:33:49,540.76
2022-03-28 01:33:54,540.7
2022-03-28 01:33:59,540.67
2022-03-28 01:34:04,540.67
2022-03-28 01:34:09,540.6
2022-03-28 01:34:14,540.54
2022-03-28 01:34:19,540.54
2022-03-28 01:34:24,540.48
2022-03-28 01:34:29,540.41
2022-03-28 01:34:34,540.38
2022-03-28 01:34:39,540.38
2022-03-28 01:34:44,540.32
2022-03-28 01:34:49,540.25
2022-03-28 01:34:54,540.19
2022-03-28 01:34:59,540.16
2022-03-28 01:35:04,540.1
2022-03-28 01:35:09,540.03
2022-03-28 01:35:14,540.03
2022-03-28 01:35:19,539.97
2022-03-28 01:35:24,539.9
2022-03-28 01:35:29,539.87
2022-03-28 01:35:34,539.81
2022-03-28 01:35:39,539.68
2022-03-28 01:35:44,539.65
2022-03-28 01:35:49,539.64
2022-03-28 01:35:54,539.58
2022-03-28 01:35:59,539.46
2022-03-28 01:36:04,539.46
2022-03-28 01:36:09,539.39
2022-03-28 01:36:14,539.36
2022-03-28 01:36:19,539.29
2022-03-28 01:36:24,539.23
2022-03-28 01:36:29,539.23
2022-03-28 01:36:34,539.17
2022-03-28 01:36:39,539.13
2022-03-28 01:36:44,539.13
2022-03-28 01:36:49,539.07
2022-03-28 01:36:54,539.07
2022-03-28 01:36:59,539.0
2022-03-28 01:37:04,538.94
2022-03-28 01:37:09,538.94
2022-03-28 01:37:14,538.94
2022-03-28 01:37:19,538.87
2022-03-28 01:37:24,538.94
2022-03-28 01:37:29,538.88
2022-03-28 01:37:34,538.88
2022-03-28 01:37:39,538.84
2022-03-28 01:37:44,538.84
2022-03-28 01:37:49,538.84
2022-03-28 01:37:54,538.84
2022-03-28 01:37:59,538.77
2022-03-28 01:38:04,538.84
2022-03-28 01:38:09,538.84
2022-03-28 01:38:14,538.84
2022-03-28 01:38:19,538.84
2022-03-28 01:38:24,538.84
2022-03-28 01:38:29,538.83
2022-03-28 01:38:34,538.86
2022-03-28 01:38:39,538.93
2022-03-28 01:38:44,538.86
2022-03-28 01:38:49,538.86
2022-03-28 01:38:54,538.86
2022-03-28 01:38:59,538.93
2022-03-28 01:39:04,538.92
2022-03-28 01:39:09,538.92
2022-03-28 01:39:14,538.92
2022-03-28 01:39:19,538.92
2022-03-28 01:39:24,538.92
2022-03-28 01:39:29,538.98
2022-03-28 01:39:34,538.98
2022-03-28 01:39:39,538.98
2022-03-28 01:39:44,539.11
2022-03-28 01:39:49,539.05
2022-03-28 01:39:54,539.05
2022-03-28 01:39:59,539.14
2022-03-28 01:40:04,539.14
2022-03-28 01:40:09,539.13
2022-03-28 01:40:14,539.2
2022-03-28 01:40:19,539.14
2022-03-28 01:40:24,539.2
2022-03-28 01:40:29,539.26
2022-03-28 01:40:34,539.26
2022-03-28 01:40:39,539.26
2022-03-28 01:40:44,539.32
2022-03-28 01:40:49,539.32
2022-03-28 01:40:54,539.36
2022-03-28 01:40:59,539.36
2022-03-28 01:41:04,539.36
2022-03-28 01:41:09,539.36
2022-03-28 01:41:14,539.36
2022-03-28 01:41:19,539.42
2022-03-28 01:41:24,539.42
2022-03-28 01:41:29,539.48
2022-03-28 01:41:34,539.48
2022-03-28 01:41:39,539.48
2022-03-28 01:41:44,539.42
2022-03-28 01:41:49,539.55
2022-03-28 01:41:54,539.48
2022-03-28 01:41:59,539.55
2022-03-28 01:42:04,539.55
2022-03-28 01:42:09,539.55
2022-03-28 01:42:14,539.61
2022-03-28 01:42:19,539.61
2022-03-28 01:42:24,539.61
2022-03-28 01:42:29,539.64
2022-03-28 01:42:34,539.64
2022-03-28 01:42:39,539.64
2022-03-28 01:42:44,539.64
2022-03-28 01:42:49,539.7
2022-03-28 01:42:54,539.77
2022-03-28 01:42:59,539.77
2022-03-28 01:43:04,539.83
2022-03-28 01:43:09,539.83
2022-03-28 01:43:14,539.93
2022-03-28 01:43:19,539.93
2022-03-28 01:43:24,539.93
2022-03-28 01:43:29,539.93
2022-03-28 01:43:34,539.99
2022-03-28 01:43:39,539.99
2022-03-28 01:43:44,539.99
2022-03-28 01:43:49,539.99
2022-03-28 01:43:54,539.99
2022-03-28 01:43:59,539.99
2022-03-28 01:44:04,539.99
2022-03-28 01:44:09,540.06
2022-03-28 01:44:14,539.99
2022-03-28 01:44:19,539.99
2022-03-28 01:44:24,539.99
2022-03-28 01:44:29,539.99
2022-03-28 01:44:34,540.0
2022-03-28 01:44:39,540.0
2022-03-28 01:44:44,539.99
2022-03-28 01:44:49,540.0
2022-03-28 01:44:54,540.0
2022-03-28 01:44:59,540.06
2022-03-28 01:45:04,540.0
2022-03-28 01:45:09,540.0
2022-03-28 01:45:14,540.0
2022-03-28 01:45:19,540.0
2022-03-28 01:45:24,540.06
2022-03-28 01:45:29,540.0
2022-03-28 01:45:34,540.06
2022-03-28 01:45:39,540.06
2022-03-28 01:45:44,540.0
2022-03-28 01:45:49,540.0
2022-03-28 01:45:54,540.0
2022-03-28 01:45:59,540.0
2022-03-28 01:46:04,540.0
2022-03-28 01:46:09,540.07
2022-03-28 01:46:14,540.06
2022-03-28 01:46:19,540.07
2022-03-28 01:46:24,540.07
2022-03-28 01:46:29,540.0
2022-03-28 01:46:34,540.0
2022-03-28 01:46:39,540.06
2022-03-28 01:46:44,540.07
2022-03-28 01:46:49,540.07
2022-03-28 01:46:54,540.07
2022-03-28 01:46:59,540.07
2022-03-28 01:47:04,540.07
2022-03-28 01:47:09,540.07
2022-03-28 01:47:14,540.07
2022-03-28 01:47:19,540.07
2022-03-28 01:47:24,540.07
2022-03-28 01:47:29,540.07
2022-03-28 01:47:34,540.01
2022-03-28 01:47:39,540.07
2022-03-28 01:47:44,540.01
2022-03-28 01:47:49,540.01
2022-03-28 01:47:54,539.94
2022-03-28 01:47:59,540.01
2022-03-28 01:48:04,539.94
2022-03-28 01:48:09,539.88
2022-03-28 01:48:14,539.88
2022-03-28 01:48:19,539.85
2022-03-28 01:48:24,539.85
2022-03-28 01:48:29,539.85
2022-03-28 01:48:34,539.78
2022-03-28 01:48:39,539.72
2022-03-28 01:48:44,539.72
2022-03-28 01:48:49,539.72
2022-03-28 01:48:54,539.62
2022-03-28 01:48:59,539.62
2022-03-28 01:49:04,539.56
2022-03-28 01:49:09,539.56
2022-03-28 01:49:14,539.49
2022-03-28 01:49:19,539.43
2022-03-28 01:49:24,539.37
2022-03-28 01:49:29,539.33
2022-03-28 01:49:34,539.34
2022-03-28 01:49:39,539.21
2022-03-28 01:49:44,539.21
2022-03-28 01:49:49,539.15
2022-03-28 01:49:54,539.11
2022-03-28 01:49:59,539.11
2022-03-28 01:50:04,538.98
2022-03-28 01:50:09,538.92
2022-03-28 01:50:14,538.92
2022-03-28 01:50:19,538.92
2022-03-28 01:50:24,538.85
2022-03-28 01:50:29,538.85
2022-03-28 01:50:34,538.76
2022-03-28 01:50:39,538.76
2022-03-28 01:50:44,538.76
2022-03-28 01:50:49,538.69
2022-03-28 01:50:54,538.7
2022-03-28 01:50:59,538.69
2022-03-28 01:51:04,538.63
2022-03-28 01:51:09,538.63
2022-03-28 01:51:14,538.63
2022-03-28 01:51:19,538.63
2022-03-28 01:51:24,538.63
2022-03-28 01:51:29,538.6
2022-03-28 01:51:34,538.54
2022-03-28 01:51:39,538.54
2022-03-28 01:51:44,538.54
2022-03-28 01:51:49,538.54
2022-03-28 01:51:54,538.54
2022-03-28 01:51:59,538.54
2022-03-28 01:52:04,538.54
2022-03-28 01:52:09,538.54
2022-03-28 01:52:14,538.61
2022-03-28 01:52:19,538.61
2022-03-28 01:52:24,538.61
2022-03-28 01:52:29,538.61
2022-03-28 01:52:34,538.64
2022-03-28 01:52:39,538.64
2022-03-28 01:52:44,538.64
2022-03-28 01:52:49,538.64
2022-03-28 01:52:54,538.64
2022-03-28 01:52:59,538.71
2022-03-28 01:53:04,538.71
2022-03-28 01:53:09,538.84
2022-03-28 01:53:14,538.77
2022-03-28 01:53:19,538.84
2022-03-28 01:53:24,538.87
2022-03-28 01:53:29,538.94
2022-03-28 01:53:34,538.94
2022-03-28 01:53:39,538.94
2022-03-28 01:53:44,539.07
2022-03-28 01:53:49,539.07
2022-03-28 01:53:54,539.14
2022-03-28 01:53:59,539.17
2022-03-28 01:54:04,539.17
2022-03-28 01:54:09,539.23
2022-03-28 01:54:14,539.24
2022-03-28 01:54:19,539.36
2022-03-28 01:54:24,539.36
2022-03-28 01:54:29,539.46
2022-03-28 01:54:34,539.53
2022-03-28 01:54:39,539.53
2022-03-28 01:54:44,539.59
2022-03-28 01:54:49,539.66
2022-03-28 01:54:54,539.69
2022-03-28 01:54:59,539.75
2022-03-28 01:55:04,539.89
2022-03-28 01:55:09,539.88
2022-03-28 01:55:14,539.98
2022-03-28 01:55:19,540.05
2022-03-28 01:55:24,540.11
2022-03-28 01:55:29,540.18
2022-03-28 01:55:34,540.21
2022-03-28 01:55:39,540.27
2022-03-28 01:55:44,540.34
2022-03-28 01:55:49,540.4
2022-03-28 01:55:54,540.44
2022-03-28 01:55:59,540.44
2022-03-28 01:56:04,540.5
2022-03-28 01:56:09,540.63
2022-03-28 01:56:14,540.63
2022-03-28 01:56:19,540.69
2022-03-28 01:56:24,540.72
2022-03-28 01:56:29,540.72
2022-03-28 01:56:34,540.72
2022-03-28 01:56:39,540.79
2022-03-28 01:56:44,540.85
2022-03-28 01:56:49,540.92
2022-03-28 01:56:54,540.95
2022-03-28 01:56:59,540.95
2022-03-28 01:57:04,541.01
2022-03-28 01:57:09,541.14
2022-03-28 01:57:14,541.14
2022-03-28 01:57:19,541.21
2022-03-28 01:57:24,541.24
2022-03-28 01:57:29,541.3
2022-03-28 01:57:34,541.37
2022-03-28 01:57:39,541.46
2022-03-28 01:57:44,541.53
2022-03-28 01:57:49,541.59
2022-03-28 01:57:54,541.65
2022-03-28 01:57:59,541.72
2022-03-28 01:58:04,541.75
2022-03-28 01:58:09,541.82
2022-03-28 01:58:14,541.88
2022-03-28 01:58:19,541.97
2022-03-28 01:58:24,541.97
2022-03-28 01:58:29,542.1
2022-03-28 01:58:34,542.16
2022-03-28 01:58:39,542.26
2022-03-28 01:58:44,542.26
2022-03-28 01:58:49,542.33
2022-03-28 01:58:54,542.39
2022-03-28 01:58:59,542.45
2022-03-28 01:59:04,542.48
2022-03-28 01:59:09,542.48
2022-03-28 01:59:14,542.55
2022-03-28 01:59:19,542.55
2022-03-28 01:59:24,542.54
2022-03-28 01:59:29,542.54
2022-03-28 01:59:34,542.61
2022-03-28 01:59:39,542.54
2022-03-28 01:59:44,542.61
2022-03-28 01:59:49,542.61
2022-03-28 01:59:54,542.54
2022-03-28 01:59:59,542.54
2022-03-28 02:00:04,542.54
2022-03-28 02:00:09,542.54
2022-03-28 02:00:14,542.6
2022-03-28 02:00:19,537.71
2022-03-28 02:00:24,542.54
2022-03-28 02:00:29,542.54
2022-03-28 02:00:34,542.54
2022-03-28 02:00:39,542.47
2022-03-28 02:00:44,542.47
2022-03-28 02:00:49,542.47
2022-03-28 02:00:54,542.44
2022-03-28 02:00:59,542.44
2022-03-28 02:01:04,542.37
2022-03-28 02:01:09,542.37
2022-03-28 02:01:14,542.37
2022-03-28 02:01:19,542.3
2022-03-28 02:01:24,542.3
2022-03-28 02:01:29,542.24
2022-03-28 02:01:34,542.21
2022-03-28 02:01:39,542.14
2022-03-28 02:01:44,542.14
2022-03-28 02:01:49,542.08
2022-03-28 02:01:54,542.01
2022-03-28 02:01:59,541.95
2022-03-28 02:02:04,541.92
2022-03-28 02:02:09,541.85
2022-03-28 02:02:14,541.85
2022-03-28 02:02:19,541.79
2022-03-28 02:02:24,541.79
2022-03-28 02:02:29,541.69
2022-03-28 02:02:34,541.62
2022-03-28 02:02:39,541.56
2022-03-28 02:02:44,541.49
2022-03-28 02:02:49,541.43
2022-03-28 02:02:54,541.4
2022-03-28 02:02:59,541.33
2022-03-28 02:03:04,541.27
2022-03-28 02:03:09,541.21
2022-03-28 02:03:14,541.17
2022-03-28 02:03:19,541.17
2022-03-28 02:03:24,541.04
2022-03-28 02:03:29,541.04
2022-03-28 02:03:34,540.92
2022-03-28 02:03:39,540.92
2022-03-28 02:03:44,540.82
2022-03-28 02:03:49,540.82
2022-03-28 02:03:54,540.76
2022-03-28 02:03:59,540.69
2022-03-28 02:04:04,540.66
2022-03-28 02:04:09,540.59
2022-03-28 02:04:14,540.53
2022-03-28 02:04:19,540.47
2022-03-28 02:04:24,540.37
2022-03-28 02:04:29,540.24
2022-03-28 02:04:34,540.24
2022-03-28 02:04:39,540.18
2022-03-28 02:04:44,540.08
2022-03-28 02:04:49,540.08
2022-03-28 02:04:54,540.02
2022-03-28 02:04:59,539.89
2022-03-28 02:05:04,539.79
2022-03-28 02:05:09,539.86
2022-03-28 02:05:14,539.73
2022-03-28 02:05:19,539.63
2022-03-28 02:05:24,539.63
2022-03-28 02:05:29,539.44
2022-03-28 02:05:34,539.44
2022-03-28 02:05:39,539.37
2022-03-28 02:05:44,539.28
2022-03-28 02:05:49,539.22
2022-03-28 02:05:54,539.15
2022-03-28 02:05:59,539.12
2022-03-28 02:06:04,538.99
2022-03-28 02:06:09,538.99
2022-03-28 02:06:14,538.93
2022-03-28 02:06:19,538.86
2022-03-28 02:06:24,538.83
2022-03-28 02:06:29,538.77
2022-03-28 02:06:34,538.7
2022-03-28 02:06:39,538.6
2022-03-28 02:06:44,538.54
2022-03-28 02:06:49,538.47
2022-03-28 02:06:54,538.41
2022-03-28 02:06:59,538.41
2022-03-28 02:07:04,538.31
2022-03-28 02:07:09,538.31
2022-03-28 02:07:14,538.25
2022-03-28 02:07:19,538.12
2022-03-28 02:07:24,538.09
2022-03-28 02:07:29,538.02
2022-03-28 02:07:34,537.89
2022-03-28 02:07:39,537.89
2022-03-28 02:07:44,537.83
2022-03-28 02:07:49,537.79
2022-03-28 02:07:54,537.67
2022-03-28 02:07:59,537.67
2022-03-28 02:08:04,537.6
2022-03-28 02:08:09,537.6
2022-03-28 02:08:14,537.5
2022-03-28 02:08:19,537.44
2022-03-28 02:08:24,537.37
2022-03-28 02:08:29,537.37
2022-03-28 02:08:34,537.27
2022-03-28 02:08:39,537.27
2022-03-28 02:08:44,537.21
2022-03-28 02:08:49,537.14
2022-03-28 02:08:54,537.08
2022-03-28 02:08:59,537.05
2022-03-28 02:09:04,536.98
2022-03-28 02:09:09,536.92
2022-03-28 02:09:14,536.85
2022-03-28 02:09:19,536.79
2022-03-28 02:09:24,536.75
2022-03-28 02:09:29,536.68
2022-03-28 02:09:34,536.69
2022-03-28 02:09:39,536.56
2022-03-28 02:09:44,536.55
2022-03-28 02:09:49,536.53
2022-03-28 02:09:54,536.46
2022-03-28 02:09:59,536.46
2022-03-28 02:10:04,536.45
2022-03-28 02:10:09,536.45
2022-03-28 02:10:14,536.39
2022-03-28 02:10:19,536.33
2022-03-28 02:10:24,536.33
2022-03-28 02:10:29,536.32
2022-03-28 02:10:34,536.32
2022-03-28 02:10:39,536.32
2022-03-28 02:10:44,536.32
2022-03-28 02:10:49,536.32
2022-03-28 02:10:54,536.25
2022-03-28 02:10:59,536.25
2022-03-28 02:11:04,536.32
2022-03-28 02:11:09,536.25
2022-03-28 02:11:14,536.25
2022-03-28 02:11:19,536.24
2022-03-28 02:11:24,536.24
2022-03-28 02:11:29,536.24
2022-03-28 02:11:34,536.24
2022-03-28 02:11:39,536.24
2022-03-28 02:11:44,536.24
2022-03-28 02:11:49,536.24
2022-03-28 02:11:54,536.3
2022-03-28 02:11:59,536.3
2022-03-28 02:12:04,536.37
2022-03-28 02:12:09,536.36
2022-03-28 02:12:14,536.43
2022-03-28 02:12:19,536.43
2022-03-28 02:12:24,536.49
2022-03-28 02:12:29,536.52
2022-03-28 02:12:34,536.52
2022-03-28 02:12:39,536.59
2022-03-28 02:12:44,536.59
2022-03-28 02:12:49,536.65
2022-03-28 02:12:54,536.74
2022-03-28 02:12:59,536.74
2022-03-28 02:13:04,536.87
2022-03-28 02:13:09,536.87
2022-03-28 02:13:14,537.0
2022-03-28 02:13:19,537.0
2022-03-28 02:13:24,537.1
2022-03-28 02:13:29,537.16
2022-03-28 02:13:34,537.23
2022-03-28 02:13:39,537.32
2022-03-28 02:13:44,537.38
2022-03-28 02:13:49,537.45
2022-03-28 02:13:54,537.55
2022-03-28 02:13:59,537.61
2022-03-28 02:14:04,537.67
2022-03-28 02:14:09,537.74
2022-03-28 02:14:14,537.84
2022-03-28 02:14:19,537.9
2022-03-28 02:14:24,538.03
2022-03-28 02:14:29,538.12
2022-03-28 02:14:34,538.19
2022-03-28 02:14:39,538.25
2022-03-28 02:14:44,538.35
2022-03-28 02:14:49,538.41
2022-03-28 02:14:54,538.54
2022-03-28 02:14:59,538.54
2022-03-28 02:15:04,538.64
2022-03-28 02:15:09,538.77
2022-03-28 02:15:14,538.8
2022-03-28 02:15:19,538.93
2022-03-28 02:15:24,538.99
2022-03-28 02:15:29,539.05
2022-03-28 02:15:34,539.15
2022-03-28 02:15:39,539.22
2022-03-28 02:15:44,539.28
2022-03-28 02:15:49,539.38
2022-03-28 02:15:54,539.5
2022-03-28 02:15:59,539.6
2022-03-28 02:16:04,539.73
2022-03-28 02:16:09,539.8
2022-03-28 02:16:14,539.89
2022-03-28 02:16:19,540.02
2022-03-28 02:16:24,540.18
2022-03-28 02:16:29,540.25
2022-03-28 02:16:34,540.31
2022-03-28 02:16:39,540.41
2022-03-28 02:16:44,540.54
2022-03-28 02:16:49,540.63
2022-03-28 02:16:54,540.7
2022-03-28 02:16:59,540.83
2022-03-28 02:17:04,540.86
2022-03-28 02:17:09,540.99
2022-03-28 02:17:14,541.05
2022-03-28 02:17:19,541.15
2022-03-28 02:17:24,541.28
2022-03-28 02:17:29,541.35
2022-03-28 02:17:34,541.38
2022-03-28 02:17:39,541.51
2022-03-28 02:17:44,541.57
2022-03-28 02:17:49,541.64
2022-03-28 02:17:54,541.67
2022-03-28 02:17:59,541.73
2022-03-28 02:18:04,541.73
2022-03-28 02:18:09,541.86
2022-03-28 02:18:14,541.86
2022-03-28 02:18:19,541.96
2022-03-28 02:18:24,541.96
2022-03-28 02:18:29,542.02
2022-03-28 02:18:34,542.15
2022-03-28 02:18:39,542.15
2022-03-28 02:18:44,542.19
2022-03-28 02:18:49,542.25
2022-03-28 02:18:54,542.31
2022-03-28 02:18:59,542.38
2022-03-28 02:19:04,542.41
2022-03-28 02:19:09,542.48
2022-03-28 02:19:14,542.54
2022-03-28 02:19:19,542.6
2022-03-28 02:19:24,542.61
2022-03-28 02:19:29,542.67
2022-03-28 02:19:34,542.7
2022-03-28 02:19:39,542.7
2022-03-28 02:19:44,542.83
2022-03-28 02:19:49,542.89
2022-03-28 02:19:54,542.89
2022-03-28 02:19:59,542.93
2022-03-28 02:20:04,542.93
2022-03-28 02:20:09,542.93
2022-03-28 02:20:14,542.99
2022-03-28 02:20:19,543.06
2022-03-28 02:20:24,543.06
2022-03-28 02:20:29,543.06
2022-03-28 02:20:34,543.19
2022-03-28 02:20:39,543.18
2022-03-28 02:20:44,543.18
2022-03-28 02:20:49,543.22
2022-03-28 02:20:54,543.22
2022-03-28 02:20:59,543.28
2022-03-28 02:21:04,543.28
2022-03-28 02:21:09,543.28
2022-03-28 02:21:14,543.28
2022-03-28 02:21:19,543.28
2022-03-28 02:21:24,543.28
2022-03-28 02:21:29,543.28
2022-03-28 02:21:34,543.28
2022-03-28 02:21:39,543.28
2022-03-28 02:21:44,543.28
2022-03-28 02:21:49,543.22
2022-03-28 02:21:54,543.22
2022-03-28 02:21:59,543.22
2022-03-28 02:22:04,543.22
2022-03-28 02:22:09,543.22
2022-03-28 02:22:14,543.22
2022-03-28 02:22:19,543.19
2022-03-28 02:22:24,543.19
2022-03-28 02:22:29,543.19
2022-03-28 02:22:34,543.19
2022-03-28 02:22:39,543.19
2022-03-28 02:22:44,543.19
2022-03-28 02:22:49,537.71
2022-03-28 02:22:54,543.13
2022-03-28 02:22:59,543.06
2022-03-28 02:23:04,543.06
2022-03-28 02:23:09,543.0
2022-03-28 02:23:14,543.06
2022-03-28 02:23:19,543.0
2022-03-28 02:23:24,543.06
2022-03-28 02:23:29,543.0
2022-03-28 02:23:34,543.0
2022-03-28 02:23:39,542.94
2022-03-28 02:23:44,542.94
2022-03-28 02:23:49,542.91
2022-03-28 02:23:54,542.91
2022-03-28 02:23:59,542.84
2022-03-28 02:24:04,542.84
2022-03-28 02:24:09,542.78
2022-03-28 02:24:14,542.78
2022-03-28 02:24:19,542.72
2022-03-28 02:24:24,542.68
2022-03-28 02:24:29,542.62
2022-03-28 02:24:34,542.69
2022-03-28 02:24:39,542.62
2022-03-28 02:24:44,542.56
2022-03-28 02:24:49,542.56
2022-03-28 02:24:54,542.56
2022-03-28 02:24:59,542.56
2022-03-28 02:25:04,542.56
2022-03-28 02:25:09,542.5
2022-03-28 02:25:14,542.44
2022-03-28 02:25:19,542.4
2022-03-28 02:25:24,542.44
2022-03-28 02:25:29,542.44
2022-03-28 02:25:34,542.41
2022-03-28 02:25:39,542.41
2022-03-28 02:25:44,542.41
2022-03-28 02:25:49,542.34
2022-03-28 02:25:54,542.34
2022-03-28 02:25:59,542.34
2022-03-28 02:26:04,542.35
2022-03-28 02:26:09,542.35
2022-03-28 02:26:14,542.28
2022-03-28 02:26:19,542.28
2022-03-28 02:26:24,542.28
2022-03-28 02:26:29,542.22
2022-03-28 02:26:34,542.19
2022-03-28 02:26:39,542.22
2022-03-28 02:26:44,542.22
2022-03-28 02:26:49,542.19
2022-03-28 02:26:54,542.19
2022-03-28 02:26:59,542.13
2022-03-28 02:27:04,542.13
2022-03-28 02:27:09,542.13
2022-03-28 02:27:14,542.13
2022-03-28 02:27:19,542.06
2022-03-28 02:27:24,542.06
2022-03-28 02:27:29,542.0
2022-03-28 02:27:34,542.0
2022-03-28 02:27:39,542.0
2022-03-28 02:27:44,542.0
2022-03-28 02:27:49,541.94
2022-03-28 02:27:54,541.91
2022-03-28 02:27:59,541.91
2022-03-28 02:28:04,541.84
2022-03-28 02:28:09,541.84
2022-03-28 02:28:14,541.78
2022-03-28 02:28:19,541.78
2022-03-28 02:28:24,541.71
2022-03-28 02:28:29,541.68
2022-03-28 02:28:34,541.68
2022-03-28 02:28:39,541.62
2022-03-28 02:28:44,541.55
2022-03-28 02:28:49,541.49
2022-03-28 02:28:54,541.42
2022-03-28 02:28:59,541.39
2022-03-28 02:29:04,541.33
2022-03-28 02:29:09,541.27
2022-03-28 02:29:14,541.17
2022-03-28 02:29:19,541.17
2022-03-28 02:29:24,541.04
2022-03-28 02:29:29,541.04
2022-03-28 02:29:34,540.97
2022-03-28 02:29:39,540.91
2022-03-28 02:29:44,540.91
2022-03-28 02:29:49,540.81
2022-03-28 02:29:54,540.81
2022-03-28 02:29:59,540.68
2022-03-28 02:30:04,540.68
2022-03-28 02:30:09,540.68
2022-03-28 02:30:14,540.65
2022-03-28 02:30:19,540.59
2022-03-28 02:30:24,540.52
2022-03-28 02:30:29,540.45
2022-03-28 02:30:34,540.39
2022-03-28 02:30:39,540.35
2022-03-28 02:30:44,540.29
2022-03-28 02:30:49,540.29
2022-03-28 02:30:54,540.22
2022-03-28 02:30:59,540.22
2022-03-28 02:31:04,540.16
2022-03-28 02:31:09,540.13
2022-03-28 02:31:14,540.06
2022-03-28 02:31:19,540.06
2022-03-28 02:31:24,540.0
2022-03-28 02:31:29,539.93
2022-03-28 02:31:34,539.93
2022-03-28 02:31:39,539.87
2022-03-28 02:31:44,539.84
2022-03-28 02:31:49,539.83
2022-03-28 02:31:54,539.77
2022-03-28 02:31:59,539.7
2022-03-28 02:32:04,539.64
2022-03-28 02:32:09,539.64
2022-03-28 02:32:14,539.6
2022-03-28 02:32:19,539.6
2022-03-28 02:32:24,539.6
2022-03-28 02:32:29,539.54
2022-03-28 02:32:34,539.54
2022-03-28 02:32:39,539.48
2022-03-28 02:32:44,539.47
2022-03-28 02:32:49,539.47
2022-03-28 02:32:54,539.47
2022-03-28 02:32:59,539.41
2022-03-28 02:33:04,539.41
2022-03-28 02:33:09,539.41
2022-03-28 02:33:14,539.41
2022-03-28 02:33:19,539.41
2022-03-28 02:33:24,539.41
2022-03-28 02:33:29,539.4
2022-03-28 02:33:34,539.41
2022-03-28 02:33:39,539.41
2022-03-28 02:33:44,539.34
2022-03-28 02:33:49,539.34
2022-03-28 02:33:54,539.34
2022-03-28 02:33:59,539.31
2022-03-28 02:34:04,539.31
2022-03-28 02:34:09,539.31
2022-03-28 02:34:14,539.31
2022-03-28 02:34:19,539.24
2022-03-28 02:34:24,539.24
2022-03-28 02:34:29,539.18
2022-03-28 02:34:34,539.11
2022-03-28 02:34:39,539.11
2022-03-28 02:34:44,539.08
2022-03-28 02:34:49,539.08
2022-03-28 02:34:54,539.01
2022-03-28 02:34:59,539.01
2022-03-28 02:35:04,538.95
2022-03-28 02:35:09,538.89
2022-03-28 02:35:14,538.89
2022-03-28 02:35:19,538.89
2022-03-28 02:35:24,538.79
2022-03-28 02:35:29,538.79
2022-03-28 02:35:34,538.79
2022-03-28 02:35:39,538.73
2022-03-28 02:35:44,538.73
2022-03-28 02:35:49,538.73
2022-03-28 02:35:54,538.66
2022-03-28 02:35:59,538.6
2022-03-28 02:36:04,538.6
2022-03-28 02:36:09,538.6
2022-03-28 02:36:14,538.57
2022-03-28 02:36:19,538.5
2022-03-28 02:36:24,538.57
2022-03-28 02:36:29,538.5
2022-03-28 02:36:34,538.5
2022-03-28 02:36:39,538.44
2022-03-28 02:36:44,538.44
2022-03-28 02:36:49,538.37
2022-03-28 02:36:54,538.37
2022-03-28 02:36:59,538.37
2022-03-28 02:37:04,538.31
2022-03-28 02:37:09,538.31
2022-03-28 02:37:14,538.31
2022-03-28 02:37:19,538.31
2022-03-28 02:37:24,538.31
2022-03-28 02:37:29,538.28
2022-03-28 02:37:34,538.31
2022-03-28 02:37:39,538.31
2022-03-28 02:37:44,538.31
2022-03-28 02:37:49,538.28
2022-03-28 02:37:54,538.31
2022-03-28 02:37:59,538.32
2022-03-28 02:38:04,538.32
2022-03-28 02:38:09,538.38
2022-03-28 02:38:14,538.38
2022-03-28 02:38:19,538.38
2022-03-28 02:38:24,538.38
2022-03-28 02:38:29,538.38
2022-03-28 02:38:34,538.45
2022-03-28 02:38:39,538.45
2022-03-28 02:38:44,538.45
2022-03-28 02:38:49,538.51
2022-03-28 02:38:54,538.51
2022-03-28 02:38:59,538.51
2022-03-28 02:39:04,538.51
2022-03-28 02:39:09,538.58
2022-03-28 02:39:14,538.61
2022-03-28 02:39:19,538.61
2022-03-28 02:39:24,538.61
2022-03-28 02:39:29,538.68
2022-03-28 02:39:34,538.74
2022-03-28 02:39:39,538.74
2022-03-28 02:39:44,538.8
2022-03-28 02:39:49,538.84
2022-03-28 02:39:54,538.83
2022-03-28 02:39:59,538.83
2022-03-28 02:40:04,538.9
2022-03-28 02:40:09,538.96
2022-03-28 02:40:14,538.96
2022-03-28 02:40:19,539.03
2022-03-28 02:40:24,539.03
2022-03-28 02:40:29,539.09
2022-03-28 02:40:34,539.09
2022-03-28 02:40:39,539.09
2022-03-28 02:40:44,539.09
2022-03-28 02:40:49,539.12
2022-03-28 02:40:54,539.19
2022-03-28 02:40:59,539.18
2022-03-28 02:41:04,539.18
2022-03-28 02:41:09,539.18
2022-03-28 02:41:14,539.19
2022-03-28 02:41:19,539.18
2022-03-28 02:41:24,539.18
2022-03-28 02:41:29,539.18
2022-03-28 02:41:34,539.18
2022-03-28 02:41:39,539.18
2022-03-28 02:41:44,539.18
2022-03-28 02:41:49,539.11
2022-03-28 02:41:54,539.11
2022-03-28 02:41:59,539.11
2022-03-28 02:42:04,539.11
2022-03-28 02:42:09,539.11
2022-03-28 02:42:14,539.11
2022-03-28 02:42:19,539.11
2022-03-28 02:42:24,539.08
2022-03-28 02:42:29,539.01
2022-03-28 02:42:34,539.07
2022-03-28 02:42:39,539.01
2022-03-28 02:42:44,538.95
2022-03-28 02:42:49,539.01
2022-03-28 02:42:54,538.94
2022-03-28 02:42:59,538.94
2022-03-28 02:43:04,538.94
2022-03-28 02:43:09,538.94
2022-03-28 02:43:14,538.94
2022-03-28 02:43:19,538.94
2022-03-28 02:43:24,538.94
2022-03-28 02:43:29,538.94
2022-03-28 02:43:34,538.94
2022-03-28 02:43:39,538.87
2022-03-28 02:43:44,538.87
2022-03-28 02:43:49,538.87
2022-03-28 02:43:54,538.87
2022-03-28 02:43:59,538.87
2022-03-28 02:44:04,538.86
2022-03-28 02:44:09,538.86
2022-03-28 02:44:14,538.93
2022-03-28 02:44:19,538.86
2022-03-28 02:44:24,538.86
2022-03-28 02:44:29,538.86
2022-03-28 02:44:34,538.86
2022-03-28 02:44:39,538.86
2022-03-28 02:44:44,538.86
2022-03-28 02:44:49,538.86
2022-03-28 02:44:54,538.86
2022-03-28 02:44:59,538.86
2022-03-28 02:45:04,538.86
2022-03-28 02:45:09,538.86
2022-03-28 02:45:14,538.86
2022-03-28 02:45:19,538.86
2022-03-28 02:45:24,538.92
2022-03-28 02:45:29,538.92
2022-03-28 02:45:34,538.92
2022-03-28 02:45:39,538.92
2022-03-28 02:45:44,538.98
2022-03-28 02:45:49,538.98
2022-03-28 02:45:54,538.98
2022-03-28 02:45:59,538.98
2022-03-28 02:46:04,538.98
2022-03-28 02:46:09,538.98
2022-03-28 02:46:14,538.98
2022-03-28 02:46:19,538.98
2022-03-28 02:46:24,538.98
2022-03-28 02:46:29,538.98
2022-03-28 02:46:34,539.05
2022-03-28 02:46:39,539.04
2022-03-28 02:46:44,539.08
2022-03-28 02:46:49,539.08
2022-03-28 02:46:54,539.14
2022-03-28 02:46:59,539.08
2022-03-28 02:47:04,539.08
2022-03-28 02:47:09,539.14
2022-03-28 02:47:14,539.14
2022-03-28 02:47:19,539.14
2022-03-28 02:47:24,539.21
2022-03-28 02:47:29,539.21
2022-03-28 02:47:34,539.27
2022-03-28 02:47:39,539.3
2022-03-28 02:47:44,539.31
2022-03-28 02:47:49,539.27
2022-03-28 02:47:54,539.31
2022-03-28 02:47:59,539.37
2022-03-28 02:48:04,539.37
2022-03-28 02:48:09,539.44
2022-03-28 02:48:14,539.5
2022-03-28 02:48:19,539.57
2022-03-28 02:48:24,537.71
2022-03-28 02:48:29,539.6
2022-03-28 02:48:34,539.6
2022-03-28 02:48:39,539.66
2022-03-28 02:48:44,539.73
2022-03-28 02:48:49,539.79
2022-03-28 02:48:54,539.73
2022-03-28 02:48:59,539.79
2022-03-28 02:49:04,539.83
2022-03-28 02:49:09,539.83
2022-03-28 02:49:14,539.89
2022-03-28 02:49:19,539.83
2022-03-28 02:49:24,539.83
2022-03-28 02:49:29,539.89
2022-03-28 02:49:34,539.89
2022-03-28 02:49:39,539.96
2022-03-28 02:49:44,539.96
2022-03-28 02:49:49,539.96
2022-03-28 02:49:54,540.02
2022-03-28 02:49:59,539.96
2022-03-28 02:50:04,540.03
2022-03-28 02:50:09,540.03
2022-03-28 02:50:14,540.03
2022-03-28 02:50:19,540.09
2022-03-28 02:50:24,540.09
2022-03-28 02:50:29,540.09
2022-03-28 02:50:34,540.12
2022-03-28 02:50:39,540.12
2022-03-28 02:50:44,540.12
2022-03-28 02:50:49,540.13
2022-03-28 02:50:54,540.12
2022-03-28 02:50:59,540.13
2022-03-28 02:51:04,540.13
2022-03-28 02:51:09,540.13
2022-03-28 02:51:14,540.13
2022-03-28 02:51:19,540.19
2022-03-28 02:51:24,540.19
2022-03-28 02:51:29,540.13
2022-03-28 02:51:34,540.13
2022-03-28 02:51:39,540.19
2022-03-28 02:51:44,540.13
2022-03-28 02:51:49,540.2
2022-03-28 02:51:54,540.13
2022-03-28 02:51:59,540.19
2022-03-28 02:52:04,540.26
2022-03-28 02:52:09,540.2
2022-03-28 02:52:14,540.2
2022-03-28 02:52:19,540.2
2022-03-28 02:52:24,540.2
2022-03-28 02:52:29,540.2
2022-03-28 02:52:34,540.26
2022-03-28 02:52:39,540.26
2022-03-28 02:52:44,540.26
2022-03-28 02:52:49,540.27
2022-03-28 02:52:54,540.27
2022-03-28 02:52:59,540.27
2022-03-28 02:53:04,540.26
2022-03-28 02:53:09,540.33
2022-03-28 02:53:14,540.33
2022-03-28 02:53:19,540.33
2022-03-28 02:53:24,540.33
2022-03-28 02:53:29,540.33
2022-03-28 02:53:34,540.33
2022-03-28 02:53:39,540.33
2022-03-28 02:53:44,540.27
2022-03-28 02:53:49,540.27
2022-03-28 02:53:54,540.27
2022-03-28 02:53:59,540.27
2022-03-28 02:54:04,540.27
2022-03-28 02:54:09,540.2
2022-03-28 02:54:14,540.27
2022-03-28 02:54:19,540.27
2022-03-28 02:54:24,540.27
2022-03-28 02:54:29,540.2
2022-03-28 02:54:34,540.27
2022-03-28 02:54:39,540.27
2022-03-28 02:54:44,540.27
2022-03-28 02:54:49,540.27
2022-03-28 02:54:54,540.27
2022-03-28 02:54:59,540.27
2022-03-28 02:55:04,540.27
2022-03-28 02:55:09,540.34
2022-03-28 02:55:14,540.27
2022-03-28 02:55:19,540.21
2022-03-28 02:55:24,537.71
2022-03-28 02:55:29,540.21
2022-03-28 02:55:34,540.21
2022-03-28 02:55:39,540.21
2022-03-28 02:55:44,540.15
2022-03-28 02:55:49,540.11
2022-03-28 02:55:54,540.11
2022-03-28 02:55:59,540.05
2022-03-28 02:56:04,540.05
2022-03-28 02:56:09,539.99
2022-03-28 02:56:14,540.05
2022-03-28 02:56:19,539.99
2022-03-28 02:56:24,539.99
2022-03-28 02:56:29,539.99
2022-03-28 02:56:34,539.86
2022-03-28 02:56:39,539.86
2022-03-28 02:56:44,539.86
2022-03-28 02:56:49,539.83
2022-03-28 02:56:54,539.83
2022-03-28 02:56:59,539.7
2022-03-28 02:57:04,539.7
2022-03-28 02:57:09,539.7
2022-03-28 02:57:14,539.64
2022-03-28 02:57:19,539.64
2022-03-28 02:57:24,539.61
2022-03-28 02:57:29,539.61
2022-03-28 02:57:34,539.55
2022-03-28 02:57:39,539.55
2022-03-28 02:57:44,539.48
2022-03-28 02:57:49,539.49
2022-03-28 02:57:54,539.49
2022-03-28 02:57:59,539.55
2022-03-28 02:58:04,539.49
2022-03-28 02:58:09,539.49
2022-03-28 02:58:14,539.49
2022-03-28 02:58:19,539.43
2022-03-28 02:58:24,539.43
2022-03-28 02:58:29,539.49
2022-03-28 02:58:34,539.43
2022-03-28 02:58:39,539.37
2022-03-28 02:58:44,539.43
2022-03-28 02:58:49,539.43
2022-03-28 02:58:54,539.43
2022-03-28 02:58:59,539.43
2022-03-28 02:59:04,539.43
2022-03-28 02:59:09,539.43
2022-03-28 02:59:14,539.44
2022-03-28 02:59:19,539.44
2022-03-28 02:59:24,539.44
2022-03-28 02:59:29,539.44
2022-03-28 02:59:34,539.44
2022-03-28 02:59:39,539.44
2022-03-28 02:59:44,539.44
2022-03-28 02:59:49,539.51
2022-03-28 02:59:54,539.44
2022-03-28 02:59:59,539.44
2022-03-28 03:00:04,539.51
2022-03-28 03:00:09,539.51
2022-03-28 03:00:14,539.51
2022-03-28 03:00:19,539.57
2022-03-28 03:00:24,539.51
2022-03-28 03:00:29,539.51
2022-03-28 03:00:34,539.44
2022-03-28 03:00:39,539.45
2022-03-28 03:00:44,539.51
2022-03-28 03:00:49,539.51
2022-03-28 03:00:54,539.51
2022-03-28 03:00:59,539.45
2022-03-28 03:01:04,539.51
2022-03-28 03:01:09,539.45
2022-03-28 03:01:14,539.44
2022-03-28 03:01:19,539.51
2022-03-28 03:01:24,539.45
2022-03-28 03:01:29,539.44
2022-03-28 03:01:34,539.45
2022-03-28 03:01:39,539.45
2022-03-28 03:01:44,539.45
2022-03-28 03:01:49,539.51
2022-03-28 03:01:54,539.38
2022-03-28 03:01:59,539.45
2022-03-28 03:02:04,539.45
2022-03-28 03:02:09,539.45
2022-03-28 03:02:14,539.45
2022-03-28 03:02:19,539.38
2022-03-28 03:02:24,539.38
2022-03-28 03:02:29,539.38
2022-03-28 03:02:34,539.38
2022-03-28 03:02:39,539.38
2022-03-28 03:02:44,539.35
2022-03-28 03:02:49,539.34
2022-03-28 03:02:54,539.28
2022-03-28 03:02:59,539.28
2022-03-28 03:03:04,539.28
2022-03-28 03:03:09,539.28
2022-03-28 03:03:14,539.21
2022-03-28 03:03:19,539.28
2022-03-28 03:03:24,539.21
2022-03-28 03:03:29,539.21
2022-03-28 03:03:34,539.21
2022-03-28 03:03:39,539.21
2022-03-28 03:03:44,539.21
2022-03-28 03:03:49,539.15
2022-03-28 03:03:54,539.21
2022-03-28 03:03:59,539.15
2022-03-28 03:04:04,539.14
2022-03-28 03:04:09,539.14
2022-03-28 03:04:14,539.14
2022-03-28 03:04:19,539.14
2022-03-28 03:04:24,539.14
2022-03-28 03:04:29,539.14
2022-03-28 03:04:34,539.11
2022-03-28 03:04:39,539.14
2022-03-28 03:04:44,539.14
2022-03-28 03:04:49,539.14
2022-03-28 03:04:54,539.14
2022-03-28 03:04:59,539.2
2022-03-28 03:05:04,539.1
2022-03-28 03:05:09,539.14
2022-03-28 03:05:14,539.14
2022-03-28 03:05:19,539.14
2022-03-28 03:05:24,539.13
2022-03-28 03:05:29,539.2
2022-03-28 03:05:34,539.13
2022-03-28 03:05:39,539.13
2022-03-28 03:05:44,539.1
2022-03-28 03:05:49,539.13
2022-03-28 03:05:54,539.13
2022-03-28 03:05:59,539.19
2022-03-28 03:06:04,539.13
2022-03-28 03:06:09,539.13
2022-03-28 03:06:14,539.19
2022-03-28 03:06:19,539.13
2022-03-28 03:06:24,539.19
2022-03-28 03:06:29,539.13
2022-03-28 03:06:34,539.19
2022-03-28 03:06:39,539.19
2022-03-28 03:06:44,539.19
2022-03-28 03:06:49,539.19
2022-03-28 03:06:54,539.25
2022-03-28 03:06:59,539.26
2022-03-28 03:07:04,539.25
2022-03-28 03:07:09,539.32
2022-03-28 03:07:14,539.32
2022-03-28 03:07:19,539.35
2022-03-28 03:07:24,539.35
2022-03-28 03:07:29,539.35
2022-03-28 03:07:34,539.41
2022-03-28 03:07:39,539.41
2022-03-28 03:07:44,539.48
2022-03-28 03:07:49,539.54
2022-03-28 03:07:54,539.54
2022-03-28 03:07:59,539.54
2022-03-28 03:08:04,539.61
2022-03-28 03:08:09,539.61
2022-03-28 03:08:14,539.6
2022-03-28 03:08:19,539.64
2022-03-28 03:08:24,539.64
2022-03-28 03:08:29,539.7
2022-03-28 03:08:34,539.64
2022-03-28 03:08:39,539.77
2022-03-28 03:08:44,539.77
2022-03-28 03:08:49,539.83
2022-03-28 03:08:54,539.83
2022-03-28 03:08:59,539.84
2022-03-28 03:09:04,539.86
2022-03-28 03:09:09,539.86
2022-03-28 03:09:14,539.93
2022-03-28 03:09:19,539.93
2022-03-28 03:09:24,540.0
2022-03-28 03:09:29,540.0
2022-03-28 03:09:34,540.06
2022-03-28 03:09:39,540.06
2022-03-28 03:09:44,540.06
2022-03-28 03:09:49,540.13
2022-03-28 03:09:54,540.13
2022-03-28 03:09:59,540.13
2022-03-28 03:10:04,540.16
2022-03-28 03:10:09,540.16
2022-03-28 03:10:14,540.16
2022-03-28 03:10:19,540.22
2022-03-28 03:10:24,540.22
2022-03-28 03:10:29,540.29
2022-03-28 03:10:34,540.29
2022-03-28 03:10:39,540.29
2022-03-28 03:10:44,540.29
2022-03-28 03:10:49,540.35
2022-03-28 03:10:54,540.35
2022-03-28 03:10:59,540.35
2022-03-28 03:11:04,540.35
2022-03-28 03:11:09,540.39
2022-03-28 03:11:14,540.39
2022-03-28 03:11:19,540.35
2022-03-28 03:11:24,540.38
2022-03-28 03:11:29,540.38
2022-03-28 03:11:34,540.38
2022-03-28 03:11:39,540.39
2022-03-28 03:11:44,540.45
2022-03-28 03:11:49,540.45
2022-03-28 03:11:54,540.45
2022-03-28 03:11:59,540.45
2022-03-28 03:12:04,540.45
2022-03-28 03:12:09,540.51
2022-03-28 03:12:14,540.51
2022-03-28 03:12:19,540.51
2022-03-28 03:12:24,540.51
2022-03-28 03:12:29,540.51
2022-03-28 03:12:34,540.58
2022-03-28 03:12:39,540.51
2022-03-28 03:12:44,540.51
2022-03-28 03:12:49,540.51
2022-03-28 03:12:54,540.51
2022-03-28 03:12:59,540.51
2022-03-28 03:13:04,540.51
2022-03-28 03:13:09,540.51
2022-03-28 03:13:14,540.51
2022-03-28 03:13:19,540.5
2022-03-28 03:13:24,540.5
2022-03-28 03:13:29,540.5
2022-03-28 03:13:34,540.5
2022-03-28 03:13:39,540.5
2022-03-28 03:13:44,540.5
2022-03-28 03:13:49,540.5
2022-03-28 03:13:54,540.5
2022-03-28 03:13:59,540.44
2022-03-28 03:14:04,540.43
2022-03-28 03:14:09,540.43
2022-03-28 03:14:14,540.43
2022-03-28 03:14:19,540.43
2022-03-28 03:14:24,540.43
2022-03-28 03:14:29,540.36
2022-03-28 03:14:34,540.36
2022-03-28 03:14:39,540.36
2022-03-28 03:14:44,540.36
2022-03-28 03:14:49,540.36
2022-03-28 03:14:54,540.36
2022-03-28 03:14:59,540.32
2022-03-28 03:15:04,540.36
2022-03-28 03:15:09,540.36
2022-03-28 03:15:14,540.32
2022-03-28 03:15:19,540.32
2022-03-28 03:15:24,540.32
2022-03-28 03:15:29,540.32
2022-03-28 03:15:34,540.32
2022-03-28 03:15:39,540.32
2022-03-28 03:15:44,540.25
2022-03-28 03:15:49,540.25
2022-03-28 03:15:54,540.25
2022-03-28 03:15:59,540.25
2022-03-28 03:16:04,540.24
2022-03-28 03:16:09,540.24
2022-03-28 03:16:14,540.18
2022-03-28 03:16:19,540.18
2022-03-28 03:16:24,540.24
2022-03-28 03:16:29,540.24
2022-03-28 03:16:34,540.3
2022-03-28 03:16:39,540.24
2022-03-28 03:16:44,540.3
2022-03-28 03:16:49,540.3
2022-03-28 03:16:54,540.3
2022-03-28 03:16:59,540.3
2022-03-28 03:17:04,540.3
2022-03-28 03:17:09,540.3
2022-03-28 03:17:14,540.3
2022-03-28 03:17:19,540.29
2022-03-28 03:17:24,540.29
2022-03-28 03:17:29,540.23
2022-03-28 03:17:34,540.23
2022-03-28 03:17:39,540.17
2022-03-28 03:17:44,540.17
2022-03-28 03:17:49,540.1
2022-03-28 03:17:54,540.07
2022-03-28 03:17:59,540.07
2022-03-28 03:18:04,540.0
2022-03-28 03:18:09,540.0
2022-03-28 03:18:14,539.87
2022-03-28 03:18:19,539.87
2022-03-28 03:18:24,539.81
2022-03-28 03:18:29,539.81
2022-03-28 03:18:34,539.71
2022-03-28 03:18:39,539.71
2022-03-28 03:18:44,539.64
2022-03-28 03:18:49,539.55
2022-03-28 03:18:54,539.55
2022-03-28 03:18:59,539.48
2022-03-28 03:19:04,539.42
2022-03-28 03:19:09,539.35
2022-03-28 03:19:14,539.29
2022-03-28 03:19:19,539.26
2022-03-28 03:19:24,539.19
2022-03-28 03:19:29,539.06
2022-03-28 03:19:34,539.06
2022-03-28 03:19:39,538.97
2022-03-28 03:19:44,538.9
2022-03-28 03:19:49,538.84
2022-03-28 03:19:54,538.77
2022-03-28 03:19:59,538.74
2022-03-28 03:20:04,538.67
2022-03-28 03:20:09,538.55
2022-03-28 03:20:14,538.51
2022-03-28 03:20:19,538.45
2022-03-28 03:20:24,538.39
2022-03-28 03:20:29,538.32
2022-03-28 03:20:34,538.22
2022-03-28 03:20:39,538.16
2022-03-28 03:20:44,538.03
2022-03-28 03:20:49,538.0
2022-03-28 03:20:54,537.94
2022-03-28 03:20:59,537.81
2022-03-28 03:21:04,537.71
2022-03-28 03:21:09,537.65
2022-03-28 03:21:14,537.52
2022-03-28 03:21:19,537.42
2022-03-28 03:21:24,537.36
2022-03-28 03:21:29,537.29
2022-03-28 03:21:34,537.2
2022-03-28 03:21:39,537.07
2022-03-28 03:21:44,537.0
2022-03-28 03:21:49,536.91
2022-03-28 03:21:54,536.84
2022-03-28 03:21:59,536.84
2022-03-28 03:22:04,536.68
2022-03-28 03:22:09,536.68
2022-03-28 03:22:14,536.55
2022-03-28 03:22:19,536.55
2022-03-28 03:22:24,536.49
2022-03-28 03:22:29,536.46
2022-03-28 03:22:34,536.39
2022-03-28 03:22:39,536.33
2022-03-28 03:22:44,536.26
2022-03-28 03:22:49,536.2
2022-03-28 03:22:54,536.17
2022-03-28 03:22:59,536.17
2022-03-28 03:23:04,536.1
2022-03-28 03:23:09,536.04
2022-03-28 03:23:14,536.04
2022-03-28 03:23:19,535.97
2022-03-28 03:23:24,535.94
2022-03-28 03:23:29,535.97
2022-03-28 03:23:34,535.94
2022-03-28 03:23:39,535.94
2022-03-28 03:23:44,535.94
2022-03-28 03:23:49,535.88
2022-03-28 03:23:54,535.88
2022-03-28 03:23:59,535.88
2022-03-28 03:24:04,535.88
2022-03-28 03:24:09,535.88
2022-03-28 03:24:14,535.81
2022-03-28 03:24:19,535.75
2022-03-28 03:24:24,535.75
2022-03-28 03:24:29,535.75
2022-03-28 03:24:34,535.68
2022-03-28 03:24:39,535.69
2022-03-28 03:24:44,535.69
2022-03-28 03:24:49,535.75
2022-03-28 03:24:54,535.75
2022-03-28 03:24:59,535.68
2022-03-28 03:25:04,535.75
2022-03-28 03:25:09,535.69
2022-03-28 03:25:14,535.69
2022-03-28 03:25:19,535.69
2022-03-28 03:25:24,535.75
2022-03-28 03:25:29,535.75
2022-03-28 03:25:34,535.75
2022-03-28 03:25:39,535.75
2022-03-28 03:25:44,535.82
2022-03-28 03:25:49,535.82
2022-03-28 03:25:54,535.82
2022-03-28 03:25:59,535.88
2022-03-28 03:26:04,535.82
2022-03-28 03:26:09,535.88
2022-03-28 03:26:14,535.88
2022-03-28 03:26:19,535.95
2022-03-28 03:26:24,535.95
2022-03-28 03:26:29,535.95
2022-03-28 03:26:34,535.95
2022-03-28 03:26:39,535.98
2022-03-28 03:26:44,536.04
2022-03-28 03:26:49,535.98
2022-03-28 03:26:54,536.04
2022-03-28 03:26:59,536.04
2022-03-28 03:27:04,536.04
2022-03-28 03:27:09,536.11
2022-03-28 03:27:14,536.04
2022-03-28 03:27:19,536.11
2022-03-28 03:27:24,536.11
2022-03-28 03:27:29,536.11
2022-03-28 03:27:34,536.18
2022-03-28 03:27:39,536.18
2022-03-28 03:27:44,536.21
2022-03-28 03:27:49,536.21
2022-03-28 03:27:54,536.27
2022-03-28 03:27:59,536.27
2022-03-28 03:28:04,536.27
2022-03-28 03:28:09,536.34
2022-03-28 03:28:14,536.34
2022-03-28 03:28:19,536.4
2022-03-28 03:28:24,536.4
2022-03-28 03:28:29,536.47
2022-03-28 03:28:34,536.47
2022-03-28 03:28:39,536.5
2022-03-28 03:28:44,536.47
2022-03-28 03:28:49,536.5
2022-03-28 03:28:54,536.5
2022-03-28 03:28:59,536.51
2022-03-28 03:29:04,536.57
2022-03-28 03:29:09,536.57
2022-03-28 03:29:14,536.57
2022-03-28 03:29:19,536.64
2022-03-28 03:29:24,536.64
2022-03-28 03:29:29,536.7
2022-03-28 03:29:34,536.64
2022-03-28 03:29:39,536.7
2022-03-28 03:29:44,536.7
2022-03-28 03:29:49,536.71
2022-03-28 03:29:54,536.74
2022-03-28 03:29:59,536.74
2022-03-28 03:30:04,536.8
2022-03-28 03:30:09,536.8
2022-03-28 03:30:14,536.81
2022-03-28 03:30:19,536.81
2022-03-28 03:30:24,536.87
2022-03-28 03:30:29,536.87
2022-03-28 03:30:34,536.87
2022-03-28 03:30:39,536.87
2022-03-28 03:30:44,536.87
2022-03-28 03:30:49,536.94
2022-03-28 03:30:54,536.94
2022-03-28 03:30:59,536.94
2022-03-28 03:31:04,537.0
2022-03-28 03:31:09,536.94
2022-03-28 03:31:14,537.0
2022-03-28 03:31:19,537.01
2022-03-28 03:31:24,537.0
2022-03-28 03:31:29,537.01
2022-03-28 03:31:34,537.01
2022-03-28 03:31:39,537.0
2022-03-28 03:31:44,537.1
2022-03-28 03:31:49,537.04
2022-03-28 03:31:54,537.04
2022-03-28 03:31:59,537.1
2022-03-28 03:32:04,537.1
2022-03-28 03:32:09,537.1
2022-03-28 03:32:14,537.1
2022-03-28 03:32:19,537.1
2022-03-28 03:32:24,537.17
2022-03-28 03:32:29,537.17
2022-03-28 03:32:34,537.17
2022-03-28 03:32:39,537.17
2022-03-28 03:32:44,537.24
2022-03-28 03:32:49,537.24
2022-03-28 03:32:54,537.27
2022-03-28 03:32:59,537.24
2022-03-28 03:33:04,537.27
2022-03-28 03:33:09,537.27
2022-03-28 03:33:14,537.33
2022-03-28 03:33:19,537.33
2022-03-28 03:33:24,537.4
2022-03-28 03:33:29,537.4
2022-03-28 03:33:34,537.46
2022-03-28 03:33:39,537.46
2022-03-28 03:33:44,537.53
2022-03-28 03:33:49,537.53
2022-03-28 03:33:54,537.56
2022-03-28 03:33:59,537.53
2022-03-28 03:34:04,537.56
2022-03-28 03:34:09,537.56
2022-03-28 03:34:14,537.62
2022-03-28 03:34:19,537.62
2022-03-28 03:34:24,537.62
2022-03-28 03:34:29,537.69
2022-03-28 03:34:34,537.69
2022-03-28 03:34:39,537.75
2022-03-28 03:34:44,537.75
2022-03-28 03:34:49,537.75
2022-03-28 03:34:54,537.78
2022-03-28 03:34:59,537.85
2022-03-28 03:35:04,537.85
2022-03-28 03:35:09,537.91
2022-03-28 03:35:14,537.91
2022-03-28 03:35:19,537.97
2022-03-28 03:35:24,537.97
2022-03-28 03:35:29,537.97
2022-03-28 03:35:34,538.04
2022-03-28 03:35:39,538.07
2022-03-28 03:35:44,538.07
2022-03-28 03:35:49,538.13
2022-03-28 03:35:54,538.13
2022-03-28 03:35:59,538.19
2022-03-28 03:36:04,538.2
2022-03-28 03:36:09,538.26
2022-03-28 03:36:14,538.29
2022-03-28 03:36:19,538.29
2022-03-28 03:36:24,538.35
2022-03-28 03:36:29,538.35
2022-03-28 03:36:34,538.42
2022-03-28 03:36:39,538.48
2022-03-28 03:36:44,538.48
2022-03-28 03:36:49,538.55
2022-03-28 03:36:54,538.55
2022-03-28 03:36:59,538.58
2022-03-28 03:37:04,538.64
2022-03-28 03:37:09,538.64
2022-03-28 03:37:14,538.64
2022-03-28 03:37:19,538.64
2022-03-28 03:37:24,538.71
2022-03-28 03:37:29,538.71
2022-03-28 03:37:34,538.7
2022-03-28 03:37:39,538.7
2022-03-28 03:37:44,538.77
2022-03-28 03:37:49,538.71
2022-03-28 03:37:54,538.7
2022-03-28 03:37:59,538.7
2022-03-28 03:38:04,538.77
2022-03-28 03:38:09,538.77
2022-03-28 03:38:14,538.77
2022-03-28 03:38:19,538.76
2022-03-28 03:38:24,538.8
2022-03-28 03:38:29,538.8
2022-03-28 03:38:34,538.86
2022-03-28 03:38:39,538.8
2022-03-28 03:38:44,538.8
2022-03-28 03:38:49,538.86
2022-03-28 03:38:54,538.86
2022-03-28 03:38:59,538.93
2022-03-28 03:39:04,538.86
2022-03-28 03:39:09,538.86
2022-03-28 03:39:14,538.92
2022-03-28 03:39:19,538.92
2022-03-28 03:39:24,538.92
2022-03-28 03:39:29,538.86
2022-03-28 03:39:34,538.92
2022-03-28 03:39:39,538.92
2022-03-28 03:39:44,538.92
2022-03-28 03:39:49,538.86
2022-03-28 03:39:54,538.86
2022-03-28 03:39:59,538.92
2022-03-28 03:40:04,538.86
2022-03-28 03:40:09,538.86
2022-03-28 03:40:14,538.86
2022-03-28 03:40:19,538.86
2022-03-28 03:40:24,538.86
2022-03-28 03:40:29,538.8
2022-03-28 03:40:34,538.86
2022-03-28 03:40:39,538.86
2022-03-28 03:40:44,538.86
2022-03-28 03:40:49,538.86
2022-03-28 03:40:54,538.92
2022-03-28 03:40:59,538.86
2022-03-28 03:41:04,538.86
2022-03-28 03:41:09,538.86
2022-03-28 03:41:14,538.86
2022-03-28 03:41:19,538.86
2022-03-28 03:41:24,538.86
2022-03-28 03:41:29,538.86
2022-03-28 03:41:34,538.86
2022-03-28 03:41:39,538.86
2022-03-28 03:41:44,538.86
2022-03-28 03:41:49,538.86
2022-03-28 03:41:54,538.86
2022-03-28 03:41:59,538.86
2022-03-28 03:42:04,538.86
2022-03-28 03:42:09,538.93
2022-03-28 03:42:14,538.93
2022-03-28 03:42:19,538.93
2022-03-28 03:42:24,538.87
2022-03-28 03:42:29,538.93
2022-03-28 03:42:34,538.93
2022-03-28 03:42:39,538.93
2022-03-28 03:42:44,538.93
2022-03-28 03:42:49,538.93
2022-03-28 03:42:54,538.93
2022-03-28 03:42:59,538.93
2022-03-28 03:43:04,538.93
2022-03-28 03:43:09,538.87
2022-03-28 03:43:14,538.87
2022-03-28 03:43:19,538.87
2022-03-28 03:43:24,538.87
2022-03-28 03:43:29,538.87
2022-03-28 03:43:34,538.87
2022-03-28 03:43:39,538.87
2022-03-28 03:43:44,538.87
2022-03-28 03:43:49,538.87
2022-03-28 03:43:54,538.87
2022-03-28 03:43:59,538.94
2022-03-28 03:44:04,538.88
2022-03-28 03:44:09,538.88
2022-03-28 03:44:14,538.88
2022-03-28 03:44:19,538.88
2022-03-28 03:44:24,538.87
2022-03-28 03:44:29,538.87
2022-03-28 03:44:34,538.87
2022-03-28 03:44:39,538.88
2022-03-28 03:44:44,538.81
2022-03-28 03:44:49,538.81
2022-03-28 03:44:54,538.81
2022-03-28 03:44:59,538.81
2022-03-28 03:45:04,538.81
2022-03-28 03:45:09,538.81
2022-03-28 03:45:14,538.81
2022-03-28 03:45:19,538.78
2022-03-28 03:45:24,538.81
2022-03-28 03:45:29,538.81
2022-03-28 03:45:34,538.81
2022-03-28 03:45:39,538.81
2022-03-28 03:45:44,538.78
2022-03-28 03:45:49,538.81
2022-03-28 03:45:54,538.81
2022-03-28 03:45:59,538.81
2022-03-28 03:46:04,538.81
2022-03-28 03:46:09,538.81
2022-03-28 03:46:14,538.81
2022-03-28 03:46:19,538.81
2022-03-28 03:46:24,538.87
2022-03-28 03:46:29,538.81
2022-03-28 03:46:34,538.81
2022-03-28 03:46:39,538.81
2022-03-28 03:46:44,538.87
2022-03-28 03:46:49,538.81
2022-03-28 03:46:54,538.8
2022-03-28 03:46:59,538.87
2022-03-28 03:47:04,538.87
2022-03-28 03:47:09,538.87
2022-03-28 03:47:14,538.87
2022-03-28 03:47:19,538.87
2022-03-28 03:47:24,538.87
2022-03-28 03:47:29,538.86
2022-03-28 03:47:34,538.86
2022-03-28 03:47:39,538.86
2022-03-28 03:47:44,538.92
2022-03-28 03:47:49,538.86
2022-03-28 03:47:54,538.86
2022-03-28 03:47:59,538.86
2022-03-28 03:48:04,538.86
2022-03-28 03:48:09,538.85
2022-03-28 03:48:14,538.86
2022-03-28 03:48:19,538.86
2022-03-28 03:48:24,538.85
2022-03-28 03:48:29,538.85
2022-03-28 03:48:34,538.85
2022-03-28 03:48:39,538.78
2022-03-28 03:48:44,538.79
2022-03-28 03:48:49,538.75
2022-03-28 03:48:54,538.79
2022-03-28 03:48:59,538.75
2022-03-28 03:49:04,538.78
2022-03-28 03:49:09,538.78
2022-03-28 03:49:14,538.78
2022-03-28 03:49:19,538.75
2022-03-28 03:49:24,538.68
2022-03-28 03:49:29,538.68
2022-03-28 03:49:34,538.68
2022-03-28 03:49:39,538.74
2022-03-28 03:49:44,538.68
2022-03-28 03:49:49,538.68
2022-03-28 03:49:54,538.61
2022-03-28 03:49:59,538.61
2022-03-28 03:50:04,538.61
2022-03-28 03:50:09,538.61
2022-03-28 03:50:14,538.55
2022-03-28 03:50:19,538.54
2022-03-28 03:50:24,538.54
2022-03-28 03:50:29,538.51
2022-03-28 03:50:34,538.51
2022-03-28 03:50:39,538.51
2022-03-28 03:50:44,538.44
2022-03-28 03:50:49,538.51
2022-03-28 03:50:54,538.44
2022-03-28 03:50:59,538.38
2022-03-28 03:51:04,538.38
2022-03-28 03:51:09,538.38
2022-03-28 03:51:14,538.38
2022-03-28 03:51:19,538.31
2022-03-28 03:51:24,538.25
2022-03-28 03:51:29,538.25
2022-03-28 03:51:34,538.21
2022-03-28 03:51:39,538.21
2022-03-28 03:51:44,538.21
2022-03-28 03:51:49,538.21
2022-03-28 03:51:54,538.15
2022-03-28 03:51:59,538.08
2022-03-28 03:52:04,538.08
2022-03-28 03:52:09,538.08
2022-03-28 03:52:14,538.02
2022-03-28 03:52:19,537.99
2022-03-28 03:52:24,537.99
2022-03-28 03:52:29,537.98
2022-03-28 03:52:34,537.92
2022-03-28 03:52:39,537.92
2022-03-28 03:52:44,537.86
2022-03-28 03:52:49,537.86
2022-03-28 03:52:54,537.79
2022-03-28 03:52:59,537.79
2022-03-28 03:53:04,537.79
2022-03-28 03:53:09,537.73
2022-03-28 03:53:14,537.79
2022-03-28 03:53:19,537.79
2022-03-28 03:53:24,537.79
2022-03-28 03:53:29,537.73
2022-03-28 03:53:34,537.73
2022-03-28 03:53:39,537.79
2022-03-28 03:53:44,537.73
2022-03-28 03:53:49,537.73
2022-03-28 03:53:54,537.73
2022-03-28 03:53:59,537.73
2022-03-28 03:54:04,537.73
2022-03-28 03:54:09,537.73
2022-03-28 03:54:14,537.79
2022-03-28 03:54:19,537.73
2022-03-28 03:54:24,537.79
2022-03-28 03:54:29,537.79
2022-03-28 03:54:34,537.79
2022-03-28 03:54:39,537.8
2022-03-28 03:54:44,537.79
2022-03-28 03:54:49,537.79
2022-03-28 03:54:54,537.8
2022-03-28 03:54:59,537.8
2022-03-28 03:55:04,537.8
2022-03-28 03:55:09,537.79
2022-03-28 03:55:14,537.79
2022-03-28 03:55:19,537.8
2022-03-28 03:55:24,537.8
2022-03-28 03:55:29,537.79
2022-03-28 03:55:34,537.8
2022-03-28 03:55:39,537.8
2022-03-28 03:55:44,537.8
2022-03-28 03:55:49,537.79
2022-03-28 03:55:54,537.79
2022-03-28 03:55:59,537.79
2022-03-28 03:56:04,537.79
2022-03-28 03:56:09,537.86
2022-03-28 03:56:14,537.86
2022-03-28 03:56:19,537.86
2022-03-28 03:56:24,537.93
2022-03-28 03:56:29,537.86
2022-03-28 03:56:34,537.92
2022-03-28 03:56:39,537.92
2022-03-28 03:56:44,537.92
2022-03-28 03:56:49,537.98
2022-03-28 03:56:54,537.98
2022-03-28 03:56:59,538.02
2022-03-28 03:57:04,538.01
2022-03-28 03:57:09,538.01
2022-03-28 03:57:14,538.08
2022-03-28 03:57:19,538.08
2022-03-28 03:57:24,538.08
2022-03-28 03:57:29,538.08
2022-03-28 03:57:34,538.21
2022-03-28 03:57:39,538.14
2022-03-28 03:57:44,538.21
2022-03-28 03:57:49,538.2
2022-03-28 03:57:54,538.24
2022-03-28 03:57:59,538.23
2022-03-28 03:58:04,538.23
2022-03-28 03:58:09,538.3
2022-03-28 03:58:14,538.36
2022-03-28 03:58:19,538.36
2022-03-28 03:58:24,538.36
2022-03-28 03:58:29,538.36
2022-03-28 03:58:34,538.36
2022-03-28 03:58:39,538.42
2022-03-28 03:58:44,538.42
2022-03-28 03:58:49,538.42
2022-03-28 03:58:54,538.48
2022-03-28 03:58:59,538.42
2022-03-28 03:59:04,538.48
2022-03-28 03:59:09,538.48
2022-03-28 03:59:14,538.51
2022-03-28 03:59:19,538.51
2022-03-28 03:59:24,538.51
2022-03-28 03:59:29,538.58
2022-03-28 03:59:34,538.57
2022-03-28 03:59:39,538.57
2022-03-28 03:59:44,538.57
2022-03-28 03:59:49,538.63
2022-03-28 03:59:54,538.63
2022-03-28 03:59:59,538.69
2022-03-28 04:00:04,538.69
2022-03-28 04:00:09,538.72
2022-03-28 04:00:14,538.72
2022-03-28 04:00:19,538.72
2022-03-28 04:00:24,538.72
2022-03-28 04:00:29,538.72
2022-03-28 04:00:34,538.72
2022-03-28 04:00:39,538.78
2022-03-28 04:00:44,538.78
2022-03-28 04:00:49,538.78
2022-03-28 04:00:54,538.78
2022-03-28 04:00:59,538.84
2022-03-28 04:01:04,538.77
2022-03-28 04:01:09,538.84
2022-03-28 04:01:14,538.84
2022-03-28 04:01:19,538.83
2022-03-28 04:01:24,538.84
2022-03-28 04:01:29,538.9
2022-03-28 04:01:34,538.9
2022-03-28 04:01:39,538.9
2022-03-28 04:01:44,538.9
2022-03-28 04:01:49,538.89
2022-03-28 04:01:54,538.89
2022-03-28 04:01:59,538.89
2022-03-28 04:02:04,538.89
2022-03-28 04:02:09,538.83
2022-03-28 04:02:14,538.83
2022-03-28 04:02:19,538.76
2022-03-28 04:02:24,538.76
2022-03-28 04:02:29,538.7
2022-03-28 04:02:34,538.7
2022-03-28 04:02:39,538.66
2022-03-28 04:02:44,538.6
2022-03-28 04:02:49,538.54
2022-03-28 04:02:54,538.47
2022-03-28 04:02:59,538.47
2022-03-28 04:03:04,538.44
2022-03-28 04:03:09,538.44
2022-03-28 04:03:14,538.37
2022-03-28 04:03:19,538.31
2022-03-28 04:03:24,538.31
2022-03-28 04:03:29,538.24
2022-03-28 04:03:34,538.18
2022-03-28 04:03:39,538.18
2022-03-28 04:03:44,538.08
2022-03-28 04:03:49,538.08
2022-03-28 04:03:54,538.02
2022-03-28 04:03:59,537.95
2022-03-28 04:04:04,537.92
2022-03-28 04:04:09,537.92
2022-03-28 04:04:14,537.85
2022-03-28 04:04:19,537.79
2022-03-28 04:04:24,537.73
2022-03-28 04:04:29,537.66
2022-03-28 04:04:34,537.63
2022-03-28 04:04:39,537.56
2022-03-28 04:04:44,537.56
2022-03-28 04:04:49,537.5
2022-03-28 04:04:54,537.5
2022-03-28 04:04:59,537.44
2022-03-28 04:05:04,537.44
2022-03-28 04:05:09,537.4
2022-03-28 04:05:14,537.4
2022-03-28 04:05:19,537.4
2022-03-28 04:05:24,537.4
2022-03-28 04:05:29,537.34
2022-03-28 04:05:34,537.34
2022-03-28 04:05:39,537.34
2022-03-28 04:05:44,537.34
2022-03-28 04:05:49,537.34
2022-03-28 04:05:54,537.34
2022-03-28 04:05:59,537.34
2022-03-28 04:06:04,537.34
2022-03-28 04:06:09,537.28
2022-03-28 04:06:14,537.28
2022-03-28 04:06:19,537.28
2022-03-28 04:06:24,537.28
2022-03-28 04:06:29,537.21
2022-03-28 04:06:34,537.15
2022-03-28 04:06:39,537.15
2022-03-28 04:06:44,537.15
2022-03-28 04:06:49,537.12
2022-03-28 04:06:54,537.12
2022-03-28 04:06:59,537.12
2022-03-28 04:07:04,536.99
2022-03-28 04:07:09,536.99
2022-03-28 04:07:14,536.99
2022-03-28 04:07:19,536.93
2022-03-28 04:07:24,536.92
2022-03-28 04:07:29,536.92
2022-03-28 04:07:34,536.89
2022-03-28 04:07:39,536.89
2022-03-28 04:07:44,536.83
2022-03-28 04:07:49,536.82
2022-03-28 04:07:54,536.83
2022-03-28 04:07:59,536.82
2022-03-28 04:08:04,536.76
2022-03-28 04:08:09,536.76
2022-03-28 04:08:14,536.7
2022-03-28 04:08:19,536.7
2022-03-28 04:08:24,536.63
2022-03-28 04:08:29,536.63
2022-03-28 04:08:34,536.63
2022-03-28 04:08:39,536.63
2022-03-28 04:08:44,536.6
2022-03-28 04:08:49,536.6
2022-03-28 04:08:54,536.6
2022-03-28 04:08:59,536.53
2022-03-28 04:09:04,536.53
2022-03-28 04:09:09,536.46
2022-03-28 04:09:14,536.46
2022-03-28 04:09:19,536.46
2022-03-28 04:09:24,536.4
2022-03-28 04:09:29,536.4
2022-03-28 04:09:34,536.4
2022-03-28 04:09:39,536.4
2022-03-28 04:09:44,536.4
2022-03-28 04:09:49,536.36
2022-03-28 04:09:54,536.39
2022-03-28 04:09:59,536.39
2022-03-28 04:10:04,536.39
2022-03-28 04:10:09,536.36
2022-03-28 04:10:14,536.36
2022-03-28 04:10:19,536.35
2022-03-28 04:10:24,536.35
2022-03-28 04:10:29,536.35
2022-03-28 04:10:34,536.35
2022-03-28 04:10:39,536.35
2022-03-28 04:10:44,536.35
2022-03-28 04:10:49,536.35
2022-03-28 04:10:54,536.35
2022-03-28 04:10:59,536.35
2022-03-28 04:11:04,536.35
2022-03-28 04:11:09,536.34
2022-03-28 04:11:14,536.35
2022-03-28 04:11:19,536.34
2022-03-28 04:11:24,536.34
2022-03-28 04:11:29,536.34
2022-03-28 04:11:34,536.34
2022-03-28 04:11:39,536.34
2022-03-28 04:11:44,536.34
2022-03-28 04:11:49,536.34
2022-03-28 04:11:54,536.34
2022-03-28 04:11:59,536.37
2022-03-28 04:12:04,536.36
2022-03-28 04:12:09,536.36
2022-03-28 04:12:14,536.36
2022-03-28 04:12:19,536.36
2022-03-28 04:12:24,536.36
2022-03-28 04:12:29,536.36
2022-03-28 04:12:34,536.42
2022-03-28 04:12:39,536.35
2022-03-28 04:12:44,536.42
2022-03-28 04:12:49,536.48
2022-03-28 04:12:54,536.48
2022-03-28 04:12:59,536.48
2022-03-28 04:13:04,536.48
2022-03-28 04:13:09,536.48
2022-03-28 04:13:14,536.54
2022-03-28 04:13:19,536.47
2022-03-28 04:13:24,536.47
2022-03-28 04:13:29,536.54
2022-03-28 04:13:34,536.54
2022-03-28 04:13:39,536.54
2022-03-28 04:13:44,536.57
2022-03-28 04:13:49,536.57
2022-03-28 04:13:54,536.57
2022-03-28 04:13:59,536.63
2022-03-28 04:14:04,536.63
2022-03-28 04:14:09,536.63
2022-03-28 04:14:14,536.69
2022-03-28 04:14:19,536.69
2022-03-28 04:14:24,536.76
2022-03-28 04:14:29,536.75
2022-03-28 04:14:34,536.75
2022-03-28 04:14:39,536.82
2022-03-28 04:14:44,536.82
2022-03-28 04:14:49,536.85
2022-03-28 04:14:54,536.85
2022-03-28 04:14:59,536.85
2022-03-28 04:15:04,536.92
2022-03-28 04:15:09,536.98
2022-03-28 04:15:14,536.98
2022-03-28 04:15:19,536.98
2022-03-28 04:15:24,537.04
2022-03-28 04:15:29,537.04
2022-03-28 04:15:34,537.07
2022-03-28 04:15:39,537.07
2022-03-28 04:15:44,537.14
2022-03-28 04:15:49,537.14
2022-03-28 04:15:54,537.2
2022-03-28 04:15:59,537.2
2022-03-28 04:16:04,537.27
2022-03-28 04:16:09,537.26
2022-03-28 04:16:14,537.27
2022-03-28 04:16:19,537.33
2022-03-28 04:16:24,537.36
2022-03-28 04:16:29,537.36
2022-03-28 04:16:34,537.36
2022-03-28 04:16:39,537.36
2022-03-28 04:16:44,537.43
2022-03-28 04:16:49,537.43
2022-03-28 04:16:54,537.43
2022-03-28 04:16:59,537.43
2022-03-28 04:17:04,537.43
2022-03-28 04:17:09,537.43
2022-03-28 04:17:14,537.43
2022-03-28 04:17:19,537.49
2022-03-28 04:17:24,537.49
2022-03-28 04:17:29,537.49
2022-03-28 04:17:34,537.56
2022-03-28 04:17:39,537.56
2022-03-28 04:17:44,537.56
2022-03-28 04:17:49,537.56
2022-03-28 04:17:54,537.56
2022-03-28 04:17:59,537.59
2022-03-28 04:18:04,537.66
2022-03-28 04:18:09,537.66
2022-03-28 04:18:14,537.66
2022-03-28 04:18:19,537.66
2022-03-28 04:18:24,537.72
2022-03-28 04:18:29,537.72
2022-03-28 04:18:34,537.72
2022-03-28 04:18:39,537.72
2022-03-28 04:18:44,537.78
2022-03-28 04:18:49,537.78
2022-03-28 04:18:54,537.78
2022-03-28 04:18:59,537.78
2022-03-28 04:19:04,537.85
2022-03-28 04:19:09,537.78
2022-03-28 04:19:14,537.78
2022-03-28 04:19:19,537.85
2022-03-28 04:19:24,537.85
2022-03-28 04:19:29,537.78
2022-03-28 04:19:34,537.85
2022-03-28 04:19:39,537.85
2022-03-28 04:19:44,537.85
2022-03-28 04:19:49,537.85
2022-03-28 04:19:54,537.85
2022-03-28 04:19:59,537.85
2022-03-28 04:20:04,537.88
2022-03-28 04:20:09,537.85
2022-03-28 04:20:14,537.85
2022-03-28 04:20:19,537.88
2022-03-28 04:20:24,537.94
2022-03-28 04:20:29,537.87
2022-03-28 04:20:34,537.87
2022-03-28 04:20:39,537.88
2022-03-28 04:20:44,537.94
2022-03-28 04:20:49,537.94
2022-03-28 04:20:54,537.94
2022-03-28 04:20:59,538.0
2022-03-28 04:21:04,537.94
2022-03-28 04:21:09,538.0
2022-03-28 04:21:14,537.93
2022-03-28 04:21:19,537.94
2022-03-28 04:21:24,537.94
2022-03-28 04:21:29,537.93
2022-03-28 04:21:34,537.93
2022-03-28 04:21:39,537.93
2022-03-28 04:21:44,537.93
2022-03-28 04:21:49,537.93
2022-03-28 04:21:54,537.93
2022-03-28 04:21:59,537.93
2022-03-28 04:22:04,537.86
2022-03-28 04:22:09,537.86
2022-03-28 04:22:14,537.86
2022-03-28 04:22:19,537.86
2022-03-28 04:22:24,537.86
2022-03-28 04:22:29,537.92
2022-03-28 04:22:34,537.82
2022-03-28 04:22:39,537.86
2022-03-28 04:22:44,537.86
2022-03-28 04:22:49,537.86
2022-03-28 04:22:54,537.85
2022-03-28 04:22:59,537.85
2022-03-28 04:23:04,537.85
2022-03-28 04:23:09,537.85
2022-03-28 04:23:14,537.85
2022-03-28 04:23:19,537.85
2022-03-28 04:23:24,537.85
2022-03-28 04:23:29,537.85
2022-03-28 04:23:34,537.85
2022-03-28 04:23:39,537.84
2022-03-28 04:23:44,537.84
2022-03-28 04:23:49,537.84
2022-03-28 04:23:54,537.84
2022-03-28 04:23:59,537.84
2022-03-28 04:24:04,537.84
2022-03-28 04:24:09,537.9
2022-03-28 04:24:14,537.9
2022-03-28 04:24:19,537.84
2022-03-28 04:24:24,537.83
2022-03-28 04:24:29,537.9
2022-03-28 04:24:34,537.83
2022-03-28 04:24:39,537.9
2022-03-28 04:24:44,537.89
2022-03-28 04:24:49,537.83
2022-03-28 04:24:54,537.83
2022-03-28 04:24:59,537.83
2022-03-28 04:25:04,537.83
2022-03-28 04:25:09,537.83
2022-03-28 04:25:14,537.82
2022-03-28 04:25:19,537.89
2022-03-28 04:25:24,537.89
2022-03-28 04:25:29,537.82
2022-03-28 04:25:34,537.89
2022-03-28 04:25:39,537.89
2022-03-28 04:25:44,537.89
2022-03-28 04:25:49,537.82
2022-03-28 04:25:54,537.95
2022-03-28 04:25:59,537.89
2022-03-28 04:26:04,537.95
2022-03-28 04:26:09,537.88
2022-03-28 04:26:14,537.88
2022-03-28 04:26:19,537.88
2022-03-28 04:26:24,537.88
2022-03-28 04:26:29,537.94
2022-03-28 04:26:34,537.88
2022-03-28 04:26:39,537.88
2022-03-28 04:26:44,537.94
2022-03-28 04:26:49,537.94
2022-03-28 04:26:54,537.94
2022-03-28 04:26:59,537.94
2022-03-28 04:27:04,537.94
2022-03-28 04:27:09,538.01
2022-03-28 04:27:14,538.01
2022-03-28 04:27:19,538.01
2022-03-28 04:27:24,538.04
2022-03-28 04:27:29,538.04
2022-03-28 04:27:34,538.04
2022-03-28 04:27:39,538.04
2022-03-28 04:27:44,538.04
2022-03-28 04:27:49,538.1
2022-03-28 04:27:54,538.1
2022-03-28 04:27:59,538.1
2022-03-28 04:28:04,538.17
2022-03-28 04:28:09,538.1
2022-03-28 04:28:14,538.11
2022-03-28 04:28:19,538.1
2022-03-28 04:28:24,538.1
2022-03-28 04:28:29,538.1
2022-03-28 04:28:34,538.1
2022-03-28 04:28:39,538.17
2022-03-28 04:28:44,538.1
2022-03-28 04:28:49,538.1
2022-03-28 04:28:54,538.17
2022-03-28 04:28:59,538.11
2022-03-28 04:29:04,538.17
2022-03-28 04:29:09,538.17
2022-03-28 04:29:14,538.17
2022-03-28 04:29:19,538.23
2022-03-28 04:29:24,538.17
2022-03-28 04:29:29,538.17
2022-03-28 04:29:34,538.17
2022-03-28 04:29:39,538.23
2022-03-28 04:29:44,538.23
2022-03-28 04:29:49,538.17
2022-03-28 04:29:54,538.24
2022-03-28 04:29:59,538.23
2022-03-28 04:30:04,538.23
2022-03-28 04:30:09,538.17
2022-03-28 04:30:14,538.23
2022-03-28 04:30:19,538.23
2022-03-28 04:30:24,538.17
2022-03-28 04:30:29,538.23
2022-03-28 04:30:34,538.23
2022-03-28 04:30:39,538.23
2022-03-28 04:30:44,538.23
2022-03-28 04:30:49,538.3
2022-03-28 04:30:54,538.3
2022-03-28 04:30:59,538.33
2022-03-28 04:31:04,538.33
2022-03-28 04:31:09,538.33
2022-03-28 04:31:14,538.33
2022-03-28 04:31:19,538.33
2022-03-28 04:31:24,538.33
2022-03-28 04:31:29,538.39
2022-03-28 04:31:34,538.39
2022-03-28 04:31:39,538.39
2022-03-28 04:31:44,538.39
2022-03-28 04:31:49,538.46
2022-03-28 04:31:54,538.46
2022-03-28 04:31:59,538.46
2022-03-28 04:32:04,538.45
2022-03-28 04:32:09,538.45
2022-03-28 04:32:14,538.52
2022-03-28 04:32:19,538.45
2022-03-28 04:32:24,538.52
2022-03-28 04:32:29,538.51
2022-03-28 04:32:34,538.51
2022-03-28 04:32:39,538.51
2022-03-28 04:32:44,538.54
2022-03-28 04:32:49,538.54
2022-03-28 04:32:54,538.61
2022-03-28 04:32:59,538.54
2022-03-28 04:33:04,538.54
2022-03-28 04:33:09,538.54
2022-03-28 04:33:14,538.54
2022-03-28 04:33:19,538.61
2022-03-28 04:33:24,538.6
2022-03-28 04:33:29,538.54
2022-03-28 04:33:34,538.54
2022-03-28 04:33:39,538.6
2022-03-28 04:33:44,538.54
2022-03-28 04:33:49,538.54
2022-03-28 04:33:54,538.5
2022-03-28 04:33:59,538.53
2022-03-28 04:34:04,538.5
2022-03-28 04:34:09,538.5
2022-03-28 04:34:14,538.5
2022-03-28 04:34:19,538.5
2022-03-28 04:34:24,538.5
2022-03-28 04:34:29,538.49
2022-03-28 04:34:34,538.49
2022-03-28 04:34:39,538.49
2022-03-28 04:34:44,538.49
2022-03-28 04:34:49,538.43
2022-03-28 04:34:54,538.49
2022-03-28 04:34:59,538.42
2022-03-28 04:35:04,538.49
2022-03-28 04:35:09,538.42
2022-03-28 04:35:14,538.42
2022-03-28 04:35:19,538.42
2022-03-28 04:35:24,538.29
2022-03-28 04:35:29,538.29
2022-03-28 04:35:34,538.25
2022-03-28 04:35:39,538.19
2022-03-28 04:35:44,538.12
2022-03-28 04:35:49,538.06
2022-03-28 04:35:54,538.06
2022-03-28 04:35:59,537.96
2022-03-28 04:36:04,537.96
2022-03-28 04:36:09,537.89
2022-03-28 04:36:14,537.76
2022-03-28 04:36:19,537.76
2022-03-28 04:36:24,537.66
2022-03-28 04:36:29,537.6
2022-03-28 04:36:34,537.53
2022-03-28 04:36:39,537.44
2022-03-28 04:36:44,537.37
2022-03-28 04:36:49,537.31
2022-03-28 04:36:54,537.24
2022-03-28 04:36:59,537.21
2022-03-28 04:37:04,537.14
2022-03-28 04:37:09,537.01
2022-03-28 04:37:14,536.95
2022-03-28 04:37:19,536.92
2022-03-28 04:37:24,536.85
2022-03-28 04:37:29,536.79
2022-03-28 04:37:34,536.72
2022-03-28 04:37:39,536.69
2022-03-28 04:37:44,536.62
2022-03-28 04:37:49,536.63
2022-03-28 04:37:54,536.56
2022-03-28 04:37:59,536.49
2022-03-28 04:38:04,536.43
2022-03-28 04:38:09,536.4
2022-03-28 04:38:14,536.33
2022-03-28 04:38:19,536.27
2022-03-28 04:38:24,536.27
2022-03-28 04:38:29,536.17
2022-03-28 04:38:34,536.17
2022-03-28 04:38:39,536.11
2022-03-28 04:38:44,536.04
2022-03-28 04:38:49,535.98
2022-03-28 04:38:54,535.91
2022-03-28 04:38:59,535.88
2022-03-28 04:39:04,535.82
2022-03-28 04:39:09,535.75
2022-03-28 04:39:14,535.69
2022-03-28 04:39:19,535.66
2022-03-28 04:39:24,535.59
2022-03-28 04:39:29,535.53
2022-03-28 04:39:34,535.46
2022-03-28 04:39:39,535.4
2022-03-28 04:39:44,535.37
2022-03-28 04:39:49,535.3
2022-03-28 04:39:54,535.24
2022-03-28 04:39:59,535.17
2022-03-28 04:40:04,535.14
2022-03-28 04:40:09,535.08
2022-03-28 04:40:14,535.01
2022-03-28 04:40:19,535.01
2022-03-28 04:40:24,534.95
2022-03-28 04:40:29,534.88
2022-03-28 04:40:34,534.79
2022-03-28 04:40:39,534.79
2022-03-28 04:40:44,534.73
2022-03-28 04:40:49,534.63
2022-03-28 04:40:54,534.57
2022-03-28 04:40:59,534.5
2022-03-28 04:41:04,534.44
2022-03-28 04:41:09,534.37
2022-03-28 04:41:14,534.34
2022-03-28 04:41:19,534.28
2022-03-28 04:41:24,534.15
2022-03-28 04:41:29,534.12
2022-03-28 04:41:34,534.05
2022-03-28 04:41:39,533.99
2022-03-28 04:41:44,533.86
2022-03-28 04:41:49,533.82
2022-03-28 04:41:54,533.76
2022-03-28 04:41:59,533.76
2022-03-28 04:42:04,533.63
2022-03-28 04:42:09,533.6
2022-03-28 04:42:14,533.53
2022-03-28 04:42:19,533.41
2022-03-28 04:42:24,533.34
2022-03-28 04:42:29,533.31
2022-03-28 04:42:34,533.18
2022-03-28 04:42:39,533.12
2022-03-28 04:42:44,533.09
2022-03-28 04:42:49,533.02
2022-03-28 04:42:54,532.96
2022-03-28 04:42:59,532.83
2022-03-28 04:43:04,532.83
2022-03-28 04:43:09,532.73
2022-03-28 04:43:14,532.66
2022-03-28 04:43:19,532.6
2022-03-28 04:43:24,532.57
2022-03-28 04:43:29,532.5
2022-03-28 04:43:34,532.44
2022-03-28 04:43:39,532.44
2022-03-28 04:43:44,532.31
2022-03-28 04:43:49,532.31
2022-03-28 04:43:54,532.28
2022-03-28 04:43:59,532.28
2022-03-28 04:44:04,532.21
2022-03-28 04:44:09,532.15
2022-03-28 04:44:14,532.08
2022-03-28 04:44:19,532.05
2022-03-28 04:44:24,532.05
2022-03-28 04:44:29,532.05
2022-03-28 04:44:34,531.98
2022-03-28 04:44:39,531.92
2022-03-28 04:44:44,531.92
2022-03-28 04:44:49,531.85
2022-03-28 04:44:54,531.85
2022-03-28 04:44:59,531.78
2022-03-28 04:45:04,531.78
2022-03-28 04:45:09,531.78
2022-03-28 04:45:14,531.78
2022-03-28 04:45:19,531.75
2022-03-28 04:45:24,531.75
2022-03-28 04:45:29,531.75
2022-03-28 04:45:34,531.68
2022-03-28 04:45:39,531.68
2022-03-28 04:45:44,531.68
2022-03-28 04:45:49,531.62
2022-03-28 04:45:54,531.61
2022-03-28 04:45:59,531.55
2022-03-28 04:46:04,531.55
2022-03-28 04:46:09,531.55
2022-03-28 04:46:14,531.55
2022-03-28 04:46:19,531.51
2022-03-28 04:46:24,531.51
2022-03-28 04:46:29,531.45
2022-03-28 04:46:34,531.45
2022-03-28 04:46:39,531.51
2022-03-28 04:46:44,531.38
2022-03-28 04:46:49,531.44
2022-03-28 04:46:54,531.44
2022-03-28 04:46:59,531.44
2022-03-28 04:47:04,531.44
2022-03-28 04:47:09,531.44
2022-03-28 04:47:14,531.37
2022-03-28 04:47:19,531.37
2022-03-28 04:47:24,531.37
2022-03-28 04:47:29,531.43
2022-03-28 04:47:34,531.37
2022-03-28 04:47:39,531.37
2022-03-28 04:47:44,531.3
2022-03-28 04:47:49,531.37
2022-03-28 04:47:54,531.37
2022-03-28 04:47:59,531.3
2022-03-28 04:48:04,531.37
2022-03-28 04:48:09,531.3
2022-03-28 04:48:14,531.36
2022-03-28 04:48:19,531.3
2022-03-28 04:48:24,531.3
2022-03-28 04:48:29,531.3
2022-03-28 04:48:34,531.3
2022-03-28 04:48:39,531.3
2022-03-28 04:48:44,531.36
2022-03-28 04:48:49,531.3
2022-03-28 04:48:54,531.3
2022-03-28 04:48:59,531.29
2022-03-28 04:49:04,531.29
2022-03-28 04:49:09,531.3
2022-03-28 04:49:14,531.36
2022-03-28 04:49:19,531.36
2022-03-28 04:49:24,531.36
2022-03-28 04:49:29,531.36
2022-03-28 04:49:34,531.36
2022-03-28 04:49:39,531.36
2022-03-28 04:49:44,531.36
2022-03-28 04:49:49,531.36
2022-03-28 04:49:54,531.36
2022-03-28 04:49:59,531.42
2022-03-28 04:50:04,531.36
2022-03-28 04:50:09,531.42
2022-03-28 04:50:14,531.42
2022-03-28 04:50:19,531.43
2022-03-28 04:50:24,531.42
2022-03-28 04:50:29,531.42
2022-03-28 04:50:34,531.42
2022-03-28 04:50:39,531.42
2022-03-28 04:50:44,531.43
2022-03-28 04:50:49,531.49
2022-03-28 04:50:54,531.49
2022-03-28 04:50:59,531.49
2022-03-28 04:51:04,531.52
2022-03-28 04:51:09,531.52
2022-03-28 04:51:14,531.52
2022-03-28 04:51:19,531.59
2022-03-28 04:51:24,531.59
2022-03-28 04:51:29,531.59
2022-03-28 04:51:34,531.59
2022-03-28 04:51:39,531.65
2022-03-28 04:51:44,531.65
2022-03-28 04:51:49,531.65
2022-03-28 04:51:54,531.72
2022-03-28 04:51:59,531.75
2022-03-28 04:52:04,531.75
2022-03-28 04:52:09,531.82
2022-03-28 04:52:14,531.82
2022-03-28 04:52:19,531.82
2022-03-28 04:52:24,531.82
2022-03-28 04:52:29,531.82
2022-03-28 04:52:34,537.71
2022-03-28 04:52:39,531.88
2022-03-28 04:52:44,531.89
2022-03-28 04:52:49,531.89
2022-03-28 04:52:54,531.89
2022-03-28 04:52:59,531.95
2022-03-28 04:53:04,531.95
2022-03-28 04:53:09,531.95
2022-03-28 04:53:14,537.71
2022-03-28 04:53:19,532.02
2022-03-28 04:53:24,532.02
2022-03-28 04:53:29,532.02
2022-03-28 04:53:34,532.02
2022-03-28 04:53:39,532.05
2022-03-28 04:53:44,532.05
2022-03-28 04:53:49,532.05
2022-03-28 04:53:54,532.02
2022-03-28 04:53:59,532.05
2022-03-28 04:54:04,532.05
2022-03-28 04:54:09,532.05
2022-03-28 04:54:14,532.05
2022-03-28 04:54:19,532.02
2022-03-28 04:54:24,532.02
2022-03-28 04:54:29,532.02
2022-03-28 04:54:34,532.02
2022-03-28 04:54:39,532.02
2022-03-28 04:54:44,531.96
2022-03-28 04:54:49,531.96
2022-03-28 04:54:54,531.96
2022-03-28 04:54:59,531.96
2022-03-28 04:55:04,531.96
2022-03-28 04:55:09,531.96
2022-03-28 04:55:14,531.89
2022-03-28 04:55:19,531.89
2022-03-28 04:55:24,531.89
2022-03-28 04:55:29,531.89
2022-03-28 04:55:34,531.89
2022-03-28 04:55:39,531.83
2022-03-28 04:55:44,531.89
2022-03-28 04:55:49,531.82
2022-03-28 04:55:54,531.82
2022-03-28 04:55:59,531.76
2022-03-28 04:56:04,531.83
2022-03-28 04:56:09,531.76
2022-03-28 04:56:14,531.76
2022-03-28 04:56:19,531.76
2022-03-28 04:56:24,531.76
2022-03-28 04:56:29,531.76
2022-03-28 04:56:34,531.76
2022-03-28 04:56:39,531.76
2022-03-28 04:56:44,531.76
2022-03-28 04:56:49,531.76
2022-03-28 04:56:54,531.76
2022-03-28 04:56:59,531.75
2022-03-28 04:57:04,531.76
2022-03-28 04:57:09,531.82
2022-03-28 04:57:14,531.75
2022-03-28 04:57:19,531.82
2022-03-28 04:57:24,531.75
2022-03-28 04:57:29,531.81
2022-03-28 04:57:34,531.82
2022-03-28 04:57:39,531.82
2022-03-28 04:57:44,531.81
2022-03-28 04:57:49,531.81
2022-03-28 04:57:54,531.81
2022-03-28 04:57:59,531.81
2022-03-28 04:58:04,531.81
2022-03-28 04:58:09,531.88
2022-03-28 04:58:14,531.81
2022-03-28 04:58:19,531.81
2022-03-28 04:58:24,531.87
2022-03-28 04:58:29,531.87
2022-03-28 04:58:34,531.87
2022-03-28 04:58:39,531.87
2022-03-28 04:58:44,531.93
2022-03-28 04:58:49,531.87
2022-03-28 04:58:54,531.86
2022-03-28 04:58:59,531.93
2022-03-28 04:59:04,531.93
2022-03-28 04:59:09,531.93
2022-03-28 04:59:14,531.93
2022-03-28 04:59:19,531.93
2022-03-28 04:59:24,531.99
2022-03-28 04:59:29,531.99
2022-03-28 04:59:34,531.93
2022-03-28 04:59:39,531.99
2022-03-28 04:59:44,531.99
2022-03-28 04:59:49,531.99
2022-03-28 04:59:54,531.99
2022-03-28 04:59:59,532.02
2022-03-28 05:00:04,532.02
2022-03-28 05:00:09,532.02
2022-03-28 05:00:14,532.02
2022-03-28 05:00:19,532.02
2022-03-28 05:00:24,532.02
2022-03-28 05:00:29,532.02
2022-03-28 05:00:34,532.08
2022-03-28 05:00:39,532.02
2022-03-28 05:00:44,532.02
2022-03-28 05:00:49,532.08
2022-03-28 05:00:54,532.08
2022-03-28 05:00:59,532.15
2022-03-28 05:01:04,532.08
2022-03-28 05:01:09,532.15
2022-03-28 05:01:14,532.21
2022-03-28 05:01:19,532.21
2022-03-28 05:01:24,532.21
2022-03-28 05:01:29,532.24
2022-03-28 05:01:34,532.21
2022-03-28 05:01:39,532.24
2022-03-28 05:01:44,537.71
2022-03-28 05:01:49,532.31
2022-03-28 05:01:54,532.31
2022-03-28 05:01:59,532.31
2022-03-28 05:02:04,532.31
2022-03-28 05:02:09,532.31
2022-03-28 05:02:14,532.31
2022-03-28 05:02:19,532.37
2022-03-28 05:02:24,532.31
2022-03-28 05:02:29,532.31
2022-03-28 05:02:34,532.37
2022-03-28 05:02:39,532.37
2022-03-28 05:02:44,532.38
2022-03-28 05:02:49,532.37
2022-03-28 05:02:54,532.31
2022-03-28 05:02:59,532.44
2022-03-28 05:03:04,532.38
2022-03-28 05:03:09,532.38
2022-03-28 05:03:14,532.44
2022-03-28 05:03:19,532.38
2022-03-28 05:03:24,532.44
2022-03-28 05:03:29,532.44
2022-03-28 05:03:34,532.51
2022-03-28 05:03:39,532.51
2022-03-28 05:03:44,532.45
2022-03-28 05:03:49,532.51
2022-03-28 05:03:54,532.51
2022-03-28 05:03:59,532.51
2022-03-28 05:04:04,532.51
2022-03-28 05:04:09,532.52
2022-03-28 05:04:14,532.51
2022-03-28 05:04:19,532.45
2022-03-28 05:04:24,532.45
2022-03-28 05:04:29,532.45
2022-03-28 05:04:34,532.52
2022-03-28 05:04:39,532.52
2022-03-28 05:04:44,532.45
2022-03-28 05:04:49,532.52
2022-03-28 05:04:54,532.52
2022-03-28 05:04:59,532.52
2022-03-28 05:05:04,532.46
2022-03-28 05:05:09,532.52
2022-03-28 05:05:14,532.52
2022-03-28 05:05:19,532.56
2022-03-28 05:05:24,532.56
2022-03-28 05:05:29,532.56
2022-03-28 05:05:34,532.56
2022-03-28 05:05:39,532.56
2022-03-28 05:05:44,532.56
2022-03-28 05:05:49,532.56
2022-03-28 05:05:54,532.56
2022-03-28 05:05:59,532.56
2022-03-28 05:06:04,532.62
2022-03-28 05:06:09,532.62
2022-03-28 05:06:14,532.56
2022-03-28 05:06:19,532.62
2022-03-28 05:06:24,532.62
2022-03-28 05:06:29,532.62
2022-03-28 05:06:34,532.63
2022-03-28 05:06:39,532.69
2022-03-28 05:06:44,532.69
2022-03-28 05:06:49,532.69
2022-03-28 05:06:54,532.69
2022-03-28 05:06:59,532.75
2022-03-28 05:07:04,532.69
2022-03-28 05:07:09,532.75
2022-03-28 05:07:14,532.76
2022-03-28 05:07:19,532.79
2022-03-28 05:07:24,532.79
2022-03-28 05:07:29,532.76
2022-03-28 05:07:34,532.79
2022-03-28 05:07:39,532.79
2022-03-28 05:07:44,532.85
2022-03-28 05:07:49,532.85
2022-03-28 05:07:54,532.79
2022-03-28 05:07:59,532.85
2022-03-28 05:08:04,532.85
2022-03-28 05:08:09,532.85
2022-03-28 05:08:14,532.85
2022-03-28 05:08:19,532.85
2022-03-28 05:08:24,532.92
2022-03-28 05:08:29,532.85
2022-03-28 05:08:34,532.85
2022-03-28 05:08:39,532.85
2022-03-28 05:08:44,532.85
2022-03-28 05:08:49,532.85
2022-03-28 05:08:54,532.91
2022-03-28 05:08:59,532.91
2022-03-28 05:09:04,532.91
2022-03-28 05:09:09,532.85
2022-03-28 05:09:14,532.91
2022-03-28 05:09:19,532.85
2022-03-28 05:09:24,532.91
2022-03-28 05:09:29,532.85
2022-03-28 05:09:34,532.85
2022-03-28 05:09:39,532.85
2022-03-28 05:09:44,532.85
2022-03-28 05:09:49,532.84
2022-03-28 05:09:54,532.84
2022-03-28 05:09:59,532.84
2022-03-28 05:10:04,532.84
2022-03-28 05:10:09,532.77
2022-03-28 05:10:14,532.78
2022-03-28 05:10:19,532.78
2022-03-28 05:10:24,532.74
2022-03-28 05:10:29,532.77
2022-03-28 05:10:34,532.74
2022-03-28 05:10:39,532.74
2022-03-28 05:10:44,532.74
2022-03-28 05:10:49,532.77
2022-03-28 05:10:54,532.77
2022-03-28 05:10:59,532.73
2022-03-28 05:11:04,532.73
2022-03-28 05:11:09,532.73
2022-03-28 05:11:14,532.73
2022-03-28 05:11:19,532.73
2022-03-28 05:11:24,532.67
2022-03-28 05:11:29,532.73
2022-03-28 05:11:34,532.67
2022-03-28 05:11:39,532.66
2022-03-28 05:11:44,532.66
2022-03-28 05:11:49,532.66
2022-03-28 05:11:54,532.66
2022-03-28 05:11:59,532.66
2022-03-28 05:12:04,532.66
2022-03-28 05:12:09,532.73
2022-03-28 05:12:14,532.73
2022-03-28 05:12:19,532.73
2022-03-28 05:12:24,532.73
2022-03-28 05:12:29,532.73
2022-03-28 05:12:34,532.73
2022-03-28 05:12:39,532.76
2022-03-28 05:12:44,532.76
2022-03-28 05:12:49,532.76
2022-03-28 05:12:54,532.76
2022-03-28 05:12:59,532.76
2022-03-28 05:13:04,532.76
2022-03-28 05:13:09,532.76
2022-03-28 05:13:14,532.83
2022-03-28 05:13:19,532.76
2022-03-28 05:13:24,532.76
2022-03-28 05:13:29,532.76
2022-03-28 05:13:34,532.76
2022-03-28 05:13:39,532.76
2022-03-28 05:13:44,532.76
2022-03-28 05:13:49,532.76
2022-03-28 05:13:54,532.76
2022-03-28 05:13:59,532.76
2022-03-28 05:14:04,532.76
2022-03-28 05:14:09,532.76
2022-03-28 05:14:14,532.76
2022-03-28 05:14:19,532.76
2022-03-28 05:14:24,532.76
2022-03-28 05:14:29,532.76
2022-03-28 05:14:34,532.76
2022-03-28 05:14:39,532.76
2022-03-28 05:14:44,532.76
2022-03-28 05:14:49,532.76
2022-03-28 05:14:54,532.76
2022-03-28 05:14:59,532.76
2022-03-28 05:15:04,532.76
2022-03-28 05:15:09,532.77
2022-03-28 05:15:14,532.77
2022-03-28 05:15:19,532.77
2022-03-28 05:15:24,532.83
2022-03-28 05:15:29,532.77
2022-03-28 05:15:34,532.83
2022-03-28 05:15:39,532.84
2022-03-28 05:15:44,532.84
2022-03-28 05:15:49,532.84
2022-03-28 05:15:54,532.84
2022-03-28 05:15:59,532.84
2022-03-28 05:16:04,532.77
2022-03-28 05:16:09,532.84
2022-03-28 05:16:14,532.9
2022-03-28 05:16:19,532.78
2022-03-28 05:16:24,532.78
2022-03-28 05:16:29,532.84
2022-03-28 05:16:34,532.91
2022-03-28 05:16:39,532.85
2022-03-28 05:16:44,532.78
2022-03-28 05:16:49,532.85
2022-03-28 05:16:54,532.78
2022-03-28 05:16:59,532.78
2022-03-28 05:17:04,532.78
2022-03-28 05:17:09,532.78
2022-03-28 05:17:14,532.78
2022-03-28 05:17:19,532.78
2022-03-28 05:17:24,532.85
2022-03-28 05:17:29,532.85
2022-03-28 05:17:34,532.85
2022-03-28 05:17:39,532.85
2022-03-28 05:17:44,532.85
2022-03-28 05:17:49,532.78
2022-03-28 05:17:54,532.85
2022-03-28 05:17:59,532.85
2022-03-28 05:18:04,532.92
2022-03-28 05:18:09,532.85
2022-03-28 05:18:14,532.92
2022-03-28 05:18:19,532.92
2022-03-28 05:18:24,532.92
2022-03-28 05:18:29,532.92
2022-03-28 05:18:34,532.91
2022-03-28 05:18:39,532.91
2022-03-28 05:18:44,532.92
2022-03-28 05:18:49,532.85
2022-03-28 05:18:54,532.85
2022-03-28 05:18:59,532.85
2022-03-28 05:19:04,532.85
2022-03-28 05:19:09,532.85
2022-03-28 05:19:14,532.85
2022-03-28 05:19:19,532.85
2022-03-28 05:19:24,532.85
2022-03-28 05:19:29,532.79
2022-03-28 05:19:34,532.79
2022-03-28 05:19:39,532.78
2022-03-28 05:19:44,532.78
2022-03-28 05:19:49,532.75
2022-03-28 05:19:54,532.78
2022-03-28 05:19:59,532.78
2022-03-28 05:20:04,532.75
2022-03-28 05:20:09,532.78
2022-03-28 05:20:14,532.75
2022-03-28 05:20:19,532.68
2022-03-28 05:20:24,532.68
2022-03-28 05:20:29,532.69
2022-03-28 05:20:34,532.68
2022-03-28 05:20:39,532.68
2022-03-28 05:20:44,532.62
2022-03-28 05:20:49,532.55
2022-03-28 05:20:54,532.55
2022-03-28 05:20:59,532.52
2022-03-28 05:21:04,532.55
2022-03-28 05:21:09,532.55
2022-03-28 05:21:14,532.52
2022-03-28 05:21:19,532.52
2022-03-28 05:21:24,532.52
2022-03-28 05:21:29,532.52
2022-03-28 05:21:34,532.45
2022-03-28 05:21:39,532.52
2022-03-28 05:21:44,532.51
2022-03-28 05:21:49,532.51
2022-03-28 05:21:54,537.71
2022-03-28 05:21:59,532.45
2022-03-28 05:22:04,532.45
2022-03-28 05:22:09,532.51
2022-03-28 05:22:14,532.51
2022-03-28 05:22:19,532.45
2022-03-28 05:22:24,532.45
2022-03-28 05:22:29,532.44
2022-03-28 05:22:34,532.38
2022-03-28 05:22:39,532.38
2022-03-28 05:22:44,532.37
2022-03-28 05:22:49,532.31
2022-03-28 05:22:54,532.31
2022-03-28 05:22:59,532.31
2022-03-28 05:23:04,532.25
2022-03-28 05:23:09,532.24
2022-03-28 05:23:14,532.21
2022-03-28 05:23:19,532.15
2022-03-28 05:23:24,532.15
2022-03-28 05:23:29,532.15
2022-03-28 05:23:34,532.02
2022-03-28 05:23:39,532.02
2022-03-28 05:23:44,531.99
2022-03-28 05:23:49,531.99
2022-03-28 05:23:54,531.92
2022-03-28 05:23:59,531.92
2022-03-28 05:24:04,531.86
2022-03-28 05:24:09,531.79
2022-03-28 05:24:14,531.73
2022-03-28 05:24:19,531.73
2022-03-28 05:24:24,531.73
2022-03-28 05:24:29,531.69
2022-03-28 05:24:34,531.69
2022-03-28 05:24:39,531.57
2022-03-28 05:24:44,531.57
2022-03-28 05:24:49,531.5
2022-03-28 05:24:54,531.5
2022-03-28 05:24:59,531.47
2022-03-28 05:25:04,531.4
2022-03-28 05:25:09,531.34
2022-03-28 05:25:14,531.34
2022-03-28 05:25:19,531.28
2022-03-28 05:25:24,531.21
2022-03-28 05:25:29,531.18
2022-03-28 05:25:34,531.18
2022-03-28 05:25:39,531.12
2022-03-28 05:25:44,531.05
2022-03-28 05:25:49,530.99
2022-03-28 05:25:54,530.99
2022-03-28 05:25:59,530.96
2022-03-28 05:26:04,530.95
2022-03-28 05:26:09,530.89
2022-03-28 05:26:14,530.83
2022-03-28 05:26:19,530.76
2022-03-28 05:26:24,530.7
2022-03-28 05:26:29,530.7
2022-03-28 05:26:34,530.67
2022-03-28 05:26:39,530.6
2022-03-28 05:26:44,530.61
2022-03-28 05:26:49,530.54
2022-03-28 05:26:54,530.47
2022-03-28 05:26:59,530.45
2022-03-28 05:27:04,530.38
2022-03-28 05:27:09,530.32
2022-03-28 05:27:14,530.32
2022-03-28 05:27:19,530.25
2022-03-28 05:27:24,530.25
2022-03-28 05:27:29,530.16
2022-03-28 05:27:34,530.1
2022-03-28 05:27:39,530.1
2022-03-28 05:27:44,530.03
2022-03-28 05:27:49,529.97
2022-03-28 05:27:54,529.94
2022-03-28 05:27:59,529.94
2022-03-28 05:28:04,529.87
2022-03-28 05:28:09,529.81
2022-03-28 05:28:14,529.75
2022-03-28 05:28:19,529.75
2022-03-28 05:28:24,529.68
2022-03-28 05:28:29,529.68
2022-03-28 05:28:34,529.65
2022-03-28 05:28:39,529.65
2022-03-28 05:28:44,529.65
2022-03-28 05:28:49,529.59
2022-03-28 05:28:54,529.59
2022-03-28 05:28:59,529.59
2022-03-28 05:29:04,529.53
2022-03-28 05:29:09,529.53
2022-03-28 05:29:14,529.53
2022-03-28 05:29:19,529.53
2022-03-28 05:29:24,529.46
2022-03-28 05:29:29,529.46
2022-03-28 05:29:34,529.46
2022-03-28 05:29:39,529.46
2022-03-28 05:29:44,529.46
2022-03-28 05:29:49,529.47
2022-03-28 05:29:54,529.47
2022-03-28 05:29:59,529.46
2022-03-28 05:30:04,529.43
2022-03-28 05:30:09,529.43
2022-03-28 05:30:14,529.43
2022-03-28 05:30:19,529.37
2022-03-28 05:30:24,529.37
2022-03-28 05:30:29,529.37
2022-03-28 05:30:34,529.37
2022-03-28 05:30:39,529.37
2022-03-28 05:30:44,529.3
2022-03-28 05:30:49,529.37
2022-03-28 05:30:54,529.3
2022-03-28 05:30:59,529.3
2022-03-28 05:31:04,529.24
2022-03-28 05:31:09,529.3
2022-03-28 05:31:14,529.23
2022-03-28 05:31:19,529.3
2022-03-28 05:31:24,529.24
2022-03-28 05:31:29,529.24
2022-03-28 05:31:34,529.23
2022-03-28 05:31:39,537.71
2022-03-28 05:31:44,529.17
2022-03-28 05:31:49,529.14
2022-03-28 05:31:54,529.14
2022-03-28 05:31:59,529.14
2022-03-28 05:32:04,529.07
2022-03-28 05:32:09,529.01
2022-03-28 05:32:14,529.01
2022-03-28 05:32:19,528.94
2022-03-28 05:32:24,528.91
2022-03-28 05:32:29,528.91
2022-03-28 05:32:34,528.84
2022-03-28 05:32:39,528.78
2022-03-28 05:32:44,528.78
2022-03-28 05:32:49,528.72
2022-03-28 05:32:54,528.65
2022-03-28 05:32:59,528.65
2022-03-28 05:33:04,528.62
2022-03-28 05:33:09,528.55
2022-03-28 05:33:14,528.55
2022-03-28 05:33:19,528.48
2022-03-28 05:33:24,537.71
2022-03-28 05:33:29,528.42
2022-03-28 05:33:34,528.42
2022-03-28 05:33:39,528.39
2022-03-28 05:33:44,537.71
2022-03-28 05:33:49,528.32
2022-03-28 05:33:54,528.25
2022-03-28 05:33:59,528.25
2022-03-28 05:34:04,528.25
2022-03-28 05:34:09,528.19
2022-03-28 05:34:14,528.19
2022-03-28 05:34:19,528.12
2022-03-28 05:34:24,528.12
2022-03-28 05:34:29,528.12
2022-03-28 05:34:34,528.12
2022-03-28 05:34:39,528.12
2022-03-28 05:34:44,528.12
2022-03-28 05:34:49,528.12
2022-03-28 05:34:54,528.12
2022-03-28 05:34:59,528.18
2022-03-28 05:35:04,528.12
2022-03-28 05:35:09,528.18
2022-03-28 05:35:14,528.18
2022-03-28 05:35:19,528.18
2022-03-28 05:35:24,528.18
2022-03-28 05:35:29,528.18
2022-03-28 05:35:34,528.18
2022-03-28 05:35:39,528.24
2022-03-28 05:35:44,528.31
2022-03-28 05:35:49,528.24
2022-03-28 05:35:54,528.24
2022-03-28 05:35:59,528.31
2022-03-28 05:36:04,528.31
2022-03-28 05:36:09,528.31
2022-03-28 05:36:14,528.37
2022-03-28 05:36:19,528.4
2022-03-28 05:36:24,528.4
2022-03-28 05:36:29,528.47
2022-03-28 05:36:34,528.47
2022-03-28 05:36:39,528.53
2022-03-28 05:36:44,528.53
2022-03-28 05:36:49,528.53
2022-03-28 05:36:54,528.6
2022-03-28 05:36:59,528.63
2022-03-28 05:37:04,528.63
2022-03-28 05:37:09,528.69
2022-03-28 05:37:14,528.69
2022-03-28 05:37:19,528.69
2022-03-28 05:37:24,528.76
2022-03-28 05:37:29,528.82
2022-03-28 05:37:34,528.89
2022-03-28 05:37:39,528.89
2022-03-28 05:37:44,528.92
2022-03-28 05:37:49,528.92
2022-03-28 05:37:54,528.99
2022-03-28 05:37:59,528.98
2022-03-28 05:38:04,528.99
2022-03-28 05:38:09,529.05
2022-03-28 05:38:14,529.12
2022-03-28 05:38:19,529.12
2022-03-28 05:38:24,529.15
2022-03-28 05:38:29,529.22
2022-03-28 05:38:34,529.22
2022-03-28 05:38:39,529.22
2022-03-28 05:38:44,529.28
2022-03-28 05:38:49,529.28
2022-03-28 05:38:54,529.35
2022-03-28 05:38:59,529.35
2022-03-28 05:39:04,529.41
2022-03-28 05:39:09,529.41
2022-03-28 05:39:14,529.41
2022-03-28 05:39:19,529.45
2022-03-28 05:39:24,529.51
2022-03-28 05:39:29,529.51
2022-03-28 05:39:34,529.58
2022-03-28 05:39:39,529.58
2022-03-28 05:39:44,529.64
2022-03-28 05:39:49,529.64
2022-03-28 05:39:54,529.65
2022-03-28 05:39:59,529.68
2022-03-28 05:40:04,529.68
2022-03-28 05:40:09,529.74
2022-03-28 05:40:14,529.74
2022-03-28 05:40:19,529.74
2022-03-28 05:40:24,529.74
2022-03-28 05:40:29,529.81
2022-03-28 05:40:34,529.87
2022-03-28 05:40:39,529.87
2022-03-28 05:40:44,529.94
2022-03-28 05:40:49,529.87
2022-03-28 05:40:54,529.94
2022-03-28 05:40:59,529.87
2022-03-28 05:41:04,529.94
2022-03-28 05:41:09,529.94
2022-03-28 05:41:14,529.94
2022-03-28 05:41:19,529.94
2022-03-28 05:41:24,529.98
2022-03-28 05:41:29,529.94
2022-03-28 05:41:34,529.94
2022-03-28 05:41:39,529.94
2022-03-28 05:41:44,529.97
2022-03-28 05:41:49,529.98
2022-03-28 05:41:54,529.97
2022-03-28 05:41:59,529.97
2022-03-28 05:42:04,530.04
2022-03-28 05:42:09,529.98
2022-03-28 05:42:14,530.04
2022-03-28 05:42:19,530.04
2022-03-28 05:42:24,530.04
2022-03-28 05:42:29,530.04
2022-03-28 05:42:34,530.04
2022-03-28 05:42:39,530.1
2022-03-28 05:42:44,530.04
2022-03-28 05:42:49,530.1
2022-03-28 05:42:54,530.04
2022-03-28 05:42:59,530.04
2022-03-28 05:43:04,530.11
2022-03-28 05:43:09,530.04
2022-03-28 05:43:14,530.1
2022-03-28 05:43:19,530.04
2022-03-28 05:43:24,530.04
2022-03-28 05:43:29,529.97
2022-03-28 05:43:34,529.97
2022-03-28 05:43:39,529.97
2022-03-28 05:43:44,529.97
2022-03-28 05:43:49,529.97
2022-03-28 05:43:54,529.97
2022-03-28 05:43:59,529.97
2022-03-28 05:44:04,529.97
2022-03-28 05:44:09,529.94
2022-03-28 05:44:14,529.94
2022-03-28 05:44:19,529.94
2022-03-28 05:44:24,529.87
2022-03-28 05:44:29,529.87
2022-03-28 05:44:34,529.87
2022-03-28 05:44:39,529.8
2022-03-28 05:44:44,529.87
2022-03-28 05:44:49,529.8
2022-03-28 05:44:54,529.74
2022-03-28 05:44:59,529.8
2022-03-28 05:45:04,529.74
2022-03-28 05:45:09,529.67
2022-03-28 05:45:14,529.67
2022-03-28 05:45:19,529.67
2022-03-28 05:45:24,529.64
2022-03-28 05:45:29,529.64
2022-03-28 05:45:34,529.57
2022-03-28 05:45:39,529.57
2022-03-28 05:45:44,529.5
2022-03-28 05:45:49,529.44
2022-03-28 05:45:54,529.44
2022-03-28 05:45:59,529.41
2022-03-28 05:46:04,529.34
2022-03-28 05:46:09,529.34
2022-03-28 05:46:14,529.27
2022-03-28 05:46:19,529.21
2022-03-28 05:46:24,529.15
2022-03-28 05:46:29,529.05
2022-03-28 05:46:34,528.98
2022-03-28 05:46:39,528.92
2022-03-28 05:46:44,528.89
2022-03-28 05:46:49,528.82
2022-03-28 05:46:54,528.69
2022-03-28 05:46:59,528.63
2022-03-28 05:47:04,528.63
2022-03-28 05:47:09,528.53
2022-03-28 05:47:14,528.47
2022-03-28 05:47:19,528.37
2022-03-28 05:47:24,528.37
2022-03-28 05:47:29,528.24
2022-03-28 05:47:34,528.17
2022-03-28 05:47:39,528.01
2022-03-28 05:47:44,528.01
2022-03-28 05:47:49,527.88
2022-03-28 05:47:54,527.85
2022-03-28 05:47:59,527.72
2022-03-28 05:48:04,527.66
2022-03-28 05:48:09,527.59
2022-03-28 05:48:14,527.43
2022-03-28 05:48:19,527.44
2022-03-28 05:48:24,527.37
2022-03-28 05:48:29,527.27
2022-03-28 05:48:34,527.21
2022-03-28 05:48:39,527.14
2022-03-28 05:48:44,527.08
2022-03-28 05:48:49,527.05
2022-03-28 05:48:54,526.92
2022-03-28 05:48:59,526.92
2022-03-28 05:49:04,526.86
2022-03-28 05:49:09,526.82
2022-03-28 05:49:14,526.76
2022-03-28 05:49:19,526.69
2022-03-28 05:49:24,526.69
2022-03-28 05:49:29,526.63
2022-03-28 05:49:34,526.57
2022-03-28 05:49:39,526.57
2022-03-28 05:49:44,526.57
2022-03-28 05:49:49,526.53
2022-03-28 05:49:54,526.53
2022-03-28 05:49:59,526.47
2022-03-28 05:50:04,526.47
2022-03-28 05:50:09,526.47
2022-03-28 05:50:14,526.47
2022-03-28 05:50:19,526.47
2022-03-28 05:50:24,526.47
2022-03-28 05:50:29,526.47
2022-03-28 05:50:34,526.47
2022-03-28 05:50:39,526.48
2022-03-28 05:50:44,526.48
2022-03-28 05:50:49,526.54
2022-03-28 05:50:54,526.54
2022-03-28 05:50:59,526.57
2022-03-28 05:51:04,526.57
2022-03-28 05:51:09,526.64
2022-03-28 05:51:14,526.71
2022-03-28 05:51:19,526.7
2022-03-28 05:51:24,526.77
2022-03-28 05:51:29,526.84
2022-03-28 05:51:34,526.87
2022-03-28 05:51:39,526.87
2022-03-28 05:51:44,527.0
2022-03-28 05:51:49,527.06
2022-03-28 05:51:54,527.06
2022-03-28 05:51:59,527.1
2022-03-28 05:52:04,527.16
2022-03-28 05:52:09,527.16
2022-03-28 05:52:14,527.29
2022-03-28 05:52:19,527.29
2022-03-28 05:52:24,527.39
2022-03-28 05:52:29,527.39
2022-03-28 05:52:34,537.71
2022-03-28 05:52:39,527.58
2022-03-28 05:52:44,527.61
2022-03-28 05:52:49,527.61
2022-03-28 05:52:54,527.68
2022-03-28 05:52:59,527.75
2022-03-28 05:53:04,527.81
2022-03-28 05:53:09,527.88
2022-03-28 05:53:14,527.91
2022-03-28 05:53:19,527.97
2022-03-28 05:53:24,528.04
2022-03-28 05:53:29,528.1
2022-03-28 05:53:34,528.13
2022-03-28 05:53:39,528.13
2022-03-28 05:53:44,528.26
2022-03-28 05:53:49,528.26
2022-03-28 05:53:54,528.33
2022-03-28 05:53:59,528.39
2022-03-28 05:54:04,528.42
2022-03-28 05:54:09,528.49
2022-03-28 05:54:14,528.55
2022-03-28 05:54:19,528.62
2022-03-28 05:54:24,528.62
2022-03-28 05:54:29,528.71
2022-03-28 05:54:34,528.71
2022-03-28 05:54:39,528.78
2022-03-28 05:54:44,528.84
2022-03-28 05:54:49,528.91
2022-03-28 05:54:54,528.91
2022-03-28 05:54:59,528.94
2022-03-28 05:55:04,529.0
2022-03-28 05:55:09,529.07
2022-03-28 05:55:14,529.13
2022-03-28 05:55:19,529.16
2022-03-28 05:55:24,529.22
2022-03-28 05:55:29,529.22
2022-03-28 05:55:34,529.28
2022-03-28 05:55:39,529.41
2022-03-28 05:55:44,529.41
2022-03-28 05:55:49,529.44
2022-03-28 05:55:54,529.51
2022-03-28 05:55:59,529.58
2022-03-28 05:56:04,529.57
2022-03-28 05:56:09,529.67
2022-03-28 05:56:14,529.67
2022-03-28 05:56:19,529.73
2022-03-28 05:56:24,529.73
2022-03-28 05:56:29,529.8
2022-03-28 05:56:34,529.86
2022-03-28 05:56:39,529.86
2022-03-28 05:56:44,529.93
2022-03-28 05:56:49,529.96
2022-03-28 05:56:54,529.96
2022-03-28 05:56:59,530.02
2022-03-28 05:57:04,530.08
2022-03-28 05:57:09,530.08
2022-03-28 05:57:14,530.14
2022-03-28 05:57:19,530.18
2022-03-28 05:57:24,530.24
2022-03-28 05:57:29,530.3
2022-03-28 05:57:34,530.3
2022-03-28 05:57:39,530.37
2022-03-28 05:57:44,530.46
2022-03-28 05:57:49,530.53
2022-03-28 05:57:54,530.59
2022-03-28 05:57:59,530.59
2022-03-28 05:58:04,530.65
2022-03-28 05:58:09,530.65
2022-03-28 05:58:14,530.75
2022-03-28 05:58:19,530.81
2022-03-28 05:58:24,530.81
2022-03-28 05:58:29,530.94
2022-03-28 05:58:34,530.97
2022-03-28 05:58:39,530.97
2022-03-28 05:58:44,531.04
2022-03-28 05:58:49,531.1
2022-03-28 05:58:54,531.16
2022-03-28 05:58:59,531.19
2022-03-28 05:59:04,531.19
2022-03-28 05:59:09,531.26
2022-03-28 05:59:14,531.39
2022-03-28 05:59:19,531.45
2022-03-28 05:59:24,531.48
2022-03-28 05:59:29,531.55
2022-03-28 05:59:34,531.61
2022-03-28 05:59:39,531.61
2022-03-28 05:59:44,531.71
2022-03-28 05:59:49,531.77
2022-03-28 05:59:54,531.84
2022-03-28 05:59:59,531.9
2022-03-28 06:00:04,531.97
2022-03-28 06:00:09,531.97
2022-03-28 06:00:14,532.06
2022-03-28 06:00:19,532.13
2022-03-28 06:00:24,532.22
2022-03-28 06:00:29,532.22
2022-03-28 06:00:34,532.29
2022-03-28 06:00:39,532.35
2022-03-28 06:00:44,532.35
2022-03-28 06:00:49,532.42
2022-03-28 06:00:54,532.48
2022-03-28 06:00:59,532.58
2022-03-28 06:01:04,532.58
2022-03-28 06:01:09,532.64
2022-03-28 06:01:14,532.71
2022-03-28 06:01:19,532.74
2022-03-28 06:01:24,532.8
2022-03-28 06:01:29,532.87
2022-03-28 06:01:34,532.87
2022-03-28 06:01:39,533.0
2022-03-28 06:01:44,533.03
2022-03-28 06:01:49,533.16
2022-03-28 06:01:54,533.16
2022-03-28 06:01:59,533.26
2022-03-28 06:02:04,533.26
2022-03-28 06:02:09,533.39
2022-03-28 06:02:14,533.39
2022-03-28 06:02:19,533.55
2022-03-28 06:02:24,533.55
2022-03-28 06:02:29,533.62
2022-03-28 06:02:34,533.75
2022-03-28 06:02:39,533.78
2022-03-28 06:02:44,533.91
2022-03-28 06:02:49,533.97
2022-03-28 06:02:54,534.04
2022-03-28 06:02:59,534.07
2022-03-28 06:03:04,534.2
2022-03-28 06:03:09,534.27
2022-03-28 06:03:14,534.3
2022-03-28 06:03:19,534.36
2022-03-28 06:03:24,534.49
2022-03-28 06:03:29,534.59
2022-03-28 06:03:34,534.59
2022-03-28 06:03:39,534.72
2022-03-28 06:03:44,534.79
2022-03-28 06:03:49,534.82
2022-03-28 06:03:54,534.95
2022-03-28 06:03:59,537.71
2022-03-28 06:04:04,535.08
2022-03-28 06:04:09,535.11
2022-03-28 06:04:14,535.24
2022-03-28 06:04:19,535.3
2022-03-28 06:04:24,535.4
2022-03-28 06:04:29,535.6
2022-03-28 06:04:34,535.6
2022-03-28 06:04:39,535.76
2022-03-28 06:04:44,535.82
2022-03-28 06:04:49,535.92
2022-03-28 06:04:54,536.05
2022-03-28 06:04:59,536.14
2022-03-28 06:05:04,536.27
2022-03-28 06:05:09,536.37
2022-03-28 06:05:14,536.5
2022-03-28 06:05:19,536.63
2022-03-28 06:05:24,536.72
2022-03-28 06:05:29,536.86
2022-03-28 06:05:34,536.95
2022-03-28 06:05:39,537.02
2022-03-28 06:05:44,537.18
2022-03-28 06:05:49,537.31
2022-03-28 06:05:54,537.37
2022-03-28 06:05:59,537.46
2022-03-28 06:06:04,537.59
2022-03-28 06:06:09,537.69
2022-03-28 06:06:14,537.76
2022-03-28 06:06:19,537.92
2022-03-28 06:06:24,537.98
2022-03-28 06:06:29,538.05
2022-03-28 06:06:34,538.18
2022-03-28 06:06:39,538.21
2022-03-28 06:06:44,538.34
2022-03-28 06:06:49,538.43
2022-03-28 06:06:54,538.5
2022-03-28 06:06:59,538.56
2022-03-28 06:07:04,538.69
2022-03-28 06:07:09,538.78
2022-03-28 06:07:14,538.91
2022-03-28 06:07:19,539.01
2022-03-28 06:07:24,539.07
2022-03-28 06:07:29,539.14
2022-03-28 06:07:34,539.23
2022-03-28 06:07:39,539.36
2022-03-28 06:07:44,539.43
2022-03-28 06:07:49,539.46
2022-03-28 06:07:54,539.58
2022-03-28 06:07:59,539.65
2022-03-28 06:08:04,539.75
2022-03-28 06:08:09,539.81
2022-03-28 06:08:14,539.94
2022-03-28 06:08:19,539.94
2022-03-28 06:08:24,540.03
2022-03-28 06:08:29,540.1
2022-03-28 06:08:34,540.23
2022-03-28 06:08:39,540.26
2022-03-28 06:08:44,540.32
2022-03-28 06:08:49,540.39
2022-03-28 06:08:54,540.45
2022-03-28 06:08:59,540.48
2022-03-28 06:09:04,540.61
2022-03-28 06:09:09,540.61
2022-03-28 06:09:14,540.74
2022-03-28 06:09:19,540.74
2022-03-28 06:09:24,540.77
2022-03-28 06:09:29,540.9
2022-03-28 06:09:34,540.96
2022-03-28 06:09:39,540.99
2022-03-28 06:09:44,541.06
2022-03-28 06:09:49,541.11
2022-03-28 06:09:54,541.18
2022-03-28 06:09:59,541.18
2022-03-28 06:10:04,541.28
2022-03-28 06:10:09,541.34
2022-03-28 06:10:14,541.4
2022-03-28 06:10:19,541.5
2022-03-28 06:10:24,541.56
2022-03-28 06:10:29,541.63
2022-03-28 06:10:34,541.69
2022-03-28 06:10:39,541.79
2022-03-28 06:10:44,541.85
2022-03-28 06:10:49,541.92
2022-03-28 06:10:54,541.98
2022-03-28 06:10:59,542.01
2022-03-28 06:11:04,542.08
2022-03-28 06:11:09,542.2
2022-03-28 06:11:14,542.2
2022-03-28 06:11:19,542.3
2022-03-28 06:11:24,542.37
2022-03-28 06:11:29,542.49
2022-03-28 06:11:34,542.53
2022-03-28 06:11:39,542.59
2022-03-28 06:11:44,542.59
2022-03-28 06:11:49,542.66
2022-03-28 06:11:54,542.72
2022-03-28 06:11:59,542.78
2022-03-28 06:12:04,542.88
2022-03-28 06:12:09,542.88
2022-03-28 06:12:14,542.94
2022-03-28 06:12:19,543.01
2022-03-28 06:12:24,543.04
2022-03-28 06:12:29,543.04
2022-03-28 06:12:34,543.04
2022-03-28 06:12:39,543.11
2022-03-28 06:12:44,543.17
2022-03-28 06:12:49,543.17
2022-03-28 06:12:54,543.17
2022-03-28 06:12:59,543.17
2022-03-28 06:13:04,543.11
2022-03-28 06:13:09,543.11
2022-03-28 06:13:14,543.11
2022-03-28 06:13:19,543.04
2022-03-28 06:13:24,543.11
2022-03-28 06:13:29,543.04
2022-03-28 06:13:34,543.01
2022-03-28 06:13:39,543.01
2022-03-28 06:13:44,542.95
2022-03-28 06:13:49,542.95
2022-03-28 06:13:54,542.82
2022-03-28 06:13:59,542.82
2022-03-28 06:14:04,542.79
2022-03-28 06:14:09,542.72
2022-03-28 06:14:14,542.73
2022-03-28 06:14:19,542.66
2022-03-28 06:14:24,542.6
2022-03-28 06:14:29,542.53
2022-03-28 06:14:34,542.5
2022-03-28 06:14:39,542.44
2022-03-28 06:14:44,542.31
2022-03-28 06:14:49,542.21
2022-03-28 06:14:54,542.15
2022-03-28 06:14:59,542.09
2022-03-28 06:15:04,541.93
2022-03-28 06:15:09,541.8
2022-03-28 06:15:14,541.77
2022-03-28 06:15:19,541.64
2022-03-28 06:15:24,541.51
2022-03-28 06:15:29,541.35
2022-03-28 06:15:34,541.26
2022-03-28 06:15:39,541.12
2022-03-28 06:15:44,540.97
2022-03-28 06:15:49,540.9
2022-03-28 06:15:54,540.74
2022-03-28 06:15:59,540.61
2022-03-28 06:16:04,540.48
2022-03-28 06:16:09,540.39
2022-03-28 06:16:14,540.26
2022-03-28 06:16:19,540.17
2022-03-28 06:16:24,540.03
2022-03-28 06:16:29,539.94
2022-03-28 06:16:34,539.81
2022-03-28 06:16:39,539.71
2022-03-28 06:16:44,539.52
2022-03-28 06:16:49,539.46
2022-03-28 06:16:54,539.36
2022-03-28 06:16:59,539.23
2022-03-28 06:17:04,539.14
2022-03-28 06:17:09,539.01
2022-03-28 06:17:14,538.91
2022-03-28 06:17:19,538.85
2022-03-28 06:17:24,538.72
2022-03-28 06:17:29,538.62
2022-03-28 06:17:34,538.62
2022-03-28 06:17:39,538.49
2022-03-28 06:17:44,538.43
2022-03-28 06:17:49,538.33
2022-03-28 06:17:54,538.27
2022-03-28 06:17:59,538.2
2022-03-28 06:18:04,538.1
2022-03-28 06:18:09,538.04
2022-03-28 06:18:14,537.91
2022-03-28 06:18:19,537.88
2022-03-28 06:18:24,537.82
2022-03-28 06:18:29,537.69
2022-03-28 06:18:34,537.69
2022-03-28 06:18:39,537.59
2022-03-28 06:18:44,537.53
2022-03-28 06:18:49,537.46
2022-03-28 06:18:54,537.46
2022-03-28 06:18:59,537.39
2022-03-28 06:19:04,537.36
2022-03-28 06:19:09,537.3
2022-03-28 06:19:14,537.17
2022-03-28 06:19:19,537.17
2022-03-28 06:19:24,537.13
2022-03-28 06:19:29,537.14
2022-03-28 06:19:34,537.13
2022-03-28 06:19:39,537.0
2022-03-28 06:19:44,536.94
2022-03-28 06:19:49,536.88
2022-03-28 06:19:54,536.87
2022-03-28 06:19:59,536.84
2022-03-28 06:20:04,536.78
2022-03-28 06:20:09,536.78
2022-03-28 06:20:14,536.71
2022-03-28 06:20:19,536.64
2022-03-28 06:20:24,536.64
2022-03-28 06:20:29,536.64
2022-03-28 06:20:34,536.61
2022-03-28 06:20:39,536.54
2022-03-28 06:20:44,536.54
2022-03-28 06:20:49,536.54
2022-03-28 06:20:54,536.54
2022-03-28 06:20:59,536.54
2022-03-28 06:21:04,536.48
2022-03-28 06:21:09,536.48
2022-03-28 06:21:14,536.48
2022-03-28 06:21:19,536.48
2022-03-28 06:21:24,536.48
2022-03-28 06:21:29,536.47
2022-03-28 06:21:34,536.48
2022-03-28 06:21:39,537.71
2022-03-28 06:21:44,536.41
2022-03-28 06:21:49,536.47
2022-03-28 06:21:54,536.47
2022-03-28 06:21:59,536.47
2022-03-28 06:22:04,536.47
2022-03-28 06:22:09,536.4
2022-03-28 06:22:14,536.47
2022-03-28 06:22:19,536.47
2022-03-28 06:22:24,536.47
2022-03-28 06:22:29,536.53
2022-03-28 06:22:34,536.53
2022-03-28 06:22:39,536.53
2022-03-28 06:22:44,536.53
2022-03-28 06:22:49,536.59
2022-03-28 06:22:54,536.59
2022-03-28 06:22:59,536.59
2022-03-28 06:23:04,536.63
2022-03-28 06:23:09,536.69
2022-03-28 06:23:14,536.75
2022-03-28 06:23:19,536.75
2022-03-28 06:23:24,536.82
2022-03-28 06:23:29,536.85
2022-03-28 06:23:34,536.85
2022-03-28 06:23:39,536.92
2022-03-28 06:23:44,537.04
2022-03-28 06:23:49,537.11
2022-03-28 06:23:54,537.11
2022-03-28 06:23:59,537.21
2022-03-28 06:24:04,537.27
2022-03-28 06:24:09,537.37
2022-03-28 06:24:14,537.5
2022-03-28 06:24:19,537.63
2022-03-28 06:24:24,537.66
2022-03-28 06:24:29,537.79
2022-03-28 06:24:34,537.95
2022-03-28 06:24:39,538.08
2022-03-28 06:24:44,538.17
2022-03-28 06:24:49,538.37
2022-03-28 06:24:54,538.53
2022-03-28 06:24:59,538.66
2022-03-28 06:25:04,538.75
2022-03-28 06:25:09,538.98
2022-03-28 06:25:14,539.11
2022-03-28 06:25:19,539.27
2022-03-28 06:25:24,539.43
2022-03-28 06:25:29,539.63
2022-03-28 06:25:34,539.85
2022-03-28 06:25:39,539.95
2022-03-28 06:25:44,540.21
2022-03-28 06:25:49,540.37
2022-03-28 06:25:54,540.53
2022-03-28 06:25:59,540.72
2022-03-28 06:26:04,540.95
2022-03-28 06:26:09,541.11
2022-03-28 06:26:14,541.27
2022-03-28 06:26:19,541.46
2022-03-28 06:26:24,541.63
2022-03-28 06:26:29,541.79
2022-03-28 06:26:34,541.98
2022-03-28 06:26:39,542.15
2022-03-28 06:26:44,542.28
2022-03-28 06:26:49,542.53
2022-03-28 06:26:54,537.71
2022-03-28 06:26:59,542.79
2022-03-28 06:27:04,542.89
2022-03-28 06:27:09,543.11
2022-03-28 06:27:14,543.24
2022-03-28 06:27:19,543.34
2022-03-28 06:27:24,543.57
2022-03-28 06:27:29,543.63
2022-03-28 06:27:34,543.86
2022-03-28 06:27:39,543.99
2022-03-28 06:27:44,544.05
2022-03-28 06:27:49,544.15
2022-03-28 06:27:54,544.28
2022-03-28 06:27:59,544.38
2022-03-28 06:28:04,544.44
2022-03-28 06:28:09,544.57
2022-03-28 06:28:14,544.67
2022-03-28 06:28:19,544.73
2022-03-28 06:28:24,544.86
2022-03-28 06:28:29,544.9
2022-03-28 06:28:34,544.96
2022-03-28 06:28:39,545.09
2022-03-28 06:28:44,545.12
2022-03-28 06:28:49,545.18
2022-03-28 06:28:54,537.71
2022-03-28 06:28:59,545.31
2022-03-28 06:29:04,545.41
2022-03-28 06:29:09,545.41
2022-03-28 06:29:14,545.48
2022-03-28 06:29:19,545.48
2022-03-28 06:29:24,545.54
2022-03-28 06:29:29,545.54
2022-03-28 06:29:34,545.54
2022-03-28 06:29:39,545.54
2022-03-28 06:29:44,545.6
2022-03-28 06:29:49,545.6
2022-03-28 06:29:54,545.54
2022-03-28 06:29:59,545.6
2022-03-28 06:30:04,545.6
2022-03-28 06:30:09,545.54
2022-03-28 06:30:14,545.54
2022-03-28 06:30:19,545.47
2022-03-28 06:30:24,545.54
2022-03-28 06:30:29,545.41
2022-03-28 06:30:34,545.41
2022-03-28 06:30:39,545.38
2022-03-28 06:30:44,545.38
2022-03-28 06:30:49,545.25
2022-03-28 06:30:54,545.18
2022-03-28 06:30:59,545.12
2022-03-28 06:31:04,545.12
2022-03-28 06:31:09,545.08
2022-03-28 06:31:14,545.02
2022-03-28 06:31:19,544.96
2022-03-28 06:31:24,544.89
2022-03-28 06:31:29,544.79
2022-03-28 06:31:34,544.79
2022-03-28 06:31:39,544.66
2022-03-28 06:31:44,544.66
2022-03-28 06:31:49,544.6
2022-03-28 06:31:54,544.5
2022-03-28 06:31:59,544.37
2022-03-28 06:32:04,544.37
2022-03-28 06:32:09,544.27
2022-03-28 06:32:14,544.21
2022-03-28 06:32:19,544.14
2022-03-28 06:32:24,544.08
2022-03-28 06:32:29,543.98
2022-03-28 06:32:34,543.92
2022-03-28 06:32:39,543.85
2022-03-28 06:32:44,543.75
2022-03-28 06:32:49,543.69
2022-03-28 06:32:54,543.56
2022-03-28 06:32:59,543.46
2022-03-28 06:33:04,543.39
2022-03-28 06:33:09,543.3
2022-03-28 06:33:14,543.17
2022-03-28 06:33:19,543.04
2022-03-28 06:33:24,542.94
2022-03-28 06:33:29,542.81
2022-03-28 06:33:34,542.78
2022-03-28 06:33:39,542.52
2022-03-28 06:33:44,542.52
2022-03-28 06:33:49,542.36
2022-03-28 06:33:54,542.3
2022-03-28 06:33:59,542.2
2022-03-28 06:34:04,542.07
2022-03-28 06:34:09,542.0
2022-03-28 06:34:14,541.85
2022-03-28 06:34:19,541.75
2022-03-28 06:34:24,541.68
2022-03-28 06:34:29,541.55
2022-03-28 06:34:34,541.46
2022-03-28 06:34:39,541.46
2022-03-28 06:34:44,541.27
2022-03-28 06:34:49,541.23
2022-03-28 06:34:54,541.1
2022-03-28 06:34:59,540.94
2022-03-28 06:35:04,540.94
2022-03-28 06:35:09,540.75
2022-03-28 06:35:14,540.65
2022-03-28 06:35:19,540.46
2022-03-28 06:35:24,540.46
2022-03-28 06:35:29,540.36
2022-03-28 06:35:34,540.23
2022-03-28 06:35:39,540.14
2022-03-28 06:35:44,540.01
2022-03-28 06:35:49,540.01
2022-03-28 06:35:54,539.91
2022-03-28 06:35:59,539.85
2022-03-28 06:36:04,539.78
2022-03-28 06:36:09,539.69
2022-03-28 06:36:14,539.62
2022-03-28 06:36:19,539.56
2022-03-28 06:36:24,539.56
2022-03-28 06:36:29,539.5
2022-03-28 06:36:34,539.43
2022-03-28 06:36:39,539.4
2022-03-28 06:36:44,539.34
2022-03-28 06:36:49,539.34
2022-03-28 06:36:54,539.27
2022-03-28 06:36:59,539.21
2022-03-28 06:37:04,539.21
2022-03-28 06:37:09,539.18
2022-03-28 06:37:14,539.18
2022-03-28 06:37:19,539.11
2022-03-28 06:37:24,539.05
2022-03-28 06:37:29,539.05
2022-03-28 06:37:34,539.05
2022-03-28 06:37:39,538.99
2022-03-28 06:37:44,538.92
2022-03-28 06:37:49,538.92
2022-03-28 06:37:54,538.89
2022-03-28 06:37:59,538.89
2022-03-28 06:38:04,538.9
2022-03-28 06:38:09,538.9
2022-03-28 06:38:14,538.83
2022-03-28 06:38:19,538.77
2022-03-28 06:38:24,538.77
2022-03-28 06:38:29,538.77
2022-03-28 06:38:34,538.77
2022-03-28 06:38:39,538.77
2022-03-28 06:38:44,538.71
2022-03-28 06:38:49,538.71
2022-03-28 06:38:54,538.71
2022-03-28 06:38:59,538.71
2022-03-28 06:39:04,538.78
2022-03-28 06:39:09,538.71
2022-03-28 06:39:14,538.78
2022-03-28 06:39:19,538.84
2022-03-28 06:39:24,538.84
2022-03-28 06:39:29,538.78
2022-03-28 06:39:34,538.84
2022-03-28 06:39:39,538.91
2022-03-28 06:39:44,538.9
2022-03-28 06:39:49,538.94
2022-03-28 06:39:54,538.94
2022-03-28 06:39:59,538.94
2022-03-28 06:40:04,539.0
2022-03-28 06:40:09,539.07
2022-03-28 06:40:14,539.07
2022-03-28 06:40:19,539.14
2022-03-28 06:40:24,539.2
2022-03-28 06:40:29,539.2
2022-03-28 06:40:34,539.23
2022-03-28 06:40:39,539.3
2022-03-28 06:40:44,539.3
2022-03-28 06:40:49,539.3
2022-03-28 06:40:54,539.3
2022-03-28 06:40:59,539.36
2022-03-28 06:41:04,539.43
2022-03-28 06:41:09,539.46
2022-03-28 06:41:14,539.46
2022-03-28 06:41:19,539.52
2022-03-28 06:41:24,539.59
2022-03-28 06:41:29,539.59
2022-03-28 06:41:34,539.65
2022-03-28 06:41:39,539.72
2022-03-28 06:41:44,539.75
2022-03-28 06:41:49,539.75
2022-03-28 06:41:54,539.81
2022-03-28 06:41:59,539.88
2022-03-28 06:42:04,539.97
2022-03-28 06:42:09,540.04
2022-03-28 06:42:14,540.03
2022-03-28 06:42:19,540.1
2022-03-28 06:42:24,540.23
2022-03-28 06:42:29,540.26
2022-03-28 06:42:34,540.39
2022-03-28 06:42:39,540.45
2022-03-28 06:42:44,540.61
2022-03-28 06:42:49,540.61
2022-03-28 06:42:54,540.74
2022-03-28 06:42:59,540.83
2022-03-28 06:43:04,540.96
2022-03-28 06:43:09,541.06
2022-03-28 06:43:14,541.13
2022-03-28 06:43:19,541.19
2022-03-28 06:43:24,541.35
2022-03-28 06:43:29,541.51
2022-03-28 06:43:34,541.57
2022-03-28 06:43:39,541.7
2022-03-28 06:43:44,541.8
2022-03-28 06:43:49,541.92
2022-03-28 06:43:54,542.02
2022-03-28 06:43:59,542.15
2022-03-28 06:44:04,542.21
2022-03-28 06:44:09,542.31
2022-03-28 06:44:14,542.44
2022-03-28 06:44:19,542.6
2022-03-28 06:44:24,542.72
2022-03-28 06:44:29,542.82
2022-03-28 06:44:34,542.95
2022-03-28 06:44:39,543.04
2022-03-28 06:44:44,543.11
2022-03-28 06:44:49,543.24
2022-03-28 06:44:54,543.3
2022-03-28 06:44:59,543.39
2022-03-28 06:45:04,543.52
2022-03-28 06:45:09,543.56
2022-03-28 06:45:14,543.68
2022-03-28 06:45:19,543.68
2022-03-28 06:45:24,543.75
2022-03-28 06:45:29,543.84
2022-03-28 06:45:34,543.84
2022-03-28 06:45:39,543.91
2022-03-28 06:45:44,543.97
2022-03-28 06:45:49,544.04
2022-03-28 06:45:54,544.04
2022-03-28 06:45:59,544.07
2022-03-28 06:46:04,544.13
2022-03-28 06:46:09,544.13
2022-03-28 06:46:14,544.19
2022-03-28 06:46:19,544.19
2022-03-28 06:46:24,544.19
2022-03-28 06:46:29,544.26
2022-03-28 06:46:34,544.26
2022-03-28 06:46:39,544.26
2022-03-28 06:46:44,544.26
2022-03-28 06:46:49,544.32
2022-03-28 06:46:54,537.71
2022-03-28 06:46:59,544.32
2022-03-28 06:47:04,544.35
2022-03-28 06:47:09,544.35
2022-03-28 06:47:14,544.35
2022-03-28 06:47:19,544.35
2022-03-28 06:47:24,544.35
2022-03-28 06:47:29,544.42
2022-03-28 06:47:34,544.48
2022-03-28 06:47:39,544.49
2022-03-28 06:47:44,544.48
2022-03-28 06:47:49,544.55
2022-03-28 06:47:54,544.55
2022-03-28 06:47:59,544.58
2022-03-28 06:48:04,544.64
2022-03-28 06:48:09,537.71
2022-03-28 06:48:14,544.64
2022-03-28 06:48:19,544.65
2022-03-28 06:48:24,544.71
2022-03-28 06:48:29,544.71
2022-03-28 06:48:34,544.78
2022-03-28 06:48:39,544.78
2022-03-28 06:48:44,544.84
2022-03-28 06:48:49,544.84
2022-03-28 06:48:54,544.88
2022-03-28 06:48:59,544.94
2022-03-28 06:49:04,544.94
2022-03-28 06:49:09,544.94
2022-03-28 06:49:14,545.01
2022-03-28 06:49:19,545.01
2022-03-28 06:49:24,545.01
2022-03-28 06:49:29,545.07
2022-03-28 06:49:34,545.1
2022-03-28 06:49:39,545.11
2022-03-28 06:49:44,545.1
2022-03-28 06:49:49,545.11
2022-03-28 06:49:54,545.17
2022-03-28 06:49:59,545.17
2022-03-28 06:50:04,545.17
2022-03-28 06:50:09,545.24
2022-03-28 06:50:14,537.71
2022-03-28 06:50:19,545.24
2022-03-28 06:50:24,545.24
2022-03-28 06:50:29,545.31
2022-03-28 06:50:34,545.31
2022-03-28 06:50:39,545.24
2022-03-28 06:50:44,545.31
2022-03-28 06:50:49,545.31
2022-03-28 06:50:54,545.31
2022-03-28 06:50:59,545.38
2022-03-28 06:51:04,545.38
2022-03-28 06:51:09,545.38
2022-03-28 06:51:14,545.38
2022-03-28 06:51:19,545.38
2022-03-28 06:51:24,545.31
2022-03-28 06:51:29,545.38
2022-03-28 06:51:34,545.32
2022-03-28 06:51:39,545.31
2022-03-28 06:51:44,545.25
2022-03-28 06:51:49,545.25
2022-03-28 06:51:54,545.19
2022-03-28 06:51:59,545.19
2022-03-28 06:52:04,545.19
2022-03-28 06:52:09,545.09
2022-03-28 06:52:14,545.09
2022-03-28 06:52:19,545.03
2022-03-28 06:52:24,545.03
2022-03-28 06:52:29,544.96
2022-03-28 06:52:34,544.87
2022-03-28 06:52:39,544.87
2022-03-28 06:52:44,544.8
2022-03-28 06:52:49,544.74
2022-03-28 06:52:54,544.61
2022-03-28 06:52:59,544.51
2022-03-28 06:53:04,544.45
2022-03-28 06:53:09,544.36
2022-03-28 06:53:14,544.22
2022-03-28 06:53:19,544.16
2022-03-28 06:53:24,544.07
2022-03-28 06:53:29,543.93
2022-03-28 06:53:34,543.84
2022-03-28 06:53:39,543.71
2022-03-28 06:53:44,543.58
2022-03-28 06:53:49,543.42
2022-03-28 06:53:54,543.32
2022-03-28 06:53:59,543.19
2022-03-28 06:54:04,543.03
2022-03-28 06:54:09,542.97
2022-03-28 06:54:14,542.84
2022-03-28 06:54:19,542.74
2022-03-28 06:54:24,542.61
2022-03-28 06:54:29,542.55
2022-03-28 06:54:34,542.38
2022-03-28 06:54:39,542.29
2022-03-28 06:54:44,542.22
2022-03-28 06:54:49,542.09
2022-03-28 06:54:54,542.0
2022-03-28 06:54:59,541.87
2022-03-28 06:55:04,541.8
2022-03-28 06:55:09,541.77
2022-03-28 06:55:14,541.64
2022-03-28 06:55:19,541.57
2022-03-28 06:55:24,541.48
2022-03-28 06:55:29,541.35
2022-03-28 06:55:34,541.28
2022-03-28 06:55:39,541.19
2022-03-28 06:55:44,541.06
2022-03-28 06:55:49,540.96
2022-03-28 06:55:54,540.9
2022-03-28 06:55:59,540.83
2022-03-28 06:56:04,540.73
2022-03-28 06:56:09,540.6
2022-03-28 06:56:14,540.54
2022-03-28 06:56:19,540.44
2022-03-28 06:56:24,540.38
2022-03-28 06:56:29,540.25
2022-03-28 06:56:34,540.21
2022-03-28 06:56:39,540.15
2022-03-28 06:56:44,540.08
2022-03-28 06:56:49,539.95
2022-03-28 06:56:54,539.86
2022-03-28 06:56:59,539.79
2022-03-28 06:57:04,539.69
2022-03-28 06:57:09,539.56
2022-03-28 06:57:14,539.56
2022-03-28 06:57:19,539.43
2022-03-28 06:57:24,539.4
2022-03-28 06:57:29,539.33
2022-03-28 06:57:34,539.27
2022-03-28 06:57:39,539.21
2022-03-28 06:57:44,539.17
2022-03-28 06:57:49,539.11
2022-03-28 06:57:54,538.98
2022-03-28 06:57:59,539.04
2022-03-28 06:58:04,538.91
2022-03-28 06:58:09,538.88
2022-03-28 06:58:14,538.88
2022-03-28 06:58:19,538.82
2022-03-28 06:58:24,538.75
2022-03-28 06:58:29,538.75
2022-03-28 06:58:34,538.69
2022-03-28 06:58:39,538.65
2022-03-28 06:58:44,538.59
2022-03-28 06:58:49,538.59
2022-03-28 06:58:54,538.53
2022-03-28 06:58:59,538.46
2022-03-28 06:59:04,538.4
2022-03-28 06:59:09,538.4
2022-03-28 06:59:14,538.37
2022-03-28 06:59:19,538.37
2022-03-28 06:59:24,538.24
2022-03-28 06:59:29,538.24
2022-03-28 06:59:34,538.24
2022-03-28 06:59:39,538.18
2022-03-28 06:59:44,538.18
2022-03-28 06:59:49,538.14
2022-03-28 06:59:54,538.14
2022-03-28 06:59:59,538.08
2022-03-28 07:00:04,538.15
2022-03-28 07:00:09,538.08
2022-03-28 07:00:14,538.08
2022-03-28 07:00:19,538.08
2022-03-28 07:00:24,538.08
2022-03-28 07:00:29,538.08
2022-03-28 07:00:34,538.08
2022-03-28 07:00:39,538.08
2022-03-28 07:00:44,538.15
2022-03-28 07:00:49,538.08
2022-03-28 07:00:54,538.08
2022-03-28 07:00:59,538.15
2022-03-28 07:01:04,538.08
2022-03-28 07:01:09,538.15
2022-03-28 07:01:14,538.15
2022-03-28 07:01:19,538.24
2022-03-28 07:01:24,538.18
2022-03-28 07:01:29,538.25
2022-03-28 07:01:34,538.31
2022-03-28 07:01:39,538.31
2022-03-28 07:01:44,538.31
2022-03-28 07:01:49,538.38
2022-03-28 07:01:54,538.38
2022-03-28 07:01:59,538.41
2022-03-28 07:02:04,538.41
2022-03-28 07:02:09,538.48
2022-03-28 07:02:14,538.54
2022-03-28 07:02:19,538.54
2022-03-28 07:02:24,538.54
2022-03-28 07:02:29,538.61
2022-03-28 07:02:34,538.68
2022-03-28 07:02:39,538.71
2022-03-28 07:02:44,538.71
2022-03-28 07:02:49,538.71
2022-03-28 07:02:54,538.77
2022-03-28 07:02:59,538.84
2022-03-28 07:03:04,538.77
2022-03-28 07:03:09,538.84
2022-03-28 07:03:14,538.9
2022-03-28 07:03:19,538.93
2022-03-28 07:03:24,538.93
2022-03-28 07:03:29,539.0
2022-03-28 07:03:34,539.06
2022-03-28 07:03:39,539.06
2022-03-28 07:03:44,539.13
2022-03-28 07:03:49,539.23
2022-03-28 07:03:54,539.22
2022-03-28 07:03:59,539.22
2022-03-28 07:04:04,539.29
2022-03-28 07:04:09,539.35
2022-03-28 07:04:14,539.42
2022-03-28 07:04:19,539.45
2022-03-28 07:04:24,539.42
2022-03-28 07:04:29,539.45
2022-03-28 07:04:34,539.52
2022-03-28 07:04:39,539.51
2022-03-28 07:04:44,539.52
2022-03-28 07:04:49,539.52
2022-03-28 07:04:54,539.58
2022-03-28 07:04:59,539.52
2022-03-28 07:05:04,539.52
2022-03-28 07:05:09,539.45
2022-03-28 07:05:14,539.45
2022-03-28 07:05:19,539.45
2022-03-28 07:05:24,539.42
2022-03-28 07:05:29,539.35
2022-03-28 07:05:34,539.29
2022-03-28 07:05:39,539.29
2022-03-28 07:05:44,539.22
2022-03-28 07:05:49,539.19
2022-03-28 07:05:54,539.19
2022-03-28 07:05:59,539.13
2022-03-28 07:06:04,539.06
2022-03-28 07:06:09,539.06
2022-03-28 07:06:14,539.0
2022-03-28 07:06:19,538.93
2022-03-28 07:06:24,538.9
2022-03-28 07:06:29,538.83
2022-03-28 07:06:34,538.83
2022-03-28 07:06:39,538.77
2022-03-28 07:06:44,538.67
2022-03-28 07:06:49,538.67
2022-03-28 07:06:54,538.54
2022-03-28 07:06:59,538.48
2022-03-28 07:07:04,538.48
2022-03-28 07:07:09,538.41
2022-03-28 07:07:14,538.38
2022-03-28 07:07:19,538.31
2022-03-28 07:07:24,538.31
2022-03-28 07:07:29,538.18
2022-03-28 07:07:34,538.18
2022-03-28 07:07:39,538.15
2022-03-28 07:07:44,538.08
2022-03-28 07:07:49,538.02
2022-03-28 07:07:54,537.95
2022-03-28 07:07:59,537.95
2022-03-28 07:08:04,537.89
2022-03-28 07:08:09,537.89
2022-03-28 07:08:14,537.85
2022-03-28 07:08:19,537.79
2022-03-28 07:08:24,537.78
2022-03-28 07:08:29,537.78
2022-03-28 07:08:34,537.72
2022-03-28 07:08:39,537.72
2022-03-28 07:08:44,537.72
2022-03-28 07:08:49,537.72
2022-03-28 07:08:54,537.72
2022-03-28 07:08:59,537.72
2022-03-28 07:09:04,537.71
2022-03-28 07:09:09,537.65
2022-03-28 07:09:14,537.65
2022-03-28 07:09:19,537.65
2022-03-28 07:09:24,537.72
2022-03-28 07:09:29,537.71
2022-03-28 07:09:34,537.71
2022-03-28 07:09:39,537.71
2022-03-28 07:09:44,537.71
2022-03-28 07:09:49,537.71
2022-03-28 07:09:54,537.77
2022-03-28 07:09:59,537.77
2022-03-28 07:10:04,537.77
2022-03-28 07:10:09,537.84
2022-03-28 07:10:14,537.84
2022-03-28 07:10:19,537.84
2022-03-28 07:10:24,537.84
2022-03-28 07:10:29,537.87
2022-03-28 07:10:34,537.84
2022-03-28 07:10:39,537.87
2022-03-28 07:10:44,537.87
2022-03-28 07:10:49,537.93
2022-03-28 07:10:54,538.0
2022-03-28 07:10:59,538.0
2022-03-28 07:11:04,538.0
2022-03-28 07:11:09,538.06
2022-03-28 07:11:14,538.0
2022-03-28 07:11:19,538.13
2022-03-28 07:11:24,538.13
2022-03-28 07:11:29,538.16
2022-03-28 07:11:34,538.16
2022-03-28 07:11:39,538.23
2022-03-28 07:11:44,538.29
2022-03-28 07:11:49,538.29
2022-03-28 07:11:54,538.35
2022-03-28 07:11:59,538.39
2022-03-28 07:12:04,538.39
2022-03-28 07:12:09,538.39
2022-03-28 07:12:14,538.45
2022-03-28 07:12:19,538.52
2022-03-28 07:12:24,538.52
2022-03-28 07:12:29,538.52
2022-03-28 07:12:34,538.64
2022-03-28 07:12:39,538.65
2022-03-28 07:12:44,538.68
2022-03-28 07:12:49,538.74
2022-03-28 07:12:54,538.81
2022-03-28 07:12:59,538.81
2022-03-28 07:13:04,538.87
2022-03-28 07:13:09,538.97
2022-03-28 07:13:14,538.97
2022-03-28 07:13:19,539.04
2022-03-28 07:13:24,539.1
2022-03-28 07:13:29,539.1
2022-03-28 07:13:34,539.17
2022-03-28 07:13:39,539.2
2022-03-28 07:13:44,539.27
2022-03-28 07:13:49,539.27
2022-03-28 07:13:54,539.39
2022-03-28 07:13:59,539.4
2022-03-28 07:14:04,539.43
2022-03-28 07:14:09,539.49
2022-03-28 07:14:14,539.56
2022-03-28 07:14:19,539.56
2022-03-28 07:14:24,539.63
2022-03-28 07:14:29,539.62
2022-03-28 07:14:34,539.69
2022-03-28 07:14:39,539.72
2022-03-28 07:14:44,539.72
2022-03-28 07:14:49,539.79
2022-03-28 07:14:54,539.85
2022-03-28 07:14:59,539.85
2022-03-28 07:15:04,539.92
2022-03-28 07:15:09,539.95
2022-03-28 07:15:14,539.95
2022-03-28 07:15:19,540.02
2022-03-28 07:15:24,540.02
2022-03-28 07:15:29,540.02
2022-03-28 07:15:34,540.08
2022-03-28 07:15:39,540.08
2022-03-28 07:15:44,540.08
2022-03-28 07:15:49,540.15
2022-03-28 07:15:54,540.21
2022-03-28 07:15:59,540.21
2022-03-28 07:16:04,540.25
2022-03-28 07:16:09,540.25
2022-03-28 07:16:14,540.25
2022-03-28 07:16:19,540.25
2022-03-28 07:16:24,540.25
2022-03-28 07:16:29,540.31
2022-03-28 07:16:34,540.31
2022-03-28 07:16:39,540.44
2022-03-28 07:16:44,540.44
2022-03-28 07:16:49,540.47
2022-03-28 07:16:54,540.53
2022-03-28 07:16:59,540.53
2022-03-28 07:17:04,540.6
2022-03-28 07:17:09,540.6
2022-03-28 07:17:14,540.66
2022-03-28 07:17:19,540.73
2022-03-28 07:17:24,540.73
2022-03-28 07:17:29,540.76
2022-03-28 07:17:34,540.76
2022-03-28 07:17:39,540.82
2022-03-28 07:17:44,540.82
2022-03-28 07:17:49,540.95
2022-03-28 07:17:54,540.95
2022-03-28 07:17:59,540.98
2022-03-28 07:18:04,540.98
2022-03-28 07:18:09,540.98
2022-03-28 07:18:14,541.05
2022-03-28 07:18:19,541.05
2022-03-28 07:18:24,541.05
2022-03-28 07:18:29,541.11
2022-03-28 07:18:34,541.11
2022-03-28 07:18:39,541.17
2022-03-28 07:18:44,541.18
2022-03-28 07:18:49,541.24
2022-03-28 07:18:54,541.24
2022-03-28 07:18:59,541.24
2022-03-28 07:19:04,541.27
2022-03-28 07:19:09,537.71
2022-03-28 07:19:14,541.27
2022-03-28 07:19:19,541.26
2022-03-28 07:19:24,541.27
2022-03-28 07:19:29,541.26
2022-03-28 07:19:34,541.33
2022-03-28 07:19:39,541.26
2022-03-28 07:19:44,541.33
2022-03-28 07:19:49,541.26
2022-03-28 07:19:54,541.26
2022-03-28 07:19:59,541.26
2022-03-28 07:20:04,541.23
2022-03-28 07:20:09,541.23
2022-03-28 07:20:14,541.16
2022-03-28 07:20:19,541.16
2022-03-28 07:20:24,541.09
2022-03-28 07:20:29,541.03
2022-03-28 07:20:34,540.96
2022-03-28 07:20:39,540.96
2022-03-28 07:20:44,540.93
2022-03-28 07:20:49,540.87
2022-03-28 07:20:54,540.8
2022-03-28 07:20:59,540.74
2022-03-28 07:21:04,540.7
2022-03-28 07:21:09,540.57
2022-03-28 07:21:14,540.51
2022-03-28 07:21:19,540.41
2022-03-28 07:21:24,540.41
2022-03-28 07:21:29,540.35
2022-03-28 07:21:34,540.22
2022-03-28 07:21:39,540.22
2022-03-28 07:21:44,540.12
2022-03-28 07:21:49,540.05
2022-03-28 07:21:54,539.99
2022-03-28 07:21:59,539.89
2022-03-28 07:22:04,539.83
2022-03-28 07:22:09,539.76
2022-03-28 07:22:14,539.67
2022-03-28 07:22:19,539.6
2022-03-28 07:22:24,539.54
2022-03-28 07:22:29,539.41
2022-03-28 07:22:34,539.38
2022-03-28 07:22:39,539.31
2022-03-28 07:22:44,539.25
2022-03-28 07:22:49,539.18
2022-03-28 07:22:54,539.09
2022-03-28 07:22:59,538.96
2022-03-28 07:23:04,538.89
2022-03-28 07:23:09,538.86
2022-03-28 07:23:14,538.73
2022-03-28 07:23:19,538.67
2022-03-28 07:23:24,538.57
2022-03-28 07:23:29,538.51
2022-03-28 07:23:34,538.38
2022-03-28 07:23:39,538.34
2022-03-28 07:23:44,538.22
2022-03-28 07:23:49,538.15
2022-03-28 07:23:54,538.06
2022-03-28 07:23:59,537.99
2022-03-28 07:24:04,537.83
2022-03-28 07:24:09,537.83
2022-03-28 07:24:14,537.7
2022-03-28 07:24:19,537.61
2022-03-28 07:24:24,537.48
2022-03-28 07:24:29,537.42
2022-03-28 07:24:34,537.35
2022-03-28 07:24:39,537.25
2022-03-28 07:24:44,537.12
2022-03-28 07:24:49,537.03
2022-03-28 07:24:54,536.97
2022-03-28 07:24:59,536.9
2022-03-28 07:25:04,536.8
2022-03-28 07:25:09,536.68
2022-03-28 07:25:14,536.61
2022-03-28 07:25:19,536.52
2022-03-28 07:25:24,536.45
2022-03-28 07:25:29,536.39
2022-03-28 07:25:34,536.32
2022-03-28 07:25:39,536.23
2022-03-28 07:25:44,536.23
2022-03-28 07:25:49,536.1
2022-03-28 07:25:54,536.07
2022-03-28 07:25:59,536.01
2022-03-28 07:26:04,535.88
2022-03-28 07:26:09,535.88
2022-03-28 07:26:14,535.82
2022-03-28 07:26:19,535.78
2022-03-28 07:26:24,535.72
2022-03-28 07:26:29,535.65
2022-03-28 07:26:34,535.59
2022-03-28 07:26:39,535.56
2022-03-28 07:26:44,535.5
2022-03-28 07:26:49,535.43
2022-03-28 07:26:54,535.43
2022-03-28 07:26:59,535.37
2022-03-28 07:27:04,535.3
2022-03-28 07:27:09,535.27
2022-03-28 07:27:14,535.27
2022-03-28 07:27:19,535.21
2022-03-28 07:27:24,535.14
2022-03-28 07:27:29,535.15
2022-03-28 07:27:34,535.05
2022-03-28 07:27:39,535.05
2022-03-28 07:27:44,534.98
2022-03-28 07:27:49,534.92
2022-03-28 07:27:54,534.86
2022-03-28 07:27:59,534.86
2022-03-28 07:28:04,534.79
2022-03-28 07:28:09,534.79
2022-03-28 07:28:14,534.76
2022-03-28 07:28:19,534.76
2022-03-28 07:28:24,534.7
2022-03-28 07:28:29,534.63
2022-03-28 07:28:34,534.63
2022-03-28 07:28:39,534.57
2022-03-28 07:28:44,534.54
2022-03-28 07:28:49,534.57
2022-03-28 07:28:54,534.47
2022-03-28 07:28:59,534.47
2022-03-28 07:29:04,534.47
2022-03-28 07:29:09,534.41
2022-03-28 07:29:14,534.34
2022-03-28 07:29:19,534.35
2022-03-28 07:29:24,534.34
2022-03-28 07:29:29,534.28
2022-03-28 07:29:34,534.25
2022-03-28 07:29:39,534.28
2022-03-28 07:29:44,534.25
2022-03-28 07:29:49,534.25
2022-03-28 07:29:54,534.24
2022-03-28 07:29:59,534.25
2022-03-28 07:30:04,534.25
2022-03-28 07:30:09,534.18
2022-03-28 07:30:14,534.18
2022-03-28 07:30:19,534.18
2022-03-28 07:30:24,534.18
2022-03-28 07:30:29,534.18
2022-03-28 07:30:34,534.18
2022-03-28 07:30:39,534.18
2022-03-28 07:30:44,534.18
2022-03-28 07:30:49,534.18
2022-03-28 07:30:54,534.24
2022-03-28 07:30:59,534.18
2022-03-28 07:31:04,534.18
2022-03-28 07:31:09,534.18
2022-03-28 07:31:14,534.24
2022-03-28 07:31:19,534.24
2022-03-28 07:31:24,534.24
2022-03-28 07:31:29,534.24
2022-03-28 07:31:34,534.27
2022-03-28 07:31:39,534.27
2022-03-28 07:31:44,534.27
2022-03-28 07:31:49,534.34
2022-03-28 07:31:54,534.4
2022-03-28 07:31:59,534.46
2022-03-28 07:32:04,534.52
2022-03-28 07:32:09,534.52
2022-03-28 07:32:14,534.56
2022-03-28 07:32:19,534.55
2022-03-28 07:32:24,534.62
2022-03-28 07:32:29,534.68
2022-03-28 07:32:34,534.75
2022-03-28 07:32:39,534.75
2022-03-28 07:32:44,534.84
2022-03-28 07:32:49,534.84
2022-03-28 07:32:54,534.97
2022-03-28 07:32:59,535.04
2022-03-28 07:33:04,535.03
2022-03-28 07:33:09,535.13
2022-03-28 07:33:14,535.19
2022-03-28 07:33:19,535.26
2022-03-28 07:33:24,535.29
2022-03-28 07:33:29,535.36
2022-03-28 07:33:34,535.48
2022-03-28 07:33:39,535.55
2022-03-28 07:33:44,535.64
2022-03-28 07:33:49,535.71
2022-03-28 07:33:54,535.8
2022-03-28 07:33:59,535.93
2022-03-28 07:34:04,535.99
2022-03-28 07:34:09,536.09
2022-03-28 07:34:14,536.22
2022-03-28 07:34:19,536.28
2022-03-28 07:34:24,536.38
2022-03-28 07:34:29,536.51
2022-03-28 07:34:34,536.57
2022-03-28 07:34:39,536.67
2022-03-28 07:34:44,536.8
2022-03-28 07:34:49,536.83
2022-03-28 07:34:54,537.02
2022-03-28 07:34:59,537.09
2022-03-28 07:35:04,537.19
2022-03-28 07:35:09,537.25
2022-03-28 07:35:14,537.41
2022-03-28 07:35:19,537.48
2022-03-28 07:35:24,537.6
2022-03-28 07:35:29,537.7
2022-03-28 07:35:34,537.83
2022-03-28 07:35:39,537.93
2022-03-28 07:35:44,538.06
2022-03-28 07:35:49,538.15
2022-03-28 07:35:54,538.22
2022-03-28 07:35:59,538.34
2022-03-28 07:36:04,538.38
2022-03-28 07:36:09,538.57
2022-03-28 07:36:14,538.67
2022-03-28 07:36:19,538.8
2022-03-28 07:36:24,538.86
2022-03-28 07:36:29,538.89
2022-03-28 07:36:34,539.02
2022-03-28 07:36:39,539.16
2022-03-28 07:36:44,539.19
2022-03-28 07:36:49,539.25
2022-03-28 07:36:54,539.38
2022-03-28 07:36:59,539.41
2022-03-28 07:37:04,539.48
2022-03-28 07:37:09,539.54
2022-03-28 07:37:14,539.54
2022-03-28 07:37:19,539.61
2022-03-28 07:37:24,539.67
2022-03-28 07:37:29,539.67
2022-03-28 07:37:34,539.71
2022-03-28 07:37:39,539.71
2022-03-28 07:37:44,537.71
2022-03-28 07:37:49,539.84
2022-03-28 07:37:54,539.77
2022-03-28 07:37:59,539.84
2022-03-28 07:38:04,539.84
2022-03-28 07:38:09,539.9
2022-03-28 07:38:14,539.84
2022-03-28 07:38:19,539.9
2022-03-28 07:38:24,539.9
2022-03-28 07:38:29,539.91
2022-03-28 07:38:34,539.94
2022-03-28 07:38:39,539.94
2022-03-28 07:38:44,539.94
2022-03-28 07:38:49,539.94
2022-03-28 07:38:54,539.94
2022-03-28 07:38:59,539.91
2022-03-28 07:39:04,539.91
2022-03-28 07:39:09,539.91
2022-03-28 07:39:14,539.85
2022-03-28 07:39:19,539.85
2022-03-28 07:39:24,539.79
2022-03-28 07:39:29,539.72
2022-03-28 07:39:34,539.72
2022-03-28 07:39:39,539.69
2022-03-28 07:39:44,539.69
2022-03-28 07:39:49,539.63
2022-03-28 07:39:54,539.63
2022-03-28 07:39:59,539.5
2022-03-28 07:40:04,539.5
2022-03-28 07:40:09,539.44
2022-03-28 07:40:14,539.44
2022-03-28 07:40:19,539.34
2022-03-28 07:40:24,539.34
2022-03-28 07:40:29,539.28
2022-03-28 07:40:34,539.21
2022-03-28 07:40:39,539.18
2022-03-28 07:40:44,539.12
2022-03-28 07:40:49,539.05
2022-03-28 07:40:54,539.05
2022-03-28 07:40:59,538.99
2022-03-28 07:41:04,538.99
2022-03-28 07:41:09,538.89
2022-03-28 07:41:14,538.83
2022-03-28 07:41:19,538.83
2022-03-28 07:41:24,538.77
2022-03-28 07:41:29,538.7
2022-03-28 07:41:34,538.67
2022-03-28 07:41:39,538.61
2022-03-28 07:41:44,538.54
2022-03-28 07:41:49,538.48
2022-03-28 07:41:54,538.48
2022-03-28 07:41:59,538.41
2022-03-28 07:42:04,538.41
2022-03-28 07:42:09,538.38
2022-03-28 07:42:14,538.38
2022-03-28 07:42:19,538.38
2022-03-28 07:42:24,538.25
2022-03-28 07:42:29,538.32
2022-03-28 07:42:34,538.25
2022-03-28 07:42:39,538.19
2022-03-28 07:42:44,538.19
2022-03-28 07:42:49,538.19
2022-03-28 07:42:54,538.15
2022-03-28 07:42:59,538.15
2022-03-28 07:43:04,538.09
2022-03-28 07:43:09,538.03
2022-03-28 07:43:14,538.03
2022-03-28 07:43:19,537.96
2022-03-28 07:43:24,537.96
2022-03-28 07:43:29,537.89
2022-03-28 07:43:34,537.87
2022-03-28 07:43:39,537.8
2022-03-28 07:43:44,537.8
2022-03-28 07:43:49,537.73
2022-03-28 07:43:54,537.73
2022-03-28 07:43:59,537.67
2022-03-28 07:44:04,537.67
2022-03-28 07:44:09,537.67
2022-03-28 07:44:14,537.63
2022-03-28 07:44:19,537.63
2022-03-28 07:44:24,537.56
2022-03-28 07:44:29,537.63
2022-03-28 07:44:34,537.63
2022-03-28 07:44:39,537.63
2022-03-28 07:44:44,537.63
2022-03-28 07:44:49,537.66
2022-03-28 07:44:54,537.63
2022-03-28 07:44:59,537.66
2022-03-28 07:45:04,537.66
2022-03-28 07:45:09,537.72
2022-03-28 07:45:14,537.78
2022-03-28 07:45:19,537.78
2022-03-28 07:45:24,537.85
2022-03-28 07:45:29,537.85
2022-03-28 07:45:34,537.88
2022-03-28 07:45:39,537.94
2022-03-28 07:45:44,538.01
2022-03-28 07:45:49,538.07
2022-03-28 07:45:54,538.14
2022-03-28 07:45:59,538.14
2022-03-28 07:46:04,538.17
2022-03-28 07:46:09,538.23
2022-03-28 07:46:14,538.3
2022-03-28 07:46:19,538.3
2022-03-28 07:46:24,538.36
2022-03-28 07:46:29,538.39
2022-03-28 07:46:34,538.46
2022-03-28 07:46:39,538.52
2022-03-28 07:46:44,538.58
2022-03-28 07:46:49,538.65
2022-03-28 07:46:54,538.68
2022-03-28 07:46:59,538.75
2022-03-28 07:47:04,538.81
2022-03-28 07:47:09,538.87
2022-03-28 07:47:14,538.91
2022-03-28 07:47:19,538.97
2022-03-28 07:47:24,539.1
2022-03-28 07:47:29,539.1
2022-03-28 07:47:34,539.17
2022-03-28 07:47:39,539.26
2022-03-28 07:47:44,539.33
2022-03-28 07:47:49,539.39
2022-03-28 07:47:54,539.42
2022-03-28 07:47:59,539.49
2022-03-28 07:48:04,539.55
2022-03-28 07:48:09,539.68
2022-03-28 07:48:14,539.68
2022-03-28 07:48:19,539.78
2022-03-28 07:48:24,539.84
2022-03-28 07:48:29,539.91
2022-03-28 07:48:34,539.94
2022-03-28 07:48:39,540.01
2022-03-28 07:48:44,540.01
2022-03-28 07:48:49,540.13
2022-03-28 07:48:54,540.14
2022-03-28 07:48:59,540.2
2022-03-28 07:49:04,540.23
2022-03-28 07:49:09,540.3
2022-03-28 07:49:14,540.36
2022-03-28 07:49:19,540.36
2022-03-28 07:49:24,540.43
2022-03-28 07:49:29,540.43
2022-03-28 07:49:34,540.46
2022-03-28 07:49:39,540.53
2022-03-28 07:49:44,540.53
2022-03-28 07:49:49,540.53
2022-03-28 07:49:54,540.59
2022-03-28 07:49:59,540.59
2022-03-28 07:50:04,540.59
2022-03-28 07:50:09,540.66
2022-03-28 07:50:14,540.66
2022-03-28 07:50:19,540.66
2022-03-28 07:50:24,540.66
2022-03-28 07:50:29,540.66
2022-03-28 07:50:34,540.73
2022-03-28 07:50:39,540.73
2022-03-28 07:50:44,540.82
2022-03-28 07:50:49,540.76
2022-03-28 07:50:54,540.76
2022-03-28 07:50:59,540.89
2022-03-28 07:51:04,540.89
2022-03-28 07:51:09,540.89
2022-03-28 07:51:14,540.89
2022-03-28 07:51:19,540.96
2022-03-28 07:51:24,540.96
2022-03-28 07:51:29,540.96
2022-03-28 07:51:34,540.99
2022-03-28 07:51:39,540.99
2022-03-28 07:51:44,540.99
2022-03-28 07:51:49,540.99
2022-03-28 07:51:54,541.06
2022-03-28 07:51:59,541.06
2022-03-28 07:52:04,541.12
2022-03-28 07:52:09,541.12
2022-03-28 07:52:14,541.12
2022-03-28 07:52:19,541.13
2022-03-28 07:52:24,541.13
2022-03-28 07:52:29,541.19
2022-03-28 07:52:34,541.19
2022-03-28 07:52:39,541.19
2022-03-28 07:52:44,541.19
2022-03-28 07:52:49,541.19
2022-03-28 07:52:54,541.19
2022-03-28 07:52:59,541.19
2022-03-28 07:53:04,541.2
2022-03-28 07:53:09,541.2
2022-03-28 07:53:14,541.2
2022-03-28 07:53:19,541.26
2022-03-28 07:53:24,541.26
2022-03-28 07:53:29,541.26
2022-03-28 07:53:34,541.2
2022-03-28 07:53:39,541.26
2022-03-28 07:53:44,541.26
2022-03-28 07:53:49,541.26
2022-03-28 07:53:54,541.26
2022-03-28 07:53:59,541.26
2022-03-28 07:54:04,541.26
2022-03-28 07:54:09,541.2
2022-03-28 07:54:14,541.2
2022-03-28 07:54:19,541.26
2022-03-28 07:54:24,541.2
2022-03-28 07:54:29,541.2
2022-03-28 07:54:34,541.2
2022-03-28 07:54:39,541.26
2022-03-28 07:54:44,541.2
2022-03-28 07:54:49,541.26
2022-03-28 07:54:54,541.2
2022-03-28 07:54:59,541.2
2022-03-28 07:55:04,541.13
2022-03-28 07:55:09,541.2
2022-03-28 07:55:14,541.13
2022-03-28 07:55:19,541.19
2022-03-28 07:55:24,541.13
2022-03-28 07:55:29,541.2
2022-03-28 07:55:34,541.13
2022-03-28 07:55:39,541.13
2022-03-28 07:55:44,541.13
2022-03-28 07:55:49,541.13
2022-03-28 07:55:54,541.13
2022-03-28 07:55:59,541.06
2022-03-28 07:56:04,541.06
2022-03-28 07:56:09,541.06
2022-03-28 07:56:14,537.71
2022-03-28 07:56:19,541.0
2022-03-28 07:56:24,540.99
2022-03-28 07:56:29,540.99
2022-03-28 07:56:34,540.97
2022-03-28 07:56:39,541.0
2022-03-28 07:56:44,540.96
2022-03-28 07:56:49,540.96
2022-03-28 07:56:54,540.96
2022-03-28 07:56:59,540.97
2022-03-28 07:57:04,540.96
2022-03-28 07:57:09,540.96
2022-03-28 07:57:14,537.71
2022-03-28 07:57:19,540.9
2022-03-28 07:57:24,540.9
2022-03-28 07:57:29,540.9
2022-03-28 07:57:34,540.9
2022-03-28 07:57:39,540.9
2022-03-28 07:57:44,540.83
2022-03-28 07:57:49,540.83
2022-03-28 07:57:54,540.77
2022-03-28 07:57:59,540.83
2022-03-28 07:58:04,540.77
2022-03-28 07:58:09,540.77
2022-03-28 07:58:14,540.77
2022-03-28 07:58:19,540.74
2022-03-28 07:58:24,540.77
2022-03-28 07:58:29,540.74
2022-03-28 07:58:34,540.74
2022-03-28 07:58:39,540.73
2022-03-28 07:58:44,540.67
2022-03-28 07:58:49,540.67
2022-03-28 07:58:54,540.67
2022-03-28 07:58:59,540.67
2022-03-28 07:59:04,540.67
2022-03-28 07:59:09,540.67
2022-03-28 07:59:14,540.54
2022-03-28 07:59:19,540.54
2022-03-28 07:59:24,540.48
2022-03-28 07:59:29,540.48
2022-03-28 07:59:34,540.44
2022-03-28 07:59:39,540.45
2022-03-28 07:59:44,540.38
2022-03-28 07:59:49,540.31
2022-03-28 07:59:54,540.25
2022-03-28 07:59:59,540.25
2022-03-28 08:00:04,540.22
2022-03-28 08:00:09,540.16
2022-03-28 08:00:14,540.09
2022-03-28 08:00:19,540.03
2022-03-28 08:00:24,539.96
2022-03-28 08:00:29,539.96
2022-03-28 08:00:34,539.93
2022-03-28 08:00:39,539.87
2022-03-28 08:00:44,539.87
2022-03-28 08:00:49,539.8
2022-03-28 08:00:54,539.74
2022-03-28 08:00:59,539.71
2022-03-28 08:01:04,539.65
2022-03-28 08:01:09,539.58
2022-03-28 08:01:14,539.52
2022-03-28 08:01:19,539.52
2022-03-28 08:01:24,539.42
2022-03-28 08:01:29,539.36
2022-03-28 08:01:34,539.36
2022-03-28 08:01:39,539.23
2022-03-28 08:01:44,539.2
2022-03-28 08:01:49,539.14
2022-03-28 08:01:54,539.14
2022-03-28 08:01:59,539.01
2022-03-28 08:02:04,538.94
2022-03-28 08:02:09,538.91
2022-03-28 08:02:14,537.71
2022-03-28 08:02:19,538.78
2022-03-28 08:02:24,538.72
2022-03-28 08:02:29,538.69
2022-03-28 08:02:34,538.63
2022-03-28 08:02:39,538.56
2022-03-28 08:02:44,538.5
2022-03-28 08:02:49,538.5
2022-03-28 08:02:54,538.41
2022-03-28 08:02:59,538.41
2022-03-28 08:03:04,538.34
2022-03-28 08:03:09,538.34
2022-03-28 08:03:14,538.28
2022-03-28 08:03:19,538.28
2022-03-28 08:03:24,538.18
2022-03-28 08:03:29,538.19
2022-03-28 08:03:34,538.12
2022-03-28 08:03:39,538.06
2022-03-28 08:03:44,538.0
2022-03-28 08:03:49,537.93
2022-03-28 08:03:54,537.9
2022-03-28 08:03:59,537.84
2022-03-28 08:04:04,537.84
2022-03-28 08:04:09,537.78
2022-03-28 08:04:14,537.78
2022-03-28 08:04:19,537.71
2022-03-28 08:04:24,537.62
2022-03-28 08:04:29,537.62
2022-03-28 08:04:34,537.56
2022-03-28 08:04:39,537.49
2022-03-28 08:04:44,537.43
2022-03-28 08:04:49,537.4
2022-03-28 08:04:54,537.33
2022-03-28 08:04:59,537.21
2022-03-28 08:05:04,537.17
2022-03-28 08:05:09,537.11
2022-03-28 08:05:14,537.11
2022-03-28 08:05:19,537.04
2022-03-28 08:05:24,536.98
2022-03-28 08:05:29,536.92
2022-03-28 08:05:34,536.89
2022-03-28 08:05:39,536.89
2022-03-28 08:05:44,536.82
2022-03-28 08:05:49,536.76
2022-03-28 08:05:54,536.76
2022-03-28 08:05:59,536.7
2022-03-28 08:06:04,536.7
2022-03-28 08:06:09,536.66
2022-03-28 08:06:14,536.6
2022-03-28 08:06:19,536.6
2022-03-28 08:06:24,536.6
2022-03-28 08:06:29,536.53
2022-03-28 08:06:34,536.47
2022-03-28 08:06:39,536.47
2022-03-28 08:06:44,536.47
2022-03-28 08:06:49,536.41
2022-03-28 08:06:54,536.4
2022-03-28 08:06:59,536.37
2022-03-28 08:07:04,536.3
2022-03-28 08:07:09,536.31
2022-03-28 08:07:14,536.31
2022-03-28 08:07:19,536.31
2022-03-28 08:07:24,536.24
2022-03-28 08:07:29,536.31
2022-03-28 08:07:34,536.18
2022-03-28 08:07:39,536.24
2022-03-28 08:07:44,536.24
2022-03-28 08:07:49,536.24
2022-03-28 08:07:54,536.24
2022-03-28 08:07:59,536.18
2022-03-28 08:08:04,536.24
2022-03-28 08:08:09,536.18
2022-03-28 08:08:14,536.18
2022-03-28 08:08:19,536.18
2022-03-28 08:08:24,536.18
2022-03-28 08:08:29,536.18
2022-03-28 08:08:34,536.18
2022-03-28 08:08:39,536.18
2022-03-28 08:08:44,536.18
2022-03-28 08:08:49,536.18
2022-03-28 08:08:54,536.17
2022-03-28 08:08:59,536.17
2022-03-28 08:09:04,536.17
2022-03-28 08:09:09,536.17
2022-03-28 08:09:14,536.17
2022-03-28 08:09:19,536.24
2022-03-28 08:09:24,536.24
2022-03-28 08:09:29,536.24
2022-03-28 08:09:34,536.24
2022-03-28 08:09:39,536.24
2022-03-28 08:09:44,536.3
2022-03-28 08:09:49,536.3
2022-03-28 08:09:54,536.3
2022-03-28 08:09:59,536.3
2022-03-28 08:10:04,536.3
2022-03-28 08:10:09,536.36
2022-03-28 08:10:14,536.36
2022-03-28 08:10:19,536.39
2022-03-28 08:10:24,536.39
2022-03-28 08:10:29,536.39
2022-03-28 08:10:34,536.46
2022-03-28 08:10:39,536.46
2022-03-28 08:10:44,536.46
2022-03-28 08:10:49,536.46
2022-03-28 08:10:54,536.46
2022-03-28 08:10:59,536.52
2022-03-28 08:11:04,536.52
2022-03-28 08:11:09,536.52
2022-03-28 08:11:14,536.52
2022-03-28 08:11:19,536.59
2022-03-28 08:11:24,536.52
2022-03-28 08:11:29,536.52
2022-03-28 08:11:34,536.59
2022-03-28 08:11:39,536.59
2022-03-28 08:11:44,536.53
2022-03-28 08:11:49,536.53
2022-03-28 08:11:54,536.52
2022-03-28 08:11:59,536.53
2022-03-28 08:12:04,536.53
2022-03-28 08:12:09,536.53
2022-03-28 08:12:14,536.59
2022-03-28 08:12:19,536.59
2022-03-28 08:12:24,536.59
2022-03-28 08:12:29,536.59
2022-03-28 08:12:34,536.53
2022-03-28 08:12:39,536.59
2022-03-28 08:12:44,536.66
2022-03-28 08:12:49,536.59
2022-03-28 08:12:54,536.53
2022-03-28 08:12:59,536.53
2022-03-28 08:13:04,536.59
2022-03-28 08:13:09,536.6
2022-03-28 08:13:14,536.6
2022-03-28 08:13:19,536.6
2022-03-28 08:13:24,536.6
2022-03-28 08:13:29,536.53
2022-03-28 08:13:34,536.53
2022-03-28 08:13:39,536.47
2022-03-28 08:13:44,536.47
2022-03-28 08:13:49,536.41
2022-03-28 08:13:54,536.41
2022-03-28 08:13:59,536.38
2022-03-28 08:14:04,536.38
2022-03-28 08:14:09,536.31
2022-03-28 08:14:14,536.31
2022-03-28 08:14:19,536.25
2022-03-28 08:14:24,536.19
2022-03-28 08:14:29,536.16
2022-03-28 08:14:34,536.15
2022-03-28 08:14:39,536.16
2022-03-28 08:14:44,536.09
2022-03-28 08:14:49,536.03
2022-03-28 08:14:54,536.03
2022-03-28 08:14:59,535.97
2022-03-28 08:15:04,535.9
2022-03-28 08:15:09,535.91
2022-03-28 08:15:14,535.81
2022-03-28 08:15:19,535.81
2022-03-28 08:15:24,535.75
2022-03-28 08:15:29,535.75
2022-03-28 08:15:34,535.68
2022-03-28 08:15:39,535.65
2022-03-28 08:15:44,535.65
2022-03-28 08:15:49,535.59
2022-03-28 08:15:54,535.59
2022-03-28 08:15:59,535.53
2022-03-28 08:16:04,535.53
2022-03-28 08:16:09,535.46
2022-03-28 08:16:14,535.46
2022-03-28 08:16:19,535.46
2022-03-28 08:16:24,535.4
2022-03-28 08:16:29,535.37
2022-03-28 08:16:34,535.37
2022-03-28 08:16:39,535.31
2022-03-28 08:16:44,535.24
2022-03-28 08:16:49,535.24
2022-03-28 08:16:54,535.24
2022-03-28 08:16:59,535.18
2022-03-28 08:17:04,535.15
2022-03-28 08:17:09,535.08
2022-03-28 08:17:14,535.08
2022-03-28 08:17:19,535.02
2022-03-28 08:17:24,534.96
2022-03-28 08:17:29,534.96
2022-03-28 08:17:34,534.9
2022-03-28 08:17:39,534.89
2022-03-28 08:17:44,534.89
2022-03-28 08:17:49,534.86
2022-03-28 08:17:54,534.8
2022-03-28 08:17:59,534.8
2022-03-28 08:18:04,534.73
2022-03-28 08:18:09,534.73
2022-03-28 08:18:14,534.73
2022-03-28 08:18:19,534.73
2022-03-28 08:18:24,534.67
2022-03-28 08:18:29,534.67
2022-03-28 08:18:34,534.67
2022-03-28 08:18:39,534.63
2022-03-28 08:18:44,534.63
2022-03-28 08:18:49,534.63
2022-03-28 08:18:54,534.57
2022-03-28 08:18:59,534.63
2022-03-28 08:19:04,534.57
2022-03-28 08:19:09,534.63
2022-03-28 08:19:14,534.57
2022-03-28 08:19:19,534.63
2022-03-28 08:19:24,534.57
2022-03-28 08:19:29,534.63
2022-03-28 08:19:34,534.63
2022-03-28 08:19:39,534.63
2022-03-28 08:19:44,534.63
2022-03-28 08:19:49,534.63
2022-03-28 08:19:54,534.66
2022-03-28 08:19:59,534.63
2022-03-28 08:20:04,534.66
2022-03-28 08:20:09,534.66
2022-03-28 08:20:14,534.66
2022-03-28 08:20:19,534.66
2022-03-28 08:20:24,534.66
2022-03-28 08:20:29,534.72
2022-03-28 08:20:34,534.72
2022-03-28 08:20:39,534.72
2022-03-28 08:20:44,534.72
2022-03-28 08:20:49,534.66
2022-03-28 08:20:54,534.72
2022-03-28 08:20:59,534.72
2022-03-28 08:21:04,534.72
2022-03-28 08:21:09,534.72
2022-03-28 08:21:14,534.72
2022-03-28 08:21:19,534.72
2022-03-28 08:21:24,534.72
2022-03-28 08:21:29,534.78
2022-03-28 08:21:34,534.78
2022-03-28 08:21:39,534.84
2022-03-28 08:21:44,534.78
2022-03-28 08:21:49,534.84
2022-03-28 08:21:54,534.84
2022-03-28 08:21:59,534.84
2022-03-28 08:22:04,534.84
2022-03-28 08:22:09,534.84
2022-03-28 08:22:14,534.84
2022-03-28 08:22:19,534.84
2022-03-28 08:22:24,534.84
2022-03-28 08:22:29,534.87
2022-03-28 08:22:34,534.84
2022-03-28 08:22:39,534.84
2022-03-28 08:22:44,534.87
2022-03-28 08:22:49,534.84
2022-03-28 08:22:54,537.71
2022-03-28 08:22:59,534.84
2022-03-28 08:23:04,534.84
2022-03-28 08:23:09,534.84
2022-03-28 08:23:14,534.87
2022-03-28 08:23:19,534.84
2022-03-28 08:23:24,534.87
2022-03-28 08:23:29,534.84
2022-03-28 08:23:34,534.84
2022-03-28 08:23:39,534.84
2022-03-28 08:23:44,534.84
2022-03-28 08:23:49,534.84
2022-03-28 08:23:54,534.78
2022-03-28 08:23:59,534.84
2022-03-28 08:24:04,534.78
2022-03-28 08:24:09,534.84
2022-03-28 08:24:14,534.78
2022-03-28 08:24:19,534.78
2022-03-28 08:24:24,534.78
2022-03-28 08:24:29,534.78
2022-03-28 08:24:34,534.78
2022-03-28 08:24:39,534.78
2022-03-28 08:24:44,534.78
2022-03-28 08:24:49,534.84
2022-03-28 08:24:54,534.84
2022-03-28 08:24:59,534.78
2022-03-28 08:25:04,534.88
2022-03-28 08:25:09,534.85
2022-03-28 08:25:14,534.88
2022-03-28 08:25:19,534.88
2022-03-28 08:25:24,534.88
2022-03-28 08:25:29,534.95
2022-03-28 08:25:34,535.01
2022-03-28 08:25:39,535.07
2022-03-28 08:25:44,535.07
2022-03-28 08:25:49,535.14
2022-03-28 08:25:54,535.14
2022-03-28 08:25:59,535.17
2022-03-28 08:26:04,535.24
2022-03-28 08:26:09,535.24
2022-03-28 08:26:14,535.31
2022-03-28 08:26:19,535.3
2022-03-28 08:26:24,535.37
2022-03-28 08:26:29,535.4
2022-03-28 08:26:34,535.47
2022-03-28 08:26:39,535.53
2022-03-28 08:26:44,535.6
2022-03-28 08:26:49,535.67
2022-03-28 08:26:54,535.67
2022-03-28 08:26:59,535.7
2022-03-28 08:27:04,535.76
2022-03-28 08:27:09,535.76
2022-03-28 08:27:14,535.83
2022-03-28 08:27:19,535.89
2022-03-28 08:27:24,535.93
2022-03-28 08:27:29,535.93
2022-03-28 08:27:34,535.99
2022-03-28 08:27:39,536.12
2022-03-28 08:27:44,536.12
2022-03-28 08:27:49,536.19
2022-03-28 08:27:54,536.28
2022-03-28 08:27:59,536.28
2022-03-28 08:28:04,536.42
2022-03-28 08:28:09,536.42
2022-03-28 08:28:14,536.45
2022-03-28 08:28:19,536.51
2022-03-28 08:28:24,536.58
2022-03-28 08:28:29,536.64
2022-03-28 08:28:34,536.71
2022-03-28 08:28:39,536.74
2022-03-28 08:28:44,536.74
2022-03-28 08:28:49,536.8
2022-03-28 08:28:54,536.87
2022-03-28 08:28:59,536.93
2022-03-28 08:29:04,536.87
2022-03-28 08:29:09,536.97
2022-03-28 08:29:14,536.97
2022-03-28 08:29:19,536.97
2022-03-28 08:29:24,537.03
2022-03-28 08:29:29,537.03
2022-03-28 08:29:34,537.03
2022-03-28 08:29:39,536.97
2022-03-28 08:29:44,537.09
2022-03-28 08:29:49,537.03
2022-03-28 08:29:54,537.09
2022-03-28 08:29:59,537.1
2022-03-28 08:30:04,537.09
2022-03-28 08:30:09,537.09
2022-03-28 08:30:14,537.09
2022-03-28 08:30:19,537.09
2022-03-28 08:30:24,537.09
2022-03-28 08:30:29,537.09
2022-03-28 08:30:34,537.09
2022-03-28 08:30:39,537.03
2022-03-28 08:30:44,537.03
2022-03-28 08:30:49,537.03
2022-03-28 08:30:54,537.03
2022-03-28 08:30:59,537.03
2022-03-28 08:31:04,537.03
2022-03-28 08:31:09,536.96
2022-03-28 08:31:14,537.03
2022-03-28 08:31:19,536.96
2022-03-28 08:31:24,536.96
2022-03-28 08:31:29,536.96
2022-03-28 08:31:34,536.96
2022-03-28 08:31:39,536.93
2022-03-28 08:31:44,536.93
2022-03-28 08:31:49,536.93
2022-03-28 08:31:54,536.93
2022-03-28 08:31:59,536.86
2022-03-28 08:32:04,536.86
2022-03-28 08:32:09,536.86
2022-03-28 08:32:14,536.8
2022-03-28 08:32:19,536.86
2022-03-28 08:32:24,536.79
2022-03-28 08:32:29,536.79
2022-03-28 08:32:34,536.73
2022-03-28 08:32:39,536.73
2022-03-28 08:32:44,536.73
2022-03-28 08:32:49,536.69
2022-03-28 08:32:54,536.63
2022-03-28 08:32:59,536.63
2022-03-28 08:33:04,536.56
2022-03-28 08:33:09,536.56
2022-03-28 08:33:14,536.5
2022-03-28 08:33:19,536.43
2022-03-28 08:33:24,536.43
2022-03-28 08:33:29,536.4
2022-03-28 08:33:34,536.33
2022-03-28 08:33:39,536.27
2022-03-28 08:33:44,536.2
2022-03-28 08:33:49,536.17
2022-03-28 08:33:54,536.17
2022-03-28 08:33:59,536.1
2022-03-28 08:34:04,535.98
2022-03-28 08:34:09,535.98
2022-03-28 08:34:14,535.91
2022-03-28 08:34:19,535.88
2022-03-28 08:34:24,535.75
2022-03-28 08:34:29,535.75
2022-03-28 08:34:34,535.66
2022-03-28 08:34:39,535.59
2022-03-28 08:34:44,535.53
2022-03-28 08:34:49,535.46
2022-03-28 08:34:54,535.4
2022-03-28 08:34:59,535.3
2022-03-28 08:35:04,535.3
2022-03-28 08:35:09,535.17
2022-03-28 08:35:14,535.14
2022-03-28 08:35:19,535.08
2022-03-28 08:35:24,535.01
2022-03-28 08:35:29,534.95
2022-03-28 08:35:34,534.88
2022-03-28 08:35:39,534.85
2022-03-28 08:35:44,534.85
2022-03-28 08:35:49,534.72
2022-03-28 08:35:54,534.66
2022-03-28 08:35:59,534.66
2022-03-28 08:36:04,534.63
2022-03-28 08:36:09,534.56
2022-03-28 08:36:14,534.5
2022-03-28 08:36:19,534.43
2022-03-28 08:36:24,534.37
2022-03-28 08:36:29,534.34
2022-03-28 08:36:34,534.28
2022-03-28 08:36:39,534.28
2022-03-28 08:36:44,534.15
2022-03-28 08:36:49,534.12
2022-03-28 08:36:54,534.05
2022-03-28 08:36:59,533.99
2022-03-28 08:37:04,533.93
2022-03-28 08:37:09,533.92
2022-03-28 08:37:14,533.86
2022-03-28 08:37:19,533.83
2022-03-28 08:37:24,533.83
2022-03-28 08:37:29,533.77
2022-03-28 08:37:34,533.7
2022-03-28 08:37:39,533.64
2022-03-28 08:37:44,533.64
2022-03-28 08:37:49,533.61
2022-03-28 08:37:54,533.61
2022-03-28 08:37:59,533.54
2022-03-28 08:38:04,533.54
2022-03-28 08:38:09,533.48
2022-03-28 08:38:14,533.48
2022-03-28 08:38:19,533.42
2022-03-28 08:38:24,533.42
2022-03-28 08:38:29,533.36
2022-03-28 08:38:34,533.32
2022-03-28 08:38:39,533.33
2022-03-28 08:38:44,533.33
2022-03-28 08:38:49,533.26
2022-03-28 08:38:54,533.26
2022-03-28 08:38:59,533.27
2022-03-28 08:39:04,533.2
2022-03-28 08:39:09,533.2
2022-03-28 08:39:14,533.11
2022-03-28 08:39:19,533.11
2022-03-28 08:39:24,533.11
2022-03-28 08:39:29,533.11
2022-03-28 08:39:34,533.04
2022-03-28 08:39:39,533.04
2022-03-28 08:39:44,533.05
2022-03-28 08:39:49,533.05
2022-03-28 08:39:54,532.98
2022-03-28 08:39:59,532.98
2022-03-28 08:40:04,532.92
2022-03-28 08:40:09,532.92
2022-03-28 08:40:14,532.98
2022-03-28 08:40:19,532.92
2022-03-28 08:40:24,532.92
2022-03-28 08:40:29,532.92
2022-03-28 08:40:34,532.92
2022-03-28 08:40:39,532.92
2022-03-28 08:40:44,532.98
2022-03-28 08:40:49,532.92
2022-03-28 08:40:54,532.92
2022-03-28 08:40:59,532.92
2022-03-28 08:41:04,532.92
2022-03-28 08:41:09,532.92
2022-03-28 08:41:14,532.92
2022-03-28 08:41:19,532.98
2022-03-28 08:41:24,532.92
2022-03-28 08:41:29,532.98
2022-03-28 08:41:34,532.98
2022-03-28 08:41:39,532.99
2022-03-28 08:41:44,532.98
2022-03-28 08:41:49,533.05
2022-03-28 08:41:54,533.05
2022-03-28 08:41:59,533.05
2022-03-28 08:42:04,533.11
2022-03-28 08:42:09,533.11
2022-03-28 08:42:14,533.05
2022-03-28 08:42:19,533.11
2022-03-28 08:42:24,533.11
2022-03-28 08:42:29,533.11
2022-03-28 08:42:34,533.11
2022-03-28 08:42:39,533.14
2022-03-28 08:42:44,533.14
2022-03-28 08:42:49,533.11
2022-03-28 08:42:54,533.14
2022-03-28 08:42:59,533.14
2022-03-28 08:43:04,533.14
2022-03-28 08:43:09,533.14
2022-03-28 08:43:14,533.14
2022-03-28 08:43:19,533.14
2022-03-28 08:43:24,533.14
2022-03-28 08:43:29,533.1
2022-03-28 08:43:34,533.1
2022-03-28 08:43:39,533.1
2022-03-28 08:43:44,533.1
2022-03-28 08:43:49,533.1
2022-03-28 08:43:54,533.1
2022-03-28 08:43:59,533.1
2022-03-28 08:44:04,533.1
2022-03-28 08:44:09,533.1
2022-03-28 08:44:14,533.1
2022-03-28 08:44:19,533.1
2022-03-28 08:44:24,533.1
2022-03-28 08:44:29,533.1
2022-03-28 08:44:34,533.13
2022-03-28 08:44:39,533.12
2022-03-28 08:44:44,533.09
2022-03-28 08:44:49,533.09
2022-03-28 08:44:54,533.12
2022-03-28 08:44:59,533.09
2022-03-28 08:45:04,533.12
2022-03-28 08:45:09,533.09
2022-03-28 08:45:14,533.12
2022-03-28 08:45:19,533.09
2022-03-28 08:45:24,533.02
2022-03-28 08:45:29,533.09
2022-03-28 08:45:34,533.02
2022-03-28 08:45:39,533.02
2022-03-28 08:45:44,532.96
2022-03-28 08:45:49,532.96
2022-03-28 08:45:54,532.96
2022-03-28 08:45:59,532.89
2022-03-28 08:46:04,532.89
2022-03-28 08:46:09,532.89
2022-03-28 08:46:14,532.83
2022-03-28 08:46:19,532.83
2022-03-28 08:46:24,532.83
2022-03-28 08:46:29,532.79
2022-03-28 08:46:34,532.79
2022-03-28 08:46:39,532.73
2022-03-28 08:46:44,532.73
2022-03-28 08:46:49,532.67
2022-03-28 08:46:54,537.71
2022-03-28 08:46:59,537.71
2022-03-28 08:47:04,532.67
2022-03-28 08:47:09,532.67
2022-03-28 08:47:14,532.67
2022-03-28 08:47:19,532.6
2022-03-28 08:47:24,532.67
2022-03-28 08:47:29,532.67
2022-03-28 08:47:34,532.6
2022-03-28 08:47:39,532.67
2022-03-28 08:47:44,532.67
2022-03-28 08:47:49,532.6
2022-03-28 08:47:54,532.6
2022-03-28 08:47:59,532.6
2022-03-28 08:48:04,532.6
2022-03-28 08:48:09,532.6
2022-03-28 08:48:14,532.61
2022-03-28 08:48:19,532.57
2022-03-28 08:48:24,532.61
2022-03-28 08:48:29,532.57
2022-03-28 08:48:34,532.57
2022-03-28 08:48:39,532.57
2022-03-28 08:48:44,532.57
2022-03-28 08:48:49,532.58
2022-03-28 08:48:54,532.51
2022-03-28 08:48:59,532.57
2022-03-28 08:49:04,532.58
2022-03-28 08:49:09,532.58
2022-03-28 08:49:14,532.51
2022-03-28 08:49:19,532.58
2022-03-28 08:49:24,532.58
2022-03-28 08:49:29,532.58
2022-03-28 08:49:34,532.58
2022-03-28 08:49:39,532.58
2022-03-28 08:49:44,532.58
2022-03-28 08:49:49,532.58
2022-03-28 08:49:54,532.58
2022-03-28 08:49:59,532.58
2022-03-28 08:50:04,532.58
2022-03-28 08:50:09,532.59
2022-03-28 08:50:14,532.59
2022-03-28 08:50:19,532.52
2022-03-28 08:50:24,532.59
2022-03-28 08:50:29,532.59
2022-03-28 08:50:34,532.59
2022-03-28 08:50:39,532.52
2022-03-28 08:50:44,532.59
2022-03-28 08:50:49,532.52
2022-03-28 08:50:54,532.59
2022-03-28 08:50:59,532.59
2022-03-28 08:51:04,532.52
2022-03-28 08:51:09,532.53
2022-03-28 08:51:14,532.53
2022-03-28 08:51:19,532.53
2022-03-28 08:51:24,532.53
2022-03-28 08:51:29,532.53
2022-03-28 08:51:34,532.53
2022-03-28 08:51:39,532.53
2022-03-28 08:51:44,532.53
2022-03-28 08:51:49,532.53
2022-03-28 08:51:54,532.53
2022-03-28 08:51:59,532.53
2022-03-28 08:52:04,532.53
2022-03-28 08:52:09,532.6
2022-03-28 08:52:14,532.59
2022-03-28 08:52:19,532.6
2022-03-28 08:52:24,532.6
2022-03-28 08:52:29,532.63
2022-03-28 08:52:34,532.62
2022-03-28 08:52:39,532.69
2022-03-28 08:52:44,532.69
2022-03-28 08:52:49,532.69
2022-03-28 08:52:54,532.69
2022-03-28 08:52:59,532.75
2022-03-28 08:53:04,532.75
2022-03-28 08:53:09,532.82
2022-03-28 08:53:14,532.82
2022-03-28 08:53:19,532.82
2022-03-28 08:53:24,532.85
2022-03-28 08:53:29,532.85
2022-03-28 08:53:34,532.91
2022-03-28 08:53:39,532.91
2022-03-28 08:53:44,532.91
2022-03-28 08:53:49,532.98
2022-03-28 08:53:54,533.04
2022-03-28 08:53:59,533.04
2022-03-28 08:54:04,533.11
2022-03-28 08:54:09,533.1
2022-03-28 08:54:14,533.1
2022-03-28 08:54:19,533.14
2022-03-28 08:54:24,533.13
2022-03-28 08:54:29,533.2
2022-03-28 08:54:34,533.26
2022-03-28 08:54:39,533.26
2022-03-28 08:54:44,533.26
2022-03-28 08:54:49,537.71
2022-03-28 08:54:54,533.36
2022-03-28 08:54:59,533.36
2022-03-28 08:55:04,533.35
2022-03-28 08:55:09,533.42
2022-03-28 08:55:14,533.48
2022-03-28 08:55:19,533.54
2022-03-28 08:55:24,533.54
2022-03-28 08:55:29,533.61
2022-03-28 08:55:34,533.61
2022-03-28 08:55:39,533.7
2022-03-28 08:55:44,533.7
2022-03-28 08:55:49,533.71
2022-03-28 08:55:54,533.7
2022-03-28 08:55:59,533.77
2022-03-28 08:56:04,533.83
2022-03-28 08:56:09,533.83
2022-03-28 08:56:14,533.86
2022-03-28 08:56:19,533.86
2022-03-28 08:56:24,533.92
2022-03-28 08:56:29,533.99
2022-03-28 08:56:34,534.05
2022-03-28 08:56:39,534.11
2022-03-28 08:56:44,534.11
2022-03-28 08:56:49,534.14
2022-03-28 08:56:54,534.14
2022-03-28 08:56:59,534.27
2022-03-28 08:57:04,534.27
2022-03-28 08:57:09,537.71
2022-03-28 08:57:14,534.34
2022-03-28 08:57:19,534.37
2022-03-28 08:57:24,534.43
2022-03-28 08:57:29,534.43
2022-03-28 08:57:34,534.43
2022-03-28 08:57:39,534.49
2022-03-28 08:57:44,534.49
2022-03-28 08:57:49,534.56
2022-03-28 08:57:54,534.56
2022-03-28 08:57:59,534.62
2022-03-28 08:58:04,534.56
2022-03-28 08:58:09,534.65
2022-03-28 08:58:14,534.66
2022-03-28 08:58:19,534.65
2022-03-28 08:58:24,534.65
2022-03-28 08:58:29,534.72
2022-03-28 08:58:34,534.72
2022-03-28 08:58:39,534.72
2022-03-28 08:58:44,534.78
2022-03-28 08:58:49,534.78
2022-03-28 08:58:54,534.78
2022-03-28 08:58:59,534.78
2022-03-28 08:59:04,534.72
2022-03-28 08:59:09,534.78
2022-03-28 08:59:14,534.72
2022-03-28 08:59:19,534.78
2022-03-28 08:59:24,534.78
2022-03-28 08:59:29,534.78
2022-03-28 08:59:34,534.78
2022-03-28 08:59:39,534.78
2022-03-28 08:59:44,534.78
2022-03-28 08:59:49,534.78
2022-03-28 08:59:54,534.79
2022-03-28 08:59:59,534.85
2022-03-28 09:00:04,534.79
2022-03-28 09:00:09,534.85
2022-03-28 09:00:14,534.79
2022-03-28 09:00:19,534.85
2022-03-28 09:00:24,534.85
2022-03-28 09:00:29,534.88
2022-03-28 09:00:34,534.88
2022-03-28 09:00:39,534.95
2022-03-28 09:00:44,534.95
2022-03-28 09:00:49,535.02
2022-03-28 09:00:54,535.02
2022-03-28 09:00:59,535.08
2022-03-28 09:01:04,535.08
2022-03-28 09:01:09,535.08
2022-03-28 09:01:14,535.15
2022-03-28 09:01:19,535.18
2022-03-28 09:01:24,535.18
2022-03-28 09:01:29,535.24
2022-03-28 09:01:34,535.24
2022-03-28 09:01:39,535.31
2022-03-28 09:01:44,535.38
2022-03-28 09:01:49,535.41
2022-03-28 09:01:54,535.41
2022-03-28 09:01:59,535.47
2022-03-28 09:02:04,535.54
2022-03-28 09:02:09,535.54
2022-03-28 09:02:14,535.67
2022-03-28 09:02:19,535.67
2022-03-28 09:02:24,535.7
2022-03-28 09:02:29,535.77
2022-03-28 09:02:34,535.83
2022-03-28 09:02:39,535.83
2022-03-28 09:02:44,535.9
2022-03-28 09:02:49,535.9
2022-03-28 09:02:54,535.9
2022-03-28 09:02:59,535.93
2022-03-28 09:03:04,535.93
2022-03-28 09:03:09,536.0
2022-03-28 09:03:14,536.0
2022-03-28 09:03:19,536.0
2022-03-28 09:03:24,536.06
2022-03-28 09:03:29,536.06
2022-03-28 09:03:34,536.13
2022-03-28 09:03:39,536.06
2022-03-28 09:03:44,536.13
2022-03-28 09:03:49,536.19
2022-03-28 09:03:54,536.19
2022-03-28 09:03:59,536.23
2022-03-28 09:04:04,536.23
2022-03-28 09:04:09,536.29
2022-03-28 09:04:14,536.35
2022-03-28 09:04:19,536.35
2022-03-28 09:04:24,536.35
2022-03-28 09:04:29,536.42
2022-03-28 09:04:34,536.42
2022-03-28 09:04:39,536.42
2022-03-28 09:04:44,536.45
2022-03-28 09:04:49,536.52
2022-03-28 09:04:54,536.58
2022-03-28 09:04:59,536.58
2022-03-28 09:05:04,536.58
2022-03-28 09:05:09,536.58
2022-03-28 09:05:14,536.64
2022-03-28 09:05:19,536.7
2022-03-28 09:05:24,536.64
2022-03-28 09:05:29,536.7
2022-03-28 09:05:34,536.7
2022-03-28 09:05:39,536.73
2022-03-28 09:05:44,536.74
2022-03-28 09:05:49,536.74
2022-03-28 09:05:54,536.8
2022-03-28 09:05:59,536.8
2022-03-28 09:06:04,536.8
2022-03-28 09:06:09,536.8
2022-03-28 09:06:14,536.86
2022-03-28 09:06:19,536.86
2022-03-28 09:06:24,536.86
2022-03-28 09:06:29,536.86
2022-03-28 09:06:34,536.93
2022-03-28 09:06:39,536.93
2022-03-28 09:06:44,536.92
2022-03-28 09:06:49,536.96
2022-03-28 09:06:54,536.96
2022-03-28 09:06:59,536.96
2022-03-28 09:07:04,536.96
2022-03-28 09:07:09,536.92
2022-03-28 09:07:14,536.96
2022-03-28 09:07:19,536.95
2022-03-28 09:07:24,536.92
2022-03-28 09:07:29,536.92
2022-03-28 09:07:34,536.92
2022-03-28 09:07:39,536.92
2022-03-28 09:07:44,536.92
2022-03-28 09:07:49,536.92
2022-03-28 09:07:54,536.85
2022-03-28 09:07:59,536.85
2022-03-28 09:08:04,536.85
2022-03-28 09:08:09,536.78
2022-03-28 09:08:14,536.78
2022-03-28 09:08:19,536.72
2022-03-28 09:08:24,536.72
2022-03-28 09:08:29,536.69
2022-03-28 09:08:34,536.69
2022-03-28 09:08:39,536.68
2022-03-28 09:08:44,536.68
2022-03-28 09:08:49,536.62
2022-03-28 09:08:54,536.56
2022-03-28 09:08:59,536.56
2022-03-28 09:09:04,536.49
2022-03-28 09:09:09,536.56
2022-03-28 09:09:14,536.49
2022-03-28 09:09:19,536.42
2022-03-28 09:09:24,536.43
2022-03-28 09:09:29,536.42
2022-03-28 09:09:34,536.42
2022-03-28 09:09:39,536.39
2022-03-28 09:09:44,536.42
2022-03-28 09:09:49,536.42
2022-03-28 09:09:54,536.39
2022-03-28 09:09:59,536.39
2022-03-28 09:10:04,536.33
2022-03-28 09:10:09,536.33
2022-03-28 09:10:14,536.33
2022-03-28 09:10:19,536.33
2022-03-28 09:10:24,536.26
2022-03-28 09:10:29,536.26
2022-03-28 09:10:34,536.2
2022-03-28 09:10:39,536.2
2022-03-28 09:10:44,536.16
2022-03-28 09:10:49,536.17
2022-03-28 09:10:54,536.04
2022-03-28 09:10:59,536.04
2022-03-28 09:11:04,536.04
2022-03-28 09:11:09,536.04
2022-03-28 09:11:14,535.97
2022-03-28 09:11:19,535.91
2022-03-28 09:11:24,535.91
2022-03-28 09:11:29,535.88
2022-03-28 09:11:34,535.81
2022-03-28 09:11:39,535.75
2022-03-28 09:11:44,535.75
2022-03-28 09:11:49,535.69
2022-03-28 09:11:54,535.65
2022-03-28 09:11:59,535.65
2022-03-28 09:12:04,535.59
2022-03-28 09:12:09,535.53
2022-03-28 09:12:14,535.46
2022-03-28 09:12:19,535.4
2022-03-28 09:12:24,535.37
2022-03-28 09:12:29,535.3
2022-03-28 09:12:34,535.37
2022-03-28 09:12:39,535.3
2022-03-28 09:12:44,535.24
2022-03-28 09:12:49,535.17
2022-03-28 09:12:54,535.14
2022-03-28 09:12:59,535.08
2022-03-28 09:13:04,535.08
2022-03-28 09:13:09,535.02
2022-03-28 09:13:14,534.89
2022-03-28 09:13:19,534.89
2022-03-28 09:13:24,534.79
2022-03-28 09:13:29,534.73
2022-03-28 09:13:34,534.67
2022-03-28 09:13:39,534.63
2022-03-28 09:13:44,534.57
2022-03-28 09:13:49,534.51
2022-03-28 09:13:54,534.44
2022-03-28 09:13:59,534.38
2022-03-28 09:14:04,534.35
2022-03-28 09:14:09,534.28
2022-03-28 09:14:14,534.15
2022-03-28 09:14:19,534.12
2022-03-28 09:14:24,534.06
2022-03-28 09:14:29,533.93
2022-03-28 09:14:34,533.93
2022-03-28 09:14:39,533.87
2022-03-28 09:14:44,533.84
2022-03-28 09:14:49,533.77
2022-03-28 09:14:54,533.71
2022-03-28 09:14:59,533.64
2022-03-28 09:15:04,533.61
2022-03-28 09:15:09,533.55
2022-03-28 09:15:14,533.48
2022-03-28 09:15:19,533.48
2022-03-28 09:15:24,533.42
2022-03-28 09:15:29,533.36
2022-03-28 09:15:34,533.35
2022-03-28 09:15:39,533.32
2022-03-28 09:15:44,533.32
2022-03-28 09:15:49,533.26
2022-03-28 09:15:54,533.2
2022-03-28 09:15:59,533.2
2022-03-28 09:16:04,533.13
2022-03-28 09:16:09,533.1
2022-03-28 09:16:14,533.03
2022-03-28 09:16:19,533.1
2022-03-28 09:16:24,532.97
2022-03-28 09:16:29,532.91
2022-03-28 09:16:34,532.84
2022-03-28 09:16:39,532.81
2022-03-28 09:16:44,532.81
2022-03-28 09:16:49,532.74
2022-03-28 09:16:54,532.68
2022-03-28 09:16:59,532.68
2022-03-28 09:17:04,532.62
2022-03-28 09:17:09,532.58
2022-03-28 09:17:14,532.52
2022-03-28 09:17:19,532.52
2022-03-28 09:17:24,532.46
2022-03-28 09:17:29,532.45
2022-03-28 09:17:34,532.39
2022-03-28 09:17:39,532.39
2022-03-28 09:17:44,532.29
2022-03-28 09:17:49,532.32
2022-03-28 09:17:54,532.29
2022-03-28 09:17:59,532.22
2022-03-28 09:18:04,532.22
2022-03-28 09:18:09,532.16
2022-03-28 09:18:14,532.16
2022-03-28 09:18:19,532.06
2022-03-28 09:18:24,532.06
2022-03-28 09:18:29,532.06
2022-03-28 09:18:34,532.06
2022-03-28 09:18:39,532.0
2022-03-28 09:18:44,532.0
2022-03-28 09:18:49,531.93
2022-03-28 09:18:54,531.93
2022-03-28 09:18:59,531.93
2022-03-28 09:19:04,531.8
2022-03-28 09:19:09,531.8
2022-03-28 09:19:14,531.8
2022-03-28 09:19:19,531.77
2022-03-28 09:19:24,531.77
2022-03-28 09:19:29,531.76
2022-03-28 09:19:34,531.7
2022-03-28 09:19:39,531.64
2022-03-28 09:19:44,531.63
2022-03-28 09:19:49,531.57
2022-03-28 09:19:54,531.54
2022-03-28 09:19:59,531.47
2022-03-28 09:20:04,531.47
2022-03-28 09:20:09,531.47
2022-03-28 09:20:14,531.41
2022-03-28 09:20:19,531.34
2022-03-28 09:20:24,531.34
2022-03-28 09:20:29,531.34
2022-03-28 09:20:34,531.27
2022-03-28 09:20:39,531.24
2022-03-28 09:20:44,531.24
2022-03-28 09:20:49,531.24
2022-03-28 09:20:54,531.18
2022-03-28 09:20:59,531.18
2022-03-28 09:21:04,531.11
2022-03-28 09:21:09,531.11
2022-03-28 09:21:14,531.05
2022-03-28 09:21:19,531.05
2022-03-28 09:21:24,531.01
2022-03-28 09:21:29,531.01
2022-03-28 09:21:34,531.01
2022-03-28 09:21:39,531.01
2022-03-28 09:21:44,530.95
2022-03-28 09:21:49,530.95
2022-03-28 09:21:54,530.89
2022-03-28 09:21:59,530.82
2022-03-28 09:22:04,530.82
2022-03-28 09:22:09,530.75
2022-03-28 09:22:14,530.82
2022-03-28 09:22:19,530.76
2022-03-28 09:22:24,530.76
2022-03-28 09:22:29,530.72
2022-03-28 09:22:34,530.72
2022-03-28 09:22:39,530.72
2022-03-28 09:22:44,530.66
2022-03-28 09:22:49,530.66
2022-03-28 09:22:54,530.59
2022-03-28 09:22:59,530.6
2022-03-28 09:23:04,530.53
2022-03-28 09:23:09,530.53
2022-03-28 09:23:14,530.5
2022-03-28 09:23:19,530.5
2022-03-28 09:23:24,530.5
2022-03-28 09:23:29,530.5
2022-03-28 09:23:34,530.5
2022-03-28 09:23:39,530.5
2022-03-28 09:23:44,530.44
2022-03-28 09:23:49,530.44
2022-03-28 09:23:54,530.44
2022-03-28 09:23:59,530.5
2022-03-28 09:24:04,530.5
2022-03-28 09:24:09,530.44
2022-03-28 09:24:14,530.54
2022-03-28 09:24:19,530.54
2022-03-28 09:24:24,530.6
2022-03-28 09:24:29,530.6
2022-03-28 09:24:34,530.6
2022-03-28 09:24:39,530.67
2022-03-28 09:24:44,530.67
2022-03-28 09:24:49,530.67
2022-03-28 09:24:54,530.73
2022-03-28 09:24:59,530.77
2022-03-28 09:25:04,530.77
2022-03-28 09:25:09,530.83
2022-03-28 09:25:14,530.83
2022-03-28 09:25:19,530.9
2022-03-28 09:25:24,530.96
2022-03-28 09:25:29,531.03
2022-03-28 09:25:34,531.03
2022-03-28 09:25:39,531.06
2022-03-28 09:25:44,531.13
2022-03-28 09:25:49,531.19
2022-03-28 09:25:54,531.26
2022-03-28 09:25:59,531.29
2022-03-28 09:26:04,531.42
2022-03-28 09:26:09,531.48
2022-03-28 09:26:14,531.55
2022-03-28 09:26:19,531.65
2022-03-28 09:26:24,531.71
2022-03-28 09:26:29,531.78
2022-03-28 09:26:34,531.87
2022-03-28 09:26:39,531.94
2022-03-28 09:26:44,532.07
2022-03-28 09:26:49,532.1
2022-03-28 09:26:54,532.23
2022-03-28 09:26:59,532.29
2022-03-28 09:27:04,532.39
2022-03-28 09:27:09,532.52
2022-03-28 09:27:14,532.52
2022-03-28 09:27:19,532.68
2022-03-28 09:27:24,532.75
2022-03-28 09:27:29,532.81
2022-03-28 09:27:34,532.91
2022-03-28 09:27:39,532.97
2022-03-28 09:27:44,533.1
2022-03-28 09:27:49,533.1
2022-03-28 09:27:54,533.26
2022-03-28 09:27:59,533.33
2022-03-28 09:28:04,533.36
2022-03-28 09:28:09,533.49
2022-03-28 09:28:14,533.55
2022-03-28 09:28:19,533.65
2022-03-28 09:28:24,533.71
2022-03-28 09:28:29,533.78
2022-03-28 09:28:34,533.87
2022-03-28 09:28:39,534.0
2022-03-28 09:28:44,534.07
2022-03-28 09:28:49,534.13
2022-03-28 09:28:54,534.16
2022-03-28 09:28:59,534.29
2022-03-28 09:29:04,534.35
2022-03-28 09:29:09,534.39
2022-03-28 09:29:14,534.45
2022-03-28 09:29:19,534.58
2022-03-28 09:29:24,534.64
2022-03-28 09:29:29,534.74
2022-03-28 09:29:34,534.8
2022-03-28 09:29:39,534.9
2022-03-28 09:29:44,534.96
2022-03-28 09:29:49,535.09
2022-03-28 09:29:54,535.19
2022-03-28 09:29:59,535.25
2022-03-28 09:30:04,535.38
2022-03-28 09:30:09,535.48
2022-03-28 09:30:14,535.61
2022-03-28 09:30:19,535.7
2022-03-28 09:30:24,535.83
2022-03-28 09:30:29,535.93
2022-03-28 09:30:34,535.99
2022-03-28 09:30:39,536.05
2022-03-28 09:30:44,536.18
2022-03-28 09:30:49,536.34
2022-03-28 09:30:54,536.41
2022-03-28 09:30:59,536.5
2022-03-28 09:31:04,536.63
2022-03-28 09:31:09,536.69
2022-03-28 09:31:14,536.79
2022-03-28 09:31:19,536.92
2022-03-28 09:31:24,537.02
2022-03-28 09:31:29,537.08
2022-03-28 09:31:34,537.24
2022-03-28 09:31:39,537.3
2022-03-28 09:31:44,537.37
2022-03-28 09:31:49,537.46
2022-03-28 09:31:54,537.65
2022-03-28 09:31:59,537.72
2022-03-28 09:32:04,537.81
2022-03-28 09:32:09,537.94
2022-03-28 09:32:14,537.97
2022-03-28 09:32:19,538.17
2022-03-28 09:32:24,538.26
2022-03-28 09:32:29,538.33
2022-03-28 09:32:34,538.45
2022-03-28 09:32:39,538.55
2022-03-28 09:32:44,538.68
2022-03-28 09:32:49,538.77
2022-03-28 09:32:54,538.9
2022-03-28 09:32:59,539.0
2022-03-28 09:33:04,539.13
2022-03-28 09:33:09,539.29
2022-03-28 09:33:14,539.35
2022-03-28 09:33:19,539.48
2022-03-28 09:33:24,539.58
2022-03-28 09:33:29,539.71
2022-03-28 09:33:34,539.8
2022-03-28 09:33:39,539.8
2022-03-28 09:33:44,539.93
2022-03-28 09:33:49,540.03
2022-03-28 09:33:54,540.16
2022-03-28 09:33:59,540.22
2022-03-28 09:34:04,540.29
2022-03-28 09:34:09,540.32
2022-03-28 09:34:14,540.45
2022-03-28 09:34:19,540.51
2022-03-28 09:34:24,540.55
2022-03-28 09:34:29,540.61
2022-03-28 09:34:34,540.67
2022-03-28 09:34:39,540.74
2022-03-28 09:34:44,540.8
2022-03-28 09:34:49,540.84
2022-03-28 09:34:54,540.96
2022-03-28 09:34:59,540.97
2022-03-28 09:35:04,541.03
2022-03-28 09:35:09,541.06
2022-03-28 09:35:14,541.06
2022-03-28 09:35:19,541.19
2022-03-28 09:35:24,537.71
2022-03-28 09:35:29,541.26
2022-03-28 09:35:34,541.26
2022-03-28 09:35:39,541.26
2022-03-28 09:35:44,541.26
2022-03-28 09:35:49,541.32
2022-03-28 09:35:54,541.32
2022-03-28 09:35:59,541.32
2022-03-28 09:36:04,541.32
2022-03-28 09:36:09,541.32
2022-03-28 09:36:14,541.26
2022-03-28 09:36:19,541.26
2022-03-28 09:36:24,541.26
2022-03-28 09:36:29,541.2
2022-03-28 09:36:34,541.13
2022-03-28 09:36:39,541.14
2022-03-28 09:36:44,541.07
2022-03-28 09:36:49,541.04
2022-03-28 09:36:54,541.04
2022-03-28 09:36:59,540.91
2022-03-28 09:37:04,540.85
2022-03-28 09:37:09,540.82
2022-03-28 09:37:14,540.69
2022-03-28 09:37:19,540.63
2022-03-28 09:37:24,540.56
2022-03-28 09:37:29,540.47
2022-03-28 09:37:34,540.4
2022-03-28 09:37:39,540.31
2022-03-28 09:37:44,540.18
2022-03-28 09:37:49,540.05
2022-03-28 09:37:54,539.89
2022-03-28 09:37:59,539.83
2022-03-28 09:38:04,539.67
2022-03-28 09:38:09,539.54
2022-03-28 09:38:14,539.38
2022-03-28 09:38:19,539.28
2022-03-28 09:38:24,539.09
2022-03-28 09:38:29,538.93
2022-03-28 09:38:34,538.8
2022-03-28 09:38:39,538.64
2022-03-28 09:38:44,538.42
2022-03-28 09:38:49,538.29
2022-03-28 09:38:54,538.06
2022-03-28 09:38:59,537.9
2022-03-28 09:39:04,537.74
2022-03-28 09:39:09,537.48
2022-03-28 09:39:14,537.32
2022-03-28 09:39:19,537.16
2022-03-28 09:39:24,536.93
2022-03-28 09:39:29,536.74
2022-03-28 09:39:34,536.52
2022-03-28 09:39:39,536.23
2022-03-28 09:39:44,536.06
2022-03-28 09:39:49,535.84
2022-03-28 09:39:54,535.62
2022-03-28 09:39:59,535.32
2022-03-28 09:40:04,535.2
2022-03-28 09:40:09,534.97
2022-03-28 09:40:14,534.74
2022-03-28 09:40:19,534.52
2022-03-28 09:40:24,534.36
2022-03-28 09:40:29,534.13
2022-03-28 09:40:34,533.88
2022-03-28 09:40:39,533.62
2022-03-28 09:40:44,533.42
2022-03-28 09:40:49,533.2
2022-03-28 09:40:54,533.04
2022-03-28 09:40:59,532.81
2022-03-28 09:41:04,532.58
2022-03-28 09:41:09,532.39
2022-03-28 09:41:14,532.23
2022-03-28 09:41:19,532.0
2022-03-28 09:41:24,531.78
2022-03-28 09:41:29,531.55
2022-03-28 09:41:34,531.36
2022-03-28 09:41:39,531.2
2022-03-28 09:41:44,531.04
2022-03-28 09:41:49,530.84
2022-03-28 09:41:54,530.68
2022-03-28 09:41:59,530.52
2022-03-28 09:42:04,530.32
2022-03-28 09:42:09,530.17
2022-03-28 09:42:14,530.04
2022-03-28 09:42:19,529.87
2022-03-28 09:42:24,529.71
2022-03-28 09:42:29,529.52
2022-03-28 09:42:34,529.42
2022-03-28 09:42:39,529.29
2022-03-28 09:42:44,529.19
2022-03-28 09:42:49,529.0
2022-03-28 09:42:54,528.9
2022-03-28 09:42:59,528.77
2022-03-28 09:43:04,528.68
2022-03-28 09:43:09,528.55
2022-03-28 09:43:14,528.45
2022-03-28 09:43:19,528.32
2022-03-28 09:43:24,528.19
2022-03-28 09:43:29,528.16
2022-03-28 09:43:34,528.09
2022-03-28 09:43:39,527.96
2022-03-28 09:43:44,527.93
2022-03-28 09:43:49,527.86
2022-03-28 09:43:54,527.8
2022-03-28 09:43:59,527.74
2022-03-28 09:44:04,527.67
2022-03-28 09:44:09,527.64
2022-03-28 09:44:14,527.57
2022-03-28 09:44:19,527.57
2022-03-28 09:44:24,527.51
2022-03-28 09:44:29,527.44
2022-03-28 09:44:34,527.41
2022-03-28 09:44:39,527.41
2022-03-28 09:44:44,527.34
2022-03-28 09:44:49,527.34
2022-03-28 09:44:54,527.34
2022-03-28 09:44:59,527.34
2022-03-28 09:45:04,527.28
2022-03-28 09:45:09,527.34
2022-03-28 09:45:14,527.34
2022-03-28 09:45:19,527.41
2022-03-28 09:45:24,527.41
2022-03-28 09:45:29,527.41
2022-03-28 09:45:34,527.44
2022-03-28 09:45:39,527.5
2022-03-28 09:45:44,527.57
2022-03-28 09:45:49,527.57
2022-03-28 09:45:54,527.66
2022-03-28 09:45:59,527.73
2022-03-28 09:46:04,527.86
2022-03-28 09:46:09,527.92
2022-03-28 09:46:14,528.02
2022-03-28 09:46:19,528.08
2022-03-28 09:46:24,528.18
2022-03-28 09:46:29,528.37
2022-03-28 09:46:34,528.47
2022-03-28 09:46:39,528.6
2022-03-28 09:46:44,528.7
2022-03-28 09:46:49,528.82
2022-03-28 09:46:54,528.99
2022-03-28 09:46:59,529.11
2022-03-28 09:47:04,529.28
2022-03-28 09:47:09,529.47
2022-03-28 09:47:14,529.57
2022-03-28 09:47:19,529.79
2022-03-28 09:47:24,529.92
2022-03-28 09:47:29,530.08
2022-03-28 09:47:34,530.24
2022-03-28 09:47:39,530.44
2022-03-28 09:47:44,530.53
2022-03-28 09:47:49,530.76
2022-03-28 09:47:54,530.89
2022-03-28 09:47:59,531.11
2022-03-28 09:48:04,531.28
2022-03-28 09:48:09,531.47
2022-03-28 09:48:14,531.63
2022-03-28 09:48:19,531.79
2022-03-28 09:48:24,532.05
2022-03-28 09:48:29,532.15
2022-03-28 09:48:34,532.28
2022-03-28 09:48:39,532.5
2022-03-28 09:48:44,532.67
2022-03-28 09:48:49,532.83
2022-03-28 09:48:54,533.02
2022-03-28 09:48:59,533.12
2022-03-28 09:49:04,533.34
2022-03-28 09:49:09,533.47
2022-03-28 09:49:14,533.6
2022-03-28 09:49:19,533.83
2022-03-28 09:49:24,533.86
2022-03-28 09:49:29,534.12
2022-03-28 09:49:34,534.15
2022-03-28 09:49:39,534.35
2022-03-28 09:49:44,534.44
2022-03-28 09:49:49,534.57
2022-03-28 09:49:54,534.73
2022-03-28 09:49:59,534.86
2022-03-28 09:50:04,534.96
2022-03-28 09:50:09,535.09
2022-03-28 09:50:14,535.19
2022-03-28 09:50:19,535.32
2022-03-28 09:50:24,535.48
2022-03-28 09:50:29,535.61
2022-03-28 09:50:34,535.7
2022-03-28 09:50:39,535.83
2022-03-28 09:50:44,535.9
2022-03-28 09:50:49,535.99
2022-03-28 09:50:54,536.12
2022-03-28 09:50:59,536.22
2022-03-28 09:51:04,536.35
2022-03-28 09:51:09,536.41
2022-03-28 09:51:14,536.44
2022-03-28 09:51:19,536.57
2022-03-28 09:51:24,536.64
2022-03-28 09:51:29,536.7
2022-03-28 09:51:34,536.73
2022-03-28 09:51:39,536.8
2022-03-28 09:51:44,536.93
2022-03-28 09:51:49,536.93
2022-03-28 09:51:54,536.96
2022-03-28 09:51:59,536.96
2022-03-28 09:52:04,536.96
2022-03-28 09:52:09,537.02
2022-03-28 09:52:14,537.02
2022-03-28 09:52:19,537.09
2022-03-28 09:52:24,537.09
2022-03-28 09:52:29,537.09
2022-03-28 09:52:34,537.08
2022-03-28 09:52:39,537.09
2022-03-28 09:52:44,537.08
2022-03-28 09:52:49,537.15
2022-03-28 09:52:54,537.08
2022-03-28 09:52:59,537.15
2022-03-28 09:53:04,537.08
2022-03-28 09:53:09,537.08
2022-03-28 09:53:14,537.08
2022-03-28 09:53:19,537.02
2022-03-28 09:53:24,537.02
2022-03-28 09:53:29,536.95
2022-03-28 09:53:34,536.95
2022-03-28 09:53:39,536.92
2022-03-28 09:53:44,536.92
2022-03-28 09:53:49,536.85
2022-03-28 09:53:54,536.79
2022-03-28 09:53:59,536.79
2022-03-28 09:54:04,536.72
2022-03-28 09:54:09,536.69
2022-03-28 09:54:14,536.69
2022-03-28 09:54:19,536.62
2022-03-28 09:54:24,536.56
2022-03-28 09:54:29,536.56
2022-03-28 09:54:34,536.49
2022-03-28 09:54:39,536.43
2022-03-28 09:54:44,536.39
2022-03-28 09:54:49,536.39
2022-03-28 09:54:54,536.33
2022-03-28 09:54:59,536.26
2022-03-28 09:55:04,536.26
2022-03-28 09:55:09,536.2
2022-03-28 09:55:14,536.2
2022-03-28 09:55:19,536.19
2022-03-28 09:55:24,536.16
2022-03-28 09:55:29,536.1
2022-03-28 09:55:34,536.1
2022-03-28 09:55:39,535.97
2022-03-28 09:55:44,536.03
2022-03-28 09:55:49,536.03
2022-03-28 09:55:54,535.96
2022-03-28 09:55:59,535.9
2022-03-28 09:56:04,535.9
2022-03-28 09:56:09,535.9
2022-03-28 09:56:14,535.86
2022-03-28 09:56:19,535.86
2022-03-28 09:56:24,535.86
2022-03-28 09:56:29,535.86
2022-03-28 09:56:34,535.86
2022-03-28 09:56:39,535.86
2022-03-28 09:56:44,535.86
2022-03-28 09:56:49,535.8
2022-03-28 09:56:54,535.8
2022-03-28 09:56:59,535.8
2022-03-28 09:57:04,535.8
2022-03-28 09:57:09,535.8
2022-03-28 09:57:14,535.8
2022-03-28 09:57:19,535.8
2022-03-28 09:57:24,535.8
2022-03-28 09:57:29,535.79
2022-03-28 09:57:34,535.8
2022-03-28 09:57:39,535.79
2022-03-28 09:57:44,535.79
2022-03-28 09:57:49,535.79
2022-03-28 09:57:54,535.79
2022-03-28 09:57:59,535.86
2022-03-28 09:58:04,535.86
2022-03-28 09:58:09,535.89
2022-03-28 09:58:14,535.89
2022-03-28 09:58:19,535.89
2022-03-28 09:58:24,535.89
2022-03-28 09:58:29,535.95
2022-03-28 09:58:34,536.02
2022-03-28 09:58:39,536.02
2022-03-28 09:58:44,536.02
2022-03-28 09:58:49,536.02
2022-03-28 09:58:54,536.09
2022-03-28 09:58:59,536.15
2022-03-28 09:59:04,536.15
2022-03-28 09:59:09,536.18
2022-03-28 09:59:14,536.18
2022-03-28 09:59:19,536.25
2022-03-28 09:59:24,536.31
2022-03-28 09:59:29,536.31
2022-03-28 09:59:34,536.38
2022-03-28 09:59:39,536.41
2022-03-28 09:59:44,536.47
2022-03-28 09:59:49,536.54
2022-03-28 09:59:54,536.54
2022-03-28 09:59:59,536.61
2022-03-28 10:00:04,536.67
2022-03-28 10:00:09,536.7
2022-03-28 10:00:14,536.77
2022-03-28 10:00:19,536.83
2022-03-28 10:00:24,536.89
2022-03-28 10:00:29,536.93
2022-03-28 10:00:34,536.99
2022-03-28 10:00:39,536.99
2022-03-28 10:00:44,537.06
2022-03-28 10:00:49,537.12
2022-03-28 10:00:54,537.19
2022-03-28 10:00:59,537.22
2022-03-28 10:01:04,537.29
2022-03-28 10:01:09,537.35
2022-03-28 10:01:14,537.45
2022-03-28 10:01:19,537.45
2022-03-28 10:01:24,537.58
2022-03-28 10:01:29,537.64
2022-03-28 10:01:34,537.64
2022-03-28 10:01:39,537.8
2022-03-28 10:01:44,537.87
2022-03-28 10:01:49,537.93
2022-03-28 10:01:54,537.97
2022-03-28 10:01:59,538.03
2022-03-28 10:02:04,538.09
2022-03-28 10:02:09,538.16
2022-03-28 10:02:14,538.22
2022-03-28 10:02:19,538.32
2022-03-28 10:02:24,538.38
2022-03-28 10:02:29,538.45
2022-03-28 10:02:34,538.48
2022-03-28 10:02:39,538.48
2022-03-28 10:02:44,538.54
2022-03-28 10:02:49,538.67
2022-03-28 10:02:54,538.74
2022-03-28 10:02:59,538.77
2022-03-28 10:03:04,538.83
2022-03-28 10:03:09,538.9
2022-03-28 10:03:14,538.96
2022-03-28 10:03:19,539.0
2022-03-28 10:03:24,539.06
2022-03-28 10:03:29,539.13
2022-03-28 10:03:34,539.25
2022-03-28 10:03:39,539.29
2022-03-28 10:03:44,539.29
2022-03-28 10:03:49,539.35
2022-03-28 10:03:54,539.48
2022-03-28 10:03:59,539.48
2022-03-28 10:04:04,539.51
2022-03-28 10:04:09,539.57
2022-03-28 10:04:14,539.7
2022-03-28 10:04:19,539.76
2022-03-28 10:04:24,539.76
2022-03-28 10:04:29,539.79
2022-03-28 10:04:34,539.86
2022-03-28 10:04:39,539.86
2022-03-28 10:04:44,539.92
2022-03-28 10:04:49,540.02
2022-03-28 10:04:54,540.02
2022-03-28 10:04:59,540.02
2022-03-28 10:05:04,540.08
2022-03-28 10:05:09,540.08
2022-03-28 10:05:14,540.14
2022-03-28 10:05:19,540.14
2022-03-28 10:05:24,540.14
2022-03-28 10:05:29,540.14
2022-03-28 10:05:34,540.14
2022-03-28 10:05:39,540.14
2022-03-28 10:05:44,540.14
2022-03-28 10:05:49,540.14
2022-03-28 10:05:54,540.14
2022-03-28 10:05:59,540.07
2022-03-28 10:06:04,540.07
2022-03-28 10:06:09,540.07
2022-03-28 10:06:14,540.01
2022-03-28 10:06:19,540.01
2022-03-28 10:06:24,540.01
2022-03-28 10:06:29,540.01
2022-03-28 10:06:34,539.97
2022-03-28 10:06:39,539.9
2022-03-28 10:06:44,539.84
2022-03-28 10:06:49,539.84
2022-03-28 10:06:54,539.77
2022-03-28 10:06:59,539.67
2022-03-28 10:07:04,539.68
2022-03-28 10:07:09,539.61
2022-03-28 10:07:14,539.54
2022-03-28 10:07:19,539.45
2022-03-28 10:07:24,539.32
2022-03-28 10:07:29,539.25
2022-03-28 10:07:34,539.22
2022-03-28 10:07:39,539.09
2022-03-28 10:07:44,539.02
2022-03-28 10:07:49,538.93
2022-03-28 10:07:54,538.8
2022-03-28 10:07:59,538.73
2022-03-28 10:08:04,538.7
2022-03-28 10:08:09,538.57
2022-03-28 10:08:14,538.51
2022-03-28 10:08:19,538.41
2022-03-28 10:08:24,538.34
2022-03-28 10:08:29,538.22
2022-03-28 10:08:34,538.18
2022-03-28 10:08:39,538.05
2022-03-28 10:08:44,537.92
2022-03-28 10:08:49,537.83
2022-03-28 10:08:54,537.76
2022-03-28 10:08:59,537.67
2022-03-28 10:09:04,537.6
2022-03-28 10:09:09,537.47
2022-03-28 10:09:14,537.41
2022-03-28 10:09:19,537.31
2022-03-28 10:09:24,537.25
2022-03-28 10:09:29,537.15
2022-03-28 10:09:34,537.02
2022-03-28 10:09:39,536.96
2022-03-28 10:09:44,536.86
2022-03-28 10:09:49,536.8
2022-03-28 10:09:54,536.73
2022-03-28 10:09:59,536.57
2022-03-28 10:10:04,536.44
2022-03-28 10:10:09,536.38
2022-03-28 10:10:14,536.28
2022-03-28 10:10:19,536.15
2022-03-28 10:10:24,536.06
2022-03-28 10:10:29,535.93
2022-03-28 10:10:34,535.83
2022-03-28 10:10:39,535.7
2022-03-28 10:10:44,535.61
2022-03-28 10:10:49,535.54
2022-03-28 10:10:54,535.41
2022-03-28 10:10:59,535.35
2022-03-28 10:11:04,535.25
2022-03-28 10:11:09,535.19
2022-03-28 10:11:14,535.09
2022-03-28 10:11:19,534.96
2022-03-28 10:11:24,534.9
2022-03-28 10:11:29,534.8
2022-03-28 10:11:34,534.74
2022-03-28 10:11:39,534.61
2022-03-28 10:11:44,534.61
2022-03-28 10:11:49,534.58
2022-03-28 10:11:54,534.45
2022-03-28 10:11:59,534.39
2022-03-28 10:12:04,534.39
2022-03-28 10:12:09,534.32
2022-03-28 10:12:14,534.23
2022-03-28 10:12:19,534.23
2022-03-28 10:12:24,534.23
2022-03-28 10:12:29,534.17
2022-03-28 10:12:34,534.23
2022-03-28 10:12:39,534.23
2022-03-28 10:12:44,534.23
2022-03-28 10:12:49,537.71
2022-03-28 10:12:54,534.23
2022-03-28 10:12:59,534.23
2022-03-28 10:13:04,534.23
2022-03-28 10:13:09,534.3
2022-03-28 10:13:14,534.3
2022-03-28 10:13:19,534.3
2022-03-28 10:13:24,534.33
2022-03-28 10:13:29,534.33
2022-03-28 10:13:34,534.39
2022-03-28 10:13:39,534.39
2022-03-28 10:13:44,534.46
2022-03-28 10:13:49,534.52
2022-03-28 10:13:54,534.52
2022-03-28 10:13:59,534.59
2022-03-28 10:14:04,534.62
2022-03-28 10:14:09,534.68
2022-03-28 10:14:14,534.75
2022-03-28 10:14:19,534.81
2022-03-28 10:14:24,534.81
2022-03-28 10:14:29,534.85
2022-03-28 10:14:34,534.91
2022-03-28 10:14:39,535.04
2022-03-28 10:14:44,535.1
2022-03-28 10:14:49,535.13
2022-03-28 10:14:54,535.26
2022-03-28 10:14:59,535.36
2022-03-28 10:15:04,535.42
2022-03-28 10:15:09,535.49
2022-03-28 10:15:14,535.55
2022-03-28 10:15:19,535.65
2022-03-28 10:15:24,535.78
2022-03-28 10:15:29,535.87
2022-03-28 10:15:34,536.0
2022-03-28 10:15:39,536.13
2022-03-28 10:15:44,536.16
2022-03-28 10:15:49,536.29
2022-03-28 10:15:54,536.38
2022-03-28 10:15:59,536.51
2022-03-28 10:16:04,536.58
2022-03-28 10:16:09,536.74
2022-03-28 10:16:14,536.8
2022-03-28 10:16:19,536.9
2022-03-28 10:16:24,537.09
2022-03-28 10:16:29,537.15
2022-03-28 10:16:34,537.25
2022-03-28 10:16:39,537.38
2022-03-28 10:16:44,537.47
2022-03-28 10:16:49,537.6
2022-03-28 10:16:54,537.7
2022-03-28 10:16:59,537.82
2022-03-28 10:17:04,537.92
2022-03-28 10:17:09,537.99
2022-03-28 10:17:14,538.18
2022-03-28 10:17:19,538.21
2022-03-28 10:17:24,538.34
2022-03-28 10:17:29,538.43
2022-03-28 10:17:34,538.56
2022-03-28 10:17:39,538.62
2022-03-28 10:17:44,538.69
2022-03-28 10:17:49,538.72
2022-03-28 10:17:54,538.85
2022-03-28 10:17:59,538.91
2022-03-28 10:18:04,538.94
2022-03-28 10:18:09,539.0
2022-03-28 10:18:14,539.13
2022-03-28 10:18:19,539.13
2022-03-28 10:18:24,539.2
2022-03-28 10:18:29,539.23
2022-03-28 10:18:34,539.23
2022-03-28 10:18:39,539.29
2022-03-28 10:18:44,539.36
2022-03-28 10:18:49,539.36
2022-03-28 10:18:54,539.42
2022-03-28 10:18:59,539.42
2022-03-28 10:19:04,539.45
2022-03-28 10:19:09,539.45
2022-03-28 10:19:14,539.45
2022-03-28 10:19:19,539.45
2022-03-28 10:19:24,539.45
2022-03-28 10:19:29,539.45
2022-03-28 10:19:34,539.41
2022-03-28 10:19:39,539.45
2022-03-28 10:19:44,539.41
2022-03-28 10:19:49,539.42
2022-03-28 10:19:54,539.35
2022-03-28 10:19:59,539.35
2022-03-28 10:20:04,539.28
2022-03-28 10:20:09,539.28
2022-03-28 10:20:14,539.22
2022-03-28 10:20:19,539.22
2022-03-28 10:20:24,539.22
2022-03-28 10:20:29,539.19
2022-03-28 10:20:34,539.12
2022-03-28 10:20:39,539.12
2022-03-28 10:20:44,539.06
2022-03-28 10:20:49,538.99
2022-03-28 10:20:54,538.9
2022-03-28 10:20:59,538.77
2022-03-28 10:21:04,538.77
2022-03-28 10:21:09,538.71
2022-03-28 10:21:14,538.68
2022-03-28 10:21:19,538.61
2022-03-28 10:21:24,538.48
2022-03-28 10:21:29,538.39
2022-03-28 10:21:34,538.32
2022-03-28 10:21:39,538.19
2022-03-28 10:21:44,538.1
2022-03-28 10:21:49,538.03
2022-03-28 10:21:54,537.9
2022-03-28 10:21:59,537.81
2022-03-28 10:22:04,537.74
2022-03-28 10:22:09,537.65
2022-03-28 10:22:14,537.52
2022-03-28 10:22:19,537.39
2022-03-28 10:22:24,537.36
2022-03-28 10:22:29,537.23
2022-03-28 10:22:34,537.13
2022-03-28 10:22:39,537.01
2022-03-28 10:22:44,536.84
2022-03-28 10:22:49,536.72
2022-03-28 10:22:54,536.65
2022-03-28 10:22:59,536.56
2022-03-28 10:23:04,536.37
2022-03-28 10:23:09,536.27
2022-03-28 10:23:14,536.11
2022-03-28 10:23:19,535.98
2022-03-28 10:23:24,535.85
2022-03-28 10:23:29,535.69
2022-03-28 10:23:34,535.59
2022-03-28 10:23:39,535.4
2022-03-28 10:23:44,535.34
2022-03-28 10:23:49,535.25
2022-03-28 10:23:54,535.12
2022-03-28 10:23:59,534.96
2022-03-28 10:24:04,534.89
2022-03-28 10:24:09,534.73
2022-03-28 10:24:14,534.67
2022-03-28 10:24:19,534.57
2022-03-28 10:24:24,534.44
2022-03-28 10:24:29,534.38
2022-03-28 10:24:34,534.28
2022-03-28 10:24:39,534.16
2022-03-28 10:24:44,534.16
2022-03-28 10:24:49,534.06
2022-03-28 10:24:54,534.06
2022-03-28 10:24:59,533.93
2022-03-28 10:25:04,533.87
2022-03-28 10:25:09,533.87
2022-03-28 10:25:14,533.77
2022-03-28 10:25:19,533.77
2022-03-28 10:25:24,533.71
2022-03-28 10:25:29,533.71
2022-03-28 10:25:34,533.71
2022-03-28 10:25:39,533.64
2022-03-28 10:25:44,533.58
2022-03-28 10:25:49,533.58
2022-03-28 10:25:54,533.58
2022-03-28 10:25:59,533.64
2022-03-28 10:26:04,533.58
2022-03-28 10:26:09,533.58
2022-03-28 10:26:14,533.64
2022-03-28 10:26:19,533.64
2022-03-28 10:26:24,533.64
2022-03-28 10:26:29,533.71
2022-03-28 10:26:34,533.77
2022-03-28 10:26:39,533.77
2022-03-28 10:26:44,533.77
2022-03-28 10:26:49,533.8
2022-03-28 10:26:54,533.8
2022-03-28 10:26:59,533.8
2022-03-28 10:27:04,533.93
2022-03-28 10:27:09,533.93
2022-03-28 10:27:14,533.86
2022-03-28 10:27:19,533.93
2022-03-28 10:27:24,533.93
2022-03-28 10:27:29,533.99
2022-03-28 10:27:34,533.99
2022-03-28 10:27:39,534.05
2022-03-28 10:27:44,534.09
2022-03-28 10:27:49,534.09
2022-03-28 10:27:54,534.09
2022-03-28 10:27:59,534.15
2022-03-28 10:28:04,534.22
2022-03-28 10:28:09,534.21
2022-03-28 10:28:14,534.28
2022-03-28 10:28:19,534.28
2022-03-28 10:28:24,534.38
2022-03-28 10:28:29,534.31
2022-03-28 10:28:34,534.37
2022-03-28 10:28:39,534.37
2022-03-28 10:28:44,534.44
2022-03-28 10:28:49,534.44
2022-03-28 10:28:54,534.43
2022-03-28 10:28:59,534.43
2022-03-28 10:29:04,534.37
2022-03-28 10:29:09,534.37
2022-03-28 10:29:14,534.36
2022-03-28 10:29:19,534.37
2022-03-28 10:29:24,534.36
2022-03-28 10:29:29,534.3
2022-03-28 10:29:34,534.27
2022-03-28 10:29:39,534.27
2022-03-28 10:29:44,534.27
2022-03-28 10:29:49,534.2
2022-03-28 10:29:54,534.2
2022-03-28 10:29:59,534.14
2022-03-28 10:30:04,534.07
2022-03-28 10:30:09,534.04
2022-03-28 10:30:14,534.04
2022-03-28 10:30:19,533.97
2022-03-28 10:30:24,533.97
2022-03-28 10:30:29,533.84
2022-03-28 10:30:34,533.9
2022-03-28 10:30:39,533.77
2022-03-28 10:30:44,533.78
2022-03-28 10:30:49,533.74
2022-03-28 10:30:54,533.74
2022-03-28 10:30:59,533.68
2022-03-28 10:31:04,533.61
2022-03-28 10:31:09,533.55
2022-03-28 10:31:14,533.55
2022-03-28 10:31:19,533.45
2022-03-28 10:31:24,533.45
2022-03-28 10:31:29,533.38
2022-03-28 10:31:34,533.32
2022-03-28 10:31:39,533.26
2022-03-28 10:31:44,533.22
2022-03-28 10:31:49,533.16
2022-03-28 10:31:54,533.16
2022-03-28 10:31:59,533.09
2022-03-28 10:32:04,533.03
2022-03-28 10:32:09,533.0
2022-03-28 10:32:14,533.0
2022-03-28 10:32:19,532.87
2022-03-28 10:32:24,532.8
2022-03-28 10:32:29,532.74
2022-03-28 10:32:34,532.71
2022-03-28 10:32:39,532.65
2022-03-28 10:32:44,532.58
2022-03-28 10:32:49,532.51
2022-03-28 10:32:54,532.48
2022-03-28 10:32:59,532.42
2022-03-28 10:33:04,532.35
2022-03-28 10:33:09,532.29
2022-03-28 10:33:14,532.23
2022-03-28 10:33:19,532.2
2022-03-28 10:33:24,532.13
2022-03-28 10:33:29,532.07
2022-03-28 10:33:34,532.07
2022-03-28 10:33:39,532.0
2022-03-28 10:33:44,531.97
2022-03-28 10:33:49,531.91
2022-03-28 10:33:54,531.84
2022-03-28 10:33:59,531.78
2022-03-28 10:34:04,531.72
2022-03-28 10:34:09,531.69
2022-03-28 10:34:14,531.56
2022-03-28 10:34:19,531.56
2022-03-28 10:34:24,531.49
2022-03-28 10:34:29,531.46
2022-03-28 10:34:34,531.4
2022-03-28 10:34:39,531.33
2022-03-28 10:34:44,531.27
2022-03-28 10:34:49,531.21
2022-03-28 10:34:54,531.21
2022-03-28 10:34:59,531.17
2022-03-28 10:35:04,531.11
2022-03-28 10:35:09,531.05
2022-03-28 10:35:14,530.98
2022-03-28 10:35:19,530.95
2022-03-28 10:35:24,530.95
2022-03-28 10:35:29,530.88
2022-03-28 10:35:34,530.82
2022-03-28 10:35:39,530.76
2022-03-28 10:35:44,530.76
2022-03-28 10:35:49,530.66
2022-03-28 10:35:54,530.6
2022-03-28 10:35:59,530.53
2022-03-28 10:36:04,530.44
2022-03-28 10:36:09,530.37
2022-03-28 10:36:14,530.31
2022-03-28 10:36:19,530.24
2022-03-28 10:36:24,530.18
2022-03-28 10:36:29,530.15
2022-03-28 10:36:34,530.08
2022-03-28 10:36:39,530.02
2022-03-28 10:36:44,529.92
2022-03-28 10:36:49,529.92
2022-03-28 10:36:54,537.71
2022-03-28 10:36:59,529.79
2022-03-28 10:37:04,529.67
2022-03-28 10:37:09,529.63
2022-03-28 10:37:14,529.57
2022-03-28 10:37:19,529.44
2022-03-28 10:37:24,529.41
2022-03-28 10:37:29,529.34
2022-03-28 10:37:34,529.27
2022-03-28 10:37:39,529.15
2022-03-28 10:37:44,529.11
2022-03-28 10:37:49,529.05
2022-03-28 10:37:54,528.98
2022-03-28 10:37:59,528.89
2022-03-28 10:38:04,528.82
2022-03-28 10:38:09,528.76
2022-03-28 10:38:14,528.69
2022-03-28 10:38:19,528.63
2022-03-28 10:38:24,528.6
2022-03-28 10:38:29,528.47
2022-03-28 10:38:34,528.47
2022-03-28 10:38:39,528.4
2022-03-28 10:38:44,528.37
2022-03-28 10:38:49,528.31
2022-03-28 10:38:54,528.18
2022-03-28 10:38:59,528.11
2022-03-28 10:39:04,528.01
2022-03-28 10:39:09,527.95
2022-03-28 10:39:14,527.89
2022-03-28 10:39:19,527.85
2022-03-28 10:39:24,527.78
2022-03-28 10:39:29,527.72
2022-03-28 10:39:34,527.66
2022-03-28 10:39:39,527.59
2022-03-28 10:39:44,527.49
2022-03-28 10:39:49,527.43
2022-03-28 10:39:54,527.43
2022-03-28 10:39:59,527.33
2022-03-28 10:40:04,527.33
2022-03-28 10:40:09,527.26
2022-03-28 10:40:14,527.2
2022-03-28 10:40:19,527.14
2022-03-28 10:40:24,527.13
2022-03-28 10:40:29,527.07
2022-03-28 10:40:34,527.07
2022-03-28 10:40:39,527.03
2022-03-28 10:40:44,526.97
2022-03-28 10:40:49,526.97
2022-03-28 10:40:54,526.96
2022-03-28 10:40:59,526.97
2022-03-28 10:41:04,526.97
2022-03-28 10:41:09,526.97
2022-03-28 10:41:14,526.97
2022-03-28 10:41:19,537.71
2022-03-28 10:41:24,527.03
2022-03-28 10:41:29,527.03
2022-03-28 10:41:34,527.03
2022-03-28 10:41:39,527.06
2022-03-28 10:41:44,527.06
2022-03-28 10:41:49,527.12
2022-03-28 10:41:54,527.12
2022-03-28 10:41:59,527.19
2022-03-28 10:42:04,527.19
2022-03-28 10:42:09,527.25
2022-03-28 10:42:14,527.25
2022-03-28 10:42:19,527.31
2022-03-28 10:42:24,527.35
2022-03-28 10:42:29,527.35
2022-03-28 10:42:34,527.47
2022-03-28 10:42:39,527.48
2022-03-28 10:42:44,527.57
2022-03-28 10:42:49,527.57
2022-03-28 10:42:54,527.63
2022-03-28 10:42:59,527.7
2022-03-28 10:43:04,527.76
2022-03-28 10:43:09,527.83
2022-03-28 10:43:14,527.86
2022-03-28 10:43:19,527.93
2022-03-28 10:43:24,527.99
2022-03-28 10:43:29,528.06
2022-03-28 10:43:34,528.15
2022-03-28 10:43:39,528.28
2022-03-28 10:43:44,528.35
2022-03-28 10:43:49,528.44
2022-03-28 10:43:54,528.57
2022-03-28 10:43:59,528.6
2022-03-28 10:44:04,528.73
2022-03-28 10:44:09,528.8
2022-03-28 10:44:14,528.9
2022-03-28 10:44:19,529.02
2022-03-28 10:44:24,529.12
2022-03-28 10:44:29,529.18
2022-03-28 10:44:34,529.31
2022-03-28 10:44:39,529.48
2022-03-28 10:44:44,529.54
2022-03-28 10:44:49,529.7
2022-03-28 10:44:54,529.83
2022-03-28 10:44:59,529.93
2022-03-28 10:45:04,529.99
2022-03-28 10:45:09,530.12
2022-03-28 10:45:14,530.22
2022-03-28 10:45:19,530.35
2022-03-28 10:45:24,530.51
2022-03-28 10:45:29,530.64
2022-03-28 10:45:34,530.74
2022-03-28 10:45:39,530.87
2022-03-28 10:45:44,530.96
2022-03-28 10:45:49,531.09
2022-03-28 10:45:54,531.19
2022-03-28 10:45:59,531.32
2022-03-28 10:46:04,531.48
2022-03-28 10:46:09,531.61
2022-03-28 10:46:14,531.68
2022-03-28 10:46:19,531.84
2022-03-28 10:46:24,531.97
2022-03-28 10:46:29,532.06
2022-03-28 10:46:34,532.19
2022-03-28 10:46:39,532.29
2022-03-28 10:46:44,532.42
2022-03-28 10:46:49,532.51
2022-03-28 10:46:54,532.64
2022-03-28 10:46:59,532.74
2022-03-28 10:47:04,532.87
2022-03-28 10:47:09,533.0
2022-03-28 10:47:14,533.1
2022-03-28 10:47:19,533.16
2022-03-28 10:47:24,533.32
2022-03-28 10:47:29,533.45
2022-03-28 10:47:34,533.52
2022-03-28 10:47:39,533.61
2022-03-28 10:47:44,533.68
2022-03-28 10:47:49,533.77
2022-03-28 10:47:54,533.78
2022-03-28 10:47:59,533.9
2022-03-28 10:48:04,534.04
2022-03-28 10:48:09,534.13
2022-03-28 10:48:14,534.13
2022-03-28 10:48:19,534.26
2022-03-28 10:48:24,534.29
2022-03-28 10:48:29,534.42
2022-03-28 10:48:34,534.48
2022-03-28 10:48:39,534.55
2022-03-28 10:48:44,534.58
2022-03-28 10:48:49,534.65
2022-03-28 10:48:54,534.81
2022-03-28 10:48:59,534.87
2022-03-28 10:49:04,534.93
2022-03-28 10:49:09,535.0
2022-03-28 10:49:14,535.07
2022-03-28 10:49:19,535.16
2022-03-28 10:49:24,535.16
2022-03-28 10:49:29,535.29
2022-03-28 10:49:34,535.32
2022-03-28 10:49:39,535.38
2022-03-28 10:49:44,535.39
2022-03-28 10:49:49,535.51
2022-03-28 10:49:54,535.51
2022-03-28 10:49:59,535.58
2022-03-28 10:50:04,535.58
2022-03-28 10:50:09,535.61
2022-03-28 10:50:14,535.61
2022-03-28 10:50:19,535.61
2022-03-28 10:50:24,535.67
2022-03-28 10:50:29,535.67
2022-03-28 10:50:34,535.67
2022-03-28 10:50:39,535.73
2022-03-28 10:50:44,535.73
2022-03-28 10:50:49,535.73
2022-03-28 10:50:54,535.8
2022-03-28 10:50:59,535.8
2022-03-28 10:51:04,535.8
2022-03-28 10:51:09,535.8
2022-03-28 10:51:14,535.8
2022-03-28 10:51:19,535.83
2022-03-28 10:51:24,535.8
2022-03-28 10:51:29,535.83
2022-03-28 10:51:34,535.82
2022-03-28 10:51:39,535.82
2022-03-28 10:51:44,535.79
2022-03-28 10:51:49,535.82
2022-03-28 10:51:54,535.82
2022-03-28 10:51:59,535.82
2022-03-28 10:52:04,535.82
2022-03-28 10:52:09,535.82
2022-03-28 10:52:14,535.79
2022-03-28 10:52:19,535.78
2022-03-28 10:52:24,535.79
2022-03-28 10:52:29,535.72
2022-03-28 10:52:34,535.72
2022-03-28 10:52:39,535.72
2022-03-28 10:52:44,535.72
2022-03-28 10:52:49,535.65
2022-03-28 10:52:54,535.65
2022-03-28 10:52:59,535.59
2022-03-28 10:53:04,535.59
2022-03-28 10:53:09,535.49
2022-03-28 10:53:14,535.49
2022-03-28 10:53:19,535.42
2022-03-28 10:53:24,535.43
2022-03-28 10:53:29,535.36
2022-03-28 10:53:34,535.3
2022-03-28 10:53:39,535.26
2022-03-28 10:53:44,535.26
2022-03-28 10:53:49,535.2
2022-03-28 10:53:54,535.13
2022-03-28 10:53:59,535.07
2022-03-28 10:54:04,535.07
2022-03-28 10:54:09,535.04
2022-03-28 10:54:14,534.97
2022-03-28 10:54:19,534.97
2022-03-28 10:54:24,534.91
2022-03-28 10:54:29,534.91
2022-03-28 10:54:34,534.84
2022-03-28 10:54:39,534.84
2022-03-28 10:54:44,534.78
2022-03-28 10:54:49,534.78
2022-03-28 10:54:54,534.75
2022-03-28 10:54:59,534.75
2022-03-28 10:55:04,534.75
2022-03-28 10:55:09,534.68
2022-03-28 10:55:14,534.68
2022-03-28 10:55:19,534.68
2022-03-28 10:55:24,534.68
2022-03-28 10:55:29,534.62
2022-03-28 10:55:34,534.62
2022-03-28 10:55:39,534.68
2022-03-28 10:55:44,534.62
2022-03-28 10:55:49,534.68
2022-03-28 10:55:54,534.62
2022-03-28 10:55:59,534.69
2022-03-28 10:56:04,534.69
2022-03-28 10:56:09,534.69
2022-03-28 10:56:14,534.69
2022-03-28 10:56:19,534.69
2022-03-28 10:56:24,534.75
2022-03-28 10:56:29,537.71
2022-03-28 10:56:34,534.85
2022-03-28 10:56:39,534.79
2022-03-28 10:56:44,534.85
2022-03-28 10:56:49,534.92
2022-03-28 10:56:54,534.92
2022-03-28 10:56:59,534.98
2022-03-28 10:57:04,534.98
2022-03-28 10:57:09,535.05
2022-03-28 10:57:14,535.08
2022-03-28 10:57:19,535.14
2022-03-28 10:57:24,535.21
2022-03-28 10:57:29,535.27
2022-03-28 10:57:34,535.31
2022-03-28 10:57:39,535.37
2022-03-28 10:57:44,535.37
2022-03-28 10:57:49,535.44
2022-03-28 10:57:54,535.5
2022-03-28 10:57:59,535.6
2022-03-28 10:58:04,535.67
2022-03-28 10:58:09,535.8
2022-03-28 10:58:14,535.83
2022-03-28 10:58:19,535.96
2022-03-28 10:58:24,536.02
2022-03-28 10:58:29,536.09
2022-03-28 10:58:34,536.19
2022-03-28 10:58:39,536.31
2022-03-28 10:58:44,536.35
2022-03-28 10:58:49,536.41
2022-03-28 10:58:54,536.54
2022-03-28 10:58:59,536.64
2022-03-28 10:59:04,536.7
2022-03-28 10:59:09,536.86
2022-03-28 10:59:14,536.93
2022-03-28 10:59:19,537.12
2022-03-28 10:59:24,537.15
2022-03-28 10:59:29,537.28
2022-03-28 10:59:34,537.38
2022-03-28 10:59:39,537.51
2022-03-28 10:59:44,537.64
2022-03-28 10:59:49,537.74
2022-03-28 10:59:54,537.87
2022-03-28 10:59:59,538.03
2022-03-28 11:00:04,538.15
2022-03-28 11:00:09,538.25
2022-03-28 11:00:14,538.38
2022-03-28 11:00:19,538.54
2022-03-28 11:00:24,538.67
2022-03-28 11:00:29,538.83
2022-03-28 11:00:34,538.93
2022-03-28 11:00:39,539.12
2022-03-28 11:00:44,539.22
2022-03-28 11:00:49,539.45
2022-03-28 11:00:54,539.57
2022-03-28 11:00:59,539.73
2022-03-28 11:01:04,539.93
2022-03-28 11:01:09,540.02
2022-03-28 11:01:14,540.22
2022-03-28 11:01:19,540.38
2022-03-28 11:01:24,540.54
2022-03-28 11:01:29,540.73
2022-03-28 11:01:34,540.89
2022-03-28 11:01:39,541.05
2022-03-28 11:01:44,541.18
2022-03-28 11:01:49,541.34
2022-03-28 11:01:54,541.5
2022-03-28 11:01:59,541.63
2022-03-28 11:02:04,541.76
2022-03-28 11:02:09,541.92
2022-03-28 11:02:14,542.01
2022-03-28 11:02:19,542.21
2022-03-28 11:02:24,542.3
2022-03-28 11:02:29,542.5
2022-03-28 11:02:34,542.53
2022-03-28 11:02:39,542.66
2022-03-28 11:02:44,542.79
2022-03-28 11:02:49,542.82
2022-03-28 11:02:54,542.88
2022-03-28 11:02:59,542.95
2022-03-28 11:03:04,543.01
2022-03-28 11:03:09,543.04
2022-03-28 11:03:14,543.11
2022-03-28 11:03:19,543.17
2022-03-28 11:03:24,543.1
2022-03-28 11:03:29,543.1
2022-03-28 11:03:34,543.1
2022-03-28 11:03:39,543.1
2022-03-28 11:03:44,543.1
2022-03-28 11:03:49,543.03
2022-03-28 11:03:54,543.03
2022-03-28 11:03:59,543.0
2022-03-28 11:04:04,542.94
2022-03-28 11:04:09,542.87
2022-03-28 11:04:14,542.81
2022-03-28 11:04:19,542.77
2022-03-28 11:04:24,542.64
2022-03-28 11:04:29,542.58
2022-03-28 11:04:34,542.48
2022-03-28 11:04:39,542.42
2022-03-28 11:04:44,542.26
2022-03-28 11:04:49,542.13
2022-03-28 11:04:54,542.0
2022-03-28 11:04:59,541.9
2022-03-28 11:05:04,541.74
2022-03-28 11:05:09,541.55
2022-03-28 11:05:14,541.45
2022-03-28 11:05:19,541.26
2022-03-28 11:05:24,541.16
2022-03-28 11:05:29,540.94
2022-03-28 11:05:34,540.8
2022-03-28 11:05:39,540.64
2022-03-28 11:05:44,540.45
2022-03-28 11:05:49,540.29
2022-03-28 11:05:54,540.06
2022-03-28 11:05:59,539.9
2022-03-28 11:06:04,539.68
2022-03-28 11:06:09,539.42
2022-03-28 11:06:14,539.26
2022-03-28 11:06:19,539.03
2022-03-28 11:06:24,538.81
2022-03-28 11:06:29,538.65
2022-03-28 11:06:34,538.39
2022-03-28 11:06:39,538.16
2022-03-28 11:06:44,537.88
2022-03-28 11:06:49,537.62
2022-03-28 11:06:54,537.36
2022-03-28 11:06:59,537.1
2022-03-28 11:07:04,536.91
2022-03-28 11:07:09,536.62
2022-03-28 11:07:14,536.4
2022-03-28 11:07:19,536.11
2022-03-28 11:07:24,535.82
2022-03-28 11:07:29,535.56
2022-03-28 11:07:34,535.27
2022-03-28 11:07:39,534.98
2022-03-28 11:07:44,534.69
2022-03-28 11:07:49,534.4
2022-03-28 11:07:54,534.18
2022-03-28 11:07:59,533.82
2022-03-28 11:08:04,533.53
2022-03-28 11:08:09,533.25
2022-03-28 11:08:14,532.99
2022-03-28 11:08:19,532.63
2022-03-28 11:08:24,532.34
2022-03-28 11:08:29,532.05
2022-03-28 11:08:34,531.7
2022-03-28 11:08:39,531.38
2022-03-28 11:08:44,531.09
2022-03-28 11:08:49,530.8
2022-03-28 11:08:54,530.45
2022-03-28 11:08:59,530.13
2022-03-28 11:09:04,529.77
2022-03-28 11:09:09,529.42
2022-03-28 11:09:14,529.13
2022-03-28 11:09:19,528.75
2022-03-28 11:09:24,528.46
2022-03-28 11:09:29,528.1
2022-03-28 11:09:34,527.78
2022-03-28 11:09:39,527.5
2022-03-28 11:09:44,527.14
2022-03-28 11:09:49,526.82
2022-03-28 11:09:54,526.47
2022-03-28 11:09:59,526.11
2022-03-28 11:10:04,525.83
2022-03-28 11:10:09,525.5
2022-03-28 11:10:14,525.15
2022-03-28 11:10:19,524.8
2022-03-28 11:10:24,524.57
2022-03-28 11:10:29,524.25
2022-03-28 11:10:34,523.9
2022-03-28 11:10:39,523.61
2022-03-28 11:10:44,523.25
2022-03-28 11:10:49,522.93
2022-03-28 11:10:54,522.64
2022-03-28 11:10:59,522.35
2022-03-28 11:11:04,522.07
2022-03-28 11:11:09,521.78
2022-03-28 11:11:14,521.49
2022-03-28 11:11:19,521.33
2022-03-28 11:11:24,520.97
2022-03-28 11:11:29,520.75
2022-03-28 11:11:34,520.46
2022-03-28 11:11:39,520.23
2022-03-28 11:11:44,537.71
2022-03-28 11:11:49,519.72
2022-03-28 11:11:54,519.49
2022-03-28 11:11:59,519.27
2022-03-28 11:12:04,519.11
2022-03-28 11:12:09,518.85
2022-03-28 11:12:14,518.69
2022-03-28 11:12:19,518.53
2022-03-28 11:12:24,518.3
2022-03-28 11:12:29,518.11
2022-03-28 11:12:34,517.95
2022-03-28 11:12:39,517.82
2022-03-28 11:12:44,517.72
2022-03-28 11:12:49,517.56
2022-03-28 11:12:54,517.5
2022-03-28 11:12:59,517.37
2022-03-28 11:13:04,517.27
2022-03-28 11:13:09,517.21
2022-03-28 11:13:14,517.21
2022-03-28 11:13:19,517.08
2022-03-28 11:13:24,517.08
2022-03-28 11:13:29,517.05
2022-03-28 11:13:34,517.05
2022-03-28 11:13:39,517.05
2022-03-28 11:13:44,517.05
2022-03-28 11:13:49,537.71
2022-03-28 11:13:54,517.08
2022-03-28 11:13:59,517.14
2022-03-28 11:14:04,517.27
2022-03-28 11:14:09,517.37
2022-03-28 11:14:14,517.43
2022-03-28 11:14:19,517.56
2022-03-28 11:14:24,517.66
2022-03-28 11:14:29,517.82
2022-03-28 11:14:34,517.95
2022-03-28 11:14:39,518.07
2022-03-28 11:14:44,518.24
2022-03-28 11:14:49,518.33
2022-03-28 11:14:54,518.52
2022-03-28 11:14:59,518.75
2022-03-28 11:15:04,518.91
2022-03-28 11:15:09,519.1
2022-03-28 11:15:14,519.33
2022-03-28 11:15:19,519.49
2022-03-28 11:15:24,519.71
2022-03-28 11:15:29,519.87
2022-03-28 11:15:34,520.06
2022-03-28 11:15:39,520.29
2022-03-28 11:15:44,520.51
2022-03-28 11:15:49,520.74
2022-03-28 11:15:54,520.9
2022-03-28 11:15:59,521.19
2022-03-28 11:16:04,521.38
2022-03-28 11:16:09,521.6
2022-03-28 11:16:14,521.83
2022-03-28 11:16:19,522.05
2022-03-28 11:16:24,522.22
2022-03-28 11:16:29,522.44
2022-03-28 11:16:34,522.63
2022-03-28 11:16:39,522.79
2022-03-28 11:16:44,523.02
2022-03-28 11:16:49,523.21
2022-03-28 11:16:54,523.44
2022-03-28 11:16:59,523.66
2022-03-28 11:17:04,523.82
2022-03-28 11:17:09,523.95
2022-03-28 11:17:14,524.11
2022-03-28 11:17:19,537.71
2022-03-28 11:17:24,524.47
2022-03-28 11:17:29,524.69
2022-03-28 11:17:34,524.79
2022-03-28 11:17:39,524.98
2022-03-28 11:17:44,525.14
2022-03-28 11:17:49,525.3
2022-03-28 11:17:54,525.5
2022-03-28 11:17:59,525.66
2022-03-28 11:18:04,525.79
2022-03-28 11:18:09,525.95
2022-03-28 11:18:14,526.04
2022-03-28 11:18:19,526.24
2022-03-28 11:18:24,526.33
2022-03-28 11:18:29,526.46
2022-03-28 11:18:34,526.62
2022-03-28 11:18:39,526.76
2022-03-28 11:18:44,526.85
2022-03-28 11:18:49,526.98
2022-03-28 11:18:54,527.04
2022-03-28 11:18:59,527.08
2022-03-28 11:19:04,527.21
2022-03-28 11:19:09,527.34
2022-03-28 11:19:14,527.37
2022-03-28 11:19:19,527.44
2022-03-28 11:19:24,527.56
2022-03-28 11:19:29,527.6
2022-03-28 11:19:34,527.66
2022-03-28 11:19:39,527.72
2022-03-28 11:19:44,527.79
2022-03-28 11:19:49,527.79
2022-03-28 11:19:54,527.86
2022-03-28 11:19:59,527.95
2022-03-28 11:20:04,527.95
2022-03-28 11:20:09,528.02
2022-03-28 11:20:14,528.08
2022-03-28 11:20:19,528.12
2022-03-28 11:20:24,528.18
2022-03-28 11:20:29,528.25
2022-03-28 11:20:34,528.25
2022-03-28 11:20:39,528.31
2022-03-28 11:20:44,528.38
2022-03-28 11:20:49,528.41
2022-03-28 11:20:54,528.41
2022-03-28 11:20:59,528.47
2022-03-28 11:21:04,528.54
2022-03-28 11:21:09,528.61
2022-03-28 11:21:14,528.61
2022-03-28 11:21:19,528.64
2022-03-28 11:21:24,528.7
2022-03-28 11:21:29,528.7
2022-03-28 11:21:34,528.7
2022-03-28 11:21:39,528.77
2022-03-28 11:21:44,528.84
2022-03-28 11:21:49,528.77
2022-03-28 11:21:54,528.84
2022-03-28 11:21:59,528.9
2022-03-28 11:22:04,528.9
2022-03-28 11:22:09,528.93
2022-03-28 11:22:14,528.93
2022-03-28 11:22:19,529.0
2022-03-28 11:22:24,529.0
2022-03-28 11:22:29,529.07
2022-03-28 11:22:34,529.07
2022-03-28 11:22:39,529.13
2022-03-28 11:22:44,529.13
2022-03-28 11:22:49,529.16
2022-03-28 11:22:54,529.17
2022-03-28 11:22:59,529.23
2022-03-28 11:23:04,529.23
2022-03-28 11:23:09,529.29
2022-03-28 11:23:14,529.36
2022-03-28 11:23:19,529.42
2022-03-28 11:23:24,529.42
2022-03-28 11:23:29,537.71
2022-03-28 11:23:34,529.45
2022-03-28 11:23:39,529.52
2022-03-28 11:23:44,529.52
2022-03-28 11:23:49,537.71
2022-03-28 11:23:54,529.59
2022-03-28 11:23:59,529.59
2022-03-28 11:24:04,529.65
2022-03-28 11:24:09,529.68
2022-03-28 11:24:14,529.75
2022-03-28 11:24:19,529.75
2022-03-28 11:24:24,529.81
2022-03-28 11:24:29,529.87
2022-03-28 11:24:34,529.87
2022-03-28 11:24:39,529.94
2022-03-28 11:24:44,529.97
2022-03-28 11:24:49,529.97
2022-03-28 11:24:54,530.04
2022-03-28 11:24:59,530.1
2022-03-28 11:25:04,530.1
2022-03-28 11:25:09,530.16
2022-03-28 11:25:14,530.16
2022-03-28 11:25:19,530.2
2022-03-28 11:25:24,530.19
2022-03-28 11:25:29,530.26
2022-03-28 11:25:34,530.26
2022-03-28 11:25:39,530.32
2022-03-28 11:25:44,530.39
2022-03-28 11:25:49,530.39
2022-03-28 11:25:54,530.45
2022-03-28 11:25:59,530.48
2022-03-28 11:26:04,530.48
2022-03-28 11:26:09,530.54
2022-03-28 11:26:14,530.61
2022-03-28 11:26:19,530.67
2022-03-28 11:26:24,530.67
2022-03-28 11:26:29,530.7
2022-03-28 11:26:34,530.7
2022-03-28 11:26:39,530.7
2022-03-28 11:26:44,530.76
2022-03-28 11:26:49,530.83
2022-03-28 11:26:54,530.83
2022-03-28 11:26:59,530.89
2022-03-28 11:27:04,530.96
2022-03-28 11:27:09,530.99
2022-03-28 11:27:14,530.99
2022-03-28 11:27:19,531.05
2022-03-28 11:27:24,531.05
2022-03-28 11:27:29,531.11
2022-03-28 11:27:34,531.21
2022-03-28 11:27:39,531.27
2022-03-28 11:27:44,531.27
2022-03-28 11:27:49,531.34
2022-03-28 11:27:54,531.4
2022-03-28 11:27:59,531.5
2022-03-28 11:28:04,531.5
2022-03-28 11:28:09,531.56
2022-03-28 11:28:14,531.69
2022-03-28 11:28:19,531.69
2022-03-28 11:28:24,531.78
2022-03-28 11:28:29,531.85
2022-03-28 11:28:34,531.91
2022-03-28 11:28:39,531.91
2022-03-28 11:28:44,531.98
2022-03-28 11:28:49,532.01
2022-03-28 11:28:54,532.07
2022-03-28 11:28:59,532.14
2022-03-28 11:29:04,532.23
2022-03-28 11:29:09,532.23
2022-03-28 11:29:14,532.36
2022-03-28 11:29:19,532.36
2022-03-28 11:29:24,532.42
2022-03-28 11:29:29,532.52
2022-03-28 11:29:34,532.59
2022-03-28 11:29:39,532.65
2022-03-28 11:29:44,532.72
2022-03-28 11:29:49,532.81
2022-03-28 11:29:54,532.88
2022-03-28 11:29:59,532.94
2022-03-28 11:30:04,533.01
2022-03-28 11:30:09,533.04
2022-03-28 11:30:14,533.17
2022-03-28 11:30:19,533.17
2022-03-28 11:30:24,533.26
2022-03-28 11:30:29,533.33
2022-03-28 11:30:34,533.46
2022-03-28 11:30:39,533.52
2022-03-28 11:30:44,533.56
2022-03-28 11:30:49,533.68
2022-03-28 11:30:54,533.75
2022-03-28 11:30:59,533.78
2022-03-28 11:31:04,533.85
2022-03-28 11:31:09,533.91
2022-03-28 11:31:14,534.04
2022-03-28 11:31:19,534.07
2022-03-28 11:31:24,534.2
2022-03-28 11:31:29,534.2
2022-03-28 11:31:34,534.3
2022-03-28 11:31:39,534.36
2022-03-28 11:31:44,534.43
2022-03-28 11:31:49,534.56
2022-03-28 11:31:54,534.56
2022-03-28 11:31:59,534.59
2022-03-28 11:32:04,534.72
2022-03-28 11:32:09,534.79
2022-03-28 11:32:14,534.82
2022-03-28 11:32:19,534.88
2022-03-28 11:32:24,534.95
2022-03-28 11:32:29,535.01
2022-03-28 11:32:34,535.08
2022-03-28 11:32:39,535.11
2022-03-28 11:32:44,535.17
2022-03-28 11:32:49,535.3
2022-03-28 11:32:54,535.34
2022-03-28 11:32:59,535.4
2022-03-28 11:33:04,535.47
2022-03-28 11:33:09,535.53
2022-03-28 11:33:14,535.6
2022-03-28 11:33:19,535.63
2022-03-28 11:33:24,535.69
2022-03-28 11:33:29,535.76
2022-03-28 11:33:34,535.83
2022-03-28 11:33:39,535.86
2022-03-28 11:33:44,535.99
2022-03-28 11:33:49,535.99
2022-03-28 11:33:54,536.12
2022-03-28 11:33:59,536.12
2022-03-28 11:34:04,536.21
2022-03-28 11:34:09,536.28
2022-03-28 11:34:14,536.34
2022-03-28 11:34:19,536.34
2022-03-28 11:34:24,536.38
2022-03-28 11:34:29,536.5
2022-03-28 11:34:34,536.57
2022-03-28 11:34:39,536.57
2022-03-28 11:34:44,536.64
2022-03-28 11:34:49,536.67
2022-03-28 11:34:54,536.73
2022-03-28 11:34:59,536.8
2022-03-28 11:35:04,536.86
2022-03-28 11:35:09,536.96
2022-03-28 11:35:14,537.02
2022-03-28 11:35:19,537.02
2022-03-28 11:35:24,537.15
2022-03-28 11:35:29,537.18
2022-03-28 11:35:34,537.25
2022-03-28 11:35:39,537.31
2022-03-28 11:35:44,537.38
2022-03-28 11:35:49,537.41
2022-03-28 11:35:54,537.41
2022-03-28 11:35:59,537.47
2022-03-28 11:36:04,537.47
2022-03-28 11:36:09,537.54
2022-03-28 11:36:14,537.53
2022-03-28 11:36:19,537.6
2022-03-28 11:36:24,537.6
2022-03-28 11:36:29,537.66
2022-03-28 11:36:34,537.66
2022-03-28 11:36:39,537.66
2022-03-28 11:36:44,537.7
2022-03-28 11:36:49,537.66
2022-03-28 11:36:54,537.69
2022-03-28 11:36:59,537.69
2022-03-28 11:37:04,537.76
2022-03-28 11:37:09,537.69
2022-03-28 11:37:14,537.69
2022-03-28 11:37:19,537.69
2022-03-28 11:37:24,537.69
2022-03-28 11:37:29,537.66
2022-03-28 11:37:34,537.66
2022-03-28 11:37:39,537.66
2022-03-28 11:37:44,537.66
2022-03-28 11:37:49,537.59
2022-03-28 11:37:54,537.59
2022-03-28 11:37:59,537.59
2022-03-28 11:38:04,537.53
2022-03-28 11:38:09,537.46
2022-03-28 11:38:14,537.46
2022-03-28 11:38:19,537.39
2022-03-28 11:38:24,537.36
2022-03-28 11:38:29,537.39
2022-03-28 11:38:34,537.36
2022-03-28 11:38:39,537.36
2022-03-28 11:38:44,537.29
2022-03-28 11:38:49,537.23
2022-03-28 11:38:54,537.16
2022-03-28 11:38:59,537.16
2022-03-28 11:39:04,537.16
2022-03-28 11:39:09,537.16
2022-03-28 11:39:14,537.16
2022-03-28 11:39:19,537.15
2022-03-28 11:39:24,537.12
2022-03-28 11:39:29,537.12
2022-03-28 11:39:34,537.06
2022-03-28 11:39:39,537.06
2022-03-28 11:39:44,537.06
2022-03-28 11:39:49,536.99
2022-03-28 11:39:54,537.05
2022-03-28 11:39:59,536.99
2022-03-28 11:40:04,536.99
2022-03-28 11:40:09,536.99
2022-03-28 11:40:14,536.93
2022-03-28 11:40:19,536.99
2022-03-28 11:40:24,536.93
2022-03-28 11:40:29,536.92
2022-03-28 11:40:34,536.92
2022-03-28 11:40:39,536.86
2022-03-28 11:40:44,536.92
2022-03-28 11:40:49,536.86
2022-03-28 11:40:54,536.86
2022-03-28 11:40:59,536.86
2022-03-28 11:41:04,536.86
2022-03-28 11:41:09,536.86
2022-03-28 11:41:14,536.86
2022-03-28 11:41:19,536.83
2022-03-28 11:41:24,536.86
2022-03-28 11:41:29,536.86
2022-03-28 11:41:34,536.83
2022-03-28 11:41:39,536.83
2022-03-28 11:41:44,536.83
2022-03-28 11:41:49,536.83
2022-03-28 11:41:54,536.76
2022-03-28 11:41:59,536.76
2022-03-28 11:42:04,536.76
2022-03-28 11:42:09,536.76
2022-03-28 11:42:14,536.76
2022-03-28 11:42:19,536.76
2022-03-28 11:42:24,536.7
2022-03-28 11:42:29,536.77
2022-03-28 11:42:34,536.7
2022-03-28 11:42:39,536.7
2022-03-28 11:42:44,536.7
2022-03-28 11:42:49,536.63
2022-03-28 11:42:54,536.7
2022-03-28 11:42:59,536.64
2022-03-28 11:43:04,536.61
2022-03-28 11:43:09,536.6
2022-03-28 11:43:14,536.6
2022-03-28 11:43:19,536.61
2022-03-28 11:43:24,536.48
2022-03-28 11:43:29,536.54
2022-03-28 11:43:34,536.48
2022-03-28 11:43:39,536.48
2022-03-28 11:43:44,536.42
2022-03-28 11:43:49,536.35
2022-03-28 11:43:54,536.35
2022-03-28 11:43:59,536.32
2022-03-28 11:44:04,536.26
2022-03-28 11:44:09,536.19
2022-03-28 11:44:14,536.13
2022-03-28 11:44:19,536.13
2022-03-28 11:44:24,536.13
2022-03-28 11:44:29,536.03
2022-03-28 11:44:34,536.03
2022-03-28 11:44:39,536.04
2022-03-28 11:44:44,535.97
2022-03-28 11:44:49,535.91
2022-03-28 11:44:54,535.85
2022-03-28 11:44:59,535.85
2022-03-28 11:45:04,535.81
2022-03-28 11:45:09,535.75
2022-03-28 11:45:14,535.69
2022-03-28 11:45:19,535.69
2022-03-28 11:45:24,535.62
2022-03-28 11:45:29,535.59
2022-03-28 11:45:34,535.53
2022-03-28 11:45:39,535.46
2022-03-28 11:45:44,535.4
2022-03-28 11:45:49,535.34
2022-03-28 11:45:54,535.24
2022-03-28 11:45:59,535.24
2022-03-28 11:46:04,537.71
2022-03-28 11:46:09,535.11
2022-03-28 11:46:14,535.08
2022-03-28 11:46:19,535.01
2022-03-28 11:46:24,534.95
2022-03-28 11:46:29,534.88
2022-03-28 11:46:34,534.82
2022-03-28 11:46:39,534.72
2022-03-28 11:46:44,534.72
2022-03-28 11:46:49,534.66
2022-03-28 11:46:54,534.6
2022-03-28 11:46:59,534.56
2022-03-28 11:47:04,534.5
2022-03-28 11:47:09,534.5
2022-03-28 11:47:14,534.44
2022-03-28 11:47:19,534.43
2022-03-28 11:47:24,534.37
2022-03-28 11:47:29,534.37
2022-03-28 11:47:34,534.3
2022-03-28 11:47:39,534.3
2022-03-28 11:47:44,534.27
2022-03-28 11:47:49,534.27
2022-03-28 11:47:54,534.27
2022-03-28 11:47:59,534.27
2022-03-28 11:48:04,534.21
2022-03-28 11:48:09,534.27
2022-03-28 11:48:14,534.2
2022-03-28 11:48:19,534.2
2022-03-28 11:48:24,534.21
2022-03-28 11:48:29,534.27
2022-03-28 11:48:34,534.2
2022-03-28 11:48:39,534.27
2022-03-28 11:48:44,534.27
2022-03-28 11:48:49,534.27
2022-03-28 11:48:54,534.3
2022-03-28 11:48:59,534.3
2022-03-28 11:49:04,534.3
2022-03-28 11:49:09,534.3
2022-03-28 11:49:14,534.3
2022-03-28 11:49:19,534.36
2022-03-28 11:49:24,534.36
2022-03-28 11:49:29,534.42
2022-03-28 11:49:34,534.36
2022-03-28 11:49:39,534.36
2022-03-28 11:49:44,534.42
2022-03-28 11:49:49,534.42
2022-03-28 11:49:54,534.42
2022-03-28 11:49:59,534.55
2022-03-28 11:50:04,534.54
2022-03-28 11:50:09,534.54
2022-03-28 11:50:14,534.58
2022-03-28 11:50:19,534.57
2022-03-28 11:50:24,534.64
2022-03-28 11:50:29,534.64
2022-03-28 11:50:34,534.7
2022-03-28 11:50:39,534.7
2022-03-28 11:50:44,534.76
2022-03-28 11:50:49,534.8
2022-03-28 11:50:54,534.79
2022-03-28 11:50:59,534.86
2022-03-28 11:51:04,534.93
2022-03-28 11:51:09,534.92
2022-03-28 11:51:14,534.92
2022-03-28 11:51:19,534.98
2022-03-28 11:51:24,535.05
2022-03-28 11:51:29,535.05
2022-03-28 11:51:34,535.08
2022-03-28 11:51:39,535.21
2022-03-28 11:51:44,535.21
2022-03-28 11:51:49,535.27
2022-03-28 11:51:54,535.27
2022-03-28 11:51:59,535.3
2022-03-28 11:52:04,535.3
2022-03-28 11:52:09,535.43
2022-03-28 11:52:14,535.5
2022-03-28 11:52:19,535.5
2022-03-28 11:52:24,535.56
2022-03-28 11:52:29,535.59
2022-03-28 11:52:34,535.59
2022-03-28 11:52:39,535.72
2022-03-28 11:52:44,535.72
2022-03-28 11:52:49,535.78
2022-03-28 11:52:54,535.82
2022-03-28 11:52:59,535.82
2022-03-28 11:53:04,535.88
2022-03-28 11:53:09,535.88
2022-03-28 11:53:14,535.88
2022-03-28 11:53:19,535.88
2022-03-28 11:53:24,535.95
2022-03-28 11:53:29,535.95
2022-03-28 11:53:34,536.01
2022-03-28 11:53:39,536.01
2022-03-28 11:53:44,536.01
2022-03-28 11:53:49,536.08
2022-03-28 11:53:54,536.08
2022-03-28 11:53:59,536.01
2022-03-28 11:54:04,536.11
2022-03-28 11:54:09,536.08
2022-03-28 11:54:14,536.01
2022-03-28 11:54:19,536.01
2022-03-28 11:54:24,536.02
2022-03-28 11:54:29,535.95
2022-03-28 11:54:34,536.02
2022-03-28 11:54:39,535.95
2022-03-28 11:54:44,535.95
2022-03-28 11:54:49,535.95
2022-03-28 11:54:54,535.89
2022-03-28 11:54:59,535.95
2022-03-28 11:55:04,535.89
2022-03-28 11:55:09,535.82
2022-03-28 11:55:14,535.82
2022-03-28 11:55:19,535.82
2022-03-28 11:55:24,535.79
2022-03-28 11:55:29,535.8
2022-03-28 11:55:34,535.73
2022-03-28 11:55:39,535.67
2022-03-28 11:55:44,535.73
2022-03-28 11:55:49,535.67
2022-03-28 11:55:54,535.67
2022-03-28 11:55:59,535.6
2022-03-28 11:56:04,535.57
2022-03-28 11:56:09,535.51
2022-03-28 11:56:14,535.51
2022-03-28 11:56:19,535.38
2022-03-28 11:56:24,535.38
2022-03-28 11:56:29,535.38
2022-03-28 11:56:34,535.29
2022-03-28 11:56:39,535.32
2022-03-28 11:56:44,535.28
2022-03-28 11:56:49,535.16
2022-03-28 11:56:54,535.16
2022-03-28 11:56:59,535.09
2022-03-28 11:57:04,535.06
2022-03-28 11:57:09,535.06
2022-03-28 11:57:14,535.06
2022-03-28 11:57:19,535.0
2022-03-28 11:57:24,534.93
2022-03-28 11:57:29,534.87
2022-03-28 11:57:34,534.81
2022-03-28 11:57:39,534.77
2022-03-28 11:57:44,534.71
2022-03-28 11:57:49,534.64
2022-03-28 11:57:54,534.64
2022-03-28 11:57:59,534.55
2022-03-28 11:58:04,534.48
2022-03-28 11:58:09,534.48
2022-03-28 11:58:14,534.42
2022-03-28 11:58:19,534.42
2022-03-28 11:58:24,534.35
2022-03-28 11:58:29,534.26
2022-03-28 11:58:34,534.29
2022-03-28 11:58:39,534.26
2022-03-28 11:58:44,534.19
2022-03-28 11:58:49,534.19
2022-03-28 11:58:54,534.19
2022-03-28 11:58:59,534.12
2022-03-28 11:59:04,534.12
2022-03-28 11:59:09,534.06
2022-03-28 11:59:14,534.13
2022-03-28 11:59:19,534.06
2022-03-28 11:59:24,534.06
2022-03-28 11:59:29,534.06
2022-03-28 11:59:34,534.06
2022-03-28 11:59:39,534.12
2022-03-28 11:59:44,534.12
2022-03-28 11:59:49,534.12
2022-03-28 11:59:54,534.12
2022-03-28 11:59:59,534.12
2022-03-28 12:00:04,534.19
2022-03-28 12:00:09,534.19
2022-03-28 12:00:14,534.19
2022-03-28 12:00:19,534.25
2022-03-28 12:00:24,534.28
2022-03-28 12:00:29,534.25
2022-03-28 12:00:34,534.28
2022-03-28 12:00:39,534.34
2022-03-28 12:00:44,534.34
2022-03-28 12:00:49,534.34
2022-03-28 12:00:54,534.47
2022-03-28 12:00:59,534.53
2022-03-28 12:01:04,534.53
2022-03-28 12:01:09,534.56
2022-03-28 12:01:14,534.56
2022-03-28 12:01:19,534.63
2022-03-28 12:01:24,534.69
2022-03-28 12:01:29,534.75
2022-03-28 12:01:34,534.75
2022-03-28 12:01:39,534.85
2022-03-28 12:01:44,534.85
2022-03-28 12:01:49,534.91
2022-03-28 12:01:54,535.04
2022-03-28 12:01:59,535.04
2022-03-28 12:02:04,535.13
2022-03-28 12:02:09,535.2
2022-03-28 12:02:14,535.26
2022-03-28 12:02:19,535.26
2022-03-28 12:02:24,535.29
2022-03-28 12:02:29,535.36
2022-03-28 12:02:34,535.42
2022-03-28 12:02:39,535.48
2022-03-28 12:02:44,535.54
2022-03-28 12:02:49,535.58
2022-03-28 12:02:54,535.64
2022-03-28 12:02:59,535.77
2022-03-28 12:03:04,535.77
2022-03-28 12:03:09,535.87
2022-03-28 12:03:14,535.87
2022-03-28 12:03:19,535.99
2022-03-28 12:03:24,535.99
2022-03-28 12:03:29,535.99
2022-03-28 12:03:34,536.09
2022-03-28 12:03:39,536.06
2022-03-28 12:03:44,536.15
2022-03-28 12:03:49,536.22
2022-03-28 12:03:54,536.22
2022-03-28 12:03:59,536.28
2022-03-28 12:04:04,536.28
2022-03-28 12:04:09,536.31
2022-03-28 12:04:14,536.38
2022-03-28 12:04:19,536.32
2022-03-28 12:04:24,536.38
2022-03-28 12:04:29,536.38
2022-03-28 12:04:34,536.44
2022-03-28 12:04:39,536.44
2022-03-28 12:04:44,536.44
2022-03-28 12:04:49,536.51
2022-03-28 12:04:54,536.51
2022-03-28 12:04:59,536.51
2022-03-28 12:05:04,536.51
2022-03-28 12:05:09,536.51
2022-03-28 12:05:14,536.51
2022-03-28 12:05:19,536.51
2022-03-28 12:05:24,536.51
2022-03-28 12:05:29,536.51
2022-03-28 12:05:34,536.38
2022-03-28 12:05:39,536.45
2022-03-28 12:05:44,536.38
2022-03-28 12:05:49,536.32
2022-03-28 12:05:54,536.28
2022-03-28 12:05:59,536.22
2022-03-28 12:06:04,536.28
2022-03-28 12:06:09,536.16
2022-03-28 12:06:14,536.09
2022-03-28 12:06:19,536.06
2022-03-28 12:06:24,536.06
2022-03-28 12:06:29,536.06
2022-03-28 12:06:34,535.93
2022-03-28 12:06:39,535.93
2022-03-28 12:06:44,535.87
2022-03-28 12:06:49,535.87
2022-03-28 12:06:54,535.87
2022-03-28 12:06:59,535.81
2022-03-28 12:07:04,535.81
2022-03-28 12:07:09,535.78
2022-03-28 12:07:14,535.78
2022-03-28 12:07:19,535.78
2022-03-28 12:07:24,535.78
2022-03-28 12:07:29,535.71
2022-03-28 12:07:34,535.71
2022-03-28 12:07:39,535.71
2022-03-28 12:07:44,535.71
2022-03-28 12:07:49,535.65
2022-03-28 12:07:54,535.71
2022-03-28 12:07:59,535.71
2022-03-28 12:08:04,535.65
2022-03-28 12:08:09,535.65
2022-03-28 12:08:14,535.65
2022-03-28 12:08:19,535.59
2022-03-28 12:08:24,535.65
2022-03-28 12:08:29,535.59
2022-03-28 12:08:34,535.59
2022-03-28 12:08:39,535.59
2022-03-28 12:08:44,535.65
2022-03-28 12:08:49,535.59
2022-03-28 12:08:54,535.59
2022-03-28 12:08:59,535.56
2022-03-28 12:09:04,535.56
2022-03-28 12:09:09,535.56
2022-03-28 12:09:14,535.56
2022-03-28 12:09:19,535.56
2022-03-28 12:09:24,535.56
2022-03-28 12:09:29,535.56
2022-03-28 12:09:34,535.56
2022-03-28 12:09:39,535.56
2022-03-28 12:09:44,535.49
2022-03-28 12:09:49,535.56
2022-03-28 12:09:54,535.49
2022-03-28 12:09:59,535.56
2022-03-28 12:10:04,535.49
2022-03-28 12:10:09,535.49
2022-03-28 12:10:14,535.49
2022-03-28 12:10:19,535.49
2022-03-28 12:10:24,535.43
2022-03-28 12:10:29,535.36
2022-03-28 12:10:34,535.36
2022-03-28 12:10:39,535.36
2022-03-28 12:10:44,535.36
2022-03-28 12:10:49,535.26
2022-03-28 12:10:54,535.26
2022-03-28 12:10:59,535.26
2022-03-28 12:11:04,535.2
2022-03-28 12:11:09,535.2
2022-03-28 12:11:14,535.13
2022-03-28 12:11:19,535.13
2022-03-28 12:11:24,535.07
2022-03-28 12:11:29,535.07
2022-03-28 12:11:34,535.06
2022-03-28 12:11:39,535.03
2022-03-28 12:11:44,534.97
2022-03-28 12:11:49,534.97
2022-03-28 12:11:54,534.97
2022-03-28 12:11:59,534.9
2022-03-28 12:12:04,534.9
2022-03-28 12:12:09,534.84
2022-03-28 12:12:14,534.83
2022-03-28 12:12:19,534.77
2022-03-28 12:12:24,534.77
2022-03-28 12:12:29,534.73
2022-03-28 12:12:34,534.73
2022-03-28 12:12:39,534.67
2022-03-28 12:12:44,534.67
2022-03-28 12:12:49,534.67
2022-03-28 12:12:54,534.6
2022-03-28 12:12:59,534.6
2022-03-28 12:13:04,534.6
2022-03-28 12:13:09,534.53
2022-03-28 12:13:14,534.5
2022-03-28 12:13:19,534.44
2022-03-28 12:13:24,534.44
2022-03-28 12:13:29,534.37
2022-03-28 12:13:34,534.3
2022-03-28 12:13:39,534.3
2022-03-28 12:13:44,534.3
2022-03-28 12:13:49,534.24
2022-03-28 12:13:54,534.21
2022-03-28 12:13:59,534.2
2022-03-28 12:14:04,534.14
2022-03-28 12:14:09,534.14
2022-03-28 12:14:14,534.07
2022-03-28 12:14:19,534.07
2022-03-28 12:14:24,534.01
2022-03-28 12:14:29,534.01
2022-03-28 12:14:34,534.01
2022-03-28 12:14:39,533.98
2022-03-28 12:14:44,533.97
2022-03-28 12:14:49,533.91
2022-03-28 12:14:54,533.91
2022-03-28 12:14:59,533.91
2022-03-28 12:15:04,533.91
2022-03-28 12:15:09,533.84
2022-03-28 12:15:14,533.84
2022-03-28 12:15:19,533.78
2022-03-28 12:15:24,533.78
2022-03-28 12:15:29,533.72
2022-03-28 12:15:34,533.71
2022-03-28 12:15:39,533.68
2022-03-28 12:15:44,533.68
2022-03-28 12:15:49,537.71
2022-03-28 12:15:54,533.61
2022-03-28 12:15:59,533.55
2022-03-28 12:16:04,537.71
2022-03-28 12:16:09,533.48
2022-03-28 12:16:14,533.55
2022-03-28 12:16:19,533.48
2022-03-28 12:16:24,533.48
2022-03-28 12:16:29,533.45
2022-03-28 12:16:34,533.46
2022-03-28 12:16:39,533.45
2022-03-28 12:16:44,533.48
2022-03-28 12:16:49,533.48
2022-03-28 12:16:54,533.48
2022-03-28 12:16:59,533.45
2022-03-28 12:17:04,533.45
2022-03-28 12:17:09,533.49
2022-03-28 12:17:14,533.45
2022-03-28 12:17:19,533.48
2022-03-28 12:17:24,533.45
2022-03-28 12:17:29,533.48
2022-03-28 12:17:34,533.48
2022-03-28 12:17:39,533.49
2022-03-28 12:17:44,533.49
2022-03-28 12:17:49,533.49
2022-03-28 12:17:54,533.55
2022-03-28 12:17:59,533.49
2022-03-28 12:18:04,533.62
2022-03-28 12:18:09,533.55
2022-03-28 12:18:14,533.62
2022-03-28 12:18:19,533.62
2022-03-28 12:18:24,533.68
2022-03-28 12:18:29,533.69
2022-03-28 12:18:34,533.68
2022-03-28 12:18:39,533.72
2022-03-28 12:18:44,533.72
2022-03-28 12:18:49,533.78
2022-03-28 12:18:54,533.78
2022-03-28 12:18:59,533.85
2022-03-28 12:19:04,533.91
2022-03-28 12:19:09,533.91
2022-03-28 12:19:14,533.91
2022-03-28 12:19:19,533.91
2022-03-28 12:19:24,533.91
2022-03-28 12:19:29,533.98
2022-03-28 12:19:34,533.98
2022-03-28 12:19:39,534.01
2022-03-28 12:19:44,534.08
2022-03-28 12:19:49,534.07
2022-03-28 12:19:54,534.14
2022-03-28 12:19:59,534.07
2022-03-28 12:20:04,534.14
2022-03-28 12:20:09,534.2
2022-03-28 12:20:14,534.2
2022-03-28 12:20:19,534.2
2022-03-28 12:20:24,534.23
2022-03-28 12:20:29,534.23
2022-03-28 12:20:34,534.23
2022-03-28 12:20:39,534.3
2022-03-28 12:20:44,534.3
2022-03-28 12:20:49,534.3
2022-03-28 12:20:54,534.3
2022-03-28 12:20:59,534.37
2022-03-28 12:21:04,534.37
2022-03-28 12:21:09,534.49
2022-03-28 12:21:14,534.49
2022-03-28 12:21:19,534.52
2022-03-28 12:21:24,534.52
2022-03-28 12:21:29,534.59
2022-03-28 12:21:34,534.65
2022-03-28 12:21:39,534.72
2022-03-28 12:21:44,534.72
2022-03-28 12:21:49,534.75
2022-03-28 12:21:54,534.81
2022-03-28 12:21:59,534.81
2022-03-28 12:22:04,534.94
2022-03-28 12:22:09,534.94
2022-03-28 12:22:14,535.01
2022-03-28 12:22:19,535.04
2022-03-28 12:22:24,535.1
2022-03-28 12:22:29,535.1
2022-03-28 12:22:34,535.1
2022-03-28 12:22:39,535.16
2022-03-28 12:22:44,535.23
2022-03-28 12:22:49,535.23
2022-03-28 12:22:54,535.26
2022-03-28 12:22:59,535.32
2022-03-28 12:23:04,535.32
2022-03-28 12:23:09,535.32
2022-03-28 12:23:14,535.38
2022-03-28 12:23:19,535.38
2022-03-28 12:23:24,535.38
2022-03-28 12:23:29,535.45
2022-03-28 12:23:34,535.51
2022-03-28 12:23:39,535.51
2022-03-28 12:23:44,535.51
2022-03-28 12:23:49,535.51
2022-03-28 12:23:54,535.51
2022-03-28 12:23:59,535.5
2022-03-28 12:24:04,535.5
2022-03-28 12:24:09,535.44
2022-03-28 12:24:14,535.44
2022-03-28 12:24:19,535.44
2022-03-28 12:24:24,535.44
2022-03-28 12:24:29,535.37
2022-03-28 12:24:34,535.37
2022-03-28 12:24:39,535.31
2022-03-28 12:24:44,535.3
2022-03-28 12:24:49,535.24
2022-03-28 12:24:54,535.24
2022-03-28 12:24:59,535.21
2022-03-28 12:25:04,535.2
2022-03-28 12:25:09,535.21
2022-03-28 12:25:14,535.07
2022-03-28 12:25:19,535.07
2022-03-28 12:25:24,535.07
2022-03-28 12:25:29,535.0
2022-03-28 12:25:34,534.97
2022-03-28 12:25:39,534.97
2022-03-28 12:25:44,534.84
2022-03-28 12:25:49,534.78
2022-03-28 12:25:54,534.78
2022-03-28 12:25:59,534.71
2022-03-28 12:26:04,534.68
2022-03-28 12:26:09,534.61
2022-03-28 12:26:14,534.61
2022-03-28 12:26:19,534.48
2022-03-28 12:26:24,534.48
2022-03-28 12:26:29,534.45
2022-03-28 12:26:34,534.38
2022-03-28 12:26:39,534.32
2022-03-28 12:26:44,534.26
2022-03-28 12:26:49,534.19
2022-03-28 12:26:54,534.19
2022-03-28 12:26:59,534.19
2022-03-28 12:27:04,534.16
2022-03-28 12:27:09,534.09
2022-03-28 12:27:14,534.09
2022-03-28 12:27:19,534.03
2022-03-28 12:27:24,534.03
2022-03-28 12:27:29,533.96
2022-03-28 12:27:34,533.93
2022-03-28 12:27:39,533.87
2022-03-28 12:27:44,533.87
2022-03-28 12:27:49,533.8
2022-03-28 12:27:54,533.8
2022-03-28 12:27:59,533.67
2022-03-28 12:28:04,533.68
2022-03-28 12:28:09,533.64
2022-03-28 12:28:14,533.64
2022-03-28 12:28:19,533.58
2022-03-28 12:28:24,533.51
2022-03-28 12:28:29,533.51
2022-03-28 12:28:34,533.45
2022-03-28 12:28:39,533.45
2022-03-28 12:28:44,533.42
2022-03-28 12:28:49,533.42
2022-03-28 12:28:54,533.42
2022-03-28 12:28:59,533.35
2022-03-28 12:29:04,533.35
2022-03-28 12:29:09,533.35
2022-03-28 12:29:14,533.29
2022-03-28 12:29:19,533.23
2022-03-28 12:29:24,533.23
2022-03-28 12:29:29,533.23
2022-03-28 12:29:34,533.16
2022-03-28 12:29:39,533.23
2022-03-28 12:29:44,533.13
2022-03-28 12:29:49,533.13
2022-03-28 12:29:54,533.13
2022-03-28 12:29:59,533.13
2022-03-28 12:30:04,533.07
2022-03-28 12:30:09,533.01
2022-03-28 12:30:14,533.01
2022-03-28 12:30:19,532.94
2022-03-28 12:30:24,532.94
2022-03-28 12:30:29,533.01
2022-03-28 12:30:34,532.91
2022-03-28 12:30:39,532.91
2022-03-28 12:30:44,532.94
2022-03-28 12:30:49,532.91
2022-03-28 12:30:54,532.85
2022-03-28 12:30:59,532.85
2022-03-28 12:31:04,532.85
2022-03-28 12:31:09,532.78
2022-03-28 12:31:14,532.78
2022-03-28 12:31:19,532.85
2022-03-28 12:31:24,532.78
2022-03-28 12:31:29,532.78
2022-03-28 12:31:34,532.72
2022-03-28 12:31:39,532.72
2022-03-28 12:31:44,532.72
2022-03-28 12:31:49,532.72
2022-03-28 12:31:54,532.72
2022-03-28 12:31:59,532.72
2022-03-28 12:32:04,532.72
2022-03-28 12:32:09,532.66
2022-03-28 12:32:14,532.72
2022-03-28 12:32:19,532.72
2022-03-28 12:32:24,532.72
2022-03-28 12:32:29,532.72
2022-03-28 12:32:34,532.72
2022-03-28 12:32:39,532.72
2022-03-28 12:32:44,532.65
2022-03-28 12:32:49,532.72
2022-03-28 12:32:54,532.72
2022-03-28 12:32:59,532.65
2022-03-28 12:33:04,532.65
2022-03-28 12:33:09,532.72
2022-03-28 12:33:14,532.72
2022-03-28 12:33:19,532.72
2022-03-28 12:33:24,532.72
2022-03-28 12:33:29,532.78
2022-03-28 12:33:34,532.78
2022-03-28 12:33:39,532.71
2022-03-28 12:33:44,532.71
2022-03-28 12:33:49,532.71
2022-03-28 12:33:54,532.71
2022-03-28 12:33:59,532.71
2022-03-28 12:34:04,532.71
2022-03-28 12:34:09,532.65
2022-03-28 12:34:14,532.65
2022-03-28 12:34:19,532.65
2022-03-28 12:34:24,532.61
2022-03-28 12:34:29,532.61
2022-03-28 12:34:34,532.61
2022-03-28 12:34:39,532.61
2022-03-28 12:34:44,532.61
2022-03-28 12:34:49,532.61
2022-03-28 12:34:54,532.55
2022-03-28 12:34:59,532.54
2022-03-28 12:35:04,532.54
2022-03-28 12:35:09,532.54
2022-03-28 12:35:14,532.48
2022-03-28 12:35:19,532.47
2022-03-28 12:35:24,532.41
2022-03-28 12:35:29,532.41
2022-03-28 12:35:34,532.38
2022-03-28 12:35:39,532.31
2022-03-28 12:35:44,532.25
2022-03-28 12:35:49,532.18
2022-03-28 12:35:54,532.18
2022-03-28 12:35:59,532.11
2022-03-28 12:36:04,532.01
2022-03-28 12:36:09,531.95
2022-03-28 12:36:14,531.95
2022-03-28 12:36:19,531.85
2022-03-28 12:36:24,531.79
2022-03-28 12:36:29,531.66
2022-03-28 12:36:34,531.66
2022-03-28 12:36:39,531.56
2022-03-28 12:36:44,531.5
2022-03-28 12:36:49,531.43
2022-03-28 12:36:54,531.36
2022-03-28 12:36:59,531.27
2022-03-28 12:37:04,531.26
2022-03-28 12:37:09,531.14
2022-03-28 12:37:14,531.07
2022-03-28 12:37:19,530.97
2022-03-28 12:37:24,530.85
2022-03-28 12:37:29,530.81
2022-03-28 12:37:34,530.68
2022-03-28 12:37:39,530.62
2022-03-28 12:37:44,530.52
2022-03-28 12:37:49,530.39
2022-03-28 12:37:54,530.33
2022-03-28 12:37:59,530.23
2022-03-28 12:38:04,530.17
2022-03-28 12:38:09,530.04
2022-03-28 12:38:14,529.94
2022-03-28 12:38:19,529.88
2022-03-28 12:38:24,529.78
2022-03-28 12:38:29,529.59
2022-03-28 12:38:34,529.52
2022-03-28 12:38:39,529.43
2022-03-28 12:38:44,529.3
2022-03-28 12:38:49,529.2
2022-03-28 12:38:54,529.07
2022-03-28 12:38:59,528.97
2022-03-28 12:39:04,528.84
2022-03-28 12:39:09,528.75
2022-03-28 12:39:14,528.62
2022-03-28 12:39:19,528.49
2022-03-28 12:39:24,528.39
2022-03-28 12:39:29,528.27
2022-03-28 12:39:34,528.23
2022-03-28 12:39:39,528.04
2022-03-28 12:39:44,527.94
2022-03-28 12:39:49,527.88
2022-03-28 12:39:54,527.75
2022-03-28 12:39:59,527.65
2022-03-28 12:40:04,527.52
2022-03-28 12:40:09,527.46
2022-03-28 12:40:14,527.37
2022-03-28 12:40:19,527.24
2022-03-28 12:40:24,527.2
2022-03-28 12:40:29,527.14
2022-03-28 12:40:34,527.01
2022-03-28 12:40:39,527.01
2022-03-28 12:40:44,526.91
2022-03-28 12:40:49,526.85
2022-03-28 12:40:54,526.85
2022-03-28 12:40:59,526.79
2022-03-28 12:41:04,526.72
2022-03-28 12:41:09,526.69
2022-03-28 12:41:14,526.69
2022-03-28 12:41:19,526.63
2022-03-28 12:41:24,526.63
2022-03-28 12:41:29,526.69
2022-03-28 12:41:34,537.71
2022-03-28 12:41:39,526.7
2022-03-28 12:41:44,526.7
2022-03-28 12:41:49,526.7
2022-03-28 12:41:54,526.73
2022-03-28 12:41:59,526.73
2022-03-28 12:42:04,526.8
2022-03-28 12:42:09,526.86
2022-03-28 12:42:14,526.93
2022-03-28 12:42:19,526.96
2022-03-28 12:42:24,537.71
2022-03-28 12:42:29,527.09
2022-03-28 12:42:34,527.22
2022-03-28 12:42:39,527.22
2022-03-28 12:42:44,537.71
2022-03-28 12:42:49,527.44
2022-03-28 12:42:54,527.48
2022-03-28 12:42:59,527.54
2022-03-28 12:43:04,527.61
2022-03-28 12:43:09,527.77
2022-03-28 12:43:14,527.83
2022-03-28 12:43:19,527.96
2022-03-28 12:43:24,527.99
2022-03-28 12:43:29,528.12
2022-03-28 12:43:34,528.19
2022-03-28 12:43:39,528.35
2022-03-28 12:43:44,537.71
2022-03-28 12:43:49,528.57
2022-03-28 12:43:54,528.64
2022-03-28 12:43:59,528.76
2022-03-28 12:44:04,528.93
2022-03-28 12:44:09,528.99
2022-03-28 12:44:14,529.15
2022-03-28 12:44:19,529.28
2022-03-28 12:44:24,529.38
2022-03-28 12:44:29,529.51
2022-03-28 12:44:34,529.6
2022-03-28 12:44:39,529.8
2022-03-28 12:44:44,529.89
2022-03-28 12:44:49,530.05
2022-03-28 12:44:54,530.18
2022-03-28 12:44:59,530.31
2022-03-28 12:45:04,530.53
2022-03-28 12:45:09,530.63
2022-03-28 12:45:14,530.83
2022-03-28 12:45:19,530.92
2022-03-28 12:45:24,531.05
2022-03-28 12:45:29,531.21
2022-03-28 12:45:34,531.34
2022-03-28 12:45:39,531.43
2022-03-28 12:45:44,531.56
2022-03-28 12:45:49,531.66
2022-03-28 12:45:54,531.85
2022-03-28 12:45:59,532.01
2022-03-28 12:46:04,532.11
2022-03-28 12:46:09,532.24
2022-03-28 12:46:14,532.36
2022-03-28 12:46:19,532.46
2022-03-28 12:46:24,532.59
2022-03-28 12:46:29,532.75
2022-03-28 12:46:34,532.82
2022-03-28 12:46:39,532.97
2022-03-28 12:46:44,533.04
2022-03-28 12:46:49,533.2
2022-03-28 12:46:54,533.39
2022-03-28 12:46:59,533.42
2022-03-28 12:47:04,533.62
2022-03-28 12:47:09,533.64
2022-03-28 12:47:14,533.77
2022-03-28 12:47:19,533.9
2022-03-28 12:47:24,533.93
2022-03-28 12:47:29,534.13
2022-03-28 12:47:34,534.22
2022-03-28 12:47:39,534.35
2022-03-28 12:47:44,534.45
2022-03-28 12:47:49,534.64
2022-03-28 12:47:54,534.67
2022-03-28 12:47:59,534.8
2022-03-28 12:48:04,534.93
2022-03-28 12:48:09,535.09
2022-03-28 12:48:14,535.15
2022-03-28 12:48:19,535.31
2022-03-28 12:48:24,535.38
2022-03-28 12:48:29,535.47
2022-03-28 12:48:34,535.6
2022-03-28 12:48:39,535.76
2022-03-28 12:48:44,535.82
2022-03-28 12:48:49,535.89
2022-03-28 12:48:54,536.05
2022-03-28 12:48:59,536.05
2022-03-28 12:49:04,536.18
2022-03-28 12:49:09,536.28
2022-03-28 12:49:14,536.4
2022-03-28 12:49:19,536.47
2022-03-28 12:49:24,536.5
2022-03-28 12:49:29,536.63
2022-03-28 12:49:34,536.69
2022-03-28 12:49:39,536.72
2022-03-28 12:49:44,536.79
2022-03-28 12:49:49,536.85
2022-03-28 12:49:54,536.92
2022-03-28 12:49:59,537.01
2022-03-28 12:50:04,537.08
2022-03-28 12:50:09,537.14
2022-03-28 12:50:14,537.21
2022-03-28 12:50:19,537.3
2022-03-28 12:50:24,537.3
2022-03-28 12:50:29,537.3
2022-03-28 12:50:34,537.37
2022-03-28 12:50:39,537.37
2022-03-28 12:50:44,537.37
2022-03-28 12:50:49,537.37
2022-03-28 12:50:54,537.43
2022-03-28 12:50:59,537.43
2022-03-28 12:51:04,537.43
2022-03-28 12:51:09,537.44
2022-03-28 12:51:14,537.5
2022-03-28 12:51:19,537.43
2022-03-28 12:51:24,537.37
2022-03-28 12:51:29,537.37
2022-03-28 12:51:34,537.31
2022-03-28 12:51:39,537.31
2022-03-28 12:51:44,537.24
2022-03-28 12:51:49,537.24
2022-03-28 12:51:54,537.21
2022-03-28 12:51:59,537.21
2022-03-28 12:52:04,537.15
2022-03-28 12:52:09,537.15
2022-03-28 12:52:14,537.09
2022-03-28 12:52:19,537.09
2022-03-28 12:52:24,537.02
2022-03-28 12:52:29,536.99
2022-03-28 12:52:34,536.99
2022-03-28 12:52:39,536.86
2022-03-28 12:52:44,536.86
2022-03-28 12:52:49,536.8
2022-03-28 12:52:54,536.7
2022-03-28 12:52:59,536.7
2022-03-28 12:53:04,536.58
2022-03-28 12:53:09,536.51
2022-03-28 12:53:14,536.48
2022-03-28 12:53:19,536.42
2022-03-28 12:53:24,536.35
2022-03-28 12:53:29,536.29
2022-03-28 12:53:34,536.19
2022-03-28 12:53:39,536.13
2022-03-28 12:53:44,536.07
2022-03-28 12:53:49,536.0
2022-03-28 12:53:54,535.97
2022-03-28 12:53:59,535.91
2022-03-28 12:54:04,535.78
2022-03-28 12:54:09,535.78
2022-03-28 12:54:14,535.68
2022-03-28 12:54:19,535.68
2022-03-28 12:54:24,535.56
2022-03-28 12:54:29,535.49
2022-03-28 12:54:34,535.46
2022-03-28 12:54:39,535.33
2022-03-28 12:54:44,535.27
2022-03-28 12:54:49,535.2
2022-03-28 12:54:54,535.17
2022-03-28 12:54:59,535.11
2022-03-28 12:55:04,535.11
2022-03-28 12:55:09,534.98
2022-03-28 12:55:14,534.95
2022-03-28 12:55:19,534.88
2022-03-28 12:55:24,534.82
2022-03-28 12:55:29,534.75
2022-03-28 12:55:34,534.69
2022-03-28 12:55:39,534.69
2022-03-28 12:55:44,534.59
2022-03-28 12:55:49,534.59
2022-03-28 12:55:54,534.46
2022-03-28 12:55:59,534.43
2022-03-28 12:56:04,534.43
2022-03-28 12:56:09,534.36
2022-03-28 12:56:14,534.24
2022-03-28 12:56:19,534.24
2022-03-28 12:56:24,534.14
2022-03-28 12:56:29,534.17
2022-03-28 12:56:34,534.14
2022-03-28 12:56:39,534.01
2022-03-28 12:56:44,534.01
2022-03-28 12:56:49,533.94
2022-03-28 12:56:54,533.91
2022-03-28 12:56:59,533.85
2022-03-28 12:57:04,533.85
2022-03-28 12:57:09,533.78
2022-03-28 12:57:14,533.78
2022-03-28 12:57:19,533.72
2022-03-28 12:57:24,533.72
2022-03-28 12:57:29,533.72
2022-03-28 12:57:34,533.66
2022-03-28 12:57:39,533.65
2022-03-28 12:57:44,533.62
2022-03-28 12:57:49,533.55
2022-03-28 12:57:54,533.55
2022-03-28 12:57:59,533.55
2022-03-28 12:58:04,533.49
2022-03-28 12:58:09,533.48
2022-03-28 12:58:14,533.42
2022-03-28 12:58:19,533.39
2022-03-28 12:58:24,533.39
2022-03-28 12:58:29,533.32
2022-03-28 12:58:34,533.25
2022-03-28 12:58:39,533.19
2022-03-28 12:58:44,533.19
2022-03-28 12:58:49,533.12
2022-03-28 12:58:54,533.12
2022-03-28 12:58:59,533.13
2022-03-28 12:59:04,533.09
2022-03-28 12:59:09,533.09
2022-03-28 12:59:14,533.09
2022-03-28 12:59:19,533.09
2022-03-28 12:59:24,533.02
2022-03-28 12:59:29,533.02
2022-03-28 12:59:34,533.08
2022-03-28 12:59:39,533.09
2022-03-28 12:59:44,533.02
2022-03-28 12:59:49,533.08
2022-03-28 12:59:54,533.08
2022-03-28 12:59:59,533.08
2022-03-28 13:00:04,533.11
2022-03-28 13:00:09,533.11
2022-03-28 13:00:14,533.11
2022-03-28 13:00:19,533.11
2022-03-28 13:00:24,533.18
2022-03-28 13:00:29,533.24
2022-03-28 13:00:34,533.3
2022-03-28 13:00:39,533.37
2022-03-28 13:00:44,533.37
2022-03-28 13:00:49,533.4
2022-03-28 13:00:54,533.47
2022-03-28 13:00:59,533.53
2022-03-28 13:01:04,533.63
2022-03-28 13:01:09,533.63
2022-03-28 13:01:14,533.69
2022-03-28 13:01:19,533.76
2022-03-28 13:01:24,533.76
2022-03-28 13:01:29,533.88
2022-03-28 13:01:34,533.88
2022-03-28 13:01:39,533.88
2022-03-28 13:01:44,533.92
2022-03-28 13:01:49,533.92
2022-03-28 13:01:54,533.92
2022-03-28 13:01:59,533.98
2022-03-28 13:02:04,534.05
2022-03-28 13:02:09,534.05
2022-03-28 13:02:14,534.11
2022-03-28 13:02:19,534.11
2022-03-28 13:02:24,534.14
2022-03-28 13:02:29,534.15
2022-03-28 13:02:34,534.15
2022-03-28 13:02:39,534.21
2022-03-28 13:02:44,534.27
2022-03-28 13:02:49,534.34
2022-03-28 13:02:54,534.34
2022-03-28 13:02:59,534.41
2022-03-28 13:03:04,534.41
2022-03-28 13:03:09,534.44
2022-03-28 13:03:14,534.5
2022-03-28 13:03:19,534.5
2022-03-28 13:03:24,534.5
2022-03-28 13:03:29,537.71
2022-03-28 13:03:34,534.63
2022-03-28 13:03:39,534.67
2022-03-28 13:03:44,534.67
2022-03-28 13:03:49,534.8
2022-03-28 13:03:54,534.86
2022-03-28 13:03:59,534.86
2022-03-28 13:04:04,534.86
2022-03-28 13:04:09,534.93
2022-03-28 13:04:14,534.96
2022-03-28 13:04:19,535.03
2022-03-28 13:04:24,535.09
2022-03-28 13:04:29,535.09
2022-03-28 13:04:34,535.16
2022-03-28 13:04:39,535.19
2022-03-28 13:04:44,535.25
2022-03-28 13:04:49,535.25
2022-03-28 13:04:54,535.32
2022-03-28 13:04:59,535.39
2022-03-28 13:05:04,535.39
2022-03-28 13:05:09,535.45
2022-03-28 13:05:14,535.45
2022-03-28 13:05:19,535.48
2022-03-28 13:05:24,535.49
2022-03-28 13:05:29,535.61
2022-03-28 13:05:34,535.61
2022-03-28 13:05:39,535.61
2022-03-28 13:05:44,535.71
2022-03-28 13:05:49,535.78
2022-03-28 13:05:54,535.71
2022-03-28 13:05:59,535.84
2022-03-28 13:06:04,535.91
2022-03-28 13:06:09,535.91
2022-03-28 13:06:14,535.97
2022-03-28 13:06:19,535.97
2022-03-28 13:06:24,536.0
2022-03-28 13:06:29,536.07
2022-03-28 13:06:34,536.07
2022-03-28 13:06:39,536.13
2022-03-28 13:06:44,536.13
2022-03-28 13:06:49,536.13
2022-03-28 13:06:54,536.2
2022-03-28 13:06:59,536.23
2022-03-28 13:07:04,536.23
2022-03-28 13:07:09,536.23
2022-03-28 13:07:14,536.23
2022-03-28 13:07:19,536.23
2022-03-28 13:07:24,536.23
2022-03-28 13:07:29,536.3
2022-03-28 13:07:34,536.3
2022-03-28 13:07:39,536.3
2022-03-28 13:07:44,536.3
2022-03-28 13:07:49,536.23
2022-03-28 13:07:54,536.3
2022-03-28 13:07:59,536.3
2022-03-28 13:08:04,536.23
2022-03-28 13:08:09,536.23
2022-03-28 13:08:14,536.23
2022-03-28 13:08:19,536.23
2022-03-28 13:08:24,536.3
2022-03-28 13:08:29,536.23
2022-03-28 13:08:34,536.23
2022-03-28 13:08:39,536.23
2022-03-28 13:08:44,536.2
2022-03-28 13:08:49,536.2
2022-03-28 13:08:54,536.23
2022-03-28 13:08:59,536.13
2022-03-28 13:09:04,536.13
2022-03-28 13:09:09,536.06
2022-03-28 13:09:14,536.06
2022-03-28 13:09:19,536.0
2022-03-28 13:09:24,536.0
2022-03-28 13:09:29,536.0
2022-03-28 13:09:34,535.97
2022-03-28 13:09:39,535.9
2022-03-28 13:09:44,535.84
2022-03-28 13:09:49,535.9
2022-03-28 13:09:54,535.77
2022-03-28 13:09:59,535.77
2022-03-28 13:10:04,535.71
2022-03-28 13:10:09,535.71
2022-03-28 13:10:14,535.67
2022-03-28 13:10:19,535.61
2022-03-28 13:10:24,535.61
2022-03-28 13:10:29,535.61
2022-03-28 13:10:34,535.6
2022-03-28 13:10:39,535.54
2022-03-28 13:10:44,535.48
2022-03-28 13:10:49,535.48
2022-03-28 13:10:54,535.44
2022-03-28 13:10:59,535.45
2022-03-28 13:11:04,535.44
2022-03-28 13:11:09,535.38
2022-03-28 13:11:14,535.38
2022-03-28 13:11:19,535.38
2022-03-28 13:11:24,535.32
2022-03-28 13:11:29,535.25
2022-03-28 13:11:34,535.31
2022-03-28 13:11:39,535.31
2022-03-28 13:11:44,535.32
2022-03-28 13:11:49,535.32
2022-03-28 13:11:54,535.31
2022-03-28 13:11:59,535.25
2022-03-28 13:12:04,535.31
2022-03-28 13:12:09,535.32
2022-03-28 13:12:14,535.32
2022-03-28 13:12:19,535.32
2022-03-28 13:12:24,535.32
2022-03-28 13:12:29,535.32
2022-03-28 13:12:34,535.32
2022-03-28 13:12:39,535.32
2022-03-28 13:12:44,535.32
2022-03-28 13:12:49,535.32
2022-03-28 13:12:54,535.32
2022-03-28 13:12:59,535.32
2022-03-28 13:13:04,535.32
2022-03-28 13:13:09,535.32
2022-03-28 13:13:14,535.32
2022-03-28 13:13:19,535.32
2022-03-28 13:13:24,535.32
2022-03-28 13:13:29,535.38
2022-03-28 13:13:34,535.32
2022-03-28 13:13:39,535.32
2022-03-28 13:13:44,535.32
2022-03-28 13:13:49,535.32
2022-03-28 13:13:54,535.39
2022-03-28 13:13:59,535.39
2022-03-28 13:14:04,535.32
2022-03-28 13:14:09,535.32
2022-03-28 13:14:14,535.32
2022-03-28 13:14:19,535.39
2022-03-28 13:14:24,535.32
2022-03-28 13:14:29,535.33
2022-03-28 13:14:34,535.33
2022-03-28 13:14:39,535.27
2022-03-28 13:14:44,535.33
2022-03-28 13:14:49,535.27
2022-03-28 13:14:54,535.27
2022-03-28 13:14:59,535.27
2022-03-28 13:15:04,535.27
2022-03-28 13:15:09,535.27
2022-03-28 13:15:14,535.2
2022-03-28 13:15:19,535.2
2022-03-28 13:15:24,535.2
2022-03-28 13:15:29,535.2
2022-03-28 13:15:34,535.21
2022-03-28 13:15:39,535.18
2022-03-28 13:15:44,535.11
2022-03-28 13:15:49,535.11
2022-03-28 13:15:54,535.18
2022-03-28 13:15:59,535.11
2022-03-28 13:16:04,535.11
2022-03-28 13:16:09,535.05
2022-03-28 13:16:14,535.06
2022-03-28 13:16:19,535.05
2022-03-28 13:16:24,534.99
2022-03-28 13:16:29,534.99
2022-03-28 13:16:34,535.06
2022-03-28 13:16:39,534.99
2022-03-28 13:16:44,535.06
2022-03-28 13:16:49,535.06
2022-03-28 13:16:54,535.06
2022-03-28 13:16:59,535.06
2022-03-28 13:17:04,535.06
2022-03-28 13:17:09,535.06
2022-03-28 13:17:14,535.06
2022-03-28 13:17:19,535.06
2022-03-28 13:17:24,535.06
2022-03-28 13:17:29,535.13
2022-03-28 13:17:34,535.13
2022-03-28 13:17:39,535.13
2022-03-28 13:17:44,535.13
2022-03-28 13:17:49,535.19
2022-03-28 13:17:54,535.19
2022-03-28 13:17:59,535.22
2022-03-28 13:18:04,535.2
2022-03-28 13:18:09,535.29
2022-03-28 13:18:14,535.23
2022-03-28 13:18:19,535.29
2022-03-28 13:18:24,535.35
2022-03-28 13:18:29,535.35
2022-03-28 13:18:34,535.42
2022-03-28 13:18:39,535.42
2022-03-28 13:18:44,535.49
2022-03-28 13:18:49,537.71
2022-03-28 13:18:54,535.52
2022-03-28 13:18:59,535.52
2022-03-28 13:19:04,535.58
2022-03-28 13:19:09,535.65
2022-03-28 13:19:14,535.58
2022-03-28 13:19:19,535.64
2022-03-28 13:19:24,535.71
2022-03-28 13:19:29,535.71
2022-03-28 13:19:34,535.71
2022-03-28 13:19:39,535.74
2022-03-28 13:19:44,535.74
2022-03-28 13:19:49,535.74
2022-03-28 13:19:54,535.81
2022-03-28 13:19:59,535.74
2022-03-28 13:20:04,535.87
2022-03-28 13:20:09,535.81
2022-03-28 13:20:14,535.81
2022-03-28 13:20:19,535.81
2022-03-28 13:20:24,535.87
2022-03-28 13:20:29,535.87
2022-03-28 13:20:34,535.87
2022-03-28 13:20:39,535.87
2022-03-28 13:20:44,535.93
2022-03-28 13:20:49,535.93
2022-03-28 13:20:54,535.93
2022-03-28 13:20:59,535.93
2022-03-28 13:21:04,535.93
2022-03-28 13:21:09,535.93
2022-03-28 13:21:14,535.93
2022-03-28 13:21:19,535.99
2022-03-28 13:21:24,535.99
2022-03-28 13:21:29,535.99
2022-03-28 13:21:34,535.99
2022-03-28 13:21:39,535.99
2022-03-28 13:21:44,535.99
2022-03-28 13:21:49,535.99
2022-03-28 13:21:54,536.02
2022-03-28 13:21:59,536.02
2022-03-28 13:22:04,536.02
2022-03-28 13:22:09,536.02
2022-03-28 13:22:14,536.02
2022-03-28 13:22:19,536.02
2022-03-28 13:22:24,536.02
2022-03-28 13:22:29,536.08
2022-03-28 13:22:34,536.02
2022-03-28 13:22:39,536.01
2022-03-28 13:22:44,535.99
2022-03-28 13:22:49,537.71
2022-03-28 13:22:54,535.98
2022-03-28 13:22:59,536.02
2022-03-28 13:23:04,535.98
2022-03-28 13:23:09,535.98
2022-03-28 13:23:14,535.99
2022-03-28 13:23:19,535.99
2022-03-28 13:23:24,535.98
2022-03-28 13:23:29,535.92
2022-03-28 13:23:34,535.92
2022-03-28 13:23:39,535.86
2022-03-28 13:23:44,535.92
2022-03-28 13:23:49,535.86
2022-03-28 13:23:54,535.79
2022-03-28 13:23:59,535.86
2022-03-28 13:24:04,535.73
2022-03-28 13:24:09,535.7
2022-03-28 13:24:14,535.7
2022-03-28 13:24:19,535.64
2022-03-28 13:24:24,535.57
2022-03-28 13:24:29,535.57
2022-03-28 13:24:34,535.57
2022-03-28 13:24:39,535.5
2022-03-28 13:24:44,535.51
2022-03-28 13:24:49,535.47
2022-03-28 13:24:54,535.48
2022-03-28 13:24:59,535.41
2022-03-28 13:25:04,535.41
2022-03-28 13:25:09,535.35
2022-03-28 13:25:14,535.35
2022-03-28 13:25:19,535.29
2022-03-28 13:25:24,535.28
2022-03-28 13:25:29,535.22
2022-03-28 13:25:34,535.22
2022-03-28 13:25:39,535.19
2022-03-28 13:25:44,535.19
2022-03-28 13:25:49,535.13
2022-03-28 13:25:54,535.06
2022-03-28 13:25:59,535.06
2022-03-28 13:26:04,535.06
2022-03-28 13:26:09,535.06
2022-03-28 13:26:14,535.0
2022-03-28 13:26:19,535.07
2022-03-28 13:26:24,535.0
2022-03-28 13:26:29,535.0
2022-03-28 13:26:34,537.71
2022-03-28 13:26:39,535.01
2022-03-28 13:26:44,535.01
2022-03-28 13:26:49,535.01
2022-03-28 13:26:54,535.01
2022-03-28 13:26:59,535.01
2022-03-28 13:27:04,535.07
2022-03-28 13:27:09,535.01
2022-03-28 13:27:14,535.01
2022-03-28 13:27:19,535.01
2022-03-28 13:27:24,535.01
2022-03-28 13:27:29,535.08
2022-03-28 13:27:34,535.01
2022-03-28 13:27:39,535.01
2022-03-28 13:27:44,535.08
2022-03-28 13:27:49,535.08
2022-03-28 13:27:54,535.08
2022-03-28 13:27:59,535.08
2022-03-28 13:28:04,535.08
2022-03-28 13:28:09,535.08
2022-03-28 13:28:14,535.15
2022-03-28 13:28:19,535.15
2022-03-28 13:28:24,535.15
2022-03-28 13:28:29,535.22
2022-03-28 13:28:34,535.25
2022-03-28 13:28:39,535.38
2022-03-28 13:28:44,535.38
2022-03-28 13:28:49,535.45
2022-03-28 13:28:54,535.51
2022-03-28 13:28:59,535.51
2022-03-28 13:29:04,535.61
2022-03-28 13:29:09,535.6
2022-03-28 13:29:14,535.67
2022-03-28 13:29:19,535.73
2022-03-28 13:29:24,535.73
2022-03-28 13:29:29,535.83
2022-03-28 13:29:34,535.83
2022-03-28 13:29:39,535.9
2022-03-28 13:29:44,535.9
2022-03-28 13:29:49,535.96
2022-03-28 13:29:54,536.02
2022-03-28 13:29:59,536.05
2022-03-28 13:30:04,536.12
2022-03-28 13:30:09,536.19
2022-03-28 13:30:14,537.71
2022-03-28 13:30:19,536.25
2022-03-28 13:30:24,536.35
2022-03-28 13:30:29,536.41
2022-03-28 13:30:34,536.47
2022-03-28 13:30:39,536.54
2022-03-28 13:30:44,536.57
2022-03-28 13:30:49,536.64
2022-03-28 13:30:54,536.7
2022-03-28 13:30:59,536.8
2022-03-28 13:31:04,536.86
2022-03-28 13:31:09,536.99
2022-03-28 13:31:14,537.05
2022-03-28 13:31:19,537.08
2022-03-28 13:31:24,537.21
2022-03-28 13:31:29,537.28
2022-03-28 13:31:34,537.31
2022-03-28 13:31:39,537.44
2022-03-28 13:31:44,537.5
2022-03-28 13:31:49,537.56
2022-03-28 13:31:54,537.66
2022-03-28 13:31:59,537.73
2022-03-28 13:32:04,537.79
2022-03-28 13:32:09,537.89
2022-03-28 13:32:14,538.01
2022-03-28 13:32:19,538.08
2022-03-28 13:32:24,538.11
2022-03-28 13:32:29,538.17
2022-03-28 13:32:34,538.3
2022-03-28 13:32:39,538.33
2022-03-28 13:32:44,538.46
2022-03-28 13:32:49,538.52
2022-03-28 13:32:54,538.59
2022-03-28 13:32:59,538.62
2022-03-28 13:33:04,538.68
2022-03-28 13:33:09,538.68
2022-03-28 13:33:14,538.68
2022-03-28 13:33:19,538.74
2022-03-28 13:33:24,538.81
2022-03-28 13:33:29,538.81
2022-03-28 13:33:34,538.81
2022-03-28 13:33:39,538.81
2022-03-28 13:33:44,538.84
2022-03-28 13:33:49,538.84
2022-03-28 13:33:54,538.81
2022-03-28 13:33:59,538.84
2022-03-28 13:34:04,538.8
2022-03-28 13:34:09,538.84
2022-03-28 13:34:14,538.84
2022-03-28 13:34:19,538.84
2022-03-28 13:34:24,538.8
2022-03-28 13:34:29,538.81
2022-03-28 13:34:34,538.81
2022-03-28 13:34:39,538.8
2022-03-28 13:34:44,538.74
2022-03-28 13:34:49,538.74
2022-03-28 13:34:54,538.74
2022-03-28 13:34:59,538.74
2022-03-28 13:35:04,538.68
2022-03-28 13:35:09,538.68
2022-03-28 13:35:14,538.68
2022-03-28 13:35:19,538.68
2022-03-28 13:35:24,538.68
2022-03-28 13:35:29,538.61
2022-03-28 13:35:34,538.58
2022-03-28 13:35:39,538.58
2022-03-28 13:35:44,538.52
2022-03-28 13:35:49,538.52
2022-03-28 13:35:54,538.45
2022-03-28 13:35:59,538.45
2022-03-28 13:36:04,538.32
2022-03-28 13:36:09,538.29
2022-03-28 13:36:14,538.23
2022-03-28 13:36:19,538.16
2022-03-28 13:36:24,538.1
2022-03-28 13:36:29,538.0
2022-03-28 13:36:34,537.94
2022-03-28 13:36:39,537.88
2022-03-28 13:36:44,537.81
2022-03-28 13:36:49,537.71
2022-03-28 13:36:54,537.65
2022-03-28 13:36:59,537.49
2022-03-28 13:37:04,537.43
2022-03-28 13:37:09,537.36
2022-03-28 13:37:14,537.27
2022-03-28 13:37:19,537.14
2022-03-28 13:37:24,537.08
2022-03-28 13:37:29,536.98
2022-03-28 13:37:34,536.92
2022-03-28 13:37:39,536.79
2022-03-28 13:37:44,536.76
2022-03-28 13:37:49,536.63
2022-03-28 13:37:54,536.53
2022-03-28 13:37:59,536.41
2022-03-28 13:38:04,536.27
2022-03-28 13:38:09,536.24
2022-03-28 13:38:14,536.12
2022-03-28 13:38:19,536.02
2022-03-28 13:38:24,535.89
2022-03-28 13:38:29,535.76
2022-03-28 13:38:34,535.67
2022-03-28 13:38:39,535.54
2022-03-28 13:38:44,535.45
2022-03-28 13:38:49,535.32
2022-03-28 13:38:54,535.25
2022-03-28 13:38:59,535.09
2022-03-28 13:39:04,534.99
2022-03-28 13:39:09,534.93
2022-03-28 13:39:14,534.8
2022-03-28 13:39:19,534.64
2022-03-28 13:39:24,534.58
2022-03-28 13:39:29,534.48
2022-03-28 13:39:34,534.35
2022-03-28 13:39:39,534.23
2022-03-28 13:39:44,534.06
2022-03-28 13:39:49,533.97
2022-03-28 13:39:54,537.71
2022-03-28 13:39:59,533.71
2022-03-28 13:40:04,533.61
2022-03-28 13:40:09,533.48
2022-03-28 13:40:14,533.39
2022-03-28 13:40:19,533.2
2022-03-28 13:40:24,533.16
2022-03-28 13:40:29,532.97
2022-03-28 13:40:34,532.94
2022-03-28 13:40:39,532.74
2022-03-28 13:40:44,532.68
2022-03-28 13:40:49,532.59
2022-03-28 13:40:54,532.52
2022-03-28 13:40:59,532.42
2022-03-28 13:41:04,532.23
2022-03-28 13:41:09,532.17
2022-03-28 13:41:14,532.07
2022-03-28 13:41:19,532.0
2022-03-28 13:41:24,531.91
2022-03-28 13:41:29,531.85
2022-03-28 13:41:34,531.71
2022-03-28 13:41:39,531.62
2022-03-28 13:41:44,531.62
2022-03-28 13:41:49,531.56
2022-03-28 13:41:54,531.42
2022-03-28 13:41:59,531.39
2022-03-28 13:42:04,531.32
2022-03-28 13:42:09,531.26
2022-03-28 13:42:14,531.26
2022-03-28 13:42:19,531.2
2022-03-28 13:42:24,531.13
2022-03-28 13:42:29,531.13
2022-03-28 13:42:34,531.13
2022-03-28 13:42:39,531.1
2022-03-28 13:42:44,531.1
2022-03-28 13:42:49,531.1
2022-03-28 13:42:54,531.03
2022-03-28 13:42:59,531.03
2022-03-28 13:43:04,531.03
2022-03-28 13:43:09,531.03
2022-03-28 13:43:14,531.03
2022-03-28 13:43:19,530.97
2022-03-28 13:43:24,530.96
2022-03-28 13:43:29,530.96
2022-03-28 13:43:34,530.96
2022-03-28 13:43:39,530.96
2022-03-28 13:43:44,530.96
2022-03-28 13:43:49,530.96
2022-03-28 13:43:54,531.02
2022-03-28 13:43:59,531.02
2022-03-28 13:44:04,531.02
2022-03-28 13:44:09,531.02
2022-03-28 13:44:14,531.02
2022-03-28 13:44:19,531.09
2022-03-28 13:44:24,531.08
2022-03-28 13:44:29,531.08
2022-03-28 13:44:34,531.08
2022-03-28 13:44:39,531.12
2022-03-28 13:44:44,531.11
2022-03-28 13:44:49,531.11
2022-03-28 13:44:54,531.18
2022-03-28 13:44:59,531.18
2022-03-28 13:45:04,531.24
2022-03-28 13:45:09,531.24
2022-03-28 13:45:14,531.24
2022-03-28 13:45:19,531.3
2022-03-28 13:45:24,531.37
2022-03-28 13:45:29,531.37
2022-03-28 13:45:34,531.37
2022-03-28 13:45:39,531.37
2022-03-28 13:45:44,531.4
2022-03-28 13:45:49,531.4
2022-03-28 13:45:54,531.4
2022-03-28 13:45:59,531.4
2022-03-28 13:46:04,531.46
2022-03-28 13:46:09,537.71
2022-03-28 13:46:14,531.46
2022-03-28 13:46:19,531.53
2022-03-28 13:46:24,531.46
2022-03-28 13:46:29,531.53
2022-03-28 13:46:34,531.53
2022-03-28 13:46:39,531.53
2022-03-28 13:46:44,531.59
2022-03-28 13:46:49,531.53
2022-03-28 13:46:54,531.59
2022-03-28 13:46:59,531.59
2022-03-28 13:47:04,531.53
2022-03-28 13:47:09,531.53
2022-03-28 13:47:14,531.53
2022-03-28 13:47:19,531.59
2022-03-28 13:47:24,531.59
2022-03-28 13:47:29,537.71
2022-03-28 13:47:34,531.6
2022-03-28 13:47:39,531.63
2022-03-28 13:47:44,531.6
2022-03-28 13:47:49,531.53
2022-03-28 13:47:54,531.6
2022-03-28 13:47:59,531.6
2022-03-28 13:48:04,531.53
2022-03-28 13:48:09,531.53
2022-03-28 13:48:14,531.53
2022-03-28 13:48:19,531.53
2022-03-28 13:48:24,531.53
2022-03-28 13:48:29,531.47
2022-03-28 13:48:34,531.53
2022-03-28 13:48:39,531.47
2022-03-28 13:48:44,531.47
2022-03-28 13:48:49,531.41
2022-03-28 13:48:54,531.41
2022-03-28 13:48:59,531.41
2022-03-28 13:49:04,531.41
2022-03-28 13:49:09,531.38
2022-03-28 13:49:14,531.41
2022-03-28 13:49:19,531.38
2022-03-28 13:49:24,531.32
2022-03-28 13:49:29,531.32
2022-03-28 13:49:34,531.32
2022-03-28 13:49:39,531.32
2022-03-28 13:49:44,531.32
2022-03-28 13:49:49,531.32
2022-03-28 13:49:54,531.32
2022-03-28 13:49:59,531.26
2022-03-28 13:50:04,531.26
2022-03-28 13:50:09,531.19
2022-03-28 13:50:14,531.19
2022-03-28 13:50:19,531.13
2022-03-28 13:50:24,531.13
2022-03-28 13:50:29,531.13
2022-03-28 13:50:34,531.13
2022-03-28 13:50:39,531.13
2022-03-28 13:50:44,531.1
2022-03-28 13:50:49,531.13
2022-03-28 13:50:54,531.13
2022-03-28 13:50:59,531.2
2022-03-28 13:51:04,531.13
2022-03-28 13:51:09,531.13
2022-03-28 13:51:14,531.2
2022-03-28 13:51:19,531.2
2022-03-28 13:51:24,531.2
2022-03-28 13:51:29,531.2
2022-03-28 13:51:34,531.2
2022-03-28 13:51:39,531.26
2022-03-28 13:51:44,531.26
2022-03-28 13:51:49,531.26
2022-03-28 13:51:54,531.26
2022-03-28 13:51:59,531.33
2022-03-28 13:52:04,531.32
2022-03-28 13:52:09,531.39
2022-03-28 13:52:14,531.32
2022-03-28 13:52:19,531.39
2022-03-28 13:52:24,531.39
2022-03-28 13:52:29,531.42
2022-03-28 13:52:34,531.42
2022-03-28 13:52:39,531.48
2022-03-28 13:52:44,531.42
2022-03-28 13:52:49,531.48
2022-03-28 13:52:54,531.55
2022-03-28 13:52:59,531.55
2022-03-28 13:53:04,531.55
2022-03-28 13:53:09,531.61
2022-03-28 13:53:14,531.61
2022-03-28 13:53:19,531.64
2022-03-28 13:53:24,531.64
2022-03-28 13:53:29,531.65
2022-03-28 13:53:34,531.64
2022-03-28 13:53:39,531.64
2022-03-28 13:53:44,531.71
2022-03-28 13:53:49,531.7
2022-03-28 13:53:54,531.7
2022-03-28 13:53:59,531.7
2022-03-28 13:54:04,531.7
2022-03-28 13:54:09,531.7
2022-03-28 13:54:14,531.77
2022-03-28 13:54:19,531.77
2022-03-28 13:54:24,531.7
2022-03-28 13:54:29,531.77
2022-03-28 13:54:34,531.77
2022-03-28 13:54:39,531.83
2022-03-28 13:54:44,537.71
2022-03-28 13:54:49,531.89
2022-03-28 13:54:54,531.92
2022-03-28 13:54:59,531.92
2022-03-28 13:55:04,531.99
2022-03-28 13:55:09,532.05
2022-03-28 13:55:14,532.05
2022-03-28 13:55:19,532.14
2022-03-28 13:55:24,532.21
2022-03-28 13:55:29,532.27
2022-03-28 13:55:34,532.33
2022-03-28 13:55:39,532.33
2022-03-28 13:55:44,532.43
2022-03-28 13:55:49,532.43
2022-03-28 13:55:54,532.56
2022-03-28 13:55:59,532.62
2022-03-28 13:56:04,532.62
2022-03-28 13:56:09,532.65
2022-03-28 13:56:14,532.78
2022-03-28 13:56:19,532.78
2022-03-28 13:56:24,532.91
2022-03-28 13:56:29,532.94
2022-03-28 13:56:34,533.01
2022-03-28 13:56:39,533.14
2022-03-28 13:56:44,533.17
2022-03-28 13:56:49,533.3
2022-03-28 13:56:54,533.36
2022-03-28 13:56:59,533.43
2022-03-28 13:57:04,533.52
2022-03-28 13:57:09,533.59
2022-03-28 13:57:14,533.65
2022-03-28 13:57:19,533.69
2022-03-28 13:57:24,533.75
2022-03-28 13:57:29,533.75
2022-03-28 13:57:34,533.88
2022-03-28 13:57:39,533.94
2022-03-28 13:57:44,533.94
2022-03-28 13:57:49,534.04
2022-03-28 13:57:54,534.04
2022-03-28 13:57:59,534.04
2022-03-28 13:58:04,534.04
2022-03-28 13:58:09,534.17
2022-03-28 13:58:14,534.1
2022-03-28 13:58:19,534.17
2022-03-28 13:58:24,534.17
2022-03-28 13:58:29,534.17
2022-03-28 13:58:34,534.17
2022-03-28 13:58:39,534.2
2022-03-28 13:58:44,534.2
2022-03-28 13:58:49,534.17
2022-03-28 13:58:54,534.2
2022-03-28 13:58:59,534.2
2022-03-28 13:59:04,534.17
2022-03-28 13:59:09,534.2
2022-03-28 13:59:14,534.11
2022-03-28 13:59:19,534.17
2022-03-28 13:59:24,534.11
2022-03-28 13:59:29,534.11
2022-03-28 13:59:34,534.05
2022-03-28 13:59:39,534.05
2022-03-28 13:59:44,533.98
2022-03-28 13:59:49,533.95
2022-03-28 13:59:54,533.95
2022-03-28 13:59:59,533.95
2022-03-28 14:00:04,533.96
2022-03-28 14:00:09,533.89
2022-03-28 14:00:14,533.89
2022-03-28 14:00:19,533.89
2022-03-28 14:00:24,533.96
2022-03-28 14:00:29,533.89
2022-03-28 14:00:34,533.96
2022-03-28 14:00:39,533.96
2022-03-28 14:00:44,533.96
2022-03-28 14:00:49,533.96
2022-03-28 14:00:54,533.99
2022-03-28 14:00:59,534.0
2022-03-28 14:01:04,534.06
2022-03-28 14:01:09,537.71
2022-03-28 14:01:14,534.06
2022-03-28 14:01:19,534.13
2022-03-28 14:01:24,534.13
2022-03-28 14:01:29,534.22
2022-03-28 14:01:34,534.22
2022-03-28 14:01:39,534.29
2022-03-28 14:01:44,534.35
2022-03-28 14:01:49,534.35
2022-03-28 14:01:54,534.35
2022-03-28 14:01:59,534.48
2022-03-28 14:02:04,534.42
2022-03-28 14:02:09,534.48
2022-03-28 14:02:14,534.52
2022-03-28 14:02:19,534.64
2022-03-28 14:02:24,534.64
2022-03-28 14:02:29,534.74
2022-03-28 14:02:34,534.74
2022-03-28 14:02:39,534.8
2022-03-28 14:02:44,534.87
2022-03-28 14:02:49,535.0
2022-03-28 14:02:54,535.0
2022-03-28 14:02:59,535.03
2022-03-28 14:03:04,535.09
2022-03-28 14:03:09,535.16
2022-03-28 14:03:14,535.16
2022-03-28 14:03:19,535.22
2022-03-28 14:03:24,535.25
2022-03-28 14:03:29,535.32
2022-03-28 14:03:34,535.32
2022-03-28 14:03:39,535.38
2022-03-28 14:03:44,535.45
2022-03-28 14:03:49,535.51
2022-03-28 14:03:54,535.51
2022-03-28 14:03:59,535.52
2022-03-28 14:04:04,535.54
2022-03-28 14:04:09,535.61
2022-03-28 14:04:14,535.61
2022-03-28 14:04:19,535.67
2022-03-28 14:04:24,535.74
2022-03-28 14:04:29,535.77
2022-03-28 14:04:34,535.83
2022-03-28 14:04:39,535.83
2022-03-28 14:04:44,535.9
2022-03-28 14:04:49,535.96
2022-03-28 14:04:54,536.03
2022-03-28 14:04:59,536.06
2022-03-28 14:05:04,536.12
2022-03-28 14:05:09,536.19
2022-03-28 14:05:14,536.28
2022-03-28 14:05:19,536.35
2022-03-28 14:05:24,536.41
2022-03-28 14:05:29,536.47
2022-03-28 14:05:34,536.53
2022-03-28 14:05:39,536.57
2022-03-28 14:05:44,536.63
2022-03-28 14:05:49,536.7
2022-03-28 14:05:54,536.79
2022-03-28 14:05:59,536.86
2022-03-28 14:06:04,536.92
2022-03-28 14:06:09,536.92
2022-03-28 14:06:14,537.05
2022-03-28 14:06:19,537.05
2022-03-28 14:06:24,537.08
2022-03-28 14:06:29,537.21
2022-03-28 14:06:34,537.21
2022-03-28 14:06:39,537.3
2022-03-28 14:06:44,537.3
2022-03-28 14:06:49,537.37
2022-03-28 14:06:54,537.49
2022-03-28 14:06:59,537.56
2022-03-28 14:07:04,537.49
2022-03-28 14:07:09,537.59
2022-03-28 14:07:14,537.65
2022-03-28 14:07:19,537.72
2022-03-28 14:07:24,537.78
2022-03-28 14:07:29,537.82
2022-03-28 14:07:34,537.94
2022-03-28 14:07:39,537.94
2022-03-28 14:07:44,538.07
2022-03-28 14:07:49,538.07
2022-03-28 14:07:54,538.1
2022-03-28 14:07:59,538.17
2022-03-28 14:08:04,538.24
2022-03-28 14:08:09,538.23
2022-03-28 14:08:14,538.33
2022-03-28 14:08:19,538.33
2022-03-28 14:08:24,538.33
2022-03-28 14:08:29,538.33
2022-03-28 14:08:34,538.4
2022-03-28 14:08:39,538.4
2022-03-28 14:08:44,538.46
2022-03-28 14:08:49,538.46
2022-03-28 14:08:54,538.52
2022-03-28 14:08:59,538.46
2022-03-28 14:09:04,538.46
2022-03-28 14:09:09,538.53
2022-03-28 14:09:14,538.53
2022-03-28 14:09:19,538.46
2022-03-28 14:09:24,538.53
2022-03-28 14:09:29,538.53
2022-03-28 14:09:34,538.53
2022-03-28 14:09:39,538.53
2022-03-28 14:09:44,538.59
2022-03-28 14:09:49,538.53
2022-03-28 14:09:54,538.53
2022-03-28 14:09:59,538.53
2022-03-28 14:10:04,538.53
2022-03-28 14:10:09,538.53
2022-03-28 14:10:14,538.53
2022-03-28 14:10:19,538.53
2022-03-28 14:10:24,538.47
2022-03-28 14:10:29,538.47
2022-03-28 14:10:34,538.47
2022-03-28 14:10:39,538.47
2022-03-28 14:10:44,538.47
2022-03-28 14:10:49,538.47
2022-03-28 14:10:54,538.47
2022-03-28 14:10:59,538.47
2022-03-28 14:11:04,538.41
2022-03-28 14:11:09,538.34
2022-03-28 14:11:14,538.35
2022-03-28 14:11:19,538.35
2022-03-28 14:11:24,538.32
2022-03-28 14:11:29,538.31
2022-03-28 14:11:34,538.25
2022-03-28 14:11:39,538.25
2022-03-28 14:11:44,538.26
2022-03-28 14:11:49,538.19
2022-03-28 14:11:54,538.13
2022-03-28 14:11:59,538.13
2022-03-28 14:12:04,538.13
2022-03-28 14:12:09,538.1
2022-03-28 14:12:14,538.13
2022-03-28 14:12:19,538.1
2022-03-28 14:12:24,538.1
2022-03-28 14:12:29,538.1
2022-03-28 14:12:34,538.1
2022-03-28 14:12:39,538.13
2022-03-28 14:12:44,538.13
2022-03-28 14:12:49,538.13
2022-03-28 14:12:54,538.13
2022-03-28 14:12:59,538.2
2022-03-28 14:13:04,538.13
2022-03-28 14:13:09,538.13
2022-03-28 14:13:14,538.2
2022-03-28 14:13:19,538.14
2022-03-28 14:13:24,538.2
2022-03-28 14:13:29,538.2
2022-03-28 14:13:34,538.2
2022-03-28 14:13:39,538.2
2022-03-28 14:13:44,538.2
2022-03-28 14:13:49,538.26
2022-03-28 14:13:54,538.2
2022-03-28 14:13:59,538.26
2022-03-28 14:14:04,538.33
2022-03-28 14:14:09,538.33
2022-03-28 14:14:14,538.33
2022-03-28 14:14:19,538.36
2022-03-28 14:14:24,538.43
2022-03-28 14:14:29,538.42
2022-03-28 14:14:34,538.43
2022-03-28 14:14:39,538.49
2022-03-28 14:14:44,538.55
2022-03-28 14:14:49,538.55
2022-03-28 14:14:54,538.62
2022-03-28 14:14:59,538.62
2022-03-28 14:15:04,538.65
2022-03-28 14:15:09,538.65
2022-03-28 14:15:14,538.72
2022-03-28 14:15:19,538.78
2022-03-28 14:15:24,538.77
2022-03-28 14:15:29,538.84
2022-03-28 14:15:34,538.87
2022-03-28 14:15:39,538.84
2022-03-28 14:15:44,538.87
2022-03-28 14:15:49,538.87
2022-03-28 14:15:54,538.93
2022-03-28 14:15:59,538.94
2022-03-28 14:16:04,539.0
2022-03-28 14:16:09,539.0
2022-03-28 14:16:14,539.06
2022-03-28 14:16:19,539.06
2022-03-28 14:16:24,539.06
2022-03-28 14:16:29,539.06
2022-03-28 14:16:34,539.06
2022-03-28 14:16:39,539.12
2022-03-28 14:16:44,539.12
2022-03-28 14:16:49,539.06
2022-03-28 14:16:54,539.12
2022-03-28 14:16:59,539.05
2022-03-28 14:17:04,539.06
2022-03-28 14:17:09,539.12
2022-03-28 14:17:14,539.05
2022-03-28 14:17:19,539.05
2022-03-28 14:17:24,539.05
2022-03-28 14:17:29,539.05
2022-03-28 14:17:34,538.99
2022-03-28 14:17:39,538.99
2022-03-28 14:17:44,538.92
2022-03-28 14:17:49,538.86
2022-03-28 14:17:54,538.86
2022-03-28 14:17:59,538.86
2022-03-28 14:18:04,538.82
2022-03-28 14:18:09,538.76
2022-03-28 14:18:14,538.69
2022-03-28 14:18:19,538.63
2022-03-28 14:18:24,538.6
2022-03-28 14:18:29,538.53
2022-03-28 14:18:34,538.4
2022-03-28 14:18:39,538.34
2022-03-28 14:18:44,538.31
2022-03-28 14:18:49,538.18
2022-03-28 14:18:54,538.08
2022-03-28 14:18:59,537.95
2022-03-28 14:19:04,537.82
2022-03-28 14:19:09,537.73
2022-03-28 14:19:14,537.6
2022-03-28 14:19:19,537.5
2022-03-28 14:19:24,537.37
2022-03-28 14:19:29,537.28
2022-03-28 14:19:34,537.15
2022-03-28 14:19:39,537.05
2022-03-28 14:19:44,536.85
2022-03-28 14:19:49,536.79
2022-03-28 14:19:54,536.7
2022-03-28 14:19:59,536.53
2022-03-28 14:20:04,536.47
2022-03-28 14:20:09,536.34
2022-03-28 14:20:14,536.24
2022-03-28 14:20:19,536.12
2022-03-28 14:20:24,536.05
2022-03-28 14:20:29,535.96
2022-03-28 14:20:34,535.83
2022-03-28 14:20:39,535.76
2022-03-28 14:20:44,535.73
2022-03-28 14:20:49,535.67
2022-03-28 14:20:54,535.61
2022-03-28 14:20:59,535.54
2022-03-28 14:21:04,535.45
2022-03-28 14:21:09,535.51
2022-03-28 14:21:14,535.38
2022-03-28 14:21:19,535.32
2022-03-28 14:21:24,535.25
2022-03-28 14:21:29,535.25
2022-03-28 14:21:34,535.22
2022-03-28 14:21:39,535.16
2022-03-28 14:21:44,535.16
2022-03-28 14:21:49,535.09
2022-03-28 14:21:54,535.03
2022-03-28 14:21:59,535.03
2022-03-28 14:22:04,535.0
2022-03-28 14:22:09,535.0
2022-03-28 14:22:14,535.0
2022-03-28 14:22:19,534.94
2022-03-28 14:22:24,534.94
2022-03-28 14:22:29,534.94
2022-03-28 14:22:34,534.94
2022-03-28 14:22:39,534.94
2022-03-28 14:22:44,534.88
2022-03-28 14:22:49,534.88
2022-03-28 14:22:54,534.94
2022-03-28 14:22:59,534.88
2022-03-28 14:23:04,534.88
2022-03-28 14:23:09,534.82
2022-03-28 14:23:14,534.82
2022-03-28 14:23:19,534.88
2022-03-28 14:23:24,534.88
2022-03-28 14:23:29,534.82
2022-03-28 14:23:34,534.82
2022-03-28 14:23:39,534.76
2022-03-28 14:23:44,534.76
2022-03-28 14:23:49,534.76
2022-03-28 14:23:54,534.76
2022-03-28 14:23:59,534.72
2022-03-28 14:24:04,534.76
2022-03-28 14:24:09,534.73
2022-03-28 14:24:14,534.73
2022-03-28 14:24:19,534.73
2022-03-28 14:24:24,534.73
2022-03-28 14:24:29,534.73
2022-03-28 14:24:34,534.73
2022-03-28 14:24:39,534.73
2022-03-28 14:24:44,534.66
2022-03-28 14:24:49,534.66
2022-03-28 14:24:54,534.66
2022-03-28 14:24:59,534.66
2022-03-28 14:25:04,534.66
2022-03-28 14:25:09,534.6
2022-03-28 14:25:14,534.6
2022-03-28 14:25:19,534.6
2022-03-28 14:25:24,534.6
2022-03-28 14:25:29,534.53
2022-03-28 14:25:34,534.6
2022-03-28 14:25:39,534.53
2022-03-28 14:25:44,534.53
2022-03-28 14:25:49,534.53
2022-03-28 14:25:54,534.53
2022-03-28 14:25:59,534.5
2022-03-28 14:26:04,534.5
2022-03-28 14:26:09,534.43
2022-03-28 14:26:14,534.44
2022-03-28 14:26:19,534.44
2022-03-28 14:26:24,534.37
2022-03-28 14:26:29,534.37
2022-03-28 14:26:34,534.37
2022-03-28 14:26:39,534.37
2022-03-28 14:26:44,534.3
2022-03-28 14:26:49,534.3
2022-03-28 14:26:54,534.24
2022-03-28 14:26:59,534.24
2022-03-28 14:27:04,534.24
2022-03-28 14:27:09,534.24
2022-03-28 14:27:14,534.2
2022-03-28 14:27:19,534.24
2022-03-28 14:27:24,534.21
2022-03-28 14:27:29,534.24
2022-03-28 14:27:34,534.24
2022-03-28 14:27:39,534.23
2022-03-28 14:27:44,534.23
2022-03-28 14:27:49,534.3
2022-03-28 14:27:54,534.3
2022-03-28 14:27:59,534.36
2022-03-28 14:28:04,534.36
2022-03-28 14:28:09,534.36
2022-03-28 14:28:14,534.43
2022-03-28 14:28:19,534.43
2022-03-28 14:28:24,534.49
2022-03-28 14:28:29,534.49
2022-03-28 14:28:34,534.52
2022-03-28 14:28:39,534.58
2022-03-28 14:28:44,534.65
2022-03-28 14:28:49,534.71
2022-03-28 14:28:54,534.74
2022-03-28 14:28:59,534.81
2022-03-28 14:29:04,534.87
2022-03-28 14:29:09,534.94
2022-03-28 14:29:14,535.03
2022-03-28 14:29:19,535.1
2022-03-28 14:29:24,535.16
2022-03-28 14:29:29,535.26
2022-03-28 14:29:34,535.26
2022-03-28 14:29:39,535.32
2022-03-28 14:29:44,535.45
2022-03-28 14:29:49,535.51
2022-03-28 14:29:54,535.55
2022-03-28 14:29:59,535.61
2022-03-28 14:30:04,535.67
2022-03-28 14:30:09,535.74
2022-03-28 14:30:14,535.84
2022-03-28 14:30:19,535.9
2022-03-28 14:30:24,535.9
2022-03-28 14:30:29,536.03
2022-03-28 14:30:34,536.06
2022-03-28 14:30:39,536.13
2022-03-28 14:30:44,536.19
2022-03-28 14:30:49,536.29
2022-03-28 14:30:54,536.35
2022-03-28 14:30:59,536.41
2022-03-28 14:31:04,536.48
2022-03-28 14:31:09,536.55
2022-03-28 14:31:14,536.64
2022-03-28 14:31:19,536.71
2022-03-28 14:31:24,536.77
2022-03-28 14:31:29,536.81
2022-03-28 14:31:34,536.87
2022-03-28 14:31:39,536.94
2022-03-28 14:31:44,537.0
2022-03-28 14:31:49,537.07
2022-03-28 14:31:54,537.1
2022-03-28 14:31:59,537.1
2022-03-28 14:32:04,537.16
2022-03-28 14:32:09,537.29
2022-03-28 14:32:14,537.33
2022-03-28 14:32:19,537.33
2022-03-28 14:32:24,537.39
2022-03-28 14:32:29,537.45
2022-03-28 14:32:34,537.46
2022-03-28 14:32:39,537.46
2022-03-28 14:32:44,537.59
2022-03-28 14:32:49,537.59
2022-03-28 14:32:54,537.62
2022-03-28 14:32:59,537.62
2022-03-28 14:33:04,537.69
2022-03-28 14:33:09,537.62
2022-03-28 14:33:14,537.69
2022-03-28 14:33:19,537.75
2022-03-28 14:33:24,537.75
2022-03-28 14:33:29,537.75
2022-03-28 14:33:34,537.75
2022-03-28 14:33:39,537.75
2022-03-28 14:33:44,537.76
2022-03-28 14:33:49,537.76
2022-03-28 14:33:54,537.82
2022-03-28 14:33:59,537.76
2022-03-28 14:34:04,537.76
2022-03-28 14:34:09,537.76
2022-03-28 14:34:14,537.7
2022-03-28 14:34:19,537.63
2022-03-28 14:34:24,537.63
2022-03-28 14:34:29,537.6
2022-03-28 14:34:34,537.54
2022-03-28 14:34:39,537.54
2022-03-28 14:34:44,537.41
2022-03-28 14:34:49,537.41
2022-03-28 14:34:54,537.31
2022-03-28 14:34:59,537.25
2022-03-28 14:35:04,537.12
2022-03-28 14:35:09,537.09
2022-03-28 14:35:14,537.02
2022-03-28 14:35:19,536.9
2022-03-28 14:35:24,536.83
2022-03-28 14:35:29,536.74
2022-03-28 14:35:34,536.74
2022-03-28 14:35:39,536.61
2022-03-28 14:35:44,536.58
2022-03-28 14:35:49,536.51
2022-03-28 14:35:54,536.45
2022-03-28 14:35:59,536.38
2022-03-28 14:36:04,536.38
2022-03-28 14:36:09,537.71
2022-03-28 14:36:14,536.29
2022-03-28 14:36:19,536.22
2022-03-28 14:36:24,536.16
2022-03-28 14:36:29,536.16
2022-03-28 14:36:34,536.09
2022-03-28 14:36:39,536.06
2022-03-28 14:36:44,536.0
2022-03-28 14:36:49,536.0
2022-03-28 14:36:54,536.0
2022-03-28 14:36:59,535.87
2022-03-28 14:37:04,535.87
2022-03-28 14:37:09,535.8
2022-03-28 14:37:14,535.77
2022-03-28 14:37:19,535.71
2022-03-28 14:37:24,535.58
2022-03-28 14:37:29,535.58
2022-03-28 14:37:34,535.54
2022-03-28 14:37:39,535.41
2022-03-28 14:37:44,535.35
2022-03-28 14:37:49,535.29
2022-03-28 14:37:54,535.19
2022-03-28 14:37:59,535.12
2022-03-28 14:38:04,535.06
2022-03-28 14:38:09,535.03
2022-03-28 14:38:14,534.9
2022-03-28 14:38:19,534.84
2022-03-28 14:38:24,534.77
2022-03-28 14:38:29,534.74
2022-03-28 14:38:34,534.67
2022-03-28 14:38:39,534.61
2022-03-28 14:38:44,534.54
2022-03-28 14:38:49,534.44
2022-03-28 14:38:54,534.44
2022-03-28 14:38:59,534.38
2022-03-28 14:39:04,534.25
2022-03-28 14:39:09,534.22
2022-03-28 14:39:14,534.15
2022-03-28 14:39:19,534.09
2022-03-28 14:39:24,534.02
2022-03-28 14:39:29,533.99
2022-03-28 14:39:34,533.92
2022-03-28 14:39:39,533.86
2022-03-28 14:39:44,533.8
2022-03-28 14:39:49,533.7
2022-03-28 14:39:54,533.57
2022-03-28 14:39:59,533.5
2022-03-28 14:40:04,533.47
2022-03-28 14:40:09,533.34
2022-03-28 14:40:14,533.21
2022-03-28 14:40:19,533.18
2022-03-28 14:40:24,533.05
2022-03-28 14:40:29,532.99
2022-03-28 14:40:34,532.83
2022-03-28 14:40:39,532.76
2022-03-28 14:40:44,532.66
2022-03-28 14:40:49,532.54
2022-03-28 14:40:54,532.47
2022-03-28 14:40:59,532.37
2022-03-28 14:41:04,532.25
2022-03-28 14:41:09,532.18
2022-03-28 14:41:14,532.09
2022-03-28 14:41:19,531.96
2022-03-28 14:41:24,531.86
2022-03-28 14:41:29,531.8
2022-03-28 14:41:34,531.67
2022-03-28 14:41:39,531.63
2022-03-28 14:41:44,531.51
2022-03-28 14:41:49,531.41
2022-03-28 14:41:54,531.34
2022-03-28 14:41:59,531.28
2022-03-28 14:42:04,531.22
2022-03-28 14:42:09,531.12
2022-03-28 14:42:14,537.71
2022-03-28 14:42:19,530.93
2022-03-28 14:42:24,530.83
2022-03-28 14:42:29,530.77
2022-03-28 14:42:34,530.64
2022-03-28 14:42:39,530.61
2022-03-28 14:42:44,530.48
2022-03-28 14:42:49,530.38
2022-03-28 14:42:54,530.32
2022-03-28 14:42:59,530.19
2022-03-28 14:43:04,530.09
2022-03-28 14:43:09,530.03
2022-03-28 14:43:14,529.9
2022-03-28 14:43:19,529.87
2022-03-28 14:43:24,529.74
2022-03-28 14:43:29,529.61
2022-03-28 14:43:34,529.61
2022-03-28 14:43:39,529.58
2022-03-28 14:43:44,529.52
2022-03-28 14:43:49,529.52
2022-03-28 14:43:54,529.39
2022-03-28 14:43:59,529.39
2022-03-28 14:44:04,529.39
2022-03-28 14:44:09,529.36
2022-03-28 14:44:14,529.36
2022-03-28 14:44:19,529.36
2022-03-28 14:44:24,529.36
2022-03-28 14:44:29,529.3
2022-03-28 14:44:34,529.23
2022-03-28 14:44:39,529.23
2022-03-28 14:44:44,529.23
2022-03-28 14:44:49,529.24
2022-03-28 14:44:54,529.17
2022-03-28 14:44:59,529.17
2022-03-28 14:45:04,529.11
2022-03-28 14:45:09,529.11
2022-03-28 14:45:14,529.11
2022-03-28 14:45:19,529.11
2022-03-28 14:45:24,529.11
2022-03-28 14:45:29,529.11
2022-03-28 14:45:34,529.11
2022-03-28 14:45:39,529.11
2022-03-28 14:45:44,529.11
2022-03-28 14:45:49,529.11
2022-03-28 14:45:54,529.08
2022-03-28 14:45:59,529.11
2022-03-28 14:46:04,529.11
2022-03-28 14:46:09,529.08
2022-03-28 14:46:14,529.08
2022-03-28 14:46:19,529.08
2022-03-28 14:46:24,529.11
2022-03-28 14:46:29,529.11
2022-03-28 14:46:34,529.18
2022-03-28 14:46:39,529.11
2022-03-28 14:46:44,529.18
2022-03-28 14:46:49,529.18
2022-03-28 14:46:54,529.18
2022-03-28 14:46:59,529.24
2022-03-28 14:47:04,529.24
2022-03-28 14:47:09,529.24
2022-03-28 14:47:14,529.3
2022-03-28 14:47:19,529.3
2022-03-28 14:47:24,529.31
2022-03-28 14:47:29,529.37
2022-03-28 14:47:34,529.37
2022-03-28 14:47:39,529.37
2022-03-28 14:47:44,529.4
2022-03-28 14:47:49,529.47
2022-03-28 14:47:54,529.47
2022-03-28 14:47:59,529.53
2022-03-28 14:48:04,529.53
2022-03-28 14:48:09,529.59
2022-03-28 14:48:14,529.59
2022-03-28 14:48:19,529.62
2022-03-28 14:48:24,529.62
2022-03-28 14:48:29,529.75
2022-03-28 14:48:34,529.82
2022-03-28 14:48:39,529.88
2022-03-28 14:48:44,529.88
2022-03-28 14:48:49,529.91
2022-03-28 14:48:54,529.98
2022-03-28 14:48:59,530.1
2022-03-28 14:49:04,530.14
2022-03-28 14:49:09,530.2
2022-03-28 14:49:14,530.27
2022-03-28 14:49:19,530.39
2022-03-28 14:49:24,530.42
2022-03-28 14:49:29,530.55
2022-03-28 14:49:34,530.62
2022-03-28 14:49:39,530.71
2022-03-28 14:49:44,530.78
2022-03-28 14:49:49,530.91
2022-03-28 14:49:54,530.93
2022-03-28 14:49:59,531.0
2022-03-28 14:50:04,531.13
2022-03-28 14:50:09,531.16
2022-03-28 14:50:14,531.29
2022-03-28 14:50:19,531.35
2022-03-28 14:50:24,531.35
2022-03-28 14:50:29,531.45
2022-03-28 14:50:34,531.57
2022-03-28 14:50:39,531.64
2022-03-28 14:50:44,531.67
2022-03-28 14:50:49,531.73
2022-03-28 14:50:54,531.86
2022-03-28 14:50:59,531.93
2022-03-28 14:51:04,531.96
2022-03-28 14:51:09,532.02
2022-03-28 14:51:14,532.09
2022-03-28 14:51:19,532.15
2022-03-28 14:51:24,532.18
2022-03-28 14:51:29,532.18
2022-03-28 14:51:34,532.24
2022-03-28 14:51:39,532.31
2022-03-28 14:51:44,532.37
2022-03-28 14:51:49,532.44
2022-03-28 14:51:54,532.44
2022-03-28 14:51:59,532.47
2022-03-28 14:52:04,532.47
2022-03-28 14:52:09,532.47
2022-03-28 14:52:14,532.47
2022-03-28 14:52:19,532.54
2022-03-28 14:52:24,532.47
2022-03-28 14:52:29,532.53
2022-03-28 14:52:34,532.47
2022-03-28 14:52:39,532.47
2022-03-28 14:52:44,532.44
2022-03-28 14:52:49,532.47
2022-03-28 14:52:54,532.44
2022-03-28 14:52:59,532.44
2022-03-28 14:53:04,532.44
2022-03-28 14:53:09,532.44
2022-03-28 14:53:14,532.37
2022-03-28 14:53:19,532.37
2022-03-28 14:53:24,532.37
2022-03-28 14:53:29,532.31
2022-03-28 14:53:34,532.31
2022-03-28 14:53:39,532.31
2022-03-28 14:53:44,532.25
2022-03-28 14:53:49,532.25
2022-03-28 14:53:54,532.25
2022-03-28 14:53:59,532.18
2022-03-28 14:54:04,532.15
2022-03-28 14:54:09,532.18
2022-03-28 14:54:14,532.15
2022-03-28 14:54:19,532.15
2022-03-28 14:54:24,532.09
2022-03-28 14:54:29,532.02
2022-03-28 14:54:34,532.02
2022-03-28 14:54:39,532.02
2022-03-28 14:54:44,531.93
2022-03-28 14:54:49,531.93
2022-03-28 14:54:54,531.93
2022-03-28 14:54:59,531.87
2022-03-28 14:55:04,531.8
2022-03-28 14:55:09,531.8
2022-03-28 14:55:14,531.74
2022-03-28 14:55:19,531.74
2022-03-28 14:55:24,531.68
2022-03-28 14:55:29,531.68
2022-03-28 14:55:34,531.68
2022-03-28 14:55:39,531.68
2022-03-28 14:55:44,531.68
2022-03-28 14:55:49,531.68
2022-03-28 14:55:54,531.68
2022-03-28 14:55:59,531.68
2022-03-28 14:56:04,531.68
2022-03-28 14:56:09,531.74
2022-03-28 14:56:14,531.75
2022-03-28 14:56:19,531.75
2022-03-28 14:56:24,531.81
2022-03-28 14:56:29,531.81
2022-03-28 14:56:34,531.81
2022-03-28 14:56:39,531.88
2022-03-28 14:56:44,531.88
2022-03-28 14:56:49,531.94
2022-03-28 14:56:54,531.94
2022-03-28 14:56:59,531.97
2022-03-28 14:57:04,532.04
2022-03-28 14:57:09,532.1
2022-03-28 14:57:14,532.1
2022-03-28 14:57:19,532.17
2022-03-28 14:57:24,532.17
2022-03-28 14:57:29,532.2
2022-03-28 14:57:34,532.2
2022-03-28 14:57:39,532.26
2022-03-28 14:57:44,537.71
2022-03-28 14:57:49,532.26
2022-03-28 14:57:54,532.26
2022-03-28 14:57:59,532.27
2022-03-28 14:58:04,532.33
2022-03-28 14:58:09,532.26
2022-03-28 14:58:14,532.26
2022-03-28 14:58:19,532.33
2022-03-28 14:58:24,532.26
2022-03-28 14:58:29,532.33
2022-03-28 14:58:34,532.26
2022-03-28 14:58:39,532.33
2022-03-28 14:58:44,532.26
2022-03-28 14:58:49,532.26
2022-03-28 14:58:54,532.26
2022-03-28 14:58:59,532.26
2022-03-28 14:59:04,532.2
2022-03-28 14:59:09,532.19
2022-03-28 14:59:14,532.19
2022-03-28 14:59:19,532.16
2022-03-28 14:59:24,532.16
2022-03-28 14:59:29,537.71
2022-03-28 14:59:34,532.03
2022-03-28 14:59:39,531.97
2022-03-28 14:59:44,531.97
2022-03-28 14:59:49,531.94
2022-03-28 14:59:54,531.87
2022-03-28 14:59:59,531.8
2022-03-28 15:00:04,531.74
2022-03-28 15:00:09,531.68
2022-03-28 15:00:14,531.64
2022-03-28 15:00:19,531.64
2022-03-28 15:00:24,531.58
2022-03-28 15:00:29,531.45
2022-03-28 15:00:34,531.45
2022-03-28 15:00:39,531.41
2022-03-28 15:00:44,531.35
2022-03-28 15:00:49,531.35
2022-03-28 15:00:54,531.22
2022-03-28 15:00:59,531.15
2022-03-28 15:01:04,531.12
2022-03-28 15:01:09,531.05
2022-03-28 15:01:14,530.92
2022-03-28 15:01:19,530.89
2022-03-28 15:01:24,530.83
2022-03-28 15:01:29,530.76
2022-03-28 15:01:34,530.7
2022-03-28 15:01:39,530.6
2022-03-28 15:01:44,530.53
2022-03-28 15:01:49,530.41
2022-03-28 15:01:54,530.37
2022-03-28 15:01:59,530.24
2022-03-28 15:02:04,530.18
2022-03-28 15:02:09,530.08
2022-03-28 15:02:14,530.02
2022-03-28 15:02:19,530.02
2022-03-28 15:02:24,529.89
2022-03-28 15:02:29,529.85
2022-03-28 15:02:34,529.73
2022-03-28 15:02:39,529.66
2022-03-28 15:02:44,529.6
2022-03-28 15:02:49,529.56
2022-03-28 15:02:54,529.44
2022-03-28 15:02:59,529.37
2022-03-28 15:03:04,529.34
2022-03-28 15:03:09,529.21
2022-03-28 15:03:14,529.21
2022-03-28 15:03:19,529.08
2022-03-28 15:03:24,529.05
2022-03-28 15:03:29,528.98
2022-03-28 15:03:34,528.92
2022-03-28 15:03:39,528.86
2022-03-28 15:03:44,528.82
2022-03-28 15:03:49,528.76
2022-03-28 15:03:54,528.76
2022-03-28 15:03:59,528.69
2022-03-28 15:04:04,528.63
2022-03-28 15:04:09,528.63
2022-03-28 15:04:14,528.57
2022-03-28 15:04:19,528.57
2022-03-28 15:04:24,528.53
2022-03-28 15:04:29,528.53
2022-03-28 15:04:34,528.53
2022-03-28 15:04:39,528.47
2022-03-28 15:04:44,528.47
2022-03-28 15:04:49,528.47
2022-03-28 15:04:54,528.47
2022-03-28 15:04:59,528.41
2022-03-28 15:05:04,528.41
2022-03-28 15:05:09,528.41
2022-03-28 15:05:14,528.41
2022-03-28 15:05:19,528.41
2022-03-28 15:05:24,528.41
2022-03-28 15:05:29,528.41
2022-03-28 15:05:34,528.41
2022-03-28 15:05:39,528.41
2022-03-28 15:05:44,528.41
2022-03-28 15:05:49,528.48
2022-03-28 15:05:54,528.48
2022-03-28 15:05:59,528.48
2022-03-28 15:06:04,528.54
2022-03-28 15:06:09,528.54
2022-03-28 15:06:14,528.58
2022-03-28 15:06:19,528.54
2022-03-28 15:06:24,528.58
2022-03-28 15:06:29,528.64
2022-03-28 15:06:34,528.64
2022-03-28 15:06:39,528.71
2022-03-28 15:06:44,528.78
2022-03-28 15:06:49,528.78
2022-03-28 15:06:54,528.84
2022-03-28 15:06:59,528.84
2022-03-28 15:07:04,528.87
2022-03-28 15:07:09,528.94
2022-03-28 15:07:14,529.0
2022-03-28 15:07:19,529.07
2022-03-28 15:07:24,529.1
2022-03-28 15:07:29,529.1
2022-03-28 15:07:34,529.23
2022-03-28 15:07:39,529.23
2022-03-28 15:07:44,529.36
2022-03-28 15:07:49,529.39
2022-03-28 15:07:54,529.46
2022-03-28 15:07:59,529.52
2022-03-28 15:08:04,529.62
2022-03-28 15:08:09,529.68
2022-03-28 15:08:14,529.75
2022-03-28 15:08:19,529.81
2022-03-28 15:08:24,529.88
2022-03-28 15:08:29,529.91
2022-03-28 15:08:34,530.04
2022-03-28 15:08:39,530.1
2022-03-28 15:08:44,530.2
2022-03-28 15:08:49,530.26
2022-03-28 15:08:54,530.39
2022-03-28 15:08:59,530.42
2022-03-28 15:09:04,530.55
2022-03-28 15:09:09,530.56
2022-03-28 15:09:14,530.65
2022-03-28 15:09:19,530.72
2022-03-28 15:09:24,530.78
2022-03-28 15:09:29,530.91
2022-03-28 15:09:34,530.91
2022-03-28 15:09:39,530.94
2022-03-28 15:09:44,531.07
2022-03-28 15:09:49,531.13
2022-03-28 15:09:54,531.13
2022-03-28 15:09:59,531.16
2022-03-28 15:10:04,531.29
2022-03-28 15:10:09,531.3
2022-03-28 15:10:14,531.36
2022-03-28 15:10:19,531.42
2022-03-28 15:10:24,531.46
2022-03-28 15:10:29,531.52
2022-03-28 15:10:34,531.52
2022-03-28 15:10:39,531.52
2022-03-28 15:10:44,531.58
2022-03-28 15:10:49,531.65
2022-03-28 15:10:54,531.68
2022-03-28 15:10:59,531.74
2022-03-28 15:11:04,531.74
2022-03-28 15:11:09,531.81
2022-03-28 15:11:14,531.8
2022-03-28 15:11:19,531.87
2022-03-28 15:11:24,531.87
2022-03-28 15:11:29,531.87
2022-03-28 15:11:34,531.87
2022-03-28 15:11:39,531.8
2022-03-28 15:11:44,531.93
2022-03-28 15:11:49,531.93
2022-03-28 15:11:54,531.93
2022-03-28 15:11:59,531.93
2022-03-28 15:12:04,531.93
2022-03-28 15:12:09,531.93
2022-03-28 15:12:14,531.93
2022-03-28 15:12:19,531.93
2022-03-28 15:12:24,531.93
2022-03-28 15:12:29,531.93
2022-03-28 15:12:34,531.92
2022-03-28 15:12:39,531.93
2022-03-28 15:12:44,531.92
2022-03-28 15:12:49,531.96
2022-03-28 15:12:54,531.96
2022-03-28 15:12:59,531.96
2022-03-28 15:13:04,531.95
2022-03-28 15:13:09,531.95
2022-03-28 15:13:14,531.95
2022-03-28 15:13:19,531.95
2022-03-28 15:13:24,531.95
2022-03-28 15:13:29,531.95
2022-03-28 15:13:34,531.95
2022-03-28 15:13:39,531.95
2022-03-28 15:13:44,531.95
2022-03-28 15:13:49,531.95
2022-03-28 15:13:54,532.02
2022-03-28 15:13:59,532.02
2022-03-28 15:14:04,532.02
2022-03-28 15:14:09,532.08
2022-03-28 15:14:14,532.02
2022-03-28 15:14:19,532.14
2022-03-28 15:14:24,532.08
2022-03-28 15:14:29,532.14
2022-03-28 15:14:34,532.14
2022-03-28 15:14:39,532.18
2022-03-28 15:14:44,532.18
2022-03-28 15:14:49,532.18
2022-03-28 15:14:54,532.24
2022-03-28 15:14:59,532.24
2022-03-28 15:15:04,537.71
2022-03-28 15:15:09,532.24
2022-03-28 15:15:14,532.24
2022-03-28 15:15:19,532.31
2022-03-28 15:15:24,532.31
2022-03-28 15:15:29,532.31
2022-03-28 15:15:34,532.31
2022-03-28 15:15:39,532.31
2022-03-28 15:15:44,532.31
2022-03-28 15:15:49,532.24
2022-03-28 15:15:54,532.24
2022-03-28 15:15:59,532.24
2022-03-28 15:16:04,532.25
2022-03-28 15:16:09,532.24
2022-03-28 15:16:14,532.24
2022-03-28 15:16:19,532.18
2022-03-28 15:16:24,532.18
2022-03-28 15:16:29,532.18
2022-03-28 15:16:34,532.15
2022-03-28 15:16:39,532.15
2022-03-28 15:16:44,532.09
2022-03-28 15:16:49,532.09
2022-03-28 15:16:54,532.09
2022-03-28 15:16:59,532.02
2022-03-28 15:17:04,531.96
2022-03-28 15:17:09,531.96
2022-03-28 15:17:14,531.96
2022-03-28 15:17:19,531.93
2022-03-28 15:17:24,531.87
2022-03-28 15:17:29,531.87
2022-03-28 15:17:34,531.74
2022-03-28 15:17:39,531.74
2022-03-28 15:17:44,531.68
2022-03-28 15:17:49,531.65
2022-03-28 15:17:54,531.65
2022-03-28 15:17:59,531.52
2022-03-28 15:18:04,531.52
2022-03-28 15:18:09,531.45
2022-03-28 15:18:14,531.42
2022-03-28 15:18:19,531.36
2022-03-28 15:18:24,531.3
2022-03-28 15:18:29,531.23
2022-03-28 15:18:34,531.23
2022-03-28 15:18:39,531.17
2022-03-28 15:18:44,531.13
2022-03-28 15:18:49,531.07
2022-03-28 15:18:54,531.08
2022-03-28 15:18:59,530.95
2022-03-28 15:19:04,530.95
2022-03-28 15:19:09,530.85
2022-03-28 15:19:14,530.85
2022-03-28 15:19:19,530.79
2022-03-28 15:19:24,530.72
2022-03-28 15:19:29,530.66
2022-03-28 15:19:34,530.63
2022-03-28 15:19:39,530.63
2022-03-28 15:19:44,530.5
2022-03-28 15:19:49,530.43
2022-03-28 15:19:54,530.4
2022-03-28 15:19:59,530.34
2022-03-28 15:20:04,530.27
2022-03-28 15:20:09,530.21
2022-03-28 15:20:14,530.15
2022-03-28 15:20:19,530.11
2022-03-28 15:20:24,529.98
2022-03-28 15:20:29,529.92
2022-03-28 15:20:34,529.89
2022-03-28 15:20:39,529.82
2022-03-28 15:20:44,529.76
2022-03-28 15:20:49,529.69
2022-03-28 15:20:54,529.6
2022-03-28 15:20:59,529.6
2022-03-28 15:21:04,529.53
2022-03-28 15:21:09,529.4
2022-03-28 15:21:14,529.37
2022-03-28 15:21:19,529.3
2022-03-28 15:21:24,529.24
2022-03-28 15:21:29,529.18
2022-03-28 15:21:34,529.08
2022-03-28 15:21:39,529.01
2022-03-28 15:21:44,528.95
2022-03-28 15:21:49,528.85
2022-03-28 15:21:54,528.79
2022-03-28 15:21:59,528.73
2022-03-28 15:22:04,528.56
2022-03-28 15:22:09,528.5
2022-03-28 15:22:14,528.37
2022-03-28 15:22:19,528.34
2022-03-28 15:22:24,528.21
2022-03-28 15:22:29,528.08
2022-03-28 15:22:34,527.98
2022-03-28 15:22:39,527.92
2022-03-28 15:22:44,527.85
2022-03-28 15:22:49,527.75
2022-03-28 15:22:54,527.63
2022-03-28 15:22:59,537.71
2022-03-28 15:23:04,527.46
2022-03-28 15:23:09,527.33
2022-03-28 15:23:14,527.3
2022-03-28 15:23:19,527.17
2022-03-28 15:23:24,527.11
2022-03-28 15:23:29,527.01
2022-03-28 15:23:34,526.88
2022-03-28 15:23:39,526.81
2022-03-28 15:23:44,526.72
2022-03-28 15:23:49,526.65
2022-03-28 15:23:54,526.52
2022-03-28 15:23:59,526.49
2022-03-28 15:24:04,537.71
2022-03-28 15:24:09,526.26
2022-03-28 15:24:14,526.13
2022-03-28 15:24:19,526.07
2022-03-28 15:24:24,526.07
2022-03-28 15:24:29,525.97
2022-03-28 15:24:34,525.9
2022-03-28 15:24:39,525.77
2022-03-28 15:24:44,525.74
2022-03-28 15:24:49,525.68
2022-03-28 15:24:54,525.61
2022-03-28 15:24:59,525.55
2022-03-28 15:25:04,525.49
2022-03-28 15:25:09,525.39
2022-03-28 15:25:14,525.39
2022-03-28 15:25:19,525.32
2022-03-28 15:25:24,525.26
2022-03-28 15:25:29,525.26
2022-03-28 15:25:34,525.23
2022-03-28 15:25:39,525.23
2022-03-28 15:25:44,525.16
2022-03-28 15:25:49,525.1
2022-03-28 15:25:54,525.1
2022-03-28 15:25:59,525.1
2022-03-28 15:26:04,525.03
2022-03-28 15:26:09,525.03
2022-03-28 15:26:14,525.03
2022-03-28 15:26:19,524.97
2022-03-28 15:26:24,524.97
2022-03-28 15:26:29,524.97
2022-03-28 15:26:34,524.97
2022-03-28 15:26:39,524.97
2022-03-28 15:26:44,524.97
2022-03-28 15:26:49,524.97
2022-03-28 15:26:54,524.97
2022-03-28 15:26:59,524.97
2022-03-28 15:27:04,524.97
2022-03-28 15:27:09,524.97
2022-03-28 15:27:14,524.97
2022-03-28 15:27:19,524.94
2022-03-28 15:27:24,524.97
2022-03-28 15:27:29,524.97
2022-03-28 15:27:34,524.98
2022-03-28 15:27:39,525.04
2022-03-28 15:27:44,524.98
2022-03-28 15:27:49,525.04
2022-03-28 15:27:54,525.04
2022-03-28 15:27:59,525.04
2022-03-28 15:28:04,525.04
2022-03-28 15:28:09,525.04
2022-03-28 15:28:14,525.11
2022-03-28 15:28:19,525.17
2022-03-28 15:28:24,525.17
2022-03-28 15:28:29,525.24
2022-03-28 15:28:34,525.24
2022-03-28 15:28:39,525.34
2022-03-28 15:28:44,525.34
2022-03-28 15:28:49,525.34
2022-03-28 15:28:54,525.4
2022-03-28 15:28:59,525.47
2022-03-28 15:29:04,525.47
2022-03-28 15:29:09,525.5
2022-03-28 15:29:14,525.5
2022-03-28 15:29:19,525.57
2022-03-28 15:29:24,525.63
2022-03-28 15:29:29,525.7
2022-03-28 15:29:34,525.76
2022-03-28 15:29:39,525.79
2022-03-28 15:29:44,525.8
2022-03-28 15:29:49,525.92
2022-03-28 15:29:54,525.99
2022-03-28 15:29:59,525.99
2022-03-28 15:30:04,526.02
2022-03-28 15:30:09,526.09
2022-03-28 15:30:14,526.15
2022-03-28 15:30:19,526.15
2022-03-28 15:30:24,526.22
2022-03-28 15:30:29,526.22
2022-03-28 15:30:34,526.28
2022-03-28 15:30:39,526.28
2022-03-28 15:30:44,526.32
2022-03-28 15:30:49,526.32
2022-03-28 15:30:54,526.38
2022-03-28 15:30:59,526.38
2022-03-28 15:31:04,526.38
2022-03-28 15:31:09,526.45
2022-03-28 15:31:14,526.45
2022-03-28 15:31:19,526.45
2022-03-28 15:31:24,526.51
2022-03-28 15:31:29,526.45
2022-03-28 15:31:34,526.45
2022-03-28 15:31:39,526.51
2022-03-28 15:31:44,526.45
2022-03-28 15:31:49,526.45
2022-03-28 15:31:54,526.45
2022-03-28 15:31:59,526.45
2022-03-28 15:32:04,526.38
2022-03-28 15:32:09,526.45
2022-03-28 15:32:14,526.38
2022-03-28 15:32:19,526.38
2022-03-28 15:32:24,526.38
2022-03-28 15:32:29,526.38
2022-03-28 15:32:34,526.38
2022-03-28 15:32:39,526.38
2022-03-28 15:32:44,526.32
2022-03-28 15:32:49,526.32
2022-03-28 15:32:54,526.28
2022-03-28 15:32:59,537.71
2022-03-28 15:33:04,526.28
2022-03-28 15:33:09,526.28
2022-03-28 15:33:14,526.28
2022-03-28 15:33:19,526.22
2022-03-28 15:33:24,526.22
2022-03-28 15:33:29,526.22
2022-03-28 15:33:34,526.15
2022-03-28 15:33:39,526.15
2022-03-28 15:33:44,526.15
2022-03-28 15:33:49,526.08
2022-03-28 15:33:54,526.09
2022-03-28 15:33:59,526.09
2022-03-28 15:34:04,526.08
2022-03-28 15:34:09,526.02
2022-03-28 15:34:14,526.02
2022-03-28 15:34:19,526.02
2022-03-28 15:34:24,526.02
2022-03-28 15:34:29,525.99
2022-03-28 15:34:34,537.71
2022-03-28 15:34:39,525.98
2022-03-28 15:34:44,525.98
2022-03-28 15:34:49,525.98
2022-03-28 15:34:54,525.98
2022-03-28 15:34:59,525.92
2022-03-28 15:35:04,525.98
2022-03-28 15:35:09,537.71
2022-03-28 15:35:14,525.98
2022-03-28 15:35:19,525.97
2022-03-28 15:35:24,525.97
2022-03-28 15:35:29,525.98
2022-03-28 15:35:34,525.97
2022-03-28 15:35:39,525.91
2022-03-28 15:35:44,525.97
2022-03-28 15:35:49,525.97
2022-03-28 15:35:54,525.97
2022-03-28 15:35:59,525.91
2022-03-28 15:36:04,525.91
2022-03-28 15:36:09,525.97
2022-03-28 15:36:14,525.97
2022-03-28 15:36:19,525.97
2022-03-28 15:36:24,525.91
2022-03-28 15:36:29,525.97
2022-03-28 15:36:34,525.97
2022-03-28 15:36:39,525.91
2022-03-28 15:36:44,525.91
2022-03-28 15:36:49,525.97
2022-03-28 15:36:54,525.97
2022-03-28 15:36:59,525.97
2022-03-28 15:37:04,525.97
2022-03-28 15:37:09,525.97
2022-03-28 15:37:14,525.91
2022-03-28 15:37:19,525.97
2022-03-28 15:37:24,525.97
2022-03-28 15:37:29,525.97
2022-03-28 15:37:34,525.97
2022-03-28 15:37:39,525.97
2022-03-28 15:37:44,525.97
2022-03-28 15:37:49,525.98
2022-03-28 15:37:54,525.97
2022-03-28 15:37:59,526.01
2022-03-28 15:38:04,526.01
2022-03-28 15:38:09,525.98
2022-03-28 15:38:14,526.01
2022-03-28 15:38:19,526.01
2022-03-28 15:38:24,526.01
2022-03-28 15:38:29,526.08
2022-03-28 15:38:34,526.08
2022-03-28 15:38:39,526.08
2022-03-28 15:38:44,526.08
2022-03-28 15:38:49,526.14
2022-03-28 15:38:54,526.21
2022-03-28 15:38:59,526.27
2022-03-28 15:39:04,526.27
2022-03-28 15:39:09,526.37
2022-03-28 15:39:14,526.37
2022-03-28 15:39:19,526.43
2022-03-28 15:39:24,526.5
2022-03-28 15:39:29,526.53
2022-03-28 15:39:34,526.66
2022-03-28 15:39:39,526.72
2022-03-28 15:39:44,526.73
2022-03-28 15:39:49,526.89
2022-03-28 15:39:54,526.95
2022-03-28 15:39:59,527.05
2022-03-28 15:40:04,527.18
2022-03-28 15:40:09,527.25
2022-03-28 15:40:14,527.41
2022-03-28 15:40:19,527.53
2022-03-28 15:40:24,527.7
2022-03-28 15:40:29,527.86
2022-03-28 15:40:34,527.99
2022-03-28 15:40:39,528.15
2022-03-28 15:40:44,528.28
2022-03-28 15:40:49,528.44
2022-03-28 15:40:54,528.6
2022-03-28 15:40:59,528.8
2022-03-28 15:41:04,529.02
2022-03-28 15:41:09,529.18
2022-03-28 15:41:14,529.38
2022-03-28 15:41:19,529.6
2022-03-28 15:41:24,529.76
2022-03-28 15:41:29,529.93
2022-03-28 15:41:34,530.22
2022-03-28 15:41:39,530.41
2022-03-28 15:41:44,530.67
2022-03-28 15:41:49,530.86
2022-03-28 15:41:54,531.15
2022-03-28 15:41:59,531.38
2022-03-28 15:42:04,537.71
2022-03-28 15:42:09,531.89
2022-03-28 15:42:14,532.05
2022-03-28 15:42:19,532.28
2022-03-28 15:42:24,532.57
2022-03-28 15:42:29,532.86
2022-03-28 15:42:34,533.09
2022-03-28 15:42:39,533.37
2022-03-28 15:42:44,533.54
2022-03-28 15:42:49,533.76
2022-03-28 15:42:54,534.12
2022-03-28 15:42:59,534.28
2022-03-28 15:43:04,534.47
2022-03-28 15:43:09,534.63
2022-03-28 15:43:14,534.92
2022-03-28 15:43:19,535.14
2022-03-28 15:43:24,535.31
2022-03-28 15:43:29,535.56
2022-03-28 15:43:34,535.79
2022-03-28 15:43:39,535.95
2022-03-28 15:43:44,536.11
2022-03-28 15:43:49,536.33
2022-03-28 15:43:54,536.59
2022-03-28 15:43:59,536.69
2022-03-28 15:44:04,536.91
2022-03-28 15:44:09,537.1
2022-03-28 15:44:14,537.26
2022-03-28 15:44:19,537.43
2022-03-28 15:44:24,537.55
2022-03-28 15:44:29,537.72
2022-03-28 15:44:34,537.88
2022-03-28 15:44:39,538.0
2022-03-28 15:44:44,538.13
2022-03-28 15:44:49,538.16
2022-03-28 15:44:54,538.36
2022-03-28 15:44:59,538.39
2022-03-28 15:45:04,538.52
2022-03-28 15:45:09,538.65
2022-03-28 15:45:14,538.68
2022-03-28 15:45:19,538.8
2022-03-28 15:45:24,538.87
2022-03-28 15:45:29,538.96
2022-03-28 15:45:34,539.03
2022-03-28 15:45:39,539.09
2022-03-28 15:45:44,539.16
2022-03-28 15:45:49,539.15
2022-03-28 15:45:54,539.18
2022-03-28 15:45:59,539.18
2022-03-28 15:46:04,539.25
2022-03-28 15:46:09,539.31
2022-03-28 15:46:14,539.31
2022-03-28 15:46:19,539.25
2022-03-28 15:46:24,539.31
2022-03-28 15:46:29,539.25
2022-03-28 15:46:34,539.25
2022-03-28 15:46:39,539.25
2022-03-28 15:46:44,539.25
2022-03-28 15:46:49,539.25
2022-03-28 15:46:54,539.18
2022-03-28 15:46:59,539.15
2022-03-28 15:47:04,539.15
2022-03-28 15:47:09,539.09
2022-03-28 15:47:14,539.09
2022-03-28 15:47:19,539.09
2022-03-28 15:47:24,538.96
2022-03-28 15:47:29,538.96
2022-03-28 15:47:34,538.96
2022-03-28 15:47:39,538.89
2022-03-28 15:47:44,538.86
2022-03-28 15:47:49,538.86
2022-03-28 15:47:54,538.8
2022-03-28 15:47:59,538.73
2022-03-28 15:48:04,538.67
2022-03-28 15:48:09,538.73
2022-03-28 15:48:14,538.67
2022-03-28 15:48:19,538.64
2022-03-28 15:48:24,538.64
2022-03-28 15:48:29,537.71
2022-03-28 15:48:34,538.58
2022-03-28 15:48:39,538.58
2022-03-28 15:48:44,538.51
2022-03-28 15:48:49,538.58
2022-03-28 15:48:54,538.51
2022-03-28 15:48:59,538.51
2022-03-28 15:49:04,538.51
2022-03-28 15:49:09,538.52
2022-03-28 15:49:14,538.45
2022-03-28 15:49:19,538.52
2022-03-28 15:49:24,538.45
2022-03-28 15:49:29,538.52
2022-03-28 15:49:34,538.45
2022-03-28 15:49:39,538.52
2022-03-28 15:49:44,538.52
2022-03-28 15:49:49,538.52
2022-03-28 15:49:54,538.52
2022-03-28 15:49:59,538.46
2022-03-28 15:50:04,538.52
2022-03-28 15:50:09,538.52
2022-03-28 15:50:14,538.53
2022-03-28 15:50:19,538.53
2022-03-28 15:50:24,538.53
2022-03-28 15:50:29,538.53
2022-03-28 15:50:34,538.59
2022-03-28 15:50:39,538.59
2022-03-28 15:50:44,538.59
2022-03-28 15:50:49,538.6
2022-03-28 15:50:54,538.66
2022-03-28 15:50:59,538.66
2022-03-28 15:51:04,538.66
2022-03-28 15:51:09,538.66
2022-03-28 15:51:14,538.7
2022-03-28 15:51:19,538.82
2022-03-28 15:51:24,538.83
2022-03-28 15:51:29,538.89
2022-03-28 15:51:34,538.89
2022-03-28 15:51:39,538.89
2022-03-28 15:51:44,538.92
2022-03-28 15:51:49,538.99
2022-03-28 15:51:54,539.06
2022-03-28 15:51:59,539.12
2022-03-28 15:52:04,539.19
2022-03-28 15:52:09,539.22
2022-03-28 15:52:14,539.28
2022-03-28 15:52:19,539.35
2022-03-28 15:52:24,539.35
2022-03-28 15:52:29,539.42
2022-03-28 15:52:34,539.45
2022-03-28 15:52:39,539.58
2022-03-28 15:52:44,539.64
2022-03-28 15:52:49,539.71
2022-03-28 15:52:54,539.74
2022-03-28 15:52:59,539.87
2022-03-28 15:53:04,539.93
2022-03-28 15:53:09,540.03
2022-03-28 15:53:14,540.03
2022-03-28 15:53:19,540.16
2022-03-28 15:53:24,540.22
2022-03-28 15:53:29,540.32
2022-03-28 15:53:34,540.39
2022-03-28 15:53:39,540.45
2022-03-28 15:53:44,540.45
2022-03-28 15:53:49,540.55
2022-03-28 15:53:54,540.61
2022-03-28 15:53:59,540.68
2022-03-28 15:54:04,540.74
2022-03-28 15:54:09,540.77
2022-03-28 15:54:14,540.84
2022-03-28 15:54:19,540.9
2022-03-28 15:54:24,540.97
2022-03-28 15:54:29,541.0
2022-03-28 15:54:34,541.06
2022-03-28 15:54:39,541.06
2022-03-28 15:54:44,541.06
2022-03-28 15:54:49,541.13
2022-03-28 15:54:54,541.13
2022-03-28 15:54:59,541.19
2022-03-28 15:55:04,541.19
2022-03-28 15:55:09,541.26
2022-03-28 15:55:14,541.26
2022-03-28 15:55:19,541.26
2022-03-28 15:55:24,541.25
2022-03-28 15:55:29,541.29
2022-03-28 15:55:34,541.29
2022-03-28 15:55:39,541.29
2022-03-28 15:55:44,541.29
2022-03-28 15:55:49,541.35
2022-03-28 15:55:54,541.35
2022-03-28 15:55:59,541.41
2022-03-28 15:56:04,541.41
2022-03-28 15:56:09,541.35
2022-03-28 15:56:14,541.41
2022-03-28 15:56:19,541.41
2022-03-28 15:56:24,541.41
2022-03-28 15:56:29,541.35
2022-03-28 15:56:34,541.35
2022-03-28 15:56:39,541.41
2022-03-28 15:56:44,541.35
2022-03-28 15:56:49,541.35
2022-03-28 15:56:54,541.28
2022-03-28 15:56:59,541.28
2022-03-28 15:57:04,541.25
2022-03-28 15:57:09,541.25
2022-03-28 15:57:14,541.18
2022-03-28 15:57:19,541.12
2022-03-28 15:57:24,541.12
2022-03-28 15:57:29,541.05
2022-03-28 15:57:34,541.05
2022-03-28 15:57:39,540.99
2022-03-28 15:57:44,540.95
2022-03-28 15:57:49,540.95
2022-03-28 15:57:54,540.82
2022-03-28 15:57:59,540.82
2022-03-28 15:58:04,540.76
2022-03-28 15:58:09,540.73
2022-03-28 15:58:14,540.66
2022-03-28 15:58:19,540.6
2022-03-28 15:58:24,540.6
2022-03-28 15:58:29,540.47
2022-03-28 15:58:34,540.43
2022-03-28 15:58:39,540.37
2022-03-28 15:58:44,540.31
2022-03-28 15:58:49,540.31
2022-03-28 15:58:54,540.21
2022-03-28 15:58:59,540.14
2022-03-28 15:59:04,540.08
2022-03-28 15:59:09,540.02
2022-03-28 15:59:14,539.95
2022-03-28 15:59:19,539.92
2022-03-28 15:59:24,539.86
2022-03-28 15:59:29,539.79
2022-03-28 15:59:34,539.73
2022-03-28 15:59:39,539.7
2022-03-28 15:59:44,539.57
2022-03-28 15:59:49,539.5
2022-03-28 15:59:54,539.44
2022-03-28 15:59:59,539.41
2022-03-28 16:00:04,539.34
2022-03-28 16:00:09,539.28
2022-03-28 16:00:14,539.28
2022-03-28 16:00:19,539.18
2022-03-28 16:00:24,539.12
2022-03-28 16:00:29,539.12
2022-03-28 16:00:34,539.05
2022-03-28 16:00:39,538.99
2022-03-28 16:00:44,538.93
2022-03-28 16:00:49,538.9
2022-03-28 16:00:54,538.9
2022-03-28 16:00:59,538.77
2022-03-28 16:01:04,538.83
2022-03-28 16:01:09,538.77
2022-03-28 16:01:14,538.77
2022-03-28 16:01:19,538.77
2022-03-28 16:01:24,538.7
2022-03-28 16:01:29,538.71
2022-03-28 16:01:34,538.71
2022-03-28 16:01:39,538.68
2022-03-28 16:01:44,538.68
2022-03-28 16:01:49,538.68
2022-03-28 16:01:54,538.68
2022-03-28 16:01:59,538.68
2022-03-28 16:02:04,538.68
2022-03-28 16:02:09,538.68
2022-03-28 16:02:14,538.62
2022-03-28 16:02:19,538.61
2022-03-28 16:02:24,538.68
2022-03-28 16:02:29,538.55
2022-03-28 16:02:34,538.56
2022-03-28 16:02:39,538.55
2022-03-28 16:02:44,538.49
2022-03-28 16:02:49,538.56
2022-03-28 16:02:54,538.56
2022-03-28 16:02:59,538.49
2022-03-28 16:03:04,538.56
2022-03-28 16:03:09,538.49
2022-03-28 16:03:14,538.56
2022-03-28 16:03:19,538.56
2022-03-28 16:03:24,538.62
2022-03-28 16:03:29,538.69
2022-03-28 16:03:34,538.69
2022-03-28 16:03:39,538.72
2022-03-28 16:03:44,538.78
2022-03-28 16:03:49,538.85
2022-03-28 16:03:54,538.95
2022-03-28 16:03:59,539.01
2022-03-28 16:04:04,539.08
2022-03-28 16:04:09,539.21
2022-03-28 16:04:14,539.24
2022-03-28 16:04:19,539.37
2022-03-28 16:04:24,539.43
2022-03-28 16:04:29,539.46
2022-03-28 16:04:34,539.59
2022-03-28 16:04:39,539.72
2022-03-28 16:04:44,539.82
2022-03-28 16:04:49,539.88
2022-03-28 16:04:54,539.98
2022-03-28 16:04:59,540.11
2022-03-28 16:05:04,540.24
2022-03-28 16:05:09,540.27
2022-03-28 16:05:14,540.4
2022-03-28 16:05:19,540.49
2022-03-28 16:05:24,540.62
2022-03-28 16:05:29,540.75
2022-03-28 16:05:34,540.85
2022-03-28 16:05:39,540.91
2022-03-28 16:05:44,541.01
2022-03-28 16:05:49,541.14
2022-03-28 16:05:54,541.3
2022-03-28 16:05:59,541.43
2022-03-28 16:06:04,541.49
2022-03-28 16:06:09,541.65
2022-03-28 16:06:14,541.72
2022-03-28 16:06:19,541.88
2022-03-28 16:06:24,542.01
2022-03-28 16:06:29,542.17
2022-03-28 16:06:34,542.29
2022-03-28 16:06:39,542.45
2022-03-28 16:06:44,542.55
2022-03-28 16:06:49,542.68
2022-03-28 16:06:54,542.81
2022-03-28 16:06:59,542.91
2022-03-28 16:07:04,543.03
2022-03-28 16:07:09,543.13
2022-03-28 16:07:14,543.26
2022-03-28 16:07:19,543.42
2022-03-28 16:07:24,543.48
2022-03-28 16:07:29,543.58
2022-03-28 16:07:34,543.71
2022-03-28 16:07:39,543.87
2022-03-28 16:07:44,543.87
2022-03-28 16:07:49,544.06
2022-03-28 16:07:54,544.09
2022-03-28 16:07:59,544.22
2022-03-28 16:08:04,544.29
2022-03-28 16:08:09,544.38
2022-03-28 16:08:14,544.51
2022-03-28 16:08:19,544.61
2022-03-28 16:08:24,544.67
2022-03-28 16:08:29,544.67
2022-03-28 16:08:34,544.8
2022-03-28 16:08:39,544.86
2022-03-28 16:08:44,544.9
2022-03-28 16:08:49,544.96
2022-03-28 16:08:54,545.03
2022-03-28 16:08:59,545.03
2022-03-28 16:09:04,545.09
2022-03-28 16:09:09,545.12
2022-03-28 16:09:14,545.12
2022-03-28 16:09:19,545.19
2022-03-28 16:09:24,545.19
2022-03-28 16:09:29,545.25
2022-03-28 16:09:34,545.25
2022-03-28 16:09:39,545.31
2022-03-28 16:09:44,545.32
2022-03-28 16:09:49,545.32
2022-03-28 16:09:54,545.32
2022-03-28 16:09:59,545.32
2022-03-28 16:10:04,545.32
2022-03-28 16:10:09,545.38
2022-03-28 16:10:14,545.38
2022-03-28 16:10:19,545.32
2022-03-28 16:10:24,545.38
2022-03-28 16:10:29,545.38
2022-03-28 16:10:34,545.38
2022-03-28 16:10:39,545.32
2022-03-28 16:10:44,545.32
2022-03-28 16:10:49,545.39
2022-03-28 16:10:54,545.38
2022-03-28 16:10:59,545.32
2022-03-28 16:11:04,545.32
2022-03-28 16:11:09,545.32
2022-03-28 16:11:14,545.32
2022-03-28 16:11:19,545.26
2022-03-28 16:11:24,545.26
2022-03-28 16:11:29,545.13
2022-03-28 16:11:34,545.2
2022-03-28 16:11:39,545.14
2022-03-28 16:11:44,545.1
2022-03-28 16:11:49,545.1
2022-03-28 16:11:54,545.04
2022-03-28 16:11:59,544.98
2022-03-28 16:12:04,544.98
2022-03-28 16:12:09,544.91
2022-03-28 16:12:14,544.89
2022-03-28 16:12:19,544.88
2022-03-28 16:12:24,544.82
2022-03-28 16:12:29,544.82
2022-03-28 16:12:34,544.69
2022-03-28 16:12:39,544.7
2022-03-28 16:12:44,544.63
2022-03-28 16:12:49,544.6
2022-03-28 16:12:54,544.54
2022-03-28 16:12:59,544.47
2022-03-28 16:13:04,544.48
2022-03-28 16:13:09,544.41
2022-03-28 16:13:14,544.38
2022-03-28 16:13:19,544.38
2022-03-28 16:13:24,544.32
2022-03-28 16:13:29,544.26
2022-03-28 16:13:34,544.19
2022-03-28 16:13:39,544.26
2022-03-28 16:13:44,544.19
2022-03-28 16:13:49,544.13
2022-03-28 16:13:54,544.1
2022-03-28 16:13:59,544.1
2022-03-28 16:14:04,544.04
2022-03-28 16:14:09,543.97
2022-03-28 16:14:14,543.97
2022-03-28 16:14:19,543.97
2022-03-28 16:14:24,543.91
2022-03-28 16:14:29,543.91
2022-03-28 16:14:34,537.71
2022-03-28 16:14:39,543.82
2022-03-28 16:14:44,543.82
2022-03-28 16:14:49,543.76
2022-03-28 16:14:54,543.69
2022-03-28 16:14:59,543.69
2022-03-28 16:15:04,543.69
2022-03-28 16:15:09,543.63
2022-03-28 16:15:14,543.6
2022-03-28 16:15:19,543.6
2022-03-28 16:15:24,543.6
2022-03-28 16:15:29,543.6
2022-03-28 16:15:34,543.6
2022-03-28 16:15:39,543.54
2022-03-28 16:15:44,543.54
2022-03-28 16:15:49,543.54
2022-03-28 16:15:54,543.54
2022-03-28 16:15:59,543.54
2022-03-28 16:16:04,543.54
2022-03-28 16:16:09,543.47
2022-03-28 16:16:14,543.48
2022-03-28 16:16:19,543.47
2022-03-28 16:16:24,543.54
2022-03-28 16:16:29,543.54
2022-03-28 16:16:34,543.48
2022-03-28 16:16:39,543.48
2022-03-28 16:16:44,543.48
2022-03-28 16:16:49,543.48
2022-03-28 16:16:54,543.48
2022-03-28 16:16:59,543.48
2022-03-28 16:17:04,543.55
2022-03-28 16:17:09,543.48
2022-03-28 16:17:14,543.48
2022-03-28 16:17:19,543.42
2022-03-28 16:17:24,543.48
2022-03-28 16:17:29,543.48
2022-03-28 16:17:34,543.42
2022-03-28 16:17:39,543.42
2022-03-28 16:17:44,543.42
2022-03-28 16:17:49,543.39
2022-03-28 16:17:54,543.42
2022-03-28 16:17:59,543.39
2022-03-28 16:18:04,543.39
2022-03-28 16:18:09,543.32
2022-03-28 16:18:14,543.32
2022-03-28 16:18:19,543.32
2022-03-28 16:18:24,543.32
2022-03-28 16:18:29,543.26
2022-03-28 16:18:34,543.26
2022-03-28 16:18:39,543.26
2022-03-28 16:18:44,543.19
2022-03-28 16:18:49,543.13
2022-03-28 16:18:54,543.13
2022-03-28 16:18:59,543.09
2022-03-28 16:19:04,543.09
2022-03-28 16:19:09,543.03
2022-03-28 16:19:14,543.03
2022-03-28 16:19:19,542.97
2022-03-28 16:19:24,542.9
2022-03-28 16:19:29,542.87
2022-03-28 16:19:34,542.87
2022-03-28 16:19:39,542.87
2022-03-28 16:19:44,542.87
2022-03-28 16:19:49,542.8
2022-03-28 16:19:54,542.74
2022-03-28 16:19:59,542.74
2022-03-28 16:20:04,542.74
2022-03-28 16:20:09,542.68
2022-03-28 16:20:14,542.68
2022-03-28 16:20:19,542.62
2022-03-28 16:20:24,542.58
2022-03-28 16:20:29,542.62
2022-03-28 16:20:34,542.58
2022-03-28 16:20:39,542.52
2022-03-28 16:20:44,542.59
2022-03-28 16:20:49,542.52
2022-03-28 16:20:54,542.46
2022-03-28 16:20:59,542.46
2022-03-28 16:21:04,542.4
2022-03-28 16:21:09,542.46
2022-03-28 16:21:14,542.4
2022-03-28 16:21:19,542.4
2022-03-28 16:21:24,542.37
2022-03-28 16:21:29,542.37
2022-03-28 16:21:34,542.3
2022-03-28 16:21:39,542.3
2022-03-28 16:21:44,542.31
2022-03-28 16:21:49,542.24
2022-03-28 16:21:54,542.24
2022-03-28 16:21:59,542.18
2022-03-28 16:22:04,542.11
2022-03-28 16:22:09,542.11
2022-03-28 16:22:14,542.12
2022-03-28 16:22:19,542.09
2022-03-28 16:22:24,542.09
2022-03-28 16:22:29,542.02
2022-03-28 16:22:34,542.02
2022-03-28 16:22:39,542.09
2022-03-28 16:22:44,542.02
2022-03-28 16:22:49,542.03
2022-03-28 16:22:54,542.03
2022-03-28 16:22:59,542.03
2022-03-28 16:23:04,542.03
2022-03-28 16:23:09,542.03
2022-03-28 16:23:14,541.97
2022-03-28 16:23:19,542.04
2022-03-28 16:23:24,541.97
2022-03-28 16:23:29,541.97
2022-03-28 16:23:34,541.98
2022-03-28 16:23:39,541.98
2022-03-28 16:23:44,541.98
2022-03-28 16:23:49,541.98
2022-03-28 16:23:54,541.92
2022-03-28 16:23:59,541.98
2022-03-28 16:24:04,541.98
2022-03-28 16:24:09,541.99
2022-03-28 16:24:14,541.92
2022-03-28 16:24:19,541.99
2022-03-28 16:24:24,541.93
2022-03-28 16:24:29,541.93
2022-03-28 16:24:34,541.93
2022-03-28 16:24:39,541.93
2022-03-28 16:24:44,541.93
2022-03-28 16:24:49,541.93
2022-03-28 16:24:54,542.0
2022-03-28 16:24:59,541.94
2022-03-28 16:25:04,541.94
2022-03-28 16:25:09,541.94
2022-03-28 16:25:14,541.95
2022-03-28 16:25:19,541.95
2022-03-28 16:25:24,541.95
2022-03-28 16:25:29,541.95
2022-03-28 16:25:34,537.71
2022-03-28 16:25:39,541.92
2022-03-28 16:25:44,541.92
2022-03-28 16:25:49,541.92
2022-03-28 16:25:54,541.92
2022-03-28 16:25:59,541.93
2022-03-28 16:26:04,541.93
2022-03-28 16:26:09,541.93
2022-03-28 16:26:14,541.93
2022-03-28 16:26:19,541.93
2022-03-28 16:26:24,541.93
2022-03-28 16:26:29,541.87
2022-03-28 16:26:34,541.94
2022-03-28 16:26:39,541.94
2022-03-28 16:26:44,541.94
2022-03-28 16:26:49,541.94
2022-03-28 16:26:54,541.94
2022-03-28 16:26:59,541.94
2022-03-28 16:27:04,541.94
2022-03-28 16:27:09,541.98
2022-03-28 16:27:14,541.98
2022-03-28 16:27:19,541.95
2022-03-28 16:27:24,541.98
2022-03-28 16:27:29,541.99
2022-03-28 16:27:34,541.96
2022-03-28 16:27:39,541.99
2022-03-28 16:27:44,541.99
2022-03-28 16:27:49,541.99
2022-03-28 16:27:54,542.06
2022-03-28 16:27:59,542.06
2022-03-28 16:28:04,542.06
2022-03-28 16:28:09,542.06
2022-03-28 16:28:14,542.06
2022-03-28 16:28:19,542.13
2022-03-28 16:28:24,542.13
2022-03-28 16:28:29,542.2
2022-03-28 16:28:34,542.23
2022-03-28 16:28:39,542.24
2022-03-28 16:28:44,542.24
2022-03-28 16:28:49,542.24
2022-03-28 16:28:54,542.24
2022-03-28 16:28:59,542.3
2022-03-28 16:29:04,542.31
2022-03-28 16:29:09,542.31
2022-03-28 16:29:14,542.37
2022-03-28 16:29:19,542.38
2022-03-28 16:29:24,542.38
2022-03-28 16:29:29,542.38
2022-03-28 16:29:34,542.38
2022-03-28 16:29:39,542.38
2022-03-28 16:29:44,542.51
2022-03-28 16:29:49,542.45
2022-03-28 16:29:54,542.45
2022-03-28 16:29:59,542.55
2022-03-28 16:30:04,542.55
2022-03-28 16:30:09,542.62
2022-03-28 16:30:14,542.68
2022-03-28 16:30:19,542.68
2022-03-28 16:30:24,542.75
2022-03-28 16:30:29,542.69
2022-03-28 16:30:34,542.76
2022-03-28 16:30:39,542.76
2022-03-28 16:30:44,542.79
2022-03-28 16:30:49,542.86
2022-03-28 16:30:54,542.79
2022-03-28 16:30:59,542.86
2022-03-28 16:31:04,542.86
2022-03-28 16:31:09,542.93
2022-03-28 16:31:14,542.87
2022-03-28 16:31:19,542.93
2022-03-28 16:31:24,542.93
2022-03-28 16:31:29,543.0
2022-03-28 16:31:34,543.01
2022-03-28 16:31:39,543.01
2022-03-28 16:31:44,543.01
2022-03-28 16:31:49,543.11
2022-03-28 16:31:54,543.11
2022-03-28 16:31:59,543.11
2022-03-28 16:32:04,543.11
2022-03-28 16:32:09,543.11
2022-03-28 16:32:14,543.24
2022-03-28 16:32:19,543.18
2022-03-28 16:32:24,543.25
2022-03-28 16:32:29,543.32
2022-03-28 16:32:34,543.32
2022-03-28 16:32:39,543.32
2022-03-28 16:32:44,543.32
2022-03-28 16:32:49,543.36
2022-03-28 16:32:54,543.36
2022-03-28 16:32:59,543.36
2022-03-28 16:33:04,543.36
2022-03-28 16:33:09,543.36
2022-03-28 16:33:14,543.37
2022-03-28 16:33:19,543.43
2022-03-28 16:33:24,537.71
2022-03-28 16:33:29,543.44
2022-03-28 16:33:34,543.44
2022-03-28 16:33:39,543.51
2022-03-28 16:33:44,543.44
2022-03-28 16:33:49,543.51
2022-03-28 16:33:54,543.58
2022-03-28 16:33:59,543.51
2022-03-28 16:34:04,543.52
2022-03-28 16:34:09,543.52
2022-03-28 16:34:14,543.52
2022-03-28 16:34:19,543.52
2022-03-28 16:34:24,543.52
2022-03-28 16:34:29,543.53
2022-03-28 16:34:34,543.53
2022-03-28 16:34:39,543.46
2022-03-28 16:34:44,543.46
2022-03-28 16:34:49,543.47
2022-03-28 16:34:54,543.47
2022-03-28 16:34:59,543.41
2022-03-28 16:35:04,543.47
2022-03-28 16:35:09,543.41
2022-03-28 16:35:14,543.41
2022-03-28 16:35:19,543.41
2022-03-28 16:35:24,543.38
2022-03-28 16:35:29,543.38
2022-03-28 16:35:34,543.38
2022-03-28 16:35:39,543.32
2022-03-28 16:35:44,543.32
2022-03-28 16:35:49,543.32
2022-03-28 16:35:54,543.26
2022-03-28 16:35:59,543.26
2022-03-28 16:36:04,543.2
2022-03-28 16:36:09,543.2
2022-03-28 16:36:14,543.2
2022-03-28 16:36:19,543.2
2022-03-28 16:36:24,543.17
2022-03-28 16:36:29,543.17
2022-03-28 16:36:34,543.17
2022-03-28 16:36:39,543.1
2022-03-28 16:36:44,543.17
2022-03-28 16:36:49,543.11
2022-03-28 16:36:54,543.05
2022-03-28 16:36:59,542.98
2022-03-28 16:37:04,542.98
2022-03-28 16:37:09,542.98
2022-03-28 16:37:14,542.92
2022-03-28 16:37:19,542.92
2022-03-28 16:37:24,542.89
2022-03-28 16:37:29,542.89
2022-03-28 16:37:34,542.89
2022-03-28 16:37:39,542.89
2022-03-28 16:37:44,542.89
2022-03-28 16:37:49,542.89
2022-03-28 16:37:54,542.89
2022-03-28 16:37:59,542.83
2022-03-28 16:38:04,542.89
2022-03-28 16:38:09,542.83
2022-03-28 16:38:14,542.89
2022-03-28 16:38:19,542.89
2022-03-28 16:38:24,542.89
2022-03-28 16:38:29,542.89
2022-03-28 16:38:34,542.83
2022-03-28 16:38:39,542.89
2022-03-28 16:38:44,542.9
2022-03-28 16:38:49,542.9
2022-03-28 16:38:54,542.9
2022-03-28 16:38:59,542.9
2022-03-28 16:39:04,542.93
2022-03-28 16:39:09,542.93
2022-03-28 16:39:14,542.94
2022-03-28 16:39:19,542.94
2022-03-28 16:39:24,543.0
2022-03-28 16:39:29,543.0
2022-03-28 16:39:34,543.0
2022-03-28 16:39:39,543.07
2022-03-28 16:39:44,543.07
2022-03-28 16:39:49,543.07
2022-03-28 16:39:54,543.07
2022-03-28 16:39:59,543.13
2022-03-28 16:40:04,543.2
2022-03-28 16:40:09,543.2
2022-03-28 16:40:14,543.2
2022-03-28 16:40:19,543.2
2022-03-28 16:40:24,543.24
2022-03-28 16:40:29,543.3
2022-03-28 16:40:34,543.3
2022-03-28 16:40:39,543.3
2022-03-28 16:40:44,543.3
2022-03-28 16:40:49,543.43
2022-03-28 16:40:54,543.44
2022-03-28 16:40:59,543.44
2022-03-28 16:41:04,543.47
2022-03-28 16:41:09,543.47
2022-03-28 16:41:14,543.47
2022-03-28 16:41:19,543.47
2022-03-28 16:41:24,543.54
2022-03-28 16:41:29,543.54
2022-03-28 16:41:34,543.54
2022-03-28 16:41:39,543.54
2022-03-28 16:41:44,543.61
2022-03-28 16:41:49,543.61
2022-03-28 16:41:54,543.54
2022-03-28 16:41:59,543.61
2022-03-28 16:42:04,543.61
2022-03-28 16:42:09,543.61
2022-03-28 16:42:14,543.61
2022-03-28 16:42:19,543.62
2022-03-28 16:42:24,543.62
2022-03-28 16:42:29,543.62
2022-03-28 16:42:34,543.62
2022-03-28 16:42:39,543.56
2022-03-28 16:42:44,543.56
2022-03-28 16:42:49,543.56
2022-03-28 16:42:54,543.62
2022-03-28 16:42:59,543.56
2022-03-28 16:43:04,543.56
2022-03-28 16:43:09,543.57
2022-03-28 16:43:14,543.57
2022-03-28 16:43:19,543.57
2022-03-28 16:43:24,543.57
2022-03-28 16:43:29,543.57
2022-03-28 16:43:34,543.57
2022-03-28 16:43:39,543.57
2022-03-28 16:43:44,543.57
2022-03-28 16:43:49,543.51
2022-03-28 16:43:54,543.51
2022-03-28 16:43:59,543.51
2022-03-28 16:44:04,543.51
2022-03-28 16:44:09,543.52
2022-03-28 16:44:14,543.48
2022-03-28 16:44:19,543.48
2022-03-28 16:44:24,543.48
2022-03-28 16:44:29,543.42
2022-03-28 16:44:34,543.36
2022-03-28 16:44:39,543.36
2022-03-28 16:44:44,543.3
2022-03-28 16:44:49,543.3
2022-03-28 16:44:54,543.27
2022-03-28 16:44:59,543.2
2022-03-28 16:45:04,543.14
2022-03-28 16:45:09,543.01
2022-03-28 16:45:14,543.01
2022-03-28 16:45:19,542.92
2022-03-28 16:45:24,542.92
2022-03-28 16:45:29,542.86
2022-03-28 16:45:34,542.76
2022-03-28 16:45:39,542.7
2022-03-28 16:45:44,542.57
2022-03-28 16:45:49,542.51
2022-03-28 16:45:54,542.48
2022-03-28 16:45:59,542.35
2022-03-28 16:46:04,542.25
2022-03-28 16:46:09,542.12
2022-03-28 16:46:14,542.0
2022-03-28 16:46:19,541.84
2022-03-28 16:46:24,541.74
2022-03-28 16:46:29,541.61
2022-03-28 16:46:34,541.45
2022-03-28 16:46:39,541.33
2022-03-28 16:46:44,541.16
2022-03-28 16:46:49,541.04
2022-03-28 16:46:54,540.81
2022-03-28 16:46:59,540.65
2022-03-28 16:47:04,540.53
2022-03-28 16:47:09,540.36
2022-03-28 16:47:14,540.2
2022-03-28 16:47:19,540.07
2022-03-28 16:47:24,539.85
2022-03-28 16:47:29,539.69
2022-03-28 16:47:34,539.63
2022-03-28 16:47:39,539.44
2022-03-28 16:47:44,539.28
2022-03-28 16:47:49,539.12
2022-03-28 16:47:54,538.99
2022-03-28 16:47:59,538.92
2022-03-28 16:48:04,538.76
2022-03-28 16:48:09,538.67
2022-03-28 16:48:14,538.48
2022-03-28 16:48:19,538.41
2022-03-28 16:48:24,538.32
2022-03-28 16:48:29,538.19
2022-03-28 16:48:34,538.09
2022-03-28 16:48:39,538.03
2022-03-28 16:48:44,537.9
2022-03-28 16:48:49,537.81
2022-03-28 16:48:54,537.74
2022-03-28 16:48:59,537.65
2022-03-28 16:49:04,537.58
2022-03-28 16:49:09,537.52
2022-03-28 16:49:14,537.39
2022-03-28 16:49:19,537.36
2022-03-28 16:49:24,537.36
2022-03-28 16:49:29,537.3
2022-03-28 16:49:34,537.17
2022-03-28 16:49:39,537.14
2022-03-28 16:49:44,537.01
2022-03-28 16:49:49,537.01
2022-03-28 16:49:54,536.95
2022-03-28 16:49:59,536.89
2022-03-28 16:50:04,536.86
2022-03-28 16:50:09,536.79
2022-03-28 16:50:14,536.8
2022-03-28 16:50:19,536.8
2022-03-28 16:50:24,536.73
2022-03-28 16:50:29,536.73
2022-03-28 16:50:34,536.67
2022-03-28 16:50:39,536.67
2022-03-28 16:50:44,536.67
2022-03-28 16:50:49,536.67
2022-03-28 16:50:54,536.68
2022-03-28 16:50:59,536.64
2022-03-28 16:51:04,536.68
2022-03-28 16:51:09,536.68
2022-03-28 16:51:14,536.68
2022-03-28 16:51:19,536.75
2022-03-28 16:51:24,536.75
2022-03-28 16:51:29,536.68
2022-03-28 16:51:34,536.81
2022-03-28 16:51:39,536.81
2022-03-28 16:51:44,536.88
2022-03-28 16:51:49,536.91
2022-03-28 16:51:54,536.98
2022-03-28 16:51:59,537.04
2022-03-28 16:52:04,537.11
2022-03-28 16:52:09,537.18
2022-03-28 16:52:14,537.27
2022-03-28 16:52:19,537.34
2022-03-28 16:52:24,537.4
2022-03-28 16:52:29,537.44
2022-03-28 16:52:34,537.5
2022-03-28 16:52:39,537.63
2022-03-28 16:52:44,537.7
2022-03-28 16:52:49,537.79
2022-03-28 16:52:54,537.86
2022-03-28 16:52:59,537.92
2022-03-28 16:53:04,538.02
2022-03-28 16:53:09,538.09
2022-03-28 16:53:14,538.15
2022-03-28 16:53:19,538.21
2022-03-28 16:53:24,538.38
2022-03-28 16:53:29,538.38
2022-03-28 16:53:34,538.47
2022-03-28 16:53:39,538.54
2022-03-28 16:53:44,538.67
2022-03-28 16:53:49,538.67
2022-03-28 16:53:54,538.77
2022-03-28 16:53:59,538.9
2022-03-28 16:54:04,538.96
2022-03-28 16:54:09,538.99
2022-03-28 16:54:14,539.12
2022-03-28 16:54:19,539.19
2022-03-28 16:54:24,539.25
2022-03-28 16:54:29,539.35
2022-03-28 16:54:34,539.41
2022-03-28 16:54:39,539.51
2022-03-28 16:54:44,539.57
2022-03-28 16:54:49,539.64
2022-03-28 16:54:54,539.8
2022-03-28 16:54:59,539.8
2022-03-28 16:55:04,539.86
2022-03-28 16:55:09,539.99
2022-03-28 16:55:14,540.03
2022-03-28 16:55:19,540.15
2022-03-28 16:55:24,540.22
2022-03-28 16:55:29,540.28
2022-03-28 16:55:34,540.38
2022-03-28 16:55:39,540.44
2022-03-28 16:55:44,540.54
2022-03-28 16:55:49,540.54
2022-03-28 16:55:54,540.67
2022-03-28 16:55:59,540.73
2022-03-28 16:56:04,540.8
2022-03-28 16:56:09,540.83
2022-03-28 16:56:14,540.96
2022-03-28 16:56:19,540.95
2022-03-28 16:56:24,541.02
2022-03-28 16:56:29,541.05
2022-03-28 16:56:34,541.12
2022-03-28 16:56:39,541.24
2022-03-28 16:56:44,541.24
2022-03-28 16:56:49,541.34
2022-03-28 16:56:54,541.4
2022-03-28 16:56:59,541.47
2022-03-28 16:57:04,541.46
2022-03-28 16:57:09,541.56
2022-03-28 16:57:14,541.62
2022-03-28 16:57:19,541.69
2022-03-28 16:57:24,541.75
2022-03-28 16:57:29,541.82
2022-03-28 16:57:34,541.91
2022-03-28 16:57:39,541.91
2022-03-28 16:57:44,541.98
2022-03-28 16:57:49,542.04
2022-03-28 16:57:54,542.14
2022-03-28 16:57:59,542.2
2022-03-28 16:58:04,542.33
2022-03-28 16:58:09,542.33
2022-03-28 16:58:14,542.43
2022-03-28 16:58:19,542.49
2022-03-28 16:58:24,542.59
2022-03-28 16:58:29,542.65
2022-03-28 16:58:34,542.78
2022-03-28 16:58:39,542.85
2022-03-28 16:58:44,542.88
2022-03-28 16:58:49,543.01
2022-03-28 16:58:54,543.07
2022-03-28 16:58:59,543.17
2022-03-28 16:59:04,543.23
2022-03-28 16:59:09,543.29
2022-03-28 16:59:14,543.39
2022-03-28 16:59:19,543.52
2022-03-28 16:59:24,543.52
2022-03-28 16:59:29,543.68
2022-03-28 16:59:34,543.74
2022-03-28 16:59:39,543.88
2022-03-28 16:59:44,543.91
2022-03-28 16:59:49,544.04
2022-03-28 16:59:54,544.14
2022-03-28 16:59:59,544.2
2022-03-28 17:00:04,544.26
2022-03-28 17:00:09,544.43
2022-03-28 17:00:14,544.55
2022-03-28 17:00:19,544.62
2022-03-28 17:00:24,544.65
2022-03-28 17:00:29,544.78
2022-03-28 17:00:34,544.85
2022-03-28 17:00:39,545.01
2022-03-28 17:00:44,545.07
2022-03-28 17:00:49,545.17
2022-03-28 17:00:54,545.3
2022-03-28 17:00:59,545.36
2022-03-28 17:01:04,545.46
2022-03-28 17:01:09,545.52
2022-03-28 17:01:14,545.65
2022-03-28 17:01:19,545.75
2022-03-28 17:01:24,545.88
2022-03-28 17:01:29,545.94
2022-03-28 17:01:34,545.98
2022-03-28 17:01:39,546.11
2022-03-28 17:01:44,546.27
2022-03-28 17:01:49,546.33
2022-03-28 17:01:54,546.4
2022-03-28 17:01:59,546.5
2022-03-28 17:02:04,546.5
2022-03-28 17:02:09,546.62
2022-03-28 17:02:14,546.69
2022-03-28 17:02:19,546.72
2022-03-28 17:02:24,546.72
2022-03-28 17:02:29,546.78
2022-03-28 17:02:34,546.85
2022-03-28 17:02:39,546.85
2022-03-28 17:02:44,546.91
2022-03-28 17:02:49,546.91
2022-03-28 17:02:54,546.98
2022-03-28 17:02:59,546.98
2022-03-28 17:03:04,546.98
2022-03-28 17:03:09,546.98
2022-03-28 17:03:14,546.98
2022-03-28 17:03:19,546.98
2022-03-28 17:03:24,546.98
2022-03-28 17:03:29,547.01
2022-03-28 17:03:34,547.01
2022-03-28 17:03:39,546.98
2022-03-28 17:03:44,546.98
2022-03-28 17:03:49,546.92
2022-03-28 17:03:54,546.92
2022-03-28 17:03:59,546.85
2022-03-28 17:04:04,546.85
2022-03-28 17:04:09,546.85
2022-03-28 17:04:14,546.79
2022-03-28 17:04:19,546.72
2022-03-28 17:04:24,546.72
2022-03-28 17:04:29,546.72
2022-03-28 17:04:34,546.69
2022-03-28 17:04:39,546.62
2022-03-28 17:04:44,546.56
2022-03-28 17:04:49,546.56
2022-03-28 17:04:54,546.49
2022-03-28 17:04:59,546.49
2022-03-28 17:05:04,546.46
2022-03-28 17:05:09,546.39
2022-03-28 17:05:14,537.71
2022-03-28 17:05:19,546.26
2022-03-28 17:05:24,546.26
2022-03-28 17:05:29,546.19
2022-03-28 17:05:34,546.16
2022-03-28 17:05:39,546.16
2022-03-28 17:05:44,546.1
2022-03-28 17:05:49,546.1
2022-03-28 17:05:54,546.03
2022-03-28 17:05:59,545.97
2022-03-28 17:06:04,545.94
2022-03-28 17:06:09,545.94
2022-03-28 17:06:14,545.93
2022-03-28 17:06:19,545.93
2022-03-28 17:06:24,545.87
2022-03-28 17:06:29,545.87
2022-03-28 17:06:34,545.8
2022-03-28 17:06:39,545.8
2022-03-28 17:06:44,545.8
2022-03-28 17:06:49,545.8
2022-03-28 17:06:54,545.8
2022-03-28 17:06:59,545.73
2022-03-28 17:07:04,545.8
2022-03-28 17:07:09,545.73
2022-03-28 17:07:14,545.73
2022-03-28 17:07:19,545.73
2022-03-28 17:07:24,545.72
2022-03-28 17:07:29,545.72
2022-03-28 17:07:34,545.72
2022-03-28 17:07:39,545.72
2022-03-28 17:07:44,545.66
2022-03-28 17:07:49,545.66
2022-03-28 17:07:54,545.66
2022-03-28 17:07:59,545.63
2022-03-28 17:08:04,545.62
2022-03-28 17:08:09,545.62
2022-03-28 17:08:14,545.62
2022-03-28 17:08:19,545.62
2022-03-28 17:08:24,545.55
2022-03-28 17:08:29,545.56
2022-03-28 17:08:34,545.49
2022-03-28 17:08:39,545.49
2022-03-28 17:08:44,545.49
2022-03-28 17:08:49,545.43
2022-03-28 17:08:54,545.42
2022-03-28 17:08:59,545.42
2022-03-28 17:09:04,545.42
2022-03-28 17:09:09,545.39
2022-03-28 17:09:14,545.33
2022-03-28 17:09:19,545.33
2022-03-28 17:09:24,545.33
2022-03-28 17:09:29,545.26
2022-03-28 17:09:34,545.26
2022-03-28 17:09:39,545.2
2022-03-28 17:09:44,545.2
2022-03-28 17:09:49,545.13
2022-03-28 17:09:54,545.13
2022-03-28 17:09:59,545.1
2022-03-28 17:10:04,545.1
2022-03-28 17:10:09,545.13
2022-03-28 17:10:14,545.1
2022-03-28 17:10:19,545.04
2022-03-28 17:10:24,545.04
2022-03-28 17:10:29,545.04
2022-03-28 17:10:34,544.97
2022-03-28 17:10:39,544.97
2022-03-28 17:10:44,544.91
2022-03-28 17:10:49,544.91
2022-03-28 17:10:54,544.88
2022-03-28 17:10:59,544.81
2022-03-28 17:11:04,544.81
2022-03-28 17:11:09,544.81
2022-03-28 17:11:14,544.75
2022-03-28 17:11:19,544.68
2022-03-28 17:11:24,544.68
2022-03-28 17:11:29,544.62
2022-03-28 17:11:34,544.62
2022-03-28 17:11:39,544.62
2022-03-28 17:11:44,544.52
2022-03-28 17:11:49,544.59
2022-03-28 17:11:54,544.52
2022-03-28 17:11:59,544.46
2022-03-28 17:12:04,544.46
2022-03-28 17:12:09,544.39
2022-03-28 17:12:14,544.39
2022-03-28 17:12:19,544.39
2022-03-28 17:12:24,544.4
2022-03-28 17:12:29,544.39
2022-03-28 17:12:34,544.36
2022-03-28 17:12:39,544.36
2022-03-28 17:12:44,544.36
2022-03-28 17:12:49,544.3
2022-03-28 17:12:54,544.3
2022-03-28 17:12:59,544.3
2022-03-28 17:13:04,544.24
2022-03-28 17:13:09,544.23
2022-03-28 17:13:14,544.17
2022-03-28 17:13:19,544.1
2022-03-28 17:13:24,544.17
2022-03-28 17:13:29,537.71
2022-03-28 17:13:34,544.07
2022-03-28 17:13:39,544.07
2022-03-28 17:13:44,544.01
2022-03-28 17:13:49,544.01
2022-03-28 17:13:54,544.01
2022-03-28 17:13:59,543.94
2022-03-28 17:14:04,543.94
2022-03-28 17:14:09,543.88
2022-03-28 17:14:14,543.88
2022-03-28 17:14:19,543.88
2022-03-28 17:14:24,543.88
2022-03-28 17:14:29,543.85
2022-03-28 17:14:34,543.84
2022-03-28 17:14:39,543.78
2022-03-28 17:14:44,543.84
2022-03-28 17:14:49,543.78
2022-03-28 17:14:54,543.78
2022-03-28 17:14:59,543.78
2022-03-28 17:15:04,543.71
2022-03-28 17:15:09,543.71
2022-03-28 17:15:14,543.64
2022-03-28 17:15:19,543.58
2022-03-28 17:15:24,543.58
2022-03-28 17:15:29,543.55
2022-03-28 17:15:34,543.55
2022-03-28 17:15:39,543.55
2022-03-28 17:15:44,543.54
2022-03-28 17:15:49,543.48
2022-03-28 17:15:54,543.48
2022-03-28 17:15:59,543.48
2022-03-28 17:16:04,543.48
2022-03-28 17:16:09,543.41
2022-03-28 17:16:14,543.41
2022-03-28 17:16:19,543.34
2022-03-28 17:16:24,543.34
2022-03-28 17:16:29,543.4
2022-03-28 17:16:34,543.4
2022-03-28 17:16:39,543.4
2022-03-28 17:16:44,543.34
2022-03-28 17:16:49,543.4
2022-03-28 17:16:54,543.34
2022-03-28 17:16:59,543.4
2022-03-28 17:17:04,543.4
2022-03-28 17:17:09,543.33
2022-03-28 17:17:14,543.33
2022-03-28 17:17:19,543.4
2022-03-28 17:17:24,543.33
2022-03-28 17:17:29,543.33
2022-03-28 17:17:34,543.33
2022-03-28 17:17:39,543.39
2022-03-28 17:17:44,543.39
2022-03-28 17:17:49,543.39
2022-03-28 17:17:54,543.45
2022-03-28 17:17:59,543.45
2022-03-28 17:18:04,543.45
2022-03-28 17:18:09,543.45
2022-03-28 17:18:14,543.51
2022-03-28 17:18:19,543.51
2022-03-28 17:18:24,543.51
2022-03-28 17:18:29,543.54
2022-03-28 17:18:34,543.54
2022-03-28 17:18:39,543.6
2022-03-28 17:18:44,543.54
2022-03-28 17:18:49,543.67
2022-03-28 17:18:54,543.67
2022-03-28 17:18:59,543.67
2022-03-28 17:19:04,543.66
2022-03-28 17:19:09,543.72
2022-03-28 17:19:14,543.66
2022-03-28 17:19:19,543.66
2022-03-28 17:19:24,543.79
2022-03-28 17:19:29,543.79
2022-03-28 17:19:34,543.82
2022-03-28 17:19:39,543.78
2022-03-28 17:19:44,543.82
2022-03-28 17:19:49,543.88
2022-03-28 17:19:54,543.82
2022-03-28 17:19:59,543.88
2022-03-28 17:20:04,543.94
2022-03-28 17:20:09,543.94
2022-03-28 17:20:14,544.01
2022-03-28 17:20:19,544.04
2022-03-28 17:20:24,544.04
2022-03-28 17:20:29,544.1
2022-03-28 17:20:34,544.1
2022-03-28 17:20:39,544.1
2022-03-28 17:20:44,544.1
2022-03-28 17:20:49,544.16
2022-03-28 17:20:54,544.17
2022-03-28 17:20:59,544.17
2022-03-28 17:21:04,544.23
2022-03-28 17:21:09,544.23
2022-03-28 17:21:14,544.29
2022-03-28 17:21:19,544.29
2022-03-28 17:21:24,544.33
2022-03-28 17:21:29,544.32
2022-03-28 17:21:34,544.32
2022-03-28 17:21:39,544.39
2022-03-28 17:21:44,544.46
2022-03-28 17:21:49,544.45
2022-03-28 17:21:54,544.52
2022-03-28 17:21:59,544.52
2022-03-28 17:22:04,544.55
2022-03-28 17:22:09,544.61
2022-03-28 17:22:14,544.61
2022-03-28 17:22:19,544.61
2022-03-28 17:22:24,544.68
2022-03-28 17:22:29,544.68
2022-03-28 17:22:34,544.68
2022-03-28 17:22:39,544.68
2022-03-28 17:22:44,544.74
2022-03-28 17:22:49,544.74
2022-03-28 17:22:54,544.81
2022-03-28 17:22:59,544.8
2022-03-28 17:23:04,544.81
2022-03-28 17:23:09,544.84
2022-03-28 17:23:14,544.84
2022-03-28 17:23:19,544.9
2022-03-28 17:23:24,544.84
2022-03-28 17:23:29,544.9
2022-03-28 17:23:34,544.9
2022-03-28 17:23:39,544.97
2022-03-28 17:23:44,544.97
2022-03-28 17:23:49,545.03
2022-03-28 17:23:54,545.03
2022-03-28 17:23:59,545.03
2022-03-28 17:24:04,545.03
2022-03-28 17:24:09,545.06
2022-03-28 17:24:14,545.03
2022-03-28 17:24:19,545.06
2022-03-28 17:24:24,545.06
2022-03-28 17:24:29,545.06
2022-03-28 17:24:34,545.06
2022-03-28 17:24:39,545.12
2022-03-28 17:24:44,545.06
2022-03-28 17:24:49,545.12
2022-03-28 17:24:54,545.05
2022-03-28 17:24:59,545.12
2022-03-28 17:25:04,545.12
2022-03-28 17:25:09,545.18
2022-03-28 17:25:14,545.18
2022-03-28 17:25:19,545.12
2022-03-28 17:25:24,545.12
2022-03-28 17:25:29,545.18
2022-03-28 17:25:34,545.18
2022-03-28 17:25:39,545.18
2022-03-28 17:25:44,545.18
2022-03-28 17:25:49,545.18
2022-03-28 17:25:54,545.18
2022-03-28 17:25:59,545.17
2022-03-28 17:26:04,545.17
2022-03-28 17:26:09,545.17
2022-03-28 17:26:14,545.17
2022-03-28 17:26:19,545.17
2022-03-28 17:26:24,545.17
2022-03-28 17:26:29,545.17
2022-03-28 17:26:34,545.1
2022-03-28 17:26:39,545.04
2022-03-28 17:26:44,545.17
2022-03-28 17:26:49,545.04
2022-03-28 17:26:54,545.1
2022-03-28 17:26:59,545.04
2022-03-28 17:27:04,545.09
2022-03-28 17:27:09,545.0
2022-03-28 17:27:14,545.03
2022-03-28 17:27:19,545.0
2022-03-28 17:27:24,544.93
2022-03-28 17:27:29,544.87
2022-03-28 17:27:34,544.86
2022-03-28 17:27:39,544.8
2022-03-28 17:27:44,544.77
2022-03-28 17:27:49,544.76
2022-03-28 17:27:54,544.63
2022-03-28 17:27:59,544.63
2022-03-28 17:28:04,544.63
2022-03-28 17:28:09,544.5
2022-03-28 17:28:14,544.5
2022-03-28 17:28:19,544.47
2022-03-28 17:28:24,544.4
2022-03-28 17:28:29,544.4
2022-03-28 17:28:34,544.4
2022-03-28 17:28:39,544.33
2022-03-28 17:28:44,544.33
2022-03-28 17:28:49,544.27
2022-03-28 17:28:54,544.27
2022-03-28 17:28:59,544.23
2022-03-28 17:29:04,544.23
2022-03-28 17:29:09,544.17
2022-03-28 17:29:14,544.16
2022-03-28 17:29:19,544.16
2022-03-28 17:29:24,544.16
2022-03-28 17:29:29,544.16
2022-03-28 17:29:34,544.1
2022-03-28 17:29:39,544.1
2022-03-28 17:29:44,544.03
2022-03-28 17:29:49,544.09
2022-03-28 17:29:54,544.02
2022-03-28 17:29:59,544.02
2022-03-28 17:30:04,544.09
2022-03-28 17:30:09,544.02
2022-03-28 17:30:14,544.09
2022-03-28 17:30:19,544.09
2022-03-28 17:30:24,544.09
2022-03-28 17:30:29,544.09
2022-03-28 17:30:34,544.09
2022-03-28 17:30:39,544.09
2022-03-28 17:30:44,544.15
2022-03-28 17:30:49,544.09
2022-03-28 17:30:54,544.15
2022-03-28 17:30:59,544.15
2022-03-28 17:31:04,544.09
2022-03-28 17:31:09,544.09
2022-03-28 17:31:14,544.15
2022-03-28 17:31:19,544.09
2022-03-28 17:31:24,544.15
2022-03-28 17:31:29,544.15
2022-03-28 17:31:34,544.15
2022-03-28 17:31:39,544.15
2022-03-28 17:31:44,544.21
2022-03-28 17:31:49,544.15
2022-03-28 17:31:54,544.24
2022-03-28 17:31:59,544.21
2022-03-28 17:32:04,544.21
2022-03-28 17:32:09,544.21
2022-03-28 17:32:14,544.24
2022-03-28 17:32:19,544.24
2022-03-28 17:32:24,544.24
2022-03-28 17:32:29,544.31
2022-03-28 17:32:34,544.31
2022-03-28 17:32:39,544.31
2022-03-28 17:32:44,544.31
2022-03-28 17:32:49,544.37
2022-03-28 17:32:54,544.44
2022-03-28 17:32:59,544.44
2022-03-28 17:33:04,544.44
2022-03-28 17:33:09,544.47
2022-03-28 17:33:14,544.47
2022-03-28 17:33:19,544.47
2022-03-28 17:33:24,544.53
2022-03-28 17:33:29,544.54
2022-03-28 17:33:34,544.6
2022-03-28 17:33:39,544.66
2022-03-28 17:33:44,544.66
2022-03-28 17:33:49,544.66
2022-03-28 17:33:54,544.73
2022-03-28 17:33:59,544.73
2022-03-28 17:34:04,544.76
2022-03-28 17:34:09,544.73
2022-03-28 17:34:14,544.73
2022-03-28 17:34:19,544.73
2022-03-28 17:34:24,544.76
2022-03-28 17:34:29,544.76
2022-03-28 17:34:34,544.82
2022-03-28 17:34:39,544.82
2022-03-28 17:34:44,544.82
2022-03-28 17:34:49,544.82
2022-03-28 17:34:54,544.88
2022-03-28 17:34:59,537.71
2022-03-28 17:35:04,544.88
2022-03-28 17:35:09,544.88
2022-03-28 17:35:14,544.95
2022-03-28 17:35:19,544.88
2022-03-28 17:35:24,544.88
2022-03-28 17:35:29,544.88
2022-03-28 17:35:34,544.88
2022-03-28 17:35:39,537.71
2022-03-28 17:35:44,544.88
2022-03-28 17:35:49,544.82
2022-03-28 17:35:54,544.88
2022-03-28 17:35:59,544.82
2022-03-28 17:36:04,544.81
2022-03-28 17:36:09,544.81
2022-03-28 17:36:14,544.81
2022-03-28 17:36:19,544.81
2022-03-28 17:36:24,544.81
2022-03-28 17:36:29,544.81
2022-03-28 17:36:34,544.81
2022-03-28 17:36:39,544.81
2022-03-28 17:36:44,544.81
2022-03-28 17:36:49,544.74
2022-03-28 17:36:54,544.74
2022-03-28 17:36:59,544.71
2022-03-28 17:37:04,544.74
2022-03-28 17:37:09,544.71
2022-03-28 17:37:14,544.71
2022-03-28 17:37:19,544.64
2022-03-28 17:37:24,544.64
2022-03-28 17:37:29,544.64
2022-03-28 17:37:34,544.64
2022-03-28 17:37:39,544.64
2022-03-28 17:37:44,544.57
2022-03-28 17:37:49,544.63
2022-03-28 17:37:54,544.57
2022-03-28 17:37:59,544.57
2022-03-28 17:38:04,544.57
2022-03-28 17:38:09,544.56
2022-03-28 17:38:14,544.5
2022-03-28 17:38:19,544.5
2022-03-28 17:38:24,544.56
2022-03-28 17:38:29,544.49
2022-03-28 17:38:34,544.49
2022-03-28 17:38:39,544.49
2022-03-28 17:38:44,544.43
2022-03-28 17:38:49,544.43
2022-03-28 17:38:54,544.42
2022-03-28 17:38:59,544.39
2022-03-28 17:39:04,544.42
2022-03-28 17:39:09,544.39
2022-03-28 17:39:14,544.39
2022-03-28 17:39:19,544.39
2022-03-28 17:39:24,544.38
2022-03-28 17:39:29,544.41
2022-03-28 17:39:34,544.38
2022-03-28 17:39:39,544.38
2022-03-28 17:39:44,544.38
2022-03-28 17:39:49,537.71
2022-03-28 17:39:54,544.38
2022-03-28 17:39:59,544.38
2022-03-28 17:40:04,544.31
2022-03-28 17:40:09,544.38
2022-03-28 17:40:14,544.38
2022-03-28 17:40:19,544.38
2022-03-28 17:40:24,544.38
2022-03-28 17:40:29,544.31
2022-03-28 17:40:34,544.31
2022-03-28 17:40:39,544.31
2022-03-28 17:40:44,544.24
2022-03-28 17:40:49,544.31
2022-03-28 17:40:54,544.18
2022-03-28 17:40:59,544.24
2022-03-28 17:41:04,544.18
2022-03-28 17:41:09,544.18
2022-03-28 17:41:14,544.18
2022-03-28 17:41:19,544.18
2022-03-28 17:41:24,544.15
2022-03-28 17:41:29,544.08
2022-03-28 17:41:34,544.02
2022-03-28 17:41:39,544.01
2022-03-28 17:41:44,544.02
2022-03-28 17:41:49,544.02
2022-03-28 17:41:54,543.95
2022-03-28 17:41:59,543.95
2022-03-28 17:42:04,543.89
2022-03-28 17:42:09,543.89
2022-03-28 17:42:14,543.89
2022-03-28 17:42:19,543.86
2022-03-28 17:42:24,543.85
2022-03-28 17:42:29,543.86
2022-03-28 17:42:34,543.79
2022-03-28 17:42:39,543.79
2022-03-28 17:42:44,537.71
2022-03-28 17:42:49,543.79
2022-03-28 17:42:54,543.73
2022-03-28 17:42:59,543.73
2022-03-28 17:43:04,543.66
2022-03-28 17:43:09,543.66
2022-03-28 17:43:14,543.66
2022-03-28 17:43:19,543.63
2022-03-28 17:43:24,543.57
2022-03-28 17:43:29,543.63
2022-03-28 17:43:34,543.57
2022-03-28 17:43:39,543.57
2022-03-28 17:43:44,543.57
2022-03-28 17:43:49,543.57
2022-03-28 17:43:54,543.5
2022-03-28 17:43:59,543.57
2022-03-28 17:44:04,543.5
2022-03-28 17:44:09,543.57
2022-03-28 17:44:14,543.57
2022-03-28 17:44:19,543.57
2022-03-28 17:44:24,543.57
2022-03-28 17:44:29,543.57
2022-03-28 17:44:34,543.57
2022-03-28 17:44:39,543.57
2022-03-28 17:44:44,543.57
2022-03-28 17:44:49,543.57
2022-03-28 17:44:54,543.5
2022-03-28 17:44:59,543.57
2022-03-28 17:45:04,543.5
2022-03-28 17:45:09,543.57
2022-03-28 17:45:14,543.57
2022-03-28 17:45:19,543.5
2022-03-28 17:45:24,543.5
2022-03-28 17:45:29,543.5
2022-03-28 17:45:34,543.5
2022-03-28 17:45:39,543.5
2022-03-28 17:45:44,543.5
2022-03-28 17:45:49,543.5
2022-03-28 17:45:54,543.5
2022-03-28 17:45:59,543.5
2022-03-28 17:46:04,543.5
2022-03-28 17:46:09,543.5
2022-03-28 17:46:14,543.5
2022-03-28 17:46:19,543.5
2022-03-28 17:46:24,543.5
2022-03-28 17:46:29,543.49
2022-03-28 17:46:34,543.5
2022-03-28 17:46:39,543.5
2022-03-28 17:46:44,543.43
2022-03-28 17:46:49,543.43
2022-03-28 17:46:54,543.43
2022-03-28 17:46:59,543.49
2022-03-28 17:47:04,543.43
2022-03-28 17:47:09,543.42
2022-03-28 17:47:14,543.42
2022-03-28 17:47:19,543.42
2022-03-28 17:47:24,543.42
2022-03-28 17:47:29,543.42
2022-03-28 17:47:34,543.49
2022-03-28 17:47:39,543.35
2022-03-28 17:47:44,543.42
2022-03-28 17:47:49,543.42
2022-03-28 17:47:54,543.48
2022-03-28 17:47:59,543.48
2022-03-28 17:48:04,543.48
2022-03-28 17:48:09,543.48
2022-03-28 17:48:14,543.48
2022-03-28 17:48:19,543.47
2022-03-28 17:48:24,543.54
2022-03-28 17:48:29,543.54
2022-03-28 17:48:34,543.54
2022-03-28 17:48:39,543.6
2022-03-28 17:48:44,543.63
2022-03-28 17:48:49,543.63
2022-03-28 17:48:54,543.63
2022-03-28 17:48:59,543.63
2022-03-28 17:49:04,543.69
2022-03-28 17:49:09,543.69
2022-03-28 17:49:14,543.69
2022-03-28 17:49:19,543.75
2022-03-28 17:49:24,543.82
2022-03-28 17:49:29,543.75
2022-03-28 17:49:34,543.84
2022-03-28 17:49:39,543.84
2022-03-28 17:49:44,543.84
2022-03-28 17:49:49,543.91
2022-03-28 17:49:54,543.97
2022-03-28 17:49:59,543.97
2022-03-28 17:50:04,544.03
2022-03-28 17:50:09,544.03
2022-03-28 17:50:14,544.09
2022-03-28 17:50:19,544.12
2022-03-28 17:50:24,544.12
2022-03-28 17:50:29,544.12
2022-03-28 17:50:34,544.12
2022-03-28 17:50:39,544.19
2022-03-28 17:50:44,544.18
2022-03-28 17:50:49,544.25
2022-03-28 17:50:54,544.25
2022-03-28 17:50:59,544.31
2022-03-28 17:51:04,544.31
2022-03-28 17:51:09,544.31
2022-03-28 17:51:14,544.35
2022-03-28 17:51:19,544.35
2022-03-28 17:51:24,544.35
2022-03-28 17:51:29,544.34
2022-03-28 17:51:34,544.41
2022-03-28 17:51:39,544.41
2022-03-28 17:51:44,544.47
2022-03-28 17:51:49,544.54
2022-03-28 17:51:54,544.54
2022-03-28 17:51:59,544.53
2022-03-28 17:52:04,544.6
2022-03-28 17:52:09,544.6
2022-03-28 17:52:14,544.6
2022-03-28 17:52:19,544.63
2022-03-28 17:52:24,544.63
2022-03-28 17:52:29,544.63
2022-03-28 17:52:34,544.69
2022-03-28 17:52:39,544.69
2022-03-28 17:52:44,544.69
2022-03-28 17:52:49,544.69
2022-03-28 17:52:54,544.69
2022-03-28 17:52:59,544.7
2022-03-28 17:53:04,544.7
2022-03-28 17:53:09,544.69
2022-03-28 17:53:14,544.7
2022-03-28 17:53:19,544.69
2022-03-28 17:53:24,544.7
2022-03-28 17:53:29,544.76
2022-03-28 17:53:34,544.7
2022-03-28 17:53:39,544.7
2022-03-28 17:53:44,544.76
2022-03-28 17:53:49,544.76
2022-03-28 17:53:54,544.76
2022-03-28 17:53:59,544.76
2022-03-28 17:54:04,544.76
2022-03-28 17:54:09,544.76
2022-03-28 17:54:14,544.76
2022-03-28 17:54:19,544.83
2022-03-28 17:54:24,544.76
2022-03-28 17:54:29,544.83
2022-03-28 17:54:34,544.76
2022-03-28 17:54:39,544.76
2022-03-28 17:54:44,544.76
2022-03-28 17:54:49,544.76
2022-03-28 17:54:54,544.7
2022-03-28 17:54:59,544.76
2022-03-28 17:55:04,544.76
2022-03-28 17:55:09,544.76
2022-03-28 17:55:14,544.7
2022-03-28 17:55:19,544.77
2022-03-28 17:55:24,544.76
2022-03-28 17:55:29,544.77
2022-03-28 17:55:34,544.7
2022-03-28 17:55:39,544.7
2022-03-28 17:55:44,544.7
2022-03-28 17:55:49,544.7
2022-03-28 17:55:54,544.7
2022-03-28 17:55:59,544.7
2022-03-28 17:56:04,544.64
2022-03-28 17:56:09,544.64
2022-03-28 17:56:14,544.64
2022-03-28 17:56:19,544.63
2022-03-28 17:56:24,544.54
2022-03-28 17:56:29,544.54
2022-03-28 17:56:34,544.53
2022-03-28 17:56:39,544.6
2022-03-28 17:56:44,544.47
2022-03-28 17:56:49,544.47
2022-03-28 17:56:54,544.47
2022-03-28 17:56:59,544.4
2022-03-28 17:57:04,544.4
2022-03-28 17:57:09,544.4
2022-03-28 17:57:14,544.4
2022-03-28 17:57:19,544.4
2022-03-28 17:57:24,544.34
2022-03-28 17:57:29,544.34
2022-03-28 17:57:34,544.34
2022-03-28 17:57:39,544.3
2022-03-28 17:57:44,544.24
2022-03-28 17:57:49,544.24
2022-03-28 17:57:54,544.24
2022-03-28 17:57:59,544.24
2022-03-28 17:58:04,544.24
2022-03-28 17:58:09,544.17
2022-03-28 17:58:14,544.17
2022-03-28 17:58:19,544.17
2022-03-28 17:58:24,544.1
2022-03-28 17:58:29,544.1
2022-03-28 17:58:34,544.1
2022-03-28 17:58:39,544.1
2022-03-28 17:58:44,544.07
2022-03-28 17:58:49,544.07
2022-03-28 17:58:54,544.07
2022-03-28 17:58:59,544.0
2022-03-28 17:59:04,544.0
2022-03-28 17:59:09,544.0
2022-03-28 17:59:14,543.94
2022-03-28 17:59:19,543.94
2022-03-28 17:59:24,543.94
2022-03-28 17:59:29,543.93
2022-03-28 17:59:34,543.8
2022-03-28 17:59:39,543.86
2022-03-28 17:59:44,543.86
2022-03-28 17:59:49,543.86
2022-03-28 17:59:54,543.8
2022-03-28 17:59:59,543.8
2022-03-28 18:00:04,543.8
2022-03-28 18:00:09,543.86
2022-03-28 18:00:14,543.79
2022-03-28 18:00:19,543.79
2022-03-28 18:00:24,543.79
2022-03-28 18:00:29,543.76
2022-03-28 18:00:34,543.76
2022-03-28 18:00:39,543.76
2022-03-28 18:00:44,543.76
2022-03-28 18:00:49,543.69
2022-03-28 18:00:54,543.69
2022-03-28 18:00:59,543.69
2022-03-28 18:01:04,543.69
2022-03-28 18:01:09,543.69
2022-03-28 18:01:14,543.75
2022-03-28 18:01:19,543.69
2022-03-28 18:01:24,543.75
2022-03-28 18:01:29,543.69
2022-03-28 18:01:34,543.75
2022-03-28 18:01:39,543.75
2022-03-28 18:01:44,543.69
2022-03-28 18:01:49,543.75
2022-03-28 18:01:54,543.75
2022-03-28 18:01:59,543.75
2022-03-28 18:02:04,543.75
2022-03-28 18:02:09,543.75
2022-03-28 18:02:14,543.75
2022-03-28 18:02:19,543.75
2022-03-28 18:02:24,543.75
2022-03-28 18:02:29,543.75
2022-03-28 18:02:34,543.75
2022-03-28 18:02:39,543.75
2022-03-28 18:02:44,543.78
2022-03-28 18:02:49,543.75
2022-03-28 18:02:54,543.75
2022-03-28 18:02:59,543.79
2022-03-28 18:03:04,543.85
2022-03-28 18:03:09,543.79
2022-03-28 18:03:14,543.78
2022-03-28 18:03:19,543.79
2022-03-28 18:03:24,543.79
2022-03-28 18:03:29,543.79
2022-03-28 18:03:34,543.85
2022-03-28 18:03:39,543.85
2022-03-28 18:03:44,543.85
2022-03-28 18:03:49,543.85
2022-03-28 18:03:54,543.85
2022-03-28 18:03:59,543.92
2022-03-28 18:04:04,543.92
2022-03-28 18:04:09,543.98
2022-03-28 18:04:14,543.92
2022-03-28 18:04:19,543.98
2022-03-28 18:04:24,544.05
2022-03-28 18:04:29,544.05
2022-03-28 18:04:34,544.08
2022-03-28 18:04:39,544.08
2022-03-28 18:04:44,544.15
2022-03-28 18:04:49,544.15
2022-03-28 18:04:54,544.21
2022-03-28 18:04:59,544.21
2022-03-28 18:05:04,544.28
2022-03-28 18:05:09,544.31
2022-03-28 18:05:14,544.31
2022-03-28 18:05:19,544.31
2022-03-28 18:05:24,544.38
2022-03-28 18:05:29,544.44
2022-03-28 18:05:34,544.44
2022-03-28 18:05:39,544.51
2022-03-28 18:05:44,544.51
2022-03-28 18:05:49,544.57
2022-03-28 18:05:54,544.61
2022-03-28 18:05:59,544.6
2022-03-28 18:06:04,544.67
2022-03-28 18:06:09,544.67
2022-03-28 18:06:14,544.67
2022-03-28 18:06:19,544.73
2022-03-28 18:06:24,544.8
2022-03-28 18:06:29,544.8
2022-03-28 18:06:34,544.8
2022-03-28 18:06:39,544.83
2022-03-28 18:06:44,544.9
2022-03-28 18:06:49,544.96
2022-03-28 18:06:54,544.96
2022-03-28 18:06:59,545.02
2022-03-28 18:07:04,545.09
2022-03-28 18:07:09,545.09
2022-03-28 18:07:14,545.12
2022-03-28 18:07:19,545.19
2022-03-28 18:07:24,545.18
2022-03-28 18:07:29,545.18
2022-03-28 18:07:34,545.31
2022-03-28 18:07:39,545.31
2022-03-28 18:07:44,545.35
2022-03-28 18:07:49,545.41
2022-03-28 18:07:54,545.41
2022-03-28 18:07:59,545.47
2022-03-28 18:08:04,545.47
2022-03-28 18:08:09,545.54
2022-03-28 18:08:14,545.53
2022-03-28 18:08:19,545.6
2022-03-28 18:08:24,545.63
2022-03-28 18:08:29,545.63
2022-03-28 18:08:34,545.69
2022-03-28 18:08:39,545.7
2022-03-28 18:08:44,545.69
2022-03-28 18:08:49,545.69
2022-03-28 18:08:54,545.76
2022-03-28 18:08:59,545.76
2022-03-28 18:09:04,545.69
2022-03-28 18:09:09,545.76
2022-03-28 18:09:14,545.75
2022-03-28 18:09:19,545.69
2022-03-28 18:09:24,545.69
2022-03-28 18:09:29,545.69
2022-03-28 18:09:34,545.69
2022-03-28 18:09:39,545.63
2022-03-28 18:09:44,545.59
2022-03-28 18:09:49,545.59
2022-03-28 18:09:54,545.53
2022-03-28 18:09:59,545.46
2022-03-28 18:10:04,545.4
2022-03-28 18:10:09,545.4
2022-03-28 18:10:14,545.3
2022-03-28 18:10:19,537.71
2022-03-28 18:10:24,545.23
2022-03-28 18:10:29,545.17
2022-03-28 18:10:34,545.1
2022-03-28 18:10:39,545.07
2022-03-28 18:10:44,544.94
2022-03-28 18:10:49,544.94
2022-03-28 18:10:54,544.81
2022-03-28 18:10:59,544.77
2022-03-28 18:11:04,544.65
2022-03-28 18:11:09,544.55
2022-03-28 18:11:14,544.49
2022-03-28 18:11:19,544.36
2022-03-28 18:11:24,544.29
2022-03-28 18:11:29,544.2
2022-03-28 18:11:34,544.07
2022-03-28 18:11:39,543.97
2022-03-28 18:11:44,543.9
2022-03-28 18:11:49,543.77
2022-03-28 18:11:54,543.68
2022-03-28 18:11:59,543.52
2022-03-28 18:12:04,543.45
2022-03-28 18:12:09,543.39
2022-03-28 18:12:14,543.23
2022-03-28 18:12:19,543.16
2022-03-28 18:12:24,543.0
2022-03-28 18:12:29,542.87
2022-03-28 18:12:34,542.74
2022-03-28 18:12:39,542.74
2022-03-28 18:12:44,542.65
2022-03-28 18:12:49,542.49
2022-03-28 18:12:54,542.42
2022-03-28 18:12:59,542.23
2022-03-28 18:13:04,542.2
2022-03-28 18:13:09,542.07
2022-03-28 18:13:14,541.97
2022-03-28 18:13:19,541.91
2022-03-28 18:13:24,541.78
2022-03-28 18:13:29,541.68
2022-03-28 18:13:34,541.62
2022-03-28 18:13:39,541.49
2022-03-28 18:13:44,541.46
2022-03-28 18:13:49,541.33
2022-03-28 18:13:54,541.2
2022-03-28 18:13:59,541.11
2022-03-28 18:14:04,540.98
2022-03-28 18:14:09,540.95
2022-03-28 18:14:14,540.88
2022-03-28 18:14:19,540.75
2022-03-28 18:14:24,540.69
2022-03-28 18:14:29,540.6
2022-03-28 18:14:34,540.53
2022-03-28 18:14:39,540.53
2022-03-28 18:14:44,540.43
2022-03-28 18:14:49,540.37
2022-03-28 18:14:54,540.31
2022-03-28 18:14:59,540.18
2022-03-28 18:15:04,540.15
2022-03-28 18:15:09,540.15
2022-03-28 18:15:14,540.09
2022-03-28 18:15:19,539.96
2022-03-28 18:15:24,539.93
2022-03-28 18:15:29,539.93
2022-03-28 18:15:34,539.8
2022-03-28 18:15:39,539.74
2022-03-28 18:15:44,539.67
2022-03-28 18:15:49,539.64
2022-03-28 18:15:54,539.57
2022-03-28 18:15:59,539.51
2022-03-28 18:16:04,539.45
2022-03-28 18:16:09,539.42
2022-03-28 18:16:14,539.35
2022-03-28 18:16:19,539.29
2022-03-28 18:16:24,539.29
2022-03-28 18:16:29,539.23
2022-03-28 18:16:34,539.16
2022-03-28 18:16:39,539.13
2022-03-28 18:16:44,539.07
2022-03-28 18:16:49,539.0
2022-03-28 18:16:54,539.0
2022-03-28 18:16:59,538.94
2022-03-28 18:17:04,538.91
2022-03-28 18:17:09,538.91
2022-03-28 18:17:14,538.84
2022-03-28 18:17:19,538.78
2022-03-28 18:17:24,538.71
2022-03-28 18:17:29,538.71
2022-03-28 18:17:34,538.65
2022-03-28 18:17:39,538.62
2022-03-28 18:17:44,538.55
2022-03-28 18:17:49,538.55
2022-03-28 18:17:54,538.49
2022-03-28 18:17:59,538.42
2022-03-28 18:18:04,538.39
2022-03-28 18:18:09,538.33
2022-03-28 18:18:14,538.26
2022-03-28 18:18:19,538.26
2022-03-28 18:18:24,538.2
2022-03-28 18:18:29,538.13
2022-03-28 18:18:34,538.1
2022-03-28 18:18:39,538.04
2022-03-28 18:18:44,538.03
2022-03-28 18:18:49,537.91
2022-03-28 18:18:54,537.91
2022-03-28 18:18:59,537.87
2022-03-28 18:19:04,537.81
2022-03-28 18:19:09,537.81
2022-03-28 18:19:14,537.81
2022-03-28 18:19:19,537.74
2022-03-28 18:19:24,537.68
2022-03-28 18:19:29,537.74
2022-03-28 18:19:34,537.68
2022-03-28 18:19:39,537.68
2022-03-28 18:19:44,537.58
2022-03-28 18:19:49,537.58
2022-03-28 18:19:54,537.58
2022-03-28 18:19:59,537.51
2022-03-28 18:20:04,537.45
2022-03-28 18:20:09,537.45
2022-03-28 18:20:14,537.38
2022-03-28 18:20:19,537.38
2022-03-28 18:20:24,537.38
2022-03-28 18:20:29,537.38
2022-03-28 18:20:34,537.35
2022-03-28 18:20:39,537.38
2022-03-28 18:20:44,537.35
2022-03-28 18:20:49,537.35
2022-03-28 18:20:54,537.35
2022-03-28 18:20:59,537.28
2022-03-28 18:21:04,537.28
2022-03-28 18:21:09,537.35
2022-03-28 18:21:14,537.28
2022-03-28 18:21:19,537.28
2022-03-28 18:21:24,537.28
2022-03-28 18:21:29,537.27
2022-03-28 18:21:34,537.27
2022-03-28 18:21:39,537.27
2022-03-28 18:21:44,537.27
2022-03-28 18:21:49,537.27
2022-03-28 18:21:54,537.27
2022-03-28 18:21:59,537.34
2022-03-28 18:22:04,537.37
2022-03-28 18:22:09,537.37
2022-03-28 18:22:14,537.43
2022-03-28 18:22:19,537.37
2022-03-28 18:22:24,537.43
2022-03-28 18:22:29,537.5
2022-03-28 18:22:34,537.56
2022-03-28 18:22:39,537.56
2022-03-28 18:22:44,537.59
2022-03-28 18:22:49,537.66
2022-03-28 18:22:54,537.72
2022-03-28 18:22:59,537.79
2022-03-28 18:23:04,537.79
2022-03-28 18:23:09,537.88
2022-03-28 18:23:14,537.88
2022-03-28 18:23:19,538.02
2022-03-28 18:23:24,538.01
2022-03-28 18:23:29,538.08
2022-03-28 18:23:34,538.17
2022-03-28 18:23:39,538.17
2022-03-28 18:23:44,538.24
2022-03-28 18:23:49,538.3
2022-03-28 18:23:54,538.37
2022-03-28 18:23:59,538.47
2022-03-28 18:24:04,538.47
2022-03-28 18:24:09,538.53
2022-03-28 18:24:14,538.62
2022-03-28 18:24:19,538.63
2022-03-28 18:24:24,538.69
2022-03-28 18:24:29,538.82
2022-03-28 18:24:34,538.89
2022-03-28 18:24:39,538.92
2022-03-28 18:24:44,538.98
2022-03-28 18:24:49,539.14
2022-03-28 18:24:54,539.21
2022-03-28 18:24:59,539.34
2022-03-28 18:25:04,539.4
2022-03-28 18:25:09,539.5
2022-03-28 18:25:14,539.63
2022-03-28 18:25:19,539.66
2022-03-28 18:25:24,539.73
2022-03-28 18:25:29,539.86
2022-03-28 18:25:34,540.02
2022-03-28 18:25:39,540.08
2022-03-28 18:25:44,540.15
2022-03-28 18:25:49,540.25
2022-03-28 18:25:54,540.38
2022-03-28 18:25:59,540.47
2022-03-28 18:26:04,540.6
2022-03-28 18:26:09,540.67
2022-03-28 18:26:14,540.76
2022-03-28 18:26:19,540.89
2022-03-28 18:26:24,540.99
2022-03-28 18:26:29,541.06
2022-03-28 18:26:34,541.19
2022-03-28 18:26:39,541.35
2022-03-28 18:26:44,541.41
2022-03-28 18:26:49,541.51
2022-03-28 18:26:54,541.64
2022-03-28 18:26:59,541.74
2022-03-28 18:27:04,541.81
2022-03-28 18:27:09,541.93
2022-03-28 18:27:14,542.03
2022-03-28 18:27:19,542.16
2022-03-28 18:27:24,542.23
2022-03-28 18:27:29,542.32
2022-03-28 18:27:34,542.45
2022-03-28 18:27:39,542.55
2022-03-28 18:27:44,542.62
2022-03-28 18:27:49,542.75
2022-03-28 18:27:54,542.84
2022-03-28 18:27:59,542.91
2022-03-28 18:28:04,543.04
2022-03-28 18:28:09,543.13
2022-03-28 18:28:14,543.29
2022-03-28 18:28:19,543.36
2022-03-28 18:28:24,543.49
2022-03-28 18:28:29,543.56
2022-03-28 18:28:34,543.65
2022-03-28 18:28:39,543.72
2022-03-28 18:28:44,543.82
2022-03-28 18:28:49,543.88
2022-03-28 18:28:54,544.01
2022-03-28 18:28:59,544.11
2022-03-28 18:29:04,544.24
2022-03-28 18:29:09,544.33
2022-03-28 18:29:14,544.47
2022-03-28 18:29:19,544.6
2022-03-28 18:29:24,544.69
2022-03-28 18:29:29,544.76
2022-03-28 18:29:34,544.86
2022-03-28 18:29:39,544.98
2022-03-28 18:29:44,545.11
2022-03-28 18:29:49,545.15
2022-03-28 18:29:54,545.27
2022-03-28 18:29:59,545.37
2022-03-28 18:30:04,545.5
2022-03-28 18:30:09,545.57
2022-03-28 18:30:14,545.63
2022-03-28 18:30:19,545.73
2022-03-28 18:30:24,545.79
2022-03-28 18:30:29,545.89
2022-03-28 18:30:34,545.96
2022-03-28 18:30:39,546.02
2022-03-28 18:30:44,537.71
2022-03-28 18:30:49,537.71
2022-03-28 18:30:54,546.18
2022-03-28 18:30:59,546.31
2022-03-28 18:31:04,546.32
2022-03-28 18:31:09,546.38
2022-03-28 18:31:14,546.38
2022-03-28 18:31:19,546.41
2022-03-28 18:31:24,546.42
2022-03-28 18:31:29,546.42
2022-03-28 18:31:34,546.48
2022-03-28 18:31:39,546.48
2022-03-28 18:31:44,546.55
2022-03-28 18:31:49,546.55
2022-03-28 18:31:54,546.61
2022-03-28 18:31:59,546.55
2022-03-28 18:32:04,546.55
2022-03-28 18:32:09,546.49
2022-03-28 18:32:14,546.49
2022-03-28 18:32:19,546.42
2022-03-28 18:32:24,546.42
2022-03-28 18:32:29,546.42
2022-03-28 18:32:34,546.4
2022-03-28 18:32:39,546.4
2022-03-28 18:32:44,546.33
2022-03-28 18:32:49,546.2
2022-03-28 18:32:54,546.17
2022-03-28 18:32:59,546.11
2022-03-28 18:33:04,545.98
2022-03-28 18:33:09,545.92
2022-03-28 18:33:14,545.89
2022-03-28 18:33:19,545.76
2022-03-28 18:33:24,545.66
2022-03-28 18:33:29,545.53
2022-03-28 18:33:34,545.41
2022-03-28 18:33:39,545.31
2022-03-28 18:33:44,545.25
2022-03-28 18:33:49,545.15
2022-03-28 18:33:54,545.02
2022-03-28 18:33:59,544.87
2022-03-28 18:34:04,544.74
2022-03-28 18:34:09,544.64
2022-03-28 18:34:14,544.45
2022-03-28 18:34:19,544.36
2022-03-28 18:34:24,544.23
2022-03-28 18:34:29,544.0
2022-03-28 18:34:34,543.87
2022-03-28 18:34:39,543.72
2022-03-28 18:34:44,543.62
2022-03-28 18:34:49,543.43
2022-03-28 18:34:54,543.33
2022-03-28 18:34:59,543.14
2022-03-28 18:35:04,542.92
2022-03-28 18:35:09,542.82
2022-03-28 18:35:14,542.69
2022-03-28 18:35:19,542.53
2022-03-28 18:35:24,542.34
2022-03-28 18:35:29,542.25
2022-03-28 18:35:34,542.08
2022-03-28 18:35:39,541.89
2022-03-28 18:35:44,541.73
2022-03-28 18:35:49,541.57
2022-03-28 18:35:54,541.38
2022-03-28 18:35:59,541.22
2022-03-28 18:36:04,537.71
2022-03-28 18:36:09,540.87
2022-03-28 18:36:14,540.8
2022-03-28 18:36:19,540.65
2022-03-28 18:36:24,540.55
2022-03-28 18:36:29,540.36
2022-03-28 18:36:34,540.2
2022-03-28 18:36:39,540.14
2022-03-28 18:36:44,539.97
2022-03-28 18:36:49,539.85
2022-03-28 18:36:54,539.75
2022-03-28 18:36:59,539.62
2022-03-28 18:37:04,539.53
2022-03-28 18:37:09,539.4
2022-03-28 18:37:14,539.33
2022-03-28 18:37:19,539.24
2022-03-28 18:37:24,539.17
2022-03-28 18:37:29,539.01
2022-03-28 18:37:34,538.88
2022-03-28 18:37:39,538.82
2022-03-28 18:37:44,538.76
2022-03-28 18:37:49,538.66
2022-03-28 18:37:54,538.53
2022-03-28 18:37:59,538.5
2022-03-28 18:38:04,538.44
2022-03-28 18:38:09,538.37
2022-03-28 18:38:14,538.24
2022-03-28 18:38:19,538.21
2022-03-28 18:38:24,538.08
2022-03-28 18:38:29,538.02
2022-03-28 18:38:34,537.99
2022-03-28 18:38:39,537.92
2022-03-28 18:38:44,537.79
2022-03-28 18:38:49,537.7
2022-03-28 18:38:54,537.64
2022-03-28 18:38:59,537.57
2022-03-28 18:39:04,537.5
2022-03-28 18:39:09,537.41
2022-03-28 18:39:14,537.34
2022-03-28 18:39:19,537.28
2022-03-28 18:39:24,537.18
2022-03-28 18:39:29,537.12
2022-03-28 18:39:34,537.05
2022-03-28 18:39:39,536.96
2022-03-28 18:39:44,536.89
2022-03-28 18:39:49,536.83
2022-03-28 18:39:54,536.7
2022-03-28 18:39:59,536.7
2022-03-28 18:40:04,536.54
2022-03-28 18:40:09,536.44
2022-03-28 18:40:14,536.44
2022-03-28 18:40:19,536.31
2022-03-28 18:40:24,536.18
2022-03-28 18:40:29,536.08
2022-03-28 18:40:34,535.96
2022-03-28 18:40:39,535.92
2022-03-28 18:40:44,535.79
2022-03-28 18:40:49,535.66
2022-03-28 18:40:54,535.63
2022-03-28 18:40:59,535.5
2022-03-28 18:41:04,535.41
2022-03-28 18:41:09,535.21
2022-03-28 18:41:14,535.12
2022-03-28 18:41:19,534.99
2022-03-28 18:41:24,534.83
2022-03-28 18:41:29,534.76
2022-03-28 18:41:34,534.63
2022-03-28 18:41:39,534.54
2022-03-28 18:41:44,534.47
2022-03-28 18:41:49,534.37
2022-03-28 18:41:54,534.18
2022-03-28 18:41:59,534.08
2022-03-28 18:42:04,533.96
2022-03-28 18:42:09,533.86
2022-03-28 18:42:14,533.67
2022-03-28 18:42:19,533.67
2022-03-28 18:42:24,533.57
2022-03-28 18:42:29,533.44
2022-03-28 18:42:34,533.38
2022-03-28 18:42:39,533.28
2022-03-28 18:42:44,533.15
2022-03-28 18:42:49,533.05
2022-03-28 18:42:54,532.99
2022-03-28 18:42:59,532.92
2022-03-28 18:43:04,532.76
2022-03-28 18:43:09,532.76
2022-03-28 18:43:14,532.64
2022-03-28 18:43:19,532.57
2022-03-28 18:43:24,532.47
2022-03-28 18:43:29,532.35
2022-03-28 18:43:34,532.25
2022-03-28 18:43:39,532.19
2022-03-28 18:43:44,532.06
2022-03-28 18:43:49,532.02
2022-03-28 18:43:54,531.9
2022-03-28 18:43:59,531.83
2022-03-28 18:44:04,531.8
2022-03-28 18:44:09,531.67
2022-03-28 18:44:14,531.67
2022-03-28 18:44:19,531.54
2022-03-28 18:44:24,531.45
2022-03-28 18:44:29,531.45
2022-03-28 18:44:34,531.32
2022-03-28 18:44:39,531.29
2022-03-28 18:44:44,531.23
2022-03-28 18:44:49,531.03
2022-03-28 18:44:54,537.71
2022-03-28 18:44:59,530.94
2022-03-28 18:45:04,530.87
2022-03-28 18:45:09,530.81
2022-03-28 18:45:14,530.78
2022-03-28 18:45:19,530.65
2022-03-28 18:45:24,530.59
2022-03-28 18:45:29,530.52
2022-03-28 18:45:34,530.49
2022-03-28 18:45:39,530.49
2022-03-28 18:45:44,530.43
2022-03-28 18:45:49,530.36
2022-03-28 18:45:54,530.36
2022-03-28 18:45:59,530.36
2022-03-28 18:46:04,530.3
2022-03-28 18:46:09,530.3
2022-03-28 18:46:14,530.27
2022-03-28 18:46:19,530.21
2022-03-28 18:46:24,530.27
2022-03-28 18:46:29,530.27
2022-03-28 18:46:34,530.27
2022-03-28 18:46:39,530.21
2022-03-28 18:46:44,530.28
2022-03-28 18:46:49,530.28
2022-03-28 18:46:54,530.28
2022-03-28 18:46:59,530.28
2022-03-28 18:47:04,530.31
2022-03-28 18:47:09,530.37
2022-03-28 18:47:14,530.44
2022-03-28 18:47:19,530.51
2022-03-28 18:47:24,530.54
2022-03-28 18:47:29,530.6
2022-03-28 18:47:34,530.67
2022-03-28 18:47:39,530.73
2022-03-28 18:47:44,530.83
2022-03-28 18:47:49,530.89
2022-03-28 18:47:54,531.02
2022-03-28 18:47:59,531.12
2022-03-28 18:48:04,531.25
2022-03-28 18:48:09,531.35
2022-03-28 18:48:14,531.54
2022-03-28 18:48:19,531.57
2022-03-28 18:48:24,531.77
2022-03-28 18:48:29,531.86
2022-03-28 18:48:34,532.05
2022-03-28 18:48:39,532.21
2022-03-28 18:48:44,532.34
2022-03-28 18:48:49,532.44
2022-03-28 18:48:54,532.6
2022-03-28 18:48:59,532.8
2022-03-28 18:49:04,532.89
2022-03-28 18:49:09,533.08
2022-03-28 18:49:14,533.24
2022-03-28 18:49:19,533.41
2022-03-28 18:49:24,533.6
2022-03-28 18:49:29,533.76
2022-03-28 18:49:34,533.89
2022-03-28 18:49:39,534.12
2022-03-28 18:49:44,534.28
2022-03-28 18:49:49,534.43
2022-03-28 18:49:54,534.63
2022-03-28 18:49:59,534.79
2022-03-28 18:50:04,534.95
2022-03-28 18:50:09,535.14
2022-03-28 18:50:14,535.31
2022-03-28 18:50:19,535.47
2022-03-28 18:50:24,535.66
2022-03-28 18:50:29,535.75
2022-03-28 18:50:34,535.94
2022-03-28 18:50:39,536.17
2022-03-28 18:50:44,536.33
2022-03-28 18:50:49,536.46
2022-03-28 18:50:54,536.62
2022-03-28 18:50:59,536.72
2022-03-28 18:51:04,536.91
2022-03-28 18:51:09,537.07
2022-03-28 18:51:14,537.23
2022-03-28 18:51:19,537.36
2022-03-28 18:51:24,537.52
2022-03-28 18:51:29,537.65
2022-03-28 18:51:34,537.81
2022-03-28 18:51:39,537.87
2022-03-28 18:51:44,538.03
2022-03-28 18:51:49,538.16
2022-03-28 18:51:54,538.32
2022-03-28 18:51:59,538.45
2022-03-28 18:52:04,538.54
2022-03-28 18:52:09,538.74
2022-03-28 18:52:14,538.83
2022-03-28 18:52:19,538.96
2022-03-28 18:52:24,539.05
2022-03-28 18:52:29,539.18
2022-03-28 18:52:34,539.28
2022-03-28 18:52:39,539.41
2022-03-28 18:52:44,539.54
2022-03-28 18:52:49,539.63
2022-03-28 18:52:54,539.76
2022-03-28 18:52:59,539.79
2022-03-28 18:53:04,539.99
2022-03-28 18:53:09,540.08
2022-03-28 18:53:14,540.15
2022-03-28 18:53:19,540.28
2022-03-28 18:53:24,540.37
2022-03-28 18:53:29,540.44
2022-03-28 18:53:34,540.56
2022-03-28 18:53:39,540.66
2022-03-28 18:53:44,540.72
2022-03-28 18:53:49,540.82
2022-03-28 18:53:54,540.95
2022-03-28 18:53:59,540.95
2022-03-28 18:54:04,541.08
2022-03-28 18:54:09,541.17
2022-03-28 18:54:14,541.24
2022-03-28 18:54:19,541.34
2022-03-28 18:54:24,541.4
2022-03-28 18:54:29,541.53
2022-03-28 18:54:34,541.59
2022-03-28 18:54:39,541.69
2022-03-28 18:54:44,541.76
2022-03-28 18:54:49,541.82
2022-03-28 18:54:54,541.92
2022-03-28 18:54:59,542.05
2022-03-28 18:55:04,542.11
2022-03-28 18:55:09,542.14
2022-03-28 18:55:14,542.27
2022-03-28 18:55:19,542.34
2022-03-28 18:55:24,542.43
2022-03-28 18:55:29,542.5
2022-03-28 18:55:34,542.56
2022-03-28 18:55:39,542.66
2022-03-28 18:55:44,542.79
2022-03-28 18:55:49,542.79
2022-03-28 18:55:54,542.85
2022-03-28 18:55:59,543.02
2022-03-28 18:56:04,543.08
2022-03-28 18:56:09,543.15
2022-03-28 18:56:14,543.18
2022-03-28 18:56:19,543.24
2022-03-28 18:56:24,543.37
2022-03-28 18:56:29,543.41
2022-03-28 18:56:34,543.41
2022-03-28 18:56:39,543.47
2022-03-28 18:56:44,543.54
2022-03-28 18:56:49,543.6
2022-03-28 18:56:54,543.7
2022-03-28 18:56:59,543.7
2022-03-28 18:57:04,543.77
2022-03-28 18:57:09,543.89
2022-03-28 18:57:14,543.92
2022-03-28 18:57:19,543.99
2022-03-28 18:57:24,544.05
2022-03-28 18:57:29,544.12
2022-03-28 18:57:34,544.22
2022-03-28 18:57:39,544.21
2022-03-28 18:57:44,544.28
2022-03-28 18:57:49,544.41
2022-03-28 18:57:54,544.44
2022-03-28 18:57:59,544.51
2022-03-28 18:58:04,544.57
2022-03-28 18:58:09,544.7
2022-03-28 18:58:14,544.73
2022-03-28 18:58:19,544.73
2022-03-28 18:58:24,544.8
2022-03-28 18:58:29,544.96
2022-03-28 18:58:34,544.96
2022-03-28 18:58:39,545.02
2022-03-28 18:58:44,545.02
2022-03-28 18:58:49,545.15
2022-03-28 18:58:54,545.15
2022-03-28 18:58:59,545.21
2022-03-28 18:59:04,545.25
2022-03-28 18:59:09,545.31
2022-03-28 18:59:14,545.38
2022-03-28 18:59:19,545.38
2022-03-28 18:59:24,545.47
2022-03-28 18:59:29,545.47
2022-03-28 18:59:34,545.6
2022-03-28 18:59:39,545.6
2022-03-28 18:59:44,545.66
2022-03-28 18:59:49,545.66
2022-03-28 18:59:54,545.76
2022-03-28 18:59:59,545.76
2022-03-28 19:00:04,545.76
2022-03-28 19:00:09,545.82
2022-03-28 19:00:14,545.82
2022-03-28 19:00:19,545.82
2022-03-28 19:00:24,545.82
2022-03-28 19:00:29,545.82
2022-03-28 19:00:34,545.88
2022-03-28 19:00:39,537.71
2022-03-28 19:00:44,545.82
2022-03-28 19:00:49,545.82
2022-03-28 19:00:54,545.81
2022-03-28 19:00:59,545.88
2022-03-28 19:01:04,545.81
2022-03-28 19:01:09,545.75
2022-03-28 19:01:14,545.74
2022-03-28 19:01:19,545.75
2022-03-28 19:01:24,545.71
2022-03-28 19:01:29,545.74
2022-03-28 19:01:34,545.65
2022-03-28 19:01:39,545.65
2022-03-28 19:01:44,545.65
2022-03-28 19:01:49,545.52
2022-03-28 19:01:54,545.58
2022-03-28 19:01:59,545.52
2022-03-28 19:02:04,545.45
2022-03-28 19:02:09,545.42
2022-03-28 19:02:14,545.35
2022-03-28 19:02:19,545.29
2022-03-28 19:02:24,545.28
2022-03-28 19:02:29,545.22
2022-03-28 19:02:34,545.19
2022-03-28 19:02:39,545.05
2022-03-28 19:02:44,545.12
2022-03-28 19:02:49,544.92
2022-03-28 19:02:54,544.92
2022-03-28 19:02:59,544.82
2022-03-28 19:03:04,544.76
2022-03-28 19:03:09,544.66
2022-03-28 19:03:14,544.6
2022-03-28 19:03:19,544.53
2022-03-28 19:03:24,544.47
2022-03-28 19:03:29,544.37
2022-03-28 19:03:34,544.31
2022-03-28 19:03:39,544.24
2022-03-28 19:03:44,544.18
2022-03-28 19:03:49,544.08
2022-03-28 19:03:54,544.01
2022-03-28 19:03:59,543.95
2022-03-28 19:04:04,543.89
2022-03-28 19:04:09,543.79
2022-03-28 19:04:14,543.72
2022-03-28 19:04:19,543.66
2022-03-28 19:04:24,543.56
2022-03-28 19:04:29,543.56
2022-03-28 19:04:34,543.43
2022-03-28 19:04:39,543.43
2022-03-28 19:04:44,543.34
2022-03-28 19:04:49,543.21
2022-03-28 19:04:54,543.14
2022-03-28 19:04:59,543.11
2022-03-28 19:05:04,543.04
2022-03-28 19:05:09,542.98
2022-03-28 19:05:14,542.92
2022-03-28 19:05:19,542.85
2022-03-28 19:05:24,542.82
2022-03-28 19:05:29,542.76
2022-03-28 19:05:34,542.63
2022-03-28 19:05:39,542.6
2022-03-28 19:05:44,542.53
2022-03-28 19:05:49,542.4
2022-03-28 19:05:54,542.34
2022-03-28 19:05:59,542.24
2022-03-28 19:06:04,542.24
2022-03-28 19:06:09,542.18
2022-03-28 19:06:14,542.08
2022-03-28 19:06:19,542.02
2022-03-28 19:06:24,541.89
2022-03-28 19:06:29,541.82
2022-03-28 19:06:34,541.79
2022-03-28 19:06:39,541.67
2022-03-28 19:06:44,541.66
2022-03-28 19:06:49,541.57
2022-03-28 19:06:54,541.51
2022-03-28 19:06:59,541.44
2022-03-28 19:07:04,541.31
2022-03-28 19:07:09,541.28
2022-03-28 19:07:14,541.28
2022-03-28 19:07:19,541.15
2022-03-28 19:07:24,541.05
2022-03-28 19:07:29,541.05
2022-03-28 19:07:34,540.93
2022-03-28 19:07:39,540.93
2022-03-28 19:07:44,540.8
2022-03-28 19:07:49,540.77
2022-03-28 19:07:54,540.71
2022-03-28 19:07:59,540.71
2022-03-28 19:08:04,540.64
2022-03-28 19:08:09,540.58
2022-03-28 19:08:14,540.58
2022-03-28 19:08:19,540.54
2022-03-28 19:08:24,540.54
2022-03-28 19:08:29,540.54
2022-03-28 19:08:34,540.48
2022-03-28 19:08:39,540.42
2022-03-28 19:08:44,540.42
2022-03-28 19:08:49,540.35
2022-03-28 19:08:54,540.29
2022-03-28 19:08:59,540.35
2022-03-28 19:09:04,540.29
2022-03-28 19:09:09,540.28
2022-03-28 19:09:14,540.29
2022-03-28 19:09:19,540.25
2022-03-28 19:09:24,540.29
2022-03-28 19:09:29,540.25
2022-03-28 19:09:34,540.25
2022-03-28 19:09:39,540.25
2022-03-28 19:09:44,540.19
2022-03-28 19:09:49,540.19
2022-03-28 19:09:54,540.25
2022-03-28 19:09:59,540.25
2022-03-28 19:10:04,540.19
2022-03-28 19:10:09,540.19
2022-03-28 19:10:14,540.25
2022-03-28 19:10:19,540.19
2022-03-28 19:10:24,540.18
2022-03-28 19:10:29,540.25
2022-03-28 19:10:34,540.25
2022-03-28 19:10:39,540.18
2022-03-28 19:10:44,540.18
2022-03-28 19:10:49,540.18
2022-03-28 19:10:54,540.28
2022-03-28 19:10:59,540.24
2022-03-28 19:11:04,540.25
2022-03-28 19:11:09,540.28
2022-03-28 19:11:14,540.28
2022-03-28 19:11:19,540.28
2022-03-28 19:11:24,540.28
2022-03-28 19:11:29,540.34
2022-03-28 19:11:34,540.34
2022-03-28 19:11:39,540.33
2022-03-28 19:11:44,540.4
2022-03-28 19:11:49,540.46
2022-03-28 19:11:54,540.53
2022-03-28 19:11:59,540.46
2022-03-28 19:12:04,540.52
2022-03-28 19:12:09,540.52
2022-03-28 19:12:14,540.52
2022-03-28 19:12:19,540.55
2022-03-28 19:12:24,540.62
2022-03-28 19:12:29,540.62
2022-03-28 19:12:34,540.68
2022-03-28 19:12:39,540.74
2022-03-28 19:12:44,540.78
2022-03-28 19:12:49,540.77
2022-03-28 19:12:54,540.84
2022-03-28 19:12:59,540.9
2022-03-28 19:13:04,540.96
2022-03-28 19:13:09,541.03
2022-03-28 19:13:14,541.02
2022-03-28 19:13:19,541.06
2022-03-28 19:13:24,541.12
2022-03-28 19:13:29,541.12
2022-03-28 19:13:34,541.25
2022-03-28 19:13:39,541.24
2022-03-28 19:13:44,541.28
2022-03-28 19:13:49,541.34
2022-03-28 19:13:54,541.41
2022-03-28 19:13:59,541.41
2022-03-28 19:14:04,541.47
2022-03-28 19:14:09,541.53
2022-03-28 19:14:14,541.57
2022-03-28 19:14:19,541.63
2022-03-28 19:14:24,541.69
2022-03-28 19:14:29,541.69
2022-03-28 19:14:34,541.79
2022-03-28 19:14:39,541.79
2022-03-28 19:14:44,541.85
2022-03-28 19:14:49,541.85
2022-03-28 19:14:54,541.92
2022-03-28 19:14:59,541.98
2022-03-28 19:15:04,541.98
2022-03-28 19:15:09,542.04
2022-03-28 19:15:14,542.04
2022-03-28 19:15:19,542.08
2022-03-28 19:15:24,542.08
2022-03-28 19:15:29,542.08
2022-03-28 19:15:34,542.08
2022-03-28 19:15:39,542.08
2022-03-28 19:15:44,542.14
2022-03-28 19:15:49,542.08
2022-03-28 19:15:54,542.14
2022-03-28 19:15:59,542.14
2022-03-28 19:16:04,542.14
2022-03-28 19:16:09,542.14
2022-03-28 19:16:14,542.2
2022-03-28 19:16:19,542.21
2022-03-28 19:16:24,542.2
2022-03-28 19:16:29,542.21
2022-03-28 19:16:34,542.14
2022-03-28 19:16:39,542.2
2022-03-28 19:16:44,542.27
2022-03-28 19:16:49,542.21
2022-03-28 19:16:54,542.21
2022-03-28 19:16:59,542.21
2022-03-28 19:17:04,542.21
2022-03-28 19:17:09,542.21
2022-03-28 19:17:14,542.21
2022-03-28 19:17:19,542.21
2022-03-28 19:17:24,542.21
2022-03-28 19:17:29,542.21
2022-03-28 19:17:34,542.27
2022-03-28 19:17:39,542.27
2022-03-28 19:17:44,542.28
2022-03-28 19:17:49,542.31
2022-03-28 19:17:54,542.27
2022-03-28 19:17:59,542.31
2022-03-28 19:18:04,542.31
2022-03-28 19:18:09,542.31
2022-03-28 19:18:14,542.31
2022-03-28 19:18:19,542.37
2022-03-28 19:18:24,542.38
2022-03-28 19:18:29,542.38
2022-03-28 19:18:34,542.38
2022-03-28 19:18:39,542.32
2022-03-28 19:18:44,542.38
2022-03-28 19:18:49,542.38
2022-03-28 19:18:54,542.44
2022-03-28 19:18:59,542.38
2022-03-28 19:19:04,542.44
2022-03-28 19:19:09,542.44
2022-03-28 19:19:14,542.44
2022-03-28 19:19:19,542.44
2022-03-28 19:19:24,542.44
2022-03-28 19:19:29,542.51
2022-03-28 19:19:34,542.51
2022-03-28 19:19:39,542.51
2022-03-28 19:19:44,542.51
2022-03-28 19:19:49,542.51
2022-03-28 19:19:54,542.51
2022-03-28 19:19:59,542.51
2022-03-28 19:20:04,542.44
2022-03-28 19:20:09,542.44
2022-03-28 19:20:14,542.44
2022-03-28 19:20:19,542.44
2022-03-28 19:20:24,542.44
2022-03-28 19:20:29,542.44
2022-03-28 19:20:34,542.38
2022-03-28 19:20:39,542.38
2022-03-28 19:20:44,542.44
2022-03-28 19:20:49,542.31
2022-03-28 19:20:54,542.38
2022-03-28 19:20:59,542.38
2022-03-28 19:21:04,542.31
2022-03-28 19:21:09,542.37
2022-03-28 19:21:14,542.37
2022-03-28 19:21:19,542.28
2022-03-28 19:21:24,542.28
2022-03-28 19:21:29,542.28
2022-03-28 19:21:34,542.28
2022-03-28 19:21:39,542.28
2022-03-28 19:21:44,542.21
2022-03-28 19:21:49,542.21
2022-03-28 19:21:54,542.21
2022-03-28 19:21:59,542.14
2022-03-28 19:22:04,542.14
2022-03-28 19:22:09,542.08
2022-03-28 19:22:14,542.08
2022-03-28 19:22:19,542.08
2022-03-28 19:22:24,542.08
2022-03-28 19:22:29,542.05
2022-03-28 19:22:34,542.04
2022-03-28 19:22:39,541.98
2022-03-28 19:22:44,541.98
2022-03-28 19:22:49,541.98
2022-03-28 19:22:54,541.91
2022-03-28 19:22:59,541.85
2022-03-28 19:23:04,541.84
2022-03-28 19:23:09,541.78
2022-03-28 19:23:14,541.84
2022-03-28 19:23:19,541.74
2022-03-28 19:23:24,541.68
2022-03-28 19:23:29,541.68
2022-03-28 19:23:34,541.61
2022-03-28 19:23:39,541.55
2022-03-28 19:23:44,541.51
2022-03-28 19:23:49,541.38
2022-03-28 19:23:54,541.38
2022-03-28 19:23:59,541.32
2022-03-28 19:24:04,541.25
2022-03-28 19:24:09,541.16
2022-03-28 19:24:14,541.22
2022-03-28 19:24:19,541.09
2022-03-28 19:24:24,541.09
2022-03-28 19:24:29,540.92
2022-03-28 19:24:34,540.92
2022-03-28 19:24:39,540.86
2022-03-28 19:24:44,540.73
2022-03-28 19:24:49,540.73
2022-03-28 19:24:54,540.7
2022-03-28 19:24:59,540.63
2022-03-28 19:25:04,540.57
2022-03-28 19:25:09,540.57
2022-03-28 19:25:14,540.47
2022-03-28 19:25:19,540.41
2022-03-28 19:25:24,540.34
2022-03-28 19:25:29,540.28
2022-03-28 19:25:34,540.18
2022-03-28 19:25:39,540.18
2022-03-28 19:25:44,540.05
2022-03-28 19:25:49,539.99
2022-03-28 19:25:54,539.89
2022-03-28 19:25:59,539.83
2022-03-28 19:26:04,539.76
2022-03-28 19:26:09,539.66
2022-03-28 19:26:14,539.6
2022-03-28 19:26:19,539.47
2022-03-28 19:26:24,539.47
2022-03-28 19:26:29,539.44
2022-03-28 19:26:34,539.31
2022-03-28 19:26:39,539.25
2022-03-28 19:26:44,539.18
2022-03-28 19:26:49,539.09
2022-03-28 19:26:54,539.02
2022-03-28 19:26:59,538.96
2022-03-28 19:27:04,538.86
2022-03-28 19:27:09,538.8
2022-03-28 19:27:14,538.73
2022-03-28 19:27:19,538.67
2022-03-28 19:27:24,538.67
2022-03-28 19:27:29,538.63
2022-03-28 19:27:34,538.51
2022-03-28 19:27:39,538.44
2022-03-28 19:27:44,538.41
2022-03-28 19:27:49,538.41
2022-03-28 19:27:54,538.35
2022-03-28 19:27:59,538.28
2022-03-28 19:28:04,538.28
2022-03-28 19:28:09,538.16
2022-03-28 19:28:14,538.16
2022-03-28 19:28:19,538.13
2022-03-28 19:28:24,538.12
2022-03-28 19:28:29,538.06
2022-03-28 19:28:34,538.0
2022-03-28 19:28:39,537.93
2022-03-28 19:28:44,537.9
2022-03-28 19:28:49,537.9
2022-03-28 19:28:54,537.84
2022-03-28 19:28:59,537.77
2022-03-28 19:29:04,537.71
2022-03-28 19:29:09,537.65
2022-03-28 19:29:14,537.61
2022-03-28 19:29:19,537.55
2022-03-28 19:29:24,537.55
2022-03-28 19:29:29,537.42
2022-03-28 19:29:34,537.49
2022-03-28 19:29:39,537.42
2022-03-28 19:29:44,537.39
2022-03-28 19:29:49,537.42
2022-03-28 19:29:54,537.42
2022-03-28 19:29:59,537.33
2022-03-28 19:30:04,537.33
2022-03-28 19:30:09,537.33
2022-03-28 19:30:14,537.33
2022-03-28 19:30:19,537.33
2022-03-28 19:30:24,537.26
2022-03-28 19:30:29,537.33
2022-03-28 19:30:34,537.33
2022-03-28 19:30:39,537.32
2022-03-28 19:30:44,537.26
2022-03-28 19:30:49,537.26
2022-03-28 19:30:54,537.26
2022-03-28 19:30:59,537.33
2022-03-28 19:31:04,537.26
2022-03-28 19:31:09,537.33
2022-03-28 19:31:14,537.33
2022-03-28 19:31:19,537.33
2022-03-28 19:31:24,537.39
2022-03-28 19:31:29,537.39
2022-03-28 19:31:34,537.42
2022-03-28 19:31:39,537.42
2022-03-28 19:31:44,537.42
2022-03-28 19:31:49,537.55
2022-03-28 19:31:54,537.49
2022-03-28 19:31:59,537.55
2022-03-28 19:32:04,537.61
2022-03-28 19:32:09,537.61
2022-03-28 19:32:14,537.61
2022-03-28 19:32:19,537.61
2022-03-28 19:32:24,537.65
2022-03-28 19:32:29,537.61
2022-03-28 19:32:34,537.64
2022-03-28 19:32:39,537.7
2022-03-28 19:32:44,537.7
2022-03-28 19:32:49,537.77
2022-03-28 19:32:54,537.7
2022-03-28 19:32:59,537.77
2022-03-28 19:33:04,537.83
2022-03-28 19:33:09,537.83
2022-03-28 19:33:14,537.9
2022-03-28 19:33:19,537.9
2022-03-28 19:33:24,537.93
2022-03-28 19:33:29,537.93
2022-03-28 19:33:34,537.93
2022-03-28 19:33:39,537.99
2022-03-28 19:33:44,538.05
2022-03-28 19:33:49,538.12
2022-03-28 19:33:54,538.12
2022-03-28 19:33:59,538.12
2022-03-28 19:34:04,538.12
2022-03-28 19:34:09,538.14
2022-03-28 19:34:14,538.15
2022-03-28 19:34:19,538.21
2022-03-28 19:34:24,538.21
2022-03-28 19:34:29,538.28
2022-03-28 19:34:34,538.28
2022-03-28 19:34:39,538.34
2022-03-28 19:34:44,538.34
2022-03-28 19:34:49,538.4
2022-03-28 19:34:54,538.4
2022-03-28 19:34:59,538.43
2022-03-28 19:35:04,538.43
2022-03-28 19:35:09,538.43
2022-03-28 19:35:14,538.56
2022-03-28 19:35:19,538.56
2022-03-28 19:35:24,538.62
2022-03-28 19:35:29,538.66
2022-03-28 19:35:34,538.66
2022-03-28 19:35:39,538.72
2022-03-28 19:35:44,538.79
2022-03-28 19:35:49,538.79
2022-03-28 19:35:54,538.85
2022-03-28 19:35:59,538.95
2022-03-28 19:36:04,538.95
2022-03-28 19:36:09,539.01
2022-03-28 19:36:14,539.14
2022-03-28 19:36:19,539.08
2022-03-28 19:36:24,539.17
2022-03-28 19:36:29,539.24
2022-03-28 19:36:34,539.3
2022-03-28 19:36:39,539.43
2022-03-28 19:36:44,539.43
2022-03-28 19:36:49,539.46
2022-03-28 19:36:54,539.53
2022-03-28 19:36:59,539.6
2022-03-28 19:37:04,539.66
2022-03-28 19:37:09,539.69
2022-03-28 19:37:14,539.76
2022-03-28 19:37:19,539.89
2022-03-28 19:37:24,539.89
2022-03-28 19:37:29,539.98
2022-03-28 19:37:34,540.05
2022-03-28 19:37:39,540.18
2022-03-28 19:37:44,540.18
2022-03-28 19:37:49,540.28
2022-03-28 19:37:54,540.34
2022-03-28 19:37:59,540.41
2022-03-28 19:38:04,540.47
2022-03-28 19:38:09,540.51
2022-03-28 19:38:14,540.57
2022-03-28 19:38:19,540.7
2022-03-28 19:38:24,540.7
2022-03-28 19:38:29,540.73
2022-03-28 19:38:34,540.8
2022-03-28 19:38:39,540.87
2022-03-28 19:38:44,540.93
2022-03-28 19:38:49,540.93
2022-03-28 19:38:54,541.03
2022-03-28 19:38:59,541.09
2022-03-28 19:39:04,541.09
2022-03-28 19:39:09,541.1
2022-03-28 19:39:14,541.16
2022-03-28 19:39:19,541.23
2022-03-28 19:39:24,541.26
2022-03-28 19:39:29,541.33
2022-03-28 19:39:34,541.4
2022-03-28 19:39:39,541.46
2022-03-28 19:39:44,541.56
2022-03-28 19:39:49,541.56
2022-03-28 19:39:54,541.62
2022-03-28 19:39:59,541.62
2022-03-28 19:40:04,541.75
2022-03-28 19:40:09,541.75
2022-03-28 19:40:14,541.79
2022-03-28 19:40:19,541.79
2022-03-28 19:40:24,541.85
2022-03-28 19:40:29,541.92
2022-03-28 19:40:34,541.92
2022-03-28 19:40:39,541.98
2022-03-28 19:40:44,541.99
2022-03-28 19:40:49,542.05
2022-03-28 19:40:54,541.99
2022-03-28 19:40:59,542.05
2022-03-28 19:41:04,541.99
2022-03-28 19:41:09,541.99
2022-03-28 19:41:14,542.05
2022-03-28 19:41:19,541.99
2022-03-28 19:41:24,541.99
2022-03-28 19:41:29,541.99
2022-03-28 19:41:34,541.99
2022-03-28 19:41:39,541.93
2022-03-28 19:41:44,541.93
2022-03-28 19:41:49,541.93
2022-03-28 19:41:54,541.86
2022-03-28 19:41:59,541.87
2022-03-28 19:42:04,541.86
2022-03-28 19:42:09,541.86
2022-03-28 19:42:14,541.8
2022-03-28 19:42:19,541.77
2022-03-28 19:42:24,541.77
2022-03-28 19:42:29,541.77
2022-03-28 19:42:34,541.71
2022-03-28 19:42:39,541.71
2022-03-28 19:42:44,541.71
2022-03-28 19:42:49,541.64
2022-03-28 19:42:54,541.64
2022-03-28 19:42:59,541.64
2022-03-28 19:43:04,541.64
2022-03-28 19:43:09,541.57
2022-03-28 19:43:14,541.58
2022-03-28 19:43:19,541.54
2022-03-28 19:43:24,541.54
2022-03-28 19:43:29,541.48
2022-03-28 19:43:34,541.48
2022-03-28 19:43:39,541.42
2022-03-28 19:43:44,541.42
2022-03-28 19:43:49,541.35
2022-03-28 19:43:54,541.35
2022-03-28 19:43:59,541.35
2022-03-28 19:44:04,541.35
2022-03-28 19:44:09,541.28
2022-03-28 19:44:14,541.35
2022-03-28 19:44:19,541.28
2022-03-28 19:44:24,541.25
2022-03-28 19:44:29,541.28
2022-03-28 19:44:34,541.28
2022-03-28 19:44:39,541.28
2022-03-28 19:44:44,541.25
2022-03-28 19:44:49,541.28
2022-03-28 19:44:54,541.25
2022-03-28 19:44:59,541.28
2022-03-28 19:45:04,541.25
2022-03-28 19:45:09,541.24
2022-03-28 19:45:14,541.24
2022-03-28 19:45:19,541.28
2022-03-28 19:45:24,541.25
2022-03-28 19:45:29,541.28
2022-03-28 19:45:34,541.24
2022-03-28 19:45:39,541.28
2022-03-28 19:45:44,541.24
2022-03-28 19:45:49,541.28
2022-03-28 19:45:54,541.24
2022-03-28 19:45:59,541.28
2022-03-28 19:46:04,541.28
2022-03-28 19:46:09,541.28
2022-03-28 19:46:14,541.28
2022-03-28 19:46:19,541.34
2022-03-28 19:46:24,541.34
2022-03-28 19:46:29,541.34
2022-03-28 19:46:34,541.34
2022-03-28 19:46:39,541.41
2022-03-28 19:46:44,541.47
2022-03-28 19:46:49,541.47
2022-03-28 19:46:54,541.47
2022-03-28 19:46:59,541.47
2022-03-28 19:47:04,541.47
2022-03-28 19:47:09,541.47
2022-03-28 19:47:14,541.47
2022-03-28 19:47:19,541.53
2022-03-28 19:47:24,541.53
2022-03-28 19:47:29,541.47
2022-03-28 19:47:34,541.53
2022-03-28 19:47:39,541.47
2022-03-28 19:47:44,541.47
2022-03-28 19:47:49,541.47
2022-03-28 19:47:54,541.54
2022-03-28 19:47:59,541.47
2022-03-28 19:48:04,541.41
2022-03-28 19:48:09,541.48
2022-03-28 19:48:14,541.48
2022-03-28 19:48:19,541.48
2022-03-28 19:48:24,541.41
2022-03-28 19:48:29,541.41
2022-03-28 19:48:34,541.41
2022-03-28 19:48:39,541.41
2022-03-28 19:48:44,541.42
2022-03-28 19:48:49,541.48
2022-03-28 19:48:54,541.35
2022-03-28 19:48:59,541.35
2022-03-28 19:49:04,541.42
2022-03-28 19:49:09,541.35
2022-03-28 19:49:14,541.35
2022-03-28 19:49:19,541.35
2022-03-28 19:49:24,541.29
2022-03-28 19:49:29,541.29
2022-03-28 19:49:34,541.29
2022-03-28 19:49:39,541.29
2022-03-28 19:49:44,541.26
2022-03-28 19:49:49,541.29
2022-03-28 19:49:54,541.26
2022-03-28 19:49:59,541.27
2022-03-28 19:50:04,541.26
2022-03-28 19:50:09,541.27
2022-03-28 19:50:14,541.2
2022-03-28 19:50:19,541.2
2022-03-28 19:50:24,541.14
2022-03-28 19:50:29,541.14
2022-03-28 19:50:34,541.14
2022-03-28 19:50:39,541.14
2022-03-28 19:50:44,541.14
2022-03-28 19:50:49,541.14
2022-03-28 19:50:54,541.14
2022-03-28 19:50:59,541.08
2022-03-28 19:51:04,541.08
2022-03-28 19:51:09,541.05
2022-03-28 19:51:14,541.08
2022-03-28 19:51:19,541.08
2022-03-28 19:51:24,541.08
2022-03-28 19:51:29,541.09
2022-03-28 19:51:34,541.08
2022-03-28 19:51:39,541.09
2022-03-28 19:51:44,541.05
2022-03-28 19:51:49,541.09
2022-03-28 19:51:54,541.09
2022-03-28 19:51:59,541.16
2022-03-28 19:52:04,541.16
2022-03-28 19:52:09,541.16
2022-03-28 19:52:14,541.16
2022-03-28 19:52:19,541.16
2022-03-28 19:52:24,541.16
2022-03-28 19:52:29,541.16
2022-03-28 19:52:34,541.16
2022-03-28 19:52:39,541.16
2022-03-28 19:52:44,541.16
2022-03-28 19:52:49,541.16
2022-03-28 19:52:54,541.16
2022-03-28 19:52:59,541.1
2022-03-28 19:53:04,541.23
2022-03-28 19:53:09,541.17
2022-03-28 19:53:14,541.17
2022-03-28 19:53:19,541.17
2022-03-28 19:53:24,541.17
2022-03-28 19:53:29,541.17
2022-03-28 19:53:34,541.17
2022-03-28 19:53:39,541.17
2022-03-28 19:53:44,541.17
2022-03-28 19:53:49,541.17
2022-03-28 19:53:54,541.11
2022-03-28 19:53:59,541.11
2022-03-28 19:54:04,541.11
2022-03-28 19:54:09,541.08
2022-03-28 19:54:14,541.11
2022-03-28 19:54:19,541.08
2022-03-28 19:54:24,541.08
2022-03-28 19:54:29,541.11
2022-03-28 19:54:34,541.11
2022-03-28 19:54:39,541.08
2022-03-28 19:54:44,541.02
2022-03-28 19:54:49,541.08
2022-03-28 19:54:54,541.08
2022-03-28 19:54:59,541.09
2022-03-28 19:55:04,541.08
2022-03-28 19:55:09,541.12
2022-03-28 19:55:14,541.09
2022-03-28 19:55:19,541.09
2022-03-28 19:55:24,541.09
2022-03-28 19:55:29,541.09
2022-03-28 19:55:34,541.09
2022-03-28 19:55:39,541.03
2022-03-28 19:55:44,541.09
2022-03-28 19:55:49,541.09
2022-03-28 19:55:54,541.09
2022-03-28 19:55:59,541.03
2022-03-28 19:56:04,541.03
2022-03-28 19:56:09,541.03
2022-03-28 19:56:14,541.03
2022-03-28 19:56:19,540.97
2022-03-28 19:56:24,540.97
2022-03-28 19:56:29,541.03
2022-03-28 19:56:34,540.97
2022-03-28 19:56:39,540.97
2022-03-28 19:56:44,540.97
2022-03-28 19:56:49,540.97
2022-03-28 19:56:54,540.97
2022-03-28 19:56:59,540.97
2022-03-28 19:57:04,541.04
2022-03-28 19:57:09,541.04
2022-03-28 19:57:14,541.04
2022-03-28 19:57:19,541.04
2022-03-28 19:57:24,541.04
2022-03-28 19:57:29,541.05
2022-03-28 19:57:34,540.98
2022-03-28 19:57:39,541.05
2022-03-28 19:57:44,541.05
2022-03-28 19:57:49,541.05
2022-03-28 19:57:54,541.05
2022-03-28 19:57:59,541.05
2022-03-28 19:58:04,541.12
2022-03-28 19:58:09,541.05
2022-03-28 19:58:14,541.06
2022-03-28 19:58:19,541.06
2022-03-28 19:58:24,541.12
2022-03-28 19:58:29,537.71
2022-03-28 19:58:34,541.12
2022-03-28 19:58:39,541.13
2022-03-28 19:58:44,541.16
2022-03-28 19:58:49,541.16
2022-03-28 19:58:54,541.13
2022-03-28 19:58:59,541.23
2022-03-28 19:59:04,541.23
2022-03-28 19:59:09,541.23
2022-03-28 19:59:14,541.23
2022-03-28 19:59:19,541.23
2022-03-28 19:59:24,541.23
2022-03-28 19:59:29,541.23
2022-03-28 19:59:34,541.3
2022-03-28 19:59:39,541.3
2022-03-28 19:59:44,541.3
2022-03-28 19:59:49,541.37
2022-03-28 19:59:54,541.3
2022-03-28 19:59:59,541.3
2022-03-28 20:00:04,541.4
2022-03-28 20:00:09,541.4
2022-03-28 20:00:14,541.41
2022-03-28 20:00:19,541.47
2022-03-28 20:00:24,541.53
2022-03-28 20:00:29,541.6
2022-03-28 20:00:34,541.6
2022-03-28 20:00:39,541.67
2022-03-28 20:00:44,541.66
2022-03-28 20:00:49,541.69
2022-03-28 20:00:54,541.76
2022-03-28 20:00:59,541.76
2022-03-28 20:01:04,541.83
2022-03-28 20:01:09,541.83
2022-03-28 20:01:14,541.9
2022-03-28 20:01:19,541.93
2022-03-28 20:01:24,541.93
2022-03-28 20:01:29,541.99
2022-03-28 20:01:34,541.99
2022-03-28 20:01:39,542.06
2022-03-28 20:01:44,542.12
2022-03-28 20:01:49,542.19
2022-03-28 20:01:54,542.19
2022-03-28 20:01:59,542.22
2022-03-28 20:02:04,542.22
2022-03-28 20:02:09,542.28
2022-03-28 20:02:14,542.35
2022-03-28 20:02:19,542.35
2022-03-28 20:02:24,542.41
2022-03-28 20:02:29,542.44
2022-03-28 20:02:34,542.51
2022-03-28 20:02:39,542.51
2022-03-28 20:02:44,542.58
2022-03-28 20:02:49,542.64
2022-03-28 20:02:54,542.7
2022-03-28 20:02:59,542.73
2022-03-28 20:03:04,542.8
2022-03-28 20:03:09,542.8
2022-03-28 20:03:14,542.86
2022-03-28 20:03:19,542.93
2022-03-28 20:03:24,542.96
2022-03-28 20:03:29,542.96
2022-03-28 20:03:34,543.02
2022-03-28 20:03:39,543.09
2022-03-28 20:03:44,543.15
2022-03-28 20:03:49,543.22
2022-03-28 20:03:54,543.25
2022-03-28 20:03:59,543.25
2022-03-28 20:04:04,543.31
2022-03-28 20:04:09,543.38
2022-03-28 20:04:14,543.37
2022-03-28 20:04:19,543.44
2022-03-28 20:04:24,543.47
2022-03-28 20:04:29,543.47
2022-03-28 20:04:34,543.54
2022-03-28 20:04:39,543.54
2022-03-28 20:04:44,543.6
2022-03-28 20:04:49,543.6
2022-03-28 20:04:54,543.66
2022-03-28 20:04:59,543.73
2022-03-28 20:05:04,543.73
2022-03-28 20:05:09,543.73
2022-03-28 20:05:14,543.73
2022-03-28 20:05:19,543.76
2022-03-28 20:05:24,543.76
2022-03-28 20:05:29,543.89
2022-03-28 20:05:34,543.89
2022-03-28 20:05:39,543.89
2022-03-28 20:05:44,543.96
2022-03-28 20:05:49,543.95
2022-03-28 20:05:54,543.99
2022-03-28 20:05:59,543.99
2022-03-28 20:06:04,544.05
2022-03-28 20:06:09,544.11
2022-03-28 20:06:14,544.12
2022-03-28 20:06:19,544.18
2022-03-28 20:06:24,544.18
2022-03-28 20:06:29,544.28
2022-03-28 20:06:34,544.28
2022-03-28 20:06:39,544.34
2022-03-28 20:06:44,544.34
2022-03-28 20:06:49,544.4
2022-03-28 20:06:54,544.47
2022-03-28 20:06:59,544.47
2022-03-28 20:07:04,544.5
2022-03-28 20:07:09,544.57
2022-03-28 20:07:14,544.63
2022-03-28 20:07:19,544.63
2022-03-28 20:07:24,544.63
2022-03-28 20:07:29,544.7
2022-03-28 20:07:34,544.7
2022-03-28 20:07:39,544.79
2022-03-28 20:07:44,544.8
2022-03-28 20:07:49,544.86
2022-03-28 20:07:54,544.92
2022-03-28 20:07:59,544.92
2022-03-28 20:08:04,545.02
2022-03-28 20:08:09,544.99
2022-03-28 20:08:14,545.02
2022-03-28 20:08:19,545.09
2022-03-28 20:08:24,545.02
2022-03-28 20:08:29,545.22
2022-03-28 20:08:34,545.15
2022-03-28 20:08:39,545.15
2022-03-28 20:08:44,545.22
2022-03-28 20:08:49,545.22
2022-03-28 20:08:54,545.28
2022-03-28 20:08:59,545.29
2022-03-28 20:09:04,545.28
2022-03-28 20:09:09,545.29
2022-03-28 20:09:14,545.32
2022-03-28 20:09:19,545.29
2022-03-28 20:09:24,545.32
2022-03-28 20:09:29,545.29
2022-03-28 20:09:34,545.32
2022-03-28 20:09:39,545.32
2022-03-28 20:09:44,545.32
2022-03-28 20:09:49,545.29
2022-03-28 20:09:54,545.29
2022-03-28 20:09:59,545.29
2022-03-28 20:10:04,545.29
2022-03-28 20:10:09,545.29
2022-03-28 20:10:14,545.23
2022-03-28 20:10:19,545.23
2022-03-28 20:10:24,545.23
2022-03-28 20:10:29,545.1
2022-03-28 20:10:34,545.1
2022-03-28 20:10:39,545.04
2022-03-28 20:10:44,545.01
2022-03-28 20:10:49,545.01
2022-03-28 20:10:54,545.01
2022-03-28 20:10:59,544.94
2022-03-28 20:11:04,544.81
2022-03-28 20:11:09,544.81
2022-03-28 20:11:14,544.78
2022-03-28 20:11:19,544.66
2022-03-28 20:11:24,544.59
2022-03-28 20:11:29,544.53
2022-03-28 20:11:34,544.53
2022-03-28 20:11:39,544.43
2022-03-28 20:11:44,544.37
2022-03-28 20:11:49,544.27
2022-03-28 20:11:54,544.2
2022-03-28 20:11:59,544.14
2022-03-28 20:12:04,544.08
2022-03-28 20:12:09,544.01
2022-03-28 20:12:14,543.91
2022-03-28 20:12:19,543.79
2022-03-28 20:12:24,543.78
2022-03-28 20:12:29,543.69
2022-03-28 20:12:34,543.56
2022-03-28 20:12:39,543.46
2022-03-28 20:12:44,543.4
2022-03-28 20:12:49,543.27
2022-03-28 20:12:54,543.17
2022-03-28 20:12:59,543.17
2022-03-28 20:13:04,543.05
2022-03-28 20:13:09,542.95
2022-03-28 20:13:14,542.88
2022-03-28 20:13:19,542.75
2022-03-28 20:13:24,542.65
2022-03-28 20:13:29,542.53
2022-03-28 20:13:34,542.46
2022-03-28 20:13:39,542.36
2022-03-28 20:13:44,542.2
2022-03-28 20:13:49,542.2
2022-03-28 20:13:54,542.07
2022-03-28 20:13:59,541.94
2022-03-28 20:14:04,541.85
2022-03-28 20:14:09,541.85
2022-03-28 20:14:14,541.72
2022-03-28 20:14:19,541.62
2022-03-28 20:14:24,541.49
2022-03-28 20:14:29,541.42
2022-03-28 20:14:34,541.39
2022-03-28 20:14:39,541.26
2022-03-28 20:14:44,541.17
2022-03-28 20:14:49,541.1
2022-03-28 20:14:54,541.04
2022-03-28 20:14:59,540.91
2022-03-28 20:15:04,540.81
2022-03-28 20:15:09,540.75
2022-03-28 20:15:14,540.68
2022-03-28 20:15:19,540.58
2022-03-28 20:15:24,540.45
2022-03-28 20:15:29,540.39
2022-03-28 20:15:34,540.35
2022-03-28 20:15:39,540.23
2022-03-28 20:15:44,540.16
2022-03-28 20:15:49,540.13
2022-03-28 20:15:54,540.0
2022-03-28 20:15:59,539.87
2022-03-28 20:16:04,539.84
2022-03-28 20:16:09,539.77
2022-03-28 20:16:14,539.6
2022-03-28 20:16:19,539.61
2022-03-28 20:16:24,539.48
2022-03-28 20:16:29,539.48
2022-03-28 20:16:34,539.41
2022-03-28 20:16:39,539.25
2022-03-28 20:16:44,539.19
2022-03-28 20:16:49,539.09
2022-03-28 20:16:54,539.03
2022-03-28 20:16:59,538.96
2022-03-28 20:17:04,538.83
2022-03-28 20:17:09,538.74
2022-03-28 20:17:14,538.67
2022-03-28 20:17:19,538.6
2022-03-28 20:17:24,538.51
2022-03-28 20:17:29,538.51
2022-03-28 20:17:34,538.44
2022-03-28 20:17:39,538.31
2022-03-28 20:17:44,538.28
2022-03-28 20:17:49,538.22
2022-03-28 20:17:54,538.15
2022-03-28 20:17:59,538.05
2022-03-28 20:18:04,537.99
2022-03-28 20:18:09,537.86
2022-03-28 20:18:14,537.8
2022-03-28 20:18:19,537.76
2022-03-28 20:18:24,537.7
2022-03-28 20:18:29,537.64
2022-03-28 20:18:34,537.57
2022-03-28 20:18:39,537.54
2022-03-28 20:18:44,537.41
2022-03-28 20:18:49,537.35
2022-03-28 20:18:54,537.35
2022-03-28 20:18:59,537.25
2022-03-28 20:19:04,537.25
2022-03-28 20:19:09,537.18
2022-03-28 20:19:14,537.18
2022-03-28 20:19:19,537.06
2022-03-28 20:19:24,537.06
2022-03-28 20:19:29,537.03
2022-03-28 20:19:34,536.96
2022-03-28 20:19:39,536.96
2022-03-28 20:19:44,536.9
2022-03-28 20:19:49,536.84
2022-03-28 20:19:54,536.84
2022-03-28 20:19:59,536.77
2022-03-28 20:20:04,536.77
2022-03-28 20:20:09,536.74
2022-03-28 20:20:14,536.74
2022-03-28 20:20:19,536.68
2022-03-28 20:20:24,536.61
2022-03-28 20:20:29,536.61
2022-03-28 20:20:34,536.62
2022-03-28 20:20:39,536.55
2022-03-28 20:20:44,536.55
2022-03-28 20:20:49,536.55
2022-03-28 20:20:54,536.52
2022-03-28 20:20:59,536.52
2022-03-28 20:21:04,536.52
2022-03-28 20:21:09,536.46
2022-03-28 20:21:14,536.46
2022-03-28 20:21:19,536.45
2022-03-28 20:21:24,536.39
2022-03-28 20:21:29,536.39
2022-03-28 20:21:34,536.33
2022-03-28 20:21:39,536.33
2022-03-28 20:21:44,536.33
2022-03-28 20:21:49,536.26
2022-03-28 20:21:54,536.26
2022-03-28 20:21:59,536.26
2022-03-28 20:22:04,536.23
2022-03-28 20:22:09,536.23
2022-03-28 20:22:14,536.27
2022-03-28 20:22:19,536.23
2022-03-28 20:22:24,536.23
2022-03-28 20:22:29,536.26
2022-03-28 20:22:34,536.23
2022-03-28 20:22:39,536.23
2022-03-28 20:22:44,536.16
2022-03-28 20:22:49,536.23
2022-03-28 20:22:54,536.23
2022-03-28 20:22:59,536.26
2022-03-28 20:23:04,536.23
2022-03-28 20:23:09,536.23
2022-03-28 20:23:14,536.23
2022-03-28 20:23:19,536.16
2022-03-28 20:23:24,536.23
2022-03-28 20:23:29,536.23
2022-03-28 20:23:34,536.23
2022-03-28 20:23:39,536.23
2022-03-28 20:23:44,536.16
2022-03-28 20:23:49,536.16
2022-03-28 20:23:54,536.16
2022-03-28 20:23:59,536.16
2022-03-28 20:24:04,536.22
2022-03-28 20:24:09,536.22
2022-03-28 20:24:14,536.22
2022-03-28 20:24:19,536.22
2022-03-28 20:24:24,536.22
2022-03-28 20:24:29,536.22
2022-03-28 20:24:34,536.16
2022-03-28 20:24:39,536.22
2022-03-28 20:24:44,536.15
2022-03-28 20:24:49,536.15
2022-03-28 20:24:54,536.22
2022-03-28 20:24:59,536.15
2022-03-28 20:25:04,536.15
2022-03-28 20:25:09,536.15
2022-03-28 20:25:14,536.15
2022-03-28 20:25:19,536.22
2022-03-28 20:25:24,536.15
2022-03-28 20:25:29,536.08
2022-03-28 20:25:34,536.14
2022-03-28 20:25:39,536.14
2022-03-28 20:25:44,536.14
2022-03-28 20:25:49,536.14
2022-03-28 20:25:54,536.14
2022-03-28 20:25:59,536.14
2022-03-28 20:26:04,536.14
2022-03-28 20:26:09,536.14
2022-03-28 20:26:14,536.14
2022-03-28 20:26:19,536.14
2022-03-28 20:26:24,536.07
2022-03-28 20:26:29,536.07
2022-03-28 20:26:34,536.14
2022-03-28 20:26:39,536.07
2022-03-28 20:26:44,536.07
2022-03-28 20:26:49,536.07
2022-03-28 20:26:54,536.07
2022-03-28 20:26:59,536.06
2022-03-28 20:27:04,536.13
2022-03-28 20:27:09,536.06
2022-03-28 20:27:14,536.12
2022-03-28 20:27:19,536.19
2022-03-28 20:27:24,536.19
2022-03-28 20:27:29,536.19
2022-03-28 20:27:34,536.19
2022-03-28 20:27:39,536.22
2022-03-28 20:27:44,536.22
2022-03-28 20:27:49,536.28
2022-03-28 20:27:54,536.28
2022-03-28 20:27:59,536.28
2022-03-28 20:28:04,536.35
2022-03-28 20:28:09,536.35
2022-03-28 20:28:14,536.41
2022-03-28 20:28:19,536.48
2022-03-28 20:28:24,536.41
2022-03-28 20:28:29,536.48
2022-03-28 20:28:34,536.51
2022-03-28 20:28:39,536.51
2022-03-28 20:28:44,536.57
2022-03-28 20:28:49,536.57
2022-03-28 20:28:54,536.7
2022-03-28 20:28:59,536.7
2022-03-28 20:29:04,536.8
2022-03-28 20:29:09,536.8
2022-03-28 20:29:14,536.93
2022-03-28 20:29:19,536.99
2022-03-28 20:29:24,537.02
2022-03-28 20:29:29,537.09
2022-03-28 20:29:34,537.15
2022-03-28 20:29:39,537.22
2022-03-28 20:29:44,537.31
2022-03-28 20:29:49,537.44
2022-03-28 20:29:54,537.44
2022-03-28 20:29:59,537.54
2022-03-28 20:30:04,537.6
2022-03-28 20:30:09,537.77
2022-03-28 20:30:14,537.77
2022-03-28 20:30:19,537.96
2022-03-28 20:30:24,538.02
2022-03-28 20:30:29,538.12
2022-03-28 20:30:34,538.25
2022-03-28 20:30:39,538.41
2022-03-28 20:30:44,538.54
2022-03-28 20:30:49,538.7
2022-03-28 20:30:54,538.8
2022-03-28 20:30:59,538.93
2022-03-28 20:31:04,539.06
2022-03-28 20:31:09,539.22
2022-03-28 20:31:14,539.32
2022-03-28 20:31:19,539.51
2022-03-28 20:31:24,539.67
2022-03-28 20:31:29,539.8
2022-03-28 20:31:34,539.96
2022-03-28 20:31:39,540.19
2022-03-28 20:31:44,540.25
2022-03-28 20:31:49,540.41
2022-03-28 20:31:54,540.6
2022-03-28 20:31:59,540.7
2022-03-28 20:32:04,540.86
2022-03-28 20:32:09,541.06
2022-03-28 20:32:14,541.22
2022-03-28 20:32:19,541.35
2022-03-28 20:32:24,541.51
2022-03-28 20:32:29,541.64
2022-03-28 20:32:34,541.8
2022-03-28 20:32:39,541.96
2022-03-28 20:32:44,542.09
2022-03-28 20:32:49,542.25
2022-03-28 20:32:54,542.31
2022-03-28 20:32:59,542.47
2022-03-28 20:33:04,542.6
2022-03-28 20:33:09,542.76
2022-03-28 20:33:14,542.89
2022-03-28 20:33:19,542.99
2022-03-28 20:33:24,543.12
2022-03-28 20:33:29,543.21
2022-03-28 20:33:34,543.34
2022-03-28 20:33:39,543.41
2022-03-28 20:33:44,543.56
2022-03-28 20:33:49,543.63
2022-03-28 20:33:54,543.73
2022-03-28 20:33:59,543.79
2022-03-28 20:34:04,543.92
2022-03-28 20:34:09,543.95
2022-03-28 20:34:14,544.01
2022-03-28 20:34:19,544.14
2022-03-28 20:34:24,544.21
2022-03-28 20:34:29,544.24
2022-03-28 20:34:34,544.3
2022-03-28 20:34:39,544.36
2022-03-28 20:34:44,544.36
2022-03-28 20:34:49,544.46
2022-03-28 20:34:54,544.46
2022-03-28 20:34:59,544.59
2022-03-28 20:35:04,544.59
2022-03-28 20:35:09,544.58
2022-03-28 20:35:14,544.71
2022-03-28 20:35:19,544.71
2022-03-28 20:35:24,544.71
2022-03-28 20:35:29,544.74
2022-03-28 20:35:34,544.81
2022-03-28 20:35:39,544.8
2022-03-28 20:35:44,544.8
2022-03-28 20:35:49,544.87
2022-03-28 20:35:54,544.87
2022-03-28 20:35:59,544.86
2022-03-28 20:36:04,544.86
2022-03-28 20:36:09,544.86
2022-03-28 20:36:14,544.86
2022-03-28 20:36:19,544.8
2022-03-28 20:36:24,537.71
2022-03-28 20:36:29,544.8
2022-03-28 20:36:34,544.8
2022-03-28 20:36:39,544.8
2022-03-28 20:36:44,544.8
2022-03-28 20:36:49,544.73
2022-03-28 20:36:54,544.73
2022-03-28 20:36:59,544.7
2022-03-28 20:37:04,544.63
2022-03-28 20:37:09,544.56
2022-03-28 20:37:14,544.5
2022-03-28 20:37:19,544.44
2022-03-28 20:37:24,544.44
2022-03-28 20:37:29,544.4
2022-03-28 20:37:34,544.33
2022-03-28 20:37:39,544.27
2022-03-28 20:37:44,544.2
2022-03-28 20:37:49,544.1
2022-03-28 20:37:54,544.11
2022-03-28 20:37:59,544.04
2022-03-28 20:38:04,543.98
2022-03-28 20:38:09,543.91
2022-03-28 20:38:14,543.88
2022-03-28 20:38:19,543.69
2022-03-28 20:38:24,543.68
2022-03-28 20:38:29,543.65
2022-03-28 20:38:34,543.59
2022-03-28 20:38:39,543.39
2022-03-28 20:38:44,543.39
2022-03-28 20:38:49,543.23
2022-03-28 20:38:54,543.17
2022-03-28 20:38:59,543.13
2022-03-28 20:39:04,543.0
2022-03-28 20:39:09,542.88
2022-03-28 20:39:14,542.85
2022-03-28 20:39:19,542.72
2022-03-28 20:39:24,542.72
2022-03-28 20:39:29,542.62
2022-03-28 20:39:34,542.49
2022-03-28 20:39:39,542.43
2022-03-28 20:39:44,542.36
2022-03-28 20:39:49,542.33
2022-03-28 20:39:54,542.2
2022-03-28 20:39:59,542.14
2022-03-28 20:40:04,542.1
2022-03-28 20:40:09,542.04
2022-03-28 20:40:14,541.91
2022-03-28 20:40:19,541.91
2022-03-28 20:40:24,541.85
2022-03-28 20:40:29,541.81
2022-03-28 20:40:34,541.68
2022-03-28 20:40:39,541.69
2022-03-28 20:40:44,541.59
2022-03-28 20:40:49,541.59
2022-03-28 20:40:54,541.59
2022-03-28 20:40:59,541.53
2022-03-28 20:41:04,541.53
2022-03-28 20:41:09,541.46
2022-03-28 20:41:14,541.4
2022-03-28 20:41:19,541.4
2022-03-28 20:41:24,541.33
2022-03-28 20:41:29,541.34
2022-03-28 20:41:34,541.3
2022-03-28 20:41:39,541.3
2022-03-28 20:41:44,541.24
2022-03-28 20:41:49,541.24
2022-03-28 20:41:54,541.24
2022-03-28 20:41:59,541.18
2022-03-28 20:42:04,541.18
2022-03-28 20:42:09,541.08
2022-03-28 20:42:14,541.18
2022-03-28 20:42:19,541.08
2022-03-28 20:42:24,541.11
2022-03-28 20:42:29,541.08
2022-03-28 20:42:34,541.08
2022-03-28 20:42:39,541.08
2022-03-28 20:42:44,541.02
2022-03-28 20:42:49,541.02
2022-03-28 20:42:54,541.02
2022-03-28 20:42:59,541.02
2022-03-28 20:43:04,541.02
2022-03-28 20:43:09,541.02
2022-03-28 20:43:14,541.02
2022-03-28 20:43:19,540.95
2022-03-28 20:43:24,540.96
2022-03-28 20:43:29,540.96
2022-03-28 20:43:34,540.96
2022-03-28 20:43:39,540.96
2022-03-28 20:43:44,540.96
2022-03-28 20:43:49,540.96
2022-03-28 20:43:54,540.89
2022-03-28 20:43:59,540.89
2022-03-28 20:44:04,540.95
2022-03-28 20:44:09,540.89
2022-03-28 20:44:14,540.96
2022-03-28 20:44:19,540.89
2022-03-28 20:44:24,540.95
2022-03-28 20:44:29,540.96
2022-03-28 20:44:34,540.96
2022-03-28 20:44:39,540.89
2022-03-28 20:44:44,540.89
2022-03-28 20:44:49,540.95
2022-03-28 20:44:54,540.89
2022-03-28 20:44:59,540.89
2022-03-28 20:45:04,540.89
2022-03-28 20:45:09,540.88
2022-03-28 20:45:14,540.89
2022-03-28 20:45:19,540.89
2022-03-28 20:45:24,540.89
2022-03-28 20:45:29,540.82
2022-03-28 20:45:34,540.88
2022-03-28 20:45:39,540.88
2022-03-28 20:45:44,540.88
2022-03-28 20:45:49,540.82
2022-03-28 20:45:54,540.88
2022-03-28 20:45:59,540.88
2022-03-28 20:46:04,540.82
2022-03-28 20:46:09,540.82
2022-03-28 20:46:14,540.79
2022-03-28 20:46:19,540.78
2022-03-28 20:46:24,540.65
2022-03-28 20:46:29,540.65
2022-03-28 20:46:34,540.65
2022-03-28 20:46:39,540.56
2022-03-28 20:46:44,540.59
2022-03-28 20:46:49,540.56
2022-03-28 20:46:54,540.49
2022-03-28 20:46:59,540.42
2022-03-28 20:47:04,540.36
2022-03-28 20:47:09,540.29
2022-03-28 20:47:14,540.29
2022-03-28 20:47:19,540.29
2022-03-28 20:47:24,540.19
2022-03-28 20:47:29,540.19
2022-03-28 20:47:34,540.19
2022-03-28 20:47:39,540.06
2022-03-28 20:47:44,540.13
2022-03-28 20:47:49,540.03
2022-03-28 20:47:54,539.96
2022-03-28 20:47:59,539.9
2022-03-28 20:48:04,539.9
2022-03-28 20:48:09,539.83
2022-03-28 20:48:14,539.73
2022-03-28 20:48:19,539.76
2022-03-28 20:48:24,539.67
2022-03-28 20:48:29,539.66
2022-03-28 20:48:34,539.6
2022-03-28 20:48:39,539.6
2022-03-28 20:48:44,539.53
2022-03-28 20:48:49,539.5
2022-03-28 20:48:54,539.44
2022-03-28 20:48:59,539.37
2022-03-28 20:49:04,539.37
2022-03-28 20:49:09,539.3
2022-03-28 20:49:14,539.24
2022-03-28 20:49:19,539.24
2022-03-28 20:49:24,539.21
2022-03-28 20:49:29,539.21
2022-03-28 20:49:34,539.2
2022-03-28 20:49:39,539.14
2022-03-28 20:49:44,539.08
2022-03-28 20:49:49,539.01
2022-03-28 20:49:54,538.98
2022-03-28 20:49:59,538.98
2022-03-28 20:50:04,538.98
2022-03-28 20:50:09,538.85
2022-03-28 20:50:14,538.85
2022-03-28 20:50:19,538.78
2022-03-28 20:50:24,538.72
2022-03-28 20:50:29,538.69
2022-03-28 20:50:34,538.69
2022-03-28 20:50:39,538.56
2022-03-28 20:50:44,538.49
2022-03-28 20:50:49,538.5
2022-03-28 20:50:54,538.46
2022-03-28 20:50:59,538.46
2022-03-28 20:51:04,538.4
2022-03-28 20:51:09,538.33
2022-03-28 20:51:14,538.33
2022-03-28 20:51:19,538.27
2022-03-28 20:51:24,538.21
2022-03-28 20:51:29,538.17
2022-03-28 20:51:34,538.17
2022-03-28 20:51:39,538.11
2022-03-28 20:51:44,538.05
2022-03-28 20:51:49,537.98
2022-03-28 20:51:54,537.98
2022-03-28 20:51:59,537.88
2022-03-28 20:52:04,537.82
2022-03-28 20:52:09,537.82
2022-03-28 20:52:14,537.69
2022-03-28 20:52:19,537.69
2022-03-28 20:52:24,537.69
2022-03-28 20:52:29,537.66
2022-03-28 20:52:34,537.6
2022-03-28 20:52:39,537.53
2022-03-28 20:52:44,537.53
2022-03-28 20:52:49,537.54
2022-03-28 20:52:54,537.54
2022-03-28 20:52:59,537.54
2022-03-28 20:53:04,537.47
2022-03-28 20:53:09,537.44
2022-03-28 20:53:14,537.47
2022-03-28 20:53:19,537.44
2022-03-28 20:53:24,537.44
2022-03-28 20:53:29,537.44
2022-03-28 20:53:34,537.44
2022-03-28 20:53:39,537.44
2022-03-28 20:53:44,537.38
2022-03-28 20:53:49,537.37
2022-03-28 20:53:54,537.38
2022-03-28 20:53:59,537.38
2022-03-28 20:54:04,537.37
2022-03-28 20:54:09,537.37
2022-03-28 20:54:14,537.38
2022-03-28 20:54:19,537.37
2022-03-28 20:54:24,537.44
2022-03-28 20:54:29,537.44
2022-03-28 20:54:34,537.47
2022-03-28 20:54:39,537.44
2022-03-28 20:54:44,537.44
2022-03-28 20:54:49,537.47
2022-03-28 20:54:54,537.47
2022-03-28 20:54:59,537.47
2022-03-28 20:55:04,537.53
2022-03-28 20:55:09,537.53
2022-03-28 20:55:14,537.53
2022-03-28 20:55:19,537.59
2022-03-28 20:55:24,537.59
2022-03-28 20:55:29,537.6
2022-03-28 20:55:34,537.6
2022-03-28 20:55:39,537.69
2022-03-28 20:55:44,537.69
2022-03-28 20:55:49,537.75
2022-03-28 20:55:54,537.69
2022-03-28 20:55:59,537.82
2022-03-28 20:56:04,537.82
2022-03-28 20:56:09,537.82
2022-03-28 20:56:14,537.82
2022-03-28 20:56:19,537.95
2022-03-28 20:56:24,537.95
2022-03-28 20:56:29,537.95
2022-03-28 20:56:34,537.98
2022-03-28 20:56:39,537.98
2022-03-28 20:56:44,538.1
2022-03-28 20:56:49,538.1
2022-03-28 20:56:54,538.17
2022-03-28 20:56:59,538.2
2022-03-28 20:57:04,538.2
2022-03-28 20:57:09,538.26
2022-03-28 20:57:14,538.26
2022-03-28 20:57:19,538.33
2022-03-28 20:57:24,538.33
2022-03-28 20:57:29,538.39
2022-03-28 20:57:34,538.39
2022-03-28 20:57:39,538.45
2022-03-28 20:57:44,538.45
2022-03-28 20:57:49,538.55
2022-03-28 20:57:54,538.61
2022-03-28 20:57:59,538.61
2022-03-28 20:58:04,538.68
2022-03-28 20:58:09,538.7
2022-03-28 20:58:14,538.7
2022-03-28 20:58:19,538.77
2022-03-28 20:58:24,538.83
2022-03-28 20:58:29,538.89
2022-03-28 20:58:34,538.89
2022-03-28 20:58:39,538.96
2022-03-28 20:58:44,538.99
2022-03-28 20:58:49,539.05
2022-03-28 20:58:54,539.12
2022-03-28 20:58:59,539.21
2022-03-28 20:59:04,539.21
2022-03-28 20:59:09,539.27
2022-03-28 20:59:14,539.34
2022-03-28 20:59:19,539.4
2022-03-28 20:59:24,539.46
2022-03-28 20:59:29,539.49
2022-03-28 20:59:34,539.56
2022-03-28 20:59:39,539.62
2022-03-28 20:59:44,539.69
2022-03-28 20:59:49,539.78
2022-03-28 20:59:54,539.78
2022-03-28 20:59:59,539.91
2022-03-28 21:00:04,539.91
2022-03-28 21:00:09,540.01
2022-03-28 21:00:14,540.07
2022-03-28 21:00:19,540.13
2022-03-28 21:00:24,540.2
2022-03-28 21:00:29,540.23
2022-03-28 21:00:34,540.3
2022-03-28 21:00:39,540.36
2022-03-28 21:00:44,540.36
2022-03-28 21:00:49,540.43
2022-03-28 21:00:54,540.42
2022-03-28 21:00:59,540.49
2022-03-28 21:01:04,540.58
2022-03-28 21:01:09,540.65
2022-03-28 21:01:14,540.65
2022-03-28 21:01:19,540.71
2022-03-28 21:01:24,540.71
2022-03-28 21:01:29,540.75
2022-03-28 21:01:34,540.87
2022-03-28 21:01:39,540.87
2022-03-28 21:01:44,540.94
2022-03-28 21:01:49,540.94
2022-03-28 21:01:54,541.0
2022-03-28 21:01:59,541.0
2022-03-28 21:02:04,541.04
2022-03-28 21:02:09,541.1
2022-03-28 21:02:14,541.1
2022-03-28 21:02:19,541.16
2022-03-28 21:02:24,541.16
2022-03-28 21:02:29,541.16
2022-03-28 21:02:34,541.1
2022-03-28 21:02:39,541.1
2022-03-28 21:02:44,541.16
2022-03-28 21:02:49,541.1
2022-03-28 21:02:54,541.1
2022-03-28 21:02:59,541.1
2022-03-28 21:03:04,541.11
2022-03-28 21:03:09,541.04
2022-03-28 21:03:14,541.04
2022-03-28 21:03:19,541.04
2022-03-28 21:03:24,541.01
2022-03-28 21:03:29,541.01
2022-03-28 21:03:34,541.01
2022-03-28 21:03:39,540.95
2022-03-28 21:03:44,540.95
2022-03-28 21:03:49,540.88
2022-03-28 21:03:54,540.88
2022-03-28 21:03:59,540.82
2022-03-28 21:04:04,540.82
2022-03-28 21:04:09,540.72
2022-03-28 21:04:14,540.72
2022-03-28 21:04:19,540.72
2022-03-28 21:04:24,540.6
2022-03-28 21:04:29,540.59
2022-03-28 21:04:34,540.53
2022-03-28 21:04:39,540.53
2022-03-28 21:04:44,540.5
2022-03-28 21:04:49,540.44
2022-03-28 21:04:54,540.37
2022-03-28 21:04:59,540.31
2022-03-28 21:05:04,540.24
2022-03-28 21:05:09,540.31
2022-03-28 21:05:14,540.21
2022-03-28 21:05:19,540.15
2022-03-28 21:05:24,540.08
2022-03-28 21:05:29,540.08
2022-03-28 21:05:34,540.01
2022-03-28 21:05:39,539.98
2022-03-28 21:05:44,539.92
2022-03-28 21:05:49,539.92
2022-03-28 21:05:54,539.85
2022-03-28 21:05:59,539.85
2022-03-28 21:06:04,539.85
2022-03-28 21:06:09,539.72
2022-03-28 21:06:14,539.63
2022-03-28 21:06:19,539.69
2022-03-28 21:06:24,539.56
2022-03-28 21:06:29,539.56
2022-03-28 21:06:34,539.46
2022-03-28 21:06:39,539.46
2022-03-28 21:06:44,539.4
2022-03-28 21:06:49,539.4
2022-03-28 21:06:54,539.33
2022-03-28 21:06:59,539.27
2022-03-28 21:07:04,539.21
2022-03-28 21:07:09,539.21
2022-03-28 21:07:14,539.17
2022-03-28 21:07:19,539.17
2022-03-28 21:07:24,538.98
2022-03-28 21:07:29,539.04
2022-03-28 21:07:34,538.97
2022-03-28 21:07:39,538.97
2022-03-28 21:07:44,538.88
2022-03-28 21:07:49,538.88
2022-03-28 21:07:54,538.81
2022-03-28 21:07:59,538.75
2022-03-28 21:08:04,538.75
2022-03-28 21:08:09,538.68
2022-03-28 21:08:14,538.65
2022-03-28 21:08:19,538.65
2022-03-28 21:08:24,538.65
2022-03-28 21:08:29,538.65
2022-03-28 21:08:34,538.58
2022-03-28 21:08:39,538.59
2022-03-28 21:08:44,538.51
2022-03-28 21:08:49,538.51
2022-03-28 21:08:54,538.45
2022-03-28 21:08:59,538.45
2022-03-28 21:09:04,538.45
2022-03-28 21:09:09,538.45
2022-03-28 21:09:14,538.42
2022-03-28 21:09:19,538.41
2022-03-28 21:09:24,538.41
2022-03-28 21:09:29,538.44
2022-03-28 21:09:34,538.41
2022-03-28 21:09:39,538.41
2022-03-28 21:09:44,538.45
2022-03-28 21:09:49,538.44
2022-03-28 21:09:54,538.44
2022-03-28 21:09:59,538.51
2022-03-28 21:10:04,538.44
2022-03-28 21:10:09,538.51
2022-03-28 21:10:14,538.51
2022-03-28 21:10:19,538.51
2022-03-28 21:10:24,538.57
2022-03-28 21:10:29,538.57
2022-03-28 21:10:34,538.63
2022-03-28 21:10:39,538.63
2022-03-28 21:10:44,538.67
2022-03-28 21:10:49,538.67
2022-03-28 21:10:54,538.73
2022-03-28 21:10:59,538.73
2022-03-28 21:11:04,538.8
2022-03-28 21:11:09,538.86
2022-03-28 21:11:14,538.92
2022-03-28 21:11:19,538.92
2022-03-28 21:11:24,539.02
2022-03-28 21:11:29,539.09
2022-03-28 21:11:34,539.15
2022-03-28 21:11:39,539.18
2022-03-28 21:11:44,539.31
2022-03-28 21:11:49,539.31
2022-03-28 21:11:54,539.38
2022-03-28 21:11:59,539.48
2022-03-28 21:12:04,539.48
2022-03-28 21:12:09,539.54
2022-03-28 21:12:14,539.6
2022-03-28 21:12:19,539.67
2022-03-28 21:12:24,539.77
2022-03-28 21:12:29,539.83
2022-03-28 21:12:34,539.9
2022-03-28 21:12:39,539.96
2022-03-28 21:12:44,539.99
2022-03-28 21:12:49,540.06
2022-03-28 21:12:54,540.12
2022-03-28 21:12:59,540.22
2022-03-28 21:13:04,540.35
2022-03-28 21:13:09,540.35
2022-03-28 21:13:14,540.48
2022-03-28 21:13:19,540.51
2022-03-28 21:13:24,540.58
2022-03-28 21:13:29,540.64
2022-03-28 21:13:34,540.71
2022-03-28 21:13:39,540.74
2022-03-28 21:13:44,540.81
2022-03-28 21:13:49,540.87
2022-03-28 21:13:54,540.94
2022-03-28 21:13:59,541.0
2022-03-28 21:14:04,541.0
2022-03-28 21:14:09,541.04
2022-03-28 21:14:14,541.17
2022-03-28 21:14:19,541.17
2022-03-28 21:14:24,541.23
2022-03-28 21:14:29,541.27
2022-03-28 21:14:34,541.33
2022-03-28 21:14:39,541.33
2022-03-28 21:14:44,541.46
2022-03-28 21:14:49,541.53
2022-03-28 21:14:54,541.56
2022-03-28 21:14:59,541.63
2022-03-28 21:15:04,541.63
2022-03-28 21:15:09,541.76
2022-03-28 21:15:14,541.76
2022-03-28 21:15:19,541.79
2022-03-28 21:15:24,541.85
2022-03-28 21:15:29,541.92
2022-03-28 21:15:34,541.92
2022-03-28 21:15:39,542.05
2022-03-28 21:15:44,542.05
2022-03-28 21:15:49,542.08
2022-03-28 21:15:54,542.15
2022-03-28 21:15:59,542.21
2022-03-28 21:16:04,542.28
2022-03-28 21:16:09,542.31
2022-03-28 21:16:14,542.38
2022-03-28 21:16:19,542.44
2022-03-28 21:16:24,542.51
2022-03-28 21:16:29,542.51
2022-03-28 21:16:34,542.6
2022-03-28 21:16:39,542.67
2022-03-28 21:16:44,542.67
2022-03-28 21:16:49,542.8
2022-03-28 21:16:54,542.83
2022-03-28 21:16:59,542.83
2022-03-28 21:17:04,542.9
2022-03-28 21:17:09,542.96
2022-03-28 21:17:14,543.03
2022-03-28 21:17:19,543.09
2022-03-28 21:17:24,543.12
2022-03-28 21:17:29,543.19
2022-03-28 21:17:34,543.19
2022-03-28 21:17:39,543.32
2022-03-28 21:17:44,543.32
2022-03-28 21:17:49,543.41
2022-03-28 21:17:54,543.48
2022-03-28 21:17:59,543.48
2022-03-28 21:18:04,543.54
2022-03-28 21:18:09,543.64
2022-03-28 21:18:14,543.64
2022-03-28 21:18:19,543.7
2022-03-28 21:18:24,543.77
2022-03-28 21:18:29,543.86
2022-03-28 21:18:34,543.93
2022-03-28 21:18:39,543.93
2022-03-28 21:18:44,543.99
2022-03-28 21:18:49,544.06
2022-03-28 21:18:54,544.15
2022-03-28 21:18:59,544.15
2022-03-28 21:19:04,544.28
2022-03-28 21:19:09,544.28
2022-03-28 21:19:14,544.38
2022-03-28 21:19:19,544.38
2022-03-28 21:19:24,544.51
2022-03-28 21:19:29,544.51
2022-03-28 21:19:34,544.57
2022-03-28 21:19:39,544.64
2022-03-28 21:19:44,544.67
2022-03-28 21:19:49,544.66
2022-03-28 21:19:54,544.79
2022-03-28 21:19:59,544.73
2022-03-28 21:20:04,544.86
2022-03-28 21:20:09,544.89
2022-03-28 21:20:14,544.95
2022-03-28 21:20:19,544.95
2022-03-28 21:20:24,545.01
2022-03-28 21:20:29,545.08
2022-03-28 21:20:34,545.18
2022-03-28 21:20:39,545.18
2022-03-28 21:20:44,545.24
2022-03-28 21:20:49,545.3
2022-03-28 21:20:54,545.37
2022-03-28 21:20:59,545.37
2022-03-28 21:21:04,545.4
2022-03-28 21:21:09,545.46
2022-03-28 21:21:14,545.53
2022-03-28 21:21:19,545.53
2022-03-28 21:21:24,545.59
2022-03-28 21:21:29,537.71
2022-03-28 21:21:34,545.66
2022-03-28 21:21:39,545.76
2022-03-28 21:21:44,545.75
2022-03-28 21:21:49,545.82
2022-03-28 21:21:54,545.88
2022-03-28 21:21:59,545.88
2022-03-28 21:22:04,545.92
2022-03-28 21:22:09,545.98
2022-03-28 21:22:14,546.04
2022-03-28 21:22:19,546.04
2022-03-28 21:22:24,546.11
2022-03-28 21:22:29,546.17
2022-03-28 21:22:34,546.17
2022-03-28 21:22:39,546.21
2022-03-28 21:22:44,546.27
2022-03-28 21:22:49,546.27
2022-03-28 21:22:54,546.27
2022-03-28 21:22:59,546.34
2022-03-28 21:23:04,546.34
2022-03-28 21:23:09,546.34
2022-03-28 21:23:14,546.34
2022-03-28 21:23:19,546.4
2022-03-28 21:23:24,546.4
2022-03-28 21:23:29,546.4
2022-03-28 21:23:34,546.41
2022-03-28 21:23:39,546.41
2022-03-28 21:23:44,546.41
2022-03-28 21:23:49,546.34
2022-03-28 21:23:54,546.34
2022-03-28 21:23:59,546.28
2022-03-28 21:24:04,546.34
2022-03-28 21:24:09,546.28
2022-03-28 21:24:14,546.28
2022-03-28 21:24:19,546.22
2022-03-28 21:24:24,546.19
2022-03-28 21:24:29,546.12
2022-03-28 21:24:34,546.06
2022-03-28 21:24:39,546.0
2022-03-28 21:24:44,545.9
2022-03-28 21:24:49,545.84
2022-03-28 21:24:54,545.71
2022-03-28 21:24:59,545.68
2022-03-28 21:25:04,545.49
2022-03-28 21:25:09,545.42
2022-03-28 21:25:14,545.26
2022-03-28 21:25:19,545.17
2022-03-28 21:25:24,545.04
2022-03-28 21:25:29,544.88
2022-03-28 21:25:34,544.75
2022-03-28 21:25:39,544.59
2022-03-28 21:25:44,544.46
2022-03-28 21:25:49,544.3
2022-03-28 21:25:54,544.14
2022-03-28 21:25:59,544.02
2022-03-28 21:26:04,543.86
2022-03-28 21:26:09,543.67
2022-03-28 21:26:14,543.57
2022-03-28 21:26:19,543.38
2022-03-28 21:26:24,543.28
2022-03-28 21:26:29,543.12
2022-03-28 21:26:34,542.93
2022-03-28 21:26:39,542.83
2022-03-28 21:26:44,542.64
2022-03-28 21:26:49,542.54
2022-03-28 21:26:54,542.35
2022-03-28 21:26:59,542.26
2022-03-28 21:27:04,542.13
2022-03-28 21:27:09,542.03
2022-03-28 21:27:14,541.9
2022-03-28 21:27:19,541.81
2022-03-28 21:27:24,541.68
2022-03-28 21:27:29,541.62
2022-03-28 21:27:34,541.52
2022-03-28 21:27:39,541.39
2022-03-28 21:27:44,541.33
2022-03-28 21:27:49,541.29
2022-03-28 21:27:54,541.16
2022-03-28 21:27:59,541.17
2022-03-28 21:28:04,541.07
2022-03-28 21:28:09,541.01
2022-03-28 21:28:14,540.94
2022-03-28 21:28:19,540.94
2022-03-28 21:28:24,540.88
2022-03-28 21:28:29,540.78
2022-03-28 21:28:34,540.78
2022-03-28 21:28:39,540.78
2022-03-28 21:28:44,540.72
2022-03-28 21:28:49,540.65
2022-03-28 21:28:54,540.65
2022-03-28 21:28:59,540.56
2022-03-28 21:29:04,540.59
2022-03-28 21:29:09,540.56
2022-03-28 21:29:14,540.56
2022-03-28 21:29:19,540.56
2022-03-28 21:29:24,540.56
2022-03-28 21:29:29,540.56
2022-03-28 21:29:34,540.56
2022-03-28 21:29:39,540.49
2022-03-28 21:29:44,540.56
2022-03-28 21:29:49,540.56
2022-03-28 21:29:54,540.5
2022-03-28 21:29:59,540.56
2022-03-28 21:30:04,540.49
2022-03-28 21:30:09,540.49
2022-03-28 21:30:14,540.49
2022-03-28 21:30:19,540.59
2022-03-28 21:30:24,540.56
2022-03-28 21:30:29,540.56
2022-03-28 21:30:34,540.59
2022-03-28 21:30:39,540.56
2022-03-28 21:30:44,540.56
2022-03-28 21:30:49,540.56
2022-03-28 21:30:54,540.55
2022-03-28 21:30:59,540.59
2022-03-28 21:31:04,540.59
2022-03-28 21:31:09,540.58
2022-03-28 21:31:14,540.55
2022-03-28 21:31:19,540.59
2022-03-28 21:31:24,540.58
2022-03-28 21:31:29,540.55
2022-03-28 21:31:34,540.55
2022-03-28 21:31:39,540.55
2022-03-28 21:31:44,540.58
2022-03-28 21:31:49,540.55
2022-03-28 21:31:54,540.55
2022-03-28 21:31:59,540.55
2022-03-28 21:32:04,540.59
2022-03-28 21:32:09,540.58
2022-03-28 21:32:14,540.58
2022-03-28 21:32:19,540.58
2022-03-28 21:32:24,540.65
2022-03-28 21:32:29,540.65
2022-03-28 21:32:34,540.65
2022-03-28 21:32:39,540.71
2022-03-28 21:32:44,540.71
2022-03-28 21:32:49,540.71
2022-03-28 21:32:54,540.78
2022-03-28 21:32:59,540.71
2022-03-28 21:33:04,540.81
2022-03-28 21:33:09,540.78
2022-03-28 21:33:14,540.81
2022-03-28 21:33:19,540.81
2022-03-28 21:33:24,540.81
2022-03-28 21:33:29,537.71
2022-03-28 21:33:34,540.88
2022-03-28 21:33:39,540.94
2022-03-28 21:33:44,540.94
2022-03-28 21:33:49,540.88
2022-03-28 21:33:54,541.01
2022-03-28 21:33:59,541.01
2022-03-28 21:34:04,541.07
2022-03-28 21:34:09,541.08
2022-03-28 21:34:14,541.11
2022-03-28 21:34:19,541.17
2022-03-28 21:34:24,541.17
2022-03-28 21:34:29,541.24
2022-03-28 21:34:34,541.24
2022-03-28 21:34:39,541.3
2022-03-28 21:34:44,541.34
2022-03-28 21:34:49,541.4
2022-03-28 21:34:54,541.4
2022-03-28 21:34:59,541.47
2022-03-28 21:35:04,541.47
2022-03-28 21:35:09,541.6
2022-03-28 21:35:14,541.6
2022-03-28 21:35:19,541.6
2022-03-28 21:35:24,541.63
2022-03-28 21:35:29,541.7
2022-03-28 21:35:34,541.7
2022-03-28 21:35:39,541.7
2022-03-28 21:35:44,541.77
2022-03-28 21:35:49,541.83
2022-03-28 21:35:54,541.83
2022-03-28 21:35:59,541.83
2022-03-28 21:36:04,541.84
2022-03-28 21:36:09,541.83
2022-03-28 21:36:14,541.84
2022-03-28 21:36:19,541.87
2022-03-28 21:36:24,541.87
2022-03-28 21:36:29,541.87
2022-03-28 21:36:34,541.87
2022-03-28 21:36:39,541.88
2022-03-28 21:36:44,541.87
2022-03-28 21:36:49,541.94
2022-03-28 21:36:54,541.88
2022-03-28 21:36:59,541.88
2022-03-28 21:37:04,541.88
2022-03-28 21:37:09,541.88
2022-03-28 21:37:14,541.88
2022-03-28 21:37:19,541.88
2022-03-28 21:37:24,541.88
2022-03-28 21:37:29,541.88
2022-03-28 21:37:34,541.88
2022-03-28 21:37:39,541.88
2022-03-28 21:37:44,541.89
2022-03-28 21:37:49,541.85
2022-03-28 21:37:54,541.85
2022-03-28 21:37:59,541.89
2022-03-28 21:38:04,541.89
2022-03-28 21:38:09,541.86
2022-03-28 21:38:14,541.86
2022-03-28 21:38:19,541.89
2022-03-28 21:38:24,541.89
2022-03-28 21:38:29,541.86
2022-03-28 21:38:34,541.86
2022-03-28 21:38:39,541.86
2022-03-28 21:38:44,541.86
2022-03-28 21:38:49,541.86
2022-03-28 21:38:54,541.89
2022-03-28 21:38:59,541.86
2022-03-28 21:39:04,541.86
2022-03-28 21:39:09,541.86
2022-03-28 21:39:14,541.86
2022-03-28 21:39:19,541.86
2022-03-28 21:39:24,541.89
2022-03-28 21:39:29,541.89
2022-03-28 21:39:34,541.89
2022-03-28 21:39:39,541.89
2022-03-28 21:39:44,541.96
2022-03-28 21:39:49,541.89
2022-03-28 21:39:54,541.96
2022-03-28 21:39:59,542.02
2022-03-28 21:40:04,542.02
2022-03-28 21:40:09,542.02
2022-03-28 21:40:14,541.96
2022-03-28 21:40:19,542.02
2022-03-28 21:40:24,542.09
2022-03-28 21:40:29,542.09
2022-03-28 21:40:34,542.08
2022-03-28 21:40:39,542.09
2022-03-28 21:40:44,542.09
2022-03-28 21:40:49,542.15
2022-03-28 21:40:54,542.15
2022-03-28 21:40:59,542.15
2022-03-28 21:41:04,542.25
2022-03-28 21:41:09,542.25
2022-03-28 21:41:14,542.18
2022-03-28 21:41:19,542.24
2022-03-28 21:41:24,542.24
2022-03-28 21:41:29,542.24
2022-03-28 21:41:34,542.31
2022-03-28 21:41:39,542.31
2022-03-28 21:41:44,542.31
2022-03-28 21:41:49,542.37
2022-03-28 21:41:54,542.31
2022-03-28 21:41:59,542.37
2022-03-28 21:42:04,542.37
2022-03-28 21:42:09,542.37
2022-03-28 21:42:14,542.4
2022-03-28 21:42:19,542.4
2022-03-28 21:42:24,542.4
2022-03-28 21:42:29,542.47
2022-03-28 21:42:34,542.4
2022-03-28 21:42:39,542.47
2022-03-28 21:42:44,542.47
2022-03-28 21:42:49,542.53
2022-03-28 21:42:54,542.53
2022-03-28 21:42:59,542.59
2022-03-28 21:43:04,542.6
2022-03-28 21:43:09,542.59
2022-03-28 21:43:14,542.6
2022-03-28 21:43:19,542.6
2022-03-28 21:43:24,542.6
2022-03-28 21:43:29,542.6
2022-03-28 21:43:34,542.6
2022-03-28 21:43:39,542.6
2022-03-28 21:43:44,542.6
2022-03-28 21:43:49,542.6
2022-03-28 21:43:54,542.66
2022-03-28 21:43:59,542.6
2022-03-28 21:44:04,542.6
2022-03-28 21:44:09,542.6
2022-03-28 21:44:14,542.6
2022-03-28 21:44:19,542.54
2022-03-28 21:44:24,542.53
2022-03-28 21:44:29,542.6
2022-03-28 21:44:34,542.54
2022-03-28 21:44:39,542.48
2022-03-28 21:44:44,542.54
2022-03-28 21:44:49,542.54
2022-03-28 21:44:54,542.48
2022-03-28 21:44:59,542.48
2022-03-28 21:45:04,542.54
2022-03-28 21:45:09,542.48
2022-03-28 21:45:14,542.54
2022-03-28 21:45:19,542.48
2022-03-28 21:45:24,537.71
2022-03-28 21:45:29,542.48
2022-03-28 21:45:34,542.48
2022-03-28 21:45:39,542.48
2022-03-28 21:45:44,542.48
2022-03-28 21:45:49,542.48
2022-03-28 21:45:54,542.48
2022-03-28 21:45:59,542.42
2022-03-28 21:46:04,542.42
2022-03-28 21:46:09,542.42
2022-03-28 21:46:14,542.42
2022-03-28 21:46:19,542.39
2022-03-28 21:46:24,542.39
2022-03-28 21:46:29,542.42
2022-03-28 21:46:34,542.39
2022-03-28 21:46:39,542.39
2022-03-28 21:46:44,542.4
2022-03-28 21:46:49,542.39
2022-03-28 21:46:54,542.33
2022-03-28 21:46:59,542.27
2022-03-28 21:47:04,542.33
2022-03-28 21:47:09,542.27
2022-03-28 21:47:14,542.27
2022-03-28 21:47:19,542.27
2022-03-28 21:47:24,542.21
2022-03-28 21:47:29,542.21
2022-03-28 21:47:34,542.21
2022-03-28 21:47:39,542.21
2022-03-28 21:47:44,542.18
2022-03-28 21:47:49,542.21
2022-03-28 21:47:54,542.18
2022-03-28 21:47:59,542.11
2022-03-28 21:48:04,542.11
2022-03-28 21:48:09,542.05
2022-03-28 21:48:14,542.11
2022-03-28 21:48:19,542.05
2022-03-28 21:48:24,542.05
2022-03-28 21:48:29,542.05
2022-03-28 21:48:34,541.99
2022-03-28 21:48:39,541.92
2022-03-28 21:48:44,541.92
2022-03-28 21:48:49,541.89
2022-03-28 21:48:54,541.83
2022-03-28 21:48:59,541.76
2022-03-28 21:49:04,541.76
2022-03-28 21:49:09,541.7
2022-03-28 21:49:14,541.7
2022-03-28 21:49:19,541.7
2022-03-28 21:49:24,541.6
2022-03-28 21:49:29,541.6
2022-03-28 21:49:34,541.54
2022-03-28 21:49:39,541.54
2022-03-28 21:49:44,541.47
2022-03-28 21:49:49,541.38
2022-03-28 21:49:54,541.41
2022-03-28 21:49:59,541.38
2022-03-28 21:50:04,541.31
2022-03-28 21:50:09,541.24
2022-03-28 21:50:14,541.18
2022-03-28 21:50:19,541.15
2022-03-28 21:50:24,541.15
2022-03-28 21:50:29,541.08
2022-03-28 21:50:34,540.95
2022-03-28 21:50:39,540.96
2022-03-28 21:50:44,540.89
2022-03-28 21:50:49,540.8
2022-03-28 21:50:54,540.8
2022-03-28 21:50:59,540.66
2022-03-28 21:51:04,540.66
2022-03-28 21:51:09,540.63
2022-03-28 21:51:14,540.57
2022-03-28 21:51:19,540.5
2022-03-28 21:51:24,540.37
2022-03-28 21:51:29,540.37
2022-03-28 21:51:34,540.27
2022-03-28 21:51:39,540.21
2022-03-28 21:51:44,540.15
2022-03-28 21:51:49,540.15
2022-03-28 21:51:54,540.04
2022-03-28 21:51:59,539.98
2022-03-28 21:52:04,539.92
2022-03-28 21:52:09,539.86
2022-03-28 21:52:14,539.82
2022-03-28 21:52:19,539.76
2022-03-28 21:52:24,539.63
2022-03-28 21:52:29,539.63
2022-03-28 21:52:34,539.6
2022-03-28 21:52:39,539.53
2022-03-28 21:52:44,539.53
2022-03-28 21:52:49,539.4
2022-03-28 21:52:54,539.4
2022-03-28 21:52:59,539.34
2022-03-28 21:53:04,539.3
2022-03-28 21:53:09,539.24
2022-03-28 21:53:14,539.17
2022-03-28 21:53:19,539.17
2022-03-28 21:53:24,539.17
2022-03-28 21:53:29,539.08
2022-03-28 21:53:34,539.11
2022-03-28 21:53:39,539.07
2022-03-28 21:53:44,539.01
2022-03-28 21:53:49,539.01
2022-03-28 21:53:54,539.01
2022-03-28 21:53:59,539.01
2022-03-28 21:54:04,539.01
2022-03-28 21:54:09,538.95
2022-03-28 21:54:14,538.95
2022-03-28 21:54:19,538.95
2022-03-28 21:54:24,538.95
2022-03-28 21:54:29,538.95
2022-03-28 21:54:34,538.88
2022-03-28 21:54:39,538.95
2022-03-28 21:54:44,538.95
2022-03-28 21:54:49,538.88
2022-03-28 21:54:54,538.89
2022-03-28 21:54:59,538.89
2022-03-28 21:55:04,538.89
2022-03-28 21:55:09,538.89
2022-03-28 21:55:14,538.89
2022-03-28 21:55:19,538.89
2022-03-28 21:55:24,538.82
2022-03-28 21:55:29,538.89
2022-03-28 21:55:34,538.83
2022-03-28 21:55:39,538.83
2022-03-28 21:55:44,538.83
2022-03-28 21:55:49,538.79
2022-03-28 21:55:54,538.79
2022-03-28 21:55:59,538.83
2022-03-28 21:56:04,538.83
2022-03-28 21:56:09,538.89
2022-03-28 21:56:14,538.8
2022-03-28 21:56:19,538.8
2022-03-28 21:56:24,538.8
2022-03-28 21:56:29,538.8
2022-03-28 21:56:34,538.8
2022-03-28 21:56:39,538.8
2022-03-28 21:56:44,538.8
2022-03-28 21:56:49,538.8
2022-03-28 21:56:54,538.84
2022-03-28 21:56:59,538.84
2022-03-28 21:57:04,538.9
2022-03-28 21:57:09,538.84
2022-03-28 21:57:14,538.91
2022-03-28 21:57:19,538.84
2022-03-28 21:57:24,538.84
2022-03-28 21:57:29,538.85
2022-03-28 21:57:34,538.84
2022-03-28 21:57:39,538.84
2022-03-28 21:57:44,538.91
2022-03-28 21:57:49,538.98
2022-03-28 21:57:54,538.91
2022-03-28 21:57:59,538.91
2022-03-28 21:58:04,538.91
2022-03-28 21:58:09,538.98
2022-03-28 21:58:14,538.98
2022-03-28 21:58:19,538.98
2022-03-28 21:58:24,538.98
2022-03-28 21:58:29,538.98
2022-03-28 21:58:34,538.92
2022-03-28 21:58:39,539.05
2022-03-28 21:58:44,538.99
2022-03-28 21:58:49,539.05
2022-03-28 21:58:54,538.99
2022-03-28 21:58:59,539.06
2022-03-28 21:59:04,539.12
2022-03-28 21:59:09,539.06
2022-03-28 21:59:14,539.12
2022-03-28 21:59:19,539.06
2022-03-28 21:59:24,539.06
2022-03-28 21:59:29,539.12
2022-03-28 21:59:34,539.16
2022-03-28 21:59:39,539.13
2022-03-28 21:59:44,539.16
2022-03-28 21:59:49,539.16
2022-03-28 21:59:54,539.16
2022-03-28 21:59:59,539.16
2022-03-28 22:00:04,539.16
2022-03-28 22:00:09,539.16
2022-03-28 22:00:14,539.17
2022-03-28 22:00:19,539.23
2022-03-28 22:00:24,539.23
2022-03-28 22:00:29,539.23
2022-03-28 22:00:34,539.3
2022-03-28 22:00:39,539.36
2022-03-28 22:00:44,539.36
2022-03-28 22:00:49,539.37
2022-03-28 22:00:54,539.37
2022-03-28 22:00:59,539.37
2022-03-28 22:01:04,539.37
2022-03-28 22:01:09,539.4
2022-03-28 22:01:14,539.4
2022-03-28 22:01:19,539.4
2022-03-28 22:01:24,539.4
2022-03-28 22:01:29,539.4
2022-03-28 22:01:34,539.4
2022-03-28 22:01:39,539.47
2022-03-28 22:01:44,539.4
2022-03-28 22:01:49,539.41
2022-03-28 22:01:54,539.47
2022-03-28 22:01:59,539.41
2022-03-28 22:02:04,539.41
2022-03-28 22:02:09,539.41
2022-03-28 22:02:14,539.41
2022-03-28 22:02:19,539.41
2022-03-28 22:02:24,539.42
2022-03-28 22:02:29,539.42
2022-03-28 22:02:34,539.48
2022-03-28 22:02:39,539.48
2022-03-28 22:02:44,539.48
2022-03-28 22:02:49,539.48
2022-03-28 22:02:54,539.55
2022-03-28 22:02:59,539.55
2022-03-28 22:03:04,539.61
2022-03-28 22:03:09,539.61
2022-03-28 22:03:14,539.68
2022-03-28 22:03:19,539.68
2022-03-28 22:03:24,539.68
2022-03-28 22:03:29,539.68
2022-03-28 22:03:34,539.72
2022-03-28 22:03:39,539.78
2022-03-28 22:03:44,539.78
2022-03-28 22:03:49,539.85
2022-03-28 22:03:54,539.85
2022-03-28 22:03:59,539.91
2022-03-28 22:04:04,539.92
2022-03-28 22:04:09,539.95
2022-03-28 22:04:14,540.01
2022-03-28 22:04:19,540.08
2022-03-28 22:04:24,540.08
2022-03-28 22:04:29,540.08
2022-03-28 22:04:34,540.08
2022-03-28 22:04:39,540.15
2022-03-28 22:04:44,540.21
2022-03-28 22:04:49,540.25
2022-03-28 22:04:54,540.25
2022-03-28 22:04:59,540.32
2022-03-28 22:05:04,540.32
2022-03-28 22:05:09,540.38
2022-03-28 22:05:14,540.38
2022-03-28 22:05:19,540.45
2022-03-28 22:05:24,540.48
2022-03-28 22:05:29,540.48
2022-03-28 22:05:34,540.49
2022-03-28 22:05:39,540.62
2022-03-28 22:05:44,540.62
2022-03-28 22:05:49,540.68
2022-03-28 22:05:54,540.68
2022-03-28 22:05:59,540.69
2022-03-28 22:06:04,540.75
2022-03-28 22:06:09,540.75
2022-03-28 22:06:14,540.85
2022-03-28 22:06:19,540.85
2022-03-28 22:06:24,540.85
2022-03-28 22:06:29,540.86
2022-03-28 22:06:34,540.92
2022-03-28 22:06:39,540.92
2022-03-28 22:06:44,540.99
2022-03-28 22:06:49,540.92
2022-03-28 22:06:54,540.99
2022-03-28 22:06:59,541.02
2022-03-28 22:07:04,541.09
2022-03-28 22:07:09,541.15
2022-03-28 22:07:14,541.22
2022-03-28 22:07:19,541.22
2022-03-28 22:07:24,541.22
2022-03-28 22:07:29,541.29
2022-03-28 22:07:34,541.32
2022-03-28 22:07:39,541.32
2022-03-28 22:07:44,541.38
2022-03-28 22:07:49,541.39
2022-03-28 22:07:54,541.45
2022-03-28 22:07:59,541.45
2022-03-28 22:08:04,541.45
2022-03-28 22:08:09,541.52
2022-03-28 22:08:14,541.52
2022-03-28 22:08:19,541.55
2022-03-28 22:08:24,541.55
2022-03-28 22:08:29,541.61
2022-03-28 22:08:34,541.55
2022-03-28 22:08:39,541.68
2022-03-28 22:08:44,541.68
2022-03-28 22:08:49,541.74
2022-03-28 22:08:54,541.75
2022-03-28 22:08:59,541.81
2022-03-28 22:09:04,541.75
2022-03-28 22:09:09,541.84
2022-03-28 22:09:14,541.84
2022-03-28 22:09:19,541.84
2022-03-28 22:09:24,541.84
2022-03-28 22:09:29,541.91
2022-03-28 22:09:34,541.91
2022-03-28 22:09:39,541.91
2022-03-28 22:09:44,541.91
2022-03-28 22:09:49,541.91
2022-03-28 22:09:54,541.97
2022-03-28 22:09:59,541.97
2022-03-28 22:10:04,541.97
2022-03-28 22:10:09,541.97
2022-03-28 22:10:14,542.03
2022-03-28 22:10:19,542.04
2022-03-28 22:10:24,542.03
2022-03-28 22:10:29,541.97
2022-03-28 22:10:34,542.03
2022-03-28 22:10:39,542.06
2022-03-28 22:10:44,542.03
2022-03-28 22:10:49,542.06
2022-03-28 22:10:54,542.13
2022-03-28 22:10:59,542.19
2022-03-28 22:11:04,542.13
2022-03-28 22:11:09,542.13
2022-03-28 22:11:14,542.19
2022-03-28 22:11:19,542.19
2022-03-28 22:11:24,542.19
2022-03-28 22:11:29,542.26
2022-03-28 22:11:34,542.25
2022-03-28 22:11:39,542.32
2022-03-28 22:11:44,542.32
2022-03-28 22:11:49,542.35
2022-03-28 22:11:54,542.35
2022-03-28 22:11:59,542.35
2022-03-28 22:12:04,542.35
2022-03-28 22:12:09,542.41
2022-03-28 22:12:14,542.35
2022-03-28 22:12:19,542.41
2022-03-28 22:12:24,542.41
2022-03-28 22:12:29,542.41
2022-03-28 22:12:34,542.41
2022-03-28 22:12:39,542.47
2022-03-28 22:12:44,542.47
2022-03-28 22:12:49,542.47
2022-03-28 22:12:54,542.47
2022-03-28 22:12:59,542.47
2022-03-28 22:13:04,542.47
2022-03-28 22:13:09,542.47
2022-03-28 22:13:14,542.54
2022-03-28 22:13:19,542.54
2022-03-28 22:13:24,542.54
2022-03-28 22:13:29,542.54
2022-03-28 22:13:34,542.57
2022-03-28 22:13:39,542.57
2022-03-28 22:13:44,542.57
2022-03-28 22:13:49,542.63
2022-03-28 22:13:54,542.63
2022-03-28 22:13:59,542.63
2022-03-28 22:14:04,542.63
2022-03-28 22:14:09,542.7
2022-03-28 22:14:14,542.7
2022-03-28 22:14:19,542.76
2022-03-28 22:14:24,542.76
2022-03-28 22:14:29,542.76
2022-03-28 22:14:34,542.83
2022-03-28 22:14:39,542.83
2022-03-28 22:14:44,542.83
2022-03-28 22:14:49,542.83
2022-03-28 22:14:54,542.83
2022-03-28 22:14:59,542.83
2022-03-28 22:15:04,542.83
2022-03-28 22:15:09,542.77
2022-03-28 22:15:14,537.71
2022-03-28 22:15:19,542.83
2022-03-28 22:15:24,542.83
2022-03-28 22:15:29,542.83
2022-03-28 22:15:34,542.83
2022-03-28 22:15:39,542.77
2022-03-28 22:15:44,542.77
2022-03-28 22:15:49,542.77
2022-03-28 22:15:54,542.77
2022-03-28 22:15:59,542.77
2022-03-28 22:16:04,542.77
2022-03-28 22:16:09,542.77
2022-03-28 22:16:14,542.77
2022-03-28 22:16:19,542.77
2022-03-28 22:16:24,542.71
2022-03-28 22:16:29,542.71
2022-03-28 22:16:34,542.71
2022-03-28 22:16:39,542.64
2022-03-28 22:16:44,542.65
2022-03-28 22:16:49,542.58
2022-03-28 22:16:54,542.58
2022-03-28 22:16:59,542.58
2022-03-28 22:17:04,542.55
2022-03-28 22:17:09,542.55
2022-03-28 22:17:14,542.49
2022-03-28 22:17:19,542.49
2022-03-28 22:17:24,542.42
2022-03-28 22:17:29,542.36
2022-03-28 22:17:34,542.43
2022-03-28 22:17:39,542.33
2022-03-28 22:17:44,542.33
2022-03-28 22:17:49,542.26
2022-03-28 22:17:54,542.27
2022-03-28 22:17:59,542.2
2022-03-28 22:18:04,542.2
2022-03-28 22:18:09,542.2
2022-03-28 22:18:14,542.13
2022-03-28 22:18:19,542.07
2022-03-28 22:18:24,542.07
2022-03-28 22:18:29,542.04
2022-03-28 22:18:34,541.97
2022-03-28 22:18:39,541.97
2022-03-28 22:18:44,541.91
2022-03-28 22:18:49,541.84
2022-03-28 22:18:54,541.84
2022-03-28 22:18:59,541.81
2022-03-28 22:19:04,541.75
2022-03-28 22:19:09,541.68
2022-03-28 22:19:14,541.68
2022-03-28 22:19:19,541.62
2022-03-28 22:19:24,541.61
2022-03-28 22:19:29,541.52
2022-03-28 22:19:34,541.52
2022-03-28 22:19:39,541.52
2022-03-28 22:19:44,541.45
2022-03-28 22:19:49,541.45
2022-03-28 22:19:54,541.45
2022-03-28 22:19:59,541.39
2022-03-28 22:20:04,541.39
2022-03-28 22:20:09,541.32
2022-03-28 22:20:14,541.29
2022-03-28 22:20:19,541.29
2022-03-28 22:20:24,541.29
2022-03-28 22:20:29,541.29
2022-03-28 22:20:34,541.22
2022-03-28 22:20:39,541.22
2022-03-28 22:20:44,541.15
2022-03-28 22:20:49,541.15
2022-03-28 22:20:54,541.15
2022-03-28 22:20:59,541.15
2022-03-28 22:21:04,541.15
2022-03-28 22:21:09,541.15
2022-03-28 22:21:14,541.15
2022-03-28 22:21:19,541.15
2022-03-28 22:21:24,541.15
2022-03-28 22:21:29,541.15
2022-03-28 22:21:34,541.14
2022-03-28 22:21:39,541.14
2022-03-28 22:21:44,541.14
2022-03-28 22:21:49,541.21
2022-03-28 22:21:54,541.21
2022-03-28 22:21:59,541.21
2022-03-28 22:22:04,541.21
2022-03-28 22:22:09,541.27
2022-03-28 22:22:14,541.3
2022-03-28 22:22:19,541.3
2022-03-28 22:22:24,541.36
2022-03-28 22:22:29,541.36
2022-03-28 22:22:34,541.42
2022-03-28 22:22:39,541.49
2022-03-28 22:22:44,541.52
2022-03-28 22:22:49,541.52
2022-03-28 22:22:54,541.58
2022-03-28 22:22:59,541.64
2022-03-28 22:23:04,541.71
2022-03-28 22:23:09,541.77
2022-03-28 22:23:14,541.8
2022-03-28 22:23:19,541.8
2022-03-28 22:23:24,541.86
2022-03-28 22:23:29,541.93
2022-03-28 22:23:34,541.93
2022-03-28 22:23:39,541.99
2022-03-28 22:23:44,542.02
2022-03-28 22:23:49,542.09
2022-03-28 22:23:54,542.15
2022-03-28 22:23:59,542.22
2022-03-28 22:24:04,537.71
2022-03-28 22:24:09,542.31
2022-03-28 22:24:14,542.38
2022-03-28 22:24:19,542.44
2022-03-28 22:24:24,542.5
2022-03-28 22:24:29,542.54
2022-03-28 22:24:34,542.6
2022-03-28 22:24:39,542.66
2022-03-28 22:24:44,542.73
2022-03-28 22:24:49,542.79
2022-03-28 22:24:54,542.82
2022-03-28 22:24:59,542.89
2022-03-28 22:25:04,542.96
2022-03-28 22:25:09,543.02
2022-03-28 22:25:14,543.02
2022-03-28 22:25:19,543.05
2022-03-28 22:25:24,543.11
2022-03-28 22:25:29,543.24
2022-03-28 22:25:34,543.24
2022-03-28 22:25:39,543.34
2022-03-28 22:25:44,543.34
2022-03-28 22:25:49,543.47
2022-03-28 22:25:54,543.47
2022-03-28 22:25:59,543.53
2022-03-28 22:26:04,543.56
2022-03-28 22:26:09,543.63
2022-03-28 22:26:14,543.76
2022-03-28 22:26:19,543.76
2022-03-28 22:26:24,543.85
2022-03-28 22:26:29,543.92
2022-03-28 22:26:34,543.92
2022-03-28 22:26:39,544.05
2022-03-28 22:26:44,544.08
2022-03-28 22:26:49,544.08
2022-03-28 22:26:54,544.21
2022-03-28 22:26:59,544.28
2022-03-28 22:27:04,544.34
2022-03-28 22:27:09,544.37
2022-03-28 22:27:14,537.71
2022-03-28 22:27:19,544.44
2022-03-28 22:27:24,544.5
2022-03-28 22:27:29,544.57
2022-03-28 22:27:34,544.6
2022-03-28 22:27:39,544.66
2022-03-28 22:27:44,544.73
2022-03-28 22:27:49,544.79
2022-03-28 22:27:54,544.85
2022-03-28 22:27:59,544.85
2022-03-28 22:28:04,544.95
2022-03-28 22:28:09,544.95
2022-03-28 22:28:14,545.02
2022-03-28 22:28:19,545.08
2022-03-28 22:28:24,545.11
2022-03-28 22:28:29,545.17
2022-03-28 22:28:34,545.17
2022-03-28 22:28:39,545.24
2022-03-28 22:28:44,545.3
2022-03-28 22:28:49,537.71
2022-03-28 22:28:54,545.37
2022-03-28 22:28:59,545.4
2022-03-28 22:29:04,545.46
2022-03-28 22:29:09,545.46
2022-03-28 22:29:14,545.46
2022-03-28 22:29:19,545.52
2022-03-28 22:29:24,545.52
2022-03-28 22:29:29,545.59
2022-03-28 22:29:34,545.59
2022-03-28 22:29:39,545.59
2022-03-28 22:29:44,545.62
2022-03-28 22:29:49,545.62
2022-03-28 22:29:54,545.62
2022-03-28 22:29:59,545.62
2022-03-28 22:30:04,545.62
2022-03-28 22:30:09,545.62
2022-03-28 22:30:14,545.62
2022-03-28 22:30:19,545.61
2022-03-28 22:30:24,545.61
2022-03-28 22:30:29,545.61
2022-03-28 22:30:34,545.61
2022-03-28 22:30:39,545.61
2022-03-28 22:30:44,545.67
2022-03-28 22:30:49,545.67
2022-03-28 22:30:54,545.61
2022-03-28 22:30:59,545.61
2022-03-28 22:31:04,545.67
2022-03-28 22:31:09,545.67
2022-03-28 22:31:14,545.67
2022-03-28 22:31:19,545.74
2022-03-28 22:31:24,545.67
2022-03-28 22:31:29,545.67
2022-03-28 22:31:34,545.66
2022-03-28 22:31:39,545.67
2022-03-28 22:31:44,545.73
2022-03-28 22:31:49,545.73
2022-03-28 22:31:54,545.73
2022-03-28 22:31:59,545.72
2022-03-28 22:32:04,545.66
2022-03-28 22:32:09,545.79
2022-03-28 22:32:14,545.78
2022-03-28 22:32:19,545.78
2022-03-28 22:32:24,545.78
2022-03-28 22:32:29,545.84
2022-03-28 22:32:34,545.84
2022-03-28 22:32:39,545.84
2022-03-28 22:32:44,545.87
2022-03-28 22:32:49,545.84
2022-03-28 22:32:54,545.87
2022-03-28 22:32:59,545.87
2022-03-28 22:33:04,545.93
2022-03-28 22:33:09,545.93
2022-03-28 22:33:14,545.93
2022-03-28 22:33:19,545.99
2022-03-28 22:33:24,545.93
2022-03-28 22:33:29,545.93
2022-03-28 22:33:34,545.92
2022-03-28 22:33:39,545.86
2022-03-28 22:33:44,545.92
2022-03-28 22:33:49,545.86
2022-03-28 22:33:54,545.86
2022-03-28 22:33:59,545.82
2022-03-28 22:34:04,545.82
2022-03-28 22:34:09,545.82
2022-03-28 22:34:14,545.76
2022-03-28 22:34:19,545.76
2022-03-28 22:34:24,545.69
2022-03-28 22:34:29,545.69
2022-03-28 22:34:34,545.63
2022-03-28 22:34:39,545.56
2022-03-28 22:34:44,545.53
2022-03-28 22:34:49,545.46
2022-03-28 22:34:54,545.4
2022-03-28 22:34:59,545.4
2022-03-28 22:35:04,545.33
2022-03-28 22:35:09,545.3
2022-03-28 22:35:14,545.17
2022-03-28 22:35:19,545.17
2022-03-28 22:35:24,545.11
2022-03-28 22:35:29,545.01
2022-03-28 22:35:34,545.01
2022-03-28 22:35:39,545.01
2022-03-28 22:35:44,544.88
2022-03-28 22:35:49,544.81
2022-03-28 22:35:54,544.72
2022-03-28 22:35:59,544.78
2022-03-28 22:36:04,544.72
2022-03-28 22:36:09,544.72
2022-03-28 22:36:14,544.59
2022-03-28 22:36:19,544.59
2022-03-28 22:36:24,544.52
2022-03-28 22:36:29,544.49
2022-03-28 22:36:34,544.43
2022-03-28 22:36:39,544.36
2022-03-28 22:36:44,544.36
2022-03-28 22:36:49,544.26
2022-03-28 22:36:54,544.27
2022-03-28 22:36:59,544.2
2022-03-28 22:37:04,544.14
2022-03-28 22:37:09,544.07
2022-03-28 22:37:14,544.01
2022-03-28 22:37:19,543.98
2022-03-28 22:37:24,543.91
2022-03-28 22:37:29,543.85
2022-03-28 22:37:34,543.78
2022-03-28 22:37:39,543.78
2022-03-28 22:37:44,543.75
2022-03-28 22:37:49,543.75
2022-03-28 22:37:54,543.69
2022-03-28 22:37:59,543.69
2022-03-28 22:38:04,543.69
2022-03-28 22:38:09,543.62
2022-03-28 22:38:14,543.56
2022-03-28 22:38:19,543.49
2022-03-28 22:38:24,543.5
2022-03-28 22:38:29,543.5
2022-03-28 22:38:34,543.46
2022-03-28 22:38:39,543.4
2022-03-28 22:38:44,543.4
2022-03-28 22:38:49,543.34
2022-03-28 22:38:54,543.27
2022-03-28 22:38:59,543.24
2022-03-28 22:39:04,543.17
2022-03-28 22:39:09,543.11
2022-03-28 22:39:14,543.11
2022-03-28 22:39:19,543.04
2022-03-28 22:39:24,542.98
2022-03-28 22:39:29,542.98
2022-03-28 22:39:34,542.88
2022-03-28 22:39:39,542.88
2022-03-28 22:39:44,542.82
2022-03-28 22:39:49,542.75
2022-03-28 22:39:54,542.72
2022-03-28 22:39:59,542.72
2022-03-28 22:40:04,542.59
2022-03-28 22:40:09,542.52
2022-03-28 22:40:14,542.52
2022-03-28 22:40:19,542.52
2022-03-28 22:40:24,542.45
2022-03-28 22:40:29,542.42
2022-03-28 22:40:34,542.36
2022-03-28 22:40:39,542.29
2022-03-28 22:40:44,542.23
2022-03-28 22:40:49,542.19
2022-03-28 22:40:54,542.19
2022-03-28 22:40:59,542.19
2022-03-28 22:41:04,542.07
2022-03-28 22:41:09,542.07
2022-03-28 22:41:14,542.06
2022-03-28 22:41:19,542.0
2022-03-28 22:41:24,541.93
2022-03-28 22:41:29,541.9
2022-03-28 22:41:34,541.9
2022-03-28 22:41:39,541.9
2022-03-28 22:41:44,541.83
2022-03-28 22:41:49,541.77
2022-03-28 22:41:54,541.77
2022-03-28 22:41:59,541.76
2022-03-28 22:42:04,541.67
2022-03-28 22:42:09,541.6
2022-03-28 22:42:14,541.6
2022-03-28 22:42:19,541.47
2022-03-28 22:42:24,541.41
2022-03-28 22:42:29,541.37
2022-03-28 22:42:34,541.31
2022-03-28 22:42:39,541.18
2022-03-28 22:42:44,541.14
2022-03-28 22:42:49,541.14
2022-03-28 22:42:54,541.01
2022-03-28 22:42:59,540.88
2022-03-28 22:43:04,540.85
2022-03-28 22:43:09,540.72
2022-03-28 22:43:14,540.65
2022-03-28 22:43:19,540.56
2022-03-28 22:43:24,540.49
2022-03-28 22:43:29,540.36
2022-03-28 22:43:34,540.33
2022-03-28 22:43:39,540.2
2022-03-28 22:43:44,540.1
2022-03-28 22:43:49,540.03
2022-03-28 22:43:54,539.9
2022-03-28 22:43:59,539.81
2022-03-28 22:44:04,539.67
2022-03-28 22:44:09,539.57
2022-03-28 22:44:14,539.45
2022-03-28 22:44:19,539.31
2022-03-28 22:44:24,539.22
2022-03-28 22:44:29,539.09
2022-03-28 22:44:34,538.99
2022-03-28 22:44:39,538.8
2022-03-28 22:44:44,538.7
2022-03-28 22:44:49,538.54
2022-03-28 22:44:54,538.41
2022-03-28 22:44:59,538.25
2022-03-28 22:45:04,538.12
2022-03-28 22:45:09,537.96
2022-03-28 22:45:14,537.83
2022-03-28 22:45:19,537.67
2022-03-28 22:45:24,537.54
2022-03-28 22:45:29,537.44
2022-03-28 22:45:34,537.25
2022-03-28 22:45:39,537.15
2022-03-28 22:45:44,536.99
2022-03-28 22:45:49,536.86
2022-03-28 22:45:54,536.69
2022-03-28 22:45:59,536.57
2022-03-28 22:46:04,536.47
2022-03-28 22:46:09,536.34
2022-03-28 22:46:14,536.18
2022-03-28 22:46:19,535.99
2022-03-28 22:46:24,535.82
2022-03-28 22:46:29,535.7
2022-03-28 22:46:34,535.53
2022-03-28 22:46:39,535.44
2022-03-28 22:46:44,535.31
2022-03-28 22:46:49,535.15
2022-03-28 22:46:54,534.95
2022-03-28 22:46:59,534.79
2022-03-28 22:47:04,534.66
2022-03-28 22:47:09,534.57
2022-03-28 22:47:14,534.41
2022-03-28 22:47:19,534.28
2022-03-28 22:47:24,534.12
2022-03-28 22:47:29,533.92
2022-03-28 22:47:34,533.83
2022-03-28 22:47:39,533.63
2022-03-28 22:47:44,533.6
2022-03-28 22:47:49,533.38
2022-03-28 22:47:54,533.38
2022-03-28 22:47:59,533.18
2022-03-28 22:48:04,533.09
2022-03-28 22:48:09,533.02
2022-03-28 22:48:14,532.86
2022-03-28 22:48:19,532.73
2022-03-28 22:48:24,532.6
2022-03-28 22:48:29,532.51
2022-03-28 22:48:34,532.38
2022-03-28 22:48:39,532.28
2022-03-28 22:48:44,532.15
2022-03-28 22:48:49,532.06
2022-03-28 22:48:54,531.93
2022-03-28 22:48:59,531.83
2022-03-28 22:49:04,531.7
2022-03-28 22:49:09,531.58
2022-03-28 22:49:14,531.48
2022-03-28 22:49:19,531.35
2022-03-28 22:49:24,531.32
2022-03-28 22:49:29,531.19
2022-03-28 22:49:34,531.06
2022-03-28 22:49:39,530.97
2022-03-28 22:49:44,530.9
2022-03-28 22:49:49,530.83
2022-03-28 22:49:54,530.74
2022-03-28 22:49:59,530.68
2022-03-28 22:50:04,530.55
2022-03-28 22:50:09,530.51
2022-03-28 22:50:14,530.51
2022-03-28 22:50:19,530.45
2022-03-28 22:50:24,530.39
2022-03-28 22:50:29,530.29
2022-03-28 22:50:34,530.29
2022-03-28 22:50:39,530.22
2022-03-28 22:50:44,530.16
2022-03-28 22:50:49,530.16
2022-03-28 22:50:54,530.09
2022-03-28 22:50:59,530.09
2022-03-28 22:51:04,530.03
2022-03-28 22:51:09,530.03
2022-03-28 22:51:14,530.03
2022-03-28 22:51:19,530.03
2022-03-28 22:51:24,530.03
2022-03-28 22:51:29,529.99
2022-03-28 22:51:34,529.99
2022-03-28 22:51:39,529.99
2022-03-28 22:51:44,529.99
2022-03-28 22:51:49,529.99
2022-03-28 22:51:54,529.93
2022-03-28 22:51:59,529.92
2022-03-28 22:52:04,529.92
2022-03-28 22:52:09,529.99
2022-03-28 22:52:14,529.99
2022-03-28 22:52:19,529.99
2022-03-28 22:52:24,530.02
2022-03-28 22:52:29,530.02
2022-03-28 22:52:34,530.02
2022-03-28 22:52:39,530.08
2022-03-28 22:52:44,530.02
2022-03-28 22:52:49,530.08
2022-03-28 22:52:54,530.14
2022-03-28 22:52:59,530.14
2022-03-28 22:53:04,530.21
2022-03-28 22:53:09,530.21
2022-03-28 22:53:14,530.27
2022-03-28 22:53:19,530.26
2022-03-28 22:53:24,530.3
2022-03-28 22:53:29,530.36
2022-03-28 22:53:34,530.36
2022-03-28 22:53:39,530.42
2022-03-28 22:53:44,530.49
2022-03-28 22:53:49,530.51
2022-03-28 22:53:54,530.58
2022-03-28 22:53:59,530.71
2022-03-28 22:54:04,530.77
2022-03-28 22:54:09,530.8
2022-03-28 22:54:14,530.93
2022-03-28 22:54:19,531.03
2022-03-28 22:54:24,531.15
2022-03-28 22:54:29,531.22
2022-03-28 22:54:34,531.32
2022-03-28 22:54:39,531.38
2022-03-28 22:54:44,531.51
2022-03-28 22:54:49,531.54
2022-03-28 22:54:54,531.66
2022-03-28 22:54:59,531.73
2022-03-28 22:55:04,531.79
2022-03-28 22:55:09,531.88
2022-03-28 22:55:14,532.01
2022-03-28 22:55:19,532.04
2022-03-28 22:55:24,532.11
2022-03-28 22:55:29,532.11
2022-03-28 22:55:34,532.24
2022-03-28 22:55:39,532.3
2022-03-28 22:55:44,532.4
2022-03-28 22:55:49,532.4
2022-03-28 22:55:54,532.52
2022-03-28 22:55:59,532.56
2022-03-28 22:56:04,532.68
2022-03-28 22:56:09,532.68
2022-03-28 22:56:14,532.74
2022-03-28 22:56:19,532.81
2022-03-28 22:56:24,532.91
2022-03-28 22:56:29,532.97
2022-03-28 22:56:34,533.03
2022-03-28 22:56:39,533.07
2022-03-28 22:56:44,533.13
2022-03-28 22:56:49,533.19
2022-03-28 22:56:54,533.26
2022-03-28 22:56:59,533.32
2022-03-28 22:57:04,533.42
2022-03-28 22:57:09,533.42
2022-03-28 22:57:14,533.55
2022-03-28 22:57:19,533.58
2022-03-28 22:57:24,533.71
2022-03-28 22:57:29,533.77
2022-03-28 22:57:34,533.87
2022-03-28 22:57:39,533.93
2022-03-28 22:57:44,534.0
2022-03-28 22:57:49,534.09
2022-03-28 22:57:54,534.16
2022-03-28 22:57:59,534.22
2022-03-28 22:58:04,534.29
2022-03-28 22:58:09,534.35
2022-03-28 22:58:14,534.38
2022-03-28 22:58:19,534.51
2022-03-28 22:58:24,534.57
2022-03-28 22:58:29,534.61
2022-03-28 22:58:34,534.67
2022-03-28 22:58:39,534.74
2022-03-28 22:58:44,534.8
2022-03-28 22:58:49,534.87
2022-03-28 22:58:54,534.9
2022-03-28 22:58:59,534.96
2022-03-28 22:59:04,535.03
2022-03-28 22:59:09,535.09
2022-03-28 22:59:14,535.19
2022-03-28 22:59:19,535.19
2022-03-28 22:59:24,535.25
2022-03-28 22:59:29,535.32
2022-03-28 22:59:34,535.38
2022-03-28 22:59:39,535.38
2022-03-28 22:59:44,535.42
2022-03-28 22:59:49,535.48
2022-03-28 22:59:54,535.48
2022-03-28 22:59:59,535.48
2022-03-28 23:00:04,535.55
2022-03-28 23:00:09,535.55
2022-03-28 23:00:14,535.61
2022-03-28 23:00:19,535.61
2022-03-28 23:00:24,535.61
2022-03-28 23:00:29,535.64
2022-03-28 23:00:34,535.64
2022-03-28 23:00:39,535.64
2022-03-28 23:00:44,535.64
2022-03-28 23:00:49,535.71
2022-03-28 23:00:54,535.71
2022-03-28 23:00:59,535.71
2022-03-28 23:01:04,535.71
2022-03-28 23:01:09,535.71
2022-03-28 23:01:14,535.71
2022-03-28 23:01:19,535.64
2022-03-28 23:01:24,535.65
2022-03-28 23:01:29,535.62
2022-03-28 23:01:34,535.65
2022-03-28 23:01:39,535.62
2022-03-28 23:01:44,535.62
2022-03-28 23:01:49,535.61
2022-03-28 23:01:54,535.55
2022-03-28 23:01:59,535.55
2022-03-28 23:02:04,535.55
2022-03-28 23:02:09,535.55
2022-03-28 23:02:14,535.48
2022-03-28 23:02:19,535.55
2022-03-28 23:02:24,535.49
2022-03-28 23:02:29,535.49
2022-03-28 23:02:34,535.55
2022-03-28 23:02:39,535.48
2022-03-28 23:02:44,535.55
2022-03-28 23:02:49,535.55
2022-03-28 23:02:54,535.55
2022-03-28 23:02:59,535.55
2022-03-28 23:03:04,535.61
2022-03-28 23:03:09,535.54
2022-03-28 23:03:14,535.61
2022-03-28 23:03:19,535.64
2022-03-28 23:03:24,535.64
2022-03-28 23:03:29,535.64
2022-03-28 23:03:34,535.64
2022-03-28 23:03:39,535.7
2022-03-28 23:03:44,535.7
2022-03-28 23:03:49,535.76
2022-03-28 23:03:54,535.83
2022-03-28 23:03:59,535.83
2022-03-28 23:04:04,535.89
2022-03-28 23:04:09,535.93
2022-03-28 23:04:14,535.99
2022-03-28 23:04:19,536.05
2022-03-28 23:04:24,536.12
2022-03-28 23:04:29,536.15
2022-03-28 23:04:34,536.21
2022-03-28 23:04:39,536.27
2022-03-28 23:04:44,536.4
2022-03-28 23:04:49,536.43
2022-03-28 23:04:54,536.5
2022-03-28 23:04:59,536.62
2022-03-28 23:05:04,536.66
2022-03-28 23:05:09,536.79
2022-03-28 23:05:14,536.85
2022-03-28 23:05:19,537.01
2022-03-28 23:05:24,537.01
2022-03-28 23:05:29,537.17
2022-03-28 23:05:34,537.17
2022-03-28 23:05:39,537.29
2022-03-28 23:05:44,537.42
2022-03-28 23:05:49,537.45
2022-03-28 23:05:54,537.58
2022-03-28 23:05:59,537.64
2022-03-28 23:06:04,537.74
2022-03-28 23:06:09,537.87
2022-03-28 23:06:14,538.03
2022-03-28 23:06:19,538.09
2022-03-28 23:06:24,538.15
2022-03-28 23:06:29,538.25
2022-03-28 23:06:34,538.37
2022-03-28 23:06:39,538.47
2022-03-28 23:06:44,538.6
2022-03-28 23:06:49,538.66
2022-03-28 23:06:54,538.7
2022-03-28 23:06:59,538.89
2022-03-28 23:07:04,538.95
2022-03-28 23:07:09,539.05
2022-03-28 23:07:14,539.11
2022-03-28 23:07:19,539.21
2022-03-28 23:07:24,539.27
2022-03-28 23:07:29,539.4
2022-03-28 23:07:34,539.5
2022-03-28 23:07:39,539.56
2022-03-28 23:07:44,539.62
2022-03-28 23:07:49,539.72
2022-03-28 23:07:54,539.85
2022-03-28 23:07:59,539.85
2022-03-28 23:08:04,539.98
2022-03-28 23:08:09,540.01
2022-03-28 23:08:14,540.07
2022-03-28 23:08:19,540.14
2022-03-28 23:08:24,540.2
2022-03-28 23:08:29,540.23
2022-03-28 23:08:34,540.3
2022-03-28 23:08:39,540.36
2022-03-28 23:08:44,540.36
2022-03-28 23:08:49,540.49
2022-03-28 23:08:54,540.49
2022-03-28 23:08:59,540.49
2022-03-28 23:09:04,540.58
2022-03-28 23:09:09,540.58
2022-03-28 23:09:14,540.58
2022-03-28 23:09:19,540.65
2022-03-28 23:09:24,540.71
2022-03-28 23:09:29,540.65
2022-03-28 23:09:34,540.71
2022-03-28 23:09:39,540.71
2022-03-28 23:09:44,540.75
2022-03-28 23:09:49,540.75
2022-03-28 23:09:54,540.81
2022-03-28 23:09:59,540.75
2022-03-28 23:10:04,540.81
2022-03-28 23:10:09,540.81
2022-03-28 23:10:14,540.87
2022-03-28 23:10:19,540.94
2022-03-28 23:10:24,540.94
2022-03-28 23:10:29,540.94
2022-03-28 23:10:34,540.94
2022-03-28 23:10:39,540.94
2022-03-28 23:10:44,540.94
2022-03-28 23:10:49,540.94
2022-03-28 23:10:54,540.94
2022-03-28 23:10:59,540.94
2022-03-28 23:11:04,540.94
2022-03-28 23:11:09,540.94
2022-03-28 23:11:14,540.94
2022-03-28 23:11:19,540.94
2022-03-28 23:11:24,540.94
2022-03-28 23:11:29,540.94
2022-03-28 23:11:34,540.88
2022-03-28 23:11:39,540.88
2022-03-28 23:11:44,540.88
2022-03-28 23:11:49,540.88
2022-03-28 23:11:54,540.88
2022-03-28 23:11:59,540.88
2022-03-28 23:12:04,540.88
2022-03-28 23:12:09,540.82
2022-03-28 23:12:14,540.82
2022-03-28 23:12:19,540.82
2022-03-28 23:12:24,540.82
2022-03-28 23:12:29,540.76
2022-03-28 23:12:34,540.82
2022-03-28 23:12:39,540.76
2022-03-28 23:12:44,540.76
2022-03-28 23:12:49,540.76
2022-03-28 23:12:54,540.76
2022-03-28 23:12:59,540.72
2022-03-28 23:13:04,540.73
2022-03-28 23:13:09,540.73
2022-03-28 23:13:14,540.73
2022-03-28 23:13:19,540.73
2022-03-28 23:13:24,540.73
2022-03-28 23:13:29,540.73
2022-03-28 23:13:34,540.73
2022-03-28 23:13:39,540.73
2022-03-28 23:13:44,540.73
2022-03-28 23:13:49,540.73
2022-03-28 23:13:54,540.73
2022-03-28 23:13:59,540.73
2022-03-28 23:14:04,540.73
2022-03-28 23:14:09,540.66
2022-03-28 23:14:14,540.73
2022-03-28 23:14:19,540.66
2022-03-28 23:14:24,540.73
2022-03-28 23:14:29,540.66
2022-03-28 23:14:34,540.72
2022-03-28 23:14:39,540.73
2022-03-28 23:14:44,540.66
2022-03-28 23:14:49,540.72
2022-03-28 23:14:54,540.72
2022-03-28 23:14:59,540.72
2022-03-28 23:15:04,540.72
2022-03-28 23:15:09,540.72
2022-03-28 23:15:14,540.76
2022-03-28 23:15:19,540.75
2022-03-28 23:15:24,540.75
2022-03-28 23:15:29,540.75
2022-03-28 23:15:34,540.82
2022-03-28 23:15:39,540.82
2022-03-28 23:15:44,540.82
2022-03-28 23:15:49,540.82
2022-03-28 23:15:54,540.88
2022-03-28 23:15:59,540.88
2022-03-28 23:16:04,540.87
2022-03-28 23:16:09,540.94
2022-03-28 23:16:14,540.94
2022-03-28 23:16:19,540.94
2022-03-28 23:16:24,541.0
2022-03-28 23:16:29,541.0
2022-03-28 23:16:34,541.03
2022-03-28 23:16:39,541.0
2022-03-28 23:16:44,541.09
2022-03-28 23:16:49,541.16
2022-03-28 23:16:54,541.09
2022-03-28 23:16:59,541.16
2022-03-28 23:17:04,541.22
2022-03-28 23:17:09,541.22
2022-03-28 23:17:14,541.25
2022-03-28 23:17:19,541.25
2022-03-28 23:17:24,541.25
2022-03-28 23:17:29,541.31
2022-03-28 23:17:34,541.38
2022-03-28 23:17:39,541.38
2022-03-28 23:17:44,541.37
2022-03-28 23:17:49,541.44
2022-03-28 23:17:54,541.44
2022-03-28 23:17:59,541.5
2022-03-28 23:18:04,541.5
2022-03-28 23:18:09,541.53
2022-03-28 23:18:14,541.53
2022-03-28 23:18:19,541.53
2022-03-28 23:18:24,541.59
2022-03-28 23:18:29,541.59
2022-03-28 23:18:34,541.59
2022-03-28 23:18:39,541.65
2022-03-28 23:18:44,541.72
2022-03-28 23:18:49,541.72
2022-03-28 23:18:54,541.72
2022-03-28 23:18:59,541.81
2022-03-28 23:19:04,541.88
2022-03-28 23:19:09,541.81
2022-03-28 23:19:14,541.94
2022-03-28 23:19:19,541.94
2022-03-28 23:19:24,541.94
2022-03-28 23:19:29,542.0
2022-03-28 23:19:34,542.04
2022-03-28 23:19:39,542.04
2022-03-28 23:19:44,542.1
2022-03-28 23:19:49,542.16
2022-03-28 23:19:54,542.16
2022-03-28 23:19:59,542.26
2022-03-28 23:20:04,542.26
2022-03-28 23:20:09,542.39
2022-03-28 23:20:14,542.39
2022-03-28 23:20:19,542.52
2022-03-28 23:20:24,542.55
2022-03-28 23:20:29,542.61
2022-03-28 23:20:34,542.68
2022-03-28 23:20:39,542.74
2022-03-28 23:20:44,542.84
2022-03-28 23:20:49,542.9
2022-03-28 23:20:54,542.97
2022-03-28 23:20:59,542.97
2022-03-28 23:21:04,543.07
2022-03-28 23:21:09,543.13
2022-03-28 23:21:14,543.2
2022-03-28 23:21:19,543.26
2022-03-28 23:21:24,543.29
2022-03-28 23:21:29,543.36
2022-03-28 23:21:34,543.42
2022-03-28 23:21:39,543.42
2022-03-28 23:21:44,543.48
2022-03-28 23:21:49,543.55
2022-03-28 23:21:54,543.58
2022-03-28 23:21:59,543.65
2022-03-28 23:22:04,543.71
2022-03-28 23:22:09,543.78
2022-03-28 23:22:14,543.81
2022-03-28 23:22:19,543.87
2022-03-28 23:22:24,543.94
2022-03-28 23:22:29,544.0
2022-03-28 23:22:34,544.07
2022-03-28 23:22:39,544.1
2022-03-28 23:22:44,544.1
2022-03-28 23:22:49,544.23
2022-03-28 23:22:54,544.29
2022-03-28 23:22:59,544.3
2022-03-28 23:23:04,544.33
2022-03-28 23:23:09,544.39
2022-03-28 23:23:14,544.46
2022-03-28 23:23:19,544.52
2022-03-28 23:23:24,544.59
2022-03-28 23:23:29,544.59
2022-03-28 23:23:34,544.62
2022-03-28 23:23:39,544.69
2022-03-28 23:23:44,544.75
2022-03-28 23:23:49,544.85
2022-03-28 23:23:54,544.91
2022-03-28 23:23:59,544.98
2022-03-28 23:24:04,545.04
2022-03-28 23:24:09,545.11
2022-03-28 23:24:14,545.14
2022-03-28 23:24:19,545.2
2022-03-28 23:24:24,545.27
2022-03-28 23:24:29,537.71
2022-03-28 23:24:34,545.36
2022-03-28 23:24:39,545.43
2022-03-28 23:24:44,545.5
2022-03-28 23:24:49,545.56
2022-03-28 23:24:54,545.56
2022-03-28 23:24:59,545.63
2022-03-28 23:25:04,545.66
2022-03-28 23:25:09,545.66
2022-03-28 23:25:14,545.72
2022-03-28 23:25:19,545.78
2022-03-28 23:25:24,545.85
2022-03-28 23:25:29,545.88
2022-03-28 23:25:34,545.88
2022-03-28 23:25:39,545.88
2022-03-28 23:25:44,545.94
2022-03-28 23:25:49,546.01
2022-03-28 23:25:54,546.07
2022-03-28 23:25:59,546.07
2022-03-28 23:26:04,546.14
2022-03-28 23:26:09,546.17
2022-03-28 23:26:14,546.13
2022-03-28 23:26:19,546.17
2022-03-28 23:26:24,546.23
2022-03-28 23:26:29,546.23
2022-03-28 23:26:34,546.23
2022-03-28 23:26:39,546.29
2022-03-28 23:26:44,546.29
2022-03-28 23:26:49,546.29
2022-03-28 23:26:54,546.29
2022-03-28 23:26:59,546.35
2022-03-28 23:27:04,546.29
2022-03-28 23:27:09,546.35
2022-03-28 23:27:14,546.29
2022-03-28 23:27:19,546.29
2022-03-28 23:27:24,546.22
2022-03-28 23:27:29,546.22
2022-03-28 23:27:34,546.16
2022-03-28 23:27:39,546.13
2022-03-28 23:27:44,546.13
2022-03-28 23:27:49,546.06
2022-03-28 23:27:54,545.93
2022-03-28 23:27:59,545.87
2022-03-28 23:28:04,545.84
2022-03-28 23:28:09,545.77
2022-03-28 23:28:14,545.7
2022-03-28 23:28:19,545.64
2022-03-28 23:28:24,545.6
2022-03-28 23:28:29,545.54
2022-03-28 23:28:34,545.41
2022-03-28 23:28:39,545.34
2022-03-28 23:28:44,545.25
2022-03-28 23:28:49,545.18
2022-03-28 23:28:54,545.12
2022-03-28 23:28:59,545.08
2022-03-28 23:29:04,544.95
2022-03-28 23:29:09,544.82
2022-03-28 23:29:14,544.79
2022-03-28 23:29:19,544.66
2022-03-28 23:29:24,544.59
2022-03-28 23:29:29,544.5
2022-03-28 23:29:34,544.43
2022-03-28 23:29:39,544.3
2022-03-28 23:29:44,544.21
2022-03-28 23:29:49,544.08
2022-03-28 23:29:54,543.98
2022-03-28 23:29:59,543.85
2022-03-28 23:30:04,543.79
2022-03-28 23:30:09,543.69
2022-03-28 23:30:14,543.56
2022-03-28 23:30:19,543.46
2022-03-28 23:30:24,543.39
2022-03-28 23:30:29,543.27
2022-03-28 23:30:34,543.17
2022-03-28 23:30:39,543.01
2022-03-28 23:30:44,542.94
2022-03-28 23:30:49,542.81
2022-03-28 23:30:54,542.75
2022-03-28 23:30:59,542.65
2022-03-28 23:31:04,542.52
2022-03-28 23:31:09,542.49
2022-03-28 23:31:14,542.36
2022-03-28 23:31:19,542.23
2022-03-28 23:31:24,542.14
2022-03-28 23:31:29,542.07
2022-03-28 23:31:34,542.01
2022-03-28 23:31:39,541.91
2022-03-28 23:31:44,541.85
2022-03-28 23:31:49,541.78
2022-03-28 23:31:54,541.69
2022-03-28 23:31:59,541.69
2022-03-28 23:32:04,541.56
2022-03-28 23:32:09,541.46
2022-03-28 23:32:14,541.4
2022-03-28 23:32:19,541.33
2022-03-28 23:32:24,541.27
2022-03-28 23:32:29,541.2
2022-03-28 23:32:34,541.17
2022-03-28 23:32:39,541.04
2022-03-28 23:32:44,541.04
2022-03-28 23:32:49,540.98
2022-03-28 23:32:54,540.95
2022-03-28 23:32:59,540.95
2022-03-28 23:33:04,540.95
2022-03-28 23:33:09,540.88
2022-03-28 23:33:14,540.82
2022-03-28 23:33:19,540.82
2022-03-28 23:33:24,540.82
2022-03-28 23:33:29,540.76
2022-03-28 23:33:34,540.76
2022-03-28 23:33:39,540.76
2022-03-28 23:33:44,540.76
2022-03-28 23:33:49,540.76
2022-03-28 23:33:54,537.71
2022-03-28 23:33:59,540.76
2022-03-28 23:34:04,540.76
2022-03-28 23:34:09,540.76
2022-03-28 23:34:14,540.76
2022-03-28 23:34:19,540.76
2022-03-28 23:34:24,540.83
2022-03-28 23:34:29,540.76
2022-03-28 23:34:34,540.83
2022-03-28 23:34:39,540.83
2022-03-28 23:34:44,540.83
2022-03-28 23:34:49,540.83
2022-03-28 23:34:54,540.83
2022-03-28 23:34:59,540.89
2022-03-28 23:35:04,540.89
2022-03-28 23:35:09,540.89
2022-03-28 23:35:14,540.96
2022-03-28 23:35:19,540.96
2022-03-28 23:35:24,540.99
2022-03-28 23:35:29,540.96
2022-03-28 23:35:34,540.96
2022-03-28 23:35:39,540.99
2022-03-28 23:35:44,541.0
2022-03-28 23:35:49,541.0
2022-03-28 23:35:54,541.06
2022-03-28 23:35:59,541.06
2022-03-28 23:36:04,541.06
2022-03-28 23:36:09,541.13
2022-03-28 23:36:14,541.13
2022-03-28 23:36:19,541.13
2022-03-28 23:36:24,541.13
2022-03-28 23:36:29,541.13
2022-03-28 23:36:34,541.13
2022-03-28 23:36:39,541.19
2022-03-28 23:36:44,541.19
2022-03-28 23:36:49,541.13
2022-03-28 23:36:54,541.22
2022-03-28 23:36:59,541.22
2022-03-28 23:37:04,541.22
2022-03-28 23:37:09,541.22
2022-03-28 23:37:14,541.29
2022-03-28 23:37:19,541.22
2022-03-28 23:37:24,541.29
2022-03-28 23:37:29,541.35
2022-03-28 23:37:34,541.35
2022-03-28 23:37:39,541.35
2022-03-28 23:37:44,541.41
2022-03-28 23:37:49,541.41
2022-03-28 23:37:54,541.41
2022-03-28 23:37:59,541.48
2022-03-28 23:38:04,541.48
2022-03-28 23:38:09,541.48
2022-03-28 23:38:14,541.51
2022-03-28 23:38:19,541.51
2022-03-28 23:38:24,541.57
2022-03-28 23:38:29,541.63
2022-03-28 23:38:34,541.57
2022-03-28 23:38:39,541.64
2022-03-28 23:38:44,541.7
2022-03-28 23:38:49,541.7
2022-03-28 23:38:54,541.73
2022-03-28 23:38:59,537.71
2022-03-28 23:39:04,541.73
2022-03-28 23:39:09,541.79
2022-03-28 23:39:14,541.79
2022-03-28 23:39:19,541.86
2022-03-28 23:39:24,541.85
2022-03-28 23:39:29,541.92
2022-03-28 23:39:34,541.85
2022-03-28 23:39:39,541.91
2022-03-28 23:39:44,541.91
2022-03-28 23:39:49,541.91
2022-03-28 23:39:54,541.91
2022-03-28 23:39:59,541.98
2022-03-28 23:40:04,541.98
2022-03-28 23:40:09,541.98
2022-03-28 23:40:14,542.01
2022-03-28 23:40:19,542.01
2022-03-28 23:40:24,541.97
2022-03-28 23:40:29,542.0
2022-03-28 23:40:34,542.0
2022-03-28 23:40:39,542.06
2022-03-28 23:40:44,542.06
2022-03-28 23:40:49,542.06
2022-03-28 23:40:54,542.06
2022-03-28 23:40:59,542.06
2022-03-28 23:41:04,542.06
2022-03-28 23:41:09,542.13
2022-03-28 23:41:14,542.13
2022-03-28 23:41:19,542.13
2022-03-28 23:41:24,542.12
2022-03-28 23:41:29,542.12
2022-03-28 23:41:34,542.19
2022-03-28 23:41:39,542.19
2022-03-28 23:41:44,542.19
2022-03-28 23:41:49,542.12
2022-03-28 23:41:54,542.12
2022-03-28 23:41:59,542.12
2022-03-28 23:42:04,542.18
2022-03-28 23:42:09,542.18
2022-03-28 23:42:14,542.12
2022-03-28 23:42:19,542.12
2022-03-28 23:42:24,542.12
2022-03-28 23:42:29,542.12
2022-03-28 23:42:34,542.12
2022-03-28 23:42:39,542.12
2022-03-28 23:42:44,542.05
2022-03-28 23:42:49,542.05
2022-03-28 23:42:54,542.05
2022-03-28 23:42:59,542.05
2022-03-28 23:43:04,542.05
2022-03-28 23:43:09,542.05
2022-03-28 23:43:14,542.05
2022-03-28 23:43:19,542.05
2022-03-28 23:43:24,542.05
2022-03-28 23:43:29,542.05
2022-03-28 23:43:34,541.99
2022-03-28 23:43:39,542.05
2022-03-28 23:43:44,542.05
2022-03-28 23:43:49,542.05
2022-03-28 23:43:54,541.99
2022-03-28 23:43:59,542.05
2022-03-28 23:44:04,542.05
2022-03-28 23:44:09,541.99
2022-03-28 23:44:14,542.05
2022-03-28 23:44:19,542.12
2022-03-28 23:44:24,542.12
2022-03-28 23:44:29,542.05
2022-03-28 23:44:34,542.12
2022-03-28 23:44:39,542.12
2022-03-28 23:44:44,542.18
2022-03-28 23:44:49,542.12
2022-03-28 23:44:54,542.18
2022-03-28 23:44:59,542.18
2022-03-28 23:45:04,542.18
2022-03-28 23:45:09,542.18
2022-03-28 23:45:14,542.22
2022-03-28 23:45:19,542.18
2022-03-28 23:45:24,542.22
2022-03-28 23:45:29,542.22
2022-03-28 23:45:34,542.22
2022-03-28 23:45:39,542.22
2022-03-28 23:45:44,542.28
2022-03-28 23:45:49,542.28
2022-03-28 23:45:54,542.28
2022-03-28 23:45:59,542.29
2022-03-28 23:46:04,542.35
2022-03-28 23:46:09,542.35
2022-03-28 23:46:14,542.35
2022-03-28 23:46:19,542.42
2022-03-28 23:46:24,542.42
2022-03-28 23:46:29,542.42
2022-03-28 23:46:34,542.42
2022-03-28 23:46:39,542.48
2022-03-28 23:46:44,542.48
2022-03-28 23:46:49,542.52
2022-03-28 23:46:54,542.48
2022-03-28 23:46:59,542.52
2022-03-28 23:47:04,542.52
2022-03-28 23:47:09,542.52
2022-03-28 23:47:14,542.52
2022-03-28 23:47:19,542.52
2022-03-28 23:47:24,542.52
2022-03-28 23:47:29,542.59
2022-03-28 23:47:34,542.65
2022-03-28 23:47:39,542.65
2022-03-28 23:47:44,542.65
2022-03-28 23:47:49,542.65
2022-03-28 23:47:54,542.71
2022-03-28 23:47:59,542.71
2022-03-28 23:48:04,542.75
2022-03-28 23:48:09,542.75
2022-03-28 23:48:14,542.81
2022-03-28 23:48:19,542.88
2022-03-28 23:48:24,542.88
2022-03-28 23:48:29,542.88
2022-03-28 23:48:34,542.88
2022-03-28 23:48:39,542.94
2022-03-28 23:48:44,543.01
2022-03-28 23:48:49,543.01
2022-03-28 23:48:54,543.04
2022-03-28 23:48:59,543.04
2022-03-28 23:49:04,543.1
2022-03-28 23:49:09,543.16
2022-03-28 23:49:14,543.23
2022-03-28 23:49:19,543.26
2022-03-28 23:49:24,543.26
2022-03-28 23:49:29,543.33
2022-03-28 23:49:34,543.39
2022-03-28 23:49:39,543.45
2022-03-28 23:49:44,543.52
2022-03-28 23:49:49,543.52
2022-03-28 23:49:54,543.55
2022-03-28 23:49:59,543.61
2022-03-28 23:50:04,543.68
2022-03-28 23:50:09,543.74
2022-03-28 23:50:14,543.77
2022-03-28 23:50:19,543.84
2022-03-28 23:50:24,543.9
2022-03-28 23:50:29,543.9
2022-03-28 23:50:34,544.03
2022-03-28 23:50:39,544.06
2022-03-28 23:50:44,544.12
2022-03-28 23:50:49,544.19
2022-03-28 23:50:54,544.28
2022-03-28 23:50:59,544.28
2022-03-28 23:51:04,544.41
2022-03-28 23:51:09,544.48
2022-03-28 23:51:14,544.57
2022-03-28 23:51:19,544.63
2022-03-28 23:51:24,544.7
2022-03-28 23:51:29,544.8
2022-03-28 23:51:34,544.86
2022-03-28 23:51:39,544.92
2022-03-28 23:51:44,545.05
2022-03-28 23:51:49,545.08
2022-03-28 23:51:54,545.14
2022-03-28 23:51:59,545.27
2022-03-28 23:52:04,545.37
2022-03-28 23:52:09,545.5
2022-03-28 23:52:14,545.56
2022-03-28 23:52:19,545.59
2022-03-28 23:52:24,545.66
2022-03-28 23:52:29,545.78
2022-03-28 23:52:34,545.88
2022-03-28 23:52:39,545.94
2022-03-28 23:52:44,546.0
2022-03-28 23:52:49,546.16
2022-03-28 23:52:54,546.23
2022-03-28 23:52:59,546.32
2022-03-28 23:53:04,546.39
2022-03-28 23:53:09,546.52
2022-03-28 23:53:14,546.58
2022-03-28 23:53:19,546.67
2022-03-28 23:53:24,546.74
2022-03-28 23:53:29,546.8
2022-03-28 23:53:34,546.83
2022-03-28 23:53:39,546.96
2022-03-28 23:53:44,547.03
2022-03-28 23:53:49,547.09
2022-03-28 23:53:54,547.09
2022-03-28 23:53:59,547.18
2022-03-28 23:54:04,547.18
2022-03-28 23:54:09,547.25
2022-03-28 23:54:14,547.31
2022-03-28 23:54:19,547.31
2022-03-28 23:54:24,547.35
2022-03-28 23:54:29,547.41
2022-03-28 23:54:34,547.47
2022-03-28 23:54:39,547.47
2022-03-28 23:54:44,547.48
2022-03-28 23:54:49,547.47
2022-03-28 23:54:54,547.47
2022-03-28 23:54:59,547.47
2022-03-28 23:55:04,547.47
2022-03-28 23:55:09,547.47
2022-03-28 23:55:14,547.47
2022-03-28 23:55:19,547.41
2022-03-28 23:55:24,547.41
2022-03-28 23:55:29,547.35
2022-03-28 23:55:34,547.35
2022-03-28 23:55:39,547.35
2022-03-28 23:55:44,547.31
2022-03-28 23:55:49,547.25
2022-03-28 23:55:54,547.25
2022-03-28 23:55:59,547.18
2022-03-28 23:56:04,547.12
2022-03-28 23:56:09,547.09
2022-03-28 23:56:14,547.03
2022-03-28 23:56:19,546.96
2022-03-28 23:56:24,546.96
2022-03-28 23:56:29,546.83
2022-03-28 23:56:34,546.83
2022-03-28 23:56:39,546.74
2022-03-28 23:56:44,546.74
2022-03-28 23:56:49,546.61
2022-03-28 23:56:54,546.58
2022-03-28 23:56:59,546.51
2022-03-28 23:57:04,546.38
2022-03-28 23:57:09,546.32
2022-03-28 23:57:14,546.23
2022-03-28 23:57:19,546.16
2022-03-28 23:57:24,546.1
2022-03-28 23:57:29,546.0
2022-03-28 23:57:34,545.87
2022-03-28 23:57:39,545.81
2022-03-28 23:57:44,545.71
2022-03-28 23:57:49,545.58
2022-03-28 23:57:54,545.55
2022-03-28 23:57:59,545.42
2022-03-28 23:58:04,545.3
2022-03-28 23:58:09,545.26
2022-03-28 23:58:14,545.14
2022-03-28 23:58:19,545.04
2022-03-28 23:58:24,544.85
2022-03-28 23:58:29,544.75
2022-03-28 23:58:34,544.62
2022-03-28 23:58:39,544.46
2022-03-28 23:58:44,544.27
2022-03-28 23:58:49,544.11
2022-03-28 23:58:54,544.01
2022-03-28 23:58:59,543.82
2022-03-28 23:59:04,543.76
2022-03-28 23:59:09,543.59
2022-03-28 23:59:14,543.43
2022-03-28 23:59:19,543.24
2022-03-28 23:59:24,543.02
2022-03-28 23:59:29,542.85
2022-03-28 23:59:34,542.69
2022-03-28 23:59:39,542.47
2022-03-28 23:59:44,542.27
2022-03-28 23:59:49,542.05
2022-03-28 23:59:54,541.89
2022-03-28 23:59:59,541.69
2022-03-29 00:00:04,541.47
2022-03-29 00:00:09,541.24
2022-03-29 00:00:14,541.02
2022-03-29 00:00:19,540.86
2022-03-29 00:00:24,540.63
2022-03-29 00:00:29,540.41
2022-03-29 00:00:34,540.15
2022-03-29 00:00:39,539.92
2022-03-29 00:00:44,539.76
2022-03-29 00:00:49,539.6
2022-03-29 00:00:54,539.37
2022-03-29 00:00:59,539.12
2022-03-29 00:01:04,538.89
2022-03-29 00:01:09,538.73
2022-03-29 00:01:14,538.5
2022-03-29 00:01:19,538.28
2022-03-29 00:01:24,538.08
2022-03-29 00:01:29,537.92
2022-03-29 00:01:34,537.76
2022-03-29 00:01:39,537.57
2022-03-29 00:01:44,537.4
2022-03-29 00:01:49,537.24
2022-03-29 00:01:54,537.05
2022-03-29 00:01:59,536.95
2022-03-29 00:02:04,536.79
2022-03-29 00:02:09,536.66
2022-03-29 00:02:14,536.53
2022-03-29 00:02:19,536.5
2022-03-29 00:02:24,536.37
2022-03-29 00:02:29,536.27
2022-03-29 00:02:34,536.21
2022-03-29 00:02:39,536.08
2022-03-29 00:02:44,536.01
2022-03-29 00:02:49,535.98
2022-03-29 00:02:54,535.85
2022-03-29 00:02:59,535.78
2022-03-29 00:03:04,535.75
2022-03-29 00:03:09,535.75
2022-03-29 00:03:14,535.62
2022-03-29 00:03:19,535.62
2022-03-29 00:03:24,535.62
2022-03-29 00:03:29,535.55
2022-03-29 00:03:34,535.55
2022-03-29 00:03:39,535.55
2022-03-29 00:03:44,535.49
2022-03-29 00:03:49,535.48
2022-03-29 00:03:54,535.48
2022-03-29 00:03:59,535.48
2022-03-29 00:04:04,535.48
2022-03-29 00:04:09,535.48
2022-03-29 00:04:14,535.48
2022-03-29 00:04:19,535.45
2022-03-29 00:04:24,535.45
2022-03-29 00:04:29,535.45
2022-03-29 00:04:34,535.38
2022-03-29 00:04:39,535.38
2022-03-29 00:04:44,535.45
2022-03-29 00:04:49,535.38
2022-03-29 00:04:54,535.38
2022-03-29 00:04:59,535.38
2022-03-29 00:05:04,535.38
2022-03-29 00:05:09,535.31
2022-03-29 00:05:14,535.31
2022-03-29 00:05:19,535.31
2022-03-29 00:05:24,535.25
2022-03-29 00:05:29,535.25
2022-03-29 00:05:34,535.25
2022-03-29 00:05:39,535.25
2022-03-29 00:05:44,535.25
2022-03-29 00:05:49,535.25
2022-03-29 00:05:54,535.25
2022-03-29 00:05:59,535.25
2022-03-29 00:06:04,535.25
2022-03-29 00:06:09,535.21
2022-03-29 00:06:14,535.21
2022-03-29 00:06:19,535.15
2022-03-29 00:06:24,535.22
2022-03-29 00:06:29,535.22
2022-03-29 00:06:34,535.15
2022-03-29 00:06:39,535.15
2022-03-29 00:06:44,535.15
2022-03-29 00:06:49,535.08
2022-03-29 00:06:54,535.09
2022-03-29 00:06:59,535.09
2022-03-29 00:07:04,535.09
2022-03-29 00:07:09,535.09
2022-03-29 00:07:14,535.09
2022-03-29 00:07:19,534.96
2022-03-29 00:07:24,535.02
2022-03-29 00:07:29,535.02
2022-03-29 00:07:34,535.02
2022-03-29 00:07:39,534.96
2022-03-29 00:07:44,535.02
2022-03-29 00:07:49,534.96
2022-03-29 00:07:54,534.96
2022-03-29 00:07:59,534.96
2022-03-29 00:08:04,534.96
2022-03-29 00:08:09,534.93
2022-03-29 00:08:14,534.93
2022-03-29 00:08:19,534.93
2022-03-29 00:08:24,534.96
2022-03-29 00:08:29,534.93
2022-03-29 00:08:34,534.93
2022-03-29 00:08:39,534.93
2022-03-29 00:08:44,534.93
2022-03-29 00:08:49,534.93
2022-03-29 00:08:54,534.87
2022-03-29 00:08:59,534.94
2022-03-29 00:09:04,534.93
2022-03-29 00:09:09,534.94
2022-03-29 00:09:14,534.94
2022-03-29 00:09:19,534.94
2022-03-29 00:09:24,534.87
2022-03-29 00:09:29,534.94
2022-03-29 00:09:34,534.87
2022-03-29 00:09:39,534.94
2022-03-29 00:09:44,534.94
2022-03-29 00:09:49,534.94
2022-03-29 00:09:54,534.97
2022-03-29 00:09:59,534.97
2022-03-29 00:10:04,534.97
2022-03-29 00:10:09,535.04
2022-03-29 00:10:14,535.11
2022-03-29 00:10:19,535.1
2022-03-29 00:10:24,535.1
2022-03-29 00:10:29,535.17
2022-03-29 00:10:34,535.17
2022-03-29 00:10:39,535.17
2022-03-29 00:10:44,535.17
2022-03-29 00:10:49,535.17
2022-03-29 00:10:54,535.17
2022-03-29 00:10:59,535.24
2022-03-29 00:11:04,535.23
2022-03-29 00:11:09,535.24
2022-03-29 00:11:14,535.24
2022-03-29 00:11:19,535.23
2022-03-29 00:11:24,535.24
2022-03-29 00:11:29,535.17
2022-03-29 00:11:34,535.23
2022-03-29 00:11:39,535.24
2022-03-29 00:11:44,535.23
2022-03-29 00:11:49,535.23
2022-03-29 00:11:54,535.23
2022-03-29 00:11:59,535.23
2022-03-29 00:12:04,535.23
2022-03-29 00:12:09,535.27
2022-03-29 00:12:14,535.27
2022-03-29 00:12:19,535.27
2022-03-29 00:12:24,535.26
2022-03-29 00:12:29,535.33
2022-03-29 00:12:34,535.26
2022-03-29 00:12:39,535.33
2022-03-29 00:12:44,535.33
2022-03-29 00:12:49,535.33
2022-03-29 00:12:54,535.33
2022-03-29 00:12:59,537.71
2022-03-29 00:13:04,535.33
2022-03-29 00:13:09,535.39
2022-03-29 00:13:14,535.39
2022-03-29 00:13:19,535.32
2022-03-29 00:13:24,535.39
2022-03-29 00:13:29,535.45
2022-03-29 00:13:34,535.45
2022-03-29 00:13:39,535.39
2022-03-29 00:13:44,535.45
2022-03-29 00:13:49,535.45
2022-03-29 00:13:54,535.48
2022-03-29 00:13:59,535.48
2022-03-29 00:14:04,535.48
2022-03-29 00:14:09,535.48
2022-03-29 00:14:14,535.48
2022-03-29 00:14:19,535.54
2022-03-29 00:14:24,535.54
2022-03-29 00:14:29,535.54
2022-03-29 00:14:34,535.54
2022-03-29 00:14:39,535.54
2022-03-29 00:14:44,535.54
2022-03-29 00:14:49,535.54
2022-03-29 00:14:54,535.54
2022-03-29 00:14:59,535.54
2022-03-29 00:15:04,535.54
2022-03-29 00:15:09,535.54
2022-03-29 00:15:14,535.53
2022-03-29 00:15:19,535.6
2022-03-29 00:15:24,535.6
2022-03-29 00:15:29,535.6
2022-03-29 00:15:34,535.6
2022-03-29 00:15:39,535.59
2022-03-29 00:15:44,535.66
2022-03-29 00:15:49,535.66
2022-03-29 00:15:54,535.72
2022-03-29 00:15:59,535.72
2022-03-29 00:16:04,535.72
2022-03-29 00:16:09,535.72
2022-03-29 00:16:14,535.72
2022-03-29 00:16:19,535.75
2022-03-29 00:16:24,535.75
2022-03-29 00:16:29,535.75
2022-03-29 00:16:34,535.81
2022-03-29 00:16:39,535.87
2022-03-29 00:16:44,535.87
2022-03-29 00:16:49,535.87
2022-03-29 00:16:54,535.87
2022-03-29 00:16:59,535.94
2022-03-29 00:17:04,535.94
2022-03-29 00:17:09,535.97
2022-03-29 00:17:14,535.97
2022-03-29 00:17:19,535.97
2022-03-29 00:17:24,535.97
2022-03-29 00:17:29,535.97
2022-03-29 00:17:34,536.04
2022-03-29 00:17:39,536.03
2022-03-29 00:17:44,536.03
2022-03-29 00:17:49,536.03
2022-03-29 00:17:54,536.1
2022-03-29 00:17:59,536.1
2022-03-29 00:18:04,536.1
2022-03-29 00:18:09,536.1
2022-03-29 00:18:14,536.16
2022-03-29 00:18:19,536.16
2022-03-29 00:18:24,536.16
2022-03-29 00:18:29,536.16
2022-03-29 00:18:34,536.23
2022-03-29 00:18:39,536.23
2022-03-29 00:18:44,536.26
2022-03-29 00:18:49,536.26
2022-03-29 00:18:54,536.32
2022-03-29 00:18:59,536.32
2022-03-29 00:19:04,536.39
2022-03-29 00:19:09,536.45
2022-03-29 00:19:14,536.45
2022-03-29 00:19:19,536.48
2022-03-29 00:19:24,536.55
2022-03-29 00:19:29,536.55
2022-03-29 00:19:34,536.62
2022-03-29 00:19:39,536.62
2022-03-29 00:19:44,536.68
2022-03-29 00:19:49,536.68
2022-03-29 00:19:54,536.78
2022-03-29 00:19:59,536.78
2022-03-29 00:20:04,536.78
2022-03-29 00:20:09,536.78
2022-03-29 00:20:14,536.84
2022-03-29 00:20:19,536.85
2022-03-29 00:20:24,536.91
2022-03-29 00:20:29,536.91
2022-03-29 00:20:34,536.91
2022-03-29 00:20:39,536.91
2022-03-29 00:20:44,536.98
2022-03-29 00:20:49,537.01
2022-03-29 00:20:54,537.01
2022-03-29 00:20:59,537.01
2022-03-29 00:21:04,537.01
2022-03-29 00:21:09,537.01
2022-03-29 00:21:14,537.01
2022-03-29 00:21:19,536.98
2022-03-29 00:21:24,537.01
2022-03-29 00:21:29,537.01
2022-03-29 00:21:34,536.98
2022-03-29 00:21:39,536.98
2022-03-29 00:21:44,537.02
2022-03-29 00:21:49,536.98
2022-03-29 00:21:54,536.98
2022-03-29 00:21:59,537.02
2022-03-29 00:22:04,537.02
2022-03-29 00:22:09,537.02
2022-03-29 00:22:14,536.99
2022-03-29 00:22:19,537.02
2022-03-29 00:22:24,537.02
2022-03-29 00:22:29,537.02
2022-03-29 00:22:34,537.02
2022-03-29 00:22:39,537.02
2022-03-29 00:22:44,537.02
2022-03-29 00:22:49,537.02
2022-03-29 00:22:54,537.02
2022-03-29 00:22:59,537.02
2022-03-29 00:23:04,537.08
2022-03-29 00:23:09,537.02
2022-03-29 00:23:14,537.02
2022-03-29 00:23:19,537.08
2022-03-29 00:23:24,537.09
2022-03-29 00:23:29,537.02
2022-03-29 00:23:34,537.08
2022-03-29 00:23:39,537.15
2022-03-29 00:23:44,537.15
2022-03-29 00:23:49,537.15
2022-03-29 00:23:54,537.15
2022-03-29 00:23:59,537.15
2022-03-29 00:24:04,537.21
2022-03-29 00:24:09,537.21
2022-03-29 00:24:14,537.21
2022-03-29 00:24:19,537.21
2022-03-29 00:24:24,537.28
2022-03-29 00:24:29,537.28
2022-03-29 00:24:34,537.28
2022-03-29 00:24:39,537.28
2022-03-29 00:24:44,537.31
2022-03-29 00:24:49,537.31
2022-03-29 00:24:54,537.3
2022-03-29 00:24:59,537.31
2022-03-29 00:25:04,537.31
2022-03-29 00:25:09,537.37
2022-03-29 00:25:14,537.37
2022-03-29 00:25:19,537.37
2022-03-29 00:25:24,537.37
2022-03-29 00:25:29,537.37
2022-03-29 00:25:34,537.37
2022-03-29 00:25:39,537.43
2022-03-29 00:25:44,537.43
2022-03-29 00:25:49,537.43
2022-03-29 00:25:54,537.43
2022-03-29 00:25:59,537.49
2022-03-29 00:26:04,537.49
2022-03-29 00:26:09,537.49
2022-03-29 00:26:14,537.49
2022-03-29 00:26:19,537.52
2022-03-29 00:26:24,537.59
2022-03-29 00:26:29,537.59
2022-03-29 00:26:34,537.59
2022-03-29 00:26:39,537.58
2022-03-29 00:26:44,537.58
2022-03-29 00:26:49,537.58
2022-03-29 00:26:54,537.58
2022-03-29 00:26:59,537.65
2022-03-29 00:27:04,537.58
2022-03-29 00:27:09,537.58
2022-03-29 00:27:14,537.58
2022-03-29 00:27:19,537.58
2022-03-29 00:27:24,537.58
2022-03-29 00:27:29,537.58
2022-03-29 00:27:34,537.58
2022-03-29 00:27:39,537.58
2022-03-29 00:27:44,537.58
2022-03-29 00:27:49,537.51
2022-03-29 00:27:54,537.57
2022-03-29 00:27:59,537.51
2022-03-29 00:28:04,537.51
2022-03-29 00:28:09,537.48
2022-03-29 00:28:14,537.48
2022-03-29 00:28:19,537.48
2022-03-29 00:28:24,537.41
2022-03-29 00:28:29,537.41
2022-03-29 00:28:34,537.34
2022-03-29 00:28:39,537.28
2022-03-29 00:28:44,537.28
2022-03-29 00:28:49,537.25
2022-03-29 00:28:54,537.25
2022-03-29 00:28:59,537.25
2022-03-29 00:29:04,537.18
2022-03-29 00:29:09,537.12
2022-03-29 00:29:14,536.99
2022-03-29 00:29:19,537.05
2022-03-29 00:29:24,536.99
2022-03-29 00:29:29,536.96
2022-03-29 00:29:34,536.96
2022-03-29 00:29:39,536.89
2022-03-29 00:29:44,536.76
2022-03-29 00:29:49,536.76
2022-03-29 00:29:54,536.73
2022-03-29 00:29:59,536.67
2022-03-29 00:30:04,536.6
2022-03-29 00:30:09,536.6
2022-03-29 00:30:14,536.54
2022-03-29 00:30:19,536.47
2022-03-29 00:30:24,536.44
2022-03-29 00:30:29,536.38
2022-03-29 00:30:34,536.31
2022-03-29 00:30:39,536.25
2022-03-29 00:30:44,536.16
2022-03-29 00:30:49,536.09
2022-03-29 00:30:54,536.09
2022-03-29 00:30:59,535.96
2022-03-29 00:31:04,535.96
2022-03-29 00:31:09,535.87
2022-03-29 00:31:14,535.87
2022-03-29 00:31:19,535.8
2022-03-29 00:31:24,535.74
2022-03-29 00:31:29,535.74
2022-03-29 00:31:34,535.64
2022-03-29 00:31:39,535.58
2022-03-29 00:31:44,535.51
2022-03-29 00:31:49,535.52
2022-03-29 00:31:54,535.45
2022-03-29 00:31:59,535.42
2022-03-29 00:32:04,535.36
2022-03-29 00:32:09,535.36
2022-03-29 00:32:14,535.29
2022-03-29 00:32:19,535.23
2022-03-29 00:32:24,535.23
2022-03-29 00:32:29,535.2
2022-03-29 00:32:34,535.13
2022-03-29 00:32:39,535.13
2022-03-29 00:32:44,535.07
2022-03-29 00:32:49,535.07
2022-03-29 00:32:54,535.08
2022-03-29 00:32:59,535.07
2022-03-29 00:33:04,535.01
2022-03-29 00:33:09,535.08
2022-03-29 00:33:14,535.01
2022-03-29 00:33:19,534.95
2022-03-29 00:33:24,535.01
2022-03-29 00:33:29,535.01
2022-03-29 00:33:34,534.95
2022-03-29 00:33:39,534.95
2022-03-29 00:33:44,535.02
2022-03-29 00:33:49,534.95
2022-03-29 00:33:54,534.95
2022-03-29 00:33:59,535.02
2022-03-29 00:34:04,534.96
2022-03-29 00:34:09,534.96
2022-03-29 00:34:14,534.96
2022-03-29 00:34:19,534.96
2022-03-29 00:34:24,535.02
2022-03-29 00:34:29,535.02
2022-03-29 00:34:34,535.02
2022-03-29 00:34:39,535.02
2022-03-29 00:34:44,535.02
2022-03-29 00:34:49,535.02
2022-03-29 00:34:54,535.08
2022-03-29 00:34:59,535.02
2022-03-29 00:35:04,535.02
2022-03-29 00:35:09,535.09
2022-03-29 00:35:14,535.02
2022-03-29 00:35:19,535.02
2022-03-29 00:35:24,535.02
2022-03-29 00:35:29,535.09
2022-03-29 00:35:34,535.09
2022-03-29 00:35:39,535.09
2022-03-29 00:35:44,535.08
2022-03-29 00:35:49,535.08
2022-03-29 00:35:54,535.08
2022-03-29 00:35:59,535.09
2022-03-29 00:36:04,535.15
2022-03-29 00:36:09,535.08
2022-03-29 00:36:14,535.15
2022-03-29 00:36:19,535.15
2022-03-29 00:36:24,535.15
2022-03-29 00:36:29,535.15
2022-03-29 00:36:34,535.15
2022-03-29 00:36:39,535.15
2022-03-29 00:36:44,535.14
2022-03-29 00:36:49,535.08
2022-03-29 00:36:54,535.14
2022-03-29 00:36:59,535.08
2022-03-29 00:37:04,535.08
2022-03-29 00:37:09,535.08
2022-03-29 00:37:14,535.08
2022-03-29 00:37:19,535.01
2022-03-29 00:37:24,535.08
2022-03-29 00:37:29,535.01
2022-03-29 00:37:34,535.08
2022-03-29 00:37:39,535.01
2022-03-29 00:37:44,535.08
2022-03-29 00:37:49,535.08
2022-03-29 00:37:54,535.01
2022-03-29 00:37:59,534.94
2022-03-29 00:38:04,535.01
2022-03-29 00:38:09,534.94
2022-03-29 00:38:14,535.01
2022-03-29 00:38:19,534.94
2022-03-29 00:38:24,534.94
2022-03-29 00:38:29,535.01
2022-03-29 00:38:34,534.94
2022-03-29 00:38:39,534.94
2022-03-29 00:38:44,534.94
2022-03-29 00:38:49,534.94
2022-03-29 00:38:54,534.94
2022-03-29 00:38:59,534.94
2022-03-29 00:39:04,534.94
2022-03-29 00:39:09,534.94
2022-03-29 00:39:14,534.93
2022-03-29 00:39:19,534.93
2022-03-29 00:39:24,534.93
2022-03-29 00:39:29,534.9
2022-03-29 00:39:34,534.93
2022-03-29 00:39:39,534.9
2022-03-29 00:39:44,534.9
2022-03-29 00:39:49,534.9
2022-03-29 00:39:54,534.89
2022-03-29 00:39:59,534.9
2022-03-29 00:40:04,534.83
2022-03-29 00:40:09,534.83
2022-03-29 00:40:14,534.76
2022-03-29 00:40:19,534.83
2022-03-29 00:40:24,534.83
2022-03-29 00:40:29,534.76
2022-03-29 00:40:34,534.76
2022-03-29 00:40:39,534.83
2022-03-29 00:40:44,534.83
2022-03-29 00:40:49,534.83
2022-03-29 00:40:54,534.83
2022-03-29 00:40:59,534.83
2022-03-29 00:41:04,534.83
2022-03-29 00:41:09,534.89
2022-03-29 00:41:14,534.82
2022-03-29 00:41:19,534.89
2022-03-29 00:41:24,534.89
2022-03-29 00:41:29,534.89
2022-03-29 00:41:34,534.89
2022-03-29 00:41:39,534.89
2022-03-29 00:41:44,534.89
2022-03-29 00:41:49,534.89
2022-03-29 00:41:54,534.92
2022-03-29 00:41:59,534.99
2022-03-29 00:42:04,534.99
2022-03-29 00:42:09,534.99
2022-03-29 00:42:14,534.98
2022-03-29 00:42:19,534.99
2022-03-29 00:42:24,535.05
2022-03-29 00:42:29,535.05
2022-03-29 00:42:34,535.05
2022-03-29 00:42:39,535.05
2022-03-29 00:42:44,535.12
2022-03-29 00:42:49,535.12
2022-03-29 00:42:54,535.12
2022-03-29 00:42:59,535.12
2022-03-29 00:43:04,535.12
2022-03-29 00:43:09,535.18
2022-03-29 00:43:14,535.18
2022-03-29 00:43:19,535.12
2022-03-29 00:43:24,535.18
2022-03-29 00:43:29,535.12
2022-03-29 00:43:34,535.18
2022-03-29 00:43:39,535.12
2022-03-29 00:43:44,535.18
2022-03-29 00:43:49,535.18
2022-03-29 00:43:54,535.12
2022-03-29 00:43:59,535.12
2022-03-29 00:44:04,535.12
2022-03-29 00:44:09,535.13
2022-03-29 00:44:14,535.12
2022-03-29 00:44:19,535.13
2022-03-29 00:44:24,535.13
2022-03-29 00:44:29,535.06
2022-03-29 00:44:34,535.13
2022-03-29 00:44:39,535.13
2022-03-29 00:44:44,535.06
2022-03-29 00:44:49,535.13
2022-03-29 00:44:54,535.13
2022-03-29 00:44:59,535.13
2022-03-29 00:45:04,535.13
2022-03-29 00:45:09,535.13
2022-03-29 00:45:14,535.07
2022-03-29 00:45:19,535.07
2022-03-29 00:45:24,535.07
2022-03-29 00:45:29,535.07
2022-03-29 00:45:34,535.07
2022-03-29 00:45:39,535.07
2022-03-29 00:45:44,535.07
2022-03-29 00:45:49,535.01
2022-03-29 00:45:54,535.01
2022-03-29 00:45:59,535.07
2022-03-29 00:46:04,535.01
2022-03-29 00:46:09,535.01
2022-03-29 00:46:14,535.01
2022-03-29 00:46:19,535.01
2022-03-29 00:46:24,534.94
2022-03-29 00:46:29,534.94
2022-03-29 00:46:34,534.95
2022-03-29 00:46:39,535.01
2022-03-29 00:46:44,534.95
2022-03-29 00:46:49,534.95
2022-03-29 00:46:54,534.95
2022-03-29 00:46:59,534.95
2022-03-29 00:47:04,534.95
2022-03-29 00:47:09,534.95
2022-03-29 00:47:14,535.01
2022-03-29 00:47:19,535.01
2022-03-29 00:47:24,535.01
2022-03-29 00:47:29,535.01
2022-03-29 00:47:34,535.01
2022-03-29 00:47:39,535.01
2022-03-29 00:47:44,535.01
2022-03-29 00:47:49,535.01
2022-03-29 00:47:54,535.01
2022-03-29 00:47:59,535.01
2022-03-29 00:48:04,535.07
2022-03-29 00:48:09,535.07
2022-03-29 00:48:14,535.07
2022-03-29 00:48:19,535.01
2022-03-29 00:48:24,535.07
2022-03-29 00:48:29,535.07
2022-03-29 00:48:34,535.07
2022-03-29 00:48:39,535.07
2022-03-29 00:48:44,535.07
2022-03-29 00:48:49,535.07
2022-03-29 00:48:54,535.07
2022-03-29 00:48:59,535.13
2022-03-29 00:49:04,535.13
2022-03-29 00:49:09,535.13
2022-03-29 00:49:14,535.13
2022-03-29 00:49:19,535.2
2022-03-29 00:49:24,535.2
2022-03-29 00:49:29,535.2
2022-03-29 00:49:34,535.23
2022-03-29 00:49:39,535.23
2022-03-29 00:49:44,535.29
2022-03-29 00:49:49,535.23
2022-03-29 00:49:54,535.36
2022-03-29 00:49:59,535.36
2022-03-29 00:50:04,535.29
2022-03-29 00:50:09,535.35
2022-03-29 00:50:14,535.41
2022-03-29 00:50:19,535.41
2022-03-29 00:50:24,535.45
2022-03-29 00:50:29,535.45
2022-03-29 00:50:34,535.45
2022-03-29 00:50:39,535.51
2022-03-29 00:50:44,535.51
2022-03-29 00:50:49,535.51
2022-03-29 00:50:54,535.51
2022-03-29 00:50:59,535.5
2022-03-29 00:51:04,535.51
2022-03-29 00:51:09,535.57
2022-03-29 00:51:14,535.57
2022-03-29 00:51:19,537.71
2022-03-29 00:51:24,535.5
2022-03-29 00:51:29,535.5
2022-03-29 00:51:34,535.5
2022-03-29 00:51:39,535.5
2022-03-29 00:51:44,535.5
2022-03-29 00:51:49,535.5
2022-03-29 00:51:54,535.44
2022-03-29 00:51:59,535.4
2022-03-29 00:52:04,535.43
2022-03-29 00:52:09,535.4
2022-03-29 00:52:14,535.4
2022-03-29 00:52:19,535.4
2022-03-29 00:52:24,535.34
2022-03-29 00:52:29,535.34
2022-03-29 00:52:34,535.33
2022-03-29 00:52:39,535.33
2022-03-29 00:52:44,535.27
2022-03-29 00:52:49,535.27
2022-03-29 00:52:54,535.2
2022-03-29 00:52:59,535.2
2022-03-29 00:53:04,535.21
2022-03-29 00:53:09,535.2
2022-03-29 00:53:14,535.2
2022-03-29 00:53:19,535.2
2022-03-29 00:53:24,535.2
2022-03-29 00:53:29,535.17
2022-03-29 00:53:34,535.17
2022-03-29 00:53:39,535.17
2022-03-29 00:53:44,535.17
2022-03-29 00:53:49,535.17
2022-03-29 00:53:54,535.18
2022-03-29 00:53:59,535.11
2022-03-29 00:54:04,535.11
2022-03-29 00:54:09,535.04
2022-03-29 00:54:14,535.04
2022-03-29 00:54:19,535.04
2022-03-29 00:54:24,535.04
2022-03-29 00:54:29,535.04
2022-03-29 00:54:34,534.98
2022-03-29 00:54:39,534.98
2022-03-29 00:54:44,534.92
2022-03-29 00:54:49,534.92
2022-03-29 00:54:54,534.88
2022-03-29 00:54:59,534.82
2022-03-29 00:55:04,534.82
2022-03-29 00:55:09,534.76
2022-03-29 00:55:14,534.76
2022-03-29 00:55:19,534.82
2022-03-29 00:55:24,534.76
2022-03-29 00:55:29,534.69
2022-03-29 00:55:34,534.69
2022-03-29 00:55:39,534.6
2022-03-29 00:55:44,534.66
2022-03-29 00:55:49,534.54
2022-03-29 00:55:54,534.54
2022-03-29 00:55:59,534.4
2022-03-29 00:56:04,534.47
2022-03-29 00:56:09,534.47
2022-03-29 00:56:14,534.41
2022-03-29 00:56:19,534.41
2022-03-29 00:56:24,534.38
2022-03-29 00:56:29,534.31
2022-03-29 00:56:34,534.31
2022-03-29 00:56:39,534.32
2022-03-29 00:56:44,534.25
2022-03-29 00:56:49,534.32
2022-03-29 00:56:54,534.25
2022-03-29 00:56:59,534.25
2022-03-29 00:57:04,534.19
2022-03-29 00:57:09,534.19
2022-03-29 00:57:14,534.19
2022-03-29 00:57:19,534.26
2022-03-29 00:57:24,534.26
2022-03-29 00:57:29,534.19
2022-03-29 00:57:34,534.19
2022-03-29 00:57:39,534.2
2022-03-29 00:57:44,534.2
2022-03-29 00:57:49,534.19
2022-03-29 00:57:54,534.16
2022-03-29 00:57:59,534.19
2022-03-29 00:58:04,534.16
2022-03-29 00:58:09,534.16
2022-03-29 00:58:14,534.17
2022-03-29 00:58:19,534.17
2022-03-29 00:58:24,534.2
2022-03-29 00:58:29,534.2
2022-03-29 00:58:34,534.26
2022-03-29 00:58:39,534.2
2022-03-29 00:58:44,534.2
2022-03-29 00:58:49,534.26
2022-03-29 00:58:54,534.26
2022-03-29 00:58:59,534.26
2022-03-29 00:59:04,534.33
2022-03-29 00:59:09,534.39
2022-03-29 00:59:14,534.39
2022-03-29 00:59:19,534.39
2022-03-29 00:59:24,534.43
2022-03-29 00:59:29,534.43
2022-03-29 00:59:34,534.43
2022-03-29 00:59:39,534.43
2022-03-29 00:59:44,534.49
2022-03-29 00:59:49,534.55
2022-03-29 00:59:54,534.55
2022-03-29 00:59:59,534.62
2022-03-29 01:00:04,534.62
2022-03-29 01:00:09,534.62
2022-03-29 01:00:14,534.68
2022-03-29 01:00:19,534.72
2022-03-29 01:00:24,534.78
2022-03-29 01:00:29,534.78
2022-03-29 01:00:34,534.84
2022-03-29 01:00:39,534.84
2022-03-29 01:00:44,534.93
2022-03-29 01:00:49,534.93
2022-03-29 01:00:54,535.0
2022-03-29 01:00:59,535.0
2022-03-29 01:01:04,535.13
2022-03-29 01:01:09,535.19
2022-03-29 01:01:14,535.22
2022-03-29 01:01:19,535.29
2022-03-29 01:01:24,535.35
2022-03-29 01:01:29,535.41
2022-03-29 01:01:34,535.45
2022-03-29 01:01:39,535.57
2022-03-29 01:01:44,535.64
2022-03-29 01:01:49,535.7
2022-03-29 01:01:54,535.8
2022-03-29 01:01:59,535.8
2022-03-29 01:02:04,535.92
2022-03-29 01:02:09,535.92
2022-03-29 01:02:14,536.02
2022-03-29 01:02:19,536.09
2022-03-29 01:02:24,536.09
2022-03-29 01:02:29,536.15
2022-03-29 01:02:34,536.21
2022-03-29 01:02:39,536.21
2022-03-29 01:02:44,536.24
2022-03-29 01:02:49,536.3
2022-03-29 01:02:54,536.3
2022-03-29 01:02:59,536.37
2022-03-29 01:03:04,536.37
2022-03-29 01:03:09,536.37
2022-03-29 01:03:14,536.37
2022-03-29 01:03:19,536.43
2022-03-29 01:03:24,536.46
2022-03-29 01:03:29,536.43
2022-03-29 01:03:34,536.46
2022-03-29 01:03:39,536.43
2022-03-29 01:03:44,536.43
2022-03-29 01:03:49,536.43
2022-03-29 01:03:54,536.43
2022-03-29 01:03:59,536.43
2022-03-29 01:04:04,536.43
2022-03-29 01:04:09,536.36
2022-03-29 01:04:14,536.36
2022-03-29 01:04:19,536.36
2022-03-29 01:04:24,536.3
2022-03-29 01:04:29,536.3
2022-03-29 01:04:34,536.23
2022-03-29 01:04:39,536.23
2022-03-29 01:04:44,536.2
2022-03-29 01:04:49,536.13
2022-03-29 01:04:54,536.19
2022-03-29 01:04:59,536.07
2022-03-29 01:05:04,536.0
2022-03-29 01:05:09,535.94
2022-03-29 01:05:14,535.94
2022-03-29 01:05:19,535.9
2022-03-29 01:05:24,535.84
2022-03-29 01:05:29,535.9
2022-03-29 01:05:34,535.78
2022-03-29 01:05:39,535.77
2022-03-29 01:05:44,535.71
2022-03-29 01:05:49,535.68
2022-03-29 01:05:54,535.61
2022-03-29 01:05:59,535.55
2022-03-29 01:06:04,535.48
2022-03-29 01:06:09,535.49
2022-03-29 01:06:14,535.42
2022-03-29 01:06:19,535.39
2022-03-29 01:06:24,535.32
2022-03-29 01:06:29,535.32
2022-03-29 01:06:34,535.2
2022-03-29 01:06:39,535.26
2022-03-29 01:06:44,535.16
2022-03-29 01:06:49,535.1
2022-03-29 01:06:54,535.1
2022-03-29 01:06:59,535.1
2022-03-29 01:07:04,534.97
2022-03-29 01:07:09,534.97
2022-03-29 01:07:14,534.97
2022-03-29 01:07:19,534.97
2022-03-29 01:07:24,534.88
2022-03-29 01:07:29,534.88
2022-03-29 01:07:34,534.88
2022-03-29 01:07:39,534.81
2022-03-29 01:07:44,534.81
2022-03-29 01:07:49,534.75
2022-03-29 01:07:54,534.75
2022-03-29 01:07:59,534.69
2022-03-29 01:08:04,534.66
2022-03-29 01:08:09,534.66
2022-03-29 01:08:14,534.59
2022-03-29 01:08:19,534.59
2022-03-29 01:08:24,534.59
2022-03-29 01:08:29,534.53
2022-03-29 01:08:34,534.47
2022-03-29 01:08:39,534.47
2022-03-29 01:08:44,534.47
2022-03-29 01:08:49,534.4
2022-03-29 01:08:54,534.37
2022-03-29 01:08:59,534.37
2022-03-29 01:09:04,534.37
2022-03-29 01:09:09,534.37
2022-03-29 01:09:14,534.38
2022-03-29 01:09:19,534.25
2022-03-29 01:09:24,534.31
2022-03-29 01:09:29,534.25
2022-03-29 01:09:34,534.25
2022-03-29 01:09:39,534.25
2022-03-29 01:09:44,534.18
2022-03-29 01:09:49,537.71
2022-03-29 01:09:54,534.25
2022-03-29 01:09:59,534.18
2022-03-29 01:10:04,534.15
2022-03-29 01:10:09,534.15
2022-03-29 01:10:14,534.15
2022-03-29 01:10:19,534.09
2022-03-29 01:10:24,534.09
2022-03-29 01:10:29,534.09
2022-03-29 01:10:34,534.03
2022-03-29 01:10:39,534.03
2022-03-29 01:10:44,534.09
2022-03-29 01:10:49,533.97
2022-03-29 01:10:54,533.96
2022-03-29 01:10:59,533.97
2022-03-29 01:11:04,533.97
2022-03-29 01:11:09,533.97
2022-03-29 01:11:14,533.97
2022-03-29 01:11:19,533.9
2022-03-29 01:11:24,533.9
2022-03-29 01:11:29,533.9
2022-03-29 01:11:34,533.9
2022-03-29 01:11:39,533.87
2022-03-29 01:11:44,533.87
2022-03-29 01:11:49,533.87
2022-03-29 01:11:54,533.87
2022-03-29 01:11:59,533.87
2022-03-29 01:12:04,533.8
2022-03-29 01:12:09,533.81
2022-03-29 01:12:14,533.87
2022-03-29 01:12:19,533.87
2022-03-29 01:12:24,533.87
2022-03-29 01:12:29,533.9
2022-03-29 01:12:34,533.9
2022-03-29 01:12:39,533.9
2022-03-29 01:12:44,533.9
2022-03-29 01:12:49,533.9
2022-03-29 01:12:54,533.9
2022-03-29 01:12:59,533.9
2022-03-29 01:13:04,533.9
2022-03-29 01:13:09,533.9
2022-03-29 01:13:14,533.87
2022-03-29 01:13:19,533.86
2022-03-29 01:13:24,533.86
2022-03-29 01:13:29,533.86
2022-03-29 01:13:34,533.8
2022-03-29 01:13:39,533.8
2022-03-29 01:13:44,533.8
2022-03-29 01:13:49,533.73
2022-03-29 01:13:54,533.67
2022-03-29 01:13:59,533.67
2022-03-29 01:14:04,533.67
2022-03-29 01:14:09,533.63
2022-03-29 01:14:14,533.63
2022-03-29 01:14:19,533.57
2022-03-29 01:14:24,533.57
2022-03-29 01:14:29,533.5
2022-03-29 01:14:34,533.44
2022-03-29 01:14:39,533.44
2022-03-29 01:14:44,533.37
2022-03-29 01:14:49,533.37
2022-03-29 01:14:54,533.34
2022-03-29 01:14:59,533.27
2022-03-29 01:15:04,533.21
2022-03-29 01:15:09,533.21
2022-03-29 01:15:14,533.14
2022-03-29 01:15:19,533.11
2022-03-29 01:15:24,533.04
2022-03-29 01:15:29,533.04
2022-03-29 01:15:34,532.97
2022-03-29 01:15:39,532.97
2022-03-29 01:15:44,532.91
2022-03-29 01:15:49,532.84
2022-03-29 01:15:54,532.84
2022-03-29 01:15:59,532.81
2022-03-29 01:16:04,532.75
2022-03-29 01:16:09,532.74
2022-03-29 01:16:14,532.68
2022-03-29 01:16:19,532.74
2022-03-29 01:16:24,532.68
2022-03-29 01:16:29,532.61
2022-03-29 01:16:34,532.61
2022-03-29 01:16:39,532.61
2022-03-29 01:16:44,532.61
2022-03-29 01:16:49,532.58
2022-03-29 01:16:54,532.52
2022-03-29 01:16:59,532.52
2022-03-29 01:17:04,532.58
2022-03-29 01:17:09,532.52
2022-03-29 01:17:14,532.52
2022-03-29 01:17:19,532.45
2022-03-29 01:17:24,532.39
2022-03-29 01:17:29,532.45
2022-03-29 01:17:34,532.39
2022-03-29 01:17:39,532.39
2022-03-29 01:17:44,532.45
2022-03-29 01:17:49,532.39
2022-03-29 01:17:54,532.39
2022-03-29 01:17:59,532.39
2022-03-29 01:18:04,532.38
2022-03-29 01:18:09,532.39
2022-03-29 01:18:14,532.32
2022-03-29 01:18:19,532.32
2022-03-29 01:18:24,532.32
2022-03-29 01:18:29,532.29
2022-03-29 01:18:34,532.29
2022-03-29 01:18:39,532.29
2022-03-29 01:18:44,532.23
2022-03-29 01:18:49,532.23
2022-03-29 01:18:54,532.23
2022-03-29 01:18:59,532.23
2022-03-29 01:19:04,532.23
2022-03-29 01:19:09,532.23
2022-03-29 01:19:14,532.23
2022-03-29 01:19:19,532.23
2022-03-29 01:19:24,532.16
2022-03-29 01:19:29,532.16
2022-03-29 01:19:34,532.16
2022-03-29 01:19:39,532.17
2022-03-29 01:19:44,532.17
2022-03-29 01:19:49,532.17
2022-03-29 01:19:54,537.71
2022-03-29 01:19:59,532.23
2022-03-29 01:20:04,532.17
2022-03-29 01:20:09,532.17
2022-03-29 01:20:14,532.17
2022-03-29 01:20:19,532.17
2022-03-29 01:20:24,532.17
2022-03-29 01:20:29,532.3
2022-03-29 01:20:34,532.3
2022-03-29 01:20:39,532.3
2022-03-29 01:20:44,532.33
2022-03-29 01:20:49,532.3
2022-03-29 01:20:54,532.34
2022-03-29 01:20:59,532.4
2022-03-29 01:21:04,532.4
2022-03-29 01:21:09,532.47
2022-03-29 01:21:14,532.53
2022-03-29 01:21:19,532.6
2022-03-29 01:21:24,532.6
2022-03-29 01:21:29,532.63
2022-03-29 01:21:34,532.69
2022-03-29 01:21:39,532.7
2022-03-29 01:21:44,532.76
2022-03-29 01:21:49,532.82
2022-03-29 01:21:54,532.83
2022-03-29 01:21:59,532.86
2022-03-29 01:22:04,532.93
2022-03-29 01:22:09,532.99
2022-03-29 01:22:14,533.06
2022-03-29 01:22:19,533.12
2022-03-29 01:22:24,533.12
2022-03-29 01:22:29,533.15
2022-03-29 01:22:34,533.22
2022-03-29 01:22:39,533.28
2022-03-29 01:22:44,533.35
2022-03-29 01:22:49,533.35
2022-03-29 01:22:54,533.35
2022-03-29 01:22:59,533.38
2022-03-29 01:23:04,533.45
2022-03-29 01:23:09,533.51
2022-03-29 01:23:14,533.51
2022-03-29 01:23:19,533.51
2022-03-29 01:23:24,533.57
2022-03-29 01:23:29,533.64
2022-03-29 01:23:34,533.64
2022-03-29 01:23:39,533.64
2022-03-29 01:23:44,533.67
2022-03-29 01:23:49,533.67
2022-03-29 01:23:54,533.74
2022-03-29 01:23:59,533.67
2022-03-29 01:24:04,533.74
2022-03-29 01:24:09,533.74
2022-03-29 01:24:14,533.74
2022-03-29 01:24:19,533.8
2022-03-29 01:24:24,533.87
2022-03-29 01:24:29,533.8
2022-03-29 01:24:34,533.86
2022-03-29 01:24:39,533.87
2022-03-29 01:24:44,533.86
2022-03-29 01:24:49,533.86
2022-03-29 01:24:54,533.86
2022-03-29 01:24:59,533.86
2022-03-29 01:25:04,533.9
2022-03-29 01:25:09,533.9
2022-03-29 01:25:14,533.86
2022-03-29 01:25:19,533.86
2022-03-29 01:25:24,533.86
2022-03-29 01:25:29,533.86
2022-03-29 01:25:34,533.86
2022-03-29 01:25:39,533.86
2022-03-29 01:25:44,533.8
2022-03-29 01:25:49,533.79
2022-03-29 01:25:54,533.8
2022-03-29 01:25:59,533.79
2022-03-29 01:26:04,533.79
2022-03-29 01:26:09,533.79
2022-03-29 01:26:14,533.73
2022-03-29 01:26:19,533.66
2022-03-29 01:26:24,533.66
2022-03-29 01:26:29,533.63
2022-03-29 01:26:34,533.56
2022-03-29 01:26:39,533.56
2022-03-29 01:26:44,533.5
2022-03-29 01:26:49,533.43
2022-03-29 01:26:54,533.43
2022-03-29 01:26:59,533.37
2022-03-29 01:27:04,533.33
2022-03-29 01:27:09,533.27
2022-03-29 01:27:14,533.27
2022-03-29 01:27:19,533.2
2022-03-29 01:27:24,533.11
2022-03-29 01:27:29,533.1
2022-03-29 01:27:34,533.04
2022-03-29 01:27:39,532.97
2022-03-29 01:27:44,532.91
2022-03-29 01:27:49,532.84
2022-03-29 01:27:54,532.84
2022-03-29 01:27:59,532.81
2022-03-29 01:28:04,532.74
2022-03-29 01:28:09,532.61
2022-03-29 01:28:14,532.61
2022-03-29 01:28:19,532.58
2022-03-29 01:28:24,532.51
2022-03-29 01:28:29,532.45
2022-03-29 01:28:34,532.38
2022-03-29 01:28:39,532.29
2022-03-29 01:28:44,532.29
2022-03-29 01:28:49,532.22
2022-03-29 01:28:54,532.16
2022-03-29 01:28:59,532.09
2022-03-29 01:29:04,532.16
2022-03-29 01:29:09,532.06
2022-03-29 01:29:14,532.06
2022-03-29 01:29:19,532.06
2022-03-29 01:29:24,532.06
2022-03-29 01:29:29,532.06
2022-03-29 01:29:34,532.06
2022-03-29 01:29:39,532.06
2022-03-29 01:29:44,532.06
2022-03-29 01:29:49,532.06
2022-03-29 01:29:54,532.06
2022-03-29 01:29:59,532.09
2022-03-29 01:30:04,532.06
2022-03-29 01:30:09,532.09
2022-03-29 01:30:14,532.09
2022-03-29 01:30:19,532.09
2022-03-29 01:30:24,532.16
2022-03-29 01:30:29,532.15
2022-03-29 01:30:34,532.16
2022-03-29 01:30:39,532.22
2022-03-29 01:30:44,532.22
2022-03-29 01:30:49,532.28
2022-03-29 01:30:54,532.28
2022-03-29 01:30:59,532.28
2022-03-29 01:31:04,532.32
2022-03-29 01:31:09,532.38
2022-03-29 01:31:14,532.45
2022-03-29 01:31:19,532.51
2022-03-29 01:31:24,532.45
2022-03-29 01:31:29,532.51
2022-03-29 01:31:34,532.61
2022-03-29 01:31:39,532.61
2022-03-29 01:31:44,532.67
2022-03-29 01:31:49,532.67
2022-03-29 01:31:54,532.74
2022-03-29 01:31:59,532.8
2022-03-29 01:32:04,532.8
2022-03-29 01:32:09,532.8
2022-03-29 01:32:14,532.84
2022-03-29 01:32:19,532.84
2022-03-29 01:32:24,532.84
2022-03-29 01:32:29,532.84
2022-03-29 01:32:34,532.9
2022-03-29 01:32:39,532.9
2022-03-29 01:32:44,532.97
2022-03-29 01:32:49,532.97
2022-03-29 01:32:54,532.97
2022-03-29 01:32:59,532.97
2022-03-29 01:33:04,532.97
2022-03-29 01:33:09,533.04
2022-03-29 01:33:14,533.04
2022-03-29 01:33:19,532.97
2022-03-29 01:33:24,533.04
2022-03-29 01:33:29,533.03
2022-03-29 01:33:34,533.1
2022-03-29 01:33:39,533.1
2022-03-29 01:33:44,533.1
2022-03-29 01:33:49,533.1
2022-03-29 01:33:54,533.13
2022-03-29 01:33:59,533.27
2022-03-29 01:34:04,533.27
2022-03-29 01:34:09,533.33
2022-03-29 01:34:14,533.37
2022-03-29 01:34:19,533.43
2022-03-29 01:34:24,533.43
2022-03-29 01:34:29,533.5
2022-03-29 01:34:34,533.63
2022-03-29 01:34:39,533.62
2022-03-29 01:34:44,533.66
2022-03-29 01:34:49,533.72
2022-03-29 01:34:54,533.79
2022-03-29 01:34:59,533.79
2022-03-29 01:35:04,533.85
2022-03-29 01:35:09,533.89
2022-03-29 01:35:14,533.95
2022-03-29 01:35:19,534.01
2022-03-29 01:35:24,534.01
2022-03-29 01:35:29,534.08
2022-03-29 01:35:34,534.18
2022-03-29 01:35:39,534.18
2022-03-29 01:35:44,534.24
2022-03-29 01:35:49,534.3
2022-03-29 01:35:54,534.37
2022-03-29 01:35:59,534.4
2022-03-29 01:36:04,534.53
2022-03-29 01:36:09,534.53
2022-03-29 01:36:14,534.66
2022-03-29 01:36:19,534.69
2022-03-29 01:36:24,534.75
2022-03-29 01:36:29,534.88
2022-03-29 01:36:34,534.92
2022-03-29 01:36:39,534.98
2022-03-29 01:36:44,535.11
2022-03-29 01:36:49,535.17
2022-03-29 01:36:54,535.27
2022-03-29 01:36:59,535.33
2022-03-29 01:37:04,535.43
2022-03-29 01:37:09,535.56
2022-03-29 01:37:14,535.62
2022-03-29 01:37:19,535.72
2022-03-29 01:37:24,535.78
2022-03-29 01:37:29,535.85
2022-03-29 01:37:34,535.94
2022-03-29 01:37:39,536.07
2022-03-29 01:37:44,536.2
2022-03-29 01:37:49,536.3
2022-03-29 01:37:54,536.36
2022-03-29 01:37:59,536.45
2022-03-29 01:38:04,536.58
2022-03-29 01:38:09,536.71
2022-03-29 01:38:14,536.74
2022-03-29 01:38:19,536.87
2022-03-29 01:38:24,536.94
2022-03-29 01:38:29,537.03
2022-03-29 01:38:34,537.16
2022-03-29 01:38:39,537.22
2022-03-29 01:38:44,537.25
2022-03-29 01:38:49,537.38
2022-03-29 01:38:54,537.45
2022-03-29 01:38:59,537.48
2022-03-29 01:39:04,537.54
2022-03-29 01:39:09,537.6
2022-03-29 01:39:14,537.67
2022-03-29 01:39:19,537.76
2022-03-29 01:39:24,537.83
2022-03-29 01:39:29,537.89
2022-03-29 01:39:34,537.89
2022-03-29 01:39:39,537.95
2022-03-29 01:39:44,537.99
2022-03-29 01:39:49,538.05
2022-03-29 01:39:54,538.12
2022-03-29 01:39:59,538.18
2022-03-29 01:40:04,538.17
2022-03-29 01:40:09,538.24
2022-03-29 01:40:14,538.27
2022-03-29 01:40:19,538.33
2022-03-29 01:40:24,538.33
2022-03-29 01:40:29,538.4
2022-03-29 01:40:34,538.46
2022-03-29 01:40:39,538.49
2022-03-29 01:40:44,538.56
2022-03-29 01:40:49,538.56
2022-03-29 01:40:54,538.56
2022-03-29 01:40:59,538.62
2022-03-29 01:41:04,538.68
2022-03-29 01:41:09,538.75
2022-03-29 01:41:14,538.75
2022-03-29 01:41:19,538.85
2022-03-29 01:41:24,538.85
2022-03-29 01:41:29,538.91
2022-03-29 01:41:34,538.91
2022-03-29 01:41:39,538.91
2022-03-29 01:41:44,538.91
2022-03-29 01:41:49,538.91
2022-03-29 01:41:54,538.97
2022-03-29 01:41:59,538.97
2022-03-29 01:42:04,538.97
2022-03-29 01:42:09,538.91
2022-03-29 01:42:14,538.97
2022-03-29 01:42:19,538.91
2022-03-29 01:42:24,538.91
2022-03-29 01:42:29,538.91
2022-03-29 01:42:34,538.84
2022-03-29 01:42:39,538.91
2022-03-29 01:42:44,538.84
2022-03-29 01:42:49,538.84
2022-03-29 01:42:54,538.78
2022-03-29 01:42:59,538.78
2022-03-29 01:43:04,538.78
2022-03-29 01:43:09,538.75
2022-03-29 01:43:14,538.75
2022-03-29 01:43:19,538.68
2022-03-29 01:43:24,538.62
2022-03-29 01:43:29,538.62
2022-03-29 01:43:34,538.55
2022-03-29 01:43:39,538.56
2022-03-29 01:43:44,538.49
2022-03-29 01:43:49,538.49
2022-03-29 01:43:54,538.46
2022-03-29 01:43:59,538.46
2022-03-29 01:44:04,538.39
2022-03-29 01:44:09,538.33
2022-03-29 01:44:14,538.33
2022-03-29 01:44:19,538.27
2022-03-29 01:44:24,538.27
2022-03-29 01:44:29,538.24
2022-03-29 01:44:34,538.24
2022-03-29 01:44:39,538.24
2022-03-29 01:44:44,538.17
2022-03-29 01:44:49,538.11
2022-03-29 01:44:54,538.11
2022-03-29 01:44:59,537.98
2022-03-29 01:45:04,538.05
2022-03-29 01:45:09,537.95
2022-03-29 01:45:14,537.95
2022-03-29 01:45:19,537.95
2022-03-29 01:45:24,537.89
2022-03-29 01:45:29,537.83
2022-03-29 01:45:34,537.83
2022-03-29 01:45:39,537.73
2022-03-29 01:45:44,537.67
2022-03-29 01:45:49,537.67
2022-03-29 01:45:54,537.67
2022-03-29 01:45:59,537.6
2022-03-29 01:46:04,537.54
2022-03-29 01:46:09,537.48
2022-03-29 01:46:14,537.45
2022-03-29 01:46:19,537.38
2022-03-29 01:46:24,537.32
2022-03-29 01:46:29,537.32
2022-03-29 01:46:34,537.22
2022-03-29 01:46:39,537.16
2022-03-29 01:46:44,537.1
2022-03-29 01:46:49,537.03
2022-03-29 01:46:54,536.97
2022-03-29 01:46:59,536.87
2022-03-29 01:47:04,536.81
2022-03-29 01:47:09,536.74
2022-03-29 01:47:14,536.71
2022-03-29 01:47:19,536.65
2022-03-29 01:47:24,536.58
2022-03-29 01:47:29,536.52
2022-03-29 01:47:34,536.46
2022-03-29 01:47:39,536.42
2022-03-29 01:47:44,536.36
2022-03-29 01:47:49,536.3
2022-03-29 01:47:54,536.23
2022-03-29 01:47:59,536.2
2022-03-29 01:48:04,536.13
2022-03-29 01:48:09,536.07
2022-03-29 01:48:14,536.01
2022-03-29 01:48:19,535.94
2022-03-29 01:48:24,535.91
2022-03-29 01:48:29,535.85
2022-03-29 01:48:34,535.72
2022-03-29 01:48:39,535.68
2022-03-29 01:48:44,535.56
2022-03-29 01:48:49,535.5
2022-03-29 01:48:54,535.43
2022-03-29 01:48:59,535.4
2022-03-29 01:49:04,535.27
2022-03-29 01:49:09,535.27
2022-03-29 01:49:14,535.2
2022-03-29 01:49:19,535.11
2022-03-29 01:49:24,535.04
2022-03-29 01:49:29,534.98
2022-03-29 01:49:34,534.91
2022-03-29 01:49:39,534.81
2022-03-29 01:49:44,534.81
2022-03-29 01:49:49,534.75
2022-03-29 01:49:54,534.65
2022-03-29 01:49:59,534.65
2022-03-29 01:50:04,534.59
2022-03-29 01:50:09,534.52
2022-03-29 01:50:14,534.46
2022-03-29 01:50:19,534.39
2022-03-29 01:50:24,534.36
2022-03-29 01:50:29,534.3
2022-03-29 01:50:34,534.3
2022-03-29 01:50:39,534.17
2022-03-29 01:50:44,534.17
2022-03-29 01:50:49,534.17
2022-03-29 01:50:54,534.07
2022-03-29 01:50:59,534.07
2022-03-29 01:51:04,534.0
2022-03-29 01:51:09,534.0
2022-03-29 01:51:14,533.94
2022-03-29 01:51:19,533.94
2022-03-29 01:51:24,533.94
2022-03-29 01:51:29,533.84
2022-03-29 01:51:34,533.84
2022-03-29 01:51:39,533.84
2022-03-29 01:51:44,533.84
2022-03-29 01:51:49,533.77
2022-03-29 01:51:54,533.71
2022-03-29 01:51:59,533.71
2022-03-29 01:52:04,533.71
2022-03-29 01:52:09,533.64
2022-03-29 01:52:14,533.64
2022-03-29 01:52:19,533.61
2022-03-29 01:52:24,533.61
2022-03-29 01:52:29,533.61
2022-03-29 01:52:34,533.61
2022-03-29 01:52:39,533.61
2022-03-29 01:52:44,533.54
2022-03-29 01:52:49,533.54
2022-03-29 01:52:54,533.54
2022-03-29 01:52:59,533.54
2022-03-29 01:53:04,533.54
2022-03-29 01:53:09,533.6
2022-03-29 01:53:14,533.54
2022-03-29 01:53:19,533.6
2022-03-29 01:53:24,533.6
2022-03-29 01:53:29,533.6
2022-03-29 01:53:34,533.6
2022-03-29 01:53:39,533.63
2022-03-29 01:53:44,533.6
2022-03-29 01:53:49,533.63
2022-03-29 01:53:54,533.63
2022-03-29 01:53:59,533.7
2022-03-29 01:54:04,533.7
2022-03-29 01:54:09,533.76
2022-03-29 01:54:14,533.76
2022-03-29 01:54:19,533.82
2022-03-29 01:54:24,533.85
2022-03-29 01:54:29,533.85
2022-03-29 01:54:34,537.71
2022-03-29 01:54:39,533.92
2022-03-29 01:54:44,533.92
2022-03-29 01:54:49,533.92
2022-03-29 01:54:54,534.05
2022-03-29 01:54:59,534.05
2022-03-29 01:55:04,534.05
2022-03-29 01:55:09,534.11
2022-03-29 01:55:14,534.14
2022-03-29 01:55:19,534.15
2022-03-29 01:55:24,534.21
2022-03-29 01:55:29,534.21
2022-03-29 01:55:34,534.34
2022-03-29 01:55:39,534.34
2022-03-29 01:55:44,534.37
2022-03-29 01:55:49,534.37
2022-03-29 01:55:54,534.5
2022-03-29 01:55:59,534.5
2022-03-29 01:56:04,534.57
2022-03-29 01:56:09,534.63
2022-03-29 01:56:14,534.66
2022-03-29 01:56:19,534.66
2022-03-29 01:56:24,534.73
2022-03-29 01:56:29,534.79
2022-03-29 01:56:34,534.79
2022-03-29 01:56:39,534.89
2022-03-29 01:56:44,534.95
2022-03-29 01:56:49,535.02
2022-03-29 01:56:54,535.09
2022-03-29 01:56:59,535.15
2022-03-29 01:57:04,535.18
2022-03-29 01:57:09,535.25
2022-03-29 01:57:14,535.25
2022-03-29 01:57:19,535.38
2022-03-29 01:57:24,535.38
2022-03-29 01:57:29,535.41
2022-03-29 01:57:34,535.48
2022-03-29 01:57:39,535.54
2022-03-29 01:57:44,535.54
2022-03-29 01:57:49,535.67
2022-03-29 01:57:54,535.61
2022-03-29 01:57:59,535.7
2022-03-29 01:58:04,535.7
2022-03-29 01:58:09,535.77
2022-03-29 01:58:14,535.77
2022-03-29 01:58:19,535.77
2022-03-29 01:58:24,535.84
2022-03-29 01:58:29,535.84
2022-03-29 01:58:34,535.84
2022-03-29 01:58:39,535.9
2022-03-29 01:58:44,535.9
2022-03-29 01:58:49,535.9
2022-03-29 01:58:54,535.91
2022-03-29 01:58:59,535.94
2022-03-29 01:59:04,535.91
2022-03-29 01:59:09,535.94
2022-03-29 01:59:14,535.91
2022-03-29 01:59:19,535.94
2022-03-29 01:59:24,535.94
2022-03-29 01:59:29,536.01
2022-03-29 01:59:34,535.94
2022-03-29 01:59:39,535.95
2022-03-29 01:59:44,536.01
2022-03-29 01:59:49,536.01
2022-03-29 01:59:54,535.95
2022-03-29 01:59:59,535.95
2022-03-29 02:00:04,536.01
2022-03-29 02:00:09,536.01
2022-03-29 02:00:14,536.01
2022-03-29 02:00:19,535.95
2022-03-29 02:00:24,535.95
2022-03-29 02:00:29,535.95
2022-03-29 02:00:34,535.95
2022-03-29 02:00:39,535.95
2022-03-29 02:00:44,535.92
2022-03-29 02:00:49,535.85
2022-03-29 02:00:54,535.85
2022-03-29 02:00:59,535.79
2022-03-29 02:01:04,535.73
2022-03-29 02:01:09,535.73
2022-03-29 02:01:14,535.7
2022-03-29 02:01:19,535.63
2022-03-29 02:01:24,535.63
2022-03-29 02:01:29,535.56
2022-03-29 02:01:34,535.5
2022-03-29 02:01:39,535.5
2022-03-29 02:01:44,535.44
2022-03-29 02:01:49,535.4
2022-03-29 02:01:54,535.4
2022-03-29 02:01:59,535.34
2022-03-29 02:02:04,535.27
2022-03-29 02:02:09,535.21
2022-03-29 02:02:14,535.18
2022-03-29 02:02:19,535.11
2022-03-29 02:02:24,535.05
2022-03-29 02:02:29,534.98
2022-03-29 02:02:34,534.92
2022-03-29 02:02:39,534.89
2022-03-29 02:02:44,534.88
2022-03-29 02:02:49,534.76
2022-03-29 02:02:54,534.69
2022-03-29 02:02:59,534.69
2022-03-29 02:03:04,534.6
2022-03-29 02:03:09,534.53
2022-03-29 02:03:14,534.53
2022-03-29 02:03:19,534.46
2022-03-29 02:03:24,534.37
2022-03-29 02:03:29,534.37
2022-03-29 02:03:34,534.3
2022-03-29 02:03:39,534.23
2022-03-29 02:03:44,534.17
2022-03-29 02:03:49,534.14
2022-03-29 02:03:54,534.07
2022-03-29 02:03:59,534.07
2022-03-29 02:04:04,534.01
2022-03-29 02:04:09,533.94
2022-03-29 02:04:14,533.88
2022-03-29 02:04:19,533.78
2022-03-29 02:04:24,533.78
2022-03-29 02:04:29,533.71
2022-03-29 02:04:34,533.65
2022-03-29 02:04:39,533.65
2022-03-29 02:04:44,533.62
2022-03-29 02:04:49,533.55
2022-03-29 02:04:54,533.48
2022-03-29 02:04:59,533.42
2022-03-29 02:05:04,533.42
2022-03-29 02:05:09,533.42
2022-03-29 02:05:14,533.35
2022-03-29 02:05:19,533.35
2022-03-29 02:05:24,533.35
2022-03-29 02:05:29,533.32
2022-03-29 02:05:34,533.32
2022-03-29 02:05:39,533.25
2022-03-29 02:05:44,533.19
2022-03-29 02:05:49,533.19
2022-03-29 02:05:54,533.19
2022-03-29 02:05:59,533.19
2022-03-29 02:06:04,533.12
2022-03-29 02:06:09,533.19
2022-03-29 02:06:14,533.12
2022-03-29 02:06:19,533.12
2022-03-29 02:06:24,533.12
2022-03-29 02:06:29,533.12
2022-03-29 02:06:34,533.12
2022-03-29 02:06:39,533.18
2022-03-29 02:06:44,533.18
2022-03-29 02:06:49,533.18
2022-03-29 02:06:54,533.18
2022-03-29 02:06:59,533.18
2022-03-29 02:07:04,533.18
2022-03-29 02:07:09,533.25
2022-03-29 02:07:14,533.25
2022-03-29 02:07:19,533.25
2022-03-29 02:07:24,533.31
2022-03-29 02:07:29,533.25
2022-03-29 02:07:34,533.25
2022-03-29 02:07:39,533.31
2022-03-29 02:07:44,533.31
2022-03-29 02:07:49,533.34
2022-03-29 02:07:54,533.34
2022-03-29 02:07:59,533.34
2022-03-29 02:08:04,533.41
2022-03-29 02:08:09,533.41
2022-03-29 02:08:14,533.48
2022-03-29 02:08:19,533.48
2022-03-29 02:08:24,533.54
2022-03-29 02:08:29,533.6
2022-03-29 02:08:34,533.6
2022-03-29 02:08:39,533.64
2022-03-29 02:08:44,533.77
2022-03-29 02:08:49,533.77
2022-03-29 02:08:54,533.83
2022-03-29 02:08:59,533.83
2022-03-29 02:09:04,533.83
2022-03-29 02:09:09,533.93
2022-03-29 02:09:14,533.93
2022-03-29 02:09:19,533.99
2022-03-29 02:09:24,534.06
2022-03-29 02:09:29,534.12
2022-03-29 02:09:34,534.16
2022-03-29 02:09:39,534.16
2022-03-29 02:09:44,534.16
2022-03-29 02:09:49,534.29
2022-03-29 02:09:54,534.29
2022-03-29 02:09:59,534.29
2022-03-29 02:10:04,534.35
2022-03-29 02:10:09,534.35
2022-03-29 02:10:14,534.45
2022-03-29 02:10:19,534.45
2022-03-29 02:10:24,534.45
2022-03-29 02:10:29,534.52
2022-03-29 02:10:34,534.58
2022-03-29 02:10:39,534.58
2022-03-29 02:10:44,534.65
2022-03-29 02:10:49,534.65
2022-03-29 02:10:54,534.65
2022-03-29 02:10:59,534.65
2022-03-29 02:11:04,534.69
2022-03-29 02:11:09,534.75
2022-03-29 02:11:14,534.75
2022-03-29 02:11:19,534.81
2022-03-29 02:11:24,534.81
2022-03-29 02:11:29,534.82
2022-03-29 02:11:34,534.88
2022-03-29 02:11:39,534.88
2022-03-29 02:11:44,534.92
2022-03-29 02:11:49,534.92
2022-03-29 02:11:54,534.92
2022-03-29 02:11:59,534.92
2022-03-29 02:12:04,534.98
2022-03-29 02:12:09,534.92
2022-03-29 02:12:14,534.98
2022-03-29 02:12:19,534.98
2022-03-29 02:12:24,534.92
2022-03-29 02:12:29,534.92
2022-03-29 02:12:34,534.92
2022-03-29 02:12:39,534.92
2022-03-29 02:12:44,534.92
2022-03-29 02:12:49,534.92
2022-03-29 02:12:54,534.92
2022-03-29 02:12:59,534.92
2022-03-29 02:13:04,534.89
2022-03-29 02:13:09,534.89
2022-03-29 02:13:14,534.89
2022-03-29 02:13:19,534.89
2022-03-29 02:13:24,534.82
2022-03-29 02:13:29,534.83
2022-03-29 02:13:34,534.82
2022-03-29 02:13:39,534.82
2022-03-29 02:13:44,534.76
2022-03-29 02:13:49,534.76
2022-03-29 02:13:54,534.76
2022-03-29 02:13:59,534.69
2022-03-29 02:14:04,534.69
2022-03-29 02:14:09,534.69
2022-03-29 02:14:14,534.69
2022-03-29 02:14:19,534.66
2022-03-29 02:14:24,534.66
2022-03-29 02:14:29,534.66
2022-03-29 02:14:34,534.66
2022-03-29 02:14:39,534.66
2022-03-29 02:14:44,534.6
2022-03-29 02:14:49,534.6
2022-03-29 02:14:54,534.59
2022-03-29 02:14:59,534.53
2022-03-29 02:15:04,534.53
2022-03-29 02:15:09,534.47
2022-03-29 02:15:14,534.4
2022-03-29 02:15:19,534.47
2022-03-29 02:15:24,534.37
2022-03-29 02:15:29,534.37
2022-03-29 02:15:34,534.36
2022-03-29 02:15:39,534.3
2022-03-29 02:15:44,534.23
2022-03-29 02:15:49,534.23
2022-03-29 02:15:54,534.17
2022-03-29 02:15:59,534.17
2022-03-29 02:16:04,534.14
2022-03-29 02:16:09,534.14
2022-03-29 02:16:14,534.07
2022-03-29 02:16:19,534.01
2022-03-29 02:16:24,533.94
2022-03-29 02:16:29,533.94
2022-03-29 02:16:34,533.88
2022-03-29 02:16:39,533.84
2022-03-29 02:16:44,533.84
2022-03-29 02:16:49,533.71
2022-03-29 02:16:54,533.65
2022-03-29 02:16:59,533.62
2022-03-29 02:17:04,533.55
2022-03-29 02:17:09,533.55
2022-03-29 02:17:14,533.42
2022-03-29 02:17:19,533.35
2022-03-29 02:17:24,533.35
2022-03-29 02:17:29,533.32
2022-03-29 02:17:34,533.25
2022-03-29 02:17:39,533.25
2022-03-29 02:17:44,533.19
2022-03-29 02:17:49,533.12
2022-03-29 02:17:54,533.12
2022-03-29 02:17:59,533.09
2022-03-29 02:18:04,533.09
2022-03-29 02:18:09,533.02
2022-03-29 02:18:14,533.02
2022-03-29 02:18:19,532.96
2022-03-29 02:18:24,532.96
2022-03-29 02:18:29,532.96
2022-03-29 02:18:34,532.96
2022-03-29 02:18:39,532.89
2022-03-29 02:18:44,532.83
2022-03-29 02:18:49,532.83
2022-03-29 02:18:54,532.83
2022-03-29 02:18:59,532.83
2022-03-29 02:19:04,532.8
2022-03-29 02:19:09,532.8
2022-03-29 02:19:14,532.79
2022-03-29 02:19:19,532.73
2022-03-29 02:19:24,532.67
2022-03-29 02:19:29,532.73
2022-03-29 02:19:34,532.66
2022-03-29 02:19:39,532.6
2022-03-29 02:19:44,532.6
2022-03-29 02:19:49,532.6
2022-03-29 02:19:54,532.6
2022-03-29 02:19:59,532.6
2022-03-29 02:20:04,532.57
2022-03-29 02:20:09,532.57
2022-03-29 02:20:14,532.57
2022-03-29 02:20:19,532.57
2022-03-29 02:20:24,532.57
2022-03-29 02:20:29,532.5
2022-03-29 02:20:34,532.5
2022-03-29 02:20:39,532.5
2022-03-29 02:20:44,532.5
2022-03-29 02:20:49,532.51
2022-03-29 02:20:54,532.44
2022-03-29 02:20:59,532.44
2022-03-29 02:21:04,532.38
2022-03-29 02:21:09,532.44
2022-03-29 02:21:14,532.31
2022-03-29 02:21:19,532.31
2022-03-29 02:21:24,532.31
2022-03-29 02:21:29,532.28
2022-03-29 02:21:34,532.28
2022-03-29 02:21:39,532.22
2022-03-29 02:21:44,532.22
2022-03-29 02:21:49,532.16
2022-03-29 02:21:54,532.16
2022-03-29 02:21:59,532.16
2022-03-29 02:22:04,532.16
2022-03-29 02:22:09,532.09
2022-03-29 02:22:14,532.09
2022-03-29 02:22:19,532.09
2022-03-29 02:22:24,532.06
2022-03-29 02:22:29,532.06
2022-03-29 02:22:34,532.0
2022-03-29 02:22:39,532.0
2022-03-29 02:22:44,532.0
2022-03-29 02:22:49,532.0
2022-03-29 02:22:54,531.87
2022-03-29 02:22:59,531.87
2022-03-29 02:23:04,531.81
2022-03-29 02:23:09,531.81
2022-03-29 02:23:14,531.78
2022-03-29 02:23:19,531.72
2022-03-29 02:23:24,531.72
2022-03-29 02:23:29,531.59
2022-03-29 02:23:34,531.59
2022-03-29 02:23:39,531.59
2022-03-29 02:23:44,531.56
2022-03-29 02:23:49,531.5
2022-03-29 02:23:54,531.43
2022-03-29 02:23:59,531.37
2022-03-29 02:24:04,531.3
2022-03-29 02:24:09,531.3
2022-03-29 02:24:14,531.27
2022-03-29 02:24:19,531.21
2022-03-29 02:24:24,531.21
2022-03-29 02:24:29,531.21
2022-03-29 02:24:34,531.15
2022-03-29 02:24:39,531.15
2022-03-29 02:24:44,531.08
2022-03-29 02:24:49,531.05
2022-03-29 02:24:54,531.05
2022-03-29 02:24:59,530.99
2022-03-29 02:25:04,530.92
2022-03-29 02:25:09,530.92
2022-03-29 02:25:14,530.86
2022-03-29 02:25:19,530.79
2022-03-29 02:25:24,530.76
2022-03-29 02:25:29,530.76
2022-03-29 02:25:34,530.76
2022-03-29 02:25:39,530.7
2022-03-29 02:25:44,530.63
2022-03-29 02:25:49,530.63
2022-03-29 02:25:54,530.63
2022-03-29 02:25:59,530.63
2022-03-29 02:26:04,530.57
2022-03-29 02:26:09,530.63
2022-03-29 02:26:14,530.57
2022-03-29 02:26:19,530.63
2022-03-29 02:26:24,530.63
2022-03-29 02:26:29,530.57
2022-03-29 02:26:34,537.71
2022-03-29 02:26:39,530.63
2022-03-29 02:26:44,530.7
2022-03-29 02:26:49,530.63
2022-03-29 02:26:54,530.63
2022-03-29 02:26:59,530.7
2022-03-29 02:27:04,530.63
2022-03-29 02:27:09,530.7
2022-03-29 02:27:14,530.7
2022-03-29 02:27:19,530.69
2022-03-29 02:27:24,530.69
2022-03-29 02:27:29,530.69
2022-03-29 02:27:34,530.69
2022-03-29 02:27:39,530.75
2022-03-29 02:27:44,530.79
2022-03-29 02:27:49,530.79
2022-03-29 02:27:54,530.85
2022-03-29 02:27:59,530.92
2022-03-29 02:28:04,530.85
2022-03-29 02:28:09,530.98
2022-03-29 02:28:14,530.91
2022-03-29 02:28:19,530.98
2022-03-29 02:28:24,531.04
2022-03-29 02:28:29,531.04
2022-03-29 02:28:34,531.04
2022-03-29 02:28:39,531.07
2022-03-29 02:28:44,531.14
2022-03-29 02:28:49,531.2
2022-03-29 02:28:54,531.26
2022-03-29 02:28:59,531.3
2022-03-29 02:29:04,531.36
2022-03-29 02:29:09,531.42
2022-03-29 02:29:14,531.49
2022-03-29 02:29:19,531.55
2022-03-29 02:29:24,531.58
2022-03-29 02:29:29,531.64
2022-03-29 02:29:34,531.77
2022-03-29 02:29:39,531.8
2022-03-29 02:29:44,531.87
2022-03-29 02:29:49,531.99
2022-03-29 02:29:54,532.06
2022-03-29 02:29:59,532.09
2022-03-29 02:30:04,532.16
2022-03-29 02:30:09,532.28
2022-03-29 02:30:14,532.31
2022-03-29 02:30:19,532.38
2022-03-29 02:30:24,532.44
2022-03-29 02:30:29,532.57
2022-03-29 02:30:34,532.6
2022-03-29 02:30:39,532.67
2022-03-29 02:30:44,532.79
2022-03-29 02:30:49,532.89
2022-03-29 02:30:54,532.95
2022-03-29 02:30:59,532.95
2022-03-29 02:31:04,533.02
2022-03-29 02:31:09,533.11
2022-03-29 02:31:14,533.18
2022-03-29 02:31:19,533.24
2022-03-29 02:31:24,533.31
2022-03-29 02:31:29,533.34
2022-03-29 02:31:34,533.4
2022-03-29 02:31:39,533.4
2022-03-29 02:31:44,533.46
2022-03-29 02:31:49,533.53
2022-03-29 02:31:54,533.53
2022-03-29 02:31:59,533.59
2022-03-29 02:32:04,533.63
2022-03-29 02:32:09,533.63
2022-03-29 02:32:14,533.63
2022-03-29 02:32:19,533.69
2022-03-29 02:32:24,533.75
2022-03-29 02:32:29,533.75
2022-03-29 02:32:34,533.75
2022-03-29 02:32:39,533.82
2022-03-29 02:32:44,533.82
2022-03-29 02:32:49,533.82
2022-03-29 02:32:54,533.85
2022-03-29 02:32:59,533.91
2022-03-29 02:33:04,533.85
2022-03-29 02:33:09,533.91
2022-03-29 02:33:14,533.92
2022-03-29 02:33:19,533.92
2022-03-29 02:33:24,533.91
2022-03-29 02:33:29,533.91
2022-03-29 02:33:34,533.92
2022-03-29 02:33:39,533.91
2022-03-29 02:33:44,533.92
2022-03-29 02:33:49,533.92
2022-03-29 02:33:54,533.92
2022-03-29 02:33:59,533.92
2022-03-29 02:34:04,533.85
2022-03-29 02:34:09,533.85
2022-03-29 02:34:14,533.85
2022-03-29 02:34:19,533.85
2022-03-29 02:34:24,533.82
2022-03-29 02:34:29,533.82
2022-03-29 02:34:34,533.82
2022-03-29 02:34:39,533.82
2022-03-29 02:34:44,533.76
2022-03-29 02:34:49,533.7
2022-03-29 02:34:54,533.7
2022-03-29 02:34:59,533.7
2022-03-29 02:35:04,533.63
2022-03-29 02:35:09,533.64
2022-03-29 02:35:14,533.64
2022-03-29 02:35:19,533.6
2022-03-29 02:35:24,533.6
2022-03-29 02:35:29,533.6
2022-03-29 02:35:34,533.61
2022-03-29 02:35:39,533.54
2022-03-29 02:35:44,533.48
2022-03-29 02:35:49,533.48
2022-03-29 02:35:54,533.42
2022-03-29 02:35:59,533.35
2022-03-29 02:36:04,533.35
2022-03-29 02:36:09,533.32
2022-03-29 02:36:14,533.25
2022-03-29 02:36:19,533.26
2022-03-29 02:36:24,533.19
2022-03-29 02:36:29,533.2
2022-03-29 02:36:34,533.13
2022-03-29 02:36:39,533.1
2022-03-29 02:36:44,533.03
2022-03-29 02:36:49,533.03
2022-03-29 02:36:54,532.97
2022-03-29 02:36:59,532.97
2022-03-29 02:37:04,532.97
2022-03-29 02:37:09,532.91
2022-03-29 02:37:14,532.97
2022-03-29 02:37:19,532.91
2022-03-29 02:37:24,532.91
2022-03-29 02:37:29,532.84
2022-03-29 02:37:34,532.84
2022-03-29 02:37:39,532.84
2022-03-29 02:37:44,532.84
2022-03-29 02:37:49,532.84
2022-03-29 02:37:54,532.84
2022-03-29 02:37:59,532.81
2022-03-29 02:38:04,532.81
2022-03-29 02:38:09,532.84
2022-03-29 02:38:14,532.84
2022-03-29 02:38:19,532.84
2022-03-29 02:38:24,532.84
2022-03-29 02:38:29,532.84
2022-03-29 02:38:34,532.84
2022-03-29 02:38:39,532.81
2022-03-29 02:38:44,532.84
2022-03-29 02:38:49,532.81
2022-03-29 02:38:54,532.84
2022-03-29 02:38:59,532.84
2022-03-29 02:39:04,532.84
2022-03-29 02:39:09,532.84
2022-03-29 02:39:14,532.91
2022-03-29 02:39:19,532.91
2022-03-29 02:39:24,532.91
2022-03-29 02:39:29,532.97
2022-03-29 02:39:34,532.97
2022-03-29 02:39:39,533.03
2022-03-29 02:39:44,533.03
2022-03-29 02:39:49,533.1
2022-03-29 02:39:54,533.13
2022-03-29 02:39:59,533.13
2022-03-29 02:40:04,533.13
2022-03-29 02:40:09,533.2
2022-03-29 02:40:14,533.26
2022-03-29 02:40:19,533.26
2022-03-29 02:40:24,533.35
2022-03-29 02:40:29,533.42
2022-03-29 02:40:34,533.42
2022-03-29 02:40:39,533.48
2022-03-29 02:40:44,533.54
2022-03-29 02:40:49,533.6
2022-03-29 02:40:54,533.64
2022-03-29 02:40:59,533.7
2022-03-29 02:41:04,533.7
2022-03-29 02:41:09,533.76
2022-03-29 02:41:14,533.83
2022-03-29 02:41:19,533.86
2022-03-29 02:41:24,533.92
2022-03-29 02:41:29,533.98
2022-03-29 02:41:34,534.05
2022-03-29 02:41:39,534.11
2022-03-29 02:41:44,534.14
2022-03-29 02:41:49,534.21
2022-03-29 02:41:54,534.21
2022-03-29 02:41:59,534.34
2022-03-29 02:42:04,534.34
2022-03-29 02:42:09,534.37
2022-03-29 02:42:14,534.43
2022-03-29 02:42:19,534.49
2022-03-29 02:42:24,534.56
2022-03-29 02:42:29,534.56
2022-03-29 02:42:34,534.62
2022-03-29 02:42:39,534.62
2022-03-29 02:42:44,534.65
2022-03-29 02:42:49,534.71
2022-03-29 02:42:54,534.78
2022-03-29 02:42:59,534.78
2022-03-29 02:43:04,534.78
2022-03-29 02:43:09,534.84
2022-03-29 02:43:14,534.84
2022-03-29 02:43:19,534.87
2022-03-29 02:43:24,534.87
2022-03-29 02:43:29,534.87
2022-03-29 02:43:34,534.94
2022-03-29 02:43:39,534.87
2022-03-29 02:43:44,534.94
2022-03-29 02:43:49,534.94
2022-03-29 02:43:54,534.87
2022-03-29 02:43:59,534.94
2022-03-29 02:44:04,534.94
2022-03-29 02:44:09,534.94
2022-03-29 02:44:14,534.94
2022-03-29 02:44:19,534.93
2022-03-29 02:44:24,534.93
2022-03-29 02:44:29,534.93
2022-03-29 02:44:34,534.93
2022-03-29 02:44:39,534.93
2022-03-29 02:44:44,534.87
2022-03-29 02:44:49,534.93
2022-03-29 02:44:54,534.93
2022-03-29 02:44:59,534.93
2022-03-29 02:45:04,537.71
2022-03-29 02:45:09,534.93
2022-03-29 02:45:14,534.93
2022-03-29 02:45:19,534.93
2022-03-29 02:45:24,534.93
2022-03-29 02:45:29,534.93
2022-03-29 02:45:34,534.87
2022-03-29 02:45:39,534.87
2022-03-29 02:45:44,534.87
2022-03-29 02:45:49,534.87
2022-03-29 02:45:54,534.84
2022-03-29 02:45:59,534.84
2022-03-29 02:46:04,534.84
2022-03-29 02:46:09,534.78
2022-03-29 02:46:14,534.78
2022-03-29 02:46:19,534.78
2022-03-29 02:46:24,534.78
2022-03-29 02:46:29,534.71
2022-03-29 02:46:34,534.71
2022-03-29 02:46:39,534.71
2022-03-29 02:46:44,534.65
2022-03-29 02:46:49,534.65
2022-03-29 02:46:54,534.65
2022-03-29 02:46:59,534.65
2022-03-29 02:47:04,534.62
2022-03-29 02:47:09,534.62
2022-03-29 02:47:14,534.56
2022-03-29 02:47:19,534.55
2022-03-29 02:47:24,534.56
2022-03-29 02:47:29,534.56
2022-03-29 02:47:34,534.56
2022-03-29 02:47:39,534.49
2022-03-29 02:47:44,534.43
2022-03-29 02:47:49,534.43
2022-03-29 02:47:54,534.43
2022-03-29 02:47:59,534.37
2022-03-29 02:48:04,534.34
2022-03-29 02:48:09,534.34
2022-03-29 02:48:14,534.27
2022-03-29 02:48:19,534.27
2022-03-29 02:48:24,537.71
2022-03-29 02:48:29,534.14
2022-03-29 02:48:34,534.11
2022-03-29 02:48:39,534.11
2022-03-29 02:48:44,534.05
2022-03-29 02:48:49,534.05
2022-03-29 02:48:54,533.99
2022-03-29 02:48:59,533.92
2022-03-29 02:49:04,533.92
2022-03-29 02:49:09,533.86
2022-03-29 02:49:14,533.86
2022-03-29 02:49:19,533.76
2022-03-29 02:49:24,533.76
2022-03-29 02:49:29,533.7
2022-03-29 02:49:34,533.63
2022-03-29 02:49:39,533.63
2022-03-29 02:49:44,533.6
2022-03-29 02:49:49,533.6
2022-03-29 02:49:54,533.48
2022-03-29 02:49:59,533.48
2022-03-29 02:50:04,533.41
2022-03-29 02:50:09,533.41
2022-03-29 02:50:14,533.35
2022-03-29 02:50:19,533.25
2022-03-29 02:50:24,533.25
2022-03-29 02:50:29,533.25
2022-03-29 02:50:34,533.19
2022-03-29 02:50:39,533.12
2022-03-29 02:50:44,533.02
2022-03-29 02:50:49,532.96
2022-03-29 02:50:54,532.96
2022-03-29 02:50:59,532.9
2022-03-29 02:51:04,532.83
2022-03-29 02:51:09,532.83
2022-03-29 02:51:14,532.8
2022-03-29 02:51:19,532.67
2022-03-29 02:51:24,532.74
2022-03-29 02:51:29,532.67
2022-03-29 02:51:34,532.61
2022-03-29 02:51:39,532.57
2022-03-29 02:51:44,532.44
2022-03-29 02:51:49,532.44
2022-03-29 02:51:54,532.38
2022-03-29 02:51:59,532.38
2022-03-29 02:52:04,532.31
2022-03-29 02:52:09,532.28
2022-03-29 02:52:14,532.28
2022-03-29 02:52:19,537.71
2022-03-29 02:52:24,532.15
2022-03-29 02:52:29,532.15
2022-03-29 02:52:34,532.09
2022-03-29 02:52:39,532.05
2022-03-29 02:52:44,531.99
2022-03-29 02:52:49,531.99
2022-03-29 02:52:54,531.92
2022-03-29 02:52:59,531.92
2022-03-29 02:53:04,531.86
2022-03-29 02:53:09,531.79
2022-03-29 02:53:14,531.79
2022-03-29 02:53:19,531.75
2022-03-29 02:53:24,531.76
2022-03-29 02:53:29,531.69
2022-03-29 02:53:34,531.63
2022-03-29 02:53:39,531.63
2022-03-29 02:53:44,531.63
2022-03-29 02:53:49,531.56
2022-03-29 02:53:54,531.56
2022-03-29 02:53:59,531.53
2022-03-29 02:54:04,531.53
2022-03-29 02:54:09,531.46
2022-03-29 02:54:14,531.46
2022-03-29 02:54:19,531.39
2022-03-29 02:54:24,531.33
2022-03-29 02:54:29,531.33
2022-03-29 02:54:34,531.33
2022-03-29 02:54:39,531.27
2022-03-29 02:54:44,531.26
2022-03-29 02:54:49,531.23
2022-03-29 02:54:54,531.23
2022-03-29 02:54:59,531.23
2022-03-29 02:55:04,531.16
2022-03-29 02:55:09,531.16
2022-03-29 02:55:14,531.16
2022-03-29 02:55:19,531.16
2022-03-29 02:55:24,531.1
2022-03-29 02:55:29,531.16
2022-03-29 02:55:34,531.16
2022-03-29 02:55:39,531.1
2022-03-29 02:55:44,531.1
2022-03-29 02:55:49,531.1
2022-03-29 02:55:54,531.03
2022-03-29 02:55:59,531.03
2022-03-29 02:56:04,531.1
2022-03-29 02:56:09,531.03
2022-03-29 02:56:14,531.1
2022-03-29 02:56:19,531.03
2022-03-29 02:56:24,531.03
2022-03-29 02:56:29,531.03
2022-03-29 02:56:34,531.09
2022-03-29 02:56:39,531.03
2022-03-29 02:56:44,531.09
2022-03-29 02:56:49,531.09
2022-03-29 02:56:54,531.03
2022-03-29 02:56:59,531.09
2022-03-29 02:57:04,531.09
2022-03-29 02:57:09,531.16
2022-03-29 02:57:14,531.16
2022-03-29 02:57:19,531.15
2022-03-29 02:57:24,531.16
2022-03-29 02:57:29,531.09
2022-03-29 02:57:34,531.16
2022-03-29 02:57:39,531.16
2022-03-29 02:57:44,531.22
2022-03-29 02:57:49,531.22
2022-03-29 02:57:54,531.22
2022-03-29 02:57:59,531.22
2022-03-29 02:58:04,531.25
2022-03-29 02:58:09,531.26
2022-03-29 02:58:14,531.26
2022-03-29 02:58:19,531.25
2022-03-29 02:58:24,531.32
2022-03-29 02:58:29,531.38
2022-03-29 02:58:34,531.32
2022-03-29 02:58:39,531.38
2022-03-29 02:58:44,531.38
2022-03-29 02:58:49,531.45
2022-03-29 02:58:54,531.38
2022-03-29 02:58:59,531.45
2022-03-29 02:59:04,531.45
2022-03-29 02:59:09,531.45
2022-03-29 02:59:14,531.45
2022-03-29 02:59:19,531.45
2022-03-29 02:59:24,531.52
2022-03-29 02:59:29,531.45
2022-03-29 02:59:34,531.45
2022-03-29 02:59:39,531.52
2022-03-29 02:59:44,531.52
2022-03-29 02:59:49,531.52
2022-03-29 02:59:54,531.52
2022-03-29 02:59:59,531.52
2022-03-29 03:00:04,531.52
2022-03-29 03:00:09,531.55
2022-03-29 03:00:14,531.62
2022-03-29 03:00:19,531.62
2022-03-29 03:00:24,531.69
2022-03-29 03:00:29,531.69
2022-03-29 03:00:34,531.75
2022-03-29 03:00:39,531.75
2022-03-29 03:00:44,531.75
2022-03-29 03:00:49,531.85
2022-03-29 03:00:54,531.85
2022-03-29 03:00:59,531.92
2022-03-29 03:01:04,531.92
2022-03-29 03:01:09,531.98
2022-03-29 03:01:14,532.05
2022-03-29 03:01:19,532.05
2022-03-29 03:01:24,532.08
2022-03-29 03:01:29,532.15
2022-03-29 03:01:34,532.15
2022-03-29 03:01:39,532.15
2022-03-29 03:01:44,532.21
2022-03-29 03:01:49,532.28
2022-03-29 03:01:54,532.31
2022-03-29 03:01:59,532.37
2022-03-29 03:02:04,532.37
2022-03-29 03:02:09,532.5
2022-03-29 03:02:14,532.5
2022-03-29 03:02:19,532.57
2022-03-29 03:02:24,532.6
2022-03-29 03:02:29,532.67
2022-03-29 03:02:34,532.67
2022-03-29 03:02:39,532.79
2022-03-29 03:02:44,532.8
2022-03-29 03:02:49,532.83
2022-03-29 03:02:54,532.9
2022-03-29 03:02:59,532.96
2022-03-29 03:03:04,533.02
2022-03-29 03:03:09,533.02
2022-03-29 03:03:14,533.09
2022-03-29 03:03:19,533.09
2022-03-29 03:03:24,533.12
2022-03-29 03:03:29,533.12
2022-03-29 03:03:34,533.18
2022-03-29 03:03:39,533.19
2022-03-29 03:03:44,533.25
2022-03-29 03:03:49,533.25
2022-03-29 03:03:54,533.25
2022-03-29 03:03:59,533.31
2022-03-29 03:04:04,533.35
2022-03-29 03:04:09,533.35
2022-03-29 03:04:14,533.35
2022-03-29 03:04:19,533.35
2022-03-29 03:04:24,533.35
2022-03-29 03:04:29,533.41
2022-03-29 03:04:34,533.41
2022-03-29 03:04:39,533.47
2022-03-29 03:04:44,533.47
2022-03-29 03:04:49,533.47
2022-03-29 03:04:54,533.47
2022-03-29 03:04:59,533.47
2022-03-29 03:05:04,533.47
2022-03-29 03:05:09,533.47
2022-03-29 03:05:14,533.54
2022-03-29 03:05:19,533.54
2022-03-29 03:05:24,533.54
2022-03-29 03:05:29,533.53
2022-03-29 03:05:34,533.53
2022-03-29 03:05:39,533.6
2022-03-29 03:05:44,533.6
2022-03-29 03:05:49,533.6
2022-03-29 03:05:54,533.6
2022-03-29 03:05:59,533.63
2022-03-29 03:06:04,533.63
2022-03-29 03:06:09,533.63
2022-03-29 03:06:14,533.63
2022-03-29 03:06:19,533.69
2022-03-29 03:06:24,533.69
2022-03-29 03:06:29,533.69
2022-03-29 03:06:34,533.69
2022-03-29 03:06:39,533.69
2022-03-29 03:06:44,533.69
2022-03-29 03:06:49,533.69
2022-03-29 03:06:54,533.68
2022-03-29 03:06:59,533.68
2022-03-29 03:07:04,533.68
2022-03-29 03:07:09,533.69
2022-03-29 03:07:14,533.68
2022-03-29 03:07:19,533.68
2022-03-29 03:07:24,533.75
2022-03-29 03:07:29,533.75
2022-03-29 03:07:34,533.68
2022-03-29 03:07:39,533.68
2022-03-29 03:07:44,533.68
2022-03-29 03:07:49,533.68
2022-03-29 03:07:54,533.68
2022-03-29 03:07:59,533.62
2022-03-29 03:08:04,533.68
2022-03-29 03:08:09,533.62
2022-03-29 03:08:14,533.62
2022-03-29 03:08:19,533.68
2022-03-29 03:08:24,533.62
2022-03-29 03:08:29,533.62
2022-03-29 03:08:34,533.62
2022-03-29 03:08:39,533.58
2022-03-29 03:08:44,533.52
2022-03-29 03:08:49,533.58
2022-03-29 03:08:54,533.58
2022-03-29 03:08:59,533.58
2022-03-29 03:09:04,533.61
2022-03-29 03:09:09,533.58
2022-03-29 03:09:14,533.58
2022-03-29 03:09:19,533.58
2022-03-29 03:09:24,533.58
2022-03-29 03:09:29,533.61
2022-03-29 03:09:34,533.61
2022-03-29 03:09:39,533.61
2022-03-29 03:09:44,533.61
2022-03-29 03:09:49,533.61
2022-03-29 03:09:54,533.61
2022-03-29 03:09:59,533.67
2022-03-29 03:10:04,533.67
2022-03-29 03:10:09,533.67
2022-03-29 03:10:14,533.67
2022-03-29 03:10:19,533.67
2022-03-29 03:10:24,533.74
2022-03-29 03:10:29,533.67
2022-03-29 03:10:34,533.74
2022-03-29 03:10:39,533.8
2022-03-29 03:10:44,533.8
2022-03-29 03:10:49,533.8
2022-03-29 03:10:54,533.84
2022-03-29 03:10:59,533.84
2022-03-29 03:11:04,533.84
2022-03-29 03:11:09,533.9
2022-03-29 03:11:14,533.9
2022-03-29 03:11:19,533.9
2022-03-29 03:11:24,533.97
2022-03-29 03:11:29,534.03
2022-03-29 03:11:34,534.03
2022-03-29 03:11:39,534.1
2022-03-29 03:11:44,534.1
2022-03-29 03:11:49,534.13
2022-03-29 03:11:54,534.2
2022-03-29 03:11:59,534.2
2022-03-29 03:12:04,534.26
2022-03-29 03:12:09,534.36
2022-03-29 03:12:14,534.33
2022-03-29 03:12:19,534.36
2022-03-29 03:12:24,534.42
2022-03-29 03:12:29,534.42
2022-03-29 03:12:34,534.49
2022-03-29 03:12:39,534.55
2022-03-29 03:12:44,534.62
2022-03-29 03:12:49,534.62
2022-03-29 03:12:54,534.62
2022-03-29 03:12:59,534.65
2022-03-29 03:13:04,534.66
2022-03-29 03:13:09,534.65
2022-03-29 03:13:14,534.78
2022-03-29 03:13:19,534.78
2022-03-29 03:13:24,534.85
2022-03-29 03:13:29,534.85
2022-03-29 03:13:34,534.88
2022-03-29 03:13:39,534.95
2022-03-29 03:13:44,535.01
2022-03-29 03:13:49,535.01
2022-03-29 03:13:54,535.08
2022-03-29 03:13:59,535.08
2022-03-29 03:14:04,535.18
2022-03-29 03:14:09,535.24
2022-03-29 03:14:14,535.18
2022-03-29 03:14:19,535.31
2022-03-29 03:14:24,535.31
2022-03-29 03:14:29,535.37
2022-03-29 03:14:34,535.41
2022-03-29 03:14:39,535.47
2022-03-29 03:14:44,535.47
2022-03-29 03:14:49,535.53
2022-03-29 03:14:54,535.6
2022-03-29 03:14:59,535.67
2022-03-29 03:15:04,535.7
2022-03-29 03:15:09,535.7
2022-03-29 03:15:14,535.7
2022-03-29 03:15:19,535.83
2022-03-29 03:15:24,535.89
2022-03-29 03:15:29,535.89
2022-03-29 03:15:34,535.93
2022-03-29 03:15:39,535.99
2022-03-29 03:15:44,535.99
2022-03-29 03:15:49,536.05
2022-03-29 03:15:54,536.12
2022-03-29 03:15:59,536.12
2022-03-29 03:16:04,536.18
2022-03-29 03:16:09,536.18
2022-03-29 03:16:14,536.22
2022-03-29 03:16:19,536.22
2022-03-29 03:16:24,536.28
2022-03-29 03:16:29,536.28
2022-03-29 03:16:34,536.34
2022-03-29 03:16:39,536.34
2022-03-29 03:16:44,536.41
2022-03-29 03:16:49,536.41
2022-03-29 03:16:54,536.44
2022-03-29 03:16:59,536.44
2022-03-29 03:17:04,536.5
2022-03-29 03:17:09,536.51
2022-03-29 03:17:14,536.57
2022-03-29 03:17:19,536.57
2022-03-29 03:17:24,536.63
2022-03-29 03:17:29,536.69
2022-03-29 03:17:34,536.63
2022-03-29 03:17:39,536.7
2022-03-29 03:17:44,536.73
2022-03-29 03:17:49,536.72
2022-03-29 03:17:54,536.79
2022-03-29 03:17:59,536.85
2022-03-29 03:18:04,536.85
2022-03-29 03:18:09,536.85
2022-03-29 03:18:14,536.91
2022-03-29 03:18:19,536.94
2022-03-29 03:18:24,537.01
2022-03-29 03:18:29,537.07
2022-03-29 03:18:34,537.01
2022-03-29 03:18:39,537.07
2022-03-29 03:18:44,537.07
2022-03-29 03:18:49,537.14
2022-03-29 03:18:54,537.2
2022-03-29 03:18:59,537.23
2022-03-29 03:19:04,537.19
2022-03-29 03:19:09,537.23
2022-03-29 03:19:14,537.23
2022-03-29 03:19:19,537.23
2022-03-29 03:19:24,537.23
2022-03-29 03:19:29,537.29
2022-03-29 03:19:34,537.22
2022-03-29 03:19:39,537.29
2022-03-29 03:19:44,537.22
2022-03-29 03:19:49,537.29
2022-03-29 03:19:54,537.29
2022-03-29 03:19:59,537.28
2022-03-29 03:20:04,537.35
2022-03-29 03:20:09,537.35
2022-03-29 03:20:14,537.35
2022-03-29 03:20:19,537.35
2022-03-29 03:20:24,537.34
2022-03-29 03:20:29,537.28
2022-03-29 03:20:34,537.28
2022-03-29 03:20:39,537.28
2022-03-29 03:20:44,537.28
2022-03-29 03:20:49,537.21
2022-03-29 03:20:54,537.21
2022-03-29 03:20:59,537.21
2022-03-29 03:21:04,537.21
2022-03-29 03:21:09,537.18
2022-03-29 03:21:14,537.18
2022-03-29 03:21:19,537.11
2022-03-29 03:21:24,537.12
2022-03-29 03:21:29,537.11
2022-03-29 03:21:34,537.05
2022-03-29 03:21:39,537.11
2022-03-29 03:21:44,537.05
2022-03-29 03:21:49,537.05
2022-03-29 03:21:54,537.05
2022-03-29 03:21:59,537.04
2022-03-29 03:22:04,536.98
2022-03-29 03:22:09,536.92
2022-03-29 03:22:14,536.98
2022-03-29 03:22:19,536.88
2022-03-29 03:22:24,536.88
2022-03-29 03:22:29,536.89
2022-03-29 03:22:34,536.82
2022-03-29 03:22:39,536.82
2022-03-29 03:22:44,536.82
2022-03-29 03:22:49,536.75
2022-03-29 03:22:54,536.75
2022-03-29 03:22:59,536.69
2022-03-29 03:23:04,536.66
2022-03-29 03:23:09,536.69
2022-03-29 03:23:14,536.6
2022-03-29 03:23:19,536.6
2022-03-29 03:23:24,536.6
2022-03-29 03:23:29,536.66
2022-03-29 03:23:34,536.53
2022-03-29 03:23:39,536.53
2022-03-29 03:23:44,536.47
2022-03-29 03:23:49,536.47
2022-03-29 03:23:54,536.47
2022-03-29 03:23:59,536.47
2022-03-29 03:24:04,536.4
2022-03-29 03:24:09,536.4
2022-03-29 03:24:14,536.41
2022-03-29 03:24:19,536.4
2022-03-29 03:24:24,536.37
2022-03-29 03:24:29,536.37
2022-03-29 03:24:34,536.31
2022-03-29 03:24:39,536.37
2022-03-29 03:24:44,536.31
2022-03-29 03:24:49,536.38
2022-03-29 03:24:54,536.38
2022-03-29 03:24:59,536.31
2022-03-29 03:25:04,536.38
2022-03-29 03:25:09,536.38
2022-03-29 03:25:14,536.38
2022-03-29 03:25:19,536.31
2022-03-29 03:25:24,536.38
2022-03-29 03:25:29,536.32
2022-03-29 03:25:34,536.32
2022-03-29 03:25:39,536.32
2022-03-29 03:25:44,536.32
2022-03-29 03:25:49,536.32
2022-03-29 03:25:54,536.32
2022-03-29 03:25:59,536.32
2022-03-29 03:26:04,536.32
2022-03-29 03:26:09,536.32
2022-03-29 03:26:14,536.39
2022-03-29 03:26:19,536.39
2022-03-29 03:26:24,536.39
2022-03-29 03:26:29,536.39
2022-03-29 03:26:34,536.39
2022-03-29 03:26:39,536.42
2022-03-29 03:26:44,536.39
2022-03-29 03:26:49,536.39
2022-03-29 03:26:54,536.39
2022-03-29 03:26:59,536.39
2022-03-29 03:27:04,536.42
2022-03-29 03:27:09,536.39
2022-03-29 03:27:14,536.39
2022-03-29 03:27:19,536.39
2022-03-29 03:27:24,536.43
2022-03-29 03:27:29,536.39
2022-03-29 03:27:34,536.39
2022-03-29 03:27:39,536.4
2022-03-29 03:27:44,536.33
2022-03-29 03:27:49,536.33
2022-03-29 03:27:54,536.4
2022-03-29 03:27:59,536.33
2022-03-29 03:28:04,536.33
2022-03-29 03:28:09,536.39
2022-03-29 03:28:14,536.33
2022-03-29 03:28:19,536.33
2022-03-29 03:28:24,536.33
2022-03-29 03:28:29,536.33
2022-03-29 03:28:34,536.33
2022-03-29 03:28:39,536.33
2022-03-29 03:28:44,536.27
2022-03-29 03:28:49,536.27
2022-03-29 03:28:54,536.27
2022-03-29 03:28:59,536.27
2022-03-29 03:29:04,536.27
2022-03-29 03:29:09,536.2
2022-03-29 03:29:14,536.2
2022-03-29 03:29:19,536.17
2022-03-29 03:29:24,536.11
2022-03-29 03:29:29,536.11
2022-03-29 03:29:34,536.1
2022-03-29 03:29:39,536.1
2022-03-29 03:29:44,536.04
2022-03-29 03:29:49,536.04
2022-03-29 03:29:54,535.98
2022-03-29 03:29:59,535.98
2022-03-29 03:30:04,535.97
2022-03-29 03:30:09,535.91
2022-03-29 03:30:14,535.91
2022-03-29 03:30:19,535.9
2022-03-29 03:30:24,535.87
2022-03-29 03:30:29,535.81
2022-03-29 03:30:34,535.81
2022-03-29 03:30:39,535.81
2022-03-29 03:30:44,535.74
2022-03-29 03:30:49,535.74
2022-03-29 03:30:54,535.68
2022-03-29 03:30:59,535.65
2022-03-29 03:31:04,535.64
2022-03-29 03:31:09,535.58
2022-03-29 03:31:14,535.58
2022-03-29 03:31:19,535.58
2022-03-29 03:31:24,535.57
2022-03-29 03:31:29,535.57
2022-03-29 03:31:34,535.51
2022-03-29 03:31:39,535.44
2022-03-29 03:31:44,535.51
2022-03-29 03:31:49,535.44
2022-03-29 03:31:54,535.44
2022-03-29 03:31:59,535.44
2022-03-29 03:32:04,535.38
2022-03-29 03:32:09,535.37
2022-03-29 03:32:14,535.38
2022-03-29 03:32:19,535.34
2022-03-29 03:32:24,535.34
2022-03-29 03:32:29,535.34
2022-03-29 03:32:34,535.34
2022-03-29 03:32:39,535.34
2022-03-29 03:32:44,535.34
2022-03-29 03:32:49,535.34
2022-03-29 03:32:54,535.34
2022-03-29 03:32:59,535.33
2022-03-29 03:33:04,535.34
2022-03-29 03:33:09,535.37
2022-03-29 03:33:14,535.37
2022-03-29 03:33:19,535.43
2022-03-29 03:33:24,535.36
2022-03-29 03:33:29,535.49
2022-03-29 03:33:34,535.42
2022-03-29 03:33:39,535.55
2022-03-29 03:33:44,535.56
2022-03-29 03:33:49,535.55
2022-03-29 03:33:54,535.62
2022-03-29 03:33:59,535.55
2022-03-29 03:34:04,535.65
2022-03-29 03:34:09,535.65
2022-03-29 03:34:14,535.65
2022-03-29 03:34:19,535.65
2022-03-29 03:34:24,535.71
2022-03-29 03:34:29,535.78
2022-03-29 03:34:34,535.78
2022-03-29 03:34:39,535.84
2022-03-29 03:34:44,535.84
2022-03-29 03:34:49,535.87
2022-03-29 03:34:54,535.94
2022-03-29 03:34:59,535.87
2022-03-29 03:35:04,535.94
2022-03-29 03:35:09,536.0
2022-03-29 03:35:14,536.0
2022-03-29 03:35:19,536.0
2022-03-29 03:35:24,536.07
2022-03-29 03:35:29,536.07
2022-03-29 03:35:34,536.07
2022-03-29 03:35:39,536.13
2022-03-29 03:35:44,536.07
2022-03-29 03:35:49,536.13
2022-03-29 03:35:54,536.07
2022-03-29 03:35:59,536.13
2022-03-29 03:36:04,536.13
2022-03-29 03:36:09,536.16
2022-03-29 03:36:14,536.16
2022-03-29 03:36:19,536.23
2022-03-29 03:36:24,536.23
2022-03-29 03:36:29,536.23
2022-03-29 03:36:34,536.29
2022-03-29 03:36:39,536.29
2022-03-29 03:36:44,536.36
2022-03-29 03:36:49,536.39
2022-03-29 03:36:54,536.39
2022-03-29 03:36:59,536.45
2022-03-29 03:37:04,536.46
2022-03-29 03:37:09,536.52
2022-03-29 03:37:14,536.52
2022-03-29 03:37:19,536.59
2022-03-29 03:37:24,536.59
2022-03-29 03:37:29,536.65
2022-03-29 03:37:34,536.65
2022-03-29 03:37:39,536.65
2022-03-29 03:37:44,536.65
2022-03-29 03:37:49,536.69
2022-03-29 03:37:54,536.75
2022-03-29 03:37:59,536.69
2022-03-29 03:38:04,536.75
2022-03-29 03:38:09,536.75
2022-03-29 03:38:14,536.75
2022-03-29 03:38:19,536.82
2022-03-29 03:38:24,536.82
2022-03-29 03:38:29,536.88
2022-03-29 03:38:34,536.92
2022-03-29 03:38:39,536.89
2022-03-29 03:38:44,536.89
2022-03-29 03:38:49,536.98
2022-03-29 03:38:54,536.92
2022-03-29 03:38:59,536.98
2022-03-29 03:39:04,537.05
2022-03-29 03:39:09,537.05
2022-03-29 03:39:14,537.05
2022-03-29 03:39:19,537.05
2022-03-29 03:39:24,537.12
2022-03-29 03:39:29,537.12
2022-03-29 03:39:34,537.12
2022-03-29 03:39:39,537.12
2022-03-29 03:39:44,537.12
2022-03-29 03:39:49,537.18
2022-03-29 03:39:54,537.12
2022-03-29 03:39:59,537.12
2022-03-29 03:40:04,537.18
2022-03-29 03:40:09,537.12
2022-03-29 03:40:14,537.18
2022-03-29 03:40:19,537.18
2022-03-29 03:40:24,537.18
2022-03-29 03:40:29,537.22
2022-03-29 03:40:34,537.19
2022-03-29 03:40:39,537.18
2022-03-29 03:40:44,537.19
2022-03-29 03:40:49,537.18
2022-03-29 03:40:54,537.19
2022-03-29 03:40:59,537.18
2022-03-29 03:41:04,537.18
2022-03-29 03:41:09,537.12
2022-03-29 03:41:14,537.18
2022-03-29 03:41:19,537.12
2022-03-29 03:41:24,537.18
2022-03-29 03:41:29,537.12
2022-03-29 03:41:34,537.19
2022-03-29 03:41:39,537.12
2022-03-29 03:41:44,537.12
2022-03-29 03:41:49,537.12
2022-03-29 03:41:54,537.12
2022-03-29 03:41:59,537.12
2022-03-29 03:42:04,537.12
2022-03-29 03:42:09,536.99
2022-03-29 03:42:14,537.05
2022-03-29 03:42:19,537.05
2022-03-29 03:42:24,536.99
2022-03-29 03:42:29,536.99
2022-03-29 03:42:34,536.99
2022-03-29 03:42:39,536.99
2022-03-29 03:42:44,536.92
2022-03-29 03:42:49,536.89
2022-03-29 03:42:54,536.92
2022-03-29 03:42:59,536.89
2022-03-29 03:43:04,536.89
2022-03-29 03:43:09,536.89
2022-03-29 03:43:14,536.82
2022-03-29 03:43:19,536.82
2022-03-29 03:43:24,536.76
2022-03-29 03:43:29,536.76
2022-03-29 03:43:34,536.76
2022-03-29 03:43:39,536.75
2022-03-29 03:43:44,536.75
2022-03-29 03:43:49,536.69
2022-03-29 03:43:54,536.75
2022-03-29 03:43:59,536.69
2022-03-29 03:44:04,536.75
2022-03-29 03:44:09,536.69
2022-03-29 03:44:14,536.68
2022-03-29 03:44:19,536.75
2022-03-29 03:44:24,536.68
2022-03-29 03:44:29,536.75
2022-03-29 03:44:34,536.68
2022-03-29 03:44:39,536.74
2022-03-29 03:44:44,536.74
2022-03-29 03:44:49,536.68
2022-03-29 03:44:54,536.68
2022-03-29 03:44:59,536.74
2022-03-29 03:45:04,536.74
2022-03-29 03:45:09,536.74
2022-03-29 03:45:14,536.67
2022-03-29 03:45:19,536.74
2022-03-29 03:45:24,536.8
2022-03-29 03:45:29,536.8
2022-03-29 03:45:34,536.8
2022-03-29 03:45:39,536.8
2022-03-29 03:45:44,536.8
2022-03-29 03:45:49,536.8
2022-03-29 03:45:54,536.8
2022-03-29 03:45:59,536.86
2022-03-29 03:46:04,536.86
2022-03-29 03:46:09,536.86
2022-03-29 03:46:14,536.86
2022-03-29 03:46:19,536.89
2022-03-29 03:46:24,536.86
2022-03-29 03:46:29,536.89
2022-03-29 03:46:34,536.89
2022-03-29 03:46:39,536.89
2022-03-29 03:46:44,536.96
2022-03-29 03:46:49,537.02
2022-03-29 03:46:54,537.02
2022-03-29 03:46:59,537.02
2022-03-29 03:47:04,537.02
2022-03-29 03:47:09,537.08
2022-03-29 03:47:14,537.09
2022-03-29 03:47:19,537.15
2022-03-29 03:47:24,537.08
2022-03-29 03:47:29,537.18
2022-03-29 03:47:34,537.18
2022-03-29 03:47:39,537.15
2022-03-29 03:47:44,537.18
2022-03-29 03:47:49,537.18
2022-03-29 03:47:54,537.24
2022-03-29 03:47:59,537.18
2022-03-29 03:48:04,537.18
2022-03-29 03:48:09,537.24
2022-03-29 03:48:14,537.15
2022-03-29 03:48:19,537.18
2022-03-29 03:48:24,537.18
2022-03-29 03:48:29,537.18
2022-03-29 03:48:34,537.18
2022-03-29 03:48:39,537.18
2022-03-29 03:48:44,537.18
2022-03-29 03:48:49,537.18
2022-03-29 03:48:54,537.18
2022-03-29 03:48:59,537.18
2022-03-29 03:49:04,537.18
2022-03-29 03:49:09,537.25
2022-03-29 03:49:14,537.15
2022-03-29 03:49:19,537.15
2022-03-29 03:49:24,537.18
2022-03-29 03:49:29,537.15
2022-03-29 03:49:34,537.15
2022-03-29 03:49:39,537.09
2022-03-29 03:49:44,537.09
2022-03-29 03:49:49,537.03
2022-03-29 03:49:54,537.09
2022-03-29 03:49:59,537.02
2022-03-29 03:50:04,537.03
2022-03-29 03:50:09,536.96
2022-03-29 03:50:14,536.9
2022-03-29 03:50:19,536.9
2022-03-29 03:50:24,536.9
2022-03-29 03:50:29,536.9
2022-03-29 03:50:34,536.81
2022-03-29 03:50:39,536.87
2022-03-29 03:50:44,536.87
2022-03-29 03:50:49,536.81
2022-03-29 03:50:54,536.81
2022-03-29 03:50:59,536.81
2022-03-29 03:51:04,536.75
2022-03-29 03:51:09,536.68
2022-03-29 03:51:14,536.65
2022-03-29 03:51:19,536.65
2022-03-29 03:51:24,536.59
2022-03-29 03:51:29,536.52
2022-03-29 03:51:34,536.52
2022-03-29 03:51:39,536.46
2022-03-29 03:51:44,536.4
2022-03-29 03:51:49,536.36
2022-03-29 03:51:54,536.24
2022-03-29 03:51:59,536.24
2022-03-29 03:52:04,536.14
2022-03-29 03:52:09,536.08
2022-03-29 03:52:14,536.08
2022-03-29 03:52:19,536.01
2022-03-29 03:52:24,535.95
2022-03-29 03:52:29,535.95
2022-03-29 03:52:34,535.88
2022-03-29 03:52:39,535.79
2022-03-29 03:52:44,535.79
2022-03-29 03:52:49,535.72
2022-03-29 03:52:54,537.71
2022-03-29 03:52:59,535.63
2022-03-29 03:53:04,535.56
2022-03-29 03:53:09,535.57
2022-03-29 03:53:14,535.5
2022-03-29 03:53:19,535.44
2022-03-29 03:53:24,535.37
2022-03-29 03:53:29,535.37
2022-03-29 03:53:34,535.34
2022-03-29 03:53:39,535.28
2022-03-29 03:53:44,535.15
2022-03-29 03:53:49,535.15
2022-03-29 03:53:54,535.11
2022-03-29 03:53:59,535.11
2022-03-29 03:54:04,535.05
2022-03-29 03:54:09,535.05
2022-03-29 03:54:14,534.92
2022-03-29 03:54:19,534.92
2022-03-29 03:54:24,534.92
2022-03-29 03:54:29,534.86
2022-03-29 03:54:34,534.85
2022-03-29 03:54:39,534.85
2022-03-29 03:54:44,534.82
2022-03-29 03:54:49,534.82
2022-03-29 03:54:54,534.76
2022-03-29 03:54:59,534.76
2022-03-29 03:55:04,534.76
2022-03-29 03:55:09,534.69
2022-03-29 03:55:14,534.63
2022-03-29 03:55:19,534.63
2022-03-29 03:55:24,534.6
2022-03-29 03:55:29,534.59
2022-03-29 03:55:34,534.46
2022-03-29 03:55:39,534.46
2022-03-29 03:55:44,534.46
2022-03-29 03:55:49,534.4
2022-03-29 03:55:54,534.4
2022-03-29 03:55:59,534.33
2022-03-29 03:56:04,534.33
2022-03-29 03:56:09,534.3
2022-03-29 03:56:14,534.3
2022-03-29 03:56:19,534.3
2022-03-29 03:56:24,534.23
2022-03-29 03:56:29,534.23
2022-03-29 03:56:34,534.23
2022-03-29 03:56:39,534.17
2022-03-29 03:56:44,534.23
2022-03-29 03:56:49,534.17
2022-03-29 03:56:54,534.1
2022-03-29 03:56:59,534.1
2022-03-29 03:57:04,534.16
2022-03-29 03:57:09,534.16
2022-03-29 03:57:14,534.16
2022-03-29 03:57:19,534.1
2022-03-29 03:57:24,534.09
2022-03-29 03:57:29,534.1
2022-03-29 03:57:34,534.09
2022-03-29 03:57:39,534.06
2022-03-29 03:57:44,534.09
2022-03-29 03:57:49,534.06
2022-03-29 03:57:54,534.06
2022-03-29 03:57:59,534.06
2022-03-29 03:58:04,534.0
2022-03-29 03:58:09,533.99
2022-03-29 03:58:14,533.99
2022-03-29 03:58:19,533.99
2022-03-29 03:58:24,533.99
2022-03-29 03:58:29,533.99
2022-03-29 03:58:34,533.93
2022-03-29 03:58:39,533.99
2022-03-29 03:58:44,533.99
2022-03-29 03:58:49,533.99
2022-03-29 03:58:54,534.05
2022-03-29 03:58:59,533.99
2022-03-29 03:59:04,533.99
2022-03-29 03:59:09,534.05
2022-03-29 03:59:14,534.05
2022-03-29 03:59:19,534.05
2022-03-29 03:59:24,534.08
2022-03-29 03:59:29,534.05
2022-03-29 03:59:34,534.08
2022-03-29 03:59:39,534.08
2022-03-29 03:59:44,534.08
2022-03-29 03:59:49,534.15
2022-03-29 03:59:54,534.21
2022-03-29 03:59:59,534.27
2022-03-29 04:00:04,534.21
2022-03-29 04:00:09,534.28
2022-03-29 04:00:14,534.31
2022-03-29 04:00:19,534.31
2022-03-29 04:00:24,534.37
2022-03-29 04:00:29,534.37
2022-03-29 04:00:34,534.5
2022-03-29 04:00:39,534.5
2022-03-29 04:00:44,534.56
2022-03-29 04:00:49,534.6
2022-03-29 04:00:54,534.6
2022-03-29 04:00:59,534.66
2022-03-29 04:01:04,534.73
2022-03-29 04:01:09,534.79
2022-03-29 04:01:14,534.82
2022-03-29 04:01:19,534.82
2022-03-29 04:01:24,535.02
2022-03-29 04:01:29,535.02
2022-03-29 04:01:34,535.08
2022-03-29 04:01:39,535.08
2022-03-29 04:01:44,535.11
2022-03-29 04:01:49,535.18
2022-03-29 04:01:54,535.25
2022-03-29 04:01:59,535.25
2022-03-29 04:02:04,535.31
2022-03-29 04:02:09,535.31
2022-03-29 04:02:14,535.34
2022-03-29 04:02:19,535.41
2022-03-29 04:02:24,535.41
2022-03-29 04:02:29,535.54
2022-03-29 04:02:34,535.54
2022-03-29 04:02:39,535.54
2022-03-29 04:02:44,535.61
2022-03-29 04:02:49,535.61
2022-03-29 04:02:54,535.7
2022-03-29 04:02:59,535.7
2022-03-29 04:03:04,535.7
2022-03-29 04:03:09,535.83
2022-03-29 04:03:14,535.83
2022-03-29 04:03:19,535.86
2022-03-29 04:03:24,535.87
2022-03-29 04:03:29,535.83
2022-03-29 04:03:34,535.87
2022-03-29 04:03:39,535.87
2022-03-29 04:03:44,535.93
2022-03-29 04:03:49,535.93
2022-03-29 04:03:54,535.93
2022-03-29 04:03:59,537.71
2022-03-29 04:04:04,535.94
2022-03-29 04:04:09,535.87
2022-03-29 04:04:14,535.94
2022-03-29 04:04:19,535.94
2022-03-29 04:04:24,535.94
2022-03-29 04:04:29,535.94
2022-03-29 04:04:34,535.94
2022-03-29 04:04:39,535.94
2022-03-29 04:04:44,535.94
2022-03-29 04:04:49,535.94
2022-03-29 04:04:54,535.94
2022-03-29 04:04:59,535.94
2022-03-29 04:05:04,535.94
2022-03-29 04:05:09,535.87
2022-03-29 04:05:14,535.94
2022-03-29 04:05:19,535.94
2022-03-29 04:05:24,535.88
2022-03-29 04:05:29,535.88
2022-03-29 04:05:34,535.88
2022-03-29 04:05:39,535.88
2022-03-29 04:05:44,535.87
2022-03-29 04:05:49,535.84
2022-03-29 04:05:54,535.84
2022-03-29 04:05:59,535.84
2022-03-29 04:06:04,535.78
2022-03-29 04:06:09,535.78
2022-03-29 04:06:14,535.71
2022-03-29 04:06:19,535.65
2022-03-29 04:06:24,535.62
2022-03-29 04:06:29,535.62
2022-03-29 04:06:34,535.62
2022-03-29 04:06:39,535.49
2022-03-29 04:06:44,535.49
2022-03-29 04:06:49,535.49
2022-03-29 04:06:54,535.42
2022-03-29 04:06:59,535.35
2022-03-29 04:07:04,535.36
2022-03-29 04:07:09,535.32
2022-03-29 04:07:14,535.32
2022-03-29 04:07:19,535.26
2022-03-29 04:07:24,535.2
2022-03-29 04:07:29,535.13
2022-03-29 04:07:34,535.13
2022-03-29 04:07:39,535.09
2022-03-29 04:07:44,535.09
2022-03-29 04:07:49,535.03
2022-03-29 04:07:54,534.97
2022-03-29 04:07:59,534.9
2022-03-29 04:08:04,534.84
2022-03-29 04:08:09,534.83
2022-03-29 04:08:14,534.74
2022-03-29 04:08:19,534.67
2022-03-29 04:08:24,534.67
2022-03-29 04:08:29,534.57
2022-03-29 04:08:34,534.57
2022-03-29 04:08:39,534.45
2022-03-29 04:08:44,534.45
2022-03-29 04:08:49,534.32
2022-03-29 04:08:54,534.31
2022-03-29 04:08:59,534.28
2022-03-29 04:09:04,534.22
2022-03-29 04:09:09,534.15
2022-03-29 04:09:14,534.15
2022-03-29 04:09:19,534.08
2022-03-29 04:09:24,534.05
2022-03-29 04:09:29,534.05
2022-03-29 04:09:34,533.98
2022-03-29 04:09:39,533.99
2022-03-29 04:09:44,533.92
2022-03-29 04:09:49,533.92
2022-03-29 04:09:54,533.85
2022-03-29 04:09:59,533.79
2022-03-29 04:10:04,533.85
2022-03-29 04:10:09,533.79
2022-03-29 04:10:14,533.76
2022-03-29 04:10:19,533.69
2022-03-29 04:10:24,533.63
2022-03-29 04:10:29,533.63
2022-03-29 04:10:34,533.56
2022-03-29 04:10:39,533.53
2022-03-29 04:10:44,533.53
2022-03-29 04:10:49,533.46
2022-03-29 04:10:54,533.4
2022-03-29 04:10:59,533.33
2022-03-29 04:11:04,533.27
2022-03-29 04:11:09,533.24
2022-03-29 04:11:14,533.23
2022-03-29 04:11:19,533.17
2022-03-29 04:11:24,533.17
2022-03-29 04:11:29,533.11
2022-03-29 04:11:34,533.11
2022-03-29 04:11:39,533.04
2022-03-29 04:11:44,533.01
2022-03-29 04:11:49,537.71
2022-03-29 04:11:54,533.01
2022-03-29 04:11:59,532.95
2022-03-29 04:12:04,532.95
2022-03-29 04:12:09,532.88
2022-03-29 04:12:14,532.88
2022-03-29 04:12:19,532.88
2022-03-29 04:12:24,532.81
2022-03-29 04:12:29,532.81
2022-03-29 04:12:34,532.75
2022-03-29 04:12:39,532.75
2022-03-29 04:12:44,532.75
2022-03-29 04:12:49,532.75
2022-03-29 04:12:54,532.75
2022-03-29 04:12:59,532.72
2022-03-29 04:13:04,532.72
2022-03-29 04:13:09,532.75
2022-03-29 04:13:14,532.75
2022-03-29 04:13:19,532.75
2022-03-29 04:13:24,532.75
2022-03-29 04:13:29,532.75
2022-03-29 04:13:34,532.72
2022-03-29 04:13:39,532.72
2022-03-29 04:13:44,532.72
2022-03-29 04:13:49,532.72
2022-03-29 04:13:54,532.72
2022-03-29 04:13:59,532.72
2022-03-29 04:14:04,532.72
2022-03-29 04:14:09,532.66
2022-03-29 04:14:14,532.66
2022-03-29 04:14:19,532.73
2022-03-29 04:14:24,532.66
2022-03-29 04:14:29,532.66
2022-03-29 04:14:34,532.66
2022-03-29 04:14:39,532.73
2022-03-29 04:14:44,532.66
2022-03-29 04:14:49,532.66
2022-03-29 04:14:54,532.73
2022-03-29 04:14:59,532.73
2022-03-29 04:15:04,532.67
2022-03-29 04:15:09,532.67
2022-03-29 04:15:14,532.73
2022-03-29 04:15:19,532.73
2022-03-29 04:15:24,532.73
2022-03-29 04:15:29,532.74
2022-03-29 04:15:34,532.74
2022-03-29 04:15:39,532.77
2022-03-29 04:15:44,532.77
2022-03-29 04:15:49,532.77
2022-03-29 04:15:54,532.77
2022-03-29 04:15:59,532.84
2022-03-29 04:16:04,532.9
2022-03-29 04:16:09,532.9
2022-03-29 04:16:14,532.97
2022-03-29 04:16:19,532.97
2022-03-29 04:16:24,533.03
2022-03-29 04:16:29,533.03
2022-03-29 04:16:34,533.03
2022-03-29 04:16:39,533.07
2022-03-29 04:16:44,533.13
2022-03-29 04:16:49,533.2
2022-03-29 04:16:54,533.13
2022-03-29 04:16:59,533.26
2022-03-29 04:17:04,533.2
2022-03-29 04:17:09,533.26
2022-03-29 04:17:14,533.3
2022-03-29 04:17:19,533.36
2022-03-29 04:17:24,533.3
2022-03-29 04:17:29,533.36
2022-03-29 04:17:34,533.42
2022-03-29 04:17:39,533.43
2022-03-29 04:17:44,533.49
2022-03-29 04:17:49,533.49
2022-03-29 04:17:54,533.55
2022-03-29 04:17:59,533.49
2022-03-29 04:18:04,533.55
2022-03-29 04:18:09,533.55
2022-03-29 04:18:14,533.59
2022-03-29 04:18:19,533.59
2022-03-29 04:18:24,533.65
2022-03-29 04:18:29,533.72
2022-03-29 04:18:34,533.72
2022-03-29 04:18:39,533.78
2022-03-29 04:18:44,533.78
2022-03-29 04:18:49,533.81
2022-03-29 04:18:54,533.81
2022-03-29 04:18:59,533.88
2022-03-29 04:19:04,533.94
2022-03-29 04:19:09,533.88
2022-03-29 04:19:14,534.0
2022-03-29 04:19:19,534.07
2022-03-29 04:19:24,534.0
2022-03-29 04:19:29,534.06
2022-03-29 04:19:34,534.1
2022-03-29 04:19:39,534.22
2022-03-29 04:19:44,534.16
2022-03-29 04:19:49,534.22
2022-03-29 04:19:54,534.32
2022-03-29 04:19:59,534.29
2022-03-29 04:20:04,534.32
2022-03-29 04:20:09,534.32
2022-03-29 04:20:14,534.38
2022-03-29 04:20:19,534.38
2022-03-29 04:20:24,534.45
2022-03-29 04:20:29,534.45
2022-03-29 04:20:34,534.51
2022-03-29 04:20:39,534.51
2022-03-29 04:20:44,534.57
2022-03-29 04:20:49,534.57
2022-03-29 04:20:54,534.57
2022-03-29 04:20:59,534.66
2022-03-29 04:21:04,534.67
2022-03-29 04:21:09,534.67
2022-03-29 04:21:14,534.73
2022-03-29 04:21:19,534.73
2022-03-29 04:21:24,534.73
2022-03-29 04:21:29,534.73
2022-03-29 04:21:34,534.79
2022-03-29 04:21:39,534.79
2022-03-29 04:21:44,534.79
2022-03-29 04:21:49,534.82
2022-03-29 04:21:54,534.82
2022-03-29 04:21:59,534.79
2022-03-29 04:22:04,534.82
2022-03-29 04:22:09,534.88
2022-03-29 04:22:14,534.88
2022-03-29 04:22:19,534.94
2022-03-29 04:22:24,534.88
2022-03-29 04:22:29,534.94
2022-03-29 04:22:34,534.94
2022-03-29 04:22:39,534.94
2022-03-29 04:22:44,534.94
2022-03-29 04:22:49,535.01
2022-03-29 04:22:54,535.07
2022-03-29 04:22:59,535.07
2022-03-29 04:23:04,535.07
2022-03-29 04:23:09,535.1
2022-03-29 04:23:14,535.17
2022-03-29 04:23:19,535.23
2022-03-29 04:23:24,535.17
2022-03-29 04:23:29,535.17
2022-03-29 04:23:34,535.23
2022-03-29 04:23:39,535.3
2022-03-29 04:23:44,535.29
2022-03-29 04:23:49,535.29
2022-03-29 04:23:54,535.33
2022-03-29 04:23:59,535.32
2022-03-29 04:24:04,535.39
2022-03-29 04:24:09,535.39
2022-03-29 04:24:14,535.39
2022-03-29 04:24:19,535.39
2022-03-29 04:24:24,535.52
2022-03-29 04:24:29,535.52
2022-03-29 04:24:34,535.52
2022-03-29 04:24:39,535.58
2022-03-29 04:24:44,535.61
2022-03-29 04:24:49,535.58
2022-03-29 04:24:54,535.62
2022-03-29 04:24:59,535.68
2022-03-29 04:25:04,535.62
2022-03-29 04:25:09,535.68
2022-03-29 04:25:14,535.75
2022-03-29 04:25:19,535.75
2022-03-29 04:25:24,535.75
2022-03-29 04:25:29,535.81
2022-03-29 04:25:34,535.84
2022-03-29 04:25:39,535.85
2022-03-29 04:25:44,535.97
2022-03-29 04:25:49,535.84
2022-03-29 04:25:54,535.97
2022-03-29 04:25:59,536.04
2022-03-29 04:26:04,536.04
2022-03-29 04:26:09,536.11
2022-03-29 04:26:14,536.14
2022-03-29 04:26:19,536.14
2022-03-29 04:26:24,536.2
2022-03-29 04:26:29,536.27
2022-03-29 04:26:34,536.27
2022-03-29 04:26:39,536.33
2022-03-29 04:26:44,536.37
2022-03-29 04:26:49,536.43
2022-03-29 04:26:54,536.43
2022-03-29 04:26:59,536.5
2022-03-29 04:27:04,536.63
2022-03-29 04:27:09,536.62
2022-03-29 04:27:14,536.66
2022-03-29 04:27:19,536.66
2022-03-29 04:27:24,536.72
2022-03-29 04:27:29,536.79
2022-03-29 04:27:34,536.85
2022-03-29 04:27:39,536.89
2022-03-29 04:27:44,536.89
2022-03-29 04:27:49,536.89
2022-03-29 04:27:54,536.95
2022-03-29 04:27:59,537.02
2022-03-29 04:28:04,537.02
2022-03-29 04:28:09,537.09
2022-03-29 04:28:14,537.15
2022-03-29 04:28:19,537.18
2022-03-29 04:28:24,537.18
2022-03-29 04:28:29,537.25
2022-03-29 04:28:34,537.31
2022-03-29 04:28:39,537.32
2022-03-29 04:28:44,537.41
2022-03-29 04:28:49,537.41
2022-03-29 04:28:54,537.54
2022-03-29 04:28:59,537.61
2022-03-29 04:29:04,537.61
2022-03-29 04:29:09,537.61
2022-03-29 04:29:14,537.71
2022-03-29 04:29:19,537.7
2022-03-29 04:29:24,537.77
2022-03-29 04:29:29,537.83
2022-03-29 04:29:34,537.83
2022-03-29 04:29:39,537.84
2022-03-29 04:29:44,537.84
2022-03-29 04:29:49,537.9
2022-03-29 04:29:54,537.9
2022-03-29 04:29:59,537.9
2022-03-29 04:30:04,537.9
2022-03-29 04:30:09,537.94
2022-03-29 04:30:14,537.93
2022-03-29 04:30:19,538.0
2022-03-29 04:30:24,538.0
2022-03-29 04:30:29,538.06
2022-03-29 04:30:34,538.0
2022-03-29 04:30:39,538.06
2022-03-29 04:30:44,538.06
2022-03-29 04:30:49,538.0
2022-03-29 04:30:54,538.06
2022-03-29 04:30:59,538.13
2022-03-29 04:31:04,538.13
2022-03-29 04:31:09,538.13
2022-03-29 04:31:14,538.19
2022-03-29 04:31:19,538.13
2022-03-29 04:31:24,538.19
2022-03-29 04:31:29,538.19
2022-03-29 04:31:34,538.19
2022-03-29 04:31:39,538.19
2022-03-29 04:31:44,538.22
2022-03-29 04:31:49,538.19
2022-03-29 04:31:54,538.19
2022-03-29 04:31:59,538.18
2022-03-29 04:32:04,538.19
2022-03-29 04:32:09,538.22
2022-03-29 04:32:14,538.22
2022-03-29 04:32:19,538.22
2022-03-29 04:32:24,538.22
2022-03-29 04:32:29,538.28
2022-03-29 04:32:34,538.22
2022-03-29 04:32:39,538.28
2022-03-29 04:32:44,538.34
2022-03-29 04:32:49,538.41
2022-03-29 04:32:54,538.41
2022-03-29 04:32:59,538.4
2022-03-29 04:33:04,538.41
2022-03-29 04:33:09,538.5
2022-03-29 04:33:14,538.44
2022-03-29 04:33:19,538.5
2022-03-29 04:33:24,538.56
2022-03-29 04:33:29,538.5
2022-03-29 04:33:34,538.63
2022-03-29 04:33:39,538.62
2022-03-29 04:33:44,538.69
2022-03-29 04:33:49,538.69
2022-03-29 04:33:54,538.69
2022-03-29 04:33:59,538.72
2022-03-29 04:34:04,538.69
2022-03-29 04:34:09,538.69
2022-03-29 04:34:14,538.72
2022-03-29 04:34:19,538.72
2022-03-29 04:34:24,538.72
2022-03-29 04:34:29,538.72
2022-03-29 04:34:34,538.71
2022-03-29 04:34:39,538.78
2022-03-29 04:34:44,538.84
2022-03-29 04:34:49,538.84
2022-03-29 04:34:54,538.85
2022-03-29 04:34:59,538.91
2022-03-29 04:35:04,538.9
2022-03-29 04:35:09,538.94
2022-03-29 04:35:14,538.94
2022-03-29 04:35:19,539.0
2022-03-29 04:35:24,539.0
2022-03-29 04:35:29,539.0
2022-03-29 04:35:34,539.07
2022-03-29 04:35:39,539.13
2022-03-29 04:35:44,539.13
2022-03-29 04:35:49,539.13
2022-03-29 04:35:54,539.19
2022-03-29 04:35:59,539.19
2022-03-29 04:36:04,539.23
2022-03-29 04:36:09,539.23
2022-03-29 04:36:14,539.22
2022-03-29 04:36:19,539.29
2022-03-29 04:36:24,539.29
2022-03-29 04:36:29,539.35
2022-03-29 04:36:34,539.42
2022-03-29 04:36:39,539.42
2022-03-29 04:36:44,539.45
2022-03-29 04:36:49,539.45
2022-03-29 04:36:54,539.45
2022-03-29 04:36:59,539.52
2022-03-29 04:37:04,539.58
2022-03-29 04:37:09,539.58
2022-03-29 04:37:14,539.58
2022-03-29 04:37:19,539.58
2022-03-29 04:37:24,539.65
2022-03-29 04:37:29,539.65
2022-03-29 04:37:34,539.71
2022-03-29 04:37:39,539.71
2022-03-29 04:37:44,539.65
2022-03-29 04:37:49,539.71
2022-03-29 04:37:54,539.71
2022-03-29 04:37:59,539.71
2022-03-29 04:38:04,539.75
2022-03-29 04:38:09,539.74
2022-03-29 04:38:14,539.74
2022-03-29 04:38:19,539.75
2022-03-29 04:38:24,539.75
2022-03-29 04:38:29,539.75
2022-03-29 04:38:34,539.75
2022-03-29 04:38:39,539.81
2022-03-29 04:38:44,539.81
2022-03-29 04:38:49,539.88
2022-03-29 04:38:54,539.88
2022-03-29 04:38:59,539.82
2022-03-29 04:39:04,539.88
2022-03-29 04:39:09,539.88
2022-03-29 04:39:14,539.88
2022-03-29 04:39:19,539.88
2022-03-29 04:39:24,539.95
2022-03-29 04:39:29,539.89
2022-03-29 04:39:34,539.89
2022-03-29 04:39:39,539.82
2022-03-29 04:39:44,539.89
2022-03-29 04:39:49,539.82
2022-03-29 04:39:54,539.82
2022-03-29 04:39:59,539.82
2022-03-29 04:40:04,539.82
2022-03-29 04:40:09,539.82
2022-03-29 04:40:14,539.83
2022-03-29 04:40:19,539.89
2022-03-29 04:40:24,539.89
2022-03-29 04:40:29,539.89
2022-03-29 04:40:34,539.83
2022-03-29 04:40:39,539.89
2022-03-29 04:40:44,539.9
2022-03-29 04:40:49,539.9
2022-03-29 04:40:54,539.9
2022-03-29 04:40:59,539.9
2022-03-29 04:41:04,539.83
2022-03-29 04:41:09,539.83
2022-03-29 04:41:14,539.9
2022-03-29 04:41:19,539.9
2022-03-29 04:41:24,539.83
2022-03-29 04:41:29,539.9
2022-03-29 04:41:34,539.83
2022-03-29 04:41:39,539.84
2022-03-29 04:41:44,539.84
2022-03-29 04:41:49,539.84
2022-03-29 04:41:54,539.77
2022-03-29 04:41:59,539.84
2022-03-29 04:42:04,539.84
2022-03-29 04:42:09,539.84
2022-03-29 04:42:14,539.77
2022-03-29 04:42:19,539.84
2022-03-29 04:42:24,539.77
2022-03-29 04:42:29,539.77
2022-03-29 04:42:34,539.78
2022-03-29 04:42:39,539.77
2022-03-29 04:42:44,539.77
2022-03-29 04:42:49,539.74
2022-03-29 04:42:54,539.77
2022-03-29 04:42:59,539.74
2022-03-29 04:43:04,539.74
2022-03-29 04:43:09,539.74
2022-03-29 04:43:14,539.74
2022-03-29 04:43:19,539.68
2022-03-29 04:43:24,539.68
2022-03-29 04:43:29,539.68
2022-03-29 04:43:34,539.68
2022-03-29 04:43:39,539.68
2022-03-29 04:43:44,539.68
2022-03-29 04:43:49,539.68
2022-03-29 04:43:54,539.67
2022-03-29 04:43:59,539.68
2022-03-29 04:44:04,539.67
2022-03-29 04:44:09,539.68
2022-03-29 04:44:14,539.67
2022-03-29 04:44:19,539.67
2022-03-29 04:44:24,539.74
2022-03-29 04:44:29,539.67
2022-03-29 04:44:34,539.73
2022-03-29 04:44:39,539.74
2022-03-29 04:44:44,539.67
2022-03-29 04:44:49,539.74
2022-03-29 04:44:54,539.73
2022-03-29 04:44:59,539.74
2022-03-29 04:45:04,539.73
2022-03-29 04:45:09,539.73
2022-03-29 04:45:14,539.73
2022-03-29 04:45:19,539.76
2022-03-29 04:45:24,539.76
2022-03-29 04:45:29,539.76
2022-03-29 04:45:34,539.76
2022-03-29 04:45:39,539.76
2022-03-29 04:45:44,539.82
2022-03-29 04:45:49,539.82
2022-03-29 04:45:54,539.82
2022-03-29 04:45:59,539.82
2022-03-29 04:46:04,539.89
2022-03-29 04:46:09,539.95
2022-03-29 04:46:14,539.88
2022-03-29 04:46:19,539.95
2022-03-29 04:46:24,539.95
2022-03-29 04:46:29,539.95
2022-03-29 04:46:34,539.94
2022-03-29 04:46:39,539.94
2022-03-29 04:46:44,539.98
2022-03-29 04:46:49,539.98
2022-03-29 04:46:54,539.97
2022-03-29 04:46:59,539.98
2022-03-29 04:47:04,539.98
2022-03-29 04:47:09,539.97
2022-03-29 04:47:14,539.97
2022-03-29 04:47:19,539.97
2022-03-29 04:47:24,540.04
2022-03-29 04:47:29,540.04
2022-03-29 04:47:34,540.04
2022-03-29 04:47:39,540.1
2022-03-29 04:47:44,540.17
2022-03-29 04:47:49,540.17
2022-03-29 04:47:54,540.17
2022-03-29 04:47:59,540.23
2022-03-29 04:48:04,540.23
2022-03-29 04:48:09,540.23
2022-03-29 04:48:14,540.26
2022-03-29 04:48:19,540.26
2022-03-29 04:48:24,540.26
2022-03-29 04:48:29,540.32
2022-03-29 04:48:34,540.33
2022-03-29 04:48:39,540.33
2022-03-29 04:48:44,540.33
2022-03-29 04:48:49,540.33
2022-03-29 04:48:54,540.39
2022-03-29 04:48:59,540.39
2022-03-29 04:49:04,540.39
2022-03-29 04:49:09,540.39
2022-03-29 04:49:14,540.39
2022-03-29 04:49:19,540.46
2022-03-29 04:49:24,540.46
2022-03-29 04:49:29,540.39
2022-03-29 04:49:34,540.46
2022-03-29 04:49:39,540.46
2022-03-29 04:49:44,540.46
2022-03-29 04:49:49,540.49
2022-03-29 04:49:54,540.49
2022-03-29 04:49:59,540.55
2022-03-29 04:50:04,540.62
2022-03-29 04:50:09,540.56
2022-03-29 04:50:14,540.62
2022-03-29 04:50:19,540.62
2022-03-29 04:50:24,540.62
2022-03-29 04:50:29,540.62
2022-03-29 04:50:34,540.69
2022-03-29 04:50:39,540.69
2022-03-29 04:50:44,540.68
2022-03-29 04:50:49,540.75
2022-03-29 04:50:54,540.75
2022-03-29 04:50:59,540.75
2022-03-29 04:51:04,540.79
2022-03-29 04:51:09,540.76
2022-03-29 04:51:14,540.76
2022-03-29 04:51:19,540.79
2022-03-29 04:51:24,540.79
2022-03-29 04:51:29,540.79
2022-03-29 04:51:34,540.8
2022-03-29 04:51:39,540.79
2022-03-29 04:51:44,540.79
2022-03-29 04:51:49,540.79
2022-03-29 04:51:54,540.8
2022-03-29 04:51:59,540.86
2022-03-29 04:52:04,540.8
2022-03-29 04:52:09,540.8
2022-03-29 04:52:14,540.8
2022-03-29 04:52:19,540.8
2022-03-29 04:52:24,540.8
2022-03-29 04:52:29,540.8
2022-03-29 04:52:34,540.8
2022-03-29 04:52:39,540.8
2022-03-29 04:52:44,540.8
2022-03-29 04:52:49,540.77
2022-03-29 04:52:54,540.77
2022-03-29 04:52:59,540.78
2022-03-29 04:53:04,540.78
2022-03-29 04:53:09,540.71
2022-03-29 04:53:14,540.71
2022-03-29 04:53:19,540.78
2022-03-29 04:53:24,540.65
2022-03-29 04:53:29,540.71
2022-03-29 04:53:34,540.65
2022-03-29 04:53:39,540.65
2022-03-29 04:53:44,540.72
2022-03-29 04:53:49,540.59
2022-03-29 04:53:54,540.65
2022-03-29 04:53:59,540.59
2022-03-29 04:54:04,540.65
2022-03-29 04:54:09,540.59
2022-03-29 04:54:14,540.52
2022-03-29 04:54:19,540.52
2022-03-29 04:54:24,540.53
2022-03-29 04:54:29,540.53
2022-03-29 04:54:34,540.53
2022-03-29 04:54:39,540.53
2022-03-29 04:54:44,540.53
2022-03-29 04:54:49,540.53
2022-03-29 04:54:54,540.5
2022-03-29 04:54:59,540.53
2022-03-29 04:55:04,540.52
2022-03-29 04:55:09,540.49
2022-03-29 04:55:14,540.53
2022-03-29 04:55:19,540.53
2022-03-29 04:55:24,540.53
2022-03-29 04:55:29,540.53
2022-03-29 04:55:34,540.53
2022-03-29 04:55:39,540.5
2022-03-29 04:55:44,540.5
2022-03-29 04:55:49,540.5
2022-03-29 04:55:54,540.5
2022-03-29 04:55:59,540.5
2022-03-29 04:56:04,540.5
2022-03-29 04:56:09,540.53
2022-03-29 04:56:14,540.5
2022-03-29 04:56:19,540.5
2022-03-29 04:56:24,540.49
2022-03-29 04:56:29,540.53
2022-03-29 04:56:34,540.49
2022-03-29 04:56:39,540.49
2022-03-29 04:56:44,540.5
2022-03-29 04:56:49,540.5
2022-03-29 04:56:54,540.49
2022-03-29 04:56:59,540.53
2022-03-29 04:57:04,540.49
2022-03-29 04:57:09,540.49
2022-03-29 04:57:14,540.43
2022-03-29 04:57:19,540.43
2022-03-29 04:57:24,540.43
2022-03-29 04:57:29,540.43
2022-03-29 04:57:34,540.42
2022-03-29 04:57:39,540.42
2022-03-29 04:57:44,540.42
2022-03-29 04:57:49,540.42
2022-03-29 04:57:54,540.36
2022-03-29 04:57:59,540.29
2022-03-29 04:58:04,540.29
2022-03-29 04:58:09,540.29
2022-03-29 04:58:14,540.29
2022-03-29 04:58:19,540.29
2022-03-29 04:58:24,540.29
2022-03-29 04:58:29,540.29
2022-03-29 04:58:34,540.26
2022-03-29 04:58:39,540.29
2022-03-29 04:58:44,540.29
2022-03-29 04:58:49,540.25
2022-03-29 04:58:54,540.29
2022-03-29 04:58:59,540.28
2022-03-29 04:59:04,540.28
2022-03-29 04:59:09,540.28
2022-03-29 04:59:14,540.25
2022-03-29 04:59:19,540.25
2022-03-29 04:59:24,540.25
2022-03-29 04:59:29,540.28
2022-03-29 04:59:34,540.28
2022-03-29 04:59:39,540.28
2022-03-29 04:59:44,540.28
2022-03-29 04:59:49,540.28
2022-03-29 04:59:54,540.28
2022-03-29 04:59:59,540.28
2022-03-29 05:00:04,540.35
2022-03-29 05:00:09,540.28
2022-03-29 05:00:14,540.28
2022-03-29 05:00:19,540.34
2022-03-29 05:00:24,540.28
2022-03-29 05:00:29,540.28
2022-03-29 05:00:34,540.28
2022-03-29 05:00:39,540.28
2022-03-29 05:00:44,540.28
2022-03-29 05:00:49,540.25
2022-03-29 05:00:54,540.28
2022-03-29 05:00:59,540.25
2022-03-29 05:01:04,540.28
2022-03-29 05:01:09,540.28
2022-03-29 05:01:14,540.18
2022-03-29 05:01:19,540.19
2022-03-29 05:01:24,540.12
2022-03-29 05:01:29,540.12
2022-03-29 05:01:34,540.06
2022-03-29 05:01:39,540.06
2022-03-29 05:01:44,539.99
2022-03-29 05:01:49,539.99
2022-03-29 05:01:54,539.96
2022-03-29 05:01:59,539.96
2022-03-29 05:02:04,539.96
2022-03-29 05:02:09,539.9
2022-03-29 05:02:14,539.83
2022-03-29 05:02:19,539.84
2022-03-29 05:02:24,539.77
2022-03-29 05:02:29,539.77
2022-03-29 05:02:34,539.77
2022-03-29 05:02:39,539.77
2022-03-29 05:02:44,539.74
2022-03-29 05:02:49,539.74
2022-03-29 05:02:54,539.68
2022-03-29 05:02:59,539.68
2022-03-29 05:03:04,539.68
2022-03-29 05:03:09,539.62
2022-03-29 05:03:14,539.62
2022-03-29 05:03:19,539.62
2022-03-29 05:03:24,539.55
2022-03-29 05:03:29,539.55
2022-03-29 05:03:34,539.49
2022-03-29 05:03:39,539.49
2022-03-29 05:03:44,539.46
2022-03-29 05:03:49,539.39
2022-03-29 05:03:54,539.39
2022-03-29 05:03:59,539.4
2022-03-29 05:04:04,539.4
2022-03-29 05:04:09,539.34
2022-03-29 05:04:14,539.34
2022-03-29 05:04:19,539.34
2022-03-29 05:04:24,539.34
2022-03-29 05:04:29,539.27
2022-03-29 05:04:34,539.34
2022-03-29 05:04:39,539.27
2022-03-29 05:04:44,539.24
2022-03-29 05:04:49,539.28
2022-03-29 05:04:54,539.25
2022-03-29 05:04:59,539.25
2022-03-29 05:05:04,539.18
2022-03-29 05:05:09,539.25
2022-03-29 05:05:14,539.18
2022-03-29 05:05:19,539.12
2022-03-29 05:05:24,539.12
2022-03-29 05:05:29,539.12
2022-03-29 05:05:34,538.99
2022-03-29 05:05:39,538.99
2022-03-29 05:05:44,539.0
2022-03-29 05:05:49,539.0
2022-03-29 05:05:54,538.9
2022-03-29 05:05:59,538.9
2022-03-29 05:06:04,538.9
2022-03-29 05:06:09,538.83
2022-03-29 05:06:14,538.83
2022-03-29 05:06:19,538.83
2022-03-29 05:06:24,538.83
2022-03-29 05:06:29,538.77
2022-03-29 05:06:34,538.77
2022-03-29 05:06:39,538.77
2022-03-29 05:06:44,538.74
2022-03-29 05:06:49,538.74
2022-03-29 05:06:54,538.74
2022-03-29 05:06:59,538.67
2022-03-29 05:07:04,538.74
2022-03-29 05:07:09,538.68
2022-03-29 05:07:14,538.67
2022-03-29 05:07:19,538.61
2022-03-29 05:07:24,538.61
2022-03-29 05:07:29,538.61
2022-03-29 05:07:34,538.61
2022-03-29 05:07:39,538.54
2022-03-29 05:07:44,538.54
2022-03-29 05:07:49,538.54
2022-03-29 05:07:54,538.54
2022-03-29 05:07:59,538.54
2022-03-29 05:08:04,538.48
2022-03-29 05:08:09,538.54
2022-03-29 05:08:14,538.48
2022-03-29 05:08:19,538.48
2022-03-29 05:08:24,538.48
2022-03-29 05:08:29,538.48
2022-03-29 05:08:34,538.45
2022-03-29 05:08:39,538.48
2022-03-29 05:08:44,538.48
2022-03-29 05:08:49,538.48
2022-03-29 05:08:54,538.44
2022-03-29 05:08:59,538.44
2022-03-29 05:09:04,538.44
2022-03-29 05:09:09,538.44
2022-03-29 05:09:14,538.38
2022-03-29 05:09:19,538.44
2022-03-29 05:09:24,538.37
2022-03-29 05:09:29,538.38
2022-03-29 05:09:34,538.31
2022-03-29 05:09:39,538.31
2022-03-29 05:09:44,538.31
2022-03-29 05:09:49,538.24
2022-03-29 05:09:54,538.24
2022-03-29 05:09:59,538.24
2022-03-29 05:10:04,538.21
2022-03-29 05:10:09,538.24
2022-03-29 05:10:14,538.21
2022-03-29 05:10:19,538.21
2022-03-29 05:10:24,538.14
2022-03-29 05:10:29,538.14
2022-03-29 05:10:34,538.07
2022-03-29 05:10:39,538.14
2022-03-29 05:10:44,538.14
2022-03-29 05:10:49,538.07
2022-03-29 05:10:54,538.07
2022-03-29 05:10:59,538.07
2022-03-29 05:11:04,538.01
2022-03-29 05:11:09,537.94
2022-03-29 05:11:14,537.94
2022-03-29 05:11:19,537.91
2022-03-29 05:11:24,537.91
2022-03-29 05:11:29,537.85
2022-03-29 05:11:34,537.91
2022-03-29 05:11:39,537.85
2022-03-29 05:11:44,537.78
2022-03-29 05:11:49,537.78
2022-03-29 05:11:54,537.78
2022-03-29 05:11:59,537.71
2022-03-29 05:12:04,537.71
2022-03-29 05:12:09,537.68
2022-03-29 05:12:14,537.68
2022-03-29 05:12:19,537.61
2022-03-29 05:12:24,537.55
2022-03-29 05:12:29,537.55
2022-03-29 05:12:34,537.49
2022-03-29 05:12:39,537.49
2022-03-29 05:12:44,537.42
2022-03-29 05:12:49,537.39
2022-03-29 05:12:54,537.32
2022-03-29 05:12:59,537.26
2022-03-29 05:13:04,537.26
2022-03-29 05:13:09,537.2
2022-03-29 05:13:14,537.2
2022-03-29 05:13:19,537.2
2022-03-29 05:13:24,537.16
2022-03-29 05:13:29,537.1
2022-03-29 05:13:34,537.1
2022-03-29 05:13:39,537.03
2022-03-29 05:13:44,536.97
2022-03-29 05:13:49,537.03
2022-03-29 05:13:54,536.97
2022-03-29 05:13:59,536.91
2022-03-29 05:14:04,536.88
2022-03-29 05:14:09,536.87
2022-03-29 05:14:14,536.81
2022-03-29 05:14:19,536.81
2022-03-29 05:14:24,536.75
2022-03-29 05:14:29,536.75
2022-03-29 05:14:34,536.69
2022-03-29 05:14:39,536.65
2022-03-29 05:14:44,536.65
2022-03-29 05:14:49,536.65
2022-03-29 05:14:54,536.59
2022-03-29 05:14:59,536.59
2022-03-29 05:15:04,536.53
2022-03-29 05:15:09,536.53
2022-03-29 05:15:14,536.46
2022-03-29 05:15:19,536.46
2022-03-29 05:15:24,536.4
2022-03-29 05:15:29,536.4
2022-03-29 05:15:34,536.37
2022-03-29 05:15:39,536.37
2022-03-29 05:15:44,536.37
2022-03-29 05:15:49,536.31
2022-03-29 05:15:54,536.3
2022-03-29 05:15:59,536.24
2022-03-29 05:16:04,536.31
2022-03-29 05:16:09,536.24
2022-03-29 05:16:14,536.24
2022-03-29 05:16:19,536.18
2022-03-29 05:16:24,536.15
2022-03-29 05:16:29,536.15
2022-03-29 05:16:34,536.09
2022-03-29 05:16:39,536.15
2022-03-29 05:16:44,536.02
2022-03-29 05:16:49,536.09
2022-03-29 05:16:54,536.02
2022-03-29 05:16:59,535.96
2022-03-29 05:17:04,535.96
2022-03-29 05:17:09,535.96
2022-03-29 05:17:14,535.9
2022-03-29 05:17:19,535.9
2022-03-29 05:17:24,535.87
2022-03-29 05:17:29,535.81
2022-03-29 05:17:34,535.8
2022-03-29 05:17:39,535.8
2022-03-29 05:17:44,535.74
2022-03-29 05:17:49,535.74
2022-03-29 05:17:54,535.74
2022-03-29 05:17:59,535.74
2022-03-29 05:18:04,535.68
2022-03-29 05:18:09,535.65
2022-03-29 05:18:14,535.64
2022-03-29 05:18:19,535.65
2022-03-29 05:18:24,535.58
2022-03-29 05:18:29,535.52
2022-03-29 05:18:34,535.52
2022-03-29 05:18:39,535.45
2022-03-29 05:18:44,535.39
2022-03-29 05:18:49,535.39
2022-03-29 05:18:54,535.39
2022-03-29 05:18:59,535.39
2022-03-29 05:19:04,535.29
2022-03-29 05:19:09,535.29
2022-03-29 05:19:14,535.29
2022-03-29 05:19:19,535.29
2022-03-29 05:19:24,535.16
2022-03-29 05:19:29,535.16
2022-03-29 05:19:34,535.13
2022-03-29 05:19:39,535.13
2022-03-29 05:19:44,535.13
2022-03-29 05:19:49,535.06
2022-03-29 05:19:54,535.06
2022-03-29 05:19:59,535.0
2022-03-29 05:20:04,535.0
2022-03-29 05:20:09,534.93
2022-03-29 05:20:14,534.93
2022-03-29 05:20:19,534.93
2022-03-29 05:20:24,534.87
2022-03-29 05:20:29,534.87
2022-03-29 05:20:34,534.87
2022-03-29 05:20:39,534.83
2022-03-29 05:20:44,534.84
2022-03-29 05:20:49,534.83
2022-03-29 05:20:54,534.77
2022-03-29 05:20:59,534.77
2022-03-29 05:21:04,534.77
2022-03-29 05:21:09,534.71
2022-03-29 05:21:14,534.71
2022-03-29 05:21:19,534.7
2022-03-29 05:21:24,534.7
2022-03-29 05:21:29,534.64
2022-03-29 05:21:34,534.64
2022-03-29 05:21:39,534.6
2022-03-29 05:21:44,534.6
2022-03-29 05:21:49,534.6
2022-03-29 05:21:54,534.6
2022-03-29 05:21:59,534.6
2022-03-29 05:22:04,534.53
2022-03-29 05:22:09,534.6
2022-03-29 05:22:14,534.53
2022-03-29 05:22:19,534.53
2022-03-29 05:22:24,534.6
2022-03-29 05:22:29,534.53
2022-03-29 05:22:34,534.53
2022-03-29 05:22:39,534.6
2022-03-29 05:22:44,534.53
2022-03-29 05:22:49,534.59
2022-03-29 05:22:54,534.59
2022-03-29 05:22:59,534.53
2022-03-29 05:23:04,534.59
2022-03-29 05:23:09,534.53
2022-03-29 05:23:14,534.53
2022-03-29 05:23:19,534.59
2022-03-29 05:23:24,534.53
2022-03-29 05:23:29,534.52
2022-03-29 05:23:34,534.52
2022-03-29 05:23:39,534.52
2022-03-29 05:23:44,534.52
2022-03-29 05:23:49,534.58
2022-03-29 05:23:54,534.58
2022-03-29 05:23:59,534.58
2022-03-29 05:24:04,534.59
2022-03-29 05:24:09,534.59
2022-03-29 05:24:14,534.58
2022-03-29 05:24:19,534.58
2022-03-29 05:24:24,534.62
2022-03-29 05:24:29,534.58
2022-03-29 05:24:34,534.62
2022-03-29 05:24:39,534.58
2022-03-29 05:24:44,534.62
2022-03-29 05:24:49,534.68
2022-03-29 05:24:54,534.68
2022-03-29 05:24:59,534.68
2022-03-29 05:25:04,534.68
2022-03-29 05:25:09,537.71
2022-03-29 05:25:14,534.74
2022-03-29 05:25:19,534.81
2022-03-29 05:25:24,534.81
2022-03-29 05:25:29,534.81
2022-03-29 05:25:34,534.84
2022-03-29 05:25:39,534.84
2022-03-29 05:25:44,534.84
2022-03-29 05:25:49,534.84
2022-03-29 05:25:54,534.91
2022-03-29 05:25:59,534.97
2022-03-29 05:26:04,534.97
2022-03-29 05:26:09,534.97
2022-03-29 05:26:14,534.97
2022-03-29 05:26:19,535.04
2022-03-29 05:26:24,535.04
2022-03-29 05:26:29,535.1
2022-03-29 05:26:34,535.1
2022-03-29 05:26:39,535.13
2022-03-29 05:26:44,535.1
2022-03-29 05:26:49,535.1
2022-03-29 05:26:54,535.1
2022-03-29 05:26:59,535.13
2022-03-29 05:27:04,535.14
2022-03-29 05:27:09,535.1
2022-03-29 05:27:14,535.14
2022-03-29 05:27:19,535.14
2022-03-29 05:27:24,535.14
2022-03-29 05:27:29,535.14
2022-03-29 05:27:34,535.14
2022-03-29 05:27:39,535.14
2022-03-29 05:27:44,535.14
2022-03-29 05:27:49,535.11
2022-03-29 05:27:54,535.11
2022-03-29 05:27:59,535.11
2022-03-29 05:28:04,535.11
2022-03-29 05:28:09,535.05
2022-03-29 05:28:14,535.05
2022-03-29 05:28:19,535.11
2022-03-29 05:28:24,535.05
2022-03-29 05:28:29,534.99
2022-03-29 05:28:34,535.05
2022-03-29 05:28:39,535.05
2022-03-29 05:28:44,535.05
2022-03-29 05:28:49,535.05
2022-03-29 05:28:54,534.99
2022-03-29 05:28:59,535.05
2022-03-29 05:29:04,534.99
2022-03-29 05:29:09,534.99
2022-03-29 05:29:14,534.99
2022-03-29 05:29:19,534.99
2022-03-29 05:29:24,534.99
2022-03-29 05:29:29,534.99
2022-03-29 05:29:34,534.93
2022-03-29 05:29:39,534.93
2022-03-29 05:29:44,534.93
2022-03-29 05:29:49,534.93
2022-03-29 05:29:54,534.93
2022-03-29 05:29:59,534.87
2022-03-29 05:30:04,534.87
2022-03-29 05:30:09,534.87
2022-03-29 05:30:14,534.87
2022-03-29 05:30:19,534.87
2022-03-29 05:30:24,534.93
2022-03-29 05:30:29,534.84
2022-03-29 05:30:34,534.87
2022-03-29 05:30:39,534.84
2022-03-29 05:30:44,534.77
2022-03-29 05:30:49,534.77
2022-03-29 05:30:54,534.77
2022-03-29 05:30:59,534.71
2022-03-29 05:31:04,534.71
2022-03-29 05:31:09,534.71
2022-03-29 05:31:14,534.71
2022-03-29 05:31:19,534.64
2022-03-29 05:31:24,534.64
2022-03-29 05:31:29,534.61
2022-03-29 05:31:34,534.61
2022-03-29 05:31:39,534.61
2022-03-29 05:31:44,534.61
2022-03-29 05:31:49,534.54
2022-03-29 05:31:54,537.71
2022-03-29 05:31:59,534.48
2022-03-29 05:32:04,534.48
2022-03-29 05:32:09,534.48
2022-03-29 05:32:14,534.42
2022-03-29 05:32:19,534.35
2022-03-29 05:32:24,534.32
2022-03-29 05:32:29,534.32
2022-03-29 05:32:34,534.25
2022-03-29 05:32:39,534.25
2022-03-29 05:32:44,534.19
2022-03-29 05:32:49,534.19
2022-03-29 05:32:54,534.12
2022-03-29 05:32:59,534.12
2022-03-29 05:33:04,534.12
2022-03-29 05:33:09,534.09
2022-03-29 05:33:14,534.09
2022-03-29 05:33:19,534.03
2022-03-29 05:33:24,533.96
2022-03-29 05:33:29,533.89
2022-03-29 05:33:34,533.89
2022-03-29 05:33:39,533.89
2022-03-29 05:33:44,533.89
2022-03-29 05:33:49,533.89
2022-03-29 05:33:54,533.82
2022-03-29 05:33:59,533.82
2022-03-29 05:34:04,533.73
2022-03-29 05:34:09,533.73
2022-03-29 05:34:14,533.73
2022-03-29 05:34:19,533.66
2022-03-29 05:34:24,533.66
2022-03-29 05:34:29,533.59
2022-03-29 05:34:34,533.59
2022-03-29 05:34:39,533.56
2022-03-29 05:34:44,533.56
2022-03-29 05:34:49,533.5
2022-03-29 05:34:54,533.49
2022-03-29 05:34:59,533.49
2022-03-29 05:35:04,533.43
2022-03-29 05:35:09,533.43
2022-03-29 05:35:14,533.36
2022-03-29 05:35:19,533.29
2022-03-29 05:35:24,533.3
2022-03-29 05:35:29,533.3
2022-03-29 05:35:34,533.26
2022-03-29 05:35:39,533.26
2022-03-29 05:35:44,533.2
2022-03-29 05:35:49,533.2
2022-03-29 05:35:54,533.13
2022-03-29 05:35:59,533.13
2022-03-29 05:36:04,533.13
2022-03-29 05:36:09,533.07
2022-03-29 05:36:14,533.07
2022-03-29 05:36:19,533.07
2022-03-29 05:36:24,533.04
2022-03-29 05:36:29,533.03
2022-03-29 05:36:34,532.97
2022-03-29 05:36:39,533.03
2022-03-29 05:36:44,532.97
2022-03-29 05:36:49,532.9
2022-03-29 05:36:54,532.9
2022-03-29 05:36:59,532.9
2022-03-29 05:37:04,532.9
2022-03-29 05:37:09,532.9
2022-03-29 05:37:14,532.84
2022-03-29 05:37:19,532.9
2022-03-29 05:37:24,532.84
2022-03-29 05:37:29,532.84
2022-03-29 05:37:34,532.78
2022-03-29 05:37:39,532.78
2022-03-29 05:37:44,532.78
2022-03-29 05:37:49,532.74
2022-03-29 05:37:54,532.68
2022-03-29 05:37:59,532.68
2022-03-29 05:38:04,532.62
2022-03-29 05:38:09,532.55
2022-03-29 05:38:14,532.52
2022-03-29 05:38:19,532.52
2022-03-29 05:38:24,532.39
2022-03-29 05:38:29,532.39
2022-03-29 05:38:34,532.26
2022-03-29 05:38:39,532.26
2022-03-29 05:38:44,532.23
2022-03-29 05:38:49,532.1
2022-03-29 05:38:54,532.04
2022-03-29 05:38:59,532.01
2022-03-29 05:39:04,531.94
2022-03-29 05:39:09,531.88
2022-03-29 05:39:14,531.75
2022-03-29 05:39:19,531.72
2022-03-29 05:39:24,531.66
2022-03-29 05:39:29,531.59
2022-03-29 05:39:34,531.49
2022-03-29 05:39:39,531.37
2022-03-29 05:39:44,531.3
2022-03-29 05:39:49,531.21
2022-03-29 05:39:54,531.21
2022-03-29 05:39:59,531.08
2022-03-29 05:40:04,530.98
2022-03-29 05:40:09,530.92
2022-03-29 05:40:14,530.86
2022-03-29 05:40:19,530.73
2022-03-29 05:40:24,530.69
2022-03-29 05:40:29,530.57
2022-03-29 05:40:34,537.71
2022-03-29 05:40:39,530.51
2022-03-29 05:40:44,530.48
2022-03-29 05:40:49,530.48
2022-03-29 05:40:54,530.41
2022-03-29 05:40:59,530.41
2022-03-29 05:41:04,530.35
2022-03-29 05:41:09,530.28
2022-03-29 05:41:14,530.28
2022-03-29 05:41:19,530.29
2022-03-29 05:41:24,530.29
2022-03-29 05:41:29,530.22
2022-03-29 05:41:34,530.23
2022-03-29 05:41:39,530.23
2022-03-29 05:41:44,530.23
2022-03-29 05:41:49,530.19
2022-03-29 05:41:54,530.2
2022-03-29 05:41:59,530.19
2022-03-29 05:42:04,530.2
2022-03-29 05:42:09,530.2
2022-03-29 05:42:14,530.2
2022-03-29 05:42:19,530.2
2022-03-29 05:42:24,530.14
2022-03-29 05:42:29,530.23
2022-03-29 05:42:34,530.2
2022-03-29 05:42:39,530.2
2022-03-29 05:42:44,530.2
2022-03-29 05:42:49,530.2
2022-03-29 05:42:54,530.2
2022-03-29 05:42:59,530.2
2022-03-29 05:43:04,530.23
2022-03-29 05:43:09,530.24
2022-03-29 05:43:14,530.23
2022-03-29 05:43:19,537.71
2022-03-29 05:43:24,530.3
2022-03-29 05:43:29,530.3
2022-03-29 05:43:34,530.3
2022-03-29 05:43:39,530.36
2022-03-29 05:43:44,530.43
2022-03-29 05:43:49,530.43
2022-03-29 05:43:54,530.43
2022-03-29 05:43:59,530.43
2022-03-29 05:44:04,530.52
2022-03-29 05:44:09,530.53
2022-03-29 05:44:14,530.59
2022-03-29 05:44:19,530.66
2022-03-29 05:44:24,530.66
2022-03-29 05:44:29,530.72
2022-03-29 05:44:34,530.75
2022-03-29 05:44:39,530.88
2022-03-29 05:44:44,530.88
2022-03-29 05:44:49,530.94
2022-03-29 05:44:54,531.01
2022-03-29 05:44:59,531.04
2022-03-29 05:45:04,531.1
2022-03-29 05:45:09,531.1
2022-03-29 05:45:14,531.26
2022-03-29 05:45:19,531.26
2022-03-29 05:45:24,531.26
2022-03-29 05:45:29,531.39
2022-03-29 05:45:34,531.39
2022-03-29 05:45:39,531.45
2022-03-29 05:45:44,531.55
2022-03-29 05:45:49,531.61
2022-03-29 05:45:54,531.67
2022-03-29 05:45:59,531.68
2022-03-29 05:46:04,531.74
2022-03-29 05:46:09,531.77
2022-03-29 05:46:14,531.77
2022-03-29 05:46:19,531.83
2022-03-29 05:46:24,531.83
2022-03-29 05:46:29,531.89
2022-03-29 05:46:34,531.89
2022-03-29 05:46:39,531.96
2022-03-29 05:46:44,532.02
2022-03-29 05:46:49,532.02
2022-03-29 05:46:54,532.05
2022-03-29 05:46:59,532.05
2022-03-29 05:47:04,532.05
2022-03-29 05:47:09,532.11
2022-03-29 05:47:14,532.11
2022-03-29 05:47:19,532.11
2022-03-29 05:47:24,532.11
2022-03-29 05:47:29,532.24
2022-03-29 05:47:34,532.24
2022-03-29 05:47:39,532.27
2022-03-29 05:47:44,532.27
2022-03-29 05:47:49,532.33
2022-03-29 05:47:54,532.27
2022-03-29 05:47:59,532.33
2022-03-29 05:48:04,532.33
2022-03-29 05:48:09,532.33
2022-03-29 05:48:14,532.39
2022-03-29 05:48:19,532.46
2022-03-29 05:48:24,532.52
2022-03-29 05:48:29,532.52
2022-03-29 05:48:34,532.56
2022-03-29 05:48:39,532.62
2022-03-29 05:48:44,532.62
2022-03-29 05:48:49,532.68
2022-03-29 05:48:54,532.75
2022-03-29 05:48:59,532.75
2022-03-29 05:49:04,532.85
2022-03-29 05:49:09,532.78
2022-03-29 05:49:14,532.91
2022-03-29 05:49:19,532.85
2022-03-29 05:49:24,532.91
2022-03-29 05:49:29,532.91
2022-03-29 05:49:34,532.97
2022-03-29 05:49:39,533.04
2022-03-29 05:49:44,533.04
2022-03-29 05:49:49,533.07
2022-03-29 05:49:54,533.07
2022-03-29 05:49:59,533.13
2022-03-29 05:50:04,533.13
2022-03-29 05:50:09,533.2
2022-03-29 05:50:14,533.2
2022-03-29 05:50:19,533.26
2022-03-29 05:50:24,533.27
2022-03-29 05:50:29,533.27
2022-03-29 05:50:34,533.3
2022-03-29 05:50:39,533.3
2022-03-29 05:50:44,533.3
2022-03-29 05:50:49,533.36
2022-03-29 05:50:54,533.36
2022-03-29 05:50:59,533.36
2022-03-29 05:51:04,533.36
2022-03-29 05:51:09,533.36
2022-03-29 05:51:14,533.36
2022-03-29 05:51:19,533.36
2022-03-29 05:51:24,533.36
2022-03-29 05:51:29,533.36
2022-03-29 05:51:34,537.71
2022-03-29 05:51:39,533.36
2022-03-29 05:51:44,533.36
2022-03-29 05:51:49,533.37
2022-03-29 05:51:54,533.3
2022-03-29 05:51:59,533.37
2022-03-29 05:52:04,533.37
2022-03-29 05:52:09,533.37
2022-03-29 05:52:14,533.37
2022-03-29 05:52:19,533.31
2022-03-29 05:52:24,533.37
2022-03-29 05:52:29,533.31
2022-03-29 05:52:34,533.31
2022-03-29 05:52:39,533.28
2022-03-29 05:52:44,533.28
2022-03-29 05:52:49,533.21
2022-03-29 05:52:54,533.22
2022-03-29 05:52:59,533.22
2022-03-29 05:53:04,533.22
2022-03-29 05:53:09,533.15
2022-03-29 05:53:14,533.15
2022-03-29 05:53:19,533.16
2022-03-29 05:53:24,533.09
2022-03-29 05:53:29,533.15
2022-03-29 05:53:34,533.09
2022-03-29 05:53:39,533.06
2022-03-29 05:53:44,533.06
2022-03-29 05:53:49,533.06
2022-03-29 05:53:54,533.06
2022-03-29 05:53:59,533.06
2022-03-29 05:54:04,533.0
2022-03-29 05:54:09,533.0
2022-03-29 05:54:14,532.93
2022-03-29 05:54:19,533.0
2022-03-29 05:54:24,532.94
2022-03-29 05:54:29,532.93
2022-03-29 05:54:34,537.71
2022-03-29 05:54:39,532.87
2022-03-29 05:54:44,532.94
2022-03-29 05:54:49,532.81
2022-03-29 05:54:54,532.87
2022-03-29 05:54:59,532.81
2022-03-29 05:55:04,532.81
2022-03-29 05:55:09,532.88
2022-03-29 05:55:14,532.81
2022-03-29 05:55:19,532.81
2022-03-29 05:55:24,532.78
2022-03-29 05:55:29,532.78
2022-03-29 05:55:34,532.78
2022-03-29 05:55:39,532.72
2022-03-29 05:55:44,532.72
2022-03-29 05:55:49,532.72
2022-03-29 05:55:54,532.65
2022-03-29 05:55:59,532.65
2022-03-29 05:56:04,532.59
2022-03-29 05:56:09,532.59
2022-03-29 05:56:14,532.65
2022-03-29 05:56:19,532.65
2022-03-29 05:56:24,532.59
2022-03-29 05:56:29,532.59
2022-03-29 05:56:34,532.59
2022-03-29 05:56:39,532.59
2022-03-29 05:56:44,532.59
2022-03-29 05:56:49,532.59
2022-03-29 05:56:54,532.59
2022-03-29 05:56:59,532.59
2022-03-29 05:57:04,532.59
2022-03-29 05:57:09,532.59
2022-03-29 05:57:14,532.59
2022-03-29 05:57:19,532.65
2022-03-29 05:57:24,532.65
2022-03-29 05:57:29,532.59
2022-03-29 05:57:34,532.59
2022-03-29 05:57:39,532.58
2022-03-29 05:57:44,532.58
2022-03-29 05:57:49,532.65
2022-03-29 05:57:54,532.65
2022-03-29 05:57:59,532.64
2022-03-29 05:58:04,532.71
2022-03-29 05:58:09,532.71
2022-03-29 05:58:14,532.71
2022-03-29 05:58:19,532.71
2022-03-29 05:58:24,532.77
2022-03-29 05:58:29,532.77
2022-03-29 05:58:34,532.8
2022-03-29 05:58:39,532.81
2022-03-29 05:58:44,532.87
2022-03-29 05:58:49,532.87
2022-03-29 05:58:54,532.99
2022-03-29 05:58:59,532.99
2022-03-29 05:59:04,532.99
2022-03-29 05:59:09,533.09
2022-03-29 05:59:14,533.15
2022-03-29 05:59:19,533.22
2022-03-29 05:59:24,533.21
2022-03-29 05:59:29,533.28
2022-03-29 05:59:34,533.31
2022-03-29 05:59:39,533.37
2022-03-29 05:59:44,533.5
2022-03-29 05:59:49,533.5
2022-03-29 05:59:54,533.5
2022-03-29 05:59:59,533.6
2022-03-29 06:00:04,533.6
2022-03-29 06:00:09,533.66
2022-03-29 06:00:14,533.79
2022-03-29 06:00:19,533.82
2022-03-29 06:00:24,533.88
2022-03-29 06:00:29,533.95
2022-03-29 06:00:34,534.08
2022-03-29 06:00:39,534.11
2022-03-29 06:00:44,534.17
2022-03-29 06:00:49,534.24
2022-03-29 06:00:54,534.3
2022-03-29 06:00:59,534.33
2022-03-29 06:01:04,534.46
2022-03-29 06:01:09,534.53
2022-03-29 06:01:14,534.53
2022-03-29 06:01:19,534.68
2022-03-29 06:01:24,534.68
2022-03-29 06:01:29,534.75
2022-03-29 06:01:34,534.85
2022-03-29 06:01:39,534.85
2022-03-29 06:01:44,534.97
2022-03-29 06:01:49,534.98
2022-03-29 06:01:54,535.04
2022-03-29 06:01:59,535.04
2022-03-29 06:02:04,535.14
2022-03-29 06:02:09,535.14
2022-03-29 06:02:14,535.2
2022-03-29 06:02:19,535.33
2022-03-29 06:02:24,535.36
2022-03-29 06:02:29,535.43
2022-03-29 06:02:34,535.49
2022-03-29 06:02:39,535.49
2022-03-29 06:02:44,535.55
2022-03-29 06:02:49,535.62
2022-03-29 06:02:54,535.62
2022-03-29 06:02:59,535.72
2022-03-29 06:03:04,535.72
2022-03-29 06:03:09,535.78
2022-03-29 06:03:14,535.78
2022-03-29 06:03:19,535.85
2022-03-29 06:03:24,535.88
2022-03-29 06:03:29,535.88
2022-03-29 06:03:34,535.88
2022-03-29 06:03:39,535.95
2022-03-29 06:03:44,536.01
2022-03-29 06:03:49,536.01
2022-03-29 06:03:54,536.08
2022-03-29 06:03:59,536.14
2022-03-29 06:04:04,536.14
2022-03-29 06:04:09,536.17
2022-03-29 06:04:14,536.17
2022-03-29 06:04:19,536.24
2022-03-29 06:04:24,536.24
2022-03-29 06:04:29,536.4
2022-03-29 06:04:34,536.41
2022-03-29 06:04:39,536.47
2022-03-29 06:04:44,536.47
2022-03-29 06:04:49,536.53
2022-03-29 06:04:54,536.6
2022-03-29 06:04:59,536.6
2022-03-29 06:05:04,536.67
2022-03-29 06:05:09,536.7
2022-03-29 06:05:14,536.7
2022-03-29 06:05:19,536.76
2022-03-29 06:05:24,536.83
2022-03-29 06:05:29,536.83
2022-03-29 06:05:34,536.83
2022-03-29 06:05:39,536.83
2022-03-29 06:05:44,536.9
2022-03-29 06:05:49,536.84
2022-03-29 06:05:54,536.83
2022-03-29 06:05:59,536.84
2022-03-29 06:06:04,536.84
2022-03-29 06:06:09,536.9
2022-03-29 06:06:14,536.84
2022-03-29 06:06:19,536.84
2022-03-29 06:06:24,536.84
2022-03-29 06:06:29,536.84
2022-03-29 06:06:34,536.78
2022-03-29 06:06:39,536.71
2022-03-29 06:06:44,536.71
2022-03-29 06:06:49,536.71
2022-03-29 06:06:54,536.71
2022-03-29 06:06:59,536.62
2022-03-29 06:07:04,536.62
2022-03-29 06:07:09,536.49
2022-03-29 06:07:14,536.49
2022-03-29 06:07:19,536.43
2022-03-29 06:07:24,536.33
2022-03-29 06:07:29,536.2
2022-03-29 06:07:34,536.2
2022-03-29 06:07:39,536.1
2022-03-29 06:07:44,535.98
2022-03-29 06:07:49,535.88
2022-03-29 06:07:54,535.75
2022-03-29 06:07:59,535.59
2022-03-29 06:08:04,535.46
2022-03-29 06:08:09,535.4
2022-03-29 06:08:14,535.24
2022-03-29 06:08:19,535.14
2022-03-29 06:08:24,534.95
2022-03-29 06:08:29,534.85
2022-03-29 06:08:34,534.72
2022-03-29 06:08:39,534.63
2022-03-29 06:08:44,534.43
2022-03-29 06:08:49,534.34
2022-03-29 06:08:54,534.14
2022-03-29 06:08:59,533.98
2022-03-29 06:09:04,533.92
2022-03-29 06:09:09,533.76
2022-03-29 06:09:14,533.59
2022-03-29 06:09:19,537.71
2022-03-29 06:09:24,533.34
2022-03-29 06:09:29,533.17
2022-03-29 06:09:34,533.02
2022-03-29 06:09:39,532.95
2022-03-29 06:09:44,532.79
2022-03-29 06:09:49,532.6
2022-03-29 06:09:54,532.44
2022-03-29 06:09:59,532.37
2022-03-29 06:10:04,532.21
2022-03-29 06:10:09,532.15
2022-03-29 06:10:14,531.99
2022-03-29 06:10:19,531.79
2022-03-29 06:10:24,531.76
2022-03-29 06:10:29,531.63
2022-03-29 06:10:34,531.47
2022-03-29 06:10:39,531.34
2022-03-29 06:10:44,531.27
2022-03-29 06:10:49,531.18
2022-03-29 06:10:54,531.01
2022-03-29 06:10:59,531.01
2022-03-29 06:11:04,530.82
2022-03-29 06:11:09,530.75
2022-03-29 06:11:14,530.59
2022-03-29 06:11:19,530.59
2022-03-29 06:11:24,530.5
2022-03-29 06:11:29,530.37
2022-03-29 06:11:34,530.3
2022-03-29 06:11:39,530.21
2022-03-29 06:11:44,530.07
2022-03-29 06:11:49,530.01
2022-03-29 06:11:54,530.01
2022-03-29 06:11:59,529.85
2022-03-29 06:12:04,529.78
2022-03-29 06:12:09,529.68
2022-03-29 06:12:14,529.62
2022-03-29 06:12:19,529.49
2022-03-29 06:12:24,529.39
2022-03-29 06:12:29,529.33
2022-03-29 06:12:34,529.27
2022-03-29 06:12:39,529.17
2022-03-29 06:12:44,529.1
2022-03-29 06:12:49,529.04
2022-03-29 06:12:54,528.97
2022-03-29 06:12:59,528.94
2022-03-29 06:13:04,528.87
2022-03-29 06:13:09,528.81
2022-03-29 06:13:14,528.81
2022-03-29 06:13:19,528.68
2022-03-29 06:13:24,528.75
2022-03-29 06:13:29,528.68
2022-03-29 06:13:34,528.68
2022-03-29 06:13:39,528.65
2022-03-29 06:13:44,528.65
2022-03-29 06:13:49,528.65
2022-03-29 06:13:54,528.58
2022-03-29 06:13:59,528.65
2022-03-29 06:14:04,528.65
2022-03-29 06:14:09,528.65
2022-03-29 06:14:14,528.68
2022-03-29 06:14:19,528.68
2022-03-29 06:14:24,528.75
2022-03-29 06:14:29,528.68
2022-03-29 06:14:34,528.75
2022-03-29 06:14:39,528.81
2022-03-29 06:14:44,528.81
2022-03-29 06:14:49,528.81
2022-03-29 06:14:54,528.81
2022-03-29 06:14:59,528.87
2022-03-29 06:15:04,528.94
2022-03-29 06:15:09,528.94
2022-03-29 06:15:14,529.04
2022-03-29 06:15:19,528.97
2022-03-29 06:15:24,529.04
2022-03-29 06:15:29,529.11
2022-03-29 06:15:34,529.17
2022-03-29 06:15:39,529.17
2022-03-29 06:15:44,529.26
2022-03-29 06:15:49,529.26
2022-03-29 06:15:54,529.33
2022-03-29 06:15:59,529.4
2022-03-29 06:16:04,529.4
2022-03-29 06:16:09,529.49
2022-03-29 06:16:14,529.56
2022-03-29 06:16:19,529.62
2022-03-29 06:16:24,529.69
2022-03-29 06:16:29,529.72
2022-03-29 06:16:34,529.78
2022-03-29 06:16:39,529.92
2022-03-29 06:16:44,529.92
2022-03-29 06:16:49,529.98
2022-03-29 06:16:54,530.08
2022-03-29 06:16:59,530.14
2022-03-29 06:17:04,530.21
2022-03-29 06:17:09,530.24
2022-03-29 06:17:14,530.37
2022-03-29 06:17:19,530.37
2022-03-29 06:17:24,530.5
2022-03-29 06:17:29,530.53
2022-03-29 06:17:34,530.67
2022-03-29 06:17:39,530.67
2022-03-29 06:17:44,530.73
2022-03-29 06:17:49,530.83
2022-03-29 06:17:54,530.89
2022-03-29 06:17:59,530.89
2022-03-29 06:18:04,530.96
2022-03-29 06:18:09,531.03
2022-03-29 06:18:14,531.06
2022-03-29 06:18:19,531.12
2022-03-29 06:18:24,531.19
2022-03-29 06:18:29,531.25
2022-03-29 06:18:34,531.35
2022-03-29 06:18:39,531.41
2022-03-29 06:18:44,531.55
2022-03-29 06:18:49,531.58
2022-03-29 06:18:54,531.64
2022-03-29 06:18:59,531.71
2022-03-29 06:19:04,531.87
2022-03-29 06:19:09,531.93
2022-03-29 06:19:14,532.06
2022-03-29 06:19:19,532.16
2022-03-29 06:19:24,532.22
2022-03-29 06:19:29,532.32
2022-03-29 06:19:34,532.45
2022-03-29 06:19:39,532.52
2022-03-29 06:19:44,532.61
2022-03-29 06:19:49,532.68
2022-03-29 06:19:54,532.81
2022-03-29 06:19:59,532.9
2022-03-29 06:20:04,532.97
2022-03-29 06:20:09,533.13
2022-03-29 06:20:14,533.2
2022-03-29 06:20:19,533.26
2022-03-29 06:20:24,533.33
2022-03-29 06:20:29,533.42
2022-03-29 06:20:34,533.49
2022-03-29 06:20:39,533.62
2022-03-29 06:20:44,533.65
2022-03-29 06:20:49,533.77
2022-03-29 06:20:54,533.87
2022-03-29 06:20:59,533.94
2022-03-29 06:21:04,533.94
2022-03-29 06:21:09,534.07
2022-03-29 06:21:14,534.06
2022-03-29 06:21:19,534.13
2022-03-29 06:21:24,534.16
2022-03-29 06:21:29,534.16
2022-03-29 06:21:34,534.23
2022-03-29 06:21:39,534.23
2022-03-29 06:21:44,534.29
2022-03-29 06:21:49,534.29
2022-03-29 06:21:54,534.29
2022-03-29 06:21:59,534.29
2022-03-29 06:22:04,534.23
2022-03-29 06:22:09,534.23
2022-03-29 06:22:14,534.29
2022-03-29 06:22:19,534.23
2022-03-29 06:22:24,534.22
2022-03-29 06:22:29,534.16
2022-03-29 06:22:34,534.16
2022-03-29 06:22:39,534.16
2022-03-29 06:22:44,534.16
2022-03-29 06:22:49,534.16
2022-03-29 06:22:54,534.22
2022-03-29 06:22:59,534.16
2022-03-29 06:23:04,534.22
2022-03-29 06:23:09,534.15
2022-03-29 06:23:14,534.15
2022-03-29 06:23:19,534.15
2022-03-29 06:23:24,534.22
2022-03-29 06:23:29,534.22
2022-03-29 06:23:34,534.28
2022-03-29 06:23:39,534.22
2022-03-29 06:23:44,534.28
2022-03-29 06:23:49,534.28
2022-03-29 06:23:54,534.28
2022-03-29 06:23:59,537.71
2022-03-29 06:24:04,534.37
2022-03-29 06:24:09,534.37
2022-03-29 06:24:14,534.44
2022-03-29 06:24:19,534.43
2022-03-29 06:24:24,534.43
2022-03-29 06:24:29,534.44
2022-03-29 06:24:34,534.5
2022-03-29 06:24:39,534.5
2022-03-29 06:24:44,534.56
2022-03-29 06:24:49,534.56
2022-03-29 06:24:54,534.5
2022-03-29 06:24:59,534.56
2022-03-29 06:25:04,534.43
2022-03-29 06:25:09,534.43
2022-03-29 06:25:14,534.43
2022-03-29 06:25:19,534.43
2022-03-29 06:25:24,534.37
2022-03-29 06:25:29,534.37
2022-03-29 06:25:34,534.33
2022-03-29 06:25:39,534.27
2022-03-29 06:25:44,534.27
2022-03-29 06:25:49,534.14
2022-03-29 06:25:54,534.1
2022-03-29 06:25:59,534.11
2022-03-29 06:26:04,534.04
2022-03-29 06:26:09,533.98
2022-03-29 06:26:14,533.91
2022-03-29 06:26:19,533.85
2022-03-29 06:26:24,533.75
2022-03-29 06:26:29,533.75
2022-03-29 06:26:34,533.69
2022-03-29 06:26:39,533.62
2022-03-29 06:26:44,533.59
2022-03-29 06:26:49,533.46
2022-03-29 06:26:54,533.33
2022-03-29 06:26:59,533.33
2022-03-29 06:27:04,533.3
2022-03-29 06:27:09,533.23
2022-03-29 06:27:14,533.17
2022-03-29 06:27:19,533.07
2022-03-29 06:27:24,533.07
2022-03-29 06:27:29,532.95
2022-03-29 06:27:34,532.88
2022-03-29 06:27:39,532.82
2022-03-29 06:27:44,532.81
2022-03-29 06:27:49,532.78
2022-03-29 06:27:54,532.72
2022-03-29 06:27:59,532.66
2022-03-29 06:28:04,532.59
2022-03-29 06:28:09,532.5
2022-03-29 06:28:14,532.5
2022-03-29 06:28:19,532.43
2022-03-29 06:28:24,532.37
2022-03-29 06:28:29,532.37
2022-03-29 06:28:34,532.31
2022-03-29 06:28:39,532.27
2022-03-29 06:28:44,532.28
2022-03-29 06:28:49,532.27
2022-03-29 06:28:54,532.21
2022-03-29 06:28:59,532.21
2022-03-29 06:29:04,532.15
2022-03-29 06:29:09,532.15
2022-03-29 06:29:14,532.15
2022-03-29 06:29:19,532.08
2022-03-29 06:29:24,532.09
2022-03-29 06:29:29,532.09
2022-03-29 06:29:34,532.15
2022-03-29 06:29:39,532.21
2022-03-29 06:29:44,532.21
2022-03-29 06:29:49,532.21
2022-03-29 06:29:54,532.28
2022-03-29 06:29:59,532.32
2022-03-29 06:30:04,532.45
2022-03-29 06:30:09,532.45
2022-03-29 06:30:14,532.51
2022-03-29 06:30:19,532.58
2022-03-29 06:30:24,532.61
2022-03-29 06:30:29,532.74
2022-03-29 06:30:34,532.74
2022-03-29 06:30:39,532.8
2022-03-29 06:30:44,532.84
2022-03-29 06:30:49,532.9
2022-03-29 06:30:54,533.03
2022-03-29 06:30:59,533.1
2022-03-29 06:31:04,533.1
2022-03-29 06:31:09,533.2
2022-03-29 06:31:14,533.26
2022-03-29 06:31:19,533.33
2022-03-29 06:31:24,533.32
2022-03-29 06:31:29,533.42
2022-03-29 06:31:34,533.42
2022-03-29 06:31:39,533.49
2022-03-29 06:31:44,533.55
2022-03-29 06:31:49,533.55
2022-03-29 06:31:54,533.56
2022-03-29 06:31:59,533.62
2022-03-29 06:32:04,533.62
2022-03-29 06:32:09,533.62
2022-03-29 06:32:14,533.66
2022-03-29 06:32:19,533.62
2022-03-29 06:32:24,533.66
2022-03-29 06:32:29,533.65
2022-03-29 06:32:34,533.72
2022-03-29 06:32:39,533.72
2022-03-29 06:32:44,533.79
2022-03-29 06:32:49,533.79
2022-03-29 06:32:54,533.85
2022-03-29 06:32:59,533.85
2022-03-29 06:33:04,533.85
2022-03-29 06:33:09,533.95
2022-03-29 06:33:14,533.94
2022-03-29 06:33:19,533.94
2022-03-29 06:33:24,533.94
2022-03-29 06:33:29,534.01
2022-03-29 06:33:34,534.01
2022-03-29 06:33:39,534.14
2022-03-29 06:33:44,534.14
2022-03-29 06:33:49,534.17
2022-03-29 06:33:54,534.17
2022-03-29 06:33:59,534.17
2022-03-29 06:34:04,534.23
2022-03-29 06:34:09,534.23
2022-03-29 06:34:14,534.29
2022-03-29 06:34:19,534.3
2022-03-29 06:34:24,534.36
2022-03-29 06:34:29,534.36
2022-03-29 06:34:34,534.39
2022-03-29 06:34:39,534.39
2022-03-29 06:34:44,534.39
2022-03-29 06:34:49,534.46
2022-03-29 06:34:54,534.46
2022-03-29 06:34:59,534.52
2022-03-29 06:35:04,534.46
2022-03-29 06:35:09,534.52
2022-03-29 06:35:14,534.52
2022-03-29 06:35:19,534.52
2022-03-29 06:35:24,534.58
2022-03-29 06:35:29,534.58
2022-03-29 06:35:34,534.64
2022-03-29 06:35:39,534.64
2022-03-29 06:35:44,534.64
2022-03-29 06:35:49,534.67
2022-03-29 06:35:54,534.67
2022-03-29 06:35:59,534.67
2022-03-29 06:36:04,534.74
2022-03-29 06:36:09,534.74
2022-03-29 06:36:14,534.8
2022-03-29 06:36:19,534.86
2022-03-29 06:36:24,534.8
2022-03-29 06:36:29,534.8
2022-03-29 06:36:34,534.8
2022-03-29 06:36:39,534.8
2022-03-29 06:36:44,534.86
2022-03-29 06:36:49,534.86
2022-03-29 06:36:54,534.86
2022-03-29 06:36:59,534.89
2022-03-29 06:37:04,534.89
2022-03-29 06:37:09,534.89
2022-03-29 06:37:14,534.95
2022-03-29 06:37:19,534.95
2022-03-29 06:37:24,534.95
2022-03-29 06:37:29,534.95
2022-03-29 06:37:34,535.02
2022-03-29 06:37:39,535.08
2022-03-29 06:37:44,535.08
2022-03-29 06:37:49,535.14
2022-03-29 06:37:54,535.14
2022-03-29 06:37:59,535.14
2022-03-29 06:38:04,535.18
2022-03-29 06:38:09,535.24
2022-03-29 06:38:14,535.24
2022-03-29 06:38:19,535.3
2022-03-29 06:38:24,535.3
2022-03-29 06:38:29,535.37
2022-03-29 06:38:34,535.37
2022-03-29 06:38:39,535.37
2022-03-29 06:38:44,535.4
2022-03-29 06:38:49,535.4
2022-03-29 06:38:54,535.4
2022-03-29 06:38:59,535.4
2022-03-29 06:39:04,535.4
2022-03-29 06:39:09,535.4
2022-03-29 06:39:14,535.4
2022-03-29 06:39:19,535.4
2022-03-29 06:39:24,535.4
2022-03-29 06:39:29,535.4
2022-03-29 06:39:34,535.4
2022-03-29 06:39:39,535.4
2022-03-29 06:39:44,535.4
2022-03-29 06:39:49,535.46
2022-03-29 06:39:54,535.46
2022-03-29 06:39:59,535.53
2022-03-29 06:40:04,535.53
2022-03-29 06:40:09,535.59
2022-03-29 06:40:14,535.53
2022-03-29 06:40:19,535.6
2022-03-29 06:40:24,535.6
2022-03-29 06:40:29,535.6
2022-03-29 06:40:34,535.66
2022-03-29 06:40:39,535.66
2022-03-29 06:40:44,535.6
2022-03-29 06:40:49,535.66
2022-03-29 06:40:54,535.66
2022-03-29 06:40:59,535.66
2022-03-29 06:41:04,535.66
2022-03-29 06:41:09,535.6
2022-03-29 06:41:14,535.66
2022-03-29 06:41:19,535.67
2022-03-29 06:41:24,535.6
2022-03-29 06:41:29,535.6
2022-03-29 06:41:34,535.6
2022-03-29 06:41:39,535.6
2022-03-29 06:41:44,535.54
2022-03-29 06:41:49,535.47
2022-03-29 06:41:54,535.47
2022-03-29 06:41:59,535.47
2022-03-29 06:42:04,535.41
2022-03-29 06:42:09,535.41
2022-03-29 06:42:14,535.41
2022-03-29 06:42:19,535.38
2022-03-29 06:42:24,535.32
2022-03-29 06:42:29,535.32
2022-03-29 06:42:34,535.25
2022-03-29 06:42:39,535.19
2022-03-29 06:42:44,535.16
2022-03-29 06:42:49,535.16
2022-03-29 06:42:54,535.1
2022-03-29 06:42:59,535.1
2022-03-29 06:43:04,535.03
2022-03-29 06:43:09,534.97
2022-03-29 06:43:14,534.97
2022-03-29 06:43:19,534.91
2022-03-29 06:43:24,534.91
2022-03-29 06:43:29,534.88
2022-03-29 06:43:34,534.81
2022-03-29 06:43:39,534.81
2022-03-29 06:43:44,534.75
2022-03-29 06:43:49,534.75
2022-03-29 06:43:54,534.69
2022-03-29 06:43:59,534.69
2022-03-29 06:44:04,534.66
2022-03-29 06:44:09,534.59
2022-03-29 06:44:14,534.59
2022-03-29 06:44:19,534.59
2022-03-29 06:44:24,534.53
2022-03-29 06:44:29,534.53
2022-03-29 06:44:34,534.47
2022-03-29 06:44:39,534.47
2022-03-29 06:44:44,534.47
2022-03-29 06:44:49,534.4
2022-03-29 06:44:54,534.4
2022-03-29 06:44:59,534.37
2022-03-29 06:45:04,534.37
2022-03-29 06:45:09,534.37
2022-03-29 06:45:14,534.37
2022-03-29 06:45:19,534.37
2022-03-29 06:45:24,534.31
2022-03-29 06:45:29,534.31
2022-03-29 06:45:34,534.37
2022-03-29 06:45:39,534.31
2022-03-29 06:45:44,534.38
2022-03-29 06:45:49,534.37
2022-03-29 06:45:54,534.31
2022-03-29 06:45:59,534.31
2022-03-29 06:46:04,534.37
2022-03-29 06:46:09,534.4
2022-03-29 06:46:14,534.37
2022-03-29 06:46:19,534.37
2022-03-29 06:46:24,534.47
2022-03-29 06:46:29,534.4
2022-03-29 06:46:34,534.47
2022-03-29 06:46:39,534.53
2022-03-29 06:46:44,534.47
2022-03-29 06:46:49,534.6
2022-03-29 06:46:54,534.66
2022-03-29 06:46:59,534.66
2022-03-29 06:47:04,534.69
2022-03-29 06:47:09,534.69
2022-03-29 06:47:14,534.76
2022-03-29 06:47:19,534.82
2022-03-29 06:47:24,534.82
2022-03-29 06:47:29,534.92
2022-03-29 06:47:34,534.92
2022-03-29 06:47:39,534.98
2022-03-29 06:47:44,535.11
2022-03-29 06:47:49,535.11
2022-03-29 06:47:54,535.17
2022-03-29 06:47:59,535.2
2022-03-29 06:48:04,535.27
2022-03-29 06:48:09,535.4
2022-03-29 06:48:14,535.43
2022-03-29 06:48:19,535.42
2022-03-29 06:48:24,535.49
2022-03-29 06:48:29,535.61
2022-03-29 06:48:34,535.68
2022-03-29 06:48:39,535.71
2022-03-29 06:48:44,535.84
2022-03-29 06:48:49,535.84
2022-03-29 06:48:54,535.94
2022-03-29 06:48:59,536.06
2022-03-29 06:49:04,536.13
2022-03-29 06:49:09,536.19
2022-03-29 06:49:14,536.23
2022-03-29 06:49:19,536.35
2022-03-29 06:49:24,536.42
2022-03-29 06:49:29,536.51
2022-03-29 06:49:34,536.64
2022-03-29 06:49:39,536.74
2022-03-29 06:49:44,536.87
2022-03-29 06:49:49,536.93
2022-03-29 06:49:54,537.02
2022-03-29 06:49:59,537.09
2022-03-29 06:50:04,537.21
2022-03-29 06:50:09,537.31
2022-03-29 06:50:14,537.44
2022-03-29 06:50:19,537.54
2022-03-29 06:50:24,537.6
2022-03-29 06:50:29,537.73
2022-03-29 06:50:34,537.83
2022-03-29 06:50:39,537.89
2022-03-29 06:50:44,537.98
2022-03-29 06:50:49,538.05
2022-03-29 06:50:54,538.18
2022-03-29 06:50:59,538.28
2022-03-29 06:51:04,538.34
2022-03-29 06:51:09,538.4
2022-03-29 06:51:14,538.5
2022-03-29 06:51:19,538.63
2022-03-29 06:51:24,538.69
2022-03-29 06:51:29,538.79
2022-03-29 06:51:34,538.85
2022-03-29 06:51:39,539.01
2022-03-29 06:51:44,539.08
2022-03-29 06:51:49,539.21
2022-03-29 06:51:54,539.21
2022-03-29 06:51:59,539.3
2022-03-29 06:52:04,539.43
2022-03-29 06:52:09,539.53
2022-03-29 06:52:14,539.59
2022-03-29 06:52:19,539.66
2022-03-29 06:52:24,539.72
2022-03-29 06:52:29,539.79
2022-03-29 06:52:34,539.82
2022-03-29 06:52:39,539.88
2022-03-29 06:52:44,539.95
2022-03-29 06:52:49,539.95
2022-03-29 06:52:54,540.01
2022-03-29 06:52:59,540.05
2022-03-29 06:53:04,540.17
2022-03-29 06:53:09,540.17
2022-03-29 06:53:14,540.18
2022-03-29 06:53:19,540.24
2022-03-29 06:53:24,540.3
2022-03-29 06:53:29,540.34
2022-03-29 06:53:34,540.34
2022-03-29 06:53:39,540.4
2022-03-29 06:53:44,540.47
2022-03-29 06:53:49,540.47
2022-03-29 06:53:54,540.53
2022-03-29 06:53:59,540.53
2022-03-29 06:54:04,540.57
2022-03-29 06:54:09,540.63
2022-03-29 06:54:14,540.63
2022-03-29 06:54:19,540.7
2022-03-29 06:54:24,540.7
2022-03-29 06:54:29,540.7
2022-03-29 06:54:34,540.76
2022-03-29 06:54:39,540.76
2022-03-29 06:54:44,540.83
2022-03-29 06:54:49,540.83
2022-03-29 06:54:54,540.86
2022-03-29 06:54:59,540.93
2022-03-29 06:55:04,540.93
2022-03-29 06:55:09,540.93
2022-03-29 06:55:14,540.99
2022-03-29 06:55:19,540.99
2022-03-29 06:55:24,540.99
2022-03-29 06:55:29,540.99
2022-03-29 06:55:34,541.06
2022-03-29 06:55:39,541.06
2022-03-29 06:55:44,541.06
2022-03-29 06:55:49,541.1
2022-03-29 06:55:54,541.1
2022-03-29 06:55:59,541.1
2022-03-29 06:56:04,541.1
2022-03-29 06:56:09,541.16
2022-03-29 06:56:14,541.16
2022-03-29 06:56:19,541.16
2022-03-29 06:56:24,541.16
2022-03-29 06:56:29,541.1
2022-03-29 06:56:34,541.17
2022-03-29 06:56:39,541.17
2022-03-29 06:56:44,541.17
2022-03-29 06:56:49,541.17
2022-03-29 06:56:54,541.17
2022-03-29 06:56:59,541.11
2022-03-29 06:57:04,541.11
2022-03-29 06:57:09,541.11
2022-03-29 06:57:14,541.17
2022-03-29 06:57:19,541.11
2022-03-29 06:57:24,541.11
2022-03-29 06:57:29,541.11
2022-03-29 06:57:34,541.11
2022-03-29 06:57:39,541.08
2022-03-29 06:57:44,541.11
2022-03-29 06:57:49,541.08
2022-03-29 06:57:54,541.01
2022-03-29 06:57:59,541.08
2022-03-29 06:58:04,541.07
2022-03-29 06:58:09,541.01
2022-03-29 06:58:14,541.01
2022-03-29 06:58:19,540.95
2022-03-29 06:58:24,540.95
2022-03-29 06:58:29,540.88
2022-03-29 06:58:34,540.88
2022-03-29 06:58:39,540.85
2022-03-29 06:58:44,540.79
2022-03-29 06:58:49,540.72
2022-03-29 06:58:54,540.72
2022-03-29 06:58:59,540.65
2022-03-29 06:59:04,540.59
2022-03-29 06:59:09,540.56
2022-03-29 06:59:14,540.49
2022-03-29 06:59:19,540.49
2022-03-29 06:59:24,540.36
2022-03-29 06:59:29,540.36
2022-03-29 06:59:34,540.27
2022-03-29 06:59:39,540.27
2022-03-29 06:59:44,540.2
2022-03-29 06:59:49,540.14
2022-03-29 06:59:54,540.07
2022-03-29 06:59:59,539.98
2022-03-29 07:00:04,539.91
2022-03-29 07:00:09,539.84
2022-03-29 07:00:14,539.81
2022-03-29 07:00:19,539.68
2022-03-29 07:00:24,539.68
2022-03-29 07:00:29,539.52
2022-03-29 07:00:34,539.46
2022-03-29 07:00:39,539.33
2022-03-29 07:00:44,539.23
2022-03-29 07:00:49,539.17
2022-03-29 07:00:54,539.04
2022-03-29 07:00:59,538.94
2022-03-29 07:01:04,538.81
2022-03-29 07:01:09,538.71
2022-03-29 07:01:14,538.65
2022-03-29 07:01:19,538.51
2022-03-29 07:01:24,538.42
2022-03-29 07:01:29,538.35
2022-03-29 07:01:34,538.25
2022-03-29 07:01:39,538.06
2022-03-29 07:01:44,537.99
2022-03-29 07:01:49,537.9
2022-03-29 07:01:54,537.77
2022-03-29 07:01:59,537.74
2022-03-29 07:02:04,537.61
2022-03-29 07:02:09,537.48
2022-03-29 07:02:14,537.38
2022-03-29 07:02:19,537.32
2022-03-29 07:02:24,537.16
2022-03-29 07:02:29,537.09
2022-03-29 07:02:34,536.96
2022-03-29 07:02:39,536.86
2022-03-29 07:02:44,536.73
2022-03-29 07:02:49,536.7
2022-03-29 07:02:54,536.57
2022-03-29 07:02:59,536.57
2022-03-29 07:03:04,536.41
2022-03-29 07:03:09,536.28
2022-03-29 07:03:14,536.18
2022-03-29 07:03:19,536.05
2022-03-29 07:03:24,535.93
2022-03-29 07:03:29,535.89
2022-03-29 07:03:34,535.76
2022-03-29 07:03:39,535.7
2022-03-29 07:03:44,535.6
2022-03-29 07:03:49,535.54
2022-03-29 07:03:54,535.47
2022-03-29 07:03:59,535.38
2022-03-29 07:04:04,535.31
2022-03-29 07:04:09,535.25
2022-03-29 07:04:14,535.15
2022-03-29 07:04:19,535.15
2022-03-29 07:04:24,535.09
2022-03-29 07:04:29,534.96
2022-03-29 07:04:34,534.95
2022-03-29 07:04:39,534.89
2022-03-29 07:04:44,534.86
2022-03-29 07:04:49,534.8
2022-03-29 07:04:54,534.67
2022-03-29 07:04:59,534.67
2022-03-29 07:05:04,534.63
2022-03-29 07:05:09,534.57
2022-03-29 07:05:14,534.57
2022-03-29 07:05:19,534.44
2022-03-29 07:05:24,534.51
2022-03-29 07:05:29,534.44
2022-03-29 07:05:34,534.44
2022-03-29 07:05:39,534.38
2022-03-29 07:05:44,534.35
2022-03-29 07:05:49,534.35
2022-03-29 07:05:54,534.35
2022-03-29 07:05:59,534.35
2022-03-29 07:06:04,534.28
2022-03-29 07:06:09,534.22
2022-03-29 07:06:14,534.22
2022-03-29 07:06:19,534.22
2022-03-29 07:06:24,534.22
2022-03-29 07:06:29,534.16
2022-03-29 07:06:34,534.16
2022-03-29 07:06:39,534.16
2022-03-29 07:06:44,534.16
2022-03-29 07:06:49,534.13
2022-03-29 07:06:54,534.13
2022-03-29 07:06:59,534.13
2022-03-29 07:07:04,534.13
2022-03-29 07:07:09,534.13
2022-03-29 07:07:14,534.07
2022-03-29 07:07:19,534.13
2022-03-29 07:07:24,534.07
2022-03-29 07:07:29,534.07
2022-03-29 07:07:34,534.07
2022-03-29 07:07:39,534.13
2022-03-29 07:07:44,534.13
2022-03-29 07:07:49,534.14
2022-03-29 07:07:54,534.23
2022-03-29 07:07:59,534.17
2022-03-29 07:08:04,534.17
2022-03-29 07:08:09,534.23
2022-03-29 07:08:14,534.3
2022-03-29 07:08:19,534.3
2022-03-29 07:08:24,534.4
2022-03-29 07:08:29,534.37
2022-03-29 07:08:34,534.4
2022-03-29 07:08:39,534.47
2022-03-29 07:08:44,534.53
2022-03-29 07:08:49,534.53
2022-03-29 07:08:54,534.6
2022-03-29 07:08:59,534.66
2022-03-29 07:09:04,534.69
2022-03-29 07:09:09,534.76
2022-03-29 07:09:14,534.83
2022-03-29 07:09:19,534.89
2022-03-29 07:09:24,534.99
2022-03-29 07:09:29,535.05
2022-03-29 07:09:34,535.12
2022-03-29 07:09:39,535.18
2022-03-29 07:09:44,535.22
2022-03-29 07:09:49,535.28
2022-03-29 07:09:54,535.41
2022-03-29 07:09:59,535.44
2022-03-29 07:10:04,535.57
2022-03-29 07:10:09,535.64
2022-03-29 07:10:14,535.7
2022-03-29 07:10:19,535.8
2022-03-29 07:10:24,535.86
2022-03-29 07:10:29,535.86
2022-03-29 07:10:34,535.96
2022-03-29 07:10:39,536.09
2022-03-29 07:10:44,536.16
2022-03-29 07:10:49,536.22
2022-03-29 07:10:54,536.22
2022-03-29 07:10:59,536.32
2022-03-29 07:11:04,536.32
2022-03-29 07:11:09,536.38
2022-03-29 07:11:14,536.45
2022-03-29 07:11:19,536.47
2022-03-29 07:11:24,536.47
2022-03-29 07:11:29,536.61
2022-03-29 07:11:34,536.67
2022-03-29 07:11:39,536.74
2022-03-29 07:11:44,536.73
2022-03-29 07:11:49,536.83
2022-03-29 07:11:54,536.83
2022-03-29 07:11:59,536.96
2022-03-29 07:12:04,536.96
2022-03-29 07:12:09,536.99
2022-03-29 07:12:14,536.99
2022-03-29 07:12:19,537.12
2022-03-29 07:12:24,537.12
2022-03-29 07:12:29,537.25
2022-03-29 07:12:34,537.25
2022-03-29 07:12:39,537.28
2022-03-29 07:12:44,537.34
2022-03-29 07:12:49,537.34
2022-03-29 07:12:54,537.47
2022-03-29 07:12:59,537.47
2022-03-29 07:13:04,537.47
2022-03-29 07:13:09,537.56
2022-03-29 07:13:14,537.57
2022-03-29 07:13:19,537.69
2022-03-29 07:13:24,537.69
2022-03-29 07:13:29,537.75
2022-03-29 07:13:34,537.79
2022-03-29 07:13:39,537.78
2022-03-29 07:13:44,537.85
2022-03-29 07:13:49,537.91
2022-03-29 07:13:54,537.98
2022-03-29 07:13:59,537.98
2022-03-29 07:14:04,538.01
2022-03-29 07:14:09,538.07
2022-03-29 07:14:14,538.07
2022-03-29 07:14:19,538.14
2022-03-29 07:14:24,538.14
2022-03-29 07:14:29,538.14
2022-03-29 07:14:34,538.2
2022-03-29 07:14:39,538.13
2022-03-29 07:14:44,538.2
2022-03-29 07:14:49,538.2
2022-03-29 07:14:54,538.2
2022-03-29 07:14:59,538.19
2022-03-29 07:15:04,538.19
2022-03-29 07:15:09,538.26
2022-03-29 07:15:14,538.26
2022-03-29 07:15:19,538.19
2022-03-29 07:15:24,538.25
2022-03-29 07:15:29,538.19
2022-03-29 07:15:34,538.19
2022-03-29 07:15:39,538.26
2022-03-29 07:15:44,538.19
2022-03-29 07:15:49,538.19
2022-03-29 07:15:54,538.19
2022-03-29 07:15:59,538.19
2022-03-29 07:16:04,538.19
2022-03-29 07:16:09,538.13
2022-03-29 07:16:14,538.12
2022-03-29 07:16:19,538.12
2022-03-29 07:16:24,538.06
2022-03-29 07:16:29,538.06
2022-03-29 07:16:34,538.06
2022-03-29 07:16:39,538.0
2022-03-29 07:16:44,538.06
2022-03-29 07:16:49,537.99
2022-03-29 07:16:54,538.0
2022-03-29 07:16:59,538.0
2022-03-29 07:17:04,537.96
2022-03-29 07:17:09,537.9
2022-03-29 07:17:14,537.9
2022-03-29 07:17:19,537.83
2022-03-29 07:17:24,537.77
2022-03-29 07:17:29,537.77
2022-03-29 07:17:34,537.74
2022-03-29 07:17:39,537.74
2022-03-29 07:17:44,537.67
2022-03-29 07:17:49,537.61
2022-03-29 07:17:54,537.61
2022-03-29 07:17:59,537.48
2022-03-29 07:18:04,537.55
2022-03-29 07:18:09,537.45
2022-03-29 07:18:14,537.39
2022-03-29 07:18:19,537.39
2022-03-29 07:18:24,537.32
2022-03-29 07:18:29,537.22
2022-03-29 07:18:34,537.23
2022-03-29 07:18:39,537.16
2022-03-29 07:18:44,537.16
2022-03-29 07:18:49,537.1
2022-03-29 07:18:54,537.03
2022-03-29 07:18:59,537.03
2022-03-29 07:19:04,537.04
2022-03-29 07:19:09,536.94
2022-03-29 07:19:14,536.88
2022-03-29 07:19:19,536.88
2022-03-29 07:19:24,536.81
2022-03-29 07:19:29,536.81
2022-03-29 07:19:34,536.81
2022-03-29 07:19:39,536.75
2022-03-29 07:19:44,536.75
2022-03-29 07:19:49,536.72
2022-03-29 07:19:54,536.72
2022-03-29 07:19:59,536.72
2022-03-29 07:20:04,536.72
2022-03-29 07:20:09,536.66
2022-03-29 07:20:14,536.66
2022-03-29 07:20:19,536.66
2022-03-29 07:20:24,536.59
2022-03-29 07:20:29,536.59
2022-03-29 07:20:34,536.53
2022-03-29 07:20:39,536.53
2022-03-29 07:20:44,536.53
2022-03-29 07:20:49,536.53
2022-03-29 07:20:54,536.47
2022-03-29 07:20:59,536.47
2022-03-29 07:21:04,536.47
2022-03-29 07:21:09,536.44
2022-03-29 07:21:14,536.47
2022-03-29 07:21:19,536.44
2022-03-29 07:21:24,536.47
2022-03-29 07:21:29,536.47
2022-03-29 07:21:34,536.47
2022-03-29 07:21:39,536.47
2022-03-29 07:21:44,536.47
2022-03-29 07:21:49,536.48
2022-03-29 07:21:54,536.47
2022-03-29 07:21:59,536.54
2022-03-29 07:22:04,536.61
2022-03-29 07:22:09,536.54
2022-03-29 07:22:14,536.61
2022-03-29 07:22:19,536.61
2022-03-29 07:22:24,536.61
2022-03-29 07:22:29,536.61
2022-03-29 07:22:34,536.67
2022-03-29 07:22:39,536.61
2022-03-29 07:22:44,536.67
2022-03-29 07:22:49,536.67
2022-03-29 07:22:54,536.74
2022-03-29 07:22:59,536.74
2022-03-29 07:23:04,536.77
2022-03-29 07:23:09,536.77
2022-03-29 07:23:14,536.77
2022-03-29 07:23:19,536.83
2022-03-29 07:23:24,536.83
2022-03-29 07:23:29,536.83
2022-03-29 07:23:34,536.84
2022-03-29 07:23:39,536.9
2022-03-29 07:23:44,536.9
2022-03-29 07:23:49,536.9
2022-03-29 07:23:54,536.96
2022-03-29 07:23:59,536.96
2022-03-29 07:24:04,536.96
2022-03-29 07:24:09,536.99
2022-03-29 07:24:14,536.99
2022-03-29 07:24:19,536.99
2022-03-29 07:24:24,537.05
2022-03-29 07:24:29,537.05
2022-03-29 07:24:34,537.12
2022-03-29 07:24:39,537.12
2022-03-29 07:24:44,537.18
2022-03-29 07:24:49,537.18
2022-03-29 07:24:54,537.24
2022-03-29 07:24:59,537.28
2022-03-29 07:25:04,537.34
2022-03-29 07:25:09,537.4
2022-03-29 07:25:14,537.4
2022-03-29 07:25:19,537.4
2022-03-29 07:25:24,537.47
2022-03-29 07:25:29,537.5
2022-03-29 07:25:34,537.57
2022-03-29 07:25:39,537.57
2022-03-29 07:25:44,537.56
2022-03-29 07:25:49,537.63
2022-03-29 07:25:54,537.63
2022-03-29 07:25:59,537.62
2022-03-29 07:26:04,537.69
2022-03-29 07:26:09,537.69
2022-03-29 07:26:14,537.69
2022-03-29 07:26:19,537.69
2022-03-29 07:26:24,537.69
2022-03-29 07:26:29,537.75
2022-03-29 07:26:34,537.75
2022-03-29 07:26:39,537.75
2022-03-29 07:26:44,537.75
2022-03-29 07:26:49,537.75
2022-03-29 07:26:54,537.75
2022-03-29 07:26:59,537.74
2022-03-29 07:27:04,537.68
2022-03-29 07:27:09,537.74
2022-03-29 07:27:14,537.68
2022-03-29 07:27:19,537.68
2022-03-29 07:27:24,537.68
2022-03-29 07:27:29,537.68
2022-03-29 07:27:34,537.68
2022-03-29 07:27:39,537.68
2022-03-29 07:27:44,537.61
2022-03-29 07:27:49,537.61
2022-03-29 07:27:54,537.68
2022-03-29 07:27:59,537.61
2022-03-29 07:28:04,537.61
2022-03-29 07:28:09,537.55
2022-03-29 07:28:14,537.54
2022-03-29 07:28:19,537.55
2022-03-29 07:28:24,537.48
2022-03-29 07:28:29,537.48
2022-03-29 07:28:34,537.48
2022-03-29 07:28:39,537.45
2022-03-29 07:28:44,537.45
2022-03-29 07:28:49,537.38
2022-03-29 07:28:54,537.38
2022-03-29 07:28:59,537.38
2022-03-29 07:29:04,537.32
2022-03-29 07:29:09,537.32
2022-03-29 07:29:14,537.32
2022-03-29 07:29:19,537.25
2022-03-29 07:29:24,537.22
2022-03-29 07:29:29,537.16
2022-03-29 07:29:34,537.09
2022-03-29 07:29:39,537.09
2022-03-29 07:29:44,536.96
2022-03-29 07:29:49,536.96
2022-03-29 07:29:54,536.93
2022-03-29 07:29:59,536.87
2022-03-29 07:30:04,536.8
2022-03-29 07:30:09,536.74
2022-03-29 07:30:14,536.64
2022-03-29 07:30:19,536.58
2022-03-29 07:30:24,536.51
2022-03-29 07:30:29,536.45
2022-03-29 07:30:34,536.42
2022-03-29 07:30:39,536.35
2022-03-29 07:30:44,536.29
2022-03-29 07:30:49,536.22
2022-03-29 07:30:54,536.19
2022-03-29 07:30:59,536.13
2022-03-29 07:31:04,536.13
2022-03-29 07:31:09,536.07
2022-03-29 07:31:14,536.06
2022-03-29 07:31:19,535.94
2022-03-29 07:31:24,535.94
2022-03-29 07:31:29,535.91
2022-03-29 07:31:34,535.84
2022-03-29 07:31:39,535.84
2022-03-29 07:31:44,535.78
2022-03-29 07:31:49,535.72
2022-03-29 07:31:54,535.68
2022-03-29 07:31:59,535.62
2022-03-29 07:32:04,535.55
2022-03-29 07:32:09,535.56
2022-03-29 07:32:14,535.56
2022-03-29 07:32:19,535.49
2022-03-29 07:32:24,535.49
2022-03-29 07:32:29,535.5
2022-03-29 07:32:34,535.4
2022-03-29 07:32:39,535.4
2022-03-29 07:32:44,535.4
2022-03-29 07:32:49,535.34
2022-03-29 07:32:54,535.34
2022-03-29 07:32:59,535.34
2022-03-29 07:33:04,535.34
2022-03-29 07:33:09,535.27
2022-03-29 07:33:14,535.27
2022-03-29 07:33:19,535.28
2022-03-29 07:33:24,535.34
2022-03-29 07:33:29,535.28
2022-03-29 07:33:34,535.34
2022-03-29 07:33:39,535.34
2022-03-29 07:33:44,535.41
2022-03-29 07:33:49,535.35
2022-03-29 07:33:54,535.44
2022-03-29 07:33:59,535.44
2022-03-29 07:34:04,535.44
2022-03-29 07:34:09,535.51
2022-03-29 07:34:14,535.51
2022-03-29 07:34:19,535.58
2022-03-29 07:34:24,535.57
2022-03-29 07:34:29,535.64
2022-03-29 07:34:34,535.64
2022-03-29 07:34:39,535.7
2022-03-29 07:34:44,535.74
2022-03-29 07:34:49,535.73
2022-03-29 07:34:54,535.8
2022-03-29 07:34:59,535.87
2022-03-29 07:35:04,535.87
2022-03-29 07:35:09,535.93
2022-03-29 07:35:14,535.93
2022-03-29 07:35:19,536.03
2022-03-29 07:35:24,536.03
2022-03-29 07:35:29,536.03
2022-03-29 07:35:34,536.09
2022-03-29 07:35:39,536.16
2022-03-29 07:35:44,536.16
2022-03-29 07:35:49,536.22
2022-03-29 07:35:54,536.25
2022-03-29 07:35:59,536.32
2022-03-29 07:36:04,536.32
2022-03-29 07:36:09,536.38
2022-03-29 07:36:14,536.45
2022-03-29 07:36:19,536.48
2022-03-29 07:36:24,536.48
2022-03-29 07:36:29,536.54
2022-03-29 07:36:34,536.6
2022-03-29 07:36:39,536.67
2022-03-29 07:36:44,536.67
2022-03-29 07:36:49,536.73
2022-03-29 07:36:54,536.76
2022-03-29 07:36:59,536.83
2022-03-29 07:37:04,536.89
2022-03-29 07:37:09,536.96
2022-03-29 07:37:14,536.99
2022-03-29 07:37:19,537.05
2022-03-29 07:37:24,537.11
2022-03-29 07:37:29,537.18
2022-03-29 07:37:34,537.11
2022-03-29 07:37:39,537.18
2022-03-29 07:37:44,537.24
2022-03-29 07:37:49,537.27
2022-03-29 07:37:54,537.34
2022-03-29 07:37:59,537.4
2022-03-29 07:38:04,537.4
2022-03-29 07:38:09,537.46
2022-03-29 07:38:14,537.46
2022-03-29 07:38:19,537.49
2022-03-29 07:38:24,537.49
2022-03-29 07:38:29,537.56
2022-03-29 07:38:34,537.56
2022-03-29 07:38:39,537.55
2022-03-29 07:38:44,537.55
2022-03-29 07:38:49,537.62
2022-03-29 07:38:54,537.62
2022-03-29 07:38:59,537.62
2022-03-29 07:39:04,537.55
2022-03-29 07:39:09,537.61
2022-03-29 07:39:14,537.55
2022-03-29 07:39:19,537.55
2022-03-29 07:39:24,537.55
2022-03-29 07:39:29,537.54
2022-03-29 07:39:34,537.54
2022-03-29 07:39:39,537.54
2022-03-29 07:39:44,537.48
2022-03-29 07:39:49,537.48
2022-03-29 07:39:54,537.48
2022-03-29 07:39:59,537.48
2022-03-29 07:40:04,537.48
2022-03-29 07:40:09,537.48
2022-03-29 07:40:14,537.47
2022-03-29 07:40:19,537.44
2022-03-29 07:40:24,537.47
2022-03-29 07:40:29,537.44
2022-03-29 07:40:34,537.44
2022-03-29 07:40:39,537.44
2022-03-29 07:40:44,537.47
2022-03-29 07:40:49,537.44
2022-03-29 07:40:54,537.44
2022-03-29 07:40:59,537.44
2022-03-29 07:41:04,537.44
2022-03-29 07:41:09,537.44
2022-03-29 07:41:14,537.44
2022-03-29 07:41:19,537.44
2022-03-29 07:41:24,537.44
2022-03-29 07:41:29,537.44
2022-03-29 07:41:34,537.44
2022-03-29 07:41:39,537.37
2022-03-29 07:41:44,537.37
2022-03-29 07:41:49,537.37
2022-03-29 07:41:54,537.31
2022-03-29 07:41:59,537.31
2022-03-29 07:42:04,537.31
2022-03-29 07:42:09,537.25
2022-03-29 07:42:14,537.25
2022-03-29 07:42:19,537.25
2022-03-29 07:42:24,537.21
2022-03-29 07:42:29,537.21
2022-03-29 07:42:34,537.21
2022-03-29 07:42:39,537.21
2022-03-29 07:42:44,537.21
2022-03-29 07:42:49,537.15
2022-03-29 07:42:54,537.15
2022-03-29 07:42:59,537.09
2022-03-29 07:43:04,537.02
2022-03-29 07:43:09,537.02
2022-03-29 07:43:14,537.02
2022-03-29 07:43:19,536.96
2022-03-29 07:43:24,536.96
2022-03-29 07:43:29,536.93
2022-03-29 07:43:34,536.87
2022-03-29 07:43:39,536.86
2022-03-29 07:43:44,536.8
2022-03-29 07:43:49,536.8
2022-03-29 07:43:54,536.8
2022-03-29 07:43:59,536.74
2022-03-29 07:44:04,536.74
2022-03-29 07:44:09,536.71
2022-03-29 07:44:14,536.71
2022-03-29 07:44:19,536.65
2022-03-29 07:44:24,536.64
2022-03-29 07:44:29,536.65
2022-03-29 07:44:34,536.58
2022-03-29 07:44:39,536.58
2022-03-29 07:44:44,536.52
2022-03-29 07:44:49,536.52
2022-03-29 07:44:54,536.46
2022-03-29 07:44:59,536.46
2022-03-29 07:45:04,536.43
2022-03-29 07:45:09,536.43
2022-03-29 07:45:14,536.37
2022-03-29 07:45:19,536.37
2022-03-29 07:45:24,536.37
2022-03-29 07:45:29,536.37
2022-03-29 07:45:34,536.3
2022-03-29 07:45:39,536.31
2022-03-29 07:45:44,536.24
2022-03-29 07:45:49,536.25
2022-03-29 07:45:54,536.25
2022-03-29 07:45:59,536.21
2022-03-29 07:46:04,536.15
2022-03-29 07:46:09,536.21
2022-03-29 07:46:14,536.15
2022-03-29 07:46:19,536.09
2022-03-29 07:46:24,536.09
2022-03-29 07:46:29,536.09
2022-03-29 07:46:34,536.03
2022-03-29 07:46:39,536.03
2022-03-29 07:46:44,535.93
2022-03-29 07:46:49,535.96
2022-03-29 07:46:54,535.94
2022-03-29 07:46:59,535.94
2022-03-29 07:47:04,535.94
2022-03-29 07:47:09,535.87
2022-03-29 07:47:14,535.87
2022-03-29 07:47:19,535.81
2022-03-29 07:47:24,535.81
2022-03-29 07:47:29,535.81
2022-03-29 07:47:34,535.75
2022-03-29 07:47:39,535.71
2022-03-29 07:47:44,535.75
2022-03-29 07:47:49,535.71
2022-03-29 07:47:54,535.72
2022-03-29 07:47:59,535.72
2022-03-29 07:48:04,535.65
2022-03-29 07:48:09,535.65
2022-03-29 07:48:14,535.59
2022-03-29 07:48:19,535.59
2022-03-29 07:48:24,535.59
2022-03-29 07:48:29,535.52
2022-03-29 07:48:34,535.52
2022-03-29 07:48:39,535.52
2022-03-29 07:48:44,535.46
2022-03-29 07:48:49,535.46
2022-03-29 07:48:54,535.43
2022-03-29 07:48:59,535.36
2022-03-29 07:49:04,535.3
2022-03-29 07:49:09,535.37
2022-03-29 07:49:14,535.3
2022-03-29 07:49:19,535.3
2022-03-29 07:49:24,535.24
2022-03-29 07:49:29,535.21
2022-03-29 07:49:34,535.2
2022-03-29 07:49:39,535.14
2022-03-29 07:49:44,535.14
2022-03-29 07:49:49,535.08
2022-03-29 07:49:54,535.01
2022-03-29 07:49:59,535.01
2022-03-29 07:50:04,534.95
2022-03-29 07:50:09,534.94
2022-03-29 07:50:14,534.94
2022-03-29 07:50:19,534.95
2022-03-29 07:50:24,534.94
2022-03-29 07:50:29,534.94
2022-03-29 07:50:34,534.94
2022-03-29 07:50:39,534.94
2022-03-29 07:50:44,534.94
2022-03-29 07:50:49,534.94
2022-03-29 07:50:54,534.94
2022-03-29 07:50:59,534.94
2022-03-29 07:51:04,534.94
2022-03-29 07:51:09,534.94
2022-03-29 07:51:14,534.94
2022-03-29 07:51:19,534.9
2022-03-29 07:51:24,534.91
2022-03-29 07:51:29,534.9
2022-03-29 07:51:34,534.91
2022-03-29 07:51:39,534.9
2022-03-29 07:51:44,534.9
2022-03-29 07:51:49,534.9
2022-03-29 07:51:54,534.84
2022-03-29 07:51:59,534.84
2022-03-29 07:52:04,534.78
2022-03-29 07:52:09,534.77
2022-03-29 07:52:14,534.77
2022-03-29 07:52:19,534.71
2022-03-29 07:52:24,534.71
2022-03-29 07:52:29,534.71
2022-03-29 07:52:34,534.67
2022-03-29 07:52:39,534.67
2022-03-29 07:52:44,534.61
2022-03-29 07:52:49,534.55
2022-03-29 07:52:54,534.55
2022-03-29 07:52:59,534.54
2022-03-29 07:53:04,534.48
2022-03-29 07:53:09,534.42
2022-03-29 07:53:14,534.42
2022-03-29 07:53:19,534.38
2022-03-29 07:53:24,534.32
2022-03-29 07:53:29,534.25
2022-03-29 07:53:34,534.19
2022-03-29 07:53:39,534.16
2022-03-29 07:53:44,534.16
2022-03-29 07:53:49,534.09
2022-03-29 07:53:54,534.03
2022-03-29 07:53:59,533.97
2022-03-29 07:54:04,533.97
2022-03-29 07:54:09,533.9
2022-03-29 07:54:14,533.9
2022-03-29 07:54:19,533.8
2022-03-29 07:54:24,533.8
2022-03-29 07:54:29,533.74
2022-03-29 07:54:34,537.71
2022-03-29 07:54:39,533.68
2022-03-29 07:54:44,533.65
2022-03-29 07:54:49,533.65
2022-03-29 07:54:54,533.58
2022-03-29 07:54:59,533.58
2022-03-29 07:55:04,533.52
2022-03-29 07:55:09,533.52
2022-03-29 07:55:14,533.45
2022-03-29 07:55:19,533.45
2022-03-29 07:55:24,533.39
2022-03-29 07:55:29,533.39
2022-03-29 07:55:34,533.39
2022-03-29 07:55:39,533.39
2022-03-29 07:55:44,533.36
2022-03-29 07:55:49,533.36
2022-03-29 07:55:54,533.36
2022-03-29 07:55:59,533.36
2022-03-29 07:56:04,533.36
2022-03-29 07:56:09,533.36
2022-03-29 07:56:14,533.3
2022-03-29 07:56:19,533.3
2022-03-29 07:56:24,533.3
2022-03-29 07:56:29,533.3
2022-03-29 07:56:34,533.3
2022-03-29 07:56:39,533.3
2022-03-29 07:56:44,533.24
2022-03-29 07:56:49,533.3
2022-03-29 07:56:54,533.31
2022-03-29 07:56:59,533.31
2022-03-29 07:57:04,533.24
2022-03-29 07:57:09,533.31
2022-03-29 07:57:14,533.31
2022-03-29 07:57:19,533.31
2022-03-29 07:57:24,533.31
2022-03-29 07:57:29,533.38
2022-03-29 07:57:34,533.38
2022-03-29 07:57:39,533.38
2022-03-29 07:57:44,533.38
2022-03-29 07:57:49,533.41
2022-03-29 07:57:54,533.41
2022-03-29 07:57:59,533.41
2022-03-29 07:58:04,533.48
2022-03-29 07:58:09,533.48
2022-03-29 07:58:14,533.48
2022-03-29 07:58:19,533.48
2022-03-29 07:58:24,533.54
2022-03-29 07:58:29,533.55
2022-03-29 07:58:34,533.55
2022-03-29 07:58:39,533.61
2022-03-29 07:58:44,533.67
2022-03-29 07:58:49,533.67
2022-03-29 07:58:54,533.71
2022-03-29 07:58:59,533.77
2022-03-29 07:59:04,533.77
2022-03-29 07:59:09,533.84
2022-03-29 07:59:14,533.9
2022-03-29 07:59:19,534.0
2022-03-29 07:59:24,534.0
2022-03-29 07:59:29,534.13
2022-03-29 07:59:34,534.13
2022-03-29 07:59:39,534.19
2022-03-29 07:59:44,534.23
2022-03-29 07:59:49,534.29
2022-03-29 07:59:54,534.42
2022-03-29 07:59:59,534.52
2022-03-29 08:00:04,534.58
2022-03-29 08:00:09,534.65
2022-03-29 08:00:14,534.74
2022-03-29 08:00:19,534.87
2022-03-29 08:00:24,534.94
2022-03-29 08:00:29,535.03
2022-03-29 08:00:34,535.16
2022-03-29 08:00:39,535.22
2022-03-29 08:00:44,535.32
2022-03-29 08:00:49,535.45
2022-03-29 08:00:54,535.55
2022-03-29 08:00:59,535.68
2022-03-29 08:01:04,535.77
2022-03-29 08:01:09,535.9
2022-03-29 08:01:14,535.99
2022-03-29 08:01:19,536.12
2022-03-29 08:01:24,536.19
2022-03-29 08:01:29,536.35
2022-03-29 08:01:34,536.48
2022-03-29 08:01:39,536.57
2022-03-29 08:01:44,536.7
2022-03-29 08:01:49,536.86
2022-03-29 08:01:54,536.93
2022-03-29 08:01:59,537.15
2022-03-29 08:02:04,537.21
2022-03-29 08:02:09,537.37
2022-03-29 08:02:14,537.5
2022-03-29 08:02:19,537.6
2022-03-29 08:02:24,537.79
2022-03-29 08:02:29,537.83
2022-03-29 08:02:34,537.95
2022-03-29 08:02:39,538.11
2022-03-29 08:02:44,538.31
2022-03-29 08:02:49,538.34
2022-03-29 08:02:54,538.47
2022-03-29 08:02:59,538.56
2022-03-29 08:03:04,538.76
2022-03-29 08:03:09,538.85
2022-03-29 08:03:14,539.04
2022-03-29 08:03:19,539.07
2022-03-29 08:03:24,539.2
2022-03-29 08:03:29,539.36
2022-03-29 08:03:34,539.49
2022-03-29 08:03:39,539.58
2022-03-29 08:03:44,539.72
2022-03-29 08:03:49,539.84
2022-03-29 08:03:54,539.88
2022-03-29 08:03:59,540.0
2022-03-29 08:04:04,540.1
2022-03-29 08:04:09,540.23
2022-03-29 08:04:14,540.36
2022-03-29 08:04:19,540.45
2022-03-29 08:04:24,540.58
2022-03-29 08:04:29,540.61
2022-03-29 08:04:34,540.68
2022-03-29 08:04:39,540.81
2022-03-29 08:04:44,540.87
2022-03-29 08:04:49,540.97
2022-03-29 08:04:54,541.03
2022-03-29 08:04:59,541.13
2022-03-29 08:05:04,541.19
2022-03-29 08:05:09,541.32
2022-03-29 08:05:14,541.39
2022-03-29 08:05:19,541.48
2022-03-29 08:05:24,541.55
2022-03-29 08:05:29,541.61
2022-03-29 08:05:34,541.71
2022-03-29 08:05:39,541.84
2022-03-29 08:05:44,541.9
2022-03-29 08:05:49,542.0
2022-03-29 08:05:54,542.06
2022-03-29 08:05:59,542.13
2022-03-29 08:06:04,542.16
2022-03-29 08:06:09,542.22
2022-03-29 08:06:14,542.35
2022-03-29 08:06:19,542.42
2022-03-29 08:06:24,542.45
2022-03-29 08:06:29,542.51
2022-03-29 08:06:34,542.58
2022-03-29 08:06:39,542.64
2022-03-29 08:06:44,542.68
2022-03-29 08:06:49,542.74
2022-03-29 08:06:54,542.8
2022-03-29 08:06:59,542.87
2022-03-29 08:07:04,542.93
2022-03-29 08:07:09,542.93
2022-03-29 08:07:14,542.97
2022-03-29 08:07:19,543.03
2022-03-29 08:07:24,543.1
2022-03-29 08:07:29,543.1
2022-03-29 08:07:34,543.16
2022-03-29 08:07:39,543.16
2022-03-29 08:07:44,543.16
2022-03-29 08:07:49,543.2
2022-03-29 08:07:54,543.2
2022-03-29 08:07:59,543.26
2022-03-29 08:08:04,543.26
2022-03-29 08:08:09,543.33
2022-03-29 08:08:14,543.33
2022-03-29 08:08:19,543.39
2022-03-29 08:08:24,543.39
2022-03-29 08:08:29,543.39
2022-03-29 08:08:34,543.39
2022-03-29 08:08:39,543.46
2022-03-29 08:08:44,543.46
2022-03-29 08:08:49,543.49
2022-03-29 08:08:54,543.46
2022-03-29 08:08:59,543.49
2022-03-29 08:09:04,543.49
2022-03-29 08:09:09,543.56
2022-03-29 08:09:14,543.56
2022-03-29 08:09:19,543.56
2022-03-29 08:09:24,543.56
2022-03-29 08:09:29,543.56
2022-03-29 08:09:34,543.57
2022-03-29 08:09:39,543.63
2022-03-29 08:09:44,543.63
2022-03-29 08:09:49,543.63
2022-03-29 08:09:54,543.57
2022-03-29 08:09:59,543.63
2022-03-29 08:10:04,543.64
2022-03-29 08:10:09,543.64
2022-03-29 08:10:14,543.57
2022-03-29 08:10:19,543.57
2022-03-29 08:10:24,543.58
2022-03-29 08:10:29,543.58
2022-03-29 08:10:34,543.58
2022-03-29 08:10:39,543.58
2022-03-29 08:10:44,543.64
2022-03-29 08:10:49,543.58
2022-03-29 08:10:54,543.64
2022-03-29 08:10:59,543.58
2022-03-29 08:11:04,543.58
2022-03-29 08:11:09,543.58
2022-03-29 08:11:14,543.59
2022-03-29 08:11:19,543.65
2022-03-29 08:11:24,543.59
2022-03-29 08:11:29,543.59
2022-03-29 08:11:34,543.59
2022-03-29 08:11:39,543.59
2022-03-29 08:11:44,543.65
2022-03-29 08:11:49,543.59
2022-03-29 08:11:54,543.59
2022-03-29 08:11:59,543.59
2022-03-29 08:12:04,543.59
2022-03-29 08:12:09,543.59
2022-03-29 08:12:14,543.53
2022-03-29 08:12:19,543.53
2022-03-29 08:12:24,543.53
2022-03-29 08:12:29,543.53
2022-03-29 08:12:34,543.59
2022-03-29 08:12:39,543.59
2022-03-29 08:12:44,543.59
2022-03-29 08:12:49,543.59
2022-03-29 08:12:54,543.59
2022-03-29 08:12:59,543.59
2022-03-29 08:13:04,543.66
2022-03-29 08:13:09,543.66
2022-03-29 08:13:14,543.66
2022-03-29 08:13:19,543.66
2022-03-29 08:13:24,543.72
2022-03-29 08:13:29,543.72
2022-03-29 08:13:34,543.72
2022-03-29 08:13:39,543.72
2022-03-29 08:13:44,543.72
2022-03-29 08:13:49,543.75
2022-03-29 08:13:54,543.75
2022-03-29 08:13:59,543.81
2022-03-29 08:14:04,543.81
2022-03-29 08:14:09,543.88
2022-03-29 08:14:14,543.88
2022-03-29 08:14:19,543.88
2022-03-29 08:14:24,543.94
2022-03-29 08:14:29,543.94
2022-03-29 08:14:34,543.94
2022-03-29 08:14:39,544.01
2022-03-29 08:14:44,544.01
2022-03-29 08:14:49,544.04
2022-03-29 08:14:54,544.04
2022-03-29 08:14:59,544.04
2022-03-29 08:15:04,544.1
2022-03-29 08:15:09,544.1
2022-03-29 08:15:14,544.1
2022-03-29 08:15:19,544.1
2022-03-29 08:15:24,544.17
2022-03-29 08:15:29,544.23
2022-03-29 08:15:34,544.22
2022-03-29 08:15:39,544.23
2022-03-29 08:15:44,544.26
2022-03-29 08:15:49,544.32
2022-03-29 08:15:54,544.32
2022-03-29 08:15:59,544.32
2022-03-29 08:16:04,544.38
2022-03-29 08:16:09,544.38
2022-03-29 08:16:14,544.45
2022-03-29 08:16:19,544.45
2022-03-29 08:16:24,544.51
2022-03-29 08:16:29,544.51
2022-03-29 08:16:34,544.54
2022-03-29 08:16:39,544.51
2022-03-29 08:16:44,544.54
2022-03-29 08:16:49,544.54
2022-03-29 08:16:54,544.54
2022-03-29 08:16:59,544.61
2022-03-29 08:17:04,544.54
2022-03-29 08:17:09,544.61
2022-03-29 08:17:14,544.61
2022-03-29 08:17:19,544.67
2022-03-29 08:17:24,544.67
2022-03-29 08:17:29,544.67
2022-03-29 08:17:34,544.67
2022-03-29 08:17:39,544.67
2022-03-29 08:17:44,544.74
2022-03-29 08:17:49,544.67
2022-03-29 08:17:54,544.67
2022-03-29 08:17:59,544.73
2022-03-29 08:18:04,544.73
2022-03-29 08:18:09,544.74
2022-03-29 08:18:14,544.74
2022-03-29 08:18:19,544.74
2022-03-29 08:18:24,544.74
2022-03-29 08:18:29,544.74
2022-03-29 08:18:34,544.74
2022-03-29 08:18:39,544.74
2022-03-29 08:18:44,544.74
2022-03-29 08:18:49,544.74
2022-03-29 08:18:54,544.74
2022-03-29 08:18:59,544.74
2022-03-29 08:19:04,544.74
2022-03-29 08:19:09,544.74
2022-03-29 08:19:14,544.74
2022-03-29 08:19:19,544.67
2022-03-29 08:19:24,544.74
2022-03-29 08:19:29,544.68
2022-03-29 08:19:34,544.68
2022-03-29 08:19:39,544.68
2022-03-29 08:19:44,544.68
2022-03-29 08:19:49,544.74
2022-03-29 08:19:54,544.68
2022-03-29 08:19:59,544.68
2022-03-29 08:20:04,544.68
2022-03-29 08:20:09,544.74
2022-03-29 08:20:14,544.68
2022-03-29 08:20:19,544.68
2022-03-29 08:20:24,544.68
2022-03-29 08:20:29,544.68
2022-03-29 08:20:34,544.62
2022-03-29 08:20:39,544.68
2022-03-29 08:20:44,544.62
2022-03-29 08:20:49,544.62
2022-03-29 08:20:54,544.63
2022-03-29 08:20:59,544.63
2022-03-29 08:21:04,544.56
2022-03-29 08:21:09,544.63
2022-03-29 08:21:14,544.56
2022-03-29 08:21:19,544.56
2022-03-29 08:21:24,544.56
2022-03-29 08:21:29,544.56
2022-03-29 08:21:34,544.54
2022-03-29 08:21:39,544.47
2022-03-29 08:21:44,544.47
2022-03-29 08:21:49,544.47
2022-03-29 08:21:54,544.47
2022-03-29 08:21:59,544.48
2022-03-29 08:22:04,544.48
2022-03-29 08:22:09,544.48
2022-03-29 08:22:14,544.41
2022-03-29 08:22:19,544.42
2022-03-29 08:22:24,544.35
2022-03-29 08:22:29,544.42
2022-03-29 08:22:34,544.42
2022-03-29 08:22:39,544.35
2022-03-29 08:22:44,544.42
2022-03-29 08:22:49,544.36
2022-03-29 08:22:54,544.36
2022-03-29 08:22:59,544.36
2022-03-29 08:23:04,544.29
2022-03-29 08:23:09,544.29
2022-03-29 08:23:14,544.29
2022-03-29 08:23:19,544.26
2022-03-29 08:23:24,544.26
2022-03-29 08:23:29,544.26
2022-03-29 08:23:34,544.26
2022-03-29 08:23:39,544.26
2022-03-29 08:23:44,544.26
2022-03-29 08:23:49,544.2
2022-03-29 08:23:54,544.2
2022-03-29 08:23:59,544.2
2022-03-29 08:24:04,544.2
2022-03-29 08:24:09,544.2
2022-03-29 08:24:14,544.2
2022-03-29 08:24:19,544.14
2022-03-29 08:24:24,544.13
2022-03-29 08:24:29,544.13
2022-03-29 08:24:34,544.07
2022-03-29 08:24:39,544.13
2022-03-29 08:24:44,544.04
2022-03-29 08:24:49,544.04
2022-03-29 08:24:54,544.04
2022-03-29 08:24:59,544.04
2022-03-29 08:25:04,543.97
2022-03-29 08:25:09,543.97
2022-03-29 08:25:14,543.97
2022-03-29 08:25:19,544.04
2022-03-29 08:25:24,543.98
2022-03-29 08:25:29,543.97
2022-03-29 08:25:34,543.97
2022-03-29 08:25:39,543.98
2022-03-29 08:25:44,543.97
2022-03-29 08:25:49,543.97
2022-03-29 08:25:54,543.97
2022-03-29 08:25:59,543.91
2022-03-29 08:26:04,543.97
2022-03-29 08:26:09,543.91
2022-03-29 08:26:14,543.9
2022-03-29 08:26:19,543.91
2022-03-29 08:26:24,543.9
2022-03-29 08:26:29,543.9
2022-03-29 08:26:34,543.9
2022-03-29 08:26:39,543.9
2022-03-29 08:26:44,543.9
2022-03-29 08:26:49,537.71
2022-03-29 08:26:54,543.9
2022-03-29 08:26:59,543.9
2022-03-29 08:27:04,543.83
2022-03-29 08:27:09,543.9
2022-03-29 08:27:14,543.84
2022-03-29 08:27:19,543.83
2022-03-29 08:27:24,543.83
2022-03-29 08:27:29,543.83
2022-03-29 08:27:34,543.83
2022-03-29 08:27:39,543.83
2022-03-29 08:27:44,543.83
2022-03-29 08:27:49,543.83
2022-03-29 08:27:54,543.76
2022-03-29 08:27:59,543.76
2022-03-29 08:28:04,543.76
2022-03-29 08:28:09,543.76
2022-03-29 08:28:14,543.73
2022-03-29 08:28:19,543.76
2022-03-29 08:28:24,543.73
2022-03-29 08:28:29,537.71
2022-03-29 08:28:34,543.73
2022-03-29 08:28:39,543.73
2022-03-29 08:28:44,543.73
2022-03-29 08:28:49,543.66
2022-03-29 08:28:54,543.66
2022-03-29 08:28:59,543.66
2022-03-29 08:29:04,543.6
2022-03-29 08:29:09,543.59
2022-03-29 08:29:14,543.53
2022-03-29 08:29:19,543.53
2022-03-29 08:29:24,543.53
2022-03-29 08:29:29,543.5
2022-03-29 08:29:34,543.43
2022-03-29 08:29:39,543.43
2022-03-29 08:29:44,543.43
2022-03-29 08:29:49,543.37
2022-03-29 08:29:54,543.3
2022-03-29 08:29:59,543.3
2022-03-29 08:30:04,543.24
2022-03-29 08:30:09,543.24
2022-03-29 08:30:14,543.24
2022-03-29 08:30:19,543.21
2022-03-29 08:30:24,543.24
2022-03-29 08:30:29,543.21
2022-03-29 08:30:34,543.21
2022-03-29 08:30:39,543.14
2022-03-29 08:30:44,543.14
2022-03-29 08:30:49,543.08
2022-03-29 08:30:54,543.08
2022-03-29 08:30:59,543.14
2022-03-29 08:31:04,543.14
2022-03-29 08:31:09,543.08
2022-03-29 08:31:14,543.08
2022-03-29 08:31:19,543.08
2022-03-29 08:31:24,543.08
2022-03-29 08:31:29,543.08
2022-03-29 08:31:34,543.08
2022-03-29 08:31:39,543.08
2022-03-29 08:31:44,543.08
2022-03-29 08:31:49,543.02
2022-03-29 08:31:54,543.08
2022-03-29 08:31:59,543.08
2022-03-29 08:32:04,543.08
2022-03-29 08:32:09,543.15
2022-03-29 08:32:14,543.08
2022-03-29 08:32:19,543.15
2022-03-29 08:32:24,543.15
2022-03-29 08:32:29,543.15
2022-03-29 08:32:34,543.21
2022-03-29 08:32:39,537.71
2022-03-29 08:32:44,543.21
2022-03-29 08:32:49,543.24
2022-03-29 08:32:54,543.25
2022-03-29 08:32:59,543.31
2022-03-29 08:33:04,543.25
2022-03-29 08:33:09,543.31
2022-03-29 08:33:14,543.31
2022-03-29 08:33:19,543.38
2022-03-29 08:33:24,543.38
2022-03-29 08:33:29,543.38
2022-03-29 08:33:34,543.38
2022-03-29 08:33:39,543.45
2022-03-29 08:33:44,543.45
2022-03-29 08:33:49,543.51
2022-03-29 08:33:54,543.51
2022-03-29 08:33:59,543.54
2022-03-29 08:34:04,543.55
2022-03-29 08:34:09,543.61
2022-03-29 08:34:14,543.61
2022-03-29 08:34:19,543.67
2022-03-29 08:34:24,543.74
2022-03-29 08:34:29,543.68
2022-03-29 08:34:34,543.74
2022-03-29 08:34:39,543.77
2022-03-29 08:34:44,543.84
2022-03-29 08:34:49,543.84
2022-03-29 08:34:54,543.84
2022-03-29 08:34:59,543.91
2022-03-29 08:35:04,543.91
2022-03-29 08:35:09,543.97
2022-03-29 08:35:14,544.03
2022-03-29 08:35:19,544.03
2022-03-29 08:35:24,544.07
2022-03-29 08:35:29,544.07
2022-03-29 08:35:34,544.13
2022-03-29 08:35:39,544.2
2022-03-29 08:35:44,544.2
2022-03-29 08:35:49,544.26
2022-03-29 08:35:54,544.26
2022-03-29 08:35:59,544.26
2022-03-29 08:36:04,544.29
2022-03-29 08:36:09,544.29
2022-03-29 08:36:14,544.29
2022-03-29 08:36:19,544.36
2022-03-29 08:36:24,544.35
2022-03-29 08:36:29,544.42
2022-03-29 08:36:34,544.48
2022-03-29 08:36:39,544.49
2022-03-29 08:36:44,544.48
2022-03-29 08:36:49,544.55
2022-03-29 08:36:54,544.54
2022-03-29 08:36:59,544.54
2022-03-29 08:37:04,544.58
2022-03-29 08:37:09,544.58
2022-03-29 08:37:14,544.64
2022-03-29 08:37:19,544.71
2022-03-29 08:37:24,544.71
2022-03-29 08:37:29,544.71
2022-03-29 08:37:34,544.77
2022-03-29 08:37:39,544.8
2022-03-29 08:37:44,544.8
2022-03-29 08:37:49,544.86
2022-03-29 08:37:54,544.93
2022-03-29 08:37:59,544.93
2022-03-29 08:38:04,544.99
2022-03-29 08:38:09,545.06
2022-03-29 08:38:14,545.08
2022-03-29 08:38:19,545.09
2022-03-29 08:38:24,545.15
2022-03-29 08:38:29,545.21
2022-03-29 08:38:34,545.21
2022-03-29 08:38:39,545.28
2022-03-29 08:38:44,545.31
2022-03-29 08:38:49,545.37
2022-03-29 08:38:54,545.37
2022-03-29 08:38:59,545.43
2022-03-29 08:39:04,545.43
2022-03-29 08:39:09,545.49
2022-03-29 08:39:14,545.5
2022-03-29 08:39:19,545.56
2022-03-29 08:39:24,545.58
2022-03-29 08:39:29,545.58
2022-03-29 08:39:34,545.65
2022-03-29 08:39:39,545.65
2022-03-29 08:39:44,545.71
2022-03-29 08:39:49,537.71
2022-03-29 08:39:54,545.71
2022-03-29 08:39:59,545.71
2022-03-29 08:40:04,537.71
2022-03-29 08:40:09,545.77
2022-03-29 08:40:14,545.71
2022-03-29 08:40:19,545.77
2022-03-29 08:40:24,545.71
2022-03-29 08:40:29,545.77
2022-03-29 08:40:34,545.7
2022-03-29 08:40:39,545.7
2022-03-29 08:40:44,545.7
2022-03-29 08:40:49,545.7
2022-03-29 08:40:54,545.64
2022-03-29 08:40:59,545.64
2022-03-29 08:41:04,545.57
2022-03-29 08:41:09,545.54
2022-03-29 08:41:14,545.54
2022-03-29 08:41:19,545.54
2022-03-29 08:41:24,545.41
2022-03-29 08:41:29,545.41
2022-03-29 08:41:34,545.41
2022-03-29 08:41:39,545.34
2022-03-29 08:41:44,545.34
2022-03-29 08:41:49,545.34
2022-03-29 08:41:54,545.28
2022-03-29 08:41:59,545.25
2022-03-29 08:42:04,545.18
2022-03-29 08:42:09,545.18
2022-03-29 08:42:14,545.12
2022-03-29 08:42:19,545.12
2022-03-29 08:42:24,545.02
2022-03-29 08:42:29,544.96
2022-03-29 08:42:34,544.96
2022-03-29 08:42:39,544.89
2022-03-29 08:42:44,544.83
2022-03-29 08:42:49,544.83
2022-03-29 08:42:54,544.73
2022-03-29 08:42:59,544.73
2022-03-29 08:43:04,544.67
2022-03-29 08:43:09,544.6
2022-03-29 08:43:14,544.54
2022-03-29 08:43:19,544.51
2022-03-29 08:43:24,544.51
2022-03-29 08:43:29,544.38
2022-03-29 08:43:34,544.38
2022-03-29 08:43:39,544.31
2022-03-29 08:43:44,544.25
2022-03-29 08:43:49,544.22
2022-03-29 08:43:54,544.22
2022-03-29 08:43:59,544.15
2022-03-29 08:44:04,544.09
2022-03-29 08:44:09,544.02
2022-03-29 08:44:14,543.99
2022-03-29 08:44:19,543.99
2022-03-29 08:44:24,543.87
2022-03-29 08:44:29,543.8
2022-03-29 08:44:34,543.8
2022-03-29 08:44:39,543.74
2022-03-29 08:44:44,543.71
2022-03-29 08:44:49,543.64
2022-03-29 08:44:54,543.58
2022-03-29 08:44:59,543.58
2022-03-29 08:45:04,543.52
2022-03-29 08:45:09,543.48
2022-03-29 08:45:14,543.49
2022-03-29 08:45:19,543.42
2022-03-29 08:45:24,543.29
2022-03-29 08:45:29,543.36
2022-03-29 08:45:34,543.29
2022-03-29 08:45:39,543.23
2022-03-29 08:45:44,543.2
2022-03-29 08:45:49,543.2
2022-03-29 08:45:54,543.13
2022-03-29 08:45:59,543.01
2022-03-29 08:46:04,543.01
2022-03-29 08:46:09,542.98
2022-03-29 08:46:14,542.91
2022-03-29 08:46:19,542.85
2022-03-29 08:46:24,542.78
2022-03-29 08:46:29,542.72
2022-03-29 08:46:34,542.72
2022-03-29 08:46:39,542.62
2022-03-29 08:46:44,542.62
2022-03-29 08:46:49,542.56
2022-03-29 08:46:54,542.49
2022-03-29 08:46:59,542.49
2022-03-29 08:47:04,542.4
2022-03-29 08:47:09,542.33
2022-03-29 08:47:14,542.4
2022-03-29 08:47:19,542.27
2022-03-29 08:47:24,542.27
2022-03-29 08:47:29,542.2
2022-03-29 08:47:34,542.11
2022-03-29 08:47:39,542.11
2022-03-29 08:47:44,542.05
2022-03-29 08:47:49,541.98
2022-03-29 08:47:54,541.98
2022-03-29 08:47:59,541.95
2022-03-29 08:48:04,541.95
2022-03-29 08:48:09,541.89
2022-03-29 08:48:14,541.75
2022-03-29 08:48:19,541.75
2022-03-29 08:48:24,541.69
2022-03-29 08:48:29,541.69
2022-03-29 08:48:34,541.65
2022-03-29 08:48:39,541.66
2022-03-29 08:48:44,541.65
2022-03-29 08:48:49,541.59
2022-03-29 08:48:54,541.59
2022-03-29 08:48:59,541.52
2022-03-29 08:49:04,541.52
2022-03-29 08:49:09,541.46
2022-03-29 08:49:14,541.46
2022-03-29 08:49:19,541.46
2022-03-29 08:49:24,541.43
2022-03-29 08:49:29,541.42
2022-03-29 08:49:34,541.42
2022-03-29 08:49:39,541.42
2022-03-29 08:49:44,541.36
2022-03-29 08:49:49,541.36
2022-03-29 08:49:54,541.36
2022-03-29 08:49:59,541.36
2022-03-29 08:50:04,541.36
2022-03-29 08:50:09,537.71
2022-03-29 08:50:14,541.36
2022-03-29 08:50:19,541.42
2022-03-29 08:50:24,541.35
2022-03-29 08:50:29,541.35
2022-03-29 08:50:34,541.35
2022-03-29 08:50:39,541.35
2022-03-29 08:50:44,541.35
2022-03-29 08:50:49,541.35
2022-03-29 08:50:54,541.35
2022-03-29 08:50:59,541.34
2022-03-29 08:51:04,541.34
2022-03-29 08:51:09,541.28
2022-03-29 08:51:14,541.34
2022-03-29 08:51:19,541.28
2022-03-29 08:51:24,541.28
2022-03-29 08:51:29,541.28
2022-03-29 08:51:34,541.28
2022-03-29 08:51:39,541.27
2022-03-29 08:51:44,541.27
2022-03-29 08:51:49,541.27
2022-03-29 08:51:54,541.27
2022-03-29 08:51:59,541.27
2022-03-29 08:52:04,541.33
2022-03-29 08:52:09,541.2
2022-03-29 08:52:14,541.2
2022-03-29 08:52:19,541.2
2022-03-29 08:52:24,541.2
2022-03-29 08:52:29,541.14
2022-03-29 08:52:34,541.2
2022-03-29 08:52:39,541.2
2022-03-29 08:52:44,541.14
2022-03-29 08:52:49,541.14
2022-03-29 08:52:54,541.14
2022-03-29 08:52:59,541.1
2022-03-29 08:53:04,541.11
2022-03-29 08:53:09,541.04
2022-03-29 08:53:14,541.04
2022-03-29 08:53:19,541.04
2022-03-29 08:53:24,541.04
2022-03-29 08:53:29,540.97
2022-03-29 08:53:34,540.97
2022-03-29 08:53:39,540.97
2022-03-29 08:53:44,540.97
2022-03-29 08:53:49,540.91
2022-03-29 08:53:54,540.97
2022-03-29 08:53:59,540.9
2022-03-29 08:54:04,540.9
2022-03-29 08:54:09,540.87
2022-03-29 08:54:14,540.81
2022-03-29 08:54:19,540.87
2022-03-29 08:54:24,540.81
2022-03-29 08:54:29,540.81
2022-03-29 08:54:34,540.74
2022-03-29 08:54:39,540.81
2022-03-29 08:54:44,540.75
2022-03-29 08:54:49,540.75
2022-03-29 08:54:54,540.75
2022-03-29 08:54:59,540.74
2022-03-29 08:55:04,540.62
2022-03-29 08:55:09,540.68
2022-03-29 08:55:14,540.62
2022-03-29 08:55:19,540.61
2022-03-29 08:55:24,540.62
2022-03-29 08:55:29,540.62
2022-03-29 08:55:34,540.59
2022-03-29 08:55:39,540.52
2022-03-29 08:55:44,540.52
2022-03-29 08:55:49,540.52
2022-03-29 08:55:54,540.46
2022-03-29 08:55:59,540.46
2022-03-29 08:56:04,540.4
2022-03-29 08:56:09,540.39
2022-03-29 08:56:14,540.36
2022-03-29 08:56:19,540.3
2022-03-29 08:56:24,540.3
2022-03-29 08:56:29,540.3
2022-03-29 08:56:34,540.24
2022-03-29 08:56:39,540.24
2022-03-29 08:56:44,540.17
2022-03-29 08:56:49,540.17
2022-03-29 08:56:54,540.17
2022-03-29 08:56:59,540.17
2022-03-29 08:57:04,540.17
2022-03-29 08:57:09,540.17
2022-03-29 08:57:14,540.11
2022-03-29 08:57:19,540.11
2022-03-29 08:57:24,540.08
2022-03-29 08:57:29,540.08
2022-03-29 08:57:34,540.08
2022-03-29 08:57:39,540.08
2022-03-29 08:57:44,540.08
2022-03-29 08:57:49,540.02
2022-03-29 08:57:54,540.02
2022-03-29 08:57:59,540.02
2022-03-29 08:58:04,540.02
2022-03-29 08:58:09,539.96
2022-03-29 08:58:14,540.02
2022-03-29 08:58:19,540.02
2022-03-29 08:58:24,539.96
2022-03-29 08:58:29,539.96
2022-03-29 08:58:34,539.9
2022-03-29 08:58:39,539.9
2022-03-29 08:58:44,539.9
2022-03-29 08:58:49,539.9
2022-03-29 08:58:54,539.9
2022-03-29 08:58:59,539.9
2022-03-29 08:59:04,539.9
2022-03-29 08:59:09,539.9
2022-03-29 08:59:14,539.9
2022-03-29 08:59:19,539.9
2022-03-29 08:59:24,539.9
2022-03-29 08:59:29,539.97
2022-03-29 08:59:34,539.9
2022-03-29 08:59:39,539.97
2022-03-29 08:59:44,539.97
2022-03-29 08:59:49,540.03
2022-03-29 08:59:54,540.03
2022-03-29 08:59:59,540.1
2022-03-29 09:00:04,540.1
2022-03-29 09:00:09,540.1
2022-03-29 09:00:14,540.13
2022-03-29 09:00:19,540.2
2022-03-29 09:00:24,540.2
2022-03-29 09:00:29,540.2
2022-03-29 09:00:34,540.26
2022-03-29 09:00:39,540.26
2022-03-29 09:00:44,540.33
2022-03-29 09:00:49,540.4
2022-03-29 09:00:54,540.4
2022-03-29 09:00:59,540.43
2022-03-29 09:01:04,540.49
2022-03-29 09:01:09,540.49
2022-03-29 09:01:14,540.56
2022-03-29 09:01:19,540.62
2022-03-29 09:01:24,540.62
2022-03-29 09:01:29,540.66
2022-03-29 09:01:34,540.72
2022-03-29 09:01:39,540.78
2022-03-29 09:01:44,540.85
2022-03-29 09:01:49,540.91
2022-03-29 09:01:54,540.92
2022-03-29 09:01:59,541.01
2022-03-29 09:02:04,541.08
2022-03-29 09:02:09,541.14
2022-03-29 09:02:14,541.24
2022-03-29 09:02:19,541.3
2022-03-29 09:02:24,541.3
2022-03-29 09:02:29,541.43
2022-03-29 09:02:34,541.46
2022-03-29 09:02:39,541.53
2022-03-29 09:02:44,541.66
2022-03-29 09:02:49,541.66
2022-03-29 09:02:54,541.69
2022-03-29 09:02:59,541.69
2022-03-29 09:03:04,541.82
2022-03-29 09:03:09,541.82
2022-03-29 09:03:14,541.89
2022-03-29 09:03:19,541.96
2022-03-29 09:03:24,541.98
2022-03-29 09:03:29,541.99
2022-03-29 09:03:34,542.11
2022-03-29 09:03:39,542.18
2022-03-29 09:03:44,542.18
2022-03-29 09:03:49,542.28
2022-03-29 09:03:54,542.28
2022-03-29 09:03:59,542.34
2022-03-29 09:04:04,542.41
2022-03-29 09:04:09,542.47
2022-03-29 09:04:14,542.5
2022-03-29 09:04:19,542.5
2022-03-29 09:04:24,542.57
2022-03-29 09:04:29,542.63
2022-03-29 09:04:34,542.7
2022-03-29 09:04:39,542.7
2022-03-29 09:04:44,542.73
2022-03-29 09:04:49,542.8
2022-03-29 09:04:54,542.8
2022-03-29 09:04:59,542.87
2022-03-29 09:05:04,542.87
2022-03-29 09:05:09,542.93
2022-03-29 09:05:14,542.99
2022-03-29 09:05:19,543.0
2022-03-29 09:05:24,543.03
2022-03-29 09:05:29,543.0
2022-03-29 09:05:34,543.09
2022-03-29 09:05:39,543.1
2022-03-29 09:05:44,543.1
2022-03-29 09:05:49,543.16
2022-03-29 09:05:54,543.23
2022-03-29 09:05:59,543.23
2022-03-29 09:06:04,543.26
2022-03-29 09:06:09,543.26
2022-03-29 09:06:14,543.26
2022-03-29 09:06:19,543.33
2022-03-29 09:06:24,543.33
2022-03-29 09:06:29,543.33
2022-03-29 09:06:34,543.39
2022-03-29 09:06:39,543.46
2022-03-29 09:06:44,543.4
2022-03-29 09:06:49,543.4
2022-03-29 09:06:54,543.46
2022-03-29 09:06:59,543.46
2022-03-29 09:07:04,543.46
2022-03-29 09:07:09,543.46
2022-03-29 09:07:14,543.47
2022-03-29 09:07:19,543.47
2022-03-29 09:07:24,543.47
2022-03-29 09:07:29,543.47
2022-03-29 09:07:34,543.47
2022-03-29 09:07:39,543.47
2022-03-29 09:07:44,543.47
2022-03-29 09:07:49,543.47
2022-03-29 09:07:54,543.41
2022-03-29 09:07:59,543.41
2022-03-29 09:08:04,543.41
2022-03-29 09:08:09,543.41
2022-03-29 09:08:14,543.42
2022-03-29 09:08:19,543.42
2022-03-29 09:08:24,543.42
2022-03-29 09:08:29,543.35
2022-03-29 09:08:34,543.35
2022-03-29 09:08:39,543.35
2022-03-29 09:08:44,543.29
2022-03-29 09:08:49,543.29
2022-03-29 09:08:54,543.29
2022-03-29 09:08:59,543.36
2022-03-29 09:09:04,543.26
2022-03-29 09:09:09,543.29
2022-03-29 09:09:14,543.26
2022-03-29 09:09:19,543.3
2022-03-29 09:09:24,543.29
2022-03-29 09:09:29,543.2
2022-03-29 09:09:34,543.2
2022-03-29 09:09:39,543.27
2022-03-29 09:09:44,543.2
2022-03-29 09:09:49,543.14
2022-03-29 09:09:54,543.14
2022-03-29 09:09:59,543.21
2022-03-29 09:10:04,543.14
2022-03-29 09:10:09,543.14
2022-03-29 09:10:14,543.08
2022-03-29 09:10:19,543.14
2022-03-29 09:10:24,543.08
2022-03-29 09:10:29,543.05
2022-03-29 09:10:34,543.05
2022-03-29 09:10:39,542.99
2022-03-29 09:10:44,543.05
2022-03-29 09:10:49,543.05
2022-03-29 09:10:54,542.92
2022-03-29 09:10:59,537.71
2022-03-29 09:11:04,542.99
2022-03-29 09:11:09,542.99
2022-03-29 09:11:14,542.99
2022-03-29 09:11:19,542.92
2022-03-29 09:11:24,542.99
2022-03-29 09:11:29,542.98
2022-03-29 09:11:34,542.99
2022-03-29 09:11:39,542.99
2022-03-29 09:11:44,542.99
2022-03-29 09:11:49,543.05
2022-03-29 09:11:54,543.05
2022-03-29 09:11:59,543.05
2022-03-29 09:12:04,543.05
2022-03-29 09:12:09,543.08
2022-03-29 09:12:14,543.08
2022-03-29 09:12:19,543.15
2022-03-29 09:12:24,543.15
2022-03-29 09:12:29,543.21
2022-03-29 09:12:34,543.21
2022-03-29 09:12:39,543.27
2022-03-29 09:12:44,543.27
2022-03-29 09:12:49,543.31
2022-03-29 09:12:54,543.37
2022-03-29 09:12:59,543.31
2022-03-29 09:13:04,543.37
2022-03-29 09:13:09,543.43
2022-03-29 09:13:14,543.43
2022-03-29 09:13:19,543.5
2022-03-29 09:13:24,543.5
2022-03-29 09:13:29,543.56
2022-03-29 09:13:34,543.59
2022-03-29 09:13:39,543.59
2022-03-29 09:13:44,543.66
2022-03-29 09:13:49,543.66
2022-03-29 09:13:54,543.79
2022-03-29 09:13:59,543.79
2022-03-29 09:14:04,537.71
2022-03-29 09:14:09,543.82
2022-03-29 09:14:14,543.82
2022-03-29 09:14:19,543.88
2022-03-29 09:14:24,543.94
2022-03-29 09:14:29,543.94
2022-03-29 09:14:34,544.01
2022-03-29 09:14:39,544.01
2022-03-29 09:14:44,544.01
2022-03-29 09:14:49,544.07
2022-03-29 09:14:54,544.07
2022-03-29 09:14:59,544.07
2022-03-29 09:15:04,544.07
2022-03-29 09:15:09,544.07
2022-03-29 09:15:14,544.1
2022-03-29 09:15:19,544.11
2022-03-29 09:15:24,544.1
2022-03-29 09:15:29,544.1
2022-03-29 09:15:34,544.1
2022-03-29 09:15:39,544.1
2022-03-29 09:15:44,544.1
2022-03-29 09:15:49,544.1
2022-03-29 09:15:54,544.1
2022-03-29 09:15:59,544.16
2022-03-29 09:16:04,544.16
2022-03-29 09:16:09,544.1
2022-03-29 09:16:14,544.1
2022-03-29 09:16:19,544.16
2022-03-29 09:16:24,544.16
2022-03-29 09:16:29,544.16
2022-03-29 09:16:34,544.16
2022-03-29 09:16:39,544.16
2022-03-29 09:16:44,544.16
2022-03-29 09:16:49,544.23
2022-03-29 09:16:54,544.16
2022-03-29 09:16:59,544.16
2022-03-29 09:17:04,544.16
2022-03-29 09:17:09,544.23
2022-03-29 09:17:14,544.23
2022-03-29 09:17:19,544.23
2022-03-29 09:17:24,544.16
2022-03-29 09:17:29,544.16
2022-03-29 09:17:34,544.16
2022-03-29 09:17:39,544.16
2022-03-29 09:17:44,544.16
2022-03-29 09:17:49,544.16
2022-03-29 09:17:54,537.71
2022-03-29 09:17:59,544.1
2022-03-29 09:18:04,544.16
2022-03-29 09:18:09,544.1
2022-03-29 09:18:14,544.1
2022-03-29 09:18:19,544.1
2022-03-29 09:18:24,544.1
2022-03-29 09:18:29,544.07
2022-03-29 09:18:34,544.07
2022-03-29 09:18:39,544.07
2022-03-29 09:18:44,544.07
2022-03-29 09:18:49,544.0
2022-03-29 09:18:54,544.01
2022-03-29 09:18:59,544.0
2022-03-29 09:19:04,543.94
2022-03-29 09:19:09,543.94
2022-03-29 09:19:14,543.88
2022-03-29 09:19:19,543.81
2022-03-29 09:19:24,543.81
2022-03-29 09:19:29,543.78
2022-03-29 09:19:34,543.72
2022-03-29 09:19:39,543.72
2022-03-29 09:19:44,543.78
2022-03-29 09:19:49,543.66
2022-03-29 09:19:54,543.59
2022-03-29 09:19:59,543.59
2022-03-29 09:20:04,543.56
2022-03-29 09:20:09,543.5
2022-03-29 09:20:14,543.5
2022-03-29 09:20:19,543.5
2022-03-29 09:20:24,543.37
2022-03-29 09:20:29,543.31
2022-03-29 09:20:34,543.31
2022-03-29 09:20:39,543.31
2022-03-29 09:20:44,543.28
2022-03-29 09:20:49,543.21
2022-03-29 09:20:54,543.22
2022-03-29 09:20:59,543.15
2022-03-29 09:21:04,543.15
2022-03-29 09:21:09,543.06
2022-03-29 09:21:14,543.06
2022-03-29 09:21:19,542.99
2022-03-29 09:21:24,542.93
2022-03-29 09:21:29,542.99
2022-03-29 09:21:34,542.87
2022-03-29 09:21:39,542.87
2022-03-29 09:21:44,542.87
2022-03-29 09:21:49,542.8
2022-03-29 09:21:54,542.8
2022-03-29 09:21:59,542.77
2022-03-29 09:22:04,542.77
2022-03-29 09:22:09,542.77
2022-03-29 09:22:14,542.77
2022-03-29 09:22:19,542.65
2022-03-29 09:22:24,542.65
2022-03-29 09:22:29,542.65
2022-03-29 09:22:34,542.65
2022-03-29 09:22:39,542.58
2022-03-29 09:22:44,542.55
2022-03-29 09:22:49,542.49
2022-03-29 09:22:54,542.55
2022-03-29 09:22:59,542.55
2022-03-29 09:23:04,542.49
2022-03-29 09:23:09,542.49
2022-03-29 09:23:14,542.49
2022-03-29 09:23:19,542.49
2022-03-29 09:23:24,542.49
2022-03-29 09:23:29,542.49
2022-03-29 09:23:34,542.43
2022-03-29 09:23:39,542.43
2022-03-29 09:23:44,542.36
2022-03-29 09:23:49,542.43
2022-03-29 09:23:54,542.43
2022-03-29 09:23:59,542.43
2022-03-29 09:24:04,542.36
2022-03-29 09:24:09,542.43
2022-03-29 09:24:14,542.36
2022-03-29 09:24:19,542.43
2022-03-29 09:24:24,542.43
2022-03-29 09:24:29,542.36
2022-03-29 09:24:34,542.43
2022-03-29 09:24:39,542.36
2022-03-29 09:24:44,542.43
2022-03-29 09:24:49,542.49
2022-03-29 09:24:54,542.43
2022-03-29 09:24:59,542.49
2022-03-29 09:25:04,542.49
2022-03-29 09:25:09,542.49
2022-03-29 09:25:14,542.49
2022-03-29 09:25:19,542.55
2022-03-29 09:25:24,542.59
2022-03-29 09:25:29,542.55
2022-03-29 09:25:34,542.58
2022-03-29 09:25:39,542.58
2022-03-29 09:25:44,542.58
2022-03-29 09:25:49,542.65
2022-03-29 09:25:54,542.65
2022-03-29 09:25:59,542.71
2022-03-29 09:26:04,542.71
2022-03-29 09:26:09,542.77
2022-03-29 09:26:14,542.77
2022-03-29 09:26:19,542.8
2022-03-29 09:26:24,542.8
2022-03-29 09:26:29,542.8
2022-03-29 09:26:34,542.87
2022-03-29 09:26:39,542.86
2022-03-29 09:26:44,542.93
2022-03-29 09:26:49,542.99
2022-03-29 09:26:54,543.06
2022-03-29 09:26:59,543.09
2022-03-29 09:27:04,543.09
2022-03-29 09:27:09,543.09
2022-03-29 09:27:14,543.09
2022-03-29 09:27:19,543.15
2022-03-29 09:27:24,543.22
2022-03-29 09:27:29,543.21
2022-03-29 09:27:34,543.28
2022-03-29 09:27:39,543.28
2022-03-29 09:27:44,543.28
2022-03-29 09:27:49,543.31
2022-03-29 09:27:54,543.37
2022-03-29 09:27:59,543.37
2022-03-29 09:28:04,543.43
2022-03-29 09:28:09,543.43
2022-03-29 09:28:14,543.43
2022-03-29 09:28:19,543.5
2022-03-29 09:28:24,543.5
2022-03-29 09:28:29,543.56
2022-03-29 09:28:34,543.56
2022-03-29 09:28:39,543.59
2022-03-29 09:28:44,543.66
2022-03-29 09:28:49,543.59
2022-03-29 09:28:54,543.65
2022-03-29 09:28:59,543.65
2022-03-29 09:29:04,543.65
2022-03-29 09:29:09,543.65
2022-03-29 09:29:14,543.72
2022-03-29 09:29:19,543.71
2022-03-29 09:29:24,543.71
2022-03-29 09:29:29,543.78
2022-03-29 09:29:34,543.71
2022-03-29 09:29:39,543.71
2022-03-29 09:29:44,543.71
2022-03-29 09:29:49,543.78
2022-03-29 09:29:54,543.71
2022-03-29 09:29:59,543.71
2022-03-29 09:30:04,543.78
2022-03-29 09:30:09,543.78
2022-03-29 09:30:14,543.78
2022-03-29 09:30:19,543.78
2022-03-29 09:30:24,543.71
2022-03-29 09:30:29,543.71
2022-03-29 09:30:34,543.71
2022-03-29 09:30:39,543.71
2022-03-29 09:30:44,543.71
2022-03-29 09:30:49,543.71
2022-03-29 09:30:54,543.71
2022-03-29 09:30:59,543.71
2022-03-29 09:31:04,543.71
2022-03-29 09:31:09,543.71
2022-03-29 09:31:14,543.71
2022-03-29 09:31:19,543.71
2022-03-29 09:31:24,543.71
2022-03-29 09:31:29,543.71
2022-03-29 09:31:34,543.78
2022-03-29 09:31:39,537.71
2022-03-29 09:31:44,543.78
2022-03-29 09:31:49,543.78
2022-03-29 09:31:54,543.81
2022-03-29 09:31:59,543.78
2022-03-29 09:32:04,543.78
2022-03-29 09:32:09,543.82
2022-03-29 09:32:14,543.79
2022-03-29 09:32:19,543.82
2022-03-29 09:32:24,543.79
2022-03-29 09:32:29,543.82
2022-03-29 09:32:34,543.82
2022-03-29 09:32:39,543.82
2022-03-29 09:32:44,543.82
2022-03-29 09:32:49,543.82
2022-03-29 09:32:54,543.82
2022-03-29 09:32:59,543.83
2022-03-29 09:33:04,543.89
2022-03-29 09:33:09,543.83
2022-03-29 09:33:14,537.71
2022-03-29 09:33:19,543.89
2022-03-29 09:33:24,543.89
2022-03-29 09:33:29,543.89
2022-03-29 09:33:34,543.9
2022-03-29 09:33:39,543.83
2022-03-29 09:33:44,543.83
2022-03-29 09:33:49,543.9
2022-03-29 09:33:54,543.9
2022-03-29 09:33:59,543.84
2022-03-29 09:34:04,543.9
2022-03-29 09:34:09,543.84
2022-03-29 09:34:14,543.84
2022-03-29 09:34:19,543.84
2022-03-29 09:34:24,543.91
2022-03-29 09:34:29,543.84
2022-03-29 09:34:34,543.91
2022-03-29 09:34:39,543.98
2022-03-29 09:34:44,543.98
2022-03-29 09:34:49,543.92
2022-03-29 09:34:54,543.98
2022-03-29 09:34:59,543.98
2022-03-29 09:35:04,544.05
2022-03-29 09:35:09,544.05
2022-03-29 09:35:14,544.05
2022-03-29 09:35:19,544.06
2022-03-29 09:35:24,544.06
2022-03-29 09:35:29,544.12
2022-03-29 09:35:34,544.12
2022-03-29 09:35:39,544.16
2022-03-29 09:35:44,544.16
2022-03-29 09:35:49,544.16
2022-03-29 09:35:54,544.23
2022-03-29 09:35:59,544.23
2022-03-29 09:36:04,544.17
2022-03-29 09:36:09,544.23
2022-03-29 09:36:14,544.23
2022-03-29 09:36:19,544.3
2022-03-29 09:36:24,544.17
2022-03-29 09:36:29,544.3
2022-03-29 09:36:34,544.24
2022-03-29 09:36:39,544.31
2022-03-29 09:36:44,544.3
2022-03-29 09:36:49,544.24
2022-03-29 09:36:54,544.31
2022-03-29 09:36:59,544.31
2022-03-29 09:37:04,544.31
2022-03-29 09:37:09,544.31
2022-03-29 09:37:14,544.31
2022-03-29 09:37:19,544.31
2022-03-29 09:37:24,544.32
2022-03-29 09:37:29,544.25
2022-03-29 09:37:34,544.25
2022-03-29 09:37:39,544.19
2022-03-29 09:37:44,544.15
2022-03-29 09:37:49,544.16
2022-03-29 09:37:54,544.09
2022-03-29 09:37:59,544.09
2022-03-29 09:38:04,544.1
2022-03-29 09:38:09,544.03
2022-03-29 09:38:14,544.03
2022-03-29 09:38:19,543.97
2022-03-29 09:38:24,543.9
2022-03-29 09:38:29,543.9
2022-03-29 09:38:34,543.9
2022-03-29 09:38:39,543.87
2022-03-29 09:38:44,543.87
2022-03-29 09:38:49,543.81
2022-03-29 09:38:54,543.74
2022-03-29 09:38:59,543.74
2022-03-29 09:39:04,543.68
2022-03-29 09:39:09,543.64
2022-03-29 09:39:14,543.64
2022-03-29 09:39:19,543.58
2022-03-29 09:39:24,543.45
2022-03-29 09:39:29,543.45
2022-03-29 09:39:34,543.39
2022-03-29 09:39:39,543.36
2022-03-29 09:39:44,543.35
2022-03-29 09:39:49,543.35
2022-03-29 09:39:54,543.29
2022-03-29 09:39:59,543.23
2022-03-29 09:40:04,543.22
2022-03-29 09:40:09,543.22
2022-03-29 09:40:14,543.16
2022-03-29 09:40:19,543.06
2022-03-29 09:40:24,543.06
2022-03-29 09:40:29,543.0
2022-03-29 09:40:34,542.93
2022-03-29 09:40:39,542.93
2022-03-29 09:40:44,542.86
2022-03-29 09:40:49,542.83
2022-03-29 09:40:54,542.83
2022-03-29 09:40:59,542.77
2022-03-29 09:41:04,542.7
2022-03-29 09:41:09,542.63
2022-03-29 09:41:14,542.6
2022-03-29 09:41:19,542.6
2022-03-29 09:41:24,542.54
2022-03-29 09:41:29,542.47
2022-03-29 09:41:34,542.4
2022-03-29 09:41:39,542.4
2022-03-29 09:41:44,542.31
2022-03-29 09:41:49,542.31
2022-03-29 09:41:54,542.25
2022-03-29 09:41:59,542.18
2022-03-29 09:42:04,542.18
2022-03-29 09:42:09,542.12
2022-03-29 09:42:14,542.08
2022-03-29 09:42:19,542.08
2022-03-29 09:42:24,541.96
2022-03-29 09:42:29,541.95
2022-03-29 09:42:34,541.89
2022-03-29 09:42:39,541.89
2022-03-29 09:42:44,541.83
2022-03-29 09:42:49,541.79
2022-03-29 09:42:54,541.8
2022-03-29 09:42:59,541.73
2022-03-29 09:43:04,541.66
2022-03-29 09:43:09,541.6
2022-03-29 09:43:14,541.57
2022-03-29 09:43:19,541.57
2022-03-29 09:43:24,541.44
2022-03-29 09:43:29,541.37
2022-03-29 09:43:34,541.37
2022-03-29 09:43:39,541.31
2022-03-29 09:43:44,541.28
2022-03-29 09:43:49,541.21
2022-03-29 09:43:54,541.15
2022-03-29 09:43:59,541.15
2022-03-29 09:44:04,541.09
2022-03-29 09:44:09,541.05
2022-03-29 09:44:14,541.05
2022-03-29 09:44:19,540.99
2022-03-29 09:44:24,540.93
2022-03-29 09:44:29,540.86
2022-03-29 09:44:34,540.8
2022-03-29 09:44:39,540.8
2022-03-29 09:44:44,540.77
2022-03-29 09:44:49,540.77
2022-03-29 09:44:54,540.7
2022-03-29 09:44:59,540.64
2022-03-29 09:45:04,540.64
2022-03-29 09:45:09,540.58
2022-03-29 09:45:14,540.54
2022-03-29 09:45:19,540.48
2022-03-29 09:45:24,540.48
2022-03-29 09:45:29,540.42
2022-03-29 09:45:34,540.42
2022-03-29 09:45:39,540.35
2022-03-29 09:45:44,540.35
2022-03-29 09:45:49,540.29
2022-03-29 09:45:54,540.26
2022-03-29 09:45:59,540.26
2022-03-29 09:46:04,540.19
2022-03-29 09:46:09,540.13
2022-03-29 09:46:14,540.13
2022-03-29 09:46:19,540.07
2022-03-29 09:46:24,540.07
2022-03-29 09:46:29,540.04
2022-03-29 09:46:34,540.03
2022-03-29 09:46:39,540.04
2022-03-29 09:46:44,539.91
2022-03-29 09:46:49,539.91
2022-03-29 09:46:54,539.85
2022-03-29 09:46:59,539.85
2022-03-29 09:47:04,539.78
2022-03-29 09:47:09,539.78
2022-03-29 09:47:14,539.78
2022-03-29 09:47:19,539.75
2022-03-29 09:47:24,539.78
2022-03-29 09:47:29,539.78
2022-03-29 09:47:34,539.75
2022-03-29 09:47:39,539.69
2022-03-29 09:47:44,539.75
2022-03-29 09:47:49,539.62
2022-03-29 09:47:54,539.69
2022-03-29 09:47:59,539.63
2022-03-29 09:48:04,539.63
2022-03-29 09:48:09,539.62
2022-03-29 09:48:14,539.56
2022-03-29 09:48:19,539.53
2022-03-29 09:48:24,539.53
2022-03-29 09:48:29,539.53
2022-03-29 09:48:34,539.47
2022-03-29 09:48:39,539.47
2022-03-29 09:48:44,539.4
2022-03-29 09:48:49,539.4
2022-03-29 09:48:54,539.4
2022-03-29 09:48:59,539.4
2022-03-29 09:49:04,539.34
2022-03-29 09:49:09,539.34
2022-03-29 09:49:14,539.34
2022-03-29 09:49:19,539.27
2022-03-29 09:49:24,539.24
2022-03-29 09:49:29,539.24
2022-03-29 09:49:34,539.24
2022-03-29 09:49:39,539.24
2022-03-29 09:49:44,539.17
2022-03-29 09:49:49,539.18
2022-03-29 09:49:54,539.18
2022-03-29 09:49:59,539.11
2022-03-29 09:50:04,539.11
2022-03-29 09:50:09,539.04
2022-03-29 09:50:14,539.04
2022-03-29 09:50:19,539.04
2022-03-29 09:50:24,539.01
2022-03-29 09:50:29,539.01
2022-03-29 09:50:34,538.95
2022-03-29 09:50:39,538.94
2022-03-29 09:50:44,538.95
2022-03-29 09:50:49,539.01
2022-03-29 09:50:54,538.94
2022-03-29 09:50:59,538.88
2022-03-29 09:51:04,538.87
2022-03-29 09:51:09,538.87
2022-03-29 09:51:14,538.87
2022-03-29 09:51:19,538.81
2022-03-29 09:51:24,538.81
2022-03-29 09:51:29,538.75
2022-03-29 09:51:34,538.75
2022-03-29 09:51:39,538.81
2022-03-29 09:51:44,538.75
2022-03-29 09:51:49,538.74
2022-03-29 09:51:54,538.74
2022-03-29 09:51:59,538.74
2022-03-29 09:52:04,538.74
2022-03-29 09:52:09,538.74
2022-03-29 09:52:14,538.74
2022-03-29 09:52:19,538.74
2022-03-29 09:52:24,538.74
2022-03-29 09:52:29,538.8
2022-03-29 09:52:34,538.8
2022-03-29 09:52:39,538.8
2022-03-29 09:52:44,538.86
2022-03-29 09:52:49,538.92
2022-03-29 09:52:54,538.92
2022-03-29 09:52:59,538.92
2022-03-29 09:53:04,538.98
2022-03-29 09:53:09,539.01
2022-03-29 09:53:14,539.08
2022-03-29 09:53:19,539.07
2022-03-29 09:53:24,539.14
2022-03-29 09:53:29,539.14
2022-03-29 09:53:34,539.24
2022-03-29 09:53:39,539.24
2022-03-29 09:53:44,539.3
2022-03-29 09:53:49,539.36
2022-03-29 09:53:54,539.43
2022-03-29 09:53:59,539.49
2022-03-29 09:54:04,539.58
2022-03-29 09:54:09,539.58
2022-03-29 09:54:14,539.72
2022-03-29 09:54:19,539.75
2022-03-29 09:54:24,539.87
2022-03-29 09:54:29,539.94
2022-03-29 09:54:34,540.04
2022-03-29 09:54:39,540.16
2022-03-29 09:54:44,540.26
2022-03-29 09:54:49,540.39
2022-03-29 09:54:54,540.52
2022-03-29 09:54:59,540.55
2022-03-29 09:55:04,540.68
2022-03-29 09:55:09,540.77
2022-03-29 09:55:14,540.9
2022-03-29 09:55:19,537.71
2022-03-29 09:55:24,541.06
2022-03-29 09:55:29,541.19
2022-03-29 09:55:34,541.29
2022-03-29 09:55:39,541.48
2022-03-29 09:55:44,541.55
2022-03-29 09:55:49,541.64
2022-03-29 09:55:54,541.77
2022-03-29 09:55:59,541.87
2022-03-29 09:56:04,541.93
2022-03-29 09:56:09,542.06
2022-03-29 09:56:14,542.16
2022-03-29 09:56:19,542.22
2022-03-29 09:56:24,542.38
2022-03-29 09:56:29,542.45
2022-03-29 09:56:34,542.61
2022-03-29 09:56:39,542.67
2022-03-29 09:56:44,542.8
2022-03-29 09:56:49,542.9
2022-03-29 09:56:54,542.96
2022-03-29 09:56:59,543.03
2022-03-29 09:57:04,543.12
2022-03-29 09:57:09,543.19
2022-03-29 09:57:14,543.25
2022-03-29 09:57:19,543.42
2022-03-29 09:57:24,543.48
2022-03-29 09:57:29,543.54
2022-03-29 09:57:34,543.64
2022-03-29 09:57:39,543.71
2022-03-29 09:57:44,543.77
2022-03-29 09:57:49,543.83
2022-03-29 09:57:54,544.0
2022-03-29 09:57:59,544.0
2022-03-29 09:58:04,544.12
2022-03-29 09:58:09,544.16
2022-03-29 09:58:14,544.22
2022-03-29 09:58:19,544.29
2022-03-29 09:58:24,544.38
2022-03-29 09:58:29,544.45
2022-03-29 09:58:34,544.52
2022-03-29 09:58:39,544.65
2022-03-29 09:58:44,544.68
2022-03-29 09:58:49,544.74
2022-03-29 09:58:54,544.87
2022-03-29 09:58:59,544.9
2022-03-29 09:59:04,545.03
2022-03-29 09:59:09,545.03
2022-03-29 09:59:14,545.16
2022-03-29 09:59:19,545.19
2022-03-29 09:59:24,545.26
2022-03-29 09:59:29,545.32
2022-03-29 09:59:34,545.39
2022-03-29 09:59:39,545.42
2022-03-29 09:59:44,545.49
2022-03-29 09:59:49,545.55
2022-03-29 09:59:54,545.55
2022-03-29 09:59:59,545.68
2022-03-29 10:00:04,545.68
2022-03-29 10:00:09,545.71
2022-03-29 10:00:14,545.78
2022-03-29 10:00:19,545.78
2022-03-29 10:00:24,537.71
2022-03-29 10:00:29,545.84
2022-03-29 10:00:34,545.9
2022-03-29 10:00:39,545.9
2022-03-29 10:00:44,545.9
2022-03-29 10:00:49,545.94
2022-03-29 10:00:54,545.93
2022-03-29 10:00:59,545.94
2022-03-29 10:01:04,537.71
2022-03-29 10:01:09,545.94
2022-03-29 10:01:14,545.94
2022-03-29 10:01:19,545.94
2022-03-29 10:01:24,545.94
2022-03-29 10:01:29,545.94
2022-03-29 10:01:34,545.93
2022-03-29 10:01:39,545.93
2022-03-29 10:01:44,545.93
2022-03-29 10:01:49,545.9
2022-03-29 10:01:54,545.9
2022-03-29 10:01:59,545.9
2022-03-29 10:02:04,545.9
2022-03-29 10:02:09,545.83
2022-03-29 10:02:14,545.83
2022-03-29 10:02:19,545.77
2022-03-29 10:02:24,545.77
2022-03-29 10:02:29,545.77
2022-03-29 10:02:34,545.7
2022-03-29 10:02:39,545.7
2022-03-29 10:02:44,545.67
2022-03-29 10:02:49,545.67
2022-03-29 10:02:54,545.6
2022-03-29 10:02:59,545.54
2022-03-29 10:03:04,545.54
2022-03-29 10:03:09,545.47
2022-03-29 10:03:14,545.4
2022-03-29 10:03:19,545.4
2022-03-29 10:03:24,545.4
2022-03-29 10:03:29,545.37
2022-03-29 10:03:34,545.3
2022-03-29 10:03:39,545.24
2022-03-29 10:03:44,545.24
2022-03-29 10:03:49,545.17
2022-03-29 10:03:54,545.17
2022-03-29 10:03:59,545.14
2022-03-29 10:04:04,545.07
2022-03-29 10:04:09,545.07
2022-03-29 10:04:14,545.01
2022-03-29 10:04:19,545.01
2022-03-29 10:04:24,544.88
2022-03-29 10:04:29,544.88
2022-03-29 10:04:34,544.84
2022-03-29 10:04:39,544.78
2022-03-29 10:04:44,544.71
2022-03-29 10:04:49,544.71
2022-03-29 10:04:54,544.61
2022-03-29 10:04:59,544.61
2022-03-29 10:05:04,544.48
2022-03-29 10:05:09,544.48
2022-03-29 10:05:14,544.35
2022-03-29 10:05:19,544.35
2022-03-29 10:05:24,544.31
2022-03-29 10:05:29,544.25
2022-03-29 10:05:34,544.25
2022-03-29 10:05:39,544.12
2022-03-29 10:05:44,544.09
2022-03-29 10:05:49,544.02
2022-03-29 10:05:54,544.02
2022-03-29 10:05:59,543.95
2022-03-29 10:06:04,543.89
2022-03-29 10:06:09,543.83
2022-03-29 10:06:14,543.83
2022-03-29 10:06:19,543.73
2022-03-29 10:06:24,543.73
2022-03-29 10:06:29,543.66
2022-03-29 10:06:34,543.6
2022-03-29 10:06:39,543.56
2022-03-29 10:06:44,543.56
2022-03-29 10:06:49,543.5
2022-03-29 10:06:54,543.43
2022-03-29 10:06:59,543.43
2022-03-29 10:07:04,543.37
2022-03-29 10:07:09,543.37
2022-03-29 10:07:14,543.37
2022-03-29 10:07:19,543.3
2022-03-29 10:07:24,543.3
2022-03-29 10:07:29,543.27
2022-03-29 10:07:34,543.27
2022-03-29 10:07:39,543.27
2022-03-29 10:07:44,543.2
2022-03-29 10:07:49,543.27
2022-03-29 10:07:54,543.2
2022-03-29 10:07:59,543.14
2022-03-29 10:08:04,543.08
2022-03-29 10:08:09,543.07
2022-03-29 10:08:14,543.07
2022-03-29 10:08:19,542.98
2022-03-29 10:08:24,542.98
2022-03-29 10:08:29,542.91
2022-03-29 10:08:34,542.85
2022-03-29 10:08:39,542.84
2022-03-29 10:08:44,542.75
2022-03-29 10:08:49,542.78
2022-03-29 10:08:54,542.69
2022-03-29 10:08:59,542.69
2022-03-29 10:09:04,542.62
2022-03-29 10:09:09,542.56
2022-03-29 10:09:14,542.55
2022-03-29 10:09:19,542.53
2022-03-29 10:09:24,542.46
2022-03-29 10:09:29,542.39
2022-03-29 10:09:34,542.33
2022-03-29 10:09:39,542.27
2022-03-29 10:09:44,542.27
2022-03-29 10:09:49,542.24
2022-03-29 10:09:54,542.17
2022-03-29 10:09:59,542.11
2022-03-29 10:10:04,542.11
2022-03-29 10:10:09,542.04
2022-03-29 10:10:14,542.01
2022-03-29 10:10:19,542.01
2022-03-29 10:10:24,541.95
2022-03-29 10:10:29,541.88
2022-03-29 10:10:34,541.82
2022-03-29 10:10:39,541.76
2022-03-29 10:10:44,541.72
2022-03-29 10:10:49,541.66
2022-03-29 10:10:54,541.59
2022-03-29 10:10:59,541.59
2022-03-29 10:11:04,541.53
2022-03-29 10:11:09,541.5
2022-03-29 10:11:14,541.5
2022-03-29 10:11:19,541.43
2022-03-29 10:11:24,541.37
2022-03-29 10:11:29,541.37
2022-03-29 10:11:34,541.3
2022-03-29 10:11:39,541.24
2022-03-29 10:11:44,541.3
2022-03-29 10:11:49,541.24
2022-03-29 10:11:54,541.24
2022-03-29 10:11:59,541.24
2022-03-29 10:12:04,541.21
2022-03-29 10:12:09,541.21
2022-03-29 10:12:14,541.24
2022-03-29 10:12:19,541.21
2022-03-29 10:12:24,541.21
2022-03-29 10:12:29,541.21
2022-03-29 10:12:34,541.21
2022-03-29 10:12:39,541.21
2022-03-29 10:12:44,541.21
2022-03-29 10:12:49,541.21
2022-03-29 10:12:54,541.24
2022-03-29 10:12:59,541.21
2022-03-29 10:13:04,541.24
2022-03-29 10:13:09,541.21
2022-03-29 10:13:14,541.24
2022-03-29 10:13:19,541.21
2022-03-29 10:13:24,541.2
2022-03-29 10:13:29,541.2
2022-03-29 10:13:34,541.2
2022-03-29 10:13:39,541.2
2022-03-29 10:13:44,541.2
2022-03-29 10:13:49,541.2
2022-03-29 10:13:54,541.2
2022-03-29 10:13:59,541.14
2022-03-29 10:14:04,541.2
2022-03-29 10:14:09,541.13
2022-03-29 10:14:14,541.13
2022-03-29 10:14:19,541.13
2022-03-29 10:14:24,541.13
2022-03-29 10:14:29,541.13
2022-03-29 10:14:34,541.06
2022-03-29 10:14:39,541.13
2022-03-29 10:14:44,541.13
2022-03-29 10:14:49,541.13
2022-03-29 10:14:54,541.13
2022-03-29 10:14:59,541.13
2022-03-29 10:15:04,541.19
2022-03-29 10:15:09,541.13
2022-03-29 10:15:14,541.12
2022-03-29 10:15:19,541.19
2022-03-29 10:15:24,541.18
2022-03-29 10:15:29,541.18
2022-03-29 10:15:34,541.18
2022-03-29 10:15:39,541.18
2022-03-29 10:15:44,541.18
2022-03-29 10:15:49,541.21
2022-03-29 10:15:54,541.21
2022-03-29 10:15:59,541.21
2022-03-29 10:16:04,541.21
2022-03-29 10:16:09,541.27
2022-03-29 10:16:14,541.27
2022-03-29 10:16:19,541.27
2022-03-29 10:16:24,541.33
2022-03-29 10:16:29,541.33
2022-03-29 10:16:34,541.39
2022-03-29 10:16:39,541.46
2022-03-29 10:16:44,541.46
2022-03-29 10:16:49,541.49
2022-03-29 10:16:54,541.49
2022-03-29 10:16:59,541.55
2022-03-29 10:17:04,541.55
2022-03-29 10:17:09,541.61
2022-03-29 10:17:14,541.61
2022-03-29 10:17:19,541.67
2022-03-29 10:17:24,541.67
2022-03-29 10:17:29,541.7
2022-03-29 10:17:34,541.67
2022-03-29 10:17:39,541.77
2022-03-29 10:17:44,541.7
2022-03-29 10:17:49,541.76
2022-03-29 10:17:54,541.83
2022-03-29 10:17:59,541.76
2022-03-29 10:18:04,541.83
2022-03-29 10:18:09,541.83
2022-03-29 10:18:14,541.89
2022-03-29 10:18:19,541.89
2022-03-29 10:18:24,541.89
2022-03-29 10:18:29,541.95
2022-03-29 10:18:34,541.95
2022-03-29 10:18:39,541.98
2022-03-29 10:18:44,541.98
2022-03-29 10:18:49,542.05
2022-03-29 10:18:54,542.04
2022-03-29 10:18:59,542.11
2022-03-29 10:19:04,542.17
2022-03-29 10:19:09,542.17
2022-03-29 10:19:14,542.11
2022-03-29 10:19:19,542.17
2022-03-29 10:19:24,542.17
2022-03-29 10:19:29,542.17
2022-03-29 10:19:34,542.2
2022-03-29 10:19:39,542.2
2022-03-29 10:19:44,542.2
2022-03-29 10:19:49,542.27
2022-03-29 10:19:54,542.2
2022-03-29 10:19:59,542.27
2022-03-29 10:20:04,542.27
2022-03-29 10:20:09,542.2
2022-03-29 10:20:14,542.27
2022-03-29 10:20:19,542.26
2022-03-29 10:20:24,542.26
2022-03-29 10:20:29,542.27
2022-03-29 10:20:34,542.26
2022-03-29 10:20:39,542.26
2022-03-29 10:20:44,542.27
2022-03-29 10:20:49,542.26
2022-03-29 10:20:54,542.26
2022-03-29 10:20:59,542.33
2022-03-29 10:21:04,542.33
2022-03-29 10:21:09,542.26
2022-03-29 10:21:14,542.27
2022-03-29 10:21:19,542.26
2022-03-29 10:21:24,542.27
2022-03-29 10:21:29,542.27
2022-03-29 10:21:34,542.33
2022-03-29 10:21:39,542.33
2022-03-29 10:21:44,542.33
2022-03-29 10:21:49,542.33
2022-03-29 10:21:54,542.27
2022-03-29 10:21:59,542.33
2022-03-29 10:22:04,542.33
2022-03-29 10:22:09,542.33
2022-03-29 10:22:14,542.33
2022-03-29 10:22:19,542.39
2022-03-29 10:22:24,542.4
2022-03-29 10:22:29,537.71
2022-03-29 10:22:34,542.4
2022-03-29 10:22:39,542.4
2022-03-29 10:22:44,542.4
2022-03-29 10:22:49,542.46
2022-03-29 10:22:54,542.4
2022-03-29 10:22:59,542.46
2022-03-29 10:23:04,542.46
2022-03-29 10:23:09,542.46
2022-03-29 10:23:14,542.46
2022-03-29 10:23:19,542.49
2022-03-29 10:23:24,542.49
2022-03-29 10:23:29,542.49
2022-03-29 10:23:34,542.62
2022-03-29 10:23:39,542.56
2022-03-29 10:23:44,542.62
2022-03-29 10:23:49,542.62
2022-03-29 10:23:54,542.63
2022-03-29 10:23:59,542.69
2022-03-29 10:24:04,542.69
2022-03-29 10:24:09,542.69
2022-03-29 10:24:14,542.72
2022-03-29 10:24:19,542.78
2022-03-29 10:24:24,542.79
2022-03-29 10:24:29,542.79
2022-03-29 10:24:34,542.78
2022-03-29 10:24:39,542.78
2022-03-29 10:24:44,542.85
2022-03-29 10:24:49,542.91
2022-03-29 10:24:54,542.91
2022-03-29 10:24:59,542.98
2022-03-29 10:25:04,542.98
2022-03-29 10:25:09,543.01
2022-03-29 10:25:14,543.07
2022-03-29 10:25:19,543.07
2022-03-29 10:25:24,543.13
2022-03-29 10:25:29,543.13
2022-03-29 10:25:34,543.2
2022-03-29 10:25:39,543.2
2022-03-29 10:25:44,543.23
2022-03-29 10:25:49,543.29
2022-03-29 10:25:54,543.23
2022-03-29 10:25:59,543.29
2022-03-29 10:26:04,543.35
2022-03-29 10:26:09,543.29
2022-03-29 10:26:14,543.35
2022-03-29 10:26:19,543.42
2022-03-29 10:26:24,543.42
2022-03-29 10:26:29,543.48
2022-03-29 10:26:34,543.42
2022-03-29 10:26:39,543.48
2022-03-29 10:26:44,543.51
2022-03-29 10:26:49,543.51
2022-03-29 10:26:54,543.51
2022-03-29 10:26:59,543.58
2022-03-29 10:27:04,543.58
2022-03-29 10:27:09,543.57
2022-03-29 10:27:14,543.64
2022-03-29 10:27:19,543.64
2022-03-29 10:27:24,543.63
2022-03-29 10:27:29,543.7
2022-03-29 10:27:34,543.7
2022-03-29 10:27:39,543.73
2022-03-29 10:27:44,543.73
2022-03-29 10:27:49,543.73
2022-03-29 10:27:54,543.73
2022-03-29 10:27:59,543.73
2022-03-29 10:28:04,543.79
2022-03-29 10:28:09,543.85
2022-03-29 10:28:14,543.72
2022-03-29 10:28:19,543.78
2022-03-29 10:28:24,543.85
2022-03-29 10:28:29,543.85
2022-03-29 10:28:34,543.85
2022-03-29 10:28:39,543.85
2022-03-29 10:28:44,543.84
2022-03-29 10:28:49,543.9
2022-03-29 10:28:54,543.9
2022-03-29 10:28:59,543.97
2022-03-29 10:29:04,543.97
2022-03-29 10:29:09,543.97
2022-03-29 10:29:14,543.96
2022-03-29 10:29:19,544.0
2022-03-29 10:29:24,544.0
2022-03-29 10:29:29,543.99
2022-03-29 10:29:34,543.99
2022-03-29 10:29:39,544.0
2022-03-29 10:29:44,543.99
2022-03-29 10:29:49,544.06
2022-03-29 10:29:54,544.05
2022-03-29 10:29:59,544.06
2022-03-29 10:30:04,544.12
2022-03-29 10:30:09,544.12
2022-03-29 10:30:14,544.12
2022-03-29 10:30:19,544.18
2022-03-29 10:30:24,544.12
2022-03-29 10:30:29,544.18
2022-03-29 10:30:34,544.21
2022-03-29 10:30:39,544.18
2022-03-29 10:30:44,544.18
2022-03-29 10:30:49,544.21
2022-03-29 10:30:54,544.21
2022-03-29 10:30:59,544.28
2022-03-29 10:31:04,544.21
2022-03-29 10:31:09,544.21
2022-03-29 10:31:14,544.21
2022-03-29 10:31:19,544.21
2022-03-29 10:31:24,544.21
2022-03-29 10:31:29,544.27
2022-03-29 10:31:34,544.21
2022-03-29 10:31:39,544.21
2022-03-29 10:31:44,544.21
2022-03-29 10:31:49,544.17
2022-03-29 10:31:54,544.17
2022-03-29 10:31:59,544.17
2022-03-29 10:32:04,544.17
2022-03-29 10:32:09,544.17
2022-03-29 10:32:14,544.17
2022-03-29 10:32:19,544.11
2022-03-29 10:32:24,544.11
2022-03-29 10:32:29,544.04
2022-03-29 10:32:34,544.04
2022-03-29 10:32:39,543.98
2022-03-29 10:32:44,544.04
2022-03-29 10:32:49,543.98
2022-03-29 10:32:54,543.98
2022-03-29 10:32:59,543.95
2022-03-29 10:33:04,543.95
2022-03-29 10:33:09,543.88
2022-03-29 10:33:14,543.88
2022-03-29 10:33:19,543.88
2022-03-29 10:33:24,543.82
2022-03-29 10:33:29,543.82
2022-03-29 10:33:34,543.75
2022-03-29 10:33:39,543.75
2022-03-29 10:33:44,543.69
2022-03-29 10:33:49,543.69
2022-03-29 10:33:54,543.66
2022-03-29 10:33:59,543.66
2022-03-29 10:34:04,543.6
2022-03-29 10:34:09,543.6
2022-03-29 10:34:14,543.53
2022-03-29 10:34:19,543.47
2022-03-29 10:34:24,543.44
2022-03-29 10:34:29,543.47
2022-03-29 10:34:34,543.44
2022-03-29 10:34:39,543.37
2022-03-29 10:34:44,543.37
2022-03-29 10:34:49,543.31
2022-03-29 10:34:54,543.24
2022-03-29 10:34:59,543.24
2022-03-29 10:35:04,543.24
2022-03-29 10:35:09,543.18
2022-03-29 10:35:14,543.15
2022-03-29 10:35:19,543.15
2022-03-29 10:35:24,543.15
2022-03-29 10:35:29,543.08
2022-03-29 10:35:34,543.09
2022-03-29 10:35:39,542.96
2022-03-29 10:35:44,542.96
2022-03-29 10:35:49,542.92
2022-03-29 10:35:54,542.86
2022-03-29 10:35:59,542.86
2022-03-29 10:36:04,542.86
2022-03-29 10:36:09,542.8
2022-03-29 10:36:14,542.8
2022-03-29 10:36:19,542.8
2022-03-29 10:36:24,542.73
2022-03-29 10:36:29,542.73
2022-03-29 10:36:34,542.73
2022-03-29 10:36:39,542.67
2022-03-29 10:36:44,542.63
2022-03-29 10:36:49,542.67
2022-03-29 10:36:54,542.63
2022-03-29 10:36:59,542.64
2022-03-29 10:37:04,542.63
2022-03-29 10:37:09,542.57
2022-03-29 10:37:14,542.57
2022-03-29 10:37:19,542.57
2022-03-29 10:37:24,542.5
2022-03-29 10:37:29,542.5
2022-03-29 10:37:34,542.5
2022-03-29 10:37:39,542.44
2022-03-29 10:37:44,542.5
2022-03-29 10:37:49,542.5
2022-03-29 10:37:54,542.5
2022-03-29 10:37:59,542.5
2022-03-29 10:38:04,542.5
2022-03-29 10:38:09,542.5
2022-03-29 10:38:14,542.44
2022-03-29 10:38:19,542.5
2022-03-29 10:38:24,542.5
2022-03-29 10:38:29,542.57
2022-03-29 10:38:34,542.57
2022-03-29 10:38:39,542.63
2022-03-29 10:38:44,542.63
2022-03-29 10:38:49,542.63
2022-03-29 10:38:54,542.63
2022-03-29 10:38:59,542.66
2022-03-29 10:39:04,542.72
2022-03-29 10:39:09,542.79
2022-03-29 10:39:14,542.79
2022-03-29 10:39:19,542.78
2022-03-29 10:39:24,542.85
2022-03-29 10:39:29,542.85
2022-03-29 10:39:34,542.85
2022-03-29 10:39:39,542.85
2022-03-29 10:39:44,542.85
2022-03-29 10:39:49,542.84
2022-03-29 10:39:54,542.91
2022-03-29 10:39:59,542.91
2022-03-29 10:40:04,542.9
2022-03-29 10:40:09,542.9
2022-03-29 10:40:14,542.91
2022-03-29 10:40:19,542.9
2022-03-29 10:40:24,542.9
2022-03-29 10:40:29,542.9
2022-03-29 10:40:34,542.9
2022-03-29 10:40:39,542.9
2022-03-29 10:40:44,542.89
2022-03-29 10:40:49,542.89
2022-03-29 10:40:54,542.83
2022-03-29 10:40:59,542.89
2022-03-29 10:41:04,542.83
2022-03-29 10:41:09,542.89
2022-03-29 10:41:14,542.83
2022-03-29 10:41:19,542.83
2022-03-29 10:41:24,542.76
2022-03-29 10:41:29,542.76
2022-03-29 10:41:34,542.69
2022-03-29 10:41:39,542.63
2022-03-29 10:41:44,542.59
2022-03-29 10:41:49,542.53
2022-03-29 10:41:54,542.53
2022-03-29 10:41:59,542.4
2022-03-29 10:42:04,542.4
2022-03-29 10:42:09,542.3
2022-03-29 10:42:14,542.24
2022-03-29 10:42:19,542.17
2022-03-29 10:42:24,542.11
2022-03-29 10:42:29,542.08
2022-03-29 10:42:34,542.01
2022-03-29 10:42:39,541.88
2022-03-29 10:42:44,541.85
2022-03-29 10:42:49,541.78
2022-03-29 10:42:54,541.72
2022-03-29 10:42:59,541.65
2022-03-29 10:43:04,541.59
2022-03-29 10:43:09,541.49
2022-03-29 10:43:14,541.49
2022-03-29 10:43:19,541.36
2022-03-29 10:43:24,541.33
2022-03-29 10:43:29,541.27
2022-03-29 10:43:34,541.2
2022-03-29 10:43:39,541.14
2022-03-29 10:43:44,541.07
2022-03-29 10:43:49,540.97
2022-03-29 10:43:54,540.91
2022-03-29 10:43:59,540.84
2022-03-29 10:44:04,540.75
2022-03-29 10:44:09,540.75
2022-03-29 10:44:14,540.62
2022-03-29 10:44:19,540.55
2022-03-29 10:44:24,540.52
2022-03-29 10:44:29,540.46
2022-03-29 10:44:34,540.39
2022-03-29 10:44:39,540.33
2022-03-29 10:44:44,540.29
2022-03-29 10:44:49,540.3
2022-03-29 10:44:54,540.23
2022-03-29 10:44:59,540.17
2022-03-29 10:45:04,540.17
2022-03-29 10:45:09,540.1
2022-03-29 10:45:14,540.04
2022-03-29 10:45:19,540.1
2022-03-29 10:45:24,540.1
2022-03-29 10:45:29,540.04
2022-03-29 10:45:34,540.01
2022-03-29 10:45:39,540.04
2022-03-29 10:45:44,540.01
2022-03-29 10:45:49,540.01
2022-03-29 10:45:54,540.01
2022-03-29 10:45:59,540.01
2022-03-29 10:46:04,540.01
2022-03-29 10:46:09,540.01
2022-03-29 10:46:14,540.01
2022-03-29 10:46:19,539.95
2022-03-29 10:46:24,540.01
2022-03-29 10:46:29,539.95
2022-03-29 10:46:34,540.01
2022-03-29 10:46:39,539.95
2022-03-29 10:46:44,540.01
2022-03-29 10:46:49,540.01
2022-03-29 10:46:54,540.01
2022-03-29 10:46:59,540.01
2022-03-29 10:47:04,539.95
2022-03-29 10:47:09,540.01
2022-03-29 10:47:14,540.01
2022-03-29 10:47:19,540.01
2022-03-29 10:47:24,540.05
2022-03-29 10:47:29,540.05
2022-03-29 10:47:34,540.11
2022-03-29 10:47:39,540.11
2022-03-29 10:47:44,540.11
2022-03-29 10:47:49,540.18
2022-03-29 10:47:54,540.18
2022-03-29 10:47:59,540.31
2022-03-29 10:48:04,540.31
2022-03-29 10:48:09,540.34
2022-03-29 10:48:14,540.34
2022-03-29 10:48:19,540.41
2022-03-29 10:48:24,540.47
2022-03-29 10:48:29,540.53
2022-03-29 10:48:34,540.57
2022-03-29 10:48:39,540.63
2022-03-29 10:48:44,540.69
2022-03-29 10:48:49,540.69
2022-03-29 10:48:54,540.69
2022-03-29 10:48:59,540.82
2022-03-29 10:49:04,540.82
2022-03-29 10:49:09,540.92
2022-03-29 10:49:14,540.98
2022-03-29 10:49:19,541.05
2022-03-29 10:49:24,541.08
2022-03-29 10:49:29,541.08
2022-03-29 10:49:34,541.14
2022-03-29 10:49:39,541.14
2022-03-29 10:49:44,541.21
2022-03-29 10:49:49,541.27
2022-03-29 10:49:54,541.27
2022-03-29 10:49:59,541.34
2022-03-29 10:50:04,541.34
2022-03-29 10:50:09,541.37
2022-03-29 10:50:14,541.43
2022-03-29 10:50:19,541.5
2022-03-29 10:50:24,541.49
2022-03-29 10:50:29,541.49
2022-03-29 10:50:34,541.59
2022-03-29 10:50:39,541.59
2022-03-29 10:50:44,541.65
2022-03-29 10:50:49,541.65
2022-03-29 10:50:54,541.65
2022-03-29 10:50:59,541.71
2022-03-29 10:51:04,541.72
2022-03-29 10:51:09,541.78
2022-03-29 10:51:14,541.84
2022-03-29 10:51:19,541.84
2022-03-29 10:51:24,541.87
2022-03-29 10:51:29,541.87
2022-03-29 10:51:34,541.94
2022-03-29 10:51:39,542.0
2022-03-29 10:51:44,541.99
2022-03-29 10:51:49,542.06
2022-03-29 10:51:54,542.06
2022-03-29 10:51:59,542.06
2022-03-29 10:52:04,542.09
2022-03-29 10:52:09,542.09
2022-03-29 10:52:14,542.15
2022-03-29 10:52:19,542.22
2022-03-29 10:52:24,542.21
2022-03-29 10:52:29,542.21
2022-03-29 10:52:34,542.21
2022-03-29 10:52:39,542.21
2022-03-29 10:52:44,542.27
2022-03-29 10:52:49,542.27
2022-03-29 10:52:54,542.27
2022-03-29 10:52:59,542.27
2022-03-29 10:53:04,542.27
2022-03-29 10:53:09,542.27
2022-03-29 10:53:14,542.33
2022-03-29 10:53:19,542.33
2022-03-29 10:53:24,542.33
2022-03-29 10:53:29,542.33
2022-03-29 10:53:34,542.33
2022-03-29 10:53:39,542.33
2022-03-29 10:53:44,542.36
2022-03-29 10:53:49,542.36
2022-03-29 10:53:54,542.36
2022-03-29 10:53:59,542.36
2022-03-29 10:54:04,542.36
2022-03-29 10:54:09,542.36
2022-03-29 10:54:14,542.36
2022-03-29 10:54:19,542.36
2022-03-29 10:54:24,542.36
2022-03-29 10:54:29,542.36
2022-03-29 10:54:34,542.42
2022-03-29 10:54:39,542.42
2022-03-29 10:54:44,542.36
2022-03-29 10:54:49,542.35
2022-03-29 10:54:54,542.42
2022-03-29 10:54:59,542.35
2022-03-29 10:55:04,542.42
2022-03-29 10:55:09,542.42
2022-03-29 10:55:14,542.35
2022-03-29 10:55:19,542.35
2022-03-29 10:55:24,542.35
2022-03-29 10:55:29,542.41
2022-03-29 10:55:34,542.35
2022-03-29 10:55:39,542.41
2022-03-29 10:55:44,542.41
2022-03-29 10:55:49,542.41
2022-03-29 10:55:54,542.41
2022-03-29 10:55:59,542.41
2022-03-29 10:56:04,542.41
2022-03-29 10:56:09,542.41
2022-03-29 10:56:14,542.41
2022-03-29 10:56:19,542.48
2022-03-29 10:56:24,542.41
2022-03-29 10:56:29,542.48
2022-03-29 10:56:34,542.48
2022-03-29 10:56:39,542.48
2022-03-29 10:56:44,542.54
2022-03-29 10:56:49,542.48
2022-03-29 10:56:54,542.54
2022-03-29 10:56:59,542.48
2022-03-29 10:57:04,542.54
2022-03-29 10:57:09,542.54
2022-03-29 10:57:14,542.57
2022-03-29 10:57:19,542.58
2022-03-29 10:57:24,542.57
2022-03-29 10:57:29,542.58
2022-03-29 10:57:34,542.58
2022-03-29 10:57:39,542.58
2022-03-29 10:57:44,542.58
2022-03-29 10:57:49,542.64
2022-03-29 10:57:54,542.64
2022-03-29 10:57:59,542.64
2022-03-29 10:58:04,542.64
2022-03-29 10:58:09,542.64
2022-03-29 10:58:14,542.64
2022-03-29 10:58:19,542.64
2022-03-29 10:58:24,542.64
2022-03-29 10:58:29,542.71
2022-03-29 10:58:34,542.65
2022-03-29 10:58:39,542.71
2022-03-29 10:58:44,542.71
2022-03-29 10:58:49,542.77
2022-03-29 10:58:54,542.77
2022-03-29 10:58:59,542.78
2022-03-29 10:59:04,542.84
2022-03-29 10:59:09,542.84
2022-03-29 10:59:14,542.78
2022-03-29 10:59:19,542.84
2022-03-29 10:59:24,542.84
2022-03-29 10:59:29,542.84
2022-03-29 10:59:34,542.78
2022-03-29 10:59:39,542.72
2022-03-29 10:59:44,542.78
2022-03-29 10:59:49,542.71
2022-03-29 10:59:54,542.59
2022-03-29 10:59:59,542.59
2022-03-29 11:00:04,542.56
2022-03-29 11:00:09,542.49
2022-03-29 11:00:14,542.43
2022-03-29 11:00:19,542.36
2022-03-29 11:00:24,542.36
2022-03-29 11:00:29,542.27
2022-03-29 11:00:34,542.27
2022-03-29 11:00:39,542.2
2022-03-29 11:00:44,542.14
2022-03-29 11:00:49,542.07
2022-03-29 11:00:54,542.04
2022-03-29 11:00:59,541.98
2022-03-29 11:01:04,541.85
2022-03-29 11:01:09,541.82
2022-03-29 11:01:14,541.75
2022-03-29 11:01:19,541.69
2022-03-29 11:01:24,541.62
2022-03-29 11:01:29,541.56
2022-03-29 11:01:34,541.46
2022-03-29 11:01:39,541.33
2022-03-29 11:01:44,541.24
2022-03-29 11:01:49,541.17
2022-03-29 11:01:54,541.11
2022-03-29 11:01:59,541.01
2022-03-29 11:02:04,540.95
2022-03-29 11:02:09,540.88
2022-03-29 11:02:14,540.78
2022-03-29 11:02:19,540.65
2022-03-29 11:02:24,540.59
2022-03-29 11:02:29,540.52
2022-03-29 11:02:34,540.43
2022-03-29 11:02:39,540.36
2022-03-29 11:02:44,540.3
2022-03-29 11:02:49,540.14
2022-03-29 11:02:54,540.14
2022-03-29 11:02:59,540.01
2022-03-29 11:03:04,539.97
2022-03-29 11:03:09,539.84
2022-03-29 11:03:14,539.75
2022-03-29 11:03:19,539.68
2022-03-29 11:03:24,539.62
2022-03-29 11:03:29,539.49
2022-03-29 11:03:34,539.39
2022-03-29 11:03:39,539.32
2022-03-29 11:03:44,539.26
2022-03-29 11:03:49,539.16
2022-03-29 11:03:54,539.16
2022-03-29 11:03:59,539.1
2022-03-29 11:04:04,539.03
2022-03-29 11:04:09,538.96
2022-03-29 11:04:14,538.93
2022-03-29 11:04:19,538.93
2022-03-29 11:04:24,538.86
2022-03-29 11:04:29,538.8
2022-03-29 11:04:34,538.8
2022-03-29 11:04:39,538.8
2022-03-29 11:04:44,538.73
2022-03-29 11:04:49,538.73
2022-03-29 11:04:54,538.73
2022-03-29 11:04:59,538.7
2022-03-29 11:05:04,538.73
2022-03-29 11:05:09,538.73
2022-03-29 11:05:14,538.69
2022-03-29 11:05:19,538.63
2022-03-29 11:05:24,538.63
2022-03-29 11:05:29,538.63
2022-03-29 11:05:34,538.63
2022-03-29 11:05:39,538.63
2022-03-29 11:05:44,538.62
2022-03-29 11:05:49,538.69
2022-03-29 11:05:54,538.69
2022-03-29 11:05:59,538.69
2022-03-29 11:06:04,538.69
2022-03-29 11:06:09,538.69
2022-03-29 11:06:14,538.69
2022-03-29 11:06:19,538.72
2022-03-29 11:06:24,538.72
2022-03-29 11:06:29,538.78
2022-03-29 11:06:34,538.78
2022-03-29 11:06:39,537.71
2022-03-29 11:06:44,538.91
2022-03-29 11:06:49,538.91
2022-03-29 11:06:54,538.94
2022-03-29 11:06:59,539.0
2022-03-29 11:07:04,539.07
2022-03-29 11:07:09,539.07
2022-03-29 11:07:14,539.06
2022-03-29 11:07:19,539.13
2022-03-29 11:07:24,539.19
2022-03-29 11:07:29,539.29
2022-03-29 11:07:34,539.23
2022-03-29 11:07:39,539.29
2022-03-29 11:07:44,539.42
2022-03-29 11:07:49,539.45
2022-03-29 11:07:54,539.51
2022-03-29 11:07:59,539.58
2022-03-29 11:08:04,539.64
2022-03-29 11:08:09,539.64
2022-03-29 11:08:14,539.74
2022-03-29 11:08:19,539.87
2022-03-29 11:08:24,539.96
2022-03-29 11:08:29,539.96
2022-03-29 11:08:34,540.03
2022-03-29 11:08:39,540.16
2022-03-29 11:08:44,540.22
2022-03-29 11:08:49,540.25
2022-03-29 11:08:54,540.38
2022-03-29 11:08:59,540.45
2022-03-29 11:09:04,540.54
2022-03-29 11:09:09,540.61
2022-03-29 11:09:14,540.77
2022-03-29 11:09:19,540.83
2022-03-29 11:09:24,540.96
2022-03-29 11:09:29,541.06
2022-03-29 11:09:34,541.19
2022-03-29 11:09:39,541.26
2022-03-29 11:09:44,541.35
2022-03-29 11:09:49,541.48
2022-03-29 11:09:54,541.57
2022-03-29 11:09:59,541.64
2022-03-29 11:10:04,541.77
2022-03-29 11:10:09,541.87
2022-03-29 11:10:14,541.93
2022-03-29 11:10:19,542.03
2022-03-29 11:10:24,542.22
2022-03-29 11:10:29,542.29
2022-03-29 11:10:34,542.38
2022-03-29 11:10:39,542.51
2022-03-29 11:10:44,542.55
2022-03-29 11:10:49,542.67
2022-03-29 11:10:54,542.74
2022-03-29 11:10:59,542.84
2022-03-29 11:11:04,543.03
2022-03-29 11:11:09,543.06
2022-03-29 11:11:14,543.13
2022-03-29 11:11:19,543.25
2022-03-29 11:11:24,543.32
2022-03-29 11:11:29,543.42
2022-03-29 11:11:34,543.48
2022-03-29 11:11:39,543.58
2022-03-29 11:11:44,543.71
2022-03-29 11:11:49,543.77
2022-03-29 11:11:54,543.87
2022-03-29 11:11:59,544.0
2022-03-29 11:12:04,544.06
2022-03-29 11:12:09,544.16
2022-03-29 11:12:14,544.29
2022-03-29 11:12:19,544.35
2022-03-29 11:12:24,544.45
2022-03-29 11:12:29,544.58
2022-03-29 11:12:34,544.61
2022-03-29 11:12:39,544.74
2022-03-29 11:12:44,544.8
2022-03-29 11:12:49,544.9
2022-03-29 11:12:54,545.03
2022-03-29 11:12:59,545.12
2022-03-29 11:13:04,545.19
2022-03-29 11:13:09,545.25
2022-03-29 11:13:14,545.41
2022-03-29 11:13:19,545.48
2022-03-29 11:13:24,545.61
2022-03-29 11:13:29,545.64
2022-03-29 11:13:34,545.77
2022-03-29 11:13:39,545.89
2022-03-29 11:13:44,545.89
2022-03-29 11:13:49,546.06
2022-03-29 11:13:54,546.11
2022-03-29 11:13:59,546.21
2022-03-29 11:14:04,546.34
2022-03-29 11:14:09,546.41
2022-03-29 11:14:14,546.5
2022-03-29 11:14:19,546.57
2022-03-29 11:14:24,546.66
2022-03-29 11:14:29,546.79
2022-03-29 11:14:34,546.85
2022-03-29 11:14:39,546.95
2022-03-29 11:14:44,547.08
2022-03-29 11:14:49,547.14
2022-03-29 11:14:54,547.24
2022-03-29 11:14:59,547.3
2022-03-29 11:15:04,547.36
2022-03-29 11:15:09,547.46
2022-03-29 11:15:14,547.59
2022-03-29 11:15:19,547.59
2022-03-29 11:15:24,547.65
2022-03-29 11:15:29,547.68
2022-03-29 11:15:34,547.75
2022-03-29 11:15:39,547.74
2022-03-29 11:15:44,547.74
2022-03-29 11:15:49,547.81
2022-03-29 11:15:54,547.81
2022-03-29 11:15:59,547.86
2022-03-29 11:16:04,547.86
2022-03-29 11:16:09,547.93
2022-03-29 11:16:14,547.93
2022-03-29 11:16:19,547.86
2022-03-29 11:16:24,547.93
2022-03-29 11:16:29,547.96
2022-03-29 11:16:34,547.93
2022-03-29 11:16:39,547.92
2022-03-29 11:16:44,547.92
2022-03-29 11:16:49,547.86
2022-03-29 11:16:54,547.86
2022-03-29 11:16:59,547.79
2022-03-29 11:17:04,547.79
2022-03-29 11:17:09,547.72
2022-03-29 11:17:14,547.72
2022-03-29 11:17:19,547.66
2022-03-29 11:17:24,537.71
2022-03-29 11:17:29,547.62
2022-03-29 11:17:34,547.56
2022-03-29 11:17:39,547.49
2022-03-29 11:17:44,547.43
2022-03-29 11:17:49,547.39
2022-03-29 11:17:54,547.33
2022-03-29 11:17:59,547.26
2022-03-29 11:18:04,547.2
2022-03-29 11:18:09,547.2
2022-03-29 11:18:14,547.1
2022-03-29 11:18:19,547.04
2022-03-29 11:18:24,547.03
2022-03-29 11:18:29,546.91
2022-03-29 11:18:34,546.81
2022-03-29 11:18:39,546.81
2022-03-29 11:18:44,546.68
2022-03-29 11:18:49,546.68
2022-03-29 11:18:54,546.61
2022-03-29 11:18:59,546.52
2022-03-29 11:19:04,546.45
2022-03-29 11:19:09,546.39
2022-03-29 11:19:14,546.39
2022-03-29 11:19:19,546.29
2022-03-29 11:19:24,546.22
2022-03-29 11:19:29,546.09
2022-03-29 11:19:34,546.06
2022-03-29 11:19:39,545.93
2022-03-29 11:19:44,545.87
2022-03-29 11:19:49,545.77
2022-03-29 11:19:54,545.71
2022-03-29 11:19:59,545.71
2022-03-29 11:20:04,545.58
2022-03-29 11:20:09,545.55
2022-03-29 11:20:14,537.71
2022-03-29 11:20:19,545.35
2022-03-29 11:20:24,545.32
2022-03-29 11:20:29,545.26
2022-03-29 11:20:34,545.19
2022-03-29 11:20:39,545.06
2022-03-29 11:20:44,545.03
2022-03-29 11:20:49,544.96
2022-03-29 11:20:54,544.9
2022-03-29 11:20:59,544.84
2022-03-29 11:21:04,544.81
2022-03-29 11:21:09,544.74
2022-03-29 11:21:14,544.61
2022-03-29 11:21:19,544.61
2022-03-29 11:21:24,544.55
2022-03-29 11:21:29,544.45
2022-03-29 11:21:34,544.45
2022-03-29 11:21:39,544.39
2022-03-29 11:21:44,544.32
2022-03-29 11:21:49,544.32
2022-03-29 11:21:54,544.23
2022-03-29 11:21:59,544.16
2022-03-29 11:22:04,544.16
2022-03-29 11:22:09,544.1
2022-03-29 11:22:14,544.04
2022-03-29 11:22:19,544.04
2022-03-29 11:22:24,543.94
2022-03-29 11:22:29,543.94
2022-03-29 11:22:34,543.88
2022-03-29 11:22:39,543.78
2022-03-29 11:22:44,543.78
2022-03-29 11:22:49,543.78
2022-03-29 11:22:54,543.66
2022-03-29 11:22:59,543.65
2022-03-29 11:23:04,543.59
2022-03-29 11:23:09,543.53
2022-03-29 11:23:14,543.49
2022-03-29 11:23:19,543.43
2022-03-29 11:23:24,543.36
2022-03-29 11:23:29,543.37
2022-03-29 11:23:34,543.27
2022-03-29 11:23:39,543.27
2022-03-29 11:23:44,543.21
2022-03-29 11:23:49,543.14
2022-03-29 11:23:54,543.08
2022-03-29 11:23:59,543.01
2022-03-29 11:24:04,543.01
2022-03-29 11:24:09,537.71
2022-03-29 11:24:14,542.92
2022-03-29 11:24:19,542.92
2022-03-29 11:24:24,542.85
2022-03-29 11:24:29,542.79
2022-03-29 11:24:34,542.75
2022-03-29 11:24:39,542.69
2022-03-29 11:24:44,542.56
2022-03-29 11:24:49,542.56
2022-03-29 11:24:54,542.5
2022-03-29 11:24:59,542.5
2022-03-29 11:25:04,542.4
2022-03-29 11:25:09,542.33
2022-03-29 11:25:14,542.27
2022-03-29 11:25:19,542.24
2022-03-29 11:25:24,542.17
2022-03-29 11:25:29,542.11
2022-03-29 11:25:34,542.04
2022-03-29 11:25:39,541.98
2022-03-29 11:25:44,541.94
2022-03-29 11:25:49,541.88
2022-03-29 11:25:54,541.82
2022-03-29 11:25:59,541.72
2022-03-29 11:26:04,541.65
2022-03-29 11:26:09,541.59
2022-03-29 11:26:14,541.59
2022-03-29 11:26:19,541.52
2022-03-29 11:26:24,541.42
2022-03-29 11:26:29,541.3
2022-03-29 11:26:34,541.3
2022-03-29 11:26:39,541.2
2022-03-29 11:26:44,541.2
2022-03-29 11:26:49,541.07
2022-03-29 11:26:54,541.07
2022-03-29 11:26:59,540.94
2022-03-29 11:27:04,540.94
2022-03-29 11:27:09,540.84
2022-03-29 11:27:14,540.77
2022-03-29 11:27:19,540.77
2022-03-29 11:27:24,540.71
2022-03-29 11:27:29,540.67
2022-03-29 11:27:34,540.67
2022-03-29 11:27:39,540.61
2022-03-29 11:27:44,540.61
2022-03-29 11:27:49,540.54
2022-03-29 11:27:54,540.41
2022-03-29 11:27:59,540.41
2022-03-29 11:28:04,540.38
2022-03-29 11:28:09,540.38
2022-03-29 11:28:14,540.31
2022-03-29 11:28:19,540.31
2022-03-29 11:28:24,540.25
2022-03-29 11:28:29,540.18
2022-03-29 11:28:34,540.18
2022-03-29 11:28:39,540.15
2022-03-29 11:28:44,540.15
2022-03-29 11:28:49,540.14
2022-03-29 11:28:54,540.02
2022-03-29 11:28:59,540.01
2022-03-29 11:29:04,539.95
2022-03-29 11:29:09,539.95
2022-03-29 11:29:14,539.95
2022-03-29 11:29:19,539.88
2022-03-29 11:29:24,539.88
2022-03-29 11:29:29,539.88
2022-03-29 11:29:34,539.85
2022-03-29 11:29:39,539.85
2022-03-29 11:29:44,539.85
2022-03-29 11:29:49,539.78
2022-03-29 11:29:54,539.78
2022-03-29 11:29:59,539.78
2022-03-29 11:30:04,539.78
2022-03-29 11:30:09,539.71
2022-03-29 11:30:14,539.71
2022-03-29 11:30:19,539.71
2022-03-29 11:30:24,539.71
2022-03-29 11:30:29,539.65
2022-03-29 11:30:34,539.65
2022-03-29 11:30:39,539.64
2022-03-29 11:30:44,539.65
2022-03-29 11:30:49,539.61
2022-03-29 11:30:54,539.61
2022-03-29 11:30:59,539.55
2022-03-29 11:31:04,539.55
2022-03-29 11:31:09,539.55
2022-03-29 11:31:14,539.48
2022-03-29 11:31:19,539.48
2022-03-29 11:31:24,539.42
2022-03-29 11:31:29,539.42
2022-03-29 11:31:34,539.35
2022-03-29 11:31:39,539.35
2022-03-29 11:31:44,539.35
2022-03-29 11:31:49,539.32
2022-03-29 11:31:54,539.32
2022-03-29 11:31:59,539.26
2022-03-29 11:32:04,539.19
2022-03-29 11:32:09,539.19
2022-03-29 11:32:14,539.13
2022-03-29 11:32:19,539.13
2022-03-29 11:32:24,539.13
2022-03-29 11:32:29,539.03
2022-03-29 11:32:34,539.03
2022-03-29 11:32:39,539.03
2022-03-29 11:32:44,539.03
2022-03-29 11:32:49,538.97
2022-03-29 11:32:54,538.9
2022-03-29 11:32:59,538.9
2022-03-29 11:33:04,538.84
2022-03-29 11:33:09,538.81
2022-03-29 11:33:14,538.84
2022-03-29 11:33:19,538.8
2022-03-29 11:33:24,538.74
2022-03-29 11:33:29,538.74
2022-03-29 11:33:34,538.68
2022-03-29 11:33:39,538.68
2022-03-29 11:33:44,538.68
2022-03-29 11:33:49,538.68
2022-03-29 11:33:54,538.68
2022-03-29 11:33:59,538.62
2022-03-29 11:34:04,538.58
2022-03-29 11:34:09,538.59
2022-03-29 11:34:14,538.58
2022-03-29 11:34:19,538.59
2022-03-29 11:34:24,538.52
2022-03-29 11:34:29,538.52
2022-03-29 11:34:34,538.46
2022-03-29 11:34:39,538.52
2022-03-29 11:34:44,538.52
2022-03-29 11:34:49,538.46
2022-03-29 11:34:54,538.52
2022-03-29 11:34:59,538.46
2022-03-29 11:35:04,538.46
2022-03-29 11:35:09,538.46
2022-03-29 11:35:14,538.4
2022-03-29 11:35:19,538.46
2022-03-29 11:35:24,538.4
2022-03-29 11:35:29,538.4
2022-03-29 11:35:34,538.4
2022-03-29 11:35:39,538.4
2022-03-29 11:35:44,538.4
2022-03-29 11:35:49,538.33
2022-03-29 11:35:54,538.33
2022-03-29 11:35:59,538.3
2022-03-29 11:36:04,538.3
2022-03-29 11:36:09,538.3
2022-03-29 11:36:14,538.3
2022-03-29 11:36:19,538.3
2022-03-29 11:36:24,538.3
2022-03-29 11:36:29,538.24
2022-03-29 11:36:34,538.24
2022-03-29 11:36:39,538.3
2022-03-29 11:36:44,538.17
2022-03-29 11:36:49,538.24
2022-03-29 11:36:54,538.17
2022-03-29 11:36:59,538.17
2022-03-29 11:37:04,538.17
2022-03-29 11:37:09,538.17
2022-03-29 11:37:14,538.17
2022-03-29 11:37:19,538.17
2022-03-29 11:37:24,538.17
2022-03-29 11:37:29,538.11
2022-03-29 11:37:34,538.17
2022-03-29 11:37:39,538.11
2022-03-29 11:37:44,538.11
2022-03-29 11:37:49,538.11
2022-03-29 11:37:54,538.11
2022-03-29 11:37:59,538.1
2022-03-29 11:38:04,538.1
2022-03-29 11:38:09,538.1
2022-03-29 11:38:14,538.07
2022-03-29 11:38:19,538.1
2022-03-29 11:38:24,538.1
2022-03-29 11:38:29,538.07
2022-03-29 11:38:34,538.1
2022-03-29 11:38:39,538.16
2022-03-29 11:38:44,538.16
2022-03-29 11:38:49,538.23
2022-03-29 11:38:54,538.29
2022-03-29 11:38:59,538.32
2022-03-29 11:39:04,538.29
2022-03-29 11:39:09,538.39
2022-03-29 11:39:14,538.45
2022-03-29 11:39:19,538.51
2022-03-29 11:39:24,538.58
2022-03-29 11:39:29,538.58
2022-03-29 11:39:34,538.61
2022-03-29 11:39:39,538.67
2022-03-29 11:39:44,538.74
2022-03-29 11:39:49,538.8
2022-03-29 11:39:54,538.83
2022-03-29 11:39:59,538.89
2022-03-29 11:40:04,538.96
2022-03-29 11:40:09,539.02
2022-03-29 11:40:14,539.12
2022-03-29 11:40:19,539.18
2022-03-29 11:40:24,539.24
2022-03-29 11:40:29,539.31
2022-03-29 11:40:34,539.34
2022-03-29 11:40:39,539.47
2022-03-29 11:40:44,539.53
2022-03-29 11:40:49,539.63
2022-03-29 11:40:54,539.69
2022-03-29 11:40:59,539.75
2022-03-29 11:41:04,539.85
2022-03-29 11:41:09,539.91
2022-03-29 11:41:14,539.98
2022-03-29 11:41:19,540.14
2022-03-29 11:41:24,540.2
2022-03-29 11:41:29,540.27
2022-03-29 11:41:34,540.36
2022-03-29 11:41:39,540.43
2022-03-29 11:41:44,540.55
2022-03-29 11:41:49,540.65
2022-03-29 11:41:54,540.65
2022-03-29 11:41:59,540.78
2022-03-29 11:42:04,540.87
2022-03-29 11:42:09,540.94
2022-03-29 11:42:14,541.0
2022-03-29 11:42:19,541.13
2022-03-29 11:42:24,541.23
2022-03-29 11:42:29,541.29
2022-03-29 11:42:34,541.35
2022-03-29 11:42:39,541.38
2022-03-29 11:42:44,541.52
2022-03-29 11:42:49,541.51
2022-03-29 11:42:54,541.64
2022-03-29 11:42:59,541.68
2022-03-29 11:43:04,541.8
2022-03-29 11:43:09,541.87
2022-03-29 11:43:14,541.9
2022-03-29 11:43:19,541.96
2022-03-29 11:43:24,541.96
2022-03-29 11:43:29,542.09
2022-03-29 11:43:34,542.09
2022-03-29 11:43:39,542.16
2022-03-29 11:43:44,542.19
2022-03-29 11:43:49,542.32
2022-03-29 11:43:54,542.32
2022-03-29 11:43:59,542.38
2022-03-29 11:44:04,542.38
2022-03-29 11:44:09,542.41
2022-03-29 11:44:14,542.41
2022-03-29 11:44:19,542.54
2022-03-29 11:44:24,542.54
2022-03-29 11:44:29,542.61
2022-03-29 11:44:34,542.67
2022-03-29 11:44:39,542.77
2022-03-29 11:44:44,542.77
2022-03-29 11:44:49,542.77
2022-03-29 11:44:54,542.84
2022-03-29 11:44:59,542.9
2022-03-29 11:45:04,542.9
2022-03-29 11:45:09,542.94
2022-03-29 11:45:14,543.0
2022-03-29 11:45:19,543.06
2022-03-29 11:45:24,543.06
2022-03-29 11:45:29,543.19
2022-03-29 11:45:34,543.22
2022-03-29 11:45:39,543.23
2022-03-29 11:45:44,543.23
2022-03-29 11:45:49,543.29
2022-03-29 11:45:54,543.35
2022-03-29 11:45:59,543.36
2022-03-29 11:46:04,543.42
2022-03-29 11:46:09,543.45
2022-03-29 11:46:14,543.46
2022-03-29 11:46:19,543.52
2022-03-29 11:46:24,543.52
2022-03-29 11:46:29,543.59
2022-03-29 11:46:34,543.59
2022-03-29 11:46:39,543.65
2022-03-29 11:46:44,543.65
2022-03-29 11:46:49,543.72
2022-03-29 11:46:54,543.72
2022-03-29 11:46:59,543.72
2022-03-29 11:47:04,543.72
2022-03-29 11:47:09,543.72
2022-03-29 11:47:14,543.72
2022-03-29 11:47:19,543.66
2022-03-29 11:47:24,543.72
2022-03-29 11:47:29,543.66
2022-03-29 11:47:34,543.66
2022-03-29 11:47:39,543.59
2022-03-29 11:47:44,543.59
2022-03-29 11:47:49,543.53
2022-03-29 11:47:54,543.53
2022-03-29 11:47:59,543.46
2022-03-29 11:48:04,543.43
2022-03-29 11:48:09,543.43
2022-03-29 11:48:14,543.37
2022-03-29 11:48:19,543.31
2022-03-29 11:48:24,543.24
2022-03-29 11:48:29,543.21
2022-03-29 11:48:34,543.08
2022-03-29 11:48:39,543.02
2022-03-29 11:48:44,542.95
2022-03-29 11:48:49,542.85
2022-03-29 11:48:54,542.79
2022-03-29 11:48:59,542.69
2022-03-29 11:49:04,542.56
2022-03-29 11:49:09,542.5
2022-03-29 11:49:14,542.4
2022-03-29 11:49:19,542.21
2022-03-29 11:49:24,542.11
2022-03-29 11:49:29,541.98
2022-03-29 11:49:34,541.89
2022-03-29 11:49:39,541.69
2022-03-29 11:49:44,541.53
2022-03-29 11:49:49,541.4
2022-03-29 11:49:54,541.24
2022-03-29 11:49:59,541.14
2022-03-29 11:50:04,540.95
2022-03-29 11:50:09,540.85
2022-03-29 11:50:14,540.63
2022-03-29 11:50:19,540.5
2022-03-29 11:50:24,540.37
2022-03-29 11:50:29,540.21
2022-03-29 11:50:34,540.05
2022-03-29 11:50:39,539.92
2022-03-29 11:50:44,539.69
2022-03-29 11:50:49,539.63
2022-03-29 11:50:54,539.46
2022-03-29 11:50:59,539.3
2022-03-29 11:51:04,539.17
2022-03-29 11:51:09,539.08
2022-03-29 11:51:14,538.88
2022-03-29 11:51:19,538.78
2022-03-29 11:51:24,538.66
2022-03-29 11:51:29,538.49
2022-03-29 11:51:34,538.36
2022-03-29 11:51:39,538.2
2022-03-29 11:51:44,538.04
2022-03-29 11:51:49,537.91
2022-03-29 11:51:54,537.78
2022-03-29 11:51:59,537.68
2022-03-29 11:52:04,537.52
2022-03-29 11:52:09,537.39
2022-03-29 11:52:14,537.26
2022-03-29 11:52:19,537.16
2022-03-29 11:52:24,537.0
2022-03-29 11:52:29,536.94
2022-03-29 11:52:34,536.81
2022-03-29 11:52:39,536.71
2022-03-29 11:52:44,536.58
2022-03-29 11:52:49,536.48
2022-03-29 11:52:54,536.35
2022-03-29 11:52:59,536.29
2022-03-29 11:53:04,536.12
2022-03-29 11:53:09,536.06
2022-03-29 11:53:14,535.99
2022-03-29 11:53:19,535.9
2022-03-29 11:53:24,535.83
2022-03-29 11:53:29,535.7
2022-03-29 11:53:34,535.67
2022-03-29 11:53:39,535.6
2022-03-29 11:53:44,535.54
2022-03-29 11:53:49,535.44
2022-03-29 11:53:54,535.38
2022-03-29 11:53:59,535.38
2022-03-29 11:54:04,535.31
2022-03-29 11:54:09,535.25
2022-03-29 11:54:14,535.25
2022-03-29 11:54:19,535.15
2022-03-29 11:54:24,535.15
2022-03-29 11:54:29,537.71
2022-03-29 11:54:34,535.08
2022-03-29 11:54:39,535.02
2022-03-29 11:54:44,535.02
2022-03-29 11:54:49,535.02
2022-03-29 11:54:54,535.02
2022-03-29 11:54:59,535.02
2022-03-29 11:55:04,535.02
2022-03-29 11:55:09,535.02
2022-03-29 11:55:14,535.08
2022-03-29 11:55:19,535.08
2022-03-29 11:55:24,535.08
2022-03-29 11:55:29,535.15
2022-03-29 11:55:34,535.15
2022-03-29 11:55:39,535.18
2022-03-29 11:55:44,535.25
2022-03-29 11:55:49,535.31
2022-03-29 11:55:54,535.37
2022-03-29 11:55:59,535.44
2022-03-29 11:56:04,535.54
2022-03-29 11:56:09,535.54
2022-03-29 11:56:14,535.6
2022-03-29 11:56:19,535.66
2022-03-29 11:56:24,535.69
2022-03-29 11:56:29,535.83
2022-03-29 11:56:34,535.89
2022-03-29 11:56:39,535.95
2022-03-29 11:56:44,535.99
2022-03-29 11:56:49,536.12
2022-03-29 11:56:54,536.18
2022-03-29 11:56:59,536.28
2022-03-29 11:57:04,536.34
2022-03-29 11:57:09,536.41
2022-03-29 11:57:14,536.5
2022-03-29 11:57:19,536.57
2022-03-29 11:57:24,536.7
2022-03-29 11:57:29,536.73
2022-03-29 11:57:34,536.8
2022-03-29 11:57:39,536.93
2022-03-29 11:57:44,536.99
2022-03-29 11:57:49,537.02
2022-03-29 11:57:54,537.15
2022-03-29 11:57:59,537.22
2022-03-29 11:58:04,537.25
2022-03-29 11:58:09,537.38
2022-03-29 11:58:14,537.44
2022-03-29 11:58:19,537.51
2022-03-29 11:58:24,537.54
2022-03-29 11:58:29,537.61
2022-03-29 11:58:34,537.67
2022-03-29 11:58:39,537.77
2022-03-29 11:58:44,537.83
2022-03-29 11:58:49,537.9
2022-03-29 11:58:54,537.96
2022-03-29 11:58:59,538.03
2022-03-29 11:59:04,538.06
2022-03-29 11:59:09,538.12
2022-03-29 11:59:14,538.19
2022-03-29 11:59:19,538.19
2022-03-29 11:59:24,538.25
2022-03-29 11:59:29,538.29
2022-03-29 11:59:34,538.35
2022-03-29 11:59:39,538.42
2022-03-29 11:59:44,538.42
2022-03-29 11:59:49,538.48
2022-03-29 11:59:54,538.54
2022-03-29 11:59:59,538.54
2022-03-29 12:00:04,538.58
2022-03-29 12:00:09,538.64
2022-03-29 12:00:14,538.71
2022-03-29 12:00:19,538.77
2022-03-29 12:00:24,538.8
2022-03-29 12:00:29,538.87
2022-03-29 12:00:34,538.87
2022-03-29 12:00:39,538.93
2022-03-29 12:00:44,539.0
2022-03-29 12:00:49,539.0
2022-03-29 12:00:54,539.06
2022-03-29 12:00:59,539.06
2022-03-29 12:01:04,539.09
2022-03-29 12:01:09,539.16
2022-03-29 12:01:14,539.16
2022-03-29 12:01:19,539.22
2022-03-29 12:01:24,539.22
2022-03-29 12:01:29,539.28
2022-03-29 12:01:34,539.31
2022-03-29 12:01:39,539.31
2022-03-29 12:01:44,539.44
2022-03-29 12:01:49,539.44
2022-03-29 12:01:54,539.51
2022-03-29 12:01:59,539.51
2022-03-29 12:02:04,539.6
2022-03-29 12:02:09,539.67
2022-03-29 12:02:14,539.67
2022-03-29 12:02:19,539.73
2022-03-29 12:02:24,539.79
2022-03-29 12:02:29,539.79
2022-03-29 12:02:34,539.83
2022-03-29 12:02:39,539.82
2022-03-29 12:02:44,539.89
2022-03-29 12:02:49,539.95
2022-03-29 12:02:54,539.95
2022-03-29 12:02:59,540.08
2022-03-29 12:03:04,540.11
2022-03-29 12:03:09,540.11
2022-03-29 12:03:14,540.24
2022-03-29 12:03:19,540.24
2022-03-29 12:03:24,540.3
2022-03-29 12:03:29,540.33
2022-03-29 12:03:34,540.33
2022-03-29 12:03:39,540.4
2022-03-29 12:03:44,540.4
2022-03-29 12:03:49,540.52
2022-03-29 12:03:54,540.52
2022-03-29 12:03:59,540.52
2022-03-29 12:04:04,540.58
2022-03-29 12:04:09,540.62
2022-03-29 12:04:14,540.62
2022-03-29 12:04:19,540.74
2022-03-29 12:04:24,540.74
2022-03-29 12:04:29,540.74
2022-03-29 12:04:34,540.8
2022-03-29 12:04:39,540.8
2022-03-29 12:04:44,540.84
2022-03-29 12:04:49,537.71
2022-03-29 12:04:54,540.96
2022-03-29 12:04:59,540.96
2022-03-29 12:05:04,541.09
2022-03-29 12:05:09,541.09
2022-03-29 12:05:14,541.09
2022-03-29 12:05:19,541.12
2022-03-29 12:05:24,541.19
2022-03-29 12:05:29,541.25
2022-03-29 12:05:34,541.25
2022-03-29 12:05:39,541.31
2022-03-29 12:05:44,541.41
2022-03-29 12:05:49,541.41
2022-03-29 12:05:54,541.47
2022-03-29 12:05:59,541.54
2022-03-29 12:06:04,541.54
2022-03-29 12:06:09,541.63
2022-03-29 12:06:14,541.63
2022-03-29 12:06:19,541.7
2022-03-29 12:06:24,541.76
2022-03-29 12:06:29,541.82
2022-03-29 12:06:34,541.86
2022-03-29 12:06:39,541.85
2022-03-29 12:06:44,541.92
2022-03-29 12:06:49,541.99
2022-03-29 12:06:54,542.05
2022-03-29 12:06:59,542.05
2022-03-29 12:07:04,542.11
2022-03-29 12:07:09,542.11
2022-03-29 12:07:14,542.15
2022-03-29 12:07:19,542.15
2022-03-29 12:07:24,542.21
2022-03-29 12:07:29,542.21
2022-03-29 12:07:34,542.21
2022-03-29 12:07:39,542.27
2022-03-29 12:07:44,542.27
2022-03-29 12:07:49,542.28
2022-03-29 12:07:54,542.34
2022-03-29 12:07:59,542.34
2022-03-29 12:08:04,542.34
2022-03-29 12:08:09,542.28
2022-03-29 12:08:14,542.28
2022-03-29 12:08:19,542.34
2022-03-29 12:08:24,542.27
2022-03-29 12:08:29,542.28
2022-03-29 12:08:34,542.21
2022-03-29 12:08:39,542.21
2022-03-29 12:08:44,542.15
2022-03-29 12:08:49,542.15
2022-03-29 12:08:54,542.12
2022-03-29 12:08:59,542.12
2022-03-29 12:09:04,542.06
2022-03-29 12:09:09,541.99
2022-03-29 12:09:14,541.99
2022-03-29 12:09:19,541.86
2022-03-29 12:09:24,541.87
2022-03-29 12:09:29,541.83
2022-03-29 12:09:34,541.83
2022-03-29 12:09:39,541.77
2022-03-29 12:09:44,541.71
2022-03-29 12:09:49,541.64
2022-03-29 12:09:54,541.61
2022-03-29 12:09:59,541.55
2022-03-29 12:10:04,541.48
2022-03-29 12:10:09,541.35
2022-03-29 12:10:14,541.32
2022-03-29 12:10:19,541.32
2022-03-29 12:10:24,541.26
2022-03-29 12:10:29,541.19
2022-03-29 12:10:34,541.13
2022-03-29 12:10:39,541.1
2022-03-29 12:10:44,541.04
2022-03-29 12:10:49,540.97
2022-03-29 12:10:54,540.91
2022-03-29 12:10:59,540.84
2022-03-29 12:11:04,540.81
2022-03-29 12:11:09,540.81
2022-03-29 12:11:14,540.75
2022-03-29 12:11:19,540.69
2022-03-29 12:11:24,540.62
2022-03-29 12:11:29,540.59
2022-03-29 12:11:34,540.52
2022-03-29 12:11:39,540.52
2022-03-29 12:11:44,540.46
2022-03-29 12:11:49,540.4
2022-03-29 12:11:54,540.33
2022-03-29 12:11:59,540.33
2022-03-29 12:12:04,540.3
2022-03-29 12:12:09,540.17
2022-03-29 12:12:14,540.17
2022-03-29 12:12:19,540.11
2022-03-29 12:12:24,540.11
2022-03-29 12:12:29,540.08
2022-03-29 12:12:34,540.01
2022-03-29 12:12:39,540.01
2022-03-29 12:12:44,539.95
2022-03-29 12:12:49,539.88
2022-03-29 12:12:54,539.88
2022-03-29 12:12:59,539.82
2022-03-29 12:13:04,539.79
2022-03-29 12:13:09,539.79
2022-03-29 12:13:14,539.72
2022-03-29 12:13:19,539.66
2022-03-29 12:13:24,537.71
2022-03-29 12:13:29,539.56
2022-03-29 12:13:34,539.49
2022-03-29 12:13:39,539.5
2022-03-29 12:13:44,539.43
2022-03-29 12:13:49,539.3
2022-03-29 12:13:54,539.3
2022-03-29 12:13:59,539.27
2022-03-29 12:14:04,539.14
2022-03-29 12:14:09,539.08
2022-03-29 12:14:14,538.98
2022-03-29 12:14:19,538.91
2022-03-29 12:14:24,538.78
2022-03-29 12:14:29,538.69
2022-03-29 12:14:34,538.62
2022-03-29 12:14:39,538.53
2022-03-29 12:14:44,538.39
2022-03-29 12:14:49,538.33
2022-03-29 12:14:54,538.23
2022-03-29 12:14:59,538.1
2022-03-29 12:15:04,538.04
2022-03-29 12:15:09,537.88
2022-03-29 12:15:14,537.81
2022-03-29 12:15:19,537.71
2022-03-29 12:15:24,537.65
2022-03-29 12:15:29,537.49
2022-03-29 12:15:34,537.42
2022-03-29 12:15:39,537.23
2022-03-29 12:15:44,537.2
2022-03-29 12:15:49,537.07
2022-03-29 12:15:54,536.9
2022-03-29 12:15:59,536.84
2022-03-29 12:16:04,536.71
2022-03-29 12:16:09,536.61
2022-03-29 12:16:14,536.45
2022-03-29 12:16:19,536.39
2022-03-29 12:16:24,536.26
2022-03-29 12:16:29,536.16
2022-03-29 12:16:34,536.03
2022-03-29 12:16:39,535.94
2022-03-29 12:16:44,535.81
2022-03-29 12:16:49,535.68
2022-03-29 12:16:54,535.58
2022-03-29 12:16:59,535.45
2022-03-29 12:17:04,535.29
2022-03-29 12:17:09,535.29
2022-03-29 12:17:14,535.16
2022-03-29 12:17:19,537.71
2022-03-29 12:17:24,534.93
2022-03-29 12:17:29,534.84
2022-03-29 12:17:34,534.77
2022-03-29 12:17:39,534.61
2022-03-29 12:17:44,534.55
2022-03-29 12:17:49,534.42
2022-03-29 12:17:54,534.39
2022-03-29 12:17:59,534.32
2022-03-29 12:18:04,534.19
2022-03-29 12:18:09,534.1
2022-03-29 12:18:14,534.03
2022-03-29 12:18:19,533.9
2022-03-29 12:18:24,533.81
2022-03-29 12:18:29,533.74
2022-03-29 12:18:34,533.68
2022-03-29 12:18:39,533.58
2022-03-29 12:18:44,533.52
2022-03-29 12:18:49,533.45
2022-03-29 12:18:54,533.39
2022-03-29 12:18:59,533.36
2022-03-29 12:19:04,533.29
2022-03-29 12:19:09,533.23
2022-03-29 12:19:14,533.17
2022-03-29 12:19:19,533.16
2022-03-29 12:19:24,533.1
2022-03-29 12:19:29,533.07
2022-03-29 12:19:34,533.07
2022-03-29 12:19:39,533.07
2022-03-29 12:19:44,533.01
2022-03-29 12:19:49,532.94
2022-03-29 12:19:54,532.94
2022-03-29 12:19:59,532.94
2022-03-29 12:20:04,532.94
2022-03-29 12:20:09,532.95
2022-03-29 12:20:14,532.95
2022-03-29 12:20:19,532.95
2022-03-29 12:20:24,532.88
2022-03-29 12:20:29,532.95
2022-03-29 12:20:34,532.95
2022-03-29 12:20:39,532.95
2022-03-29 12:20:44,532.95
2022-03-29 12:20:49,532.95
2022-03-29 12:20:54,532.95
2022-03-29 12:20:59,532.95
2022-03-29 12:21:04,533.01
2022-03-29 12:21:09,533.01
2022-03-29 12:21:14,533.02
2022-03-29 12:21:19,533.02
2022-03-29 12:21:24,533.08
2022-03-29 12:21:29,533.08
2022-03-29 12:21:34,533.12
2022-03-29 12:21:39,533.12
2022-03-29 12:21:44,537.71
2022-03-29 12:21:49,533.25
2022-03-29 12:21:54,533.31
2022-03-29 12:21:59,533.38
2022-03-29 12:22:04,533.41
2022-03-29 12:22:09,533.47
2022-03-29 12:22:14,533.48
2022-03-29 12:22:19,533.61
2022-03-29 12:22:24,533.61
2022-03-29 12:22:29,533.7
2022-03-29 12:22:34,533.77
2022-03-29 12:22:39,533.9
2022-03-29 12:22:44,533.93
2022-03-29 12:22:49,534.06
2022-03-29 12:22:54,534.12
2022-03-29 12:22:59,534.22
2022-03-29 12:23:04,534.28
2022-03-29 12:23:09,534.41
2022-03-29 12:23:14,534.45
2022-03-29 12:23:19,534.58
2022-03-29 12:23:24,534.64
2022-03-29 12:23:29,534.67
2022-03-29 12:23:34,534.8
2022-03-29 12:23:39,534.87
2022-03-29 12:23:44,534.96
2022-03-29 12:23:49,535.03
2022-03-29 12:23:54,535.09
2022-03-29 12:23:59,535.19
2022-03-29 12:24:04,535.25
2022-03-29 12:24:09,535.38
2022-03-29 12:24:14,535.44
2022-03-29 12:24:19,535.54
2022-03-29 12:24:24,535.6
2022-03-29 12:24:29,535.67
2022-03-29 12:24:34,535.77
2022-03-29 12:24:39,535.83
2022-03-29 12:24:44,535.96
2022-03-29 12:24:49,535.96
2022-03-29 12:24:54,536.06
2022-03-29 12:24:59,536.12
2022-03-29 12:25:04,536.18
2022-03-29 12:25:09,536.28
2022-03-29 12:25:14,536.28
2022-03-29 12:25:19,536.41
2022-03-29 12:25:24,536.47
2022-03-29 12:25:29,536.5
2022-03-29 12:25:34,536.64
2022-03-29 12:25:39,536.7
2022-03-29 12:25:44,536.73
2022-03-29 12:25:49,536.79
2022-03-29 12:25:54,536.86
2022-03-29 12:25:59,536.98
2022-03-29 12:26:04,537.02
2022-03-29 12:26:09,537.08
2022-03-29 12:26:14,537.14
2022-03-29 12:26:19,537.21
2022-03-29 12:26:24,537.24
2022-03-29 12:26:29,537.3
2022-03-29 12:26:34,537.37
2022-03-29 12:26:39,537.43
2022-03-29 12:26:44,537.5
2022-03-29 12:26:49,537.53
2022-03-29 12:26:54,537.59
2022-03-29 12:26:59,537.59
2022-03-29 12:27:04,537.72
2022-03-29 12:27:09,537.75
2022-03-29 12:27:14,537.81
2022-03-29 12:27:19,537.87
2022-03-29 12:27:24,537.87
2022-03-29 12:27:29,537.94
2022-03-29 12:27:34,538.0
2022-03-29 12:27:39,538.03
2022-03-29 12:27:44,538.1
2022-03-29 12:27:49,538.1
2022-03-29 12:27:54,538.16
2022-03-29 12:27:59,538.22
2022-03-29 12:28:04,538.26
2022-03-29 12:28:09,538.26
2022-03-29 12:28:14,538.32
2022-03-29 12:28:19,538.38
2022-03-29 12:28:24,538.38
2022-03-29 12:28:29,538.38
2022-03-29 12:28:34,538.45
2022-03-29 12:28:39,538.45
2022-03-29 12:28:44,538.51
2022-03-29 12:28:49,538.51
2022-03-29 12:28:54,538.54
2022-03-29 12:28:59,538.54
2022-03-29 12:29:04,538.54
2022-03-29 12:29:09,538.54
2022-03-29 12:29:14,538.54
2022-03-29 12:29:19,538.54
2022-03-29 12:29:24,538.54
2022-03-29 12:29:29,538.54
2022-03-29 12:29:34,538.54
2022-03-29 12:29:39,538.54
2022-03-29 12:29:44,538.51
2022-03-29 12:29:49,538.51
2022-03-29 12:29:54,538.51
2022-03-29 12:29:59,538.45
2022-03-29 12:30:04,538.45
2022-03-29 12:30:09,538.38
2022-03-29 12:30:14,538.38
2022-03-29 12:30:19,538.32
2022-03-29 12:30:24,538.25
2022-03-29 12:30:29,538.22
2022-03-29 12:30:34,538.22
2022-03-29 12:30:39,538.1
2022-03-29 12:30:44,538.16
2022-03-29 12:30:49,538.1
2022-03-29 12:30:54,538.0
2022-03-29 12:30:59,538.0
2022-03-29 12:31:04,537.93
2022-03-29 12:31:09,537.87
2022-03-29 12:31:14,537.81
2022-03-29 12:31:19,537.74
2022-03-29 12:31:24,537.65
2022-03-29 12:31:29,537.65
2022-03-29 12:31:34,537.58
2022-03-29 12:31:39,537.49
2022-03-29 12:31:44,537.42
2022-03-29 12:31:49,537.36
2022-03-29 12:31:54,537.23
2022-03-29 12:31:59,537.2
2022-03-29 12:32:04,537.14
2022-03-29 12:32:09,537.07
2022-03-29 12:32:14,536.98
2022-03-29 12:32:19,536.91
2022-03-29 12:32:24,536.85
2022-03-29 12:32:29,536.72
2022-03-29 12:32:34,536.69
2022-03-29 12:32:39,536.62
2022-03-29 12:32:44,536.56
2022-03-29 12:32:49,536.5
2022-03-29 12:32:54,536.47
2022-03-29 12:32:59,536.4
2022-03-29 12:33:04,536.34
2022-03-29 12:33:09,536.27
2022-03-29 12:33:14,536.21
2022-03-29 12:33:19,536.18
2022-03-29 12:33:24,536.11
2022-03-29 12:33:29,536.05
2022-03-29 12:33:34,535.99
2022-03-29 12:33:39,535.99
2022-03-29 12:33:44,535.95
2022-03-29 12:33:49,535.89
2022-03-29 12:33:54,535.83
2022-03-29 12:33:59,535.76
2022-03-29 12:34:04,535.76
2022-03-29 12:34:09,535.7
2022-03-29 12:34:14,535.7
2022-03-29 12:34:19,535.7
2022-03-29 12:34:24,535.67
2022-03-29 12:34:29,535.6
2022-03-29 12:34:34,535.54
2022-03-29 12:34:39,535.54
2022-03-29 12:34:44,535.47
2022-03-29 12:34:49,535.47
2022-03-29 12:34:54,535.48
2022-03-29 12:34:59,535.47
2022-03-29 12:35:04,535.44
2022-03-29 12:35:09,535.44
2022-03-29 12:35:14,535.44
2022-03-29 12:35:19,535.38
2022-03-29 12:35:24,535.44
2022-03-29 12:35:29,535.38
2022-03-29 12:35:34,535.38
2022-03-29 12:35:39,535.38
2022-03-29 12:35:44,535.32
2022-03-29 12:35:49,535.32
2022-03-29 12:35:54,535.31
2022-03-29 12:35:59,535.31
2022-03-29 12:36:04,535.31
2022-03-29 12:36:09,535.31
2022-03-29 12:36:14,535.31
2022-03-29 12:36:19,535.25
2022-03-29 12:36:24,535.31
2022-03-29 12:36:29,535.31
2022-03-29 12:36:34,535.25
2022-03-29 12:36:39,535.25
2022-03-29 12:36:44,535.25
2022-03-29 12:36:49,535.25
2022-03-29 12:36:54,535.25
2022-03-29 12:36:59,535.18
2022-03-29 12:37:04,535.18
2022-03-29 12:37:09,535.15
2022-03-29 12:37:14,535.18
2022-03-29 12:37:19,535.15
2022-03-29 12:37:24,535.14
2022-03-29 12:37:29,535.14
2022-03-29 12:37:34,535.08
2022-03-29 12:37:39,535.14
2022-03-29 12:37:44,535.08
2022-03-29 12:37:49,535.08
2022-03-29 12:37:54,535.08
2022-03-29 12:37:59,535.08
2022-03-29 12:38:04,535.01
2022-03-29 12:38:09,535.08
2022-03-29 12:38:14,535.01
2022-03-29 12:38:19,535.01
2022-03-29 12:38:24,535.01
2022-03-29 12:38:29,535.0
2022-03-29 12:38:34,535.01
2022-03-29 12:38:39,535.0
2022-03-29 12:38:44,534.94
2022-03-29 12:38:49,534.94
2022-03-29 12:38:54,534.94
2022-03-29 12:38:59,534.94
2022-03-29 12:39:04,534.91
2022-03-29 12:39:09,534.91
2022-03-29 12:39:14,534.84
2022-03-29 12:39:19,534.84
2022-03-29 12:39:24,534.84
2022-03-29 12:39:29,534.84
2022-03-29 12:39:34,534.84
2022-03-29 12:39:39,534.84
2022-03-29 12:39:44,534.77
2022-03-29 12:39:49,534.84
2022-03-29 12:39:54,534.84
2022-03-29 12:39:59,534.77
2022-03-29 12:40:04,534.84
2022-03-29 12:40:09,534.84
2022-03-29 12:40:14,534.9
2022-03-29 12:40:19,534.9
2022-03-29 12:40:24,534.9
2022-03-29 12:40:29,534.93
2022-03-29 12:40:34,535.0
2022-03-29 12:40:39,535.0
2022-03-29 12:40:44,535.0
2022-03-29 12:40:49,535.13
2022-03-29 12:40:54,535.12
2022-03-29 12:40:59,535.16
2022-03-29 12:41:04,535.22
2022-03-29 12:41:09,535.29
2022-03-29 12:41:14,535.35
2022-03-29 12:41:19,535.35
2022-03-29 12:41:24,535.42
2022-03-29 12:41:29,535.51
2022-03-29 12:41:34,535.51
2022-03-29 12:41:39,535.58
2022-03-29 12:41:44,535.58
2022-03-29 12:41:49,535.67
2022-03-29 12:41:54,535.74
2022-03-29 12:41:59,535.74
2022-03-29 12:42:04,535.87
2022-03-29 12:42:09,535.93
2022-03-29 12:42:14,535.96
2022-03-29 12:42:19,536.03
2022-03-29 12:42:24,536.16
2022-03-29 12:42:29,536.19
2022-03-29 12:42:34,536.19
2022-03-29 12:42:39,536.26
2022-03-29 12:42:44,536.32
2022-03-29 12:42:49,536.45
2022-03-29 12:42:54,536.45
2022-03-29 12:42:59,536.55
2022-03-29 12:43:04,536.61
2022-03-29 12:43:09,536.68
2022-03-29 12:43:14,536.71
2022-03-29 12:43:19,536.84
2022-03-29 12:43:24,536.91
2022-03-29 12:43:29,536.97
2022-03-29 12:43:34,537.07
2022-03-29 12:43:39,537.2
2022-03-29 12:43:44,537.23
2022-03-29 12:43:49,537.29
2022-03-29 12:43:54,537.42
2022-03-29 12:43:59,537.49
2022-03-29 12:44:04,537.65
2022-03-29 12:44:09,537.72
2022-03-29 12:44:14,537.75
2022-03-29 12:44:19,537.88
2022-03-29 12:44:24,538.01
2022-03-29 12:44:29,538.1
2022-03-29 12:44:34,538.17
2022-03-29 12:44:39,538.33
2022-03-29 12:44:44,538.46
2022-03-29 12:44:49,538.53
2022-03-29 12:44:54,538.62
2022-03-29 12:44:59,538.75
2022-03-29 12:45:04,538.78
2022-03-29 12:45:09,538.91
2022-03-29 12:45:14,539.04
2022-03-29 12:45:19,539.14
2022-03-29 12:45:24,539.27
2022-03-29 12:45:29,539.3
2022-03-29 12:45:34,539.43
2022-03-29 12:45:39,539.56
2022-03-29 12:45:44,539.66
2022-03-29 12:45:49,539.72
2022-03-29 12:45:54,539.78
2022-03-29 12:45:59,539.88
2022-03-29 12:46:04,539.95
2022-03-29 12:46:09,540.07
2022-03-29 12:46:14,540.17
2022-03-29 12:46:19,540.23
2022-03-29 12:46:24,540.33
2022-03-29 12:46:29,540.4
2022-03-29 12:46:34,540.52
2022-03-29 12:46:39,540.59
2022-03-29 12:46:44,540.62
2022-03-29 12:46:49,540.75
2022-03-29 12:46:54,540.81
2022-03-29 12:46:59,540.84
2022-03-29 12:47:04,540.97
2022-03-29 12:47:09,541.04
2022-03-29 12:47:14,541.13
2022-03-29 12:47:19,541.2
2022-03-29 12:47:24,541.33
2022-03-29 12:47:29,541.33
2022-03-29 12:47:34,541.42
2022-03-29 12:47:39,541.55
2022-03-29 12:47:44,541.61
2022-03-29 12:47:49,541.65
2022-03-29 12:47:54,541.78
2022-03-29 12:47:59,541.84
2022-03-29 12:48:04,541.93
2022-03-29 12:48:09,542.06
2022-03-29 12:48:14,542.13
2022-03-29 12:48:19,542.16
2022-03-29 12:48:24,542.29
2022-03-29 12:48:29,542.35
2022-03-29 12:48:34,542.38
2022-03-29 12:48:39,542.45
2022-03-29 12:48:44,542.58
2022-03-29 12:48:49,542.58
2022-03-29 12:48:54,542.67
2022-03-29 12:48:59,542.73
2022-03-29 12:49:04,542.8
2022-03-29 12:49:09,542.86
2022-03-29 12:49:14,542.9
2022-03-29 12:49:19,542.96
2022-03-29 12:49:24,543.02
2022-03-29 12:49:29,537.71
2022-03-29 12:49:34,543.15
2022-03-29 12:49:39,543.15
2022-03-29 12:49:44,543.18
2022-03-29 12:49:49,543.18
2022-03-29 12:49:54,543.24
2022-03-29 12:49:59,543.31
2022-03-29 12:50:04,543.31
2022-03-29 12:50:09,543.37
2022-03-29 12:50:14,543.37
2022-03-29 12:50:19,543.4
2022-03-29 12:50:24,543.4
2022-03-29 12:50:29,543.46
2022-03-29 12:50:34,543.46
2022-03-29 12:50:39,543.53
2022-03-29 12:50:44,543.53
2022-03-29 12:50:49,543.59
2022-03-29 12:50:54,543.53
2022-03-29 12:50:59,543.59
2022-03-29 12:51:04,543.53
2022-03-29 12:51:09,543.59
2022-03-29 12:51:14,543.59
2022-03-29 12:51:19,543.53
2022-03-29 12:51:24,543.53
2022-03-29 12:51:29,543.46
2022-03-29 12:51:34,543.4
2022-03-29 12:51:39,543.36
2022-03-29 12:51:44,543.3
2022-03-29 12:51:49,543.23
2022-03-29 12:51:54,543.17
2022-03-29 12:51:59,543.07
2022-03-29 12:52:04,542.95
2022-03-29 12:52:09,542.88
2022-03-29 12:52:14,542.85
2022-03-29 12:52:19,542.72
2022-03-29 12:52:24,542.62
2022-03-29 12:52:29,542.56
2022-03-29 12:52:34,542.43
2022-03-29 12:52:39,542.37
2022-03-29 12:52:44,542.27
2022-03-29 12:52:49,542.21
2022-03-29 12:52:54,542.11
2022-03-29 12:52:59,541.98
2022-03-29 12:53:04,541.85
2022-03-29 12:53:09,541.76
2022-03-29 12:53:14,541.69
2022-03-29 12:53:19,541.6
2022-03-29 12:53:24,541.47
2022-03-29 12:53:29,541.34
2022-03-29 12:53:34,541.31
2022-03-29 12:53:39,541.24
2022-03-29 12:53:44,541.12
2022-03-29 12:53:49,541.08
2022-03-29 12:53:54,540.96
2022-03-29 12:53:59,540.83
2022-03-29 12:54:04,540.79
2022-03-29 12:54:09,540.73
2022-03-29 12:54:14,540.67
2022-03-29 12:54:19,540.57
2022-03-29 12:54:24,540.51
2022-03-29 12:54:29,540.44
2022-03-29 12:54:34,540.31
2022-03-29 12:54:39,540.28
2022-03-29 12:54:44,540.22
2022-03-29 12:54:49,540.09
2022-03-29 12:54:54,540.0
2022-03-29 12:54:59,539.87
2022-03-29 12:55:04,539.87
2022-03-29 12:55:09,539.77
2022-03-29 12:55:14,539.64
2022-03-29 12:55:19,539.58
2022-03-29 12:55:24,539.55
2022-03-29 12:55:29,539.42
2022-03-29 12:55:34,539.29
2022-03-29 12:55:39,539.19
2022-03-29 12:55:44,539.07
2022-03-29 12:55:49,539.03
2022-03-29 12:55:54,538.9
2022-03-29 12:55:59,538.78
2022-03-29 12:56:04,538.68
2022-03-29 12:56:09,538.55
2022-03-29 12:56:14,538.45
2022-03-29 12:56:19,538.39
2022-03-29 12:56:24,538.23
2022-03-29 12:56:29,538.16
2022-03-29 12:56:34,538.04
2022-03-29 12:56:39,537.94
2022-03-29 12:56:44,537.87
2022-03-29 12:56:49,537.75
2022-03-29 12:56:54,537.71
2022-03-29 12:56:59,537.58
2022-03-29 12:57:04,537.49
2022-03-29 12:57:09,537.42
2022-03-29 12:57:14,537.36
2022-03-29 12:57:19,537.23
2022-03-29 12:57:24,537.14
2022-03-29 12:57:29,537.07
2022-03-29 12:57:34,537.0
2022-03-29 12:57:39,536.91
2022-03-29 12:57:44,536.84
2022-03-29 12:57:49,536.71
2022-03-29 12:57:54,536.62
2022-03-29 12:57:59,536.55
2022-03-29 12:58:04,536.46
2022-03-29 12:58:09,536.39
2022-03-29 12:58:14,536.26
2022-03-29 12:58:19,536.2
2022-03-29 12:58:24,536.17
2022-03-29 12:58:29,535.97
2022-03-29 12:58:34,535.94
2022-03-29 12:58:39,535.87
2022-03-29 12:58:44,535.75
2022-03-29 12:58:49,535.65
2022-03-29 12:58:54,535.52
2022-03-29 12:58:59,535.46
2022-03-29 12:59:04,535.36
2022-03-29 12:59:09,535.23
2022-03-29 12:59:14,535.13
2022-03-29 12:59:19,535.07
2022-03-29 12:59:24,535.0
2022-03-29 12:59:29,534.84
2022-03-29 12:59:34,534.84
2022-03-29 12:59:39,534.64
2022-03-29 12:59:44,534.61
2022-03-29 12:59:49,534.55
2022-03-29 12:59:54,534.48
2022-03-29 12:59:59,534.32
2022-03-29 13:00:04,534.25
2022-03-29 13:00:09,534.19
2022-03-29 13:00:14,534.12
2022-03-29 13:00:19,534.09
2022-03-29 13:00:24,534.03
2022-03-29 13:00:29,533.9
2022-03-29 13:00:34,533.86
2022-03-29 13:00:39,533.8
2022-03-29 13:00:44,533.8
2022-03-29 13:00:49,533.73
2022-03-29 13:00:54,533.67
2022-03-29 13:00:59,533.6
2022-03-29 13:01:04,533.57
2022-03-29 13:01:09,533.5
2022-03-29 13:01:14,533.44
2022-03-29 13:01:19,533.44
2022-03-29 13:01:24,533.44
2022-03-29 13:01:29,533.44
2022-03-29 13:01:34,533.37
2022-03-29 13:01:39,533.34
2022-03-29 13:01:44,533.34
2022-03-29 13:01:49,533.34
2022-03-29 13:01:54,533.34
2022-03-29 13:01:59,533.34
2022-03-29 13:02:04,533.33
2022-03-29 13:02:09,533.33
2022-03-29 13:02:14,533.33
2022-03-29 13:02:19,533.33
2022-03-29 13:02:24,533.33
2022-03-29 13:02:29,533.33
2022-03-29 13:02:34,533.33
2022-03-29 13:02:39,533.33
2022-03-29 13:02:44,533.33
2022-03-29 13:02:49,533.33
2022-03-29 13:02:54,533.36
2022-03-29 13:02:59,533.36
2022-03-29 13:03:04,533.36
2022-03-29 13:03:09,533.43
2022-03-29 13:03:14,533.43
2022-03-29 13:03:19,533.43
2022-03-29 13:03:24,533.43
2022-03-29 13:03:29,533.56
2022-03-29 13:03:34,533.59
2022-03-29 13:03:39,533.65
2022-03-29 13:03:44,533.65
2022-03-29 13:03:49,533.65
2022-03-29 13:03:54,533.72
2022-03-29 13:03:59,533.78
2022-03-29 13:04:04,533.85
2022-03-29 13:04:09,533.88
2022-03-29 13:04:14,533.94
2022-03-29 13:04:19,534.01
2022-03-29 13:04:24,534.07
2022-03-29 13:04:29,534.1
2022-03-29 13:04:34,534.17
2022-03-29 13:04:39,534.23
2022-03-29 13:04:44,534.3
2022-03-29 13:04:49,534.4
2022-03-29 13:04:54,534.46
2022-03-29 13:04:59,534.46
2022-03-29 13:05:04,534.59
2022-03-29 13:05:09,534.62
2022-03-29 13:05:14,537.71
2022-03-29 13:05:19,534.75
2022-03-29 13:05:24,534.82
2022-03-29 13:05:29,534.88
2022-03-29 13:05:34,534.91
2022-03-29 13:05:39,535.05
2022-03-29 13:05:44,535.05
2022-03-29 13:05:49,535.14
2022-03-29 13:05:54,535.21
2022-03-29 13:05:59,535.33
2022-03-29 13:06:04,535.4
2022-03-29 13:06:09,535.43
2022-03-29 13:06:14,537.71
2022-03-29 13:06:19,535.57
2022-03-29 13:06:24,535.63
2022-03-29 13:06:29,535.73
2022-03-29 13:06:34,535.73
2022-03-29 13:06:39,535.86
2022-03-29 13:06:44,535.92
2022-03-29 13:06:49,536.02
2022-03-29 13:06:54,536.08
2022-03-29 13:06:59,536.18
2022-03-29 13:07:04,536.24
2022-03-29 13:07:09,536.37
2022-03-29 13:07:14,536.44
2022-03-29 13:07:19,536.47
2022-03-29 13:07:24,536.6
2022-03-29 13:07:29,536.7
2022-03-29 13:07:34,536.76
2022-03-29 13:07:39,536.89
2022-03-29 13:07:44,536.99
2022-03-29 13:07:49,537.05
2022-03-29 13:07:54,537.18
2022-03-29 13:07:59,537.28
2022-03-29 13:08:04,537.28
2022-03-29 13:08:09,537.47
2022-03-29 13:08:14,537.5
2022-03-29 13:08:19,537.57
2022-03-29 13:08:24,537.7
2022-03-29 13:08:29,537.79
2022-03-29 13:08:34,537.86
2022-03-29 13:08:39,537.92
2022-03-29 13:08:44,537.99
2022-03-29 13:08:49,538.08
2022-03-29 13:08:54,538.21
2022-03-29 13:08:59,538.24
2022-03-29 13:09:04,538.37
2022-03-29 13:09:09,538.44
2022-03-29 13:09:14,538.5
2022-03-29 13:09:19,538.6
2022-03-29 13:09:24,538.73
2022-03-29 13:09:29,538.75
2022-03-29 13:09:34,538.89
2022-03-29 13:09:39,538.95
2022-03-29 13:09:44,539.05
2022-03-29 13:09:49,539.11
2022-03-29 13:09:54,539.17
2022-03-29 13:09:59,539.27
2022-03-29 13:10:04,539.4
2022-03-29 13:10:09,539.46
2022-03-29 13:10:14,539.56
2022-03-29 13:10:19,539.62
2022-03-29 13:10:24,539.69
2022-03-29 13:10:29,539.75
2022-03-29 13:10:34,539.85
2022-03-29 13:10:39,539.91
2022-03-29 13:10:44,540.04
2022-03-29 13:10:49,540.04
2022-03-29 13:10:54,540.13
2022-03-29 13:10:59,540.19
2022-03-29 13:11:04,540.29
2022-03-29 13:11:09,540.36
2022-03-29 13:11:14,540.42
2022-03-29 13:11:19,540.55
2022-03-29 13:11:24,540.58
2022-03-29 13:11:29,540.65
2022-03-29 13:11:34,540.77
2022-03-29 13:11:39,540.8
2022-03-29 13:11:44,540.93
2022-03-29 13:11:49,541.0
2022-03-29 13:11:54,541.09
2022-03-29 13:11:59,541.09
2022-03-29 13:12:04,541.15
2022-03-29 13:12:09,541.31
2022-03-29 13:12:14,537.71
2022-03-29 13:12:19,541.44
2022-03-29 13:12:24,541.51
2022-03-29 13:12:29,541.57
2022-03-29 13:12:34,541.66
2022-03-29 13:12:39,541.79
2022-03-29 13:12:44,541.82
2022-03-29 13:12:49,541.89
2022-03-29 13:12:54,542.02
2022-03-29 13:12:59,542.11
2022-03-29 13:13:04,542.11
2022-03-29 13:13:09,542.24
2022-03-29 13:13:14,542.34
2022-03-29 13:13:19,542.46
2022-03-29 13:13:24,542.53
2022-03-29 13:13:29,542.59
2022-03-29 13:13:34,542.62
2022-03-29 13:13:39,542.75
2022-03-29 13:13:44,542.85
2022-03-29 13:13:49,537.71
2022-03-29 13:13:54,543.04
2022-03-29 13:13:59,543.1
2022-03-29 13:14:04,543.2
2022-03-29 13:14:09,543.26
2022-03-29 13:14:14,543.36
2022-03-29 13:14:19,543.49
2022-03-29 13:14:24,543.55
2022-03-29 13:14:29,543.62
2022-03-29 13:14:34,543.72
2022-03-29 13:14:39,543.78
2022-03-29 13:14:44,543.88
2022-03-29 13:14:49,543.94
2022-03-29 13:14:54,537.71
2022-03-29 13:14:59,544.07
2022-03-29 13:15:04,544.17
2022-03-29 13:15:09,544.23
2022-03-29 13:15:14,544.36
2022-03-29 13:15:19,544.46
2022-03-29 13:15:24,544.46
2022-03-29 13:15:29,537.71
2022-03-29 13:15:34,544.65
2022-03-29 13:15:39,544.75
2022-03-29 13:15:44,544.81
2022-03-29 13:15:49,544.87
2022-03-29 13:15:54,544.91
2022-03-29 13:15:59,544.97
2022-03-29 13:16:04,544.97
2022-03-29 13:16:09,545.04
2022-03-29 13:16:14,545.17
2022-03-29 13:16:19,545.17
2022-03-29 13:16:24,545.2
2022-03-29 13:16:29,545.2
2022-03-29 13:16:34,545.27
2022-03-29 13:16:39,545.27
2022-03-29 13:16:44,545.27
2022-03-29 13:16:49,545.33
2022-03-29 13:16:54,545.33
2022-03-29 13:16:59,545.33
2022-03-29 13:17:04,545.33
2022-03-29 13:17:09,545.33
2022-03-29 13:17:14,545.33
2022-03-29 13:17:19,545.27
2022-03-29 13:17:24,545.27
2022-03-29 13:17:29,545.27
2022-03-29 13:17:34,545.27
2022-03-29 13:17:39,545.17
2022-03-29 13:17:44,545.17
2022-03-29 13:17:49,545.18
2022-03-29 13:17:54,545.18
2022-03-29 13:17:59,545.11
2022-03-29 13:18:04,545.11
2022-03-29 13:18:09,545.11
2022-03-29 13:18:14,544.98
2022-03-29 13:18:19,544.98
2022-03-29 13:18:24,544.92
2022-03-29 13:18:29,544.92
2022-03-29 13:18:34,544.89
2022-03-29 13:18:39,544.82
2022-03-29 13:18:44,544.76
2022-03-29 13:18:49,544.7
2022-03-29 13:18:54,544.6
2022-03-29 13:18:59,544.53
2022-03-29 13:19:04,544.47
2022-03-29 13:19:09,544.4
2022-03-29 13:19:14,544.31
2022-03-29 13:19:19,544.31
2022-03-29 13:19:24,544.18
2022-03-29 13:19:29,544.15
2022-03-29 13:19:34,544.15
2022-03-29 13:19:39,544.02
2022-03-29 13:19:44,543.95
2022-03-29 13:19:49,543.89
2022-03-29 13:19:54,543.89
2022-03-29 13:19:59,543.79
2022-03-29 13:20:04,543.79
2022-03-29 13:20:09,543.72
2022-03-29 13:20:14,543.66
2022-03-29 13:20:19,543.63
2022-03-29 13:20:24,543.63
2022-03-29 13:20:29,543.56
2022-03-29 13:20:34,543.56
2022-03-29 13:20:39,543.5
2022-03-29 13:20:44,543.5
2022-03-29 13:20:49,543.43
2022-03-29 13:20:54,543.43
2022-03-29 13:20:59,543.37
2022-03-29 13:21:04,543.34
2022-03-29 13:21:09,543.27
2022-03-29 13:21:14,543.27
2022-03-29 13:21:19,543.21
2022-03-29 13:21:24,543.21
2022-03-29 13:21:29,543.14
2022-03-29 13:21:34,543.11
2022-03-29 13:21:39,543.11
2022-03-29 13:21:44,543.04
2022-03-29 13:21:49,542.97
2022-03-29 13:21:54,542.97
2022-03-29 13:21:59,542.85
2022-03-29 13:22:04,542.85
2022-03-29 13:22:09,542.81
2022-03-29 13:22:14,542.75
2022-03-29 13:22:19,542.68
2022-03-29 13:22:24,542.62
2022-03-29 13:22:29,542.62
2022-03-29 13:22:34,542.58
2022-03-29 13:22:39,542.52
2022-03-29 13:22:44,542.45
2022-03-29 13:22:49,542.39
2022-03-29 13:22:54,542.32
2022-03-29 13:22:59,542.29
2022-03-29 13:23:04,542.22
2022-03-29 13:23:09,542.16
2022-03-29 13:23:14,542.09
2022-03-29 13:23:19,542.09
2022-03-29 13:23:24,542.06
2022-03-29 13:23:29,541.93
2022-03-29 13:23:34,541.86
2022-03-29 13:23:39,541.8
2022-03-29 13:23:44,541.77
2022-03-29 13:23:49,541.7
2022-03-29 13:23:54,541.7
2022-03-29 13:23:59,541.64
2022-03-29 13:24:04,541.57
2022-03-29 13:24:09,541.54
2022-03-29 13:24:14,541.54
2022-03-29 13:24:19,541.48
2022-03-29 13:24:24,541.41
2022-03-29 13:24:29,541.41
2022-03-29 13:24:34,541.35
2022-03-29 13:24:39,541.28
2022-03-29 13:24:44,541.28
2022-03-29 13:24:49,541.25
2022-03-29 13:24:54,541.12
2022-03-29 13:24:59,541.18
2022-03-29 13:25:04,541.12
2022-03-29 13:25:09,541.05
2022-03-29 13:25:14,541.05
2022-03-29 13:25:19,541.02
2022-03-29 13:25:24,540.96
2022-03-29 13:25:29,540.96
2022-03-29 13:25:34,540.83
2022-03-29 13:25:39,540.76
2022-03-29 13:25:44,540.67
2022-03-29 13:25:49,540.6
2022-03-29 13:25:54,540.6
2022-03-29 13:25:59,540.51
2022-03-29 13:26:04,540.44
2022-03-29 13:26:09,540.38
2022-03-29 13:26:14,540.25
2022-03-29 13:26:19,540.25
2022-03-29 13:26:24,540.15
2022-03-29 13:26:29,540.09
2022-03-29 13:26:34,540.03
2022-03-29 13:26:39,539.93
2022-03-29 13:26:44,539.87
2022-03-29 13:26:49,539.74
2022-03-29 13:26:54,539.7
2022-03-29 13:26:59,539.64
2022-03-29 13:27:04,539.58
2022-03-29 13:27:09,539.51
2022-03-29 13:27:14,539.42
2022-03-29 13:27:19,539.29
2022-03-29 13:27:24,539.22
2022-03-29 13:27:29,539.19
2022-03-29 13:27:34,539.13
2022-03-29 13:27:39,539.0
2022-03-29 13:27:44,538.97
2022-03-29 13:27:49,538.91
2022-03-29 13:27:54,538.84
2022-03-29 13:27:59,538.78
2022-03-29 13:28:04,538.68
2022-03-29 13:28:09,538.62
2022-03-29 13:28:14,538.49
2022-03-29 13:28:19,538.46
2022-03-29 13:28:24,538.39
2022-03-29 13:28:29,538.33
2022-03-29 13:28:34,538.27
2022-03-29 13:28:39,538.2
2022-03-29 13:28:44,538.17
2022-03-29 13:28:49,538.04
2022-03-29 13:28:54,537.98
2022-03-29 13:28:59,537.88
2022-03-29 13:29:04,537.88
2022-03-29 13:29:09,537.75
2022-03-29 13:29:14,537.69
2022-03-29 13:29:19,537.66
2022-03-29 13:29:24,537.6
2022-03-29 13:29:29,537.53
2022-03-29 13:29:34,537.47
2022-03-29 13:29:39,537.43
2022-03-29 13:29:44,537.44
2022-03-29 13:29:49,537.24
2022-03-29 13:29:54,537.31
2022-03-29 13:29:59,537.18
2022-03-29 13:30:04,537.17
2022-03-29 13:30:09,537.15
2022-03-29 13:30:14,537.08
2022-03-29 13:30:19,537.02
2022-03-29 13:30:24,536.95
2022-03-29 13:30:29,536.92
2022-03-29 13:30:34,536.86
2022-03-29 13:30:39,536.79
2022-03-29 13:30:44,536.73
2022-03-29 13:30:49,536.72
2022-03-29 13:30:54,536.66
2022-03-29 13:30:59,536.63
2022-03-29 13:31:04,536.63
2022-03-29 13:31:09,536.57
2022-03-29 13:31:14,536.5
2022-03-29 13:31:19,536.5
2022-03-29 13:31:24,536.44
2022-03-29 13:31:29,536.44
2022-03-29 13:31:34,536.4
2022-03-29 13:31:39,536.34
2022-03-29 13:31:44,536.34
2022-03-29 13:31:49,536.34
2022-03-29 13:31:54,536.27
2022-03-29 13:31:59,536.27
2022-03-29 13:32:04,536.21
2022-03-29 13:32:09,536.14
2022-03-29 13:32:14,536.21
2022-03-29 13:32:19,536.14
2022-03-29 13:32:24,536.14
2022-03-29 13:32:29,536.14
2022-03-29 13:32:34,536.14
2022-03-29 13:32:39,536.21
2022-03-29 13:32:44,536.14
2022-03-29 13:32:49,536.2
2022-03-29 13:32:54,536.2
2022-03-29 13:32:59,536.2
2022-03-29 13:33:04,536.27
2022-03-29 13:33:09,536.2
2022-03-29 13:33:14,536.27
2022-03-29 13:33:19,536.33
2022-03-29 13:33:24,536.33
2022-03-29 13:33:29,536.33
2022-03-29 13:33:34,536.39
2022-03-29 13:33:39,536.39
2022-03-29 13:33:44,536.42
2022-03-29 13:33:49,536.48
2022-03-29 13:33:54,536.48
2022-03-29 13:33:59,536.55
2022-03-29 13:34:04,536.55
2022-03-29 13:34:09,536.61
2022-03-29 13:34:14,536.61
2022-03-29 13:34:19,536.61
2022-03-29 13:34:24,536.64
2022-03-29 13:34:29,536.64
2022-03-29 13:34:34,536.7
2022-03-29 13:34:39,536.77
2022-03-29 13:34:44,536.77
2022-03-29 13:34:49,536.83
2022-03-29 13:34:54,536.83
2022-03-29 13:34:59,536.83
2022-03-29 13:35:04,536.83
2022-03-29 13:35:09,536.9
2022-03-29 13:35:14,536.89
2022-03-29 13:35:19,536.83
2022-03-29 13:35:24,536.89
2022-03-29 13:35:29,536.89
2022-03-29 13:35:34,536.93
2022-03-29 13:35:39,536.93
2022-03-29 13:35:44,536.93
2022-03-29 13:35:49,536.92
2022-03-29 13:35:54,536.93
2022-03-29 13:35:59,536.93
2022-03-29 13:36:04,536.93
2022-03-29 13:36:09,536.99
2022-03-29 13:36:14,536.99
2022-03-29 13:36:19,536.99
2022-03-29 13:36:24,536.99
2022-03-29 13:36:29,536.99
2022-03-29 13:36:34,536.99
2022-03-29 13:36:39,536.99
2022-03-29 13:36:44,536.99
2022-03-29 13:36:49,537.05
2022-03-29 13:36:54,537.05
2022-03-29 13:36:59,537.05
2022-03-29 13:37:04,537.05
2022-03-29 13:37:09,537.05
2022-03-29 13:37:14,536.99
2022-03-29 13:37:19,537.06
2022-03-29 13:37:24,536.99
2022-03-29 13:37:29,537.06
2022-03-29 13:37:34,536.99
2022-03-29 13:37:39,536.99
2022-03-29 13:37:44,537.06
2022-03-29 13:37:49,537.06
2022-03-29 13:37:54,537.06
2022-03-29 13:37:59,537.06
2022-03-29 13:38:04,537.06
2022-03-29 13:38:09,537.06
2022-03-29 13:38:14,537.06
2022-03-29 13:38:19,537.06
2022-03-29 13:38:24,537.06
2022-03-29 13:38:29,537.06
2022-03-29 13:38:34,537.06
2022-03-29 13:38:39,537.13
2022-03-29 13:38:44,537.13
2022-03-29 13:38:49,537.13
2022-03-29 13:38:54,537.13
2022-03-29 13:38:59,537.13
2022-03-29 13:39:04,537.16
2022-03-29 13:39:09,537.13
2022-03-29 13:39:14,537.17
2022-03-29 13:39:19,537.17
2022-03-29 13:39:24,537.17
2022-03-29 13:39:29,537.17
2022-03-29 13:39:34,537.17
2022-03-29 13:39:39,537.17
2022-03-29 13:39:44,537.17
2022-03-29 13:39:49,537.17
2022-03-29 13:39:54,537.17
2022-03-29 13:39:59,537.14
2022-03-29 13:40:04,537.14
2022-03-29 13:40:09,537.14
2022-03-29 13:40:14,537.08
2022-03-29 13:40:19,537.08
2022-03-29 13:40:24,537.08
2022-03-29 13:40:29,537.01
2022-03-29 13:40:34,537.01
2022-03-29 13:40:39,537.01
2022-03-29 13:40:44,536.95
2022-03-29 13:40:49,536.95
2022-03-29 13:40:54,536.92
2022-03-29 13:40:59,536.92
2022-03-29 13:41:04,536.86
2022-03-29 13:41:09,536.86
2022-03-29 13:41:14,536.79
2022-03-29 13:41:19,536.73
2022-03-29 13:41:24,536.66
2022-03-29 13:41:29,536.66
2022-03-29 13:41:34,536.63
2022-03-29 13:41:39,536.57
2022-03-29 13:41:44,536.57
2022-03-29 13:41:49,536.5
2022-03-29 13:41:54,536.44
2022-03-29 13:41:59,536.4
2022-03-29 13:42:04,536.34
2022-03-29 13:42:09,536.34
2022-03-29 13:42:14,536.28
2022-03-29 13:42:19,536.21
2022-03-29 13:42:24,536.15
2022-03-29 13:42:29,536.12
2022-03-29 13:42:34,536.05
2022-03-29 13:42:39,535.99
2022-03-29 13:42:44,535.92
2022-03-29 13:42:49,535.89
2022-03-29 13:42:54,535.89
2022-03-29 13:42:59,535.83
2022-03-29 13:43:04,535.76
2022-03-29 13:43:09,535.76
2022-03-29 13:43:14,535.69
2022-03-29 13:43:19,535.69
2022-03-29 13:43:24,535.7
2022-03-29 13:43:29,535.63
2022-03-29 13:43:34,535.59
2022-03-29 13:43:39,535.53
2022-03-29 13:43:44,535.59
2022-03-29 13:43:49,535.53
2022-03-29 13:43:54,535.47
2022-03-29 13:43:59,535.46
2022-03-29 13:44:04,535.4
2022-03-29 13:44:09,535.36
2022-03-29 13:44:14,535.37
2022-03-29 13:44:19,535.3
2022-03-29 13:44:24,535.36
2022-03-29 13:44:29,535.3
2022-03-29 13:44:34,535.24
2022-03-29 13:44:39,535.23
2022-03-29 13:44:44,535.23
2022-03-29 13:44:49,535.23
2022-03-29 13:44:54,535.17
2022-03-29 13:44:59,535.17
2022-03-29 13:45:04,535.17
2022-03-29 13:45:09,535.17
2022-03-29 13:45:14,535.17
2022-03-29 13:45:19,535.17
2022-03-29 13:45:24,535.16
2022-03-29 13:45:29,535.23
2022-03-29 13:45:34,535.23
2022-03-29 13:45:39,535.23
2022-03-29 13:45:44,535.23
2022-03-29 13:45:49,535.23
2022-03-29 13:45:54,535.29
2022-03-29 13:45:59,535.29
2022-03-29 13:46:04,535.29
2022-03-29 13:46:09,535.29
2022-03-29 13:46:14,535.29
2022-03-29 13:46:19,535.35
2022-03-29 13:46:24,535.35
2022-03-29 13:46:29,535.39
2022-03-29 13:46:34,535.39
2022-03-29 13:46:39,535.45
2022-03-29 13:46:44,535.45
2022-03-29 13:46:49,535.51
2022-03-29 13:46:54,535.58
2022-03-29 13:46:59,535.58
2022-03-29 13:47:04,535.61
2022-03-29 13:47:09,535.68
2022-03-29 13:47:14,535.68
2022-03-29 13:47:19,535.68
2022-03-29 13:47:24,535.8
2022-03-29 13:47:29,535.81
2022-03-29 13:47:34,535.87
2022-03-29 13:47:39,535.97
2022-03-29 13:47:44,535.97
2022-03-29 13:47:49,536.03
2022-03-29 13:47:54,536.1
2022-03-29 13:47:59,536.13
2022-03-29 13:48:04,536.19
2022-03-29 13:48:09,536.26
2022-03-29 13:48:14,536.32
2022-03-29 13:48:19,536.39
2022-03-29 13:48:24,536.42
2022-03-29 13:48:29,536.48
2022-03-29 13:48:34,536.61
2022-03-29 13:48:39,536.65
2022-03-29 13:48:44,536.71
2022-03-29 13:48:49,536.77
2022-03-29 13:48:54,536.84
2022-03-29 13:48:59,536.94
2022-03-29 13:49:04,537.0
2022-03-29 13:49:09,537.13
2022-03-29 13:49:14,537.13
2022-03-29 13:49:19,537.23
2022-03-29 13:49:24,537.36
2022-03-29 13:49:29,537.46
2022-03-29 13:49:34,537.52
2022-03-29 13:49:39,537.59
2022-03-29 13:49:44,537.65
2022-03-29 13:49:49,537.75
2022-03-29 13:49:54,537.81
2022-03-29 13:49:59,537.97
2022-03-29 13:50:04,538.04
2022-03-29 13:50:09,538.1
2022-03-29 13:50:14,538.2
2022-03-29 13:50:19,538.26
2022-03-29 13:50:24,538.39
2022-03-29 13:50:29,538.46
2022-03-29 13:50:34,538.56
2022-03-29 13:50:39,538.62
2022-03-29 13:50:44,538.78
2022-03-29 13:50:49,538.85
2022-03-29 13:50:54,538.91
2022-03-29 13:50:59,538.98
2022-03-29 13:51:04,539.01
2022-03-29 13:51:09,539.2
2022-03-29 13:51:14,539.3
2022-03-29 13:51:19,539.36
2022-03-29 13:51:24,539.43
2022-03-29 13:51:29,539.59
2022-03-29 13:51:34,539.72
2022-03-29 13:51:39,539.75
2022-03-29 13:51:44,539.82
2022-03-29 13:51:49,539.95
2022-03-29 13:51:54,540.01
2022-03-29 13:51:59,540.04
2022-03-29 13:52:04,540.17
2022-03-29 13:52:09,540.24
2022-03-29 13:52:14,540.27
2022-03-29 13:52:19,540.33
2022-03-29 13:52:24,540.4
2022-03-29 13:52:29,540.46
2022-03-29 13:52:34,540.53
2022-03-29 13:52:39,540.53
2022-03-29 13:52:44,540.56
2022-03-29 13:52:49,540.62
2022-03-29 13:52:54,540.62
2022-03-29 13:52:59,540.62
2022-03-29 13:53:04,540.69
2022-03-29 13:53:09,540.75
2022-03-29 13:53:14,540.69
2022-03-29 13:53:19,540.75
2022-03-29 13:53:24,540.75
2022-03-29 13:53:29,540.78
2022-03-29 13:53:34,540.78
2022-03-29 13:53:39,540.78
2022-03-29 13:53:44,540.78
2022-03-29 13:53:49,540.78
2022-03-29 13:53:54,540.78
2022-03-29 13:53:59,540.78
2022-03-29 13:54:04,540.78
2022-03-29 13:54:09,540.78
2022-03-29 13:54:14,540.78
2022-03-29 13:54:19,540.78
2022-03-29 13:54:24,540.75
2022-03-29 13:54:29,540.68
2022-03-29 13:54:34,540.68
2022-03-29 13:54:39,540.62
2022-03-29 13:54:44,540.62
2022-03-29 13:54:49,540.62
2022-03-29 13:54:54,540.52
2022-03-29 13:54:59,540.45
2022-03-29 13:55:04,540.39
2022-03-29 13:55:09,540.33
2022-03-29 13:55:14,540.26
2022-03-29 13:55:19,540.23
2022-03-29 13:55:24,540.16
2022-03-29 13:55:29,540.1
2022-03-29 13:55:34,540.03
2022-03-29 13:55:39,539.94
2022-03-29 13:55:44,539.87
2022-03-29 13:55:49,539.74
2022-03-29 13:55:54,539.74
2022-03-29 13:55:59,539.64
2022-03-29 13:56:04,539.51
2022-03-29 13:56:09,539.51
2022-03-29 13:56:14,539.41
2022-03-29 13:56:19,539.35
2022-03-29 13:56:24,539.22
2022-03-29 13:56:29,539.19
2022-03-29 13:56:34,539.06
2022-03-29 13:56:39,538.96
2022-03-29 13:56:44,538.83
2022-03-29 13:56:49,538.77
2022-03-29 13:56:54,538.67
2022-03-29 13:56:59,538.54
2022-03-29 13:57:04,538.45
2022-03-29 13:57:09,538.32
2022-03-29 13:57:14,538.19
2022-03-29 13:57:19,538.03
2022-03-29 13:57:24,537.93
2022-03-29 13:57:29,537.8
2022-03-29 13:57:34,537.67
2022-03-29 13:57:39,537.51
2022-03-29 13:57:44,537.41
2022-03-29 13:57:49,537.29
2022-03-29 13:57:54,537.16
2022-03-29 13:57:59,537.06
2022-03-29 13:58:04,536.9
2022-03-29 13:58:09,536.83
2022-03-29 13:58:14,536.71
2022-03-29 13:58:19,536.61
2022-03-29 13:58:24,536.42
2022-03-29 13:58:29,536.32
2022-03-29 13:58:34,536.19
2022-03-29 13:58:39,536.1
2022-03-29 13:58:44,535.97
2022-03-29 13:58:49,535.87
2022-03-29 13:58:54,535.68
2022-03-29 13:58:59,535.61
2022-03-29 13:59:04,535.52
2022-03-29 13:59:09,535.36
2022-03-29 13:59:14,535.29
2022-03-29 13:59:19,535.1
2022-03-29 13:59:24,535.0
2022-03-29 13:59:29,534.94
2022-03-29 13:59:34,534.78
2022-03-29 13:59:39,534.59
2022-03-29 13:59:44,534.56
2022-03-29 13:59:49,534.36
2022-03-29 13:59:54,534.27
2022-03-29 13:59:59,534.07
2022-03-29 14:00:04,533.98
2022-03-29 14:00:09,533.85
2022-03-29 14:00:14,533.69
2022-03-29 14:00:19,533.56
2022-03-29 14:00:24,533.46
2022-03-29 14:00:29,533.3
2022-03-29 14:00:34,533.11
2022-03-29 14:00:39,533.02
2022-03-29 14:00:44,532.83
2022-03-29 14:00:49,532.66
2022-03-29 14:00:54,532.51
2022-03-29 14:00:59,532.38
2022-03-29 14:01:04,532.28
2022-03-29 14:01:09,532.09
2022-03-29 14:01:14,532.02
2022-03-29 14:01:19,531.86
2022-03-29 14:01:24,531.77
2022-03-29 14:01:29,531.58
2022-03-29 14:01:34,531.48
2022-03-29 14:01:39,531.29
2022-03-29 14:01:44,531.19
2022-03-29 14:01:49,531.0
2022-03-29 14:01:54,530.9
2022-03-29 14:01:59,530.77
2022-03-29 14:02:04,530.68
2022-03-29 14:02:09,530.55
2022-03-29 14:02:14,530.45
2022-03-29 14:02:19,530.32
2022-03-29 14:02:24,530.23
2022-03-29 14:02:29,530.1
2022-03-29 14:02:34,530.04
2022-03-29 14:02:39,529.87
2022-03-29 14:02:44,529.75
2022-03-29 14:02:49,529.71
2022-03-29 14:02:54,529.59
2022-03-29 14:02:59,529.52
2022-03-29 14:03:04,529.42
2022-03-29 14:03:09,529.36
2022-03-29 14:03:14,529.3
2022-03-29 14:03:19,529.2
2022-03-29 14:03:24,529.14
2022-03-29 14:03:29,529.13
2022-03-29 14:03:34,529.07
2022-03-29 14:03:39,529.01
2022-03-29 14:03:44,529.01
2022-03-29 14:03:49,528.94
2022-03-29 14:03:54,528.94
2022-03-29 14:03:59,528.91
2022-03-29 14:04:04,528.91
2022-03-29 14:04:09,528.91
2022-03-29 14:04:14,528.91
2022-03-29 14:04:19,528.94
2022-03-29 14:04:24,528.94
2022-03-29 14:04:29,528.94
2022-03-29 14:04:34,529.01
2022-03-29 14:04:39,529.07
2022-03-29 14:04:44,529.13
2022-03-29 14:04:49,529.2
2022-03-29 14:04:54,529.23
2022-03-29 14:04:59,529.3
2022-03-29 14:05:04,529.36
2022-03-29 14:05:09,529.42
2022-03-29 14:05:14,529.52
2022-03-29 14:05:19,529.59
2022-03-29 14:05:24,529.65
2022-03-29 14:05:29,529.75
2022-03-29 14:05:34,529.87
2022-03-29 14:05:39,529.94
2022-03-29 14:05:44,530.03
2022-03-29 14:05:49,530.16
2022-03-29 14:05:54,530.32
2022-03-29 14:05:59,530.39
2022-03-29 14:06:04,530.55
2022-03-29 14:06:09,530.67
2022-03-29 14:06:14,530.77
2022-03-29 14:06:19,530.9
2022-03-29 14:06:24,531.0
2022-03-29 14:06:29,531.19
2022-03-29 14:06:34,531.29
2022-03-29 14:06:39,531.41
2022-03-29 14:06:44,531.57
2022-03-29 14:06:49,531.76
2022-03-29 14:06:54,531.86
2022-03-29 14:06:59,532.02
2022-03-29 14:07:04,532.15
2022-03-29 14:07:09,532.28
2022-03-29 14:07:14,532.37
2022-03-29 14:07:19,532.54
2022-03-29 14:07:24,532.66
2022-03-29 14:07:29,532.82
2022-03-29 14:07:34,532.95
2022-03-29 14:07:39,533.18
2022-03-29 14:07:44,533.31
2022-03-29 14:07:49,533.47
2022-03-29 14:07:54,533.56
2022-03-29 14:07:59,533.76
2022-03-29 14:08:04,533.92
2022-03-29 14:08:09,534.05
2022-03-29 14:08:14,534.15
2022-03-29 14:08:19,534.34
2022-03-29 14:08:24,534.5
2022-03-29 14:08:29,534.59
2022-03-29 14:08:34,534.72
2022-03-29 14:08:39,534.89
2022-03-29 14:08:44,535.01
2022-03-29 14:08:49,535.17
2022-03-29 14:08:54,535.3
2022-03-29 14:08:59,535.4
2022-03-29 14:09:04,535.59
2022-03-29 14:09:09,535.69
2022-03-29 14:09:14,535.82
2022-03-29 14:09:19,535.91
2022-03-29 14:09:24,536.05
2022-03-29 14:09:29,536.14
2022-03-29 14:09:34,536.21
2022-03-29 14:09:39,536.27
2022-03-29 14:09:44,536.4
2022-03-29 14:09:49,536.43
2022-03-29 14:09:54,536.56
2022-03-29 14:09:59,536.56
2022-03-29 14:10:04,536.66
2022-03-29 14:10:09,536.79
2022-03-29 14:10:14,536.85
2022-03-29 14:10:19,536.95
2022-03-29 14:10:24,537.02
2022-03-29 14:10:29,537.08
2022-03-29 14:10:34,537.15
2022-03-29 14:10:39,537.24
2022-03-29 14:10:44,537.37
2022-03-29 14:10:49,537.44
2022-03-29 14:10:54,537.47
2022-03-29 14:10:59,537.6
2022-03-29 14:11:04,537.67
2022-03-29 14:11:09,537.76
2022-03-29 14:11:14,537.76
2022-03-29 14:11:19,537.83
2022-03-29 14:11:24,537.89
2022-03-29 14:11:29,537.96
2022-03-29 14:11:34,537.99
2022-03-29 14:11:39,538.06
2022-03-29 14:11:44,538.12
2022-03-29 14:11:49,538.19
2022-03-29 14:11:54,538.22
2022-03-29 14:11:59,538.28
2022-03-29 14:12:04,538.35
2022-03-29 14:12:09,538.41
2022-03-29 14:12:14,538.48
2022-03-29 14:12:19,538.51
2022-03-29 14:12:24,538.58
2022-03-29 14:12:29,538.64
2022-03-29 14:12:34,538.71
2022-03-29 14:12:39,538.74
2022-03-29 14:12:44,538.8
2022-03-29 14:12:49,538.87
2022-03-29 14:12:54,538.93
2022-03-29 14:12:59,539.0
2022-03-29 14:13:04,539.03
2022-03-29 14:13:09,539.16
2022-03-29 14:13:14,539.16
2022-03-29 14:13:19,539.22
2022-03-29 14:13:24,539.32
2022-03-29 14:13:29,539.32
2022-03-29 14:13:34,539.39
2022-03-29 14:13:39,539.51
2022-03-29 14:13:44,539.55
2022-03-29 14:13:49,539.55
2022-03-29 14:13:54,539.68
2022-03-29 14:13:59,539.68
2022-03-29 14:14:04,539.74
2022-03-29 14:14:09,539.77
2022-03-29 14:14:14,539.84
2022-03-29 14:14:19,539.97
2022-03-29 14:14:24,539.9
2022-03-29 14:14:29,539.97
2022-03-29 14:14:34,540.03
2022-03-29 14:14:39,540.06
2022-03-29 14:14:44,540.06
2022-03-29 14:14:49,540.13
2022-03-29 14:14:54,540.13
2022-03-29 14:14:59,540.13
2022-03-29 14:15:04,540.19
2022-03-29 14:15:09,540.26
2022-03-29 14:15:14,540.26
2022-03-29 14:15:19,540.26
2022-03-29 14:15:24,540.29
2022-03-29 14:15:29,540.29
2022-03-29 14:15:34,540.35
2022-03-29 14:15:39,540.35
2022-03-29 14:15:44,540.42
2022-03-29 14:15:49,540.42
2022-03-29 14:15:54,540.48
2022-03-29 14:15:59,540.54
2022-03-29 14:16:04,540.54
2022-03-29 14:16:09,540.58
2022-03-29 14:16:14,540.64
2022-03-29 14:16:19,540.64
2022-03-29 14:16:24,540.7
2022-03-29 14:16:29,540.77
2022-03-29 14:16:34,540.8
2022-03-29 14:16:39,540.8
2022-03-29 14:16:44,540.93
2022-03-29 14:16:49,540.99
2022-03-29 14:16:54,541.05
2022-03-29 14:16:59,541.09
2022-03-29 14:17:04,541.15
2022-03-29 14:17:09,541.15
2022-03-29 14:17:14,541.21
2022-03-29 14:17:19,541.31
2022-03-29 14:17:24,541.31
2022-03-29 14:17:29,541.37
2022-03-29 14:17:34,537.71
2022-03-29 14:17:39,541.5
2022-03-29 14:17:44,541.57
2022-03-29 14:17:49,541.6
2022-03-29 14:17:54,541.66
2022-03-29 14:17:59,541.72
2022-03-29 14:18:04,541.79
2022-03-29 14:18:09,541.82
2022-03-29 14:18:14,541.89
2022-03-29 14:18:19,541.95
2022-03-29 14:18:24,542.01
2022-03-29 14:18:29,542.08
2022-03-29 14:18:34,542.11
2022-03-29 14:18:39,542.18
2022-03-29 14:18:44,542.31
2022-03-29 14:18:49,542.3
2022-03-29 14:18:54,542.34
2022-03-29 14:18:59,542.4
2022-03-29 14:19:04,542.47
2022-03-29 14:19:09,542.53
2022-03-29 14:19:14,542.59
2022-03-29 14:19:19,542.63
2022-03-29 14:19:24,542.69
2022-03-29 14:19:29,542.76
2022-03-29 14:19:34,542.82
2022-03-29 14:19:39,542.85
2022-03-29 14:19:44,542.92
2022-03-29 14:19:49,542.92
2022-03-29 14:19:54,543.05
2022-03-29 14:19:59,543.11
2022-03-29 14:20:04,543.15
2022-03-29 14:20:09,543.21
2022-03-29 14:20:14,543.27
2022-03-29 14:20:19,543.34
2022-03-29 14:20:24,543.37
2022-03-29 14:20:29,543.44
2022-03-29 14:20:34,543.57
2022-03-29 14:20:39,537.71
2022-03-29 14:20:44,543.63
2022-03-29 14:20:49,543.67
2022-03-29 14:20:54,543.73
2022-03-29 14:20:59,543.8
2022-03-29 14:21:04,543.86
2022-03-29 14:21:09,543.86
2022-03-29 14:21:14,537.71
2022-03-29 14:21:19,543.96
2022-03-29 14:21:24,544.09
2022-03-29 14:21:29,544.15
2022-03-29 14:21:34,544.15
2022-03-29 14:21:39,544.19
2022-03-29 14:21:44,544.25
2022-03-29 14:21:49,544.32
2022-03-29 14:21:54,544.38
2022-03-29 14:21:59,544.38
2022-03-29 14:22:04,544.42
2022-03-29 14:22:09,544.48
2022-03-29 14:22:14,544.55
2022-03-29 14:22:19,544.61
2022-03-29 14:22:24,544.68
2022-03-29 14:22:29,544.68
2022-03-29 14:22:34,544.71
2022-03-29 14:22:39,544.77
2022-03-29 14:22:44,544.84
2022-03-29 14:22:49,544.9
2022-03-29 14:22:54,544.94
2022-03-29 14:22:59,545.0
2022-03-29 14:23:04,545.0
2022-03-29 14:23:09,545.07
2022-03-29 14:23:14,545.13
2022-03-29 14:23:19,545.13
2022-03-29 14:23:24,545.2
2022-03-29 14:23:29,545.23
2022-03-29 14:23:34,545.23
2022-03-29 14:23:39,545.29
2022-03-29 14:23:44,545.29
2022-03-29 14:23:49,545.36
2022-03-29 14:23:54,537.71
2022-03-29 14:23:59,545.36
2022-03-29 14:24:04,545.43
2022-03-29 14:24:09,545.43
2022-03-29 14:24:14,545.43
2022-03-29 14:24:19,545.46
2022-03-29 14:24:24,545.43
2022-03-29 14:24:29,545.46
2022-03-29 14:24:34,545.46
2022-03-29 14:24:39,545.43
2022-03-29 14:24:44,545.46
2022-03-29 14:24:49,545.46
2022-03-29 14:24:54,545.43
2022-03-29 14:24:59,545.46
2022-03-29 14:25:04,545.43
2022-03-29 14:25:09,545.46
2022-03-29 14:25:14,545.43
2022-03-29 14:25:19,545.43
2022-03-29 14:25:24,545.43
2022-03-29 14:25:29,545.43
2022-03-29 14:25:34,545.43
2022-03-29 14:25:39,545.36
2022-03-29 14:25:44,545.36
2022-03-29 14:25:49,545.36
2022-03-29 14:25:54,545.36
2022-03-29 14:25:59,545.3
2022-03-29 14:26:04,545.29
2022-03-29 14:26:09,545.29
2022-03-29 14:26:14,545.23
2022-03-29 14:26:19,545.23
2022-03-29 14:26:24,545.2
2022-03-29 14:26:29,545.13
2022-03-29 14:26:34,545.13
2022-03-29 14:26:39,545.07
2022-03-29 14:26:44,545.0
2022-03-29 14:26:49,545.0
2022-03-29 14:26:54,544.94
2022-03-29 14:26:59,544.94
2022-03-29 14:27:04,544.9
2022-03-29 14:27:09,544.84
2022-03-29 14:27:14,544.77
2022-03-29 14:27:19,544.77
2022-03-29 14:27:24,544.71
2022-03-29 14:27:29,544.71
2022-03-29 14:27:34,544.68
2022-03-29 14:27:39,544.61
2022-03-29 14:27:44,544.54
2022-03-29 14:27:49,544.48
2022-03-29 14:27:54,544.41
2022-03-29 14:27:59,544.41
2022-03-29 14:28:04,544.32
2022-03-29 14:28:09,544.25
2022-03-29 14:28:14,544.19
2022-03-29 14:28:19,544.19
2022-03-29 14:28:24,544.09
2022-03-29 14:28:29,544.02
2022-03-29 14:28:34,543.96
2022-03-29 14:28:39,543.9
2022-03-29 14:28:44,543.86
2022-03-29 14:28:49,543.8
2022-03-29 14:28:54,543.67
2022-03-29 14:28:59,543.64
2022-03-29 14:29:04,543.51
2022-03-29 14:29:09,543.44
2022-03-29 14:29:14,543.38
2022-03-29 14:29:19,543.35
2022-03-29 14:29:24,543.22
2022-03-29 14:29:29,543.12
2022-03-29 14:29:34,543.12
2022-03-29 14:29:39,542.99
2022-03-29 14:29:44,542.93
2022-03-29 14:29:49,542.83
2022-03-29 14:29:54,542.77
2022-03-29 14:29:59,542.64
2022-03-29 14:30:04,542.61
2022-03-29 14:30:09,542.48
2022-03-29 14:30:14,542.42
2022-03-29 14:30:19,542.35
2022-03-29 14:30:24,542.26
2022-03-29 14:30:29,542.13
2022-03-29 14:30:34,542.09
2022-03-29 14:30:39,542.03
2022-03-29 14:30:44,541.9
2022-03-29 14:30:49,541.84
2022-03-29 14:30:54,541.81
2022-03-29 14:30:59,541.68
2022-03-29 14:31:04,541.61
2022-03-29 14:31:09,541.58
2022-03-29 14:31:14,541.45
2022-03-29 14:31:19,541.46
2022-03-29 14:31:24,541.39
2022-03-29 14:31:29,541.29
2022-03-29 14:31:34,541.23
2022-03-29 14:31:39,541.17
2022-03-29 14:31:44,541.1
2022-03-29 14:31:49,541.07
2022-03-29 14:31:54,541.01
2022-03-29 14:31:59,540.94
2022-03-29 14:32:04,540.88
2022-03-29 14:32:09,540.78
2022-03-29 14:32:14,540.79
2022-03-29 14:32:19,540.72
2022-03-29 14:32:24,540.66
2022-03-29 14:32:29,540.59
2022-03-29 14:32:34,540.56
2022-03-29 14:32:39,540.5
2022-03-29 14:32:44,540.37
2022-03-29 14:32:49,540.37
2022-03-29 14:32:54,540.31
2022-03-29 14:32:59,540.28
2022-03-29 14:33:04,540.28
2022-03-29 14:33:09,540.15
2022-03-29 14:33:14,540.15
2022-03-29 14:33:19,540.09
2022-03-29 14:33:24,540.05
2022-03-29 14:33:29,540.09
2022-03-29 14:33:34,540.05
2022-03-29 14:33:39,539.99
2022-03-29 14:33:44,539.99
2022-03-29 14:33:49,539.99
2022-03-29 14:33:54,539.93
2022-03-29 14:33:59,539.99
2022-03-29 14:34:04,539.93
2022-03-29 14:34:09,539.86
2022-03-29 14:34:14,539.93
2022-03-29 14:34:19,539.93
2022-03-29 14:34:24,539.93
2022-03-29 14:34:29,539.86
2022-03-29 14:34:34,539.93
2022-03-29 14:34:39,539.93
2022-03-29 14:34:44,539.93
2022-03-29 14:34:49,539.99
2022-03-29 14:34:54,539.99
2022-03-29 14:34:59,539.99
2022-03-29 14:35:04,540.06
2022-03-29 14:35:09,540.06
2022-03-29 14:35:14,540.05
2022-03-29 14:35:19,540.15
2022-03-29 14:35:24,540.15
2022-03-29 14:35:29,540.15
2022-03-29 14:35:34,540.22
2022-03-29 14:35:39,540.28
2022-03-29 14:35:44,540.28
2022-03-29 14:35:49,540.31
2022-03-29 14:35:54,540.38
2022-03-29 14:35:59,540.44
2022-03-29 14:36:04,540.44
2022-03-29 14:36:09,540.5
2022-03-29 14:36:14,540.57
2022-03-29 14:36:19,540.6
2022-03-29 14:36:24,540.66
2022-03-29 14:36:29,540.73
2022-03-29 14:36:34,540.79
2022-03-29 14:36:39,540.82
2022-03-29 14:36:44,540.89
2022-03-29 14:36:49,540.89
2022-03-29 14:36:54,540.95
2022-03-29 14:36:59,541.08
2022-03-29 14:37:04,541.08
2022-03-29 14:37:09,541.11
2022-03-29 14:37:14,541.17
2022-03-29 14:37:19,541.24
2022-03-29 14:37:24,541.24
2022-03-29 14:37:29,541.33
2022-03-29 14:37:34,541.33
2022-03-29 14:37:39,541.4
2022-03-29 14:37:44,541.46
2022-03-29 14:37:49,541.53
2022-03-29 14:37:54,541.53
2022-03-29 14:37:59,541.59
2022-03-29 14:38:04,541.62
2022-03-29 14:38:09,541.68
2022-03-29 14:38:14,541.68
2022-03-29 14:38:19,541.75
2022-03-29 14:38:24,541.81
2022-03-29 14:38:29,541.84
2022-03-29 14:38:34,541.9
2022-03-29 14:38:39,541.9
2022-03-29 14:38:44,541.97
2022-03-29 14:38:49,541.97
2022-03-29 14:38:54,542.03
2022-03-29 14:38:59,542.03
2022-03-29 14:39:04,542.03
2022-03-29 14:39:09,542.1
2022-03-29 14:39:14,542.1
2022-03-29 14:39:19,542.1
2022-03-29 14:39:24,542.13
2022-03-29 14:39:29,542.09
2022-03-29 14:39:34,542.1
2022-03-29 14:39:39,542.09
2022-03-29 14:39:44,542.13
2022-03-29 14:39:49,542.13
2022-03-29 14:39:54,542.13
2022-03-29 14:39:59,542.09
2022-03-29 14:40:04,542.03
2022-03-29 14:40:09,542.1
2022-03-29 14:40:14,542.03
2022-03-29 14:40:19,541.97
2022-03-29 14:40:24,541.9
2022-03-29 14:40:29,541.9
2022-03-29 14:40:34,541.84
2022-03-29 14:40:39,541.81
2022-03-29 14:40:44,541.74
2022-03-29 14:40:49,541.68
2022-03-29 14:40:54,541.61
2022-03-29 14:40:59,541.58
2022-03-29 14:41:04,541.52
2022-03-29 14:41:09,541.45
2022-03-29 14:41:14,541.46
2022-03-29 14:41:19,541.33
2022-03-29 14:41:24,541.29
2022-03-29 14:41:29,541.23
2022-03-29 14:41:34,541.17
2022-03-29 14:41:39,541.1
2022-03-29 14:41:44,541.01
2022-03-29 14:41:49,540.94
2022-03-29 14:41:54,540.81
2022-03-29 14:41:59,540.81
2022-03-29 14:42:04,540.72
2022-03-29 14:42:09,540.59
2022-03-29 14:42:14,540.49
2022-03-29 14:42:19,540.43
2022-03-29 14:42:24,540.27
2022-03-29 14:42:29,540.21
2022-03-29 14:42:34,540.08
2022-03-29 14:42:39,539.98
2022-03-29 14:42:44,539.92
2022-03-29 14:42:49,539.79
2022-03-29 14:42:54,539.7
2022-03-29 14:42:59,539.57
2022-03-29 14:43:04,539.54
2022-03-29 14:43:09,539.41
2022-03-29 14:43:14,539.34
2022-03-29 14:43:19,539.28
2022-03-29 14:43:24,539.19
2022-03-29 14:43:29,539.12
2022-03-29 14:43:34,539.02
2022-03-29 14:43:39,539.02
2022-03-29 14:43:44,538.96
2022-03-29 14:43:49,538.83
2022-03-29 14:43:54,538.83
2022-03-29 14:43:59,538.74
2022-03-29 14:44:04,538.67
2022-03-29 14:44:09,538.61
2022-03-29 14:44:14,538.51
2022-03-29 14:44:19,538.51
2022-03-29 14:44:24,538.39
2022-03-29 14:44:29,538.32
2022-03-29 14:44:34,538.26
2022-03-29 14:44:39,538.22
2022-03-29 14:44:44,538.16
2022-03-29 14:44:49,538.03
2022-03-29 14:44:54,538.0
2022-03-29 14:44:59,537.93
2022-03-29 14:45:04,537.87
2022-03-29 14:45:09,537.81
2022-03-29 14:45:14,537.74
2022-03-29 14:45:19,537.71
2022-03-29 14:45:24,537.65
2022-03-29 14:45:29,537.65
2022-03-29 14:45:34,537.58
2022-03-29 14:45:39,537.52
2022-03-29 14:45:44,537.49
2022-03-29 14:45:49,537.49
2022-03-29 14:45:54,537.36
2022-03-29 14:45:59,537.36
2022-03-29 14:46:04,537.29
2022-03-29 14:46:09,537.23
2022-03-29 14:46:14,537.2
2022-03-29 14:46:19,537.13
2022-03-29 14:46:24,537.13
2022-03-29 14:46:29,537.0
2022-03-29 14:46:34,537.0
2022-03-29 14:46:39,536.91
2022-03-29 14:46:44,536.91
2022-03-29 14:46:49,536.78
2022-03-29 14:46:54,536.71
2022-03-29 14:46:59,536.71
2022-03-29 14:47:04,536.62
2022-03-29 14:47:09,536.61
2022-03-29 14:47:14,536.49
2022-03-29 14:47:19,536.46
2022-03-29 14:47:24,536.39
2022-03-29 14:47:29,536.32
2022-03-29 14:47:34,536.19
2022-03-29 14:47:39,536.16
2022-03-29 14:47:44,536.16
2022-03-29 14:47:49,536.03
2022-03-29 14:47:54,535.97
2022-03-29 14:47:59,535.97
2022-03-29 14:48:04,535.87
2022-03-29 14:48:09,535.87
2022-03-29 14:48:14,535.8
2022-03-29 14:48:19,535.74
2022-03-29 14:48:24,535.74
2022-03-29 14:48:29,535.64
2022-03-29 14:48:34,535.64
2022-03-29 14:48:39,535.58
2022-03-29 14:48:44,535.51
2022-03-29 14:48:49,535.51
2022-03-29 14:48:54,535.44
2022-03-29 14:48:59,535.41
2022-03-29 14:49:04,535.41
2022-03-29 14:49:09,535.35
2022-03-29 14:49:14,535.28
2022-03-29 14:49:19,535.22
2022-03-29 14:49:24,535.15
2022-03-29 14:49:29,535.15
2022-03-29 14:49:34,535.06
2022-03-29 14:49:39,535.05
2022-03-29 14:49:44,534.99
2022-03-29 14:49:49,534.99
2022-03-29 14:49:54,534.93
2022-03-29 14:49:59,534.9
2022-03-29 14:50:04,534.89
2022-03-29 14:50:09,534.83
2022-03-29 14:50:14,534.83
2022-03-29 14:50:19,534.77
2022-03-29 14:50:24,534.7
2022-03-29 14:50:29,534.7
2022-03-29 14:50:34,534.64
2022-03-29 14:50:39,534.64
2022-03-29 14:50:44,534.61
2022-03-29 14:50:49,534.54
2022-03-29 14:50:54,534.54
2022-03-29 14:50:59,534.54
2022-03-29 14:51:04,534.48
2022-03-29 14:51:09,534.41
2022-03-29 14:51:14,534.41
2022-03-29 14:51:19,534.38
2022-03-29 14:51:24,534.32
2022-03-29 14:51:29,534.38
2022-03-29 14:51:34,534.32
2022-03-29 14:51:39,534.25
2022-03-29 14:51:44,534.19
2022-03-29 14:51:49,534.19
2022-03-29 14:51:54,534.19
2022-03-29 14:51:59,534.13
2022-03-29 14:52:04,534.1
2022-03-29 14:52:09,534.09
2022-03-29 14:52:14,534.03
2022-03-29 14:52:19,534.03
2022-03-29 14:52:24,534.03
2022-03-29 14:52:29,533.97
2022-03-29 14:52:34,533.97
2022-03-29 14:52:39,533.97
2022-03-29 14:52:44,533.9
2022-03-29 14:52:49,533.91
2022-03-29 14:52:54,533.91
2022-03-29 14:52:59,533.91
2022-03-29 14:53:04,533.91
2022-03-29 14:53:09,533.91
2022-03-29 14:53:14,533.88
2022-03-29 14:53:19,533.88
2022-03-29 14:53:24,533.81
2022-03-29 14:53:29,533.88
2022-03-29 14:53:34,533.81
2022-03-29 14:53:39,533.82
2022-03-29 14:53:44,533.82
2022-03-29 14:53:49,533.82
2022-03-29 14:53:54,533.82
2022-03-29 14:53:59,533.82
2022-03-29 14:54:04,533.75
2022-03-29 14:54:09,533.75
2022-03-29 14:54:14,533.75
2022-03-29 14:54:19,533.75
2022-03-29 14:54:24,533.75
2022-03-29 14:54:29,533.75
2022-03-29 14:54:34,533.75
2022-03-29 14:54:39,533.69
2022-03-29 14:54:44,533.69
2022-03-29 14:54:49,533.69
2022-03-29 14:54:54,533.62
2022-03-29 14:54:59,533.69
2022-03-29 14:55:04,533.62
2022-03-29 14:55:09,533.62
2022-03-29 14:55:14,533.62
2022-03-29 14:55:19,533.69
2022-03-29 14:55:24,533.62
2022-03-29 14:55:29,533.62
2022-03-29 14:55:34,533.62
2022-03-29 14:55:39,533.62
2022-03-29 14:55:44,533.59
2022-03-29 14:55:49,533.59
2022-03-29 14:55:54,533.59
2022-03-29 14:55:59,533.53
2022-03-29 14:56:04,533.53
2022-03-29 14:56:09,533.53
2022-03-29 14:56:14,533.53
2022-03-29 14:56:19,533.53
2022-03-29 14:56:24,533.46
2022-03-29 14:56:29,533.53
2022-03-29 14:56:34,533.46
2022-03-29 14:56:39,533.46
2022-03-29 14:56:44,533.46
2022-03-29 14:56:49,533.39
2022-03-29 14:56:54,533.46
2022-03-29 14:56:59,533.39
2022-03-29 14:57:04,533.39
2022-03-29 14:57:09,533.36
2022-03-29 14:57:14,533.36
2022-03-29 14:57:19,533.3
2022-03-29 14:57:24,533.3
2022-03-29 14:57:29,533.23
2022-03-29 14:57:34,533.23
2022-03-29 14:57:39,533.23
2022-03-29 14:57:44,533.17
2022-03-29 14:57:49,533.16
2022-03-29 14:57:54,533.16
2022-03-29 14:57:59,533.1
2022-03-29 14:58:04,533.1
2022-03-29 14:58:09,533.1
2022-03-29 14:58:14,533.07
2022-03-29 14:58:19,533.06
2022-03-29 14:58:24,533.06
2022-03-29 14:58:29,533.0
2022-03-29 14:58:34,533.0
2022-03-29 14:58:39,532.93
2022-03-29 14:58:44,532.93
2022-03-29 14:58:49,532.87
2022-03-29 14:58:54,532.87
2022-03-29 14:58:59,532.86
2022-03-29 14:59:04,532.84
2022-03-29 14:59:09,532.77
2022-03-29 14:59:14,532.83
2022-03-29 14:59:19,532.7
2022-03-29 14:59:24,532.7
2022-03-29 14:59:29,532.63
2022-03-29 14:59:34,532.64
2022-03-29 14:59:39,532.57
2022-03-29 14:59:44,532.57
2022-03-29 14:59:49,532.54
2022-03-29 14:59:54,537.71
2022-03-29 14:59:59,532.47
2022-03-29 15:00:04,532.41
2022-03-29 15:00:09,532.41
2022-03-29 15:00:14,532.35
2022-03-29 15:00:19,532.31
2022-03-29 15:00:24,532.31
2022-03-29 15:00:29,532.25
2022-03-29 15:00:34,532.25
2022-03-29 15:00:39,532.18
2022-03-29 15:00:44,532.18
2022-03-29 15:00:49,532.06
2022-03-29 15:00:54,532.05
2022-03-29 15:00:59,532.06
2022-03-29 15:01:04,532.02
2022-03-29 15:01:09,532.02
2022-03-29 15:01:14,532.02
2022-03-29 15:01:19,532.02
2022-03-29 15:01:24,531.96
2022-03-29 15:01:29,531.89
2022-03-29 15:01:34,531.9
2022-03-29 15:01:39,537.71
2022-03-29 15:01:44,531.83
2022-03-29 15:01:49,531.8
2022-03-29 15:01:54,531.8
2022-03-29 15:01:59,531.74
2022-03-29 15:02:04,531.67
2022-03-29 15:02:09,531.67
2022-03-29 15:02:14,531.61
2022-03-29 15:02:19,531.54
2022-03-29 15:02:24,531.51
2022-03-29 15:02:29,531.51
2022-03-29 15:02:34,531.45
2022-03-29 15:02:39,531.39
2022-03-29 15:02:44,531.32
2022-03-29 15:02:49,531.32
2022-03-29 15:02:54,531.29
2022-03-29 15:02:59,531.23
2022-03-29 15:03:04,531.17
2022-03-29 15:03:09,531.1
2022-03-29 15:03:14,531.04
2022-03-29 15:03:19,531.01
2022-03-29 15:03:24,530.94
2022-03-29 15:03:29,530.94
2022-03-29 15:03:34,530.82
2022-03-29 15:03:39,530.79
2022-03-29 15:03:44,530.72
2022-03-29 15:03:49,530.66
2022-03-29 15:03:54,530.59
2022-03-29 15:03:59,530.53
2022-03-29 15:04:04,530.5
2022-03-29 15:04:09,530.5
2022-03-29 15:04:14,530.44
2022-03-29 15:04:19,530.37
2022-03-29 15:04:24,530.31
2022-03-29 15:04:29,530.28
2022-03-29 15:04:34,530.28
2022-03-29 15:04:39,530.28
2022-03-29 15:04:44,530.22
2022-03-29 15:04:49,530.15
2022-03-29 15:04:54,530.09
2022-03-29 15:04:59,530.09
2022-03-29 15:05:04,530.03
2022-03-29 15:05:09,529.99
2022-03-29 15:05:14,529.93
2022-03-29 15:05:19,529.93
2022-03-29 15:05:24,529.87
2022-03-29 15:05:29,529.77
2022-03-29 15:05:34,529.77
2022-03-29 15:05:39,529.71
2022-03-29 15:05:44,529.64
2022-03-29 15:05:49,529.64
2022-03-29 15:05:54,529.58
2022-03-29 15:05:59,529.58
2022-03-29 15:06:04,529.48
2022-03-29 15:06:09,529.48
2022-03-29 15:06:14,529.42
2022-03-29 15:06:19,529.42
2022-03-29 15:06:24,529.35
2022-03-29 15:06:29,529.35
2022-03-29 15:06:34,529.29
2022-03-29 15:06:39,529.26
2022-03-29 15:06:44,529.26
2022-03-29 15:06:49,529.19
2022-03-29 15:06:54,529.13
2022-03-29 15:06:59,529.13
2022-03-29 15:07:04,529.13
2022-03-29 15:07:09,529.13
2022-03-29 15:07:14,529.13
2022-03-29 15:07:19,529.06
2022-03-29 15:07:24,529.06
2022-03-29 15:07:29,537.71
2022-03-29 15:07:34,529.06
2022-03-29 15:07:39,529.0
2022-03-29 15:07:44,529.0
2022-03-29 15:07:49,529.0
2022-03-29 15:07:54,529.06
2022-03-29 15:07:59,529.06
2022-03-29 15:08:04,529.12
2022-03-29 15:08:09,529.12
2022-03-29 15:08:14,529.19
2022-03-29 15:08:19,529.19
2022-03-29 15:08:24,529.25
2022-03-29 15:08:29,529.25
2022-03-29 15:08:34,529.35
2022-03-29 15:08:39,529.35
2022-03-29 15:08:44,529.48
2022-03-29 15:08:49,529.48
2022-03-29 15:08:54,529.51
2022-03-29 15:08:59,529.57
2022-03-29 15:09:04,529.64
2022-03-29 15:09:09,529.7
2022-03-29 15:09:14,529.76
2022-03-29 15:09:19,529.86
2022-03-29 15:09:24,529.86
2022-03-29 15:09:29,529.99
2022-03-29 15:09:34,530.02
2022-03-29 15:09:39,530.15
2022-03-29 15:09:44,530.15
2022-03-29 15:09:49,530.27
2022-03-29 15:09:54,530.31
2022-03-29 15:09:59,530.37
2022-03-29 15:10:04,530.5
2022-03-29 15:10:09,530.6
2022-03-29 15:10:14,530.66
2022-03-29 15:10:19,530.72
2022-03-29 15:10:24,530.82
2022-03-29 15:10:29,530.89
2022-03-29 15:10:34,531.01
2022-03-29 15:10:39,531.11
2022-03-29 15:10:44,531.18
2022-03-29 15:10:49,531.31
2022-03-29 15:10:54,531.4
2022-03-29 15:10:59,531.47
2022-03-29 15:11:04,531.56
2022-03-29 15:11:09,531.69
2022-03-29 15:11:14,531.82
2022-03-29 15:11:19,531.85
2022-03-29 15:11:24,532.04
2022-03-29 15:11:29,532.08
2022-03-29 15:11:34,532.21
2022-03-29 15:11:39,532.34
2022-03-29 15:11:44,532.5
2022-03-29 15:11:49,532.59
2022-03-29 15:11:54,532.72
2022-03-29 15:11:59,532.85
2022-03-29 15:12:04,532.95
2022-03-29 15:12:09,533.08
2022-03-29 15:12:14,533.18
2022-03-29 15:12:19,533.37
2022-03-29 15:12:24,533.4
2022-03-29 15:12:29,533.59
2022-03-29 15:12:34,533.69
2022-03-29 15:12:39,533.89
2022-03-29 15:12:44,533.98
2022-03-29 15:12:49,534.11
2022-03-29 15:12:54,534.27
2022-03-29 15:12:59,534.4
2022-03-29 15:13:04,534.57
2022-03-29 15:13:09,534.66
2022-03-29 15:13:14,534.79
2022-03-29 15:13:19,534.92
2022-03-29 15:13:24,535.08
2022-03-29 15:13:29,535.15
2022-03-29 15:13:34,535.31
2022-03-29 15:13:39,535.37
2022-03-29 15:13:44,535.54
2022-03-29 15:13:49,535.66
2022-03-29 15:13:54,535.76
2022-03-29 15:13:59,535.96
2022-03-29 15:14:04,535.99
2022-03-29 15:14:09,536.12
2022-03-29 15:14:14,536.28
2022-03-29 15:14:19,536.41
2022-03-29 15:14:24,536.57
2022-03-29 15:14:29,536.64
2022-03-29 15:14:34,536.73
2022-03-29 15:14:39,536.86
2022-03-29 15:14:44,536.99
2022-03-29 15:14:49,537.09
2022-03-29 15:14:54,537.21
2022-03-29 15:14:59,537.25
2022-03-29 15:15:04,537.38
2022-03-29 15:15:09,537.44
2022-03-29 15:15:14,537.54
2022-03-29 15:15:19,537.61
2022-03-29 15:15:24,537.73
2022-03-29 15:15:29,537.83
2022-03-29 15:15:34,537.89
2022-03-29 15:15:39,538.02
2022-03-29 15:15:44,538.06
2022-03-29 15:15:49,538.18
2022-03-29 15:15:54,538.18
2022-03-29 15:15:59,538.28
2022-03-29 15:16:04,538.35
2022-03-29 15:16:09,538.47
2022-03-29 15:16:14,538.54
2022-03-29 15:16:19,538.57
2022-03-29 15:16:24,538.7
2022-03-29 15:16:29,538.77
2022-03-29 15:16:34,538.8
2022-03-29 15:16:39,538.86
2022-03-29 15:16:44,538.86
2022-03-29 15:16:49,538.99
2022-03-29 15:16:54,539.06
2022-03-29 15:16:59,539.09
2022-03-29 15:17:04,539.15
2022-03-29 15:17:09,539.15
2022-03-29 15:17:14,539.28
2022-03-29 15:17:19,539.28
2022-03-29 15:17:24,539.31
2022-03-29 15:17:29,539.37
2022-03-29 15:17:34,539.44
2022-03-29 15:17:39,539.44
2022-03-29 15:17:44,539.44
2022-03-29 15:17:49,539.57
2022-03-29 15:17:54,539.57
2022-03-29 15:17:59,539.6
2022-03-29 15:18:04,539.6
2022-03-29 15:18:09,539.66
2022-03-29 15:18:14,539.73
2022-03-29 15:18:19,539.79
2022-03-29 15:18:24,539.79
2022-03-29 15:18:29,539.83
2022-03-29 15:18:34,539.82
2022-03-29 15:18:39,539.89
2022-03-29 15:18:44,539.95
2022-03-29 15:18:49,540.01
2022-03-29 15:18:54,540.01
2022-03-29 15:18:59,540.08
2022-03-29 15:19:04,540.08
2022-03-29 15:19:09,540.11
2022-03-29 15:19:14,540.11
2022-03-29 15:19:19,540.17
2022-03-29 15:19:24,540.17
2022-03-29 15:19:29,540.17
2022-03-29 15:19:34,540.3
2022-03-29 15:19:39,540.3
2022-03-29 15:19:44,540.33
2022-03-29 15:19:49,540.39
2022-03-29 15:19:54,540.46
2022-03-29 15:19:59,540.46
2022-03-29 15:20:04,540.52
2022-03-29 15:20:09,540.52
2022-03-29 15:20:14,540.58
2022-03-29 15:20:19,540.58
2022-03-29 15:20:24,540.58
2022-03-29 15:20:29,540.58
2022-03-29 15:20:34,540.61
2022-03-29 15:20:39,540.61
2022-03-29 15:20:44,540.61
2022-03-29 15:20:49,540.68
2022-03-29 15:20:54,540.68
2022-03-29 15:20:59,540.68
2022-03-29 15:21:04,540.74
2022-03-29 15:21:09,540.68
2022-03-29 15:21:14,540.68
2022-03-29 15:21:19,540.68
2022-03-29 15:21:24,540.68
2022-03-29 15:21:29,540.68
2022-03-29 15:21:34,540.61
2022-03-29 15:21:39,540.68
2022-03-29 15:21:44,540.61
2022-03-29 15:21:49,540.61
2022-03-29 15:21:54,540.58
2022-03-29 15:21:59,540.58
2022-03-29 15:22:04,540.52
2022-03-29 15:22:09,540.52
2022-03-29 15:22:14,540.52
2022-03-29 15:22:19,540.39
2022-03-29 15:22:24,540.33
2022-03-29 15:22:29,540.29
2022-03-29 15:22:34,540.23
2022-03-29 15:22:39,540.17
2022-03-29 15:22:44,540.1
2022-03-29 15:22:49,540.1
2022-03-29 15:22:54,540.0
2022-03-29 15:22:59,539.88
2022-03-29 15:23:04,539.81
2022-03-29 15:23:09,539.78
2022-03-29 15:23:14,539.72
2022-03-29 15:23:19,539.59
2022-03-29 15:23:24,539.56
2022-03-29 15:23:29,539.43
2022-03-29 15:23:34,539.37
2022-03-29 15:23:39,539.27
2022-03-29 15:23:44,539.14
2022-03-29 15:23:49,539.08
2022-03-29 15:23:54,538.98
2022-03-29 15:23:59,538.85
2022-03-29 15:24:04,538.76
2022-03-29 15:24:09,538.63
2022-03-29 15:24:14,538.53
2022-03-29 15:24:19,538.4
2022-03-29 15:24:24,538.34
2022-03-29 15:24:29,538.18
2022-03-29 15:24:34,538.12
2022-03-29 15:24:39,537.96
2022-03-29 15:24:44,537.89
2022-03-29 15:24:49,537.77
2022-03-29 15:24:54,537.6
2022-03-29 15:24:59,537.51
2022-03-29 15:25:04,537.38
2022-03-29 15:25:09,537.25
2022-03-29 15:25:14,537.15
2022-03-29 15:25:19,537.03
2022-03-29 15:25:24,536.93
2022-03-29 15:25:29,536.8
2022-03-29 15:25:34,536.74
2022-03-29 15:25:39,536.71
2022-03-29 15:25:44,536.57
2022-03-29 15:25:49,536.48
2022-03-29 15:25:54,536.42
2022-03-29 15:25:59,536.35
2022-03-29 15:26:04,536.22
2022-03-29 15:26:09,536.19
2022-03-29 15:26:14,536.13
2022-03-29 15:26:19,536.0
2022-03-29 15:26:24,535.97
2022-03-29 15:26:29,535.84
2022-03-29 15:26:34,535.77
2022-03-29 15:26:39,535.71
2022-03-29 15:26:44,535.61
2022-03-29 15:26:49,535.55
2022-03-29 15:26:54,535.48
2022-03-29 15:26:59,535.45
2022-03-29 15:27:04,535.38
2022-03-29 15:27:09,535.32
2022-03-29 15:27:14,535.25
2022-03-29 15:27:19,535.19
2022-03-29 15:27:24,535.16
2022-03-29 15:27:29,535.09
2022-03-29 15:27:34,535.09
2022-03-29 15:27:39,535.03
2022-03-29 15:27:44,535.03
2022-03-29 15:27:49,534.93
2022-03-29 15:27:54,534.93
2022-03-29 15:27:59,534.87
2022-03-29 15:28:04,534.8
2022-03-29 15:28:09,534.74
2022-03-29 15:28:14,534.74
2022-03-29 15:28:19,534.68
2022-03-29 15:28:24,534.67
2022-03-29 15:28:29,534.64
2022-03-29 15:28:34,534.64
2022-03-29 15:28:39,534.57
2022-03-29 15:28:44,534.64
2022-03-29 15:28:49,534.57
2022-03-29 15:28:54,534.57
2022-03-29 15:28:59,534.64
2022-03-29 15:29:04,534.64
2022-03-29 15:29:09,534.57
2022-03-29 15:29:14,534.64
2022-03-29 15:29:19,534.64
2022-03-29 15:29:24,534.67
2022-03-29 15:29:29,534.67
2022-03-29 15:29:34,534.73
2022-03-29 15:29:39,534.73
2022-03-29 15:29:44,534.73
2022-03-29 15:29:49,534.86
2022-03-29 15:29:54,534.86
2022-03-29 15:29:59,534.92
2022-03-29 15:30:04,534.95
2022-03-29 15:30:09,535.02
2022-03-29 15:30:14,535.14
2022-03-29 15:30:19,535.14
2022-03-29 15:30:24,535.24
2022-03-29 15:30:29,535.31
2022-03-29 15:30:34,535.43
2022-03-29 15:30:39,535.46
2022-03-29 15:30:44,535.59
2022-03-29 15:30:49,535.66
2022-03-29 15:30:54,535.75
2022-03-29 15:30:59,535.82
2022-03-29 15:31:04,535.94
2022-03-29 15:31:09,535.98
2022-03-29 15:31:14,536.11
2022-03-29 15:31:19,536.2
2022-03-29 15:31:24,536.2
2022-03-29 15:31:29,536.33
2022-03-29 15:31:34,536.46
2022-03-29 15:31:39,536.62
2022-03-29 15:31:44,536.72
2022-03-29 15:31:49,536.85
2022-03-29 15:31:54,536.98
2022-03-29 15:31:59,537.07
2022-03-29 15:32:04,537.2
2022-03-29 15:32:09,537.36
2022-03-29 15:32:14,537.49
2022-03-29 15:32:19,537.65
2022-03-29 15:32:24,537.75
2022-03-29 15:32:29,537.94
2022-03-29 15:32:34,538.1
2022-03-29 15:32:39,538.27
2022-03-29 15:32:44,538.39
2022-03-29 15:32:49,538.53
2022-03-29 15:32:54,538.68
2022-03-29 15:32:59,538.85
2022-03-29 15:33:04,538.98
2022-03-29 15:33:09,539.14
2022-03-29 15:33:14,539.3
2022-03-29 15:33:19,539.49
2022-03-29 15:33:24,539.59
2022-03-29 15:33:29,539.78
2022-03-29 15:33:34,539.95
2022-03-29 15:33:39,540.07
2022-03-29 15:33:44,540.3
2022-03-29 15:33:49,540.4
2022-03-29 15:33:54,540.59
2022-03-29 15:33:59,540.69
2022-03-29 15:34:04,540.91
2022-03-29 15:34:09,541.04
2022-03-29 15:34:14,541.14
2022-03-29 15:34:19,541.37
2022-03-29 15:34:24,541.49
2022-03-29 15:34:29,541.62
2022-03-29 15:34:34,541.78
2022-03-29 15:34:39,541.88
2022-03-29 15:34:44,542.07
2022-03-29 15:34:49,542.17
2022-03-29 15:34:54,542.3
2022-03-29 15:34:59,542.4
2022-03-29 15:35:04,542.59
2022-03-29 15:35:09,542.69
2022-03-29 15:35:14,542.82
2022-03-29 15:35:19,542.91
2022-03-29 15:35:24,542.98
2022-03-29 15:35:29,543.05
2022-03-29 15:35:34,543.17
2022-03-29 15:35:39,543.27
2022-03-29 15:35:44,543.27
2022-03-29 15:35:49,543.4
2022-03-29 15:35:54,543.43
2022-03-29 15:35:59,543.5
2022-03-29 15:36:04,543.56
2022-03-29 15:36:09,543.56
2022-03-29 15:36:14,543.56
2022-03-29 15:36:19,543.63
2022-03-29 15:36:24,543.63
2022-03-29 15:36:29,543.63
2022-03-29 15:36:34,543.69
2022-03-29 15:36:39,543.69
2022-03-29 15:36:44,543.72
2022-03-29 15:36:49,543.72
2022-03-29 15:36:54,543.72
2022-03-29 15:36:59,543.72
2022-03-29 15:37:04,543.72
2022-03-29 15:37:09,543.69
2022-03-29 15:37:14,543.69
2022-03-29 15:37:19,543.69
2022-03-29 15:37:24,543.69
2022-03-29 15:37:29,543.63
2022-03-29 15:37:34,543.63
2022-03-29 15:37:39,543.56
2022-03-29 15:37:44,543.5
2022-03-29 15:37:49,543.5
2022-03-29 15:37:54,543.43
2022-03-29 15:37:59,543.4
2022-03-29 15:38:04,543.34
2022-03-29 15:38:09,543.27
2022-03-29 15:38:14,543.2
2022-03-29 15:38:19,543.17
2022-03-29 15:38:24,543.17
2022-03-29 15:38:29,543.11
2022-03-29 15:38:34,543.11
2022-03-29 15:38:39,542.98
2022-03-29 15:38:44,542.91
2022-03-29 15:38:49,542.91
2022-03-29 15:38:54,542.88
2022-03-29 15:38:59,542.81
2022-03-29 15:39:04,542.75
2022-03-29 15:39:09,542.68
2022-03-29 15:39:14,542.65
2022-03-29 15:39:19,542.59
2022-03-29 15:39:24,542.52
2022-03-29 15:39:29,542.45
2022-03-29 15:39:34,542.39
2022-03-29 15:39:39,542.35
2022-03-29 15:39:44,542.23
2022-03-29 15:39:49,542.16
2022-03-29 15:39:54,542.06
2022-03-29 15:39:59,542.0
2022-03-29 15:40:04,541.93
2022-03-29 15:40:09,541.87
2022-03-29 15:40:14,541.77
2022-03-29 15:40:19,541.7
2022-03-29 15:40:24,541.64
2022-03-29 15:40:29,541.61
2022-03-29 15:40:34,541.48
2022-03-29 15:40:39,541.48
2022-03-29 15:40:44,541.35
2022-03-29 15:40:49,541.32
2022-03-29 15:40:54,541.25
2022-03-29 15:40:59,541.19
2022-03-29 15:41:04,541.12
2022-03-29 15:41:09,541.03
2022-03-29 15:41:14,540.96
2022-03-29 15:41:19,540.96
2022-03-29 15:41:24,540.9
2022-03-29 15:41:29,540.8
2022-03-29 15:41:34,540.74
2022-03-29 15:41:39,540.61
2022-03-29 15:41:44,540.51
2022-03-29 15:41:49,540.51
2022-03-29 15:41:54,540.45
2022-03-29 15:41:59,540.32
2022-03-29 15:42:04,540.29
2022-03-29 15:42:09,540.22
2022-03-29 15:42:14,540.16
2022-03-29 15:42:19,540.09
2022-03-29 15:42:24,540.06
2022-03-29 15:42:29,540.0
2022-03-29 15:42:34,539.93
2022-03-29 15:42:39,539.87
2022-03-29 15:42:44,537.71
2022-03-29 15:42:49,539.71
2022-03-29 15:42:54,539.64
2022-03-29 15:42:59,539.58
2022-03-29 15:43:04,539.48
2022-03-29 15:43:09,539.48
2022-03-29 15:43:14,539.35
2022-03-29 15:43:19,539.29
2022-03-29 15:43:24,539.26
2022-03-29 15:43:29,539.13
2022-03-29 15:43:34,539.07
2022-03-29 15:43:39,538.97
2022-03-29 15:43:44,538.9
2022-03-29 15:43:49,538.84
2022-03-29 15:43:54,538.78
2022-03-29 15:43:59,538.75
2022-03-29 15:44:04,538.68
2022-03-29 15:44:09,538.55
2022-03-29 15:44:14,538.52
2022-03-29 15:44:19,538.46
2022-03-29 15:44:24,538.39
2022-03-29 15:44:29,538.33
2022-03-29 15:44:34,538.26
2022-03-29 15:44:39,538.23
2022-03-29 15:44:44,538.17
2022-03-29 15:44:49,538.1
2022-03-29 15:44:54,538.04
2022-03-29 15:44:59,538.04
2022-03-29 15:45:04,537.95
2022-03-29 15:45:09,537.95
2022-03-29 15:45:14,537.82
2022-03-29 15:45:19,537.82
2022-03-29 15:45:24,537.75
2022-03-29 15:45:29,537.75
2022-03-29 15:45:34,537.72
2022-03-29 15:45:39,537.72
2022-03-29 15:45:44,537.66
2022-03-29 15:45:49,537.59
2022-03-29 15:45:54,537.53
2022-03-29 15:45:59,537.5
2022-03-29 15:46:04,537.43
2022-03-29 15:46:09,537.43
2022-03-29 15:46:14,537.43
2022-03-29 15:46:19,537.37
2022-03-29 15:46:24,537.3
2022-03-29 15:46:29,537.3
2022-03-29 15:46:34,537.24
2022-03-29 15:46:39,537.21
2022-03-29 15:46:44,537.21
2022-03-29 15:46:49,537.14
2022-03-29 15:46:54,537.08
2022-03-29 15:46:59,537.08
2022-03-29 15:47:04,537.08
2022-03-29 15:47:09,537.02
2022-03-29 15:47:14,537.02
2022-03-29 15:47:19,537.08
2022-03-29 15:47:24,537.01
2022-03-29 15:47:29,536.98
2022-03-29 15:47:34,536.98
2022-03-29 15:47:39,536.98
2022-03-29 15:47:44,536.98
2022-03-29 15:47:49,536.98
2022-03-29 15:47:54,536.98
2022-03-29 15:47:59,536.98
2022-03-29 15:48:04,537.01
2022-03-29 15:48:09,537.01
2022-03-29 15:48:14,537.07
2022-03-29 15:48:19,537.01
2022-03-29 15:48:24,537.14
2022-03-29 15:48:29,537.14
2022-03-29 15:48:34,537.14
2022-03-29 15:48:39,537.2
2022-03-29 15:48:44,537.23
2022-03-29 15:48:49,537.23
2022-03-29 15:48:54,537.29
2022-03-29 15:48:59,537.29
2022-03-29 15:49:04,537.36
2022-03-29 15:49:09,537.42
2022-03-29 15:49:14,537.49
2022-03-29 15:49:19,537.49
2022-03-29 15:49:24,537.52
2022-03-29 15:49:29,537.58
2022-03-29 15:49:34,537.65
2022-03-29 15:49:39,537.71
2022-03-29 15:49:44,537.74
2022-03-29 15:49:49,537.81
2022-03-29 15:49:54,537.87
2022-03-29 15:49:59,537.87
2022-03-29 15:50:04,537.93
2022-03-29 15:50:09,537.99
2022-03-29 15:50:14,538.03
2022-03-29 15:50:19,538.09
2022-03-29 15:50:24,538.15
2022-03-29 15:50:29,538.15
2022-03-29 15:50:34,538.22
2022-03-29 15:50:39,538.25
2022-03-29 15:50:44,538.31
2022-03-29 15:50:49,538.31
2022-03-29 15:50:54,538.37
2022-03-29 15:50:59,538.44
2022-03-29 15:51:04,538.5
2022-03-29 15:51:09,538.54
2022-03-29 15:51:14,538.6
2022-03-29 15:51:19,538.6
2022-03-29 15:51:24,538.67
2022-03-29 15:51:29,538.73
2022-03-29 15:51:34,538.77
2022-03-29 15:51:39,538.77
2022-03-29 15:51:44,538.76
2022-03-29 15:51:49,538.83
2022-03-29 15:51:54,538.83
2022-03-29 15:51:59,538.89
2022-03-29 15:52:04,538.96
2022-03-29 15:52:09,538.96
2022-03-29 15:52:14,539.02
2022-03-29 15:52:19,539.02
2022-03-29 15:52:24,539.05
2022-03-29 15:52:29,539.06
2022-03-29 15:52:34,539.12
2022-03-29 15:52:39,539.18
2022-03-29 15:52:44,539.18
2022-03-29 15:52:49,539.25
2022-03-29 15:52:54,539.25
2022-03-29 15:52:59,539.28
2022-03-29 15:53:04,539.35
2022-03-29 15:53:09,539.35
2022-03-29 15:53:14,539.41
2022-03-29 15:53:19,539.41
2022-03-29 15:53:24,539.48
2022-03-29 15:53:29,539.48
2022-03-29 15:53:34,539.54
2022-03-29 15:53:39,539.48
2022-03-29 15:53:44,539.55
2022-03-29 15:53:49,539.58
2022-03-29 15:53:54,539.65
2022-03-29 15:53:59,539.65
2022-03-29 15:54:04,539.64
2022-03-29 15:54:09,539.65
2022-03-29 15:54:14,539.65
2022-03-29 15:54:19,539.78
2022-03-29 15:54:24,539.78
2022-03-29 15:54:29,539.78
2022-03-29 15:54:34,539.78
2022-03-29 15:54:39,539.78
2022-03-29 15:54:44,539.81
2022-03-29 15:54:49,539.81
2022-03-29 15:54:54,539.81
2022-03-29 15:54:59,539.88
2022-03-29 15:55:04,539.88
2022-03-29 15:55:09,539.88
2022-03-29 15:55:14,539.82
2022-03-29 15:55:19,539.82
2022-03-29 15:55:24,539.82
2022-03-29 15:55:29,539.82
2022-03-29 15:55:34,539.82
2022-03-29 15:55:39,539.79
2022-03-29 15:55:44,539.79
2022-03-29 15:55:49,539.79
2022-03-29 15:55:54,539.79
2022-03-29 15:55:59,539.79
2022-03-29 15:56:04,539.73
2022-03-29 15:56:09,539.73
2022-03-29 15:56:14,539.66
2022-03-29 15:56:19,539.73
2022-03-29 15:56:24,539.66
2022-03-29 15:56:29,539.66
2022-03-29 15:56:34,539.66
2022-03-29 15:56:39,539.66
2022-03-29 15:56:44,539.57
2022-03-29 15:56:49,539.6
2022-03-29 15:56:54,539.57
2022-03-29 15:56:59,539.57
2022-03-29 15:57:04,539.57
2022-03-29 15:57:09,539.6
2022-03-29 15:57:14,539.51
2022-03-29 15:57:19,539.57
2022-03-29 15:57:24,539.51
2022-03-29 15:57:29,539.51
2022-03-29 15:57:34,539.51
2022-03-29 15:57:39,539.51
2022-03-29 15:57:44,539.44
2022-03-29 15:57:49,539.38
2022-03-29 15:57:54,539.38
2022-03-29 15:57:59,539.38
2022-03-29 15:58:04,539.31
2022-03-29 15:58:09,539.31
2022-03-29 15:58:14,539.28
2022-03-29 15:58:19,539.22
2022-03-29 15:58:24,539.22
2022-03-29 15:58:29,539.15
2022-03-29 15:58:34,539.15
2022-03-29 15:58:39,539.09
2022-03-29 15:58:44,539.05
2022-03-29 15:58:49,539.05
2022-03-29 15:58:54,538.99
2022-03-29 15:58:59,538.86
2022-03-29 15:59:04,538.8
2022-03-29 15:59:09,538.8
2022-03-29 15:59:14,538.76
2022-03-29 15:59:19,538.69
2022-03-29 15:59:24,538.63
2022-03-29 15:59:29,538.57
2022-03-29 15:59:34,538.54
2022-03-29 15:59:39,538.47
2022-03-29 15:59:44,538.47
2022-03-29 15:59:49,538.41
2022-03-29 15:59:54,538.28
2022-03-29 15:59:59,538.24
2022-03-29 16:00:04,538.18
2022-03-29 16:00:09,538.11
2022-03-29 16:00:14,538.05
2022-03-29 16:00:19,538.05
2022-03-29 16:00:24,537.95
2022-03-29 16:00:29,537.89
2022-03-29 16:00:34,537.82
2022-03-29 16:00:39,537.76
2022-03-29 16:00:44,537.72
2022-03-29 16:00:49,537.59
2022-03-29 16:00:54,537.53
2022-03-29 16:00:59,537.43
2022-03-29 16:01:04,537.43
2022-03-29 16:01:09,537.3
2022-03-29 16:01:14,537.3
2022-03-29 16:01:19,537.21
2022-03-29 16:01:24,537.14
2022-03-29 16:01:29,537.08
2022-03-29 16:01:34,537.01
2022-03-29 16:01:39,536.92
2022-03-29 16:01:44,536.92
2022-03-29 16:01:49,536.85
2022-03-29 16:01:54,536.72
2022-03-29 16:01:59,536.73
2022-03-29 16:02:04,536.63
2022-03-29 16:02:09,536.56
2022-03-29 16:02:14,536.5
2022-03-29 16:02:19,536.47
2022-03-29 16:02:24,536.34
2022-03-29 16:02:29,536.27
2022-03-29 16:02:34,536.21
2022-03-29 16:02:39,536.18
2022-03-29 16:02:44,536.11
2022-03-29 16:02:49,536.05
2022-03-29 16:02:54,535.99
2022-03-29 16:02:59,535.95
2022-03-29 16:03:04,535.83
2022-03-29 16:03:09,535.76
2022-03-29 16:03:14,535.7
2022-03-29 16:03:19,535.67
2022-03-29 16:03:24,535.6
2022-03-29 16:03:29,535.54
2022-03-29 16:03:34,535.44
2022-03-29 16:03:39,535.38
2022-03-29 16:03:44,535.32
2022-03-29 16:03:49,535.19
2022-03-29 16:03:54,535.15
2022-03-29 16:03:59,535.03
2022-03-29 16:04:04,534.96
2022-03-29 16:04:09,534.87
2022-03-29 16:04:14,534.87
2022-03-29 16:04:19,534.74
2022-03-29 16:04:24,534.64
2022-03-29 16:04:29,534.64
2022-03-29 16:04:34,534.52
2022-03-29 16:04:39,534.45
2022-03-29 16:04:44,534.45
2022-03-29 16:04:49,534.36
2022-03-29 16:04:54,534.29
2022-03-29 16:04:59,534.17
2022-03-29 16:05:04,534.13
2022-03-29 16:05:09,534.07
2022-03-29 16:05:14,534.0
2022-03-29 16:05:19,533.94
2022-03-29 16:05:24,533.84
2022-03-29 16:05:29,533.78
2022-03-29 16:05:34,533.65
2022-03-29 16:05:39,533.62
2022-03-29 16:05:44,533.56
2022-03-29 16:05:49,533.43
2022-03-29 16:05:54,533.39
2022-03-29 16:05:59,533.33
2022-03-29 16:06:04,533.27
2022-03-29 16:06:09,533.14
2022-03-29 16:06:14,533.14
2022-03-29 16:06:19,533.11
2022-03-29 16:06:24,533.04
2022-03-29 16:06:29,532.91
2022-03-29 16:06:34,532.88
2022-03-29 16:06:39,532.82
2022-03-29 16:06:44,532.69
2022-03-29 16:06:49,532.69
2022-03-29 16:06:54,532.62
2022-03-29 16:06:59,532.53
2022-03-29 16:07:04,532.53
2022-03-29 16:07:09,532.4
2022-03-29 16:07:14,537.71
2022-03-29 16:07:19,532.3
2022-03-29 16:07:24,532.3
2022-03-29 16:07:29,532.17
2022-03-29 16:07:34,532.11
2022-03-29 16:07:39,532.11
2022-03-29 16:07:44,532.07
2022-03-29 16:07:49,532.01
2022-03-29 16:07:54,531.94
2022-03-29 16:07:59,531.88
2022-03-29 16:08:04,531.88
2022-03-29 16:08:09,531.85
2022-03-29 16:08:14,531.85
2022-03-29 16:08:19,531.78
2022-03-29 16:08:24,531.78
2022-03-29 16:08:29,531.78
2022-03-29 16:08:34,531.72
2022-03-29 16:08:39,531.72
2022-03-29 16:08:44,531.72
2022-03-29 16:08:49,531.65
2022-03-29 16:08:54,531.59
2022-03-29 16:08:59,531.59
2022-03-29 16:09:04,531.59
2022-03-29 16:09:09,531.59
2022-03-29 16:09:14,531.55
2022-03-29 16:09:19,531.55
2022-03-29 16:09:24,531.55
2022-03-29 16:09:29,531.55
2022-03-29 16:09:34,531.49
2022-03-29 16:09:39,531.49
2022-03-29 16:09:44,531.42
2022-03-29 16:09:49,531.42
2022-03-29 16:09:54,531.49
2022-03-29 16:09:59,531.49
2022-03-29 16:10:04,531.42
2022-03-29 16:10:09,531.49
2022-03-29 16:10:14,531.48
2022-03-29 16:10:19,531.55
2022-03-29 16:10:24,531.48
2022-03-29 16:10:29,537.71
2022-03-29 16:10:34,531.55
2022-03-29 16:10:39,531.54
2022-03-29 16:10:44,531.54
2022-03-29 16:10:49,531.57
2022-03-29 16:10:54,537.71
2022-03-29 16:10:59,531.64
2022-03-29 16:11:04,531.57
2022-03-29 16:11:09,531.64
2022-03-29 16:11:14,531.7
2022-03-29 16:11:19,531.7
2022-03-29 16:11:24,531.77
2022-03-29 16:11:29,531.77
2022-03-29 16:11:34,531.83
2022-03-29 16:11:39,531.83
2022-03-29 16:11:44,531.86
2022-03-29 16:11:49,531.86
2022-03-29 16:11:54,531.93
2022-03-29 16:11:59,531.93
2022-03-29 16:12:04,532.0
2022-03-29 16:12:09,531.99
2022-03-29 16:12:14,532.06
2022-03-29 16:12:19,532.09
2022-03-29 16:12:24,532.09
2022-03-29 16:12:29,532.22
2022-03-29 16:12:34,532.29
2022-03-29 16:12:39,532.28
2022-03-29 16:12:44,532.35
2022-03-29 16:12:49,532.35
2022-03-29 16:12:54,532.45
2022-03-29 16:12:59,532.45
2022-03-29 16:13:04,532.51
2022-03-29 16:13:09,532.58
2022-03-29 16:13:14,532.61
2022-03-29 16:13:19,532.67
2022-03-29 16:13:24,532.74
2022-03-29 16:13:29,532.81
2022-03-29 16:13:34,532.81
2022-03-29 16:13:39,532.87
2022-03-29 16:13:44,532.9
2022-03-29 16:13:49,532.97
2022-03-29 16:13:54,533.03
2022-03-29 16:13:59,533.1
2022-03-29 16:14:04,533.13
2022-03-29 16:14:09,533.19
2022-03-29 16:14:14,533.26
2022-03-29 16:14:19,533.26
2022-03-29 16:14:24,533.33
2022-03-29 16:14:29,533.39
2022-03-29 16:14:34,533.42
2022-03-29 16:14:39,533.49
2022-03-29 16:14:44,533.55
2022-03-29 16:14:49,533.62
2022-03-29 16:14:54,533.71
2022-03-29 16:14:59,533.71
2022-03-29 16:15:04,533.78
2022-03-29 16:15:09,533.85
2022-03-29 16:15:14,533.91
2022-03-29 16:15:19,533.94
2022-03-29 16:15:24,534.01
2022-03-29 16:15:29,534.07
2022-03-29 16:15:34,534.14
2022-03-29 16:15:39,534.17
2022-03-29 16:15:44,534.23
2022-03-29 16:15:49,534.23
2022-03-29 16:15:54,534.3
2022-03-29 16:15:59,534.36
2022-03-29 16:16:04,534.46
2022-03-29 16:16:09,534.46
2022-03-29 16:16:14,534.46
2022-03-29 16:16:19,534.52
2022-03-29 16:16:24,534.59
2022-03-29 16:16:29,534.65
2022-03-29 16:16:34,534.65
2022-03-29 16:16:39,534.69
2022-03-29 16:16:44,534.69
2022-03-29 16:16:49,534.75
2022-03-29 16:16:54,534.82
2022-03-29 16:16:59,534.88
2022-03-29 16:17:04,534.94
2022-03-29 16:17:09,534.98
2022-03-29 16:17:14,535.04
2022-03-29 16:17:19,535.1
2022-03-29 16:17:24,535.11
2022-03-29 16:17:29,535.17
2022-03-29 16:17:34,535.2
2022-03-29 16:17:39,535.27
2022-03-29 16:17:44,535.39
2022-03-29 16:17:49,535.39
2022-03-29 16:17:54,535.39
2022-03-29 16:17:59,535.46
2022-03-29 16:18:04,535.55
2022-03-29 16:18:09,535.62
2022-03-29 16:18:14,535.68
2022-03-29 16:18:19,535.68
2022-03-29 16:18:24,535.71
2022-03-29 16:18:29,535.78
2022-03-29 16:18:34,535.84
2022-03-29 16:18:39,535.91
2022-03-29 16:18:44,535.91
2022-03-29 16:18:49,535.97
2022-03-29 16:18:54,536.06
2022-03-29 16:18:59,536.06
2022-03-29 16:19:04,536.13
2022-03-29 16:19:09,536.13
2022-03-29 16:19:14,536.19
2022-03-29 16:19:19,536.23
2022-03-29 16:19:24,536.22
2022-03-29 16:19:29,536.22
2022-03-29 16:19:34,536.29
2022-03-29 16:19:39,536.29
2022-03-29 16:19:44,536.35
2022-03-29 16:19:49,536.35
2022-03-29 16:19:54,536.41
2022-03-29 16:19:59,536.41
2022-03-29 16:20:04,536.41
2022-03-29 16:20:09,536.48
2022-03-29 16:20:14,536.48
2022-03-29 16:20:19,536.51
2022-03-29 16:20:24,536.48
2022-03-29 16:20:29,536.51
2022-03-29 16:20:34,536.51
2022-03-29 16:20:39,536.51
2022-03-29 16:20:44,536.5
2022-03-29 16:20:49,536.47
2022-03-29 16:20:54,536.51
2022-03-29 16:20:59,536.51
2022-03-29 16:21:04,536.51
2022-03-29 16:21:09,536.5
2022-03-29 16:21:14,536.57
2022-03-29 16:21:19,536.57
2022-03-29 16:21:24,536.57
2022-03-29 16:21:29,536.57
2022-03-29 16:21:34,536.57
2022-03-29 16:21:39,536.63
2022-03-29 16:21:44,536.64
2022-03-29 16:21:49,536.63
2022-03-29 16:21:54,536.7
2022-03-29 16:21:59,536.73
2022-03-29 16:22:04,536.73
2022-03-29 16:22:09,536.7
2022-03-29 16:22:14,536.7
2022-03-29 16:22:19,536.73
2022-03-29 16:22:24,536.73
2022-03-29 16:22:29,536.73
2022-03-29 16:22:34,536.73
2022-03-29 16:22:39,536.73
2022-03-29 16:22:44,536.8
2022-03-29 16:22:49,536.8
2022-03-29 16:22:54,536.8
2022-03-29 16:22:59,536.8
2022-03-29 16:23:04,536.86
2022-03-29 16:23:09,536.8
2022-03-29 16:23:14,536.73
2022-03-29 16:23:19,536.73
2022-03-29 16:23:24,536.8
2022-03-29 16:23:29,536.73
2022-03-29 16:23:34,536.8
2022-03-29 16:23:39,536.8
2022-03-29 16:23:44,536.8
2022-03-29 16:23:49,536.8
2022-03-29 16:23:54,536.8
2022-03-29 16:23:59,536.8
2022-03-29 16:24:04,536.81
2022-03-29 16:24:09,536.74
2022-03-29 16:24:14,536.8
2022-03-29 16:24:19,536.74
2022-03-29 16:24:24,536.81
2022-03-29 16:24:29,536.74
2022-03-29 16:24:34,536.74
2022-03-29 16:24:39,536.74
2022-03-29 16:24:44,536.74
2022-03-29 16:24:49,536.74
2022-03-29 16:24:54,536.75
2022-03-29 16:24:59,536.81
2022-03-29 16:25:04,536.81
2022-03-29 16:25:09,536.88
2022-03-29 16:25:14,536.81
2022-03-29 16:25:19,537.71
2022-03-29 16:25:24,536.81
2022-03-29 16:25:29,536.81
2022-03-29 16:25:34,536.81
2022-03-29 16:25:39,536.81
2022-03-29 16:25:44,536.82
2022-03-29 16:25:49,536.82
2022-03-29 16:25:54,536.82
2022-03-29 16:25:59,536.75
2022-03-29 16:26:04,536.75
2022-03-29 16:26:09,536.66
2022-03-29 16:26:14,536.72
2022-03-29 16:26:19,536.66
2022-03-29 16:26:24,536.66
2022-03-29 16:26:29,536.66
2022-03-29 16:26:34,536.59
2022-03-29 16:26:39,536.53
2022-03-29 16:26:44,536.53
2022-03-29 16:26:49,536.53
2022-03-29 16:26:54,536.5
2022-03-29 16:26:59,536.5
2022-03-29 16:27:04,536.37
2022-03-29 16:27:09,536.37
2022-03-29 16:27:14,536.37
2022-03-29 16:27:19,536.37
2022-03-29 16:27:24,536.31
2022-03-29 16:27:29,536.24
2022-03-29 16:27:34,536.21
2022-03-29 16:27:39,536.21
2022-03-29 16:27:44,536.15
2022-03-29 16:27:49,536.02
2022-03-29 16:27:54,536.02
2022-03-29 16:27:59,535.99
2022-03-29 16:28:04,535.99
2022-03-29 16:28:09,535.98
2022-03-29 16:28:14,535.86
2022-03-29 16:28:19,535.79
2022-03-29 16:28:24,535.73
2022-03-29 16:28:29,535.73
2022-03-29 16:28:34,535.63
2022-03-29 16:28:39,535.57
2022-03-29 16:28:44,535.5
2022-03-29 16:28:49,535.47
2022-03-29 16:28:54,535.41
2022-03-29 16:28:59,535.34
2022-03-29 16:29:04,535.28
2022-03-29 16:29:09,535.18
2022-03-29 16:29:14,535.18
2022-03-29 16:29:19,535.04
2022-03-29 16:29:24,534.98
2022-03-29 16:29:29,534.98
2022-03-29 16:29:34,534.89
2022-03-29 16:29:39,534.89
2022-03-29 16:29:44,534.82
2022-03-29 16:29:49,534.76
2022-03-29 16:29:54,534.69
2022-03-29 16:29:59,534.69
2022-03-29 16:30:04,534.66
2022-03-29 16:30:09,534.66
2022-03-29 16:30:14,534.6
2022-03-29 16:30:19,534.53
2022-03-29 16:30:24,534.46
2022-03-29 16:30:29,534.47
2022-03-29 16:30:34,534.47
2022-03-29 16:30:39,534.37
2022-03-29 16:30:44,534.37
2022-03-29 16:30:49,534.37
2022-03-29 16:30:54,534.3
2022-03-29 16:30:59,534.3
2022-03-29 16:31:04,534.24
2022-03-29 16:31:09,534.17
2022-03-29 16:31:14,534.17
2022-03-29 16:31:19,534.14
2022-03-29 16:31:24,534.14
2022-03-29 16:31:29,534.08
2022-03-29 16:31:34,534.08
2022-03-29 16:31:39,534.01
2022-03-29 16:31:44,534.01
2022-03-29 16:31:49,534.01
2022-03-29 16:31:54,533.95
2022-03-29 16:31:59,533.95
2022-03-29 16:32:04,533.95
2022-03-29 16:32:09,533.91
2022-03-29 16:32:14,533.91
2022-03-29 16:32:19,533.92
2022-03-29 16:32:24,533.85
2022-03-29 16:32:29,533.79
2022-03-29 16:32:34,533.79
2022-03-29 16:32:39,533.79
2022-03-29 16:32:44,533.79
2022-03-29 16:32:49,533.72
2022-03-29 16:32:54,533.72
2022-03-29 16:32:59,533.72
2022-03-29 16:33:04,533.73
2022-03-29 16:33:09,533.66
2022-03-29 16:33:14,533.63
2022-03-29 16:33:19,533.66
2022-03-29 16:33:24,533.63
2022-03-29 16:33:29,533.57
2022-03-29 16:33:34,533.57
2022-03-29 16:33:39,533.57
2022-03-29 16:33:44,533.5
2022-03-29 16:33:49,533.5
2022-03-29 16:33:54,533.5
2022-03-29 16:33:59,533.44
2022-03-29 16:34:04,533.44
2022-03-29 16:34:09,533.44
2022-03-29 16:34:14,533.44
2022-03-29 16:34:19,533.44
2022-03-29 16:34:24,533.41
2022-03-29 16:34:29,533.41
2022-03-29 16:34:34,533.35
2022-03-29 16:34:39,533.41
2022-03-29 16:34:44,533.35
2022-03-29 16:34:49,533.35
2022-03-29 16:34:54,533.35
2022-03-29 16:34:59,533.35
2022-03-29 16:35:04,533.36
2022-03-29 16:35:09,533.29
2022-03-29 16:35:14,533.29
2022-03-29 16:35:19,533.29
2022-03-29 16:35:24,533.29
2022-03-29 16:35:29,533.23
2022-03-29 16:35:34,533.23
2022-03-29 16:35:39,533.29
2022-03-29 16:35:44,533.23
2022-03-29 16:35:49,533.23
2022-03-29 16:35:54,533.3
2022-03-29 16:35:59,533.23
2022-03-29 16:36:04,533.23
2022-03-29 16:36:09,533.23
2022-03-29 16:36:14,533.23
2022-03-29 16:36:19,533.24
2022-03-29 16:36:24,533.17
2022-03-29 16:36:29,533.17
2022-03-29 16:36:34,533.17
2022-03-29 16:36:39,533.17
2022-03-29 16:36:44,533.17
2022-03-29 16:36:49,533.17
2022-03-29 16:36:54,533.17
2022-03-29 16:36:59,533.17
2022-03-29 16:37:04,533.17
2022-03-29 16:37:09,533.14
2022-03-29 16:37:14,533.17
2022-03-29 16:37:19,533.14
2022-03-29 16:37:24,533.17
2022-03-29 16:37:29,533.14
2022-03-29 16:37:34,533.14
2022-03-29 16:37:39,533.14
2022-03-29 16:37:44,533.14
2022-03-29 16:37:49,533.08
2022-03-29 16:37:54,533.08
2022-03-29 16:37:59,533.08
2022-03-29 16:38:04,533.08
2022-03-29 16:38:09,533.08
2022-03-29 16:38:14,533.08
2022-03-29 16:38:19,533.01
2022-03-29 16:38:24,533.02
2022-03-29 16:38:29,533.01
2022-03-29 16:38:34,532.95
2022-03-29 16:38:39,533.02
2022-03-29 16:38:44,533.02
2022-03-29 16:38:49,533.01
2022-03-29 16:38:54,533.01
2022-03-29 16:38:59,533.01
2022-03-29 16:39:04,537.71
2022-03-29 16:39:09,533.01
2022-03-29 16:39:14,532.91
2022-03-29 16:39:19,533.01
2022-03-29 16:39:24,532.95
2022-03-29 16:39:29,532.95
2022-03-29 16:39:34,532.91
2022-03-29 16:39:39,532.95
2022-03-29 16:39:44,532.95
2022-03-29 16:39:49,532.95
2022-03-29 16:39:54,532.95
2022-03-29 16:39:59,532.95
2022-03-29 16:40:04,532.91
2022-03-29 16:40:09,532.91
2022-03-29 16:40:14,532.95
2022-03-29 16:40:19,532.94
2022-03-29 16:40:24,533.01
2022-03-29 16:40:29,532.91
2022-03-29 16:40:34,532.94
2022-03-29 16:40:39,532.91
2022-03-29 16:40:44,532.91
2022-03-29 16:40:49,532.91
2022-03-29 16:40:54,532.91
2022-03-29 16:40:59,532.91
2022-03-29 16:41:04,532.91
2022-03-29 16:41:09,532.91
2022-03-29 16:41:14,532.85
2022-03-29 16:41:19,532.85
2022-03-29 16:41:24,532.78
2022-03-29 16:41:29,532.78
2022-03-29 16:41:34,532.72
2022-03-29 16:41:39,532.78
2022-03-29 16:41:44,532.72
2022-03-29 16:41:49,532.72
2022-03-29 16:41:54,532.72
2022-03-29 16:41:59,532.72
2022-03-29 16:42:04,532.65
2022-03-29 16:42:09,532.65
2022-03-29 16:42:14,532.65
2022-03-29 16:42:19,532.66
2022-03-29 16:42:24,532.62
2022-03-29 16:42:29,532.62
2022-03-29 16:42:34,532.62
2022-03-29 16:42:39,532.62
2022-03-29 16:42:44,532.62
2022-03-29 16:42:49,532.56
2022-03-29 16:42:54,532.56
2022-03-29 16:42:59,532.56
2022-03-29 16:43:04,532.56
2022-03-29 16:43:09,532.56
2022-03-29 16:43:14,532.5
2022-03-29 16:43:19,532.5
2022-03-29 16:43:24,532.5
2022-03-29 16:43:29,532.5
2022-03-29 16:43:34,532.43
2022-03-29 16:43:39,532.44
2022-03-29 16:43:44,532.44
2022-03-29 16:43:49,532.4
2022-03-29 16:43:54,532.34
2022-03-29 16:43:59,532.34
2022-03-29 16:44:04,532.34
2022-03-29 16:44:09,532.28
2022-03-29 16:44:14,532.28
2022-03-29 16:44:19,532.22
2022-03-29 16:44:24,532.16
2022-03-29 16:44:29,532.22
2022-03-29 16:44:34,532.16
2022-03-29 16:44:39,532.16
2022-03-29 16:44:44,532.16
2022-03-29 16:44:49,532.13
2022-03-29 16:44:54,532.06
2022-03-29 16:44:59,532.07
2022-03-29 16:45:04,532.07
2022-03-29 16:45:09,532.07
2022-03-29 16:45:14,532.07
2022-03-29 16:45:19,532.01
2022-03-29 16:45:24,532.01
2022-03-29 16:45:29,531.94
2022-03-29 16:45:34,531.94
2022-03-29 16:45:39,531.94
2022-03-29 16:45:44,531.95
2022-03-29 16:45:49,531.95
2022-03-29 16:45:54,531.95
2022-03-29 16:45:59,531.95
2022-03-29 16:46:04,531.92
2022-03-29 16:46:09,531.95
2022-03-29 16:46:14,531.92
2022-03-29 16:46:19,531.95
2022-03-29 16:46:24,531.95
2022-03-29 16:46:29,531.92
2022-03-29 16:46:34,531.92
2022-03-29 16:46:39,531.92
2022-03-29 16:46:44,531.92
2022-03-29 16:46:49,531.92
2022-03-29 16:46:54,531.96
2022-03-29 16:46:59,531.93
2022-03-29 16:47:04,531.93
2022-03-29 16:47:09,531.93
2022-03-29 16:47:14,531.92
2022-03-29 16:47:19,531.93
2022-03-29 16:47:24,531.93
2022-03-29 16:47:29,531.93
2022-03-29 16:47:34,531.96
2022-03-29 16:47:39,531.96
2022-03-29 16:47:44,531.93
2022-03-29 16:47:49,531.96
2022-03-29 16:47:54,531.96
2022-03-29 16:47:59,531.93
2022-03-29 16:48:04,531.96
2022-03-29 16:48:09,531.96
2022-03-29 16:48:14,531.96
2022-03-29 16:48:19,531.96
2022-03-29 16:48:24,531.96
2022-03-29 16:48:29,531.96
2022-03-29 16:48:34,532.03
2022-03-29 16:48:39,532.03
2022-03-29 16:48:44,532.03
2022-03-29 16:48:49,532.03
2022-03-29 16:48:54,532.03
2022-03-29 16:48:59,532.03
2022-03-29 16:49:04,532.09
2022-03-29 16:49:09,532.03
2022-03-29 16:49:14,532.09
2022-03-29 16:49:19,532.09
2022-03-29 16:49:24,532.09
2022-03-29 16:49:29,532.09
2022-03-29 16:49:34,532.16
2022-03-29 16:49:39,532.09
2022-03-29 16:49:44,532.09
2022-03-29 16:49:49,532.09
2022-03-29 16:49:54,532.09
2022-03-29 16:49:59,532.09
2022-03-29 16:50:04,532.09
2022-03-29 16:50:09,532.02
2022-03-29 16:50:14,532.09
2022-03-29 16:50:19,532.02
2022-03-29 16:50:24,532.02
2022-03-29 16:50:29,531.96
2022-03-29 16:50:34,531.96
2022-03-29 16:50:39,531.96
2022-03-29 16:50:44,531.96
2022-03-29 16:50:49,531.96
2022-03-29 16:50:54,531.92
2022-03-29 16:50:59,537.71
2022-03-29 16:51:04,531.92
2022-03-29 16:51:09,531.92
2022-03-29 16:51:14,531.86
2022-03-29 16:51:19,531.86
2022-03-29 16:51:24,531.86
2022-03-29 16:51:29,531.8
2022-03-29 16:51:34,531.86
2022-03-29 16:51:39,531.86
2022-03-29 16:51:44,531.86
2022-03-29 16:51:49,531.86
2022-03-29 16:51:54,531.86
2022-03-29 16:51:59,531.86
2022-03-29 16:52:04,531.86
2022-03-29 16:52:09,531.86
2022-03-29 16:52:14,531.8
2022-03-29 16:52:19,531.86
2022-03-29 16:52:24,531.86
2022-03-29 16:52:29,531.86
2022-03-29 16:52:34,531.8
2022-03-29 16:52:39,531.8
2022-03-29 16:52:44,531.8
2022-03-29 16:52:49,531.86
2022-03-29 16:52:54,531.8
2022-03-29 16:52:59,531.8
2022-03-29 16:53:04,531.86
2022-03-29 16:53:09,531.86
2022-03-29 16:53:14,531.8
2022-03-29 16:53:19,531.87
2022-03-29 16:53:24,531.86
2022-03-29 16:53:29,531.93
2022-03-29 16:53:34,531.87
2022-03-29 16:53:39,531.8
2022-03-29 16:53:44,531.8
2022-03-29 16:53:49,531.87
2022-03-29 16:53:54,531.8
2022-03-29 16:53:59,531.8
2022-03-29 16:54:04,531.81
2022-03-29 16:54:09,531.74
2022-03-29 16:54:14,531.81
2022-03-29 16:54:19,531.81
2022-03-29 16:54:24,531.74
2022-03-29 16:54:29,531.74
2022-03-29 16:54:34,531.81
2022-03-29 16:54:39,531.81
2022-03-29 16:54:44,531.75
2022-03-29 16:54:49,531.81
2022-03-29 16:54:54,531.82
2022-03-29 16:54:59,531.88
2022-03-29 16:55:04,531.82
2022-03-29 16:55:09,531.88
2022-03-29 16:55:14,531.88
2022-03-29 16:55:19,531.88
2022-03-29 16:55:24,531.88
2022-03-29 16:55:29,531.88
2022-03-29 16:55:34,531.88
2022-03-29 16:55:39,531.88
2022-03-29 16:55:44,531.95
2022-03-29 16:55:49,531.98
2022-03-29 16:55:54,531.95
2022-03-29 16:55:59,531.98
2022-03-29 16:56:04,531.95
2022-03-29 16:56:09,531.95
2022-03-29 16:56:14,531.99
2022-03-29 16:56:19,531.99
2022-03-29 16:56:24,531.99
2022-03-29 16:56:29,531.96
2022-03-29 16:56:34,531.99
2022-03-29 16:56:39,531.99
2022-03-29 16:56:44,531.99
2022-03-29 16:56:49,531.99
2022-03-29 16:56:54,531.96
2022-03-29 16:56:59,531.99
2022-03-29 16:57:04,531.99
2022-03-29 16:57:09,531.99
2022-03-29 16:57:14,532.05
2022-03-29 16:57:19,531.99
2022-03-29 16:57:24,531.99
2022-03-29 16:57:29,531.99
2022-03-29 16:57:34,532.05
2022-03-29 16:57:39,531.99
2022-03-29 16:57:44,531.96
2022-03-29 16:57:49,531.99
2022-03-29 16:57:54,531.96
2022-03-29 16:57:59,531.96
2022-03-29 16:58:04,531.89
2022-03-29 16:58:09,531.96
2022-03-29 16:58:14,531.96
2022-03-29 16:58:19,531.89
2022-03-29 16:58:24,531.89
2022-03-29 16:58:29,531.89
2022-03-29 16:58:34,531.83
2022-03-29 16:58:39,531.89
2022-03-29 16:58:44,531.89
2022-03-29 16:58:49,531.89
2022-03-29 16:58:54,531.83
2022-03-29 16:58:59,531.83
2022-03-29 16:59:04,531.83
2022-03-29 16:59:09,531.83
2022-03-29 16:59:14,531.83
2022-03-29 16:59:19,531.89
2022-03-29 16:59:24,531.83
2022-03-29 16:59:29,531.76
2022-03-29 16:59:34,531.82
2022-03-29 16:59:39,531.76
2022-03-29 16:59:44,531.76
2022-03-29 16:59:49,531.7
2022-03-29 16:59:54,531.76
2022-03-29 16:59:59,531.69
2022-03-29 17:00:04,531.69
2022-03-29 17:00:09,531.7
2022-03-29 17:00:14,531.69
2022-03-29 17:00:19,531.66
2022-03-29 17:00:24,531.66
2022-03-29 17:00:29,531.66
2022-03-29 17:00:34,531.66
2022-03-29 17:00:39,531.66
2022-03-29 17:00:44,531.59
2022-03-29 17:00:49,531.66
2022-03-29 17:00:54,531.66
2022-03-29 17:00:59,531.69
2022-03-29 17:01:04,531.66
2022-03-29 17:01:09,531.59
2022-03-29 17:01:14,531.59
2022-03-29 17:01:19,531.59
2022-03-29 17:01:24,531.59
2022-03-29 17:01:29,531.53
2022-03-29 17:01:34,531.52
2022-03-29 17:01:39,531.59
2022-03-29 17:01:44,531.53
2022-03-29 17:01:49,531.46
2022-03-29 17:01:54,531.52
2022-03-29 17:01:59,531.46
2022-03-29 17:02:04,531.46
2022-03-29 17:02:09,531.46
2022-03-29 17:02:14,531.53
2022-03-29 17:02:19,531.52
2022-03-29 17:02:24,531.46
2022-03-29 17:02:29,531.46
2022-03-29 17:02:34,531.53
2022-03-29 17:02:39,531.46
2022-03-29 17:02:44,531.46
2022-03-29 17:02:49,531.46
2022-03-29 17:02:54,531.53
2022-03-29 17:02:59,531.53
2022-03-29 17:03:04,531.53
2022-03-29 17:03:09,531.53
2022-03-29 17:03:14,531.53
2022-03-29 17:03:19,531.46
2022-03-29 17:03:24,531.46
2022-03-29 17:03:29,531.46
2022-03-29 17:03:34,531.47
2022-03-29 17:03:39,531.53
2022-03-29 17:03:44,531.43
2022-03-29 17:03:49,531.47
2022-03-29 17:03:54,531.47
2022-03-29 17:03:59,531.47
2022-03-29 17:04:04,531.44
2022-03-29 17:04:09,531.44
2022-03-29 17:04:14,531.37
2022-03-29 17:04:19,531.37
2022-03-29 17:04:24,531.31
2022-03-29 17:04:29,531.25
2022-03-29 17:04:34,531.31
2022-03-29 17:04:39,531.25
2022-03-29 17:04:44,531.25
2022-03-29 17:04:49,531.19
2022-03-29 17:04:54,531.15
2022-03-29 17:04:59,531.15
2022-03-29 17:05:04,531.15
2022-03-29 17:05:09,531.09
2022-03-29 17:05:14,531.02
2022-03-29 17:05:19,531.02
2022-03-29 17:05:24,531.03
2022-03-29 17:05:29,530.96
2022-03-29 17:05:34,530.93
2022-03-29 17:05:39,530.93
2022-03-29 17:05:44,530.87
2022-03-29 17:05:49,530.8
2022-03-29 17:05:54,530.81
2022-03-29 17:05:59,530.74
2022-03-29 17:06:04,530.68
2022-03-29 17:06:09,530.68
2022-03-29 17:06:14,530.68
2022-03-29 17:06:19,530.68
2022-03-29 17:06:24,530.65
2022-03-29 17:06:29,530.58
2022-03-29 17:06:34,530.58
2022-03-29 17:06:39,530.58
2022-03-29 17:06:44,530.58
2022-03-29 17:06:49,530.52
2022-03-29 17:06:54,530.52
2022-03-29 17:06:59,530.45
2022-03-29 17:07:04,530.45
2022-03-29 17:07:09,530.45
2022-03-29 17:07:14,530.46
2022-03-29 17:07:19,530.42
2022-03-29 17:07:24,530.36
2022-03-29 17:07:29,530.42
2022-03-29 17:07:34,530.43
2022-03-29 17:07:39,530.36
2022-03-29 17:07:44,530.3
2022-03-29 17:07:49,530.3
2022-03-29 17:07:54,530.3
2022-03-29 17:07:59,530.3
2022-03-29 17:08:04,530.23
2022-03-29 17:08:09,530.23
2022-03-29 17:08:14,530.23
2022-03-29 17:08:19,530.23
2022-03-29 17:08:24,530.23
2022-03-29 17:08:29,530.17
2022-03-29 17:08:34,530.17
2022-03-29 17:08:39,530.17
2022-03-29 17:08:44,530.14
2022-03-29 17:08:49,530.23
2022-03-29 17:08:54,530.17
2022-03-29 17:08:59,530.17
2022-03-29 17:09:04,530.17
2022-03-29 17:09:09,530.17
2022-03-29 17:09:14,530.07
2022-03-29 17:09:19,530.14
2022-03-29 17:09:24,530.14
2022-03-29 17:09:29,530.13
2022-03-29 17:09:34,530.14
2022-03-29 17:09:39,537.71
2022-03-29 17:09:44,530.14
2022-03-29 17:09:49,530.07
2022-03-29 17:09:54,530.13
2022-03-29 17:09:59,530.07
2022-03-29 17:10:04,530.07
2022-03-29 17:10:09,530.07
2022-03-29 17:10:14,530.07
2022-03-29 17:10:19,537.71
2022-03-29 17:10:24,530.07
2022-03-29 17:10:29,530.07
2022-03-29 17:10:34,530.07
2022-03-29 17:10:39,530.07
2022-03-29 17:10:44,530.07
2022-03-29 17:10:49,530.07
2022-03-29 17:10:54,530.07
2022-03-29 17:10:59,530.07
2022-03-29 17:11:04,530.07
2022-03-29 17:11:09,530.0
2022-03-29 17:11:14,530.0
2022-03-29 17:11:19,530.0
2022-03-29 17:11:24,529.94
2022-03-29 17:11:29,529.94
2022-03-29 17:11:34,529.94
2022-03-29 17:11:39,529.94
2022-03-29 17:11:44,529.91
2022-03-29 17:11:49,529.91
2022-03-29 17:11:54,529.84
2022-03-29 17:11:59,529.84
2022-03-29 17:12:04,529.84
2022-03-29 17:12:09,529.84
2022-03-29 17:12:14,529.78
2022-03-29 17:12:19,529.84
2022-03-29 17:12:24,529.78
2022-03-29 17:12:29,529.85
2022-03-29 17:12:34,529.78
2022-03-29 17:12:39,529.78
2022-03-29 17:12:44,529.84
2022-03-29 17:12:49,529.84
2022-03-29 17:12:54,529.78
2022-03-29 17:12:59,529.78
2022-03-29 17:13:04,529.85
2022-03-29 17:13:09,529.85
2022-03-29 17:13:14,529.85
2022-03-29 17:13:19,529.79
2022-03-29 17:13:24,529.91
2022-03-29 17:13:29,529.78
2022-03-29 17:13:34,529.85
2022-03-29 17:13:39,529.85
2022-03-29 17:13:44,529.85
2022-03-29 17:13:49,529.85
2022-03-29 17:13:54,529.85
2022-03-29 17:13:59,529.85
2022-03-29 17:14:04,529.85
2022-03-29 17:14:09,529.92
2022-03-29 17:14:14,529.85
2022-03-29 17:14:19,529.86
2022-03-29 17:14:24,529.86
2022-03-29 17:14:29,529.86
2022-03-29 17:14:34,529.92
2022-03-29 17:14:39,529.92
2022-03-29 17:14:44,529.92
2022-03-29 17:14:49,529.96
2022-03-29 17:14:54,529.96
2022-03-29 17:14:59,529.96
2022-03-29 17:15:04,529.96
2022-03-29 17:15:09,530.02
2022-03-29 17:15:14,530.02
2022-03-29 17:15:19,530.02
2022-03-29 17:15:24,529.96
2022-03-29 17:15:29,530.16
2022-03-29 17:15:34,530.02
2022-03-29 17:15:39,530.09
2022-03-29 17:15:44,530.16
2022-03-29 17:15:49,530.19
2022-03-29 17:15:54,530.15
2022-03-29 17:15:59,530.19
2022-03-29 17:16:04,530.25
2022-03-29 17:16:09,530.25
2022-03-29 17:16:14,530.25
2022-03-29 17:16:19,537.71
2022-03-29 17:16:24,530.38
2022-03-29 17:16:29,530.38
2022-03-29 17:16:34,530.45
2022-03-29 17:16:39,530.45
2022-03-29 17:16:44,530.45
2022-03-29 17:16:49,530.45
2022-03-29 17:16:54,530.48
2022-03-29 17:16:59,530.48
2022-03-29 17:17:04,530.54
2022-03-29 17:17:09,530.48
2022-03-29 17:17:14,530.54
2022-03-29 17:17:19,530.54
2022-03-29 17:17:24,530.54
2022-03-29 17:17:29,530.48
2022-03-29 17:17:34,530.54
2022-03-29 17:17:39,530.61
2022-03-29 17:17:44,530.61
2022-03-29 17:17:49,530.61
2022-03-29 17:17:54,530.61
2022-03-29 17:17:59,530.67
2022-03-29 17:18:04,530.67
2022-03-29 17:18:09,530.61
2022-03-29 17:18:14,530.67
2022-03-29 17:18:19,530.7
2022-03-29 17:18:24,530.67
2022-03-29 17:18:29,530.67
2022-03-29 17:18:34,530.7
2022-03-29 17:18:39,530.7
2022-03-29 17:18:44,530.7
2022-03-29 17:18:49,530.7
2022-03-29 17:18:54,530.7
2022-03-29 17:18:59,530.7
2022-03-29 17:19:04,530.7
2022-03-29 17:19:09,530.76
2022-03-29 17:19:14,530.7
2022-03-29 17:19:19,530.7
2022-03-29 17:19:24,530.7
2022-03-29 17:19:29,530.7
2022-03-29 17:19:34,530.66
2022-03-29 17:19:39,530.7
2022-03-29 17:19:44,530.7
2022-03-29 17:19:49,530.7
2022-03-29 17:19:54,530.66
2022-03-29 17:19:59,530.66
2022-03-29 17:20:04,530.66
2022-03-29 17:20:09,530.66
2022-03-29 17:20:14,530.66
2022-03-29 17:20:19,530.59
2022-03-29 17:20:24,530.59
2022-03-29 17:20:29,530.53
2022-03-29 17:20:34,530.59
2022-03-29 17:20:39,530.46
2022-03-29 17:20:44,530.46
2022-03-29 17:20:49,530.46
2022-03-29 17:20:54,530.46
2022-03-29 17:20:59,530.43
2022-03-29 17:21:04,530.43
2022-03-29 17:21:09,530.37
2022-03-29 17:21:14,530.43
2022-03-29 17:21:19,530.36
2022-03-29 17:21:24,530.36
2022-03-29 17:21:29,530.3
2022-03-29 17:21:34,530.3
2022-03-29 17:21:39,530.3
2022-03-29 17:21:44,530.23
2022-03-29 17:21:49,530.23
2022-03-29 17:21:54,530.17
2022-03-29 17:21:59,530.17
2022-03-29 17:22:04,530.17
2022-03-29 17:22:09,530.17
2022-03-29 17:22:14,530.14
2022-03-29 17:22:19,530.07
2022-03-29 17:22:24,530.01
2022-03-29 17:22:29,530.01
2022-03-29 17:22:34,530.01
2022-03-29 17:22:39,529.95
2022-03-29 17:22:44,529.91
2022-03-29 17:22:49,529.92
2022-03-29 17:22:54,529.85
2022-03-29 17:22:59,529.85
2022-03-29 17:23:04,529.79
2022-03-29 17:23:09,529.72
2022-03-29 17:23:14,529.66
2022-03-29 17:23:19,529.66
2022-03-29 17:23:24,529.63
2022-03-29 17:23:29,529.56
2022-03-29 17:23:34,529.5
2022-03-29 17:23:39,529.5
2022-03-29 17:23:44,529.44
2022-03-29 17:23:49,529.34
2022-03-29 17:23:54,529.34
2022-03-29 17:23:59,529.28
2022-03-29 17:24:04,529.28
2022-03-29 17:24:09,529.15
2022-03-29 17:24:14,529.15
2022-03-29 17:24:19,529.12
2022-03-29 17:24:24,529.06
2022-03-29 17:24:29,528.99
2022-03-29 17:24:34,528.93
2022-03-29 17:24:39,528.93
2022-03-29 17:24:44,528.93
2022-03-29 17:24:49,528.9
2022-03-29 17:24:54,528.84
2022-03-29 17:24:59,528.83
2022-03-29 17:25:04,528.84
2022-03-29 17:25:09,528.77
2022-03-29 17:25:14,528.77
2022-03-29 17:25:19,528.71
2022-03-29 17:25:24,528.64
2022-03-29 17:25:29,528.64
2022-03-29 17:25:34,528.64
2022-03-29 17:25:39,528.61
2022-03-29 17:25:44,528.55
2022-03-29 17:25:49,528.55
2022-03-29 17:25:54,528.48
2022-03-29 17:25:59,528.42
2022-03-29 17:26:04,528.42
2022-03-29 17:26:09,528.32
2022-03-29 17:26:14,528.39
2022-03-29 17:26:19,528.33
2022-03-29 17:26:24,528.26
2022-03-29 17:26:29,528.19
2022-03-29 17:26:34,528.26
2022-03-29 17:26:39,528.13
2022-03-29 17:26:44,528.13
2022-03-29 17:26:49,528.1
2022-03-29 17:26:54,528.13
2022-03-29 17:26:59,528.13
2022-03-29 17:27:04,528.1
2022-03-29 17:27:09,528.1
2022-03-29 17:27:14,528.04
2022-03-29 17:27:19,528.04
2022-03-29 17:27:24,528.1
2022-03-29 17:27:29,528.04
2022-03-29 17:27:34,527.97
2022-03-29 17:27:39,528.04
2022-03-29 17:27:44,527.97
2022-03-29 17:27:49,527.91
2022-03-29 17:27:54,527.97
2022-03-29 17:27:59,527.97
2022-03-29 17:28:04,537.71
2022-03-29 17:28:09,527.9
2022-03-29 17:28:14,527.9
2022-03-29 17:28:19,527.97
2022-03-29 17:28:24,527.9
2022-03-29 17:28:29,527.9
2022-03-29 17:28:34,527.9
2022-03-29 17:28:39,527.9
2022-03-29 17:28:44,527.9
2022-03-29 17:28:49,527.9
2022-03-29 17:28:54,527.87
2022-03-29 17:28:59,527.8
2022-03-29 17:29:04,527.8
2022-03-29 17:29:09,527.8
2022-03-29 17:29:14,527.74
2022-03-29 17:29:19,527.67
2022-03-29 17:29:24,527.67
2022-03-29 17:29:29,527.67
2022-03-29 17:29:34,527.61
2022-03-29 17:29:39,527.61
2022-03-29 17:29:44,527.57
2022-03-29 17:29:49,527.51
2022-03-29 17:29:54,527.51
2022-03-29 17:29:59,527.44
2022-03-29 17:30:04,527.44
2022-03-29 17:30:09,527.44
2022-03-29 17:30:14,527.37
2022-03-29 17:30:19,527.34
2022-03-29 17:30:24,527.34
2022-03-29 17:30:29,527.37
2022-03-29 17:30:34,527.37
2022-03-29 17:30:39,527.34
2022-03-29 17:30:44,527.27
2022-03-29 17:30:49,527.37
2022-03-29 17:30:54,527.34
2022-03-29 17:30:59,527.34
2022-03-29 17:31:04,527.37
2022-03-29 17:31:09,527.37
2022-03-29 17:31:14,527.43
2022-03-29 17:31:19,527.37
2022-03-29 17:31:24,527.43
2022-03-29 17:31:29,527.37
2022-03-29 17:31:34,527.43
2022-03-29 17:31:39,527.43
2022-03-29 17:31:44,527.43
2022-03-29 17:31:49,527.43
2022-03-29 17:31:54,527.43
2022-03-29 17:31:59,527.43
2022-03-29 17:32:04,527.43
2022-03-29 17:32:09,527.43
2022-03-29 17:32:14,527.37
2022-03-29 17:32:19,527.43
2022-03-29 17:32:24,527.37
2022-03-29 17:32:29,527.37
2022-03-29 17:32:34,527.43
2022-03-29 17:32:39,527.43
2022-03-29 17:32:44,527.37
2022-03-29 17:32:49,527.37
2022-03-29 17:32:54,527.37
2022-03-29 17:32:59,527.37
2022-03-29 17:33:04,527.34
2022-03-29 17:33:09,527.37
2022-03-29 17:33:14,527.34
2022-03-29 17:33:19,527.34
2022-03-29 17:33:24,527.34
2022-03-29 17:33:29,527.34
2022-03-29 17:33:34,527.27
2022-03-29 17:33:39,527.21
2022-03-29 17:33:44,527.21
2022-03-29 17:33:49,527.21
2022-03-29 17:33:54,527.15
2022-03-29 17:33:59,527.08
2022-03-29 17:34:04,527.15
2022-03-29 17:34:09,527.05
2022-03-29 17:34:14,527.05
2022-03-29 17:34:19,527.05
2022-03-29 17:34:24,526.98
2022-03-29 17:34:29,526.99
2022-03-29 17:34:34,526.92
2022-03-29 17:34:39,526.92
2022-03-29 17:34:44,526.92
2022-03-29 17:34:49,526.83
2022-03-29 17:34:54,526.82
2022-03-29 17:34:59,526.82
2022-03-29 17:35:04,526.83
2022-03-29 17:35:09,526.83
2022-03-29 17:35:14,526.86
2022-03-29 17:35:19,526.76
2022-03-29 17:35:24,526.76
2022-03-29 17:35:29,526.76
2022-03-29 17:35:34,526.76
2022-03-29 17:35:39,526.76
2022-03-29 17:35:44,526.83
2022-03-29 17:35:49,526.7
2022-03-29 17:35:54,526.76
2022-03-29 17:35:59,526.76
2022-03-29 17:36:04,526.76
2022-03-29 17:36:09,526.69
2022-03-29 17:36:14,526.76
2022-03-29 17:36:19,526.76
2022-03-29 17:36:24,526.76
2022-03-29 17:36:29,526.69
2022-03-29 17:36:34,526.69
2022-03-29 17:36:39,526.76
2022-03-29 17:36:44,526.69
2022-03-29 17:36:49,526.69
2022-03-29 17:36:54,526.63
2022-03-29 17:36:59,526.69
2022-03-29 17:37:04,526.69
2022-03-29 17:37:09,526.69
2022-03-29 17:37:14,526.69
2022-03-29 17:37:19,526.69
2022-03-29 17:37:24,526.63
2022-03-29 17:37:29,526.69
2022-03-29 17:37:34,526.69
2022-03-29 17:37:39,526.69
2022-03-29 17:37:44,526.69
2022-03-29 17:37:49,526.75
2022-03-29 17:37:54,526.75
2022-03-29 17:37:59,526.75
2022-03-29 17:38:04,526.75
2022-03-29 17:38:09,526.82
2022-03-29 17:38:14,526.75
2022-03-29 17:38:19,526.75
2022-03-29 17:38:24,526.81
2022-03-29 17:38:29,526.81
2022-03-29 17:38:34,526.81
2022-03-29 17:38:39,526.84
2022-03-29 17:38:44,526.84
2022-03-29 17:38:49,526.91
2022-03-29 17:38:54,526.91
2022-03-29 17:38:59,526.91
2022-03-29 17:39:04,526.97
2022-03-29 17:39:09,527.03
2022-03-29 17:39:14,527.03
2022-03-29 17:39:19,527.03
2022-03-29 17:39:24,527.13
2022-03-29 17:39:29,527.06
2022-03-29 17:39:34,527.12
2022-03-29 17:39:39,527.19
2022-03-29 17:39:44,527.19
2022-03-29 17:39:49,527.26
2022-03-29 17:39:54,527.26
2022-03-29 17:39:59,527.32
2022-03-29 17:40:04,527.32
2022-03-29 17:40:09,527.35
2022-03-29 17:40:14,527.35
2022-03-29 17:40:19,527.41
2022-03-29 17:40:24,527.41
2022-03-29 17:40:29,527.47
2022-03-29 17:40:34,527.53
2022-03-29 17:40:39,527.53
2022-03-29 17:40:44,527.53
2022-03-29 17:40:49,527.57
2022-03-29 17:40:54,527.69
2022-03-29 17:40:59,527.69
2022-03-29 17:41:04,527.69
2022-03-29 17:41:09,527.76
2022-03-29 17:41:14,527.82
2022-03-29 17:41:19,527.82
2022-03-29 17:41:24,527.85
2022-03-29 17:41:29,527.85
2022-03-29 17:41:34,527.91
2022-03-29 17:41:39,527.98
2022-03-29 17:41:44,527.98
2022-03-29 17:41:49,528.04
2022-03-29 17:41:54,528.04
2022-03-29 17:41:59,528.14
2022-03-29 17:42:04,528.14
2022-03-29 17:42:09,528.14
2022-03-29 17:42:14,528.14
2022-03-29 17:42:19,528.27
2022-03-29 17:42:24,528.2
2022-03-29 17:42:29,528.27
2022-03-29 17:42:34,528.27
2022-03-29 17:42:39,528.33
2022-03-29 17:42:44,528.33
2022-03-29 17:42:49,528.43
2022-03-29 17:42:54,528.43
2022-03-29 17:42:59,528.43
2022-03-29 17:43:04,528.49
2022-03-29 17:43:09,528.49
2022-03-29 17:43:14,528.56
2022-03-29 17:43:19,528.56
2022-03-29 17:43:24,528.59
2022-03-29 17:43:29,528.66
2022-03-29 17:43:34,528.66
2022-03-29 17:43:39,528.66
2022-03-29 17:43:44,528.72
2022-03-29 17:43:49,528.72
2022-03-29 17:43:54,528.78
2022-03-29 17:43:59,528.79
2022-03-29 17:44:04,528.85
2022-03-29 17:44:09,528.85
2022-03-29 17:44:14,537.71
2022-03-29 17:44:19,528.95
2022-03-29 17:44:24,528.95
2022-03-29 17:44:29,529.01
2022-03-29 17:44:34,528.95
2022-03-29 17:44:39,529.08
2022-03-29 17:44:44,529.08
2022-03-29 17:44:49,529.08
2022-03-29 17:44:54,529.18
2022-03-29 17:44:59,529.18
2022-03-29 17:45:04,529.18
2022-03-29 17:45:09,529.24
2022-03-29 17:45:14,529.31
2022-03-29 17:45:19,529.37
2022-03-29 17:45:24,529.4
2022-03-29 17:45:29,529.4
2022-03-29 17:45:34,529.47
2022-03-29 17:45:39,529.47
2022-03-29 17:45:44,529.53
2022-03-29 17:45:49,529.6
2022-03-29 17:45:54,529.63
2022-03-29 17:45:59,537.71
2022-03-29 17:46:04,529.69
2022-03-29 17:46:09,529.69
2022-03-29 17:46:14,529.69
2022-03-29 17:46:19,529.76
2022-03-29 17:46:24,529.82
2022-03-29 17:46:29,529.89
2022-03-29 17:46:34,529.92
2022-03-29 17:46:39,529.89
2022-03-29 17:46:44,529.92
2022-03-29 17:46:49,529.98
2022-03-29 17:46:54,529.92
2022-03-29 17:46:59,529.98
2022-03-29 17:47:04,530.05
2022-03-29 17:47:09,529.98
2022-03-29 17:47:14,530.05
2022-03-29 17:47:19,530.05
2022-03-29 17:47:24,530.05
2022-03-29 17:47:29,530.04
2022-03-29 17:47:34,530.05
2022-03-29 17:47:39,530.11
2022-03-29 17:47:44,530.11
2022-03-29 17:47:49,530.11
2022-03-29 17:47:54,530.11
2022-03-29 17:47:59,530.1
2022-03-29 17:48:04,530.1
2022-03-29 17:48:09,530.13
2022-03-29 17:48:14,530.14
2022-03-29 17:48:19,530.13
2022-03-29 17:48:24,530.13
2022-03-29 17:48:29,530.13
2022-03-29 17:48:34,530.2
2022-03-29 17:48:39,530.2
2022-03-29 17:48:44,530.2
2022-03-29 17:48:49,530.26
2022-03-29 17:48:54,530.26
2022-03-29 17:48:59,530.26
2022-03-29 17:49:04,530.26
2022-03-29 17:49:09,530.26
2022-03-29 17:49:14,530.26
2022-03-29 17:49:19,530.25
2022-03-29 17:49:24,530.26
2022-03-29 17:49:29,530.26
2022-03-29 17:49:34,530.32
2022-03-29 17:49:39,530.32
2022-03-29 17:49:44,530.32
2022-03-29 17:49:49,530.25
2022-03-29 17:49:54,530.25
2022-03-29 17:49:59,530.25
2022-03-29 17:50:04,530.25
2022-03-29 17:50:09,530.25
2022-03-29 17:50:14,530.31
2022-03-29 17:50:19,530.25
2022-03-29 17:50:24,530.31
2022-03-29 17:50:29,530.25
2022-03-29 17:50:34,530.24
2022-03-29 17:50:39,530.24
2022-03-29 17:50:44,530.24
2022-03-29 17:50:49,530.24
2022-03-29 17:50:54,530.24
2022-03-29 17:50:59,530.18
2022-03-29 17:51:04,530.18
2022-03-29 17:51:09,530.18
2022-03-29 17:51:14,530.17
2022-03-29 17:51:19,530.17
2022-03-29 17:51:24,530.17
2022-03-29 17:51:29,530.17
2022-03-29 17:51:34,530.11
2022-03-29 17:51:39,530.17
2022-03-29 17:51:44,530.17
2022-03-29 17:51:49,530.11
2022-03-29 17:51:54,530.11
2022-03-29 17:51:59,530.1
2022-03-29 17:52:04,530.11
2022-03-29 17:52:09,530.11
2022-03-29 17:52:14,530.07
2022-03-29 17:52:19,530.07
2022-03-29 17:52:24,530.07
2022-03-29 17:52:29,530.07
2022-03-29 17:52:34,530.01
2022-03-29 17:52:39,529.95
2022-03-29 17:52:44,530.01
2022-03-29 17:52:49,529.95
2022-03-29 17:52:54,529.94
2022-03-29 17:52:59,529.94
2022-03-29 17:53:04,529.95
2022-03-29 17:53:09,529.88
2022-03-29 17:53:14,529.94
2022-03-29 17:53:19,529.88
2022-03-29 17:53:24,529.88
2022-03-29 17:53:29,529.88
2022-03-29 17:53:34,529.88
2022-03-29 17:53:39,529.85
2022-03-29 17:53:44,529.85
2022-03-29 17:53:49,529.85
2022-03-29 17:53:54,529.78
2022-03-29 17:53:59,529.78
2022-03-29 17:54:04,529.78
2022-03-29 17:54:09,529.72
2022-03-29 17:54:14,529.72
2022-03-29 17:54:19,529.66
2022-03-29 17:54:24,529.59
2022-03-29 17:54:29,537.71
2022-03-29 17:54:34,529.56
2022-03-29 17:54:39,529.49
2022-03-29 17:54:44,529.5
2022-03-29 17:54:49,529.43
2022-03-29 17:54:54,529.43
2022-03-29 17:54:59,529.37
2022-03-29 17:55:04,529.34
2022-03-29 17:55:09,529.27
2022-03-29 17:55:14,529.27
2022-03-29 17:55:19,529.15
2022-03-29 17:55:24,529.15
2022-03-29 17:55:29,529.15
2022-03-29 17:55:34,529.08
2022-03-29 17:55:39,529.05
2022-03-29 17:55:44,528.99
2022-03-29 17:55:49,528.92
2022-03-29 17:55:54,528.92
2022-03-29 17:55:59,528.86
2022-03-29 17:56:04,528.83
2022-03-29 17:56:09,528.76
2022-03-29 17:56:14,528.76
2022-03-29 17:56:19,528.7
2022-03-29 17:56:24,528.64
2022-03-29 17:56:29,528.57
2022-03-29 17:56:34,528.57
2022-03-29 17:56:39,528.47
2022-03-29 17:56:44,528.41
2022-03-29 17:56:49,528.35
2022-03-29 17:56:54,528.32
2022-03-29 17:56:59,528.25
2022-03-29 17:57:04,528.19
2022-03-29 17:57:09,528.12
2022-03-29 17:57:14,528.06
2022-03-29 17:57:19,528.03
2022-03-29 17:57:24,527.96
2022-03-29 17:57:29,527.96
2022-03-29 17:57:34,527.9
2022-03-29 17:57:39,527.84
2022-03-29 17:57:44,527.84
2022-03-29 17:57:49,527.74
2022-03-29 17:57:54,527.74
2022-03-29 17:57:59,527.68
2022-03-29 17:58:04,527.61
2022-03-29 17:58:09,527.61
2022-03-29 17:58:14,527.55
2022-03-29 17:58:19,527.52
2022-03-29 17:58:24,527.45
2022-03-29 17:58:29,527.33
2022-03-29 17:58:34,527.39
2022-03-29 17:58:39,527.32
2022-03-29 17:58:44,527.29
2022-03-29 17:58:49,527.23
2022-03-29 17:58:54,527.17
2022-03-29 17:58:59,527.1
2022-03-29 17:59:04,527.04
2022-03-29 17:59:09,527.04
2022-03-29 17:59:14,527.01
2022-03-29 17:59:19,527.01
2022-03-29 17:59:24,526.88
2022-03-29 17:59:29,526.81
2022-03-29 17:59:34,526.78
2022-03-29 17:59:39,526.78
2022-03-29 17:59:44,526.72
2022-03-29 17:59:49,526.65
2022-03-29 17:59:54,526.53
2022-03-29 17:59:59,526.53
2022-03-29 18:00:04,526.49
2022-03-29 18:00:09,526.43
2022-03-29 18:00:14,526.43
2022-03-29 18:00:19,526.37
2022-03-29 18:00:24,526.3
2022-03-29 18:00:29,526.27
2022-03-29 18:00:34,526.21
2022-03-29 18:00:39,526.14
2022-03-29 18:00:44,526.14
2022-03-29 18:00:49,526.14
2022-03-29 18:00:54,526.02
2022-03-29 18:00:59,526.02
2022-03-29 18:01:04,525.99
2022-03-29 18:01:09,525.99
2022-03-29 18:01:14,525.92
2022-03-29 18:01:19,525.86
2022-03-29 18:01:24,525.79
2022-03-29 18:01:29,525.79
2022-03-29 18:01:34,525.76
2022-03-29 18:01:39,525.76
2022-03-29 18:01:44,525.7
2022-03-29 18:01:49,525.7
2022-03-29 18:01:54,525.7
2022-03-29 18:01:59,525.57
2022-03-29 18:02:04,525.57
2022-03-29 18:02:09,525.51
2022-03-29 18:02:14,525.51
2022-03-29 18:02:19,525.51
2022-03-29 18:02:24,525.48
2022-03-29 18:02:29,525.42
2022-03-29 18:02:34,525.48
2022-03-29 18:02:39,525.42
2022-03-29 18:02:44,525.35
2022-03-29 18:02:49,525.36
2022-03-29 18:02:54,525.36
2022-03-29 18:02:59,525.29
2022-03-29 18:03:04,525.29
2022-03-29 18:03:09,525.29
2022-03-29 18:03:14,525.29
2022-03-29 18:03:19,525.26
2022-03-29 18:03:24,525.26
2022-03-29 18:03:29,525.2
2022-03-29 18:03:34,525.2
2022-03-29 18:03:39,525.2
2022-03-29 18:03:44,525.2
2022-03-29 18:03:49,525.2
2022-03-29 18:03:54,525.2
2022-03-29 18:03:59,525.2
2022-03-29 18:04:04,525.2
2022-03-29 18:04:09,525.14
2022-03-29 18:04:14,525.2
2022-03-29 18:04:19,525.2
2022-03-29 18:04:24,525.2
2022-03-29 18:04:29,525.2
2022-03-29 18:04:34,525.27
2022-03-29 18:04:39,525.2
2022-03-29 18:04:44,525.2
2022-03-29 18:04:49,525.27
2022-03-29 18:04:54,525.21
2022-03-29 18:04:59,525.27
2022-03-29 18:05:04,525.3
2022-03-29 18:05:09,525.27
2022-03-29 18:05:14,525.3
2022-03-29 18:05:19,525.3
2022-03-29 18:05:24,525.3
2022-03-29 18:05:29,525.3
2022-03-29 18:05:34,525.37
2022-03-29 18:05:39,525.37
2022-03-29 18:05:44,525.37
2022-03-29 18:05:49,525.37
2022-03-29 18:05:54,525.43
2022-03-29 18:05:59,525.5
2022-03-29 18:06:04,525.5
2022-03-29 18:06:09,525.5
2022-03-29 18:06:14,525.49
2022-03-29 18:06:19,525.59
2022-03-29 18:06:24,525.59
2022-03-29 18:06:29,525.66
2022-03-29 18:06:34,525.72
2022-03-29 18:06:39,525.78
2022-03-29 18:06:44,525.78
2022-03-29 18:06:49,525.78
2022-03-29 18:06:54,525.88
2022-03-29 18:06:59,525.88
2022-03-29 18:07:04,526.01
2022-03-29 18:07:09,526.04
2022-03-29 18:07:14,526.11
2022-03-29 18:07:19,526.1
2022-03-29 18:07:24,526.16
2022-03-29 18:07:29,526.3
2022-03-29 18:07:34,526.32
2022-03-29 18:07:39,526.39
2022-03-29 18:07:44,526.52
2022-03-29 18:07:49,526.55
2022-03-29 18:07:54,526.68
2022-03-29 18:07:59,526.74
2022-03-29 18:08:04,526.81
2022-03-29 18:08:09,526.9
2022-03-29 18:08:14,526.97
2022-03-29 18:08:19,527.06
2022-03-29 18:08:24,527.19
2022-03-29 18:08:29,527.25
2022-03-29 18:08:34,527.32
2022-03-29 18:08:39,527.42
2022-03-29 18:08:44,527.55
2022-03-29 18:08:49,527.58
2022-03-29 18:08:54,527.64
2022-03-29 18:08:59,527.7
2022-03-29 18:09:04,527.83
2022-03-29 18:09:09,527.93
2022-03-29 18:09:14,527.99
2022-03-29 18:09:19,537.71
2022-03-29 18:09:24,528.22
2022-03-29 18:09:29,528.28
2022-03-29 18:09:34,528.38
2022-03-29 18:09:39,528.51
2022-03-29 18:09:44,528.57
2022-03-29 18:09:49,528.67
2022-03-29 18:09:54,528.73
2022-03-29 18:09:59,528.86
2022-03-29 18:10:04,528.89
2022-03-29 18:10:09,529.02
2022-03-29 18:10:14,529.08
2022-03-29 18:10:19,529.18
2022-03-29 18:10:24,529.24
2022-03-29 18:10:29,529.37
2022-03-29 18:10:34,529.47
2022-03-29 18:10:39,529.53
2022-03-29 18:10:44,529.6
2022-03-29 18:10:49,529.63
2022-03-29 18:10:54,529.76
2022-03-29 18:10:59,529.83
2022-03-29 18:11:04,529.89
2022-03-29 18:11:09,529.99
2022-03-29 18:11:14,530.05
2022-03-29 18:11:19,530.15
2022-03-29 18:11:24,530.15
2022-03-29 18:11:29,530.28
2022-03-29 18:11:34,530.41
2022-03-29 18:11:39,530.44
2022-03-29 18:11:44,530.5
2022-03-29 18:11:49,530.63
2022-03-29 18:11:54,530.67
2022-03-29 18:11:59,530.73
2022-03-29 18:12:04,530.86
2022-03-29 18:12:09,530.93
2022-03-29 18:12:14,530.92
2022-03-29 18:12:19,530.96
2022-03-29 18:12:24,531.02
2022-03-29 18:12:29,531.15
2022-03-29 18:12:34,531.15
2022-03-29 18:12:39,531.25
2022-03-29 18:12:44,531.31
2022-03-29 18:12:49,531.38
2022-03-29 18:12:54,531.45
2022-03-29 18:12:59,531.48
2022-03-29 18:13:04,531.54
2022-03-29 18:13:09,531.61
2022-03-29 18:13:14,531.67
2022-03-29 18:13:19,531.77
2022-03-29 18:13:24,531.77
2022-03-29 18:13:29,531.84
2022-03-29 18:13:34,531.9
2022-03-29 18:13:39,531.96
2022-03-29 18:13:44,532.0
2022-03-29 18:13:49,532.06
2022-03-29 18:13:54,532.06
2022-03-29 18:13:59,532.13
2022-03-29 18:14:04,532.13
2022-03-29 18:14:09,532.19
2022-03-29 18:14:14,532.22
2022-03-29 18:14:19,532.22
2022-03-29 18:14:24,532.29
2022-03-29 18:14:29,532.35
2022-03-29 18:14:34,537.71
2022-03-29 18:14:39,532.42
2022-03-29 18:14:44,532.42
2022-03-29 18:14:49,532.48
2022-03-29 18:14:54,532.51
2022-03-29 18:14:59,532.51
2022-03-29 18:15:04,532.58
2022-03-29 18:15:09,532.58
2022-03-29 18:15:14,532.58
2022-03-29 18:15:19,532.58
2022-03-29 18:15:24,532.64
2022-03-29 18:15:29,532.64
2022-03-29 18:15:34,532.64
2022-03-29 18:15:39,532.64
2022-03-29 18:15:44,532.71
2022-03-29 18:15:49,532.71
2022-03-29 18:15:54,532.71
2022-03-29 18:15:59,532.71
2022-03-29 18:16:04,532.74
2022-03-29 18:16:09,532.74
2022-03-29 18:16:14,532.74
2022-03-29 18:16:19,532.8
2022-03-29 18:16:24,532.8
2022-03-29 18:16:29,532.8
2022-03-29 18:16:34,532.8
2022-03-29 18:16:39,532.8
2022-03-29 18:16:44,532.8
2022-03-29 18:16:49,532.8
2022-03-29 18:16:54,532.74
2022-03-29 18:16:59,532.74
2022-03-29 18:17:04,532.74
2022-03-29 18:17:09,532.71
2022-03-29 18:17:14,532.64
2022-03-29 18:17:19,532.64
2022-03-29 18:17:24,532.64
2022-03-29 18:17:29,532.64
2022-03-29 18:17:34,532.51
2022-03-29 18:17:39,532.51
2022-03-29 18:17:44,532.47
2022-03-29 18:17:49,532.41
2022-03-29 18:17:54,532.34
2022-03-29 18:17:59,532.34
2022-03-29 18:18:04,532.21
2022-03-29 18:18:09,532.21
2022-03-29 18:18:14,532.21
2022-03-29 18:18:19,532.18
2022-03-29 18:18:24,532.12
2022-03-29 18:18:29,532.11
2022-03-29 18:18:34,532.05
2022-03-29 18:18:39,531.98
2022-03-29 18:18:44,531.95
2022-03-29 18:18:49,531.88
2022-03-29 18:18:54,531.82
2022-03-29 18:18:59,531.75
2022-03-29 18:19:04,531.66
2022-03-29 18:19:09,531.69
2022-03-29 18:19:14,531.66
2022-03-29 18:19:19,531.53
2022-03-29 18:19:24,531.46
2022-03-29 18:19:29,531.46
2022-03-29 18:19:34,531.37
2022-03-29 18:19:39,531.3
2022-03-29 18:19:44,531.23
2022-03-29 18:19:49,531.23
2022-03-29 18:19:54,531.17
2022-03-29 18:19:59,531.07
2022-03-29 18:20:04,531.0
2022-03-29 18:20:09,531.01
2022-03-29 18:20:14,531.01
2022-03-29 18:20:19,530.91
2022-03-29 18:20:24,530.85
2022-03-29 18:20:29,530.85
2022-03-29 18:20:34,530.72
2022-03-29 18:20:39,530.71
2022-03-29 18:20:44,530.65
2022-03-29 18:20:49,530.62
2022-03-29 18:20:54,530.56
2022-03-29 18:20:59,530.49
2022-03-29 18:21:04,537.71
2022-03-29 18:21:09,530.39
2022-03-29 18:21:14,530.33
2022-03-29 18:21:19,530.27
2022-03-29 18:21:24,530.26
2022-03-29 18:21:29,530.2
2022-03-29 18:21:34,530.13
2022-03-29 18:21:39,530.1
2022-03-29 18:21:44,530.1
2022-03-29 18:21:49,529.97
2022-03-29 18:21:54,529.97
2022-03-29 18:21:59,529.91
2022-03-29 18:22:04,529.91
2022-03-29 18:22:09,529.88
2022-03-29 18:22:14,529.81
2022-03-29 18:22:19,529.75
2022-03-29 18:22:24,529.75
2022-03-29 18:22:29,529.69
2022-03-29 18:22:34,529.69
2022-03-29 18:22:39,529.69
2022-03-29 18:22:44,529.62
2022-03-29 18:22:49,529.59
2022-03-29 18:22:54,529.59
2022-03-29 18:22:59,529.53
2022-03-29 18:23:04,529.47
2022-03-29 18:23:09,529.47
2022-03-29 18:23:14,529.47
2022-03-29 18:23:19,529.46
2022-03-29 18:23:24,529.4
2022-03-29 18:23:29,529.4
2022-03-29 18:23:34,529.37
2022-03-29 18:23:39,529.3
2022-03-29 18:23:44,529.3
2022-03-29 18:23:49,529.31
2022-03-29 18:23:54,529.3
2022-03-29 18:23:59,529.3
2022-03-29 18:24:04,529.24
2022-03-29 18:24:09,529.24
2022-03-29 18:24:14,529.18
2022-03-29 18:24:19,529.24
2022-03-29 18:24:24,529.18
2022-03-29 18:24:29,529.18
2022-03-29 18:24:34,529.18
2022-03-29 18:24:39,529.18
2022-03-29 18:24:44,529.08
2022-03-29 18:24:49,529.11
2022-03-29 18:24:54,529.11
2022-03-29 18:24:59,529.18
2022-03-29 18:25:04,529.11
2022-03-29 18:25:09,529.11
2022-03-29 18:25:14,529.11
2022-03-29 18:25:19,529.11
2022-03-29 18:25:24,529.17
2022-03-29 18:25:29,529.11
2022-03-29 18:25:34,529.17
2022-03-29 18:25:39,529.17
2022-03-29 18:25:44,529.17
2022-03-29 18:25:49,529.17
2022-03-29 18:25:54,529.23
2022-03-29 18:25:59,529.24
2022-03-29 18:26:04,529.3
2022-03-29 18:26:09,529.24
2022-03-29 18:26:14,529.36
2022-03-29 18:26:19,529.36
2022-03-29 18:26:24,529.36
2022-03-29 18:26:29,529.36
2022-03-29 18:26:34,529.36
2022-03-29 18:26:39,529.39
2022-03-29 18:26:44,529.39
2022-03-29 18:26:49,529.46
2022-03-29 18:26:54,529.52
2022-03-29 18:26:59,529.52
2022-03-29 18:27:04,529.58
2022-03-29 18:27:09,529.58
2022-03-29 18:27:14,529.61
2022-03-29 18:27:19,529.61
2022-03-29 18:27:24,529.61
2022-03-29 18:27:29,529.68
2022-03-29 18:27:34,529.74
2022-03-29 18:27:39,529.74
2022-03-29 18:27:44,529.74
2022-03-29 18:27:49,529.8
2022-03-29 18:27:54,529.8
2022-03-29 18:27:59,529.8
2022-03-29 18:28:04,529.86
2022-03-29 18:28:09,529.9
2022-03-29 18:28:14,529.9
2022-03-29 18:28:19,529.96
2022-03-29 18:28:24,530.03
2022-03-29 18:28:29,530.02
2022-03-29 18:28:34,530.08
2022-03-29 18:28:39,530.12
2022-03-29 18:28:44,530.11
2022-03-29 18:28:49,530.12
2022-03-29 18:28:54,530.18
2022-03-29 18:28:59,530.24
2022-03-29 18:29:04,530.24
2022-03-29 18:29:09,530.3
2022-03-29 18:29:14,530.3
2022-03-29 18:29:19,530.36
2022-03-29 18:29:24,530.36
2022-03-29 18:29:29,530.36
2022-03-29 18:29:34,530.4
2022-03-29 18:29:39,530.4
2022-03-29 18:29:44,530.4
2022-03-29 18:29:49,530.46
2022-03-29 18:29:54,530.46
2022-03-29 18:29:59,530.39
2022-03-29 18:30:04,530.52
2022-03-29 18:30:09,530.52
2022-03-29 18:30:14,530.59
2022-03-29 18:30:19,530.59
2022-03-29 18:30:24,530.58
2022-03-29 18:30:29,537.71
2022-03-29 18:30:34,530.62
2022-03-29 18:30:39,530.62
2022-03-29 18:30:44,530.62
2022-03-29 18:30:49,530.68
2022-03-29 18:30:54,530.68
2022-03-29 18:30:59,530.68
2022-03-29 18:31:04,530.74
2022-03-29 18:31:09,530.68
2022-03-29 18:31:14,530.75
2022-03-29 18:31:19,530.75
2022-03-29 18:31:24,530.75
2022-03-29 18:31:29,530.81
2022-03-29 18:31:34,530.81
2022-03-29 18:31:39,530.75
2022-03-29 18:31:44,530.87
2022-03-29 18:31:49,530.87
2022-03-29 18:31:54,530.87
2022-03-29 18:31:59,530.91
2022-03-29 18:32:04,530.91
2022-03-29 18:32:09,530.97
2022-03-29 18:32:14,531.04
2022-03-29 18:32:19,531.04
2022-03-29 18:32:24,537.71
2022-03-29 18:32:29,531.13
2022-03-29 18:32:34,531.13
2022-03-29 18:32:39,531.13
2022-03-29 18:32:44,531.2
2022-03-29 18:32:49,531.2
2022-03-29 18:32:54,531.27
2022-03-29 18:32:59,531.33
2022-03-29 18:33:04,531.33
2022-03-29 18:33:09,531.39
2022-03-29 18:33:14,531.43
2022-03-29 18:33:19,531.39
2022-03-29 18:33:24,531.42
2022-03-29 18:33:29,531.49
2022-03-29 18:33:34,531.49
2022-03-29 18:33:39,531.55
2022-03-29 18:33:44,531.62
2022-03-29 18:33:49,531.62
2022-03-29 18:33:54,531.62
2022-03-29 18:33:59,531.62
2022-03-29 18:34:04,531.62
2022-03-29 18:34:09,531.65
2022-03-29 18:34:14,531.65
2022-03-29 18:34:19,531.72
2022-03-29 18:34:24,531.78
2022-03-29 18:34:29,531.78
2022-03-29 18:34:34,531.78
2022-03-29 18:34:39,531.78
2022-03-29 18:34:44,531.84
2022-03-29 18:34:49,531.84
2022-03-29 18:34:54,531.85
2022-03-29 18:34:59,531.94
2022-03-29 18:35:04,531.91
2022-03-29 18:35:09,531.91
2022-03-29 18:35:14,531.94
2022-03-29 18:35:19,532.0
2022-03-29 18:35:24,532.0
2022-03-29 18:35:29,532.01
2022-03-29 18:35:34,532.0
2022-03-29 18:35:39,532.07
2022-03-29 18:35:44,532.0
2022-03-29 18:35:49,532.07
2022-03-29 18:35:54,532.07
2022-03-29 18:35:59,532.07
2022-03-29 18:36:04,532.13
2022-03-29 18:36:09,532.07
2022-03-29 18:36:14,532.13
2022-03-29 18:36:19,532.13
2022-03-29 18:36:24,532.16
2022-03-29 18:36:29,532.16
2022-03-29 18:36:34,532.13
2022-03-29 18:36:39,532.16
2022-03-29 18:36:44,532.23
2022-03-29 18:36:49,532.23
2022-03-29 18:36:54,532.23
2022-03-29 18:36:59,532.29
2022-03-29 18:37:04,532.29
2022-03-29 18:37:09,532.29
2022-03-29 18:37:14,532.28
2022-03-29 18:37:19,532.28
2022-03-29 18:37:24,532.35
2022-03-29 18:37:29,532.35
2022-03-29 18:37:34,532.35
2022-03-29 18:37:39,532.35
2022-03-29 18:37:44,532.28
2022-03-29 18:37:49,532.35
2022-03-29 18:37:54,532.28
2022-03-29 18:37:59,532.35
2022-03-29 18:38:04,532.28
2022-03-29 18:38:09,532.28
2022-03-29 18:38:14,532.28
2022-03-29 18:38:19,532.28
2022-03-29 18:38:24,532.28
2022-03-29 18:38:29,532.28
2022-03-29 18:38:34,532.28
2022-03-29 18:38:39,532.21
2022-03-29 18:38:44,532.21
2022-03-29 18:38:49,532.27
2022-03-29 18:38:54,532.27
2022-03-29 18:38:59,532.21
2022-03-29 18:39:04,532.2
2022-03-29 18:39:09,532.21
2022-03-29 18:39:14,532.2
2022-03-29 18:39:19,532.14
2022-03-29 18:39:24,532.2
2022-03-29 18:39:29,532.14
2022-03-29 18:39:34,532.14
2022-03-29 18:39:39,532.14
2022-03-29 18:39:44,532.1
2022-03-29 18:39:49,532.04
2022-03-29 18:39:54,532.1
2022-03-29 18:39:59,532.04
2022-03-29 18:40:04,532.04
2022-03-29 18:40:09,531.97
2022-03-29 18:40:14,531.97
2022-03-29 18:40:19,531.97
2022-03-29 18:40:24,531.91
2022-03-29 18:40:29,531.87
2022-03-29 18:40:34,531.88
2022-03-29 18:40:39,531.87
2022-03-29 18:40:44,531.81
2022-03-29 18:40:49,531.75
2022-03-29 18:40:54,531.75
2022-03-29 18:40:59,531.68
2022-03-29 18:41:04,531.62
2022-03-29 18:41:09,531.62
2022-03-29 18:41:14,531.58
2022-03-29 18:41:19,531.52
2022-03-29 18:41:24,531.52
2022-03-29 18:41:29,531.52
2022-03-29 18:41:34,531.45
2022-03-29 18:41:39,531.46
2022-03-29 18:41:44,531.39
2022-03-29 18:41:49,531.36
2022-03-29 18:41:54,531.29
2022-03-29 18:41:59,531.29
2022-03-29 18:42:04,531.23
2022-03-29 18:42:09,531.16
2022-03-29 18:42:14,531.17
2022-03-29 18:42:19,531.1
2022-03-29 18:42:24,531.07
2022-03-29 18:42:29,531.07
2022-03-29 18:42:34,537.71
2022-03-29 18:42:39,531.01
2022-03-29 18:42:44,530.94
2022-03-29 18:42:49,530.88
2022-03-29 18:42:54,537.71
2022-03-29 18:42:59,530.85
2022-03-29 18:43:04,530.78
2022-03-29 18:43:09,530.78
2022-03-29 18:43:14,530.72
2022-03-29 18:43:19,530.72
2022-03-29 18:43:24,530.72
2022-03-29 18:43:29,530.72
2022-03-29 18:43:34,530.66
2022-03-29 18:43:39,530.66
2022-03-29 18:43:44,530.66
2022-03-29 18:43:49,530.59
2022-03-29 18:43:54,530.59
2022-03-29 18:43:59,530.59
2022-03-29 18:44:04,530.59
2022-03-29 18:44:09,530.56
2022-03-29 18:44:14,530.56
2022-03-29 18:44:19,530.56
2022-03-29 18:44:24,530.49
2022-03-29 18:44:29,530.49
2022-03-29 18:44:34,530.43
2022-03-29 18:44:39,530.5
2022-03-29 18:44:44,530.5
2022-03-29 18:44:49,530.5
2022-03-29 18:44:54,537.71
2022-03-29 18:44:59,530.5
2022-03-29 18:45:04,530.43
2022-03-29 18:45:09,530.5
2022-03-29 18:45:14,530.5
2022-03-29 18:45:19,530.43
2022-03-29 18:45:24,530.43
2022-03-29 18:45:29,530.5
2022-03-29 18:45:34,530.43
2022-03-29 18:45:39,530.43
2022-03-29 18:45:44,530.43
2022-03-29 18:45:49,530.43
2022-03-29 18:45:54,530.43
2022-03-29 18:45:59,530.43
2022-03-29 18:46:04,530.43
2022-03-29 18:46:09,530.37
2022-03-29 18:46:14,530.37
2022-03-29 18:46:19,530.37
2022-03-29 18:46:24,530.43
2022-03-29 18:46:29,530.37
2022-03-29 18:46:34,530.37
2022-03-29 18:46:39,530.34
2022-03-29 18:46:44,530.37
2022-03-29 18:46:49,530.33
2022-03-29 18:46:54,530.27
2022-03-29 18:46:59,530.33
2022-03-29 18:47:04,530.33
2022-03-29 18:47:09,530.26
2022-03-29 18:47:14,530.26
2022-03-29 18:47:19,530.26
2022-03-29 18:47:24,530.26
2022-03-29 18:47:29,530.33
2022-03-29 18:47:34,530.26
2022-03-29 18:47:39,530.33
2022-03-29 18:47:44,530.33
2022-03-29 18:47:49,530.32
2022-03-29 18:47:54,530.36
2022-03-29 18:47:59,530.36
2022-03-29 18:48:04,530.32
2022-03-29 18:48:09,530.35
2022-03-29 18:48:14,530.35
2022-03-29 18:48:19,530.35
2022-03-29 18:48:24,530.42
2022-03-29 18:48:29,530.42
2022-03-29 18:48:34,530.42
2022-03-29 18:48:39,530.42
2022-03-29 18:48:44,530.42
2022-03-29 18:48:49,530.48
2022-03-29 18:48:54,530.48
2022-03-29 18:48:59,530.48
2022-03-29 18:49:04,530.48
2022-03-29 18:49:09,530.54
2022-03-29 18:49:14,530.54
2022-03-29 18:49:19,530.54
2022-03-29 18:49:24,530.57
2022-03-29 18:49:29,530.54
2022-03-29 18:49:34,530.57
2022-03-29 18:49:39,537.71
2022-03-29 18:49:44,530.63
2022-03-29 18:49:49,530.63
2022-03-29 18:49:54,530.7
2022-03-29 18:49:59,530.7
2022-03-29 18:50:04,530.69
2022-03-29 18:50:09,530.76
2022-03-29 18:50:14,530.82
2022-03-29 18:50:19,530.82
2022-03-29 18:50:24,530.82
2022-03-29 18:50:29,530.86
2022-03-29 18:50:34,530.98
2022-03-29 18:50:39,530.98
2022-03-29 18:50:44,530.98
2022-03-29 18:50:49,531.08
2022-03-29 18:50:54,531.08
2022-03-29 18:50:59,531.08
2022-03-29 18:51:04,531.14
2022-03-29 18:51:09,531.14
2022-03-29 18:51:14,531.27
2022-03-29 18:51:19,531.34
2022-03-29 18:51:24,531.34
2022-03-29 18:51:29,531.43
2022-03-29 18:51:34,531.43
2022-03-29 18:51:39,531.5
2022-03-29 18:51:44,531.6
2022-03-29 18:51:49,531.6
2022-03-29 18:51:54,531.66
2022-03-29 18:51:59,531.66
2022-03-29 18:52:04,531.72
2022-03-29 18:52:09,531.79
2022-03-29 18:52:14,531.79
2022-03-29 18:52:19,531.86
2022-03-29 18:52:24,531.86
2022-03-29 18:52:29,531.89
2022-03-29 18:52:34,531.89
2022-03-29 18:52:39,531.95
2022-03-29 18:52:44,531.95
2022-03-29 18:52:49,532.02
2022-03-29 18:52:54,532.08
2022-03-29 18:52:59,532.08
2022-03-29 18:53:04,532.12
2022-03-29 18:53:09,532.12
2022-03-29 18:53:14,532.18
2022-03-29 18:53:19,532.25
2022-03-29 18:53:24,532.25
2022-03-29 18:53:29,532.31
2022-03-29 18:53:34,532.31
2022-03-29 18:53:39,532.38
2022-03-29 18:53:44,532.38
2022-03-29 18:53:49,532.41
2022-03-29 18:53:54,532.47
2022-03-29 18:53:59,532.41
2022-03-29 18:54:04,532.54
2022-03-29 18:54:09,532.54
2022-03-29 18:54:14,532.6
2022-03-29 18:54:19,532.64
2022-03-29 18:54:24,532.7
2022-03-29 18:54:29,532.7
2022-03-29 18:54:34,532.7
2022-03-29 18:54:39,532.77
2022-03-29 18:54:44,532.83
2022-03-29 18:54:49,537.71
2022-03-29 18:54:54,532.93
2022-03-29 18:54:59,532.9
2022-03-29 18:55:04,532.99
2022-03-29 18:55:09,532.99
2022-03-29 18:55:14,537.71
2022-03-29 18:55:19,533.06
2022-03-29 18:55:24,533.16
2022-03-29 18:55:29,533.15
2022-03-29 18:55:34,533.15
2022-03-29 18:55:39,533.22
2022-03-29 18:55:44,533.22
2022-03-29 18:55:49,533.28
2022-03-29 18:55:54,533.35
2022-03-29 18:55:59,533.35
2022-03-29 18:56:04,533.44
2022-03-29 18:56:09,533.45
2022-03-29 18:56:14,533.45
2022-03-29 18:56:19,533.57
2022-03-29 18:56:24,533.57
2022-03-29 18:56:29,533.57
2022-03-29 18:56:34,533.67
2022-03-29 18:56:39,533.73
2022-03-29 18:56:44,533.73
2022-03-29 18:56:49,533.79
2022-03-29 18:56:54,533.79
2022-03-29 18:56:59,533.86
2022-03-29 18:57:04,533.86
2022-03-29 18:57:09,533.86
2022-03-29 18:57:14,533.92
2022-03-29 18:57:19,533.92
2022-03-29 18:57:24,533.95
2022-03-29 18:57:29,533.95
2022-03-29 18:57:34,533.95
2022-03-29 18:57:39,534.02
2022-03-29 18:57:44,533.95
2022-03-29 18:57:49,534.02
2022-03-29 18:57:54,534.02
2022-03-29 18:57:59,534.01
2022-03-29 18:58:04,534.01
2022-03-29 18:58:09,534.01
2022-03-29 18:58:14,534.02
2022-03-29 18:58:19,534.02
2022-03-29 18:58:24,534.08
2022-03-29 18:58:29,534.08
2022-03-29 18:58:34,534.01
2022-03-29 18:58:39,533.95
2022-03-29 18:58:44,534.01
2022-03-29 18:58:49,534.01
2022-03-29 18:58:54,533.94
2022-03-29 18:58:59,533.94
2022-03-29 18:59:04,533.94
2022-03-29 18:59:09,533.94
2022-03-29 18:59:14,533.94
2022-03-29 18:59:19,533.94
2022-03-29 18:59:24,533.94
2022-03-29 18:59:29,533.94
2022-03-29 18:59:34,533.94
2022-03-29 18:59:39,533.94
2022-03-29 18:59:44,533.91
2022-03-29 18:59:49,533.94
2022-03-29 18:59:54,533.91
2022-03-29 18:59:59,533.91
2022-03-29 19:00:04,533.94
2022-03-29 19:00:09,533.91
2022-03-29 19:00:14,533.91
2022-03-29 19:00:19,533.91
2022-03-29 19:00:24,533.9
2022-03-29 19:00:29,533.84
2022-03-29 19:00:34,533.84
2022-03-29 19:00:39,533.84
2022-03-29 19:00:44,533.84
2022-03-29 19:00:49,533.78
2022-03-29 19:00:54,533.78
2022-03-29 19:00:59,533.78
2022-03-29 19:01:04,533.71
2022-03-29 19:01:09,533.71
2022-03-29 19:01:14,533.65
2022-03-29 19:01:19,533.65
2022-03-29 19:01:24,533.65
2022-03-29 19:01:29,533.65
2022-03-29 19:01:34,533.62
2022-03-29 19:01:39,533.62
2022-03-29 19:01:44,533.62
2022-03-29 19:01:49,533.56
2022-03-29 19:01:54,533.56
2022-03-29 19:01:59,533.62
2022-03-29 19:02:04,533.56
2022-03-29 19:02:09,533.56
2022-03-29 19:02:14,533.49
2022-03-29 19:02:19,533.43
2022-03-29 19:02:24,533.43
2022-03-29 19:02:29,533.49
2022-03-29 19:02:34,533.43
2022-03-29 19:02:39,533.43
2022-03-29 19:02:44,533.43
2022-03-29 19:02:49,533.4
2022-03-29 19:02:54,533.4
2022-03-29 19:02:59,533.4
2022-03-29 19:03:04,533.34
2022-03-29 19:03:09,533.34
2022-03-29 19:03:14,533.27
2022-03-29 19:03:19,533.21
2022-03-29 19:03:24,533.21
2022-03-29 19:03:29,533.21
2022-03-29 19:03:34,533.12
2022-03-29 19:03:39,533.15
2022-03-29 19:03:44,533.12
2022-03-29 19:03:49,533.05
2022-03-29 19:03:54,532.99
2022-03-29 19:03:59,533.05
2022-03-29 19:04:04,532.99
2022-03-29 19:04:09,532.93
2022-03-29 19:04:14,532.93
2022-03-29 19:04:19,532.9
2022-03-29 19:04:24,532.9
2022-03-29 19:04:29,532.77
2022-03-29 19:04:34,532.77
2022-03-29 19:04:39,532.77
2022-03-29 19:04:44,532.65
2022-03-29 19:04:49,532.65
2022-03-29 19:04:54,532.61
2022-03-29 19:04:59,532.55
2022-03-29 19:05:04,532.49
2022-03-29 19:05:09,532.49
2022-03-29 19:05:14,532.42
2022-03-29 19:05:19,532.39
2022-03-29 19:05:24,532.39
2022-03-29 19:05:29,532.33
2022-03-29 19:05:34,532.2
2022-03-29 19:05:39,532.27
2022-03-29 19:05:44,532.2
2022-03-29 19:05:49,532.14
2022-03-29 19:05:54,532.14
2022-03-29 19:05:59,532.11
2022-03-29 19:06:04,532.11
2022-03-29 19:06:09,531.98
2022-03-29 19:06:14,531.98
2022-03-29 19:06:19,531.92
2022-03-29 19:06:24,531.89
2022-03-29 19:06:29,531.89
2022-03-29 19:06:34,531.83
2022-03-29 19:06:39,531.83
2022-03-29 19:06:44,531.76
2022-03-29 19:06:49,531.76
2022-03-29 19:06:54,531.7
2022-03-29 19:06:59,531.64
2022-03-29 19:07:04,531.64
2022-03-29 19:07:09,531.6
2022-03-29 19:07:14,531.54
2022-03-29 19:07:19,531.54
2022-03-29 19:07:24,531.48
2022-03-29 19:07:29,531.48
2022-03-29 19:07:34,531.48
2022-03-29 19:07:39,531.42
2022-03-29 19:07:44,531.39
2022-03-29 19:07:49,531.39
2022-03-29 19:07:54,537.71
2022-03-29 19:07:59,531.42
2022-03-29 19:08:04,531.32
2022-03-29 19:08:09,531.32
2022-03-29 19:08:14,531.32
2022-03-29 19:08:19,531.32
2022-03-29 19:08:24,531.26
2022-03-29 19:08:29,531.33
2022-03-29 19:08:34,531.27
2022-03-29 19:08:39,531.27
2022-03-29 19:08:44,531.27
2022-03-29 19:08:49,531.2
2022-03-29 19:08:54,531.2
2022-03-29 19:08:59,531.2
2022-03-29 19:09:04,531.14
2022-03-29 19:09:09,531.14
2022-03-29 19:09:14,531.14
2022-03-29 19:09:19,531.11
2022-03-29 19:09:24,531.14
2022-03-29 19:09:29,531.11
2022-03-29 19:09:34,531.05
2022-03-29 19:09:39,531.05
2022-03-29 19:09:44,531.05
2022-03-29 19:09:49,531.05
2022-03-29 19:09:54,530.99
2022-03-29 19:09:59,530.92
2022-03-29 19:10:04,530.93
2022-03-29 19:10:09,530.89
2022-03-29 19:10:14,530.83
2022-03-29 19:10:19,530.9
2022-03-29 19:10:24,530.77
2022-03-29 19:10:29,530.77
2022-03-29 19:10:34,530.77
2022-03-29 19:10:39,530.64
2022-03-29 19:10:44,530.71
2022-03-29 19:10:49,530.65
2022-03-29 19:10:54,530.65
2022-03-29 19:10:59,530.55
2022-03-29 19:11:04,530.62
2022-03-29 19:11:09,530.56
2022-03-29 19:11:14,530.56
2022-03-29 19:11:19,530.56
2022-03-29 19:11:24,530.49
2022-03-29 19:11:29,530.5
2022-03-29 19:11:34,530.43
2022-03-29 19:11:39,530.43
2022-03-29 19:11:44,530.4
2022-03-29 19:11:49,530.4
2022-03-29 19:11:54,530.41
2022-03-29 19:11:59,530.41
2022-03-29 19:12:04,530.41
2022-03-29 19:12:09,530.41
2022-03-29 19:12:14,530.34
2022-03-29 19:12:19,530.35
2022-03-29 19:12:24,530.35
2022-03-29 19:12:29,530.41
2022-03-29 19:12:34,530.35
2022-03-29 19:12:39,530.42
2022-03-29 19:12:44,530.42
2022-03-29 19:12:49,530.35
2022-03-29 19:12:54,530.35
2022-03-29 19:12:59,530.42
2022-03-29 19:13:04,530.42
2022-03-29 19:13:09,530.36
2022-03-29 19:13:14,530.42
2022-03-29 19:13:19,530.36
2022-03-29 19:13:24,530.42
2022-03-29 19:13:29,530.42
2022-03-29 19:13:34,530.46
2022-03-29 19:13:39,530.43
2022-03-29 19:13:44,530.43
2022-03-29 19:13:49,537.71
2022-03-29 19:13:54,530.43
2022-03-29 19:13:59,530.46
2022-03-29 19:14:04,530.46
2022-03-29 19:14:09,530.46
2022-03-29 19:14:14,530.46
2022-03-29 19:14:19,530.53
2022-03-29 19:14:24,530.53
2022-03-29 19:14:29,530.53
2022-03-29 19:14:34,530.53
2022-03-29 19:14:39,530.6
2022-03-29 19:14:44,530.6
2022-03-29 19:14:49,530.6
2022-03-29 19:14:54,530.6
2022-03-29 19:14:59,530.6
2022-03-29 19:15:04,530.6
2022-03-29 19:15:09,530.6
2022-03-29 19:15:14,530.66
2022-03-29 19:15:19,530.6
2022-03-29 19:15:24,530.67
2022-03-29 19:15:29,530.67
2022-03-29 19:15:34,530.67
2022-03-29 19:15:39,530.6
2022-03-29 19:15:44,530.67
2022-03-29 19:15:49,530.7
2022-03-29 19:15:54,530.7
2022-03-29 19:15:59,530.7
2022-03-29 19:16:04,530.76
2022-03-29 19:16:09,530.76
2022-03-29 19:16:14,530.83
2022-03-29 19:16:19,537.71
2022-03-29 19:16:24,530.83
2022-03-29 19:16:29,530.96
2022-03-29 19:16:34,530.96
2022-03-29 19:16:39,530.96
2022-03-29 19:16:44,530.99
2022-03-29 19:16:49,530.99
2022-03-29 19:16:54,531.05
2022-03-29 19:16:59,531.12
2022-03-29 19:17:04,531.05
2022-03-29 19:17:09,531.12
2022-03-29 19:17:14,531.18
2022-03-29 19:17:19,531.19
2022-03-29 19:17:24,531.22
2022-03-29 19:17:29,531.22
2022-03-29 19:17:34,531.28
2022-03-29 19:17:39,531.28
2022-03-29 19:17:44,531.28
2022-03-29 19:17:49,531.41
2022-03-29 19:17:54,531.41
2022-03-29 19:17:59,531.41
2022-03-29 19:18:04,531.51
2022-03-29 19:18:09,531.51
2022-03-29 19:18:14,531.51
2022-03-29 19:18:19,531.51
2022-03-29 19:18:24,531.64
2022-03-29 19:18:29,531.64
2022-03-29 19:18:34,531.64
2022-03-29 19:18:39,531.64
2022-03-29 19:18:44,531.7
2022-03-29 19:18:49,531.7
2022-03-29 19:18:54,531.8
2022-03-29 19:18:59,531.8
2022-03-29 19:19:04,531.87
2022-03-29 19:19:09,531.87
2022-03-29 19:19:14,531.87
2022-03-29 19:19:19,531.93
2022-03-29 19:19:24,532.0
2022-03-29 19:19:29,532.0
2022-03-29 19:19:34,532.0
2022-03-29 19:19:39,532.09
2022-03-29 19:19:44,532.16
2022-03-29 19:19:49,532.16
2022-03-29 19:19:54,532.16
2022-03-29 19:19:59,532.22
2022-03-29 19:20:04,532.22
2022-03-29 19:20:09,532.23
2022-03-29 19:20:14,532.26
2022-03-29 19:20:19,532.32
2022-03-29 19:20:24,532.39
2022-03-29 19:20:29,532.39
2022-03-29 19:20:34,532.45
2022-03-29 19:20:39,532.45
2022-03-29 19:20:44,532.52
2022-03-29 19:20:49,532.52
2022-03-29 19:20:54,532.56
2022-03-29 19:20:59,532.62
2022-03-29 19:21:04,537.71
2022-03-29 19:21:09,532.69
2022-03-29 19:21:14,532.69
2022-03-29 19:21:19,532.69
2022-03-29 19:21:24,532.69
2022-03-29 19:21:29,532.75
2022-03-29 19:21:34,532.78
2022-03-29 19:21:39,532.79
2022-03-29 19:21:44,532.79
2022-03-29 19:21:49,532.85
2022-03-29 19:21:54,532.92
2022-03-29 19:21:59,532.99
2022-03-29 19:22:04,533.05
2022-03-29 19:22:09,533.08
2022-03-29 19:22:14,533.08
2022-03-29 19:22:19,533.15
2022-03-29 19:22:24,533.28
2022-03-29 19:22:29,533.28
2022-03-29 19:22:34,533.31
2022-03-29 19:22:39,533.38
2022-03-29 19:22:44,533.44
2022-03-29 19:22:49,533.51
2022-03-29 19:22:54,533.51
2022-03-29 19:22:59,533.61
2022-03-29 19:23:04,533.67
2022-03-29 19:23:09,533.74
2022-03-29 19:23:14,533.74
2022-03-29 19:23:19,533.8
2022-03-29 19:23:24,533.83
2022-03-29 19:23:29,533.9
2022-03-29 19:23:34,533.9
2022-03-29 19:23:39,534.03
2022-03-29 19:23:44,534.09
2022-03-29 19:23:49,534.13
2022-03-29 19:23:54,534.19
2022-03-29 19:23:59,534.25
2022-03-29 19:24:04,534.32
2022-03-29 19:24:09,534.42
2022-03-29 19:24:14,534.42
2022-03-29 19:24:19,534.48
2022-03-29 19:24:24,534.61
2022-03-29 19:24:29,534.64
2022-03-29 19:24:34,534.71
2022-03-29 19:24:39,534.78
2022-03-29 19:24:44,534.87
2022-03-29 19:24:49,534.87
2022-03-29 19:24:54,535.0
2022-03-29 19:24:59,535.06
2022-03-29 19:25:04,535.13
2022-03-29 19:25:09,535.23
2022-03-29 19:25:14,535.29
2022-03-29 19:25:19,535.29
2022-03-29 19:25:24,535.35
2022-03-29 19:25:29,535.39
2022-03-29 19:25:34,535.38
2022-03-29 19:25:39,535.39
2022-03-29 19:25:44,535.45
2022-03-29 19:25:49,535.52
2022-03-29 19:25:54,535.51
2022-03-29 19:25:59,535.58
2022-03-29 19:26:04,535.52
2022-03-29 19:26:09,535.52
2022-03-29 19:26:14,535.51
2022-03-29 19:26:19,535.51
2022-03-29 19:26:24,535.51
2022-03-29 19:26:29,535.45
2022-03-29 19:26:34,535.45
2022-03-29 19:26:39,535.45
2022-03-29 19:26:44,535.38
2022-03-29 19:26:49,535.38
2022-03-29 19:26:54,535.35
2022-03-29 19:26:59,535.28
2022-03-29 19:27:04,535.28
2022-03-29 19:27:09,535.22
2022-03-29 19:27:14,535.16
2022-03-29 19:27:19,535.12
2022-03-29 19:27:24,535.06
2022-03-29 19:27:29,534.99
2022-03-29 19:27:34,534.93
2022-03-29 19:27:39,534.83
2022-03-29 19:27:44,534.77
2022-03-29 19:27:49,534.7
2022-03-29 19:27:54,534.7
2022-03-29 19:27:59,534.64
2022-03-29 19:28:04,534.6
2022-03-29 19:28:09,534.41
2022-03-29 19:28:14,534.41
2022-03-29 19:28:19,534.32
2022-03-29 19:28:24,534.25
2022-03-29 19:28:29,534.12
2022-03-29 19:28:34,534.09
2022-03-29 19:28:39,534.09
2022-03-29 19:28:44,533.96
2022-03-29 19:28:49,533.96
2022-03-29 19:28:54,533.83
2022-03-29 19:28:59,533.8
2022-03-29 19:29:04,533.74
2022-03-29 19:29:09,533.67
2022-03-29 19:29:14,533.57
2022-03-29 19:29:19,533.51
2022-03-29 19:29:24,533.45
2022-03-29 19:29:29,533.38
2022-03-29 19:29:34,533.32
2022-03-29 19:29:39,533.22
2022-03-29 19:29:44,533.16
2022-03-29 19:29:49,533.09
2022-03-29 19:29:54,533.0
2022-03-29 19:29:59,532.93
2022-03-29 19:30:04,532.87
2022-03-29 19:30:09,532.8
2022-03-29 19:30:14,532.71
2022-03-29 19:30:19,532.71
2022-03-29 19:30:24,532.71
2022-03-29 19:30:29,532.55
2022-03-29 19:30:34,532.55
2022-03-29 19:30:39,532.42
2022-03-29 19:30:44,532.35
2022-03-29 19:30:49,532.29
2022-03-29 19:30:54,532.26
2022-03-29 19:30:59,532.2
2022-03-29 19:31:04,532.13
2022-03-29 19:31:09,532.07
2022-03-29 19:31:14,531.97
2022-03-29 19:31:19,531.98
2022-03-29 19:31:24,531.85
2022-03-29 19:31:29,531.78
2022-03-29 19:31:34,531.69
2022-03-29 19:31:39,531.69
2022-03-29 19:31:44,531.56
2022-03-29 19:31:49,531.53
2022-03-29 19:31:54,531.4
2022-03-29 19:31:59,531.27
2022-03-29 19:32:04,531.24
2022-03-29 19:32:09,531.18
2022-03-29 19:32:14,531.11
2022-03-29 19:32:19,531.02
2022-03-29 19:32:24,530.89
2022-03-29 19:32:29,530.82
2022-03-29 19:32:34,530.76
2022-03-29 19:32:39,530.73
2022-03-29 19:32:44,530.67
2022-03-29 19:32:49,530.54
2022-03-29 19:32:54,530.44
2022-03-29 19:32:59,530.38
2022-03-29 19:33:04,530.31
2022-03-29 19:33:09,530.22
2022-03-29 19:33:14,530.15
2022-03-29 19:33:19,530.03
2022-03-29 19:33:24,529.99
2022-03-29 19:33:29,529.86
2022-03-29 19:33:34,529.86
2022-03-29 19:33:39,529.73
2022-03-29 19:33:44,529.7
2022-03-29 19:33:49,529.58
2022-03-29 19:33:54,537.71
2022-03-29 19:33:59,529.48
2022-03-29 19:34:04,529.42
2022-03-29 19:34:09,529.29
2022-03-29 19:34:14,529.29
2022-03-29 19:34:19,529.22
2022-03-29 19:34:24,529.19
2022-03-29 19:34:29,529.19
2022-03-29 19:34:34,529.13
2022-03-29 19:34:39,529.06
2022-03-29 19:34:44,529.0
2022-03-29 19:34:49,528.97
2022-03-29 19:34:54,528.97
2022-03-29 19:34:59,528.97
2022-03-29 19:35:04,528.9
2022-03-29 19:35:09,528.9
2022-03-29 19:35:14,528.9
2022-03-29 19:35:19,528.9
2022-03-29 19:35:24,528.9
2022-03-29 19:35:29,528.9
2022-03-29 19:35:34,528.97
2022-03-29 19:35:39,528.99
2022-03-29 19:35:44,528.96
2022-03-29 19:35:49,528.99
2022-03-29 19:35:54,528.99
2022-03-29 19:35:59,529.06
2022-03-29 19:36:04,529.06
2022-03-29 19:36:09,529.06
2022-03-29 19:36:14,529.06
2022-03-29 19:36:19,529.12
2022-03-29 19:36:24,529.12
2022-03-29 19:36:29,529.12
2022-03-29 19:36:34,529.12
2022-03-29 19:36:39,529.22
2022-03-29 19:36:44,529.19
2022-03-29 19:36:49,529.22
2022-03-29 19:36:54,529.22
2022-03-29 19:36:59,529.28
2022-03-29 19:37:04,529.28
2022-03-29 19:37:09,529.35
2022-03-29 19:37:14,529.35
2022-03-29 19:37:19,529.35
2022-03-29 19:37:24,529.35
2022-03-29 19:37:29,529.35
2022-03-29 19:37:34,529.41
2022-03-29 19:37:39,529.41
2022-03-29 19:37:44,529.47
2022-03-29 19:37:49,529.47
2022-03-29 19:37:54,529.47
2022-03-29 19:37:59,529.41
2022-03-29 19:38:04,529.47
2022-03-29 19:38:09,529.47
2022-03-29 19:38:14,529.47
2022-03-29 19:38:19,529.47
2022-03-29 19:38:24,529.41
2022-03-29 19:38:29,529.47
2022-03-29 19:38:34,529.47
2022-03-29 19:38:39,529.47
2022-03-29 19:38:44,529.47
2022-03-29 19:38:49,529.47
2022-03-29 19:38:54,529.47
2022-03-29 19:38:59,529.47
2022-03-29 19:39:04,529.4
2022-03-29 19:39:09,529.4
2022-03-29 19:39:14,529.47
2022-03-29 19:39:19,537.71
2022-03-29 19:39:24,529.47
2022-03-29 19:39:29,529.47
2022-03-29 19:39:34,529.4
2022-03-29 19:39:39,529.4
2022-03-29 19:39:44,529.47
2022-03-29 19:39:49,529.41
2022-03-29 19:39:54,529.47
2022-03-29 19:39:59,529.41
2022-03-29 19:40:04,529.41
2022-03-29 19:40:09,529.47
2022-03-29 19:40:14,529.47
2022-03-29 19:40:19,529.41
2022-03-29 19:40:24,529.47
2022-03-29 19:40:29,529.5
2022-03-29 19:40:34,529.47
2022-03-29 19:40:39,529.51
2022-03-29 19:40:44,529.64
2022-03-29 19:40:49,529.63
2022-03-29 19:40:54,529.63
2022-03-29 19:40:59,529.64
2022-03-29 19:41:04,529.73
2022-03-29 19:41:09,529.7
2022-03-29 19:41:14,529.74
2022-03-29 19:41:19,529.74
2022-03-29 19:41:24,529.8
2022-03-29 19:41:29,529.74
2022-03-29 19:41:34,529.8
2022-03-29 19:41:39,529.87
2022-03-29 19:41:44,529.8
2022-03-29 19:41:49,529.8
2022-03-29 19:41:54,529.87
2022-03-29 19:41:59,529.87
2022-03-29 19:42:04,529.94
2022-03-29 19:42:09,529.94
2022-03-29 19:42:14,529.94
2022-03-29 19:42:19,530.0
2022-03-29 19:42:24,530.03
2022-03-29 19:42:29,530.03
2022-03-29 19:42:34,530.03
2022-03-29 19:42:39,530.1
2022-03-29 19:42:44,530.17
2022-03-29 19:42:49,530.17
2022-03-29 19:42:54,530.23
2022-03-29 19:42:59,530.27
2022-03-29 19:43:04,530.26
2022-03-29 19:43:09,530.33
2022-03-29 19:43:14,530.39
2022-03-29 19:43:19,530.46
2022-03-29 19:43:24,530.46
2022-03-29 19:43:29,530.52
2022-03-29 19:43:34,530.52
2022-03-29 19:43:39,530.55
2022-03-29 19:43:44,530.62
2022-03-29 19:43:49,530.68
2022-03-29 19:43:54,530.69
2022-03-29 19:43:59,530.75
2022-03-29 19:44:04,530.78
2022-03-29 19:44:09,530.84
2022-03-29 19:44:14,530.84
2022-03-29 19:44:19,530.91
2022-03-29 19:44:24,530.98
2022-03-29 19:44:29,530.97
2022-03-29 19:44:34,531.04
2022-03-29 19:44:39,531.07
2022-03-29 19:44:44,531.14
2022-03-29 19:44:49,531.13
2022-03-29 19:44:54,531.2
2022-03-29 19:44:59,531.27
2022-03-29 19:45:04,531.3
2022-03-29 19:45:09,531.36
2022-03-29 19:45:14,537.71
2022-03-29 19:45:19,531.49
2022-03-29 19:45:24,531.55
2022-03-29 19:45:29,531.65
2022-03-29 19:45:34,531.59
2022-03-29 19:45:39,531.65
2022-03-29 19:45:44,531.71
2022-03-29 19:45:49,531.81
2022-03-29 19:45:54,531.81
2022-03-29 19:45:59,531.87
2022-03-29 19:46:04,531.87
2022-03-29 19:46:09,531.94
2022-03-29 19:46:14,532.0
2022-03-29 19:46:19,532.07
2022-03-29 19:46:24,532.1
2022-03-29 19:46:29,532.16
2022-03-29 19:46:34,532.16
2022-03-29 19:46:39,532.22
2022-03-29 19:46:44,532.29
2022-03-29 19:46:49,532.29
2022-03-29 19:46:54,532.29
2022-03-29 19:46:59,532.32
2022-03-29 19:47:04,532.38
2022-03-29 19:47:09,532.45
2022-03-29 19:47:14,532.38
2022-03-29 19:47:19,532.45
2022-03-29 19:47:24,532.45
2022-03-29 19:47:29,532.51
2022-03-29 19:47:34,532.51
2022-03-29 19:47:39,532.57
2022-03-29 19:47:44,532.57
2022-03-29 19:47:49,532.57
2022-03-29 19:47:54,532.57
2022-03-29 19:47:59,532.57
2022-03-29 19:48:04,532.6
2022-03-29 19:48:09,532.6
2022-03-29 19:48:14,532.6
2022-03-29 19:48:19,532.66
2022-03-29 19:48:24,532.66
2022-03-29 19:48:29,532.73
2022-03-29 19:48:34,532.66
2022-03-29 19:48:39,532.73
2022-03-29 19:48:44,532.82
2022-03-29 19:48:49,532.82
2022-03-29 19:48:54,532.82
2022-03-29 19:48:59,532.82
2022-03-29 19:49:04,532.89
2022-03-29 19:49:09,532.95
2022-03-29 19:49:14,532.95
2022-03-29 19:49:19,533.02
2022-03-29 19:49:24,532.95
2022-03-29 19:49:29,533.02
2022-03-29 19:49:34,533.02
2022-03-29 19:49:39,533.02
2022-03-29 19:49:44,533.08
2022-03-29 19:49:49,533.08
2022-03-29 19:49:54,533.11
2022-03-29 19:49:59,533.18
2022-03-29 19:50:04,533.18
2022-03-29 19:50:09,533.18
2022-03-29 19:50:14,533.31
2022-03-29 19:50:19,533.31
2022-03-29 19:50:24,533.31
2022-03-29 19:50:29,533.34
2022-03-29 19:50:34,533.34
2022-03-29 19:50:39,533.41
2022-03-29 19:50:44,533.41
2022-03-29 19:50:49,533.41
2022-03-29 19:50:54,533.47
2022-03-29 19:50:59,533.54
2022-03-29 19:51:04,533.47
2022-03-29 19:51:09,533.6
2022-03-29 19:51:14,533.61
2022-03-29 19:51:19,533.64
2022-03-29 19:51:24,533.64
2022-03-29 19:51:29,533.7
2022-03-29 19:51:34,533.7
2022-03-29 19:51:39,533.77
2022-03-29 19:51:44,533.83
2022-03-29 19:51:49,533.83
2022-03-29 19:51:54,533.87
2022-03-29 19:51:59,533.86
2022-03-29 19:52:04,533.87
2022-03-29 19:52:09,534.0
2022-03-29 19:52:14,533.93
2022-03-29 19:52:19,534.0
2022-03-29 19:52:24,534.06
2022-03-29 19:52:29,534.06
2022-03-29 19:52:34,534.06
2022-03-29 19:52:39,534.13
2022-03-29 19:52:44,534.13
2022-03-29 19:52:49,534.13
2022-03-29 19:52:54,534.13
2022-03-29 19:52:59,534.16
2022-03-29 19:53:04,534.17
2022-03-29 19:53:09,534.23
2022-03-29 19:53:14,534.29
2022-03-29 19:53:19,534.29
2022-03-29 19:53:24,534.29
2022-03-29 19:53:29,534.36
2022-03-29 19:53:34,534.39
2022-03-29 19:53:39,534.39
2022-03-29 19:53:44,534.39
2022-03-29 19:53:49,534.45
2022-03-29 19:53:54,534.45
2022-03-29 19:53:59,534.46
2022-03-29 19:54:04,534.46
2022-03-29 19:54:09,534.45
2022-03-29 19:54:14,534.52
2022-03-29 19:54:19,534.52
2022-03-29 19:54:24,534.52
2022-03-29 19:54:29,534.52
2022-03-29 19:54:34,534.52
2022-03-29 19:54:39,534.59
2022-03-29 19:54:44,534.58
2022-03-29 19:54:49,534.65
2022-03-29 19:54:54,534.58
2022-03-29 19:54:59,534.58
2022-03-29 19:55:04,534.52
2022-03-29 19:55:09,534.59
2022-03-29 19:55:14,534.52
2022-03-29 19:55:19,534.39
2022-03-29 19:55:24,534.39
2022-03-29 19:55:29,534.36
2022-03-29 19:55:34,534.23
2022-03-29 19:55:39,534.16
2022-03-29 19:55:44,534.07
2022-03-29 19:55:49,534.0
2022-03-29 19:55:54,533.87
2022-03-29 19:55:59,533.78
2022-03-29 19:56:04,533.71
2022-03-29 19:56:09,537.71
2022-03-29 19:56:14,533.42
2022-03-29 19:56:19,533.33
2022-03-29 19:56:24,533.2
2022-03-29 19:56:29,533.1
2022-03-29 19:56:34,532.97
2022-03-29 19:56:39,532.81
2022-03-29 19:56:44,532.68
2022-03-29 19:56:49,532.58
2022-03-29 19:56:54,532.45
2022-03-29 19:56:59,532.32
2022-03-29 19:57:04,532.23
2022-03-29 19:57:09,532.1
2022-03-29 19:57:14,531.94
2022-03-29 19:57:19,531.87
2022-03-29 19:57:24,537.71
2022-03-29 19:57:29,531.58
2022-03-29 19:57:34,531.55
2022-03-29 19:57:39,531.42
2022-03-29 19:57:44,531.29
2022-03-29 19:57:49,531.26
2022-03-29 19:57:54,531.13
2022-03-29 19:57:59,531.03
2022-03-29 19:58:04,530.9
2022-03-29 19:58:09,530.77
2022-03-29 19:58:14,530.74
2022-03-29 19:58:19,530.61
2022-03-29 19:58:24,530.55
2022-03-29 19:58:29,530.38
2022-03-29 19:58:34,530.32
2022-03-29 19:58:39,530.22
2022-03-29 19:58:44,530.09
2022-03-29 19:58:49,529.99
2022-03-29 19:58:54,529.93
2022-03-29 19:58:59,529.8
2022-03-29 19:59:04,529.71
2022-03-29 19:59:09,529.64
2022-03-29 19:59:14,529.51
2022-03-29 19:59:19,529.51
2022-03-29 19:59:24,529.42
2022-03-29 19:59:29,529.35
2022-03-29 19:59:34,529.28
2022-03-29 19:59:39,529.19
2022-03-29 19:59:44,529.13
2022-03-29 19:59:49,529.0
2022-03-29 19:59:54,528.99
2022-03-29 19:59:59,528.9
2022-03-29 20:00:04,528.83
2022-03-29 20:00:09,528.77
2022-03-29 20:00:14,528.71
2022-03-29 20:00:19,528.61
2022-03-29 20:00:24,528.55
2022-03-29 20:00:29,528.48
2022-03-29 20:00:34,528.45
2022-03-29 20:00:39,528.39
2022-03-29 20:00:44,528.26
2022-03-29 20:00:49,528.16
2022-03-29 20:00:54,528.16
2022-03-29 20:00:59,528.03
2022-03-29 20:01:04,527.94
2022-03-29 20:01:09,527.88
2022-03-29 20:01:14,527.75
2022-03-29 20:01:19,527.68
2022-03-29 20:01:24,527.59
2022-03-29 20:01:29,527.52
2022-03-29 20:01:34,527.43
2022-03-29 20:01:39,527.36
2022-03-29 20:01:44,527.3
2022-03-29 20:01:49,527.17
2022-03-29 20:01:54,527.14
2022-03-29 20:01:59,527.01
2022-03-29 20:02:04,526.95
2022-03-29 20:02:09,526.85
2022-03-29 20:02:14,526.73
2022-03-29 20:02:19,526.66
2022-03-29 20:02:24,526.56
2022-03-29 20:02:29,526.5
2022-03-29 20:02:34,526.34
2022-03-29 20:02:39,526.27
2022-03-29 20:02:44,526.21
2022-03-29 20:02:49,526.15
2022-03-29 20:02:54,526.12
2022-03-29 20:02:59,525.99
2022-03-29 20:03:04,525.89
2022-03-29 20:03:09,525.82
2022-03-29 20:03:14,525.76
2022-03-29 20:03:19,525.7
2022-03-29 20:03:24,525.6
2022-03-29 20:03:29,525.54
2022-03-29 20:03:34,525.47
2022-03-29 20:03:39,525.41
2022-03-29 20:03:44,525.37
2022-03-29 20:03:49,525.25
2022-03-29 20:03:54,525.18
2022-03-29 20:03:59,525.18
2022-03-29 20:04:04,525.12
2022-03-29 20:04:09,525.12
2022-03-29 20:04:14,524.96
2022-03-29 20:04:19,525.02
2022-03-29 20:04:24,524.96
2022-03-29 20:04:29,524.96
2022-03-29 20:04:34,524.96
2022-03-29 20:04:39,524.96
2022-03-29 20:04:44,524.89
2022-03-29 20:04:49,524.89
2022-03-29 20:04:54,524.86
2022-03-29 20:04:59,524.89
2022-03-29 20:05:04,524.86
2022-03-29 20:05:09,524.86
2022-03-29 20:05:14,524.86
2022-03-29 20:05:19,524.86
2022-03-29 20:05:24,524.86
2022-03-29 20:05:29,524.79
2022-03-29 20:05:34,524.86
2022-03-29 20:05:39,524.86
2022-03-29 20:05:44,524.86
2022-03-29 20:05:49,524.86
2022-03-29 20:05:54,524.86
2022-03-29 20:05:59,524.86
2022-03-29 20:06:04,524.86
2022-03-29 20:06:09,524.89
2022-03-29 20:06:14,524.89
2022-03-29 20:06:19,524.89
2022-03-29 20:06:24,524.89
2022-03-29 20:06:29,524.85
2022-03-29 20:06:34,524.89
2022-03-29 20:06:39,524.85
2022-03-29 20:06:44,524.85
2022-03-29 20:06:49,524.85
2022-03-29 20:06:54,524.85
2022-03-29 20:06:59,524.85
2022-03-29 20:07:04,524.85
2022-03-29 20:07:09,524.85
2022-03-29 20:07:14,524.85
2022-03-29 20:07:19,524.85
2022-03-29 20:07:24,524.85
2022-03-29 20:07:29,524.88
2022-03-29 20:07:34,524.88
2022-03-29 20:07:39,524.94
2022-03-29 20:07:44,524.94
2022-03-29 20:07:49,524.94
2022-03-29 20:07:54,524.94
2022-03-29 20:07:59,524.94
2022-03-29 20:08:04,525.0
2022-03-29 20:08:09,525.0
2022-03-29 20:08:14,525.0
2022-03-29 20:08:19,525.06
2022-03-29 20:08:24,525.06
2022-03-29 20:08:29,525.06
2022-03-29 20:08:34,525.09
2022-03-29 20:08:39,525.16
2022-03-29 20:08:44,525.09
2022-03-29 20:08:49,525.22
2022-03-29 20:08:54,525.22
2022-03-29 20:08:59,525.29
2022-03-29 20:09:04,525.29
2022-03-29 20:09:09,525.38
2022-03-29 20:09:14,525.38
2022-03-29 20:09:19,525.45
2022-03-29 20:09:24,525.51
2022-03-29 20:09:29,525.58
2022-03-29 20:09:34,525.67
2022-03-29 20:09:39,525.8
2022-03-29 20:09:44,525.87
2022-03-29 20:09:49,525.96
2022-03-29 20:09:54,526.09
2022-03-29 20:09:59,526.12
2022-03-29 20:10:04,526.25
2022-03-29 20:10:09,526.38
2022-03-29 20:10:14,526.48
2022-03-29 20:10:19,526.61
2022-03-29 20:10:24,526.77
2022-03-29 20:10:29,526.9
2022-03-29 20:10:34,527.0
2022-03-29 20:10:39,527.16
2022-03-29 20:10:44,527.35
2022-03-29 20:10:49,527.45
2022-03-29 20:10:54,527.64
2022-03-29 20:10:59,527.8
2022-03-29 20:11:04,527.96
2022-03-29 20:11:09,528.16
2022-03-29 20:11:14,528.38
2022-03-29 20:11:19,528.48
2022-03-29 20:11:24,528.67
2022-03-29 20:11:29,528.9
2022-03-29 20:11:34,529.0
2022-03-29 20:11:39,529.22
2022-03-29 20:11:44,529.42
2022-03-29 20:11:49,529.64
2022-03-29 20:11:54,529.74
2022-03-29 20:11:59,530.0
2022-03-29 20:12:04,530.16
2022-03-29 20:12:09,530.38
2022-03-29 20:12:14,530.55
2022-03-29 20:12:19,530.74
2022-03-29 20:12:24,530.97
2022-03-29 20:12:29,531.19
2022-03-29 20:12:34,531.35
2022-03-29 20:12:39,531.58
2022-03-29 20:12:44,531.78
2022-03-29 20:12:49,531.94
2022-03-29 20:12:54,532.1
2022-03-29 20:12:59,532.32
2022-03-29 20:13:04,532.52
2022-03-29 20:13:09,532.68
2022-03-29 20:13:14,532.84
2022-03-29 20:13:19,532.97
2022-03-29 20:13:24,533.13
2022-03-29 20:13:29,533.32
2022-03-29 20:13:34,533.49
2022-03-29 20:13:39,533.55
2022-03-29 20:13:44,533.71
2022-03-29 20:13:49,533.88
2022-03-29 20:13:54,534.07
2022-03-29 20:13:59,534.17
2022-03-29 20:14:04,534.3
2022-03-29 20:14:09,534.46
2022-03-29 20:14:14,534.52
2022-03-29 20:14:19,534.65
2022-03-29 20:14:24,534.69
2022-03-29 20:14:29,534.81
2022-03-29 20:14:34,534.88
2022-03-29 20:14:39,534.98
2022-03-29 20:14:44,535.11
2022-03-29 20:14:49,535.21
2022-03-29 20:14:54,535.27
2022-03-29 20:14:59,535.33
2022-03-29 20:15:04,535.4
2022-03-29 20:15:09,535.43
2022-03-29 20:15:14,535.44
2022-03-29 20:15:19,535.57
2022-03-29 20:15:24,535.63
2022-03-29 20:15:29,535.7
2022-03-29 20:15:34,535.73
2022-03-29 20:15:39,535.73
2022-03-29 20:15:44,535.79
2022-03-29 20:15:49,535.79
2022-03-29 20:15:54,535.86
2022-03-29 20:15:59,535.86
2022-03-29 20:16:04,535.86
2022-03-29 20:16:09,535.93
2022-03-29 20:16:14,535.93
2022-03-29 20:16:19,535.86
2022-03-29 20:16:24,535.96
2022-03-29 20:16:29,535.93
2022-03-29 20:16:34,535.93
2022-03-29 20:16:39,535.93
2022-03-29 20:16:44,535.87
2022-03-29 20:16:49,535.87
2022-03-29 20:16:54,535.87
2022-03-29 20:16:59,535.87
2022-03-29 20:17:04,535.87
2022-03-29 20:17:09,535.87
2022-03-29 20:17:14,535.81
2022-03-29 20:17:19,535.81
2022-03-29 20:17:24,535.81
2022-03-29 20:17:29,535.81
2022-03-29 20:17:34,535.75
2022-03-29 20:17:39,535.81
2022-03-29 20:17:44,535.75
2022-03-29 20:17:49,535.75
2022-03-29 20:17:54,535.72
2022-03-29 20:17:59,535.72
2022-03-29 20:18:04,535.65
2022-03-29 20:18:09,535.66
2022-03-29 20:18:14,535.66
2022-03-29 20:18:19,535.59
2022-03-29 20:18:24,535.53
2022-03-29 20:18:29,535.53
2022-03-29 20:18:34,535.47
2022-03-29 20:18:39,535.37
2022-03-29 20:18:44,535.44
2022-03-29 20:18:49,535.37
2022-03-29 20:18:54,535.31
2022-03-29 20:18:59,535.22
2022-03-29 20:19:04,535.22
2022-03-29 20:19:09,535.15
2022-03-29 20:19:14,535.09
2022-03-29 20:19:19,535.03
2022-03-29 20:19:24,534.96
2022-03-29 20:19:29,534.97
2022-03-29 20:19:34,534.87
2022-03-29 20:19:39,534.81
2022-03-29 20:19:44,534.81
2022-03-29 20:19:49,534.75
2022-03-29 20:19:54,534.65
2022-03-29 20:19:59,534.65
2022-03-29 20:20:04,534.58
2022-03-29 20:20:09,534.52
2022-03-29 20:20:14,534.43
2022-03-29 20:20:19,534.36
2022-03-29 20:20:24,534.3
2022-03-29 20:20:29,534.3
2022-03-29 20:20:34,534.24
2022-03-29 20:20:39,534.14
2022-03-29 20:20:44,534.08
2022-03-29 20:20:49,534.02
2022-03-29 20:20:54,533.92
2022-03-29 20:20:59,533.92
2022-03-29 20:21:04,533.8
2022-03-29 20:21:09,533.8
2022-03-29 20:21:14,533.73
2022-03-29 20:21:19,533.7
2022-03-29 20:21:24,533.58
2022-03-29 20:21:29,533.57
2022-03-29 20:21:34,533.51
2022-03-29 20:21:39,533.42
2022-03-29 20:21:44,533.35
2022-03-29 20:21:49,533.29
2022-03-29 20:21:54,533.23
2022-03-29 20:21:59,533.19
2022-03-29 20:22:04,533.13
2022-03-29 20:22:09,533.07
2022-03-29 20:22:14,533.01
2022-03-29 20:22:19,532.91
2022-03-29 20:22:24,532.91
2022-03-29 20:22:29,532.78
2022-03-29 20:22:34,532.72
2022-03-29 20:22:39,532.69
2022-03-29 20:22:44,532.56
2022-03-29 20:22:49,532.56
2022-03-29 20:22:54,532.56
2022-03-29 20:22:59,532.43
2022-03-29 20:23:04,532.4
2022-03-29 20:23:09,532.33
2022-03-29 20:23:14,532.34
2022-03-29 20:23:19,532.27
2022-03-29 20:23:24,532.18
2022-03-29 20:23:29,532.18
2022-03-29 20:23:34,532.11
2022-03-29 20:23:39,532.05
2022-03-29 20:23:44,531.99
2022-03-29 20:23:49,531.99
2022-03-29 20:23:54,531.92
2022-03-29 20:23:59,531.89
2022-03-29 20:24:04,531.83
2022-03-29 20:24:09,531.76
2022-03-29 20:24:14,531.83
2022-03-29 20:24:19,531.76
2022-03-29 20:24:24,531.76
2022-03-29 20:24:29,531.76
2022-03-29 20:24:34,531.7
2022-03-29 20:24:39,531.7
2022-03-29 20:24:44,531.7
2022-03-29 20:24:49,531.7
2022-03-29 20:24:54,531.67
2022-03-29 20:24:59,531.7
2022-03-29 20:25:04,531.7
2022-03-29 20:25:09,531.7
2022-03-29 20:25:14,531.7
2022-03-29 20:25:19,531.76
2022-03-29 20:25:24,531.76
2022-03-29 20:25:29,531.83
2022-03-29 20:25:34,531.83
2022-03-29 20:25:39,531.89
2022-03-29 20:25:44,537.71
2022-03-29 20:25:49,531.92
2022-03-29 20:25:54,532.05
2022-03-29 20:25:59,532.05
2022-03-29 20:26:04,532.18
2022-03-29 20:26:09,532.12
2022-03-29 20:26:14,532.18
2022-03-29 20:26:19,532.21
2022-03-29 20:26:24,532.34
2022-03-29 20:26:29,532.34
2022-03-29 20:26:34,532.44
2022-03-29 20:26:39,532.5
2022-03-29 20:26:44,532.64
2022-03-29 20:26:49,532.73
2022-03-29 20:26:54,532.79
2022-03-29 20:26:59,532.86
2022-03-29 20:27:04,532.95
2022-03-29 20:27:09,533.02
2022-03-29 20:27:14,533.09
2022-03-29 20:27:19,533.21
2022-03-29 20:27:24,533.25
2022-03-29 20:27:29,533.31
2022-03-29 20:27:34,533.44
2022-03-29 20:27:39,533.54
2022-03-29 20:27:44,533.54
2022-03-29 20:27:49,533.73
2022-03-29 20:27:54,533.77
2022-03-29 20:27:59,533.89
2022-03-29 20:28:04,533.96
2022-03-29 20:28:09,534.06
2022-03-29 20:28:14,534.12
2022-03-29 20:28:19,534.18
2022-03-29 20:28:24,534.28
2022-03-29 20:28:29,534.41
2022-03-29 20:28:34,534.47
2022-03-29 20:28:39,534.51
2022-03-29 20:28:44,534.64
2022-03-29 20:28:49,534.7
2022-03-29 20:28:54,534.77
2022-03-29 20:28:59,534.8
2022-03-29 20:29:04,534.86
2022-03-29 20:29:09,534.93
2022-03-29 20:29:14,535.03
2022-03-29 20:29:19,535.03
2022-03-29 20:29:24,535.16
2022-03-29 20:29:29,535.22
2022-03-29 20:29:34,535.29
2022-03-29 20:29:39,535.29
2022-03-29 20:29:44,535.38
2022-03-29 20:29:49,535.39
2022-03-29 20:29:54,535.52
2022-03-29 20:29:59,535.52
2022-03-29 20:30:04,535.55
2022-03-29 20:30:09,535.68
2022-03-29 20:30:14,535.68
2022-03-29 20:30:19,535.75
2022-03-29 20:30:24,535.75
2022-03-29 20:30:29,535.84
2022-03-29 20:30:34,535.85
2022-03-29 20:30:39,535.85
2022-03-29 20:30:44,535.98
2022-03-29 20:30:49,535.98
2022-03-29 20:30:54,536.04
2022-03-29 20:30:59,536.08
2022-03-29 20:31:04,536.14
2022-03-29 20:31:09,536.14
2022-03-29 20:31:14,536.21
2022-03-29 20:31:19,536.27
2022-03-29 20:31:24,536.27
2022-03-29 20:31:29,536.27
2022-03-29 20:31:34,536.27
2022-03-29 20:31:39,536.34
2022-03-29 20:31:44,536.37
2022-03-29 20:31:49,536.44
2022-03-29 20:31:54,536.44
2022-03-29 20:31:59,536.5
2022-03-29 20:32:04,536.57
2022-03-29 20:32:09,536.6
2022-03-29 20:32:14,536.6
2022-03-29 20:32:19,536.6
2022-03-29 20:32:24,536.67
2022-03-29 20:32:29,536.67
2022-03-29 20:32:34,536.73
2022-03-29 20:32:39,536.73
2022-03-29 20:32:44,536.8
2022-03-29 20:32:49,536.8
2022-03-29 20:32:54,536.9
2022-03-29 20:32:59,536.9
2022-03-29 20:33:04,536.9
2022-03-29 20:33:09,536.9
2022-03-29 20:33:14,536.96
2022-03-29 20:33:19,536.96
2022-03-29 20:33:24,537.03
2022-03-29 20:33:29,537.03
2022-03-29 20:33:34,537.02
2022-03-29 20:33:39,537.09
2022-03-29 20:33:44,537.02
2022-03-29 20:33:49,537.03
2022-03-29 20:33:54,537.03
2022-03-29 20:33:59,537.02
2022-03-29 20:34:04,537.09
2022-03-29 20:34:09,537.09
2022-03-29 20:34:14,537.03
2022-03-29 20:34:19,537.03
2022-03-29 20:34:24,537.09
2022-03-29 20:34:29,536.96
2022-03-29 20:34:34,536.96
2022-03-29 20:34:39,536.96
2022-03-29 20:34:44,536.96
2022-03-29 20:34:49,536.9
2022-03-29 20:34:54,536.87
2022-03-29 20:34:59,536.87
2022-03-29 20:35:04,536.8
2022-03-29 20:35:09,536.67
2022-03-29 20:35:14,536.67
2022-03-29 20:35:19,536.67
2022-03-29 20:35:24,536.57
2022-03-29 20:35:29,536.51
2022-03-29 20:35:34,536.38
2022-03-29 20:35:39,536.35
2022-03-29 20:35:44,536.28
2022-03-29 20:35:49,536.22
2022-03-29 20:35:54,536.15
2022-03-29 20:35:59,536.09
2022-03-29 20:36:04,535.99
2022-03-29 20:36:09,535.99
2022-03-29 20:36:14,535.86
2022-03-29 20:36:19,535.83
2022-03-29 20:36:24,535.76
2022-03-29 20:36:29,535.7
2022-03-29 20:36:34,535.63
2022-03-29 20:36:39,535.57
2022-03-29 20:36:44,535.47
2022-03-29 20:36:49,535.34
2022-03-29 20:36:54,535.34
2022-03-29 20:36:59,535.31
2022-03-29 20:37:04,535.18
2022-03-29 20:37:09,535.05
2022-03-29 20:37:14,535.02
2022-03-29 20:37:19,534.89
2022-03-29 20:37:24,534.83
2022-03-29 20:37:29,534.79
2022-03-29 20:37:34,534.67
2022-03-29 20:37:39,534.6
2022-03-29 20:37:44,534.51
2022-03-29 20:37:49,534.44
2022-03-29 20:37:54,534.38
2022-03-29 20:37:59,534.28
2022-03-29 20:38:04,534.15
2022-03-29 20:38:09,534.09
2022-03-29 20:38:14,534.09
2022-03-29 20:38:19,533.99
2022-03-29 20:38:24,533.93
2022-03-29 20:38:29,533.87
2022-03-29 20:38:34,533.8
2022-03-29 20:38:39,533.71
2022-03-29 20:38:44,533.64
2022-03-29 20:38:49,533.57
2022-03-29 20:38:54,533.48
2022-03-29 20:38:59,533.48
2022-03-29 20:39:04,533.35
2022-03-29 20:39:09,533.29
2022-03-29 20:39:14,533.26
2022-03-29 20:39:19,533.19
2022-03-29 20:39:24,533.13
2022-03-29 20:39:29,533.07
2022-03-29 20:39:34,533.0
2022-03-29 20:39:39,532.97
2022-03-29 20:39:44,537.71
2022-03-29 20:39:49,532.84
2022-03-29 20:39:54,532.78
2022-03-29 20:39:59,532.75
2022-03-29 20:40:04,532.75
2022-03-29 20:40:09,532.62
2022-03-29 20:40:14,532.62
2022-03-29 20:40:19,532.56
2022-03-29 20:40:24,532.56
2022-03-29 20:40:29,532.49
2022-03-29 20:40:34,532.49
2022-03-29 20:40:39,532.5
2022-03-29 20:40:44,532.5
2022-03-29 20:40:49,532.47
2022-03-29 20:40:54,532.46
2022-03-29 20:40:59,532.4
2022-03-29 20:41:04,532.47
2022-03-29 20:41:09,532.46
2022-03-29 20:41:14,532.4
2022-03-29 20:41:19,532.4
2022-03-29 20:41:24,532.4
2022-03-29 20:41:29,532.4
2022-03-29 20:41:34,532.47
2022-03-29 20:41:39,532.47
2022-03-29 20:41:44,532.4
2022-03-29 20:41:49,532.4
2022-03-29 20:41:54,532.47
2022-03-29 20:41:59,532.47
2022-03-29 20:42:04,532.47
2022-03-29 20:42:09,532.56
2022-03-29 20:42:14,532.5
2022-03-29 20:42:19,532.57
2022-03-29 20:42:24,532.63
2022-03-29 20:42:29,532.63
2022-03-29 20:42:34,532.63
2022-03-29 20:42:39,532.7
2022-03-29 20:42:44,532.76
2022-03-29 20:42:49,532.76
2022-03-29 20:42:54,532.79
2022-03-29 20:42:59,532.85
2022-03-29 20:43:04,532.92
2022-03-29 20:43:09,532.98
2022-03-29 20:43:14,533.08
2022-03-29 20:43:19,533.08
2022-03-29 20:43:24,533.21
2022-03-29 20:43:29,533.21
2022-03-29 20:43:34,533.31
2022-03-29 20:43:39,533.37
2022-03-29 20:43:44,533.37
2022-03-29 20:43:49,533.53
2022-03-29 20:43:54,533.59
2022-03-29 20:43:59,533.66
2022-03-29 20:44:04,533.72
2022-03-29 20:44:09,533.79
2022-03-29 20:44:14,533.82
2022-03-29 20:44:19,533.95
2022-03-29 20:44:24,534.01
2022-03-29 20:44:29,534.04
2022-03-29 20:44:34,534.11
2022-03-29 20:44:39,534.17
2022-03-29 20:44:44,534.24
2022-03-29 20:44:49,534.33
2022-03-29 20:44:54,534.4
2022-03-29 20:44:59,534.46
2022-03-29 20:45:04,534.46
2022-03-29 20:45:09,534.55
2022-03-29 20:45:14,534.62
2022-03-29 20:45:19,534.62
2022-03-29 20:45:24,534.75
2022-03-29 20:45:29,534.81
2022-03-29 20:45:34,534.84
2022-03-29 20:45:39,534.9
2022-03-29 20:45:44,534.97
2022-03-29 20:45:49,535.03
2022-03-29 20:45:54,535.06
2022-03-29 20:45:59,535.19
2022-03-29 20:46:04,535.19
2022-03-29 20:46:09,535.32
2022-03-29 20:46:14,535.35
2022-03-29 20:46:19,535.35
2022-03-29 20:46:24,535.48
2022-03-29 20:46:29,535.58
2022-03-29 20:46:34,535.58
2022-03-29 20:46:39,535.64
2022-03-29 20:46:44,535.7
2022-03-29 20:46:49,535.77
2022-03-29 20:46:54,535.83
2022-03-29 20:46:59,535.86
2022-03-29 20:47:04,535.87
2022-03-29 20:47:09,535.93
2022-03-29 20:47:14,535.99
2022-03-29 20:47:19,536.06
2022-03-29 20:47:24,536.06
2022-03-29 20:47:29,536.09
2022-03-29 20:47:34,536.09
2022-03-29 20:47:39,536.15
2022-03-29 20:47:44,536.16
2022-03-29 20:47:49,536.15
2022-03-29 20:47:54,536.21
2022-03-29 20:47:59,536.22
2022-03-29 20:48:04,536.28
2022-03-29 20:48:09,536.28
2022-03-29 20:48:14,536.22
2022-03-29 20:48:19,536.28
2022-03-29 20:48:24,536.35
2022-03-29 20:48:29,536.28
2022-03-29 20:48:34,536.28
2022-03-29 20:48:39,536.28
2022-03-29 20:48:44,536.28
2022-03-29 20:48:49,536.22
2022-03-29 20:48:54,536.22
2022-03-29 20:48:59,536.22
2022-03-29 20:49:04,536.22
2022-03-29 20:49:09,536.22
2022-03-29 20:49:14,536.16
2022-03-29 20:49:19,536.16
2022-03-29 20:49:24,536.16
2022-03-29 20:49:29,536.16
2022-03-29 20:49:34,536.09
2022-03-29 20:49:39,536.09
2022-03-29 20:49:44,536.06
2022-03-29 20:49:49,536.0
2022-03-29 20:49:54,535.99
2022-03-29 20:49:59,536.0
2022-03-29 20:50:04,535.87
2022-03-29 20:50:09,535.87
2022-03-29 20:50:14,535.84
2022-03-29 20:50:19,535.84
2022-03-29 20:50:24,535.78
2022-03-29 20:50:29,535.78
2022-03-29 20:50:34,535.71
2022-03-29 20:50:39,535.65
2022-03-29 20:50:44,535.58
2022-03-29 20:50:49,535.55
2022-03-29 20:50:54,535.58
2022-03-29 20:50:59,535.55
2022-03-29 20:51:04,535.49
2022-03-29 20:51:09,535.49
2022-03-29 20:51:14,535.43
2022-03-29 20:51:19,535.43
2022-03-29 20:51:24,535.33
2022-03-29 20:51:29,535.33
2022-03-29 20:51:34,535.27
2022-03-29 20:51:39,535.2
2022-03-29 20:51:44,535.2
2022-03-29 20:51:49,535.14
2022-03-29 20:51:54,535.14
2022-03-29 20:51:59,535.07
2022-03-29 20:52:04,535.04
2022-03-29 20:52:09,534.98
2022-03-29 20:52:14,534.98
2022-03-29 20:52:19,534.91
2022-03-29 20:52:24,534.85
2022-03-29 20:52:29,534.85
2022-03-29 20:52:34,534.82
2022-03-29 20:52:39,534.82
2022-03-29 20:52:44,534.75
2022-03-29 20:52:49,534.75
2022-03-29 20:52:54,534.75
2022-03-29 20:52:59,534.69
2022-03-29 20:53:04,534.69
2022-03-29 20:53:09,534.62
2022-03-29 20:53:14,534.69
2022-03-29 20:53:19,534.62
2022-03-29 20:53:24,534.56
2022-03-29 20:53:29,534.56
2022-03-29 20:53:34,534.53
2022-03-29 20:53:39,534.52
2022-03-29 20:53:44,534.53
2022-03-29 20:53:49,534.46
2022-03-29 20:53:54,534.46
2022-03-29 20:53:59,534.4
2022-03-29 20:54:04,534.4
2022-03-29 20:54:09,534.39
2022-03-29 20:54:14,534.33
2022-03-29 20:54:19,534.33
2022-03-29 20:54:24,534.3
2022-03-29 20:54:29,534.3
2022-03-29 20:54:34,534.3
2022-03-29 20:54:39,534.3
2022-03-29 20:54:44,534.23
2022-03-29 20:54:49,534.23
2022-03-29 20:54:54,534.23
2022-03-29 20:54:59,534.23
2022-03-29 20:55:04,534.17
2022-03-29 20:55:09,534.17
2022-03-29 20:55:14,534.16
2022-03-29 20:55:19,534.23
2022-03-29 20:55:24,534.1
2022-03-29 20:55:29,534.16
2022-03-29 20:55:34,534.1
2022-03-29 20:55:39,534.09
2022-03-29 20:55:44,534.03
2022-03-29 20:55:49,534.03
2022-03-29 20:55:54,534.03
2022-03-29 20:55:59,534.03
2022-03-29 20:56:04,534.0
2022-03-29 20:56:09,534.0
2022-03-29 20:56:14,534.03
2022-03-29 20:56:19,534.02
2022-03-29 20:56:24,533.99
2022-03-29 20:56:29,533.93
2022-03-29 20:56:34,533.99
2022-03-29 20:56:39,533.93
2022-03-29 20:56:44,533.99
2022-03-29 20:56:49,533.93
2022-03-29 20:56:54,533.99
2022-03-29 20:56:59,533.86
2022-03-29 20:57:04,533.92
2022-03-29 20:57:09,533.86
2022-03-29 20:57:14,533.92
2022-03-29 20:57:19,533.86
2022-03-29 20:57:24,533.86
2022-03-29 20:57:29,533.79
2022-03-29 20:57:34,533.79
2022-03-29 20:57:39,533.79
2022-03-29 20:57:44,533.79
2022-03-29 20:57:49,533.76
2022-03-29 20:57:54,533.76
2022-03-29 20:57:59,533.76
2022-03-29 20:58:04,533.76
2022-03-29 20:58:09,533.76
2022-03-29 20:58:14,533.76
2022-03-29 20:58:19,533.69
2022-03-29 20:58:24,533.69
2022-03-29 20:58:29,533.7
2022-03-29 20:58:34,533.69
2022-03-29 20:58:39,533.63
2022-03-29 20:58:44,533.7
2022-03-29 20:58:49,533.63
2022-03-29 20:58:54,533.56
2022-03-29 20:58:59,533.57
2022-03-29 20:59:04,533.57
2022-03-29 20:59:09,533.5
2022-03-29 20:59:14,533.5
2022-03-29 20:59:19,533.5
2022-03-29 20:59:24,533.5
2022-03-29 20:59:29,533.47
2022-03-29 20:59:34,533.47
2022-03-29 20:59:39,533.47
2022-03-29 20:59:44,533.47
2022-03-29 20:59:49,533.47
2022-03-29 20:59:54,533.41
2022-03-29 20:59:59,533.41
2022-03-29 21:00:04,533.35
2022-03-29 21:00:09,533.41
2022-03-29 21:00:14,533.35
2022-03-29 21:00:19,533.35
2022-03-29 21:00:24,533.35
2022-03-29 21:00:29,533.28
2022-03-29 21:00:34,533.28
2022-03-29 21:00:39,533.25
2022-03-29 21:00:44,533.25
2022-03-29 21:00:49,533.25
2022-03-29 21:00:54,533.25
2022-03-29 21:00:59,533.19
2022-03-29 21:01:04,533.13
2022-03-29 21:01:09,533.13
2022-03-29 21:01:14,533.06
2022-03-29 21:01:19,533.06
2022-03-29 21:01:24,533.06
2022-03-29 21:01:29,533.0
2022-03-29 21:01:34,533.0
2022-03-29 21:01:39,532.96
2022-03-29 21:01:44,532.97
2022-03-29 21:01:49,532.9
2022-03-29 21:01:54,532.84
2022-03-29 21:01:59,532.84
2022-03-29 21:02:04,532.84
2022-03-29 21:02:09,532.77
2022-03-29 21:02:14,532.77
2022-03-29 21:02:19,532.74
2022-03-29 21:02:24,532.74
2022-03-29 21:02:29,532.68
2022-03-29 21:02:34,532.68
2022-03-29 21:02:39,532.68
2022-03-29 21:02:44,532.61
2022-03-29 21:02:49,532.61
2022-03-29 21:02:54,532.61
2022-03-29 21:02:59,532.55
2022-03-29 21:03:04,532.55
2022-03-29 21:03:09,532.48
2022-03-29 21:03:14,532.48
2022-03-29 21:03:19,532.45
2022-03-29 21:03:24,532.38
2022-03-29 21:03:29,532.32
2022-03-29 21:03:34,532.32
2022-03-29 21:03:39,532.32
2022-03-29 21:03:44,532.26
2022-03-29 21:03:49,532.26
2022-03-29 21:03:54,532.22
2022-03-29 21:03:59,532.25
2022-03-29 21:04:04,532.22
2022-03-29 21:04:09,532.22
2022-03-29 21:04:14,532.22
2022-03-29 21:04:19,532.22
2022-03-29 21:04:24,532.15
2022-03-29 21:04:29,537.71
2022-03-29 21:04:34,532.15
2022-03-29 21:04:39,532.22
2022-03-29 21:04:44,532.15
2022-03-29 21:04:49,532.22
2022-03-29 21:04:54,532.22
2022-03-29 21:04:59,532.25
2022-03-29 21:05:04,532.25
2022-03-29 21:05:09,532.25
2022-03-29 21:05:14,532.24
2022-03-29 21:05:19,532.24
2022-03-29 21:05:24,532.31
2022-03-29 21:05:29,532.37
2022-03-29 21:05:34,532.44
2022-03-29 21:05:39,532.44
2022-03-29 21:05:44,532.44
2022-03-29 21:05:49,532.47
2022-03-29 21:05:54,532.53
2022-03-29 21:05:59,532.59
2022-03-29 21:06:04,532.59
2022-03-29 21:06:09,532.66
2022-03-29 21:06:14,532.72
2022-03-29 21:06:19,532.75
2022-03-29 21:06:24,532.75
2022-03-29 21:06:29,532.81
2022-03-29 21:06:34,532.88
2022-03-29 21:06:39,532.94
2022-03-29 21:06:44,532.94
2022-03-29 21:06:49,532.97
2022-03-29 21:06:54,533.1
2022-03-29 21:06:59,533.1
2022-03-29 21:07:04,533.16
2022-03-29 21:07:09,533.23
2022-03-29 21:07:14,533.26
2022-03-29 21:07:19,533.32
2022-03-29 21:07:24,533.32
2022-03-29 21:07:29,533.39
2022-03-29 21:07:34,533.48
2022-03-29 21:07:39,533.55
2022-03-29 21:07:44,533.61
2022-03-29 21:07:49,533.68
2022-03-29 21:07:54,533.68
2022-03-29 21:07:59,533.77
2022-03-29 21:08:04,533.84
2022-03-29 21:08:09,533.84
2022-03-29 21:08:14,533.9
2022-03-29 21:08:19,534.0
2022-03-29 21:08:24,534.06
2022-03-29 21:08:29,534.13
2022-03-29 21:08:34,534.19
2022-03-29 21:08:39,534.29
2022-03-29 21:08:44,534.29
2022-03-29 21:08:49,534.35
2022-03-29 21:08:54,534.42
2022-03-29 21:08:59,534.48
2022-03-29 21:09:04,534.51
2022-03-29 21:09:09,534.58
2022-03-29 21:09:14,534.64
2022-03-29 21:09:19,534.71
2022-03-29 21:09:24,534.77
2022-03-29 21:09:29,534.8
2022-03-29 21:09:34,534.87
2022-03-29 21:09:39,534.93
2022-03-29 21:09:44,535.0
2022-03-29 21:09:49,535.03
2022-03-29 21:09:54,535.03
2022-03-29 21:09:59,535.1
2022-03-29 21:10:04,535.16
2022-03-29 21:10:09,535.22
2022-03-29 21:10:14,535.29
2022-03-29 21:10:19,535.32
2022-03-29 21:10:24,535.39
2022-03-29 21:10:29,535.46
2022-03-29 21:10:34,535.52
2022-03-29 21:10:39,535.55
2022-03-29 21:10:44,535.62
2022-03-29 21:10:49,535.62
2022-03-29 21:10:54,535.68
2022-03-29 21:10:59,535.75
2022-03-29 21:11:04,535.81
2022-03-29 21:11:09,535.91
2022-03-29 21:11:14,535.98
2022-03-29 21:11:19,536.04
2022-03-29 21:11:24,536.04
2022-03-29 21:11:29,536.07
2022-03-29 21:11:34,536.14
2022-03-29 21:11:39,536.14
2022-03-29 21:11:44,536.2
2022-03-29 21:11:49,536.27
2022-03-29 21:11:54,536.33
2022-03-29 21:11:59,536.36
2022-03-29 21:12:04,536.36
2022-03-29 21:12:09,536.43
2022-03-29 21:12:14,536.43
2022-03-29 21:12:19,536.56
2022-03-29 21:12:24,536.56
2022-03-29 21:12:29,536.59
2022-03-29 21:12:34,536.66
2022-03-29 21:12:39,536.72
2022-03-29 21:12:44,536.72
2022-03-29 21:12:49,536.78
2022-03-29 21:12:54,536.85
2022-03-29 21:12:59,536.88
2022-03-29 21:13:04,536.95
2022-03-29 21:13:09,536.95
2022-03-29 21:13:14,537.07
2022-03-29 21:13:19,537.11
2022-03-29 21:13:24,537.11
2022-03-29 21:13:29,537.24
2022-03-29 21:13:34,537.23
2022-03-29 21:13:39,537.3
2022-03-29 21:13:44,537.36
2022-03-29 21:13:49,537.39
2022-03-29 21:13:54,537.46
2022-03-29 21:13:59,537.46
2022-03-29 21:14:04,537.52
2022-03-29 21:14:09,537.62
2022-03-29 21:14:14,537.62
2022-03-29 21:14:19,537.75
2022-03-29 21:14:24,537.81
2022-03-29 21:14:29,537.87
2022-03-29 21:14:34,537.91
2022-03-29 21:14:39,537.97
2022-03-29 21:14:44,538.03
2022-03-29 21:14:49,538.03
2022-03-29 21:14:54,538.1
2022-03-29 21:14:59,538.19
2022-03-29 21:15:04,538.26
2022-03-29 21:15:09,538.32
2022-03-29 21:15:14,538.32
2022-03-29 21:15:19,538.39
2022-03-29 21:15:24,538.42
2022-03-29 21:15:29,538.42
2022-03-29 21:15:34,538.48
2022-03-29 21:15:39,538.48
2022-03-29 21:15:44,538.54
2022-03-29 21:15:49,538.61
2022-03-29 21:15:54,538.64
2022-03-29 21:15:59,538.64
2022-03-29 21:16:04,538.7
2022-03-29 21:16:09,538.83
2022-03-29 21:16:14,538.9
2022-03-29 21:16:19,538.93
2022-03-29 21:16:24,538.93
2022-03-29 21:16:29,539.05
2022-03-29 21:16:34,539.05
2022-03-29 21:16:39,539.11
2022-03-29 21:16:44,539.15
2022-03-29 21:16:49,539.14
2022-03-29 21:16:54,539.21
2022-03-29 21:16:59,539.27
2022-03-29 21:17:04,539.27
2022-03-29 21:17:09,539.34
2022-03-29 21:17:14,539.4
2022-03-29 21:17:19,539.4
2022-03-29 21:17:24,539.5
2022-03-29 21:17:29,539.56
2022-03-29 21:17:34,539.56
2022-03-29 21:17:39,539.63
2022-03-29 21:17:44,539.66
2022-03-29 21:17:49,539.66
2022-03-29 21:17:54,539.72
2022-03-29 21:17:59,539.79
2022-03-29 21:18:04,539.78
2022-03-29 21:18:09,539.85
2022-03-29 21:18:14,539.91
2022-03-29 21:18:19,539.94
2022-03-29 21:18:24,540.01
2022-03-29 21:18:29,540.01
2022-03-29 21:18:34,540.01
2022-03-29 21:18:39,540.07
2022-03-29 21:18:44,540.17
2022-03-29 21:18:49,540.17
2022-03-29 21:18:54,540.23
2022-03-29 21:18:59,540.3
2022-03-29 21:19:04,540.43
2022-03-29 21:19:09,540.43
2022-03-29 21:19:14,540.52
2022-03-29 21:19:19,540.59
2022-03-29 21:19:24,540.59
2022-03-29 21:19:29,540.65
2022-03-29 21:19:34,540.65
2022-03-29 21:19:39,540.75
2022-03-29 21:19:44,540.82
2022-03-29 21:19:49,540.82
2022-03-29 21:19:54,540.82
2022-03-29 21:19:59,540.88
2022-03-29 21:20:04,540.95
2022-03-29 21:20:09,540.88
2022-03-29 21:20:14,540.95
2022-03-29 21:20:19,540.95
2022-03-29 21:20:24,540.95
2022-03-29 21:20:29,540.95
2022-03-29 21:20:34,540.98
2022-03-29 21:20:39,541.05
2022-03-29 21:20:44,541.05
2022-03-29 21:20:49,541.05
2022-03-29 21:20:54,541.05
2022-03-29 21:20:59,541.05
2022-03-29 21:21:04,541.05
2022-03-29 21:21:09,541.11
2022-03-29 21:21:14,541.12
2022-03-29 21:21:19,541.11
2022-03-29 21:21:24,541.11
2022-03-29 21:21:29,541.12
2022-03-29 21:21:34,541.12
2022-03-29 21:21:39,541.12
2022-03-29 21:21:44,541.12
2022-03-29 21:21:49,541.12
2022-03-29 21:21:54,541.18
2022-03-29 21:21:59,541.12
2022-03-29 21:22:04,541.05
2022-03-29 21:22:09,541.05
2022-03-29 21:22:14,541.05
2022-03-29 21:22:19,541.05
2022-03-29 21:22:24,540.99
2022-03-29 21:22:29,540.99
2022-03-29 21:22:34,540.99
2022-03-29 21:22:39,540.99
2022-03-29 21:22:44,540.95
2022-03-29 21:22:49,540.89
2022-03-29 21:22:54,540.89
2022-03-29 21:22:59,540.89
2022-03-29 21:23:04,540.89
2022-03-29 21:23:09,540.89
2022-03-29 21:23:14,540.89
2022-03-29 21:23:19,540.83
2022-03-29 21:23:24,540.82
2022-03-29 21:23:29,540.83
2022-03-29 21:23:34,540.83
2022-03-29 21:23:39,540.83
2022-03-29 21:23:44,540.76
2022-03-29 21:23:49,540.76
2022-03-29 21:23:54,540.76
2022-03-29 21:23:59,540.76
2022-03-29 21:24:04,540.76
2022-03-29 21:24:09,540.7
2022-03-29 21:24:14,540.66
2022-03-29 21:24:19,540.66
2022-03-29 21:24:24,540.66
2022-03-29 21:24:29,540.6
2022-03-29 21:24:34,540.53
2022-03-29 21:24:39,540.6
2022-03-29 21:24:44,540.53
2022-03-29 21:24:49,540.46
2022-03-29 21:24:54,540.46
2022-03-29 21:24:59,540.46
2022-03-29 21:25:04,540.46
2022-03-29 21:25:09,540.46
2022-03-29 21:25:14,540.43
2022-03-29 21:25:19,540.37
2022-03-29 21:25:24,540.43
2022-03-29 21:25:29,540.37
2022-03-29 21:25:34,540.3
2022-03-29 21:25:39,540.36
2022-03-29 21:25:44,540.3
2022-03-29 21:25:49,540.29
2022-03-29 21:25:54,540.23
2022-03-29 21:25:59,540.23
2022-03-29 21:26:04,540.23
2022-03-29 21:26:09,540.16
2022-03-29 21:26:14,540.16
2022-03-29 21:26:19,540.16
2022-03-29 21:26:24,540.13
2022-03-29 21:26:29,540.16
2022-03-29 21:26:34,540.13
2022-03-29 21:26:39,540.13
2022-03-29 21:26:44,540.06
2022-03-29 21:26:49,539.99
2022-03-29 21:26:54,539.99
2022-03-29 21:26:59,539.99
2022-03-29 21:27:04,539.99
2022-03-29 21:27:09,539.93
2022-03-29 21:27:14,539.93
2022-03-29 21:27:19,539.93
2022-03-29 21:27:24,539.89
2022-03-29 21:27:29,539.93
2022-03-29 21:27:34,539.83
2022-03-29 21:27:39,539.83
2022-03-29 21:27:44,539.83
2022-03-29 21:27:49,539.76
2022-03-29 21:27:54,539.76
2022-03-29 21:27:59,539.76
2022-03-29 21:28:04,539.7
2022-03-29 21:28:09,539.7
2022-03-29 21:28:14,539.63
2022-03-29 21:28:19,539.7
2022-03-29 21:28:24,539.63
2022-03-29 21:28:29,539.63
2022-03-29 21:28:34,539.6
2022-03-29 21:28:39,539.6
2022-03-29 21:28:44,539.6
2022-03-29 21:28:49,539.6
2022-03-29 21:28:54,539.54
2022-03-29 21:28:59,539.54
2022-03-29 21:29:04,539.54
2022-03-29 21:29:09,539.47
2022-03-29 21:29:14,539.47
2022-03-29 21:29:19,539.47
2022-03-29 21:29:24,539.47
2022-03-29 21:29:29,539.47
2022-03-29 21:29:34,539.41
2022-03-29 21:29:39,539.41
2022-03-29 21:29:44,539.41
2022-03-29 21:29:49,539.38
2022-03-29 21:29:54,539.38
2022-03-29 21:29:59,539.31
2022-03-29 21:30:04,539.31
2022-03-29 21:30:09,539.25
2022-03-29 21:30:14,539.25
2022-03-29 21:30:19,539.25
2022-03-29 21:30:24,539.19
2022-03-29 21:30:29,539.13
2022-03-29 21:30:34,539.12
2022-03-29 21:30:39,539.09
2022-03-29 21:30:44,539.09
2022-03-29 21:30:49,539.09
2022-03-29 21:30:54,539.03
2022-03-29 21:30:59,538.96
2022-03-29 21:31:04,538.96
2022-03-29 21:31:09,538.97
2022-03-29 21:31:14,538.97
2022-03-29 21:31:19,538.91
2022-03-29 21:31:24,538.87
2022-03-29 21:31:29,538.87
2022-03-29 21:31:34,538.91
2022-03-29 21:31:39,538.87
2022-03-29 21:31:44,538.81
2022-03-29 21:31:49,538.81
2022-03-29 21:31:54,538.75
2022-03-29 21:31:59,538.75
2022-03-29 21:32:04,538.68
2022-03-29 21:32:09,538.68
2022-03-29 21:32:14,538.62
2022-03-29 21:32:19,538.59
2022-03-29 21:32:24,538.62
2022-03-29 21:32:29,538.59
2022-03-29 21:32:34,538.59
2022-03-29 21:32:39,538.59
2022-03-29 21:32:44,538.59
2022-03-29 21:32:49,538.59
2022-03-29 21:32:54,538.59
2022-03-29 21:32:59,538.53
2022-03-29 21:33:04,538.53
2022-03-29 21:33:09,538.53
2022-03-29 21:33:14,538.59
2022-03-29 21:33:19,538.53
2022-03-29 21:33:24,538.59
2022-03-29 21:33:29,538.59
2022-03-29 21:33:34,538.53
2022-03-29 21:33:39,538.53
2022-03-29 21:33:44,538.59
2022-03-29 21:33:49,538.59
2022-03-29 21:33:54,538.6
2022-03-29 21:33:59,538.53
2022-03-29 21:34:04,538.59
2022-03-29 21:34:09,538.59
2022-03-29 21:34:14,538.59
2022-03-29 21:34:19,538.59
2022-03-29 21:34:24,538.53
2022-03-29 21:34:29,538.59
2022-03-29 21:34:34,538.59
2022-03-29 21:34:39,538.59
2022-03-29 21:34:44,538.59
2022-03-29 21:34:49,538.62
2022-03-29 21:34:54,538.59
2022-03-29 21:34:59,538.62
2022-03-29 21:35:04,538.62
2022-03-29 21:35:09,538.68
2022-03-29 21:35:14,538.68
2022-03-29 21:35:19,538.75
2022-03-29 21:35:24,538.81
2022-03-29 21:35:29,538.81
2022-03-29 21:35:34,538.81
2022-03-29 21:35:39,538.87
2022-03-29 21:35:44,538.87
2022-03-29 21:35:49,538.91
2022-03-29 21:35:54,538.97
2022-03-29 21:35:59,538.97
2022-03-29 21:36:04,539.03
2022-03-29 21:36:09,539.03
2022-03-29 21:36:14,539.1
2022-03-29 21:36:19,539.1
2022-03-29 21:36:24,539.13
2022-03-29 21:36:29,539.19
2022-03-29 21:36:34,539.19
2022-03-29 21:36:39,539.25
2022-03-29 21:36:44,539.32
2022-03-29 21:36:49,539.38
2022-03-29 21:36:54,539.41
2022-03-29 21:36:59,539.48
2022-03-29 21:37:04,539.54
2022-03-29 21:37:09,539.61
2022-03-29 21:37:14,539.61
2022-03-29 21:37:19,539.7
2022-03-29 21:37:24,539.77
2022-03-29 21:37:29,539.77
2022-03-29 21:37:34,539.89
2022-03-29 21:37:39,539.92
2022-03-29 21:37:44,539.99
2022-03-29 21:37:49,540.05
2022-03-29 21:37:54,540.15
2022-03-29 21:37:59,540.15
2022-03-29 21:38:04,540.28
2022-03-29 21:38:09,540.34
2022-03-29 21:38:14,540.4
2022-03-29 21:38:19,540.43
2022-03-29 21:38:24,540.5
2022-03-29 21:38:29,540.56
2022-03-29 21:38:34,540.66
2022-03-29 21:38:39,540.72
2022-03-29 21:38:44,540.79
2022-03-29 21:38:49,540.92
2022-03-29 21:38:54,540.92
2022-03-29 21:38:59,541.02
2022-03-29 21:39:04,537.71
2022-03-29 21:39:09,541.14
2022-03-29 21:39:14,541.17
2022-03-29 21:39:19,541.24
2022-03-29 21:39:24,541.37
2022-03-29 21:39:29,541.43
2022-03-29 21:39:34,541.46
2022-03-29 21:39:39,541.46
2022-03-29 21:39:44,541.53
2022-03-29 21:39:49,541.6
2022-03-29 21:39:54,541.66
2022-03-29 21:39:59,537.71
2022-03-29 21:40:04,541.76
2022-03-29 21:40:09,541.82
2022-03-29 21:40:14,541.82
2022-03-29 21:40:19,541.89
2022-03-29 21:40:24,541.95
2022-03-29 21:40:29,541.98
2022-03-29 21:40:34,542.05
2022-03-29 21:40:39,542.05
2022-03-29 21:40:44,542.11
2022-03-29 21:40:49,542.18
2022-03-29 21:40:54,542.21
2022-03-29 21:40:59,542.28
2022-03-29 21:41:04,542.28
2022-03-29 21:41:09,542.34
2022-03-29 21:41:14,542.41
2022-03-29 21:41:19,542.47
2022-03-29 21:41:24,542.5
2022-03-29 21:41:29,542.5
2022-03-29 21:41:34,542.57
2022-03-29 21:41:39,542.64
2022-03-29 21:41:44,542.64
2022-03-29 21:41:49,542.7
2022-03-29 21:41:54,537.71
2022-03-29 21:41:59,542.73
2022-03-29 21:42:04,542.73
2022-03-29 21:42:09,542.8
2022-03-29 21:42:14,542.8
2022-03-29 21:42:19,542.87
2022-03-29 21:42:24,542.87
2022-03-29 21:42:29,542.87
2022-03-29 21:42:34,542.99
2022-03-29 21:42:39,542.93
2022-03-29 21:42:44,543.0
2022-03-29 21:42:49,543.0
2022-03-29 21:42:54,543.03
2022-03-29 21:42:59,543.0
2022-03-29 21:43:04,543.03
2022-03-29 21:43:09,543.03
2022-03-29 21:43:14,543.09
2022-03-29 21:43:19,543.1
2022-03-29 21:43:24,543.09
2022-03-29 21:43:29,543.09
2022-03-29 21:43:34,543.09
2022-03-29 21:43:39,543.16
2022-03-29 21:43:44,543.16
2022-03-29 21:43:49,543.09
2022-03-29 21:43:54,543.16
2022-03-29 21:43:59,543.09
2022-03-29 21:44:04,543.1
2022-03-29 21:44:09,543.09
2022-03-29 21:44:14,543.03
2022-03-29 21:44:19,543.09
2022-03-29 21:44:24,543.0
2022-03-29 21:44:29,543.0
2022-03-29 21:44:34,542.93
2022-03-29 21:44:39,542.87
2022-03-29 21:44:44,542.8
2022-03-29 21:44:49,542.8
2022-03-29 21:44:54,542.74
2022-03-29 21:44:59,542.7
2022-03-29 21:45:04,542.58
2022-03-29 21:45:09,542.58
2022-03-29 21:45:14,542.48
2022-03-29 21:45:19,542.42
2022-03-29 21:45:24,542.28
2022-03-29 21:45:29,542.29
2022-03-29 21:45:34,542.19
2022-03-29 21:45:39,542.0
2022-03-29 21:45:44,541.99
2022-03-29 21:45:49,541.83
2022-03-29 21:45:54,541.67
2022-03-29 21:45:59,541.67
2022-03-29 21:46:04,541.54
2022-03-29 21:46:09,541.38
2022-03-29 21:46:14,541.32
2022-03-29 21:46:19,541.18
2022-03-29 21:46:24,541.15
2022-03-29 21:46:29,540.96
2022-03-29 21:46:34,540.86
2022-03-29 21:46:39,540.8
2022-03-29 21:46:44,540.63
2022-03-29 21:46:49,540.5
2022-03-29 21:46:54,540.44
2022-03-29 21:46:59,540.28
2022-03-29 21:47:04,540.15
2022-03-29 21:47:09,540.05
2022-03-29 21:47:14,539.89
2022-03-29 21:47:19,539.82
2022-03-29 21:47:24,539.63
2022-03-29 21:47:29,539.53
2022-03-29 21:47:34,539.4
2022-03-29 21:47:39,539.24
2022-03-29 21:47:44,539.11
2022-03-29 21:47:49,539.01
2022-03-29 21:47:54,538.89
2022-03-29 21:47:59,538.79
2022-03-29 21:48:04,538.66
2022-03-29 21:48:09,538.56
2022-03-29 21:48:14,538.5
2022-03-29 21:48:19,538.36
2022-03-29 21:48:24,538.27
2022-03-29 21:48:29,538.08
2022-03-29 21:48:34,538.04
2022-03-29 21:48:39,537.85
2022-03-29 21:48:44,537.82
2022-03-29 21:48:49,537.76
2022-03-29 21:48:54,537.63
2022-03-29 21:48:59,537.56
2022-03-29 21:49:04,537.47
2022-03-29 21:49:09,537.4
2022-03-29 21:49:14,537.31
2022-03-29 21:49:19,537.24
2022-03-29 21:49:24,537.18
2022-03-29 21:49:29,537.11
2022-03-29 21:49:34,537.05
2022-03-29 21:49:39,537.05
2022-03-29 21:49:44,537.02
2022-03-29 21:49:49,536.95
2022-03-29 21:49:54,536.95
2022-03-29 21:49:59,536.89
2022-03-29 21:50:04,536.82
2022-03-29 21:50:09,536.79
2022-03-29 21:50:14,536.82
2022-03-29 21:50:19,536.73
2022-03-29 21:50:24,536.66
2022-03-29 21:50:29,536.66
2022-03-29 21:50:34,536.6
2022-03-29 21:50:39,536.66
2022-03-29 21:50:44,536.6
2022-03-29 21:50:49,536.6
2022-03-29 21:50:54,536.54
2022-03-29 21:50:59,536.54
2022-03-29 21:51:04,536.54
2022-03-29 21:51:09,536.54
2022-03-29 21:51:14,536.54
2022-03-29 21:51:19,536.54
2022-03-29 21:51:24,536.54
2022-03-29 21:51:29,536.54
2022-03-29 21:51:34,536.55
2022-03-29 21:51:39,536.61
2022-03-29 21:51:44,536.61
2022-03-29 21:51:49,536.61
2022-03-29 21:51:54,536.67
2022-03-29 21:51:59,536.74
2022-03-29 21:52:04,536.74
2022-03-29 21:52:09,536.74
2022-03-29 21:52:14,536.74
2022-03-29 21:52:19,536.81
2022-03-29 21:52:24,536.84
2022-03-29 21:52:29,536.9
2022-03-29 21:52:34,536.97
2022-03-29 21:52:39,536.97
2022-03-29 21:52:44,536.97
2022-03-29 21:52:49,537.04
2022-03-29 21:52:54,537.04
2022-03-29 21:52:59,537.07
2022-03-29 21:53:04,537.13
2022-03-29 21:53:09,537.2
2022-03-29 21:53:14,537.2
2022-03-29 21:53:19,537.33
2022-03-29 21:53:24,537.33
2022-03-29 21:53:29,537.36
2022-03-29 21:53:34,537.36
2022-03-29 21:53:39,537.43
2022-03-29 21:53:44,537.43
2022-03-29 21:53:49,537.5
2022-03-29 21:53:54,537.56
2022-03-29 21:53:59,537.56
2022-03-29 21:54:04,537.59
2022-03-29 21:54:09,537.59
2022-03-29 21:54:14,537.66
2022-03-29 21:54:19,537.66
2022-03-29 21:54:24,537.73
2022-03-29 21:54:29,537.73
2022-03-29 21:54:34,537.73
2022-03-29 21:54:39,537.79
2022-03-29 21:54:44,537.86
2022-03-29 21:54:49,537.86
2022-03-29 21:54:54,537.86
2022-03-29 21:54:59,537.89
2022-03-29 21:55:04,537.89
2022-03-29 21:55:09,537.89
2022-03-29 21:55:14,537.86
2022-03-29 21:55:19,537.89
2022-03-29 21:55:24,537.96
2022-03-29 21:55:29,537.96
2022-03-29 21:55:34,537.96
2022-03-29 21:55:39,537.96
2022-03-29 21:55:44,538.03
2022-03-29 21:55:49,538.03
2022-03-29 21:55:54,538.03
2022-03-29 21:55:59,538.03
2022-03-29 21:56:04,538.1
2022-03-29 21:56:09,538.1
2022-03-29 21:56:14,538.13
2022-03-29 21:56:19,538.13
2022-03-29 21:56:24,538.19
2022-03-29 21:56:29,538.19
2022-03-29 21:56:34,538.13
2022-03-29 21:56:39,538.2
2022-03-29 21:56:44,538.19
2022-03-29 21:56:49,538.2
2022-03-29 21:56:54,538.26
2022-03-29 21:56:59,538.33
2022-03-29 21:57:04,538.33
2022-03-29 21:57:09,538.33
2022-03-29 21:57:14,538.33
2022-03-29 21:57:19,538.39
2022-03-29 21:57:24,538.39
2022-03-29 21:57:29,538.39
2022-03-29 21:57:34,538.4
2022-03-29 21:57:39,538.43
2022-03-29 21:57:44,538.43
2022-03-29 21:57:49,538.43
2022-03-29 21:57:54,538.5
2022-03-29 21:57:59,538.5
2022-03-29 21:58:04,538.56
2022-03-29 21:58:09,538.56
2022-03-29 21:58:14,538.56
2022-03-29 21:58:19,538.56
2022-03-29 21:58:24,538.63
2022-03-29 21:58:29,538.63
2022-03-29 21:58:34,538.66
2022-03-29 21:58:39,538.66
2022-03-29 21:58:44,538.73
2022-03-29 21:58:49,538.73
2022-03-29 21:58:54,538.79
2022-03-29 21:58:59,538.8
2022-03-29 21:59:04,538.8
2022-03-29 21:59:09,538.86
2022-03-29 21:59:14,538.86
2022-03-29 21:59:19,538.86
2022-03-29 21:59:24,538.93
2022-03-29 21:59:29,538.93
2022-03-29 21:59:34,538.96
2022-03-29 21:59:39,538.96
2022-03-29 21:59:44,538.97
2022-03-29 21:59:49,538.97
2022-03-29 21:59:54,539.1
2022-03-29 21:59:59,539.1
2022-03-29 22:00:04,539.16
2022-03-29 22:00:09,539.16
2022-03-29 22:00:14,539.2
2022-03-29 22:00:19,539.2
2022-03-29 22:00:24,539.2
2022-03-29 22:00:29,539.27
2022-03-29 22:00:34,539.27
2022-03-29 22:00:39,539.33
2022-03-29 22:00:44,539.27
2022-03-29 22:00:49,539.34
2022-03-29 22:00:54,539.34
2022-03-29 22:00:59,539.34
2022-03-29 22:01:04,539.47
2022-03-29 22:01:09,539.47
2022-03-29 22:01:14,539.47
2022-03-29 22:01:19,539.5
2022-03-29 22:01:24,539.5
2022-03-29 22:01:29,539.47
2022-03-29 22:01:34,539.5
2022-03-29 22:01:39,539.57
2022-03-29 22:01:44,539.51
2022-03-29 22:01:49,539.57
2022-03-29 22:01:54,539.57
2022-03-29 22:01:59,539.64
2022-03-29 22:02:04,539.64
2022-03-29 22:02:09,539.64
2022-03-29 22:02:14,539.64
2022-03-29 22:02:19,539.7
2022-03-29 22:02:24,539.7
2022-03-29 22:02:29,539.74
2022-03-29 22:02:34,539.74
2022-03-29 22:02:39,539.74
2022-03-29 22:02:44,539.8
2022-03-29 22:02:49,539.8
2022-03-29 22:02:54,539.8
2022-03-29 22:02:59,539.8
2022-03-29 22:03:04,539.8
2022-03-29 22:03:09,539.81
2022-03-29 22:03:14,539.81
2022-03-29 22:03:19,539.81
2022-03-29 22:03:24,539.81
2022-03-29 22:03:29,539.81
2022-03-29 22:03:34,539.81
2022-03-29 22:03:39,539.8
2022-03-29 22:03:44,539.81
2022-03-29 22:03:49,539.81
2022-03-29 22:03:54,539.81
2022-03-29 22:03:59,539.74
2022-03-29 22:04:04,539.74
2022-03-29 22:04:09,539.74
2022-03-29 22:04:14,539.74
2022-03-29 22:04:19,539.74
2022-03-29 22:04:24,539.74
2022-03-29 22:04:29,539.74
2022-03-29 22:04:34,539.74
2022-03-29 22:04:39,539.71
2022-03-29 22:04:44,539.71
2022-03-29 22:04:49,539.65
2022-03-29 22:04:54,539.65
2022-03-29 22:04:59,539.65
2022-03-29 22:05:04,539.65
2022-03-29 22:05:09,539.58
2022-03-29 22:05:14,539.58
2022-03-29 22:05:19,539.58
2022-03-29 22:05:24,539.58
2022-03-29 22:05:29,539.52
2022-03-29 22:05:34,539.58
2022-03-29 22:05:39,539.52
2022-03-29 22:05:44,539.51
2022-03-29 22:05:49,539.52
2022-03-29 22:05:54,539.51
2022-03-29 22:05:59,539.51
2022-03-29 22:06:04,539.51
2022-03-29 22:06:09,539.52
2022-03-29 22:06:14,539.51
2022-03-29 22:06:19,539.51
2022-03-29 22:06:24,539.48
2022-03-29 22:06:29,539.51
2022-03-29 22:06:34,539.48
2022-03-29 22:06:39,539.48
2022-03-29 22:06:44,539.48
2022-03-29 22:06:49,539.48
2022-03-29 22:06:54,539.41
2022-03-29 22:06:59,539.42
2022-03-29 22:07:04,539.48
2022-03-29 22:07:09,539.42
2022-03-29 22:07:14,539.42
2022-03-29 22:07:19,539.35
2022-03-29 22:07:24,539.29
2022-03-29 22:07:29,539.29
2022-03-29 22:07:34,539.29
2022-03-29 22:07:39,539.29
2022-03-29 22:07:44,539.22
2022-03-29 22:07:49,539.23
2022-03-29 22:07:54,539.19
2022-03-29 22:07:59,539.19
2022-03-29 22:08:04,539.13
2022-03-29 22:08:09,539.07
2022-03-29 22:08:14,539.0
2022-03-29 22:08:19,539.07
2022-03-29 22:08:24,538.97
2022-03-29 22:08:29,538.97
2022-03-29 22:08:34,538.91
2022-03-29 22:08:39,538.84
2022-03-29 22:08:44,538.78
2022-03-29 22:08:49,538.78
2022-03-29 22:08:54,538.72
2022-03-29 22:08:59,538.68
2022-03-29 22:09:04,538.62
2022-03-29 22:09:09,538.55
2022-03-29 22:09:14,538.55
2022-03-29 22:09:19,538.49
2022-03-29 22:09:24,538.46
2022-03-29 22:09:29,538.4
2022-03-29 22:09:34,538.33
2022-03-29 22:09:39,538.27
2022-03-29 22:09:44,538.21
2022-03-29 22:09:49,538.17
2022-03-29 22:09:54,538.11
2022-03-29 22:09:59,537.98
2022-03-29 22:10:04,537.95
2022-03-29 22:10:09,537.88
2022-03-29 22:10:14,537.82
2022-03-29 22:10:19,537.69
2022-03-29 22:10:24,537.66
2022-03-29 22:10:29,537.53
2022-03-29 22:10:34,537.47
2022-03-29 22:10:39,537.38
2022-03-29 22:10:44,537.31
2022-03-29 22:10:49,537.18
2022-03-29 22:10:54,537.09
2022-03-29 22:10:59,536.96
2022-03-29 22:11:04,536.93
2022-03-29 22:11:09,536.8
2022-03-29 22:11:14,536.74
2022-03-29 22:11:19,536.64
2022-03-29 22:11:24,536.51
2022-03-29 22:11:29,536.41
2022-03-29 22:11:34,536.35
2022-03-29 22:11:39,536.29
2022-03-29 22:11:44,536.13
2022-03-29 22:11:49,536.13
2022-03-29 22:11:54,536.0
2022-03-29 22:11:59,535.93
2022-03-29 22:12:04,535.9
2022-03-29 22:12:09,535.84
2022-03-29 22:12:14,535.77
2022-03-29 22:12:19,535.64
2022-03-29 22:12:24,535.61
2022-03-29 22:12:29,535.55
2022-03-29 22:12:34,535.48
2022-03-29 22:12:39,535.48
2022-03-29 22:12:44,535.42
2022-03-29 22:12:49,535.32
2022-03-29 22:12:54,535.32
2022-03-29 22:12:59,535.19
2022-03-29 22:13:04,535.13
2022-03-29 22:13:09,535.1
2022-03-29 22:13:14,535.03
2022-03-29 22:13:19,535.03
2022-03-29 22:13:24,534.91
2022-03-29 22:13:29,534.9
2022-03-29 22:13:34,534.9
2022-03-29 22:13:39,534.87
2022-03-29 22:13:44,534.81
2022-03-29 22:13:49,534.81
2022-03-29 22:13:54,534.74
2022-03-29 22:13:59,534.74
2022-03-29 22:14:04,534.74
2022-03-29 22:14:09,534.74
2022-03-29 22:14:14,534.68
2022-03-29 22:14:19,534.67
2022-03-29 22:14:24,534.61
2022-03-29 22:14:29,534.61
2022-03-29 22:14:34,534.68
2022-03-29 22:14:39,534.61
2022-03-29 22:14:44,534.61
2022-03-29 22:14:49,534.61
2022-03-29 22:14:54,534.61
2022-03-29 22:14:59,534.67
2022-03-29 22:15:04,534.61
2022-03-29 22:15:09,534.67
2022-03-29 22:15:14,534.57
2022-03-29 22:15:19,534.6
2022-03-29 22:15:24,534.6
2022-03-29 22:15:29,534.66
2022-03-29 22:15:34,534.67
2022-03-29 22:15:39,534.73
2022-03-29 22:15:44,534.73
2022-03-29 22:15:49,534.79
2022-03-29 22:15:54,534.73
2022-03-29 22:15:59,534.79
2022-03-29 22:16:04,534.86
2022-03-29 22:16:09,534.79
2022-03-29 22:16:14,534.86
2022-03-29 22:16:19,534.89
2022-03-29 22:16:24,534.86
2022-03-29 22:16:29,534.86
2022-03-29 22:16:34,534.89
2022-03-29 22:16:39,534.95
2022-03-29 22:16:44,534.89
2022-03-29 22:16:49,534.95
2022-03-29 22:16:54,535.01
2022-03-29 22:16:59,535.01
2022-03-29 22:17:04,535.01
2022-03-29 22:17:09,535.08
2022-03-29 22:17:14,535.11
2022-03-29 22:17:19,535.11
2022-03-29 22:17:24,535.11
2022-03-29 22:17:29,535.11
2022-03-29 22:17:34,535.17
2022-03-29 22:17:39,535.24
2022-03-29 22:17:44,535.24
2022-03-29 22:17:49,535.3
2022-03-29 22:17:54,535.3
2022-03-29 22:17:59,535.37
2022-03-29 22:18:04,535.4
2022-03-29 22:18:09,535.4
2022-03-29 22:18:14,535.47
2022-03-29 22:18:19,535.47
2022-03-29 22:18:24,535.53
2022-03-29 22:18:29,535.53
2022-03-29 22:18:34,535.6
2022-03-29 22:18:39,535.63
2022-03-29 22:18:44,535.63
2022-03-29 22:18:49,535.69
2022-03-29 22:18:54,535.69
2022-03-29 22:18:59,535.76
2022-03-29 22:19:04,535.82
2022-03-29 22:19:09,535.89
2022-03-29 22:19:14,535.92
2022-03-29 22:19:19,535.98
2022-03-29 22:19:24,535.92
2022-03-29 22:19:29,536.05
2022-03-29 22:19:34,536.11
2022-03-29 22:19:39,536.15
2022-03-29 22:19:44,536.21
2022-03-29 22:19:49,536.28
2022-03-29 22:19:54,536.34
2022-03-29 22:19:59,536.41
2022-03-29 22:20:04,536.44
2022-03-29 22:20:09,536.44
2022-03-29 22:20:14,536.51
2022-03-29 22:20:19,536.51
2022-03-29 22:20:24,536.57
2022-03-29 22:20:29,536.57
2022-03-29 22:20:34,536.57
2022-03-29 22:20:39,536.57
2022-03-29 22:20:44,536.64
2022-03-29 22:20:49,536.64
2022-03-29 22:20:54,536.67
2022-03-29 22:20:59,536.68
2022-03-29 22:21:04,536.68
2022-03-29 22:21:09,536.68
2022-03-29 22:21:14,536.74
2022-03-29 22:21:19,536.74
2022-03-29 22:21:24,536.74
2022-03-29 22:21:29,536.74
2022-03-29 22:21:34,536.75
2022-03-29 22:21:39,536.81
2022-03-29 22:21:44,536.81
2022-03-29 22:21:49,536.81
2022-03-29 22:21:54,536.81
2022-03-29 22:21:59,536.81
2022-03-29 22:22:04,536.88
2022-03-29 22:22:09,536.88
2022-03-29 22:22:14,536.81
2022-03-29 22:22:19,536.88
2022-03-29 22:22:24,536.88
2022-03-29 22:22:29,536.94
2022-03-29 22:22:34,536.94
2022-03-29 22:22:39,536.88
2022-03-29 22:22:44,536.95
2022-03-29 22:22:49,536.88
2022-03-29 22:22:54,536.95
2022-03-29 22:22:59,536.88
2022-03-29 22:23:04,536.95
2022-03-29 22:23:09,536.95
2022-03-29 22:23:14,536.95
2022-03-29 22:23:19,536.95
2022-03-29 22:23:24,536.98
2022-03-29 22:23:29,536.98
2022-03-29 22:23:34,536.95
2022-03-29 22:23:39,536.99
2022-03-29 22:23:44,536.98
2022-03-29 22:23:49,536.99
2022-03-29 22:23:54,536.99
2022-03-29 22:23:59,536.99
2022-03-29 22:24:04,536.99
2022-03-29 22:24:09,536.99
2022-03-29 22:24:14,536.99
2022-03-29 22:24:19,536.99
2022-03-29 22:24:24,536.99
2022-03-29 22:24:29,536.99
2022-03-29 22:24:34,536.99
2022-03-29 22:24:39,537.0
2022-03-29 22:24:44,536.96
2022-03-29 22:24:49,537.0
2022-03-29 22:24:54,537.0
2022-03-29 22:24:59,537.0
2022-03-29 22:25:04,537.0
2022-03-29 22:25:09,537.0
2022-03-29 22:25:14,536.97
2022-03-29 22:25:19,536.97
2022-03-29 22:25:24,536.97
2022-03-29 22:25:29,536.97
2022-03-29 22:25:34,536.97
2022-03-29 22:25:39,536.97
2022-03-29 22:25:44,536.97
2022-03-29 22:25:49,536.97
2022-03-29 22:25:54,536.91
2022-03-29 22:25:59,536.91
2022-03-29 22:26:04,536.91
2022-03-29 22:26:09,536.91
2022-03-29 22:26:14,536.84
2022-03-29 22:26:19,536.85
2022-03-29 22:26:24,536.85
2022-03-29 22:26:29,536.85
2022-03-29 22:26:34,536.78
2022-03-29 22:26:39,536.78
2022-03-29 22:26:44,536.72
2022-03-29 22:26:49,536.72
2022-03-29 22:26:54,536.72
2022-03-29 22:26:59,536.72
2022-03-29 22:27:04,536.69
2022-03-29 22:27:09,536.69
2022-03-29 22:27:14,536.63
2022-03-29 22:27:19,536.69
2022-03-29 22:27:24,536.63
2022-03-29 22:27:29,536.63
2022-03-29 22:27:34,536.64
2022-03-29 22:27:39,536.57
2022-03-29 22:27:44,536.57
2022-03-29 22:27:49,536.57
2022-03-29 22:27:54,536.57
2022-03-29 22:27:59,536.51
2022-03-29 22:28:04,536.51
2022-03-29 22:28:09,536.51
2022-03-29 22:28:14,536.48
2022-03-29 22:28:19,536.48
2022-03-29 22:28:24,536.48
2022-03-29 22:28:29,536.48
2022-03-29 22:28:34,536.42
2022-03-29 22:28:39,536.42
2022-03-29 22:28:44,536.42
2022-03-29 22:28:49,536.42
2022-03-29 22:28:54,536.29
2022-03-29 22:28:59,536.3
2022-03-29 22:29:04,536.36
2022-03-29 22:29:09,536.36
2022-03-29 22:29:14,536.3
2022-03-29 22:29:19,536.3
2022-03-29 22:29:24,536.24
2022-03-29 22:29:29,536.24
2022-03-29 22:29:34,536.21
2022-03-29 22:29:39,536.21
2022-03-29 22:29:44,536.14
2022-03-29 22:29:49,536.14
2022-03-29 22:29:54,536.14
2022-03-29 22:29:59,536.14
2022-03-29 22:30:04,536.08
2022-03-29 22:30:09,536.08
2022-03-29 22:30:14,536.02
2022-03-29 22:30:19,536.02
2022-03-29 22:30:24,535.99
2022-03-29 22:30:29,535.99
2022-03-29 22:30:34,535.93
2022-03-29 22:30:39,535.86
2022-03-29 22:30:44,535.92
2022-03-29 22:30:49,535.86
2022-03-29 22:30:54,535.8
2022-03-29 22:30:59,535.86
2022-03-29 22:31:04,535.8
2022-03-29 22:31:09,535.8
2022-03-29 22:31:14,535.74
2022-03-29 22:31:19,535.74
2022-03-29 22:31:24,535.74
2022-03-29 22:31:29,535.7
2022-03-29 22:31:34,535.64
2022-03-29 22:31:39,535.64
2022-03-29 22:31:44,535.64
2022-03-29 22:31:49,535.57
2022-03-29 22:31:54,535.57
2022-03-29 22:31:59,535.51
2022-03-29 22:32:04,535.51
2022-03-29 22:32:09,535.51
2022-03-29 22:32:14,535.48
2022-03-29 22:32:19,535.48
2022-03-29 22:32:24,535.48
2022-03-29 22:32:29,535.41
2022-03-29 22:32:34,535.35
2022-03-29 22:32:39,535.35
2022-03-29 22:32:44,535.28
2022-03-29 22:32:49,535.22
2022-03-29 22:32:54,535.22
2022-03-29 22:32:59,535.22
2022-03-29 22:33:04,535.19
2022-03-29 22:33:09,535.12
2022-03-29 22:33:14,535.12
2022-03-29 22:33:19,535.12
2022-03-29 22:33:24,535.06
2022-03-29 22:33:29,535.06
2022-03-29 22:33:34,534.99
2022-03-29 22:33:39,534.96
2022-03-29 22:33:44,534.9
2022-03-29 22:33:49,534.89
2022-03-29 22:33:54,534.89
2022-03-29 22:33:59,534.83
2022-03-29 22:34:04,534.83
2022-03-29 22:34:09,534.77
2022-03-29 22:34:14,534.7
2022-03-29 22:34:19,534.76
2022-03-29 22:34:24,534.66
2022-03-29 22:34:29,534.67
2022-03-29 22:34:34,534.6
2022-03-29 22:34:39,534.6
2022-03-29 22:34:44,534.6
2022-03-29 22:34:49,534.47
2022-03-29 22:34:54,534.47
2022-03-29 22:34:59,534.44
2022-03-29 22:35:04,534.37
2022-03-29 22:35:09,534.37
2022-03-29 22:35:14,534.31
2022-03-29 22:35:19,534.31
2022-03-29 22:35:24,534.18
2022-03-29 22:35:29,534.18
2022-03-29 22:35:34,534.15
2022-03-29 22:35:39,534.08
2022-03-29 22:35:44,534.08
2022-03-29 22:35:49,534.08
2022-03-29 22:35:54,534.02
2022-03-29 22:35:59,533.96
2022-03-29 22:36:04,533.92
2022-03-29 22:36:09,533.92
2022-03-29 22:36:14,533.92
2022-03-29 22:36:19,533.92
2022-03-29 22:36:24,533.86
2022-03-29 22:36:29,533.79
2022-03-29 22:36:34,533.73
2022-03-29 22:36:39,533.73
2022-03-29 22:36:44,533.67
2022-03-29 22:36:49,533.64
2022-03-29 22:36:54,533.64
2022-03-29 22:36:59,533.57
2022-03-29 22:37:04,533.57
2022-03-29 22:37:09,533.57
2022-03-29 22:37:14,533.57
2022-03-29 22:37:19,533.51
2022-03-29 22:37:24,533.51
2022-03-29 22:37:29,533.51
2022-03-29 22:37:34,533.45
2022-03-29 22:37:39,533.51
2022-03-29 22:37:44,533.51
2022-03-29 22:37:49,533.45
2022-03-29 22:37:54,533.45
2022-03-29 22:37:59,533.45
2022-03-29 22:38:04,533.45
2022-03-29 22:38:09,533.51
2022-03-29 22:38:14,533.45
2022-03-29 22:38:19,533.51
2022-03-29 22:38:24,533.45
2022-03-29 22:38:29,533.45
2022-03-29 22:38:34,533.45
2022-03-29 22:38:39,533.58
2022-03-29 22:38:44,533.52
2022-03-29 22:38:49,533.58
2022-03-29 22:38:54,533.52
2022-03-29 22:38:59,533.58
2022-03-29 22:39:04,533.58
2022-03-29 22:39:09,533.59
2022-03-29 22:39:14,533.59
2022-03-29 22:39:19,533.65
2022-03-29 22:39:24,533.65
2022-03-29 22:39:29,533.65
2022-03-29 22:39:34,533.65
2022-03-29 22:39:39,533.65
2022-03-29 22:39:44,533.65
2022-03-29 22:39:49,533.65
2022-03-29 22:39:54,533.65
2022-03-29 22:39:59,533.65
2022-03-29 22:40:04,533.65
2022-03-29 22:40:09,533.69
2022-03-29 22:40:14,533.69
2022-03-29 22:40:19,533.69
2022-03-29 22:40:24,533.69
2022-03-29 22:40:29,533.69
2022-03-29 22:40:34,533.69
2022-03-29 22:40:39,533.69
2022-03-29 22:40:44,533.65
2022-03-29 22:40:49,533.69
2022-03-29 22:40:54,533.69
2022-03-29 22:40:59,533.75
2022-03-29 22:41:04,533.75
2022-03-29 22:41:09,533.75
2022-03-29 22:41:14,533.75
2022-03-29 22:41:19,533.76
2022-03-29 22:41:24,533.75
2022-03-29 22:41:29,533.82
2022-03-29 22:41:34,533.82
2022-03-29 22:41:39,533.81
2022-03-29 22:41:44,533.82
2022-03-29 22:41:49,533.82
2022-03-29 22:41:54,533.94
2022-03-29 22:41:59,533.94
2022-03-29 22:42:04,533.94
2022-03-29 22:42:09,533.94
2022-03-29 22:42:14,533.97
2022-03-29 22:42:19,534.04
2022-03-29 22:42:24,534.04
2022-03-29 22:42:29,534.04
2022-03-29 22:42:34,534.11
2022-03-29 22:42:39,534.17
2022-03-29 22:42:44,534.17
2022-03-29 22:42:49,534.17
2022-03-29 22:42:54,534.2
2022-03-29 22:42:59,534.2
2022-03-29 22:43:04,534.26
2022-03-29 22:43:09,534.33
2022-03-29 22:43:14,537.71
2022-03-29 22:43:19,534.39
2022-03-29 22:43:24,534.45
2022-03-29 22:43:29,534.45
2022-03-29 22:43:34,534.48
2022-03-29 22:43:39,534.55
2022-03-29 22:43:44,534.55
2022-03-29 22:43:49,534.61
2022-03-29 22:43:54,534.68
2022-03-29 22:43:59,534.71
2022-03-29 22:44:04,534.77
2022-03-29 22:44:09,534.83
2022-03-29 22:44:14,537.71
2022-03-29 22:44:19,534.9
2022-03-29 22:44:24,534.96
2022-03-29 22:44:29,534.99
2022-03-29 22:44:34,535.12
2022-03-29 22:44:39,535.18
2022-03-29 22:44:44,535.18
2022-03-29 22:44:49,535.28
2022-03-29 22:44:54,535.35
2022-03-29 22:44:59,535.41
2022-03-29 22:45:04,535.47
2022-03-29 22:45:09,535.57
2022-03-29 22:45:14,535.63
2022-03-29 22:45:19,535.69
2022-03-29 22:45:24,535.73
2022-03-29 22:45:29,535.79
2022-03-29 22:45:34,535.79
2022-03-29 22:45:39,535.92
2022-03-29 22:45:44,535.92
2022-03-29 22:45:49,535.98
2022-03-29 22:45:54,536.01
2022-03-29 22:45:59,536.08
2022-03-29 22:46:04,536.14
2022-03-29 22:46:09,536.24
2022-03-29 22:46:14,536.21
2022-03-29 22:46:19,536.24
2022-03-29 22:46:24,536.3
2022-03-29 22:46:29,536.37
2022-03-29 22:46:34,536.37
2022-03-29 22:46:39,536.37
2022-03-29 22:46:44,536.5
2022-03-29 22:46:49,536.5
2022-03-29 22:46:54,536.59
2022-03-29 22:46:59,536.59
2022-03-29 22:47:04,536.59
2022-03-29 22:47:09,536.66
2022-03-29 22:47:14,536.72
2022-03-29 22:47:19,536.72
2022-03-29 22:47:24,536.72
2022-03-29 22:47:29,536.76
2022-03-29 22:47:34,536.82
2022-03-29 22:47:39,536.82
2022-03-29 22:47:44,536.82
2022-03-29 22:47:49,536.88
2022-03-29 22:47:54,536.88
2022-03-29 22:47:59,536.88
2022-03-29 22:48:04,536.95
2022-03-29 22:48:09,536.88
2022-03-29 22:48:14,536.95
2022-03-29 22:48:19,536.88
2022-03-29 22:48:24,536.89
2022-03-29 22:48:29,536.88
2022-03-29 22:48:34,536.88
2022-03-29 22:48:39,536.95
2022-03-29 22:48:44,536.95
2022-03-29 22:48:49,536.89
2022-03-29 22:48:54,536.89
2022-03-29 22:48:59,536.89
2022-03-29 22:49:04,536.89
2022-03-29 22:49:09,536.82
2022-03-29 22:49:14,536.83
2022-03-29 22:49:19,536.76
2022-03-29 22:49:24,536.76
2022-03-29 22:49:29,536.73
2022-03-29 22:49:34,536.73
2022-03-29 22:49:39,536.67
2022-03-29 22:49:44,536.6
2022-03-29 22:49:49,536.6
2022-03-29 22:49:54,536.54
2022-03-29 22:49:59,536.51
2022-03-29 22:50:04,536.51
2022-03-29 22:50:09,536.44
2022-03-29 22:50:14,536.38
2022-03-29 22:50:19,536.32
2022-03-29 22:50:24,536.25
2022-03-29 22:50:29,536.26
2022-03-29 22:50:34,536.22
2022-03-29 22:50:39,536.16
2022-03-29 22:50:44,536.16
2022-03-29 22:50:49,536.03
2022-03-29 22:50:54,536.03
2022-03-29 22:50:59,536.03
2022-03-29 22:51:04,535.94
2022-03-29 22:51:09,535.94
2022-03-29 22:51:14,535.87
2022-03-29 22:51:19,535.81
2022-03-29 22:51:24,535.75
2022-03-29 22:51:29,535.75
2022-03-29 22:51:34,535.72
2022-03-29 22:51:39,535.65
2022-03-29 22:51:44,535.58
2022-03-29 22:51:49,535.52
2022-03-29 22:51:54,535.52
2022-03-29 22:51:59,535.49
2022-03-29 22:52:04,535.49
2022-03-29 22:52:09,535.37
2022-03-29 22:52:14,535.37
2022-03-29 22:52:19,535.37
2022-03-29 22:52:24,535.37
2022-03-29 22:52:29,535.3
2022-03-29 22:52:34,535.24
2022-03-29 22:52:39,535.24
2022-03-29 22:52:44,535.21
2022-03-29 22:52:49,535.21
2022-03-29 22:52:54,535.21
2022-03-29 22:52:59,535.21
2022-03-29 22:53:04,535.15
2022-03-29 22:53:09,535.15
2022-03-29 22:53:14,535.08
2022-03-29 22:53:19,535.09
2022-03-29 22:53:24,535.02
2022-03-29 22:53:29,535.09
2022-03-29 22:53:34,535.09
2022-03-29 22:53:39,535.02
2022-03-29 22:53:44,535.02
2022-03-29 22:53:49,535.02
2022-03-29 22:53:54,534.99
2022-03-29 22:53:59,534.99
2022-03-29 22:54:04,534.99
2022-03-29 22:54:09,534.93
2022-03-29 22:54:14,534.99
2022-03-29 22:54:19,534.93
2022-03-29 22:54:24,534.93
2022-03-29 22:54:29,534.87
2022-03-29 22:54:34,534.87
2022-03-29 22:54:39,534.87
2022-03-29 22:54:44,534.87
2022-03-29 22:54:49,534.87
2022-03-29 22:54:54,534.8
2022-03-29 22:54:59,534.8
2022-03-29 22:55:04,534.8
2022-03-29 22:55:09,534.81
2022-03-29 22:55:14,534.81
2022-03-29 22:55:19,534.81
2022-03-29 22:55:24,534.74
2022-03-29 22:55:29,534.75
2022-03-29 22:55:34,534.74
2022-03-29 22:55:39,534.75
2022-03-29 22:55:44,534.81
2022-03-29 22:55:49,534.71
2022-03-29 22:55:54,534.75
2022-03-29 22:55:59,534.75
2022-03-29 22:56:04,534.71
2022-03-29 22:56:09,534.72
2022-03-29 22:56:14,534.66
2022-03-29 22:56:19,534.65
2022-03-29 22:56:24,534.66
2022-03-29 22:56:29,534.66
2022-03-29 22:56:34,534.66
2022-03-29 22:56:39,534.6
2022-03-29 22:56:44,534.6
2022-03-29 22:56:49,534.6
2022-03-29 22:56:54,534.53
2022-03-29 22:56:59,534.53
2022-03-29 22:57:04,534.6
2022-03-29 22:57:09,534.6
2022-03-29 22:57:14,534.54
2022-03-29 22:57:19,534.51
2022-03-29 22:57:24,534.54
2022-03-29 22:57:29,534.54
2022-03-29 22:57:34,534.54
2022-03-29 22:57:39,534.54
2022-03-29 22:57:44,534.54
2022-03-29 22:57:49,534.54
2022-03-29 22:57:54,534.55
2022-03-29 22:57:59,534.55
2022-03-29 22:58:04,534.52
2022-03-29 22:58:09,534.52
2022-03-29 22:58:14,534.52
2022-03-29 22:58:19,534.52
2022-03-29 22:58:24,534.52
2022-03-29 22:58:29,534.52
2022-03-29 22:58:34,534.52
2022-03-29 22:58:39,534.52
2022-03-29 22:58:44,534.46
2022-03-29 22:58:49,534.52
2022-03-29 22:58:54,534.52
2022-03-29 22:58:59,534.46
2022-03-29 22:59:04,534.46
2022-03-29 22:59:09,534.52
2022-03-29 22:59:14,534.46
2022-03-29 22:59:19,534.52
2022-03-29 22:59:24,534.52
2022-03-29 22:59:29,534.46
2022-03-29 22:59:34,534.46
2022-03-29 22:59:39,534.46
2022-03-29 22:59:44,534.52
2022-03-29 22:59:49,534.46
2022-03-29 22:59:54,534.46
2022-03-29 22:59:59,534.46
2022-03-29 23:00:04,534.53
2022-03-29 23:00:09,534.46
2022-03-29 23:00:14,534.46
2022-03-29 23:00:19,534.46
2022-03-29 23:00:24,534.46
2022-03-29 23:00:29,534.46
2022-03-29 23:00:34,534.4
2022-03-29 23:00:39,534.4
2022-03-29 23:00:44,534.4
2022-03-29 23:00:49,534.4
2022-03-29 23:00:54,534.34
2022-03-29 23:00:59,534.4
2022-03-29 23:01:04,534.34
2022-03-29 23:01:09,534.33
2022-03-29 23:01:14,534.34
2022-03-29 23:01:19,534.27
2022-03-29 23:01:24,534.27
2022-03-29 23:01:29,534.33
2022-03-29 23:01:34,534.27
2022-03-29 23:01:39,534.24
2022-03-29 23:01:44,534.27
2022-03-29 23:01:49,534.27
2022-03-29 23:01:54,534.27
2022-03-29 23:01:59,534.27
2022-03-29 23:02:04,534.27
2022-03-29 23:02:09,534.27
2022-03-29 23:02:14,534.27
2022-03-29 23:02:19,534.27
2022-03-29 23:02:24,534.27
2022-03-29 23:02:29,534.26
2022-03-29 23:02:34,534.27
2022-03-29 23:02:39,534.23
2022-03-29 23:02:44,534.23
2022-03-29 23:02:49,534.23
2022-03-29 23:02:54,534.26
2022-03-29 23:02:59,534.16
2022-03-29 23:03:04,534.16
2022-03-29 23:03:09,534.17
2022-03-29 23:03:14,534.17
2022-03-29 23:03:19,534.1
2022-03-29 23:03:24,534.1
2022-03-29 23:03:29,534.04
2022-03-29 23:03:34,534.04
2022-03-29 23:03:39,534.03
2022-03-29 23:03:44,534.0
2022-03-29 23:03:49,533.94
2022-03-29 23:03:54,533.94
2022-03-29 23:03:59,533.87
2022-03-29 23:04:04,533.81
2022-03-29 23:04:09,533.87
2022-03-29 23:04:14,533.87
2022-03-29 23:04:19,533.81
2022-03-29 23:04:24,533.87
2022-03-29 23:04:29,533.74
2022-03-29 23:04:34,533.74
2022-03-29 23:04:39,533.74
2022-03-29 23:04:44,533.71
2022-03-29 23:04:49,533.71
2022-03-29 23:04:54,533.65
2022-03-29 23:04:59,533.71
2022-03-29 23:05:04,533.71
2022-03-29 23:05:09,533.65
2022-03-29 23:05:14,533.65
2022-03-29 23:05:19,533.58
2022-03-29 23:05:24,533.58
2022-03-29 23:05:29,533.58
2022-03-29 23:05:34,533.58
2022-03-29 23:05:39,533.58
2022-03-29 23:05:44,533.52
2022-03-29 23:05:49,533.52
2022-03-29 23:05:54,533.52
2022-03-29 23:05:59,533.52
2022-03-29 23:06:04,533.58
2022-03-29 23:06:09,533.52
2022-03-29 23:06:14,533.58
2022-03-29 23:06:19,533.58
2022-03-29 23:06:24,533.58
2022-03-29 23:06:29,533.65
2022-03-29 23:06:34,533.58
2022-03-29 23:06:39,533.65
2022-03-29 23:06:44,533.65
2022-03-29 23:06:49,533.65
2022-03-29 23:06:54,533.65
2022-03-29 23:06:59,533.65
2022-03-29 23:07:04,537.71
2022-03-29 23:07:09,533.66
2022-03-29 23:07:14,533.72
2022-03-29 23:07:19,533.72
2022-03-29 23:07:24,533.75
2022-03-29 23:07:29,533.72
2022-03-29 23:07:34,533.72
2022-03-29 23:07:39,533.72
2022-03-29 23:07:44,533.75
2022-03-29 23:07:49,533.75
2022-03-29 23:07:54,533.82
2022-03-29 23:07:59,533.82
2022-03-29 23:08:04,533.82
2022-03-29 23:08:09,533.82
2022-03-29 23:08:14,533.89
2022-03-29 23:08:19,533.95
2022-03-29 23:08:24,533.95
2022-03-29 23:08:29,534.02
2022-03-29 23:08:34,534.02
2022-03-29 23:08:39,534.05
2022-03-29 23:08:44,534.05
2022-03-29 23:08:49,534.11
2022-03-29 23:08:54,534.11
2022-03-29 23:08:59,534.12
2022-03-29 23:09:04,534.18
2022-03-29 23:09:09,534.18
2022-03-29 23:09:14,534.24
2022-03-29 23:09:19,534.28
2022-03-29 23:09:24,534.28
2022-03-29 23:09:29,534.34
2022-03-29 23:09:34,534.34
2022-03-29 23:09:39,534.41
2022-03-29 23:09:44,534.47
2022-03-29 23:09:49,534.47
2022-03-29 23:09:54,534.53
2022-03-29 23:09:59,534.57
2022-03-29 23:10:04,534.63
2022-03-29 23:10:09,534.63
2022-03-29 23:10:14,534.76
2022-03-29 23:10:19,534.79
2022-03-29 23:10:24,534.86
2022-03-29 23:10:29,534.92
2022-03-29 23:10:34,534.98
2022-03-29 23:10:39,535.05
2022-03-29 23:10:44,535.14
2022-03-29 23:10:49,535.21
2022-03-29 23:10:54,535.27
2022-03-29 23:10:59,535.31
2022-03-29 23:11:04,535.37
2022-03-29 23:11:09,535.5
2022-03-29 23:11:14,535.5
2022-03-29 23:11:19,535.59
2022-03-29 23:11:24,535.66
2022-03-29 23:11:29,535.72
2022-03-29 23:11:34,535.79
2022-03-29 23:11:39,535.82
2022-03-29 23:11:44,535.95
2022-03-29 23:11:49,536.01
2022-03-29 23:11:54,536.07
2022-03-29 23:11:59,536.11
2022-03-29 23:12:04,536.17
2022-03-29 23:12:09,536.23
2022-03-29 23:12:14,536.3
2022-03-29 23:12:19,536.39
2022-03-29 23:12:24,536.46
2022-03-29 23:12:29,536.52
2022-03-29 23:12:34,536.61
2022-03-29 23:12:39,536.68
2022-03-29 23:12:44,536.81
2022-03-29 23:12:49,536.81
2022-03-29 23:12:54,536.84
2022-03-29 23:12:59,536.9
2022-03-29 23:13:04,537.03
2022-03-29 23:13:09,537.12
2022-03-29 23:13:14,537.19
2022-03-29 23:13:19,537.25
2022-03-29 23:13:24,537.31
2022-03-29 23:13:29,537.41
2022-03-29 23:13:34,537.48
2022-03-29 23:13:39,537.54
2022-03-29 23:13:44,537.63
2022-03-29 23:13:49,537.7
2022-03-29 23:13:54,537.82
2022-03-29 23:13:59,537.86
2022-03-29 23:14:04,537.92
2022-03-29 23:14:09,538.05
2022-03-29 23:14:14,538.11
2022-03-29 23:14:19,538.21
2022-03-29 23:14:24,538.27
2022-03-29 23:14:29,538.34
2022-03-29 23:14:34,538.37
2022-03-29 23:14:39,538.49
2022-03-29 23:14:44,538.56
2022-03-29 23:14:49,538.65
2022-03-29 23:14:54,538.72
2022-03-29 23:14:59,538.78
2022-03-29 23:15:04,538.88
2022-03-29 23:15:09,538.94
2022-03-29 23:15:14,539.01
2022-03-29 23:15:19,539.14
2022-03-29 23:15:24,539.17
2022-03-29 23:15:29,539.23
2022-03-29 23:15:34,539.36
2022-03-29 23:15:39,539.39
2022-03-29 23:15:44,539.52
2022-03-29 23:15:49,539.52
2022-03-29 23:15:54,539.58
2022-03-29 23:15:59,539.65
2022-03-29 23:16:04,539.68
2022-03-29 23:16:09,539.75
2022-03-29 23:16:14,539.75
2022-03-29 23:16:19,539.75
2022-03-29 23:16:24,539.81
2022-03-29 23:16:29,539.81
2022-03-29 23:16:34,539.81
2022-03-29 23:16:39,539.87
2022-03-29 23:16:44,539.87
2022-03-29 23:16:49,539.91
2022-03-29 23:16:54,539.88
2022-03-29 23:16:59,539.88
2022-03-29 23:17:04,539.88
2022-03-29 23:17:09,539.81
2022-03-29 23:17:14,539.81
2022-03-29 23:17:19,539.75
2022-03-29 23:17:24,539.75
2022-03-29 23:17:29,539.69
2022-03-29 23:17:34,539.65
2022-03-29 23:17:39,539.65
2022-03-29 23:17:44,539.59
2022-03-29 23:17:49,539.46
2022-03-29 23:17:54,539.46
2022-03-29 23:17:59,539.4
2022-03-29 23:18:04,539.3
2022-03-29 23:18:09,539.3
2022-03-29 23:18:14,539.14
2022-03-29 23:18:19,539.07
2022-03-29 23:18:24,539.01
2022-03-29 23:18:29,538.95
2022-03-29 23:18:34,538.85
2022-03-29 23:18:39,538.72
2022-03-29 23:18:44,538.62
2022-03-29 23:18:49,538.56
2022-03-29 23:18:54,538.43
2022-03-29 23:18:59,538.34
2022-03-29 23:19:04,538.21
2022-03-29 23:19:09,538.14
2022-03-29 23:19:14,538.04
2022-03-29 23:19:19,537.98
2022-03-29 23:19:24,537.85
2022-03-29 23:19:29,537.76
2022-03-29 23:19:34,537.62
2022-03-29 23:19:39,537.59
2022-03-29 23:19:44,537.53
2022-03-29 23:19:49,537.4
2022-03-29 23:19:54,537.3
2022-03-29 23:19:59,537.17
2022-03-29 23:20:04,537.08
2022-03-29 23:20:09,536.95
2022-03-29 23:20:14,536.82
2022-03-29 23:20:19,536.72
2022-03-29 23:20:24,536.66
2022-03-29 23:20:29,536.56
2022-03-29 23:20:34,536.43
2022-03-29 23:20:39,536.3
2022-03-29 23:20:44,536.2
2022-03-29 23:20:49,536.14
2022-03-29 23:20:54,535.98
2022-03-29 23:20:59,535.85
2022-03-29 23:21:04,535.78
2022-03-29 23:21:09,535.62
2022-03-29 23:21:14,535.46
2022-03-29 23:21:19,535.4
2022-03-29 23:21:24,535.27
2022-03-29 23:21:29,535.17
2022-03-29 23:21:34,535.04
2022-03-29 23:21:39,534.94
2022-03-29 23:21:44,534.81
2022-03-29 23:21:49,534.71
2022-03-29 23:21:54,534.59
2022-03-29 23:21:59,534.52
2022-03-29 23:22:04,534.36
2022-03-29 23:22:09,534.23
2022-03-29 23:22:14,534.13
2022-03-29 23:22:19,534.0
2022-03-29 23:22:24,533.91
2022-03-29 23:22:29,533.77
2022-03-29 23:22:34,533.68
2022-03-29 23:22:39,533.61
2022-03-29 23:22:44,533.45
2022-03-29 23:22:49,533.32
2022-03-29 23:22:54,533.19
2022-03-29 23:22:59,533.09
2022-03-29 23:23:04,532.97
2022-03-29 23:23:09,532.87
2022-03-29 23:23:14,532.74
2022-03-29 23:23:19,532.64
2022-03-29 23:23:24,532.51
2022-03-29 23:23:29,532.35
2022-03-29 23:23:34,532.28
2022-03-29 23:23:39,532.12
2022-03-29 23:23:44,531.99
2022-03-29 23:23:49,531.92
2022-03-29 23:23:54,531.83
2022-03-29 23:23:59,531.7
2022-03-29 23:24:04,531.6
2022-03-29 23:24:09,531.54
2022-03-29 23:24:14,531.41
2022-03-29 23:24:19,531.31
2022-03-29 23:24:24,531.18
2022-03-29 23:24:29,531.12
2022-03-29 23:24:34,531.08
2022-03-29 23:24:39,530.95
2022-03-29 23:24:44,530.89
2022-03-29 23:24:49,530.79
2022-03-29 23:24:54,530.72
2022-03-29 23:24:59,530.66
2022-03-29 23:25:04,530.59
2022-03-29 23:25:09,530.56
2022-03-29 23:25:14,530.43
2022-03-29 23:25:19,530.37
2022-03-29 23:25:24,530.34
2022-03-29 23:25:29,530.34
2022-03-29 23:25:34,530.21
2022-03-29 23:25:39,530.21
2022-03-29 23:25:44,530.08
2022-03-29 23:25:49,530.04
2022-03-29 23:25:54,529.98
2022-03-29 23:25:59,529.92
2022-03-29 23:26:04,529.85
2022-03-29 23:26:09,529.85
2022-03-29 23:26:14,537.71
2022-03-29 23:26:19,529.75
2022-03-29 23:26:24,529.69
2022-03-29 23:26:29,529.69
2022-03-29 23:26:34,529.63
2022-03-29 23:26:39,529.56
2022-03-29 23:26:44,529.53
2022-03-29 23:26:49,529.46
2022-03-29 23:26:54,529.4
2022-03-29 23:26:59,529.34
2022-03-29 23:27:04,529.34
2022-03-29 23:27:09,529.3
2022-03-29 23:27:14,529.24
2022-03-29 23:27:19,529.24
2022-03-29 23:27:24,529.24
2022-03-29 23:27:29,529.18
2022-03-29 23:27:34,529.18
2022-03-29 23:27:39,529.11
2022-03-29 23:27:44,529.11
2022-03-29 23:27:49,529.05
2022-03-29 23:27:54,529.05
2022-03-29 23:27:59,529.05
2022-03-29 23:28:04,529.02
2022-03-29 23:28:09,529.02
2022-03-29 23:28:14,528.95
2022-03-29 23:28:19,528.95
2022-03-29 23:28:24,528.89
2022-03-29 23:28:29,528.82
2022-03-29 23:28:34,528.79
2022-03-29 23:28:39,528.79
2022-03-29 23:28:44,528.73
2022-03-29 23:28:49,528.67
2022-03-29 23:28:54,528.67
2022-03-29 23:28:59,528.6
2022-03-29 23:29:04,528.6
2022-03-29 23:29:09,528.54
2022-03-29 23:29:14,528.51
2022-03-29 23:29:19,528.51
2022-03-29 23:29:24,528.51
2022-03-29 23:29:29,528.45
2022-03-29 23:29:34,528.38
2022-03-29 23:29:39,528.38
2022-03-29 23:29:44,528.38
2022-03-29 23:29:49,528.32
2022-03-29 23:29:54,528.32
2022-03-29 23:29:59,528.29
2022-03-29 23:30:04,528.29
2022-03-29 23:30:09,528.29
2022-03-29 23:30:14,528.22
2022-03-29 23:30:19,528.22
2022-03-29 23:30:24,528.1
2022-03-29 23:30:29,528.1
2022-03-29 23:30:34,528.1
2022-03-29 23:30:39,528.1
2022-03-29 23:30:44,528.03
2022-03-29 23:30:49,528.0
2022-03-29 23:30:54,528.0
2022-03-29 23:30:59,528.0
2022-03-29 23:31:04,527.94
2022-03-29 23:31:09,527.94
2022-03-29 23:31:14,527.94
2022-03-29 23:31:19,527.88
2022-03-29 23:31:24,527.81
2022-03-29 23:31:29,527.81
2022-03-29 23:31:34,527.81
2022-03-29 23:31:39,527.78
2022-03-29 23:31:44,527.78
2022-03-29 23:31:49,527.78
2022-03-29 23:31:54,527.78
2022-03-29 23:31:59,527.78
2022-03-29 23:32:04,527.72
2022-03-29 23:32:09,527.72
2022-03-29 23:32:14,527.72
2022-03-29 23:32:19,527.65
2022-03-29 23:32:24,527.66
2022-03-29 23:32:29,527.59
2022-03-29 23:32:34,527.59
2022-03-29 23:32:39,527.59
2022-03-29 23:32:44,527.53
2022-03-29 23:32:49,527.53
2022-03-29 23:32:54,527.53
2022-03-29 23:32:59,527.53
2022-03-29 23:33:04,527.5
2022-03-29 23:33:09,527.5
2022-03-29 23:33:14,527.5
2022-03-29 23:33:19,527.43
2022-03-29 23:33:24,527.44
2022-03-29 23:33:29,527.44
2022-03-29 23:33:34,527.44
2022-03-29 23:33:39,527.37
2022-03-29 23:33:44,527.37
2022-03-29 23:33:49,527.37
2022-03-29 23:33:54,527.38
2022-03-29 23:33:59,527.38
2022-03-29 23:34:04,527.38
2022-03-29 23:34:09,527.38
2022-03-29 23:34:14,527.38
2022-03-29 23:34:19,527.37
2022-03-29 23:34:24,527.44
2022-03-29 23:34:29,527.44
2022-03-29 23:34:34,527.51
2022-03-29 23:34:39,527.51
2022-03-29 23:34:44,527.51
2022-03-29 23:34:49,527.54
2022-03-29 23:34:54,527.54
2022-03-29 23:34:59,527.61
2022-03-29 23:35:04,527.61
2022-03-29 23:35:09,527.74
2022-03-29 23:35:14,527.74
2022-03-29 23:35:19,527.8
2022-03-29 23:35:24,527.83
2022-03-29 23:35:29,527.9
2022-03-29 23:35:34,527.97
2022-03-29 23:35:39,527.97
2022-03-29 23:35:44,527.97
2022-03-29 23:35:49,528.07
2022-03-29 23:35:54,528.13
2022-03-29 23:35:59,528.2
2022-03-29 23:36:04,528.26
2022-03-29 23:36:09,528.33
2022-03-29 23:36:14,528.36
2022-03-29 23:36:19,528.42
2022-03-29 23:36:24,528.55
2022-03-29 23:36:29,528.59
2022-03-29 23:36:34,528.65
2022-03-29 23:36:39,528.72
2022-03-29 23:36:44,537.71
2022-03-29 23:36:49,528.88
2022-03-29 23:36:54,529.01
2022-03-29 23:36:59,529.08
2022-03-29 23:37:04,529.11
2022-03-29 23:37:09,529.18
2022-03-29 23:37:14,529.37
2022-03-29 23:37:19,529.4
2022-03-29 23:37:24,529.47
2022-03-29 23:37:29,529.6
2022-03-29 23:37:34,529.63
2022-03-29 23:37:39,529.69
2022-03-29 23:37:44,529.89
2022-03-29 23:37:49,529.92
2022-03-29 23:37:54,530.05
2022-03-29 23:37:59,530.11
2022-03-29 23:38:04,530.27
2022-03-29 23:38:09,530.4
2022-03-29 23:38:14,530.44
2022-03-29 23:38:19,530.57
2022-03-29 23:38:24,530.66
2022-03-29 23:38:29,530.79
2022-03-29 23:38:34,530.95
2022-03-29 23:38:39,531.02
2022-03-29 23:38:44,531.15
2022-03-29 23:38:49,531.31
2022-03-29 23:38:54,531.37
2022-03-29 23:38:59,531.47
2022-03-29 23:39:04,531.6
2022-03-29 23:39:09,531.69
2022-03-29 23:39:14,531.89
2022-03-29 23:39:19,531.95
2022-03-29 23:39:24,532.11
2022-03-29 23:39:29,532.17
2022-03-29 23:39:34,532.27
2022-03-29 23:39:39,532.47
2022-03-29 23:39:44,532.56
2022-03-29 23:39:49,532.69
2022-03-29 23:39:54,532.79
2022-03-29 23:39:59,532.92
2022-03-29 23:40:04,532.98
2022-03-29 23:40:09,533.14
2022-03-29 23:40:14,533.24
2022-03-29 23:40:19,533.37
2022-03-29 23:40:24,533.53
2022-03-29 23:40:29,533.66
2022-03-29 23:40:34,533.75
2022-03-29 23:40:39,533.88
2022-03-29 23:40:44,534.01
2022-03-29 23:40:49,534.17
2022-03-29 23:40:54,534.23
2022-03-29 23:40:59,534.33
2022-03-29 23:41:04,534.52
2022-03-29 23:41:09,534.62
2022-03-29 23:41:14,534.68
2022-03-29 23:41:19,534.84
2022-03-29 23:41:24,534.91
2022-03-29 23:41:29,535.07
2022-03-29 23:41:34,535.2
2022-03-29 23:41:39,535.26
2022-03-29 23:41:44,535.36
2022-03-29 23:41:49,535.49
2022-03-29 23:41:54,535.58
2022-03-29 23:41:59,535.71
2022-03-29 23:42:04,535.81
2022-03-29 23:42:09,535.93
2022-03-29 23:42:14,536.0
2022-03-29 23:42:19,536.16
2022-03-29 23:42:24,536.28
2022-03-29 23:42:29,536.31
2022-03-29 23:42:34,536.44
2022-03-29 23:42:39,536.57
2022-03-29 23:42:44,536.6
2022-03-29 23:42:49,536.8
2022-03-29 23:42:54,536.83
2022-03-29 23:42:59,536.96
2022-03-29 23:43:04,537.09
2022-03-29 23:43:09,537.18
2022-03-29 23:43:14,537.31
2022-03-29 23:43:19,537.31
2022-03-29 23:43:24,537.41
2022-03-29 23:43:29,537.54
2022-03-29 23:43:34,537.6
2022-03-29 23:43:39,537.7
2022-03-29 23:43:44,537.83
2022-03-29 23:43:49,537.86
2022-03-29 23:43:54,537.98
2022-03-29 23:43:59,538.05
2022-03-29 23:44:04,538.15
2022-03-29 23:44:09,538.27
2022-03-29 23:44:14,538.34
2022-03-29 23:44:19,538.37
2022-03-29 23:44:24,538.44
2022-03-29 23:44:29,538.57
2022-03-29 23:44:34,538.66
2022-03-29 23:44:39,538.73
2022-03-29 23:44:44,538.79
2022-03-29 23:44:49,538.86
2022-03-29 23:44:54,538.95
2022-03-29 23:44:59,538.95
2022-03-29 23:45:04,539.08
2022-03-29 23:45:09,539.15
2022-03-29 23:45:14,539.24
2022-03-29 23:45:19,539.31
2022-03-29 23:45:24,539.37
2022-03-29 23:45:29,539.4
2022-03-29 23:45:34,539.47
2022-03-29 23:45:39,539.53
2022-03-29 23:45:44,539.6
2022-03-29 23:45:49,539.66
2022-03-29 23:45:54,539.66
2022-03-29 23:45:59,539.7
2022-03-29 23:46:04,539.76
2022-03-29 23:46:09,539.76
2022-03-29 23:46:14,539.89
2022-03-29 23:46:19,539.83
2022-03-29 23:46:24,539.89
2022-03-29 23:46:29,539.92
2022-03-29 23:46:34,539.99
2022-03-29 23:46:39,539.99
2022-03-29 23:46:44,540.05
2022-03-29 23:46:49,540.12
2022-03-29 23:46:54,540.06
2022-03-29 23:46:59,540.12
2022-03-29 23:47:04,540.12
2022-03-29 23:47:09,540.12
2022-03-29 23:47:14,540.12
2022-03-29 23:47:19,540.12
2022-03-29 23:47:24,540.12
2022-03-29 23:47:29,540.06
2022-03-29 23:47:34,540.06
2022-03-29 23:47:39,540.0
2022-03-29 23:47:44,540.0
2022-03-29 23:47:49,540.06
2022-03-29 23:47:54,540.0
2022-03-29 23:47:59,539.93
2022-03-29 23:48:04,539.94
2022-03-29 23:48:09,539.9
2022-03-29 23:48:14,539.9
2022-03-29 23:48:19,539.91
2022-03-29 23:48:24,539.84
2022-03-29 23:48:29,539.84
2022-03-29 23:48:34,539.78
2022-03-29 23:48:39,539.78
2022-03-29 23:48:44,539.72
2022-03-29 23:48:49,539.68
2022-03-29 23:48:54,539.69
2022-03-29 23:48:59,539.62
2022-03-29 23:49:04,539.56
2022-03-29 23:49:09,539.55
2022-03-29 23:49:14,539.49
2022-03-29 23:49:19,539.49
2022-03-29 23:49:24,539.43
2022-03-29 23:49:29,539.4
2022-03-29 23:49:34,539.4
2022-03-29 23:49:39,539.33
2022-03-29 23:49:44,539.27
2022-03-29 23:49:49,539.27
2022-03-29 23:49:54,539.18
2022-03-29 23:49:59,539.18
2022-03-29 23:50:04,539.11
2022-03-29 23:50:09,539.11
2022-03-29 23:50:14,538.99
2022-03-29 23:50:19,538.99
2022-03-29 23:50:24,538.92
2022-03-29 23:50:29,538.89
2022-03-29 23:50:34,538.83
2022-03-29 23:50:39,538.76
2022-03-29 23:50:44,538.7
2022-03-29 23:50:49,538.67
2022-03-29 23:50:54,538.67
2022-03-29 23:50:59,538.6
2022-03-29 23:51:04,538.54
2022-03-29 23:51:09,538.47
2022-03-29 23:51:14,538.41
2022-03-29 23:51:19,538.38
2022-03-29 23:51:24,538.38
2022-03-29 23:51:29,538.25
2022-03-29 23:51:34,538.25
2022-03-29 23:51:39,538.19
2022-03-29 23:51:44,538.16
2022-03-29 23:51:49,538.09
2022-03-29 23:51:54,538.03
2022-03-29 23:51:59,537.97
2022-03-29 23:52:04,537.9
2022-03-29 23:52:09,537.87
2022-03-29 23:52:14,537.81
2022-03-29 23:52:19,537.74
2022-03-29 23:52:24,537.68
2022-03-29 23:52:29,537.65
2022-03-29 23:52:34,537.58
2022-03-29 23:52:39,537.46
2022-03-29 23:52:44,537.52
2022-03-29 23:52:49,537.39
2022-03-29 23:52:54,537.36
2022-03-29 23:52:59,537.3
2022-03-29 23:53:04,537.24
2022-03-29 23:53:09,537.17
2022-03-29 23:53:14,537.17
2022-03-29 23:53:19,537.14
2022-03-29 23:53:24,537.07
2022-03-29 23:53:29,537.01
2022-03-29 23:53:34,537.01
2022-03-29 23:53:39,537.01
2022-03-29 23:53:44,536.95
2022-03-29 23:53:49,536.95
2022-03-29 23:53:54,536.95
2022-03-29 23:53:59,536.95
2022-03-29 23:54:04,536.89
2022-03-29 23:54:09,536.89
2022-03-29 23:54:14,536.89
2022-03-29 23:54:19,536.89
2022-03-29 23:54:24,536.86
2022-03-29 23:54:29,536.8
2022-03-29 23:54:34,536.86
2022-03-29 23:54:39,536.86
2022-03-29 23:54:44,536.87
2022-03-29 23:54:49,536.87
2022-03-29 23:54:54,536.87
2022-03-29 23:54:59,536.81
2022-03-29 23:55:04,536.87
2022-03-29 23:55:09,536.87
2022-03-29 23:55:14,536.87
2022-03-29 23:55:19,536.87
2022-03-29 23:55:24,536.87
2022-03-29 23:55:29,536.91
2022-03-29 23:55:34,536.91
2022-03-29 23:55:39,536.91
2022-03-29 23:55:44,536.88
2022-03-29 23:55:49,536.91
2022-03-29 23:55:54,536.91
2022-03-29 23:55:59,536.88
2022-03-29 23:56:04,536.91
2022-03-29 23:56:09,536.88
2022-03-29 23:56:14,536.82
2022-03-29 23:56:19,536.82
2022-03-29 23:56:24,536.82
2022-03-29 23:56:29,536.75
2022-03-29 23:56:34,536.76
2022-03-29 23:56:39,536.69
2022-03-29 23:56:44,536.69
2022-03-29 23:56:49,536.66
2022-03-29 23:56:54,536.69
2022-03-29 23:56:59,536.66
2022-03-29 23:57:04,536.6
2022-03-29 23:57:09,536.66
2022-03-29 23:57:14,536.6
2022-03-29 23:57:19,536.6
2022-03-29 23:57:24,536.47
2022-03-29 23:57:29,536.47
2022-03-29 23:57:34,536.47
2022-03-29 23:57:39,536.41
2022-03-29 23:57:44,536.37
2022-03-29 23:57:49,536.31
2022-03-29 23:57:54,536.31
2022-03-29 23:57:59,536.24
2022-03-29 23:58:04,536.15
2022-03-29 23:58:09,536.08
2022-03-29 23:58:14,536.08
2022-03-29 23:58:19,535.95
2022-03-29 23:58:24,535.86
2022-03-29 23:58:29,535.86
2022-03-29 23:58:34,535.73
2022-03-29 23:58:39,535.73
2022-03-29 23:58:44,535.63
2022-03-29 23:58:49,535.63
2022-03-29 23:58:54,535.5
2022-03-29 23:58:59,535.37
2022-03-29 23:59:04,535.37
2022-03-29 23:59:09,537.71
2022-03-29 23:59:14,535.15
2022-03-29 23:59:19,535.11
2022-03-29 23:59:24,535.05
2022-03-29 23:59:29,534.92
2022-03-29 23:59:34,534.82
2022-03-29 23:59:39,534.7
2022-03-29 23:59:44,534.6
2022-03-29 23:59:49,534.54
2022-03-29 23:59:54,534.4
2022-03-29 23:59:59,534.31
2022-03-30 00:00:04,534.18
2022-03-30 00:00:09,534.08
2022-03-30 00:00:14,534.02
2022-03-30 00:00:19,533.89
2022-03-30 00:00:24,533.79
2022-03-30 00:00:29,533.72
2022-03-30 00:00:34,533.5
2022-03-30 00:00:39,533.5
2022-03-30 00:00:44,533.37
2022-03-30 00:00:49,533.27
2022-03-30 00:00:54,533.14
2022-03-30 00:00:59,533.08
2022-03-30 00:01:04,532.92
2022-03-30 00:01:09,532.85
2022-03-30 00:01:14,532.75
2022-03-30 00:01:19,532.63
2022-03-30 00:01:24,532.47
2022-03-30 00:01:29,532.47
2022-03-30 00:01:34,532.34
2022-03-30 00:01:39,532.18
2022-03-30 00:01:44,532.04
2022-03-30 00:01:49,531.95
2022-03-30 00:01:54,531.82
2022-03-30 00:01:59,531.76
2022-03-30 00:02:04,531.66
2022-03-30 00:02:09,531.59
2022-03-30 00:02:14,531.43
2022-03-30 00:02:19,531.3
2022-03-30 00:02:24,531.21
2022-03-30 00:02:29,531.01
2022-03-30 00:02:34,531.01
2022-03-30 00:02:39,530.85
2022-03-30 00:02:44,530.72
2022-03-30 00:02:49,530.63
2022-03-30 00:02:54,530.5
2022-03-30 00:02:59,530.4
2022-03-30 00:03:04,530.34
2022-03-30 00:03:09,530.21
2022-03-30 00:03:14,530.11
2022-03-30 00:03:19,529.98
2022-03-30 00:03:24,529.89
2022-03-30 00:03:29,529.76
2022-03-30 00:03:34,529.7
2022-03-30 00:03:39,529.66
2022-03-30 00:03:44,529.47
2022-03-30 00:03:49,529.37
2022-03-30 00:03:54,529.31
2022-03-30 00:03:59,529.25
2022-03-30 00:04:04,529.15
2022-03-30 00:04:09,529.08
2022-03-30 00:04:14,528.96
2022-03-30 00:04:19,528.93
2022-03-30 00:04:24,528.8
2022-03-30 00:04:29,528.73
2022-03-30 00:04:34,537.71
2022-03-30 00:04:39,528.64
2022-03-30 00:04:44,528.51
2022-03-30 00:04:49,528.45
2022-03-30 00:04:54,528.45
2022-03-30 00:04:59,528.29
2022-03-30 00:05:04,528.28
2022-03-30 00:05:09,528.22
2022-03-30 00:05:14,528.16
2022-03-30 00:05:19,528.12
2022-03-30 00:05:24,528.06
2022-03-30 00:05:29,528.0
2022-03-30 00:05:34,527.93
2022-03-30 00:05:39,527.9
2022-03-30 00:05:44,527.93
2022-03-30 00:05:49,527.84
2022-03-30 00:05:54,527.77
2022-03-30 00:05:59,527.78
2022-03-30 00:06:04,527.71
2022-03-30 00:06:09,527.65
2022-03-30 00:06:14,527.65
2022-03-30 00:06:19,527.65
2022-03-30 00:06:24,527.65
2022-03-30 00:06:29,527.62
2022-03-30 00:06:34,527.62
2022-03-30 00:06:39,527.62
2022-03-30 00:06:44,527.61
2022-03-30 00:06:49,527.62
2022-03-30 00:06:54,527.65
2022-03-30 00:06:59,527.65
2022-03-30 00:07:04,527.65
2022-03-30 00:07:09,527.71
2022-03-30 00:07:14,527.71
2022-03-30 00:07:19,527.71
2022-03-30 00:07:24,527.78
2022-03-30 00:07:29,527.84
2022-03-30 00:07:34,527.9
2022-03-30 00:07:39,527.94
2022-03-30 00:07:44,528.06
2022-03-30 00:07:49,528.13
2022-03-30 00:07:54,528.16
2022-03-30 00:07:59,528.29
2022-03-30 00:08:04,528.29
2022-03-30 00:08:09,528.41
2022-03-30 00:08:14,528.51
2022-03-30 00:08:19,528.67
2022-03-30 00:08:24,528.74
2022-03-30 00:08:29,528.93
2022-03-30 00:08:34,528.93
2022-03-30 00:08:39,529.09
2022-03-30 00:08:44,529.19
2022-03-30 00:08:49,529.25
2022-03-30 00:08:54,529.44
2022-03-30 00:08:59,529.54
2022-03-30 00:09:04,529.76
2022-03-30 00:09:09,529.89
2022-03-30 00:09:14,529.99
2022-03-30 00:09:19,530.18
2022-03-30 00:09:24,530.28
2022-03-30 00:09:29,530.47
2022-03-30 00:09:34,537.71
2022-03-30 00:09:39,530.72
2022-03-30 00:09:44,530.92
2022-03-30 00:09:49,531.08
2022-03-30 00:09:54,531.2
2022-03-30 00:09:59,531.43
2022-03-30 00:10:04,531.52
2022-03-30 00:10:09,531.71
2022-03-30 00:10:14,531.81
2022-03-30 00:10:19,532.04
2022-03-30 00:10:24,532.23
2022-03-30 00:10:29,532.39
2022-03-30 00:10:34,532.55
2022-03-30 00:10:39,532.68
2022-03-30 00:10:44,532.9
2022-03-30 00:10:49,533.06
2022-03-30 00:10:54,533.19
2022-03-30 00:10:59,533.35
2022-03-30 00:11:04,533.54
2022-03-30 00:11:09,533.7
2022-03-30 00:11:14,533.86
2022-03-30 00:11:19,534.06
2022-03-30 00:11:24,534.15
2022-03-30 00:11:29,534.31
2022-03-30 00:11:34,534.57
2022-03-30 00:11:39,534.73
2022-03-30 00:11:44,534.82
2022-03-30 00:11:49,535.02
2022-03-30 00:11:54,535.18
2022-03-30 00:11:59,535.31
2022-03-30 00:12:04,535.54
2022-03-30 00:12:09,535.63
2022-03-30 00:12:14,535.76
2022-03-30 00:12:19,535.92
2022-03-30 00:12:24,536.05
2022-03-30 00:12:29,536.21
2022-03-30 00:12:34,536.34
2022-03-30 00:12:39,536.43
2022-03-30 00:12:44,536.62
2022-03-30 00:12:49,536.72
2022-03-30 00:12:54,536.88
2022-03-30 00:12:59,537.01
2022-03-30 00:13:04,537.14
2022-03-30 00:13:09,537.24
2022-03-30 00:13:14,537.36
2022-03-30 00:13:19,537.53
2022-03-30 00:13:24,537.66
2022-03-30 00:13:29,537.69
2022-03-30 00:13:34,537.88
2022-03-30 00:13:39,537.98
2022-03-30 00:13:44,538.11
2022-03-30 00:13:49,538.17
2022-03-30 00:13:54,538.27
2022-03-30 00:13:59,538.39
2022-03-30 00:14:04,538.43
2022-03-30 00:14:09,538.62
2022-03-30 00:14:14,538.68
2022-03-30 00:14:19,538.72
2022-03-30 00:14:24,538.85
2022-03-30 00:14:29,538.91
2022-03-30 00:14:34,538.94
2022-03-30 00:14:39,539.07
2022-03-30 00:14:44,539.14
2022-03-30 00:14:49,539.2
2022-03-30 00:14:54,539.24
2022-03-30 00:14:59,539.3
2022-03-30 00:15:04,539.36
2022-03-30 00:15:09,539.46
2022-03-30 00:15:14,539.53
2022-03-30 00:15:19,539.52
2022-03-30 00:15:24,539.53
2022-03-30 00:15:29,539.65
2022-03-30 00:15:34,539.59
2022-03-30 00:15:39,539.65
2022-03-30 00:15:44,539.72
2022-03-30 00:15:49,539.65
2022-03-30 00:15:54,539.72
2022-03-30 00:15:59,539.72
2022-03-30 00:16:04,539.75
2022-03-30 00:16:09,539.72
2022-03-30 00:16:14,539.72
2022-03-30 00:16:19,539.72
2022-03-30 00:16:24,539.72
2022-03-30 00:16:29,539.72
2022-03-30 00:16:34,539.72
2022-03-30 00:16:39,539.72
2022-03-30 00:16:44,539.72
2022-03-30 00:16:49,539.72
2022-03-30 00:16:54,539.65
2022-03-30 00:16:59,539.65
2022-03-30 00:17:04,539.59
2022-03-30 00:17:09,539.52
2022-03-30 00:17:14,539.46
2022-03-30 00:17:19,539.46
2022-03-30 00:17:24,539.42
2022-03-30 00:17:29,539.36
2022-03-30 00:17:34,539.29
2022-03-30 00:17:39,539.23
2022-03-30 00:17:44,539.13
2022-03-30 00:17:49,539.13
2022-03-30 00:17:54,539.07
2022-03-30 00:17:59,539.0
2022-03-30 00:18:04,538.94
2022-03-30 00:18:09,538.84
2022-03-30 00:18:14,538.78
2022-03-30 00:18:19,538.77
2022-03-30 00:18:24,538.68
2022-03-30 00:18:29,538.61
2022-03-30 00:18:34,538.55
2022-03-30 00:18:39,538.48
2022-03-30 00:18:44,538.38
2022-03-30 00:18:49,538.38
2022-03-30 00:18:54,538.25
2022-03-30 00:18:59,538.16
2022-03-30 00:19:04,538.09
2022-03-30 00:19:09,538.03
2022-03-30 00:19:14,537.96
2022-03-30 00:19:19,537.86
2022-03-30 00:19:24,537.8
2022-03-30 00:19:29,537.73
2022-03-30 00:19:34,537.63
2022-03-30 00:19:39,537.5
2022-03-30 00:19:44,537.38
2022-03-30 00:19:49,537.34
2022-03-30 00:19:54,537.28
2022-03-30 00:19:59,537.12
2022-03-30 00:20:04,536.99
2022-03-30 00:20:09,536.86
2022-03-30 00:20:14,536.7
2022-03-30 00:20:19,536.63
2022-03-30 00:20:24,536.59
2022-03-30 00:20:29,536.4
2022-03-30 00:20:34,536.3
2022-03-30 00:20:39,536.17
2022-03-30 00:20:44,536.08
2022-03-30 00:20:49,535.95
2022-03-30 00:20:54,535.82
2022-03-30 00:20:59,535.66
2022-03-30 00:21:04,535.59
2022-03-30 00:21:09,535.43
2022-03-30 00:21:14,535.27
2022-03-30 00:21:19,535.14
2022-03-30 00:21:24,535.04
2022-03-30 00:21:29,534.97
2022-03-30 00:21:34,534.78
2022-03-30 00:21:39,534.68
2022-03-30 00:21:44,534.52
2022-03-30 00:21:49,534.39
2022-03-30 00:21:54,534.26
2022-03-30 00:21:59,534.1
2022-03-30 00:22:04,533.94
2022-03-30 00:22:09,533.81
2022-03-30 00:22:14,533.71
2022-03-30 00:22:19,533.58
2022-03-30 00:22:24,533.52
2022-03-30 00:22:29,533.36
2022-03-30 00:22:34,533.22
2022-03-30 00:22:39,533.07
2022-03-30 00:22:44,533.0
2022-03-30 00:22:49,532.91
2022-03-30 00:22:54,532.71
2022-03-30 00:22:59,532.62
2022-03-30 00:23:04,532.49
2022-03-30 00:23:09,532.32
2022-03-30 00:23:14,532.2
2022-03-30 00:23:19,532.16
2022-03-30 00:23:24,531.97
2022-03-30 00:23:29,531.94
2022-03-30 00:23:34,531.74
2022-03-30 00:23:39,531.65
2022-03-30 00:23:44,531.58
2022-03-30 00:23:49,531.45
2022-03-30 00:23:54,531.29
2022-03-30 00:23:59,531.23
2022-03-30 00:24:04,531.17
2022-03-30 00:24:09,531.07
2022-03-30 00:24:14,530.94
2022-03-30 00:24:19,530.84
2022-03-30 00:24:24,530.78
2022-03-30 00:24:29,530.65
2022-03-30 00:24:34,530.62
2022-03-30 00:24:39,530.55
2022-03-30 00:24:44,530.49
2022-03-30 00:24:49,530.43
2022-03-30 00:24:54,530.39
2022-03-30 00:24:59,530.27
2022-03-30 00:25:04,530.2
2022-03-30 00:25:09,530.14
2022-03-30 00:25:14,530.1
2022-03-30 00:25:19,530.11
2022-03-30 00:25:24,530.04
2022-03-30 00:25:29,529.98
2022-03-30 00:25:34,529.98
2022-03-30 00:25:39,529.88
2022-03-30 00:25:44,529.91
2022-03-30 00:25:49,529.88
2022-03-30 00:25:54,529.88
2022-03-30 00:25:59,529.88
2022-03-30 00:26:04,529.88
2022-03-30 00:26:09,529.88
2022-03-30 00:26:14,529.88
2022-03-30 00:26:19,529.88
2022-03-30 00:26:24,529.88
2022-03-30 00:26:29,529.88
2022-03-30 00:26:34,529.82
2022-03-30 00:26:39,529.89
2022-03-30 00:26:44,529.89
2022-03-30 00:26:49,529.88
2022-03-30 00:26:54,529.92
2022-03-30 00:26:59,529.92
2022-03-30 00:27:04,529.92
2022-03-30 00:27:09,529.98
2022-03-30 00:27:14,530.05
2022-03-30 00:27:19,530.05
2022-03-30 00:27:24,530.05
2022-03-30 00:27:29,530.21
2022-03-30 00:27:34,530.21
2022-03-30 00:27:39,530.27
2022-03-30 00:27:44,530.34
2022-03-30 00:27:49,530.4
2022-03-30 00:27:54,530.5
2022-03-30 00:27:59,530.63
2022-03-30 00:28:04,530.66
2022-03-30 00:28:09,530.79
2022-03-30 00:28:14,530.86
2022-03-30 00:28:19,530.92
2022-03-30 00:28:24,531.02
2022-03-30 00:28:29,531.02
2022-03-30 00:28:34,531.15
2022-03-30 00:28:39,531.24
2022-03-30 00:28:44,531.31
2022-03-30 00:28:49,531.37
2022-03-30 00:28:54,531.47
2022-03-30 00:28:59,531.54
2022-03-30 00:29:04,531.66
2022-03-30 00:29:09,531.76
2022-03-30 00:29:14,531.76
2022-03-30 00:29:19,531.89
2022-03-30 00:29:24,531.96
2022-03-30 00:29:29,532.05
2022-03-30 00:29:34,532.18
2022-03-30 00:29:39,532.28
2022-03-30 00:29:44,532.41
2022-03-30 00:29:49,532.47
2022-03-30 00:29:54,532.57
2022-03-30 00:29:59,532.7
2022-03-30 00:30:04,532.73
2022-03-30 00:30:09,537.71
2022-03-30 00:30:14,532.92
2022-03-30 00:30:19,532.99
2022-03-30 00:30:24,533.15
2022-03-30 00:30:29,533.15
2022-03-30 00:30:34,533.31
2022-03-30 00:30:39,533.37
2022-03-30 00:30:44,533.44
2022-03-30 00:30:49,533.54
2022-03-30 00:30:54,533.67
2022-03-30 00:30:59,533.73
2022-03-30 00:31:04,533.83
2022-03-30 00:31:09,533.96
2022-03-30 00:31:14,533.96
2022-03-30 00:31:19,534.12
2022-03-30 00:31:24,534.18
2022-03-30 00:31:29,534.28
2022-03-30 00:31:34,534.35
2022-03-30 00:31:39,534.41
2022-03-30 00:31:44,534.57
2022-03-30 00:31:49,534.57
2022-03-30 00:31:54,534.7
2022-03-30 00:31:59,534.77
2022-03-30 00:32:04,534.86
2022-03-30 00:32:09,534.93
2022-03-30 00:32:14,535.0
2022-03-30 00:32:19,535.09
2022-03-30 00:32:24,535.16
2022-03-30 00:32:29,535.22
2022-03-30 00:32:34,535.29
2022-03-30 00:32:39,535.39
2022-03-30 00:32:44,535.45
2022-03-30 00:32:49,535.52
2022-03-30 00:32:54,535.68
2022-03-30 00:32:59,535.74
2022-03-30 00:33:04,535.81
2022-03-30 00:33:09,535.97
2022-03-30 00:33:14,536.04
2022-03-30 00:33:19,536.14
2022-03-30 00:33:24,536.2
2022-03-30 00:33:29,536.33
2022-03-30 00:33:34,536.43
2022-03-30 00:33:39,536.55
2022-03-30 00:33:44,536.65
2022-03-30 00:33:49,536.78
2022-03-30 00:33:54,536.85
2022-03-30 00:33:59,536.94
2022-03-30 00:34:04,537.07
2022-03-30 00:34:09,537.17
2022-03-30 00:34:14,537.3
2022-03-30 00:34:19,537.3
2022-03-30 00:34:24,537.4
2022-03-30 00:34:29,537.53
2022-03-30 00:34:34,537.59
2022-03-30 00:34:39,537.66
2022-03-30 00:34:44,537.69
2022-03-30 00:34:49,537.75
2022-03-30 00:34:54,537.89
2022-03-30 00:34:59,537.92
2022-03-30 00:35:04,537.98
2022-03-30 00:35:09,538.04
2022-03-30 00:35:14,538.11
2022-03-30 00:35:19,538.21
2022-03-30 00:35:24,538.27
2022-03-30 00:35:29,538.4
2022-03-30 00:35:34,538.43
2022-03-30 00:35:39,538.56
2022-03-30 00:35:44,538.63
2022-03-30 00:35:49,538.69
2022-03-30 00:35:54,538.73
2022-03-30 00:35:59,538.85
2022-03-30 00:36:04,538.92
2022-03-30 00:36:09,538.95
2022-03-30 00:36:14,539.08
2022-03-30 00:36:19,539.14
2022-03-30 00:36:24,539.21
2022-03-30 00:36:29,539.3
2022-03-30 00:36:34,539.37
2022-03-30 00:36:39,539.46
2022-03-30 00:36:44,539.53
2022-03-30 00:36:49,539.53
2022-03-30 00:36:54,539.59
2022-03-30 00:36:59,539.65
2022-03-30 00:37:04,539.75
2022-03-30 00:37:09,539.75
2022-03-30 00:37:14,539.82
2022-03-30 00:37:19,539.88
2022-03-30 00:37:24,539.94
2022-03-30 00:37:29,539.97
2022-03-30 00:37:34,539.97
2022-03-30 00:37:39,540.04
2022-03-30 00:37:44,540.04
2022-03-30 00:37:49,540.04
2022-03-30 00:37:54,540.04
2022-03-30 00:37:59,540.04
2022-03-30 00:38:04,540.1
2022-03-30 00:38:09,540.1
2022-03-30 00:38:14,540.1
2022-03-30 00:38:19,540.1
2022-03-30 00:38:24,540.16
2022-03-30 00:38:29,540.23
2022-03-30 00:38:34,540.23
2022-03-30 00:38:39,540.22
2022-03-30 00:38:44,540.23
2022-03-30 00:38:49,540.26
2022-03-30 00:38:54,540.26
2022-03-30 00:38:59,540.22
2022-03-30 00:39:04,540.25
2022-03-30 00:39:09,540.26
2022-03-30 00:39:14,540.22
2022-03-30 00:39:19,540.25
2022-03-30 00:39:24,540.25
2022-03-30 00:39:29,540.32
2022-03-30 00:39:34,540.32
2022-03-30 00:39:39,540.22
2022-03-30 00:39:44,540.31
2022-03-30 00:39:49,540.25
2022-03-30 00:39:54,540.31
2022-03-30 00:39:59,540.25
2022-03-30 00:40:04,540.25
2022-03-30 00:40:09,540.22
2022-03-30 00:40:14,540.22
2022-03-30 00:40:19,540.25
2022-03-30 00:40:24,540.25
2022-03-30 00:40:29,540.25
2022-03-30 00:40:34,540.25
2022-03-30 00:40:39,540.25
2022-03-30 00:40:44,540.25
2022-03-30 00:40:49,540.22
2022-03-30 00:40:54,540.25
2022-03-30 00:40:59,540.25
2022-03-30 00:41:04,540.25
2022-03-30 00:41:09,540.25
2022-03-30 00:41:14,537.71
2022-03-30 00:41:19,540.31
2022-03-30 00:41:24,540.31
2022-03-30 00:41:29,540.31
2022-03-30 00:41:34,540.37
2022-03-30 00:41:39,540.37
2022-03-30 00:41:44,540.31
2022-03-30 00:41:49,540.44
2022-03-30 00:41:54,540.37
2022-03-30 00:41:59,540.37
2022-03-30 00:42:04,540.44
2022-03-30 00:42:09,540.44
2022-03-30 00:42:14,540.44
2022-03-30 00:42:19,540.38
2022-03-30 00:42:24,540.37
2022-03-30 00:42:29,540.44
2022-03-30 00:42:34,540.44
2022-03-30 00:42:39,540.38
2022-03-30 00:42:44,540.44
2022-03-30 00:42:49,540.38
2022-03-30 00:42:54,540.38
2022-03-30 00:42:59,540.38
2022-03-30 00:43:04,540.38
2022-03-30 00:43:09,540.38
2022-03-30 00:43:14,540.44
2022-03-30 00:43:19,540.38
2022-03-30 00:43:24,540.38
2022-03-30 00:43:29,540.44
2022-03-30 00:43:34,540.38
2022-03-30 00:43:39,540.44
2022-03-30 00:43:44,540.38
2022-03-30 00:43:49,540.38
2022-03-30 00:43:54,540.45
2022-03-30 00:43:59,540.45
2022-03-30 00:44:04,540.45
2022-03-30 00:44:09,540.48
2022-03-30 00:44:14,540.38
2022-03-30 00:44:19,540.45
2022-03-30 00:44:24,540.45
2022-03-30 00:44:29,540.45
2022-03-30 00:44:34,540.45
2022-03-30 00:44:39,540.45
2022-03-30 00:44:44,540.45
2022-03-30 00:44:49,540.48
2022-03-30 00:44:54,540.45
2022-03-30 00:44:59,540.45
2022-03-30 00:45:04,540.45
2022-03-30 00:45:09,540.48
2022-03-30 00:45:14,537.71
2022-03-30 00:45:19,540.45
2022-03-30 00:45:24,540.45
2022-03-30 00:45:29,540.45
2022-03-30 00:45:34,540.45
2022-03-30 00:45:39,540.45
2022-03-30 00:45:44,540.45
2022-03-30 00:45:49,540.38
2022-03-30 00:45:54,540.38
2022-03-30 00:45:59,540.38
2022-03-30 00:46:04,540.32
2022-03-30 00:46:09,540.31
2022-03-30 00:46:14,540.32
2022-03-30 00:46:19,540.32
2022-03-30 00:46:24,540.25
2022-03-30 00:46:29,540.25
2022-03-30 00:46:34,540.25
2022-03-30 00:46:39,540.22
2022-03-30 00:46:44,540.15
2022-03-30 00:46:49,540.15
2022-03-30 00:46:54,540.09
2022-03-30 00:46:59,540.08
2022-03-30 00:47:04,540.09
2022-03-30 00:47:09,540.02
2022-03-30 00:47:14,540.02
2022-03-30 00:47:19,540.02
2022-03-30 00:47:24,540.02
2022-03-30 00:47:29,540.02
2022-03-30 00:47:34,539.96
2022-03-30 00:47:39,539.95
2022-03-30 00:47:44,539.92
2022-03-30 00:47:49,539.92
2022-03-30 00:47:54,539.92
2022-03-30 00:47:59,539.86
2022-03-30 00:48:04,539.85
2022-03-30 00:48:09,539.85
2022-03-30 00:48:14,539.72
2022-03-30 00:48:19,539.72
2022-03-30 00:48:24,539.79
2022-03-30 00:48:29,539.72
2022-03-30 00:48:34,539.72
2022-03-30 00:48:39,539.72
2022-03-30 00:48:44,539.69
2022-03-30 00:48:49,539.62
2022-03-30 00:48:54,539.62
2022-03-30 00:48:59,539.55
2022-03-30 00:49:04,539.55
2022-03-30 00:49:09,539.55
2022-03-30 00:49:14,539.49
2022-03-30 00:49:19,539.49
2022-03-30 00:49:24,539.42
2022-03-30 00:49:29,539.42
2022-03-30 00:49:34,539.39
2022-03-30 00:49:39,539.32
2022-03-30 00:49:44,539.25
2022-03-30 00:49:49,539.26
2022-03-30 00:49:54,539.19
2022-03-30 00:49:59,539.16
2022-03-30 00:50:04,539.09
2022-03-30 00:50:09,539.03
2022-03-30 00:50:14,538.96
2022-03-30 00:50:19,538.9
2022-03-30 00:50:24,538.86
2022-03-30 00:50:29,538.8
2022-03-30 00:50:34,538.67
2022-03-30 00:50:39,538.64
2022-03-30 00:50:44,538.51
2022-03-30 00:50:49,538.51
2022-03-30 00:50:54,538.38
2022-03-30 00:50:59,538.34
2022-03-30 00:51:04,538.28
2022-03-30 00:51:09,538.15
2022-03-30 00:51:14,538.05
2022-03-30 00:51:19,538.05
2022-03-30 00:51:24,537.93
2022-03-30 00:51:29,537.86
2022-03-30 00:51:34,537.77
2022-03-30 00:51:39,537.64
2022-03-30 00:51:44,537.54
2022-03-30 00:51:49,537.41
2022-03-30 00:51:54,537.31
2022-03-30 00:51:59,537.19
2022-03-30 00:52:04,537.12
2022-03-30 00:52:09,537.02
2022-03-30 00:52:14,536.9
2022-03-30 00:52:19,536.8
2022-03-30 00:52:24,536.67
2022-03-30 00:52:29,536.61
2022-03-30 00:52:34,536.44
2022-03-30 00:52:39,536.38
2022-03-30 00:52:44,536.22
2022-03-30 00:52:49,536.16
2022-03-30 00:52:54,536.06
2022-03-30 00:52:59,535.93
2022-03-30 00:53:04,535.77
2022-03-30 00:53:09,535.64
2022-03-30 00:53:14,535.54
2022-03-30 00:53:19,535.35
2022-03-30 00:53:24,535.29
2022-03-30 00:53:29,535.13
2022-03-30 00:53:34,534.97
2022-03-30 00:53:39,534.9
2022-03-30 00:53:44,534.77
2022-03-30 00:53:49,534.68
2022-03-30 00:53:54,534.55
2022-03-30 00:53:59,534.52
2022-03-30 00:54:04,534.39
2022-03-30 00:54:09,534.32
2022-03-30 00:54:14,534.23
2022-03-30 00:54:19,534.1
2022-03-30 00:54:24,534.1
2022-03-30 00:54:29,534.0
2022-03-30 00:54:34,534.01
2022-03-30 00:54:39,533.88
2022-03-30 00:54:44,533.81
2022-03-30 00:54:49,533.75
2022-03-30 00:54:54,533.65
2022-03-30 00:54:59,533.59
2022-03-30 00:55:04,533.52
2022-03-30 00:55:09,533.49
2022-03-30 00:55:14,533.36
2022-03-30 00:55:19,533.3
2022-03-30 00:55:24,533.3
2022-03-30 00:55:29,533.2
2022-03-30 00:55:34,533.2
2022-03-30 00:55:39,533.14
2022-03-30 00:55:44,533.08
2022-03-30 00:55:49,533.01
2022-03-30 00:55:54,532.98
2022-03-30 00:55:59,532.98
2022-03-30 00:56:04,532.98
2022-03-30 00:56:09,532.85
2022-03-30 00:56:14,532.86
2022-03-30 00:56:19,532.85
2022-03-30 00:56:24,532.79
2022-03-30 00:56:29,532.79
2022-03-30 00:56:34,532.79
2022-03-30 00:56:39,532.73
2022-03-30 00:56:44,532.7
2022-03-30 00:56:49,532.69
2022-03-30 00:56:54,532.7
2022-03-30 00:56:59,532.63
2022-03-30 00:57:04,532.63
2022-03-30 00:57:09,532.57
2022-03-30 00:57:14,532.57
2022-03-30 00:57:19,532.57
2022-03-30 00:57:24,532.57
2022-03-30 00:57:29,532.51
2022-03-30 00:57:34,532.51
2022-03-30 00:57:39,532.51
2022-03-30 00:57:44,532.51
2022-03-30 00:57:49,532.51
2022-03-30 00:57:54,532.51
2022-03-30 00:57:59,532.57
2022-03-30 00:58:04,532.57
2022-03-30 00:58:09,532.57
2022-03-30 00:58:14,532.57
2022-03-30 00:58:19,532.64
2022-03-30 00:58:24,532.64
2022-03-30 00:58:29,532.64
2022-03-30 00:58:34,532.7
2022-03-30 00:58:39,532.7
2022-03-30 00:58:44,532.74
2022-03-30 00:58:49,532.74
2022-03-30 00:58:54,532.74
2022-03-30 00:58:59,532.8
2022-03-30 00:59:04,532.8
2022-03-30 00:59:09,532.87
2022-03-30 00:59:14,532.87
2022-03-30 00:59:19,532.87
2022-03-30 00:59:24,532.87
2022-03-30 00:59:29,532.93
2022-03-30 00:59:34,533.0
2022-03-30 00:59:39,533.03
2022-03-30 00:59:44,533.03
2022-03-30 00:59:49,533.09
2022-03-30 00:59:54,533.1
2022-03-30 00:59:59,533.16
2022-03-30 01:00:04,533.23
2022-03-30 01:00:09,533.26
2022-03-30 01:00:14,533.26
2022-03-30 01:00:19,533.32
2022-03-30 01:00:24,533.32
2022-03-30 01:00:29,533.39
2022-03-30 01:00:34,533.33
2022-03-30 01:00:39,533.39
2022-03-30 01:00:44,533.39
2022-03-30 01:00:49,533.46
2022-03-30 01:00:54,533.4
2022-03-30 01:00:59,533.4
2022-03-30 01:01:04,533.39
2022-03-30 01:01:09,533.4
2022-03-30 01:01:14,533.4
2022-03-30 01:01:19,533.4
2022-03-30 01:01:24,533.33
2022-03-30 01:01:29,533.27
2022-03-30 01:01:34,533.34
2022-03-30 01:01:39,533.27
2022-03-30 01:01:44,533.27
2022-03-30 01:01:49,533.24
2022-03-30 01:01:54,533.18
2022-03-30 01:01:59,533.12
2022-03-30 01:02:04,533.12
2022-03-30 01:02:09,533.05
2022-03-30 01:02:14,533.05
2022-03-30 01:02:19,533.06
2022-03-30 01:02:24,533.02
2022-03-30 01:02:29,533.02
2022-03-30 01:02:34,533.02
2022-03-30 01:02:39,533.03
2022-03-30 01:02:44,532.96
2022-03-30 01:02:49,532.96
2022-03-30 01:02:54,532.96
2022-03-30 01:02:59,532.96
2022-03-30 01:03:04,537.71
2022-03-30 01:03:09,532.96
2022-03-30 01:03:14,533.03
2022-03-30 01:03:19,533.03
2022-03-30 01:03:24,533.03
2022-03-30 01:03:29,533.03
2022-03-30 01:03:34,533.03
2022-03-30 01:03:39,533.03
2022-03-30 01:03:44,533.03
2022-03-30 01:03:49,533.03
2022-03-30 01:03:54,533.06
2022-03-30 01:03:59,533.07
2022-03-30 01:04:04,533.06
2022-03-30 01:04:09,533.07
2022-03-30 01:04:14,533.13
2022-03-30 01:04:19,533.13
2022-03-30 01:04:24,533.13
2022-03-30 01:04:29,533.13
2022-03-30 01:04:34,533.19
2022-03-30 01:04:39,533.19
2022-03-30 01:04:44,533.26
2022-03-30 01:04:49,533.26
2022-03-30 01:04:54,533.29
2022-03-30 01:04:59,533.35
2022-03-30 01:05:04,533.35
2022-03-30 01:05:09,533.35
2022-03-30 01:05:14,533.35
2022-03-30 01:05:19,533.48
2022-03-30 01:05:24,533.48
2022-03-30 01:05:29,533.48
2022-03-30 01:05:34,533.55
2022-03-30 01:05:39,533.58
2022-03-30 01:05:44,533.64
2022-03-30 01:05:49,533.64
2022-03-30 01:05:54,533.71
2022-03-30 01:05:59,533.81
2022-03-30 01:06:04,533.87
2022-03-30 01:06:09,533.87
2022-03-30 01:06:14,533.93
2022-03-30 01:06:19,533.99
2022-03-30 01:06:24,534.06
2022-03-30 01:06:29,534.09
2022-03-30 01:06:34,534.15
2022-03-30 01:06:39,534.22
2022-03-30 01:06:44,534.28
2022-03-30 01:06:49,534.31
2022-03-30 01:06:54,534.38
2022-03-30 01:06:59,534.38
2022-03-30 01:07:04,534.44
2022-03-30 01:07:09,534.57
2022-03-30 01:07:14,534.57
2022-03-30 01:07:19,534.6
2022-03-30 01:07:24,534.6
2022-03-30 01:07:29,534.66
2022-03-30 01:07:34,534.79
2022-03-30 01:07:39,534.82
2022-03-30 01:07:44,534.89
2022-03-30 01:07:49,534.95
2022-03-30 01:07:54,534.95
2022-03-30 01:07:59,535.08
2022-03-30 01:08:04,535.11
2022-03-30 01:08:09,535.17
2022-03-30 01:08:14,535.23
2022-03-30 01:08:19,535.3
2022-03-30 01:08:24,535.33
2022-03-30 01:08:29,535.4
2022-03-30 01:08:34,535.46
2022-03-30 01:08:39,535.52
2022-03-30 01:08:44,535.62
2022-03-30 01:08:49,535.62
2022-03-30 01:08:54,535.68
2022-03-30 01:08:59,535.75
2022-03-30 01:09:04,535.81
2022-03-30 01:09:09,535.84
2022-03-30 01:09:14,535.91
2022-03-30 01:09:19,535.97
2022-03-30 01:09:24,535.97
2022-03-30 01:09:29,536.1
2022-03-30 01:09:34,536.1
2022-03-30 01:09:39,536.13
2022-03-30 01:09:44,536.19
2022-03-30 01:09:49,536.26
2022-03-30 01:09:54,536.32
2022-03-30 01:09:59,536.32
2022-03-30 01:10:04,536.36
2022-03-30 01:10:09,536.42
2022-03-30 01:10:14,536.48
2022-03-30 01:10:19,536.55
2022-03-30 01:10:24,536.55
2022-03-30 01:10:29,536.61
2022-03-30 01:10:34,536.65
2022-03-30 01:10:39,536.71
2022-03-30 01:10:44,536.71
2022-03-30 01:10:49,536.84
2022-03-30 01:10:54,536.87
2022-03-30 01:10:59,536.87
2022-03-30 01:11:04,536.94
2022-03-30 01:11:09,536.94
2022-03-30 01:11:14,537.0
2022-03-30 01:11:19,537.07
2022-03-30 01:11:24,537.07
2022-03-30 01:11:29,537.13
2022-03-30 01:11:34,537.13
2022-03-30 01:11:39,537.16
2022-03-30 01:11:44,537.16
2022-03-30 01:11:49,537.23
2022-03-30 01:11:54,537.23
2022-03-30 01:11:59,537.23
2022-03-30 01:12:04,537.29
2022-03-30 01:12:09,537.29
2022-03-30 01:12:14,537.3
2022-03-30 01:12:19,537.29
2022-03-30 01:12:24,537.29
2022-03-30 01:12:29,537.36
2022-03-30 01:12:34,537.3
2022-03-30 01:12:39,537.29
2022-03-30 01:12:44,537.3
2022-03-30 01:12:49,537.3
2022-03-30 01:12:54,537.3
2022-03-30 01:12:59,537.3
2022-03-30 01:13:04,537.3
2022-03-30 01:13:09,537.3
2022-03-30 01:13:14,537.24
2022-03-30 01:13:19,537.23
2022-03-30 01:13:24,537.23
2022-03-30 01:13:29,537.23
2022-03-30 01:13:34,537.29
2022-03-30 01:13:39,537.3
2022-03-30 01:13:44,537.3
2022-03-30 01:13:49,537.23
2022-03-30 01:13:54,537.23
2022-03-30 01:13:59,537.3
2022-03-30 01:14:04,537.3
2022-03-30 01:14:09,537.3
2022-03-30 01:14:14,537.29
2022-03-30 01:14:19,537.23
2022-03-30 01:14:24,537.29
2022-03-30 01:14:29,537.29
2022-03-30 01:14:34,537.23
2022-03-30 01:14:39,537.23
2022-03-30 01:14:44,537.23
2022-03-30 01:14:49,537.16
2022-03-30 01:14:54,537.13
2022-03-30 01:14:59,537.16
2022-03-30 01:15:04,537.16
2022-03-30 01:15:09,537.13
2022-03-30 01:15:14,537.13
2022-03-30 01:15:19,537.06
2022-03-30 01:15:24,537.0
2022-03-30 01:15:29,537.0
2022-03-30 01:15:34,537.0
2022-03-30 01:15:39,536.93
2022-03-30 01:15:44,537.0
2022-03-30 01:15:49,536.87
2022-03-30 01:15:54,536.87
2022-03-30 01:15:59,536.87
2022-03-30 01:16:04,536.87
2022-03-30 01:16:09,536.83
2022-03-30 01:16:14,536.83
2022-03-30 01:16:19,536.77
2022-03-30 01:16:24,536.76
2022-03-30 01:16:29,536.76
2022-03-30 01:16:34,536.76
2022-03-30 01:16:39,536.76
2022-03-30 01:16:44,536.76
2022-03-30 01:16:49,536.76
2022-03-30 01:16:54,536.76
2022-03-30 01:16:59,536.76
2022-03-30 01:17:04,536.76
2022-03-30 01:17:09,536.82
2022-03-30 01:17:14,536.85
2022-03-30 01:17:19,536.85
2022-03-30 01:17:24,536.85
2022-03-30 01:17:29,536.92
2022-03-30 01:17:34,536.98
2022-03-30 01:17:39,536.98
2022-03-30 01:17:44,537.04
2022-03-30 01:17:49,537.1
2022-03-30 01:17:54,537.1
2022-03-30 01:17:59,537.14
2022-03-30 01:18:04,537.2
2022-03-30 01:18:09,537.26
2022-03-30 01:18:14,537.32
2022-03-30 01:18:19,537.36
2022-03-30 01:18:24,537.36
2022-03-30 01:18:29,537.48
2022-03-30 01:18:34,537.48
2022-03-30 01:18:39,537.54
2022-03-30 01:18:44,537.61
2022-03-30 01:18:49,537.64
2022-03-30 01:18:54,537.7
2022-03-30 01:18:59,537.77
2022-03-30 01:19:04,537.86
2022-03-30 01:19:09,537.93
2022-03-30 01:19:14,537.99
2022-03-30 01:19:19,538.05
2022-03-30 01:19:24,538.12
2022-03-30 01:19:29,538.15
2022-03-30 01:19:34,538.21
2022-03-30 01:19:39,538.28
2022-03-30 01:19:44,538.37
2022-03-30 01:19:49,538.44
2022-03-30 01:19:54,538.5
2022-03-30 01:19:59,538.57
2022-03-30 01:20:04,538.63
2022-03-30 01:20:09,538.66
2022-03-30 01:20:14,538.73
2022-03-30 01:20:19,538.79
2022-03-30 01:20:24,538.86
2022-03-30 01:20:29,538.95
2022-03-30 01:20:34,538.95
2022-03-30 01:20:39,539.02
2022-03-30 01:20:44,539.08
2022-03-30 01:20:49,539.15
2022-03-30 01:20:54,539.14
2022-03-30 01:20:59,539.18
2022-03-30 01:21:04,539.24
2022-03-30 01:21:09,539.31
2022-03-30 01:21:14,539.3
2022-03-30 01:21:19,539.37
2022-03-30 01:21:24,539.4
2022-03-30 01:21:29,539.4
2022-03-30 01:21:34,539.47
2022-03-30 01:21:39,539.53
2022-03-30 01:21:44,539.6
2022-03-30 01:21:49,539.66
2022-03-30 01:21:54,539.69
2022-03-30 01:21:59,539.76
2022-03-30 01:22:04,539.82
2022-03-30 01:22:09,539.89
2022-03-30 01:22:14,539.92
2022-03-30 01:22:19,539.98
2022-03-30 01:22:24,540.05
2022-03-30 01:22:29,540.18
2022-03-30 01:22:34,540.21
2022-03-30 01:22:39,540.21
2022-03-30 01:22:44,540.27
2022-03-30 01:22:49,540.4
2022-03-30 01:22:54,540.5
2022-03-30 01:22:59,540.5
2022-03-30 01:23:04,540.63
2022-03-30 01:23:09,540.69
2022-03-30 01:23:14,540.72
2022-03-30 01:23:19,540.85
2022-03-30 01:23:24,540.92
2022-03-30 01:23:29,540.95
2022-03-30 01:23:34,541.01
2022-03-30 01:23:39,541.08
2022-03-30 01:23:44,541.14
2022-03-30 01:23:49,541.24
2022-03-30 01:23:54,541.3
2022-03-30 01:23:59,541.43
2022-03-30 01:24:04,541.47
2022-03-30 01:24:09,541.53
2022-03-30 01:24:14,541.53
2022-03-30 01:24:19,541.66
2022-03-30 01:24:24,541.72
2022-03-30 01:24:29,541.76
2022-03-30 01:24:34,541.82
2022-03-30 01:24:39,541.88
2022-03-30 01:24:44,541.95
2022-03-30 01:24:49,541.98
2022-03-30 01:24:54,542.04
2022-03-30 01:24:59,542.11
2022-03-30 01:25:04,542.17
2022-03-30 01:25:09,542.23
2022-03-30 01:25:14,542.26
2022-03-30 01:25:19,542.39
2022-03-30 01:25:24,542.45
2022-03-30 01:25:29,542.49
2022-03-30 01:25:34,542.55
2022-03-30 01:25:39,542.62
2022-03-30 01:25:44,542.68
2022-03-30 01:25:49,542.78
2022-03-30 01:25:54,542.84
2022-03-30 01:25:59,542.9
2022-03-30 01:26:04,542.9
2022-03-30 01:26:09,543.0
2022-03-30 01:26:14,543.0
2022-03-30 01:26:19,543.12
2022-03-30 01:26:24,543.12
2022-03-30 01:26:29,543.19
2022-03-30 01:26:34,543.25
2022-03-30 01:26:39,543.28
2022-03-30 01:26:44,543.41
2022-03-30 01:26:49,543.41
2022-03-30 01:26:54,543.41
2022-03-30 01:26:59,543.47
2022-03-30 01:27:04,543.47
2022-03-30 01:27:09,543.5
2022-03-30 01:27:14,543.5
2022-03-30 01:27:19,543.57
2022-03-30 01:27:24,543.57
2022-03-30 01:27:29,543.57
2022-03-30 01:27:34,543.56
2022-03-30 01:27:39,543.63
2022-03-30 01:27:44,543.63
2022-03-30 01:27:49,543.69
2022-03-30 01:27:54,543.69
2022-03-30 01:27:59,543.62
2022-03-30 01:28:04,543.75
2022-03-30 01:28:09,543.69
2022-03-30 01:28:14,543.69
2022-03-30 01:28:19,543.69
2022-03-30 01:28:24,543.69
2022-03-30 01:28:29,543.68
2022-03-30 01:28:34,543.68
2022-03-30 01:28:39,543.62
2022-03-30 01:28:44,543.62
2022-03-30 01:28:49,543.61
2022-03-30 01:28:54,543.61
2022-03-30 01:28:59,543.55
2022-03-30 01:29:04,543.54
2022-03-30 01:29:09,543.48
2022-03-30 01:29:14,543.45
2022-03-30 01:29:19,543.48
2022-03-30 01:29:24,543.45
2022-03-30 01:29:29,543.38
2022-03-30 01:29:34,543.38
2022-03-30 01:29:39,543.32
2022-03-30 01:29:44,543.32
2022-03-30 01:29:49,543.25
2022-03-30 01:29:54,543.25
2022-03-30 01:29:59,543.22
2022-03-30 01:30:04,543.15
2022-03-30 01:30:09,543.09
2022-03-30 01:30:14,543.03
2022-03-30 01:30:19,543.03
2022-03-30 01:30:24,542.93
2022-03-30 01:30:29,542.86
2022-03-30 01:30:34,542.73
2022-03-30 01:30:39,542.7
2022-03-30 01:30:44,542.64
2022-03-30 01:30:49,542.51
2022-03-30 01:30:54,542.35
2022-03-30 01:30:59,542.28
2022-03-30 01:31:04,542.19
2022-03-30 01:31:09,542.12
2022-03-30 01:31:14,542.06
2022-03-30 01:31:19,541.9
2022-03-30 01:31:24,541.83
2022-03-30 01:31:29,541.67
2022-03-30 01:31:34,541.54
2022-03-30 01:31:39,541.41
2022-03-30 01:31:44,541.32
2022-03-30 01:31:49,541.19
2022-03-30 01:31:54,541.09
2022-03-30 01:31:59,540.96
2022-03-30 01:32:04,540.87
2022-03-30 01:32:09,540.74
2022-03-30 01:32:14,540.64
2022-03-30 01:32:19,540.51
2022-03-30 01:32:24,540.39
2022-03-30 01:32:29,540.29
2022-03-30 01:32:34,540.16
2022-03-30 01:32:39,540.06
2022-03-30 01:32:44,539.87
2022-03-30 01:32:49,539.84
2022-03-30 01:32:54,539.71
2022-03-30 01:32:59,539.61
2022-03-30 01:33:04,539.48
2022-03-30 01:33:09,539.42
2022-03-30 01:33:14,539.32
2022-03-30 01:33:19,539.13
2022-03-30 01:33:24,539.04
2022-03-30 01:33:29,538.97
2022-03-30 01:33:34,538.81
2022-03-30 01:33:39,538.74
2022-03-30 01:33:44,538.59
2022-03-30 01:33:49,538.52
2022-03-30 01:33:54,538.39
2022-03-30 01:33:59,538.3
2022-03-30 01:34:04,538.17
2022-03-30 01:34:09,538.07
2022-03-30 01:34:14,537.94
2022-03-30 01:34:19,537.81
2022-03-30 01:34:24,537.72
2022-03-30 01:34:29,537.59
2022-03-30 01:34:34,537.56
2022-03-30 01:34:39,537.42
2022-03-30 01:34:44,537.3
2022-03-30 01:34:49,537.2
2022-03-30 01:34:54,537.07
2022-03-30 01:34:59,536.97
2022-03-30 01:35:04,536.84
2022-03-30 01:35:09,536.75
2022-03-30 01:35:14,536.62
2022-03-30 01:35:19,536.55
2022-03-30 01:35:24,536.46
2022-03-30 01:35:29,536.39
2022-03-30 01:35:34,536.33
2022-03-30 01:35:39,536.23
2022-03-30 01:35:44,536.17
2022-03-30 01:35:49,536.1
2022-03-30 01:35:54,536.0
2022-03-30 01:35:59,536.0
2022-03-30 01:36:04,535.94
2022-03-30 01:36:09,535.81
2022-03-30 01:36:14,535.81
2022-03-30 01:36:19,535.75
2022-03-30 01:36:24,535.71
2022-03-30 01:36:29,535.71
2022-03-30 01:36:34,535.64
2022-03-30 01:36:39,535.71
2022-03-30 01:36:44,535.64
2022-03-30 01:36:49,535.58
2022-03-30 01:36:54,535.58
2022-03-30 01:36:59,535.58
2022-03-30 01:37:04,535.58
2022-03-30 01:37:09,535.58
2022-03-30 01:37:14,535.58
2022-03-30 01:37:19,535.58
2022-03-30 01:37:24,535.57
2022-03-30 01:37:29,535.57
2022-03-30 01:37:34,535.57
2022-03-30 01:37:39,535.57
2022-03-30 01:37:44,535.57
2022-03-30 01:37:49,535.63
2022-03-30 01:37:54,535.63
2022-03-30 01:37:59,535.63
2022-03-30 01:38:04,535.63
2022-03-30 01:38:09,535.69
2022-03-30 01:38:14,535.69
2022-03-30 01:38:19,535.73
2022-03-30 01:38:24,535.72
2022-03-30 01:38:29,535.72
2022-03-30 01:38:34,535.79
2022-03-30 01:38:39,535.85
2022-03-30 01:38:44,535.85
2022-03-30 01:38:49,535.85
2022-03-30 01:38:54,535.91
2022-03-30 01:38:59,536.01
2022-03-30 01:39:04,536.01
2022-03-30 01:39:09,536.0
2022-03-30 01:39:14,536.13
2022-03-30 01:39:19,536.13
2022-03-30 01:39:24,536.19
2022-03-30 01:39:29,536.29
2022-03-30 01:39:34,536.35
2022-03-30 01:39:39,536.35
2022-03-30 01:39:44,536.42
2022-03-30 01:39:49,536.51
2022-03-30 01:39:54,536.51
2022-03-30 01:39:59,536.64
2022-03-30 01:40:04,536.64
2022-03-30 01:40:09,536.74
2022-03-30 01:40:14,536.8
2022-03-30 01:40:19,536.86
2022-03-30 01:40:24,536.93
2022-03-30 01:40:29,536.99
2022-03-30 01:40:34,537.09
2022-03-30 01:40:39,537.15
2022-03-30 01:40:44,537.25
2022-03-30 01:40:49,537.25
2022-03-30 01:40:54,537.38
2022-03-30 01:40:59,537.44
2022-03-30 01:41:04,537.5
2022-03-30 01:41:09,537.6
2022-03-30 01:41:14,537.67
2022-03-30 01:41:19,537.67
2022-03-30 01:41:24,537.76
2022-03-30 01:41:29,537.76
2022-03-30 01:41:34,537.89
2022-03-30 01:41:39,537.96
2022-03-30 01:41:44,538.02
2022-03-30 01:41:49,538.12
2022-03-30 01:41:54,538.18
2022-03-30 01:41:59,538.25
2022-03-30 01:42:04,538.28
2022-03-30 01:42:09,538.28
2022-03-30 01:42:14,538.41
2022-03-30 01:42:19,538.53
2022-03-30 01:42:24,538.53
2022-03-30 01:42:29,538.63
2022-03-30 01:42:34,538.63
2022-03-30 01:42:39,538.7
2022-03-30 01:42:44,538.76
2022-03-30 01:42:49,538.8
2022-03-30 01:42:54,538.86
2022-03-30 01:42:59,538.92
2022-03-30 01:43:04,538.86
2022-03-30 01:43:09,538.92
2022-03-30 01:43:14,538.92
2022-03-30 01:43:19,538.99
2022-03-30 01:43:24,539.05
2022-03-30 01:43:29,539.05
2022-03-30 01:43:34,539.06
2022-03-30 01:43:39,539.09
2022-03-30 01:43:44,539.09
2022-03-30 01:43:49,539.15
2022-03-30 01:43:54,539.15
2022-03-30 01:43:59,539.22
2022-03-30 01:44:04,539.22
2022-03-30 01:44:09,539.22
2022-03-30 01:44:14,539.28
2022-03-30 01:44:19,539.28
2022-03-30 01:44:24,539.28
2022-03-30 01:44:29,539.32
2022-03-30 01:44:34,539.32
2022-03-30 01:44:39,539.32
2022-03-30 01:44:44,539.32
2022-03-30 01:44:49,539.38
2022-03-30 01:44:54,539.32
2022-03-30 01:44:59,539.38
2022-03-30 01:45:04,539.39
2022-03-30 01:45:09,539.39
2022-03-30 01:45:14,539.32
2022-03-30 01:45:19,539.32
2022-03-30 01:45:24,539.39
2022-03-30 01:45:29,539.39
2022-03-30 01:45:34,539.39
2022-03-30 01:45:39,539.39
2022-03-30 01:45:44,539.32
2022-03-30 01:45:49,539.32
2022-03-30 01:45:54,539.39
2022-03-30 01:45:59,539.39
2022-03-30 01:46:04,539.33
2022-03-30 01:46:09,539.33
2022-03-30 01:46:14,539.33
2022-03-30 01:46:19,539.29
2022-03-30 01:46:24,539.29
2022-03-30 01:46:29,539.3
2022-03-30 01:46:34,539.3
2022-03-30 01:46:39,539.17
2022-03-30 01:46:44,539.17
2022-03-30 01:46:49,539.1
2022-03-30 01:46:54,539.11
2022-03-30 01:46:59,539.07
2022-03-30 01:47:04,539.07
2022-03-30 01:47:09,539.01
2022-03-30 01:47:14,538.94
2022-03-30 01:47:19,538.95
2022-03-30 01:47:24,538.82
2022-03-30 01:47:29,538.79
2022-03-30 01:47:34,538.79
2022-03-30 01:47:39,538.66
2022-03-30 01:47:44,538.66
2022-03-30 01:47:49,538.59
2022-03-30 01:47:54,538.56
2022-03-30 01:47:59,538.5
2022-03-30 01:48:04,538.43
2022-03-30 01:48:09,538.37
2022-03-30 01:48:14,538.31
2022-03-30 01:48:19,538.28
2022-03-30 01:48:24,538.21
2022-03-30 01:48:29,538.08
2022-03-30 01:48:34,538.08
2022-03-30 01:48:39,538.05
2022-03-30 01:48:44,537.92
2022-03-30 01:48:49,537.92
2022-03-30 01:48:54,537.86
2022-03-30 01:48:59,537.79
2022-03-30 01:49:04,537.76
2022-03-30 01:49:09,537.7
2022-03-30 01:49:14,537.64
2022-03-30 01:49:19,537.54
2022-03-30 01:49:24,537.47
2022-03-30 01:49:29,537.41
2022-03-30 01:49:34,537.35
2022-03-30 01:49:39,537.28
2022-03-30 01:49:44,537.25
2022-03-30 01:49:49,537.19
2022-03-30 01:49:54,537.12
2022-03-30 01:49:59,537.06
2022-03-30 01:50:04,537.03
2022-03-30 01:50:09,536.97
2022-03-30 01:50:14,536.9
2022-03-30 01:50:19,536.84
2022-03-30 01:50:24,536.77
2022-03-30 01:50:29,536.74
2022-03-30 01:50:34,536.68
2022-03-30 01:50:39,536.62
2022-03-30 01:50:44,536.55
2022-03-30 01:50:49,536.55
2022-03-30 01:50:54,536.46
2022-03-30 01:50:59,536.46
2022-03-30 01:51:04,536.39
2022-03-30 01:51:09,536.27
2022-03-30 01:51:14,536.27
2022-03-30 01:51:19,536.17
2022-03-30 01:51:24,536.1
2022-03-30 01:51:29,536.04
2022-03-30 01:51:34,536.04
2022-03-30 01:51:39,536.01
2022-03-30 01:51:44,535.95
2022-03-30 01:51:49,535.89
2022-03-30 01:51:54,535.89
2022-03-30 01:51:59,535.82
2022-03-30 01:52:04,535.76
2022-03-30 01:52:09,535.73
2022-03-30 01:52:14,535.73
2022-03-30 01:52:19,535.73
2022-03-30 01:52:24,535.67
2022-03-30 01:52:29,535.67
2022-03-30 01:52:34,535.61
2022-03-30 01:52:39,535.61
2022-03-30 01:52:44,535.51
2022-03-30 01:52:49,535.51
2022-03-30 01:52:54,535.51
2022-03-30 01:52:59,535.45
2022-03-30 01:53:04,535.45
2022-03-30 01:53:09,535.39
2022-03-30 01:53:14,535.39
2022-03-30 01:53:19,535.39
2022-03-30 01:53:24,535.33
2022-03-30 01:53:29,535.26
2022-03-30 01:53:34,535.26
2022-03-30 01:53:39,535.23
2022-03-30 01:53:44,535.23
2022-03-30 01:53:49,535.26
2022-03-30 01:53:54,535.17
2022-03-30 01:53:59,535.23
2022-03-30 01:54:04,535.17
2022-03-30 01:54:09,535.17
2022-03-30 01:54:14,535.17
2022-03-30 01:54:19,535.17
2022-03-30 01:54:24,535.17
2022-03-30 01:54:29,535.1
2022-03-30 01:54:34,535.11
2022-03-30 01:54:39,535.11
2022-03-30 01:54:44,535.1
2022-03-30 01:54:49,535.11
2022-03-30 01:54:54,535.04
2022-03-30 01:54:59,535.11
2022-03-30 01:55:04,535.04
2022-03-30 01:55:09,535.04
2022-03-30 01:55:14,535.01
2022-03-30 01:55:19,535.01
2022-03-30 01:55:24,535.01
2022-03-30 01:55:29,534.94
2022-03-30 01:55:34,535.01
2022-03-30 01:55:39,535.01
2022-03-30 01:55:44,534.94
2022-03-30 01:55:49,534.94
2022-03-30 01:55:54,535.01
2022-03-30 01:55:59,534.94
2022-03-30 01:56:04,534.94
2022-03-30 01:56:09,534.94
2022-03-30 01:56:14,534.94
2022-03-30 01:56:19,534.88
2022-03-30 01:56:24,534.88
2022-03-30 01:56:29,534.88
2022-03-30 01:56:34,534.88
2022-03-30 01:56:39,534.81
2022-03-30 01:56:44,534.88
2022-03-30 01:56:49,534.81
2022-03-30 01:56:54,534.81
2022-03-30 01:56:59,534.75
2022-03-30 01:57:04,534.75
2022-03-30 01:57:09,534.71
2022-03-30 01:57:14,534.75
2022-03-30 01:57:19,534.71
2022-03-30 01:57:24,534.74
2022-03-30 01:57:29,534.71
2022-03-30 01:57:34,534.71
2022-03-30 01:57:39,534.74
2022-03-30 01:57:44,534.74
2022-03-30 01:57:49,534.74
2022-03-30 01:57:54,534.71
2022-03-30 01:57:59,534.71
2022-03-30 01:58:04,534.74
2022-03-30 01:58:09,534.71
2022-03-30 01:58:14,534.7
2022-03-30 01:58:19,534.7
2022-03-30 01:58:24,534.74
2022-03-30 01:58:29,534.74
2022-03-30 01:58:34,534.74
2022-03-30 01:58:39,534.74
2022-03-30 01:58:44,534.74
2022-03-30 01:58:49,534.8
2022-03-30 01:58:54,534.8
2022-03-30 01:58:59,534.87
2022-03-30 01:59:04,534.86
2022-03-30 01:59:09,534.87
2022-03-30 01:59:14,534.93
2022-03-30 01:59:19,534.93
2022-03-30 01:59:24,534.93
2022-03-30 01:59:29,534.93
2022-03-30 01:59:34,534.99
2022-03-30 01:59:39,535.03
2022-03-30 01:59:44,535.09
2022-03-30 01:59:49,535.09
2022-03-30 01:59:54,535.15
2022-03-30 01:59:59,535.22
2022-03-30 02:00:04,535.22
2022-03-30 02:00:09,535.25
2022-03-30 02:00:14,535.31
2022-03-30 02:00:19,535.44
2022-03-30 02:00:24,535.44
2022-03-30 02:00:29,535.51
2022-03-30 02:00:34,535.54
2022-03-30 02:00:39,535.54
2022-03-30 02:00:44,535.67
2022-03-30 02:00:49,535.67
2022-03-30 02:00:54,535.73
2022-03-30 02:00:59,535.77
2022-03-30 02:01:04,535.83
2022-03-30 02:01:09,535.83
2022-03-30 02:01:14,535.96
2022-03-30 02:01:19,536.03
2022-03-30 02:01:24,536.06
2022-03-30 02:01:29,536.06
2022-03-30 02:01:34,536.12
2022-03-30 02:01:39,536.19
2022-03-30 02:01:44,536.19
2022-03-30 02:01:49,536.29
2022-03-30 02:01:54,536.35
2022-03-30 02:01:59,536.41
2022-03-30 02:02:04,536.48
2022-03-30 02:02:09,536.55
2022-03-30 02:02:14,536.58
2022-03-30 02:02:19,536.65
2022-03-30 02:02:24,536.71
2022-03-30 02:02:29,536.77
2022-03-30 02:02:34,536.81
2022-03-30 02:02:39,536.81
2022-03-30 02:02:44,536.87
2022-03-30 02:02:49,537.0
2022-03-30 02:02:54,537.0
2022-03-30 02:02:59,537.1
2022-03-30 02:03:04,537.1
2022-03-30 02:03:09,537.16
2022-03-30 02:03:14,537.23
2022-03-30 02:03:19,537.29
2022-03-30 02:03:24,537.33
2022-03-30 02:03:29,537.39
2022-03-30 02:03:34,537.39
2022-03-30 02:03:39,537.52
2022-03-30 02:03:44,537.58
2022-03-30 02:03:49,537.61
2022-03-30 02:03:54,537.68
2022-03-30 02:03:59,537.68
2022-03-30 02:04:04,537.74
2022-03-30 02:04:09,537.81
2022-03-30 02:04:14,537.84
2022-03-30 02:04:19,537.84
2022-03-30 02:04:24,537.9
2022-03-30 02:04:29,537.9
2022-03-30 02:04:34,538.03
2022-03-30 02:04:39,538.03
2022-03-30 02:04:44,538.1
2022-03-30 02:04:49,538.1
2022-03-30 02:04:54,538.13
2022-03-30 02:04:59,538.19
2022-03-30 02:05:04,538.26
2022-03-30 02:05:09,538.32
2022-03-30 02:05:14,538.32
2022-03-30 02:05:19,538.35
2022-03-30 02:05:24,538.42
2022-03-30 02:05:29,538.48
2022-03-30 02:05:34,538.54
2022-03-30 02:05:39,538.61
2022-03-30 02:05:44,538.61
2022-03-30 02:05:49,538.71
2022-03-30 02:05:54,538.77
2022-03-30 02:05:59,538.83
2022-03-30 02:06:04,538.83
2022-03-30 02:06:09,538.86
2022-03-30 02:06:14,538.93
2022-03-30 02:06:19,538.99
2022-03-30 02:06:24,539.06
2022-03-30 02:06:29,539.05
2022-03-30 02:06:34,539.12
2022-03-30 02:06:39,539.15
2022-03-30 02:06:44,539.15
2022-03-30 02:06:49,539.28
2022-03-30 02:06:54,539.28
2022-03-30 02:06:59,539.34
2022-03-30 02:07:04,539.37
2022-03-30 02:07:09,539.37
2022-03-30 02:07:14,539.43
2022-03-30 02:07:19,539.49
2022-03-30 02:07:24,539.56
2022-03-30 02:07:29,539.65
2022-03-30 02:07:34,539.65
2022-03-30 02:07:39,539.72
2022-03-30 02:07:44,539.72
2022-03-30 02:07:49,539.78
2022-03-30 02:07:54,539.84
2022-03-30 02:07:59,539.94
2022-03-30 02:08:04,540.01
2022-03-30 02:08:09,539.94
2022-03-30 02:08:14,540.06
2022-03-30 02:08:19,540.13
2022-03-30 02:08:24,540.13
2022-03-30 02:08:29,540.16
2022-03-30 02:08:34,540.16
2022-03-30 02:08:39,540.16
2022-03-30 02:08:44,540.22
2022-03-30 02:08:49,540.16
2022-03-30 02:08:54,540.22
2022-03-30 02:08:59,540.22
2022-03-30 02:09:04,540.22
2022-03-30 02:09:09,540.28
2022-03-30 02:09:14,540.22
2022-03-30 02:09:19,540.22
2022-03-30 02:09:24,540.22
2022-03-30 02:09:29,540.22
2022-03-30 02:09:34,540.15
2022-03-30 02:09:39,540.15
2022-03-30 02:09:44,540.12
2022-03-30 02:09:49,540.12
2022-03-30 02:09:54,540.12
2022-03-30 02:09:59,540.12
2022-03-30 02:10:04,540.05
2022-03-30 02:10:09,539.99
2022-03-30 02:10:14,539.99
2022-03-30 02:10:19,539.92
2022-03-30 02:10:24,539.92
2022-03-30 02:10:29,539.86
2022-03-30 02:10:34,539.86
2022-03-30 02:10:39,539.83
2022-03-30 02:10:44,539.83
2022-03-30 02:10:49,539.76
2022-03-30 02:10:54,539.64
2022-03-30 02:10:59,539.6
2022-03-30 02:11:04,539.6
2022-03-30 02:11:09,539.48
2022-03-30 02:11:14,539.41
2022-03-30 02:11:19,539.34
2022-03-30 02:11:24,539.31
2022-03-30 02:11:29,539.18
2022-03-30 02:11:34,539.12
2022-03-30 02:11:39,539.09
2022-03-30 02:11:44,539.03
2022-03-30 02:11:49,538.96
2022-03-30 02:11:54,538.83
2022-03-30 02:11:59,538.74
2022-03-30 02:12:04,538.67
2022-03-30 02:12:09,538.57
2022-03-30 02:12:14,538.45
2022-03-30 02:12:19,538.38
2022-03-30 02:12:24,538.29
2022-03-30 02:12:29,538.16
2022-03-30 02:12:34,538.1
2022-03-30 02:12:39,537.93
2022-03-30 02:12:44,537.87
2022-03-30 02:12:49,537.77
2022-03-30 02:12:54,537.64
2022-03-30 02:12:59,537.55
2022-03-30 02:13:04,537.42
2022-03-30 02:13:09,537.35
2022-03-30 02:13:14,537.19
2022-03-30 02:13:19,537.06
2022-03-30 02:13:24,536.97
2022-03-30 02:13:29,536.84
2022-03-30 02:13:34,536.74
2022-03-30 02:13:39,536.55
2022-03-30 02:13:44,536.45
2022-03-30 02:13:49,536.33
2022-03-30 02:13:54,536.23
2022-03-30 02:13:59,536.1
2022-03-30 02:14:04,536.0
2022-03-30 02:14:09,535.87
2022-03-30 02:14:14,535.71
2022-03-30 02:14:19,535.58
2022-03-30 02:14:24,535.49
2022-03-30 02:14:29,535.36
2022-03-30 02:14:34,535.23
2022-03-30 02:14:39,535.2
2022-03-30 02:14:44,535.0
2022-03-30 02:14:49,534.91
2022-03-30 02:14:54,534.84
2022-03-30 02:14:59,534.71
2022-03-30 02:15:04,534.55
2022-03-30 02:15:09,534.49
2022-03-30 02:15:14,534.39
2022-03-30 02:15:19,534.32
2022-03-30 02:15:24,534.16
2022-03-30 02:15:29,534.16
2022-03-30 02:15:34,534.03
2022-03-30 02:15:39,533.94
2022-03-30 02:15:44,533.94
2022-03-30 02:15:49,533.81
2022-03-30 02:15:54,533.74
2022-03-30 02:15:59,533.68
2022-03-30 02:16:04,533.58
2022-03-30 02:16:09,533.52
2022-03-30 02:16:14,533.52
2022-03-30 02:16:19,533.35
2022-03-30 02:16:24,533.42
2022-03-30 02:16:29,533.36
2022-03-30 02:16:34,533.29
2022-03-30 02:16:39,533.22
2022-03-30 02:16:44,533.16
2022-03-30 02:16:49,533.16
2022-03-30 02:16:54,533.13
2022-03-30 02:16:59,533.12
2022-03-30 02:17:04,533.06
2022-03-30 02:17:09,533.06
2022-03-30 02:17:14,533.06
2022-03-30 02:17:19,532.99
2022-03-30 02:17:24,532.99
2022-03-30 02:17:29,532.9
2022-03-30 02:17:34,532.9
2022-03-30 02:17:39,532.9
2022-03-30 02:17:44,532.89
2022-03-30 02:17:49,532.89
2022-03-30 02:17:54,532.89
2022-03-30 02:17:59,532.83
2022-03-30 02:18:04,532.76
2022-03-30 02:18:09,532.76
2022-03-30 02:18:14,532.76
2022-03-30 02:18:19,532.76
2022-03-30 02:18:24,532.75
2022-03-30 02:18:29,532.75
2022-03-30 02:18:34,532.75
2022-03-30 02:18:39,532.75
2022-03-30 02:18:44,532.75
2022-03-30 02:18:49,532.75
2022-03-30 02:18:54,532.75
2022-03-30 02:18:59,532.82
2022-03-30 02:19:04,532.82
2022-03-30 02:19:09,532.88
2022-03-30 02:19:14,532.88
2022-03-30 02:19:19,532.91
2022-03-30 02:19:24,532.98
2022-03-30 02:19:29,533.04
2022-03-30 02:19:34,533.04
2022-03-30 02:19:39,533.14
2022-03-30 02:19:44,533.2
2022-03-30 02:19:49,533.26
2022-03-30 02:19:54,533.33
2022-03-30 02:19:59,533.39
2022-03-30 02:20:04,533.49
2022-03-30 02:20:09,533.55
2022-03-30 02:20:14,533.65
2022-03-30 02:20:19,533.72
2022-03-30 02:20:24,533.85
2022-03-30 02:20:29,533.94
2022-03-30 02:20:34,534.0
2022-03-30 02:20:39,534.16
2022-03-30 02:20:44,534.23
2022-03-30 02:20:49,534.42
2022-03-30 02:20:54,534.45
2022-03-30 02:20:59,534.65
2022-03-30 02:21:04,534.75
2022-03-30 02:21:09,534.87
2022-03-30 02:21:14,534.94
2022-03-30 02:21:19,535.1
2022-03-30 02:21:24,535.17
2022-03-30 02:21:29,535.33
2022-03-30 02:21:34,535.49
2022-03-30 02:21:39,535.62
2022-03-30 02:21:44,535.71
2022-03-30 02:21:49,535.84
2022-03-30 02:21:54,535.97
2022-03-30 02:21:59,536.13
2022-03-30 02:22:04,536.2
2022-03-30 02:22:09,536.36
2022-03-30 02:22:14,536.49
2022-03-30 02:22:19,536.59
2022-03-30 02:22:24,536.65
2022-03-30 02:22:29,536.81
2022-03-30 02:22:34,536.88
2022-03-30 02:22:39,536.94
2022-03-30 02:22:44,537.1
2022-03-30 02:22:49,537.17
2022-03-30 02:22:54,537.27
2022-03-30 02:22:59,537.33
2022-03-30 02:23:04,537.46
2022-03-30 02:23:09,537.53
2022-03-30 02:23:14,537.62
2022-03-30 02:23:19,537.75
2022-03-30 02:23:24,537.79
2022-03-30 02:23:29,537.92
2022-03-30 02:23:34,538.04
2022-03-30 02:23:39,538.14
2022-03-30 02:23:44,538.27
2022-03-30 02:23:49,538.3
2022-03-30 02:23:54,538.43
2022-03-30 02:23:59,538.56
2022-03-30 02:24:04,538.59
2022-03-30 02:24:09,538.73
2022-03-30 02:24:14,538.82
2022-03-30 02:24:19,538.95
2022-03-30 02:24:24,539.02
2022-03-30 02:24:29,539.11
2022-03-30 02:24:34,539.18
2022-03-30 02:24:39,539.25
2022-03-30 02:24:44,539.34
2022-03-30 02:24:49,539.47
2022-03-30 02:24:54,539.6
2022-03-30 02:24:59,539.63
2022-03-30 02:25:04,539.76
2022-03-30 02:25:09,539.86
2022-03-30 02:25:14,539.99
2022-03-30 02:25:19,539.99
2022-03-30 02:25:24,540.15
2022-03-30 02:25:29,540.22
2022-03-30 02:25:34,540.28
2022-03-30 02:25:39,540.35
2022-03-30 02:25:44,540.44
2022-03-30 02:25:49,540.57
2022-03-30 02:25:54,540.64
2022-03-30 02:25:59,540.73
2022-03-30 02:26:04,540.8
2022-03-30 02:26:09,540.87
2022-03-30 02:26:14,540.9
2022-03-30 02:26:19,541.03
2022-03-30 02:26:24,541.03
2022-03-30 02:26:29,541.09
2022-03-30 02:26:34,541.16
2022-03-30 02:26:39,541.25
2022-03-30 02:26:44,541.26
2022-03-30 02:26:49,541.32
2022-03-30 02:26:54,541.38
2022-03-30 02:26:59,541.42
2022-03-30 02:27:04,541.42
2022-03-30 02:27:09,541.48
2022-03-30 02:27:14,541.55
2022-03-30 02:27:19,541.55
2022-03-30 02:27:24,541.55
2022-03-30 02:27:29,541.55
2022-03-30 02:27:34,541.55
2022-03-30 02:27:39,541.55
2022-03-30 02:27:44,541.55
2022-03-30 02:27:49,541.55
2022-03-30 02:27:54,541.55
2022-03-30 02:27:59,541.55
2022-03-30 02:28:04,541.49
2022-03-30 02:28:09,541.42
2022-03-30 02:28:14,541.43
2022-03-30 02:28:19,541.39
2022-03-30 02:28:24,541.33
2022-03-30 02:28:29,541.27
2022-03-30 02:28:34,541.2
2022-03-30 02:28:39,541.17
2022-03-30 02:28:44,541.11
2022-03-30 02:28:49,541.04
2022-03-30 02:28:54,540.92
2022-03-30 02:28:59,540.88
2022-03-30 02:29:04,540.76
2022-03-30 02:29:09,540.76
2022-03-30 02:29:14,540.66
2022-03-30 02:29:19,540.53
2022-03-30 02:29:24,540.47
2022-03-30 02:29:29,540.31
2022-03-30 02:29:34,540.25
2022-03-30 02:29:39,540.15
2022-03-30 02:29:44,540.09
2022-03-30 02:29:49,539.89
2022-03-30 02:29:54,539.8
2022-03-30 02:29:59,539.67
2022-03-30 02:30:04,539.58
2022-03-30 02:30:09,539.45
2022-03-30 02:30:14,539.29
2022-03-30 02:30:19,539.22
2022-03-30 02:30:24,539.06
2022-03-30 02:30:29,538.94
2022-03-30 02:30:34,538.87
2022-03-30 02:30:39,538.72
2022-03-30 02:30:44,538.62
2022-03-30 02:30:49,538.49
2022-03-30 02:30:54,538.33
2022-03-30 02:30:59,538.27
2022-03-30 02:31:04,538.14
2022-03-30 02:31:09,537.98
2022-03-30 02:31:14,537.85
2022-03-30 02:31:19,537.76
2022-03-30 02:31:24,537.6
2022-03-30 02:31:29,537.53
2022-03-30 02:31:34,537.41
2022-03-30 02:31:39,537.25
2022-03-30 02:31:44,537.12
2022-03-30 02:31:49,537.09
2022-03-30 02:31:54,536.9
2022-03-30 02:31:59,536.8
2022-03-30 02:32:04,536.73
2022-03-30 02:32:09,536.61
2022-03-30 02:32:14,536.51
2022-03-30 02:32:19,536.38
2022-03-30 02:32:24,536.32
2022-03-30 02:32:29,536.29
2022-03-30 02:32:34,536.16
2022-03-30 02:32:39,536.06
2022-03-30 02:32:44,536.0
2022-03-30 02:32:49,535.87
2022-03-30 02:32:54,535.81
2022-03-30 02:32:59,535.71
2022-03-30 02:33:04,535.71
2022-03-30 02:33:09,535.55
2022-03-30 02:33:14,535.48
2022-03-30 02:33:19,535.48
2022-03-30 02:33:24,535.36
2022-03-30 02:33:29,535.29
2022-03-30 02:33:34,535.19
2022-03-30 02:33:39,535.13
2022-03-30 02:33:44,535.07
2022-03-30 02:33:49,534.97
2022-03-30 02:33:54,534.91
2022-03-30 02:33:59,534.91
2022-03-30 02:34:04,534.78
2022-03-30 02:34:09,534.78
2022-03-30 02:34:14,534.68
2022-03-30 02:34:19,534.62
2022-03-30 02:34:24,534.62
2022-03-30 02:34:29,534.52
2022-03-30 02:34:34,534.52
2022-03-30 02:34:39,534.46
2022-03-30 02:34:44,534.46
2022-03-30 02:34:49,534.46
2022-03-30 02:34:54,534.33
2022-03-30 02:34:59,534.33
2022-03-30 02:35:04,534.33
2022-03-30 02:35:09,534.26
2022-03-30 02:35:14,534.26
2022-03-30 02:35:19,534.23
2022-03-30 02:35:24,534.23
2022-03-30 02:35:29,534.23
2022-03-30 02:35:34,534.17
2022-03-30 02:35:39,534.16
2022-03-30 02:35:44,534.16
2022-03-30 02:35:49,534.16
2022-03-30 02:35:54,534.16
2022-03-30 02:35:59,534.1
2022-03-30 02:36:04,534.1
2022-03-30 02:36:09,534.1
2022-03-30 02:36:14,534.1
2022-03-30 02:36:19,534.1
2022-03-30 02:36:24,534.09
2022-03-30 02:36:29,534.1
2022-03-30 02:36:34,534.09
2022-03-30 02:36:39,534.16
2022-03-30 02:36:44,534.09
2022-03-30 02:36:49,534.16
2022-03-30 02:36:54,534.16
2022-03-30 02:36:59,534.16
2022-03-30 02:37:04,534.22
2022-03-30 02:37:09,534.25
2022-03-30 02:37:14,534.25
2022-03-30 02:37:19,534.25
2022-03-30 02:37:24,534.32
2022-03-30 02:37:29,534.32
2022-03-30 02:37:34,534.44
2022-03-30 02:37:39,534.44
2022-03-30 02:37:44,534.51
2022-03-30 02:37:49,534.54
2022-03-30 02:37:54,534.54
2022-03-30 02:37:59,534.67
2022-03-30 02:38:04,534.73
2022-03-30 02:38:09,534.77
2022-03-30 02:38:14,534.9
2022-03-30 02:38:19,534.96
2022-03-30 02:38:24,535.02
2022-03-30 02:38:29,535.12
2022-03-30 02:38:34,535.19
2022-03-30 02:38:39,535.25
2022-03-30 02:38:44,535.35
2022-03-30 02:38:49,535.47
2022-03-30 02:38:54,535.54
2022-03-30 02:38:59,535.64
2022-03-30 02:39:04,535.7
2022-03-30 02:39:09,535.76
2022-03-30 02:39:14,535.86
2022-03-30 02:39:19,535.93
2022-03-30 02:39:24,535.99
2022-03-30 02:39:29,536.09
2022-03-30 02:39:34,536.15
2022-03-30 02:39:39,536.22
2022-03-30 02:39:44,536.28
2022-03-30 02:39:49,536.31
2022-03-30 02:39:54,536.44
2022-03-30 02:39:59,536.51
2022-03-30 02:40:04,536.57
2022-03-30 02:40:09,536.61
2022-03-30 02:40:14,536.67
2022-03-30 02:40:19,536.8
2022-03-30 02:40:24,536.9
2022-03-30 02:40:29,536.96
2022-03-30 02:40:34,536.96
2022-03-30 02:40:39,537.03
2022-03-30 02:40:44,537.12
2022-03-30 02:40:49,537.13
2022-03-30 02:40:54,537.19
2022-03-30 02:40:59,537.26
2022-03-30 02:41:04,537.26
2022-03-30 02:41:09,537.32
2022-03-30 02:41:14,537.32
2022-03-30 02:41:19,537.35
2022-03-30 02:41:24,537.42
2022-03-30 02:41:29,537.48
2022-03-30 02:41:34,537.48
2022-03-30 02:41:39,537.48
2022-03-30 02:41:44,537.55
2022-03-30 02:41:49,537.61
2022-03-30 02:41:54,537.65
2022-03-30 02:41:59,537.65
2022-03-30 02:42:04,537.61
2022-03-30 02:42:09,537.71
2022-03-30 02:42:14,537.77
2022-03-30 02:42:19,537.77
2022-03-30 02:42:24,537.84
2022-03-30 02:42:29,537.84
2022-03-30 02:42:34,537.84
2022-03-30 02:42:39,537.87
2022-03-30 02:42:44,537.87
2022-03-30 02:42:49,537.87
2022-03-30 02:42:54,537.94
2022-03-30 02:42:59,537.94
2022-03-30 02:43:04,538.0
2022-03-30 02:43:09,537.94
2022-03-30 02:43:14,538.07
2022-03-30 02:43:19,538.06
2022-03-30 02:43:24,538.06
2022-03-30 02:43:29,538.13
2022-03-30 02:43:34,538.16
2022-03-30 02:43:39,538.16
2022-03-30 02:43:44,538.23
2022-03-30 02:43:49,538.29
2022-03-30 02:43:54,538.29
2022-03-30 02:43:59,538.39
2022-03-30 02:44:04,538.38
2022-03-30 02:44:09,538.45
2022-03-30 02:44:14,538.51
2022-03-30 02:44:19,538.58
2022-03-30 02:44:24,538.58
2022-03-30 02:44:29,538.64
2022-03-30 02:44:34,538.67
2022-03-30 02:44:39,538.67
2022-03-30 02:44:44,538.8
2022-03-30 02:44:49,538.86
2022-03-30 02:44:54,538.89
2022-03-30 02:44:59,538.89
2022-03-30 02:45:04,538.96
2022-03-30 02:45:09,539.02
2022-03-30 02:45:14,539.09
2022-03-30 02:45:19,539.15
2022-03-30 02:45:24,539.18
2022-03-30 02:45:29,539.31
2022-03-30 02:45:34,539.37
2022-03-30 02:45:39,539.4
2022-03-30 02:45:44,539.4
2022-03-30 02:45:49,539.53
2022-03-30 02:45:54,539.6
2022-03-30 02:45:59,539.59
2022-03-30 02:46:04,539.66
2022-03-30 02:46:09,539.69
2022-03-30 02:46:14,539.69
2022-03-30 02:46:19,539.75
2022-03-30 02:46:24,539.75
2022-03-30 02:46:29,539.75
2022-03-30 02:46:34,539.82
2022-03-30 02:46:39,539.81
2022-03-30 02:46:44,539.88
2022-03-30 02:46:49,539.88
2022-03-30 02:46:54,539.91
2022-03-30 02:46:59,539.91
2022-03-30 02:47:04,539.97
2022-03-30 02:47:09,539.97
2022-03-30 02:47:14,539.97
2022-03-30 02:47:19,539.97
2022-03-30 02:47:24,540.03
2022-03-30 02:47:29,540.16
2022-03-30 02:47:34,540.09
2022-03-30 02:47:39,540.16
2022-03-30 02:47:44,540.16
2022-03-30 02:47:49,540.16
2022-03-30 02:47:54,540.16
2022-03-30 02:47:59,540.16
2022-03-30 02:48:04,540.16
2022-03-30 02:48:09,540.16
2022-03-30 02:48:14,540.16
2022-03-30 02:48:19,540.09
2022-03-30 02:48:24,540.09
2022-03-30 02:48:29,540.09
2022-03-30 02:48:34,540.09
2022-03-30 02:48:39,540.09
2022-03-30 02:48:44,540.09
2022-03-30 02:48:49,540.09
2022-03-30 02:48:54,540.09
2022-03-30 02:48:59,540.03
2022-03-30 02:49:04,540.09
2022-03-30 02:49:09,540.09
2022-03-30 02:49:14,540.09
2022-03-30 02:49:19,540.09
2022-03-30 02:49:24,540.09
2022-03-30 02:49:29,540.09
2022-03-30 02:49:34,540.16
2022-03-30 02:49:39,540.09
2022-03-30 02:49:44,540.16
2022-03-30 02:49:49,540.16
2022-03-30 02:49:54,540.16
2022-03-30 02:49:59,540.16
2022-03-30 02:50:04,540.19
2022-03-30 02:50:09,540.26
2022-03-30 02:50:14,540.25
2022-03-30 02:50:19,540.32
2022-03-30 02:50:24,540.32
2022-03-30 02:50:29,540.38
2022-03-30 02:50:34,540.42
2022-03-30 02:50:39,540.48
2022-03-30 02:50:44,540.48
2022-03-30 02:50:49,540.55
2022-03-30 02:50:54,540.68
2022-03-30 02:50:59,540.71
2022-03-30 02:51:04,540.78
2022-03-30 02:51:09,540.84
2022-03-30 02:51:14,540.84
2022-03-30 02:51:19,540.93
2022-03-30 02:51:24,540.94
2022-03-30 02:51:29,541.0
2022-03-30 02:51:34,541.13
2022-03-30 02:51:39,541.19
2022-03-30 02:51:44,541.19
2022-03-30 02:51:49,541.23
2022-03-30 02:51:54,541.29
2022-03-30 02:51:59,541.42
2022-03-30 02:52:04,541.42
2022-03-30 02:52:09,541.52
2022-03-30 02:52:14,541.52
2022-03-30 02:52:19,541.65
2022-03-30 02:52:24,541.71
2022-03-30 02:52:29,541.74
2022-03-30 02:52:34,541.87
2022-03-30 02:52:39,541.97
2022-03-30 02:52:44,541.97
2022-03-30 02:52:49,542.1
2022-03-30 02:52:54,542.16
2022-03-30 02:52:59,542.23
2022-03-30 02:53:04,542.33
2022-03-30 02:53:09,542.39
2022-03-30 02:53:14,542.39
2022-03-30 02:53:19,542.49
2022-03-30 02:53:24,542.55
2022-03-30 02:53:29,542.61
2022-03-30 02:53:34,542.68
2022-03-30 02:53:39,542.77
2022-03-30 02:53:44,542.77
2022-03-30 02:53:49,542.84
2022-03-30 02:53:54,542.9
2022-03-30 02:53:59,542.9
2022-03-30 02:54:04,543.0
2022-03-30 02:54:09,543.0
2022-03-30 02:54:14,543.0
2022-03-30 02:54:19,543.06
2022-03-30 02:54:24,543.12
2022-03-30 02:54:29,543.12
2022-03-30 02:54:34,543.12
2022-03-30 02:54:39,543.12
2022-03-30 02:54:44,543.18
2022-03-30 02:54:49,543.12
2022-03-30 02:54:54,543.12
2022-03-30 02:54:59,543.12
2022-03-30 02:55:04,543.12
2022-03-30 02:55:09,543.05
2022-03-30 02:55:14,543.05
2022-03-30 02:55:19,542.99
2022-03-30 02:55:24,542.96
2022-03-30 02:55:29,542.96
2022-03-30 02:55:34,542.96
2022-03-30 02:55:39,542.89
2022-03-30 02:55:44,542.82
2022-03-30 02:55:49,542.76
2022-03-30 02:55:54,542.73
2022-03-30 02:55:59,542.66
2022-03-30 02:56:04,542.53
2022-03-30 02:56:09,542.47
2022-03-30 02:56:14,542.46
2022-03-30 02:56:19,542.3
2022-03-30 02:56:24,542.24
2022-03-30 02:56:29,542.2
2022-03-30 02:56:34,542.08
2022-03-30 02:56:39,541.94
2022-03-30 02:56:44,541.84
2022-03-30 02:56:49,541.78
2022-03-30 02:56:54,541.68
2022-03-30 02:56:59,541.62
2022-03-30 02:57:04,541.49
2022-03-30 02:57:09,541.42
2022-03-30 02:57:14,541.33
2022-03-30 02:57:19,541.17
2022-03-30 02:57:24,541.1
2022-03-30 02:57:29,540.91
2022-03-30 02:57:34,540.87
2022-03-30 02:57:39,540.74
2022-03-30 02:57:44,540.65
2022-03-30 02:57:49,540.52
2022-03-30 02:57:54,540.38
2022-03-30 02:57:59,540.29
2022-03-30 02:58:04,540.22
2022-03-30 02:58:09,540.06
2022-03-30 02:58:14,539.94
2022-03-30 02:58:19,539.84
2022-03-30 02:58:24,539.71
2022-03-30 02:58:29,539.64
2022-03-30 02:58:34,539.48
2022-03-30 02:58:39,539.35
2022-03-30 02:58:44,539.26
2022-03-30 02:58:49,539.19
2022-03-30 02:58:54,539.1
2022-03-30 02:58:59,538.97
2022-03-30 02:59:04,538.9
2022-03-30 02:59:09,538.74
2022-03-30 02:59:14,538.68
2022-03-30 02:59:19,538.58
2022-03-30 02:59:24,538.45
2022-03-30 02:59:29,538.39
2022-03-30 02:59:34,538.29
2022-03-30 02:59:39,538.23
2022-03-30 02:59:44,538.1
2022-03-30 02:59:49,538.06
2022-03-30 02:59:54,537.94
2022-03-30 02:59:59,537.81
2022-03-30 03:00:04,537.78
2022-03-30 03:00:09,537.71
2022-03-30 03:00:14,537.58
2022-03-30 03:00:19,537.55
2022-03-30 03:00:24,537.55
2022-03-30 03:00:29,537.42
2022-03-30 03:00:34,537.42
2022-03-30 03:00:39,537.36
2022-03-30 03:00:44,537.26
2022-03-30 03:00:49,537.26
2022-03-30 03:00:54,537.2
2022-03-30 03:00:59,537.13
2022-03-30 03:01:04,537.13
2022-03-30 03:01:09,537.07
2022-03-30 03:01:14,537.04
2022-03-30 03:01:19,537.04
2022-03-30 03:01:24,537.04
2022-03-30 03:01:29,536.98
2022-03-30 03:01:34,536.91
2022-03-30 03:01:39,536.91
2022-03-30 03:01:44,536.85
2022-03-30 03:01:49,536.85
2022-03-30 03:01:54,536.85
2022-03-30 03:01:59,536.79
2022-03-30 03:02:04,536.79
2022-03-30 03:02:09,536.79
2022-03-30 03:02:14,536.79
2022-03-30 03:02:19,536.79
2022-03-30 03:02:24,536.79
2022-03-30 03:02:29,536.79
2022-03-30 03:02:34,536.85
2022-03-30 03:02:39,536.85
2022-03-30 03:02:44,536.85
2022-03-30 03:02:49,536.98
2022-03-30 03:02:54,536.99
2022-03-30 03:02:59,536.98
2022-03-30 03:03:04,536.99
2022-03-30 03:03:09,537.05
2022-03-30 03:03:14,537.08
2022-03-30 03:03:19,537.08
2022-03-30 03:03:24,537.15
2022-03-30 03:03:29,537.21
2022-03-30 03:03:34,537.22
2022-03-30 03:03:39,537.28
2022-03-30 03:03:44,537.31
2022-03-30 03:03:49,537.38
2022-03-30 03:03:54,537.44
2022-03-30 03:03:59,537.51
2022-03-30 03:04:04,537.57
2022-03-30 03:04:09,537.67
2022-03-30 03:04:14,537.73
2022-03-30 03:04:19,537.8
2022-03-30 03:04:24,537.83
2022-03-30 03:04:29,537.96
2022-03-30 03:04:34,538.02
2022-03-30 03:04:39,538.09
2022-03-30 03:04:44,538.19
2022-03-30 03:04:49,538.25
2022-03-30 03:04:54,538.31
2022-03-30 03:04:59,538.35
2022-03-30 03:05:04,538.48
2022-03-30 03:05:09,538.55
2022-03-30 03:05:14,538.61
2022-03-30 03:05:19,538.71
2022-03-30 03:05:24,538.77
2022-03-30 03:05:29,538.84
2022-03-30 03:05:34,538.87
2022-03-30 03:05:39,538.93
2022-03-30 03:05:44,539.0
2022-03-30 03:05:49,539.06
2022-03-30 03:05:54,539.13
2022-03-30 03:05:59,539.16
2022-03-30 03:06:04,539.23
2022-03-30 03:06:09,539.29
2022-03-30 03:06:14,539.39
2022-03-30 03:06:19,539.39
2022-03-30 03:06:24,539.39
2022-03-30 03:06:29,539.46
2022-03-30 03:06:34,539.52
2022-03-30 03:06:39,539.52
2022-03-30 03:06:44,539.59
2022-03-30 03:06:49,539.65
2022-03-30 03:06:54,539.65
2022-03-30 03:06:59,539.65
2022-03-30 03:07:04,539.69
2022-03-30 03:07:09,539.75
2022-03-30 03:07:14,539.69
2022-03-30 03:07:19,539.69
2022-03-30 03:07:24,539.75
2022-03-30 03:07:29,539.75
2022-03-30 03:07:34,539.75
2022-03-30 03:07:39,539.69
2022-03-30 03:07:44,539.69
2022-03-30 03:07:49,539.69
2022-03-30 03:07:54,539.69
2022-03-30 03:07:59,539.66
2022-03-30 03:08:04,539.66
2022-03-30 03:08:09,539.66
2022-03-30 03:08:14,539.6
2022-03-30 03:08:19,539.6
2022-03-30 03:08:24,539.54
2022-03-30 03:08:29,539.54
2022-03-30 03:08:34,539.54
2022-03-30 03:08:39,539.47
2022-03-30 03:08:44,539.47
2022-03-30 03:08:49,539.41
2022-03-30 03:08:54,539.41
2022-03-30 03:08:59,539.38
2022-03-30 03:09:04,539.38
2022-03-30 03:09:09,539.32
2022-03-30 03:09:14,539.32
2022-03-30 03:09:19,539.26
2022-03-30 03:09:24,539.19
2022-03-30 03:09:29,539.19
2022-03-30 03:09:34,539.16
2022-03-30 03:09:39,539.17
2022-03-30 03:09:44,539.1
2022-03-30 03:09:49,539.04
2022-03-30 03:09:54,538.97
2022-03-30 03:09:59,538.97
2022-03-30 03:10:04,538.91
2022-03-30 03:10:09,538.88
2022-03-30 03:10:14,538.82
2022-03-30 03:10:19,538.82
2022-03-30 03:10:24,538.76
2022-03-30 03:10:29,538.76
2022-03-30 03:10:34,538.7
2022-03-30 03:10:39,538.66
2022-03-30 03:10:44,538.6
2022-03-30 03:10:49,538.6
2022-03-30 03:10:54,538.6
2022-03-30 03:10:59,538.54
2022-03-30 03:11:04,538.54
2022-03-30 03:11:09,538.47
2022-03-30 03:11:14,538.48
2022-03-30 03:11:19,538.41
2022-03-30 03:11:24,538.41
2022-03-30 03:11:29,538.41
2022-03-30 03:11:34,538.38
2022-03-30 03:11:39,538.38
2022-03-30 03:11:44,538.38
2022-03-30 03:11:49,538.32
2022-03-30 03:11:54,538.32
2022-03-30 03:11:59,538.26
2022-03-30 03:12:04,538.26
2022-03-30 03:12:09,538.25
2022-03-30 03:12:14,538.19
2022-03-30 03:12:19,538.16
2022-03-30 03:12:24,538.16
2022-03-30 03:12:29,538.16
2022-03-30 03:12:34,538.16
2022-03-30 03:12:39,538.1
2022-03-30 03:12:44,538.1
2022-03-30 03:12:49,538.1
2022-03-30 03:12:54,538.1
2022-03-30 03:12:59,538.1
2022-03-30 03:13:04,538.1
2022-03-30 03:13:09,538.1
2022-03-30 03:13:14,538.1
2022-03-30 03:13:19,538.04
2022-03-30 03:13:24,538.1
2022-03-30 03:13:29,538.04
2022-03-30 03:13:34,538.04
2022-03-30 03:13:39,538.04
2022-03-30 03:13:44,538.04
2022-03-30 03:13:49,538.04
2022-03-30 03:13:54,538.04
2022-03-30 03:13:59,538.04
2022-03-30 03:14:04,538.03
2022-03-30 03:14:09,538.03
2022-03-30 03:14:14,537.97
2022-03-30 03:14:19,537.97
2022-03-30 03:14:24,538.03
2022-03-30 03:14:29,538.03
2022-03-30 03:14:34,538.09
2022-03-30 03:14:39,538.03
2022-03-30 03:14:44,538.1
2022-03-30 03:14:49,538.16
2022-03-30 03:14:54,538.16
2022-03-30 03:14:59,538.19
2022-03-30 03:15:04,538.26
2022-03-30 03:15:09,538.26
2022-03-30 03:15:14,538.32
2022-03-30 03:15:19,538.32
2022-03-30 03:15:24,538.42
2022-03-30 03:15:29,538.42
2022-03-30 03:15:34,538.48
2022-03-30 03:15:39,538.54
2022-03-30 03:15:44,538.61
2022-03-30 03:15:49,538.7
2022-03-30 03:15:54,538.7
2022-03-30 03:15:59,538.7
2022-03-30 03:16:04,538.83
2022-03-30 03:16:09,538.9
2022-03-30 03:16:14,538.92
2022-03-30 03:16:19,538.99
2022-03-30 03:16:24,539.05
2022-03-30 03:16:29,537.71
2022-03-30 03:16:34,539.18
2022-03-30 03:16:39,539.21
2022-03-30 03:16:44,539.34
2022-03-30 03:16:49,539.41
2022-03-30 03:16:54,539.44
2022-03-30 03:16:59,539.5
2022-03-30 03:17:04,539.57
2022-03-30 03:17:09,539.63
2022-03-30 03:17:14,539.73
2022-03-30 03:17:19,539.79
2022-03-30 03:17:24,539.86
2022-03-30 03:17:29,539.92
2022-03-30 03:17:34,539.96
2022-03-30 03:17:39,540.02
2022-03-30 03:17:44,540.08
2022-03-30 03:17:49,540.21
2022-03-30 03:17:54,540.21
2022-03-30 03:17:59,540.31
2022-03-30 03:18:04,540.31
2022-03-30 03:18:09,540.44
2022-03-30 03:18:14,540.47
2022-03-30 03:18:19,540.53
2022-03-30 03:18:24,540.6
2022-03-30 03:18:29,540.66
2022-03-30 03:18:34,540.76
2022-03-30 03:18:39,540.82
2022-03-30 03:18:44,540.89
2022-03-30 03:18:49,540.99
2022-03-30 03:18:54,541.05
2022-03-30 03:18:59,541.11
2022-03-30 03:19:04,541.12
2022-03-30 03:19:09,541.25
2022-03-30 03:19:14,541.25
2022-03-30 03:19:19,541.35
2022-03-30 03:19:24,541.41
2022-03-30 03:19:29,541.51
2022-03-30 03:19:34,541.57
2022-03-30 03:19:39,541.63
2022-03-30 03:19:44,541.76
2022-03-30 03:19:49,541.8
2022-03-30 03:19:54,541.86
2022-03-30 03:19:59,541.99
2022-03-30 03:20:04,541.99
2022-03-30 03:20:09,542.09
2022-03-30 03:20:14,542.15
2022-03-30 03:20:19,542.22
2022-03-30 03:20:24,542.32
2022-03-30 03:20:29,542.32
2022-03-30 03:20:34,542.38
2022-03-30 03:20:39,542.45
2022-03-30 03:20:44,542.45
2022-03-30 03:20:49,542.45
2022-03-30 03:20:54,542.51
2022-03-30 03:20:59,542.55
2022-03-30 03:21:04,537.71
2022-03-30 03:21:09,542.68
2022-03-30 03:21:14,542.74
2022-03-30 03:21:19,542.68
2022-03-30 03:21:24,542.74
2022-03-30 03:21:29,542.81
2022-03-30 03:21:34,542.84
2022-03-30 03:21:39,542.84
2022-03-30 03:21:44,542.91
2022-03-30 03:21:49,542.9
2022-03-30 03:21:54,542.97
2022-03-30 03:21:59,543.04
2022-03-30 03:22:04,542.97
2022-03-30 03:22:09,543.04
2022-03-30 03:22:14,543.04
2022-03-30 03:22:19,543.04
2022-03-30 03:22:24,543.07
2022-03-30 03:22:29,543.07
2022-03-30 03:22:34,543.07
2022-03-30 03:22:39,543.07
2022-03-30 03:22:44,543.14
2022-03-30 03:22:49,543.07
2022-03-30 03:22:54,543.14
2022-03-30 03:22:59,543.14
2022-03-30 03:23:04,543.14
2022-03-30 03:23:09,543.14
2022-03-30 03:23:14,543.14
2022-03-30 03:23:19,543.21
2022-03-30 03:23:24,543.21
2022-03-30 03:23:29,543.14
2022-03-30 03:23:34,543.21
2022-03-30 03:23:39,543.14
2022-03-30 03:23:44,543.14
2022-03-30 03:23:49,543.14
2022-03-30 03:23:54,543.14
2022-03-30 03:23:59,543.15
2022-03-30 03:24:04,543.14
2022-03-30 03:24:09,543.15
2022-03-30 03:24:14,543.08
2022-03-30 03:24:19,543.08
2022-03-30 03:24:24,543.15
2022-03-30 03:24:29,543.08
2022-03-30 03:24:34,543.08
2022-03-30 03:24:39,543.08
2022-03-30 03:24:44,543.08
2022-03-30 03:24:49,543.05
2022-03-30 03:24:54,543.05
2022-03-30 03:24:59,543.05
2022-03-30 03:25:04,543.09
2022-03-30 03:25:09,543.09
2022-03-30 03:25:14,543.06
2022-03-30 03:25:19,542.99
2022-03-30 03:25:24,542.99
2022-03-30 03:25:29,542.99
2022-03-30 03:25:34,542.99
2022-03-30 03:25:39,542.93
2022-03-30 03:25:44,542.93
2022-03-30 03:25:49,542.87
2022-03-30 03:25:54,542.83
2022-03-30 03:25:59,542.77
2022-03-30 03:26:04,542.77
2022-03-30 03:26:09,542.77
2022-03-30 03:26:14,542.71
2022-03-30 03:26:19,542.64
2022-03-30 03:26:24,542.64
2022-03-30 03:26:29,542.58
2022-03-30 03:26:34,542.55
2022-03-30 03:26:39,542.48
2022-03-30 03:26:44,542.42
2022-03-30 03:26:49,542.36
2022-03-30 03:26:54,542.36
2022-03-30 03:26:59,542.32
2022-03-30 03:27:04,542.26
2022-03-30 03:27:09,542.26
2022-03-30 03:27:14,542.13
2022-03-30 03:27:19,542.13
2022-03-30 03:27:24,542.07
2022-03-30 03:27:29,542.04
2022-03-30 03:27:34,541.98
2022-03-30 03:27:39,541.91
2022-03-30 03:27:44,541.85
2022-03-30 03:27:49,541.85
2022-03-30 03:27:54,541.82
2022-03-30 03:27:59,541.76
2022-03-30 03:28:04,541.69
2022-03-30 03:28:09,541.63
2022-03-30 03:28:14,541.56
2022-03-30 03:28:19,541.57
2022-03-30 03:28:24,541.53
2022-03-30 03:28:29,541.53
2022-03-30 03:28:34,541.47
2022-03-30 03:28:39,541.41
2022-03-30 03:28:44,541.34
2022-03-30 03:28:49,541.34
2022-03-30 03:28:54,541.31
2022-03-30 03:28:59,541.25
2022-03-30 03:29:04,541.12
2022-03-30 03:29:09,541.12
2022-03-30 03:29:14,541.06
2022-03-30 03:29:19,541.06
2022-03-30 03:29:24,540.96
2022-03-30 03:29:29,540.96
2022-03-30 03:29:34,540.9
2022-03-30 03:29:39,540.9
2022-03-30 03:29:44,540.83
2022-03-30 03:29:49,540.8
2022-03-30 03:29:54,540.74
2022-03-30 03:29:59,540.74
2022-03-30 03:30:04,540.74
2022-03-30 03:30:09,540.74
2022-03-30 03:30:14,540.68
2022-03-30 03:30:19,540.61
2022-03-30 03:30:24,540.61
2022-03-30 03:30:29,540.55
2022-03-30 03:30:34,540.55
2022-03-30 03:30:39,540.55
2022-03-30 03:30:44,540.52
2022-03-30 03:30:49,540.45
2022-03-30 03:30:54,540.39
2022-03-30 03:30:59,540.39
2022-03-30 03:31:04,540.39
2022-03-30 03:31:09,540.32
2022-03-30 03:31:14,540.32
2022-03-30 03:31:19,540.29
2022-03-30 03:31:24,540.29
2022-03-30 03:31:29,540.23
2022-03-30 03:31:34,540.16
2022-03-30 03:31:39,540.16
2022-03-30 03:31:44,540.16
2022-03-30 03:31:49,540.1
2022-03-30 03:31:54,540.1
2022-03-30 03:31:59,540.03
2022-03-30 03:32:04,540.0
2022-03-30 03:32:09,540.0
2022-03-30 03:32:14,539.93
2022-03-30 03:32:19,539.87
2022-03-30 03:32:24,539.87
2022-03-30 03:32:29,539.81
2022-03-30 03:32:34,539.77
2022-03-30 03:32:39,539.77
2022-03-30 03:32:44,539.71
2022-03-30 03:32:49,539.64
2022-03-30 03:32:54,539.58
2022-03-30 03:32:59,539.58
2022-03-30 03:33:04,539.57
2022-03-30 03:33:09,539.51
2022-03-30 03:33:14,539.51
2022-03-30 03:33:19,539.48
2022-03-30 03:33:24,539.48
2022-03-30 03:33:29,539.41
2022-03-30 03:33:34,539.35
2022-03-30 03:33:39,539.35
2022-03-30 03:33:44,539.35
2022-03-30 03:33:49,539.28
2022-03-30 03:33:54,539.28
2022-03-30 03:33:59,539.25
2022-03-30 03:34:04,539.18
2022-03-30 03:34:09,539.18
2022-03-30 03:34:14,539.12
2022-03-30 03:34:19,539.12
2022-03-30 03:34:24,539.11
2022-03-30 03:34:29,539.05
2022-03-30 03:34:34,539.05
2022-03-30 03:34:39,538.98
2022-03-30 03:34:44,538.98
2022-03-30 03:34:49,538.95
2022-03-30 03:34:54,538.95
2022-03-30 03:34:59,538.95
2022-03-30 03:35:04,538.95
2022-03-30 03:35:09,538.95
2022-03-30 03:35:14,538.88
2022-03-30 03:35:19,538.88
2022-03-30 03:35:24,538.88
2022-03-30 03:35:29,538.82
2022-03-30 03:35:34,538.82
2022-03-30 03:35:39,538.82
2022-03-30 03:35:44,538.75
2022-03-30 03:35:49,538.82
2022-03-30 03:35:54,538.75
2022-03-30 03:35:59,538.75
2022-03-30 03:36:04,538.75
2022-03-30 03:36:09,538.72
2022-03-30 03:36:14,538.66
2022-03-30 03:36:19,538.65
2022-03-30 03:36:24,538.65
2022-03-30 03:36:29,538.59
2022-03-30 03:36:34,538.53
2022-03-30 03:36:39,538.53
2022-03-30 03:36:44,538.53
2022-03-30 03:36:49,538.53
2022-03-30 03:36:54,538.53
2022-03-30 03:36:59,538.46
2022-03-30 03:37:04,538.46
2022-03-30 03:37:09,538.46
2022-03-30 03:37:14,538.46
2022-03-30 03:37:19,538.43
2022-03-30 03:37:24,538.43
2022-03-30 03:37:29,538.43
2022-03-30 03:37:34,538.43
2022-03-30 03:37:39,538.37
2022-03-30 03:37:44,538.37
2022-03-30 03:37:49,538.37
2022-03-30 03:37:54,538.37
2022-03-30 03:37:59,538.3
2022-03-30 03:38:04,538.3
2022-03-30 03:38:09,538.3
2022-03-30 03:38:14,538.24
2022-03-30 03:38:19,538.24
2022-03-30 03:38:24,538.24
2022-03-30 03:38:29,538.24
2022-03-30 03:38:34,538.21
2022-03-30 03:38:39,538.24
2022-03-30 03:38:44,538.21
2022-03-30 03:38:49,538.24
2022-03-30 03:38:54,538.24
2022-03-30 03:38:59,538.24
2022-03-30 03:39:04,538.24
2022-03-30 03:39:09,538.24
2022-03-30 03:39:14,538.24
2022-03-30 03:39:19,538.24
2022-03-30 03:39:24,538.31
2022-03-30 03:39:29,538.31
2022-03-30 03:39:34,538.31
2022-03-30 03:39:39,538.31
2022-03-30 03:39:44,538.31
2022-03-30 03:39:49,538.31
2022-03-30 03:39:54,538.38
2022-03-30 03:39:59,538.38
2022-03-30 03:40:04,538.38
2022-03-30 03:40:09,538.38
2022-03-30 03:40:14,538.38
2022-03-30 03:40:19,538.38
2022-03-30 03:40:24,538.38
2022-03-30 03:40:29,538.38
2022-03-30 03:40:34,538.38
2022-03-30 03:40:39,538.38
2022-03-30 03:40:44,538.38
2022-03-30 03:40:49,538.38
2022-03-30 03:40:54,538.38
2022-03-30 03:40:59,538.38
2022-03-30 03:41:04,538.32
2022-03-30 03:41:09,538.38
2022-03-30 03:41:14,538.32
2022-03-30 03:41:19,538.32
2022-03-30 03:41:24,538.32
2022-03-30 03:41:29,538.32
2022-03-30 03:41:34,538.26
2022-03-30 03:41:39,538.26
2022-03-30 03:41:44,538.32
2022-03-30 03:41:49,538.32
2022-03-30 03:41:54,538.26
2022-03-30 03:41:59,538.26
2022-03-30 03:42:04,538.26
2022-03-30 03:42:09,538.26
2022-03-30 03:42:14,538.23
2022-03-30 03:42:19,538.23
2022-03-30 03:42:24,538.16
2022-03-30 03:42:29,538.23
2022-03-30 03:42:34,538.16
2022-03-30 03:42:39,538.16
2022-03-30 03:42:44,538.16
2022-03-30 03:42:49,538.16
2022-03-30 03:42:54,538.1
2022-03-30 03:42:59,538.04
2022-03-30 03:43:04,538.1
2022-03-30 03:43:09,538.04
2022-03-30 03:43:14,538.04
2022-03-30 03:43:19,538.04
2022-03-30 03:43:24,538.04
2022-03-30 03:43:29,537.98
2022-03-30 03:43:34,537.98
2022-03-30 03:43:39,537.98
2022-03-30 03:43:44,537.98
2022-03-30 03:43:49,537.95
2022-03-30 03:43:54,537.94
2022-03-30 03:43:59,537.95
2022-03-30 03:44:04,537.95
2022-03-30 03:44:09,537.94
2022-03-30 03:44:14,537.88
2022-03-30 03:44:19,537.88
2022-03-30 03:44:24,537.88
2022-03-30 03:44:29,537.88
2022-03-30 03:44:34,537.82
2022-03-30 03:44:39,537.82
2022-03-30 03:44:44,537.82
2022-03-30 03:44:49,537.82
2022-03-30 03:44:54,537.82
2022-03-30 03:44:59,537.82
2022-03-30 03:45:04,537.76
2022-03-30 03:45:09,537.76
2022-03-30 03:45:14,537.76
2022-03-30 03:45:19,537.76
2022-03-30 03:45:24,537.76
2022-03-30 03:45:29,537.76
2022-03-30 03:45:34,537.76
2022-03-30 03:45:39,537.76
2022-03-30 03:45:44,537.73
2022-03-30 03:45:49,537.76
2022-03-30 03:45:54,537.73
2022-03-30 03:45:59,537.74
2022-03-30 03:46:04,537.77
2022-03-30 03:46:09,537.77
2022-03-30 03:46:14,537.74
2022-03-30 03:46:19,537.77
2022-03-30 03:46:24,537.77
2022-03-30 03:46:29,537.77
2022-03-30 03:46:34,537.77
2022-03-30 03:46:39,537.84
2022-03-30 03:46:44,537.84
2022-03-30 03:46:49,537.84
2022-03-30 03:46:54,537.84
2022-03-30 03:46:59,537.84
2022-03-30 03:47:04,537.91
2022-03-30 03:47:09,537.91
2022-03-30 03:47:14,537.91
2022-03-30 03:47:19,537.91
2022-03-30 03:47:24,537.97
2022-03-30 03:47:29,537.97
2022-03-30 03:47:34,537.97
2022-03-30 03:47:39,538.01
2022-03-30 03:47:44,538.07
2022-03-30 03:47:49,538.07
2022-03-30 03:47:54,538.13
2022-03-30 03:47:59,538.13
2022-03-30 03:48:04,538.2
2022-03-30 03:48:09,538.2
2022-03-30 03:48:14,538.27
2022-03-30 03:48:19,538.3
2022-03-30 03:48:24,538.3
2022-03-30 03:48:29,538.37
2022-03-30 03:48:34,538.36
2022-03-30 03:48:39,538.43
2022-03-30 03:48:44,538.49
2022-03-30 03:48:49,538.43
2022-03-30 03:48:54,538.53
2022-03-30 03:48:59,538.53
2022-03-30 03:49:04,538.53
2022-03-30 03:49:09,538.59
2022-03-30 03:49:14,538.66
2022-03-30 03:49:19,538.66
2022-03-30 03:49:24,538.72
2022-03-30 03:49:29,538.72
2022-03-30 03:49:34,538.78
2022-03-30 03:49:39,538.81
2022-03-30 03:49:44,538.82
2022-03-30 03:49:49,538.88
2022-03-30 03:49:54,538.94
2022-03-30 03:49:59,538.94
2022-03-30 03:50:04,539.01
2022-03-30 03:50:09,539.04
2022-03-30 03:50:14,539.04
2022-03-30 03:50:19,539.1
2022-03-30 03:50:24,539.17
2022-03-30 03:50:29,539.17
2022-03-30 03:50:34,539.17
2022-03-30 03:50:39,539.23
2022-03-30 03:50:44,539.23
2022-03-30 03:50:49,539.23
2022-03-30 03:50:54,539.33
2022-03-30 03:50:59,539.29
2022-03-30 03:51:04,539.32
2022-03-30 03:51:09,539.32
2022-03-30 03:51:14,539.32
2022-03-30 03:51:19,539.32
2022-03-30 03:51:24,539.39
2022-03-30 03:51:29,539.39
2022-03-30 03:51:34,539.39
2022-03-30 03:51:39,539.45
2022-03-30 03:51:44,539.45
2022-03-30 03:51:49,539.45
2022-03-30 03:51:54,539.45
2022-03-30 03:51:59,539.45
2022-03-30 03:52:04,539.45
2022-03-30 03:52:09,539.51
2022-03-30 03:52:14,539.51
2022-03-30 03:52:19,539.51
2022-03-30 03:52:24,539.54
2022-03-30 03:52:29,539.54
2022-03-30 03:52:34,539.6
2022-03-30 03:52:39,539.6
2022-03-30 03:52:44,539.61
2022-03-30 03:52:49,539.67
2022-03-30 03:52:54,539.67
2022-03-30 03:52:59,539.66
2022-03-30 03:53:04,539.66
2022-03-30 03:53:09,539.66
2022-03-30 03:53:14,539.66
2022-03-30 03:53:19,539.73
2022-03-30 03:53:24,539.73
2022-03-30 03:53:29,539.73
2022-03-30 03:53:34,539.73
2022-03-30 03:53:39,539.79
2022-03-30 03:53:44,539.72
2022-03-30 03:53:49,539.79
2022-03-30 03:53:54,539.82
2022-03-30 03:53:59,539.82
2022-03-30 03:54:04,539.82
2022-03-30 03:54:09,539.79
2022-03-30 03:54:14,539.82
2022-03-30 03:54:19,539.88
2022-03-30 03:54:24,539.88
2022-03-30 03:54:29,539.95
2022-03-30 03:54:34,539.95
2022-03-30 03:54:39,540.01
2022-03-30 03:54:44,540.01
2022-03-30 03:54:49,540.04
2022-03-30 03:54:54,540.04
2022-03-30 03:54:59,540.11
2022-03-30 03:55:04,540.11
2022-03-30 03:55:09,540.17
2022-03-30 03:55:14,540.17
2022-03-30 03:55:19,540.24
2022-03-30 03:55:24,540.3
2022-03-30 03:55:29,540.3
2022-03-30 03:55:34,540.33
2022-03-30 03:55:39,540.33
2022-03-30 03:55:44,540.4
2022-03-30 03:55:49,540.46
2022-03-30 03:55:54,540.46
2022-03-30 03:55:59,540.53
2022-03-30 03:56:04,540.53
2022-03-30 03:56:09,540.53
2022-03-30 03:56:14,540.56
2022-03-30 03:56:19,540.56
2022-03-30 03:56:24,540.56
2022-03-30 03:56:29,540.69
2022-03-30 03:56:34,540.69
2022-03-30 03:56:39,540.69
2022-03-30 03:56:44,540.75
2022-03-30 03:56:49,540.82
2022-03-30 03:56:54,540.82
2022-03-30 03:56:59,540.82
2022-03-30 03:57:04,540.85
2022-03-30 03:57:09,540.85
2022-03-30 03:57:14,540.85
2022-03-30 03:57:19,540.92
2022-03-30 03:57:24,540.92
2022-03-30 03:57:29,540.92
2022-03-30 03:57:34,540.98
2022-03-30 03:57:39,540.98
2022-03-30 03:57:44,540.98
2022-03-30 03:57:49,541.04
2022-03-30 03:57:54,540.98
2022-03-30 03:57:59,540.98
2022-03-30 03:58:04,540.98
2022-03-30 03:58:09,540.98
2022-03-30 03:58:14,537.71
2022-03-30 03:58:19,541.04
2022-03-30 03:58:24,540.98
2022-03-30 03:58:29,541.04
2022-03-30 03:58:34,540.98
2022-03-30 03:58:39,540.98
2022-03-30 03:58:44,541.04
2022-03-30 03:58:49,541.04
2022-03-30 03:58:54,540.98
2022-03-30 03:58:59,540.98
2022-03-30 03:59:04,540.98
2022-03-30 03:59:09,540.91
2022-03-30 03:59:14,540.91
2022-03-30 03:59:19,540.91
2022-03-30 03:59:24,540.91
2022-03-30 03:59:29,540.91
2022-03-30 03:59:34,540.85
2022-03-30 03:59:39,540.91
2022-03-30 03:59:44,540.91
2022-03-30 03:59:49,540.91
2022-03-30 03:59:54,540.91
2022-03-30 03:59:59,540.91
2022-03-30 04:00:04,540.91
2022-03-30 04:00:09,540.9
2022-03-30 04:00:14,540.84
2022-03-30 04:00:19,540.84
2022-03-30 04:00:24,540.9
2022-03-30 04:00:29,540.84
2022-03-30 04:00:34,540.9
2022-03-30 04:00:39,540.9
2022-03-30 04:00:44,540.9
2022-03-30 04:00:49,540.9
2022-03-30 04:00:54,540.9
2022-03-30 04:00:59,540.9
2022-03-30 04:01:04,540.9
2022-03-30 04:01:09,540.83
2022-03-30 04:01:14,540.83
2022-03-30 04:01:19,540.89
2022-03-30 04:01:24,540.89
2022-03-30 04:01:29,540.89
2022-03-30 04:01:34,540.89
2022-03-30 04:01:39,540.82
2022-03-30 04:01:44,540.82
2022-03-30 04:01:49,540.82
2022-03-30 04:01:54,540.88
2022-03-30 04:01:59,540.82
2022-03-30 04:02:04,540.82
2022-03-30 04:02:09,540.79
2022-03-30 04:02:14,540.78
2022-03-30 04:02:19,540.78
2022-03-30 04:02:24,540.78
2022-03-30 04:02:29,540.78
2022-03-30 04:02:34,540.78
2022-03-30 04:02:39,540.78
2022-03-30 04:02:44,540.71
2022-03-30 04:02:49,540.71
2022-03-30 04:02:54,540.78
2022-03-30 04:02:59,540.71
2022-03-30 04:03:04,540.64
2022-03-30 04:03:09,540.64
2022-03-30 04:03:14,540.64
2022-03-30 04:03:19,540.58
2022-03-30 04:03:24,540.57
2022-03-30 04:03:29,540.57
2022-03-30 04:03:34,540.57
2022-03-30 04:03:39,540.51
2022-03-30 04:03:44,540.51
2022-03-30 04:03:49,540.51
2022-03-30 04:03:54,540.48
2022-03-30 04:03:59,540.48
2022-03-30 04:04:04,540.41
2022-03-30 04:04:09,540.41
2022-03-30 04:04:14,540.41
2022-03-30 04:04:19,540.41
2022-03-30 04:04:24,540.34
2022-03-30 04:04:29,540.34
2022-03-30 04:04:34,540.28
2022-03-30 04:04:39,540.28
2022-03-30 04:04:44,540.34
2022-03-30 04:04:49,540.28
2022-03-30 04:04:54,540.18
2022-03-30 04:04:59,540.18
2022-03-30 04:05:04,540.12
2022-03-30 04:05:09,540.11
2022-03-30 04:05:14,540.05
2022-03-30 04:05:19,539.99
2022-03-30 04:05:24,539.99
2022-03-30 04:05:29,539.95
2022-03-30 04:05:34,539.89
2022-03-30 04:05:39,539.82
2022-03-30 04:05:44,539.82
2022-03-30 04:05:49,539.82
2022-03-30 04:05:54,539.76
2022-03-30 04:05:59,539.73
2022-03-30 04:06:04,539.73
2022-03-30 04:06:09,539.66
2022-03-30 04:06:14,539.66
2022-03-30 04:06:19,539.6
2022-03-30 04:06:24,539.6
2022-03-30 04:06:29,539.53
2022-03-30 04:06:34,539.53
2022-03-30 04:06:39,539.47
2022-03-30 04:06:44,539.47
2022-03-30 04:06:49,539.44
2022-03-30 04:06:54,539.37
2022-03-30 04:06:59,539.31
2022-03-30 04:07:04,539.31
2022-03-30 04:07:09,539.24
2022-03-30 04:07:14,539.21
2022-03-30 04:07:19,539.15
2022-03-30 04:07:24,539.02
2022-03-30 04:07:29,538.96
2022-03-30 04:07:34,538.92
2022-03-30 04:07:39,538.86
2022-03-30 04:07:44,538.86
2022-03-30 04:07:49,538.73
2022-03-30 04:07:54,538.7
2022-03-30 04:07:59,538.57
2022-03-30 04:08:04,538.57
2022-03-30 04:08:09,538.5
2022-03-30 04:08:14,538.44
2022-03-30 04:08:19,538.4
2022-03-30 04:08:24,538.34
2022-03-30 04:08:29,538.28
2022-03-30 04:08:34,538.21
2022-03-30 04:08:39,538.18
2022-03-30 04:08:44,538.18
2022-03-30 04:08:49,538.11
2022-03-30 04:08:54,538.05
2022-03-30 04:08:59,537.99
2022-03-30 04:09:04,537.92
2022-03-30 04:09:09,537.92
2022-03-30 04:09:14,537.89
2022-03-30 04:09:19,537.82
2022-03-30 04:09:24,537.82
2022-03-30 04:09:29,537.75
2022-03-30 04:09:34,537.66
2022-03-30 04:09:39,537.66
2022-03-30 04:09:44,537.59
2022-03-30 04:09:49,537.53
2022-03-30 04:09:54,537.46
2022-03-30 04:09:59,537.46
2022-03-30 04:10:04,537.4
2022-03-30 04:10:09,537.36
2022-03-30 04:10:14,537.36
2022-03-30 04:10:19,537.3
2022-03-30 04:10:24,537.3
2022-03-30 04:10:29,537.3
2022-03-30 04:10:34,537.23
2022-03-30 04:10:39,537.23
2022-03-30 04:10:44,537.23
2022-03-30 04:10:49,537.22
2022-03-30 04:10:54,537.16
2022-03-30 04:10:59,537.16
2022-03-30 04:11:04,537.16
2022-03-30 04:11:09,537.16
2022-03-30 04:11:14,537.16
2022-03-30 04:11:19,537.16
2022-03-30 04:11:24,537.13
2022-03-30 04:11:29,537.16
2022-03-30 04:11:34,537.12
2022-03-30 04:11:39,537.12
2022-03-30 04:11:44,537.12
2022-03-30 04:11:49,537.06
2022-03-30 04:11:54,537.12
2022-03-30 04:11:59,537.06
2022-03-30 04:12:04,537.05
2022-03-30 04:12:09,536.99
2022-03-30 04:12:14,536.98
2022-03-30 04:12:19,536.98
2022-03-30 04:12:24,536.98
2022-03-30 04:12:29,536.98
2022-03-30 04:12:34,536.92
2022-03-30 04:12:39,536.98
2022-03-30 04:12:44,536.98
2022-03-30 04:12:49,536.98
2022-03-30 04:12:54,536.98
2022-03-30 04:12:59,536.98
2022-03-30 04:13:04,536.98
2022-03-30 04:13:09,537.04
2022-03-30 04:13:14,536.97
2022-03-30 04:13:19,537.04
2022-03-30 04:13:24,537.04
2022-03-30 04:13:29,537.04
2022-03-30 04:13:34,537.04
2022-03-30 04:13:39,537.1
2022-03-30 04:13:44,537.1
2022-03-30 04:13:49,537.1
2022-03-30 04:13:54,537.13
2022-03-30 04:13:59,537.13
2022-03-30 04:14:04,537.19
2022-03-30 04:14:09,537.19
2022-03-30 04:14:14,537.19
2022-03-30 04:14:19,537.26
2022-03-30 04:14:24,537.26
2022-03-30 04:14:29,537.26
2022-03-30 04:14:34,537.32
2022-03-30 04:14:39,537.32
2022-03-30 04:14:44,537.32
2022-03-30 04:14:49,537.32
2022-03-30 04:14:54,537.35
2022-03-30 04:14:59,537.32
2022-03-30 04:15:04,537.32
2022-03-30 04:15:09,537.35
2022-03-30 04:15:14,537.32
2022-03-30 04:15:19,537.35
2022-03-30 04:15:24,537.35
2022-03-30 04:15:29,537.35
2022-03-30 04:15:34,537.35
2022-03-30 04:15:39,537.41
2022-03-30 04:15:44,537.41
2022-03-30 04:15:49,537.41
2022-03-30 04:15:54,537.41
2022-03-30 04:15:59,537.41
2022-03-30 04:16:04,537.41
2022-03-30 04:16:09,537.41
2022-03-30 04:16:14,537.41
2022-03-30 04:16:19,537.48
2022-03-30 04:16:24,537.48
2022-03-30 04:16:29,537.48
2022-03-30 04:16:34,537.41
2022-03-30 04:16:39,537.48
2022-03-30 04:16:44,537.48
2022-03-30 04:16:49,537.48
2022-03-30 04:16:54,537.48
2022-03-30 04:16:59,537.48
2022-03-30 04:17:04,537.48
2022-03-30 04:17:09,537.48
2022-03-30 04:17:14,537.41
2022-03-30 04:17:19,537.48
2022-03-30 04:17:24,537.42
2022-03-30 04:17:29,537.42
2022-03-30 04:17:34,537.42
2022-03-30 04:17:39,537.35
2022-03-30 04:17:44,537.35
2022-03-30 04:17:49,537.32
2022-03-30 04:17:54,537.32
2022-03-30 04:17:59,537.26
2022-03-30 04:18:04,537.26
2022-03-30 04:18:09,537.26
2022-03-30 04:18:14,537.19
2022-03-30 04:18:19,537.19
2022-03-30 04:18:24,537.19
2022-03-30 04:18:29,537.19
2022-03-30 04:18:34,537.13
2022-03-30 04:18:39,537.13
2022-03-30 04:18:44,537.1
2022-03-30 04:18:49,537.1
2022-03-30 04:18:54,537.1
2022-03-30 04:18:59,537.03
2022-03-30 04:19:04,536.97
2022-03-30 04:19:09,536.9
2022-03-30 04:19:14,536.97
2022-03-30 04:19:19,536.9
2022-03-30 04:19:24,536.84
2022-03-30 04:19:29,536.81
2022-03-30 04:19:34,536.81
2022-03-30 04:19:39,536.81
2022-03-30 04:19:44,536.68
2022-03-30 04:19:49,536.68
2022-03-30 04:19:54,536.62
2022-03-30 04:19:59,536.62
2022-03-30 04:20:04,536.59
2022-03-30 04:20:09,536.52
2022-03-30 04:20:14,536.52
2022-03-30 04:20:19,536.52
2022-03-30 04:20:24,536.46
2022-03-30 04:20:29,536.39
2022-03-30 04:20:34,536.39
2022-03-30 04:20:39,536.33
2022-03-30 04:20:44,536.33
2022-03-30 04:20:49,536.3
2022-03-30 04:20:54,536.3
2022-03-30 04:20:59,536.23
2022-03-30 04:21:04,536.17
2022-03-30 04:21:09,536.17
2022-03-30 04:21:14,536.11
2022-03-30 04:21:19,536.11
2022-03-30 04:21:24,536.11
2022-03-30 04:21:29,536.08
2022-03-30 04:21:34,536.08
2022-03-30 04:21:39,536.08
2022-03-30 04:21:44,536.01
2022-03-30 04:21:49,536.08
2022-03-30 04:21:54,536.08
2022-03-30 04:21:59,536.01
2022-03-30 04:22:04,536.01
2022-03-30 04:22:09,536.01
2022-03-30 04:22:14,536.01
2022-03-30 04:22:19,536.01
2022-03-30 04:22:24,536.08
2022-03-30 04:22:29,536.01
2022-03-30 04:22:34,536.08
2022-03-30 04:22:39,536.08
2022-03-30 04:22:44,536.08
2022-03-30 04:22:49,536.08
2022-03-30 04:22:54,536.11
2022-03-30 04:22:59,536.11
2022-03-30 04:23:04,536.11
2022-03-30 04:23:09,536.08
2022-03-30 04:23:14,536.11
2022-03-30 04:23:19,536.11
2022-03-30 04:23:24,536.11
2022-03-30 04:23:29,536.11
2022-03-30 04:23:34,536.11
2022-03-30 04:23:39,536.11
2022-03-30 04:23:44,536.11
2022-03-30 04:23:49,536.12
2022-03-30 04:23:54,536.12
2022-03-30 04:23:59,536.12
2022-03-30 04:24:04,536.12
2022-03-30 04:24:09,536.18
2022-03-30 04:24:14,536.18
2022-03-30 04:24:19,536.12
2022-03-30 04:24:24,536.18
2022-03-30 04:24:29,536.25
2022-03-30 04:24:34,536.25
2022-03-30 04:24:39,536.25
2022-03-30 04:24:44,536.25
2022-03-30 04:24:49,536.32
2022-03-30 04:24:54,536.32
2022-03-30 04:24:59,536.35
2022-03-30 04:25:04,536.32
2022-03-30 04:25:09,536.35
2022-03-30 04:25:14,536.35
2022-03-30 04:25:19,536.42
2022-03-30 04:25:24,536.42
2022-03-30 04:25:29,536.42
2022-03-30 04:25:34,536.48
2022-03-30 04:25:39,536.55
2022-03-30 04:25:44,536.55
2022-03-30 04:25:49,536.55
2022-03-30 04:25:54,536.65
2022-03-30 04:25:59,536.65
2022-03-30 04:26:04,536.71
2022-03-30 04:26:09,536.78
2022-03-30 04:26:14,536.78
2022-03-30 04:26:19,536.88
2022-03-30 04:26:24,536.88
2022-03-30 04:26:29,536.94
2022-03-30 04:26:34,537.0
2022-03-30 04:26:39,537.07
2022-03-30 04:26:44,537.13
2022-03-30 04:26:49,537.17
2022-03-30 04:26:54,537.23
2022-03-30 04:26:59,537.29
2022-03-30 04:27:04,537.29
2022-03-30 04:27:09,537.39
2022-03-30 04:27:14,537.39
2022-03-30 04:27:19,537.46
2022-03-30 04:27:24,537.46
2022-03-30 04:27:29,537.52
2022-03-30 04:27:34,537.59
2022-03-30 04:27:39,537.59
2022-03-30 04:27:44,537.59
2022-03-30 04:27:49,537.65
2022-03-30 04:27:54,537.68
2022-03-30 04:27:59,537.68
2022-03-30 04:28:04,537.75
2022-03-30 04:28:09,537.81
2022-03-30 04:28:14,537.81
2022-03-30 04:28:19,537.87
2022-03-30 04:28:24,537.88
2022-03-30 04:28:29,537.91
2022-03-30 04:28:34,537.97
2022-03-30 04:28:39,538.04
2022-03-30 04:28:44,538.04
2022-03-30 04:28:49,538.1
2022-03-30 04:28:54,538.16
2022-03-30 04:28:59,538.16
2022-03-30 04:29:04,538.2
2022-03-30 04:29:09,538.26
2022-03-30 04:29:14,538.32
2022-03-30 04:29:19,538.32
2022-03-30 04:29:24,538.32
2022-03-30 04:29:29,538.38
2022-03-30 04:29:34,538.38
2022-03-30 04:29:39,538.42
2022-03-30 04:29:44,538.38
2022-03-30 04:29:49,538.41
2022-03-30 04:29:54,538.41
2022-03-30 04:29:59,538.48
2022-03-30 04:30:04,538.47
2022-03-30 04:30:09,538.48
2022-03-30 04:30:14,538.41
2022-03-30 04:30:19,538.48
2022-03-30 04:30:24,538.48
2022-03-30 04:30:29,538.48
2022-03-30 04:30:34,538.54
2022-03-30 04:30:39,538.53
2022-03-30 04:30:44,538.53
2022-03-30 04:30:49,538.53
2022-03-30 04:30:54,538.6
2022-03-30 04:30:59,538.6
2022-03-30 04:31:04,538.66
2022-03-30 04:31:09,538.6
2022-03-30 04:31:14,538.66
2022-03-30 04:31:19,538.66
2022-03-30 04:31:24,538.66
2022-03-30 04:31:29,538.66
2022-03-30 04:31:34,538.66
2022-03-30 04:31:39,538.69
2022-03-30 04:31:44,538.68
2022-03-30 04:31:49,538.66
2022-03-30 04:31:54,538.65
2022-03-30 04:31:59,538.65
2022-03-30 04:32:04,538.68
2022-03-30 04:32:09,538.75
2022-03-30 04:32:14,538.68
2022-03-30 04:32:19,538.68
2022-03-30 04:32:24,538.68
2022-03-30 04:32:29,538.68
2022-03-30 04:32:34,538.75
2022-03-30 04:32:39,538.75
2022-03-30 04:32:44,538.75
2022-03-30 04:32:49,538.75
2022-03-30 04:32:54,538.81
2022-03-30 04:32:59,538.81
2022-03-30 04:33:04,538.81
2022-03-30 04:33:09,538.87
2022-03-30 04:33:14,538.87
2022-03-30 04:33:19,538.87
2022-03-30 04:33:24,538.87
2022-03-30 04:33:29,538.9
2022-03-30 04:33:34,538.9
2022-03-30 04:33:39,538.91
2022-03-30 04:33:44,538.97
2022-03-30 04:33:49,538.97
2022-03-30 04:33:54,538.97
2022-03-30 04:33:59,538.97
2022-03-30 04:34:04,539.03
2022-03-30 04:34:09,539.03
2022-03-30 04:34:14,539.03
2022-03-30 04:34:19,538.97
2022-03-30 04:34:24,539.04
2022-03-30 04:34:29,539.04
2022-03-30 04:34:34,539.04
2022-03-30 04:34:39,538.97
2022-03-30 04:34:44,539.03
2022-03-30 04:34:49,539.03
2022-03-30 04:34:54,539.04
2022-03-30 04:34:59,539.04
2022-03-30 04:35:04,538.91
2022-03-30 04:35:09,538.91
2022-03-30 04:35:14,538.91
2022-03-30 04:35:19,538.88
2022-03-30 04:35:24,538.88
2022-03-30 04:35:29,538.81
2022-03-30 04:35:34,538.75
2022-03-30 04:35:39,538.68
2022-03-30 04:35:44,538.68
2022-03-30 04:35:49,538.65
2022-03-30 04:35:54,538.59
2022-03-30 04:35:59,538.59
2022-03-30 04:36:04,538.52
2022-03-30 04:36:09,538.46
2022-03-30 04:36:14,538.39
2022-03-30 04:36:19,538.36
2022-03-30 04:36:24,538.3
2022-03-30 04:36:29,538.3
2022-03-30 04:36:34,538.23
2022-03-30 04:36:39,538.17
2022-03-30 04:36:44,538.14
2022-03-30 04:36:49,538.07
2022-03-30 04:36:54,538.01
2022-03-30 04:36:59,537.94
2022-03-30 04:37:04,537.88
2022-03-30 04:37:09,537.88
2022-03-30 04:37:14,537.78
2022-03-30 04:37:19,537.78
2022-03-30 04:37:24,537.72
2022-03-30 04:37:29,537.72
2022-03-30 04:37:34,537.62
2022-03-30 04:37:39,537.62
2022-03-30 04:37:44,537.55
2022-03-30 04:37:49,537.49
2022-03-30 04:37:54,537.42
2022-03-30 04:37:59,537.42
2022-03-30 04:38:04,537.42
2022-03-30 04:38:09,537.32
2022-03-30 04:38:14,537.33
2022-03-30 04:38:19,537.32
2022-03-30 04:38:24,537.26
2022-03-30 04:38:29,537.19
2022-03-30 04:38:34,537.19
2022-03-30 04:38:39,537.19
2022-03-30 04:38:44,537.13
2022-03-30 04:38:49,537.13
2022-03-30 04:38:54,537.09
2022-03-30 04:38:59,537.09
2022-03-30 04:39:04,537.03
2022-03-30 04:39:09,537.02
2022-03-30 04:39:14,536.96
2022-03-30 04:39:19,536.96
2022-03-30 04:39:24,536.96
2022-03-30 04:39:29,536.96
2022-03-30 04:39:34,536.89
2022-03-30 04:39:39,536.89
2022-03-30 04:39:44,536.89
2022-03-30 04:39:49,536.83
2022-03-30 04:39:54,536.89
2022-03-30 04:39:59,536.82
2022-03-30 04:40:04,536.82
2022-03-30 04:40:09,536.79
2022-03-30 04:40:14,536.79
2022-03-30 04:40:19,536.73
2022-03-30 04:40:24,536.66
2022-03-30 04:40:29,536.72
2022-03-30 04:40:34,536.66
2022-03-30 04:40:39,536.59
2022-03-30 04:40:44,536.56
2022-03-30 04:40:49,536.56
2022-03-30 04:40:54,536.43
2022-03-30 04:40:59,536.49
2022-03-30 04:41:04,536.43
2022-03-30 04:41:09,536.36
2022-03-30 04:41:14,536.3
2022-03-30 04:41:19,536.29
2022-03-30 04:41:24,536.26
2022-03-30 04:41:29,536.19
2022-03-30 04:41:34,536.13
2022-03-30 04:41:39,536.13
2022-03-30 04:41:44,536.06
2022-03-30 04:41:49,536.03
2022-03-30 04:41:54,535.97
2022-03-30 04:41:59,535.96
2022-03-30 04:42:04,535.9
2022-03-30 04:42:09,535.83
2022-03-30 04:42:14,535.77
2022-03-30 04:42:19,535.73
2022-03-30 04:42:24,535.67
2022-03-30 04:42:29,535.61
2022-03-30 04:42:34,535.61
2022-03-30 04:42:39,535.54
2022-03-30 04:42:44,535.51
2022-03-30 04:42:49,535.44
2022-03-30 04:42:54,535.38
2022-03-30 04:42:59,535.38
2022-03-30 04:43:04,535.25
2022-03-30 04:43:09,535.25
2022-03-30 04:43:14,535.22
2022-03-30 04:43:19,535.15
2022-03-30 04:43:24,535.09
2022-03-30 04:43:29,535.02
2022-03-30 04:43:34,535.02
2022-03-30 04:43:39,534.99
2022-03-30 04:43:44,534.99
2022-03-30 04:43:49,534.92
2022-03-30 04:43:54,534.86
2022-03-30 04:43:59,534.8
2022-03-30 04:44:04,534.73
2022-03-30 04:44:09,534.7
2022-03-30 04:44:14,534.7
2022-03-30 04:44:19,534.63
2022-03-30 04:44:24,534.57
2022-03-30 04:44:29,534.5
2022-03-30 04:44:34,534.47
2022-03-30 04:44:39,534.47
2022-03-30 04:44:44,534.41
2022-03-30 04:44:49,534.41
2022-03-30 04:44:54,534.34
2022-03-30 04:44:59,534.28
2022-03-30 04:45:04,534.22
2022-03-30 04:45:09,534.21
2022-03-30 04:45:14,534.18
2022-03-30 04:45:19,534.12
2022-03-30 04:45:24,534.12
2022-03-30 04:45:29,534.06
2022-03-30 04:45:34,533.99
2022-03-30 04:45:39,533.99
2022-03-30 04:45:44,533.99
2022-03-30 04:45:49,533.96
2022-03-30 04:45:54,533.89
2022-03-30 04:45:59,533.89
2022-03-30 04:46:04,533.83
2022-03-30 04:46:09,533.83
2022-03-30 04:46:14,533.7
2022-03-30 04:46:19,533.67
2022-03-30 04:46:24,533.67
2022-03-30 04:46:29,533.61
2022-03-30 04:46:34,533.61
2022-03-30 04:46:39,533.54
2022-03-30 04:46:44,533.48
2022-03-30 04:46:49,533.45
2022-03-30 04:46:54,533.38
2022-03-30 04:46:59,533.32
2022-03-30 04:47:04,533.32
2022-03-30 04:47:09,533.26
2022-03-30 04:47:14,533.19
2022-03-30 04:47:19,533.16
2022-03-30 04:47:24,533.16
2022-03-30 04:47:29,533.09
2022-03-30 04:47:34,533.03
2022-03-30 04:47:39,533.1
2022-03-30 04:47:44,533.03
2022-03-30 04:47:49,532.97
2022-03-30 04:47:54,532.97
2022-03-30 04:47:59,532.93
2022-03-30 04:48:04,532.87
2022-03-30 04:48:09,532.94
2022-03-30 04:48:14,532.87
2022-03-30 04:48:19,532.87
2022-03-30 04:48:24,532.81
2022-03-30 04:48:29,532.81
2022-03-30 04:48:34,532.74
2022-03-30 04:48:39,532.68
2022-03-30 04:48:44,532.68
2022-03-30 04:48:49,532.65
2022-03-30 04:48:54,532.65
2022-03-30 04:48:59,532.65
2022-03-30 04:49:04,532.65
2022-03-30 04:49:09,532.58
2022-03-30 04:49:14,532.52
2022-03-30 04:49:19,532.59
2022-03-30 04:49:24,532.52
2022-03-30 04:49:29,532.52
2022-03-30 04:49:34,532.52
2022-03-30 04:49:39,532.52
2022-03-30 04:49:44,532.46
2022-03-30 04:49:49,532.42
2022-03-30 04:49:54,532.42
2022-03-30 04:49:59,532.43
2022-03-30 04:50:04,532.43
2022-03-30 04:50:09,532.43
2022-03-30 04:50:14,532.42
2022-03-30 04:50:19,532.43
2022-03-30 04:50:24,532.36
2022-03-30 04:50:29,532.43
2022-03-30 04:50:34,532.36
2022-03-30 04:50:39,532.36
2022-03-30 04:50:44,532.36
2022-03-30 04:50:49,532.3
2022-03-30 04:50:54,532.3
2022-03-30 04:50:59,532.3
2022-03-30 04:51:04,532.3
2022-03-30 04:51:09,532.24
2022-03-30 04:51:14,532.24
2022-03-30 04:51:19,532.24
2022-03-30 04:51:24,532.17
2022-03-30 04:51:29,532.17
2022-03-30 04:51:34,532.14
2022-03-30 04:51:39,532.14
2022-03-30 04:51:44,532.14
2022-03-30 04:51:49,532.08
2022-03-30 04:51:54,532.08
2022-03-30 04:51:59,532.08
2022-03-30 04:52:04,532.01
2022-03-30 04:52:09,532.02
2022-03-30 04:52:14,532.02
2022-03-30 04:52:19,531.95
2022-03-30 04:52:24,532.02
2022-03-30 04:52:29,531.95
2022-03-30 04:52:34,531.95
2022-03-30 04:52:39,531.95
2022-03-30 04:52:44,531.92
2022-03-30 04:52:49,531.92
2022-03-30 04:52:54,531.92
2022-03-30 04:52:59,531.86
2022-03-30 04:53:04,531.86
2022-03-30 04:53:09,531.8
2022-03-30 04:53:14,531.8
2022-03-30 04:53:19,531.73
2022-03-30 04:53:24,531.8
2022-03-30 04:53:29,531.73
2022-03-30 04:53:34,531.67
2022-03-30 04:53:39,531.73
2022-03-30 04:53:44,531.67
2022-03-30 04:53:49,531.67
2022-03-30 04:53:54,531.68
2022-03-30 04:53:59,531.64
2022-03-30 04:54:04,531.64
2022-03-30 04:54:09,531.64
2022-03-30 04:54:14,531.64
2022-03-30 04:54:19,531.65
2022-03-30 04:54:24,531.64
2022-03-30 04:54:29,531.65
2022-03-30 04:54:34,531.58
2022-03-30 04:54:39,531.59
2022-03-30 04:54:44,531.65
2022-03-30 04:54:49,531.59
2022-03-30 04:54:54,531.59
2022-03-30 04:54:59,531.59
2022-03-30 04:55:04,531.59
2022-03-30 04:55:09,531.59
2022-03-30 04:55:14,531.59
2022-03-30 04:55:19,531.59
2022-03-30 04:55:24,531.59
2022-03-30 04:55:29,531.66
2022-03-30 04:55:34,531.66
2022-03-30 04:55:39,531.59
2022-03-30 04:55:44,531.59
2022-03-30 04:55:49,531.66
2022-03-30 04:55:54,531.66
2022-03-30 04:55:59,531.66
2022-03-30 04:56:04,531.69
2022-03-30 04:56:09,531.66
2022-03-30 04:56:14,531.69
2022-03-30 04:56:19,531.66
2022-03-30 04:56:24,531.69
2022-03-30 04:56:29,531.75
2022-03-30 04:56:34,531.75
2022-03-30 04:56:39,531.69
2022-03-30 04:56:44,531.75
2022-03-30 04:56:49,531.75
2022-03-30 04:56:54,531.75
2022-03-30 04:56:59,531.75
2022-03-30 04:57:04,531.75
2022-03-30 04:57:09,531.75
2022-03-30 04:57:14,531.75
2022-03-30 04:57:19,531.81
2022-03-30 04:57:24,531.81
2022-03-30 04:57:29,531.81
2022-03-30 04:57:34,531.81
2022-03-30 04:57:39,531.81
2022-03-30 04:57:44,531.88
2022-03-30 04:57:49,531.81
2022-03-30 04:57:54,531.82
2022-03-30 04:57:59,531.81
2022-03-30 04:58:04,531.75
2022-03-30 04:58:09,531.75
2022-03-30 04:58:14,531.68
2022-03-30 04:58:19,531.68
2022-03-30 04:58:24,531.65
2022-03-30 04:58:29,531.58
2022-03-30 04:58:34,531.58
2022-03-30 04:58:39,531.52
2022-03-30 04:58:44,531.52
2022-03-30 04:58:49,531.45
2022-03-30 04:58:54,531.42
2022-03-30 04:58:59,531.35
2022-03-30 04:59:04,531.29
2022-03-30 04:59:09,531.22
2022-03-30 04:59:14,531.16
2022-03-30 04:59:19,531.16
2022-03-30 04:59:24,531.06
2022-03-30 04:59:29,531.0
2022-03-30 04:59:34,530.93
2022-03-30 04:59:39,530.83
2022-03-30 04:59:44,530.77
2022-03-30 04:59:49,530.7
2022-03-30 04:59:54,530.61
2022-03-30 04:59:59,530.54
2022-03-30 05:00:04,530.47
2022-03-30 05:00:09,530.38
2022-03-30 05:00:14,530.38
2022-03-30 05:00:19,537.71
2022-03-30 05:00:24,530.18
2022-03-30 05:00:29,530.02
2022-03-30 05:00:34,530.02
2022-03-30 05:00:39,529.89
2022-03-30 05:00:44,529.79
2022-03-30 05:00:49,529.73
2022-03-30 05:00:54,529.66
2022-03-30 05:00:59,529.57
2022-03-30 05:01:04,529.5
2022-03-30 05:01:09,529.37
2022-03-30 05:01:14,529.34
2022-03-30 05:01:19,529.28
2022-03-30 05:01:24,529.21
2022-03-30 05:01:29,529.09
2022-03-30 05:01:34,529.05
2022-03-30 05:01:39,528.99
2022-03-30 05:01:44,528.86
2022-03-30 05:01:49,528.82
2022-03-30 05:01:54,528.76
2022-03-30 05:01:59,528.63
2022-03-30 05:02:04,528.63
2022-03-30 05:02:09,528.54
2022-03-30 05:02:14,528.47
2022-03-30 05:02:19,528.34
2022-03-30 05:02:24,528.31
2022-03-30 05:02:29,528.25
2022-03-30 05:02:34,528.12
2022-03-30 05:02:39,528.05
2022-03-30 05:02:44,528.02
2022-03-30 05:02:49,527.96
2022-03-30 05:02:54,527.89
2022-03-30 05:02:59,527.83
2022-03-30 05:03:04,527.8
2022-03-30 05:03:09,527.73
2022-03-30 05:03:14,527.67
2022-03-30 05:03:19,527.6
2022-03-30 05:03:24,527.6
2022-03-30 05:03:29,527.54
2022-03-30 05:03:34,527.45
2022-03-30 05:03:39,527.51
2022-03-30 05:03:44,527.38
2022-03-30 05:03:49,527.45
2022-03-30 05:03:54,527.32
2022-03-30 05:03:59,527.32
2022-03-30 05:04:04,527.22
2022-03-30 05:04:09,527.22
2022-03-30 05:04:14,527.16
2022-03-30 05:04:19,527.09
2022-03-30 05:04:24,527.1
2022-03-30 05:04:29,527.09
2022-03-30 05:04:34,527.03
2022-03-30 05:04:39,527.03
2022-03-30 05:04:44,527.0
2022-03-30 05:04:49,526.93
2022-03-30 05:04:54,526.87
2022-03-30 05:04:59,526.87
2022-03-30 05:05:04,526.87
2022-03-30 05:05:09,526.87
2022-03-30 05:05:14,526.87
2022-03-30 05:05:19,526.87
2022-03-30 05:05:24,526.87
2022-03-30 05:05:29,526.81
2022-03-30 05:05:34,537.71
2022-03-30 05:05:39,526.81
2022-03-30 05:05:44,526.81
2022-03-30 05:05:49,526.81
2022-03-30 05:05:54,526.81
2022-03-30 05:05:59,526.77
2022-03-30 05:06:04,526.81
2022-03-30 05:06:09,526.78
2022-03-30 05:06:14,526.77
2022-03-30 05:06:19,526.78
2022-03-30 05:06:24,526.81
2022-03-30 05:06:29,526.77
2022-03-30 05:06:34,526.71
2022-03-30 05:06:39,526.77
2022-03-30 05:06:44,526.78
2022-03-30 05:06:49,526.77
2022-03-30 05:06:54,526.77
2022-03-30 05:06:59,526.71
2022-03-30 05:07:04,526.77
2022-03-30 05:07:09,526.77
2022-03-30 05:07:14,526.77
2022-03-30 05:07:19,526.8
2022-03-30 05:07:24,526.8
2022-03-30 05:07:29,526.8
2022-03-30 05:07:34,526.87
2022-03-30 05:07:39,526.8
2022-03-30 05:07:44,526.86
2022-03-30 05:07:49,526.8
2022-03-30 05:07:54,526.87
2022-03-30 05:07:59,526.86
2022-03-30 05:08:04,526.93
2022-03-30 05:08:09,526.93
2022-03-30 05:08:14,526.93
2022-03-30 05:08:19,526.99
2022-03-30 05:08:24,527.02
2022-03-30 05:08:29,527.02
2022-03-30 05:08:34,527.08
2022-03-30 05:08:39,527.08
2022-03-30 05:08:44,527.15
2022-03-30 05:08:49,527.21
2022-03-30 05:08:54,527.28
2022-03-30 05:08:59,527.31
2022-03-30 05:09:04,527.43
2022-03-30 05:09:09,527.43
2022-03-30 05:09:14,527.53
2022-03-30 05:09:19,527.53
2022-03-30 05:09:24,527.66
2022-03-30 05:09:29,527.72
2022-03-30 05:09:34,527.82
2022-03-30 05:09:39,527.82
2022-03-30 05:09:44,527.94
2022-03-30 05:09:49,528.01
2022-03-30 05:09:54,528.04
2022-03-30 05:09:59,528.17
2022-03-30 05:10:04,528.23
2022-03-30 05:10:09,528.32
2022-03-30 05:10:14,528.39
2022-03-30 05:10:19,528.45
2022-03-30 05:10:24,537.71
2022-03-30 05:10:29,528.61
2022-03-30 05:10:34,528.67
2022-03-30 05:10:39,528.8
2022-03-30 05:10:44,528.9
2022-03-30 05:10:49,528.96
2022-03-30 05:10:54,529.06
2022-03-30 05:10:59,529.19
2022-03-30 05:11:04,529.25
2022-03-30 05:11:09,529.35
2022-03-30 05:11:14,529.35
2022-03-30 05:11:19,529.54
2022-03-30 05:11:24,529.54
2022-03-30 05:11:29,529.7
2022-03-30 05:11:34,529.77
2022-03-30 05:11:39,529.83
2022-03-30 05:11:44,529.92
2022-03-30 05:11:49,529.99
2022-03-30 05:11:54,530.09
2022-03-30 05:11:59,530.21
2022-03-30 05:12:04,530.28
2022-03-30 05:12:09,530.38
2022-03-30 05:12:14,530.38
2022-03-30 05:12:19,530.5
2022-03-30 05:12:24,530.57
2022-03-30 05:12:29,530.66
2022-03-30 05:12:34,530.73
2022-03-30 05:12:39,530.79
2022-03-30 05:12:44,530.89
2022-03-30 05:12:49,531.02
2022-03-30 05:12:54,531.08
2022-03-30 05:12:59,531.12
2022-03-30 05:13:04,531.18
2022-03-30 05:13:09,531.31
2022-03-30 05:13:14,531.37
2022-03-30 05:13:19,531.47
2022-03-30 05:13:24,531.47
2022-03-30 05:13:29,531.6
2022-03-30 05:13:34,531.76
2022-03-30 05:13:39,531.83
2022-03-30 05:13:44,531.89
2022-03-30 05:13:49,531.99
2022-03-30 05:13:54,532.05
2022-03-30 05:13:59,532.15
2022-03-30 05:14:04,532.21
2022-03-30 05:14:09,532.34
2022-03-30 05:14:14,532.41
2022-03-30 05:14:19,532.5
2022-03-30 05:14:24,532.57
2022-03-30 05:14:29,532.67
2022-03-30 05:14:34,532.8
2022-03-30 05:14:39,532.86
2022-03-30 05:14:44,532.93
2022-03-30 05:14:49,532.96
2022-03-30 05:14:54,533.09
2022-03-30 05:14:59,533.15
2022-03-30 05:15:04,533.25
2022-03-30 05:15:09,533.38
2022-03-30 05:15:14,533.44
2022-03-30 05:15:19,533.54
2022-03-30 05:15:24,533.6
2022-03-30 05:15:29,533.7
2022-03-30 05:15:34,533.77
2022-03-30 05:15:39,533.83
2022-03-30 05:15:44,533.96
2022-03-30 05:15:49,534.06
2022-03-30 05:15:54,534.12
2022-03-30 05:15:59,534.19
2022-03-30 05:16:04,534.29
2022-03-30 05:16:09,534.35
2022-03-30 05:16:14,534.48
2022-03-30 05:16:19,534.58
2022-03-30 05:16:24,534.64
2022-03-30 05:16:29,534.71
2022-03-30 05:16:34,534.74
2022-03-30 05:16:39,534.8
2022-03-30 05:16:44,534.93
2022-03-30 05:16:49,535.03
2022-03-30 05:16:54,535.03
2022-03-30 05:16:59,535.16
2022-03-30 05:17:04,535.22
2022-03-30 05:17:09,535.32
2022-03-30 05:17:14,535.39
2022-03-30 05:17:19,535.45
2022-03-30 05:17:24,535.52
2022-03-30 05:17:29,535.62
2022-03-30 05:17:34,535.62
2022-03-30 05:17:39,535.68
2022-03-30 05:17:44,535.78
2022-03-30 05:17:49,535.84
2022-03-30 05:17:54,535.91
2022-03-30 05:17:59,535.97
2022-03-30 05:18:04,536.03
2022-03-30 05:18:09,536.07
2022-03-30 05:18:14,536.13
2022-03-30 05:18:19,536.26
2022-03-30 05:18:24,536.29
2022-03-30 05:18:29,536.36
2022-03-30 05:18:34,536.42
2022-03-30 05:18:39,536.42
2022-03-30 05:18:44,536.49
2022-03-30 05:18:49,536.58
2022-03-30 05:18:54,536.65
2022-03-30 05:18:59,536.65
2022-03-30 05:19:04,536.72
2022-03-30 05:19:09,536.71
2022-03-30 05:19:14,536.78
2022-03-30 05:19:19,536.81
2022-03-30 05:19:24,536.81
2022-03-30 05:19:29,536.88
2022-03-30 05:19:34,536.94
2022-03-30 05:19:39,536.95
2022-03-30 05:19:44,537.01
2022-03-30 05:19:49,537.01
2022-03-30 05:19:54,537.11
2022-03-30 05:19:59,537.07
2022-03-30 05:20:04,537.11
2022-03-30 05:20:09,537.11
2022-03-30 05:20:14,537.17
2022-03-30 05:20:19,537.17
2022-03-30 05:20:24,537.17
2022-03-30 05:20:29,537.17
2022-03-30 05:20:34,537.24
2022-03-30 05:20:39,537.31
2022-03-30 05:20:44,537.31
2022-03-30 05:20:49,537.31
2022-03-30 05:20:54,537.31
2022-03-30 05:20:59,537.31
2022-03-30 05:21:04,537.31
2022-03-30 05:21:09,537.31
2022-03-30 05:21:14,537.31
2022-03-30 05:21:19,537.31
2022-03-30 05:21:24,537.31
2022-03-30 05:21:29,537.31
2022-03-30 05:21:34,537.31
2022-03-30 05:21:39,537.25
2022-03-30 05:21:44,537.25
2022-03-30 05:21:49,537.19
2022-03-30 05:21:54,537.19
2022-03-30 05:21:59,537.25
2022-03-30 05:22:04,537.19
2022-03-30 05:22:09,537.19
2022-03-30 05:22:14,537.13
2022-03-30 05:22:19,537.13
2022-03-30 05:22:24,537.13
2022-03-30 05:22:29,537.1
2022-03-30 05:22:34,537.1
2022-03-30 05:22:39,537.1
2022-03-30 05:22:44,537.03
2022-03-30 05:22:49,537.03
2022-03-30 05:22:54,536.97
2022-03-30 05:22:59,536.91
2022-03-30 05:23:04,536.9
2022-03-30 05:23:09,536.91
2022-03-30 05:23:14,536.91
2022-03-30 05:23:19,536.91
2022-03-30 05:23:24,536.85
2022-03-30 05:23:29,536.85
2022-03-30 05:23:34,536.85
2022-03-30 05:23:39,536.82
2022-03-30 05:23:44,536.82
2022-03-30 05:23:49,536.82
2022-03-30 05:23:54,536.75
2022-03-30 05:23:59,536.75
2022-03-30 05:24:04,536.75
2022-03-30 05:24:09,536.76
2022-03-30 05:24:14,536.76
2022-03-30 05:24:19,536.63
2022-03-30 05:24:24,536.69
2022-03-30 05:24:29,536.63
2022-03-30 05:24:34,536.63
2022-03-30 05:24:39,536.6
2022-03-30 05:24:44,536.6
2022-03-30 05:24:49,536.6
2022-03-30 05:24:54,536.6
2022-03-30 05:24:59,536.6
2022-03-30 05:25:04,536.6
2022-03-30 05:25:09,536.6
2022-03-30 05:25:14,536.6
2022-03-30 05:25:19,536.6
2022-03-30 05:25:24,536.63
2022-03-30 05:25:29,536.63
2022-03-30 05:25:34,536.63
2022-03-30 05:25:39,536.63
2022-03-30 05:25:44,536.7
2022-03-30 05:25:49,536.69
2022-03-30 05:25:54,536.69
2022-03-30 05:25:59,536.76
2022-03-30 05:26:04,536.76
2022-03-30 05:26:09,536.76
2022-03-30 05:26:14,536.82
2022-03-30 05:26:19,536.82
2022-03-30 05:26:24,536.85
2022-03-30 05:26:29,536.85
2022-03-30 05:26:34,536.85
2022-03-30 05:26:39,536.92
2022-03-30 05:26:44,536.98
2022-03-30 05:26:49,536.98
2022-03-30 05:26:54,537.05
2022-03-30 05:26:59,537.11
2022-03-30 05:27:04,537.11
2022-03-30 05:27:09,537.11
2022-03-30 05:27:14,537.2
2022-03-30 05:27:19,537.14
2022-03-30 05:27:24,537.27
2022-03-30 05:27:29,537.33
2022-03-30 05:27:34,537.36
2022-03-30 05:27:39,537.36
2022-03-30 05:27:44,537.43
2022-03-30 05:27:49,537.49
2022-03-30 05:27:54,537.56
2022-03-30 05:27:59,537.55
2022-03-30 05:28:04,537.62
2022-03-30 05:28:09,537.62
2022-03-30 05:28:14,537.62
2022-03-30 05:28:19,537.65
2022-03-30 05:28:24,537.65
2022-03-30 05:28:29,537.65
2022-03-30 05:28:34,537.65
2022-03-30 05:28:39,537.71
2022-03-30 05:28:44,537.71
2022-03-30 05:28:49,537.71
2022-03-30 05:28:54,537.64
2022-03-30 05:28:59,537.64
2022-03-30 05:29:04,537.71
2022-03-30 05:29:09,537.64
2022-03-30 05:29:14,537.64
2022-03-30 05:29:19,537.64
2022-03-30 05:29:24,537.64
2022-03-30 05:29:29,537.61
2022-03-30 05:29:34,537.61
2022-03-30 05:29:39,537.61
2022-03-30 05:29:44,537.54
2022-03-30 05:29:49,537.54
2022-03-30 05:29:54,537.54
2022-03-30 05:29:59,537.48
2022-03-30 05:30:04,537.42
2022-03-30 05:30:09,537.42
2022-03-30 05:30:14,537.42
2022-03-30 05:30:19,537.35
2022-03-30 05:30:24,537.32
2022-03-30 05:30:29,537.32
2022-03-30 05:30:34,537.32
2022-03-30 05:30:39,537.26
2022-03-30 05:30:44,537.26
2022-03-30 05:30:49,537.19
2022-03-30 05:30:54,537.26
2022-03-30 05:30:59,537.19
2022-03-30 05:31:04,537.19
2022-03-30 05:31:09,537.19
2022-03-30 05:31:14,537.19
2022-03-30 05:31:19,537.19
2022-03-30 05:31:24,537.13
2022-03-30 05:31:29,537.19
2022-03-30 05:31:34,537.13
2022-03-30 05:31:39,537.19
2022-03-30 05:31:44,537.19
2022-03-30 05:31:49,537.19
2022-03-30 05:31:54,537.19
2022-03-30 05:31:59,537.26
2022-03-30 05:32:04,537.26
2022-03-30 05:32:09,537.32
2022-03-30 05:32:14,537.32
2022-03-30 05:32:19,537.36
2022-03-30 05:32:24,537.36
2022-03-30 05:32:29,537.42
2022-03-30 05:32:34,537.42
2022-03-30 05:32:39,537.49
2022-03-30 05:32:44,537.49
2022-03-30 05:32:49,537.62
2022-03-30 05:32:54,537.62
2022-03-30 05:32:59,537.71
2022-03-30 05:33:04,537.78
2022-03-30 05:33:09,537.84
2022-03-30 05:33:14,537.94
2022-03-30 05:33:19,537.94
2022-03-30 05:33:24,538.0
2022-03-30 05:33:29,538.07
2022-03-30 05:33:34,538.13
2022-03-30 05:33:39,538.23
2022-03-30 05:33:44,538.29
2022-03-30 05:33:49,538.39
2022-03-30 05:33:54,538.39
2022-03-30 05:33:59,538.46
2022-03-30 05:34:04,538.58
2022-03-30 05:34:09,538.65
2022-03-30 05:34:14,538.68
2022-03-30 05:34:19,538.81
2022-03-30 05:34:24,538.87
2022-03-30 05:34:29,538.91
2022-03-30 05:34:34,539.04
2022-03-30 05:34:39,539.16
2022-03-30 05:34:44,539.2
2022-03-30 05:34:49,539.32
2022-03-30 05:34:54,539.39
2022-03-30 05:34:59,539.49
2022-03-30 05:35:04,539.55
2022-03-30 05:35:09,539.61
2022-03-30 05:35:14,539.71
2022-03-30 05:35:19,539.77
2022-03-30 05:35:24,539.9
2022-03-30 05:35:29,539.93
2022-03-30 05:35:34,540.07
2022-03-30 05:35:39,540.19
2022-03-30 05:35:44,540.22
2022-03-30 05:35:49,540.29
2022-03-30 05:35:54,540.41
2022-03-30 05:35:59,540.51
2022-03-30 05:36:04,540.57
2022-03-30 05:36:09,540.64
2022-03-30 05:36:14,540.7
2022-03-30 05:36:19,540.86
2022-03-30 05:36:24,540.93
2022-03-30 05:36:29,541.02
2022-03-30 05:36:34,541.08
2022-03-30 05:36:39,541.15
2022-03-30 05:36:44,541.25
2022-03-30 05:36:49,541.31
2022-03-30 05:36:54,541.44
2022-03-30 05:36:59,541.47
2022-03-30 05:37:04,541.53
2022-03-30 05:37:09,541.66
2022-03-30 05:37:14,541.72
2022-03-30 05:37:19,541.76
2022-03-30 05:37:24,541.82
2022-03-30 05:37:29,541.88
2022-03-30 05:37:34,541.95
2022-03-30 05:37:39,541.94
2022-03-30 05:37:44,542.04
2022-03-30 05:37:49,542.11
2022-03-30 05:37:54,542.17
2022-03-30 05:37:59,542.23
2022-03-30 05:38:04,542.26
2022-03-30 05:38:09,542.33
2022-03-30 05:38:14,542.33
2022-03-30 05:38:19,542.49
2022-03-30 05:38:24,542.48
2022-03-30 05:38:29,542.55
2022-03-30 05:38:34,542.55
2022-03-30 05:38:39,542.54
2022-03-30 05:38:44,542.67
2022-03-30 05:38:49,542.74
2022-03-30 05:38:54,542.74
2022-03-30 05:38:59,542.76
2022-03-30 05:39:04,542.77
2022-03-30 05:39:09,542.83
2022-03-30 05:39:14,542.76
2022-03-30 05:39:19,542.83
2022-03-30 05:39:24,542.83
2022-03-30 05:39:29,542.83
2022-03-30 05:39:34,542.83
2022-03-30 05:39:39,542.89
2022-03-30 05:39:44,542.83
2022-03-30 05:39:49,542.83
2022-03-30 05:39:54,542.83
2022-03-30 05:39:59,542.83
2022-03-30 05:40:04,542.76
2022-03-30 05:40:09,542.76
2022-03-30 05:40:14,542.73
2022-03-30 05:40:19,542.66
2022-03-30 05:40:24,542.67
2022-03-30 05:40:29,542.54
2022-03-30 05:40:34,542.47
2022-03-30 05:40:39,542.47
2022-03-30 05:40:44,542.37
2022-03-30 05:40:49,542.31
2022-03-30 05:40:54,542.22
2022-03-30 05:40:59,542.08
2022-03-30 05:41:04,542.02
2022-03-30 05:41:09,541.92
2022-03-30 05:41:14,541.79
2022-03-30 05:41:19,541.63
2022-03-30 05:41:24,541.57
2022-03-30 05:41:29,541.44
2022-03-30 05:41:34,541.34
2022-03-30 05:41:39,541.18
2022-03-30 05:41:44,541.12
2022-03-30 05:41:49,540.99
2022-03-30 05:41:54,540.9
2022-03-30 05:41:59,540.7
2022-03-30 05:42:04,540.67
2022-03-30 05:42:09,540.54
2022-03-30 05:42:14,540.38
2022-03-30 05:42:19,540.25
2022-03-30 05:42:24,540.19
2022-03-30 05:42:29,540.09
2022-03-30 05:42:34,539.96
2022-03-30 05:42:39,539.87
2022-03-30 05:42:44,539.74
2022-03-30 05:42:49,539.68
2022-03-30 05:42:54,539.52
2022-03-30 05:42:59,539.38
2022-03-30 05:43:04,539.35
2022-03-30 05:43:09,539.23
2022-03-30 05:43:14,539.13
2022-03-30 05:43:19,538.94
2022-03-30 05:43:24,538.84
2022-03-30 05:43:29,538.71
2022-03-30 05:43:34,538.65
2022-03-30 05:43:39,538.55
2022-03-30 05:43:44,538.36
2022-03-30 05:43:49,538.33
2022-03-30 05:43:54,538.2
2022-03-30 05:43:59,538.1
2022-03-30 05:44:04,538.04
2022-03-30 05:44:09,537.97
2022-03-30 05:44:14,537.85
2022-03-30 05:44:19,537.75
2022-03-30 05:44:24,537.75
2022-03-30 05:44:29,537.62
2022-03-30 05:44:34,537.59
2022-03-30 05:44:39,537.53
2022-03-30 05:44:44,537.46
2022-03-30 05:44:49,537.33
2022-03-30 05:44:54,537.3
2022-03-30 05:44:59,537.24
2022-03-30 05:45:04,537.17
2022-03-30 05:45:09,537.11
2022-03-30 05:45:14,537.01
2022-03-30 05:45:19,537.02
2022-03-30 05:45:24,536.89
2022-03-30 05:45:29,536.89
2022-03-30 05:45:34,536.79
2022-03-30 05:45:39,536.79
2022-03-30 05:45:44,536.73
2022-03-30 05:45:49,536.66
2022-03-30 05:45:54,536.66
2022-03-30 05:45:59,536.6
2022-03-30 05:46:04,536.6
2022-03-30 05:46:09,536.57
2022-03-30 05:46:14,536.57
2022-03-30 05:46:19,536.57
2022-03-30 05:46:24,536.51
2022-03-30 05:46:29,536.51
2022-03-30 05:46:34,536.51
2022-03-30 05:46:39,536.44
2022-03-30 05:46:44,536.38
2022-03-30 05:46:49,536.38
2022-03-30 05:46:54,536.38
2022-03-30 05:46:59,536.38
2022-03-30 05:47:04,536.32
2022-03-30 05:47:09,536.32
2022-03-30 05:47:14,536.32
2022-03-30 05:47:19,536.28
2022-03-30 05:47:24,536.28
2022-03-30 05:47:29,536.28
2022-03-30 05:47:34,536.22
2022-03-30 05:47:39,536.29
2022-03-30 05:47:44,536.22
2022-03-30 05:47:49,536.22
2022-03-30 05:47:54,536.22
2022-03-30 05:47:59,536.22
2022-03-30 05:48:04,536.16
2022-03-30 05:48:09,536.16
2022-03-30 05:48:14,536.16
2022-03-30 05:48:19,536.16
2022-03-30 05:48:24,536.16
2022-03-30 05:48:29,536.1
2022-03-30 05:48:34,536.1
2022-03-30 05:48:39,536.1
2022-03-30 05:48:44,536.1
2022-03-30 05:48:49,536.1
2022-03-30 05:48:54,536.06
2022-03-30 05:48:59,536.07
2022-03-30 05:49:04,536.07
2022-03-30 05:49:09,536.07
2022-03-30 05:49:14,536.1
2022-03-30 05:49:19,536.07
2022-03-30 05:49:24,536.07
2022-03-30 05:49:29,536.01
2022-03-30 05:49:34,536.07
2022-03-30 05:49:39,536.01
2022-03-30 05:49:44,536.01
2022-03-30 05:49:49,536.01
2022-03-30 05:49:54,536.07
2022-03-30 05:49:59,536.08
2022-03-30 05:50:04,536.01
2022-03-30 05:50:09,536.08
2022-03-30 05:50:14,536.01
2022-03-30 05:50:19,536.01
2022-03-30 05:50:24,536.01
2022-03-30 05:50:29,536.02
2022-03-30 05:50:34,536.08
2022-03-30 05:50:39,536.08
2022-03-30 05:50:44,536.08
2022-03-30 05:50:49,536.08
2022-03-30 05:50:54,536.11
2022-03-30 05:50:59,536.12
2022-03-30 05:51:04,536.12
2022-03-30 05:51:09,536.12
2022-03-30 05:51:14,536.12
2022-03-30 05:51:19,536.12
2022-03-30 05:51:24,536.12
2022-03-30 05:51:29,536.19
2022-03-30 05:51:34,536.12
2022-03-30 05:51:39,536.12
2022-03-30 05:51:44,536.12
2022-03-30 05:51:49,536.09
2022-03-30 05:51:54,536.13
2022-03-30 05:51:59,536.09
2022-03-30 05:52:04,536.1
2022-03-30 05:52:09,536.1
2022-03-30 05:52:14,536.03
2022-03-30 05:52:19,536.03
2022-03-30 05:52:24,535.97
2022-03-30 05:52:29,535.97
2022-03-30 05:52:34,535.9
2022-03-30 05:52:39,535.9
2022-03-30 05:52:44,535.9
2022-03-30 05:52:49,535.9
2022-03-30 05:52:54,535.84
2022-03-30 05:52:59,535.84
2022-03-30 05:53:04,535.81
2022-03-30 05:53:09,535.84
2022-03-30 05:53:14,535.81
2022-03-30 05:53:19,535.81
2022-03-30 05:53:24,535.81
2022-03-30 05:53:29,535.81
2022-03-30 05:53:34,535.81
2022-03-30 05:53:39,535.84
2022-03-30 05:53:44,535.81
2022-03-30 05:53:49,535.81
2022-03-30 05:53:54,535.84
2022-03-30 05:53:59,535.9
2022-03-30 05:54:04,535.84
2022-03-30 05:54:09,535.9
2022-03-30 05:54:14,535.84
2022-03-30 05:54:19,535.81
2022-03-30 05:54:24,535.81
2022-03-30 05:54:29,535.81
2022-03-30 05:54:34,535.74
2022-03-30 05:54:39,535.81
2022-03-30 05:54:44,535.75
2022-03-30 05:54:49,535.75
2022-03-30 05:54:54,535.68
2022-03-30 05:54:59,535.68
2022-03-30 05:55:04,535.61
2022-03-30 05:55:09,535.58
2022-03-30 05:55:14,535.61
2022-03-30 05:55:19,535.58
2022-03-30 05:55:24,535.61
2022-03-30 05:55:29,535.58
2022-03-30 05:55:34,535.58
2022-03-30 05:55:39,535.58
2022-03-30 05:55:44,535.58
2022-03-30 05:55:49,535.58
2022-03-30 05:55:54,535.58
2022-03-30 05:55:59,535.58
2022-03-30 05:56:04,535.58
2022-03-30 05:56:09,535.51
2022-03-30 05:56:14,535.51
2022-03-30 05:56:19,535.51
2022-03-30 05:56:24,535.58
2022-03-30 05:56:29,535.51
2022-03-30 05:56:34,535.57
2022-03-30 05:56:39,535.57
2022-03-30 05:56:44,535.57
2022-03-30 05:56:49,535.57
2022-03-30 05:56:54,535.57
2022-03-30 05:56:59,535.57
2022-03-30 05:57:04,535.57
2022-03-30 05:57:09,535.57
2022-03-30 05:57:14,535.57
2022-03-30 05:57:19,535.57
2022-03-30 05:57:24,535.67
2022-03-30 05:57:29,535.6
2022-03-30 05:57:34,535.66
2022-03-30 05:57:39,535.73
2022-03-30 05:57:44,535.73
2022-03-30 05:57:49,535.79
2022-03-30 05:57:54,535.8
2022-03-30 05:57:59,535.83
2022-03-30 05:58:04,535.89
2022-03-30 05:58:09,535.96
2022-03-30 05:58:14,536.02
2022-03-30 05:58:19,536.08
2022-03-30 05:58:24,536.11
2022-03-30 05:58:29,536.18
2022-03-30 05:58:34,536.18
2022-03-30 05:58:39,536.31
2022-03-30 05:58:44,536.34
2022-03-30 05:58:49,536.41
2022-03-30 05:58:54,536.41
2022-03-30 05:58:59,536.6
2022-03-30 05:59:04,536.6
2022-03-30 05:59:09,536.63
2022-03-30 05:59:14,536.76
2022-03-30 05:59:19,536.83
2022-03-30 05:59:24,536.92
2022-03-30 05:59:29,536.99
2022-03-30 05:59:34,537.05
2022-03-30 05:59:39,537.15
2022-03-30 05:59:44,537.15
2022-03-30 05:59:49,537.28
2022-03-30 05:59:54,537.34
2022-03-30 05:59:59,537.44
2022-03-30 06:00:04,537.5
2022-03-30 06:00:09,537.51
2022-03-30 06:00:14,537.67
2022-03-30 06:00:19,537.67
2022-03-30 06:00:24,537.8
2022-03-30 06:00:29,537.86
2022-03-30 06:00:34,537.89
2022-03-30 06:00:39,537.96
2022-03-30 06:00:44,538.02
2022-03-30 06:00:49,538.02
2022-03-30 06:00:54,538.15
2022-03-30 06:00:59,538.19
2022-03-30 06:01:04,538.19
2022-03-30 06:01:09,538.25
2022-03-30 06:01:14,538.32
2022-03-30 06:01:19,538.38
2022-03-30 06:01:24,538.38
2022-03-30 06:01:29,538.48
2022-03-30 06:01:34,538.48
2022-03-30 06:01:39,538.54
2022-03-30 06:01:44,538.61
2022-03-30 06:01:49,538.67
2022-03-30 06:01:54,538.67
2022-03-30 06:01:59,538.71
2022-03-30 06:02:04,538.83
2022-03-30 06:02:09,538.77
2022-03-30 06:02:14,538.9
2022-03-30 06:02:19,538.9
2022-03-30 06:02:24,538.93
2022-03-30 06:02:29,539.0
2022-03-30 06:02:34,537.71
2022-03-30 06:02:39,539.13
2022-03-30 06:02:44,539.13
2022-03-30 06:02:49,539.22
2022-03-30 06:02:54,539.29
2022-03-30 06:02:59,539.29
2022-03-30 06:03:04,539.35
2022-03-30 06:03:09,539.41
2022-03-30 06:03:14,539.45
2022-03-30 06:03:19,539.51
2022-03-30 06:03:24,539.58
2022-03-30 06:03:29,539.64
2022-03-30 06:03:34,539.7
2022-03-30 06:03:39,539.74
2022-03-30 06:03:44,539.8
2022-03-30 06:03:49,539.87
2022-03-30 06:03:54,539.87
2022-03-30 06:03:59,539.93
2022-03-30 06:04:04,539.93
2022-03-30 06:04:09,540.03
2022-03-30 06:04:14,540.09
2022-03-30 06:04:19,540.16
2022-03-30 06:04:24,540.16
2022-03-30 06:04:29,540.25
2022-03-30 06:04:34,540.25
2022-03-30 06:04:39,540.31
2022-03-30 06:04:44,540.38
2022-03-30 06:04:49,540.47
2022-03-30 06:04:54,540.54
2022-03-30 06:04:59,540.6
2022-03-30 06:05:04,540.66
2022-03-30 06:05:09,540.73
2022-03-30 06:05:14,540.89
2022-03-30 06:05:19,540.95
2022-03-30 06:05:24,540.99
2022-03-30 06:05:29,541.12
2022-03-30 06:05:34,541.18
2022-03-30 06:05:39,541.28
2022-03-30 06:05:44,541.4
2022-03-30 06:05:49,541.5
2022-03-30 06:05:54,541.63
2022-03-30 06:05:59,541.76
2022-03-30 06:06:04,541.85
2022-03-30 06:06:09,541.92
2022-03-30 06:06:14,542.08
2022-03-30 06:06:19,542.14
2022-03-30 06:06:24,542.3
2022-03-30 06:06:29,542.36
2022-03-30 06:06:34,542.52
2022-03-30 06:06:39,542.65
2022-03-30 06:06:44,542.78
2022-03-30 06:06:49,542.94
2022-03-30 06:06:54,543.04
2022-03-30 06:06:59,543.16
2022-03-30 06:07:04,543.29
2022-03-30 06:07:09,543.39
2022-03-30 06:07:14,543.55
2022-03-30 06:07:19,543.61
2022-03-30 06:07:24,543.8
2022-03-30 06:07:29,543.84
2022-03-30 06:07:34,543.96
2022-03-30 06:07:39,544.03
2022-03-30 06:07:44,544.13
2022-03-30 06:07:49,544.25
2022-03-30 06:07:54,544.35
2022-03-30 06:07:59,544.42
2022-03-30 06:08:04,544.48
2022-03-30 06:08:09,544.54
2022-03-30 06:08:14,544.58
2022-03-30 06:08:19,544.58
2022-03-30 06:08:24,544.64
2022-03-30 06:08:29,544.58
2022-03-30 06:08:34,544.64
2022-03-30 06:08:39,544.64
2022-03-30 06:08:44,544.57
2022-03-30 06:08:49,544.58
2022-03-30 06:08:54,544.54
2022-03-30 06:08:59,544.54
2022-03-30 06:09:04,544.54
2022-03-30 06:09:09,544.48
2022-03-30 06:09:14,544.42
2022-03-30 06:09:19,544.32
2022-03-30 06:09:24,544.25
2022-03-30 06:09:29,544.13
2022-03-30 06:09:34,544.06
2022-03-30 06:09:39,543.96
2022-03-30 06:09:44,543.8
2022-03-30 06:09:49,543.67
2022-03-30 06:09:54,543.55
2022-03-30 06:09:59,543.39
2022-03-30 06:10:04,543.23
2022-03-30 06:10:09,543.03
2022-03-30 06:10:14,542.87
2022-03-30 06:10:19,542.65
2022-03-30 06:10:24,542.48
2022-03-30 06:10:29,542.26
2022-03-30 06:10:34,542.0
2022-03-30 06:10:39,541.78
2022-03-30 06:10:44,541.49
2022-03-30 06:10:49,541.27
2022-03-30 06:10:54,541.04
2022-03-30 06:10:59,540.75
2022-03-30 06:11:04,540.53
2022-03-30 06:11:09,540.24
2022-03-30 06:11:14,539.95
2022-03-30 06:11:19,539.63
2022-03-30 06:11:24,539.4
2022-03-30 06:11:29,539.05
2022-03-30 06:11:34,538.82
2022-03-30 06:11:39,538.6
2022-03-30 06:11:44,538.25
2022-03-30 06:11:49,537.96
2022-03-30 06:11:54,537.63
2022-03-30 06:11:59,537.38
2022-03-30 06:12:04,537.06
2022-03-30 06:12:09,536.77
2022-03-30 06:12:14,536.48
2022-03-30 06:12:19,536.19
2022-03-30 06:12:24,535.9
2022-03-30 06:12:29,535.68
2022-03-30 06:12:34,535.39
2022-03-30 06:12:39,535.16
2022-03-30 06:12:44,534.87
2022-03-30 06:12:49,534.65
2022-03-30 06:12:54,534.36
2022-03-30 06:12:59,534.13
2022-03-30 06:13:04,533.84
2022-03-30 06:13:09,533.62
2022-03-30 06:13:14,533.46
2022-03-30 06:13:19,533.23
2022-03-30 06:13:24,533.01
2022-03-30 06:13:29,532.81
2022-03-30 06:13:34,532.59
2022-03-30 06:13:39,532.43
2022-03-30 06:13:44,532.24
2022-03-30 06:13:49,532.01
2022-03-30 06:13:54,531.85
2022-03-30 06:13:59,531.69
2022-03-30 06:14:04,531.5
2022-03-30 06:14:09,531.4
2022-03-30 06:14:14,531.21
2022-03-30 06:14:19,531.05
2022-03-30 06:14:24,530.89
2022-03-30 06:14:29,530.83
2022-03-30 06:14:34,530.67
2022-03-30 06:14:39,530.54
2022-03-30 06:14:44,530.44
2022-03-30 06:14:49,530.31
2022-03-30 06:14:54,530.15
2022-03-30 06:14:59,530.15
2022-03-30 06:15:04,530.09
2022-03-30 06:15:09,530.03
2022-03-30 06:15:14,529.93
2022-03-30 06:15:19,529.8
2022-03-30 06:15:24,529.8
2022-03-30 06:15:29,529.74
2022-03-30 06:15:34,537.71
2022-03-30 06:15:39,529.58
2022-03-30 06:15:44,529.51
2022-03-30 06:15:49,529.51
2022-03-30 06:15:54,529.45
2022-03-30 06:15:59,529.42
2022-03-30 06:16:04,529.42
2022-03-30 06:16:09,529.42
2022-03-30 06:16:14,529.35
2022-03-30 06:16:19,529.35
2022-03-30 06:16:24,529.29
2022-03-30 06:16:29,529.29
2022-03-30 06:16:34,529.29
2022-03-30 06:16:39,529.29
2022-03-30 06:16:44,529.29
2022-03-30 06:16:49,529.29
2022-03-30 06:16:54,529.23
2022-03-30 06:16:59,529.23
2022-03-30 06:17:04,529.17
2022-03-30 06:17:09,529.13
2022-03-30 06:17:14,529.13
2022-03-30 06:17:19,529.07
2022-03-30 06:17:24,529.01
2022-03-30 06:17:29,529.01
2022-03-30 06:17:34,529.01
2022-03-30 06:17:39,529.01
2022-03-30 06:17:44,528.95
2022-03-30 06:17:49,528.92
2022-03-30 06:17:54,528.92
2022-03-30 06:17:59,528.85
2022-03-30 06:18:04,528.85
2022-03-30 06:18:09,528.79
2022-03-30 06:18:14,528.73
2022-03-30 06:18:19,528.73
2022-03-30 06:18:24,528.66
2022-03-30 06:18:29,528.67
2022-03-30 06:18:34,528.63
2022-03-30 06:18:39,528.64
2022-03-30 06:18:44,528.57
2022-03-30 06:18:49,528.51
2022-03-30 06:18:54,528.51
2022-03-30 06:18:59,528.51
2022-03-30 06:19:04,528.45
2022-03-30 06:19:09,528.51
2022-03-30 06:19:14,528.51
2022-03-30 06:19:19,528.51
2022-03-30 06:19:24,528.51
2022-03-30 06:19:29,528.51
2022-03-30 06:19:34,528.51
2022-03-30 06:19:39,528.51
2022-03-30 06:19:44,528.58
2022-03-30 06:19:49,528.58
2022-03-30 06:19:54,528.65
2022-03-30 06:19:59,528.68
2022-03-30 06:20:04,528.68
2022-03-30 06:20:09,528.74
2022-03-30 06:20:14,528.81
2022-03-30 06:20:19,528.94
2022-03-30 06:20:24,528.97
2022-03-30 06:20:29,529.04
2022-03-30 06:20:34,529.1
2022-03-30 06:20:39,529.16
2022-03-30 06:20:44,529.26
2022-03-30 06:20:49,529.33
2022-03-30 06:20:54,529.39
2022-03-30 06:20:59,529.49
2022-03-30 06:21:04,529.62
2022-03-30 06:21:09,529.71
2022-03-30 06:21:14,529.78
2022-03-30 06:21:19,529.97
2022-03-30 06:21:24,530.07
2022-03-30 06:21:29,530.2
2022-03-30 06:21:34,530.29
2022-03-30 06:21:39,530.49
2022-03-30 06:21:44,530.58
2022-03-30 06:21:49,530.72
2022-03-30 06:21:54,530.81
2022-03-30 06:21:59,531.0
2022-03-30 06:22:04,531.16
2022-03-30 06:22:09,531.26
2022-03-30 06:22:14,531.45
2022-03-30 06:22:19,531.55
2022-03-30 06:22:24,531.74
2022-03-30 06:22:29,537.71
2022-03-30 06:22:34,532.06
2022-03-30 06:22:39,532.19
2022-03-30 06:22:44,532.35
2022-03-30 06:22:49,532.55
2022-03-30 06:22:54,532.71
2022-03-30 06:22:59,532.93
2022-03-30 06:23:04,533.09
2022-03-30 06:23:09,533.32
2022-03-30 06:23:14,533.58
2022-03-30 06:23:19,533.74
2022-03-30 06:23:24,533.96
2022-03-30 06:23:29,534.12
2022-03-30 06:23:34,534.35
2022-03-30 06:23:39,534.6
2022-03-30 06:23:44,534.83
2022-03-30 06:23:49,534.99
2022-03-30 06:23:54,535.21
2022-03-30 06:23:59,535.51
2022-03-30 06:24:04,535.66
2022-03-30 06:24:09,535.89
2022-03-30 06:24:14,536.15
2022-03-30 06:24:19,536.31
2022-03-30 06:24:24,536.6
2022-03-30 06:24:29,536.76
2022-03-30 06:24:34,537.71
2022-03-30 06:24:39,537.2
2022-03-30 06:24:44,537.4
2022-03-30 06:24:49,537.62
2022-03-30 06:24:54,537.85
2022-03-30 06:24:59,538.07
2022-03-30 06:25:04,538.23
2022-03-30 06:25:09,538.43
2022-03-30 06:25:14,538.59
2022-03-30 06:25:19,538.81
2022-03-30 06:25:24,538.97
2022-03-30 06:25:29,539.23
2022-03-30 06:25:34,539.39
2022-03-30 06:25:39,539.55
2022-03-30 06:25:44,539.75
2022-03-30 06:25:49,539.91
2022-03-30 06:25:54,540.07
2022-03-30 06:25:59,540.29
2022-03-30 06:26:04,540.42
2022-03-30 06:26:09,540.58
2022-03-30 06:26:14,540.78
2022-03-30 06:26:19,540.87
2022-03-30 06:26:24,541.0
2022-03-30 06:26:29,541.16
2022-03-30 06:26:34,541.29
2022-03-30 06:26:39,541.39
2022-03-30 06:26:44,541.45
2022-03-30 06:26:49,541.55
2022-03-30 06:26:54,541.61
2022-03-30 06:26:59,541.74
2022-03-30 06:27:04,541.74
2022-03-30 06:27:09,541.81
2022-03-30 06:27:14,541.9
2022-03-30 06:27:19,541.9
2022-03-30 06:27:24,541.9
2022-03-30 06:27:29,541.9
2022-03-30 06:27:34,541.9
2022-03-30 06:27:39,541.91
2022-03-30 06:27:44,541.97
2022-03-30 06:27:49,541.97
2022-03-30 06:27:54,541.91
2022-03-30 06:27:59,541.91
2022-03-30 06:28:04,541.91
2022-03-30 06:28:09,541.91
2022-03-30 06:28:14,541.84
2022-03-30 06:28:19,541.81
2022-03-30 06:28:24,541.81
2022-03-30 06:28:29,541.75
2022-03-30 06:28:34,541.69
2022-03-30 06:28:39,541.69
2022-03-30 06:28:44,541.62
2022-03-30 06:28:49,541.56
2022-03-30 06:28:54,541.53
2022-03-30 06:28:59,541.46
2022-03-30 06:29:04,541.4
2022-03-30 06:29:09,541.3
2022-03-30 06:29:14,541.3
2022-03-30 06:29:19,541.17
2022-03-30 06:29:24,541.04
2022-03-30 06:29:29,541.01
2022-03-30 06:29:34,541.01
2022-03-30 06:29:39,540.82
2022-03-30 06:29:44,540.79
2022-03-30 06:29:49,540.66
2022-03-30 06:29:54,540.53
2022-03-30 06:29:59,540.37
2022-03-30 06:30:04,540.27
2022-03-30 06:30:09,540.14
2022-03-30 06:30:14,540.14
2022-03-30 06:30:19,539.98
2022-03-30 06:30:24,539.85
2022-03-30 06:30:29,539.76
2022-03-30 06:30:34,539.63
2022-03-30 06:30:39,539.5
2022-03-30 06:30:44,539.4
2022-03-30 06:30:49,539.27
2022-03-30 06:30:54,539.17
2022-03-30 06:30:59,539.05
2022-03-30 06:31:04,538.95
2022-03-30 06:31:09,538.89
2022-03-30 06:31:14,538.73
2022-03-30 06:31:19,538.66
2022-03-30 06:31:24,538.47
2022-03-30 06:31:29,538.37
2022-03-30 06:31:34,538.3
2022-03-30 06:31:39,538.08
2022-03-30 06:31:44,538.02
2022-03-30 06:31:49,537.92
2022-03-30 06:31:54,537.72
2022-03-30 06:31:59,537.62
2022-03-30 06:32:04,537.5
2022-03-30 06:32:09,537.4
2022-03-30 06:32:14,537.27
2022-03-30 06:32:19,537.18
2022-03-30 06:32:24,536.98
2022-03-30 06:32:29,536.92
2022-03-30 06:32:34,536.75
2022-03-30 06:32:39,536.69
2022-03-30 06:32:44,536.59
2022-03-30 06:32:49,536.46
2022-03-30 06:32:54,536.37
2022-03-30 06:32:59,536.24
2022-03-30 06:33:04,536.17
2022-03-30 06:33:09,536.07
2022-03-30 06:33:14,535.94
2022-03-30 06:33:19,535.85
2022-03-30 06:33:24,535.78
2022-03-30 06:33:29,535.65
2022-03-30 06:33:34,535.55
2022-03-30 06:33:39,535.55
2022-03-30 06:33:44,535.42
2022-03-30 06:33:49,535.33
2022-03-30 06:33:54,535.33
2022-03-30 06:33:59,535.13
2022-03-30 06:34:04,535.1
2022-03-30 06:34:09,535.03
2022-03-30 06:34:14,534.97
2022-03-30 06:34:19,534.9
2022-03-30 06:34:24,534.9
2022-03-30 06:34:29,534.84
2022-03-30 06:34:34,534.8
2022-03-30 06:34:39,534.8
2022-03-30 06:34:44,534.74
2022-03-30 06:34:49,534.67
2022-03-30 06:34:54,534.61
2022-03-30 06:34:59,534.61
2022-03-30 06:35:04,534.61
2022-03-30 06:35:09,534.57
2022-03-30 06:35:14,534.57
2022-03-30 06:35:19,534.57
2022-03-30 06:35:24,534.57
2022-03-30 06:35:29,534.57
2022-03-30 06:35:34,534.57
2022-03-30 06:35:39,534.57
2022-03-30 06:35:44,534.57
2022-03-30 06:35:49,534.57
2022-03-30 06:35:54,534.6
2022-03-30 06:35:59,534.6
2022-03-30 06:36:04,534.67
2022-03-30 06:36:09,534.67
2022-03-30 06:36:14,534.73
2022-03-30 06:36:19,534.73
2022-03-30 06:36:24,534.79
2022-03-30 06:36:29,534.79
2022-03-30 06:36:34,534.89
2022-03-30 06:36:39,534.89
2022-03-30 06:36:44,534.96
2022-03-30 06:36:49,534.96
2022-03-30 06:36:54,535.02
2022-03-30 06:36:59,535.02
2022-03-30 06:37:04,535.08
2022-03-30 06:37:09,535.12
2022-03-30 06:37:14,535.11
2022-03-30 06:37:19,535.12
2022-03-30 06:37:24,535.18
2022-03-30 06:37:29,535.25
2022-03-30 06:37:34,535.25
2022-03-30 06:37:39,535.25
2022-03-30 06:37:44,535.31
2022-03-30 06:37:49,535.34
2022-03-30 06:37:54,535.34
2022-03-30 06:37:59,535.34
2022-03-30 06:38:04,535.41
2022-03-30 06:38:09,535.41
2022-03-30 06:38:14,535.47
2022-03-30 06:38:19,535.47
2022-03-30 06:38:24,535.47
2022-03-30 06:38:29,535.47
2022-03-30 06:38:34,535.47
2022-03-30 06:38:39,535.47
2022-03-30 06:38:44,535.54
2022-03-30 06:38:49,535.54
2022-03-30 06:38:54,535.54
2022-03-30 06:38:59,535.54
2022-03-30 06:39:04,535.54
2022-03-30 06:39:09,535.6
2022-03-30 06:39:14,535.6
2022-03-30 06:39:19,535.61
2022-03-30 06:39:24,535.61
2022-03-30 06:39:29,535.64
2022-03-30 06:39:34,535.61
2022-03-30 06:39:39,535.64
2022-03-30 06:39:44,535.61
2022-03-30 06:39:49,535.61
2022-03-30 06:39:54,535.64
2022-03-30 06:39:59,535.71
2022-03-30 06:40:04,535.71
2022-03-30 06:40:09,535.65
2022-03-30 06:40:14,535.71
2022-03-30 06:40:19,535.71
2022-03-30 06:40:24,535.71
2022-03-30 06:40:29,535.71
2022-03-30 06:40:34,535.65
2022-03-30 06:40:39,535.71
2022-03-30 06:40:44,535.62
2022-03-30 06:40:49,535.62
2022-03-30 06:40:54,535.55
2022-03-30 06:40:59,535.55
2022-03-30 06:41:04,535.55
2022-03-30 06:41:09,535.49
2022-03-30 06:41:14,535.42
2022-03-30 06:41:19,535.42
2022-03-30 06:41:24,535.33
2022-03-30 06:41:29,535.33
2022-03-30 06:41:34,535.26
2022-03-30 06:41:39,535.2
2022-03-30 06:41:44,535.14
2022-03-30 06:41:49,535.14
2022-03-30 06:41:54,535.1
2022-03-30 06:41:59,535.04
2022-03-30 06:42:04,534.98
2022-03-30 06:42:09,534.91
2022-03-30 06:42:14,534.82
2022-03-30 06:42:19,534.82
2022-03-30 06:42:24,534.75
2022-03-30 06:42:29,534.69
2022-03-30 06:42:34,534.62
2022-03-30 06:42:39,534.59
2022-03-30 06:42:44,534.59
2022-03-30 06:42:49,534.53
2022-03-30 06:42:54,534.53
2022-03-30 06:42:59,534.47
2022-03-30 06:43:04,534.4
2022-03-30 06:43:09,534.4
2022-03-30 06:43:14,534.34
2022-03-30 06:43:19,534.34
2022-03-30 06:43:24,534.34
2022-03-30 06:43:29,534.31
2022-03-30 06:43:34,534.31
2022-03-30 06:43:39,534.31
2022-03-30 06:43:44,534.24
2022-03-30 06:43:49,534.25
2022-03-30 06:43:54,534.18
2022-03-30 06:43:59,534.12
2022-03-30 06:44:04,534.11
2022-03-30 06:44:09,534.12
2022-03-30 06:44:14,534.12
2022-03-30 06:44:19,534.12
2022-03-30 06:44:24,534.08
2022-03-30 06:44:29,534.12
2022-03-30 06:44:34,534.09
2022-03-30 06:44:39,534.02
2022-03-30 06:44:44,534.09
2022-03-30 06:44:49,534.12
2022-03-30 06:44:54,534.12
2022-03-30 06:44:59,534.12
2022-03-30 06:45:04,534.19
2022-03-30 06:45:09,534.12
2022-03-30 06:45:14,534.13
2022-03-30 06:45:19,534.19
2022-03-30 06:45:24,534.19
2022-03-30 06:45:29,534.25
2022-03-30 06:45:34,534.25
2022-03-30 06:45:39,534.32
2022-03-30 06:45:44,534.32
2022-03-30 06:45:49,534.36
2022-03-30 06:45:54,534.42
2022-03-30 06:45:59,534.42
2022-03-30 06:46:04,534.49
2022-03-30 06:46:09,534.42
2022-03-30 06:46:14,534.55
2022-03-30 06:46:19,534.55
2022-03-30 06:46:24,534.55
2022-03-30 06:46:29,534.62
2022-03-30 06:46:34,534.62
2022-03-30 06:46:39,534.65
2022-03-30 06:46:44,534.65
2022-03-30 06:46:49,534.65
2022-03-30 06:46:54,534.72
2022-03-30 06:46:59,534.78
2022-03-30 06:47:04,534.85
2022-03-30 06:47:09,534.79
2022-03-30 06:47:14,534.85
2022-03-30 06:47:19,534.88
2022-03-30 06:47:24,534.88
2022-03-30 06:47:29,534.88
2022-03-30 06:47:34,534.95
2022-03-30 06:47:39,534.95
2022-03-30 06:47:44,535.01
2022-03-30 06:47:49,535.02
2022-03-30 06:47:54,535.08
2022-03-30 06:47:59,535.08
2022-03-30 06:48:04,535.08
2022-03-30 06:48:09,535.08
2022-03-30 06:48:14,535.08
2022-03-30 06:48:19,535.08
2022-03-30 06:48:24,535.08
2022-03-30 06:48:29,535.02
2022-03-30 06:48:34,535.02
2022-03-30 06:48:39,535.08
2022-03-30 06:48:44,535.02
2022-03-30 06:48:49,535.02
2022-03-30 06:48:54,534.95
2022-03-30 06:48:59,534.95
2022-03-30 06:49:04,534.95
2022-03-30 06:49:09,534.95
2022-03-30 06:49:14,534.89
2022-03-30 06:49:19,534.85
2022-03-30 06:49:24,534.86
2022-03-30 06:49:29,534.85
2022-03-30 06:49:34,534.79
2022-03-30 06:49:39,534.73
2022-03-30 06:49:44,534.73
2022-03-30 06:49:49,534.66
2022-03-30 06:49:54,534.66
2022-03-30 06:49:59,534.66
2022-03-30 06:50:04,534.66
2022-03-30 06:50:09,534.63
2022-03-30 06:50:14,534.66
2022-03-30 06:50:19,534.63
2022-03-30 06:50:24,534.63
2022-03-30 06:50:29,534.63
2022-03-30 06:50:34,534.66
2022-03-30 06:50:39,534.62
2022-03-30 06:50:44,534.66
2022-03-30 06:50:49,534.63
2022-03-30 06:50:54,534.62
2022-03-30 06:50:59,534.62
2022-03-30 06:51:04,534.56
2022-03-30 06:51:09,534.56
2022-03-30 06:51:14,534.63
2022-03-30 06:51:19,534.62
2022-03-30 06:51:24,534.56
2022-03-30 06:51:29,534.56
2022-03-30 06:51:34,534.56
2022-03-30 06:51:39,534.49
2022-03-30 06:51:44,534.49
2022-03-30 06:51:49,534.49
2022-03-30 06:51:54,534.49
2022-03-30 06:51:59,534.49
2022-03-30 06:52:04,534.49
2022-03-30 06:52:09,534.49
2022-03-30 06:52:14,534.42
2022-03-30 06:52:19,534.49
2022-03-30 06:52:24,534.49
2022-03-30 06:52:29,534.49
2022-03-30 06:52:34,534.55
2022-03-30 06:52:39,534.49
2022-03-30 06:52:44,534.55
2022-03-30 06:52:49,534.55
2022-03-30 06:52:54,534.55
2022-03-30 06:52:59,534.55
2022-03-30 06:53:04,534.55
2022-03-30 06:53:09,534.54
2022-03-30 06:53:14,534.54
2022-03-30 06:53:19,534.64
2022-03-30 06:53:24,534.64
2022-03-30 06:53:29,534.64
2022-03-30 06:53:34,534.71
2022-03-30 06:53:39,534.7
2022-03-30 06:53:44,534.77
2022-03-30 06:53:49,534.83
2022-03-30 06:53:54,534.83
2022-03-30 06:53:59,534.86
2022-03-30 06:54:04,534.93
2022-03-30 06:54:09,534.93
2022-03-30 06:54:14,534.99
2022-03-30 06:54:19,535.06
2022-03-30 06:54:24,535.12
2022-03-30 06:54:29,535.12
2022-03-30 06:54:34,535.22
2022-03-30 06:54:39,535.28
2022-03-30 06:54:44,535.28
2022-03-30 06:54:49,535.35
2022-03-30 06:54:54,535.38
2022-03-30 06:54:59,535.44
2022-03-30 06:55:04,535.44
2022-03-30 06:55:09,535.51
2022-03-30 06:55:14,535.57
2022-03-30 06:55:19,535.64
2022-03-30 06:55:24,535.64
2022-03-30 06:55:29,535.67
2022-03-30 06:55:34,535.67
2022-03-30 06:55:39,535.67
2022-03-30 06:55:44,535.73
2022-03-30 06:55:49,535.8
2022-03-30 06:55:54,535.8
2022-03-30 06:55:59,535.86
2022-03-30 06:56:04,535.89
2022-03-30 06:56:09,535.96
2022-03-30 06:56:14,535.9
2022-03-30 06:56:19,535.96
2022-03-30 06:56:24,536.03
2022-03-30 06:56:29,536.03
2022-03-30 06:56:34,536.09
2022-03-30 06:56:39,536.09
2022-03-30 06:56:44,536.15
2022-03-30 06:56:49,536.15
2022-03-30 06:56:54,536.09
2022-03-30 06:56:59,536.09
2022-03-30 06:57:04,536.09
2022-03-30 06:57:09,536.15
2022-03-30 06:57:14,536.09
2022-03-30 06:57:19,536.09
2022-03-30 06:57:24,536.09
2022-03-30 06:57:29,536.02
2022-03-30 06:57:34,536.09
2022-03-30 06:57:39,536.09
2022-03-30 06:57:44,535.96
2022-03-30 06:57:49,535.96
2022-03-30 06:57:54,536.02
2022-03-30 06:57:59,535.96
2022-03-30 06:58:04,535.89
2022-03-30 06:58:09,535.86
2022-03-30 06:58:14,535.86
2022-03-30 06:58:19,535.86
2022-03-30 06:58:24,535.79
2022-03-30 06:58:29,535.72
2022-03-30 06:58:34,535.66
2022-03-30 06:58:39,535.63
2022-03-30 06:58:44,535.63
2022-03-30 06:58:49,535.57
2022-03-30 06:58:54,535.5
2022-03-30 06:58:59,535.5
2022-03-30 06:59:04,535.44
2022-03-30 06:59:09,535.37
2022-03-30 06:59:14,535.33
2022-03-30 06:59:19,535.33
2022-03-30 06:59:24,535.27
2022-03-30 06:59:29,535.27
2022-03-30 06:59:34,535.2
2022-03-30 06:59:39,535.14
2022-03-30 06:59:44,535.11
2022-03-30 06:59:49,534.97
2022-03-30 06:59:54,534.98
2022-03-30 06:59:59,534.91
2022-03-30 07:00:04,534.85
2022-03-30 07:00:09,534.81
2022-03-30 07:00:14,534.75
2022-03-30 07:00:19,534.68
2022-03-30 07:00:24,534.62
2022-03-30 07:00:29,534.62
2022-03-30 07:00:34,534.58
2022-03-30 07:00:39,534.52
2022-03-30 07:00:44,534.45
2022-03-30 07:00:49,534.45
2022-03-30 07:00:54,534.45
2022-03-30 07:00:59,534.39
2022-03-30 07:01:04,534.32
2022-03-30 07:01:09,534.31
2022-03-30 07:01:14,534.28
2022-03-30 07:01:19,534.28
2022-03-30 07:01:24,534.15
2022-03-30 07:01:29,534.22
2022-03-30 07:01:34,534.15
2022-03-30 07:01:39,534.15
2022-03-30 07:01:44,534.15
2022-03-30 07:01:49,534.08
2022-03-30 07:01:54,534.05
2022-03-30 07:01:59,534.08
2022-03-30 07:02:04,534.04
2022-03-30 07:02:09,533.98
2022-03-30 07:02:14,534.04
2022-03-30 07:02:19,533.97
2022-03-30 07:02:24,533.97
2022-03-30 07:02:29,533.91
2022-03-30 07:02:34,533.97
2022-03-30 07:02:39,533.97
2022-03-30 07:02:44,533.97
2022-03-30 07:02:49,533.97
2022-03-30 07:02:54,533.97
2022-03-30 07:02:59,533.97
2022-03-30 07:03:04,534.03
2022-03-30 07:03:09,534.03
2022-03-30 07:03:14,534.03
2022-03-30 07:03:19,534.06
2022-03-30 07:03:24,534.06
2022-03-30 07:03:29,534.06
2022-03-30 07:03:34,534.06
2022-03-30 07:03:39,534.06
2022-03-30 07:03:44,534.12
2022-03-30 07:03:49,534.19
2022-03-30 07:03:54,534.19
2022-03-30 07:03:59,534.25
2022-03-30 07:04:04,534.28
2022-03-30 07:04:09,534.28
2022-03-30 07:04:14,534.28
2022-03-30 07:04:19,534.34
2022-03-30 07:04:24,534.41
2022-03-30 07:04:29,534.47
2022-03-30 07:04:34,534.54
2022-03-30 07:04:39,534.57
2022-03-30 07:04:44,534.69
2022-03-30 07:04:49,534.76
2022-03-30 07:04:54,534.79
2022-03-30 07:04:59,534.86
2022-03-30 07:05:04,534.92
2022-03-30 07:05:09,535.05
2022-03-30 07:05:14,535.08
2022-03-30 07:05:19,535.15
2022-03-30 07:05:24,535.21
2022-03-30 07:05:29,535.31
2022-03-30 07:05:34,535.37
2022-03-30 07:05:39,535.5
2022-03-30 07:05:44,535.56
2022-03-30 07:05:49,535.66
2022-03-30 07:05:54,535.66
2022-03-30 07:05:59,535.79
2022-03-30 07:06:04,535.82
2022-03-30 07:06:09,535.89
2022-03-30 07:06:14,536.02
2022-03-30 07:06:19,536.08
2022-03-30 07:06:24,536.11
2022-03-30 07:06:29,536.24
2022-03-30 07:06:34,536.34
2022-03-30 07:06:39,536.4
2022-03-30 07:06:44,536.47
2022-03-30 07:06:49,536.53
2022-03-30 07:06:54,536.62
2022-03-30 07:06:59,536.69
2022-03-30 07:07:04,536.82
2022-03-30 07:07:09,536.85
2022-03-30 07:07:14,536.91
2022-03-30 07:07:19,536.98
2022-03-30 07:07:24,537.04
2022-03-30 07:07:29,537.04
2022-03-30 07:07:34,537.14
2022-03-30 07:07:39,537.14
2022-03-30 07:07:44,537.14
2022-03-30 07:07:49,537.27
2022-03-30 07:07:54,537.27
2022-03-30 07:07:59,537.27
2022-03-30 07:08:04,537.33
2022-03-30 07:08:09,537.33
2022-03-30 07:08:14,537.36
2022-03-30 07:08:19,537.36
2022-03-30 07:08:24,537.36
2022-03-30 07:08:29,537.43
2022-03-30 07:08:34,537.36
2022-03-30 07:08:39,537.36
2022-03-30 07:08:44,537.33
2022-03-30 07:08:49,537.33
2022-03-30 07:08:54,537.33
2022-03-30 07:08:59,537.32
2022-03-30 07:09:04,537.26
2022-03-30 07:09:09,537.26
2022-03-30 07:09:14,537.26
2022-03-30 07:09:19,537.19
2022-03-30 07:09:24,537.09
2022-03-30 07:09:29,537.09
2022-03-30 07:09:34,537.03
2022-03-30 07:09:39,536.96
2022-03-30 07:09:44,536.96
2022-03-30 07:09:49,536.96
2022-03-30 07:09:54,536.83
2022-03-30 07:09:59,536.8
2022-03-30 07:10:04,536.73
2022-03-30 07:10:09,536.73
2022-03-30 07:10:14,536.67
2022-03-30 07:10:19,536.6
2022-03-30 07:10:24,536.57
2022-03-30 07:10:29,536.57
2022-03-30 07:10:34,536.5
2022-03-30 07:10:39,536.5
2022-03-30 07:10:44,536.44
2022-03-30 07:10:49,536.44
2022-03-30 07:10:54,536.37
2022-03-30 07:10:59,536.36
2022-03-30 07:11:04,536.36
2022-03-30 07:11:09,536.36
2022-03-30 07:11:14,536.3
2022-03-30 07:11:19,536.3
2022-03-30 07:11:24,536.3
2022-03-30 07:11:29,536.3
2022-03-30 07:11:34,536.3
2022-03-30 07:11:39,536.36
2022-03-30 07:11:44,536.36
2022-03-30 07:11:49,536.36
2022-03-30 07:11:54,536.36
2022-03-30 07:11:59,536.36
2022-03-30 07:12:04,536.42
2022-03-30 07:12:09,536.41
2022-03-30 07:12:14,536.35
2022-03-30 07:12:19,536.41
2022-03-30 07:12:24,536.48
2022-03-30 07:12:29,536.47
2022-03-30 07:12:34,536.48
2022-03-30 07:12:39,536.41
2022-03-30 07:12:44,536.47
2022-03-30 07:12:49,536.47
2022-03-30 07:12:54,536.47
2022-03-30 07:12:59,536.47
2022-03-30 07:13:04,536.47
2022-03-30 07:13:09,536.47
2022-03-30 07:13:14,536.47
2022-03-30 07:13:19,536.46
2022-03-30 07:13:24,536.46
2022-03-30 07:13:29,536.46
2022-03-30 07:13:34,536.46
2022-03-30 07:13:39,536.46
2022-03-30 07:13:44,536.46
2022-03-30 07:13:49,536.4
2022-03-30 07:13:54,536.4
2022-03-30 07:13:59,536.4
2022-03-30 07:14:04,536.39
2022-03-30 07:14:09,536.39
2022-03-30 07:14:14,536.33
2022-03-30 07:14:19,536.33
2022-03-30 07:14:24,536.27
2022-03-30 07:14:29,536.27
2022-03-30 07:14:34,536.23
2022-03-30 07:14:39,536.23
2022-03-30 07:14:44,536.23
2022-03-30 07:14:49,536.17
2022-03-30 07:14:54,536.17
2022-03-30 07:14:59,536.17
2022-03-30 07:15:04,536.17
2022-03-30 07:15:09,536.1
2022-03-30 07:15:14,536.1
2022-03-30 07:15:19,536.1
2022-03-30 07:15:24,536.04
2022-03-30 07:15:29,536.04
2022-03-30 07:15:34,536.0
2022-03-30 07:15:39,536.0
2022-03-30 07:15:44,536.0
2022-03-30 07:15:49,535.94
2022-03-30 07:15:54,535.94
2022-03-30 07:15:59,535.94
2022-03-30 07:16:04,535.94
2022-03-30 07:16:09,535.94
2022-03-30 07:16:14,535.81
2022-03-30 07:16:19,535.88
2022-03-30 07:16:24,535.81
2022-03-30 07:16:29,535.75
2022-03-30 07:16:34,535.75
2022-03-30 07:16:39,535.75
2022-03-30 07:16:44,535.71
2022-03-30 07:16:49,535.71
2022-03-30 07:16:54,535.65
2022-03-30 07:16:59,535.58
2022-03-30 07:17:04,535.59
2022-03-30 07:17:09,535.59
2022-03-30 07:17:14,535.52
2022-03-30 07:17:19,535.59
2022-03-30 07:17:24,535.59
2022-03-30 07:17:29,535.49
2022-03-30 07:17:34,535.49
2022-03-30 07:17:39,535.52
2022-03-30 07:17:44,535.52
2022-03-30 07:17:49,535.52
2022-03-30 07:17:54,535.52
2022-03-30 07:17:59,535.59
2022-03-30 07:18:04,535.59
2022-03-30 07:18:09,535.59
2022-03-30 07:18:14,535.59
2022-03-30 07:18:19,535.65
2022-03-30 07:18:24,535.65
2022-03-30 07:18:29,535.65
2022-03-30 07:18:34,535.65
2022-03-30 07:18:39,535.72
2022-03-30 07:18:44,535.72
2022-03-30 07:18:49,535.72
2022-03-30 07:18:54,535.72
2022-03-30 07:18:59,535.72
2022-03-30 07:19:04,535.72
2022-03-30 07:19:09,535.72
2022-03-30 07:19:14,535.72
2022-03-30 07:19:19,535.75
2022-03-30 07:19:24,535.72
2022-03-30 07:19:29,535.75
2022-03-30 07:19:34,535.75
2022-03-30 07:19:39,535.82
2022-03-30 07:19:44,535.82
2022-03-30 07:19:49,535.82
2022-03-30 07:19:54,535.82
2022-03-30 07:19:59,535.82
2022-03-30 07:20:04,535.88
2022-03-30 07:20:09,535.95
2022-03-30 07:20:14,535.95
2022-03-30 07:20:19,536.01
2022-03-30 07:20:24,536.01
2022-03-30 07:20:29,536.04
2022-03-30 07:20:34,536.04
2022-03-30 07:20:39,536.04
2022-03-30 07:20:44,536.11
2022-03-30 07:20:49,536.11
2022-03-30 07:20:54,536.17
2022-03-30 07:20:59,536.24
2022-03-30 07:21:04,536.27
2022-03-30 07:21:09,536.27
2022-03-30 07:21:14,536.4
2022-03-30 07:21:19,536.4
2022-03-30 07:21:24,536.46
2022-03-30 07:21:29,536.53
2022-03-30 07:21:34,536.56
2022-03-30 07:21:39,536.62
2022-03-30 07:21:44,536.69
2022-03-30 07:21:49,536.75
2022-03-30 07:21:54,536.75
2022-03-30 07:21:59,536.85
2022-03-30 07:22:04,536.85
2022-03-30 07:22:09,536.98
2022-03-30 07:22:14,536.98
2022-03-30 07:22:19,536.98
2022-03-30 07:22:24,537.08
2022-03-30 07:22:29,537.14
2022-03-30 07:22:34,537.21
2022-03-30 07:22:39,537.27
2022-03-30 07:22:44,537.3
2022-03-30 07:22:49,537.37
2022-03-30 07:22:54,537.43
2022-03-30 07:22:59,537.5
2022-03-30 07:23:04,537.56
2022-03-30 07:23:09,537.59
2022-03-30 07:23:14,537.73
2022-03-30 07:23:19,537.73
2022-03-30 07:23:24,537.79
2022-03-30 07:23:29,537.79
2022-03-30 07:23:34,537.83
2022-03-30 07:23:39,537.83
2022-03-30 07:23:44,537.96
2022-03-30 07:23:49,537.89
2022-03-30 07:23:54,537.96
2022-03-30 07:23:59,537.96
2022-03-30 07:24:04,537.96
2022-03-30 07:24:09,537.96
2022-03-30 07:24:14,537.89
2022-03-30 07:24:19,537.96
2022-03-30 07:24:24,537.96
2022-03-30 07:24:29,537.9
2022-03-30 07:24:34,537.96
2022-03-30 07:24:39,537.9
2022-03-30 07:24:44,537.9
2022-03-30 07:24:49,537.96
2022-03-30 07:24:54,537.9
2022-03-30 07:24:59,537.97
2022-03-30 07:25:04,537.97
2022-03-30 07:25:09,537.97
2022-03-30 07:25:14,537.97
2022-03-30 07:25:19,537.97
2022-03-30 07:25:24,538.03
2022-03-30 07:25:29,538.1
2022-03-30 07:25:34,538.1
2022-03-30 07:25:39,538.1
2022-03-30 07:25:44,538.13
2022-03-30 07:25:49,538.13
2022-03-30 07:25:54,538.13
2022-03-30 07:25:59,538.19
2022-03-30 07:26:04,538.26
2022-03-30 07:26:09,538.26
2022-03-30 07:26:14,538.33
2022-03-30 07:26:19,538.36
2022-03-30 07:26:24,538.36
2022-03-30 07:26:29,538.42
2022-03-30 07:26:34,538.49
2022-03-30 07:26:39,538.55
2022-03-30 07:26:44,538.55
2022-03-30 07:26:49,538.62
2022-03-30 07:26:54,538.62
2022-03-30 07:26:59,538.65
2022-03-30 07:27:04,538.72
2022-03-30 07:27:09,538.78
2022-03-30 07:27:14,538.72
2022-03-30 07:27:19,538.78
2022-03-30 07:27:24,538.84
2022-03-30 07:27:29,538.88
2022-03-30 07:27:34,538.88
2022-03-30 07:27:39,538.94
2022-03-30 07:27:44,539.01
2022-03-30 07:27:49,539.01
2022-03-30 07:27:54,539.07
2022-03-30 07:27:59,539.13
2022-03-30 07:28:04,539.13
2022-03-30 07:28:09,539.16
2022-03-30 07:28:14,539.17
2022-03-30 07:28:19,539.16
2022-03-30 07:28:24,539.23
2022-03-30 07:28:29,539.29
2022-03-30 07:28:34,539.29
2022-03-30 07:28:39,539.29
2022-03-30 07:28:44,539.29
2022-03-30 07:28:49,539.29
2022-03-30 07:28:54,539.29
2022-03-30 07:28:59,539.36
2022-03-30 07:29:04,539.36
2022-03-30 07:29:09,539.35
2022-03-30 07:29:14,539.36
2022-03-30 07:29:19,539.29
2022-03-30 07:29:24,539.35
2022-03-30 07:29:29,539.29
2022-03-30 07:29:34,539.29
2022-03-30 07:29:39,539.29
2022-03-30 07:29:44,539.22
2022-03-30 07:29:49,539.22
2022-03-30 07:29:54,539.16
2022-03-30 07:29:59,539.12
2022-03-30 07:30:04,539.12
2022-03-30 07:30:09,539.06
2022-03-30 07:30:14,539.06
2022-03-30 07:30:19,538.99
2022-03-30 07:30:24,538.93
2022-03-30 07:30:29,538.86
2022-03-30 07:30:34,538.86
2022-03-30 07:30:39,538.83
2022-03-30 07:30:44,538.77
2022-03-30 07:30:49,538.7
2022-03-30 07:30:54,538.7
2022-03-30 07:30:59,538.61
2022-03-30 07:31:04,538.6
2022-03-30 07:31:09,538.54
2022-03-30 07:31:14,538.48
2022-03-30 07:31:19,538.35
2022-03-30 07:31:24,538.31
2022-03-30 07:31:29,538.25
2022-03-30 07:31:34,538.19
2022-03-30 07:31:39,538.12
2022-03-30 07:31:44,538.09
2022-03-30 07:31:49,537.96
2022-03-30 07:31:54,537.9
2022-03-30 07:31:59,537.83
2022-03-30 07:32:04,537.8
2022-03-30 07:32:09,537.67
2022-03-30 07:32:14,537.67
2022-03-30 07:32:19,537.61
2022-03-30 07:32:24,537.51
2022-03-30 07:32:29,537.51
2022-03-30 07:32:34,537.45
2022-03-30 07:32:39,537.38
2022-03-30 07:32:44,537.32
2022-03-30 07:32:49,537.32
2022-03-30 07:32:54,537.28
2022-03-30 07:32:59,537.22
2022-03-30 07:33:04,537.22
2022-03-30 07:33:09,537.16
2022-03-30 07:33:14,537.16
2022-03-30 07:33:19,537.09
2022-03-30 07:33:24,537.09
2022-03-30 07:33:29,537.06
2022-03-30 07:33:34,537.0
2022-03-30 07:33:39,537.0
2022-03-30 07:33:44,537.0
2022-03-30 07:33:49,536.94
2022-03-30 07:33:54,536.87
2022-03-30 07:33:59,536.87
2022-03-30 07:34:04,536.87
2022-03-30 07:34:09,536.81
2022-03-30 07:34:14,536.78
2022-03-30 07:34:19,536.78
2022-03-30 07:34:24,536.71
2022-03-30 07:34:29,536.71
2022-03-30 07:34:34,536.65
2022-03-30 07:34:39,536.65
2022-03-30 07:34:44,536.65
2022-03-30 07:34:49,536.58
2022-03-30 07:34:54,536.56
2022-03-30 07:34:59,536.56
2022-03-30 07:35:04,536.56
2022-03-30 07:35:09,536.49
2022-03-30 07:35:14,536.43
2022-03-30 07:35:19,536.43
2022-03-30 07:35:24,536.43
2022-03-30 07:35:29,536.43
2022-03-30 07:35:34,536.36
2022-03-30 07:35:39,536.43
2022-03-30 07:35:44,536.36
2022-03-30 07:35:49,536.37
2022-03-30 07:35:54,536.36
2022-03-30 07:35:59,536.37
2022-03-30 07:36:04,536.3
2022-03-30 07:36:09,536.3
2022-03-30 07:36:14,536.3
2022-03-30 07:36:19,536.3
2022-03-30 07:36:24,536.3
2022-03-30 07:36:29,536.3
2022-03-30 07:36:34,536.27
2022-03-30 07:36:39,536.27
2022-03-30 07:36:44,536.2
2022-03-30 07:36:49,536.27
2022-03-30 07:36:54,536.2
2022-03-30 07:36:59,536.14
2022-03-30 07:37:04,536.08
2022-03-30 07:37:09,536.04
2022-03-30 07:37:14,535.98
2022-03-30 07:37:19,535.85
2022-03-30 07:37:24,535.79
2022-03-30 07:37:29,535.75
2022-03-30 07:37:34,535.62
2022-03-30 07:37:39,535.56
2022-03-30 07:37:44,535.53
2022-03-30 07:37:49,535.4
2022-03-30 07:37:54,535.33
2022-03-30 07:37:59,535.27
2022-03-30 07:38:04,535.17
2022-03-30 07:38:09,535.04
2022-03-30 07:38:14,534.95
2022-03-30 07:38:19,534.81
2022-03-30 07:38:24,534.75
2022-03-30 07:38:29,534.59
2022-03-30 07:38:34,534.52
2022-03-30 07:38:39,534.36
2022-03-30 07:38:44,534.23
2022-03-30 07:38:49,534.14
2022-03-30 07:38:54,534.07
2022-03-30 07:38:59,533.97
2022-03-30 07:39:04,533.91
2022-03-30 07:39:09,533.78
2022-03-30 07:39:14,533.72
2022-03-30 07:39:19,533.62
2022-03-30 07:39:24,533.55
2022-03-30 07:39:29,533.49
2022-03-30 07:39:34,533.46
2022-03-30 07:39:39,533.33
2022-03-30 07:39:44,533.26
2022-03-30 07:39:49,533.26
2022-03-30 07:39:54,533.19
2022-03-30 07:39:59,533.16
2022-03-30 07:40:04,533.16
2022-03-30 07:40:09,533.1
2022-03-30 07:40:14,533.03
2022-03-30 07:40:19,533.03
2022-03-30 07:40:24,533.03
2022-03-30 07:40:29,532.97
2022-03-30 07:40:34,532.96
2022-03-30 07:40:39,532.93
2022-03-30 07:40:44,532.93
2022-03-30 07:40:49,532.86
2022-03-30 07:40:54,532.93
2022-03-30 07:40:59,532.93
2022-03-30 07:41:04,532.86
2022-03-30 07:41:09,532.86
2022-03-30 07:41:14,532.93
2022-03-30 07:41:19,532.86
2022-03-30 07:41:24,532.92
2022-03-30 07:41:29,532.92
2022-03-30 07:41:34,532.86
2022-03-30 07:41:39,532.79
2022-03-30 07:41:44,532.86
2022-03-30 07:41:49,532.86
2022-03-30 07:41:54,532.79
2022-03-30 07:41:59,532.79
2022-03-30 07:42:04,532.79
2022-03-30 07:42:09,537.71
2022-03-30 07:42:14,532.79
2022-03-30 07:42:19,532.73
2022-03-30 07:42:24,532.73
2022-03-30 07:42:29,532.73
2022-03-30 07:42:34,532.67
2022-03-30 07:42:39,532.67
2022-03-30 07:42:44,532.67
2022-03-30 07:42:49,532.63
2022-03-30 07:42:54,532.63
2022-03-30 07:42:59,532.57
2022-03-30 07:43:04,532.57
2022-03-30 07:43:09,532.57
2022-03-30 07:43:14,532.57
2022-03-30 07:43:19,532.5
2022-03-30 07:43:24,532.44
2022-03-30 07:43:29,532.44
2022-03-30 07:43:34,532.41
2022-03-30 07:43:39,532.41
2022-03-30 07:43:44,532.35
2022-03-30 07:43:49,532.35
2022-03-30 07:43:54,532.35
2022-03-30 07:43:59,532.28
2022-03-30 07:44:04,532.28
2022-03-30 07:44:09,532.22
2022-03-30 07:44:14,532.16
2022-03-30 07:44:19,532.16
2022-03-30 07:44:24,532.13
2022-03-30 07:44:29,532.13
2022-03-30 07:44:34,532.06
2022-03-30 07:44:39,532.0
2022-03-30 07:44:44,532.0
2022-03-30 07:44:49,531.94
2022-03-30 07:44:54,531.9
2022-03-30 07:44:59,531.9
2022-03-30 07:45:04,531.84
2022-03-30 07:45:09,531.84
2022-03-30 07:45:14,531.71
2022-03-30 07:45:19,531.65
2022-03-30 07:45:24,531.61
2022-03-30 07:45:29,531.55
2022-03-30 07:45:34,531.49
2022-03-30 07:45:39,531.42
2022-03-30 07:45:44,531.39
2022-03-30 07:45:49,531.33
2022-03-30 07:45:54,531.26
2022-03-30 07:45:59,531.2
2022-03-30 07:46:04,531.1
2022-03-30 07:46:09,531.1
2022-03-30 07:46:14,530.98
2022-03-30 07:46:19,530.88
2022-03-30 07:46:24,530.81
2022-03-30 07:46:29,530.75
2022-03-30 07:46:34,530.69
2022-03-30 07:46:39,530.62
2022-03-30 07:46:44,530.59
2022-03-30 07:46:49,530.53
2022-03-30 07:46:54,530.46
2022-03-30 07:46:59,530.37
2022-03-30 07:47:04,530.3
2022-03-30 07:47:09,530.24
2022-03-30 07:47:14,530.17
2022-03-30 07:47:19,530.08
2022-03-30 07:47:24,530.08
2022-03-30 07:47:29,530.01
2022-03-30 07:47:34,529.89
2022-03-30 07:47:39,529.86
2022-03-30 07:47:44,529.86
2022-03-30 07:47:49,529.73
2022-03-30 07:47:54,529.66
2022-03-30 07:47:59,529.66
2022-03-30 07:48:04,529.66
2022-03-30 07:48:09,529.6
2022-03-30 07:48:14,537.71
2022-03-30 07:48:19,529.57
2022-03-30 07:48:24,529.51
2022-03-30 07:48:29,529.57
2022-03-30 07:48:34,529.51
2022-03-30 07:48:39,529.57
2022-03-30 07:48:44,529.51
2022-03-30 07:48:49,529.51
2022-03-30 07:48:54,529.57
2022-03-30 07:48:59,529.51
2022-03-30 07:49:04,529.57
2022-03-30 07:49:09,529.57
2022-03-30 07:49:14,529.57
2022-03-30 07:49:19,529.57
2022-03-30 07:49:24,529.61
2022-03-30 07:49:29,529.61
2022-03-30 07:49:34,529.61
2022-03-30 07:49:39,529.67
2022-03-30 07:49:44,529.67
2022-03-30 07:49:49,529.8
2022-03-30 07:49:54,529.87
2022-03-30 07:49:59,529.87
2022-03-30 07:50:04,529.9
2022-03-30 07:50:09,529.97
2022-03-30 07:50:14,530.03
2022-03-30 07:50:19,530.1
2022-03-30 07:50:24,530.13
2022-03-30 07:50:29,530.19
2022-03-30 07:50:34,530.26
2022-03-30 07:50:39,530.39
2022-03-30 07:50:44,530.42
2022-03-30 07:50:49,530.49
2022-03-30 07:50:54,530.55
2022-03-30 07:50:59,530.65
2022-03-30 07:51:04,530.71
2022-03-30 07:51:09,530.84
2022-03-30 07:51:14,530.91
2022-03-30 07:51:19,531.07
2022-03-30 07:51:24,531.13
2022-03-30 07:51:29,531.23
2022-03-30 07:51:34,531.43
2022-03-30 07:51:39,531.52
2022-03-30 07:51:44,531.65
2022-03-30 07:51:49,531.82
2022-03-30 07:51:54,531.94
2022-03-30 07:51:59,532.11
2022-03-30 07:52:04,532.27
2022-03-30 07:52:09,532.46
2022-03-30 07:52:14,532.62
2022-03-30 07:52:19,532.79
2022-03-30 07:52:24,532.98
2022-03-30 07:52:29,533.14
2022-03-30 07:52:34,533.37
2022-03-30 07:52:39,533.5
2022-03-30 07:52:44,533.66
2022-03-30 07:52:49,533.89
2022-03-30 07:52:54,534.02
2022-03-30 07:52:59,534.18
2022-03-30 07:53:04,534.34
2022-03-30 07:53:09,534.53
2022-03-30 07:53:14,534.69
2022-03-30 07:53:19,534.86
2022-03-30 07:53:24,534.98
2022-03-30 07:53:29,535.15
2022-03-30 07:53:34,535.31
2022-03-30 07:53:39,535.51
2022-03-30 07:53:44,535.6
2022-03-30 07:53:49,535.79
2022-03-30 07:53:54,535.96
2022-03-30 07:53:59,536.12
2022-03-30 07:54:04,536.25
2022-03-30 07:54:09,536.34
2022-03-30 07:54:14,536.54
2022-03-30 07:54:19,536.63
2022-03-30 07:54:24,536.76
2022-03-30 07:54:29,536.86
2022-03-30 07:54:34,537.05
2022-03-30 07:54:39,537.21
2022-03-30 07:54:44,537.34
2022-03-30 07:54:49,537.44
2022-03-30 07:54:54,537.58
2022-03-30 07:54:59,537.67
2022-03-30 07:55:04,537.8
2022-03-30 07:55:09,537.86
2022-03-30 07:55:14,537.96
2022-03-30 07:55:19,538.09
2022-03-30 07:55:24,538.18
2022-03-30 07:55:29,538.25
2022-03-30 07:55:34,538.31
2022-03-30 07:55:39,538.41
2022-03-30 07:55:44,538.47
2022-03-30 07:55:49,538.54
2022-03-30 07:55:54,538.67
2022-03-30 07:55:59,538.67
2022-03-30 07:56:04,538.76
2022-03-30 07:56:09,538.83
2022-03-30 07:56:14,538.89
2022-03-30 07:56:19,538.92
2022-03-30 07:56:24,539.05
2022-03-30 07:56:29,539.12
2022-03-30 07:56:34,539.12
2022-03-30 07:56:39,539.18
2022-03-30 07:56:44,539.28
2022-03-30 07:56:49,539.28
2022-03-30 07:56:54,539.34
2022-03-30 07:56:59,539.41
2022-03-30 07:57:04,539.5
2022-03-30 07:57:09,539.5
2022-03-30 07:57:14,539.5
2022-03-30 07:57:19,539.63
2022-03-30 07:57:24,539.63
2022-03-30 07:57:29,539.7
2022-03-30 07:57:34,539.7
2022-03-30 07:57:39,539.69
2022-03-30 07:57:44,539.79
2022-03-30 07:57:49,539.79
2022-03-30 07:57:54,539.79
2022-03-30 07:57:59,539.85
2022-03-30 07:58:04,539.85
2022-03-30 07:58:09,539.85
2022-03-30 07:58:14,539.92
2022-03-30 07:58:19,539.92
2022-03-30 07:58:24,539.91
2022-03-30 07:58:29,539.91
2022-03-30 07:58:34,539.95
2022-03-30 07:58:39,539.95
2022-03-30 07:58:44,539.95
2022-03-30 07:58:49,540.01
2022-03-30 07:58:54,539.95
2022-03-30 07:58:59,540.01
2022-03-30 07:59:04,537.71
2022-03-30 07:59:09,540.07
2022-03-30 07:59:14,540.01
2022-03-30 07:59:19,540.07
2022-03-30 07:59:24,540.07
2022-03-30 07:59:29,540.07
2022-03-30 07:59:34,540.07
2022-03-30 07:59:39,540.07
2022-03-30 07:59:44,540.07
2022-03-30 07:59:49,540.07
2022-03-30 07:59:54,540.07
2022-03-30 07:59:59,540.07
2022-03-30 08:00:04,540.07
2022-03-30 08:00:09,540.07
2022-03-30 08:00:14,540.07
2022-03-30 08:00:19,540.07
2022-03-30 08:00:24,540.07
2022-03-30 08:00:29,540.07
2022-03-30 08:00:34,540.07
2022-03-30 08:00:39,540.07
2022-03-30 08:00:44,540.07
2022-03-30 08:00:49,540.07
2022-03-30 08:00:54,540.14
2022-03-30 08:00:59,540.07
2022-03-30 08:01:04,540.13
2022-03-30 08:01:09,540.07
2022-03-30 08:01:14,540.07
2022-03-30 08:01:19,540.07
2022-03-30 08:01:24,540.14
2022-03-30 08:01:29,537.71
2022-03-30 08:01:34,540.07
2022-03-30 08:01:39,540.14
2022-03-30 08:01:44,540.07
2022-03-30 08:01:49,540.14
2022-03-30 08:01:54,540.08
2022-03-30 08:01:59,540.14
2022-03-30 08:02:04,540.08
2022-03-30 08:02:09,540.08
2022-03-30 08:02:14,540.08
2022-03-30 08:02:19,540.08
2022-03-30 08:02:24,540.08
2022-03-30 08:02:29,540.08
2022-03-30 08:02:34,540.15
2022-03-30 08:02:39,540.15
2022-03-30 08:02:44,540.15
2022-03-30 08:02:49,540.15
2022-03-30 08:02:54,540.15
2022-03-30 08:02:59,540.21
2022-03-30 08:03:04,540.15
2022-03-30 08:03:09,540.15
2022-03-30 08:03:14,540.22
2022-03-30 08:03:19,540.15
2022-03-30 08:03:24,540.22
2022-03-30 08:03:29,540.15
2022-03-30 08:03:34,540.22
2022-03-30 08:03:39,540.22
2022-03-30 08:03:44,540.15
2022-03-30 08:03:49,540.22
2022-03-30 08:03:54,540.22
2022-03-30 08:03:59,540.16
2022-03-30 08:04:04,540.16
2022-03-30 08:04:09,540.16
2022-03-30 08:04:14,540.16
2022-03-30 08:04:19,540.16
2022-03-30 08:04:24,540.16
2022-03-30 08:04:29,540.16
2022-03-30 08:04:34,540.1
2022-03-30 08:04:39,540.1
2022-03-30 08:04:44,540.03
2022-03-30 08:04:49,540.04
2022-03-30 08:04:54,539.97
2022-03-30 08:04:59,539.97
2022-03-30 08:05:04,539.94
2022-03-30 08:05:09,539.88
2022-03-30 08:05:14,539.88
2022-03-30 08:05:19,539.81
2022-03-30 08:05:24,539.75
2022-03-30 08:05:29,539.72
2022-03-30 08:05:34,539.72
2022-03-30 08:05:39,539.66
2022-03-30 08:05:44,539.59
2022-03-30 08:05:49,539.59
2022-03-30 08:05:54,539.53
2022-03-30 08:05:59,539.47
2022-03-30 08:06:04,539.44
2022-03-30 08:06:09,539.37
2022-03-30 08:06:14,539.31
2022-03-30 08:06:19,539.24
2022-03-30 08:06:24,539.22
2022-03-30 08:06:29,539.15
2022-03-30 08:06:34,539.09
2022-03-30 08:06:39,539.09
2022-03-30 08:06:44,538.93
2022-03-30 08:06:49,538.93
2022-03-30 08:06:54,538.8
2022-03-30 08:06:59,538.8
2022-03-30 08:07:04,538.71
2022-03-30 08:07:09,538.64
2022-03-30 08:07:14,538.58
2022-03-30 08:07:19,538.45
2022-03-30 08:07:24,538.42
2022-03-30 08:07:29,538.35
2022-03-30 08:07:34,538.23
2022-03-30 08:07:39,538.2
2022-03-30 08:07:44,538.13
2022-03-30 08:07:49,538.01
2022-03-30 08:07:54,537.94
2022-03-30 08:07:59,537.91
2022-03-30 08:08:04,537.85
2022-03-30 08:08:09,537.72
2022-03-30 08:08:14,537.62
2022-03-30 08:08:19,537.56
2022-03-30 08:08:24,537.5
2022-03-30 08:08:29,537.4
2022-03-30 08:08:34,537.34
2022-03-30 08:08:39,537.21
2022-03-30 08:08:44,537.18
2022-03-30 08:08:49,537.12
2022-03-30 08:08:54,536.99
2022-03-30 08:08:59,536.89
2022-03-30 08:09:04,536.89
2022-03-30 08:09:09,536.83
2022-03-30 08:09:14,536.71
2022-03-30 08:09:19,536.67
2022-03-30 08:09:24,536.55
2022-03-30 08:09:29,536.48
2022-03-30 08:09:34,536.42
2022-03-30 08:09:39,536.33
2022-03-30 08:09:44,536.26
2022-03-30 08:09:49,536.2
2022-03-30 08:09:54,536.1
2022-03-30 08:09:59,536.04
2022-03-30 08:10:04,535.98
2022-03-30 08:10:09,535.88
2022-03-30 08:10:14,535.82
2022-03-30 08:10:19,535.82
2022-03-30 08:10:24,535.76
2022-03-30 08:10:29,535.69
2022-03-30 08:10:34,535.67
2022-03-30 08:10:39,535.67
2022-03-30 08:10:44,535.6
2022-03-30 08:10:49,535.54
2022-03-30 08:10:54,535.54
2022-03-30 08:10:59,535.48
2022-03-30 08:11:04,535.41
2022-03-30 08:11:09,535.41
2022-03-30 08:11:14,535.38
2022-03-30 08:11:19,535.39
2022-03-30 08:11:24,535.32
2022-03-30 08:11:29,535.32
2022-03-30 08:11:34,535.26
2022-03-30 08:11:39,535.2
2022-03-30 08:11:44,535.2
2022-03-30 08:11:49,535.17
2022-03-30 08:11:54,535.17
2022-03-30 08:11:59,535.17
2022-03-30 08:12:04,535.17
2022-03-30 08:12:09,535.17
2022-03-30 08:12:14,535.11
2022-03-30 08:12:19,535.11
2022-03-30 08:12:24,535.11
2022-03-30 08:12:29,535.11
2022-03-30 08:12:34,535.11
2022-03-30 08:12:39,535.11
2022-03-30 08:12:44,535.11
2022-03-30 08:12:49,535.05
2022-03-30 08:12:54,535.05
2022-03-30 08:12:59,535.11
2022-03-30 08:13:04,535.12
2022-03-30 08:13:09,535.18
2022-03-30 08:13:14,535.12
2022-03-30 08:13:19,535.05
2022-03-30 08:13:24,535.12
2022-03-30 08:13:29,535.12
2022-03-30 08:13:34,535.12
2022-03-30 08:13:39,535.12
2022-03-30 08:13:44,535.12
2022-03-30 08:13:49,535.18
2022-03-30 08:13:54,535.12
2022-03-30 08:13:59,535.19
2022-03-30 08:14:04,535.12
2022-03-30 08:14:09,535.12
2022-03-30 08:14:14,535.12
2022-03-30 08:14:19,535.12
2022-03-30 08:14:24,535.19
2022-03-30 08:14:29,535.19
2022-03-30 08:14:34,535.19
2022-03-30 08:14:39,535.19
2022-03-30 08:14:44,535.19
2022-03-30 08:14:49,535.19
2022-03-30 08:14:54,535.13
2022-03-30 08:14:59,535.19
2022-03-30 08:15:04,535.19
2022-03-30 08:15:09,535.19
2022-03-30 08:15:14,535.13
2022-03-30 08:15:19,535.13
2022-03-30 08:15:24,535.19
2022-03-30 08:15:29,535.13
2022-03-30 08:15:34,535.2
2022-03-30 08:15:39,535.13
2022-03-30 08:15:44,535.13
2022-03-30 08:15:49,535.13
2022-03-30 08:15:54,535.13
2022-03-30 08:15:59,535.13
2022-03-30 08:16:04,535.13
2022-03-30 08:16:09,535.13
2022-03-30 08:16:14,535.14
2022-03-30 08:16:19,535.14
2022-03-30 08:16:24,535.14
2022-03-30 08:16:29,535.07
2022-03-30 08:16:34,535.14
2022-03-30 08:16:39,535.14
2022-03-30 08:16:44,535.08
2022-03-30 08:16:49,535.14
2022-03-30 08:16:54,535.14
2022-03-30 08:16:59,535.14
2022-03-30 08:17:04,535.14
2022-03-30 08:17:09,535.14
2022-03-30 08:17:14,537.71
2022-03-30 08:17:19,535.15
2022-03-30 08:17:24,535.15
2022-03-30 08:17:29,535.08
2022-03-30 08:17:34,535.08
2022-03-30 08:17:39,535.15
2022-03-30 08:17:44,535.09
2022-03-30 08:17:49,535.15
2022-03-30 08:17:54,535.09
2022-03-30 08:17:59,535.09
2022-03-30 08:18:04,535.09
2022-03-30 08:18:09,535.16
2022-03-30 08:18:14,535.16
2022-03-30 08:18:19,535.16
2022-03-30 08:18:24,535.22
2022-03-30 08:18:29,535.16
2022-03-30 08:18:34,535.23
2022-03-30 08:18:39,535.16
2022-03-30 08:18:44,535.23
2022-03-30 08:18:49,535.16
2022-03-30 08:18:54,535.23
2022-03-30 08:18:59,535.23
2022-03-30 08:19:04,535.23
2022-03-30 08:19:09,535.27
2022-03-30 08:19:14,535.27
2022-03-30 08:19:19,535.24
2022-03-30 08:19:24,535.24
2022-03-30 08:19:29,535.24
2022-03-30 08:19:34,535.27
2022-03-30 08:19:39,535.24
2022-03-30 08:19:44,535.27
2022-03-30 08:19:49,535.28
2022-03-30 08:19:54,535.34
2022-03-30 08:19:59,535.28
2022-03-30 08:20:04,535.34
2022-03-30 08:20:09,535.34
2022-03-30 08:20:14,535.28
2022-03-30 08:20:19,535.28
2022-03-30 08:20:24,535.35
2022-03-30 08:20:29,535.28
2022-03-30 08:20:34,535.35
2022-03-30 08:20:39,535.35
2022-03-30 08:20:44,535.35
2022-03-30 08:20:49,535.29
2022-03-30 08:20:54,535.35
2022-03-30 08:20:59,535.35
2022-03-30 08:21:04,535.42
2022-03-30 08:21:09,535.36
2022-03-30 08:21:14,535.36
2022-03-30 08:21:19,535.36
2022-03-30 08:21:24,535.29
2022-03-30 08:21:29,535.36
2022-03-30 08:21:34,535.36
2022-03-30 08:21:39,535.36
2022-03-30 08:21:44,535.36
2022-03-30 08:21:49,535.36
2022-03-30 08:21:54,535.36
2022-03-30 08:21:59,535.36
2022-03-30 08:22:04,535.36
2022-03-30 08:22:09,535.3
2022-03-30 08:22:14,535.36
2022-03-30 08:22:19,535.36
2022-03-30 08:22:24,535.36
2022-03-30 08:22:29,535.36
2022-03-30 08:22:34,535.36
2022-03-30 08:22:39,535.36
2022-03-30 08:22:44,535.3
2022-03-30 08:22:49,535.36
2022-03-30 08:22:54,535.37
2022-03-30 08:22:59,535.3
2022-03-30 08:23:04,535.37
2022-03-30 08:23:09,535.3
2022-03-30 08:23:14,535.37
2022-03-30 08:23:19,535.31
2022-03-30 08:23:24,535.31
2022-03-30 08:23:29,535.31
2022-03-30 08:23:34,535.27
2022-03-30 08:23:39,535.27
2022-03-30 08:23:44,535.27
2022-03-30 08:23:49,535.21
2022-03-30 08:23:54,535.21
2022-03-30 08:23:59,535.21
2022-03-30 08:24:04,535.15
2022-03-30 08:24:09,535.21
2022-03-30 08:24:14,535.15
2022-03-30 08:24:19,535.15
2022-03-30 08:24:24,535.08
2022-03-30 08:24:29,535.08
2022-03-30 08:24:34,535.02
2022-03-30 08:24:39,535.02
2022-03-30 08:24:44,534.99
2022-03-30 08:24:49,534.99
2022-03-30 08:24:54,534.92
2022-03-30 08:24:59,534.86
2022-03-30 08:25:04,534.79
2022-03-30 08:25:09,534.79
2022-03-30 08:25:14,534.76
2022-03-30 08:25:19,534.7
2022-03-30 08:25:24,534.7
2022-03-30 08:25:29,534.7
2022-03-30 08:25:34,534.64
2022-03-30 08:25:39,534.64
2022-03-30 08:25:44,534.64
2022-03-30 08:25:49,534.57
2022-03-30 08:25:54,534.51
2022-03-30 08:25:59,534.51
2022-03-30 08:26:04,534.48
2022-03-30 08:26:09,534.51
2022-03-30 08:26:14,534.48
2022-03-30 08:26:19,534.42
2022-03-30 08:26:24,534.42
2022-03-30 08:26:29,534.35
2022-03-30 08:26:34,534.35
2022-03-30 08:26:39,534.35
2022-03-30 08:26:44,534.29
2022-03-30 08:26:49,534.26
2022-03-30 08:26:54,534.26
2022-03-30 08:26:59,534.19
2022-03-30 08:27:04,534.19
2022-03-30 08:27:09,534.2
2022-03-30 08:27:14,534.13
2022-03-30 08:27:19,534.2
2022-03-30 08:27:24,534.13
2022-03-30 08:27:29,534.14
2022-03-30 08:27:34,534.07
2022-03-30 08:27:39,534.14
2022-03-30 08:27:44,534.07
2022-03-30 08:27:49,534.01
2022-03-30 08:27:54,534.01
2022-03-30 08:27:59,533.98
2022-03-30 08:28:04,533.98
2022-03-30 08:28:09,533.98
2022-03-30 08:28:14,533.92
2022-03-30 08:28:19,533.98
2022-03-30 08:28:24,533.92
2022-03-30 08:28:29,533.85
2022-03-30 08:28:34,533.85
2022-03-30 08:28:39,533.86
2022-03-30 08:28:44,533.79
2022-03-30 08:28:49,533.86
2022-03-30 08:28:54,533.8
2022-03-30 08:28:59,533.76
2022-03-30 08:29:04,533.8
2022-03-30 08:29:09,533.76
2022-03-30 08:29:14,533.76
2022-03-30 08:29:19,533.76
2022-03-30 08:29:24,533.76
2022-03-30 08:29:29,533.7
2022-03-30 08:29:34,533.7
2022-03-30 08:29:39,533.64
2022-03-30 08:29:44,533.7
2022-03-30 08:29:49,533.64
2022-03-30 08:29:54,533.64
2022-03-30 08:29:59,533.58
2022-03-30 08:30:04,533.58
2022-03-30 08:30:09,533.58
2022-03-30 08:30:14,533.51
2022-03-30 08:30:19,533.51
2022-03-30 08:30:24,533.51
2022-03-30 08:30:29,533.51
2022-03-30 08:30:34,533.51
2022-03-30 08:30:39,533.42
2022-03-30 08:30:44,533.42
2022-03-30 08:30:49,533.42
2022-03-30 08:30:54,533.42
2022-03-30 08:30:59,533.42
2022-03-30 08:31:04,533.35
2022-03-30 08:31:09,533.35
2022-03-30 08:31:14,533.35
2022-03-30 08:31:19,533.35
2022-03-30 08:31:24,533.35
2022-03-30 08:31:29,533.35
2022-03-30 08:31:34,533.36
2022-03-30 08:31:39,533.36
2022-03-30 08:31:44,533.42
2022-03-30 08:31:49,533.48
2022-03-30 08:31:54,537.71
2022-03-30 08:31:59,533.48
2022-03-30 08:32:04,533.52
2022-03-30 08:32:09,533.52
2022-03-30 08:32:14,533.58
2022-03-30 08:32:19,533.58
2022-03-30 08:32:24,533.65
2022-03-30 08:32:29,533.71
2022-03-30 08:32:34,533.78
2022-03-30 08:32:39,533.78
2022-03-30 08:32:44,533.87
2022-03-30 08:32:49,533.94
2022-03-30 08:32:54,534.0
2022-03-30 08:32:59,534.1
2022-03-30 08:33:04,534.1
2022-03-30 08:33:09,534.16
2022-03-30 08:33:14,534.29
2022-03-30 08:33:19,534.39
2022-03-30 08:33:24,534.45
2022-03-30 08:33:29,534.52
2022-03-30 08:33:34,534.61
2022-03-30 08:33:39,534.74
2022-03-30 08:33:44,534.81
2022-03-30 08:33:49,534.96
2022-03-30 08:33:54,535.06
2022-03-30 08:33:59,535.19
2022-03-30 08:34:04,535.32
2022-03-30 08:34:09,535.35
2022-03-30 08:34:14,535.54
2022-03-30 08:34:19,535.58
2022-03-30 08:34:24,535.77
2022-03-30 08:34:29,535.83
2022-03-30 08:34:34,536.0
2022-03-30 08:34:39,536.09
2022-03-30 08:34:44,536.22
2022-03-30 08:34:49,536.35
2022-03-30 08:34:54,536.44
2022-03-30 08:34:59,536.51
2022-03-30 08:35:04,536.67
2022-03-30 08:35:09,536.8
2022-03-30 08:35:14,536.9
2022-03-30 08:35:19,537.09
2022-03-30 08:35:24,537.19
2022-03-30 08:35:29,537.38
2022-03-30 08:35:34,537.48
2022-03-30 08:35:39,537.61
2022-03-30 08:35:44,537.77
2022-03-30 08:35:49,537.83
2022-03-30 08:35:54,537.99
2022-03-30 08:35:59,538.15
2022-03-30 08:36:04,538.28
2022-03-30 08:36:09,538.41
2022-03-30 08:36:14,538.51
2022-03-30 08:36:19,538.67
2022-03-30 08:36:24,538.8
2022-03-30 08:36:29,538.96
2022-03-30 08:36:34,539.09
2022-03-30 08:36:39,539.25
2022-03-30 08:36:44,539.38
2022-03-30 08:36:49,539.48
2022-03-30 08:36:54,539.7
2022-03-30 08:36:59,539.83
2022-03-30 08:37:04,539.99
2022-03-30 08:37:09,540.12
2022-03-30 08:37:14,540.29
2022-03-30 08:37:19,540.41
2022-03-30 08:37:24,540.51
2022-03-30 08:37:29,540.7
2022-03-30 08:37:34,540.8
2022-03-30 08:37:39,540.99
2022-03-30 08:37:44,541.09
2022-03-30 08:37:49,541.22
2022-03-30 08:37:54,541.32
2022-03-30 08:37:59,541.51
2022-03-30 08:38:04,541.61
2022-03-30 08:38:09,541.74
2022-03-30 08:38:14,541.9
2022-03-30 08:38:19,542.03
2022-03-30 08:38:24,542.12
2022-03-30 08:38:29,542.25
2022-03-30 08:38:34,542.41
2022-03-30 08:38:39,542.48
2022-03-30 08:38:44,542.64
2022-03-30 08:38:49,542.77
2022-03-30 08:38:54,542.93
2022-03-30 08:38:59,542.99
2022-03-30 08:39:04,543.16
2022-03-30 08:39:09,543.28
2022-03-30 08:39:14,543.32
2022-03-30 08:39:19,543.45
2022-03-30 08:39:24,543.57
2022-03-30 08:39:29,543.67
2022-03-30 08:39:34,543.8
2022-03-30 08:39:39,543.83
2022-03-30 08:39:44,543.96
2022-03-30 08:39:49,544.02
2022-03-30 08:39:54,544.12
2022-03-30 08:39:59,544.19
2022-03-30 08:40:04,544.31
2022-03-30 08:40:09,544.35
2022-03-30 08:40:14,544.41
2022-03-30 08:40:19,544.54
2022-03-30 08:40:24,544.6
2022-03-30 08:40:29,544.64
2022-03-30 08:40:34,544.7
2022-03-30 08:40:39,544.77
2022-03-30 08:40:44,544.83
2022-03-30 08:40:49,544.86
2022-03-30 08:40:54,544.93
2022-03-30 08:40:59,544.93
2022-03-30 08:41:04,544.92
2022-03-30 08:41:09,544.92
2022-03-30 08:41:14,544.99
2022-03-30 08:41:19,544.99
2022-03-30 08:41:24,544.98
2022-03-30 08:41:29,544.98
2022-03-30 08:41:34,544.98
2022-03-30 08:41:39,544.98
2022-03-30 08:41:44,544.98
2022-03-30 08:41:49,544.98
2022-03-30 08:41:54,544.98
2022-03-30 08:41:59,544.98
2022-03-30 08:42:04,544.92
2022-03-30 08:42:09,544.91
2022-03-30 08:42:14,544.85
2022-03-30 08:42:19,544.85
2022-03-30 08:42:24,544.82
2022-03-30 08:42:29,544.75
2022-03-30 08:42:34,544.69
2022-03-30 08:42:39,544.62
2022-03-30 08:42:44,544.62
2022-03-30 08:42:49,544.59
2022-03-30 08:42:54,544.46
2022-03-30 08:42:59,544.4
2022-03-30 08:43:04,544.33
2022-03-30 08:43:09,544.3
2022-03-30 08:43:14,544.17
2022-03-30 08:43:19,544.1
2022-03-30 08:43:24,544.0
2022-03-30 08:43:29,543.94
2022-03-30 08:43:34,543.87
2022-03-30 08:43:39,543.78
2022-03-30 08:43:44,543.65
2022-03-30 08:43:49,543.58
2022-03-30 08:43:54,543.42
2022-03-30 08:43:59,543.35
2022-03-30 08:44:04,543.26
2022-03-30 08:44:09,543.06
2022-03-30 08:44:14,542.97
2022-03-30 08:44:19,542.9
2022-03-30 08:44:24,542.74
2022-03-30 08:44:29,542.61
2022-03-30 08:44:34,542.51
2022-03-30 08:44:39,542.38
2022-03-30 08:44:44,542.22
2022-03-30 08:44:49,542.09
2022-03-30 08:44:54,541.93
2022-03-30 08:44:59,541.8
2022-03-30 08:45:04,541.64
2022-03-30 08:45:09,541.52
2022-03-30 08:45:14,541.42
2022-03-30 08:45:19,541.22
2022-03-30 08:45:24,541.06
2022-03-30 08:45:29,540.9
2022-03-30 08:45:34,540.71
2022-03-30 08:45:39,540.55
2022-03-30 08:45:44,540.39
2022-03-30 08:45:49,540.19
2022-03-30 08:45:54,540.1
2022-03-30 08:45:59,539.87
2022-03-30 08:46:04,539.74
2022-03-30 08:46:09,539.58
2022-03-30 08:46:14,539.42
2022-03-30 08:46:19,539.23
2022-03-30 08:46:24,539.06
2022-03-30 08:46:29,538.94
2022-03-30 08:46:34,538.71
2022-03-30 08:46:39,538.55
2022-03-30 08:46:44,538.42
2022-03-30 08:46:49,538.32
2022-03-30 08:46:54,538.13
2022-03-30 08:46:59,538.04
2022-03-30 08:47:04,537.91
2022-03-30 08:47:09,537.75
2022-03-30 08:47:14,537.62
2022-03-30 08:47:19,537.46
2022-03-30 08:47:24,537.36
2022-03-30 08:47:29,537.23
2022-03-30 08:47:34,537.1
2022-03-30 08:47:39,536.94
2022-03-30 08:47:44,536.85
2022-03-30 08:47:49,536.78
2022-03-30 08:47:54,536.59
2022-03-30 08:47:59,536.49
2022-03-30 08:48:04,536.37
2022-03-30 08:48:09,536.27
2022-03-30 08:48:14,536.2
2022-03-30 08:48:19,536.08
2022-03-30 08:48:24,535.98
2022-03-30 08:48:29,535.85
2022-03-30 08:48:34,535.82
2022-03-30 08:48:39,535.69
2022-03-30 08:48:44,535.63
2022-03-30 08:48:49,537.71
2022-03-30 08:48:54,535.47
2022-03-30 08:48:59,535.4
2022-03-30 08:49:04,535.31
2022-03-30 08:49:09,535.24
2022-03-30 08:49:14,535.11
2022-03-30 08:49:19,535.05
2022-03-30 08:49:24,534.95
2022-03-30 08:49:29,534.89
2022-03-30 08:49:34,534.83
2022-03-30 08:49:39,534.79
2022-03-30 08:49:44,534.79
2022-03-30 08:49:49,534.67
2022-03-30 08:49:54,534.6
2022-03-30 08:49:59,534.54
2022-03-30 08:50:04,534.44
2022-03-30 08:50:09,534.44
2022-03-30 08:50:14,534.37
2022-03-30 08:50:19,534.31
2022-03-30 08:50:24,534.28
2022-03-30 08:50:29,534.22
2022-03-30 08:50:34,534.15
2022-03-30 08:50:39,534.09
2022-03-30 08:50:44,534.02
2022-03-30 08:50:49,534.02
2022-03-30 08:50:54,533.99
2022-03-30 08:50:59,533.93
2022-03-30 08:51:04,533.93
2022-03-30 08:51:09,533.86
2022-03-30 08:51:14,533.86
2022-03-30 08:51:19,533.8
2022-03-30 08:51:24,533.8
2022-03-30 08:51:29,533.77
2022-03-30 08:51:34,533.7
2022-03-30 08:51:39,533.77
2022-03-30 08:51:44,533.7
2022-03-30 08:51:49,533.7
2022-03-30 08:51:54,533.64
2022-03-30 08:51:59,533.64
2022-03-30 08:52:04,533.58
2022-03-30 08:52:09,533.57
2022-03-30 08:52:14,533.57
2022-03-30 08:52:19,533.57
2022-03-30 08:52:24,533.51
2022-03-30 08:52:29,533.51
2022-03-30 08:52:34,533.51
2022-03-30 08:52:39,533.48
2022-03-30 08:52:44,533.51
2022-03-30 08:52:49,533.48
2022-03-30 08:52:54,533.42
2022-03-30 08:52:59,533.42
2022-03-30 08:53:04,533.42
2022-03-30 08:53:09,533.42
2022-03-30 08:53:14,533.42
2022-03-30 08:53:19,533.42
2022-03-30 08:53:24,533.42
2022-03-30 08:53:29,533.42
2022-03-30 08:53:34,533.35
2022-03-30 08:53:39,533.35
2022-03-30 08:53:44,533.42
2022-03-30 08:53:49,533.42
2022-03-30 08:53:54,533.42
2022-03-30 08:53:59,533.42
2022-03-30 08:54:04,533.42
2022-03-30 08:54:09,533.42
2022-03-30 08:54:14,533.42
2022-03-30 08:54:19,533.42
2022-03-30 08:54:24,533.42
2022-03-30 08:54:29,533.36
2022-03-30 08:54:34,533.42
2022-03-30 08:54:39,533.42
2022-03-30 08:54:44,533.42
2022-03-30 08:54:49,533.43
2022-03-30 08:54:54,533.49
2022-03-30 08:54:59,533.43
2022-03-30 08:55:04,533.49
2022-03-30 08:55:09,533.49
2022-03-30 08:55:14,533.49
2022-03-30 08:55:19,533.52
2022-03-30 08:55:24,533.49
2022-03-30 08:55:29,533.49
2022-03-30 08:55:34,533.49
2022-03-30 08:55:39,533.49
2022-03-30 08:55:44,533.5
2022-03-30 08:55:49,533.5
2022-03-30 08:55:54,533.5
2022-03-30 08:55:59,533.5
2022-03-30 08:56:04,533.53
2022-03-30 08:56:09,533.53
2022-03-30 08:56:14,533.53
2022-03-30 08:56:19,533.59
2022-03-30 08:56:24,533.59
2022-03-30 08:56:29,533.59
2022-03-30 08:56:34,533.59
2022-03-30 08:56:39,533.6
2022-03-30 08:56:44,533.66
2022-03-30 08:56:49,533.6
2022-03-30 08:56:54,533.6
2022-03-30 08:56:59,533.66
2022-03-30 08:57:04,533.66
2022-03-30 08:57:09,533.66
2022-03-30 08:57:14,533.66
2022-03-30 08:57:19,533.66
2022-03-30 08:57:24,533.66
2022-03-30 08:57:29,533.66
2022-03-30 08:57:34,533.66
2022-03-30 08:57:39,533.66
2022-03-30 08:57:44,533.73
2022-03-30 08:57:49,533.73
2022-03-30 08:57:54,533.73
2022-03-30 08:57:59,533.72
2022-03-30 08:58:04,533.72
2022-03-30 08:58:09,533.79
2022-03-30 08:58:14,533.79
2022-03-30 08:58:19,533.79
2022-03-30 08:58:24,533.79
2022-03-30 08:58:29,533.79
2022-03-30 08:58:34,533.79
2022-03-30 08:58:39,533.79
2022-03-30 08:58:44,533.79
2022-03-30 08:58:49,533.79
2022-03-30 08:58:54,533.82
2022-03-30 08:58:59,533.82
2022-03-30 08:59:04,533.82
2022-03-30 08:59:09,533.82
2022-03-30 08:59:14,533.82
2022-03-30 08:59:19,533.82
2022-03-30 08:59:24,533.82
2022-03-30 08:59:29,533.88
2022-03-30 08:59:34,533.88
2022-03-30 08:59:39,533.88
2022-03-30 08:59:44,533.94
2022-03-30 08:59:49,533.94
2022-03-30 08:59:54,533.94
2022-03-30 08:59:59,533.94
2022-03-30 09:00:04,534.0
2022-03-30 09:00:09,534.0
2022-03-30 09:00:14,534.0
2022-03-30 09:00:19,534.03
2022-03-30 09:00:24,534.03
2022-03-30 09:00:29,534.03
2022-03-30 09:00:34,534.03
2022-03-30 09:00:39,534.03
2022-03-30 09:00:44,534.09
2022-03-30 09:00:49,534.03
2022-03-30 09:00:54,534.09
2022-03-30 09:00:59,534.09
2022-03-30 09:01:04,534.09
2022-03-30 09:01:09,534.09
2022-03-30 09:01:14,534.16
2022-03-30 09:01:19,534.16
2022-03-30 09:01:24,534.16
2022-03-30 09:01:29,534.16
2022-03-30 09:01:34,534.09
2022-03-30 09:01:39,534.15
2022-03-30 09:01:44,534.15
2022-03-30 09:01:49,534.09
2022-03-30 09:01:54,534.15
2022-03-30 09:01:59,534.15
2022-03-30 09:02:04,534.22
2022-03-30 09:02:09,534.15
2022-03-30 09:02:14,534.22
2022-03-30 09:02:19,534.15
2022-03-30 09:02:24,534.15
2022-03-30 09:02:29,534.15
2022-03-30 09:02:34,534.22
2022-03-30 09:02:39,534.15
2022-03-30 09:02:44,534.15
2022-03-30 09:02:49,534.15
2022-03-30 09:02:54,534.15
2022-03-30 09:02:59,534.15
2022-03-30 09:03:04,534.09
2022-03-30 09:03:09,534.09
2022-03-30 09:03:14,534.09
2022-03-30 09:03:19,534.09
2022-03-30 09:03:24,534.08
2022-03-30 09:03:29,534.09
2022-03-30 09:03:34,534.09
2022-03-30 09:03:39,534.08
2022-03-30 09:03:44,534.09
2022-03-30 09:03:49,534.02
2022-03-30 09:03:54,534.02
2022-03-30 09:03:59,534.02
2022-03-30 09:04:04,533.99
2022-03-30 09:04:09,533.99
2022-03-30 09:04:14,533.99
2022-03-30 09:04:19,533.99
2022-03-30 09:04:24,533.93
2022-03-30 09:04:29,533.93
2022-03-30 09:04:34,533.93
2022-03-30 09:04:39,533.93
2022-03-30 09:04:44,533.93
2022-03-30 09:04:49,533.93
2022-03-30 09:04:54,533.93
2022-03-30 09:04:59,533.93
2022-03-30 09:05:04,533.86
2022-03-30 09:05:09,533.86
2022-03-30 09:05:14,533.86
2022-03-30 09:05:19,533.86
2022-03-30 09:05:24,533.86
2022-03-30 09:05:29,533.86
2022-03-30 09:05:34,533.86
2022-03-30 09:05:39,533.86
2022-03-30 09:05:44,533.86
2022-03-30 09:05:49,533.86
2022-03-30 09:05:54,533.86
2022-03-30 09:05:59,533.86
2022-03-30 09:06:04,533.8
2022-03-30 09:06:09,533.86
2022-03-30 09:06:14,533.86
2022-03-30 09:06:19,533.86
2022-03-30 09:06:24,533.86
2022-03-30 09:06:29,533.86
2022-03-30 09:06:34,533.92
2022-03-30 09:06:39,533.92
2022-03-30 09:06:44,533.99
2022-03-30 09:06:49,533.99
2022-03-30 09:06:54,534.02
2022-03-30 09:06:59,534.09
2022-03-30 09:07:04,534.08
2022-03-30 09:07:09,534.15
2022-03-30 09:07:14,534.21
2022-03-30 09:07:19,534.21
2022-03-30 09:07:24,534.27
2022-03-30 09:07:29,534.27
2022-03-30 09:07:34,534.37
2022-03-30 09:07:39,534.37
2022-03-30 09:07:44,534.43
2022-03-30 09:07:49,534.5
2022-03-30 09:07:54,534.5
2022-03-30 09:07:59,534.59
2022-03-30 09:08:04,534.65
2022-03-30 09:08:09,534.65
2022-03-30 09:08:14,534.72
2022-03-30 09:08:19,534.78
2022-03-30 09:08:24,534.78
2022-03-30 09:08:29,534.81
2022-03-30 09:08:34,534.88
2022-03-30 09:08:39,534.94
2022-03-30 09:08:44,535.0
2022-03-30 09:08:49,535.0
2022-03-30 09:08:54,535.03
2022-03-30 09:08:59,535.03
2022-03-30 09:09:04,535.09
2022-03-30 09:09:09,535.16
2022-03-30 09:09:14,535.16
2022-03-30 09:09:19,535.29
2022-03-30 09:09:24,535.29
2022-03-30 09:09:29,535.32
2022-03-30 09:09:34,535.38
2022-03-30 09:09:39,535.44
2022-03-30 09:09:44,535.51
2022-03-30 09:09:49,535.51
2022-03-30 09:09:54,535.6
2022-03-30 09:09:59,535.6
2022-03-30 09:10:04,535.67
2022-03-30 09:10:09,535.73
2022-03-30 09:10:14,535.79
2022-03-30 09:10:19,535.82
2022-03-30 09:10:24,535.89
2022-03-30 09:10:29,535.95
2022-03-30 09:10:34,535.95
2022-03-30 09:10:39,536.01
2022-03-30 09:10:44,536.11
2022-03-30 09:10:49,536.11
2022-03-30 09:10:54,536.23
2022-03-30 09:10:59,536.3
2022-03-30 09:11:04,536.33
2022-03-30 09:11:09,536.46
2022-03-30 09:11:14,536.52
2022-03-30 09:11:19,536.62
2022-03-30 09:11:24,536.68
2022-03-30 09:11:29,536.81
2022-03-30 09:11:34,536.84
2022-03-30 09:11:39,536.97
2022-03-30 09:11:44,537.04
2022-03-30 09:11:49,537.13
2022-03-30 09:11:54,537.26
2022-03-30 09:11:59,537.32
2022-03-30 09:12:04,537.42
2022-03-30 09:12:09,537.48
2022-03-30 09:12:14,537.64
2022-03-30 09:12:19,537.71
2022-03-30 09:12:24,537.77
2022-03-30 09:12:29,537.87
2022-03-30 09:12:34,537.93
2022-03-30 09:12:39,538.06
2022-03-30 09:12:44,538.09
2022-03-30 09:12:49,538.22
2022-03-30 09:12:54,538.29
2022-03-30 09:12:59,538.35
2022-03-30 09:13:04,538.45
2022-03-30 09:13:09,538.58
2022-03-30 09:13:14,538.58
2022-03-30 09:13:19,538.61
2022-03-30 09:13:24,538.67
2022-03-30 09:13:29,538.73
2022-03-30 09:13:34,538.8
2022-03-30 09:13:39,538.9
2022-03-30 09:13:44,538.9
2022-03-30 09:13:49,539.03
2022-03-30 09:13:54,538.96
2022-03-30 09:13:59,539.03
2022-03-30 09:14:04,539.09
2022-03-30 09:14:09,539.13
2022-03-30 09:14:14,539.12
2022-03-30 09:14:19,539.19
2022-03-30 09:14:24,539.19
2022-03-30 09:14:29,539.25
2022-03-30 09:14:34,539.32
2022-03-30 09:14:39,539.32
2022-03-30 09:14:44,539.32
2022-03-30 09:14:49,539.38
2022-03-30 09:14:54,539.38
2022-03-30 09:14:59,539.38
2022-03-30 09:15:04,539.38
2022-03-30 09:15:09,539.42
2022-03-30 09:15:14,539.42
2022-03-30 09:15:19,539.42
2022-03-30 09:15:24,539.39
2022-03-30 09:15:29,539.42
2022-03-30 09:15:34,539.39
2022-03-30 09:15:39,539.39
2022-03-30 09:15:44,539.39
2022-03-30 09:15:49,539.42
2022-03-30 09:15:54,539.39
2022-03-30 09:15:59,539.39
2022-03-30 09:16:04,539.39
2022-03-30 09:16:09,539.39
2022-03-30 09:16:14,539.39
2022-03-30 09:16:19,539.42
2022-03-30 09:16:24,539.39
2022-03-30 09:16:29,539.39
2022-03-30 09:16:34,539.39
2022-03-30 09:16:39,539.39
2022-03-30 09:16:44,539.39
2022-03-30 09:16:49,539.39
2022-03-30 09:16:54,539.42
2022-03-30 09:16:59,539.42
2022-03-30 09:17:04,539.42
2022-03-30 09:17:09,539.42
2022-03-30 09:17:14,539.42
2022-03-30 09:17:19,539.42
2022-03-30 09:17:24,539.48
2022-03-30 09:17:29,539.48
2022-03-30 09:17:34,539.48
2022-03-30 09:17:39,539.42
2022-03-30 09:17:44,539.48
2022-03-30 09:17:49,539.49
2022-03-30 09:17:54,539.49
2022-03-30 09:17:59,539.49
2022-03-30 09:18:04,539.48
2022-03-30 09:18:09,539.49
2022-03-30 09:18:14,539.49
2022-03-30 09:18:19,539.55
2022-03-30 09:18:24,539.49
2022-03-30 09:18:29,539.55
2022-03-30 09:18:34,539.55
2022-03-30 09:18:39,539.55
2022-03-30 09:18:44,539.55
2022-03-30 09:18:49,539.61
2022-03-30 09:18:54,539.61
2022-03-30 09:18:59,539.61
2022-03-30 09:19:04,539.65
2022-03-30 09:19:09,539.65
2022-03-30 09:19:14,539.65
2022-03-30 09:19:19,539.65
2022-03-30 09:19:24,539.65
2022-03-30 09:19:29,539.71
2022-03-30 09:19:34,539.71
2022-03-30 09:19:39,539.71
2022-03-30 09:19:44,539.78
2022-03-30 09:19:49,539.78
2022-03-30 09:19:54,539.84
2022-03-30 09:19:59,539.91
2022-03-30 09:20:04,539.91
2022-03-30 09:20:09,539.91
2022-03-30 09:20:14,539.94
2022-03-30 09:20:19,539.94
2022-03-30 09:20:24,540.01
2022-03-30 09:20:29,540.01
2022-03-30 09:20:34,540.07
2022-03-30 09:20:39,540.07
2022-03-30 09:20:44,540.14
2022-03-30 09:20:49,540.14
2022-03-30 09:20:54,540.14
2022-03-30 09:20:59,540.17
2022-03-30 09:21:04,540.17
2022-03-30 09:21:09,540.23
2022-03-30 09:21:14,540.24
2022-03-30 09:21:19,540.24
2022-03-30 09:21:24,540.24
2022-03-30 09:21:29,540.3
2022-03-30 09:21:34,540.3
2022-03-30 09:21:39,540.37
2022-03-30 09:21:44,540.37
2022-03-30 09:21:49,540.37
2022-03-30 09:21:54,540.37
2022-03-30 09:21:59,540.43
2022-03-30 09:22:04,540.43
2022-03-30 09:22:09,540.43
2022-03-30 09:22:14,540.43
2022-03-30 09:22:19,540.44
2022-03-30 09:22:24,540.44
2022-03-30 09:22:29,540.44
2022-03-30 09:22:34,540.47
2022-03-30 09:22:39,540.47
2022-03-30 09:22:44,540.47
2022-03-30 09:22:49,540.44
2022-03-30 09:22:54,540.47
2022-03-30 09:22:59,540.47
2022-03-30 09:23:04,540.47
2022-03-30 09:23:09,540.47
2022-03-30 09:23:14,540.47
2022-03-30 09:23:19,540.54
2022-03-30 09:23:24,540.54
2022-03-30 09:23:29,540.54
2022-03-30 09:23:34,540.54
2022-03-30 09:23:39,540.54
2022-03-30 09:23:44,540.54
2022-03-30 09:23:49,540.54
2022-03-30 09:23:54,540.54
2022-03-30 09:23:59,540.47
2022-03-30 09:24:04,540.47
2022-03-30 09:24:09,540.47
2022-03-30 09:24:14,540.54
2022-03-30 09:24:19,540.47
2022-03-30 09:24:24,540.47
2022-03-30 09:24:29,540.47
2022-03-30 09:24:34,540.44
2022-03-30 09:24:39,540.44
2022-03-30 09:24:44,540.44
2022-03-30 09:24:49,540.44
2022-03-30 09:24:54,540.31
2022-03-30 09:24:59,540.37
2022-03-30 09:25:04,540.31
2022-03-30 09:25:09,540.24
2022-03-30 09:25:14,540.25
2022-03-30 09:25:19,540.18
2022-03-30 09:25:24,540.15
2022-03-30 09:25:29,540.08
2022-03-30 09:25:34,540.02
2022-03-30 09:25:39,540.02
2022-03-30 09:25:44,539.95
2022-03-30 09:25:49,539.85
2022-03-30 09:25:54,539.79
2022-03-30 09:25:59,539.72
2022-03-30 09:26:04,539.63
2022-03-30 09:26:09,539.56
2022-03-30 09:26:14,539.43
2022-03-30 09:26:19,539.34
2022-03-30 09:26:24,539.27
2022-03-30 09:26:29,539.14
2022-03-30 09:26:34,539.04
2022-03-30 09:26:39,538.91
2022-03-30 09:26:44,538.88
2022-03-30 09:26:49,538.82
2022-03-30 09:26:54,538.62
2022-03-30 09:26:59,538.59
2022-03-30 09:27:04,538.46
2022-03-30 09:27:09,538.36
2022-03-30 09:27:14,538.29
2022-03-30 09:27:19,538.17
2022-03-30 09:27:24,538.07
2022-03-30 09:27:29,537.94
2022-03-30 09:27:34,537.84
2022-03-30 09:27:39,537.78
2022-03-30 09:27:44,537.65
2022-03-30 09:27:49,537.49
2022-03-30 09:27:54,537.43
2022-03-30 09:27:59,537.33
2022-03-30 09:28:04,537.2
2022-03-30 09:28:09,537.07
2022-03-30 09:28:14,536.97
2022-03-30 09:28:19,536.84
2022-03-30 09:28:24,536.81
2022-03-30 09:28:29,536.62
2022-03-30 09:28:34,536.62
2022-03-30 09:28:39,536.46
2022-03-30 09:28:44,536.39
2022-03-30 09:28:49,536.29
2022-03-30 09:28:54,536.16
2022-03-30 09:28:59,536.1
2022-03-30 09:29:04,536.0
2022-03-30 09:29:09,535.93
2022-03-30 09:29:14,535.87
2022-03-30 09:29:19,535.77
2022-03-30 09:29:24,535.71
2022-03-30 09:29:29,535.58
2022-03-30 09:29:34,535.52
2022-03-30 09:29:39,535.42
2022-03-30 09:29:44,535.36
2022-03-30 09:29:49,535.19
2022-03-30 09:29:54,535.19
2022-03-30 09:29:59,535.07
2022-03-30 09:30:04,534.97
2022-03-30 09:30:09,534.9
2022-03-30 09:30:14,534.78
2022-03-30 09:30:19,534.74
2022-03-30 09:30:24,534.61
2022-03-30 09:30:29,534.55
2022-03-30 09:30:34,534.49
2022-03-30 09:30:39,534.45
2022-03-30 09:30:44,534.33
2022-03-30 09:30:49,534.26
2022-03-30 09:30:54,534.23
2022-03-30 09:30:59,534.16
2022-03-30 09:31:04,534.04
2022-03-30 09:31:09,533.97
2022-03-30 09:31:14,533.94
2022-03-30 09:31:19,533.88
2022-03-30 09:31:24,533.75
2022-03-30 09:31:29,533.72
2022-03-30 09:31:34,533.65
2022-03-30 09:31:39,533.59
2022-03-30 09:31:44,533.53
2022-03-30 09:31:49,533.46
2022-03-30 09:31:54,533.36
2022-03-30 09:31:59,533.3
2022-03-30 09:32:04,533.3
2022-03-30 09:32:09,533.2
2022-03-30 09:32:14,533.14
2022-03-30 09:32:19,533.07
2022-03-30 09:32:24,533.07
2022-03-30 09:32:29,533.01
2022-03-30 09:32:34,532.95
2022-03-30 09:32:39,532.85
2022-03-30 09:32:44,532.85
2022-03-30 09:32:49,532.78
2022-03-30 09:32:54,532.72
2022-03-30 09:32:59,532.69
2022-03-30 09:33:04,532.56
2022-03-30 09:33:09,532.49
2022-03-30 09:33:14,532.43
2022-03-30 09:33:19,532.4
2022-03-30 09:33:24,532.33
2022-03-30 09:33:29,532.27
2022-03-30 09:33:34,532.2
2022-03-30 09:33:39,532.17
2022-03-30 09:33:44,532.1
2022-03-30 09:33:49,532.04
2022-03-30 09:33:54,531.97
2022-03-30 09:33:59,531.91
2022-03-30 09:34:04,531.91
2022-03-30 09:34:09,531.81
2022-03-30 09:34:14,531.75
2022-03-30 09:34:19,531.75
2022-03-30 09:34:24,537.71
2022-03-30 09:34:29,531.65
2022-03-30 09:34:34,537.71
2022-03-30 09:34:39,531.52
2022-03-30 09:34:44,531.46
2022-03-30 09:34:49,531.39
2022-03-30 09:34:54,531.36
2022-03-30 09:34:59,531.36
2022-03-30 09:35:04,531.23
2022-03-30 09:35:09,531.22
2022-03-30 09:35:14,531.16
2022-03-30 09:35:19,531.13
2022-03-30 09:35:24,531.06
2022-03-30 09:35:29,531.0
2022-03-30 09:35:34,531.0
2022-03-30 09:35:39,531.0
2022-03-30 09:35:44,530.93
2022-03-30 09:35:49,530.93
2022-03-30 09:35:54,530.87
2022-03-30 09:35:59,530.83
2022-03-30 09:36:04,530.77
2022-03-30 09:36:09,530.76
2022-03-30 09:36:14,530.7
2022-03-30 09:36:19,530.7
2022-03-30 09:36:24,530.7
2022-03-30 09:36:29,530.7
2022-03-30 09:36:34,530.6
2022-03-30 09:36:39,530.6
2022-03-30 09:36:44,530.54
2022-03-30 09:36:49,530.53
2022-03-30 09:36:54,530.53
2022-03-30 09:36:59,530.41
2022-03-30 09:37:04,530.4
2022-03-30 09:37:09,530.34
2022-03-30 09:37:14,530.3
2022-03-30 09:37:19,530.33
2022-03-30 09:37:24,530.3
2022-03-30 09:37:29,530.23
2022-03-30 09:37:34,530.24
2022-03-30 09:37:39,530.17
2022-03-30 09:37:44,530.1
2022-03-30 09:37:49,530.1
2022-03-30 09:37:54,530.07
2022-03-30 09:37:59,529.94
2022-03-30 09:38:04,537.71
2022-03-30 09:38:09,529.94
2022-03-30 09:38:14,529.81
2022-03-30 09:38:19,529.81
2022-03-30 09:38:24,529.78
2022-03-30 09:38:29,529.71
2022-03-30 09:38:34,529.58
2022-03-30 09:38:39,529.65
2022-03-30 09:38:44,529.55
2022-03-30 09:38:49,529.49
2022-03-30 09:38:54,529.42
2022-03-30 09:38:59,529.36
2022-03-30 09:39:04,529.29
2022-03-30 09:39:09,529.26
2022-03-30 09:39:14,529.26
2022-03-30 09:39:19,529.13
2022-03-30 09:39:24,529.13
2022-03-30 09:39:29,529.04
2022-03-30 09:39:34,528.97
2022-03-30 09:39:39,528.91
2022-03-30 09:39:44,528.91
2022-03-30 09:39:49,528.78
2022-03-30 09:39:54,528.74
2022-03-30 09:39:59,528.68
2022-03-30 09:40:04,528.62
2022-03-30 09:40:09,528.62
2022-03-30 09:40:14,528.55
2022-03-30 09:40:19,528.46
2022-03-30 09:40:24,528.46
2022-03-30 09:40:29,528.39
2022-03-30 09:40:34,528.33
2022-03-30 09:40:39,528.26
2022-03-30 09:40:44,528.23
2022-03-30 09:40:49,528.17
2022-03-30 09:40:54,528.1
2022-03-30 09:40:59,528.04
2022-03-30 09:41:04,528.04
2022-03-30 09:41:09,528.01
2022-03-30 09:41:14,528.01
2022-03-30 09:41:19,528.01
2022-03-30 09:41:24,527.88
2022-03-30 09:41:29,527.95
2022-03-30 09:41:34,527.88
2022-03-30 09:41:39,527.88
2022-03-30 09:41:44,527.82
2022-03-30 09:41:49,527.95
2022-03-30 09:41:54,527.88
2022-03-30 09:41:59,527.88
2022-03-30 09:42:04,527.88
2022-03-30 09:42:09,537.71
2022-03-30 09:42:14,528.01
2022-03-30 09:42:19,528.01
2022-03-30 09:42:24,528.01
2022-03-30 09:42:29,528.05
2022-03-30 09:42:34,528.11
2022-03-30 09:42:39,528.18
2022-03-30 09:42:44,528.24
2022-03-30 09:42:49,528.27
2022-03-30 09:42:54,528.34
2022-03-30 09:42:59,528.4
2022-03-30 09:43:04,528.47
2022-03-30 09:43:09,528.56
2022-03-30 09:43:14,528.63
2022-03-30 09:43:19,528.76
2022-03-30 09:43:24,528.79
2022-03-30 09:43:29,528.92
2022-03-30 09:43:34,528.98
2022-03-30 09:43:39,529.08
2022-03-30 09:43:44,529.21
2022-03-30 09:43:49,529.27
2022-03-30 09:43:54,529.37
2022-03-30 09:43:59,529.5
2022-03-30 09:44:04,529.6
2022-03-30 09:44:09,529.73
2022-03-30 09:44:14,529.79
2022-03-30 09:44:19,529.95
2022-03-30 09:44:24,530.11
2022-03-30 09:44:29,530.24
2022-03-30 09:44:34,530.34
2022-03-30 09:44:39,530.47
2022-03-30 09:44:44,530.63
2022-03-30 09:44:49,530.76
2022-03-30 09:44:54,530.85
2022-03-30 09:44:59,531.05
2022-03-30 09:45:04,531.14
2022-03-30 09:45:09,531.27
2022-03-30 09:45:14,531.37
2022-03-30 09:45:19,531.57
2022-03-30 09:45:24,531.66
2022-03-30 09:45:29,531.79
2022-03-30 09:45:34,531.95
2022-03-30 09:45:39,532.08
2022-03-30 09:45:44,532.24
2022-03-30 09:45:49,532.4
2022-03-30 09:45:54,532.59
2022-03-30 09:45:59,532.66
2022-03-30 09:46:04,532.89
2022-03-30 09:46:09,532.92
2022-03-30 09:46:14,533.12
2022-03-30 09:46:19,533.21
2022-03-30 09:46:24,533.41
2022-03-30 09:46:29,533.57
2022-03-30 09:46:34,533.69
2022-03-30 09:46:39,533.79
2022-03-30 09:46:44,533.92
2022-03-30 09:46:49,534.08
2022-03-30 09:46:54,534.15
2022-03-30 09:46:59,534.31
2022-03-30 09:47:04,534.44
2022-03-30 09:47:09,534.47
2022-03-30 09:47:14,534.53
2022-03-30 09:47:19,534.67
2022-03-30 09:47:24,534.76
2022-03-30 09:47:29,534.83
2022-03-30 09:47:34,534.96
2022-03-30 09:47:39,534.96
2022-03-30 09:47:44,535.05
2022-03-30 09:47:49,535.12
2022-03-30 09:47:54,535.19
2022-03-30 09:47:59,535.19
2022-03-30 09:48:04,535.25
2022-03-30 09:48:09,535.28
2022-03-30 09:48:14,535.28
2022-03-30 09:48:19,535.35
2022-03-30 09:48:24,535.35
2022-03-30 09:48:29,535.42
2022-03-30 09:48:34,535.42
2022-03-30 09:48:39,535.42
2022-03-30 09:48:44,535.48
2022-03-30 09:48:49,535.48
2022-03-30 09:48:54,535.42
2022-03-30 09:48:59,535.42
2022-03-30 09:49:04,535.42
2022-03-30 09:49:09,535.42
2022-03-30 09:49:14,535.42
2022-03-30 09:49:19,535.42
2022-03-30 09:49:24,535.36
2022-03-30 09:49:29,535.36
2022-03-30 09:49:34,535.36
2022-03-30 09:49:39,535.36
2022-03-30 09:49:44,535.3
2022-03-30 09:49:49,535.3
2022-03-30 09:49:54,535.26
2022-03-30 09:49:59,535.27
2022-03-30 09:50:04,535.26
2022-03-30 09:50:09,535.2
2022-03-30 09:50:14,535.2
2022-03-30 09:50:19,535.2
2022-03-30 09:50:24,535.14
2022-03-30 09:50:29,535.14
2022-03-30 09:50:34,535.14
2022-03-30 09:50:39,535.07
2022-03-30 09:50:44,535.07
2022-03-30 09:50:49,535.07
2022-03-30 09:50:54,535.01
2022-03-30 09:50:59,535.07
2022-03-30 09:51:04,535.01
2022-03-30 09:51:09,535.01
2022-03-30 09:51:14,535.01
2022-03-30 09:51:19,534.98
2022-03-30 09:51:24,534.91
2022-03-30 09:51:29,534.98
2022-03-30 09:51:34,534.91
2022-03-30 09:51:39,534.85
2022-03-30 09:51:44,534.85
2022-03-30 09:51:49,534.85
2022-03-30 09:51:54,534.85
2022-03-30 09:51:59,534.85
2022-03-30 09:52:04,534.78
2022-03-30 09:52:09,534.85
2022-03-30 09:52:14,534.78
2022-03-30 09:52:19,534.85
2022-03-30 09:52:24,534.85
2022-03-30 09:52:29,534.91
2022-03-30 09:52:34,534.85
2022-03-30 09:52:39,534.91
2022-03-30 09:52:44,534.98
2022-03-30 09:52:49,534.91
2022-03-30 09:52:54,534.98
2022-03-30 09:52:59,534.97
2022-03-30 09:53:04,534.97
2022-03-30 09:53:09,535.01
2022-03-30 09:53:14,535.0
2022-03-30 09:53:19,535.07
2022-03-30 09:53:24,535.06
2022-03-30 09:53:29,535.13
2022-03-30 09:53:34,535.19
2022-03-30 09:53:39,535.19
2022-03-30 09:53:44,535.26
2022-03-30 09:53:49,535.19
2022-03-30 09:53:54,535.26
2022-03-30 09:53:59,535.29
2022-03-30 09:54:04,535.35
2022-03-30 09:54:09,535.42
2022-03-30 09:54:14,535.35
2022-03-30 09:54:19,535.48
2022-03-30 09:54:24,535.41
2022-03-30 09:54:29,535.48
2022-03-30 09:54:34,535.47
2022-03-30 09:54:39,535.51
2022-03-30 09:54:44,535.51
2022-03-30 09:54:49,535.57
2022-03-30 09:54:54,535.57
2022-03-30 09:54:59,535.57
2022-03-30 09:55:04,535.57
2022-03-30 09:55:09,535.57
2022-03-30 09:55:14,535.63
2022-03-30 09:55:19,535.63
2022-03-30 09:55:24,535.63
2022-03-30 09:55:29,535.63
2022-03-30 09:55:34,535.63
2022-03-30 09:55:39,535.63
2022-03-30 09:55:44,535.63
2022-03-30 09:55:49,535.7
2022-03-30 09:55:54,535.7
2022-03-30 09:55:59,535.76
2022-03-30 09:56:04,535.76
2022-03-30 09:56:09,535.76
2022-03-30 09:56:14,535.7
2022-03-30 09:56:19,535.69
2022-03-30 09:56:24,535.76
2022-03-30 09:56:29,535.76
2022-03-30 09:56:34,535.76
2022-03-30 09:56:39,535.69
2022-03-30 09:56:44,535.7
2022-03-30 09:56:49,535.7
2022-03-30 09:56:54,535.7
2022-03-30 09:56:59,535.69
2022-03-30 09:57:04,535.63
2022-03-30 09:57:09,535.69
2022-03-30 09:57:14,535.63
2022-03-30 09:57:19,535.63
2022-03-30 09:57:24,535.7
2022-03-30 09:57:29,535.63
2022-03-30 09:57:34,535.57
2022-03-30 09:57:39,535.57
2022-03-30 09:57:44,535.57
2022-03-30 09:57:49,535.57
2022-03-30 09:57:54,535.57
2022-03-30 09:57:59,535.57
2022-03-30 09:58:04,535.57
2022-03-30 09:58:09,535.5
2022-03-30 09:58:14,535.5
2022-03-30 09:58:19,535.5
2022-03-30 09:58:24,535.5
2022-03-30 09:58:29,535.47
2022-03-30 09:58:34,535.47
2022-03-30 09:58:39,535.47
2022-03-30 09:58:44,535.47
2022-03-30 09:58:49,535.47
2022-03-30 09:58:54,535.47
2022-03-30 09:58:59,535.47
2022-03-30 09:59:04,535.41
2022-03-30 09:59:09,535.41
2022-03-30 09:59:14,535.41
2022-03-30 09:59:19,535.41
2022-03-30 09:59:24,535.41
2022-03-30 09:59:29,535.41
2022-03-30 09:59:34,535.41
2022-03-30 09:59:39,535.41
2022-03-30 09:59:44,535.41
2022-03-30 09:59:49,535.34
2022-03-30 09:59:54,535.41
2022-03-30 09:59:59,535.34
2022-03-30 10:00:04,535.34
2022-03-30 10:00:09,535.34
2022-03-30 10:00:14,535.34
2022-03-30 10:00:19,535.28
2022-03-30 10:00:24,535.27
2022-03-30 10:00:29,535.28
2022-03-30 10:00:34,535.24
2022-03-30 10:00:39,535.18
2022-03-30 10:00:44,535.18
2022-03-30 10:00:49,535.05
2022-03-30 10:00:54,535.05
2022-03-30 10:00:59,534.98
2022-03-30 10:01:04,534.98
2022-03-30 10:01:09,534.95
2022-03-30 10:01:14,534.95
2022-03-30 10:01:19,534.88
2022-03-30 10:01:24,534.82
2022-03-30 10:01:29,534.75
2022-03-30 10:01:34,534.72
2022-03-30 10:01:39,534.72
2022-03-30 10:01:44,534.72
2022-03-30 10:01:49,534.59
2022-03-30 10:01:54,534.53
2022-03-30 10:01:59,534.53
2022-03-30 10:02:04,534.46
2022-03-30 10:02:09,534.43
2022-03-30 10:02:14,534.36
2022-03-30 10:02:19,534.3
2022-03-30 10:02:24,534.29
2022-03-30 10:02:29,534.23
2022-03-30 10:02:34,534.23
2022-03-30 10:02:39,534.2
2022-03-30 10:02:44,534.13
2022-03-30 10:02:49,534.0
2022-03-30 10:02:54,534.0
2022-03-30 10:02:59,533.94
2022-03-30 10:03:04,533.9
2022-03-30 10:03:09,533.84
2022-03-30 10:03:14,533.77
2022-03-30 10:03:19,533.77
2022-03-30 10:03:24,533.77
2022-03-30 10:03:29,533.71
2022-03-30 10:03:34,533.67
2022-03-30 10:03:39,533.67
2022-03-30 10:03:44,533.61
2022-03-30 10:03:49,533.6
2022-03-30 10:03:54,533.54
2022-03-30 10:03:59,533.54
2022-03-30 10:04:04,533.48
2022-03-30 10:04:09,533.47
2022-03-30 10:04:14,533.41
2022-03-30 10:04:19,533.4
2022-03-30 10:04:24,533.37
2022-03-30 10:04:29,533.37
2022-03-30 10:04:34,533.31
2022-03-30 10:04:39,533.24
2022-03-30 10:04:44,533.24
2022-03-30 10:04:49,533.24
2022-03-30 10:04:54,533.18
2022-03-30 10:04:59,533.14
2022-03-30 10:05:04,533.14
2022-03-30 10:05:09,533.08
2022-03-30 10:05:14,533.01
2022-03-30 10:05:19,533.01
2022-03-30 10:05:24,532.94
2022-03-30 10:05:29,532.95
2022-03-30 10:05:34,532.88
2022-03-30 10:05:39,532.88
2022-03-30 10:05:44,532.85
2022-03-30 10:05:49,532.85
2022-03-30 10:05:54,532.79
2022-03-30 10:05:59,532.78
2022-03-30 10:06:04,532.78
2022-03-30 10:06:09,532.72
2022-03-30 10:06:14,532.65
2022-03-30 10:06:19,532.62
2022-03-30 10:06:24,532.62
2022-03-30 10:06:29,532.56
2022-03-30 10:06:34,532.56
2022-03-30 10:06:39,532.49
2022-03-30 10:06:44,532.49
2022-03-30 10:06:49,532.49
2022-03-30 10:06:54,532.43
2022-03-30 10:06:59,532.43
2022-03-30 10:07:04,532.43
2022-03-30 10:07:09,532.36
2022-03-30 10:07:14,532.36
2022-03-30 10:07:19,532.36
2022-03-30 10:07:24,532.33
2022-03-30 10:07:29,532.33
2022-03-30 10:07:34,532.33
2022-03-30 10:07:39,532.33
2022-03-30 10:07:44,532.27
2022-03-30 10:07:49,532.27
2022-03-30 10:07:54,532.27
2022-03-30 10:07:59,532.21
2022-03-30 10:08:04,532.21
2022-03-30 10:08:09,532.14
2022-03-30 10:08:14,532.21
2022-03-30 10:08:19,532.2
2022-03-30 10:08:24,532.21
2022-03-30 10:08:29,532.2
2022-03-30 10:08:34,532.14
2022-03-30 10:08:39,532.14
2022-03-30 10:08:44,532.14
2022-03-30 10:08:49,532.14
2022-03-30 10:08:54,532.14
2022-03-30 10:08:59,532.11
2022-03-30 10:09:04,532.11
2022-03-30 10:09:09,532.14
2022-03-30 10:09:14,532.11
2022-03-30 10:09:19,532.11
2022-03-30 10:09:24,532.11
2022-03-30 10:09:29,532.11
2022-03-30 10:09:34,532.11
2022-03-30 10:09:39,532.11
2022-03-30 10:09:44,532.11
2022-03-30 10:09:49,532.11
2022-03-30 10:09:54,532.11
2022-03-30 10:09:59,532.14
2022-03-30 10:10:04,532.14
2022-03-30 10:10:09,532.21
2022-03-30 10:10:14,532.14
2022-03-30 10:10:19,532.14
2022-03-30 10:10:24,532.21
2022-03-30 10:10:29,532.21
2022-03-30 10:10:34,532.27
2022-03-30 10:10:39,532.27
2022-03-30 10:10:44,532.27
2022-03-30 10:10:49,532.27
2022-03-30 10:10:54,532.27
2022-03-30 10:10:59,532.27
2022-03-30 10:11:04,532.27
2022-03-30 10:11:09,532.27
2022-03-30 10:11:14,532.34
2022-03-30 10:11:19,532.27
2022-03-30 10:11:24,532.27
2022-03-30 10:11:29,532.27
2022-03-30 10:11:34,532.27
2022-03-30 10:11:39,532.21
2022-03-30 10:11:44,532.27
2022-03-30 10:11:49,532.28
2022-03-30 10:11:54,532.27
2022-03-30 10:11:59,532.27
2022-03-30 10:12:04,532.27
2022-03-30 10:12:09,532.21
2022-03-30 10:12:14,532.21
2022-03-30 10:12:19,532.21
2022-03-30 10:12:24,532.27
2022-03-30 10:12:29,532.21
2022-03-30 10:12:34,532.21
2022-03-30 10:12:39,532.28
2022-03-30 10:12:44,532.28
2022-03-30 10:12:49,532.28
2022-03-30 10:12:54,532.28
2022-03-30 10:12:59,532.28
2022-03-30 10:13:04,532.28
2022-03-30 10:13:09,532.34
2022-03-30 10:13:14,532.34
2022-03-30 10:13:19,532.34
2022-03-30 10:13:24,532.34
2022-03-30 10:13:29,532.34
2022-03-30 10:13:34,532.38
2022-03-30 10:13:39,532.37
2022-03-30 10:13:44,532.37
2022-03-30 10:13:49,532.44
2022-03-30 10:13:54,532.44
2022-03-30 10:13:59,532.44
2022-03-30 10:14:04,532.44
2022-03-30 10:14:09,532.51
2022-03-30 10:14:14,532.57
2022-03-30 10:14:19,532.51
2022-03-30 10:14:24,532.57
2022-03-30 10:14:29,532.57
2022-03-30 10:14:34,532.64
2022-03-30 10:14:39,532.64
2022-03-30 10:14:44,532.67
2022-03-30 10:14:49,532.73
2022-03-30 10:14:54,532.8
2022-03-30 10:14:59,532.8
2022-03-30 10:15:04,532.8
2022-03-30 10:15:09,532.8
2022-03-30 10:15:14,532.87
2022-03-30 10:15:19,532.9
2022-03-30 10:15:24,532.9
2022-03-30 10:15:29,532.97
2022-03-30 10:15:34,532.97
2022-03-30 10:15:39,532.97
2022-03-30 10:15:44,533.04
2022-03-30 10:15:49,533.04
2022-03-30 10:15:54,533.1
2022-03-30 10:15:59,533.16
2022-03-30 10:16:04,533.16
2022-03-30 10:16:09,533.16
2022-03-30 10:16:14,533.16
2022-03-30 10:16:19,533.2
2022-03-30 10:16:24,533.19
2022-03-30 10:16:29,533.26
2022-03-30 10:16:34,533.26
2022-03-30 10:16:39,533.32
2022-03-30 10:16:44,533.26
2022-03-30 10:16:49,533.33
2022-03-30 10:16:54,533.33
2022-03-30 10:16:59,533.33
2022-03-30 10:17:04,533.33
2022-03-30 10:17:09,533.33
2022-03-30 10:17:14,533.33
2022-03-30 10:17:19,533.33
2022-03-30 10:17:24,533.33
2022-03-30 10:17:29,533.26
2022-03-30 10:17:34,533.33
2022-03-30 10:17:39,533.33
2022-03-30 10:17:44,533.26
2022-03-30 10:17:49,533.33
2022-03-30 10:17:54,533.33
2022-03-30 10:17:59,533.33
2022-03-30 10:18:04,533.33
2022-03-30 10:18:09,533.33
2022-03-30 10:18:14,533.33
2022-03-30 10:18:19,533.33
2022-03-30 10:18:24,533.33
2022-03-30 10:18:29,533.26
2022-03-30 10:18:34,533.33
2022-03-30 10:18:39,533.33
2022-03-30 10:18:44,533.26
2022-03-30 10:18:49,533.33
2022-03-30 10:18:54,533.33
2022-03-30 10:18:59,533.32
2022-03-30 10:19:04,533.32
2022-03-30 10:19:09,533.33
2022-03-30 10:19:14,533.32
2022-03-30 10:19:19,533.32
2022-03-30 10:19:24,537.71
2022-03-30 10:19:29,533.32
2022-03-30 10:19:34,533.32
2022-03-30 10:19:39,533.26
2022-03-30 10:19:44,533.26
2022-03-30 10:19:49,533.26
2022-03-30 10:19:54,533.26
2022-03-30 10:19:59,533.19
2022-03-30 10:20:04,533.19
2022-03-30 10:20:09,533.19
2022-03-30 10:20:14,533.16
2022-03-30 10:20:19,533.16
2022-03-30 10:20:24,533.09
2022-03-30 10:20:29,533.09
2022-03-30 10:20:34,533.09
2022-03-30 10:20:39,533.03
2022-03-30 10:20:44,533.09
2022-03-30 10:20:49,532.96
2022-03-30 10:20:54,532.96
2022-03-30 10:20:59,532.96
2022-03-30 10:21:04,532.96
2022-03-30 10:21:09,532.96
2022-03-30 10:21:14,532.96
2022-03-30 10:21:19,532.95
2022-03-30 10:21:24,532.89
2022-03-30 10:21:29,532.89
2022-03-30 10:21:34,532.89
2022-03-30 10:21:39,532.89
2022-03-30 10:21:44,532.89
2022-03-30 10:21:49,532.86
2022-03-30 10:21:54,532.85
2022-03-30 10:21:59,532.86
2022-03-30 10:22:04,532.85
2022-03-30 10:22:09,532.79
2022-03-30 10:22:14,532.85
2022-03-30 10:22:19,532.72
2022-03-30 10:22:24,532.73
2022-03-30 10:22:29,532.72
2022-03-30 10:22:34,532.66
2022-03-30 10:22:39,532.66
2022-03-30 10:22:44,532.66
2022-03-30 10:22:49,532.63
2022-03-30 10:22:54,532.63
2022-03-30 10:22:59,532.63
2022-03-30 10:23:04,532.56
2022-03-30 10:23:09,532.56
2022-03-30 10:23:14,532.5
2022-03-30 10:23:19,532.5
2022-03-30 10:23:24,532.43
2022-03-30 10:23:29,532.43
2022-03-30 10:23:34,532.37
2022-03-30 10:23:39,532.37
2022-03-30 10:23:44,532.37
2022-03-30 10:23:49,532.33
2022-03-30 10:23:54,532.34
2022-03-30 10:23:59,532.27
2022-03-30 10:24:04,532.27
2022-03-30 10:24:09,532.27
2022-03-30 10:24:14,532.21
2022-03-30 10:24:19,532.14
2022-03-30 10:24:24,532.14
2022-03-30 10:24:29,532.11
2022-03-30 10:24:34,532.11
2022-03-30 10:24:39,532.05
2022-03-30 10:24:44,531.98
2022-03-30 10:24:49,532.05
2022-03-30 10:24:54,531.92
2022-03-30 10:24:59,531.92
2022-03-30 10:25:04,531.92
2022-03-30 10:25:09,531.92
2022-03-30 10:25:14,531.86
2022-03-30 10:25:19,531.86
2022-03-30 10:25:24,531.82
2022-03-30 10:25:29,531.82
2022-03-30 10:25:34,531.82
2022-03-30 10:25:39,537.71
2022-03-30 10:25:44,531.76
2022-03-30 10:25:49,531.69
2022-03-30 10:25:54,531.7
2022-03-30 10:25:59,531.7
2022-03-30 10:26:04,531.63
2022-03-30 10:26:09,531.63
2022-03-30 10:26:14,531.6
2022-03-30 10:26:19,531.6
2022-03-30 10:26:24,531.6
2022-03-30 10:26:29,531.53
2022-03-30 10:26:34,531.47
2022-03-30 10:26:39,531.4
2022-03-30 10:26:44,531.47
2022-03-30 10:26:49,531.4
2022-03-30 10:26:54,531.4
2022-03-30 10:26:59,531.34
2022-03-30 10:27:04,531.34
2022-03-30 10:27:09,531.31
2022-03-30 10:27:14,531.34
2022-03-30 10:27:19,531.3
2022-03-30 10:27:24,531.24
2022-03-30 10:27:29,531.24
2022-03-30 10:27:34,537.71
2022-03-30 10:27:39,531.18
2022-03-30 10:27:44,531.18
2022-03-30 10:27:49,531.11
2022-03-30 10:27:54,531.11
2022-03-30 10:27:59,531.11
2022-03-30 10:28:04,531.11
2022-03-30 10:28:09,531.11
2022-03-30 10:28:14,531.11
2022-03-30 10:28:19,531.17
2022-03-30 10:28:24,531.17
2022-03-30 10:28:29,531.17
2022-03-30 10:28:34,531.17
2022-03-30 10:28:39,531.17
2022-03-30 10:28:44,531.17
2022-03-30 10:28:49,531.23
2022-03-30 10:28:54,531.17
2022-03-30 10:28:59,531.23
2022-03-30 10:29:04,531.3
2022-03-30 10:29:09,531.29
2022-03-30 10:29:14,531.29
2022-03-30 10:29:19,531.29
2022-03-30 10:29:24,531.32
2022-03-30 10:29:29,531.32
2022-03-30 10:29:34,531.45
2022-03-30 10:29:39,531.45
2022-03-30 10:29:44,531.51
2022-03-30 10:29:49,531.58
2022-03-30 10:29:54,531.61
2022-03-30 10:29:59,531.61
2022-03-30 10:30:04,531.67
2022-03-30 10:30:09,531.79
2022-03-30 10:30:14,531.79
2022-03-30 10:30:19,531.83
2022-03-30 10:30:24,531.89
2022-03-30 10:30:29,531.95
2022-03-30 10:30:34,532.08
2022-03-30 10:30:39,532.08
2022-03-30 10:30:44,532.18
2022-03-30 10:30:49,532.24
2022-03-30 10:30:54,532.34
2022-03-30 10:30:59,532.4
2022-03-30 10:31:04,532.46
2022-03-30 10:31:09,532.59
2022-03-30 10:31:14,532.62
2022-03-30 10:31:19,532.75
2022-03-30 10:31:24,532.84
2022-03-30 10:31:29,532.97
2022-03-30 10:31:34,533.04
2022-03-30 10:31:39,533.13
2022-03-30 10:31:44,533.26
2022-03-30 10:31:49,533.36
2022-03-30 10:31:54,533.48
2022-03-30 10:31:59,533.55
2022-03-30 10:32:04,533.64
2022-03-30 10:32:09,533.77
2022-03-30 10:32:14,533.87
2022-03-30 10:32:19,534.06
2022-03-30 10:32:24,534.12
2022-03-30 10:32:29,534.22
2022-03-30 10:32:34,534.35
2022-03-30 10:32:39,534.45
2022-03-30 10:32:44,534.64
2022-03-30 10:32:49,534.74
2022-03-30 10:32:54,534.86
2022-03-30 10:32:59,534.9
2022-03-30 10:33:04,535.15
2022-03-30 10:33:09,535.31
2022-03-30 10:33:14,535.38
2022-03-30 10:33:19,535.47
2022-03-30 10:33:24,535.6
2022-03-30 10:33:29,535.76
2022-03-30 10:33:34,535.92
2022-03-30 10:33:39,536.12
2022-03-30 10:33:44,536.21
2022-03-30 10:33:49,536.35
2022-03-30 10:33:54,536.44
2022-03-30 10:33:59,536.63
2022-03-30 10:34:04,536.79
2022-03-30 10:34:09,536.95
2022-03-30 10:34:14,537.09
2022-03-30 10:34:19,537.24
2022-03-30 10:34:24,537.44
2022-03-30 10:34:29,537.6
2022-03-30 10:34:34,537.76
2022-03-30 10:34:39,537.98
2022-03-30 10:34:44,538.05
2022-03-30 10:34:49,538.25
2022-03-30 10:34:54,538.4
2022-03-30 10:34:59,538.56
2022-03-30 10:35:04,538.7
2022-03-30 10:35:09,538.79
2022-03-30 10:35:14,539.02
2022-03-30 10:35:19,539.21
2022-03-30 10:35:24,539.27
2022-03-30 10:35:29,539.44
2022-03-30 10:35:34,539.6
2022-03-30 10:35:39,539.82
2022-03-30 10:35:44,539.82
2022-03-30 10:35:49,540.02
2022-03-30 10:35:54,540.18
2022-03-30 10:35:59,540.31
2022-03-30 10:36:04,540.4
2022-03-30 10:36:09,540.47
2022-03-30 10:36:14,540.63
2022-03-30 10:36:19,540.76
2022-03-30 10:36:24,540.82
2022-03-30 10:36:29,540.92
2022-03-30 10:36:34,541.05
2022-03-30 10:36:39,541.08
2022-03-30 10:36:44,541.21
2022-03-30 10:36:49,541.21
2022-03-30 10:36:54,541.27
2022-03-30 10:36:59,541.34
2022-03-30 10:37:04,541.37
2022-03-30 10:37:09,541.37
2022-03-30 10:37:14,541.44
2022-03-30 10:37:19,541.37
2022-03-30 10:37:24,541.37
2022-03-30 10:37:29,541.44
2022-03-30 10:37:34,541.37
2022-03-30 10:37:39,541.34
2022-03-30 10:37:44,541.34
2022-03-30 10:37:49,541.34
2022-03-30 10:37:54,541.27
2022-03-30 10:37:59,541.15
2022-03-30 10:38:04,541.15
2022-03-30 10:38:09,541.08
2022-03-30 10:38:14,541.05
2022-03-30 10:38:19,540.92
2022-03-30 10:38:24,540.86
2022-03-30 10:38:29,540.82
2022-03-30 10:38:34,540.7
2022-03-30 10:38:39,540.64
2022-03-30 10:38:44,540.54
2022-03-30 10:38:49,540.41
2022-03-30 10:38:54,540.31
2022-03-30 10:38:59,540.25
2022-03-30 10:39:04,540.05
2022-03-30 10:39:09,540.02
2022-03-30 10:39:14,539.89
2022-03-30 10:39:19,539.73
2022-03-30 10:39:24,539.61
2022-03-30 10:39:29,539.51
2022-03-30 10:39:34,539.28
2022-03-30 10:39:39,539.22
2022-03-30 10:39:44,539.02
2022-03-30 10:39:49,538.93
2022-03-30 10:39:54,538.8
2022-03-30 10:39:59,538.7
2022-03-30 10:40:04,538.57
2022-03-30 10:40:09,538.48
2022-03-30 10:40:14,538.29
2022-03-30 10:40:19,538.19
2022-03-30 10:40:24,538.0
2022-03-30 10:40:29,537.9
2022-03-30 10:40:34,537.77
2022-03-30 10:40:39,537.67
2022-03-30 10:40:44,537.54
2022-03-30 10:40:49,537.38
2022-03-30 10:40:54,537.25
2022-03-30 10:40:59,537.16
2022-03-30 10:41:04,536.97
2022-03-30 10:41:09,536.81
2022-03-30 10:41:14,536.71
2022-03-30 10:41:19,536.58
2022-03-30 10:41:24,536.45
2022-03-30 10:41:29,536.29
2022-03-30 10:41:34,536.2
2022-03-30 10:41:39,536.07
2022-03-30 10:41:44,535.94
2022-03-30 10:41:49,535.78
2022-03-30 10:41:54,535.69
2022-03-30 10:41:59,535.56
2022-03-30 10:42:04,535.4
2022-03-30 10:42:09,535.27
2022-03-30 10:42:14,535.17
2022-03-30 10:42:19,534.98
2022-03-30 10:42:24,534.88
2022-03-30 10:42:29,534.76
2022-03-30 10:42:34,534.69
2022-03-30 10:42:39,534.53
2022-03-30 10:42:44,534.47
2022-03-30 10:42:49,534.31
2022-03-30 10:42:54,534.18
2022-03-30 10:42:59,534.15
2022-03-30 10:43:04,534.02
2022-03-30 10:43:09,533.86
2022-03-30 10:43:14,533.8
2022-03-30 10:43:19,533.73
2022-03-30 10:43:24,533.57
2022-03-30 10:43:29,533.44
2022-03-30 10:43:34,533.38
2022-03-30 10:43:39,533.22
2022-03-30 10:43:44,533.15
2022-03-30 10:43:49,533.12
2022-03-30 10:43:54,532.99
2022-03-30 10:43:59,532.86
2022-03-30 10:44:04,532.77
2022-03-30 10:44:09,532.7
2022-03-30 10:44:14,532.61
2022-03-30 10:44:19,532.48
2022-03-30 10:44:24,532.35
2022-03-30 10:44:29,532.32
2022-03-30 10:44:34,532.25
2022-03-30 10:44:39,532.12
2022-03-30 10:44:44,532.09
2022-03-30 10:44:49,532.03
2022-03-30 10:44:54,531.96
2022-03-30 10:44:59,531.9
2022-03-30 10:45:04,531.83
2022-03-30 10:45:09,531.74
2022-03-30 10:45:14,531.67
2022-03-30 10:45:19,531.67
2022-03-30 10:45:24,531.61
2022-03-30 10:45:29,531.45
2022-03-30 10:45:34,531.45
2022-03-30 10:45:39,531.32
2022-03-30 10:45:44,531.28
2022-03-30 10:45:49,531.32
2022-03-30 10:45:54,531.22
2022-03-30 10:45:59,531.16
2022-03-30 10:46:04,531.09
2022-03-30 10:46:09,537.71
2022-03-30 10:46:14,530.99
2022-03-30 10:46:19,530.99
2022-03-30 10:46:24,530.93
2022-03-30 10:46:29,530.87
2022-03-30 10:46:34,530.8
2022-03-30 10:46:39,530.8
2022-03-30 10:46:44,530.77
2022-03-30 10:46:49,530.7
2022-03-30 10:46:54,530.7
2022-03-30 10:46:59,530.63
2022-03-30 10:47:04,530.57
2022-03-30 10:47:09,530.54
2022-03-30 10:47:14,530.54
2022-03-30 10:47:19,530.47
2022-03-30 10:47:24,530.41
2022-03-30 10:47:29,530.34
2022-03-30 10:47:34,530.28
2022-03-30 10:47:39,530.24
2022-03-30 10:47:44,530.18
2022-03-30 10:47:49,530.11
2022-03-30 10:47:54,530.12
2022-03-30 10:47:59,530.05
2022-03-30 10:48:04,529.95
2022-03-30 10:48:09,529.89
2022-03-30 10:48:14,529.82
2022-03-30 10:48:19,529.76
2022-03-30 10:48:24,529.76
2022-03-30 10:48:29,529.66
2022-03-30 10:48:34,529.6
2022-03-30 10:48:39,529.53
2022-03-30 10:48:44,529.5
2022-03-30 10:48:49,529.43
2022-03-30 10:48:54,529.37
2022-03-30 10:48:59,529.31
2022-03-30 10:49:04,529.2
2022-03-30 10:49:09,529.21
2022-03-30 10:49:14,529.14
2022-03-30 10:49:19,529.08
2022-03-30 10:49:24,529.01
2022-03-30 10:49:29,529.01
2022-03-30 10:49:34,528.98
2022-03-30 10:49:39,528.98
2022-03-30 10:49:44,528.92
2022-03-30 10:49:49,528.92
2022-03-30 10:49:54,528.85
2022-03-30 10:49:59,528.85
2022-03-30 10:50:04,528.79
2022-03-30 10:50:09,528.79
2022-03-30 10:50:14,528.79
2022-03-30 10:50:19,528.72
2022-03-30 10:50:24,528.72
2022-03-30 10:50:29,528.69
2022-03-30 10:50:34,528.69
2022-03-30 10:50:39,528.69
2022-03-30 10:50:44,528.72
2022-03-30 10:50:49,528.69
2022-03-30 10:50:54,528.69
2022-03-30 10:50:59,528.69
2022-03-30 10:51:04,528.69
2022-03-30 10:51:09,528.73
2022-03-30 10:51:14,528.79
2022-03-30 10:51:19,528.79
2022-03-30 10:51:24,528.79
2022-03-30 10:51:29,528.85
2022-03-30 10:51:34,528.85
2022-03-30 10:51:39,528.92
2022-03-30 10:51:44,528.92
2022-03-30 10:51:49,528.98
2022-03-30 10:51:54,528.99
2022-03-30 10:51:59,528.99
2022-03-30 10:52:04,529.02
2022-03-30 10:52:09,529.08
2022-03-30 10:52:14,529.15
2022-03-30 10:52:19,529.21
2022-03-30 10:52:24,529.24
2022-03-30 10:52:29,529.31
2022-03-30 10:52:34,529.24
2022-03-30 10:52:39,529.37
2022-03-30 10:52:44,529.37
2022-03-30 10:52:49,529.5
2022-03-30 10:52:54,529.5
2022-03-30 10:52:59,529.54
2022-03-30 10:53:04,529.66
2022-03-30 10:53:09,529.66
2022-03-30 10:53:14,529.76
2022-03-30 10:53:19,529.82
2022-03-30 10:53:24,529.89
2022-03-30 10:53:29,529.95
2022-03-30 10:53:34,530.05
2022-03-30 10:53:39,530.11
2022-03-30 10:53:44,530.18
2022-03-30 10:53:49,530.27
2022-03-30 10:53:54,530.34
2022-03-30 10:53:59,530.47
2022-03-30 10:54:04,530.53
2022-03-30 10:54:09,530.63
2022-03-30 10:54:14,530.75
2022-03-30 10:54:19,530.79
2022-03-30 10:54:24,530.92
2022-03-30 10:54:29,531.04
2022-03-30 10:54:34,531.08
2022-03-30 10:54:39,531.27
2022-03-30 10:54:44,531.37
2022-03-30 10:54:49,531.49
2022-03-30 10:54:54,531.56
2022-03-30 10:54:59,531.65
2022-03-30 10:55:04,531.78
2022-03-30 10:55:09,531.88
2022-03-30 10:55:14,532.07
2022-03-30 10:55:19,532.16
2022-03-30 10:55:24,532.3
2022-03-30 10:55:29,532.39
2022-03-30 10:55:34,532.52
2022-03-30 10:55:39,532.68
2022-03-30 10:55:44,532.81
2022-03-30 10:55:49,532.91
2022-03-30 10:55:54,533.03
2022-03-30 10:55:59,533.13
2022-03-30 10:56:04,533.32
2022-03-30 10:56:09,533.42
2022-03-30 10:56:14,533.61
2022-03-30 10:56:19,533.7
2022-03-30 10:56:24,533.77
2022-03-30 10:56:29,533.93
2022-03-30 10:56:34,534.06
2022-03-30 10:56:39,534.15
2022-03-30 10:56:44,534.28
2022-03-30 10:56:49,534.35
2022-03-30 10:56:54,534.44
2022-03-30 10:56:59,534.57
2022-03-30 10:57:04,534.67
2022-03-30 10:57:09,534.79
2022-03-30 10:57:14,534.95
2022-03-30 10:57:19,535.01
2022-03-30 10:57:24,535.08
2022-03-30 10:57:29,535.18
2022-03-30 10:57:34,535.3
2022-03-30 10:57:39,535.4
2022-03-30 10:57:44,535.4
2022-03-30 10:57:49,535.59
2022-03-30 10:57:54,535.66
2022-03-30 10:57:59,535.69
2022-03-30 10:58:04,535.88
2022-03-30 10:58:09,535.91
2022-03-30 10:58:14,535.97
2022-03-30 10:58:19,536.1
2022-03-30 10:58:24,536.17
2022-03-30 10:58:29,536.26
2022-03-30 10:58:34,536.32
2022-03-30 10:58:39,536.43
2022-03-30 10:58:44,536.49
2022-03-30 10:58:49,536.55
2022-03-30 10:58:54,536.68
2022-03-30 10:58:59,536.72
2022-03-30 10:59:04,536.78
2022-03-30 10:59:09,536.84
2022-03-30 10:59:14,536.91
2022-03-30 10:59:19,537.01
2022-03-30 10:59:24,537.0
2022-03-30 10:59:29,537.07
2022-03-30 10:59:34,537.13
2022-03-30 10:59:39,537.13
2022-03-30 10:59:44,537.23
2022-03-30 10:59:49,537.3
2022-03-30 10:59:54,537.36
2022-03-30 10:59:59,537.36
2022-03-30 11:00:04,537.36
2022-03-30 11:00:09,537.43
2022-03-30 11:00:14,537.46
2022-03-30 11:00:19,537.52
2022-03-30 11:00:24,537.59
2022-03-30 11:00:29,537.52
2022-03-30 11:00:34,537.59
2022-03-30 11:00:39,537.59
2022-03-30 11:00:44,537.65
2022-03-30 11:00:49,537.72
2022-03-30 11:00:54,537.72
2022-03-30 11:00:59,537.75
2022-03-30 11:01:04,537.72
2022-03-30 11:01:09,537.76
2022-03-30 11:01:14,537.82
2022-03-30 11:01:19,537.76
2022-03-30 11:01:24,537.88
2022-03-30 11:01:29,537.82
2022-03-30 11:01:34,537.95
2022-03-30 11:01:39,537.95
2022-03-30 11:01:44,537.95
2022-03-30 11:01:49,537.95
2022-03-30 11:01:54,537.98
2022-03-30 11:01:59,537.98
2022-03-30 11:02:04,538.05
2022-03-30 11:02:09,538.05
2022-03-30 11:02:14,538.05
2022-03-30 11:02:19,538.05
2022-03-30 11:02:24,538.05
2022-03-30 11:02:29,538.11
2022-03-30 11:02:34,538.11
2022-03-30 11:02:39,538.11
2022-03-30 11:02:44,538.18
2022-03-30 11:02:49,538.11
2022-03-30 11:02:54,538.18
2022-03-30 11:02:59,538.18
2022-03-30 11:03:04,538.18
2022-03-30 11:03:09,538.18
2022-03-30 11:03:14,538.18
2022-03-30 11:03:19,538.18
2022-03-30 11:03:24,538.18
2022-03-30 11:03:29,538.18
2022-03-30 11:03:34,538.18
2022-03-30 11:03:39,538.18
2022-03-30 11:03:44,538.12
2022-03-30 11:03:49,538.18
2022-03-30 11:03:54,538.12
2022-03-30 11:03:59,538.18
2022-03-30 11:04:04,538.18
2022-03-30 11:04:09,538.18
2022-03-30 11:04:14,538.24
2022-03-30 11:04:19,538.25
2022-03-30 11:04:24,538.18
2022-03-30 11:04:29,538.24
2022-03-30 11:04:34,538.27
2022-03-30 11:04:39,538.24
2022-03-30 11:04:44,538.24
2022-03-30 11:04:49,538.18
2022-03-30 11:04:54,538.24
2022-03-30 11:04:59,538.24
2022-03-30 11:05:04,538.24
2022-03-30 11:05:09,538.24
2022-03-30 11:05:14,538.17
2022-03-30 11:05:19,538.17
2022-03-30 11:05:24,538.17
2022-03-30 11:05:29,538.11
2022-03-30 11:05:34,538.11
2022-03-30 11:05:39,538.1
2022-03-30 11:05:44,538.04
2022-03-30 11:05:49,538.04
2022-03-30 11:05:54,537.98
2022-03-30 11:05:59,537.98
2022-03-30 11:06:04,537.98
2022-03-30 11:06:09,537.98
2022-03-30 11:06:14,538.04
2022-03-30 11:06:19,537.94
2022-03-30 11:06:24,537.97
2022-03-30 11:06:29,537.97
2022-03-30 11:06:34,537.97
2022-03-30 11:06:39,537.94
2022-03-30 11:06:44,537.97
2022-03-30 11:06:49,537.97
2022-03-30 11:06:54,537.97
2022-03-30 11:06:59,537.97
2022-03-30 11:07:04,537.97
2022-03-30 11:07:09,537.97
2022-03-30 11:07:14,537.97
2022-03-30 11:07:19,537.97
2022-03-30 11:07:24,537.96
2022-03-30 11:07:29,537.97
2022-03-30 11:07:34,537.96
2022-03-30 11:07:39,537.97
2022-03-30 11:07:44,537.93
2022-03-30 11:07:49,537.93
2022-03-30 11:07:54,537.96
2022-03-30 11:07:59,537.93
2022-03-30 11:08:04,537.93
2022-03-30 11:08:09,537.93
2022-03-30 11:08:14,537.93
2022-03-30 11:08:19,537.93
2022-03-30 11:08:24,537.96
2022-03-30 11:08:29,537.96
2022-03-30 11:08:34,537.96
2022-03-30 11:08:39,537.96
2022-03-30 11:08:44,537.96
2022-03-30 11:08:49,537.96
2022-03-30 11:08:54,537.96
2022-03-30 11:08:59,537.96
2022-03-30 11:09:04,537.96
2022-03-30 11:09:09,537.96
2022-03-30 11:09:14,537.96
2022-03-30 11:09:19,537.96
2022-03-30 11:09:24,537.96
2022-03-30 11:09:29,537.96
2022-03-30 11:09:34,537.96
2022-03-30 11:09:39,537.93
2022-03-30 11:09:44,537.96
2022-03-30 11:09:49,537.96
2022-03-30 11:09:54,537.96
2022-03-30 11:09:59,537.93
2022-03-30 11:10:04,537.93
2022-03-30 11:10:09,537.93
2022-03-30 11:10:14,537.87
2022-03-30 11:10:19,537.87
2022-03-30 11:10:24,537.87
2022-03-30 11:10:29,537.87
2022-03-30 11:10:34,537.81
2022-03-30 11:10:39,537.81
2022-03-30 11:10:44,537.81
2022-03-30 11:10:49,537.74
2022-03-30 11:10:54,537.74
2022-03-30 11:10:59,537.71
2022-03-30 11:11:04,537.65
2022-03-30 11:11:09,537.71
2022-03-30 11:11:14,537.65
2022-03-30 11:11:19,537.71
2022-03-30 11:11:24,537.65
2022-03-30 11:11:29,537.65
2022-03-30 11:11:34,537.65
2022-03-30 11:11:39,537.65
2022-03-30 11:11:44,537.65
2022-03-30 11:11:49,537.65
2022-03-30 11:11:54,537.65
2022-03-30 11:11:59,537.65
2022-03-30 11:12:04,537.65
2022-03-30 11:12:09,537.65
2022-03-30 11:12:14,537.72
2022-03-30 11:12:19,537.72
2022-03-30 11:12:24,537.75
2022-03-30 11:12:29,537.75
2022-03-30 11:12:34,537.75
2022-03-30 11:12:39,537.81
2022-03-30 11:12:44,537.88
2022-03-30 11:12:49,537.81
2022-03-30 11:12:54,537.88
2022-03-30 11:12:59,537.88
2022-03-30 11:13:04,537.88
2022-03-30 11:13:09,537.95
2022-03-30 11:13:14,537.95
2022-03-30 11:13:19,537.98
2022-03-30 11:13:24,537.98
2022-03-30 11:13:29,538.04
2022-03-30 11:13:34,538.11
2022-03-30 11:13:39,538.05
2022-03-30 11:13:44,538.17
2022-03-30 11:13:49,538.24
2022-03-30 11:13:54,538.24
2022-03-30 11:13:59,538.24
2022-03-30 11:14:04,538.27
2022-03-30 11:14:09,538.27
2022-03-30 11:14:14,538.4
2022-03-30 11:14:19,538.34
2022-03-30 11:14:24,538.4
2022-03-30 11:14:29,538.46
2022-03-30 11:14:34,538.5
2022-03-30 11:14:39,538.5
2022-03-30 11:14:44,538.56
2022-03-30 11:14:49,538.56
2022-03-30 11:14:54,538.63
2022-03-30 11:14:59,538.69
2022-03-30 11:15:04,538.76
2022-03-30 11:15:09,538.76
2022-03-30 11:15:14,538.79
2022-03-30 11:15:19,538.79
2022-03-30 11:15:24,538.92
2022-03-30 11:15:29,538.98
2022-03-30 11:15:34,538.99
2022-03-30 11:15:39,539.02
2022-03-30 11:15:44,539.08
2022-03-30 11:15:49,539.21
2022-03-30 11:15:54,539.27
2022-03-30 11:15:59,539.31
2022-03-30 11:16:04,539.37
2022-03-30 11:16:09,539.5
2022-03-30 11:16:14,539.6
2022-03-30 11:16:19,539.6
2022-03-30 11:16:24,539.66
2022-03-30 11:16:29,539.73
2022-03-30 11:16:34,539.82
2022-03-30 11:16:39,539.89
2022-03-30 11:16:44,540.02
2022-03-30 11:16:49,540.05
2022-03-30 11:16:54,537.71
2022-03-30 11:16:59,540.18
2022-03-30 11:17:04,540.31
2022-03-30 11:17:09,540.31
2022-03-30 11:17:14,540.41
2022-03-30 11:17:19,540.47
2022-03-30 11:17:24,540.54
2022-03-30 11:17:29,540.57
2022-03-30 11:17:34,540.7
2022-03-30 11:17:39,540.77
2022-03-30 11:17:44,540.83
2022-03-30 11:17:49,540.93
2022-03-30 11:17:54,540.99
2022-03-30 11:17:59,541.06
2022-03-30 11:18:04,541.15
2022-03-30 11:18:09,541.16
2022-03-30 11:18:14,541.29
2022-03-30 11:18:19,541.29
2022-03-30 11:18:24,541.45
2022-03-30 11:18:29,541.45
2022-03-30 11:18:34,541.58
2022-03-30 11:18:39,541.61
2022-03-30 11:18:44,541.67
2022-03-30 11:18:49,541.74
2022-03-30 11:18:54,541.8
2022-03-30 11:18:59,541.87
2022-03-30 11:19:04,541.9
2022-03-30 11:19:09,541.97
2022-03-30 11:19:14,542.1
2022-03-30 11:19:19,542.13
2022-03-30 11:19:24,542.19
2022-03-30 11:19:29,542.26
2022-03-30 11:19:34,542.26
2022-03-30 11:19:39,542.39
2022-03-30 11:19:44,542.39
2022-03-30 11:19:49,542.42
2022-03-30 11:19:54,542.55
2022-03-30 11:19:59,542.61
2022-03-30 11:20:04,542.64
2022-03-30 11:20:09,542.71
2022-03-30 11:20:14,542.71
2022-03-30 11:20:19,542.77
2022-03-30 11:20:24,542.91
2022-03-30 11:20:29,542.94
2022-03-30 11:20:34,543.0
2022-03-30 11:20:39,543.06
2022-03-30 11:20:44,543.13
2022-03-30 11:20:49,543.16
2022-03-30 11:20:54,543.22
2022-03-30 11:20:59,543.35
2022-03-30 11:21:04,543.42
2022-03-30 11:21:09,543.51
2022-03-30 11:21:14,543.58
2022-03-30 11:21:19,543.64
2022-03-30 11:21:24,543.74
2022-03-30 11:21:29,543.8
2022-03-30 11:21:34,543.87
2022-03-30 11:21:39,543.96
2022-03-30 11:21:44,544.03
2022-03-30 11:21:49,544.09
2022-03-30 11:21:54,544.19
2022-03-30 11:21:59,544.32
2022-03-30 11:22:04,544.45
2022-03-30 11:22:09,544.48
2022-03-30 11:22:14,544.61
2022-03-30 11:22:19,544.67
2022-03-30 11:22:24,544.77
2022-03-30 11:22:29,544.9
2022-03-30 11:22:34,544.99
2022-03-30 11:22:39,545.12
2022-03-30 11:22:44,545.18
2022-03-30 11:22:49,545.28
2022-03-30 11:22:54,545.35
2022-03-30 11:22:59,545.47
2022-03-30 11:23:04,545.57
2022-03-30 11:23:09,545.7
2022-03-30 11:23:14,545.73
2022-03-30 11:23:19,545.86
2022-03-30 11:23:24,545.98
2022-03-30 11:23:29,546.08
2022-03-30 11:23:34,546.14
2022-03-30 11:23:39,546.24
2022-03-30 11:23:44,546.37
2022-03-30 11:23:49,546.5
2022-03-30 11:23:54,546.53
2022-03-30 11:23:59,546.72
2022-03-30 11:24:04,546.75
2022-03-30 11:24:09,546.88
2022-03-30 11:24:14,537.71
2022-03-30 11:24:19,547.04
2022-03-30 11:24:24,547.17
2022-03-30 11:24:29,547.27
2022-03-30 11:24:34,547.4
2022-03-30 11:24:39,547.52
2022-03-30 11:24:44,547.56
2022-03-30 11:24:49,547.75
2022-03-30 11:24:54,547.78
2022-03-30 11:24:59,547.91
2022-03-30 11:25:04,548.04
2022-03-30 11:25:09,548.13
2022-03-30 11:25:14,548.26
2022-03-30 11:25:19,548.36
2022-03-30 11:25:24,548.42
2022-03-30 11:25:29,548.58
2022-03-30 11:25:34,548.65
2022-03-30 11:25:39,548.81
2022-03-30 11:25:44,548.87
2022-03-30 11:25:49,549.0
2022-03-30 11:25:54,549.1
2022-03-30 11:25:59,549.29
2022-03-30 11:26:04,549.29
2022-03-30 11:26:09,549.45
2022-03-30 11:26:14,549.52
2022-03-30 11:26:19,549.61
2022-03-30 11:26:24,549.68
2022-03-30 11:26:29,549.74
2022-03-30 11:26:34,549.84
2022-03-30 11:26:39,549.97
2022-03-30 11:26:44,550.03
2022-03-30 11:26:49,550.1
2022-03-30 11:26:54,550.19
2022-03-30 11:26:59,550.26
2022-03-30 11:27:04,550.26
2022-03-30 11:27:09,550.32
2022-03-30 11:27:14,550.35
2022-03-30 11:27:19,550.35
2022-03-30 11:27:24,550.35
2022-03-30 11:27:29,550.42
2022-03-30 11:27:34,550.42
2022-03-30 11:27:39,550.49
2022-03-30 11:27:44,550.42
2022-03-30 11:27:49,550.42
2022-03-30 11:27:54,550.42
2022-03-30 11:27:59,550.42
2022-03-30 11:28:04,550.32
2022-03-30 11:28:09,550.32
2022-03-30 11:28:14,550.26
2022-03-30 11:28:19,550.19
2022-03-30 11:28:24,550.13
2022-03-30 11:28:29,550.03
2022-03-30 11:28:34,549.97
2022-03-30 11:28:39,549.81
2022-03-30 11:28:44,549.68
2022-03-30 11:28:49,549.52
2022-03-30 11:28:54,549.39
2022-03-30 11:28:59,549.29
2022-03-30 11:29:04,549.07
2022-03-30 11:29:09,548.88
2022-03-30 11:29:14,548.71
2022-03-30 11:29:19,548.48
2022-03-30 11:29:24,548.26
2022-03-30 11:29:29,548.03
2022-03-30 11:29:34,547.78
2022-03-30 11:29:39,547.61
2022-03-30 11:29:44,547.26
2022-03-30 11:29:49,547.1
2022-03-30 11:29:54,546.81
2022-03-30 11:29:59,546.58
2022-03-30 11:30:04,546.29
2022-03-30 11:30:09,546.0
2022-03-30 11:30:14,545.71
2022-03-30 11:30:19,545.45
2022-03-30 11:30:24,545.2
2022-03-30 11:30:29,544.94
2022-03-30 11:30:34,544.65
2022-03-30 11:30:39,544.36
2022-03-30 11:30:44,544.13
2022-03-30 11:30:49,543.84
2022-03-30 11:30:54,543.61
2022-03-30 11:30:59,543.32
2022-03-30 11:31:04,543.03
2022-03-30 11:31:09,542.74
2022-03-30 11:31:14,542.58
2022-03-30 11:31:19,542.29
2022-03-30 11:31:24,542.06
2022-03-30 11:31:29,541.84
2022-03-30 11:31:34,541.58
2022-03-30 11:31:39,541.35
2022-03-30 11:31:44,541.19
2022-03-30 11:31:49,541.03
2022-03-30 11:31:54,540.74
2022-03-30 11:31:59,540.55
2022-03-30 11:32:04,540.38
2022-03-30 11:32:09,540.22
2022-03-30 11:32:14,540.02
2022-03-30 11:32:19,539.8
2022-03-30 11:32:24,539.64
2022-03-30 11:32:29,539.57
2022-03-30 11:32:34,539.41
2022-03-30 11:32:39,539.28
2022-03-30 11:32:44,539.06
2022-03-30 11:32:49,538.99
2022-03-30 11:32:54,538.83
2022-03-30 11:32:59,538.76
2022-03-30 11:33:04,538.66
2022-03-30 11:33:09,538.6
2022-03-30 11:33:14,538.47
2022-03-30 11:33:19,538.37
2022-03-30 11:33:24,538.3
2022-03-30 11:33:29,538.21
2022-03-30 11:33:34,538.14
2022-03-30 11:33:39,538.01
2022-03-30 11:33:44,537.92
2022-03-30 11:33:49,537.85
2022-03-30 11:33:54,537.72
2022-03-30 11:33:59,537.69
2022-03-30 11:34:04,537.56
2022-03-30 11:34:09,537.49
2022-03-30 11:34:14,537.43
2022-03-30 11:34:19,537.33
2022-03-30 11:34:24,537.2
2022-03-30 11:34:29,537.2
2022-03-30 11:34:34,537.1
2022-03-30 11:34:39,537.04
2022-03-30 11:34:44,537.04
2022-03-30 11:34:49,536.88
2022-03-30 11:34:54,536.88
2022-03-30 11:34:59,536.81
2022-03-30 11:35:04,536.68
2022-03-30 11:35:09,536.68
2022-03-30 11:35:14,536.59
2022-03-30 11:35:19,536.59
2022-03-30 11:35:24,536.46
2022-03-30 11:35:29,536.39
2022-03-30 11:35:34,536.29
2022-03-30 11:35:39,536.23
2022-03-30 11:35:44,536.17
2022-03-30 11:35:49,536.13
2022-03-30 11:35:54,536.07
2022-03-30 11:35:59,535.94
2022-03-30 11:36:04,535.94
2022-03-30 11:36:09,535.88
2022-03-30 11:36:14,535.84
2022-03-30 11:36:19,535.71
2022-03-30 11:36:24,535.65
2022-03-30 11:36:29,535.65
2022-03-30 11:36:34,535.55
2022-03-30 11:36:39,535.49
2022-03-30 11:36:44,535.42
2022-03-30 11:36:49,535.36
2022-03-30 11:36:54,535.33
2022-03-30 11:36:59,535.26
2022-03-30 11:37:04,535.2
2022-03-30 11:37:09,535.13
2022-03-30 11:37:14,535.04
2022-03-30 11:37:19,535.03
2022-03-30 11:37:24,534.9
2022-03-30 11:37:29,534.84
2022-03-30 11:37:34,534.74
2022-03-30 11:37:39,534.68
2022-03-30 11:37:44,534.62
2022-03-30 11:37:49,534.58
2022-03-30 11:37:54,534.52
2022-03-30 11:37:59,534.45
2022-03-30 11:38:04,534.39
2022-03-30 11:38:09,534.29
2022-03-30 11:38:14,534.22
2022-03-30 11:38:19,534.1
2022-03-30 11:38:24,534.06
2022-03-30 11:38:29,534.0
2022-03-30 11:38:34,533.93
2022-03-30 11:38:39,533.87
2022-03-30 11:38:44,533.8
2022-03-30 11:38:49,533.77
2022-03-30 11:38:54,533.7
2022-03-30 11:38:59,533.64
2022-03-30 11:39:04,533.58
2022-03-30 11:39:09,533.54
2022-03-30 11:39:14,533.54
2022-03-30 11:39:19,533.48
2022-03-30 11:39:24,533.41
2022-03-30 11:39:29,533.35
2022-03-30 11:39:34,533.28
2022-03-30 11:39:39,533.25
2022-03-30 11:39:44,533.25
2022-03-30 11:39:49,533.18
2022-03-30 11:39:54,533.24
2022-03-30 11:39:59,533.18
2022-03-30 11:40:04,533.12
2022-03-30 11:40:09,533.11
2022-03-30 11:40:14,533.11
2022-03-30 11:40:19,533.11
2022-03-30 11:40:24,533.11
2022-03-30 11:40:29,533.11
2022-03-30 11:40:34,533.11
2022-03-30 11:40:39,533.17
2022-03-30 11:40:44,533.17
2022-03-30 11:40:49,533.17
2022-03-30 11:40:54,533.23
2022-03-30 11:40:59,533.17
2022-03-30 11:41:04,533.26
2022-03-30 11:41:09,533.26
2022-03-30 11:41:14,537.71
2022-03-30 11:41:19,533.33
2022-03-30 11:41:24,533.39
2022-03-30 11:41:29,533.39
2022-03-30 11:41:34,533.52
2022-03-30 11:41:39,533.51
2022-03-30 11:41:44,533.54
2022-03-30 11:41:49,533.61
2022-03-30 11:41:54,533.67
2022-03-30 11:41:59,533.66
2022-03-30 11:42:04,533.73
2022-03-30 11:42:09,533.76
2022-03-30 11:42:14,533.82
2022-03-30 11:42:19,533.89
2022-03-30 11:42:24,533.89
2022-03-30 11:42:29,534.01
2022-03-30 11:42:34,534.04
2022-03-30 11:42:39,534.11
2022-03-30 11:42:44,534.17
2022-03-30 11:42:49,534.17
2022-03-30 11:42:54,534.23
2022-03-30 11:42:59,534.26
2022-03-30 11:43:04,534.39
2022-03-30 11:43:09,534.39
2022-03-30 11:43:14,534.52
2022-03-30 11:43:19,534.52
2022-03-30 11:43:24,534.55
2022-03-30 11:43:29,534.61
2022-03-30 11:43:34,534.68
2022-03-30 11:43:39,534.74
2022-03-30 11:43:44,534.77
2022-03-30 11:43:49,534.77
2022-03-30 11:43:54,534.9
2022-03-30 11:43:59,534.96
2022-03-30 11:44:04,534.96
2022-03-30 11:44:09,535.03
2022-03-30 11:44:14,535.06
2022-03-30 11:44:19,535.12
2022-03-30 11:44:24,535.19
2022-03-30 11:44:29,535.19
2022-03-30 11:44:34,535.25
2022-03-30 11:44:39,535.34
2022-03-30 11:44:44,535.35
2022-03-30 11:44:49,535.41
2022-03-30 11:44:54,535.41
2022-03-30 11:44:59,535.47
2022-03-30 11:45:04,535.47
2022-03-30 11:45:09,535.57
2022-03-30 11:45:14,535.57
2022-03-30 11:45:19,535.53
2022-03-30 11:45:24,535.63
2022-03-30 11:45:29,535.7
2022-03-30 11:45:34,535.7
2022-03-30 11:45:39,535.69
2022-03-30 11:45:44,535.7
2022-03-30 11:45:49,535.76
2022-03-30 11:45:54,535.76
2022-03-30 11:45:59,535.76
2022-03-30 11:46:04,535.79
2022-03-30 11:46:09,535.79
2022-03-30 11:46:14,535.79
2022-03-30 11:46:19,535.79
2022-03-30 11:46:24,535.85
2022-03-30 11:46:29,535.85
2022-03-30 11:46:34,535.79
2022-03-30 11:46:39,535.85
2022-03-30 11:46:44,535.86
2022-03-30 11:46:49,535.85
2022-03-30 11:46:54,535.85
2022-03-30 11:46:59,535.86
2022-03-30 11:47:04,535.92
2022-03-30 11:47:09,535.92
2022-03-30 11:47:14,535.98
2022-03-30 11:47:19,535.98
2022-03-30 11:47:24,535.98
2022-03-30 11:47:29,535.98
2022-03-30 11:47:34,535.98
2022-03-30 11:47:39,536.05
2022-03-30 11:47:44,536.05
2022-03-30 11:47:49,536.05
2022-03-30 11:47:54,536.05
2022-03-30 11:47:59,536.08
2022-03-30 11:48:04,536.14
2022-03-30 11:48:09,536.07
2022-03-30 11:48:14,536.14
2022-03-30 11:48:19,536.14
2022-03-30 11:48:24,536.21
2022-03-30 11:48:29,536.21
2022-03-30 11:48:34,536.27
2022-03-30 11:48:39,536.27
2022-03-30 11:48:44,536.3
2022-03-30 11:48:49,536.36
2022-03-30 11:48:54,536.43
2022-03-30 11:48:59,536.43
2022-03-30 11:49:04,536.49
2022-03-30 11:49:09,536.49
2022-03-30 11:49:14,536.56
2022-03-30 11:49:19,536.59
2022-03-30 11:49:24,536.66
2022-03-30 11:49:29,536.66
2022-03-30 11:49:34,536.78
2022-03-30 11:49:39,536.82
2022-03-30 11:49:44,536.88
2022-03-30 11:49:49,536.95
2022-03-30 11:49:54,537.08
2022-03-30 11:49:59,537.11
2022-03-30 11:50:04,537.17
2022-03-30 11:50:09,537.23
2022-03-30 11:50:14,537.3
2022-03-30 11:50:19,537.4
2022-03-30 11:50:24,537.46
2022-03-30 11:50:29,537.59
2022-03-30 11:50:34,537.62
2022-03-30 11:50:39,537.75
2022-03-30 11:50:44,537.81
2022-03-30 11:50:49,537.85
2022-03-30 11:50:54,537.97
2022-03-30 11:50:59,538.1
2022-03-30 11:51:04,538.13
2022-03-30 11:51:09,538.2
2022-03-30 11:51:14,538.33
2022-03-30 11:51:19,538.43
2022-03-30 11:51:24,538.49
2022-03-30 11:51:29,538.62
2022-03-30 11:51:34,538.71
2022-03-30 11:51:39,538.78
2022-03-30 11:51:44,538.88
2022-03-30 11:51:49,539.0
2022-03-30 11:51:54,539.13
2022-03-30 11:51:59,539.23
2022-03-30 11:52:04,539.29
2022-03-30 11:52:09,539.45
2022-03-30 11:52:14,539.52
2022-03-30 11:52:19,539.65
2022-03-30 11:52:24,539.81
2022-03-30 11:52:29,539.91
2022-03-30 11:52:34,539.97
2022-03-30 11:52:39,540.16
2022-03-30 11:52:44,540.26
2022-03-30 11:52:49,540.33
2022-03-30 11:52:54,540.49
2022-03-30 11:52:59,540.55
2022-03-30 11:53:04,540.71
2022-03-30 11:53:09,540.78
2022-03-30 11:53:14,540.91
2022-03-30 11:53:19,541.07
2022-03-30 11:53:24,541.13
2022-03-30 11:53:29,541.29
2022-03-30 11:53:34,541.42
2022-03-30 11:53:39,541.52
2022-03-30 11:53:44,541.65
2022-03-30 11:53:49,541.74
2022-03-30 11:53:54,541.87
2022-03-30 11:53:59,541.94
2022-03-30 11:54:04,542.1
2022-03-30 11:54:09,542.23
2022-03-30 11:54:14,542.26
2022-03-30 11:54:19,542.39
2022-03-30 11:54:24,542.49
2022-03-30 11:54:29,542.62
2022-03-30 11:54:34,542.75
2022-03-30 11:54:39,542.78
2022-03-30 11:54:44,542.84
2022-03-30 11:54:49,543.0
2022-03-30 11:54:54,543.07
2022-03-30 11:54:59,543.2
2022-03-30 11:55:04,543.26
2022-03-30 11:55:09,543.36
2022-03-30 11:55:14,543.36
2022-03-30 11:55:19,543.49
2022-03-30 11:55:24,543.52
2022-03-30 11:55:29,543.59
2022-03-30 11:55:34,543.72
2022-03-30 11:55:39,543.72
2022-03-30 11:55:44,543.81
2022-03-30 11:55:49,543.81
2022-03-30 11:55:54,543.88
2022-03-30 11:55:59,543.94
2022-03-30 11:56:04,544.01
2022-03-30 11:56:09,544.01
2022-03-30 11:56:14,544.1
2022-03-30 11:56:19,544.1
2022-03-30 11:56:24,544.1
2022-03-30 11:56:29,544.17
2022-03-30 11:56:34,544.17
2022-03-30 11:56:39,544.17
2022-03-30 11:56:44,544.23
2022-03-30 11:56:49,544.3
2022-03-30 11:56:54,544.23
2022-03-30 11:56:59,544.3
2022-03-30 11:57:04,544.23
2022-03-30 11:57:09,544.23
2022-03-30 11:57:14,544.23
2022-03-30 11:57:19,544.23
2022-03-30 11:57:24,544.17
2022-03-30 11:57:29,544.17
2022-03-30 11:57:34,544.1
2022-03-30 11:57:39,544.1
2022-03-30 11:57:44,544.04
2022-03-30 11:57:49,544.04
2022-03-30 11:57:54,544.01
2022-03-30 11:57:59,543.94
2022-03-30 11:58:04,543.88
2022-03-30 11:58:09,543.88
2022-03-30 11:58:14,543.81
2022-03-30 11:58:19,543.78
2022-03-30 11:58:24,543.72
2022-03-30 11:58:29,543.65
2022-03-30 11:58:34,543.65
2022-03-30 11:58:39,543.59
2022-03-30 11:58:44,543.59
2022-03-30 11:58:49,543.49
2022-03-30 11:58:54,543.42
2022-03-30 11:58:59,543.3
2022-03-30 11:59:04,543.29
2022-03-30 11:59:09,543.26
2022-03-30 11:59:14,543.2
2022-03-30 11:59:19,543.13
2022-03-30 11:59:24,543.07
2022-03-30 11:59:29,543.0
2022-03-30 11:59:34,543.0
2022-03-30 11:59:39,542.91
2022-03-30 11:59:44,542.91
2022-03-30 11:59:49,542.78
2022-03-30 11:59:54,542.78
2022-03-30 11:59:59,542.74
2022-03-30 12:00:04,542.62
2022-03-30 12:00:09,542.61
2022-03-30 12:00:14,542.55
2022-03-30 12:00:19,542.49
2022-03-30 12:00:24,542.45
2022-03-30 12:00:29,542.39
2022-03-30 12:00:34,542.32
2022-03-30 12:00:39,542.26
2022-03-30 12:00:44,542.23
2022-03-30 12:00:49,542.16
2022-03-30 12:00:54,542.1
2022-03-30 12:00:59,542.03
2022-03-30 12:01:04,541.97
2022-03-30 12:01:09,541.94
2022-03-30 12:01:14,541.87
2022-03-30 12:01:19,541.87
2022-03-30 12:01:24,541.74
2022-03-30 12:01:29,541.71
2022-03-30 12:01:34,541.71
2022-03-30 12:01:39,541.65
2022-03-30 12:01:44,541.58
2022-03-30 12:01:49,541.58
2022-03-30 12:01:54,541.45
2022-03-30 12:01:59,541.45
2022-03-30 12:02:04,541.42
2022-03-30 12:02:09,541.36
2022-03-30 12:02:14,541.36
2022-03-30 12:02:19,541.29
2022-03-30 12:02:24,541.23
2022-03-30 12:02:29,541.2
2022-03-30 12:02:34,541.2
2022-03-30 12:02:39,541.13
2022-03-30 12:02:44,541.07
2022-03-30 12:02:49,541.01
2022-03-30 12:02:54,541.01
2022-03-30 12:02:59,540.94
2022-03-30 12:03:04,540.94
2022-03-30 12:03:09,540.91
2022-03-30 12:03:14,540.84
2022-03-30 12:03:19,540.85
2022-03-30 12:03:24,540.79
2022-03-30 12:03:29,540.78
2022-03-30 12:03:34,540.69
2022-03-30 12:03:39,540.72
2022-03-30 12:03:44,540.69
2022-03-30 12:03:49,540.69
2022-03-30 12:03:54,540.62
2022-03-30 12:03:59,540.62
2022-03-30 12:04:04,540.56
2022-03-30 12:04:09,540.56
2022-03-30 12:04:14,540.5
2022-03-30 12:04:19,540.43
2022-03-30 12:04:24,540.4
2022-03-30 12:04:29,540.4
2022-03-30 12:04:34,540.4
2022-03-30 12:04:39,540.34
2022-03-30 12:04:44,540.34
2022-03-30 12:04:49,540.27
2022-03-30 12:04:54,540.27
2022-03-30 12:04:59,540.21
2022-03-30 12:05:04,540.21
2022-03-30 12:05:09,540.17
2022-03-30 12:05:14,540.17
2022-03-30 12:05:19,540.11
2022-03-30 12:05:24,540.11
2022-03-30 12:05:29,540.11
2022-03-30 12:05:34,540.11
2022-03-30 12:05:39,540.11
2022-03-30 12:05:44,540.04
2022-03-30 12:05:49,540.11
2022-03-30 12:05:54,540.11
2022-03-30 12:05:59,540.04
2022-03-30 12:06:04,540.05
2022-03-30 12:06:09,540.05
2022-03-30 12:06:14,540.11
2022-03-30 12:06:19,540.05
2022-03-30 12:06:24,540.11
2022-03-30 12:06:29,540.11
2022-03-30 12:06:34,540.11
2022-03-30 12:06:39,540.11
2022-03-30 12:06:44,540.17
2022-03-30 12:06:49,540.11
2022-03-30 12:06:54,540.11
2022-03-30 12:06:59,540.17
2022-03-30 12:07:04,540.21
2022-03-30 12:07:09,540.17
2022-03-30 12:07:14,540.27
2022-03-30 12:07:19,540.27
2022-03-30 12:07:24,540.27
2022-03-30 12:07:29,540.26
2022-03-30 12:07:34,540.33
2022-03-30 12:07:39,540.26
2022-03-30 12:07:44,540.33
2022-03-30 12:07:49,540.33
2022-03-30 12:07:54,540.39
2022-03-30 12:07:59,540.39
2022-03-30 12:08:04,540.43
2022-03-30 12:08:09,540.49
2022-03-30 12:08:14,540.49
2022-03-30 12:08:19,540.55
2022-03-30 12:08:24,540.55
2022-03-30 12:08:29,540.55
2022-03-30 12:08:34,540.55
2022-03-30 12:08:39,540.61
2022-03-30 12:08:44,540.61
2022-03-30 12:08:49,540.61
2022-03-30 12:08:54,540.68
2022-03-30 12:08:59,540.67
2022-03-30 12:09:04,540.67
2022-03-30 12:09:09,540.67
2022-03-30 12:09:14,540.7
2022-03-30 12:09:19,540.7
2022-03-30 12:09:24,540.7
2022-03-30 12:09:29,540.7
2022-03-30 12:09:34,540.7
2022-03-30 12:09:39,540.76
2022-03-30 12:09:44,540.7
2022-03-30 12:09:49,540.7
2022-03-30 12:09:54,540.7
2022-03-30 12:09:59,540.76
2022-03-30 12:10:04,540.7
2022-03-30 12:10:09,540.76
2022-03-30 12:10:14,540.7
2022-03-30 12:10:19,540.7
2022-03-30 12:10:24,540.76
2022-03-30 12:10:29,540.76
2022-03-30 12:10:34,540.7
2022-03-30 12:10:39,540.7
2022-03-30 12:10:44,540.76
2022-03-30 12:10:49,540.7
2022-03-30 12:10:54,540.7
2022-03-30 12:10:59,540.7
2022-03-30 12:11:04,540.67
2022-03-30 12:11:09,540.67
2022-03-30 12:11:14,540.67
2022-03-30 12:11:19,540.67
2022-03-30 12:11:24,540.66
2022-03-30 12:11:29,540.6
2022-03-30 12:11:34,540.6
2022-03-30 12:11:39,540.6
2022-03-30 12:11:44,540.54
2022-03-30 12:11:49,540.54
2022-03-30 12:11:54,540.47
2022-03-30 12:11:59,540.47
2022-03-30 12:12:04,540.4
2022-03-30 12:12:09,540.4
2022-03-30 12:12:14,540.41
2022-03-30 12:12:19,540.37
2022-03-30 12:12:24,540.38
2022-03-30 12:12:29,540.31
2022-03-30 12:12:34,540.31
2022-03-30 12:12:39,540.31
2022-03-30 12:12:44,540.24
2022-03-30 12:12:49,540.24
2022-03-30 12:12:54,540.18
2022-03-30 12:12:59,540.24
2022-03-30 12:13:04,540.18
2022-03-30 12:13:09,540.18
2022-03-30 12:13:14,540.18
2022-03-30 12:13:19,540.15
2022-03-30 12:13:24,540.18
2022-03-30 12:13:29,540.18
2022-03-30 12:13:34,540.24
2022-03-30 12:13:39,540.24
2022-03-30 12:13:44,540.24
2022-03-30 12:13:49,540.31
2022-03-30 12:13:54,540.31
2022-03-30 12:13:59,540.37
2022-03-30 12:14:04,540.31
2022-03-30 12:14:09,540.37
2022-03-30 12:14:14,540.37
2022-03-30 12:14:19,540.4
2022-03-30 12:14:24,540.4
2022-03-30 12:14:29,540.47
2022-03-30 12:14:34,540.53
2022-03-30 12:14:39,540.53
2022-03-30 12:14:44,540.6
2022-03-30 12:14:49,540.66
2022-03-30 12:14:54,540.66
2022-03-30 12:14:59,540.69
2022-03-30 12:15:04,540.76
2022-03-30 12:15:09,540.75
2022-03-30 12:15:14,540.82
2022-03-30 12:15:19,540.88
2022-03-30 12:15:24,540.92
2022-03-30 12:15:29,540.98
2022-03-30 12:15:34,540.98
2022-03-30 12:15:39,541.1
2022-03-30 12:15:44,541.17
2022-03-30 12:15:49,541.17
2022-03-30 12:15:54,541.2
2022-03-30 12:15:59,541.27
2022-03-30 12:16:04,541.26
2022-03-30 12:16:09,541.39
2022-03-30 12:16:14,541.39
2022-03-30 12:16:19,541.49
2022-03-30 12:16:24,541.49
2022-03-30 12:16:29,541.55
2022-03-30 12:16:34,541.61
2022-03-30 12:16:39,541.55
2022-03-30 12:16:44,541.67
2022-03-30 12:16:49,541.67
2022-03-30 12:16:54,541.67
2022-03-30 12:16:59,541.67
2022-03-30 12:17:04,541.67
2022-03-30 12:17:09,541.7
2022-03-30 12:17:14,541.7
2022-03-30 12:17:19,541.7
2022-03-30 12:17:24,541.7
2022-03-30 12:17:29,541.76
2022-03-30 12:17:34,541.7
2022-03-30 12:17:39,541.77
2022-03-30 12:17:44,541.7
2022-03-30 12:17:49,541.7
2022-03-30 12:17:54,541.7
2022-03-30 12:17:59,541.66
2022-03-30 12:18:04,541.66
2022-03-30 12:18:09,541.66
2022-03-30 12:18:14,541.66
2022-03-30 12:18:19,541.66
2022-03-30 12:18:24,541.66
2022-03-30 12:18:29,541.53
2022-03-30 12:18:34,541.53
2022-03-30 12:18:39,541.53
2022-03-30 12:18:44,541.53
2022-03-30 12:18:49,541.46
2022-03-30 12:18:54,541.46
2022-03-30 12:18:59,541.46
2022-03-30 12:19:04,541.36
2022-03-30 12:19:09,541.36
2022-03-30 12:19:14,541.3
2022-03-30 12:19:19,541.23
2022-03-30 12:19:24,541.17
2022-03-30 12:19:29,541.14
2022-03-30 12:19:34,541.14
2022-03-30 12:19:39,541.07
2022-03-30 12:19:44,541.07
2022-03-30 12:19:49,540.94
2022-03-30 12:19:54,540.88
2022-03-30 12:19:59,540.85
2022-03-30 12:20:04,540.78
2022-03-30 12:20:09,540.78
2022-03-30 12:20:14,540.72
2022-03-30 12:20:19,540.65
2022-03-30 12:20:24,540.62
2022-03-30 12:20:29,540.56
2022-03-30 12:20:34,540.49
2022-03-30 12:20:39,540.49
2022-03-30 12:20:44,540.36
2022-03-30 12:20:49,540.36
2022-03-30 12:20:54,540.33
2022-03-30 12:20:59,540.27
2022-03-30 12:21:04,540.2
2022-03-30 12:21:09,540.2
2022-03-30 12:21:14,540.14
2022-03-30 12:21:19,540.1
2022-03-30 12:21:24,540.04
2022-03-30 12:21:29,539.98
2022-03-30 12:21:34,539.98
2022-03-30 12:21:39,539.85
2022-03-30 12:21:44,539.85
2022-03-30 12:21:49,539.81
2022-03-30 12:21:54,539.82
2022-03-30 12:21:59,539.75
2022-03-30 12:22:04,539.69
2022-03-30 12:22:09,539.69
2022-03-30 12:22:14,539.62
2022-03-30 12:22:19,539.59
2022-03-30 12:22:24,539.53
2022-03-30 12:22:29,539.53
2022-03-30 12:22:34,539.53
2022-03-30 12:22:39,539.46
2022-03-30 12:22:44,539.4
2022-03-30 12:22:49,539.4
2022-03-30 12:22:54,539.33
2022-03-30 12:22:59,539.33
2022-03-30 12:23:04,539.33
2022-03-30 12:23:09,539.3
2022-03-30 12:23:14,539.23
2022-03-30 12:23:19,539.24
2022-03-30 12:23:24,539.23
2022-03-30 12:23:29,539.17
2022-03-30 12:23:34,539.17
2022-03-30 12:23:39,539.11
2022-03-30 12:23:44,539.1
2022-03-30 12:23:49,539.11
2022-03-30 12:23:54,539.1
2022-03-30 12:23:59,539.07
2022-03-30 12:24:04,539.07
2022-03-30 12:24:09,539.01
2022-03-30 12:24:14,539.07
2022-03-30 12:24:19,538.94
2022-03-30 12:24:24,539.0
2022-03-30 12:24:29,538.94
2022-03-30 12:24:34,538.94
2022-03-30 12:24:39,538.94
2022-03-30 12:24:44,538.94
2022-03-30 12:24:49,539.0
2022-03-30 12:24:54,538.94
2022-03-30 12:24:59,538.94
2022-03-30 12:25:04,539.0
2022-03-30 12:25:09,539.0
2022-03-30 12:25:14,539.06
2022-03-30 12:25:19,539.06
2022-03-30 12:25:24,539.0
2022-03-30 12:25:29,539.06
2022-03-30 12:25:34,539.09
2022-03-30 12:25:39,539.09
2022-03-30 12:25:44,539.16
2022-03-30 12:25:49,539.16
2022-03-30 12:25:54,539.16
2022-03-30 12:25:59,539.22
2022-03-30 12:26:04,539.22
2022-03-30 12:26:09,539.22
2022-03-30 12:26:14,539.28
2022-03-30 12:26:19,539.28
2022-03-30 12:26:24,539.28
2022-03-30 12:26:29,539.31
2022-03-30 12:26:34,539.31
2022-03-30 12:26:39,539.28
2022-03-30 12:26:44,539.31
2022-03-30 12:26:49,539.31
2022-03-30 12:26:54,539.3
2022-03-30 12:26:59,539.3
2022-03-30 12:27:04,539.3
2022-03-30 12:27:09,539.3
2022-03-30 12:27:14,539.3
2022-03-30 12:27:19,539.3
2022-03-30 12:27:24,539.36
2022-03-30 12:27:29,539.36
2022-03-30 12:27:34,539.36
2022-03-30 12:27:39,539.36
2022-03-30 12:27:44,539.36
2022-03-30 12:27:49,539.36
2022-03-30 12:27:54,539.42
2022-03-30 12:27:59,539.42
2022-03-30 12:28:04,539.42
2022-03-30 12:28:09,539.49
2022-03-30 12:28:14,539.55
2022-03-30 12:28:19,539.49
2022-03-30 12:28:24,539.55
2022-03-30 12:28:29,539.55
2022-03-30 12:28:34,539.58
2022-03-30 12:28:39,539.55
2022-03-30 12:28:44,539.58
2022-03-30 12:28:49,539.58
2022-03-30 12:28:54,539.58
2022-03-30 12:28:59,539.58
2022-03-30 12:29:04,539.55
2022-03-30 12:29:09,539.58
2022-03-30 12:29:14,539.58
2022-03-30 12:29:19,539.55
2022-03-30 12:29:24,539.64
2022-03-30 12:29:29,539.64
2022-03-30 12:29:34,539.58
2022-03-30 12:29:39,539.64
2022-03-30 12:29:44,539.64
2022-03-30 12:29:49,539.64
2022-03-30 12:29:54,539.64
2022-03-30 12:29:59,539.71
2022-03-30 12:30:04,539.71
2022-03-30 12:30:09,539.77
2022-03-30 12:30:14,539.77
2022-03-30 12:30:19,539.8
2022-03-30 12:30:24,539.8
2022-03-30 12:30:29,539.93
2022-03-30 12:30:34,539.87
2022-03-30 12:30:39,539.93
2022-03-30 12:30:44,539.93
2022-03-30 12:30:49,540.0
2022-03-30 12:30:54,540.06
2022-03-30 12:30:59,540.16
2022-03-30 12:31:04,540.15
2022-03-30 12:31:09,540.15
2022-03-30 12:31:14,540.22
2022-03-30 12:31:19,540.28
2022-03-30 12:31:24,540.32
2022-03-30 12:31:29,540.31
2022-03-30 12:31:34,540.38
2022-03-30 12:31:39,540.45
2022-03-30 12:31:44,540.44
2022-03-30 12:31:49,540.51
2022-03-30 12:31:54,540.6
2022-03-30 12:31:59,540.6
2022-03-30 12:32:04,540.73
2022-03-30 12:32:09,540.73
2022-03-30 12:32:14,540.79
2022-03-30 12:32:19,540.82
2022-03-30 12:32:24,540.89
2022-03-30 12:32:29,540.95
2022-03-30 12:32:34,540.96
2022-03-30 12:32:39,541.02
2022-03-30 12:32:44,541.08
2022-03-30 12:32:49,541.11
2022-03-30 12:32:54,541.18
2022-03-30 12:32:59,541.24
2022-03-30 12:33:04,541.24
2022-03-30 12:33:09,541.34
2022-03-30 12:33:14,541.34
2022-03-30 12:33:19,541.46
2022-03-30 12:33:24,541.53
2022-03-30 12:33:29,541.59
2022-03-30 12:33:34,541.63
2022-03-30 12:33:39,541.69
2022-03-30 12:33:44,541.82
2022-03-30 12:33:49,541.91
2022-03-30 12:33:54,541.98
2022-03-30 12:33:59,542.04
2022-03-30 12:34:04,542.1
2022-03-30 12:34:09,542.2
2022-03-30 12:34:14,542.26
2022-03-30 12:34:19,542.36
2022-03-30 12:34:24,542.36
2022-03-30 12:34:29,542.42
2022-03-30 12:34:34,542.55
2022-03-30 12:34:39,542.64
2022-03-30 12:34:44,542.71
2022-03-30 12:34:49,542.77
2022-03-30 12:34:54,542.87
2022-03-30 12:34:59,542.93
2022-03-30 12:35:04,543.06
2022-03-30 12:35:09,543.12
2022-03-30 12:35:14,543.22
2022-03-30 12:35:19,543.35
2022-03-30 12:35:24,543.38
2022-03-30 12:35:29,543.44
2022-03-30 12:35:34,543.5
2022-03-30 12:35:39,543.63
2022-03-30 12:35:44,543.66
2022-03-30 12:35:49,543.73
2022-03-30 12:35:54,543.85
2022-03-30 12:35:59,544.01
2022-03-30 12:36:04,544.01
2022-03-30 12:36:09,544.14
2022-03-30 12:36:14,544.17
2022-03-30 12:36:19,544.23
2022-03-30 12:36:24,544.36
2022-03-30 12:36:29,544.39
2022-03-30 12:36:34,544.52
2022-03-30 12:36:39,544.58
2022-03-30 12:36:44,544.65
2022-03-30 12:36:49,544.74
2022-03-30 12:36:54,544.87
2022-03-30 12:36:59,544.9
2022-03-30 12:37:04,545.03
2022-03-30 12:37:09,545.1
2022-03-30 12:37:14,545.19
2022-03-30 12:37:19,545.32
2022-03-30 12:37:24,545.38
2022-03-30 12:37:29,545.42
2022-03-30 12:37:34,545.54
2022-03-30 12:37:39,545.67
2022-03-30 12:37:44,545.67
2022-03-30 12:37:49,545.77
2022-03-30 12:37:54,545.83
2022-03-30 12:37:59,545.9
2022-03-30 12:38:04,545.99
2022-03-30 12:38:09,546.12
2022-03-30 12:38:14,546.22
2022-03-30 12:38:19,546.28
2022-03-30 12:38:24,546.41
2022-03-30 12:38:29,546.44
2022-03-30 12:38:34,546.57
2022-03-30 12:38:39,546.73
2022-03-30 12:38:44,546.73
2022-03-30 12:38:49,546.86
2022-03-30 12:38:54,546.92
2022-03-30 12:38:59,547.02
2022-03-30 12:39:04,547.08
2022-03-30 12:39:09,547.22
2022-03-30 12:39:14,547.21
2022-03-30 12:39:19,547.37
2022-03-30 12:39:24,547.44
2022-03-30 12:39:29,547.44
2022-03-30 12:39:34,547.47
2022-03-30 12:39:39,547.6
2022-03-30 12:39:44,547.66
2022-03-30 12:39:49,547.73
2022-03-30 12:39:54,547.83
2022-03-30 12:39:59,547.83
2022-03-30 12:40:04,547.96
2022-03-30 12:40:09,547.99
2022-03-30 12:40:14,547.99
2022-03-30 12:40:19,547.99
2022-03-30 12:40:24,548.12
2022-03-30 12:40:29,548.11
2022-03-30 12:40:34,548.11
2022-03-30 12:40:39,548.11
2022-03-30 12:40:44,548.18
2022-03-30 12:40:49,548.18
2022-03-30 12:40:54,548.18
2022-03-30 12:40:59,548.18
2022-03-30 12:41:04,548.18
2022-03-30 12:41:09,548.18
2022-03-30 12:41:14,548.18
2022-03-30 12:41:19,548.18
2022-03-30 12:41:24,548.24
2022-03-30 12:41:29,548.18
2022-03-30 12:41:34,548.11
2022-03-30 12:41:39,548.11
2022-03-30 12:41:44,548.11
2022-03-30 12:41:49,547.98
2022-03-30 12:41:54,547.98
2022-03-30 12:41:59,547.94
2022-03-30 12:42:04,547.95
2022-03-30 12:42:09,537.71
2022-03-30 12:42:14,547.82
2022-03-30 12:42:19,547.75
2022-03-30 12:42:24,547.72
2022-03-30 12:42:29,547.65
2022-03-30 12:42:34,547.59
2022-03-30 12:42:39,547.59
2022-03-30 12:42:44,547.46
2022-03-30 12:42:49,547.46
2022-03-30 12:42:54,547.36
2022-03-30 12:42:59,547.36
2022-03-30 12:43:04,547.29
2022-03-30 12:43:09,547.29
2022-03-30 12:43:14,547.23
2022-03-30 12:43:19,547.13
2022-03-30 12:43:24,547.0
2022-03-30 12:43:29,547.0
2022-03-30 12:43:34,546.93
2022-03-30 12:43:39,546.83
2022-03-30 12:43:44,546.83
2022-03-30 12:43:49,546.77
2022-03-30 12:43:54,546.7
2022-03-30 12:43:59,546.66
2022-03-30 12:44:04,546.6
2022-03-30 12:44:09,546.54
2022-03-30 12:44:14,546.47
2022-03-30 12:44:19,546.4
2022-03-30 12:44:24,546.3
2022-03-30 12:44:29,546.24
2022-03-30 12:44:34,546.24
2022-03-30 12:44:39,546.14
2022-03-30 12:44:44,546.07
2022-03-30 12:44:49,546.01
2022-03-30 12:44:54,545.94
2022-03-30 12:44:59,545.88
2022-03-30 12:45:04,545.78
2022-03-30 12:45:09,545.72
2022-03-30 12:45:14,545.62
2022-03-30 12:45:19,545.55
2022-03-30 12:45:24,545.42
2022-03-30 12:45:29,545.36
2022-03-30 12:45:34,545.19
2022-03-30 12:45:39,545.13
2022-03-30 12:45:44,545.03
2022-03-30 12:45:49,544.9
2022-03-30 12:45:54,544.8
2022-03-30 12:45:59,544.74
2022-03-30 12:46:04,544.58
2022-03-30 12:46:09,544.45
2022-03-30 12:46:14,544.38
2022-03-30 12:46:19,544.28
2022-03-30 12:46:24,544.16
2022-03-30 12:46:29,544.09
2022-03-30 12:46:34,543.93
2022-03-30 12:46:39,543.86
2022-03-30 12:46:44,543.8
2022-03-30 12:46:49,543.63
2022-03-30 12:46:54,543.57
2022-03-30 12:46:59,543.54
2022-03-30 12:47:04,543.41
2022-03-30 12:47:09,543.41
2022-03-30 12:47:14,543.28
2022-03-30 12:47:19,543.18
2022-03-30 12:47:24,543.05
2022-03-30 12:47:29,543.02
2022-03-30 12:47:34,542.96
2022-03-30 12:47:39,542.82
2022-03-30 12:47:44,542.73
2022-03-30 12:47:49,542.66
2022-03-30 12:47:54,542.54
2022-03-30 12:47:59,542.5
2022-03-30 12:48:04,537.71
2022-03-30 12:48:09,542.31
2022-03-30 12:48:14,542.24
2022-03-30 12:48:19,542.21
2022-03-30 12:48:24,542.15
2022-03-30 12:48:29,542.02
2022-03-30 12:48:34,541.99
2022-03-30 12:48:39,541.99
2022-03-30 12:48:44,541.86
2022-03-30 12:48:49,541.86
2022-03-30 12:48:54,541.86
2022-03-30 12:48:59,541.73
2022-03-30 12:49:04,541.73
2022-03-30 12:49:09,541.73
2022-03-30 12:49:14,541.63
2022-03-30 12:49:19,541.63
2022-03-30 12:49:24,541.57
2022-03-30 12:49:29,541.57
2022-03-30 12:49:34,541.47
2022-03-30 12:49:39,541.47
2022-03-30 12:49:44,541.41
2022-03-30 12:49:49,541.41
2022-03-30 12:49:54,541.41
2022-03-30 12:49:59,541.34
2022-03-30 12:50:04,541.34
2022-03-30 12:50:09,541.34
2022-03-30 12:50:14,541.28
2022-03-30 12:50:19,541.28
2022-03-30 12:50:24,541.28
2022-03-30 12:50:29,541.27
2022-03-30 12:50:34,541.28
2022-03-30 12:50:39,541.27
2022-03-30 12:50:44,541.28
2022-03-30 12:50:49,541.21
2022-03-30 12:50:54,541.21
2022-03-30 12:50:59,541.21
2022-03-30 12:51:04,541.21
2022-03-30 12:51:09,541.21
2022-03-30 12:51:14,541.21
2022-03-30 12:51:19,541.21
2022-03-30 12:51:24,541.28
2022-03-30 12:51:29,541.28
2022-03-30 12:51:34,541.21
2022-03-30 12:51:39,541.28
2022-03-30 12:51:44,541.28
2022-03-30 12:51:49,541.21
2022-03-30 12:51:54,541.21
2022-03-30 12:51:59,541.21
2022-03-30 12:52:04,541.28
2022-03-30 12:52:09,541.27
2022-03-30 12:52:14,541.34
2022-03-30 12:52:19,541.28
2022-03-30 12:52:24,541.28
2022-03-30 12:52:29,541.34
2022-03-30 12:52:34,541.34
2022-03-30 12:52:39,541.41
2022-03-30 12:52:44,541.4
2022-03-30 12:52:49,541.4
2022-03-30 12:52:54,541.47
2022-03-30 12:52:59,541.47
2022-03-30 12:53:04,541.47
2022-03-30 12:53:09,541.56
2022-03-30 12:53:14,541.5
2022-03-30 12:53:19,541.56
2022-03-30 12:53:24,541.57
2022-03-30 12:53:29,541.56
2022-03-30 12:53:34,541.63
2022-03-30 12:53:39,541.63
2022-03-30 12:53:44,541.63
2022-03-30 12:53:49,541.63
2022-03-30 12:53:54,541.63
2022-03-30 12:53:59,541.7
2022-03-30 12:54:04,541.7
2022-03-30 12:54:09,541.73
2022-03-30 12:54:14,541.7
2022-03-30 12:54:19,541.7
2022-03-30 12:54:24,541.73
2022-03-30 12:54:29,541.73
2022-03-30 12:54:34,541.79
2022-03-30 12:54:39,541.79
2022-03-30 12:54:44,541.86
2022-03-30 12:54:49,541.86
2022-03-30 12:54:54,541.86
2022-03-30 12:54:59,541.86
2022-03-30 12:55:04,541.92
2022-03-30 12:55:09,541.92
2022-03-30 12:55:14,541.99
2022-03-30 12:55:19,542.02
2022-03-30 12:55:24,542.08
2022-03-30 12:55:29,542.09
2022-03-30 12:55:34,542.08
2022-03-30 12:55:39,542.15
2022-03-30 12:55:44,542.15
2022-03-30 12:55:49,542.15
2022-03-30 12:55:54,542.21
2022-03-30 12:55:59,542.21
2022-03-30 12:56:04,542.25
2022-03-30 12:56:09,542.25
2022-03-30 12:56:14,542.31
2022-03-30 12:56:19,542.31
2022-03-30 12:56:24,542.31
2022-03-30 12:56:29,542.44
2022-03-30 12:56:34,542.44
2022-03-30 12:56:39,542.51
2022-03-30 12:56:44,542.51
2022-03-30 12:56:49,542.6
2022-03-30 12:56:54,542.61
2022-03-30 12:56:59,542.6
2022-03-30 12:57:04,542.67
2022-03-30 12:57:09,542.73
2022-03-30 12:57:14,542.77
2022-03-30 12:57:19,542.83
2022-03-30 12:57:24,542.83
2022-03-30 12:57:29,542.9
2022-03-30 12:57:34,542.96
2022-03-30 12:57:39,543.02
2022-03-30 12:57:44,543.06
2022-03-30 12:57:49,543.06
2022-03-30 12:57:54,543.19
2022-03-30 12:57:59,543.25
2022-03-30 12:58:04,543.29
2022-03-30 12:58:09,543.35
2022-03-30 12:58:14,543.41
2022-03-30 12:58:19,543.41
2022-03-30 12:58:24,543.48
2022-03-30 12:58:29,543.54
2022-03-30 12:58:34,543.57
2022-03-30 12:58:39,543.57
2022-03-30 12:58:44,543.7
2022-03-30 12:58:49,543.7
2022-03-30 12:58:54,543.7
2022-03-30 12:58:59,543.8
2022-03-30 12:59:04,543.8
2022-03-30 12:59:09,543.86
2022-03-30 12:59:14,543.93
2022-03-30 12:59:19,544.06
2022-03-30 12:59:24,544.06
2022-03-30 12:59:29,544.09
2022-03-30 12:59:34,544.09
2022-03-30 12:59:39,544.15
2022-03-30 12:59:44,544.28
2022-03-30 12:59:49,544.28
2022-03-30 12:59:54,544.28
2022-03-30 12:59:59,544.38
2022-03-30 13:00:04,544.37
2022-03-30 13:00:09,544.44
2022-03-30 13:00:14,544.5
2022-03-30 13:00:19,544.5
2022-03-30 13:00:24,544.6
2022-03-30 13:00:29,544.56
2022-03-30 13:00:34,544.59
2022-03-30 13:00:39,544.72
2022-03-30 13:00:44,544.66
2022-03-30 13:00:49,544.72
2022-03-30 13:00:54,544.79
2022-03-30 13:00:59,544.79
2022-03-30 13:01:04,544.82
2022-03-30 13:01:09,544.82
2022-03-30 13:01:14,544.82
2022-03-30 13:01:19,544.82
2022-03-30 13:01:24,544.88
2022-03-30 13:01:29,544.88
2022-03-30 13:01:34,544.94
2022-03-30 13:01:39,544.94
2022-03-30 13:01:44,544.94
2022-03-30 13:01:49,544.94
2022-03-30 13:01:54,544.94
2022-03-30 13:01:59,544.94
2022-03-30 13:02:04,545.0
2022-03-30 13:02:09,545.0
2022-03-30 13:02:14,545.0
2022-03-30 13:02:19,545.0
2022-03-30 13:02:24,545.06
2022-03-30 13:02:29,545.06
2022-03-30 13:02:34,545.06
2022-03-30 13:02:39,545.06
2022-03-30 13:02:44,545.09
2022-03-30 13:02:49,545.06
2022-03-30 13:02:54,545.09
2022-03-30 13:02:59,545.09
2022-03-30 13:03:04,545.09
2022-03-30 13:03:09,545.09
2022-03-30 13:03:14,545.09
2022-03-30 13:03:19,545.09
2022-03-30 13:03:24,545.09
2022-03-30 13:03:29,545.15
2022-03-30 13:03:34,545.09
2022-03-30 13:03:39,545.09
2022-03-30 13:03:44,545.15
2022-03-30 13:03:49,545.09
2022-03-30 13:03:54,545.09
2022-03-30 13:03:59,545.15
2022-03-30 13:04:04,545.09
2022-03-30 13:04:09,545.15
2022-03-30 13:04:14,545.15
2022-03-30 13:04:19,545.15
2022-03-30 13:04:24,545.15
2022-03-30 13:04:29,545.15
2022-03-30 13:04:34,545.15
2022-03-30 13:04:39,545.15
2022-03-30 13:04:44,545.09
2022-03-30 13:04:49,545.09
2022-03-30 13:04:54,545.09
2022-03-30 13:04:59,545.09
2022-03-30 13:05:04,545.05
2022-03-30 13:05:09,545.06
2022-03-30 13:05:14,545.05
2022-03-30 13:05:19,545.06
2022-03-30 13:05:24,544.99
2022-03-30 13:05:29,544.92
2022-03-30 13:05:34,544.92
2022-03-30 13:05:39,544.86
2022-03-30 13:05:44,544.86
2022-03-30 13:05:49,544.8
2022-03-30 13:05:54,544.76
2022-03-30 13:05:59,544.76
2022-03-30 13:06:04,544.63
2022-03-30 13:06:09,544.57
2022-03-30 13:06:14,544.54
2022-03-30 13:06:19,544.41
2022-03-30 13:06:24,544.35
2022-03-30 13:06:29,544.25
2022-03-30 13:06:34,544.12
2022-03-30 13:06:39,544.06
2022-03-30 13:06:44,543.96
2022-03-30 13:06:49,543.83
2022-03-30 13:06:54,543.76
2022-03-30 13:06:59,543.6
2022-03-30 13:07:04,543.45
2022-03-30 13:07:09,543.31
2022-03-30 13:07:14,543.25
2022-03-30 13:07:19,543.15
2022-03-30 13:07:24,542.99
2022-03-30 13:07:29,542.86
2022-03-30 13:07:34,542.73
2022-03-30 13:07:39,542.64
2022-03-30 13:07:44,542.51
2022-03-30 13:07:49,542.41
2022-03-30 13:07:54,542.28
2022-03-30 13:07:59,542.12
2022-03-30 13:08:04,542.12
2022-03-30 13:08:09,541.96
2022-03-30 13:08:14,541.83
2022-03-30 13:08:19,541.7
2022-03-30 13:08:24,541.67
2022-03-30 13:08:29,541.54
2022-03-30 13:08:34,541.47
2022-03-30 13:08:39,541.38
2022-03-30 13:08:44,541.25
2022-03-30 13:08:49,541.15
2022-03-30 13:08:54,541.09
2022-03-30 13:08:59,541.02
2022-03-30 13:09:04,540.93
2022-03-30 13:09:09,540.86
2022-03-30 13:09:14,540.8
2022-03-30 13:09:19,540.67
2022-03-30 13:09:24,540.73
2022-03-30 13:09:29,540.63
2022-03-30 13:09:34,540.63
2022-03-30 13:09:39,540.57
2022-03-30 13:09:44,540.5
2022-03-30 13:09:49,540.44
2022-03-30 13:09:54,540.41
2022-03-30 13:09:59,540.4
2022-03-30 13:10:04,540.34
2022-03-30 13:10:09,540.27
2022-03-30 13:10:14,540.28
2022-03-30 13:10:19,537.71
2022-03-30 13:10:24,540.11
2022-03-30 13:10:29,540.11
2022-03-30 13:10:34,540.11
2022-03-30 13:10:39,540.11
2022-03-30 13:10:44,540.11
2022-03-30 13:10:49,540.11
2022-03-30 13:10:54,540.04
2022-03-30 13:10:59,540.11
2022-03-30 13:11:04,540.04
2022-03-30 13:11:09,540.04
2022-03-30 13:11:14,540.04
2022-03-30 13:11:19,540.04
2022-03-30 13:11:24,540.04
2022-03-30 13:11:29,540.04
2022-03-30 13:11:34,540.04
2022-03-30 13:11:39,540.04
2022-03-30 13:11:44,540.1
2022-03-30 13:11:49,540.03
2022-03-30 13:11:54,540.03
2022-03-30 13:11:59,540.03
2022-03-30 13:12:04,540.03
2022-03-30 13:12:09,539.97
2022-03-30 13:12:14,540.03
2022-03-30 13:12:19,539.96
2022-03-30 13:12:24,540.03
2022-03-30 13:12:29,539.96
2022-03-30 13:12:34,539.96
2022-03-30 13:12:39,539.96
2022-03-30 13:12:44,539.9
2022-03-30 13:12:49,539.9
2022-03-30 13:12:54,539.96
2022-03-30 13:12:59,539.9
2022-03-30 13:13:04,539.87
2022-03-30 13:13:09,539.89
2022-03-30 13:13:14,539.86
2022-03-30 13:13:19,539.86
2022-03-30 13:13:24,539.87
2022-03-30 13:13:29,539.86
2022-03-30 13:13:34,539.86
2022-03-30 13:13:39,539.8
2022-03-30 13:13:44,539.8
2022-03-30 13:13:49,539.8
2022-03-30 13:13:54,539.73
2022-03-30 13:13:59,539.73
2022-03-30 13:14:04,539.73
2022-03-30 13:14:09,537.71
2022-03-30 13:14:14,539.61
2022-03-30 13:14:19,539.57
2022-03-30 13:14:24,539.61
2022-03-30 13:14:29,539.51
2022-03-30 13:14:34,539.57
2022-03-30 13:14:39,539.51
2022-03-30 13:14:44,539.51
2022-03-30 13:14:49,539.38
2022-03-30 13:14:54,539.38
2022-03-30 13:14:59,539.35
2022-03-30 13:15:04,539.35
2022-03-30 13:15:09,539.28
2022-03-30 13:15:14,539.29
2022-03-30 13:15:19,539.28
2022-03-30 13:15:24,539.22
2022-03-30 13:15:29,539.22
2022-03-30 13:15:34,539.16
2022-03-30 13:15:39,539.09
2022-03-30 13:15:44,539.09
2022-03-30 13:15:49,539.09
2022-03-30 13:15:54,539.06
2022-03-30 13:15:59,539.0
2022-03-30 13:16:04,539.0
2022-03-30 13:16:09,539.0
2022-03-30 13:16:14,538.93
2022-03-30 13:16:19,538.93
2022-03-30 13:16:24,538.86
2022-03-30 13:16:29,538.83
2022-03-30 13:16:34,538.84
2022-03-30 13:16:39,538.77
2022-03-30 13:16:44,538.77
2022-03-30 13:16:49,538.64
2022-03-30 13:16:54,538.64
2022-03-30 13:16:59,538.57
2022-03-30 13:17:04,538.54
2022-03-30 13:17:09,538.48
2022-03-30 13:17:14,538.48
2022-03-30 13:17:19,538.41
2022-03-30 13:17:24,538.41
2022-03-30 13:17:29,538.35
2022-03-30 13:17:34,538.32
2022-03-30 13:17:39,538.32
2022-03-30 13:17:44,538.25
2022-03-30 13:17:49,538.18
2022-03-30 13:17:54,538.12
2022-03-30 13:17:59,538.06
2022-03-30 13:18:04,538.06
2022-03-30 13:18:09,538.02
2022-03-30 13:18:14,537.96
2022-03-30 13:18:19,537.96
2022-03-30 13:18:24,537.89
2022-03-30 13:18:29,537.79
2022-03-30 13:18:34,537.89
2022-03-30 13:18:39,537.79
2022-03-30 13:18:44,537.73
2022-03-30 13:18:49,537.73
2022-03-30 13:18:54,537.66
2022-03-30 13:18:59,537.6
2022-03-30 13:19:04,537.6
2022-03-30 13:19:09,537.53
2022-03-30 13:19:14,537.5
2022-03-30 13:19:19,537.49
2022-03-30 13:19:24,537.43
2022-03-30 13:19:29,537.43
2022-03-30 13:19:34,537.36
2022-03-30 13:19:39,537.37
2022-03-30 13:19:44,537.3
2022-03-30 13:19:49,537.27
2022-03-30 13:19:54,537.27
2022-03-30 13:19:59,537.27
2022-03-30 13:20:04,537.2
2022-03-30 13:20:09,537.2
2022-03-30 13:20:14,537.13
2022-03-30 13:20:19,537.13
2022-03-30 13:20:24,537.13
2022-03-30 13:20:29,537.13
2022-03-30 13:20:34,537.13
2022-03-30 13:20:39,537.07
2022-03-30 13:20:44,537.0
2022-03-30 13:20:49,537.06
2022-03-30 13:20:54,537.0
2022-03-30 13:20:59,537.0
2022-03-30 13:21:04,536.97
2022-03-30 13:21:09,536.96
2022-03-30 13:21:14,536.96
2022-03-30 13:21:19,536.96
2022-03-30 13:21:24,536.89
2022-03-30 13:21:29,536.9
2022-03-30 13:21:34,536.9
2022-03-30 13:21:39,536.83
2022-03-30 13:21:44,536.83
2022-03-30 13:21:49,536.89
2022-03-30 13:21:54,536.83
2022-03-30 13:21:59,536.89
2022-03-30 13:22:04,536.89
2022-03-30 13:22:09,536.83
2022-03-30 13:22:14,536.76
2022-03-30 13:22:19,536.76
2022-03-30 13:22:24,536.73
2022-03-30 13:22:29,536.67
2022-03-30 13:22:34,536.73
2022-03-30 13:22:39,536.73
2022-03-30 13:22:44,536.6
2022-03-30 13:22:49,536.6
2022-03-30 13:22:54,536.6
2022-03-30 13:22:59,536.54
2022-03-30 13:23:04,536.54
2022-03-30 13:23:09,536.54
2022-03-30 13:23:14,536.54
2022-03-30 13:23:19,536.47
2022-03-30 13:23:24,536.47
2022-03-30 13:23:29,536.44
2022-03-30 13:23:34,536.44
2022-03-30 13:23:39,536.38
2022-03-30 13:23:44,536.38
2022-03-30 13:23:49,536.31
2022-03-30 13:23:54,536.38
2022-03-30 13:23:59,536.25
2022-03-30 13:24:04,536.25
2022-03-30 13:24:09,536.25
2022-03-30 13:24:14,536.25
2022-03-30 13:24:19,536.21
2022-03-30 13:24:24,536.25
2022-03-30 13:24:29,536.15
2022-03-30 13:24:34,536.21
2022-03-30 13:24:39,536.21
2022-03-30 13:24:44,536.21
2022-03-30 13:24:49,536.15
2022-03-30 13:24:54,536.21
2022-03-30 13:24:59,536.21
2022-03-30 13:25:04,536.15
2022-03-30 13:25:09,536.21
2022-03-30 13:25:14,536.21
2022-03-30 13:25:19,536.21
2022-03-30 13:25:24,536.21
2022-03-30 13:25:29,536.25
2022-03-30 13:25:34,536.25
2022-03-30 13:25:39,536.25
2022-03-30 13:25:44,536.31
2022-03-30 13:25:49,536.31
2022-03-30 13:25:54,536.37
2022-03-30 13:25:59,536.37
2022-03-30 13:26:04,536.37
2022-03-30 13:26:09,536.53
2022-03-30 13:26:14,536.54
2022-03-30 13:26:19,536.47
2022-03-30 13:26:24,536.6
2022-03-30 13:26:29,536.6
2022-03-30 13:26:34,536.6
2022-03-30 13:26:39,536.72
2022-03-30 13:26:44,536.72
2022-03-30 13:26:49,536.72
2022-03-30 13:26:54,536.75
2022-03-30 13:26:59,536.82
2022-03-30 13:27:04,536.82
2022-03-30 13:27:09,536.88
2022-03-30 13:27:14,536.94
2022-03-30 13:27:19,536.98
2022-03-30 13:27:24,536.98
2022-03-30 13:27:29,537.04
2022-03-30 13:27:34,537.1
2022-03-30 13:27:39,537.1
2022-03-30 13:27:44,537.17
2022-03-30 13:27:49,537.17
2022-03-30 13:27:54,537.23
2022-03-30 13:27:59,537.23
2022-03-30 13:28:04,537.26
2022-03-30 13:28:09,537.33
2022-03-30 13:28:14,537.39
2022-03-30 13:28:19,537.39
2022-03-30 13:28:24,537.45
2022-03-30 13:28:29,537.48
2022-03-30 13:28:34,537.55
2022-03-30 13:28:39,537.61
2022-03-30 13:28:44,537.67
2022-03-30 13:28:49,537.74
2022-03-30 13:28:54,537.74
2022-03-30 13:28:59,537.83
2022-03-30 13:29:04,537.89
2022-03-30 13:29:09,537.89
2022-03-30 13:29:14,537.96
2022-03-30 13:29:19,537.99
2022-03-30 13:29:24,538.12
2022-03-30 13:29:29,538.12
2022-03-30 13:29:34,538.18
2022-03-30 13:29:39,538.24
2022-03-30 13:29:44,538.27
2022-03-30 13:29:49,538.34
2022-03-30 13:29:54,538.4
2022-03-30 13:29:59,538.4
2022-03-30 13:30:04,538.49
2022-03-30 13:30:09,538.49
2022-03-30 13:30:14,538.56
2022-03-30 13:30:19,538.62
2022-03-30 13:30:24,538.68
2022-03-30 13:30:29,538.68
2022-03-30 13:30:34,538.75
2022-03-30 13:30:39,538.78
2022-03-30 13:30:44,538.84
2022-03-30 13:30:49,538.91
2022-03-30 13:30:54,538.97
2022-03-30 13:30:59,539.0
2022-03-30 13:31:04,539.0
2022-03-30 13:31:09,539.06
2022-03-30 13:31:14,539.13
2022-03-30 13:31:19,539.19
2022-03-30 13:31:24,539.19
2022-03-30 13:31:29,539.29
2022-03-30 13:31:34,539.29
2022-03-30 13:31:39,539.35
2022-03-30 13:31:44,539.42
2022-03-30 13:31:49,539.42
2022-03-30 13:31:54,539.51
2022-03-30 13:31:59,539.51
2022-03-30 13:32:04,539.58
2022-03-30 13:32:09,539.64
2022-03-30 13:32:14,539.71
2022-03-30 13:32:19,539.77
2022-03-30 13:32:24,539.8
2022-03-30 13:32:29,539.87
2022-03-30 13:32:34,539.93
2022-03-30 13:32:39,540.03
2022-03-30 13:32:44,540.09
2022-03-30 13:32:49,540.16
2022-03-30 13:32:54,540.28
2022-03-30 13:32:59,540.38
2022-03-30 13:33:04,540.45
2022-03-30 13:33:09,540.54
2022-03-30 13:33:14,540.61
2022-03-30 13:33:19,540.74
2022-03-30 13:33:24,540.8
2022-03-30 13:33:29,540.9
2022-03-30 13:33:34,541.02
2022-03-30 13:33:39,541.12
2022-03-30 13:33:44,541.19
2022-03-30 13:33:49,541.32
2022-03-30 13:33:54,541.41
2022-03-30 13:33:59,541.54
2022-03-30 13:34:04,541.64
2022-03-30 13:34:09,541.76
2022-03-30 13:34:14,541.86
2022-03-30 13:34:19,541.99
2022-03-30 13:34:24,542.09
2022-03-30 13:34:29,537.71
2022-03-30 13:34:34,542.34
2022-03-30 13:34:39,542.44
2022-03-30 13:34:44,542.57
2022-03-30 13:34:49,542.6
2022-03-30 13:34:54,542.73
2022-03-30 13:34:59,542.89
2022-03-30 13:35:04,542.95
2022-03-30 13:35:09,543.02
2022-03-30 13:35:14,543.11
2022-03-30 13:35:19,543.24
2022-03-30 13:35:24,543.37
2022-03-30 13:35:29,543.46
2022-03-30 13:35:34,543.59
2022-03-30 13:35:39,543.62
2022-03-30 13:35:44,543.69
2022-03-30 13:35:49,543.82
2022-03-30 13:35:54,543.91
2022-03-30 13:35:59,543.98
2022-03-30 13:36:04,544.11
2022-03-30 13:36:09,544.14
2022-03-30 13:36:14,544.33
2022-03-30 13:36:19,544.39
2022-03-30 13:36:24,544.49
2022-03-30 13:36:29,544.55
2022-03-30 13:36:34,544.65
2022-03-30 13:36:39,544.65
2022-03-30 13:36:44,544.77
2022-03-30 13:36:49,544.84
2022-03-30 13:36:54,544.9
2022-03-30 13:36:59,545.0
2022-03-30 13:37:04,545.06
2022-03-30 13:37:09,545.12
2022-03-30 13:37:14,545.22
2022-03-30 13:37:19,545.22
2022-03-30 13:37:24,545.22
2022-03-30 13:37:29,537.71
2022-03-30 13:37:34,545.4
2022-03-30 13:37:39,545.44
2022-03-30 13:37:44,545.44
2022-03-30 13:37:49,545.5
2022-03-30 13:37:54,545.5
2022-03-30 13:37:59,545.57
2022-03-30 13:38:04,545.63
2022-03-30 13:38:09,545.56
2022-03-30 13:38:14,545.63
2022-03-30 13:38:19,545.63
2022-03-30 13:38:24,545.62
2022-03-30 13:38:29,545.56
2022-03-30 13:38:34,545.56
2022-03-30 13:38:39,545.56
2022-03-30 13:38:44,545.49
2022-03-30 13:38:49,545.4
2022-03-30 13:38:54,545.39
2022-03-30 13:38:59,545.26
2022-03-30 13:39:04,545.26
2022-03-30 13:39:09,545.1
2022-03-30 13:39:14,545.03
2022-03-30 13:39:19,537.71
2022-03-30 13:39:24,544.81
2022-03-30 13:39:29,544.67
2022-03-30 13:39:34,544.58
2022-03-30 13:39:39,544.45
2022-03-30 13:39:44,544.35
2022-03-30 13:39:49,544.09
2022-03-30 13:39:54,544.06
2022-03-30 13:39:59,543.93
2022-03-30 13:40:04,543.83
2022-03-30 13:40:09,543.64
2022-03-30 13:40:14,543.54
2022-03-30 13:40:19,543.41
2022-03-30 13:40:24,543.25
2022-03-30 13:40:29,543.18
2022-03-30 13:40:34,543.02
2022-03-30 13:40:39,542.89
2022-03-30 13:40:44,542.8
2022-03-30 13:40:49,542.73
2022-03-30 13:40:54,542.6
2022-03-30 13:40:59,542.54
2022-03-30 13:41:04,542.44
2022-03-30 13:41:09,542.31
2022-03-30 13:41:14,542.28
2022-03-30 13:41:19,542.21
2022-03-30 13:41:24,542.15
2022-03-30 13:41:29,542.02
2022-03-30 13:41:34,541.99
2022-03-30 13:41:39,541.99
2022-03-30 13:41:44,541.86
2022-03-30 13:41:49,541.86
2022-03-30 13:41:54,541.79
2022-03-30 13:41:59,541.8
2022-03-30 13:42:04,537.71
2022-03-30 13:42:09,541.7
2022-03-30 13:42:14,541.7
2022-03-30 13:42:19,541.7
2022-03-30 13:42:24,541.64
2022-03-30 13:42:29,541.7
2022-03-30 13:42:34,541.64
2022-03-30 13:42:39,541.57
2022-03-30 13:42:44,541.7
2022-03-30 13:42:49,541.64
2022-03-30 13:42:54,541.63
2022-03-30 13:42:59,541.63
2022-03-30 13:43:04,541.7
2022-03-30 13:43:09,541.7
2022-03-30 13:43:14,541.7
2022-03-30 13:43:19,541.7
2022-03-30 13:43:24,541.76
2022-03-30 13:43:29,541.79
2022-03-30 13:43:34,541.79
2022-03-30 13:43:39,541.86
2022-03-30 13:43:44,541.92
2022-03-30 13:43:49,541.92
2022-03-30 13:43:54,541.92
2022-03-30 13:43:59,541.92
2022-03-30 13:44:04,542.02
2022-03-30 13:44:09,542.01
2022-03-30 13:44:14,542.02
2022-03-30 13:44:19,542.08
2022-03-30 13:44:24,542.14
2022-03-30 13:44:29,542.15
2022-03-30 13:44:34,542.21
2022-03-30 13:44:39,542.27
2022-03-30 13:44:44,542.3
2022-03-30 13:44:49,542.37
2022-03-30 13:44:54,542.37
2022-03-30 13:44:59,542.43
2022-03-30 13:45:04,542.43
2022-03-30 13:45:09,542.43
2022-03-30 13:45:14,542.52
2022-03-30 13:45:19,542.59
2022-03-30 13:45:24,542.59
2022-03-30 13:45:29,542.65
2022-03-30 13:45:34,542.72
2022-03-30 13:45:39,542.78
2022-03-30 13:45:44,542.72
2022-03-30 13:45:49,542.78
2022-03-30 13:45:54,542.81
2022-03-30 13:45:59,542.87
2022-03-30 13:46:04,542.87
2022-03-30 13:46:09,542.87
2022-03-30 13:46:14,542.94
2022-03-30 13:46:19,542.93
2022-03-30 13:46:24,543.0
2022-03-30 13:46:29,543.03
2022-03-30 13:46:34,543.03
2022-03-30 13:46:39,543.09
2022-03-30 13:46:44,543.09
2022-03-30 13:46:49,543.16
2022-03-30 13:46:54,543.16
2022-03-30 13:46:59,543.22
2022-03-30 13:47:04,543.15
2022-03-30 13:47:09,543.28
2022-03-30 13:47:14,543.22
2022-03-30 13:47:19,543.21
2022-03-30 13:47:24,543.28
2022-03-30 13:47:29,543.28
2022-03-30 13:47:34,543.28
2022-03-30 13:47:39,543.28
2022-03-30 13:47:44,543.28
2022-03-30 13:47:49,543.21
2022-03-30 13:47:54,543.21
2022-03-30 13:47:59,543.15
2022-03-30 13:48:04,543.15
2022-03-30 13:48:09,543.08
2022-03-30 13:48:14,543.01
2022-03-30 13:48:19,543.01
2022-03-30 13:48:24,542.98
2022-03-30 13:48:29,542.92
2022-03-30 13:48:34,542.85
2022-03-30 13:48:39,542.78
2022-03-30 13:48:44,542.75
2022-03-30 13:48:49,542.69
2022-03-30 13:48:54,542.62
2022-03-30 13:48:59,542.56
2022-03-30 13:49:04,542.46
2022-03-30 13:49:09,542.27
2022-03-30 13:49:14,542.27
2022-03-30 13:49:19,542.23
2022-03-30 13:49:24,542.11
2022-03-30 13:49:29,541.98
2022-03-30 13:49:34,541.88
2022-03-30 13:49:39,541.81
2022-03-30 13:49:44,541.75
2022-03-30 13:49:49,541.65
2022-03-30 13:49:54,541.52
2022-03-30 13:49:59,541.43
2022-03-30 13:50:04,541.3
2022-03-30 13:50:09,541.2
2022-03-30 13:50:14,541.07
2022-03-30 13:50:19,540.94
2022-03-30 13:50:24,540.91
2022-03-30 13:50:29,540.71
2022-03-30 13:50:34,540.68
2022-03-30 13:50:39,540.55
2022-03-30 13:50:44,540.49
2022-03-30 13:50:49,540.43
2022-03-30 13:50:54,540.27
2022-03-30 13:50:59,540.2
2022-03-30 13:51:04,540.1
2022-03-30 13:51:09,540.04
2022-03-30 13:51:14,539.91
2022-03-30 13:51:19,539.88
2022-03-30 13:51:24,539.75
2022-03-30 13:51:29,539.69
2022-03-30 13:51:34,539.59
2022-03-30 13:51:39,539.46
2022-03-30 13:51:44,539.4
2022-03-30 13:51:49,539.37
2022-03-30 13:51:54,539.24
2022-03-30 13:51:59,539.17
2022-03-30 13:52:04,539.08
2022-03-30 13:52:09,539.01
2022-03-30 13:52:14,538.88
2022-03-30 13:52:19,538.85
2022-03-30 13:52:24,538.79
2022-03-30 13:52:29,538.66
2022-03-30 13:52:34,538.63
2022-03-30 13:52:39,538.56
2022-03-30 13:52:44,538.5
2022-03-30 13:52:49,538.43
2022-03-30 13:52:54,538.37
2022-03-30 13:52:59,538.33
2022-03-30 13:53:04,538.2
2022-03-30 13:53:09,538.2
2022-03-30 13:53:14,538.14
2022-03-30 13:53:19,538.04
2022-03-30 13:53:24,537.98
2022-03-30 13:53:29,537.91
2022-03-30 13:53:34,537.82
2022-03-30 13:53:39,537.75
2022-03-30 13:53:44,537.62
2022-03-30 13:53:49,537.59
2022-03-30 13:53:54,537.53
2022-03-30 13:53:59,537.46
2022-03-30 13:54:04,537.46
2022-03-30 13:54:09,537.4
2022-03-30 13:54:14,537.33
2022-03-30 13:54:19,537.33
2022-03-30 13:54:24,537.23
2022-03-30 13:54:29,537.23
2022-03-30 13:54:34,537.16
2022-03-30 13:54:39,537.16
2022-03-30 13:54:44,537.1
2022-03-30 13:54:49,537.07
2022-03-30 13:54:54,537.0
2022-03-30 13:54:59,537.0
2022-03-30 13:55:04,536.94
2022-03-30 13:55:09,536.87
2022-03-30 13:55:14,536.8
2022-03-30 13:55:19,536.8
2022-03-30 13:55:24,536.77
2022-03-30 13:55:29,536.7
2022-03-30 13:55:34,536.64
2022-03-30 13:55:39,536.58
2022-03-30 13:55:44,536.58
2022-03-30 13:55:49,536.57
2022-03-30 13:55:54,536.48
2022-03-30 13:55:59,536.48
2022-03-30 13:56:04,536.41
2022-03-30 13:56:09,536.48
2022-03-30 13:56:14,536.41
2022-03-30 13:56:19,536.34
2022-03-30 13:56:24,536.41
2022-03-30 13:56:29,536.34
2022-03-30 13:56:34,536.28
2022-03-30 13:56:39,536.28
2022-03-30 13:56:44,536.24
2022-03-30 13:56:49,536.24
2022-03-30 13:56:54,536.27
2022-03-30 13:56:59,536.24
2022-03-30 13:57:04,536.24
2022-03-30 13:57:09,536.24
2022-03-30 13:57:14,536.24
2022-03-30 13:57:19,536.24
2022-03-30 13:57:24,536.17
2022-03-30 13:57:29,536.23
2022-03-30 13:57:34,536.23
2022-03-30 13:57:39,536.24
2022-03-30 13:57:44,536.17
2022-03-30 13:57:49,536.1
2022-03-30 13:57:54,536.17
2022-03-30 13:57:59,536.16
2022-03-30 13:58:04,536.1
2022-03-30 13:58:09,536.1
2022-03-30 13:58:14,536.1
2022-03-30 13:58:19,536.03
2022-03-30 13:58:24,536.03
2022-03-30 13:58:29,536.03
2022-03-30 13:58:34,536.1
2022-03-30 13:58:39,536.1
2022-03-30 13:58:44,536.1
2022-03-30 13:58:49,536.1
2022-03-30 13:58:54,536.1
2022-03-30 13:58:59,536.09
2022-03-30 13:59:04,536.09
2022-03-30 13:59:09,536.09
2022-03-30 13:59:14,536.09
2022-03-30 13:59:19,536.16
2022-03-30 13:59:24,536.09
2022-03-30 13:59:29,536.03
2022-03-30 13:59:34,536.09
2022-03-30 13:59:39,536.16
2022-03-30 13:59:44,536.22
2022-03-30 13:59:49,536.09
2022-03-30 13:59:54,536.09
2022-03-30 13:59:59,536.09
2022-03-30 14:00:04,536.16
2022-03-30 14:00:09,536.16
2022-03-30 14:00:14,536.16
2022-03-30 14:00:19,536.09
2022-03-30 14:00:24,536.09
2022-03-30 14:00:29,536.09
2022-03-30 14:00:34,536.03
2022-03-30 14:00:39,536.09
2022-03-30 14:00:44,536.09
2022-03-30 14:00:49,536.1
2022-03-30 14:00:54,536.03
2022-03-30 14:00:59,535.99
2022-03-30 14:01:04,536.03
2022-03-30 14:01:09,536.0
2022-03-30 14:01:14,535.93
2022-03-30 14:01:19,535.87
2022-03-30 14:01:24,535.87
2022-03-30 14:01:29,535.87
2022-03-30 14:01:34,535.8
2022-03-30 14:01:39,535.8
2022-03-30 14:01:44,535.74
2022-03-30 14:01:49,535.74
2022-03-30 14:01:54,535.74
2022-03-30 14:01:59,535.74
2022-03-30 14:02:04,535.7
2022-03-30 14:02:09,535.74
2022-03-30 14:02:14,535.71
2022-03-30 14:02:19,535.7
2022-03-30 14:02:24,535.7
2022-03-30 14:02:29,535.58
2022-03-30 14:02:34,535.58
2022-03-30 14:02:39,535.58
2022-03-30 14:02:44,535.64
2022-03-30 14:02:49,535.58
2022-03-30 14:02:54,535.64
2022-03-30 14:02:59,535.57
2022-03-30 14:03:04,535.51
2022-03-30 14:03:09,535.51
2022-03-30 14:03:14,535.48
2022-03-30 14:03:19,535.48
2022-03-30 14:03:24,535.48
2022-03-30 14:03:29,535.48
2022-03-30 14:03:34,535.42
2022-03-30 14:03:39,535.35
2022-03-30 14:03:44,535.35
2022-03-30 14:03:49,535.29
2022-03-30 14:03:54,535.28
2022-03-30 14:03:59,535.22
2022-03-30 14:04:04,535.22
2022-03-30 14:04:09,535.22
2022-03-30 14:04:14,535.13
2022-03-30 14:04:19,535.13
2022-03-30 14:04:24,535.06
2022-03-30 14:04:29,535.06
2022-03-30 14:04:34,535.06
2022-03-30 14:04:39,535.0
2022-03-30 14:04:44,535.0
2022-03-30 14:04:49,534.96
2022-03-30 14:04:54,534.96
2022-03-30 14:04:59,534.96
2022-03-30 14:05:04,534.9
2022-03-30 14:05:09,534.9
2022-03-30 14:05:14,534.84
2022-03-30 14:05:19,534.9
2022-03-30 14:05:24,534.9
2022-03-30 14:05:29,534.9
2022-03-30 14:05:34,534.9
2022-03-30 14:05:39,534.84
2022-03-30 14:05:44,534.84
2022-03-30 14:05:49,534.83
2022-03-30 14:05:54,534.84
2022-03-30 14:05:59,534.77
2022-03-30 14:06:04,534.77
2022-03-30 14:06:09,534.77
2022-03-30 14:06:14,534.71
2022-03-30 14:06:19,534.71
2022-03-30 14:06:24,534.71
2022-03-30 14:06:29,534.71
2022-03-30 14:06:34,534.68
2022-03-30 14:06:39,534.71
2022-03-30 14:06:44,534.71
2022-03-30 14:06:49,534.71
2022-03-30 14:06:54,534.68
2022-03-30 14:06:59,534.68
2022-03-30 14:07:04,534.68
2022-03-30 14:07:09,534.68
2022-03-30 14:07:14,534.68
2022-03-30 14:07:19,537.71
2022-03-30 14:07:24,534.68
2022-03-30 14:07:29,534.68
2022-03-30 14:07:34,534.68
2022-03-30 14:07:39,534.68
2022-03-30 14:07:44,534.68
2022-03-30 14:07:49,534.68
2022-03-30 14:07:54,534.68
2022-03-30 14:07:59,534.68
2022-03-30 14:08:04,534.68
2022-03-30 14:08:09,534.68
2022-03-30 14:08:14,534.62
2022-03-30 14:08:19,534.68
2022-03-30 14:08:24,534.68
2022-03-30 14:08:29,534.62
2022-03-30 14:08:34,534.62
2022-03-30 14:08:39,534.62
2022-03-30 14:08:44,534.68
2022-03-30 14:08:49,534.62
2022-03-30 14:08:54,534.62
2022-03-30 14:08:59,534.62
2022-03-30 14:09:04,534.62
2022-03-30 14:09:09,534.62
2022-03-30 14:09:14,534.62
2022-03-30 14:09:19,534.62
2022-03-30 14:09:24,534.62
2022-03-30 14:09:29,534.62
2022-03-30 14:09:34,534.55
2022-03-30 14:09:39,534.62
2022-03-30 14:09:44,534.62
2022-03-30 14:09:49,534.62
2022-03-30 14:09:54,534.62
2022-03-30 14:09:59,534.62
2022-03-30 14:10:04,534.62
2022-03-30 14:10:09,534.62
2022-03-30 14:10:14,534.62
2022-03-30 14:10:19,534.62
2022-03-30 14:10:24,534.62
2022-03-30 14:10:29,534.62
2022-03-30 14:10:34,534.62
2022-03-30 14:10:39,534.62
2022-03-30 14:10:44,534.68
2022-03-30 14:10:49,534.68
2022-03-30 14:10:54,534.68
2022-03-30 14:10:59,534.68
2022-03-30 14:11:04,534.71
2022-03-30 14:11:09,534.71
2022-03-30 14:11:14,534.84
2022-03-30 14:11:19,534.84
2022-03-30 14:11:24,534.9
2022-03-30 14:11:29,534.91
2022-03-30 14:11:34,534.97
2022-03-30 14:11:39,535.0
2022-03-30 14:11:44,535.0
2022-03-30 14:11:49,535.06
2022-03-30 14:11:54,535.13
2022-03-30 14:11:59,535.13
2022-03-30 14:12:04,535.13
2022-03-30 14:12:09,535.19
2022-03-30 14:12:14,535.19
2022-03-30 14:12:19,535.22
2022-03-30 14:12:24,535.22
2022-03-30 14:12:29,535.22
2022-03-30 14:12:34,535.28
2022-03-30 14:12:39,535.22
2022-03-30 14:12:44,535.28
2022-03-30 14:12:49,535.28
2022-03-30 14:12:54,535.28
2022-03-30 14:12:59,535.28
2022-03-30 14:13:04,535.28
2022-03-30 14:13:09,535.28
2022-03-30 14:13:14,535.28
2022-03-30 14:13:19,535.28
2022-03-30 14:13:24,535.34
2022-03-30 14:13:29,535.28
2022-03-30 14:13:34,535.34
2022-03-30 14:13:39,535.28
2022-03-30 14:13:44,535.28
2022-03-30 14:13:49,535.27
2022-03-30 14:13:54,535.27
2022-03-30 14:13:59,535.27
2022-03-30 14:14:04,535.27
2022-03-30 14:14:09,535.21
2022-03-30 14:14:14,535.21
2022-03-30 14:14:19,535.27
2022-03-30 14:14:24,535.27
2022-03-30 14:14:29,535.2
2022-03-30 14:14:34,535.2
2022-03-30 14:14:39,535.2
2022-03-30 14:14:44,535.21
2022-03-30 14:14:49,535.2
2022-03-30 14:14:54,535.2
2022-03-30 14:14:59,535.2
2022-03-30 14:15:04,535.27
2022-03-30 14:15:09,535.27
2022-03-30 14:15:14,535.27
2022-03-30 14:15:19,535.33
2022-03-30 14:15:24,535.33
2022-03-30 14:15:29,535.33
2022-03-30 14:15:34,535.39
2022-03-30 14:15:39,535.46
2022-03-30 14:15:44,535.46
2022-03-30 14:15:49,535.49
2022-03-30 14:15:54,535.55
2022-03-30 14:15:59,535.55
2022-03-30 14:16:04,535.62
2022-03-30 14:16:09,535.62
2022-03-30 14:16:14,535.68
2022-03-30 14:16:19,535.72
2022-03-30 14:16:24,535.72
2022-03-30 14:16:29,535.71
2022-03-30 14:16:34,535.78
2022-03-30 14:16:39,535.85
2022-03-30 14:16:44,535.84
2022-03-30 14:16:49,535.84
2022-03-30 14:16:54,535.91
2022-03-30 14:16:59,535.97
2022-03-30 14:17:04,535.97
2022-03-30 14:17:09,536.01
2022-03-30 14:17:14,536.01
2022-03-30 14:17:19,536.07
2022-03-30 14:17:24,536.13
2022-03-30 14:17:29,536.14
2022-03-30 14:17:34,536.2
2022-03-30 14:17:39,536.23
2022-03-30 14:17:44,536.3
2022-03-30 14:17:49,536.3
2022-03-30 14:17:54,536.3
2022-03-30 14:17:59,536.36
2022-03-30 14:18:04,536.36
2022-03-30 14:18:09,536.43
2022-03-30 14:18:14,536.49
2022-03-30 14:18:19,536.49
2022-03-30 14:18:24,536.49
2022-03-30 14:18:29,536.52
2022-03-30 14:18:34,536.52
2022-03-30 14:18:39,536.52
2022-03-30 14:18:44,536.59
2022-03-30 14:18:49,536.59
2022-03-30 14:18:54,536.59
2022-03-30 14:18:59,536.59
2022-03-30 14:19:04,536.65
2022-03-30 14:19:09,536.65
2022-03-30 14:19:14,536.72
2022-03-30 14:19:19,536.72
2022-03-30 14:19:24,536.72
2022-03-30 14:19:29,536.75
2022-03-30 14:19:34,536.81
2022-03-30 14:19:39,536.81
2022-03-30 14:19:44,536.88
2022-03-30 14:19:49,536.81
2022-03-30 14:19:54,536.94
2022-03-30 14:19:59,536.88
2022-03-30 14:20:04,536.94
2022-03-30 14:20:09,536.94
2022-03-30 14:20:14,537.01
2022-03-30 14:20:19,537.01
2022-03-30 14:20:24,537.0
2022-03-30 14:20:29,537.0
2022-03-30 14:20:34,537.03
2022-03-30 14:20:39,537.04
2022-03-30 14:20:44,537.1
2022-03-30 14:20:49,537.1
2022-03-30 14:20:54,537.1
2022-03-30 14:20:59,537.16
2022-03-30 14:21:04,537.22
2022-03-30 14:21:09,537.23
2022-03-30 14:21:14,537.23
2022-03-30 14:21:19,537.26
2022-03-30 14:21:24,537.26
2022-03-30 14:21:29,537.32
2022-03-30 14:21:34,537.32
2022-03-30 14:21:39,537.32
2022-03-30 14:21:44,537.32
2022-03-30 14:21:49,537.32
2022-03-30 14:21:54,537.38
2022-03-30 14:21:59,537.38
2022-03-30 14:22:04,537.38
2022-03-30 14:22:09,537.38
2022-03-30 14:22:14,537.38
2022-03-30 14:22:19,537.44
2022-03-30 14:22:24,537.44
2022-03-30 14:22:29,537.44
2022-03-30 14:22:34,537.51
2022-03-30 14:22:39,537.44
2022-03-30 14:22:44,537.5
2022-03-30 14:22:49,537.5
2022-03-30 14:22:54,537.53
2022-03-30 14:22:59,537.53
2022-03-30 14:23:04,537.53
2022-03-30 14:23:09,537.53
2022-03-30 14:23:14,537.59
2022-03-30 14:23:19,537.53
2022-03-30 14:23:24,537.59
2022-03-30 14:23:29,537.59
2022-03-30 14:23:34,537.66
2022-03-30 14:23:39,537.66
2022-03-30 14:23:44,537.65
2022-03-30 14:23:49,537.65
2022-03-30 14:23:54,537.65
2022-03-30 14:23:59,537.65
2022-03-30 14:24:04,537.65
2022-03-30 14:24:09,537.65
2022-03-30 14:24:14,537.65
2022-03-30 14:24:19,537.64
2022-03-30 14:24:24,537.64
2022-03-30 14:24:29,537.64
2022-03-30 14:24:34,537.64
2022-03-30 14:24:39,537.64
2022-03-30 14:24:44,537.64
2022-03-30 14:24:49,537.64
2022-03-30 14:24:54,537.64
2022-03-30 14:24:59,537.64
2022-03-30 14:25:04,537.64
2022-03-30 14:25:09,537.64
2022-03-30 14:25:14,537.64
2022-03-30 14:25:19,537.7
2022-03-30 14:25:24,537.7
2022-03-30 14:25:29,537.7
2022-03-30 14:25:34,537.7
2022-03-30 14:25:39,537.7
2022-03-30 14:25:44,537.73
2022-03-30 14:25:49,537.73
2022-03-30 14:25:54,537.73
2022-03-30 14:25:59,537.73
2022-03-30 14:26:04,537.73
2022-03-30 14:26:09,537.73
2022-03-30 14:26:14,537.79
2022-03-30 14:26:19,537.79
2022-03-30 14:26:24,537.86
2022-03-30 14:26:29,537.86
2022-03-30 14:26:34,537.86
2022-03-30 14:26:39,537.92
2022-03-30 14:26:44,537.92
2022-03-30 14:26:49,537.92
2022-03-30 14:26:54,537.98
2022-03-30 14:26:59,537.98
2022-03-30 14:27:04,537.98
2022-03-30 14:27:09,538.02
2022-03-30 14:27:14,537.98
2022-03-30 14:27:19,538.02
2022-03-30 14:27:24,538.08
2022-03-30 14:27:29,538.08
2022-03-30 14:27:34,538.08
2022-03-30 14:27:39,538.08
2022-03-30 14:27:44,538.15
2022-03-30 14:27:49,538.14
2022-03-30 14:27:54,538.14
2022-03-30 14:27:59,538.14
2022-03-30 14:28:04,538.21
2022-03-30 14:28:09,538.21
2022-03-30 14:28:14,538.24
2022-03-30 14:28:19,538.24
2022-03-30 14:28:24,538.24
2022-03-30 14:28:29,538.3
2022-03-30 14:28:34,538.24
2022-03-30 14:28:39,538.3
2022-03-30 14:28:44,538.24
2022-03-30 14:28:49,538.24
2022-03-30 14:28:54,538.3
2022-03-30 14:28:59,538.24
2022-03-30 14:29:04,538.21
2022-03-30 14:29:09,538.21
2022-03-30 14:29:14,538.21
2022-03-30 14:29:19,538.14
2022-03-30 14:29:24,538.14
2022-03-30 14:29:29,538.14
2022-03-30 14:29:34,538.07
2022-03-30 14:29:39,538.07
2022-03-30 14:29:44,538.01
2022-03-30 14:29:49,538.01
2022-03-30 14:29:54,537.98
2022-03-30 14:29:59,537.98
2022-03-30 14:30:04,537.98
2022-03-30 14:30:09,537.85
2022-03-30 14:30:14,537.84
2022-03-30 14:30:19,537.84
2022-03-30 14:30:24,537.78
2022-03-30 14:30:29,537.72
2022-03-30 14:30:34,537.71
2022-03-30 14:30:39,537.68
2022-03-30 14:30:44,537.68
2022-03-30 14:30:49,537.62
2022-03-30 14:30:54,537.62
2022-03-30 14:30:59,537.55
2022-03-30 14:31:04,537.49
2022-03-30 14:31:09,537.45
2022-03-30 14:31:14,537.45
2022-03-30 14:31:19,537.38
2022-03-30 14:31:24,537.39
2022-03-30 14:31:29,537.32
2022-03-30 14:31:34,537.32
2022-03-30 14:31:39,537.25
2022-03-30 14:31:44,537.19
2022-03-30 14:31:49,537.19
2022-03-30 14:31:54,537.16
2022-03-30 14:31:59,537.15
2022-03-30 14:32:04,537.15
2022-03-30 14:32:09,537.15
2022-03-30 14:32:14,537.09
2022-03-30 14:32:19,537.09
2022-03-30 14:32:24,537.09
2022-03-30 14:32:29,537.08
2022-03-30 14:32:34,537.02
2022-03-30 14:32:39,537.02
2022-03-30 14:32:44,536.95
2022-03-30 14:32:49,536.95
2022-03-30 14:32:54,536.95
2022-03-30 14:32:59,536.95
2022-03-30 14:33:04,536.92
2022-03-30 14:33:09,536.86
2022-03-30 14:33:14,536.85
2022-03-30 14:33:19,536.85
2022-03-30 14:33:24,536.78
2022-03-30 14:33:29,536.72
2022-03-30 14:33:34,536.72
2022-03-30 14:33:39,536.65
2022-03-30 14:33:44,536.65
2022-03-30 14:33:49,536.56
2022-03-30 14:33:54,536.56
2022-03-30 14:33:59,536.49
2022-03-30 14:34:04,536.43
2022-03-30 14:34:09,536.39
2022-03-30 14:34:14,536.33
2022-03-30 14:34:19,536.33
2022-03-30 14:34:24,536.27
2022-03-30 14:34:29,536.14
2022-03-30 14:34:34,536.1
2022-03-30 14:34:39,536.04
2022-03-30 14:34:44,535.98
2022-03-30 14:34:49,535.91
2022-03-30 14:34:54,535.88
2022-03-30 14:34:59,535.81
2022-03-30 14:35:04,535.68
2022-03-30 14:35:09,535.62
2022-03-30 14:35:14,535.62
2022-03-30 14:35:19,535.59
2022-03-30 14:35:24,535.52
2022-03-30 14:35:29,535.46
2022-03-30 14:35:34,535.4
2022-03-30 14:35:39,535.36
2022-03-30 14:35:44,535.3
2022-03-30 14:35:49,535.24
2022-03-30 14:35:54,535.24
2022-03-30 14:35:59,535.17
2022-03-30 14:36:04,535.11
2022-03-30 14:36:09,535.11
2022-03-30 14:36:14,535.07
2022-03-30 14:36:19,535.07
2022-03-30 14:36:24,535.07
2022-03-30 14:36:29,535.01
2022-03-30 14:36:34,535.01
2022-03-30 14:36:39,535.01
2022-03-30 14:36:44,535.01
2022-03-30 14:36:49,535.01
2022-03-30 14:36:54,535.01
2022-03-30 14:36:59,535.08
2022-03-30 14:37:04,535.11
2022-03-30 14:37:09,535.17
2022-03-30 14:37:14,535.24
2022-03-30 14:37:19,535.3
2022-03-30 14:37:24,535.37
2022-03-30 14:37:29,535.4
2022-03-30 14:37:34,535.46
2022-03-30 14:37:39,535.52
2022-03-30 14:37:44,535.62
2022-03-30 14:37:49,535.75
2022-03-30 14:37:54,535.88
2022-03-30 14:37:59,535.98
2022-03-30 14:38:04,536.11
2022-03-30 14:38:09,536.27
2022-03-30 14:38:14,536.39
2022-03-30 14:38:19,536.56
2022-03-30 14:38:24,536.65
2022-03-30 14:38:29,536.85
2022-03-30 14:38:34,536.94
2022-03-30 14:38:39,537.17
2022-03-30 14:38:44,537.3
2022-03-30 14:38:49,537.52
2022-03-30 14:38:54,537.68
2022-03-30 14:38:59,537.81
2022-03-30 14:39:04,538.04
2022-03-30 14:39:09,538.2
2022-03-30 14:39:14,538.46
2022-03-30 14:39:19,538.55
2022-03-30 14:39:24,538.71
2022-03-30 14:39:29,538.97
2022-03-30 14:39:34,539.13
2022-03-30 14:39:39,539.36
2022-03-30 14:39:44,539.52
2022-03-30 14:39:49,539.74
2022-03-30 14:39:54,539.93
2022-03-30 14:39:59,540.1
2022-03-30 14:40:04,540.25
2022-03-30 14:40:09,540.51
2022-03-30 14:40:14,540.67
2022-03-30 14:40:19,540.83
2022-03-30 14:40:24,541.03
2022-03-30 14:40:29,541.19
2022-03-30 14:40:34,541.34
2022-03-30 14:40:39,541.57
2022-03-30 14:40:44,541.7
2022-03-30 14:40:49,541.92
2022-03-30 14:40:54,542.05
2022-03-30 14:40:59,542.28
2022-03-30 14:41:04,542.37
2022-03-30 14:41:09,542.5
2022-03-30 14:41:14,542.66
2022-03-30 14:41:19,542.79
2022-03-30 14:41:24,542.95
2022-03-30 14:41:29,543.08
2022-03-30 14:41:34,543.24
2022-03-30 14:41:39,543.4
2022-03-30 14:41:44,543.52
2022-03-30 14:41:49,543.62
2022-03-30 14:41:54,543.75
2022-03-30 14:41:59,543.84
2022-03-30 14:42:04,543.91
2022-03-30 14:42:09,544.1
2022-03-30 14:42:14,544.2
2022-03-30 14:42:19,544.33
2022-03-30 14:42:24,544.42
2022-03-30 14:42:29,544.48
2022-03-30 14:42:34,544.64
2022-03-30 14:42:39,544.77
2022-03-30 14:42:44,544.87
2022-03-30 14:42:49,544.99
2022-03-30 14:42:54,545.16
2022-03-30 14:42:59,545.22
2022-03-30 14:43:04,545.35
2022-03-30 14:43:09,545.51
2022-03-30 14:43:14,545.57
2022-03-30 14:43:19,545.73
2022-03-30 14:43:24,545.86
2022-03-30 14:43:29,545.96
2022-03-30 14:43:34,546.09
2022-03-30 14:43:39,546.19
2022-03-30 14:43:44,546.25
2022-03-30 14:43:49,546.41
2022-03-30 14:43:54,546.54
2022-03-30 14:43:59,546.66
2022-03-30 14:44:04,546.76
2022-03-30 14:44:09,546.92
2022-03-30 14:44:14,547.05
2022-03-30 14:44:19,547.18
2022-03-30 14:44:24,547.28
2022-03-30 14:44:29,547.4
2022-03-30 14:44:34,547.5
2022-03-30 14:44:39,547.57
2022-03-30 14:44:44,547.69
2022-03-30 14:44:49,547.79
2022-03-30 14:44:54,547.92
2022-03-30 14:44:59,547.95
2022-03-30 14:45:04,548.08
2022-03-30 14:45:09,548.15
2022-03-30 14:45:14,548.24
2022-03-30 14:45:19,548.31
2022-03-30 14:45:24,548.37
2022-03-30 14:45:29,548.44
2022-03-30 14:45:34,548.53
2022-03-30 14:45:39,548.6
2022-03-30 14:45:44,548.66
2022-03-30 14:45:49,548.73
2022-03-30 14:45:54,548.76
2022-03-30 14:45:59,548.82
2022-03-30 14:46:04,548.82
2022-03-30 14:46:09,548.89
2022-03-30 14:46:14,548.89
2022-03-30 14:46:19,548.95
2022-03-30 14:46:24,548.95
2022-03-30 14:46:29,548.98
2022-03-30 14:46:34,548.99
2022-03-30 14:46:39,548.99
2022-03-30 14:46:44,548.99
2022-03-30 14:46:49,548.95
2022-03-30 14:46:54,548.95
2022-03-30 14:46:59,548.95
2022-03-30 14:47:04,548.89
2022-03-30 14:47:09,548.82
2022-03-30 14:47:14,548.82
2022-03-30 14:47:19,548.76
2022-03-30 14:47:24,548.76
2022-03-30 14:47:29,548.72
2022-03-30 14:47:34,548.66
2022-03-30 14:47:39,548.6
2022-03-30 14:47:44,548.53
2022-03-30 14:47:49,548.53
2022-03-30 14:47:54,548.43
2022-03-30 14:47:59,548.37
2022-03-30 14:48:04,548.31
2022-03-30 14:48:09,548.24
2022-03-30 14:48:14,548.08
2022-03-30 14:48:19,548.08
2022-03-30 14:48:24,547.95
2022-03-30 14:48:29,537.71
2022-03-30 14:48:34,547.72
2022-03-30 14:48:39,547.62
2022-03-30 14:48:44,547.49
2022-03-30 14:48:49,547.43
2022-03-30 14:48:54,547.33
2022-03-30 14:48:59,547.2
2022-03-30 14:49:04,547.04
2022-03-30 14:49:09,546.91
2022-03-30 14:49:14,546.75
2022-03-30 14:49:19,546.65
2022-03-30 14:49:24,546.46
2022-03-30 14:49:29,546.36
2022-03-30 14:49:34,546.17
2022-03-30 14:49:39,546.07
2022-03-30 14:49:44,545.94
2022-03-30 14:49:49,545.78
2022-03-30 14:49:54,545.65
2022-03-30 14:49:59,545.49
2022-03-30 14:50:04,545.42
2022-03-30 14:50:09,545.26
2022-03-30 14:50:14,545.13
2022-03-30 14:50:19,545.03
2022-03-30 14:50:24,544.9
2022-03-30 14:50:29,537.71
2022-03-30 14:50:34,544.74
2022-03-30 14:50:39,544.61
2022-03-30 14:50:44,544.51
2022-03-30 14:50:49,544.32
2022-03-30 14:50:54,544.28
2022-03-30 14:50:59,544.22
2022-03-30 14:51:04,544.15
2022-03-30 14:51:09,544.09
2022-03-30 14:51:14,544.06
2022-03-30 14:51:19,543.93
2022-03-30 14:51:24,543.93
2022-03-30 14:51:29,543.86
2022-03-30 14:51:34,543.86
2022-03-30 14:51:39,543.79
2022-03-30 14:51:44,543.76
2022-03-30 14:51:49,543.76
2022-03-30 14:51:54,543.76
2022-03-30 14:51:59,543.7
2022-03-30 14:52:04,543.69
2022-03-30 14:52:09,543.69
2022-03-30 14:52:14,543.69
2022-03-30 14:52:19,543.63
2022-03-30 14:52:24,543.69
2022-03-30 14:52:29,543.63
2022-03-30 14:52:34,543.63
2022-03-30 14:52:39,543.63
2022-03-30 14:52:44,543.69
2022-03-30 14:52:49,543.69
2022-03-30 14:52:54,543.69
2022-03-30 14:52:59,543.75
2022-03-30 14:53:04,543.76
2022-03-30 14:53:09,543.79
2022-03-30 14:53:14,543.79
2022-03-30 14:53:19,543.79
2022-03-30 14:53:24,543.91
2022-03-30 14:53:29,543.91
2022-03-30 14:53:34,543.98
2022-03-30 14:53:39,543.98
2022-03-30 14:53:44,544.04
2022-03-30 14:53:49,544.04
2022-03-30 14:53:54,544.08
2022-03-30 14:53:59,544.08
2022-03-30 14:54:04,544.27
2022-03-30 14:54:09,544.27
2022-03-30 14:54:14,544.27
2022-03-30 14:54:19,544.37
2022-03-30 14:54:24,544.43
2022-03-30 14:54:29,544.56
2022-03-30 14:54:34,544.56
2022-03-30 14:54:39,544.66
2022-03-30 14:54:44,544.78
2022-03-30 14:54:49,544.79
2022-03-30 14:54:54,544.88
2022-03-30 14:54:59,544.95
2022-03-30 14:55:04,545.08
2022-03-30 14:55:09,545.11
2022-03-30 14:55:14,545.24
2022-03-30 14:55:19,545.3
2022-03-30 14:55:24,545.4
2022-03-30 14:55:29,545.46
2022-03-30 14:55:34,545.53
2022-03-30 14:55:39,545.62
2022-03-30 14:55:44,545.76
2022-03-30 14:55:49,545.82
2022-03-30 14:55:54,545.91
2022-03-30 14:55:59,546.05
2022-03-30 14:56:04,546.14
2022-03-30 14:56:09,546.27
2022-03-30 14:56:14,546.33
2022-03-30 14:56:19,546.43
2022-03-30 14:56:24,546.5
2022-03-30 14:56:29,546.62
2022-03-30 14:56:34,546.72
2022-03-30 14:56:39,546.85
2022-03-30 14:56:44,546.95
2022-03-30 14:56:49,547.01
2022-03-30 14:56:54,547.14
2022-03-30 14:56:59,547.17
2022-03-30 14:57:04,547.3
2022-03-30 14:57:09,547.39
2022-03-30 14:57:14,547.46
2022-03-30 14:57:19,547.52
2022-03-30 14:57:24,547.65
2022-03-30 14:57:29,547.68
2022-03-30 14:57:34,547.81
2022-03-30 14:57:39,547.81
2022-03-30 14:57:44,547.91
2022-03-30 14:57:49,547.91
2022-03-30 14:57:54,548.1
2022-03-30 14:57:59,548.1
2022-03-30 14:58:04,548.17
2022-03-30 14:58:09,548.26
2022-03-30 14:58:14,548.26
2022-03-30 14:58:19,548.32
2022-03-30 14:58:24,548.39
2022-03-30 14:58:29,548.39
2022-03-30 14:58:34,548.42
2022-03-30 14:58:39,548.48
2022-03-30 14:58:44,548.48
2022-03-30 14:58:49,548.55
2022-03-30 14:58:54,548.55
2022-03-30 14:58:59,548.61
2022-03-30 14:59:04,548.61
2022-03-30 14:59:09,548.61
2022-03-30 14:59:14,548.61
2022-03-30 14:59:19,548.6
2022-03-30 14:59:24,548.67
2022-03-30 14:59:29,548.67
2022-03-30 14:59:34,548.6
2022-03-30 14:59:39,548.67
2022-03-30 14:59:44,548.67
2022-03-30 14:59:49,548.67
2022-03-30 14:59:54,548.67
2022-03-30 14:59:59,548.66
2022-03-30 15:00:04,548.66
2022-03-30 15:00:09,548.66
2022-03-30 15:00:14,548.66
2022-03-30 15:00:19,548.66
2022-03-30 15:00:24,548.66
2022-03-30 15:00:29,548.59
2022-03-30 15:00:34,548.59
2022-03-30 15:00:39,548.53
2022-03-30 15:00:44,548.53
2022-03-30 15:00:49,548.46
2022-03-30 15:00:54,548.46
2022-03-30 15:00:59,548.4
2022-03-30 15:01:04,548.39
2022-03-30 15:01:09,548.36
2022-03-30 15:01:14,548.29
2022-03-30 15:01:19,548.29
2022-03-30 15:01:24,548.23
2022-03-30 15:01:29,548.16
2022-03-30 15:01:34,548.23
2022-03-30 15:01:39,548.16
2022-03-30 15:01:44,548.13
2022-03-30 15:01:49,548.13
2022-03-30 15:01:54,548.06
2022-03-30 15:01:59,548.06
2022-03-30 15:02:04,548.0
2022-03-30 15:02:09,547.94
2022-03-30 15:02:14,547.87
2022-03-30 15:02:19,547.84
2022-03-30 15:02:24,547.71
2022-03-30 15:02:29,547.64
2022-03-30 15:02:34,547.61
2022-03-30 15:02:39,547.48
2022-03-30 15:02:44,547.42
2022-03-30 15:02:49,547.32
2022-03-30 15:02:54,547.26
2022-03-30 15:02:59,547.09
2022-03-30 15:03:04,546.97
2022-03-30 15:03:09,546.9
2022-03-30 15:03:14,546.81
2022-03-30 15:03:19,546.68
2022-03-30 15:03:24,546.58
2022-03-30 15:03:29,546.45
2022-03-30 15:03:34,546.29
2022-03-30 15:03:39,546.16
2022-03-30 15:03:44,546.06
2022-03-30 15:03:49,545.94
2022-03-30 15:03:54,545.81
2022-03-30 15:03:59,545.71
2022-03-30 15:04:04,545.58
2022-03-30 15:04:09,545.42
2022-03-30 15:04:14,545.36
2022-03-30 15:04:19,545.26
2022-03-30 15:04:24,545.07
2022-03-30 15:04:29,544.97
2022-03-30 15:04:34,544.84
2022-03-30 15:04:39,544.68
2022-03-30 15:04:44,544.55
2022-03-30 15:04:49,544.45
2022-03-30 15:04:54,544.33
2022-03-30 15:04:59,544.23
2022-03-30 15:05:04,544.04
2022-03-30 15:05:09,543.94
2022-03-30 15:05:14,543.81
2022-03-30 15:05:19,543.65
2022-03-30 15:05:24,543.52
2022-03-30 15:05:29,543.42
2022-03-30 15:05:34,543.3
2022-03-30 15:05:39,543.13
2022-03-30 15:05:44,543.07
2022-03-30 15:05:49,542.91
2022-03-30 15:05:54,542.78
2022-03-30 15:05:59,542.68
2022-03-30 15:06:04,542.49
2022-03-30 15:06:09,542.39
2022-03-30 15:06:14,542.27
2022-03-30 15:06:19,542.17
2022-03-30 15:06:24,542.04
2022-03-30 15:06:29,541.88
2022-03-30 15:06:34,541.75
2022-03-30 15:06:39,541.68
2022-03-30 15:06:44,541.59
2022-03-30 15:06:49,541.46
2022-03-30 15:06:54,541.36
2022-03-30 15:06:59,541.3
2022-03-30 15:07:04,541.17
2022-03-30 15:07:09,541.13
2022-03-30 15:07:14,540.94
2022-03-30 15:07:19,540.94
2022-03-30 15:07:24,540.84
2022-03-30 15:07:29,540.78
2022-03-30 15:07:34,540.71
2022-03-30 15:07:39,540.65
2022-03-30 15:07:44,540.55
2022-03-30 15:07:49,540.49
2022-03-30 15:07:54,540.42
2022-03-30 15:07:59,540.42
2022-03-30 15:08:04,540.26
2022-03-30 15:08:09,540.26
2022-03-30 15:08:14,540.26
2022-03-30 15:08:19,540.13
2022-03-30 15:08:24,540.13
2022-03-30 15:08:29,540.09
2022-03-30 15:08:34,540.03
2022-03-30 15:08:39,539.96
2022-03-30 15:08:44,539.9
2022-03-30 15:08:49,539.87
2022-03-30 15:08:54,539.87
2022-03-30 15:08:59,539.8
2022-03-30 15:09:04,539.8
2022-03-30 15:09:09,539.8
2022-03-30 15:09:14,539.8
2022-03-30 15:09:19,539.73
2022-03-30 15:09:24,539.73
2022-03-30 15:09:29,539.73
2022-03-30 15:09:34,539.67
2022-03-30 15:09:39,539.66
2022-03-30 15:09:44,539.66
2022-03-30 15:09:49,539.6
2022-03-30 15:09:54,539.6
2022-03-30 15:09:59,539.66
2022-03-30 15:10:04,539.66
2022-03-30 15:10:09,539.66
2022-03-30 15:10:14,539.66
2022-03-30 15:10:19,539.59
2022-03-30 15:10:24,539.65
2022-03-30 15:10:29,539.65
2022-03-30 15:10:34,539.65
2022-03-30 15:10:39,539.65
2022-03-30 15:10:44,539.65
2022-03-30 15:10:49,539.65
2022-03-30 15:10:54,539.71
2022-03-30 15:10:59,539.65
2022-03-30 15:11:04,539.65
2022-03-30 15:11:09,539.71
2022-03-30 15:11:14,539.71
2022-03-30 15:11:19,539.71
2022-03-30 15:11:24,539.71
2022-03-30 15:11:29,539.71
2022-03-30 15:11:34,539.77
2022-03-30 15:11:39,539.77
2022-03-30 15:11:44,539.71
2022-03-30 15:11:49,537.71
2022-03-30 15:11:54,539.77
2022-03-30 15:11:59,539.77
2022-03-30 15:12:04,539.77
2022-03-30 15:12:09,539.77
2022-03-30 15:12:14,539.84
2022-03-30 15:12:19,539.77
2022-03-30 15:12:24,539.84
2022-03-30 15:12:29,539.84
2022-03-30 15:12:34,539.84
2022-03-30 15:12:39,539.84
2022-03-30 15:12:44,539.84
2022-03-30 15:12:49,539.87
2022-03-30 15:12:54,539.87
2022-03-30 15:12:59,539.93
2022-03-30 15:13:04,539.87
2022-03-30 15:13:09,539.93
2022-03-30 15:13:14,540.0
2022-03-30 15:13:19,539.93
2022-03-30 15:13:24,540.0
2022-03-30 15:13:29,540.0
2022-03-30 15:13:34,540.06
2022-03-30 15:13:39,540.06
2022-03-30 15:13:44,540.06
2022-03-30 15:13:49,540.09
2022-03-30 15:13:54,540.16
2022-03-30 15:13:59,540.22
2022-03-30 15:14:04,540.22
2022-03-30 15:14:09,540.22
2022-03-30 15:14:14,540.22
2022-03-30 15:14:19,540.29
2022-03-30 15:14:24,540.35
2022-03-30 15:14:29,540.35
2022-03-30 15:14:34,540.39
2022-03-30 15:14:39,540.39
2022-03-30 15:14:44,540.45
2022-03-30 15:14:49,540.45
2022-03-30 15:14:54,540.51
2022-03-30 15:14:59,540.51
2022-03-30 15:15:04,540.51
2022-03-30 15:15:09,540.58
2022-03-30 15:15:14,540.58
2022-03-30 15:15:19,540.61
2022-03-30 15:15:24,540.61
2022-03-30 15:15:29,540.67
2022-03-30 15:15:34,540.67
2022-03-30 15:15:39,540.74
2022-03-30 15:15:44,540.74
2022-03-30 15:15:49,540.8
2022-03-30 15:15:54,540.87
2022-03-30 15:15:59,540.87
2022-03-30 15:16:04,540.9
2022-03-30 15:16:09,540.9
2022-03-30 15:16:14,540.96
2022-03-30 15:16:19,540.96
2022-03-30 15:16:24,540.96
2022-03-30 15:16:29,541.02
2022-03-30 15:16:34,541.09
2022-03-30 15:16:39,541.09
2022-03-30 15:16:44,541.09
2022-03-30 15:16:49,541.12
2022-03-30 15:16:54,541.12
2022-03-30 15:16:59,541.12
2022-03-30 15:17:04,541.18
2022-03-30 15:17:09,541.18
2022-03-30 15:17:14,541.18
2022-03-30 15:17:19,541.18
2022-03-30 15:17:24,541.18
2022-03-30 15:17:29,541.11
2022-03-30 15:17:34,541.11
2022-03-30 15:17:39,541.11
2022-03-30 15:17:44,541.17
2022-03-30 15:17:49,541.11
2022-03-30 15:17:54,541.11
2022-03-30 15:17:59,541.17
2022-03-30 15:18:04,541.11
2022-03-30 15:18:09,541.11
2022-03-30 15:18:14,541.11
2022-03-30 15:18:19,541.11
2022-03-30 15:18:24,541.11
2022-03-30 15:18:29,541.11
2022-03-30 15:18:34,541.11
2022-03-30 15:18:39,541.11
2022-03-30 15:18:44,541.1
2022-03-30 15:18:49,541.1
2022-03-30 15:18:54,541.1
2022-03-30 15:18:59,541.17
2022-03-30 15:19:04,541.1
2022-03-30 15:19:09,541.1
2022-03-30 15:19:14,541.1
2022-03-30 15:19:19,541.1
2022-03-30 15:19:24,541.1
2022-03-30 15:19:29,541.16
2022-03-30 15:19:34,541.09
2022-03-30 15:19:39,541.1
2022-03-30 15:19:44,541.09
2022-03-30 15:19:49,541.06
2022-03-30 15:19:54,541.06
2022-03-30 15:19:59,541.06
2022-03-30 15:20:04,540.99
2022-03-30 15:20:09,540.99
2022-03-30 15:20:14,540.93
2022-03-30 15:20:19,540.93
2022-03-30 15:20:24,540.93
2022-03-30 15:20:29,540.83
2022-03-30 15:20:34,540.83
2022-03-30 15:20:39,540.77
2022-03-30 15:20:44,540.83
2022-03-30 15:20:49,540.77
2022-03-30 15:20:54,540.77
2022-03-30 15:20:59,540.7
2022-03-30 15:21:04,540.7
2022-03-30 15:21:09,540.7
2022-03-30 15:21:14,540.64
2022-03-30 15:21:19,540.64
2022-03-30 15:21:24,540.64
2022-03-30 15:21:29,540.64
2022-03-30 15:21:34,540.64
2022-03-30 15:21:39,540.57
2022-03-30 15:21:44,540.57
2022-03-30 15:21:49,540.57
2022-03-30 15:21:54,540.57
2022-03-30 15:21:59,540.57
2022-03-30 15:22:04,540.54
2022-03-30 15:22:09,540.54
2022-03-30 15:22:14,540.54
2022-03-30 15:22:19,540.54
2022-03-30 15:22:24,540.48
2022-03-30 15:22:29,540.48
2022-03-30 15:22:34,540.48
2022-03-30 15:22:39,540.48
2022-03-30 15:22:44,540.48
2022-03-30 15:22:49,540.48
2022-03-30 15:22:54,540.48
2022-03-30 15:22:59,540.41
2022-03-30 15:23:04,540.42
2022-03-30 15:23:09,540.42
2022-03-30 15:23:14,540.42
2022-03-30 15:23:19,540.42
2022-03-30 15:23:24,540.42
2022-03-30 15:23:29,540.36
2022-03-30 15:23:34,540.42
2022-03-30 15:23:39,540.42
2022-03-30 15:23:44,540.36
2022-03-30 15:23:49,540.36
2022-03-30 15:23:54,540.42
2022-03-30 15:23:59,540.48
2022-03-30 15:24:04,540.42
2022-03-30 15:24:09,540.49
2022-03-30 15:24:14,540.42
2022-03-30 15:24:19,540.49
2022-03-30 15:24:24,540.49
2022-03-30 15:24:29,540.55
2022-03-30 15:24:34,540.58
2022-03-30 15:24:39,540.55
2022-03-30 15:24:44,540.65
2022-03-30 15:24:49,540.65
2022-03-30 15:24:54,540.71
2022-03-30 15:24:59,540.78
2022-03-30 15:25:04,540.78
2022-03-30 15:25:09,540.84
2022-03-30 15:25:14,540.94
2022-03-30 15:25:19,540.94
2022-03-30 15:25:24,541.0
2022-03-30 15:25:29,541.0
2022-03-30 15:25:34,541.07
2022-03-30 15:25:39,541.1
2022-03-30 15:25:44,541.16
2022-03-30 15:25:49,541.16
2022-03-30 15:25:54,541.23
2022-03-30 15:25:59,541.23
2022-03-30 15:26:04,541.29
2022-03-30 15:26:09,541.36
2022-03-30 15:26:14,541.36
2022-03-30 15:26:19,541.39
2022-03-30 15:26:24,541.45
2022-03-30 15:26:29,541.45
2022-03-30 15:26:34,541.45
2022-03-30 15:26:39,541.52
2022-03-30 15:26:44,541.52
2022-03-30 15:26:49,541.58
2022-03-30 15:26:54,541.58
2022-03-30 15:26:59,541.58
2022-03-30 15:27:04,541.61
2022-03-30 15:27:09,541.58
2022-03-30 15:27:14,541.61
2022-03-30 15:27:19,541.61
2022-03-30 15:27:24,541.61
2022-03-30 15:27:29,541.61
2022-03-30 15:27:34,541.68
2022-03-30 15:27:39,541.68
2022-03-30 15:27:44,541.68
2022-03-30 15:27:49,541.67
2022-03-30 15:27:54,541.74
2022-03-30 15:27:59,541.74
2022-03-30 15:28:04,541.74
2022-03-30 15:28:09,537.71
2022-03-30 15:28:14,541.8
2022-03-30 15:28:19,541.8
2022-03-30 15:28:24,541.8
2022-03-30 15:28:29,541.8
2022-03-30 15:28:34,541.86
2022-03-30 15:28:39,541.86
2022-03-30 15:28:44,541.9
2022-03-30 15:28:49,541.86
2022-03-30 15:28:54,541.86
2022-03-30 15:28:59,541.89
2022-03-30 15:29:04,541.89
2022-03-30 15:29:09,541.96
2022-03-30 15:29:14,541.96
2022-03-30 15:29:19,541.96
2022-03-30 15:29:24,541.96
2022-03-30 15:29:29,542.02
2022-03-30 15:29:34,542.02
2022-03-30 15:29:39,542.09
2022-03-30 15:29:44,542.09
2022-03-30 15:29:49,542.12
2022-03-30 15:29:54,542.11
2022-03-30 15:29:59,542.11
2022-03-30 15:30:04,542.11
2022-03-30 15:30:09,542.12
2022-03-30 15:30:14,542.18
2022-03-30 15:30:19,542.18
2022-03-30 15:30:24,542.12
2022-03-30 15:30:29,542.18
2022-03-30 15:30:34,542.18
2022-03-30 15:30:39,542.12
2022-03-30 15:30:44,542.09
2022-03-30 15:30:49,542.09
2022-03-30 15:30:54,542.08
2022-03-30 15:30:59,542.02
2022-03-30 15:31:04,542.02
2022-03-30 15:31:09,542.02
2022-03-30 15:31:14,541.96
2022-03-30 15:31:19,541.96
2022-03-30 15:31:24,541.89
2022-03-30 15:31:29,541.89
2022-03-30 15:31:34,541.86
2022-03-30 15:31:39,541.8
2022-03-30 15:31:44,541.8
2022-03-30 15:31:49,541.73
2022-03-30 15:31:54,541.67
2022-03-30 15:31:59,541.67
2022-03-30 15:32:04,541.67
2022-03-30 15:32:09,541.61
2022-03-30 15:32:14,541.57
2022-03-30 15:32:19,541.51
2022-03-30 15:32:24,541.45
2022-03-30 15:32:29,541.45
2022-03-30 15:32:34,541.45
2022-03-30 15:32:39,541.39
2022-03-30 15:32:44,541.29
2022-03-30 15:32:49,541.35
2022-03-30 15:32:54,541.29
2022-03-30 15:32:59,541.22
2022-03-30 15:33:04,541.23
2022-03-30 15:33:09,541.16
2022-03-30 15:33:14,541.16
2022-03-30 15:33:19,541.1
2022-03-30 15:33:24,541.07
2022-03-30 15:33:29,541.0
2022-03-30 15:33:34,541.0
2022-03-30 15:33:39,540.88
2022-03-30 15:33:44,540.84
2022-03-30 15:33:49,540.84
2022-03-30 15:33:54,540.84
2022-03-30 15:33:59,540.72
2022-03-30 15:34:04,540.72
2022-03-30 15:34:09,540.65
2022-03-30 15:34:14,540.56
2022-03-30 15:34:19,540.56
2022-03-30 15:34:24,540.49
2022-03-30 15:34:29,540.43
2022-03-30 15:34:34,540.43
2022-03-30 15:34:39,540.43
2022-03-30 15:34:44,540.36
2022-03-30 15:34:49,540.33
2022-03-30 15:34:54,540.27
2022-03-30 15:34:59,540.14
2022-03-30 15:35:04,540.08
2022-03-30 15:35:09,540.05
2022-03-30 15:35:14,539.85
2022-03-30 15:35:19,539.82
2022-03-30 15:35:24,539.69
2022-03-30 15:35:29,539.63
2022-03-30 15:35:34,539.53
2022-03-30 15:35:39,539.4
2022-03-30 15:35:44,539.24
2022-03-30 15:35:49,539.11
2022-03-30 15:35:54,539.01
2022-03-30 15:35:59,538.88
2022-03-30 15:36:04,538.72
2022-03-30 15:36:09,538.59
2022-03-30 15:36:14,538.5
2022-03-30 15:36:19,538.37
2022-03-30 15:36:24,538.14
2022-03-30 15:36:29,538.01
2022-03-30 15:36:34,537.92
2022-03-30 15:36:39,537.76
2022-03-30 15:36:44,537.5
2022-03-30 15:36:49,537.4
2022-03-30 15:36:54,537.24
2022-03-30 15:36:59,537.05
2022-03-30 15:37:04,536.88
2022-03-30 15:37:09,536.72
2022-03-30 15:37:14,536.59
2022-03-30 15:37:19,536.46
2022-03-30 15:37:24,536.3
2022-03-30 15:37:29,536.14
2022-03-30 15:37:34,536.01
2022-03-30 15:37:39,535.85
2022-03-30 15:37:44,535.72
2022-03-30 15:37:49,535.62
2022-03-30 15:37:54,535.43
2022-03-30 15:37:59,535.4
2022-03-30 15:38:04,535.27
2022-03-30 15:38:09,535.17
2022-03-30 15:38:14,535.11
2022-03-30 15:38:19,534.98
2022-03-30 15:38:24,534.88
2022-03-30 15:38:29,534.75
2022-03-30 15:38:34,534.69
2022-03-30 15:38:39,534.59
2022-03-30 15:38:44,534.52
2022-03-30 15:38:49,534.46
2022-03-30 15:38:54,534.39
2022-03-30 15:38:59,534.36
2022-03-30 15:39:04,534.3
2022-03-30 15:39:09,534.23
2022-03-30 15:39:14,534.23
2022-03-30 15:39:19,534.17
2022-03-30 15:39:24,534.23
2022-03-30 15:39:29,534.17
2022-03-30 15:39:34,534.17
2022-03-30 15:39:39,534.13
2022-03-30 15:39:44,534.13
2022-03-30 15:39:49,534.13
2022-03-30 15:39:54,534.13
2022-03-30 15:39:59,534.07
2022-03-30 15:40:04,534.07
2022-03-30 15:40:09,534.07
2022-03-30 15:40:14,534.07
2022-03-30 15:40:19,534.07
2022-03-30 15:40:24,534.01
2022-03-30 15:40:29,534.01
2022-03-30 15:40:34,534.01
2022-03-30 15:40:39,534.01
2022-03-30 15:40:44,534.01
2022-03-30 15:40:49,534.01
2022-03-30 15:40:54,534.01
2022-03-30 15:40:59,534.01
2022-03-30 15:41:04,533.94
2022-03-30 15:41:09,533.94
2022-03-30 15:41:14,534.01
2022-03-30 15:41:19,533.94
2022-03-30 15:41:24,533.94
2022-03-30 15:41:29,533.94
2022-03-30 15:41:34,533.94
2022-03-30 15:41:39,533.94
2022-03-30 15:41:44,533.94
2022-03-30 15:41:49,533.95
2022-03-30 15:41:54,533.88
2022-03-30 15:41:59,533.88
2022-03-30 15:42:04,533.88
2022-03-30 15:42:09,533.88
2022-03-30 15:42:14,533.88
2022-03-30 15:42:19,533.85
2022-03-30 15:42:24,533.88
2022-03-30 15:42:29,533.88
2022-03-30 15:42:34,533.85
2022-03-30 15:42:39,533.85
2022-03-30 15:42:44,533.85
2022-03-30 15:42:49,533.85
2022-03-30 15:42:54,533.88
2022-03-30 15:42:59,533.85
2022-03-30 15:43:04,533.85
2022-03-30 15:43:09,533.85
2022-03-30 15:43:14,533.88
2022-03-30 15:43:19,533.85
2022-03-30 15:43:24,533.88
2022-03-30 15:43:29,533.88
2022-03-30 15:43:34,533.88
2022-03-30 15:43:39,533.88
2022-03-30 15:43:44,533.88
2022-03-30 15:43:49,533.88
2022-03-30 15:43:54,533.88
2022-03-30 15:43:59,533.95
2022-03-30 15:44:04,533.95
2022-03-30 15:44:09,534.01
2022-03-30 15:44:14,534.08
2022-03-30 15:44:19,534.08
2022-03-30 15:44:24,534.14
2022-03-30 15:44:29,534.17
2022-03-30 15:44:34,534.24
2022-03-30 15:44:39,534.3
2022-03-30 15:44:44,534.36
2022-03-30 15:44:49,534.4
2022-03-30 15:44:54,534.46
2022-03-30 15:44:59,534.52
2022-03-30 15:45:04,534.65
2022-03-30 15:45:09,534.68
2022-03-30 15:45:14,534.75
2022-03-30 15:45:19,534.88
2022-03-30 15:45:24,534.91
2022-03-30 15:45:29,534.97
2022-03-30 15:45:34,535.1
2022-03-30 15:45:39,535.16
2022-03-30 15:45:44,535.2
2022-03-30 15:45:49,535.26
2022-03-30 15:45:54,535.39
2022-03-30 15:45:59,535.42
2022-03-30 15:46:04,535.49
2022-03-30 15:46:09,535.55
2022-03-30 15:46:14,535.68
2022-03-30 15:46:19,535.71
2022-03-30 15:46:24,535.83
2022-03-30 15:46:29,535.9
2022-03-30 15:46:34,535.93
2022-03-30 15:46:39,536.06
2022-03-30 15:46:44,536.12
2022-03-30 15:46:49,536.22
2022-03-30 15:46:54,536.28
2022-03-30 15:46:59,536.41
2022-03-30 15:47:04,536.5
2022-03-30 15:47:09,536.63
2022-03-30 15:47:14,536.7
2022-03-30 15:47:19,536.79
2022-03-30 15:47:24,536.86
2022-03-30 15:47:29,537.02
2022-03-30 15:47:34,537.14
2022-03-30 15:47:39,537.24
2022-03-30 15:47:44,537.31
2022-03-30 15:47:49,537.43
2022-03-30 15:47:54,537.53
2022-03-30 15:47:59,537.66
2022-03-30 15:48:04,537.75
2022-03-30 15:48:09,537.88
2022-03-30 15:48:14,537.95
2022-03-30 15:48:19,538.1
2022-03-30 15:48:24,538.17
2022-03-30 15:48:29,538.33
2022-03-30 15:48:34,538.46
2022-03-30 15:48:39,538.49
2022-03-30 15:48:44,538.68
2022-03-30 15:48:49,538.78
2022-03-30 15:48:54,538.84
2022-03-30 15:48:59,538.97
2022-03-30 15:49:04,539.07
2022-03-30 15:49:09,539.2
2022-03-30 15:49:14,539.29
2022-03-30 15:49:19,539.36
2022-03-30 15:49:24,539.52
2022-03-30 15:49:29,539.52
2022-03-30 15:49:34,539.71
2022-03-30 15:49:39,539.81
2022-03-30 15:49:44,539.87
2022-03-30 15:49:49,540.0
2022-03-30 15:49:54,540.16
2022-03-30 15:49:59,540.16
2022-03-30 15:50:04,540.33
2022-03-30 15:50:09,540.39
2022-03-30 15:50:14,540.52
2022-03-30 15:50:19,540.62
2022-03-30 15:50:24,540.75
2022-03-30 15:50:29,540.84
2022-03-30 15:50:34,540.91
2022-03-30 15:50:39,540.97
2022-03-30 15:50:44,541.07
2022-03-30 15:50:49,541.2
2022-03-30 15:50:54,541.33
2022-03-30 15:50:59,541.36
2022-03-30 15:51:04,541.42
2022-03-30 15:51:09,541.55
2022-03-30 15:51:14,541.59
2022-03-30 15:51:19,541.65
2022-03-30 15:51:24,541.78
2022-03-30 15:51:29,541.85
2022-03-30 15:51:34,541.94
2022-03-30 15:51:39,542.01
2022-03-30 15:51:44,542.07
2022-03-30 15:51:49,542.17
2022-03-30 15:51:54,542.23
2022-03-30 15:51:59,542.36
2022-03-30 15:52:04,542.4
2022-03-30 15:52:09,542.46
2022-03-30 15:52:14,542.52
2022-03-30 15:52:19,542.59
2022-03-30 15:52:24,542.62
2022-03-30 15:52:29,542.69
2022-03-30 15:52:34,542.75
2022-03-30 15:52:39,542.82
2022-03-30 15:52:44,542.88
2022-03-30 15:52:49,542.91
2022-03-30 15:52:54,542.98
2022-03-30 15:52:59,543.04
2022-03-30 15:53:04,543.11
2022-03-30 15:53:09,543.11
2022-03-30 15:53:14,543.14
2022-03-30 15:53:19,543.21
2022-03-30 15:53:24,543.2
2022-03-30 15:53:29,543.27
2022-03-30 15:53:34,543.34
2022-03-30 15:53:39,543.34
2022-03-30 15:53:44,543.4
2022-03-30 15:53:49,543.43
2022-03-30 15:53:54,543.49
2022-03-30 15:53:59,543.56
2022-03-30 15:54:04,543.56
2022-03-30 15:54:09,543.56
2022-03-30 15:54:14,543.66
2022-03-30 15:54:19,543.72
2022-03-30 15:54:24,543.72
2022-03-30 15:54:29,543.79
2022-03-30 15:54:34,543.85
2022-03-30 15:54:39,543.91
2022-03-30 15:54:44,543.92
2022-03-30 15:54:49,543.95
2022-03-30 15:54:54,544.01
2022-03-30 15:54:59,544.08
2022-03-30 15:55:04,544.08
2022-03-30 15:55:09,544.08
2022-03-30 15:55:14,544.14
2022-03-30 15:55:19,544.14
2022-03-30 15:55:24,544.17
2022-03-30 15:55:29,544.14
2022-03-30 15:55:34,544.14
2022-03-30 15:55:39,544.17
2022-03-30 15:55:44,544.14
2022-03-30 15:55:49,544.17
2022-03-30 15:55:54,544.14
2022-03-30 15:55:59,544.14
2022-03-30 15:56:04,544.14
2022-03-30 15:56:09,544.07
2022-03-30 15:56:14,544.07
2022-03-30 15:56:19,537.71
2022-03-30 15:56:24,544.01
2022-03-30 15:56:29,543.94
2022-03-30 15:56:34,543.91
2022-03-30 15:56:39,543.91
2022-03-30 15:56:44,543.85
2022-03-30 15:56:49,543.84
2022-03-30 15:56:54,543.72
2022-03-30 15:56:59,543.65
2022-03-30 15:57:04,543.62
2022-03-30 15:57:09,543.49
2022-03-30 15:57:14,543.49
2022-03-30 15:57:19,543.39
2022-03-30 15:57:24,543.33
2022-03-30 15:57:29,543.2
2022-03-30 15:57:34,543.13
2022-03-30 15:57:39,543.1
2022-03-30 15:57:44,542.97
2022-03-30 15:57:49,542.91
2022-03-30 15:57:54,542.87
2022-03-30 15:57:59,542.74
2022-03-30 15:58:04,542.62
2022-03-30 15:58:09,542.59
2022-03-30 15:58:14,542.46
2022-03-30 15:58:19,542.36
2022-03-30 15:58:24,542.23
2022-03-30 15:58:29,542.17
2022-03-30 15:58:34,542.07
2022-03-30 15:58:39,541.94
2022-03-30 15:58:44,541.85
2022-03-30 15:58:49,541.78
2022-03-30 15:58:54,541.65
2022-03-30 15:58:59,541.56
2022-03-30 15:59:04,541.5
2022-03-30 15:59:09,541.37
2022-03-30 15:59:14,541.27
2022-03-30 15:59:19,541.21
2022-03-30 15:59:24,541.08
2022-03-30 15:59:29,540.98
2022-03-30 15:59:34,540.92
2022-03-30 15:59:39,540.82
2022-03-30 15:59:44,540.69
2022-03-30 15:59:49,540.63
2022-03-30 15:59:54,540.53
2022-03-30 15:59:59,540.4
2022-03-30 16:00:04,540.31
2022-03-30 16:00:09,540.31
2022-03-30 16:00:14,540.18
2022-03-30 16:00:19,540.05
2022-03-30 16:00:24,540.02
2022-03-30 16:00:29,539.9
2022-03-30 16:00:34,539.8
2022-03-30 16:00:39,539.73
2022-03-30 16:00:44,537.71
2022-03-30 16:00:49,539.54
2022-03-30 16:00:54,539.51
2022-03-30 16:00:59,539.45
2022-03-30 16:01:04,539.38
2022-03-30 16:01:09,539.32
2022-03-30 16:01:14,539.32
2022-03-30 16:01:19,539.23
2022-03-30 16:01:24,539.16
2022-03-30 16:01:29,539.1
2022-03-30 16:01:34,539.04
2022-03-30 16:01:39,539.0
2022-03-30 16:01:44,538.94
2022-03-30 16:01:49,538.88
2022-03-30 16:01:54,538.88
2022-03-30 16:01:59,538.78
2022-03-30 16:02:04,538.72
2022-03-30 16:02:09,538.59
2022-03-30 16:02:14,538.59
2022-03-30 16:02:19,538.59
2022-03-30 16:02:24,538.49
2022-03-30 16:02:29,538.49
2022-03-30 16:02:34,538.43
2022-03-30 16:02:39,538.37
2022-03-30 16:02:44,538.3
2022-03-30 16:02:49,538.27
2022-03-30 16:02:54,538.27
2022-03-30 16:02:59,538.21
2022-03-30 16:03:04,538.15
2022-03-30 16:03:09,538.08
2022-03-30 16:03:14,538.08
2022-03-30 16:03:19,538.02
2022-03-30 16:03:24,537.98
2022-03-30 16:03:29,537.92
2022-03-30 16:03:34,537.92
2022-03-30 16:03:39,537.86
2022-03-30 16:03:44,537.79
2022-03-30 16:03:49,537.79
2022-03-30 16:03:54,537.79
2022-03-30 16:03:59,537.76
2022-03-30 16:04:04,537.76
2022-03-30 16:04:09,537.76
2022-03-30 16:04:14,537.76
2022-03-30 16:04:19,537.76
2022-03-30 16:04:24,537.76
2022-03-30 16:04:29,537.7
2022-03-30 16:04:34,537.7
2022-03-30 16:04:39,537.7
2022-03-30 16:04:44,537.7
2022-03-30 16:04:49,537.63
2022-03-30 16:04:54,537.63
2022-03-30 16:04:59,537.63
2022-03-30 16:05:04,537.63
2022-03-30 16:05:09,537.57
2022-03-30 16:05:14,537.57
2022-03-30 16:05:19,537.5
2022-03-30 16:05:24,537.5
2022-03-30 16:05:29,537.5
2022-03-30 16:05:34,537.5
2022-03-30 16:05:39,537.5
2022-03-30 16:05:44,537.5
2022-03-30 16:05:49,537.47
2022-03-30 16:05:54,537.47
2022-03-30 16:05:59,537.47
2022-03-30 16:06:04,537.47
2022-03-30 16:06:09,537.41
2022-03-30 16:06:14,537.41
2022-03-30 16:06:19,537.47
2022-03-30 16:06:24,537.4
2022-03-30 16:06:29,537.4
2022-03-30 16:06:34,537.4
2022-03-30 16:06:39,537.34
2022-03-30 16:06:44,537.34
2022-03-30 16:06:49,537.34
2022-03-30 16:06:54,537.27
2022-03-30 16:06:59,537.34
2022-03-30 16:07:04,537.27
2022-03-30 16:07:09,537.27
2022-03-30 16:07:14,537.27
2022-03-30 16:07:19,537.27
2022-03-30 16:07:24,537.27
2022-03-30 16:07:29,537.27
2022-03-30 16:07:34,537.27
2022-03-30 16:07:39,537.24
2022-03-30 16:07:44,537.24
2022-03-30 16:07:49,537.24
2022-03-30 16:07:54,537.24
2022-03-30 16:07:59,537.18
2022-03-30 16:08:04,537.18
2022-03-30 16:08:09,537.24
2022-03-30 16:08:14,537.24
2022-03-30 16:08:19,537.18
2022-03-30 16:08:24,537.18
2022-03-30 16:08:29,537.24
2022-03-30 16:08:34,537.18
2022-03-30 16:08:39,537.18
2022-03-30 16:08:44,537.18
2022-03-30 16:08:49,537.18
2022-03-30 16:08:54,537.12
2022-03-30 16:08:59,537.18
2022-03-30 16:09:04,537.12
2022-03-30 16:09:09,537.12
2022-03-30 16:09:14,537.12
2022-03-30 16:09:19,537.12
2022-03-30 16:09:24,537.12
2022-03-30 16:09:29,537.12
2022-03-30 16:09:34,537.12
2022-03-30 16:09:39,537.12
2022-03-30 16:09:44,537.19
2022-03-30 16:09:49,537.12
2022-03-30 16:09:54,537.12
2022-03-30 16:09:59,537.12
2022-03-30 16:10:04,537.13
2022-03-30 16:10:09,537.13
2022-03-30 16:10:14,537.13
2022-03-30 16:10:19,537.13
2022-03-30 16:10:24,537.13
2022-03-30 16:10:29,537.19
2022-03-30 16:10:34,537.13
2022-03-30 16:10:39,537.19
2022-03-30 16:10:44,537.2
2022-03-30 16:10:49,537.13
2022-03-30 16:10:54,537.13
2022-03-30 16:10:59,537.2
2022-03-30 16:11:04,537.13
2022-03-30 16:11:09,537.2
2022-03-30 16:11:14,537.13
2022-03-30 16:11:19,537.2
2022-03-30 16:11:24,537.2
2022-03-30 16:11:29,537.2
2022-03-30 16:11:34,537.2
2022-03-30 16:11:39,537.2
2022-03-30 16:11:44,537.14
2022-03-30 16:11:49,537.2
2022-03-30 16:11:54,537.2
2022-03-30 16:11:59,537.2
2022-03-30 16:12:04,537.2
2022-03-30 16:12:09,537.2
2022-03-30 16:12:14,537.2
2022-03-30 16:12:19,537.2
2022-03-30 16:12:24,537.2
2022-03-30 16:12:29,537.2
2022-03-30 16:12:34,537.2
2022-03-30 16:12:39,537.2
2022-03-30 16:12:44,537.2
2022-03-30 16:12:49,537.2
2022-03-30 16:12:54,537.2
2022-03-30 16:12:59,537.14
2022-03-30 16:13:04,537.2
2022-03-30 16:13:09,537.14
2022-03-30 16:13:14,537.07
2022-03-30 16:13:19,537.08
2022-03-30 16:13:24,537.01
2022-03-30 16:13:29,537.01
2022-03-30 16:13:34,537.01
2022-03-30 16:13:39,537.01
2022-03-30 16:13:44,536.98
2022-03-30 16:13:49,536.91
2022-03-30 16:13:54,536.91
2022-03-30 16:13:59,536.85
2022-03-30 16:14:04,536.85
2022-03-30 16:14:09,536.79
2022-03-30 16:14:14,536.78
2022-03-30 16:14:19,536.75
2022-03-30 16:14:24,536.75
2022-03-30 16:14:29,536.69
2022-03-30 16:14:34,536.62
2022-03-30 16:14:39,536.62
2022-03-30 16:14:44,536.56
2022-03-30 16:14:49,536.56
2022-03-30 16:14:54,536.56
2022-03-30 16:14:59,536.49
2022-03-30 16:15:04,536.49
2022-03-30 16:15:09,536.46
2022-03-30 16:15:14,536.46
2022-03-30 16:15:19,536.4
2022-03-30 16:15:24,536.4
2022-03-30 16:15:29,536.4
2022-03-30 16:15:34,536.33
2022-03-30 16:15:39,536.33
2022-03-30 16:15:44,536.33
2022-03-30 16:15:49,536.26
2022-03-30 16:15:54,536.26
2022-03-30 16:15:59,536.23
2022-03-30 16:16:04,536.27
2022-03-30 16:16:09,536.23
2022-03-30 16:16:14,536.17
2022-03-30 16:16:19,536.23
2022-03-30 16:16:24,536.23
2022-03-30 16:16:29,536.17
2022-03-30 16:16:34,536.16
2022-03-30 16:16:39,536.16
2022-03-30 16:16:44,536.23
2022-03-30 16:16:49,536.17
2022-03-30 16:16:54,536.17
2022-03-30 16:16:59,536.17
2022-03-30 16:17:04,536.23
2022-03-30 16:17:09,536.17
2022-03-30 16:17:14,536.17
2022-03-30 16:17:19,536.17
2022-03-30 16:17:24,536.23
2022-03-30 16:17:29,536.17
2022-03-30 16:17:34,536.17
2022-03-30 16:17:39,536.17
2022-03-30 16:17:44,536.17
2022-03-30 16:17:49,536.17
2022-03-30 16:17:54,536.17
2022-03-30 16:17:59,536.17
2022-03-30 16:18:04,536.17
2022-03-30 16:18:09,536.24
2022-03-30 16:18:14,536.24
2022-03-30 16:18:19,536.17
2022-03-30 16:18:24,536.17
2022-03-30 16:18:29,536.17
2022-03-30 16:18:34,536.24
2022-03-30 16:18:39,536.18
2022-03-30 16:18:44,536.24
2022-03-30 16:18:49,536.24
2022-03-30 16:18:54,537.71
2022-03-30 16:18:59,536.24
2022-03-30 16:19:04,536.25
2022-03-30 16:19:09,536.25
2022-03-30 16:19:14,536.28
2022-03-30 16:19:19,536.25
2022-03-30 16:19:24,536.28
2022-03-30 16:19:29,536.28
2022-03-30 16:19:34,536.28
2022-03-30 16:19:39,536.28
2022-03-30 16:19:44,536.28
2022-03-30 16:19:49,536.35
2022-03-30 16:19:54,536.35
2022-03-30 16:19:59,536.35
2022-03-30 16:20:04,536.35
2022-03-30 16:20:09,536.29
2022-03-30 16:20:14,536.29
2022-03-30 16:20:19,536.35
2022-03-30 16:20:24,536.35
2022-03-30 16:20:29,536.35
2022-03-30 16:20:34,536.29
2022-03-30 16:20:39,536.29
2022-03-30 16:20:44,536.29
2022-03-30 16:20:49,536.29
2022-03-30 16:20:54,536.26
2022-03-30 16:20:59,536.26
2022-03-30 16:21:04,536.26
2022-03-30 16:21:09,536.26
2022-03-30 16:21:14,536.26
2022-03-30 16:21:19,536.26
2022-03-30 16:21:24,536.26
2022-03-30 16:21:29,536.26
2022-03-30 16:21:34,536.26
2022-03-30 16:21:39,536.29
2022-03-30 16:21:44,536.29
2022-03-30 16:21:49,536.26
2022-03-30 16:21:54,536.29
2022-03-30 16:21:59,536.29
2022-03-30 16:22:04,536.29
2022-03-30 16:22:09,536.29
2022-03-30 16:22:14,536.29
2022-03-30 16:22:19,536.29
2022-03-30 16:22:24,536.36
2022-03-30 16:22:29,536.36
2022-03-30 16:22:34,536.36
2022-03-30 16:22:39,536.36
2022-03-30 16:22:44,536.36
2022-03-30 16:22:49,536.36
2022-03-30 16:22:54,536.36
2022-03-30 16:22:59,536.36
2022-03-30 16:23:04,536.36
2022-03-30 16:23:09,536.42
2022-03-30 16:23:14,536.36
2022-03-30 16:23:19,536.36
2022-03-30 16:23:24,536.36
2022-03-30 16:23:29,536.35
2022-03-30 16:23:34,536.36
2022-03-30 16:23:39,536.36
2022-03-30 16:23:44,536.29
2022-03-30 16:23:49,536.29
2022-03-30 16:23:54,536.29
2022-03-30 16:23:59,536.26
2022-03-30 16:24:04,536.26
2022-03-30 16:24:09,536.26
2022-03-30 16:24:14,536.26
2022-03-30 16:24:19,536.19
2022-03-30 16:24:24,536.19
2022-03-30 16:24:29,536.13
2022-03-30 16:24:34,536.13
2022-03-30 16:24:39,536.06
2022-03-30 16:24:44,536.07
2022-03-30 16:24:49,536.07
2022-03-30 16:24:54,536.0
2022-03-30 16:24:59,535.97
2022-03-30 16:25:04,535.97
2022-03-30 16:25:09,535.9
2022-03-30 16:25:14,535.84
2022-03-30 16:25:19,535.84
2022-03-30 16:25:24,535.84
2022-03-30 16:25:29,535.77
2022-03-30 16:25:34,535.74
2022-03-30 16:25:39,535.74
2022-03-30 16:25:44,535.74
2022-03-30 16:25:49,535.68
2022-03-30 16:25:54,535.68
2022-03-30 16:25:59,535.61
2022-03-30 16:26:04,535.61
2022-03-30 16:26:09,535.55
2022-03-30 16:26:14,535.55
2022-03-30 16:26:19,535.55
2022-03-30 16:26:24,535.49
2022-03-30 16:26:29,535.49
2022-03-30 16:26:34,535.49
2022-03-30 16:26:39,535.49
2022-03-30 16:26:44,535.49
2022-03-30 16:26:49,535.45
2022-03-30 16:26:54,535.46
2022-03-30 16:26:59,535.46
2022-03-30 16:27:04,535.46
2022-03-30 16:27:09,535.46
2022-03-30 16:27:14,535.46
2022-03-30 16:27:19,535.4
2022-03-30 16:27:24,535.4
2022-03-30 16:27:29,535.46
2022-03-30 16:27:34,535.4
2022-03-30 16:27:39,535.4
2022-03-30 16:27:44,535.33
2022-03-30 16:27:49,535.4
2022-03-30 16:27:54,535.33
2022-03-30 16:27:59,535.33
2022-03-30 16:28:04,535.4
2022-03-30 16:28:09,535.4
2022-03-30 16:28:14,535.34
2022-03-30 16:28:19,535.4
2022-03-30 16:28:24,535.34
2022-03-30 16:28:29,535.34
2022-03-30 16:28:34,535.34
2022-03-30 16:28:39,535.34
2022-03-30 16:28:44,535.34
2022-03-30 16:28:49,535.34
2022-03-30 16:28:54,535.34
2022-03-30 16:28:59,535.34
2022-03-30 16:29:04,535.28
2022-03-30 16:29:09,535.35
2022-03-30 16:29:14,535.35
2022-03-30 16:29:19,535.35
2022-03-30 16:29:24,535.41
2022-03-30 16:29:29,535.41
2022-03-30 16:29:34,535.35
2022-03-30 16:29:39,535.41
2022-03-30 16:29:44,535.41
2022-03-30 16:29:49,535.41
2022-03-30 16:29:54,535.35
2022-03-30 16:29:59,535.41
2022-03-30 16:30:04,535.41
2022-03-30 16:30:09,535.35
2022-03-30 16:30:14,535.35
2022-03-30 16:30:19,535.41
2022-03-30 16:30:24,535.42
2022-03-30 16:30:29,535.35
2022-03-30 16:30:34,535.35
2022-03-30 16:30:39,535.35
2022-03-30 16:30:44,535.42
2022-03-30 16:30:49,535.35
2022-03-30 16:30:54,535.42
2022-03-30 16:30:59,535.42
2022-03-30 16:31:04,535.42
2022-03-30 16:31:09,535.42
2022-03-30 16:31:14,535.48
2022-03-30 16:31:19,535.48
2022-03-30 16:31:24,535.48
2022-03-30 16:31:29,535.48
2022-03-30 16:31:34,535.48
2022-03-30 16:31:39,535.48
2022-03-30 16:31:44,535.52
2022-03-30 16:31:49,535.52
2022-03-30 16:31:54,535.52
2022-03-30 16:31:59,535.52
2022-03-30 16:32:04,535.58
2022-03-30 16:32:09,535.58
2022-03-30 16:32:14,535.58
2022-03-30 16:32:19,535.58
2022-03-30 16:32:24,535.58
2022-03-30 16:32:29,535.64
2022-03-30 16:32:34,535.64
2022-03-30 16:32:39,535.58
2022-03-30 16:32:44,535.58
2022-03-30 16:32:49,535.58
2022-03-30 16:32:54,535.58
2022-03-30 16:32:59,535.58
2022-03-30 16:33:04,535.58
2022-03-30 16:33:09,535.58
2022-03-30 16:33:14,535.57
2022-03-30 16:33:19,535.58
2022-03-30 16:33:24,535.51
2022-03-30 16:33:29,535.51
2022-03-30 16:33:34,535.51
2022-03-30 16:33:39,535.51
2022-03-30 16:33:44,535.48
2022-03-30 16:33:49,535.41
2022-03-30 16:33:54,535.42
2022-03-30 16:33:59,535.41
2022-03-30 16:34:04,535.35
2022-03-30 16:34:09,535.41
2022-03-30 16:34:14,535.35
2022-03-30 16:34:19,535.41
2022-03-30 16:34:24,535.41
2022-03-30 16:34:29,535.35
2022-03-30 16:34:34,535.41
2022-03-30 16:34:39,535.35
2022-03-30 16:34:44,535.35
2022-03-30 16:34:49,535.35
2022-03-30 16:34:54,535.35
2022-03-30 16:34:59,535.41
2022-03-30 16:35:04,535.41
2022-03-30 16:35:09,535.41
2022-03-30 16:35:14,535.35
2022-03-30 16:35:19,535.35
2022-03-30 16:35:24,535.35
2022-03-30 16:35:29,535.42
2022-03-30 16:35:34,535.35
2022-03-30 16:35:39,535.35
2022-03-30 16:35:44,535.35
2022-03-30 16:35:49,535.35
2022-03-30 16:35:54,535.42
2022-03-30 16:35:59,535.29
2022-03-30 16:36:04,535.35
2022-03-30 16:36:09,535.29
2022-03-30 16:36:14,535.29
2022-03-30 16:36:19,535.29
2022-03-30 16:36:24,535.26
2022-03-30 16:36:29,535.26
2022-03-30 16:36:34,535.19
2022-03-30 16:36:39,535.13
2022-03-30 16:36:44,535.13
2022-03-30 16:36:49,535.14
2022-03-30 16:36:54,535.07
2022-03-30 16:36:59,535.07
2022-03-30 16:37:04,535.01
2022-03-30 16:37:09,535.01
2022-03-30 16:37:14,534.97
2022-03-30 16:37:19,534.98
2022-03-30 16:37:24,534.98
2022-03-30 16:37:29,534.91
2022-03-30 16:37:34,534.92
2022-03-30 16:37:39,534.92
2022-03-30 16:37:44,534.92
2022-03-30 16:37:49,534.85
2022-03-30 16:37:54,534.85
2022-03-30 16:37:59,534.85
2022-03-30 16:38:04,534.85
2022-03-30 16:38:09,534.79
2022-03-30 16:38:14,534.79
2022-03-30 16:38:19,534.76
2022-03-30 16:38:24,534.76
2022-03-30 16:38:29,534.76
2022-03-30 16:38:34,534.69
2022-03-30 16:38:39,534.7
2022-03-30 16:38:44,534.7
2022-03-30 16:38:49,534.7
2022-03-30 16:38:54,534.63
2022-03-30 16:38:59,534.63
2022-03-30 16:39:04,534.57
2022-03-30 16:39:09,534.57
2022-03-30 16:39:14,534.57
2022-03-30 16:39:19,534.51
2022-03-30 16:39:24,534.51
2022-03-30 16:39:29,534.47
2022-03-30 16:39:34,534.47
2022-03-30 16:39:39,534.47
2022-03-30 16:39:44,534.41
2022-03-30 16:39:49,534.35
2022-03-30 16:39:54,534.35
2022-03-30 16:39:59,534.25
2022-03-30 16:40:04,534.25
2022-03-30 16:40:09,534.19
2022-03-30 16:40:14,534.19
2022-03-30 16:40:19,534.06
2022-03-30 16:40:24,534.06
2022-03-30 16:40:29,533.99
2022-03-30 16:40:34,533.9
2022-03-30 16:40:39,533.83
2022-03-30 16:40:44,533.77
2022-03-30 16:40:49,533.73
2022-03-30 16:40:54,533.67
2022-03-30 16:40:59,533.54
2022-03-30 16:41:04,533.54
2022-03-30 16:41:09,533.48
2022-03-30 16:41:14,533.44
2022-03-30 16:41:19,533.38
2022-03-30 16:41:24,533.32
2022-03-30 16:41:29,533.25
2022-03-30 16:41:34,533.22
2022-03-30 16:41:39,533.09
2022-03-30 16:41:44,533.09
2022-03-30 16:41:49,532.96
2022-03-30 16:41:54,532.93
2022-03-30 16:41:59,532.93
2022-03-30 16:42:04,532.87
2022-03-30 16:42:09,532.74
2022-03-30 16:42:14,532.7
2022-03-30 16:42:19,532.7
2022-03-30 16:42:24,532.57
2022-03-30 16:42:29,532.45
2022-03-30 16:42:34,532.45
2022-03-30 16:42:39,532.41
2022-03-30 16:42:44,532.35
2022-03-30 16:42:49,532.22
2022-03-30 16:42:54,532.22
2022-03-30 16:42:59,532.12
2022-03-30 16:43:04,532.12
2022-03-30 16:43:09,531.99
2022-03-30 16:43:14,531.93
2022-03-30 16:43:19,531.9
2022-03-30 16:43:24,531.83
2022-03-30 16:43:29,531.76
2022-03-30 16:43:34,531.7
2022-03-30 16:43:39,531.67
2022-03-30 16:43:44,531.54
2022-03-30 16:43:49,531.48
2022-03-30 16:43:54,531.41
2022-03-30 16:43:59,531.38
2022-03-30 16:44:04,531.32
2022-03-30 16:44:09,531.19
2022-03-30 16:44:14,531.15
2022-03-30 16:44:19,531.03
2022-03-30 16:44:24,531.03
2022-03-30 16:44:29,530.96
2022-03-30 16:44:34,530.87
2022-03-30 16:44:39,530.8
2022-03-30 16:44:44,530.68
2022-03-30 16:44:49,530.64
2022-03-30 16:44:54,530.58
2022-03-30 16:44:59,530.52
2022-03-30 16:45:04,530.39
2022-03-30 16:45:09,530.29
2022-03-30 16:45:14,530.16
2022-03-30 16:45:19,530.13
2022-03-30 16:45:24,530.07
2022-03-30 16:45:29,529.94
2022-03-30 16:45:34,529.88
2022-03-30 16:45:39,529.78
2022-03-30 16:45:44,529.65
2022-03-30 16:45:49,529.56
2022-03-30 16:45:54,529.43
2022-03-30 16:45:59,529.33
2022-03-30 16:46:04,529.27
2022-03-30 16:46:09,529.14
2022-03-30 16:46:14,529.05
2022-03-30 16:46:19,528.92
2022-03-30 16:46:24,528.85
2022-03-30 16:46:29,528.76
2022-03-30 16:46:34,528.63
2022-03-30 16:46:39,528.53
2022-03-30 16:46:44,528.41
2022-03-30 16:46:49,528.34
2022-03-30 16:46:54,528.25
2022-03-30 16:46:59,528.18
2022-03-30 16:47:04,528.09
2022-03-30 16:47:09,528.02
2022-03-30 16:47:14,527.89
2022-03-30 16:47:19,527.8
2022-03-30 16:47:24,527.8
2022-03-30 16:47:29,527.73
2022-03-30 16:47:34,527.61
2022-03-30 16:47:39,537.71
2022-03-30 16:47:44,527.58
2022-03-30 16:47:49,527.51
2022-03-30 16:47:54,527.45
2022-03-30 16:47:59,527.45
2022-03-30 16:48:04,527.39
2022-03-30 16:48:09,527.32
2022-03-30 16:48:14,527.32
2022-03-30 16:48:19,527.32
2022-03-30 16:48:24,527.29
2022-03-30 16:48:29,527.29
2022-03-30 16:48:34,527.29
2022-03-30 16:48:39,527.29
2022-03-30 16:48:44,527.29
2022-03-30 16:48:49,527.29
2022-03-30 16:48:54,527.29
2022-03-30 16:48:59,527.32
2022-03-30 16:49:04,527.32
2022-03-30 16:49:09,527.32
2022-03-30 16:49:14,527.39
2022-03-30 16:49:19,527.39
2022-03-30 16:49:24,527.45
2022-03-30 16:49:29,527.45
2022-03-30 16:49:34,527.58
2022-03-30 16:49:39,527.58
2022-03-30 16:49:44,527.62
2022-03-30 16:49:49,527.68
2022-03-30 16:49:54,527.74
2022-03-30 16:49:59,527.81
2022-03-30 16:50:04,527.84
2022-03-30 16:50:09,527.97
2022-03-30 16:50:14,528.03
2022-03-30 16:50:19,528.1
2022-03-30 16:50:24,537.71
2022-03-30 16:50:29,528.2
2022-03-30 16:50:34,528.26
2022-03-30 16:50:39,528.36
2022-03-30 16:50:44,528.42
2022-03-30 16:50:49,528.48
2022-03-30 16:50:54,528.55
2022-03-30 16:50:59,528.64
2022-03-30 16:51:04,528.71
2022-03-30 16:51:09,528.84
2022-03-30 16:51:14,528.87
2022-03-30 16:51:19,529.0
2022-03-30 16:51:24,529.13
2022-03-30 16:51:29,529.16
2022-03-30 16:51:34,529.29
2022-03-30 16:51:39,529.38
2022-03-30 16:51:44,529.45
2022-03-30 16:51:49,529.58
2022-03-30 16:51:54,529.64
2022-03-30 16:51:59,529.74
2022-03-30 16:52:04,529.8
2022-03-30 16:52:09,529.96
2022-03-30 16:52:14,530.03
2022-03-30 16:52:19,530.09
2022-03-30 16:52:24,530.19
2022-03-30 16:52:29,530.25
2022-03-30 16:52:34,530.38
2022-03-30 16:52:39,530.41
2022-03-30 16:52:44,530.54
2022-03-30 16:52:49,530.67
2022-03-30 16:52:54,530.7
2022-03-30 16:52:59,530.77
2022-03-30 16:53:04,530.89
2022-03-30 16:53:09,530.99
2022-03-30 16:53:14,531.06
2022-03-30 16:53:19,531.19
2022-03-30 16:53:24,531.28
2022-03-30 16:53:29,531.41
2022-03-30 16:53:34,531.45
2022-03-30 16:53:39,531.57
2022-03-30 16:53:44,531.7
2022-03-30 16:53:49,531.8
2022-03-30 16:53:54,531.87
2022-03-30 16:53:59,537.71
2022-03-30 16:54:04,532.09
2022-03-30 16:54:09,532.22
2022-03-30 16:54:14,532.32
2022-03-30 16:54:19,532.38
2022-03-30 16:54:24,532.48
2022-03-30 16:54:29,532.68
2022-03-30 16:54:34,532.74
2022-03-30 16:54:39,532.84
2022-03-30 16:54:44,532.9
2022-03-30 16:54:49,533.06
2022-03-30 16:54:54,533.19
2022-03-30 16:54:59,533.29
2022-03-30 16:55:04,533.42
2022-03-30 16:55:09,533.51
2022-03-30 16:55:14,533.58
2022-03-30 16:55:19,533.71
2022-03-30 16:55:24,533.81
2022-03-30 16:55:29,533.94
2022-03-30 16:55:34,534.04
2022-03-30 16:55:39,534.17
2022-03-30 16:55:44,534.29
2022-03-30 16:55:49,534.33
2022-03-30 16:55:54,534.52
2022-03-30 16:55:59,534.55
2022-03-30 16:56:04,534.68
2022-03-30 16:56:09,534.81
2022-03-30 16:56:14,534.91
2022-03-30 16:56:19,535.04
2022-03-30 16:56:24,535.07
2022-03-30 16:56:29,535.27
2022-03-30 16:56:34,535.36
2022-03-30 16:56:39,535.43
2022-03-30 16:56:44,535.56
2022-03-30 16:56:49,535.65
2022-03-30 16:56:54,535.72
2022-03-30 16:56:59,535.88
2022-03-30 16:57:04,535.94
2022-03-30 16:57:09,536.01
2022-03-30 16:57:14,536.17
2022-03-30 16:57:19,536.24
2022-03-30 16:57:24,536.36
2022-03-30 16:57:29,536.4
2022-03-30 16:57:34,536.53
2022-03-30 16:57:39,536.59
2022-03-30 16:57:44,536.75
2022-03-30 16:57:49,536.82
2022-03-30 16:57:54,536.91
2022-03-30 16:57:59,536.98
2022-03-30 16:58:04,537.11
2022-03-30 16:58:09,537.2
2022-03-30 16:58:14,537.27
2022-03-30 16:58:19,537.4
2022-03-30 16:58:24,537.49
2022-03-30 16:58:29,537.62
2022-03-30 16:58:34,537.66
2022-03-30 16:58:39,537.72
2022-03-30 16:58:44,537.85
2022-03-30 16:58:49,537.92
2022-03-30 16:58:54,538.01
2022-03-30 16:58:59,538.08
2022-03-30 16:59:04,538.14
2022-03-30 16:59:09,538.18
2022-03-30 16:59:14,538.3
2022-03-30 16:59:19,538.43
2022-03-30 16:59:24,538.46
2022-03-30 16:59:29,538.52
2022-03-30 16:59:34,538.65
2022-03-30 16:59:39,538.65
2022-03-30 16:59:44,538.75
2022-03-30 16:59:49,538.81
2022-03-30 16:59:54,538.88
2022-03-30 16:59:59,538.94
2022-03-30 17:00:04,539.04
2022-03-30 17:00:09,539.1
2022-03-30 17:00:14,539.17
2022-03-30 17:00:19,539.2
2022-03-30 17:00:24,539.26
2022-03-30 17:00:29,539.33
2022-03-30 17:00:34,539.33
2022-03-30 17:00:39,539.46
2022-03-30 17:00:44,539.49
2022-03-30 17:00:49,539.49
2022-03-30 17:00:54,539.55
2022-03-30 17:00:59,539.62
2022-03-30 17:01:04,539.62
2022-03-30 17:01:09,539.68
2022-03-30 17:01:14,539.68
2022-03-30 17:01:19,539.71
2022-03-30 17:01:24,539.72
2022-03-30 17:01:29,539.78
2022-03-30 17:01:34,539.78
2022-03-30 17:01:39,539.84
2022-03-30 17:01:44,539.91
2022-03-30 17:01:49,539.91
2022-03-30 17:01:54,539.91
2022-03-30 17:01:59,539.91
2022-03-30 17:02:04,539.91
2022-03-30 17:02:09,539.97
2022-03-30 17:02:14,539.97
2022-03-30 17:02:19,539.97
2022-03-30 17:02:24,539.97
2022-03-30 17:02:29,539.91
2022-03-30 17:02:34,539.91
2022-03-30 17:02:39,539.91
2022-03-30 17:02:44,539.98
2022-03-30 17:02:49,539.98
2022-03-30 17:02:54,539.98
2022-03-30 17:02:59,539.91
2022-03-30 17:03:04,539.91
2022-03-30 17:03:09,539.92
2022-03-30 17:03:14,539.91
2022-03-30 17:03:19,539.85
2022-03-30 17:03:24,539.79
2022-03-30 17:03:29,539.85
2022-03-30 17:03:34,539.85
2022-03-30 17:03:39,539.79
2022-03-30 17:03:44,539.79
2022-03-30 17:03:49,539.79
2022-03-30 17:03:54,539.72
2022-03-30 17:03:59,539.72
2022-03-30 17:04:04,539.7
2022-03-30 17:04:09,539.7
2022-03-30 17:04:14,539.73
2022-03-30 17:04:19,539.7
2022-03-30 17:04:24,539.7
2022-03-30 17:04:29,539.7
2022-03-30 17:04:34,539.64
2022-03-30 17:04:39,539.64
2022-03-30 17:04:44,539.7
2022-03-30 17:04:49,539.64
2022-03-30 17:04:54,539.64
2022-03-30 17:04:59,539.64
2022-03-30 17:05:04,539.64
2022-03-30 17:05:09,539.58
2022-03-30 17:05:14,539.58
2022-03-30 17:05:19,539.58
2022-03-30 17:05:24,539.58
2022-03-30 17:05:29,539.58
2022-03-30 17:05:34,539.58
2022-03-30 17:05:39,539.58
2022-03-30 17:05:44,539.58
2022-03-30 17:05:49,539.65
2022-03-30 17:05:54,539.65
2022-03-30 17:05:59,539.65
2022-03-30 17:06:04,539.65
2022-03-30 17:06:09,539.65
2022-03-30 17:06:14,539.71
2022-03-30 17:06:19,539.71
2022-03-30 17:06:24,539.71
2022-03-30 17:06:29,539.75
2022-03-30 17:06:34,539.75
2022-03-30 17:06:39,539.81
2022-03-30 17:06:44,539.81
2022-03-30 17:06:49,539.81
2022-03-30 17:06:54,539.81
2022-03-30 17:06:59,539.88
2022-03-30 17:07:04,539.88
2022-03-30 17:07:09,539.88
2022-03-30 17:07:14,539.88
2022-03-30 17:07:19,539.88
2022-03-30 17:07:24,539.88
2022-03-30 17:07:29,539.88
2022-03-30 17:07:34,539.94
2022-03-30 17:07:39,539.94
2022-03-30 17:07:44,539.94
2022-03-30 17:07:49,539.94
2022-03-30 17:07:54,539.94
2022-03-30 17:07:59,539.94
2022-03-30 17:08:04,539.94
2022-03-30 17:08:09,539.88
2022-03-30 17:08:14,539.88
2022-03-30 17:08:19,539.88
2022-03-30 17:08:24,539.81
2022-03-30 17:08:29,539.81
2022-03-30 17:08:34,539.81
2022-03-30 17:08:39,539.81
2022-03-30 17:08:44,539.75
2022-03-30 17:08:49,539.75
2022-03-30 17:08:54,539.72
2022-03-30 17:08:59,539.65
2022-03-30 17:09:04,539.65
2022-03-30 17:09:09,539.59
2022-03-30 17:09:14,539.59
2022-03-30 17:09:19,539.52
2022-03-30 17:09:24,539.49
2022-03-30 17:09:29,539.43
2022-03-30 17:09:34,539.43
2022-03-30 17:09:39,539.36
2022-03-30 17:09:44,539.3
2022-03-30 17:09:49,539.29
2022-03-30 17:09:54,539.2
2022-03-30 17:09:59,539.2
2022-03-30 17:10:04,539.13
2022-03-30 17:10:09,539.07
2022-03-30 17:10:14,538.97
2022-03-30 17:10:19,538.97
2022-03-30 17:10:24,538.91
2022-03-30 17:10:29,538.78
2022-03-30 17:10:34,538.78
2022-03-30 17:10:39,538.72
2022-03-30 17:10:44,538.68
2022-03-30 17:10:49,538.68
2022-03-30 17:10:54,538.62
2022-03-30 17:10:59,538.55
2022-03-30 17:11:04,538.49
2022-03-30 17:11:09,538.46
2022-03-30 17:11:14,538.39
2022-03-30 17:11:19,538.39
2022-03-30 17:11:24,538.33
2022-03-30 17:11:29,538.27
2022-03-30 17:11:34,538.2
2022-03-30 17:11:39,538.17
2022-03-30 17:11:44,538.11
2022-03-30 17:11:49,538.04
2022-03-30 17:11:54,537.98
2022-03-30 17:11:59,537.98
2022-03-30 17:12:04,537.88
2022-03-30 17:12:09,537.82
2022-03-30 17:12:14,537.75
2022-03-30 17:12:19,537.75
2022-03-30 17:12:24,537.69
2022-03-30 17:12:29,537.66
2022-03-30 17:12:34,537.66
2022-03-30 17:12:39,537.6
2022-03-30 17:12:44,537.53
2022-03-30 17:12:49,537.47
2022-03-30 17:12:54,537.47
2022-03-30 17:12:59,537.44
2022-03-30 17:13:04,537.44
2022-03-30 17:13:09,537.38
2022-03-30 17:13:14,537.38
2022-03-30 17:13:19,537.38
2022-03-30 17:13:24,537.38
2022-03-30 17:13:29,537.32
2022-03-30 17:13:34,537.25
2022-03-30 17:13:39,537.32
2022-03-30 17:13:44,537.25
2022-03-30 17:13:49,537.25
2022-03-30 17:13:54,537.26
2022-03-30 17:13:59,537.26
2022-03-30 17:14:04,537.26
2022-03-30 17:14:09,537.26
2022-03-30 17:14:14,537.26
2022-03-30 17:14:19,537.26
2022-03-30 17:14:24,537.26
2022-03-30 17:14:29,537.19
2022-03-30 17:14:34,537.2
2022-03-30 17:14:39,537.2
2022-03-30 17:14:44,537.2
2022-03-30 17:14:49,537.2
2022-03-30 17:14:54,537.2
2022-03-30 17:14:59,537.2
2022-03-30 17:15:04,537.2
2022-03-30 17:15:09,537.2
2022-03-30 17:15:14,537.2
2022-03-30 17:15:19,537.2
2022-03-30 17:15:24,537.26
2022-03-30 17:15:29,537.26
2022-03-30 17:15:34,537.27
2022-03-30 17:15:39,537.33
2022-03-30 17:15:44,537.33
2022-03-30 17:15:49,537.33
2022-03-30 17:15:54,537.4
2022-03-30 17:15:59,537.4
2022-03-30 17:16:04,537.4
2022-03-30 17:16:09,537.4
2022-03-30 17:16:14,537.46
2022-03-30 17:16:19,537.49
2022-03-30 17:16:24,537.56
2022-03-30 17:16:29,537.56
2022-03-30 17:16:34,537.56
2022-03-30 17:16:39,537.62
2022-03-30 17:16:44,537.62
2022-03-30 17:16:49,537.69
2022-03-30 17:16:54,537.72
2022-03-30 17:16:59,537.72
2022-03-30 17:17:04,537.79
2022-03-30 17:17:09,537.85
2022-03-30 17:17:14,537.85
2022-03-30 17:17:19,537.91
2022-03-30 17:17:24,537.98
2022-03-30 17:17:29,537.98
2022-03-30 17:17:34,538.01
2022-03-30 17:17:39,538.07
2022-03-30 17:17:44,538.07
2022-03-30 17:17:49,538.14
2022-03-30 17:17:54,538.2
2022-03-30 17:17:59,538.2
2022-03-30 17:18:04,538.23
2022-03-30 17:18:09,538.23
2022-03-30 17:18:14,537.71
2022-03-30 17:18:19,538.43
2022-03-30 17:18:24,538.36
2022-03-30 17:18:29,538.43
2022-03-30 17:18:34,538.49
2022-03-30 17:18:39,538.49
2022-03-30 17:18:44,538.52
2022-03-30 17:18:49,538.52
2022-03-30 17:18:54,538.59
2022-03-30 17:18:59,538.65
2022-03-30 17:19:04,538.72
2022-03-30 17:19:09,538.71
2022-03-30 17:19:14,538.75
2022-03-30 17:19:19,538.75
2022-03-30 17:19:24,538.81
2022-03-30 17:19:29,538.81
2022-03-30 17:19:34,538.81
2022-03-30 17:19:39,538.81
2022-03-30 17:19:44,538.87
2022-03-30 17:19:49,538.87
2022-03-30 17:19:54,538.94
2022-03-30 17:19:59,538.94
2022-03-30 17:20:04,538.94
2022-03-30 17:20:09,538.94
2022-03-30 17:20:14,538.94
2022-03-30 17:20:19,539.04
2022-03-30 17:20:24,539.04
2022-03-30 17:20:29,539.0
2022-03-30 17:20:34,539.04
2022-03-30 17:20:39,539.04
2022-03-30 17:20:44,539.04
2022-03-30 17:20:49,539.04
2022-03-30 17:20:54,539.1
2022-03-30 17:20:59,539.1
2022-03-30 17:21:04,539.11
2022-03-30 17:21:09,539.1
2022-03-30 17:21:14,539.11
2022-03-30 17:21:19,539.11
2022-03-30 17:21:24,539.17
2022-03-30 17:21:29,539.17
2022-03-30 17:21:34,539.17
2022-03-30 17:21:39,539.17
2022-03-30 17:21:44,539.17
2022-03-30 17:21:49,539.11
2022-03-30 17:21:54,539.17
2022-03-30 17:21:59,539.18
2022-03-30 17:22:04,539.18
2022-03-30 17:22:09,539.18
2022-03-30 17:22:14,539.18
2022-03-30 17:22:19,539.12
2022-03-30 17:22:24,539.11
2022-03-30 17:22:29,539.12
2022-03-30 17:22:34,539.18
2022-03-30 17:22:39,539.12
2022-03-30 17:22:44,539.12
2022-03-30 17:22:49,539.12
2022-03-30 17:22:54,539.06
2022-03-30 17:22:59,539.06
2022-03-30 17:23:04,539.12
2022-03-30 17:23:09,539.06
2022-03-30 17:23:14,539.06
2022-03-30 17:23:19,539.06
2022-03-30 17:23:24,539.06
2022-03-30 17:23:29,539.06
2022-03-30 17:23:34,539.13
2022-03-30 17:23:39,539.06
2022-03-30 17:23:44,539.06
2022-03-30 17:23:49,539.06
2022-03-30 17:23:54,539.06
2022-03-30 17:23:59,539.07
2022-03-30 17:24:04,539.07
2022-03-30 17:24:09,539.03
2022-03-30 17:24:14,539.03
2022-03-30 17:24:19,539.07
2022-03-30 17:24:24,539.03
2022-03-30 17:24:29,539.03
2022-03-30 17:24:34,539.03
2022-03-30 17:24:39,539.03
2022-03-30 17:24:44,539.03
2022-03-30 17:24:49,539.03
2022-03-30 17:24:54,538.97
2022-03-30 17:24:59,538.97
2022-03-30 17:25:04,538.97
2022-03-30 17:25:09,538.91
2022-03-30 17:25:14,538.97
2022-03-30 17:25:19,538.91
2022-03-30 17:25:24,538.97
2022-03-30 17:25:29,538.91
2022-03-30 17:25:34,538.91
2022-03-30 17:25:39,538.84
2022-03-30 17:25:44,538.84
2022-03-30 17:25:49,538.84
2022-03-30 17:25:54,538.78
2022-03-30 17:25:59,538.84
2022-03-30 17:26:04,538.78
2022-03-30 17:26:09,538.78
2022-03-30 17:26:14,538.78
2022-03-30 17:26:19,538.78
2022-03-30 17:26:24,538.75
2022-03-30 17:26:29,538.75
2022-03-30 17:26:34,538.75
2022-03-30 17:26:39,538.68
2022-03-30 17:26:44,538.75
2022-03-30 17:26:49,538.75
2022-03-30 17:26:54,538.68
2022-03-30 17:26:59,538.68
2022-03-30 17:27:04,538.68
2022-03-30 17:27:09,538.68
2022-03-30 17:27:14,538.68
2022-03-30 17:27:19,538.68
2022-03-30 17:27:24,538.75
2022-03-30 17:27:29,538.75
2022-03-30 17:27:34,538.75
2022-03-30 17:27:39,538.78
2022-03-30 17:27:44,538.75
2022-03-30 17:27:49,538.75
2022-03-30 17:27:54,538.75
2022-03-30 17:27:59,538.74
2022-03-30 17:28:04,538.75
2022-03-30 17:28:09,538.74
2022-03-30 17:28:14,538.75
2022-03-30 17:28:19,538.75
2022-03-30 17:28:24,538.78
2022-03-30 17:28:29,538.74
2022-03-30 17:28:34,538.78
2022-03-30 17:28:39,538.78
2022-03-30 17:28:44,538.78
2022-03-30 17:28:49,538.78
2022-03-30 17:28:54,538.78
2022-03-30 17:28:59,538.78
2022-03-30 17:29:04,538.78
2022-03-30 17:29:09,538.85
2022-03-30 17:29:14,538.85
2022-03-30 17:29:19,538.85
2022-03-30 17:29:24,538.78
2022-03-30 17:29:29,538.78
2022-03-30 17:29:34,538.78
2022-03-30 17:29:39,538.78
2022-03-30 17:29:44,538.78
2022-03-30 17:29:49,538.75
2022-03-30 17:29:54,538.78
2022-03-30 17:29:59,538.78
2022-03-30 17:30:04,538.75
2022-03-30 17:30:09,538.79
2022-03-30 17:30:14,538.75
2022-03-30 17:30:19,538.75
2022-03-30 17:30:24,538.79
2022-03-30 17:30:29,538.76
2022-03-30 17:30:34,538.76
2022-03-30 17:30:39,538.76
2022-03-30 17:30:44,538.76
2022-03-30 17:30:49,538.69
2022-03-30 17:30:54,538.7
2022-03-30 17:30:59,538.63
2022-03-30 17:31:04,538.69
2022-03-30 17:31:09,538.63
2022-03-30 17:31:14,538.63
2022-03-30 17:31:19,538.63
2022-03-30 17:31:24,538.57
2022-03-30 17:31:29,538.57
2022-03-30 17:31:34,538.54
2022-03-30 17:31:39,538.54
2022-03-30 17:31:44,538.57
2022-03-30 17:31:49,538.48
2022-03-30 17:31:54,538.48
2022-03-30 17:31:59,538.48
2022-03-30 17:32:04,538.42
2022-03-30 17:32:09,538.42
2022-03-30 17:32:14,538.42
2022-03-30 17:32:19,538.42
2022-03-30 17:32:24,538.42
2022-03-30 17:32:29,538.35
2022-03-30 17:32:34,538.42
2022-03-30 17:32:39,538.36
2022-03-30 17:32:44,538.36
2022-03-30 17:32:49,538.36
2022-03-30 17:32:54,538.36
2022-03-30 17:32:59,538.36
2022-03-30 17:33:04,538.36
2022-03-30 17:33:09,538.3
2022-03-30 17:33:14,538.3
2022-03-30 17:33:19,538.3
2022-03-30 17:33:24,538.3
2022-03-30 17:33:29,538.3
2022-03-30 17:33:34,538.3
2022-03-30 17:33:39,538.27
2022-03-30 17:33:44,538.21
2022-03-30 17:33:49,538.27
2022-03-30 17:33:54,538.27
2022-03-30 17:33:59,538.21
2022-03-30 17:34:04,538.28
2022-03-30 17:34:09,538.28
2022-03-30 17:34:14,538.21
2022-03-30 17:34:19,538.22
2022-03-30 17:34:24,538.28
2022-03-30 17:34:29,538.22
2022-03-30 17:34:34,538.22
2022-03-30 17:34:39,538.22
2022-03-30 17:34:44,538.22
2022-03-30 17:34:49,538.22
2022-03-30 17:34:54,538.22
2022-03-30 17:34:59,538.28
2022-03-30 17:35:04,538.22
2022-03-30 17:35:09,538.29
2022-03-30 17:35:14,538.22
2022-03-30 17:35:19,538.16
2022-03-30 17:35:24,538.16
2022-03-30 17:35:29,538.23
2022-03-30 17:35:34,538.16
2022-03-30 17:35:39,538.1
2022-03-30 17:35:44,538.16
2022-03-30 17:35:49,538.07
2022-03-30 17:35:54,538.1
2022-03-30 17:35:59,538.07
2022-03-30 17:36:04,538.01
2022-03-30 17:36:09,538.01
2022-03-30 17:36:14,537.94
2022-03-30 17:36:19,538.01
2022-03-30 17:36:24,537.95
2022-03-30 17:36:29,537.95
2022-03-30 17:36:34,537.88
2022-03-30 17:36:39,537.95
2022-03-30 17:36:44,537.95
2022-03-30 17:36:49,537.95
2022-03-30 17:36:54,537.89
2022-03-30 17:36:59,537.89
2022-03-30 17:37:04,537.83
2022-03-30 17:37:09,537.89
2022-03-30 17:37:14,537.83
2022-03-30 17:37:19,537.8
2022-03-30 17:37:24,537.8
2022-03-30 17:37:29,537.8
2022-03-30 17:37:34,537.74
2022-03-30 17:37:39,537.74
2022-03-30 17:37:44,537.68
2022-03-30 17:37:49,537.67
2022-03-30 17:37:54,537.67
2022-03-30 17:37:59,537.68
2022-03-30 17:38:04,537.61
2022-03-30 17:38:09,537.62
2022-03-30 17:38:14,537.62
2022-03-30 17:38:19,537.62
2022-03-30 17:38:24,537.59
2022-03-30 17:38:29,537.59
2022-03-30 17:38:34,537.59
2022-03-30 17:38:39,537.59
2022-03-30 17:38:44,537.53
2022-03-30 17:38:49,537.53
2022-03-30 17:38:54,537.46
2022-03-30 17:38:59,537.47
2022-03-30 17:39:04,537.47
2022-03-30 17:39:09,537.41
2022-03-30 17:39:14,537.4
2022-03-30 17:39:19,537.34
2022-03-30 17:39:24,537.41
2022-03-30 17:39:29,537.35
2022-03-30 17:39:34,537.31
2022-03-30 17:39:39,537.31
2022-03-30 17:39:44,537.32
2022-03-30 17:39:49,537.25
2022-03-30 17:39:54,537.26
2022-03-30 17:39:59,537.26
2022-03-30 17:40:04,537.26
2022-03-30 17:40:09,537.19
2022-03-30 17:40:14,537.19
2022-03-30 17:40:19,537.19
2022-03-30 17:40:24,537.2
2022-03-30 17:40:29,537.14
2022-03-30 17:40:34,537.14
2022-03-30 17:40:39,537.1
2022-03-30 17:40:44,537.14
2022-03-30 17:40:49,537.11
2022-03-30 17:40:54,537.11
2022-03-30 17:40:59,537.04
2022-03-30 17:41:04,537.04
2022-03-30 17:41:09,537.05
2022-03-30 17:41:14,536.98
2022-03-30 17:41:19,536.92
2022-03-30 17:41:24,536.98
2022-03-30 17:41:29,536.86
2022-03-30 17:41:34,536.92
2022-03-30 17:41:39,536.86
2022-03-30 17:41:44,536.86
2022-03-30 17:41:49,536.86
2022-03-30 17:41:54,536.86
2022-03-30 17:41:59,536.86
2022-03-30 17:42:04,536.83
2022-03-30 17:42:09,536.83
2022-03-30 17:42:14,536.83
2022-03-30 17:42:19,536.77
2022-03-30 17:42:24,536.77
2022-03-30 17:42:29,536.77
2022-03-30 17:42:34,536.77
2022-03-30 17:42:39,536.64
2022-03-30 17:42:44,536.64
2022-03-30 17:42:49,536.64
2022-03-30 17:42:54,536.64
2022-03-30 17:42:59,536.61
2022-03-30 17:43:04,536.55
2022-03-30 17:43:09,536.55
2022-03-30 17:43:14,536.48
2022-03-30 17:43:19,536.49
2022-03-30 17:43:24,536.42
2022-03-30 17:43:29,536.42
2022-03-30 17:43:34,536.42
2022-03-30 17:43:39,536.32
2022-03-30 17:43:44,536.36
2022-03-30 17:43:49,536.33
2022-03-30 17:43:54,536.26
2022-03-30 17:43:59,536.26
2022-03-30 17:44:04,536.2
2022-03-30 17:44:09,536.2
2022-03-30 17:44:14,536.1
2022-03-30 17:44:19,536.13
2022-03-30 17:44:24,536.1
2022-03-30 17:44:29,536.11
2022-03-30 17:44:34,536.04
2022-03-30 17:44:39,536.04
2022-03-30 17:44:44,536.04
2022-03-30 17:44:49,536.04
2022-03-30 17:44:54,535.98
2022-03-30 17:44:59,535.98
2022-03-30 17:45:04,535.98
2022-03-30 17:45:09,535.92
2022-03-30 17:45:14,535.92
2022-03-30 17:45:19,535.85
2022-03-30 17:45:24,535.82
2022-03-30 17:45:29,535.82
2022-03-30 17:45:34,535.82
2022-03-30 17:45:39,535.82
2022-03-30 17:45:44,535.82
2022-03-30 17:45:49,535.76
2022-03-30 17:45:54,535.76
2022-03-30 17:45:59,535.69
2022-03-30 17:46:04,535.69
2022-03-30 17:46:09,535.76
2022-03-30 17:46:14,535.7
2022-03-30 17:46:19,535.7
2022-03-30 17:46:24,535.7
2022-03-30 17:46:29,535.7
2022-03-30 17:46:34,535.7
2022-03-30 17:46:39,535.7
2022-03-30 17:46:44,535.7
2022-03-30 17:46:49,535.7
2022-03-30 17:46:54,535.7
2022-03-30 17:46:59,535.7
2022-03-30 17:47:04,535.71
2022-03-30 17:47:09,535.71
2022-03-30 17:47:14,535.71
2022-03-30 17:47:19,535.64
2022-03-30 17:47:24,535.71
2022-03-30 17:47:29,535.71
2022-03-30 17:47:34,535.71
2022-03-30 17:47:39,535.71
2022-03-30 17:47:44,535.71
2022-03-30 17:47:49,535.65
2022-03-30 17:47:54,535.71
2022-03-30 17:47:59,535.71
2022-03-30 17:48:04,535.71
2022-03-30 17:48:09,535.65
2022-03-30 17:48:14,535.65
2022-03-30 17:48:19,535.65
2022-03-30 17:48:24,535.72
2022-03-30 17:48:29,535.72
2022-03-30 17:48:34,535.72
2022-03-30 17:48:39,535.66
2022-03-30 17:48:44,535.79
2022-03-30 17:48:49,535.72
2022-03-30 17:48:54,535.72
2022-03-30 17:48:59,535.79
2022-03-30 17:49:04,535.86
2022-03-30 17:49:09,535.85
2022-03-30 17:49:14,535.86
2022-03-30 17:49:19,535.95
2022-03-30 17:49:24,535.95
2022-03-30 17:49:29,535.95
2022-03-30 17:49:34,536.02
2022-03-30 17:49:39,536.08
2022-03-30 17:49:44,536.09
2022-03-30 17:49:49,536.15
2022-03-30 17:49:54,536.15
2022-03-30 17:49:59,536.15
2022-03-30 17:50:04,536.18
2022-03-30 17:50:09,536.25
2022-03-30 17:50:14,536.25
2022-03-30 17:50:19,536.25
2022-03-30 17:50:24,536.32
2022-03-30 17:50:29,536.38
2022-03-30 17:50:34,536.38
2022-03-30 17:50:39,536.48
2022-03-30 17:50:44,536.41
2022-03-30 17:50:49,536.48
2022-03-30 17:50:54,536.48
2022-03-30 17:50:59,536.48
2022-03-30 17:51:04,536.55
2022-03-30 17:51:09,536.55
2022-03-30 17:51:14,536.54
2022-03-30 17:51:19,536.61
2022-03-30 17:51:24,536.61
2022-03-30 17:51:29,536.61
2022-03-30 17:51:34,536.67
2022-03-30 17:51:39,536.68
2022-03-30 17:51:44,536.67
2022-03-30 17:51:49,536.71
2022-03-30 17:51:54,536.71
2022-03-30 17:51:59,536.71
2022-03-30 17:52:04,536.71
2022-03-30 17:52:09,536.71
2022-03-30 17:52:14,536.71
2022-03-30 17:52:19,536.78
2022-03-30 17:52:24,536.77
2022-03-30 17:52:29,536.77
2022-03-30 17:52:34,536.84
2022-03-30 17:52:39,536.84
2022-03-30 17:52:44,536.9
2022-03-30 17:52:49,536.84
2022-03-30 17:52:54,536.9
2022-03-30 17:52:59,536.94
2022-03-30 17:53:04,536.93
2022-03-30 17:53:09,536.9
2022-03-30 17:53:14,536.94
2022-03-30 17:53:19,536.94
2022-03-30 17:53:24,537.0
2022-03-30 17:53:29,537.0
2022-03-30 17:53:34,537.0
2022-03-30 17:53:39,537.06
2022-03-30 17:53:44,537.06
2022-03-30 17:53:49,537.06
2022-03-30 17:53:54,537.07
2022-03-30 17:53:59,537.07
2022-03-30 17:54:04,537.07
2022-03-30 17:54:09,537.13
2022-03-30 17:54:14,537.13
2022-03-30 17:54:19,537.13
2022-03-30 17:54:24,537.13
2022-03-30 17:54:29,537.13
2022-03-30 17:54:34,537.13
2022-03-30 17:54:39,537.2
2022-03-30 17:54:44,537.2
2022-03-30 17:54:49,537.13
2022-03-30 17:54:54,537.2
2022-03-30 17:54:59,537.2
2022-03-30 17:55:04,537.14
2022-03-30 17:55:09,537.2
2022-03-30 17:55:14,537.23
2022-03-30 17:55:19,537.23
2022-03-30 17:55:24,537.2
2022-03-30 17:55:29,537.23
2022-03-30 17:55:34,537.23
2022-03-30 17:55:39,537.24
2022-03-30 17:55:44,537.3
2022-03-30 17:55:49,537.3
2022-03-30 17:55:54,537.36
2022-03-30 17:55:59,537.36
2022-03-30 17:56:04,537.37
2022-03-30 17:56:09,537.43
2022-03-30 17:56:14,537.43
2022-03-30 17:56:19,537.47
2022-03-30 17:56:24,537.53
2022-03-30 17:56:29,537.47
2022-03-30 17:56:34,537.53
2022-03-30 17:56:39,537.6
2022-03-30 17:56:44,537.67
2022-03-30 17:56:49,537.66
2022-03-30 17:56:54,537.66
2022-03-30 17:56:59,537.73
2022-03-30 17:57:04,537.76
2022-03-30 17:57:09,537.76
2022-03-30 17:57:14,537.83
2022-03-30 17:57:19,537.76
2022-03-30 17:57:24,537.83
2022-03-30 17:57:29,537.9
2022-03-30 17:57:34,537.96
2022-03-30 17:57:39,537.96
2022-03-30 17:57:44,538.0
2022-03-30 17:57:49,538.06
2022-03-30 17:57:54,538.0
2022-03-30 17:57:59,538.06
2022-03-30 17:58:04,538.06
2022-03-30 17:58:09,538.0
2022-03-30 17:58:14,538.06
2022-03-30 17:58:19,538.06
2022-03-30 17:58:24,538.0
2022-03-30 17:58:29,538.0
2022-03-30 17:58:34,537.97
2022-03-30 17:58:39,537.97
2022-03-30 17:58:44,537.97
2022-03-30 17:58:49,537.91
2022-03-30 17:58:54,537.91
2022-03-30 17:58:59,537.84
2022-03-30 17:59:04,537.78
2022-03-30 17:59:09,537.75
2022-03-30 17:59:14,537.68
2022-03-30 17:59:19,537.62
2022-03-30 17:59:24,537.55
2022-03-30 17:59:29,537.49
2022-03-30 17:59:34,537.46
2022-03-30 17:59:39,537.33
2022-03-30 17:59:44,537.27
2022-03-30 17:59:49,537.23
2022-03-30 17:59:54,537.17
2022-03-30 17:59:59,537.04
2022-03-30 18:00:04,536.94
2022-03-30 18:00:09,536.88
2022-03-30 18:00:14,536.82
2022-03-30 18:00:19,536.72
2022-03-30 18:00:24,536.66
2022-03-30 18:00:29,536.59
2022-03-30 18:00:34,536.47
2022-03-30 18:00:39,536.37
2022-03-30 18:00:44,536.3
2022-03-30 18:00:49,536.21
2022-03-30 18:00:54,536.08
2022-03-30 18:00:59,536.01
2022-03-30 18:01:04,535.95
2022-03-30 18:01:09,535.85
2022-03-30 18:01:14,535.72
2022-03-30 18:01:19,535.63
2022-03-30 18:01:24,535.56
2022-03-30 18:01:29,535.44
2022-03-30 18:01:34,535.4
2022-03-30 18:01:39,535.27
2022-03-30 18:01:44,535.21
2022-03-30 18:01:49,535.11
2022-03-30 18:01:54,535.05
2022-03-30 18:01:59,534.98
2022-03-30 18:02:04,534.92
2022-03-30 18:02:09,534.82
2022-03-30 18:02:14,534.69
2022-03-30 18:02:19,534.66
2022-03-30 18:02:24,534.66
2022-03-30 18:02:29,534.6
2022-03-30 18:02:34,534.47
2022-03-30 18:02:39,534.4
2022-03-30 18:02:44,534.3
2022-03-30 18:02:49,534.31
2022-03-30 18:02:54,534.18
2022-03-30 18:02:59,534.14
2022-03-30 18:03:04,534.08
2022-03-30 18:03:09,534.02
2022-03-30 18:03:14,533.95
2022-03-30 18:03:19,533.86
2022-03-30 18:03:24,533.79
2022-03-30 18:03:29,533.66
2022-03-30 18:03:34,533.63
2022-03-30 18:03:39,533.63
2022-03-30 18:03:44,533.5
2022-03-30 18:03:49,533.44
2022-03-30 18:03:54,533.34
2022-03-30 18:03:59,533.28
2022-03-30 18:04:04,533.21
2022-03-30 18:04:09,533.15
2022-03-30 18:04:14,533.05
2022-03-30 18:04:19,532.92
2022-03-30 18:04:24,532.86
2022-03-30 18:04:29,532.83
2022-03-30 18:04:34,532.77
2022-03-30 18:04:39,532.64
2022-03-30 18:04:44,532.6
2022-03-30 18:04:49,532.48
2022-03-30 18:04:54,532.41
2022-03-30 18:04:59,532.32
2022-03-30 18:05:04,532.19
2022-03-30 18:05:09,532.09
2022-03-30 18:05:14,531.96
2022-03-30 18:05:19,531.9
2022-03-30 18:05:24,531.8
2022-03-30 18:05:29,531.74
2022-03-30 18:05:34,531.61
2022-03-30 18:05:39,531.58
2022-03-30 18:05:44,531.45
2022-03-30 18:05:49,531.29
2022-03-30 18:05:54,531.23
2022-03-30 18:05:59,531.1
2022-03-30 18:06:04,531.0
2022-03-30 18:06:09,530.88
2022-03-30 18:06:14,530.81
2022-03-30 18:06:19,530.65
2022-03-30 18:06:24,530.65
2022-03-30 18:06:29,530.49
2022-03-30 18:06:34,530.36
2022-03-30 18:06:39,530.27
2022-03-30 18:06:44,530.14
2022-03-30 18:06:49,530.08
2022-03-30 18:06:54,529.98
2022-03-30 18:06:59,529.85
2022-03-30 18:07:04,529.75
2022-03-30 18:07:09,529.69
2022-03-30 18:07:14,529.56
2022-03-30 18:07:19,529.46
2022-03-30 18:07:24,529.34
2022-03-30 18:07:29,529.27
2022-03-30 18:07:34,529.11
2022-03-30 18:07:39,529.11
2022-03-30 18:07:44,528.95
2022-03-30 18:07:49,528.89
2022-03-30 18:07:54,528.76
2022-03-30 18:07:59,528.73
2022-03-30 18:08:04,528.66
2022-03-30 18:08:09,528.54
2022-03-30 18:08:14,528.51
2022-03-30 18:08:19,528.31
2022-03-30 18:08:24,528.25
2022-03-30 18:08:29,528.15
2022-03-30 18:08:34,528.09
2022-03-30 18:08:39,528.02
2022-03-30 18:08:44,527.93
2022-03-30 18:08:49,527.8
2022-03-30 18:08:54,527.73
2022-03-30 18:08:59,527.7
2022-03-30 18:09:04,527.57
2022-03-30 18:09:09,527.51
2022-03-30 18:09:14,527.41
2022-03-30 18:09:19,527.41
2022-03-30 18:09:24,527.22
2022-03-30 18:09:29,527.19
2022-03-30 18:09:34,527.12
2022-03-30 18:09:39,527.12
2022-03-30 18:09:44,526.99
2022-03-30 18:09:49,526.96
2022-03-30 18:09:54,526.9
2022-03-30 18:09:59,526.77
2022-03-30 18:10:04,526.7
2022-03-30 18:10:09,526.67
2022-03-30 18:10:14,526.61
2022-03-30 18:10:19,526.54
2022-03-30 18:10:24,526.48
2022-03-30 18:10:29,526.45
2022-03-30 18:10:34,526.32
2022-03-30 18:10:39,526.32
2022-03-30 18:10:44,526.19
2022-03-30 18:10:49,526.16
2022-03-30 18:10:54,526.09
2022-03-30 18:10:59,526.03
2022-03-30 18:11:04,525.96
2022-03-30 18:11:09,525.93
2022-03-30 18:11:14,525.86
2022-03-30 18:11:19,525.87
2022-03-30 18:11:24,525.74
2022-03-30 18:11:29,525.73
2022-03-30 18:11:34,525.67
2022-03-30 18:11:39,525.64
2022-03-30 18:11:44,525.58
2022-03-30 18:11:49,525.57
2022-03-30 18:11:54,525.51
2022-03-30 18:11:59,525.51
2022-03-30 18:12:04,525.51
2022-03-30 18:12:09,525.44
2022-03-30 18:12:14,525.45
2022-03-30 18:12:19,525.41
2022-03-30 18:12:24,525.35
2022-03-30 18:12:29,525.41
2022-03-30 18:12:34,525.35
2022-03-30 18:12:39,525.35
2022-03-30 18:12:44,525.28
2022-03-30 18:12:49,525.28
2022-03-30 18:12:54,525.28
2022-03-30 18:12:59,525.22
2022-03-30 18:13:04,525.22
2022-03-30 18:13:09,525.22
2022-03-30 18:13:14,525.22
2022-03-30 18:13:19,525.22
2022-03-30 18:13:24,525.22
2022-03-30 18:13:29,525.29
2022-03-30 18:13:34,525.22
2022-03-30 18:13:39,525.29
2022-03-30 18:13:44,525.22
2022-03-30 18:13:49,525.29
2022-03-30 18:13:54,525.29
2022-03-30 18:13:59,525.29
2022-03-30 18:14:04,525.42
2022-03-30 18:14:09,525.35
2022-03-30 18:14:14,525.45
2022-03-30 18:14:19,525.42
2022-03-30 18:14:24,525.45
2022-03-30 18:14:29,525.52
2022-03-30 18:14:34,525.52
2022-03-30 18:14:39,525.58
2022-03-30 18:14:44,525.68
2022-03-30 18:14:49,525.74
2022-03-30 18:14:54,525.81
2022-03-30 18:14:59,525.81
2022-03-30 18:15:04,525.94
2022-03-30 18:15:09,525.97
2022-03-30 18:15:14,526.04
2022-03-30 18:15:19,526.16
2022-03-30 18:15:24,526.26
2022-03-30 18:15:29,526.33
2022-03-30 18:15:34,526.39
2022-03-30 18:15:39,526.55
2022-03-30 18:15:44,526.62
2022-03-30 18:15:49,526.72
2022-03-30 18:15:54,526.84
2022-03-30 18:15:59,526.97
2022-03-30 18:16:04,527.13
2022-03-30 18:16:09,527.2
2022-03-30 18:16:14,527.36
2022-03-30 18:16:19,527.49
2022-03-30 18:16:24,527.65
2022-03-30 18:16:29,527.75
2022-03-30 18:16:34,527.88
2022-03-30 18:16:39,528.04
2022-03-30 18:16:44,528.17
2022-03-30 18:16:49,528.33
2022-03-30 18:16:54,528.46
2022-03-30 18:16:59,528.62
2022-03-30 18:17:04,528.78
2022-03-30 18:17:09,528.97
2022-03-30 18:17:14,529.07
2022-03-30 18:17:19,529.27
2022-03-30 18:17:24,529.36
2022-03-30 18:17:29,529.59
2022-03-30 18:17:34,529.72
2022-03-30 18:17:39,529.88
2022-03-30 18:17:44,530.07
2022-03-30 18:17:49,530.23
2022-03-30 18:17:54,530.39
2022-03-30 18:17:59,530.52
2022-03-30 18:18:04,530.75
2022-03-30 18:18:09,530.91
2022-03-30 18:18:14,531.04
2022-03-30 18:18:19,531.26
2022-03-30 18:18:24,531.36
2022-03-30 18:18:29,531.62
2022-03-30 18:18:34,531.72
2022-03-30 18:18:39,531.94
2022-03-30 18:18:44,532.13
2022-03-30 18:18:49,532.29
2022-03-30 18:18:54,532.46
2022-03-30 18:18:59,532.65
2022-03-30 18:19:04,532.74
2022-03-30 18:19:09,532.97
2022-03-30 18:19:14,533.1
2022-03-30 18:19:19,533.33
2022-03-30 18:19:24,533.42
2022-03-30 18:19:29,533.61
2022-03-30 18:19:34,533.77
2022-03-30 18:19:39,533.93
2022-03-30 18:19:44,534.06
2022-03-30 18:19:49,534.19
2022-03-30 18:19:54,534.29
2022-03-30 18:19:59,534.51
2022-03-30 18:20:04,534.65
2022-03-30 18:20:09,534.8
2022-03-30 18:20:14,534.93
2022-03-30 18:20:19,535.03
2022-03-30 18:20:24,535.16
2022-03-30 18:20:29,535.25
2022-03-30 18:20:34,535.38
2022-03-30 18:20:39,535.45
2022-03-30 18:20:44,535.54
2022-03-30 18:20:49,535.61
2022-03-30 18:20:54,535.73
2022-03-30 18:20:59,535.83
2022-03-30 18:21:04,535.83
2022-03-30 18:21:09,535.96
2022-03-30 18:21:14,535.99
2022-03-30 18:21:19,536.06
2022-03-30 18:21:24,536.19
2022-03-30 18:21:29,536.19
2022-03-30 18:21:34,536.25
2022-03-30 18:21:39,536.25
2022-03-30 18:21:44,536.25
2022-03-30 18:21:49,536.28
2022-03-30 18:21:54,536.25
2022-03-30 18:21:59,536.28
2022-03-30 18:22:04,536.25
2022-03-30 18:22:09,536.25
2022-03-30 18:22:14,536.19
2022-03-30 18:22:19,536.19
2022-03-30 18:22:24,536.19
2022-03-30 18:22:29,536.12
2022-03-30 18:22:34,536.06
2022-03-30 18:22:39,536.06
2022-03-30 18:22:44,536.0
2022-03-30 18:22:49,535.96
2022-03-30 18:22:54,535.9
2022-03-30 18:22:59,535.84
2022-03-30 18:23:04,535.77
2022-03-30 18:23:09,535.74
2022-03-30 18:23:14,535.68
2022-03-30 18:23:19,535.55
2022-03-30 18:23:24,535.48
2022-03-30 18:23:29,535.45
2022-03-30 18:23:34,535.39
2022-03-30 18:23:39,535.33
2022-03-30 18:23:44,535.23
2022-03-30 18:23:49,535.16
2022-03-30 18:23:54,535.04
2022-03-30 18:23:59,534.94
2022-03-30 18:24:04,534.81
2022-03-30 18:24:09,534.75
2022-03-30 18:24:14,534.65
2022-03-30 18:24:19,534.59
2022-03-30 18:24:24,534.53
2022-03-30 18:24:29,534.43
2022-03-30 18:24:34,534.36
2022-03-30 18:24:39,534.21
2022-03-30 18:24:44,534.14
2022-03-30 18:24:49,534.01
2022-03-30 18:24:54,533.95
2022-03-30 18:24:59,533.92
2022-03-30 18:25:04,533.79
2022-03-30 18:25:09,533.72
2022-03-30 18:25:14,533.63
2022-03-30 18:25:19,533.56
2022-03-30 18:25:24,533.43
2022-03-30 18:25:29,533.34
2022-03-30 18:25:34,533.27
2022-03-30 18:25:39,533.18
2022-03-30 18:25:44,533.05
2022-03-30 18:25:49,532.99
2022-03-30 18:25:54,532.89
2022-03-30 18:25:59,532.83
2022-03-30 18:26:04,532.69
2022-03-30 18:26:09,532.66
2022-03-30 18:26:14,532.47
2022-03-30 18:26:19,532.41
2022-03-30 18:26:24,532.31
2022-03-30 18:26:29,532.25
2022-03-30 18:26:34,532.15
2022-03-30 18:26:39,532.02
2022-03-30 18:26:44,531.89
2022-03-30 18:26:49,531.86
2022-03-30 18:26:54,531.73
2022-03-30 18:26:59,531.63
2022-03-30 18:27:04,531.57
2022-03-30 18:27:09,531.44
2022-03-30 18:27:14,531.38
2022-03-30 18:27:19,531.28
2022-03-30 18:27:24,531.15
2022-03-30 18:27:29,531.05
2022-03-30 18:27:34,530.99
2022-03-30 18:27:39,530.93
2022-03-30 18:27:44,530.83
2022-03-30 18:27:49,530.7
2022-03-30 18:27:54,530.61
2022-03-30 18:27:59,530.48
2022-03-30 18:28:04,530.41
2022-03-30 18:28:09,530.25
2022-03-30 18:28:14,530.19
2022-03-30 18:28:19,530.09
2022-03-30 18:28:24,529.96
2022-03-30 18:28:29,529.9
2022-03-30 18:28:34,529.8
2022-03-30 18:28:39,529.67
2022-03-30 18:28:44,529.57
2022-03-30 18:28:49,529.44
2022-03-30 18:28:54,529.32
2022-03-30 18:28:59,529.22
2022-03-30 18:29:04,529.15
2022-03-30 18:29:09,528.99
2022-03-30 18:29:14,528.86
2022-03-30 18:29:19,528.76
2022-03-30 18:29:24,528.64
2022-03-30 18:29:29,528.57
2022-03-30 18:29:34,528.48
2022-03-30 18:29:39,528.28
2022-03-30 18:29:44,528.25
2022-03-30 18:29:49,528.12
2022-03-30 18:29:54,528.05
2022-03-30 18:29:59,527.96
2022-03-30 18:30:04,527.89
2022-03-30 18:30:09,527.77
2022-03-30 18:30:14,537.71
2022-03-30 18:30:19,527.67
2022-03-30 18:30:24,527.54
2022-03-30 18:30:29,527.54
2022-03-30 18:30:34,527.51
2022-03-30 18:30:39,527.51
2022-03-30 18:30:44,527.38
2022-03-30 18:30:49,527.38
2022-03-30 18:30:54,527.31
2022-03-30 18:30:59,527.32
2022-03-30 18:31:04,527.32
2022-03-30 18:31:09,527.25
2022-03-30 18:31:14,527.22
2022-03-30 18:31:19,527.22
2022-03-30 18:31:24,527.22
2022-03-30 18:31:29,527.22
2022-03-30 18:31:34,527.16
2022-03-30 18:31:39,527.09
2022-03-30 18:31:44,527.09
2022-03-30 18:31:49,527.09
2022-03-30 18:31:54,527.16
2022-03-30 18:31:59,527.09
2022-03-30 18:32:04,527.09
2022-03-30 18:32:09,527.03
2022-03-30 18:32:14,527.03
2022-03-30 18:32:19,527.09
2022-03-30 18:32:24,527.1
2022-03-30 18:32:29,527.16
2022-03-30 18:32:34,527.16
2022-03-30 18:32:39,527.16
2022-03-30 18:32:44,527.16
2022-03-30 18:32:49,527.23
2022-03-30 18:32:54,527.23
2022-03-30 18:32:59,527.26
2022-03-30 18:33:04,527.32
2022-03-30 18:33:09,527.32
2022-03-30 18:33:14,527.39
2022-03-30 18:33:19,527.45
2022-03-30 18:33:24,527.45
2022-03-30 18:33:29,527.55
2022-03-30 18:33:34,527.55
2022-03-30 18:33:39,527.68
2022-03-30 18:33:44,527.68
2022-03-30 18:33:49,527.78
2022-03-30 18:33:54,527.91
2022-03-30 18:33:59,527.97
2022-03-30 18:34:04,528.04
2022-03-30 18:34:09,528.13
2022-03-30 18:34:14,528.26
2022-03-30 18:34:19,528.29
2022-03-30 18:34:24,528.43
2022-03-30 18:34:29,528.49
2022-03-30 18:34:34,528.59
2022-03-30 18:34:39,528.72
2022-03-30 18:34:44,528.81
2022-03-30 18:34:49,528.94
2022-03-30 18:34:54,529.01
2022-03-30 18:34:59,529.1
2022-03-30 18:35:04,529.3
2022-03-30 18:35:09,529.39
2022-03-30 18:35:14,529.46
2022-03-30 18:35:19,529.59
2022-03-30 18:35:24,529.68
2022-03-30 18:35:29,529.75
2022-03-30 18:35:34,529.91
2022-03-30 18:35:39,530.04
2022-03-30 18:35:44,530.2
2022-03-30 18:35:49,530.33
2022-03-30 18:35:54,530.36
2022-03-30 18:35:59,530.55
2022-03-30 18:36:04,530.62
2022-03-30 18:36:09,530.78
2022-03-30 18:36:14,530.87
2022-03-30 18:36:19,531.0
2022-03-30 18:36:24,531.17
2022-03-30 18:36:29,531.29
2022-03-30 18:36:34,531.39
2022-03-30 18:36:39,531.58
2022-03-30 18:36:44,531.74
2022-03-30 18:36:49,531.87
2022-03-30 18:36:54,532.03
2022-03-30 18:36:59,532.16
2022-03-30 18:37:04,532.32
2022-03-30 18:37:09,532.49
2022-03-30 18:37:14,532.61
2022-03-30 18:37:19,532.84
2022-03-30 18:37:24,532.93
2022-03-30 18:37:29,533.13
2022-03-30 18:37:34,533.22
2022-03-30 18:37:39,533.42
2022-03-30 18:37:44,533.58
2022-03-30 18:37:49,533.7
2022-03-30 18:37:54,533.86
2022-03-30 18:37:59,534.02
2022-03-30 18:38:04,534.15
2022-03-30 18:38:09,534.25
2022-03-30 18:38:14,534.44
2022-03-30 18:38:19,534.6
2022-03-30 18:38:24,534.76
2022-03-30 18:38:29,534.96
2022-03-30 18:38:34,535.05
2022-03-30 18:38:39,535.18
2022-03-30 18:38:44,535.34
2022-03-30 18:38:49,535.47
2022-03-30 18:38:54,535.63
2022-03-30 18:38:59,535.76
2022-03-30 18:39:04,535.86
2022-03-30 18:39:09,535.98
2022-03-30 18:39:14,536.08
2022-03-30 18:39:19,536.28
2022-03-30 18:39:24,536.37
2022-03-30 18:39:29,536.37
2022-03-30 18:39:34,536.5
2022-03-30 18:39:39,536.66
2022-03-30 18:39:44,536.73
2022-03-30 18:39:49,536.82
2022-03-30 18:39:54,536.89
2022-03-30 18:39:59,537.02
2022-03-30 18:40:04,537.05
2022-03-30 18:40:09,537.18
2022-03-30 18:40:14,537.24
2022-03-30 18:40:19,537.31
2022-03-30 18:40:24,537.34
2022-03-30 18:40:29,537.4
2022-03-30 18:40:34,537.53
2022-03-30 18:40:39,537.53
2022-03-30 18:40:44,537.56
2022-03-30 18:40:49,537.63
2022-03-30 18:40:54,537.63
2022-03-30 18:40:59,537.76
2022-03-30 18:41:04,537.76
2022-03-30 18:41:09,537.82
2022-03-30 18:41:14,537.86
2022-03-30 18:41:19,537.86
2022-03-30 18:41:24,537.86
2022-03-30 18:41:29,537.92
2022-03-30 18:41:34,537.99
2022-03-30 18:41:39,537.99
2022-03-30 18:41:44,538.05
2022-03-30 18:41:49,538.05
2022-03-30 18:41:54,538.05
2022-03-30 18:41:59,538.09
2022-03-30 18:42:04,538.09
2022-03-30 18:42:09,538.09
2022-03-30 18:42:14,538.09
2022-03-30 18:42:19,538.09
2022-03-30 18:42:24,538.09
2022-03-30 18:42:29,538.06
2022-03-30 18:42:34,538.06
2022-03-30 18:42:39,538.06
2022-03-30 18:42:44,538.06
2022-03-30 18:42:49,538.0
2022-03-30 18:42:54,538.0
2022-03-30 18:42:59,538.0
2022-03-30 18:43:04,537.93
2022-03-30 18:43:09,537.87
2022-03-30 18:43:14,537.93
2022-03-30 18:43:19,537.87
2022-03-30 18:43:24,537.87
2022-03-30 18:43:29,537.84
2022-03-30 18:43:34,537.84
2022-03-30 18:43:39,537.84
2022-03-30 18:43:44,537.84
2022-03-30 18:43:49,537.84
2022-03-30 18:43:54,537.77
2022-03-30 18:43:59,537.71
2022-03-30 18:44:04,537.71
2022-03-30 18:44:09,537.64
2022-03-30 18:44:14,537.58
2022-03-30 18:44:19,537.58
2022-03-30 18:44:24,537.55
2022-03-30 18:44:29,537.49
2022-03-30 18:44:34,537.49
2022-03-30 18:44:39,537.42
2022-03-30 18:44:44,537.42
2022-03-30 18:44:49,537.36
2022-03-30 18:44:54,537.33
2022-03-30 18:44:59,537.26
2022-03-30 18:45:04,537.26
2022-03-30 18:45:09,537.13
2022-03-30 18:45:14,537.13
2022-03-30 18:45:19,537.07
2022-03-30 18:45:24,537.04
2022-03-30 18:45:29,537.04
2022-03-30 18:45:34,536.97
2022-03-30 18:45:39,536.9
2022-03-30 18:45:44,536.84
2022-03-30 18:45:49,536.84
2022-03-30 18:45:54,536.81
2022-03-30 18:45:59,536.68
2022-03-30 18:46:04,536.68
2022-03-30 18:46:09,536.62
2022-03-30 18:46:14,536.55
2022-03-30 18:46:19,536.52
2022-03-30 18:46:24,536.46
2022-03-30 18:46:29,536.39
2022-03-30 18:46:34,536.39
2022-03-30 18:46:39,536.29
2022-03-30 18:46:44,536.23
2022-03-30 18:46:49,536.17
2022-03-30 18:46:54,536.1
2022-03-30 18:46:59,536.03
2022-03-30 18:47:04,536.03
2022-03-30 18:47:09,535.94
2022-03-30 18:47:14,535.94
2022-03-30 18:47:19,535.81
2022-03-30 18:47:24,535.77
2022-03-30 18:47:29,535.71
2022-03-30 18:47:34,535.58
2022-03-30 18:47:39,535.48
2022-03-30 18:47:44,535.48
2022-03-30 18:47:49,535.35
2022-03-30 18:47:54,535.29
2022-03-30 18:47:59,535.19
2022-03-30 18:48:04,535.13
2022-03-30 18:48:09,535.07
2022-03-30 18:48:14,534.97
2022-03-30 18:48:19,534.84
2022-03-30 18:48:24,534.77
2022-03-30 18:48:29,534.68
2022-03-30 18:48:34,534.55
2022-03-30 18:48:39,534.48
2022-03-30 18:48:44,534.45
2022-03-30 18:48:49,534.32
2022-03-30 18:48:54,534.26
2022-03-30 18:48:59,534.16
2022-03-30 18:49:04,534.16
2022-03-30 18:49:09,533.97
2022-03-30 18:49:14,533.94
2022-03-30 18:49:19,533.87
2022-03-30 18:49:24,533.75
2022-03-30 18:49:29,533.65
2022-03-30 18:49:34,533.52
2022-03-30 18:49:39,533.46
2022-03-30 18:49:44,533.36
2022-03-30 18:49:49,533.3
2022-03-30 18:49:54,533.2
2022-03-30 18:49:59,533.14
2022-03-30 18:50:04,533.01
2022-03-30 18:50:09,532.95
2022-03-30 18:50:14,532.85
2022-03-30 18:50:19,532.72
2022-03-30 18:50:24,532.69
2022-03-30 18:50:29,532.49
2022-03-30 18:50:34,532.49
2022-03-30 18:50:39,532.4
2022-03-30 18:50:44,532.34
2022-03-30 18:50:49,532.21
2022-03-30 18:50:54,532.21
2022-03-30 18:50:59,532.11
2022-03-30 18:51:04,531.98
2022-03-30 18:51:09,531.98
2022-03-30 18:51:14,531.89
2022-03-30 18:51:19,531.82
2022-03-30 18:51:24,531.76
2022-03-30 18:51:29,531.69
2022-03-30 18:51:34,531.66
2022-03-30 18:51:39,531.6
2022-03-30 18:51:44,531.53
2022-03-30 18:51:49,531.53
2022-03-30 18:51:54,531.41
2022-03-30 18:51:59,531.37
2022-03-30 18:52:04,531.31
2022-03-30 18:52:09,531.31
2022-03-30 18:52:14,531.25
2022-03-30 18:52:19,531.18
2022-03-30 18:52:24,531.18
2022-03-30 18:52:29,531.09
2022-03-30 18:52:34,531.09
2022-03-30 18:52:39,531.02
2022-03-30 18:52:44,530.96
2022-03-30 18:52:49,530.96
2022-03-30 18:52:54,530.89
2022-03-30 18:52:59,530.96
2022-03-30 18:53:04,530.89
2022-03-30 18:53:09,530.9
2022-03-30 18:53:14,530.86
2022-03-30 18:53:19,530.86
2022-03-30 18:53:24,530.86
2022-03-30 18:53:29,530.86
2022-03-30 18:53:34,530.86
2022-03-30 18:53:39,530.86
2022-03-30 18:53:44,530.86
2022-03-30 18:53:49,530.86
2022-03-30 18:53:54,530.86
2022-03-30 18:53:59,530.86
2022-03-30 18:54:04,530.87
2022-03-30 18:54:09,530.9
2022-03-30 18:54:14,530.9
2022-03-30 18:54:19,530.86
2022-03-30 18:54:24,530.9
2022-03-30 18:54:29,530.9
2022-03-30 18:54:34,530.96
2022-03-30 18:54:39,530.96
2022-03-30 18:54:44,530.96
2022-03-30 18:54:49,530.96
2022-03-30 18:54:54,531.09
2022-03-30 18:54:59,531.02
2022-03-30 18:55:04,531.02
2022-03-30 18:55:09,531.09
2022-03-30 18:55:14,531.15
2022-03-30 18:55:19,531.15
2022-03-30 18:55:24,531.15
2022-03-30 18:55:29,531.18
2022-03-30 18:55:34,531.15
2022-03-30 18:55:39,531.18
2022-03-30 18:55:44,531.15
2022-03-30 18:55:49,531.25
2022-03-30 18:55:54,531.18
2022-03-30 18:55:59,531.25
2022-03-30 18:56:04,531.18
2022-03-30 18:56:09,531.25
2022-03-30 18:56:14,531.18
2022-03-30 18:56:19,531.18
2022-03-30 18:56:24,531.24
2022-03-30 18:56:29,531.24
2022-03-30 18:56:34,531.31
2022-03-30 18:56:39,531.31
2022-03-30 18:56:44,531.24
2022-03-30 18:56:49,531.24
2022-03-30 18:56:54,531.24
2022-03-30 18:56:59,531.31
2022-03-30 18:57:04,531.31
2022-03-30 18:57:09,531.24
2022-03-30 18:57:14,531.3
2022-03-30 18:57:19,531.37
2022-03-30 18:57:24,531.37
2022-03-30 18:57:29,531.31
2022-03-30 18:57:34,531.31
2022-03-30 18:57:39,531.24
2022-03-30 18:57:44,531.31
2022-03-30 18:57:49,531.31
2022-03-30 18:57:54,531.37
2022-03-30 18:57:59,531.37
2022-03-30 18:58:04,531.37
2022-03-30 18:58:09,531.37
2022-03-30 18:58:14,531.37
2022-03-30 18:58:19,531.37
2022-03-30 18:58:24,531.37
2022-03-30 18:58:29,531.37
2022-03-30 18:58:34,531.37
2022-03-30 18:58:39,531.4
2022-03-30 18:58:44,531.41
2022-03-30 18:58:49,531.41
2022-03-30 18:58:54,531.37
2022-03-30 18:58:59,531.41
2022-03-30 18:59:04,531.47
2022-03-30 18:59:09,531.41
2022-03-30 18:59:14,531.41
2022-03-30 18:59:19,531.47
2022-03-30 18:59:24,531.47
2022-03-30 18:59:29,531.48
2022-03-30 18:59:34,531.54
2022-03-30 18:59:39,531.54
2022-03-30 18:59:44,531.54
2022-03-30 18:59:49,531.54
2022-03-30 18:59:54,531.61
2022-03-30 18:59:59,531.67
2022-03-30 19:00:04,531.61
2022-03-30 19:00:09,531.67
2022-03-30 19:00:14,531.7
2022-03-30 19:00:19,531.7
2022-03-30 19:00:24,531.77
2022-03-30 19:00:29,531.77
2022-03-30 19:00:34,531.83
2022-03-30 19:00:39,531.83
2022-03-30 19:00:44,531.83
2022-03-30 19:00:49,531.9
2022-03-30 19:00:54,531.9
2022-03-30 19:00:59,531.93
2022-03-30 19:01:04,531.93
2022-03-30 19:01:09,532.0
2022-03-30 19:01:14,532.0
2022-03-30 19:01:19,532.06
2022-03-30 19:01:24,532.06
2022-03-30 19:01:29,532.06
2022-03-30 19:01:34,532.06
2022-03-30 19:01:39,532.06
2022-03-30 19:01:44,532.13
2022-03-30 19:01:49,532.12
2022-03-30 19:01:54,532.12
2022-03-30 19:01:59,532.12
2022-03-30 19:02:04,532.19
2022-03-30 19:02:09,532.19
2022-03-30 19:02:14,532.19
2022-03-30 19:02:19,532.19
2022-03-30 19:02:24,532.22
2022-03-30 19:02:29,532.22
2022-03-30 19:02:34,532.22
2022-03-30 19:02:39,532.22
2022-03-30 19:02:44,532.22
2022-03-30 19:02:49,532.29
2022-03-30 19:02:54,532.29
2022-03-30 19:02:59,532.29
2022-03-30 19:03:04,532.29
2022-03-30 19:03:09,532.29
2022-03-30 19:03:14,532.22
2022-03-30 19:03:19,532.29
2022-03-30 19:03:24,532.28
2022-03-30 19:03:29,532.29
2022-03-30 19:03:34,532.29
2022-03-30 19:03:39,532.35
2022-03-30 19:03:44,532.29
2022-03-30 19:03:49,532.29
2022-03-30 19:03:54,532.35
2022-03-30 19:03:59,532.35
2022-03-30 19:04:04,532.41
2022-03-30 19:04:09,532.41
2022-03-30 19:04:14,532.41
2022-03-30 19:04:19,532.41
2022-03-30 19:04:24,532.45
2022-03-30 19:04:29,532.41
2022-03-30 19:04:34,532.45
2022-03-30 19:04:39,532.41
2022-03-30 19:04:44,532.45
2022-03-30 19:04:49,532.45
2022-03-30 19:04:54,532.45
2022-03-30 19:04:59,532.41
2022-03-30 19:05:04,532.41
2022-03-30 19:05:09,532.41
2022-03-30 19:05:14,532.41
2022-03-30 19:05:19,532.34
2022-03-30 19:05:24,532.28
2022-03-30 19:05:29,532.28
2022-03-30 19:05:34,532.28
2022-03-30 19:05:39,532.28
2022-03-30 19:05:44,532.21
2022-03-30 19:05:49,532.28
2022-03-30 19:05:54,532.28
2022-03-30 19:05:59,532.21
2022-03-30 19:06:04,532.27
2022-03-30 19:06:09,532.28
2022-03-30 19:06:14,532.21
2022-03-30 19:06:19,537.71
2022-03-30 19:06:24,532.18
2022-03-30 19:06:29,532.18
2022-03-30 19:06:34,532.18
2022-03-30 19:06:39,532.12
2022-03-30 19:06:44,532.18
2022-03-30 19:06:49,532.18
2022-03-30 19:06:54,532.12
2022-03-30 19:06:59,532.12
2022-03-30 19:07:04,532.05
2022-03-30 19:07:09,532.05
2022-03-30 19:07:14,532.05
2022-03-30 19:07:19,532.05
2022-03-30 19:07:24,531.99
2022-03-30 19:07:29,532.05
2022-03-30 19:07:34,531.99
2022-03-30 19:07:39,532.06
2022-03-30 19:07:44,531.99
2022-03-30 19:07:49,531.99
2022-03-30 19:07:54,531.99
2022-03-30 19:07:59,531.99
2022-03-30 19:08:04,531.99
2022-03-30 19:08:09,531.99
2022-03-30 19:08:14,531.99
2022-03-30 19:08:19,531.99
2022-03-30 19:08:24,532.06
2022-03-30 19:08:29,531.99
2022-03-30 19:08:34,531.93
2022-03-30 19:08:39,532.06
2022-03-30 19:08:44,532.06
2022-03-30 19:08:49,531.99
2022-03-30 19:08:54,532.0
2022-03-30 19:08:59,532.06
2022-03-30 19:09:04,532.06
2022-03-30 19:09:09,532.0
2022-03-30 19:09:14,532.0
2022-03-30 19:09:19,532.06
2022-03-30 19:09:24,532.06
2022-03-30 19:09:29,532.07
2022-03-30 19:09:34,532.13
2022-03-30 19:09:39,532.13
2022-03-30 19:09:44,532.07
2022-03-30 19:09:49,532.13
2022-03-30 19:09:54,532.13
2022-03-30 19:09:59,532.13
2022-03-30 19:10:04,532.2
2022-03-30 19:10:09,532.19
2022-03-30 19:10:14,532.23
2022-03-30 19:10:19,532.19
2022-03-30 19:10:24,532.23
2022-03-30 19:10:29,532.23
2022-03-30 19:10:34,532.29
2022-03-30 19:10:39,532.23
2022-03-30 19:10:44,532.29
2022-03-30 19:10:49,532.29
2022-03-30 19:10:54,532.29
2022-03-30 19:10:59,532.29
2022-03-30 19:11:04,532.36
2022-03-30 19:11:09,532.36
2022-03-30 19:11:14,532.36
2022-03-30 19:11:19,532.42
2022-03-30 19:11:24,532.43
2022-03-30 19:11:29,532.42
2022-03-30 19:11:34,532.46
2022-03-30 19:11:39,532.46
2022-03-30 19:11:44,532.45
2022-03-30 19:11:49,532.46
2022-03-30 19:11:54,532.52
2022-03-30 19:11:59,532.52
2022-03-30 19:12:04,532.52
2022-03-30 19:12:09,532.58
2022-03-30 19:12:14,532.58
2022-03-30 19:12:19,532.58
2022-03-30 19:12:24,532.58
2022-03-30 19:12:29,532.52
2022-03-30 19:12:34,532.58
2022-03-30 19:12:39,532.58
2022-03-30 19:12:44,532.58
2022-03-30 19:12:49,532.58
2022-03-30 19:12:54,532.58
2022-03-30 19:12:59,532.58
2022-03-30 19:13:04,532.52
2022-03-30 19:13:09,532.52
2022-03-30 19:13:14,532.58
2022-03-30 19:13:19,532.58
2022-03-30 19:13:24,532.52
2022-03-30 19:13:29,532.58
2022-03-30 19:13:34,532.52
2022-03-30 19:13:39,532.52
2022-03-30 19:13:44,532.52
2022-03-30 19:13:49,532.51
2022-03-30 19:13:54,537.71
2022-03-30 19:13:59,532.51
2022-03-30 19:14:04,532.51
2022-03-30 19:14:09,532.51
2022-03-30 19:14:14,532.51
2022-03-30 19:14:19,532.45
2022-03-30 19:14:24,532.45
2022-03-30 19:14:29,532.41
2022-03-30 19:14:34,532.41
2022-03-30 19:14:39,532.41
2022-03-30 19:14:44,532.35
2022-03-30 19:14:49,532.29
2022-03-30 19:14:54,532.22
2022-03-30 19:14:59,532.19
2022-03-30 19:15:04,532.19
2022-03-30 19:15:09,532.19
2022-03-30 19:15:14,532.06
2022-03-30 19:15:19,532.06
2022-03-30 19:15:24,531.93
2022-03-30 19:15:29,531.93
2022-03-30 19:15:34,531.9
2022-03-30 19:15:39,531.84
2022-03-30 19:15:44,531.77
2022-03-30 19:15:49,531.78
2022-03-30 19:15:54,531.68
2022-03-30 19:15:59,531.68
2022-03-30 19:16:04,531.55
2022-03-30 19:16:09,531.55
2022-03-30 19:16:14,531.42
2022-03-30 19:16:19,531.42
2022-03-30 19:16:24,531.39
2022-03-30 19:16:29,531.33
2022-03-30 19:16:34,531.26
2022-03-30 19:16:39,537.71
2022-03-30 19:16:44,531.26
2022-03-30 19:16:49,531.17
2022-03-30 19:16:54,531.11
2022-03-30 19:16:59,531.04
2022-03-30 19:17:04,530.98
2022-03-30 19:17:09,530.92
2022-03-30 19:17:14,530.82
2022-03-30 19:17:19,530.76
2022-03-30 19:17:24,530.7
2022-03-30 19:17:29,530.66
2022-03-30 19:17:34,530.54
2022-03-30 19:17:39,530.54
2022-03-30 19:17:44,530.47
2022-03-30 19:17:49,530.41
2022-03-30 19:17:54,530.38
2022-03-30 19:17:59,530.32
2022-03-30 19:18:04,537.71
2022-03-30 19:18:09,530.25
2022-03-30 19:18:14,530.19
2022-03-30 19:18:19,530.19
2022-03-30 19:18:24,530.16
2022-03-30 19:18:29,530.1
2022-03-30 19:18:34,530.03
2022-03-30 19:18:39,530.1
2022-03-30 19:18:44,529.97
2022-03-30 19:18:49,529.91
2022-03-30 19:18:54,529.91
2022-03-30 19:18:59,529.88
2022-03-30 19:19:04,529.82
2022-03-30 19:19:09,529.81
2022-03-30 19:19:14,529.75
2022-03-30 19:19:19,529.69
2022-03-30 19:19:24,529.66
2022-03-30 19:19:29,529.66
2022-03-30 19:19:34,537.71
2022-03-30 19:19:39,529.53
2022-03-30 19:19:44,529.47
2022-03-30 19:19:49,529.47
2022-03-30 19:19:54,529.47
2022-03-30 19:19:59,529.37
2022-03-30 19:20:04,529.37
2022-03-30 19:20:09,529.38
2022-03-30 19:20:14,529.31
2022-03-30 19:20:19,529.31
2022-03-30 19:20:24,529.31
2022-03-30 19:20:29,529.31
2022-03-30 19:20:34,529.31
2022-03-30 19:20:39,529.25
2022-03-30 19:20:44,529.31
2022-03-30 19:20:49,529.31
2022-03-30 19:20:54,529.25
2022-03-30 19:20:59,529.25
2022-03-30 19:21:04,529.25
2022-03-30 19:21:09,529.25
2022-03-30 19:21:14,529.26
2022-03-30 19:21:19,529.25
2022-03-30 19:21:24,529.32
2022-03-30 19:21:29,529.32
2022-03-30 19:21:34,537.71
2022-03-30 19:21:39,529.32
2022-03-30 19:21:44,529.38
2022-03-30 19:21:49,529.38
2022-03-30 19:21:54,529.42
2022-03-30 19:21:59,529.42
2022-03-30 19:22:04,529.41
2022-03-30 19:22:09,529.48
2022-03-30 19:22:14,529.48
2022-03-30 19:22:19,529.55
2022-03-30 19:22:24,529.55
2022-03-30 19:22:29,529.61
2022-03-30 19:22:34,529.67
2022-03-30 19:22:39,537.71
2022-03-30 19:22:44,529.77
2022-03-30 19:22:49,529.77
2022-03-30 19:22:54,529.77
2022-03-30 19:22:59,529.9
2022-03-30 19:23:04,529.93
2022-03-30 19:23:09,530.0
2022-03-30 19:23:14,530.0
2022-03-30 19:23:19,530.06
2022-03-30 19:23:24,530.13
2022-03-30 19:23:29,530.22
2022-03-30 19:23:34,530.22
2022-03-30 19:23:39,530.29
2022-03-30 19:23:44,530.41
2022-03-30 19:23:49,530.45
2022-03-30 19:23:54,530.45
2022-03-30 19:23:59,530.58
2022-03-30 19:24:04,530.71
2022-03-30 19:24:09,530.74
2022-03-30 19:24:14,530.8
2022-03-30 19:24:19,530.97
2022-03-30 19:24:24,530.97
2022-03-30 19:24:29,531.03
2022-03-30 19:24:34,531.16
2022-03-30 19:24:39,531.16
2022-03-30 19:24:44,531.26
2022-03-30 19:24:49,531.38
2022-03-30 19:24:54,531.45
2022-03-30 19:24:59,531.55
2022-03-30 19:25:04,531.61
2022-03-30 19:25:09,531.74
2022-03-30 19:25:14,531.74
2022-03-30 19:25:19,531.91
2022-03-30 19:25:24,531.97
2022-03-30 19:25:29,532.07
2022-03-30 19:25:34,532.2
2022-03-30 19:25:39,532.26
2022-03-30 19:25:44,532.42
2022-03-30 19:25:49,532.49
2022-03-30 19:25:54,532.59
2022-03-30 19:25:59,532.72
2022-03-30 19:26:04,532.78
2022-03-30 19:26:09,532.88
2022-03-30 19:26:14,533.01
2022-03-30 19:26:19,533.11
2022-03-30 19:26:24,533.24
2022-03-30 19:26:29,533.3
2022-03-30 19:26:34,533.33
2022-03-30 19:26:39,533.53
2022-03-30 19:26:44,533.56
2022-03-30 19:26:49,533.63
2022-03-30 19:26:54,533.76
2022-03-30 19:26:59,533.82
2022-03-30 19:27:04,533.92
2022-03-30 19:27:09,533.98
2022-03-30 19:27:14,534.08
2022-03-30 19:27:19,534.08
2022-03-30 19:27:24,534.21
2022-03-30 19:27:29,534.34
2022-03-30 19:27:34,534.37
2022-03-30 19:27:39,534.44
2022-03-30 19:27:44,534.57
2022-03-30 19:27:49,534.66
2022-03-30 19:27:54,534.73
2022-03-30 19:27:59,534.86
2022-03-30 19:28:04,537.71
2022-03-30 19:28:09,534.96
2022-03-30 19:28:14,535.09
2022-03-30 19:28:19,535.25
2022-03-30 19:28:24,535.31
2022-03-30 19:28:29,535.38
2022-03-30 19:28:34,535.47
2022-03-30 19:28:39,535.54
2022-03-30 19:28:44,535.64
2022-03-30 19:28:49,535.7
2022-03-30 19:28:54,535.77
2022-03-30 19:28:59,535.83
2022-03-30 19:29:04,535.93
2022-03-30 19:29:09,535.99
2022-03-30 19:29:14,536.12
2022-03-30 19:29:19,536.16
2022-03-30 19:29:24,536.22
2022-03-30 19:29:29,536.29
2022-03-30 19:29:34,536.35
2022-03-30 19:29:39,536.44
2022-03-30 19:29:44,536.51
2022-03-30 19:29:49,536.57
2022-03-30 19:29:54,536.67
2022-03-30 19:29:59,536.8
2022-03-30 19:30:04,536.8
2022-03-30 19:30:09,536.96
2022-03-30 19:30:14,536.96
2022-03-30 19:30:19,537.09
2022-03-30 19:30:24,537.15
2022-03-30 19:30:29,537.25
2022-03-30 19:30:34,537.32
2022-03-30 19:30:39,537.45
2022-03-30 19:30:44,537.45
2022-03-30 19:30:49,537.54
2022-03-30 19:30:54,537.61
2022-03-30 19:30:59,537.67
2022-03-30 19:31:04,537.67
2022-03-30 19:31:09,537.77
2022-03-30 19:31:14,537.83
2022-03-30 19:31:19,537.83
2022-03-30 19:31:24,537.96
2022-03-30 19:31:29,537.96
2022-03-30 19:31:34,538.06
2022-03-30 19:31:39,538.12
2022-03-30 19:31:44,538.19
2022-03-30 19:31:49,538.22
2022-03-30 19:31:54,538.28
2022-03-30 19:31:59,538.35
2022-03-30 19:32:04,538.35
2022-03-30 19:32:09,538.41
2022-03-30 19:32:14,538.48
2022-03-30 19:32:19,538.48
2022-03-30 19:32:24,538.57
2022-03-30 19:32:29,538.57
2022-03-30 19:32:34,538.57
2022-03-30 19:32:39,538.64
2022-03-30 19:32:44,538.64
2022-03-30 19:32:49,538.64
2022-03-30 19:32:54,538.7
2022-03-30 19:32:59,538.7
2022-03-30 19:33:04,538.7
2022-03-30 19:33:09,538.7
2022-03-30 19:33:14,538.73
2022-03-30 19:33:19,538.73
2022-03-30 19:33:24,538.74
2022-03-30 19:33:29,538.74
2022-03-30 19:33:34,538.8
2022-03-30 19:33:39,538.74
2022-03-30 19:33:44,538.8
2022-03-30 19:33:49,538.8
2022-03-30 19:33:54,538.8
2022-03-30 19:33:59,538.8
2022-03-30 19:34:04,538.8
2022-03-30 19:34:09,538.81
2022-03-30 19:34:14,538.81
2022-03-30 19:34:19,538.81
2022-03-30 19:34:24,538.81
2022-03-30 19:34:29,538.81
2022-03-30 19:34:34,538.74
2022-03-30 19:34:39,538.81
2022-03-30 19:34:44,538.81
2022-03-30 19:34:49,538.71
2022-03-30 19:34:54,538.75
2022-03-30 19:34:59,538.71
2022-03-30 19:35:04,538.65
2022-03-30 19:35:09,538.65
2022-03-30 19:35:14,538.65
2022-03-30 19:35:19,538.59
2022-03-30 19:35:24,538.59
2022-03-30 19:35:29,538.59
2022-03-30 19:35:34,538.59
2022-03-30 19:35:39,538.53
2022-03-30 19:35:44,538.59
2022-03-30 19:35:49,538.53
2022-03-30 19:35:54,538.53
2022-03-30 19:35:59,538.5
2022-03-30 19:36:04,538.44
2022-03-30 19:36:09,538.44
2022-03-30 19:36:14,538.37
2022-03-30 19:36:19,538.38
2022-03-30 19:36:24,538.37
2022-03-30 19:36:29,538.31
2022-03-30 19:36:34,538.25
2022-03-30 19:36:39,538.25
2022-03-30 19:36:44,538.22
2022-03-30 19:36:49,538.15
2022-03-30 19:36:54,538.15
2022-03-30 19:36:59,538.15
2022-03-30 19:37:04,538.03
2022-03-30 19:37:09,538.03
2022-03-30 19:37:14,538.03
2022-03-30 19:37:19,538.03
2022-03-30 19:37:24,538.0
2022-03-30 19:37:29,537.93
2022-03-30 19:37:34,537.93
2022-03-30 19:37:39,537.93
2022-03-30 19:37:44,537.94
2022-03-30 19:37:49,537.87
2022-03-30 19:37:54,537.87
2022-03-30 19:37:59,537.81
2022-03-30 19:38:04,537.81
2022-03-30 19:38:09,537.81
2022-03-30 19:38:14,537.75
2022-03-30 19:38:19,537.75
2022-03-30 19:38:24,537.72
2022-03-30 19:38:29,537.65
2022-03-30 19:38:34,537.72
2022-03-30 19:38:39,537.65
2022-03-30 19:38:44,537.59
2022-03-30 19:38:49,537.59
2022-03-30 19:38:54,537.59
2022-03-30 19:38:59,537.53
2022-03-30 19:39:04,537.49
2022-03-30 19:39:09,537.5
2022-03-30 19:39:14,537.43
2022-03-30 19:39:19,537.37
2022-03-30 19:39:24,537.37
2022-03-30 19:39:29,537.37
2022-03-30 19:39:34,537.24
2022-03-30 19:39:39,537.24
2022-03-30 19:39:44,537.24
2022-03-30 19:39:49,537.21
2022-03-30 19:39:54,537.14
2022-03-30 19:39:59,537.14
2022-03-30 19:40:04,537.08
2022-03-30 19:40:09,537.01
2022-03-30 19:40:14,537.01
2022-03-30 19:40:19,536.98
2022-03-30 19:40:24,536.98
2022-03-30 19:40:29,536.92
2022-03-30 19:40:34,536.92
2022-03-30 19:40:39,536.86
2022-03-30 19:40:44,536.85
2022-03-30 19:40:49,536.79
2022-03-30 19:40:54,536.72
2022-03-30 19:40:59,536.69
2022-03-30 19:41:04,536.69
2022-03-30 19:41:09,536.63
2022-03-30 19:41:14,536.56
2022-03-30 19:41:19,536.56
2022-03-30 19:41:24,536.5
2022-03-30 19:41:29,536.5
2022-03-30 19:41:34,536.47
2022-03-30 19:41:39,536.4
2022-03-30 19:41:44,536.4
2022-03-30 19:41:49,536.34
2022-03-30 19:41:54,536.27
2022-03-30 19:41:59,536.27
2022-03-30 19:42:04,536.21
2022-03-30 19:42:09,536.21
2022-03-30 19:42:14,536.18
2022-03-30 19:42:19,536.21
2022-03-30 19:42:24,536.18
2022-03-30 19:42:29,536.11
2022-03-30 19:42:34,536.05
2022-03-30 19:42:39,536.05
2022-03-30 19:42:44,536.05
2022-03-30 19:42:49,535.99
2022-03-30 19:42:54,535.99
2022-03-30 19:42:59,535.96
2022-03-30 19:43:04,535.96
2022-03-30 19:43:09,535.96
2022-03-30 19:43:14,535.89
2022-03-30 19:43:19,535.89
2022-03-30 19:43:24,535.89
2022-03-30 19:43:29,535.83
2022-03-30 19:43:34,535.83
2022-03-30 19:43:39,535.77
2022-03-30 19:43:44,535.83
2022-03-30 19:43:49,535.83
2022-03-30 19:43:54,535.77
2022-03-30 19:43:59,535.77
2022-03-30 19:44:04,535.71
2022-03-30 19:44:09,535.71
2022-03-30 19:44:14,535.71
2022-03-30 19:44:19,535.68
2022-03-30 19:44:24,535.61
2022-03-30 19:44:29,535.61
2022-03-30 19:44:34,535.55
2022-03-30 19:44:39,535.55
2022-03-30 19:44:44,535.55
2022-03-30 19:44:49,535.49
2022-03-30 19:44:54,535.49
2022-03-30 19:44:59,535.49
2022-03-30 19:45:04,535.46
2022-03-30 19:45:09,535.4
2022-03-30 19:45:14,535.4
2022-03-30 19:45:19,535.4
2022-03-30 19:45:24,535.33
2022-03-30 19:45:29,535.33
2022-03-30 19:45:34,535.27
2022-03-30 19:45:39,535.2
2022-03-30 19:45:44,535.2
2022-03-30 19:45:49,535.17
2022-03-30 19:45:54,535.11
2022-03-30 19:45:59,535.11
2022-03-30 19:46:04,535.05
2022-03-30 19:46:09,534.98
2022-03-30 19:46:14,534.98
2022-03-30 19:46:19,534.95
2022-03-30 19:46:24,534.89
2022-03-30 19:46:29,534.82
2022-03-30 19:46:34,534.76
2022-03-30 19:46:39,534.7
2022-03-30 19:46:44,534.7
2022-03-30 19:46:49,534.6
2022-03-30 19:46:54,534.53
2022-03-30 19:46:59,534.47
2022-03-30 19:47:04,534.47
2022-03-30 19:47:09,534.38
2022-03-30 19:47:14,534.31
2022-03-30 19:47:19,534.25
2022-03-30 19:47:24,534.18
2022-03-30 19:47:29,534.15
2022-03-30 19:47:34,534.09
2022-03-30 19:47:39,533.96
2022-03-30 19:47:44,533.96
2022-03-30 19:47:49,533.86
2022-03-30 19:47:54,533.86
2022-03-30 19:47:59,533.74
2022-03-30 19:48:04,533.67
2022-03-30 19:48:09,533.64
2022-03-30 19:48:14,533.57
2022-03-30 19:48:19,533.51
2022-03-30 19:48:24,533.41
2022-03-30 19:48:29,533.35
2022-03-30 19:48:34,533.28
2022-03-30 19:48:39,533.22
2022-03-30 19:48:44,533.12
2022-03-30 19:48:49,533.06
2022-03-30 19:48:54,532.99
2022-03-30 19:48:59,532.9
2022-03-30 19:49:04,532.9
2022-03-30 19:49:09,532.77
2022-03-30 19:49:14,532.7
2022-03-30 19:49:19,532.61
2022-03-30 19:49:24,532.54
2022-03-30 19:49:29,532.54
2022-03-30 19:49:34,532.48
2022-03-30 19:49:39,532.38
2022-03-30 19:49:44,532.32
2022-03-30 19:49:49,532.32
2022-03-30 19:49:54,532.19
2022-03-30 19:49:59,532.19
2022-03-30 19:50:04,532.09
2022-03-30 19:50:09,532.03
2022-03-30 19:50:14,532.03
2022-03-30 19:50:19,531.96
2022-03-30 19:50:24,531.9
2022-03-30 19:50:29,531.86
2022-03-30 19:50:34,531.8
2022-03-30 19:50:39,531.8
2022-03-30 19:50:44,531.8
2022-03-30 19:50:49,531.74
2022-03-30 19:50:54,531.74
2022-03-30 19:50:59,531.67
2022-03-30 19:51:04,531.61
2022-03-30 19:51:09,531.61
2022-03-30 19:51:14,531.58
2022-03-30 19:51:19,531.58
2022-03-30 19:51:24,531.51
2022-03-30 19:51:29,531.45
2022-03-30 19:51:34,531.45
2022-03-30 19:51:39,531.45
2022-03-30 19:51:44,531.38
2022-03-30 19:51:49,531.38
2022-03-30 19:51:54,531.35
2022-03-30 19:51:59,531.38
2022-03-30 19:52:04,531.35
2022-03-30 19:52:09,531.35
2022-03-30 19:52:14,531.35
2022-03-30 19:52:19,531.35
2022-03-30 19:52:24,531.39
2022-03-30 19:52:29,531.39
2022-03-30 19:52:34,531.39
2022-03-30 19:52:39,531.39
2022-03-30 19:52:44,531.39
2022-03-30 19:52:49,531.46
2022-03-30 19:52:54,531.52
2022-03-30 19:52:59,531.52
2022-03-30 19:53:04,531.52
2022-03-30 19:53:09,531.59
2022-03-30 19:53:14,531.59
2022-03-30 19:53:19,531.59
2022-03-30 19:53:24,531.62
2022-03-30 19:53:29,531.69
2022-03-30 19:53:34,531.75
2022-03-30 19:53:39,531.82
2022-03-30 19:53:44,531.82
2022-03-30 19:53:49,531.88
2022-03-30 19:53:54,531.91
2022-03-30 19:53:59,531.98
2022-03-30 19:54:04,532.04
2022-03-30 19:54:09,532.04
2022-03-30 19:54:14,532.11
2022-03-30 19:54:19,532.11
2022-03-30 19:54:24,532.14
2022-03-30 19:54:29,532.21
2022-03-30 19:54:34,532.27
2022-03-30 19:54:39,532.34
2022-03-30 19:54:44,532.4
2022-03-30 19:54:49,532.4
2022-03-30 19:54:54,532.44
2022-03-30 19:54:59,532.5
2022-03-30 19:55:04,532.57
2022-03-30 19:55:09,532.63
2022-03-30 19:55:14,532.66
2022-03-30 19:55:19,532.73
2022-03-30 19:55:24,532.79
2022-03-30 19:55:29,532.86
2022-03-30 19:55:34,532.92
2022-03-30 19:55:39,532.95
2022-03-30 19:55:44,533.08
2022-03-30 19:55:49,533.08
2022-03-30 19:55:54,533.15
2022-03-30 19:55:59,533.24
2022-03-30 19:56:04,533.24
2022-03-30 19:56:09,533.37
2022-03-30 19:56:14,533.44
2022-03-30 19:56:19,533.47
2022-03-30 19:56:24,533.6
2022-03-30 19:56:29,533.66
2022-03-30 19:56:34,533.7
2022-03-30 19:56:39,533.76
2022-03-30 19:56:44,533.89
2022-03-30 19:56:49,533.99
2022-03-30 19:56:54,534.05
2022-03-30 19:56:59,534.12
2022-03-30 19:57:04,534.18
2022-03-30 19:57:09,534.21
2022-03-30 19:57:14,534.28
2022-03-30 19:57:19,534.41
2022-03-30 19:57:24,534.5
2022-03-30 19:57:29,534.47
2022-03-30 19:57:34,534.57
2022-03-30 19:57:39,534.63
2022-03-30 19:57:44,537.71
2022-03-30 19:57:49,534.7
2022-03-30 19:57:54,534.73
2022-03-30 19:57:59,534.79
2022-03-30 19:58:04,534.85
2022-03-30 19:58:09,534.92
2022-03-30 19:58:14,534.98
2022-03-30 19:58:19,535.08
2022-03-30 19:58:24,535.08
2022-03-30 19:58:29,535.14
2022-03-30 19:58:34,535.24
2022-03-30 19:58:39,535.31
2022-03-30 19:58:44,535.37
2022-03-30 19:58:49,535.43
2022-03-30 19:58:54,535.5
2022-03-30 19:58:59,535.5
2022-03-30 19:59:04,535.6
2022-03-30 19:59:09,535.6
2022-03-30 19:59:14,535.66
2022-03-30 19:59:19,535.72
2022-03-30 19:59:24,535.76
2022-03-30 19:59:29,535.82
2022-03-30 19:59:34,535.88
2022-03-30 19:59:39,535.95
2022-03-30 19:59:44,535.95
2022-03-30 19:59:49,536.01
2022-03-30 19:59:54,536.04
2022-03-30 19:59:59,536.11
2022-03-30 20:00:04,536.11
2022-03-30 20:00:09,536.17
2022-03-30 20:00:14,536.24
2022-03-30 20:00:19,536.24
2022-03-30 20:00:24,536.27
2022-03-30 20:00:29,536.33
2022-03-30 20:00:34,536.4
2022-03-30 20:00:39,536.4
2022-03-30 20:00:44,536.53
2022-03-30 20:00:49,536.53
2022-03-30 20:00:54,536.56
2022-03-30 20:00:59,536.63
2022-03-30 20:01:04,536.69
2022-03-30 20:01:09,536.76
2022-03-30 20:01:14,536.76
2022-03-30 20:01:19,536.76
2022-03-30 20:01:24,536.86
2022-03-30 20:01:29,536.86
2022-03-30 20:01:34,536.92
2022-03-30 20:01:39,536.92
2022-03-30 20:01:44,536.99
2022-03-30 20:01:49,536.99
2022-03-30 20:01:54,537.09
2022-03-30 20:01:59,537.09
2022-03-30 20:02:04,537.15
2022-03-30 20:02:09,537.15
2022-03-30 20:02:14,537.22
2022-03-30 20:02:19,537.28
2022-03-30 20:02:24,537.28
2022-03-30 20:02:29,537.32
2022-03-30 20:02:34,537.38
2022-03-30 20:02:39,537.38
2022-03-30 20:02:44,537.45
2022-03-30 20:02:49,537.45
2022-03-30 20:02:54,537.51
2022-03-30 20:02:59,537.51
2022-03-30 20:03:04,537.58
2022-03-30 20:03:09,537.58
2022-03-30 20:03:14,537.61
2022-03-30 20:03:19,537.61
2022-03-30 20:03:24,537.68
2022-03-30 20:03:29,537.61
2022-03-30 20:03:34,537.68
2022-03-30 20:03:39,537.74
2022-03-30 20:03:44,537.68
2022-03-30 20:03:49,537.75
2022-03-30 20:03:54,537.74
2022-03-30 20:03:59,537.75
2022-03-30 20:04:04,537.75
2022-03-30 20:04:09,537.81
2022-03-30 20:04:14,537.81
2022-03-30 20:04:19,537.81
2022-03-30 20:04:24,537.81
2022-03-30 20:04:29,537.81
2022-03-30 20:04:34,537.85
2022-03-30 20:04:39,537.85
2022-03-30 20:04:44,537.81
2022-03-30 20:04:49,537.82
2022-03-30 20:04:54,537.85
2022-03-30 20:04:59,537.82
2022-03-30 20:05:04,537.82
2022-03-30 20:05:09,537.75
2022-03-30 20:05:14,537.75
2022-03-30 20:05:19,537.75
2022-03-30 20:05:24,537.75
2022-03-30 20:05:29,537.69
2022-03-30 20:05:34,537.69
2022-03-30 20:05:39,537.69
2022-03-30 20:05:44,537.62
2022-03-30 20:05:49,537.62
2022-03-30 20:05:54,537.59
2022-03-30 20:05:59,537.59
2022-03-30 20:06:04,537.53
2022-03-30 20:06:09,537.46
2022-03-30 20:06:14,537.53
2022-03-30 20:06:19,537.46
2022-03-30 20:06:24,537.4
2022-03-30 20:06:29,537.4
2022-03-30 20:06:34,537.33
2022-03-30 20:06:39,537.33
2022-03-30 20:06:44,537.3
2022-03-30 20:06:49,537.3
2022-03-30 20:06:54,537.24
2022-03-30 20:06:59,537.24
2022-03-30 20:07:04,537.17
2022-03-30 20:07:09,537.11
2022-03-30 20:07:14,537.11
2022-03-30 20:07:19,537.08
2022-03-30 20:07:24,537.08
2022-03-30 20:07:29,537.01
2022-03-30 20:07:34,537.01
2022-03-30 20:07:39,537.01
2022-03-30 20:07:44,536.95
2022-03-30 20:07:49,536.95
2022-03-30 20:07:54,536.88
2022-03-30 20:07:59,536.95
2022-03-30 20:08:04,536.88
2022-03-30 20:08:09,536.88
2022-03-30 20:08:14,536.88
2022-03-30 20:08:19,536.88
2022-03-30 20:08:24,536.82
2022-03-30 20:08:29,536.82
2022-03-30 20:08:34,536.82
2022-03-30 20:08:39,536.79
2022-03-30 20:08:44,536.82
2022-03-30 20:08:49,536.82
2022-03-30 20:08:54,536.79
2022-03-30 20:08:59,536.79
2022-03-30 20:09:04,536.72
2022-03-30 20:09:09,536.72
2022-03-30 20:09:14,536.72
2022-03-30 20:09:19,536.66
2022-03-30 20:09:24,536.66
2022-03-30 20:09:29,536.66
2022-03-30 20:09:34,536.73
2022-03-30 20:09:39,536.66
2022-03-30 20:09:44,536.73
2022-03-30 20:09:49,536.66
2022-03-30 20:09:54,536.66
2022-03-30 20:09:59,536.66
2022-03-30 20:10:04,536.66
2022-03-30 20:10:09,536.66
2022-03-30 20:10:14,536.67
2022-03-30 20:10:19,536.67
2022-03-30 20:10:24,536.67
2022-03-30 20:10:29,536.67
2022-03-30 20:10:34,536.67
2022-03-30 20:10:39,536.67
2022-03-30 20:10:44,536.61
2022-03-30 20:10:49,536.67
2022-03-30 20:10:54,536.67
2022-03-30 20:10:59,536.67
2022-03-30 20:11:04,536.61
2022-03-30 20:11:09,536.61
2022-03-30 20:11:14,536.61
2022-03-30 20:11:19,536.68
2022-03-30 20:11:24,536.61
2022-03-30 20:11:29,536.62
2022-03-30 20:11:34,536.68
2022-03-30 20:11:39,536.62
2022-03-30 20:11:44,536.62
2022-03-30 20:11:49,536.68
2022-03-30 20:11:54,536.68
2022-03-30 20:11:59,536.62
2022-03-30 20:12:04,536.62
2022-03-30 20:12:09,536.62
2022-03-30 20:12:14,536.69
2022-03-30 20:12:19,536.62
2022-03-30 20:12:24,536.69
2022-03-30 20:12:29,536.69
2022-03-30 20:12:34,536.69
2022-03-30 20:12:39,536.69
2022-03-30 20:12:44,536.69
2022-03-30 20:12:49,536.69
2022-03-30 20:12:54,536.69
2022-03-30 20:12:59,536.69
2022-03-30 20:13:04,536.69
2022-03-30 20:13:09,536.76
2022-03-30 20:13:14,536.76
2022-03-30 20:13:19,536.69
2022-03-30 20:13:24,536.76
2022-03-30 20:13:29,536.76
2022-03-30 20:13:34,536.76
2022-03-30 20:13:39,536.76
2022-03-30 20:13:44,536.83
2022-03-30 20:13:49,536.83
2022-03-30 20:13:54,536.83
2022-03-30 20:13:59,536.83
2022-03-30 20:14:04,536.83
2022-03-30 20:14:09,536.86
2022-03-30 20:14:14,536.86
2022-03-30 20:14:19,536.86
2022-03-30 20:14:24,536.86
2022-03-30 20:14:29,536.93
2022-03-30 20:14:34,536.93
2022-03-30 20:14:39,536.93
2022-03-30 20:14:44,536.93
2022-03-30 20:14:49,536.99
2022-03-30 20:14:54,537.05
2022-03-30 20:14:59,537.05
2022-03-30 20:15:04,537.05
2022-03-30 20:15:09,537.05
2022-03-30 20:15:14,537.12
2022-03-30 20:15:19,537.12
2022-03-30 20:15:24,537.15
2022-03-30 20:15:29,537.12
2022-03-30 20:15:34,537.15
2022-03-30 20:15:39,537.15
2022-03-30 20:15:44,537.22
2022-03-30 20:15:49,537.22
2022-03-30 20:15:54,537.28
2022-03-30 20:15:59,537.28
2022-03-30 20:16:04,537.35
2022-03-30 20:16:09,537.35
2022-03-30 20:16:14,537.35
2022-03-30 20:16:19,537.35
2022-03-30 20:16:24,537.38
2022-03-30 20:16:29,537.45
2022-03-30 20:16:34,537.44
2022-03-30 20:16:39,537.44
2022-03-30 20:16:44,537.44
2022-03-30 20:16:49,537.44
2022-03-30 20:16:54,537.44
2022-03-30 20:16:59,537.51
2022-03-30 20:17:04,537.57
2022-03-30 20:17:09,537.57
2022-03-30 20:17:14,537.57
2022-03-30 20:17:19,537.64
2022-03-30 20:17:24,537.63
2022-03-30 20:17:29,537.63
2022-03-30 20:17:34,537.67
2022-03-30 20:17:39,537.67
2022-03-30 20:17:44,537.67
2022-03-30 20:17:49,537.73
2022-03-30 20:17:54,537.73
2022-03-30 20:17:59,537.73
2022-03-30 20:18:04,537.8
2022-03-30 20:18:09,537.8
2022-03-30 20:18:14,537.8
2022-03-30 20:18:19,537.86
2022-03-30 20:18:24,537.9
2022-03-30 20:18:29,537.9
2022-03-30 20:18:34,537.9
2022-03-30 20:18:39,537.96
2022-03-30 20:18:44,537.96
2022-03-30 20:18:49,538.03
2022-03-30 20:18:54,538.03
2022-03-30 20:18:59,538.03
2022-03-30 20:19:04,538.09
2022-03-30 20:19:09,538.09
2022-03-30 20:19:14,538.16
2022-03-30 20:19:19,538.19
2022-03-30 20:19:24,538.19
2022-03-30 20:19:29,538.26
2022-03-30 20:19:34,538.26
2022-03-30 20:19:39,538.32
2022-03-30 20:19:44,538.39
2022-03-30 20:19:49,538.39
2022-03-30 20:19:54,538.42
2022-03-30 20:19:59,538.42
2022-03-30 20:20:04,538.49
2022-03-30 20:20:09,538.55
2022-03-30 20:20:14,538.62
2022-03-30 20:20:19,538.62
2022-03-30 20:20:24,538.62
2022-03-30 20:20:29,538.68
2022-03-30 20:20:34,538.72
2022-03-30 20:20:39,538.78
2022-03-30 20:20:44,538.78
2022-03-30 20:20:49,538.85
2022-03-30 20:20:54,538.85
2022-03-30 20:20:59,538.91
2022-03-30 20:21:04,538.95
2022-03-30 20:21:09,538.95
2022-03-30 20:21:14,539.01
2022-03-30 20:21:19,539.07
2022-03-30 20:21:24,539.07
2022-03-30 20:21:29,539.08
2022-03-30 20:21:34,539.14
2022-03-30 20:21:39,539.21
2022-03-30 20:21:44,539.24
2022-03-30 20:21:49,539.31
2022-03-30 20:21:54,539.31
2022-03-30 20:21:59,539.31
2022-03-30 20:22:04,539.37
2022-03-30 20:22:09,539.44
2022-03-30 20:22:14,539.47
2022-03-30 20:22:19,539.47
2022-03-30 20:22:24,539.53
2022-03-30 20:22:29,539.53
2022-03-30 20:22:34,539.6
2022-03-30 20:22:39,539.6
2022-03-30 20:22:44,539.6
2022-03-30 20:22:49,539.66
2022-03-30 20:22:54,539.66
2022-03-30 20:22:59,539.66
2022-03-30 20:23:04,539.66
2022-03-30 20:23:09,539.66
2022-03-30 20:23:14,539.66
2022-03-30 20:23:19,539.66
2022-03-30 20:23:24,539.6
2022-03-30 20:23:29,539.6
2022-03-30 20:23:34,539.6
2022-03-30 20:23:39,539.6
2022-03-30 20:23:44,539.54
2022-03-30 20:23:49,539.54
2022-03-30 20:23:54,539.54
2022-03-30 20:23:59,539.47
2022-03-30 20:24:04,539.47
2022-03-30 20:24:09,539.47
2022-03-30 20:24:14,539.47
2022-03-30 20:24:19,539.47
2022-03-30 20:24:24,539.47
2022-03-30 20:24:29,539.48
2022-03-30 20:24:34,539.44
2022-03-30 20:24:39,539.47
2022-03-30 20:24:44,539.44
2022-03-30 20:24:49,539.44
2022-03-30 20:24:54,539.44
2022-03-30 20:24:59,539.44
2022-03-30 20:25:04,539.44
2022-03-30 20:25:09,539.44
2022-03-30 20:25:14,539.44
2022-03-30 20:25:19,539.44
2022-03-30 20:25:24,539.44
2022-03-30 20:25:29,539.44
2022-03-30 20:25:34,539.44
2022-03-30 20:25:39,539.47
2022-03-30 20:25:44,539.54
2022-03-30 20:25:49,539.53
2022-03-30 20:25:54,539.53
2022-03-30 20:25:59,539.53
2022-03-30 20:26:04,539.53
2022-03-30 20:26:09,539.53
2022-03-30 20:26:14,539.6
2022-03-30 20:26:19,539.6
2022-03-30 20:26:24,539.6
2022-03-30 20:26:29,539.66
2022-03-30 20:26:34,539.66
2022-03-30 20:26:39,539.66
2022-03-30 20:26:44,539.73
2022-03-30 20:26:49,539.73
2022-03-30 20:26:54,539.73
2022-03-30 20:26:59,539.73
2022-03-30 20:27:04,539.76
2022-03-30 20:27:09,539.76
2022-03-30 20:27:14,539.76
2022-03-30 20:27:19,539.82
2022-03-30 20:27:24,539.82
2022-03-30 20:27:29,539.82
2022-03-30 20:27:34,539.83
2022-03-30 20:27:39,539.83
2022-03-30 20:27:44,539.83
2022-03-30 20:27:49,539.83
2022-03-30 20:27:54,539.83
2022-03-30 20:27:59,539.83
2022-03-30 20:28:04,539.77
2022-03-30 20:28:09,539.77
2022-03-30 20:28:14,539.77
2022-03-30 20:28:19,539.77
2022-03-30 20:28:24,539.74
2022-03-30 20:28:29,539.73
2022-03-30 20:28:34,539.74
2022-03-30 20:28:39,539.67
2022-03-30 20:28:44,539.67
2022-03-30 20:28:49,539.61
2022-03-30 20:28:54,537.71
2022-03-30 20:28:59,539.61
2022-03-30 20:29:04,539.55
2022-03-30 20:29:09,539.55
2022-03-30 20:29:14,539.55
2022-03-30 20:29:19,539.48
2022-03-30 20:29:24,539.48
2022-03-30 20:29:29,539.39
2022-03-30 20:29:34,539.39
2022-03-30 20:29:39,539.32
2022-03-30 20:29:44,539.33
2022-03-30 20:29:49,539.26
2022-03-30 20:29:54,539.23
2022-03-30 20:29:59,539.17
2022-03-30 20:30:04,539.17
2022-03-30 20:30:09,539.1
2022-03-30 20:30:14,539.04
2022-03-30 20:30:19,539.04
2022-03-30 20:30:24,538.97
2022-03-30 20:30:29,538.97
2022-03-30 20:30:34,538.97
2022-03-30 20:30:39,538.88
2022-03-30 20:30:44,538.88
2022-03-30 20:30:49,538.82
2022-03-30 20:30:54,538.81
2022-03-30 20:30:59,538.75
2022-03-30 20:31:04,538.75
2022-03-30 20:31:09,538.72
2022-03-30 20:31:14,538.65
2022-03-30 20:31:19,538.59
2022-03-30 20:31:24,538.53
2022-03-30 20:31:29,538.46
2022-03-30 20:31:34,538.43
2022-03-30 20:31:39,538.37
2022-03-30 20:31:44,538.3
2022-03-30 20:31:49,538.21
2022-03-30 20:31:54,538.21
2022-03-30 20:31:59,538.08
2022-03-30 20:32:04,538.08
2022-03-30 20:32:09,537.95
2022-03-30 20:32:14,537.85
2022-03-30 20:32:19,537.85
2022-03-30 20:32:24,537.79
2022-03-30 20:32:29,537.69
2022-03-30 20:32:34,537.63
2022-03-30 20:32:39,537.56
2022-03-30 20:32:44,537.5
2022-03-30 20:32:49,537.4
2022-03-30 20:32:54,537.27
2022-03-30 20:32:59,537.18
2022-03-30 20:33:04,537.11
2022-03-30 20:33:09,536.98
2022-03-30 20:33:14,536.89
2022-03-30 20:33:19,536.82
2022-03-30 20:33:24,536.76
2022-03-30 20:33:29,536.6
2022-03-30 20:33:34,536.53
2022-03-30 20:33:39,536.4
2022-03-30 20:33:44,536.37
2022-03-30 20:33:49,536.18
2022-03-30 20:33:54,536.15
2022-03-30 20:33:59,536.08
2022-03-30 20:34:04,535.95
2022-03-30 20:34:09,535.86
2022-03-30 20:34:14,535.73
2022-03-30 20:34:19,535.66
2022-03-30 20:34:24,535.5
2022-03-30 20:34:29,535.44
2022-03-30 20:34:34,535.34
2022-03-30 20:34:39,535.27
2022-03-30 20:34:44,535.14
2022-03-30 20:34:49,535.05
2022-03-30 20:34:54,534.98
2022-03-30 20:34:59,534.85
2022-03-30 20:35:04,534.82
2022-03-30 20:35:09,534.63
2022-03-30 20:35:14,534.6
2022-03-30 20:35:19,534.53
2022-03-30 20:35:24,534.34
2022-03-30 20:35:29,534.31
2022-03-30 20:35:34,534.18
2022-03-30 20:35:39,534.11
2022-03-30 20:35:44,534.02
2022-03-30 20:35:49,533.95
2022-03-30 20:35:54,533.89
2022-03-30 20:35:59,533.79
2022-03-30 20:36:04,533.66
2022-03-30 20:36:09,533.6
2022-03-30 20:36:14,533.57
2022-03-30 20:36:19,537.71
2022-03-30 20:36:24,533.37
2022-03-30 20:36:29,533.31
2022-03-30 20:36:34,533.28
2022-03-30 20:36:39,533.21
2022-03-30 20:36:44,533.08
2022-03-30 20:36:49,533.09
2022-03-30 20:36:54,532.99
2022-03-30 20:36:59,532.92
2022-03-30 20:37:04,532.86
2022-03-30 20:37:09,532.8
2022-03-30 20:37:14,532.77
2022-03-30 20:37:19,532.77
2022-03-30 20:37:24,532.7
2022-03-30 20:37:29,532.7
2022-03-30 20:37:34,532.64
2022-03-30 20:37:39,532.57
2022-03-30 20:37:44,532.58
2022-03-30 20:37:49,532.54
2022-03-30 20:37:54,532.48
2022-03-30 20:37:59,532.48
2022-03-30 20:38:04,532.42
2022-03-30 20:38:09,532.42
2022-03-30 20:38:14,532.35
2022-03-30 20:38:19,532.35
2022-03-30 20:38:24,532.29
2022-03-30 20:38:29,532.26
2022-03-30 20:38:34,532.19
2022-03-30 20:38:39,532.13
2022-03-30 20:38:44,532.13
2022-03-30 20:38:49,532.06
2022-03-30 20:38:54,532.04
2022-03-30 20:38:59,532.04
2022-03-30 20:39:04,531.97
2022-03-30 20:39:09,531.97
2022-03-30 20:39:14,531.91
2022-03-30 20:39:19,531.84
2022-03-30 20:39:24,531.84
2022-03-30 20:39:29,531.84
2022-03-30 20:39:34,531.78
2022-03-30 20:39:39,537.71
2022-03-30 20:39:44,531.78
2022-03-30 20:39:49,531.75
2022-03-30 20:39:54,531.75
2022-03-30 20:39:59,531.75
2022-03-30 20:40:04,531.69
2022-03-30 20:40:09,531.68
2022-03-30 20:40:14,531.69
2022-03-30 20:40:19,531.69
2022-03-30 20:40:24,531.69
2022-03-30 20:40:29,531.69
2022-03-30 20:40:34,531.69
2022-03-30 20:40:39,531.62
2022-03-30 20:40:44,531.69
2022-03-30 20:40:49,531.69
2022-03-30 20:40:54,531.69
2022-03-30 20:40:59,531.69
2022-03-30 20:41:04,531.75
2022-03-30 20:41:09,531.75
2022-03-30 20:41:14,531.78
2022-03-30 20:41:19,531.85
2022-03-30 20:41:24,531.85
2022-03-30 20:41:29,531.85
2022-03-30 20:41:34,531.92
2022-03-30 20:41:39,531.91
2022-03-30 20:41:44,531.91
2022-03-30 20:41:49,531.91
2022-03-30 20:41:54,531.98
2022-03-30 20:41:59,531.98
2022-03-30 20:42:04,531.98
2022-03-30 20:42:09,532.07
2022-03-30 20:42:14,532.04
2022-03-30 20:42:19,532.07
2022-03-30 20:42:24,532.14
2022-03-30 20:42:29,532.2
2022-03-30 20:42:34,532.2
2022-03-30 20:42:39,532.2
2022-03-30 20:42:44,532.27
2022-03-30 20:42:49,532.3
2022-03-30 20:42:54,532.3
2022-03-30 20:42:59,532.36
2022-03-30 20:43:04,532.36
2022-03-30 20:43:09,532.43
2022-03-30 20:43:14,532.49
2022-03-30 20:43:19,532.49
2022-03-30 20:43:24,532.49
2022-03-30 20:43:29,532.49
2022-03-30 20:43:34,532.55
2022-03-30 20:43:39,532.55
2022-03-30 20:43:44,532.59
2022-03-30 20:43:49,532.65
2022-03-30 20:43:54,532.65
2022-03-30 20:43:59,532.71
2022-03-30 20:44:04,532.71
2022-03-30 20:44:09,532.71
2022-03-30 20:44:14,532.78
2022-03-30 20:44:19,532.78
2022-03-30 20:44:24,532.81
2022-03-30 20:44:29,532.87
2022-03-30 20:44:34,532.87
2022-03-30 20:44:39,532.94
2022-03-30 20:44:44,532.94
2022-03-30 20:44:49,533.0
2022-03-30 20:44:54,533.07
2022-03-30 20:44:59,533.07
2022-03-30 20:45:04,533.07
2022-03-30 20:45:09,533.1
2022-03-30 20:45:14,533.1
2022-03-30 20:45:19,533.16
2022-03-30 20:45:24,533.23
2022-03-30 20:45:29,533.23
2022-03-30 20:45:34,533.29
2022-03-30 20:45:39,533.29
2022-03-30 20:45:44,533.29
2022-03-30 20:45:49,533.33
2022-03-30 20:45:54,533.39
2022-03-30 20:45:59,533.39
2022-03-30 20:46:04,533.39
2022-03-30 20:46:09,533.46
2022-03-30 20:46:14,533.52
2022-03-30 20:46:19,533.58
2022-03-30 20:46:24,533.58
2022-03-30 20:46:29,533.59
2022-03-30 20:46:34,533.62
2022-03-30 20:46:39,533.62
2022-03-30 20:46:44,533.62
2022-03-30 20:46:49,533.62
2022-03-30 20:46:54,533.69
2022-03-30 20:46:59,533.69
2022-03-30 20:47:04,533.69
2022-03-30 20:47:09,533.75
2022-03-30 20:47:14,533.75
2022-03-30 20:47:19,533.75
2022-03-30 20:47:24,533.75
2022-03-30 20:47:29,533.82
2022-03-30 20:47:34,533.82
2022-03-30 20:47:39,533.85
2022-03-30 20:47:44,533.85
2022-03-30 20:47:49,533.85
2022-03-30 20:47:54,533.92
2022-03-30 20:47:59,533.98
2022-03-30 20:48:04,533.92
2022-03-30 20:48:09,533.99
2022-03-30 20:48:14,533.99
2022-03-30 20:48:19,534.05
2022-03-30 20:48:24,533.99
2022-03-30 20:48:29,534.05
2022-03-30 20:48:34,534.05
2022-03-30 20:48:39,534.12
2022-03-30 20:48:44,534.12
2022-03-30 20:48:49,534.15
2022-03-30 20:48:54,534.15
2022-03-30 20:48:59,534.12
2022-03-30 20:49:04,534.15
2022-03-30 20:49:09,534.15
2022-03-30 20:49:14,534.15
2022-03-30 20:49:19,534.21
2022-03-30 20:49:24,534.22
2022-03-30 20:49:29,534.22
2022-03-30 20:49:34,534.22
2022-03-30 20:49:39,534.28
2022-03-30 20:49:44,534.35
2022-03-30 20:49:49,534.34
2022-03-30 20:49:54,534.34
2022-03-30 20:49:59,534.38
2022-03-30 20:50:04,534.38
2022-03-30 20:50:09,534.38
2022-03-30 20:50:14,534.44
2022-03-30 20:50:19,534.51
2022-03-30 20:50:24,534.51
2022-03-30 20:50:29,534.51
2022-03-30 20:50:34,534.57
2022-03-30 20:50:39,534.64
2022-03-30 20:50:44,534.63
2022-03-30 20:50:49,534.63
2022-03-30 20:50:54,534.67
2022-03-30 20:50:59,534.63
2022-03-30 20:51:04,534.67
2022-03-30 20:51:09,534.67
2022-03-30 20:51:14,534.73
2022-03-30 20:51:19,534.73
2022-03-30 20:51:24,534.8
2022-03-30 20:51:29,534.8
2022-03-30 20:51:34,534.86
2022-03-30 20:51:39,534.86
2022-03-30 20:51:44,534.96
2022-03-30 20:51:49,535.02
2022-03-30 20:51:54,537.71
2022-03-30 20:51:59,535.08
2022-03-30 20:52:04,535.08
2022-03-30 20:52:09,535.15
2022-03-30 20:52:14,535.24
2022-03-30 20:52:19,535.18
2022-03-30 20:52:24,535.31
2022-03-30 20:52:29,535.31
2022-03-30 20:52:34,535.37
2022-03-30 20:52:39,535.4
2022-03-30 20:52:44,535.4
2022-03-30 20:52:49,535.53
2022-03-30 20:52:54,535.53
2022-03-30 20:52:59,535.59
2022-03-30 20:53:04,535.69
2022-03-30 20:53:09,535.69
2022-03-30 20:53:14,535.82
2022-03-30 20:53:19,535.88
2022-03-30 20:53:24,535.91
2022-03-30 20:53:29,535.98
2022-03-30 20:53:34,536.11
2022-03-30 20:53:39,536.2
2022-03-30 20:53:44,536.2
2022-03-30 20:53:49,536.4
2022-03-30 20:53:54,536.43
2022-03-30 20:53:59,536.56
2022-03-30 20:54:04,536.56
2022-03-30 20:54:09,536.69
2022-03-30 20:54:14,536.72
2022-03-30 20:54:19,536.85
2022-03-30 20:54:24,536.95
2022-03-30 20:54:29,536.95
2022-03-30 20:54:34,537.01
2022-03-30 20:54:39,537.2
2022-03-30 20:54:44,537.24
2022-03-30 20:54:49,537.3
2022-03-30 20:54:54,537.37
2022-03-30 20:54:59,537.52
2022-03-30 20:55:04,537.59
2022-03-30 20:55:09,537.72
2022-03-30 20:55:14,537.72
2022-03-30 20:55:19,537.82
2022-03-30 20:55:24,537.95
2022-03-30 20:55:29,537.98
2022-03-30 20:55:34,538.05
2022-03-30 20:55:39,538.24
2022-03-30 20:55:44,538.27
2022-03-30 20:55:49,538.34
2022-03-30 20:55:54,538.46
2022-03-30 20:55:59,538.5
2022-03-30 20:56:04,538.56
2022-03-30 20:56:09,538.69
2022-03-30 20:56:14,538.69
2022-03-30 20:56:19,538.79
2022-03-30 20:56:24,538.85
2022-03-30 20:56:29,538.92
2022-03-30 20:56:34,538.98
2022-03-30 20:56:39,539.02
2022-03-30 20:56:44,539.08
2022-03-30 20:56:49,539.21
2022-03-30 20:56:54,539.28
2022-03-30 20:56:59,539.31
2022-03-30 20:57:04,539.31
2022-03-30 20:57:09,539.44
2022-03-30 20:57:14,539.5
2022-03-30 20:57:19,539.5
2022-03-30 20:57:24,539.6
2022-03-30 20:57:29,539.66
2022-03-30 20:57:34,539.73
2022-03-30 20:57:39,539.73
2022-03-30 20:57:44,539.73
2022-03-30 20:57:49,539.79
2022-03-30 20:57:54,539.82
2022-03-30 20:57:59,539.83
2022-03-30 20:58:04,539.89
2022-03-30 20:58:09,539.83
2022-03-30 20:58:14,539.89
2022-03-30 20:58:19,539.89
2022-03-30 20:58:24,539.89
2022-03-30 20:58:29,539.89
2022-03-30 20:58:34,539.96
2022-03-30 20:58:39,539.89
2022-03-30 20:58:44,539.96
2022-03-30 20:58:49,539.95
2022-03-30 20:58:54,539.89
2022-03-30 20:58:59,539.96
2022-03-30 20:59:04,539.95
2022-03-30 20:59:09,539.95
2022-03-30 20:59:14,539.89
2022-03-30 20:59:19,539.96
2022-03-30 20:59:24,539.89
2022-03-30 20:59:29,539.96
2022-03-30 20:59:34,539.96
2022-03-30 20:59:39,539.95
2022-03-30 20:59:44,539.95
2022-03-30 20:59:49,539.89
2022-03-30 20:59:54,539.89
2022-03-30 20:59:59,539.95
2022-03-30 21:00:04,539.89
2022-03-30 21:00:09,539.89
2022-03-30 21:00:14,539.89
2022-03-30 21:00:19,539.83
2022-03-30 21:00:24,539.82
2022-03-30 21:00:29,539.82
2022-03-30 21:00:34,539.79
2022-03-30 21:00:39,539.73
2022-03-30 21:00:44,539.73
2022-03-30 21:00:49,539.66
2022-03-30 21:00:54,539.6
2022-03-30 21:00:59,539.6
2022-03-30 21:01:04,539.53
2022-03-30 21:01:09,539.5
2022-03-30 21:01:14,539.53
2022-03-30 21:01:19,539.43
2022-03-30 21:01:24,539.31
2022-03-30 21:01:29,539.37
2022-03-30 21:01:34,539.3
2022-03-30 21:01:39,539.31
2022-03-30 21:01:44,539.27
2022-03-30 21:01:49,539.21
2022-03-30 21:01:54,539.14
2022-03-30 21:01:59,539.08
2022-03-30 21:02:04,539.08
2022-03-30 21:02:09,539.01
2022-03-30 21:02:14,539.01
2022-03-30 21:02:19,538.98
2022-03-30 21:02:24,538.91
2022-03-30 21:02:29,538.91
2022-03-30 21:02:34,538.78
2022-03-30 21:02:39,538.78
2022-03-30 21:02:44,538.78
2022-03-30 21:02:49,538.75
2022-03-30 21:02:54,538.75
2022-03-30 21:02:59,538.69
2022-03-30 21:03:04,538.62
2022-03-30 21:03:09,538.56
2022-03-30 21:03:14,538.56
2022-03-30 21:03:19,538.49
2022-03-30 21:03:24,538.5
2022-03-30 21:03:29,538.5
2022-03-30 21:03:34,538.46
2022-03-30 21:03:39,538.4
2022-03-30 21:03:44,538.4
2022-03-30 21:03:49,538.4
2022-03-30 21:03:54,538.4
2022-03-30 21:03:59,538.4
2022-03-30 21:04:04,538.34
2022-03-30 21:04:09,538.34
2022-03-30 21:04:14,538.27
2022-03-30 21:04:19,538.34
2022-03-30 21:04:24,538.27
2022-03-30 21:04:29,538.27
2022-03-30 21:04:34,538.27
2022-03-30 21:04:39,538.27
2022-03-30 21:04:44,538.24
2022-03-30 21:04:49,538.25
2022-03-30 21:04:54,538.24
2022-03-30 21:04:59,538.24
2022-03-30 21:05:04,538.25
2022-03-30 21:05:09,538.25
2022-03-30 21:05:14,538.25
2022-03-30 21:05:19,538.28
2022-03-30 21:05:24,538.25
2022-03-30 21:05:29,538.25
2022-03-30 21:05:34,538.28
2022-03-30 21:05:39,538.28
2022-03-30 21:05:44,538.28
2022-03-30 21:05:49,538.35
2022-03-30 21:05:54,538.35
2022-03-30 21:05:59,538.35
2022-03-30 21:06:04,538.35
2022-03-30 21:06:09,538.41
2022-03-30 21:06:14,538.41
2022-03-30 21:06:19,538.41
2022-03-30 21:06:24,538.41
2022-03-30 21:06:29,538.41
2022-03-30 21:06:34,538.42
2022-03-30 21:06:39,538.48
2022-03-30 21:06:44,538.48
2022-03-30 21:06:49,538.48
2022-03-30 21:06:54,538.48
2022-03-30 21:06:59,538.48
2022-03-30 21:07:04,538.51
2022-03-30 21:07:09,538.51
2022-03-30 21:07:14,538.51
2022-03-30 21:07:19,538.51
2022-03-30 21:07:24,538.51
2022-03-30 21:07:29,538.58
2022-03-30 21:07:34,538.58
2022-03-30 21:07:39,538.64
2022-03-30 21:07:44,538.64
2022-03-30 21:07:49,538.64
2022-03-30 21:07:54,538.58
2022-03-30 21:07:59,538.58
2022-03-30 21:08:04,538.64
2022-03-30 21:08:09,538.58
2022-03-30 21:08:14,538.65
2022-03-30 21:08:19,538.64
2022-03-30 21:08:24,538.58
2022-03-30 21:08:29,538.51
2022-03-30 21:08:34,538.51
2022-03-30 21:08:39,538.51
2022-03-30 21:08:44,538.48
2022-03-30 21:08:49,538.48
2022-03-30 21:08:54,538.42
2022-03-30 21:08:59,538.35
2022-03-30 21:09:04,538.25
2022-03-30 21:09:09,538.25
2022-03-30 21:09:14,538.19
2022-03-30 21:09:19,538.13
2022-03-30 21:09:24,538.06
2022-03-30 21:09:29,538.0
2022-03-30 21:09:34,537.9
2022-03-30 21:09:39,537.9
2022-03-30 21:09:44,537.77
2022-03-30 21:09:49,537.74
2022-03-30 21:09:54,537.67
2022-03-30 21:09:59,537.54
2022-03-30 21:10:04,537.48
2022-03-30 21:10:09,537.45
2022-03-30 21:10:14,537.38
2022-03-30 21:10:19,537.25
2022-03-30 21:10:24,537.22
2022-03-30 21:10:29,537.09
2022-03-30 21:10:34,537.02
2022-03-30 21:10:39,536.93
2022-03-30 21:10:44,536.86
2022-03-30 21:10:49,536.8
2022-03-30 21:10:54,536.64
2022-03-30 21:10:59,536.51
2022-03-30 21:11:04,536.45
2022-03-30 21:11:09,536.35
2022-03-30 21:11:14,536.28
2022-03-30 21:11:19,536.19
2022-03-30 21:11:24,536.12
2022-03-30 21:11:29,536.06
2022-03-30 21:11:34,535.93
2022-03-30 21:11:39,535.83
2022-03-30 21:11:44,535.77
2022-03-30 21:11:49,535.67
2022-03-30 21:11:54,535.6
2022-03-30 21:11:59,535.54
2022-03-30 21:12:04,535.41
2022-03-30 21:12:09,535.38
2022-03-30 21:12:14,535.25
2022-03-30 21:12:19,535.16
2022-03-30 21:12:24,535.03
2022-03-30 21:12:29,534.9
2022-03-30 21:12:34,534.87
2022-03-30 21:12:39,534.74
2022-03-30 21:12:44,534.67
2022-03-30 21:12:49,534.45
2022-03-30 21:12:54,534.45
2022-03-30 21:12:59,534.35
2022-03-30 21:13:04,534.23
2022-03-30 21:13:09,534.16
2022-03-30 21:13:14,534.13
2022-03-30 21:13:19,534.0
2022-03-30 21:13:24,533.87
2022-03-30 21:13:29,533.84
2022-03-30 21:13:34,533.65
2022-03-30 21:13:39,533.62
2022-03-30 21:13:44,533.42
2022-03-30 21:13:49,533.36
2022-03-30 21:13:54,533.33
2022-03-30 21:13:59,533.13
2022-03-30 21:14:04,533.14
2022-03-30 21:14:09,532.98
2022-03-30 21:14:14,532.91
2022-03-30 21:14:19,532.85
2022-03-30 21:14:24,532.75
2022-03-30 21:14:29,532.62
2022-03-30 21:14:34,532.53
2022-03-30 21:14:39,532.47
2022-03-30 21:14:44,532.4
2022-03-30 21:14:49,532.31
2022-03-30 21:14:54,532.18
2022-03-30 21:14:59,532.08
2022-03-30 21:15:04,532.02
2022-03-30 21:15:09,531.95
2022-03-30 21:15:14,531.89
2022-03-30 21:15:19,531.79
2022-03-30 21:15:24,531.67
2022-03-30 21:15:29,531.57
2022-03-30 21:15:34,531.5
2022-03-30 21:15:39,531.37
2022-03-30 21:15:44,531.31
2022-03-30 21:15:49,531.21
2022-03-30 21:15:54,531.15
2022-03-30 21:15:59,531.05
2022-03-30 21:16:04,530.92
2022-03-30 21:16:09,530.86
2022-03-30 21:16:14,530.76
2022-03-30 21:16:19,530.7
2022-03-30 21:16:24,530.57
2022-03-30 21:16:29,530.48
2022-03-30 21:16:34,530.34
2022-03-30 21:16:39,530.28
2022-03-30 21:16:44,530.25
2022-03-30 21:16:49,530.18
2022-03-30 21:16:54,530.06
2022-03-30 21:16:59,529.96
2022-03-30 21:17:04,529.89
2022-03-30 21:17:09,529.83
2022-03-30 21:17:14,529.77
2022-03-30 21:17:19,529.6
2022-03-30 21:17:24,529.67
2022-03-30 21:17:29,529.61
2022-03-30 21:17:34,529.51
2022-03-30 21:17:39,529.44
2022-03-30 21:17:44,529.38
2022-03-30 21:17:49,529.31
2022-03-30 21:17:54,529.25
2022-03-30 21:17:59,529.22
2022-03-30 21:18:04,529.15
2022-03-30 21:18:09,529.09
2022-03-30 21:18:14,529.02
2022-03-30 21:18:19,529.02
2022-03-30 21:18:24,528.93
2022-03-30 21:18:29,528.93
2022-03-30 21:18:34,528.86
2022-03-30 21:18:39,528.86
2022-03-30 21:18:44,528.8
2022-03-30 21:18:49,528.8
2022-03-30 21:18:54,528.74
2022-03-30 21:18:59,528.7
2022-03-30 21:19:04,528.64
2022-03-30 21:19:09,528.64
2022-03-30 21:19:14,528.57
2022-03-30 21:19:19,528.51
2022-03-30 21:19:24,528.47
2022-03-30 21:19:29,528.47
2022-03-30 21:19:34,528.41
2022-03-30 21:19:39,528.41
2022-03-30 21:19:44,528.34
2022-03-30 21:19:49,528.34
2022-03-30 21:19:54,528.21
2022-03-30 21:19:59,528.21
2022-03-30 21:20:04,528.18
2022-03-30 21:20:09,528.18
2022-03-30 21:20:14,528.12
2022-03-30 21:20:19,528.05
2022-03-30 21:20:24,537.71
2022-03-30 21:20:29,527.96
2022-03-30 21:20:34,527.99
2022-03-30 21:20:39,527.96
2022-03-30 21:20:44,527.89
2022-03-30 21:20:49,527.89
2022-03-30 21:20:54,527.83
2022-03-30 21:20:59,537.71
2022-03-30 21:21:04,527.76
2022-03-30 21:21:09,527.7
2022-03-30 21:21:14,527.67
2022-03-30 21:21:19,527.6
2022-03-30 21:21:24,527.53
2022-03-30 21:21:29,527.47
2022-03-30 21:21:34,527.44
2022-03-30 21:21:39,527.38
2022-03-30 21:21:44,527.38
2022-03-30 21:21:49,527.31
2022-03-30 21:21:54,527.25
2022-03-30 21:21:59,527.25
2022-03-30 21:22:04,527.15
2022-03-30 21:22:09,527.15
2022-03-30 21:22:14,527.09
2022-03-30 21:22:19,527.09
2022-03-30 21:22:24,527.02
2022-03-30 21:22:29,526.96
2022-03-30 21:22:34,526.96
2022-03-30 21:22:39,526.87
2022-03-30 21:22:44,526.87
2022-03-30 21:22:49,526.8
2022-03-30 21:22:54,526.74
2022-03-30 21:22:59,526.64
2022-03-30 21:23:04,526.64
2022-03-30 21:23:09,526.58
2022-03-30 21:23:14,526.45
2022-03-30 21:23:19,526.45
2022-03-30 21:23:24,526.35
2022-03-30 21:23:29,526.29
2022-03-30 21:23:34,526.29
2022-03-30 21:23:39,526.23
2022-03-30 21:23:44,526.16
2022-03-30 21:23:49,526.13
2022-03-30 21:23:54,526.07
2022-03-30 21:23:59,526.07
2022-03-30 21:24:04,526.01
2022-03-30 21:24:09,526.01
2022-03-30 21:24:14,525.94
2022-03-30 21:24:19,525.91
2022-03-30 21:24:24,525.85
2022-03-30 21:24:29,525.78
2022-03-30 21:24:34,525.72
2022-03-30 21:24:39,525.72
2022-03-30 21:24:44,525.62
2022-03-30 21:24:49,525.62
2022-03-30 21:24:54,525.56
2022-03-30 21:24:59,525.56
2022-03-30 21:25:04,525.49
2022-03-30 21:25:09,525.43
2022-03-30 21:25:14,525.43
2022-03-30 21:25:19,525.4
2022-03-30 21:25:24,525.4
2022-03-30 21:25:29,525.33
2022-03-30 21:25:34,525.33
2022-03-30 21:25:39,525.27
2022-03-30 21:25:44,525.27
2022-03-30 21:25:49,525.2
2022-03-30 21:25:54,525.2
2022-03-30 21:25:59,525.2
2022-03-30 21:26:04,525.2
2022-03-30 21:26:09,525.2
2022-03-30 21:26:14,525.2
2022-03-30 21:26:19,525.2
2022-03-30 21:26:24,525.14
2022-03-30 21:26:29,525.14
2022-03-30 21:26:34,525.14
2022-03-30 21:26:39,525.11
2022-03-30 21:26:44,525.11
2022-03-30 21:26:49,525.14
2022-03-30 21:26:54,525.14
2022-03-30 21:26:59,525.11
2022-03-30 21:27:04,525.11
2022-03-30 21:27:09,525.14
2022-03-30 21:27:14,525.14
2022-03-30 21:27:19,525.14
2022-03-30 21:27:24,525.14
2022-03-30 21:27:29,525.14
2022-03-30 21:27:34,525.14
2022-03-30 21:27:39,525.14
2022-03-30 21:27:44,525.13
2022-03-30 21:27:49,525.2
2022-03-30 21:27:54,525.2
2022-03-30 21:27:59,525.2
2022-03-30 21:28:04,525.27
2022-03-30 21:28:09,525.33
2022-03-30 21:28:14,525.26
2022-03-30 21:28:19,525.33
2022-03-30 21:28:24,525.42
2022-03-30 21:28:29,525.43
2022-03-30 21:28:34,525.49
2022-03-30 21:28:39,525.55
2022-03-30 21:28:44,525.55
2022-03-30 21:28:49,525.65
2022-03-30 21:28:54,525.71
2022-03-30 21:28:59,525.84
2022-03-30 21:29:04,525.94
2022-03-30 21:29:09,525.94
2022-03-30 21:29:14,526.07
2022-03-30 21:29:19,526.13
2022-03-30 21:29:24,526.29
2022-03-30 21:29:29,526.35
2022-03-30 21:29:34,526.51
2022-03-30 21:29:39,526.51
2022-03-30 21:29:44,526.64
2022-03-30 21:29:49,526.74
2022-03-30 21:29:54,526.94
2022-03-30 21:29:59,526.97
2022-03-30 21:30:04,527.1
2022-03-30 21:30:09,527.26
2022-03-30 21:30:14,527.32
2022-03-30 21:30:19,527.45
2022-03-30 21:30:24,527.61
2022-03-30 21:30:29,527.77
2022-03-30 21:30:34,527.9
2022-03-30 21:30:39,528.0
2022-03-30 21:30:44,528.13
2022-03-30 21:30:49,528.29
2022-03-30 21:30:54,528.42
2022-03-30 21:30:59,528.51
2022-03-30 21:31:04,528.74
2022-03-30 21:31:09,528.87
2022-03-30 21:31:14,529.0
2022-03-30 21:31:19,529.16
2022-03-30 21:31:24,529.26
2022-03-30 21:31:29,529.45
2022-03-30 21:31:34,529.55
2022-03-30 21:31:39,529.68
2022-03-30 21:31:44,529.84
2022-03-30 21:31:49,529.91
2022-03-30 21:31:54,530.07
2022-03-30 21:31:59,530.26
2022-03-30 21:32:04,530.36
2022-03-30 21:32:09,530.49
2022-03-30 21:32:14,530.65
2022-03-30 21:32:19,530.81
2022-03-30 21:32:24,531.0
2022-03-30 21:32:29,531.07
2022-03-30 21:32:34,531.17
2022-03-30 21:32:39,531.3
2022-03-30 21:32:44,531.46
2022-03-30 21:32:49,531.59
2022-03-30 21:32:54,531.75
2022-03-30 21:32:59,531.84
2022-03-30 21:33:04,531.97
2022-03-30 21:33:09,532.13
2022-03-30 21:33:14,532.26
2022-03-30 21:33:19,532.43
2022-03-30 21:33:24,532.49
2022-03-30 21:33:29,532.62
2022-03-30 21:33:34,532.72
2022-03-30 21:33:39,532.85
2022-03-30 21:33:44,533.01
2022-03-30 21:33:49,533.07
2022-03-30 21:33:54,533.23
2022-03-30 21:33:59,533.36
2022-03-30 21:34:04,533.46
2022-03-30 21:34:09,533.52
2022-03-30 21:34:14,533.69
2022-03-30 21:34:19,533.75
2022-03-30 21:34:24,533.81
2022-03-30 21:34:29,533.97
2022-03-30 21:34:34,534.04
2022-03-30 21:34:39,534.17
2022-03-30 21:34:44,534.26
2022-03-30 21:34:49,534.4
2022-03-30 21:34:54,534.49
2022-03-30 21:34:59,534.56
2022-03-30 21:35:04,534.72
2022-03-30 21:35:09,534.72
2022-03-30 21:35:14,534.84
2022-03-30 21:35:19,534.94
2022-03-30 21:35:24,535.01
2022-03-30 21:35:29,535.07
2022-03-30 21:35:34,535.13
2022-03-30 21:35:39,535.2
2022-03-30 21:35:44,535.3
2022-03-30 21:35:49,535.3
2022-03-30 21:35:54,535.42
2022-03-30 21:35:59,535.46
2022-03-30 21:36:04,535.52
2022-03-30 21:36:09,535.58
2022-03-30 21:36:14,535.71
2022-03-30 21:36:19,535.74
2022-03-30 21:36:24,535.87
2022-03-30 21:36:29,535.87
2022-03-30 21:36:34,535.97
2022-03-30 21:36:39,536.04
2022-03-30 21:36:44,536.1
2022-03-30 21:36:49,536.23
2022-03-30 21:36:54,536.26
2022-03-30 21:36:59,536.32
2022-03-30 21:37:04,536.39
2022-03-30 21:37:09,536.45
2022-03-30 21:37:14,536.55
2022-03-30 21:37:19,536.61
2022-03-30 21:37:24,536.67
2022-03-30 21:37:29,536.77
2022-03-30 21:37:34,536.84
2022-03-30 21:37:39,536.9
2022-03-30 21:37:44,536.9
2022-03-30 21:37:49,537.0
2022-03-30 21:37:54,537.13
2022-03-30 21:37:59,537.19
2022-03-30 21:38:04,537.25
2022-03-30 21:38:09,537.35
2022-03-30 21:38:14,537.41
2022-03-30 21:38:19,537.48
2022-03-30 21:38:24,537.57
2022-03-30 21:38:29,537.57
2022-03-30 21:38:34,537.64
2022-03-30 21:38:39,537.7
2022-03-30 21:38:44,537.77
2022-03-30 21:38:49,537.8
2022-03-30 21:38:54,537.87
2022-03-30 21:38:59,537.87
2022-03-30 21:39:04,537.93
2022-03-30 21:39:09,537.99
2022-03-30 21:39:14,538.03
2022-03-30 21:39:19,538.09
2022-03-30 21:39:24,538.09
2022-03-30 21:39:29,538.16
2022-03-30 21:39:34,538.16
2022-03-30 21:39:39,538.22
2022-03-30 21:39:44,538.29
2022-03-30 21:39:49,538.32
2022-03-30 21:39:54,538.32
2022-03-30 21:39:59,538.38
2022-03-30 21:40:04,538.39
2022-03-30 21:40:09,538.45
2022-03-30 21:40:14,538.52
2022-03-30 21:40:19,538.45
2022-03-30 21:40:24,538.52
2022-03-30 21:40:29,538.52
2022-03-30 21:40:34,538.55
2022-03-30 21:40:39,538.55
2022-03-30 21:40:44,538.62
2022-03-30 21:40:49,538.68
2022-03-30 21:40:54,538.68
2022-03-30 21:40:59,538.74
2022-03-30 21:41:04,538.68
2022-03-30 21:41:09,538.68
2022-03-30 21:41:14,538.68
2022-03-30 21:41:19,538.75
2022-03-30 21:41:24,538.75
2022-03-30 21:41:29,538.69
2022-03-30 21:41:34,538.68
2022-03-30 21:41:39,538.69
2022-03-30 21:41:44,538.62
2022-03-30 21:41:49,538.62
2022-03-30 21:41:54,538.62
2022-03-30 21:41:59,538.56
2022-03-30 21:42:04,538.56
2022-03-30 21:42:09,538.53
2022-03-30 21:42:14,538.46
2022-03-30 21:42:19,538.4
2022-03-30 21:42:24,538.34
2022-03-30 21:42:29,538.3
2022-03-30 21:42:34,538.3
2022-03-30 21:42:39,538.24
2022-03-30 21:42:44,538.17
2022-03-30 21:42:49,538.11
2022-03-30 21:42:54,538.05
2022-03-30 21:42:59,538.01
2022-03-30 21:43:04,537.95
2022-03-30 21:43:09,537.89
2022-03-30 21:43:14,537.79
2022-03-30 21:43:19,537.72
2022-03-30 21:43:24,537.66
2022-03-30 21:43:29,537.6
2022-03-30 21:43:34,537.53
2022-03-30 21:43:39,537.5
2022-03-30 21:43:44,537.44
2022-03-30 21:43:49,537.37
2022-03-30 21:43:54,537.31
2022-03-30 21:43:59,537.31
2022-03-30 21:44:04,537.28
2022-03-30 21:44:09,537.21
2022-03-30 21:44:14,537.15
2022-03-30 21:44:19,537.08
2022-03-30 21:44:24,537.08
2022-03-30 21:44:29,536.99
2022-03-30 21:44:34,536.99
2022-03-30 21:44:39,536.92
2022-03-30 21:44:44,536.86
2022-03-30 21:44:49,536.79
2022-03-30 21:44:54,536.76
2022-03-30 21:44:59,536.76
2022-03-30 21:45:04,536.69
2022-03-30 21:45:09,536.69
2022-03-30 21:45:14,536.63
2022-03-30 21:45:19,536.63
2022-03-30 21:45:24,536.57
2022-03-30 21:45:29,536.5
2022-03-30 21:45:34,536.5
2022-03-30 21:45:39,536.47
2022-03-30 21:45:44,536.4
2022-03-30 21:45:49,536.4
2022-03-30 21:45:54,536.34
2022-03-30 21:45:59,536.27
2022-03-30 21:46:04,536.34
2022-03-30 21:46:09,536.24
2022-03-30 21:46:14,536.28
2022-03-30 21:46:19,536.24
2022-03-30 21:46:24,536.18
2022-03-30 21:46:29,536.18
2022-03-30 21:46:34,536.11
2022-03-30 21:46:39,536.11
2022-03-30 21:46:44,536.04
2022-03-30 21:46:49,536.05
2022-03-30 21:46:54,535.98
2022-03-30 21:46:59,535.98
2022-03-30 21:47:04,535.98
2022-03-30 21:47:09,535.98
2022-03-30 21:47:14,535.98
2022-03-30 21:47:19,535.95
2022-03-30 21:47:24,535.95
2022-03-30 21:47:29,535.88
2022-03-30 21:47:34,535.88
2022-03-30 21:47:39,535.88
2022-03-30 21:47:44,535.88
2022-03-30 21:47:49,535.82
2022-03-30 21:47:54,535.82
2022-03-30 21:47:59,535.82
2022-03-30 21:48:04,535.82
2022-03-30 21:48:09,535.82
2022-03-30 21:48:14,535.76
2022-03-30 21:48:19,535.75
2022-03-30 21:48:24,535.76
2022-03-30 21:48:29,535.76
2022-03-30 21:48:34,535.76
2022-03-30 21:48:39,535.76
2022-03-30 21:48:44,535.73
2022-03-30 21:48:49,535.73
2022-03-30 21:48:54,535.66
2022-03-30 21:48:59,535.66
2022-03-30 21:49:04,535.73
2022-03-30 21:49:09,535.66
2022-03-30 21:49:14,535.6
2022-03-30 21:49:19,535.6
2022-03-30 21:49:24,535.67
2022-03-30 21:49:29,535.6
2022-03-30 21:49:34,535.6
2022-03-30 21:49:39,535.6
2022-03-30 21:49:44,535.54
2022-03-30 21:49:49,535.54
2022-03-30 21:49:54,535.54
2022-03-30 21:49:59,535.47
2022-03-30 21:50:04,535.54
2022-03-30 21:50:09,535.48
2022-03-30 21:50:14,535.48
2022-03-30 21:50:19,535.44
2022-03-30 21:50:24,535.45
2022-03-30 21:50:29,535.45
2022-03-30 21:50:34,535.38
2022-03-30 21:50:39,535.45
2022-03-30 21:50:44,535.32
2022-03-30 21:50:49,535.32
2022-03-30 21:50:54,535.32
2022-03-30 21:50:59,535.26
2022-03-30 21:51:04,535.26
2022-03-30 21:51:09,535.22
2022-03-30 21:51:14,535.23
2022-03-30 21:51:19,535.26
2022-03-30 21:51:24,535.23
2022-03-30 21:51:29,535.23
2022-03-30 21:51:34,535.23
2022-03-30 21:51:39,535.23
2022-03-30 21:51:44,535.23
2022-03-30 21:51:49,535.16
2022-03-30 21:51:54,535.16
2022-03-30 21:51:59,535.16
2022-03-30 21:52:04,535.16
2022-03-30 21:52:09,535.16
2022-03-30 21:52:14,535.1
2022-03-30 21:52:19,535.16
2022-03-30 21:52:24,535.1
2022-03-30 21:52:29,535.1
2022-03-30 21:52:34,535.04
2022-03-30 21:52:39,535.04
2022-03-30 21:52:44,535.04
2022-03-30 21:52:49,534.97
2022-03-30 21:52:54,535.04
2022-03-30 21:52:59,534.97
2022-03-30 21:53:04,535.04
2022-03-30 21:53:09,534.97
2022-03-30 21:53:14,535.04
2022-03-30 21:53:19,535.03
2022-03-30 21:53:24,535.03
2022-03-30 21:53:29,534.97
2022-03-30 21:53:34,534.97
2022-03-30 21:53:39,534.97
2022-03-30 21:53:44,534.97
2022-03-30 21:53:49,534.97
2022-03-30 21:53:54,535.04
2022-03-30 21:53:59,534.97
2022-03-30 21:54:04,534.97
2022-03-30 21:54:09,534.97
2022-03-30 21:54:14,534.97
2022-03-30 21:54:19,534.97
2022-03-30 21:54:24,534.97
2022-03-30 21:54:29,534.97
2022-03-30 21:54:34,534.97
2022-03-30 21:54:39,535.04
2022-03-30 21:54:44,534.97
2022-03-30 21:54:49,534.97
2022-03-30 21:54:54,535.03
2022-03-30 21:54:59,534.97
2022-03-30 21:55:04,534.97
2022-03-30 21:55:09,534.97
2022-03-30 21:55:14,535.03
2022-03-30 21:55:19,535.03
2022-03-30 21:55:24,535.1
2022-03-30 21:55:29,535.03
2022-03-30 21:55:34,535.03
2022-03-30 21:55:39,535.03
2022-03-30 21:55:44,534.96
2022-03-30 21:55:49,535.09
2022-03-30 21:55:54,535.03
2022-03-30 21:55:59,535.09
2022-03-30 21:56:04,535.09
2022-03-30 21:56:09,535.09
2022-03-30 21:56:14,535.09
2022-03-30 21:56:19,535.09
2022-03-30 21:56:24,535.09
2022-03-30 21:56:29,535.16
2022-03-30 21:56:34,535.16
2022-03-30 21:56:39,535.16
2022-03-30 21:56:44,535.16
2022-03-30 21:56:49,535.16
2022-03-30 21:56:54,535.22
2022-03-30 21:56:59,535.16
2022-03-30 21:57:04,535.22
2022-03-30 21:57:09,535.25
2022-03-30 21:57:14,535.25
2022-03-30 21:57:19,535.32
2022-03-30 21:57:24,535.38
2022-03-30 21:57:29,535.32
2022-03-30 21:57:34,535.32
2022-03-30 21:57:39,535.32
2022-03-30 21:57:44,535.39
2022-03-30 21:57:49,535.39
2022-03-30 21:57:54,535.39
2022-03-30 21:57:59,535.45
2022-03-30 21:58:04,535.45
2022-03-30 21:58:09,535.45
2022-03-30 21:58:14,535.45
2022-03-30 21:58:19,535.45
2022-03-30 21:58:24,535.48
2022-03-30 21:58:29,535.45
2022-03-30 21:58:34,535.45
2022-03-30 21:58:39,535.45
2022-03-30 21:58:44,535.49
2022-03-30 21:58:49,535.46
2022-03-30 21:58:54,535.45
2022-03-30 21:58:59,535.46
2022-03-30 21:59:04,535.46
2022-03-30 21:59:09,535.46
2022-03-30 21:59:14,535.46
2022-03-30 21:59:19,535.46
2022-03-30 21:59:24,535.39
2022-03-30 21:59:29,535.39
2022-03-30 21:59:34,535.39
2022-03-30 21:59:39,535.33
2022-03-30 21:59:44,535.27
2022-03-30 21:59:49,535.33
2022-03-30 21:59:54,535.33
2022-03-30 21:59:59,535.27
2022-03-30 22:00:04,535.33
2022-03-30 22:00:09,535.24
2022-03-30 22:00:14,535.27
2022-03-30 22:00:19,535.27
2022-03-30 22:00:24,535.24
2022-03-30 22:00:29,535.24
2022-03-30 22:00:34,535.17
2022-03-30 22:00:39,535.17
2022-03-30 22:00:44,535.17
2022-03-30 22:00:49,535.11
2022-03-30 22:00:54,535.11
2022-03-30 22:00:59,535.11
2022-03-30 22:01:04,535.04
2022-03-30 22:01:09,535.05
2022-03-30 22:01:14,535.04
2022-03-30 22:01:19,534.95
2022-03-30 22:01:24,534.98
2022-03-30 22:01:29,534.98
2022-03-30 22:01:34,534.95
2022-03-30 22:01:39,534.95
2022-03-30 22:01:44,534.95
2022-03-30 22:01:49,534.95
2022-03-30 22:01:54,537.71
2022-03-30 22:01:59,534.95
2022-03-30 22:02:04,534.95
2022-03-30 22:02:09,534.89
2022-03-30 22:02:14,534.89
2022-03-30 22:02:19,534.89
2022-03-30 22:02:24,534.88
2022-03-30 22:02:29,534.88
2022-03-30 22:02:34,534.88
2022-03-30 22:02:39,534.82
2022-03-30 22:02:44,534.82
2022-03-30 22:02:49,534.89
2022-03-30 22:02:54,534.88
2022-03-30 22:02:59,534.82
2022-03-30 22:03:04,534.88
2022-03-30 22:03:09,534.82
2022-03-30 22:03:14,534.82
2022-03-30 22:03:19,534.89
2022-03-30 22:03:24,534.88
2022-03-30 22:03:29,534.88
2022-03-30 22:03:34,534.88
2022-03-30 22:03:39,534.88
2022-03-30 22:03:44,534.88
2022-03-30 22:03:49,534.88
2022-03-30 22:03:54,534.88
2022-03-30 22:03:59,534.88
2022-03-30 22:04:04,534.88
2022-03-30 22:04:09,534.95
2022-03-30 22:04:14,534.88
2022-03-30 22:04:19,534.88
2022-03-30 22:04:24,534.95
2022-03-30 22:04:29,534.95
2022-03-30 22:04:34,534.95
2022-03-30 22:04:39,534.95
2022-03-30 22:04:44,534.95
2022-03-30 22:04:49,534.94
2022-03-30 22:04:54,534.98
2022-03-30 22:04:59,534.98
2022-03-30 22:05:04,534.97
2022-03-30 22:05:09,534.98
2022-03-30 22:05:14,535.04
2022-03-30 22:05:19,535.04
2022-03-30 22:05:24,535.04
2022-03-30 22:05:29,535.1
2022-03-30 22:05:34,535.04
2022-03-30 22:05:39,535.11
2022-03-30 22:05:44,535.17
2022-03-30 22:05:49,535.17
2022-03-30 22:05:54,535.17
2022-03-30 22:05:59,535.24
2022-03-30 22:06:04,535.17
2022-03-30 22:06:09,535.24
2022-03-30 22:06:14,535.24
2022-03-30 22:06:19,535.24
2022-03-30 22:06:24,535.27
2022-03-30 22:06:29,535.27
2022-03-30 22:06:34,535.33
2022-03-30 22:06:39,535.33
2022-03-30 22:06:44,535.27
2022-03-30 22:06:49,535.33
2022-03-30 22:06:54,535.33
2022-03-30 22:06:59,535.34
2022-03-30 22:07:04,535.34
2022-03-30 22:07:09,535.4
2022-03-30 22:07:14,535.34
2022-03-30 22:07:19,535.4
2022-03-30 22:07:24,535.4
2022-03-30 22:07:29,535.4
2022-03-30 22:07:34,535.4
2022-03-30 22:07:39,535.41
2022-03-30 22:07:44,535.41
2022-03-30 22:07:49,535.47
2022-03-30 22:07:54,535.47
2022-03-30 22:07:59,535.47
2022-03-30 22:08:04,535.5
2022-03-30 22:08:09,535.5
2022-03-30 22:08:14,535.5
2022-03-30 22:08:19,535.5
2022-03-30 22:08:24,535.57
2022-03-30 22:08:29,535.5
2022-03-30 22:08:34,535.57
2022-03-30 22:08:39,535.57
2022-03-30 22:08:44,535.57
2022-03-30 22:08:49,535.57
2022-03-30 22:08:54,535.57
2022-03-30 22:08:59,535.64
2022-03-30 22:09:04,535.57
2022-03-30 22:09:09,535.64
2022-03-30 22:09:14,535.64
2022-03-30 22:09:19,535.64
2022-03-30 22:09:24,535.64
2022-03-30 22:09:29,535.64
2022-03-30 22:09:34,535.7
2022-03-30 22:09:39,535.71
2022-03-30 22:09:44,535.71
2022-03-30 22:09:49,535.71
2022-03-30 22:09:54,535.7
2022-03-30 22:09:59,535.71
2022-03-30 22:10:04,535.71
2022-03-30 22:10:09,535.71
2022-03-30 22:10:14,535.77
2022-03-30 22:10:19,535.77
2022-03-30 22:10:24,535.77
2022-03-30 22:10:29,535.77
2022-03-30 22:10:34,535.77
2022-03-30 22:10:39,535.77
2022-03-30 22:10:44,535.77
2022-03-30 22:10:49,535.8
2022-03-30 22:10:54,535.8
2022-03-30 22:10:59,535.77
2022-03-30 22:11:04,535.8
2022-03-30 22:11:09,535.8
2022-03-30 22:11:14,535.87
2022-03-30 22:11:19,535.87
2022-03-30 22:11:24,535.87
2022-03-30 22:11:29,535.87
2022-03-30 22:11:34,535.93
2022-03-30 22:11:39,535.93
2022-03-30 22:11:44,535.93
2022-03-30 22:11:49,535.93
2022-03-30 22:11:54,535.87
2022-03-30 22:11:59,535.93
2022-03-30 22:12:04,535.93
2022-03-30 22:12:09,535.93
2022-03-30 22:12:14,535.93
2022-03-30 22:12:19,535.87
2022-03-30 22:12:24,535.93
2022-03-30 22:12:29,535.87
2022-03-30 22:12:34,535.87
2022-03-30 22:12:39,535.87
2022-03-30 22:12:44,535.87
2022-03-30 22:12:49,535.8
2022-03-30 22:12:54,535.8
2022-03-30 22:12:59,535.8
2022-03-30 22:13:04,535.8
2022-03-30 22:13:09,535.77
2022-03-30 22:13:14,535.8
2022-03-30 22:13:19,535.77
2022-03-30 22:13:24,535.77
2022-03-30 22:13:29,535.77
2022-03-30 22:13:34,535.77
2022-03-30 22:13:39,535.7
2022-03-30 22:13:44,535.7
2022-03-30 22:13:49,535.64
2022-03-30 22:13:54,535.57
2022-03-30 22:13:59,535.57
2022-03-30 22:14:04,535.5
2022-03-30 22:14:09,535.5
2022-03-30 22:14:14,535.5
2022-03-30 22:14:19,535.47
2022-03-30 22:14:24,535.47
2022-03-30 22:14:29,535.41
2022-03-30 22:14:34,535.34
2022-03-30 22:14:39,535.34
2022-03-30 22:14:44,535.28
2022-03-30 22:14:49,535.25
2022-03-30 22:14:54,535.25
2022-03-30 22:14:59,535.18
2022-03-30 22:15:04,535.18
2022-03-30 22:15:09,535.12
2022-03-30 22:15:14,535.05
2022-03-30 22:15:19,535.05
2022-03-30 22:15:24,534.99
2022-03-30 22:15:29,534.96
2022-03-30 22:15:34,534.96
2022-03-30 22:15:39,534.9
2022-03-30 22:15:44,534.9
2022-03-30 22:15:49,534.77
2022-03-30 22:15:54,534.73
2022-03-30 22:15:59,534.73
2022-03-30 22:16:04,534.67
2022-03-30 22:16:09,534.61
2022-03-30 22:16:14,534.55
2022-03-30 22:16:19,534.48
2022-03-30 22:16:24,534.48
2022-03-30 22:16:29,534.45
2022-03-30 22:16:34,534.39
2022-03-30 22:16:39,534.26
2022-03-30 22:16:44,534.26
2022-03-30 22:16:49,534.23
2022-03-30 22:16:54,534.1
2022-03-30 22:16:59,534.1
2022-03-30 22:17:04,533.97
2022-03-30 22:17:09,533.94
2022-03-30 22:17:14,533.88
2022-03-30 22:17:19,533.82
2022-03-30 22:17:24,533.75
2022-03-30 22:17:29,533.72
2022-03-30 22:17:34,533.65
2022-03-30 22:17:39,533.59
2022-03-30 22:17:44,533.46
2022-03-30 22:17:49,533.46
2022-03-30 22:17:54,533.43
2022-03-30 22:17:59,533.36
2022-03-30 22:18:04,533.3
2022-03-30 22:18:09,533.24
2022-03-30 22:18:14,533.14
2022-03-30 22:18:19,533.08
2022-03-30 22:18:24,533.01
2022-03-30 22:18:29,532.95
2022-03-30 22:18:34,532.92
2022-03-30 22:18:39,532.86
2022-03-30 22:18:44,532.73
2022-03-30 22:18:49,532.69
2022-03-30 22:18:54,537.71
2022-03-30 22:18:59,532.57
2022-03-30 22:19:04,532.5
2022-03-30 22:19:09,532.44
2022-03-30 22:19:14,532.41
2022-03-30 22:19:19,532.41
2022-03-30 22:19:24,532.28
2022-03-30 22:19:29,532.21
2022-03-30 22:19:34,532.21
2022-03-30 22:19:39,532.18
2022-03-30 22:19:44,532.05
2022-03-30 22:19:49,531.99
2022-03-30 22:19:54,531.92
2022-03-30 22:19:59,531.89
2022-03-30 22:20:04,531.83
2022-03-30 22:20:09,531.76
2022-03-30 22:20:14,531.67
2022-03-30 22:20:19,531.6
2022-03-30 22:20:24,531.54
2022-03-30 22:20:29,531.47
2022-03-30 22:20:34,531.41
2022-03-30 22:20:39,531.37
2022-03-30 22:20:44,531.31
2022-03-30 22:20:49,531.25
2022-03-30 22:20:54,531.18
2022-03-30 22:20:59,531.15
2022-03-30 22:21:04,531.15
2022-03-30 22:21:09,531.02
2022-03-30 22:21:14,531.02
2022-03-30 22:21:19,530.96
2022-03-30 22:21:24,530.89
2022-03-30 22:21:29,530.89
2022-03-30 22:21:34,530.86
2022-03-30 22:21:39,530.86
2022-03-30 22:21:44,530.79
2022-03-30 22:21:49,530.79
2022-03-30 22:21:54,530.73
2022-03-30 22:21:59,530.73
2022-03-30 22:22:04,530.67
2022-03-30 22:22:09,530.66
2022-03-30 22:22:14,530.63
2022-03-30 22:22:19,530.57
2022-03-30 22:22:24,530.5
2022-03-30 22:22:29,530.5
2022-03-30 22:22:34,530.51
2022-03-30 22:22:39,530.44
2022-03-30 22:22:44,530.37
2022-03-30 22:22:49,530.37
2022-03-30 22:22:54,530.34
2022-03-30 22:22:59,530.34
2022-03-30 22:23:04,530.27
2022-03-30 22:23:09,530.27
2022-03-30 22:23:14,530.21
2022-03-30 22:23:19,530.21
2022-03-30 22:23:24,530.21
2022-03-30 22:23:29,530.15
2022-03-30 22:23:34,530.21
2022-03-30 22:23:39,530.14
2022-03-30 22:23:44,530.15
2022-03-30 22:23:49,530.15
2022-03-30 22:23:54,530.11
2022-03-30 22:23:59,530.11
2022-03-30 22:24:04,530.05
2022-03-30 22:24:09,530.05
2022-03-30 22:24:14,530.05
2022-03-30 22:24:19,530.05
2022-03-30 22:24:24,529.99
2022-03-30 22:24:29,529.99
2022-03-30 22:24:34,529.93
2022-03-30 22:24:39,529.86
2022-03-30 22:24:44,529.83
2022-03-30 22:24:49,529.83
2022-03-30 22:24:54,529.77
2022-03-30 22:24:59,529.77
2022-03-30 22:25:04,529.7
2022-03-30 22:25:09,529.7
2022-03-30 22:25:14,529.64
2022-03-30 22:25:19,529.64
2022-03-30 22:25:24,529.64
2022-03-30 22:25:29,529.61
2022-03-30 22:25:34,529.61
2022-03-30 22:25:39,529.55
2022-03-30 22:25:44,529.61
2022-03-30 22:25:49,529.48
2022-03-30 22:25:54,529.48
2022-03-30 22:25:59,529.48
2022-03-30 22:26:04,529.42
2022-03-30 22:26:09,529.42
2022-03-30 22:26:14,529.36
2022-03-30 22:26:19,529.33
2022-03-30 22:26:24,529.36
2022-03-30 22:26:29,529.33
2022-03-30 22:26:34,529.26
2022-03-30 22:26:39,529.26
2022-03-30 22:26:44,529.26
2022-03-30 22:26:49,529.26
2022-03-30 22:26:54,529.2
2022-03-30 22:26:59,529.2
2022-03-30 22:27:04,529.2
2022-03-30 22:27:09,529.2
2022-03-30 22:27:14,529.2
2022-03-30 22:27:19,529.14
2022-03-30 22:27:24,529.14
2022-03-30 22:27:29,529.14
2022-03-30 22:27:34,529.11
2022-03-30 22:27:39,529.04
2022-03-30 22:27:44,528.98
2022-03-30 22:27:49,528.98
2022-03-30 22:27:54,528.98
2022-03-30 22:27:59,528.85
2022-03-30 22:28:04,528.85
2022-03-30 22:28:09,528.82
2022-03-30 22:28:14,528.82
2022-03-30 22:28:19,528.76
2022-03-30 22:28:24,528.69
2022-03-30 22:28:29,528.69
2022-03-30 22:28:34,528.69
2022-03-30 22:28:39,528.69
2022-03-30 22:28:44,528.69
2022-03-30 22:28:49,528.63
2022-03-30 22:28:54,528.69
2022-03-30 22:28:59,528.63
2022-03-30 22:29:04,528.63
2022-03-30 22:29:09,528.69
2022-03-30 22:29:14,528.69
2022-03-30 22:29:19,528.69
2022-03-30 22:29:24,528.69
2022-03-30 22:29:29,528.69
2022-03-30 22:29:34,528.69
2022-03-30 22:29:39,528.76
2022-03-30 22:29:44,528.76
2022-03-30 22:29:49,528.76
2022-03-30 22:29:54,528.82
2022-03-30 22:29:59,528.85
2022-03-30 22:30:04,528.85
2022-03-30 22:30:09,528.85
2022-03-30 22:30:14,528.98
2022-03-30 22:30:19,528.98
2022-03-30 22:30:24,528.98
2022-03-30 22:30:29,529.04
2022-03-30 22:30:34,529.11
2022-03-30 22:30:39,529.14
2022-03-30 22:30:44,529.2
2022-03-30 22:30:49,529.21
2022-03-30 22:30:54,529.2
2022-03-30 22:30:59,529.33
2022-03-30 22:31:04,529.33
2022-03-30 22:31:09,529.36
2022-03-30 22:31:14,529.43
2022-03-30 22:31:19,529.49
2022-03-30 22:31:24,529.49
2022-03-30 22:31:29,529.62
2022-03-30 22:31:34,529.62
2022-03-30 22:31:39,529.65
2022-03-30 22:31:44,529.72
2022-03-30 22:31:49,529.78
2022-03-30 22:31:54,529.85
2022-03-30 22:31:59,529.85
2022-03-30 22:32:04,529.88
2022-03-30 22:32:09,529.88
2022-03-30 22:32:14,529.88
2022-03-30 22:32:19,529.94
2022-03-30 22:32:24,530.0
2022-03-30 22:32:29,530.07
2022-03-30 22:32:34,530.07
2022-03-30 22:32:39,530.13
2022-03-30 22:32:44,530.17
2022-03-30 22:32:49,530.17
2022-03-30 22:32:54,530.23
2022-03-30 22:32:59,530.29
2022-03-30 22:33:04,530.3
2022-03-30 22:33:09,530.39
2022-03-30 22:33:14,530.46
2022-03-30 22:33:19,530.46
2022-03-30 22:33:24,530.52
2022-03-30 22:33:29,530.59
2022-03-30 22:33:34,530.65
2022-03-30 22:33:39,530.65
2022-03-30 22:33:44,530.65
2022-03-30 22:33:49,530.69
2022-03-30 22:33:54,530.75
2022-03-30 22:33:59,530.82
2022-03-30 22:34:04,530.88
2022-03-30 22:34:09,530.88
2022-03-30 22:34:14,530.92
2022-03-30 22:34:19,530.98
2022-03-30 22:34:24,530.98
2022-03-30 22:34:29,531.05
2022-03-30 22:34:34,531.11
2022-03-30 22:34:39,531.11
2022-03-30 22:34:44,531.18
2022-03-30 22:34:49,531.27
2022-03-30 22:34:54,531.27
2022-03-30 22:34:59,531.34
2022-03-30 22:35:04,531.34
2022-03-30 22:35:09,531.4
2022-03-30 22:35:14,531.5
2022-03-30 22:35:19,531.5
2022-03-30 22:35:24,531.5
2022-03-30 22:35:29,531.63
2022-03-30 22:35:34,531.63
2022-03-30 22:35:39,531.63
2022-03-30 22:35:44,531.7
2022-03-30 22:35:49,531.73
2022-03-30 22:35:54,531.8
2022-03-30 22:35:59,531.8
2022-03-30 22:36:04,531.86
2022-03-30 22:36:09,531.92
2022-03-30 22:36:14,531.92
2022-03-30 22:36:19,531.96
2022-03-30 22:36:24,531.96
2022-03-30 22:36:29,531.96
2022-03-30 22:36:34,532.09
2022-03-30 22:36:39,532.02
2022-03-30 22:36:44,532.09
2022-03-30 22:36:49,532.09
2022-03-30 22:36:54,532.15
2022-03-30 22:36:59,532.22
2022-03-30 22:37:04,532.25
2022-03-30 22:37:09,532.22
2022-03-30 22:37:14,532.25
2022-03-30 22:37:19,532.25
2022-03-30 22:37:24,532.32
2022-03-30 22:37:29,532.32
2022-03-30 22:37:34,532.32
2022-03-30 22:37:39,532.38
2022-03-30 22:37:44,532.31
2022-03-30 22:37:49,532.31
2022-03-30 22:37:54,532.38
2022-03-30 22:37:59,532.38
2022-03-30 22:38:04,532.38
2022-03-30 22:38:09,532.44
2022-03-30 22:38:14,532.38
2022-03-30 22:38:19,532.38
2022-03-30 22:38:24,532.44
2022-03-30 22:38:29,532.48
2022-03-30 22:38:34,532.48
2022-03-30 22:38:39,532.48
2022-03-30 22:38:44,532.48
2022-03-30 22:38:49,532.54
2022-03-30 22:38:54,532.54
2022-03-30 22:38:59,532.61
2022-03-30 22:39:04,532.6
2022-03-30 22:39:09,532.67
2022-03-30 22:39:14,532.6
2022-03-30 22:39:19,532.67
2022-03-30 22:39:24,532.67
2022-03-30 22:39:29,532.67
2022-03-30 22:39:34,532.73
2022-03-30 22:39:39,532.73
2022-03-30 22:39:44,532.73
2022-03-30 22:39:49,532.76
2022-03-30 22:39:54,532.76
2022-03-30 22:39:59,532.83
2022-03-30 22:40:04,532.76
2022-03-30 22:40:09,532.83
2022-03-30 22:40:14,532.83
2022-03-30 22:40:19,532.83
2022-03-30 22:40:24,532.89
2022-03-30 22:40:29,532.89
2022-03-30 22:40:34,532.96
2022-03-30 22:40:39,532.96
2022-03-30 22:40:44,532.95
2022-03-30 22:40:49,532.96
2022-03-30 22:40:54,532.95
2022-03-30 22:40:59,532.98
2022-03-30 22:41:04,532.98
2022-03-30 22:41:09,532.98
2022-03-30 22:41:14,533.05
2022-03-30 22:41:19,533.05
2022-03-30 22:41:24,533.05
2022-03-30 22:41:29,533.05
2022-03-30 22:41:34,533.05
2022-03-30 22:41:39,533.11
2022-03-30 22:41:44,533.11
2022-03-30 22:41:49,533.05
2022-03-30 22:41:54,533.05
2022-03-30 22:41:59,533.12
2022-03-30 22:42:04,533.12
2022-03-30 22:42:09,533.12
2022-03-30 22:42:14,533.05
2022-03-30 22:42:19,533.05
2022-03-30 22:42:24,533.05
2022-03-30 22:42:29,533.12
2022-03-30 22:42:34,533.12
2022-03-30 22:42:39,533.12
2022-03-30 22:42:44,533.12
2022-03-30 22:42:49,533.12
2022-03-30 22:42:54,533.12
2022-03-30 22:42:59,533.12
2022-03-30 22:43:04,533.12
2022-03-30 22:43:09,533.18
2022-03-30 22:43:14,533.18
2022-03-30 22:43:19,533.12
2022-03-30 22:43:24,533.25
2022-03-30 22:43:29,533.19
2022-03-30 22:43:34,533.19
2022-03-30 22:43:39,533.26
2022-03-30 22:43:44,533.25
2022-03-30 22:43:49,533.19
2022-03-30 22:43:54,533.19
2022-03-30 22:43:59,533.26
2022-03-30 22:44:04,533.29
2022-03-30 22:44:09,533.26
2022-03-30 22:44:14,533.26
2022-03-30 22:44:19,533.29
2022-03-30 22:44:24,533.29
2022-03-30 22:44:29,533.26
2022-03-30 22:44:34,533.29
2022-03-30 22:44:39,533.3
2022-03-30 22:44:44,533.36
2022-03-30 22:44:49,533.29
2022-03-30 22:44:54,533.36
2022-03-30 22:44:59,533.29
2022-03-30 22:45:04,533.29
2022-03-30 22:45:09,533.36
2022-03-30 22:45:14,533.3
2022-03-30 22:45:19,533.36
2022-03-30 22:45:24,533.36
2022-03-30 22:45:29,533.36
2022-03-30 22:45:34,533.42
2022-03-30 22:45:39,533.42
2022-03-30 22:45:44,533.49
2022-03-30 22:45:49,533.49
2022-03-30 22:45:54,533.49
2022-03-30 22:45:59,533.49
2022-03-30 22:46:04,533.49
2022-03-30 22:46:09,533.49
2022-03-30 22:46:14,533.52
2022-03-30 22:46:19,533.52
2022-03-30 22:46:24,533.59
2022-03-30 22:46:29,533.65
2022-03-30 22:46:34,533.65
2022-03-30 22:46:39,533.66
2022-03-30 22:46:44,533.65
2022-03-30 22:46:49,533.72
2022-03-30 22:46:54,533.72
2022-03-30 22:46:59,533.72
2022-03-30 22:47:04,533.78
2022-03-30 22:47:09,533.81
2022-03-30 22:47:14,533.88
2022-03-30 22:47:19,533.88
2022-03-30 22:47:24,533.88
2022-03-30 22:47:29,533.94
2022-03-30 22:47:34,534.01
2022-03-30 22:47:39,534.0
2022-03-30 22:47:44,534.0
2022-03-30 22:47:49,534.0
2022-03-30 22:47:54,534.04
2022-03-30 22:47:59,534.04
2022-03-30 22:48:04,534.04
2022-03-30 22:48:09,534.1
2022-03-30 22:48:14,534.1
2022-03-30 22:48:19,534.1
2022-03-30 22:48:24,534.1
2022-03-30 22:48:29,534.1
2022-03-30 22:48:34,534.16
2022-03-30 22:48:39,534.1
2022-03-30 22:48:44,534.17
2022-03-30 22:48:49,534.23
2022-03-30 22:48:54,534.17
2022-03-30 22:48:59,534.17
2022-03-30 22:49:04,534.16
2022-03-30 22:49:09,534.23
2022-03-30 22:49:14,534.22
2022-03-30 22:49:19,534.23
2022-03-30 22:49:24,534.22
2022-03-30 22:49:29,534.23
2022-03-30 22:49:34,534.16
2022-03-30 22:49:39,534.16
2022-03-30 22:49:44,534.22
2022-03-30 22:49:49,534.22
2022-03-30 22:49:54,534.1
2022-03-30 22:49:59,534.1
2022-03-30 22:50:04,534.1
2022-03-30 22:50:09,534.1
2022-03-30 22:50:14,534.1
2022-03-30 22:50:19,534.0
2022-03-30 22:50:24,534.03
2022-03-30 22:50:29,534.0
2022-03-30 22:50:34,534.0
2022-03-30 22:50:39,533.93
2022-03-30 22:50:44,533.94
2022-03-30 22:50:49,533.94
2022-03-30 22:50:54,533.94
2022-03-30 22:50:59,533.88
2022-03-30 22:51:04,533.88
2022-03-30 22:51:09,533.81
2022-03-30 22:51:14,533.88
2022-03-30 22:51:19,533.81
2022-03-30 22:51:24,533.81
2022-03-30 22:51:29,533.78
2022-03-30 22:51:34,533.78
2022-03-30 22:51:39,533.72
2022-03-30 22:51:44,533.72
2022-03-30 22:51:49,533.72
2022-03-30 22:51:54,533.72
2022-03-30 22:51:59,533.66
2022-03-30 22:52:04,533.66
2022-03-30 22:52:09,533.59
2022-03-30 22:52:14,533.53
2022-03-30 22:52:19,533.53
2022-03-30 22:52:24,533.53
2022-03-30 22:52:29,533.5
2022-03-30 22:52:34,533.5
2022-03-30 22:52:39,533.44
2022-03-30 22:52:44,533.37
2022-03-30 22:52:49,533.37
2022-03-30 22:52:54,533.31
2022-03-30 22:52:59,533.28
2022-03-30 22:53:04,533.28
2022-03-30 22:53:09,533.28
2022-03-30 22:53:14,533.28
2022-03-30 22:53:19,533.15
2022-03-30 22:53:24,533.09
2022-03-30 22:53:29,533.09
2022-03-30 22:53:34,533.02
2022-03-30 22:53:39,532.99
2022-03-30 22:53:44,532.93
2022-03-30 22:53:49,532.86
2022-03-30 22:53:54,532.87
2022-03-30 22:53:59,532.87
2022-03-30 22:54:04,532.8
2022-03-30 22:54:09,532.8
2022-03-30 22:54:14,532.77
2022-03-30 22:54:19,532.77
2022-03-30 22:54:24,532.71
2022-03-30 22:54:29,532.71
2022-03-30 22:54:34,532.71
2022-03-30 22:54:39,532.65
2022-03-30 22:54:44,532.71
2022-03-30 22:54:49,532.65
2022-03-30 22:54:54,532.65
2022-03-30 22:54:59,532.65
2022-03-30 22:55:04,532.58
2022-03-30 22:55:09,532.58
2022-03-30 22:55:14,532.52
2022-03-30 22:55:19,532.52
2022-03-30 22:55:24,532.52
2022-03-30 22:55:29,532.52
2022-03-30 22:55:34,532.49
2022-03-30 22:55:39,532.52
2022-03-30 22:55:44,532.49
2022-03-30 22:55:49,532.49
2022-03-30 22:55:54,532.49
2022-03-30 22:55:59,532.42
2022-03-30 22:56:04,532.49
2022-03-30 22:56:09,532.49
2022-03-30 22:56:14,532.49
2022-03-30 22:56:19,532.49
2022-03-30 22:56:24,532.49
2022-03-30 22:56:29,532.49
2022-03-30 22:56:34,532.49
2022-03-30 22:56:39,532.52
2022-03-30 22:56:44,532.52
2022-03-30 22:56:49,532.49
2022-03-30 22:56:54,532.49
2022-03-30 22:56:59,532.49
2022-03-30 22:57:04,532.49
2022-03-30 22:57:09,532.49
2022-03-30 22:57:14,532.52
2022-03-30 22:57:19,532.49
2022-03-30 22:57:24,532.52
2022-03-30 22:57:29,532.52
2022-03-30 22:57:34,532.52
2022-03-30 22:57:39,532.58
2022-03-30 22:57:44,532.52
2022-03-30 22:57:49,532.58
2022-03-30 22:57:54,532.58
2022-03-30 22:57:59,532.65
2022-03-30 22:58:04,532.65
2022-03-30 22:58:09,532.71
2022-03-30 22:58:14,532.71
2022-03-30 22:58:19,532.71
2022-03-30 22:58:24,532.71
2022-03-30 22:58:29,532.78
2022-03-30 22:58:34,532.78
2022-03-30 22:58:39,532.81
2022-03-30 22:58:44,532.81
2022-03-30 22:58:49,532.87
2022-03-30 22:58:54,532.87
2022-03-30 22:58:59,532.94
2022-03-30 22:59:04,533.0
2022-03-30 22:59:09,533.0
2022-03-30 22:59:14,533.03
2022-03-30 22:59:19,533.1
2022-03-30 22:59:24,533.16
2022-03-30 22:59:29,533.23
2022-03-30 22:59:34,533.29
2022-03-30 22:59:39,533.29
2022-03-30 22:59:44,533.32
2022-03-30 22:59:49,533.39
2022-03-30 22:59:54,533.45
2022-03-30 22:59:59,533.52
2022-03-30 23:00:04,533.55
2022-03-30 23:00:09,533.55
2022-03-30 23:00:14,533.62
2022-03-30 23:00:19,533.68
2022-03-30 23:00:24,533.75
2022-03-30 23:00:29,533.81
2022-03-30 23:00:34,533.81
2022-03-30 23:00:39,533.85
2022-03-30 23:00:44,533.91
2022-03-30 23:00:49,533.98
2022-03-30 23:00:54,534.04
2022-03-30 23:00:59,534.04
2022-03-30 23:01:04,534.14
2022-03-30 23:01:09,534.14
2022-03-30 23:01:14,534.2
2022-03-30 23:01:19,534.27
2022-03-30 23:01:24,534.33
2022-03-30 23:01:29,534.37
2022-03-30 23:01:34,537.71
2022-03-30 23:01:39,534.44
2022-03-30 23:01:44,534.44
2022-03-30 23:01:49,534.5
2022-03-30 23:01:54,534.5
2022-03-30 23:01:59,534.5
2022-03-30 23:02:04,534.57
2022-03-30 23:02:09,534.57
2022-03-30 23:02:14,534.57
2022-03-30 23:02:19,534.6
2022-03-30 23:02:24,534.61
2022-03-30 23:02:29,534.57
2022-03-30 23:02:34,534.57
2022-03-30 23:02:39,534.57
2022-03-30 23:02:44,534.57
2022-03-30 23:02:49,534.51
2022-03-30 23:02:54,534.51
2022-03-30 23:02:59,534.51
2022-03-30 23:03:04,534.51
2022-03-30 23:03:09,534.51
2022-03-30 23:03:14,534.45
2022-03-30 23:03:19,534.38
2022-03-30 23:03:24,534.39
2022-03-30 23:03:29,534.39
2022-03-30 23:03:34,534.35
2022-03-30 23:03:39,534.29
2022-03-30 23:03:44,534.29
2022-03-30 23:03:49,534.23
2022-03-30 23:03:54,534.23
2022-03-30 23:03:59,534.1
2022-03-30 23:04:04,534.1
2022-03-30 23:04:09,534.1
2022-03-30 23:04:14,534.1
2022-03-30 23:04:19,534.07
2022-03-30 23:04:24,534.07
2022-03-30 23:04:29,534.07
2022-03-30 23:04:34,533.94
2022-03-30 23:04:39,533.94
2022-03-30 23:04:44,533.88
2022-03-30 23:04:49,533.88
2022-03-30 23:04:54,533.78
2022-03-30 23:04:59,533.85
2022-03-30 23:05:04,533.78
2022-03-30 23:05:09,533.72
2022-03-30 23:05:14,533.65
2022-03-30 23:05:19,533.59
2022-03-30 23:05:24,533.56
2022-03-30 23:05:29,533.43
2022-03-30 23:05:34,533.36
2022-03-30 23:05:39,533.33
2022-03-30 23:05:44,533.27
2022-03-30 23:05:49,533.27
2022-03-30 23:05:54,533.2
2022-03-30 23:05:59,533.14
2022-03-30 23:06:04,533.04
2022-03-30 23:06:09,533.04
2022-03-30 23:06:14,532.98
2022-03-30 23:06:19,532.91
2022-03-30 23:06:24,532.85
2022-03-30 23:06:29,532.82
2022-03-30 23:06:34,532.75
2022-03-30 23:06:39,532.69
2022-03-30 23:06:44,532.62
2022-03-30 23:06:49,532.56
2022-03-30 23:06:54,532.53
2022-03-30 23:06:59,532.46
2022-03-30 23:07:04,532.33
2022-03-30 23:07:09,532.3
2022-03-30 23:07:14,532.24
2022-03-30 23:07:19,532.23
2022-03-30 23:07:24,532.11
2022-03-30 23:07:29,532.04
2022-03-30 23:07:34,537.71
2022-03-30 23:07:39,531.95
2022-03-30 23:07:44,531.88
2022-03-30 23:07:49,531.79
2022-03-30 23:07:54,531.79
2022-03-30 23:07:59,531.72
2022-03-30 23:08:04,531.66
2022-03-30 23:08:09,531.59
2022-03-30 23:08:14,531.53
2022-03-30 23:08:19,531.53
2022-03-30 23:08:24,531.53
2022-03-30 23:08:29,531.43
2022-03-30 23:08:34,531.43
2022-03-30 23:08:39,531.37
2022-03-30 23:08:44,531.37
2022-03-30 23:08:49,531.31
2022-03-30 23:08:54,531.27
2022-03-30 23:08:59,531.21
2022-03-30 23:09:04,531.21
2022-03-30 23:09:09,531.15
2022-03-30 23:09:14,531.15
2022-03-30 23:09:19,531.08
2022-03-30 23:09:24,531.02
2022-03-30 23:09:29,531.02
2022-03-30 23:09:34,530.99
2022-03-30 23:09:39,530.99
2022-03-30 23:09:44,530.93
2022-03-30 23:09:49,530.93
2022-03-30 23:09:54,530.93
2022-03-30 23:09:59,530.86
2022-03-30 23:10:04,530.87
2022-03-30 23:10:09,530.87
2022-03-30 23:10:14,530.87
2022-03-30 23:10:19,530.87
2022-03-30 23:10:24,530.81
2022-03-30 23:10:29,530.87
2022-03-30 23:10:34,530.87
2022-03-30 23:10:39,530.81
2022-03-30 23:10:44,530.81
2022-03-30 23:10:49,530.81
2022-03-30 23:10:54,530.87
2022-03-30 23:10:59,530.81
2022-03-30 23:11:04,530.81
2022-03-30 23:11:09,530.81
2022-03-30 23:11:14,530.82
2022-03-30 23:11:19,530.82
2022-03-30 23:11:24,530.82
2022-03-30 23:11:29,530.82
2022-03-30 23:11:34,530.82
2022-03-30 23:11:39,530.82
2022-03-30 23:11:44,530.88
2022-03-30 23:11:49,530.82
2022-03-30 23:11:54,530.82
2022-03-30 23:11:59,530.82
2022-03-30 23:12:04,530.89
2022-03-30 23:12:09,530.88
2022-03-30 23:12:14,530.89
2022-03-30 23:12:19,530.95
2022-03-30 23:12:24,531.02
2022-03-30 23:12:29,531.02
2022-03-30 23:12:34,531.02
2022-03-30 23:12:39,531.05
2022-03-30 23:12:44,531.05
2022-03-30 23:12:49,531.05
2022-03-30 23:12:54,531.12
2022-03-30 23:12:59,531.12
2022-03-30 23:13:04,531.12
2022-03-30 23:13:09,531.12
2022-03-30 23:13:14,531.18
2022-03-30 23:13:19,531.18
2022-03-30 23:13:24,531.18
2022-03-30 23:13:29,531.18
2022-03-30 23:13:34,531.25
2022-03-30 23:13:39,531.25
2022-03-30 23:13:44,531.31
2022-03-30 23:13:49,531.31
2022-03-30 23:13:54,531.35
2022-03-30 23:13:59,531.35
2022-03-30 23:14:04,531.41
2022-03-30 23:14:09,531.48
2022-03-30 23:14:14,531.48
2022-03-30 23:14:19,531.47
2022-03-30 23:14:24,531.54
2022-03-30 23:14:29,531.54
2022-03-30 23:14:34,531.57
2022-03-30 23:14:39,531.57
2022-03-30 23:14:44,531.63
2022-03-30 23:14:49,531.64
2022-03-30 23:14:54,531.7
2022-03-30 23:14:59,531.7
2022-03-30 23:15:04,531.7
2022-03-30 23:15:09,531.7
2022-03-30 23:15:14,531.76
2022-03-30 23:15:19,531.83
2022-03-30 23:15:24,531.76
2022-03-30 23:15:29,531.83
2022-03-30 23:15:34,531.83
2022-03-30 23:15:39,531.86
2022-03-30 23:15:44,531.86
2022-03-30 23:15:49,531.86
2022-03-30 23:15:54,531.93
2022-03-30 23:15:59,531.93
2022-03-30 23:16:04,531.92
2022-03-30 23:16:09,531.99
2022-03-30 23:16:14,531.99
2022-03-30 23:16:19,531.99
2022-03-30 23:16:24,532.05
2022-03-30 23:16:29,532.05
2022-03-30 23:16:34,532.09
2022-03-30 23:16:39,532.09
2022-03-30 23:16:44,532.09
2022-03-30 23:16:49,532.15
2022-03-30 23:16:54,532.15
2022-03-30 23:16:59,532.15
2022-03-30 23:17:04,532.15
2022-03-30 23:17:09,532.21
2022-03-30 23:17:14,532.22
2022-03-30 23:17:19,532.28
2022-03-30 23:17:24,532.28
2022-03-30 23:17:29,532.35
2022-03-30 23:17:34,532.34
2022-03-30 23:17:39,532.34
2022-03-30 23:17:44,532.38
2022-03-30 23:17:49,532.38
2022-03-30 23:17:54,532.38
2022-03-30 23:17:59,532.45
2022-03-30 23:18:04,532.44
2022-03-30 23:18:09,532.51
2022-03-30 23:18:14,532.51
2022-03-30 23:18:19,532.51
2022-03-30 23:18:24,532.58
2022-03-30 23:18:29,532.58
2022-03-30 23:18:34,532.61
2022-03-30 23:18:39,532.61
2022-03-30 23:18:44,532.61
2022-03-30 23:18:49,532.68
2022-03-30 23:18:54,532.74
2022-03-30 23:18:59,532.74
2022-03-30 23:19:04,532.8
2022-03-30 23:19:09,532.87
2022-03-30 23:19:14,532.9
2022-03-30 23:19:19,532.9
2022-03-30 23:19:24,532.97
2022-03-30 23:19:29,532.97
2022-03-30 23:19:34,533.04
2022-03-30 23:19:39,533.1
2022-03-30 23:19:44,533.14
2022-03-30 23:19:49,533.14
2022-03-30 23:19:54,533.2
2022-03-30 23:19:59,533.27
2022-03-30 23:20:04,533.27
2022-03-30 23:20:09,533.33
2022-03-30 23:20:14,533.4
2022-03-30 23:20:19,533.43
2022-03-30 23:20:24,533.43
2022-03-30 23:20:29,533.5
2022-03-30 23:20:34,533.56
2022-03-30 23:20:39,533.63
2022-03-30 23:20:44,533.63
2022-03-30 23:20:49,533.63
2022-03-30 23:20:54,533.66
2022-03-30 23:20:59,533.73
2022-03-30 23:21:04,533.73
2022-03-30 23:21:09,533.79
2022-03-30 23:21:14,533.79
2022-03-30 23:21:19,533.79
2022-03-30 23:21:24,533.79
2022-03-30 23:21:29,533.86
2022-03-30 23:21:34,533.86
2022-03-30 23:21:39,533.92
2022-03-30 23:21:44,533.92
2022-03-30 23:21:49,533.92
2022-03-30 23:21:54,533.86
2022-03-30 23:21:59,533.92
2022-03-30 23:22:04,533.92
2022-03-30 23:22:09,533.92
2022-03-30 23:22:14,533.92
2022-03-30 23:22:19,533.92
2022-03-30 23:22:24,533.93
2022-03-30 23:22:29,533.92
2022-03-30 23:22:34,533.93
2022-03-30 23:22:39,533.93
2022-03-30 23:22:44,533.92
2022-03-30 23:22:49,533.92
2022-03-30 23:22:54,533.92
2022-03-30 23:22:59,533.86
2022-03-30 23:23:04,533.86
2022-03-30 23:23:09,533.86
2022-03-30 23:23:14,533.86
2022-03-30 23:23:19,533.86
2022-03-30 23:23:24,533.86
2022-03-30 23:23:29,533.86
2022-03-30 23:23:34,533.86
2022-03-30 23:23:39,533.86
2022-03-30 23:23:44,533.86
2022-03-30 23:23:49,533.8
2022-03-30 23:23:54,533.86
2022-03-30 23:23:59,533.86
2022-03-30 23:24:04,533.93
2022-03-30 23:24:09,533.86
2022-03-30 23:24:14,533.86
2022-03-30 23:24:19,533.86
2022-03-30 23:24:24,533.93
2022-03-30 23:24:29,533.93
2022-03-30 23:24:34,534.02
2022-03-30 23:24:39,534.02
2022-03-30 23:24:44,534.02
2022-03-30 23:24:49,534.09
2022-03-30 23:24:54,534.09
2022-03-30 23:24:59,534.09
2022-03-30 23:25:04,537.71
2022-03-30 23:25:09,534.15
2022-03-30 23:25:14,534.18
2022-03-30 23:25:19,534.18
2022-03-30 23:25:24,534.25
2022-03-30 23:25:29,534.25
2022-03-30 23:25:34,534.25
2022-03-30 23:25:39,534.31
2022-03-30 23:25:44,534.31
2022-03-30 23:25:49,534.37
2022-03-30 23:25:54,534.37
2022-03-30 23:25:59,534.44
2022-03-30 23:26:04,534.44
2022-03-30 23:26:09,534.44
2022-03-30 23:26:14,534.47
2022-03-30 23:26:19,534.53
2022-03-30 23:26:24,534.6
2022-03-30 23:26:29,534.6
2022-03-30 23:26:34,534.67
2022-03-30 23:26:39,534.67
2022-03-30 23:26:44,534.7
2022-03-30 23:26:49,534.7
2022-03-30 23:26:54,534.76
2022-03-30 23:26:59,534.83
2022-03-30 23:27:04,534.89
2022-03-30 23:27:09,534.96
2022-03-30 23:27:14,534.96
2022-03-30 23:27:19,534.99
2022-03-30 23:27:24,534.99
2022-03-30 23:27:29,535.06
2022-03-30 23:27:34,535.12
2022-03-30 23:27:39,535.12
2022-03-30 23:27:44,535.19
2022-03-30 23:27:49,535.22
2022-03-30 23:27:54,535.29
2022-03-30 23:27:59,535.29
2022-03-30 23:28:04,535.35
2022-03-30 23:28:09,535.42
2022-03-30 23:28:14,535.48
2022-03-30 23:28:19,535.52
2022-03-30 23:28:24,535.52
2022-03-30 23:28:29,535.65
2022-03-30 23:28:34,535.65
2022-03-30 23:28:39,535.71
2022-03-30 23:28:44,535.74
2022-03-30 23:28:49,535.81
2022-03-30 23:28:54,535.81
2022-03-30 23:28:59,535.87
2022-03-30 23:29:04,535.94
2022-03-30 23:29:09,535.94
2022-03-30 23:29:14,536.0
2022-03-30 23:29:19,536.04
2022-03-30 23:29:24,536.1
2022-03-30 23:29:29,536.1
2022-03-30 23:29:34,536.17
2022-03-30 23:29:39,536.17
2022-03-30 23:29:44,536.17
2022-03-30 23:29:49,536.24
2022-03-30 23:29:54,536.27
2022-03-30 23:29:59,536.27
2022-03-30 23:30:04,536.27
2022-03-30 23:30:09,536.33
2022-03-30 23:30:14,536.4
2022-03-30 23:30:19,536.4
2022-03-30 23:30:24,536.4
2022-03-30 23:30:29,536.53
2022-03-30 23:30:34,536.56
2022-03-30 23:30:39,536.56
2022-03-30 23:30:44,536.63
2022-03-30 23:30:49,536.63
2022-03-30 23:30:54,536.69
2022-03-30 23:30:59,536.69
2022-03-30 23:31:04,536.69
2022-03-30 23:31:09,536.76
2022-03-30 23:31:14,536.75
2022-03-30 23:31:19,536.75
2022-03-30 23:31:24,536.79
2022-03-30 23:31:29,536.85
2022-03-30 23:31:34,536.85
2022-03-30 23:31:39,536.85
2022-03-30 23:31:44,536.92
2022-03-30 23:31:49,536.98
2022-03-30 23:31:54,536.98
2022-03-30 23:31:59,536.98
2022-03-30 23:32:04,536.98
2022-03-30 23:32:09,537.04
2022-03-30 23:32:14,537.05
2022-03-30 23:32:19,537.05
2022-03-30 23:32:24,537.05
2022-03-30 23:32:29,537.04
2022-03-30 23:32:34,537.08
2022-03-30 23:32:39,537.08
2022-03-30 23:32:44,537.08
2022-03-30 23:32:49,537.05
2022-03-30 23:32:54,537.08
2022-03-30 23:32:59,537.08
2022-03-30 23:33:04,537.08
2022-03-30 23:33:09,537.08
2022-03-30 23:33:14,537.14
2022-03-30 23:33:19,537.14
2022-03-30 23:33:24,537.14
2022-03-30 23:33:29,537.14
2022-03-30 23:33:34,537.14
2022-03-30 23:33:39,537.14
2022-03-30 23:33:44,537.14
2022-03-30 23:33:49,537.2
2022-03-30 23:33:54,537.2
2022-03-30 23:33:59,537.2
2022-03-30 23:34:04,537.14
2022-03-30 23:34:09,537.2
2022-03-30 23:34:14,537.2
2022-03-30 23:34:19,537.2
2022-03-30 23:34:24,537.14
2022-03-30 23:34:29,537.13
2022-03-30 23:34:34,537.13
2022-03-30 23:34:39,537.14
2022-03-30 23:34:44,537.13
2022-03-30 23:34:49,537.13
2022-03-30 23:34:54,537.2
2022-03-30 23:34:59,537.13
2022-03-30 23:35:04,537.13
2022-03-30 23:35:09,537.13
2022-03-30 23:35:14,537.13
2022-03-30 23:35:19,537.07
2022-03-30 23:35:24,537.07
2022-03-30 23:35:29,537.07
2022-03-30 23:35:34,537.07
2022-03-30 23:35:39,537.04
2022-03-30 23:35:44,537.04
2022-03-30 23:35:49,537.04
2022-03-30 23:35:54,537.04
2022-03-30 23:35:59,537.04
2022-03-30 23:36:04,537.04
2022-03-30 23:36:09,536.98
2022-03-30 23:36:14,536.91
2022-03-30 23:36:19,536.85
2022-03-30 23:36:24,536.85
2022-03-30 23:36:29,536.79
2022-03-30 23:36:34,536.75
2022-03-30 23:36:39,536.69
2022-03-30 23:36:44,536.69
2022-03-30 23:36:49,536.62
2022-03-30 23:36:54,536.63
2022-03-30 23:36:59,536.63
2022-03-30 23:37:04,536.56
2022-03-30 23:37:09,536.53
2022-03-30 23:37:14,536.53
2022-03-30 23:37:19,536.47
2022-03-30 23:37:24,536.41
2022-03-30 23:37:29,536.41
2022-03-30 23:37:34,536.41
2022-03-30 23:37:39,536.34
2022-03-30 23:37:44,536.28
2022-03-30 23:37:49,536.25
2022-03-30 23:37:54,536.25
2022-03-30 23:37:59,536.12
2022-03-30 23:38:04,536.12
2022-03-30 23:38:09,536.06
2022-03-30 23:38:14,536.02
2022-03-30 23:38:19,535.96
2022-03-30 23:38:24,535.96
2022-03-30 23:38:29,535.96
2022-03-30 23:38:34,535.83
2022-03-30 23:38:39,535.83
2022-03-30 23:38:44,535.77
2022-03-30 23:38:49,535.77
2022-03-30 23:38:54,535.74
2022-03-30 23:38:59,535.74
2022-03-30 23:39:04,535.67
2022-03-30 23:39:09,535.67
2022-03-30 23:39:14,535.61
2022-03-30 23:39:19,535.55
2022-03-30 23:39:24,535.61
2022-03-30 23:39:29,535.55
2022-03-30 23:39:34,535.55
2022-03-30 23:39:39,535.51
2022-03-30 23:39:44,535.51
2022-03-30 23:39:49,535.51
2022-03-30 23:39:54,535.51
2022-03-30 23:39:59,535.45
2022-03-30 23:40:04,535.51
2022-03-30 23:40:09,535.45
2022-03-30 23:40:14,535.45
2022-03-30 23:40:19,535.45
2022-03-30 23:40:24,535.45
2022-03-30 23:40:29,535.45
2022-03-30 23:40:34,535.38
2022-03-30 23:40:39,535.45
2022-03-30 23:40:44,535.45
2022-03-30 23:40:49,535.45
2022-03-30 23:40:54,535.39
2022-03-30 23:40:59,535.45
2022-03-30 23:41:04,535.45
2022-03-30 23:41:09,535.45
2022-03-30 23:41:14,535.45
2022-03-30 23:41:19,535.51
2022-03-30 23:41:24,535.51
2022-03-30 23:41:29,535.51
2022-03-30 23:41:34,535.51
2022-03-30 23:41:39,535.55
2022-03-30 23:41:44,535.55
2022-03-30 23:41:49,535.61
2022-03-30 23:41:54,535.61
2022-03-30 23:41:59,535.61
2022-03-30 23:42:04,535.61
2022-03-30 23:42:09,535.67
2022-03-30 23:42:14,535.67
2022-03-30 23:42:19,535.74
2022-03-30 23:42:24,535.74
2022-03-30 23:42:29,535.77
2022-03-30 23:42:34,535.77
2022-03-30 23:42:39,535.83
2022-03-30 23:42:44,535.83
2022-03-30 23:42:49,535.96
2022-03-30 23:42:54,535.96
2022-03-30 23:42:59,535.96
2022-03-30 23:43:04,535.96
2022-03-30 23:43:09,536.02
2022-03-30 23:43:14,536.06
2022-03-30 23:43:19,536.12
2022-03-30 23:43:24,536.12
2022-03-30 23:43:29,536.12
2022-03-30 23:43:34,536.18
2022-03-30 23:43:39,536.18
2022-03-30 23:43:44,536.25
2022-03-30 23:43:49,536.25
2022-03-30 23:43:54,536.28
2022-03-30 23:43:59,536.28
2022-03-30 23:44:04,536.34
2022-03-30 23:44:09,536.41
2022-03-30 23:44:14,536.41
2022-03-30 23:44:19,536.41
2022-03-30 23:44:24,536.41
2022-03-30 23:44:29,536.47
2022-03-30 23:44:34,536.47
2022-03-30 23:44:39,536.54
2022-03-30 23:44:44,536.54
2022-03-30 23:44:49,536.54
2022-03-30 23:44:54,536.54
2022-03-30 23:44:59,536.57
2022-03-30 23:45:04,536.57
2022-03-30 23:45:09,536.57
2022-03-30 23:45:14,536.57
2022-03-30 23:45:19,536.54
2022-03-30 23:45:24,536.57
2022-03-30 23:45:29,536.57
2022-03-30 23:45:34,536.54
2022-03-30 23:45:39,536.54
2022-03-30 23:45:44,536.54
2022-03-30 23:45:49,536.54
2022-03-30 23:45:54,536.48
2022-03-30 23:45:59,536.48
2022-03-30 23:46:04,536.41
2022-03-30 23:46:09,536.42
2022-03-30 23:46:14,536.42
2022-03-30 23:46:19,536.35
2022-03-30 23:46:24,536.29
2022-03-30 23:46:29,536.26
2022-03-30 23:46:34,536.26
2022-03-30 23:46:39,536.13
2022-03-30 23:46:44,536.13
2022-03-30 23:46:49,536.07
2022-03-30 23:46:54,536.04
2022-03-30 23:46:59,535.97
2022-03-30 23:47:04,535.91
2022-03-30 23:47:09,535.84
2022-03-30 23:47:14,535.78
2022-03-30 23:47:19,535.75
2022-03-30 23:47:24,535.69
2022-03-30 23:47:29,535.69
2022-03-30 23:47:34,535.56
2022-03-30 23:47:39,535.56
2022-03-30 23:47:44,535.53
2022-03-30 23:47:49,535.46
2022-03-30 23:47:54,535.4
2022-03-30 23:47:59,535.33
2022-03-30 23:48:04,535.33
2022-03-30 23:48:09,535.27
2022-03-30 23:48:14,535.24
2022-03-30 23:48:19,535.11
2022-03-30 23:48:24,535.05
2022-03-30 23:48:29,535.01
2022-03-30 23:48:34,534.95
2022-03-30 23:48:39,534.89
2022-03-30 23:48:44,534.82
2022-03-30 23:48:49,534.76
2022-03-30 23:48:54,534.73
2022-03-30 23:48:59,534.66
2022-03-30 23:49:04,534.59
2022-03-30 23:49:09,534.53
2022-03-30 23:49:14,534.5
2022-03-30 23:49:19,534.44
2022-03-30 23:49:24,534.37
2022-03-30 23:49:29,534.31
2022-03-30 23:49:34,534.21
2022-03-30 23:49:39,534.21
2022-03-30 23:49:44,534.15
2022-03-30 23:49:49,534.08
2022-03-30 23:49:54,534.02
2022-03-30 23:49:59,533.99
2022-03-30 23:50:04,533.92
2022-03-30 23:50:09,533.86
2022-03-30 23:50:14,533.8
2022-03-30 23:50:19,533.73
2022-03-30 23:50:24,533.73
2022-03-30 23:50:29,533.7
2022-03-30 23:50:34,533.63
2022-03-30 23:50:39,533.63
2022-03-30 23:50:44,533.57
2022-03-30 23:50:49,533.5
2022-03-30 23:50:54,533.47
2022-03-30 23:50:59,533.41
2022-03-30 23:51:04,533.41
2022-03-30 23:51:09,533.34
2022-03-30 23:51:14,533.27
2022-03-30 23:51:19,533.28
2022-03-30 23:51:24,533.21
2022-03-30 23:51:29,533.18
2022-03-30 23:51:34,533.12
2022-03-30 23:51:39,533.05
2022-03-30 23:51:44,533.05
2022-03-30 23:51:49,532.99
2022-03-30 23:51:54,532.96
2022-03-30 23:51:59,532.89
2022-03-30 23:52:04,532.82
2022-03-30 23:52:09,532.82
2022-03-30 23:52:14,532.76
2022-03-30 23:52:19,532.7
2022-03-30 23:52:24,532.66
2022-03-30 23:52:29,532.66
2022-03-30 23:52:34,532.6
2022-03-30 23:52:39,532.53
2022-03-30 23:52:44,532.53
2022-03-30 23:52:49,532.53
2022-03-30 23:52:54,532.53
2022-03-30 23:52:59,532.47
2022-03-30 23:53:04,532.47
2022-03-30 23:53:09,532.47
2022-03-30 23:53:14,532.44
2022-03-30 23:53:19,532.44
2022-03-30 23:53:24,532.44
2022-03-30 23:53:29,532.44
2022-03-30 23:53:34,532.44
2022-03-30 23:53:39,532.44
2022-03-30 23:53:44,532.44
2022-03-30 23:53:49,532.44
2022-03-30 23:53:54,532.47
2022-03-30 23:53:59,532.47
2022-03-30 23:54:04,532.47
2022-03-30 23:54:09,532.48
2022-03-30 23:54:14,532.54
2022-03-30 23:54:19,532.6
2022-03-30 23:54:24,532.61
2022-03-30 23:54:29,532.67
2022-03-30 23:54:34,532.7
2022-03-30 23:54:39,532.7
2022-03-30 23:54:44,532.77
2022-03-30 23:54:49,532.83
2022-03-30 23:54:54,532.83
2022-03-30 23:54:59,532.9
2022-03-30 23:55:04,532.9
2022-03-30 23:55:09,532.96
2022-03-30 23:55:14,532.96
2022-03-30 23:55:19,533.0
2022-03-30 23:55:24,533.0
2022-03-30 23:55:29,533.13
2022-03-30 23:55:34,533.13
2022-03-30 23:55:39,533.13
2022-03-30 23:55:44,533.13
2022-03-30 23:55:49,533.2
2022-03-30 23:55:54,533.23
2022-03-30 23:55:59,533.29
2022-03-30 23:56:04,533.36
2022-03-30 23:56:09,533.36
2022-03-30 23:56:14,533.42
2022-03-30 23:56:19,533.49
2022-03-30 23:56:24,533.52
2022-03-30 23:56:29,533.59
2022-03-30 23:56:34,533.59
2022-03-30 23:56:39,533.65
2022-03-30 23:56:44,533.72
2022-03-30 23:56:49,533.75
2022-03-30 23:56:54,533.81
2022-03-30 23:56:59,533.88
2022-03-30 23:57:04,533.94
2022-03-30 23:57:09,534.01
2022-03-30 23:57:14,534.01
2022-03-30 23:57:19,534.04
2022-03-30 23:57:24,534.11
2022-03-30 23:57:29,534.11
2022-03-30 23:57:34,534.24
2022-03-30 23:57:39,534.24
2022-03-30 23:57:44,534.27
2022-03-30 23:57:49,534.33
2022-03-30 23:57:54,534.4
2022-03-30 23:57:59,534.47
2022-03-30 23:58:04,534.53
2022-03-30 23:58:09,534.62
2022-03-30 23:58:14,534.69
2022-03-30 23:58:19,534.76
2022-03-30 23:58:24,534.79
2022-03-30 23:58:29,534.92
2022-03-30 23:58:34,534.98
2022-03-30 23:58:39,535.04
2022-03-30 23:58:44,535.14
2022-03-30 23:58:49,535.21
2022-03-30 23:58:54,535.3
2022-03-30 23:58:59,535.37
2022-03-30 23:59:04,535.44
2022-03-30 23:59:09,535.59
2022-03-30 23:59:14,535.59
2022-03-30 23:59:19,535.72
2022-03-30 23:59:24,535.79
2022-03-30 23:59:29,535.88
2022-03-30 23:59:34,535.95
2022-03-30 23:59:39,536.01
2022-03-30 23:59:44,536.11
2022-03-30 23:59:49,536.24
2022-03-30 23:59:54,536.3
2022-03-30 23:59:59,536.33
2022-03-31 00:00:04,536.46
2022-03-31 00:00:09,536.59
2022-03-31 00:00:14,536.69
2022-03-31 00:00:19,536.75
2022-03-31 00:00:24,536.85
2022-03-31 00:00:29,536.97
2022-03-31 00:00:34,537.11
2022-03-31 00:00:39,537.2
2022-03-31 00:00:44,537.33
2022-03-31 00:00:49,537.43
2022-03-31 00:00:54,537.55
2022-03-31 00:00:59,537.71
2022-03-31 00:01:04,537.84
2022-03-31 00:01:09,537.94
2022-03-31 00:01:14,538.0
2022-03-31 00:01:19,538.13
2022-03-31 00:01:24,538.29
2022-03-31 00:01:29,538.39
2022-03-31 00:01:34,538.58
2022-03-31 00:01:39,538.68
2022-03-31 00:01:44,538.81
2022-03-31 00:01:49,538.9
2022-03-31 00:01:54,539.03
2022-03-31 00:01:59,539.16
2022-03-31 00:02:04,539.19
2022-03-31 00:02:09,539.39
2022-03-31 00:02:14,539.48
2022-03-31 00:02:19,539.61
2022-03-31 00:02:24,539.78
2022-03-31 00:02:29,539.9
2022-03-31 00:02:34,540.0
2022-03-31 00:02:39,540.13
2022-03-31 00:02:44,540.29
2022-03-31 00:02:49,540.42
2022-03-31 00:02:54,540.58
2022-03-31 00:02:59,540.71
2022-03-31 00:03:04,540.81
2022-03-31 00:03:09,540.97
2022-03-31 00:03:14,541.16
2022-03-31 00:03:19,541.26
2022-03-31 00:03:24,541.39
2022-03-31 00:03:29,541.49
2022-03-31 00:03:34,541.68
2022-03-31 00:03:39,541.78
2022-03-31 00:03:44,541.84
2022-03-31 00:03:49,542.0
2022-03-31 00:03:54,542.14
2022-03-31 00:03:59,542.26
2022-03-31 00:04:04,542.36
2022-03-31 00:04:09,542.49
2022-03-31 00:04:14,542.59
2022-03-31 00:04:19,542.78
2022-03-31 00:04:24,542.88
2022-03-31 00:04:29,543.01
2022-03-31 00:04:34,543.04
2022-03-31 00:04:39,543.17
2022-03-31 00:04:44,543.3
2022-03-31 00:04:49,543.4
2022-03-31 00:04:54,543.46
2022-03-31 00:04:59,543.56
2022-03-31 00:05:04,543.69
2022-03-31 00:05:09,543.82
2022-03-31 00:05:14,543.85
2022-03-31 00:05:19,543.98
2022-03-31 00:05:24,544.05
2022-03-31 00:05:29,544.08
2022-03-31 00:05:34,544.15
2022-03-31 00:05:39,544.21
2022-03-31 00:05:44,544.37
2022-03-31 00:05:49,544.37
2022-03-31 00:05:54,544.44
2022-03-31 00:05:59,544.5
2022-03-31 00:06:04,544.56
2022-03-31 00:06:09,544.59
2022-03-31 00:06:14,544.6
2022-03-31 00:06:19,544.66
2022-03-31 00:06:24,544.66
2022-03-31 00:06:29,544.73
2022-03-31 00:06:34,544.73
2022-03-31 00:06:39,544.79
2022-03-31 00:06:44,544.79
2022-03-31 00:06:49,544.79
2022-03-31 00:06:54,544.79
2022-03-31 00:06:59,544.73
2022-03-31 00:07:04,544.73
2022-03-31 00:07:09,544.73
2022-03-31 00:07:14,544.67
2022-03-31 00:07:19,544.6
2022-03-31 00:07:24,544.6
2022-03-31 00:07:29,544.57
2022-03-31 00:07:34,544.5
2022-03-31 00:07:39,544.44
2022-03-31 00:07:44,544.38
2022-03-31 00:07:49,544.34
2022-03-31 00:07:54,544.21
2022-03-31 00:07:59,544.21
2022-03-31 00:08:04,544.15
2022-03-31 00:08:09,544.05
2022-03-31 00:08:14,543.99
2022-03-31 00:08:19,543.86
2022-03-31 00:08:24,543.83
2022-03-31 00:08:29,543.76
2022-03-31 00:08:34,543.64
2022-03-31 00:08:39,543.57
2022-03-31 00:08:44,543.54
2022-03-31 00:08:49,543.47
2022-03-31 00:08:54,543.41
2022-03-31 00:08:59,543.31
2022-03-31 00:09:04,543.18
2022-03-31 00:09:09,543.12
2022-03-31 00:09:14,543.05
2022-03-31 00:09:19,543.02
2022-03-31 00:09:24,542.96
2022-03-31 00:09:29,542.83
2022-03-31 00:09:34,542.8
2022-03-31 00:09:39,542.67
2022-03-31 00:09:44,542.6
2022-03-31 00:09:49,542.5
2022-03-31 00:09:54,542.44
2022-03-31 00:09:59,542.38
2022-03-31 00:10:04,542.31
2022-03-31 00:10:09,542.31
2022-03-31 00:10:14,542.21
2022-03-31 00:10:19,542.09
2022-03-31 00:10:24,542.08
2022-03-31 00:10:29,542.02
2022-03-31 00:10:34,541.99
2022-03-31 00:10:39,541.92
2022-03-31 00:10:44,541.86
2022-03-31 00:10:49,541.8
2022-03-31 00:10:54,541.76
2022-03-31 00:10:59,541.7
2022-03-31 00:11:04,541.57
2022-03-31 00:11:09,541.51
2022-03-31 00:11:14,541.47
2022-03-31 00:11:19,541.41
2022-03-31 00:11:24,541.28
2022-03-31 00:11:29,541.25
2022-03-31 00:11:34,541.19
2022-03-31 00:11:39,541.12
2022-03-31 00:11:44,540.96
2022-03-31 00:11:49,540.9
2022-03-31 00:11:54,540.83
2022-03-31 00:11:59,540.77
2022-03-31 00:12:04,540.68
2022-03-31 00:12:09,540.61
2022-03-31 00:12:14,540.54
2022-03-31 00:12:19,540.48
2022-03-31 00:12:24,540.45
2022-03-31 00:12:29,540.39
2022-03-31 00:12:34,540.32
2022-03-31 00:12:39,540.23
2022-03-31 00:12:44,540.23
2022-03-31 00:12:49,540.16
2022-03-31 00:12:54,540.1
2022-03-31 00:12:59,540.04
2022-03-31 00:13:04,540.04
2022-03-31 00:13:09,539.97
2022-03-31 00:13:14,539.94
2022-03-31 00:13:19,539.88
2022-03-31 00:13:24,539.81
2022-03-31 00:13:29,539.82
2022-03-31 00:13:34,539.75
2022-03-31 00:13:39,539.75
2022-03-31 00:13:44,539.72
2022-03-31 00:13:49,539.72
2022-03-31 00:13:54,539.66
2022-03-31 00:13:59,539.66
2022-03-31 00:14:04,539.59
2022-03-31 00:14:09,539.59
2022-03-31 00:14:14,539.59
2022-03-31 00:14:19,539.53
2022-03-31 00:14:24,539.53
2022-03-31 00:14:29,539.53
2022-03-31 00:14:34,539.47
2022-03-31 00:14:39,539.47
2022-03-31 00:14:44,539.47
2022-03-31 00:14:49,539.53
2022-03-31 00:14:54,539.53
2022-03-31 00:14:59,539.47
2022-03-31 00:15:04,539.53
2022-03-31 00:15:09,539.54
2022-03-31 00:15:14,539.54
2022-03-31 00:15:19,539.6
2022-03-31 00:15:24,539.6
2022-03-31 00:15:29,539.6
2022-03-31 00:15:34,539.67
2022-03-31 00:15:39,539.67
2022-03-31 00:15:44,539.67
2022-03-31 00:15:49,539.73
2022-03-31 00:15:54,539.73
2022-03-31 00:15:59,539.76
2022-03-31 00:16:04,539.83
2022-03-31 00:16:09,539.83
2022-03-31 00:16:14,539.89
2022-03-31 00:16:19,539.96
2022-03-31 00:16:24,539.96
2022-03-31 00:16:29,539.99
2022-03-31 00:16:34,539.99
2022-03-31 00:16:39,540.05
2022-03-31 00:16:44,540.12
2022-03-31 00:16:49,540.25
2022-03-31 00:16:54,540.18
2022-03-31 00:16:59,540.28
2022-03-31 00:17:04,540.28
2022-03-31 00:17:09,540.34
2022-03-31 00:17:14,540.34
2022-03-31 00:17:19,540.47
2022-03-31 00:17:24,540.47
2022-03-31 00:17:29,540.51
2022-03-31 00:17:34,540.57
2022-03-31 00:17:39,540.63
2022-03-31 00:17:44,540.7
2022-03-31 00:17:49,540.7
2022-03-31 00:17:54,540.79
2022-03-31 00:17:59,540.8
2022-03-31 00:18:04,540.86
2022-03-31 00:18:09,540.92
2022-03-31 00:18:14,540.99
2022-03-31 00:18:19,540.99
2022-03-31 00:18:24,541.02
2022-03-31 00:18:29,541.15
2022-03-31 00:18:34,541.15
2022-03-31 00:18:39,541.21
2022-03-31 00:18:44,541.28
2022-03-31 00:18:49,541.31
2022-03-31 00:18:54,541.37
2022-03-31 00:18:59,541.44
2022-03-31 00:19:04,541.44
2022-03-31 00:19:09,541.5
2022-03-31 00:19:14,541.6
2022-03-31 00:19:19,541.66
2022-03-31 00:19:24,541.66
2022-03-31 00:19:29,541.72
2022-03-31 00:19:34,541.79
2022-03-31 00:19:39,541.82
2022-03-31 00:19:44,541.89
2022-03-31 00:19:49,541.95
2022-03-31 00:19:54,541.95
2022-03-31 00:19:59,542.01
2022-03-31 00:20:04,542.01
2022-03-31 00:20:09,542.04
2022-03-31 00:20:14,542.11
2022-03-31 00:20:19,542.11
2022-03-31 00:20:24,542.17
2022-03-31 00:20:29,542.17
2022-03-31 00:20:34,542.24
2022-03-31 00:20:39,542.24
2022-03-31 00:20:44,542.3
2022-03-31 00:20:49,542.3
2022-03-31 00:20:54,542.33
2022-03-31 00:20:59,542.4
2022-03-31 00:21:04,542.4
2022-03-31 00:21:09,542.4
2022-03-31 00:21:14,542.46
2022-03-31 00:21:19,542.46
2022-03-31 00:21:24,542.53
2022-03-31 00:21:29,542.56
2022-03-31 00:21:34,542.56
2022-03-31 00:21:39,542.56
2022-03-31 00:21:44,542.63
2022-03-31 00:21:49,542.69
2022-03-31 00:21:54,542.62
2022-03-31 00:21:59,542.69
2022-03-31 00:22:04,542.75
2022-03-31 00:22:09,542.75
2022-03-31 00:22:14,542.75
2022-03-31 00:22:19,542.82
2022-03-31 00:22:24,542.85
2022-03-31 00:22:29,542.85
2022-03-31 00:22:34,542.85
2022-03-31 00:22:39,542.91
2022-03-31 00:22:44,542.98
2022-03-31 00:22:49,542.98
2022-03-31 00:22:54,543.04
2022-03-31 00:22:59,543.07
2022-03-31 00:23:04,543.08
2022-03-31 00:23:09,543.14
2022-03-31 00:23:14,543.14
2022-03-31 00:23:19,543.21
2022-03-31 00:23:24,543.27
2022-03-31 00:23:29,543.27
2022-03-31 00:23:34,543.33
2022-03-31 00:23:39,543.36
2022-03-31 00:23:44,543.43
2022-03-31 00:23:49,543.43
2022-03-31 00:23:54,543.43
2022-03-31 00:23:59,543.49
2022-03-31 00:24:04,543.43
2022-03-31 00:24:09,543.56
2022-03-31 00:24:14,543.56
2022-03-31 00:24:19,543.56
2022-03-31 00:24:24,543.59
2022-03-31 00:24:29,543.65
2022-03-31 00:24:34,543.65
2022-03-31 00:24:39,543.72
2022-03-31 00:24:44,543.72
2022-03-31 00:24:49,543.72
2022-03-31 00:24:54,543.78
2022-03-31 00:24:59,543.78
2022-03-31 00:25:04,543.85
2022-03-31 00:25:09,543.85
2022-03-31 00:25:14,543.88
2022-03-31 00:25:19,543.88
2022-03-31 00:25:24,543.94
2022-03-31 00:25:29,544.01
2022-03-31 00:25:34,544.01
2022-03-31 00:25:39,544.07
2022-03-31 00:25:44,544.07
2022-03-31 00:25:49,544.07
2022-03-31 00:25:54,544.1
2022-03-31 00:25:59,544.17
2022-03-31 00:26:04,544.17
2022-03-31 00:26:09,544.16
2022-03-31 00:26:14,544.16
2022-03-31 00:26:19,544.23
2022-03-31 00:26:24,537.71
2022-03-31 00:26:29,544.23
2022-03-31 00:26:34,544.29
2022-03-31 00:26:39,544.29
2022-03-31 00:26:44,544.29
2022-03-31 00:26:49,544.29
2022-03-31 00:26:54,544.29
2022-03-31 00:26:59,544.36
2022-03-31 00:27:04,544.36
2022-03-31 00:27:09,544.36
2022-03-31 00:27:14,544.36
2022-03-31 00:27:19,544.36
2022-03-31 00:27:24,544.36
2022-03-31 00:27:29,544.36
2022-03-31 00:27:34,544.36
2022-03-31 00:27:39,544.36
2022-03-31 00:27:44,544.36
2022-03-31 00:27:49,544.36
2022-03-31 00:27:54,544.36
2022-03-31 00:27:59,544.36
2022-03-31 00:28:04,544.36
2022-03-31 00:28:09,544.36
2022-03-31 00:28:14,544.29
2022-03-31 00:28:19,544.29
2022-03-31 00:28:24,544.23
2022-03-31 00:28:29,544.23
2022-03-31 00:28:34,544.16
2022-03-31 00:28:39,544.16
2022-03-31 00:28:44,544.16
2022-03-31 00:28:49,544.1
2022-03-31 00:28:54,544.1
2022-03-31 00:28:59,544.1
2022-03-31 00:29:04,544.1
2022-03-31 00:29:09,544.07
2022-03-31 00:29:14,544.07
2022-03-31 00:29:19,544.01
2022-03-31 00:29:24,544.07
2022-03-31 00:29:29,544.01
2022-03-31 00:29:34,544.01
2022-03-31 00:29:39,543.94
2022-03-31 00:29:44,543.94
2022-03-31 00:29:49,543.88
2022-03-31 00:29:54,543.88
2022-03-31 00:29:59,543.85
2022-03-31 00:30:04,543.85
2022-03-31 00:30:09,543.78
2022-03-31 00:30:14,543.79
2022-03-31 00:30:19,543.72
2022-03-31 00:30:24,543.66
2022-03-31 00:30:29,543.66
2022-03-31 00:30:34,543.59
2022-03-31 00:30:39,543.6
2022-03-31 00:30:44,543.56
2022-03-31 00:30:49,543.56
2022-03-31 00:30:54,543.5
2022-03-31 00:30:59,543.5
2022-03-31 00:31:04,543.43
2022-03-31 00:31:09,543.37
2022-03-31 00:31:14,543.37
2022-03-31 00:31:19,543.34
2022-03-31 00:31:24,543.27
2022-03-31 00:31:29,543.21
2022-03-31 00:31:34,543.21
2022-03-31 00:31:39,543.21
2022-03-31 00:31:44,543.15
2022-03-31 00:31:49,543.08
2022-03-31 00:31:54,543.08
2022-03-31 00:31:59,543.08
2022-03-31 00:32:04,543.05
2022-03-31 00:32:09,543.08
2022-03-31 00:32:14,543.05
2022-03-31 00:32:19,543.05
2022-03-31 00:32:24,542.99
2022-03-31 00:32:29,542.99
2022-03-31 00:32:34,542.92
2022-03-31 00:32:39,542.99
2022-03-31 00:32:44,542.86
2022-03-31 00:32:49,542.86
2022-03-31 00:32:54,542.86
2022-03-31 00:32:59,542.83
2022-03-31 00:33:04,542.83
2022-03-31 00:33:09,542.7
2022-03-31 00:33:14,542.76
2022-03-31 00:33:19,542.76
2022-03-31 00:33:24,542.76
2022-03-31 00:33:29,542.7
2022-03-31 00:33:34,542.63
2022-03-31 00:33:39,542.63
2022-03-31 00:33:44,542.63
2022-03-31 00:33:49,542.63
2022-03-31 00:33:54,542.57
2022-03-31 00:33:59,542.57
2022-03-31 00:34:04,542.57
2022-03-31 00:34:09,542.54
2022-03-31 00:34:14,542.57
2022-03-31 00:34:19,542.57
2022-03-31 00:34:24,542.54
2022-03-31 00:34:29,542.53
2022-03-31 00:34:34,542.53
2022-03-31 00:34:39,542.54
2022-03-31 00:34:44,542.47
2022-03-31 00:34:49,542.47
2022-03-31 00:34:54,542.41
2022-03-31 00:34:59,542.41
2022-03-31 00:35:04,542.34
2022-03-31 00:35:09,542.34
2022-03-31 00:35:14,542.34
2022-03-31 00:35:19,542.34
2022-03-31 00:35:24,542.31
2022-03-31 00:35:29,542.34
2022-03-31 00:35:34,542.31
2022-03-31 00:35:39,542.24
2022-03-31 00:35:44,542.24
2022-03-31 00:35:49,542.31
2022-03-31 00:35:54,542.24
2022-03-31 00:35:59,542.24
2022-03-31 00:36:04,542.24
2022-03-31 00:36:09,542.24
2022-03-31 00:36:14,542.24
2022-03-31 00:36:19,542.17
2022-03-31 00:36:24,542.18
2022-03-31 00:36:29,542.18
2022-03-31 00:36:34,542.18
2022-03-31 00:36:39,542.11
2022-03-31 00:36:44,542.17
2022-03-31 00:36:49,542.17
2022-03-31 00:36:54,542.11
2022-03-31 00:36:59,542.11
2022-03-31 00:37:04,542.11
2022-03-31 00:37:09,542.11
2022-03-31 00:37:14,542.11
2022-03-31 00:37:19,542.11
2022-03-31 00:37:24,542.11
2022-03-31 00:37:29,542.11
2022-03-31 00:37:34,542.11
2022-03-31 00:37:39,542.11
2022-03-31 00:37:44,542.18
2022-03-31 00:37:49,542.11
2022-03-31 00:37:54,542.05
2022-03-31 00:37:59,542.11
2022-03-31 00:38:04,542.17
2022-03-31 00:38:09,542.11
2022-03-31 00:38:14,542.18
2022-03-31 00:38:19,542.11
2022-03-31 00:38:24,542.11
2022-03-31 00:38:29,542.18
2022-03-31 00:38:34,542.18
2022-03-31 00:38:39,542.24
2022-03-31 00:38:44,542.18
2022-03-31 00:38:49,542.24
2022-03-31 00:38:54,542.31
2022-03-31 00:38:59,542.31
2022-03-31 00:39:04,542.31
2022-03-31 00:39:09,542.34
2022-03-31 00:39:14,542.41
2022-03-31 00:39:19,542.41
2022-03-31 00:39:24,542.47
2022-03-31 00:39:29,542.41
2022-03-31 00:39:34,542.41
2022-03-31 00:39:39,542.47
2022-03-31 00:39:44,542.54
2022-03-31 00:39:49,542.54
2022-03-31 00:39:54,542.54
2022-03-31 00:39:59,542.54
2022-03-31 00:40:04,542.54
2022-03-31 00:40:09,542.58
2022-03-31 00:40:14,542.54
2022-03-31 00:40:19,542.64
2022-03-31 00:40:24,542.64
2022-03-31 00:40:29,542.64
2022-03-31 00:40:34,542.7
2022-03-31 00:40:39,542.71
2022-03-31 00:40:44,542.71
2022-03-31 00:40:49,542.71
2022-03-31 00:40:54,542.71
2022-03-31 00:40:59,542.71
2022-03-31 00:41:04,542.77
2022-03-31 00:41:09,542.77
2022-03-31 00:41:14,542.77
2022-03-31 00:41:19,542.84
2022-03-31 00:41:24,542.84
2022-03-31 00:41:29,542.87
2022-03-31 00:41:34,542.87
2022-03-31 00:41:39,542.87
2022-03-31 00:41:44,542.87
2022-03-31 00:41:49,542.94
2022-03-31 00:41:54,542.94
2022-03-31 00:41:59,542.94
2022-03-31 00:42:04,543.0
2022-03-31 00:42:09,543.0
2022-03-31 00:42:14,543.0
2022-03-31 00:42:19,543.0
2022-03-31 00:42:24,543.07
2022-03-31 00:42:29,543.07
2022-03-31 00:42:34,543.07
2022-03-31 00:42:39,543.07
2022-03-31 00:42:44,543.07
2022-03-31 00:42:49,543.1
2022-03-31 00:42:54,543.1
2022-03-31 00:42:59,543.1
2022-03-31 00:43:04,543.07
2022-03-31 00:43:09,543.07
2022-03-31 00:43:14,543.1
2022-03-31 00:43:19,543.1
2022-03-31 00:43:24,543.07
2022-03-31 00:43:29,543.07
2022-03-31 00:43:34,543.1
2022-03-31 00:43:39,543.07
2022-03-31 00:43:44,543.07
2022-03-31 00:43:49,543.07
2022-03-31 00:43:54,543.07
2022-03-31 00:43:59,543.1
2022-03-31 00:44:04,543.1
2022-03-31 00:44:09,543.07
2022-03-31 00:44:14,543.07
2022-03-31 00:44:19,543.1
2022-03-31 00:44:24,543.1
2022-03-31 00:44:29,543.1
2022-03-31 00:44:34,543.07
2022-03-31 00:44:39,543.1
2022-03-31 00:44:44,543.07
2022-03-31 00:44:49,543.1
2022-03-31 00:44:54,543.1
2022-03-31 00:44:59,543.1
2022-03-31 00:45:04,543.07
2022-03-31 00:45:09,543.07
2022-03-31 00:45:14,543.0
2022-03-31 00:45:19,543.07
2022-03-31 00:45:24,543.07
2022-03-31 00:45:29,543.0
2022-03-31 00:45:34,543.0
2022-03-31 00:45:39,543.0
2022-03-31 00:45:44,542.94
2022-03-31 00:45:49,543.0
2022-03-31 00:45:54,543.0
2022-03-31 00:45:59,542.93
2022-03-31 00:46:04,542.93
2022-03-31 00:46:09,542.84
2022-03-31 00:46:14,542.84
2022-03-31 00:46:19,542.87
2022-03-31 00:46:24,542.87
2022-03-31 00:46:29,542.87
2022-03-31 00:46:34,542.87
2022-03-31 00:46:39,542.87
2022-03-31 00:46:44,542.87
2022-03-31 00:46:49,542.84
2022-03-31 00:46:54,542.87
2022-03-31 00:46:59,542.87
2022-03-31 00:47:04,542.84
2022-03-31 00:47:09,542.84
2022-03-31 00:47:14,542.84
2022-03-31 00:47:19,542.84
2022-03-31 00:47:24,542.84
2022-03-31 00:47:29,542.84
2022-03-31 00:47:34,542.84
2022-03-31 00:47:39,542.78
2022-03-31 00:47:44,542.78
2022-03-31 00:47:49,542.78
2022-03-31 00:47:54,542.78
2022-03-31 00:47:59,542.78
2022-03-31 00:48:04,542.72
2022-03-31 00:48:09,542.78
2022-03-31 00:48:14,542.72
2022-03-31 00:48:19,542.72
2022-03-31 00:48:24,542.72
2022-03-31 00:48:29,542.78
2022-03-31 00:48:34,542.72
2022-03-31 00:48:39,542.66
2022-03-31 00:48:44,542.72
2022-03-31 00:48:49,542.72
2022-03-31 00:48:54,542.66
2022-03-31 00:48:59,542.73
2022-03-31 00:49:04,542.66
2022-03-31 00:49:09,542.66
2022-03-31 00:49:14,542.66
2022-03-31 00:49:19,542.66
2022-03-31 00:49:24,542.66
2022-03-31 00:49:29,542.66
2022-03-31 00:49:34,542.66
2022-03-31 00:49:39,542.6
2022-03-31 00:49:44,542.67
2022-03-31 00:49:49,542.66
2022-03-31 00:49:54,542.6
2022-03-31 00:49:59,542.6
2022-03-31 00:50:04,542.6
2022-03-31 00:50:09,542.57
2022-03-31 00:50:14,542.51
2022-03-31 00:50:19,542.51
2022-03-31 00:50:24,542.44
2022-03-31 00:50:29,542.44
2022-03-31 00:50:34,542.44
2022-03-31 00:50:39,542.44
2022-03-31 00:50:44,542.38
2022-03-31 00:50:49,542.38
2022-03-31 00:50:54,542.35
2022-03-31 00:50:59,542.35
2022-03-31 00:51:04,542.35
2022-03-31 00:51:09,542.35
2022-03-31 00:51:14,542.38
2022-03-31 00:51:19,542.35
2022-03-31 00:51:24,542.35
2022-03-31 00:51:29,542.29
2022-03-31 00:51:34,537.71
2022-03-31 00:51:39,542.22
2022-03-31 00:51:44,542.29
2022-03-31 00:51:49,542.16
2022-03-31 00:51:54,542.22
2022-03-31 00:51:59,542.22
2022-03-31 00:52:04,542.16
2022-03-31 00:52:09,542.16
2022-03-31 00:52:14,542.16
2022-03-31 00:52:19,542.16
2022-03-31 00:52:24,542.09
2022-03-31 00:52:29,542.16
2022-03-31 00:52:34,542.09
2022-03-31 00:52:39,542.16
2022-03-31 00:52:44,542.16
2022-03-31 00:52:49,542.16
2022-03-31 00:52:54,542.09
2022-03-31 00:52:59,542.16
2022-03-31 00:53:04,542.16
2022-03-31 00:53:09,542.16
2022-03-31 00:53:14,542.16
2022-03-31 00:53:19,542.16
2022-03-31 00:53:24,542.16
2022-03-31 00:53:29,542.22
2022-03-31 00:53:34,537.71
2022-03-31 00:53:39,542.22
2022-03-31 00:53:44,542.22
2022-03-31 00:53:49,542.22
2022-03-31 00:53:54,542.35
2022-03-31 00:53:59,542.29
2022-03-31 00:54:04,542.28
2022-03-31 00:54:09,542.35
2022-03-31 00:54:14,542.35
2022-03-31 00:54:19,542.35
2022-03-31 00:54:24,542.38
2022-03-31 00:54:29,542.38
2022-03-31 00:54:34,542.44
2022-03-31 00:54:39,542.45
2022-03-31 00:54:44,542.44
2022-03-31 00:54:49,542.44
2022-03-31 00:54:54,542.51
2022-03-31 00:54:59,542.51
2022-03-31 00:55:04,542.51
2022-03-31 00:55:09,542.57
2022-03-31 00:55:14,542.61
2022-03-31 00:55:19,542.57
2022-03-31 00:55:24,542.57
2022-03-31 00:55:29,542.57
2022-03-31 00:55:34,542.61
2022-03-31 00:55:39,542.61
2022-03-31 00:55:44,542.67
2022-03-31 00:55:49,542.67
2022-03-31 00:55:54,542.74
2022-03-31 00:55:59,542.74
2022-03-31 00:56:04,542.74
2022-03-31 00:56:09,542.8
2022-03-31 00:56:14,542.8
2022-03-31 00:56:19,542.8
2022-03-31 00:56:24,542.81
2022-03-31 00:56:29,542.8
2022-03-31 00:56:34,542.81
2022-03-31 00:56:39,542.81
2022-03-31 00:56:44,542.81
2022-03-31 00:56:49,542.81
2022-03-31 00:56:54,542.81
2022-03-31 00:56:59,542.74
2022-03-31 00:57:04,542.81
2022-03-31 00:57:09,542.75
2022-03-31 00:57:14,542.75
2022-03-31 00:57:19,542.68
2022-03-31 00:57:24,542.68
2022-03-31 00:57:29,542.68
2022-03-31 00:57:34,542.68
2022-03-31 00:57:39,542.75
2022-03-31 00:57:44,542.62
2022-03-31 00:57:49,542.62
2022-03-31 00:57:54,542.59
2022-03-31 00:57:59,542.59
2022-03-31 00:58:04,542.59
2022-03-31 00:58:09,542.53
2022-03-31 00:58:14,542.53
2022-03-31 00:58:19,542.47
2022-03-31 00:58:24,542.47
2022-03-31 00:58:29,542.47
2022-03-31 00:58:34,542.4
2022-03-31 00:58:39,542.37
2022-03-31 00:58:44,542.31
2022-03-31 00:58:49,542.3
2022-03-31 00:58:54,542.24
2022-03-31 00:58:59,542.18
2022-03-31 00:59:04,542.12
2022-03-31 00:59:09,542.12
2022-03-31 00:59:14,542.08
2022-03-31 00:59:19,542.08
2022-03-31 00:59:24,542.02
2022-03-31 00:59:29,542.02
2022-03-31 00:59:34,541.95
2022-03-31 00:59:39,541.96
2022-03-31 00:59:44,541.89
2022-03-31 00:59:49,541.86
2022-03-31 00:59:54,541.8
2022-03-31 00:59:59,541.8
2022-03-31 01:00:04,541.73
2022-03-31 01:00:09,541.73
2022-03-31 01:00:14,541.67
2022-03-31 01:00:19,541.6
2022-03-31 01:00:24,541.61
2022-03-31 01:00:29,541.57
2022-03-31 01:00:34,541.51
2022-03-31 01:00:39,541.51
2022-03-31 01:00:44,541.44
2022-03-31 01:00:49,541.38
2022-03-31 01:00:54,541.38
2022-03-31 01:00:59,541.35
2022-03-31 01:01:04,541.35
2022-03-31 01:01:09,541.29
2022-03-31 01:01:14,541.29
2022-03-31 01:01:19,541.22
2022-03-31 01:01:24,541.22
2022-03-31 01:01:29,541.15
2022-03-31 01:01:34,541.15
2022-03-31 01:01:39,541.09
2022-03-31 01:01:44,541.15
2022-03-31 01:01:49,541.09
2022-03-31 01:01:54,541.06
2022-03-31 01:01:59,540.99
2022-03-31 01:02:04,541.06
2022-03-31 01:02:09,541.06
2022-03-31 01:02:14,541.06
2022-03-31 01:02:19,541.06
2022-03-31 01:02:24,540.99
2022-03-31 01:02:29,540.93
2022-03-31 01:02:34,540.99
2022-03-31 01:02:39,540.93
2022-03-31 01:02:44,540.93
2022-03-31 01:02:49,540.83
2022-03-31 01:02:54,540.86
2022-03-31 01:02:59,540.83
2022-03-31 01:03:04,540.83
2022-03-31 01:03:09,540.83
2022-03-31 01:03:14,540.76
2022-03-31 01:03:19,537.71
2022-03-31 01:03:24,540.76
2022-03-31 01:03:29,540.77
2022-03-31 01:03:34,540.7
2022-03-31 01:03:39,540.7
2022-03-31 01:03:44,540.7
2022-03-31 01:03:49,540.63
2022-03-31 01:03:54,540.7
2022-03-31 01:03:59,540.64
2022-03-31 01:04:04,540.64
2022-03-31 01:04:09,540.57
2022-03-31 01:04:14,540.64
2022-03-31 01:04:19,540.57
2022-03-31 01:04:24,540.54
2022-03-31 01:04:29,540.54
2022-03-31 01:04:34,540.54
2022-03-31 01:04:39,540.54
2022-03-31 01:04:44,540.48
2022-03-31 01:04:49,540.48
2022-03-31 01:04:54,540.48
2022-03-31 01:04:59,540.48
2022-03-31 01:05:04,540.41
2022-03-31 01:05:09,540.48
2022-03-31 01:05:14,540.41
2022-03-31 01:05:19,540.42
2022-03-31 01:05:24,537.71
2022-03-31 01:05:29,540.42
2022-03-31 01:05:34,540.42
2022-03-31 01:05:39,540.35
2022-03-31 01:05:44,540.35
2022-03-31 01:05:49,540.35
2022-03-31 01:05:54,540.32
2022-03-31 01:05:59,540.32
2022-03-31 01:06:04,540.32
2022-03-31 01:06:09,540.26
2022-03-31 01:06:14,540.33
2022-03-31 01:06:19,540.26
2022-03-31 01:06:24,540.26
2022-03-31 01:06:29,540.33
2022-03-31 01:06:34,540.26
2022-03-31 01:06:39,540.26
2022-03-31 01:06:44,540.27
2022-03-31 01:06:49,540.27
2022-03-31 01:06:54,540.27
2022-03-31 01:06:59,540.2
2022-03-31 01:07:04,540.2
2022-03-31 01:07:09,540.2
2022-03-31 01:07:14,540.2
2022-03-31 01:07:19,540.2
2022-03-31 01:07:24,540.2
2022-03-31 01:07:29,540.21
2022-03-31 01:07:34,540.14
2022-03-31 01:07:39,540.21
2022-03-31 01:07:44,540.21
2022-03-31 01:07:49,540.21
2022-03-31 01:07:54,540.15
2022-03-31 01:07:59,540.21
2022-03-31 01:08:04,540.21
2022-03-31 01:08:09,540.21
2022-03-31 01:08:14,540.27
2022-03-31 01:08:19,540.28
2022-03-31 01:08:24,540.34
2022-03-31 01:08:29,540.28
2022-03-31 01:08:34,540.28
2022-03-31 01:08:39,540.34
2022-03-31 01:08:44,540.34
2022-03-31 01:08:49,540.34
2022-03-31 01:08:54,540.34
2022-03-31 01:08:59,540.34
2022-03-31 01:09:04,540.38
2022-03-31 01:09:09,540.38
2022-03-31 01:09:14,540.37
2022-03-31 01:09:19,540.38
2022-03-31 01:09:24,540.38
2022-03-31 01:09:29,540.38
2022-03-31 01:09:34,540.44
2022-03-31 01:09:39,540.44
2022-03-31 01:09:44,540.5
2022-03-31 01:09:49,540.5
2022-03-31 01:09:54,540.5
2022-03-31 01:09:59,540.57
2022-03-31 01:10:04,540.57
2022-03-31 01:10:09,540.5
2022-03-31 01:10:14,540.57
2022-03-31 01:10:19,540.57
2022-03-31 01:10:24,540.57
2022-03-31 01:10:29,540.6
2022-03-31 01:10:34,540.5
2022-03-31 01:10:39,540.5
2022-03-31 01:10:44,540.5
2022-03-31 01:10:49,540.44
2022-03-31 01:10:54,540.44
2022-03-31 01:10:59,540.44
2022-03-31 01:11:04,540.44
2022-03-31 01:11:09,540.38
2022-03-31 01:11:14,540.37
2022-03-31 01:11:19,540.37
2022-03-31 01:11:24,540.28
2022-03-31 01:11:29,540.28
2022-03-31 01:11:34,540.28
2022-03-31 01:11:39,540.21
2022-03-31 01:11:44,540.15
2022-03-31 01:11:49,540.08
2022-03-31 01:11:54,540.08
2022-03-31 01:11:59,540.05
2022-03-31 01:12:04,539.99
2022-03-31 01:12:09,539.99
2022-03-31 01:12:14,539.98
2022-03-31 01:12:19,539.86
2022-03-31 01:12:24,539.86
2022-03-31 01:12:29,539.86
2022-03-31 01:12:34,539.82
2022-03-31 01:12:39,539.76
2022-03-31 01:12:44,539.76
2022-03-31 01:12:49,539.63
2022-03-31 01:12:54,539.63
2022-03-31 01:12:59,539.57
2022-03-31 01:13:04,539.47
2022-03-31 01:13:09,539.47
2022-03-31 01:13:14,539.4
2022-03-31 01:13:19,539.34
2022-03-31 01:13:24,539.31
2022-03-31 01:13:29,539.31
2022-03-31 01:13:34,539.18
2022-03-31 01:13:39,539.12
2022-03-31 01:13:44,539.05
2022-03-31 01:13:49,539.06
2022-03-31 01:13:54,539.02
2022-03-31 01:13:59,538.89
2022-03-31 01:14:04,538.83
2022-03-31 01:14:09,538.8
2022-03-31 01:14:14,538.74
2022-03-31 01:14:19,538.61
2022-03-31 01:14:24,538.54
2022-03-31 01:14:29,538.51
2022-03-31 01:14:34,538.45
2022-03-31 01:14:39,538.38
2022-03-31 01:14:44,538.29
2022-03-31 01:14:49,538.22
2022-03-31 01:14:54,538.16
2022-03-31 01:14:59,538.1
2022-03-31 01:15:04,538.03
2022-03-31 01:15:09,538.03
2022-03-31 01:15:14,537.94
2022-03-31 01:15:19,537.87
2022-03-31 01:15:24,537.78
2022-03-31 01:15:29,537.78
2022-03-31 01:15:34,537.78
2022-03-31 01:15:39,537.71
2022-03-31 01:15:44,537.59
2022-03-31 01:15:49,537.52
2022-03-31 01:15:54,537.49
2022-03-31 01:15:59,537.43
2022-03-31 01:16:04,537.36
2022-03-31 01:16:09,537.3
2022-03-31 01:16:14,537.27
2022-03-31 01:16:19,537.27
2022-03-31 01:16:24,537.21
2022-03-31 01:16:29,537.14
2022-03-31 01:16:34,537.08
2022-03-31 01:16:39,537.01
2022-03-31 01:16:44,537.02
2022-03-31 01:16:49,536.98
2022-03-31 01:16:54,536.92
2022-03-31 01:16:59,536.85
2022-03-31 01:17:04,536.79
2022-03-31 01:17:09,536.76
2022-03-31 01:17:14,536.79
2022-03-31 01:17:19,536.7
2022-03-31 01:17:24,536.7
2022-03-31 01:17:29,536.7
2022-03-31 01:17:34,536.63
2022-03-31 01:17:39,536.57
2022-03-31 01:17:44,536.57
2022-03-31 01:17:49,536.5
2022-03-31 01:17:54,536.5
2022-03-31 01:17:59,536.47
2022-03-31 01:18:04,536.47
2022-03-31 01:18:09,536.41
2022-03-31 01:18:14,536.41
2022-03-31 01:18:19,536.41
2022-03-31 01:18:24,536.41
2022-03-31 01:18:29,536.47
2022-03-31 01:18:34,536.47
2022-03-31 01:18:39,536.48
2022-03-31 01:18:44,536.41
2022-03-31 01:18:49,536.48
2022-03-31 01:18:54,536.47
2022-03-31 01:18:59,536.51
2022-03-31 01:19:04,536.51
2022-03-31 01:19:09,536.57
2022-03-31 01:19:14,536.57
2022-03-31 01:19:19,536.57
2022-03-31 01:19:24,536.7
2022-03-31 01:19:29,536.7
2022-03-31 01:19:34,536.76
2022-03-31 01:19:39,536.8
2022-03-31 01:19:44,536.86
2022-03-31 01:19:49,536.99
2022-03-31 01:19:54,536.99
2022-03-31 01:19:59,537.02
2022-03-31 01:20:04,537.09
2022-03-31 01:20:09,537.15
2022-03-31 01:20:14,537.28
2022-03-31 01:20:19,537.31
2022-03-31 01:20:24,537.38
2022-03-31 01:20:29,537.54
2022-03-31 01:20:34,537.67
2022-03-31 01:20:39,537.73
2022-03-31 01:20:44,537.89
2022-03-31 01:20:49,538.02
2022-03-31 01:20:54,538.18
2022-03-31 01:20:59,538.24
2022-03-31 01:21:04,538.34
2022-03-31 01:21:09,538.47
2022-03-31 01:21:14,538.69
2022-03-31 01:21:19,538.82
2022-03-31 01:21:24,538.92
2022-03-31 01:21:29,539.08
2022-03-31 01:21:34,539.21
2022-03-31 01:21:39,539.37
2022-03-31 01:21:44,539.56
2022-03-31 01:21:49,539.66
2022-03-31 01:21:54,539.85
2022-03-31 01:21:59,539.95
2022-03-31 01:22:04,540.11
2022-03-31 01:22:09,540.24
2022-03-31 01:22:14,540.4
2022-03-31 01:22:19,540.6
2022-03-31 01:22:24,540.69
2022-03-31 01:22:29,540.82
2022-03-31 01:22:34,541.05
2022-03-31 01:22:39,541.14
2022-03-31 01:22:44,541.34
2022-03-31 01:22:49,541.43
2022-03-31 01:22:54,541.66
2022-03-31 01:22:59,541.79
2022-03-31 01:23:04,541.95
2022-03-31 01:23:09,542.17
2022-03-31 01:23:14,542.3
2022-03-31 01:23:19,542.47
2022-03-31 01:23:24,542.66
2022-03-31 01:23:29,542.76
2022-03-31 01:23:34,542.95
2022-03-31 01:23:39,543.11
2022-03-31 01:23:44,543.27
2022-03-31 01:23:49,543.34
2022-03-31 01:23:54,543.57
2022-03-31 01:23:59,543.69
2022-03-31 01:24:04,543.79
2022-03-31 01:24:09,543.99
2022-03-31 01:24:14,544.02
2022-03-31 01:24:19,544.15
2022-03-31 01:24:24,544.24
2022-03-31 01:24:29,544.44
2022-03-31 01:24:34,544.5
2022-03-31 01:24:39,544.6
2022-03-31 01:24:44,544.73
2022-03-31 01:24:49,544.83
2022-03-31 01:24:54,545.02
2022-03-31 01:24:59,545.12
2022-03-31 01:25:04,545.18
2022-03-31 01:25:09,537.71
2022-03-31 01:25:14,545.41
2022-03-31 01:25:19,545.54
2022-03-31 01:25:24,545.57
2022-03-31 01:25:29,545.77
2022-03-31 01:25:34,545.8
2022-03-31 01:25:39,545.93
2022-03-31 01:25:44,545.99
2022-03-31 01:25:49,546.06
2022-03-31 01:25:54,546.16
2022-03-31 01:25:59,546.22
2022-03-31 01:26:04,546.32
2022-03-31 01:26:09,546.38
2022-03-31 01:26:14,546.44
2022-03-31 01:26:19,546.51
2022-03-31 01:26:24,546.61
2022-03-31 01:26:29,546.67
2022-03-31 01:26:34,546.67
2022-03-31 01:26:39,546.83
2022-03-31 01:26:44,546.9
2022-03-31 01:26:49,546.9
2022-03-31 01:26:54,546.96
2022-03-31 01:26:59,547.03
2022-03-31 01:27:04,547.09
2022-03-31 01:27:09,547.09
2022-03-31 01:27:14,547.12
2022-03-31 01:27:19,537.71
2022-03-31 01:27:24,547.19
2022-03-31 01:27:29,547.13
2022-03-31 01:27:34,547.19
2022-03-31 01:27:39,547.19
2022-03-31 01:27:44,547.19
2022-03-31 01:27:49,547.19
2022-03-31 01:27:54,547.19
2022-03-31 01:27:59,547.12
2022-03-31 01:28:04,547.12
2022-03-31 01:28:09,547.09
2022-03-31 01:28:14,547.09
2022-03-31 01:28:19,547.03
2022-03-31 01:28:24,546.96
2022-03-31 01:28:29,546.83
2022-03-31 01:28:34,546.83
2022-03-31 01:28:39,546.8
2022-03-31 01:28:44,546.67
2022-03-31 01:28:49,546.61
2022-03-31 01:28:54,546.51
2022-03-31 01:28:59,546.38
2022-03-31 01:29:04,546.32
2022-03-31 01:29:09,546.22
2022-03-31 01:29:14,546.06
2022-03-31 01:29:19,545.99
2022-03-31 01:29:24,545.87
2022-03-31 01:29:29,545.77
2022-03-31 01:29:34,545.64
2022-03-31 01:29:39,545.48
2022-03-31 01:29:44,545.28
2022-03-31 01:29:49,545.19
2022-03-31 01:29:54,545.03
2022-03-31 01:29:59,544.83
2022-03-31 01:30:04,544.67
2022-03-31 01:30:09,544.54
2022-03-31 01:30:14,544.44
2022-03-31 01:30:19,544.25
2022-03-31 01:30:24,544.03
2022-03-31 01:30:29,543.93
2022-03-31 01:30:34,543.74
2022-03-31 01:30:39,543.57
2022-03-31 01:30:44,543.48
2022-03-31 01:30:49,543.28
2022-03-31 01:30:54,543.12
2022-03-31 01:30:59,542.96
2022-03-31 01:31:04,542.9
2022-03-31 01:31:09,542.7
2022-03-31 01:31:14,542.54
2022-03-31 01:31:19,542.45
2022-03-31 01:31:24,542.25
2022-03-31 01:31:29,542.16
2022-03-31 01:31:34,541.96
2022-03-31 01:31:39,541.8
2022-03-31 01:31:44,541.67
2022-03-31 01:31:49,541.58
2022-03-31 01:31:54,541.45
2022-03-31 01:31:59,541.35
2022-03-31 01:32:04,541.22
2022-03-31 01:32:09,541.06
2022-03-31 01:32:14,541.0
2022-03-31 01:32:19,540.84
2022-03-31 01:32:24,540.71
2022-03-31 01:32:29,540.65
2022-03-31 01:32:34,540.55
2022-03-31 01:32:39,540.42
2022-03-31 01:32:44,540.33
2022-03-31 01:32:49,540.2
2022-03-31 01:32:54,540.13
2022-03-31 01:32:59,540.1
2022-03-31 01:33:04,539.91
2022-03-31 01:33:09,539.88
2022-03-31 01:33:14,539.75
2022-03-31 01:33:19,539.69
2022-03-31 01:33:24,539.59
2022-03-31 01:33:29,539.53
2022-03-31 01:33:34,539.46
2022-03-31 01:33:39,539.4
2022-03-31 01:33:44,539.24
2022-03-31 01:33:49,539.24
2022-03-31 01:33:54,539.11
2022-03-31 01:33:59,539.08
2022-03-31 01:34:04,539.02
2022-03-31 01:34:09,538.89
2022-03-31 01:34:14,538.89
2022-03-31 01:34:19,538.86
2022-03-31 01:34:24,538.79
2022-03-31 01:34:29,538.79
2022-03-31 01:34:34,538.66
2022-03-31 01:34:39,538.67
2022-03-31 01:34:44,538.66
2022-03-31 01:34:49,538.6
2022-03-31 01:34:54,538.57
2022-03-31 01:34:59,538.5
2022-03-31 01:35:04,538.5
2022-03-31 01:35:09,538.44
2022-03-31 01:35:14,538.44
2022-03-31 01:35:19,538.38
2022-03-31 01:35:24,538.38
2022-03-31 01:35:29,538.34
2022-03-31 01:35:34,538.28
2022-03-31 01:35:39,538.35
2022-03-31 01:35:44,538.28
2022-03-31 01:35:49,538.28
2022-03-31 01:35:54,538.22
2022-03-31 01:35:59,538.15
2022-03-31 01:36:04,538.22
2022-03-31 01:36:09,538.22
2022-03-31 01:36:14,538.15
2022-03-31 01:36:19,538.15
2022-03-31 01:36:24,538.15
2022-03-31 01:36:29,538.15
2022-03-31 01:36:34,538.15
2022-03-31 01:36:39,538.15
2022-03-31 01:36:44,538.09
2022-03-31 01:36:49,538.09
2022-03-31 01:36:54,538.09
2022-03-31 01:36:59,538.06
2022-03-31 01:37:04,538.06
2022-03-31 01:37:09,538.09
2022-03-31 01:37:14,538.09
2022-03-31 01:37:19,538.06
2022-03-31 01:37:24,538.06
2022-03-31 01:37:29,538.05
2022-03-31 01:37:34,538.06
2022-03-31 01:37:39,538.05
2022-03-31 01:37:44,537.99
2022-03-31 01:37:49,538.06
2022-03-31 01:37:54,537.99
2022-03-31 01:37:59,537.99
2022-03-31 01:38:04,537.99
2022-03-31 01:38:09,537.99
2022-03-31 01:38:14,537.93
2022-03-31 01:38:19,537.93
2022-03-31 01:38:24,537.92
2022-03-31 01:38:29,537.86
2022-03-31 01:38:34,537.83
2022-03-31 01:38:39,537.83
2022-03-31 01:38:44,537.76
2022-03-31 01:38:49,537.76
2022-03-31 01:38:54,537.76
2022-03-31 01:38:59,537.7
2022-03-31 01:39:04,537.63
2022-03-31 01:39:09,537.57
2022-03-31 01:39:14,537.54
2022-03-31 01:39:19,537.47
2022-03-31 01:39:24,537.4
2022-03-31 01:39:29,537.4
2022-03-31 01:39:34,537.34
2022-03-31 01:39:39,537.34
2022-03-31 01:39:44,537.31
2022-03-31 01:39:49,537.24
2022-03-31 01:39:54,537.24
2022-03-31 01:39:59,537.18
2022-03-31 01:40:04,537.17
2022-03-31 01:40:09,537.17
2022-03-31 01:40:14,537.11
2022-03-31 01:40:19,537.05
2022-03-31 01:40:24,537.05
2022-03-31 01:40:29,537.01
2022-03-31 01:40:34,537.01
2022-03-31 01:40:39,536.95
2022-03-31 01:40:44,536.89
2022-03-31 01:40:49,536.95
2022-03-31 01:40:54,536.95
2022-03-31 01:40:59,536.95
2022-03-31 01:41:04,536.95
2022-03-31 01:41:09,536.95
2022-03-31 01:41:14,536.95
2022-03-31 01:41:19,536.95
2022-03-31 01:41:24,536.95
2022-03-31 01:41:29,537.01
2022-03-31 01:41:34,536.94
2022-03-31 01:41:39,537.01
2022-03-31 01:41:44,537.04
2022-03-31 01:41:49,537.04
2022-03-31 01:41:54,537.04
2022-03-31 01:41:59,537.04
2022-03-31 01:42:04,537.11
2022-03-31 01:42:09,537.11
2022-03-31 01:42:14,537.11
2022-03-31 01:42:19,537.17
2022-03-31 01:42:24,537.23
2022-03-31 01:42:29,537.3
2022-03-31 01:42:34,537.33
2022-03-31 01:42:39,537.33
2022-03-31 01:42:44,537.46
2022-03-31 01:42:49,537.52
2022-03-31 01:42:54,537.53
2022-03-31 01:42:59,537.62
2022-03-31 01:43:04,537.69
2022-03-31 01:43:09,537.75
2022-03-31 01:43:14,537.85
2022-03-31 01:43:19,537.85
2022-03-31 01:43:24,537.91
2022-03-31 01:43:29,538.04
2022-03-31 01:43:34,538.13
2022-03-31 01:43:39,538.2
2022-03-31 01:43:44,538.33
2022-03-31 01:43:49,538.36
2022-03-31 01:43:54,538.49
2022-03-31 01:43:59,538.55
2022-03-31 01:44:04,538.59
2022-03-31 01:44:09,538.71
2022-03-31 01:44:14,538.84
2022-03-31 01:44:19,538.94
2022-03-31 01:44:24,539.07
2022-03-31 01:44:29,539.16
2022-03-31 01:44:34,539.23
2022-03-31 01:44:39,539.39
2022-03-31 01:44:44,539.45
2022-03-31 01:44:49,539.58
2022-03-31 01:44:54,539.68
2022-03-31 01:44:59,539.81
2022-03-31 01:45:04,539.9
2022-03-31 01:45:09,540.1
2022-03-31 01:45:14,540.19
2022-03-31 01:45:19,540.32
2022-03-31 01:45:24,540.42
2022-03-31 01:45:29,540.54
2022-03-31 01:45:34,540.64
2022-03-31 01:45:39,540.77
2022-03-31 01:45:44,540.93
2022-03-31 01:45:49,541.06
2022-03-31 01:45:54,541.15
2022-03-31 01:45:59,541.34
2022-03-31 01:46:04,541.44
2022-03-31 01:46:09,541.57
2022-03-31 01:46:14,541.67
2022-03-31 01:46:19,541.86
2022-03-31 01:46:24,541.96
2022-03-31 01:46:29,542.08
2022-03-31 01:46:34,542.18
2022-03-31 01:46:39,542.31
2022-03-31 01:46:44,542.47
2022-03-31 01:46:49,542.6
2022-03-31 01:46:54,542.69
2022-03-31 01:46:59,542.89
2022-03-31 01:47:04,542.98
2022-03-31 01:47:09,543.11
2022-03-31 01:47:14,543.27
2022-03-31 01:47:19,543.33
2022-03-31 01:47:24,543.46
2022-03-31 01:47:29,543.56
2022-03-31 01:47:34,543.72
2022-03-31 01:47:39,543.85
2022-03-31 01:47:44,544.0
2022-03-31 01:47:49,544.13
2022-03-31 01:47:54,544.23
2022-03-31 01:47:59,544.36
2022-03-31 01:48:04,544.52
2022-03-31 01:48:09,544.58
2022-03-31 01:48:14,544.71
2022-03-31 01:48:19,544.81
2022-03-31 01:48:24,544.94
2022-03-31 01:48:29,545.03
2022-03-31 01:48:34,545.1
2022-03-31 01:48:39,545.23
2022-03-31 01:48:44,545.32
2022-03-31 01:48:49,545.39
2022-03-31 01:48:54,545.52
2022-03-31 01:48:59,545.55
2022-03-31 01:49:04,545.68
2022-03-31 01:49:09,545.74
2022-03-31 01:49:14,545.77
2022-03-31 01:49:19,545.9
2022-03-31 01:49:24,545.97
2022-03-31 01:49:29,546.03
2022-03-31 01:49:34,546.07
2022-03-31 01:49:39,546.19
2022-03-31 01:49:44,546.19
2022-03-31 01:49:49,546.19
2022-03-31 01:49:54,546.26
2022-03-31 01:49:59,546.35
2022-03-31 01:50:04,546.29
2022-03-31 01:50:09,546.36
2022-03-31 01:50:14,546.42
2022-03-31 01:50:19,546.42
2022-03-31 01:50:24,546.48
2022-03-31 01:50:29,546.55
2022-03-31 01:50:34,546.55
2022-03-31 01:50:39,546.58
2022-03-31 01:50:44,546.55
2022-03-31 01:50:49,546.55
2022-03-31 01:50:54,546.58
2022-03-31 01:50:59,546.58
2022-03-31 01:51:04,546.55
2022-03-31 01:51:09,546.55
2022-03-31 01:51:14,546.55
2022-03-31 01:51:19,546.58
2022-03-31 01:51:24,546.55
2022-03-31 01:51:29,546.49
2022-03-31 01:51:34,546.55
2022-03-31 01:51:39,546.49
2022-03-31 01:51:44,546.49
2022-03-31 01:51:49,546.42
2022-03-31 01:51:54,546.36
2022-03-31 01:51:59,546.36
2022-03-31 01:52:04,546.36
2022-03-31 01:52:09,546.26
2022-03-31 01:52:14,546.2
2022-03-31 01:52:19,546.13
2022-03-31 01:52:24,546.07
2022-03-31 01:52:29,546.07
2022-03-31 01:52:34,545.97
2022-03-31 01:52:39,545.84
2022-03-31 01:52:44,545.78
2022-03-31 01:52:49,545.75
2022-03-31 01:52:54,545.62
2022-03-31 01:52:59,545.46
2022-03-31 01:53:04,545.39
2022-03-31 01:53:09,545.26
2022-03-31 01:53:14,545.23
2022-03-31 01:53:19,545.1
2022-03-31 01:53:24,545.01
2022-03-31 01:53:29,544.94
2022-03-31 01:53:34,544.75
2022-03-31 01:53:39,544.65
2022-03-31 01:53:44,544.52
2022-03-31 01:53:49,544.42
2022-03-31 01:53:54,544.36
2022-03-31 01:53:59,544.23
2022-03-31 01:54:04,544.13
2022-03-31 01:54:09,544.0
2022-03-31 01:54:14,543.91
2022-03-31 01:54:19,543.78
2022-03-31 01:54:24,543.68
2022-03-31 01:54:29,543.55
2022-03-31 01:54:34,543.46
2022-03-31 01:54:39,543.33
2022-03-31 01:54:44,543.2
2022-03-31 01:54:49,543.17
2022-03-31 01:54:54,542.97
2022-03-31 01:54:59,542.88
2022-03-31 01:55:04,542.74
2022-03-31 01:55:09,542.68
2022-03-31 01:55:14,542.52
2022-03-31 01:55:19,542.42
2022-03-31 01:55:24,542.23
2022-03-31 01:55:29,542.16
2022-03-31 01:55:34,542.07
2022-03-31 01:55:39,541.93
2022-03-31 01:55:44,541.84
2022-03-31 01:55:49,541.77
2022-03-31 01:55:54,541.64
2022-03-31 01:55:59,541.55
2022-03-31 01:56:04,541.42
2022-03-31 01:56:09,541.38
2022-03-31 01:56:14,541.26
2022-03-31 01:56:19,541.19
2022-03-31 01:56:24,541.09
2022-03-31 01:56:29,541.09
2022-03-31 01:56:34,540.97
2022-03-31 01:56:39,540.87
2022-03-31 01:56:44,540.8
2022-03-31 01:56:49,540.74
2022-03-31 01:56:54,540.67
2022-03-31 01:56:59,540.61
2022-03-31 01:57:04,540.57
2022-03-31 01:57:09,540.51
2022-03-31 01:57:14,540.38
2022-03-31 01:57:19,540.45
2022-03-31 01:57:24,540.38
2022-03-31 01:57:29,540.38
2022-03-31 01:57:34,540.35
2022-03-31 01:57:39,540.35
2022-03-31 01:57:44,540.28
2022-03-31 01:57:49,540.28
2022-03-31 01:57:54,540.28
2022-03-31 01:57:59,540.29
2022-03-31 01:58:04,540.28
2022-03-31 01:58:09,540.28
2022-03-31 01:58:14,540.28
2022-03-31 01:58:19,540.28
2022-03-31 01:58:24,540.28
2022-03-31 01:58:29,540.28
2022-03-31 01:58:34,540.28
2022-03-31 01:58:39,540.28
2022-03-31 01:58:44,540.28
2022-03-31 01:58:49,540.28
2022-03-31 01:58:54,540.35
2022-03-31 01:58:59,540.28
2022-03-31 01:59:04,540.35
2022-03-31 01:59:09,540.38
2022-03-31 01:59:14,540.35
2022-03-31 01:59:19,540.38
2022-03-31 01:59:24,540.38
2022-03-31 01:59:29,540.38
2022-03-31 01:59:34,540.45
2022-03-31 01:59:39,540.45
2022-03-31 01:59:44,540.51
2022-03-31 01:59:49,540.58
2022-03-31 01:59:54,540.61
2022-03-31 01:59:59,540.61
2022-03-31 02:00:04,540.61
2022-03-31 02:00:09,540.67
2022-03-31 02:00:14,540.74
2022-03-31 02:00:19,540.74
2022-03-31 02:00:24,540.8
2022-03-31 02:00:29,540.87
2022-03-31 02:00:34,540.87
2022-03-31 02:00:39,540.87
2022-03-31 02:00:44,540.9
2022-03-31 02:00:49,540.97
2022-03-31 02:00:54,541.03
2022-03-31 02:00:59,541.03
2022-03-31 02:01:04,541.09
2022-03-31 02:01:09,541.03
2022-03-31 02:01:14,541.13
2022-03-31 02:01:19,541.13
2022-03-31 02:01:24,541.13
2022-03-31 02:01:29,541.19
2022-03-31 02:01:34,541.26
2022-03-31 02:01:39,541.26
2022-03-31 02:01:44,541.32
2022-03-31 02:01:49,541.39
2022-03-31 02:01:54,541.32
2022-03-31 02:01:59,541.38
2022-03-31 02:02:04,541.42
2022-03-31 02:02:09,541.48
2022-03-31 02:02:14,541.48
2022-03-31 02:02:19,541.48
2022-03-31 02:02:24,541.54
2022-03-31 02:02:29,541.61
2022-03-31 02:02:34,541.61
2022-03-31 02:02:39,541.61
2022-03-31 02:02:44,541.64
2022-03-31 02:02:49,541.64
2022-03-31 02:02:54,541.71
2022-03-31 02:02:59,541.71
2022-03-31 02:03:04,541.77
2022-03-31 02:03:09,541.77
2022-03-31 02:03:14,541.77
2022-03-31 02:03:19,541.83
2022-03-31 02:03:24,541.83
2022-03-31 02:03:29,541.9
2022-03-31 02:03:34,541.93
2022-03-31 02:03:39,541.93
2022-03-31 02:03:44,541.93
2022-03-31 02:03:49,541.99
2022-03-31 02:03:54,541.99
2022-03-31 02:03:59,541.99
2022-03-31 02:04:04,542.12
2022-03-31 02:04:09,542.05
2022-03-31 02:04:14,537.71
2022-03-31 02:04:19,542.12
2022-03-31 02:04:24,542.15
2022-03-31 02:04:29,542.15
2022-03-31 02:04:34,542.21
2022-03-31 02:04:39,542.21
2022-03-31 02:04:44,542.21
2022-03-31 02:04:49,542.28
2022-03-31 02:04:54,542.34
2022-03-31 02:04:59,542.4
2022-03-31 02:05:04,542.34
2022-03-31 02:05:09,542.44
2022-03-31 02:05:14,542.43
2022-03-31 02:05:19,542.5
2022-03-31 02:05:24,542.5
2022-03-31 02:05:29,542.5
2022-03-31 02:05:34,537.71
2022-03-31 02:05:39,542.56
2022-03-31 02:05:44,542.62
2022-03-31 02:05:49,542.62
2022-03-31 02:05:54,542.62
2022-03-31 02:05:59,542.66
2022-03-31 02:06:04,542.66
2022-03-31 02:06:09,542.72
2022-03-31 02:06:14,542.79
2022-03-31 02:06:19,542.72
2022-03-31 02:06:24,542.78
2022-03-31 02:06:29,542.78
2022-03-31 02:06:34,542.85
2022-03-31 02:06:39,542.85
2022-03-31 02:06:44,542.91
2022-03-31 02:06:49,542.91
2022-03-31 02:06:54,542.91
2022-03-31 02:06:59,542.95
2022-03-31 02:07:04,542.95
2022-03-31 02:07:09,543.01
2022-03-31 02:07:14,543.01
2022-03-31 02:07:19,543.08
2022-03-31 02:07:24,543.07
2022-03-31 02:07:29,543.14
2022-03-31 02:07:34,543.14
2022-03-31 02:07:39,543.17
2022-03-31 02:07:44,543.17
2022-03-31 02:07:49,543.17
2022-03-31 02:07:54,543.24
2022-03-31 02:07:59,543.24
2022-03-31 02:08:04,543.24
2022-03-31 02:08:09,543.3
2022-03-31 02:08:14,543.24
2022-03-31 02:08:19,543.24
2022-03-31 02:08:24,543.24
2022-03-31 02:08:29,543.31
2022-03-31 02:08:34,543.31
2022-03-31 02:08:39,543.31
2022-03-31 02:08:44,543.37
2022-03-31 02:08:49,543.37
2022-03-31 02:08:54,543.37
2022-03-31 02:08:59,543.43
2022-03-31 02:09:04,543.44
2022-03-31 02:09:09,543.44
2022-03-31 02:09:14,543.47
2022-03-31 02:09:19,543.54
2022-03-31 02:09:24,543.6
2022-03-31 02:09:29,543.54
2022-03-31 02:09:34,543.66
2022-03-31 02:09:39,543.6
2022-03-31 02:09:44,543.6
2022-03-31 02:09:49,543.67
2022-03-31 02:09:54,543.66
2022-03-31 02:09:59,543.66
2022-03-31 02:10:04,543.7
2022-03-31 02:10:09,543.7
2022-03-31 02:10:14,543.7
2022-03-31 02:10:19,543.7
2022-03-31 02:10:24,543.7
2022-03-31 02:10:29,543.7
2022-03-31 02:10:34,543.77
2022-03-31 02:10:39,543.7
2022-03-31 02:10:44,543.7
2022-03-31 02:10:49,543.76
2022-03-31 02:10:54,543.7
2022-03-31 02:10:59,543.76
2022-03-31 02:11:04,543.7
2022-03-31 02:11:09,543.77
2022-03-31 02:11:14,543.76
2022-03-31 02:11:19,543.76
2022-03-31 02:11:24,543.76
2022-03-31 02:11:29,543.7
2022-03-31 02:11:34,543.76
2022-03-31 02:11:39,543.7
2022-03-31 02:11:44,543.7
2022-03-31 02:11:49,543.76
2022-03-31 02:11:54,543.7
2022-03-31 02:11:59,543.76
2022-03-31 02:12:04,543.7
2022-03-31 02:12:09,543.7
2022-03-31 02:12:14,543.7
2022-03-31 02:12:19,543.67
2022-03-31 02:12:24,543.67
2022-03-31 02:12:29,543.6
2022-03-31 02:12:34,543.66
2022-03-31 02:12:39,543.6
2022-03-31 02:12:44,543.6
2022-03-31 02:12:49,543.6
2022-03-31 02:12:54,543.6
2022-03-31 02:12:59,543.6
2022-03-31 02:13:04,543.54
2022-03-31 02:13:09,543.54
2022-03-31 02:13:14,543.47
2022-03-31 02:13:19,543.47
2022-03-31 02:13:24,543.44
2022-03-31 02:13:29,543.47
2022-03-31 02:13:34,543.44
2022-03-31 02:13:39,543.37
2022-03-31 02:13:44,543.37
2022-03-31 02:13:49,543.37
2022-03-31 02:13:54,543.37
2022-03-31 02:13:59,537.71
2022-03-31 02:14:04,543.37
2022-03-31 02:14:09,543.24
2022-03-31 02:14:14,543.24
2022-03-31 02:14:19,543.24
2022-03-31 02:14:24,543.24
2022-03-31 02:14:29,543.17
2022-03-31 02:14:34,543.17
2022-03-31 02:14:39,543.14
2022-03-31 02:14:44,543.14
2022-03-31 02:14:49,543.14
2022-03-31 02:14:54,543.08
2022-03-31 02:14:59,543.08
2022-03-31 02:15:04,543.01
2022-03-31 02:15:09,543.01
2022-03-31 02:15:14,542.95
2022-03-31 02:15:19,542.95
2022-03-31 02:15:24,542.95
2022-03-31 02:15:29,542.95
2022-03-31 02:15:34,542.91
2022-03-31 02:15:39,542.85
2022-03-31 02:15:44,542.85
2022-03-31 02:15:49,542.85
2022-03-31 02:15:54,542.85
2022-03-31 02:15:59,542.79
2022-03-31 02:16:04,542.72
2022-03-31 02:16:09,542.72
2022-03-31 02:16:14,542.72
2022-03-31 02:16:19,542.66
2022-03-31 02:16:24,542.56
2022-03-31 02:16:29,542.56
2022-03-31 02:16:34,542.5
2022-03-31 02:16:39,542.43
2022-03-31 02:16:44,542.4
2022-03-31 02:16:49,542.34
2022-03-31 02:16:54,542.21
2022-03-31 02:16:59,542.21
2022-03-31 02:17:04,542.15
2022-03-31 02:17:09,542.11
2022-03-31 02:17:14,542.05
2022-03-31 02:17:19,542.05
2022-03-31 02:17:24,541.92
2022-03-31 02:17:29,541.92
2022-03-31 02:17:34,541.89
2022-03-31 02:17:39,541.83
2022-03-31 02:17:44,541.76
2022-03-31 02:17:49,541.76
2022-03-31 02:17:54,541.64
2022-03-31 02:17:59,541.63
2022-03-31 02:18:04,541.6
2022-03-31 02:18:09,541.54
2022-03-31 02:18:14,541.54
2022-03-31 02:18:19,541.47
2022-03-31 02:18:24,541.41
2022-03-31 02:18:29,541.38
2022-03-31 02:18:34,541.32
2022-03-31 02:18:39,541.31
2022-03-31 02:18:44,541.25
2022-03-31 02:18:49,541.18
2022-03-31 02:18:54,541.12
2022-03-31 02:18:59,541.12
2022-03-31 02:19:04,541.02
2022-03-31 02:19:09,541.02
2022-03-31 02:19:14,540.96
2022-03-31 02:19:19,540.9
2022-03-31 02:19:24,540.9
2022-03-31 02:19:29,540.9
2022-03-31 02:19:34,540.86
2022-03-31 02:19:39,540.87
2022-03-31 02:19:44,540.8
2022-03-31 02:19:49,540.73
2022-03-31 02:19:54,540.74
2022-03-31 02:19:59,540.67
2022-03-31 02:20:04,540.61
2022-03-31 02:20:09,540.61
2022-03-31 02:20:14,540.61
2022-03-31 02:20:19,540.58
2022-03-31 02:20:24,537.71
2022-03-31 02:20:29,540.51
2022-03-31 02:20:34,540.51
2022-03-31 02:20:39,540.38
2022-03-31 02:20:44,540.38
2022-03-31 02:20:49,540.38
2022-03-31 02:20:54,540.35
2022-03-31 02:20:59,540.35
2022-03-31 02:21:04,540.28
2022-03-31 02:21:09,540.28
2022-03-31 02:21:14,540.22
2022-03-31 02:21:19,540.22
2022-03-31 02:21:24,540.15
2022-03-31 02:21:29,540.09
2022-03-31 02:21:34,540.09
2022-03-31 02:21:39,540.09
2022-03-31 02:21:44,540.06
2022-03-31 02:21:49,540.06
2022-03-31 02:21:54,539.99
2022-03-31 02:21:59,539.93
2022-03-31 02:22:04,539.93
2022-03-31 02:22:09,539.86
2022-03-31 02:22:14,539.83
2022-03-31 02:22:19,539.86
2022-03-31 02:22:24,539.83
2022-03-31 02:22:29,539.83
2022-03-31 02:22:34,539.76
2022-03-31 02:22:39,539.76
2022-03-31 02:22:44,539.69
2022-03-31 02:22:49,539.63
2022-03-31 02:22:54,539.69
2022-03-31 02:22:59,539.63
2022-03-31 02:23:04,539.69
2022-03-31 02:23:09,539.63
2022-03-31 02:23:14,539.63
2022-03-31 02:23:19,539.62
2022-03-31 02:23:24,539.56
2022-03-31 02:23:29,539.56
2022-03-31 02:23:34,539.56
2022-03-31 02:23:39,539.62
2022-03-31 02:23:44,539.62
2022-03-31 02:23:49,539.56
2022-03-31 02:23:54,539.56
2022-03-31 02:23:59,539.62
2022-03-31 02:24:04,539.56
2022-03-31 02:24:09,539.56
2022-03-31 02:24:14,539.62
2022-03-31 02:24:19,539.62
2022-03-31 02:24:24,539.62
2022-03-31 02:24:29,539.56
2022-03-31 02:24:34,539.62
2022-03-31 02:24:39,539.69
2022-03-31 02:24:44,539.62
2022-03-31 02:24:49,539.69
2022-03-31 02:24:54,539.69
2022-03-31 02:24:59,539.62
2022-03-31 02:25:04,539.69
2022-03-31 02:25:09,539.69
2022-03-31 02:25:14,539.75
2022-03-31 02:25:19,539.75
2022-03-31 02:25:24,539.82
2022-03-31 02:25:29,539.82
2022-03-31 02:25:34,539.82
2022-03-31 02:25:39,539.82
2022-03-31 02:25:44,539.82
2022-03-31 02:25:49,539.85
2022-03-31 02:25:54,539.85
2022-03-31 02:25:59,539.92
2022-03-31 02:26:04,539.91
2022-03-31 02:26:09,539.91
2022-03-31 02:26:14,539.92
2022-03-31 02:26:19,539.98
2022-03-31 02:26:24,539.98
2022-03-31 02:26:29,539.98
2022-03-31 02:26:34,539.98
2022-03-31 02:26:39,540.05
2022-03-31 02:26:44,540.05
2022-03-31 02:26:49,540.08
2022-03-31 02:26:54,540.05
2022-03-31 02:26:59,540.08
2022-03-31 02:27:04,540.15
2022-03-31 02:27:09,540.15
2022-03-31 02:27:14,540.21
2022-03-31 02:27:19,540.21
2022-03-31 02:27:24,540.15
2022-03-31 02:27:29,540.21
2022-03-31 02:27:34,540.28
2022-03-31 02:27:39,540.28
2022-03-31 02:27:44,540.34
2022-03-31 02:27:49,540.34
2022-03-31 02:27:54,540.38
2022-03-31 02:27:59,540.37
2022-03-31 02:28:04,540.38
2022-03-31 02:28:09,540.44
2022-03-31 02:28:14,540.44
2022-03-31 02:28:19,540.44
2022-03-31 02:28:24,540.5
2022-03-31 02:28:29,540.57
2022-03-31 02:28:34,540.57
2022-03-31 02:28:39,540.6
2022-03-31 02:28:44,540.6
2022-03-31 02:28:49,540.67
2022-03-31 02:28:54,540.67
2022-03-31 02:28:59,540.67
2022-03-31 02:29:04,540.73
2022-03-31 02:29:09,540.8
2022-03-31 02:29:14,540.86
2022-03-31 02:29:19,540.86
2022-03-31 02:29:24,540.86
2022-03-31 02:29:29,540.86
2022-03-31 02:29:34,540.89
2022-03-31 02:29:39,540.89
2022-03-31 02:29:44,540.95
2022-03-31 02:29:49,540.96
2022-03-31 02:29:54,541.02
2022-03-31 02:29:59,541.02
2022-03-31 02:30:04,541.02
2022-03-31 02:30:09,541.02
2022-03-31 02:30:14,541.08
2022-03-31 02:30:19,541.12
2022-03-31 02:30:24,541.12
2022-03-31 02:30:29,541.12
2022-03-31 02:30:34,541.18
2022-03-31 02:30:39,541.11
2022-03-31 02:30:44,541.18
2022-03-31 02:30:49,541.24
2022-03-31 02:30:54,541.18
2022-03-31 02:30:59,541.31
2022-03-31 02:31:04,541.24
2022-03-31 02:31:09,541.24
2022-03-31 02:31:14,541.3
2022-03-31 02:31:19,541.24
2022-03-31 02:31:24,541.3
2022-03-31 02:31:29,541.3
2022-03-31 02:31:34,541.3
2022-03-31 02:31:39,541.3
2022-03-31 02:31:44,541.3
2022-03-31 02:31:49,541.3
2022-03-31 02:31:54,541.3
2022-03-31 02:31:59,541.3
2022-03-31 02:32:04,541.3
2022-03-31 02:32:09,541.3
2022-03-31 02:32:14,541.3
2022-03-31 02:32:19,541.3
2022-03-31 02:32:24,541.3
2022-03-31 02:32:29,541.3
2022-03-31 02:32:34,541.36
2022-03-31 02:32:39,541.3
2022-03-31 02:32:44,541.3
2022-03-31 02:32:49,541.3
2022-03-31 02:32:54,541.36
2022-03-31 02:32:59,541.3
2022-03-31 02:33:04,541.3
2022-03-31 02:33:09,541.3
2022-03-31 02:33:14,541.23
2022-03-31 02:33:19,541.29
2022-03-31 02:33:24,541.3
2022-03-31 02:33:29,541.3
2022-03-31 02:33:34,541.29
2022-03-31 02:33:39,541.23
2022-03-31 02:33:44,541.29
2022-03-31 02:33:49,541.3
2022-03-31 02:33:54,541.29
2022-03-31 02:33:59,541.3
2022-03-31 02:34:04,541.3
2022-03-31 02:34:09,541.3
2022-03-31 02:34:14,541.23
2022-03-31 02:34:19,541.3
2022-03-31 02:34:24,541.23
2022-03-31 02:34:29,541.23
2022-03-31 02:34:34,541.3
2022-03-31 02:34:39,541.23
2022-03-31 02:34:44,541.23
2022-03-31 02:34:49,541.3
2022-03-31 02:34:54,541.23
2022-03-31 02:34:59,541.23
2022-03-31 02:35:04,541.23
2022-03-31 02:35:09,541.17
2022-03-31 02:35:14,541.17
2022-03-31 02:35:19,541.17
2022-03-31 02:35:24,541.17
2022-03-31 02:35:29,541.17
2022-03-31 02:35:34,541.11
2022-03-31 02:35:39,541.17
2022-03-31 02:35:44,541.17
2022-03-31 02:35:49,541.17
2022-03-31 02:35:54,541.17
2022-03-31 02:35:59,541.11
2022-03-31 02:36:04,541.17
2022-03-31 02:36:09,541.11
2022-03-31 02:36:14,541.11
2022-03-31 02:36:19,541.11
2022-03-31 02:36:24,541.11
2022-03-31 02:36:29,541.17
2022-03-31 02:36:34,541.17
2022-03-31 02:36:39,541.17
2022-03-31 02:36:44,541.17
2022-03-31 02:36:49,541.17
2022-03-31 02:36:54,541.11
2022-03-31 02:36:59,541.18
2022-03-31 02:37:04,541.11
2022-03-31 02:37:09,541.11
2022-03-31 02:37:14,541.11
2022-03-31 02:37:19,541.11
2022-03-31 02:37:24,541.11
2022-03-31 02:37:29,541.08
2022-03-31 02:37:34,541.11
2022-03-31 02:37:39,541.11
2022-03-31 02:37:44,541.08
2022-03-31 02:37:49,541.11
2022-03-31 02:37:54,541.11
2022-03-31 02:37:59,541.11
2022-03-31 02:38:04,541.11
2022-03-31 02:38:09,541.08
2022-03-31 02:38:14,541.11
2022-03-31 02:38:19,541.11
2022-03-31 02:38:24,541.11
2022-03-31 02:38:29,541.11
2022-03-31 02:38:34,541.08
2022-03-31 02:38:39,541.08
2022-03-31 02:38:44,541.08
2022-03-31 02:38:49,541.08
2022-03-31 02:38:54,541.08
2022-03-31 02:38:59,541.07
2022-03-31 02:39:04,541.08
2022-03-31 02:39:09,541.08
2022-03-31 02:39:14,541.01
2022-03-31 02:39:19,541.11
2022-03-31 02:39:24,541.01
2022-03-31 02:39:29,541.01
2022-03-31 02:39:34,541.07
2022-03-31 02:39:39,541.07
2022-03-31 02:39:44,541.01
2022-03-31 02:39:49,541.07
2022-03-31 02:39:54,541.08
2022-03-31 02:39:59,541.08
2022-03-31 02:40:04,541.01
2022-03-31 02:40:09,541.01
2022-03-31 02:40:14,541.07
2022-03-31 02:40:19,541.07
2022-03-31 02:40:24,541.01
2022-03-31 02:40:29,541.01
2022-03-31 02:40:34,541.01
2022-03-31 02:40:39,541.01
2022-03-31 02:40:44,541.01
2022-03-31 02:40:49,537.71
2022-03-31 02:40:54,540.94
2022-03-31 02:40:59,540.87
2022-03-31 02:41:04,540.94
2022-03-31 02:41:09,540.94
2022-03-31 02:41:14,540.94
2022-03-31 02:41:19,540.94
2022-03-31 02:41:24,540.87
2022-03-31 02:41:29,540.94
2022-03-31 02:41:34,540.87
2022-03-31 02:41:39,540.87
2022-03-31 02:41:44,540.87
2022-03-31 02:41:49,540.87
2022-03-31 02:41:54,540.84
2022-03-31 02:41:59,540.84
2022-03-31 02:42:04,540.78
2022-03-31 02:42:09,540.77
2022-03-31 02:42:14,540.77
2022-03-31 02:42:19,540.71
2022-03-31 02:42:24,540.71
2022-03-31 02:42:29,537.71
2022-03-31 02:42:34,540.65
2022-03-31 02:42:39,540.65
2022-03-31 02:42:44,540.58
2022-03-31 02:42:49,540.58
2022-03-31 02:42:54,540.64
2022-03-31 02:42:59,540.58
2022-03-31 02:43:04,540.58
2022-03-31 02:43:09,540.55
2022-03-31 02:43:14,540.55
2022-03-31 02:43:19,540.49
2022-03-31 02:43:24,540.49
2022-03-31 02:43:29,540.42
2022-03-31 02:43:34,540.42
2022-03-31 02:43:39,540.42
2022-03-31 02:43:44,540.42
2022-03-31 02:43:49,540.36
2022-03-31 02:43:54,540.36
2022-03-31 02:43:59,540.36
2022-03-31 02:44:04,540.36
2022-03-31 02:44:09,540.33
2022-03-31 02:44:14,540.33
2022-03-31 02:44:19,540.36
2022-03-31 02:44:24,540.33
2022-03-31 02:44:29,540.26
2022-03-31 02:44:34,540.27
2022-03-31 02:44:39,540.27
2022-03-31 02:44:44,540.27
2022-03-31 02:44:49,540.27
2022-03-31 02:44:54,540.27
2022-03-31 02:44:59,540.2
2022-03-31 02:45:04,540.2
2022-03-31 02:45:09,540.2
2022-03-31 02:45:14,540.14
2022-03-31 02:45:19,540.14
2022-03-31 02:45:24,540.08
2022-03-31 02:45:29,540.08
2022-03-31 02:45:34,540.08
2022-03-31 02:45:39,540.08
2022-03-31 02:45:44,540.04
2022-03-31 02:45:49,540.04
2022-03-31 02:45:54,540.04
2022-03-31 02:45:59,540.04
2022-03-31 02:46:04,539.98
2022-03-31 02:46:09,539.98
2022-03-31 02:46:14,539.92
2022-03-31 02:46:19,539.91
2022-03-31 02:46:24,539.98
2022-03-31 02:46:29,539.91
2022-03-31 02:46:34,539.85
2022-03-31 02:46:39,539.85
2022-03-31 02:46:44,539.85
2022-03-31 02:46:49,539.85
2022-03-31 02:46:54,539.76
2022-03-31 02:46:59,539.82
2022-03-31 02:47:04,539.82
2022-03-31 02:47:09,539.76
2022-03-31 02:47:14,539.76
2022-03-31 02:47:19,539.69
2022-03-31 02:47:24,539.69
2022-03-31 02:47:29,539.63
2022-03-31 02:47:34,539.69
2022-03-31 02:47:39,539.69
2022-03-31 02:47:44,539.63
2022-03-31 02:47:49,539.63
2022-03-31 02:47:54,539.56
2022-03-31 02:47:59,539.56
2022-03-31 02:48:04,539.53
2022-03-31 02:48:09,539.56
2022-03-31 02:48:14,539.53
2022-03-31 02:48:19,539.53
2022-03-31 02:48:24,539.47
2022-03-31 02:48:29,539.53
2022-03-31 02:48:34,539.4
2022-03-31 02:48:39,539.4
2022-03-31 02:48:44,539.4
2022-03-31 02:48:49,539.34
2022-03-31 02:48:54,539.34
2022-03-31 02:48:59,539.3
2022-03-31 02:49:04,539.3
2022-03-31 02:49:09,539.34
2022-03-31 02:49:14,539.3
2022-03-31 02:49:19,539.3
2022-03-31 02:49:24,539.3
2022-03-31 02:49:29,539.24
2022-03-31 02:49:34,539.3
2022-03-31 02:49:39,539.23
2022-03-31 02:49:44,539.23
2022-03-31 02:49:49,539.24
2022-03-31 02:49:54,539.3
2022-03-31 02:49:59,539.23
2022-03-31 02:50:04,539.23
2022-03-31 02:50:09,539.23
2022-03-31 02:50:14,539.17
2022-03-31 02:50:19,539.17
2022-03-31 02:50:24,539.1
2022-03-31 02:50:29,539.1
2022-03-31 02:50:34,539.17
2022-03-31 02:50:39,539.17
2022-03-31 02:50:44,539.1
2022-03-31 02:50:49,539.1
2022-03-31 02:50:54,539.1
2022-03-31 02:50:59,539.1
2022-03-31 02:51:04,539.04
2022-03-31 02:51:09,539.04
2022-03-31 02:51:14,539.04
2022-03-31 02:51:19,539.04
2022-03-31 02:51:24,539.0
2022-03-31 02:51:29,539.01
2022-03-31 02:51:34,539.0
2022-03-31 02:51:39,539.0
2022-03-31 02:51:44,538.94
2022-03-31 02:51:49,538.94
2022-03-31 02:51:54,538.94
2022-03-31 02:51:59,538.94
2022-03-31 02:52:04,539.01
2022-03-31 02:52:09,538.94
2022-03-31 02:52:14,538.94
2022-03-31 02:52:19,538.94
2022-03-31 02:52:24,538.88
2022-03-31 02:52:29,538.94
2022-03-31 02:52:34,538.94
2022-03-31 02:52:39,538.94
2022-03-31 02:52:44,539.01
2022-03-31 02:52:49,539.04
2022-03-31 02:52:54,539.01
2022-03-31 02:52:59,539.04
2022-03-31 02:53:04,539.04
2022-03-31 02:53:09,539.04
2022-03-31 02:53:14,539.11
2022-03-31 02:53:19,539.17
2022-03-31 02:53:24,539.17
2022-03-31 02:53:29,539.24
2022-03-31 02:53:34,539.3
2022-03-31 02:53:39,539.34
2022-03-31 02:53:44,539.4
2022-03-31 02:53:49,539.4
2022-03-31 02:53:54,539.46
2022-03-31 02:53:59,539.53
2022-03-31 02:54:04,539.53
2022-03-31 02:54:09,539.63
2022-03-31 02:54:14,539.63
2022-03-31 02:54:19,539.76
2022-03-31 02:54:24,539.85
2022-03-31 02:54:29,539.85
2022-03-31 02:54:34,539.92
2022-03-31 02:54:39,539.98
2022-03-31 02:54:44,540.05
2022-03-31 02:54:49,540.08
2022-03-31 02:54:54,540.14
2022-03-31 02:54:59,540.21
2022-03-31 02:55:04,540.34
2022-03-31 02:55:09,540.34
2022-03-31 02:55:14,540.44
2022-03-31 02:55:19,540.5
2022-03-31 02:55:24,540.57
2022-03-31 02:55:29,540.66
2022-03-31 02:55:34,540.66
2022-03-31 02:55:39,540.79
2022-03-31 02:55:44,540.89
2022-03-31 02:55:49,540.95
2022-03-31 02:55:54,541.02
2022-03-31 02:55:59,541.08
2022-03-31 02:56:04,541.11
2022-03-31 02:56:09,541.18
2022-03-31 02:56:14,541.24
2022-03-31 02:56:19,541.37
2022-03-31 02:56:24,541.37
2022-03-31 02:56:29,541.4
2022-03-31 02:56:34,541.53
2022-03-31 02:56:39,541.53
2022-03-31 02:56:44,541.6
2022-03-31 02:56:49,541.69
2022-03-31 02:56:54,541.69
2022-03-31 02:56:59,541.69
2022-03-31 02:57:04,541.75
2022-03-31 02:57:09,541.82
2022-03-31 02:57:14,541.88
2022-03-31 02:57:19,541.92
2022-03-31 02:57:24,541.98
2022-03-31 02:57:29,542.04
2022-03-31 02:57:34,542.04
2022-03-31 02:57:39,542.14
2022-03-31 02:57:44,542.14
2022-03-31 02:57:49,542.2
2022-03-31 02:57:54,542.27
2022-03-31 02:57:59,537.71
2022-03-31 02:58:04,542.4
2022-03-31 02:58:09,542.4
2022-03-31 02:58:14,542.39
2022-03-31 02:58:19,542.49
2022-03-31 02:58:24,542.55
2022-03-31 02:58:29,542.55
2022-03-31 02:58:34,542.62
2022-03-31 02:58:39,542.65
2022-03-31 02:58:44,542.71
2022-03-31 02:58:49,542.71
2022-03-31 02:58:54,542.78
2022-03-31 02:58:59,542.78
2022-03-31 02:59:04,542.78
2022-03-31 02:59:09,542.84
2022-03-31 02:59:14,542.84
2022-03-31 02:59:19,542.84
2022-03-31 02:59:24,542.9
2022-03-31 02:59:29,542.91
2022-03-31 02:59:34,542.93
2022-03-31 02:59:39,542.9
2022-03-31 02:59:44,542.94
2022-03-31 02:59:49,542.9
2022-03-31 02:59:54,542.9
2022-03-31 02:59:59,542.9
2022-03-31 03:00:04,542.84
2022-03-31 03:00:09,542.9
2022-03-31 03:00:14,542.84
2022-03-31 03:00:19,542.84
2022-03-31 03:00:24,542.84
2022-03-31 03:00:29,542.77
2022-03-31 03:00:34,542.77
2022-03-31 03:00:39,542.71
2022-03-31 03:00:44,542.71
2022-03-31 03:00:49,542.64
2022-03-31 03:00:54,542.64
2022-03-31 03:00:59,542.55
2022-03-31 03:01:04,542.55
2022-03-31 03:01:09,542.55
2022-03-31 03:01:14,542.48
2022-03-31 03:01:19,542.42
2022-03-31 03:01:24,542.39
2022-03-31 03:01:29,542.32
2022-03-31 03:01:34,542.32
2022-03-31 03:01:39,542.19
2022-03-31 03:01:44,542.13
2022-03-31 03:01:49,542.1
2022-03-31 03:01:54,541.97
2022-03-31 03:01:59,542.04
2022-03-31 03:02:04,541.97
2022-03-31 03:02:09,541.87
2022-03-31 03:02:14,541.81
2022-03-31 03:02:19,541.75
2022-03-31 03:02:24,541.68
2022-03-31 03:02:29,541.52
2022-03-31 03:02:34,541.52
2022-03-31 03:02:39,541.46
2022-03-31 03:02:44,541.39
2022-03-31 03:02:49,541.36
2022-03-31 03:02:54,541.3
2022-03-31 03:02:59,541.23
2022-03-31 03:03:04,541.17
2022-03-31 03:03:09,537.71
2022-03-31 03:03:14,541.08
2022-03-31 03:03:19,541.01
2022-03-31 03:03:24,540.95
2022-03-31 03:03:29,540.95
2022-03-31 03:03:34,540.85
2022-03-31 03:03:39,540.79
2022-03-31 03:03:44,540.72
2022-03-31 03:03:49,540.66
2022-03-31 03:03:54,540.6
2022-03-31 03:03:59,540.57
2022-03-31 03:04:04,540.5
2022-03-31 03:04:09,540.44
2022-03-31 03:04:14,540.37
2022-03-31 03:04:19,540.27
2022-03-31 03:04:24,540.15
2022-03-31 03:04:29,540.15
2022-03-31 03:04:34,540.08
2022-03-31 03:04:39,540.05
2022-03-31 03:04:44,539.92
2022-03-31 03:04:49,539.86
2022-03-31 03:04:54,539.86
2022-03-31 03:04:59,539.76
2022-03-31 03:05:04,539.63
2022-03-31 03:05:09,539.57
2022-03-31 03:05:14,539.53
2022-03-31 03:05:19,539.47
2022-03-31 03:05:24,539.47
2022-03-31 03:05:29,539.31
2022-03-31 03:05:34,539.31
2022-03-31 03:05:39,539.25
2022-03-31 03:05:44,539.11
2022-03-31 03:05:49,539.12
2022-03-31 03:05:54,539.02
2022-03-31 03:05:59,539.02
2022-03-31 03:06:04,538.89
2022-03-31 03:06:09,538.83
2022-03-31 03:06:14,538.73
2022-03-31 03:06:19,538.73
2022-03-31 03:06:24,538.66
2022-03-31 03:06:29,538.6
2022-03-31 03:06:34,538.5
2022-03-31 03:06:39,538.5
2022-03-31 03:06:44,538.37
2022-03-31 03:06:49,538.31
2022-03-31 03:06:54,538.28
2022-03-31 03:06:59,538.21
2022-03-31 03:07:04,538.15
2022-03-31 03:07:09,538.08
2022-03-31 03:07:14,537.99
2022-03-31 03:07:19,537.99
2022-03-31 03:07:24,537.92
2022-03-31 03:07:29,537.85
2022-03-31 03:07:34,537.86
2022-03-31 03:07:39,537.79
2022-03-31 03:07:44,537.79
2022-03-31 03:07:49,537.76
2022-03-31 03:07:54,537.63
2022-03-31 03:07:59,537.69
2022-03-31 03:08:04,537.56
2022-03-31 03:08:09,537.5
2022-03-31 03:08:14,537.5
2022-03-31 03:08:19,537.5
2022-03-31 03:08:24,537.4
2022-03-31 03:08:29,537.4
2022-03-31 03:08:34,537.34
2022-03-31 03:08:39,537.33
2022-03-31 03:08:44,537.24
2022-03-31 03:08:49,537.27
2022-03-31 03:08:54,537.24
2022-03-31 03:08:59,537.24
2022-03-31 03:09:04,537.24
2022-03-31 03:09:09,537.17
2022-03-31 03:09:14,537.11
2022-03-31 03:09:19,537.11
2022-03-31 03:09:24,537.11
2022-03-31 03:09:29,537.11
2022-03-31 03:09:34,537.04
2022-03-31 03:09:39,536.98
2022-03-31 03:09:44,537.04
2022-03-31 03:09:49,536.98
2022-03-31 03:09:54,536.98
2022-03-31 03:09:59,536.98
2022-03-31 03:10:04,537.04
2022-03-31 03:10:09,537.04
2022-03-31 03:10:14,536.98
2022-03-31 03:10:19,536.95
2022-03-31 03:10:24,536.98
2022-03-31 03:10:29,537.04
2022-03-31 03:10:34,536.98
2022-03-31 03:10:39,536.98
2022-03-31 03:10:44,536.98
2022-03-31 03:10:49,536.98
2022-03-31 03:10:54,536.95
2022-03-31 03:10:59,536.95
2022-03-31 03:11:04,536.98
2022-03-31 03:11:09,536.98
2022-03-31 03:11:14,536.89
2022-03-31 03:11:19,536.95
2022-03-31 03:11:24,536.95
2022-03-31 03:11:29,536.95
2022-03-31 03:11:34,536.95
2022-03-31 03:11:39,536.89
2022-03-31 03:11:44,536.89
2022-03-31 03:11:49,536.89
2022-03-31 03:11:54,536.89
2022-03-31 03:11:59,536.83
2022-03-31 03:12:04,536.83
2022-03-31 03:12:09,536.83
2022-03-31 03:12:14,536.83
2022-03-31 03:12:19,536.83
2022-03-31 03:12:24,536.76
2022-03-31 03:12:29,536.73
2022-03-31 03:12:34,536.77
2022-03-31 03:12:39,536.76
2022-03-31 03:12:44,536.77
2022-03-31 03:12:49,536.73
2022-03-31 03:12:54,536.73
2022-03-31 03:12:59,536.73
2022-03-31 03:13:04,536.73
2022-03-31 03:13:09,536.77
2022-03-31 03:13:14,536.67
2022-03-31 03:13:19,536.67
2022-03-31 03:13:24,536.67
2022-03-31 03:13:29,536.6
2022-03-31 03:13:34,536.61
2022-03-31 03:13:39,536.54
2022-03-31 03:13:44,536.61
2022-03-31 03:13:49,536.54
2022-03-31 03:13:54,536.61
2022-03-31 03:13:59,536.54
2022-03-31 03:14:04,536.48
2022-03-31 03:14:09,536.48
2022-03-31 03:14:14,536.48
2022-03-31 03:14:19,536.48
2022-03-31 03:14:24,536.48
2022-03-31 03:14:29,536.44
2022-03-31 03:14:34,536.48
2022-03-31 03:14:39,536.47
2022-03-31 03:14:44,536.54
2022-03-31 03:14:49,536.54
2022-03-31 03:14:54,536.54
2022-03-31 03:14:59,536.54
2022-03-31 03:15:04,536.54
2022-03-31 03:15:09,536.61
2022-03-31 03:15:14,536.54
2022-03-31 03:15:19,536.6
2022-03-31 03:15:24,536.66
2022-03-31 03:15:29,536.67
2022-03-31 03:15:34,536.73
2022-03-31 03:15:39,536.73
2022-03-31 03:15:44,536.76
2022-03-31 03:15:49,536.83
2022-03-31 03:15:54,536.89
2022-03-31 03:15:59,536.89
2022-03-31 03:16:04,536.95
2022-03-31 03:16:09,536.98
2022-03-31 03:16:14,537.05
2022-03-31 03:16:19,537.11
2022-03-31 03:16:24,537.18
2022-03-31 03:16:29,537.24
2022-03-31 03:16:34,537.27
2022-03-31 03:16:39,537.27
2022-03-31 03:16:44,537.4
2022-03-31 03:16:49,537.46
2022-03-31 03:16:54,537.5
2022-03-31 03:16:59,537.62
2022-03-31 03:17:04,537.69
2022-03-31 03:17:09,537.75
2022-03-31 03:17:14,537.79
2022-03-31 03:17:19,537.91
2022-03-31 03:17:24,537.97
2022-03-31 03:17:29,538.07
2022-03-31 03:17:34,538.13
2022-03-31 03:17:39,538.2
2022-03-31 03:17:44,538.26
2022-03-31 03:17:49,538.36
2022-03-31 03:17:54,538.49
2022-03-31 03:17:59,538.52
2022-03-31 03:18:04,538.65
2022-03-31 03:18:09,538.71
2022-03-31 03:18:14,538.77
2022-03-31 03:18:19,538.87
2022-03-31 03:18:24,539.0
2022-03-31 03:18:29,539.03
2022-03-31 03:18:34,539.16
2022-03-31 03:18:39,539.23
2022-03-31 03:18:44,539.29
2022-03-31 03:18:49,539.38
2022-03-31 03:18:54,539.45
2022-03-31 03:18:59,539.52
2022-03-31 03:19:04,539.61
2022-03-31 03:19:09,539.74
2022-03-31 03:19:14,539.81
2022-03-31 03:19:19,539.9
2022-03-31 03:19:24,539.97
2022-03-31 03:19:29,540.06
2022-03-31 03:19:34,540.19
2022-03-31 03:19:39,540.26
2022-03-31 03:19:44,540.35
2022-03-31 03:19:49,540.42
2022-03-31 03:19:54,540.55
2022-03-31 03:19:59,540.58
2022-03-31 03:20:04,540.64
2022-03-31 03:20:09,540.71
2022-03-31 03:20:14,540.84
2022-03-31 03:20:19,540.87
2022-03-31 03:20:24,540.94
2022-03-31 03:20:29,541.0
2022-03-31 03:20:34,541.06
2022-03-31 03:20:39,541.16
2022-03-31 03:20:44,541.16
2022-03-31 03:20:49,541.29
2022-03-31 03:20:54,541.29
2022-03-31 03:20:59,541.36
2022-03-31 03:21:04,541.39
2022-03-31 03:21:09,541.52
2022-03-31 03:21:14,541.58
2022-03-31 03:21:19,541.59
2022-03-31 03:21:24,541.61
2022-03-31 03:21:29,541.68
2022-03-31 03:21:34,541.68
2022-03-31 03:21:39,541.75
2022-03-31 03:21:44,541.81
2022-03-31 03:21:49,541.81
2022-03-31 03:21:54,541.87
2022-03-31 03:21:59,541.91
2022-03-31 03:22:04,541.87
2022-03-31 03:22:09,541.91
2022-03-31 03:22:14,541.97
2022-03-31 03:22:19,541.97
2022-03-31 03:22:24,541.97
2022-03-31 03:22:29,541.97
2022-03-31 03:22:34,541.97
2022-03-31 03:22:39,541.97
2022-03-31 03:22:44,541.97
2022-03-31 03:22:49,542.03
2022-03-31 03:22:54,541.97
2022-03-31 03:22:59,541.97
2022-03-31 03:23:04,541.97
2022-03-31 03:23:09,541.97
2022-03-31 03:23:14,541.9
2022-03-31 03:23:19,541.9
2022-03-31 03:23:24,541.9
2022-03-31 03:23:29,541.87
2022-03-31 03:23:34,541.81
2022-03-31 03:23:39,541.81
2022-03-31 03:23:44,541.74
2022-03-31 03:23:49,541.68
2022-03-31 03:23:54,541.61
2022-03-31 03:23:59,541.61
2022-03-31 03:24:04,541.58
2022-03-31 03:24:09,541.51
2022-03-31 03:24:14,541.51
2022-03-31 03:24:19,541.38
2022-03-31 03:24:24,541.38
2022-03-31 03:24:29,541.35
2022-03-31 03:24:34,541.28
2022-03-31 03:24:39,541.22
2022-03-31 03:24:44,541.15
2022-03-31 03:24:49,541.09
2022-03-31 03:24:54,541.06
2022-03-31 03:24:59,540.99
2022-03-31 03:25:04,540.99
2022-03-31 03:25:09,540.93
2022-03-31 03:25:14,540.83
2022-03-31 03:25:19,540.83
2022-03-31 03:25:24,540.76
2022-03-31 03:25:29,540.63
2022-03-31 03:25:34,540.63
2022-03-31 03:25:39,540.53
2022-03-31 03:25:44,540.47
2022-03-31 03:25:49,540.41
2022-03-31 03:25:54,540.34
2022-03-31 03:25:59,540.31
2022-03-31 03:26:04,540.24
2022-03-31 03:26:09,540.18
2022-03-31 03:26:14,540.05
2022-03-31 03:26:19,540.02
2022-03-31 03:26:24,539.95
2022-03-31 03:26:29,539.88
2022-03-31 03:26:34,539.82
2022-03-31 03:26:39,539.79
2022-03-31 03:26:44,539.72
2022-03-31 03:26:49,539.66
2022-03-31 03:26:54,539.59
2022-03-31 03:26:59,539.5
2022-03-31 03:27:04,539.43
2022-03-31 03:27:09,539.3
2022-03-31 03:27:14,539.27
2022-03-31 03:27:19,539.27
2022-03-31 03:27:24,539.2
2022-03-31 03:27:29,539.14
2022-03-31 03:27:34,539.07
2022-03-31 03:27:39,539.01
2022-03-31 03:27:44,538.98
2022-03-31 03:27:49,538.91
2022-03-31 03:27:54,538.85
2022-03-31 03:27:59,538.75
2022-03-31 03:28:04,538.69
2022-03-31 03:28:09,538.62
2022-03-31 03:28:14,538.56
2022-03-31 03:28:19,538.49
2022-03-31 03:28:24,538.46
2022-03-31 03:28:29,538.39
2022-03-31 03:28:34,538.33
2022-03-31 03:28:39,538.24
2022-03-31 03:28:44,538.24
2022-03-31 03:28:49,538.17
2022-03-31 03:28:54,538.04
2022-03-31 03:28:59,537.98
2022-03-31 03:29:04,537.98
2022-03-31 03:29:09,537.88
2022-03-31 03:29:14,537.88
2022-03-31 03:29:19,537.82
2022-03-31 03:29:24,537.75
2022-03-31 03:29:29,537.76
2022-03-31 03:29:34,537.72
2022-03-31 03:29:39,537.66
2022-03-31 03:29:44,537.59
2022-03-31 03:29:49,537.53
2022-03-31 03:29:54,537.59
2022-03-31 03:29:59,537.47
2022-03-31 03:30:04,537.47
2022-03-31 03:30:09,537.47
2022-03-31 03:30:14,537.47
2022-03-31 03:30:19,537.44
2022-03-31 03:30:24,537.47
2022-03-31 03:30:29,537.47
2022-03-31 03:30:34,537.47
2022-03-31 03:30:39,537.53
2022-03-31 03:30:44,537.47
2022-03-31 03:30:49,537.47
2022-03-31 03:30:54,537.53
2022-03-31 03:30:59,537.53
2022-03-31 03:31:04,537.53
2022-03-31 03:31:09,537.53
2022-03-31 03:31:14,537.53
2022-03-31 03:31:19,537.53
2022-03-31 03:31:24,537.53
2022-03-31 03:31:29,537.59
2022-03-31 03:31:34,537.59
2022-03-31 03:31:39,537.66
2022-03-31 03:31:44,537.66
2022-03-31 03:31:49,537.59
2022-03-31 03:31:54,537.59
2022-03-31 03:31:59,537.72
2022-03-31 03:32:04,537.66
2022-03-31 03:32:09,537.66
2022-03-31 03:32:14,537.72
2022-03-31 03:32:19,537.72
2022-03-31 03:32:24,537.72
2022-03-31 03:32:29,537.72
2022-03-31 03:32:34,537.75
2022-03-31 03:32:39,537.81
2022-03-31 03:32:44,537.81
2022-03-31 03:32:49,537.81
2022-03-31 03:32:54,537.88
2022-03-31 03:32:59,537.88
2022-03-31 03:33:04,537.94
2022-03-31 03:33:09,537.94
2022-03-31 03:33:14,537.97
2022-03-31 03:33:19,538.04
2022-03-31 03:33:24,538.1
2022-03-31 03:33:29,538.1
2022-03-31 03:33:34,538.17
2022-03-31 03:33:39,538.23
2022-03-31 03:33:44,538.26
2022-03-31 03:33:49,538.33
2022-03-31 03:33:54,538.32
2022-03-31 03:33:59,538.45
2022-03-31 03:34:04,538.49
2022-03-31 03:34:09,538.55
2022-03-31 03:34:14,538.61
2022-03-31 03:34:19,538.74
2022-03-31 03:34:24,538.77
2022-03-31 03:34:29,538.77
2022-03-31 03:34:34,538.83
2022-03-31 03:34:39,538.9
2022-03-31 03:34:44,538.96
2022-03-31 03:34:49,538.99
2022-03-31 03:34:54,539.06
2022-03-31 03:34:59,539.12
2022-03-31 03:35:04,539.19
2022-03-31 03:35:09,539.25
2022-03-31 03:35:14,539.28
2022-03-31 03:35:19,539.35
2022-03-31 03:35:24,539.34
2022-03-31 03:35:29,539.41
2022-03-31 03:35:34,539.47
2022-03-31 03:35:39,539.5
2022-03-31 03:35:44,539.5
2022-03-31 03:35:49,539.63
2022-03-31 03:35:54,539.7
2022-03-31 03:35:59,539.76
2022-03-31 03:36:04,539.76
2022-03-31 03:36:09,539.79
2022-03-31 03:36:14,539.85
2022-03-31 03:36:19,539.92
2022-03-31 03:36:24,539.98
2022-03-31 03:36:29,540.02
2022-03-31 03:36:34,540.08
2022-03-31 03:36:39,540.14
2022-03-31 03:36:44,540.21
2022-03-31 03:36:49,540.27
2022-03-31 03:36:54,540.27
2022-03-31 03:36:59,540.31
2022-03-31 03:37:04,540.37
2022-03-31 03:37:09,540.5
2022-03-31 03:37:14,540.5
2022-03-31 03:37:19,540.53
2022-03-31 03:37:24,540.6
2022-03-31 03:37:29,540.66
2022-03-31 03:37:34,540.66
2022-03-31 03:37:39,540.72
2022-03-31 03:37:44,540.79
2022-03-31 03:37:49,540.83
2022-03-31 03:37:54,540.89
2022-03-31 03:37:59,540.95
2022-03-31 03:38:04,541.02
2022-03-31 03:38:09,541.05
2022-03-31 03:38:14,541.12
2022-03-31 03:38:19,541.24
2022-03-31 03:38:24,541.24
2022-03-31 03:38:29,541.31
2022-03-31 03:38:34,541.34
2022-03-31 03:38:39,541.41
2022-03-31 03:38:44,541.41
2022-03-31 03:38:49,541.54
2022-03-31 03:38:54,541.54
2022-03-31 03:38:59,541.57
2022-03-31 03:39:04,541.63
2022-03-31 03:39:09,541.63
2022-03-31 03:39:14,541.7
2022-03-31 03:39:19,541.7
2022-03-31 03:39:24,541.77
2022-03-31 03:39:29,541.76
2022-03-31 03:39:34,541.83
2022-03-31 03:39:39,541.83
2022-03-31 03:39:44,541.92
2022-03-31 03:39:49,541.86
2022-03-31 03:39:54,541.86
2022-03-31 03:39:59,541.93
2022-03-31 03:40:04,541.93
2022-03-31 03:40:09,541.92
2022-03-31 03:40:14,541.93
2022-03-31 03:40:19,541.93
2022-03-31 03:40:24,541.93
2022-03-31 03:40:29,541.92
2022-03-31 03:40:34,541.93
2022-03-31 03:40:39,541.93
2022-03-31 03:40:44,541.86
2022-03-31 03:40:49,541.86
2022-03-31 03:40:54,541.86
2022-03-31 03:40:59,541.86
2022-03-31 03:41:04,541.83
2022-03-31 03:41:09,541.83
2022-03-31 03:41:14,541.77
2022-03-31 03:41:19,541.76
2022-03-31 03:41:24,541.76
2022-03-31 03:41:29,541.63
2022-03-31 03:41:34,541.63
2022-03-31 03:41:39,541.54
2022-03-31 03:41:44,541.54
2022-03-31 03:41:49,541.54
2022-03-31 03:41:54,541.47
2022-03-31 03:41:59,541.41
2022-03-31 03:42:04,541.41
2022-03-31 03:42:09,541.34
2022-03-31 03:42:14,541.31
2022-03-31 03:42:19,541.31
2022-03-31 03:42:24,541.18
2022-03-31 03:42:29,541.18
2022-03-31 03:42:34,541.12
2022-03-31 03:42:39,541.02
2022-03-31 03:42:44,541.02
2022-03-31 03:42:49,540.95
2022-03-31 03:42:54,540.89
2022-03-31 03:42:59,540.83
2022-03-31 03:43:04,540.79
2022-03-31 03:43:09,540.73
2022-03-31 03:43:14,540.66
2022-03-31 03:43:19,540.6
2022-03-31 03:43:24,540.54
2022-03-31 03:43:29,540.5
2022-03-31 03:43:34,540.37
2022-03-31 03:43:39,540.31
2022-03-31 03:43:44,540.21
2022-03-31 03:43:49,540.21
2022-03-31 03:43:54,540.14
2022-03-31 03:43:59,540.02
2022-03-31 03:44:04,539.98
2022-03-31 03:44:09,539.92
2022-03-31 03:44:14,539.85
2022-03-31 03:44:19,539.79
2022-03-31 03:44:24,539.75
2022-03-31 03:44:29,539.69
2022-03-31 03:44:34,539.69
2022-03-31 03:44:39,539.56
2022-03-31 03:44:44,539.56
2022-03-31 03:44:49,539.5
2022-03-31 03:44:54,539.49
2022-03-31 03:44:59,539.46
2022-03-31 03:45:04,539.39
2022-03-31 03:45:09,539.33
2022-03-31 03:45:14,539.33
2022-03-31 03:45:19,539.27
2022-03-31 03:45:24,539.27
2022-03-31 03:45:29,539.24
2022-03-31 03:45:34,539.24
2022-03-31 03:45:39,539.17
2022-03-31 03:45:44,539.11
2022-03-31 03:45:49,539.11
2022-03-31 03:45:54,539.11
2022-03-31 03:45:59,539.11
2022-03-31 03:46:04,539.04
2022-03-31 03:46:09,538.95
2022-03-31 03:46:14,538.95
2022-03-31 03:46:19,538.95
2022-03-31 03:46:24,538.95
2022-03-31 03:46:29,538.88
2022-03-31 03:46:34,538.88
2022-03-31 03:46:39,538.88
2022-03-31 03:46:44,538.82
2022-03-31 03:46:49,538.76
2022-03-31 03:46:54,538.76
2022-03-31 03:46:59,538.72
2022-03-31 03:47:04,538.72
2022-03-31 03:47:09,538.72
2022-03-31 03:47:14,538.66
2022-03-31 03:47:19,538.66
2022-03-31 03:47:24,538.6
2022-03-31 03:47:29,538.53
2022-03-31 03:47:34,538.53
2022-03-31 03:47:39,538.53
2022-03-31 03:47:44,538.47
2022-03-31 03:47:49,538.44
2022-03-31 03:47:54,538.38
2022-03-31 03:47:59,538.37
2022-03-31 03:48:04,538.38
2022-03-31 03:48:09,538.31
2022-03-31 03:48:14,538.25
2022-03-31 03:48:19,538.25
2022-03-31 03:48:24,538.25
2022-03-31 03:48:29,538.15
2022-03-31 03:48:34,538.21
2022-03-31 03:48:39,538.09
2022-03-31 03:48:44,538.09
2022-03-31 03:48:49,538.09
2022-03-31 03:48:54,538.02
2022-03-31 03:48:59,537.96
2022-03-31 03:49:04,537.93
2022-03-31 03:49:09,537.93
2022-03-31 03:49:14,537.86
2022-03-31 03:49:19,537.86
2022-03-31 03:49:24,537.8
2022-03-31 03:49:29,537.73
2022-03-31 03:49:34,537.7
2022-03-31 03:49:39,537.7
2022-03-31 03:49:44,537.64
2022-03-31 03:49:49,537.64
2022-03-31 03:49:54,537.57
2022-03-31 03:49:59,537.51
2022-03-31 03:50:04,537.51
2022-03-31 03:50:09,537.44
2022-03-31 03:50:14,537.42
2022-03-31 03:50:19,537.41
2022-03-31 03:50:24,537.35
2022-03-31 03:50:29,537.35
2022-03-31 03:50:34,537.35
2022-03-31 03:50:39,537.28
2022-03-31 03:50:44,537.22
2022-03-31 03:50:49,537.22
2022-03-31 03:50:54,537.22
2022-03-31 03:50:59,537.28
2022-03-31 03:51:04,537.22
2022-03-31 03:51:09,537.18
2022-03-31 03:51:14,537.18
2022-03-31 03:51:19,537.18
2022-03-31 03:51:24,537.18
2022-03-31 03:51:29,537.18
2022-03-31 03:51:34,537.18
2022-03-31 03:51:39,537.18
2022-03-31 03:51:44,537.12
2022-03-31 03:51:49,537.12
2022-03-31 03:51:54,537.12
2022-03-31 03:51:59,537.12
2022-03-31 03:52:04,537.12
2022-03-31 03:52:09,537.05
2022-03-31 03:52:14,537.05
2022-03-31 03:52:19,537.05
2022-03-31 03:52:24,536.99
2022-03-31 03:52:29,536.99
2022-03-31 03:52:34,536.98
2022-03-31 03:52:39,536.98
2022-03-31 03:52:44,536.98
2022-03-31 03:52:49,536.98
2022-03-31 03:52:54,536.98
2022-03-31 03:52:59,536.98
2022-03-31 03:53:04,536.98
2022-03-31 03:53:09,536.98
2022-03-31 03:53:14,536.98
2022-03-31 03:53:19,536.98
2022-03-31 03:53:24,536.98
2022-03-31 03:53:29,537.05
2022-03-31 03:53:34,537.04
2022-03-31 03:53:39,537.04
2022-03-31 03:53:44,537.04
2022-03-31 03:53:49,537.04
2022-03-31 03:53:54,537.04
2022-03-31 03:53:59,537.11
2022-03-31 03:54:04,537.04
2022-03-31 03:54:09,537.11
2022-03-31 03:54:14,537.11
2022-03-31 03:54:19,537.11
2022-03-31 03:54:24,537.11
2022-03-31 03:54:29,537.11
2022-03-31 03:54:34,537.11
2022-03-31 03:54:39,537.11
2022-03-31 03:54:44,537.11
2022-03-31 03:54:49,537.11
2022-03-31 03:54:54,537.17
2022-03-31 03:54:59,537.17
2022-03-31 03:55:04,537.17
2022-03-31 03:55:09,537.2
2022-03-31 03:55:14,537.21
2022-03-31 03:55:19,537.21
2022-03-31 03:55:24,537.27
2022-03-31 03:55:29,537.27
2022-03-31 03:55:34,537.27
2022-03-31 03:55:39,537.27
2022-03-31 03:55:44,537.34
2022-03-31 03:55:49,537.34
2022-03-31 03:55:54,537.44
2022-03-31 03:55:59,537.44
2022-03-31 03:56:04,537.44
2022-03-31 03:56:09,537.5
2022-03-31 03:56:14,537.5
2022-03-31 03:56:19,537.5
2022-03-31 03:56:24,537.63
2022-03-31 03:56:29,537.63
2022-03-31 03:56:34,537.63
2022-03-31 03:56:39,537.73
2022-03-31 03:56:44,537.7
2022-03-31 03:56:49,537.79
2022-03-31 03:56:54,537.86
2022-03-31 03:56:59,537.86
2022-03-31 03:57:04,537.93
2022-03-31 03:57:09,537.95
2022-03-31 03:57:14,538.02
2022-03-31 03:57:19,538.08
2022-03-31 03:57:24,538.15
2022-03-31 03:57:29,538.21
2022-03-31 03:57:34,538.25
2022-03-31 03:57:39,538.31
2022-03-31 03:57:44,538.37
2022-03-31 03:57:49,538.37
2022-03-31 03:57:54,538.47
2022-03-31 03:57:59,538.54
2022-03-31 03:58:04,538.6
2022-03-31 03:58:09,538.67
2022-03-31 03:58:14,538.73
2022-03-31 03:58:19,538.76
2022-03-31 03:58:24,538.83
2022-03-31 03:58:29,538.96
2022-03-31 03:58:34,538.96
2022-03-31 03:58:39,538.96
2022-03-31 03:58:44,539.05
2022-03-31 03:58:49,539.05
2022-03-31 03:58:54,539.18
2022-03-31 03:58:59,539.25
2022-03-31 03:59:04,539.28
2022-03-31 03:59:09,539.34
2022-03-31 03:59:14,539.41
2022-03-31 03:59:19,539.47
2022-03-31 03:59:24,539.5
2022-03-31 03:59:29,539.57
2022-03-31 03:59:34,539.63
2022-03-31 03:59:39,539.63
2022-03-31 03:59:44,539.7
2022-03-31 03:59:49,539.76
2022-03-31 03:59:54,539.79
2022-03-31 03:59:59,539.79
2022-03-31 04:00:04,539.86
2022-03-31 04:00:09,539.92
2022-03-31 04:00:14,539.92
2022-03-31 04:00:19,539.99
2022-03-31 04:00:24,540.02
2022-03-31 04:00:29,540.02
2022-03-31 04:00:34,539.99
2022-03-31 04:00:39,540.02
2022-03-31 04:00:44,540.08
2022-03-31 04:00:49,540.08
2022-03-31 04:00:54,540.02
2022-03-31 04:00:59,540.08
2022-03-31 04:01:04,540.08
2022-03-31 04:01:09,540.08
2022-03-31 04:01:14,540.08
2022-03-31 04:01:19,540.02
2022-03-31 04:01:24,540.08
2022-03-31 04:01:29,540.08
2022-03-31 04:01:34,540.01
2022-03-31 04:01:39,540.01
2022-03-31 04:01:44,539.98
2022-03-31 04:01:49,539.98
2022-03-31 04:01:54,539.98
2022-03-31 04:01:59,539.91
2022-03-31 04:02:04,539.91
2022-03-31 04:02:09,539.85
2022-03-31 04:02:14,539.78
2022-03-31 04:02:19,539.75
2022-03-31 04:02:24,539.75
2022-03-31 04:02:29,539.75
2022-03-31 04:02:34,539.62
2022-03-31 04:02:39,539.62
2022-03-31 04:02:44,539.56
2022-03-31 04:02:49,539.49
2022-03-31 04:02:54,539.49
2022-03-31 04:02:59,539.39
2022-03-31 04:03:04,539.39
2022-03-31 04:03:09,539.33
2022-03-31 04:03:14,539.26
2022-03-31 04:03:19,539.23
2022-03-31 04:03:24,539.17
2022-03-31 04:03:29,539.1
2022-03-31 04:03:34,539.04
2022-03-31 04:03:39,538.98
2022-03-31 04:03:44,538.94
2022-03-31 04:03:49,538.88
2022-03-31 04:03:54,538.81
2022-03-31 04:03:59,538.72
2022-03-31 04:04:04,538.72
2022-03-31 04:04:09,538.59
2022-03-31 04:04:14,538.59
2022-03-31 04:04:19,538.53
2022-03-31 04:04:24,538.43
2022-03-31 04:04:29,538.36
2022-03-31 04:04:34,538.3
2022-03-31 04:04:39,538.24
2022-03-31 04:04:44,538.21
2022-03-31 04:04:49,538.14
2022-03-31 04:04:54,538.08
2022-03-31 04:04:59,538.02
2022-03-31 04:05:04,537.95
2022-03-31 04:05:09,537.92
2022-03-31 04:05:14,537.92
2022-03-31 04:05:19,537.85
2022-03-31 04:05:24,537.79
2022-03-31 04:05:29,537.73
2022-03-31 04:05:34,537.73
2022-03-31 04:05:39,537.69
2022-03-31 04:05:44,537.69
2022-03-31 04:05:49,537.7
2022-03-31 04:05:54,537.63
2022-03-31 04:05:59,537.63
2022-03-31 04:06:04,537.57
2022-03-31 04:06:09,537.57
2022-03-31 04:06:14,537.51
2022-03-31 04:06:19,537.57
2022-03-31 04:06:24,537.51
2022-03-31 04:06:29,537.51
2022-03-31 04:06:34,537.5
2022-03-31 04:06:39,537.51
2022-03-31 04:06:44,537.51
2022-03-31 04:06:49,537.57
2022-03-31 04:06:54,537.51
2022-03-31 04:06:59,537.57
2022-03-31 04:07:04,537.51
2022-03-31 04:07:09,537.51
2022-03-31 04:07:14,537.63
2022-03-31 04:07:19,537.63
2022-03-31 04:07:24,537.64
2022-03-31 04:07:29,537.64
2022-03-31 04:07:34,537.7
2022-03-31 04:07:39,537.64
2022-03-31 04:07:44,537.7
2022-03-31 04:07:49,537.7
2022-03-31 04:07:54,537.7
2022-03-31 04:07:59,537.73
2022-03-31 04:08:04,537.73
2022-03-31 04:08:09,537.73
2022-03-31 04:08:14,537.73
2022-03-31 04:08:19,537.73
2022-03-31 04:08:24,537.86
2022-03-31 04:08:29,537.8
2022-03-31 04:08:34,537.86
2022-03-31 04:08:39,537.86
2022-03-31 04:08:44,537.92
2022-03-31 04:08:49,537.93
2022-03-31 04:08:54,537.92
2022-03-31 04:08:59,537.95
2022-03-31 04:09:04,537.96
2022-03-31 04:09:09,537.95
2022-03-31 04:09:14,538.02
2022-03-31 04:09:19,538.08
2022-03-31 04:09:24,538.08
2022-03-31 04:09:29,538.08
2022-03-31 04:09:34,538.15
2022-03-31 04:09:39,538.15
2022-03-31 04:09:44,538.15
2022-03-31 04:09:49,538.15
2022-03-31 04:09:54,538.15
2022-03-31 04:09:59,538.21
2022-03-31 04:10:04,538.21
2022-03-31 04:10:09,538.21
2022-03-31 04:10:14,538.21
2022-03-31 04:10:19,538.14
2022-03-31 04:10:24,538.21
2022-03-31 04:10:29,538.21
2022-03-31 04:10:34,538.21
2022-03-31 04:10:39,538.14
2022-03-31 04:10:44,538.2
2022-03-31 04:10:49,538.14
2022-03-31 04:10:54,538.07
2022-03-31 04:10:59,538.07
2022-03-31 04:11:04,538.07
2022-03-31 04:11:09,538.08
2022-03-31 04:11:14,538.01
2022-03-31 04:11:19,537.95
2022-03-31 04:11:24,537.91
2022-03-31 04:11:29,537.85
2022-03-31 04:11:34,537.84
2022-03-31 04:11:39,537.78
2022-03-31 04:11:44,537.71
2022-03-31 04:11:49,537.68
2022-03-31 04:11:54,537.68
2022-03-31 04:11:59,537.62
2022-03-31 04:12:04,537.56
2022-03-31 04:12:09,537.49
2022-03-31 04:12:14,537.43
2022-03-31 04:12:19,537.39
2022-03-31 04:12:24,537.39
2022-03-31 04:12:29,537.27
2022-03-31 04:12:34,537.2
2022-03-31 04:12:39,537.2
2022-03-31 04:12:44,537.04
2022-03-31 04:12:49,536.98
2022-03-31 04:12:54,536.91
2022-03-31 04:12:59,536.82
2022-03-31 04:13:04,536.75
2022-03-31 04:13:09,536.69
2022-03-31 04:13:14,536.53
2022-03-31 04:13:19,536.46
2022-03-31 04:13:24,536.36
2022-03-31 04:13:29,536.36
2022-03-31 04:13:34,536.17
2022-03-31 04:13:39,536.08
2022-03-31 04:13:44,536.01
2022-03-31 04:13:49,535.95
2022-03-31 04:13:54,535.85
2022-03-31 04:13:59,535.72
2022-03-31 04:14:04,535.63
2022-03-31 04:14:09,535.5
2022-03-31 04:14:14,535.37
2022-03-31 04:14:19,535.28
2022-03-31 04:14:24,535.21
2022-03-31 04:14:29,535.11
2022-03-31 04:14:34,534.99
2022-03-31 04:14:39,534.83
2022-03-31 04:14:44,534.76
2022-03-31 04:14:49,534.6
2022-03-31 04:14:54,534.47
2022-03-31 04:14:59,534.31
2022-03-31 04:15:04,534.25
2022-03-31 04:15:09,534.12
2022-03-31 04:15:14,533.96
2022-03-31 04:15:19,533.83
2022-03-31 04:15:24,533.73
2022-03-31 04:15:29,533.61
2022-03-31 04:15:34,533.44
2022-03-31 04:15:39,533.31
2022-03-31 04:15:44,533.22
2022-03-31 04:15:49,533.09
2022-03-31 04:15:54,532.99
2022-03-31 04:15:59,532.86
2022-03-31 04:16:04,532.8
2022-03-31 04:16:09,532.71
2022-03-31 04:16:14,532.58
2022-03-31 04:16:19,532.48
2022-03-31 04:16:24,532.35
2022-03-31 04:16:29,532.29
2022-03-31 04:16:34,532.19
2022-03-31 04:16:39,532.06
2022-03-31 04:16:44,532.03
2022-03-31 04:16:49,531.9
2022-03-31 04:16:54,531.83
2022-03-31 04:16:59,531.77
2022-03-31 04:17:04,531.68
2022-03-31 04:17:09,531.55
2022-03-31 04:17:14,531.52
2022-03-31 04:17:19,531.45
2022-03-31 04:17:24,531.39
2022-03-31 04:17:29,531.32
2022-03-31 04:17:34,531.26
2022-03-31 04:17:39,531.22
2022-03-31 04:17:44,531.16
2022-03-31 04:17:49,531.09
2022-03-31 04:17:54,531.03
2022-03-31 04:17:59,531.0
2022-03-31 04:18:04,530.93
2022-03-31 04:18:09,530.87
2022-03-31 04:18:14,530.87
2022-03-31 04:18:19,530.8
2022-03-31 04:18:24,530.74
2022-03-31 04:18:29,530.71
2022-03-31 04:18:34,530.65
2022-03-31 04:18:39,530.64
2022-03-31 04:18:44,530.58
2022-03-31 04:18:49,530.51
2022-03-31 04:18:54,530.51
2022-03-31 04:18:59,530.48
2022-03-31 04:19:04,530.48
2022-03-31 04:19:09,530.41
2022-03-31 04:19:14,530.35
2022-03-31 04:19:19,530.35
2022-03-31 04:19:24,530.35
2022-03-31 04:19:29,530.29
2022-03-31 04:19:34,530.22
2022-03-31 04:19:39,530.28
2022-03-31 04:19:44,530.28
2022-03-31 04:19:49,530.28
2022-03-31 04:19:54,530.21
2022-03-31 04:19:59,530.18
2022-03-31 04:20:04,530.18
2022-03-31 04:20:09,530.18
2022-03-31 04:20:14,530.18
2022-03-31 04:20:19,530.12
2022-03-31 04:20:24,530.18
2022-03-31 04:20:29,537.71
2022-03-31 04:20:34,530.12
2022-03-31 04:20:39,530.12
2022-03-31 04:20:44,530.12
2022-03-31 04:20:49,530.11
2022-03-31 04:20:54,530.18
2022-03-31 04:20:59,530.18
2022-03-31 04:21:04,530.18
2022-03-31 04:21:09,530.18
2022-03-31 04:21:14,530.18
2022-03-31 04:21:19,530.18
2022-03-31 04:21:24,530.18
2022-03-31 04:21:29,530.21
2022-03-31 04:21:34,530.21
2022-03-31 04:21:39,530.28
2022-03-31 04:21:44,530.28
2022-03-31 04:21:49,530.34
2022-03-31 04:21:54,530.34
2022-03-31 04:21:59,530.4
2022-03-31 04:22:04,530.41
2022-03-31 04:22:09,530.41
2022-03-31 04:22:14,530.47
2022-03-31 04:22:19,530.5
2022-03-31 04:22:24,530.5
2022-03-31 04:22:29,530.5
2022-03-31 04:22:34,530.57
2022-03-31 04:22:39,530.57
2022-03-31 04:22:44,530.63
2022-03-31 04:22:49,530.63
2022-03-31 04:22:54,530.7
2022-03-31 04:22:59,530.73
2022-03-31 04:23:04,530.73
2022-03-31 04:23:09,530.86
2022-03-31 04:23:14,530.92
2022-03-31 04:23:19,530.92
2022-03-31 04:23:24,530.99
2022-03-31 04:23:29,530.99
2022-03-31 04:23:34,531.02
2022-03-31 04:23:39,531.09
2022-03-31 04:23:44,531.15
2022-03-31 04:23:49,531.22
2022-03-31 04:23:54,531.22
2022-03-31 04:23:59,531.25
2022-03-31 04:24:04,531.25
2022-03-31 04:24:09,531.31
2022-03-31 04:24:14,531.38
2022-03-31 04:24:19,531.44
2022-03-31 04:24:24,531.51
2022-03-31 04:24:29,531.51
2022-03-31 04:24:34,531.54
2022-03-31 04:24:39,531.54
2022-03-31 04:24:44,531.6
2022-03-31 04:24:49,531.67
2022-03-31 04:24:54,531.73
2022-03-31 04:24:59,531.77
2022-03-31 04:25:04,531.77
2022-03-31 04:25:09,531.76
2022-03-31 04:25:14,531.89
2022-03-31 04:25:19,531.89
2022-03-31 04:25:24,531.96
2022-03-31 04:25:29,532.02
2022-03-31 04:25:34,532.05
2022-03-31 04:25:39,532.05
2022-03-31 04:25:44,532.12
2022-03-31 04:25:49,532.12
2022-03-31 04:25:54,532.24
2022-03-31 04:25:59,532.25
2022-03-31 04:26:04,532.28
2022-03-31 04:26:09,532.28
2022-03-31 04:26:14,532.28
2022-03-31 04:26:19,532.34
2022-03-31 04:26:24,532.4
2022-03-31 04:26:29,532.4
2022-03-31 04:26:34,532.4
2022-03-31 04:26:39,532.4
2022-03-31 04:26:44,532.47
2022-03-31 04:26:49,532.47
2022-03-31 04:26:54,532.53
2022-03-31 04:26:59,532.53
2022-03-31 04:27:04,532.53
2022-03-31 04:27:09,532.56
2022-03-31 04:27:14,532.56
2022-03-31 04:27:19,532.53
2022-03-31 04:27:24,532.63
2022-03-31 04:27:29,532.56
2022-03-31 04:27:34,532.56
2022-03-31 04:27:39,532.56
2022-03-31 04:27:44,532.56
2022-03-31 04:27:49,532.56
2022-03-31 04:27:54,532.56
2022-03-31 04:27:59,532.56
2022-03-31 04:28:04,532.56
2022-03-31 04:28:09,532.62
2022-03-31 04:28:14,532.56
2022-03-31 04:28:19,532.56
2022-03-31 04:28:24,532.62
2022-03-31 04:28:29,532.62
2022-03-31 04:28:34,532.62
2022-03-31 04:28:39,532.62
2022-03-31 04:28:44,532.62
2022-03-31 04:28:49,532.62
2022-03-31 04:28:54,532.68
2022-03-31 04:28:59,532.75
2022-03-31 04:29:04,532.74
2022-03-31 04:29:09,532.74
2022-03-31 04:29:14,532.74
2022-03-31 04:29:19,532.77
2022-03-31 04:29:24,532.77
2022-03-31 04:29:29,532.77
2022-03-31 04:29:34,532.77
2022-03-31 04:29:39,532.77
2022-03-31 04:29:44,532.9
2022-03-31 04:29:49,532.9
2022-03-31 04:29:54,532.9
2022-03-31 04:29:59,532.96
2022-03-31 04:30:04,532.96
2022-03-31 04:30:09,533.03
2022-03-31 04:30:14,533.03
2022-03-31 04:30:19,533.06
2022-03-31 04:30:24,533.06
2022-03-31 04:30:29,533.12
2022-03-31 04:30:34,533.12
2022-03-31 04:30:39,533.19
2022-03-31 04:30:44,533.25
2022-03-31 04:30:49,533.25
2022-03-31 04:30:54,533.35
2022-03-31 04:30:59,533.41
2022-03-31 04:31:04,533.41
2022-03-31 04:31:09,533.54
2022-03-31 04:31:14,533.57
2022-03-31 04:31:19,533.57
2022-03-31 04:31:24,533.64
2022-03-31 04:31:29,533.7
2022-03-31 04:31:34,533.77
2022-03-31 04:31:39,533.8
2022-03-31 04:31:44,533.86
2022-03-31 04:31:49,533.93
2022-03-31 04:31:54,533.99
2022-03-31 04:31:59,534.06
2022-03-31 04:32:04,534.09
2022-03-31 04:32:09,534.16
2022-03-31 04:32:14,534.16
2022-03-31 04:32:19,534.22
2022-03-31 04:32:24,534.29
2022-03-31 04:32:29,534.32
2022-03-31 04:32:34,534.38
2022-03-31 04:32:39,534.45
2022-03-31 04:32:44,534.51
2022-03-31 04:32:49,534.58
2022-03-31 04:32:54,534.61
2022-03-31 04:32:59,534.61
2022-03-31 04:33:04,534.67
2022-03-31 04:33:09,534.74
2022-03-31 04:33:14,534.8
2022-03-31 04:33:19,534.83
2022-03-31 04:33:24,534.84
2022-03-31 04:33:29,534.96
2022-03-31 04:33:34,534.96
2022-03-31 04:33:39,535.03
2022-03-31 04:33:44,535.09
2022-03-31 04:33:49,535.09
2022-03-31 04:33:54,535.12
2022-03-31 04:33:59,535.19
2022-03-31 04:34:04,535.19
2022-03-31 04:34:09,535.25
2022-03-31 04:34:14,535.25
2022-03-31 04:34:19,535.32
2022-03-31 04:34:24,535.35
2022-03-31 04:34:29,535.35
2022-03-31 04:34:34,535.41
2022-03-31 04:34:39,535.48
2022-03-31 04:34:44,535.54
2022-03-31 04:34:49,535.48
2022-03-31 04:34:54,535.61
2022-03-31 04:34:59,535.6
2022-03-31 04:35:04,535.64
2022-03-31 04:35:09,535.7
2022-03-31 04:35:14,535.77
2022-03-31 04:35:19,535.76
2022-03-31 04:35:24,535.86
2022-03-31 04:35:29,535.86
2022-03-31 04:35:34,535.92
2022-03-31 04:35:39,535.99
2022-03-31 04:35:44,537.71
2022-03-31 04:35:49,536.05
2022-03-31 04:35:54,536.12
2022-03-31 04:35:59,536.15
2022-03-31 04:36:04,536.21
2022-03-31 04:36:09,536.21
2022-03-31 04:36:14,536.28
2022-03-31 04:36:19,536.34
2022-03-31 04:36:24,536.34
2022-03-31 04:36:29,536.34
2022-03-31 04:36:34,536.37
2022-03-31 04:36:39,536.43
2022-03-31 04:36:44,536.5
2022-03-31 04:36:49,536.5
2022-03-31 04:36:54,536.56
2022-03-31 04:36:59,536.56
2022-03-31 04:37:04,536.62
2022-03-31 04:37:09,536.72
2022-03-31 04:37:14,536.72
2022-03-31 04:37:19,536.78
2022-03-31 04:37:24,536.85
2022-03-31 04:37:29,536.85
2022-03-31 04:37:34,536.88
2022-03-31 04:37:39,536.88
2022-03-31 04:37:44,536.94
2022-03-31 04:37:49,537.0
2022-03-31 04:37:54,537.07
2022-03-31 04:37:59,537.13
2022-03-31 04:38:04,537.06
2022-03-31 04:38:09,537.16
2022-03-31 04:38:14,537.16
2022-03-31 04:38:19,537.22
2022-03-31 04:38:24,537.28
2022-03-31 04:38:29,537.29
2022-03-31 04:38:34,537.35
2022-03-31 04:38:39,537.35
2022-03-31 04:38:44,537.38
2022-03-31 04:38:49,537.45
2022-03-31 04:38:54,537.45
2022-03-31 04:38:59,537.51
2022-03-31 04:39:04,537.51
2022-03-31 04:39:09,537.51
2022-03-31 04:39:14,537.64
2022-03-31 04:39:19,537.64
2022-03-31 04:39:24,537.67
2022-03-31 04:39:29,537.67
2022-03-31 04:39:34,537.67
2022-03-31 04:39:39,537.73
2022-03-31 04:39:44,537.73
2022-03-31 04:39:49,537.8
2022-03-31 04:39:54,537.8
2022-03-31 04:39:59,537.8
2022-03-31 04:40:04,537.8
2022-03-31 04:40:09,537.86
2022-03-31 04:40:14,537.86
2022-03-31 04:40:19,537.86
2022-03-31 04:40:24,537.89
2022-03-31 04:40:29,537.9
2022-03-31 04:40:34,537.89
2022-03-31 04:40:39,537.96
2022-03-31 04:40:44,537.96
2022-03-31 04:40:49,538.03
2022-03-31 04:40:54,538.02
2022-03-31 04:40:59,538.09
2022-03-31 04:41:04,538.09
2022-03-31 04:41:09,538.15
2022-03-31 04:41:14,538.19
2022-03-31 04:41:19,538.19
2022-03-31 04:41:24,538.19
2022-03-31 04:41:29,538.25
2022-03-31 04:41:34,538.25
2022-03-31 04:41:39,538.32
2022-03-31 04:41:44,538.32
2022-03-31 04:41:49,538.32
2022-03-31 04:41:54,538.38
2022-03-31 04:41:59,538.38
2022-03-31 04:42:04,538.38
2022-03-31 04:42:09,538.41
2022-03-31 04:42:14,538.41
2022-03-31 04:42:19,538.48
2022-03-31 04:42:24,538.41
2022-03-31 04:42:29,538.48
2022-03-31 04:42:34,538.54
2022-03-31 04:42:39,538.54
2022-03-31 04:42:44,538.54
2022-03-31 04:42:49,538.61
2022-03-31 04:42:54,538.54
2022-03-31 04:42:59,538.6
2022-03-31 04:43:04,538.61
2022-03-31 04:43:09,538.6
2022-03-31 04:43:14,538.6
2022-03-31 04:43:19,538.67
2022-03-31 04:43:24,538.67
2022-03-31 04:43:29,538.67
2022-03-31 04:43:34,538.7
2022-03-31 04:43:39,538.66
2022-03-31 04:43:44,538.7
2022-03-31 04:43:49,538.76
2022-03-31 04:43:54,538.7
2022-03-31 04:43:59,538.76
2022-03-31 04:44:04,538.7
2022-03-31 04:44:09,538.69
2022-03-31 04:44:14,538.76
2022-03-31 04:44:19,538.83
2022-03-31 04:44:24,538.82
2022-03-31 04:44:29,538.82
2022-03-31 04:44:34,538.89
2022-03-31 04:44:39,538.89
2022-03-31 04:44:44,538.89
2022-03-31 04:44:49,538.89
2022-03-31 04:44:54,538.92
2022-03-31 04:44:59,538.88
2022-03-31 04:45:04,538.92
2022-03-31 04:45:09,538.92
2022-03-31 04:45:14,538.98
2022-03-31 04:45:19,538.98
2022-03-31 04:45:24,538.98
2022-03-31 04:45:29,539.04
2022-03-31 04:45:34,539.04
2022-03-31 04:45:39,539.04
2022-03-31 04:45:44,539.04
2022-03-31 04:45:49,539.04
2022-03-31 04:45:54,539.1
2022-03-31 04:45:59,539.1
2022-03-31 04:46:04,539.1
2022-03-31 04:46:09,539.17
2022-03-31 04:46:14,539.17
2022-03-31 04:46:19,539.17
2022-03-31 04:46:24,539.16
2022-03-31 04:46:29,539.2
2022-03-31 04:46:34,539.19
2022-03-31 04:46:39,539.19
2022-03-31 04:46:44,539.19
2022-03-31 04:46:49,539.26
2022-03-31 04:46:54,539.32
2022-03-31 04:46:59,539.26
2022-03-31 04:47:04,539.38
2022-03-31 04:47:09,539.32
2022-03-31 04:47:14,539.38
2022-03-31 04:47:19,539.38
2022-03-31 04:47:24,539.38
2022-03-31 04:47:29,539.41
2022-03-31 04:47:34,539.41
2022-03-31 04:47:39,539.48
2022-03-31 04:47:44,539.48
2022-03-31 04:47:49,539.48
2022-03-31 04:47:54,539.48
2022-03-31 04:47:59,539.54
2022-03-31 04:48:04,539.54
2022-03-31 04:48:09,539.54
2022-03-31 04:48:14,539.6
2022-03-31 04:48:19,539.6
2022-03-31 04:48:24,539.6
2022-03-31 04:48:29,539.6
2022-03-31 04:48:34,539.66
2022-03-31 04:48:39,539.66
2022-03-31 04:48:44,539.7
2022-03-31 04:48:49,539.7
2022-03-31 04:48:54,539.76
2022-03-31 04:48:59,539.76
2022-03-31 04:49:04,539.83
2022-03-31 04:49:09,539.83
2022-03-31 04:49:14,539.89
2022-03-31 04:49:19,539.92
2022-03-31 04:49:24,539.99
2022-03-31 04:49:29,539.99
2022-03-31 04:49:34,540.12
2022-03-31 04:49:39,540.18
2022-03-31 04:49:44,540.18
2022-03-31 04:49:49,540.21
2022-03-31 04:49:54,540.28
2022-03-31 04:49:59,540.34
2022-03-31 04:50:04,540.41
2022-03-31 04:50:09,540.44
2022-03-31 04:50:14,540.51
2022-03-31 04:50:19,540.63
2022-03-31 04:50:24,540.64
2022-03-31 04:50:29,540.7
2022-03-31 04:50:34,540.73
2022-03-31 04:50:39,540.8
2022-03-31 04:50:44,540.86
2022-03-31 04:50:49,540.92
2022-03-31 04:50:54,540.96
2022-03-31 04:50:59,541.02
2022-03-31 04:51:04,541.08
2022-03-31 04:51:09,541.09
2022-03-31 04:51:14,541.15
2022-03-31 04:51:19,541.22
2022-03-31 04:51:24,541.22
2022-03-31 04:51:29,541.25
2022-03-31 04:51:34,541.31
2022-03-31 04:51:39,541.38
2022-03-31 04:51:44,541.38
2022-03-31 04:51:49,541.44
2022-03-31 04:51:54,541.44
2022-03-31 04:51:59,541.44
2022-03-31 04:52:04,541.44
2022-03-31 04:52:09,541.47
2022-03-31 04:52:14,541.47
2022-03-31 04:52:19,541.47
2022-03-31 04:52:24,541.53
2022-03-31 04:52:29,541.53
2022-03-31 04:52:34,541.6
2022-03-31 04:52:39,541.53
2022-03-31 04:52:44,541.6
2022-03-31 04:52:49,541.53
2022-03-31 04:52:54,541.53
2022-03-31 04:52:59,541.53
2022-03-31 04:53:04,541.53
2022-03-31 04:53:09,541.53
2022-03-31 04:53:14,541.53
2022-03-31 04:53:19,541.53
2022-03-31 04:53:24,541.47
2022-03-31 04:53:29,541.47
2022-03-31 04:53:34,541.47
2022-03-31 04:53:39,541.44
2022-03-31 04:53:44,541.37
2022-03-31 04:53:49,541.37
2022-03-31 04:53:54,541.37
2022-03-31 04:53:59,541.24
2022-03-31 04:54:04,541.24
2022-03-31 04:54:09,541.14
2022-03-31 04:54:14,541.14
2022-03-31 04:54:19,541.07
2022-03-31 04:54:24,541.01
2022-03-31 04:54:29,540.95
2022-03-31 04:54:34,540.91
2022-03-31 04:54:39,540.79
2022-03-31 04:54:44,540.72
2022-03-31 04:54:49,540.69
2022-03-31 04:54:54,540.69
2022-03-31 04:54:59,540.56
2022-03-31 04:55:04,540.43
2022-03-31 04:55:09,540.43
2022-03-31 04:55:14,540.39
2022-03-31 04:55:19,540.33
2022-03-31 04:55:24,540.2
2022-03-31 04:55:29,540.16
2022-03-31 04:55:34,540.04
2022-03-31 04:55:39,539.97
2022-03-31 04:55:44,539.87
2022-03-31 04:55:49,539.81
2022-03-31 04:55:54,539.74
2022-03-31 04:55:59,539.68
2022-03-31 04:56:04,539.65
2022-03-31 04:56:09,539.58
2022-03-31 04:56:14,539.45
2022-03-31 04:56:19,539.45
2022-03-31 04:56:24,539.35
2022-03-31 04:56:29,539.29
2022-03-31 04:56:34,539.22
2022-03-31 04:56:39,539.16
2022-03-31 04:56:44,539.12
2022-03-31 04:56:49,539.06
2022-03-31 04:56:54,539.0
2022-03-31 04:56:59,538.87
2022-03-31 04:57:04,538.83
2022-03-31 04:57:09,538.77
2022-03-31 04:57:14,538.71
2022-03-31 04:57:19,538.61
2022-03-31 04:57:24,538.55
2022-03-31 04:57:29,538.48
2022-03-31 04:57:34,538.42
2022-03-31 04:57:39,538.32
2022-03-31 04:57:44,538.26
2022-03-31 04:57:49,538.19
2022-03-31 04:57:54,538.09
2022-03-31 04:57:59,538.09
2022-03-31 04:58:04,538.03
2022-03-31 04:58:09,537.9
2022-03-31 04:58:14,537.84
2022-03-31 04:58:19,537.84
2022-03-31 04:58:24,537.81
2022-03-31 04:58:29,537.74
2022-03-31 04:58:34,537.68
2022-03-31 04:58:39,537.61
2022-03-31 04:58:44,537.61
2022-03-31 04:58:49,537.58
2022-03-31 04:58:54,537.52
2022-03-31 04:58:59,537.45
2022-03-31 04:59:04,537.39
2022-03-31 04:59:09,537.39
2022-03-31 04:59:14,537.32
2022-03-31 04:59:19,537.29
2022-03-31 04:59:24,537.23
2022-03-31 04:59:29,537.23
2022-03-31 04:59:34,537.16
2022-03-31 04:59:39,537.16
2022-03-31 04:59:44,537.16
2022-03-31 04:59:49,537.07
2022-03-31 04:59:54,537.07
2022-03-31 04:59:59,537.07
2022-03-31 05:00:04,537.07
2022-03-31 05:00:09,537.0
2022-03-31 05:00:14,537.0
2022-03-31 05:00:19,537.0
2022-03-31 05:00:24,537.0
2022-03-31 05:00:29,536.94
2022-03-31 05:00:34,536.94
2022-03-31 05:00:39,536.87
2022-03-31 05:00:44,536.87
2022-03-31 05:00:49,536.87
2022-03-31 05:00:54,536.81
2022-03-31 05:00:59,536.81
2022-03-31 05:01:04,536.78
2022-03-31 05:01:09,536.71
2022-03-31 05:01:14,536.71
2022-03-31 05:01:19,536.65
2022-03-31 05:01:24,536.65
2022-03-31 05:01:29,536.58
2022-03-31 05:01:34,536.55
2022-03-31 05:01:39,536.55
2022-03-31 05:01:44,536.49
2022-03-31 05:01:49,536.42
2022-03-31 05:01:54,536.36
2022-03-31 05:01:59,536.42
2022-03-31 05:02:04,536.36
2022-03-31 05:02:09,536.29
2022-03-31 05:02:14,536.26
2022-03-31 05:02:19,536.26
2022-03-31 05:02:24,536.19
2022-03-31 05:02:29,536.13
2022-03-31 05:02:34,536.13
2022-03-31 05:02:39,536.06
2022-03-31 05:02:44,536.03
2022-03-31 05:02:49,536.03
2022-03-31 05:02:54,535.97
2022-03-31 05:02:59,535.97
2022-03-31 05:03:04,535.97
2022-03-31 05:03:09,535.9
2022-03-31 05:03:14,535.9
2022-03-31 05:03:19,535.83
2022-03-31 05:03:24,535.84
2022-03-31 05:03:29,535.77
2022-03-31 05:03:34,535.77
2022-03-31 05:03:39,535.77
2022-03-31 05:03:44,535.77
2022-03-31 05:03:49,535.74
2022-03-31 05:03:54,535.73
2022-03-31 05:03:59,535.73
2022-03-31 05:04:04,535.67
2022-03-31 05:04:09,535.73
2022-03-31 05:04:14,535.66
2022-03-31 05:04:19,535.73
2022-03-31 05:04:24,535.66
2022-03-31 05:04:29,535.73
2022-03-31 05:04:34,535.73
2022-03-31 05:04:39,535.73
2022-03-31 05:04:44,535.76
2022-03-31 05:04:49,535.76
2022-03-31 05:04:54,535.82
2022-03-31 05:04:59,535.89
2022-03-31 05:05:04,535.89
2022-03-31 05:05:09,535.95
2022-03-31 05:05:14,535.95
2022-03-31 05:05:19,536.01
2022-03-31 05:05:24,536.04
2022-03-31 05:05:29,536.11
2022-03-31 05:05:34,536.24
2022-03-31 05:05:39,536.27
2022-03-31 05:05:44,536.27
2022-03-31 05:05:49,536.4
2022-03-31 05:05:54,536.46
2022-03-31 05:05:59,536.56
2022-03-31 05:06:04,536.69
2022-03-31 05:06:09,536.75
2022-03-31 05:06:14,536.79
2022-03-31 05:06:19,536.85
2022-03-31 05:06:24,536.98
2022-03-31 05:06:29,537.04
2022-03-31 05:06:34,537.07
2022-03-31 05:06:39,537.2
2022-03-31 05:06:44,537.3
2022-03-31 05:06:49,537.36
2022-03-31 05:06:54,537.43
2022-03-31 05:06:59,537.49
2022-03-31 05:07:04,537.59
2022-03-31 05:07:09,537.65
2022-03-31 05:07:14,537.72
2022-03-31 05:07:19,537.82
2022-03-31 05:07:24,537.88
2022-03-31 05:07:29,537.94
2022-03-31 05:07:34,538.07
2022-03-31 05:07:39,538.11
2022-03-31 05:07:44,538.17
2022-03-31 05:07:49,538.3
2022-03-31 05:07:54,538.33
2022-03-31 05:07:59,538.4
2022-03-31 05:08:04,538.46
2022-03-31 05:08:09,538.53
2022-03-31 05:08:14,538.59
2022-03-31 05:08:19,538.62
2022-03-31 05:08:24,538.75
2022-03-31 05:08:29,538.75
2022-03-31 05:08:34,538.82
2022-03-31 05:08:39,538.85
2022-03-31 05:08:44,538.91
2022-03-31 05:08:49,538.98
2022-03-31 05:08:54,538.98
2022-03-31 05:08:59,538.98
2022-03-31 05:09:04,539.11
2022-03-31 05:09:09,539.11
2022-03-31 05:09:14,539.11
2022-03-31 05:09:19,539.14
2022-03-31 05:09:24,539.2
2022-03-31 05:09:29,539.2
2022-03-31 05:09:34,539.2
2022-03-31 05:09:39,539.27
2022-03-31 05:09:44,539.33
2022-03-31 05:09:49,539.33
2022-03-31 05:09:54,539.33
2022-03-31 05:09:59,539.37
2022-03-31 05:10:04,539.33
2022-03-31 05:10:09,539.37
2022-03-31 05:10:14,539.37
2022-03-31 05:10:19,539.43
2022-03-31 05:10:24,539.43
2022-03-31 05:10:29,539.43
2022-03-31 05:10:34,539.43
2022-03-31 05:10:39,539.43
2022-03-31 05:10:44,539.49
2022-03-31 05:10:49,539.43
2022-03-31 05:10:54,539.43
2022-03-31 05:10:59,539.43
2022-03-31 05:11:04,539.43
2022-03-31 05:11:09,539.43
2022-03-31 05:11:14,539.43
2022-03-31 05:11:19,539.43
2022-03-31 05:11:24,539.43
2022-03-31 05:11:29,539.43
2022-03-31 05:11:34,539.43
2022-03-31 05:11:39,539.43
2022-03-31 05:11:44,539.43
2022-03-31 05:11:49,539.42
2022-03-31 05:11:54,539.36
2022-03-31 05:11:59,539.36
2022-03-31 05:12:04,539.36
2022-03-31 05:12:09,539.36
2022-03-31 05:12:14,539.32
2022-03-31 05:12:19,539.33
2022-03-31 05:12:24,539.32
2022-03-31 05:12:29,539.32
2022-03-31 05:12:34,539.32
2022-03-31 05:12:39,539.32
2022-03-31 05:12:44,539.32
2022-03-31 05:12:49,539.32
2022-03-31 05:12:54,539.26
2022-03-31 05:12:59,539.26
2022-03-31 05:13:04,539.25
2022-03-31 05:13:09,539.19
2022-03-31 05:13:14,539.19
2022-03-31 05:13:19,539.13
2022-03-31 05:13:24,539.13
2022-03-31 05:13:29,539.12
2022-03-31 05:13:34,539.09
2022-03-31 05:13:39,539.12
2022-03-31 05:13:44,539.09
2022-03-31 05:13:49,539.09
2022-03-31 05:13:54,539.09
2022-03-31 05:13:59,539.08
2022-03-31 05:14:04,539.02
2022-03-31 05:14:09,539.02
2022-03-31 05:14:14,539.02
2022-03-31 05:14:19,538.95
2022-03-31 05:14:24,538.89
2022-03-31 05:14:29,538.95
2022-03-31 05:14:34,538.89
2022-03-31 05:14:39,538.89
2022-03-31 05:14:44,538.89
2022-03-31 05:14:49,538.83
2022-03-31 05:14:54,538.83
2022-03-31 05:14:59,538.83
2022-03-31 05:15:04,538.83
2022-03-31 05:15:09,538.79
2022-03-31 05:15:14,538.79
2022-03-31 05:15:19,538.79
2022-03-31 05:15:24,538.73
2022-03-31 05:15:29,538.73
2022-03-31 05:15:34,538.66
2022-03-31 05:15:39,538.66
2022-03-31 05:15:44,538.66
2022-03-31 05:15:49,538.6
2022-03-31 05:15:54,538.6
2022-03-31 05:15:59,538.57
2022-03-31 05:16:04,538.57
2022-03-31 05:16:09,538.5
2022-03-31 05:16:14,538.44
2022-03-31 05:16:19,538.44
2022-03-31 05:16:24,538.37
2022-03-31 05:16:29,538.38
2022-03-31 05:16:34,538.28
2022-03-31 05:16:39,538.21
2022-03-31 05:16:44,538.15
2022-03-31 05:16:49,538.09
2022-03-31 05:16:54,538.09
2022-03-31 05:16:59,538.05
2022-03-31 05:17:04,537.99
2022-03-31 05:17:09,537.99
2022-03-31 05:17:14,537.86
2022-03-31 05:17:19,537.86
2022-03-31 05:17:24,537.8
2022-03-31 05:17:29,537.77
2022-03-31 05:17:34,537.64
2022-03-31 05:17:39,537.64
2022-03-31 05:17:44,537.58
2022-03-31 05:17:49,537.58
2022-03-31 05:17:54,537.48
2022-03-31 05:17:59,537.41
2022-03-31 05:18:04,537.35
2022-03-31 05:18:09,537.29
2022-03-31 05:18:14,537.29
2022-03-31 05:18:19,537.25
2022-03-31 05:18:24,537.19
2022-03-31 05:18:29,537.13
2022-03-31 05:18:34,537.13
2022-03-31 05:18:39,537.06
2022-03-31 05:18:44,537.03
2022-03-31 05:18:49,536.96
2022-03-31 05:18:54,536.97
2022-03-31 05:18:59,536.9
2022-03-31 05:19:04,536.83
2022-03-31 05:19:09,536.77
2022-03-31 05:19:14,536.77
2022-03-31 05:19:19,536.74
2022-03-31 05:19:24,536.74
2022-03-31 05:19:29,536.67
2022-03-31 05:19:34,536.61
2022-03-31 05:19:39,536.55
2022-03-31 05:19:44,536.55
2022-03-31 05:19:49,536.55
2022-03-31 05:19:54,536.51
2022-03-31 05:19:59,536.51
2022-03-31 05:20:04,536.45
2022-03-31 05:20:09,536.45
2022-03-31 05:20:14,536.38
2022-03-31 05:20:19,536.32
2022-03-31 05:20:24,536.32
2022-03-31 05:20:29,536.25
2022-03-31 05:20:34,536.22
2022-03-31 05:20:39,536.22
2022-03-31 05:20:44,536.15
2022-03-31 05:20:49,536.09
2022-03-31 05:20:54,536.09
2022-03-31 05:20:59,536.03
2022-03-31 05:21:04,536.02
2022-03-31 05:21:09,535.99
2022-03-31 05:21:14,535.93
2022-03-31 05:21:19,535.86
2022-03-31 05:21:24,535.86
2022-03-31 05:21:29,535.8
2022-03-31 05:21:34,535.8
2022-03-31 05:21:39,535.73
2022-03-31 05:21:44,535.73
2022-03-31 05:21:49,535.7
2022-03-31 05:21:54,535.7
2022-03-31 05:21:59,535.7
2022-03-31 05:22:04,535.57
2022-03-31 05:22:09,535.57
2022-03-31 05:22:14,535.57
2022-03-31 05:22:19,535.57
2022-03-31 05:22:24,535.57
2022-03-31 05:22:29,535.57
2022-03-31 05:22:34,535.5
2022-03-31 05:22:39,535.5
2022-03-31 05:22:44,535.5
2022-03-31 05:22:49,535.5
2022-03-31 05:22:54,535.46
2022-03-31 05:22:59,535.46
2022-03-31 05:23:04,535.46
2022-03-31 05:23:09,535.4
2022-03-31 05:23:14,535.4
2022-03-31 05:23:19,535.4
2022-03-31 05:23:24,535.4
2022-03-31 05:23:29,535.4
2022-03-31 05:23:34,535.33
2022-03-31 05:23:39,535.4
2022-03-31 05:23:44,535.33
2022-03-31 05:23:49,535.39
2022-03-31 05:23:54,535.33
2022-03-31 05:23:59,535.4
2022-03-31 05:24:04,535.4
2022-03-31 05:24:09,535.39
2022-03-31 05:24:14,535.33
2022-03-31 05:24:19,535.33
2022-03-31 05:24:24,535.33
2022-03-31 05:24:29,535.33
2022-03-31 05:24:34,535.33
2022-03-31 05:24:39,535.33
2022-03-31 05:24:44,535.33
2022-03-31 05:24:49,535.27
2022-03-31 05:24:54,535.2
2022-03-31 05:24:59,535.27
2022-03-31 05:25:04,535.2
2022-03-31 05:25:09,535.2
2022-03-31 05:25:14,535.17
2022-03-31 05:25:19,535.2
2022-03-31 05:25:24,535.17
2022-03-31 05:25:29,535.11
2022-03-31 05:25:34,535.11
2022-03-31 05:25:39,535.17
2022-03-31 05:25:44,535.11
2022-03-31 05:25:49,535.11
2022-03-31 05:25:54,535.11
2022-03-31 05:25:59,535.11
2022-03-31 05:26:04,535.11
2022-03-31 05:26:09,535.11
2022-03-31 05:26:14,535.05
2022-03-31 05:26:19,535.05
2022-03-31 05:26:24,535.05
2022-03-31 05:26:29,535.05
2022-03-31 05:26:34,535.05
2022-03-31 05:26:39,534.99
2022-03-31 05:26:44,534.99
2022-03-31 05:26:49,534.95
2022-03-31 05:26:54,534.95
2022-03-31 05:26:59,534.99
2022-03-31 05:27:04,534.95
2022-03-31 05:27:09,534.95
2022-03-31 05:27:14,534.89
2022-03-31 05:27:19,534.89
2022-03-31 05:27:24,534.89
2022-03-31 05:27:29,534.89
2022-03-31 05:27:34,534.83
2022-03-31 05:27:39,534.82
2022-03-31 05:27:44,534.76
2022-03-31 05:27:49,534.76
2022-03-31 05:27:54,534.7
2022-03-31 05:27:59,534.67
2022-03-31 05:28:04,534.66
2022-03-31 05:28:09,534.66
2022-03-31 05:28:14,534.6
2022-03-31 05:28:19,534.6
2022-03-31 05:28:24,534.6
2022-03-31 05:28:29,534.53
2022-03-31 05:28:34,534.54
2022-03-31 05:28:39,534.53
2022-03-31 05:28:44,534.47
2022-03-31 05:28:49,534.47
2022-03-31 05:28:54,534.47
2022-03-31 05:28:59,534.47
2022-03-31 05:29:04,534.47
2022-03-31 05:29:09,534.47
2022-03-31 05:29:14,534.44
2022-03-31 05:29:19,534.47
2022-03-31 05:29:24,534.47
2022-03-31 05:29:29,534.44
2022-03-31 05:29:34,534.44
2022-03-31 05:29:39,534.47
2022-03-31 05:29:44,534.47
2022-03-31 05:29:49,534.47
2022-03-31 05:29:54,534.47
2022-03-31 05:29:59,534.47
2022-03-31 05:30:04,534.47
2022-03-31 05:30:09,534.47
2022-03-31 05:30:14,534.53
2022-03-31 05:30:19,534.53
2022-03-31 05:30:24,534.53
2022-03-31 05:30:29,534.53
2022-03-31 05:30:34,534.6
2022-03-31 05:30:39,534.6
2022-03-31 05:30:44,534.6
2022-03-31 05:30:49,534.66
2022-03-31 05:30:54,534.66
2022-03-31 05:30:59,534.69
2022-03-31 05:31:04,534.69
2022-03-31 05:31:09,534.75
2022-03-31 05:31:14,534.82
2022-03-31 05:31:19,534.82
2022-03-31 05:31:24,534.82
2022-03-31 05:31:29,534.88
2022-03-31 05:31:34,534.94
2022-03-31 05:31:39,534.97
2022-03-31 05:31:44,535.04
2022-03-31 05:31:49,535.04
2022-03-31 05:31:54,535.17
2022-03-31 05:31:59,535.17
2022-03-31 05:32:04,535.2
2022-03-31 05:32:09,535.26
2022-03-31 05:32:14,535.32
2022-03-31 05:32:19,535.39
2022-03-31 05:32:24,535.48
2022-03-31 05:32:29,535.48
2022-03-31 05:32:34,535.55
2022-03-31 05:32:39,535.68
2022-03-31 05:32:44,535.68
2022-03-31 05:32:49,535.77
2022-03-31 05:32:54,535.77
2022-03-31 05:32:59,535.9
2022-03-31 05:33:04,535.9
2022-03-31 05:33:09,536.0
2022-03-31 05:33:14,536.06
2022-03-31 05:33:19,536.06
2022-03-31 05:33:24,536.19
2022-03-31 05:33:29,536.22
2022-03-31 05:33:34,536.22
2022-03-31 05:33:39,536.29
2022-03-31 05:33:44,536.35
2022-03-31 05:33:49,536.48
2022-03-31 05:33:54,536.51
2022-03-31 05:33:59,536.58
2022-03-31 05:34:04,536.64
2022-03-31 05:34:09,536.71
2022-03-31 05:34:14,536.74
2022-03-31 05:34:19,536.81
2022-03-31 05:34:24,536.87
2022-03-31 05:34:29,536.94
2022-03-31 05:34:34,537.03
2022-03-31 05:34:39,537.03
2022-03-31 05:34:44,537.1
2022-03-31 05:34:49,537.16
2022-03-31 05:34:54,537.16
2022-03-31 05:34:59,537.26
2022-03-31 05:35:04,537.26
2022-03-31 05:35:09,537.32
2022-03-31 05:35:14,537.32
2022-03-31 05:35:19,537.39
2022-03-31 05:35:24,537.46
2022-03-31 05:35:29,537.55
2022-03-31 05:35:34,537.55
2022-03-31 05:35:39,537.55
2022-03-31 05:35:44,537.68
2022-03-31 05:35:49,537.75
2022-03-31 05:35:54,537.78
2022-03-31 05:35:59,537.84
2022-03-31 05:36:04,537.91
2022-03-31 05:36:09,537.97
2022-03-31 05:36:14,538.04
2022-03-31 05:36:19,538.07
2022-03-31 05:36:24,538.13
2022-03-31 05:36:29,538.2
2022-03-31 05:36:34,538.26
2022-03-31 05:36:39,538.29
2022-03-31 05:36:44,538.36
2022-03-31 05:36:49,538.42
2022-03-31 05:36:54,538.49
2022-03-31 05:36:59,538.49
2022-03-31 05:37:04,538.58
2022-03-31 05:37:09,538.65
2022-03-31 05:37:14,538.65
2022-03-31 05:37:19,538.71
2022-03-31 05:37:24,538.81
2022-03-31 05:37:29,538.87
2022-03-31 05:37:34,538.87
2022-03-31 05:37:39,538.94
2022-03-31 05:37:44,539.0
2022-03-31 05:37:49,539.07
2022-03-31 05:37:54,539.07
2022-03-31 05:37:59,539.16
2022-03-31 05:38:04,539.22
2022-03-31 05:38:09,539.22
2022-03-31 05:38:14,539.29
2022-03-31 05:38:19,539.32
2022-03-31 05:38:24,539.39
2022-03-31 05:38:29,539.38
2022-03-31 05:38:34,539.51
2022-03-31 05:38:39,539.51
2022-03-31 05:38:44,539.58
2022-03-31 05:38:49,539.51
2022-03-31 05:38:54,539.58
2022-03-31 05:38:59,539.61
2022-03-31 05:39:04,539.61
2022-03-31 05:39:09,539.67
2022-03-31 05:39:14,539.74
2022-03-31 05:39:19,539.74
2022-03-31 05:39:24,539.74
2022-03-31 05:39:29,539.8
2022-03-31 05:39:34,539.83
2022-03-31 05:39:39,539.83
2022-03-31 05:39:44,539.83
2022-03-31 05:39:49,539.89
2022-03-31 05:39:54,539.89
2022-03-31 05:39:59,539.96
2022-03-31 05:40:04,539.96
2022-03-31 05:40:09,540.02
2022-03-31 05:40:14,540.08
2022-03-31 05:40:19,540.08
2022-03-31 05:40:24,540.08
2022-03-31 05:40:29,540.11
2022-03-31 05:40:34,540.18
2022-03-31 05:40:39,540.11
2022-03-31 05:40:44,540.18
2022-03-31 05:40:49,540.17
2022-03-31 05:40:54,540.11
2022-03-31 05:40:59,540.17
2022-03-31 05:41:04,540.17
2022-03-31 05:41:09,540.17
2022-03-31 05:41:14,540.17
2022-03-31 05:41:19,540.17
2022-03-31 05:41:24,540.11
2022-03-31 05:41:29,540.11
2022-03-31 05:41:34,540.08
2022-03-31 05:41:39,540.08
2022-03-31 05:41:44,540.01
2022-03-31 05:41:49,540.01
2022-03-31 05:41:54,540.01
2022-03-31 05:41:59,539.95
2022-03-31 05:42:04,539.88
2022-03-31 05:42:09,539.82
2022-03-31 05:42:14,539.82
2022-03-31 05:42:19,539.79
2022-03-31 05:42:24,539.72
2022-03-31 05:42:29,539.66
2022-03-31 05:42:34,539.59
2022-03-31 05:42:39,539.56
2022-03-31 05:42:44,539.5
2022-03-31 05:42:49,539.43
2022-03-31 05:42:54,539.3
2022-03-31 05:42:59,539.28
2022-03-31 05:43:04,539.27
2022-03-31 05:43:09,539.08
2022-03-31 05:43:14,539.05
2022-03-31 05:43:19,538.92
2022-03-31 05:43:24,538.86
2022-03-31 05:43:29,538.76
2022-03-31 05:43:34,538.7
2022-03-31 05:43:39,538.57
2022-03-31 05:43:44,538.47
2022-03-31 05:43:49,538.34
2022-03-31 05:43:54,538.25
2022-03-31 05:43:59,538.12
2022-03-31 05:44:04,538.06
2022-03-31 05:44:09,537.96
2022-03-31 05:44:14,537.83
2022-03-31 05:44:19,537.73
2022-03-31 05:44:24,537.67
2022-03-31 05:44:29,537.54
2022-03-31 05:44:34,537.51
2022-03-31 05:44:39,537.38
2022-03-31 05:44:44,537.32
2022-03-31 05:44:49,537.22
2022-03-31 05:44:54,537.16
2022-03-31 05:44:59,537.09
2022-03-31 05:45:04,537.03
2022-03-31 05:45:09,537.0
2022-03-31 05:45:14,536.87
2022-03-31 05:45:19,536.8
2022-03-31 05:45:24,536.74
2022-03-31 05:45:29,536.71
2022-03-31 05:45:34,536.64
2022-03-31 05:45:39,536.58
2022-03-31 05:45:44,536.52
2022-03-31 05:45:49,536.48
2022-03-31 05:45:54,536.48
2022-03-31 05:45:59,536.42
2022-03-31 05:46:04,536.35
2022-03-31 05:46:09,536.29
2022-03-31 05:46:14,536.29
2022-03-31 05:46:19,536.29
2022-03-31 05:46:24,536.23
2022-03-31 05:46:29,536.22
2022-03-31 05:46:34,536.23
2022-03-31 05:46:39,536.19
2022-03-31 05:46:44,536.19
2022-03-31 05:46:49,536.13
2022-03-31 05:46:54,536.19
2022-03-31 05:46:59,536.19
2022-03-31 05:47:04,536.13
2022-03-31 05:47:09,536.13
2022-03-31 05:47:14,536.13
2022-03-31 05:47:19,536.12
2022-03-31 05:47:24,536.12
2022-03-31 05:47:29,536.13
2022-03-31 05:47:34,536.13
2022-03-31 05:47:39,536.06
2022-03-31 05:47:44,536.13
2022-03-31 05:47:49,536.12
2022-03-31 05:47:54,536.12
2022-03-31 05:47:59,536.12
2022-03-31 05:48:04,536.13
2022-03-31 05:48:09,536.19
2022-03-31 05:48:14,536.19
2022-03-31 05:48:19,536.22
2022-03-31 05:48:24,536.19
2022-03-31 05:48:29,536.19
2022-03-31 05:48:34,536.22
2022-03-31 05:48:39,536.22
2022-03-31 05:48:44,536.28
2022-03-31 05:48:49,536.28
2022-03-31 05:48:54,536.35
2022-03-31 05:48:59,536.35
2022-03-31 05:49:04,536.41
2022-03-31 05:49:09,536.47
2022-03-31 05:49:14,536.5
2022-03-31 05:49:19,536.57
2022-03-31 05:49:24,536.57
2022-03-31 05:49:29,536.63
2022-03-31 05:49:34,536.7
2022-03-31 05:49:39,536.69
2022-03-31 05:49:44,536.73
2022-03-31 05:49:49,536.72
2022-03-31 05:49:54,536.79
2022-03-31 05:49:59,536.85
2022-03-31 05:50:04,536.92
2022-03-31 05:50:09,536.98
2022-03-31 05:50:14,536.98
2022-03-31 05:50:19,536.98
2022-03-31 05:50:24,537.01
2022-03-31 05:50:29,537.08
2022-03-31 05:50:34,537.08
2022-03-31 05:50:39,537.14
2022-03-31 05:50:44,537.21
2022-03-31 05:50:49,537.14
2022-03-31 05:50:54,537.23
2022-03-31 05:50:59,537.24
2022-03-31 05:51:04,537.24
2022-03-31 05:51:09,537.3
2022-03-31 05:51:14,537.3
2022-03-31 05:51:19,537.3
2022-03-31 05:51:24,537.37
2022-03-31 05:51:29,537.37
2022-03-31 05:51:34,537.37
2022-03-31 05:51:39,537.43
2022-03-31 05:51:44,537.43
2022-03-31 05:51:49,537.43
2022-03-31 05:51:54,537.43
2022-03-31 05:51:59,537.5
2022-03-31 05:52:04,537.5
2022-03-31 05:52:09,537.5
2022-03-31 05:52:14,537.5
2022-03-31 05:52:19,537.53
2022-03-31 05:52:24,537.53
2022-03-31 05:52:29,537.53
2022-03-31 05:52:34,537.53
2022-03-31 05:52:39,537.6
2022-03-31 05:52:44,537.67
2022-03-31 05:52:49,537.66
2022-03-31 05:52:54,537.67
2022-03-31 05:52:59,537.73
2022-03-31 05:53:04,537.73
2022-03-31 05:53:09,537.73
2022-03-31 05:53:14,537.76
2022-03-31 05:53:19,537.76
2022-03-31 05:53:24,537.76
2022-03-31 05:53:29,537.83
2022-03-31 05:53:34,537.89
2022-03-31 05:53:39,537.89
2022-03-31 05:53:44,537.96
2022-03-31 05:53:49,537.96
2022-03-31 05:53:54,538.02
2022-03-31 05:53:59,538.06
2022-03-31 05:54:04,538.05
2022-03-31 05:54:09,538.12
2022-03-31 05:54:14,538.18
2022-03-31 05:54:19,538.25
2022-03-31 05:54:24,538.25
2022-03-31 05:54:29,538.28
2022-03-31 05:54:34,538.35
2022-03-31 05:54:39,538.35
2022-03-31 05:54:44,538.47
2022-03-31 05:54:49,538.54
2022-03-31 05:54:54,538.57
2022-03-31 05:54:59,538.57
2022-03-31 05:55:04,538.64
2022-03-31 05:55:09,538.7
2022-03-31 05:55:14,538.8
2022-03-31 05:55:19,538.86
2022-03-31 05:55:24,538.86
2022-03-31 05:55:29,538.99
2022-03-31 05:55:34,538.99
2022-03-31 05:55:39,539.05
2022-03-31 05:55:44,539.08
2022-03-31 05:55:49,539.15
2022-03-31 05:55:54,539.21
2022-03-31 05:55:59,539.21
2022-03-31 05:56:04,539.28
2022-03-31 05:56:09,539.28
2022-03-31 05:56:14,539.31
2022-03-31 05:56:19,539.37
2022-03-31 05:56:24,539.44
2022-03-31 05:56:29,539.44
2022-03-31 05:56:34,539.5
2022-03-31 05:56:39,539.5
2022-03-31 05:56:44,539.57
2022-03-31 05:56:49,539.6
2022-03-31 05:56:54,539.59
2022-03-31 05:56:59,539.66
2022-03-31 05:57:04,539.66
2022-03-31 05:57:09,539.72
2022-03-31 05:57:14,539.66
2022-03-31 05:57:19,539.79
2022-03-31 05:57:24,539.79
2022-03-31 05:57:29,539.79
2022-03-31 05:57:34,539.82
2022-03-31 05:57:39,539.82
2022-03-31 05:57:44,539.88
2022-03-31 05:57:49,539.95
2022-03-31 05:57:54,539.95
2022-03-31 05:57:59,540.01
2022-03-31 05:58:04,540.01
2022-03-31 05:58:09,540.08
2022-03-31 05:58:14,540.1
2022-03-31 05:58:19,540.1
2022-03-31 05:58:24,540.17
2022-03-31 05:58:29,540.17
2022-03-31 05:58:34,540.23
2022-03-31 05:58:39,540.23
2022-03-31 05:58:44,540.29
2022-03-31 05:58:49,540.29
2022-03-31 05:58:54,540.32
2022-03-31 05:58:59,540.32
2022-03-31 05:59:04,540.32
2022-03-31 05:59:09,540.39
2022-03-31 05:59:14,540.39
2022-03-31 05:59:19,540.45
2022-03-31 05:59:24,540.51
2022-03-31 05:59:29,540.51
2022-03-31 05:59:34,540.58
2022-03-31 05:59:39,540.58
2022-03-31 05:59:44,540.58
2022-03-31 05:59:49,540.61
2022-03-31 05:59:54,540.61
2022-03-31 05:59:59,540.68
2022-03-31 06:00:04,540.74
2022-03-31 06:00:09,540.74
2022-03-31 06:00:14,540.8
2022-03-31 06:00:19,540.8
2022-03-31 06:00:24,540.83
2022-03-31 06:00:29,540.9
2022-03-31 06:00:34,540.9
2022-03-31 06:00:39,540.9
2022-03-31 06:00:44,540.96
2022-03-31 06:00:49,540.97
2022-03-31 06:00:54,541.03
2022-03-31 06:00:59,541.03
2022-03-31 06:01:04,541.03
2022-03-31 06:01:09,541.1
2022-03-31 06:01:14,541.13
2022-03-31 06:01:19,541.13
2022-03-31 06:01:24,541.13
2022-03-31 06:01:29,541.13
2022-03-31 06:01:34,541.26
2022-03-31 06:01:39,541.26
2022-03-31 06:01:44,541.32
2022-03-31 06:01:49,541.33
2022-03-31 06:01:54,541.36
2022-03-31 06:01:59,541.36
2022-03-31 06:02:04,541.36
2022-03-31 06:02:09,541.42
2022-03-31 06:02:14,541.49
2022-03-31 06:02:19,541.49
2022-03-31 06:02:24,541.55
2022-03-31 06:02:29,541.55
2022-03-31 06:02:34,541.62
2022-03-31 06:02:39,541.62
2022-03-31 06:02:44,541.65
2022-03-31 06:02:49,541.65
2022-03-31 06:02:54,541.71
2022-03-31 06:02:59,541.78
2022-03-31 06:03:04,541.78
2022-03-31 06:03:09,541.84
2022-03-31 06:03:14,541.84
2022-03-31 06:03:19,541.84
2022-03-31 06:03:24,541.84
2022-03-31 06:03:29,541.94
2022-03-31 06:03:34,541.88
2022-03-31 06:03:39,541.94
2022-03-31 06:03:44,542.0
2022-03-31 06:03:49,542.0
2022-03-31 06:03:54,542.07
2022-03-31 06:03:59,542.07
2022-03-31 06:04:04,542.13
2022-03-31 06:04:09,542.13
2022-03-31 06:04:14,542.13
2022-03-31 06:04:19,542.16
2022-03-31 06:04:24,542.16
2022-03-31 06:04:29,542.23
2022-03-31 06:04:34,542.23
2022-03-31 06:04:39,542.29
2022-03-31 06:04:44,542.29
2022-03-31 06:04:49,542.36
2022-03-31 06:04:54,542.39
2022-03-31 06:04:59,542.36
2022-03-31 06:05:04,542.38
2022-03-31 06:05:09,542.38
2022-03-31 06:05:14,542.45
2022-03-31 06:05:19,542.45
2022-03-31 06:05:24,542.52
2022-03-31 06:05:29,542.51
2022-03-31 06:05:34,542.52
2022-03-31 06:05:39,542.52
2022-03-31 06:05:44,542.58
2022-03-31 06:05:49,542.52
2022-03-31 06:05:54,542.51
2022-03-31 06:05:59,542.51
2022-03-31 06:06:04,542.51
2022-03-31 06:06:09,542.45
2022-03-31 06:06:14,542.45
2022-03-31 06:06:19,542.38
2022-03-31 06:06:24,542.35
2022-03-31 06:06:29,542.38
2022-03-31 06:06:34,542.28
2022-03-31 06:06:39,542.28
2022-03-31 06:06:44,542.22
2022-03-31 06:06:49,542.15
2022-03-31 06:06:54,542.12
2022-03-31 06:06:59,542.06
2022-03-31 06:07:04,541.99
2022-03-31 06:07:09,541.92
2022-03-31 06:07:14,541.83
2022-03-31 06:07:19,541.76
2022-03-31 06:07:24,541.63
2022-03-31 06:07:29,541.63
2022-03-31 06:07:34,541.6
2022-03-31 06:07:39,541.47
2022-03-31 06:07:44,541.34
2022-03-31 06:07:49,541.31
2022-03-31 06:07:54,541.18
2022-03-31 06:07:59,541.11
2022-03-31 06:08:04,540.95
2022-03-31 06:08:09,540.88
2022-03-31 06:08:14,540.82
2022-03-31 06:08:19,540.72
2022-03-31 06:08:24,540.72
2022-03-31 06:08:29,540.59
2022-03-31 06:08:34,540.5
2022-03-31 06:08:39,540.37
2022-03-31 06:08:44,540.3
2022-03-31 06:08:49,540.27
2022-03-31 06:08:54,540.14
2022-03-31 06:08:59,540.05
2022-03-31 06:09:04,539.98
2022-03-31 06:09:09,539.85
2022-03-31 06:09:14,539.76
2022-03-31 06:09:19,539.69
2022-03-31 06:09:24,539.53
2022-03-31 06:09:29,539.47
2022-03-31 06:09:34,539.4
2022-03-31 06:09:39,539.27
2022-03-31 06:09:44,539.18
2022-03-31 06:09:49,539.11
2022-03-31 06:09:54,539.05
2022-03-31 06:09:59,538.95
2022-03-31 06:10:04,538.82
2022-03-31 06:10:09,538.73
2022-03-31 06:10:14,538.67
2022-03-31 06:10:19,538.54
2022-03-31 06:10:24,538.44
2022-03-31 06:10:29,538.38
2022-03-31 06:10:34,538.25
2022-03-31 06:10:39,538.22
2022-03-31 06:10:44,538.02
2022-03-31 06:10:49,537.99
2022-03-31 06:10:54,537.86
2022-03-31 06:10:59,537.74
2022-03-31 06:11:04,537.7
2022-03-31 06:11:09,537.64
2022-03-31 06:11:14,537.51
2022-03-31 06:11:19,537.48
2022-03-31 06:11:24,537.41
2022-03-31 06:11:29,537.35
2022-03-31 06:11:34,537.19
2022-03-31 06:11:39,537.12
2022-03-31 06:11:44,537.0
2022-03-31 06:11:49,536.96
2022-03-31 06:11:54,536.83
2022-03-31 06:11:59,536.77
2022-03-31 06:12:04,536.67
2022-03-31 06:12:09,536.61
2022-03-31 06:12:14,536.48
2022-03-31 06:12:19,536.48
2022-03-31 06:12:24,536.38
2022-03-31 06:12:29,536.25
2022-03-31 06:12:34,536.19
2022-03-31 06:12:39,536.16
2022-03-31 06:12:44,535.96
2022-03-31 06:12:49,535.96
2022-03-31 06:12:54,535.93
2022-03-31 06:12:59,535.87
2022-03-31 06:13:04,535.74
2022-03-31 06:13:09,535.68
2022-03-31 06:13:14,535.64
2022-03-31 06:13:19,535.58
2022-03-31 06:13:24,535.45
2022-03-31 06:13:29,535.42
2022-03-31 06:13:34,535.35
2022-03-31 06:13:39,535.29
2022-03-31 06:13:44,535.16
2022-03-31 06:13:49,535.13
2022-03-31 06:13:54,535.06
2022-03-31 06:13:59,535.0
2022-03-31 06:14:04,534.9
2022-03-31 06:14:09,534.9
2022-03-31 06:14:14,534.77
2022-03-31 06:14:19,534.71
2022-03-31 06:14:24,534.71
2022-03-31 06:14:29,534.64
2022-03-31 06:14:34,534.61
2022-03-31 06:14:39,534.42
2022-03-31 06:14:44,534.42
2022-03-31 06:14:49,534.41
2022-03-31 06:14:54,534.32
2022-03-31 06:14:59,534.19
2022-03-31 06:15:04,534.19
2022-03-31 06:15:09,534.12
2022-03-31 06:15:14,534.03
2022-03-31 06:15:19,534.02
2022-03-31 06:15:24,533.89
2022-03-31 06:15:29,533.86
2022-03-31 06:15:34,533.8
2022-03-31 06:15:39,533.67
2022-03-31 06:15:44,533.6
2022-03-31 06:15:49,533.57
2022-03-31 06:15:54,533.51
2022-03-31 06:15:59,533.44
2022-03-31 06:16:04,533.37
2022-03-31 06:16:09,533.34
2022-03-31 06:16:14,533.28
2022-03-31 06:16:19,533.21
2022-03-31 06:16:24,533.15
2022-03-31 06:16:29,533.15
2022-03-31 06:16:34,533.08
2022-03-31 06:16:39,533.08
2022-03-31 06:16:44,533.05
2022-03-31 06:16:49,532.98
2022-03-31 06:16:54,532.92
2022-03-31 06:16:59,532.91
2022-03-31 06:17:04,532.91
2022-03-31 06:17:09,532.91
2022-03-31 06:17:14,532.85
2022-03-31 06:17:19,532.85
2022-03-31 06:17:24,532.85
2022-03-31 06:17:29,532.85
2022-03-31 06:17:34,532.85
2022-03-31 06:17:39,532.82
2022-03-31 06:17:44,532.85
2022-03-31 06:17:49,532.82
2022-03-31 06:17:54,532.85
2022-03-31 06:17:59,532.82
2022-03-31 06:18:04,532.85
2022-03-31 06:18:09,532.91
2022-03-31 06:18:14,532.91
2022-03-31 06:18:19,532.98
2022-03-31 06:18:24,532.98
2022-03-31 06:18:29,532.98
2022-03-31 06:18:34,533.08
2022-03-31 06:18:39,533.08
2022-03-31 06:18:44,533.14
2022-03-31 06:18:49,533.21
2022-03-31 06:18:54,533.27
2022-03-31 06:18:59,533.33
2022-03-31 06:19:04,533.37
2022-03-31 06:19:09,533.43
2022-03-31 06:19:14,533.49
2022-03-31 06:19:19,533.56
2022-03-31 06:19:24,533.59
2022-03-31 06:19:29,533.59
2022-03-31 06:19:34,533.72
2022-03-31 06:19:39,533.79
2022-03-31 06:19:44,533.86
2022-03-31 06:19:49,533.89
2022-03-31 06:19:54,533.95
2022-03-31 06:19:59,534.01
2022-03-31 06:20:04,534.11
2022-03-31 06:20:09,534.18
2022-03-31 06:20:14,534.24
2022-03-31 06:20:19,534.3
2022-03-31 06:20:24,534.37
2022-03-31 06:20:29,534.4
2022-03-31 06:20:34,534.53
2022-03-31 06:20:39,534.59
2022-03-31 06:20:44,534.63
2022-03-31 06:20:49,534.76
2022-03-31 06:20:54,534.82
2022-03-31 06:20:59,534.89
2022-03-31 06:21:04,534.98
2022-03-31 06:21:09,535.05
2022-03-31 06:21:14,535.11
2022-03-31 06:21:19,535.14
2022-03-31 06:21:24,535.21
2022-03-31 06:21:29,535.27
2022-03-31 06:21:34,535.33
2022-03-31 06:21:39,535.4
2022-03-31 06:21:44,535.43
2022-03-31 06:21:49,535.5
2022-03-31 06:21:54,535.5
2022-03-31 06:21:59,535.62
2022-03-31 06:22:04,535.66
2022-03-31 06:22:09,535.72
2022-03-31 06:22:14,535.85
2022-03-31 06:22:19,535.85
2022-03-31 06:22:24,535.91
2022-03-31 06:22:29,535.94
2022-03-31 06:22:34,536.01
2022-03-31 06:22:39,536.08
2022-03-31 06:22:44,536.14
2022-03-31 06:22:49,536.17
2022-03-31 06:22:54,536.23
2022-03-31 06:22:59,536.3
2022-03-31 06:23:04,536.36
2022-03-31 06:23:09,536.36
2022-03-31 06:23:14,536.42
2022-03-31 06:23:19,536.46
2022-03-31 06:23:24,536.52
2022-03-31 06:23:29,536.58
2022-03-31 06:23:34,536.65
2022-03-31 06:23:39,536.65
2022-03-31 06:23:44,536.68
2022-03-31 06:23:49,536.81
2022-03-31 06:23:54,536.87
2022-03-31 06:23:59,536.94
2022-03-31 06:24:04,536.94
2022-03-31 06:24:09,536.97
2022-03-31 06:24:14,537.03
2022-03-31 06:24:19,537.09
2022-03-31 06:24:24,537.16
2022-03-31 06:24:29,537.19
2022-03-31 06:24:34,537.25
2022-03-31 06:24:39,537.31
2022-03-31 06:24:44,537.38
2022-03-31 06:24:49,537.44
2022-03-31 06:24:54,537.54
2022-03-31 06:24:59,537.47
2022-03-31 06:25:04,537.6
2022-03-31 06:25:09,537.6
2022-03-31 06:25:14,537.66
2022-03-31 06:25:19,537.7
2022-03-31 06:25:24,537.76
2022-03-31 06:25:29,537.82
2022-03-31 06:25:34,537.83
2022-03-31 06:25:39,537.95
2022-03-31 06:25:44,537.95
2022-03-31 06:25:49,537.95
2022-03-31 06:25:54,538.05
2022-03-31 06:25:59,538.11
2022-03-31 06:26:04,538.17
2022-03-31 06:26:09,538.21
2022-03-31 06:26:14,538.21
2022-03-31 06:26:19,538.27
2022-03-31 06:26:24,538.33
2022-03-31 06:26:29,538.4
2022-03-31 06:26:34,538.46
2022-03-31 06:26:39,538.49
2022-03-31 06:26:44,538.56
2022-03-31 06:26:49,538.56
2022-03-31 06:26:54,538.62
2022-03-31 06:26:59,538.69
2022-03-31 06:27:04,538.78
2022-03-31 06:27:09,538.78
2022-03-31 06:27:14,538.85
2022-03-31 06:27:19,538.97
2022-03-31 06:27:24,539.0
2022-03-31 06:27:29,539.07
2022-03-31 06:27:34,539.14
2022-03-31 06:27:39,539.23
2022-03-31 06:27:44,539.29
2022-03-31 06:27:49,539.36
2022-03-31 06:27:54,539.49
2022-03-31 06:27:59,539.52
2022-03-31 06:28:04,539.58
2022-03-31 06:28:09,539.72
2022-03-31 06:28:14,539.75
2022-03-31 06:28:19,539.81
2022-03-31 06:28:24,539.88
2022-03-31 06:28:29,539.94
2022-03-31 06:28:34,540.01
2022-03-31 06:28:39,540.1
2022-03-31 06:28:44,540.1
2022-03-31 06:28:49,540.23
2022-03-31 06:28:54,540.27
2022-03-31 06:28:59,540.33
2022-03-31 06:29:04,540.39
2022-03-31 06:29:09,540.46
2022-03-31 06:29:14,540.52
2022-03-31 06:29:19,540.55
2022-03-31 06:29:24,540.62
2022-03-31 06:29:29,540.68
2022-03-31 06:29:34,540.75
2022-03-31 06:29:39,540.75
2022-03-31 06:29:44,540.84
2022-03-31 06:29:49,540.85
2022-03-31 06:29:54,540.97
2022-03-31 06:29:59,540.97
2022-03-31 06:30:04,541.03
2022-03-31 06:30:09,541.07
2022-03-31 06:30:14,541.13
2022-03-31 06:30:19,541.19
2022-03-31 06:30:24,541.19
2022-03-31 06:30:29,541.26
2022-03-31 06:30:34,541.29
2022-03-31 06:30:39,541.29
2022-03-31 06:30:44,541.42
2022-03-31 06:30:49,541.42
2022-03-31 06:30:54,541.42
2022-03-31 06:30:59,541.48
2022-03-31 06:31:04,541.48
2022-03-31 06:31:09,541.58
2022-03-31 06:31:14,541.54
2022-03-31 06:31:19,541.58
2022-03-31 06:31:24,541.58
2022-03-31 06:31:29,541.58
2022-03-31 06:31:34,541.57
2022-03-31 06:31:39,541.7
2022-03-31 06:31:44,541.64
2022-03-31 06:31:49,541.7
2022-03-31 06:31:54,541.7
2022-03-31 06:31:59,541.7
2022-03-31 06:32:04,541.76
2022-03-31 06:32:09,541.76
2022-03-31 06:32:14,541.77
2022-03-31 06:32:19,541.76
2022-03-31 06:32:24,541.8
2022-03-31 06:32:29,541.76
2022-03-31 06:32:34,541.86
2022-03-31 06:32:39,541.79
2022-03-31 06:32:44,541.79
2022-03-31 06:32:49,541.86
2022-03-31 06:32:54,541.86
2022-03-31 06:32:59,541.85
2022-03-31 06:33:04,541.85
2022-03-31 06:33:09,537.71
2022-03-31 06:33:14,541.92
2022-03-31 06:33:19,541.92
2022-03-31 06:33:24,541.92
2022-03-31 06:33:29,541.92
2022-03-31 06:33:34,541.91
2022-03-31 06:33:39,541.98
2022-03-31 06:33:44,541.91
2022-03-31 06:33:49,541.91
2022-03-31 06:33:54,541.98
2022-03-31 06:33:59,541.97
2022-03-31 06:34:04,541.97
2022-03-31 06:34:09,542.04
2022-03-31 06:34:14,542.04
2022-03-31 06:34:19,541.97
2022-03-31 06:34:24,542.04
2022-03-31 06:34:29,542.04
2022-03-31 06:34:34,542.07
2022-03-31 06:34:39,542.07
2022-03-31 06:34:44,542.06
2022-03-31 06:34:49,542.06
2022-03-31 06:34:54,542.06
2022-03-31 06:34:59,542.06
2022-03-31 06:35:04,542.12
2022-03-31 06:35:09,542.12
2022-03-31 06:35:14,542.12
2022-03-31 06:35:19,542.12
2022-03-31 06:35:24,542.19
2022-03-31 06:35:29,542.19
2022-03-31 06:35:34,542.19
2022-03-31 06:35:39,542.12
2022-03-31 06:35:44,542.19
2022-03-31 06:35:49,542.12
2022-03-31 06:35:54,542.25
2022-03-31 06:35:59,542.19
2022-03-31 06:36:04,542.25
2022-03-31 06:36:09,542.25
2022-03-31 06:36:14,542.25
2022-03-31 06:36:19,542.28
2022-03-31 06:36:24,542.35
2022-03-31 06:36:29,542.28
2022-03-31 06:36:34,542.28
2022-03-31 06:36:39,542.35
2022-03-31 06:36:44,542.35
2022-03-31 06:36:49,542.35
2022-03-31 06:36:54,542.35
2022-03-31 06:36:59,542.35
2022-03-31 06:37:04,542.35
2022-03-31 06:37:09,542.35
2022-03-31 06:37:14,542.35
2022-03-31 06:37:19,542.41
2022-03-31 06:37:24,542.41
2022-03-31 06:37:29,542.41
2022-03-31 06:37:34,542.41
2022-03-31 06:37:39,542.41
2022-03-31 06:37:44,542.48
2022-03-31 06:37:49,542.48
2022-03-31 06:37:54,542.48
2022-03-31 06:37:59,542.48
2022-03-31 06:38:04,542.48
2022-03-31 06:38:09,542.48
2022-03-31 06:38:14,542.48
2022-03-31 06:38:19,542.48
2022-03-31 06:38:24,542.48
2022-03-31 06:38:29,542.48
2022-03-31 06:38:34,542.48
2022-03-31 06:38:39,542.48
2022-03-31 06:38:44,542.48
2022-03-31 06:38:49,542.54
2022-03-31 06:38:54,542.54
2022-03-31 06:38:59,542.48
2022-03-31 06:39:04,542.54
2022-03-31 06:39:09,542.54
2022-03-31 06:39:14,542.54
2022-03-31 06:39:19,542.57
2022-03-31 06:39:24,542.57
2022-03-31 06:39:29,542.57
2022-03-31 06:39:34,542.63
2022-03-31 06:39:39,542.64
2022-03-31 06:39:44,542.7
2022-03-31 06:39:49,542.7
2022-03-31 06:39:54,542.77
2022-03-31 06:39:59,542.76
2022-03-31 06:40:04,542.76
2022-03-31 06:40:09,542.76
2022-03-31 06:40:14,542.76
2022-03-31 06:40:19,542.79
2022-03-31 06:40:24,542.76
2022-03-31 06:40:29,542.79
2022-03-31 06:40:34,542.79
2022-03-31 06:40:39,542.79
2022-03-31 06:40:44,542.79
2022-03-31 06:40:49,542.85
2022-03-31 06:40:54,542.85
2022-03-31 06:40:59,542.85
2022-03-31 06:41:04,542.92
2022-03-31 06:41:09,542.92
2022-03-31 06:41:14,542.92
2022-03-31 06:41:19,542.98
2022-03-31 06:41:24,542.98
2022-03-31 06:41:29,543.04
2022-03-31 06:41:34,543.04
2022-03-31 06:41:39,543.04
2022-03-31 06:41:44,543.04
2022-03-31 06:41:49,543.04
2022-03-31 06:41:54,543.07
2022-03-31 06:41:59,537.71
2022-03-31 06:42:04,543.07
2022-03-31 06:42:09,543.07
2022-03-31 06:42:14,543.07
2022-03-31 06:42:19,543.07
2022-03-31 06:42:24,543.13
2022-03-31 06:42:29,543.13
2022-03-31 06:42:34,543.13
2022-03-31 06:42:39,543.2
2022-03-31 06:42:44,543.19
2022-03-31 06:42:49,543.19
2022-03-31 06:42:54,543.19
2022-03-31 06:42:59,543.19
2022-03-31 06:43:04,543.19
2022-03-31 06:43:09,543.19
2022-03-31 06:43:14,543.13
2022-03-31 06:43:19,543.13
2022-03-31 06:43:24,543.13
2022-03-31 06:43:29,543.12
2022-03-31 06:43:34,543.12
2022-03-31 06:43:39,543.12
2022-03-31 06:43:44,543.12
2022-03-31 06:43:49,543.06
2022-03-31 06:43:54,543.02
2022-03-31 06:43:59,543.03
2022-03-31 06:44:04,543.03
2022-03-31 06:44:09,543.02
2022-03-31 06:44:14,542.96
2022-03-31 06:44:19,542.96
2022-03-31 06:44:24,542.96
2022-03-31 06:44:29,542.9
2022-03-31 06:44:34,542.89
2022-03-31 06:44:39,542.89
2022-03-31 06:44:44,542.83
2022-03-31 06:44:49,542.76
2022-03-31 06:44:54,542.76
2022-03-31 06:44:59,542.83
2022-03-31 06:45:04,542.76
2022-03-31 06:45:09,542.73
2022-03-31 06:45:14,542.73
2022-03-31 06:45:19,542.67
2022-03-31 06:45:24,542.67
2022-03-31 06:45:29,542.67
2022-03-31 06:45:34,542.6
2022-03-31 06:45:39,542.54
2022-03-31 06:45:44,542.54
2022-03-31 06:45:49,542.54
2022-03-31 06:45:54,542.44
2022-03-31 06:45:59,542.51
2022-03-31 06:46:04,542.38
2022-03-31 06:46:09,542.38
2022-03-31 06:46:14,542.32
2022-03-31 06:46:19,542.38
2022-03-31 06:46:24,542.32
2022-03-31 06:46:29,542.25
2022-03-31 06:46:34,542.25
2022-03-31 06:46:39,542.25
2022-03-31 06:46:44,542.22
2022-03-31 06:46:49,542.22
2022-03-31 06:46:54,542.16
2022-03-31 06:46:59,542.09
2022-03-31 06:47:04,542.09
2022-03-31 06:47:09,542.09
2022-03-31 06:47:14,542.03
2022-03-31 06:47:19,542.03
2022-03-31 06:47:24,542.0
2022-03-31 06:47:29,541.93
2022-03-31 06:47:34,541.87
2022-03-31 06:47:39,541.93
2022-03-31 06:47:44,541.87
2022-03-31 06:47:49,541.81
2022-03-31 06:47:54,541.81
2022-03-31 06:47:59,541.74
2022-03-31 06:48:04,541.74
2022-03-31 06:48:09,541.71
2022-03-31 06:48:14,541.64
2022-03-31 06:48:19,541.64
2022-03-31 06:48:24,541.58
2022-03-31 06:48:29,541.58
2022-03-31 06:48:34,541.58
2022-03-31 06:48:39,541.58
2022-03-31 06:48:44,541.51
2022-03-31 06:48:49,541.52
2022-03-31 06:48:54,541.51
2022-03-31 06:48:59,541.48
2022-03-31 06:49:04,541.48
2022-03-31 06:49:09,541.41
2022-03-31 06:49:14,541.42
2022-03-31 06:49:19,541.42
2022-03-31 06:49:24,541.35
2022-03-31 06:49:29,541.35
2022-03-31 06:49:34,541.29
2022-03-31 06:49:39,541.29
2022-03-31 06:49:44,541.29
2022-03-31 06:49:49,541.29
2022-03-31 06:49:54,541.28
2022-03-31 06:49:59,541.22
2022-03-31 06:50:04,541.22
2022-03-31 06:50:09,541.28
2022-03-31 06:50:14,541.22
2022-03-31 06:50:19,541.28
2022-03-31 06:50:24,541.29
2022-03-31 06:50:29,541.28
2022-03-31 06:50:34,541.22
2022-03-31 06:50:39,541.22
2022-03-31 06:50:44,541.22
2022-03-31 06:50:49,541.22
2022-03-31 06:50:54,541.22
2022-03-31 06:50:59,541.22
2022-03-31 06:51:04,541.22
2022-03-31 06:51:09,541.22
2022-03-31 06:51:14,541.21
2022-03-31 06:51:19,541.18
2022-03-31 06:51:24,541.21
2022-03-31 06:51:29,541.21
2022-03-31 06:51:34,541.21
2022-03-31 06:51:39,541.21
2022-03-31 06:51:44,541.21
2022-03-31 06:51:49,541.21
2022-03-31 06:51:54,541.21
2022-03-31 06:51:59,541.28
2022-03-31 06:52:04,541.21
2022-03-31 06:52:09,541.27
2022-03-31 06:52:14,541.27
2022-03-31 06:52:19,541.27
2022-03-31 06:52:24,541.27
2022-03-31 06:52:29,541.27
2022-03-31 06:52:34,541.34
2022-03-31 06:52:39,541.4
2022-03-31 06:52:44,541.4
2022-03-31 06:52:49,541.46
2022-03-31 06:52:54,541.46
2022-03-31 06:52:59,541.46
2022-03-31 06:53:04,541.56
2022-03-31 06:53:09,541.56
2022-03-31 06:53:14,541.56
2022-03-31 06:53:19,541.56
2022-03-31 06:53:24,541.62
2022-03-31 06:53:29,541.62
2022-03-31 06:53:34,541.62
2022-03-31 06:53:39,541.69
2022-03-31 06:53:44,541.62
2022-03-31 06:53:49,541.68
2022-03-31 06:53:54,541.72
2022-03-31 06:53:59,541.72
2022-03-31 06:54:04,541.72
2022-03-31 06:54:09,541.78
2022-03-31 06:54:14,541.78
2022-03-31 06:54:19,541.85
2022-03-31 06:54:24,541.78
2022-03-31 06:54:29,541.85
2022-03-31 06:54:34,541.85
2022-03-31 06:54:39,541.92
2022-03-31 06:54:44,541.91
2022-03-31 06:54:49,541.98
2022-03-31 06:54:54,541.98
2022-03-31 06:54:59,541.98
2022-03-31 06:55:04,541.98
2022-03-31 06:55:09,541.98
2022-03-31 06:55:14,542.01
2022-03-31 06:55:19,542.02
2022-03-31 06:55:24,542.02
2022-03-31 06:55:29,542.02
2022-03-31 06:55:34,542.01
2022-03-31 06:55:39,542.08
2022-03-31 06:55:44,542.08
2022-03-31 06:55:49,542.08
2022-03-31 06:55:54,542.15
2022-03-31 06:55:59,542.08
2022-03-31 06:56:04,542.15
2022-03-31 06:56:09,542.21
2022-03-31 06:56:14,542.21
2022-03-31 06:56:19,542.24
2022-03-31 06:56:24,542.24
2022-03-31 06:56:29,542.21
2022-03-31 06:56:34,542.25
2022-03-31 06:56:39,542.24
2022-03-31 06:56:44,542.25
2022-03-31 06:56:49,542.25
2022-03-31 06:56:54,542.24
2022-03-31 06:56:59,542.31
2022-03-31 06:57:04,542.31
2022-03-31 06:57:09,542.31
2022-03-31 06:57:14,542.38
2022-03-31 06:57:19,542.31
2022-03-31 06:57:24,542.37
2022-03-31 06:57:29,542.38
2022-03-31 06:57:34,542.38
2022-03-31 06:57:39,542.44
2022-03-31 06:57:44,542.51
2022-03-31 06:57:49,542.5
2022-03-31 06:57:54,542.54
2022-03-31 06:57:59,542.54
2022-03-31 06:58:04,542.6
2022-03-31 06:58:09,542.6
2022-03-31 06:58:14,542.67
2022-03-31 06:58:19,542.67
2022-03-31 06:58:24,542.67
2022-03-31 06:58:29,542.73
2022-03-31 06:58:34,542.73
2022-03-31 06:58:39,542.73
2022-03-31 06:58:44,542.76
2022-03-31 06:58:49,542.76
2022-03-31 06:58:54,542.76
2022-03-31 06:58:59,542.76
2022-03-31 06:59:04,542.76
2022-03-31 06:59:09,542.82
2022-03-31 06:59:14,542.82
2022-03-31 06:59:19,542.89
2022-03-31 06:59:24,542.89
2022-03-31 06:59:29,542.89
2022-03-31 06:59:34,542.95
2022-03-31 06:59:39,542.95
2022-03-31 06:59:44,542.96
2022-03-31 06:59:49,543.02
2022-03-31 06:59:54,543.02
2022-03-31 06:59:59,543.05
2022-03-31 07:00:04,543.02
2022-03-31 07:00:09,543.05
2022-03-31 07:00:14,543.05
2022-03-31 07:00:19,543.02
2022-03-31 07:00:24,543.05
2022-03-31 07:00:29,543.02
2022-03-31 07:00:34,543.05
2022-03-31 07:00:39,543.01
2022-03-31 07:00:44,543.01
2022-03-31 07:00:49,543.01
2022-03-31 07:00:54,542.95
2022-03-31 07:00:59,542.94
2022-03-31 07:01:04,542.95
2022-03-31 07:01:09,542.95
2022-03-31 07:01:14,542.88
2022-03-31 07:01:19,542.88
2022-03-31 07:01:24,542.81
2022-03-31 07:01:29,542.75
2022-03-31 07:01:34,542.75
2022-03-31 07:01:39,542.72
2022-03-31 07:01:44,542.65
2022-03-31 07:01:49,542.59
2022-03-31 07:01:54,542.59
2022-03-31 07:01:59,542.52
2022-03-31 07:02:04,542.52
2022-03-31 07:02:09,542.43
2022-03-31 07:02:14,542.43
2022-03-31 07:02:19,542.36
2022-03-31 07:02:24,542.23
2022-03-31 07:02:29,542.23
2022-03-31 07:02:34,542.2
2022-03-31 07:02:39,542.2
2022-03-31 07:02:44,542.07
2022-03-31 07:02:49,542.07
2022-03-31 07:02:54,542.01
2022-03-31 07:02:59,541.98
2022-03-31 07:03:04,541.97
2022-03-31 07:03:09,541.91
2022-03-31 07:03:14,541.85
2022-03-31 07:03:19,537.71
2022-03-31 07:03:24,541.72
2022-03-31 07:03:29,541.69
2022-03-31 07:03:34,541.62
2022-03-31 07:03:39,541.56
2022-03-31 07:03:44,541.49
2022-03-31 07:03:49,541.49
2022-03-31 07:03:54,541.46
2022-03-31 07:03:59,537.71
2022-03-31 07:04:04,541.34
2022-03-31 07:04:09,541.27
2022-03-31 07:04:14,541.27
2022-03-31 07:04:19,541.21
2022-03-31 07:04:24,541.21
2022-03-31 07:04:29,541.18
2022-03-31 07:04:34,541.12
2022-03-31 07:04:39,541.12
2022-03-31 07:04:44,541.05
2022-03-31 07:04:49,540.99
2022-03-31 07:04:54,540.99
2022-03-31 07:04:59,540.99
2022-03-31 07:05:04,540.89
2022-03-31 07:05:09,540.89
2022-03-31 07:05:14,540.83
2022-03-31 07:05:19,540.83
2022-03-31 07:05:24,540.77
2022-03-31 07:05:29,540.67
2022-03-31 07:05:34,540.67
2022-03-31 07:05:39,537.71
2022-03-31 07:05:44,540.6
2022-03-31 07:05:49,540.54
2022-03-31 07:05:54,540.48
2022-03-31 07:05:59,540.44
2022-03-31 07:06:04,540.44
2022-03-31 07:06:09,540.38
2022-03-31 07:06:14,540.32
2022-03-31 07:06:19,540.25
2022-03-31 07:06:24,540.19
2022-03-31 07:06:29,540.19
2022-03-31 07:06:34,540.16
2022-03-31 07:06:39,540.09
2022-03-31 07:06:44,540.03
2022-03-31 07:06:49,539.96
2022-03-31 07:06:54,539.96
2022-03-31 07:06:59,539.93
2022-03-31 07:07:04,539.87
2022-03-31 07:07:09,539.8
2022-03-31 07:07:14,539.74
2022-03-31 07:07:19,539.74
2022-03-31 07:07:24,539.67
2022-03-31 07:07:29,539.64
2022-03-31 07:07:34,539.64
2022-03-31 07:07:39,539.58
2022-03-31 07:07:44,539.51
2022-03-31 07:07:49,539.51
2022-03-31 07:07:54,539.45
2022-03-31 07:07:59,539.45
2022-03-31 07:08:04,539.42
2022-03-31 07:08:09,539.35
2022-03-31 07:08:14,539.29
2022-03-31 07:08:19,539.29
2022-03-31 07:08:24,539.22
2022-03-31 07:08:29,539.22
2022-03-31 07:08:34,539.16
2022-03-31 07:08:39,539.16
2022-03-31 07:08:44,539.12
2022-03-31 07:08:49,539.06
2022-03-31 07:08:54,539.06
2022-03-31 07:08:59,539.06
2022-03-31 07:09:04,538.99
2022-03-31 07:09:09,538.99
2022-03-31 07:09:14,538.99
2022-03-31 07:09:19,538.93
2022-03-31 07:09:24,538.93
2022-03-31 07:09:29,538.93
2022-03-31 07:09:34,538.9
2022-03-31 07:09:39,538.9
2022-03-31 07:09:44,538.83
2022-03-31 07:09:49,538.83
2022-03-31 07:09:54,538.77
2022-03-31 07:09:59,538.83
2022-03-31 07:10:04,538.76
2022-03-31 07:10:09,538.77
2022-03-31 07:10:14,538.76
2022-03-31 07:10:19,538.76
2022-03-31 07:10:24,538.7
2022-03-31 07:10:29,538.7
2022-03-31 07:10:34,538.76
2022-03-31 07:10:39,538.69
2022-03-31 07:10:44,538.76
2022-03-31 07:10:49,538.7
2022-03-31 07:10:54,538.69
2022-03-31 07:10:59,538.69
2022-03-31 07:11:04,538.69
2022-03-31 07:11:09,538.76
2022-03-31 07:11:14,538.75
2022-03-31 07:11:19,538.69
2022-03-31 07:11:24,538.69
2022-03-31 07:11:29,538.76
2022-03-31 07:11:34,538.76
2022-03-31 07:11:39,538.76
2022-03-31 07:11:44,538.82
2022-03-31 07:11:49,538.82
2022-03-31 07:11:54,538.82
2022-03-31 07:11:59,538.82
2022-03-31 07:12:04,538.82
2022-03-31 07:12:09,538.89
2022-03-31 07:12:14,538.89
2022-03-31 07:12:19,538.92
2022-03-31 07:12:24,538.92
2022-03-31 07:12:29,538.92
2022-03-31 07:12:34,538.99
2022-03-31 07:12:39,538.99
2022-03-31 07:12:44,539.05
2022-03-31 07:12:49,539.05
2022-03-31 07:12:54,539.05
2022-03-31 07:12:59,539.12
2022-03-31 07:13:04,539.15
2022-03-31 07:13:09,539.15
2022-03-31 07:13:14,539.22
2022-03-31 07:13:19,539.15
2022-03-31 07:13:24,539.22
2022-03-31 07:13:29,539.22
2022-03-31 07:13:34,539.28
2022-03-31 07:13:39,539.35
2022-03-31 07:13:44,539.41
2022-03-31 07:13:49,539.41
2022-03-31 07:13:54,539.41
2022-03-31 07:13:59,539.45
2022-03-31 07:14:04,539.51
2022-03-31 07:14:09,539.51
2022-03-31 07:14:14,539.58
2022-03-31 07:14:19,539.58
2022-03-31 07:14:24,539.64
2022-03-31 07:14:29,539.68
2022-03-31 07:14:34,539.68
2022-03-31 07:14:39,539.74
2022-03-31 07:14:44,539.74
2022-03-31 07:14:49,539.74
2022-03-31 07:14:54,539.87
2022-03-31 07:14:59,539.93
2022-03-31 07:15:04,539.87
2022-03-31 07:15:09,539.93
2022-03-31 07:15:14,539.97
2022-03-31 07:15:19,539.97
2022-03-31 07:15:24,539.97
2022-03-31 07:15:29,540.03
2022-03-31 07:15:34,540.03
2022-03-31 07:15:39,540.1
2022-03-31 07:15:44,540.16
2022-03-31 07:15:49,540.2
2022-03-31 07:15:54,540.26
2022-03-31 07:15:59,540.26
2022-03-31 07:16:04,540.26
2022-03-31 07:16:09,540.39
2022-03-31 07:16:14,540.39
2022-03-31 07:16:19,540.39
2022-03-31 07:16:24,540.48
2022-03-31 07:16:29,540.48
2022-03-31 07:16:34,540.55
2022-03-31 07:16:39,540.61
2022-03-31 07:16:44,540.61
2022-03-31 07:16:49,540.68
2022-03-31 07:16:54,540.67
2022-03-31 07:16:59,540.71
2022-03-31 07:17:04,540.77
2022-03-31 07:17:09,540.77
2022-03-31 07:17:14,540.77
2022-03-31 07:17:19,540.9
2022-03-31 07:17:24,540.9
2022-03-31 07:17:29,540.97
2022-03-31 07:17:34,541.0
2022-03-31 07:17:39,540.99
2022-03-31 07:17:44,541.06
2022-03-31 07:17:49,541.12
2022-03-31 07:17:54,541.12
2022-03-31 07:17:59,541.19
2022-03-31 07:18:04,541.19
2022-03-31 07:18:09,541.22
2022-03-31 07:18:14,541.22
2022-03-31 07:18:19,541.28
2022-03-31 07:18:24,541.28
2022-03-31 07:18:29,541.35
2022-03-31 07:18:34,541.41
2022-03-31 07:18:39,541.47
2022-03-31 07:18:44,541.47
2022-03-31 07:18:49,541.5
2022-03-31 07:18:54,541.5
2022-03-31 07:18:59,541.57
2022-03-31 07:19:04,541.63
2022-03-31 07:19:09,541.7
2022-03-31 07:19:14,541.7
2022-03-31 07:19:19,541.73
2022-03-31 07:19:24,541.79
2022-03-31 07:19:29,541.73
2022-03-31 07:19:34,541.79
2022-03-31 07:19:39,541.86
2022-03-31 07:19:44,541.92
2022-03-31 07:19:49,541.92
2022-03-31 07:19:54,541.99
2022-03-31 07:19:59,542.01
2022-03-31 07:20:04,542.01
2022-03-31 07:20:09,542.01
2022-03-31 07:20:14,542.01
2022-03-31 07:20:19,542.14
2022-03-31 07:20:24,542.08
2022-03-31 07:20:29,542.14
2022-03-31 07:20:34,542.21
2022-03-31 07:20:39,542.21
2022-03-31 07:20:44,542.21
2022-03-31 07:20:49,542.24
2022-03-31 07:20:54,542.24
2022-03-31 07:20:59,542.3
2022-03-31 07:21:04,542.31
2022-03-31 07:21:09,542.44
2022-03-31 07:21:14,542.44
2022-03-31 07:21:19,542.44
2022-03-31 07:21:24,542.5
2022-03-31 07:21:29,542.5
2022-03-31 07:21:34,542.5
2022-03-31 07:21:39,542.53
2022-03-31 07:21:44,542.53
2022-03-31 07:21:49,542.6
2022-03-31 07:21:54,542.6
2022-03-31 07:21:59,542.67
2022-03-31 07:22:04,542.67
2022-03-31 07:22:09,542.67
2022-03-31 07:22:14,542.67
2022-03-31 07:22:19,542.67
2022-03-31 07:22:24,542.67
2022-03-31 07:22:29,542.73
2022-03-31 07:22:34,542.73
2022-03-31 07:22:39,542.77
2022-03-31 07:22:44,542.73
2022-03-31 07:22:49,542.77
2022-03-31 07:22:54,542.83
2022-03-31 07:22:59,542.77
2022-03-31 07:23:04,542.83
2022-03-31 07:23:09,542.83
2022-03-31 07:23:14,542.77
2022-03-31 07:23:19,542.9
2022-03-31 07:23:24,542.9
2022-03-31 07:23:29,542.96
2022-03-31 07:23:34,542.96
2022-03-31 07:23:39,542.96
2022-03-31 07:23:44,542.96
2022-03-31 07:23:49,543.03
2022-03-31 07:23:54,543.03
2022-03-31 07:23:59,543.03
2022-03-31 07:24:04,543.03
2022-03-31 07:24:09,543.03
2022-03-31 07:24:14,543.03
2022-03-31 07:24:19,543.06
2022-03-31 07:24:24,543.06
2022-03-31 07:24:29,543.06
2022-03-31 07:24:34,543.06
2022-03-31 07:24:39,543.06
2022-03-31 07:24:44,543.06
2022-03-31 07:24:49,543.06
2022-03-31 07:24:54,543.06
2022-03-31 07:24:59,543.13
2022-03-31 07:25:04,543.06
2022-03-31 07:25:09,543.06
2022-03-31 07:25:14,543.13
2022-03-31 07:25:19,543.06
2022-03-31 07:25:24,543.06
2022-03-31 07:25:29,543.06
2022-03-31 07:25:34,543.06
2022-03-31 07:25:39,543.03
2022-03-31 07:25:44,543.03
2022-03-31 07:25:49,543.03
2022-03-31 07:25:54,542.96
2022-03-31 07:25:59,542.9
2022-03-31 07:26:04,542.96
2022-03-31 07:26:09,542.9
2022-03-31 07:26:14,542.9
2022-03-31 07:26:19,542.9
2022-03-31 07:26:24,542.9
2022-03-31 07:26:29,542.83
2022-03-31 07:26:34,542.77
2022-03-31 07:26:39,542.73
2022-03-31 07:26:44,542.73
2022-03-31 07:26:49,542.73
2022-03-31 07:26:54,542.67
2022-03-31 07:26:59,542.61
2022-03-31 07:27:04,542.54
2022-03-31 07:27:09,542.51
2022-03-31 07:27:14,542.45
2022-03-31 07:27:19,542.45
2022-03-31 07:27:24,542.38
2022-03-31 07:27:29,542.31
2022-03-31 07:27:34,542.25
2022-03-31 07:27:39,542.25
2022-03-31 07:27:44,542.21
2022-03-31 07:27:49,542.15
2022-03-31 07:27:54,542.09
2022-03-31 07:27:59,542.09
2022-03-31 07:28:04,542.02
2022-03-31 07:28:09,541.99
2022-03-31 07:28:14,541.99
2022-03-31 07:28:19,541.92
2022-03-31 07:28:24,541.86
2022-03-31 07:28:29,541.8
2022-03-31 07:28:34,541.73
2022-03-31 07:28:39,541.7
2022-03-31 07:28:44,541.7
2022-03-31 07:28:49,537.71
2022-03-31 07:28:54,541.57
2022-03-31 07:28:59,541.5
2022-03-31 07:29:04,541.47
2022-03-31 07:29:09,541.41
2022-03-31 07:29:14,541.34
2022-03-31 07:29:19,541.28
2022-03-31 07:29:24,541.21
2022-03-31 07:29:29,541.12
2022-03-31 07:29:34,541.12
2022-03-31 07:29:39,541.05
2022-03-31 07:29:44,541.05
2022-03-31 07:29:49,540.99
2022-03-31 07:29:54,540.96
2022-03-31 07:29:59,540.89
2022-03-31 07:30:04,540.83
2022-03-31 07:30:09,540.76
2022-03-31 07:30:14,540.7
2022-03-31 07:30:19,540.7
2022-03-31 07:30:24,540.6
2022-03-31 07:30:29,540.54
2022-03-31 07:30:34,540.54
2022-03-31 07:30:39,540.48
2022-03-31 07:30:44,540.44
2022-03-31 07:30:49,540.38
2022-03-31 07:30:54,540.25
2022-03-31 07:30:59,540.26
2022-03-31 07:31:04,540.19
2022-03-31 07:31:09,540.09
2022-03-31 07:31:14,540.09
2022-03-31 07:31:19,540.03
2022-03-31 07:31:24,539.97
2022-03-31 07:31:29,539.97
2022-03-31 07:31:34,539.93
2022-03-31 07:31:39,539.87
2022-03-31 07:31:44,539.87
2022-03-31 07:31:49,539.81
2022-03-31 07:31:54,539.81
2022-03-31 07:31:59,539.81
2022-03-31 07:32:04,539.74
2022-03-31 07:32:09,539.75
2022-03-31 07:32:14,539.75
2022-03-31 07:32:19,539.75
2022-03-31 07:32:24,539.75
2022-03-31 07:32:29,539.75
2022-03-31 07:32:34,539.75
2022-03-31 07:32:39,539.68
2022-03-31 07:32:44,539.75
2022-03-31 07:32:49,539.68
2022-03-31 07:32:54,539.68
2022-03-31 07:32:59,539.69
2022-03-31 07:33:04,539.69
2022-03-31 07:33:09,539.69
2022-03-31 07:33:14,539.75
2022-03-31 07:33:19,539.75
2022-03-31 07:33:24,539.75
2022-03-31 07:33:29,539.75
2022-03-31 07:33:34,539.75
2022-03-31 07:33:39,539.81
2022-03-31 07:33:44,539.81
2022-03-31 07:33:49,539.82
2022-03-31 07:33:54,539.88
2022-03-31 07:33:59,539.88
2022-03-31 07:34:04,539.94
2022-03-31 07:34:09,539.94
2022-03-31 07:34:14,540.04
2022-03-31 07:34:19,540.04
2022-03-31 07:34:24,540.1
2022-03-31 07:34:29,540.17
2022-03-31 07:34:34,540.2
2022-03-31 07:34:39,540.26
2022-03-31 07:34:44,540.33
2022-03-31 07:34:49,540.39
2022-03-31 07:34:54,540.46
2022-03-31 07:34:59,540.55
2022-03-31 07:35:04,540.61
2022-03-31 07:35:09,540.68
2022-03-31 07:35:14,540.71
2022-03-31 07:35:19,540.77
2022-03-31 07:35:24,540.9
2022-03-31 07:35:29,540.97
2022-03-31 07:35:34,541.06
2022-03-31 07:35:39,541.13
2022-03-31 07:35:44,541.19
2022-03-31 07:35:49,541.29
2022-03-31 07:35:54,541.35
2022-03-31 07:35:59,541.41
2022-03-31 07:36:04,541.51
2022-03-31 07:36:09,541.58
2022-03-31 07:36:14,541.7
2022-03-31 07:36:19,541.74
2022-03-31 07:36:24,541.87
2022-03-31 07:36:29,541.93
2022-03-31 07:36:34,542.0
2022-03-31 07:36:39,542.03
2022-03-31 07:36:44,542.16
2022-03-31 07:36:49,542.22
2022-03-31 07:36:54,542.25
2022-03-31 07:36:59,542.38
2022-03-31 07:37:04,542.45
2022-03-31 07:37:09,542.51
2022-03-31 07:37:14,542.6
2022-03-31 07:37:19,542.67
2022-03-31 07:37:24,542.73
2022-03-31 07:37:29,542.83
2022-03-31 07:37:34,542.89
2022-03-31 07:37:39,543.02
2022-03-31 07:37:44,543.05
2022-03-31 07:37:49,543.18
2022-03-31 07:37:54,543.27
2022-03-31 07:37:59,543.34
2022-03-31 07:38:04,543.47
2022-03-31 07:38:09,543.56
2022-03-31 07:38:14,543.63
2022-03-31 07:38:19,543.69
2022-03-31 07:38:24,543.79
2022-03-31 07:38:29,543.92
2022-03-31 07:38:34,544.05
2022-03-31 07:38:39,544.08
2022-03-31 07:38:44,544.15
2022-03-31 07:38:49,544.28
2022-03-31 07:38:54,544.37
2022-03-31 07:38:59,544.5
2022-03-31 07:39:04,544.5
2022-03-31 07:39:09,544.66
2022-03-31 07:39:14,544.73
2022-03-31 07:39:19,544.8
2022-03-31 07:39:24,544.89
2022-03-31 07:39:29,544.96
2022-03-31 07:39:34,545.09
2022-03-31 07:39:39,545.12
2022-03-31 07:39:44,545.18
2022-03-31 07:39:49,545.31
2022-03-31 07:39:54,545.34
2022-03-31 07:39:59,545.41
2022-03-31 07:40:04,545.54
2022-03-31 07:40:09,545.64
2022-03-31 07:40:14,545.7
2022-03-31 07:40:19,545.83
2022-03-31 07:40:24,545.86
2022-03-31 07:40:29,545.93
2022-03-31 07:40:34,546.06
2022-03-31 07:40:39,546.13
2022-03-31 07:40:44,546.22
2022-03-31 07:40:49,546.29
2022-03-31 07:40:54,546.35
2022-03-31 07:40:59,546.45
2022-03-31 07:41:04,546.51
2022-03-31 07:41:09,546.64
2022-03-31 07:41:14,546.68
2022-03-31 07:41:19,546.74
2022-03-31 07:41:24,546.87
2022-03-31 07:41:29,546.97
2022-03-31 07:41:34,547.09
2022-03-31 07:41:39,547.09
2022-03-31 07:41:44,547.19
2022-03-31 07:41:49,547.32
2022-03-31 07:41:54,547.38
2022-03-31 07:41:59,547.42
2022-03-31 07:42:04,547.55
2022-03-31 07:42:09,547.55
2022-03-31 07:42:14,547.68
2022-03-31 07:42:19,547.71
2022-03-31 07:42:24,547.77
2022-03-31 07:42:29,547.84
2022-03-31 07:42:34,547.84
2022-03-31 07:42:39,547.93
2022-03-31 07:42:44,548.0
2022-03-31 07:42:49,548.0
2022-03-31 07:42:54,548.06
2022-03-31 07:42:59,548.06
2022-03-31 07:43:04,548.07
2022-03-31 07:43:09,548.13
2022-03-31 07:43:14,548.13
2022-03-31 07:43:19,548.13
2022-03-31 07:43:24,548.13
2022-03-31 07:43:29,548.13
2022-03-31 07:43:34,548.13
2022-03-31 07:43:39,548.13
2022-03-31 07:43:44,548.06
2022-03-31 07:43:49,548.0
2022-03-31 07:43:54,548.0
2022-03-31 07:43:59,547.93
2022-03-31 07:44:04,547.9
2022-03-31 07:44:09,547.77
2022-03-31 07:44:14,547.71
2022-03-31 07:44:19,547.68
2022-03-31 07:44:24,547.61
2022-03-31 07:44:29,547.55
2022-03-31 07:44:34,547.42
2022-03-31 07:44:39,547.32
2022-03-31 07:44:44,547.19
2022-03-31 07:44:49,547.16
2022-03-31 07:44:54,547.03
2022-03-31 07:44:59,546.9
2022-03-31 07:45:04,546.87
2022-03-31 07:45:09,546.68
2022-03-31 07:45:14,546.64
2022-03-31 07:45:19,546.45
2022-03-31 07:45:24,546.29
2022-03-31 07:45:29,546.16
2022-03-31 07:45:34,546.0
2022-03-31 07:45:39,545.93
2022-03-31 07:45:44,545.71
2022-03-31 07:45:49,545.61
2022-03-31 07:45:54,545.48
2022-03-31 07:45:59,545.35
2022-03-31 07:46:04,545.19
2022-03-31 07:46:09,545.03
2022-03-31 07:46:14,544.9
2022-03-31 07:46:19,544.74
2022-03-31 07:46:24,544.58
2022-03-31 07:46:29,537.71
2022-03-31 07:46:34,544.29
2022-03-31 07:46:39,544.1
2022-03-31 07:46:44,543.94
2022-03-31 07:46:49,543.8
2022-03-31 07:46:54,543.65
2022-03-31 07:46:59,543.48
2022-03-31 07:47:04,543.29
2022-03-31 07:47:09,543.13
2022-03-31 07:47:14,542.97
2022-03-31 07:47:19,542.78
2022-03-31 07:47:24,542.62
2022-03-31 07:47:29,542.45
2022-03-31 07:47:34,542.26
2022-03-31 07:47:39,542.17
2022-03-31 07:47:44,542.01
2022-03-31 07:47:49,541.81
2022-03-31 07:47:54,541.65
2022-03-31 07:47:59,541.49
2022-03-31 07:48:04,541.3
2022-03-31 07:48:09,541.14
2022-03-31 07:48:14,541.01
2022-03-31 07:48:19,540.85
2022-03-31 07:48:24,540.69
2022-03-31 07:48:29,540.56
2022-03-31 07:48:34,540.4
2022-03-31 07:48:39,540.21
2022-03-31 07:48:44,540.05
2022-03-31 07:48:49,539.89
2022-03-31 07:48:54,539.69
2022-03-31 07:48:59,539.6
2022-03-31 07:49:04,539.44
2022-03-31 07:49:09,539.25
2022-03-31 07:49:14,539.09
2022-03-31 07:49:19,539.02
2022-03-31 07:49:24,538.93
2022-03-31 07:49:29,538.73
2022-03-31 07:49:34,538.57
2022-03-31 07:49:39,538.51
2022-03-31 07:49:44,538.35
2022-03-31 07:49:49,538.16
2022-03-31 07:49:54,538.06
2022-03-31 07:49:59,537.9
2022-03-31 07:50:04,537.84
2022-03-31 07:50:09,537.71
2022-03-31 07:50:14,537.62
2022-03-31 07:50:19,537.49
2022-03-31 07:50:24,537.33
2022-03-31 07:50:29,537.26
2022-03-31 07:50:34,537.1
2022-03-31 07:50:39,536.97
2022-03-31 07:50:44,536.88
2022-03-31 07:50:49,536.75
2022-03-31 07:50:54,536.62
2022-03-31 07:50:59,536.59
2022-03-31 07:51:04,536.46
2022-03-31 07:51:09,536.37
2022-03-31 07:51:14,536.24
2022-03-31 07:51:19,536.18
2022-03-31 07:51:24,536.08
2022-03-31 07:51:29,536.01
2022-03-31 07:51:34,535.89
2022-03-31 07:51:39,535.79
2022-03-31 07:51:44,535.73
2022-03-31 07:51:49,535.66
2022-03-31 07:51:54,535.6
2022-03-31 07:51:59,535.5
2022-03-31 07:52:04,535.44
2022-03-31 07:52:09,535.37
2022-03-31 07:52:14,535.28
2022-03-31 07:52:19,535.21
2022-03-31 07:52:24,535.15
2022-03-31 07:52:29,535.05
2022-03-31 07:52:34,535.05
2022-03-31 07:52:39,534.86
2022-03-31 07:52:44,534.86
2022-03-31 07:52:49,534.77
2022-03-31 07:52:54,534.7
2022-03-31 07:52:59,534.64
2022-03-31 07:53:04,534.57
2022-03-31 07:53:09,534.54
2022-03-31 07:53:14,534.48
2022-03-31 07:53:19,534.41
2022-03-31 07:53:24,534.31
2022-03-31 07:53:29,534.25
2022-03-31 07:53:34,534.19
2022-03-31 07:53:39,534.19
2022-03-31 07:53:44,534.06
2022-03-31 07:53:49,534.02
2022-03-31 07:53:54,533.96
2022-03-31 07:53:59,533.9
2022-03-31 07:54:04,533.83
2022-03-31 07:54:09,533.8
2022-03-31 07:54:14,533.8
2022-03-31 07:54:19,533.67
2022-03-31 07:54:24,533.61
2022-03-31 07:54:29,533.61
2022-03-31 07:54:34,533.61
2022-03-31 07:54:39,533.54
2022-03-31 07:54:44,533.51
2022-03-31 07:54:49,533.45
2022-03-31 07:54:54,533.38
2022-03-31 07:54:59,533.38
2022-03-31 07:55:04,533.32
2022-03-31 07:55:09,533.28
2022-03-31 07:55:14,533.22
2022-03-31 07:55:19,533.22
2022-03-31 07:55:24,533.16
2022-03-31 07:55:29,537.71
2022-03-31 07:55:34,533.09
2022-03-31 07:55:39,533.09
2022-03-31 07:55:44,533.09
2022-03-31 07:55:49,533.09
2022-03-31 07:55:54,533.02
2022-03-31 07:55:59,533.03
2022-03-31 07:56:04,533.03
2022-03-31 07:56:09,532.99
2022-03-31 07:56:14,532.99
2022-03-31 07:56:19,532.99
2022-03-31 07:56:24,532.99
2022-03-31 07:56:29,532.99
2022-03-31 07:56:34,533.0
2022-03-31 07:56:39,532.93
2022-03-31 07:56:44,532.93
2022-03-31 07:56:49,532.93
2022-03-31 07:56:54,532.94
2022-03-31 07:56:59,532.93
2022-03-31 07:57:04,532.94
2022-03-31 07:57:09,532.94
2022-03-31 07:57:14,532.94
2022-03-31 07:57:19,532.94
2022-03-31 07:57:24,532.94
2022-03-31 07:57:29,532.94
2022-03-31 07:57:34,532.94
2022-03-31 07:57:39,532.94
2022-03-31 07:57:44,532.94
2022-03-31 07:57:49,532.94
2022-03-31 07:57:54,532.94
2022-03-31 07:57:59,533.01
2022-03-31 07:58:04,533.01
2022-03-31 07:58:09,533.01
2022-03-31 07:58:14,533.01
2022-03-31 07:58:19,533.01
2022-03-31 07:58:24,533.01
2022-03-31 07:58:29,533.04
2022-03-31 07:58:34,533.04
2022-03-31 07:58:39,533.04
2022-03-31 07:58:44,533.11
2022-03-31 07:58:49,533.11
2022-03-31 07:58:54,533.17
2022-03-31 07:58:59,533.24
2022-03-31 07:59:04,533.24
2022-03-31 07:59:09,533.31
2022-03-31 07:59:14,533.3
2022-03-31 07:59:19,533.31
2022-03-31 07:59:24,533.34
2022-03-31 07:59:29,533.4
2022-03-31 07:59:34,533.4
2022-03-31 07:59:39,533.47
2022-03-31 07:59:44,533.47
2022-03-31 07:59:49,533.53
2022-03-31 07:59:54,533.57
2022-03-31 07:59:59,533.57
2022-03-31 08:00:04,533.63
2022-03-31 08:00:09,533.63
2022-03-31 08:00:14,533.63
2022-03-31 08:00:19,533.69
2022-03-31 08:00:24,533.69
2022-03-31 08:00:29,533.76
2022-03-31 08:00:34,533.76
2022-03-31 08:00:39,533.76
2022-03-31 08:00:44,533.83
2022-03-31 08:00:49,533.86
2022-03-31 08:00:54,533.92
2022-03-31 08:00:59,533.92
2022-03-31 08:01:04,533.99
2022-03-31 08:01:09,534.05
2022-03-31 08:01:14,534.05
2022-03-31 08:01:19,534.08
2022-03-31 08:01:24,534.08
2022-03-31 08:01:29,534.15
2022-03-31 08:01:34,534.28
2022-03-31 08:01:39,534.28
2022-03-31 08:01:44,534.34
2022-03-31 08:01:49,534.37
2022-03-31 08:01:54,534.44
2022-03-31 08:01:59,534.5
2022-03-31 08:02:04,534.5
2022-03-31 08:02:09,534.57
2022-03-31 08:02:14,534.66
2022-03-31 08:02:19,534.66
2022-03-31 08:02:24,534.73
2022-03-31 08:02:29,534.86
2022-03-31 08:02:34,534.89
2022-03-31 08:02:39,534.95
2022-03-31 08:02:44,535.08
2022-03-31 08:02:49,535.11
2022-03-31 08:02:54,535.18
2022-03-31 08:02:59,535.3
2022-03-31 08:03:04,535.4
2022-03-31 08:03:09,535.53
2022-03-31 08:03:14,535.62
2022-03-31 08:03:19,535.76
2022-03-31 08:03:24,535.91
2022-03-31 08:03:29,536.05
2022-03-31 08:03:34,536.21
2022-03-31 08:03:39,536.27
2022-03-31 08:03:44,536.43
2022-03-31 08:03:49,536.56
2022-03-31 08:03:54,536.72
2022-03-31 08:03:59,536.85
2022-03-31 08:04:04,537.07
2022-03-31 08:04:09,537.17
2022-03-31 08:04:14,537.36
2022-03-31 08:04:19,537.46
2022-03-31 08:04:24,537.68
2022-03-31 08:04:29,537.88
2022-03-31 08:04:34,537.97
2022-03-31 08:04:39,538.19
2022-03-31 08:04:44,538.32
2022-03-31 08:04:49,538.48
2022-03-31 08:04:54,538.68
2022-03-31 08:04:59,538.84
2022-03-31 08:05:04,539.06
2022-03-31 08:05:09,539.19
2022-03-31 08:05:14,539.42
2022-03-31 08:05:19,539.51
2022-03-31 08:05:24,539.71
2022-03-31 08:05:29,539.8
2022-03-31 08:05:34,540.03
2022-03-31 08:05:39,540.16
2022-03-31 08:05:44,540.32
2022-03-31 08:05:49,540.52
2022-03-31 08:05:54,540.68
2022-03-31 08:05:59,540.77
2022-03-31 08:06:04,540.9
2022-03-31 08:06:09,541.03
2022-03-31 08:06:14,541.13
2022-03-31 08:06:19,541.29
2022-03-31 08:06:24,541.42
2022-03-31 08:06:29,541.55
2022-03-31 08:06:34,541.65
2022-03-31 08:06:39,541.78
2022-03-31 08:06:44,541.87
2022-03-31 08:06:49,541.94
2022-03-31 08:06:54,537.71
2022-03-31 08:06:59,542.1
2022-03-31 08:07:04,542.17
2022-03-31 08:07:09,542.29
2022-03-31 08:07:14,542.33
2022-03-31 08:07:19,542.39
2022-03-31 08:07:24,542.46
2022-03-31 08:07:29,542.52
2022-03-31 08:07:34,542.59
2022-03-31 08:07:39,542.59
2022-03-31 08:07:44,542.59
2022-03-31 08:07:49,542.62
2022-03-31 08:07:54,542.62
2022-03-31 08:07:59,542.62
2022-03-31 08:08:04,542.59
2022-03-31 08:08:09,542.62
2022-03-31 08:08:14,542.59
2022-03-31 08:08:19,542.59
2022-03-31 08:08:24,542.53
2022-03-31 08:08:29,542.46
2022-03-31 08:08:34,542.46
2022-03-31 08:08:39,542.4
2022-03-31 08:08:44,542.33
2022-03-31 08:08:49,542.3
2022-03-31 08:08:54,542.3
2022-03-31 08:08:59,542.24
2022-03-31 08:09:04,542.17
2022-03-31 08:09:09,542.08
2022-03-31 08:09:14,542.01
2022-03-31 08:09:19,541.95
2022-03-31 08:09:24,541.82
2022-03-31 08:09:29,541.79
2022-03-31 08:09:34,541.72
2022-03-31 08:09:39,541.66
2022-03-31 08:09:44,541.59
2022-03-31 08:09:49,541.5
2022-03-31 08:09:54,541.37
2022-03-31 08:09:59,541.3
2022-03-31 08:10:04,541.21
2022-03-31 08:10:09,541.21
2022-03-31 08:10:14,541.05
2022-03-31 08:10:19,540.92
2022-03-31 08:10:24,540.85
2022-03-31 08:10:29,540.79
2022-03-31 08:10:34,540.69
2022-03-31 08:10:39,540.56
2022-03-31 08:10:44,540.47
2022-03-31 08:10:49,540.4
2022-03-31 08:10:54,540.27
2022-03-31 08:10:59,540.24
2022-03-31 08:11:04,540.11
2022-03-31 08:11:09,540.01
2022-03-31 08:11:14,539.88
2022-03-31 08:11:19,539.82
2022-03-31 08:11:24,539.72
2022-03-31 08:11:29,539.59
2022-03-31 08:11:34,539.49
2022-03-31 08:11:39,539.37
2022-03-31 08:11:44,539.2
2022-03-31 08:11:49,539.14
2022-03-31 08:11:54,539.01
2022-03-31 08:11:59,538.85
2022-03-31 08:12:04,538.72
2022-03-31 08:12:09,538.62
2022-03-31 08:12:14,538.49
2022-03-31 08:12:19,538.4
2022-03-31 08:12:24,538.27
2022-03-31 08:12:29,538.17
2022-03-31 08:12:34,538.04
2022-03-31 08:12:39,537.94
2022-03-31 08:12:44,537.81
2022-03-31 08:12:49,537.68
2022-03-31 08:12:54,537.59
2022-03-31 08:12:59,537.46
2022-03-31 08:13:04,537.36
2022-03-31 08:13:09,537.23
2022-03-31 08:13:14,537.07
2022-03-31 08:13:19,537.01
2022-03-31 08:13:24,536.91
2022-03-31 08:13:29,536.78
2022-03-31 08:13:34,536.65
2022-03-31 08:13:39,536.55
2022-03-31 08:13:44,536.42
2022-03-31 08:13:49,536.33
2022-03-31 08:13:54,536.26
2022-03-31 08:13:59,536.14
2022-03-31 08:14:04,536.1
2022-03-31 08:14:09,535.91
2022-03-31 08:14:14,535.88
2022-03-31 08:14:19,535.75
2022-03-31 08:14:24,535.62
2022-03-31 08:14:29,535.52
2022-03-31 08:14:34,535.46
2022-03-31 08:14:39,535.36
2022-03-31 08:14:44,535.23
2022-03-31 08:14:49,535.11
2022-03-31 08:14:54,535.07
2022-03-31 08:14:59,534.95
2022-03-31 08:15:04,534.85
2022-03-31 08:15:09,534.72
2022-03-31 08:15:14,534.66
2022-03-31 08:15:19,534.56
2022-03-31 08:15:24,534.49
2022-03-31 08:15:29,534.37
2022-03-31 08:15:34,534.27
2022-03-31 08:15:39,534.21
2022-03-31 08:15:44,534.08
2022-03-31 08:15:49,534.05
2022-03-31 08:15:54,533.92
2022-03-31 08:15:59,533.86
2022-03-31 08:16:04,533.76
2022-03-31 08:16:09,533.69
2022-03-31 08:16:14,533.57
2022-03-31 08:16:19,533.54
2022-03-31 08:16:24,533.47
2022-03-31 08:16:29,533.41
2022-03-31 08:16:34,533.31
2022-03-31 08:16:39,533.18
2022-03-31 08:16:44,533.12
2022-03-31 08:16:49,533.02
2022-03-31 08:16:54,532.96
2022-03-31 08:16:59,532.9
2022-03-31 08:17:04,532.8
2022-03-31 08:17:09,532.67
2022-03-31 08:17:14,532.6
2022-03-31 08:17:19,532.51
2022-03-31 08:17:24,532.45
2022-03-31 08:17:29,532.38
2022-03-31 08:17:34,532.32
2022-03-31 08:17:39,532.29
2022-03-31 08:17:44,532.22
2022-03-31 08:17:49,532.16
2022-03-31 08:17:54,532.03
2022-03-31 08:17:59,532.03
2022-03-31 08:18:04,532.0
2022-03-31 08:18:09,531.87
2022-03-31 08:18:14,531.87
2022-03-31 08:18:19,531.8
2022-03-31 08:18:24,531.77
2022-03-31 08:18:29,531.7
2022-03-31 08:18:34,531.64
2022-03-31 08:18:39,531.64
2022-03-31 08:18:44,531.51
2022-03-31 08:18:49,531.48
2022-03-31 08:18:54,531.48
2022-03-31 08:18:59,531.48
2022-03-31 08:19:04,531.41
2022-03-31 08:19:09,531.35
2022-03-31 08:19:14,531.29
2022-03-31 08:19:19,531.29
2022-03-31 08:19:24,531.19
2022-03-31 08:19:29,531.19
2022-03-31 08:19:34,531.13
2022-03-31 08:19:39,531.13
2022-03-31 08:19:44,531.06
2022-03-31 08:19:49,531.06
2022-03-31 08:19:54,530.99
2022-03-31 08:19:59,530.99
2022-03-31 08:20:04,531.0
2022-03-31 08:20:09,530.96
2022-03-31 08:20:14,530.9
2022-03-31 08:20:19,530.83
2022-03-31 08:20:24,530.83
2022-03-31 08:20:29,530.77
2022-03-31 08:20:34,530.77
2022-03-31 08:20:39,530.73
2022-03-31 08:20:44,530.73
2022-03-31 08:20:49,530.67
2022-03-31 08:20:54,530.67
2022-03-31 08:20:59,530.61
2022-03-31 08:21:04,530.54
2022-03-31 08:21:09,530.47
2022-03-31 08:21:14,530.47
2022-03-31 08:21:19,530.44
2022-03-31 08:21:24,530.38
2022-03-31 08:21:29,530.38
2022-03-31 08:21:34,530.38
2022-03-31 08:21:39,530.31
2022-03-31 08:21:44,530.24
2022-03-31 08:21:49,530.21
2022-03-31 08:21:54,530.21
2022-03-31 08:21:59,530.21
2022-03-31 08:22:04,530.15
2022-03-31 08:22:09,530.08
2022-03-31 08:22:14,530.14
2022-03-31 08:22:19,530.08
2022-03-31 08:22:24,530.01
2022-03-31 08:22:29,530.01
2022-03-31 08:22:34,529.94
2022-03-31 08:22:39,529.91
2022-03-31 08:22:44,529.91
2022-03-31 08:22:49,529.85
2022-03-31 08:22:54,529.85
2022-03-31 08:22:59,529.85
2022-03-31 08:23:04,529.79
2022-03-31 08:23:09,529.79
2022-03-31 08:23:14,529.79
2022-03-31 08:23:19,529.72
2022-03-31 08:23:24,529.79
2022-03-31 08:23:29,529.72
2022-03-31 08:23:34,529.79
2022-03-31 08:23:39,529.72
2022-03-31 08:23:44,529.79
2022-03-31 08:23:49,529.72
2022-03-31 08:23:54,529.72
2022-03-31 08:23:59,529.72
2022-03-31 08:24:04,529.79
2022-03-31 08:24:09,529.72
2022-03-31 08:24:14,529.72
2022-03-31 08:24:19,529.79
2022-03-31 08:24:24,529.79
2022-03-31 08:24:29,529.79
2022-03-31 08:24:34,529.73
2022-03-31 08:24:39,529.79
2022-03-31 08:24:44,529.73
2022-03-31 08:24:49,529.79
2022-03-31 08:24:54,529.79
2022-03-31 08:24:59,529.86
2022-03-31 08:25:04,529.86
2022-03-31 08:25:09,529.8
2022-03-31 08:25:14,529.86
2022-03-31 08:25:19,529.86
2022-03-31 08:25:24,529.86
2022-03-31 08:25:29,529.92
2022-03-31 08:25:34,529.93
2022-03-31 08:25:39,529.96
2022-03-31 08:25:44,530.02
2022-03-31 08:25:49,530.02
2022-03-31 08:25:54,530.02
2022-03-31 08:25:59,530.03
2022-03-31 08:26:04,530.09
2022-03-31 08:26:09,530.16
2022-03-31 08:26:14,530.22
2022-03-31 08:26:19,530.22
2022-03-31 08:26:24,530.22
2022-03-31 08:26:29,530.32
2022-03-31 08:26:34,530.32
2022-03-31 08:26:39,530.38
2022-03-31 08:26:44,530.38
2022-03-31 08:26:49,530.45
2022-03-31 08:26:54,530.48
2022-03-31 08:26:59,530.48
2022-03-31 08:27:04,530.54
2022-03-31 08:27:09,530.61
2022-03-31 08:27:14,530.61
2022-03-31 08:27:19,530.61
2022-03-31 08:27:24,530.74
2022-03-31 08:27:29,530.74
2022-03-31 08:27:34,530.77
2022-03-31 08:27:39,530.83
2022-03-31 08:27:44,530.83
2022-03-31 08:27:49,530.89
2022-03-31 08:27:54,530.96
2022-03-31 08:27:59,530.99
2022-03-31 08:28:04,530.99
2022-03-31 08:28:09,531.12
2022-03-31 08:28:14,531.12
2022-03-31 08:28:19,531.18
2022-03-31 08:28:24,531.18
2022-03-31 08:28:29,531.28
2022-03-31 08:28:34,531.28
2022-03-31 08:28:39,531.34
2022-03-31 08:28:44,531.41
2022-03-31 08:28:49,531.47
2022-03-31 08:28:54,531.47
2022-03-31 08:28:59,531.5
2022-03-31 08:29:04,531.57
2022-03-31 08:29:09,531.57
2022-03-31 08:29:14,531.63
2022-03-31 08:29:19,531.7
2022-03-31 08:29:24,531.76
2022-03-31 08:29:29,531.76
2022-03-31 08:29:34,531.79
2022-03-31 08:29:39,531.79
2022-03-31 08:29:44,531.85
2022-03-31 08:29:49,531.92
2022-03-31 08:29:54,531.92
2022-03-31 08:29:59,531.98
2022-03-31 08:30:04,531.98
2022-03-31 08:30:09,532.01
2022-03-31 08:30:14,532.08
2022-03-31 08:30:19,532.08
2022-03-31 08:30:24,532.08
2022-03-31 08:30:29,532.14
2022-03-31 08:30:34,532.14
2022-03-31 08:30:39,532.2
2022-03-31 08:30:44,532.2
2022-03-31 08:30:49,532.27
2022-03-31 08:30:54,532.27
2022-03-31 08:30:59,532.3
2022-03-31 08:31:04,532.3
2022-03-31 08:31:09,532.3
2022-03-31 08:31:14,532.36
2022-03-31 08:31:19,532.36
2022-03-31 08:31:24,532.36
2022-03-31 08:31:29,532.36
2022-03-31 08:31:34,532.36
2022-03-31 08:31:39,532.42
2022-03-31 08:31:44,532.48
2022-03-31 08:31:49,532.42
2022-03-31 08:31:54,532.48
2022-03-31 08:31:59,532.48
2022-03-31 08:32:04,532.48
2022-03-31 08:32:09,532.48
2022-03-31 08:32:14,532.52
2022-03-31 08:32:19,532.52
2022-03-31 08:32:24,532.52
2022-03-31 08:32:29,532.52
2022-03-31 08:32:34,532.58
2022-03-31 08:32:39,532.58
2022-03-31 08:32:44,532.65
2022-03-31 08:32:49,532.65
2022-03-31 08:32:54,532.71
2022-03-31 08:32:59,532.65
2022-03-31 08:33:04,532.71
2022-03-31 08:33:09,532.71
2022-03-31 08:33:14,532.78
2022-03-31 08:33:19,532.81
2022-03-31 08:33:24,532.81
2022-03-31 08:33:29,532.81
2022-03-31 08:33:34,532.81
2022-03-31 08:33:39,532.88
2022-03-31 08:33:44,532.94
2022-03-31 08:33:49,532.94
2022-03-31 08:33:54,532.94
2022-03-31 08:33:59,532.94
2022-03-31 08:34:04,533.04
2022-03-31 08:34:09,533.04
2022-03-31 08:34:14,533.04
2022-03-31 08:34:19,533.04
2022-03-31 08:34:24,533.04
2022-03-31 08:34:29,533.11
2022-03-31 08:34:34,533.11
2022-03-31 08:34:39,533.11
2022-03-31 08:34:44,533.17
2022-03-31 08:34:49,533.17
2022-03-31 08:34:54,533.17
2022-03-31 08:34:59,533.17
2022-03-31 08:35:04,533.24
2022-03-31 08:35:09,533.24
2022-03-31 08:35:14,533.24
2022-03-31 08:35:19,533.24
2022-03-31 08:35:24,533.3
2022-03-31 08:35:29,533.3
2022-03-31 08:35:34,533.3
2022-03-31 08:35:39,533.3
2022-03-31 08:35:44,533.3
2022-03-31 08:35:49,533.3
2022-03-31 08:35:54,533.3
2022-03-31 08:35:59,533.3
2022-03-31 08:36:04,533.3
2022-03-31 08:36:09,533.3
2022-03-31 08:36:14,533.3
2022-03-31 08:36:19,533.34
2022-03-31 08:36:24,533.34
2022-03-31 08:36:29,533.34
2022-03-31 08:36:34,533.34
2022-03-31 08:36:39,533.34
2022-03-31 08:36:44,533.34
2022-03-31 08:36:49,533.4
2022-03-31 08:36:54,533.4
2022-03-31 08:36:59,533.4
2022-03-31 08:37:04,533.4
2022-03-31 08:37:09,533.4
2022-03-31 08:37:14,533.4
2022-03-31 08:37:19,533.34
2022-03-31 08:37:24,533.4
2022-03-31 08:37:29,533.34
2022-03-31 08:37:34,533.34
2022-03-31 08:37:39,533.34
2022-03-31 08:37:44,533.34
2022-03-31 08:37:49,533.33
2022-03-31 08:37:54,533.33
2022-03-31 08:37:59,533.34
2022-03-31 08:38:04,533.3
2022-03-31 08:38:09,533.3
2022-03-31 08:38:14,533.3
2022-03-31 08:38:19,533.3
2022-03-31 08:38:24,533.3
2022-03-31 08:38:29,533.3
2022-03-31 08:38:34,533.3
2022-03-31 08:38:39,533.3
2022-03-31 08:38:44,533.23
2022-03-31 08:38:49,533.23
2022-03-31 08:38:54,533.23
2022-03-31 08:38:59,533.23
2022-03-31 08:39:04,533.17
2022-03-31 08:39:09,533.23
2022-03-31 08:39:14,533.17
2022-03-31 08:39:19,533.17
2022-03-31 08:39:24,533.17
2022-03-31 08:39:29,533.17
2022-03-31 08:39:34,533.16
2022-03-31 08:39:39,533.23
2022-03-31 08:39:44,533.1
2022-03-31 08:39:49,533.16
2022-03-31 08:39:54,533.16
2022-03-31 08:39:59,533.16
2022-03-31 08:40:04,533.16
2022-03-31 08:40:09,533.16
2022-03-31 08:40:14,533.16
2022-03-31 08:40:19,533.16
2022-03-31 08:40:24,533.16
2022-03-31 08:40:29,533.16
2022-03-31 08:40:34,533.23
2022-03-31 08:40:39,533.16
2022-03-31 08:40:44,533.23
2022-03-31 08:40:49,533.23
2022-03-31 08:40:54,533.23
2022-03-31 08:40:59,533.23
2022-03-31 08:41:04,533.23
2022-03-31 08:41:09,533.23
2022-03-31 08:41:14,533.29
2022-03-31 08:41:19,533.29
2022-03-31 08:41:24,533.23
2022-03-31 08:41:29,533.29
2022-03-31 08:41:34,533.29
2022-03-31 08:41:39,533.29
2022-03-31 08:41:44,533.33
2022-03-31 08:41:49,533.33
2022-03-31 08:41:54,533.33
2022-03-31 08:41:59,533.33
2022-03-31 08:42:04,533.33
2022-03-31 08:42:09,533.33
2022-03-31 08:42:14,533.33
2022-03-31 08:42:19,533.46
2022-03-31 08:42:24,533.46
2022-03-31 08:42:29,533.46
2022-03-31 08:42:34,533.46
2022-03-31 08:42:39,533.53
2022-03-31 08:42:44,533.56
2022-03-31 08:42:49,533.56
2022-03-31 08:42:54,533.62
2022-03-31 08:42:59,533.62
2022-03-31 08:43:04,533.63
2022-03-31 08:43:09,533.69
2022-03-31 08:43:14,533.69
2022-03-31 08:43:19,533.76
2022-03-31 08:43:24,533.76
2022-03-31 08:43:29,533.76
2022-03-31 08:43:34,533.83
2022-03-31 08:43:39,533.83
2022-03-31 08:43:44,533.83
2022-03-31 08:43:49,533.83
2022-03-31 08:43:54,533.93
2022-03-31 08:43:59,533.86
2022-03-31 08:44:04,533.99
2022-03-31 08:44:09,533.99
2022-03-31 08:44:14,534.06
2022-03-31 08:44:19,534.06
2022-03-31 08:44:24,534.09
2022-03-31 08:44:29,534.09
2022-03-31 08:44:34,534.16
2022-03-31 08:44:39,534.16
2022-03-31 08:44:44,534.16
2022-03-31 08:44:49,534.22
2022-03-31 08:44:54,534.28
2022-03-31 08:44:59,534.29
2022-03-31 08:45:04,534.35
2022-03-31 08:45:09,534.38
2022-03-31 08:45:14,534.38
2022-03-31 08:45:19,534.51
2022-03-31 08:45:24,534.51
2022-03-31 08:45:29,534.58
2022-03-31 08:45:34,534.58
2022-03-31 08:45:39,534.61
2022-03-31 08:45:44,534.67
2022-03-31 08:45:49,534.67
2022-03-31 08:45:54,534.74
2022-03-31 08:45:59,534.8
2022-03-31 08:46:04,534.81
2022-03-31 08:46:09,534.81
2022-03-31 08:46:14,534.9
2022-03-31 08:46:19,534.9
2022-03-31 08:46:24,534.9
2022-03-31 08:46:29,534.9
2022-03-31 08:46:34,534.96
2022-03-31 08:46:39,534.96
2022-03-31 08:46:44,535.03
2022-03-31 08:46:49,535.03
2022-03-31 08:46:54,535.09
2022-03-31 08:46:59,535.03
2022-03-31 08:47:04,535.09
2022-03-31 08:47:09,535.09
2022-03-31 08:47:14,535.09
2022-03-31 08:47:19,535.12
2022-03-31 08:47:24,535.12
2022-03-31 08:47:29,535.19
2022-03-31 08:47:34,535.19
2022-03-31 08:47:39,535.19
2022-03-31 08:47:44,535.19
2022-03-31 08:47:49,535.25
2022-03-31 08:47:54,535.19
2022-03-31 08:47:59,535.25
2022-03-31 08:48:04,535.25
2022-03-31 08:48:09,535.25
2022-03-31 08:48:14,535.25
2022-03-31 08:48:19,535.31
2022-03-31 08:48:24,535.32
2022-03-31 08:48:29,535.25
2022-03-31 08:48:34,535.31
2022-03-31 08:48:39,535.31
2022-03-31 08:48:44,535.25
2022-03-31 08:48:49,535.31
2022-03-31 08:48:54,535.31
2022-03-31 08:48:59,535.31
2022-03-31 08:49:04,535.31
2022-03-31 08:49:09,535.31
2022-03-31 08:49:14,535.38
2022-03-31 08:49:19,535.38
2022-03-31 08:49:24,535.41
2022-03-31 08:49:29,535.38
2022-03-31 08:49:34,535.38
2022-03-31 08:49:39,535.38
2022-03-31 08:49:44,535.41
2022-03-31 08:49:49,535.41
2022-03-31 08:49:54,535.38
2022-03-31 08:49:59,535.41
2022-03-31 08:50:04,535.41
2022-03-31 08:50:09,535.41
2022-03-31 08:50:14,535.41
2022-03-31 08:50:19,535.41
2022-03-31 08:50:24,535.48
2022-03-31 08:50:29,535.48
2022-03-31 08:50:34,535.48
2022-03-31 08:50:39,535.54
2022-03-31 08:50:44,535.54
2022-03-31 08:50:49,535.61
2022-03-31 08:50:54,535.61
2022-03-31 08:50:59,535.64
2022-03-31 08:51:04,535.71
2022-03-31 08:51:09,535.71
2022-03-31 08:51:14,535.71
2022-03-31 08:51:19,535.77
2022-03-31 08:51:24,535.84
2022-03-31 08:51:29,535.84
2022-03-31 08:51:34,535.91
2022-03-31 08:51:39,535.94
2022-03-31 08:51:44,536.0
2022-03-31 08:51:49,536.07
2022-03-31 08:51:54,536.07
2022-03-31 08:51:59,536.14
2022-03-31 08:52:04,536.14
2022-03-31 08:52:09,536.17
2022-03-31 08:52:14,536.23
2022-03-31 08:52:19,536.3
2022-03-31 08:52:24,536.3
2022-03-31 08:52:29,536.37
2022-03-31 08:52:34,536.36
2022-03-31 08:52:39,536.43
2022-03-31 08:52:44,536.43
2022-03-31 08:52:49,536.46
2022-03-31 08:52:54,536.53
2022-03-31 08:52:59,536.53
2022-03-31 08:53:04,536.66
2022-03-31 08:53:09,536.66
2022-03-31 08:53:14,536.69
2022-03-31 08:53:19,536.76
2022-03-31 08:53:24,536.76
2022-03-31 08:53:29,536.82
2022-03-31 08:53:34,536.82
2022-03-31 08:53:39,536.89
2022-03-31 08:53:44,536.95
2022-03-31 08:53:49,536.95
2022-03-31 08:53:54,536.99
2022-03-31 08:53:59,536.99
2022-03-31 08:54:04,537.05
2022-03-31 08:54:09,537.12
2022-03-31 08:54:14,537.12
2022-03-31 08:54:19,537.11
2022-03-31 08:54:24,537.18
2022-03-31 08:54:29,537.18
2022-03-31 08:54:34,537.21
2022-03-31 08:54:39,537.18
2022-03-31 08:54:44,537.21
2022-03-31 08:54:49,537.21
2022-03-31 08:54:54,537.22
2022-03-31 08:54:59,537.28
2022-03-31 08:55:04,537.28
2022-03-31 08:55:09,537.28
2022-03-31 08:55:14,537.28
2022-03-31 08:55:19,537.28
2022-03-31 08:55:24,537.28
2022-03-31 08:55:29,537.28
2022-03-31 08:55:34,537.28
2022-03-31 08:55:39,537.28
2022-03-31 08:55:44,537.28
2022-03-31 08:55:49,537.28
2022-03-31 08:55:54,537.28
2022-03-31 08:55:59,537.21
2022-03-31 08:56:04,537.28
2022-03-31 08:56:09,537.28
2022-03-31 08:56:14,537.21
2022-03-31 08:56:19,537.18
2022-03-31 08:56:24,537.18
2022-03-31 08:56:29,537.18
2022-03-31 08:56:34,537.12
2022-03-31 08:56:39,537.05
2022-03-31 08:56:44,537.05
2022-03-31 08:56:49,537.05
2022-03-31 08:56:54,537.05
2022-03-31 08:56:59,537.05
2022-03-31 08:57:04,537.05
2022-03-31 08:57:09,537.05
2022-03-31 08:57:14,536.98
2022-03-31 08:57:19,536.98
2022-03-31 08:57:24,536.98
2022-03-31 08:57:29,536.98
2022-03-31 08:57:34,536.95
2022-03-31 08:57:39,536.95
2022-03-31 08:57:44,536.95
2022-03-31 08:57:49,536.95
2022-03-31 08:57:54,536.95
2022-03-31 08:57:59,536.95
2022-03-31 08:58:04,536.95
2022-03-31 08:58:09,536.98
2022-03-31 08:58:14,536.95
2022-03-31 08:58:19,536.98
2022-03-31 08:58:24,536.98
2022-03-31 08:58:29,536.95
2022-03-31 08:58:34,536.95
2022-03-31 08:58:39,536.98
2022-03-31 08:58:44,536.98
2022-03-31 08:58:49,536.98
2022-03-31 08:58:54,536.98
2022-03-31 08:58:59,537.05
2022-03-31 08:59:04,536.98
2022-03-31 08:59:09,537.05
2022-03-31 08:59:14,537.05
2022-03-31 08:59:19,537.05
2022-03-31 08:59:24,537.05
2022-03-31 08:59:29,537.05
2022-03-31 08:59:34,537.05
2022-03-31 08:59:39,537.05
2022-03-31 08:59:44,537.05
2022-03-31 08:59:49,537.12
2022-03-31 08:59:54,537.18
2022-03-31 08:59:59,537.18
2022-03-31 09:00:04,537.12
2022-03-31 09:00:09,537.18
2022-03-31 09:00:14,537.12
2022-03-31 09:00:19,537.21
2022-03-31 09:00:24,537.22
2022-03-31 09:00:29,537.22
2022-03-31 09:00:34,537.28
2022-03-31 09:00:39,537.28
2022-03-31 09:00:44,537.28
2022-03-31 09:00:49,537.35
2022-03-31 09:00:54,537.41
2022-03-31 09:00:59,537.48
2022-03-31 09:01:04,537.51
2022-03-31 09:01:09,537.51
2022-03-31 09:01:14,537.58
2022-03-31 09:01:19,537.64
2022-03-31 09:01:24,537.71
2022-03-31 09:01:29,537.71
2022-03-31 09:01:34,537.71
2022-03-31 09:01:39,537.74
2022-03-31 09:01:44,537.81
2022-03-31 09:01:49,537.81
2022-03-31 09:01:54,537.87
2022-03-31 09:01:59,537.87
2022-03-31 09:02:04,537.94
2022-03-31 09:02:09,537.94
2022-03-31 09:02:14,537.94
2022-03-31 09:02:19,538.01
2022-03-31 09:02:24,538.04
2022-03-31 09:02:29,538.04
2022-03-31 09:02:34,538.04
2022-03-31 09:02:39,538.1
2022-03-31 09:02:44,538.17
2022-03-31 09:02:49,538.17
2022-03-31 09:02:54,538.24
2022-03-31 09:02:59,538.24
2022-03-31 09:03:04,538.27
2022-03-31 09:03:09,538.27
2022-03-31 09:03:14,538.27
2022-03-31 09:03:19,538.33
2022-03-31 09:03:24,538.33
2022-03-31 09:03:29,538.4
2022-03-31 09:03:34,538.4
2022-03-31 09:03:39,538.4
2022-03-31 09:03:44,538.46
2022-03-31 09:03:49,538.46
2022-03-31 09:03:54,538.46
2022-03-31 09:03:59,538.53
2022-03-31 09:04:04,538.53
2022-03-31 09:04:09,538.53
2022-03-31 09:04:14,538.53
2022-03-31 09:04:19,538.53
2022-03-31 09:04:24,538.56
2022-03-31 09:04:29,538.63
2022-03-31 09:04:34,538.56
2022-03-31 09:04:39,538.62
2022-03-31 09:04:44,538.62
2022-03-31 09:04:49,538.62
2022-03-31 09:04:54,538.69
2022-03-31 09:04:59,538.69
2022-03-31 09:05:04,538.69
2022-03-31 09:05:09,538.78
2022-03-31 09:05:14,538.78
2022-03-31 09:05:19,538.85
2022-03-31 09:05:24,538.85
2022-03-31 09:05:29,538.85
2022-03-31 09:05:34,538.91
2022-03-31 09:05:39,538.91
2022-03-31 09:05:44,538.98
2022-03-31 09:05:49,539.04
2022-03-31 09:05:54,539.04
2022-03-31 09:05:59,539.04
2022-03-31 09:06:04,539.07
2022-03-31 09:06:09,539.07
2022-03-31 09:06:14,539.14
2022-03-31 09:06:19,539.2
2022-03-31 09:06:24,539.27
2022-03-31 09:06:29,539.26
2022-03-31 09:06:34,539.3
2022-03-31 09:06:39,539.3
2022-03-31 09:06:44,539.36
2022-03-31 09:06:49,539.42
2022-03-31 09:06:54,539.42
2022-03-31 09:06:59,539.49
2022-03-31 09:07:04,539.55
2022-03-31 09:07:09,539.55
2022-03-31 09:07:14,539.58
2022-03-31 09:07:19,539.65
2022-03-31 09:07:24,539.65
2022-03-31 09:07:29,539.65
2022-03-31 09:07:34,539.71
2022-03-31 09:07:39,539.78
2022-03-31 09:07:44,539.78
2022-03-31 09:07:49,539.81
2022-03-31 09:07:54,539.81
2022-03-31 09:07:59,539.87
2022-03-31 09:08:04,539.94
2022-03-31 09:08:09,540.0
2022-03-31 09:08:14,539.94
2022-03-31 09:08:19,540.07
2022-03-31 09:08:24,540.07
2022-03-31 09:08:29,540.1
2022-03-31 09:08:34,540.17
2022-03-31 09:08:39,540.23
2022-03-31 09:08:44,540.17
2022-03-31 09:08:49,540.23
2022-03-31 09:08:54,540.3
2022-03-31 09:08:59,540.33
2022-03-31 09:09:04,540.33
2022-03-31 09:09:09,540.39
2022-03-31 09:09:14,540.4
2022-03-31 09:09:19,540.46
2022-03-31 09:09:24,540.46
2022-03-31 09:09:29,540.53
2022-03-31 09:09:34,540.59
2022-03-31 09:09:39,540.59
2022-03-31 09:09:44,540.63
2022-03-31 09:09:49,540.63
2022-03-31 09:09:54,540.69
2022-03-31 09:09:59,540.69
2022-03-31 09:10:04,540.76
2022-03-31 09:10:09,540.76
2022-03-31 09:10:14,540.82
2022-03-31 09:10:19,540.82
2022-03-31 09:10:24,540.85
2022-03-31 09:10:29,540.85
2022-03-31 09:10:34,540.92
2022-03-31 09:10:39,540.86
2022-03-31 09:10:44,540.86
2022-03-31 09:10:49,540.86
2022-03-31 09:10:54,540.92
2022-03-31 09:10:59,540.99
2022-03-31 09:11:04,540.92
2022-03-31 09:11:09,540.92
2022-03-31 09:11:14,540.92
2022-03-31 09:11:19,540.86
2022-03-31 09:11:24,540.86
2022-03-31 09:11:29,540.83
2022-03-31 09:11:34,540.83
2022-03-31 09:11:39,540.77
2022-03-31 09:11:44,540.7
2022-03-31 09:11:49,540.64
2022-03-31 09:11:54,540.6
2022-03-31 09:11:59,540.48
2022-03-31 09:12:04,540.41
2022-03-31 09:12:09,540.31
2022-03-31 09:12:14,540.19
2022-03-31 09:12:19,540.19
2022-03-31 09:12:24,540.03
2022-03-31 09:12:29,539.9
2022-03-31 09:12:34,539.8
2022-03-31 09:12:39,539.61
2022-03-31 09:12:44,539.51
2022-03-31 09:12:49,539.38
2022-03-31 09:12:54,539.22
2022-03-31 09:12:59,539.09
2022-03-31 09:13:04,538.93
2022-03-31 09:13:09,538.77
2022-03-31 09:13:14,538.64
2022-03-31 09:13:19,538.54
2022-03-31 09:13:24,538.29
2022-03-31 09:13:29,538.19
2022-03-31 09:13:34,538.03
2022-03-31 09:13:39,537.84
2022-03-31 09:13:44,537.74
2022-03-31 09:13:49,537.45
2022-03-31 09:13:54,537.39
2022-03-31 09:13:59,537.16
2022-03-31 09:14:04,537.0
2022-03-31 09:14:09,536.74
2022-03-31 09:14:14,536.64
2022-03-31 09:14:19,536.52
2022-03-31 09:14:24,536.35
2022-03-31 09:14:29,536.19
2022-03-31 09:14:34,536.0
2022-03-31 09:14:39,535.84
2022-03-31 09:14:44,535.68
2022-03-31 09:14:49,535.48
2022-03-31 09:14:54,535.26
2022-03-31 09:14:59,535.1
2022-03-31 09:15:04,534.97
2022-03-31 09:15:09,534.87
2022-03-31 09:15:14,534.65
2022-03-31 09:15:19,534.45
2022-03-31 09:15:24,534.36
2022-03-31 09:15:29,534.16
2022-03-31 09:15:34,534.0
2022-03-31 09:15:39,533.9
2022-03-31 09:15:44,533.71
2022-03-31 09:15:49,533.61
2022-03-31 09:15:54,533.48
2022-03-31 09:15:59,533.32
2022-03-31 09:16:04,533.19
2022-03-31 09:16:09,533.09
2022-03-31 09:16:14,532.9
2022-03-31 09:16:19,532.8
2022-03-31 09:16:24,532.67
2022-03-31 09:16:29,532.58
2022-03-31 09:16:34,532.38
2022-03-31 09:16:39,532.35
2022-03-31 09:16:44,532.22
2022-03-31 09:16:49,532.09
2022-03-31 09:16:54,532.0
2022-03-31 09:16:59,531.87
2022-03-31 09:17:04,531.77
2022-03-31 09:17:09,531.64
2022-03-31 09:17:14,531.55
2022-03-31 09:17:19,531.48
2022-03-31 09:17:24,531.36
2022-03-31 09:17:29,531.19
2022-03-31 09:17:34,531.19
2022-03-31 09:17:39,531.07
2022-03-31 09:17:44,531.04
2022-03-31 09:17:49,530.91
2022-03-31 09:17:54,530.81
2022-03-31 09:17:59,530.75
2022-03-31 09:18:04,530.62
2022-03-31 09:18:09,530.55
2022-03-31 09:18:14,530.52
2022-03-31 09:18:19,530.39
2022-03-31 09:18:24,530.33
2022-03-31 09:18:29,530.23
2022-03-31 09:18:34,530.23
2022-03-31 09:18:39,530.1
2022-03-31 09:18:44,530.01
2022-03-31 09:18:49,529.95
2022-03-31 09:18:54,529.88
2022-03-31 09:18:59,529.79
2022-03-31 09:19:04,529.72
2022-03-31 09:19:09,529.66
2022-03-31 09:19:14,529.6
2022-03-31 09:19:19,529.5
2022-03-31 09:19:24,529.44
2022-03-31 09:19:29,529.31
2022-03-31 09:19:34,529.31
2022-03-31 09:19:39,529.21
2022-03-31 09:19:44,529.15
2022-03-31 09:19:49,529.08
2022-03-31 09:19:54,528.98
2022-03-31 09:19:59,528.92
2022-03-31 09:20:04,528.86
2022-03-31 09:20:09,528.79
2022-03-31 09:20:14,528.76
2022-03-31 09:20:19,528.7
2022-03-31 09:20:24,528.57
2022-03-31 09:20:29,528.5
2022-03-31 09:20:34,528.5
2022-03-31 09:20:39,528.4
2022-03-31 09:20:44,528.34
2022-03-31 09:20:49,528.28
2022-03-31 09:20:54,528.18
2022-03-31 09:20:59,528.05
2022-03-31 09:21:04,528.05
2022-03-31 09:21:09,527.96
2022-03-31 09:21:14,527.89
2022-03-31 09:21:19,527.89
2022-03-31 09:21:24,527.76
2022-03-31 09:21:29,527.73
2022-03-31 09:21:34,527.67
2022-03-31 09:21:39,527.6
2022-03-31 09:21:44,527.54
2022-03-31 09:21:49,527.47
2022-03-31 09:21:54,527.44
2022-03-31 09:21:59,527.44
2022-03-31 09:22:04,537.71
2022-03-31 09:22:09,527.31
2022-03-31 09:22:14,527.31
2022-03-31 09:22:19,527.31
2022-03-31 09:22:24,527.21
2022-03-31 09:22:29,527.22
2022-03-31 09:22:34,527.22
2022-03-31 09:22:39,527.08
2022-03-31 09:22:44,527.09
2022-03-31 09:22:49,527.02
2022-03-31 09:22:54,527.02
2022-03-31 09:22:59,526.95
2022-03-31 09:23:04,526.95
2022-03-31 09:23:09,526.92
2022-03-31 09:23:14,526.92
2022-03-31 09:23:19,526.92
2022-03-31 09:23:24,526.92
2022-03-31 09:23:29,526.92
2022-03-31 09:23:34,526.92
2022-03-31 09:23:39,526.92
2022-03-31 09:23:44,526.92
2022-03-31 09:23:49,526.92
2022-03-31 09:23:54,526.86
2022-03-31 09:23:59,526.92
2022-03-31 09:24:04,526.92
2022-03-31 09:24:09,526.92
2022-03-31 09:24:14,526.95
2022-03-31 09:24:19,526.92
2022-03-31 09:24:24,526.92
2022-03-31 09:24:29,526.91
2022-03-31 09:24:34,526.94
2022-03-31 09:24:39,526.95
2022-03-31 09:24:44,527.01
2022-03-31 09:24:49,527.01
2022-03-31 09:24:54,526.94
2022-03-31 09:24:59,527.07
2022-03-31 09:25:04,527.07
2022-03-31 09:25:09,527.07
2022-03-31 09:25:14,527.14
2022-03-31 09:25:19,527.14
2022-03-31 09:25:24,527.14
2022-03-31 09:25:29,527.2
2022-03-31 09:25:34,527.23
2022-03-31 09:25:39,527.23
2022-03-31 09:25:44,527.3
2022-03-31 09:25:49,527.36
2022-03-31 09:25:54,527.42
2022-03-31 09:25:59,527.43
2022-03-31 09:26:04,527.46
2022-03-31 09:26:09,527.46
2022-03-31 09:26:14,527.52
2022-03-31 09:26:19,527.58
2022-03-31 09:26:24,527.72
2022-03-31 09:26:29,527.72
2022-03-31 09:26:34,527.81
2022-03-31 09:26:39,527.81
2022-03-31 09:26:44,527.88
2022-03-31 09:26:49,527.97
2022-03-31 09:26:54,528.04
2022-03-31 09:26:59,528.1
2022-03-31 09:27:04,528.23
2022-03-31 09:27:09,528.26
2022-03-31 09:27:14,528.39
2022-03-31 09:27:19,528.46
2022-03-31 09:27:24,528.56
2022-03-31 09:27:29,528.62
2022-03-31 09:27:34,528.75
2022-03-31 09:27:39,528.78
2022-03-31 09:27:44,528.78
2022-03-31 09:27:49,528.98
2022-03-31 09:27:54,529.01
2022-03-31 09:27:59,529.14
2022-03-31 09:28:04,529.2
2022-03-31 09:28:09,529.2
2022-03-31 09:28:14,529.3
2022-03-31 09:28:19,529.43
2022-03-31 09:28:24,529.53
2022-03-31 09:28:29,529.59
2022-03-31 09:28:34,529.66
2022-03-31 09:28:39,529.79
2022-03-31 09:28:44,529.82
2022-03-31 09:28:49,529.94
2022-03-31 09:28:54,530.01
2022-03-31 09:28:59,530.04
2022-03-31 09:29:04,530.11
2022-03-31 09:29:09,530.17
2022-03-31 09:29:14,530.24
2022-03-31 09:29:19,530.3
2022-03-31 09:29:24,530.33
2022-03-31 09:29:29,530.4
2022-03-31 09:29:34,537.71
2022-03-31 09:29:39,530.46
2022-03-31 09:29:44,530.46
2022-03-31 09:29:49,530.46
2022-03-31 09:29:54,530.56
2022-03-31 09:29:59,530.53
2022-03-31 09:30:04,530.56
2022-03-31 09:30:09,530.53
2022-03-31 09:30:14,530.56
2022-03-31 09:30:19,530.62
2022-03-31 09:30:24,530.62
2022-03-31 09:30:29,530.62
2022-03-31 09:30:34,530.62
2022-03-31 09:30:39,530.68
2022-03-31 09:30:44,530.75
2022-03-31 09:30:49,530.68
2022-03-31 09:30:54,530.75
2022-03-31 09:30:59,530.75
2022-03-31 09:31:04,530.82
2022-03-31 09:31:09,530.82
2022-03-31 09:31:14,530.81
2022-03-31 09:31:19,530.85
2022-03-31 09:31:24,530.81
2022-03-31 09:31:29,530.85
2022-03-31 09:31:34,530.85
2022-03-31 09:31:39,530.91
2022-03-31 09:31:44,530.91
2022-03-31 09:31:49,530.91
2022-03-31 09:31:54,530.9
2022-03-31 09:31:59,530.91
2022-03-31 09:32:04,530.9
2022-03-31 09:32:09,530.84
2022-03-31 09:32:14,530.91
2022-03-31 09:32:19,530.9
2022-03-31 09:32:24,530.97
2022-03-31 09:32:29,530.9
2022-03-31 09:32:34,530.9
2022-03-31 09:32:39,530.9
2022-03-31 09:32:44,530.97
2022-03-31 09:32:49,530.97
2022-03-31 09:32:54,531.03
2022-03-31 09:32:59,530.97
2022-03-31 09:33:04,531.03
2022-03-31 09:33:09,531.03
2022-03-31 09:33:14,531.03
2022-03-31 09:33:19,531.03
2022-03-31 09:33:24,531.06
2022-03-31 09:33:29,531.03
2022-03-31 09:33:34,531.12
2022-03-31 09:33:39,531.12
2022-03-31 09:33:44,531.19
2022-03-31 09:33:49,531.19
2022-03-31 09:33:54,531.19
2022-03-31 09:33:59,531.19
2022-03-31 09:34:04,531.25
2022-03-31 09:34:09,531.31
2022-03-31 09:34:14,531.31
2022-03-31 09:34:19,531.35
2022-03-31 09:34:24,531.35
2022-03-31 09:34:29,531.35
2022-03-31 09:34:34,531.41
2022-03-31 09:34:39,531.41
2022-03-31 09:34:44,531.41
2022-03-31 09:34:49,531.41
2022-03-31 09:34:54,531.47
2022-03-31 09:34:59,531.54
2022-03-31 09:35:04,531.54
2022-03-31 09:35:09,531.54
2022-03-31 09:35:14,531.57
2022-03-31 09:35:19,531.54
2022-03-31 09:35:24,531.57
2022-03-31 09:35:29,531.63
2022-03-31 09:35:34,531.57
2022-03-31 09:35:39,531.64
2022-03-31 09:35:44,531.64
2022-03-31 09:35:49,531.7
2022-03-31 09:35:54,531.64
2022-03-31 09:35:59,531.7
2022-03-31 09:36:04,531.7
2022-03-31 09:36:09,531.7
2022-03-31 09:36:14,531.76
2022-03-31 09:36:19,531.83
2022-03-31 09:36:24,531.83
2022-03-31 09:36:29,531.83
2022-03-31 09:36:34,531.83
2022-03-31 09:36:39,531.87
2022-03-31 09:36:44,531.87
2022-03-31 09:36:49,531.93
2022-03-31 09:36:54,532.0
2022-03-31 09:36:59,531.93
2022-03-31 09:37:04,532.06
2022-03-31 09:37:09,532.06
2022-03-31 09:37:14,532.1
2022-03-31 09:37:19,532.16
2022-03-31 09:37:24,532.22
2022-03-31 09:37:29,532.16
2022-03-31 09:37:34,532.22
2022-03-31 09:37:39,532.29
2022-03-31 09:37:44,532.29
2022-03-31 09:37:49,532.35
2022-03-31 09:37:54,532.35
2022-03-31 09:37:59,532.39
2022-03-31 09:38:04,532.36
2022-03-31 09:38:09,532.39
2022-03-31 09:38:14,532.35
2022-03-31 09:38:19,532.39
2022-03-31 09:38:24,532.39
2022-03-31 09:38:29,532.45
2022-03-31 09:38:34,532.39
2022-03-31 09:38:39,532.45
2022-03-31 09:38:44,532.39
2022-03-31 09:38:49,532.39
2022-03-31 09:38:54,532.45
2022-03-31 09:38:59,532.45
2022-03-31 09:39:04,532.45
2022-03-31 09:39:09,532.45
2022-03-31 09:39:14,532.45
2022-03-31 09:39:19,532.51
2022-03-31 09:39:24,532.52
2022-03-31 09:39:29,532.52
2022-03-31 09:39:34,532.51
2022-03-31 09:39:39,532.51
2022-03-31 09:39:44,532.51
2022-03-31 09:39:49,532.51
2022-03-31 09:39:54,532.51
2022-03-31 09:39:59,532.51
2022-03-31 09:40:04,532.51
2022-03-31 09:40:09,532.58
2022-03-31 09:40:14,532.51
2022-03-31 09:40:19,532.58
2022-03-31 09:40:24,532.51
2022-03-31 09:40:29,532.51
2022-03-31 09:40:34,532.51
2022-03-31 09:40:39,532.58
2022-03-31 09:40:44,532.58
2022-03-31 09:40:49,532.58
2022-03-31 09:40:54,532.58
2022-03-31 09:40:59,532.58
2022-03-31 09:41:04,532.57
2022-03-31 09:41:09,532.61
2022-03-31 09:41:14,532.57
2022-03-31 09:41:19,532.57
2022-03-31 09:41:24,532.6
2022-03-31 09:41:29,532.58
2022-03-31 09:41:34,532.6
2022-03-31 09:41:39,532.57
2022-03-31 09:41:44,532.6
2022-03-31 09:41:49,532.57
2022-03-31 09:41:54,532.6
2022-03-31 09:41:59,532.6
2022-03-31 09:42:04,532.6
2022-03-31 09:42:09,532.67
2022-03-31 09:42:14,532.67
2022-03-31 09:42:19,532.67
2022-03-31 09:42:24,532.67
2022-03-31 09:42:29,532.73
2022-03-31 09:42:34,532.73
2022-03-31 09:42:39,532.73
2022-03-31 09:42:44,532.73
2022-03-31 09:42:49,532.73
2022-03-31 09:42:54,532.72
2022-03-31 09:42:59,532.79
2022-03-31 09:43:04,532.72
2022-03-31 09:43:09,532.79
2022-03-31 09:43:14,532.72
2022-03-31 09:43:19,532.72
2022-03-31 09:43:24,532.79
2022-03-31 09:43:29,532.72
2022-03-31 09:43:34,532.79
2022-03-31 09:43:39,532.79
2022-03-31 09:43:44,532.79
2022-03-31 09:43:49,532.79
2022-03-31 09:43:54,532.79
2022-03-31 09:43:59,532.79
2022-03-31 09:44:04,532.79
2022-03-31 09:44:09,532.79
2022-03-31 09:44:14,532.79
2022-03-31 09:44:19,532.79
2022-03-31 09:44:24,532.79
2022-03-31 09:44:29,532.79
2022-03-31 09:44:34,532.85
2022-03-31 09:44:39,532.85
2022-03-31 09:44:44,532.79
2022-03-31 09:44:49,532.79
2022-03-31 09:44:54,532.79
2022-03-31 09:44:59,532.79
2022-03-31 09:45:04,532.79
2022-03-31 09:45:09,532.79
2022-03-31 09:45:14,532.79
2022-03-31 09:45:19,532.72
2022-03-31 09:45:24,532.73
2022-03-31 09:45:29,532.66
2022-03-31 09:45:34,532.66
2022-03-31 09:45:39,532.66
2022-03-31 09:45:44,532.67
2022-03-31 09:45:49,532.73
2022-03-31 09:45:54,532.67
2022-03-31 09:45:59,532.73
2022-03-31 09:46:04,532.67
2022-03-31 09:46:09,532.67
2022-03-31 09:46:14,532.67
2022-03-31 09:46:19,532.67
2022-03-31 09:46:24,532.67
2022-03-31 09:46:29,532.67
2022-03-31 09:46:34,532.73
2022-03-31 09:46:39,532.67
2022-03-31 09:46:44,532.67
2022-03-31 09:46:49,532.67
2022-03-31 09:46:54,532.67
2022-03-31 09:46:59,532.6
2022-03-31 09:47:04,537.71
2022-03-31 09:47:09,532.67
2022-03-31 09:47:14,532.6
2022-03-31 09:47:19,532.57
2022-03-31 09:47:24,532.61
2022-03-31 09:47:29,532.58
2022-03-31 09:47:34,532.61
2022-03-31 09:47:39,532.58
2022-03-31 09:47:44,532.58
2022-03-31 09:47:49,532.58
2022-03-31 09:47:54,532.51
2022-03-31 09:47:59,532.44
2022-03-31 09:48:04,532.44
2022-03-31 09:48:09,532.38
2022-03-31 09:48:14,532.38
2022-03-31 09:48:19,532.38
2022-03-31 09:48:24,532.35
2022-03-31 09:48:29,532.35
2022-03-31 09:48:34,532.35
2022-03-31 09:48:39,532.28
2022-03-31 09:48:44,532.28
2022-03-31 09:48:49,532.22
2022-03-31 09:48:54,532.22
2022-03-31 09:48:59,532.22
2022-03-31 09:49:04,532.15
2022-03-31 09:49:09,532.09
2022-03-31 09:49:14,532.09
2022-03-31 09:49:19,532.05
2022-03-31 09:49:24,531.99
2022-03-31 09:49:29,531.99
2022-03-31 09:49:34,531.93
2022-03-31 09:49:39,531.93
2022-03-31 09:49:44,531.86
2022-03-31 09:49:49,531.83
2022-03-31 09:49:54,531.83
2022-03-31 09:49:59,531.83
2022-03-31 09:50:04,531.76
2022-03-31 09:50:09,531.7
2022-03-31 09:50:14,531.7
2022-03-31 09:50:19,531.63
2022-03-31 09:50:24,531.63
2022-03-31 09:50:29,531.7
2022-03-31 09:50:34,531.57
2022-03-31 09:50:39,531.57
2022-03-31 09:50:44,531.63
2022-03-31 09:50:49,531.57
2022-03-31 09:50:54,531.57
2022-03-31 09:50:59,531.57
2022-03-31 09:51:04,531.57
2022-03-31 09:51:09,531.63
2022-03-31 09:51:14,531.57
2022-03-31 09:51:19,531.57
2022-03-31 09:51:24,531.57
2022-03-31 09:51:29,531.57
2022-03-31 09:51:34,531.57
2022-03-31 09:51:39,531.56
2022-03-31 09:51:44,531.63
2022-03-31 09:51:49,531.56
2022-03-31 09:51:54,531.63
2022-03-31 09:51:59,537.71
2022-03-31 09:52:04,531.69
2022-03-31 09:52:09,531.62
2022-03-31 09:52:14,531.62
2022-03-31 09:52:19,531.75
2022-03-31 09:52:24,531.76
2022-03-31 09:52:29,531.76
2022-03-31 09:52:34,531.82
2022-03-31 09:52:39,531.85
2022-03-31 09:52:44,531.85
2022-03-31 09:52:49,531.91
2022-03-31 09:52:54,531.91
2022-03-31 09:52:59,531.98
2022-03-31 09:53:04,532.05
2022-03-31 09:53:09,532.05
2022-03-31 09:53:14,532.08
2022-03-31 09:53:19,532.14
2022-03-31 09:53:24,532.14
2022-03-31 09:53:29,532.14
2022-03-31 09:53:34,532.27
2022-03-31 09:53:39,532.27
2022-03-31 09:53:44,532.28
2022-03-31 09:53:49,532.37
2022-03-31 09:53:54,532.37
2022-03-31 09:53:59,532.37
2022-03-31 09:54:04,532.44
2022-03-31 09:54:09,532.57
2022-03-31 09:54:14,532.57
2022-03-31 09:54:19,532.6
2022-03-31 09:54:24,537.71
2022-03-31 09:54:29,532.67
2022-03-31 09:54:34,532.73
2022-03-31 09:54:39,532.73
2022-03-31 09:54:44,532.86
2022-03-31 09:54:49,532.86
2022-03-31 09:54:54,532.89
2022-03-31 09:54:59,532.89
2022-03-31 09:55:04,532.96
2022-03-31 09:55:09,533.09
2022-03-31 09:55:14,533.12
2022-03-31 09:55:19,533.19
2022-03-31 09:55:24,533.25
2022-03-31 09:55:29,533.31
2022-03-31 09:55:34,533.32
2022-03-31 09:55:39,533.48
2022-03-31 09:55:44,533.54
2022-03-31 09:55:49,533.61
2022-03-31 09:55:54,533.61
2022-03-31 09:55:59,533.64
2022-03-31 09:56:04,533.77
2022-03-31 09:56:09,533.83
2022-03-31 09:56:14,533.9
2022-03-31 09:56:19,533.93
2022-03-31 09:56:24,534.0
2022-03-31 09:56:29,534.12
2022-03-31 09:56:34,534.12
2022-03-31 09:56:39,534.16
2022-03-31 09:56:44,534.22
2022-03-31 09:56:49,534.29
2022-03-31 09:56:54,534.35
2022-03-31 09:56:59,534.42
2022-03-31 09:57:04,534.45
2022-03-31 09:57:09,534.58
2022-03-31 09:57:14,534.58
2022-03-31 09:57:19,534.64
2022-03-31 09:57:24,534.74
2022-03-31 09:57:29,534.8
2022-03-31 09:57:34,534.87
2022-03-31 09:57:39,534.93
2022-03-31 09:57:44,534.96
2022-03-31 09:57:49,535.03
2022-03-31 09:57:54,535.16
2022-03-31 09:57:59,535.16
2022-03-31 09:58:04,535.19
2022-03-31 09:58:09,535.32
2022-03-31 09:58:14,535.38
2022-03-31 09:58:19,535.44
2022-03-31 09:58:24,535.54
2022-03-31 09:58:29,535.6
2022-03-31 09:58:34,535.67
2022-03-31 09:58:39,535.77
2022-03-31 09:58:44,535.77
2022-03-31 09:58:49,535.83
2022-03-31 09:58:54,535.96
2022-03-31 09:58:59,535.96
2022-03-31 09:59:04,536.06
2022-03-31 09:59:09,536.12
2022-03-31 09:59:14,536.12
2022-03-31 09:59:19,536.18
2022-03-31 09:59:24,536.28
2022-03-31 09:59:29,536.28
2022-03-31 09:59:34,536.35
2022-03-31 09:59:39,536.41
2022-03-31 09:59:44,536.41
2022-03-31 09:59:49,536.51
2022-03-31 09:59:54,536.57
2022-03-31 09:59:59,536.63
2022-03-31 10:00:04,536.7
2022-03-31 10:00:09,536.73
2022-03-31 10:00:14,536.73
2022-03-31 10:00:19,536.86
2022-03-31 10:00:24,536.86
2022-03-31 10:00:29,536.86
2022-03-31 10:00:34,536.92
2022-03-31 10:00:39,536.99
2022-03-31 10:00:44,537.02
2022-03-31 10:00:49,537.02
2022-03-31 10:00:54,537.08
2022-03-31 10:00:59,537.08
2022-03-31 10:01:04,537.15
2022-03-31 10:01:09,537.21
2022-03-31 10:01:14,537.15
2022-03-31 10:01:19,537.21
2022-03-31 10:01:24,537.24
2022-03-31 10:01:29,537.24
2022-03-31 10:01:34,537.24
2022-03-31 10:01:39,537.24
2022-03-31 10:01:44,537.25
2022-03-31 10:01:49,537.31
2022-03-31 10:01:54,537.37
2022-03-31 10:01:59,537.37
2022-03-31 10:02:04,537.38
2022-03-31 10:02:09,537.38
2022-03-31 10:02:14,537.44
2022-03-31 10:02:19,537.44
2022-03-31 10:02:24,537.44
2022-03-31 10:02:29,537.44
2022-03-31 10:02:34,537.44
2022-03-31 10:02:39,537.44
2022-03-31 10:02:44,537.44
2022-03-31 10:02:49,537.44
2022-03-31 10:02:54,537.44
2022-03-31 10:02:59,537.44
2022-03-31 10:03:04,537.38
2022-03-31 10:03:09,537.45
2022-03-31 10:03:14,537.51
2022-03-31 10:03:19,537.45
2022-03-31 10:03:24,537.45
2022-03-31 10:03:29,537.51
2022-03-31 10:03:34,537.45
2022-03-31 10:03:39,537.45
2022-03-31 10:03:44,537.39
2022-03-31 10:03:49,537.45
2022-03-31 10:03:54,537.39
2022-03-31 10:03:59,537.45
2022-03-31 10:04:04,537.39
2022-03-31 10:04:09,537.39
2022-03-31 10:04:14,537.39
2022-03-31 10:04:19,537.32
2022-03-31 10:04:24,537.39
2022-03-31 10:04:29,537.33
2022-03-31 10:04:34,537.33
2022-03-31 10:04:39,537.33
2022-03-31 10:04:44,537.27
2022-03-31 10:04:49,537.27
2022-03-31 10:04:54,537.24
2022-03-31 10:04:59,537.27
2022-03-31 10:05:04,537.24
2022-03-31 10:05:09,537.24
2022-03-31 10:05:14,537.24
2022-03-31 10:05:19,537.17
2022-03-31 10:05:24,537.17
2022-03-31 10:05:29,537.17
2022-03-31 10:05:34,537.18
2022-03-31 10:05:39,537.18
2022-03-31 10:05:44,537.11
2022-03-31 10:05:49,537.11
2022-03-31 10:05:54,537.11
2022-03-31 10:05:59,537.05
2022-03-31 10:06:04,537.05
2022-03-31 10:06:09,537.05
2022-03-31 10:06:14,537.05
2022-03-31 10:06:19,536.95
2022-03-31 10:06:24,537.02
2022-03-31 10:06:29,537.02
2022-03-31 10:06:34,537.02
2022-03-31 10:06:39,537.02
2022-03-31 10:06:44,536.95
2022-03-31 10:06:49,536.95
2022-03-31 10:06:54,536.95
2022-03-31 10:06:59,537.02
2022-03-31 10:07:04,537.02
2022-03-31 10:07:09,536.89
2022-03-31 10:07:14,536.95
2022-03-31 10:07:19,536.95
2022-03-31 10:07:24,536.95
2022-03-31 10:07:29,536.95
2022-03-31 10:07:34,536.95
2022-03-31 10:07:39,536.89
2022-03-31 10:07:44,536.89
2022-03-31 10:07:49,536.89
2022-03-31 10:07:54,536.89
2022-03-31 10:07:59,536.89
2022-03-31 10:08:04,536.83
2022-03-31 10:08:09,536.83
2022-03-31 10:08:14,536.83
2022-03-31 10:08:19,536.83
2022-03-31 10:08:24,536.83
2022-03-31 10:08:29,536.83
2022-03-31 10:08:34,536.83
2022-03-31 10:08:39,536.83
2022-03-31 10:08:44,536.83
2022-03-31 10:08:49,536.83
2022-03-31 10:08:54,536.83
2022-03-31 10:08:59,536.76
2022-03-31 10:09:04,536.76
2022-03-31 10:09:09,536.76
2022-03-31 10:09:14,536.73
2022-03-31 10:09:19,536.76
2022-03-31 10:09:24,536.73
2022-03-31 10:09:29,536.73
2022-03-31 10:09:34,536.73
2022-03-31 10:09:39,536.76
2022-03-31 10:09:44,536.76
2022-03-31 10:09:49,536.73
2022-03-31 10:09:54,536.73
2022-03-31 10:09:59,536.66
2022-03-31 10:10:04,536.73
2022-03-31 10:10:09,536.66
2022-03-31 10:10:14,536.67
2022-03-31 10:10:19,536.67
2022-03-31 10:10:24,536.6
2022-03-31 10:10:29,536.6
2022-03-31 10:10:34,536.6
2022-03-31 10:10:39,536.6
2022-03-31 10:10:44,536.6
2022-03-31 10:10:49,536.54
2022-03-31 10:10:54,536.54
2022-03-31 10:10:59,536.54
2022-03-31 10:11:04,536.54
2022-03-31 10:11:09,536.51
2022-03-31 10:11:14,536.51
2022-03-31 10:11:19,536.51
2022-03-31 10:11:24,536.51
2022-03-31 10:11:29,536.44
2022-03-31 10:11:34,536.51
2022-03-31 10:11:39,536.45
2022-03-31 10:11:44,536.45
2022-03-31 10:11:49,536.38
2022-03-31 10:11:54,536.38
2022-03-31 10:11:59,536.32
2022-03-31 10:12:04,536.32
2022-03-31 10:12:09,536.32
2022-03-31 10:12:14,536.26
2022-03-31 10:12:19,536.26
2022-03-31 10:12:24,536.26
2022-03-31 10:12:29,536.26
2022-03-31 10:12:34,536.23
2022-03-31 10:12:39,536.23
2022-03-31 10:12:44,536.16
2022-03-31 10:12:49,536.17
2022-03-31 10:12:54,536.17
2022-03-31 10:12:59,536.17
2022-03-31 10:13:04,536.1
2022-03-31 10:13:09,536.1
2022-03-31 10:13:14,536.1
2022-03-31 10:13:19,536.11
2022-03-31 10:13:24,536.11
2022-03-31 10:13:29,536.04
2022-03-31 10:13:34,536.11
2022-03-31 10:13:39,536.11
2022-03-31 10:13:44,536.04
2022-03-31 10:13:49,536.05
2022-03-31 10:13:54,536.05
2022-03-31 10:13:59,536.05
2022-03-31 10:14:04,536.01
2022-03-31 10:14:09,536.02
2022-03-31 10:14:14,536.05
2022-03-31 10:14:19,536.05
2022-03-31 10:14:24,536.05
2022-03-31 10:14:29,536.05
2022-03-31 10:14:34,536.02
2022-03-31 10:14:39,536.05
2022-03-31 10:14:44,536.05
2022-03-31 10:14:49,536.05
2022-03-31 10:14:54,536.02
2022-03-31 10:14:59,536.02
2022-03-31 10:15:04,536.02
2022-03-31 10:15:09,536.02
2022-03-31 10:15:14,536.02
2022-03-31 10:15:19,536.02
2022-03-31 10:15:24,536.02
2022-03-31 10:15:29,535.95
2022-03-31 10:15:34,536.02
2022-03-31 10:15:39,536.02
2022-03-31 10:15:44,536.02
2022-03-31 10:15:49,536.05
2022-03-31 10:15:54,536.02
2022-03-31 10:15:59,536.02
2022-03-31 10:16:04,536.02
2022-03-31 10:16:09,536.05
2022-03-31 10:16:14,536.05
2022-03-31 10:16:19,536.05
2022-03-31 10:16:24,536.02
2022-03-31 10:16:29,536.05
2022-03-31 10:16:34,536.05
2022-03-31 10:16:39,536.02
2022-03-31 10:16:44,536.05
2022-03-31 10:16:49,536.05
2022-03-31 10:16:54,536.05
2022-03-31 10:16:59,536.05
2022-03-31 10:17:04,536.05
2022-03-31 10:17:09,536.05
2022-03-31 10:17:14,536.05
2022-03-31 10:17:19,536.05
2022-03-31 10:17:24,536.05
2022-03-31 10:17:29,536.11
2022-03-31 10:17:34,536.05
2022-03-31 10:17:39,536.05
2022-03-31 10:17:44,536.05
2022-03-31 10:17:49,536.05
2022-03-31 10:17:54,536.05
2022-03-31 10:17:59,536.05
2022-03-31 10:18:04,536.11
2022-03-31 10:18:09,536.11
2022-03-31 10:18:14,536.05
2022-03-31 10:18:19,536.11
2022-03-31 10:18:24,536.11
2022-03-31 10:18:29,536.11
2022-03-31 10:18:34,536.11
2022-03-31 10:18:39,536.17
2022-03-31 10:18:44,536.11
2022-03-31 10:18:49,536.11
2022-03-31 10:18:54,536.17
2022-03-31 10:18:59,536.17
2022-03-31 10:19:04,536.17
2022-03-31 10:19:09,536.24
2022-03-31 10:19:14,536.17
2022-03-31 10:19:19,536.24
2022-03-31 10:19:24,536.24
2022-03-31 10:19:29,536.27
2022-03-31 10:19:34,536.24
2022-03-31 10:19:39,536.24
2022-03-31 10:19:44,536.27
2022-03-31 10:19:49,536.27
2022-03-31 10:19:54,536.27
2022-03-31 10:19:59,536.27
2022-03-31 10:20:04,536.24
2022-03-31 10:20:09,536.27
2022-03-31 10:20:14,536.24
2022-03-31 10:20:19,536.24
2022-03-31 10:20:24,536.24
2022-03-31 10:20:29,536.24
2022-03-31 10:20:34,536.24
2022-03-31 10:20:39,536.24
2022-03-31 10:20:44,537.71
2022-03-31 10:20:49,536.24
2022-03-31 10:20:54,536.24
2022-03-31 10:20:59,536.18
2022-03-31 10:21:04,536.18
2022-03-31 10:21:09,536.18
2022-03-31 10:21:14,536.18
2022-03-31 10:21:19,536.18
2022-03-31 10:21:24,536.18
2022-03-31 10:21:29,536.18
2022-03-31 10:21:34,536.12
2022-03-31 10:21:39,536.12
2022-03-31 10:21:44,536.12
2022-03-31 10:21:49,536.12
2022-03-31 10:21:54,536.19
2022-03-31 10:21:59,536.12
2022-03-31 10:22:04,536.12
2022-03-31 10:22:09,536.06
2022-03-31 10:22:14,536.06
2022-03-31 10:22:19,536.06
2022-03-31 10:22:24,536.02
2022-03-31 10:22:29,536.03
2022-03-31 10:22:34,536.03
2022-03-31 10:22:39,535.96
2022-03-31 10:22:44,535.96
2022-03-31 10:22:49,535.96
2022-03-31 10:22:54,535.9
2022-03-31 10:22:59,535.9
2022-03-31 10:23:04,535.84
2022-03-31 10:23:09,535.84
2022-03-31 10:23:14,535.77
2022-03-31 10:23:19,535.77
2022-03-31 10:23:24,535.74
2022-03-31 10:23:29,535.68
2022-03-31 10:23:34,535.68
2022-03-31 10:23:39,535.61
2022-03-31 10:23:44,535.61
2022-03-31 10:23:49,535.55
2022-03-31 10:23:54,535.55
2022-03-31 10:23:59,535.52
2022-03-31 10:24:04,535.52
2022-03-31 10:24:09,535.45
2022-03-31 10:24:14,535.38
2022-03-31 10:24:19,535.38
2022-03-31 10:24:24,535.32
2022-03-31 10:24:29,535.32
2022-03-31 10:24:34,535.26
2022-03-31 10:24:39,535.23
2022-03-31 10:24:44,535.16
2022-03-31 10:24:49,535.16
2022-03-31 10:24:54,535.1
2022-03-31 10:24:59,535.09
2022-03-31 10:25:04,535.03
2022-03-31 10:25:09,535.03
2022-03-31 10:25:14,535.0
2022-03-31 10:25:19,534.87
2022-03-31 10:25:24,534.8
2022-03-31 10:25:29,534.8
2022-03-31 10:25:34,534.74
2022-03-31 10:25:39,534.71
2022-03-31 10:25:44,534.64
2022-03-31 10:25:49,534.58
2022-03-31 10:25:54,534.52
2022-03-31 10:25:59,534.48
2022-03-31 10:26:04,534.35
2022-03-31 10:26:09,534.35
2022-03-31 10:26:14,534.29
2022-03-31 10:26:19,534.22
2022-03-31 10:26:24,534.22
2022-03-31 10:26:29,534.19
2022-03-31 10:26:34,534.12
2022-03-31 10:26:39,534.06
2022-03-31 10:26:44,533.99
2022-03-31 10:26:49,533.96
2022-03-31 10:26:54,533.96
2022-03-31 10:26:59,533.9
2022-03-31 10:27:04,533.83
2022-03-31 10:27:09,533.77
2022-03-31 10:27:14,533.77
2022-03-31 10:27:19,533.7
2022-03-31 10:27:24,533.7
2022-03-31 10:27:29,533.6
2022-03-31 10:27:34,533.6
2022-03-31 10:27:39,533.6
2022-03-31 10:27:44,533.48
2022-03-31 10:27:49,533.48
2022-03-31 10:27:54,533.47
2022-03-31 10:27:59,533.44
2022-03-31 10:28:04,533.44
2022-03-31 10:28:09,533.37
2022-03-31 10:28:14,533.44
2022-03-31 10:28:19,533.37
2022-03-31 10:28:24,533.31
2022-03-31 10:28:29,533.25
2022-03-31 10:28:34,533.31
2022-03-31 10:28:39,533.25
2022-03-31 10:28:44,533.25
2022-03-31 10:28:49,533.25
2022-03-31 10:28:54,533.25
2022-03-31 10:28:59,533.25
2022-03-31 10:29:04,533.25
2022-03-31 10:29:09,533.19
2022-03-31 10:29:14,533.25
2022-03-31 10:29:19,533.25
2022-03-31 10:29:24,533.19
2022-03-31 10:29:29,533.25
2022-03-31 10:29:34,533.19
2022-03-31 10:29:39,533.19
2022-03-31 10:29:44,533.19
2022-03-31 10:29:49,533.19
2022-03-31 10:29:54,533.25
2022-03-31 10:29:59,533.19
2022-03-31 10:30:04,533.19
2022-03-31 10:30:09,533.26
2022-03-31 10:30:14,533.26
2022-03-31 10:30:19,533.32
2022-03-31 10:30:24,533.26
2022-03-31 10:30:29,533.32
2022-03-31 10:30:34,533.32
2022-03-31 10:30:39,533.32
2022-03-31 10:30:44,533.32
2022-03-31 10:30:49,533.39
2022-03-31 10:30:54,533.45
2022-03-31 10:30:59,533.46
2022-03-31 10:31:04,533.49
2022-03-31 10:31:09,533.55
2022-03-31 10:31:14,533.62
2022-03-31 10:31:19,533.62
2022-03-31 10:31:24,533.68
2022-03-31 10:31:29,533.72
2022-03-31 10:31:34,533.78
2022-03-31 10:31:39,533.78
2022-03-31 10:31:44,533.85
2022-03-31 10:31:49,533.91
2022-03-31 10:31:54,533.97
2022-03-31 10:31:59,533.98
2022-03-31 10:32:04,534.01
2022-03-31 10:32:09,534.14
2022-03-31 10:32:14,534.14
2022-03-31 10:32:19,534.14
2022-03-31 10:32:24,534.23
2022-03-31 10:32:29,534.23
2022-03-31 10:32:34,534.3
2022-03-31 10:32:39,534.36
2022-03-31 10:32:44,534.43
2022-03-31 10:32:49,534.49
2022-03-31 10:32:54,534.52
2022-03-31 10:32:59,534.59
2022-03-31 10:33:04,534.65
2022-03-31 10:33:09,534.72
2022-03-31 10:33:14,534.75
2022-03-31 10:33:19,534.81
2022-03-31 10:33:24,534.88
2022-03-31 10:33:29,534.94
2022-03-31 10:33:34,535.04
2022-03-31 10:33:39,535.1
2022-03-31 10:33:44,535.17
2022-03-31 10:33:49,535.26
2022-03-31 10:33:54,535.33
2022-03-31 10:33:59,537.71
2022-03-31 10:34:04,535.46
2022-03-31 10:34:09,535.62
2022-03-31 10:34:14,535.68
2022-03-31 10:34:19,535.78
2022-03-31 10:34:24,535.9
2022-03-31 10:34:29,536.03
2022-03-31 10:34:34,536.13
2022-03-31 10:34:39,536.19
2022-03-31 10:34:44,536.29
2022-03-31 10:34:49,536.41
2022-03-31 10:34:54,536.55
2022-03-31 10:34:59,536.58
2022-03-31 10:35:04,536.77
2022-03-31 10:35:09,536.8
2022-03-31 10:35:14,536.93
2022-03-31 10:35:19,536.99
2022-03-31 10:35:24,537.16
2022-03-31 10:35:29,537.22
2022-03-31 10:35:34,537.32
2022-03-31 10:35:39,537.44
2022-03-31 10:35:44,537.51
2022-03-31 10:35:49,537.57
2022-03-31 10:35:54,537.73
2022-03-31 10:35:59,537.83
2022-03-31 10:36:04,537.89
2022-03-31 10:36:09,538.02
2022-03-31 10:36:14,538.11
2022-03-31 10:36:19,538.24
2022-03-31 10:36:24,538.34
2022-03-31 10:36:29,538.4
2022-03-31 10:36:34,538.53
2022-03-31 10:36:39,538.6
2022-03-31 10:36:44,538.69
2022-03-31 10:36:49,538.82
2022-03-31 10:36:54,538.91
2022-03-31 10:36:59,539.05
2022-03-31 10:37:04,539.14
2022-03-31 10:37:09,539.2
2022-03-31 10:37:14,539.26
2022-03-31 10:37:19,539.36
2022-03-31 10:37:24,539.43
2022-03-31 10:37:29,539.56
2022-03-31 10:37:34,539.62
2022-03-31 10:37:39,539.65
2022-03-31 10:37:44,539.72
2022-03-31 10:37:49,539.85
2022-03-31 10:37:54,539.88
2022-03-31 10:37:59,540.01
2022-03-31 10:38:04,540.07
2022-03-31 10:38:09,540.14
2022-03-31 10:38:14,540.23
2022-03-31 10:38:19,540.3
2022-03-31 10:38:24,540.36
2022-03-31 10:38:29,540.36
2022-03-31 10:38:34,540.4
2022-03-31 10:38:39,540.59
2022-03-31 10:38:44,540.65
2022-03-31 10:38:49,540.69
2022-03-31 10:38:54,540.75
2022-03-31 10:38:59,540.82
2022-03-31 10:39:04,540.91
2022-03-31 10:39:09,540.91
2022-03-31 10:39:14,541.04
2022-03-31 10:39:19,541.04
2022-03-31 10:39:24,541.17
2022-03-31 10:39:29,541.21
2022-03-31 10:39:34,541.27
2022-03-31 10:39:39,541.33
2022-03-31 10:39:44,541.34
2022-03-31 10:39:49,541.4
2022-03-31 10:39:54,541.43
2022-03-31 10:39:59,541.43
2022-03-31 10:40:04,541.56
2022-03-31 10:40:09,541.56
2022-03-31 10:40:14,541.62
2022-03-31 10:40:19,541.69
2022-03-31 10:40:24,541.72
2022-03-31 10:40:29,541.72
2022-03-31 10:40:34,541.85
2022-03-31 10:40:39,541.85
2022-03-31 10:40:44,541.92
2022-03-31 10:40:49,541.95
2022-03-31 10:40:54,542.01
2022-03-31 10:40:59,542.08
2022-03-31 10:41:04,542.14
2022-03-31 10:41:09,542.21
2022-03-31 10:41:14,542.24
2022-03-31 10:41:19,542.3
2022-03-31 10:41:24,542.37
2022-03-31 10:41:29,542.43
2022-03-31 10:41:34,542.46
2022-03-31 10:41:39,542.43
2022-03-31 10:41:44,542.46
2022-03-31 10:41:49,542.46
2022-03-31 10:41:54,542.53
2022-03-31 10:41:59,542.53
2022-03-31 10:42:04,542.53
2022-03-31 10:42:09,542.59
2022-03-31 10:42:14,542.53
2022-03-31 10:42:19,542.53
2022-03-31 10:42:24,542.53
2022-03-31 10:42:29,542.59
2022-03-31 10:42:34,542.59
2022-03-31 10:42:39,542.59
2022-03-31 10:42:44,542.59
2022-03-31 10:42:49,542.59
2022-03-31 10:42:54,542.65
2022-03-31 10:42:59,542.46
2022-03-31 10:43:04,542.53
2022-03-31 10:43:09,542.53
2022-03-31 10:43:14,542.46
2022-03-31 10:43:19,542.42
2022-03-31 10:43:24,542.36
2022-03-31 10:43:29,542.36
2022-03-31 10:43:34,542.3
2022-03-31 10:43:39,542.23
2022-03-31 10:43:44,542.2
2022-03-31 10:43:49,542.07
2022-03-31 10:43:54,542.0
2022-03-31 10:43:59,541.94
2022-03-31 10:44:04,541.84
2022-03-31 10:44:09,541.71
2022-03-31 10:44:14,541.68
2022-03-31 10:44:19,541.62
2022-03-31 10:44:24,541.55
2022-03-31 10:44:29,541.42
2022-03-31 10:44:34,541.33
2022-03-31 10:44:39,541.26
2022-03-31 10:44:44,541.16
2022-03-31 10:44:49,541.03
2022-03-31 10:44:54,540.9
2022-03-31 10:44:59,540.87
2022-03-31 10:45:04,540.8
2022-03-31 10:45:09,540.74
2022-03-31 10:45:14,540.64
2022-03-31 10:45:19,540.58
2022-03-31 10:45:24,540.45
2022-03-31 10:45:29,540.38
2022-03-31 10:45:34,540.29
2022-03-31 10:45:39,540.22
2022-03-31 10:45:44,540.12
2022-03-31 10:45:49,540.06
2022-03-31 10:45:54,539.99
2022-03-31 10:45:59,539.86
2022-03-31 10:46:04,539.83
2022-03-31 10:46:09,539.7
2022-03-31 10:46:14,539.7
2022-03-31 10:46:19,539.6
2022-03-31 10:46:24,539.54
2022-03-31 10:46:29,539.48
2022-03-31 10:46:34,539.41
2022-03-31 10:46:39,539.31
2022-03-31 10:46:44,539.31
2022-03-31 10:46:49,539.25
2022-03-31 10:46:54,539.19
2022-03-31 10:46:59,539.12
2022-03-31 10:47:04,539.02
2022-03-31 10:47:09,539.02
2022-03-31 10:47:14,538.9
2022-03-31 10:47:19,538.83
2022-03-31 10:47:24,538.83
2022-03-31 10:47:29,538.74
2022-03-31 10:47:34,538.74
2022-03-31 10:47:39,538.61
2022-03-31 10:47:44,538.58
2022-03-31 10:47:49,538.58
2022-03-31 10:47:54,538.45
2022-03-31 10:47:59,538.45
2022-03-31 10:48:04,538.38
2022-03-31 10:48:09,538.32
2022-03-31 10:48:14,538.22
2022-03-31 10:48:19,538.22
2022-03-31 10:48:24,538.22
2022-03-31 10:48:29,538.09
2022-03-31 10:48:34,538.09
2022-03-31 10:48:39,538.07
2022-03-31 10:48:44,538.0
2022-03-31 10:48:49,537.94
2022-03-31 10:48:54,537.94
2022-03-31 10:48:59,537.87
2022-03-31 10:49:04,537.81
2022-03-31 10:49:09,537.71
2022-03-31 10:49:14,537.71
2022-03-31 10:49:19,537.65
2022-03-31 10:49:24,537.65
2022-03-31 10:49:29,537.55
2022-03-31 10:49:34,537.55
2022-03-31 10:49:39,537.55
2022-03-31 10:49:44,537.49
2022-03-31 10:49:49,537.42
2022-03-31 10:49:54,537.42
2022-03-31 10:49:59,537.29
2022-03-31 10:50:04,537.29
2022-03-31 10:50:09,537.29
2022-03-31 10:50:14,537.29
2022-03-31 10:50:19,537.26
2022-03-31 10:50:24,537.26
2022-03-31 10:50:29,537.26
2022-03-31 10:50:34,537.2
2022-03-31 10:50:39,537.13
2022-03-31 10:50:44,537.13
2022-03-31 10:50:49,537.13
2022-03-31 10:50:54,537.13
2022-03-31 10:50:59,537.06
2022-03-31 10:51:04,537.06
2022-03-31 10:51:09,537.03
2022-03-31 10:51:14,537.03
2022-03-31 10:51:19,537.03
2022-03-31 10:51:24,536.97
2022-03-31 10:51:29,536.97
2022-03-31 10:51:34,536.9
2022-03-31 10:51:39,536.9
2022-03-31 10:51:44,536.9
2022-03-31 10:51:49,536.84
2022-03-31 10:51:54,536.84
2022-03-31 10:51:59,536.77
2022-03-31 10:52:04,536.77
2022-03-31 10:52:09,536.74
2022-03-31 10:52:14,536.74
2022-03-31 10:52:19,536.68
2022-03-31 10:52:24,536.68
2022-03-31 10:52:29,536.67
2022-03-31 10:52:34,536.67
2022-03-31 10:52:39,536.54
2022-03-31 10:52:44,536.54
2022-03-31 10:52:49,536.54
2022-03-31 10:52:54,536.51
2022-03-31 10:52:59,536.51
2022-03-31 10:53:04,536.51
2022-03-31 10:53:09,536.44
2022-03-31 10:53:14,536.44
2022-03-31 10:53:19,536.38
2022-03-31 10:53:24,536.44
2022-03-31 10:53:29,536.44
2022-03-31 10:53:34,536.38
2022-03-31 10:53:39,536.38
2022-03-31 10:53:44,536.38
2022-03-31 10:53:49,536.31
2022-03-31 10:53:54,536.37
2022-03-31 10:53:59,536.31
2022-03-31 10:54:04,536.31
2022-03-31 10:54:09,536.3
2022-03-31 10:54:14,536.24
2022-03-31 10:54:19,536.24
2022-03-31 10:54:24,536.24
2022-03-31 10:54:29,536.21
2022-03-31 10:54:34,536.21
2022-03-31 10:54:39,536.14
2022-03-31 10:54:44,536.14
2022-03-31 10:54:49,536.14
2022-03-31 10:54:54,536.08
2022-03-31 10:54:59,536.14
2022-03-31 10:55:04,536.08
2022-03-31 10:55:09,536.08
2022-03-31 10:55:14,536.07
2022-03-31 10:55:19,536.01
2022-03-31 10:55:24,536.01
2022-03-31 10:55:29,535.98
2022-03-31 10:55:34,535.98
2022-03-31 10:55:39,535.91
2022-03-31 10:55:44,535.91
2022-03-31 10:55:49,535.91
2022-03-31 10:55:54,535.91
2022-03-31 10:55:59,535.85
2022-03-31 10:56:04,535.78
2022-03-31 10:56:09,535.85
2022-03-31 10:56:14,535.78
2022-03-31 10:56:19,535.85
2022-03-31 10:56:24,535.78
2022-03-31 10:56:29,535.78
2022-03-31 10:56:34,535.78
2022-03-31 10:56:39,535.78
2022-03-31 10:56:44,535.72
2022-03-31 10:56:49,535.78
2022-03-31 10:56:54,535.79
2022-03-31 10:56:59,535.79
2022-03-31 10:57:04,535.69
2022-03-31 10:57:09,535.72
2022-03-31 10:57:14,535.79
2022-03-31 10:57:19,535.72
2022-03-31 10:57:24,535.69
2022-03-31 10:57:29,535.69
2022-03-31 10:57:34,535.69
2022-03-31 10:57:39,535.69
2022-03-31 10:57:44,535.69
2022-03-31 10:57:49,535.69
2022-03-31 10:57:54,535.69
2022-03-31 10:57:59,535.63
2022-03-31 10:58:04,535.63
2022-03-31 10:58:09,535.63
2022-03-31 10:58:14,535.63
2022-03-31 10:58:19,535.63
2022-03-31 10:58:24,535.56
2022-03-31 10:58:29,535.63
2022-03-31 10:58:34,535.57
2022-03-31 10:58:39,535.56
2022-03-31 10:58:44,535.57
2022-03-31 10:58:49,535.5
2022-03-31 10:58:54,535.57
2022-03-31 10:58:59,535.5
2022-03-31 10:59:04,535.5
2022-03-31 10:59:09,535.5
2022-03-31 10:59:14,535.57
2022-03-31 10:59:19,535.5
2022-03-31 10:59:24,535.57
2022-03-31 10:59:29,535.5
2022-03-31 10:59:34,535.57
2022-03-31 10:59:39,535.5
2022-03-31 10:59:44,535.5
2022-03-31 10:59:49,535.57
2022-03-31 10:59:54,535.5
2022-03-31 10:59:59,535.5
2022-03-31 11:00:04,535.56
2022-03-31 11:00:09,535.57
2022-03-31 11:00:14,535.56
2022-03-31 11:00:19,535.5
2022-03-31 11:00:24,535.57
2022-03-31 11:00:29,535.56
2022-03-31 11:00:34,535.57
2022-03-31 11:00:39,535.57
2022-03-31 11:00:44,535.5
2022-03-31 11:00:49,535.5
2022-03-31 11:00:54,535.5
2022-03-31 11:00:59,535.5
2022-03-31 11:01:04,535.5
2022-03-31 11:01:09,535.47
2022-03-31 11:01:14,535.47
2022-03-31 11:01:19,535.47
2022-03-31 11:01:24,535.47
2022-03-31 11:01:29,535.4
2022-03-31 11:01:34,535.4
2022-03-31 11:01:39,535.4
2022-03-31 11:01:44,535.33
2022-03-31 11:01:49,535.33
2022-03-31 11:01:54,535.27
2022-03-31 11:01:59,535.27
2022-03-31 11:02:04,535.2
2022-03-31 11:02:09,535.2
2022-03-31 11:02:14,535.17
2022-03-31 11:02:19,535.11
2022-03-31 11:02:24,535.1
2022-03-31 11:02:29,534.97
2022-03-31 11:02:34,534.97
2022-03-31 11:02:39,534.94
2022-03-31 11:02:44,534.88
2022-03-31 11:02:49,534.81
2022-03-31 11:02:54,534.74
2022-03-31 11:02:59,534.74
2022-03-31 11:03:04,534.65
2022-03-31 11:03:09,534.65
2022-03-31 11:03:14,534.58
2022-03-31 11:03:19,534.58
2022-03-31 11:03:24,534.52
2022-03-31 11:03:29,534.45
2022-03-31 11:03:34,534.35
2022-03-31 11:03:39,534.35
2022-03-31 11:03:44,534.29
2022-03-31 11:03:49,534.22
2022-03-31 11:03:54,534.16
2022-03-31 11:03:59,534.16
2022-03-31 11:04:04,534.12
2022-03-31 11:04:09,534.06
2022-03-31 11:04:14,533.99
2022-03-31 11:04:19,533.93
2022-03-31 11:04:24,533.9
2022-03-31 11:04:29,533.9
2022-03-31 11:04:34,533.83
2022-03-31 11:04:39,533.83
2022-03-31 11:04:44,533.77
2022-03-31 11:04:49,533.7
2022-03-31 11:04:54,533.7
2022-03-31 11:04:59,533.7
2022-03-31 11:05:04,533.64
2022-03-31 11:05:09,533.64
2022-03-31 11:05:14,533.61
2022-03-31 11:05:19,533.61
2022-03-31 11:05:24,533.54
2022-03-31 11:05:29,533.54
2022-03-31 11:05:34,533.54
2022-03-31 11:05:39,533.54
2022-03-31 11:05:44,533.48
2022-03-31 11:05:49,533.48
2022-03-31 11:05:54,533.48
2022-03-31 11:05:59,533.48
2022-03-31 11:06:04,533.48
2022-03-31 11:06:09,533.48
2022-03-31 11:06:14,533.48
2022-03-31 11:06:19,533.54
2022-03-31 11:06:24,533.48
2022-03-31 11:06:29,533.55
2022-03-31 11:06:34,533.55
2022-03-31 11:06:39,533.48
2022-03-31 11:06:44,533.54
2022-03-31 11:06:49,533.61
2022-03-31 11:06:54,533.61
2022-03-31 11:06:59,533.61
2022-03-31 11:07:04,533.61
2022-03-31 11:07:09,533.64
2022-03-31 11:07:14,533.64
2022-03-31 11:07:19,533.64
2022-03-31 11:07:24,533.64
2022-03-31 11:07:29,533.64
2022-03-31 11:07:34,533.7
2022-03-31 11:07:39,533.71
2022-03-31 11:07:44,533.71
2022-03-31 11:07:49,533.71
2022-03-31 11:07:54,533.7
2022-03-31 11:07:59,533.71
2022-03-31 11:08:04,533.7
2022-03-31 11:08:09,533.77
2022-03-31 11:08:14,533.77
2022-03-31 11:08:19,533.77
2022-03-31 11:08:24,533.77
2022-03-31 11:08:29,533.83
2022-03-31 11:08:34,533.77
2022-03-31 11:08:39,533.83
2022-03-31 11:08:44,533.83
2022-03-31 11:08:49,533.9
2022-03-31 11:08:54,533.93
2022-03-31 11:08:59,533.93
2022-03-31 11:09:04,533.93
2022-03-31 11:09:09,533.93
2022-03-31 11:09:14,533.99
2022-03-31 11:09:19,533.99
2022-03-31 11:09:24,533.99
2022-03-31 11:09:29,533.99
2022-03-31 11:09:34,534.05
2022-03-31 11:09:39,534.05
2022-03-31 11:09:44,534.05
2022-03-31 11:09:49,534.05
2022-03-31 11:09:54,534.12
2022-03-31 11:09:59,534.12
2022-03-31 11:10:04,534.12
2022-03-31 11:10:09,534.15
2022-03-31 11:10:14,534.15
2022-03-31 11:10:19,534.21
2022-03-31 11:10:24,534.21
2022-03-31 11:10:29,534.21
2022-03-31 11:10:34,534.21
2022-03-31 11:10:39,534.28
2022-03-31 11:10:44,534.28
2022-03-31 11:10:49,534.34
2022-03-31 11:10:54,534.34
2022-03-31 11:10:59,534.4
2022-03-31 11:11:04,534.43
2022-03-31 11:11:09,534.43
2022-03-31 11:11:14,534.43
2022-03-31 11:11:19,534.5
2022-03-31 11:11:24,534.5
2022-03-31 11:11:29,534.56
2022-03-31 11:11:34,534.56
2022-03-31 11:11:39,534.62
2022-03-31 11:11:44,534.62
2022-03-31 11:11:49,534.55
2022-03-31 11:11:54,534.65
2022-03-31 11:11:59,534.65
2022-03-31 11:12:04,534.65
2022-03-31 11:12:09,534.65
2022-03-31 11:12:14,534.71
2022-03-31 11:12:19,534.71
2022-03-31 11:12:24,534.84
2022-03-31 11:12:29,534.84
2022-03-31 11:12:34,534.84
2022-03-31 11:12:39,534.9
2022-03-31 11:12:44,534.9
2022-03-31 11:12:49,534.93
2022-03-31 11:12:54,535.0
2022-03-31 11:12:59,534.93
2022-03-31 11:13:04,535.0
2022-03-31 11:13:09,535.06
2022-03-31 11:13:14,535.06
2022-03-31 11:13:19,535.13
2022-03-31 11:13:24,535.13
2022-03-31 11:13:29,535.16
2022-03-31 11:13:34,535.16
2022-03-31 11:13:39,535.22
2022-03-31 11:13:44,535.22
2022-03-31 11:13:49,535.22
2022-03-31 11:13:54,535.29
2022-03-31 11:13:59,535.29
2022-03-31 11:14:04,535.35
2022-03-31 11:14:09,535.35
2022-03-31 11:14:14,535.42
2022-03-31 11:14:19,535.41
2022-03-31 11:14:24,535.45
2022-03-31 11:14:29,535.45
2022-03-31 11:14:34,535.58
2022-03-31 11:14:39,535.51
2022-03-31 11:14:44,535.58
2022-03-31 11:14:49,535.58
2022-03-31 11:14:54,535.67
2022-03-31 11:14:59,535.64
2022-03-31 11:15:04,535.68
2022-03-31 11:15:09,535.68
2022-03-31 11:15:14,535.74
2022-03-31 11:15:19,535.74
2022-03-31 11:15:24,535.74
2022-03-31 11:15:29,535.74
2022-03-31 11:15:34,535.81
2022-03-31 11:15:39,535.81
2022-03-31 11:15:44,535.87
2022-03-31 11:15:49,535.87
2022-03-31 11:15:54,535.87
2022-03-31 11:15:59,535.87
2022-03-31 11:16:04,535.94
2022-03-31 11:16:09,535.94
2022-03-31 11:16:14,535.97
2022-03-31 11:16:19,535.97
2022-03-31 11:16:24,535.97
2022-03-31 11:16:29,536.03
2022-03-31 11:16:34,536.03
2022-03-31 11:16:39,536.03
2022-03-31 11:16:44,536.03
2022-03-31 11:16:49,536.1
2022-03-31 11:16:54,536.1
2022-03-31 11:16:59,536.03
2022-03-31 11:17:04,536.03
2022-03-31 11:17:09,536.1
2022-03-31 11:17:14,536.1
2022-03-31 11:17:19,536.1
2022-03-31 11:17:24,536.1
2022-03-31 11:17:29,536.1
2022-03-31 11:17:34,536.1
2022-03-31 11:17:39,536.1
2022-03-31 11:17:44,536.1
2022-03-31 11:17:49,536.16
2022-03-31 11:17:54,536.16
2022-03-31 11:17:59,536.16
2022-03-31 11:18:04,536.16
2022-03-31 11:18:09,536.16
2022-03-31 11:18:14,536.19
2022-03-31 11:18:19,536.19
2022-03-31 11:18:24,536.19
2022-03-31 11:18:29,536.2
2022-03-31 11:18:34,536.2
2022-03-31 11:18:39,536.19
2022-03-31 11:18:44,536.19
2022-03-31 11:18:49,536.19
2022-03-31 11:18:54,536.19
2022-03-31 11:18:59,536.19
2022-03-31 11:19:04,536.19
2022-03-31 11:19:09,536.16
2022-03-31 11:19:14,536.16
2022-03-31 11:19:19,536.16
2022-03-31 11:19:24,536.16
2022-03-31 11:19:29,536.16
2022-03-31 11:19:34,536.09
2022-03-31 11:19:39,536.09
2022-03-31 11:19:44,536.09
2022-03-31 11:19:49,536.09
2022-03-31 11:19:54,536.03
2022-03-31 11:19:59,536.03
2022-03-31 11:20:04,536.09
2022-03-31 11:20:09,536.03
2022-03-31 11:20:14,536.09
2022-03-31 11:20:19,536.09
2022-03-31 11:20:24,536.02
2022-03-31 11:20:29,536.15
2022-03-31 11:20:34,536.09
2022-03-31 11:20:39,536.08
2022-03-31 11:20:44,536.15
2022-03-31 11:20:49,536.15
2022-03-31 11:20:54,536.15
2022-03-31 11:20:59,536.15
2022-03-31 11:21:04,536.15
2022-03-31 11:21:09,536.15
2022-03-31 11:21:14,536.15
2022-03-31 11:21:19,536.18
2022-03-31 11:21:24,536.18
2022-03-31 11:21:29,536.18
2022-03-31 11:21:34,536.24
2022-03-31 11:21:39,536.24
2022-03-31 11:21:44,536.24
2022-03-31 11:21:49,536.3
2022-03-31 11:21:54,536.3
2022-03-31 11:21:59,536.3
2022-03-31 11:22:04,536.36
2022-03-31 11:22:09,536.36
2022-03-31 11:22:14,536.36
2022-03-31 11:22:19,536.43
2022-03-31 11:22:24,536.43
2022-03-31 11:22:29,536.43
2022-03-31 11:22:34,536.46
2022-03-31 11:22:39,536.46
2022-03-31 11:22:44,536.53
2022-03-31 11:22:49,536.53
2022-03-31 11:22:54,536.59
2022-03-31 11:22:59,536.59
2022-03-31 11:23:04,536.59
2022-03-31 11:23:09,536.66
2022-03-31 11:23:14,536.69
2022-03-31 11:23:19,536.69
2022-03-31 11:23:24,536.75
2022-03-31 11:23:29,536.75
2022-03-31 11:23:34,536.76
2022-03-31 11:23:39,536.76
2022-03-31 11:23:44,536.76
2022-03-31 11:23:49,536.82
2022-03-31 11:23:54,536.88
2022-03-31 11:23:59,536.88
2022-03-31 11:24:04,536.88
2022-03-31 11:24:09,536.95
2022-03-31 11:24:14,536.95
2022-03-31 11:24:19,536.95
2022-03-31 11:24:24,536.98
2022-03-31 11:24:29,537.05
2022-03-31 11:24:34,537.05
2022-03-31 11:24:39,537.11
2022-03-31 11:24:44,537.18
2022-03-31 11:24:49,537.18
2022-03-31 11:24:54,537.18
2022-03-31 11:24:59,537.21
2022-03-31 11:25:04,537.21
2022-03-31 11:25:09,537.27
2022-03-31 11:25:14,537.28
2022-03-31 11:25:19,537.34
2022-03-31 11:25:24,537.34
2022-03-31 11:25:29,537.4
2022-03-31 11:25:34,537.4
2022-03-31 11:25:39,537.47
2022-03-31 11:25:44,537.47
2022-03-31 11:25:49,537.57
2022-03-31 11:25:54,537.57
2022-03-31 11:25:59,537.63
2022-03-31 11:26:04,537.63
2022-03-31 11:26:09,537.63
2022-03-31 11:26:14,537.69
2022-03-31 11:26:19,537.73
2022-03-31 11:26:24,537.79
2022-03-31 11:26:29,537.73
2022-03-31 11:26:34,537.86
2022-03-31 11:26:39,537.79
2022-03-31 11:26:44,537.86
2022-03-31 11:26:49,537.92
2022-03-31 11:26:54,537.86
2022-03-31 11:26:59,537.92
2022-03-31 11:27:04,537.92
2022-03-31 11:27:09,537.92
2022-03-31 11:27:14,537.92
2022-03-31 11:27:19,538.02
2022-03-31 11:27:24,538.02
2022-03-31 11:27:29,538.08
2022-03-31 11:27:34,538.08
2022-03-31 11:27:39,538.08
2022-03-31 11:27:44,538.15
2022-03-31 11:27:49,538.14
2022-03-31 11:27:54,538.14
2022-03-31 11:27:59,538.08
2022-03-31 11:28:04,538.21
2022-03-31 11:28:09,538.24
2022-03-31 11:28:14,538.24
2022-03-31 11:28:19,538.24
2022-03-31 11:28:24,538.24
2022-03-31 11:28:29,538.3
2022-03-31 11:28:34,538.3
2022-03-31 11:28:39,538.36
2022-03-31 11:28:44,538.36
2022-03-31 11:28:49,538.36
2022-03-31 11:28:54,538.43
2022-03-31 11:28:59,538.43
2022-03-31 11:29:04,538.43
2022-03-31 11:29:09,538.43
2022-03-31 11:29:14,538.43
2022-03-31 11:29:19,538.42
2022-03-31 11:29:24,538.49
2022-03-31 11:29:29,538.49
2022-03-31 11:29:34,538.49
2022-03-31 11:29:39,538.52
2022-03-31 11:29:44,538.49
2022-03-31 11:29:49,538.49
2022-03-31 11:29:54,538.52
2022-03-31 11:29:59,538.52
2022-03-31 11:30:04,538.52
2022-03-31 11:30:09,538.52
2022-03-31 11:30:14,538.58
2022-03-31 11:30:19,538.58
2022-03-31 11:30:24,538.58
2022-03-31 11:30:29,538.58
2022-03-31 11:30:34,538.65
2022-03-31 11:30:39,538.64
2022-03-31 11:30:44,538.64
2022-03-31 11:30:49,538.64
2022-03-31 11:30:54,538.64
2022-03-31 11:30:59,538.64
2022-03-31 11:31:04,538.64
2022-03-31 11:31:09,538.64
2022-03-31 11:31:14,538.64
2022-03-31 11:31:19,538.64
2022-03-31 11:31:24,538.64
2022-03-31 11:31:29,538.64
2022-03-31 11:31:34,538.64
2022-03-31 11:31:39,538.64
2022-03-31 11:31:44,538.58
2022-03-31 11:31:49,538.58
2022-03-31 11:31:54,538.58
2022-03-31 11:31:59,538.51
2022-03-31 11:32:04,538.51
2022-03-31 11:32:09,538.48
2022-03-31 11:32:14,538.48
2022-03-31 11:32:19,538.42
2022-03-31 11:32:24,538.42
2022-03-31 11:32:29,538.35
2022-03-31 11:32:34,538.35
2022-03-31 11:32:39,538.35
2022-03-31 11:32:44,538.29
2022-03-31 11:32:49,538.19
2022-03-31 11:32:54,538.19
2022-03-31 11:32:59,538.13
2022-03-31 11:33:04,538.07
2022-03-31 11:33:09,538.0
2022-03-31 11:33:14,537.97
2022-03-31 11:33:19,537.91
2022-03-31 11:33:24,537.91
2022-03-31 11:33:29,537.78
2022-03-31 11:33:34,537.71
2022-03-31 11:33:39,537.62
2022-03-31 11:33:44,537.62
2022-03-31 11:33:49,537.55
2022-03-31 11:33:54,537.49
2022-03-31 11:33:59,537.39
2022-03-31 11:34:04,537.33
2022-03-31 11:34:09,537.26
2022-03-31 11:34:14,537.17
2022-03-31 11:34:19,537.1
2022-03-31 11:34:24,537.04
2022-03-31 11:34:29,536.97
2022-03-31 11:34:34,536.94
2022-03-31 11:34:39,536.82
2022-03-31 11:34:44,536.82
2022-03-31 11:34:49,536.69
2022-03-31 11:34:54,536.59
2022-03-31 11:34:59,536.52
2022-03-31 11:35:04,536.43
2022-03-31 11:35:09,536.36
2022-03-31 11:35:14,536.3
2022-03-31 11:35:19,536.17
2022-03-31 11:35:24,536.14
2022-03-31 11:35:29,536.07
2022-03-31 11:35:34,536.01
2022-03-31 11:35:39,535.91
2022-03-31 11:35:44,535.85
2022-03-31 11:35:49,535.78
2022-03-31 11:35:54,535.65
2022-03-31 11:35:59,535.62
2022-03-31 11:36:04,537.71
2022-03-31 11:36:09,535.43
2022-03-31 11:36:14,535.4
2022-03-31 11:36:19,535.33
2022-03-31 11:36:24,535.27
2022-03-31 11:36:29,535.11
2022-03-31 11:36:34,535.04
2022-03-31 11:36:39,534.98
2022-03-31 11:36:44,534.88
2022-03-31 11:36:49,534.81
2022-03-31 11:36:54,534.81
2022-03-31 11:36:59,534.68
2022-03-31 11:37:04,534.62
2022-03-31 11:37:09,534.58
2022-03-31 11:37:14,534.46
2022-03-31 11:37:19,534.39
2022-03-31 11:37:24,534.36
2022-03-31 11:37:29,534.3
2022-03-31 11:37:34,534.23
2022-03-31 11:37:39,534.23
2022-03-31 11:37:44,534.1
2022-03-31 11:37:49,534.1
2022-03-31 11:37:54,534.0
2022-03-31 11:37:59,534.0
2022-03-31 11:38:04,533.94
2022-03-31 11:38:09,533.84
2022-03-31 11:38:14,533.84
2022-03-31 11:38:19,533.77
2022-03-31 11:38:24,533.71
2022-03-31 11:38:29,533.71
2022-03-31 11:38:34,533.64
2022-03-31 11:38:39,533.64
2022-03-31 11:38:44,533.58
2022-03-31 11:38:49,533.55
2022-03-31 11:38:54,533.48
2022-03-31 11:38:59,533.42
2022-03-31 11:39:04,533.35
2022-03-31 11:39:09,533.35
2022-03-31 11:39:14,533.32
2022-03-31 11:39:19,533.31
2022-03-31 11:39:24,533.25
2022-03-31 11:39:29,533.25
2022-03-31 11:39:34,533.19
2022-03-31 11:39:39,533.12
2022-03-31 11:39:44,533.12
2022-03-31 11:39:49,533.05
2022-03-31 11:39:54,533.06
2022-03-31 11:39:59,533.02
2022-03-31 11:40:04,532.96
2022-03-31 11:40:09,532.89
2022-03-31 11:40:14,532.89
2022-03-31 11:40:19,532.83
2022-03-31 11:40:24,532.83
2022-03-31 11:40:29,532.83
2022-03-31 11:40:34,532.8
2022-03-31 11:40:39,532.8
2022-03-31 11:40:44,537.71
2022-03-31 11:40:49,532.67
2022-03-31 11:40:54,532.73
2022-03-31 11:40:59,532.73
2022-03-31 11:41:04,532.67
2022-03-31 11:41:09,532.61
2022-03-31 11:41:14,532.67
2022-03-31 11:41:19,532.67
2022-03-31 11:41:24,532.67
2022-03-31 11:41:29,532.67
2022-03-31 11:41:34,532.61
2022-03-31 11:41:39,532.67
2022-03-31 11:41:44,532.67
2022-03-31 11:41:49,532.67
2022-03-31 11:41:54,532.67
2022-03-31 11:41:59,532.67
2022-03-31 11:42:04,532.74
2022-03-31 11:42:09,532.74
2022-03-31 11:42:14,532.8
2022-03-31 11:42:19,532.83
2022-03-31 11:42:24,532.9
2022-03-31 11:42:29,532.9
2022-03-31 11:42:34,532.96
2022-03-31 11:42:39,533.03
2022-03-31 11:42:44,533.06
2022-03-31 11:42:49,533.13
2022-03-31 11:42:54,533.13
2022-03-31 11:42:59,533.26
2022-03-31 11:43:04,533.32
2022-03-31 11:43:09,533.35
2022-03-31 11:43:14,533.42
2022-03-31 11:43:19,533.55
2022-03-31 11:43:24,533.55
2022-03-31 11:43:29,533.58
2022-03-31 11:43:34,533.71
2022-03-31 11:43:39,533.77
2022-03-31 11:43:44,533.87
2022-03-31 11:43:49,533.93
2022-03-31 11:43:54,534.06
2022-03-31 11:43:59,534.1
2022-03-31 11:44:04,534.16
2022-03-31 11:44:09,534.29
2022-03-31 11:44:14,534.36
2022-03-31 11:44:19,534.45
2022-03-31 11:44:24,534.52
2022-03-31 11:44:29,534.61
2022-03-31 11:44:34,534.74
2022-03-31 11:44:39,534.81
2022-03-31 11:44:44,534.87
2022-03-31 11:44:49,534.97
2022-03-31 11:44:54,535.03
2022-03-31 11:44:59,535.13
2022-03-31 11:45:04,535.2
2022-03-31 11:45:09,535.33
2022-03-31 11:45:14,535.39
2022-03-31 11:45:19,535.42
2022-03-31 11:45:24,535.55
2022-03-31 11:45:29,535.62
2022-03-31 11:45:34,535.65
2022-03-31 11:45:39,535.78
2022-03-31 11:45:44,535.84
2022-03-31 11:45:49,535.94
2022-03-31 11:45:54,536.01
2022-03-31 11:45:59,536.13
2022-03-31 11:46:04,536.17
2022-03-31 11:46:09,536.23
2022-03-31 11:46:14,536.36
2022-03-31 11:46:19,536.43
2022-03-31 11:46:24,536.59
2022-03-31 11:46:29,536.65
2022-03-31 11:46:34,536.68
2022-03-31 11:46:39,536.88
2022-03-31 11:46:44,536.94
2022-03-31 11:46:49,537.04
2022-03-31 11:46:54,537.17
2022-03-31 11:46:59,537.2
2022-03-31 11:47:04,537.33
2022-03-31 11:47:09,537.46
2022-03-31 11:47:14,537.56
2022-03-31 11:47:19,537.69
2022-03-31 11:47:24,537.72
2022-03-31 11:47:29,537.91
2022-03-31 11:47:34,537.98
2022-03-31 11:47:39,538.07
2022-03-31 11:47:44,538.21
2022-03-31 11:47:49,538.3
2022-03-31 11:47:54,538.37
2022-03-31 11:47:59,538.5
2022-03-31 11:48:04,538.53
2022-03-31 11:48:09,538.66
2022-03-31 11:48:14,538.75
2022-03-31 11:48:19,538.82
2022-03-31 11:48:24,538.89
2022-03-31 11:48:29,539.01
2022-03-31 11:48:34,539.05
2022-03-31 11:48:39,539.18
2022-03-31 11:48:44,539.18
2022-03-31 11:48:49,539.27
2022-03-31 11:48:54,539.27
2022-03-31 11:48:59,539.34
2022-03-31 11:49:04,539.41
2022-03-31 11:49:09,539.41
2022-03-31 11:49:14,539.54
2022-03-31 11:49:19,539.57
2022-03-31 11:49:24,539.57
2022-03-31 11:49:29,539.63
2022-03-31 11:49:34,539.64
2022-03-31 11:49:39,539.64
2022-03-31 11:49:44,539.7
2022-03-31 11:49:49,539.77
2022-03-31 11:49:54,539.77
2022-03-31 11:49:59,539.77
2022-03-31 11:50:04,539.77
2022-03-31 11:50:09,539.77
2022-03-31 11:50:14,539.8
2022-03-31 11:50:19,539.8
2022-03-31 11:50:24,539.93
2022-03-31 11:50:29,539.93
2022-03-31 11:50:34,539.93
2022-03-31 11:50:39,539.93
2022-03-31 11:50:44,539.93
2022-03-31 11:50:49,539.93
2022-03-31 11:50:54,540.0
2022-03-31 11:50:59,540.0
2022-03-31 11:51:04,539.93
2022-03-31 11:51:09,539.93
2022-03-31 11:51:14,539.94
2022-03-31 11:51:19,539.94
2022-03-31 11:51:24,540.0
2022-03-31 11:51:29,539.94
2022-03-31 11:51:34,539.94
2022-03-31 11:51:39,539.94
2022-03-31 11:51:44,539.87
2022-03-31 11:51:49,539.88
2022-03-31 11:51:54,539.81
2022-03-31 11:51:59,539.87
2022-03-31 11:52:04,539.81
2022-03-31 11:52:09,539.81
2022-03-31 11:52:14,539.78
2022-03-31 11:52:19,539.71
2022-03-31 11:52:24,539.65
2022-03-31 11:52:29,539.65
2022-03-31 11:52:34,539.59
2022-03-31 11:52:39,539.55
2022-03-31 11:52:44,539.49
2022-03-31 11:52:49,539.42
2022-03-31 11:52:54,539.42
2022-03-31 11:52:59,539.3
2022-03-31 11:53:04,539.29
2022-03-31 11:53:09,539.2
2022-03-31 11:53:14,539.13
2022-03-31 11:53:19,539.13
2022-03-31 11:53:24,539.07
2022-03-31 11:53:29,539.04
2022-03-31 11:53:34,538.97
2022-03-31 11:53:39,538.91
2022-03-31 11:53:44,538.85
2022-03-31 11:53:49,538.78
2022-03-31 11:53:54,538.75
2022-03-31 11:53:59,538.69
2022-03-31 11:54:04,538.62
2022-03-31 11:54:09,538.56
2022-03-31 11:54:14,538.52
2022-03-31 11:54:19,538.46
2022-03-31 11:54:24,538.33
2022-03-31 11:54:29,538.26
2022-03-31 11:54:34,538.16
2022-03-31 11:54:39,538.1
2022-03-31 11:54:44,538.0
2022-03-31 11:54:49,537.94
2022-03-31 11:54:54,537.81
2022-03-31 11:54:59,537.74
2022-03-31 11:55:04,537.71
2022-03-31 11:55:09,537.58
2022-03-31 11:55:14,537.48
2022-03-31 11:55:19,537.36
2022-03-31 11:55:24,537.29
2022-03-31 11:55:29,537.23
2022-03-31 11:55:34,537.13
2022-03-31 11:55:39,537.06
2022-03-31 11:55:44,536.97
2022-03-31 11:55:49,536.9
2022-03-31 11:55:54,536.77
2022-03-31 11:55:59,536.68
2022-03-31 11:56:04,536.61
2022-03-31 11:56:09,536.48
2022-03-31 11:56:14,536.39
2022-03-31 11:56:19,536.32
2022-03-31 11:56:24,536.26
2022-03-31 11:56:29,536.16
2022-03-31 11:56:34,536.1
2022-03-31 11:56:39,536.03
2022-03-31 11:56:44,535.94
2022-03-31 11:56:49,535.81
2022-03-31 11:56:54,535.8
2022-03-31 11:56:59,535.67
2022-03-31 11:57:04,535.65
2022-03-31 11:57:09,535.58
2022-03-31 11:57:14,535.58
2022-03-31 11:57:19,535.45
2022-03-31 11:57:24,535.45
2022-03-31 11:57:29,535.36
2022-03-31 11:57:34,535.36
2022-03-31 11:57:39,535.29
2022-03-31 11:57:44,535.29
2022-03-31 11:57:49,535.16
2022-03-31 11:57:54,535.16
2022-03-31 11:57:59,535.13
2022-03-31 11:58:04,535.13
2022-03-31 11:58:09,535.0
2022-03-31 11:58:14,535.0
2022-03-31 11:58:19,535.0
2022-03-31 11:58:24,534.94
2022-03-31 11:58:29,534.94
2022-03-31 11:58:34,534.84
2022-03-31 11:58:39,534.84
2022-03-31 11:58:44,534.78
2022-03-31 11:58:49,534.71
2022-03-31 11:58:54,534.72
2022-03-31 11:58:59,534.65
2022-03-31 11:59:04,534.62
2022-03-31 11:59:09,534.62
2022-03-31 11:59:14,534.55
2022-03-31 11:59:19,534.49
2022-03-31 11:59:24,534.49
2022-03-31 11:59:29,534.43
2022-03-31 11:59:34,534.43
2022-03-31 11:59:39,534.39
2022-03-31 11:59:44,534.33
2022-03-31 11:59:49,534.33
2022-03-31 11:59:54,534.26
2022-03-31 11:59:59,534.26
2022-03-31 12:00:04,534.26
2022-03-31 12:00:09,534.27
2022-03-31 12:00:14,534.2
2022-03-31 12:00:19,534.14
2022-03-31 12:00:24,534.2
2022-03-31 12:00:29,534.2
2022-03-31 12:00:34,534.14
2022-03-31 12:00:39,534.14
2022-03-31 12:00:44,534.1
2022-03-31 12:00:49,534.11
2022-03-31 12:00:54,534.1
2022-03-31 12:00:59,534.14
2022-03-31 12:01:04,534.11
2022-03-31 12:01:09,534.04
2022-03-31 12:01:14,534.1
2022-03-31 12:01:19,534.1
2022-03-31 12:01:24,534.04
2022-03-31 12:01:29,534.1
2022-03-31 12:01:34,534.1
2022-03-31 12:01:39,534.1
2022-03-31 12:01:44,534.04
2022-03-31 12:01:49,534.04
2022-03-31 12:01:54,534.04
2022-03-31 12:01:59,534.04
2022-03-31 12:02:04,534.1
2022-03-31 12:02:09,534.1
2022-03-31 12:02:14,534.1
2022-03-31 12:02:19,534.1
2022-03-31 12:02:24,534.1
2022-03-31 12:02:29,534.13
2022-03-31 12:02:34,534.13
2022-03-31 12:02:39,534.13
2022-03-31 12:02:44,534.13
2022-03-31 12:02:49,534.13
2022-03-31 12:02:54,534.13
2022-03-31 12:02:59,534.13
2022-03-31 12:03:04,534.19
2022-03-31 12:03:09,534.19
2022-03-31 12:03:14,534.13
2022-03-31 12:03:19,534.19
2022-03-31 12:03:24,534.19
2022-03-31 12:03:29,534.12
2022-03-31 12:03:34,534.12
2022-03-31 12:03:39,534.12
2022-03-31 12:03:44,534.19
2022-03-31 12:03:49,534.19
2022-03-31 12:03:54,534.18
2022-03-31 12:03:59,534.18
2022-03-31 12:04:04,534.18
2022-03-31 12:04:09,534.18
2022-03-31 12:04:14,534.25
2022-03-31 12:04:19,534.25
2022-03-31 12:04:24,534.25
2022-03-31 12:04:29,534.24
2022-03-31 12:04:34,534.31
2022-03-31 12:04:39,534.24
2022-03-31 12:04:44,534.24
2022-03-31 12:04:49,534.24
2022-03-31 12:04:54,534.24
2022-03-31 12:04:59,534.3
2022-03-31 12:05:04,534.24
2022-03-31 12:05:09,534.3
2022-03-31 12:05:14,534.3
2022-03-31 12:05:19,534.37
2022-03-31 12:05:24,534.36
2022-03-31 12:05:29,534.36
2022-03-31 12:05:34,534.36
2022-03-31 12:05:39,534.36
2022-03-31 12:05:44,534.39
2022-03-31 12:05:49,534.39
2022-03-31 12:05:54,534.39
2022-03-31 12:05:59,534.39
2022-03-31 12:06:04,534.39
2022-03-31 12:06:09,534.39
2022-03-31 12:06:14,534.46
2022-03-31 12:06:19,534.46
2022-03-31 12:06:24,534.46
2022-03-31 12:06:29,534.52
2022-03-31 12:06:34,534.52
2022-03-31 12:06:39,534.52
2022-03-31 12:06:44,534.52
2022-03-31 12:06:49,534.58
2022-03-31 12:06:54,534.58
2022-03-31 12:06:59,534.62
2022-03-31 12:07:04,534.62
2022-03-31 12:07:09,534.68
2022-03-31 12:07:14,534.68
2022-03-31 12:07:19,534.68
2022-03-31 12:07:24,534.68
2022-03-31 12:07:29,534.74
2022-03-31 12:07:34,534.74
2022-03-31 12:07:39,534.81
2022-03-31 12:07:44,534.75
2022-03-31 12:07:49,534.81
2022-03-31 12:07:54,534.81
2022-03-31 12:07:59,534.81
2022-03-31 12:08:04,534.87
2022-03-31 12:08:09,534.87
2022-03-31 12:08:14,534.91
2022-03-31 12:08:19,534.91
2022-03-31 12:08:24,534.9
2022-03-31 12:08:29,534.91
2022-03-31 12:08:34,534.97
2022-03-31 12:08:39,534.97
2022-03-31 12:08:44,535.04
2022-03-31 12:08:49,535.03
2022-03-31 12:08:54,535.03
2022-03-31 12:08:59,535.1
2022-03-31 12:09:04,535.13
2022-03-31 12:09:09,535.1
2022-03-31 12:09:14,535.13
2022-03-31 12:09:19,535.13
2022-03-31 12:09:24,535.2
2022-03-31 12:09:29,535.2
2022-03-31 12:09:34,535.26
2022-03-31 12:09:39,535.26
2022-03-31 12:09:44,535.26
2022-03-31 12:09:49,535.26
2022-03-31 12:09:54,535.32
2022-03-31 12:09:59,535.32
2022-03-31 12:10:04,535.26
2022-03-31 12:10:09,535.32
2022-03-31 12:10:14,535.39
2022-03-31 12:10:19,535.38
2022-03-31 12:10:24,535.32
2022-03-31 12:10:29,535.32
2022-03-31 12:10:34,535.32
2022-03-31 12:10:39,535.26
2022-03-31 12:10:44,535.26
2022-03-31 12:10:49,535.25
2022-03-31 12:10:54,535.26
2022-03-31 12:10:59,535.25
2022-03-31 12:11:04,535.19
2022-03-31 12:11:09,535.25
2022-03-31 12:11:14,535.32
2022-03-31 12:11:19,535.25
2022-03-31 12:11:24,535.32
2022-03-31 12:11:29,535.25
2022-03-31 12:11:34,535.25
2022-03-31 12:11:39,535.25
2022-03-31 12:11:44,535.32
2022-03-31 12:11:49,535.32
2022-03-31 12:11:54,535.31
2022-03-31 12:11:59,535.31
2022-03-31 12:12:04,535.31
2022-03-31 12:12:09,535.38
2022-03-31 12:12:14,535.41
2022-03-31 12:12:19,535.37
2022-03-31 12:12:24,535.38
2022-03-31 12:12:29,535.41
2022-03-31 12:12:34,535.41
2022-03-31 12:12:39,535.47
2022-03-31 12:12:44,535.53
2022-03-31 12:12:49,535.53
2022-03-31 12:12:54,535.53
2022-03-31 12:12:59,535.59
2022-03-31 12:13:04,535.62
2022-03-31 12:13:09,535.62
2022-03-31 12:13:14,535.69
2022-03-31 12:13:19,535.69
2022-03-31 12:13:24,535.75
2022-03-31 12:13:29,535.81
2022-03-31 12:13:34,535.91
2022-03-31 12:13:39,535.91
2022-03-31 12:13:44,535.98
2022-03-31 12:13:49,535.97
2022-03-31 12:13:54,536.03
2022-03-31 12:13:59,536.1
2022-03-31 12:14:04,536.13
2022-03-31 12:14:09,536.13
2022-03-31 12:14:14,536.2
2022-03-31 12:14:19,536.32
2022-03-31 12:14:24,536.32
2022-03-31 12:14:29,536.32
2022-03-31 12:14:34,536.38
2022-03-31 12:14:39,536.42
2022-03-31 12:14:44,536.48
2022-03-31 12:14:49,536.54
2022-03-31 12:14:54,536.61
2022-03-31 12:14:59,536.54
2022-03-31 12:15:04,536.64
2022-03-31 12:15:09,536.7
2022-03-31 12:15:14,536.7
2022-03-31 12:15:19,536.77
2022-03-31 12:15:24,536.76
2022-03-31 12:15:29,536.83
2022-03-31 12:15:34,536.9
2022-03-31 12:15:39,536.9
2022-03-31 12:15:44,536.93
2022-03-31 12:15:49,536.99
2022-03-31 12:15:54,536.99
2022-03-31 12:15:59,537.05
2022-03-31 12:16:04,537.05
2022-03-31 12:16:09,537.12
2022-03-31 12:16:14,537.15
2022-03-31 12:16:19,537.15
2022-03-31 12:16:24,537.22
2022-03-31 12:16:29,537.28
2022-03-31 12:16:34,537.34
2022-03-31 12:16:39,537.34
2022-03-31 12:16:44,537.41
2022-03-31 12:16:49,537.44
2022-03-31 12:16:54,537.51
2022-03-31 12:16:59,537.51
2022-03-31 12:17:04,537.57
2022-03-31 12:17:09,537.63
2022-03-31 12:17:14,537.63
2022-03-31 12:17:19,537.66
2022-03-31 12:17:24,537.66
2022-03-31 12:17:29,537.86
2022-03-31 12:17:34,537.86
2022-03-31 12:17:39,537.86
2022-03-31 12:17:44,537.92
2022-03-31 12:17:49,537.96
2022-03-31 12:17:54,538.02
2022-03-31 12:17:59,538.08
2022-03-31 12:18:04,538.15
2022-03-31 12:18:09,538.18
2022-03-31 12:18:14,538.24
2022-03-31 12:18:19,538.37
2022-03-31 12:18:24,538.37
2022-03-31 12:18:29,538.44
2022-03-31 12:18:34,538.47
2022-03-31 12:18:39,538.53
2022-03-31 12:18:44,538.66
2022-03-31 12:18:49,538.66
2022-03-31 12:18:54,538.69
2022-03-31 12:18:59,538.76
2022-03-31 12:19:04,538.76
2022-03-31 12:19:09,538.82
2022-03-31 12:19:14,538.82
2022-03-31 12:19:19,538.88
2022-03-31 12:19:24,538.95
2022-03-31 12:19:29,538.95
2022-03-31 12:19:34,539.04
2022-03-31 12:19:39,539.04
2022-03-31 12:19:44,539.11
2022-03-31 12:19:49,539.11
2022-03-31 12:19:54,539.17
2022-03-31 12:19:59,539.2
2022-03-31 12:20:04,539.2
2022-03-31 12:20:09,539.27
2022-03-31 12:20:14,539.33
2022-03-31 12:20:19,539.33
2022-03-31 12:20:24,539.39
2022-03-31 12:20:29,539.46
2022-03-31 12:20:34,539.46
2022-03-31 12:20:39,539.49
2022-03-31 12:20:44,539.55
2022-03-31 12:20:49,539.55
2022-03-31 12:20:54,539.55
2022-03-31 12:20:59,539.61
2022-03-31 12:21:04,539.61
2022-03-31 12:21:09,539.68
2022-03-31 12:21:14,539.68
2022-03-31 12:21:19,539.71
2022-03-31 12:21:24,539.71
2022-03-31 12:21:29,539.77
2022-03-31 12:21:34,539.77
2022-03-31 12:21:39,539.77
2022-03-31 12:21:44,539.77
2022-03-31 12:21:49,539.77
2022-03-31 12:21:54,539.77
2022-03-31 12:21:59,539.77
2022-03-31 12:22:04,539.77
2022-03-31 12:22:09,539.83
2022-03-31 12:22:14,539.77
2022-03-31 12:22:19,539.83
2022-03-31 12:22:24,539.83
2022-03-31 12:22:29,539.76
2022-03-31 12:22:34,539.83
2022-03-31 12:22:39,539.76
2022-03-31 12:22:44,539.76
2022-03-31 12:22:49,539.69
2022-03-31 12:22:54,539.76
2022-03-31 12:22:59,539.69
2022-03-31 12:23:04,539.69
2022-03-31 12:23:09,539.66
2022-03-31 12:23:14,539.6
2022-03-31 12:23:19,539.53
2022-03-31 12:23:24,539.53
2022-03-31 12:23:29,539.46
2022-03-31 12:23:34,539.43
2022-03-31 12:23:39,539.3
2022-03-31 12:23:44,539.3
2022-03-31 12:23:49,539.3
2022-03-31 12:23:54,539.24
2022-03-31 12:23:59,539.14
2022-03-31 12:24:04,539.14
2022-03-31 12:24:09,539.07
2022-03-31 12:24:14,539.01
2022-03-31 12:24:19,538.91
2022-03-31 12:24:24,538.91
2022-03-31 12:24:29,538.85
2022-03-31 12:24:34,538.72
2022-03-31 12:24:39,538.65
2022-03-31 12:24:44,538.62
2022-03-31 12:24:49,538.49
2022-03-31 12:24:54,538.43
2022-03-31 12:24:59,538.39
2022-03-31 12:25:04,538.33
2022-03-31 12:25:09,538.27
2022-03-31 12:25:14,538.14
2022-03-31 12:25:19,538.11
2022-03-31 12:25:24,538.04
2022-03-31 12:25:29,537.91
2022-03-31 12:25:34,537.91
2022-03-31 12:25:39,537.82
2022-03-31 12:25:44,537.75
2022-03-31 12:25:49,537.75
2022-03-31 12:25:54,537.62
2022-03-31 12:25:59,537.59
2022-03-31 12:26:04,537.59
2022-03-31 12:26:09,537.53
2022-03-31 12:26:14,537.46
2022-03-31 12:26:19,537.4
2022-03-31 12:26:24,537.37
2022-03-31 12:26:29,537.3
2022-03-31 12:26:34,537.3
2022-03-31 12:26:39,537.24
2022-03-31 12:26:44,537.17
2022-03-31 12:26:49,537.11
2022-03-31 12:26:54,537.11
2022-03-31 12:26:59,537.11
2022-03-31 12:27:04,537.07
2022-03-31 12:27:09,537.08
2022-03-31 12:27:14,537.01
2022-03-31 12:27:19,537.01
2022-03-31 12:27:24,536.95
2022-03-31 12:27:29,536.88
2022-03-31 12:27:34,536.95
2022-03-31 12:27:39,536.88
2022-03-31 12:27:44,536.88
2022-03-31 12:27:49,536.88
2022-03-31 12:27:54,536.85
2022-03-31 12:27:59,536.78
2022-03-31 12:28:04,536.78
2022-03-31 12:28:09,536.72
2022-03-31 12:28:14,536.72
2022-03-31 12:28:19,536.65
2022-03-31 12:28:24,536.59
2022-03-31 12:28:29,536.55
2022-03-31 12:28:34,536.56
2022-03-31 12:28:39,536.56
2022-03-31 12:28:44,536.49
2022-03-31 12:28:49,536.43
2022-03-31 12:28:54,536.43
2022-03-31 12:28:59,536.33
2022-03-31 12:29:04,536.33
2022-03-31 12:29:09,536.33
2022-03-31 12:29:14,536.26
2022-03-31 12:29:19,536.2
2022-03-31 12:29:24,536.13
2022-03-31 12:29:29,536.07
2022-03-31 12:29:34,536.04
2022-03-31 12:29:39,536.04
2022-03-31 12:29:44,535.97
2022-03-31 12:29:49,535.91
2022-03-31 12:29:54,535.84
2022-03-31 12:29:59,535.81
2022-03-31 12:30:04,535.74
2022-03-31 12:30:09,535.74
2022-03-31 12:30:14,535.62
2022-03-31 12:30:19,535.55
2022-03-31 12:30:24,535.55
2022-03-31 12:30:29,535.45
2022-03-31 12:30:34,535.45
2022-03-31 12:30:39,535.38
2022-03-31 12:30:44,535.28
2022-03-31 12:30:49,535.28
2022-03-31 12:30:54,535.16
2022-03-31 12:30:59,535.09
2022-03-31 12:31:04,535.02
2022-03-31 12:31:09,535.02
2022-03-31 12:31:14,534.99
2022-03-31 12:31:19,534.93
2022-03-31 12:31:24,534.86
2022-03-31 12:31:29,534.86
2022-03-31 12:31:34,534.86
2022-03-31 12:31:39,534.76
2022-03-31 12:31:44,534.76
2022-03-31 12:31:49,534.76
2022-03-31 12:31:54,534.69
2022-03-31 12:31:59,534.63
2022-03-31 12:32:04,534.63
2022-03-31 12:32:09,534.63
2022-03-31 12:32:14,534.62
2022-03-31 12:32:19,534.56
2022-03-31 12:32:24,534.56
2022-03-31 12:32:29,534.56
2022-03-31 12:32:34,534.5
2022-03-31 12:32:39,534.49
2022-03-31 12:32:44,534.46
2022-03-31 12:32:49,534.49
2022-03-31 12:32:54,534.49
2022-03-31 12:32:59,534.49
2022-03-31 12:33:04,534.49
2022-03-31 12:33:09,534.49
2022-03-31 12:33:14,534.49
2022-03-31 12:33:19,534.49
2022-03-31 12:33:24,534.55
2022-03-31 12:33:29,534.61
2022-03-31 12:33:34,534.61
2022-03-31 12:33:39,534.62
2022-03-31 12:33:44,534.68
2022-03-31 12:33:49,534.68
2022-03-31 12:33:54,534.74
2022-03-31 12:33:59,534.78
2022-03-31 12:34:04,534.78
2022-03-31 12:34:09,534.84
2022-03-31 12:34:14,534.84
2022-03-31 12:34:19,534.9
2022-03-31 12:34:24,534.9
2022-03-31 12:34:29,534.97
2022-03-31 12:34:34,534.97
2022-03-31 12:34:39,534.97
2022-03-31 12:34:44,535.07
2022-03-31 12:34:49,535.07
2022-03-31 12:34:54,535.13
2022-03-31 12:34:59,535.13
2022-03-31 12:35:04,535.19
2022-03-31 12:35:09,535.26
2022-03-31 12:35:14,535.26
2022-03-31 12:35:19,535.29
2022-03-31 12:35:24,535.29
2022-03-31 12:35:29,535.35
2022-03-31 12:35:34,535.42
2022-03-31 12:35:39,535.42
2022-03-31 12:35:44,535.48
2022-03-31 12:35:49,535.48
2022-03-31 12:35:54,535.51
2022-03-31 12:35:59,535.58
2022-03-31 12:36:04,535.58
2022-03-31 12:36:09,535.71
2022-03-31 12:36:14,535.71
2022-03-31 12:36:19,535.77
2022-03-31 12:36:24,535.8
2022-03-31 12:36:29,535.86
2022-03-31 12:36:34,535.93
2022-03-31 12:36:39,535.99
2022-03-31 12:36:44,536.03
2022-03-31 12:36:49,536.09
2022-03-31 12:36:54,536.15
2022-03-31 12:36:59,536.22
2022-03-31 12:37:04,536.28
2022-03-31 12:37:09,536.31
2022-03-31 12:37:14,536.44
2022-03-31 12:37:19,536.51
2022-03-31 12:37:24,536.53
2022-03-31 12:37:29,536.67
2022-03-31 12:37:34,536.73
2022-03-31 12:37:39,536.79
2022-03-31 12:37:44,536.82
2022-03-31 12:37:49,536.95
2022-03-31 12:37:54,537.05
2022-03-31 12:37:59,537.05
2022-03-31 12:38:04,537.24
2022-03-31 12:38:09,537.3
2022-03-31 12:38:14,537.34
2022-03-31 12:38:19,537.53
2022-03-31 12:38:24,537.56
2022-03-31 12:38:29,537.69
2022-03-31 12:38:34,537.82
2022-03-31 12:38:39,537.85
2022-03-31 12:38:44,537.98
2022-03-31 12:38:49,538.07
2022-03-31 12:38:54,538.14
2022-03-31 12:38:59,538.26
2022-03-31 12:39:04,538.36
2022-03-31 12:39:09,538.42
2022-03-31 12:39:14,538.55
2022-03-31 12:39:19,538.58
2022-03-31 12:39:24,538.64
2022-03-31 12:39:29,538.78
2022-03-31 12:39:34,538.87
2022-03-31 12:39:39,538.94
2022-03-31 12:39:44,539.0
2022-03-31 12:39:49,539.07
2022-03-31 12:39:54,539.16
2022-03-31 12:39:59,539.16
2022-03-31 12:40:04,539.29
2022-03-31 12:40:09,539.39
2022-03-31 12:40:14,539.38
2022-03-31 12:40:19,539.51
2022-03-31 12:40:24,539.51
2022-03-31 12:40:29,539.57
2022-03-31 12:40:34,539.61
2022-03-31 12:40:39,539.67
2022-03-31 12:40:44,539.73
2022-03-31 12:40:49,539.8
2022-03-31 12:40:54,539.79
2022-03-31 12:40:59,539.89
2022-03-31 12:41:04,539.96
2022-03-31 12:41:09,540.02
2022-03-31 12:41:14,540.02
2022-03-31 12:41:19,540.08
2022-03-31 12:41:24,540.11
2022-03-31 12:41:29,540.11
2022-03-31 12:41:34,540.18
2022-03-31 12:41:39,540.17
2022-03-31 12:41:44,540.24
2022-03-31 12:41:49,540.3
2022-03-31 12:41:54,540.3
2022-03-31 12:41:59,540.36
2022-03-31 12:42:04,540.36
2022-03-31 12:42:09,540.3
2022-03-31 12:42:14,540.36
2022-03-31 12:42:19,540.36
2022-03-31 12:42:24,540.3
2022-03-31 12:42:29,540.3
2022-03-31 12:42:34,540.3
2022-03-31 12:42:39,540.3
2022-03-31 12:42:44,540.3
2022-03-31 12:42:49,540.3
2022-03-31 12:42:54,540.3
2022-03-31 12:42:59,540.23
2022-03-31 12:43:04,540.23
2022-03-31 12:43:09,540.23
2022-03-31 12:43:14,540.17
2022-03-31 12:43:19,540.17
2022-03-31 12:43:24,540.1
2022-03-31 12:43:29,540.1
2022-03-31 12:43:34,540.1
2022-03-31 12:43:39,540.1
2022-03-31 12:43:44,540.07
2022-03-31 12:43:49,540.07
2022-03-31 12:43:54,540.01
2022-03-31 12:43:59,540.01
2022-03-31 12:44:04,539.94
2022-03-31 12:44:09,539.88
2022-03-31 12:44:14,539.85
2022-03-31 12:44:19,539.79
2022-03-31 12:44:24,539.72
2022-03-31 12:44:29,539.72
2022-03-31 12:44:34,539.65
2022-03-31 12:44:39,539.65
2022-03-31 12:44:44,539.59
2022-03-31 12:44:49,539.59
2022-03-31 12:44:54,539.56
2022-03-31 12:44:59,539.56
2022-03-31 12:45:04,539.43
2022-03-31 12:45:09,539.36
2022-03-31 12:45:14,539.36
2022-03-31 12:45:19,539.33
2022-03-31 12:45:24,537.71
2022-03-31 12:45:29,539.26
2022-03-31 12:45:34,539.2
2022-03-31 12:45:39,539.14
2022-03-31 12:45:44,539.14
2022-03-31 12:45:49,539.04
2022-03-31 12:45:54,539.04
2022-03-31 12:45:59,538.91
2022-03-31 12:46:04,538.91
2022-03-31 12:46:09,538.85
2022-03-31 12:46:14,538.81
2022-03-31 12:46:19,538.81
2022-03-31 12:46:24,538.75
2022-03-31 12:46:29,538.62
2022-03-31 12:46:34,538.62
2022-03-31 12:46:39,538.56
2022-03-31 12:46:44,538.52
2022-03-31 12:46:49,538.52
2022-03-31 12:46:54,538.46
2022-03-31 12:46:59,538.39
2022-03-31 12:47:04,538.29
2022-03-31 12:47:09,538.29
2022-03-31 12:47:14,538.23
2022-03-31 12:47:19,538.17
2022-03-31 12:47:24,538.1
2022-03-31 12:47:29,538.1
2022-03-31 12:47:34,538.1
2022-03-31 12:47:39,538.04
2022-03-31 12:47:44,538.04
2022-03-31 12:47:49,538.01
2022-03-31 12:47:54,538.01
2022-03-31 12:47:59,538.0
2022-03-31 12:48:04,538.0
2022-03-31 12:48:09,538.0
2022-03-31 12:48:14,538.0
2022-03-31 12:48:19,538.0
2022-03-31 12:48:24,537.94
2022-03-31 12:48:29,538.0
2022-03-31 12:48:34,538.0
2022-03-31 12:48:39,538.0
2022-03-31 12:48:44,538.0
2022-03-31 12:48:49,538.03
2022-03-31 12:48:54,538.03
2022-03-31 12:48:59,538.03
2022-03-31 12:49:04,538.03
2022-03-31 12:49:09,538.03
2022-03-31 12:49:14,538.16
2022-03-31 12:49:19,538.09
2022-03-31 12:49:24,538.09
2022-03-31 12:49:29,538.15
2022-03-31 12:49:34,538.22
2022-03-31 12:49:39,538.15
2022-03-31 12:49:44,538.15
2022-03-31 12:49:49,538.22
2022-03-31 12:49:54,538.22
2022-03-31 12:49:59,538.15
2022-03-31 12:50:04,538.22
2022-03-31 12:50:09,538.21
2022-03-31 12:50:14,538.28
2022-03-31 12:50:19,538.28
2022-03-31 12:50:24,538.27
2022-03-31 12:50:29,538.27
2022-03-31 12:50:34,538.3
2022-03-31 12:50:39,538.31
2022-03-31 12:50:44,538.37
2022-03-31 12:50:49,538.31
2022-03-31 12:50:54,538.3
2022-03-31 12:50:59,538.37
2022-03-31 12:51:04,538.37
2022-03-31 12:51:09,538.3
2022-03-31 12:51:14,538.37
2022-03-31 12:51:19,538.31
2022-03-31 12:51:24,538.27
2022-03-31 12:51:29,538.3
2022-03-31 12:51:34,538.3
2022-03-31 12:51:39,538.3
2022-03-31 12:51:44,538.27
2022-03-31 12:51:49,538.27
2022-03-31 12:51:54,538.27
2022-03-31 12:51:59,538.27
2022-03-31 12:52:04,538.27
2022-03-31 12:52:09,538.27
2022-03-31 12:52:14,538.27
2022-03-31 12:52:19,538.31
2022-03-31 12:52:24,538.31
2022-03-31 12:52:29,538.3
2022-03-31 12:52:34,538.3
2022-03-31 12:52:39,538.3
2022-03-31 12:52:44,538.27
2022-03-31 12:52:49,538.31
2022-03-31 12:52:54,538.31
2022-03-31 12:52:59,538.31
2022-03-31 12:53:04,538.37
2022-03-31 12:53:09,538.31
2022-03-31 12:53:14,538.37
2022-03-31 12:53:19,538.37
2022-03-31 12:53:24,538.37
2022-03-31 12:53:29,538.37
2022-03-31 12:53:34,538.37
2022-03-31 12:53:39,538.37
2022-03-31 12:53:44,538.37
2022-03-31 12:53:49,538.44
2022-03-31 12:53:54,538.44
2022-03-31 12:53:59,538.44
2022-03-31 12:54:04,538.5
2022-03-31 12:54:09,538.5
2022-03-31 12:54:14,538.5
2022-03-31 12:54:19,538.5
2022-03-31 12:54:24,538.53
2022-03-31 12:54:29,538.53
2022-03-31 12:54:34,538.53
2022-03-31 12:54:39,538.6
2022-03-31 12:54:44,538.6
2022-03-31 12:54:49,538.6
2022-03-31 12:54:54,538.66
2022-03-31 12:54:59,538.66
2022-03-31 12:55:04,538.6
2022-03-31 12:55:09,538.66
2022-03-31 12:55:14,538.66
2022-03-31 12:55:19,538.73
2022-03-31 12:55:24,538.66
2022-03-31 12:55:29,538.66
2022-03-31 12:55:34,538.66
2022-03-31 12:55:39,538.66
2022-03-31 12:55:44,538.66
2022-03-31 12:55:49,538.6
2022-03-31 12:55:54,538.6
2022-03-31 12:55:59,538.53
2022-03-31 12:56:04,538.53
2022-03-31 12:56:09,538.53
2022-03-31 12:56:14,538.5
2022-03-31 12:56:19,538.5
2022-03-31 12:56:24,538.43
2022-03-31 12:56:29,538.43
2022-03-31 12:56:34,538.37
2022-03-31 12:56:39,538.31
2022-03-31 12:56:44,538.3
2022-03-31 12:56:49,538.27
2022-03-31 12:56:54,538.27
2022-03-31 12:56:59,538.15
2022-03-31 12:57:04,538.08
2022-03-31 12:57:09,538.08
2022-03-31 12:57:14,538.01
2022-03-31 12:57:19,538.01
2022-03-31 12:57:24,537.91
2022-03-31 12:57:29,537.85
2022-03-31 12:57:34,537.79
2022-03-31 12:57:39,537.75
2022-03-31 12:57:44,537.69
2022-03-31 12:57:49,537.62
2022-03-31 12:57:54,537.56
2022-03-31 12:57:59,537.56
2022-03-31 12:58:04,537.49
2022-03-31 12:58:09,537.4
2022-03-31 12:58:14,537.46
2022-03-31 12:58:19,537.33
2022-03-31 12:58:24,537.33
2022-03-31 12:58:29,537.27
2022-03-31 12:58:34,537.23
2022-03-31 12:58:39,537.17
2022-03-31 12:58:44,537.1
2022-03-31 12:58:49,537.04
2022-03-31 12:58:54,536.97
2022-03-31 12:58:59,536.94
2022-03-31 12:59:04,536.87
2022-03-31 12:59:09,536.81
2022-03-31 12:59:14,536.75
2022-03-31 12:59:19,536.71
2022-03-31 12:59:24,536.65
2022-03-31 12:59:29,536.59
2022-03-31 12:59:34,536.58
2022-03-31 12:59:39,536.58
2022-03-31 12:59:44,536.45
2022-03-31 12:59:49,536.45
2022-03-31 12:59:54,536.42
2022-03-31 12:59:59,536.42
2022-03-31 13:00:04,536.36
2022-03-31 13:00:09,536.36
2022-03-31 13:00:14,536.36
2022-03-31 13:00:19,536.3
2022-03-31 13:00:24,536.29
2022-03-31 13:00:29,536.3
2022-03-31 13:00:34,536.23
2022-03-31 13:00:39,536.23
2022-03-31 13:00:44,537.71
2022-03-31 13:00:49,536.23
2022-03-31 13:00:54,536.2
2022-03-31 13:00:59,536.23
2022-03-31 13:01:04,536.2
2022-03-31 13:01:09,536.23
2022-03-31 13:01:14,536.2
2022-03-31 13:01:19,536.2
2022-03-31 13:01:24,536.2
2022-03-31 13:01:29,536.2
2022-03-31 13:01:34,536.2
2022-03-31 13:01:39,536.2
2022-03-31 13:01:44,536.14
2022-03-31 13:01:49,536.14
2022-03-31 13:01:54,536.14
2022-03-31 13:01:59,536.07
2022-03-31 13:02:04,536.08
2022-03-31 13:02:09,536.14
2022-03-31 13:02:14,536.08
2022-03-31 13:02:19,536.01
2022-03-31 13:02:24,536.01
2022-03-31 13:02:29,536.01
2022-03-31 13:02:34,535.95
2022-03-31 13:02:39,535.95
2022-03-31 13:02:44,535.95
2022-03-31 13:02:49,535.92
2022-03-31 13:02:54,535.92
2022-03-31 13:02:59,535.86
2022-03-31 13:03:04,535.86
2022-03-31 13:03:09,535.86
2022-03-31 13:03:14,535.79
2022-03-31 13:03:19,535.73
2022-03-31 13:03:24,535.73
2022-03-31 13:03:29,535.73
2022-03-31 13:03:34,535.7
2022-03-31 13:03:39,535.73
2022-03-31 13:03:44,535.73
2022-03-31 13:03:49,535.7
2022-03-31 13:03:54,535.63
2022-03-31 13:03:59,535.7
2022-03-31 13:04:04,535.63
2022-03-31 13:04:09,535.63
2022-03-31 13:04:14,535.63
2022-03-31 13:04:19,535.63
2022-03-31 13:04:24,535.63
2022-03-31 13:04:29,535.63
2022-03-31 13:04:34,535.57
2022-03-31 13:04:39,535.64
2022-03-31 13:04:44,535.64
2022-03-31 13:04:49,535.64
2022-03-31 13:04:54,535.64
2022-03-31 13:04:59,535.57
2022-03-31 13:05:04,535.57
2022-03-31 13:05:09,535.58
2022-03-31 13:05:14,535.57
2022-03-31 13:05:19,535.57
2022-03-31 13:05:24,535.57
2022-03-31 13:05:29,535.57
2022-03-31 13:05:34,535.57
2022-03-31 13:05:39,535.57
2022-03-31 13:05:44,535.57
2022-03-31 13:05:49,535.51
2022-03-31 13:05:54,535.51
2022-03-31 13:05:59,535.57
2022-03-31 13:06:04,535.51
2022-03-31 13:06:09,535.51
2022-03-31 13:06:14,535.57
2022-03-31 13:06:19,535.57
2022-03-31 13:06:24,535.57
2022-03-31 13:06:29,535.57
2022-03-31 13:06:34,535.57
2022-03-31 13:06:39,535.63
2022-03-31 13:06:44,535.63
2022-03-31 13:06:49,535.63
2022-03-31 13:06:54,535.63
2022-03-31 13:06:59,535.63
2022-03-31 13:07:04,535.7
2022-03-31 13:07:09,535.73
2022-03-31 13:07:14,535.73
2022-03-31 13:07:19,535.79
2022-03-31 13:07:24,535.79
2022-03-31 13:07:29,535.92
2022-03-31 13:07:34,535.92
2022-03-31 13:07:39,535.96
2022-03-31 13:07:44,535.95
2022-03-31 13:07:49,536.02
2022-03-31 13:07:54,536.14
2022-03-31 13:07:59,536.08
2022-03-31 13:08:04,536.21
2022-03-31 13:08:09,536.21
2022-03-31 13:08:14,536.24
2022-03-31 13:08:19,536.3
2022-03-31 13:08:24,536.3
2022-03-31 13:08:29,536.37
2022-03-31 13:08:34,536.43
2022-03-31 13:08:39,536.43
2022-03-31 13:08:44,536.47
2022-03-31 13:08:49,536.53
2022-03-31 13:08:54,536.53
2022-03-31 13:08:59,536.59
2022-03-31 13:09:04,536.66
2022-03-31 13:09:09,536.66
2022-03-31 13:09:14,536.72
2022-03-31 13:09:19,536.72
2022-03-31 13:09:24,536.76
2022-03-31 13:09:29,536.82
2022-03-31 13:09:34,536.82
2022-03-31 13:09:39,536.89
2022-03-31 13:09:44,536.89
2022-03-31 13:09:49,536.95
2022-03-31 13:09:54,537.05
2022-03-31 13:09:59,537.05
2022-03-31 13:10:04,537.05
2022-03-31 13:10:09,537.11
2022-03-31 13:10:14,537.11
2022-03-31 13:10:19,537.18
2022-03-31 13:10:24,537.24
2022-03-31 13:10:29,537.28
2022-03-31 13:10:34,537.34
2022-03-31 13:10:39,537.41
2022-03-31 13:10:44,537.41
2022-03-31 13:10:49,537.47
2022-03-31 13:10:54,537.51
2022-03-31 13:10:59,537.71
2022-03-31 13:11:04,537.63
2022-03-31 13:11:09,537.7
2022-03-31 13:11:14,537.7
2022-03-31 13:11:19,537.77
2022-03-31 13:11:24,537.8
2022-03-31 13:11:29,537.86
2022-03-31 13:11:34,537.93
2022-03-31 13:11:39,538.03
2022-03-31 13:11:44,538.09
2022-03-31 13:11:49,538.09
2022-03-31 13:11:54,538.16
2022-03-31 13:11:59,538.22
2022-03-31 13:12:04,538.32
2022-03-31 13:12:09,538.38
2022-03-31 13:12:14,538.45
2022-03-31 13:12:19,538.51
2022-03-31 13:12:24,538.54
2022-03-31 13:12:29,538.61
2022-03-31 13:12:34,538.74
2022-03-31 13:12:39,538.74
2022-03-31 13:12:44,538.83
2022-03-31 13:12:49,538.9
2022-03-31 13:12:54,538.97
2022-03-31 13:12:59,539.03
2022-03-31 13:13:04,539.12
2022-03-31 13:13:09,539.13
2022-03-31 13:13:14,539.26
2022-03-31 13:13:19,539.32
2022-03-31 13:13:24,539.35
2022-03-31 13:13:29,539.35
2022-03-31 13:13:34,539.42
2022-03-31 13:13:39,539.48
2022-03-31 13:13:44,539.55
2022-03-31 13:13:49,539.64
2022-03-31 13:13:54,539.64
2022-03-31 13:13:59,539.77
2022-03-31 13:14:04,539.77
2022-03-31 13:14:09,539.84
2022-03-31 13:14:14,539.87
2022-03-31 13:14:19,539.87
2022-03-31 13:14:24,540.0
2022-03-31 13:14:29,540.0
2022-03-31 13:14:34,540.06
2022-03-31 13:14:39,540.09
2022-03-31 13:14:44,540.16
2022-03-31 13:14:49,540.29
2022-03-31 13:14:54,540.35
2022-03-31 13:14:59,540.38
2022-03-31 13:15:04,540.45
2022-03-31 13:15:09,540.51
2022-03-31 13:15:14,540.51
2022-03-31 13:15:19,540.61
2022-03-31 13:15:24,540.67
2022-03-31 13:15:29,540.74
2022-03-31 13:15:34,540.74
2022-03-31 13:15:39,540.87
2022-03-31 13:15:44,540.87
2022-03-31 13:15:49,540.96
2022-03-31 13:15:54,541.03
2022-03-31 13:15:59,541.09
2022-03-31 13:16:04,541.12
2022-03-31 13:16:09,541.18
2022-03-31 13:16:14,541.25
2022-03-31 13:16:19,541.31
2022-03-31 13:16:24,541.38
2022-03-31 13:16:29,541.41
2022-03-31 13:16:34,541.41
2022-03-31 13:16:39,541.54
2022-03-31 13:16:44,541.54
2022-03-31 13:16:49,541.6
2022-03-31 13:16:54,541.63
2022-03-31 13:16:59,541.63
2022-03-31 13:17:04,541.7
2022-03-31 13:17:09,541.76
2022-03-31 13:17:14,541.76
2022-03-31 13:17:19,541.83
2022-03-31 13:17:24,541.89
2022-03-31 13:17:29,541.92
2022-03-31 13:17:34,541.92
2022-03-31 13:17:39,541.99
2022-03-31 13:17:44,542.11
2022-03-31 13:17:49,542.11
2022-03-31 13:17:54,542.21
2022-03-31 13:17:59,542.21
2022-03-31 13:18:04,542.21
2022-03-31 13:18:09,542.28
2022-03-31 13:18:14,542.34
2022-03-31 13:18:19,542.34
2022-03-31 13:18:24,542.4
2022-03-31 13:18:29,542.4
2022-03-31 13:18:34,542.44
2022-03-31 13:18:39,542.44
2022-03-31 13:18:44,542.5
2022-03-31 13:18:49,542.57
2022-03-31 13:18:54,542.63
2022-03-31 13:18:59,542.66
2022-03-31 13:19:04,542.66
2022-03-31 13:19:09,542.73
2022-03-31 13:19:14,542.73
2022-03-31 13:19:19,542.8
2022-03-31 13:19:24,542.8
2022-03-31 13:19:29,542.92
2022-03-31 13:19:34,542.86
2022-03-31 13:19:39,542.86
2022-03-31 13:19:44,542.96
2022-03-31 13:19:49,542.93
2022-03-31 13:19:54,542.96
2022-03-31 13:19:59,542.96
2022-03-31 13:20:04,543.03
2022-03-31 13:20:09,543.03
2022-03-31 13:20:14,543.03
2022-03-31 13:20:19,543.03
2022-03-31 13:20:24,543.03
2022-03-31 13:20:29,543.09
2022-03-31 13:20:34,543.03
2022-03-31 13:20:39,543.09
2022-03-31 13:20:44,543.09
2022-03-31 13:20:49,543.1
2022-03-31 13:20:54,543.1
2022-03-31 13:20:59,543.16
2022-03-31 13:21:04,543.16
2022-03-31 13:21:09,543.16
2022-03-31 13:21:14,543.16
2022-03-31 13:21:19,543.16
2022-03-31 13:21:24,543.17
2022-03-31 13:21:29,543.17
2022-03-31 13:21:34,543.17
2022-03-31 13:21:39,543.17
2022-03-31 13:21:44,543.17
2022-03-31 13:21:49,543.17
2022-03-31 13:21:54,543.17
2022-03-31 13:21:59,543.1
2022-03-31 13:22:04,543.1
2022-03-31 13:22:09,543.1
2022-03-31 13:22:14,543.1
2022-03-31 13:22:19,543.1
2022-03-31 13:22:24,543.04
2022-03-31 13:22:29,543.04
2022-03-31 13:22:34,542.98
2022-03-31 13:22:39,542.98
2022-03-31 13:22:44,542.94
2022-03-31 13:22:49,542.95
2022-03-31 13:22:54,542.89
2022-03-31 13:22:59,542.88
2022-03-31 13:23:04,542.88
2022-03-31 13:23:09,542.82
2022-03-31 13:23:14,542.75
2022-03-31 13:23:19,542.69
2022-03-31 13:23:24,542.66
2022-03-31 13:23:29,542.66
2022-03-31 13:23:34,542.53
2022-03-31 13:23:39,542.53
2022-03-31 13:23:44,542.47
2022-03-31 13:23:49,542.43
2022-03-31 13:23:54,542.37
2022-03-31 13:23:59,542.37
2022-03-31 13:24:04,542.24
2022-03-31 13:24:09,542.18
2022-03-31 13:24:14,542.08
2022-03-31 13:24:19,542.08
2022-03-31 13:24:24,542.08
2022-03-31 13:24:29,541.95
2022-03-31 13:24:34,541.92
2022-03-31 13:24:39,541.79
2022-03-31 13:24:44,541.73
2022-03-31 13:24:49,541.67
2022-03-31 13:24:54,541.63
2022-03-31 13:24:59,541.57
2022-03-31 13:25:04,541.44
2022-03-31 13:25:09,541.41
2022-03-31 13:25:14,541.28
2022-03-31 13:25:19,541.22
2022-03-31 13:25:24,541.22
2022-03-31 13:25:29,541.12
2022-03-31 13:25:34,541.12
2022-03-31 13:25:39,540.99
2022-03-31 13:25:44,540.99
2022-03-31 13:25:49,540.93
2022-03-31 13:25:54,540.89
2022-03-31 13:25:59,540.83
2022-03-31 13:26:04,540.77
2022-03-31 13:26:09,540.64
2022-03-31 13:26:14,540.6
2022-03-31 13:26:19,540.54
2022-03-31 13:26:24,540.54
2022-03-31 13:26:29,540.41
2022-03-31 13:26:34,540.31
2022-03-31 13:26:39,540.32
2022-03-31 13:26:44,540.25
2022-03-31 13:26:49,540.19
2022-03-31 13:26:54,540.12
2022-03-31 13:26:59,540.03
2022-03-31 13:27:04,539.96
2022-03-31 13:27:09,539.9
2022-03-31 13:27:14,539.8
2022-03-31 13:27:19,539.74
2022-03-31 13:27:24,539.68
2022-03-31 13:27:29,539.58
2022-03-31 13:27:34,539.52
2022-03-31 13:27:39,539.39
2022-03-31 13:27:44,539.39
2022-03-31 13:27:49,539.29
2022-03-31 13:27:54,539.17
2022-03-31 13:27:59,539.1
2022-03-31 13:28:04,539.07
2022-03-31 13:28:09,538.94
2022-03-31 13:28:14,538.94
2022-03-31 13:28:19,538.85
2022-03-31 13:28:24,538.79
2022-03-31 13:28:29,538.72
2022-03-31 13:28:34,538.59
2022-03-31 13:28:39,538.5
2022-03-31 13:28:44,538.43
2022-03-31 13:28:49,538.34
2022-03-31 13:28:54,538.34
2022-03-31 13:28:59,538.21
2022-03-31 13:29:04,538.15
2022-03-31 13:29:09,538.08
2022-03-31 13:29:14,537.99
2022-03-31 13:29:19,537.99
2022-03-31 13:29:24,537.86
2022-03-31 13:29:29,537.86
2022-03-31 13:29:34,537.83
2022-03-31 13:29:39,537.77
2022-03-31 13:29:44,537.7
2022-03-31 13:29:49,537.64
2022-03-31 13:29:54,537.58
2022-03-31 13:29:59,537.54
2022-03-31 13:30:04,537.48
2022-03-31 13:30:09,537.42
2022-03-31 13:30:14,537.35
2022-03-31 13:30:19,537.32
2022-03-31 13:30:24,537.32
2022-03-31 13:30:29,537.26
2022-03-31 13:30:34,537.19
2022-03-31 13:30:39,537.13
2022-03-31 13:30:44,537.07
2022-03-31 13:30:49,537.07
2022-03-31 13:30:54,537.07
2022-03-31 13:30:59,537.04
2022-03-31 13:31:04,536.97
2022-03-31 13:31:09,536.97
2022-03-31 13:31:14,536.91
2022-03-31 13:31:19,536.91
2022-03-31 13:31:24,536.91
2022-03-31 13:31:29,536.91
2022-03-31 13:31:34,536.85
2022-03-31 13:31:39,536.84
2022-03-31 13:31:44,536.85
2022-03-31 13:31:49,536.85
2022-03-31 13:31:54,536.82
2022-03-31 13:31:59,536.81
2022-03-31 13:32:04,536.85
2022-03-31 13:32:09,536.82
2022-03-31 13:32:14,536.81
2022-03-31 13:32:19,536.82
2022-03-31 13:32:24,536.82
2022-03-31 13:32:29,536.82
2022-03-31 13:32:34,536.82
2022-03-31 13:32:39,536.85
2022-03-31 13:32:44,536.85
2022-03-31 13:32:49,536.85
2022-03-31 13:32:54,536.85
2022-03-31 13:32:59,536.92
2022-03-31 13:33:04,536.91
2022-03-31 13:33:09,536.98
2022-03-31 13:33:14,536.98
2022-03-31 13:33:19,537.04
2022-03-31 13:33:24,537.07
2022-03-31 13:33:29,537.14
2022-03-31 13:33:34,537.2
2022-03-31 13:33:39,537.26
2022-03-31 13:33:44,537.27
2022-03-31 13:33:49,537.36
2022-03-31 13:33:54,537.42
2022-03-31 13:33:59,537.49
2022-03-31 13:34:04,537.56
2022-03-31 13:34:09,537.59
2022-03-31 13:34:14,537.65
2022-03-31 13:34:19,537.78
2022-03-31 13:34:24,537.88
2022-03-31 13:34:29,537.94
2022-03-31 13:34:34,538.0
2022-03-31 13:34:39,538.07
2022-03-31 13:34:44,538.16
2022-03-31 13:34:49,538.23
2022-03-31 13:34:54,538.29
2022-03-31 13:34:59,538.39
2022-03-31 13:35:04,538.52
2022-03-31 13:35:09,538.58
2022-03-31 13:35:14,538.75
2022-03-31 13:35:19,538.81
2022-03-31 13:35:24,538.87
2022-03-31 13:35:29,538.97
2022-03-31 13:35:34,539.04
2022-03-31 13:35:39,539.1
2022-03-31 13:35:44,539.2
2022-03-31 13:35:49,539.33
2022-03-31 13:35:54,539.39
2022-03-31 13:35:59,539.42
2022-03-31 13:36:04,539.49
2022-03-31 13:36:09,539.65
2022-03-31 13:36:14,539.71
2022-03-31 13:36:19,539.71
2022-03-31 13:36:24,539.84
2022-03-31 13:36:29,539.91
2022-03-31 13:36:34,539.94
2022-03-31 13:36:39,540.0
2022-03-31 13:36:44,540.07
2022-03-31 13:36:49,540.17
2022-03-31 13:36:54,540.23
2022-03-31 13:36:59,540.3
2022-03-31 13:37:04,540.36
2022-03-31 13:37:09,540.36
2022-03-31 13:37:14,540.43
2022-03-31 13:37:19,540.53
2022-03-31 13:37:24,540.53
2022-03-31 13:37:29,540.59
2022-03-31 13:37:34,540.66
2022-03-31 13:37:39,540.66
2022-03-31 13:37:44,540.69
2022-03-31 13:37:49,540.76
2022-03-31 13:37:54,540.76
2022-03-31 13:37:59,540.82
2022-03-31 13:38:04,540.82
2022-03-31 13:38:09,540.89
2022-03-31 13:38:14,540.89
2022-03-31 13:38:19,540.95
2022-03-31 13:38:24,540.99
2022-03-31 13:38:29,540.99
2022-03-31 13:38:34,541.05
2022-03-31 13:38:39,541.05
2022-03-31 13:38:44,541.05
2022-03-31 13:38:49,541.05
2022-03-31 13:38:54,541.12
2022-03-31 13:38:59,541.12
2022-03-31 13:39:04,541.18
2022-03-31 13:39:09,541.22
2022-03-31 13:39:14,541.22
2022-03-31 13:39:19,541.22
2022-03-31 13:39:24,541.19
2022-03-31 13:39:29,541.22
2022-03-31 13:39:34,541.22
2022-03-31 13:39:39,541.22
2022-03-31 13:39:44,541.22
2022-03-31 13:39:49,541.29
2022-03-31 13:39:54,541.29
2022-03-31 13:39:59,541.35
2022-03-31 13:40:04,541.35
2022-03-31 13:40:09,537.71
2022-03-31 13:40:14,541.42
2022-03-31 13:40:19,541.41
2022-03-31 13:40:24,541.41
2022-03-31 13:40:29,541.41
2022-03-31 13:40:34,541.48
2022-03-31 13:40:39,541.48
2022-03-31 13:40:44,541.48
2022-03-31 13:40:49,541.51
2022-03-31 13:40:54,541.51
2022-03-31 13:40:59,541.51
2022-03-31 13:41:04,537.71
2022-03-31 13:41:09,541.51
2022-03-31 13:41:14,541.51
2022-03-31 13:41:19,541.58
2022-03-31 13:41:24,541.58
2022-03-31 13:41:29,541.64
2022-03-31 13:41:34,541.58
2022-03-31 13:41:39,541.58
2022-03-31 13:41:44,541.58
2022-03-31 13:41:49,541.64
2022-03-31 13:41:54,541.64
2022-03-31 13:41:59,541.64
2022-03-31 13:42:04,541.71
2022-03-31 13:42:09,541.71
2022-03-31 13:42:14,541.71
2022-03-31 13:42:19,541.7
2022-03-31 13:42:24,541.74
2022-03-31 13:42:29,541.74
2022-03-31 13:42:34,541.74
2022-03-31 13:42:39,541.74
2022-03-31 13:42:44,541.74
2022-03-31 13:42:49,541.8
2022-03-31 13:42:54,541.8
2022-03-31 13:42:59,541.8
2022-03-31 13:43:04,541.8
2022-03-31 13:43:09,541.74
2022-03-31 13:43:14,541.8
2022-03-31 13:43:19,541.8
2022-03-31 13:43:24,541.87
2022-03-31 13:43:29,541.86
2022-03-31 13:43:34,541.8
2022-03-31 13:43:39,541.86
2022-03-31 13:43:44,541.8
2022-03-31 13:43:49,541.8
2022-03-31 13:43:54,541.86
2022-03-31 13:43:59,541.86
2022-03-31 13:44:04,541.86
2022-03-31 13:44:09,541.79
2022-03-31 13:44:14,541.79
2022-03-31 13:44:19,541.79
2022-03-31 13:44:24,541.73
2022-03-31 13:44:29,541.73
2022-03-31 13:44:34,541.73
2022-03-31 13:44:39,541.7
2022-03-31 13:44:44,541.7
2022-03-31 13:44:49,541.7
2022-03-31 13:44:54,541.7
2022-03-31 13:44:59,541.63
2022-03-31 13:45:04,541.63
2022-03-31 13:45:09,541.57
2022-03-31 13:45:14,541.57
2022-03-31 13:45:19,541.57
2022-03-31 13:45:24,541.51
2022-03-31 13:45:29,541.47
2022-03-31 13:45:34,541.51
2022-03-31 13:45:39,541.41
2022-03-31 13:45:44,541.41
2022-03-31 13:45:49,541.28
2022-03-31 13:45:54,541.29
2022-03-31 13:45:59,541.29
2022-03-31 13:46:04,541.22
2022-03-31 13:46:09,541.19
2022-03-31 13:46:14,541.19
2022-03-31 13:46:19,541.19
2022-03-31 13:46:24,541.13
2022-03-31 13:46:29,541.06
2022-03-31 13:46:34,541.0
2022-03-31 13:46:39,541.0
2022-03-31 13:46:44,540.97
2022-03-31 13:46:49,540.91
2022-03-31 13:46:54,540.9
2022-03-31 13:46:59,540.91
2022-03-31 13:47:04,540.84
2022-03-31 13:47:09,540.84
2022-03-31 13:47:14,540.78
2022-03-31 13:47:19,540.72
2022-03-31 13:47:24,540.72
2022-03-31 13:47:29,540.62
2022-03-31 13:47:34,540.62
2022-03-31 13:47:39,540.56
2022-03-31 13:47:44,540.49
2022-03-31 13:47:49,537.71
2022-03-31 13:47:54,540.4
2022-03-31 13:47:59,540.4
2022-03-31 13:48:04,540.34
2022-03-31 13:48:09,540.34
2022-03-31 13:48:14,540.27
2022-03-31 13:48:19,540.2
2022-03-31 13:48:24,540.17
2022-03-31 13:48:29,540.11
2022-03-31 13:48:34,540.17
2022-03-31 13:48:39,540.05
2022-03-31 13:48:44,540.11
2022-03-31 13:48:49,539.98
2022-03-31 13:48:54,539.98
2022-03-31 13:48:59,539.98
2022-03-31 13:49:04,539.95
2022-03-31 13:49:09,539.89
2022-03-31 13:49:14,539.89
2022-03-31 13:49:19,539.88
2022-03-31 13:49:24,539.89
2022-03-31 13:49:29,539.82
2022-03-31 13:49:34,539.82
2022-03-31 13:49:39,539.82
2022-03-31 13:49:44,539.76
2022-03-31 13:49:49,539.69
2022-03-31 13:49:54,539.76
2022-03-31 13:49:59,539.69
2022-03-31 13:50:04,539.69
2022-03-31 13:50:09,539.66
2022-03-31 13:50:14,539.69
2022-03-31 13:50:19,539.69
2022-03-31 13:50:24,539.69
2022-03-31 13:50:29,539.69
2022-03-31 13:50:34,539.69
2022-03-31 13:50:39,539.69
2022-03-31 13:50:44,539.69
2022-03-31 13:50:49,539.69
2022-03-31 13:50:54,539.75
2022-03-31 13:50:59,539.69
2022-03-31 13:51:04,539.75
2022-03-31 13:51:09,539.76
2022-03-31 13:51:14,539.76
2022-03-31 13:51:19,539.82
2022-03-31 13:51:24,539.82
2022-03-31 13:51:29,539.82
2022-03-31 13:51:34,539.82
2022-03-31 13:51:39,539.82
2022-03-31 13:51:44,539.88
2022-03-31 13:51:49,539.88
2022-03-31 13:51:54,539.95
2022-03-31 13:51:59,539.95
2022-03-31 13:52:04,539.98
2022-03-31 13:52:09,539.98
2022-03-31 13:52:14,539.97
2022-03-31 13:52:19,540.1
2022-03-31 13:52:24,540.1
2022-03-31 13:52:29,540.17
2022-03-31 13:52:34,540.2
2022-03-31 13:52:39,540.2
2022-03-31 13:52:44,540.26
2022-03-31 13:52:49,540.33
2022-03-31 13:52:54,540.33
2022-03-31 13:52:59,540.33
2022-03-31 13:53:04,540.39
2022-03-31 13:53:09,540.46
2022-03-31 13:53:14,540.45
2022-03-31 13:53:19,540.55
2022-03-31 13:53:24,540.55
2022-03-31 13:53:29,540.61
2022-03-31 13:53:34,540.61
2022-03-31 13:53:39,540.68
2022-03-31 13:53:44,537.71
2022-03-31 13:53:49,540.77
2022-03-31 13:53:54,540.77
2022-03-31 13:53:59,540.84
2022-03-31 13:54:04,540.9
2022-03-31 13:54:09,540.9
2022-03-31 13:54:14,540.91
2022-03-31 13:54:19,540.97
2022-03-31 13:54:24,541.0
2022-03-31 13:54:29,541.0
2022-03-31 13:54:34,541.0
2022-03-31 13:54:39,541.06
2022-03-31 13:54:44,541.07
2022-03-31 13:54:49,541.13
2022-03-31 13:54:54,541.13
2022-03-31 13:54:59,541.13
2022-03-31 13:55:04,541.2
2022-03-31 13:55:09,541.2
2022-03-31 13:55:14,541.23
2022-03-31 13:55:19,541.23
2022-03-31 13:55:24,541.23
2022-03-31 13:55:29,541.23
2022-03-31 13:55:34,541.23
2022-03-31 13:55:39,541.3
2022-03-31 13:55:44,541.3
2022-03-31 13:55:49,541.3
2022-03-31 13:55:54,541.3
2022-03-31 13:55:59,541.36
2022-03-31 13:56:04,541.36
2022-03-31 13:56:09,541.36
2022-03-31 13:56:14,541.36
2022-03-31 13:56:19,541.43
2022-03-31 13:56:24,541.36
2022-03-31 13:56:29,541.49
2022-03-31 13:56:34,541.43
2022-03-31 13:56:39,541.43
2022-03-31 13:56:44,541.43
2022-03-31 13:56:49,541.49
2022-03-31 13:56:54,541.5
2022-03-31 13:56:59,541.49
2022-03-31 13:57:04,541.5
2022-03-31 13:57:09,541.53
2022-03-31 13:57:14,541.53
2022-03-31 13:57:19,541.53
2022-03-31 13:57:24,541.53
2022-03-31 13:57:29,541.53
2022-03-31 13:57:34,541.6
2022-03-31 13:57:39,541.6
2022-03-31 13:57:44,541.6
2022-03-31 13:57:49,541.66
2022-03-31 13:57:54,541.66
2022-03-31 13:57:59,541.66
2022-03-31 13:58:04,541.73
2022-03-31 13:58:09,541.66
2022-03-31 13:58:14,541.73
2022-03-31 13:58:19,541.73
2022-03-31 13:58:24,541.73
2022-03-31 13:58:29,541.73
2022-03-31 13:58:34,541.66
2022-03-31 13:58:39,541.73
2022-03-31 13:58:44,541.73
2022-03-31 13:58:49,541.66
2022-03-31 13:58:54,541.73
2022-03-31 13:58:59,541.66
2022-03-31 13:59:04,541.66
2022-03-31 13:59:09,541.73
2022-03-31 13:59:14,541.73
2022-03-31 13:59:19,541.66
2022-03-31 13:59:24,541.66
2022-03-31 13:59:29,541.66
2022-03-31 13:59:34,541.6
2022-03-31 13:59:39,541.6
2022-03-31 13:59:44,541.6
2022-03-31 13:59:49,541.54
2022-03-31 13:59:54,541.6
2022-03-31 13:59:59,541.6
2022-03-31 14:00:04,541.54
2022-03-31 14:00:09,541.53
2022-03-31 14:00:14,541.53
2022-03-31 14:00:19,541.5
2022-03-31 14:00:24,541.5
2022-03-31 14:00:29,541.5
2022-03-31 14:00:34,541.5
2022-03-31 14:00:39,541.44
2022-03-31 14:00:44,541.44
2022-03-31 14:00:49,541.44
2022-03-31 14:00:54,541.37
2022-03-31 14:00:59,541.38
2022-03-31 14:01:04,541.37
2022-03-31 14:01:09,541.37
2022-03-31 14:01:14,541.37
2022-03-31 14:01:19,541.31
2022-03-31 14:01:24,541.31
2022-03-31 14:01:29,541.24
2022-03-31 14:01:34,541.24
2022-03-31 14:01:39,541.24
2022-03-31 14:01:44,541.21
2022-03-31 14:01:49,541.15
2022-03-31 14:01:54,541.08
2022-03-31 14:01:59,541.08
2022-03-31 14:02:04,541.08
2022-03-31 14:02:09,541.15
2022-03-31 14:02:14,541.08
2022-03-31 14:02:19,541.01
2022-03-31 14:02:24,541.01
2022-03-31 14:02:29,541.01
2022-03-31 14:02:34,540.98
2022-03-31 14:02:39,541.01
2022-03-31 14:02:44,540.92
2022-03-31 14:02:49,540.98
2022-03-31 14:02:54,540.92
2022-03-31 14:02:59,540.92
2022-03-31 14:03:04,540.92
2022-03-31 14:03:09,540.85
2022-03-31 14:03:14,540.85
2022-03-31 14:03:19,540.79
2022-03-31 14:03:24,540.73
2022-03-31 14:03:29,540.72
2022-03-31 14:03:34,540.7
2022-03-31 14:03:39,540.63
2022-03-31 14:03:44,540.63
2022-03-31 14:03:49,540.57
2022-03-31 14:03:54,540.57
2022-03-31 14:03:59,540.47
2022-03-31 14:04:04,540.47
2022-03-31 14:04:09,540.41
2022-03-31 14:04:14,540.41
2022-03-31 14:04:19,540.34
2022-03-31 14:04:24,540.34
2022-03-31 14:04:29,540.22
2022-03-31 14:04:34,540.28
2022-03-31 14:04:39,540.22
2022-03-31 14:04:44,540.22
2022-03-31 14:04:49,540.18
2022-03-31 14:04:54,540.12
2022-03-31 14:04:59,540.12
2022-03-31 14:05:04,540.06
2022-03-31 14:05:09,540.06
2022-03-31 14:05:14,540.0
2022-03-31 14:05:19,539.97
2022-03-31 14:05:24,539.97
2022-03-31 14:05:29,539.9
2022-03-31 14:05:34,539.9
2022-03-31 14:05:39,539.84
2022-03-31 14:05:44,539.77
2022-03-31 14:05:49,539.77
2022-03-31 14:05:54,539.71
2022-03-31 14:05:59,539.68
2022-03-31 14:06:04,539.68
2022-03-31 14:06:09,539.61
2022-03-31 14:06:14,539.61
2022-03-31 14:06:19,539.55
2022-03-31 14:06:24,539.48
2022-03-31 14:06:29,539.48
2022-03-31 14:06:34,539.45
2022-03-31 14:06:39,539.39
2022-03-31 14:06:44,539.39
2022-03-31 14:06:49,539.33
2022-03-31 14:06:54,539.33
2022-03-31 14:06:59,539.26
2022-03-31 14:07:04,539.19
2022-03-31 14:07:09,539.17
2022-03-31 14:07:14,539.17
2022-03-31 14:07:19,539.1
2022-03-31 14:07:24,539.1
2022-03-31 14:07:29,539.04
2022-03-31 14:07:34,538.97
2022-03-31 14:07:39,538.97
2022-03-31 14:07:44,538.94
2022-03-31 14:07:49,538.87
2022-03-31 14:07:54,538.88
2022-03-31 14:07:59,538.81
2022-03-31 14:08:04,538.75
2022-03-31 14:08:09,538.75
2022-03-31 14:08:14,538.68
2022-03-31 14:08:19,538.65
2022-03-31 14:08:24,538.65
2022-03-31 14:08:29,538.65
2022-03-31 14:08:34,538.59
2022-03-31 14:08:39,538.52
2022-03-31 14:08:44,538.52
2022-03-31 14:08:49,538.52
2022-03-31 14:08:54,538.45
2022-03-31 14:08:59,538.45
2022-03-31 14:09:04,538.45
2022-03-31 14:09:09,538.42
2022-03-31 14:09:14,538.42
2022-03-31 14:09:19,538.36
2022-03-31 14:09:24,538.42
2022-03-31 14:09:29,538.42
2022-03-31 14:09:34,538.42
2022-03-31 14:09:39,538.36
2022-03-31 14:09:44,538.42
2022-03-31 14:09:49,538.36
2022-03-31 14:09:54,538.36
2022-03-31 14:09:59,538.42
2022-03-31 14:10:04,538.42
2022-03-31 14:10:09,538.41
2022-03-31 14:10:14,538.42
2022-03-31 14:10:19,538.42
2022-03-31 14:10:24,538.45
2022-03-31 14:10:29,538.41
2022-03-31 14:10:34,538.41
2022-03-31 14:10:39,538.45
2022-03-31 14:10:44,537.71
2022-03-31 14:10:49,538.51
2022-03-31 14:10:54,538.51
2022-03-31 14:10:59,538.51
2022-03-31 14:11:04,538.51
2022-03-31 14:11:09,538.57
2022-03-31 14:11:14,538.57
2022-03-31 14:11:19,538.64
2022-03-31 14:11:24,538.64
2022-03-31 14:11:29,538.67
2022-03-31 14:11:34,538.67
2022-03-31 14:11:39,538.73
2022-03-31 14:11:44,538.73
2022-03-31 14:11:49,538.8
2022-03-31 14:11:54,538.8
2022-03-31 14:11:59,538.8
2022-03-31 14:12:04,538.86
2022-03-31 14:12:09,538.93
2022-03-31 14:12:14,538.96
2022-03-31 14:12:19,538.96
2022-03-31 14:12:24,538.96
2022-03-31 14:12:29,539.02
2022-03-31 14:12:34,539.09
2022-03-31 14:12:39,539.15
2022-03-31 14:12:44,539.15
2022-03-31 14:12:49,539.15
2022-03-31 14:12:54,539.16
2022-03-31 14:12:59,539.19
2022-03-31 14:13:04,539.19
2022-03-31 14:13:09,539.25
2022-03-31 14:13:14,539.32
2022-03-31 14:13:19,539.38
2022-03-31 14:13:24,539.38
2022-03-31 14:13:29,539.45
2022-03-31 14:13:34,539.48
2022-03-31 14:13:39,539.48
2022-03-31 14:13:44,539.55
2022-03-31 14:13:49,539.55
2022-03-31 14:13:54,539.61
2022-03-31 14:13:59,539.68
2022-03-31 14:14:04,539.68
2022-03-31 14:14:09,539.71
2022-03-31 14:14:14,539.77
2022-03-31 14:14:19,539.78
2022-03-31 14:14:24,539.84
2022-03-31 14:14:29,539.9
2022-03-31 14:14:34,539.97
2022-03-31 14:14:39,539.97
2022-03-31 14:14:44,540.0
2022-03-31 14:14:49,540.0
2022-03-31 14:14:54,540.07
2022-03-31 14:14:59,540.07
2022-03-31 14:15:04,540.07
2022-03-31 14:15:09,540.13
2022-03-31 14:15:14,540.13
2022-03-31 14:15:19,540.2
2022-03-31 14:15:24,540.2
2022-03-31 14:15:29,540.23
2022-03-31 14:15:34,540.2
2022-03-31 14:15:39,540.2
2022-03-31 14:15:44,540.23
2022-03-31 14:15:49,540.23
2022-03-31 14:15:54,540.3
2022-03-31 14:15:59,540.36
2022-03-31 14:16:04,540.36
2022-03-31 14:16:09,540.43
2022-03-31 14:16:14,540.43
2022-03-31 14:16:19,540.49
2022-03-31 14:16:24,540.49
2022-03-31 14:16:29,540.49
2022-03-31 14:16:34,540.49
2022-03-31 14:16:39,540.58
2022-03-31 14:16:44,540.52
2022-03-31 14:16:49,540.58
2022-03-31 14:16:54,540.58
2022-03-31 14:16:59,540.58
2022-03-31 14:17:04,540.65
2022-03-31 14:17:09,540.65
2022-03-31 14:17:14,540.65
2022-03-31 14:17:19,540.65
2022-03-31 14:17:24,540.65
2022-03-31 14:17:29,540.65
2022-03-31 14:17:34,540.71
2022-03-31 14:17:39,540.71
2022-03-31 14:17:44,540.64
2022-03-31 14:17:49,540.71
2022-03-31 14:17:54,540.71
2022-03-31 14:17:59,540.71
2022-03-31 14:18:04,540.71
2022-03-31 14:18:09,540.71
2022-03-31 14:18:14,540.71
2022-03-31 14:18:19,540.71
2022-03-31 14:18:24,540.71
2022-03-31 14:18:29,540.71
2022-03-31 14:18:34,540.64
2022-03-31 14:18:39,540.71
2022-03-31 14:18:44,540.71
2022-03-31 14:18:49,540.71
2022-03-31 14:18:54,540.71
2022-03-31 14:18:59,540.64
2022-03-31 14:19:04,540.64
2022-03-31 14:19:09,540.64
2022-03-31 14:19:14,540.64
2022-03-31 14:19:19,540.64
2022-03-31 14:19:24,540.64
2022-03-31 14:19:29,540.57
2022-03-31 14:19:34,540.57
2022-03-31 14:19:39,540.58
2022-03-31 14:19:44,540.64
2022-03-31 14:19:49,540.57
2022-03-31 14:19:54,540.57
2022-03-31 14:19:59,540.57
2022-03-31 14:20:04,540.57
2022-03-31 14:20:09,540.64
2022-03-31 14:20:14,540.63
2022-03-31 14:20:19,540.7
2022-03-31 14:20:24,540.7
2022-03-31 14:20:29,540.7
2022-03-31 14:20:34,540.73
2022-03-31 14:20:39,540.79
2022-03-31 14:20:44,540.86
2022-03-31 14:20:49,540.86
2022-03-31 14:20:54,540.99
2022-03-31 14:20:59,541.02
2022-03-31 14:21:04,541.15
2022-03-31 14:21:09,541.15
2022-03-31 14:21:14,541.25
2022-03-31 14:21:19,541.31
2022-03-31 14:21:24,541.38
2022-03-31 14:21:29,541.51
2022-03-31 14:21:34,541.54
2022-03-31 14:21:39,541.67
2022-03-31 14:21:44,541.67
2022-03-31 14:21:49,541.77
2022-03-31 14:21:54,541.9
2022-03-31 14:21:59,541.96
2022-03-31 14:22:04,542.06
2022-03-31 14:22:09,542.19
2022-03-31 14:22:14,542.25
2022-03-31 14:22:19,542.35
2022-03-31 14:22:24,542.41
2022-03-31 14:22:29,542.54
2022-03-31 14:22:34,542.64
2022-03-31 14:22:39,542.7
2022-03-31 14:22:44,542.8
2022-03-31 14:22:49,542.87
2022-03-31 14:22:54,542.99
2022-03-31 14:22:59,543.09
2022-03-31 14:23:04,543.16
2022-03-31 14:23:09,543.22
2022-03-31 14:23:14,543.32
2022-03-31 14:23:19,543.39
2022-03-31 14:23:24,543.51
2022-03-31 14:23:29,543.51
2022-03-31 14:23:34,543.61
2022-03-31 14:23:39,543.67
2022-03-31 14:23:44,543.74
2022-03-31 14:23:49,543.8
2022-03-31 14:23:54,537.71
2022-03-31 14:23:59,543.97
2022-03-31 14:24:04,544.1
2022-03-31 14:24:09,544.1
2022-03-31 14:24:14,544.19
2022-03-31 14:24:19,544.26
2022-03-31 14:24:24,544.32
2022-03-31 14:24:29,544.36
2022-03-31 14:24:34,544.42
2022-03-31 14:24:39,544.55
2022-03-31 14:24:44,544.61
2022-03-31 14:24:49,544.64
2022-03-31 14:24:54,544.71
2022-03-31 14:24:59,544.84
2022-03-31 14:25:04,544.84
2022-03-31 14:25:09,545.0
2022-03-31 14:25:14,544.94
2022-03-31 14:25:19,545.06
2022-03-31 14:25:24,545.16
2022-03-31 14:25:29,545.16
2022-03-31 14:25:34,545.29
2022-03-31 14:25:39,545.35
2022-03-31 14:25:44,545.35
2022-03-31 14:25:49,545.51
2022-03-31 14:25:54,545.51
2022-03-31 14:25:59,545.58
2022-03-31 14:26:04,545.64
2022-03-31 14:26:09,545.67
2022-03-31 14:26:14,545.73
2022-03-31 14:26:19,545.8
2022-03-31 14:26:24,545.9
2022-03-31 14:26:29,545.9
2022-03-31 14:26:34,545.96
2022-03-31 14:26:39,546.02
2022-03-31 14:26:44,546.09
2022-03-31 14:26:49,546.09
2022-03-31 14:26:54,546.18
2022-03-31 14:26:59,546.18
2022-03-31 14:27:04,546.31
2022-03-31 14:27:09,546.31
2022-03-31 14:27:14,546.38
2022-03-31 14:27:19,546.41
2022-03-31 14:27:24,546.41
2022-03-31 14:27:29,546.47
2022-03-31 14:27:34,537.71
2022-03-31 14:27:39,546.54
2022-03-31 14:27:44,546.54
2022-03-31 14:27:49,546.6
2022-03-31 14:27:54,546.6
2022-03-31 14:27:59,546.6
2022-03-31 14:28:04,546.66
2022-03-31 14:28:09,546.6
2022-03-31 14:28:14,546.59
2022-03-31 14:28:19,546.59
2022-03-31 14:28:24,546.6
2022-03-31 14:28:29,546.53
2022-03-31 14:28:34,546.53
2022-03-31 14:28:39,546.53
2022-03-31 14:28:44,546.46
2022-03-31 14:28:49,546.46
2022-03-31 14:28:54,546.4
2022-03-31 14:28:59,546.37
2022-03-31 14:29:04,546.3
2022-03-31 14:29:09,546.17
2022-03-31 14:29:14,546.14
2022-03-31 14:29:19,546.07
2022-03-31 14:29:24,545.95
2022-03-31 14:29:29,545.85
2022-03-31 14:29:34,545.72
2022-03-31 14:29:39,545.62
2022-03-31 14:29:44,545.49
2022-03-31 14:29:49,545.27
2022-03-31 14:29:54,545.14
2022-03-31 14:29:59,544.98
2022-03-31 14:30:04,544.75
2022-03-31 14:30:09,544.69
2022-03-31 14:30:14,544.46
2022-03-31 14:30:19,544.3
2022-03-31 14:30:24,544.08
2022-03-31 14:30:29,543.89
2022-03-31 14:30:34,543.73
2022-03-31 14:30:39,543.5
2022-03-31 14:30:44,543.31
2022-03-31 14:30:49,543.05
2022-03-31 14:30:54,542.86
2022-03-31 14:30:59,542.7
2022-03-31 14:31:04,542.41
2022-03-31 14:31:09,542.24
2022-03-31 14:31:14,541.95
2022-03-31 14:31:19,541.66
2022-03-31 14:31:24,541.44
2022-03-31 14:31:29,541.15
2022-03-31 14:31:34,540.87
2022-03-31 14:31:39,540.57
2022-03-31 14:31:44,540.29
2022-03-31 14:31:49,540.06
2022-03-31 14:31:54,539.77
2022-03-31 14:31:59,539.48
2022-03-31 14:32:04,539.16
2022-03-31 14:32:09,538.87
2022-03-31 14:32:14,538.58
2022-03-31 14:32:19,538.29
2022-03-31 14:32:24,538.0
2022-03-31 14:32:29,537.65
2022-03-31 14:32:34,537.33
2022-03-31 14:32:39,537.13
2022-03-31 14:32:44,536.88
2022-03-31 14:32:49,536.59
2022-03-31 14:32:54,536.36
2022-03-31 14:32:59,536.07
2022-03-31 14:33:04,535.78
2022-03-31 14:33:09,535.49
2022-03-31 14:33:14,535.27
2022-03-31 14:33:19,534.98
2022-03-31 14:33:24,534.75
2022-03-31 14:33:29,534.53
2022-03-31 14:33:34,534.3
2022-03-31 14:33:39,534.11
2022-03-31 14:33:44,533.88
2022-03-31 14:33:49,533.66
2022-03-31 14:33:54,533.5
2022-03-31 14:33:59,533.27
2022-03-31 14:34:04,533.01
2022-03-31 14:34:09,532.85
2022-03-31 14:34:14,532.63
2022-03-31 14:34:19,532.5
2022-03-31 14:34:24,532.34
2022-03-31 14:34:29,532.11
2022-03-31 14:34:34,531.98
2022-03-31 14:34:39,531.88
2022-03-31 14:34:44,531.72
2022-03-31 14:34:49,531.66
2022-03-31 14:34:54,531.47
2022-03-31 14:34:59,531.43
2022-03-31 14:35:04,531.3
2022-03-31 14:35:09,531.21
2022-03-31 14:35:14,531.2
2022-03-31 14:35:19,531.08
2022-03-31 14:35:24,530.95
2022-03-31 14:35:29,530.92
2022-03-31 14:35:34,530.92
2022-03-31 14:35:39,530.85
2022-03-31 14:35:44,530.79
2022-03-31 14:35:49,530.72
2022-03-31 14:35:54,530.72
2022-03-31 14:35:59,530.72
2022-03-31 14:36:04,530.72
2022-03-31 14:36:09,530.72
2022-03-31 14:36:14,530.69
2022-03-31 14:36:19,530.72
2022-03-31 14:36:24,530.71
2022-03-31 14:36:29,530.71
2022-03-31 14:36:34,530.78
2022-03-31 14:36:39,530.78
2022-03-31 14:36:44,530.77
2022-03-31 14:36:49,530.77
2022-03-31 14:36:54,530.77
2022-03-31 14:36:59,530.84
2022-03-31 14:37:04,530.9
2022-03-31 14:37:09,530.94
2022-03-31 14:37:14,530.9
2022-03-31 14:37:19,531.06
2022-03-31 14:37:24,531.06
2022-03-31 14:37:29,531.13
2022-03-31 14:37:34,531.22
2022-03-31 14:37:39,531.29
2022-03-31 14:37:44,531.29
2022-03-31 14:37:49,531.42
2022-03-31 14:37:54,531.44
2022-03-31 14:37:59,531.57
2022-03-31 14:38:04,531.64
2022-03-31 14:38:09,531.73
2022-03-31 14:38:14,531.86
2022-03-31 14:38:19,531.93
2022-03-31 14:38:24,532.02
2022-03-31 14:38:29,532.15
2022-03-31 14:38:34,532.25
2022-03-31 14:38:39,532.31
2022-03-31 14:38:44,532.44
2022-03-31 14:38:49,532.54
2022-03-31 14:38:54,532.6
2022-03-31 14:38:59,532.76
2022-03-31 14:39:04,532.83
2022-03-31 14:39:09,532.96
2022-03-31 14:39:14,532.99
2022-03-31 14:39:19,533.18
2022-03-31 14:39:24,533.25
2022-03-31 14:39:29,533.34
2022-03-31 14:39:34,533.41
2022-03-31 14:39:39,533.51
2022-03-31 14:39:44,533.57
2022-03-31 14:39:49,533.76
2022-03-31 14:39:54,533.86
2022-03-31 14:39:59,533.93
2022-03-31 14:40:04,534.02
2022-03-31 14:40:09,534.15
2022-03-31 14:40:14,534.28
2022-03-31 14:40:19,534.38
2022-03-31 14:40:24,534.44
2022-03-31 14:40:29,534.61
2022-03-31 14:40:34,534.67
2022-03-31 14:40:39,534.8
2022-03-31 14:40:44,534.89
2022-03-31 14:40:49,535.06
2022-03-31 14:40:54,535.19
2022-03-31 14:40:59,535.32
2022-03-31 14:41:04,535.41
2022-03-31 14:41:09,535.54
2022-03-31 14:41:14,535.64
2022-03-31 14:41:19,535.7
2022-03-31 14:41:24,535.83
2022-03-31 14:41:29,535.99
2022-03-31 14:41:34,536.09
2022-03-31 14:41:39,536.22
2022-03-31 14:41:44,536.35
2022-03-31 14:41:49,536.51
2022-03-31 14:41:54,536.57
2022-03-31 14:41:59,536.67
2022-03-31 14:42:04,536.8
2022-03-31 14:42:09,536.9
2022-03-31 14:42:14,537.03
2022-03-31 14:42:19,537.19
2022-03-31 14:42:24,537.32
2022-03-31 14:42:29,537.38
2022-03-31 14:42:34,537.54
2022-03-31 14:42:39,537.64
2022-03-31 14:42:44,537.77
2022-03-31 14:42:49,537.9
2022-03-31 14:42:54,537.99
2022-03-31 14:42:59,538.12
2022-03-31 14:43:04,538.22
2022-03-31 14:43:09,538.41
2022-03-31 14:43:14,538.51
2022-03-31 14:43:19,538.67
2022-03-31 14:43:24,538.8
2022-03-31 14:43:29,538.96
2022-03-31 14:43:34,539.09
2022-03-31 14:43:39,539.19
2022-03-31 14:43:44,539.38
2022-03-31 14:43:49,539.54
2022-03-31 14:43:54,539.66
2022-03-31 14:43:59,539.76
2022-03-31 14:44:04,539.95
2022-03-31 14:44:09,540.11
2022-03-31 14:44:14,540.27
2022-03-31 14:44:19,540.34
2022-03-31 14:44:24,540.5
2022-03-31 14:44:29,540.69
2022-03-31 14:44:34,540.79
2022-03-31 14:44:39,540.92
2022-03-31 14:44:44,541.01
2022-03-31 14:44:49,541.21
2022-03-31 14:44:54,541.3
2022-03-31 14:44:59,541.43
2022-03-31 14:45:04,541.59
2022-03-31 14:45:09,541.72
2022-03-31 14:45:14,541.88
2022-03-31 14:45:19,541.95
2022-03-31 14:45:24,542.04
2022-03-31 14:45:29,542.23
2022-03-31 14:45:34,542.26
2022-03-31 14:45:39,542.39
2022-03-31 14:45:44,542.52
2022-03-31 14:45:49,542.62
2022-03-31 14:45:54,542.74
2022-03-31 14:45:59,542.78
2022-03-31 14:46:04,542.84
2022-03-31 14:46:09,542.91
2022-03-31 14:46:14,543.03
2022-03-31 14:46:19,543.07
2022-03-31 14:46:24,537.71
2022-03-31 14:46:29,543.19
2022-03-31 14:46:34,543.26
2022-03-31 14:46:39,543.26
2022-03-31 14:46:44,543.29
2022-03-31 14:46:49,543.35
2022-03-31 14:46:54,543.35
2022-03-31 14:46:59,543.35
2022-03-31 14:47:04,543.35
2022-03-31 14:47:09,543.35
2022-03-31 14:47:14,543.42
2022-03-31 14:47:19,543.42
2022-03-31 14:47:24,543.42
2022-03-31 14:47:29,543.42
2022-03-31 14:47:34,543.35
2022-03-31 14:47:39,543.42
2022-03-31 14:47:44,543.42
2022-03-31 14:47:49,543.29
2022-03-31 14:47:54,543.35
2022-03-31 14:47:59,543.29
2022-03-31 14:48:04,543.29
2022-03-31 14:48:09,543.26
2022-03-31 14:48:14,543.19
2022-03-31 14:48:19,543.13
2022-03-31 14:48:24,543.06
2022-03-31 14:48:29,543.06
2022-03-31 14:48:34,543.07
2022-03-31 14:48:39,542.97
2022-03-31 14:48:44,542.91
2022-03-31 14:48:49,542.84
2022-03-31 14:48:54,542.78
2022-03-31 14:48:59,542.68
2022-03-31 14:49:04,542.68
2022-03-31 14:49:09,542.55
2022-03-31 14:49:14,542.52
2022-03-31 14:49:19,542.39
2022-03-31 14:49:24,542.33
2022-03-31 14:49:29,542.24
2022-03-31 14:49:34,542.17
2022-03-31 14:49:39,542.11
2022-03-31 14:49:44,542.01
2022-03-31 14:49:49,541.95
2022-03-31 14:49:54,541.82
2022-03-31 14:49:59,541.66
2022-03-31 14:50:04,541.66
2022-03-31 14:50:09,541.53
2022-03-31 14:50:14,541.44
2022-03-31 14:50:19,541.31
2022-03-31 14:50:24,541.21
2022-03-31 14:50:29,541.15
2022-03-31 14:50:34,541.09
2022-03-31 14:50:39,540.93
2022-03-31 14:50:44,540.86
2022-03-31 14:50:49,540.7
2022-03-31 14:50:54,540.58
2022-03-31 14:50:59,540.48
2022-03-31 14:51:04,540.35
2022-03-31 14:51:09,540.23
2022-03-31 14:51:14,540.13
2022-03-31 14:51:19,540.0
2022-03-31 14:51:24,539.9
2022-03-31 14:51:29,539.71
2022-03-31 14:51:34,539.61
2022-03-31 14:51:39,539.46
2022-03-31 14:51:44,539.2
2022-03-31 14:51:49,539.1
2022-03-31 14:51:54,538.97
2022-03-31 14:51:59,538.82
2022-03-31 14:52:04,538.66
2022-03-31 14:52:09,538.46
2022-03-31 14:52:14,538.37
2022-03-31 14:52:19,538.17
2022-03-31 14:52:24,538.01
2022-03-31 14:52:29,537.85
2022-03-31 14:52:34,537.66
2022-03-31 14:52:39,537.5
2022-03-31 14:52:44,537.34
2022-03-31 14:52:49,537.11
2022-03-31 14:52:54,536.92
2022-03-31 14:52:59,536.76
2022-03-31 14:53:04,536.6
2022-03-31 14:53:09,536.41
2022-03-31 14:53:14,536.25
2022-03-31 14:53:19,536.03
2022-03-31 14:53:24,535.87
2022-03-31 14:53:29,535.61
2022-03-31 14:53:34,535.45
2022-03-31 14:53:39,535.22
2022-03-31 14:53:44,535.06
2022-03-31 14:53:49,534.84
2022-03-31 14:53:54,534.65
2022-03-31 14:53:59,534.49
2022-03-31 14:54:04,534.26
2022-03-31 14:54:09,534.07
2022-03-31 14:54:14,533.84
2022-03-31 14:54:19,533.69
2022-03-31 14:54:24,533.46
2022-03-31 14:54:29,533.23
2022-03-31 14:54:34,533.04
2022-03-31 14:54:39,532.88
2022-03-31 14:54:44,532.72
2022-03-31 14:54:49,532.53
2022-03-31 14:54:54,532.37
2022-03-31 14:54:59,532.21
2022-03-31 14:55:04,532.01
2022-03-31 14:55:09,531.86
2022-03-31 14:55:14,531.7
2022-03-31 14:55:19,531.5
2022-03-31 14:55:24,531.41
2022-03-31 14:55:29,531.25
2022-03-31 14:55:34,537.71
2022-03-31 14:55:39,530.96
2022-03-31 14:55:44,530.77
2022-03-31 14:55:49,530.61
2022-03-31 14:55:54,530.48
2022-03-31 14:55:59,530.32
2022-03-31 14:56:04,530.26
2022-03-31 14:56:09,530.16
2022-03-31 14:56:14,530.03
2022-03-31 14:56:19,529.94
2022-03-31 14:56:24,529.87
2022-03-31 14:56:29,529.75
2022-03-31 14:56:34,529.65
2022-03-31 14:56:39,529.59
2022-03-31 14:56:44,529.59
2022-03-31 14:56:49,529.52
2022-03-31 14:56:54,529.46
2022-03-31 14:56:59,529.37
2022-03-31 14:57:04,529.37
2022-03-31 14:57:09,529.37
2022-03-31 14:57:14,529.31
2022-03-31 14:57:19,529.31
2022-03-31 14:57:24,529.24
2022-03-31 14:57:29,529.24
2022-03-31 14:57:34,529.24
2022-03-31 14:57:39,529.21
2022-03-31 14:57:44,529.22
2022-03-31 14:57:49,529.22
2022-03-31 14:57:54,529.22
2022-03-31 14:57:59,529.22
2022-03-31 14:58:04,529.22
2022-03-31 14:58:09,529.22
2022-03-31 14:58:14,529.25
2022-03-31 14:58:19,529.26
2022-03-31 14:58:24,529.26
2022-03-31 14:58:29,529.32
2022-03-31 14:58:34,529.32
2022-03-31 14:58:39,529.33
2022-03-31 14:58:44,529.39
2022-03-31 14:58:49,529.39
2022-03-31 14:58:54,529.46
2022-03-31 14:58:59,529.46
2022-03-31 14:59:04,529.49
2022-03-31 14:59:09,529.55
2022-03-31 14:59:14,529.55
2022-03-31 14:59:19,529.62
2022-03-31 14:59:24,529.62
2022-03-31 14:59:29,529.69
2022-03-31 14:59:34,529.75
2022-03-31 14:59:39,529.75
2022-03-31 14:59:44,529.79
2022-03-31 14:59:49,529.85
2022-03-31 14:59:54,529.92
2022-03-31 14:59:59,529.98
2022-03-31 15:00:04,529.98
2022-03-31 15:00:09,530.01
2022-03-31 15:00:14,530.08
2022-03-31 15:00:19,530.14
2022-03-31 15:00:24,530.21
2022-03-31 15:00:29,530.27
2022-03-31 15:00:34,530.3
2022-03-31 15:00:39,530.3
2022-03-31 15:00:44,537.71
2022-03-31 15:00:49,530.43
2022-03-31 15:00:54,530.44
2022-03-31 15:00:59,530.53
2022-03-31 15:01:04,530.6
2022-03-31 15:01:09,530.66
2022-03-31 15:01:14,530.73
2022-03-31 15:01:19,530.79
2022-03-31 15:01:24,530.82
2022-03-31 15:01:29,530.89
2022-03-31 15:01:34,530.95
2022-03-31 15:01:39,531.02
2022-03-31 15:01:44,531.02
2022-03-31 15:01:49,531.11
2022-03-31 15:01:54,531.18
2022-03-31 15:01:59,531.18
2022-03-31 15:02:04,531.24
2022-03-31 15:02:09,531.31
2022-03-31 15:02:14,531.41
2022-03-31 15:02:19,531.47
2022-03-31 15:02:24,531.53
2022-03-31 15:02:29,531.57
2022-03-31 15:02:34,531.57
2022-03-31 15:02:39,531.63
2022-03-31 15:02:44,531.69
2022-03-31 15:02:49,531.76
2022-03-31 15:02:54,531.82
2022-03-31 15:02:59,531.85
2022-03-31 15:03:04,531.92
2022-03-31 15:03:09,531.98
2022-03-31 15:03:14,532.04
2022-03-31 15:03:19,532.08
2022-03-31 15:03:24,532.21
2022-03-31 15:03:29,532.21
2022-03-31 15:03:34,532.34
2022-03-31 15:03:39,532.37
2022-03-31 15:03:44,532.43
2022-03-31 15:03:49,532.56
2022-03-31 15:03:54,532.56
2022-03-31 15:03:59,532.6
2022-03-31 15:04:04,532.66
2022-03-31 15:04:09,532.72
2022-03-31 15:04:14,532.86
2022-03-31 15:04:19,532.85
2022-03-31 15:04:24,532.95
2022-03-31 15:04:29,532.95
2022-03-31 15:04:34,533.08
2022-03-31 15:04:39,533.08
2022-03-31 15:04:44,533.11
2022-03-31 15:04:49,533.18
2022-03-31 15:04:54,533.24
2022-03-31 15:04:59,533.24
2022-03-31 15:05:04,533.31
2022-03-31 15:05:09,533.37
2022-03-31 15:05:14,533.37
2022-03-31 15:05:19,533.41
2022-03-31 15:05:24,533.47
2022-03-31 15:05:29,533.53
2022-03-31 15:05:34,533.6
2022-03-31 15:05:39,533.6
2022-03-31 15:05:44,533.63
2022-03-31 15:05:49,533.7
2022-03-31 15:05:54,533.7
2022-03-31 15:05:59,533.76
2022-03-31 15:06:04,533.77
2022-03-31 15:06:09,533.9
2022-03-31 15:06:14,533.83
2022-03-31 15:06:19,533.9
2022-03-31 15:06:24,533.93
2022-03-31 15:06:29,533.9
2022-03-31 15:06:34,533.93
2022-03-31 15:06:39,533.93
2022-03-31 15:06:44,534.0
2022-03-31 15:06:49,534.06
2022-03-31 15:06:54,534.06
2022-03-31 15:06:59,534.07
2022-03-31 15:07:04,534.13
2022-03-31 15:07:09,534.16
2022-03-31 15:07:14,534.16
2022-03-31 15:07:19,534.16
2022-03-31 15:07:24,534.23
2022-03-31 15:07:29,534.23
2022-03-31 15:07:34,534.29
2022-03-31 15:07:39,534.36
2022-03-31 15:07:44,534.36
2022-03-31 15:07:49,534.42
2022-03-31 15:07:54,534.42
2022-03-31 15:07:59,534.42
2022-03-31 15:08:04,534.46
2022-03-31 15:08:09,534.46
2022-03-31 15:08:14,534.46
2022-03-31 15:08:19,534.52
2022-03-31 15:08:24,534.52
2022-03-31 15:08:29,534.59
2022-03-31 15:08:34,534.59
2022-03-31 15:08:39,534.59
2022-03-31 15:08:44,534.59
2022-03-31 15:08:49,534.59
2022-03-31 15:08:54,534.66
2022-03-31 15:08:59,534.59
2022-03-31 15:09:04,534.59
2022-03-31 15:09:09,534.65
2022-03-31 15:09:14,534.59
2022-03-31 15:09:19,534.59
2022-03-31 15:09:24,534.65
2022-03-31 15:09:29,534.65
2022-03-31 15:09:34,534.66
2022-03-31 15:09:39,534.59
2022-03-31 15:09:44,534.59
2022-03-31 15:09:49,534.59
2022-03-31 15:09:54,534.65
2022-03-31 15:09:59,534.59
2022-03-31 15:10:04,534.59
2022-03-31 15:10:09,534.59
2022-03-31 15:10:14,534.66
2022-03-31 15:10:19,534.59
2022-03-31 15:10:24,534.59
2022-03-31 15:10:29,534.59
2022-03-31 15:10:34,534.53
2022-03-31 15:10:39,534.53
2022-03-31 15:10:44,534.53
2022-03-31 15:10:49,534.52
2022-03-31 15:10:54,534.46
2022-03-31 15:10:59,534.46
2022-03-31 15:11:04,534.46
2022-03-31 15:11:09,534.46
2022-03-31 15:11:14,534.46
2022-03-31 15:11:19,534.46
2022-03-31 15:11:24,534.43
2022-03-31 15:11:29,534.43
2022-03-31 15:11:34,534.36
2022-03-31 15:11:39,534.43
2022-03-31 15:11:44,534.43
2022-03-31 15:11:49,534.43
2022-03-31 15:11:54,534.36
2022-03-31 15:11:59,534.36
2022-03-31 15:12:04,534.43
2022-03-31 15:12:09,534.36
2022-03-31 15:12:14,534.36
2022-03-31 15:12:19,537.71
2022-03-31 15:12:24,534.43
2022-03-31 15:12:29,534.42
2022-03-31 15:12:34,534.42
2022-03-31 15:12:39,534.42
2022-03-31 15:12:44,537.71
2022-03-31 15:12:49,534.36
2022-03-31 15:12:54,534.36
2022-03-31 15:12:59,534.42
2022-03-31 15:13:04,534.36
2022-03-31 15:13:09,534.42
2022-03-31 15:13:14,534.42
2022-03-31 15:13:19,534.42
2022-03-31 15:13:24,534.42
2022-03-31 15:13:29,534.42
2022-03-31 15:13:34,534.45
2022-03-31 15:13:39,534.45
2022-03-31 15:13:44,534.46
2022-03-31 15:13:49,534.52
2022-03-31 15:13:54,534.52
2022-03-31 15:13:59,534.52
2022-03-31 15:14:04,534.59
2022-03-31 15:14:09,534.52
2022-03-31 15:14:14,534.52
2022-03-31 15:14:19,534.59
2022-03-31 15:14:24,534.59
2022-03-31 15:14:29,534.59
2022-03-31 15:14:34,534.59
2022-03-31 15:14:39,534.65
2022-03-31 15:14:44,534.65
2022-03-31 15:14:49,534.65
2022-03-31 15:14:54,534.65
2022-03-31 15:14:59,534.65
2022-03-31 15:15:04,534.69
2022-03-31 15:15:09,534.69
2022-03-31 15:15:14,534.69
2022-03-31 15:15:19,534.75
2022-03-31 15:15:24,534.75
2022-03-31 15:15:29,534.75
2022-03-31 15:15:34,534.75
2022-03-31 15:15:39,534.82
2022-03-31 15:15:44,534.82
2022-03-31 15:15:49,534.82
2022-03-31 15:15:54,534.88
2022-03-31 15:15:59,534.88
2022-03-31 15:16:04,534.95
2022-03-31 15:16:09,534.88
2022-03-31 15:16:14,534.95
2022-03-31 15:16:19,534.95
2022-03-31 15:16:24,534.95
2022-03-31 15:16:29,534.98
2022-03-31 15:16:34,534.99
2022-03-31 15:16:39,534.98
2022-03-31 15:16:44,534.99
2022-03-31 15:16:49,535.05
2022-03-31 15:16:54,535.05
2022-03-31 15:16:59,535.05
2022-03-31 15:17:04,535.05
2022-03-31 15:17:09,535.05
2022-03-31 15:17:14,535.11
2022-03-31 15:17:19,535.12
2022-03-31 15:17:24,535.11
2022-03-31 15:17:29,535.11
2022-03-31 15:17:34,535.18
2022-03-31 15:17:39,535.18
2022-03-31 15:17:44,535.21
2022-03-31 15:17:49,535.18
2022-03-31 15:17:54,535.22
2022-03-31 15:17:59,535.21
2022-03-31 15:18:04,535.28
2022-03-31 15:18:09,535.28
2022-03-31 15:18:14,535.34
2022-03-31 15:18:19,535.34
2022-03-31 15:18:24,535.41
2022-03-31 15:18:29,535.41
2022-03-31 15:18:34,535.41
2022-03-31 15:18:39,535.41
2022-03-31 15:18:44,535.5
2022-03-31 15:18:49,535.5
2022-03-31 15:18:54,535.5
2022-03-31 15:18:59,535.57
2022-03-31 15:19:04,535.57
2022-03-31 15:19:09,535.63
2022-03-31 15:19:14,535.63
2022-03-31 15:19:19,535.63
2022-03-31 15:19:24,535.7
2022-03-31 15:19:29,535.7
2022-03-31 15:19:34,535.7
2022-03-31 15:19:39,535.73
2022-03-31 15:19:44,535.73
2022-03-31 15:19:49,535.79
2022-03-31 15:19:54,535.85
2022-03-31 15:19:59,535.85
2022-03-31 15:20:04,535.85
2022-03-31 15:20:09,535.85
2022-03-31 15:20:14,535.85
2022-03-31 15:20:19,535.92
2022-03-31 15:20:24,535.85
2022-03-31 15:20:29,535.85
2022-03-31 15:20:34,535.85
2022-03-31 15:20:39,535.85
2022-03-31 15:20:44,535.85
2022-03-31 15:20:49,535.85
2022-03-31 15:20:54,535.85
2022-03-31 15:20:59,535.78
2022-03-31 15:21:04,537.71
2022-03-31 15:21:09,535.79
2022-03-31 15:21:14,535.79
2022-03-31 15:21:19,535.72
2022-03-31 15:21:24,535.72
2022-03-31 15:21:29,535.69
2022-03-31 15:21:34,535.72
2022-03-31 15:21:39,535.72
2022-03-31 15:21:44,535.72
2022-03-31 15:21:49,535.68
2022-03-31 15:21:54,535.68
2022-03-31 15:21:59,535.68
2022-03-31 15:22:04,535.62
2022-03-31 15:22:09,535.62
2022-03-31 15:22:14,535.62
2022-03-31 15:22:19,535.55
2022-03-31 15:22:24,535.62
2022-03-31 15:22:29,535.55
2022-03-31 15:22:34,535.49
2022-03-31 15:22:39,535.49
2022-03-31 15:22:44,535.49
2022-03-31 15:22:49,535.46
2022-03-31 15:22:54,535.46
2022-03-31 15:22:59,535.46
2022-03-31 15:23:04,535.39
2022-03-31 15:23:09,535.33
2022-03-31 15:23:14,535.33
2022-03-31 15:23:19,535.26
2022-03-31 15:23:24,535.26
2022-03-31 15:23:29,535.17
2022-03-31 15:23:34,535.17
2022-03-31 15:23:39,535.17
2022-03-31 15:23:44,535.1
2022-03-31 15:23:49,535.1
2022-03-31 15:23:54,535.04
2022-03-31 15:23:59,534.97
2022-03-31 15:24:04,534.94
2022-03-31 15:24:09,534.94
2022-03-31 15:24:14,534.94
2022-03-31 15:24:19,534.88
2022-03-31 15:24:24,534.88
2022-03-31 15:24:29,534.82
2022-03-31 15:24:34,534.82
2022-03-31 15:24:39,534.82
2022-03-31 15:24:44,534.82
2022-03-31 15:24:49,534.75
2022-03-31 15:24:54,534.69
2022-03-31 15:24:59,534.69
2022-03-31 15:25:04,534.69
2022-03-31 15:25:09,534.76
2022-03-31 15:25:14,534.69
2022-03-31 15:25:19,534.69
2022-03-31 15:25:24,534.66
2022-03-31 15:25:29,534.69
2022-03-31 15:25:34,534.66
2022-03-31 15:25:39,534.66
2022-03-31 15:25:44,534.69
2022-03-31 15:25:49,534.66
2022-03-31 15:25:54,534.69
2022-03-31 15:25:59,534.69
2022-03-31 15:26:04,534.66
2022-03-31 15:26:09,534.69
2022-03-31 15:26:14,534.69
2022-03-31 15:26:19,534.69
2022-03-31 15:26:24,534.69
2022-03-31 15:26:29,534.7
2022-03-31 15:26:34,534.69
2022-03-31 15:26:39,534.76
2022-03-31 15:26:44,534.76
2022-03-31 15:26:49,534.76
2022-03-31 15:26:54,534.82
2022-03-31 15:26:59,534.82
2022-03-31 15:27:04,534.82
2022-03-31 15:27:09,534.89
2022-03-31 15:27:14,534.95
2022-03-31 15:27:19,534.95
2022-03-31 15:27:24,534.95
2022-03-31 15:27:29,534.99
2022-03-31 15:27:34,535.05
2022-03-31 15:27:39,535.11
2022-03-31 15:27:44,535.18
2022-03-31 15:27:49,535.18
2022-03-31 15:27:54,535.28
2022-03-31 15:27:59,535.28
2022-03-31 15:28:04,535.4
2022-03-31 15:28:09,535.4
2022-03-31 15:28:14,535.47
2022-03-31 15:28:19,535.5
2022-03-31 15:28:24,535.56
2022-03-31 15:28:29,535.63
2022-03-31 15:28:34,535.63
2022-03-31 15:28:39,535.72
2022-03-31 15:28:44,535.79
2022-03-31 15:28:49,535.79
2022-03-31 15:28:54,535.92
2022-03-31 15:28:59,535.92
2022-03-31 15:29:04,535.98
2022-03-31 15:29:09,536.08
2022-03-31 15:29:14,536.14
2022-03-31 15:29:19,536.21
2022-03-31 15:29:24,536.23
2022-03-31 15:29:29,536.36
2022-03-31 15:29:34,536.37
2022-03-31 15:29:39,536.43
2022-03-31 15:29:44,536.49
2022-03-31 15:29:49,536.49
2022-03-31 15:29:54,536.52
2022-03-31 15:29:59,536.59
2022-03-31 15:30:04,536.65
2022-03-31 15:30:09,536.65
2022-03-31 15:30:14,536.72
2022-03-31 15:30:19,536.72
2022-03-31 15:30:24,536.75
2022-03-31 15:30:29,536.81
2022-03-31 15:30:34,536.81
2022-03-31 15:30:39,536.87
2022-03-31 15:30:44,536.94
2022-03-31 15:30:49,536.94
2022-03-31 15:30:54,537.0
2022-03-31 15:30:59,537.0
2022-03-31 15:31:04,537.03
2022-03-31 15:31:09,537.0
2022-03-31 15:31:14,537.03
2022-03-31 15:31:19,537.0
2022-03-31 15:31:24,537.03
2022-03-31 15:31:29,537.03
2022-03-31 15:31:34,536.99
2022-03-31 15:31:39,536.93
2022-03-31 15:31:44,536.87
2022-03-31 15:31:49,536.93
2022-03-31 15:31:54,536.93
2022-03-31 15:31:59,536.87
2022-03-31 15:32:04,536.8
2022-03-31 15:32:09,536.8
2022-03-31 15:32:14,536.71
2022-03-31 15:32:19,536.74
2022-03-31 15:32:24,536.64
2022-03-31 15:32:29,536.64
2022-03-31 15:32:34,536.58
2022-03-31 15:32:39,536.58
2022-03-31 15:32:44,536.51
2022-03-31 15:32:49,536.48
2022-03-31 15:32:54,536.48
2022-03-31 15:32:59,536.35
2022-03-31 15:33:04,536.35
2022-03-31 15:33:09,536.23
2022-03-31 15:33:14,536.22
2022-03-31 15:33:19,536.19
2022-03-31 15:33:24,536.13
2022-03-31 15:33:29,536.0
2022-03-31 15:33:34,535.97
2022-03-31 15:33:39,535.97
2022-03-31 15:33:44,535.84
2022-03-31 15:33:49,535.78
2022-03-31 15:33:54,535.68
2022-03-31 15:33:59,535.68
2022-03-31 15:34:04,535.55
2022-03-31 15:34:09,535.49
2022-03-31 15:34:14,535.39
2022-03-31 15:34:19,535.39
2022-03-31 15:34:24,535.26
2022-03-31 15:34:29,535.17
2022-03-31 15:34:34,535.1
2022-03-31 15:34:39,535.04
2022-03-31 15:34:44,534.94
2022-03-31 15:34:49,534.88
2022-03-31 15:34:54,534.81
2022-03-31 15:34:59,534.69
2022-03-31 15:35:04,534.65
2022-03-31 15:35:09,534.53
2022-03-31 15:35:14,534.43
2022-03-31 15:35:19,534.36
2022-03-31 15:35:24,534.3
2022-03-31 15:35:29,534.17
2022-03-31 15:35:34,534.08
2022-03-31 15:35:39,534.01
2022-03-31 15:35:44,533.95
2022-03-31 15:35:49,533.85
2022-03-31 15:35:54,533.78
2022-03-31 15:35:59,533.66
2022-03-31 15:36:04,533.62
2022-03-31 15:36:09,533.5
2022-03-31 15:36:14,533.43
2022-03-31 15:36:19,533.33
2022-03-31 15:36:24,533.21
2022-03-31 15:36:29,533.14
2022-03-31 15:36:34,533.11
2022-03-31 15:36:39,532.98
2022-03-31 15:36:44,532.88
2022-03-31 15:36:49,532.75
2022-03-31 15:36:54,532.69
2022-03-31 15:36:59,532.59
2022-03-31 15:37:04,532.46
2022-03-31 15:37:09,532.37
2022-03-31 15:37:14,532.3
2022-03-31 15:37:19,532.24
2022-03-31 15:37:24,532.1
2022-03-31 15:37:29,532.07
2022-03-31 15:37:34,531.88
2022-03-31 15:37:39,531.85
2022-03-31 15:37:44,531.72
2022-03-31 15:37:49,531.66
2022-03-31 15:37:54,531.56
2022-03-31 15:37:59,531.43
2022-03-31 15:38:04,531.37
2022-03-31 15:38:09,531.33
2022-03-31 15:38:14,531.2
2022-03-31 15:38:19,531.21
2022-03-31 15:38:24,531.14
2022-03-31 15:38:29,531.04
2022-03-31 15:38:34,530.97
2022-03-31 15:38:39,530.84
2022-03-31 15:38:44,530.84
2022-03-31 15:38:49,530.74
2022-03-31 15:38:54,530.74
2022-03-31 15:38:59,530.68
2022-03-31 15:39:04,530.61
2022-03-31 15:39:09,530.55
2022-03-31 15:39:14,530.52
2022-03-31 15:39:19,530.52
2022-03-31 15:39:24,530.52
2022-03-31 15:39:29,530.39
2022-03-31 15:39:34,530.39
2022-03-31 15:39:39,530.32
2022-03-31 15:39:44,530.32
2022-03-31 15:39:49,530.29
2022-03-31 15:39:54,530.29
2022-03-31 15:39:59,530.29
2022-03-31 15:40:04,530.22
2022-03-31 15:40:09,530.22
2022-03-31 15:40:14,537.71
2022-03-31 15:40:19,530.16
2022-03-31 15:40:24,530.16
2022-03-31 15:40:29,530.16
2022-03-31 15:40:34,530.16
2022-03-31 15:40:39,530.16
2022-03-31 15:40:44,530.22
2022-03-31 15:40:49,530.15
2022-03-31 15:40:54,530.16
2022-03-31 15:40:59,530.28
2022-03-31 15:41:04,530.28
2022-03-31 15:41:09,530.32
2022-03-31 15:41:14,530.32
2022-03-31 15:41:19,530.38
2022-03-31 15:41:24,530.44
2022-03-31 15:41:29,530.44
2022-03-31 15:41:34,530.51
2022-03-31 15:41:39,530.54
2022-03-31 15:41:44,530.54
2022-03-31 15:41:49,530.6
2022-03-31 15:41:54,530.73
2022-03-31 15:41:59,530.8
2022-03-31 15:42:04,530.8
2022-03-31 15:42:09,530.83
2022-03-31 15:42:14,530.9
2022-03-31 15:42:19,530.96
2022-03-31 15:42:24,531.03
2022-03-31 15:42:29,531.06
2022-03-31 15:42:34,531.12
2022-03-31 15:42:39,531.12
2022-03-31 15:42:44,531.19
2022-03-31 15:42:49,531.32
2022-03-31 15:42:54,531.35
2022-03-31 15:42:59,531.48
2022-03-31 15:43:04,531.55
2022-03-31 15:43:09,531.58
2022-03-31 15:43:14,531.71
2022-03-31 15:43:19,531.71
2022-03-31 15:43:24,531.84
2022-03-31 15:43:29,531.87
2022-03-31 15:43:34,532.0
2022-03-31 15:43:39,532.06
2022-03-31 15:43:44,532.09
2022-03-31 15:43:49,532.22
2022-03-31 15:43:54,532.29
2022-03-31 15:43:59,532.39
2022-03-31 15:44:04,532.45
2022-03-31 15:44:09,532.52
2022-03-31 15:44:14,532.61
2022-03-31 15:44:19,532.61
2022-03-31 15:44:24,532.74
2022-03-31 15:44:29,532.8
2022-03-31 15:44:34,532.87
2022-03-31 15:44:39,532.97
2022-03-31 15:44:44,533.03
2022-03-31 15:44:49,533.1
2022-03-31 15:44:54,533.19
2022-03-31 15:44:59,533.2
2022-03-31 15:45:04,533.32
2022-03-31 15:45:09,533.39
2022-03-31 15:45:14,533.48
2022-03-31 15:45:19,533.55
2022-03-31 15:45:24,533.64
2022-03-31 15:45:29,533.64
2022-03-31 15:45:34,533.78
2022-03-31 15:45:39,533.9
2022-03-31 15:45:44,533.93
2022-03-31 15:45:49,534.0
2022-03-31 15:45:54,534.06
2022-03-31 15:45:59,534.16
2022-03-31 15:46:04,534.22
2022-03-31 15:46:09,534.35
2022-03-31 15:46:14,534.41
2022-03-31 15:46:19,534.45
2022-03-31 15:46:24,534.51
2022-03-31 15:46:29,534.64
2022-03-31 15:46:34,534.67
2022-03-31 15:46:39,537.71
2022-03-31 15:46:44,534.74
2022-03-31 15:46:49,534.86
2022-03-31 15:46:54,534.93
2022-03-31 15:46:59,534.96
2022-03-31 15:47:04,535.09
2022-03-31 15:47:09,535.09
2022-03-31 15:47:14,535.15
2022-03-31 15:47:19,535.15
2022-03-31 15:47:24,535.25
2022-03-31 15:47:29,535.31
2022-03-31 15:47:34,535.38
2022-03-31 15:47:39,535.44
2022-03-31 15:47:44,535.44
2022-03-31 15:47:49,535.47
2022-03-31 15:47:54,535.53
2022-03-31 15:47:59,535.6
2022-03-31 15:48:04,535.66
2022-03-31 15:48:09,535.7
2022-03-31 15:48:14,535.76
2022-03-31 15:48:19,535.76
2022-03-31 15:48:24,535.82
2022-03-31 15:48:29,535.82
2022-03-31 15:48:34,535.89
2022-03-31 15:48:39,535.89
2022-03-31 15:48:44,535.95
2022-03-31 15:48:49,535.95
2022-03-31 15:48:54,535.88
2022-03-31 15:48:59,535.98
2022-03-31 15:49:04,535.95
2022-03-31 15:49:09,535.98
2022-03-31 15:49:14,535.97
2022-03-31 15:49:19,535.97
2022-03-31 15:49:24,536.04
2022-03-31 15:49:29,536.04
2022-03-31 15:49:34,536.04
2022-03-31 15:49:39,536.04
2022-03-31 15:49:44,536.04
2022-03-31 15:49:49,536.04
2022-03-31 15:49:54,536.04
2022-03-31 15:49:59,536.1
2022-03-31 15:50:04,536.1
2022-03-31 15:50:09,536.1
2022-03-31 15:50:14,536.1
2022-03-31 15:50:19,536.1
2022-03-31 15:50:24,536.1
2022-03-31 15:50:29,536.1
2022-03-31 15:50:34,536.1
2022-03-31 15:50:39,536.16
2022-03-31 15:50:44,536.16
2022-03-31 15:50:49,536.1
2022-03-31 15:50:54,536.1
2022-03-31 15:50:59,536.1
2022-03-31 15:51:04,536.04
2022-03-31 15:51:09,536.1
2022-03-31 15:51:14,536.1
2022-03-31 15:51:19,536.04
2022-03-31 15:51:24,536.04
2022-03-31 15:51:29,535.97
2022-03-31 15:51:34,535.94
2022-03-31 15:51:39,535.94
2022-03-31 15:51:44,535.94
2022-03-31 15:51:49,535.88
2022-03-31 15:51:54,535.81
2022-03-31 15:51:59,535.75
2022-03-31 15:52:04,535.75
2022-03-31 15:52:09,535.65
2022-03-31 15:52:14,535.59
2022-03-31 15:52:19,535.59
2022-03-31 15:52:24,535.53
2022-03-31 15:52:29,535.46
2022-03-31 15:52:34,535.43
2022-03-31 15:52:39,535.37
2022-03-31 15:52:44,535.31
2022-03-31 15:52:49,535.17
2022-03-31 15:52:54,535.14
2022-03-31 15:52:59,535.02
2022-03-31 15:53:04,535.02
2022-03-31 15:53:09,534.92
2022-03-31 15:53:14,534.86
2022-03-31 15:53:19,534.79
2022-03-31 15:53:24,534.66
2022-03-31 15:53:29,534.66
2022-03-31 15:53:34,534.57
2022-03-31 15:53:39,534.5
2022-03-31 15:53:44,534.44
2022-03-31 15:53:49,534.41
2022-03-31 15:53:54,534.35
2022-03-31 15:53:59,534.28
2022-03-31 15:54:04,534.22
2022-03-31 15:54:09,534.12
2022-03-31 15:54:14,534.12
2022-03-31 15:54:19,533.99
2022-03-31 15:54:24,533.93
2022-03-31 15:54:29,533.9
2022-03-31 15:54:34,533.83
2022-03-31 15:54:39,533.77
2022-03-31 15:54:44,533.71
2022-03-31 15:54:49,533.64
2022-03-31 15:54:54,533.55
2022-03-31 15:54:59,533.55
2022-03-31 15:55:04,533.48
2022-03-31 15:55:09,533.42
2022-03-31 15:55:14,533.39
2022-03-31 15:55:19,533.26
2022-03-31 15:55:24,533.26
2022-03-31 15:55:29,533.2
2022-03-31 15:55:34,533.13
2022-03-31 15:55:39,533.1
2022-03-31 15:55:44,533.04
2022-03-31 15:55:49,533.04
2022-03-31 15:55:54,532.97
2022-03-31 15:55:59,532.98
2022-03-31 15:56:04,532.91
2022-03-31 15:56:09,532.88
2022-03-31 15:56:14,532.82
2022-03-31 15:56:19,532.75
2022-03-31 15:56:24,532.75
2022-03-31 15:56:29,532.69
2022-03-31 15:56:34,532.62
2022-03-31 15:56:39,532.62
2022-03-31 15:56:44,532.59
2022-03-31 15:56:49,532.59
2022-03-31 15:56:54,532.59
2022-03-31 15:56:59,532.6
2022-03-31 15:57:04,532.53
2022-03-31 15:57:09,532.53
2022-03-31 15:57:14,532.47
2022-03-31 15:57:19,532.47
2022-03-31 15:57:24,532.47
2022-03-31 15:57:29,532.47
2022-03-31 15:57:34,532.41
2022-03-31 15:57:39,532.41
2022-03-31 15:57:44,532.41
2022-03-31 15:57:49,532.37
2022-03-31 15:57:54,532.31
2022-03-31 15:57:59,532.38
2022-03-31 15:58:04,532.31
2022-03-31 15:58:09,532.32
2022-03-31 15:58:14,532.25
2022-03-31 15:58:19,532.25
2022-03-31 15:58:24,532.25
2022-03-31 15:58:29,532.19
2022-03-31 15:58:34,532.19
2022-03-31 15:58:39,532.19
2022-03-31 15:58:44,532.19
2022-03-31 15:58:49,532.13
2022-03-31 15:58:54,532.13
2022-03-31 15:58:59,532.1
2022-03-31 15:59:04,532.1
2022-03-31 15:59:09,532.03
2022-03-31 15:59:14,532.04
2022-03-31 15:59:19,531.97
2022-03-31 15:59:24,531.97
2022-03-31 15:59:29,531.91
2022-03-31 15:59:34,531.91
2022-03-31 15:59:39,531.91
2022-03-31 15:59:44,531.91
2022-03-31 15:59:49,531.88
2022-03-31 15:59:54,531.88
2022-03-31 15:59:59,531.88
2022-03-31 16:00:04,531.89
2022-03-31 16:00:09,531.82
2022-03-31 16:00:14,531.82
2022-03-31 16:00:19,531.82
2022-03-31 16:00:24,531.76
2022-03-31 16:00:29,531.76
2022-03-31 16:00:34,531.76
2022-03-31 16:00:39,531.76
2022-03-31 16:00:44,531.77
2022-03-31 16:00:49,531.7
2022-03-31 16:00:54,531.7
2022-03-31 16:00:59,531.77
2022-03-31 16:01:04,531.64
2022-03-31 16:01:09,531.64
2022-03-31 16:01:14,531.64
2022-03-31 16:01:19,531.64
2022-03-31 16:01:24,531.71
2022-03-31 16:01:29,531.71
2022-03-31 16:01:34,531.64
2022-03-31 16:01:39,531.71
2022-03-31 16:01:44,531.71
2022-03-31 16:01:49,531.71
2022-03-31 16:01:54,531.71
2022-03-31 16:01:59,531.78
2022-03-31 16:02:04,531.78
2022-03-31 16:02:09,531.78
2022-03-31 16:02:14,531.78
2022-03-31 16:02:19,531.78
2022-03-31 16:02:24,531.85
2022-03-31 16:02:29,531.78
2022-03-31 16:02:34,531.85
2022-03-31 16:02:39,531.91
2022-03-31 16:02:44,531.85
2022-03-31 16:02:49,531.91
2022-03-31 16:02:54,531.91
2022-03-31 16:02:59,531.95
2022-03-31 16:03:04,532.01
2022-03-31 16:03:09,531.95
2022-03-31 16:03:14,532.01
2022-03-31 16:03:19,532.08
2022-03-31 16:03:24,532.14
2022-03-31 16:03:29,532.17
2022-03-31 16:03:34,532.24
2022-03-31 16:03:39,532.3
2022-03-31 16:03:44,532.36
2022-03-31 16:03:49,532.43
2022-03-31 16:03:54,532.53
2022-03-31 16:03:59,532.59
2022-03-31 16:04:04,532.66
2022-03-31 16:04:09,532.76
2022-03-31 16:04:14,532.82
2022-03-31 16:04:19,532.88
2022-03-31 16:04:24,532.98
2022-03-31 16:04:29,533.05
2022-03-31 16:04:34,533.18
2022-03-31 16:04:39,533.21
2022-03-31 16:04:44,533.34
2022-03-31 16:04:49,533.46
2022-03-31 16:04:54,533.5
2022-03-31 16:04:59,533.63
2022-03-31 16:05:04,533.72
2022-03-31 16:05:09,533.85
2022-03-31 16:05:14,533.91
2022-03-31 16:05:19,534.01
2022-03-31 16:05:24,534.08
2022-03-31 16:05:29,534.24
2022-03-31 16:05:34,534.36
2022-03-31 16:05:39,534.43
2022-03-31 16:05:44,534.59
2022-03-31 16:05:49,534.65
2022-03-31 16:05:54,534.75
2022-03-31 16:05:59,534.88
2022-03-31 16:06:04,535.01
2022-03-31 16:06:09,535.11
2022-03-31 16:06:14,535.23
2022-03-31 16:06:19,535.33
2022-03-31 16:06:24,535.46
2022-03-31 16:06:29,535.56
2022-03-31 16:06:34,535.62
2022-03-31 16:06:39,535.75
2022-03-31 16:06:44,535.85
2022-03-31 16:06:49,535.91
2022-03-31 16:06:54,535.98
2022-03-31 16:06:59,536.07
2022-03-31 16:07:04,536.2
2022-03-31 16:07:09,536.3
2022-03-31 16:07:14,536.36
2022-03-31 16:07:19,536.49
2022-03-31 16:07:24,536.59
2022-03-31 16:07:29,536.72
2022-03-31 16:07:34,536.78
2022-03-31 16:07:39,536.88
2022-03-31 16:07:44,536.95
2022-03-31 16:07:49,537.07
2022-03-31 16:07:54,537.17
2022-03-31 16:07:59,537.24
2022-03-31 16:08:04,537.33
2022-03-31 16:08:09,537.46
2022-03-31 16:08:14,537.59
2022-03-31 16:08:19,537.63
2022-03-31 16:08:24,537.75
2022-03-31 16:08:29,537.85
2022-03-31 16:08:34,537.92
2022-03-31 16:08:39,538.05
2022-03-31 16:08:44,538.11
2022-03-31 16:08:49,538.14
2022-03-31 16:08:54,538.21
2022-03-31 16:08:59,538.34
2022-03-31 16:09:04,538.37
2022-03-31 16:09:09,538.44
2022-03-31 16:09:14,538.5
2022-03-31 16:09:19,538.5
2022-03-31 16:09:24,538.57
2022-03-31 16:09:29,538.57
2022-03-31 16:09:34,538.57
2022-03-31 16:09:39,538.63
2022-03-31 16:09:44,538.63
2022-03-31 16:09:49,538.67
2022-03-31 16:09:54,538.67
2022-03-31 16:09:59,538.67
2022-03-31 16:10:04,538.74
2022-03-31 16:10:09,538.74
2022-03-31 16:10:14,538.73
2022-03-31 16:10:19,538.74
2022-03-31 16:10:24,538.8
2022-03-31 16:10:29,538.74
2022-03-31 16:10:34,538.8
2022-03-31 16:10:39,538.87
2022-03-31 16:10:44,538.87
2022-03-31 16:10:49,538.87
2022-03-31 16:10:54,538.9
2022-03-31 16:10:59,538.9
2022-03-31 16:11:04,538.9
2022-03-31 16:11:09,538.97
2022-03-31 16:11:14,538.97
2022-03-31 16:11:19,539.04
2022-03-31 16:11:24,539.04
2022-03-31 16:11:29,539.1
2022-03-31 16:11:34,539.16
2022-03-31 16:11:39,539.16
2022-03-31 16:11:44,539.16
2022-03-31 16:11:49,539.16
2022-03-31 16:11:54,539.2
2022-03-31 16:11:59,539.2
2022-03-31 16:12:04,539.2
2022-03-31 16:12:09,539.2
2022-03-31 16:12:14,539.26
2022-03-31 16:12:19,539.26
2022-03-31 16:12:24,539.26
2022-03-31 16:12:29,539.33
2022-03-31 16:12:34,539.26
2022-03-31 16:12:39,539.26
2022-03-31 16:12:44,539.26
2022-03-31 16:12:49,539.26
2022-03-31 16:12:54,539.26
2022-03-31 16:12:59,539.26
2022-03-31 16:13:04,539.26
2022-03-31 16:13:09,539.26
2022-03-31 16:13:14,539.26
2022-03-31 16:13:19,539.26
2022-03-31 16:13:24,539.33
2022-03-31 16:13:29,539.33
2022-03-31 16:13:34,539.33
2022-03-31 16:13:39,539.33
2022-03-31 16:13:44,539.26
2022-03-31 16:13:49,539.33
2022-03-31 16:13:54,539.33
2022-03-31 16:13:59,539.39
2022-03-31 16:14:04,539.39
2022-03-31 16:14:09,537.71
2022-03-31 16:14:14,539.33
2022-03-31 16:14:19,539.32
2022-03-31 16:14:24,539.32
2022-03-31 16:14:29,539.32
2022-03-31 16:14:34,539.32
2022-03-31 16:14:39,539.32
2022-03-31 16:14:44,539.26
2022-03-31 16:14:49,539.26
2022-03-31 16:14:54,539.26
2022-03-31 16:14:59,539.19
2022-03-31 16:15:04,539.19
2022-03-31 16:15:09,539.19
2022-03-31 16:15:14,539.16
2022-03-31 16:15:19,539.1
2022-03-31 16:15:24,539.09
2022-03-31 16:15:29,539.03
2022-03-31 16:15:34,539.03
2022-03-31 16:15:39,539.03
2022-03-31 16:15:44,538.97
2022-03-31 16:15:49,538.9
2022-03-31 16:15:54,538.9
2022-03-31 16:15:59,538.9
2022-03-31 16:16:04,538.9
2022-03-31 16:16:09,538.87
2022-03-31 16:16:14,538.87
2022-03-31 16:16:19,538.8
2022-03-31 16:16:24,538.74
2022-03-31 16:16:29,538.74
2022-03-31 16:16:34,538.74
2022-03-31 16:16:39,538.67
2022-03-31 16:16:44,538.67
2022-03-31 16:16:49,538.64
2022-03-31 16:16:54,538.64
2022-03-31 16:16:59,538.58
2022-03-31 16:17:04,538.58
2022-03-31 16:17:09,538.58
2022-03-31 16:17:14,538.58
2022-03-31 16:17:19,538.51
2022-03-31 16:17:24,538.51
2022-03-31 16:17:29,538.45
2022-03-31 16:17:34,538.45
2022-03-31 16:17:39,538.51
2022-03-31 16:17:44,538.45
2022-03-31 16:17:49,538.51
2022-03-31 16:17:54,538.51
2022-03-31 16:17:59,538.51
2022-03-31 16:18:04,538.58
2022-03-31 16:18:09,538.58
2022-03-31 16:18:14,538.58
2022-03-31 16:18:19,538.64
2022-03-31 16:18:24,538.68
2022-03-31 16:18:29,538.75
2022-03-31 16:18:34,538.74
2022-03-31 16:18:39,538.74
2022-03-31 16:18:44,538.81
2022-03-31 16:18:49,538.81
2022-03-31 16:18:54,538.87
2022-03-31 16:18:59,538.87
2022-03-31 16:19:04,538.91
2022-03-31 16:19:09,538.91
2022-03-31 16:19:14,538.91
2022-03-31 16:19:19,538.91
2022-03-31 16:19:24,538.97
2022-03-31 16:19:29,539.04
2022-03-31 16:19:34,539.04
2022-03-31 16:19:39,539.04
2022-03-31 16:19:44,539.1
2022-03-31 16:19:49,539.1
2022-03-31 16:19:54,539.17
2022-03-31 16:19:59,539.17
2022-03-31 16:20:04,539.17
2022-03-31 16:20:09,539.2
2022-03-31 16:20:14,539.26
2022-03-31 16:20:19,539.26
2022-03-31 16:20:24,539.33
2022-03-31 16:20:29,539.39
2022-03-31 16:20:34,539.39
2022-03-31 16:20:39,539.39
2022-03-31 16:20:44,539.49
2022-03-31 16:20:49,539.49
2022-03-31 16:20:54,539.49
2022-03-31 16:20:59,539.49
2022-03-31 16:21:04,539.55
2022-03-31 16:21:09,539.55
2022-03-31 16:21:14,539.62
2022-03-31 16:21:19,539.62
2022-03-31 16:21:24,539.68
2022-03-31 16:21:29,539.68
2022-03-31 16:21:34,539.68
2022-03-31 16:21:39,539.71
2022-03-31 16:21:44,539.71
2022-03-31 16:21:49,539.78
2022-03-31 16:21:54,539.78
2022-03-31 16:21:59,539.78
2022-03-31 16:22:04,539.84
2022-03-31 16:22:09,539.9
2022-03-31 16:22:14,539.9
2022-03-31 16:22:19,539.93
2022-03-31 16:22:24,539.93
2022-03-31 16:22:29,539.93
2022-03-31 16:22:34,539.93
2022-03-31 16:22:39,540.0
2022-03-31 16:22:44,540.06
2022-03-31 16:22:49,540.0
2022-03-31 16:22:54,540.06
2022-03-31 16:22:59,540.06
2022-03-31 16:23:04,540.06
2022-03-31 16:23:09,540.06
2022-03-31 16:23:14,540.12
2022-03-31 16:23:19,540.12
2022-03-31 16:23:24,540.12
2022-03-31 16:23:29,540.12
2022-03-31 16:23:34,540.12
2022-03-31 16:23:39,540.19
2022-03-31 16:23:44,540.19
2022-03-31 16:23:49,540.12
2022-03-31 16:23:54,540.19
2022-03-31 16:23:59,540.19
2022-03-31 16:24:04,540.18
2022-03-31 16:24:09,540.18
2022-03-31 16:24:14,540.18
2022-03-31 16:24:19,540.21
2022-03-31 16:24:24,540.21
2022-03-31 16:24:29,540.21
2022-03-31 16:24:34,540.21
2022-03-31 16:24:39,540.21
2022-03-31 16:24:44,540.21
2022-03-31 16:24:49,540.27
2022-03-31 16:24:54,540.27
2022-03-31 16:24:59,540.27
2022-03-31 16:25:04,540.33
2022-03-31 16:25:09,540.33
2022-03-31 16:25:14,540.4
2022-03-31 16:25:19,540.4
2022-03-31 16:25:24,540.43
2022-03-31 16:25:29,540.49
2022-03-31 16:25:34,540.56
2022-03-31 16:25:39,540.62
2022-03-31 16:25:44,540.62
2022-03-31 16:25:49,540.62
2022-03-31 16:25:54,540.72
2022-03-31 16:25:59,540.84
2022-03-31 16:26:04,540.84
2022-03-31 16:26:09,540.94
2022-03-31 16:26:14,541.01
2022-03-31 16:26:19,541.01
2022-03-31 16:26:24,541.14
2022-03-31 16:26:29,541.2
2022-03-31 16:26:34,541.3
2022-03-31 16:26:39,541.36
2022-03-31 16:26:44,541.43
2022-03-31 16:26:49,541.46
2022-03-31 16:26:54,541.52
2022-03-31 16:26:59,541.65
2022-03-31 16:27:04,541.72
2022-03-31 16:27:09,541.81
2022-03-31 16:27:14,541.88
2022-03-31 16:27:19,541.94
2022-03-31 16:27:24,542.04
2022-03-31 16:27:29,542.1
2022-03-31 16:27:34,542.17
2022-03-31 16:27:39,542.26
2022-03-31 16:27:44,542.33
2022-03-31 16:27:49,542.39
2022-03-31 16:27:54,542.46
2022-03-31 16:27:59,542.55
2022-03-31 16:28:04,542.62
2022-03-31 16:28:09,542.68
2022-03-31 16:28:14,542.75
2022-03-31 16:28:19,542.84
2022-03-31 16:28:24,542.97
2022-03-31 16:28:29,543.01
2022-03-31 16:28:34,543.13
2022-03-31 16:28:39,543.2
2022-03-31 16:28:44,543.29
2022-03-31 16:28:49,543.36
2022-03-31 16:28:54,543.49
2022-03-31 16:28:59,543.58
2022-03-31 16:29:04,543.65
2022-03-31 16:29:09,543.78
2022-03-31 16:29:14,543.81
2022-03-31 16:29:19,543.94
2022-03-31 16:29:24,544.03
2022-03-31 16:29:29,544.17
2022-03-31 16:29:34,544.23
2022-03-31 16:29:39,544.32
2022-03-31 16:29:44,544.38
2022-03-31 16:29:49,544.52
2022-03-31 16:29:54,544.61
2022-03-31 16:29:59,544.68
2022-03-31 16:30:04,544.8
2022-03-31 16:30:09,544.9
2022-03-31 16:30:14,544.97
2022-03-31 16:30:19,545.12
2022-03-31 16:30:24,545.19
2022-03-31 16:30:29,545.32
2022-03-31 16:30:34,545.48
2022-03-31 16:30:39,545.54
2022-03-31 16:30:44,545.64
2022-03-31 16:30:49,545.77
2022-03-31 16:30:54,545.83
2022-03-31 16:30:59,545.93
2022-03-31 16:31:04,546.05
2022-03-31 16:31:09,546.09
2022-03-31 16:31:14,546.21
2022-03-31 16:31:19,546.34
2022-03-31 16:31:24,546.44
2022-03-31 16:31:29,546.5
2022-03-31 16:31:34,546.6
2022-03-31 16:31:39,546.73
2022-03-31 16:31:44,546.85
2022-03-31 16:31:49,546.88
2022-03-31 16:31:54,547.01
2022-03-31 16:31:59,547.11
2022-03-31 16:32:04,547.17
2022-03-31 16:32:09,547.3
2022-03-31 16:32:14,547.37
2022-03-31 16:32:19,547.39
2022-03-31 16:32:24,547.52
2022-03-31 16:32:29,547.59
2022-03-31 16:32:34,547.62
2022-03-31 16:32:39,547.68
2022-03-31 16:32:44,547.75
2022-03-31 16:32:49,547.75
2022-03-31 16:32:54,547.81
2022-03-31 16:32:59,547.87
2022-03-31 16:33:04,547.9
2022-03-31 16:33:09,547.9
2022-03-31 16:33:14,547.9
2022-03-31 16:33:19,547.97
2022-03-31 16:33:24,547.9
2022-03-31 16:33:29,547.96
2022-03-31 16:33:34,547.97
2022-03-31 16:33:39,547.96
2022-03-31 16:33:44,547.96
2022-03-31 16:33:49,547.96
2022-03-31 16:33:54,547.9
2022-03-31 16:33:59,547.86
2022-03-31 16:34:04,547.86
2022-03-31 16:34:09,547.8
2022-03-31 16:34:14,547.73
2022-03-31 16:34:19,547.67
2022-03-31 16:34:24,547.6
2022-03-31 16:34:29,547.57
2022-03-31 16:34:34,547.44
2022-03-31 16:34:39,547.34
2022-03-31 16:34:44,547.22
2022-03-31 16:34:49,547.09
2022-03-31 16:34:54,546.99
2022-03-31 16:34:59,546.86
2022-03-31 16:35:04,546.76
2022-03-31 16:35:09,546.64
2022-03-31 16:35:14,546.54
2022-03-31 16:35:19,546.35
2022-03-31 16:35:24,546.25
2022-03-31 16:35:29,546.06
2022-03-31 16:35:34,545.89
2022-03-31 16:35:39,545.8
2022-03-31 16:35:44,545.54
2022-03-31 16:35:49,545.38
2022-03-31 16:35:54,545.22
2022-03-31 16:35:59,545.03
2022-03-31 16:36:04,544.86
2022-03-31 16:36:09,544.7
2022-03-31 16:36:14,544.48
2022-03-31 16:36:19,544.29
2022-03-31 16:36:24,544.06
2022-03-31 16:36:29,543.9
2022-03-31 16:36:34,543.67
2022-03-31 16:36:39,543.45
2022-03-31 16:36:44,543.22
2022-03-31 16:36:49,543.03
2022-03-31 16:36:54,542.81
2022-03-31 16:36:59,542.58
2022-03-31 16:37:04,542.35
2022-03-31 16:37:09,542.13
2022-03-31 16:37:14,541.9
2022-03-31 16:37:19,541.62
2022-03-31 16:37:24,541.39
2022-03-31 16:37:29,541.16
2022-03-31 16:37:34,540.87
2022-03-31 16:37:39,540.68
2022-03-31 16:37:44,540.39
2022-03-31 16:37:49,540.17
2022-03-31 16:37:54,539.87
2022-03-31 16:37:59,539.72
2022-03-31 16:38:04,539.42
2022-03-31 16:38:09,539.26
2022-03-31 16:38:14,539.04
2022-03-31 16:38:19,538.81
2022-03-31 16:38:24,538.52
2022-03-31 16:38:29,538.3
2022-03-31 16:38:34,538.1
2022-03-31 16:38:39,537.94
2022-03-31 16:38:44,537.72
2022-03-31 16:38:49,537.49
2022-03-31 16:38:54,537.3
2022-03-31 16:38:59,537.07
2022-03-31 16:39:04,536.91
2022-03-31 16:39:09,536.68
2022-03-31 16:39:14,536.52
2022-03-31 16:39:19,536.39
2022-03-31 16:39:24,536.23
2022-03-31 16:39:29,536.1
2022-03-31 16:39:34,535.94
2022-03-31 16:39:39,535.75
2022-03-31 16:39:44,535.65
2022-03-31 16:39:49,535.52
2022-03-31 16:39:54,535.42
2022-03-31 16:39:59,535.3
2022-03-31 16:40:04,535.23
2022-03-31 16:40:09,535.2
2022-03-31 16:40:14,535.07
2022-03-31 16:40:19,535.0
2022-03-31 16:40:24,534.97
2022-03-31 16:40:29,534.91
2022-03-31 16:40:34,534.91
2022-03-31 16:40:39,534.78
2022-03-31 16:40:44,534.84
2022-03-31 16:40:49,534.84
2022-03-31 16:40:54,534.84
2022-03-31 16:40:59,534.84
2022-03-31 16:41:04,534.84
2022-03-31 16:41:09,534.9
2022-03-31 16:41:14,534.97
2022-03-31 16:41:19,535.0
2022-03-31 16:41:24,535.06
2022-03-31 16:41:29,535.19
2022-03-31 16:41:34,535.28
2022-03-31 16:41:39,535.34
2022-03-31 16:41:44,535.48
2022-03-31 16:41:49,535.57
2022-03-31 16:41:54,535.7
2022-03-31 16:41:59,535.8
2022-03-31 16:42:04,535.99
2022-03-31 16:42:09,536.15
2022-03-31 16:42:14,536.31
2022-03-31 16:42:19,536.43
2022-03-31 16:42:24,536.6
2022-03-31 16:42:29,536.76
2022-03-31 16:42:34,536.95
2022-03-31 16:42:39,537.11
2022-03-31 16:42:44,537.24
2022-03-31 16:42:49,537.46
2022-03-31 16:42:54,537.62
2022-03-31 16:42:59,537.78
2022-03-31 16:43:04,537.97
2022-03-31 16:43:09,538.2
2022-03-31 16:43:14,538.35
2022-03-31 16:43:19,538.55
2022-03-31 16:43:24,538.77
2022-03-31 16:43:29,538.93
2022-03-31 16:43:34,539.1
2022-03-31 16:43:39,539.32
2022-03-31 16:43:44,539.45
2022-03-31 16:43:49,539.74
2022-03-31 16:43:54,539.9
2022-03-31 16:43:59,540.09
2022-03-31 16:44:04,540.25
2022-03-31 16:44:09,540.48
2022-03-31 16:44:14,540.64
2022-03-31 16:44:19,540.83
2022-03-31 16:44:24,540.93
2022-03-31 16:44:29,541.06
2022-03-31 16:44:34,541.22
2022-03-31 16:44:39,541.38
2022-03-31 16:44:44,541.51
2022-03-31 16:44:49,541.64
2022-03-31 16:44:54,541.8
2022-03-31 16:44:59,541.9
2022-03-31 16:45:04,542.02
2022-03-31 16:45:09,542.15
2022-03-31 16:45:14,542.19
2022-03-31 16:45:19,542.31
2022-03-31 16:45:24,542.41
2022-03-31 16:45:29,542.54
2022-03-31 16:45:34,542.67
2022-03-31 16:45:39,542.7
2022-03-31 16:45:44,542.77
2022-03-31 16:45:49,542.89
2022-03-31 16:45:54,542.93
2022-03-31 16:45:59,542.99
2022-03-31 16:46:04,543.06
2022-03-31 16:46:09,543.12
2022-03-31 16:46:14,543.22
2022-03-31 16:46:19,543.28
2022-03-31 16:46:24,543.35
2022-03-31 16:46:29,543.41
2022-03-31 16:46:34,543.44
2022-03-31 16:46:39,543.51
2022-03-31 16:46:44,543.57
2022-03-31 16:46:49,543.64
2022-03-31 16:46:54,543.7
2022-03-31 16:46:59,543.7
2022-03-31 16:47:04,543.73
2022-03-31 16:47:09,543.8
2022-03-31 16:47:14,543.87
2022-03-31 16:47:19,543.87
2022-03-31 16:47:24,543.93
2022-03-31 16:47:29,543.93
2022-03-31 16:47:34,543.96
2022-03-31 16:47:39,543.96
2022-03-31 16:47:44,544.03
2022-03-31 16:47:49,544.03
2022-03-31 16:47:54,544.03
2022-03-31 16:47:59,544.03
2022-03-31 16:48:04,544.03
2022-03-31 16:48:09,544.03
2022-03-31 16:48:14,544.03
2022-03-31 16:48:19,544.03
2022-03-31 16:48:24,543.97
2022-03-31 16:48:29,543.97
2022-03-31 16:48:34,543.97
2022-03-31 16:48:39,543.93
2022-03-31 16:48:44,543.87
2022-03-31 16:48:49,543.87
2022-03-31 16:48:54,543.81
2022-03-31 16:48:59,543.74
2022-03-31 16:49:04,543.71
2022-03-31 16:49:09,543.65
2022-03-31 16:49:14,543.64
2022-03-31 16:49:19,537.71
2022-03-31 16:49:24,543.45
2022-03-31 16:49:29,543.45
2022-03-31 16:49:34,543.42
2022-03-31 16:49:39,543.35
2022-03-31 16:49:44,543.23
2022-03-31 16:49:49,543.23
2022-03-31 16:49:54,543.13
2022-03-31 16:49:59,543.07
2022-03-31 16:50:04,543.01
2022-03-31 16:50:09,542.94
2022-03-31 16:50:14,542.84
2022-03-31 16:50:19,542.78
2022-03-31 16:50:24,542.68
2022-03-31 16:50:29,542.62
2022-03-31 16:50:34,542.56
2022-03-31 16:50:39,542.5
2022-03-31 16:50:44,542.4
2022-03-31 16:50:49,542.33
2022-03-31 16:50:54,542.2
2022-03-31 16:50:59,542.17
2022-03-31 16:51:04,542.05
2022-03-31 16:51:09,541.92
2022-03-31 16:51:14,541.89
2022-03-31 16:51:19,541.82
2022-03-31 16:51:24,541.69
2022-03-31 16:51:29,541.66
2022-03-31 16:51:34,541.53
2022-03-31 16:51:39,541.4
2022-03-31 16:51:44,541.37
2022-03-31 16:51:49,541.24
2022-03-31 16:51:54,541.18
2022-03-31 16:51:59,541.08
2022-03-31 16:52:04,541.08
2022-03-31 16:52:09,540.96
2022-03-31 16:52:14,540.86
2022-03-31 16:52:19,540.79
2022-03-31 16:52:24,540.67
2022-03-31 16:52:29,540.64
2022-03-31 16:52:34,540.57
2022-03-31 16:52:39,540.44
2022-03-31 16:52:44,540.38
2022-03-31 16:52:49,540.35
2022-03-31 16:52:54,540.22
2022-03-31 16:52:59,540.16
2022-03-31 16:53:04,540.06
2022-03-31 16:53:09,540.06
2022-03-31 16:53:14,539.94
2022-03-31 16:53:19,539.87
2022-03-31 16:53:24,539.84
2022-03-31 16:53:29,539.78
2022-03-31 16:53:34,539.65
2022-03-31 16:53:39,539.62
2022-03-31 16:53:44,539.62
2022-03-31 16:53:49,539.55
2022-03-31 16:53:54,539.49
2022-03-31 16:53:59,539.43
2022-03-31 16:54:04,539.36
2022-03-31 16:54:09,539.33
2022-03-31 16:54:14,539.27
2022-03-31 16:54:19,539.2
2022-03-31 16:54:24,539.14
2022-03-31 16:54:29,539.11
2022-03-31 16:54:34,539.05
2022-03-31 16:54:39,538.98
2022-03-31 16:54:44,538.92
2022-03-31 16:54:49,538.86
2022-03-31 16:54:54,538.82
2022-03-31 16:54:59,538.76
2022-03-31 16:55:04,538.69
2022-03-31 16:55:09,538.7
2022-03-31 16:55:14,538.63
2022-03-31 16:55:19,538.6
2022-03-31 16:55:24,538.6
2022-03-31 16:55:29,538.54
2022-03-31 16:55:34,538.54
2022-03-31 16:55:39,538.48
2022-03-31 16:55:44,538.48
2022-03-31 16:55:49,538.41
2022-03-31 16:55:54,538.35
2022-03-31 16:55:59,538.35
2022-03-31 16:56:04,538.32
2022-03-31 16:56:09,538.25
2022-03-31 16:56:14,538.25
2022-03-31 16:56:19,538.25
2022-03-31 16:56:24,538.25
2022-03-31 16:56:29,538.12
2022-03-31 16:56:34,538.13
2022-03-31 16:56:39,538.12
2022-03-31 16:56:44,538.09
2022-03-31 16:56:49,538.09
2022-03-31 16:56:54,538.03
2022-03-31 16:56:59,538.03
2022-03-31 16:57:04,537.96
2022-03-31 16:57:09,537.9
2022-03-31 16:57:14,537.9
2022-03-31 16:57:19,537.84
2022-03-31 16:57:24,537.84
2022-03-31 16:57:29,537.84
2022-03-31 16:57:34,537.8
2022-03-31 16:57:39,537.8
2022-03-31 16:57:44,537.8
2022-03-31 16:57:49,537.74
2022-03-31 16:57:54,537.74
2022-03-31 16:57:59,537.68
2022-03-31 16:58:04,537.68
2022-03-31 16:58:09,537.61
2022-03-31 16:58:14,537.61
2022-03-31 16:58:19,537.58
2022-03-31 16:58:24,537.58
2022-03-31 16:58:29,537.51
2022-03-31 16:58:34,537.51
2022-03-31 16:58:39,537.45
2022-03-31 16:58:44,537.38
2022-03-31 16:58:49,537.38
2022-03-31 16:58:54,537.38
2022-03-31 16:58:59,537.38
2022-03-31 16:59:04,537.38
2022-03-31 16:59:09,537.32
2022-03-31 16:59:14,537.28
2022-03-31 16:59:19,537.28
2022-03-31 16:59:24,537.28
2022-03-31 16:59:29,537.28
2022-03-31 16:59:34,537.28
2022-03-31 16:59:39,537.28
2022-03-31 16:59:44,537.27
2022-03-31 16:59:49,537.21
2022-03-31 16:59:54,537.21
2022-03-31 16:59:59,537.21
2022-03-31 17:00:04,537.28
2022-03-31 17:00:09,537.21
2022-03-31 17:00:14,537.21
2022-03-31 17:00:19,537.28
2022-03-31 17:00:24,537.21
2022-03-31 17:00:29,537.21
2022-03-31 17:00:34,537.21
2022-03-31 17:00:39,537.28
2022-03-31 17:00:44,537.28
2022-03-31 17:00:49,537.28
2022-03-31 17:00:54,537.28
2022-03-31 17:00:59,537.31
2022-03-31 17:01:04,537.37
2022-03-31 17:01:09,537.37
2022-03-31 17:01:14,537.44
2022-03-31 17:01:19,537.44
2022-03-31 17:01:24,537.5
2022-03-31 17:01:29,537.57
2022-03-31 17:01:34,537.57
2022-03-31 17:01:39,537.6
2022-03-31 17:01:44,537.6
2022-03-31 17:01:49,537.73
2022-03-31 17:01:54,537.73
2022-03-31 17:01:59,537.79
2022-03-31 17:02:04,537.83
2022-03-31 17:02:09,537.89
2022-03-31 17:02:14,537.89
2022-03-31 17:02:19,537.95
2022-03-31 17:02:24,537.95
2022-03-31 17:02:29,538.02
2022-03-31 17:02:34,538.02
2022-03-31 17:02:39,538.08
2022-03-31 17:02:44,538.08
2022-03-31 17:02:49,538.12
2022-03-31 17:02:54,538.18
2022-03-31 17:02:59,538.24
2022-03-31 17:03:04,538.25
2022-03-31 17:03:09,538.25
2022-03-31 17:03:14,538.31
2022-03-31 17:03:19,538.31
2022-03-31 17:03:24,538.35
2022-03-31 17:03:29,538.41
2022-03-31 17:03:34,538.41
2022-03-31 17:03:39,538.41
2022-03-31 17:03:44,538.41
2022-03-31 17:03:49,538.48
2022-03-31 17:03:54,538.48
2022-03-31 17:03:59,538.48
2022-03-31 17:04:04,538.54
2022-03-31 17:04:09,538.6
2022-03-31 17:04:14,538.54
2022-03-31 17:04:19,538.61
2022-03-31 17:04:24,538.61
2022-03-31 17:04:29,538.61
2022-03-31 17:04:34,538.64
2022-03-31 17:04:39,538.64
2022-03-31 17:04:44,538.64
2022-03-31 17:04:49,538.64
2022-03-31 17:04:54,538.64
2022-03-31 17:04:59,538.7
2022-03-31 17:05:04,538.7
2022-03-31 17:05:09,538.7
2022-03-31 17:05:14,538.7
2022-03-31 17:05:19,538.7
2022-03-31 17:05:24,538.7
2022-03-31 17:05:29,538.77
2022-03-31 17:05:34,538.77
2022-03-31 17:05:39,537.71
2022-03-31 17:05:44,538.76
2022-03-31 17:05:49,538.76
2022-03-31 17:05:54,538.76
2022-03-31 17:05:59,538.82
2022-03-31 17:06:04,538.83
2022-03-31 17:06:09,538.83
2022-03-31 17:06:14,538.83
2022-03-31 17:06:19,538.82
2022-03-31 17:06:24,538.83
2022-03-31 17:06:29,538.82
2022-03-31 17:06:34,538.82
2022-03-31 17:06:39,538.82
2022-03-31 17:06:44,538.82
2022-03-31 17:06:49,538.82
2022-03-31 17:06:54,538.76
2022-03-31 17:06:59,538.82
2022-03-31 17:07:04,538.76
2022-03-31 17:07:09,538.75
2022-03-31 17:07:14,538.69
2022-03-31 17:07:19,538.75
2022-03-31 17:07:24,538.69
2022-03-31 17:07:29,538.69
2022-03-31 17:07:34,538.62
2022-03-31 17:07:39,538.69
2022-03-31 17:07:44,538.62
2022-03-31 17:07:49,538.62
2022-03-31 17:07:54,538.62
2022-03-31 17:07:59,538.62
2022-03-31 17:08:04,538.62
2022-03-31 17:08:09,538.62
2022-03-31 17:08:14,538.62
2022-03-31 17:08:19,538.59
2022-03-31 17:08:24,538.62
2022-03-31 17:08:29,538.62
2022-03-31 17:08:34,538.62
2022-03-31 17:08:39,538.62
2022-03-31 17:08:44,538.58
2022-03-31 17:08:49,538.58
2022-03-31 17:08:54,538.58
2022-03-31 17:08:59,538.58
2022-03-31 17:09:04,538.58
2022-03-31 17:09:09,538.58
2022-03-31 17:09:14,538.58
2022-03-31 17:09:19,538.57
2022-03-31 17:09:24,538.57
2022-03-31 17:09:29,538.57
2022-03-31 17:09:34,538.57
2022-03-31 17:09:39,538.57
2022-03-31 17:09:44,538.57
2022-03-31 17:09:49,538.57
2022-03-31 17:09:54,538.57
2022-03-31 17:09:59,538.57
2022-03-31 17:10:04,538.57
2022-03-31 17:10:09,538.5
2022-03-31 17:10:14,538.57
2022-03-31 17:10:19,538.57
2022-03-31 17:10:24,538.57
2022-03-31 17:10:29,538.5
2022-03-31 17:10:34,538.5
2022-03-31 17:10:39,538.5
2022-03-31 17:10:44,538.44
2022-03-31 17:10:49,538.44
2022-03-31 17:10:54,538.44
2022-03-31 17:10:59,538.37
2022-03-31 17:11:04,538.37
2022-03-31 17:11:09,538.37
2022-03-31 17:11:14,538.31
2022-03-31 17:11:19,538.28
2022-03-31 17:11:24,538.21
2022-03-31 17:11:29,538.15
2022-03-31 17:11:34,538.08
2022-03-31 17:11:39,538.05
2022-03-31 17:11:44,537.92
2022-03-31 17:11:49,537.92
2022-03-31 17:11:54,537.79
2022-03-31 17:11:59,537.7
2022-03-31 17:12:04,537.63
2022-03-31 17:12:09,537.54
2022-03-31 17:12:14,537.47
2022-03-31 17:12:19,537.41
2022-03-31 17:12:24,537.28
2022-03-31 17:12:29,537.25
2022-03-31 17:12:34,537.18
2022-03-31 17:12:39,537.12
2022-03-31 17:12:44,537.02
2022-03-31 17:12:49,536.96
2022-03-31 17:12:54,536.83
2022-03-31 17:12:59,536.76
2022-03-31 17:13:04,536.67
2022-03-31 17:13:09,536.6
2022-03-31 17:13:14,536.54
2022-03-31 17:13:19,536.44
2022-03-31 17:13:24,536.38
2022-03-31 17:13:29,536.25
2022-03-31 17:13:34,536.22
2022-03-31 17:13:39,536.09
2022-03-31 17:13:44,536.09
2022-03-31 17:13:49,536.0
2022-03-31 17:13:54,535.93
2022-03-31 17:13:59,535.87
2022-03-31 17:14:04,535.74
2022-03-31 17:14:09,535.74
2022-03-31 17:14:14,535.71
2022-03-31 17:14:19,535.58
2022-03-31 17:14:24,535.58
2022-03-31 17:14:29,535.49
2022-03-31 17:14:34,535.42
2022-03-31 17:14:39,535.29
2022-03-31 17:14:44,535.29
2022-03-31 17:14:49,535.2
2022-03-31 17:14:54,535.07
2022-03-31 17:14:59,535.07
2022-03-31 17:15:04,534.97
2022-03-31 17:15:09,534.91
2022-03-31 17:15:14,534.84
2022-03-31 17:15:19,534.78
2022-03-31 17:15:24,534.68
2022-03-31 17:15:29,534.62
2022-03-31 17:15:34,534.49
2022-03-31 17:15:39,534.46
2022-03-31 17:15:44,534.39
2022-03-31 17:15:49,534.27
2022-03-31 17:15:54,534.27
2022-03-31 17:15:59,534.2
2022-03-31 17:16:04,534.17
2022-03-31 17:16:09,534.04
2022-03-31 17:16:14,533.98
2022-03-31 17:16:19,533.95
2022-03-31 17:16:24,533.88
2022-03-31 17:16:29,533.82
2022-03-31 17:16:34,533.76
2022-03-31 17:16:39,533.69
2022-03-31 17:16:44,533.66
2022-03-31 17:16:49,533.6
2022-03-31 17:16:54,533.53
2022-03-31 17:16:59,533.47
2022-03-31 17:17:04,533.44
2022-03-31 17:17:09,533.37
2022-03-31 17:17:14,533.37
2022-03-31 17:17:19,533.25
2022-03-31 17:17:24,533.18
2022-03-31 17:17:29,533.15
2022-03-31 17:17:34,533.15
2022-03-31 17:17:39,533.09
2022-03-31 17:17:44,533.02
2022-03-31 17:17:49,532.96
2022-03-31 17:17:54,532.93
2022-03-31 17:17:59,532.93
2022-03-31 17:18:04,532.93
2022-03-31 17:18:09,532.87
2022-03-31 17:18:14,532.8
2022-03-31 17:18:19,532.8
2022-03-31 17:18:24,532.8
2022-03-31 17:18:29,532.8
2022-03-31 17:18:34,532.81
2022-03-31 17:18:39,532.81
2022-03-31 17:18:44,532.81
2022-03-31 17:18:49,532.81
2022-03-31 17:18:54,532.81
2022-03-31 17:18:59,532.81
2022-03-31 17:19:04,532.87
2022-03-31 17:19:09,532.88
2022-03-31 17:19:14,532.94
2022-03-31 17:19:19,532.94
2022-03-31 17:19:24,532.97
2022-03-31 17:19:29,532.97
2022-03-31 17:19:34,533.04
2022-03-31 17:19:39,533.04
2022-03-31 17:19:44,533.11
2022-03-31 17:19:49,533.17
2022-03-31 17:19:54,533.2
2022-03-31 17:19:59,533.27
2022-03-31 17:20:04,533.34
2022-03-31 17:20:09,537.71
2022-03-31 17:20:14,533.47
2022-03-31 17:20:19,533.5
2022-03-31 17:20:24,533.56
2022-03-31 17:20:29,533.69
2022-03-31 17:20:34,533.73
2022-03-31 17:20:39,533.85
2022-03-31 17:20:44,533.99
2022-03-31 17:20:49,534.02
2022-03-31 17:20:54,534.15
2022-03-31 17:20:59,534.21
2022-03-31 17:21:04,534.37
2022-03-31 17:21:09,534.51
2022-03-31 17:21:14,534.6
2022-03-31 17:21:19,534.73
2022-03-31 17:21:24,534.83
2022-03-31 17:21:29,534.9
2022-03-31 17:21:34,535.06
2022-03-31 17:21:39,535.19
2022-03-31 17:21:44,535.28
2022-03-31 17:21:49,535.41
2022-03-31 17:21:54,535.54
2022-03-31 17:21:59,535.64
2022-03-31 17:22:04,535.77
2022-03-31 17:22:09,535.93
2022-03-31 17:22:14,536.0
2022-03-31 17:22:19,536.09
2022-03-31 17:22:24,536.22
2022-03-31 17:22:29,536.32
2022-03-31 17:22:34,536.45
2022-03-31 17:22:39,536.58
2022-03-31 17:22:44,536.68
2022-03-31 17:22:49,536.74
2022-03-31 17:22:54,536.9
2022-03-31 17:22:59,537.03
2022-03-31 17:23:04,537.1
2022-03-31 17:23:09,537.19
2022-03-31 17:23:14,537.32
2022-03-31 17:23:19,537.42
2022-03-31 17:23:24,537.48
2022-03-31 17:23:29,537.61
2022-03-31 17:23:34,537.64
2022-03-31 17:23:39,537.71
2022-03-31 17:23:44,537.84
2022-03-31 17:23:49,537.87
2022-03-31 17:23:54,537.93
2022-03-31 17:23:59,538.0
2022-03-31 17:24:04,538.06
2022-03-31 17:24:09,538.12
2022-03-31 17:24:14,538.22
2022-03-31 17:24:19,538.22
2022-03-31 17:24:24,538.29
2022-03-31 17:24:29,538.35
2022-03-31 17:24:34,538.38
2022-03-31 17:24:39,538.45
2022-03-31 17:24:44,538.58
2022-03-31 17:24:49,538.58
2022-03-31 17:24:54,538.64
2022-03-31 17:24:59,538.67
2022-03-31 17:25:04,538.74
2022-03-31 17:25:09,538.74
2022-03-31 17:25:14,538.8
2022-03-31 17:25:19,538.86
2022-03-31 17:25:24,538.9
2022-03-31 17:25:29,538.89
2022-03-31 17:25:34,539.02
2022-03-31 17:25:39,539.02
2022-03-31 17:25:44,539.02
2022-03-31 17:25:49,539.09
2022-03-31 17:25:54,539.09
2022-03-31 17:25:59,539.15
2022-03-31 17:26:04,539.15
2022-03-31 17:26:09,539.18
2022-03-31 17:26:14,539.18
2022-03-31 17:26:19,539.25
2022-03-31 17:26:24,539.24
2022-03-31 17:26:29,539.24
2022-03-31 17:26:34,539.31
2022-03-31 17:26:39,539.37
2022-03-31 17:26:44,539.37
2022-03-31 17:26:49,539.37
2022-03-31 17:26:54,539.37
2022-03-31 17:26:59,539.37
2022-03-31 17:27:04,539.37
2022-03-31 17:27:09,539.37
2022-03-31 17:27:14,539.37
2022-03-31 17:27:19,539.4
2022-03-31 17:27:24,539.4
2022-03-31 17:27:29,539.4
2022-03-31 17:27:34,539.4
2022-03-31 17:27:39,539.4
2022-03-31 17:27:44,539.4
2022-03-31 17:27:49,539.4
2022-03-31 17:27:54,539.4
2022-03-31 17:27:59,539.4
2022-03-31 17:28:04,539.4
2022-03-31 17:28:09,539.4
2022-03-31 17:28:14,539.4
2022-03-31 17:28:19,537.71
2022-03-31 17:28:24,539.37
2022-03-31 17:28:29,539.37
2022-03-31 17:28:34,539.37
2022-03-31 17:28:39,539.31
2022-03-31 17:28:44,539.3
2022-03-31 17:28:49,539.31
2022-03-31 17:28:54,539.31
2022-03-31 17:28:59,539.31
2022-03-31 17:29:04,539.3
2022-03-31 17:29:09,539.31
2022-03-31 17:29:14,539.24
2022-03-31 17:29:19,539.31
2022-03-31 17:29:24,539.24
2022-03-31 17:29:29,539.24
2022-03-31 17:29:34,539.24
2022-03-31 17:29:39,539.24
2022-03-31 17:29:44,539.24
2022-03-31 17:29:49,539.31
2022-03-31 17:29:54,539.25
2022-03-31 17:29:59,539.25
2022-03-31 17:30:04,539.25
2022-03-31 17:30:09,539.25
2022-03-31 17:30:14,539.25
2022-03-31 17:30:19,539.25
2022-03-31 17:30:24,539.25
2022-03-31 17:30:29,539.25
2022-03-31 17:30:34,539.25
2022-03-31 17:30:39,539.25
2022-03-31 17:30:44,539.31
2022-03-31 17:30:49,539.25
2022-03-31 17:30:54,539.32
2022-03-31 17:30:59,539.25
2022-03-31 17:31:04,539.25
2022-03-31 17:31:09,539.32
2022-03-31 17:31:14,539.32
2022-03-31 17:31:19,539.32
2022-03-31 17:31:24,539.32
2022-03-31 17:31:29,539.32
2022-03-31 17:31:34,539.32
2022-03-31 17:31:39,539.32
2022-03-31 17:31:44,539.32
2022-03-31 17:31:49,539.38
2022-03-31 17:31:54,539.38
2022-03-31 17:31:59,539.32
2022-03-31 17:32:04,539.32
2022-03-31 17:32:09,539.32
2022-03-31 17:32:14,539.38
2022-03-31 17:32:19,539.38
2022-03-31 17:32:24,539.41
2022-03-31 17:32:29,539.38
2022-03-31 17:32:34,539.41
2022-03-31 17:32:39,539.41
2022-03-31 17:32:44,539.41
2022-03-31 17:32:49,539.48
2022-03-31 17:32:54,539.41
2022-03-31 17:32:59,539.48
2022-03-31 17:33:04,539.41
2022-03-31 17:33:09,539.47
2022-03-31 17:33:14,539.41
2022-03-31 17:33:19,539.47
2022-03-31 17:33:24,539.47
2022-03-31 17:33:29,539.47
2022-03-31 17:33:34,539.47
2022-03-31 17:33:39,539.47
2022-03-31 17:33:44,539.47
2022-03-31 17:33:49,539.4
2022-03-31 17:33:54,539.41
2022-03-31 17:33:59,539.41
2022-03-31 17:34:04,539.4
2022-03-31 17:34:09,539.4
2022-03-31 17:34:14,539.47
2022-03-31 17:34:19,539.4
2022-03-31 17:34:24,539.47
2022-03-31 17:34:29,539.4
2022-03-31 17:34:34,539.47
2022-03-31 17:34:39,539.47
2022-03-31 17:34:44,539.4
2022-03-31 17:34:49,539.46
2022-03-31 17:34:54,539.37
2022-03-31 17:34:59,539.4
2022-03-31 17:35:04,539.37
2022-03-31 17:35:09,539.4
2022-03-31 17:35:14,539.4
2022-03-31 17:35:19,539.36
2022-03-31 17:35:24,539.36
2022-03-31 17:35:29,539.36
2022-03-31 17:35:34,539.36
2022-03-31 17:35:39,539.36
2022-03-31 17:35:44,539.36
2022-03-31 17:35:49,539.36
2022-03-31 17:35:54,539.36
2022-03-31 17:35:59,539.36
2022-03-31 17:36:04,539.36
2022-03-31 17:36:09,539.35
2022-03-31 17:36:14,539.29
2022-03-31 17:36:19,539.29
2022-03-31 17:36:24,539.29
2022-03-31 17:36:29,539.29
2022-03-31 17:36:34,539.22
2022-03-31 17:36:39,539.22
2022-03-31 17:36:44,539.22
2022-03-31 17:36:49,539.22
2022-03-31 17:36:54,539.22
2022-03-31 17:36:59,539.22
2022-03-31 17:37:04,539.22
2022-03-31 17:37:09,539.22
2022-03-31 17:37:14,539.22
2022-03-31 17:37:19,539.28
2022-03-31 17:37:24,539.28
2022-03-31 17:37:29,539.35
2022-03-31 17:37:34,539.35
2022-03-31 17:37:39,539.34
2022-03-31 17:37:44,539.38
2022-03-31 17:37:49,539.38
2022-03-31 17:37:54,539.44
2022-03-31 17:37:59,539.51
2022-03-31 17:38:04,539.57
2022-03-31 17:38:09,539.57
2022-03-31 17:38:14,539.63
2022-03-31 17:38:19,539.63
2022-03-31 17:38:24,539.67
2022-03-31 17:38:29,539.73
2022-03-31 17:38:34,539.73
2022-03-31 17:38:39,539.8
2022-03-31 17:38:44,539.86
2022-03-31 17:38:49,539.89
2022-03-31 17:38:54,539.89
2022-03-31 17:38:59,540.02
2022-03-31 17:39:04,540.02
2022-03-31 17:39:09,540.09
2022-03-31 17:39:14,540.15
2022-03-31 17:39:19,540.18
2022-03-31 17:39:24,540.18
2022-03-31 17:39:29,540.25
2022-03-31 17:39:34,540.31
2022-03-31 17:39:39,540.38
2022-03-31 17:39:44,540.41
2022-03-31 17:39:49,540.41
2022-03-31 17:39:54,540.47
2022-03-31 17:39:59,540.47
2022-03-31 17:40:04,540.54
2022-03-31 17:40:09,540.6
2022-03-31 17:40:14,540.6
2022-03-31 17:40:19,540.67
2022-03-31 17:40:24,540.7
2022-03-31 17:40:29,540.7
2022-03-31 17:40:34,540.83
2022-03-31 17:40:39,540.83
2022-03-31 17:40:44,540.89
2022-03-31 17:40:49,540.93
2022-03-31 17:40:54,540.99
2022-03-31 17:40:59,541.05
2022-03-31 17:41:04,541.05
2022-03-31 17:41:09,541.12
2022-03-31 17:41:14,541.18
2022-03-31 17:41:19,541.18
2022-03-31 17:41:24,541.18
2022-03-31 17:41:29,541.21
2022-03-31 17:41:34,541.21
2022-03-31 17:41:39,541.27
2022-03-31 17:41:44,541.27
2022-03-31 17:41:49,541.27
2022-03-31 17:41:54,541.27
2022-03-31 17:41:59,541.27
2022-03-31 17:42:04,541.34
2022-03-31 17:42:09,541.27
2022-03-31 17:42:14,541.27
2022-03-31 17:42:19,541.21
2022-03-31 17:42:24,541.21
2022-03-31 17:42:29,541.21
2022-03-31 17:42:34,541.21
2022-03-31 17:42:39,541.21
2022-03-31 17:42:44,541.17
2022-03-31 17:42:49,541.17
2022-03-31 17:42:54,541.17
2022-03-31 17:42:59,541.04
2022-03-31 17:43:04,541.11
2022-03-31 17:43:09,541.04
2022-03-31 17:43:14,541.04
2022-03-31 17:43:19,540.97
2022-03-31 17:43:24,540.97
2022-03-31 17:43:29,540.91
2022-03-31 17:43:34,540.87
2022-03-31 17:43:39,540.88
2022-03-31 17:43:44,540.81
2022-03-31 17:43:49,540.81
2022-03-31 17:43:54,540.75
2022-03-31 17:43:59,540.75
2022-03-31 17:44:04,540.68
2022-03-31 17:44:09,540.65
2022-03-31 17:44:14,540.65
2022-03-31 17:44:19,540.64
2022-03-31 17:44:24,540.64
2022-03-31 17:44:29,540.58
2022-03-31 17:44:34,540.58
2022-03-31 17:44:39,540.51
2022-03-31 17:44:44,540.44
2022-03-31 17:44:49,540.45
2022-03-31 17:44:54,540.38
2022-03-31 17:44:59,540.38
2022-03-31 17:45:04,540.35
2022-03-31 17:45:09,540.28
2022-03-31 17:45:14,540.28
2022-03-31 17:45:19,540.28
2022-03-31 17:45:24,540.21
2022-03-31 17:45:29,540.15
2022-03-31 17:45:34,540.15
2022-03-31 17:45:39,540.11
2022-03-31 17:45:44,540.15
2022-03-31 17:45:49,540.05
2022-03-31 17:45:54,540.05
2022-03-31 17:45:59,540.05
2022-03-31 17:46:04,539.98
2022-03-31 17:46:09,539.91
2022-03-31 17:46:14,539.91
2022-03-31 17:46:19,539.92
2022-03-31 17:46:24,539.85
2022-03-31 17:46:29,539.82
2022-03-31 17:46:34,539.82
2022-03-31 17:46:39,539.75
2022-03-31 17:46:44,539.75
2022-03-31 17:46:49,539.69
2022-03-31 17:46:54,539.69
2022-03-31 17:46:59,539.62
2022-03-31 17:47:04,539.62
2022-03-31 17:47:09,539.59
2022-03-31 17:47:14,539.59
2022-03-31 17:47:19,539.59
2022-03-31 17:47:24,539.52
2022-03-31 17:47:29,539.53
2022-03-31 17:47:34,539.46
2022-03-31 17:47:39,539.46
2022-03-31 17:47:44,539.4
2022-03-31 17:47:49,539.4
2022-03-31 17:47:54,539.46
2022-03-31 17:47:59,539.4
2022-03-31 17:48:04,539.4
2022-03-31 17:48:09,539.33
2022-03-31 17:48:14,539.33
2022-03-31 17:48:19,539.33
2022-03-31 17:48:24,539.3
2022-03-31 17:48:29,539.3
2022-03-31 17:48:34,539.24
2022-03-31 17:48:39,539.3
2022-03-31 17:48:44,539.24
2022-03-31 17:48:49,539.24
2022-03-31 17:48:54,539.24
2022-03-31 17:48:59,539.17
2022-03-31 17:49:04,539.11
2022-03-31 17:49:09,539.24
2022-03-31 17:49:14,539.11
2022-03-31 17:49:19,539.17
2022-03-31 17:49:24,539.11
2022-03-31 17:49:29,539.11
2022-03-31 17:49:34,539.11
2022-03-31 17:49:39,539.11
2022-03-31 17:49:44,539.08
2022-03-31 17:49:49,539.08
2022-03-31 17:49:54,539.01
2022-03-31 17:49:59,539.01
2022-03-31 17:50:04,538.95
2022-03-31 17:50:09,539.01
2022-03-31 17:50:14,538.88
2022-03-31 17:50:19,538.95
2022-03-31 17:50:24,538.89
2022-03-31 17:50:29,538.89
2022-03-31 17:50:34,538.89
2022-03-31 17:50:39,538.89
2022-03-31 17:50:44,538.89
2022-03-31 17:50:49,538.83
2022-03-31 17:50:54,538.79
2022-03-31 17:50:59,538.79
2022-03-31 17:51:04,538.73
2022-03-31 17:51:09,538.73
2022-03-31 17:51:14,538.66
2022-03-31 17:51:19,538.6
2022-03-31 17:51:24,538.6
2022-03-31 17:51:29,538.57
2022-03-31 17:51:34,538.5
2022-03-31 17:51:39,538.57
2022-03-31 17:51:44,538.5
2022-03-31 17:51:49,538.51
2022-03-31 17:51:54,538.44
2022-03-31 17:51:59,538.44
2022-03-31 17:52:04,538.44
2022-03-31 17:52:09,538.44
2022-03-31 17:52:14,538.38
2022-03-31 17:52:19,538.38
2022-03-31 17:52:24,538.38
2022-03-31 17:52:29,538.38
2022-03-31 17:52:34,538.31
2022-03-31 17:52:39,538.38
2022-03-31 17:52:44,538.31
2022-03-31 17:52:49,538.31
2022-03-31 17:52:54,538.32
2022-03-31 17:52:59,538.31
2022-03-31 17:53:04,538.32
2022-03-31 17:53:09,538.28
2022-03-31 17:53:14,538.38
2022-03-31 17:53:19,538.28
2022-03-31 17:53:24,538.38
2022-03-31 17:53:29,538.38
2022-03-31 17:53:34,538.32
2022-03-31 17:53:39,538.38
2022-03-31 17:53:44,538.38
2022-03-31 17:53:49,538.38
2022-03-31 17:53:54,538.45
2022-03-31 17:53:59,538.38
2022-03-31 17:54:04,538.45
2022-03-31 17:54:09,538.45
2022-03-31 17:54:14,538.45
2022-03-31 17:54:19,538.51
2022-03-31 17:54:24,538.51
2022-03-31 17:54:29,538.51
2022-03-31 17:54:34,538.51
2022-03-31 17:54:39,538.52
2022-03-31 17:54:44,538.58
2022-03-31 17:54:49,538.58
2022-03-31 17:54:54,538.61
2022-03-31 17:54:59,538.68
2022-03-31 17:55:04,538.68
2022-03-31 17:55:09,538.74
2022-03-31 17:55:14,538.68
2022-03-31 17:55:19,538.74
2022-03-31 17:55:24,538.75
2022-03-31 17:55:29,538.84
2022-03-31 17:55:34,538.84
2022-03-31 17:55:39,538.91
2022-03-31 17:55:44,538.91
2022-03-31 17:55:49,538.91
2022-03-31 17:55:54,538.91
2022-03-31 17:55:59,538.97
2022-03-31 17:56:04,539.04
2022-03-31 17:56:09,539.04
2022-03-31 17:56:14,539.11
2022-03-31 17:56:19,539.1
2022-03-31 17:56:24,539.14
2022-03-31 17:56:29,539.14
2022-03-31 17:56:34,539.2
2022-03-31 17:56:39,539.2
2022-03-31 17:56:44,539.2
2022-03-31 17:56:49,539.27
2022-03-31 17:56:54,539.27
2022-03-31 17:56:59,539.27
2022-03-31 17:57:04,539.21
2022-03-31 17:57:09,539.27
2022-03-31 17:57:14,539.34
2022-03-31 17:57:19,539.34
2022-03-31 17:57:24,539.34
2022-03-31 17:57:29,539.34
2022-03-31 17:57:34,539.37
2022-03-31 17:57:39,539.37
2022-03-31 17:57:44,539.37
2022-03-31 17:57:49,539.38
2022-03-31 17:57:54,539.37
2022-03-31 17:57:59,539.44
2022-03-31 17:58:04,539.44
2022-03-31 17:58:09,539.37
2022-03-31 17:58:14,539.44
2022-03-31 17:58:19,539.38
2022-03-31 17:58:24,539.44
2022-03-31 17:58:29,539.44
2022-03-31 17:58:34,539.44
2022-03-31 17:58:39,539.44
2022-03-31 17:58:44,539.44
2022-03-31 17:58:49,539.44
2022-03-31 17:58:54,539.44
2022-03-31 17:58:59,539.44
2022-03-31 17:59:04,539.51
2022-03-31 17:59:09,539.44
2022-03-31 17:59:14,539.44
2022-03-31 17:59:19,539.5
2022-03-31 17:59:24,539.44
2022-03-31 17:59:29,539.44
2022-03-31 17:59:34,539.44
2022-03-31 17:59:39,539.44
2022-03-31 17:59:44,539.44
2022-03-31 17:59:49,539.44
2022-03-31 17:59:54,539.44
2022-03-31 17:59:59,539.38
2022-03-31 18:00:04,539.38
2022-03-31 18:00:09,539.44
2022-03-31 18:00:14,539.44
2022-03-31 18:00:19,539.44
2022-03-31 18:00:24,539.44
2022-03-31 18:00:29,539.37
2022-03-31 18:00:34,539.38
2022-03-31 18:00:39,539.44
2022-03-31 18:00:44,539.44
2022-03-31 18:00:49,539.44
2022-03-31 18:00:54,539.44
2022-03-31 18:00:59,539.44
2022-03-31 18:01:04,539.44
2022-03-31 18:01:09,539.5
2022-03-31 18:01:14,539.44
2022-03-31 18:01:19,539.44
2022-03-31 18:01:24,539.44
2022-03-31 18:01:29,539.44
2022-03-31 18:01:34,539.44
2022-03-31 18:01:39,539.44
2022-03-31 18:01:44,539.37
2022-03-31 18:01:49,539.44
2022-03-31 18:01:54,539.44
2022-03-31 18:01:59,539.5
2022-03-31 18:02:04,539.43
2022-03-31 18:02:09,539.5
2022-03-31 18:02:14,539.56
2022-03-31 18:02:19,539.56
2022-03-31 18:02:24,539.63
2022-03-31 18:02:29,539.66
2022-03-31 18:02:34,539.66
2022-03-31 18:02:39,539.66
2022-03-31 18:02:44,539.79
2022-03-31 18:02:49,539.79
2022-03-31 18:02:54,539.85
2022-03-31 18:02:59,539.85
2022-03-31 18:03:04,539.88
2022-03-31 18:03:09,539.95
2022-03-31 18:03:14,539.95
2022-03-31 18:03:19,540.01
2022-03-31 18:03:24,540.08
2022-03-31 18:03:29,540.08
2022-03-31 18:03:34,540.14
2022-03-31 18:03:39,540.17
2022-03-31 18:03:44,540.24
2022-03-31 18:03:49,540.3
2022-03-31 18:03:54,540.37
2022-03-31 18:03:59,540.4
2022-03-31 18:04:04,540.53
2022-03-31 18:04:09,540.53
2022-03-31 18:04:14,540.66
2022-03-31 18:04:19,540.69
2022-03-31 18:04:24,540.69
2022-03-31 18:04:29,540.82
2022-03-31 18:04:34,540.88
2022-03-31 18:04:39,540.92
2022-03-31 18:04:44,540.98
2022-03-31 18:04:49,541.04
2022-03-31 18:04:54,541.11
2022-03-31 18:04:59,541.17
2022-03-31 18:05:04,541.21
2022-03-31 18:05:09,541.21
2022-03-31 18:05:14,541.34
2022-03-31 18:05:19,541.34
2022-03-31 18:05:24,541.41
2022-03-31 18:05:29,541.44
2022-03-31 18:05:34,541.5
2022-03-31 18:05:39,541.5
2022-03-31 18:05:44,541.5
2022-03-31 18:05:49,541.63
2022-03-31 18:05:54,541.57
2022-03-31 18:05:59,541.57
2022-03-31 18:06:04,541.64
2022-03-31 18:06:09,541.64
2022-03-31 18:06:14,541.63
2022-03-31 18:06:19,541.64
2022-03-31 18:06:24,541.7
2022-03-31 18:06:29,541.7
2022-03-31 18:06:34,541.7
2022-03-31 18:06:39,541.7
2022-03-31 18:06:44,541.74
2022-03-31 18:06:49,541.74
2022-03-31 18:06:54,541.74
2022-03-31 18:06:59,541.74
2022-03-31 18:07:04,541.71
2022-03-31 18:07:09,541.74
2022-03-31 18:07:14,541.74
2022-03-31 18:07:19,541.8
2022-03-31 18:07:24,541.74
2022-03-31 18:07:29,541.74
2022-03-31 18:07:34,541.74
2022-03-31 18:07:39,541.71
2022-03-31 18:07:44,541.74
2022-03-31 18:07:49,541.71
2022-03-31 18:07:54,541.71
2022-03-31 18:07:59,541.74
2022-03-31 18:08:04,541.65
2022-03-31 18:08:09,541.71
2022-03-31 18:08:14,541.65
2022-03-31 18:08:19,541.64
2022-03-31 18:08:24,541.58
2022-03-31 18:08:29,541.58
2022-03-31 18:08:34,541.58
2022-03-31 18:08:39,537.71
2022-03-31 18:08:44,541.52
2022-03-31 18:08:49,541.51
2022-03-31 18:08:54,541.45
2022-03-31 18:08:59,541.42
2022-03-31 18:09:04,541.45
2022-03-31 18:09:09,541.35
2022-03-31 18:09:14,541.36
2022-03-31 18:09:19,541.35
2022-03-31 18:09:24,541.29
2022-03-31 18:09:29,541.35
2022-03-31 18:09:34,541.35
2022-03-31 18:09:39,541.35
2022-03-31 18:09:44,541.29
2022-03-31 18:09:49,541.29
2022-03-31 18:09:54,541.29
2022-03-31 18:09:59,541.29
2022-03-31 18:10:04,541.29
2022-03-31 18:10:09,541.29
2022-03-31 18:10:14,541.35
2022-03-31 18:10:19,541.35
2022-03-31 18:10:24,541.35
2022-03-31 18:10:29,541.35
2022-03-31 18:10:34,541.35
2022-03-31 18:10:39,541.35
2022-03-31 18:10:44,541.35
2022-03-31 18:10:49,541.28
2022-03-31 18:10:54,541.28
2022-03-31 18:10:59,541.28
2022-03-31 18:11:04,541.34
2022-03-31 18:11:09,541.28
2022-03-31 18:11:14,541.34
2022-03-31 18:11:19,541.28
2022-03-31 18:11:24,541.28
2022-03-31 18:11:29,541.28
2022-03-31 18:11:34,541.28
2022-03-31 18:11:39,541.28
2022-03-31 18:11:44,541.28
2022-03-31 18:11:49,541.21
2022-03-31 18:11:54,541.21
2022-03-31 18:11:59,541.21
2022-03-31 18:12:04,541.18
2022-03-31 18:12:09,541.18
2022-03-31 18:12:14,541.18
2022-03-31 18:12:19,541.11
2022-03-31 18:12:24,541.05
2022-03-31 18:12:29,541.05
2022-03-31 18:12:34,540.98
2022-03-31 18:12:39,540.92
2022-03-31 18:12:44,540.92
2022-03-31 18:12:49,540.82
2022-03-31 18:12:54,540.82
2022-03-31 18:12:59,540.76
2022-03-31 18:13:04,540.69
2022-03-31 18:13:09,540.69
2022-03-31 18:13:14,540.66
2022-03-31 18:13:19,540.6
2022-03-31 18:13:24,540.53
2022-03-31 18:13:29,540.47
2022-03-31 18:13:34,540.4
2022-03-31 18:13:39,540.37
2022-03-31 18:13:44,540.31
2022-03-31 18:13:49,540.24
2022-03-31 18:13:54,540.18
2022-03-31 18:13:59,540.14
2022-03-31 18:14:04,540.08
2022-03-31 18:14:09,539.95
2022-03-31 18:14:14,539.89
2022-03-31 18:14:19,539.89
2022-03-31 18:14:24,539.73
2022-03-31 18:14:29,539.73
2022-03-31 18:14:34,539.63
2022-03-31 18:14:39,539.5
2022-03-31 18:14:44,539.44
2022-03-31 18:14:49,539.44
2022-03-31 18:14:54,539.28
2022-03-31 18:14:59,539.28
2022-03-31 18:15:04,539.15
2022-03-31 18:15:09,539.15
2022-03-31 18:15:14,538.99
2022-03-31 18:15:19,538.93
2022-03-31 18:15:24,538.86
2022-03-31 18:15:29,538.86
2022-03-31 18:15:34,538.77
2022-03-31 18:15:39,538.7
2022-03-31 18:15:44,538.64
2022-03-31 18:15:49,538.61
2022-03-31 18:15:54,538.54
2022-03-31 18:15:59,538.54
2022-03-31 18:16:04,538.41
2022-03-31 18:16:09,538.41
2022-03-31 18:16:14,538.35
2022-03-31 18:16:19,538.32
2022-03-31 18:16:24,538.25
2022-03-31 18:16:29,538.19
2022-03-31 18:16:34,538.19
2022-03-31 18:16:39,538.12
2022-03-31 18:16:44,538.09
2022-03-31 18:16:49,538.03
2022-03-31 18:16:54,537.96
2022-03-31 18:16:59,537.96
2022-03-31 18:17:04,537.9
2022-03-31 18:17:09,537.83
2022-03-31 18:17:14,537.8
2022-03-31 18:17:19,537.8
2022-03-31 18:17:24,537.73
2022-03-31 18:17:29,537.67
2022-03-31 18:17:34,537.67
2022-03-31 18:17:39,537.61
2022-03-31 18:17:44,537.6
2022-03-31 18:17:49,537.57
2022-03-31 18:17:54,537.57
2022-03-31 18:17:59,537.51
2022-03-31 18:18:04,537.51
2022-03-31 18:18:09,537.44
2022-03-31 18:18:14,537.38
2022-03-31 18:18:19,537.31
2022-03-31 18:18:24,537.31
2022-03-31 18:18:29,537.28
2022-03-31 18:18:34,537.28
2022-03-31 18:18:39,537.21
2022-03-31 18:18:44,537.15
2022-03-31 18:18:49,537.15
2022-03-31 18:18:54,537.15
2022-03-31 18:18:59,537.08
2022-03-31 18:19:04,537.05
2022-03-31 18:19:09,537.05
2022-03-31 18:19:14,537.05
2022-03-31 18:19:19,537.05
2022-03-31 18:19:24,536.98
2022-03-31 18:19:29,536.98
2022-03-31 18:19:34,536.92
2022-03-31 18:19:39,536.92
2022-03-31 18:19:44,536.92
2022-03-31 18:19:49,536.91
2022-03-31 18:19:54,536.85
2022-03-31 18:19:59,536.85
2022-03-31 18:20:04,536.84
2022-03-31 18:20:09,536.84
2022-03-31 18:20:14,536.84
2022-03-31 18:20:19,536.78
2022-03-31 18:20:24,536.78
2022-03-31 18:20:29,536.78
2022-03-31 18:20:34,536.78
2022-03-31 18:20:39,536.78
2022-03-31 18:20:44,536.77
2022-03-31 18:20:49,536.77
2022-03-31 18:20:54,536.77
2022-03-31 18:20:59,536.77
2022-03-31 18:21:04,536.77
2022-03-31 18:21:09,536.77
2022-03-31 18:21:14,536.77
2022-03-31 18:21:19,536.83
2022-03-31 18:21:24,536.77
2022-03-31 18:21:29,536.77
2022-03-31 18:21:34,536.77
2022-03-31 18:21:39,536.77
2022-03-31 18:21:44,536.76
2022-03-31 18:21:49,536.76
2022-03-31 18:21:54,536.89
2022-03-31 18:21:59,536.89
2022-03-31 18:22:04,536.89
2022-03-31 18:22:09,536.83
2022-03-31 18:22:14,536.96
2022-03-31 18:22:19,536.95
2022-03-31 18:22:24,537.02
2022-03-31 18:22:29,537.02
2022-03-31 18:22:34,537.05
2022-03-31 18:22:39,537.05
2022-03-31 18:22:44,537.11
2022-03-31 18:22:49,537.18
2022-03-31 18:22:54,537.18
2022-03-31 18:22:59,537.24
2022-03-31 18:23:04,537.27
2022-03-31 18:23:09,537.27
2022-03-31 18:23:14,537.34
2022-03-31 18:23:19,537.47
2022-03-31 18:23:24,537.47
2022-03-31 18:23:29,537.53
2022-03-31 18:23:34,537.63
2022-03-31 18:23:39,537.63
2022-03-31 18:23:44,537.76
2022-03-31 18:23:49,537.75
2022-03-31 18:23:54,537.79
2022-03-31 18:23:59,537.85
2022-03-31 18:24:04,537.92
2022-03-31 18:24:09,537.98
2022-03-31 18:24:14,538.04
2022-03-31 18:24:19,538.08
2022-03-31 18:24:24,538.14
2022-03-31 18:24:29,538.21
2022-03-31 18:24:34,538.27
2022-03-31 18:24:39,538.31
2022-03-31 18:24:44,538.37
2022-03-31 18:24:49,538.43
2022-03-31 18:24:54,538.43
2022-03-31 18:24:59,538.56
2022-03-31 18:25:04,538.56
2022-03-31 18:25:09,538.59
2022-03-31 18:25:14,538.66
2022-03-31 18:25:19,538.73
2022-03-31 18:25:24,538.79
2022-03-31 18:25:29,538.82
2022-03-31 18:25:34,538.82
2022-03-31 18:25:39,538.95
2022-03-31 18:25:44,538.95
2022-03-31 18:25:49,539.02
2022-03-31 18:25:54,539.08
2022-03-31 18:25:59,539.08
2022-03-31 18:26:04,539.11
2022-03-31 18:26:09,539.18
2022-03-31 18:26:14,539.24
2022-03-31 18:26:19,539.24
2022-03-31 18:26:24,539.31
2022-03-31 18:26:29,539.34
2022-03-31 18:26:34,539.34
2022-03-31 18:26:39,539.4
2022-03-31 18:26:44,539.53
2022-03-31 18:26:49,539.53
2022-03-31 18:26:54,539.6
2022-03-31 18:26:59,539.6
2022-03-31 18:27:04,539.7
2022-03-31 18:27:09,539.7
2022-03-31 18:27:14,539.69
2022-03-31 18:27:19,539.76
2022-03-31 18:27:24,539.83
2022-03-31 18:27:29,539.82
2022-03-31 18:27:34,539.86
2022-03-31 18:27:39,539.86
2022-03-31 18:27:44,539.92
2022-03-31 18:27:49,539.99
2022-03-31 18:27:54,540.05
2022-03-31 18:27:59,540.15
2022-03-31 18:28:04,540.15
2022-03-31 18:28:09,540.15
2022-03-31 18:28:14,540.22
2022-03-31 18:28:19,540.28
2022-03-31 18:28:24,540.28
2022-03-31 18:28:29,540.28
2022-03-31 18:28:34,540.35
2022-03-31 18:28:39,540.38
2022-03-31 18:28:44,540.45
2022-03-31 18:28:49,540.44
2022-03-31 18:28:54,540.51
2022-03-31 18:28:59,540.51
2022-03-31 18:29:04,540.45
2022-03-31 18:29:09,540.57
2022-03-31 18:29:14,540.57
2022-03-31 18:29:19,540.57
2022-03-31 18:29:24,540.64
2022-03-31 18:29:29,540.64
2022-03-31 18:29:34,540.64
2022-03-31 18:29:39,540.64
2022-03-31 18:29:44,540.67
2022-03-31 18:29:49,540.67
2022-03-31 18:29:54,540.67
2022-03-31 18:29:59,540.74
2022-03-31 18:30:04,540.74
2022-03-31 18:30:09,540.74
2022-03-31 18:30:14,540.8
2022-03-31 18:30:19,540.74
2022-03-31 18:30:24,540.74
2022-03-31 18:30:29,540.8
2022-03-31 18:30:34,540.8
2022-03-31 18:30:39,540.81
2022-03-31 18:30:44,540.87
2022-03-31 18:30:49,540.81
2022-03-31 18:30:54,540.81
2022-03-31 18:30:59,540.81
2022-03-31 18:31:04,540.81
2022-03-31 18:31:09,540.81
2022-03-31 18:31:14,540.81
2022-03-31 18:31:19,540.88
2022-03-31 18:31:24,540.81
2022-03-31 18:31:29,540.75
2022-03-31 18:31:34,540.81
2022-03-31 18:31:39,540.75
2022-03-31 18:31:44,540.81
2022-03-31 18:31:49,540.75
2022-03-31 18:31:54,540.82
2022-03-31 18:31:59,540.82
2022-03-31 18:32:04,540.76
2022-03-31 18:32:09,540.76
2022-03-31 18:32:14,540.76
2022-03-31 18:32:19,540.76
2022-03-31 18:32:24,540.69
2022-03-31 18:32:29,540.69
2022-03-31 18:32:34,540.69
2022-03-31 18:32:39,540.69
2022-03-31 18:32:44,540.69
2022-03-31 18:32:49,540.69
2022-03-31 18:32:54,540.66
2022-03-31 18:32:59,540.66
2022-03-31 18:33:04,540.67
2022-03-31 18:33:09,540.6
2022-03-31 18:33:14,540.66
2022-03-31 18:33:19,540.67
2022-03-31 18:33:24,540.67
2022-03-31 18:33:29,540.67
2022-03-31 18:33:34,540.61
2022-03-31 18:33:39,540.67
2022-03-31 18:33:44,540.61
2022-03-31 18:33:49,540.61
2022-03-31 18:33:54,540.67
2022-03-31 18:33:59,540.67
2022-03-31 18:34:04,540.61
2022-03-31 18:34:09,540.67
2022-03-31 18:34:14,540.67
2022-03-31 18:34:19,540.67
2022-03-31 18:34:24,540.61
2022-03-31 18:34:29,540.71
2022-03-31 18:34:34,540.71
2022-03-31 18:34:39,540.71
2022-03-31 18:34:44,540.77
2022-03-31 18:34:49,540.84
2022-03-31 18:34:54,540.83
2022-03-31 18:34:59,540.84
2022-03-31 18:35:04,540.84
2022-03-31 18:35:09,540.9
2022-03-31 18:35:14,540.9
2022-03-31 18:35:19,540.93
2022-03-31 18:35:24,541.0
2022-03-31 18:35:29,541.0
2022-03-31 18:35:34,541.12
2022-03-31 18:35:39,541.12
2022-03-31 18:35:44,541.19
2022-03-31 18:35:49,541.29
2022-03-31 18:35:54,541.28
2022-03-31 18:35:59,541.28
2022-03-31 18:36:04,541.35
2022-03-31 18:36:09,541.35
2022-03-31 18:36:14,541.41
2022-03-31 18:36:19,541.44
2022-03-31 18:36:24,541.58
2022-03-31 18:36:29,541.57
2022-03-31 18:36:34,541.64
2022-03-31 18:36:39,541.7
2022-03-31 18:36:44,541.73
2022-03-31 18:36:49,541.8
2022-03-31 18:36:54,541.86
2022-03-31 18:36:59,541.93
2022-03-31 18:37:04,541.96
2022-03-31 18:37:09,542.02
2022-03-31 18:37:14,542.15
2022-03-31 18:37:19,542.15
2022-03-31 18:37:24,542.21
2022-03-31 18:37:29,542.24
2022-03-31 18:37:34,542.31
2022-03-31 18:37:39,542.37
2022-03-31 18:37:44,542.43
2022-03-31 18:37:49,542.46
2022-03-31 18:37:54,542.59
2022-03-31 18:37:59,542.65
2022-03-31 18:38:04,542.72
2022-03-31 18:38:09,542.75
2022-03-31 18:38:14,542.75
2022-03-31 18:38:19,542.88
2022-03-31 18:38:24,542.88
2022-03-31 18:38:29,542.94
2022-03-31 18:38:34,542.94
2022-03-31 18:38:39,542.97
2022-03-31 18:38:44,542.97
2022-03-31 18:38:49,543.04
2022-03-31 18:38:54,543.04
2022-03-31 18:38:59,543.16
2022-03-31 18:39:04,543.16
2022-03-31 18:39:09,543.23
2022-03-31 18:39:14,543.26
2022-03-31 18:39:19,543.26
2022-03-31 18:39:24,543.26
2022-03-31 18:39:29,543.32
2022-03-31 18:39:34,543.39
2022-03-31 18:39:39,543.45
2022-03-31 18:39:44,543.45
2022-03-31 18:39:49,543.48
2022-03-31 18:39:54,543.55
2022-03-31 18:39:59,543.55
2022-03-31 18:40:04,543.55
2022-03-31 18:40:09,543.55
2022-03-31 18:40:14,543.61
2022-03-31 18:40:19,543.68
2022-03-31 18:40:24,543.61
2022-03-31 18:40:29,543.61
2022-03-31 18:40:34,543.68
2022-03-31 18:40:39,543.68
2022-03-31 18:40:44,543.68
2022-03-31 18:40:49,543.68
2022-03-31 18:40:54,543.68
2022-03-31 18:40:59,543.68
2022-03-31 18:41:04,543.62
2022-03-31 18:41:09,543.61
2022-03-31 18:41:14,543.62
2022-03-31 18:41:19,543.55
2022-03-31 18:41:24,543.49
2022-03-31 18:41:29,543.45
2022-03-31 18:41:34,543.33
2022-03-31 18:41:39,543.33
2022-03-31 18:41:44,543.26
2022-03-31 18:41:49,543.16
2022-03-31 18:41:54,543.04
2022-03-31 18:41:59,542.97
2022-03-31 18:42:04,542.94
2022-03-31 18:42:09,542.88
2022-03-31 18:42:14,542.75
2022-03-31 18:42:19,542.65
2022-03-31 18:42:24,542.59
2022-03-31 18:42:29,542.46
2022-03-31 18:42:34,542.43
2022-03-31 18:42:39,542.3
2022-03-31 18:42:44,542.2
2022-03-31 18:42:49,542.07
2022-03-31 18:42:54,542.01
2022-03-31 18:42:59,541.94
2022-03-31 18:43:04,541.85
2022-03-31 18:43:09,541.72
2022-03-31 18:43:14,541.72
2022-03-31 18:43:19,541.62
2022-03-31 18:43:24,541.56
2022-03-31 18:43:29,541.4
2022-03-31 18:43:34,541.33
2022-03-31 18:43:39,541.27
2022-03-31 18:43:44,541.17
2022-03-31 18:43:49,541.11
2022-03-31 18:43:54,540.98
2022-03-31 18:43:59,540.91
2022-03-31 18:44:04,540.88
2022-03-31 18:44:09,540.75
2022-03-31 18:44:14,540.69
2022-03-31 18:44:19,540.68
2022-03-31 18:44:24,540.59
2022-03-31 18:44:29,540.52
2022-03-31 18:44:34,540.46
2022-03-31 18:44:39,540.39
2022-03-31 18:44:44,540.39
2022-03-31 18:44:49,540.3
2022-03-31 18:44:54,540.36
2022-03-31 18:44:59,540.3
2022-03-31 18:45:04,540.23
2022-03-31 18:45:09,540.17
2022-03-31 18:45:14,540.13
2022-03-31 18:45:19,540.13
2022-03-31 18:45:24,540.01
2022-03-31 18:45:29,539.94
2022-03-31 18:45:34,539.94
2022-03-31 18:45:39,539.94
2022-03-31 18:45:44,539.87
2022-03-31 18:45:49,539.84
2022-03-31 18:45:54,539.77
2022-03-31 18:45:59,539.71
2022-03-31 18:46:04,539.71
2022-03-31 18:46:09,539.64
2022-03-31 18:46:14,539.61
2022-03-31 18:46:19,539.61
2022-03-31 18:46:24,539.48
2022-03-31 18:46:29,539.48
2022-03-31 18:46:34,539.41
2022-03-31 18:46:39,539.41
2022-03-31 18:46:44,539.35
2022-03-31 18:46:49,539.31
2022-03-31 18:46:54,539.25
2022-03-31 18:46:59,539.18
2022-03-31 18:47:04,539.12
2022-03-31 18:47:09,539.09
2022-03-31 18:47:14,539.09
2022-03-31 18:47:19,539.02
2022-03-31 18:47:24,538.96
2022-03-31 18:47:29,539.01
2022-03-31 18:47:34,538.95
2022-03-31 18:47:39,538.89
2022-03-31 18:47:44,538.89
2022-03-31 18:47:49,538.82
2022-03-31 18:47:54,538.82
2022-03-31 18:47:59,538.82
2022-03-31 18:48:04,538.82
2022-03-31 18:48:09,538.82
2022-03-31 18:48:14,538.78
2022-03-31 18:48:19,538.78
2022-03-31 18:48:24,538.78
2022-03-31 18:48:29,538.78
2022-03-31 18:48:34,538.78
2022-03-31 18:48:39,538.78
2022-03-31 18:48:44,538.71
2022-03-31 18:48:49,538.65
2022-03-31 18:48:54,538.65
2022-03-31 18:48:59,538.59
2022-03-31 18:49:04,538.65
2022-03-31 18:49:09,538.59
2022-03-31 18:49:14,538.55
2022-03-31 18:49:19,538.58
2022-03-31 18:49:24,538.55
2022-03-31 18:49:29,538.55
2022-03-31 18:49:34,538.55
2022-03-31 18:49:39,538.55
2022-03-31 18:49:44,538.55
2022-03-31 18:49:49,538.55
2022-03-31 18:49:54,538.42
2022-03-31 18:49:59,538.42
2022-03-31 18:50:04,538.42
2022-03-31 18:50:09,538.35
2022-03-31 18:50:14,538.36
2022-03-31 18:50:19,538.29
2022-03-31 18:50:24,538.26
2022-03-31 18:50:29,538.26
2022-03-31 18:50:34,538.26
2022-03-31 18:50:39,538.19
2022-03-31 18:50:44,538.13
2022-03-31 18:50:49,538.13
2022-03-31 18:50:54,538.03
2022-03-31 18:50:59,538.07
2022-03-31 18:51:04,538.03
2022-03-31 18:51:09,537.97
2022-03-31 18:51:14,537.9
2022-03-31 18:51:19,537.84
2022-03-31 18:51:24,537.77
2022-03-31 18:51:29,537.77
2022-03-31 18:51:34,537.74
2022-03-31 18:51:39,537.68
2022-03-31 18:51:44,537.61
2022-03-31 18:51:49,537.61
2022-03-31 18:51:54,537.55
2022-03-31 18:51:59,537.55
2022-03-31 18:52:04,537.45
2022-03-31 18:52:09,537.39
2022-03-31 18:52:14,537.39
2022-03-31 18:52:19,537.32
2022-03-31 18:52:24,537.26
2022-03-31 18:52:29,537.26
2022-03-31 18:52:34,537.26
2022-03-31 18:52:39,537.22
2022-03-31 18:52:44,537.22
2022-03-31 18:52:49,537.09
2022-03-31 18:52:54,537.09
2022-03-31 18:52:59,537.09
2022-03-31 18:53:04,537.03
2022-03-31 18:53:09,537.03
2022-03-31 18:53:14,537.03
2022-03-31 18:53:19,537.03
2022-03-31 18:53:24,536.99
2022-03-31 18:53:29,536.99
2022-03-31 18:53:34,536.99
2022-03-31 18:53:39,536.99
2022-03-31 18:53:44,536.99
2022-03-31 18:53:49,536.99
2022-03-31 18:53:54,537.02
2022-03-31 18:53:59,536.99
2022-03-31 18:54:04,536.99
2022-03-31 18:54:09,536.99
2022-03-31 18:54:14,537.02
2022-03-31 18:54:19,536.99
2022-03-31 18:54:24,536.98
2022-03-31 18:54:29,537.02
2022-03-31 18:54:34,536.98
2022-03-31 18:54:39,537.01
2022-03-31 18:54:44,537.02
2022-03-31 18:54:49,537.01
2022-03-31 18:54:54,537.01
2022-03-31 18:54:59,537.01
2022-03-31 18:55:04,537.08
2022-03-31 18:55:09,537.01
2022-03-31 18:55:14,537.01
2022-03-31 18:55:19,537.07
2022-03-31 18:55:24,537.07
2022-03-31 18:55:29,537.14
2022-03-31 18:55:34,537.13
2022-03-31 18:55:39,537.13
2022-03-31 18:55:44,537.13
2022-03-31 18:55:49,537.19
2022-03-31 18:55:54,537.19
2022-03-31 18:55:59,537.19
2022-03-31 18:56:04,537.23
2022-03-31 18:56:09,537.22
2022-03-31 18:56:14,537.23
2022-03-31 18:56:19,537.29
2022-03-31 18:56:24,537.22
2022-03-31 18:56:29,537.28
2022-03-31 18:56:34,537.28
2022-03-31 18:56:39,537.35
2022-03-31 18:56:44,537.28
2022-03-31 18:56:49,537.34
2022-03-31 18:56:54,537.4
2022-03-31 18:56:59,537.41
2022-03-31 18:57:04,537.4
2022-03-31 18:57:09,537.4
2022-03-31 18:57:14,537.4
2022-03-31 18:57:19,537.47
2022-03-31 18:57:24,537.47
2022-03-31 18:57:29,537.46
2022-03-31 18:57:34,537.46
2022-03-31 18:57:39,537.46
2022-03-31 18:57:44,537.49
2022-03-31 18:57:49,537.49
2022-03-31 18:57:54,537.49
2022-03-31 18:57:59,537.49
2022-03-31 18:58:04,537.49
2022-03-31 18:58:09,537.49
2022-03-31 18:58:14,537.55
2022-03-31 18:58:19,537.55
2022-03-31 18:58:24,537.56
2022-03-31 18:58:29,537.55
2022-03-31 18:58:34,537.55
2022-03-31 18:58:39,537.62
2022-03-31 18:58:44,537.62
2022-03-31 18:58:49,537.62
2022-03-31 18:58:54,537.68
2022-03-31 18:58:59,537.68
2022-03-31 18:59:04,537.68
2022-03-31 18:59:09,537.68
2022-03-31 18:59:14,537.68
2022-03-31 18:59:19,537.68
2022-03-31 18:59:24,537.71
2022-03-31 18:59:29,537.71
2022-03-31 18:59:34,537.71
2022-03-31 18:59:39,537.78
2022-03-31 18:59:44,537.78
2022-03-31 18:59:49,537.71
2022-03-31 18:59:54,537.78
2022-03-31 18:59:59,537.78
2022-03-31 19:00:04,537.84
2022-03-31 19:00:09,537.84
2022-03-31 19:00:14,537.84
2022-03-31 19:00:19,537.84
2022-03-31 19:00:24,537.91
2022-03-31 19:00:29,537.84
2022-03-31 19:00:34,537.9
2022-03-31 19:00:39,537.91
2022-03-31 19:00:44,537.84
2022-03-31 19:00:49,537.9
2022-03-31 19:00:54,537.9
2022-03-31 19:00:59,537.97
2022-03-31 19:01:04,537.9
2022-03-31 19:01:09,537.97
2022-03-31 19:01:14,537.97
2022-03-31 19:01:19,537.97
2022-03-31 19:01:24,537.9
2022-03-31 19:01:29,537.9
2022-03-31 19:01:34,537.97
2022-03-31 19:01:39,537.91
2022-03-31 19:01:44,537.97
2022-03-31 19:01:49,537.97
2022-03-31 19:01:54,537.97
2022-03-31 19:01:59,537.91
2022-03-31 19:02:04,537.9
2022-03-31 19:02:09,537.97
2022-03-31 19:02:14,537.84
2022-03-31 19:02:19,537.9
2022-03-31 19:02:24,537.84
2022-03-31 19:02:29,537.84
2022-03-31 19:02:34,537.84
2022-03-31 19:02:39,537.78
2022-03-31 19:02:44,537.78
2022-03-31 19:02:49,537.71
2022-03-31 19:02:54,537.71
2022-03-31 19:02:59,537.71
2022-03-31 19:03:04,537.62
2022-03-31 19:03:09,537.62
2022-03-31 19:03:14,537.62
2022-03-31 19:03:19,537.55
2022-03-31 19:03:24,537.55
2022-03-31 19:03:29,537.56
2022-03-31 19:03:34,537.49
2022-03-31 19:03:39,537.4
2022-03-31 19:03:44,537.39
2022-03-31 19:03:49,537.33
2022-03-31 19:03:54,537.33
2022-03-31 19:03:59,537.2
2022-03-31 19:04:04,537.2
2022-03-31 19:04:09,537.17
2022-03-31 19:04:14,537.11
2022-03-31 19:04:19,537.11
2022-03-31 19:04:24,537.04
2022-03-31 19:04:29,536.98
2022-03-31 19:04:34,536.95
2022-03-31 19:04:39,536.88
2022-03-31 19:04:44,536.82
2022-03-31 19:04:49,536.75
2022-03-31 19:04:54,536.69
2022-03-31 19:04:59,536.66
2022-03-31 19:05:04,536.59
2022-03-31 19:05:09,536.59
2022-03-31 19:05:14,536.53
2022-03-31 19:05:19,536.46
2022-03-31 19:05:24,536.43
2022-03-31 19:05:29,536.43
2022-03-31 19:05:34,536.37
2022-03-31 19:05:39,536.3
2022-03-31 19:05:44,536.3
2022-03-31 19:05:49,536.24
2022-03-31 19:05:54,536.18
2022-03-31 19:05:59,536.18
2022-03-31 19:06:04,536.17
2022-03-31 19:06:09,536.14
2022-03-31 19:06:14,536.08
2022-03-31 19:06:19,536.08
2022-03-31 19:06:24,536.02
2022-03-31 19:06:29,536.02
2022-03-31 19:06:34,535.95
2022-03-31 19:06:39,535.92
2022-03-31 19:06:44,535.92
2022-03-31 19:06:49,535.92
2022-03-31 19:06:54,535.86
2022-03-31 19:06:59,535.86
2022-03-31 19:07:04,535.73
2022-03-31 19:07:09,535.73
2022-03-31 19:07:14,535.67
2022-03-31 19:07:19,535.67
2022-03-31 19:07:24,535.64
2022-03-31 19:07:29,535.57
2022-03-31 19:07:34,535.51
2022-03-31 19:07:39,535.51
2022-03-31 19:07:44,535.45
2022-03-31 19:07:49,535.45
2022-03-31 19:07:54,535.42
2022-03-31 19:07:59,535.42
2022-03-31 19:08:04,535.29
2022-03-31 19:08:09,535.22
2022-03-31 19:08:14,535.23
2022-03-31 19:08:19,535.16
2022-03-31 19:08:24,535.13
2022-03-31 19:08:29,535.07
2022-03-31 19:08:34,535.07
2022-03-31 19:08:39,534.94
2022-03-31 19:08:44,534.94
2022-03-31 19:08:49,534.91
2022-03-31 19:08:54,534.84
2022-03-31 19:08:59,534.78
2022-03-31 19:09:04,534.72
2022-03-31 19:09:09,534.65
2022-03-31 19:09:14,534.65
2022-03-31 19:09:19,534.62
2022-03-31 19:09:24,534.62
2022-03-31 19:09:29,534.56
2022-03-31 19:09:34,534.49
2022-03-31 19:09:39,534.43
2022-03-31 19:09:44,534.43
2022-03-31 19:09:49,534.4
2022-03-31 19:09:54,534.33
2022-03-31 19:09:59,534.33
2022-03-31 19:10:04,534.27
2022-03-31 19:10:09,534.21
2022-03-31 19:10:14,534.21
2022-03-31 19:10:19,534.14
2022-03-31 19:10:24,534.11
2022-03-31 19:10:29,534.1
2022-03-31 19:10:34,533.98
2022-03-31 19:10:39,533.98
2022-03-31 19:10:44,533.92
2022-03-31 19:10:49,533.88
2022-03-31 19:10:54,533.88
2022-03-31 19:10:59,533.88
2022-03-31 19:11:04,533.82
2022-03-31 19:11:09,533.75
2022-03-31 19:11:14,533.75
2022-03-31 19:11:19,533.75
2022-03-31 19:11:24,533.69
2022-03-31 19:11:29,533.69
2022-03-31 19:11:34,533.69
2022-03-31 19:11:39,533.62
2022-03-31 19:11:44,533.62
2022-03-31 19:11:49,533.59
2022-03-31 19:11:54,533.59
2022-03-31 19:11:59,533.53
2022-03-31 19:12:04,533.52
2022-03-31 19:12:09,533.52
2022-03-31 19:12:14,533.52
2022-03-31 19:12:19,533.46
2022-03-31 19:12:24,533.46
2022-03-31 19:12:29,533.39
2022-03-31 19:12:34,533.39
2022-03-31 19:12:39,533.39
2022-03-31 19:12:44,533.36
2022-03-31 19:12:49,533.29
2022-03-31 19:12:54,533.36
2022-03-31 19:12:59,533.36
2022-03-31 19:13:04,533.29
2022-03-31 19:13:09,533.29
2022-03-31 19:13:14,533.29
2022-03-31 19:13:19,533.23
2022-03-31 19:13:24,533.29
2022-03-31 19:13:29,533.29
2022-03-31 19:13:34,533.23
2022-03-31 19:13:39,533.23
2022-03-31 19:13:44,533.16
2022-03-31 19:13:49,533.16
2022-03-31 19:13:54,533.16
2022-03-31 19:13:59,533.09
2022-03-31 19:14:04,533.06
2022-03-31 19:14:09,533.06
2022-03-31 19:14:14,532.99
2022-03-31 19:14:19,532.93
2022-03-31 19:14:24,532.86
2022-03-31 19:14:29,532.87
2022-03-31 19:14:34,532.83
2022-03-31 19:14:39,532.77
2022-03-31 19:14:44,532.7
2022-03-31 19:14:49,532.64
2022-03-31 19:14:54,532.57
2022-03-31 19:14:59,532.54
2022-03-31 19:15:04,532.54
2022-03-31 19:15:09,532.47
2022-03-31 19:15:14,532.47
2022-03-31 19:15:19,532.41
2022-03-31 19:15:24,532.41
2022-03-31 19:15:29,532.35
2022-03-31 19:15:34,532.35
2022-03-31 19:15:39,532.31
2022-03-31 19:15:44,532.31
2022-03-31 19:15:49,532.31
2022-03-31 19:15:54,532.25
2022-03-31 19:15:59,532.25
2022-03-31 19:16:04,532.25
2022-03-31 19:16:09,532.25
2022-03-31 19:16:14,532.19
2022-03-31 19:16:19,532.12
2022-03-31 19:16:24,532.12
2022-03-31 19:16:29,532.06
2022-03-31 19:16:34,532.06
2022-03-31 19:16:39,532.06
2022-03-31 19:16:44,532.03
2022-03-31 19:16:49,531.96
2022-03-31 19:16:54,531.96
2022-03-31 19:16:59,531.96
2022-03-31 19:17:04,531.9
2022-03-31 19:17:09,531.9
2022-03-31 19:17:14,531.9
2022-03-31 19:17:19,531.9
2022-03-31 19:17:24,531.83
2022-03-31 19:17:29,531.84
2022-03-31 19:17:34,531.84
2022-03-31 19:17:39,531.84
2022-03-31 19:17:44,531.81
2022-03-31 19:17:49,531.8
2022-03-31 19:17:54,531.74
2022-03-31 19:17:59,531.81
2022-03-31 19:18:04,531.81
2022-03-31 19:18:09,531.74
2022-03-31 19:18:14,531.74
2022-03-31 19:18:19,531.74
2022-03-31 19:18:24,531.74
2022-03-31 19:18:29,531.74
2022-03-31 19:18:34,531.74
2022-03-31 19:18:39,531.74
2022-03-31 19:18:44,531.74
2022-03-31 19:18:49,531.74
2022-03-31 19:18:54,531.74
2022-03-31 19:18:59,531.74
2022-03-31 19:19:04,531.74
2022-03-31 19:19:09,531.68
2022-03-31 19:19:14,531.68
2022-03-31 19:19:19,531.68
2022-03-31 19:19:24,531.68
2022-03-31 19:19:29,531.61
2022-03-31 19:19:34,531.61
2022-03-31 19:19:39,531.62
2022-03-31 19:19:44,531.55
2022-03-31 19:19:49,531.55
2022-03-31 19:19:54,531.55
2022-03-31 19:19:59,531.52
2022-03-31 19:20:04,531.51
2022-03-31 19:20:09,531.52
2022-03-31 19:20:14,531.51
2022-03-31 19:20:19,531.51
2022-03-31 19:20:24,531.45
2022-03-31 19:20:29,531.45
2022-03-31 19:20:34,531.45
2022-03-31 19:20:39,531.45
2022-03-31 19:20:44,531.45
2022-03-31 19:20:49,531.39
2022-03-31 19:20:54,531.38
2022-03-31 19:20:59,531.45
2022-03-31 19:21:04,531.38
2022-03-31 19:21:09,531.32
2022-03-31 19:21:14,531.38
2022-03-31 19:21:19,531.32
2022-03-31 19:21:24,531.32
2022-03-31 19:21:29,531.38
2022-03-31 19:21:34,531.31
2022-03-31 19:21:39,531.38
2022-03-31 19:21:44,531.31
2022-03-31 19:21:49,531.31
2022-03-31 19:21:54,531.31
2022-03-31 19:21:59,531.38
2022-03-31 19:22:04,531.31
2022-03-31 19:22:09,531.38
2022-03-31 19:22:14,531.37
2022-03-31 19:22:19,531.44
2022-03-31 19:22:24,531.44
2022-03-31 19:22:29,531.44
2022-03-31 19:22:34,531.44
2022-03-31 19:22:39,531.5
2022-03-31 19:22:44,531.5
2022-03-31 19:22:49,531.43
2022-03-31 19:22:54,531.5
2022-03-31 19:22:59,531.49
2022-03-31 19:23:04,537.71
2022-03-31 19:23:09,531.5
2022-03-31 19:23:14,531.5
2022-03-31 19:23:19,531.5
2022-03-31 19:23:24,531.49
2022-03-31 19:23:29,531.52
2022-03-31 19:23:34,531.52
2022-03-31 19:23:39,531.52
2022-03-31 19:23:44,531.59
2022-03-31 19:23:49,531.58
2022-03-31 19:23:54,531.52
2022-03-31 19:23:59,531.58
2022-03-31 19:24:04,531.65
2022-03-31 19:24:09,531.65
2022-03-31 19:24:14,531.65
2022-03-31 19:24:19,531.64
2022-03-31 19:24:24,531.71
2022-03-31 19:24:29,531.71
2022-03-31 19:24:34,531.77
2022-03-31 19:24:39,531.77
2022-03-31 19:24:44,531.8
2022-03-31 19:24:49,531.8
2022-03-31 19:24:54,531.8
2022-03-31 19:24:59,531.8
2022-03-31 19:25:04,531.8
2022-03-31 19:25:09,531.8
2022-03-31 19:25:14,531.8
2022-03-31 19:25:19,531.8
2022-03-31 19:25:24,531.8
2022-03-31 19:25:29,531.86
2022-03-31 19:25:34,531.8
2022-03-31 19:25:39,537.71
2022-03-31 19:25:44,531.93
2022-03-31 19:25:49,531.86
2022-03-31 19:25:54,531.93
2022-03-31 19:25:59,531.93
2022-03-31 19:26:04,531.99
2022-03-31 19:26:09,531.93
2022-03-31 19:26:14,531.93
2022-03-31 19:26:19,531.93
2022-03-31 19:26:24,531.99
2022-03-31 19:26:29,531.93
2022-03-31 19:26:34,531.93
2022-03-31 19:26:39,531.99
2022-03-31 19:26:44,531.93
2022-03-31 19:26:49,531.86
2022-03-31 19:26:54,531.86
2022-03-31 19:26:59,531.86
2022-03-31 19:27:04,531.8
2022-03-31 19:27:09,531.8
2022-03-31 19:27:14,531.77
2022-03-31 19:27:19,531.77
2022-03-31 19:27:24,531.7
2022-03-31 19:27:29,531.7
2022-03-31 19:27:34,531.64
2022-03-31 19:27:39,531.64
2022-03-31 19:27:44,531.58
2022-03-31 19:27:49,531.58
2022-03-31 19:27:54,531.58
2022-03-31 19:27:59,531.58
2022-03-31 19:28:04,531.58
2022-03-31 19:28:09,531.51
2022-03-31 19:28:14,531.51
2022-03-31 19:28:19,531.48
2022-03-31 19:28:24,531.42
2022-03-31 19:28:29,531.48
2022-03-31 19:28:34,531.42
2022-03-31 19:28:39,531.42
2022-03-31 19:28:44,531.35
2022-03-31 19:28:49,531.35
2022-03-31 19:28:54,531.29
2022-03-31 19:28:59,531.29
2022-03-31 19:29:04,531.26
2022-03-31 19:29:09,531.26
2022-03-31 19:29:14,531.2
2022-03-31 19:29:19,531.13
2022-03-31 19:29:24,531.13
2022-03-31 19:29:29,531.13
2022-03-31 19:29:34,531.07
2022-03-31 19:29:39,531.07
2022-03-31 19:29:44,531.0
2022-03-31 19:29:49,531.0
2022-03-31 19:29:54,530.97
2022-03-31 19:29:59,530.91
2022-03-31 19:30:04,530.78
2022-03-31 19:30:09,530.78
2022-03-31 19:30:14,530.75
2022-03-31 19:30:19,530.75
2022-03-31 19:30:24,530.68
2022-03-31 19:30:29,530.62
2022-03-31 19:30:34,530.62
2022-03-31 19:30:39,530.49
2022-03-31 19:30:44,530.46
2022-03-31 19:30:49,530.46
2022-03-31 19:30:54,530.33
2022-03-31 19:30:59,530.33
2022-03-31 19:31:04,530.27
2022-03-31 19:31:09,530.24
2022-03-31 19:31:14,530.17
2022-03-31 19:31:19,530.11
2022-03-31 19:31:24,530.04
2022-03-31 19:31:29,529.98
2022-03-31 19:31:34,529.95
2022-03-31 19:31:39,529.89
2022-03-31 19:31:44,529.82
2022-03-31 19:31:49,529.76
2022-03-31 19:31:54,529.76
2022-03-31 19:31:59,529.66
2022-03-31 19:32:04,529.66
2022-03-31 19:32:09,529.6
2022-03-31 19:32:14,529.53
2022-03-31 19:32:19,529.47
2022-03-31 19:32:24,529.44
2022-03-31 19:32:29,529.44
2022-03-31 19:32:34,529.37
2022-03-31 19:32:39,529.37
2022-03-31 19:32:44,529.37
2022-03-31 19:32:49,529.31
2022-03-31 19:32:54,537.71
2022-03-31 19:32:59,529.21
2022-03-31 19:33:04,529.22
2022-03-31 19:33:09,529.15
2022-03-31 19:33:14,529.15
2022-03-31 19:33:19,529.09
2022-03-31 19:33:24,529.03
2022-03-31 19:33:29,529.02
2022-03-31 19:33:34,529.03
2022-03-31 19:33:39,529.03
2022-03-31 19:33:44,528.96
2022-03-31 19:33:49,528.93
2022-03-31 19:33:54,528.96
2022-03-31 19:33:59,528.96
2022-03-31 19:34:04,528.96
2022-03-31 19:34:09,528.93
2022-03-31 19:34:14,528.93
2022-03-31 19:34:19,528.93
2022-03-31 19:34:24,528.94
2022-03-31 19:34:29,528.94
2022-03-31 19:34:34,528.94
2022-03-31 19:34:39,528.97
2022-03-31 19:34:44,528.94
2022-03-31 19:34:49,528.97
2022-03-31 19:34:54,537.71
2022-03-31 19:34:59,528.97
2022-03-31 19:35:04,528.97
2022-03-31 19:35:09,529.04
2022-03-31 19:35:14,529.04
2022-03-31 19:35:19,529.1
2022-03-31 19:35:24,529.17
2022-03-31 19:35:29,529.17
2022-03-31 19:35:34,529.17
2022-03-31 19:35:39,529.27
2022-03-31 19:35:44,529.27
2022-03-31 19:35:49,529.33
2022-03-31 19:35:54,529.4
2022-03-31 19:35:59,529.4
2022-03-31 19:36:04,529.47
2022-03-31 19:36:09,529.5
2022-03-31 19:36:14,529.56
2022-03-31 19:36:19,529.63
2022-03-31 19:36:24,529.69
2022-03-31 19:36:29,529.76
2022-03-31 19:36:34,529.79
2022-03-31 19:36:39,529.86
2022-03-31 19:36:44,529.92
2022-03-31 19:36:49,529.92
2022-03-31 19:36:54,530.02
2022-03-31 19:36:59,530.08
2022-03-31 19:37:04,530.15
2022-03-31 19:37:09,530.21
2022-03-31 19:37:14,530.27
2022-03-31 19:37:19,530.37
2022-03-31 19:37:24,530.44
2022-03-31 19:37:29,530.5
2022-03-31 19:37:34,530.53
2022-03-31 19:37:39,530.66
2022-03-31 19:37:44,530.66
2022-03-31 19:37:49,530.73
2022-03-31 19:37:54,530.82
2022-03-31 19:37:59,530.89
2022-03-31 19:38:04,530.95
2022-03-31 19:38:09,531.02
2022-03-31 19:38:14,531.05
2022-03-31 19:38:19,531.11
2022-03-31 19:38:24,531.18
2022-03-31 19:38:29,531.31
2022-03-31 19:38:34,531.3
2022-03-31 19:38:39,531.34
2022-03-31 19:38:44,531.4
2022-03-31 19:38:49,531.47
2022-03-31 19:38:54,531.47
2022-03-31 19:38:59,531.53
2022-03-31 19:39:04,531.56
2022-03-31 19:39:09,531.63
2022-03-31 19:39:14,531.62
2022-03-31 19:39:19,531.69
2022-03-31 19:39:24,531.76
2022-03-31 19:39:29,531.76
2022-03-31 19:39:34,531.75
2022-03-31 19:39:39,531.85
2022-03-31 19:39:44,531.82
2022-03-31 19:39:49,531.85
2022-03-31 19:39:54,531.85
2022-03-31 19:39:59,531.85
2022-03-31 19:40:04,531.91
2022-03-31 19:40:09,531.98
2022-03-31 19:40:14,531.98
2022-03-31 19:40:19,532.04
2022-03-31 19:40:24,532.04
2022-03-31 19:40:29,532.04
2022-03-31 19:40:34,532.04
2022-03-31 19:40:39,532.04
2022-03-31 19:40:44,532.04
2022-03-31 19:40:49,532.04
2022-03-31 19:40:54,532.04
2022-03-31 19:40:59,532.04
2022-03-31 19:41:04,532.04
2022-03-31 19:41:09,532.07
2022-03-31 19:41:14,532.07
2022-03-31 19:41:19,532.07
2022-03-31 19:41:24,532.07
2022-03-31 19:41:29,532.07
2022-03-31 19:41:34,532.13
2022-03-31 19:41:39,532.07
2022-03-31 19:41:44,532.13
2022-03-31 19:41:49,532.13
2022-03-31 19:41:54,532.19
2022-03-31 19:41:59,532.19
2022-03-31 19:42:04,532.19
2022-03-31 19:42:09,532.26
2022-03-31 19:42:14,532.26
2022-03-31 19:42:19,532.32
2022-03-31 19:42:24,532.32
2022-03-31 19:42:29,532.35
2022-03-31 19:42:34,532.42
2022-03-31 19:42:39,532.48
2022-03-31 19:42:44,532.55
2022-03-31 19:42:49,532.58
2022-03-31 19:42:54,532.64
2022-03-31 19:42:59,532.71
2022-03-31 19:43:04,532.77
2022-03-31 19:43:09,532.87
2022-03-31 19:43:14,532.87
2022-03-31 19:43:19,533.0
2022-03-31 19:43:24,533.1
2022-03-31 19:43:29,533.1
2022-03-31 19:43:34,533.22
2022-03-31 19:43:39,533.29
2022-03-31 19:43:44,533.39
2022-03-31 19:43:49,533.51
2022-03-31 19:43:54,533.51
2022-03-31 19:43:59,533.61
2022-03-31 19:44:04,533.68
2022-03-31 19:44:09,533.74
2022-03-31 19:44:14,533.81
2022-03-31 19:44:19,533.87
2022-03-31 19:44:24,533.91
2022-03-31 19:44:29,534.03
2022-03-31 19:44:34,534.1
2022-03-31 19:44:39,534.13
2022-03-31 19:44:44,534.2
2022-03-31 19:44:49,534.26
2022-03-31 19:44:54,534.39
2022-03-31 19:44:59,534.42
2022-03-31 19:45:04,534.48
2022-03-31 19:45:09,534.55
2022-03-31 19:45:14,534.61
2022-03-31 19:45:19,534.65
2022-03-31 19:45:24,534.78
2022-03-31 19:45:29,534.78
2022-03-31 19:45:34,534.84
2022-03-31 19:45:39,534.9
2022-03-31 19:45:44,534.94
2022-03-31 19:45:49,535.0
2022-03-31 19:45:54,535.07
2022-03-31 19:45:59,535.13
2022-03-31 19:46:04,535.16
2022-03-31 19:46:09,535.23
2022-03-31 19:46:14,535.29
2022-03-31 19:46:19,535.36
2022-03-31 19:46:24,535.42
2022-03-31 19:46:29,535.45
2022-03-31 19:46:34,535.52
2022-03-31 19:46:39,535.52
2022-03-31 19:46:44,535.58
2022-03-31 19:46:49,535.65
2022-03-31 19:46:54,535.65
2022-03-31 19:46:59,535.67
2022-03-31 19:47:04,535.67
2022-03-31 19:47:09,535.74
2022-03-31 19:47:14,535.8
2022-03-31 19:47:19,535.81
2022-03-31 19:47:24,535.87
2022-03-31 19:47:29,535.87
2022-03-31 19:47:34,535.93
2022-03-31 19:47:39,535.97
2022-03-31 19:47:44,535.96
2022-03-31 19:47:49,536.03
2022-03-31 19:47:54,536.03
2022-03-31 19:47:59,536.09
2022-03-31 19:48:04,536.09
2022-03-31 19:48:09,536.09
2022-03-31 19:48:14,536.19
2022-03-31 19:48:19,536.15
2022-03-31 19:48:24,536.19
2022-03-31 19:48:29,536.15
2022-03-31 19:48:34,536.18
2022-03-31 19:48:39,536.18
2022-03-31 19:48:44,536.25
2022-03-31 19:48:49,536.25
2022-03-31 19:48:54,536.25
2022-03-31 19:48:59,536.25
2022-03-31 19:49:04,536.24
2022-03-31 19:49:09,536.24
2022-03-31 19:49:14,536.24
2022-03-31 19:49:19,536.24
2022-03-31 19:49:24,536.24
2022-03-31 19:49:29,536.3
2022-03-31 19:49:34,536.24
2022-03-31 19:49:39,536.3
2022-03-31 19:49:44,536.24
2022-03-31 19:49:49,536.3
2022-03-31 19:49:54,536.24
2022-03-31 19:49:59,536.3
2022-03-31 19:50:04,536.3
2022-03-31 19:50:09,536.3
2022-03-31 19:50:14,536.3
2022-03-31 19:50:19,536.3
2022-03-31 19:50:24,536.29
2022-03-31 19:50:29,536.29
2022-03-31 19:50:34,536.29
2022-03-31 19:50:39,536.29
2022-03-31 19:50:44,536.35
2022-03-31 19:50:49,536.35
2022-03-31 19:50:54,536.35
2022-03-31 19:50:59,536.41
2022-03-31 19:51:04,536.41
2022-03-31 19:51:09,536.41
2022-03-31 19:51:14,536.41
2022-03-31 19:51:19,536.44
2022-03-31 19:51:24,536.44
2022-03-31 19:51:29,536.44
2022-03-31 19:51:34,536.44
2022-03-31 19:51:39,536.44
2022-03-31 19:51:44,536.44
2022-03-31 19:51:49,536.44
2022-03-31 19:51:54,536.44
2022-03-31 19:51:59,536.44
2022-03-31 19:52:04,536.44
2022-03-31 19:52:09,536.44
2022-03-31 19:52:14,536.44
2022-03-31 19:52:19,536.44
2022-03-31 19:52:24,536.41
2022-03-31 19:52:29,536.41
2022-03-31 19:52:34,536.34
2022-03-31 19:52:39,536.34
2022-03-31 19:52:44,536.34
2022-03-31 19:52:49,536.28
2022-03-31 19:52:54,536.22
2022-03-31 19:52:59,536.22
2022-03-31 19:53:04,536.15
2022-03-31 19:53:09,536.15
2022-03-31 19:53:14,536.12
2022-03-31 19:53:19,536.12
2022-03-31 19:53:24,536.05
2022-03-31 19:53:29,536.05
2022-03-31 19:53:34,536.05
2022-03-31 19:53:39,535.99
2022-03-31 19:53:44,535.93
2022-03-31 19:53:49,535.99
2022-03-31 19:53:54,535.93
2022-03-31 19:53:59,535.9
2022-03-31 19:54:04,535.93
2022-03-31 19:54:09,535.9
2022-03-31 19:54:14,535.9
2022-03-31 19:54:19,535.9
2022-03-31 19:54:24,535.9
2022-03-31 19:54:29,535.83
2022-03-31 19:54:34,535.83
2022-03-31 19:54:39,535.77
2022-03-31 19:54:44,535.7
2022-03-31 19:54:49,535.7
2022-03-31 19:54:54,535.64
2022-03-31 19:54:59,535.61
2022-03-31 19:55:04,535.64
2022-03-31 19:55:09,535.61
2022-03-31 19:55:14,535.61
2022-03-31 19:55:19,535.54
2022-03-31 19:55:24,535.48
2022-03-31 19:55:29,535.48
2022-03-31 19:55:34,535.48
2022-03-31 19:55:39,535.42
2022-03-31 19:55:44,535.38
2022-03-31 19:55:49,535.38
2022-03-31 19:55:54,535.38
2022-03-31 19:55:59,535.32
2022-03-31 19:56:04,535.38
2022-03-31 19:56:09,535.26
2022-03-31 19:56:14,535.32
2022-03-31 19:56:19,535.32
2022-03-31 19:56:24,535.26
2022-03-31 19:56:29,535.26
2022-03-31 19:56:34,535.26
2022-03-31 19:56:39,535.19
2022-03-31 19:56:44,535.26
2022-03-31 19:56:49,535.26
2022-03-31 19:56:54,535.19
2022-03-31 19:56:59,535.19
2022-03-31 19:57:04,535.19
2022-03-31 19:57:09,535.13
2022-03-31 19:57:14,535.1
2022-03-31 19:57:19,535.1
2022-03-31 19:57:24,535.1
2022-03-31 19:57:29,535.1
2022-03-31 19:57:34,535.1
2022-03-31 19:57:39,535.1
2022-03-31 19:57:44,535.04
2022-03-31 19:57:49,534.97
2022-03-31 19:57:54,534.97
2022-03-31 19:57:59,534.97
2022-03-31 19:58:04,534.91
2022-03-31 19:58:09,534.91
2022-03-31 19:58:14,534.91
2022-03-31 19:58:19,534.91
2022-03-31 19:58:24,534.91
2022-03-31 19:58:29,534.88
2022-03-31 19:58:34,534.88
2022-03-31 19:58:39,534.88
2022-03-31 19:58:44,534.81
2022-03-31 19:58:49,534.88
2022-03-31 19:58:54,534.81
2022-03-31 19:58:59,534.81
2022-03-31 19:59:04,534.75
2022-03-31 19:59:09,534.76
2022-03-31 19:59:14,534.82
2022-03-31 19:59:19,534.75
2022-03-31 19:59:24,534.69
2022-03-31 19:59:29,534.69
2022-03-31 19:59:34,534.69
2022-03-31 19:59:39,534.69
2022-03-31 19:59:44,534.69
2022-03-31 19:59:49,534.63
2022-03-31 19:59:54,534.6
2022-03-31 19:59:59,534.6
2022-03-31 20:00:04,534.53
2022-03-31 20:00:09,534.53
2022-03-31 20:00:14,534.47
2022-03-31 20:00:19,534.4
2022-03-31 20:00:24,534.38
2022-03-31 20:00:29,534.37
2022-03-31 20:00:34,534.31
2022-03-31 20:00:39,534.31
2022-03-31 20:00:44,534.25
2022-03-31 20:00:49,534.18
2022-03-31 20:00:54,534.18
2022-03-31 20:00:59,534.12
2022-03-31 20:01:04,534.09
2022-03-31 20:01:09,534.03
2022-03-31 20:01:14,534.09
2022-03-31 20:01:19,533.96
2022-03-31 20:01:24,534.03
2022-03-31 20:01:29,533.97
2022-03-31 20:01:34,533.97
2022-03-31 20:01:39,533.9
2022-03-31 20:01:44,533.9
2022-03-31 20:01:49,533.9
2022-03-31 20:01:54,533.97
2022-03-31 20:01:59,533.97
2022-03-31 20:02:04,534.03
2022-03-31 20:02:09,533.97
2022-03-31 20:02:14,533.97
2022-03-31 20:02:19,533.97
2022-03-31 20:02:24,534.04
2022-03-31 20:02:29,534.04
2022-03-31 20:02:34,534.04
2022-03-31 20:02:39,534.1
2022-03-31 20:02:44,534.1
2022-03-31 20:02:49,534.1
2022-03-31 20:02:54,534.11
2022-03-31 20:02:59,534.14
2022-03-31 20:03:04,534.14
2022-03-31 20:03:09,534.2
2022-03-31 20:03:14,534.2
2022-03-31 20:03:19,534.27
2022-03-31 20:03:24,534.33
2022-03-31 20:03:29,534.33
2022-03-31 20:03:34,534.4
2022-03-31 20:03:39,534.43
2022-03-31 20:03:44,534.5
2022-03-31 20:03:49,534.5
2022-03-31 20:03:54,534.66
2022-03-31 20:03:59,534.66
2022-03-31 20:04:04,534.72
2022-03-31 20:04:09,534.79
2022-03-31 20:04:14,534.85
2022-03-31 20:04:19,534.92
2022-03-31 20:04:24,534.95
2022-03-31 20:04:29,535.01
2022-03-31 20:04:34,535.08
2022-03-31 20:04:39,535.14
2022-03-31 20:04:44,535.24
2022-03-31 20:04:49,535.3
2022-03-31 20:04:54,535.37
2022-03-31 20:04:59,535.46
2022-03-31 20:05:04,535.53
2022-03-31 20:05:09,535.65
2022-03-31 20:05:14,535.69
2022-03-31 20:05:19,535.75
2022-03-31 20:05:24,535.82
2022-03-31 20:05:29,535.94
2022-03-31 20:05:34,536.04
2022-03-31 20:05:39,536.1
2022-03-31 20:05:44,536.2
2022-03-31 20:05:49,536.26
2022-03-31 20:05:54,536.33
2022-03-31 20:05:59,536.39
2022-03-31 20:06:04,536.49
2022-03-31 20:06:09,536.55
2022-03-31 20:06:14,536.68
2022-03-31 20:06:19,536.78
2022-03-31 20:06:24,536.91
2022-03-31 20:06:29,536.97
2022-03-31 20:06:34,537.07
2022-03-31 20:06:39,537.19
2022-03-31 20:06:44,537.23
2022-03-31 20:06:49,537.35
2022-03-31 20:06:54,537.48
2022-03-31 20:06:59,537.51
2022-03-31 20:07:04,537.64
2022-03-31 20:07:09,537.74
2022-03-31 20:07:14,537.74
2022-03-31 20:07:19,537.93
2022-03-31 20:07:24,537.99
2022-03-31 20:07:29,538.02
2022-03-31 20:07:34,538.15
2022-03-31 20:07:39,538.22
2022-03-31 20:07:44,538.25
2022-03-31 20:07:49,538.25
2022-03-31 20:07:54,538.38
2022-03-31 20:07:59,538.44
2022-03-31 20:08:04,538.5
2022-03-31 20:08:09,538.54
2022-03-31 20:08:14,538.54
2022-03-31 20:08:19,537.71
2022-03-31 20:08:24,538.6
2022-03-31 20:08:29,538.6
2022-03-31 20:08:34,538.54
2022-03-31 20:08:39,538.66
2022-03-31 20:08:44,538.6
2022-03-31 20:08:49,538.54
2022-03-31 20:08:54,538.6
2022-03-31 20:08:59,538.53
2022-03-31 20:09:04,538.53
2022-03-31 20:09:09,538.6
2022-03-31 20:09:14,538.53
2022-03-31 20:09:19,538.5
2022-03-31 20:09:24,538.5
2022-03-31 20:09:29,538.5
2022-03-31 20:09:34,538.37
2022-03-31 20:09:39,538.31
2022-03-31 20:09:44,538.31
2022-03-31 20:09:49,538.24
2022-03-31 20:09:54,538.24
2022-03-31 20:09:59,538.15
2022-03-31 20:10:04,538.08
2022-03-31 20:10:09,538.02
2022-03-31 20:10:14,537.98
2022-03-31 20:10:19,537.86
2022-03-31 20:10:24,537.79
2022-03-31 20:10:29,537.79
2022-03-31 20:10:34,537.7
2022-03-31 20:10:39,537.57
2022-03-31 20:10:44,537.5
2022-03-31 20:10:49,537.41
2022-03-31 20:10:54,537.34
2022-03-31 20:10:59,537.22
2022-03-31 20:11:04,537.18
2022-03-31 20:11:09,537.05
2022-03-31 20:11:14,536.99
2022-03-31 20:11:19,536.89
2022-03-31 20:11:24,536.83
2022-03-31 20:11:29,536.7
2022-03-31 20:11:34,536.67
2022-03-31 20:11:39,536.6
2022-03-31 20:11:44,536.48
2022-03-31 20:11:49,536.38
2022-03-31 20:11:54,536.32
2022-03-31 20:11:59,536.19
2022-03-31 20:12:04,536.15
2022-03-31 20:12:09,536.03
2022-03-31 20:12:14,535.93
2022-03-31 20:12:19,535.86
2022-03-31 20:12:24,535.73
2022-03-31 20:12:29,535.67
2022-03-31 20:12:34,535.64
2022-03-31 20:12:39,535.51
2022-03-31 20:12:44,535.41
2022-03-31 20:12:49,535.35
2022-03-31 20:12:54,535.29
2022-03-31 20:12:59,535.16
2022-03-31 20:13:04,535.12
2022-03-31 20:13:09,535.0
2022-03-31 20:13:14,534.9
2022-03-31 20:13:19,534.77
2022-03-31 20:13:24,534.71
2022-03-31 20:13:29,534.54
2022-03-31 20:13:34,534.48
2022-03-31 20:13:39,534.38
2022-03-31 20:13:44,534.25
2022-03-31 20:13:49,534.12
2022-03-31 20:13:54,534.09
2022-03-31 20:13:59,533.96
2022-03-31 20:14:04,533.87
2022-03-31 20:14:09,533.67
2022-03-31 20:14:14,533.6
2022-03-31 20:14:19,533.44
2022-03-31 20:14:24,533.34
2022-03-31 20:14:29,533.22
2022-03-31 20:14:34,533.15
2022-03-31 20:14:39,533.05
2022-03-31 20:14:44,532.86
2022-03-31 20:14:49,532.77
2022-03-31 20:14:54,532.64
2022-03-31 20:14:59,532.54
2022-03-31 20:15:04,532.41
2022-03-31 20:15:09,532.31
2022-03-31 20:15:14,532.18
2022-03-31 20:15:19,532.12
2022-03-31 20:15:24,531.95
2022-03-31 20:15:29,531.89
2022-03-31 20:15:34,531.82
2022-03-31 20:15:39,531.66
2022-03-31 20:15:44,531.6
2022-03-31 20:15:49,531.5
2022-03-31 20:15:54,531.37
2022-03-31 20:15:59,531.3
2022-03-31 20:16:04,531.21
2022-03-31 20:16:09,531.08
2022-03-31 20:16:14,530.98
2022-03-31 20:16:19,530.92
2022-03-31 20:16:24,530.79
2022-03-31 20:16:29,530.75
2022-03-31 20:16:34,530.62
2022-03-31 20:16:39,530.62
2022-03-31 20:16:44,530.49
2022-03-31 20:16:49,530.46
2022-03-31 20:16:54,530.33
2022-03-31 20:16:59,530.26
2022-03-31 20:17:04,530.17
2022-03-31 20:17:09,530.16
2022-03-31 20:17:14,530.03
2022-03-31 20:17:19,529.97
2022-03-31 20:17:24,529.94
2022-03-31 20:17:29,529.87
2022-03-31 20:17:34,529.8
2022-03-31 20:17:39,529.74
2022-03-31 20:17:44,529.64
2022-03-31 20:17:49,529.58
2022-03-31 20:17:54,529.51
2022-03-31 20:17:59,529.45
2022-03-31 20:18:04,529.41
2022-03-31 20:18:09,529.35
2022-03-31 20:18:14,529.22
2022-03-31 20:18:19,529.19
2022-03-31 20:18:24,529.12
2022-03-31 20:18:29,529.06
2022-03-31 20:18:34,528.99
2022-03-31 20:18:39,528.93
2022-03-31 20:18:44,528.9
2022-03-31 20:18:49,528.9
2022-03-31 20:18:54,528.77
2022-03-31 20:18:59,528.7
2022-03-31 20:19:04,528.7
2022-03-31 20:19:09,537.71
2022-03-31 20:19:14,528.6
2022-03-31 20:19:19,528.6
2022-03-31 20:19:24,528.54
2022-03-31 20:19:29,528.47
2022-03-31 20:19:34,528.48
2022-03-31 20:19:39,528.41
2022-03-31 20:19:44,528.41
2022-03-31 20:19:49,528.41
2022-03-31 20:19:54,528.41
2022-03-31 20:19:59,528.41
2022-03-31 20:20:04,528.38
2022-03-31 20:20:09,537.71
2022-03-31 20:20:14,528.41
2022-03-31 20:20:19,528.41
2022-03-31 20:20:24,528.41
2022-03-31 20:20:29,528.48
2022-03-31 20:20:34,528.41
2022-03-31 20:20:39,528.48
2022-03-31 20:20:44,528.54
2022-03-31 20:20:49,528.6
2022-03-31 20:20:54,528.67
2022-03-31 20:20:59,528.67
2022-03-31 20:21:04,528.7
2022-03-31 20:21:09,528.77
2022-03-31 20:21:14,528.83
2022-03-31 20:21:19,528.89
2022-03-31 20:21:24,528.99
2022-03-31 20:21:29,529.06
2022-03-31 20:21:34,529.12
2022-03-31 20:21:39,529.28
2022-03-31 20:21:44,529.35
2022-03-31 20:21:49,529.41
2022-03-31 20:21:54,529.57
2022-03-31 20:21:59,529.64
2022-03-31 20:22:04,529.73
2022-03-31 20:22:09,529.86
2022-03-31 20:22:14,529.96
2022-03-31 20:22:19,530.09
2022-03-31 20:22:24,530.22
2022-03-31 20:22:29,530.31
2022-03-31 20:22:34,530.44
2022-03-31 20:22:39,530.54
2022-03-31 20:22:44,530.73
2022-03-31 20:22:49,530.83
2022-03-31 20:22:54,530.96
2022-03-31 20:22:59,531.06
2022-03-31 20:23:04,531.25
2022-03-31 20:23:09,531.28
2022-03-31 20:23:14,531.48
2022-03-31 20:23:19,531.57
2022-03-31 20:23:24,531.7
2022-03-31 20:23:29,531.86
2022-03-31 20:23:34,531.99
2022-03-31 20:23:39,532.15
2022-03-31 20:23:44,532.22
2022-03-31 20:23:49,532.38
2022-03-31 20:23:54,532.51
2022-03-31 20:23:59,532.67
2022-03-31 20:24:04,532.8
2022-03-31 20:24:09,532.96
2022-03-31 20:24:14,533.06
2022-03-31 20:24:19,533.19
2022-03-31 20:24:24,533.31
2022-03-31 20:24:29,533.48
2022-03-31 20:24:34,533.57
2022-03-31 20:24:39,533.7
2022-03-31 20:24:44,533.83
2022-03-31 20:24:49,533.99
2022-03-31 20:24:54,534.06
2022-03-31 20:24:59,534.15
2022-03-31 20:25:04,534.28
2022-03-31 20:25:09,534.38
2022-03-31 20:25:14,534.44
2022-03-31 20:25:19,534.57
2022-03-31 20:25:24,534.74
2022-03-31 20:25:29,534.86
2022-03-31 20:25:34,534.87
2022-03-31 20:25:39,534.96
2022-03-31 20:25:44,535.09
2022-03-31 20:25:49,535.19
2022-03-31 20:25:54,535.25
2022-03-31 20:25:59,535.32
2022-03-31 20:26:04,535.41
2022-03-31 20:26:09,535.54
2022-03-31 20:26:14,535.64
2022-03-31 20:26:19,535.64
2022-03-31 20:26:24,535.83
2022-03-31 20:26:29,535.9
2022-03-31 20:26:34,535.99
2022-03-31 20:26:39,536.12
2022-03-31 20:26:44,536.16
2022-03-31 20:26:49,536.29
2022-03-31 20:26:54,536.41
2022-03-31 20:26:59,536.45
2022-03-31 20:27:04,536.51
2022-03-31 20:27:09,536.64
2022-03-31 20:27:14,536.74
2022-03-31 20:27:19,536.87
2022-03-31 20:27:24,536.93
2022-03-31 20:27:29,537.03
2022-03-31 20:27:34,537.16
2022-03-31 20:27:39,537.19
2022-03-31 20:27:44,537.32
2022-03-31 20:27:49,537.45
2022-03-31 20:27:54,537.49
2022-03-31 20:27:59,537.62
2022-03-31 20:28:04,537.71
2022-03-31 20:28:09,537.78
2022-03-31 20:28:14,537.91
2022-03-31 20:28:19,537.97
2022-03-31 20:28:24,538.07
2022-03-31 20:28:29,538.2
2022-03-31 20:28:34,538.29
2022-03-31 20:28:39,538.36
2022-03-31 20:28:44,538.43
2022-03-31 20:28:49,538.49
2022-03-31 20:28:54,538.53
2022-03-31 20:28:59,538.59
2022-03-31 20:29:04,538.66
2022-03-31 20:29:09,538.72
2022-03-31 20:29:14,538.75
2022-03-31 20:29:19,538.82
2022-03-31 20:29:24,538.88
2022-03-31 20:29:29,538.95
2022-03-31 20:29:34,539.01
2022-03-31 20:29:39,539.01
2022-03-31 20:29:44,539.04
2022-03-31 20:29:49,539.11
2022-03-31 20:29:54,539.18
2022-03-31 20:29:59,539.17
2022-03-31 20:30:04,539.24
2022-03-31 20:30:09,539.24
2022-03-31 20:30:14,539.34
2022-03-31 20:30:19,539.34
2022-03-31 20:30:24,539.4
2022-03-31 20:30:29,539.47
2022-03-31 20:30:34,539.47
2022-03-31 20:30:39,539.53
2022-03-31 20:30:44,539.56
2022-03-31 20:30:49,539.63
2022-03-31 20:30:54,539.63
2022-03-31 20:30:59,539.69
2022-03-31 20:31:04,539.76
2022-03-31 20:31:09,539.76
2022-03-31 20:31:14,539.79
2022-03-31 20:31:19,539.79
2022-03-31 20:31:24,539.85
2022-03-31 20:31:29,539.92
2022-03-31 20:31:34,539.92
2022-03-31 20:31:39,539.98
2022-03-31 20:31:44,539.98
2022-03-31 20:31:49,540.04
2022-03-31 20:31:54,540.04
2022-03-31 20:31:59,540.04
2022-03-31 20:32:04,540.08
2022-03-31 20:32:09,540.04
2022-03-31 20:32:14,540.08
2022-03-31 20:32:19,540.07
2022-03-31 20:32:24,540.08
2022-03-31 20:32:29,540.14
2022-03-31 20:32:34,540.07
2022-03-31 20:32:39,540.07
2022-03-31 20:32:44,540.04
2022-03-31 20:32:49,540.04
2022-03-31 20:32:54,540.04
2022-03-31 20:32:59,540.04
2022-03-31 20:33:04,539.98
2022-03-31 20:33:09,539.98
2022-03-31 20:33:14,539.98
2022-03-31 20:33:19,539.91
2022-03-31 20:33:24,539.91
2022-03-31 20:33:29,539.85
2022-03-31 20:33:34,539.85
2022-03-31 20:33:39,539.84
2022-03-31 20:33:44,539.78
2022-03-31 20:33:49,539.78
2022-03-31 20:33:54,539.75
2022-03-31 20:33:59,539.75
2022-03-31 20:34:04,539.68
2022-03-31 20:34:09,539.68
2022-03-31 20:34:14,539.68
2022-03-31 20:34:19,539.61
2022-03-31 20:34:24,539.55
2022-03-31 20:34:29,539.52
2022-03-31 20:34:34,539.52
2022-03-31 20:34:39,539.45
2022-03-31 20:34:44,539.45
2022-03-31 20:34:49,539.39
2022-03-31 20:34:54,539.39
2022-03-31 20:34:59,539.32
2022-03-31 20:35:04,539.32
2022-03-31 20:35:09,539.26
2022-03-31 20:35:14,539.26
2022-03-31 20:35:19,539.25
2022-03-31 20:35:24,539.22
2022-03-31 20:35:29,539.22
2022-03-31 20:35:34,539.22
2022-03-31 20:35:39,539.15
2022-03-31 20:35:44,539.15
2022-03-31 20:35:49,539.15
2022-03-31 20:35:54,539.09
2022-03-31 20:35:59,539.09
2022-03-31 20:36:04,539.03
2022-03-31 20:36:09,539.03
2022-03-31 20:36:14,538.99
2022-03-31 20:36:19,538.93
2022-03-31 20:36:24,538.86
2022-03-31 20:36:29,538.86
2022-03-31 20:36:34,538.8
2022-03-31 20:36:39,538.8
2022-03-31 20:36:44,538.74
2022-03-31 20:36:49,538.7
2022-03-31 20:36:54,538.7
2022-03-31 20:36:59,538.64
2022-03-31 20:37:04,538.64
2022-03-31 20:37:09,538.57
2022-03-31 20:37:14,538.57
2022-03-31 20:37:19,538.51
2022-03-31 20:37:24,538.48
2022-03-31 20:37:29,538.41
2022-03-31 20:37:34,538.41
2022-03-31 20:37:39,538.41
2022-03-31 20:37:44,538.35
2022-03-31 20:37:49,538.35
2022-03-31 20:37:54,538.29
2022-03-31 20:37:59,538.22
2022-03-31 20:38:04,538.22
2022-03-31 20:38:09,538.19
2022-03-31 20:38:14,538.19
2022-03-31 20:38:19,538.13
2022-03-31 20:38:24,538.13
2022-03-31 20:38:29,538.12
2022-03-31 20:38:34,538.06
2022-03-31 20:38:39,538.0
2022-03-31 20:38:44,538.0
2022-03-31 20:38:49,538.0
2022-03-31 20:38:54,538.0
2022-03-31 20:38:59,538.0
2022-03-31 20:39:04,538.0
2022-03-31 20:39:09,538.0
2022-03-31 20:39:14,537.97
2022-03-31 20:39:19,537.97
2022-03-31 20:39:24,537.97
2022-03-31 20:39:29,537.97
2022-03-31 20:39:34,537.96
2022-03-31 20:39:39,537.97
2022-03-31 20:39:44,538.0
2022-03-31 20:39:49,537.97
2022-03-31 20:39:54,537.96
2022-03-31 20:39:59,537.96
2022-03-31 20:40:04,538.0
2022-03-31 20:40:09,537.96
2022-03-31 20:40:14,537.96
2022-03-31 20:40:19,538.0
2022-03-31 20:40:24,538.0
2022-03-31 20:40:29,538.06
2022-03-31 20:40:34,538.06
2022-03-31 20:40:39,538.06
2022-03-31 20:40:44,538.06
2022-03-31 20:40:49,538.06
2022-03-31 20:40:54,538.12
2022-03-31 20:40:59,538.06
2022-03-31 20:41:04,538.05
2022-03-31 20:41:09,538.12
2022-03-31 20:41:14,538.12
2022-03-31 20:41:19,538.12
2022-03-31 20:41:24,538.12
2022-03-31 20:41:29,538.12
2022-03-31 20:41:34,538.12
2022-03-31 20:41:39,538.12
2022-03-31 20:41:44,538.12
2022-03-31 20:41:49,538.12
2022-03-31 20:41:54,538.18
2022-03-31 20:41:59,538.18
2022-03-31 20:42:04,538.18
2022-03-31 20:42:09,538.18
2022-03-31 20:42:14,538.17
2022-03-31 20:42:19,538.18
2022-03-31 20:42:24,538.18
2022-03-31 20:42:29,538.21
2022-03-31 20:42:34,538.17
2022-03-31 20:42:39,538.17
2022-03-31 20:42:44,538.2
2022-03-31 20:42:49,538.17
2022-03-31 20:42:54,538.17
2022-03-31 20:42:59,538.2
2022-03-31 20:43:04,538.2
2022-03-31 20:43:09,538.2
2022-03-31 20:43:14,538.17
2022-03-31 20:43:19,538.17
2022-03-31 20:43:24,538.19
2022-03-31 20:43:29,538.2
2022-03-31 20:43:34,538.16
2022-03-31 20:43:39,538.19
2022-03-31 20:43:44,538.16
2022-03-31 20:43:49,538.16
2022-03-31 20:43:54,538.19
2022-03-31 20:43:59,538.19
2022-03-31 20:44:04,538.19
2022-03-31 20:44:09,538.15
2022-03-31 20:44:14,538.18
2022-03-31 20:44:19,538.18
2022-03-31 20:44:24,538.18
2022-03-31 20:44:29,538.24
2022-03-31 20:44:34,538.24
2022-03-31 20:44:39,538.24
2022-03-31 20:44:44,538.24
2022-03-31 20:44:49,538.24
2022-03-31 20:44:54,538.31
2022-03-31 20:44:59,538.31
2022-03-31 20:45:04,538.31
2022-03-31 20:45:09,538.31
2022-03-31 20:45:14,538.37
2022-03-31 20:45:19,538.37
2022-03-31 20:45:24,538.37
2022-03-31 20:45:29,538.43
2022-03-31 20:45:34,538.43
2022-03-31 20:45:39,538.43
2022-03-31 20:45:44,538.43
2022-03-31 20:45:49,538.46
2022-03-31 20:45:54,538.46
2022-03-31 20:45:59,538.53
2022-03-31 20:46:04,538.53
2022-03-31 20:46:09,538.59
2022-03-31 20:46:14,538.59
2022-03-31 20:46:19,538.59
2022-03-31 20:46:24,538.66
2022-03-31 20:46:29,538.69
2022-03-31 20:46:34,538.69
2022-03-31 20:46:39,538.75
2022-03-31 20:46:44,538.81
2022-03-31 20:46:49,538.82
2022-03-31 20:46:54,538.82
2022-03-31 20:46:59,538.88
2022-03-31 20:47:04,538.88
2022-03-31 20:47:09,538.95
2022-03-31 20:47:14,538.95
2022-03-31 20:47:19,538.98
2022-03-31 20:47:24,538.98
2022-03-31 20:47:29,538.98
2022-03-31 20:47:34,539.04
2022-03-31 20:47:39,539.11
2022-03-31 20:47:44,539.11
2022-03-31 20:47:49,539.11
2022-03-31 20:47:54,539.17
2022-03-31 20:47:59,539.17
2022-03-31 20:48:04,539.2
2022-03-31 20:48:09,539.2
2022-03-31 20:48:14,539.2
2022-03-31 20:48:19,539.27
2022-03-31 20:48:24,539.27
2022-03-31 20:48:29,539.27
2022-03-31 20:48:34,539.27
2022-03-31 20:48:39,539.33
2022-03-31 20:48:44,539.4
2022-03-31 20:48:49,539.4
2022-03-31 20:48:54,539.4
2022-03-31 20:48:59,539.46
2022-03-31 20:49:04,539.46
2022-03-31 20:49:09,539.5
2022-03-31 20:49:14,539.5
2022-03-31 20:49:19,539.56
2022-03-31 20:49:24,539.49
2022-03-31 20:49:29,539.56
2022-03-31 20:49:34,539.56
2022-03-31 20:49:39,539.56
2022-03-31 20:49:44,539.63
2022-03-31 20:49:49,539.63
2022-03-31 20:49:54,539.63
2022-03-31 20:49:59,539.69
2022-03-31 20:50:04,539.69
2022-03-31 20:50:09,539.69
2022-03-31 20:50:14,539.69
2022-03-31 20:50:19,539.69
2022-03-31 20:50:24,539.69
2022-03-31 20:50:29,539.72
2022-03-31 20:50:34,539.72
2022-03-31 20:50:39,539.72
2022-03-31 20:50:44,539.79
2022-03-31 20:50:49,539.79
2022-03-31 20:50:54,539.79
2022-03-31 20:50:59,539.79
2022-03-31 20:51:04,539.79
2022-03-31 20:51:09,539.79
2022-03-31 20:51:14,539.79
2022-03-31 20:51:19,539.79
2022-03-31 20:51:24,539.79
2022-03-31 20:51:29,539.86
2022-03-31 20:51:34,539.86
2022-03-31 20:51:39,539.86
2022-03-31 20:51:44,539.92
2022-03-31 20:51:49,539.92
2022-03-31 20:51:54,539.99
2022-03-31 20:51:59,539.99
2022-03-31 20:52:04,539.99
2022-03-31 20:52:09,539.99
2022-03-31 20:52:14,540.02
2022-03-31 20:52:19,540.02
2022-03-31 20:52:24,540.02
2022-03-31 20:52:29,540.02
2022-03-31 20:52:34,540.02
2022-03-31 20:52:39,540.08
2022-03-31 20:52:44,540.09
2022-03-31 20:52:49,540.15
2022-03-31 20:52:54,540.21
2022-03-31 20:52:59,540.22
2022-03-31 20:53:04,540.25
2022-03-31 20:53:09,540.25
2022-03-31 20:53:14,540.31
2022-03-31 20:53:19,540.31
2022-03-31 20:53:24,540.38
2022-03-31 20:53:29,540.44
2022-03-31 20:53:34,540.44
2022-03-31 20:53:39,540.44
2022-03-31 20:53:44,540.44
2022-03-31 20:53:49,540.51
2022-03-31 20:53:54,540.51
2022-03-31 20:53:59,540.51
2022-03-31 20:54:04,540.54
2022-03-31 20:54:09,540.51
2022-03-31 20:54:14,540.51
2022-03-31 20:54:19,540.51
2022-03-31 20:54:24,540.55
2022-03-31 20:54:29,540.55
2022-03-31 20:54:34,540.55
2022-03-31 20:54:39,540.61
2022-03-31 20:54:44,540.61
2022-03-31 20:54:49,540.61
2022-03-31 20:54:54,540.61
2022-03-31 20:54:59,540.61
2022-03-31 20:55:04,540.68
2022-03-31 20:55:09,540.68
2022-03-31 20:55:14,540.75
2022-03-31 20:55:19,540.68
2022-03-31 20:55:24,540.68
2022-03-31 20:55:29,540.75
2022-03-31 20:55:34,540.75
2022-03-31 20:55:39,540.68
2022-03-31 20:55:44,540.75
2022-03-31 20:55:49,540.69
2022-03-31 20:55:54,540.75
2022-03-31 20:55:59,540.75
2022-03-31 20:56:04,540.75
2022-03-31 20:56:09,540.69
2022-03-31 20:56:14,540.69
2022-03-31 20:56:19,540.69
2022-03-31 20:56:24,540.69
2022-03-31 20:56:29,540.69
2022-03-31 20:56:34,540.63
2022-03-31 20:56:39,540.69
2022-03-31 20:56:44,540.69
2022-03-31 20:56:49,540.69
2022-03-31 20:56:54,540.63
2022-03-31 20:56:59,540.63
2022-03-31 20:57:04,540.63
2022-03-31 20:57:09,540.63
2022-03-31 20:57:14,540.57
2022-03-31 20:57:19,540.57
2022-03-31 20:57:24,540.57
2022-03-31 20:57:29,540.57
2022-03-31 20:57:34,540.57
2022-03-31 20:57:39,540.57
2022-03-31 20:57:44,540.57
2022-03-31 20:57:49,540.54
2022-03-31 20:57:54,540.54
2022-03-31 20:57:59,540.57
2022-03-31 20:58:04,540.57
2022-03-31 20:58:09,540.57
2022-03-31 20:58:14,540.53
2022-03-31 20:58:19,540.53
2022-03-31 20:58:24,540.57
2022-03-31 20:58:29,540.57
2022-03-31 20:58:34,540.57
2022-03-31 20:58:39,540.57
2022-03-31 20:58:44,540.63
2022-03-31 20:58:49,540.57
2022-03-31 20:58:54,540.63
2022-03-31 20:58:59,540.63
2022-03-31 20:59:04,540.63
2022-03-31 20:59:09,540.63
2022-03-31 20:59:14,540.63
2022-03-31 20:59:19,540.63
2022-03-31 20:59:24,540.69
2022-03-31 20:59:29,540.69
2022-03-31 20:59:34,540.69
2022-03-31 20:59:39,540.69
2022-03-31 20:59:44,540.76
2022-03-31 20:59:49,540.76
2022-03-31 20:59:54,540.76
2022-03-31 20:59:59,540.76
2022-03-31 21:00:04,540.76
2022-03-31 21:00:09,540.76
2022-03-31 21:00:14,540.79
2022-03-31 21:00:19,540.78
2022-03-31 21:00:24,540.78
2022-03-31 21:00:29,540.78
2022-03-31 21:00:34,540.78
2022-03-31 21:00:39,540.85
2022-03-31 21:00:44,540.85
2022-03-31 21:00:49,540.85
2022-03-31 21:00:54,540.85
2022-03-31 21:00:59,540.84
2022-03-31 21:01:04,540.91
2022-03-31 21:01:09,540.91
2022-03-31 21:01:14,540.91
2022-03-31 21:01:19,540.91
2022-03-31 21:01:24,540.97
2022-03-31 21:01:29,540.97
2022-03-31 21:01:34,540.97
2022-03-31 21:01:39,541.04
2022-03-31 21:01:44,541.04
2022-03-31 21:01:49,541.03
2022-03-31 21:01:54,541.07
2022-03-31 21:01:59,541.07
2022-03-31 21:02:04,541.13
2022-03-31 21:02:09,541.13
2022-03-31 21:02:14,541.19
2022-03-31 21:02:19,541.19
2022-03-31 21:02:24,541.25
2022-03-31 21:02:29,541.29
2022-03-31 21:02:34,541.29
2022-03-31 21:02:39,541.29
2022-03-31 21:02:44,541.35
2022-03-31 21:02:49,541.35
2022-03-31 21:02:54,541.35
2022-03-31 21:02:59,541.41
2022-03-31 21:03:04,541.41
2022-03-31 21:03:09,541.41
2022-03-31 21:03:14,541.41
2022-03-31 21:03:19,541.41
2022-03-31 21:03:24,541.48
2022-03-31 21:03:29,541.48
2022-03-31 21:03:34,541.48
2022-03-31 21:03:39,541.48
2022-03-31 21:03:44,541.54
2022-03-31 21:03:49,541.48
2022-03-31 21:03:54,541.48
2022-03-31 21:03:59,541.48
2022-03-31 21:04:04,541.48
2022-03-31 21:04:09,541.41
2022-03-31 21:04:14,541.41
2022-03-31 21:04:19,541.41
2022-03-31 21:04:24,541.41
2022-03-31 21:04:29,541.35
2022-03-31 21:04:34,541.35
2022-03-31 21:04:39,541.29
2022-03-31 21:04:44,541.26
2022-03-31 21:04:49,541.19
2022-03-31 21:04:54,541.13
2022-03-31 21:04:59,541.13
2022-03-31 21:05:04,541.06
2022-03-31 21:05:09,541.03
2022-03-31 21:05:14,541.03
2022-03-31 21:05:19,540.9
2022-03-31 21:05:24,540.84
2022-03-31 21:05:29,540.78
2022-03-31 21:05:34,540.74
2022-03-31 21:05:39,540.74
2022-03-31 21:05:44,540.68
2022-03-31 21:05:49,540.68
2022-03-31 21:05:54,540.62
2022-03-31 21:05:59,540.55
2022-03-31 21:06:04,540.52
2022-03-31 21:06:09,540.46
2022-03-31 21:06:14,540.39
2022-03-31 21:06:19,540.39
2022-03-31 21:06:24,540.27
2022-03-31 21:06:29,540.27
2022-03-31 21:06:34,540.27
2022-03-31 21:06:39,540.23
2022-03-31 21:06:44,540.23
2022-03-31 21:06:49,540.17
2022-03-31 21:06:54,540.17
2022-03-31 21:06:59,540.11
2022-03-31 21:07:04,540.11
2022-03-31 21:07:09,540.11
2022-03-31 21:07:14,540.11
2022-03-31 21:07:19,540.04
2022-03-31 21:07:24,540.05
2022-03-31 21:07:29,540.05
2022-03-31 21:07:34,540.05
2022-03-31 21:07:39,540.05
2022-03-31 21:07:44,540.05
2022-03-31 21:07:49,540.01
2022-03-31 21:07:54,540.05
2022-03-31 21:07:59,540.02
2022-03-31 21:08:04,540.02
2022-03-31 21:08:09,540.02
2022-03-31 21:08:14,540.02
2022-03-31 21:08:19,540.02
2022-03-31 21:08:24,540.02
2022-03-31 21:08:29,540.02
2022-03-31 21:08:34,540.02
2022-03-31 21:08:39,540.02
2022-03-31 21:08:44,540.02
2022-03-31 21:08:49,540.05
2022-03-31 21:08:54,540.05
2022-03-31 21:08:59,540.05
2022-03-31 21:09:04,540.12
2022-03-31 21:09:09,540.12
2022-03-31 21:09:14,540.12
2022-03-31 21:09:19,540.12
2022-03-31 21:09:24,540.19
2022-03-31 21:09:29,540.25
2022-03-31 21:09:34,540.19
2022-03-31 21:09:39,537.71
2022-03-31 21:09:44,540.25
2022-03-31 21:09:49,540.25
2022-03-31 21:09:54,540.29
2022-03-31 21:09:59,540.29
2022-03-31 21:10:04,540.35
2022-03-31 21:10:09,540.35
2022-03-31 21:10:14,540.42
2022-03-31 21:10:19,540.42
2022-03-31 21:10:24,540.42
2022-03-31 21:10:29,540.48
2022-03-31 21:10:34,540.48
2022-03-31 21:10:39,540.55
2022-03-31 21:10:44,540.58
2022-03-31 21:10:49,540.58
2022-03-31 21:10:54,540.65
2022-03-31 21:10:59,540.65
2022-03-31 21:11:04,540.65
2022-03-31 21:11:09,540.71
2022-03-31 21:11:14,540.71
2022-03-31 21:11:19,540.78
2022-03-31 21:11:24,540.71
2022-03-31 21:11:29,540.78
2022-03-31 21:11:34,540.78
2022-03-31 21:11:39,540.78
2022-03-31 21:11:44,540.78
2022-03-31 21:11:49,540.78
2022-03-31 21:11:54,540.79
2022-03-31 21:11:59,540.82
2022-03-31 21:12:04,540.79
2022-03-31 21:12:09,540.79
2022-03-31 21:12:14,540.79
2022-03-31 21:12:19,540.79
2022-03-31 21:12:24,540.79
2022-03-31 21:12:29,540.79
2022-03-31 21:12:34,540.79
2022-03-31 21:12:39,540.79
2022-03-31 21:12:44,540.79
2022-03-31 21:12:49,540.73
2022-03-31 21:12:54,540.73
2022-03-31 21:12:59,540.73
2022-03-31 21:13:04,540.73
2022-03-31 21:13:09,540.73
2022-03-31 21:13:14,540.8
2022-03-31 21:13:19,540.74
2022-03-31 21:13:24,540.8
2022-03-31 21:13:29,540.74
2022-03-31 21:13:34,540.74
2022-03-31 21:13:39,540.74
2022-03-31 21:13:44,540.74
2022-03-31 21:13:49,540.68
2022-03-31 21:13:54,540.68
2022-03-31 21:13:59,540.68
2022-03-31 21:14:04,540.68
2022-03-31 21:14:09,540.61
2022-03-31 21:14:14,540.62
2022-03-31 21:14:19,540.58
2022-03-31 21:14:24,540.59
2022-03-31 21:14:29,540.52
2022-03-31 21:14:34,540.52
2022-03-31 21:14:39,540.52
2022-03-31 21:14:44,540.46
2022-03-31 21:14:49,540.4
2022-03-31 21:14:54,540.4
2022-03-31 21:14:59,540.33
2022-03-31 21:15:04,540.33
2022-03-31 21:15:09,540.34
2022-03-31 21:15:14,540.3
2022-03-31 21:15:19,540.34
2022-03-31 21:15:24,540.31
2022-03-31 21:15:29,540.31
2022-03-31 21:15:34,540.3
2022-03-31 21:15:39,540.24
2022-03-31 21:15:44,540.24
2022-03-31 21:15:49,540.24
2022-03-31 21:15:54,540.18
2022-03-31 21:15:59,540.24
2022-03-31 21:16:04,540.24
2022-03-31 21:16:09,540.24
2022-03-31 21:16:14,540.24
2022-03-31 21:16:19,540.24
2022-03-31 21:16:24,540.24
2022-03-31 21:16:29,540.24
2022-03-31 21:16:34,540.18
2022-03-31 21:16:39,540.24
2022-03-31 21:16:44,540.24
2022-03-31 21:16:49,540.24
2022-03-31 21:16:54,540.24
2022-03-31 21:16:59,540.24
2022-03-31 21:17:04,540.24
2022-03-31 21:17:09,540.24
2022-03-31 21:17:14,540.24
2022-03-31 21:17:19,540.24
2022-03-31 21:17:24,540.24
2022-03-31 21:17:29,540.31
2022-03-31 21:17:34,540.24
2022-03-31 21:17:39,540.31
2022-03-31 21:17:44,540.24
2022-03-31 21:17:49,540.31
2022-03-31 21:17:54,540.24
2022-03-31 21:17:59,540.31
2022-03-31 21:18:04,540.31
2022-03-31 21:18:09,540.31
2022-03-31 21:18:14,537.71
2022-03-31 21:18:19,540.24
2022-03-31 21:18:24,540.3
2022-03-31 21:18:29,540.3
2022-03-31 21:18:34,540.3
2022-03-31 21:18:39,540.24
2022-03-31 21:18:44,540.24
2022-03-31 21:18:49,540.3
2022-03-31 21:18:54,540.24
2022-03-31 21:18:59,540.24
2022-03-31 21:19:04,540.24
2022-03-31 21:19:09,540.3
2022-03-31 21:19:14,540.24
2022-03-31 21:19:19,540.24
2022-03-31 21:19:24,540.24
2022-03-31 21:19:29,540.24
2022-03-31 21:19:34,540.24
2022-03-31 21:19:39,540.24
2022-03-31 21:19:44,540.17
2022-03-31 21:19:49,540.17
2022-03-31 21:19:54,540.17
2022-03-31 21:19:59,540.17
2022-03-31 21:20:04,540.17
2022-03-31 21:20:09,540.08
2022-03-31 21:20:14,540.08
2022-03-31 21:20:19,540.07
2022-03-31 21:20:24,540.07
2022-03-31 21:20:29,540.01
2022-03-31 21:20:34,540.07
2022-03-31 21:20:39,540.07
2022-03-31 21:20:44,540.01
2022-03-31 21:20:49,540.01
2022-03-31 21:20:54,539.94
2022-03-31 21:20:59,539.88
2022-03-31 21:21:04,539.88
2022-03-31 21:21:09,539.88
2022-03-31 21:21:14,539.88
2022-03-31 21:21:19,539.82
2022-03-31 21:21:24,539.82
2022-03-31 21:21:29,539.82
2022-03-31 21:21:34,539.79
2022-03-31 21:21:39,539.79
2022-03-31 21:21:44,539.79
2022-03-31 21:21:49,539.72
2022-03-31 21:21:54,539.72
2022-03-31 21:21:59,539.66
2022-03-31 21:22:04,539.66
2022-03-31 21:22:09,539.59
2022-03-31 21:22:14,539.59
2022-03-31 21:22:19,539.6
2022-03-31 21:22:24,539.57
2022-03-31 21:22:29,539.5
2022-03-31 21:22:34,539.5
2022-03-31 21:22:39,539.5
2022-03-31 21:22:44,539.44
2022-03-31 21:22:49,539.37
2022-03-31 21:22:54,539.38
2022-03-31 21:22:59,539.31
2022-03-31 21:23:04,539.38
2022-03-31 21:23:09,539.31
2022-03-31 21:23:14,539.31
2022-03-31 21:23:19,539.28
2022-03-31 21:23:24,539.28
2022-03-31 21:23:29,539.28
2022-03-31 21:23:34,539.21
2022-03-31 21:23:39,539.28
2022-03-31 21:23:44,539.22
2022-03-31 21:23:49,539.22
2022-03-31 21:23:54,539.22
2022-03-31 21:23:59,539.22
2022-03-31 21:24:04,539.22
2022-03-31 21:24:09,539.22
2022-03-31 21:24:14,539.22
2022-03-31 21:24:19,539.22
2022-03-31 21:24:24,539.22
2022-03-31 21:24:29,539.16
2022-03-31 21:24:34,539.16
2022-03-31 21:24:39,539.16
2022-03-31 21:24:44,539.16
2022-03-31 21:24:49,539.16
2022-03-31 21:24:54,539.09
2022-03-31 21:24:59,539.09
2022-03-31 21:25:04,539.09
2022-03-31 21:25:09,539.16
2022-03-31 21:25:14,539.09
2022-03-31 21:25:19,539.09
2022-03-31 21:25:24,539.09
2022-03-31 21:25:29,539.15
2022-03-31 21:25:34,539.16
2022-03-31 21:25:39,539.09
2022-03-31 21:25:44,539.15
2022-03-31 21:25:49,539.15
2022-03-31 21:25:54,539.15
2022-03-31 21:25:59,539.22
2022-03-31 21:26:04,539.15
2022-03-31 21:26:09,539.22
2022-03-31 21:26:14,539.22
2022-03-31 21:26:19,539.22
2022-03-31 21:26:24,539.28
2022-03-31 21:26:29,539.22
2022-03-31 21:26:34,539.28
2022-03-31 21:26:39,539.28
2022-03-31 21:26:44,539.28
2022-03-31 21:26:49,539.31
2022-03-31 21:26:54,539.28
2022-03-31 21:26:59,539.31
2022-03-31 21:27:04,539.31
2022-03-31 21:27:09,539.31
2022-03-31 21:27:14,539.31
2022-03-31 21:27:19,539.37
2022-03-31 21:27:24,539.37
2022-03-31 21:27:29,539.37
2022-03-31 21:27:34,539.37
2022-03-31 21:27:39,539.37
2022-03-31 21:27:44,539.37
2022-03-31 21:27:49,539.37
2022-03-31 21:27:54,539.37
2022-03-31 21:27:59,539.37
2022-03-31 21:28:04,539.36
2022-03-31 21:28:09,539.36
2022-03-31 21:28:14,539.36
2022-03-31 21:28:19,539.43
2022-03-31 21:28:24,539.36
2022-03-31 21:28:29,539.42
2022-03-31 21:28:34,539.36
2022-03-31 21:28:39,539.36
2022-03-31 21:28:44,539.36
2022-03-31 21:28:49,539.29
2022-03-31 21:28:54,539.35
2022-03-31 21:28:59,539.35
2022-03-31 21:29:04,539.35
2022-03-31 21:29:09,539.29
2022-03-31 21:29:14,539.28
2022-03-31 21:29:19,539.25
2022-03-31 21:29:24,539.25
2022-03-31 21:29:29,539.25
2022-03-31 21:29:34,539.19
2022-03-31 21:29:39,539.19
2022-03-31 21:29:44,539.19
2022-03-31 21:29:49,539.12
2022-03-31 21:29:54,539.12
2022-03-31 21:29:59,539.03
2022-03-31 21:30:04,539.03
2022-03-31 21:30:09,539.02
2022-03-31 21:30:14,539.03
2022-03-31 21:30:19,538.96
2022-03-31 21:30:24,538.96
2022-03-31 21:30:29,538.96
2022-03-31 21:30:34,538.89
2022-03-31 21:30:39,538.83
2022-03-31 21:30:44,538.89
2022-03-31 21:30:49,538.83
2022-03-31 21:30:54,538.83
2022-03-31 21:30:59,538.83
2022-03-31 21:31:04,538.83
2022-03-31 21:31:09,538.76
2022-03-31 21:31:14,538.77
2022-03-31 21:31:19,538.76
2022-03-31 21:31:24,538.73
2022-03-31 21:31:29,538.73
2022-03-31 21:31:34,538.73
2022-03-31 21:31:39,538.76
2022-03-31 21:31:44,538.76
2022-03-31 21:31:49,538.73
2022-03-31 21:31:54,538.76
2022-03-31 21:31:59,538.76
2022-03-31 21:32:04,538.89
2022-03-31 21:32:09,538.83
2022-03-31 21:32:14,538.89
2022-03-31 21:32:19,538.96
2022-03-31 21:32:24,539.02
2022-03-31 21:32:29,539.02
2022-03-31 21:32:34,539.05
2022-03-31 21:32:39,539.12
2022-03-31 21:32:44,539.18
2022-03-31 21:32:49,539.25
2022-03-31 21:32:54,539.28
2022-03-31 21:32:59,539.35
2022-03-31 21:33:04,539.41
2022-03-31 21:33:09,539.47
2022-03-31 21:33:14,539.47
2022-03-31 21:33:19,539.57
2022-03-31 21:33:24,539.64
2022-03-31 21:33:29,539.7
2022-03-31 21:33:34,539.76
2022-03-31 21:33:39,539.8
2022-03-31 21:33:44,539.86
2022-03-31 21:33:49,539.93
2022-03-31 21:33:54,539.99
2022-03-31 21:33:59,540.06
2022-03-31 21:34:04,540.09
2022-03-31 21:34:09,540.09
2022-03-31 21:34:14,540.16
2022-03-31 21:34:19,540.22
2022-03-31 21:34:24,540.28
2022-03-31 21:34:29,540.22
2022-03-31 21:34:34,540.32
2022-03-31 21:34:39,540.32
2022-03-31 21:34:44,540.32
2022-03-31 21:34:49,540.38
2022-03-31 21:34:54,540.38
2022-03-31 21:34:59,540.45
2022-03-31 21:35:04,540.45
2022-03-31 21:35:09,540.45
2022-03-31 21:35:14,540.51
2022-03-31 21:35:19,540.51
2022-03-31 21:35:24,540.51
2022-03-31 21:35:29,540.58
2022-03-31 21:35:34,540.61
2022-03-31 21:35:39,540.58
2022-03-31 21:35:44,540.61
2022-03-31 21:35:49,540.61
2022-03-31 21:35:54,540.68
2022-03-31 21:35:59,540.68
2022-03-31 21:36:04,540.68
2022-03-31 21:36:09,540.74
2022-03-31 21:36:14,540.74
2022-03-31 21:36:19,540.74
2022-03-31 21:36:24,540.8
2022-03-31 21:36:29,540.81
2022-03-31 21:36:34,540.81
2022-03-31 21:36:39,540.81
2022-03-31 21:36:44,540.84
2022-03-31 21:36:49,540.84
2022-03-31 21:36:54,540.9
2022-03-31 21:36:59,540.9
2022-03-31 21:37:04,540.9
2022-03-31 21:37:09,540.91
2022-03-31 21:37:14,540.97
2022-03-31 21:37:19,540.97
2022-03-31 21:37:24,541.1
2022-03-31 21:37:29,541.1
2022-03-31 21:37:34,541.1
2022-03-31 21:37:39,541.13
2022-03-31 21:37:44,541.2
2022-03-31 21:37:49,541.2
2022-03-31 21:37:54,541.26
2022-03-31 21:37:59,541.33
2022-03-31 21:38:04,541.36
2022-03-31 21:38:09,541.36
2022-03-31 21:38:14,541.42
2022-03-31 21:38:19,541.42
2022-03-31 21:38:24,541.49
2022-03-31 21:38:29,541.62
2022-03-31 21:38:34,541.62
2022-03-31 21:38:39,541.65
2022-03-31 21:38:44,541.72
2022-03-31 21:38:49,541.78
2022-03-31 21:38:54,541.78
2022-03-31 21:38:59,541.88
2022-03-31 21:39:04,541.88
2022-03-31 21:39:09,542.01
2022-03-31 21:39:14,542.01
2022-03-31 21:39:19,542.08
2022-03-31 21:39:24,542.14
2022-03-31 21:39:29,542.17
2022-03-31 21:39:34,542.17
2022-03-31 21:39:39,542.3
2022-03-31 21:39:44,542.37
2022-03-31 21:39:49,542.4
2022-03-31 21:39:54,542.46
2022-03-31 21:39:59,542.47
2022-03-31 21:40:04,542.53
2022-03-31 21:40:09,542.66
2022-03-31 21:40:14,542.66
2022-03-31 21:40:19,542.7
2022-03-31 21:40:24,542.7
2022-03-31 21:40:29,542.83
2022-03-31 21:40:34,542.83
2022-03-31 21:40:39,542.89
2022-03-31 21:40:44,542.99
2022-03-31 21:40:49,542.99
2022-03-31 21:40:54,543.05
2022-03-31 21:40:59,543.12
2022-03-31 21:41:04,543.12
2022-03-31 21:41:09,543.18
2022-03-31 21:41:14,543.22
2022-03-31 21:41:19,543.28
2022-03-31 21:41:24,543.28
2022-03-31 21:41:29,543.35
2022-03-31 21:41:34,543.35
2022-03-31 21:41:39,543.41
2022-03-31 21:41:44,543.41
2022-03-31 21:41:49,543.44
2022-03-31 21:41:54,543.44
2022-03-31 21:41:59,543.51
2022-03-31 21:42:04,543.51
2022-03-31 21:42:09,543.51
2022-03-31 21:42:14,543.51
2022-03-31 21:42:19,543.58
2022-03-31 21:42:24,543.58
2022-03-31 21:42:29,543.58
2022-03-31 21:42:34,543.58
2022-03-31 21:42:39,543.58
2022-03-31 21:42:44,543.58
2022-03-31 21:42:49,543.51
2022-03-31 21:42:54,543.51
2022-03-31 21:42:59,543.45
2022-03-31 21:43:04,543.51
2022-03-31 21:43:09,543.45
2022-03-31 21:43:14,543.45
2022-03-31 21:43:19,543.45
2022-03-31 21:43:24,543.45
2022-03-31 21:43:29,543.42
2022-03-31 21:43:34,543.42
2022-03-31 21:43:39,543.42
2022-03-31 21:43:44,543.35
2022-03-31 21:43:49,543.42
2022-03-31 21:43:54,543.42
2022-03-31 21:43:59,543.42
2022-03-31 21:44:04,543.35
2022-03-31 21:44:09,543.41
2022-03-31 21:44:14,543.35
2022-03-31 21:44:19,543.35
2022-03-31 21:44:24,543.35
2022-03-31 21:44:29,543.35
2022-03-31 21:44:34,543.35
2022-03-31 21:44:39,543.35
2022-03-31 21:44:44,543.35
2022-03-31 21:44:49,543.28
2022-03-31 21:44:54,543.28
2022-03-31 21:44:59,543.28
2022-03-31 21:45:04,543.28
2022-03-31 21:45:09,543.28
2022-03-31 21:45:14,543.22
2022-03-31 21:45:19,543.22
2022-03-31 21:45:24,543.28
2022-03-31 21:45:29,543.21
2022-03-31 21:45:34,543.21
2022-03-31 21:45:39,543.18
2022-03-31 21:45:44,543.18
2022-03-31 21:45:49,543.18
2022-03-31 21:45:54,543.11
2022-03-31 21:45:59,543.05
2022-03-31 21:46:04,543.11
2022-03-31 21:46:09,542.98
2022-03-31 21:46:14,542.98
2022-03-31 21:46:19,542.89
2022-03-31 21:46:24,542.88
2022-03-31 21:46:29,542.82
2022-03-31 21:46:34,542.75
2022-03-31 21:46:39,542.66
2022-03-31 21:46:44,542.59
2022-03-31 21:46:49,542.59
2022-03-31 21:46:54,542.46
2022-03-31 21:46:59,542.4
2022-03-31 21:47:04,542.36
2022-03-31 21:47:09,542.3
2022-03-31 21:47:14,542.3
2022-03-31 21:47:19,542.14
2022-03-31 21:47:24,542.14
2022-03-31 21:47:29,542.01
2022-03-31 21:47:34,541.94
2022-03-31 21:47:39,541.85
2022-03-31 21:47:44,541.78
2022-03-31 21:47:49,541.72
2022-03-31 21:47:54,541.56
2022-03-31 21:47:59,541.56
2022-03-31 21:48:04,541.42
2022-03-31 21:48:09,541.33
2022-03-31 21:48:14,541.2
2022-03-31 21:48:19,541.1
2022-03-31 21:48:24,540.97
2022-03-31 21:48:29,540.85
2022-03-31 21:48:34,540.75
2022-03-31 21:48:39,540.62
2022-03-31 21:48:44,540.53
2022-03-31 21:48:49,540.39
2022-03-31 21:48:54,540.3
2022-03-31 21:48:59,540.17
2022-03-31 21:49:04,540.07
2022-03-31 21:49:09,539.88
2022-03-31 21:49:14,539.78
2022-03-31 21:49:19,539.65
2022-03-31 21:49:24,539.5
2022-03-31 21:49:29,539.3
2022-03-31 21:49:34,539.21
2022-03-31 21:49:39,539.04
2022-03-31 21:49:44,538.98
2022-03-31 21:49:49,538.85
2022-03-31 21:49:54,538.75
2022-03-31 21:49:59,538.63
2022-03-31 21:50:04,538.53
2022-03-31 21:50:09,538.4
2022-03-31 21:50:14,538.34
2022-03-31 21:50:19,538.24
2022-03-31 21:50:24,538.18
2022-03-31 21:50:29,538.05
2022-03-31 21:50:34,538.02
2022-03-31 21:50:39,537.95
2022-03-31 21:50:44,537.82
2022-03-31 21:50:49,537.73
2022-03-31 21:50:54,537.66
2022-03-31 21:50:59,537.53
2022-03-31 21:51:04,537.5
2022-03-31 21:51:09,537.37
2022-03-31 21:51:14,537.31
2022-03-31 21:51:19,537.21
2022-03-31 21:51:24,537.21
2022-03-31 21:51:29,537.15
2022-03-31 21:51:34,537.02
2022-03-31 21:51:39,536.99
2022-03-31 21:51:44,536.92
2022-03-31 21:51:49,536.86
2022-03-31 21:51:54,536.79
2022-03-31 21:51:59,536.7
2022-03-31 21:52:04,536.69
2022-03-31 21:52:09,536.57
2022-03-31 21:52:14,536.5
2022-03-31 21:52:19,536.4
2022-03-31 21:52:24,536.34
2022-03-31 21:52:29,536.27
2022-03-31 21:52:34,536.21
2022-03-31 21:52:39,536.17
2022-03-31 21:52:44,536.05
2022-03-31 21:52:49,535.98
2022-03-31 21:52:54,535.95
2022-03-31 21:52:59,535.82
2022-03-31 21:53:04,535.82
2022-03-31 21:53:09,535.69
2022-03-31 21:53:14,535.69
2022-03-31 21:53:19,535.65
2022-03-31 21:53:24,535.59
2022-03-31 21:53:29,535.46
2022-03-31 21:53:34,535.43
2022-03-31 21:53:39,535.43
2022-03-31 21:53:44,535.3
2022-03-31 21:53:49,535.3
2022-03-31 21:53:54,535.17
2022-03-31 21:53:59,535.17
2022-03-31 21:54:04,535.14
2022-03-31 21:54:09,535.07
2022-03-31 21:54:14,535.0
2022-03-31 21:54:19,535.0
2022-03-31 21:54:24,534.94
2022-03-31 21:54:29,534.9
2022-03-31 21:54:34,534.84
2022-03-31 21:54:39,534.84
2022-03-31 21:54:44,534.84
2022-03-31 21:54:49,534.77
2022-03-31 21:54:54,534.71
2022-03-31 21:54:59,534.71
2022-03-31 21:55:04,534.64
2022-03-31 21:55:09,534.61
2022-03-31 21:55:14,534.61
2022-03-31 21:55:19,534.54
2022-03-31 21:55:24,534.54
2022-03-31 21:55:29,534.48
2022-03-31 21:55:34,534.48
2022-03-31 21:55:39,534.41
2022-03-31 21:55:44,534.41
2022-03-31 21:55:49,534.41
2022-03-31 21:55:54,534.4
2022-03-31 21:55:59,534.37
2022-03-31 21:56:04,534.37
2022-03-31 21:56:09,534.3
2022-03-31 21:56:14,534.24
2022-03-31 21:56:19,534.24
2022-03-31 21:56:24,534.17
2022-03-31 21:56:29,534.18
2022-03-31 21:56:34,534.11
2022-03-31 21:56:39,534.08
2022-03-31 21:56:44,534.08
2022-03-31 21:56:49,534.01
2022-03-31 21:56:54,533.95
2022-03-31 21:56:59,533.88
2022-03-31 21:57:04,533.88
2022-03-31 21:57:09,533.88
2022-03-31 21:57:14,533.78
2022-03-31 21:57:19,533.78
2022-03-31 21:57:24,533.78
2022-03-31 21:57:29,533.72
2022-03-31 21:57:34,533.65
2022-03-31 21:57:39,533.65
2022-03-31 21:57:44,533.65
2022-03-31 21:57:49,533.59
2022-03-31 21:57:54,533.59
2022-03-31 21:57:59,533.56
2022-03-31 21:58:04,533.49
2022-03-31 21:58:09,533.49
2022-03-31 21:58:14,533.43
2022-03-31 21:58:19,533.43
2022-03-31 21:58:24,533.36
2022-03-31 21:58:29,533.36
2022-03-31 21:58:34,533.36
2022-03-31 21:58:39,533.33
2022-03-31 21:58:44,533.26
2022-03-31 21:58:49,533.27
2022-03-31 21:58:54,533.26
2022-03-31 21:58:59,533.26
2022-03-31 21:59:04,533.26
2022-03-31 21:59:09,537.71
2022-03-31 21:59:14,533.2
2022-03-31 21:59:19,533.2
2022-03-31 21:59:24,533.26
2022-03-31 21:59:29,533.2
2022-03-31 21:59:34,533.2
2022-03-31 21:59:39,533.2
2022-03-31 21:59:44,533.2
2022-03-31 21:59:49,533.2
2022-03-31 21:59:54,533.2
2022-03-31 21:59:59,533.2
2022-03-31 22:00:04,533.2
2022-03-31 22:00:09,533.14
2022-03-31 22:00:14,533.13
2022-03-31 22:00:19,533.14
2022-03-31 22:00:24,533.14
2022-03-31 22:00:29,533.2
2022-03-31 22:00:34,533.13
2022-03-31 22:00:39,533.13
2022-03-31 22:00:44,533.13
2022-03-31 22:00:49,533.13
2022-03-31 22:00:54,533.2
2022-03-31 22:00:59,533.13
2022-03-31 22:01:04,533.13
2022-03-31 22:01:09,533.13
2022-03-31 22:01:14,533.13
2022-03-31 22:01:19,533.13
2022-03-31 22:01:24,533.2
2022-03-31 22:01:29,533.13
2022-03-31 22:01:34,533.19
2022-03-31 22:01:39,533.13
2022-03-31 22:01:44,533.13
2022-03-31 22:01:49,533.13
2022-03-31 22:01:54,533.12
2022-03-31 22:01:59,533.19
2022-03-31 22:02:04,533.12
2022-03-31 22:02:09,533.12
2022-03-31 22:02:14,533.19
2022-03-31 22:02:19,533.19
2022-03-31 22:02:24,533.19
2022-03-31 22:02:29,533.25
2022-03-31 22:02:34,533.19
2022-03-31 22:02:39,533.25
2022-03-31 22:02:44,533.18
2022-03-31 22:02:49,533.31
2022-03-31 22:02:54,533.31
2022-03-31 22:02:59,533.31
2022-03-31 22:03:04,533.34
2022-03-31 22:03:09,533.31
2022-03-31 22:03:14,533.34
2022-03-31 22:03:19,533.34
2022-03-31 22:03:24,533.4
2022-03-31 22:03:29,533.34
2022-03-31 22:03:34,533.34
2022-03-31 22:03:39,533.34
2022-03-31 22:03:44,533.4
2022-03-31 22:03:49,533.4
2022-03-31 22:03:54,533.4
2022-03-31 22:03:59,533.46
2022-03-31 22:04:04,533.46
2022-03-31 22:04:09,533.46
2022-03-31 22:04:14,533.46
2022-03-31 22:04:19,533.52
2022-03-31 22:04:24,533.52
2022-03-31 22:04:29,533.55
2022-03-31 22:04:34,533.55
2022-03-31 22:04:39,533.62
2022-03-31 22:04:44,533.62
2022-03-31 22:04:49,533.61
2022-03-31 22:04:54,533.68
2022-03-31 22:04:59,533.74
2022-03-31 22:05:04,533.74
2022-03-31 22:05:09,533.8
2022-03-31 22:05:14,533.8
2022-03-31 22:05:19,533.83
2022-03-31 22:05:24,533.83
2022-03-31 22:05:29,533.89
2022-03-31 22:05:34,533.89
2022-03-31 22:05:39,533.95
2022-03-31 22:05:44,533.95
2022-03-31 22:05:49,534.01
2022-03-31 22:05:54,534.01
2022-03-31 22:05:59,534.02
2022-03-31 22:06:04,534.01
2022-03-31 22:06:09,534.01
2022-03-31 22:06:14,534.01
2022-03-31 22:06:19,534.01
2022-03-31 22:06:24,534.04
2022-03-31 22:06:29,534.01
2022-03-31 22:06:34,534.01
2022-03-31 22:06:39,533.95
2022-03-31 22:06:44,533.95
2022-03-31 22:06:49,533.88
2022-03-31 22:06:54,533.88
2022-03-31 22:06:59,533.82
2022-03-31 22:07:04,533.78
2022-03-31 22:07:09,533.78
2022-03-31 22:07:14,533.66
2022-03-31 22:07:19,533.59
2022-03-31 22:07:24,533.52
2022-03-31 22:07:29,533.49
2022-03-31 22:07:34,533.42
2022-03-31 22:07:39,533.36
2022-03-31 22:07:44,533.27
2022-03-31 22:07:49,533.2
2022-03-31 22:07:54,533.13
2022-03-31 22:07:59,533.07
2022-03-31 22:08:04,532.97
2022-03-31 22:08:09,532.91
2022-03-31 22:08:14,532.91
2022-03-31 22:08:19,532.78
2022-03-31 22:08:24,532.75
2022-03-31 22:08:29,532.75
2022-03-31 22:08:34,532.62
2022-03-31 22:08:39,532.56
2022-03-31 22:08:44,532.56
2022-03-31 22:08:49,532.46
2022-03-31 22:08:54,532.4
2022-03-31 22:08:59,532.33
2022-03-31 22:09:04,532.27
2022-03-31 22:09:09,532.33
2022-03-31 22:09:14,532.27
2022-03-31 22:09:19,532.27
2022-03-31 22:09:24,532.24
2022-03-31 22:09:29,532.27
2022-03-31 22:09:34,532.24
2022-03-31 22:09:39,532.17
2022-03-31 22:09:44,532.17
2022-03-31 22:09:49,532.17
2022-03-31 22:09:54,532.17
2022-03-31 22:09:59,532.17
2022-03-31 22:10:04,532.17
2022-03-31 22:10:09,532.17
2022-03-31 22:10:14,532.17
2022-03-31 22:10:19,532.24
2022-03-31 22:10:24,532.24
2022-03-31 22:10:29,532.24
2022-03-31 22:10:34,532.27
2022-03-31 22:10:39,532.27
2022-03-31 22:10:44,532.27
2022-03-31 22:10:49,532.34
2022-03-31 22:10:54,532.34
2022-03-31 22:10:59,532.4
2022-03-31 22:11:04,532.46
2022-03-31 22:11:09,532.46
2022-03-31 22:11:14,532.46
2022-03-31 22:11:19,532.56
2022-03-31 22:11:24,532.63
2022-03-31 22:11:29,532.75
2022-03-31 22:11:34,532.79
2022-03-31 22:11:39,532.92
2022-03-31 22:11:44,533.01
2022-03-31 22:11:49,533.08
2022-03-31 22:11:54,533.2
2022-03-31 22:11:59,533.3
2022-03-31 22:12:04,533.37
2022-03-31 22:12:09,533.53
2022-03-31 22:12:14,533.66
2022-03-31 22:12:19,533.78
2022-03-31 22:12:24,533.88
2022-03-31 22:12:29,534.04
2022-03-31 22:12:34,534.11
2022-03-31 22:12:39,534.3
2022-03-31 22:12:44,534.4
2022-03-31 22:12:49,534.53
2022-03-31 22:12:54,534.69
2022-03-31 22:12:59,534.82
2022-03-31 22:13:04,534.98
2022-03-31 22:13:09,535.07
2022-03-31 22:13:14,535.27
2022-03-31 22:13:19,535.37
2022-03-31 22:13:24,535.56
2022-03-31 22:13:29,535.66
2022-03-31 22:13:34,535.85
2022-03-31 22:13:39,536.01
2022-03-31 22:13:44,536.11
2022-03-31 22:13:49,536.36
2022-03-31 22:13:54,536.53
2022-03-31 22:13:59,536.69
2022-03-31 22:14:04,536.82
2022-03-31 22:14:09,536.98
2022-03-31 22:14:14,537.14
2022-03-31 22:14:19,537.27
2022-03-31 22:14:24,537.43
2022-03-31 22:14:29,537.56
2022-03-31 22:14:34,537.72
2022-03-31 22:14:39,537.85
2022-03-31 22:14:44,538.01
2022-03-31 22:14:49,538.17
2022-03-31 22:14:54,538.3
2022-03-31 22:14:59,538.43
2022-03-31 22:15:04,538.59
2022-03-31 22:15:09,538.69
2022-03-31 22:15:14,538.82
2022-03-31 22:15:19,538.88
2022-03-31 22:15:24,539.05
2022-03-31 22:15:29,539.17
2022-03-31 22:15:34,539.27
2022-03-31 22:15:39,539.4
2022-03-31 22:15:44,539.5
2022-03-31 22:15:49,539.56
2022-03-31 22:15:54,539.73
2022-03-31 22:15:59,539.79
2022-03-31 22:16:04,539.92
2022-03-31 22:16:09,540.02
2022-03-31 22:16:14,540.08
2022-03-31 22:16:19,540.15
2022-03-31 22:16:24,540.21
2022-03-31 22:16:29,540.37
2022-03-31 22:16:34,540.44
2022-03-31 22:16:39,540.5
2022-03-31 22:16:44,540.54
2022-03-31 22:16:49,540.73
2022-03-31 22:16:54,540.73
2022-03-31 22:16:59,540.83
2022-03-31 22:17:04,540.89
2022-03-31 22:17:09,540.96
2022-03-31 22:17:14,541.06
2022-03-31 22:17:19,541.06
2022-03-31 22:17:24,541.12
2022-03-31 22:17:29,541.19
2022-03-31 22:17:34,541.25
2022-03-31 22:17:39,541.35
2022-03-31 22:17:44,541.29
2022-03-31 22:17:49,541.41
2022-03-31 22:17:54,541.48
2022-03-31 22:17:59,541.48
2022-03-31 22:18:04,541.54
2022-03-31 22:18:09,541.54
2022-03-31 22:18:14,541.58
2022-03-31 22:18:19,541.58
2022-03-31 22:18:24,541.58
2022-03-31 22:18:29,541.58
2022-03-31 22:18:34,541.64
2022-03-31 22:18:39,541.71
2022-03-31 22:18:44,541.64
2022-03-31 22:18:49,541.65
2022-03-31 22:18:54,541.65
2022-03-31 22:18:59,541.65
2022-03-31 22:19:04,541.65
2022-03-31 22:19:09,541.65
2022-03-31 22:19:14,541.64
2022-03-31 22:19:19,541.64
2022-03-31 22:19:24,541.64
2022-03-31 22:19:29,541.58
2022-03-31 22:19:34,541.64
2022-03-31 22:19:39,541.58
2022-03-31 22:19:44,537.71
2022-03-31 22:19:49,541.48
2022-03-31 22:19:54,541.55
2022-03-31 22:19:59,541.42
2022-03-31 22:20:04,541.42
2022-03-31 22:20:09,541.42
2022-03-31 22:20:14,541.36
2022-03-31 22:20:19,541.29
2022-03-31 22:20:24,541.26
2022-03-31 22:20:29,541.19
2022-03-31 22:20:34,541.13
2022-03-31 22:20:39,541.12
2022-03-31 22:20:44,541.06
2022-03-31 22:20:49,541.06
2022-03-31 22:20:54,540.96
2022-03-31 22:20:59,540.9
2022-03-31 22:21:04,540.83
2022-03-31 22:21:09,540.77
2022-03-31 22:21:14,540.77
2022-03-31 22:21:19,540.74
2022-03-31 22:21:24,540.61
2022-03-31 22:21:29,540.54
2022-03-31 22:21:34,540.51
2022-03-31 22:21:39,540.44
2022-03-31 22:21:44,540.31
2022-03-31 22:21:49,540.25
2022-03-31 22:21:54,540.22
2022-03-31 22:21:59,540.09
2022-03-31 22:22:04,539.99
2022-03-31 22:22:09,539.87
2022-03-31 22:22:14,539.73
2022-03-31 22:22:19,539.64
2022-03-31 22:22:24,539.51
2022-03-31 22:22:29,539.41
2022-03-31 22:22:34,539.28
2022-03-31 22:22:39,539.18
2022-03-31 22:22:44,539.05
2022-03-31 22:22:49,538.96
2022-03-31 22:22:54,538.83
2022-03-31 22:22:59,538.7
2022-03-31 22:23:04,538.54
2022-03-31 22:23:09,538.37
2022-03-31 22:23:14,538.31
2022-03-31 22:23:19,538.08
2022-03-31 22:23:24,538.02
2022-03-31 22:23:29,537.86
2022-03-31 22:23:34,537.73
2022-03-31 22:23:39,537.57
2022-03-31 22:23:44,537.44
2022-03-31 22:23:49,537.34
2022-03-31 22:23:54,537.21
2022-03-31 22:23:59,537.05
2022-03-31 22:24:04,536.89
2022-03-31 22:24:09,536.82
2022-03-31 22:24:14,536.63
2022-03-31 22:24:19,536.53
2022-03-31 22:24:24,536.47
2022-03-31 22:24:29,536.37
2022-03-31 22:24:34,536.31
2022-03-31 22:24:39,536.18
2022-03-31 22:24:44,536.11
2022-03-31 22:24:49,536.02
2022-03-31 22:24:54,536.02
2022-03-31 22:24:59,535.89
2022-03-31 22:25:04,535.86
2022-03-31 22:25:09,535.73
2022-03-31 22:25:14,535.66
2022-03-31 22:25:19,535.66
2022-03-31 22:25:24,535.57
2022-03-31 22:25:29,535.57
2022-03-31 22:25:34,535.44
2022-03-31 22:25:39,535.44
2022-03-31 22:25:44,535.37
2022-03-31 22:25:49,535.34
2022-03-31 22:25:54,535.35
2022-03-31 22:25:59,535.21
2022-03-31 22:26:04,535.15
2022-03-31 22:26:09,535.15
2022-03-31 22:26:14,535.09
2022-03-31 22:26:19,535.06
2022-03-31 22:26:24,534.99
2022-03-31 22:26:29,534.93
2022-03-31 22:26:34,534.83
2022-03-31 22:26:39,534.77
2022-03-31 22:26:44,534.7
2022-03-31 22:26:49,534.58
2022-03-31 22:26:54,534.54
2022-03-31 22:26:59,534.41
2022-03-31 22:27:04,534.32
2022-03-31 22:27:09,534.26
2022-03-31 22:27:14,534.13
2022-03-31 22:27:19,534.03
2022-03-31 22:27:24,533.97
2022-03-31 22:27:29,533.84
2022-03-31 22:27:34,533.68
2022-03-31 22:27:39,533.55
2022-03-31 22:27:44,533.45
2022-03-31 22:27:49,533.32
2022-03-31 22:27:54,533.29
2022-03-31 22:27:59,533.16
2022-03-31 22:28:04,533.04
2022-03-31 22:28:09,533.01
2022-03-31 22:28:14,532.94
2022-03-31 22:28:19,532.78
2022-03-31 22:28:24,532.65
2022-03-31 22:28:29,532.59
2022-03-31 22:28:34,532.52
2022-03-31 22:28:39,532.43
2022-03-31 22:28:44,532.3
2022-03-31 22:28:49,532.27
2022-03-31 22:28:54,532.14
2022-03-31 22:28:59,532.08
2022-03-31 22:29:04,531.98
2022-03-31 22:29:09,531.91
2022-03-31 22:29:14,531.79
2022-03-31 22:29:19,531.75
2022-03-31 22:29:24,531.63
2022-03-31 22:29:29,531.56
2022-03-31 22:29:34,531.5
2022-03-31 22:29:39,531.46
2022-03-31 22:29:44,531.4
2022-03-31 22:29:49,531.34
2022-03-31 22:29:54,531.24
2022-03-31 22:29:59,531.18
2022-03-31 22:30:04,531.05
2022-03-31 22:30:09,530.98
2022-03-31 22:30:14,530.98
2022-03-31 22:30:19,537.71
2022-03-31 22:30:24,530.83
2022-03-31 22:30:29,530.76
2022-03-31 22:30:34,530.76
2022-03-31 22:30:39,530.73
2022-03-31 22:30:44,530.73
2022-03-31 22:30:49,537.71
2022-03-31 22:30:54,530.6
2022-03-31 22:30:59,530.61
2022-03-31 22:31:04,530.61
2022-03-31 22:31:09,530.54
2022-03-31 22:31:14,530.54
2022-03-31 22:31:19,530.48
2022-03-31 22:31:24,530.48
2022-03-31 22:31:29,530.48
2022-03-31 22:31:34,530.48
2022-03-31 22:31:39,530.48
2022-03-31 22:31:44,530.48
2022-03-31 22:31:49,530.48
2022-03-31 22:31:54,530.55
2022-03-31 22:31:59,530.48
2022-03-31 22:32:04,530.61
2022-03-31 22:32:09,530.61
2022-03-31 22:32:14,530.55
2022-03-31 22:32:19,530.61
2022-03-31 22:32:24,530.68
2022-03-31 22:32:29,530.74
2022-03-31 22:32:34,530.74
2022-03-31 22:32:39,530.78
2022-03-31 22:32:44,530.91
2022-03-31 22:32:49,530.97
2022-03-31 22:32:54,531.0
2022-03-31 22:32:59,531.2
2022-03-31 22:33:04,531.2
2022-03-31 22:33:09,531.36
2022-03-31 22:33:14,531.42
2022-03-31 22:33:19,531.52
2022-03-31 22:33:24,531.65
2022-03-31 22:33:29,531.81
2022-03-31 22:33:34,531.88
2022-03-31 22:33:39,532.04
2022-03-31 22:33:44,532.17
2022-03-31 22:33:49,532.33
2022-03-31 22:33:54,532.46
2022-03-31 22:33:59,532.62
2022-03-31 22:34:04,532.82
2022-03-31 22:34:09,532.91
2022-03-31 22:34:14,533.08
2022-03-31 22:34:19,533.2
2022-03-31 22:34:24,533.49
2022-03-31 22:34:29,533.59
2022-03-31 22:34:34,533.79
2022-03-31 22:34:39,534.01
2022-03-31 22:34:44,534.11
2022-03-31 22:34:49,534.3
2022-03-31 22:34:54,534.47
2022-03-31 22:34:59,534.63
2022-03-31 22:35:04,534.89
2022-03-31 22:35:09,535.05
2022-03-31 22:35:14,535.21
2022-03-31 22:35:19,535.4
2022-03-31 22:35:24,535.63
2022-03-31 22:35:29,535.79
2022-03-31 22:35:34,536.02
2022-03-31 22:35:39,536.18
2022-03-31 22:35:44,536.44
2022-03-31 22:35:49,536.6
2022-03-31 22:35:54,536.82
2022-03-31 22:35:59,536.99
2022-03-31 22:36:04,537.28
2022-03-31 22:36:09,537.5
2022-03-31 22:36:14,537.73
2022-03-31 22:36:19,537.92
2022-03-31 22:36:24,538.15
2022-03-31 22:36:29,538.31
2022-03-31 22:36:34,538.53
2022-03-31 22:36:39,538.73
2022-03-31 22:36:44,538.96
2022-03-31 22:36:49,539.12
2022-03-31 22:36:54,539.28
2022-03-31 22:36:59,539.54
2022-03-31 22:37:04,539.7
2022-03-31 22:37:09,539.86
2022-03-31 22:37:14,540.05
2022-03-31 22:37:19,540.15
2022-03-31 22:37:24,540.31
2022-03-31 22:37:29,540.5
2022-03-31 22:37:34,540.66
2022-03-31 22:37:39,540.79
2022-03-31 22:37:44,540.95
2022-03-31 22:37:49,541.11
2022-03-31 22:37:54,541.24
2022-03-31 22:37:59,541.34
2022-03-31 22:38:04,541.47
2022-03-31 22:38:09,541.6
2022-03-31 22:38:14,541.76
2022-03-31 22:38:19,541.82
2022-03-31 22:38:24,541.92
2022-03-31 22:38:29,542.11
2022-03-31 22:38:34,542.14
2022-03-31 22:38:39,542.21
2022-03-31 22:38:44,542.33
2022-03-31 22:38:49,542.37
2022-03-31 22:38:54,542.5
2022-03-31 22:38:59,542.63
2022-03-31 22:39:04,542.66
2022-03-31 22:39:09,542.72
2022-03-31 22:39:14,542.72
2022-03-31 22:39:19,542.78
2022-03-31 22:39:24,542.85
2022-03-31 22:39:29,542.94
2022-03-31 22:39:34,543.01
2022-03-31 22:39:39,543.0
2022-03-31 22:39:44,543.07
2022-03-31 22:39:49,543.07
2022-03-31 22:39:54,543.13
2022-03-31 22:39:59,543.16
2022-03-31 22:40:04,543.16
2022-03-31 22:40:09,543.16
2022-03-31 22:40:14,543.23
2022-03-31 22:40:19,543.29
2022-03-31 22:40:24,543.29
2022-03-31 22:40:29,543.29
2022-03-31 22:40:34,543.35
2022-03-31 22:40:39,543.38
2022-03-31 22:40:44,543.38
2022-03-31 22:40:49,543.38
2022-03-31 22:40:54,543.38
2022-03-31 22:40:59,543.45
2022-03-31 22:41:04,543.45
2022-03-31 22:41:09,543.45
2022-03-31 22:41:14,543.45
2022-03-31 22:41:19,543.51
2022-03-31 22:41:24,543.51
2022-03-31 22:41:29,543.51
2022-03-31 22:41:34,543.51
2022-03-31 22:41:39,543.51
2022-03-31 22:41:44,543.44
2022-03-31 22:41:49,543.44
2022-03-31 22:41:54,543.44
2022-03-31 22:41:59,543.38
2022-03-31 22:42:04,543.38
2022-03-31 22:42:09,543.35
2022-03-31 22:42:14,543.35
2022-03-31 22:42:19,543.28
2022-03-31 22:42:24,543.28
2022-03-31 22:42:29,543.22
2022-03-31 22:42:34,543.15
2022-03-31 22:42:39,543.15
2022-03-31 22:42:44,543.12
2022-03-31 22:42:49,543.05
2022-03-31 22:42:54,542.99
2022-03-31 22:42:59,542.99
2022-03-31 22:43:04,542.83
2022-03-31 22:43:09,542.83
2022-03-31 22:43:14,542.77
2022-03-31 22:43:19,542.7
2022-03-31 22:43:24,542.63
2022-03-31 22:43:29,542.61
2022-03-31 22:43:34,542.48
2022-03-31 22:43:39,542.48
2022-03-31 22:43:44,542.41
2022-03-31 22:43:49,542.25
2022-03-31 22:43:54,542.25
2022-03-31 22:43:59,542.12
2022-03-31 22:44:04,542.09
2022-03-31 22:44:09,541.96
2022-03-31 22:44:14,541.9
2022-03-31 22:44:19,541.84
2022-03-31 22:44:24,541.74
2022-03-31 22:44:29,541.61
2022-03-31 22:44:34,541.51
2022-03-31 22:44:39,541.51
2022-03-31 22:44:44,541.32
2022-03-31 22:44:49,541.29
2022-03-31 22:44:54,541.29
2022-03-31 22:44:59,541.16
2022-03-31 22:45:04,541.1
2022-03-31 22:45:09,541.0
2022-03-31 22:45:14,541.0
2022-03-31 22:45:19,540.88
2022-03-31 22:45:24,540.81
2022-03-31 22:45:29,540.78
2022-03-31 22:45:34,540.65
2022-03-31 22:45:39,540.59
2022-03-31 22:45:44,540.56
2022-03-31 22:45:49,540.43
2022-03-31 22:45:54,540.43
2022-03-31 22:45:59,540.3
2022-03-31 22:46:04,540.27
2022-03-31 22:46:09,540.14
2022-03-31 22:46:14,540.14
2022-03-31 22:46:19,539.98
2022-03-31 22:46:24,539.92
2022-03-31 22:46:29,539.85
2022-03-31 22:46:34,539.76
2022-03-31 22:46:39,539.69
2022-03-31 22:46:44,539.63
2022-03-31 22:46:49,539.53
2022-03-31 22:46:54,539.47
2022-03-31 22:46:59,539.4
2022-03-31 22:47:04,539.28
2022-03-31 22:47:09,539.18
2022-03-31 22:47:14,539.18
2022-03-31 22:47:19,539.05
2022-03-31 22:47:24,539.02
2022-03-31 22:47:29,538.89
2022-03-31 22:47:34,538.89
2022-03-31 22:47:39,538.76
2022-03-31 22:47:44,538.67
2022-03-31 22:47:49,538.54
2022-03-31 22:47:54,538.54
2022-03-31 22:47:59,538.38
2022-03-31 22:48:04,538.32
2022-03-31 22:48:09,538.22
2022-03-31 22:48:14,538.15
2022-03-31 22:48:19,538.09
2022-03-31 22:48:24,538.0
2022-03-31 22:48:29,537.87
2022-03-31 22:48:34,537.8
2022-03-31 22:48:39,537.74
2022-03-31 22:48:44,537.71
2022-03-31 22:48:49,537.58
2022-03-31 22:48:54,537.52
2022-03-31 22:48:59,537.42
2022-03-31 22:49:04,537.42
2022-03-31 22:49:09,537.29
2022-03-31 22:49:14,537.23
2022-03-31 22:49:19,537.19
2022-03-31 22:49:24,537.13
2022-03-31 22:49:29,537.0
2022-03-31 22:49:34,537.0
2022-03-31 22:49:39,536.91
2022-03-31 22:49:44,536.84
2022-03-31 22:49:49,536.78
2022-03-31 22:49:54,536.78
2022-03-31 22:49:59,536.72
2022-03-31 22:50:04,536.68
2022-03-31 22:50:09,536.62
2022-03-31 22:50:14,536.56
2022-03-31 22:50:19,536.49
2022-03-31 22:50:24,536.49
2022-03-31 22:50:29,536.46
2022-03-31 22:50:34,536.5
2022-03-31 22:50:39,536.46
2022-03-31 22:50:44,536.47
2022-03-31 22:50:49,536.4
2022-03-31 22:50:54,536.4
2022-03-31 22:50:59,536.34
2022-03-31 22:51:04,536.4
2022-03-31 22:51:09,536.41
2022-03-31 22:51:14,536.4
2022-03-31 22:51:19,536.41
2022-03-31 22:51:24,536.41
2022-03-31 22:51:29,536.34
2022-03-31 22:51:34,536.41
2022-03-31 22:51:39,536.41
2022-03-31 22:51:44,536.48
2022-03-31 22:51:49,536.48
2022-03-31 22:51:54,536.48
2022-03-31 22:51:59,536.57
2022-03-31 22:52:04,536.58
2022-03-31 22:52:09,536.58
2022-03-31 22:52:14,536.71
2022-03-31 22:52:19,536.71
2022-03-31 22:52:24,536.81
2022-03-31 22:52:29,536.87
2022-03-31 22:52:34,536.94
2022-03-31 22:52:39,536.94
2022-03-31 22:52:44,537.0
2022-03-31 22:52:49,537.1
2022-03-31 22:52:54,537.17
2022-03-31 22:52:59,537.23
2022-03-31 22:53:04,537.27
2022-03-31 22:53:09,537.33
2022-03-31 22:53:14,537.4
2022-03-31 22:53:19,537.53
2022-03-31 22:53:24,537.56
2022-03-31 22:53:29,537.62
2022-03-31 22:53:34,537.69
2022-03-31 22:53:39,537.79
2022-03-31 22:53:44,537.85
2022-03-31 22:53:49,537.85
2022-03-31 22:53:54,537.98
2022-03-31 22:53:59,537.98
2022-03-31 22:54:04,538.08
2022-03-31 22:54:09,538.08
2022-03-31 22:54:14,538.21
2022-03-31 22:54:19,538.21
2022-03-31 22:54:24,538.28
2022-03-31 22:54:29,538.3
2022-03-31 22:54:34,538.37
2022-03-31 22:54:39,538.37
2022-03-31 22:54:44,538.44
2022-03-31 22:54:49,538.5
2022-03-31 22:54:54,538.57
2022-03-31 22:54:59,538.57
2022-03-31 22:55:04,538.57
2022-03-31 22:55:09,538.6
2022-03-31 22:55:14,538.6
2022-03-31 22:55:19,538.6
2022-03-31 22:55:24,538.66
2022-03-31 22:55:29,538.73
2022-03-31 22:55:34,538.73
2022-03-31 22:55:39,538.73
2022-03-31 22:55:44,538.79
2022-03-31 22:55:49,538.8
2022-03-31 22:55:54,538.83
2022-03-31 22:55:59,538.89
2022-03-31 22:56:04,538.89
2022-03-31 22:56:09,538.95
2022-03-31 22:56:14,538.95
2022-03-31 22:56:19,538.95
2022-03-31 22:56:24,539.02
2022-03-31 22:56:29,539.02
2022-03-31 22:56:34,539.02
2022-03-31 22:56:39,539.02
2022-03-31 22:56:44,539.08
2022-03-31 22:56:49,539.08
2022-03-31 22:56:54,539.12
2022-03-31 22:56:59,539.08
2022-03-31 22:57:04,539.08
2022-03-31 22:57:09,539.11
2022-03-31 22:57:14,539.11
2022-03-31 22:57:19,539.12
2022-03-31 22:57:24,539.18
2022-03-31 22:57:29,539.12
2022-03-31 22:57:34,539.18
2022-03-31 22:57:39,539.18
2022-03-31 22:57:44,539.18
2022-03-31 22:57:49,539.24
2022-03-31 22:57:54,539.24
2022-03-31 22:57:59,539.24
2022-03-31 22:58:04,539.24
2022-03-31 22:58:09,539.24
2022-03-31 22:58:14,539.31
2022-03-31 22:58:19,539.24
2022-03-31 22:58:24,539.3
2022-03-31 22:58:29,539.24
2022-03-31 22:58:34,539.3
2022-03-31 22:58:39,539.3
2022-03-31 22:58:44,539.24
2022-03-31 22:58:49,539.3
2022-03-31 22:58:54,539.24
2022-03-31 22:58:59,539.23
2022-03-31 22:59:04,539.3
2022-03-31 22:59:09,539.23
2022-03-31 22:59:14,539.23
2022-03-31 22:59:19,539.23
2022-03-31 22:59:24,539.3
2022-03-31 22:59:29,539.3
2022-03-31 22:59:34,539.23
2022-03-31 22:59:39,539.23
2022-03-31 22:59:44,539.23
2022-03-31 22:59:49,539.23
2022-03-31 22:59:54,539.23
2022-03-31 22:59:59,539.23
2022-03-31 23:00:04,539.23
2022-03-31 23:00:09,539.17
2022-03-31 23:00:14,539.23
2022-03-31 23:00:19,539.17
2022-03-31 23:00:24,539.17
2022-03-31 23:00:29,539.17
2022-03-31 23:00:34,539.17
2022-03-31 23:00:39,539.17
2022-03-31 23:00:44,539.1
2022-03-31 23:00:49,539.1
2022-03-31 23:00:54,539.1
2022-03-31 23:00:59,539.1
2022-03-31 23:01:04,539.1
2022-03-31 23:01:09,539.1
2022-03-31 23:01:14,539.1
2022-03-31 23:01:19,539.1
2022-03-31 23:01:24,539.07
2022-03-31 23:01:29,539.1
2022-03-31 23:01:34,539.07
2022-03-31 23:01:39,539.07
2022-03-31 23:01:44,539.1
2022-03-31 23:01:49,539.07
2022-03-31 23:01:54,539.1
2022-03-31 23:01:59,539.1
2022-03-31 23:02:04,539.11
2022-03-31 23:02:09,539.1
2022-03-31 23:02:14,539.11
2022-03-31 23:02:19,539.17
2022-03-31 23:02:24,539.17
2022-03-31 23:02:29,539.24
2022-03-31 23:02:34,539.24
2022-03-31 23:02:39,539.3
2022-03-31 23:02:44,539.24
2022-03-31 23:02:49,539.3
2022-03-31 23:02:54,539.3
2022-03-31 23:02:59,539.3
2022-03-31 23:03:04,539.34
2022-03-31 23:03:09,539.3
2022-03-31 23:03:14,539.34
2022-03-31 23:03:19,539.34
2022-03-31 23:03:24,539.34
2022-03-31 23:03:29,539.34
2022-03-31 23:03:34,539.34
2022-03-31 23:03:39,539.4
2022-03-31 23:03:44,539.34
2022-03-31 23:03:49,539.34
2022-03-31 23:03:54,539.34
2022-03-31 23:03:59,539.4
2022-03-31 23:04:04,539.46
2022-03-31 23:04:09,539.46
2022-03-31 23:04:14,539.46
2022-03-31 23:04:19,539.46
2022-03-31 23:04:24,539.4
2022-03-31 23:04:29,539.46
2022-03-31 23:04:34,539.53
2022-03-31 23:04:39,539.53
2022-03-31 23:04:44,539.46
2022-03-31 23:04:49,539.53
2022-03-31 23:04:54,539.59
2022-03-31 23:04:59,539.53
2022-03-31 23:05:04,539.52
2022-03-31 23:05:09,539.53
2022-03-31 23:05:14,539.52
2022-03-31 23:05:19,539.59
2022-03-31 23:05:24,539.52
2022-03-31 23:05:29,539.52
2022-03-31 23:05:34,539.59
2022-03-31 23:05:39,539.52
2022-03-31 23:05:44,539.59
2022-03-31 23:05:49,539.59
2022-03-31 23:05:54,539.52
2022-03-31 23:05:59,539.52
2022-03-31 23:06:04,539.52
2022-03-31 23:06:09,539.52
2022-03-31 23:06:14,539.52
2022-03-31 23:06:19,539.52
2022-03-31 23:06:24,539.58
2022-03-31 23:06:29,539.58
2022-03-31 23:06:34,539.58
2022-03-31 23:06:39,539.61
2022-03-31 23:06:44,539.61
2022-03-31 23:06:49,539.58
2022-03-31 23:06:54,539.61
2022-03-31 23:06:59,539.58
2022-03-31 23:07:04,539.58
2022-03-31 23:07:09,539.61
2022-03-31 23:07:14,539.61
2022-03-31 23:07:19,539.6
2022-03-31 23:07:24,539.6
2022-03-31 23:07:29,539.67
2022-03-31 23:07:34,539.67
2022-03-31 23:07:39,539.67
2022-03-31 23:07:44,539.67
2022-03-31 23:07:49,539.73
2022-03-31 23:07:54,539.73
2022-03-31 23:07:59,539.73
2022-03-31 23:08:04,539.73
2022-03-31 23:08:09,539.73
2022-03-31 23:08:14,539.73
2022-03-31 23:08:19,539.79
2022-03-31 23:08:24,539.79
2022-03-31 23:08:29,539.81
2022-03-31 23:08:34,539.79
2022-03-31 23:08:39,539.78
2022-03-31 23:08:44,539.78
2022-03-31 23:08:49,539.81
2022-03-31 23:08:54,539.78
2022-03-31 23:08:59,539.78
2022-03-31 23:09:04,539.81
2022-03-31 23:09:09,539.78
2022-03-31 23:09:14,539.81
2022-03-31 23:09:19,539.81
2022-03-31 23:09:24,539.81
2022-03-31 23:09:29,539.81
2022-03-31 23:09:34,539.78
2022-03-31 23:09:39,539.81
2022-03-31 23:09:44,539.81
2022-03-31 23:09:49,539.81
2022-03-31 23:09:54,539.81
2022-03-31 23:09:59,539.88
2022-03-31 23:10:04,539.81
2022-03-31 23:10:09,539.87
2022-03-31 23:10:14,539.94
2022-03-31 23:10:19,539.87
2022-03-31 23:10:24,539.94
2022-03-31 23:10:29,539.93
2022-03-31 23:10:34,539.93
2022-03-31 23:10:39,539.93
2022-03-31 23:10:44,539.93
2022-03-31 23:10:49,540.0
2022-03-31 23:10:54,539.93
2022-03-31 23:10:59,540.0
2022-03-31 23:11:04,539.93
2022-03-31 23:11:09,540.0
2022-03-31 23:11:14,540.0
2022-03-31 23:11:19,540.06
2022-03-31 23:11:24,540.0
2022-03-31 23:11:29,537.71
2022-03-31 23:11:34,540.06
2022-03-31 23:11:39,540.06
2022-03-31 23:11:44,540.0
2022-03-31 23:11:49,540.0
2022-03-31 23:11:54,540.07
2022-03-31 23:11:59,540.0
2022-03-31 23:12:04,540.06
2022-03-31 23:12:09,540.06
2022-03-31 23:12:14,540.1
2022-03-31 23:12:19,540.06
2022-03-31 23:12:24,540.1
2022-03-31 23:12:29,540.06
2022-03-31 23:12:34,540.07
2022-03-31 23:12:39,540.1
2022-03-31 23:12:44,540.06
2022-03-31 23:12:49,540.06
2022-03-31 23:12:54,540.07
2022-03-31 23:12:59,540.07
2022-03-31 23:13:04,540.06
2022-03-31 23:13:09,540.0
2022-03-31 23:13:14,540.0
2022-03-31 23:13:19,540.0
2022-03-31 23:13:24,539.93
2022-03-31 23:13:29,539.87
2022-03-31 23:13:34,539.81
2022-03-31 23:13:39,539.87
2022-03-31 23:13:44,539.81
2022-03-31 23:13:49,537.71
2022-03-31 23:13:54,539.81
2022-03-31 23:13:59,539.77
2022-03-31 23:14:04,539.65
2022-03-31 23:14:09,539.59
2022-03-31 23:14:14,539.58
2022-03-31 23:14:19,539.59
2022-03-31 23:14:24,539.49
2022-03-31 23:14:29,539.42
2022-03-31 23:14:34,539.3
2022-03-31 23:14:39,539.26
2022-03-31 23:14:44,539.2
2022-03-31 23:14:49,539.13
2022-03-31 23:14:54,539.07
2022-03-31 23:14:59,538.97
2022-03-31 23:15:04,538.84
2022-03-31 23:15:09,538.75
2022-03-31 23:15:14,538.62
2022-03-31 23:15:19,538.52
2022-03-31 23:15:24,538.46
2022-03-31 23:15:29,538.33
2022-03-31 23:15:34,538.27
2022-03-31 23:15:39,538.17
2022-03-31 23:15:44,538.04
2022-03-31 23:15:49,537.95
2022-03-31 23:15:54,537.82
2022-03-31 23:15:59,537.75
2022-03-31 23:16:04,537.72
2022-03-31 23:16:09,537.53
2022-03-31 23:16:14,537.49
2022-03-31 23:16:19,537.43
2022-03-31 23:16:24,537.37
2022-03-31 23:16:29,537.24
2022-03-31 23:16:34,537.21
2022-03-31 23:16:39,537.14
2022-03-31 23:16:44,537.01
2022-03-31 23:16:49,536.92
2022-03-31 23:16:54,536.85
2022-03-31 23:16:59,536.79
2022-03-31 23:17:04,536.69
2022-03-31 23:17:09,536.63
2022-03-31 23:17:14,536.5
2022-03-31 23:17:19,536.5
2022-03-31 23:17:24,536.4
2022-03-31 23:17:29,536.28
2022-03-31 23:17:34,536.21
2022-03-31 23:17:39,536.12
2022-03-31 23:17:44,536.11
2022-03-31 23:17:49,535.99
2022-03-31 23:17:54,535.89
2022-03-31 23:17:59,535.89
2022-03-31 23:18:04,535.83
2022-03-31 23:18:09,535.76
2022-03-31 23:18:14,535.7
2022-03-31 23:18:19,535.6
2022-03-31 23:18:24,535.54
2022-03-31 23:18:29,535.54
2022-03-31 23:18:34,535.48
2022-03-31 23:18:39,535.38
2022-03-31 23:18:44,535.25
2022-03-31 23:18:49,535.25
2022-03-31 23:18:54,535.19
2022-03-31 23:18:59,535.16
2022-03-31 23:19:04,535.16
2022-03-31 23:19:09,535.03
2022-03-31 23:19:14,535.03
2022-03-31 23:19:19,534.93
2022-03-31 23:19:24,534.87
2022-03-31 23:19:29,534.74
2022-03-31 23:19:34,534.74
2022-03-31 23:19:39,534.68
2022-03-31 23:19:44,534.65
2022-03-31 23:19:49,534.59
2022-03-31 23:19:54,534.52
2022-03-31 23:19:59,534.45
2022-03-31 23:20:04,534.42
2022-03-31 23:20:09,534.3
2022-03-31 23:20:14,534.23
2022-03-31 23:20:19,534.23
2022-03-31 23:20:24,534.17
2022-03-31 23:20:29,534.14
2022-03-31 23:20:34,534.07
2022-03-31 23:20:39,534.01
2022-03-31 23:20:44,534.01
2022-03-31 23:20:49,533.95
2022-03-31 23:20:54,533.91
2022-03-31 23:20:59,533.85
2022-03-31 23:21:04,533.79
2022-03-31 23:21:09,533.79
2022-03-31 23:21:14,533.79
2022-03-31 23:21:19,533.72
2022-03-31 23:21:24,533.66
2022-03-31 23:21:29,533.66
2022-03-31 23:21:34,533.66
2022-03-31 23:21:39,533.66
2022-03-31 23:21:44,533.63
2022-03-31 23:21:49,533.63
2022-03-31 23:21:54,533.63
2022-03-31 23:21:59,533.63
2022-03-31 23:22:04,533.63
2022-03-31 23:22:09,533.63
2022-03-31 23:22:14,533.63
2022-03-31 23:22:19,533.66
2022-03-31 23:22:24,533.67
2022-03-31 23:22:29,533.66
2022-03-31 23:22:34,533.66
2022-03-31 23:22:39,533.66
2022-03-31 23:22:44,533.66
2022-03-31 23:22:49,533.73
2022-03-31 23:22:54,533.73
2022-03-31 23:22:59,533.79
2022-03-31 23:23:04,533.79
2022-03-31 23:23:09,533.79
2022-03-31 23:23:14,533.86
2022-03-31 23:23:19,533.92
2022-03-31 23:23:24,533.95
2022-03-31 23:23:29,534.02
2022-03-31 23:23:34,534.08
2022-03-31 23:23:39,534.15
2022-03-31 23:23:44,534.18
2022-03-31 23:23:49,534.31
2022-03-31 23:23:54,534.44
2022-03-31 23:23:59,534.53
2022-03-31 23:24:04,534.6
2022-03-31 23:24:09,534.69
2022-03-31 23:24:14,534.82
2022-03-31 23:24:19,537.71
2022-03-31 23:24:24,535.11
2022-03-31 23:24:29,535.21
2022-03-31 23:24:34,535.34
2022-03-31 23:24:39,535.46
2022-03-31 23:24:44,535.63
2022-03-31 23:24:49,535.72
2022-03-31 23:24:54,535.92
2022-03-31 23:24:59,535.98
2022-03-31 23:25:04,536.14
2022-03-31 23:25:09,536.3
2022-03-31 23:25:14,536.43
2022-03-31 23:25:19,536.59
2022-03-31 23:25:24,536.72
2022-03-31 23:25:29,536.81
2022-03-31 23:25:34,537.0
2022-03-31 23:25:39,537.1
2022-03-31 23:25:44,537.26
2022-03-31 23:25:49,537.39
2022-03-31 23:25:54,537.52
2022-03-31 23:25:59,537.68
2022-03-31 23:26:04,537.77
2022-03-31 23:26:09,537.9
2022-03-31 23:26:14,538.06
2022-03-31 23:26:19,538.19
2022-03-31 23:26:24,538.35
2022-03-31 23:26:29,538.48
2022-03-31 23:26:34,538.54
2022-03-31 23:26:39,538.64
2022-03-31 23:26:44,538.77
2022-03-31 23:26:49,538.86
2022-03-31 23:26:54,538.99
2022-03-31 23:26:59,539.05
2022-03-31 23:27:04,539.09
2022-03-31 23:27:09,539.28
2022-03-31 23:27:14,539.31
2022-03-31 23:27:19,539.38
2022-03-31 23:27:24,539.5
2022-03-31 23:27:29,539.6
2022-03-31 23:27:34,539.67
2022-03-31 23:27:39,539.79
2022-03-31 23:27:44,539.83
2022-03-31 23:27:49,539.89
2022-03-31 23:27:54,540.02
2022-03-31 23:27:59,540.08
2022-03-31 23:28:04,540.18
2022-03-31 23:28:09,540.25
2022-03-31 23:28:14,540.34
2022-03-31 23:28:19,540.34
2022-03-31 23:28:24,540.47
2022-03-31 23:28:29,540.54
2022-03-31 23:28:34,540.54
2022-03-31 23:28:39,540.63
2022-03-31 23:28:44,540.7
2022-03-31 23:28:49,540.7
2022-03-31 23:28:54,540.76
2022-03-31 23:28:59,540.76
2022-03-31 23:29:04,540.82
2022-03-31 23:29:09,540.86
2022-03-31 23:29:14,540.86
2022-03-31 23:29:19,540.92
2022-03-31 23:29:24,540.92
2022-03-31 23:29:29,540.92
2022-03-31 23:29:34,540.92
2022-03-31 23:29:39,540.99
2022-03-31 23:29:44,540.99
2022-03-31 23:29:49,541.06
2022-03-31 23:29:54,541.05
2022-03-31 23:29:59,540.99
2022-03-31 23:30:04,541.05
2022-03-31 23:30:09,541.06
2022-03-31 23:30:14,541.06
2022-03-31 23:30:19,541.06
2022-03-31 23:30:24,541.05
2022-03-31 23:30:29,541.06
2022-03-31 23:30:34,541.06
2022-03-31 23:30:39,540.99
2022-03-31 23:30:44,540.99
2022-03-31 23:30:49,540.93
2022-03-31 23:30:54,540.92
2022-03-31 23:30:59,540.86
2022-03-31 23:31:04,540.76
2022-03-31 23:31:09,540.76
2022-03-31 23:31:14,540.63
2022-03-31 23:31:19,540.6
2022-03-31 23:31:24,540.54
2022-03-31 23:31:29,540.47
2022-03-31 23:31:34,540.41
2022-03-31 23:31:39,540.31
2022-03-31 23:31:44,540.25
2022-03-31 23:31:49,540.18
2022-03-31 23:31:54,540.12
2022-03-31 23:31:59,540.02
2022-03-31 23:32:04,539.96
2022-03-31 23:32:09,539.89
2022-03-31 23:32:14,539.83
2022-03-31 23:32:19,539.79
2022-03-31 23:32:24,539.73
2022-03-31 23:32:29,539.57
2022-03-31 23:32:34,539.5
2022-03-31 23:32:39,539.44
2022-03-31 23:32:44,539.37
2022-03-31 23:32:49,539.28
2022-03-31 23:32:54,539.21
2022-03-31 23:32:59,539.08
2022-03-31 23:33:04,538.99
2022-03-31 23:33:09,538.86
2022-03-31 23:33:14,538.76
2022-03-31 23:33:19,538.69
2022-03-31 23:33:24,538.53
2022-03-31 23:33:29,538.47
2022-03-31 23:33:34,538.34
2022-03-31 23:33:39,538.24
2022-03-31 23:33:44,538.11
2022-03-31 23:33:49,538.01
2022-03-31 23:33:54,537.88
2022-03-31 23:33:59,537.75
2022-03-31 23:34:04,537.66
2022-03-31 23:34:09,537.52
2022-03-31 23:34:14,537.43
2022-03-31 23:34:19,537.3
2022-03-31 23:34:24,537.2
2022-03-31 23:34:29,537.07
2022-03-31 23:34:34,536.97
2022-03-31 23:34:39,536.84
2022-03-31 23:34:44,536.71
2022-03-31 23:34:49,536.68
2022-03-31 23:34:54,536.49
2022-03-31 23:34:59,536.39
2022-03-31 23:35:04,536.32
2022-03-31 23:35:09,536.2
2022-03-31 23:35:14,536.1
2022-03-31 23:35:19,535.97
2022-03-31 23:35:24,535.87
2022-03-31 23:35:29,535.74
2022-03-31 23:35:34,535.67
2022-03-31 23:35:39,535.58
2022-03-31 23:35:44,535.45
2022-03-31 23:35:49,535.35
2022-03-31 23:35:54,535.22
2022-03-31 23:35:59,535.16
2022-03-31 23:36:04,535.12
2022-03-31 23:36:09,535.05
2022-03-31 23:36:14,534.99
2022-03-31 23:36:19,534.89
2022-03-31 23:36:24,534.83
2022-03-31 23:36:29,534.69
2022-03-31 23:36:34,534.63
2022-03-31 23:36:39,534.6
2022-03-31 23:36:44,534.47
2022-03-31 23:36:49,534.47
2022-03-31 23:36:54,534.37
2022-03-31 23:36:59,534.3
2022-03-31 23:37:04,534.24
2022-03-31 23:37:09,534.18
2022-03-31 23:37:14,534.11
2022-03-31 23:37:19,534.08
2022-03-31 23:37:24,534.01
2022-03-31 23:37:29,533.88
2022-03-31 23:37:34,533.85
2022-03-31 23:37:39,533.79
2022-03-31 23:37:44,533.72
2022-03-31 23:37:49,533.65
2022-03-31 23:37:54,533.59
2022-03-31 23:37:59,533.56
2022-03-31 23:38:04,533.56
2022-03-31 23:38:09,533.5
2022-03-31 23:38:14,533.49
2022-03-31 23:38:19,533.43
2022-03-31 23:38:24,533.37
2022-03-31 23:38:29,533.33
2022-03-31 23:38:34,533.33
2022-03-31 23:38:39,533.27
2022-03-31 23:38:44,533.27
2022-03-31 23:38:49,533.2
2022-03-31 23:38:54,533.14
2022-03-31 23:38:59,533.14
2022-03-31 23:39:04,533.04
2022-03-31 23:39:09,533.04
2022-03-31 23:39:14,532.98
2022-03-31 23:39:19,532.98
2022-03-31 23:39:24,532.91
2022-03-31 23:39:29,532.85
2022-03-31 23:39:34,532.85
2022-03-31 23:39:39,532.82
2022-03-31 23:39:44,532.75
2022-03-31 23:39:49,532.69
2022-03-31 23:39:54,532.69
2022-03-31 23:39:59,532.62
2022-03-31 23:40:04,532.62
2022-03-31 23:40:09,532.56
2022-03-31 23:40:14,532.53
2022-03-31 23:40:19,532.53
2022-03-31 23:40:24,532.53
2022-03-31 23:40:29,532.46
2022-03-31 23:40:34,532.46
2022-03-31 23:40:39,532.46
2022-03-31 23:40:44,532.46
2022-03-31 23:40:49,532.4
2022-03-31 23:40:54,532.4
2022-03-31 23:40:59,532.4
2022-03-31 23:41:04,532.4
2022-03-31 23:41:09,532.4
2022-03-31 23:41:14,532.4
2022-03-31 23:41:19,532.4
2022-03-31 23:41:24,532.46
2022-03-31 23:41:29,532.47
2022-03-31 23:41:34,532.47
2022-03-31 23:41:39,532.53
2022-03-31 23:41:44,532.56
2022-03-31 23:41:49,532.53
2022-03-31 23:41:54,532.56
2022-03-31 23:41:59,532.62
2022-03-31 23:42:04,532.63
2022-03-31 23:42:09,532.63
2022-03-31 23:42:14,532.69
2022-03-31 23:42:19,532.69
2022-03-31 23:42:24,532.76
2022-03-31 23:42:29,532.76
2022-03-31 23:42:34,532.82
2022-03-31 23:42:39,532.82
2022-03-31 23:42:44,532.86
2022-03-31 23:42:49,532.86
2022-03-31 23:42:54,532.92
2022-03-31 23:42:59,532.98
2022-03-31 23:43:04,532.98
2022-03-31 23:43:09,533.05
2022-03-31 23:43:14,533.05
2022-03-31 23:43:19,533.05
2022-03-31 23:43:24,533.08
2022-03-31 23:43:29,533.08
2022-03-31 23:43:34,533.21
2022-03-31 23:43:39,533.21
2022-03-31 23:43:44,533.21
2022-03-31 23:43:49,533.28
2022-03-31 23:43:54,533.27
2022-03-31 23:43:59,533.34
2022-03-31 23:44:04,533.34
2022-03-31 23:44:09,533.34
2022-03-31 23:44:14,537.71
2022-03-31 23:44:19,533.37
2022-03-31 23:44:24,533.44
2022-03-31 23:44:29,533.44
2022-03-31 23:44:34,533.44
2022-03-31 23:44:39,533.44
2022-03-31 23:44:44,533.57
2022-03-31 23:44:49,533.5
2022-03-31 23:44:54,533.57
2022-03-31 23:44:59,533.57
2022-03-31 23:45:04,533.57
2022-03-31 23:45:09,533.6
2022-03-31 23:45:14,533.66
2022-03-31 23:45:19,533.6
2022-03-31 23:45:24,533.66
2022-03-31 23:45:29,533.73
2022-03-31 23:45:34,533.73
2022-03-31 23:45:39,533.73
2022-03-31 23:45:44,533.8
2022-03-31 23:45:49,533.8
2022-03-31 23:45:54,533.8
2022-03-31 23:45:59,533.86
2022-03-31 23:46:04,533.89
2022-03-31 23:46:09,533.89
2022-03-31 23:46:14,533.89
2022-03-31 23:46:19,534.02
2022-03-31 23:46:24,534.09
2022-03-31 23:46:29,534.03
2022-03-31 23:46:34,534.12
2022-03-31 23:46:39,534.19
2022-03-31 23:46:44,534.25
2022-03-31 23:46:49,534.32
2022-03-31 23:46:54,534.32
2022-03-31 23:46:59,534.38
2022-03-31 23:47:04,534.38
2022-03-31 23:47:09,534.42
2022-03-31 23:47:14,534.55
2022-03-31 23:47:19,534.55
2022-03-31 23:47:24,534.64
2022-03-31 23:47:29,534.71
2022-03-31 23:47:34,534.71
2022-03-31 23:47:39,534.77
2022-03-31 23:47:44,534.9
2022-03-31 23:47:49,534.9
2022-03-31 23:47:54,534.94
2022-03-31 23:47:59,535.0
2022-03-31 23:48:04,535.07
2022-03-31 23:48:09,535.13
2022-03-31 23:48:14,535.23
2022-03-31 23:48:19,535.29
2022-03-31 23:48:24,535.36
2022-03-31 23:48:29,535.42
2022-03-31 23:48:34,535.58
2022-03-31 23:48:39,535.65
2022-03-31 23:48:44,535.68
2022-03-31 23:48:49,535.81
2022-03-31 23:48:54,535.94
2022-03-31 23:48:59,535.97
2022-03-31 23:49:04,536.1
2022-03-31 23:49:09,536.17
2022-03-31 23:49:14,536.27
2022-03-31 23:49:19,536.4
2022-03-31 23:49:24,536.46
2022-03-31 23:49:29,536.56
2022-03-31 23:49:34,536.62
2022-03-31 23:49:39,536.72
2022-03-31 23:49:44,536.85
2022-03-31 23:49:49,536.91
2022-03-31 23:49:54,537.01
2022-03-31 23:49:59,537.14
2022-03-31 23:50:04,537.23
2022-03-31 23:50:09,537.36
2022-03-31 23:50:14,537.49
2022-03-31 23:50:19,537.58
2022-03-31 23:50:24,537.71
2022-03-31 23:50:29,537.81
2022-03-31 23:50:34,537.94
2022-03-31 23:50:39,538.03
2022-03-31 23:50:44,538.17
2022-03-31 23:50:49,538.23
2022-03-31 23:50:54,538.32
2022-03-31 23:50:59,538.45
2022-03-31 23:51:04,538.55
2022-03-31 23:51:09,538.62
2022-03-31 23:51:14,538.74
2022-03-31 23:51:19,538.84
2022-03-31 23:51:24,538.97
2022-03-31 23:51:29,539.03
2022-03-31 23:51:34,539.13
2022-03-31 23:51:39,539.26
2022-03-31 23:51:44,539.35
2022-03-31 23:51:49,539.42
2022-03-31 23:51:54,539.48
2022-03-31 23:51:59,539.64
2022-03-31 23:52:04,539.64
2022-03-31 23:52:09,539.8
2022-03-31 23:52:14,539.86
2022-03-31 23:52:19,539.93
2022-03-31 23:52:24,540.05
2022-03-31 23:52:29,540.15
2022-03-31 23:52:34,540.22
2022-03-31 23:52:39,540.28
2022-03-31 23:52:44,540.37
2022-03-31 23:52:49,540.44
2022-03-31 23:52:54,540.5
2022-03-31 23:52:59,540.57
2022-03-31 23:53:04,540.66
2022-03-31 23:53:09,540.73
2022-03-31 23:53:14,540.79
2022-03-31 23:53:19,540.82
2022-03-31 23:53:24,540.88
2022-03-31 23:53:29,540.94
2022-03-31 23:53:34,541.08
2022-03-31 23:53:39,541.11
2022-03-31 23:53:44,541.1
2022-03-31 23:53:49,541.17
2022-03-31 23:53:54,541.3
2022-03-31 23:53:59,541.33
2022-03-31 23:54:04,541.39
2022-03-31 23:54:09,541.45
2022-03-31 23:54:14,541.58
2022-03-31 23:54:19,541.61
2022-03-31 23:54:24,541.68
2022-03-31 23:54:29,541.74
2022-03-31 23:54:34,541.84
2022-03-31 23:54:39,541.9
2022-03-31 23:54:44,541.97
2022-03-31 23:54:49,542.03
2022-03-31 23:54:54,542.09
2022-03-31 23:54:59,542.19
2022-03-31 23:55:04,542.19
2022-03-31 23:55:09,542.32
2022-03-31 23:55:14,542.35
2022-03-31 23:55:19,542.42
2022-03-31 23:55:24,542.48
2022-03-31 23:55:29,542.61
2022-03-31 23:55:34,542.64
2022-03-31 23:55:39,542.7
2022-03-31 23:55:44,542.83
2022-03-31 23:55:49,542.86
2022-03-31 23:55:54,542.93
2022-03-31 23:55:59,543.06
2022-03-31 23:56:04,543.15
2022-03-31 23:56:09,543.22
2022-03-31 23:56:14,543.28
2022-03-31 23:56:19,543.35
2022-03-31 23:56:24,543.44
2022-03-31 23:56:29,543.51
2022-03-31 23:56:34,543.57
2022-03-31 23:56:39,543.67
2022-03-31 23:56:44,543.67
2022-03-31 23:56:49,543.8
2022-03-31 23:56:54,543.8
2022-03-31 23:56:59,543.86
2022-03-31 23:57:04,543.96
2022-03-31 23:57:09,543.96
2022-03-31 23:57:14,544.02
2022-03-31 23:57:19,544.09
2022-03-31 23:57:24,544.15
2022-03-31 23:57:29,544.18
2022-03-31 23:57:34,544.18
2022-03-31 23:57:39,544.25
2022-03-31 23:57:44,544.31
2022-03-31 23:57:49,544.38
2022-03-31 23:57:54,544.41
2022-03-31 23:57:59,544.47
2022-03-31 23:58:04,544.6
2022-03-31 23:58:09,544.61
2022-03-31 23:58:14,544.67
2022-03-31 23:58:19,544.7
2022-03-31 23:58:24,544.76
2022-03-31 23:58:29,544.83
2022-03-31 23:58:34,544.83
2022-03-31 23:58:39,544.9
2022-03-31 23:58:44,544.93
2022-03-31 23:58:49,544.99
2022-03-31 23:58:54,544.99
2022-03-31 23:58:59,545.06
2022-03-31 23:59:04,545.12
2022-03-31 23:59:09,545.12
2022-03-31 23:59:14,545.19
2022-03-31 23:59:19,545.19
2022-03-31 23:59:24,545.19
2022-03-31 23:59:29,545.22
2022-03-31 23:59:34,545.22
2022-03-31 23:59:39,545.22
2022-03-31 23:59:44,545.22
2022-03-31 23:59:49,545.22
2022-03-31 23:59:54,545.22
2022-03-31 23:59:59,545.22
2022-04-01 00:00:04,545.22
2022-04-01 00:00:09,545.19
2022-04-01 00:00:14,545.19
2022-04-01 00:00:19,545.19
2022-04-01 00:00:24,545.13
2022-04-01 00:00:29,545.13
2022-04-01 00:00:34,545.13
2022-04-01 00:00:39,545.13
2022-04-01 00:00:44,545.13
2022-04-01 00:00:49,545.06
2022-04-01 00:00:54,545.06
2022-04-01 00:00:59,545.0
2022-04-01 00:01:04,545.06
2022-04-01 00:01:09,544.93
2022-04-01 00:01:14,544.93
2022-04-01 00:01:19,544.9
2022-04-01 00:01:24,544.84
2022-04-01 00:01:29,544.77
2022-04-01 00:01:34,544.68
2022-04-01 00:01:39,544.68
2022-04-01 00:01:44,544.55
2022-04-01 00:01:49,544.42
2022-04-01 00:01:54,544.39
2022-04-01 00:01:59,544.26
2022-04-01 00:02:04,544.1
2022-04-01 00:02:09,544.04
2022-04-01 00:02:14,543.87
2022-04-01 00:02:19,543.75
2022-04-01 00:02:24,543.65
2022-04-01 00:02:29,543.46
2022-04-01 00:02:34,543.36
2022-04-01 00:02:39,543.17
2022-04-01 00:02:44,543.07
2022-04-01 00:02:49,542.88
2022-04-01 00:02:54,542.72
2022-04-01 00:02:59,542.62
2022-04-01 00:03:04,542.43
2022-04-01 00:03:09,542.27
2022-04-01 00:03:14,542.14
2022-04-01 00:03:19,541.98
2022-04-01 00:03:24,541.82
2022-04-01 00:03:29,541.63
2022-04-01 00:03:34,541.53
2022-04-01 00:03:39,541.34
2022-04-01 00:03:44,541.18
2022-04-01 00:03:49,541.01
2022-04-01 00:03:54,540.88
2022-04-01 00:03:59,540.73
2022-04-01 00:04:04,540.57
2022-04-01 00:04:09,540.37
2022-04-01 00:04:14,540.21
2022-04-01 00:04:19,540.05
2022-04-01 00:04:24,539.92
2022-04-01 00:04:29,539.76
2022-04-01 00:04:34,539.57
2022-04-01 00:04:39,539.41
2022-04-01 00:04:44,539.28
2022-04-01 00:04:49,539.12
2022-04-01 00:04:54,538.96
2022-04-01 00:04:59,538.83
2022-04-01 00:05:04,538.67
2022-04-01 00:05:09,538.51
2022-04-01 00:05:14,538.32
2022-04-01 00:05:19,538.22
2022-04-01 00:05:24,538.03
2022-04-01 00:05:29,537.87
2022-04-01 00:05:34,537.74
2022-04-01 00:05:39,537.58
2022-04-01 00:05:44,537.42
2022-04-01 00:05:49,537.23
2022-04-01 00:05:54,537.13
2022-04-01 00:05:59,536.97
2022-04-01 00:06:04,536.78
2022-04-01 00:06:09,536.62
2022-04-01 00:06:14,536.49
2022-04-01 00:06:19,536.33
2022-04-01 00:06:24,536.17
2022-04-01 00:06:29,536.11
2022-04-01 00:06:34,535.95
2022-04-01 00:06:39,535.82
2022-04-01 00:06:44,535.69
2022-04-01 00:06:49,535.53
2022-04-01 00:06:54,535.47
2022-04-01 00:06:59,535.37
2022-04-01 00:07:04,535.24
2022-04-01 00:07:09,535.15
2022-04-01 00:07:14,535.02
2022-04-01 00:07:19,534.95
2022-04-01 00:07:24,534.86
2022-04-01 00:07:29,534.73
2022-04-01 00:07:34,534.63
2022-04-01 00:07:39,534.57
2022-04-01 00:07:44,534.44
2022-04-01 00:07:49,534.41
2022-04-01 00:07:54,534.28
2022-04-01 00:07:59,534.21
2022-04-01 00:08:04,534.15
2022-04-01 00:08:09,534.05
2022-04-01 00:08:14,533.99
2022-04-01 00:08:19,533.92
2022-04-01 00:08:24,533.83
2022-04-01 00:08:29,533.76
2022-04-01 00:08:34,533.7
2022-04-01 00:08:39,533.6
2022-04-01 00:08:44,533.54
2022-04-01 00:08:49,533.47
2022-04-01 00:08:54,533.38
2022-04-01 00:08:59,533.31
2022-04-01 00:09:04,533.25
2022-04-01 00:09:09,533.12
2022-04-01 00:09:14,533.09
2022-04-01 00:09:19,532.96
2022-04-01 00:09:24,532.89
2022-04-01 00:09:29,532.86
2022-04-01 00:09:34,532.8
2022-04-01 00:09:39,532.73
2022-04-01 00:09:44,532.67
2022-04-01 00:09:49,532.6
2022-04-01 00:09:54,532.6
2022-04-01 00:09:59,532.57
2022-04-01 00:10:04,532.44
2022-04-01 00:10:09,532.38
2022-04-01 00:10:14,532.38
2022-04-01 00:10:19,532.34
2022-04-01 00:10:24,532.28
2022-04-01 00:10:29,532.21
2022-04-01 00:10:34,532.15
2022-04-01 00:10:39,532.15
2022-04-01 00:10:44,532.08
2022-04-01 00:10:49,532.05
2022-04-01 00:10:54,532.05
2022-04-01 00:10:59,532.05
2022-04-01 00:11:04,531.92
2022-04-01 00:11:09,537.71
2022-04-01 00:11:14,531.92
2022-04-01 00:11:19,531.92
2022-04-01 00:11:24,531.86
2022-04-01 00:11:29,531.86
2022-04-01 00:11:34,531.85
2022-04-01 00:11:39,531.86
2022-04-01 00:11:44,531.91
2022-04-01 00:11:49,531.91
2022-04-01 00:11:54,531.92
2022-04-01 00:11:59,531.98
2022-04-01 00:12:04,531.98
2022-04-01 00:12:09,532.04
2022-04-01 00:12:14,532.04
2022-04-01 00:12:19,532.07
2022-04-01 00:12:24,532.08
2022-04-01 00:12:29,532.14
2022-04-01 00:12:34,532.2
2022-04-01 00:12:39,532.26
2022-04-01 00:12:44,532.26
2022-04-01 00:12:49,532.36
2022-04-01 00:12:54,532.36
2022-04-01 00:12:59,532.43
2022-04-01 00:13:04,532.49
2022-04-01 00:13:09,532.55
2022-04-01 00:13:14,532.59
2022-04-01 00:13:19,532.72
2022-04-01 00:13:24,532.78
2022-04-01 00:13:29,532.84
2022-04-01 00:13:34,532.94
2022-04-01 00:13:39,533.01
2022-04-01 00:13:44,533.17
2022-04-01 00:13:49,533.23
2022-04-01 00:13:54,533.36
2022-04-01 00:13:59,533.46
2022-04-01 00:14:04,533.59
2022-04-01 00:14:09,533.58
2022-04-01 00:14:14,533.75
2022-04-01 00:14:19,533.81
2022-04-01 00:14:24,533.91
2022-04-01 00:14:29,534.04
2022-04-01 00:14:34,534.13
2022-04-01 00:14:39,534.26
2022-04-01 00:14:44,534.33
2022-04-01 00:14:49,534.42
2022-04-01 00:14:54,534.55
2022-04-01 00:14:59,534.65
2022-04-01 00:15:04,534.72
2022-04-01 00:15:09,534.84
2022-04-01 00:15:14,534.94
2022-04-01 00:15:19,535.07
2022-04-01 00:15:24,535.17
2022-04-01 00:15:29,535.23
2022-04-01 00:15:34,535.36
2022-04-01 00:15:39,535.43
2022-04-01 00:15:44,535.52
2022-04-01 00:15:49,535.65
2022-04-01 00:15:54,535.68
2022-04-01 00:15:59,535.81
2022-04-01 00:16:04,535.88
2022-04-01 00:16:09,535.98
2022-04-01 00:16:14,536.04
2022-04-01 00:16:19,536.11
2022-04-01 00:16:24,536.2
2022-04-01 00:16:29,536.27
2022-04-01 00:16:34,536.33
2022-04-01 00:16:39,536.4
2022-04-01 00:16:44,536.46
2022-04-01 00:16:49,536.56
2022-04-01 00:16:54,536.63
2022-04-01 00:16:59,536.72
2022-04-01 00:17:04,536.79
2022-04-01 00:17:09,536.85
2022-04-01 00:17:14,536.92
2022-04-01 00:17:19,536.98
2022-04-01 00:17:24,537.08
2022-04-01 00:17:29,537.08
2022-04-01 00:17:34,537.21
2022-04-01 00:17:39,537.24
2022-04-01 00:17:44,537.3
2022-04-01 00:17:49,537.37
2022-04-01 00:17:54,537.43
2022-04-01 00:17:59,537.53
2022-04-01 00:18:04,537.6
2022-04-01 00:18:09,537.66
2022-04-01 00:18:14,537.66
2022-04-01 00:18:19,537.76
2022-04-01 00:18:24,537.82
2022-04-01 00:18:29,537.89
2022-04-01 00:18:34,537.95
2022-04-01 00:18:39,538.02
2022-04-01 00:18:44,538.05
2022-04-01 00:18:49,538.12
2022-04-01 00:18:54,538.18
2022-04-01 00:18:59,538.25
2022-04-01 00:19:04,538.28
2022-04-01 00:19:09,538.28
2022-04-01 00:19:14,538.34
2022-04-01 00:19:19,538.41
2022-04-01 00:19:24,538.41
2022-04-01 00:19:29,538.54
2022-04-01 00:19:34,538.54
2022-04-01 00:19:39,538.57
2022-04-01 00:19:44,538.64
2022-04-01 00:19:49,538.7
2022-04-01 00:19:54,538.7
2022-04-01 00:19:59,538.76
2022-04-01 00:20:04,538.77
2022-04-01 00:20:09,538.8
2022-04-01 00:20:14,538.86
2022-04-01 00:20:19,538.86
2022-04-01 00:20:24,538.86
2022-04-01 00:20:29,538.99
2022-04-01 00:20:34,538.93
2022-04-01 00:20:39,538.99
2022-04-01 00:20:44,539.06
2022-04-01 00:20:49,539.06
2022-04-01 00:20:54,539.06
2022-04-01 00:20:59,539.09
2022-04-01 00:21:04,539.09
2022-04-01 00:21:09,539.09
2022-04-01 00:21:14,539.16
2022-04-01 00:21:19,539.09
2022-04-01 00:21:24,539.16
2022-04-01 00:21:29,539.22
2022-04-01 00:21:34,539.29
2022-04-01 00:21:39,539.29
2022-04-01 00:21:44,539.29
2022-04-01 00:21:49,539.29
2022-04-01 00:21:54,539.32
2022-04-01 00:21:59,539.32
2022-04-01 00:22:04,539.39
2022-04-01 00:22:09,539.45
2022-04-01 00:22:14,539.45
2022-04-01 00:22:19,539.52
2022-04-01 00:22:24,539.58
2022-04-01 00:22:29,539.58
2022-04-01 00:22:34,539.62
2022-04-01 00:22:39,539.68
2022-04-01 00:22:44,539.75
2022-04-01 00:22:49,539.81
2022-04-01 00:22:54,539.81
2022-04-01 00:22:59,539.81
2022-04-01 00:23:04,539.84
2022-04-01 00:23:09,539.91
2022-04-01 00:23:14,539.91
2022-04-01 00:23:19,539.98
2022-04-01 00:23:24,539.98
2022-04-01 00:23:29,539.98
2022-04-01 00:23:34,540.11
2022-04-01 00:23:39,540.11
2022-04-01 00:23:44,540.11
2022-04-01 00:23:49,540.14
2022-04-01 00:23:54,540.14
2022-04-01 00:23:59,540.21
2022-04-01 00:24:04,540.21
2022-04-01 00:24:09,540.27
2022-04-01 00:24:14,540.27
2022-04-01 00:24:19,540.34
2022-04-01 00:24:24,540.34
2022-04-01 00:24:29,540.37
2022-04-01 00:24:34,540.44
2022-04-01 00:24:39,540.44
2022-04-01 00:24:44,540.5
2022-04-01 00:24:49,540.5
2022-04-01 00:24:54,540.57
2022-04-01 00:24:59,540.57
2022-04-01 00:25:04,540.63
2022-04-01 00:25:09,540.67
2022-04-01 00:25:14,540.67
2022-04-01 00:25:19,540.73
2022-04-01 00:25:24,540.8
2022-04-01 00:25:29,540.86
2022-04-01 00:25:34,540.89
2022-04-01 00:25:39,537.71
2022-04-01 00:25:44,540.96
2022-04-01 00:25:49,541.09
2022-04-01 00:25:54,541.15
2022-04-01 00:25:59,541.15
2022-04-01 00:26:04,541.18
2022-04-01 00:26:09,541.24
2022-04-01 00:26:14,541.25
2022-04-01 00:26:19,541.38
2022-04-01 00:26:24,541.41
2022-04-01 00:26:29,541.47
2022-04-01 00:26:34,541.54
2022-04-01 00:26:39,541.6
2022-04-01 00:26:44,541.67
2022-04-01 00:26:49,541.7
2022-04-01 00:26:54,541.76
2022-04-01 00:26:59,541.83
2022-04-01 00:27:04,541.92
2022-04-01 00:27:09,541.92
2022-04-01 00:27:14,542.05
2022-04-01 00:27:19,542.05
2022-04-01 00:27:24,542.11
2022-04-01 00:27:29,542.18
2022-04-01 00:27:34,542.21
2022-04-01 00:27:39,542.27
2022-04-01 00:27:44,542.34
2022-04-01 00:27:49,542.34
2022-04-01 00:27:54,542.4
2022-04-01 00:27:59,542.43
2022-04-01 00:28:04,542.43
2022-04-01 00:28:09,542.5
2022-04-01 00:28:14,542.62
2022-04-01 00:28:19,542.63
2022-04-01 00:28:24,542.69
2022-04-01 00:28:29,542.72
2022-04-01 00:28:34,542.78
2022-04-01 00:28:39,542.78
2022-04-01 00:28:44,542.84
2022-04-01 00:28:49,542.91
2022-04-01 00:28:54,542.94
2022-04-01 00:28:59,542.94
2022-04-01 00:29:04,543.0
2022-04-01 00:29:09,543.06
2022-04-01 00:29:14,543.13
2022-04-01 00:29:19,543.13
2022-04-01 00:29:24,543.19
2022-04-01 00:29:29,543.19
2022-04-01 00:29:34,543.19
2022-04-01 00:29:39,543.22
2022-04-01 00:29:44,543.22
2022-04-01 00:29:49,543.29
2022-04-01 00:29:54,543.29
2022-04-01 00:29:59,543.35
2022-04-01 00:30:04,543.35
2022-04-01 00:30:09,543.35
2022-04-01 00:30:14,543.41
2022-04-01 00:30:19,543.44
2022-04-01 00:30:24,543.44
2022-04-01 00:30:29,543.51
2022-04-01 00:30:34,543.57
2022-04-01 00:30:39,543.64
2022-04-01 00:30:44,543.64
2022-04-01 00:30:49,543.7
2022-04-01 00:30:54,543.7
2022-04-01 00:30:59,543.73
2022-04-01 00:31:04,543.8
2022-04-01 00:31:09,543.8
2022-04-01 00:31:14,543.8
2022-04-01 00:31:19,543.86
2022-04-01 00:31:24,543.92
2022-04-01 00:31:29,543.92
2022-04-01 00:31:34,543.92
2022-04-01 00:31:39,543.95
2022-04-01 00:31:44,543.95
2022-04-01 00:31:49,544.02
2022-04-01 00:31:54,544.02
2022-04-01 00:31:59,544.02
2022-04-01 00:32:04,544.08
2022-04-01 00:32:09,544.15
2022-04-01 00:32:14,544.15
2022-04-01 00:32:19,544.15
2022-04-01 00:32:24,544.15
2022-04-01 00:32:29,544.21
2022-04-01 00:32:34,544.21
2022-04-01 00:32:39,544.25
2022-04-01 00:32:44,544.21
2022-04-01 00:32:49,544.21
2022-04-01 00:32:54,544.25
2022-04-01 00:32:59,544.24
2022-04-01 00:33:04,544.25
2022-04-01 00:33:09,544.24
2022-04-01 00:33:14,544.25
2022-04-01 00:33:19,544.25
2022-04-01 00:33:24,544.31
2022-04-01 00:33:29,544.31
2022-04-01 00:33:34,544.25
2022-04-01 00:33:39,544.37
2022-04-01 00:33:44,544.31
2022-04-01 00:33:49,544.38
2022-04-01 00:33:54,544.44
2022-04-01 00:33:59,544.44
2022-04-01 00:34:04,544.44
2022-04-01 00:34:09,544.44
2022-04-01 00:34:14,544.48
2022-04-01 00:34:19,544.54
2022-04-01 00:34:24,544.54
2022-04-01 00:34:29,544.54
2022-04-01 00:34:34,544.54
2022-04-01 00:34:39,544.6
2022-04-01 00:34:44,544.6
2022-04-01 00:34:49,544.67
2022-04-01 00:34:54,544.67
2022-04-01 00:34:59,544.67
2022-04-01 00:35:04,544.73
2022-04-01 00:35:09,544.74
2022-04-01 00:35:14,544.77
2022-04-01 00:35:19,544.83
2022-04-01 00:35:24,544.83
2022-04-01 00:35:29,544.83
2022-04-01 00:35:34,544.9
2022-04-01 00:35:39,544.9
2022-04-01 00:35:44,544.9
2022-04-01 00:35:49,544.9
2022-04-01 00:35:54,544.96
2022-04-01 00:35:59,544.9
2022-04-01 00:36:04,544.96
2022-04-01 00:36:09,544.96
2022-04-01 00:36:14,544.96
2022-04-01 00:36:19,544.96
2022-04-01 00:36:24,544.96
2022-04-01 00:36:29,544.96
2022-04-01 00:36:34,544.9
2022-04-01 00:36:39,544.96
2022-04-01 00:36:44,544.96
2022-04-01 00:36:49,544.9
2022-04-01 00:36:54,544.96
2022-04-01 00:36:59,544.9
2022-04-01 00:37:04,544.84
2022-04-01 00:37:09,544.9
2022-04-01 00:37:14,544.9
2022-04-01 00:37:19,544.84
2022-04-01 00:37:24,544.84
2022-04-01 00:37:29,544.84
2022-04-01 00:37:34,544.77
2022-04-01 00:37:39,544.84
2022-04-01 00:37:44,544.78
2022-04-01 00:37:49,544.78
2022-04-01 00:37:54,544.74
2022-04-01 00:37:59,544.78
2022-04-01 00:38:04,544.74
2022-04-01 00:38:09,544.74
2022-04-01 00:38:14,544.68
2022-04-01 00:38:19,544.68
2022-04-01 00:38:24,544.62
2022-04-01 00:38:29,544.55
2022-04-01 00:38:34,544.49
2022-04-01 00:38:39,544.46
2022-04-01 00:38:44,544.39
2022-04-01 00:38:49,544.33
2022-04-01 00:38:54,544.26
2022-04-01 00:38:59,544.23
2022-04-01 00:39:04,544.17
2022-04-01 00:39:09,544.11
2022-04-01 00:39:14,543.98
2022-04-01 00:39:19,543.95
2022-04-01 00:39:24,543.88
2022-04-01 00:39:29,543.82
2022-04-01 00:39:34,543.75
2022-04-01 00:39:39,543.66
2022-04-01 00:39:44,543.66
2022-04-01 00:39:49,543.59
2022-04-01 00:39:54,543.47
2022-04-01 00:39:59,543.43
2022-04-01 00:40:04,543.37
2022-04-01 00:40:09,543.3
2022-04-01 00:40:14,543.21
2022-04-01 00:40:19,543.15
2022-04-01 00:40:24,543.02
2022-04-01 00:40:29,543.02
2022-04-01 00:40:34,542.92
2022-04-01 00:40:39,542.86
2022-04-01 00:40:44,542.73
2022-04-01 00:40:49,542.73
2022-04-01 00:40:54,542.63
2022-04-01 00:40:59,542.57
2022-04-01 00:41:04,542.44
2022-04-01 00:41:09,542.41
2022-04-01 00:41:14,542.35
2022-04-01 00:41:19,542.28
2022-04-01 00:41:24,542.22
2022-04-01 00:41:29,542.12
2022-04-01 00:41:34,542.06
2022-04-01 00:41:39,541.99
2022-04-01 00:41:44,541.93
2022-04-01 00:41:49,541.9
2022-04-01 00:41:54,541.77
2022-04-01 00:41:59,541.77
2022-04-01 00:42:04,541.68
2022-04-01 00:42:09,541.55
2022-04-01 00:42:14,541.49
2022-04-01 00:42:19,541.42
2022-04-01 00:42:24,541.39
2022-04-01 00:42:29,541.33
2022-04-01 00:42:34,541.2
2022-04-01 00:42:39,541.17
2022-04-01 00:42:44,541.04
2022-04-01 00:42:49,541.04
2022-04-01 00:42:54,540.97
2022-04-01 00:42:59,537.71
2022-04-01 00:43:04,540.88
2022-04-01 00:43:09,540.81
2022-04-01 00:43:14,540.75
2022-04-01 00:43:19,540.68
2022-04-01 00:43:24,540.69
2022-04-01 00:43:29,540.68
2022-04-01 00:43:34,540.65
2022-04-01 00:43:39,540.65
2022-04-01 00:43:44,540.59
2022-04-01 00:43:49,540.52
2022-04-01 00:43:54,540.52
2022-04-01 00:43:59,540.52
2022-04-01 00:44:04,540.46
2022-04-01 00:44:09,540.46
2022-04-01 00:44:14,540.36
2022-04-01 00:44:19,540.36
2022-04-01 00:44:24,540.36
2022-04-01 00:44:29,540.3
2022-04-01 00:44:34,540.3
2022-04-01 00:44:39,540.23
2022-04-01 00:44:44,540.23
2022-04-01 00:44:49,540.17
2022-04-01 00:44:54,540.17
2022-04-01 00:44:59,540.17
2022-04-01 00:45:04,540.17
2022-04-01 00:45:09,540.14
2022-04-01 00:45:14,540.14
2022-04-01 00:45:19,540.13
2022-04-01 00:45:24,540.13
2022-04-01 00:45:29,540.13
2022-04-01 00:45:34,540.14
2022-04-01 00:45:39,540.13
2022-04-01 00:45:44,540.13
2022-04-01 00:45:49,540.07
2022-04-01 00:45:54,540.13
2022-04-01 00:45:59,540.13
2022-04-01 00:46:04,540.13
2022-04-01 00:46:09,540.13
2022-04-01 00:46:14,540.06
2022-04-01 00:46:19,540.13
2022-04-01 00:46:24,540.13
2022-04-01 00:46:29,540.13
2022-04-01 00:46:34,540.13
2022-04-01 00:46:39,540.13
2022-04-01 00:46:44,540.06
2022-04-01 00:46:49,540.12
2022-04-01 00:46:54,540.06
2022-04-01 00:46:59,540.06
2022-04-01 00:47:04,540.12
2022-04-01 00:47:09,540.12
2022-04-01 00:47:14,540.12
2022-04-01 00:47:19,540.12
2022-04-01 00:47:24,540.11
2022-04-01 00:47:29,540.11
2022-04-01 00:47:34,540.11
2022-04-01 00:47:39,540.15
2022-04-01 00:47:44,540.15
2022-04-01 00:47:49,540.15
2022-04-01 00:47:54,540.15
2022-04-01 00:47:59,540.21
2022-04-01 00:48:04,540.15
2022-04-01 00:48:09,540.15
2022-04-01 00:48:14,540.21
2022-04-01 00:48:19,540.21
2022-04-01 00:48:24,540.21
2022-04-01 00:48:29,540.21
2022-04-01 00:48:34,540.27
2022-04-01 00:48:39,540.27
2022-04-01 00:48:44,540.27
2022-04-01 00:48:49,540.27
2022-04-01 00:48:54,540.33
2022-04-01 00:48:59,540.33
2022-04-01 00:49:04,540.33
2022-04-01 00:49:09,540.33
2022-04-01 00:49:14,540.33
2022-04-01 00:49:19,540.36
2022-04-01 00:49:24,540.36
2022-04-01 00:49:29,540.36
2022-04-01 00:49:34,540.36
2022-04-01 00:49:39,540.36
2022-04-01 00:49:44,540.36
2022-04-01 00:49:49,540.36
2022-04-01 00:49:54,540.36
2022-04-01 00:49:59,540.36
2022-04-01 00:50:04,540.36
2022-04-01 00:50:09,540.36
2022-04-01 00:50:14,540.36
2022-04-01 00:50:19,540.36
2022-04-01 00:50:24,540.36
2022-04-01 00:50:29,540.36
2022-04-01 00:50:34,540.33
2022-04-01 00:50:39,540.33
2022-04-01 00:50:44,540.33
2022-04-01 00:50:49,540.33
2022-04-01 00:50:54,540.33
2022-04-01 00:50:59,540.33
2022-04-01 00:51:04,540.33
2022-04-01 00:51:09,540.36
2022-04-01 00:51:14,540.36
2022-04-01 00:51:19,540.36
2022-04-01 00:51:24,540.36
2022-04-01 00:51:29,540.36
2022-04-01 00:51:34,540.42
2022-04-01 00:51:39,540.43
2022-04-01 00:51:44,540.43
2022-04-01 00:51:49,540.49
2022-04-01 00:51:54,540.55
2022-04-01 00:51:59,540.56
2022-04-01 00:52:04,540.55
2022-04-01 00:52:09,540.62
2022-04-01 00:52:14,540.62
2022-04-01 00:52:19,540.62
2022-04-01 00:52:24,540.66
2022-04-01 00:52:29,540.72
2022-04-01 00:52:34,540.72
2022-04-01 00:52:39,540.78
2022-04-01 00:52:44,540.85
2022-04-01 00:52:49,540.85
2022-04-01 00:52:54,540.88
2022-04-01 00:52:59,540.95
2022-04-01 00:53:04,540.95
2022-04-01 00:53:09,541.07
2022-04-01 00:53:14,541.14
2022-04-01 00:53:19,541.14
2022-04-01 00:53:24,541.17
2022-04-01 00:53:29,541.23
2022-04-01 00:53:34,541.3
2022-04-01 00:53:39,541.37
2022-04-01 00:53:44,541.4
2022-04-01 00:53:49,541.46
2022-04-01 00:53:54,541.59
2022-04-01 00:53:59,541.59
2022-04-01 00:54:04,541.66
2022-04-01 00:54:09,541.69
2022-04-01 00:54:14,541.76
2022-04-01 00:54:19,541.82
2022-04-01 00:54:24,541.88
2022-04-01 00:54:29,541.88
2022-04-01 00:54:34,541.98
2022-04-01 00:54:39,542.05
2022-04-01 00:54:44,542.11
2022-04-01 00:54:49,542.17
2022-04-01 00:54:54,542.17
2022-04-01 00:54:59,542.27
2022-04-01 00:55:04,542.33
2022-04-01 00:55:09,542.33
2022-04-01 00:55:14,542.4
2022-04-01 00:55:19,542.43
2022-04-01 00:55:24,542.5
2022-04-01 00:55:29,542.56
2022-04-01 00:55:34,542.63
2022-04-01 00:55:39,542.69
2022-04-01 00:55:44,542.73
2022-04-01 00:55:49,542.72
2022-04-01 00:55:54,542.85
2022-04-01 00:55:59,542.85
2022-04-01 00:56:04,542.92
2022-04-01 00:56:09,542.95
2022-04-01 00:56:14,543.02
2022-04-01 00:56:19,543.02
2022-04-01 00:56:24,543.08
2022-04-01 00:56:29,543.14
2022-04-01 00:56:34,543.21
2022-04-01 00:56:39,543.24
2022-04-01 00:56:44,543.24
2022-04-01 00:56:49,543.24
2022-04-01 00:56:54,543.3
2022-04-01 00:56:59,543.31
2022-04-01 00:57:04,543.24
2022-04-01 00:57:09,543.31
2022-04-01 00:57:14,543.31
2022-04-01 00:57:19,543.24
2022-04-01 00:57:24,543.25
2022-04-01 00:57:29,543.24
2022-04-01 00:57:34,543.25
2022-04-01 00:57:39,543.21
2022-04-01 00:57:44,543.15
2022-04-01 00:57:49,543.15
2022-04-01 00:57:54,543.08
2022-04-01 00:57:59,543.08
2022-04-01 00:58:04,543.02
2022-04-01 00:58:09,542.96
2022-04-01 00:58:14,542.92
2022-04-01 00:58:19,542.86
2022-04-01 00:58:24,542.86
2022-04-01 00:58:29,542.8
2022-04-01 00:58:34,542.73
2022-04-01 00:58:39,542.73
2022-04-01 00:58:44,542.7
2022-04-01 00:58:49,542.7
2022-04-01 00:58:54,542.57
2022-04-01 00:58:59,542.58
2022-04-01 00:59:04,542.51
2022-04-01 00:59:09,542.51
2022-04-01 00:59:14,542.51
2022-04-01 00:59:19,542.45
2022-04-01 00:59:24,542.45
2022-04-01 00:59:29,542.42
2022-04-01 00:59:34,542.42
2022-04-01 00:59:39,537.71
2022-04-01 00:59:44,542.36
2022-04-01 00:59:49,542.36
2022-04-01 00:59:54,542.29
2022-04-01 00:59:59,542.29
2022-04-01 01:00:04,542.23
2022-04-01 01:00:09,542.2
2022-04-01 01:00:14,542.2
2022-04-01 01:00:19,542.13
2022-04-01 01:00:24,542.07
2022-04-01 01:00:29,542.13
2022-04-01 01:00:34,542.07
2022-04-01 01:00:39,542.07
2022-04-01 01:00:44,542.01
2022-04-01 01:00:49,542.01
2022-04-01 01:00:54,542.01
2022-04-01 01:00:59,541.94
2022-04-01 01:01:04,541.94
2022-04-01 01:01:09,541.91
2022-04-01 01:01:14,541.91
2022-04-01 01:01:19,541.85
2022-04-01 01:01:24,541.78
2022-04-01 01:01:29,541.72
2022-04-01 01:01:34,541.72
2022-04-01 01:01:39,541.69
2022-04-01 01:01:44,541.62
2022-04-01 01:01:49,541.56
2022-04-01 01:01:54,541.56
2022-04-01 01:01:59,541.43
2022-04-01 01:02:04,541.43
2022-04-01 01:02:09,541.33
2022-04-01 01:02:14,541.33
2022-04-01 01:02:19,541.27
2022-04-01 01:02:24,541.2
2022-04-01 01:02:29,541.17
2022-04-01 01:02:34,541.11
2022-04-01 01:02:39,541.11
2022-04-01 01:02:44,541.04
2022-04-01 01:02:49,540.98
2022-04-01 01:02:54,540.91
2022-04-01 01:02:59,540.82
2022-04-01 01:03:04,540.75
2022-04-01 01:03:09,540.69
2022-04-01 01:03:14,540.65
2022-04-01 01:03:19,540.59
2022-04-01 01:03:24,540.52
2022-04-01 01:03:29,540.46
2022-04-01 01:03:34,540.4
2022-04-01 01:03:39,540.36
2022-04-01 01:03:44,540.3
2022-04-01 01:03:49,540.23
2022-04-01 01:03:54,540.17
2022-04-01 01:03:59,540.14
2022-04-01 01:04:04,540.07
2022-04-01 01:04:09,540.01
2022-04-01 01:04:14,539.94
2022-04-01 01:04:19,539.94
2022-04-01 01:04:24,539.87
2022-04-01 01:04:29,537.71
2022-04-01 01:04:34,539.71
2022-04-01 01:04:39,539.61
2022-04-01 01:04:44,539.55
2022-04-01 01:04:49,539.55
2022-04-01 01:04:54,539.42
2022-04-01 01:04:59,539.35
2022-04-01 01:05:04,539.25
2022-04-01 01:05:09,539.19
2022-04-01 01:05:14,539.13
2022-04-01 01:05:19,539.09
2022-04-01 01:05:24,539.03
2022-04-01 01:05:29,538.9
2022-04-01 01:05:34,538.83
2022-04-01 01:05:39,538.83
2022-04-01 01:05:44,538.73
2022-04-01 01:05:49,538.67
2022-04-01 01:05:54,538.67
2022-04-01 01:05:59,538.6
2022-04-01 01:06:04,538.57
2022-04-01 01:06:09,538.5
2022-04-01 01:06:14,538.44
2022-04-01 01:06:19,538.44
2022-04-01 01:06:24,538.37
2022-04-01 01:06:29,538.31
2022-04-01 01:06:34,538.31
2022-04-01 01:06:39,538.28
2022-04-01 01:06:44,538.21
2022-04-01 01:06:49,538.21
2022-04-01 01:06:54,538.21
2022-04-01 01:06:59,538.21
2022-04-01 01:07:04,538.21
2022-04-01 01:07:09,538.14
2022-04-01 01:07:14,538.14
2022-04-01 01:07:19,538.07
2022-04-01 01:07:24,538.08
2022-04-01 01:07:29,538.08
2022-04-01 01:07:34,538.14
2022-04-01 01:07:39,538.07
2022-04-01 01:07:44,538.07
2022-04-01 01:07:49,538.07
2022-04-01 01:07:54,538.07
2022-04-01 01:07:59,538.14
2022-04-01 01:08:04,538.14
2022-04-01 01:08:09,538.14
2022-04-01 01:08:14,538.14
2022-04-01 01:08:19,538.14
2022-04-01 01:08:24,538.2
2022-04-01 01:08:29,538.2
2022-04-01 01:08:34,538.14
2022-04-01 01:08:39,538.2
2022-04-01 01:08:44,538.27
2022-04-01 01:08:49,538.27
2022-04-01 01:08:54,538.27
2022-04-01 01:08:59,538.3
2022-04-01 01:09:04,538.3
2022-04-01 01:09:09,538.3
2022-04-01 01:09:14,538.36
2022-04-01 01:09:19,538.43
2022-04-01 01:09:24,538.43
2022-04-01 01:09:29,538.43
2022-04-01 01:09:34,538.43
2022-04-01 01:09:39,538.49
2022-04-01 01:09:44,538.49
2022-04-01 01:09:49,538.56
2022-04-01 01:09:54,538.49
2022-04-01 01:09:59,538.56
2022-04-01 01:10:04,538.59
2022-04-01 01:10:09,538.59
2022-04-01 01:10:14,538.65
2022-04-01 01:10:19,538.65
2022-04-01 01:10:24,538.72
2022-04-01 01:10:29,538.78
2022-04-01 01:10:34,538.81
2022-04-01 01:10:39,538.81
2022-04-01 01:10:44,538.81
2022-04-01 01:10:49,538.88
2022-04-01 01:10:54,538.94
2022-04-01 01:10:59,539.0
2022-04-01 01:11:04,539.07
2022-04-01 01:11:09,539.07
2022-04-01 01:11:14,539.16
2022-04-01 01:11:19,539.23
2022-04-01 01:11:24,539.29
2022-04-01 01:11:29,539.32
2022-04-01 01:11:34,539.39
2022-04-01 01:11:39,539.52
2022-04-01 01:11:44,539.58
2022-04-01 01:11:49,539.62
2022-04-01 01:11:54,539.68
2022-04-01 01:11:59,539.74
2022-04-01 01:12:04,539.8
2022-04-01 01:12:09,539.84
2022-04-01 01:12:14,539.97
2022-04-01 01:12:19,540.03
2022-04-01 01:12:24,540.09
2022-04-01 01:12:29,540.12
2022-04-01 01:12:34,540.25
2022-04-01 01:12:39,540.32
2022-04-01 01:12:44,540.35
2022-04-01 01:12:49,540.41
2022-04-01 01:12:54,540.48
2022-04-01 01:12:59,540.54
2022-04-01 01:13:04,540.54
2022-04-01 01:13:09,540.6
2022-04-01 01:13:14,540.63
2022-04-01 01:13:19,540.7
2022-04-01 01:13:24,540.76
2022-04-01 01:13:29,540.82
2022-04-01 01:13:34,540.85
2022-04-01 01:13:39,540.85
2022-04-01 01:13:44,540.98
2022-04-01 01:13:49,540.98
2022-04-01 01:13:54,541.11
2022-04-01 01:13:59,541.11
2022-04-01 01:14:04,541.14
2022-04-01 01:14:09,541.2
2022-04-01 01:14:14,541.26
2022-04-01 01:14:19,541.33
2022-04-01 01:14:24,541.36
2022-04-01 01:14:29,541.42
2022-04-01 01:14:34,541.49
2022-04-01 01:14:39,541.55
2022-04-01 01:14:44,541.61
2022-04-01 01:14:49,541.65
2022-04-01 01:14:54,541.71
2022-04-01 01:14:59,541.77
2022-04-01 01:15:04,541.83
2022-04-01 01:15:09,541.86
2022-04-01 01:15:14,541.99
2022-04-01 01:15:19,541.99
2022-04-01 01:15:24,542.05
2022-04-01 01:15:29,542.11
2022-04-01 01:15:34,542.15
2022-04-01 01:15:39,542.21
2022-04-01 01:15:44,542.27
2022-04-01 01:15:49,542.34
2022-04-01 01:15:54,542.33
2022-04-01 01:15:59,542.37
2022-04-01 01:16:04,542.43
2022-04-01 01:16:09,542.49
2022-04-01 01:16:14,542.49
2022-04-01 01:16:19,542.56
2022-04-01 01:16:24,542.62
2022-04-01 01:16:29,542.62
2022-04-01 01:16:34,542.65
2022-04-01 01:16:39,542.71
2022-04-01 01:16:44,542.78
2022-04-01 01:16:49,542.84
2022-04-01 01:16:54,542.84
2022-04-01 01:16:59,542.94
2022-04-01 01:17:04,542.94
2022-04-01 01:17:09,543.0
2022-04-01 01:17:14,543.13
2022-04-01 01:17:19,543.16
2022-04-01 01:17:24,543.16
2022-04-01 01:17:29,543.23
2022-04-01 01:17:34,543.29
2022-04-01 01:17:39,543.35
2022-04-01 01:17:44,543.38
2022-04-01 01:17:49,543.45
2022-04-01 01:17:54,543.51
2022-04-01 01:17:59,543.58
2022-04-01 01:18:04,543.64
2022-04-01 01:18:09,543.64
2022-04-01 01:18:14,543.67
2022-04-01 01:18:19,543.73
2022-04-01 01:18:24,543.8
2022-04-01 01:18:29,543.8
2022-04-01 01:18:34,543.86
2022-04-01 01:18:39,543.89
2022-04-01 01:18:44,543.96
2022-04-01 01:18:49,544.02
2022-04-01 01:18:54,544.02
2022-04-01 01:18:59,544.09
2022-04-01 01:19:04,544.15
2022-04-01 01:19:09,544.15
2022-04-01 01:19:14,544.18
2022-04-01 01:19:19,544.18
2022-04-01 01:19:24,544.18
2022-04-01 01:19:29,544.25
2022-04-01 01:19:34,544.31
2022-04-01 01:19:39,544.31
2022-04-01 01:19:44,544.38
2022-04-01 01:19:49,544.41
2022-04-01 01:19:54,544.41
2022-04-01 01:19:59,544.47
2022-04-01 01:20:04,544.53
2022-04-01 01:20:09,544.6
2022-04-01 01:20:14,544.67
2022-04-01 01:20:19,544.7
2022-04-01 01:20:24,544.7
2022-04-01 01:20:29,544.76
2022-04-01 01:20:34,544.82
2022-04-01 01:20:39,544.83
2022-04-01 01:20:44,544.89
2022-04-01 01:20:49,544.92
2022-04-01 01:20:54,544.92
2022-04-01 01:20:59,544.99
2022-04-01 01:21:04,545.05
2022-04-01 01:21:09,545.05
2022-04-01 01:21:14,545.11
2022-04-01 01:21:19,545.11
2022-04-01 01:21:24,545.18
2022-04-01 01:21:29,545.18
2022-04-01 01:21:34,545.21
2022-04-01 01:21:39,545.21
2022-04-01 01:21:44,545.21
2022-04-01 01:21:49,545.27
2022-04-01 01:21:54,545.27
2022-04-01 01:21:59,545.27
2022-04-01 01:22:04,545.27
2022-04-01 01:22:09,545.33
2022-04-01 01:22:14,545.33
2022-04-01 01:22:19,545.33
2022-04-01 01:22:24,545.4
2022-04-01 01:22:29,545.39
2022-04-01 01:22:34,545.33
2022-04-01 01:22:39,545.39
2022-04-01 01:22:44,545.33
2022-04-01 01:22:49,545.33
2022-04-01 01:22:54,545.33
2022-04-01 01:22:59,545.33
2022-04-01 01:23:04,545.26
2022-04-01 01:23:09,545.26
2022-04-01 01:23:14,545.26
2022-04-01 01:23:19,545.19
2022-04-01 01:23:24,545.19
2022-04-01 01:23:29,545.19
2022-04-01 01:23:34,545.19
2022-04-01 01:23:39,545.15
2022-04-01 01:23:44,545.09
2022-04-01 01:23:49,545.09
2022-04-01 01:23:54,545.09
2022-04-01 01:23:59,545.09
2022-04-01 01:24:04,545.02
2022-04-01 01:24:09,545.03
2022-04-01 01:24:14,544.96
2022-04-01 01:24:19,544.89
2022-04-01 01:24:24,544.89
2022-04-01 01:24:29,544.79
2022-04-01 01:24:34,544.79
2022-04-01 01:24:39,544.79
2022-04-01 01:24:44,544.72
2022-04-01 01:24:49,544.66
2022-04-01 01:24:54,544.63
2022-04-01 01:24:59,544.56
2022-04-01 01:25:04,544.5
2022-04-01 01:25:09,544.49
2022-04-01 01:25:14,544.43
2022-04-01 01:25:19,544.36
2022-04-01 01:25:24,544.33
2022-04-01 01:25:29,544.26
2022-04-01 01:25:34,544.26
2022-04-01 01:25:39,544.19
2022-04-01 01:25:44,544.13
2022-04-01 01:25:49,544.1
2022-04-01 01:25:54,544.03
2022-04-01 01:25:59,544.03
2022-04-01 01:26:04,537.71
2022-04-01 01:26:09,543.9
2022-04-01 01:26:14,543.8
2022-04-01 01:26:19,543.8
2022-04-01 01:26:24,543.73
2022-04-01 01:26:29,543.67
2022-04-01 01:26:34,543.61
2022-04-01 01:26:39,543.57
2022-04-01 01:26:44,543.51
2022-04-01 01:26:49,537.71
2022-04-01 01:26:54,543.31
2022-04-01 01:26:59,543.28
2022-04-01 01:27:04,543.22
2022-04-01 01:27:09,543.15
2022-04-01 01:27:14,543.09
2022-04-01 01:27:19,543.05
2022-04-01 01:27:24,542.99
2022-04-01 01:27:29,542.92
2022-04-01 01:27:34,542.86
2022-04-01 01:27:39,542.79
2022-04-01 01:27:44,542.76
2022-04-01 01:27:49,542.69
2022-04-01 01:27:54,542.63
2022-04-01 01:27:59,542.57
2022-04-01 01:28:04,542.53
2022-04-01 01:28:09,542.47
2022-04-01 01:28:14,542.47
2022-04-01 01:28:19,542.34
2022-04-01 01:28:24,542.27
2022-04-01 01:28:29,542.27
2022-04-01 01:28:34,542.18
2022-04-01 01:28:39,542.11
2022-04-01 01:28:44,542.02
2022-04-01 01:28:49,542.02
2022-04-01 01:28:54,541.95
2022-04-01 01:28:59,541.95
2022-04-01 01:29:04,541.82
2022-04-01 01:29:09,541.76
2022-04-01 01:29:14,541.73
2022-04-01 01:29:19,541.73
2022-04-01 01:29:24,541.6
2022-04-01 01:29:29,541.53
2022-04-01 01:29:34,541.5
2022-04-01 01:29:39,541.44
2022-04-01 01:29:44,541.44
2022-04-01 01:29:49,541.37
2022-04-01 01:29:54,541.37
2022-04-01 01:29:59,541.31
2022-04-01 01:30:04,541.21
2022-04-01 01:30:09,541.15
2022-04-01 01:30:14,541.15
2022-04-01 01:30:19,541.08
2022-04-01 01:30:24,540.99
2022-04-01 01:30:29,540.99
2022-04-01 01:30:34,540.99
2022-04-01 01:30:39,540.92
2022-04-01 01:30:44,540.86
2022-04-01 01:30:49,540.86
2022-04-01 01:30:54,540.79
2022-04-01 01:30:59,540.73
2022-04-01 01:31:04,540.73
2022-04-01 01:31:09,540.7
2022-04-01 01:31:14,540.63
2022-04-01 01:31:19,540.63
2022-04-01 01:31:24,540.57
2022-04-01 01:31:29,540.57
2022-04-01 01:31:34,540.5
2022-04-01 01:31:39,540.5
2022-04-01 01:31:44,540.47
2022-04-01 01:31:49,540.41
2022-04-01 01:31:54,540.34
2022-04-01 01:31:59,540.34
2022-04-01 01:32:04,540.21
2022-04-01 01:32:09,540.18
2022-04-01 01:32:14,540.12
2022-04-01 01:32:19,539.99
2022-04-01 01:32:24,539.99
2022-04-01 01:32:29,539.89
2022-04-01 01:32:34,539.83
2022-04-01 01:32:39,539.7
2022-04-01 01:32:44,539.67
2022-04-01 01:32:49,539.6
2022-04-01 01:32:54,539.48
2022-04-01 01:32:59,539.44
2022-04-01 01:33:04,539.31
2022-04-01 01:33:09,539.25
2022-04-01 01:33:14,539.15
2022-04-01 01:33:19,539.09
2022-04-01 01:33:24,539.02
2022-04-01 01:33:29,538.93
2022-04-01 01:33:34,538.87
2022-04-01 01:33:39,538.74
2022-04-01 01:33:44,538.67
2022-04-01 01:33:49,538.64
2022-04-01 01:33:54,538.51
2022-04-01 01:33:59,538.45
2022-04-01 01:34:04,538.42
2022-04-01 01:34:09,538.28
2022-04-01 01:34:14,538.22
2022-04-01 01:34:19,538.16
2022-04-01 01:34:24,538.13
2022-04-01 01:34:29,538.06
2022-04-01 01:34:34,538.0
2022-04-01 01:34:39,537.93
2022-04-01 01:34:44,537.9
2022-04-01 01:34:49,537.84
2022-04-01 01:34:54,537.84
2022-04-01 01:34:59,537.77
2022-04-01 01:35:04,537.71
2022-04-01 01:35:09,537.71
2022-04-01 01:35:14,537.71
2022-04-01 01:35:19,537.61
2022-04-01 01:35:24,537.61
2022-04-01 01:35:29,537.55
2022-04-01 01:35:34,537.55
2022-04-01 01:35:39,537.55
2022-04-01 01:35:44,537.55
2022-04-01 01:35:49,537.49
2022-04-01 01:35:54,537.42
2022-04-01 01:35:59,537.42
2022-04-01 01:36:04,537.42
2022-04-01 01:36:09,537.39
2022-04-01 01:36:14,537.39
2022-04-01 01:36:19,537.42
2022-04-01 01:36:24,537.42
2022-04-01 01:36:29,537.42
2022-04-01 01:36:34,537.42
2022-04-01 01:36:39,537.39
2022-04-01 01:36:44,537.43
2022-04-01 01:36:49,537.39
2022-04-01 01:36:54,537.43
2022-04-01 01:36:59,537.4
2022-04-01 01:37:04,537.4
2022-04-01 01:37:09,537.4
2022-04-01 01:37:14,537.4
2022-04-01 01:37:19,537.4
2022-04-01 01:37:24,537.4
2022-04-01 01:37:29,537.34
2022-04-01 01:37:34,537.34
2022-04-01 01:37:39,537.34
2022-04-01 01:37:44,537.34
2022-04-01 01:37:49,537.34
2022-04-01 01:37:54,537.27
2022-04-01 01:37:59,537.21
2022-04-01 01:38:04,537.27
2022-04-01 01:38:09,537.21
2022-04-01 01:38:14,537.15
2022-04-01 01:38:19,537.21
2022-04-01 01:38:24,537.15
2022-04-01 01:38:29,537.15
2022-04-01 01:38:34,537.15
2022-04-01 01:38:39,537.12
2022-04-01 01:38:44,537.15
2022-04-01 01:38:49,537.12
2022-04-01 01:38:54,537.05
2022-04-01 01:38:59,537.12
2022-04-01 01:39:04,537.05
2022-04-01 01:39:09,537.05
2022-04-01 01:39:14,536.99
2022-04-01 01:39:19,536.99
2022-04-01 01:39:24,536.99
2022-04-01 01:39:29,536.93
2022-04-01 01:39:34,536.93
2022-04-01 01:39:39,536.93
2022-04-01 01:39:44,536.93
2022-04-01 01:39:49,536.89
2022-04-01 01:39:54,536.89
2022-04-01 01:39:59,536.89
2022-04-01 01:40:04,536.89
2022-04-01 01:40:09,536.83
2022-04-01 01:40:14,536.82
2022-04-01 01:40:19,536.83
2022-04-01 01:40:24,536.76
2022-04-01 01:40:29,536.76
2022-04-01 01:40:34,536.76
2022-04-01 01:40:39,536.76
2022-04-01 01:40:44,536.76
2022-04-01 01:40:49,536.76
2022-04-01 01:40:54,536.7
2022-04-01 01:40:59,536.7
2022-04-01 01:41:04,536.7
2022-04-01 01:41:09,536.7
2022-04-01 01:41:14,536.7
2022-04-01 01:41:19,536.7
2022-04-01 01:41:24,536.7
2022-04-01 01:41:29,536.7
2022-04-01 01:41:34,536.76
2022-04-01 01:41:39,536.76
2022-04-01 01:41:44,536.76
2022-04-01 01:41:49,536.76
2022-04-01 01:41:54,536.76
2022-04-01 01:41:59,536.76
2022-04-01 01:42:04,536.82
2022-04-01 01:42:09,536.81
2022-04-01 01:42:14,536.82
2022-04-01 01:42:19,536.88
2022-04-01 01:42:24,536.88
2022-04-01 01:42:29,536.88
2022-04-01 01:42:34,536.88
2022-04-01 01:42:39,536.88
2022-04-01 01:42:44,536.88
2022-04-01 01:42:49,536.91
2022-04-01 01:42:54,536.91
2022-04-01 01:42:59,536.9
2022-04-01 01:43:04,536.9
2022-04-01 01:43:09,536.9
2022-04-01 01:43:14,536.96
2022-04-01 01:43:19,536.9
2022-04-01 01:43:24,536.9
2022-04-01 01:43:29,536.9
2022-04-01 01:43:34,536.9
2022-04-01 01:43:39,536.9
2022-04-01 01:43:44,536.9
2022-04-01 01:43:49,536.86
2022-04-01 01:43:54,536.86
2022-04-01 01:43:59,536.86
2022-04-01 01:44:04,536.8
2022-04-01 01:44:09,536.73
2022-04-01 01:44:14,536.73
2022-04-01 01:44:19,536.67
2022-04-01 01:44:24,536.66
2022-04-01 01:44:29,536.6
2022-04-01 01:44:34,536.6
2022-04-01 01:44:39,536.57
2022-04-01 01:44:44,536.57
2022-04-01 01:44:49,536.5
2022-04-01 01:44:54,536.5
2022-04-01 01:44:59,536.44
2022-04-01 01:45:04,536.44
2022-04-01 01:45:09,536.37
2022-04-01 01:45:14,536.34
2022-04-01 01:45:19,536.28
2022-04-01 01:45:24,536.28
2022-04-01 01:45:29,536.28
2022-04-01 01:45:34,536.21
2022-04-01 01:45:39,536.15
2022-04-01 01:45:44,536.15
2022-04-01 01:45:49,536.08
2022-04-01 01:45:54,536.08
2022-04-01 01:45:59,536.08
2022-04-01 01:46:04,536.05
2022-04-01 01:46:09,536.05
2022-04-01 01:46:14,535.99
2022-04-01 01:46:19,535.99
2022-04-01 01:46:24,535.99
2022-04-01 01:46:29,535.99
2022-04-01 01:46:34,535.86
2022-04-01 01:46:39,535.92
2022-04-01 01:46:44,535.86
2022-04-01 01:46:49,535.86
2022-04-01 01:46:54,535.86
2022-04-01 01:46:59,535.86
2022-04-01 01:47:04,535.86
2022-04-01 01:47:09,535.86
2022-04-01 01:47:14,535.92
2022-04-01 01:47:19,535.92
2022-04-01 01:47:24,535.92
2022-04-01 01:47:29,535.92
2022-04-01 01:47:34,535.99
2022-04-01 01:47:39,536.05
2022-04-01 01:47:44,536.05
2022-04-01 01:47:49,536.09
2022-04-01 01:47:54,536.09
2022-04-01 01:47:59,536.09
2022-04-01 01:48:04,536.09
2022-04-01 01:48:09,536.09
2022-04-01 01:48:14,536.15
2022-04-01 01:48:19,536.15
2022-04-01 01:48:24,536.22
2022-04-01 01:48:29,536.21
2022-04-01 01:48:34,536.28
2022-04-01 01:48:39,536.28
2022-04-01 01:48:44,536.28
2022-04-01 01:48:49,536.34
2022-04-01 01:48:54,536.35
2022-04-01 01:48:59,536.34
2022-04-01 01:49:04,536.38
2022-04-01 01:49:09,536.38
2022-04-01 01:49:14,536.44
2022-04-01 01:49:19,536.38
2022-04-01 01:49:24,536.37
2022-04-01 01:49:29,536.44
2022-04-01 01:49:34,536.44
2022-04-01 01:49:39,536.44
2022-04-01 01:49:44,536.44
2022-04-01 01:49:49,536.44
2022-04-01 01:49:54,536.44
2022-04-01 01:49:59,536.44
2022-04-01 01:50:04,536.44
2022-04-01 01:50:09,536.37
2022-04-01 01:50:14,536.34
2022-04-01 01:50:19,536.37
2022-04-01 01:50:24,536.34
2022-04-01 01:50:29,536.27
2022-04-01 01:50:34,536.27
2022-04-01 01:50:39,536.21
2022-04-01 01:50:44,536.14
2022-04-01 01:50:49,536.14
2022-04-01 01:50:54,536.08
2022-04-01 01:50:59,536.08
2022-04-01 01:51:04,536.05
2022-04-01 01:51:09,535.98
2022-04-01 01:51:14,535.92
2022-04-01 01:51:19,535.85
2022-04-01 01:51:24,535.85
2022-04-01 01:51:29,535.82
2022-04-01 01:51:34,535.68
2022-04-01 01:51:39,535.68
2022-04-01 01:51:44,535.62
2022-04-01 01:51:49,535.56
2022-04-01 01:51:54,535.56
2022-04-01 01:51:59,535.52
2022-04-01 01:52:04,535.46
2022-04-01 01:52:09,535.39
2022-04-01 01:52:14,535.32
2022-04-01 01:52:19,535.32
2022-04-01 01:52:24,535.32
2022-04-01 01:52:29,535.29
2022-04-01 01:52:34,535.29
2022-04-01 01:52:39,535.23
2022-04-01 01:52:44,535.22
2022-04-01 01:52:49,535.22
2022-04-01 01:52:54,535.22
2022-04-01 01:52:59,535.22
2022-04-01 01:53:04,535.22
2022-04-01 01:53:09,535.21
2022-04-01 01:53:14,535.28
2022-04-01 01:53:19,535.21
2022-04-01 01:53:24,535.28
2022-04-01 01:53:29,535.28
2022-04-01 01:53:34,535.31
2022-04-01 01:53:39,535.31
2022-04-01 01:53:44,535.37
2022-04-01 01:53:49,535.43
2022-04-01 01:53:54,535.43
2022-04-01 01:53:59,535.5
2022-04-01 01:54:04,535.49
2022-04-01 01:54:09,535.59
2022-04-01 01:54:14,535.59
2022-04-01 01:54:19,535.65
2022-04-01 01:54:24,535.65
2022-04-01 01:54:29,535.78
2022-04-01 01:54:34,535.78
2022-04-01 01:54:39,535.81
2022-04-01 01:54:44,535.88
2022-04-01 01:54:49,535.88
2022-04-01 01:54:54,535.94
2022-04-01 01:54:59,536.0
2022-04-01 01:55:04,536.03
2022-04-01 01:55:09,536.03
2022-04-01 01:55:14,536.1
2022-04-01 01:55:19,536.16
2022-04-01 01:55:24,536.22
2022-04-01 01:55:29,536.29
2022-04-01 01:55:34,536.39
2022-04-01 01:55:39,536.45
2022-04-01 01:55:44,536.51
2022-04-01 01:55:49,536.54
2022-04-01 01:55:54,536.61
2022-04-01 01:55:59,536.67
2022-04-01 01:56:04,536.74
2022-04-01 01:56:09,536.83
2022-04-01 01:56:14,536.83
2022-04-01 01:56:19,536.9
2022-04-01 01:56:24,537.03
2022-04-01 01:56:29,537.06
2022-04-01 01:56:34,537.12
2022-04-01 01:56:39,537.19
2022-04-01 01:56:44,537.25
2022-04-01 01:56:49,537.35
2022-04-01 01:56:54,537.41
2022-04-01 01:56:59,537.48
2022-04-01 01:57:04,537.54
2022-04-01 01:57:09,537.57
2022-04-01 01:57:14,537.57
2022-04-01 01:57:19,537.7
2022-04-01 01:57:24,537.76
2022-04-01 01:57:29,537.77
2022-04-01 01:57:34,537.86
2022-04-01 01:57:39,537.93
2022-04-01 01:57:44,537.99
2022-04-01 01:57:49,537.99
2022-04-01 01:57:54,538.09
2022-04-01 01:57:59,538.09
2022-04-01 01:58:04,538.21
2022-04-01 01:58:09,538.28
2022-04-01 01:58:14,538.28
2022-04-01 01:58:19,538.34
2022-04-01 01:58:24,538.38
2022-04-01 01:58:29,538.44
2022-04-01 01:58:34,538.5
2022-04-01 01:58:39,538.57
2022-04-01 01:58:44,538.6
2022-04-01 01:58:49,538.67
2022-04-01 01:58:54,538.73
2022-04-01 01:58:59,538.8
2022-04-01 01:59:04,538.8
2022-04-01 01:59:09,538.89
2022-04-01 01:59:14,538.96
2022-04-01 01:59:19,539.02
2022-04-01 01:59:24,539.08
2022-04-01 01:59:29,539.09
2022-04-01 01:59:34,539.12
2022-04-01 01:59:39,539.18
2022-04-01 01:59:44,539.25
2022-04-01 01:59:49,539.31
2022-04-01 01:59:54,539.31
2022-04-01 01:59:59,539.31
2022-04-01 02:00:04,539.41
2022-04-01 02:00:09,539.41
2022-04-01 02:00:14,539.47
2022-04-01 02:00:19,539.54
2022-04-01 02:00:24,539.6
2022-04-01 02:00:29,539.53
2022-04-01 02:00:34,539.6
2022-04-01 02:00:39,539.63
2022-04-01 02:00:44,539.7
2022-04-01 02:00:49,539.7
2022-04-01 02:00:54,539.76
2022-04-01 02:00:59,539.83
2022-04-01 02:01:04,539.83
2022-04-01 02:01:09,539.83
2022-04-01 02:01:14,539.89
2022-04-01 02:01:19,539.93
2022-04-01 02:01:24,539.93
2022-04-01 02:01:29,539.99
2022-04-01 02:01:34,539.99
2022-04-01 02:01:39,540.05
2022-04-01 02:01:44,540.12
2022-04-01 02:01:49,540.05
2022-04-01 02:01:54,540.12
2022-04-01 02:01:59,540.12
2022-04-01 02:02:04,540.12
2022-04-01 02:02:09,540.15
2022-04-01 02:02:14,540.21
2022-04-01 02:02:19,540.21
2022-04-01 02:02:24,540.21
2022-04-01 02:02:29,540.28
2022-04-01 02:02:34,540.34
2022-04-01 02:02:39,540.35
2022-04-01 02:02:44,540.35
2022-04-01 02:02:49,540.41
2022-04-01 02:02:54,540.41
2022-04-01 02:02:59,540.44
2022-04-01 02:03:04,540.44
2022-04-01 02:03:09,540.5
2022-04-01 02:03:14,540.51
2022-04-01 02:03:19,540.51
2022-04-01 02:03:24,540.64
2022-04-01 02:03:29,540.64
2022-04-01 02:03:34,540.64
2022-04-01 02:03:39,540.67
2022-04-01 02:03:44,540.74
2022-04-01 02:03:49,540.74
2022-04-01 02:03:54,540.74
2022-04-01 02:03:59,540.74
2022-04-01 02:04:04,540.8
2022-04-01 02:04:09,540.8
2022-04-01 02:04:14,540.87
2022-04-01 02:04:19,540.87
2022-04-01 02:04:24,540.93
2022-04-01 02:04:29,540.93
2022-04-01 02:04:34,540.96
2022-04-01 02:04:39,541.03
2022-04-01 02:04:44,541.03
2022-04-01 02:04:49,541.03
2022-04-01 02:04:54,541.09
2022-04-01 02:04:59,541.16
2022-04-01 02:05:04,541.16
2022-04-01 02:05:09,541.19
2022-04-01 02:05:14,541.26
2022-04-01 02:05:19,541.32
2022-04-01 02:05:24,541.32
2022-04-01 02:05:29,541.33
2022-04-01 02:05:34,541.33
2022-04-01 02:05:39,541.46
2022-04-01 02:05:44,541.46
2022-04-01 02:05:49,541.49
2022-04-01 02:05:54,541.49
2022-04-01 02:05:59,541.55
2022-04-01 02:06:04,541.62
2022-04-01 02:06:09,541.62
2022-04-01 02:06:14,541.68
2022-04-01 02:06:19,541.72
2022-04-01 02:06:24,541.72
2022-04-01 02:06:29,541.78
2022-04-01 02:06:34,541.85
2022-04-01 02:06:39,541.85
2022-04-01 02:06:44,541.91
2022-04-01 02:06:49,541.98
2022-04-01 02:06:54,541.98
2022-04-01 02:06:59,542.01
2022-04-01 02:07:04,542.01
2022-04-01 02:07:09,542.01
2022-04-01 02:07:14,542.08
2022-04-01 02:07:19,542.07
2022-04-01 02:07:24,542.14
2022-04-01 02:07:29,542.2
2022-04-01 02:07:34,542.21
2022-04-01 02:07:39,542.21
2022-04-01 02:07:44,542.23
2022-04-01 02:07:49,542.24
2022-04-01 02:07:54,542.3
2022-04-01 02:07:59,542.21
2022-04-01 02:08:04,542.3
2022-04-01 02:08:09,542.3
2022-04-01 02:08:14,542.3
2022-04-01 02:08:19,542.3
2022-04-01 02:08:24,542.3
2022-04-01 02:08:29,542.3
2022-04-01 02:08:34,542.3
2022-04-01 02:08:39,542.3
2022-04-01 02:08:44,542.3
2022-04-01 02:08:49,542.3
2022-04-01 02:08:54,542.3
2022-04-01 02:08:59,542.3
2022-04-01 02:09:04,542.3
2022-04-01 02:09:09,542.36
2022-04-01 02:09:14,542.3
2022-04-01 02:09:19,542.3
2022-04-01 02:09:24,542.36
2022-04-01 02:09:29,542.3
2022-04-01 02:09:34,542.36
2022-04-01 02:09:39,542.36
2022-04-01 02:09:44,542.36
2022-04-01 02:09:49,542.36
2022-04-01 02:09:54,542.36
2022-04-01 02:09:59,542.36
2022-04-01 02:10:04,542.29
2022-04-01 02:10:09,542.36
2022-04-01 02:10:14,542.36
2022-04-01 02:10:19,542.35
2022-04-01 02:10:24,542.35
2022-04-01 02:10:29,542.35
2022-04-01 02:10:34,542.35
2022-04-01 02:10:39,542.29
2022-04-01 02:10:44,542.29
2022-04-01 02:10:49,542.29
2022-04-01 02:10:54,542.29
2022-04-01 02:10:59,542.22
2022-04-01 02:11:04,542.22
2022-04-01 02:11:09,542.19
2022-04-01 02:11:14,542.22
2022-04-01 02:11:19,542.19
2022-04-01 02:11:24,542.12
2022-04-01 02:11:29,542.12
2022-04-01 02:11:34,542.12
2022-04-01 02:11:39,542.12
2022-04-01 02:11:44,537.71
2022-04-01 02:11:49,542.12
2022-04-01 02:11:54,542.05
2022-04-01 02:11:59,542.05
2022-04-01 02:12:04,541.99
2022-04-01 02:12:09,541.98
2022-04-01 02:12:14,541.98
2022-04-01 02:12:19,541.98
2022-04-01 02:12:24,541.98
2022-04-01 02:12:29,541.98
2022-04-01 02:12:34,541.98
2022-04-01 02:12:39,541.95
2022-04-01 02:12:44,541.95
2022-04-01 02:12:49,541.98
2022-04-01 02:12:54,541.98
2022-04-01 02:12:59,541.95
2022-04-01 02:13:04,541.95
2022-04-01 02:13:09,541.98
2022-04-01 02:13:14,541.94
2022-04-01 02:13:19,541.95
2022-04-01 02:13:24,541.98
2022-04-01 02:13:29,541.98
2022-04-01 02:13:34,541.94
2022-04-01 02:13:39,541.95
2022-04-01 02:13:44,541.95
2022-04-01 02:13:49,541.94
2022-04-01 02:13:54,541.94
2022-04-01 02:13:59,541.98
2022-04-01 02:14:04,541.98
2022-04-01 02:14:09,541.98
2022-04-01 02:14:14,542.04
2022-04-01 02:14:19,541.98
2022-04-01 02:14:24,542.04
2022-04-01 02:14:29,542.04
2022-04-01 02:14:34,542.11
2022-04-01 02:14:39,542.11
2022-04-01 02:14:44,542.17
2022-04-01 02:14:49,542.11
2022-04-01 02:14:54,542.17
2022-04-01 02:14:59,542.17
2022-04-01 02:15:04,542.2
2022-04-01 02:15:09,542.2
2022-04-01 02:15:14,542.2
2022-04-01 02:15:19,542.27
2022-04-01 02:15:24,542.27
2022-04-01 02:15:29,542.27
2022-04-01 02:15:34,542.33
2022-04-01 02:15:39,542.34
2022-04-01 02:15:44,542.4
2022-04-01 02:15:49,542.4
2022-04-01 02:15:54,542.4
2022-04-01 02:15:59,542.4
2022-04-01 02:16:04,542.4
2022-04-01 02:16:09,542.4
2022-04-01 02:16:14,542.4
2022-04-01 02:16:19,542.4
2022-04-01 02:16:24,542.34
2022-04-01 02:16:29,542.34
2022-04-01 02:16:34,542.27
2022-04-01 02:16:39,542.21
2022-04-01 02:16:44,542.18
2022-04-01 02:16:49,542.05
2022-04-01 02:16:54,541.98
2022-04-01 02:16:59,541.95
2022-04-01 02:17:04,541.82
2022-04-01 02:17:09,541.76
2022-04-01 02:17:14,541.7
2022-04-01 02:17:19,541.6
2022-04-01 02:17:24,541.54
2022-04-01 02:17:29,541.47
2022-04-01 02:17:34,541.38
2022-04-01 02:17:39,541.25
2022-04-01 02:17:44,541.19
2022-04-01 02:17:49,541.09
2022-04-01 02:17:54,541.03
2022-04-01 02:17:59,540.93
2022-04-01 02:18:04,540.8
2022-04-01 02:18:09,540.67
2022-04-01 02:18:14,540.64
2022-04-01 02:18:19,540.51
2022-04-01 02:18:24,540.42
2022-04-01 02:18:29,540.35
2022-04-01 02:18:34,540.22
2022-04-01 02:18:39,540.12
2022-04-01 02:18:44,540.0
2022-04-01 02:18:49,539.9
2022-04-01 02:18:54,539.77
2022-04-01 02:18:59,539.71
2022-04-01 02:19:04,539.61
2022-04-01 02:19:09,539.48
2022-04-01 02:19:14,539.42
2022-04-01 02:19:19,539.32
2022-04-01 02:19:24,539.2
2022-04-01 02:19:29,539.13
2022-04-01 02:19:34,539.03
2022-04-01 02:19:39,538.91
2022-04-01 02:19:44,538.74
2022-04-01 02:19:49,538.68
2022-04-01 02:19:54,538.58
2022-04-01 02:19:59,538.52
2022-04-01 02:20:04,538.39
2022-04-01 02:20:09,538.29
2022-04-01 02:20:14,538.23
2022-04-01 02:20:19,538.1
2022-04-01 02:20:24,537.71
2022-04-01 02:20:29,538.01
2022-04-01 02:20:34,537.88
2022-04-01 02:20:39,537.85
2022-04-01 02:20:44,537.78
2022-04-01 02:20:49,537.72
2022-04-01 02:20:54,537.72
2022-04-01 02:20:59,537.59
2022-04-01 02:21:04,537.59
2022-04-01 02:21:09,537.5
2022-04-01 02:21:14,537.43
2022-04-01 02:21:19,537.37
2022-04-01 02:21:24,537.37
2022-04-01 02:21:29,537.37
2022-04-01 02:21:34,537.34
2022-04-01 02:21:39,537.27
2022-04-01 02:21:44,537.27
2022-04-01 02:21:49,537.21
2022-04-01 02:21:54,537.14
2022-04-01 02:21:59,537.14
2022-04-01 02:22:04,537.08
2022-04-01 02:22:09,537.14
2022-04-01 02:22:14,537.08
2022-04-01 02:22:19,537.05
2022-04-01 02:22:24,537.05
2022-04-01 02:22:29,537.05
2022-04-01 02:22:34,537.05
2022-04-01 02:22:39,537.05
2022-04-01 02:22:44,536.99
2022-04-01 02:22:49,537.05
2022-04-01 02:22:54,537.05
2022-04-01 02:22:59,537.06
2022-04-01 02:23:04,537.06
2022-04-01 02:23:09,537.06
2022-04-01 02:23:14,537.06
2022-04-01 02:23:19,537.06
2022-04-01 02:23:24,537.06
2022-04-01 02:23:29,537.09
2022-04-01 02:23:34,537.09
2022-04-01 02:23:39,537.16
2022-04-01 02:23:44,537.16
2022-04-01 02:23:49,537.16
2022-04-01 02:23:54,537.23
2022-04-01 02:23:59,537.23
2022-04-01 02:24:04,537.22
2022-04-01 02:24:09,537.29
2022-04-01 02:24:14,537.36
2022-04-01 02:24:19,537.39
2022-04-01 02:24:24,537.39
2022-04-01 02:24:29,537.45
2022-04-01 02:24:34,537.52
2022-04-01 02:24:39,537.58
2022-04-01 02:24:44,537.58
2022-04-01 02:24:49,537.62
2022-04-01 02:24:54,537.62
2022-04-01 02:24:59,537.68
2022-04-01 02:25:04,537.75
2022-04-01 02:25:09,537.81
2022-04-01 02:25:14,537.88
2022-04-01 02:25:19,537.88
2022-04-01 02:25:24,537.91
2022-04-01 02:25:29,537.91
2022-04-01 02:25:34,537.97
2022-04-01 02:25:39,538.04
2022-04-01 02:25:44,538.1
2022-04-01 02:25:49,538.14
2022-04-01 02:25:54,538.1
2022-04-01 02:25:59,538.2
2022-04-01 02:26:04,538.27
2022-04-01 02:26:09,538.27
2022-04-01 02:26:14,538.33
2022-04-01 02:26:19,538.4
2022-04-01 02:26:24,538.43
2022-04-01 02:26:29,538.43
2022-04-01 02:26:34,538.56
2022-04-01 02:26:39,538.49
2022-04-01 02:26:44,538.49
2022-04-01 02:26:49,538.62
2022-04-01 02:26:54,538.65
2022-04-01 02:26:59,538.65
2022-04-01 02:27:04,538.72
2022-04-01 02:27:09,538.78
2022-04-01 02:27:14,538.84
2022-04-01 02:27:19,538.91
2022-04-01 02:27:24,538.94
2022-04-01 02:27:29,539.0
2022-04-01 02:27:34,539.07
2022-04-01 02:27:39,539.13
2022-04-01 02:27:44,539.16
2022-04-01 02:27:49,539.23
2022-04-01 02:27:54,539.29
2022-04-01 02:27:59,539.42
2022-04-01 02:28:04,539.45
2022-04-01 02:28:09,539.58
2022-04-01 02:28:14,539.64
2022-04-01 02:28:19,539.74
2022-04-01 02:28:24,539.87
2022-04-01 02:28:29,539.93
2022-04-01 02:28:34,540.02
2022-04-01 02:28:39,540.09
2022-04-01 02:28:44,540.15
2022-04-01 02:28:49,540.31
2022-04-01 02:28:54,540.31
2022-04-01 02:28:59,540.48
2022-04-01 02:29:04,540.54
2022-04-01 02:29:09,540.6
2022-04-01 02:29:14,540.66
2022-04-01 02:29:19,540.7
2022-04-01 02:29:24,540.83
2022-04-01 02:29:29,540.89
2022-04-01 02:29:34,540.95
2022-04-01 02:29:39,540.98
2022-04-01 02:29:44,541.11
2022-04-01 02:29:49,541.18
2022-04-01 02:29:54,541.21
2022-04-01 02:29:59,541.34
2022-04-01 02:30:04,541.4
2022-04-01 02:30:09,541.4
2022-04-01 02:30:14,541.4
2022-04-01 02:30:19,541.5
2022-04-01 02:30:24,541.56
2022-04-01 02:30:29,541.63
2022-04-01 02:30:34,541.69
2022-04-01 02:30:39,541.69
2022-04-01 02:30:44,541.72
2022-04-01 02:30:49,541.78
2022-04-01 02:30:54,541.85
2022-04-01 02:30:59,541.91
2022-04-01 02:31:04,541.91
2022-04-01 02:31:09,542.01
2022-04-01 02:31:14,542.07
2022-04-01 02:31:19,542.14
2022-04-01 02:31:24,542.14
2022-04-01 02:31:29,542.2
2022-04-01 02:31:34,542.2
2022-04-01 02:31:39,542.23
2022-04-01 02:31:44,542.23
2022-04-01 02:31:49,542.3
2022-04-01 02:31:54,542.29
2022-04-01 02:31:59,542.3
2022-04-01 02:32:04,542.42
2022-04-01 02:32:09,542.42
2022-04-01 02:32:14,542.49
2022-04-01 02:32:19,542.49
2022-04-01 02:32:24,542.52
2022-04-01 02:32:29,542.59
2022-04-01 02:32:34,542.65
2022-04-01 02:32:39,542.65
2022-04-01 02:32:44,542.71
2022-04-01 02:32:49,542.75
2022-04-01 02:32:54,542.81
2022-04-01 02:32:59,542.87
2022-04-01 02:33:04,542.87
2022-04-01 02:33:09,542.94
2022-04-01 02:33:14,543.01
2022-04-01 02:33:19,543.04
2022-04-01 02:33:24,543.1
2022-04-01 02:33:29,543.23
2022-04-01 02:33:34,543.26
2022-04-01 02:33:39,543.33
2022-04-01 02:33:44,543.33
2022-04-01 02:33:49,543.46
2022-04-01 02:33:54,543.52
2022-04-01 02:33:59,543.55
2022-04-01 02:34:04,543.62
2022-04-01 02:34:09,543.75
2022-04-01 02:34:14,543.75
2022-04-01 02:34:19,543.84
2022-04-01 02:34:24,543.91
2022-04-01 02:34:29,543.91
2022-04-01 02:34:34,543.97
2022-04-01 02:34:39,544.07
2022-04-01 02:34:44,544.2
2022-04-01 02:34:49,544.2
2022-04-01 02:34:54,544.26
2022-04-01 02:34:59,544.26
2022-04-01 02:35:04,544.42
2022-04-01 02:35:09,544.49
2022-04-01 02:35:14,544.55
2022-04-01 02:35:19,544.59
2022-04-01 02:35:24,544.59
2022-04-01 02:35:29,544.65
2022-04-01 02:35:34,544.72
2022-04-01 02:35:39,544.78
2022-04-01 02:35:44,544.81
2022-04-01 02:35:49,544.87
2022-04-01 02:35:54,544.94
2022-04-01 02:35:59,544.94
2022-04-01 02:36:04,545.0
2022-04-01 02:36:09,545.0
2022-04-01 02:36:14,545.0
2022-04-01 02:36:19,545.06
2022-04-01 02:36:24,545.1
2022-04-01 02:36:29,545.1
2022-04-01 02:36:34,545.16
2022-04-01 02:36:39,545.16
2022-04-01 02:36:44,545.22
2022-04-01 02:36:49,545.22
2022-04-01 02:36:54,545.22
2022-04-01 02:36:59,545.22
2022-04-01 02:37:04,545.28
2022-04-01 02:37:09,545.28
2022-04-01 02:37:14,545.28
2022-04-01 02:37:19,545.32
2022-04-01 02:37:24,545.28
2022-04-01 02:37:29,537.71
2022-04-01 02:37:34,545.31
2022-04-01 02:37:39,545.28
2022-04-01 02:37:44,545.31
2022-04-01 02:37:49,545.31
2022-04-01 02:37:54,545.31
2022-04-01 02:37:59,545.31
2022-04-01 02:38:04,545.31
2022-04-01 02:38:09,545.31
2022-04-01 02:38:14,545.31
2022-04-01 02:38:19,545.31
2022-04-01 02:38:24,545.31
2022-04-01 02:38:29,545.37
2022-04-01 02:38:34,545.3
2022-04-01 02:38:39,545.3
2022-04-01 02:38:44,545.3
2022-04-01 02:38:49,545.37
2022-04-01 02:38:54,545.37
2022-04-01 02:38:59,545.43
2022-04-01 02:39:04,545.42
2022-04-01 02:39:09,545.42
2022-04-01 02:39:14,545.42
2022-04-01 02:39:19,545.49
2022-04-01 02:39:24,545.42
2022-04-01 02:39:29,545.42
2022-04-01 02:39:34,545.49
2022-04-01 02:39:39,545.48
2022-04-01 02:39:44,545.48
2022-04-01 02:39:49,545.55
2022-04-01 02:39:54,545.55
2022-04-01 02:39:59,545.54
2022-04-01 02:40:04,545.58
2022-04-01 02:40:09,545.57
2022-04-01 02:40:14,545.57
2022-04-01 02:40:19,545.63
2022-04-01 02:40:24,545.57
2022-04-01 02:40:29,545.63
2022-04-01 02:40:34,545.63
2022-04-01 02:40:39,545.7
2022-04-01 02:40:44,545.63
2022-04-01 02:40:49,545.7
2022-04-01 02:40:54,545.7
2022-04-01 02:40:59,545.76
2022-04-01 02:41:04,545.76
2022-04-01 02:41:09,545.76
2022-04-01 02:41:14,545.76
2022-04-01 02:41:19,545.79
2022-04-01 02:41:24,545.79
2022-04-01 02:41:29,545.79
2022-04-01 02:41:34,545.85
2022-04-01 02:41:39,545.85
2022-04-01 02:41:44,545.92
2022-04-01 02:41:49,545.92
2022-04-01 02:41:54,545.98
2022-04-01 02:41:59,545.92
2022-04-01 02:42:04,545.92
2022-04-01 02:42:09,545.98
2022-04-01 02:42:14,545.98
2022-04-01 02:42:19,545.98
2022-04-01 02:42:24,546.05
2022-04-01 02:42:29,546.04
2022-04-01 02:42:34,546.05
2022-04-01 02:42:39,546.08
2022-04-01 02:42:44,546.05
2022-04-01 02:42:49,546.08
2022-04-01 02:42:54,546.14
2022-04-01 02:42:59,546.14
2022-04-01 02:43:04,546.14
2022-04-01 02:43:09,546.14
2022-04-01 02:43:14,546.21
2022-04-01 02:43:19,546.14
2022-04-01 02:43:24,546.14
2022-04-01 02:43:29,546.21
2022-04-01 02:43:34,546.21
2022-04-01 02:43:39,546.21
2022-04-01 02:43:44,546.21
2022-04-01 02:43:49,546.21
2022-04-01 02:43:54,546.21
2022-04-01 02:43:59,546.27
2022-04-01 02:44:04,546.27
2022-04-01 02:44:09,546.27
2022-04-01 02:44:14,546.27
2022-04-01 02:44:19,546.27
2022-04-01 02:44:24,546.27
2022-04-01 02:44:29,546.27
2022-04-01 02:44:34,546.27
2022-04-01 02:44:39,537.71
2022-04-01 02:44:44,546.31
2022-04-01 02:44:49,546.31
2022-04-01 02:44:54,546.31
2022-04-01 02:44:59,546.27
2022-04-01 02:45:04,546.31
2022-04-01 02:45:09,546.31
2022-04-01 02:45:14,546.31
2022-04-01 02:45:19,546.37
2022-04-01 02:45:24,546.37
2022-04-01 02:45:29,546.37
2022-04-01 02:45:34,546.37
2022-04-01 02:45:39,546.37
2022-04-01 02:45:44,546.44
2022-04-01 02:45:49,546.37
2022-04-01 02:45:54,546.44
2022-04-01 02:45:59,546.44
2022-04-01 02:46:04,546.44
2022-04-01 02:46:09,546.44
2022-04-01 02:46:14,546.5
2022-04-01 02:46:19,546.44
2022-04-01 02:46:24,546.51
2022-04-01 02:46:29,546.5
2022-04-01 02:46:34,546.57
2022-04-01 02:46:39,546.57
2022-04-01 02:46:44,546.57
2022-04-01 02:46:49,546.57
2022-04-01 02:46:54,546.57
2022-04-01 02:46:59,546.6
2022-04-01 02:47:04,546.6
2022-04-01 02:47:09,546.6
2022-04-01 02:47:14,546.67
2022-04-01 02:47:19,537.71
2022-04-01 02:47:24,546.73
2022-04-01 02:47:29,546.73
2022-04-01 02:47:34,546.8
2022-04-01 02:47:39,546.8
2022-04-01 02:47:44,546.79
2022-04-01 02:47:49,546.8
2022-04-01 02:47:54,546.83
2022-04-01 02:47:59,546.89
2022-04-01 02:48:04,546.9
2022-04-01 02:48:09,546.9
2022-04-01 02:48:14,537.71
2022-04-01 02:48:19,546.96
2022-04-01 02:48:24,547.02
2022-04-01 02:48:29,547.09
2022-04-01 02:48:34,547.09
2022-04-01 02:48:39,547.12
2022-04-01 02:48:44,547.12
2022-04-01 02:48:49,547.19
2022-04-01 02:48:54,547.19
2022-04-01 02:48:59,547.25
2022-04-01 02:49:04,547.32
2022-04-01 02:49:09,547.32
2022-04-01 02:49:14,547.32
2022-04-01 02:49:19,547.42
2022-04-01 02:49:24,547.41
2022-04-01 02:49:29,547.41
2022-04-01 02:49:34,547.48
2022-04-01 02:49:39,547.48
2022-04-01 02:49:44,547.48
2022-04-01 02:49:49,547.55
2022-04-01 02:49:54,547.55
2022-04-01 02:49:59,547.64
2022-04-01 02:50:04,547.64
2022-04-01 02:50:09,547.64
2022-04-01 02:50:14,547.71
2022-04-01 02:50:19,547.71
2022-04-01 02:50:24,547.77
2022-04-01 02:50:29,547.77
2022-04-01 02:50:34,547.84
2022-04-01 02:50:39,547.87
2022-04-01 02:50:44,547.94
2022-04-01 02:50:49,547.87
2022-04-01 02:50:54,547.94
2022-04-01 02:50:59,548.0
2022-04-01 02:51:04,548.0
2022-04-01 02:51:09,548.07
2022-04-01 02:51:14,548.13
2022-04-01 02:51:19,548.13
2022-04-01 02:51:24,548.17
2022-04-01 02:51:29,548.17
2022-04-01 02:51:34,548.3
2022-04-01 02:51:39,548.3
2022-04-01 02:51:44,548.3
2022-04-01 02:51:49,548.3
2022-04-01 02:51:54,548.36
2022-04-01 02:51:59,548.39
2022-04-01 02:52:04,548.4
2022-04-01 02:52:09,548.4
2022-04-01 02:52:14,548.4
2022-04-01 02:52:19,548.46
2022-04-01 02:52:24,548.47
2022-04-01 02:52:29,548.47
2022-04-01 02:52:34,548.47
2022-04-01 02:52:39,548.53
2022-04-01 02:52:44,548.53
2022-04-01 02:52:49,548.53
2022-04-01 02:52:54,548.53
2022-04-01 02:52:59,548.53
2022-04-01 02:53:04,548.47
2022-04-01 02:53:09,548.41
2022-04-01 02:53:14,548.47
2022-04-01 02:53:19,548.41
2022-04-01 02:53:24,548.38
2022-04-01 02:53:29,548.41
2022-04-01 02:53:34,548.31
2022-04-01 02:53:39,548.31
2022-04-01 02:53:44,548.25
2022-04-01 02:53:49,548.25
2022-04-01 02:53:54,548.19
2022-04-01 02:53:59,548.19
2022-04-01 02:54:04,548.15
2022-04-01 02:54:09,548.15
2022-04-01 02:54:14,548.03
2022-04-01 02:54:19,547.96
2022-04-01 02:54:24,547.96
2022-04-01 02:54:29,547.86
2022-04-01 02:54:34,547.86
2022-04-01 02:54:39,547.73
2022-04-01 02:54:44,547.67
2022-04-01 02:54:49,547.64
2022-04-01 02:54:54,547.44
2022-04-01 02:54:59,547.38
2022-04-01 02:55:04,547.35
2022-04-01 02:55:09,547.22
2022-04-01 02:55:14,547.15
2022-04-01 02:55:19,547.06
2022-04-01 02:55:24,546.99
2022-04-01 02:55:29,546.87
2022-04-01 02:55:34,546.83
2022-04-01 02:55:39,546.7
2022-04-01 02:55:44,546.61
2022-04-01 02:55:49,546.48
2022-04-01 02:55:54,546.41
2022-04-01 02:55:59,546.32
2022-04-01 02:56:04,546.19
2022-04-01 02:56:09,546.09
2022-04-01 02:56:14,545.9
2022-04-01 02:56:19,545.8
2022-04-01 02:56:24,545.67
2022-04-01 02:56:29,545.57
2022-04-01 02:56:34,545.37
2022-04-01 02:56:39,545.28
2022-04-01 02:56:44,545.09
2022-04-01 02:56:49,544.92
2022-04-01 02:56:54,544.7
2022-04-01 02:56:59,544.57
2022-04-01 02:57:04,544.47
2022-04-01 02:57:09,544.25
2022-04-01 02:57:14,544.12
2022-04-01 02:57:19,543.96
2022-04-01 02:57:24,543.76
2022-04-01 02:57:29,543.6
2022-04-01 02:57:34,543.44
2022-04-01 02:57:39,543.24
2022-04-01 02:57:44,543.08
2022-04-01 02:57:49,542.92
2022-04-01 02:57:54,542.69
2022-04-01 02:57:59,542.63
2022-04-01 02:58:04,542.47
2022-04-01 02:58:09,542.27
2022-04-01 02:58:14,542.11
2022-04-01 02:58:19,541.98
2022-04-01 02:58:24,541.82
2022-04-01 02:58:29,541.65
2022-04-01 02:58:34,541.46
2022-04-01 02:58:39,541.36
2022-04-01 02:58:44,541.17
2022-04-01 02:58:49,541.07
2022-04-01 02:58:54,540.85
2022-04-01 02:58:59,540.72
2022-04-01 02:59:04,540.62
2022-04-01 02:59:09,540.49
2022-04-01 02:59:14,540.33
2022-04-01 02:59:19,540.2
2022-04-01 02:59:24,540.11
2022-04-01 02:59:29,539.98
2022-04-01 02:59:34,539.82
2022-04-01 02:59:39,539.75
2022-04-01 02:59:44,539.62
2022-04-01 02:59:49,539.52
2022-04-01 02:59:54,539.39
2022-04-01 02:59:59,539.3
2022-04-01 03:00:04,539.23
2022-04-01 03:00:09,539.1
2022-04-01 03:00:14,539.01
2022-04-01 03:00:19,538.88
2022-04-01 03:00:24,538.78
2022-04-01 03:00:29,538.72
2022-04-01 03:00:34,538.59
2022-04-01 03:00:39,538.55
2022-04-01 03:00:44,538.43
2022-04-01 03:00:49,538.36
2022-04-01 03:00:54,538.33
2022-04-01 03:00:59,538.2
2022-04-01 03:01:04,538.2
2022-04-01 03:01:09,538.07
2022-04-01 03:01:14,538.07
2022-04-01 03:01:19,538.04
2022-04-01 03:01:24,537.97
2022-04-01 03:01:29,537.91
2022-04-01 03:01:34,537.91
2022-04-01 03:01:39,537.85
2022-04-01 03:01:44,537.82
2022-04-01 03:01:49,537.82
2022-04-01 03:01:54,537.75
2022-04-01 03:01:59,537.69
2022-04-01 03:02:04,537.69
2022-04-01 03:02:09,537.69
2022-04-01 03:02:14,537.62
2022-04-01 03:02:19,537.63
2022-04-01 03:02:24,537.63
2022-04-01 03:02:29,537.63
2022-04-01 03:02:34,537.56
2022-04-01 03:02:39,537.63
2022-04-01 03:02:44,537.56
2022-04-01 03:02:49,537.62
2022-04-01 03:02:54,537.63
2022-04-01 03:02:59,537.56
2022-04-01 03:03:04,537.56
2022-04-01 03:03:09,537.63
2022-04-01 03:03:14,537.56
2022-04-01 03:03:19,537.56
2022-04-01 03:03:24,537.63
2022-04-01 03:03:29,537.63
2022-04-01 03:03:34,537.56
2022-04-01 03:03:39,537.63
2022-04-01 03:03:44,537.63
2022-04-01 03:03:49,537.63
2022-04-01 03:03:54,537.63
2022-04-01 03:03:59,537.69
2022-04-01 03:04:04,537.75
2022-04-01 03:04:09,537.75
2022-04-01 03:04:14,537.75
2022-04-01 03:04:19,537.82
2022-04-01 03:04:24,537.85
2022-04-01 03:04:29,537.85
2022-04-01 03:04:34,537.91
2022-04-01 03:04:39,537.98
2022-04-01 03:04:44,538.04
2022-04-01 03:04:49,538.04
2022-04-01 03:04:54,538.07
2022-04-01 03:04:59,538.14
2022-04-01 03:05:04,538.2
2022-04-01 03:05:09,538.26
2022-04-01 03:05:14,538.36
2022-04-01 03:05:19,538.36
2022-04-01 03:05:24,538.42
2022-04-01 03:05:29,538.49
2022-04-01 03:05:34,538.55
2022-04-01 03:05:39,538.58
2022-04-01 03:05:44,538.65
2022-04-01 03:05:49,538.71
2022-04-01 03:05:54,538.77
2022-04-01 03:05:59,538.84
2022-04-01 03:06:04,538.87
2022-04-01 03:06:09,538.93
2022-04-01 03:06:14,539.0
2022-04-01 03:06:19,539.06
2022-04-01 03:06:24,539.09
2022-04-01 03:06:29,539.22
2022-04-01 03:06:34,539.35
2022-04-01 03:06:39,539.35
2022-04-01 03:06:44,539.38
2022-04-01 03:06:49,539.5
2022-04-01 03:06:54,539.57
2022-04-01 03:06:59,539.6
2022-04-01 03:07:04,539.73
2022-04-01 03:07:09,539.79
2022-04-01 03:07:14,539.86
2022-04-01 03:07:19,539.95
2022-04-01 03:07:24,539.95
2022-04-01 03:07:29,540.01
2022-04-01 03:07:34,540.11
2022-04-01 03:07:39,540.24
2022-04-01 03:07:44,540.3
2022-04-01 03:07:49,540.36
2022-04-01 03:07:54,540.46
2022-04-01 03:07:59,540.52
2022-04-01 03:08:04,540.59
2022-04-01 03:08:09,540.62
2022-04-01 03:08:14,540.75
2022-04-01 03:08:19,540.81
2022-04-01 03:08:24,540.87
2022-04-01 03:08:29,540.97
2022-04-01 03:08:34,541.03
2022-04-01 03:08:39,541.1
2022-04-01 03:08:44,541.19
2022-04-01 03:08:49,541.25
2022-04-01 03:08:54,541.31
2022-04-01 03:08:59,541.41
2022-04-01 03:09:04,541.47
2022-04-01 03:09:09,541.6
2022-04-01 03:09:14,541.63
2022-04-01 03:09:19,541.7
2022-04-01 03:09:24,541.83
2022-04-01 03:09:29,541.89
2022-04-01 03:09:34,541.99
2022-04-01 03:09:39,542.05
2022-04-01 03:09:44,542.15
2022-04-01 03:09:49,542.21
2022-04-01 03:09:54,542.27
2022-04-01 03:09:59,542.34
2022-04-01 03:10:04,542.43
2022-04-01 03:10:09,542.5
2022-04-01 03:10:14,542.56
2022-04-01 03:10:19,542.62
2022-04-01 03:10:24,542.66
2022-04-01 03:10:29,542.79
2022-04-01 03:10:34,542.85
2022-04-01 03:10:39,542.91
2022-04-01 03:10:44,542.94
2022-04-01 03:10:49,543.07
2022-04-01 03:10:54,543.14
2022-04-01 03:10:59,543.17
2022-04-01 03:11:04,543.3
2022-04-01 03:11:09,543.3
2022-04-01 03:11:14,543.43
2022-04-01 03:11:19,543.46
2022-04-01 03:11:24,543.52
2022-04-01 03:11:29,543.65
2022-04-01 03:11:34,543.68
2022-04-01 03:11:39,543.75
2022-04-01 03:11:44,543.81
2022-04-01 03:11:49,543.88
2022-04-01 03:11:54,543.97
2022-04-01 03:11:59,544.1
2022-04-01 03:12:04,544.1
2022-04-01 03:12:09,544.2
2022-04-01 03:12:14,544.2
2022-04-01 03:12:19,544.33
2022-04-01 03:12:24,544.39
2022-04-01 03:12:29,544.46
2022-04-01 03:12:34,544.49
2022-04-01 03:12:39,544.55
2022-04-01 03:12:44,544.62
2022-04-01 03:12:49,544.68
2022-04-01 03:12:54,544.72
2022-04-01 03:12:59,544.78
2022-04-01 03:13:04,544.85
2022-04-01 03:13:09,544.91
2022-04-01 03:13:14,544.97
2022-04-01 03:13:19,544.97
2022-04-01 03:13:24,544.97
2022-04-01 03:13:29,545.01
2022-04-01 03:13:34,545.07
2022-04-01 03:13:39,545.07
2022-04-01 03:13:44,545.07
2022-04-01 03:13:49,545.07
2022-04-01 03:13:54,545.13
2022-04-01 03:13:59,545.13
2022-04-01 03:14:04,545.2
2022-04-01 03:14:09,545.2
2022-04-01 03:14:14,545.2
2022-04-01 03:14:19,545.2
2022-04-01 03:14:24,545.23
2022-04-01 03:14:29,545.23
2022-04-01 03:14:34,545.23
2022-04-01 03:14:39,545.2
2022-04-01 03:14:44,545.2
2022-04-01 03:14:49,545.23
2022-04-01 03:14:54,545.19
2022-04-01 03:14:59,545.22
2022-04-01 03:15:04,545.23
2022-04-01 03:15:09,545.19
2022-04-01 03:15:14,545.19
2022-04-01 03:15:19,545.13
2022-04-01 03:15:24,545.13
2022-04-01 03:15:29,545.13
2022-04-01 03:15:34,545.06
2022-04-01 03:15:39,545.0
2022-04-01 03:15:44,545.0
2022-04-01 03:15:49,544.96
2022-04-01 03:15:54,544.9
2022-04-01 03:15:59,544.9
2022-04-01 03:16:04,544.77
2022-04-01 03:16:09,544.77
2022-04-01 03:16:14,544.7
2022-04-01 03:16:19,544.67
2022-04-01 03:16:24,544.6
2022-04-01 03:16:29,544.54
2022-04-01 03:16:34,544.47
2022-04-01 03:16:39,544.37
2022-04-01 03:16:44,544.31
2022-04-01 03:16:49,544.25
2022-04-01 03:16:54,544.18
2022-04-01 03:16:59,544.08
2022-04-01 03:17:04,544.08
2022-04-01 03:17:09,543.95
2022-04-01 03:17:14,543.86
2022-04-01 03:17:19,543.79
2022-04-01 03:17:24,543.73
2022-04-01 03:17:29,543.63
2022-04-01 03:17:34,543.56
2022-04-01 03:17:39,543.5
2022-04-01 03:17:44,543.4
2022-04-01 03:17:49,543.33
2022-04-01 03:17:54,543.27
2022-04-01 03:17:59,543.2
2022-04-01 03:18:04,543.1
2022-04-01 03:18:09,543.04
2022-04-01 03:18:14,542.97
2022-04-01 03:18:19,542.91
2022-04-01 03:18:24,542.74
2022-04-01 03:18:29,542.68
2022-04-01 03:18:34,542.62
2022-04-01 03:18:39,542.52
2022-04-01 03:18:44,542.45
2022-04-01 03:18:49,542.35
2022-04-01 03:18:54,542.22
2022-04-01 03:18:59,542.16
2022-04-01 03:19:04,542.09
2022-04-01 03:19:09,541.99
2022-04-01 03:19:14,541.87
2022-04-01 03:19:19,541.83
2022-04-01 03:19:24,541.77
2022-04-01 03:19:29,541.7
2022-04-01 03:19:34,541.57
2022-04-01 03:19:39,541.54
2022-04-01 03:19:44,541.41
2022-04-01 03:19:49,541.41
2022-04-01 03:19:54,541.31
2022-04-01 03:19:59,541.25
2022-04-01 03:20:04,541.25
2022-04-01 03:20:09,541.12
2022-04-01 03:20:14,541.12
2022-04-01 03:20:19,541.05
2022-04-01 03:20:24,540.95
2022-04-01 03:20:29,540.95
2022-04-01 03:20:34,540.95
2022-04-01 03:20:39,540.95
2022-04-01 03:20:44,540.79
2022-04-01 03:20:49,540.79
2022-04-01 03:20:54,540.79
2022-04-01 03:20:59,540.79
2022-04-01 03:21:04,540.79
2022-04-01 03:21:09,540.72
2022-04-01 03:21:14,540.79
2022-04-01 03:21:19,540.72
2022-04-01 03:21:24,540.72
2022-04-01 03:21:29,540.72
2022-04-01 03:21:34,540.72
2022-04-01 03:21:39,540.72
2022-04-01 03:21:44,540.79
2022-04-01 03:21:49,540.79
2022-04-01 03:21:54,540.79
2022-04-01 03:21:59,540.82
2022-04-01 03:22:04,540.82
2022-04-01 03:22:09,540.82
2022-04-01 03:22:14,540.88
2022-04-01 03:22:19,540.88
2022-04-01 03:22:24,540.88
2022-04-01 03:22:29,540.95
2022-04-01 03:22:34,541.01
2022-04-01 03:22:39,541.01
2022-04-01 03:22:44,541.01
2022-04-01 03:22:49,541.05
2022-04-01 03:22:54,541.04
2022-04-01 03:22:59,541.05
2022-04-01 03:23:04,541.17
2022-04-01 03:23:09,541.17
2022-04-01 03:23:14,541.17
2022-04-01 03:23:19,541.24
2022-04-01 03:23:24,541.24
2022-04-01 03:23:29,541.3
2022-04-01 03:23:34,541.33
2022-04-01 03:23:39,541.33
2022-04-01 03:23:44,541.4
2022-04-01 03:23:49,541.4
2022-04-01 03:23:54,541.46
2022-04-01 03:23:59,541.52
2022-04-01 03:24:04,541.56
2022-04-01 03:24:09,541.62
2022-04-01 03:24:14,541.62
2022-04-01 03:24:19,541.75
2022-04-01 03:24:24,541.75
2022-04-01 03:24:29,541.81
2022-04-01 03:24:34,541.84
2022-04-01 03:24:39,541.97
2022-04-01 03:24:44,541.97
2022-04-01 03:24:49,542.03
2022-04-01 03:24:54,542.13
2022-04-01 03:24:59,542.19
2022-04-01 03:25:04,542.26
2022-04-01 03:25:09,542.32
2022-04-01 03:25:14,542.35
2022-04-01 03:25:19,542.42
2022-04-01 03:25:24,542.55
2022-04-01 03:25:29,542.55
2022-04-01 03:25:34,542.64
2022-04-01 03:25:39,542.7
2022-04-01 03:25:44,542.71
2022-04-01 03:25:49,542.83
2022-04-01 03:25:54,542.83
2022-04-01 03:25:59,542.92
2022-04-01 03:26:04,542.99
2022-04-01 03:26:09,543.05
2022-04-01 03:26:14,543.08
2022-04-01 03:26:19,543.15
2022-04-01 03:26:24,543.34
2022-04-01 03:26:29,543.37
2022-04-01 03:26:34,543.43
2022-04-01 03:26:39,543.56
2022-04-01 03:26:44,543.59
2022-04-01 03:26:49,543.72
2022-04-01 03:26:54,543.85
2022-04-01 03:26:59,543.88
2022-04-01 03:27:04,544.01
2022-04-01 03:27:09,544.07
2022-04-01 03:27:14,544.23
2022-04-01 03:27:19,544.29
2022-04-01 03:27:24,544.38
2022-04-01 03:27:29,544.51
2022-04-01 03:27:34,544.58
2022-04-01 03:27:39,544.74
2022-04-01 03:27:44,544.87
2022-04-01 03:27:49,544.87
2022-04-01 03:27:54,544.96
2022-04-01 03:27:59,545.12
2022-04-01 03:28:04,545.18
2022-04-01 03:28:09,545.31
2022-04-01 03:28:14,545.37
2022-04-01 03:28:19,545.47
2022-04-01 03:28:24,545.53
2022-04-01 03:28:29,545.63
2022-04-01 03:28:34,545.75
2022-04-01 03:28:39,545.82
2022-04-01 03:28:44,545.91
2022-04-01 03:28:49,545.98
2022-04-01 03:28:54,546.11
2022-04-01 03:28:59,546.2
2022-04-01 03:29:04,546.26
2022-04-01 03:29:09,546.39
2022-04-01 03:29:14,546.48
2022-04-01 03:29:19,546.55
2022-04-01 03:29:24,546.64
2022-04-01 03:29:29,546.7
2022-04-01 03:29:34,546.77
2022-04-01 03:29:39,546.89
2022-04-01 03:29:44,546.89
2022-04-01 03:29:49,546.99
2022-04-01 03:29:54,547.05
2022-04-01 03:29:59,547.05
2022-04-01 03:30:04,547.11
2022-04-01 03:30:09,547.14
2022-04-01 03:30:14,547.21
2022-04-01 03:30:19,547.21
2022-04-01 03:30:24,547.27
2022-04-01 03:30:29,547.34
2022-04-01 03:30:34,547.27
2022-04-01 03:30:39,547.34
2022-04-01 03:30:44,547.34
2022-04-01 03:30:49,547.33
2022-04-01 03:30:54,547.33
2022-04-01 03:30:59,547.33
2022-04-01 03:31:04,547.27
2022-04-01 03:31:09,547.27
2022-04-01 03:31:14,547.27
2022-04-01 03:31:19,547.2
2022-04-01 03:31:24,547.14
2022-04-01 03:31:29,547.14
2022-04-01 03:31:34,547.04
2022-04-01 03:31:39,547.04
2022-04-01 03:31:44,546.91
2022-04-01 03:31:49,546.87
2022-04-01 03:31:54,546.81
2022-04-01 03:31:59,546.75
2022-04-01 03:32:04,546.62
2022-04-01 03:32:09,546.59
2022-04-01 03:32:14,546.52
2022-04-01 03:32:19,546.36
2022-04-01 03:32:24,546.29
2022-04-01 03:32:29,546.23
2022-04-01 03:32:34,546.1
2022-04-01 03:32:39,546.01
2022-04-01 03:32:44,545.94
2022-04-01 03:32:49,545.78
2022-04-01 03:32:54,545.72
2022-04-01 03:32:59,545.59
2022-04-01 03:33:04,545.49
2022-04-01 03:33:09,545.33
2022-04-01 03:33:14,545.26
2022-04-01 03:33:19,545.07
2022-04-01 03:33:24,545.04
2022-04-01 03:33:29,544.91
2022-04-01 03:33:34,544.81
2022-04-01 03:33:39,544.68
2022-04-01 03:33:44,544.56
2022-04-01 03:33:49,544.46
2022-04-01 03:33:54,544.3
2022-04-01 03:33:59,544.17
2022-04-01 03:34:04,544.04
2022-04-01 03:34:09,543.88
2022-04-01 03:34:14,543.78
2022-04-01 03:34:19,543.58
2022-04-01 03:34:24,543.49
2022-04-01 03:34:29,543.36
2022-04-01 03:34:34,543.26
2022-04-01 03:34:39,543.2
2022-04-01 03:34:44,543.0
2022-04-01 03:34:49,542.91
2022-04-01 03:34:54,542.91
2022-04-01 03:34:59,542.74
2022-04-01 03:35:04,542.62
2022-04-01 03:35:09,542.49
2022-04-01 03:35:14,542.39
2022-04-01 03:35:19,542.32
2022-04-01 03:35:24,542.23
2022-04-01 03:35:29,542.1
2022-04-01 03:35:34,542.03
2022-04-01 03:35:39,541.97
2022-04-01 03:35:44,541.93
2022-04-01 03:35:49,541.74
2022-04-01 03:35:54,541.7
2022-04-01 03:35:59,541.58
2022-04-01 03:36:04,541.51
2022-04-01 03:36:09,541.44
2022-04-01 03:36:14,541.35
2022-04-01 03:36:19,541.28
2022-04-01 03:36:24,541.18
2022-04-01 03:36:29,541.12
2022-04-01 03:36:34,541.05
2022-04-01 03:36:39,540.99
2022-04-01 03:36:44,540.89
2022-04-01 03:36:49,540.83
2022-04-01 03:36:54,540.76
2022-04-01 03:36:59,540.76
2022-04-01 03:37:04,540.7
2022-04-01 03:37:09,540.66
2022-04-01 03:37:14,540.6
2022-04-01 03:37:19,540.53
2022-04-01 03:37:24,540.47
2022-04-01 03:37:29,540.4
2022-04-01 03:37:34,540.37
2022-04-01 03:37:39,540.37
2022-04-01 03:37:44,540.3
2022-04-01 03:37:49,540.23
2022-04-01 03:37:54,540.24
2022-04-01 03:37:59,540.23
2022-04-01 03:38:04,540.17
2022-04-01 03:38:09,540.17
2022-04-01 03:38:14,540.17
2022-04-01 03:38:19,540.13
2022-04-01 03:38:24,540.16
2022-04-01 03:38:29,540.16
2022-04-01 03:38:34,540.16
2022-04-01 03:38:39,540.16
2022-04-01 03:38:44,540.22
2022-04-01 03:38:49,540.28
2022-04-01 03:38:54,540.28
2022-04-01 03:38:59,540.35
2022-04-01 03:39:04,540.35
2022-04-01 03:39:09,540.37
2022-04-01 03:39:14,540.44
2022-04-01 03:39:19,540.57
2022-04-01 03:39:24,540.63
2022-04-01 03:39:29,540.66
2022-04-01 03:39:34,540.79
2022-04-01 03:39:39,540.79
2022-04-01 03:39:44,540.95
2022-04-01 03:39:49,540.94
2022-04-01 03:39:54,541.07
2022-04-01 03:39:59,541.14
2022-04-01 03:40:04,541.23
2022-04-01 03:40:09,541.36
2022-04-01 03:40:14,541.45
2022-04-01 03:40:19,541.58
2022-04-01 03:40:24,541.68
2022-04-01 03:40:29,541.74
2022-04-01 03:40:34,541.9
2022-04-01 03:40:39,541.96
2022-04-01 03:40:44,542.09
2022-04-01 03:40:49,542.19
2022-04-01 03:40:54,542.25
2022-04-01 03:40:59,542.38
2022-04-01 03:41:04,542.48
2022-04-01 03:41:09,542.6
2022-04-01 03:41:14,542.7
2022-04-01 03:41:19,542.83
2022-04-01 03:41:24,542.89
2022-04-01 03:41:29,542.92
2022-04-01 03:41:34,543.05
2022-04-01 03:41:39,543.18
2022-04-01 03:41:44,543.27
2022-04-01 03:41:49,543.34
2022-04-01 03:41:54,543.44
2022-04-01 03:41:59,543.56
2022-04-01 03:42:04,537.71
2022-04-01 03:42:09,543.69
2022-04-01 03:42:14,543.85
2022-04-01 03:42:19,543.85
2022-04-01 03:42:24,543.95
2022-04-01 03:42:29,544.08
2022-04-01 03:42:34,544.14
2022-04-01 03:42:39,544.24
2022-04-01 03:42:44,544.3
2022-04-01 03:42:49,544.37
2022-04-01 03:42:54,544.46
2022-04-01 03:42:59,544.59
2022-04-01 03:43:04,544.72
2022-04-01 03:43:09,544.75
2022-04-01 03:43:14,544.82
2022-04-01 03:43:19,544.88
2022-04-01 03:43:24,544.98
2022-04-01 03:43:29,545.04
2022-04-01 03:43:34,545.17
2022-04-01 03:43:39,545.24
2022-04-01 03:43:44,545.27
2022-04-01 03:43:49,545.4
2022-04-01 03:43:54,545.46
2022-04-01 03:43:59,545.49
2022-04-01 03:44:04,545.55
2022-04-01 03:44:09,545.69
2022-04-01 03:44:14,545.75
2022-04-01 03:44:19,545.78
2022-04-01 03:44:24,545.91
2022-04-01 03:44:29,545.97
2022-04-01 03:44:34,537.71
2022-04-01 03:44:39,546.07
2022-04-01 03:44:44,546.13
2022-04-01 03:44:49,546.26
2022-04-01 03:44:54,546.3
2022-04-01 03:44:59,546.3
2022-04-01 03:45:04,546.36
2022-04-01 03:45:09,546.42
2022-04-01 03:45:14,546.49
2022-04-01 03:45:19,546.52
2022-04-01 03:45:24,546.52
2022-04-01 03:45:29,546.58
2022-04-01 03:45:34,546.58
2022-04-01 03:45:39,546.58
2022-04-01 03:45:44,546.58
2022-04-01 03:45:49,546.58
2022-04-01 03:45:54,546.52
2022-04-01 03:45:59,546.51
2022-04-01 03:46:04,546.51
2022-04-01 03:46:09,546.48
2022-04-01 03:46:14,546.35
2022-04-01 03:46:19,546.28
2022-04-01 03:46:24,546.25
2022-04-01 03:46:29,546.12
2022-04-01 03:46:34,546.06
2022-04-01 03:46:39,545.89
2022-04-01 03:46:44,545.77
2022-04-01 03:46:49,545.67
2022-04-01 03:46:54,545.47
2022-04-01 03:46:59,545.31
2022-04-01 03:47:04,545.22
2022-04-01 03:47:09,545.09
2022-04-01 03:47:14,544.86
2022-04-01 03:47:19,544.63
2022-04-01 03:47:24,544.5
2022-04-01 03:47:29,544.28
2022-04-01 03:47:34,544.05
2022-04-01 03:47:39,543.82
2022-04-01 03:47:44,543.66
2022-04-01 03:47:49,543.37
2022-04-01 03:47:54,543.15
2022-04-01 03:47:59,542.89
2022-04-01 03:48:04,542.63
2022-04-01 03:48:09,542.43
2022-04-01 03:48:14,542.21
2022-04-01 03:48:19,541.92
2022-04-01 03:48:24,541.75
2022-04-01 03:48:29,541.46
2022-04-01 03:48:34,541.3
2022-04-01 03:48:39,541.01
2022-04-01 03:48:44,540.81
2022-04-01 03:48:49,540.55
2022-04-01 03:48:54,540.3
2022-04-01 03:48:59,540.07
2022-04-01 03:49:04,539.84
2022-04-01 03:49:09,539.68
2022-04-01 03:49:14,539.39
2022-04-01 03:49:19,539.16
2022-04-01 03:49:24,538.94
2022-04-01 03:49:29,538.71
2022-04-01 03:49:34,538.48
2022-04-01 03:49:39,538.19
2022-04-01 03:49:44,537.96
2022-04-01 03:49:49,537.7
2022-04-01 03:49:54,537.48
2022-04-01 03:49:59,537.32
2022-04-01 03:50:04,537.09
2022-04-01 03:50:09,536.86
2022-04-01 03:50:14,536.67
2022-04-01 03:50:19,536.44
2022-04-01 03:50:24,536.28
2022-04-01 03:50:29,536.05
2022-04-01 03:50:34,535.89
2022-04-01 03:50:39,535.63
2022-04-01 03:50:44,535.47
2022-04-01 03:50:49,535.3
2022-04-01 03:50:54,535.11
2022-04-01 03:50:59,534.95
2022-04-01 03:51:04,534.79
2022-04-01 03:51:09,534.66
2022-04-01 03:51:14,534.5
2022-04-01 03:51:19,537.71
2022-04-01 03:51:24,534.2
2022-04-01 03:51:29,534.04
2022-04-01 03:51:34,533.91
2022-04-01 03:51:39,533.82
2022-04-01 03:51:44,533.75
2022-04-01 03:51:49,533.56
2022-04-01 03:51:54,533.52
2022-04-01 03:51:59,533.39
2022-04-01 03:52:04,533.33
2022-04-01 03:52:09,533.23
2022-04-01 03:52:14,533.17
2022-04-01 03:52:19,533.1
2022-04-01 03:52:24,533.04
2022-04-01 03:52:29,533.04
2022-04-01 03:52:34,533.01
2022-04-01 03:52:39,532.94
2022-04-01 03:52:44,532.94
2022-04-01 03:52:49,532.94
2022-04-01 03:52:54,532.94
2022-04-01 03:52:59,532.94
2022-04-01 03:53:04,532.88
2022-04-01 03:53:09,532.94
2022-04-01 03:53:14,532.94
2022-04-01 03:53:19,533.0
2022-04-01 03:53:24,532.94
2022-04-01 03:53:29,533.0
2022-04-01 03:53:34,533.0
2022-04-01 03:53:39,533.03
2022-04-01 03:53:44,533.03
2022-04-01 03:53:49,533.1
2022-04-01 03:53:54,533.23
2022-04-01 03:53:59,533.29
2022-04-01 03:54:04,533.29
2022-04-01 03:54:09,533.39
2022-04-01 03:54:14,533.45
2022-04-01 03:54:19,533.52
2022-04-01 03:54:24,533.55
2022-04-01 03:54:29,533.68
2022-04-01 03:54:34,533.81
2022-04-01 03:54:39,533.84
2022-04-01 03:54:44,533.9
2022-04-01 03:54:49,534.03
2022-04-01 03:54:54,534.13
2022-04-01 03:54:59,534.26
2022-04-01 03:55:04,534.32
2022-04-01 03:55:09,534.42
2022-04-01 03:55:14,534.55
2022-04-01 03:55:19,534.64
2022-04-01 03:55:24,534.77
2022-04-01 03:55:29,534.87
2022-04-01 03:55:34,535.0
2022-04-01 03:55:39,535.09
2022-04-01 03:55:44,535.22
2022-04-01 03:55:49,537.71
2022-04-01 03:55:54,535.45
2022-04-01 03:55:59,535.61
2022-04-01 03:56:04,535.74
2022-04-01 03:56:09,535.87
2022-04-01 03:56:14,536.03
2022-04-01 03:56:19,536.12
2022-04-01 03:56:24,536.32
2022-04-01 03:56:29,536.48
2022-04-01 03:56:34,536.6
2022-04-01 03:56:39,536.7
2022-04-01 03:56:44,536.89
2022-04-01 03:56:49,537.05
2022-04-01 03:56:54,537.21
2022-04-01 03:56:59,537.34
2022-04-01 03:57:04,537.5
2022-04-01 03:57:09,537.66
2022-04-01 03:57:14,537.86
2022-04-01 03:57:19,538.02
2022-04-01 03:57:24,538.24
2022-04-01 03:57:29,538.37
2022-04-01 03:57:34,538.53
2022-04-01 03:57:39,538.69
2022-04-01 03:57:44,538.88
2022-04-01 03:57:49,539.04
2022-04-01 03:57:54,539.27
2022-04-01 03:57:59,539.46
2022-04-01 03:58:04,539.62
2022-04-01 03:58:09,539.78
2022-04-01 03:58:14,539.97
2022-04-01 03:58:19,540.13
2022-04-01 03:58:24,540.36
2022-04-01 03:58:29,540.48
2022-04-01 03:58:34,540.64
2022-04-01 03:58:39,540.87
2022-04-01 03:58:44,541.03
2022-04-01 03:58:49,541.21
2022-04-01 03:58:54,541.44
2022-04-01 03:58:59,541.54
2022-04-01 03:59:04,541.76
2022-04-01 03:59:09,541.96
2022-04-01 03:59:14,542.12
2022-04-01 03:59:19,542.18
2022-04-01 03:59:24,542.4
2022-04-01 03:59:29,542.53
2022-04-01 03:59:34,542.76
2022-04-01 03:59:39,542.92
2022-04-01 03:59:44,543.08
2022-04-01 03:59:49,543.27
2022-04-01 03:59:54,543.36
2022-04-01 03:59:59,543.56
2022-04-01 04:00:04,543.72
2022-04-01 04:00:09,543.81
2022-04-01 04:00:14,543.94
2022-04-01 04:00:19,544.1
2022-04-01 04:00:24,544.23
2022-04-01 04:00:29,544.32
2022-04-01 04:00:34,544.45
2022-04-01 04:00:39,544.61
2022-04-01 04:00:44,544.74
2022-04-01 04:00:49,544.83
2022-04-01 04:00:54,545.02
2022-04-01 04:00:59,545.09
2022-04-01 04:01:04,545.24
2022-04-01 04:01:09,545.34
2022-04-01 04:01:14,545.47
2022-04-01 04:01:19,545.53
2022-04-01 04:01:24,545.63
2022-04-01 04:01:29,545.82
2022-04-01 04:01:34,545.85
2022-04-01 04:01:39,545.98
2022-04-01 04:01:44,546.1
2022-04-01 04:01:49,546.13
2022-04-01 04:01:54,546.26
2022-04-01 04:01:59,546.36
2022-04-01 04:02:04,546.49
2022-04-01 04:02:09,546.55
2022-04-01 04:02:14,546.61
2022-04-01 04:02:19,546.71
2022-04-01 04:02:24,546.77
2022-04-01 04:02:29,546.77
2022-04-01 04:02:34,546.84
2022-04-01 04:02:39,546.87
2022-04-01 04:02:44,546.93
2022-04-01 04:02:49,546.99
2022-04-01 04:02:54,547.06
2022-04-01 04:02:59,547.06
2022-04-01 04:03:04,547.15
2022-04-01 04:03:09,547.15
2022-04-01 04:03:14,547.15
2022-04-01 04:03:19,547.21
2022-04-01 04:03:24,547.21
2022-04-01 04:03:29,547.21
2022-04-01 04:03:34,547.28
2022-04-01 04:03:39,547.28
2022-04-01 04:03:44,547.34
2022-04-01 04:03:49,547.34
2022-04-01 04:03:54,547.34
2022-04-01 04:03:59,547.34
2022-04-01 04:04:04,547.34
2022-04-01 04:04:09,547.34
2022-04-01 04:04:14,547.34
2022-04-01 04:04:19,547.27
2022-04-01 04:04:24,547.27
2022-04-01 04:04:29,547.27
2022-04-01 04:04:34,547.21
2022-04-01 04:04:39,547.15
2022-04-01 04:04:44,547.14
2022-04-01 04:04:49,547.11
2022-04-01 04:04:54,547.05
2022-04-01 04:04:59,546.98
2022-04-01 04:05:04,546.98
2022-04-01 04:05:09,546.85
2022-04-01 04:05:14,546.82
2022-04-01 04:05:19,546.69
2022-04-01 04:05:24,546.63
2022-04-01 04:05:29,546.53
2022-04-01 04:05:34,546.47
2022-04-01 04:05:39,546.4
2022-04-01 04:05:44,546.31
2022-04-01 04:05:49,546.18
2022-04-01 04:05:54,546.08
2022-04-01 04:05:59,546.02
2022-04-01 04:06:04,545.89
2022-04-01 04:06:09,545.79
2022-04-01 04:06:14,545.73
2022-04-01 04:06:19,545.66
2022-04-01 04:06:24,545.57
2022-04-01 04:06:29,545.44
2022-04-01 04:06:34,545.31
2022-04-01 04:06:39,545.15
2022-04-01 04:06:44,545.08
2022-04-01 04:06:49,544.99
2022-04-01 04:06:54,544.86
2022-04-01 04:06:59,544.79
2022-04-01 04:07:04,544.63
2022-04-01 04:07:09,544.54
2022-04-01 04:07:14,544.41
2022-04-01 04:07:19,537.71
2022-04-01 04:07:24,544.18
2022-04-01 04:07:29,544.05
2022-04-01 04:07:34,544.02
2022-04-01 04:07:39,543.89
2022-04-01 04:07:44,543.76
2022-04-01 04:07:49,543.66
2022-04-01 04:07:54,543.6
2022-04-01 04:07:59,543.5
2022-04-01 04:08:04,543.44
2022-04-01 04:08:09,543.31
2022-04-01 04:08:14,543.21
2022-04-01 04:08:19,543.15
2022-04-01 04:08:24,543.02
2022-04-01 04:08:29,542.85
2022-04-01 04:08:34,542.85
2022-04-01 04:08:39,542.69
2022-04-01 04:08:44,542.63
2022-04-01 04:08:49,542.5
2022-04-01 04:08:54,542.47
2022-04-01 04:08:59,542.34
2022-04-01 04:09:04,542.18
2022-04-01 04:09:09,542.11
2022-04-01 04:09:14,541.95
2022-04-01 04:09:19,541.88
2022-04-01 04:09:24,541.75
2022-04-01 04:09:29,541.69
2022-04-01 04:09:34,541.65
2022-04-01 04:09:39,541.52
2022-04-01 04:09:44,541.43
2022-04-01 04:09:49,541.36
2022-04-01 04:09:54,541.23
2022-04-01 04:09:59,541.17
2022-04-01 04:10:04,541.13
2022-04-01 04:10:09,541.07
2022-04-01 04:10:14,540.94
2022-04-01 04:10:19,540.94
2022-04-01 04:10:24,540.84
2022-04-01 04:10:29,540.78
2022-04-01 04:10:34,540.71
2022-04-01 04:10:39,540.71
2022-04-01 04:10:44,540.64
2022-04-01 04:10:49,540.64
2022-04-01 04:10:54,540.64
2022-04-01 04:10:59,540.61
2022-04-01 04:11:04,540.6
2022-04-01 04:11:09,540.54
2022-04-01 04:11:14,540.54
2022-04-01 04:11:19,540.47
2022-04-01 04:11:24,540.47
2022-04-01 04:11:29,540.47
2022-04-01 04:11:34,540.47
2022-04-01 04:11:39,540.4
2022-04-01 04:11:44,540.4
2022-04-01 04:11:49,540.4
2022-04-01 04:11:54,540.4
2022-04-01 04:11:59,540.37
2022-04-01 04:12:04,540.37
2022-04-01 04:12:09,540.37
2022-04-01 04:12:14,540.36
2022-04-01 04:12:19,540.36
2022-04-01 04:12:24,540.36
2022-04-01 04:12:29,540.36
2022-04-01 04:12:34,540.36
2022-04-01 04:12:39,540.36
2022-04-01 04:12:44,540.36
2022-04-01 04:12:49,540.36
2022-04-01 04:12:54,540.39
2022-04-01 04:12:59,540.36
2022-04-01 04:13:04,540.39
2022-04-01 04:13:09,540.39
2022-04-01 04:13:14,540.45
2022-04-01 04:13:19,540.38
2022-04-01 04:13:24,540.38
2022-04-01 04:13:29,540.44
2022-04-01 04:13:34,540.44
2022-04-01 04:13:39,540.44
2022-04-01 04:13:44,540.51
2022-04-01 04:13:49,540.57
2022-04-01 04:13:54,540.61
2022-04-01 04:13:59,540.6
2022-04-01 04:14:04,540.6
2022-04-01 04:14:09,540.67
2022-04-01 04:14:14,540.73
2022-04-01 04:14:19,540.73
2022-04-01 04:14:24,540.79
2022-04-01 04:14:29,540.79
2022-04-01 04:14:34,540.86
2022-04-01 04:14:39,540.86
2022-04-01 04:14:44,540.89
2022-04-01 04:14:49,540.89
2022-04-01 04:14:54,540.95
2022-04-01 04:14:59,540.95
2022-04-01 04:15:04,541.02
2022-04-01 04:15:09,541.08
2022-04-01 04:15:14,541.08
2022-04-01 04:15:19,541.08
2022-04-01 04:15:24,541.11
2022-04-01 04:15:29,541.11
2022-04-01 04:15:34,541.18
2022-04-01 04:15:39,541.24
2022-04-01 04:15:44,541.24
2022-04-01 04:15:49,541.24
2022-04-01 04:15:54,541.31
2022-04-01 04:15:59,541.31
2022-04-01 04:16:04,541.37
2022-04-01 04:16:09,541.37
2022-04-01 04:16:14,541.4
2022-04-01 04:16:19,541.47
2022-04-01 04:16:24,541.47
2022-04-01 04:16:29,541.47
2022-04-01 04:16:34,541.54
2022-04-01 04:16:39,541.6
2022-04-01 04:16:44,541.63
2022-04-01 04:16:49,541.7
2022-04-01 04:16:54,541.69
2022-04-01 04:16:59,541.76
2022-04-01 04:17:04,541.83
2022-04-01 04:17:09,541.89
2022-04-01 04:17:14,541.89
2022-04-01 04:17:19,541.92
2022-04-01 04:17:24,541.99
2022-04-01 04:17:29,541.99
2022-04-01 04:17:34,542.12
2022-04-01 04:17:39,542.12
2022-04-01 04:17:44,542.21
2022-04-01 04:17:49,542.21
2022-04-01 04:17:54,542.28
2022-04-01 04:17:59,542.34
2022-04-01 04:18:04,542.41
2022-04-01 04:18:09,542.44
2022-04-01 04:18:14,542.51
2022-04-01 04:18:19,542.57
2022-04-01 04:18:24,542.67
2022-04-01 04:18:29,542.73
2022-04-01 04:18:34,542.8
2022-04-01 04:18:39,542.86
2022-04-01 04:18:44,542.92
2022-04-01 04:18:49,543.02
2022-04-01 04:18:54,543.02
2022-04-01 04:18:59,543.15
2022-04-01 04:19:04,543.15
2022-04-01 04:19:09,543.18
2022-04-01 04:19:14,543.31
2022-04-01 04:19:19,543.37
2022-04-01 04:19:24,543.44
2022-04-01 04:19:29,543.47
2022-04-01 04:19:34,543.54
2022-04-01 04:19:39,543.66
2022-04-01 04:19:44,543.7
2022-04-01 04:19:49,537.71
2022-04-01 04:19:54,543.82
2022-04-01 04:19:59,543.89
2022-04-01 04:20:04,543.99
2022-04-01 04:20:09,544.05
2022-04-01 04:20:14,544.11
2022-04-01 04:20:19,544.18
2022-04-01 04:20:24,544.18
2022-04-01 04:20:29,544.21
2022-04-01 04:20:34,544.27
2022-04-01 04:20:39,544.4
2022-04-01 04:20:44,544.47
2022-04-01 04:20:49,544.5
2022-04-01 04:20:54,544.56
2022-04-01 04:20:59,544.56
2022-04-01 04:21:04,544.69
2022-04-01 04:21:09,544.69
2022-04-01 04:21:14,544.72
2022-04-01 04:21:19,544.78
2022-04-01 04:21:24,544.84
2022-04-01 04:21:29,544.84
2022-04-01 04:21:34,544.91
2022-04-01 04:21:39,544.97
2022-04-01 04:21:44,545.0
2022-04-01 04:21:49,545.0
2022-04-01 04:21:54,545.06
2022-04-01 04:21:59,545.13
2022-04-01 04:22:04,545.19
2022-04-01 04:22:09,545.22
2022-04-01 04:22:14,545.22
2022-04-01 04:22:19,545.29
2022-04-01 04:22:24,545.29
2022-04-01 04:22:29,545.35
2022-04-01 04:22:34,545.35
2022-04-01 04:22:39,545.41
2022-04-01 04:22:44,545.41
2022-04-01 04:22:49,545.48
2022-04-01 04:22:54,545.51
2022-04-01 04:22:59,545.48
2022-04-01 04:23:04,545.51
2022-04-01 04:23:09,537.71
2022-04-01 04:23:14,545.5
2022-04-01 04:23:19,545.5
2022-04-01 04:23:24,545.47
2022-04-01 04:23:29,545.47
2022-04-01 04:23:34,545.47
2022-04-01 04:23:39,545.4
2022-04-01 04:23:44,545.47
2022-04-01 04:23:49,545.4
2022-04-01 04:23:54,545.34
2022-04-01 04:23:59,545.33
2022-04-01 04:24:04,545.27
2022-04-01 04:24:09,545.27
2022-04-01 04:24:14,545.17
2022-04-01 04:24:19,545.17
2022-04-01 04:24:24,545.11
2022-04-01 04:24:29,545.04
2022-04-01 04:24:34,544.88
2022-04-01 04:24:39,544.81
2022-04-01 04:24:44,544.68
2022-04-01 04:24:49,537.71
2022-04-01 04:24:54,544.52
2022-04-01 04:24:59,544.43
2022-04-01 04:25:04,544.3
2022-04-01 04:25:09,544.13
2022-04-01 04:25:14,543.94
2022-04-01 04:25:19,543.84
2022-04-01 04:25:24,543.65
2022-04-01 04:25:29,543.49
2022-04-01 04:25:34,543.33
2022-04-01 04:25:39,543.14
2022-04-01 04:25:44,542.97
2022-04-01 04:25:49,542.88
2022-04-01 04:25:54,542.59
2022-04-01 04:25:59,542.4
2022-04-01 04:26:04,542.23
2022-04-01 04:26:09,542.01
2022-04-01 04:26:14,541.85
2022-04-01 04:26:19,541.59
2022-04-01 04:26:24,541.43
2022-04-01 04:26:29,541.27
2022-04-01 04:26:34,541.07
2022-04-01 04:26:39,540.85
2022-04-01 04:26:44,540.69
2022-04-01 04:26:49,540.56
2022-04-01 04:26:54,540.4
2022-04-01 04:26:59,540.17
2022-04-01 04:27:04,540.01
2022-04-01 04:27:09,539.82
2022-04-01 04:27:14,539.66
2022-04-01 04:27:19,539.5
2022-04-01 04:27:24,539.37
2022-04-01 04:27:29,539.21
2022-04-01 04:27:34,539.08
2022-04-01 04:27:39,538.98
2022-04-01 04:27:44,538.79
2022-04-01 04:27:49,538.69
2022-04-01 04:27:54,538.56
2022-04-01 04:27:59,538.4
2022-04-01 04:28:04,538.34
2022-04-01 04:28:09,538.24
2022-04-01 04:28:14,538.11
2022-04-01 04:28:19,538.05
2022-04-01 04:28:24,537.96
2022-04-01 04:28:29,537.83
2022-04-01 04:28:34,537.83
2022-04-01 04:28:39,537.73
2022-04-01 04:28:44,537.73
2022-04-01 04:28:49,537.67
2022-04-01 04:28:54,537.6
2022-04-01 04:28:59,537.54
2022-04-01 04:29:04,537.54
2022-04-01 04:29:09,537.48
2022-04-01 04:29:14,537.48
2022-04-01 04:29:19,537.48
2022-04-01 04:29:24,537.48
2022-04-01 04:29:29,537.48
2022-04-01 04:29:34,537.45
2022-04-01 04:29:39,537.48
2022-04-01 04:29:44,537.48
2022-04-01 04:29:49,537.48
2022-04-01 04:29:54,537.48
2022-04-01 04:29:59,537.55
2022-04-01 04:30:04,537.54
2022-04-01 04:30:09,537.54
2022-04-01 04:30:14,537.61
2022-04-01 04:30:19,537.67
2022-04-01 04:30:24,537.74
2022-04-01 04:30:29,537.77
2022-04-01 04:30:34,537.9
2022-04-01 04:30:39,537.96
2022-04-01 04:30:44,538.0
2022-04-01 04:30:49,538.06
2022-04-01 04:30:54,538.19
2022-04-01 04:30:59,538.29
2022-04-01 04:31:04,538.41
2022-04-01 04:31:09,538.51
2022-04-01 04:31:14,538.58
2022-04-01 04:31:19,538.71
2022-04-01 04:31:24,538.77
2022-04-01 04:31:29,538.93
2022-04-01 04:31:34,539.09
2022-04-01 04:31:39,539.15
2022-04-01 04:31:44,539.29
2022-04-01 04:31:49,539.38
2022-04-01 04:31:54,539.51
2022-04-01 04:31:59,539.54
2022-04-01 04:32:04,539.67
2022-04-01 04:32:09,539.73
2022-04-01 04:32:14,539.83
2022-04-01 04:32:19,539.9
2022-04-01 04:32:24,540.02
2022-04-01 04:32:29,540.06
2022-04-01 04:32:34,540.06
2022-04-01 04:32:39,540.12
2022-04-01 04:32:44,540.18
2022-04-01 04:32:49,540.25
2022-04-01 04:32:54,540.31
2022-04-01 04:32:59,540.31
2022-04-01 04:33:04,540.31
2022-04-01 04:33:09,540.31
2022-04-01 04:33:14,540.31
2022-04-01 04:33:19,540.34
2022-04-01 04:33:24,540.34
2022-04-01 04:33:29,540.34
2022-04-01 04:33:34,540.34
2022-04-01 04:33:39,540.34
2022-04-01 04:33:44,540.3
2022-04-01 04:33:49,540.3
2022-04-01 04:33:54,540.24
2022-04-01 04:33:59,540.24
2022-04-01 04:34:04,540.1
2022-04-01 04:34:09,540.11
2022-04-01 04:34:14,540.04
2022-04-01 04:34:19,540.04
2022-04-01 04:34:24,540.01
2022-04-01 04:34:29,539.88
2022-04-01 04:34:34,539.81
2022-04-01 04:34:39,539.72
2022-04-01 04:34:44,539.71
2022-04-01 04:34:49,539.59
2022-04-01 04:34:54,539.49
2022-04-01 04:34:59,539.42
2022-04-01 04:35:04,539.3
2022-04-01 04:35:09,539.26
2022-04-01 04:35:14,539.13
2022-04-01 04:35:19,539.0
2022-04-01 04:35:24,538.91
2022-04-01 04:35:29,538.84
2022-04-01 04:35:34,538.74
2022-04-01 04:35:39,538.68
2022-04-01 04:35:44,538.55
2022-04-01 04:35:49,538.45
2022-04-01 04:35:54,538.38
2022-04-01 04:35:59,538.22
2022-04-01 04:36:04,538.16
2022-04-01 04:36:09,538.03
2022-04-01 04:36:14,537.96
2022-04-01 04:36:19,537.93
2022-04-01 04:36:24,537.8
2022-04-01 04:36:29,537.74
2022-04-01 04:36:34,537.58
2022-04-01 04:36:39,537.58
2022-04-01 04:36:44,537.45
2022-04-01 04:36:49,537.42
2022-04-01 04:36:54,537.35
2022-04-01 04:36:59,537.22
2022-04-01 04:37:04,537.19
2022-04-01 04:37:09,537.06
2022-04-01 04:37:14,536.99
2022-04-01 04:37:19,536.93
2022-04-01 04:37:24,536.84
2022-04-01 04:37:29,536.77
2022-04-01 04:37:34,536.7
2022-04-01 04:37:39,536.61
2022-04-01 04:37:44,536.61
2022-04-01 04:37:49,536.48
2022-04-01 04:37:54,536.48
2022-04-01 04:37:59,536.38
2022-04-01 04:38:04,536.32
2022-04-01 04:38:09,536.32
2022-04-01 04:38:14,536.19
2022-04-01 04:38:19,536.16
2022-04-01 04:38:24,536.03
2022-04-01 04:38:29,536.1
2022-04-01 04:38:34,535.96
2022-04-01 04:38:39,535.97
2022-04-01 04:38:44,535.9
2022-04-01 04:38:49,535.87
2022-04-01 04:38:54,535.81
2022-04-01 04:38:59,535.81
2022-04-01 04:39:04,535.68
2022-04-01 04:39:09,535.74
2022-04-01 04:39:14,535.68
2022-04-01 04:39:19,535.65
2022-04-01 04:39:24,535.65
2022-04-01 04:39:29,535.58
2022-04-01 04:39:34,535.58
2022-04-01 04:39:39,535.58
2022-04-01 04:39:44,535.58
2022-04-01 04:39:49,535.52
2022-04-01 04:39:54,535.58
2022-04-01 04:39:59,535.52
2022-04-01 04:40:04,535.52
2022-04-01 04:40:09,535.52
2022-04-01 04:40:14,535.52
2022-04-01 04:40:19,535.59
2022-04-01 04:40:24,535.65
2022-04-01 04:40:29,535.65
2022-04-01 04:40:34,535.65
2022-04-01 04:40:39,535.66
2022-04-01 04:40:44,535.69
2022-04-01 04:40:49,535.75
2022-04-01 04:40:54,535.88
2022-04-01 04:40:59,535.88
2022-04-01 04:41:04,535.98
2022-04-01 04:41:09,536.04
2022-04-01 04:41:14,536.17
2022-04-01 04:41:19,536.21
2022-04-01 04:41:24,536.34
2022-04-01 04:41:29,536.43
2022-04-01 04:41:34,536.5
2022-04-01 04:41:39,536.63
2022-04-01 04:41:44,536.72
2022-04-01 04:41:49,536.85
2022-04-01 04:41:54,536.95
2022-04-01 04:41:59,537.08
2022-04-01 04:42:04,537.21
2022-04-01 04:42:09,537.3
2022-04-01 04:42:14,537.43
2022-04-01 04:42:19,537.59
2022-04-01 04:42:24,537.72
2022-04-01 04:42:29,537.88
2022-04-01 04:42:34,537.98
2022-04-01 04:42:39,538.11
2022-04-01 04:42:44,538.27
2022-04-01 04:42:49,538.4
2022-04-01 04:42:54,538.5
2022-04-01 04:42:59,538.69
2022-04-01 04:43:04,538.85
2022-04-01 04:43:09,538.98
2022-04-01 04:43:14,539.14
2022-04-01 04:43:19,539.2
2022-04-01 04:43:24,539.43
2022-04-01 04:43:29,539.49
2022-04-01 04:43:34,539.66
2022-04-01 04:43:39,539.72
2022-04-01 04:43:44,539.88
2022-04-01 04:43:49,540.04
2022-04-01 04:43:54,540.17
2022-04-01 04:43:59,540.29
2022-04-01 04:44:04,540.39
2022-04-01 04:44:09,540.52
2022-04-01 04:44:14,540.68
2022-04-01 04:44:19,540.74
2022-04-01 04:44:24,540.84
2022-04-01 04:44:29,540.97
2022-04-01 04:44:34,541.07
2022-04-01 04:44:39,541.19
2022-04-01 04:44:44,541.26
2022-04-01 04:44:49,541.36
2022-04-01 04:44:54,541.48
2022-04-01 04:44:59,541.55
2022-04-01 04:45:04,541.65
2022-04-01 04:45:09,541.7
2022-04-01 04:45:14,541.77
2022-04-01 04:45:19,541.77
2022-04-01 04:45:24,541.93
2022-04-01 04:45:29,541.93
2022-04-01 04:45:34,541.99
2022-04-01 04:45:39,542.06
2022-04-01 04:45:44,542.06
2022-04-01 04:45:49,542.15
2022-04-01 04:45:54,542.15
2022-04-01 04:45:59,542.22
2022-04-01 04:46:04,542.15
2022-04-01 04:46:09,542.21
2022-04-01 04:46:14,542.28
2022-04-01 04:46:19,542.28
2022-04-01 04:46:24,542.28
2022-04-01 04:46:29,542.21
2022-04-01 04:46:34,542.27
2022-04-01 04:46:39,542.27
2022-04-01 04:46:44,542.21
2022-04-01 04:46:49,542.14
2022-04-01 04:46:54,542.14
2022-04-01 04:46:59,542.04
2022-04-01 04:47:04,542.04
2022-04-01 04:47:09,541.92
2022-04-01 04:47:14,541.91
2022-04-01 04:47:19,541.82
2022-04-01 04:47:24,541.75
2022-04-01 04:47:29,541.69
2022-04-01 04:47:34,541.62
2022-04-01 04:47:39,541.56
2022-04-01 04:47:44,541.46
2022-04-01 04:47:49,541.4
2022-04-01 04:47:54,541.3
2022-04-01 04:47:59,541.24
2022-04-01 04:48:04,537.71
2022-04-01 04:48:09,541.01
2022-04-01 04:48:14,540.88
2022-04-01 04:48:19,540.78
2022-04-01 04:48:24,540.72
2022-04-01 04:48:29,540.59
2022-04-01 04:48:34,540.49
2022-04-01 04:48:39,540.43
2022-04-01 04:48:44,540.3
2022-04-01 04:48:49,540.27
2022-04-01 04:48:54,540.14
2022-04-01 04:48:59,540.01
2022-04-01 04:49:04,539.92
2022-04-01 04:49:09,539.78
2022-04-01 04:49:14,539.75
2022-04-01 04:49:19,539.56
2022-04-01 04:49:24,539.56
2022-04-01 04:49:29,539.47
2022-04-01 04:49:34,539.34
2022-04-01 04:49:39,539.27
2022-04-01 04:49:44,539.24
2022-04-01 04:49:49,539.18
2022-04-01 04:49:54,539.05
2022-04-01 04:49:59,538.99
2022-04-01 04:50:04,538.95
2022-04-01 04:50:09,538.82
2022-04-01 04:50:14,538.76
2022-04-01 04:50:19,538.76
2022-04-01 04:50:24,538.66
2022-04-01 04:50:29,538.6
2022-04-01 04:50:34,538.47
2022-04-01 04:50:39,538.47
2022-04-01 04:50:44,538.38
2022-04-01 04:50:49,538.38
2022-04-01 04:50:54,538.31
2022-04-01 04:50:59,538.25
2022-04-01 04:51:04,538.15
2022-04-01 04:51:09,538.09
2022-04-01 04:51:14,538.09
2022-04-01 04:51:19,538.03
2022-04-01 04:51:24,537.93
2022-04-01 04:51:29,537.87
2022-04-01 04:51:34,537.8
2022-04-01 04:51:39,537.71
2022-04-01 04:51:44,537.71
2022-04-01 04:51:49,537.64
2022-04-01 04:51:54,537.58
2022-04-01 04:51:59,537.52
2022-04-01 04:52:04,537.45
2022-04-01 04:52:09,537.42
2022-04-01 04:52:14,537.36
2022-04-01 04:52:19,537.29
2022-04-01 04:52:24,537.3
2022-04-01 04:52:29,537.23
2022-04-01 04:52:34,537.23
2022-04-01 04:52:39,537.23
2022-04-01 04:52:44,537.2
2022-04-01 04:52:49,537.2
2022-04-01 04:52:54,537.2
2022-04-01 04:52:59,537.14
2022-04-01 04:53:04,537.13
2022-04-01 04:53:09,537.07
2022-04-01 04:53:14,537.07
2022-04-01 04:53:19,537.01
2022-04-01 04:53:24,537.01
2022-04-01 04:53:29,537.01
2022-04-01 04:53:34,536.95
2022-04-01 04:53:39,536.95
2022-04-01 04:53:44,536.94
2022-04-01 04:53:49,536.85
2022-04-01 04:53:54,536.91
2022-04-01 04:53:59,536.85
2022-04-01 04:54:04,536.85
2022-04-01 04:54:09,536.85
2022-04-01 04:54:14,536.78
2022-04-01 04:54:19,536.78
2022-04-01 04:54:24,536.78
2022-04-01 04:54:29,536.78
2022-04-01 04:54:34,536.72
2022-04-01 04:54:39,536.72
2022-04-01 04:54:44,536.72
2022-04-01 04:54:49,536.69
2022-04-01 04:54:54,536.62
2022-04-01 04:54:59,536.62
2022-04-01 04:55:04,536.62
2022-04-01 04:55:09,536.62
2022-04-01 04:55:14,536.56
2022-04-01 04:55:19,536.56
2022-04-01 04:55:24,537.71
2022-04-01 04:55:29,536.56
2022-04-01 04:55:34,536.49
2022-04-01 04:55:39,536.49
2022-04-01 04:55:44,536.43
2022-04-01 04:55:49,536.42
2022-04-01 04:55:54,536.39
2022-04-01 04:55:59,536.39
2022-04-01 04:56:04,536.32
2022-04-01 04:56:09,536.32
2022-04-01 04:56:14,536.26
2022-04-01 04:56:19,536.26
2022-04-01 04:56:24,536.26
2022-04-01 04:56:29,536.2
2022-04-01 04:56:34,536.2
2022-04-01 04:56:39,536.16
2022-04-01 04:56:44,536.1
2022-04-01 04:56:49,536.1
2022-04-01 04:56:54,536.1
2022-04-01 04:56:59,536.09
2022-04-01 04:57:04,536.03
2022-04-01 04:57:09,536.03
2022-04-01 04:57:14,536.03
2022-04-01 04:57:19,536.03
2022-04-01 04:57:24,535.96
2022-04-01 04:57:29,535.96
2022-04-01 04:57:34,535.9
2022-04-01 04:57:39,535.96
2022-04-01 04:57:44,535.9
2022-04-01 04:57:49,535.9
2022-04-01 04:57:54,535.89
2022-04-01 04:57:59,535.89
2022-04-01 04:58:04,535.89
2022-04-01 04:58:09,535.89
2022-04-01 04:58:14,535.89
2022-04-01 04:58:19,535.89
2022-04-01 04:58:24,535.95
2022-04-01 04:58:29,535.96
2022-04-01 04:58:34,535.96
2022-04-01 04:58:39,536.02
2022-04-01 04:58:44,536.08
2022-04-01 04:58:49,536.02
2022-04-01 04:58:54,536.15
2022-04-01 04:58:59,536.15
2022-04-01 04:59:04,536.15
2022-04-01 04:59:09,536.18
2022-04-01 04:59:14,536.18
2022-04-01 04:59:19,536.24
2022-04-01 04:59:24,536.31
2022-04-01 04:59:29,536.37
2022-04-01 04:59:34,536.37
2022-04-01 04:59:39,536.41
2022-04-01 04:59:44,536.4
2022-04-01 04:59:49,536.47
2022-04-01 04:59:54,536.53
2022-04-01 04:59:59,536.66
2022-04-01 05:00:04,536.66
2022-04-01 05:00:09,536.7
2022-04-01 05:00:14,536.69
2022-04-01 05:00:19,536.82
2022-04-01 05:00:24,536.89
2022-04-01 05:00:29,536.89
2022-04-01 05:00:34,536.92
2022-04-01 05:00:39,536.98
2022-04-01 05:00:44,537.05
2022-04-01 05:00:49,537.18
2022-04-01 05:00:54,537.21
2022-04-01 05:00:59,537.34
2022-04-01 05:01:04,537.34
2022-04-01 05:01:09,537.5
2022-04-01 05:01:14,537.63
2022-04-01 05:01:19,537.7
2022-04-01 05:01:24,537.73
2022-04-01 05:01:29,537.79
2022-04-01 05:01:34,537.92
2022-04-01 05:01:39,538.02
2022-04-01 05:01:44,538.08
2022-04-01 05:01:49,538.22
2022-04-01 05:01:54,538.24
2022-04-01 05:01:59,538.37
2022-04-01 05:02:04,538.47
2022-04-01 05:02:09,538.6
2022-04-01 05:02:14,538.67
2022-04-01 05:02:19,538.76
2022-04-01 05:02:24,538.83
2022-04-01 05:02:29,538.9
2022-04-01 05:02:34,538.99
2022-04-01 05:02:39,539.12
2022-04-01 05:02:44,539.19
2022-04-01 05:02:49,539.25
2022-04-01 05:02:54,539.29
2022-04-01 05:02:59,539.35
2022-04-01 05:03:04,539.41
2022-04-01 05:03:09,539.51
2022-04-01 05:03:14,539.58
2022-04-01 05:03:19,539.64
2022-04-01 05:03:24,539.64
2022-04-01 05:03:29,539.77
2022-04-01 05:03:34,539.77
2022-04-01 05:03:39,539.8
2022-04-01 05:03:44,539.8
2022-04-01 05:03:49,539.8
2022-04-01 05:03:54,539.87
2022-04-01 05:03:59,539.94
2022-04-01 05:04:04,539.87
2022-04-01 05:04:09,539.87
2022-04-01 05:04:14,539.87
2022-04-01 05:04:19,539.87
2022-04-01 05:04:24,539.81
2022-04-01 05:04:29,539.87
2022-04-01 05:04:34,539.78
2022-04-01 05:04:39,539.78
2022-04-01 05:04:44,539.78
2022-04-01 05:04:49,539.78
2022-04-01 05:04:54,539.65
2022-04-01 05:04:59,539.65
2022-04-01 05:05:04,539.65
2022-04-01 05:05:09,539.59
2022-04-01 05:05:14,539.52
2022-04-01 05:05:19,539.49
2022-04-01 05:05:24,539.42
2022-04-01 05:05:29,539.36
2022-04-01 05:05:34,539.3
2022-04-01 05:05:39,539.29
2022-04-01 05:05:44,539.2
2022-04-01 05:05:49,539.2
2022-04-01 05:05:54,539.13
2022-04-01 05:05:59,539.13
2022-04-01 05:06:04,539.07
2022-04-01 05:06:09,539.07
2022-04-01 05:06:14,539.01
2022-04-01 05:06:19,539.01
2022-04-01 05:06:24,538.97
2022-04-01 05:06:29,538.97
2022-04-01 05:06:34,538.91
2022-04-01 05:06:39,538.91
2022-04-01 05:06:44,538.84
2022-04-01 05:06:49,538.84
2022-04-01 05:06:54,538.84
2022-04-01 05:06:59,538.84
2022-04-01 05:07:04,538.84
2022-04-01 05:07:09,538.91
2022-04-01 05:07:14,538.84
2022-04-01 05:07:19,538.84
2022-04-01 05:07:24,538.84
2022-04-01 05:07:29,538.77
2022-04-01 05:07:34,538.84
2022-04-01 05:07:39,538.83
2022-04-01 05:07:44,538.83
2022-04-01 05:07:49,538.84
2022-04-01 05:07:54,538.83
2022-04-01 05:07:59,538.83
2022-04-01 05:08:04,538.9
2022-04-01 05:08:09,538.9
2022-04-01 05:08:14,538.9
2022-04-01 05:08:19,538.9
2022-04-01 05:08:24,538.96
2022-04-01 05:08:29,538.96
2022-04-01 05:08:34,538.99
2022-04-01 05:08:39,538.99
2022-04-01 05:08:44,539.05
2022-04-01 05:08:49,539.05
2022-04-01 05:08:54,539.12
2022-04-01 05:08:59,539.12
2022-04-01 05:09:04,539.12
2022-04-01 05:09:09,539.12
2022-04-01 05:09:14,539.18
2022-04-01 05:09:19,539.18
2022-04-01 05:09:24,539.24
2022-04-01 05:09:29,539.24
2022-04-01 05:09:34,539.24
2022-04-01 05:09:39,539.27
2022-04-01 05:09:44,539.34
2022-04-01 05:09:49,539.27
2022-04-01 05:09:54,539.27
2022-04-01 05:09:59,539.27
2022-04-01 05:10:04,539.27
2022-04-01 05:10:09,539.34
2022-04-01 05:10:14,539.34
2022-04-01 05:10:19,539.27
2022-04-01 05:10:24,539.34
2022-04-01 05:10:29,539.34
2022-04-01 05:10:34,539.27
2022-04-01 05:10:39,539.27
2022-04-01 05:10:44,539.27
2022-04-01 05:10:49,539.34
2022-04-01 05:10:54,539.27
2022-04-01 05:10:59,539.27
2022-04-01 05:11:04,539.24
2022-04-01 05:11:09,539.24
2022-04-01 05:11:14,539.24
2022-04-01 05:11:19,539.24
2022-04-01 05:11:24,539.24
2022-04-01 05:11:29,539.24
2022-04-01 05:11:34,539.24
2022-04-01 05:11:39,539.24
2022-04-01 05:11:44,539.24
2022-04-01 05:11:49,539.18
2022-04-01 05:11:54,539.18
2022-04-01 05:11:59,539.18
2022-04-01 05:12:04,539.18
2022-04-01 05:12:09,539.11
2022-04-01 05:12:14,539.11
2022-04-01 05:12:19,539.05
2022-04-01 05:12:24,539.05
2022-04-01 05:12:29,539.12
2022-04-01 05:12:34,539.05
2022-04-01 05:12:39,539.05
2022-04-01 05:12:44,539.05
2022-04-01 05:12:49,539.12
2022-04-01 05:12:54,538.99
2022-04-01 05:12:59,539.05
2022-04-01 05:13:04,538.99
2022-04-01 05:13:09,538.99
2022-04-01 05:13:14,538.96
2022-04-01 05:13:19,538.96
2022-04-01 05:13:24,538.96
2022-04-01 05:13:29,538.9
2022-04-01 05:13:34,538.9
2022-04-01 05:13:39,538.84
2022-04-01 05:13:44,538.83
2022-04-01 05:13:49,538.77
2022-04-01 05:13:54,538.74
2022-04-01 05:13:59,538.74
2022-04-01 05:14:04,538.68
2022-04-01 05:14:09,538.62
2022-04-01 05:14:14,538.62
2022-04-01 05:14:19,538.55
2022-04-01 05:14:24,538.49
2022-04-01 05:14:29,538.49
2022-04-01 05:14:34,538.39
2022-04-01 05:14:39,538.33
2022-04-01 05:14:44,538.39
2022-04-01 05:14:49,538.33
2022-04-01 05:14:54,538.33
2022-04-01 05:14:59,538.27
2022-04-01 05:15:04,538.24
2022-04-01 05:15:09,538.24
2022-04-01 05:15:14,538.17
2022-04-01 05:15:19,538.11
2022-04-01 05:15:24,538.11
2022-04-01 05:15:29,538.05
2022-04-01 05:15:34,538.12
2022-04-01 05:15:39,538.12
2022-04-01 05:15:44,538.12
2022-04-01 05:15:49,538.05
2022-04-01 05:15:54,538.12
2022-04-01 05:15:59,538.12
2022-04-01 05:16:04,538.12
2022-04-01 05:16:09,538.12
2022-04-01 05:16:14,538.12
2022-04-01 05:16:19,538.19
2022-04-01 05:16:24,538.19
2022-04-01 05:16:29,538.19
2022-04-01 05:16:34,538.25
2022-04-01 05:16:39,538.29
2022-04-01 05:16:44,538.29
2022-04-01 05:16:49,538.35
2022-04-01 05:16:54,538.35
2022-04-01 05:16:59,538.42
2022-04-01 05:17:04,538.49
2022-04-01 05:17:09,538.49
2022-04-01 05:17:14,538.52
2022-04-01 05:17:19,538.58
2022-04-01 05:17:24,538.65
2022-04-01 05:17:29,538.71
2022-04-01 05:17:34,538.78
2022-04-01 05:17:39,538.88
2022-04-01 05:17:44,538.88
2022-04-01 05:17:49,538.94
2022-04-01 05:17:54,539.04
2022-04-01 05:17:59,539.11
2022-04-01 05:18:04,539.11
2022-04-01 05:18:09,539.17
2022-04-01 05:18:14,539.3
2022-04-01 05:18:19,539.34
2022-04-01 05:18:24,539.4
2022-04-01 05:18:29,539.47
2022-04-01 05:18:34,539.53
2022-04-01 05:18:39,539.56
2022-04-01 05:18:44,539.69
2022-04-01 05:18:49,539.69
2022-04-01 05:18:54,539.76
2022-04-01 05:18:59,539.83
2022-04-01 05:19:04,539.86
2022-04-01 05:19:09,539.92
2022-04-01 05:19:14,540.05
2022-04-01 05:19:19,540.06
2022-04-01 05:19:24,540.09
2022-04-01 05:19:29,540.15
2022-04-01 05:19:34,540.22
2022-04-01 05:19:39,540.28
2022-04-01 05:19:44,540.38
2022-04-01 05:19:49,540.38
2022-04-01 05:19:54,540.44
2022-04-01 05:19:59,540.51
2022-04-01 05:20:04,540.58
2022-04-01 05:20:09,540.61
2022-04-01 05:20:14,540.67
2022-04-01 05:20:19,540.68
2022-04-01 05:20:24,540.74
2022-04-01 05:20:29,540.81
2022-04-01 05:20:34,540.87
2022-04-01 05:20:39,540.9
2022-04-01 05:20:44,540.97
2022-04-01 05:20:49,541.04
2022-04-01 05:20:54,541.1
2022-04-01 05:20:59,541.14
2022-04-01 05:21:04,541.2
2022-04-01 05:21:09,541.26
2022-04-01 05:21:14,541.33
2022-04-01 05:21:19,541.4
2022-04-01 05:21:24,541.49
2022-04-01 05:21:29,541.56
2022-04-01 05:21:34,541.63
2022-04-01 05:21:39,541.66
2022-04-01 05:21:44,541.79
2022-04-01 05:21:49,541.85
2022-04-01 05:21:54,541.92
2022-04-01 05:21:59,541.95
2022-04-01 05:22:04,542.08
2022-04-01 05:22:09,542.15
2022-04-01 05:22:14,542.18
2022-04-01 05:22:19,542.31
2022-04-01 05:22:24,542.38
2022-04-01 05:22:29,542.44
2022-04-01 05:22:34,542.54
2022-04-01 05:22:39,542.61
2022-04-01 05:22:44,542.67
2022-04-01 05:22:49,542.67
2022-04-01 05:22:54,537.71
2022-04-01 05:22:59,542.84
2022-04-01 05:23:04,542.97
2022-04-01 05:23:09,543.0
2022-04-01 05:23:14,543.07
2022-04-01 05:23:19,543.13
2022-04-01 05:23:24,543.23
2022-04-01 05:23:29,537.71
2022-04-01 05:23:34,543.36
2022-04-01 05:23:39,543.49
2022-04-01 05:23:44,543.53
2022-04-01 05:23:49,543.59
2022-04-01 05:23:54,543.66
2022-04-01 05:23:59,543.72
2022-04-01 05:24:04,543.76
2022-04-01 05:24:09,543.82
2022-04-01 05:24:14,543.95
2022-04-01 05:24:19,544.02
2022-04-01 05:24:24,544.05
2022-04-01 05:24:29,544.18
2022-04-01 05:24:34,544.18
2022-04-01 05:24:39,544.25
2022-04-01 05:24:44,544.28
2022-04-01 05:24:49,544.28
2022-04-01 05:24:54,544.35
2022-04-01 05:24:59,544.35
2022-04-01 05:25:04,544.42
2022-04-01 05:25:09,544.42
2022-04-01 05:25:14,544.48
2022-04-01 05:25:19,544.42
2022-04-01 05:25:24,544.42
2022-04-01 05:25:29,544.42
2022-04-01 05:25:34,544.42
2022-04-01 05:25:39,544.49
2022-04-01 05:25:44,544.42
2022-04-01 05:25:49,544.42
2022-04-01 05:25:54,544.42
2022-04-01 05:25:59,544.36
2022-04-01 05:26:04,544.36
2022-04-01 05:26:09,544.26
2022-04-01 05:26:14,544.27
2022-04-01 05:26:19,544.2
2022-04-01 05:26:24,544.14
2022-04-01 05:26:29,544.08
2022-04-01 05:26:34,544.08
2022-04-01 05:26:39,543.98
2022-04-01 05:26:44,543.91
2022-04-01 05:26:49,543.85
2022-04-01 05:26:54,543.75
2022-04-01 05:26:59,543.62
2022-04-01 05:27:04,543.56
2022-04-01 05:27:09,543.47
2022-04-01 05:27:14,543.4
2022-04-01 05:27:19,543.27
2022-04-01 05:27:24,543.18
2022-04-01 05:27:29,543.05
2022-04-01 05:27:34,542.95
2022-04-01 05:27:39,542.82
2022-04-01 05:27:44,542.66
2022-04-01 05:27:49,542.6
2022-04-01 05:27:54,542.44
2022-04-01 05:27:59,542.31
2022-04-01 05:28:04,542.21
2022-04-01 05:28:09,542.02
2022-04-01 05:28:14,541.86
2022-04-01 05:28:19,541.73
2022-04-01 05:28:24,541.57
2022-04-01 05:28:29,541.41
2022-04-01 05:28:34,541.21
2022-04-01 05:28:39,541.05
2022-04-01 05:28:44,540.89
2022-04-01 05:28:49,540.76
2022-04-01 05:28:54,540.6
2022-04-01 05:28:59,540.44
2022-04-01 05:29:04,540.25
2022-04-01 05:29:09,540.09
2022-04-01 05:29:14,539.92
2022-04-01 05:29:19,539.8
2022-04-01 05:29:24,539.63
2022-04-01 05:29:29,539.44
2022-04-01 05:29:34,539.34
2022-04-01 05:29:39,539.15
2022-04-01 05:29:44,538.99
2022-04-01 05:29:49,538.82
2022-04-01 05:29:54,538.63
2022-04-01 05:29:59,538.47
2022-04-01 05:30:04,538.31
2022-04-01 05:30:09,538.11
2022-04-01 05:30:14,537.96
2022-04-01 05:30:19,537.86
2022-04-01 05:30:24,537.6
2022-04-01 05:30:29,537.44
2022-04-01 05:30:34,537.34
2022-04-01 05:30:39,537.08
2022-04-01 05:30:44,536.99
2022-04-01 05:30:49,536.83
2022-04-01 05:30:54,536.57
2022-04-01 05:30:59,536.47
2022-04-01 05:31:04,536.31
2022-04-01 05:31:09,536.12
2022-04-01 05:31:14,536.02
2022-04-01 05:31:19,535.89
2022-04-01 05:31:24,535.79
2022-04-01 05:31:29,535.6
2022-04-01 05:31:34,535.44
2022-04-01 05:31:39,535.38
2022-04-01 05:31:44,535.22
2022-04-01 05:31:49,535.09
2022-04-01 05:31:54,534.99
2022-04-01 05:31:59,534.86
2022-04-01 05:32:04,534.77
2022-04-01 05:32:09,534.64
2022-04-01 05:32:14,534.51
2022-04-01 05:32:19,534.41
2022-04-01 05:32:24,534.35
2022-04-01 05:32:29,534.25
2022-04-01 05:32:34,534.12
2022-04-01 05:32:39,533.96
2022-04-01 05:32:44,533.9
2022-04-01 05:32:49,533.77
2022-04-01 05:32:54,533.74
2022-04-01 05:32:59,533.61
2022-04-01 05:33:04,533.48
2022-04-01 05:33:09,533.39
2022-04-01 05:33:14,533.32
2022-04-01 05:33:19,533.23
2022-04-01 05:33:24,533.1
2022-04-01 05:33:29,532.97
2022-04-01 05:33:34,532.94
2022-04-01 05:33:39,532.81
2022-04-01 05:33:44,532.74
2022-04-01 05:33:49,532.71
2022-04-01 05:33:54,532.65
2022-04-01 05:33:59,532.52
2022-04-01 05:34:04,532.46
2022-04-01 05:34:09,532.36
2022-04-01 05:34:14,532.3
2022-04-01 05:34:19,532.24
2022-04-01 05:34:24,532.2
2022-04-01 05:34:29,532.14
2022-04-01 05:34:34,532.14
2022-04-01 05:34:39,532.08
2022-04-01 05:34:44,531.95
2022-04-01 05:34:49,531.92
2022-04-01 05:34:54,531.92
2022-04-01 05:34:59,531.85
2022-04-01 05:35:04,531.85
2022-04-01 05:35:09,531.79
2022-04-01 05:35:14,531.79
2022-04-01 05:35:19,537.71
2022-04-01 05:35:24,531.73
2022-04-01 05:35:29,531.73
2022-04-01 05:35:34,531.73
2022-04-01 05:35:39,531.73
2022-04-01 05:35:44,531.79
2022-04-01 05:35:49,531.73
2022-04-01 05:35:54,531.73
2022-04-01 05:35:59,531.8
2022-04-01 05:36:04,531.86
2022-04-01 05:36:09,531.86
2022-04-01 05:36:14,531.93
2022-04-01 05:36:19,531.96
2022-04-01 05:36:24,532.02
2022-04-01 05:36:29,532.09
2022-04-01 05:36:34,532.22
2022-04-01 05:36:39,532.25
2022-04-01 05:36:44,532.38
2022-04-01 05:36:49,532.44
2022-04-01 05:36:54,532.54
2022-04-01 05:36:59,532.67
2022-04-01 05:37:04,532.76
2022-04-01 05:37:09,532.83
2022-04-01 05:37:14,532.99
2022-04-01 05:37:19,533.12
2022-04-01 05:37:24,533.28
2022-04-01 05:37:29,537.71
2022-04-01 05:37:34,533.57
2022-04-01 05:37:39,533.76
2022-04-01 05:37:44,533.86
2022-04-01 05:37:49,534.02
2022-04-01 05:37:54,534.21
2022-04-01 05:37:59,534.37
2022-04-01 05:38:04,534.5
2022-04-01 05:38:09,534.73
2022-04-01 05:38:14,534.89
2022-04-01 05:38:19,535.05
2022-04-01 05:38:24,535.24
2022-04-01 05:38:29,535.47
2022-04-01 05:38:34,535.63
2022-04-01 05:38:39,535.82
2022-04-01 05:38:44,535.92
2022-04-01 05:38:49,536.08
2022-04-01 05:38:54,536.33
2022-04-01 05:38:59,536.49
2022-04-01 05:39:04,536.72
2022-04-01 05:39:09,536.88
2022-04-01 05:39:14,537.1
2022-04-01 05:39:19,537.3
2022-04-01 05:39:24,537.52
2022-04-01 05:39:29,537.62
2022-04-01 05:39:34,537.88
2022-04-01 05:39:39,538.04
2022-04-01 05:39:44,538.2
2022-04-01 05:39:49,538.39
2022-04-01 05:39:54,538.62
2022-04-01 05:39:59,538.78
2022-04-01 05:40:04,539.0
2022-04-01 05:40:09,539.16
2022-04-01 05:40:14,539.42
2022-04-01 05:40:19,539.57
2022-04-01 05:40:24,539.74
2022-04-01 05:40:29,539.93
2022-04-01 05:40:34,540.09
2022-04-01 05:40:39,540.31
2022-04-01 05:40:44,540.47
2022-04-01 05:40:49,540.7
2022-04-01 05:40:54,540.89
2022-04-01 05:40:59,541.05
2022-04-01 05:41:04,541.27
2022-04-01 05:41:09,541.46
2022-04-01 05:41:14,541.69
2022-04-01 05:41:19,541.85
2022-04-01 05:41:24,541.98
2022-04-01 05:41:29,542.14
2022-04-01 05:41:34,542.36
2022-04-01 05:41:39,542.52
2022-04-01 05:41:44,542.75
2022-04-01 05:41:49,542.94
2022-04-01 05:41:54,543.04
2022-04-01 05:41:59,543.23
2022-04-01 05:42:04,543.39
2022-04-01 05:42:09,543.52
2022-04-01 05:42:14,543.62
2022-04-01 05:42:19,543.75
2022-04-01 05:42:24,543.84
2022-04-01 05:42:29,543.97
2022-04-01 05:42:34,544.13
2022-04-01 05:42:39,544.2
2022-04-01 05:42:44,544.29
2022-04-01 05:42:49,544.36
2022-04-01 05:42:54,544.42
2022-04-01 05:42:59,544.48
2022-04-01 05:43:04,544.55
2022-04-01 05:43:09,544.58
2022-04-01 05:43:14,544.65
2022-04-01 05:43:19,544.65
2022-04-01 05:43:24,544.71
2022-04-01 05:43:29,544.77
2022-04-01 05:43:34,544.77
2022-04-01 05:43:39,544.77
2022-04-01 05:43:44,544.77
2022-04-01 05:43:49,544.81
2022-04-01 05:43:54,544.77
2022-04-01 05:43:59,544.77
2022-04-01 05:44:04,544.77
2022-04-01 05:44:09,544.77
2022-04-01 05:44:14,544.71
2022-04-01 05:44:19,544.71
2022-04-01 05:44:24,544.65
2022-04-01 05:44:29,544.58
2022-04-01 05:44:34,544.55
2022-04-01 05:44:39,544.49
2022-04-01 05:44:44,544.49
2022-04-01 05:44:49,544.42
2022-04-01 05:44:54,544.29
2022-04-01 05:44:59,544.29
2022-04-01 05:45:04,544.2
2022-04-01 05:45:09,544.13
2022-04-01 05:45:14,544.04
2022-04-01 05:45:19,543.91
2022-04-01 05:45:24,543.84
2022-04-01 05:45:29,543.78
2022-04-01 05:45:34,543.75
2022-04-01 05:45:39,543.62
2022-04-01 05:45:44,543.46
2022-04-01 05:45:49,543.46
2022-04-01 05:45:54,543.27
2022-04-01 05:45:59,543.24
2022-04-01 05:46:04,543.17
2022-04-01 05:46:09,543.04
2022-04-01 05:46:14,543.01
2022-04-01 05:46:19,542.88
2022-04-01 05:46:24,542.82
2022-04-01 05:46:29,542.76
2022-04-01 05:46:34,542.72
2022-04-01 05:46:39,542.66
2022-04-01 05:46:44,542.59
2022-04-01 05:46:49,542.5
2022-04-01 05:46:54,542.43
2022-04-01 05:46:59,542.43
2022-04-01 05:47:04,542.37
2022-04-01 05:47:09,542.24
2022-04-01 05:47:14,542.21
2022-04-01 05:47:19,542.15
2022-04-01 05:47:24,542.08
2022-04-01 05:47:29,542.02
2022-04-01 05:47:34,541.98
2022-04-01 05:47:39,541.99
2022-04-01 05:47:44,541.86
2022-04-01 05:47:49,541.79
2022-04-01 05:47:54,541.73
2022-04-01 05:47:59,541.69
2022-04-01 05:48:04,541.63
2022-04-01 05:48:09,541.56
2022-04-01 05:48:14,541.56
2022-04-01 05:48:19,541.57
2022-04-01 05:48:24,541.47
2022-04-01 05:48:29,541.4
2022-04-01 05:48:34,541.34
2022-04-01 05:48:39,541.27
2022-04-01 05:48:44,541.21
2022-04-01 05:48:49,541.21
2022-04-01 05:48:54,541.11
2022-04-01 05:48:59,541.05
2022-04-01 05:49:04,541.05
2022-04-01 05:49:09,540.95
2022-04-01 05:49:14,540.95
2022-04-01 05:49:19,540.82
2022-04-01 05:49:24,540.82
2022-04-01 05:49:29,540.75
2022-04-01 05:49:34,540.69
2022-04-01 05:49:39,540.59
2022-04-01 05:49:44,540.59
2022-04-01 05:49:49,540.46
2022-04-01 05:49:54,540.43
2022-04-01 05:49:59,540.36
2022-04-01 05:50:04,540.36
2022-04-01 05:50:09,540.3
2022-04-01 05:50:14,540.23
2022-04-01 05:50:19,540.17
2022-04-01 05:50:24,540.14
2022-04-01 05:50:29,540.07
2022-04-01 05:50:34,540.07
2022-04-01 05:50:39,540.0
2022-04-01 05:50:44,539.94
2022-04-01 05:50:49,539.94
2022-04-01 05:50:54,539.9
2022-04-01 05:50:59,539.84
2022-04-01 05:51:04,539.78
2022-04-01 05:51:09,539.77
2022-04-01 05:51:14,539.71
2022-04-01 05:51:19,539.71
2022-04-01 05:51:24,539.71
2022-04-01 05:51:29,539.61
2022-04-01 05:51:34,539.61
2022-04-01 05:51:39,539.54
2022-04-01 05:51:44,539.48
2022-04-01 05:51:49,539.48
2022-04-01 05:51:54,539.41
2022-04-01 05:51:59,539.38
2022-04-01 05:52:04,539.38
2022-04-01 05:52:09,539.31
2022-04-01 05:52:14,539.3
2022-04-01 05:52:19,539.24
2022-04-01 05:52:24,539.18
2022-04-01 05:52:29,539.18
2022-04-01 05:52:34,539.11
2022-04-01 05:52:39,539.17
2022-04-01 05:52:44,539.08
2022-04-01 05:52:49,539.11
2022-04-01 05:52:54,539.08
2022-04-01 05:52:59,539.01
2022-04-01 05:53:04,539.01
2022-04-01 05:53:09,538.95
2022-04-01 05:53:14,539.01
2022-04-01 05:53:19,538.95
2022-04-01 05:53:24,538.88
2022-04-01 05:53:29,538.88
2022-04-01 05:53:34,538.88
2022-04-01 05:53:39,538.85
2022-04-01 05:53:44,538.85
2022-04-01 05:53:49,538.78
2022-04-01 05:53:54,538.72
2022-04-01 05:53:59,538.72
2022-04-01 05:54:04,538.72
2022-04-01 05:54:09,538.66
2022-04-01 05:54:14,538.66
2022-04-01 05:54:19,538.65
2022-04-01 05:54:24,538.56
2022-04-01 05:54:29,538.59
2022-04-01 05:54:34,538.56
2022-04-01 05:54:39,538.49
2022-04-01 05:54:44,538.43
2022-04-01 05:54:49,538.49
2022-04-01 05:54:54,538.43
2022-04-01 05:54:59,538.43
2022-04-01 05:55:04,538.43
2022-04-01 05:55:09,538.36
2022-04-01 05:55:14,538.33
2022-04-01 05:55:19,538.33
2022-04-01 05:55:24,538.27
2022-04-01 05:55:29,538.33
2022-04-01 05:55:34,538.33
2022-04-01 05:55:39,538.2
2022-04-01 05:55:44,538.27
2022-04-01 05:55:49,538.2
2022-04-01 05:55:54,538.2
2022-04-01 05:55:59,538.2
2022-04-01 05:56:04,538.14
2022-04-01 05:56:09,538.14
2022-04-01 05:56:14,538.14
2022-04-01 05:56:19,538.08
2022-04-01 05:56:24,538.08
2022-04-01 05:56:29,538.04
2022-04-01 05:56:34,538.05
2022-04-01 05:56:39,538.04
2022-04-01 05:56:44,537.98
2022-04-01 05:56:49,537.92
2022-04-01 05:56:54,537.92
2022-04-01 05:56:59,537.92
2022-04-01 05:57:04,537.86
2022-04-01 05:57:09,537.86
2022-04-01 05:57:14,537.82
2022-04-01 05:57:19,537.86
2022-04-01 05:57:24,537.82
2022-04-01 05:57:29,537.82
2022-04-01 05:57:34,537.83
2022-04-01 05:57:39,537.83
2022-04-01 05:57:44,537.76
2022-04-01 05:57:49,537.76
2022-04-01 05:57:54,537.76
2022-04-01 05:57:59,537.76
2022-04-01 05:58:04,537.76
2022-04-01 05:58:09,537.76
2022-04-01 05:58:14,537.76
2022-04-01 05:58:19,537.7
2022-04-01 05:58:24,537.7
2022-04-01 05:58:29,537.7
2022-04-01 05:58:34,537.7
2022-04-01 05:58:39,537.76
2022-04-01 05:58:44,537.7
2022-04-01 05:58:49,537.7
2022-04-01 05:58:54,537.76
2022-04-01 05:58:59,537.7
2022-04-01 05:59:04,537.7
2022-04-01 05:59:09,537.69
2022-04-01 05:59:14,537.76
2022-04-01 05:59:19,537.7
2022-04-01 05:59:24,537.76
2022-04-01 05:59:29,537.76
2022-04-01 05:59:34,537.69
2022-04-01 05:59:39,537.76
2022-04-01 05:59:44,537.76
2022-04-01 05:59:49,537.76
2022-04-01 05:59:54,537.76
2022-04-01 05:59:59,537.76
2022-04-01 06:00:04,537.76
2022-04-01 06:00:09,537.76
2022-04-01 06:00:14,537.69
2022-04-01 06:00:19,537.75
2022-04-01 06:00:24,537.75
2022-04-01 06:00:29,537.76
2022-04-01 06:00:34,537.76
2022-04-01 06:00:39,537.75
2022-04-01 06:00:44,537.69
2022-04-01 06:00:49,537.75
2022-04-01 06:00:54,537.75
2022-04-01 06:00:59,537.75
2022-04-01 06:01:04,537.75
2022-04-01 06:01:09,537.82
2022-04-01 06:01:14,537.82
2022-04-01 06:01:19,537.82
2022-04-01 06:01:24,537.81
2022-04-01 06:01:29,537.75
2022-04-01 06:01:34,537.81
2022-04-01 06:01:39,537.81
2022-04-01 06:01:44,537.81
2022-04-01 06:01:49,537.84
2022-04-01 06:01:54,537.84
2022-04-01 06:01:59,537.84
2022-04-01 06:02:04,537.91
2022-04-01 06:02:09,537.9
2022-04-01 06:02:14,537.9
2022-04-01 06:02:19,538.03
2022-04-01 06:02:24,538.03
2022-04-01 06:02:29,538.06
2022-04-01 06:02:34,538.12
2022-04-01 06:02:39,538.12
2022-04-01 06:02:44,538.19
2022-04-01 06:02:49,538.18
2022-04-01 06:02:54,538.25
2022-04-01 06:02:59,538.31
2022-04-01 06:03:04,538.34
2022-04-01 06:03:09,538.4
2022-04-01 06:03:14,538.47
2022-04-01 06:03:19,538.47
2022-04-01 06:03:24,538.53
2022-04-01 06:03:29,538.56
2022-04-01 06:03:34,538.62
2022-04-01 06:03:39,538.62
2022-04-01 06:03:44,538.69
2022-04-01 06:03:49,538.75
2022-04-01 06:03:54,538.82
2022-04-01 06:03:59,538.81
2022-04-01 06:04:04,538.91
2022-04-01 06:04:09,538.98
2022-04-01 06:04:14,538.98
2022-04-01 06:04:19,539.04
2022-04-01 06:04:24,539.07
2022-04-01 06:04:29,539.14
2022-04-01 06:04:34,539.2
2022-04-01 06:04:39,539.2
2022-04-01 06:04:44,539.26
2022-04-01 06:04:49,539.33
2022-04-01 06:04:54,539.36
2022-04-01 06:04:59,539.42
2022-04-01 06:05:04,539.42
2022-04-01 06:05:09,539.49
2022-04-01 06:05:14,539.55
2022-04-01 06:05:19,539.58
2022-04-01 06:05:24,539.65
2022-04-01 06:05:29,539.71
2022-04-01 06:05:34,539.77
2022-04-01 06:05:39,539.84
2022-04-01 06:05:44,539.93
2022-04-01 06:05:49,537.71
2022-04-01 06:05:54,540.06
2022-04-01 06:05:59,540.1
2022-04-01 06:06:04,540.16
2022-04-01 06:06:09,540.29
2022-04-01 06:06:14,540.35
2022-04-01 06:06:19,540.45
2022-04-01 06:06:24,540.51
2022-04-01 06:06:29,540.58
2022-04-01 06:06:34,540.68
2022-04-01 06:06:39,540.8
2022-04-01 06:06:44,540.9
2022-04-01 06:06:49,540.9
2022-04-01 06:06:54,541.03
2022-04-01 06:06:59,541.13
2022-04-01 06:07:04,541.19
2022-04-01 06:07:09,541.32
2022-04-01 06:07:14,541.39
2022-04-01 06:07:19,541.48
2022-04-01 06:07:24,541.61
2022-04-01 06:07:29,541.61
2022-04-01 06:07:34,541.71
2022-04-01 06:07:39,541.84
2022-04-01 06:07:44,541.93
2022-04-01 06:07:49,542.0
2022-04-01 06:07:54,542.13
2022-04-01 06:07:59,542.16
2022-04-01 06:08:04,542.29
2022-04-01 06:08:09,542.42
2022-04-01 06:08:14,542.52
2022-04-01 06:08:19,542.58
2022-04-01 06:08:24,542.68
2022-04-01 06:08:29,542.75
2022-04-01 06:08:34,542.81
2022-04-01 06:08:39,542.94
2022-04-01 06:08:44,543.03
2022-04-01 06:08:49,543.16
2022-04-01 06:08:54,543.2
2022-04-01 06:08:59,543.26
2022-04-01 06:09:04,543.39
2022-04-01 06:09:09,543.46
2022-04-01 06:09:14,543.55
2022-04-01 06:09:19,543.68
2022-04-01 06:09:24,543.78
2022-04-01 06:09:29,543.84
2022-04-01 06:09:34,543.9
2022-04-01 06:09:39,543.97
2022-04-01 06:09:44,544.07
2022-04-01 06:09:49,544.19
2022-04-01 06:09:54,544.23
2022-04-01 06:09:59,544.36
2022-04-01 06:10:04,544.48
2022-04-01 06:10:09,544.48
2022-04-01 06:10:14,544.52
2022-04-01 06:10:19,544.65
2022-04-01 06:10:24,544.71
2022-04-01 06:10:29,544.87
2022-04-01 06:10:34,544.93
2022-04-01 06:10:39,545.0
2022-04-01 06:10:44,545.03
2022-04-01 06:10:49,545.16
2022-04-01 06:10:54,545.22
2022-04-01 06:10:59,545.39
2022-04-01 06:11:04,545.38
2022-04-01 06:11:09,545.44
2022-04-01 06:11:14,545.54
2022-04-01 06:11:19,545.61
2022-04-01 06:11:24,545.67
2022-04-01 06:11:29,545.77
2022-04-01 06:11:34,545.83
2022-04-01 06:11:39,545.96
2022-04-01 06:11:44,545.96
2022-04-01 06:11:49,546.12
2022-04-01 06:11:54,546.12
2022-04-01 06:11:59,546.18
2022-04-01 06:12:04,546.28
2022-04-01 06:12:09,546.34
2022-04-01 06:12:14,546.47
2022-04-01 06:12:19,546.47
2022-04-01 06:12:24,546.56
2022-04-01 06:12:29,546.63
2022-04-01 06:12:34,546.76
2022-04-01 06:12:39,546.79
2022-04-01 06:12:44,546.79
2022-04-01 06:12:49,546.92
2022-04-01 06:12:54,546.98
2022-04-01 06:12:59,547.05
2022-04-01 06:13:04,547.14
2022-04-01 06:13:09,547.2
2022-04-01 06:13:14,547.26
2022-04-01 06:13:19,547.3
2022-04-01 06:13:24,547.36
2022-04-01 06:13:29,547.42
2022-04-01 06:13:34,547.42
2022-04-01 06:13:39,547.48
2022-04-01 06:13:44,547.48
2022-04-01 06:13:49,547.55
2022-04-01 06:13:54,547.55
2022-04-01 06:13:59,547.58
2022-04-01 06:14:04,547.58
2022-04-01 06:14:09,547.58
2022-04-01 06:14:14,547.57
2022-04-01 06:14:19,547.64
2022-04-01 06:14:24,547.64
2022-04-01 06:14:29,547.57
2022-04-01 06:14:34,547.64
2022-04-01 06:14:39,547.57
2022-04-01 06:14:44,547.57
2022-04-01 06:14:49,547.57
2022-04-01 06:14:54,547.57
2022-04-01 06:14:59,547.53
2022-04-01 06:15:04,547.47
2022-04-01 06:15:09,547.47
2022-04-01 06:15:14,547.4
2022-04-01 06:15:19,547.4
2022-04-01 06:15:24,547.34
2022-04-01 06:15:29,547.27
2022-04-01 06:15:34,547.24
2022-04-01 06:15:39,547.18
2022-04-01 06:15:44,547.05
2022-04-01 06:15:49,547.02
2022-04-01 06:15:54,546.95
2022-04-01 06:15:59,546.82
2022-04-01 06:16:04,546.82
2022-04-01 06:16:09,546.72
2022-04-01 06:16:14,546.66
2022-04-01 06:16:19,546.53
2022-04-01 06:16:24,546.5
2022-04-01 06:16:29,546.37
2022-04-01 06:16:34,546.24
2022-04-01 06:16:39,546.14
2022-04-01 06:16:44,546.01
2022-04-01 06:16:49,545.92
2022-04-01 06:16:54,545.79
2022-04-01 06:16:59,545.72
2022-04-01 06:17:04,545.56
2022-04-01 06:17:09,545.47
2022-04-01 06:17:14,545.34
2022-04-01 06:17:19,545.18
2022-04-01 06:17:24,545.05
2022-04-01 06:17:29,544.95
2022-04-01 06:17:34,544.76
2022-04-01 06:17:39,544.66
2022-04-01 06:17:44,544.47
2022-04-01 06:17:49,544.37
2022-04-01 06:17:54,544.18
2022-04-01 06:17:59,544.08
2022-04-01 06:18:04,543.92
2022-04-01 06:18:09,543.73
2022-04-01 06:18:14,543.63
2022-04-01 06:18:19,543.5
2022-04-01 06:18:24,543.34
2022-04-01 06:18:29,543.22
2022-04-01 06:18:34,543.05
2022-04-01 06:18:39,542.93
2022-04-01 06:18:44,542.83
2022-04-01 06:18:49,542.7
2022-04-01 06:18:54,542.6
2022-04-01 06:18:59,542.41
2022-04-01 06:19:04,542.32
2022-04-01 06:19:09,542.19
2022-04-01 06:19:14,542.09
2022-04-01 06:19:19,541.96
2022-04-01 06:19:24,541.87
2022-04-01 06:19:29,541.74
2022-04-01 06:19:34,541.68
2022-04-01 06:19:39,541.58
2022-04-01 06:19:44,541.45
2022-04-01 06:19:49,541.36
2022-04-01 06:19:54,541.29
2022-04-01 06:19:59,541.16
2022-04-01 06:20:04,541.1
2022-04-01 06:20:09,541.01
2022-04-01 06:20:14,540.94
2022-04-01 06:20:19,540.84
2022-04-01 06:20:24,540.78
2022-04-01 06:20:29,540.71
2022-04-01 06:20:34,540.58
2022-04-01 06:20:39,540.58
2022-04-01 06:20:44,540.49
2022-04-01 06:20:49,540.43
2022-04-01 06:20:54,540.43
2022-04-01 06:20:59,540.36
2022-04-01 06:21:04,540.36
2022-04-01 06:21:09,540.33
2022-04-01 06:21:14,540.33
2022-04-01 06:21:19,540.33
2022-04-01 06:21:24,540.33
2022-04-01 06:21:29,540.33
2022-04-01 06:21:34,540.26
2022-04-01 06:21:39,540.27
2022-04-01 06:21:44,540.33
2022-04-01 06:21:49,540.27
2022-04-01 06:21:54,540.26
2022-04-01 06:21:59,540.26
2022-04-01 06:22:04,540.2
2022-04-01 06:22:09,540.26
2022-04-01 06:22:14,540.26
2022-04-01 06:22:19,540.26
2022-04-01 06:22:24,540.26
2022-04-01 06:22:29,540.26
2022-04-01 06:22:34,540.26
2022-04-01 06:22:39,540.33
2022-04-01 06:22:44,540.26
2022-04-01 06:22:49,540.33
2022-04-01 06:22:54,540.33
2022-04-01 06:22:59,540.42
2022-04-01 06:23:04,540.42
2022-04-01 06:23:09,540.49
2022-04-01 06:23:14,540.55
2022-04-01 06:23:19,540.58
2022-04-01 06:23:24,540.64
2022-04-01 06:23:29,540.71
2022-04-01 06:23:34,540.77
2022-04-01 06:23:39,540.84
2022-04-01 06:23:44,540.87
2022-04-01 06:23:49,540.93
2022-04-01 06:23:54,540.99
2022-04-01 06:23:59,541.06
2022-04-01 06:24:04,541.16
2022-04-01 06:24:09,541.22
2022-04-01 06:24:14,541.28
2022-04-01 06:24:19,541.28
2022-04-01 06:24:24,541.38
2022-04-01 06:24:29,541.44
2022-04-01 06:24:34,541.44
2022-04-01 06:24:39,541.51
2022-04-01 06:24:44,541.57
2022-04-01 06:24:49,541.6
2022-04-01 06:24:54,541.6
2022-04-01 06:24:59,541.66
2022-04-01 06:25:04,541.73
2022-04-01 06:25:09,541.79
2022-04-01 06:25:14,541.79
2022-04-01 06:25:19,541.85
2022-04-01 06:25:24,541.88
2022-04-01 06:25:29,541.95
2022-04-01 06:25:34,541.94
2022-04-01 06:25:39,541.94
2022-04-01 06:25:44,542.01
2022-04-01 06:25:49,542.07
2022-04-01 06:25:54,542.07
2022-04-01 06:25:59,542.1
2022-04-01 06:26:04,542.17
2022-04-01 06:26:09,542.23
2022-04-01 06:26:14,542.23
2022-04-01 06:26:19,542.29
2022-04-01 06:26:24,542.29
2022-04-01 06:26:29,542.36
2022-04-01 06:26:34,542.39
2022-04-01 06:26:39,542.45
2022-04-01 06:26:44,542.45
2022-04-01 06:26:49,542.51
2022-04-01 06:26:54,542.58
2022-04-01 06:26:59,542.61
2022-04-01 06:27:04,542.61
2022-04-01 06:27:09,542.68
2022-04-01 06:27:14,542.68
2022-04-01 06:27:19,542.8
2022-04-01 06:27:24,542.8
2022-04-01 06:27:29,542.87
2022-04-01 06:27:34,542.87
2022-04-01 06:27:39,542.9
2022-04-01 06:27:44,543.03
2022-04-01 06:27:49,543.09
2022-04-01 06:27:54,543.12
2022-04-01 06:27:59,543.13
2022-04-01 06:28:04,543.19
2022-04-01 06:28:09,543.19
2022-04-01 06:28:14,543.26
2022-04-01 06:28:19,543.32
2022-04-01 06:28:24,543.32
2022-04-01 06:28:29,543.32
2022-04-01 06:28:34,543.38
2022-04-01 06:28:39,543.41
2022-04-01 06:28:44,543.48
2022-04-01 06:28:49,543.48
2022-04-01 06:28:54,543.55
2022-04-01 06:28:59,543.55
2022-04-01 06:29:04,543.61
2022-04-01 06:29:09,543.61
2022-04-01 06:29:14,543.64
2022-04-01 06:29:19,543.71
2022-04-01 06:29:24,543.77
2022-04-01 06:29:29,543.77
2022-04-01 06:29:34,543.84
2022-04-01 06:29:39,543.84
2022-04-01 06:29:44,543.9
2022-04-01 06:29:49,543.94
2022-04-01 06:29:54,544.0
2022-04-01 06:29:59,544.07
2022-04-01 06:30:04,544.07
2022-04-01 06:30:09,544.13
2022-04-01 06:30:14,544.16
2022-04-01 06:30:19,544.17
2022-04-01 06:30:24,544.29
2022-04-01 06:30:29,544.23
2022-04-01 06:30:34,544.3
2022-04-01 06:30:39,544.43
2022-04-01 06:30:44,544.43
2022-04-01 06:30:49,544.46
2022-04-01 06:30:54,544.46
2022-04-01 06:30:59,544.52
2022-04-01 06:31:04,544.59
2022-04-01 06:31:09,544.59
2022-04-01 06:31:14,544.65
2022-04-01 06:31:19,544.69
2022-04-01 06:31:24,544.69
2022-04-01 06:31:29,544.75
2022-04-01 06:31:34,544.82
2022-04-01 06:31:39,544.88
2022-04-01 06:31:44,544.95
2022-04-01 06:31:49,544.98
2022-04-01 06:31:54,545.04
2022-04-01 06:31:59,545.11
2022-04-01 06:32:04,545.11
2022-04-01 06:32:09,545.17
2022-04-01 06:32:14,545.21
2022-04-01 06:32:19,545.27
2022-04-01 06:32:24,545.33
2022-04-01 06:32:29,545.4
2022-04-01 06:32:34,545.46
2022-04-01 06:32:39,545.5
2022-04-01 06:32:44,545.5
2022-04-01 06:32:49,545.62
2022-04-01 06:32:54,545.69
2022-04-01 06:32:59,545.72
2022-04-01 06:33:04,545.78
2022-04-01 06:33:09,545.85
2022-04-01 06:33:14,545.85
2022-04-01 06:33:19,545.91
2022-04-01 06:33:24,546.01
2022-04-01 06:33:29,546.01
2022-04-01 06:33:34,546.07
2022-04-01 06:33:39,546.14
2022-04-01 06:33:44,546.2
2022-04-01 06:33:49,546.23
2022-04-01 06:33:54,546.3
2022-04-01 06:33:59,546.36
2022-04-01 06:34:04,546.42
2022-04-01 06:34:09,546.49
2022-04-01 06:34:14,546.52
2022-04-01 06:34:19,546.58
2022-04-01 06:34:24,546.65
2022-04-01 06:34:29,546.71
2022-04-01 06:34:34,546.71
2022-04-01 06:34:39,546.74
2022-04-01 06:34:44,546.74
2022-04-01 06:34:49,546.81
2022-04-01 06:34:54,546.87
2022-04-01 06:34:59,546.87
2022-04-01 06:35:04,546.93
2022-04-01 06:35:09,546.93
2022-04-01 06:35:14,546.93
2022-04-01 06:35:19,547.0
2022-04-01 06:35:24,547.03
2022-04-01 06:35:29,546.99
2022-04-01 06:35:34,547.09
2022-04-01 06:35:39,547.09
2022-04-01 06:35:44,547.09
2022-04-01 06:35:49,547.15
2022-04-01 06:35:54,547.15
2022-04-01 06:35:59,547.15
2022-04-01 06:36:04,547.21
2022-04-01 06:36:09,547.15
2022-04-01 06:36:14,547.21
2022-04-01 06:36:19,547.21
2022-04-01 06:36:24,547.21
2022-04-01 06:36:29,547.21
2022-04-01 06:36:34,547.21
2022-04-01 06:36:39,547.2
2022-04-01 06:36:44,547.14
2022-04-01 06:36:49,547.21
2022-04-01 06:36:54,547.14
2022-04-01 06:36:59,547.14
2022-04-01 06:37:04,547.14
2022-04-01 06:37:09,547.08
2022-04-01 06:37:14,547.08
2022-04-01 06:37:19,547.07
2022-04-01 06:37:24,547.07
2022-04-01 06:37:29,547.01
2022-04-01 06:37:34,547.01
2022-04-01 06:37:39,547.01
2022-04-01 06:37:44,547.01
2022-04-01 06:37:49,546.97
2022-04-01 06:37:54,546.91
2022-04-01 06:37:59,546.97
2022-04-01 06:38:04,546.91
2022-04-01 06:38:09,546.91
2022-04-01 06:38:14,546.84
2022-04-01 06:38:19,546.84
2022-04-01 06:38:24,546.84
2022-04-01 06:38:29,546.84
2022-04-01 06:38:34,546.78
2022-04-01 06:38:39,546.78
2022-04-01 06:38:44,546.78
2022-04-01 06:38:49,546.78
2022-04-01 06:38:54,546.78
2022-04-01 06:38:59,546.71
2022-04-01 06:39:04,546.71
2022-04-01 06:39:09,546.71
2022-04-01 06:39:14,546.71
2022-04-01 06:39:19,546.71
2022-04-01 06:39:24,546.71
2022-04-01 06:39:29,546.68
2022-04-01 06:39:34,546.68
2022-04-01 06:39:39,546.68
2022-04-01 06:39:44,546.68
2022-04-01 06:39:49,546.68
2022-04-01 06:39:54,546.62
2022-04-01 06:39:59,546.62
2022-04-01 06:40:04,546.55
2022-04-01 06:40:09,546.55
2022-04-01 06:40:14,546.49
2022-04-01 06:40:19,546.49
2022-04-01 06:40:24,546.46
2022-04-01 06:40:29,546.39
2022-04-01 06:40:34,546.33
2022-04-01 06:40:39,546.27
2022-04-01 06:40:44,546.2
2022-04-01 06:40:49,546.17
2022-04-01 06:40:54,546.11
2022-04-01 06:40:59,546.04
2022-04-01 06:41:04,545.98
2022-04-01 06:41:09,545.95
2022-04-01 06:41:14,545.82
2022-04-01 06:41:19,545.76
2022-04-01 06:41:24,545.69
2022-04-01 06:41:29,545.66
2022-04-01 06:41:34,545.6
2022-04-01 06:41:39,545.53
2022-04-01 06:41:44,545.47
2022-04-01 06:41:49,545.44
2022-04-01 06:41:54,545.37
2022-04-01 06:41:59,545.31
2022-04-01 06:42:04,545.25
2022-04-01 06:42:09,545.18
2022-04-01 06:42:14,545.18
2022-04-01 06:42:19,545.15
2022-04-01 06:42:24,545.09
2022-04-01 06:42:29,544.96
2022-04-01 06:42:34,544.96
2022-04-01 06:42:39,544.93
2022-04-01 06:42:44,544.87
2022-04-01 06:42:49,544.86
2022-04-01 06:42:54,544.73
2022-04-01 06:42:59,544.67
2022-04-01 06:43:04,544.64
2022-04-01 06:43:09,544.64
2022-04-01 06:43:14,544.57
2022-04-01 06:43:19,544.57
2022-04-01 06:43:24,544.51
2022-04-01 06:43:29,544.41
2022-04-01 06:43:34,544.41
2022-04-01 06:43:39,544.35
2022-04-01 06:43:44,544.29
2022-04-01 06:43:49,544.22
2022-04-01 06:43:54,544.16
2022-04-01 06:43:59,544.12
2022-04-01 06:44:04,544.06
2022-04-01 06:44:09,543.99
2022-04-01 06:44:14,543.99
2022-04-01 06:44:19,543.93
2022-04-01 06:44:24,543.9
2022-04-01 06:44:29,543.83
2022-04-01 06:44:34,543.71
2022-04-01 06:44:39,543.7
2022-04-01 06:44:44,543.64
2022-04-01 06:44:49,543.61
2022-04-01 06:44:54,543.54
2022-04-01 06:44:59,543.54
2022-04-01 06:45:04,543.54
2022-04-01 06:45:09,543.41
2022-04-01 06:45:14,543.41
2022-04-01 06:45:19,543.38
2022-04-01 06:45:24,543.31
2022-04-01 06:45:29,543.31
2022-04-01 06:45:34,543.25
2022-04-01 06:45:39,543.25
2022-04-01 06:45:44,543.12
2022-04-01 06:45:49,543.12
2022-04-01 06:45:54,543.09
2022-04-01 06:45:59,543.09
2022-04-01 06:46:04,543.02
2022-04-01 06:46:09,542.95
2022-04-01 06:46:14,542.95
2022-04-01 06:46:19,542.89
2022-04-01 06:46:24,542.85
2022-04-01 06:46:29,542.85
2022-04-01 06:46:34,542.79
2022-04-01 06:46:39,542.72
2022-04-01 06:46:44,542.72
2022-04-01 06:46:49,542.66
2022-04-01 06:46:54,542.66
2022-04-01 06:46:59,542.59
2022-04-01 06:47:04,542.59
2022-04-01 06:47:09,542.56
2022-04-01 06:47:14,542.49
2022-04-01 06:47:19,542.49
2022-04-01 06:47:24,542.49
2022-04-01 06:47:29,542.43
2022-04-01 06:47:34,542.42
2022-04-01 06:47:39,542.42
2022-04-01 06:47:44,542.36
2022-04-01 06:47:49,542.36
2022-04-01 06:47:54,542.32
2022-04-01 06:47:59,542.26
2022-04-01 06:48:04,542.26
2022-04-01 06:48:09,542.2
2022-04-01 06:48:14,542.13
2022-04-01 06:48:19,542.13
2022-04-01 06:48:24,542.07
2022-04-01 06:48:29,542.07
2022-04-01 06:48:34,542.03
2022-04-01 06:48:39,541.97
2022-04-01 06:48:44,541.9
2022-04-01 06:48:49,541.9
2022-04-01 06:48:54,541.84
2022-04-01 06:48:59,541.84
2022-04-01 06:49:04,541.84
2022-04-01 06:49:09,541.8
2022-04-01 06:49:14,541.74
2022-04-01 06:49:19,541.67
2022-04-01 06:49:24,541.67
2022-04-01 06:49:29,541.61
2022-04-01 06:49:34,541.61
2022-04-01 06:49:39,541.55
2022-04-01 06:49:44,541.51
2022-04-01 06:49:49,541.45
2022-04-01 06:49:54,541.45
2022-04-01 06:49:59,541.45
2022-04-01 06:50:04,541.38
2022-04-01 06:50:09,541.32
2022-04-01 06:50:14,541.29
2022-04-01 06:50:19,541.22
2022-04-01 06:50:24,541.16
2022-04-01 06:50:29,541.09
2022-04-01 06:50:34,541.03
2022-04-01 06:50:39,541.0
2022-04-01 06:50:44,540.93
2022-04-01 06:50:49,540.87
2022-04-01 06:50:54,540.87
2022-04-01 06:50:59,540.8
2022-04-01 06:51:04,540.78
2022-04-01 06:51:09,540.71
2022-04-01 06:51:14,540.65
2022-04-01 06:51:19,540.65
2022-04-01 06:51:24,540.58
2022-04-01 06:51:29,540.49
2022-04-01 06:51:34,540.52
2022-04-01 06:51:39,540.49
2022-04-01 06:51:44,540.49
2022-04-01 06:51:49,540.42
2022-04-01 06:51:54,540.29
2022-04-01 06:51:59,540.36
2022-04-01 06:52:04,540.26
2022-04-01 06:52:09,540.26
2022-04-01 06:52:14,540.2
2022-04-01 06:52:19,540.2
2022-04-01 06:52:24,540.2
2022-04-01 06:52:29,540.14
2022-04-01 06:52:34,540.07
2022-04-01 06:52:39,540.07
2022-04-01 06:52:44,540.01
2022-04-01 06:52:49,539.98
2022-04-01 06:52:54,539.98
2022-04-01 06:52:59,539.92
2022-04-01 06:53:04,539.92
2022-04-01 06:53:09,539.85
2022-04-01 06:53:14,539.85
2022-04-01 06:53:19,539.85
2022-04-01 06:53:24,539.79
2022-04-01 06:53:29,539.79
2022-04-01 06:53:34,539.79
2022-04-01 06:53:39,539.79
2022-04-01 06:53:44,539.76
2022-04-01 06:53:49,539.76
2022-04-01 06:53:54,539.76
2022-04-01 06:53:59,539.76
2022-04-01 06:54:04,539.76
2022-04-01 06:54:09,539.76
2022-04-01 06:54:14,539.7
2022-04-01 06:54:19,539.7
2022-04-01 06:54:24,539.7
2022-04-01 06:54:29,539.7
2022-04-01 06:54:34,539.7
2022-04-01 06:54:39,539.7
2022-04-01 06:54:44,539.7
2022-04-01 06:54:49,539.7
2022-04-01 06:54:54,539.7
2022-04-01 06:54:59,539.64
2022-04-01 06:55:04,539.64
2022-04-01 06:55:09,539.64
2022-04-01 06:55:14,539.64
2022-04-01 06:55:19,539.64
2022-04-01 06:55:24,539.57
2022-04-01 06:55:29,539.57
2022-04-01 06:55:34,539.57
2022-04-01 06:55:39,539.57
2022-04-01 06:55:44,539.57
2022-04-01 06:55:49,539.57
2022-04-01 06:55:54,539.51
2022-04-01 06:55:59,539.57
2022-04-01 06:56:04,539.51
2022-04-01 06:56:09,539.51
2022-04-01 06:56:14,539.47
2022-04-01 06:56:19,539.47
2022-04-01 06:56:24,539.47
2022-04-01 06:56:29,539.47
2022-04-01 06:56:34,539.41
2022-04-01 06:56:39,539.41
2022-04-01 06:56:44,539.41
2022-04-01 06:56:49,539.34
2022-04-01 06:56:54,539.34
2022-04-01 06:56:59,539.34
2022-04-01 06:57:04,539.34
2022-04-01 06:57:09,539.27
2022-04-01 06:57:14,539.27
2022-04-01 06:57:19,539.24
2022-04-01 06:57:24,539.24
2022-04-01 06:57:29,539.24
2022-04-01 06:57:34,539.24
2022-04-01 06:57:39,539.17
2022-04-01 06:57:44,539.17
2022-04-01 06:57:49,539.11
2022-04-01 06:57:54,539.04
2022-04-01 06:57:59,539.04
2022-04-01 06:58:04,538.98
2022-04-01 06:58:09,538.98
2022-04-01 06:58:14,538.94
2022-04-01 06:58:19,538.88
2022-04-01 06:58:24,538.88
2022-04-01 06:58:29,538.81
2022-04-01 06:58:34,538.75
2022-04-01 06:58:39,538.75
2022-04-01 06:58:44,538.71
2022-04-01 06:58:49,538.71
2022-04-01 06:58:54,538.64
2022-04-01 06:58:59,538.64
2022-04-01 06:59:04,538.58
2022-04-01 06:59:09,538.58
2022-04-01 06:59:14,538.45
2022-04-01 06:59:19,538.51
2022-04-01 06:59:24,538.45
2022-04-01 06:59:29,538.42
2022-04-01 06:59:34,538.35
2022-04-01 06:59:39,538.29
2022-04-01 06:59:44,538.22
2022-04-01 06:59:49,538.22
2022-04-01 06:59:54,538.22
2022-04-01 06:59:59,538.19
2022-04-01 07:00:04,538.18
2022-04-01 07:00:09,538.12
2022-04-01 07:00:14,538.12
2022-04-01 07:00:19,538.05
2022-04-01 07:00:24,538.06
2022-04-01 07:00:29,538.05
2022-04-01 07:00:34,538.05
2022-04-01 07:00:39,538.05
2022-04-01 07:00:44,538.05
2022-04-01 07:00:49,537.99
2022-04-01 07:00:54,538.05
2022-04-01 07:00:59,538.05
2022-04-01 07:01:04,538.05
2022-04-01 07:01:09,538.05
2022-04-01 07:01:14,538.12
2022-04-01 07:01:19,538.12
2022-04-01 07:01:24,538.12
2022-04-01 07:01:29,538.12
2022-04-01 07:01:34,538.12
2022-04-01 07:01:39,538.12
2022-04-01 07:01:44,538.18
2022-04-01 07:01:49,538.18
2022-04-01 07:01:54,538.18
2022-04-01 07:01:59,538.18
2022-04-01 07:02:04,538.21
2022-04-01 07:02:09,538.21
2022-04-01 07:02:14,537.71
2022-04-01 07:02:19,538.34
2022-04-01 07:02:24,538.34
2022-04-01 07:02:29,538.41
2022-04-01 07:02:34,538.44
2022-04-01 07:02:39,538.5
2022-04-01 07:02:44,538.57
2022-04-01 07:02:49,538.57
2022-04-01 07:02:54,538.64
2022-04-01 07:02:59,538.73
2022-04-01 07:03:04,538.73
2022-04-01 07:03:09,538.8
2022-04-01 07:03:14,538.93
2022-04-01 07:03:19,538.96
2022-04-01 07:03:24,538.96
2022-04-01 07:03:29,539.02
2022-04-01 07:03:34,539.09
2022-04-01 07:03:39,539.15
2022-04-01 07:03:44,539.22
2022-04-01 07:03:49,539.25
2022-04-01 07:03:54,539.32
2022-04-01 07:03:59,539.38
2022-04-01 07:04:04,539.45
2022-04-01 07:04:09,539.48
2022-04-01 07:04:14,539.54
2022-04-01 07:04:19,539.61
2022-04-01 07:04:24,539.67
2022-04-01 07:04:29,539.68
2022-04-01 07:04:34,539.74
2022-04-01 07:04:39,539.77
2022-04-01 07:04:44,539.84
2022-04-01 07:04:49,539.9
2022-04-01 07:04:54,539.97
2022-04-01 07:04:59,540.0
2022-04-01 07:05:04,540.13
2022-04-01 07:05:09,540.13
2022-04-01 07:05:14,540.26
2022-04-01 07:05:19,540.25
2022-04-01 07:05:24,540.29
2022-04-01 07:05:29,540.35
2022-04-01 07:05:34,540.42
2022-04-01 07:05:39,540.48
2022-04-01 07:05:44,540.52
2022-04-01 07:05:49,540.58
2022-04-01 07:05:54,540.64
2022-04-01 07:05:59,540.71
2022-04-01 07:06:04,540.81
2022-04-01 07:06:09,540.8
2022-04-01 07:06:14,540.87
2022-04-01 07:06:19,540.87
2022-04-01 07:06:24,541.0
2022-04-01 07:06:29,541.03
2022-04-01 07:06:34,541.09
2022-04-01 07:06:39,541.16
2022-04-01 07:06:44,541.16
2022-04-01 07:06:49,541.22
2022-04-01 07:06:54,541.29
2022-04-01 07:06:59,541.31
2022-04-01 07:07:04,541.31
2022-04-01 07:07:09,541.38
2022-04-01 07:07:14,541.44
2022-04-01 07:07:19,541.51
2022-04-01 07:07:24,541.51
2022-04-01 07:07:29,541.54
2022-04-01 07:07:34,541.54
2022-04-01 07:07:39,541.67
2022-04-01 07:07:44,541.67
2022-04-01 07:07:49,541.73
2022-04-01 07:07:54,541.67
2022-04-01 07:07:59,541.73
2022-04-01 07:08:04,541.73
2022-04-01 07:08:09,541.79
2022-04-01 07:08:14,541.8
2022-04-01 07:08:19,541.79
2022-04-01 07:08:24,541.82
2022-04-01 07:08:29,541.82
2022-04-01 07:08:34,541.82
2022-04-01 07:08:39,541.89
2022-04-01 07:08:44,541.89
2022-04-01 07:08:49,541.95
2022-04-01 07:08:54,541.95
2022-04-01 07:08:59,541.95
2022-04-01 07:09:04,542.01
2022-04-01 07:09:09,542.01
2022-04-01 07:09:14,542.04
2022-04-01 07:09:19,542.04
2022-04-01 07:09:24,542.1
2022-04-01 07:09:29,542.1
2022-04-01 07:09:34,542.1
2022-04-01 07:09:39,542.16
2022-04-01 07:09:44,542.16
2022-04-01 07:09:49,542.23
2022-04-01 07:09:54,542.23
2022-04-01 07:09:59,542.22
2022-04-01 07:10:04,542.28
2022-04-01 07:10:09,542.22
2022-04-01 07:10:14,542.28
2022-04-01 07:10:19,542.28
2022-04-01 07:10:24,542.32
2022-04-01 07:10:29,542.32
2022-04-01 07:10:34,542.31
2022-04-01 07:10:39,542.38
2022-04-01 07:10:44,542.31
2022-04-01 07:10:49,542.38
2022-04-01 07:10:54,542.38
2022-04-01 07:10:59,542.38
2022-04-01 07:11:04,542.38
2022-04-01 07:11:09,542.37
2022-04-01 07:11:14,542.37
2022-04-01 07:11:19,542.37
2022-04-01 07:11:24,542.37
2022-04-01 07:11:29,542.31
2022-04-01 07:11:34,542.37
2022-04-01 07:11:39,542.31
2022-04-01 07:11:44,542.31
2022-04-01 07:11:49,542.31
2022-04-01 07:11:54,542.27
2022-04-01 07:11:59,542.27
2022-04-01 07:12:04,542.27
2022-04-01 07:12:09,542.27
2022-04-01 07:12:14,542.21
2022-04-01 07:12:19,542.21
2022-04-01 07:12:24,542.21
2022-04-01 07:12:29,542.21
2022-04-01 07:12:34,542.21
2022-04-01 07:12:39,542.14
2022-04-01 07:12:44,542.08
2022-04-01 07:12:49,542.08
2022-04-01 07:12:54,542.08
2022-04-01 07:12:59,542.01
2022-04-01 07:13:04,542.01
2022-04-01 07:13:09,542.01
2022-04-01 07:13:14,541.98
2022-04-01 07:13:19,541.92
2022-04-01 07:13:24,541.98
2022-04-01 07:13:29,541.85
2022-04-01 07:13:34,541.85
2022-04-01 07:13:39,541.79
2022-04-01 07:13:44,541.79
2022-04-01 07:13:49,541.79
2022-04-01 07:13:54,541.79
2022-04-01 07:13:59,541.76
2022-04-01 07:14:04,541.76
2022-04-01 07:14:09,541.76
2022-04-01 07:14:14,541.76
2022-04-01 07:14:19,541.69
2022-04-01 07:14:24,541.69
2022-04-01 07:14:29,541.69
2022-04-01 07:14:34,541.69
2022-04-01 07:14:39,541.69
2022-04-01 07:14:44,541.63
2022-04-01 07:14:49,541.63
2022-04-01 07:14:54,541.63
2022-04-01 07:14:59,541.63
2022-04-01 07:15:04,541.63
2022-04-01 07:15:09,541.57
2022-04-01 07:15:14,541.57
2022-04-01 07:15:19,541.51
2022-04-01 07:15:24,541.57
2022-04-01 07:15:29,541.51
2022-04-01 07:15:34,541.57
2022-04-01 07:15:39,541.57
2022-04-01 07:15:44,541.51
2022-04-01 07:15:49,541.57
2022-04-01 07:15:54,541.57
2022-04-01 07:15:59,541.64
2022-04-01 07:16:04,541.64
2022-04-01 07:16:09,541.7
2022-04-01 07:16:14,541.77
2022-04-01 07:16:19,541.77
2022-04-01 07:16:24,541.8
2022-04-01 07:16:29,541.8
2022-04-01 07:16:34,541.93
2022-04-01 07:16:39,541.93
2022-04-01 07:16:44,542.0
2022-04-01 07:16:49,542.03
2022-04-01 07:16:54,542.09
2022-04-01 07:16:59,542.09
2022-04-01 07:17:04,542.16
2022-04-01 07:17:09,542.22
2022-04-01 07:17:14,542.22
2022-04-01 07:17:19,542.29
2022-04-01 07:17:24,542.32
2022-04-01 07:17:29,542.38
2022-04-01 07:17:34,542.38
2022-04-01 07:17:39,542.45
2022-04-01 07:17:44,542.51
2022-04-01 07:17:49,542.51
2022-04-01 07:17:54,542.54
2022-04-01 07:17:59,542.6
2022-04-01 07:18:04,542.61
2022-04-01 07:18:09,542.67
2022-04-01 07:18:14,542.67
2022-04-01 07:18:19,542.73
2022-04-01 07:18:24,542.8
2022-04-01 07:18:29,542.8
2022-04-01 07:18:34,542.89
2022-04-01 07:18:39,542.83
2022-04-01 07:18:44,542.89
2022-04-01 07:18:49,543.02
2022-04-01 07:18:54,543.02
2022-04-01 07:18:59,543.05
2022-04-01 07:19:04,543.05
2022-04-01 07:19:09,543.12
2022-04-01 07:19:14,543.18
2022-04-01 07:19:19,543.18
2022-04-01 07:19:24,543.24
2022-04-01 07:19:29,543.31
2022-04-01 07:19:34,543.34
2022-04-01 07:19:39,543.4
2022-04-01 07:19:44,543.4
2022-04-01 07:19:49,543.47
2022-04-01 07:19:54,543.53
2022-04-01 07:19:59,543.56
2022-04-01 07:20:04,543.62
2022-04-01 07:20:09,543.69
2022-04-01 07:20:14,543.69
2022-04-01 07:20:19,543.82
2022-04-01 07:20:24,543.81
2022-04-01 07:20:29,543.81
2022-04-01 07:20:34,543.91
2022-04-01 07:20:39,543.91
2022-04-01 07:20:44,543.97
2022-04-01 07:20:49,544.03
2022-04-01 07:20:54,544.03
2022-04-01 07:20:59,544.07
2022-04-01 07:21:04,544.13
2022-04-01 07:21:09,544.19
2022-04-01 07:21:14,544.19
2022-04-01 07:21:19,544.19
2022-04-01 07:21:24,544.32
2022-04-01 07:21:29,544.32
2022-04-01 07:21:34,544.32
2022-04-01 07:21:39,544.35
2022-04-01 07:21:44,544.41
2022-04-01 07:21:49,544.41
2022-04-01 07:21:54,544.47
2022-04-01 07:21:59,544.41
2022-04-01 07:22:04,544.54
2022-04-01 07:22:09,544.54
2022-04-01 07:22:14,544.57
2022-04-01 07:22:19,544.63
2022-04-01 07:22:24,544.63
2022-04-01 07:22:29,544.63
2022-04-01 07:22:34,537.71
2022-04-01 07:22:39,544.76
2022-04-01 07:22:44,544.82
2022-04-01 07:22:49,544.85
2022-04-01 07:22:54,544.85
2022-04-01 07:22:59,544.91
2022-04-01 07:23:04,544.98
2022-04-01 07:23:09,544.98
2022-04-01 07:23:14,544.98
2022-04-01 07:23:19,537.71
2022-04-01 07:23:24,545.07
2022-04-01 07:23:29,545.07
2022-04-01 07:23:34,545.14
2022-04-01 07:23:39,545.2
2022-04-01 07:23:44,545.2
2022-04-01 07:23:49,545.2
2022-04-01 07:23:54,545.27
2022-04-01 07:23:59,545.27
2022-04-01 07:24:04,545.33
2022-04-01 07:24:09,545.36
2022-04-01 07:24:14,545.36
2022-04-01 07:24:19,545.43
2022-04-01 07:24:24,545.49
2022-04-01 07:24:29,545.49
2022-04-01 07:24:34,545.55
2022-04-01 07:24:39,545.56
2022-04-01 07:24:44,545.59
2022-04-01 07:24:49,545.65
2022-04-01 07:24:54,545.65
2022-04-01 07:24:59,545.65
2022-04-01 07:25:04,545.71
2022-04-01 07:25:09,545.72
2022-04-01 07:25:14,545.72
2022-04-01 07:25:19,545.72
2022-04-01 07:25:24,545.78
2022-04-01 07:25:29,545.78
2022-04-01 07:25:34,545.85
2022-04-01 07:25:39,545.85
2022-04-01 07:25:44,545.85
2022-04-01 07:25:49,545.85
2022-04-01 07:25:54,545.85
2022-04-01 07:25:59,545.85
2022-04-01 07:26:04,545.85
2022-04-01 07:26:09,545.85
2022-04-01 07:26:14,545.85
2022-04-01 07:26:19,545.78
2022-04-01 07:26:24,545.79
2022-04-01 07:26:29,545.79
2022-04-01 07:26:34,545.72
2022-04-01 07:26:39,545.72
2022-04-01 07:26:44,545.66
2022-04-01 07:26:49,545.66
2022-04-01 07:26:54,545.6
2022-04-01 07:26:59,545.57
2022-04-01 07:27:04,545.56
2022-04-01 07:27:09,545.5
2022-04-01 07:27:14,545.44
2022-04-01 07:27:19,545.44
2022-04-01 07:27:24,545.37
2022-04-01 07:27:29,545.37
2022-04-01 07:27:34,545.28
2022-04-01 07:27:39,545.21
2022-04-01 07:27:44,545.15
2022-04-01 07:27:49,545.15
2022-04-01 07:27:54,545.08
2022-04-01 07:27:59,545.05
2022-04-01 07:28:04,544.99
2022-04-01 07:28:09,544.92
2022-04-01 07:28:14,544.86
2022-04-01 07:28:19,544.82
2022-04-01 07:28:24,544.7
2022-04-01 07:28:29,544.63
2022-04-01 07:28:34,544.54
2022-04-01 07:28:39,544.47
2022-04-01 07:28:44,544.41
2022-04-01 07:28:49,544.34
2022-04-01 07:28:54,544.31
2022-04-01 07:28:59,544.18
2022-04-01 07:29:04,544.12
2022-04-01 07:29:09,544.05
2022-04-01 07:29:14,543.96
2022-04-01 07:29:19,543.89
2022-04-01 07:29:24,543.83
2022-04-01 07:29:29,543.73
2022-04-01 07:29:34,543.66
2022-04-01 07:29:39,543.54
2022-04-01 07:29:44,543.5
2022-04-01 07:29:49,543.44
2022-04-01 07:29:54,543.38
2022-04-01 07:29:59,543.31
2022-04-01 07:30:04,543.28
2022-04-01 07:30:09,543.21
2022-04-01 07:30:14,543.08
2022-04-01 07:30:19,543.08
2022-04-01 07:30:24,542.98
2022-04-01 07:30:29,542.92
2022-04-01 07:30:34,542.86
2022-04-01 07:30:39,542.79
2022-04-01 07:30:44,542.79
2022-04-01 07:30:49,542.69
2022-04-01 07:30:54,542.63
2022-04-01 07:30:59,542.63
2022-04-01 07:31:04,542.5
2022-04-01 07:31:09,542.47
2022-04-01 07:31:14,542.46
2022-04-01 07:31:19,542.4
2022-04-01 07:31:24,542.33
2022-04-01 07:31:29,542.27
2022-04-01 07:31:34,542.27
2022-04-01 07:31:39,542.23
2022-04-01 07:31:44,542.23
2022-04-01 07:31:49,542.17
2022-04-01 07:31:54,542.1
2022-04-01 07:31:59,542.1
2022-04-01 07:32:04,542.04
2022-04-01 07:32:09,541.97
2022-04-01 07:32:14,541.94
2022-04-01 07:32:19,541.94
2022-04-01 07:32:24,541.87
2022-04-01 07:32:29,541.8
2022-04-01 07:32:34,541.8
2022-04-01 07:32:39,541.8
2022-04-01 07:32:44,541.74
2022-04-01 07:32:49,541.7
2022-04-01 07:32:54,541.7
2022-04-01 07:32:59,541.64
2022-04-01 07:33:04,541.64
2022-04-01 07:33:09,541.57
2022-04-01 07:33:14,541.57
2022-04-01 07:33:19,541.51
2022-04-01 07:33:24,541.51
2022-04-01 07:33:29,541.44
2022-04-01 07:33:34,541.44
2022-04-01 07:33:39,541.41
2022-04-01 07:33:44,541.41
2022-04-01 07:33:49,541.34
2022-04-01 07:33:54,541.28
2022-04-01 07:33:59,541.28
2022-04-01 07:34:04,541.21
2022-04-01 07:34:09,541.21
2022-04-01 07:34:14,541.18
2022-04-01 07:34:19,541.18
2022-04-01 07:34:24,541.11
2022-04-01 07:34:29,541.05
2022-04-01 07:34:34,541.05
2022-04-01 07:34:39,540.98
2022-04-01 07:34:44,540.98
2022-04-01 07:34:49,540.98
2022-04-01 07:34:54,540.98
2022-04-01 07:34:59,540.92
2022-04-01 07:35:04,540.92
2022-04-01 07:35:09,540.92
2022-04-01 07:35:14,540.89
2022-04-01 07:35:19,540.89
2022-04-01 07:35:24,540.89
2022-04-01 07:35:29,540.89
2022-04-01 07:35:34,540.89
2022-04-01 07:35:39,540.89
2022-04-01 07:35:44,540.89
2022-04-01 07:35:49,540.89
2022-04-01 07:35:54,540.82
2022-04-01 07:35:59,540.82
2022-04-01 07:36:04,540.82
2022-04-01 07:36:09,540.82
2022-04-01 07:36:14,540.82
2022-04-01 07:36:19,540.82
2022-04-01 07:36:24,540.82
2022-04-01 07:36:29,540.82
2022-04-01 07:36:34,540.82
2022-04-01 07:36:39,540.82
2022-04-01 07:36:44,540.82
2022-04-01 07:36:49,540.76
2022-04-01 07:36:54,540.76
2022-04-01 07:36:59,540.76
2022-04-01 07:37:04,540.76
2022-04-01 07:37:09,540.69
2022-04-01 07:37:14,540.76
2022-04-01 07:37:19,540.7
2022-04-01 07:37:24,540.7
2022-04-01 07:37:29,540.76
2022-04-01 07:37:34,540.7
2022-04-01 07:37:39,540.76
2022-04-01 07:37:44,540.7
2022-04-01 07:37:49,540.7
2022-04-01 07:37:54,540.7
2022-04-01 07:37:59,540.7
2022-04-01 07:38:04,540.7
2022-04-01 07:38:09,540.67
2022-04-01 07:38:14,540.71
2022-04-01 07:38:19,540.7
2022-04-01 07:38:24,540.61
2022-04-01 07:38:29,540.67
2022-04-01 07:38:34,540.61
2022-04-01 07:38:39,540.67
2022-04-01 07:38:44,540.61
2022-04-01 07:38:49,540.61
2022-04-01 07:38:54,540.55
2022-04-01 07:38:59,540.55
2022-04-01 07:39:04,540.55
2022-04-01 07:39:09,540.55
2022-04-01 07:39:14,540.55
2022-04-01 07:39:19,540.48
2022-04-01 07:39:24,540.48
2022-04-01 07:39:29,540.48
2022-04-01 07:39:34,540.48
2022-04-01 07:39:39,540.48
2022-04-01 07:39:44,540.42
2022-04-01 07:39:49,540.42
2022-04-01 07:39:54,540.42
2022-04-01 07:39:59,540.42
2022-04-01 07:40:04,540.39
2022-04-01 07:40:09,540.39
2022-04-01 07:40:14,540.38
2022-04-01 07:40:19,540.42
2022-04-01 07:40:24,540.38
2022-04-01 07:40:29,540.38
2022-04-01 07:40:34,540.32
2022-04-01 07:40:39,540.32
2022-04-01 07:40:44,540.32
2022-04-01 07:40:49,540.32
2022-04-01 07:40:54,540.26
2022-04-01 07:40:59,540.26
2022-04-01 07:41:04,540.26
2022-04-01 07:41:09,540.26
2022-04-01 07:41:14,540.26
2022-04-01 07:41:19,540.19
2022-04-01 07:41:24,540.26
2022-04-01 07:41:29,540.26
2022-04-01 07:41:34,540.26
2022-04-01 07:41:39,540.19
2022-04-01 07:41:44,540.19
2022-04-01 07:41:49,540.19
2022-04-01 07:41:54,540.19
2022-04-01 07:41:59,540.19
2022-04-01 07:42:04,540.16
2022-04-01 07:42:09,540.16
2022-04-01 07:42:14,540.15
2022-04-01 07:42:19,540.15
2022-04-01 07:42:24,540.15
2022-04-01 07:42:29,540.09
2022-04-01 07:42:34,540.09
2022-04-01 07:42:39,540.09
2022-04-01 07:42:44,540.09
2022-04-01 07:42:49,540.08
2022-04-01 07:42:54,540.09
2022-04-01 07:42:59,540.02
2022-04-01 07:43:04,540.09
2022-04-01 07:43:09,540.02
2022-04-01 07:43:14,540.02
2022-04-01 07:43:19,539.95
2022-04-01 07:43:24,540.01
2022-04-01 07:43:29,540.01
2022-04-01 07:43:34,540.01
2022-04-01 07:43:39,540.01
2022-04-01 07:43:44,540.01
2022-04-01 07:43:49,540.08
2022-04-01 07:43:54,540.01
2022-04-01 07:43:59,540.01
2022-04-01 07:44:04,540.01
2022-04-01 07:44:09,540.01
2022-04-01 07:44:14,540.01
2022-04-01 07:44:19,540.07
2022-04-01 07:44:24,540.07
2022-04-01 07:44:29,540.07
2022-04-01 07:44:34,540.06
2022-04-01 07:44:39,540.06
2022-04-01 07:44:44,540.06
2022-04-01 07:44:49,540.06
2022-04-01 07:44:54,540.06
2022-04-01 07:44:59,540.06
2022-04-01 07:45:04,540.13
2022-04-01 07:45:09,540.13
2022-04-01 07:45:14,540.16
2022-04-01 07:45:19,540.16
2022-04-01 07:45:24,540.16
2022-04-01 07:45:29,540.16
2022-04-01 07:45:34,540.22
2022-04-01 07:45:39,540.22
2022-04-01 07:45:44,540.29
2022-04-01 07:45:49,540.35
2022-04-01 07:45:54,540.29
2022-04-01 07:45:59,540.35
2022-04-01 07:46:04,540.35
2022-04-01 07:46:09,540.35
2022-04-01 07:46:14,540.38
2022-04-01 07:46:19,540.38
2022-04-01 07:46:24,540.38
2022-04-01 07:46:29,540.44
2022-04-01 07:46:34,540.51
2022-04-01 07:46:39,540.51
2022-04-01 07:46:44,540.57
2022-04-01 07:46:49,540.57
2022-04-01 07:46:54,540.64
2022-04-01 07:46:59,540.64
2022-04-01 07:47:04,540.64
2022-04-01 07:47:09,540.64
2022-04-01 07:47:14,540.67
2022-04-01 07:47:19,540.67
2022-04-01 07:47:24,540.74
2022-04-01 07:47:29,540.74
2022-04-01 07:47:34,540.8
2022-04-01 07:47:39,540.8
2022-04-01 07:47:44,540.8
2022-04-01 07:47:49,540.8
2022-04-01 07:47:54,540.8
2022-04-01 07:47:59,540.87
2022-04-01 07:48:04,540.87
2022-04-01 07:48:09,540.87
2022-04-01 07:48:14,540.87
2022-04-01 07:48:19,540.87
2022-04-01 07:48:24,540.87
2022-04-01 07:48:29,540.87
2022-04-01 07:48:34,540.9
2022-04-01 07:48:39,540.9
2022-04-01 07:48:44,540.9
2022-04-01 07:48:49,540.97
2022-04-01 07:48:54,540.97
2022-04-01 07:48:59,541.03
2022-04-01 07:49:04,540.97
2022-04-01 07:49:09,541.03
2022-04-01 07:49:14,540.97
2022-04-01 07:49:19,541.03
2022-04-01 07:49:24,541.04
2022-04-01 07:49:29,541.04
2022-04-01 07:49:34,541.1
2022-04-01 07:49:39,541.04
2022-04-01 07:49:44,541.1
2022-04-01 07:49:49,541.04
2022-04-01 07:49:54,541.04
2022-04-01 07:49:59,541.04
2022-04-01 07:50:04,541.1
2022-04-01 07:50:09,541.04
2022-04-01 07:50:14,541.04
2022-04-01 07:50:19,541.04
2022-04-01 07:50:24,541.1
2022-04-01 07:50:29,541.04
2022-04-01 07:50:34,541.04
2022-04-01 07:50:39,541.04
2022-04-01 07:50:44,541.04
2022-04-01 07:50:49,540.98
2022-04-01 07:50:54,541.04
2022-04-01 07:50:59,541.05
2022-04-01 07:51:04,541.04
2022-04-01 07:51:09,541.04
2022-04-01 07:51:14,541.05
2022-04-01 07:51:19,541.05
2022-04-01 07:51:24,541.05
2022-04-01 07:51:29,541.05
2022-04-01 07:51:34,540.98
2022-04-01 07:51:39,540.92
2022-04-01 07:51:44,540.98
2022-04-01 07:51:49,540.92
2022-04-01 07:51:54,540.92
2022-04-01 07:51:59,540.92
2022-04-01 07:52:04,540.88
2022-04-01 07:52:09,540.88
2022-04-01 07:52:14,540.82
2022-04-01 07:52:19,540.82
2022-04-01 07:52:24,540.82
2022-04-01 07:52:29,540.82
2022-04-01 07:52:34,540.82
2022-04-01 07:52:39,540.75
2022-04-01 07:52:44,540.75
2022-04-01 07:52:49,540.75
2022-04-01 07:52:54,540.69
2022-04-01 07:52:59,540.75
2022-04-01 07:53:04,540.66
2022-04-01 07:53:09,540.69
2022-04-01 07:53:14,540.65
2022-04-01 07:53:19,540.65
2022-04-01 07:53:24,540.65
2022-04-01 07:53:29,540.59
2022-04-01 07:53:34,540.59
2022-04-01 07:53:39,540.59
2022-04-01 07:53:44,540.59
2022-04-01 07:53:49,540.52
2022-04-01 07:53:54,540.59
2022-04-01 07:53:59,540.52
2022-04-01 07:54:04,540.59
2022-04-01 07:54:09,540.52
2022-04-01 07:54:14,540.52
2022-04-01 07:54:19,540.45
2022-04-01 07:54:24,540.45
2022-04-01 07:54:29,540.52
2022-04-01 07:54:34,540.45
2022-04-01 07:54:39,540.45
2022-04-01 07:54:44,540.52
2022-04-01 07:54:49,540.45
2022-04-01 07:54:54,540.45
2022-04-01 07:54:59,540.45
2022-04-01 07:55:04,540.38
2022-04-01 07:55:09,540.38
2022-04-01 07:55:14,540.45
2022-04-01 07:55:19,540.38
2022-04-01 07:55:24,540.44
2022-04-01 07:55:29,540.37
2022-04-01 07:55:34,540.37
2022-04-01 07:55:39,540.37
2022-04-01 07:55:44,540.37
2022-04-01 07:55:49,540.37
2022-04-01 07:55:54,540.37
2022-04-01 07:55:59,540.37
2022-04-01 07:56:04,540.37
2022-04-01 07:56:09,540.37
2022-04-01 07:56:14,540.37
2022-04-01 07:56:19,540.37
2022-04-01 07:56:24,540.37
2022-04-01 07:56:29,540.37
2022-04-01 07:56:34,540.37
2022-04-01 07:56:39,540.37
2022-04-01 07:56:44,540.37
2022-04-01 07:56:49,540.33
2022-04-01 07:56:54,540.37
2022-04-01 07:56:59,540.33
2022-04-01 07:57:04,540.37
2022-04-01 07:57:09,540.36
2022-04-01 07:57:14,540.33
2022-04-01 07:57:19,540.33
2022-04-01 07:57:24,540.33
2022-04-01 07:57:29,540.33
2022-04-01 07:57:34,540.27
2022-04-01 07:57:39,540.27
2022-04-01 07:57:44,540.27
2022-04-01 07:57:49,540.2
2022-04-01 07:57:54,540.2
2022-04-01 07:57:59,540.2
2022-04-01 07:58:04,540.27
2022-04-01 07:58:09,540.27
2022-04-01 07:58:14,540.2
2022-04-01 07:58:19,540.27
2022-04-01 07:58:24,540.27
2022-04-01 07:58:29,540.27
2022-04-01 07:58:34,540.27
2022-04-01 07:58:39,540.27
2022-04-01 07:58:44,540.33
2022-04-01 07:58:49,540.33
2022-04-01 07:58:54,540.27
2022-04-01 07:58:59,540.33
2022-04-01 07:59:04,540.33
2022-04-01 07:59:09,540.33
2022-04-01 07:59:14,540.33
2022-04-01 07:59:19,540.33
2022-04-01 07:59:24,540.33
2022-04-01 07:59:29,540.33
2022-04-01 07:59:34,540.27
2022-04-01 07:59:39,540.33
2022-04-01 07:59:44,540.33
2022-04-01 07:59:49,540.33
2022-04-01 07:59:54,540.33
2022-04-01 07:59:59,540.33
2022-04-01 08:00:04,540.33
2022-04-01 08:00:09,540.27
2022-04-01 08:00:14,540.27
2022-04-01 08:00:19,540.34
2022-04-01 08:00:24,540.27
2022-04-01 08:00:29,540.27
2022-04-01 08:00:34,540.21
2022-04-01 08:00:39,540.27
2022-04-01 08:00:44,540.28
2022-04-01 08:00:49,540.21
2022-04-01 08:00:54,540.21
2022-04-01 08:00:59,540.21
2022-04-01 08:01:04,540.21
2022-04-01 08:01:09,540.21
2022-04-01 08:01:14,540.15
2022-04-01 08:01:19,540.21
2022-04-01 08:01:24,540.15
2022-04-01 08:01:29,540.15
2022-04-01 08:01:34,540.15
2022-04-01 08:01:39,540.15
2022-04-01 08:01:44,540.12
2022-04-01 08:01:49,540.15
2022-04-01 08:01:54,540.12
2022-04-01 08:01:59,540.12
2022-04-01 08:02:04,540.12
2022-04-01 08:02:09,540.12
2022-04-01 08:02:14,540.12
2022-04-01 08:02:19,540.12
2022-04-01 08:02:24,540.12
2022-04-01 08:02:29,540.12
2022-04-01 08:02:34,540.12
2022-04-01 08:02:39,540.13
2022-04-01 08:02:44,540.15
2022-04-01 08:02:49,540.12
2022-04-01 08:02:54,540.12
2022-04-01 08:02:59,540.15
2022-04-01 08:03:04,540.15
2022-04-01 08:03:09,540.12
2022-04-01 08:03:14,540.15
2022-04-01 08:03:19,540.12
2022-04-01 08:03:24,540.15
2022-04-01 08:03:29,540.15
2022-04-01 08:03:34,540.15
2022-04-01 08:03:39,540.15
2022-04-01 08:03:44,540.22
2022-04-01 08:03:49,540.22
2022-04-01 08:03:54,540.28
2022-04-01 08:03:59,540.22
2022-04-01 08:04:04,540.22
2022-04-01 08:04:09,540.28
2022-04-01 08:04:14,540.28
2022-04-01 08:04:19,540.28
2022-04-01 08:04:24,540.35
2022-04-01 08:04:29,540.28
2022-04-01 08:04:34,540.28
2022-04-01 08:04:39,540.28
2022-04-01 08:04:44,540.28
2022-04-01 08:04:49,540.28
2022-04-01 08:04:54,540.28
2022-04-01 08:04:59,540.34
2022-04-01 08:05:04,540.28
2022-04-01 08:05:09,540.34
2022-04-01 08:05:14,540.34
2022-04-01 08:05:19,540.34
2022-04-01 08:05:24,540.34
2022-04-01 08:05:29,540.37
2022-04-01 08:05:34,540.37
2022-04-01 08:05:39,540.43
2022-04-01 08:05:44,540.43
2022-04-01 08:05:49,540.43
2022-04-01 08:05:54,540.43
2022-04-01 08:05:59,540.49
2022-04-01 08:06:04,540.43
2022-04-01 08:06:09,540.49
2022-04-01 08:06:14,540.43
2022-04-01 08:06:19,540.49
2022-04-01 08:06:24,540.55
2022-04-01 08:06:29,540.55
2022-04-01 08:06:34,540.55
2022-04-01 08:06:39,540.55
2022-04-01 08:06:44,540.55
2022-04-01 08:06:49,540.55
2022-04-01 08:06:54,540.55
2022-04-01 08:06:59,540.61
2022-04-01 08:07:04,540.61
2022-04-01 08:07:09,540.61
2022-04-01 08:07:14,540.64
2022-04-01 08:07:19,540.64
2022-04-01 08:07:24,540.64
2022-04-01 08:07:29,540.64
2022-04-01 08:07:34,540.64
2022-04-01 08:07:39,540.63
2022-04-01 08:07:44,540.7
2022-04-01 08:07:49,540.7
2022-04-01 08:07:54,540.63
2022-04-01 08:07:59,540.7
2022-04-01 08:08:04,540.63
2022-04-01 08:08:09,540.63
2022-04-01 08:08:14,540.63
2022-04-01 08:08:19,540.63
2022-04-01 08:08:24,540.63
2022-04-01 08:08:29,540.6
2022-04-01 08:08:34,540.63
2022-04-01 08:08:39,540.6
2022-04-01 08:08:44,540.6
2022-04-01 08:08:49,540.47
2022-04-01 08:08:54,540.47
2022-04-01 08:08:59,540.47
2022-04-01 08:09:04,540.4
2022-04-01 08:09:09,540.34
2022-04-01 08:09:14,540.34
2022-04-01 08:09:19,540.31
2022-04-01 08:09:24,540.24
2022-04-01 08:09:29,540.24
2022-04-01 08:09:34,540.11
2022-04-01 08:09:39,540.11
2022-04-01 08:09:44,540.08
2022-04-01 08:09:49,540.01
2022-04-01 08:09:54,539.95
2022-04-01 08:09:59,539.88
2022-04-01 08:10:04,539.88
2022-04-01 08:10:09,539.82
2022-04-01 08:10:14,539.79
2022-04-01 08:10:19,539.72
2022-04-01 08:10:24,539.66
2022-04-01 08:10:29,539.6
2022-04-01 08:10:34,539.57
2022-04-01 08:10:39,539.5
2022-04-01 08:10:44,539.43
2022-04-01 08:10:49,539.37
2022-04-01 08:10:54,539.37
2022-04-01 08:10:59,539.31
2022-04-01 08:11:04,539.28
2022-04-01 08:11:09,539.21
2022-04-01 08:11:14,539.21
2022-04-01 08:11:19,539.09
2022-04-01 08:11:24,539.09
2022-04-01 08:11:29,539.05
2022-04-01 08:11:34,538.99
2022-04-01 08:11:39,538.92
2022-04-01 08:11:44,538.92
2022-04-01 08:11:49,538.86
2022-04-01 08:11:54,538.86
2022-04-01 08:11:59,538.8
2022-04-01 08:12:04,538.7
2022-04-01 08:12:09,538.7
2022-04-01 08:12:14,538.64
2022-04-01 08:12:19,538.64
2022-04-01 08:12:24,538.64
2022-04-01 08:12:29,538.54
2022-04-01 08:12:34,538.54
2022-04-01 08:12:39,538.54
2022-04-01 08:12:44,538.54
2022-04-01 08:12:49,538.48
2022-04-01 08:12:54,538.48
2022-04-01 08:12:59,538.48
2022-04-01 08:13:04,538.42
2022-04-01 08:13:09,538.42
2022-04-01 08:13:14,538.42
2022-04-01 08:13:19,538.35
2022-04-01 08:13:24,538.36
2022-04-01 08:13:29,538.36
2022-04-01 08:13:34,538.35
2022-04-01 08:13:39,538.42
2022-04-01 08:13:44,538.36
2022-04-01 08:13:49,538.42
2022-04-01 08:13:54,538.42
2022-04-01 08:13:59,538.42
2022-04-01 08:14:04,538.42
2022-04-01 08:14:09,538.49
2022-04-01 08:14:14,538.42
2022-04-01 08:14:19,538.42
2022-04-01 08:14:24,538.49
2022-04-01 08:14:29,538.49
2022-04-01 08:14:34,538.55
2022-04-01 08:14:39,538.55
2022-04-01 08:14:44,538.58
2022-04-01 08:14:49,538.58
2022-04-01 08:14:54,538.65
2022-04-01 08:14:59,538.65
2022-04-01 08:15:04,538.65
2022-04-01 08:15:09,538.65
2022-04-01 08:15:14,538.71
2022-04-01 08:15:19,538.71
2022-04-01 08:15:24,538.71
2022-04-01 08:15:29,538.77
2022-04-01 08:15:34,538.77
2022-04-01 08:15:39,538.8
2022-04-01 08:15:44,538.8
2022-04-01 08:15:49,538.8
2022-04-01 08:15:54,538.87
2022-04-01 08:15:59,538.93
2022-04-01 08:16:04,538.93
2022-04-01 08:16:09,539.0
2022-04-01 08:16:14,538.93
2022-04-01 08:16:19,538.99
2022-04-01 08:16:24,539.06
2022-04-01 08:16:29,539.05
2022-04-01 08:16:34,539.05
2022-04-01 08:16:39,539.09
2022-04-01 08:16:44,539.09
2022-04-01 08:16:49,539.09
2022-04-01 08:16:54,539.15
2022-04-01 08:16:59,539.15
2022-04-01 08:17:04,539.15
2022-04-01 08:17:09,539.14
2022-04-01 08:17:14,539.21
2022-04-01 08:17:19,539.21
2022-04-01 08:17:24,539.21
2022-04-01 08:17:29,539.27
2022-04-01 08:17:34,539.27
2022-04-01 08:17:39,539.27
2022-04-01 08:17:44,539.27
2022-04-01 08:17:49,539.27
2022-04-01 08:17:54,539.27
2022-04-01 08:17:59,539.2
2022-04-01 08:18:04,539.27
2022-04-01 08:18:09,539.26
2022-04-01 08:18:14,539.26
2022-04-01 08:18:19,539.2
2022-04-01 08:18:24,539.2
2022-04-01 08:18:29,539.2
2022-04-01 08:18:34,539.19
2022-04-01 08:18:39,539.19
2022-04-01 08:18:44,539.13
2022-04-01 08:18:49,539.13
2022-04-01 08:18:54,539.12
2022-04-01 08:18:59,539.06
2022-04-01 08:19:04,539.06
2022-04-01 08:19:09,539.03
2022-04-01 08:19:14,539.03
2022-04-01 08:19:19,539.03
2022-04-01 08:19:24,538.96
2022-04-01 08:19:29,538.9
2022-04-01 08:19:34,538.9
2022-04-01 08:19:39,538.83
2022-04-01 08:19:44,538.83
2022-04-01 08:19:49,538.77
2022-04-01 08:19:54,538.77
2022-04-01 08:19:59,538.73
2022-04-01 08:20:04,538.67
2022-04-01 08:20:09,538.67
2022-04-01 08:20:14,538.67
2022-04-01 08:20:19,538.6
2022-04-01 08:20:24,538.61
2022-04-01 08:20:29,538.6
2022-04-01 08:20:34,538.54
2022-04-01 08:20:39,538.54
2022-04-01 08:20:44,538.51
2022-04-01 08:20:49,538.51
2022-04-01 08:20:54,538.5
2022-04-01 08:20:59,538.44
2022-04-01 08:21:04,538.44
2022-04-01 08:21:09,538.44
2022-04-01 08:21:14,538.38
2022-04-01 08:21:19,538.38
2022-04-01 08:21:24,538.38
2022-04-01 08:21:29,538.31
2022-04-01 08:21:34,538.25
2022-04-01 08:21:39,538.25
2022-04-01 08:21:44,538.22
2022-04-01 08:21:49,538.22
2022-04-01 08:21:54,538.22
2022-04-01 08:21:59,538.15
2022-04-01 08:22:04,538.09
2022-04-01 08:22:09,538.09
2022-04-01 08:22:14,538.09
2022-04-01 08:22:19,538.02
2022-04-01 08:22:24,537.99
2022-04-01 08:22:29,537.99
2022-04-01 08:22:34,537.99
2022-04-01 08:22:39,537.93
2022-04-01 08:22:44,537.93
2022-04-01 08:22:49,537.87
2022-04-01 08:22:54,537.8
2022-04-01 08:22:59,537.8
2022-04-01 08:23:04,537.74
2022-04-01 08:23:09,537.74
2022-04-01 08:23:14,537.71
2022-04-01 08:23:19,537.71
2022-04-01 08:23:24,537.65
2022-04-01 08:23:29,537.64
2022-04-01 08:23:34,537.58
2022-04-01 08:23:39,537.58
2022-04-01 08:23:44,537.52
2022-04-01 08:23:49,537.52
2022-04-01 08:23:54,537.49
2022-04-01 08:23:59,537.49
2022-04-01 08:24:04,537.49
2022-04-01 08:24:09,537.42
2022-04-01 08:24:14,537.42
2022-04-01 08:24:19,537.43
2022-04-01 08:24:24,537.36
2022-04-01 08:24:29,537.36
2022-04-01 08:24:34,537.36
2022-04-01 08:24:39,537.3
2022-04-01 08:24:44,537.3
2022-04-01 08:24:49,537.24
2022-04-01 08:24:54,537.24
2022-04-01 08:24:59,537.24
2022-04-01 08:25:04,537.24
2022-04-01 08:25:09,537.21
2022-04-01 08:25:14,537.14
2022-04-01 08:25:19,537.21
2022-04-01 08:25:24,537.14
2022-04-01 08:25:29,537.14
2022-04-01 08:25:34,537.71
2022-04-01 08:25:39,537.14
2022-04-01 08:25:44,537.08
2022-04-01 08:25:49,537.08
2022-04-01 08:25:54,537.08
2022-04-01 08:25:59,537.02
2022-04-01 08:26:04,537.02
2022-04-01 08:26:09,537.01
2022-04-01 08:26:14,537.01
2022-04-01 08:26:19,537.01
2022-04-01 08:26:24,536.98
2022-04-01 08:26:29,536.98
2022-04-01 08:26:34,536.98
2022-04-01 08:26:39,536.98
2022-04-01 08:26:44,536.98
2022-04-01 08:26:49,536.92
2022-04-01 08:26:54,536.98
2022-04-01 08:26:59,536.98
2022-04-01 08:27:04,536.92
2022-04-01 08:27:09,536.92
2022-04-01 08:27:14,536.92
2022-04-01 08:27:19,536.91
2022-04-01 08:27:24,536.98
2022-04-01 08:27:29,536.91
2022-04-01 08:27:34,536.98
2022-04-01 08:27:39,537.0
2022-04-01 08:27:44,537.01
2022-04-01 08:27:49,537.01
2022-04-01 08:27:54,537.01
2022-04-01 08:27:59,537.01
2022-04-01 08:28:04,537.01
2022-04-01 08:28:09,537.01
2022-04-01 08:28:14,537.01
2022-04-01 08:28:19,537.0
2022-04-01 08:28:24,537.0
2022-04-01 08:28:29,537.0
2022-04-01 08:28:34,537.07
2022-04-01 08:28:39,537.07
2022-04-01 08:28:44,537.13
2022-04-01 08:28:49,537.13
2022-04-01 08:28:54,537.13
2022-04-01 08:28:59,537.19
2022-04-01 08:29:04,537.22
2022-04-01 08:29:09,537.22
2022-04-01 08:29:14,537.22
2022-04-01 08:29:19,537.28
2022-04-01 08:29:24,537.28
2022-04-01 08:29:29,537.41
2022-04-01 08:29:34,537.41
2022-04-01 08:29:39,537.47
2022-04-01 08:29:44,537.47
2022-04-01 08:29:49,537.5
2022-04-01 08:29:54,537.57
2022-04-01 08:29:59,537.63
2022-04-01 08:30:04,537.63
2022-04-01 08:30:09,537.69
2022-04-01 08:30:14,537.72
2022-04-01 08:30:19,537.79
2022-04-01 08:30:24,537.79
2022-04-01 08:30:29,537.85
2022-04-01 08:30:34,537.92
2022-04-01 08:30:39,537.98
2022-04-01 08:30:44,538.01
2022-04-01 08:30:49,538.01
2022-04-01 08:30:54,538.08
2022-04-01 08:30:59,538.08
2022-04-01 08:31:04,538.14
2022-04-01 08:31:09,538.24
2022-04-01 08:31:14,538.24
2022-04-01 08:31:19,538.3
2022-04-01 08:31:24,538.3
2022-04-01 08:31:29,538.37
2022-04-01 08:31:34,538.43
2022-04-01 08:31:39,538.49
2022-04-01 08:31:44,538.53
2022-04-01 08:31:49,538.65
2022-04-01 08:31:54,538.65
2022-04-01 08:31:59,538.66
2022-04-01 08:32:04,538.75
2022-04-01 08:32:09,538.75
2022-04-01 08:32:14,538.82
2022-04-01 08:32:19,538.88
2022-04-01 08:32:24,538.95
2022-04-01 08:32:29,538.95
2022-04-01 08:32:34,539.01
2022-04-01 08:32:39,539.04
2022-04-01 08:32:44,539.11
2022-04-01 08:32:49,539.11
2022-04-01 08:32:54,539.24
2022-04-01 08:32:59,539.24
2022-04-01 08:33:04,539.27
2022-04-01 08:33:09,539.33
2022-04-01 08:33:14,539.34
2022-04-01 08:33:19,539.4
2022-04-01 08:33:24,539.47
2022-04-01 08:33:29,539.53
2022-04-01 08:33:34,539.53
2022-04-01 08:33:39,539.56
2022-04-01 08:33:44,539.56
2022-04-01 08:33:49,539.63
2022-04-01 08:33:54,539.69
2022-04-01 08:33:59,539.76
2022-04-01 08:34:04,539.76
2022-04-01 08:34:09,539.79
2022-04-01 08:34:14,539.86
2022-04-01 08:34:19,539.86
2022-04-01 08:34:24,539.92
2022-04-01 08:34:29,539.99
2022-04-01 08:34:34,539.99
2022-04-01 08:34:39,540.06
2022-04-01 08:34:44,540.09
2022-04-01 08:34:49,540.09
2022-04-01 08:34:54,540.16
2022-04-01 08:34:59,540.22
2022-04-01 08:35:04,540.29
2022-04-01 08:35:09,540.32
2022-04-01 08:35:14,540.32
2022-04-01 08:35:19,540.32
2022-04-01 08:35:24,540.39
2022-04-01 08:35:29,540.39
2022-04-01 08:35:34,540.45
2022-04-01 08:35:39,540.46
2022-04-01 08:35:44,540.52
2022-04-01 08:35:49,540.52
2022-04-01 08:35:54,540.59
2022-04-01 08:35:59,540.59
2022-04-01 08:36:04,540.69
2022-04-01 08:36:09,540.69
2022-04-01 08:36:14,540.69
2022-04-01 08:36:19,540.69
2022-04-01 08:36:24,540.75
2022-04-01 08:36:29,540.75
2022-04-01 08:36:34,540.82
2022-04-01 08:36:39,540.85
2022-04-01 08:36:44,540.85
2022-04-01 08:36:49,540.85
2022-04-01 08:36:54,540.92
2022-04-01 08:36:59,540.92
2022-04-01 08:37:04,540.92
2022-04-01 08:37:09,540.98
2022-04-01 08:37:14,541.05
2022-04-01 08:37:19,540.98
2022-04-01 08:37:24,541.05
2022-04-01 08:37:29,541.05
2022-04-01 08:37:34,541.05
2022-04-01 08:37:39,541.11
2022-04-01 08:37:44,541.05
2022-04-01 08:37:49,541.11
2022-04-01 08:37:54,541.05
2022-04-01 08:37:59,541.12
2022-04-01 08:38:04,541.12
2022-04-01 08:38:09,541.12
2022-04-01 08:38:14,541.12
2022-04-01 08:38:19,541.15
2022-04-01 08:38:24,541.15
2022-04-01 08:38:29,541.15
2022-04-01 08:38:34,541.15
2022-04-01 08:38:39,541.15
2022-04-01 08:38:44,541.15
2022-04-01 08:38:49,541.21
2022-04-01 08:38:54,541.15
2022-04-01 08:38:59,541.21
2022-04-01 08:39:04,541.22
2022-04-01 08:39:09,541.21
2022-04-01 08:39:14,541.21
2022-04-01 08:39:19,541.28
2022-04-01 08:39:24,541.28
2022-04-01 08:39:29,541.21
2022-04-01 08:39:34,541.28
2022-04-01 08:39:39,541.28
2022-04-01 08:39:44,541.28
2022-04-01 08:39:49,541.28
2022-04-01 08:39:54,541.28
2022-04-01 08:39:59,541.21
2022-04-01 08:40:04,541.21
2022-04-01 08:40:09,541.15
2022-04-01 08:40:14,541.21
2022-04-01 08:40:19,541.15
2022-04-01 08:40:24,541.15
2022-04-01 08:40:29,541.11
2022-04-01 08:40:34,541.11
2022-04-01 08:40:39,541.11
2022-04-01 08:40:44,541.05
2022-04-01 08:40:49,541.05
2022-04-01 08:40:54,540.98
2022-04-01 08:40:59,540.98
2022-04-01 08:41:04,540.98
2022-04-01 08:41:09,540.98
2022-04-01 08:41:14,540.92
2022-04-01 08:41:19,540.92
2022-04-01 08:41:24,540.82
2022-04-01 08:41:29,540.82
2022-04-01 08:41:34,540.75
2022-04-01 08:41:39,540.69
2022-04-01 08:41:44,540.69
2022-04-01 08:41:49,540.63
2022-04-01 08:41:54,540.59
2022-04-01 08:41:59,540.59
2022-04-01 08:42:04,540.53
2022-04-01 08:42:09,540.46
2022-04-01 08:42:14,540.4
2022-04-01 08:42:19,540.4
2022-04-01 08:42:24,540.34
2022-04-01 08:42:29,540.3
2022-04-01 08:42:34,540.24
2022-04-01 08:42:39,540.17
2022-04-01 08:42:44,540.17
2022-04-01 08:42:49,540.11
2022-04-01 08:42:54,540.08
2022-04-01 08:42:59,540.08
2022-04-01 08:43:04,540.02
2022-04-01 08:43:09,540.01
2022-04-01 08:43:14,539.95
2022-04-01 08:43:19,539.89
2022-04-01 08:43:24,539.89
2022-04-01 08:43:29,539.82
2022-04-01 08:43:34,539.79
2022-04-01 08:43:39,539.79
2022-04-01 08:43:44,539.73
2022-04-01 08:43:49,539.73
2022-04-01 08:43:54,539.66
2022-04-01 08:43:59,539.66
2022-04-01 08:44:04,539.6
2022-04-01 08:44:09,539.6
2022-04-01 08:44:14,539.6
2022-04-01 08:44:19,539.57
2022-04-01 08:44:24,539.57
2022-04-01 08:44:29,539.51
2022-04-01 08:44:34,539.51
2022-04-01 08:44:39,539.51
2022-04-01 08:44:44,539.45
2022-04-01 08:44:49,539.38
2022-04-01 08:44:54,539.38
2022-04-01 08:44:59,539.32
2022-04-01 08:45:04,539.38
2022-04-01 08:45:09,539.39
2022-04-01 08:45:14,539.32
2022-04-01 08:45:19,539.29
2022-04-01 08:45:24,539.32
2022-04-01 08:45:29,539.29
2022-04-01 08:45:34,539.29
2022-04-01 08:45:39,539.29
2022-04-01 08:45:44,539.29
2022-04-01 08:45:49,539.3
2022-04-01 08:45:54,539.17
2022-04-01 08:45:59,539.24
2022-04-01 08:46:04,539.24
2022-04-01 08:46:09,539.17
2022-04-01 08:46:14,539.17
2022-04-01 08:46:19,539.11
2022-04-01 08:46:24,539.18
2022-04-01 08:46:29,539.12
2022-04-01 08:46:34,539.12
2022-04-01 08:46:39,539.08
2022-04-01 08:46:44,539.09
2022-04-01 08:46:49,539.09
2022-04-01 08:46:54,539.02
2022-04-01 08:46:59,539.02
2022-04-01 08:47:04,539.03
2022-04-01 08:47:09,539.03
2022-04-01 08:47:14,539.03
2022-04-01 08:47:19,538.96
2022-04-01 08:47:24,539.03
2022-04-01 08:47:29,538.96
2022-04-01 08:47:34,538.97
2022-04-01 08:47:39,539.03
2022-04-01 08:47:44,538.97
2022-04-01 08:47:49,538.97
2022-04-01 08:47:54,539.03
2022-04-01 08:47:59,538.97
2022-04-01 08:48:04,538.97
2022-04-01 08:48:09,538.97
2022-04-01 08:48:14,539.03
2022-04-01 08:48:19,538.97
2022-04-01 08:48:24,538.9
2022-04-01 08:48:29,538.97
2022-04-01 08:48:34,538.97
2022-04-01 08:48:39,538.97
2022-04-01 08:48:44,538.97
2022-04-01 08:48:49,538.97
2022-04-01 08:48:54,538.97
2022-04-01 08:48:59,538.97
2022-04-01 08:49:04,538.91
2022-04-01 08:49:09,538.98
2022-04-01 08:49:14,538.98
2022-04-01 08:49:19,538.98
2022-04-01 08:49:24,538.98
2022-04-01 08:49:29,538.97
2022-04-01 08:49:34,538.98
2022-04-01 08:49:39,539.04
2022-04-01 08:49:44,539.04
2022-04-01 08:49:49,538.97
2022-04-01 08:49:54,538.97
2022-04-01 08:49:59,539.04
2022-04-01 08:50:04,539.04
2022-04-01 08:50:09,539.04
2022-04-01 08:50:14,539.1
2022-04-01 08:50:19,539.1
2022-04-01 08:50:24,539.1
2022-04-01 08:50:29,539.1
2022-04-01 08:50:34,539.1
2022-04-01 08:50:39,539.1
2022-04-01 08:50:44,539.1
2022-04-01 08:50:49,539.13
2022-04-01 08:50:54,539.13
2022-04-01 08:50:59,539.19
2022-04-01 08:51:04,539.19
2022-04-01 08:51:09,539.19
2022-04-01 08:51:14,539.19
2022-04-01 08:51:19,539.19
2022-04-01 08:51:24,539.26
2022-04-01 08:51:29,539.26
2022-04-01 08:51:34,539.25
2022-04-01 08:51:39,539.25
2022-04-01 08:51:44,539.32
2022-04-01 08:51:49,539.31
2022-04-01 08:51:54,539.32
2022-04-01 08:51:59,539.32
2022-04-01 08:52:04,539.31
2022-04-01 08:52:09,539.31
2022-04-01 08:52:14,539.31
2022-04-01 08:52:19,539.34
2022-04-01 08:52:24,539.34
2022-04-01 08:52:29,539.34
2022-04-01 08:52:34,539.34
2022-04-01 08:52:39,539.34
2022-04-01 08:52:44,539.34
2022-04-01 08:52:49,539.41
2022-04-01 08:52:54,539.41
2022-04-01 08:52:59,539.41
2022-04-01 08:53:04,539.41
2022-04-01 08:53:09,539.41
2022-04-01 08:53:14,539.41
2022-04-01 08:53:19,539.47
2022-04-01 08:53:24,539.47
2022-04-01 08:53:29,539.4
2022-04-01 08:53:34,539.47
2022-04-01 08:53:39,539.4
2022-04-01 08:53:44,539.4
2022-04-01 08:53:49,539.4
2022-04-01 08:53:54,539.4
2022-04-01 08:53:59,539.41
2022-04-01 08:54:04,539.4
2022-04-01 08:54:09,539.41
2022-04-01 08:54:14,539.47
2022-04-01 08:54:19,539.4
2022-04-01 08:54:24,539.41
2022-04-01 08:54:29,539.47
2022-04-01 08:54:34,539.47
2022-04-01 08:54:39,539.41
2022-04-01 08:54:44,539.41
2022-04-01 08:54:49,539.47
2022-04-01 08:54:54,539.47
2022-04-01 08:54:59,539.47
2022-04-01 08:55:04,539.47
2022-04-01 08:55:09,539.41
2022-04-01 08:55:14,539.41
2022-04-01 08:55:19,539.41
2022-04-01 08:55:24,539.41
2022-04-01 08:55:29,539.41
2022-04-01 08:55:34,539.41
2022-04-01 08:55:39,539.41
2022-04-01 08:55:44,539.41
2022-04-01 08:55:49,539.41
2022-04-01 08:55:54,539.41
2022-04-01 08:55:59,539.34
2022-04-01 08:56:04,539.34
2022-04-01 08:56:09,539.41
2022-04-01 08:56:14,539.41
2022-04-01 08:56:19,539.41
2022-04-01 08:56:24,539.41
2022-04-01 08:56:29,539.41
2022-04-01 08:56:34,539.41
2022-04-01 08:56:39,539.41
2022-04-01 08:56:44,539.48
2022-04-01 08:56:49,539.48
2022-04-01 08:56:54,539.48
2022-04-01 08:56:59,539.41
2022-04-01 08:57:04,539.48
2022-04-01 08:57:09,539.48
2022-04-01 08:57:14,539.48
2022-04-01 08:57:19,539.48
2022-04-01 08:57:24,539.48
2022-04-01 08:57:29,539.49
2022-04-01 08:57:34,539.49
2022-04-01 08:57:39,539.55
2022-04-01 08:57:44,539.55
2022-04-01 08:57:49,539.62
2022-04-01 08:57:54,539.62
2022-04-01 08:57:59,539.62
2022-04-01 08:58:04,539.62
2022-04-01 08:58:09,539.62
2022-04-01 08:58:14,539.62
2022-04-01 08:58:19,539.66
2022-04-01 08:58:24,539.72
2022-04-01 08:58:29,539.78
2022-04-01 08:58:34,539.72
2022-04-01 08:58:39,539.72
2022-04-01 08:58:44,539.85
2022-04-01 08:58:49,539.89
2022-04-01 08:58:54,539.89
2022-04-01 08:58:59,539.89
2022-04-01 08:59:04,539.95
2022-04-01 08:59:09,539.95
2022-04-01 08:59:14,540.02
2022-04-01 08:59:19,540.02
2022-04-01 08:59:24,540.02
2022-04-01 08:59:29,540.09
2022-04-01 08:59:34,540.09
2022-04-01 08:59:39,540.15
2022-04-01 08:59:44,540.15
2022-04-01 08:59:49,540.15
2022-04-01 08:59:54,540.15
2022-04-01 08:59:59,540.19
2022-04-01 09:00:04,540.19
2022-04-01 09:00:09,540.19
2022-04-01 09:00:14,540.25
2022-04-01 09:00:19,540.32
2022-04-01 09:00:24,540.32
2022-04-01 09:00:29,540.39
2022-04-01 09:00:34,540.39
2022-04-01 09:00:39,540.42
2022-04-01 09:00:44,540.42
2022-04-01 09:00:49,540.48
2022-04-01 09:00:54,540.55
2022-04-01 09:00:59,540.55
2022-04-01 09:01:04,540.55
2022-04-01 09:01:09,540.62
2022-04-01 09:01:14,540.62
2022-04-01 09:01:19,540.68
2022-04-01 09:01:24,540.72
2022-04-01 09:01:29,540.72
2022-04-01 09:01:34,540.85
2022-04-01 09:01:39,540.85
2022-04-01 09:01:44,540.91
2022-04-01 09:01:49,540.91
2022-04-01 09:01:54,540.92
2022-04-01 09:01:59,541.01
2022-04-01 09:02:04,541.01
2022-04-01 09:02:09,541.08
2022-04-01 09:02:14,541.14
2022-04-01 09:02:19,541.21
2022-04-01 09:02:24,541.21
2022-04-01 09:02:29,541.24
2022-04-01 09:02:34,541.24
2022-04-01 09:02:39,541.31
2022-04-01 09:02:44,541.31
2022-04-01 09:02:49,541.44
2022-04-01 09:02:54,541.44
2022-04-01 09:02:59,541.47
2022-04-01 09:03:04,541.54
2022-04-01 09:03:09,541.54
2022-04-01 09:03:14,541.6
2022-04-01 09:03:19,541.67
2022-04-01 09:03:24,541.67
2022-04-01 09:03:29,541.73
2022-04-01 09:03:34,541.77
2022-04-01 09:03:39,541.77
2022-04-01 09:03:44,541.83
2022-04-01 09:03:49,541.9
2022-04-01 09:03:54,541.9
2022-04-01 09:03:59,541.97
2022-04-01 09:04:04,541.97
2022-04-01 09:04:09,541.97
2022-04-01 09:04:14,542.0
2022-04-01 09:04:19,542.0
2022-04-01 09:04:24,542.07
2022-04-01 09:04:29,542.07
2022-04-01 09:04:34,542.13
2022-04-01 09:04:39,542.14
2022-04-01 09:04:44,542.14
2022-04-01 09:04:49,542.14
2022-04-01 09:04:54,542.14
2022-04-01 09:04:59,542.2
2022-04-01 09:05:04,542.21
2022-04-01 09:05:09,542.21
2022-04-01 09:05:14,542.27
2022-04-01 09:05:19,542.27
2022-04-01 09:05:24,542.27
2022-04-01 09:05:29,542.28
2022-04-01 09:05:34,542.31
2022-04-01 09:05:39,542.38
2022-04-01 09:05:44,542.38
2022-04-01 09:05:49,542.44
2022-04-01 09:05:54,542.44
2022-04-01 09:05:59,542.51
2022-04-01 09:06:04,542.51
2022-04-01 09:06:09,542.51
2022-04-01 09:06:14,542.51
2022-04-01 09:06:19,542.55
2022-04-01 09:06:24,542.55
2022-04-01 09:06:29,542.61
2022-04-01 09:06:34,542.61
2022-04-01 09:06:39,542.55
2022-04-01 09:06:44,542.62
2022-04-01 09:06:49,542.55
2022-04-01 09:06:54,542.62
2022-04-01 09:06:59,542.62
2022-04-01 09:07:04,542.62
2022-04-01 09:07:09,542.56
2022-04-01 09:07:14,542.62
2022-04-01 09:07:19,542.63
2022-04-01 09:07:24,542.63
2022-04-01 09:07:29,542.63
2022-04-01 09:07:34,542.56
2022-04-01 09:07:39,542.56
2022-04-01 09:07:44,542.57
2022-04-01 09:07:49,542.57
2022-04-01 09:07:54,542.57
2022-04-01 09:07:59,542.57
2022-04-01 09:08:04,542.54
2022-04-01 09:08:09,542.54
2022-04-01 09:08:14,542.54
2022-04-01 09:08:19,542.54
2022-04-01 09:08:24,542.48
2022-04-01 09:08:29,542.54
2022-04-01 09:08:34,542.48
2022-04-01 09:08:39,537.71
2022-04-01 09:08:44,542.48
2022-04-01 09:08:49,542.42
2022-04-01 09:08:54,542.35
2022-04-01 09:08:59,542.36
2022-04-01 09:09:04,542.36
2022-04-01 09:09:09,542.36
2022-04-01 09:09:14,542.36
2022-04-01 09:09:19,542.32
2022-04-01 09:09:24,542.32
2022-04-01 09:09:29,542.32
2022-04-01 09:09:34,542.32
2022-04-01 09:09:39,542.26
2022-04-01 09:09:44,542.26
2022-04-01 09:09:49,542.26
2022-04-01 09:09:54,542.2
2022-04-01 09:09:59,542.2
2022-04-01 09:10:04,542.13
2022-04-01 09:10:09,542.13
2022-04-01 09:10:14,542.07
2022-04-01 09:10:19,542.07
2022-04-01 09:10:24,542.07
2022-04-01 09:10:29,542.07
2022-04-01 09:10:34,542.04
2022-04-01 09:10:39,542.04
2022-04-01 09:10:44,541.97
2022-04-01 09:10:49,541.97
2022-04-01 09:10:54,541.91
2022-04-01 09:10:59,541.91
2022-04-01 09:11:04,541.84
2022-04-01 09:11:09,541.84
2022-04-01 09:11:14,541.81
2022-04-01 09:11:19,541.75
2022-04-01 09:11:24,541.75
2022-04-01 09:11:29,541.68
2022-04-01 09:11:34,541.62
2022-04-01 09:11:39,541.68
2022-04-01 09:11:44,541.61
2022-04-01 09:11:49,541.61
2022-04-01 09:11:54,541.55
2022-04-01 09:11:59,541.52
2022-04-01 09:12:04,541.51
2022-04-01 09:12:09,541.51
2022-04-01 09:12:14,541.45
2022-04-01 09:12:19,541.38
2022-04-01 09:12:24,541.38
2022-04-01 09:12:29,541.38
2022-04-01 09:12:34,541.38
2022-04-01 09:12:39,541.32
2022-04-01 09:12:44,541.29
2022-04-01 09:12:49,541.29
2022-04-01 09:12:54,541.22
2022-04-01 09:12:59,541.22
2022-04-01 09:13:04,541.22
2022-04-01 09:13:09,541.15
2022-04-01 09:13:14,541.15
2022-04-01 09:13:19,541.15
2022-04-01 09:13:24,541.09
2022-04-01 09:13:29,541.09
2022-04-01 09:13:34,541.09
2022-04-01 09:13:39,541.02
2022-04-01 09:13:44,541.09
2022-04-01 09:13:49,541.09
2022-04-01 09:13:54,541.02
2022-04-01 09:13:59,541.09
2022-04-01 09:14:04,541.02
2022-04-01 09:14:09,541.02
2022-04-01 09:14:14,541.02
2022-04-01 09:14:19,540.99
2022-04-01 09:14:24,540.99
2022-04-01 09:14:29,540.99
2022-04-01 09:14:34,540.92
2022-04-01 09:14:39,540.92
2022-04-01 09:14:44,540.92
2022-04-01 09:14:49,540.99
2022-04-01 09:14:54,540.92
2022-04-01 09:14:59,540.92
2022-04-01 09:15:04,540.92
2022-04-01 09:15:09,540.92
2022-04-01 09:15:14,540.99
2022-04-01 09:15:19,540.99
2022-04-01 09:15:24,540.99
2022-04-01 09:15:29,540.99
2022-04-01 09:15:34,540.99
2022-04-01 09:15:39,540.92
2022-04-01 09:15:44,540.99
2022-04-01 09:15:49,540.99
2022-04-01 09:15:54,540.99
2022-04-01 09:15:59,540.99
2022-04-01 09:16:04,540.99
2022-04-01 09:16:09,541.02
2022-04-01 09:16:14,540.99
2022-04-01 09:16:19,541.02
2022-04-01 09:16:24,540.99
2022-04-01 09:16:29,540.99
2022-04-01 09:16:34,540.99
2022-04-01 09:16:39,541.02
2022-04-01 09:16:44,540.99
2022-04-01 09:16:49,540.99
2022-04-01 09:16:54,541.03
2022-04-01 09:16:59,541.03
2022-04-01 09:17:04,541.03
2022-04-01 09:17:09,541.03
2022-04-01 09:17:14,541.03
2022-04-01 09:17:19,541.03
2022-04-01 09:17:24,541.09
2022-04-01 09:17:29,541.09
2022-04-01 09:17:34,541.03
2022-04-01 09:17:39,541.09
2022-04-01 09:17:44,541.09
2022-04-01 09:17:49,541.03
2022-04-01 09:17:54,541.09
2022-04-01 09:17:59,541.1
2022-04-01 09:18:04,541.1
2022-04-01 09:18:09,541.1
2022-04-01 09:18:14,541.1
2022-04-01 09:18:19,541.1
2022-04-01 09:18:24,541.1
2022-04-01 09:18:29,541.1
2022-04-01 09:18:34,541.1
2022-04-01 09:18:39,541.1
2022-04-01 09:18:44,541.1
2022-04-01 09:18:49,541.1
2022-04-01 09:18:54,541.11
2022-04-01 09:18:59,541.11
2022-04-01 09:19:04,541.17
2022-04-01 09:19:09,541.11
2022-04-01 09:19:14,541.17
2022-04-01 09:19:19,541.17
2022-04-01 09:19:24,541.17
2022-04-01 09:19:29,541.18
2022-04-01 09:19:34,541.18
2022-04-01 09:19:39,541.18
2022-04-01 09:19:44,541.12
2022-04-01 09:19:49,541.12
2022-04-01 09:19:54,541.12
2022-04-01 09:19:59,541.19
2022-04-01 09:20:04,541.19
2022-04-01 09:20:09,541.12
2022-04-01 09:20:14,541.19
2022-04-01 09:20:19,541.19
2022-04-01 09:20:24,541.19
2022-04-01 09:20:29,541.13
2022-04-01 09:20:34,541.13
2022-04-01 09:20:39,541.13
2022-04-01 09:20:44,541.13
2022-04-01 09:20:49,541.13
2022-04-01 09:20:54,541.13
2022-04-01 09:20:59,541.07
2022-04-01 09:21:04,541.07
2022-04-01 09:21:09,541.07
2022-04-01 09:21:14,541.04
2022-04-01 09:21:19,541.04
2022-04-01 09:21:24,541.07
2022-04-01 09:21:29,541.04
2022-04-01 09:21:34,541.04
2022-04-01 09:21:39,541.05
2022-04-01 09:21:44,541.05
2022-04-01 09:21:49,540.92
2022-04-01 09:21:54,540.92
2022-04-01 09:21:59,540.92
2022-04-01 09:22:04,540.85
2022-04-01 09:22:09,540.86
2022-04-01 09:22:14,540.86
2022-04-01 09:22:19,540.82
2022-04-01 09:22:24,540.83
2022-04-01 09:22:29,540.76
2022-04-01 09:22:34,540.76
2022-04-01 09:22:39,540.7
2022-04-01 09:22:44,540.7
2022-04-01 09:22:49,540.63
2022-04-01 09:22:54,540.64
2022-04-01 09:22:59,540.57
2022-04-01 09:23:04,540.57
2022-04-01 09:23:09,540.57
2022-04-01 09:23:14,540.54
2022-04-01 09:23:19,540.48
2022-04-01 09:23:24,540.48
2022-04-01 09:23:29,540.42
2022-04-01 09:23:34,540.42
2022-04-01 09:23:39,540.35
2022-04-01 09:23:44,540.35
2022-04-01 09:23:49,540.32
2022-04-01 09:23:54,540.32
2022-04-01 09:23:59,540.2
2022-04-01 09:24:04,540.2
2022-04-01 09:24:09,540.13
2022-04-01 09:24:14,540.07
2022-04-01 09:24:19,540.07
2022-04-01 09:24:24,540.07
2022-04-01 09:24:29,540.04
2022-04-01 09:24:34,539.98
2022-04-01 09:24:39,539.98
2022-04-01 09:24:44,539.91
2022-04-01 09:24:49,539.85
2022-04-01 09:24:54,539.85
2022-04-01 09:24:59,539.82
2022-04-01 09:25:04,539.69
2022-04-01 09:25:09,539.75
2022-04-01 09:25:14,539.69
2022-04-01 09:25:19,539.63
2022-04-01 09:25:24,539.63
2022-04-01 09:25:29,539.57
2022-04-01 09:25:34,539.53
2022-04-01 09:25:39,539.47
2022-04-01 09:25:44,539.54
2022-04-01 09:25:49,539.41
2022-04-01 09:25:54,539.41
2022-04-01 09:25:59,539.35
2022-04-01 09:26:04,539.32
2022-04-01 09:26:09,539.32
2022-04-01 09:26:14,539.25
2022-04-01 09:26:19,539.19
2022-04-01 09:26:24,539.12
2022-04-01 09:26:29,539.13
2022-04-01 09:26:34,539.03
2022-04-01 09:26:39,539.04
2022-04-01 09:26:44,539.04
2022-04-01 09:26:49,538.97
2022-04-01 09:26:54,538.91
2022-04-01 09:26:59,538.91
2022-04-01 09:27:04,538.81
2022-04-01 09:27:09,538.85
2022-04-01 09:27:14,538.76
2022-04-01 09:27:19,538.76
2022-04-01 09:27:24,538.76
2022-04-01 09:27:29,538.69
2022-04-01 09:27:34,538.63
2022-04-01 09:27:39,538.63
2022-04-01 09:27:44,538.57
2022-04-01 09:27:49,538.57
2022-04-01 09:27:54,538.54
2022-04-01 09:27:59,538.54
2022-04-01 09:28:04,538.48
2022-04-01 09:28:09,538.48
2022-04-01 09:28:14,538.48
2022-04-01 09:28:19,538.42
2022-04-01 09:28:24,538.48
2022-04-01 09:28:29,538.48
2022-04-01 09:28:34,538.42
2022-04-01 09:28:39,538.42
2022-04-01 09:28:44,538.43
2022-04-01 09:28:49,538.36
2022-04-01 09:28:54,538.36
2022-04-01 09:28:59,538.36
2022-04-01 09:29:04,538.36
2022-04-01 09:29:09,538.33
2022-04-01 09:29:14,538.37
2022-04-01 09:29:19,538.34
2022-04-01 09:29:24,538.37
2022-04-01 09:29:29,538.34
2022-04-01 09:29:34,538.34
2022-04-01 09:29:39,538.34
2022-04-01 09:29:44,538.35
2022-04-01 09:29:49,538.35
2022-04-01 09:29:54,538.35
2022-04-01 09:29:59,538.35
2022-04-01 09:30:04,538.35
2022-04-01 09:30:09,538.35
2022-04-01 09:30:14,538.35
2022-04-01 09:30:19,538.38
2022-04-01 09:30:24,538.38
2022-04-01 09:30:29,538.39
2022-04-01 09:30:34,538.45
2022-04-01 09:30:39,538.39
2022-04-01 09:30:44,538.45
2022-04-01 09:30:49,538.52
2022-04-01 09:30:54,538.52
2022-04-01 09:30:59,538.52
2022-04-01 09:31:04,538.52
2022-04-01 09:31:09,538.59
2022-04-01 09:31:14,538.58
2022-04-01 09:31:19,538.62
2022-04-01 09:31:24,538.62
2022-04-01 09:31:29,538.62
2022-04-01 09:31:34,538.68
2022-04-01 09:31:39,538.68
2022-04-01 09:31:44,538.68
2022-04-01 09:31:49,538.81
2022-04-01 09:31:54,538.81
2022-04-01 09:31:59,538.87
2022-04-01 09:32:04,538.91
2022-04-01 09:32:09,538.91
2022-04-01 09:32:14,538.97
2022-04-01 09:32:19,538.97
2022-04-01 09:32:24,539.03
2022-04-01 09:32:29,539.03
2022-04-01 09:32:34,539.03
2022-04-01 09:32:39,539.09
2022-04-01 09:32:44,539.13
2022-04-01 09:32:49,539.13
2022-04-01 09:32:54,539.19
2022-04-01 09:32:59,539.19
2022-04-01 09:33:04,539.25
2022-04-01 09:33:09,539.25
2022-04-01 09:33:14,539.32
2022-04-01 09:33:19,539.38
2022-04-01 09:33:24,539.41
2022-04-01 09:33:29,539.48
2022-04-01 09:33:34,539.48
2022-04-01 09:33:39,539.6
2022-04-01 09:33:44,539.6
2022-04-01 09:33:49,539.63
2022-04-01 09:33:54,539.7
2022-04-01 09:33:59,539.7
2022-04-01 09:34:04,539.76
2022-04-01 09:34:09,539.76
2022-04-01 09:34:14,539.89
2022-04-01 09:34:19,539.91
2022-04-01 09:34:24,539.92
2022-04-01 09:34:29,539.98
2022-04-01 09:34:34,540.04
2022-04-01 09:34:39,540.04
2022-04-01 09:34:44,540.11
2022-04-01 09:34:49,540.14
2022-04-01 09:34:54,540.2
2022-04-01 09:34:59,540.2
2022-04-01 09:35:04,540.2
2022-04-01 09:35:09,540.33
2022-04-01 09:35:14,540.39
2022-04-01 09:35:19,540.39
2022-04-01 09:35:24,540.4
2022-04-01 09:35:29,540.43
2022-04-01 09:35:34,540.49
2022-04-01 09:35:39,540.49
2022-04-01 09:35:44,540.55
2022-04-01 09:35:49,540.62
2022-04-01 09:35:54,540.62
2022-04-01 09:35:59,540.65
2022-04-01 09:36:04,540.65
2022-04-01 09:36:09,540.72
2022-04-01 09:36:14,540.71
2022-04-01 09:36:19,540.71
2022-04-01 09:36:24,540.78
2022-04-01 09:36:29,540.78
2022-04-01 09:36:34,540.78
2022-04-01 09:36:39,540.78
2022-04-01 09:36:44,540.85
2022-04-01 09:36:49,540.85
2022-04-01 09:36:54,540.91
2022-04-01 09:36:59,540.91
2022-04-01 09:37:04,540.94
2022-04-01 09:37:09,540.94
2022-04-01 09:37:14,541.0
2022-04-01 09:37:19,540.94
2022-04-01 09:37:24,541.0
2022-04-01 09:37:29,541.07
2022-04-01 09:37:34,541.14
2022-04-01 09:37:39,541.07
2022-04-01 09:37:44,541.07
2022-04-01 09:37:49,541.14
2022-04-01 09:37:54,541.14
2022-04-01 09:37:59,541.14
2022-04-01 09:38:04,541.17
2022-04-01 09:38:09,541.17
2022-04-01 09:38:14,541.23
2022-04-01 09:38:19,541.23
2022-04-01 09:38:24,541.3
2022-04-01 09:38:29,541.3
2022-04-01 09:38:34,541.3
2022-04-01 09:38:39,541.3
2022-04-01 09:38:44,541.3
2022-04-01 09:38:49,541.3
2022-04-01 09:38:54,541.37
2022-04-01 09:38:59,541.43
2022-04-01 09:39:04,541.43
2022-04-01 09:39:09,541.43
2022-04-01 09:39:14,541.46
2022-04-01 09:39:19,541.47
2022-04-01 09:39:24,541.53
2022-04-01 09:39:29,541.53
2022-04-01 09:39:34,541.53
2022-04-01 09:39:39,541.53
2022-04-01 09:39:44,541.66
2022-04-01 09:39:49,541.66
2022-04-01 09:39:54,541.69
2022-04-01 09:39:59,541.7
2022-04-01 09:40:04,541.7
2022-04-01 09:40:09,541.76
2022-04-01 09:40:14,541.83
2022-04-01 09:40:19,541.89
2022-04-01 09:40:24,541.96
2022-04-01 09:40:29,541.99
2022-04-01 09:40:34,541.99
2022-04-01 09:40:39,541.99
2022-04-01 09:40:44,542.12
2022-04-01 09:40:49,542.12
2022-04-01 09:40:54,542.19
2022-04-01 09:40:59,542.19
2022-04-01 09:41:04,542.29
2022-04-01 09:41:09,542.29
2022-04-01 09:41:14,542.35
2022-04-01 09:41:19,542.35
2022-04-01 09:41:24,542.42
2022-04-01 09:41:29,542.42
2022-04-01 09:41:34,542.42
2022-04-01 09:41:39,542.49
2022-04-01 09:41:44,542.49
2022-04-01 09:41:49,542.52
2022-04-01 09:41:54,542.52
2022-04-01 09:41:59,542.53
2022-04-01 09:42:04,542.52
2022-04-01 09:42:09,542.52
2022-04-01 09:42:14,542.59
2022-04-01 09:42:19,542.59
2022-04-01 09:42:24,542.59
2022-04-01 09:42:29,542.59
2022-04-01 09:42:34,542.66
2022-04-01 09:42:39,542.59
2022-04-01 09:42:44,542.66
2022-04-01 09:42:49,542.73
2022-04-01 09:42:54,542.73
2022-04-01 09:42:59,542.67
2022-04-01 09:43:04,542.73
2022-04-01 09:43:09,542.67
2022-04-01 09:43:14,537.71
2022-04-01 09:43:19,542.73
2022-04-01 09:43:24,542.74
2022-04-01 09:43:29,542.73
2022-04-01 09:43:34,542.74
2022-04-01 09:43:39,542.74
2022-04-01 09:43:44,542.74
2022-04-01 09:43:49,542.77
2022-04-01 09:43:54,542.74
2022-04-01 09:43:59,542.74
2022-04-01 09:44:04,542.74
2022-04-01 09:44:09,542.74
2022-04-01 09:44:14,542.67
2022-04-01 09:44:19,542.68
2022-04-01 09:44:24,542.61
2022-04-01 09:44:29,542.62
2022-04-01 09:44:34,542.62
2022-04-01 09:44:39,542.55
2022-04-01 09:44:44,542.55
2022-04-01 09:44:49,542.55
2022-04-01 09:44:54,542.52
2022-04-01 09:44:59,542.52
2022-04-01 09:45:04,542.46
2022-04-01 09:45:09,542.39
2022-04-01 09:45:14,542.39
2022-04-01 09:45:19,542.33
2022-04-01 09:45:24,542.27
2022-04-01 09:45:29,542.27
2022-04-01 09:45:34,542.24
2022-04-01 09:45:39,542.18
2022-04-01 09:45:44,542.11
2022-04-01 09:45:49,542.11
2022-04-01 09:45:54,542.05
2022-04-01 09:45:59,542.02
2022-04-01 09:46:04,541.95
2022-04-01 09:46:09,541.89
2022-04-01 09:46:14,541.89
2022-04-01 09:46:19,541.83
2022-04-01 09:46:24,541.83
2022-04-01 09:46:29,541.76
2022-04-01 09:46:34,541.73
2022-04-01 09:46:39,541.67
2022-04-01 09:46:44,541.61
2022-04-01 09:46:49,541.67
2022-04-01 09:46:54,541.61
2022-04-01 09:46:59,541.54
2022-04-01 09:47:04,541.51
2022-04-01 09:47:09,541.51
2022-04-01 09:47:14,541.51
2022-04-01 09:47:19,541.51
2022-04-01 09:47:24,541.45
2022-04-01 09:47:29,541.45
2022-04-01 09:47:34,541.45
2022-04-01 09:47:39,541.45
2022-04-01 09:47:44,541.39
2022-04-01 09:47:49,541.39
2022-04-01 09:47:54,541.33
2022-04-01 09:47:59,541.39
2022-04-01 09:48:04,541.33
2022-04-01 09:48:09,541.4
2022-04-01 09:48:14,541.33
2022-04-01 09:48:19,541.4
2022-04-01 09:48:24,541.33
2022-04-01 09:48:29,541.33
2022-04-01 09:48:34,541.33
2022-04-01 09:48:39,541.34
2022-04-01 09:48:44,541.4
2022-04-01 09:48:49,541.34
2022-04-01 09:48:54,541.34
2022-04-01 09:48:59,541.34
2022-04-01 09:49:04,541.34
2022-04-01 09:49:09,541.34
2022-04-01 09:49:14,541.34
2022-04-01 09:49:19,541.34
2022-04-01 09:49:24,541.35
2022-04-01 09:49:29,541.35
2022-04-01 09:49:34,541.35
2022-04-01 09:49:39,541.29
2022-04-01 09:49:44,541.35
2022-04-01 09:49:49,541.35
2022-04-01 09:49:54,541.29
2022-04-01 09:49:59,541.29
2022-04-01 09:50:04,541.3
2022-04-01 09:50:09,541.3
2022-04-01 09:50:14,541.3
2022-04-01 09:50:19,541.36
2022-04-01 09:50:24,541.3
2022-04-01 09:50:29,541.3
2022-04-01 09:50:34,541.3
2022-04-01 09:50:39,541.31
2022-04-01 09:50:44,541.27
2022-04-01 09:50:49,541.31
2022-04-01 09:50:54,541.31
2022-04-01 09:50:59,541.31
2022-04-01 09:51:04,541.38
2022-04-01 09:51:09,541.38
2022-04-01 09:51:14,541.38
2022-04-01 09:51:19,541.44
2022-04-01 09:51:24,541.45
2022-04-01 09:51:29,541.45
2022-04-01 09:51:34,541.45
2022-04-01 09:51:39,541.51
2022-04-01 09:51:44,541.51
2022-04-01 09:51:49,541.51
2022-04-01 09:51:54,541.51
2022-04-01 09:51:59,541.51
2022-04-01 09:52:04,541.58
2022-04-01 09:52:09,541.58
2022-04-01 09:52:14,541.52
2022-04-01 09:52:19,541.58
2022-04-01 09:52:24,541.58
2022-04-01 09:52:29,541.59
2022-04-01 09:52:34,541.62
2022-04-01 09:52:39,541.62
2022-04-01 09:52:44,541.62
2022-04-01 09:52:49,541.62
2022-04-01 09:52:54,541.62
2022-04-01 09:52:59,541.62
2022-04-01 09:53:04,541.62
2022-04-01 09:53:09,541.68
2022-04-01 09:53:14,541.68
2022-04-01 09:53:19,541.75
2022-04-01 09:53:24,541.75
2022-04-01 09:53:29,541.75
2022-04-01 09:53:34,541.75
2022-04-01 09:53:39,541.81
2022-04-01 09:53:44,541.81
2022-04-01 09:53:49,541.81
2022-04-01 09:53:54,541.81
2022-04-01 09:53:59,541.8
2022-04-01 09:54:04,541.8
2022-04-01 09:54:09,541.8
2022-04-01 09:54:14,541.8
2022-04-01 09:54:19,541.8
2022-04-01 09:54:24,541.74
2022-04-01 09:54:29,541.74
2022-04-01 09:54:34,541.8
2022-04-01 09:54:39,541.74
2022-04-01 09:54:44,541.8
2022-04-01 09:54:49,541.8
2022-04-01 09:54:54,541.74
2022-04-01 09:54:59,541.8
2022-04-01 09:55:04,541.74
2022-04-01 09:55:09,541.74
2022-04-01 09:55:14,541.67
2022-04-01 09:55:19,541.67
2022-04-01 09:55:24,541.6
2022-04-01 09:55:29,541.6
2022-04-01 09:55:34,541.67
2022-04-01 09:55:39,541.61
2022-04-01 09:55:44,541.57
2022-04-01 09:55:49,541.6
2022-04-01 09:55:54,541.51
2022-04-01 09:55:59,541.5
2022-04-01 09:56:04,541.5
2022-04-01 09:56:09,541.5
2022-04-01 09:56:14,541.5
2022-04-01 09:56:19,541.43
2022-04-01 09:56:24,541.49
2022-04-01 09:56:29,541.43
2022-04-01 09:56:34,541.36
2022-04-01 09:56:39,541.36
2022-04-01 09:56:44,541.36
2022-04-01 09:56:49,541.36
2022-04-01 09:56:54,541.26
2022-04-01 09:56:59,537.71
2022-04-01 09:57:04,541.2
2022-04-01 09:57:09,541.27
2022-04-01 09:57:14,541.14
2022-04-01 09:57:19,541.14
2022-04-01 09:57:24,541.07
2022-04-01 09:57:29,541.07
2022-04-01 09:57:34,541.04
2022-04-01 09:57:39,540.98
2022-04-01 09:57:44,540.97
2022-04-01 09:57:49,540.91
2022-04-01 09:57:54,540.91
2022-04-01 09:57:59,540.85
2022-04-01 09:58:04,540.85
2022-04-01 09:58:09,540.78
2022-04-01 09:58:14,540.78
2022-04-01 09:58:19,540.75
2022-04-01 09:58:24,540.75
2022-04-01 09:58:29,540.68
2022-04-01 09:58:34,540.68
2022-04-01 09:58:39,540.62
2022-04-01 09:58:44,540.62
2022-04-01 09:58:49,540.56
2022-04-01 09:58:54,540.55
2022-04-01 09:58:59,540.56
2022-04-01 09:59:04,540.52
2022-04-01 09:59:09,540.52
2022-04-01 09:59:14,540.46
2022-04-01 09:59:19,540.46
2022-04-01 09:59:24,540.46
2022-04-01 09:59:29,540.33
2022-04-01 09:59:34,540.33
2022-04-01 09:59:39,540.33
2022-04-01 09:59:44,540.27
2022-04-01 09:59:49,540.27
2022-04-01 09:59:54,540.23
2022-04-01 09:59:59,540.24
2022-04-01 10:00:04,540.17
2022-04-01 10:00:09,540.24
2022-04-01 10:00:14,540.17
2022-04-01 10:00:19,540.11
2022-04-01 10:00:24,540.11
2022-04-01 10:00:29,540.04
2022-04-01 10:00:34,540.05
2022-04-01 10:00:39,537.71
2022-04-01 10:00:44,540.01
2022-04-01 10:00:49,540.01
2022-04-01 10:00:54,540.02
2022-04-01 10:00:59,540.02
2022-04-01 10:01:04,539.95
2022-04-01 10:01:09,539.95
2022-04-01 10:01:14,539.95
2022-04-01 10:01:19,539.89
2022-04-01 10:01:24,539.89
2022-04-01 10:01:29,539.89
2022-04-01 10:01:34,539.83
2022-04-01 10:01:39,539.83
2022-04-01 10:01:44,539.9
2022-04-01 10:01:49,539.83
2022-04-01 10:01:54,539.77
2022-04-01 10:01:59,539.83
2022-04-01 10:02:04,539.77
2022-04-01 10:02:09,539.77
2022-04-01 10:02:14,539.74
2022-04-01 10:02:19,539.74
2022-04-01 10:02:24,539.68
2022-04-01 10:02:29,539.6
2022-04-01 10:02:34,539.6
2022-04-01 10:02:39,539.67
2022-04-01 10:02:44,539.6
2022-04-01 10:02:49,539.53
2022-04-01 10:02:54,539.6
2022-04-01 10:02:59,539.53
2022-04-01 10:03:04,539.53
2022-04-01 10:03:09,539.5
2022-04-01 10:03:14,539.43
2022-04-01 10:03:19,539.5
2022-04-01 10:03:24,539.43
2022-04-01 10:03:29,539.36
2022-04-01 10:03:34,539.37
2022-04-01 10:03:39,539.37
2022-04-01 10:03:44,539.37
2022-04-01 10:03:49,539.31
2022-04-01 10:03:54,539.37
2022-04-01 10:03:59,539.3
2022-04-01 10:04:04,539.3
2022-04-01 10:04:09,539.23
2022-04-01 10:04:14,539.23
2022-04-01 10:04:19,539.24
2022-04-01 10:04:24,539.21
2022-04-01 10:04:29,539.21
2022-04-01 10:04:34,539.2
2022-04-01 10:04:39,539.21
2022-04-01 10:04:44,539.14
2022-04-01 10:04:49,539.15
2022-04-01 10:04:54,539.08
2022-04-01 10:04:59,539.07
2022-04-01 10:05:04,539.06
2022-04-01 10:05:09,539.0
2022-04-01 10:05:14,539.0
2022-04-01 10:05:19,539.01
2022-04-01 10:05:24,538.98
2022-04-01 10:05:29,538.98
2022-04-01 10:05:34,538.98
2022-04-01 10:05:39,538.98
2022-04-01 10:05:44,538.97
2022-04-01 10:05:49,538.9
2022-04-01 10:05:54,538.91
2022-04-01 10:05:59,538.91
2022-04-01 10:06:04,538.9
2022-04-01 10:06:09,538.83
2022-04-01 10:06:14,538.88
2022-04-01 10:06:19,538.83
2022-04-01 10:06:24,538.76
2022-04-01 10:06:29,538.83
2022-04-01 10:06:34,538.76
2022-04-01 10:06:39,538.77
2022-04-01 10:06:44,538.76
2022-04-01 10:06:49,538.7
2022-04-01 10:06:54,538.67
2022-04-01 10:06:59,538.66
2022-04-01 10:07:04,538.6
2022-04-01 10:07:09,538.59
2022-04-01 10:07:14,538.53
2022-04-01 10:07:19,538.59
2022-04-01 10:07:24,538.46
2022-04-01 10:07:29,538.45
2022-04-01 10:07:34,538.42
2022-04-01 10:07:39,538.42
2022-04-01 10:07:44,538.35
2022-04-01 10:07:49,538.34
2022-04-01 10:07:54,538.4
2022-04-01 10:07:59,538.34
2022-04-01 10:08:04,538.34
2022-04-01 10:08:09,538.28
2022-04-01 10:08:14,538.28
2022-04-01 10:08:19,538.28
2022-04-01 10:08:24,538.28
2022-04-01 10:08:29,538.22
2022-04-01 10:08:34,538.22
2022-04-01 10:08:39,538.15
2022-04-01 10:08:44,538.12
2022-04-01 10:08:49,538.12
2022-04-01 10:08:54,538.12
2022-04-01 10:08:59,538.12
2022-04-01 10:09:04,538.05
2022-04-01 10:09:09,538.05
2022-04-01 10:09:14,537.98
2022-04-01 10:09:19,537.97
2022-04-01 10:09:24,537.91
2022-04-01 10:09:29,537.91
2022-04-01 10:09:34,537.71
2022-04-01 10:09:39,537.82
2022-04-01 10:09:44,537.88
2022-04-01 10:09:49,537.81
2022-04-01 10:09:54,537.82
2022-04-01 10:09:59,537.75
2022-04-01 10:10:04,537.69
2022-04-01 10:10:09,537.69
2022-04-01 10:10:14,537.62
2022-04-01 10:10:19,537.62
2022-04-01 10:10:24,537.62
2022-04-01 10:10:29,537.62
2022-04-01 10:10:34,537.62
2022-04-01 10:10:39,537.62
2022-04-01 10:10:44,537.62
2022-04-01 10:10:49,537.58
2022-04-01 10:10:54,537.58
2022-04-01 10:10:59,537.58
2022-04-01 10:11:04,537.58
2022-04-01 10:11:09,537.57
2022-04-01 10:11:14,537.57
2022-04-01 10:11:19,537.51
2022-04-01 10:11:24,537.57
2022-04-01 10:11:29,537.6
2022-04-01 10:11:34,537.56
2022-04-01 10:11:39,537.57
2022-04-01 10:11:44,537.57
2022-04-01 10:11:49,537.57
2022-04-01 10:11:54,537.6
2022-04-01 10:11:59,537.6
2022-04-01 10:12:04,537.6
2022-04-01 10:12:09,537.59
2022-04-01 10:12:14,537.65
2022-04-01 10:12:19,537.65
2022-04-01 10:12:24,537.72
2022-04-01 10:12:29,537.72
2022-04-01 10:12:34,537.78
2022-04-01 10:12:39,537.78
2022-04-01 10:12:44,537.85
2022-04-01 10:12:49,537.85
2022-04-01 10:12:54,537.94
2022-04-01 10:12:59,537.94
2022-04-01 10:13:04,537.94
2022-04-01 10:13:09,537.94
2022-04-01 10:13:14,538.0
2022-04-01 10:13:19,538.0
2022-04-01 10:13:24,538.0
2022-04-01 10:13:29,538.07
2022-04-01 10:13:34,538.07
2022-04-01 10:13:39,538.16
2022-04-01 10:13:44,538.16
2022-04-01 10:13:49,538.22
2022-04-01 10:13:54,538.28
2022-04-01 10:13:59,538.22
2022-04-01 10:14:04,538.29
2022-04-01 10:14:09,538.28
2022-04-01 10:14:14,538.38
2022-04-01 10:14:19,538.37
2022-04-01 10:14:24,538.43
2022-04-01 10:14:29,538.5
2022-04-01 10:14:34,538.55
2022-04-01 10:14:39,538.55
2022-04-01 10:14:44,538.55
2022-04-01 10:14:49,538.59
2022-04-01 10:14:54,538.65
2022-04-01 10:14:59,538.72
2022-04-01 10:15:04,538.78
2022-04-01 10:15:09,538.77
2022-04-01 10:15:14,538.84
2022-04-01 10:15:19,538.86
2022-04-01 10:15:24,538.85
2022-04-01 10:15:29,538.84
2022-04-01 10:15:34,538.9
2022-04-01 10:15:39,538.97
2022-04-01 10:15:44,538.98
2022-04-01 10:15:49,539.07
2022-04-01 10:15:54,539.04
2022-04-01 10:15:59,539.03
2022-04-01 10:16:04,539.17
2022-04-01 10:16:09,539.17
2022-04-01 10:16:14,539.17
2022-04-01 10:16:19,539.24
2022-04-01 10:16:24,539.24
2022-04-01 10:16:29,539.24
2022-04-01 10:16:34,539.31
2022-04-01 10:16:39,539.34
2022-04-01 10:16:44,539.32
2022-04-01 10:16:49,539.32
2022-04-01 10:16:54,539.35
2022-04-01 10:16:59,539.36
2022-04-01 10:17:04,539.41
2022-04-01 10:17:09,539.41
2022-04-01 10:17:14,539.47
2022-04-01 10:17:19,539.48
2022-04-01 10:17:24,539.47
2022-04-01 10:17:29,539.49
2022-04-01 10:17:34,539.55
2022-04-01 10:17:39,539.56
2022-04-01 10:17:44,539.56
2022-04-01 10:17:49,539.55
2022-04-01 10:17:54,539.62
2022-04-01 10:17:59,539.63
2022-04-01 10:18:04,539.61
2022-04-01 10:18:09,539.68
2022-04-01 10:18:14,539.61
2022-04-01 10:18:19,539.62
2022-04-01 10:18:24,539.6
2022-04-01 10:18:29,537.71
2022-04-01 10:18:34,539.67
2022-04-01 10:18:39,539.66
2022-04-01 10:18:44,539.66
2022-04-01 10:18:49,539.6
2022-04-01 10:18:54,539.66
2022-04-01 10:18:59,539.6
2022-04-01 10:19:04,539.6
2022-04-01 10:19:09,539.6
2022-04-01 10:19:14,539.6
2022-04-01 10:19:19,539.66
2022-04-01 10:19:24,539.52
2022-04-01 10:19:29,539.5
2022-04-01 10:19:34,539.51
2022-04-01 10:19:39,539.51
2022-04-01 10:19:44,539.44
2022-04-01 10:19:49,539.5
2022-04-01 10:19:54,539.44
2022-04-01 10:19:59,539.43
2022-04-01 10:20:04,539.43
2022-04-01 10:20:09,539.42
2022-04-01 10:20:14,539.38
2022-04-01 10:20:19,539.32
2022-04-01 10:20:24,539.39
2022-04-01 10:20:29,539.39
2022-04-01 10:20:34,539.39
2022-04-01 10:20:39,539.39
2022-04-01 10:20:44,539.39
2022-04-01 10:20:49,539.39
2022-04-01 10:20:54,539.38
2022-04-01 10:20:59,539.38
2022-04-01 10:21:04,539.31
2022-04-01 10:21:09,539.37
2022-04-01 10:21:14,539.4
2022-04-01 10:21:19,539.37
2022-04-01 10:21:24,539.37
2022-04-01 10:21:29,539.41
2022-04-01 10:21:34,539.4
2022-04-01 10:21:39,539.4
2022-04-01 10:21:44,539.36
2022-04-01 10:21:49,539.39
2022-04-01 10:21:54,539.36
2022-04-01 10:21:59,539.36
2022-04-01 10:22:04,539.36
2022-04-01 10:22:09,539.36
2022-04-01 10:22:14,539.36
2022-04-01 10:22:19,539.29
2022-04-01 10:22:24,539.29
2022-04-01 10:22:29,539.29
2022-04-01 10:22:34,539.29
2022-04-01 10:22:39,539.29
2022-04-01 10:22:44,539.29
2022-04-01 10:22:49,539.22
2022-04-01 10:22:54,539.22
2022-04-01 10:22:59,539.22
2022-04-01 10:23:04,539.12
2022-04-01 10:23:09,539.15
2022-04-01 10:23:14,539.12
2022-04-01 10:23:19,539.05
2022-04-01 10:23:24,539.05
2022-04-01 10:23:29,538.98
2022-04-01 10:23:34,538.98
2022-04-01 10:23:39,538.85
2022-04-01 10:23:44,538.82
2022-04-01 10:23:49,538.75
2022-04-01 10:23:54,538.75
2022-04-01 10:23:59,538.59
2022-04-01 10:24:04,538.59
2022-04-01 10:24:09,538.52
2022-04-01 10:24:14,538.45
2022-04-01 10:24:19,538.32
2022-04-01 10:24:24,538.29
2022-04-01 10:24:29,538.23
2022-04-01 10:24:34,538.16
2022-04-01 10:24:39,538.06
2022-04-01 10:24:44,537.99
2022-04-01 10:24:49,537.86
2022-04-01 10:24:54,537.76
2022-04-01 10:24:59,537.76
2022-04-01 10:25:04,537.64
2022-04-01 10:25:09,537.54
2022-04-01 10:25:14,537.47
2022-04-01 10:25:19,537.4
2022-04-01 10:25:24,537.26
2022-04-01 10:25:29,537.15
2022-04-01 10:25:34,537.1
2022-04-01 10:25:39,537.04
2022-04-01 10:25:44,536.94
2022-04-01 10:25:49,536.8
2022-04-01 10:25:54,536.73
2022-04-01 10:25:59,536.63
2022-04-01 10:26:04,536.57
2022-04-01 10:26:09,536.48
2022-04-01 10:26:14,536.41
2022-04-01 10:26:19,536.27
2022-04-01 10:26:24,536.2
2022-04-01 10:26:29,536.16
2022-04-01 10:26:34,536.03
2022-04-01 10:26:39,535.97
2022-04-01 10:26:44,535.93
2022-04-01 10:26:49,535.87
2022-04-01 10:26:54,535.74
2022-04-01 10:26:59,535.67
2022-04-01 10:27:04,535.63
2022-04-01 10:27:09,535.51
2022-04-01 10:27:14,535.43
2022-04-01 10:27:19,535.41
2022-04-01 10:27:24,535.35
2022-04-01 10:27:29,535.22
2022-04-01 10:27:34,535.21
2022-04-01 10:27:39,535.15
2022-04-01 10:27:44,535.11
2022-04-01 10:27:49,535.05
2022-04-01 10:27:54,534.98
2022-04-01 10:27:59,534.92
2022-04-01 10:28:04,534.88
2022-04-01 10:28:09,534.82
2022-04-01 10:28:14,534.75
2022-04-01 10:28:19,534.75
2022-04-01 10:28:24,534.68
2022-04-01 10:28:29,534.66
2022-04-01 10:28:34,534.59
2022-04-01 10:28:39,534.56
2022-04-01 10:28:44,534.59
2022-04-01 10:28:49,534.56
2022-04-01 10:28:54,534.5
2022-04-01 10:28:59,534.49
2022-04-01 10:29:04,534.47
2022-04-01 10:29:09,534.47
2022-04-01 10:29:14,534.48
2022-04-01 10:29:19,534.48
2022-04-01 10:29:24,534.48
2022-04-01 10:29:29,534.48
2022-04-01 10:29:34,534.48
2022-04-01 10:29:39,534.48
2022-04-01 10:29:44,534.54
2022-04-01 10:29:49,534.47
2022-04-01 10:29:54,534.47
2022-04-01 10:29:59,534.52
2022-04-01 10:30:04,534.52
2022-04-01 10:30:09,534.51
2022-04-01 10:30:14,534.51
2022-04-01 10:30:19,534.55
2022-04-01 10:30:24,534.55
2022-04-01 10:30:29,534.6
2022-04-01 10:30:34,534.58
2022-04-01 10:30:39,534.57
2022-04-01 10:30:44,534.69
2022-04-01 10:30:49,534.69
2022-04-01 10:30:54,534.69
2022-04-01 10:30:59,534.75
2022-04-01 10:31:04,534.75
2022-04-01 10:31:09,534.78
2022-04-01 10:31:14,534.85
2022-04-01 10:31:19,534.85
2022-04-01 10:31:24,534.91
2022-04-01 10:31:29,534.9
2022-04-01 10:31:34,534.97
2022-04-01 10:31:39,534.97
2022-04-01 10:31:44,535.0
2022-04-01 10:31:49,535.06
2022-04-01 10:31:54,535.0
2022-04-01 10:31:59,535.06
2022-04-01 10:32:04,535.06
2022-04-01 10:32:09,535.12
2022-04-01 10:32:14,535.12
2022-04-01 10:32:19,535.17
2022-04-01 10:32:24,535.16
2022-04-01 10:32:29,535.17
2022-04-01 10:32:34,535.23
2022-04-01 10:32:39,535.22
2022-04-01 10:32:44,535.23
2022-04-01 10:32:49,535.26
2022-04-01 10:32:54,535.26
2022-04-01 10:32:59,535.33
2022-04-01 10:33:04,535.32
2022-04-01 10:33:09,535.45
2022-04-01 10:33:14,535.45
2022-04-01 10:33:19,535.47
2022-04-01 10:33:24,535.47
2022-04-01 10:33:29,535.53
2022-04-01 10:33:34,535.53
2022-04-01 10:33:39,535.67
2022-04-01 10:33:44,535.66
2022-04-01 10:33:49,535.72
2022-04-01 10:33:54,535.72
2022-04-01 10:33:59,535.81
2022-04-01 10:34:04,535.87
2022-04-01 10:34:09,535.94
2022-04-01 10:34:14,535.97
2022-04-01 10:34:19,536.03
2022-04-01 10:34:24,536.09
2022-04-01 10:34:29,536.15
2022-04-01 10:34:34,536.25
2022-04-01 10:34:39,536.25
2022-04-01 10:34:44,536.37
2022-04-01 10:34:49,536.44
2022-04-01 10:34:54,536.47
2022-04-01 10:34:59,536.59
2022-04-01 10:35:04,536.65
2022-04-01 10:35:09,536.71
2022-04-01 10:35:14,536.8
2022-04-01 10:35:19,536.87
2022-04-01 10:35:24,536.93
2022-04-01 10:35:29,537.03
2022-04-01 10:35:34,537.09
2022-04-01 10:35:39,537.16
2022-04-01 10:35:44,537.25
2022-04-01 10:35:49,537.32
2022-04-01 10:35:54,537.38
2022-04-01 10:35:59,537.45
2022-04-01 10:36:04,537.48
2022-04-01 10:36:09,537.54
2022-04-01 10:36:14,537.6
2022-04-01 10:36:19,537.66
2022-04-01 10:36:24,537.73
2022-04-01 10:36:29,537.76
2022-04-01 10:36:34,537.82
2022-04-01 10:36:39,537.88
2022-04-01 10:36:44,537.94
2022-04-01 10:36:49,537.98
2022-04-01 10:36:54,538.04
2022-04-01 10:36:59,538.11
2022-04-01 10:37:04,538.16
2022-04-01 10:37:09,538.22
2022-04-01 10:37:14,538.26
2022-04-01 10:37:19,538.38
2022-04-01 10:37:24,538.37
2022-04-01 10:37:29,538.38
2022-04-01 10:37:34,538.44
2022-04-01 10:37:39,538.53
2022-04-01 10:37:44,538.52
2022-04-01 10:37:49,538.58
2022-04-01 10:37:54,538.64
2022-04-01 10:37:59,538.7
2022-04-01 10:38:04,538.71
2022-04-01 10:38:09,538.73
2022-04-01 10:38:14,538.79
2022-04-01 10:38:19,538.86
2022-04-01 10:38:24,538.92
2022-04-01 10:38:29,538.95
2022-04-01 10:38:34,539.01
2022-04-01 10:38:39,539.01
2022-04-01 10:38:44,539.14
2022-04-01 10:38:49,539.14
2022-04-01 10:38:54,539.2
2022-04-01 10:38:59,539.24
2022-04-01 10:39:04,539.23
2022-04-01 10:39:09,539.3
2022-04-01 10:39:14,539.35
2022-04-01 10:39:19,539.41
2022-04-01 10:39:24,539.42
2022-04-01 10:39:29,539.42
2022-04-01 10:39:34,539.48
2022-04-01 10:39:39,539.54
2022-04-01 10:39:44,539.6
2022-04-01 10:39:49,539.59
2022-04-01 10:39:54,539.69
2022-04-01 10:39:59,539.69
2022-04-01 10:40:04,539.82
2022-04-01 10:40:09,539.82
2022-04-01 10:40:14,539.87
2022-04-01 10:40:19,539.9
2022-04-01 10:40:24,539.97
2022-04-01 10:40:29,540.04
2022-04-01 10:40:34,540.11
2022-04-01 10:40:39,540.17
2022-04-01 10:40:44,540.21
2022-04-01 10:40:49,540.27
2022-04-01 10:40:54,540.33
2022-04-01 10:40:59,540.39
2022-04-01 10:41:04,540.39
2022-04-01 10:41:09,540.47
2022-04-01 10:41:14,540.47
2022-04-01 10:41:19,540.52
2022-04-01 10:41:24,540.58
2022-04-01 10:41:29,540.57
2022-04-01 10:41:34,540.65
2022-04-01 10:41:39,540.66
2022-04-01 10:41:44,540.73
2022-04-01 10:41:49,540.78
2022-04-01 10:41:54,540.85
2022-04-01 10:41:59,540.89
2022-04-01 10:42:04,540.94
2022-04-01 10:42:09,541.01
2022-04-01 10:42:14,541.01
2022-04-01 10:42:19,541.14
2022-04-01 10:42:24,541.17
2022-04-01 10:42:29,541.24
2022-04-01 10:42:34,541.23
2022-04-01 10:42:39,541.29
2022-04-01 10:42:44,541.33
2022-04-01 10:42:49,541.37
2022-04-01 10:42:54,541.41
2022-04-01 10:42:59,541.47
2022-04-01 10:43:04,541.48
2022-04-01 10:43:09,541.61
2022-04-01 10:43:14,541.63
2022-04-01 10:43:19,541.7
2022-04-01 10:43:24,541.7
2022-04-01 10:43:29,541.77
2022-04-01 10:43:34,541.82
2022-04-01 10:43:39,541.85
2022-04-01 10:43:44,541.86
2022-04-01 10:43:49,541.91
2022-04-01 10:43:54,541.92
2022-04-01 10:43:59,541.98
2022-04-01 10:44:04,542.04
2022-04-01 10:44:09,542.04
2022-04-01 10:44:14,542.04
2022-04-01 10:44:19,542.1
2022-04-01 10:44:24,542.1
2022-04-01 10:44:29,542.1
2022-04-01 10:44:34,542.1
2022-04-01 10:44:39,542.09
2022-04-01 10:44:44,542.09
2022-04-01 10:44:49,542.08
2022-04-01 10:44:54,542.08
2022-04-01 10:44:59,542.12
2022-04-01 10:45:04,542.08
2022-04-01 10:45:09,542.07
2022-04-01 10:45:14,542.07
2022-04-01 10:45:19,542.07
2022-04-01 10:45:24,542.07
2022-04-01 10:45:29,542.07
2022-04-01 10:45:34,542.07
2022-04-01 10:45:39,541.99
2022-04-01 10:45:44,542.0
2022-04-01 10:45:49,541.92
2022-04-01 10:45:54,541.92
2022-04-01 10:45:59,541.92
2022-04-01 10:46:04,541.86
2022-04-01 10:46:09,541.8
2022-04-01 10:46:14,541.8
2022-04-01 10:46:19,541.76
2022-04-01 10:46:24,541.76
2022-04-01 10:46:29,541.69
2022-04-01 10:46:34,541.62
2022-04-01 10:46:39,541.62
2022-04-01 10:46:44,541.62
2022-04-01 10:46:49,541.56
2022-04-01 10:46:54,541.52
2022-04-01 10:46:59,541.46
2022-04-01 10:47:04,541.46
2022-04-01 10:47:09,541.46
2022-04-01 10:47:14,541.39
2022-04-01 10:47:19,541.33
2022-04-01 10:47:24,541.33
2022-04-01 10:47:29,541.23
2022-04-01 10:47:34,541.23
2022-04-01 10:47:39,541.16
2022-04-01 10:47:44,541.16
2022-04-01 10:47:49,541.09
2022-04-01 10:47:54,541.03
2022-04-01 10:47:59,540.99
2022-04-01 10:48:04,540.99
2022-04-01 10:48:09,540.93
2022-04-01 10:48:14,540.93
2022-04-01 10:48:19,540.86
2022-04-01 10:48:24,540.8
2022-04-01 10:48:29,540.8
2022-04-01 10:48:34,540.8
2022-04-01 10:48:39,540.7
2022-04-01 10:48:44,540.7
2022-04-01 10:48:49,540.64
2022-04-01 10:48:54,540.64
2022-04-01 10:48:59,540.57
2022-04-01 10:49:04,540.56
2022-04-01 10:49:09,540.5
2022-04-01 10:49:14,540.47
2022-04-01 10:49:19,540.46
2022-04-01 10:49:24,540.39
2022-04-01 10:49:29,540.39
2022-04-01 10:49:34,540.33
2022-04-01 10:49:39,540.27
2022-04-01 10:49:44,540.2
2022-04-01 10:49:49,540.2
2022-04-01 10:49:54,540.2
2022-04-01 10:49:59,540.1
2022-04-01 10:50:04,540.1
2022-04-01 10:50:09,540.04
2022-04-01 10:50:14,540.03
2022-04-01 10:50:19,539.92
2022-04-01 10:50:24,539.91
2022-04-01 10:50:29,539.91
2022-04-01 10:50:34,539.85
2022-04-01 10:50:39,539.85
2022-04-01 10:50:44,539.84
2022-04-01 10:50:49,539.71
2022-04-01 10:50:54,539.72
2022-04-01 10:50:59,539.65
2022-04-01 10:51:04,539.64
2022-04-01 10:51:09,539.61
2022-04-01 10:51:14,539.55
2022-04-01 10:51:19,539.54
2022-04-01 10:51:24,539.47
2022-04-01 10:51:29,539.47
2022-04-01 10:51:34,539.4
2022-04-01 10:51:39,539.36
2022-04-01 10:51:44,539.36
2022-04-01 10:51:49,539.29
2022-04-01 10:51:54,539.23
2022-04-01 10:51:59,539.22
2022-04-01 10:52:04,539.15
2022-04-01 10:52:09,539.2
2022-04-01 10:52:14,539.06
2022-04-01 10:52:19,539.12
2022-04-01 10:52:24,539.04
2022-04-01 10:52:29,539.03
2022-04-01 10:52:34,539.02
2022-04-01 10:52:39,538.99
2022-04-01 10:52:44,538.94
2022-04-01 10:52:49,538.94
2022-04-01 10:52:54,538.94
2022-04-01 10:52:59,538.82
2022-04-01 10:53:04,538.82
2022-04-01 10:53:09,538.81
2022-04-01 10:53:14,538.71
2022-04-01 10:53:19,538.72
2022-04-01 10:53:24,538.66
2022-04-01 10:53:29,538.64
2022-04-01 10:53:34,538.58
2022-04-01 10:53:39,538.51
2022-04-01 10:53:44,538.46
2022-04-01 10:53:49,538.46
2022-04-01 10:53:54,538.34
2022-04-01 10:53:59,538.28
2022-04-01 10:54:04,538.28
2022-04-01 10:54:09,538.25
2022-04-01 10:54:14,538.18
2022-04-01 10:54:19,538.11
2022-04-01 10:54:24,538.12
2022-04-01 10:54:29,538.04
2022-04-01 10:54:34,537.96
2022-04-01 10:54:39,537.94
2022-04-01 10:54:44,537.94
2022-04-01 10:54:49,537.87
2022-04-01 10:54:54,537.81
2022-04-01 10:54:59,537.74
2022-04-01 10:55:04,537.73
2022-04-01 10:55:09,537.7
2022-04-01 10:55:14,537.56
2022-04-01 10:55:19,537.5
2022-04-01 10:55:24,537.44
2022-04-01 10:55:29,537.44
2022-04-01 10:55:34,537.4
2022-04-01 10:55:39,537.33
2022-04-01 10:55:44,537.27
2022-04-01 10:55:49,537.19
2022-04-01 10:55:54,537.19
2022-04-01 10:55:59,537.15
2022-04-01 10:56:04,537.08
2022-04-01 10:56:09,537.02
2022-04-01 10:56:14,537.02
2022-04-01 10:56:19,536.96
2022-04-01 10:56:24,536.9
2022-04-01 10:56:29,536.86
2022-04-01 10:56:34,536.86
2022-04-01 10:56:39,536.79
2022-04-01 10:56:44,536.73
2022-04-01 10:56:49,536.73
2022-04-01 10:56:54,536.62
2022-04-01 10:56:59,536.61
2022-04-01 10:57:04,536.55
2022-04-01 10:57:09,536.48
2022-04-01 10:57:14,536.42
2022-04-01 10:57:19,536.4
2022-04-01 10:57:24,536.31
2022-04-01 10:57:29,536.31
2022-04-01 10:57:34,536.31
2022-04-01 10:57:39,536.25
2022-04-01 10:57:44,536.17
2022-04-01 10:57:49,536.16
2022-04-01 10:57:54,536.11
2022-04-01 10:57:59,536.08
2022-04-01 10:58:04,536.07
2022-04-01 10:58:09,536.01
2022-04-01 10:58:14,536.01
2022-04-01 10:58:19,535.95
2022-04-01 10:58:24,535.95
2022-04-01 10:58:29,535.88
2022-04-01 10:58:34,535.88
2022-04-01 10:58:39,535.81
2022-04-01 10:58:44,535.81
2022-04-01 10:58:49,535.77
2022-04-01 10:58:54,535.77
2022-04-01 10:58:59,535.71
2022-04-01 10:59:04,535.64
2022-04-01 10:59:09,535.64
2022-04-01 10:59:14,535.58
2022-04-01 10:59:19,535.55
2022-04-01 10:59:24,535.48
2022-04-01 10:59:29,535.48
2022-04-01 10:59:34,535.48
2022-04-01 10:59:39,535.41
2022-04-01 10:59:44,535.34
2022-04-01 10:59:49,535.34
2022-04-01 10:59:54,535.28
2022-04-01 10:59:59,535.28
2022-04-01 11:00:04,535.24
2022-04-01 11:00:09,535.24
2022-04-01 11:00:14,535.18
2022-04-01 11:00:19,535.18
2022-04-01 11:00:24,535.11
2022-04-01 11:00:29,535.1
2022-04-01 11:00:34,535.17
2022-04-01 11:00:39,535.11
2022-04-01 11:00:44,535.11
2022-04-01 11:00:49,535.11
2022-04-01 11:00:54,535.01
2022-04-01 11:00:59,535.04
2022-04-01 11:01:04,535.01
2022-04-01 11:01:09,535.01
2022-04-01 11:01:14,535.01
2022-04-01 11:01:19,535.01
2022-04-01 11:01:24,534.94
2022-04-01 11:01:29,534.95
2022-04-01 11:01:34,534.94
2022-04-01 11:01:39,534.94
2022-04-01 11:01:44,534.94
2022-04-01 11:01:49,534.94
2022-04-01 11:01:54,534.94
2022-04-01 11:01:59,534.94
2022-04-01 11:02:04,534.93
2022-04-01 11:02:09,534.93
2022-04-01 11:02:14,534.94
2022-04-01 11:02:19,534.94
2022-04-01 11:02:24,534.87
2022-04-01 11:02:29,534.87
2022-04-01 11:02:34,534.87
2022-04-01 11:02:39,534.87
2022-04-01 11:02:44,534.87
2022-04-01 11:02:49,534.87
2022-04-01 11:02:54,534.87
2022-04-01 11:02:59,534.87
2022-04-01 11:03:04,534.87
2022-04-01 11:03:09,534.8
2022-04-01 11:03:14,534.87
2022-04-01 11:03:19,534.87
2022-04-01 11:03:24,534.8
2022-04-01 11:03:29,534.87
2022-04-01 11:03:34,534.87
2022-04-01 11:03:39,534.87
2022-04-01 11:03:44,534.93
2022-04-01 11:03:49,534.92
2022-04-01 11:03:54,534.92
2022-04-01 11:03:59,534.92
2022-04-01 11:04:04,534.98
2022-04-01 11:04:09,534.97
2022-04-01 11:04:14,535.01
2022-04-01 11:04:19,535.0
2022-04-01 11:04:24,535.07
2022-04-01 11:04:29,535.14
2022-04-01 11:04:34,535.14
2022-04-01 11:04:39,535.2
2022-04-01 11:04:44,535.23
2022-04-01 11:04:49,535.29
2022-04-01 11:04:54,535.29
2022-04-01 11:04:59,535.35
2022-04-01 11:05:04,535.42
2022-04-01 11:05:09,535.48
2022-04-01 11:05:14,535.51
2022-04-01 11:05:19,535.57
2022-04-01 11:05:24,535.63
2022-04-01 11:05:29,535.63
2022-04-01 11:05:34,535.72
2022-04-01 11:05:39,535.85
2022-04-01 11:05:44,535.91
2022-04-01 11:05:49,535.96
2022-04-01 11:05:54,536.05
2022-04-01 11:05:59,536.12
2022-04-01 11:06:04,536.18
2022-04-01 11:06:09,536.28
2022-04-01 11:06:14,536.41
2022-04-01 11:06:19,536.47
2022-04-01 11:06:24,536.49
2022-04-01 11:06:29,536.63
2022-04-01 11:06:34,536.72
2022-04-01 11:06:39,536.78
2022-04-01 11:06:44,536.9
2022-04-01 11:06:49,537.0
2022-04-01 11:06:54,537.06
2022-04-01 11:06:59,537.22
2022-04-01 11:07:04,537.28
2022-04-01 11:07:09,537.47
2022-04-01 11:07:14,537.57
2022-04-01 11:07:19,537.64
2022-04-01 11:07:24,537.8
2022-04-01 11:07:29,537.86
2022-04-01 11:07:34,538.02
2022-04-01 11:07:39,538.14
2022-04-01 11:07:44,538.23
2022-04-01 11:07:49,538.42
2022-04-01 11:07:54,538.48
2022-04-01 11:07:59,538.71
2022-04-01 11:08:04,538.73
2022-04-01 11:08:09,538.92
2022-04-01 11:08:14,539.09
2022-04-01 11:08:19,539.25
2022-04-01 11:08:24,539.38
2022-04-01 11:08:29,539.54
2022-04-01 11:08:34,539.73
2022-04-01 11:08:39,539.83
2022-04-01 11:08:44,540.02
2022-04-01 11:08:49,540.18
2022-04-01 11:08:54,540.34
2022-04-01 11:08:59,540.47
2022-04-01 11:09:04,540.55
2022-04-01 11:09:09,540.74
2022-04-01 11:09:14,540.9
2022-04-01 11:09:19,541.06
2022-04-01 11:09:24,541.12
2022-04-01 11:09:29,541.28
2022-04-01 11:09:34,541.47
2022-04-01 11:09:39,541.57
2022-04-01 11:09:44,541.76
2022-04-01 11:09:49,541.92
2022-04-01 11:09:54,542.05
2022-04-01 11:09:59,542.21
2022-04-01 11:10:04,542.37
2022-04-01 11:10:09,542.5
2022-04-01 11:10:14,542.66
2022-04-01 11:10:19,542.78
2022-04-01 11:10:24,542.94
2022-04-01 11:10:29,543.1
2022-04-01 11:10:34,543.23
2022-04-01 11:10:39,543.39
2022-04-01 11:10:44,543.52
2022-04-01 11:10:49,543.68
2022-04-01 11:10:54,543.81
2022-04-01 11:10:59,543.9
2022-04-01 11:11:04,544.03
2022-04-01 11:11:09,544.12
2022-04-01 11:11:14,544.34
2022-04-01 11:11:19,544.4
2022-04-01 11:11:24,544.6
2022-04-01 11:11:29,544.63
2022-04-01 11:11:34,544.76
2022-04-01 11:11:39,544.91
2022-04-01 11:11:44,537.71
2022-04-01 11:11:49,545.14
2022-04-01 11:11:54,545.21
2022-04-01 11:11:59,545.27
2022-04-01 11:12:04,545.43
2022-04-01 11:12:09,545.49
2022-04-01 11:12:14,545.62
2022-04-01 11:12:19,545.65
2022-04-01 11:12:24,545.71
2022-04-01 11:12:29,545.78
2022-04-01 11:12:34,545.87
2022-04-01 11:12:39,545.94
2022-04-01 11:12:44,546.0
2022-04-01 11:12:49,545.99
2022-04-01 11:12:54,546.06
2022-04-01 11:12:59,545.99
2022-04-01 11:13:04,546.06
2022-04-01 11:13:09,546.06
2022-04-01 11:13:14,537.71
2022-04-01 11:13:19,545.99
2022-04-01 11:13:24,545.99
2022-04-01 11:13:29,545.93
2022-04-01 11:13:34,545.86
2022-04-01 11:13:39,545.83
2022-04-01 11:13:44,545.76
2022-04-01 11:13:49,545.7
2022-04-01 11:13:54,545.6
2022-04-01 11:13:59,545.47
2022-04-01 11:14:04,545.34
2022-04-01 11:14:09,545.25
2022-04-01 11:14:14,545.12
2022-04-01 11:14:19,545.02
2022-04-01 11:14:24,544.83
2022-04-01 11:14:29,544.73
2022-04-01 11:14:34,544.57
2022-04-01 11:14:39,544.38
2022-04-01 11:14:44,544.28
2022-04-01 11:14:49,544.05
2022-04-01 11:14:54,543.8
2022-04-01 11:14:59,543.57
2022-04-01 11:15:04,543.41
2022-04-01 11:15:09,543.18
2022-04-01 11:15:14,542.96
2022-04-01 11:15:19,542.77
2022-04-01 11:15:24,542.54
2022-04-01 11:15:29,542.25
2022-04-01 11:15:34,542.02
2022-04-01 11:15:39,541.8
2022-04-01 11:15:44,541.57
2022-04-01 11:15:49,541.28
2022-04-01 11:15:54,541.06
2022-04-01 11:15:59,540.83
2022-04-01 11:16:04,540.67
2022-04-01 11:16:09,540.45
2022-04-01 11:16:14,540.19
2022-04-01 11:16:19,539.96
2022-04-01 11:16:24,539.74
2022-04-01 11:16:29,539.51
2022-04-01 11:16:34,539.35
2022-04-01 11:16:39,539.16
2022-04-01 11:16:44,538.99
2022-04-01 11:16:49,538.77
2022-04-01 11:16:54,538.63
2022-04-01 11:16:59,538.47
2022-04-01 11:17:04,538.31
2022-04-01 11:17:09,538.12
2022-04-01 11:17:14,538.02
2022-04-01 11:17:19,537.85
2022-04-01 11:17:24,537.72
2022-04-01 11:17:29,537.65
2022-04-01 11:17:34,537.56
2022-04-01 11:17:39,537.43
2022-04-01 11:17:44,537.36
2022-04-01 11:17:49,537.32
2022-04-01 11:17:54,537.19
2022-04-01 11:17:59,537.13
2022-04-01 11:18:04,537.13
2022-04-01 11:18:09,537.07
2022-04-01 11:18:14,537.13
2022-04-01 11:18:19,537.07
2022-04-01 11:18:24,537.07
2022-04-01 11:18:29,537.06
2022-04-01 11:18:34,537.06
2022-04-01 11:18:39,537.06
2022-04-01 11:18:44,537.06
2022-04-01 11:18:49,537.1
2022-04-01 11:18:54,537.09
2022-04-01 11:18:59,537.17
2022-04-01 11:19:04,537.17
2022-04-01 11:19:09,537.23
2022-04-01 11:19:14,537.23
2022-04-01 11:19:19,537.33
2022-04-01 11:19:24,537.39
2022-04-01 11:19:29,537.37
2022-04-01 11:19:34,537.5
2022-04-01 11:19:39,537.5
2022-04-01 11:19:44,537.54
2022-04-01 11:19:49,537.67
2022-04-01 11:19:54,537.74
2022-04-01 11:19:59,537.74
2022-04-01 11:20:04,537.82
2022-04-01 11:20:09,537.89
2022-04-01 11:20:14,537.93
2022-04-01 11:20:19,538.0
2022-04-01 11:20:24,538.09
2022-04-01 11:20:29,538.09
2022-04-01 11:20:34,538.23
2022-04-01 11:20:39,538.23
2022-04-01 11:20:44,538.33
2022-04-01 11:20:49,538.39
2022-04-01 11:20:54,538.51
2022-04-01 11:20:59,538.54
2022-04-01 11:21:04,538.6
2022-04-01 11:21:09,538.67
2022-04-01 11:21:14,538.73
2022-04-01 11:21:19,538.78
2022-04-01 11:21:24,538.8
2022-04-01 11:21:29,538.87
2022-04-01 11:21:34,538.94
2022-04-01 11:21:39,539.0
2022-04-01 11:21:44,539.02
2022-04-01 11:21:49,539.09
2022-04-01 11:21:54,539.22
2022-04-01 11:21:59,539.22
2022-04-01 11:22:04,539.29
2022-04-01 11:22:09,539.28
2022-04-01 11:22:14,539.31
2022-04-01 11:22:19,539.38
2022-04-01 11:22:24,539.44
2022-04-01 11:22:29,539.5
2022-04-01 11:22:34,539.54
2022-04-01 11:22:39,539.54
2022-04-01 11:22:44,539.6
2022-04-01 11:22:49,539.6
2022-04-01 11:22:54,539.6
2022-04-01 11:22:59,539.66
2022-04-01 11:23:04,539.73
2022-04-01 11:23:09,539.72
2022-04-01 11:23:14,539.78
2022-04-01 11:23:19,539.78
2022-04-01 11:23:24,539.78
2022-04-01 11:23:29,539.78
2022-04-01 11:23:34,539.81
2022-04-01 11:23:39,539.81
2022-04-01 11:23:44,539.81
2022-04-01 11:23:49,539.81
2022-04-01 11:23:54,539.81
2022-04-01 11:23:59,539.8
2022-04-01 11:24:04,539.8
2022-04-01 11:24:09,539.79
2022-04-01 11:24:14,539.76
2022-04-01 11:24:19,539.76
2022-04-01 11:24:24,539.79
2022-04-01 11:24:29,539.76
2022-04-01 11:24:34,539.76
2022-04-01 11:24:39,539.76
2022-04-01 11:24:44,539.8
2022-04-01 11:24:49,539.76
2022-04-01 11:24:54,539.7
2022-04-01 11:24:59,539.7
2022-04-01 11:25:04,539.7
2022-04-01 11:25:09,539.7
2022-04-01 11:25:14,539.63
2022-04-01 11:25:19,539.63
2022-04-01 11:25:24,539.56
2022-04-01 11:25:29,539.56
2022-04-01 11:25:34,539.56
2022-04-01 11:25:39,539.5
2022-04-01 11:25:44,539.5
2022-04-01 11:25:49,539.47
2022-04-01 11:25:54,539.5
2022-04-01 11:25:59,539.5
2022-04-01 11:26:04,539.4
2022-04-01 11:26:09,539.4
2022-04-01 11:26:14,539.4
2022-04-01 11:26:19,539.4
2022-04-01 11:26:24,539.33
2022-04-01 11:26:29,539.33
2022-04-01 11:26:34,539.33
2022-04-01 11:26:39,539.33
2022-04-01 11:26:44,539.33
2022-04-01 11:26:49,539.39
2022-04-01 11:26:54,539.33
2022-04-01 11:26:59,539.33
2022-04-01 11:27:04,539.32
2022-04-01 11:27:09,539.33
2022-04-01 11:27:14,539.33
2022-04-01 11:27:19,539.39
2022-04-01 11:27:24,539.39
2022-04-01 11:27:29,539.39
2022-04-01 11:27:34,539.46
2022-04-01 11:27:39,539.46
2022-04-01 11:27:44,539.49
2022-04-01 11:27:49,539.49
2022-04-01 11:27:54,539.49
2022-04-01 11:27:59,539.62
2022-04-01 11:28:04,539.62
2022-04-01 11:28:09,539.68
2022-04-01 11:28:14,539.75
2022-04-01 11:28:19,539.78
2022-04-01 11:28:24,539.84
2022-04-01 11:28:29,539.84
2022-04-01 11:28:34,539.91
2022-04-01 11:28:39,539.98
2022-04-01 11:28:44,539.98
2022-04-01 11:28:49,540.07
2022-04-01 11:28:54,540.07
2022-04-01 11:28:59,540.14
2022-04-01 11:29:04,540.2
2022-04-01 11:29:09,540.26
2022-04-01 11:29:14,540.27
2022-04-01 11:29:19,540.3
2022-04-01 11:29:24,540.3
2022-04-01 11:29:29,540.36
2022-04-01 11:29:34,540.42
2022-04-01 11:29:39,540.49
2022-04-01 11:29:44,540.52
2022-04-01 11:29:49,540.52
2022-04-01 11:29:54,540.59
2022-04-01 11:29:59,540.65
2022-04-01 11:30:04,540.65
2022-04-01 11:30:09,540.71
2022-04-01 11:30:14,540.78
2022-04-01 11:30:19,540.81
2022-04-01 11:30:24,540.86
2022-04-01 11:30:29,540.87
2022-04-01 11:30:34,541.0
2022-04-01 11:30:39,541.0
2022-04-01 11:30:44,541.02
2022-04-01 11:30:49,541.09
2022-04-01 11:30:54,541.21
2022-04-01 11:30:59,541.28
2022-04-01 11:31:04,541.31
2022-04-01 11:31:09,541.37
2022-04-01 11:31:14,541.44
2022-04-01 11:31:19,541.53
2022-04-01 11:31:24,541.59
2022-04-01 11:31:29,541.66
2022-04-01 11:31:34,541.72
2022-04-01 11:31:39,537.71
2022-04-01 11:31:44,541.88
2022-04-01 11:31:49,541.93
2022-04-01 11:31:54,542.03
2022-04-01 11:31:59,542.1
2022-04-01 11:32:04,542.1
2022-04-01 11:32:09,542.22
2022-04-01 11:32:14,542.31
2022-04-01 11:32:19,542.38
2022-04-01 11:32:24,542.45
2022-04-01 11:32:29,542.53
2022-04-01 11:32:34,542.6
2022-04-01 11:32:39,542.67
2022-04-01 11:32:44,542.8
2022-04-01 11:32:49,542.83
2022-04-01 11:32:54,542.9
2022-04-01 11:32:59,542.95
2022-04-01 11:33:04,543.04
2022-04-01 11:33:09,543.04
2022-04-01 11:33:14,543.17
2022-04-01 11:33:19,543.24
2022-04-01 11:33:24,543.3
2022-04-01 11:33:29,543.3
2022-04-01 11:33:34,543.46
2022-04-01 11:33:39,543.46
2022-04-01 11:33:44,543.52
2022-04-01 11:33:49,543.52
2022-04-01 11:33:54,543.55
2022-04-01 11:33:59,543.55
2022-04-01 11:34:04,543.59
2022-04-01 11:34:09,543.6
2022-04-01 11:34:14,543.66
2022-04-01 11:34:19,543.66
2022-04-01 11:34:24,543.66
2022-04-01 11:34:29,543.66
2022-04-01 11:34:34,543.66
2022-04-01 11:34:39,543.66
2022-04-01 11:34:44,543.66
2022-04-01 11:34:49,543.6
2022-04-01 11:34:54,543.6
2022-04-01 11:34:59,543.64
2022-04-01 11:35:04,543.58
2022-04-01 11:35:09,543.58
2022-04-01 11:35:14,543.51
2022-04-01 11:35:19,543.51
2022-04-01 11:35:24,543.41
2022-04-01 11:35:29,543.41
2022-04-01 11:35:34,543.35
2022-04-01 11:35:39,543.28
2022-04-01 11:35:44,543.24
2022-04-01 11:35:49,543.18
2022-04-01 11:35:54,543.06
2022-04-01 11:35:59,542.99
2022-04-01 11:36:04,542.89
2022-04-01 11:36:09,542.82
2022-04-01 11:36:14,542.76
2022-04-01 11:36:19,542.66
2022-04-01 11:36:24,542.53
2022-04-01 11:36:29,542.46
2022-04-01 11:36:34,542.3
2022-04-01 11:36:39,542.24
2022-04-01 11:36:44,542.07
2022-04-01 11:36:49,541.94
2022-04-01 11:36:54,541.85
2022-04-01 11:36:59,541.72
2022-04-01 11:37:04,541.62
2022-04-01 11:37:09,541.43
2022-04-01 11:37:14,541.27
2022-04-01 11:37:19,541.17
2022-04-01 11:37:24,541.04
2022-04-01 11:37:29,540.88
2022-04-01 11:37:34,540.75
2022-04-01 11:37:39,540.59
2022-04-01 11:37:44,540.39
2022-04-01 11:37:49,540.23
2022-04-01 11:37:54,540.13
2022-04-01 11:37:59,539.94
2022-04-01 11:38:04,539.72
2022-04-01 11:38:09,539.62
2022-04-01 11:38:14,539.36
2022-04-01 11:38:19,539.2
2022-04-01 11:38:24,538.97
2022-04-01 11:38:29,538.75
2022-04-01 11:38:34,538.59
2022-04-01 11:38:39,538.33
2022-04-01 11:38:44,538.1
2022-04-01 11:38:49,537.88
2022-04-01 11:38:54,537.65
2022-04-01 11:38:59,537.42
2022-04-01 11:39:04,537.13
2022-04-01 11:39:09,536.97
2022-04-01 11:39:14,536.74
2022-04-01 11:39:19,536.55
2022-04-01 11:39:24,536.26
2022-04-01 11:39:29,536.03
2022-04-01 11:39:34,535.81
2022-04-01 11:39:39,535.65
2022-04-01 11:39:44,535.42
2022-04-01 11:39:49,535.2
2022-04-01 11:39:54,535.0
2022-04-01 11:39:59,534.84
2022-04-01 11:40:04,534.62
2022-04-01 11:40:09,534.39
2022-04-01 11:40:14,534.2
2022-04-01 11:40:19,533.97
2022-04-01 11:40:24,533.81
2022-04-01 11:40:29,533.58
2022-04-01 11:40:34,533.43
2022-04-01 11:40:39,533.3
2022-04-01 11:40:44,533.07
2022-04-01 11:40:49,532.94
2022-04-01 11:40:54,532.78
2022-04-01 11:40:59,532.66
2022-04-01 11:41:04,532.56
2022-04-01 11:41:09,532.34
2022-04-01 11:41:14,532.27
2022-04-01 11:41:19,532.14
2022-04-01 11:41:24,531.98
2022-04-01 11:41:29,531.92
2022-04-01 11:41:34,531.76
2022-04-01 11:41:39,531.63
2022-04-01 11:41:44,531.6
2022-04-01 11:41:49,531.47
2022-04-01 11:41:54,531.37
2022-04-01 11:41:59,531.31
2022-04-01 11:42:04,531.18
2022-04-01 11:42:09,531.12
2022-04-01 11:42:14,531.09
2022-04-01 11:42:19,531.02
2022-04-01 11:42:24,530.89
2022-04-01 11:42:29,530.86
2022-04-01 11:42:34,530.73
2022-04-01 11:42:39,530.73
2022-04-01 11:42:44,530.67
2022-04-01 11:42:49,530.6
2022-04-01 11:42:54,530.57
2022-04-01 11:42:59,530.44
2022-04-01 11:43:04,530.44
2022-04-01 11:43:09,530.38
2022-04-01 11:43:14,530.38
2022-04-01 11:43:19,530.28
2022-04-01 11:43:24,530.34
2022-04-01 11:43:29,530.27
2022-04-01 11:43:34,530.27
2022-04-01 11:43:39,530.21
2022-04-01 11:43:44,530.14
2022-04-01 11:43:49,530.14
2022-04-01 11:43:54,530.14
2022-04-01 11:43:59,530.14
2022-04-01 11:44:04,530.14
2022-04-01 11:44:09,530.08
2022-04-01 11:44:14,530.14
2022-04-01 11:44:19,530.08
2022-04-01 11:44:24,530.14
2022-04-01 11:44:29,530.14
2022-04-01 11:44:34,530.13
2022-04-01 11:44:39,530.14
2022-04-01 11:44:44,530.14
2022-04-01 11:44:49,530.14
2022-04-01 11:44:54,530.2
2022-04-01 11:44:59,530.26
2022-04-01 11:45:04,530.26
2022-04-01 11:45:09,530.26
2022-04-01 11:45:14,530.33
2022-04-01 11:45:19,530.33
2022-04-01 11:45:24,530.35
2022-04-01 11:45:29,530.35
2022-04-01 11:45:34,530.42
2022-04-01 11:45:39,530.47
2022-04-01 11:45:44,530.47
2022-04-01 11:45:49,530.54
2022-04-01 11:45:54,530.57
2022-04-01 11:45:59,530.63
2022-04-01 11:46:04,530.63
2022-04-01 11:46:09,530.7
2022-04-01 11:46:14,530.76
2022-04-01 11:46:19,530.82
2022-04-01 11:46:24,530.85
2022-04-01 11:46:29,530.98
2022-04-01 11:46:34,530.98
2022-04-01 11:46:39,531.05
2022-04-01 11:46:44,531.08
2022-04-01 11:46:49,531.13
2022-04-01 11:46:54,531.19
2022-04-01 11:46:59,531.32
2022-04-01 11:47:04,531.36
2022-04-01 11:47:09,531.42
2022-04-01 11:47:14,531.54
2022-04-01 11:47:19,531.54
2022-04-01 11:47:24,531.63
2022-04-01 11:47:29,531.69
2022-04-01 11:47:34,531.75
2022-04-01 11:47:39,531.81
2022-04-01 11:47:44,531.8
2022-04-01 11:47:49,531.9
2022-04-01 11:47:54,531.97
2022-04-01 11:47:59,532.03
2022-04-01 11:48:04,532.06
2022-04-01 11:48:09,532.13
2022-04-01 11:48:14,532.26
2022-04-01 11:48:19,532.31
2022-04-01 11:48:24,532.35
2022-04-01 11:48:29,532.48
2022-04-01 11:48:34,532.47
2022-04-01 11:48:39,532.56
2022-04-01 11:48:44,532.63
2022-04-01 11:48:49,532.69
2022-04-01 11:48:54,532.75
2022-04-01 11:48:59,532.82
2022-04-01 11:49:04,532.92
2022-04-01 11:49:09,532.98
2022-04-01 11:49:14,533.08
2022-04-01 11:49:19,533.07
2022-04-01 11:49:24,533.2
2022-04-01 11:49:29,533.27
2022-04-01 11:49:34,533.33
2022-04-01 11:49:39,533.43
2022-04-01 11:49:44,533.56
2022-04-01 11:49:49,533.55
2022-04-01 11:49:54,533.59
2022-04-01 11:49:59,533.72
2022-04-01 11:50:04,533.85
2022-04-01 11:50:09,533.85
2022-04-01 11:50:14,533.88
2022-04-01 11:50:19,534.01
2022-04-01 11:50:24,534.01
2022-04-01 11:50:29,534.1
2022-04-01 11:50:34,534.17
2022-04-01 11:50:39,534.3
2022-04-01 11:50:44,534.36
2022-04-01 11:50:49,534.45
2022-04-01 11:50:54,534.45
2022-04-01 11:50:59,534.58
2022-04-01 11:51:04,534.68
2022-04-01 11:51:09,534.74
2022-04-01 11:51:14,534.87
2022-04-01 11:51:19,534.97
2022-04-01 11:51:24,535.03
2022-04-01 11:51:29,535.13
2022-04-01 11:51:34,535.19
2022-04-01 11:51:39,535.32
2022-04-01 11:51:44,535.41
2022-04-01 11:51:49,535.54
2022-04-01 11:51:54,535.64
2022-04-01 11:51:59,535.64
2022-04-01 11:52:04,535.83
2022-04-01 11:52:09,535.9
2022-04-01 11:52:14,535.99
2022-04-01 11:52:19,536.12
2022-04-01 11:52:24,536.15
2022-04-01 11:52:29,536.28
2022-04-01 11:52:34,536.45
2022-04-01 11:52:39,536.51
2022-04-01 11:52:44,536.57
2022-04-01 11:52:49,536.67
2022-04-01 11:52:54,536.8
2022-04-01 11:52:59,536.86
2022-04-01 11:53:04,536.96
2022-04-01 11:53:09,537.09
2022-04-01 11:53:14,537.18
2022-04-01 11:53:19,537.25
2022-04-01 11:53:24,537.38
2022-04-01 11:53:29,537.44
2022-04-01 11:53:34,537.47
2022-04-01 11:53:39,537.6
2022-04-01 11:53:44,537.7
2022-04-01 11:53:49,537.83
2022-04-01 11:53:54,537.89
2022-04-01 11:53:59,537.96
2022-04-01 11:54:04,538.06
2022-04-01 11:54:09,538.18
2022-04-01 11:54:14,538.18
2022-04-01 11:54:19,538.35
2022-04-01 11:54:24,538.41
2022-04-01 11:54:29,538.51
2022-04-01 11:54:34,538.57
2022-04-01 11:54:39,538.64
2022-04-01 11:54:44,538.7
2022-04-01 11:54:49,538.73
2022-04-01 11:54:54,538.87
2022-04-01 11:54:59,538.93
2022-04-01 11:55:04,539.03
2022-04-01 11:55:09,539.09
2022-04-01 11:55:14,539.16
2022-04-01 11:55:19,539.22
2022-04-01 11:55:24,539.22
2022-04-01 11:55:29,539.25
2022-04-01 11:55:34,539.39
2022-04-01 11:55:39,539.38
2022-04-01 11:55:44,539.45
2022-04-01 11:55:49,539.52
2022-04-01 11:55:54,539.51
2022-04-01 11:55:59,539.55
2022-04-01 11:56:04,539.61
2022-04-01 11:56:09,539.62
2022-04-01 11:56:14,539.68
2022-04-01 11:56:19,539.61
2022-04-01 11:56:24,539.74
2022-04-01 11:56:29,539.74
2022-04-01 11:56:34,539.68
2022-04-01 11:56:39,539.75
2022-04-01 11:56:44,539.68
2022-04-01 11:56:49,539.67
2022-04-01 11:56:54,539.61
2022-04-01 11:56:59,539.68
2022-04-01 11:57:04,539.55
2022-04-01 11:57:09,539.52
2022-04-01 11:57:14,539.52
2022-04-01 11:57:19,539.45
2022-04-01 11:57:24,539.33
2022-04-01 11:57:29,539.26
2022-04-01 11:57:34,539.23
2022-04-01 11:57:39,539.1
2022-04-01 11:57:44,539.03
2022-04-01 11:57:49,538.93
2022-04-01 11:57:54,538.87
2022-04-01 11:57:59,538.81
2022-04-01 11:58:04,538.71
2022-04-01 11:58:09,538.58
2022-04-01 11:58:14,538.48
2022-04-01 11:58:19,538.36
2022-04-01 11:58:24,538.29
2022-04-01 11:58:29,538.23
2022-04-01 11:58:34,538.07
2022-04-01 11:58:39,538.01
2022-04-01 11:58:44,537.97
2022-04-01 11:58:49,537.84
2022-04-01 11:58:54,537.77
2022-04-01 11:58:59,537.67
2022-04-01 11:59:04,537.61
2022-04-01 11:59:09,537.48
2022-04-01 11:59:14,537.38
2022-04-01 11:59:19,537.31
2022-04-01 11:59:24,537.24
2022-04-01 11:59:29,537.17
2022-04-01 11:59:34,537.14
2022-04-01 11:59:39,537.08
2022-04-01 11:59:44,537.02
2022-04-01 11:59:49,536.93
2022-04-01 11:59:54,536.8
2022-04-01 11:59:59,536.8
2022-04-01 12:00:04,536.72
2022-04-01 12:00:09,536.63
2022-04-01 12:00:14,536.56
2022-04-01 12:00:19,536.5
2022-04-01 12:00:24,536.43
2022-04-01 12:00:29,536.34
2022-04-01 12:00:34,536.21
2022-04-01 12:00:39,536.2
2022-04-01 12:00:44,536.11
2022-04-01 12:00:49,536.04
2022-04-01 12:00:54,535.98
2022-04-01 12:00:59,535.87
2022-04-01 12:01:04,535.86
2022-04-01 12:01:09,535.8
2022-04-01 12:01:14,535.74
2022-04-01 12:01:19,535.68
2022-04-01 12:01:24,535.61
2022-04-01 12:01:29,535.61
2022-04-01 12:01:34,535.58
2022-04-01 12:01:39,535.51
2022-04-01 12:01:44,535.44
2022-04-01 12:01:49,535.38
2022-04-01 12:01:54,535.34
2022-04-01 12:01:59,535.28
2022-04-01 12:02:04,535.28
2022-04-01 12:02:09,535.21
2022-04-01 12:02:14,535.2
2022-04-01 12:02:19,535.14
2022-04-01 12:02:24,535.08
2022-04-01 12:02:29,535.08
2022-04-01 12:02:34,535.04
2022-04-01 12:02:39,534.98
2022-04-01 12:02:44,534.91
2022-04-01 12:02:49,534.84
2022-04-01 12:02:54,534.84
2022-04-01 12:02:59,534.85
2022-04-01 12:03:04,534.81
2022-04-01 12:03:09,534.75
2022-04-01 12:03:14,534.68
2022-04-01 12:03:19,534.75
2022-04-01 12:03:24,534.68
2022-04-01 12:03:29,534.75
2022-04-01 12:03:34,534.62
2022-04-01 12:03:39,534.68
2022-04-01 12:03:44,534.62
2022-04-01 12:03:49,534.62
2022-04-01 12:03:54,534.55
2022-04-01 12:03:59,534.62
2022-04-01 12:04:04,534.55
2022-04-01 12:04:09,534.55
2022-04-01 12:04:14,534.61
2022-04-01 12:04:19,534.61
2022-04-01 12:04:24,534.62
2022-04-01 12:04:29,534.61
2022-04-01 12:04:34,534.61
2022-04-01 12:04:39,534.61
2022-04-01 12:04:44,534.67
2022-04-01 12:04:49,534.61
2022-04-01 12:04:54,534.67
2022-04-01 12:04:59,534.74
2022-04-01 12:05:04,534.74
2022-04-01 12:05:09,534.74
2022-04-01 12:05:14,534.74
2022-04-01 12:05:19,534.83
2022-04-01 12:05:24,534.84
2022-04-01 12:05:29,534.84
2022-04-01 12:05:34,534.84
2022-04-01 12:05:39,534.9
2022-04-01 12:05:44,534.9
2022-04-01 12:05:49,534.96
2022-04-01 12:05:54,537.71
2022-04-01 12:05:59,535.06
2022-04-01 12:06:04,535.06
2022-04-01 12:06:09,535.06
2022-04-01 12:06:14,535.19
2022-04-01 12:06:19,535.19
2022-04-01 12:06:24,535.25
2022-04-01 12:06:29,535.25
2022-04-01 12:06:34,535.35
2022-04-01 12:06:39,535.35
2022-04-01 12:06:44,535.41
2022-04-01 12:06:49,535.41
2022-04-01 12:06:54,535.48
2022-04-01 12:06:59,535.54
2022-04-01 12:07:04,535.54
2022-04-01 12:07:09,535.58
2022-04-01 12:07:14,535.58
2022-04-01 12:07:19,535.64
2022-04-01 12:07:24,535.71
2022-04-01 12:07:29,535.7
2022-04-01 12:07:34,535.77
2022-04-01 12:07:39,535.77
2022-04-01 12:07:44,535.77
2022-04-01 12:07:49,535.87
2022-04-01 12:07:54,535.87
2022-04-01 12:07:59,535.87
2022-04-01 12:08:04,535.87
2022-04-01 12:08:09,535.87
2022-04-01 12:08:14,535.94
2022-04-01 12:08:19,535.94
2022-04-01 12:08:24,536.0
2022-04-01 12:08:29,536.07
2022-04-01 12:08:34,536.07
2022-04-01 12:08:39,536.07
2022-04-01 12:08:44,536.07
2022-04-01 12:08:49,536.07
2022-04-01 12:08:54,536.07
2022-04-01 12:08:59,536.07
2022-04-01 12:09:04,536.11
2022-04-01 12:09:09,536.11
2022-04-01 12:09:14,536.07
2022-04-01 12:09:19,536.07
2022-04-01 12:09:24,536.07
2022-04-01 12:09:29,536.11
2022-04-01 12:09:34,536.08
2022-04-01 12:09:39,536.11
2022-04-01 12:09:44,536.08
2022-04-01 12:09:49,536.01
2022-04-01 12:09:54,536.01
2022-04-01 12:09:59,536.02
2022-04-01 12:10:04,536.02
2022-04-01 12:10:09,535.95
2022-04-01 12:10:14,535.89
2022-04-01 12:10:19,535.89
2022-04-01 12:10:24,535.86
2022-04-01 12:10:29,535.85
2022-04-01 12:10:34,535.79
2022-04-01 12:10:39,535.73
2022-04-01 12:10:44,535.66
2022-04-01 12:10:49,535.6
2022-04-01 12:10:54,535.57
2022-04-01 12:10:59,535.6
2022-04-01 12:11:04,535.5
2022-04-01 12:11:09,535.5
2022-04-01 12:11:14,535.37
2022-04-01 12:11:19,535.37
2022-04-01 12:11:24,535.34
2022-04-01 12:11:29,535.28
2022-04-01 12:11:34,535.27
2022-04-01 12:11:39,535.14
2022-04-01 12:11:44,535.07
2022-04-01 12:11:49,535.07
2022-04-01 12:11:54,534.97
2022-04-01 12:11:59,534.97
2022-04-01 12:12:04,534.91
2022-04-01 12:12:09,534.85
2022-04-01 12:12:14,534.81
2022-04-01 12:12:19,534.75
2022-04-01 12:12:24,534.68
2022-04-01 12:12:29,534.61
2022-04-01 12:12:34,534.55
2022-04-01 12:12:39,534.55
2022-04-01 12:12:44,534.45
2022-04-01 12:12:49,534.45
2022-04-01 12:12:54,534.38
2022-04-01 12:12:59,534.31
2022-04-01 12:13:04,534.28
2022-04-01 12:13:09,534.21
2022-04-01 12:13:14,534.21
2022-04-01 12:13:19,534.21
2022-04-01 12:13:24,534.15
2022-04-01 12:13:29,534.07
2022-04-01 12:13:34,534.0
2022-04-01 12:13:39,533.97
2022-04-01 12:13:44,533.98
2022-04-01 12:13:49,533.9
2022-04-01 12:13:54,533.84
2022-04-01 12:13:59,533.78
2022-04-01 12:14:04,533.75
2022-04-01 12:14:09,533.75
2022-04-01 12:14:14,533.69
2022-04-01 12:14:19,533.63
2022-04-01 12:14:24,533.56
2022-04-01 12:14:29,533.56
2022-04-01 12:14:34,533.56
2022-04-01 12:14:39,533.48
2022-04-01 12:14:44,533.45
2022-04-01 12:14:49,533.45
2022-04-01 12:14:54,533.37
2022-04-01 12:14:59,533.38
2022-04-01 12:15:04,533.31
2022-04-01 12:15:09,533.31
2022-04-01 12:15:14,533.31
2022-04-01 12:15:19,533.24
2022-04-01 12:15:24,533.25
2022-04-01 12:15:29,533.21
2022-04-01 12:15:34,533.21
2022-04-01 12:15:39,533.21
2022-04-01 12:15:44,533.15
2022-04-01 12:15:49,533.21
2022-04-01 12:15:54,533.14
2022-04-01 12:15:59,533.14
2022-04-01 12:16:04,533.08
2022-04-01 12:16:09,533.08
2022-04-01 12:16:14,533.08
2022-04-01 12:16:19,533.14
2022-04-01 12:16:24,533.14
2022-04-01 12:16:29,533.14
2022-04-01 12:16:34,533.14
2022-04-01 12:16:39,533.14
2022-04-01 12:16:44,533.14
2022-04-01 12:16:49,533.21
2022-04-01 12:16:54,533.14
2022-04-01 12:16:59,533.2
2022-04-01 12:17:04,533.23
2022-04-01 12:17:09,533.2
2022-04-01 12:17:14,533.23
2022-04-01 12:17:19,533.23
2022-04-01 12:17:24,533.23
2022-04-01 12:17:29,533.3
2022-04-01 12:17:34,533.3
2022-04-01 12:17:39,533.42
2022-04-01 12:17:44,533.42
2022-04-01 12:17:49,533.42
2022-04-01 12:17:54,533.46
2022-04-01 12:17:59,533.52
2022-04-01 12:18:04,533.58
2022-04-01 12:18:09,533.59
2022-04-01 12:18:14,533.65
2022-04-01 12:18:19,533.65
2022-04-01 12:18:24,533.71
2022-04-01 12:18:29,533.71
2022-04-01 12:18:34,533.81
2022-04-01 12:18:39,533.81
2022-04-01 12:18:44,533.97
2022-04-01 12:18:49,533.97
2022-04-01 12:18:54,534.03
2022-04-01 12:18:59,534.09
2022-04-01 12:19:04,534.16
2022-04-01 12:19:09,534.23
2022-04-01 12:19:14,534.26
2022-04-01 12:19:19,534.32
2022-04-01 12:19:24,534.39
2022-04-01 12:19:29,534.48
2022-04-01 12:19:34,534.48
2022-04-01 12:19:39,534.55
2022-04-01 12:19:44,534.61
2022-04-01 12:19:49,534.68
2022-04-01 12:19:54,534.68
2022-04-01 12:19:59,534.74
2022-04-01 12:20:04,534.77
2022-04-01 12:20:09,534.84
2022-04-01 12:20:14,534.91
2022-04-01 12:20:19,534.91
2022-04-01 12:20:24,534.97
2022-04-01 12:20:29,535.01
2022-04-01 12:20:34,535.07
2022-04-01 12:20:39,535.07
2022-04-01 12:20:44,535.14
2022-04-01 12:20:49,535.2
2022-04-01 12:20:54,535.26
2022-04-01 12:20:59,535.29
2022-04-01 12:21:04,535.36
2022-04-01 12:21:09,535.42
2022-04-01 12:21:14,535.42
2022-04-01 12:21:19,535.49
2022-04-01 12:21:24,535.59
2022-04-01 12:21:29,535.65
2022-04-01 12:21:34,535.65
2022-04-01 12:21:39,535.72
2022-04-01 12:21:44,535.72
2022-04-01 12:21:49,535.78
2022-04-01 12:21:54,535.82
2022-04-01 12:21:59,535.82
2022-04-01 12:22:04,535.88
2022-04-01 12:22:09,535.95
2022-04-01 12:22:14,535.95
2022-04-01 12:22:19,536.01
2022-04-01 12:22:24,536.05
2022-04-01 12:22:29,536.05
2022-04-01 12:22:34,536.11
2022-04-01 12:22:39,536.12
2022-04-01 12:22:44,536.11
2022-04-01 12:22:49,536.18
2022-04-01 12:22:54,536.25
2022-04-01 12:22:59,536.25
2022-04-01 12:23:04,536.31
2022-04-01 12:23:09,536.31
2022-04-01 12:23:14,536.32
2022-04-01 12:23:19,536.32
2022-04-01 12:23:24,536.41
2022-04-01 12:23:29,536.41
2022-04-01 12:23:34,536.35
2022-04-01 12:23:39,536.41
2022-04-01 12:23:44,536.48
2022-04-01 12:23:49,536.48
2022-04-01 12:23:54,536.55
2022-04-01 12:23:59,536.54
2022-04-01 12:24:04,536.58
2022-04-01 12:24:09,536.58
2022-04-01 12:24:14,536.65
2022-04-01 12:24:19,536.64
2022-04-01 12:24:24,536.64
2022-04-01 12:24:29,536.71
2022-04-01 12:24:34,536.78
2022-04-01 12:24:39,536.78
2022-04-01 12:24:44,536.84
2022-04-01 12:24:49,536.78
2022-04-01 12:24:54,536.84
2022-04-01 12:24:59,536.84
2022-04-01 12:25:04,536.84
2022-04-01 12:25:09,536.84
2022-04-01 12:25:14,536.84
2022-04-01 12:25:19,536.87
2022-04-01 12:25:24,536.87
2022-04-01 12:25:29,536.87
2022-04-01 12:25:34,536.87
2022-04-01 12:25:39,536.87
2022-04-01 12:25:44,536.87
2022-04-01 12:25:49,536.93
2022-04-01 12:25:54,536.86
2022-04-01 12:25:59,536.93
2022-04-01 12:26:04,536.93
2022-04-01 12:26:09,536.93
2022-04-01 12:26:14,536.93
2022-04-01 12:26:19,536.93
2022-04-01 12:26:24,536.92
2022-04-01 12:26:29,536.91
2022-04-01 12:26:34,536.91
2022-04-01 12:26:39,536.92
2022-04-01 12:26:44,536.86
2022-04-01 12:26:49,536.92
2022-04-01 12:26:54,536.92
2022-04-01 12:26:59,536.99
2022-04-01 12:27:04,536.99
2022-04-01 12:27:09,536.92
2022-04-01 12:27:14,536.98
2022-04-01 12:27:19,536.98
2022-04-01 12:27:24,536.98
2022-04-01 12:27:29,537.04
2022-04-01 12:27:34,537.04
2022-04-01 12:27:39,537.04
2022-04-01 12:27:44,537.08
2022-04-01 12:27:49,537.07
2022-04-01 12:27:54,537.08
2022-04-01 12:27:59,537.08
2022-04-01 12:28:04,537.08
2022-04-01 12:28:09,537.14
2022-04-01 12:28:14,537.14
2022-04-01 12:28:19,537.14
2022-04-01 12:28:24,537.19
2022-04-01 12:28:29,537.19
2022-04-01 12:28:34,537.19
2022-04-01 12:28:39,537.26
2022-04-01 12:28:44,537.26
2022-04-01 12:28:49,537.26
2022-04-01 12:28:54,537.33
2022-04-01 12:28:59,537.26
2022-04-01 12:29:04,537.32
2022-04-01 12:29:09,537.35
2022-04-01 12:29:14,537.35
2022-04-01 12:29:19,537.35
2022-04-01 12:29:24,537.35
2022-04-01 12:29:29,537.35
2022-04-01 12:29:34,537.35
2022-04-01 12:29:39,537.41
2022-04-01 12:29:44,537.41
2022-04-01 12:29:49,537.41
2022-04-01 12:29:54,537.34
2022-04-01 12:29:59,537.41
2022-04-01 12:30:04,537.41
2022-04-01 12:30:09,537.41
2022-04-01 12:30:14,537.4
2022-04-01 12:30:19,537.4
2022-04-01 12:30:24,537.34
2022-04-01 12:30:29,537.4
2022-04-01 12:30:34,537.4
2022-04-01 12:30:39,537.4
2022-04-01 12:30:44,537.4
2022-04-01 12:30:49,537.4
2022-04-01 12:30:54,537.46
2022-04-01 12:30:59,537.46
2022-04-01 12:31:04,537.46
2022-04-01 12:31:09,537.39
2022-04-01 12:31:14,537.46
2022-04-01 12:31:19,537.46
2022-04-01 12:31:24,537.39
2022-04-01 12:31:29,537.46
2022-04-01 12:31:34,537.46
2022-04-01 12:31:39,537.4
2022-04-01 12:31:44,537.39
2022-04-01 12:31:49,537.4
2022-04-01 12:31:54,537.4
2022-04-01 12:31:59,537.4
2022-04-01 12:32:04,537.4
2022-04-01 12:32:09,537.39
2022-04-01 12:32:14,537.4
2022-04-01 12:32:19,537.39
2022-04-01 12:32:24,537.33
2022-04-01 12:32:29,537.4
2022-04-01 12:32:34,537.4
2022-04-01 12:32:39,537.4
2022-04-01 12:32:44,537.4
2022-04-01 12:32:49,537.4
2022-04-01 12:32:54,537.46
2022-04-01 12:32:59,537.39
2022-04-01 12:33:04,537.46
2022-04-01 12:33:09,537.46
2022-04-01 12:33:14,537.46
2022-04-01 12:33:19,537.4
2022-04-01 12:33:24,537.4
2022-04-01 12:33:29,537.4
2022-04-01 12:33:34,537.46
2022-04-01 12:33:39,537.46
2022-04-01 12:33:44,537.46
2022-04-01 12:33:49,537.53
2022-04-01 12:33:54,537.46
2022-04-01 12:33:59,537.47
2022-04-01 12:34:04,537.53
2022-04-01 12:34:09,537.53
2022-04-01 12:34:14,537.47
2022-04-01 12:34:19,537.53
2022-04-01 12:34:24,537.56
2022-04-01 12:34:29,537.56
2022-04-01 12:34:34,537.56
2022-04-01 12:34:39,537.56
2022-04-01 12:34:44,537.63
2022-04-01 12:34:49,537.63
2022-04-01 12:34:54,537.63
2022-04-01 12:34:59,537.63
2022-04-01 12:35:04,537.7
2022-04-01 12:35:09,537.7
2022-04-01 12:35:14,537.7
2022-04-01 12:35:19,537.63
2022-04-01 12:35:24,537.63
2022-04-01 12:35:29,537.7
2022-04-01 12:35:34,537.76
2022-04-01 12:35:39,537.76
2022-04-01 12:35:44,537.7
2022-04-01 12:35:49,537.76
2022-04-01 12:35:54,537.7
2022-04-01 12:35:59,537.7
2022-04-01 12:36:04,537.77
2022-04-01 12:36:09,537.77
2022-04-01 12:36:14,537.77
2022-04-01 12:36:19,537.77
2022-04-01 12:36:24,537.77
2022-04-01 12:36:29,537.84
2022-04-01 12:36:34,537.77
2022-04-01 12:36:39,537.84
2022-04-01 12:36:44,537.87
2022-04-01 12:36:49,537.88
2022-04-01 12:36:54,537.88
2022-04-01 12:36:59,537.94
2022-04-01 12:37:04,538.0
2022-04-01 12:37:09,538.01
2022-04-01 12:37:14,538.01
2022-04-01 12:37:19,538.08
2022-04-01 12:37:24,538.07
2022-04-01 12:37:29,538.08
2022-04-01 12:37:34,538.1
2022-04-01 12:37:39,538.07
2022-04-01 12:37:44,538.08
2022-04-01 12:37:49,538.11
2022-04-01 12:37:54,538.11
2022-04-01 12:37:59,538.11
2022-04-01 12:38:04,538.11
2022-04-01 12:38:09,538.1
2022-04-01 12:38:14,538.1
2022-04-01 12:38:19,538.1
2022-04-01 12:38:24,538.07
2022-04-01 12:38:29,538.1
2022-04-01 12:38:34,538.07
2022-04-01 12:38:39,538.07
2022-04-01 12:38:44,538.1
2022-04-01 12:38:49,538.06
2022-04-01 12:38:54,538.06
2022-04-01 12:38:59,538.07
2022-04-01 12:39:04,538.07
2022-04-01 12:39:09,538.07
2022-04-01 12:39:14,538.07
2022-04-01 12:39:19,538.06
2022-04-01 12:39:24,538.0
2022-04-01 12:39:29,538.0
2022-04-01 12:39:34,538.0
2022-04-01 12:39:39,538.0
2022-04-01 12:39:44,538.0
2022-04-01 12:39:49,537.93
2022-04-01 12:39:54,537.93
2022-04-01 12:39:59,537.86
2022-04-01 12:40:04,537.87
2022-04-01 12:40:09,537.86
2022-04-01 12:40:14,537.83
2022-04-01 12:40:19,537.83
2022-04-01 12:40:24,537.82
2022-04-01 12:40:29,537.82
2022-04-01 12:40:34,537.82
2022-04-01 12:40:39,537.82
2022-04-01 12:40:44,537.76
2022-04-01 12:40:49,537.76
2022-04-01 12:40:54,537.7
2022-04-01 12:40:59,537.7
2022-04-01 12:41:04,537.69
2022-04-01 12:41:09,537.69
2022-04-01 12:41:14,537.69
2022-04-01 12:41:19,537.62
2022-04-01 12:41:24,537.55
2022-04-01 12:41:29,537.55
2022-04-01 12:41:34,537.52
2022-04-01 12:41:39,537.52
2022-04-01 12:41:44,537.52
2022-04-01 12:41:49,537.45
2022-04-01 12:41:54,537.39
2022-04-01 12:41:59,537.39
2022-04-01 12:42:04,537.38
2022-04-01 12:42:09,537.32
2022-04-01 12:42:14,537.32
2022-04-01 12:42:19,537.32
2022-04-01 12:42:24,537.29
2022-04-01 12:42:29,537.29
2022-04-01 12:42:34,537.28
2022-04-01 12:42:39,537.21
2022-04-01 12:42:44,537.2
2022-04-01 12:42:49,537.14
2022-04-01 12:42:54,537.14
2022-04-01 12:42:59,537.15
2022-04-01 12:43:04,537.08
2022-04-01 12:43:09,537.15
2022-04-01 12:43:14,537.15
2022-04-01 12:43:19,537.15
2022-04-01 12:43:24,537.15
2022-04-01 12:43:29,537.15
2022-04-01 12:43:34,537.08
2022-04-01 12:43:39,537.15
2022-04-01 12:43:44,537.21
2022-04-01 12:43:49,537.28
2022-04-01 12:43:54,537.21
2022-04-01 12:43:59,537.27
2022-04-01 12:44:04,537.27
2022-04-01 12:44:09,537.27
2022-04-01 12:44:14,537.3
2022-04-01 12:44:19,537.3
2022-04-01 12:44:24,537.36
2022-04-01 12:44:29,537.37
2022-04-01 12:44:34,537.43
2022-04-01 12:44:39,537.49
2022-04-01 12:44:44,537.5
2022-04-01 12:44:49,537.53
2022-04-01 12:44:54,537.53
2022-04-01 12:44:59,537.59
2022-04-01 12:45:04,537.59
2022-04-01 12:45:09,537.72
2022-04-01 12:45:14,537.72
2022-04-01 12:45:19,537.72
2022-04-01 12:45:24,537.78
2022-04-01 12:45:29,537.82
2022-04-01 12:45:34,537.71
2022-04-01 12:45:39,537.88
2022-04-01 12:45:44,537.88
2022-04-01 12:45:49,537.94
2022-04-01 12:45:54,537.95
2022-04-01 12:45:59,537.94
2022-04-01 12:46:04,538.04
2022-04-01 12:46:09,538.04
2022-04-01 12:46:14,538.1
2022-04-01 12:46:19,538.17
2022-04-01 12:46:24,538.17
2022-04-01 12:46:29,538.24
2022-04-01 12:46:34,538.24
2022-04-01 12:46:39,538.24
2022-04-01 12:46:44,538.33
2022-04-01 12:46:49,538.33
2022-04-01 12:46:54,538.33
2022-04-01 12:46:59,538.4
2022-04-01 12:47:04,538.46
2022-04-01 12:47:09,538.39
2022-04-01 12:47:14,538.46
2022-04-01 12:47:19,538.46
2022-04-01 12:47:24,538.46
2022-04-01 12:47:29,538.46
2022-04-01 12:47:34,538.53
2022-04-01 12:47:39,538.46
2022-04-01 12:47:44,538.53
2022-04-01 12:47:49,538.53
2022-04-01 12:47:54,538.46
2022-04-01 12:47:59,538.46
2022-04-01 12:48:04,538.46
2022-04-01 12:48:09,538.46
2022-04-01 12:48:14,538.4
2022-04-01 12:48:19,538.4
2022-04-01 12:48:24,538.47
2022-04-01 12:48:29,538.4
2022-04-01 12:48:34,538.4
2022-04-01 12:48:39,538.34
2022-04-01 12:48:44,538.4
2022-04-01 12:48:49,538.34
2022-04-01 12:48:54,538.34
2022-04-01 12:48:59,538.31
2022-04-01 12:49:04,538.31
2022-04-01 12:49:09,538.25
2022-04-01 12:49:14,538.25
2022-04-01 12:49:19,538.25
2022-04-01 12:49:24,538.25
2022-04-01 12:49:29,538.25
2022-04-01 12:49:34,538.19
2022-04-01 12:49:39,538.13
2022-04-01 12:49:44,538.13
2022-04-01 12:49:49,538.13
2022-04-01 12:49:54,538.13
2022-04-01 12:49:59,538.13
2022-04-01 12:50:04,538.13
2022-04-01 12:50:09,538.07
2022-04-01 12:50:14,538.04
2022-04-01 12:50:19,538.07
2022-04-01 12:50:24,538.07
2022-04-01 12:50:29,538.04
2022-04-01 12:50:34,538.04
2022-04-01 12:50:39,537.98
2022-04-01 12:50:44,538.04
2022-04-01 12:50:49,537.98
2022-04-01 12:50:54,537.91
2022-04-01 12:50:59,537.92
2022-04-01 12:51:04,537.92
2022-04-01 12:51:09,537.85
2022-04-01 12:51:14,537.85
2022-04-01 12:51:19,537.91
2022-04-01 12:51:24,537.85
2022-04-01 12:51:29,537.85
2022-04-01 12:51:34,537.82
2022-04-01 12:51:39,537.76
2022-04-01 12:51:44,537.82
2022-04-01 12:51:49,537.76
2022-04-01 12:51:54,537.76
2022-04-01 12:51:59,537.76
2022-04-01 12:52:04,537.69
2022-04-01 12:52:09,537.69
2022-04-01 12:52:14,537.7
2022-04-01 12:52:19,537.7
2022-04-01 12:52:24,537.76
2022-04-01 12:52:29,537.7
2022-04-01 12:52:34,537.7
2022-04-01 12:52:39,537.69
2022-04-01 12:52:44,537.69
2022-04-01 12:52:49,537.57
2022-04-01 12:52:54,537.57
2022-04-01 12:52:59,537.63
2022-04-01 12:53:04,537.56
2022-04-01 12:53:09,537.56
2022-04-01 12:53:14,537.56
2022-04-01 12:53:19,537.56
2022-04-01 12:53:24,537.55
2022-04-01 12:53:29,537.52
2022-04-01 12:53:34,537.53
2022-04-01 12:53:39,537.52
2022-04-01 12:53:44,537.46
2022-04-01 12:53:49,537.39
2022-04-01 12:53:54,537.33
2022-04-01 12:53:59,537.33
2022-04-01 12:54:04,537.33
2022-04-01 12:54:09,537.32
2022-04-01 12:54:14,537.31
2022-04-01 12:54:19,537.22
2022-04-01 12:54:24,537.21
2022-04-01 12:54:29,537.15
2022-04-01 12:54:34,537.22
2022-04-01 12:54:39,537.09
2022-04-01 12:54:44,537.09
2022-04-01 12:54:49,537.1
2022-04-01 12:54:54,537.03
2022-04-01 12:54:59,537.03
2022-04-01 12:55:04,537.03
2022-04-01 12:55:09,537.03
2022-04-01 12:55:14,537.0
2022-04-01 12:55:19,536.99
2022-04-01 12:55:24,536.99
2022-04-01 12:55:29,536.92
2022-04-01 12:55:34,536.98
2022-04-01 12:55:39,536.92
2022-04-01 12:55:44,536.92
2022-04-01 12:55:49,536.92
2022-04-01 12:55:54,536.85
2022-04-01 12:55:59,536.85
2022-04-01 12:56:04,536.85
2022-04-01 12:56:09,536.85
2022-04-01 12:56:14,536.85
2022-04-01 12:56:19,536.77
2022-04-01 12:56:24,536.77
2022-04-01 12:56:29,536.78
2022-04-01 12:56:34,536.84
2022-04-01 12:56:39,536.78
2022-04-01 12:56:44,536.75
2022-04-01 12:56:49,536.78
2022-04-01 12:56:54,536.75
2022-04-01 12:56:59,536.78
2022-04-01 12:57:04,536.75
2022-04-01 12:57:09,536.74
2022-04-01 12:57:14,536.74
2022-04-01 12:57:19,536.78
2022-04-01 12:57:24,536.74
2022-04-01 12:57:29,536.74
2022-04-01 12:57:34,536.74
2022-04-01 12:57:39,536.68
2022-04-01 12:57:44,536.68
2022-04-01 12:57:49,536.68
2022-04-01 12:57:54,536.68
2022-04-01 12:57:59,536.68
2022-04-01 12:58:04,536.68
2022-04-01 12:58:09,536.61
2022-04-01 12:58:14,536.68
2022-04-01 12:58:19,536.61
2022-04-01 12:58:24,536.68
2022-04-01 12:58:29,536.61
2022-04-01 12:58:34,536.74
2022-04-01 12:58:39,536.68
2022-04-01 12:58:44,536.74
2022-04-01 12:58:49,536.74
2022-04-01 12:58:54,536.74
2022-04-01 12:58:59,536.74
2022-04-01 12:59:04,536.74
2022-04-01 12:59:09,536.77
2022-04-01 12:59:14,536.77
2022-04-01 12:59:19,536.77
2022-04-01 12:59:24,536.77
2022-04-01 12:59:29,536.77
2022-04-01 12:59:34,536.77
2022-04-01 12:59:39,536.77
2022-04-01 12:59:44,536.83
2022-04-01 12:59:49,536.77
2022-04-01 12:59:54,536.77
2022-04-01 12:59:59,536.83
2022-04-01 13:00:04,536.83
2022-04-01 13:00:09,536.77
2022-04-01 13:00:14,536.83
2022-04-01 13:00:19,536.77
2022-04-01 13:00:24,536.83
2022-04-01 13:00:29,536.84
2022-04-01 13:00:34,536.77
2022-04-01 13:00:39,536.74
2022-04-01 13:00:44,536.74
2022-04-01 13:00:49,536.68
2022-04-01 13:00:54,536.74
2022-04-01 13:00:59,536.68
2022-04-01 13:01:04,536.68
2022-04-01 13:01:09,536.61
2022-04-01 13:01:14,536.61
2022-04-01 13:01:19,536.55
2022-04-01 13:01:24,536.55
2022-04-01 13:01:29,536.55
2022-04-01 13:01:34,536.49
2022-04-01 13:01:39,536.48
2022-04-01 13:01:44,536.45
2022-04-01 13:01:49,536.45
2022-04-01 13:01:54,536.45
2022-04-01 13:01:59,536.39
2022-04-01 13:02:04,536.39
2022-04-01 13:02:09,536.39
2022-04-01 13:02:14,536.33
2022-04-01 13:02:19,536.33
2022-04-01 13:02:24,536.33
2022-04-01 13:02:29,536.33
2022-04-01 13:02:34,536.24
2022-04-01 13:02:39,536.27
2022-04-01 13:02:44,536.24
2022-04-01 13:02:49,536.24
2022-04-01 13:02:54,536.17
2022-04-01 13:02:59,536.17
2022-04-01 13:03:04,536.11
2022-04-01 13:03:09,536.04
2022-04-01 13:03:14,536.05
2022-04-01 13:03:19,536.05
2022-04-01 13:03:24,535.98
2022-04-01 13:03:29,535.98
2022-04-01 13:03:34,535.99
2022-04-01 13:03:39,535.96
2022-04-01 13:03:44,535.96
2022-04-01 13:03:49,535.96
2022-04-01 13:03:54,535.96
2022-04-01 13:03:59,535.96
2022-04-01 13:04:04,535.9
2022-04-01 13:04:09,535.84
2022-04-01 13:04:14,535.9
2022-04-01 13:04:19,535.9
2022-04-01 13:04:24,535.84
2022-04-01 13:04:29,535.84
2022-04-01 13:04:34,535.77
2022-04-01 13:04:39,535.74
2022-04-01 13:04:44,535.75
2022-04-01 13:04:49,535.74
2022-04-01 13:04:54,535.75
2022-04-01 13:04:59,535.68
2022-04-01 13:05:04,535.62
2022-04-01 13:05:09,535.62
2022-04-01 13:05:14,535.55
2022-04-01 13:05:19,535.55
2022-04-01 13:05:24,535.55
2022-04-01 13:05:29,535.49
2022-04-01 13:05:34,535.45
2022-04-01 13:05:39,535.45
2022-04-01 13:05:44,535.45
2022-04-01 13:05:49,535.45
2022-04-01 13:05:54,535.38
2022-04-01 13:05:59,535.38
2022-04-01 13:06:04,535.38
2022-04-01 13:06:09,535.32
2022-04-01 13:06:14,535.32
2022-04-01 13:06:19,535.32
2022-04-01 13:06:24,535.32
2022-04-01 13:06:29,535.32
2022-04-01 13:06:34,535.26
2022-04-01 13:06:39,535.22
2022-04-01 13:06:44,535.23
2022-04-01 13:06:49,535.22
2022-04-01 13:06:54,535.15
2022-04-01 13:06:59,535.21
2022-04-01 13:07:04,535.09
2022-04-01 13:07:09,535.09
2022-04-01 13:07:14,535.09
2022-04-01 13:07:19,535.03
2022-04-01 13:07:24,535.03
2022-04-01 13:07:29,535.03
2022-04-01 13:07:34,534.96
2022-04-01 13:07:39,534.96
2022-04-01 13:07:44,534.85
2022-04-01 13:07:49,534.86
2022-04-01 13:07:54,534.85
2022-04-01 13:07:59,534.78
2022-04-01 13:08:04,534.78
2022-04-01 13:08:09,534.79
2022-04-01 13:08:14,534.72
2022-04-01 13:08:19,534.69
2022-04-01 13:08:24,534.68
2022-04-01 13:08:29,534.61
2022-04-01 13:08:34,534.54
2022-04-01 13:08:39,534.48
2022-04-01 13:08:44,534.48
2022-04-01 13:08:49,534.41
2022-04-01 13:08:54,534.37
2022-04-01 13:08:59,534.37
2022-04-01 13:09:04,534.31
2022-04-01 13:09:09,534.24
2022-04-01 13:09:14,534.18
2022-04-01 13:09:19,534.18
2022-04-01 13:09:24,534.18
2022-04-01 13:09:29,534.15
2022-04-01 13:09:34,534.02
2022-04-01 13:09:39,534.02
2022-04-01 13:09:44,534.02
2022-04-01 13:09:49,533.95
2022-04-01 13:09:54,533.96
2022-04-01 13:09:59,533.86
2022-04-01 13:10:04,533.86
2022-04-01 13:10:09,533.86
2022-04-01 13:10:14,533.8
2022-04-01 13:10:19,533.86
2022-04-01 13:10:24,533.8
2022-04-01 13:10:29,533.8
2022-04-01 13:10:34,533.73
2022-04-01 13:10:39,533.73
2022-04-01 13:10:44,533.73
2022-04-01 13:10:49,533.73
2022-04-01 13:10:54,533.73
2022-04-01 13:10:59,533.73
2022-04-01 13:11:04,533.73
2022-04-01 13:11:09,533.79
2022-04-01 13:11:14,533.79
2022-04-01 13:11:19,533.79
2022-04-01 13:11:24,533.86
2022-04-01 13:11:29,533.86
2022-04-01 13:11:34,533.85
2022-04-01 13:11:39,533.89
2022-04-01 13:11:44,533.89
2022-04-01 13:11:49,533.95
2022-04-01 13:11:54,534.02
2022-04-01 13:11:59,534.01
2022-04-01 13:12:04,534.08
2022-04-01 13:12:09,534.08
2022-04-01 13:12:14,534.14
2022-04-01 13:12:19,534.18
2022-04-01 13:12:24,534.24
2022-04-01 13:12:29,534.3
2022-04-01 13:12:34,534.31
2022-04-01 13:12:39,534.37
2022-04-01 13:12:44,534.46
2022-04-01 13:12:49,534.46
2022-04-01 13:12:54,534.53
2022-04-01 13:12:59,534.59
2022-04-01 13:13:04,534.59
2022-04-01 13:13:09,534.66
2022-04-01 13:13:14,534.69
2022-04-01 13:13:19,534.82
2022-04-01 13:13:24,534.82
2022-04-01 13:13:29,534.88
2022-04-01 13:13:34,534.92
2022-04-01 13:13:39,534.98
2022-04-01 13:13:44,535.05
2022-04-01 13:13:49,535.11
2022-04-01 13:13:54,535.18
2022-04-01 13:13:59,535.27
2022-04-01 13:14:04,535.27
2022-04-01 13:14:09,535.4
2022-04-01 13:14:14,535.44
2022-04-01 13:14:19,535.57
2022-04-01 13:14:24,535.57
2022-04-01 13:14:29,535.63
2022-04-01 13:14:34,535.7
2022-04-01 13:14:39,535.73
2022-04-01 13:14:44,535.79
2022-04-01 13:14:49,535.86
2022-04-01 13:14:54,535.92
2022-04-01 13:14:59,536.02
2022-04-01 13:15:04,536.09
2022-04-01 13:15:09,536.22
2022-04-01 13:15:14,536.25
2022-04-01 13:15:19,536.38
2022-04-01 13:15:24,536.38
2022-04-01 13:15:29,536.44
2022-04-01 13:15:34,536.61
2022-04-01 13:15:39,536.74
2022-04-01 13:15:44,536.77
2022-04-01 13:15:49,536.83
2022-04-01 13:15:54,536.9
2022-04-01 13:15:59,537.06
2022-04-01 13:16:04,537.06
2022-04-01 13:16:09,537.12
2022-04-01 13:16:14,537.26
2022-04-01 13:16:19,537.29
2022-04-01 13:16:24,537.48
2022-04-01 13:16:29,537.51
2022-04-01 13:16:34,537.64
2022-04-01 13:16:39,537.71
2022-04-01 13:16:44,537.87
2022-04-01 13:16:49,537.94
2022-04-01 13:16:54,538.01
2022-04-01 13:16:59,538.1
2022-04-01 13:17:04,538.23
2022-04-01 13:17:09,538.3
2022-04-01 13:17:14,538.4
2022-04-01 13:17:19,538.46
2022-04-01 13:17:24,538.56
2022-04-01 13:17:29,538.69
2022-04-01 13:17:34,538.82
2022-04-01 13:17:39,538.92
2022-04-01 13:17:44,538.98
2022-04-01 13:17:49,539.08
2022-04-01 13:17:54,539.21
2022-04-01 13:17:59,539.34
2022-04-01 13:18:04,539.5
2022-04-01 13:18:09,539.56
2022-04-01 13:18:14,539.66
2022-04-01 13:18:19,539.79
2022-04-01 13:18:24,539.89
2022-04-01 13:18:29,539.95
2022-04-01 13:18:34,540.11
2022-04-01 13:18:39,540.24
2022-04-01 13:18:44,540.31
2022-04-01 13:18:49,540.47
2022-04-01 13:18:54,540.53
2022-04-01 13:18:59,540.63
2022-04-01 13:19:04,540.76
2022-04-01 13:19:09,540.83
2022-04-01 13:19:14,540.89
2022-04-01 13:19:19,540.98
2022-04-01 13:19:24,541.11
2022-04-01 13:19:29,541.12
2022-04-01 13:19:34,541.15
2022-04-01 13:19:39,541.27
2022-04-01 13:19:44,541.34
2022-04-01 13:19:49,541.4
2022-04-01 13:19:54,541.5
2022-04-01 13:19:59,541.56
2022-04-01 13:20:04,541.62
2022-04-01 13:20:09,541.66
2022-04-01 13:20:14,541.72
2022-04-01 13:20:19,541.85
2022-04-01 13:20:24,541.85
2022-04-01 13:20:29,541.92
2022-04-01 13:20:34,541.94
2022-04-01 13:20:39,542.01
2022-04-01 13:20:44,542.07
2022-04-01 13:20:49,542.13
2022-04-01 13:20:54,542.13
2022-04-01 13:20:59,542.16
2022-04-01 13:21:04,542.22
2022-04-01 13:21:09,542.28
2022-04-01 13:21:14,542.28
2022-04-01 13:21:19,542.35
2022-04-01 13:21:24,542.42
2022-04-01 13:21:29,542.45
2022-04-01 13:21:34,542.45
2022-04-01 13:21:39,542.45
2022-04-01 13:21:44,542.5
2022-04-01 13:21:49,542.5
2022-04-01 13:21:54,542.57
2022-04-01 13:21:59,542.57
2022-04-01 13:22:04,542.57
2022-04-01 13:22:09,542.56
2022-04-01 13:22:14,542.62
2022-04-01 13:22:19,542.62
2022-04-01 13:22:24,542.62
2022-04-01 13:22:29,542.65
2022-04-01 13:22:34,542.62
2022-04-01 13:22:39,542.62
2022-04-01 13:22:44,542.65
2022-04-01 13:22:49,542.65
2022-04-01 13:22:54,542.65
2022-04-01 13:22:59,542.65
2022-04-01 13:23:04,542.66
2022-04-01 13:23:09,542.65
2022-04-01 13:23:14,537.71
2022-04-01 13:23:19,542.62
2022-04-01 13:23:24,542.62
2022-04-01 13:23:29,542.62
2022-04-01 13:23:34,542.55
2022-04-01 13:23:39,542.49
2022-04-01 13:23:44,542.49
2022-04-01 13:23:49,542.42
2022-04-01 13:23:54,542.42
2022-04-01 13:23:59,542.39
2022-04-01 13:24:04,542.26
2022-04-01 13:24:09,542.26
2022-04-01 13:24:14,542.26
2022-04-01 13:24:19,542.19
2022-04-01 13:24:24,542.1
2022-04-01 13:24:29,537.71
2022-04-01 13:24:34,542.03
2022-04-01 13:24:39,541.97
2022-04-01 13:24:44,541.9
2022-04-01 13:24:49,541.87
2022-04-01 13:24:54,541.81
2022-04-01 13:24:59,541.74
2022-04-01 13:25:04,541.68
2022-04-01 13:25:09,541.52
2022-04-01 13:25:14,541.52
2022-04-01 13:25:19,541.45
2022-04-01 13:25:24,541.46
2022-04-01 13:25:29,541.39
2022-04-01 13:25:34,541.36
2022-04-01 13:25:39,541.23
2022-04-01 13:25:44,541.1
2022-04-01 13:25:49,541.1
2022-04-01 13:25:54,541.07
2022-04-01 13:25:59,541.0
2022-04-01 13:26:04,540.87
2022-04-01 13:26:09,540.84
2022-04-01 13:26:14,540.78
2022-04-01 13:26:19,540.71
2022-04-01 13:26:24,540.71
2022-04-01 13:26:29,540.58
2022-04-01 13:26:34,540.55
2022-04-01 13:26:39,540.42
2022-04-01 13:26:44,540.42
2022-04-01 13:26:49,540.36
2022-04-01 13:26:54,540.33
2022-04-01 13:26:59,540.26
2022-04-01 13:27:04,540.2
2022-04-01 13:27:09,540.07
2022-04-01 13:27:14,540.04
2022-04-01 13:27:19,540.04
2022-04-01 13:27:24,539.98
2022-04-01 13:27:29,539.91
2022-04-01 13:27:34,539.85
2022-04-01 13:27:39,539.81
2022-04-01 13:27:44,539.69
2022-04-01 13:27:49,539.69
2022-04-01 13:27:54,539.69
2022-04-01 13:27:59,539.63
2022-04-01 13:28:04,539.56
2022-04-01 13:28:09,539.53
2022-04-01 13:28:14,539.47
2022-04-01 13:28:19,539.4
2022-04-01 13:28:24,539.4
2022-04-01 13:28:29,539.34
2022-04-01 13:28:34,539.24
2022-04-01 13:28:39,539.18
2022-04-01 13:28:44,539.11
2022-04-01 13:28:49,539.05
2022-04-01 13:28:54,539.05
2022-04-01 13:28:59,539.02
2022-04-01 13:29:04,538.96
2022-04-01 13:29:09,538.9
2022-04-01 13:29:14,538.83
2022-04-01 13:29:19,538.8
2022-04-01 13:29:24,538.74
2022-04-01 13:29:29,538.67
2022-04-01 13:29:34,538.61
2022-04-01 13:29:39,538.55
2022-04-01 13:29:44,538.55
2022-04-01 13:29:49,538.52
2022-04-01 13:29:54,538.52
2022-04-01 13:29:59,538.46
2022-04-01 13:30:04,538.39
2022-04-01 13:30:09,538.33
2022-04-01 13:30:14,538.33
2022-04-01 13:30:19,538.3
2022-04-01 13:30:24,538.24
2022-04-01 13:30:29,538.24
2022-04-01 13:30:34,538.24
2022-04-01 13:30:39,538.24
2022-04-01 13:30:44,538.18
2022-04-01 13:30:49,538.18
2022-04-01 13:30:54,538.11
2022-04-01 13:30:59,538.05
2022-04-01 13:31:04,538.05
2022-04-01 13:31:09,538.05
2022-04-01 13:31:14,538.05
2022-04-01 13:31:19,538.05
2022-04-01 13:31:24,538.02
2022-04-01 13:31:29,538.05
2022-04-01 13:31:34,538.02
2022-04-01 13:31:39,537.96
2022-04-01 13:31:44,538.02
2022-04-01 13:31:49,538.02
2022-04-01 13:31:54,538.02
2022-04-01 13:31:59,538.02
2022-04-01 13:32:04,538.02
2022-04-01 13:32:09,537.96
2022-04-01 13:32:14,537.95
2022-04-01 13:32:19,537.96
2022-04-01 13:32:24,537.96
2022-04-01 13:32:29,537.96
2022-04-01 13:32:34,537.96
2022-04-01 13:32:39,537.95
2022-04-01 13:32:44,537.95
2022-04-01 13:32:49,537.95
2022-04-01 13:32:54,537.96
2022-04-01 13:32:59,537.96
2022-04-01 13:33:04,537.89
2022-04-01 13:33:09,537.96
2022-04-01 13:33:14,537.89
2022-04-01 13:33:19,537.89
2022-04-01 13:33:24,537.89
2022-04-01 13:33:29,537.83
2022-04-01 13:33:34,537.8
2022-04-01 13:33:39,537.79
2022-04-01 13:33:44,537.73
2022-04-01 13:33:49,537.72
2022-04-01 13:33:54,537.72
2022-04-01 13:33:59,537.66
2022-04-01 13:34:04,537.72
2022-04-01 13:34:09,537.65
2022-04-01 13:34:14,537.58
2022-04-01 13:34:19,537.58
2022-04-01 13:34:24,537.58
2022-04-01 13:34:29,537.51
2022-04-01 13:34:34,537.48
2022-04-01 13:34:39,537.5
2022-04-01 13:34:44,537.47
2022-04-01 13:34:49,537.47
2022-04-01 13:34:54,537.47
2022-04-01 13:34:59,537.41
2022-04-01 13:35:04,537.35
2022-04-01 13:35:09,537.35
2022-04-01 13:35:14,537.34
2022-04-01 13:35:19,537.28
2022-04-01 13:35:24,537.29
2022-04-01 13:35:29,537.25
2022-04-01 13:35:34,537.24
2022-04-01 13:35:39,537.25
2022-04-01 13:35:44,537.25
2022-04-01 13:35:49,537.25
2022-04-01 13:35:54,537.24
2022-04-01 13:35:59,537.18
2022-04-01 13:36:04,537.18
2022-04-01 13:36:09,537.18
2022-04-01 13:36:14,537.12
2022-04-01 13:36:19,537.11
2022-04-01 13:36:24,537.1
2022-04-01 13:36:29,537.11
2022-04-01 13:36:34,537.11
2022-04-01 13:36:39,537.11
2022-04-01 13:36:44,537.04
2022-04-01 13:36:49,536.97
2022-04-01 13:36:54,536.97
2022-04-01 13:36:59,537.04
2022-04-01 13:37:04,536.98
2022-04-01 13:37:09,536.98
2022-04-01 13:37:14,536.97
2022-04-01 13:37:19,536.97
2022-04-01 13:37:24,536.94
2022-04-01 13:37:29,536.94
2022-04-01 13:37:34,536.94
2022-04-01 13:37:39,536.88
2022-04-01 13:37:44,536.87
2022-04-01 13:37:49,536.87
2022-04-01 13:37:54,536.87
2022-04-01 13:37:59,536.81
2022-04-01 13:38:04,536.81
2022-04-01 13:38:09,536.81
2022-04-01 13:38:14,536.81
2022-04-01 13:38:19,536.75
2022-04-01 13:38:24,536.74
2022-04-01 13:38:29,536.71
2022-04-01 13:38:34,536.71
2022-04-01 13:38:39,536.71
2022-04-01 13:38:44,536.71
2022-04-01 13:38:49,536.65
2022-04-01 13:38:54,536.65
2022-04-01 13:38:59,536.65
2022-04-01 13:39:04,536.65
2022-04-01 13:39:09,536.65
2022-04-01 13:39:14,536.58
2022-04-01 13:39:19,536.58
2022-04-01 13:39:24,536.52
2022-04-01 13:39:29,536.52
2022-04-01 13:39:34,536.52
2022-04-01 13:39:39,536.45
2022-04-01 13:39:44,536.45
2022-04-01 13:39:49,536.42
2022-04-01 13:39:54,536.36
2022-04-01 13:39:59,536.42
2022-04-01 13:40:04,536.42
2022-04-01 13:40:09,536.29
2022-04-01 13:40:14,536.3
2022-04-01 13:40:19,536.3
2022-04-01 13:40:24,536.2
2022-04-01 13:40:29,536.2
2022-04-01 13:40:34,536.2
2022-04-01 13:40:39,536.14
2022-04-01 13:40:44,536.07
2022-04-01 13:40:49,536.07
2022-04-01 13:40:54,536.01
2022-04-01 13:40:59,535.94
2022-04-01 13:41:04,535.94
2022-04-01 13:41:09,535.91
2022-04-01 13:41:14,535.91
2022-04-01 13:41:19,535.85
2022-04-01 13:41:24,535.85
2022-04-01 13:41:29,535.85
2022-04-01 13:41:34,535.79
2022-04-01 13:41:39,535.79
2022-04-01 13:41:44,535.72
2022-04-01 13:41:49,535.73
2022-04-01 13:41:54,535.69
2022-04-01 13:41:59,535.69
2022-04-01 13:42:04,535.63
2022-04-01 13:42:09,535.63
2022-04-01 13:42:14,535.63
2022-04-01 13:42:19,535.57
2022-04-01 13:42:24,535.57
2022-04-01 13:42:29,535.57
2022-04-01 13:42:34,535.5
2022-04-01 13:42:39,535.5
2022-04-01 13:42:44,535.51
2022-04-01 13:42:49,535.51
2022-04-01 13:42:54,535.44
2022-04-01 13:42:59,535.45
2022-04-01 13:43:04,535.45
2022-04-01 13:43:09,535.41
2022-04-01 13:43:14,535.45
2022-04-01 13:43:19,535.42
2022-04-01 13:43:24,535.42
2022-04-01 13:43:29,535.45
2022-04-01 13:43:34,535.45
2022-04-01 13:43:39,535.46
2022-04-01 13:43:44,535.46
2022-04-01 13:43:49,535.46
2022-04-01 13:43:54,535.46
2022-04-01 13:43:59,535.46
2022-04-01 13:44:04,535.46
2022-04-01 13:44:09,535.46
2022-04-01 13:44:14,535.53
2022-04-01 13:44:19,535.46
2022-04-01 13:44:24,535.53
2022-04-01 13:44:29,535.53
2022-04-01 13:44:34,535.53
2022-04-01 13:44:39,535.53
2022-04-01 13:44:44,535.53
2022-04-01 13:44:49,535.59
2022-04-01 13:44:54,535.59
2022-04-01 13:44:59,535.6
2022-04-01 13:45:04,535.66
2022-04-01 13:45:09,535.66
2022-04-01 13:45:14,535.66
2022-04-01 13:45:19,535.66
2022-04-01 13:45:24,535.73
2022-04-01 13:45:29,535.73
2022-04-01 13:45:34,535.76
2022-04-01 13:45:39,535.82
2022-04-01 13:45:44,535.89
2022-04-01 13:45:49,535.89
2022-04-01 13:45:54,535.95
2022-04-01 13:45:59,535.95
2022-04-01 13:46:04,535.95
2022-04-01 13:46:09,535.98
2022-04-01 13:46:14,536.04
2022-04-01 13:46:19,536.04
2022-04-01 13:46:24,536.1
2022-04-01 13:46:29,536.1
2022-04-01 13:46:34,536.17
2022-04-01 13:46:39,536.23
2022-04-01 13:46:44,536.27
2022-04-01 13:46:49,536.27
2022-04-01 13:46:54,536.4
2022-04-01 13:46:59,536.39
2022-04-01 13:47:04,536.45
2022-04-01 13:47:09,536.49
2022-04-01 13:47:14,536.55
2022-04-01 13:47:19,536.55
2022-04-01 13:47:24,536.61
2022-04-01 13:47:29,536.68
2022-04-01 13:47:34,536.74
2022-04-01 13:47:39,536.77
2022-04-01 13:47:44,536.77
2022-04-01 13:47:49,536.84
2022-04-01 13:47:54,536.91
2022-04-01 13:47:59,536.97
2022-04-01 13:48:04,536.99
2022-04-01 13:48:09,537.0
2022-04-01 13:48:14,537.06
2022-04-01 13:48:19,537.12
2022-04-01 13:48:24,537.19
2022-04-01 13:48:29,537.25
2022-04-01 13:48:34,537.28
2022-04-01 13:48:39,537.28
2022-04-01 13:48:44,537.35
2022-04-01 13:48:49,537.41
2022-04-01 13:48:54,537.41
2022-04-01 13:48:59,537.41
2022-04-01 13:49:04,537.48
2022-04-01 13:49:09,537.57
2022-04-01 13:49:14,537.57
2022-04-01 13:49:19,537.57
2022-04-01 13:49:24,537.63
2022-04-01 13:49:29,537.69
2022-04-01 13:49:34,537.76
2022-04-01 13:49:39,537.76
2022-04-01 13:49:44,537.76
2022-04-01 13:49:49,537.79
2022-04-01 13:49:54,537.79
2022-04-01 13:49:59,537.85
2022-04-01 13:50:04,537.85
2022-04-01 13:50:09,537.85
2022-04-01 13:50:14,537.91
2022-04-01 13:50:19,537.91
2022-04-01 13:50:24,537.91
2022-04-01 13:50:29,537.91
2022-04-01 13:50:34,537.84
2022-04-01 13:50:39,537.84
2022-04-01 13:50:44,537.91
2022-04-01 13:50:49,537.84
2022-04-01 13:50:54,537.78
2022-04-01 13:50:59,537.78
2022-04-01 13:51:04,537.78
2022-04-01 13:51:09,537.74
2022-04-01 13:51:14,537.74
2022-04-01 13:51:19,537.74
2022-04-01 13:51:24,537.68
2022-04-01 13:51:29,537.68
2022-04-01 13:51:34,537.61
2022-04-01 13:51:39,537.62
2022-04-01 13:51:44,537.61
2022-04-01 13:51:49,537.55
2022-04-01 13:51:54,537.55
2022-04-01 13:51:59,537.48
2022-04-01 13:52:04,537.48
2022-04-01 13:52:09,537.45
2022-04-01 13:52:14,537.39
2022-04-01 13:52:19,537.39
2022-04-01 13:52:24,537.32
2022-04-01 13:52:29,537.26
2022-04-01 13:52:34,537.23
2022-04-01 13:52:39,537.16
2022-04-01 13:52:44,537.09
2022-04-01 13:52:49,537.03
2022-04-01 13:52:54,536.97
2022-04-01 13:52:59,536.93
2022-04-01 13:53:04,536.81
2022-04-01 13:53:09,536.8
2022-04-01 13:53:14,536.7
2022-04-01 13:53:19,536.64
2022-04-01 13:53:24,536.58
2022-04-01 13:53:29,536.45
2022-04-01 13:53:34,536.42
2022-04-01 13:53:39,536.36
2022-04-01 13:53:44,536.23
2022-04-01 13:53:49,536.2
2022-04-01 13:53:54,536.07
2022-04-01 13:53:59,535.94
2022-04-01 13:54:04,535.9
2022-04-01 13:54:09,535.84
2022-04-01 13:54:14,535.71
2022-04-01 13:54:19,535.62
2022-04-01 13:54:24,535.55
2022-04-01 13:54:29,535.49
2022-04-01 13:54:34,535.42
2022-04-01 13:54:39,535.33
2022-04-01 13:54:44,535.27
2022-04-01 13:54:49,535.2
2022-04-01 13:54:54,535.1
2022-04-01 13:54:59,535.04
2022-04-01 13:55:04,534.98
2022-04-01 13:55:09,534.88
2022-04-01 13:55:14,534.81
2022-04-01 13:55:19,534.75
2022-04-01 13:55:24,534.69
2022-04-01 13:55:29,534.59
2022-04-01 13:55:34,534.59
2022-04-01 13:55:39,534.46
2022-04-01 13:55:44,534.4
2022-04-01 13:55:49,534.37
2022-04-01 13:55:54,534.31
2022-04-01 13:55:59,534.24
2022-04-01 13:56:04,534.18
2022-04-01 13:56:09,534.15
2022-04-01 13:56:14,534.02
2022-04-01 13:56:19,533.96
2022-04-01 13:56:24,533.89
2022-04-01 13:56:29,533.86
2022-04-01 13:56:34,533.8
2022-04-01 13:56:39,533.74
2022-04-01 13:56:44,533.74
2022-04-01 13:56:49,533.67
2022-04-01 13:56:54,533.64
2022-04-01 13:56:59,533.64
2022-04-01 13:57:04,533.51
2022-04-01 13:57:09,533.51
2022-04-01 13:57:14,533.45
2022-04-01 13:57:19,533.39
2022-04-01 13:57:24,533.36
2022-04-01 13:57:29,533.29
2022-04-01 13:57:34,533.23
2022-04-01 13:57:39,533.17
2022-04-01 13:57:44,533.14
2022-04-01 13:57:49,533.14
2022-04-01 13:57:54,533.08
2022-04-01 13:57:59,532.95
2022-04-01 13:58:04,532.95
2022-04-01 13:58:09,532.88
2022-04-01 13:58:14,532.89
2022-04-01 13:58:19,532.86
2022-04-01 13:58:24,532.79
2022-04-01 13:58:29,532.79
2022-04-01 13:58:34,532.73
2022-04-01 13:58:39,532.66
2022-04-01 13:58:44,532.66
2022-04-01 13:58:49,532.63
2022-04-01 13:58:54,532.57
2022-04-01 13:58:59,532.57
2022-04-01 13:59:04,532.57
2022-04-01 13:59:09,532.57
2022-04-01 13:59:14,532.5
2022-04-01 13:59:19,532.5
2022-04-01 13:59:24,532.43
2022-04-01 13:59:29,532.44
2022-04-01 13:59:34,532.37
2022-04-01 13:59:39,532.37
2022-04-01 13:59:44,532.37
2022-04-01 13:59:49,532.37
2022-04-01 13:59:54,532.37
2022-04-01 13:59:59,532.33
2022-04-01 14:00:04,532.36
2022-04-01 14:00:09,532.33
2022-04-01 14:00:14,532.34
2022-04-01 14:00:19,532.34
2022-04-01 14:00:24,532.27
2022-04-01 14:00:29,532.27
2022-04-01 14:00:34,532.33
2022-04-01 14:00:39,532.27
2022-04-01 14:00:44,532.27
2022-04-01 14:00:49,532.27
2022-04-01 14:00:54,532.2
2022-04-01 14:00:59,532.14
2022-04-01 14:01:04,532.14
2022-04-01 14:01:09,532.1
2022-04-01 14:01:14,532.03
2022-04-01 14:01:19,532.03
2022-04-01 14:01:24,532.1
2022-04-01 14:01:29,532.03
2022-04-01 14:01:34,531.97
2022-04-01 14:01:39,531.91
2022-04-01 14:01:44,531.9
2022-04-01 14:01:49,531.84
2022-04-01 14:01:54,531.84
2022-04-01 14:01:59,531.81
2022-04-01 14:02:04,531.74
2022-04-01 14:02:09,531.68
2022-04-01 14:02:14,531.61
2022-04-01 14:02:19,531.58
2022-04-01 14:02:24,531.52
2022-04-01 14:02:29,531.45
2022-04-01 14:02:34,531.38
2022-04-01 14:02:39,531.38
2022-04-01 14:02:44,531.32
2022-04-01 14:02:49,531.28
2022-04-01 14:02:54,531.22
2022-04-01 14:02:59,531.15
2022-04-01 14:03:04,531.09
2022-04-01 14:03:09,531.06
2022-04-01 14:03:14,530.99
2022-04-01 14:03:19,530.93
2022-04-01 14:03:24,530.86
2022-04-01 14:03:29,530.76
2022-04-01 14:03:34,530.7
2022-04-01 14:03:39,530.63
2022-04-01 14:03:44,530.63
2022-04-01 14:03:49,530.56
2022-04-01 14:03:54,530.47
2022-04-01 14:03:59,530.46
2022-04-01 14:04:04,530.4
2022-04-01 14:04:09,530.34
2022-04-01 14:04:14,530.27
2022-04-01 14:04:19,530.27
2022-04-01 14:04:24,530.24
2022-04-01 14:04:29,530.17
2022-04-01 14:04:34,530.17
2022-04-01 14:04:39,530.11
2022-04-01 14:04:44,530.11
2022-04-01 14:04:49,530.11
2022-04-01 14:04:54,530.04
2022-04-01 14:04:59,530.04
2022-04-01 14:05:04,530.04
2022-04-01 14:05:09,530.04
2022-04-01 14:05:14,530.01
2022-04-01 14:05:19,530.01
2022-04-01 14:05:24,530.01
2022-04-01 14:05:29,530.01
2022-04-01 14:05:34,530.01
2022-04-01 14:05:39,530.01
2022-04-01 14:05:44,530.01
2022-04-01 14:05:49,530.01
2022-04-01 14:05:54,530.01
2022-04-01 14:05:59,530.0
2022-04-01 14:06:04,530.0
2022-04-01 14:06:09,530.0
2022-04-01 14:06:14,530.0
2022-04-01 14:06:19,530.04
2022-04-01 14:06:24,530.04
2022-04-01 14:06:29,530.1
2022-04-01 14:06:34,530.04
2022-04-01 14:06:39,530.04
2022-04-01 14:06:44,530.1
2022-04-01 14:06:49,530.1
2022-04-01 14:06:54,530.1
2022-04-01 14:06:59,530.17
2022-04-01 14:07:04,530.23
2022-04-01 14:07:09,530.23
2022-04-01 14:07:14,530.17
2022-04-01 14:07:19,530.24
2022-04-01 14:07:24,537.71
2022-04-01 14:07:29,530.24
2022-04-01 14:07:34,530.27
2022-04-01 14:07:39,530.27
2022-04-01 14:07:44,530.27
2022-04-01 14:07:49,530.34
2022-04-01 14:07:54,530.33
2022-04-01 14:07:59,530.33
2022-04-01 14:08:04,530.34
2022-04-01 14:08:09,530.4
2022-04-01 14:08:14,530.4
2022-04-01 14:08:19,530.46
2022-04-01 14:08:24,530.46
2022-04-01 14:08:29,530.47
2022-04-01 14:08:34,530.53
2022-04-01 14:08:39,530.53
2022-04-01 14:08:44,530.56
2022-04-01 14:08:49,530.53
2022-04-01 14:08:54,530.57
2022-04-01 14:08:59,530.57
2022-04-01 14:09:04,530.57
2022-04-01 14:09:09,530.63
2022-04-01 14:09:14,530.63
2022-04-01 14:09:19,530.7
2022-04-01 14:09:24,530.7
2022-04-01 14:09:29,530.7
2022-04-01 14:09:34,530.7
2022-04-01 14:09:39,530.77
2022-04-01 14:09:44,530.7
2022-04-01 14:09:49,530.77
2022-04-01 14:09:54,530.71
2022-04-01 14:09:59,530.77
2022-04-01 14:10:04,530.71
2022-04-01 14:10:09,530.77
2022-04-01 14:10:14,530.78
2022-04-01 14:10:19,530.71
2022-04-01 14:10:24,530.71
2022-04-01 14:10:29,530.71
2022-04-01 14:10:34,530.72
2022-04-01 14:10:39,530.72
2022-04-01 14:10:44,530.72
2022-04-01 14:10:49,530.72
2022-04-01 14:10:54,530.72
2022-04-01 14:10:59,530.72
2022-04-01 14:11:04,530.66
2022-04-01 14:11:09,530.66
2022-04-01 14:11:14,530.72
2022-04-01 14:11:19,530.66
2022-04-01 14:11:24,530.66
2022-04-01 14:11:29,530.67
2022-04-01 14:11:34,530.67
2022-04-01 14:11:39,530.67
2022-04-01 14:11:44,530.67
2022-04-01 14:11:49,530.6
2022-04-01 14:11:54,530.6
2022-04-01 14:11:59,530.6
2022-04-01 14:12:04,530.61
2022-04-01 14:12:09,530.61
2022-04-01 14:12:14,530.61
2022-04-01 14:12:19,530.61
2022-04-01 14:12:24,530.61
2022-04-01 14:12:29,530.67
2022-04-01 14:12:34,530.67
2022-04-01 14:12:39,530.67
2022-04-01 14:12:44,530.74
2022-04-01 14:12:49,530.67
2022-04-01 14:12:54,530.74
2022-04-01 14:12:59,530.74
2022-04-01 14:13:04,530.74
2022-04-01 14:13:09,530.8
2022-04-01 14:13:14,530.8
2022-04-01 14:13:19,530.8
2022-04-01 14:13:24,530.84
2022-04-01 14:13:29,530.9
2022-04-01 14:13:34,530.9
2022-04-01 14:13:39,531.03
2022-04-01 14:13:44,531.03
2022-04-01 14:13:49,531.09
2022-04-01 14:13:54,531.09
2022-04-01 14:13:59,531.13
2022-04-01 14:14:04,531.18
2022-04-01 14:14:09,531.18
2022-04-01 14:14:14,531.31
2022-04-01 14:14:19,531.33
2022-04-01 14:14:24,531.33
2022-04-01 14:14:29,531.45
2022-04-01 14:14:34,531.52
2022-04-01 14:14:39,531.59
2022-04-01 14:14:44,531.69
2022-04-01 14:14:49,531.75
2022-04-01 14:14:54,531.81
2022-04-01 14:14:59,531.82
2022-04-01 14:15:04,531.91
2022-04-01 14:15:09,531.98
2022-04-01 14:15:14,532.1
2022-04-01 14:15:19,532.14
2022-04-01 14:15:24,532.26
2022-04-01 14:15:29,532.33
2022-04-01 14:15:34,532.36
2022-04-01 14:15:39,532.49
2022-04-01 14:15:44,532.55
2022-04-01 14:15:49,532.62
2022-04-01 14:15:54,532.65
2022-04-01 14:15:59,532.77
2022-04-01 14:16:04,532.84
2022-04-01 14:16:09,532.93
2022-04-01 14:16:14,533.0
2022-04-01 14:16:19,533.12
2022-04-01 14:16:24,533.16
2022-04-01 14:16:29,533.28
2022-04-01 14:16:34,533.35
2022-04-01 14:16:39,533.44
2022-04-01 14:16:44,537.71
2022-04-01 14:16:49,533.63
2022-04-01 14:16:54,533.72
2022-04-01 14:16:59,533.79
2022-04-01 14:17:04,533.89
2022-04-01 14:17:09,533.89
2022-04-01 14:17:14,534.08
2022-04-01 14:17:19,534.17
2022-04-01 14:17:24,534.24
2022-04-01 14:17:29,534.37
2022-04-01 14:17:34,534.46
2022-04-01 14:17:39,534.52
2022-04-01 14:17:44,534.65
2022-04-01 14:17:49,534.75
2022-04-01 14:17:54,534.81
2022-04-01 14:17:59,534.91
2022-04-01 14:18:04,535.04
2022-04-01 14:18:09,535.16
2022-04-01 14:18:14,535.19
2022-04-01 14:18:19,535.26
2022-04-01 14:18:24,535.38
2022-04-01 14:18:29,535.48
2022-04-01 14:18:34,535.61
2022-04-01 14:18:39,535.7
2022-04-01 14:18:44,535.77
2022-04-01 14:18:49,535.9
2022-04-01 14:18:54,535.99
2022-04-01 14:18:59,536.06
2022-04-01 14:19:04,536.22
2022-04-01 14:19:09,536.28
2022-04-01 14:19:14,536.41
2022-04-01 14:19:19,536.44
2022-04-01 14:19:24,536.57
2022-04-01 14:19:29,536.7
2022-04-01 14:19:34,536.73
2022-04-01 14:19:39,536.86
2022-04-01 14:19:44,536.92
2022-04-01 14:19:49,537.02
2022-04-01 14:19:54,537.02
2022-04-01 14:19:59,537.15
2022-04-01 14:20:04,537.25
2022-04-01 14:20:09,537.31
2022-04-01 14:20:14,537.38
2022-04-01 14:20:19,537.47
2022-04-01 14:20:24,537.54
2022-04-01 14:20:29,537.6
2022-04-01 14:20:34,537.67
2022-04-01 14:20:39,537.73
2022-04-01 14:20:44,537.73
2022-04-01 14:20:49,537.73
2022-04-01 14:20:54,537.76
2022-04-01 14:20:59,537.83
2022-04-01 14:21:04,537.83
2022-04-01 14:21:09,537.83
2022-04-01 14:21:14,537.84
2022-04-01 14:21:19,537.83
2022-04-01 14:21:24,537.84
2022-04-01 14:21:29,537.77
2022-04-01 14:21:34,537.77
2022-04-01 14:21:39,537.77
2022-04-01 14:21:44,537.77
2022-04-01 14:21:49,537.68
2022-04-01 14:21:54,537.74
2022-04-01 14:21:59,537.68
2022-04-01 14:22:04,537.68
2022-04-01 14:22:09,537.61
2022-04-01 14:22:14,537.62
2022-04-01 14:22:19,537.49
2022-04-01 14:22:24,537.46
2022-04-01 14:22:29,537.45
2022-04-01 14:22:34,537.39
2022-04-01 14:22:39,537.33
2022-04-01 14:22:44,537.26
2022-04-01 14:22:49,537.27
2022-04-01 14:22:54,537.24
2022-04-01 14:22:59,537.17
2022-04-01 14:23:04,537.17
2022-04-01 14:23:09,537.11
2022-04-01 14:23:14,537.04
2022-04-01 14:23:19,537.04
2022-04-01 14:23:24,536.98
2022-04-01 14:23:29,537.05
2022-04-01 14:23:34,536.95
2022-04-01 14:23:39,536.96
2022-04-01 14:23:44,536.89
2022-04-01 14:23:49,536.89
2022-04-01 14:23:54,536.82
2022-04-01 14:23:59,536.83
2022-04-01 14:24:04,536.83
2022-04-01 14:24:09,536.89
2022-04-01 14:24:14,536.83
2022-04-01 14:24:19,536.76
2022-04-01 14:24:24,536.76
2022-04-01 14:24:29,536.76
2022-04-01 14:24:34,536.76
2022-04-01 14:24:39,536.73
2022-04-01 14:24:44,536.73
2022-04-01 14:24:49,536.73
2022-04-01 14:24:54,536.73
2022-04-01 14:24:59,536.73
2022-04-01 14:25:04,536.73
2022-04-01 14:25:09,536.77
2022-04-01 14:25:14,536.67
2022-04-01 14:25:19,536.66
2022-04-01 14:25:24,536.66
2022-04-01 14:25:29,536.66
2022-04-01 14:25:34,536.67
2022-04-01 14:25:39,536.67
2022-04-01 14:25:44,536.67
2022-04-01 14:25:49,536.66
2022-04-01 14:25:54,536.59
2022-04-01 14:25:59,536.59
2022-04-01 14:26:04,536.59
2022-04-01 14:26:09,536.52
2022-04-01 14:26:14,536.52
2022-04-01 14:26:19,536.46
2022-04-01 14:26:24,536.43
2022-04-01 14:26:29,536.43
2022-04-01 14:26:34,536.42
2022-04-01 14:26:39,536.42
2022-04-01 14:26:44,536.36
2022-04-01 14:26:49,536.36
2022-04-01 14:26:54,536.23
2022-04-01 14:26:59,536.3
2022-04-01 14:27:04,536.21
2022-04-01 14:27:09,536.24
2022-04-01 14:27:14,536.21
2022-04-01 14:27:19,536.2
2022-04-01 14:27:24,536.14
2022-04-01 14:27:29,536.08
2022-04-01 14:27:34,536.07
2022-04-01 14:27:39,536.01
2022-04-01 14:27:44,536.08
2022-04-01 14:27:49,536.01
2022-04-01 14:27:54,535.95
2022-04-01 14:27:59,536.01
